{
	"armor": 26,
	"health": 34000,
	"deathSound": "大型陆军-死亡"//单位死亡后音效
	"weapons": [
		{
			"name": "根除1",
			"reload": 28,
			"shake": 3,
			"shoot": {
				"shots": 5,
				"shotDelay": 5.5
			},
			"recoil": 5,
			"x": 21.5,
			"shootX": 0,
			"shootY": 11,
			"rotate": true,
			"rotateSpeed":1.5,
			"rotationLimit": 20,//摆动幅度
			"top": false,
			"inaccuracy": 1,
			"shootSound": "bang",
			"alternate": true,
			"ejectEffect": "casing4",
			"bullet": {
				"status": "blasted",
				"damage": 226,
				"pierceArmor": true,
				"pierce": true,
				"pierceCap": 10,
				"speed": 8,
				"lifetime": 43,
				"shootEffect": "shootBig",
				"smokeEffect": "shootBigSmoke",
				"width": 13,
				"height": 34,
				"hitSound": "explosion",
				"hitEffect": "flakExplosion",
				"fragBullets": 4,
				"fragRandomSpread": 30,
				"fragBullet": {
					"damage": 23,
					"width": 10,
					"height": 10,
					"pierce": true,
					"pierceBuilding": true,
					"pierceCap": 3,
					"speed": 16,
					"lifetime": 10,
					"hitSound": "explosion",
					"hitEffect": "flakExplosion",
					"splashDamage": 19,
					"splashDamageRadius": 16
				}
			}
		},
{
    "name": "AA机炮"
    "rotateSpeed": 3.5
    "shootCone": 24
    "mirror": false
    "rotate": true
    "shootY": 4.5
    "recoils": 2
    "recoil": 1
    "shake": 2
    "x":0
    "y":0

    "cooldownTime": 90
    "reload": 8

    "shootSound": "AA机炮-射击"
    "ejectEffect": "casing3"
"shoot": { 
    "type": "ShootMulti"
"source": {
    "type": "ShootAlternate"
    "spread": 7.5
    "barrels": 2
    "shots": 1
}
"dest": [ 
{
    "type": "ShootSpread"
    "spread": 7.5
    "shots": 1
    }
]
    }

"parts": [
{
    "type": "RegionPart"
    "suffix": "-右部分枪管"
    "progress": "recoil"
    "recoilIndex": 1
    "outline": false
    "mirror": false
    "moveY": -2.5
    "under": true

"heatProgress": {
    "type": "recoil"
    "recoilIndex": 1
    "op": "blend"
    "amount": 0
    "other": 0
}
    }

{
    "type": "RegionPart"
    "suffix": "-左部分枪管"
    "progress": "recoil"
    "recoilIndex": 0
    "outline": false
    "mirror": false
    "moveY": -2.5
    "under": true

"heatProgress": {
    "type": "recoil"
    "recoilIndex": 1
    "op": "blend"
    "amount": 0
    "other": 0
    }
}
    ]

"bullet": {
    "type": "BasicBulletType"
    "keepVelocity": false
    "absorbable": false
    "despawnShake": 2
    "hitShake": 2
    "height": 14
    "width": 8

    "buildingDamageMultiplier": 2

    "splashDamageRadius": 12
    "splashDamage": 60
    "pierceCap": 18
    "lifetime": 32
    "damage": 57.5
    "speed": 12

    "smokeEffect": "shootSmallSmoke"
    "hitEffect": "hitBulletColor"
    "shootEffect": "shootBig"
    "hitSound": "AA机炮-打击"

    "lightColor": "feb380"
    "lightOpacity": 0.7
    "lightRadius": 37.5

    "trailColor": "ea8878"
    "trailLength": 7.5
    "trailWidth": 1.6

    "frontColor": "feb380"
    "backColor": "ea8878"

"despawnEffect": {
    "type": "WaveEffect"
    "rotWithParent": true
    "followParent": true
    "lifetime": 9

    "sizeFrom": 0
    "sizeTo": 12

    "colorFrom": feb380"
    "colorTo": "ea8878"
    }
}
    },
    		{
			"name": "苍穹1",
			"chargeSound":"plasmadrop",
            "soundPitchMin":1,
            "soundPitchMax":1,
            "mirror":true,
            "x": 14,
			"y": 0,
			"reload": 120,
			"rotate": true,
		    "inaccuracy": 10,
			"top":true,
            "shootSound": "missile",
            "shoot":{
                "shots":12,
                "shotDelay":5,
                "firstShotDelay":36
            },
			"bullet": {
                "type": "MissileBulletType",
                "chargeEffect":[
                    {
                        "type": "WaveEffect",
                        "lifetime": 30,
                        "sizeFrom": 100,
                        "sizeTo": 8,
                        "strokeFrom": 6,
                        "strokeTo": 2,
                        "colorFrom": "f7bf8e",
                        "colorTo": "e04e4e"
                    },
                    {
                        "type": "WaveEffect",
                        "startDelay":24,
                        "lifetime": 18,
                        "sizeFrom": 8,
                        "sizeTo": 100,
                        "strokeFrom": 6,
                        "strokeTo": 2,
                        "colorFrom": "f7bf8e",
                        "colorTo": "e04e4e"
                    }
                ],
                
				"damage":48,
                "status": "blasted",
                "splashDamageRadius":48,
                "splashDamage":72,                
                "speed": 4.4,
				"lifetime": 78,
                "width": 8,
				"height": 8
			}
		}
	]
}