{
    "type": "legs",
    "name":"阎蛏"
    "description": "给敌人施加大量负面buff，靠近敌人时能使用两边的镰刀对其进行斩杀。\n[red][泽塔议会永恒级单位]",
    "speed": 0.5,
    "hitSize": 42,
    "health": 120600,
    "immunities": [
		"甲板损坏"
	],
    	"ammoType":{
	"type":"PowerAmmoType",
	"totalPower":220},
	"ammoCapacity": 1400,
    "legCount": 8, 
    "legMoveSpace": 0.5
    "legPairOffset": 0, 
    "legLength": 140, 
    "legExtension": -15, 
    "legBaseOffset": 0, 
    "landShake": 0.05, 
    "legLengthScl": 0.96, 
    "rippleScale": 2, 
    "legSpeed": 0.4,
        "armor":100
    "legSplashDamage": 400, 
    "legSplashRange": 120, 
    "hovering": false, 
    "allowLegStep": true,
    "visualElevation": 0.65, 
               "rotate": true,
	"rotateSpeed":0.5,
    "weapons": [
        {
            "name": "阎蛏2",
    "mirror":true,
    "top": true,
    "shake":4,
    "shootY":18,
    "x":15,"y":-15,
    "reload":170,
    //"chargeSound":"lasercharge",
    "shootSound":"laserbig",
    "shootCone":60,
    /*"continuous":true,
    "cooldownTime":120,*/
    "rotate": true
	"rotateSpeed":0.7,
    "bullet":{
 "speed": 3
	    "lifetime":120
		"width": 15,"height": 15
		"pierceBuilding": true,
		"pierceCap": 3
		"damage":128
		"shootEffect": "shootSmall",
		"splashDamageRadius":52
		"splashDamage": 268
        "backColor": "bf92f9",
				"frontColor": "bf92f9",
				"status": "脆裂",
			"statusDuration": 240
		"homingDelay":60
    "homingRange": 9999
    "homingPower": 0.01,
		      "parts":[
      {
		"type": "HaloPart",
		"rotateSpeed":0
		"sides": 3
		"shapes": 1
		"color": "A278E1FF",
		"colorTo":"A278E1FF",
		"layer":110,
		"tri": true,
		"radius": 12
		"radiusTo": 12
		"triLength": 18
		"triLengthTo":18
		
		"haloRadius": 0
		"haloRadiusTo": 0
		"haloRotation": 0
		"haloRotateSpeed": 0
		"x": 0,    "y": 0,
		}
		{
		"type": "HaloPart",
		"rotateSpeed":0
		"sides": 3
		"shapes": 1
		"color": "A278E1FF",
		"colorTo":"A278E1FF",
		"layer":110,
		"tri": true,
		"radius": 12
		"radiusTo": 12
		"triLength": 12
		"triLengthTo":12
		
		"haloRadius": 0
		"haloRadiusTo": 0
		"haloRotation": 180
		"haloRotateSpeed": 0
		"x": 0,    "y": 0,
		}
		
		{
		"type": "HaloPart",
		"rotateSpeed":0
		"sides": 3
		"shapes": 1
		"color": "bf92f9",
		"colorTo":"bf92f9",
		"layer":110,
		"tri": true,
		"radius": 8
		"radiusTo": 8
		"triLength": 14
		"triLengthTo":14
		
		"haloRadius": 0
		"haloRadiusTo": 0
		"haloRotation": 0
		"haloRotateSpeed": 0
		"x": 0,    "y": 0,
		}
		{
		"type": "HaloPart",
		"rotateSpeed":0
		"sides": 3
		"shapes": 1
		"color": "bf92f9",
		"colorTo":"bf92f9",
		"layer":110,
		"tri": true,
		"radius": 8
		"radiusTo": 8
		"triLength": 8
		"triLengthTo":8
		
		"haloRadius": 0
		"haloRadiusTo": 0
		"haloRotation": 180
		"haloRotateSpeed": 0
		"x": 0,    "y": 0,
		}
      ]
		"hitPowerEffect": {
					"type":"WrapEffect",
					"effect":"dynamicSpikes",
					"color":"bf92f9",
					"rotation":18
				},
				"hitEffect": {
					"type":"WrapEffect",
					"effect":"dynamicSpikes",
					"color":"bf92f9",
					"rotation":18
				},
				"shootEffect": {
					"type":"WrapEffect",
					"effect":"dynamicSpikes",
					"color":"bf92f9",
					"rotation":8
				},
		"despawnEffect":{
					"type":"WrapEffect",
					"effect":"dynamicSpikes",
					"color":"bf92f9",
					"rotation":18
				},
		"bulletInterval":15
	"intervalBullets":3
        "intervalBullet":{
        "speed": 1
	    "lifetime":90
		"width": 7,"height": 7
		"pierceBuilding": true,
		"pierceCap": 2
		"damage":88
		"shootEffect": "shootSmall",
		"splashDamageRadius":52
		"splashDamage": 68
        "ammoMultiplier":4,
        "backColor": "bf92f9",
				"frontColor": "bf92f9",
				"status": "凋零",
			"statusDuration": 120
		"homingDelay":30
    "homingRange": 9999
    "homingPower": 0.08
		      "parts":[
      {
		"type": "HaloPart",
		"rotateSpeed":0
		"sides": 3
		"shapes": 1
		"color": "A278E1FF",
		"colorTo":"A278E1FF",
		"layer":110,
		"tri": true,
		"radius": 6
		"radiusTo": 6
		"triLength": 9
		"triLengthTo":9
		
		"haloRadius": 0
		"haloRadiusTo": 0
		"haloRotation": 0
		"haloRotateSpeed": 0
		"x": 0,    "y": 0,
		}
		{
		"type": "HaloPart",
		"rotateSpeed":0
		"sides": 3
		"shapes": 1
		"color": "A278E1FF",
		"colorTo":"A278E1FF",
		"layer":110,
		"tri": true,
		"radius": 6
		"radiusTo": 6
		"triLength": 6
		"triLengthTo":6
		
		"haloRadius": 0
		"haloRadiusTo": 0
		"haloRotation": 180
		"haloRotateSpeed": 0
        }
        
        {
		"type": "HaloPart",
		"rotateSpeed":0
		"sides": 3
		"shapes": 1
		"color": "bf92f9",
		"colorTo":"bf92f9",
		"layer":110,
		"tri": true,
		"radius": 4
		"radiusTo": 4
		"triLength": 7
		"triLengthTo":7
		
		"haloRadius": 0
		"haloRadiusTo": 0
		"haloRotation": 0
		"haloRotateSpeed": 0
		"x": 0,    "y": 0,
		}
		{
		"type": "HaloPart",
		"rotateSpeed":0
		"sides": 3
		"shapes": 1
		"color": "bf92f9",
		"colorTo":"bf92f9",
		"layer":110,
		"tri": true,
		"radius": 4
		"radiusTo": 4
		"triLength": 4
		"triLengthTo":4
		
		"haloRadius": 0
		"haloRadiusTo": 0
		"haloRotation": 180
		"haloRotateSpeed": 0
		"x": 0,    "y": 0,
		}
        ]
        "fragBullets": 3
		"fragBullet": {
            "type": "ShrapnelBulletType",
            "length": 16
            "damage": 17
            "width": 6
            "fromColor": "bf92f9",
            "toColor": "bf92f9",
            "pierce": true,
            "status": "凋零",
			"statusDuration": 120
            "shootEffect": {
                "type": "ParticleEffect",
                "particles": 9,
                "sizeFrom": 9,
                "sizeTo": 0,
                "line": true,
                "length": 55,
                "baseLength": 0,
                "lifetime": 15,
                "colorFrom": "bf92f9",
                "colorTo": "bf92f9",
                "cone": 60
 }
 }
		}
        }
        }
        {
            "name": "阎蛏1",
            "reload": 120,
            "x": 0,
            "y": -20,
            "top": false,
            "ejectEffect": "casing1",
            "shootSound":"laser",
            "rotate":true
            "mirror":false
            "rotateSpeed":0.7,
            "shootY":10
            "shoot":{
			"shots":60,
			"shotDelay":1
		},
    "bullet":{
    "type": "SapBulletType",
    "shootEffect":"shootSmall",
    "lifetime":30,
    "sapStrength":20,
    "length":280,
    "width":2,
    "knockback":-8
    "statusDuration":120,
	"status":"凋零",
	"damage": 24,
    "color":"A278E1FF",
    "lightColor":"A278E1FF",
	"hitColor":"bf92f9",
	"despawnEffect":"none"
    }
        }
        {
            "name": "阎蛏3",
            "reload": 1200,
            "x": 0,
            "y": 0,
            "top": false,
            "mirror":false
            "rotate":true
            "ejectEffect": "casing1",
            "shootSound":"laser",
            "shootStatusDuration": 230,
	"shootStatus": "斩杀",
            "minWarmup": 0.6
                "shootWarmupSpeed": 0.005
                "linearWarmup": false,//开启线性计算
            "parts": [
    {
                "type":"RegionPart",
                "mirror":true,
                "x":0,"y":0,
                "suffix":"-边"
                "layer":60,
                "moveY": -1
                "moveX": 1
                "moveRot":15
                "heatProgress": "reload"
                "heatColor":"A278E1FF"
                "progress": {
                    "type": "reload"
                    "op": "compress"
                    "start": 0
                    "end": 0.99
                }
                "moves": [
                    {
            		    "progress": {
                            "type": "warmup"
                            "op": "compress"
                            "start": 0
                            "end": 0.58
                        }
                        "x":-2
                        "y":-2
                        //"gy": -2
                        //"gx": -2
                        "rot":-30
        		    }
        		    {
            		    "progress": {
                            "type": "warmup"
                            "op": "compress"
                            "start": 0.58
                            "end": 0.6
                        }
                        "x":-2
                        "y":2
                        //"gy": 0
                        //"gx": 4
                        "rot":30
        		    }
        		],
        	}
        	{
                "type": "ShapePart",
			"colorTo":"A278E1FF",
			"color": "A278E1FF",
			"layer":110,
			"stroke": 0,
			"strokeTo": 1,
			"circle": true,
			"hollow": true,
			"radius": 0
			"radiusTo": 6
			"x": 0,    
			"y": 16
                "progress": {
                    "type": "reload"
                    "op": "compress"
                    "start": 0
                    "end": 0.005
                }
        	}
        	{
                "type": "ShapePart",
			"colorTo":"bf92f9",
			"color": "bf92f9",
			"layer":110,
			"stroke": 0,
			"strokeTo": 4,
			"circle": true,
			"hollow": true,
			"radius": 0
			"radiusTo": 2
			"x": 0,    
			"y": 16
                "progress": {
                    "type": "reload"
                    "op": "compress"
                    "start": 0
                    "end": 0.005
                }
        	}
        	{
                "type": "ShapePart",
			"colorTo":"000000",
			"color": "000000",
			"layer":110,
			"stroke": 0,
			"strokeTo": 2,
			"circle": true,
			"hollow": true,
			"radius": 0
			"radiusTo": 1
			"x": 0,    
			"y": 16
                "progress": {
                    "type": "reload"
                    "op": "compress"
                    "start": 0
                    "end": 0.005
                }
        	}
        	]
    "bullet":{
    "type": "SapBulletType",
    "shootEffect":"shootSmall",
    "lifetime":30,
    "sapStrength":50,
    "length":60,
    "width":1,
    "knockback":-120,
    "statusDuration":230,
	"status":"斩杀",
	"damage": 39999,
    "color":"00000000",
    "lightColor":"00000000",
	"hitColor":"00000000",
	"despawnEffect":"none"
	"fragLifeMin": 1
    "fragLifeMax": 1
    "fragVelocityMin": 1,
    "fragVelocityMax": 1,
	"fragBullets":1
	"fragBullet":{
	"removeAfterPierce":false
	"pierceBuilding": true,
	"collidesGround":true,
	"collidesAir":true,
	"absorbable": false,//是否可以被立场吸收
    	"hittable": false,//子弹是否会被激光裂解摧毁
    	"reflectable": false,//子弹是否会被反弹
	"despawnEffect":"none",
	"damage": 0
	"width": 16,	
	"length": 64
	"lifetime": 30,
	"speed": 0
	"fragBullets":4
	"fragRandomSpread": 0,
	"fragSpread": 90,
        "fragBullet":{
    "type": "LaserBulletType",
	"chargeEffect":{
		"type":"MultiEffect",
		"effects":["lancerLaserCharge","lancerLaserChargeBegin"]
	},
	"colors": ["A278E1FF","bf92f9","000000"],
	"removeAfterPierce":false
	"pierceBuilding": true,
	"collidesGround":true,
	"collidesAir":true,
	"absorbable": false,//是否可以被立场吸收
    	"hittable": false,//子弹是否会被激光裂解摧毁
    	"reflectable": false,//子弹是否会被反弹
	"despawnEffect":"none",
	"statusDuration":9999999,
	"status":"凋零",
	"damage": 9999
	"width": 16,	
	"length": 64
	"lifetime": 30,
	"speed": 0
		"fragBullets":4
	"fragRandomSpread": 0,
	"fragSpread": 90,
        "fragBullet":{
    "type": "LaserBulletType",
	"chargeEffect":{
		"type":"MultiEffect",
		"effects":["lancerLaserCharge","lancerLaserChargeBegin"]
	},
	"colors": ["A278E1FF","bf92f9","000000"],
	"removeAfterPierce":false
	"pierceBuilding": true,
	"collidesGround":true,
	"collidesAir":true,
	"absorbable": false,//是否可以被立场吸收
    	"hittable": false,//子弹是否会被激光裂解摧毁
    	"reflectable": false,//子弹是否会被反弹
	"despawnEffect":"none",
	"statusDuration":9999999,
	"status":"凋零",
	"damage": 999
	"width": 16,	
	"length": 64
	"lifetime": 30,
	"speed": 0
    }
    }
    }
    }
        }
    ]
        //"research":"toxopid"
}