{
	"type": "LaserTurret",
	"name": "枯寂",
	"description": "发射一道集束激光来抵御敌人[red]别让敌人摧毁它",
	"targetAir": true,
	"targetGround": true,
	"health": 3600,
	"hasLiquids": true
	//"heatcolor": "FFppjd"
	"size": 2, 
	"continuous": true,  // 是否连续射击
	"baseExplosiveness":223333,//方块基础爆炸性
    "accurateDelay":true,
	"shootSound": "laserbig",  // 射击音效,larserbig是融毁音效,加油!
	"shoot":{
		"type":"ShootPattern",
		"firstShotDelay":0
	},
	"moveWhileCharging": false,
    "chargeSound":"laser",
	"shake":1,
	"inaccuracy": 1,
	"recoil": 2,
	"recoilTime":3, //后坐力和后坐力恢复时间
	"shootType": {
    "type": "ContinuousLaserBulletType",
    "colors":["#000000FF","#161616FF","#262626FF"]//依次是从外到内
    "rangeChange":320,
    "damage": 100,
    "length": 300.00,
    "incendChance": 0.40,
    "incendSpread": 5.00,
    "incendAmount": 1,
    "ammoMultiplier": 1.00
    "lifetime":30
 },
 "drawer":{
 "type": "DrawTurret", 
    "parts":[
    {
			"type": "ShapePart",//圆圈
			"progress": "warmup",//我不到哇
			"colorTo":"828282FF",//结束时的颜色
			"color": "828282FF",//开始时的颜色
			"layer":110,//所在图层高度
			"stroke": 1,//开始时的粗细
			"strokeTo": 2,//结束时的粗细
			"circle": true,//是否圆圈？
			"hollow": true,//是否空心
			"radius": 5,//开始时的大小
			"radiusTo": 6//结束时的大小
			"x": 0,    "y": -8,//X和y的位置
},
    ]
    },
	"shootEffect": "bigShockwave",
	"consumes": {"power":200
	"liquid":
{"liquid":"cryofluid","amount":"0.9"}
        }
	"reload": 30,
	"rotateSpeed": 5,
	"range": 300,
	"category": "turret",
	"research": "荡涤",
	"requirements": [
	{ "item": "现代战争-铁", "amount":600},
	{ "item": "现代战争-钢板", "amount":500},
	]
}