{
	"type":"ItemTurret",//类型:消耗物品的炮塔
	"name":"榴弹炮",//名字
    "description":"发射炮弹的榴弹炮",//介绍
	"size":3,//物品面积
	"health":3500,//建筑血量
	"ammoPerShot":1,//？
	"range":480,//攻击范围
	"reload":30,//攻击速度（每多少帧射击一次）(一秒60帧)
	"inaccuracy":3,//误差(度)
	                  "ammoPerShot":1,//？
	                  "ammoUseEffect": "casing2",//？
	"rotatespeed":0.9,//旋转速度
	"maxAmmo":20,//最大弹药
	"targetAir":false//攻击天空
	"targetGround":true,//攻击地面
	"coolantMultiplier":2,
	"heatColor":"#FF0000",
	"ammoTypes":{
		"炮弹能源": {//消耗的弹药
		                "pierceCap":1,//？
		    "reloadMultiplier":0.8,//射击速率
			"speed": 15,//子弹速度（输入数字×8）
			"damage": 200,//伤害
			"knockback":0.9,//击退
			"lifetime":60,//弹药存在时间（帧）
			"width": 40,//子弹宽度
			"height": 30,//子弹长度
			"ammoMultiplier":1,//装填倍数

			"shootEffect": "shootBig" 	//特效
				}
	}
	"requirements": [
		{ "item": "现代战争-钢板", "amount":70 },//造价
	],
	"category": "turret",//类型
	"research":"duo"//科技树位置，duo为双管
}