
{
"name":"铁锈投射器"
  "details":"[red]赛普拉大部份资源在敌人手上，其他资源散落各地，而且常规运输管道无法到达，因此小型铁锈投射器因此而生，其能把中小等量的资源投射另一个路由器中，以达到中距离运输",
    "type": "MassDriver",  // 设备类型：质量驱动器（一种用于物品输送或分发的装置）
    "range": 300,  // 工作范围：50单位（指驱动器可作用的最大距离）
      "health": 320,
    // 设备的尺寸大小，这里为2
    "size": 2,
    // 布尔值，表示该设备是否可以存放物品，这里为true，即可以存放物品
    "hasItems": true,
    // 设备存放物品的最大容量，这里为30
    "itemCapacity": 50,
    // 制造该设备所需的材料及对应数
    "rotateSpeed": 2,  // 旋转速度：2单位/时间（设备自身旋转调整方向的速度）
    "translation": 5,  // 平移速度：5单位/时间（设备整体移动的速度）
    "minDistribute": 10,  // 最小分发距离：10单位（设备与目标间开始分发的最短距离，小于此距离不触发分发）
    "knockback": 2,  // 击退力度：2单位（分发物品时对目标产生的击退效果强度）
    "reloadTime": 25,  // 装填时间：25单位/时间（两次分发操作之间的冷却间隔）
    "requirements": [  // 建造/解锁需求：制作该设备所需的物品及数量
        {"item": "铁锈", "amount": 20},  // 钛金属：5个
        {"item": "青铜矿石", "amount": 50},  // 铝金属：10个
        {"item": "劣质硅", "amount": 30}  // 铜金属：10个
    ],	
    "research": "古老遗址"
    "category": "distribution"  // 设备分类：分发类（用于归类，表明其核心功能是物品分发）
}