{
"name":"铁锈路由器"
	"type": "Router",
	"health": 300,
	"size": 1,
	"speed": 0.1
	"itemCapacity": 1,
	"speedBoost": 0.0001
	"details":"赛普拉大部份资源在敌人手上，其他资源散落各地，而且常规运输管道无法到达，因此小型铁锈路由器因此而生，其能把中小等量的资源投射另一个路由器中，以达到中距离运输",
	"requirements": [
		{ "item": "铁锈", "amount": 2 },
	],
	"category": "distribution",
	"research": "陨石带"
	"researchCostMultiplier": 0.2,
	    "canOverdrive": false,
}