{
// 物品类型，这里表明是管道类型
"type": "Duct",
// 物品名称，此物品名为铜轨道
"name": "铜轨道",
// 物品描述信息
"description": "速度较快\n但脆弱且不能接受侧面输入的物品",
// 物品的详细用途，这里是用于运输矿物
"details":"运输矿物",
// 物品的生命值，代表其耐久度，这里为30
"health": 30,
// 物品制作所需的材料及数量要求
"requirements": [
// 需要1个青铜矿石
{ "item": "青铜矿石", "amount": 1}
],
// 表明该物品是否有装甲防护，这里为有
"armored": true,
// 物品所属的类别，这里属于分配类
"category": "distribution",
// 解锁该物品所需的研究项目，这里是先驱者核心
"research":"寒风哨站",
// 物品的速度属性，这里速度值为5
"speed": 5,
// 研究成本乘数，这里为1，可能表示按照基础研究成本进行研究
"researchCostMultiplier": 1,
// 表明该物品是否可以进行过载操作，这里是可以
"canOverdrive": true
}