{
 "type": "CoreBlock",
    "name": "机械核心",
    "description": "初始核心，具有超强的血量。除非是怪的等级太高。",
    "details": "星球的最高防御核心",
    "itemCapacity": 4000,
    "health": 3000,
    "unitCapModifier": 15,//单位限制
    "size": 3,//大小
    "requirements": [
        {
            "item": "copper",
            "amount": 1500
        },
        {
            "item": "lead",
            "amount": 1500
        }
    ],//。。。
 //  "buildVisibility": "editorOnly"
   "isFirstTier": true,
  //  "category": "effect",
  //  "unitType": "E核坚守者",
    "alwaysUnlocked": true
    "research": "newPlanet"//科技树就接这里开始
    
}