{//by Cassius
  "type":"mech",
  "name":"无畏",
  "description":"T3量子陆战机甲。\n-抛射大型EMP弹，重创敌方电网\n-发射集束导弹，能对集群高机动单位造成极大威胁\n-自带修复与力墙场，有力保护友军",
  "details":"[red]单位代号--常规作战单位G.3.[]\n难以想象的是，无畏机甲的性能似乎比设想的还要强大许多。在测试中，能够最少打败3架无能机甲。\n[green]此刻，即为，再见天日之时！",
  "health":48000,
  "armor":85,
  "hitSize":48,
  "speed":0.54,//4.05
  "accel":0.4,
  "drag":0.4,
  "rotateSpeed":3.5,
  "ammoType":"surge-alloy",
  "ammoCapacity":240,
  "itemCapacity":130,
  "lightRadius":90,
  "fogRadius":90,
  "range":720,
  "immunities":["burning","freezing","unmoving","melting","corroded","slow","fast","腐朽","电路受损","离子焰3"],
  "abilities":[
    {
      "type":"ForceFieldAbility",
      "sides":4,
      "max":12000,
      "radius":80,
      "regen":10,
      "cooldown":300,
      "rotate":true,
      "rotateSpeed":1
    },
    {
      "type":"RepairFieldAbility",
      "amount":1000,
      "range":120,
      "reload":120
    }
  ],
  "weapons":[
    {
      "name":"陆3-1",
      "x":28,
      "y":0,
      "rotate":false,
      "reload":240,
      "inaccuracy":0,
      "recoil":4,
      "recoilTime":60,
      "shootSound":"shootSmite",
      "shootEffect":"casing2",
      "shootStatus":"overdrive",
      "shootStatusDuration":600,
      "bullet":{
        "type":"EmpBulletType",
        "damage":1060,
        "splashDamage":1450,
        "splashDamageRadius":96,
        "radius":120,
        "timeIncrease":4,
        "timeDuration":900,
        "powerDamageScl":3,
        "powerSclDecrease":0.2,
        "unitDamageScl":3,
        "lifetime":30,
        "speed":24,
        "width":24,
        "height":32,
        "backColor":"FEEBB3",
        "frontColor":"FEEBB3",
        "trailEffect":{
          "type":"ParticleEffect",
          "particles":16,
          "line":true,
          "baseLength":16
          "length":24
          "spin":3
          "region":"量子技艺-十字星",
          "lifetime":48,
          "colorFrom":"007BFF",
          "colorTo":"FFFFFF",
          "sizeFrom":12,
          "sizeTo":0
        },
        "trailColor":"FFFFFF",
        "trailWidth":1,
        "trailLength":4,
        "lightning":3,
        "lightningDamage":240,
        "lightningLength":16,
        "lightningColor":"FFFFFF",
        "hitEffect":{
          "type":"MultiEffect",
          "effects":[
          {
            "type":"WaveEffect",
            "lifetime":60,
            "colorFrom":"FFFFFF",
            "colorTo":"00BFFF",
            "strokeFrom":8
            "strokeTo":0,
            "sizeFrom":0,
            "sizeTo":80
          },
          {
            "type":"ParticleEffect",
            "particles":1,
            "baseLength":0,
            "length":0,
            "spin":-6,
            "region":"量子技艺-十字星",
            "lifetime":90,
            "colorFrom":"FEEBB3",
            "colorTo":"FFFFFF",
            "sizeFrom":80,
            "sizeTo":0
          }
          ]
        },
        "hisSound":"shockBlast",
        "status":"电路受损",
        "statusDuration":480
      }
    },
    {
      "name":"陆3-2",
      "x":16,
      "y":-8,
      "rotate":true,
      "rotateSpeed":6,
      "reload":60,
      "recoil":4,
      "recoilTime":60,
      "shootSound":"missile",
      "shootSoundVolume":0.5,
      "shootStatus":"充能",
      "shootStatusDuration":120,
      "minWarmup":0.2,
      "shootWarmupSpeed":0.008,
      "warmupMaintainTime":60
      "shoot":{
        "shots":4,
        "shotDelay":6
      },
      "bullet":{
        "damage":65,
        "splashDamage":35,
        "splashDamageRadius":48,
        "pierceCap":2,
        "lifetime":30,
        "speed":16,
        "drag":0.002,
        "width":20,
        "height":32,
        "sprite":"量子技艺-导弹Pro",
        "frontColor":"FEEBB3",
        "backColor":"FFFFFF",
        "trailColor":"FFFFFF",
        "trailWidth":1.5,
        "trailLength":3,
        "status":"melting",
        "statusDiration":720,
        "fragBullets":2,
        "fragBullet":{
          "damage":45,
          "pierce":true,
          "lifetime":3,
          "speed":128,
          "width":16,
          "height":16,
          "frontColor":"FFFFFF",
          "backColor":"007BFF",
          "status":"腐朽",
          "statusDuration":360
        }
      }
    },
  ]
}