{
	"localizedName": "凌卫三",
	"mesh": { //行星的网格，仅支持NoiseMesh
		"type": "NoiseMesh",
		"planet": "凌卫三",
		"seed": 6,
		"divisions":1, //表面精细度
		"color1": "99F8FFFF",
		"color2": "99F8FFFF",
		"radius": 0.3,
		"octaves": 3,
		"persistence": 0.8,
		"scale": 1,
		"mag": 1.5
	},
	"generator": {
		"min": 2, //小行星数量
		"max": 2,
		"octaves": 2, //噪音特性
		"persistence": 0.4,
		"scale": 30,
		"mag": 0.4,
		"thresh": 1,
		"foct": 3,
		"fmag": 0.5,
		"fscl": 50,
		"fper": 0.6,
		"radMin": 12, //小行星半径
		"radMax": 12,
		"stoneChance": 0, //石头地板概率
		"iceChance": 0, //地形生成几率，顺序为：冰>碳>绿柱石>铁
		"carbonChance": 0,
		"berylChance": 0,
		"ferricChance": 0
	},
	"orbitSpacing":0.4, //父（this）和卫星之间的间距
	"radius":0.2, //星球半径
	"minZoom": 8, //最小缩放
	"drawOrbit": true, //是否绘制轨道
	"atmosphereRadIn": 0, //基本大气层偏移
	"atmosphereRadOut": 0.5,
	"accessible": true, //是否可以登陆
	"tidalLock": true,
	"alwaysUnlocked": true,
	"updateLighting": false, //昼夜循环
	"sectorSeed": 145, //生成器的种子。 如果-1，则为小行星
	"bloom": true, //是否开启bloom渲染
	"visible": true, //是否显示
	"hasAtmosphere": true, //是否有大气层
	"atmosphereColor": "99F8FFFF", //大气层颜色
	"icon": "planet", //左上角显示的图标文件
	"iconColor": "99F8FFFF", ///左上角显示的行星图标的颜色
	"allowWaveSimulation": true, //在后台时是否模拟波次
	"clearSectorOnLose": false, //区块丢失时是否重置区块
	"allowWaves": false, //区块丢失时是否重置波次
	"defaultCore": "基础核心", //星球默认核心
	"parent": "凌星", //星球绕什么公转
	"solarSystem": "sun", //星系系统
	"launchCandidates": [
	    "凌星"
	    ], //可以从这个星球前往的行星。 可能没用，因为行星际加速器仍然不工作
	"hiddenItems": [ //这个星球上没有的物品
		"plastanium",
		"copper",
		"lead",
		"titanium",
		"spore-pod",
		"coal",
		"surge-alloy",
		"blast-compound",
		"pyratite",
		"metaglass",
		"tungsten",
		"scrap",
		"oxide",
		"fissile-matter",
		"carbide",
		"beryllium"
	]
}