{
	"type": "GenericCrafter",
	"name": "矩阵研究所",
	"description": "研究初等升级矩阵，无需消耗其他材料",
	"outputItem":{ "item": "矩阵II", "amount": 1},
	"drawer": {
		"type": "DrawMulti",
		"drawers": [
			{
				"type": "DrawFlame",
				"flameRadius": 2,
				"flameRadiusIn": 0.5,
				"flameColor": "25C9ABFF"
			},
			"DrawDefault"
		]
	},
	"size": 3,
	"canOverdrive": false,
	"health":1260,
	"itemCapacity": 25,
	"hasPower": true,
	"hasLiquids": false,
	"hasItems": true,
	"craftTime": 1500,
	"consumes": {"power":4},
"requirements": [
	{ "item": "sa-钴", "amount": 180 },
	{ "item": "silicon", "amount": 160 },
	{ "item": "sa-致密合金", "amount": 65 }
	],
	"category": "effect",
	"research": "致密合金冶炼炉"
}