{
	"type": "GenericCrafter",
	"name": "破冰机",
	"description": "消耗电力让冰化成水",
	"outputLiquid":"water/0.3"
	"hasLiquids": true,
		"health": 600,
	"size": 2,
		"drawer": {
		"type": "DrawMulti",
		"drawers": [
		    {
	    "type":"DrawRegion",
	    "suffix":"-bottom"
	        }
	        {
	       "type":"DrawLiquidTile",
	    "drawLiquid":"water"
	    }
	        {
	    "type":"DrawRegion",
	    "suffix":"-top"
	        }
              ]}
	"hasPower": true,
	"hasLiquids": true,
	"craftTime": 10,
    "liquidCapacity": 60,
    "heatRequirement":6
	"consumes": {
    "power":1,
    "items": {
	"items": [
	{ "item": "sa-冰", "amount": 1 }
	]}}
"requirements": [
    "sa-钴/90"
    "silicon/35"
	"sa-致密合金/20",
	],
	"category": "crafting",
	"research":"sa-致密合金冶炼炉"
	
}