{
	"type": "GenericCrafter",
	"name": "致密合金冶炼炉MKII",
	"description": "使用铅和钛来制造致密合金，效率更高",
	"outputItem": { "item": "sa-致密合金", "amount": 5},
	"size": 3,
    "health":850
	"hasPower": true,
	"hasLiquids": false,
	"hasItems": true,
	"craftTime": 120,
	"itemCapacity": 15,
	"drawer":{
        "type":"DrawMulti",
        "drawers":[
            "DrawDefault",
            "DrawFlame"
            ]
    },
	"consumes": {
    "power":2.5,
    "items": {
			 "items": [
			  { "item": "titanium", "amount": 2},
			  { "item": "sa-钴", "amount": 3}
			]
  }
 },
"requirements": [
		{ "item": "silicon", "amount": 220 },
		{ "item": "titanium", "amount": 180 },
		{ "item": "sa-致密合金", "amount": 80 },
		{ "item": "矩阵II", "amount": 1 },
	],
	"category": "crafting",
	       	"research": {
	"parent": "sa-致命合金冶炼炉"//科技树前置
	"objectives": [
		"动能强化I",//研究xx		
		]	},
  	"idleSound": "respawning",
	"idleSoundVolume": 0.5
}