{
	"type": "GenericCrafter",
	"name": "大型塑钢压缩机",
	"outputItem": "plastanium/4",
	"size": 3,
	"hasPower": true,
	"hasLiquids": true,
	"hasItems": true,
	"craftTime": 50,
	"itemCapacity": 20,
	"liquidCapacity": 60,
	"craftEffect": "formsmoke",
	"updateEffect": "plasticburn",
	"consumes": {
		"power": 7,
		"liquid": "oil/0.6",
		"items": [
			"titanium/6"
		]
	},
	"requirements": [
		"graphite/140",
		"thorium/90",
		"plastanium/80",
		"钛晶玻璃/110"
	],
	"category": "crafting",
	"research": "plastanium-compressor"
}