{
	"type": "GenericCrafter",
	"name": "电磁合金炉",
	"outputItem": "电磁合金/1",
	"size": 3,
	"description":"将巨浪合金的放电性加强，产出电磁合金"
	"hasPower": true,
	"hasLiquids": false,
	"hasItems": true,
	"craftTime":85,
	"itemCapacity": 30,
	"drawer": {
		"type": "DrawMulti",
		"drawers": [
			"DrawDefault",
			{
				"type": "DrawFlame",
				"flameRadius": 0,
				"flameRadiusIn": 0,
				"flameRadiusMag": 0,
				"flameRadiusInMag": 0,
				"flameColor": "F2E770"
			}
		]
	},
	"craftEffect": {
		"type": "ParticleEffect",
		"particles": 4,
		"baseLength": 6,
		"length": 12,
		"lifetime": 25,
		"sizeFrom": 10,
		"sizeTo": 0,
		"colorFrom": "F2E77050",
		"colorTo": "F2E770",
		"cone": 360
	},
	"consumes": {
		"power": 25,
		"items": {
			"items": [
				"surge-alloy/1"
			]
		}
	},
	"requirements": [
		"thorium/95",
		"钛晶玻璃/80",
		"titanium/155",
		"surge-alloy/85"
	],
	"category": "crafting",
	"ambientSound": "smelter",
	"ambientSoundVolume": 0.88,
	"research": "alloy-smelter"
}