{
	"type": "GenericCrafter",
	"health": 870,
	"name": "钛晶玻璃熔炼炉",
	"description":"直接在内部生产钛晶玻璃，效率更高"
	"outputItem": "钛晶玻璃/3",
	"itemCapacity": 40,
	"size": 3,
	"hasPower": true,
	"hasLiquids": false,
	"hasItems": true,
	"craftTime": 40,
	"craftEffect": "pulverizeSmall",
	"drawer":{
        "type":"DrawMulti",
        "drawers":[
            "DrawDefault",
			"DrawFlame"
            ]
    },
	"consumes": {
		"power": 4.85,
			"items": [
				"lead/3",
				"sand/7",
				"titanium/4"
			]
		
	},
	"requirements": [
		"titanium/80",
		"copper/165"
		"thorium/95",
		"metaglass/130"
	],
	"category": "crafting",
	"ambientSound": "smelter",
	"research": "钛晶玻璃合成厂"
}