{
	"type": "GenericCrafter",
	"name": "一次性碳化钨种子机",
	"description": "制造一次后就没用了",
	"details":"碳化钨之种"
	"outputItems":["carbide/1",]//产出
	"size":2,//建筑大小
	"health":145,//血量
	"craftTime":0,//÷60
	"itemCapacity":1,//容量
	//"liquidCapacity":0,
	//"consumes": {}
    "requirements":[
                "beryllium/200",
                "graphite/200",
                "silicon/200",
	],//建造材料
	"buildCostMultiplier":3,
    "category": "crafting",
	//"research":"carbide-crucible"
	"updateEffect":"smeltsmoke",
	"canOverdrive": false,
	"hasPower": false,
	"hasLiquids": false,
	"hasItems": true,
}