{
	"type": "Separator",
	"name": "重型筛矿机",
	"description": "小的筛矿机不能满足需求，我们要更大更强！",
	"health":500,
	"itemCapacity":40,
	"results": [
	{"item": "铁矿石", "amount": 6},
	{"item": "生物塑料", "amount": 1},
	{"item": "石灰石", "amount": 3},
	],
	"size":3,
	"hasPower": true,
	"hasItems": true,
	"craftTime":40,
	"updateEffect": "mineBig",	
	"consumes": {
		"power":0.5,
		"items": {
			"items": [
				{ "item": "scrap", "amount":3},
			]
		}
	},
	"requirements": [
		{ "item": "lead", "amount":40 },
		{ "item": "copper", "amount":100},
		{ "item": "graphite", "amount":50},
	],
				"drawer":{
        "type":"DrawMulti",
        "drawers":[
            "DrawDefault",
            ]
    },
	"category": "crafting",
	"research": "筛矿机",
	"idleSound": "respawning",
	"idleSoundVolume": 0.2
}
