{
	"type": "GenericCrafter",
	"name": "石墨烯合成器",
	"description": "石墨烯是一种良好的材料我们需要它的能力。",
	"health":300,
	"itemCapacity":20,
	"outputItem": {"item": "SMX","amount":1 },
	"size":2,
	"hasPower": true,
	"hasItems": true,
	"craftTime":120,
	"consumes": {
		"power":3.5,
		"items": {
			"items": [		
				{ "item": "coal", "amount":4},
			]
		}
	},
	"requirements": [
		{ "item": "钛合金", "amount":40 },
		{ "item": "silicon", "amount":100},
		{ "item": "合金钢", "amount":40},		
		{ "item": "基础电路板", "amount":50 },	
	],
"drawer":{
    "type":"DrawMulti",
    "drawers":[
        "DrawDefault",
            "DrawFlame"
                ]
        },
	"category": "crafting",
	"research": "综合合成机",
	"idleSound": "respawning",
	"idleSoundVolume": 0.2
}
