{
	"type": "GenericCrafter",
	"name": "冶金工坊",
	"description": "我们有了生产钢铁的能力，我们接下来要考虑提升我们的科技水平\n高科技！",
	"health":250,
	"itemCapacity":20,
	"outputItem": {"item": "钛合金","amount":2 },
	"size":3,
	"hasItems": true,
	"craftTime":600,
	"updateEffect": "mineBig",	
	"consumes": {
		"items": {
			"items": [
				{ "item": "titanium", "amount":2},
				{ "item": "钢铁", "amount":2},
			]
		}
	},
	"requirements": [
		{ "item": "lead", "amount":120 },
		{ "item": "钢铁", "amount":40 },
		{ "item": "silicon", "amount":80},
	],
				"drawer":{
        "type":"DrawMulti",
        "drawers":[
            "DrawDefault",
            "DrawFlame"
            ]
    },
	"category": "crafting",
	"research": "钢铁锻造厂",
	"idleSound": "respawning",
	"idleSoundVolume": 0.2
}
