{
	"type": "GenericCrafter",
	"name": "水泥搅拌机",
	"description": "水泥是最常用的建筑材料\n古老的设施，用于生产水泥",
	"health":250,
	"itemCapacity":20,
	"outputItem": {"item": "水泥","amount":1 },
	"size":2,
	"hasPower": true,
	"hasItems": true,
	"craftTime":80,
	"consumes": {
		"power":0.1,
		"items": {
			"items": [
				{ "item": "石灰石", "amount":3},
			]//神奇的生产配方
		}
	},
	"requirements": [
		{ "item": "lead", "amount":120 },
		{ "item": "silicon", "amount":10},
	],
				"drawer":{
        "type":"DrawMulti",
        "drawers":[
            "DrawDefault",

			{
				"type":"DrawRegion",
				//这个type允许新增旋转贴图
				//当然，旋转速度设为0也可以新增静态贴图
				"suffix":"-R1",
				//"贴图后缀"
				"rotateSpeed":40
				//贴图旋转速度
			},	
			{
				"type":"DrawRegion",
				//这个type允许新增旋转贴图
				//当然，旋转速度设为0也可以新增静态贴图
				"suffix":"-R2",
				//"贴图后缀"
				"rotateSpeed":20
				//贴图旋转速度
			},			
			"DrawFlame"  	         
            ]
    },
	"category": "crafting",
	"research": "筛矿机",
	"idleSound": "respawning",
	"idleSoundVolume": 0.2
}
