{
//	"type": "GenericCrafter",
	"name": "综合合成机",
	"description": "恭喜你，已经进入了工业时代",
	"health":250,
	"itemCapacity":200,
	"liquidCapacity":200,		
 //   "outputItem": {"item": "scrap","amount":10 },
	"size":2,
	"hasPower": true,
	"hasItems": true,	
	"hasliquid": true,		
	"updateEffect": "mineBig",		
//	"craftTime":50,
	/*"consumes": {
		"items": {
			"items": [
				{ "item": "copper", "amount":4},
			]
	}
},*/
	"requirements": [
		{ "item": "钢铁", "amount":100 },
		{ "item": "silicon", "amount":80},
	],
			"drawer":{
        "type":"DrawMulti",
        "drawers":[
            {
				"type":"DrawDefault"
			},
			{
				"type":"DrawRegion",
				//这个type允许新增旋转贴图
				//当然，旋转速度设为0也可以新增静态贴图
				"suffix":"-R",
				//"贴图后缀"
				"rotateSpeed":20
				//贴图旋转速度
			},	
            ]
    },
	"category": "crafting",
	"research": "钢铁锻造厂",
	"idleSound": "respawning",
	"idleSoundVolume": 0.2
}
