{
	"type": "GenericCrafter",
	"name": "冶铁高炉",
	"description": "我们要想办法炼铁\n恭喜你，已经进入了工业时代",
	"health":250,
	"itemCapacity":20,
	"outputItem": {"item": "Fe","amount":4 },
	"size":3,
	"hasPower": true,
	"hasItems": true,
	"craftTime":80,
    "buildCostMultiplier":0.1,
    //建筑速度倍率		
	"updateEffect": "mineBig",	
	"consumes": {
		"power":2,
		"items": {
			"items": [
				{ "item": "coal", "amount":3},
				{ "item": "铁矿石", "amount":2},
			]
		}//2Fe2O3+3C-->4Fe+3CO2
	},
	"requirements": [
		{ "item": "lead", "amount":120 },
		{ "item": "silicon", "amount":80},
	],
				"drawer":{
        "type":"DrawMulti",
        "drawers":[
            "DrawDefault",
            "DrawFlame"
            ]
    },
	"category": "crafting",
	"research": "筛矿机",
	"idleSound": "respawning",
	"idleSoundVolume": 0.2
}
