{
    "type": "LogicBlock",
    "name": "通用处理器",
    "description": "",
    "size": 2,
    "health": 560,
    "category": "logic",
    "range": 280,
    "instructionsPerTick":15,
        "requirements":[
        "graphite/120",
        "silicon/120",
        "镍/200"
    ],
    "buildVisibility": "shown",
    "research": {
	"parent": "初代核心"//科技树前置
	"requirements": [//研究花费
	"silicon/1200",
	"镍/1500"
	"graphite/600"
	
	]
	"objectives": [
//		"",//研究xx
	]	},
        /*"drawer": {
        "type": "DrawMulti",
        "drawers": [
            {
                "type": "DrawRegion",
                "suffix": ""
            },
            {
                "type": "DrawGlowRegion",
                "alpha": 0.7,
                "glowIntensity": 0.3,
                "glowScale": 6
            }
        ]
    }*/
}