{
	"type": "flying",
	"name":"虚幻(阶段三)",
	"description": " ",
	"speed": 0,
	"accel":1,"drag":1,
	"rotateSpeed":1,
	"ammoType":"titanium",
	"ammoCapacity": 999999,
	"hitSize":1, 
	"buildSpeed":0
	"flying": true,
	"health":2147483617,
	"armor":0
	"mineTier":0
	"mineSpeed":0
	"engineOffset": 0,
	"engineSize": 0, 
	"abilities": [
    {
"type": "SuppressionFieldAbility",
"reload": 1,
"range": 999999,
"layer": 109,
"y": 0,
"x": 0,
"particles": 0,
"particleSize": 0,
"rotateScl": 0,
"active": true
},
{
"type": "RegenAbility",
"amount": 35791393.6167
},
{
			"type": "SpawnDeathAbility",
			"unit": "虚幻(阶段四)",
			"amount": 1,
			"randAmount": 0
			"spread": 0,
	    "faceOutwards": false,
	},
	]
	"parts":[
	        {
        		"type": "ShapePart",
        		"color": "F3E97940",
        	    "circle": true,
        		"hollow": false,
        		"radius": 999999,
        		"radiusTo": 999999,
        		"layer": 210
    		}
    		{
                "type": "FlarePart",
                "rotation": 0,
                "color1": "FFFFFF40",
                "stroke": 2,
                "radius": 48,
                "radiusTo": 48,
                "progress": {
                   "type": "life",
                   "op": "curve",
                   "interp": "pow3Out"
                   }
            }
            {
		        "type": "HaloPart",
		        "rotateSpeed":0
		        "sides": 3
		        "shapes": 7
		        "color": "FFFFFF60",
		        "colorTo":"FFFFFF60",
		        "layer":110,
		        "tri": true,
		        "radius": 3,
		        "radiusTo": 3,
		        "triLength": 12,
		        "triLengthTo":12,
		        
		        "haloRadius": 0,
		        "haloRadiusTo": 0,
		        "haloRotation": 0
		        "haloRotateSpeed": 0.5
		        "x": 0,    "y": 0,
		    }
		    {
		        "type": "HaloPart",
		        "rotateSpeed":0
		        "sides": 3
		        "shapes": 5
		        "color": "FFFFFF60",
		        "colorTo":"FFFFFF60",
		        "layer":110,
		        "tri": true,
		        "radius": 10,
		        "radiusTo": 10,
		        "triLength": 14,
		        "triLengthTo":14,
		        
		        "haloRadius": 0,
		        "haloRadiusTo": 0,
		        "haloRotation": 0
		        "haloRotateSpeed": 1
		        "x": 0,    "y": 0,
		    }
		    {
		        "type": "HaloPart",
		        "rotateSpeed":0
		        "sides": 3
		        "shapes": 5
		        "color": "F3E979",
		        "colorTo":"F3E979",
		        "layer":110,
		        "tri": true,
		        "radius": 10,
		        "radiusTo": 10,
		        "triLength": 24,
		        "triLengthTo":24,
		        
		        "haloRadius": 0,
		        "haloRadiusTo": 0,
		        "haloRotation": 0
		        "haloRotateSpeed": 1
		        "x": 0,    "y": 0,
		    }
		    {
		        "type": "HaloPart",
		        "rotateSpeed":0
		        "sides": 3
		        "shapes": 5
		        "color": "F3E979",
		        "colorTo":"F3E979",
		        "layer":110,
		        "tri": true,
		        "radius": 24,
		        "radiusTo": 24,
		        "triLength": 56,
		        "triLengthTo":56,
		        
		        "haloRadius": 0,
		        "haloRadiusTo": 0,
		        "haloRotation": 0
		        "haloRotateSpeed": 2
		        "x": 0,    "y": 0,
		    }
		    {
		        "type": "HaloPart",
		        "rotateSpeed":0
		        "sides": 3
		        "shapes": 5
		        "color": "F3E979",
		        "colorTo":"F3E979",
		        "layer":110,
		        "tri": true,
		        "radius": 18,
		        "radiusTo": 18,
		        "triLength": 64,
		        "triLengthTo":64,
		        
		        "haloRadius": 0,
		        "haloRadiusTo": 0,
		        "haloRotation": 0
		        "haloRotateSpeed": 1
		        "x": 0,    "y": 0,
		    }
		    {
		        "type": "HaloPart",
		        "rotateSpeed":0
		        "sides": 3
		        "shapes": 2
		        "color": "F3E979",
		        "colorTo":"F3E979",
		        "layer":110,
		        "tri": true,
		        "radius": 18,
		        "radiusTo": 18,
		        "triLength": 64,
		        "triLengthTo":64,
		        
		        "haloRadius": 36,
		        "haloRadiusTo": 36,
		        "haloRotation": 0
		        "haloRotateSpeed": 1
		        "x": 0,    "y": 0,
		    }
		    {
		        "type": "HaloPart",
		        "rotateSpeed":0
		        "sides": 3
		        "shapes": 4
		        "color": "F3E979",
		        "colorTo":"F3E979",
		        "layer":110,
		        "tri": true,
		        "radius": 18,
		        "radiusTo": 18,
		        "triLength": 32,
		        "triLengthTo":32,
		        
		        "haloRadius": 36,
		        "haloRadiusTo": 36,
		        "haloRotation": 0
		        "haloRotateSpeed": -1
		        "x": 0,    "y": 0,
		    }
		    
		    {
        		"type": "ShapePart",
        		"color": "FFFFFF",
        	    "circle": true,
        		"hollow": false,
        		"radius": 25,
        		"radiusTo": 25,
        		"layer": 210
    		}
    		{
        		"type": "ShapePart",
        		"color": "FFFFFF",
        	    "circle": true,
        		"hollow": true,
        		"stroke": 6,
        		"strokeTo": 6,
        		"radius": 40,
        		"radiusTo": 40,
        		"layer": 210
    		}
    		{
        		"type": "ShapePart",
        		"color": "F3E979",
        	    "circle": true,
        		"hollow": true,
        		"stroke": 4,
        		"strokeTo": 4,
        		"radius": 38,
        		"radiusTo": 38,
        		"layer": 210
    		}
    		{
        		"type": "ShapePart",
        		"color": "F3E979",
        	    "circle": true,
        		"hollow": false,
        		"radius": 22.5,
        		"radiusTo": 22.5,
        		"layer": 210
    		}
	]
	
	"weapons": [
				 {
			"shootCone": 360,
			"mirror": false,
			"shake": 0,
			"reload": 120
			"inaccuracy": 360
			//"shootOnDeath": false,
			"shootSound": "none",
			"rotateSpeed":9999,
			"alwaysShooting": true,
			"bullet": {
			"despawnEffect": "flakExplosionBig",
				"width": 12,
				"height": 12
				"buildingDamageMultiplier":0.1
				"backColor": "FFFFFFFF",
				"frontColor": "FFFFFFFF",
				"splashDamageRadius": 12,
				"splashDamage": 19,
				"lifetime": 400,
				"speed": 1
				 "buildingDamageMultiplier":0
				
				"parts":[
    		{
                "type": "FlarePart",
                "rotation": 0,
                "color1": "FFFFFF40",
                "stroke": 2,
                "radius": 12,
                "radiusTo": 36,
                "progress": {
                   "type": "life",
                   "op": "curve",
                   "interp": "pow3Out"
                   }
            }
            {
		        "type": "HaloPart",
		        "rotateSpeed":0
		        "sides": 3
		        "shapes": 7
		        "color": "FFFFFF60",
		        "colorTo":"FFFFFF60",
		        "layer":110,
		        "tri": true,
		        "radius": 3,
		        "radiusTo": 3,
		        "triLength": 12,
		        "triLengthTo":12,
		        
		        "haloRadius": 0,
		        "haloRadiusTo": 0,
		        "haloRotation": 0
		        "haloRotateSpeed": 1
		        "x": 0,    "y": 0,
		    }
		    
		    {
        		"type": "ShapePart",
        		"color": "FFFFFF",
        	    "circle": true,
        		"hollow": false,
        		"radius": 12
        		"radiusTo": 12
        		"layer": 210
    		}
    		{
        		"type": "ShapePart",
        		"color": "F3E979",
        	    "circle": true,
        		"hollow": false,
        		"radius": 9
        		"radiusTo": 9
        		"layer": 210
    		}
    		{
        		"type": "ShapePart",
        		"color": "FFFFFF",
        	    "circle": true,
        		"hollow": true,
        		"radius": 72
        		"radiusTo": 36
        		"stroke": 0,
        		"strokeTo": 3,
        		"layer": 210
    		}
    		{
		        "type": "HaloPart",
		        "rotateSpeed":0
		        "sides": 3
		        "shapes": 2
		        "color": "FFFFFF",
		        "colorTo":"FFFFFF",
		        "layer":110,
		        "tri": true,
		        "radius": 10,
		        "radiusTo": 10,
		        "triLength": 36,
		        "triLengthTo":36,
		        
		        "haloRadius": 10,
		        "haloRadiusTo": 10,
		        "haloRotation": 0
		        "haloRotateSpeed": 1
		        "x": 0,    "y": 0,
		    }
		    {
		        "type": "HaloPart",
		        "rotateSpeed":0
		        "sides": 3
		        "shapes": 4
		        "color": "FFFFFF",
		        "colorTo":"FFFFFF",
		        "layer":110,
		        "tri": true,
		        "radius": 12,
		        "radiusTo": 12,
		        "triLength": 16,
		        "triLengthTo":16,
		        
		        "haloRadius": 0,
		        "haloRadiusTo": 0,
		        "haloRotation": 0
		        "haloRotateSpeed": -1
		        "x": 0,    "y": 0,
		    }
	]
				"fragVelocityMin": 4
				"fragBullet": {
				"despawnEffect": "flakExplosionBig",
				"width": 3,
				"height": 36
				"buildingDamageMultiplier":0.1
				"backColor": "FFFFFFFF",
				"frontColor": "FFFFFFFF",
				"damage": 120,
				"lifetime": 400,
				"speed": 3
				 "buildingDamageMultiplier":0
				 "parts":[
				 {
		        "type": "HaloPart",
		        "rotateSpeed":0
		        "sides": 3
		        "shapes": 1
		        "color": "FFFFFF",
		        "colorTo":"FFFFFF",
		        "layer":110,
		        "tri": true,
		        "radius": 14,
		        "radiusTo": 14,
		        "triLength": 42,
		        "triLengthTo":42,
		        
		        "haloRadius": 0,
		        "haloRadiusTo": 0,
		        "haloRotation": 0
		        "haloRotateSpeed": 0
		        "x": 0,    "y": 0,
		    }
		    {
		        "type": "HaloPart",
		        "rotateSpeed":0
		        "sides": 3
		        "shapes": 4
		        "color": "FFFFFF",
		        "colorTo":"FFFFFF",
		        "layer":110,
		        "tri": true,
		        "radius": 14,
		        "radiusTo": 14,
		        "triLength": 18,
		        "triLengthTo":18,
		        
		        "haloRadius": 0,
		        "haloRadiusTo": 0,
		        "haloRotation": 0
		        "haloRotateSpeed": 0
		        "x": 0,    "y": 0,
		    }
		    {
		        "type": "HaloPart",
		        "rotateSpeed":0
		        "sides": 3
		        "shapes": 2
		        "color": "FFFFFF",
		        "colorTo":"FFFFFF",
		        "layer":110,
		        "tri": true,
		        "radius": 12,
		        "radiusTo": 12,
		        "triLength": 22,
		        "triLengthTo":22,
		        
		        "haloRadius": 0,
		        "haloRadiusTo": 0,
		        "haloRotation": 0
		        "haloRotateSpeed": 0
		        "x": 0,    "y": 0,
		    }
    		]
				 }
				 }
				 }
	{
			"shootCone": 360,
			"mirror": false,
			"shake": 0,
			"reload": 60
			"inaccuracy": 360
			//"shootOnDeath": false,
			"shootSound": "none",
			"minWarmup": 0.99
			"shootWarmupSpeed": 0.032,
			"rotateSpeed":9999,
			"alwaysShooting": true,
			"shoot": {
			"shots":3
			/*"type": "ShootAlternate",
			"barrels": 3,
			"spread": 15*/
			},
			"bullet": {
				"despawnEffect": "flakExplosionBig",
				"width": 3,
				"height": 36
				"buildingDamageMultiplier":0.1
				"backColor": "FFFFFFFF",
				"frontColor": "FFFFFFFF",
				"damage": 120,
				"lifetime": 200,
				"speed": 3
				 "buildingDamageMultiplier":0
				 "parts":[
				 {
		        "type": "HaloPart",
		        "rotateSpeed":0
		        "sides": 3
		        "shapes": 1
		        "color": "FFFFFF",
		        "colorTo":"FFFFFF",
		        "layer":110,
		        "tri": true,
		        "radius": 10,
		        "radiusTo": 10,
		        "triLength": 36,
		        "triLengthTo":36,
		        
		        "haloRadius": 0,
		        "haloRadiusTo": 0,
		        "haloRotation": 0
		        "haloRotateSpeed": 0
		        "x": 0,    "y": 0,
		    }
		    {
		        "type": "HaloPart",
		        "rotateSpeed":0
		        "sides": 3
		        "shapes": 2
		        "color": "FFFFFF",
		        "colorTo":"FFFFFF",
		        "layer":110,
		        "tri": true,
		        "radius": 8,
		        "radiusTo": 8,
		        "triLength": 18,
		        "triLengthTo":18,
		        
		        "haloRadius": 0,
		        "haloRadiusTo": 0,
		        "haloRotation": 0
		        "haloRotateSpeed": 0
		        "x": 0,    "y": 0,
		    }
    		]
				 }
				 }
				 {
			"shootCone": 360,
			"mirror": false,
			"shake": 8,
			"reload": 96
			"inaccuracy": 360
			//"shootOnDeath": false,
			"minWarmup": 0.99
			"rotateSpeed":1,
			"alwaysShooting": true,
			/*"parts":[
				 {
		        "type": "HaloPart",
		        "rotateSpeed":0
		        "sides": 3
		        "shapes": 1
		        "color": "FFFFFF",
		        "colorTo":"FFFFFF",
		        "layer":110,
		        "tri": true,
		        "radius": 10,
		        "radiusTo": 10,
		        "triLength": 0,
		        "triLengthTo":99,
		        
		        "haloRadius": 0,
		        "haloRadiusTo": 0,
		        "haloRotation": 0
		        "haloRotateSpeed": 0
		        "x": 0,    "y": 0,
		    }]*/
		    //"shootY":-100
			"shoot": {
			"shots":3
			/*"type": "ShootAlternate",
			"barrels": 22,
			"spread": 33*/
			},
			"shootSound":"none",
			                "bullet":{
			                "type": "LaserBulletType",
			                "lifetime": 180,
"damage":0,
"buildingDamageMultiplier":0
"despawnEffect":"burning",
	"shootEffect":{
    "type": "ParticleEffect",
    "particles": 5,
    "line": true,
    "strokeFrom": 2,
    "strokeTo": 0,
    "lenFrom": 10,
    "lenTo": 0,
    "length": 200,
    "baseLength": 0,
    "lifetime": 30,
    "colorFrom": "F3E979",
    "colorTo": "FFFFFF",
    "cone": 30},
"collidesTeam":true,
"sideAngle":145,
"sideWidth":30,
"sideLength":30,
"colors":["97FFA8FF", "97FFA8FF", "97FFA8FF"],
"width":6, "length":999
			                "fragLifeMin":0
			                "shootSound":"laserblast",
			"fragRandomSpread":0
				"fragBullets": 1
			"fragBullet": {
			"buildingDamageMultiplier":0
"type": "LaserBulletType",
"damage":-99,
"despawnEffect":"burning",
	"shootEffect":{
    "type": "ParticleEffect",
    "particles": 5,
    "line": true,
    "strokeFrom": 2,
    "strokeTo": 0,
    "lenFrom": 10,
    "lenTo": 0,
    "length": 200,
    "baseLength": 0,
    "lifetime": 30,
    "colorFrom": "F3E979",
    "colorTo": "FFFFFF",
    "cone": 30},
"collidesTeam":true,
"sideAngle":145,
"sideWidth":30,
"sideLength":30,
"colors":["97FFA8FF", "FFFFFF", "97FFA8FF"],
"width":6, "length":999
	}
	}
			}
			{
			"shootCone": 360,
			"mirror": false,
			"shake": 8,
			"reload": 96
			"inaccuracy": 360
			//"shootOnDeath": false,
			"minWarmup": 0.99
			"rotateSpeed":1,
			"alwaysShooting": true,
			/*"parts":[
				 {
		        "type": "HaloPart",
		        "rotateSpeed":0
		        "sides": 3
		        "shapes": 1
		        "color": "FFFFFF",
		        "colorTo":"FFFFFF",
		        "layer":110,
		        "tri": true,
		        "radius": 10,
		        "radiusTo": 10,
		        "triLength": 0,
		        "triLengthTo":99,
		        
		        "haloRadius": 0,
		        "haloRadiusTo": 0,
		        "haloRotation": 0
		        "haloRotateSpeed": 0
		        "x": 0,    "y": 0,
		    }]*/
		    //"shootY":-100
			"shoot": {
			"shots":3
			/*"type": "ShootAlternate",
			"barrels": 22,
			"spread": 33*/
			},
			"shootSound":"none",
			                "bullet":{
			                "type": "LaserBulletType",
			                "lifetime": 180,
"damage":0,
"buildingDamageMultiplier":0
"despawnEffect":"burning",
	"shootEffect":{
    "type": "ParticleEffect",
    "particles": 5,
    "line": true,
    "strokeFrom": 2,
    "strokeTo": 0,
    "lenFrom": 10,
    "lenTo": 0,
    "length": 200,
    "baseLength": 0,
    "lifetime": 30,
    "colorFrom": "F3E979",
    "colorTo": "FFFFFF",
    "cone": 30},
"collidesTeam":true,
"sideAngle":145,
"sideWidth":30,
"sideLength":30,
"colors":["F3E97930", "FFFFFF30", "F3E97930"],
"width":6, "length":999
			                "fragLifeMin":0
			                "shootSound":"laserblast",
			"fragRandomSpread":0
				"fragBullets": 1
			"fragBullet": {
			"buildingDamageMultiplier":0
"type": "LaserBulletType",
"damage":99,
"despawnEffect":"burning",
	"shootEffect":{
    "type": "ParticleEffect",
    "particles": 5,
    "line": true,
    "strokeFrom": 2,
    "strokeTo": 0,
    "lenFrom": 10,
    "lenTo": 0,
    "length": 200,
    "baseLength": 0,
    "lifetime": 30,
    "colorFrom": "F3E979",
    "colorTo": "FFFFFF",
    "cone": 30},
"collidesTeam":true,
"sideAngle":145,
"sideWidth":30,
"sideLength":30,
"colors":["F3E979", "FFFFFF", "F3E979"],
"width":6, "length":999
	}
	}
			}
			{
			"shootCone": 360,
			"mirror": false,
			"shake": 8,
			"reload": 600
			"inaccuracy": 360
			//"shootOnDeath": false,
			"minWarmup": 0.99
			"shootWarmupSpeed": 0.016
			"rotateSpeed":1,
			/*"parts":[
				 {
		        "type": "HaloPart",
		        "rotateSpeed":0
		        "sides": 3
		        "shapes": 1
		        "color": "FFFFFF",
		        "colorTo":"FFFFFF",
		        "layer":110,
		        "tri": true,
		        "radius": 10,
		        "radiusTo": 10,
		        "triLength": 0,
		        "triLengthTo":99,
		        
		        "haloRadius": 0,
		        "haloRadiusTo": 0,
		        "haloRotation": 0
		        "haloRotateSpeed": 0
		        "x": 0,    "y": 0,
		    }]*/
		    //"shootY":-100
			"shoot": {
			"shots":8
			//"type": "ShootAlternate",
			"barrels": 22,
			"spread": 33
			},
			"shootSound":"none",
			                "bullet":{
			                "type": "LaserBulletType",
			                "lifetime": 180,
"damage":0,
"buildingDamageMultiplier":0
"despawnEffect":"burning",
	"shootEffect":{
    "type": "ParticleEffect",
    "particles": 5,
    "line": true,
    "strokeFrom": 2,
    "strokeTo": 0,
    "lenFrom": 10,
    "lenTo": 0,
    "length": 200,
    "baseLength": 0,
    "lifetime": 30,
    "colorFrom": "F3E979",
    "colorTo": "FFFFFF",
    "cone": 30},
"collidesTeam":true,
"sideAngle":145,
"sideWidth":30,
"sideLength":30,
"colors":["F3E97930", "FFFFFF30", "F3E97930"],
"width":6, "length":999
			                "fragLifeMin":0
			                "shootSound":"laserblast",
			"fragRandomSpread":0
				"fragBullets": 1
			"fragBullet": {
			"buildingDamageMultiplier":0
"type": "LaserBulletType",
"damage":69,
"despawnEffect":"burning",
	"shootEffect":{
    "type": "ParticleEffect",
    "particles": 5,
    "line": true,
    "strokeFrom": 2,
    "strokeTo": 0,
    "lenFrom": 10,
    "lenTo": 0,
    "length": 200,
    "baseLength": 0,
    "lifetime": 30,
    "colorFrom": "F3E979",
    "colorTo": "FFFFFF",
    "cone": 30},
"collidesTeam":true,
"sideAngle":145,
"sideWidth":30,
"sideLength":30,
"colors":["F3E979", "FFFFFF", "F3E979"],
"width":6, "length":999
	}
	}
			}
			
	{
			"shootCone": 360,
			"mirror": false,
			"shake": 8,
			"reload": 96
			"inaccuracy": 360
			"alwaysShooting": true,
			//"shootOnDeath": false,
			"minWarmup": 0.99
			"rotateSpeed":1,
			/*"parts":[
				 {
		        "type": "HaloPart",
		        "rotateSpeed":0
		        "sides": 3
		        "shapes": 1
		        "color": "FFFFFF",
		        "colorTo":"FFFFFF",
		        "layer":110,
		        "tri": true,
		        "radius": 10,
		        "radiusTo": 10,
		        "triLength": 0,
		        "triLengthTo":99,
		        
		        "haloRadius": 0,
		        "haloRadiusTo": 0,
		        "haloRotation": 0
		        "haloRotateSpeed": 0
		        "x": 0,    "y": 0,
		    }]*/
		    //"shootY":-100
			"shoot": {
			"shots":1
			/*"type": "ShootAlternate",
			"barrels": 22,
			"spread": 33*/
			},
			"shootSound":"none",
			                "bullet":{
			                "width": 1,
				"height": 1
				"backColor": "FFFFFF00",
				"frontColor": "FFFFFF00",
				"damage": 0,
				"lifetime": 2,
				"speed": 150
				 "buildingDamageMultiplier":0
			                "fragBullets": 1
			"fragBullet": {
			                "width": 1,
				"height": 1
				"backColor": "FFFFFF00",
				"frontColor": "FFFFFF00",
				"damage": 0,
				"lifetime": 2,
				"speed": 15
				 "buildingDamageMultiplier":0
			                "fragBullets": 1
			"fragBullet": {
			                "type": "LaserBulletType",
			                "lifetime": 180,
"damage":0,
"buildingDamageMultiplier":0
"despawnEffect":"burning",
	"shootEffect":{
    "type": "ParticleEffect",
    "particles": 5,
    "line": true,
    "strokeFrom": 2,
    "strokeTo": 0,
    "lenFrom": 10,
    "lenTo": 0,
    "length": 200,
    "baseLength": 0,
    "lifetime": 30,
    "colorFrom": "F3E979",
    "colorTo": "FFFFFF",
    "cone": 30},
"collidesTeam":true,
"sideAngle":145,
"sideWidth":30,
"sideLength":30,
"colors":["F3E97930", "FFFFFF30", "F3E97930"],
"width":6, "length":999
			                "fragLifeMin":0
			                "shootSound":"laserblast",
			"fragRandomSpread":0
				"fragBullets": 1
			"fragBullet": {
			"buildingDamageMultiplier":0
"type": "LaserBulletType",
"damage":99,
"despawnEffect":"burning",
	"shootEffect":{
    "type": "ParticleEffect",
    "particles": 5,
    "line": true,
    "strokeFrom": 2,
    "strokeTo": 0,
    "lenFrom": 10,
    "lenTo": 0,
    "length": 200,
    "baseLength": 0,
    "lifetime": 30,
    "colorFrom": "F3E979",
    "colorTo": "FFFFFF",
    "cone": 30},
"collidesTeam":true,
"sideAngle":145,
"sideWidth":30,
"sideLength":30,
"colors":["F3E979", "FFFFFF", "F3E979"],
"width":6, "length":999
	}
	}
	}
	}
			}
			{
			"shootCone": 360,
			"mirror": false,
			"shake": 8,
			"reload": 96
			"inaccuracy": 360
			"alwaysShooting": true,
			//"shootOnDeath": false,
			"shootWarmupSpeed": 0.016
			"minWarmup": 0.99
			"rotateSpeed":1,
			/*"parts":[
				 {
		        "type": "HaloPart",
		        "rotateSpeed":0
		        "sides": 3
		        "shapes": 1
		        "color": "FFFFFF",
		        "colorTo":"FFFFFF",
		        "layer":110,
		        "tri": true,
		        "radius": 10,
		        "radiusTo": 10,
		        "triLength": 0,
		        "triLengthTo":99,
		        
		        "haloRadius": 0,
		        "haloRadiusTo": 0,
		        "haloRotation": 0
		        "haloRotateSpeed": 0
		        "x": 0,    "y": 0,
		    }]*/
		    //"shootY":-100
			"shoot": {
			"shots":6
			/*"type": "ShootAlternate",
			"barrels": 22,
			"spread": 33*/
			},
			"shootSound":"none",
			                "bullet":{
			                "width": 1,
				"height": 1
				"backColor": "FFFFFF00",
				"frontColor": "FFFFFF00",
				"damage": 0,
				"lifetime": 2,
				"speed": 150
				 "buildingDamageMultiplier":0
			                "fragBullets": 1
			"fragBullet": {
			                "width": 1,
				"height": 1
				"backColor": "FFFFFF00",
				"frontColor": "FFFFFF00",
				"damage": 0,
				"lifetime": 2,
				"speed": 15
				 "buildingDamageMultiplier":0
			                "fragBullets": 1
			"fragBullet": {
			                "type": "LaserBulletType",
			                "lifetime": 180,
"damage":0,
"buildingDamageMultiplier":0
"despawnEffect":"burning",
	"shootEffect":{
    "type": "ParticleEffect",
    "particles": 5,
    "line": true,
    "strokeFrom": 2,
    "strokeTo": 0,
    "lenFrom": 10,
    "lenTo": 0,
    "length": 200,
    "baseLength": 0,
    "lifetime": 30,
    "colorFrom": "F3E979",
    "colorTo": "FFFFFF",
    "cone": 30},
"collidesTeam":true,
"sideAngle":145,
"sideWidth":30,
"sideLength":30,
"colors":["F3E97930", "FFFFFF30", "F3E97930"],
"width":6, "length":999
			                "fragLifeMin":0
			                "shootSound":"laserblast",
			"fragRandomSpread":0
				"fragBullets": 1
			"fragBullet": {
			"buildingDamageMultiplier":0
"type": "LaserBulletType",
"damage":99,
"despawnEffect":"burning",
	"shootEffect":{
    "type": "ParticleEffect",
    "particles": 5,
    "line": true,
    "strokeFrom": 2,
    "strokeTo": 0,
    "lenFrom": 10,
    "lenTo": 0,
    "length": 200,
    "baseLength": 0,
    "lifetime": 30,
    "colorFrom": "F3E979",
    "colorTo": "FFFFFF",
    "cone": 30},
"collidesTeam":true,
"sideAngle":145,
"sideWidth":30,
"sideLength":30,
"colors":["F3E979", "FFFFFF", "F3E979"],
"width":6, "length":999
	}
	}
	}
	}
			}
			
			
			{
			"shootCone": 360,
			"mirror": false,
			"shake": 0,
			"reload": 360
			"inaccuracy": 360
			//"shootOnDeath": false,
			"shootSound": "none",
			"rotateSpeed":9999,
			"alwaysShooting": true,
			"shoot": {
			"shots":3
			/*"type": "ShootAlternate",
			"barrels": 3,
			"spread": 15*/
			},
			"bullet": {
				"despawnEffect": "flakExplosionBig",
				"width": 3,
				"height": 36
				"buildingDamageMultiplier":0.1
				"backColor": "FFFFFFFF",
				"frontColor": "FFFFFFFF",
				"damage": 120,
				"lifetime": 200,
				"speed": 3
				 "buildingDamageMultiplier":0
				 "parts":[
				 {
		        "type": "HaloPart",
		        "rotateSpeed":0
		        "sides": 3
		        "shapes": 1
		        "color": "FFFFFF",
		        "colorTo":"FFFFFF",
		        "layer":110,
		        "tri": true,
		        "radius": 10,
		        "radiusTo": 10,
		        "triLength": 36,
		        "triLengthTo":36,
		        
		        "haloRadius": 0,
		        "haloRadiusTo": 0,
		        "haloRotation": 0
		        "haloRotateSpeed": 0
		        "x": 0,    "y": 0,
		    }
		    {
		        "type": "HaloPart",
		        "rotateSpeed":0
		        "sides": 3
		        "shapes": 1
		        "color": "FFFFFF",
		        "colorTo":"FFFFFF",
		        "layer":110,
		        "tri": true,
		        "radius": 8,
		        "radiusTo": 8,
		        "triLength": 72,
		        "triLengthTo":72,
		        
		        "haloRadius": 0,
		        "haloRadiusTo": 0,
		        "haloRotation": 0
		        "haloRotateSpeed": 0
		        "x": 0,    "y": 0,
		    }
		    {
		        "type": "HaloPart",
		        "rotateSpeed":0
		        "sides": 3
		        "shapes": 4
		        "color": "FFFFFF",
		        "colorTo":"FFFFFF",
		        "layer":110,
		        "tri": true,
		        "radius": 12,
		        "radiusTo": 12,
		        "triLength": 16,
		        "triLengthTo":16,
		        
		        "haloRadius": 0,
		        "haloRadiusTo": 0,
		        "haloRotation": 0
		        "haloRotateSpeed": 0
		        "x": 0,    "y": 0,
		    }
		    {
		        "type": "HaloPart",
		        "rotateSpeed":0
		        "sides": 3
		        "shapes": 2
		        "color": "FFFFFF",
		        "colorTo":"FFFFFF",
		        "layer":110,
		        "tri": true,
		        "radius": 8,
		        "radiusTo": 8,
		        "triLength": 18,
		        "triLengthTo":18,
		        
		        "haloRadius": 0,
		        "haloRadiusTo": 0,
		        "haloRotation": 0
		        "haloRotateSpeed": 0
		        "x": 0,    "y": 0,
		    }
    		]
    		 "intervalBullet": {
    		 "type": "LaserBulletType",
			                "lifetime": 180,
"damage":0,
"buildingDamageMultiplier":0
"despawnEffect":"burning",
	"shootEffect":{
    "type": "ParticleEffect",
    "particles": 5,
    "line": true,
    "strokeFrom": 2,
    "strokeTo": 0,
    "lenFrom": 10,
    "lenTo": 0,
    "length": 200,
    "baseLength": 0,
    "lifetime": 30,
    "colorFrom": "F3E979",
    "colorTo": "FFFFFF",
    "cone": 30},
"collidesTeam":true,
"sideAngle":145,
"sideWidth":30,
"sideLength":30,
"colors":["F3E97930", "FFFFFF30", "F3E97930"],
"width":6, "length":999
			                "fragLifeMin":0
			                "shootSound":"laserblast",
			"fragRandomSpread":0
				"fragBullets": 1
			"fragBullet": {
			"buildingDamageMultiplier":0
"type": "LaserBulletType",
"damage":99,
"despawnEffect":"burning",
	"shootEffect":{
    "type": "ParticleEffect",
    "particles": 5,
    "line": true,
    "strokeFrom": 2,
    "strokeTo": 0,
    "lenFrom": 10,
    "lenTo": 0,
    "length": 200,
    "baseLength": 0,
    "lifetime": 30,
    "colorFrom": "F3E979",
    "colorTo": "FFFFFF",
    "cone": 30},
"collidesTeam":true,
"sideAngle":145,
"sideWidth":30,
"sideLength":30,
"colors":["F3E979", "FFFFFF", "F3E979"],
"width":6, "length":999
	}
    		 }
				 }
				 }
				 
		{
		"reload": 10, 
		"x": 0,  "y": 0, 
		"rotate": false,
		"shootCone":360,
		"ejectEffect":"none",
		"shootSound":"explosionbig",
		"shootWarmupSpeed": 0.0014
		"minWarmup": 0.99
		"alwaysShooting": true,
		"mirror":false,
		"inaccuracy": 0,
		"alternate": true,
		"shootOnDeath":true,
		"bullet":{
		"width": 0,
		"height": 0
		"killShooter":true,
		"damage":0
		"instantDisappear":true,
		"collides": false,
		"speed":9999,"lifetime":1,
		"splashDamageRadius": 9999,
				"splashDamage": 0,
		}
		}
	],
}
