{
	"type": "flying",
	"name":"虚幻(阶段一)",
	"description": " ",
	"speed": 0,
	"accel":1,"drag":1,
	"rotateSpeed":1,
	"ammoType":"titanium",
	"ammoCapacity": 999999,
	"hitSize":1, 
	"buildSpeed":0
	"flying": true,
	"health":2147483617,
	"armor":0
	"mineTier":0
	"mineSpeed":0
	"engineOffset": 0,
	"engineSize": 0, 
	"abilities": [
    {
"type": "SuppressionFieldAbility",
"reload": 1,
"range": 999999,
"layer": 109,
"y": 0,
"x": 0,
"particles": 0,
"particleSize": 0,
"rotateScl": 0,
"active": true
},
{
"type": "RegenAbility",
"amount": 35791393.6167
},
{
			"type": "SpawnDeathAbility",
			"unit": "虚幻(阶段二)",
			"amount": 1,
			"randAmount": 0
			"spread": 0,
	    "faceOutwards": false,
	},
/*{ "type": "StatusFieldAbility",
    "duration": 999999,
    "reload": 1,
    "range": 1,
    "applyEffect":"none",
    "effect":"unmoving"  }
/*{
      "type": "MoveLightningAbility",
      "minSpeed": 0.1,
      "maxSpeed": 5.5,
      "offset": 20,
      "damage": 10,
      "color": "f3e979",
      "chance": 0.5,
      "shootSound": "none",
      "shootEffect": "none",
      "bulletAngle": 1,
      "bullet": {
        "type": "ShrapnelBulletType",
        "speed": 0,
        "damage": 0,
        "width": 12,
        "pierce": "true",
        "lifetime": 19,
        "lightColor": "A9D8FFFF",
        "length": 80,
        "serrations": 0,
      }
    }*/
	]
	"parts":[
	        {
        		"type": "ShapePart",
        		"color": "00000040",
        	    "circle": true,
        		"hollow": false,
        		"radius": 999999,
        		"radiusTo": 999999,
        		"layer": 210
    		}
    		{
                "type": "FlarePart",
                "rotation": 0,
                "color1": "FFFFFF40",
                "stroke": 2,
                "radius": 48,
                "radiusTo": 48,
                "progress": {
                   "type": "life",
                   "op": "curve",
                   "interp": "pow3Out"
                   }
            }
            {
		        "type": "HaloPart",
		        "rotateSpeed":0
		        "sides": 3
		        "shapes": 7
		        "color": "FFFFFF60",
		        "colorTo":"FFFFFF60",
		        "layer":110,
		        "tri": true,
		        "radius": 3,
		        "radiusTo": 3,
		        "triLength": 12,
		        "triLengthTo":12,
		        
		        "haloRadius": 0,
		        "haloRadiusTo": 0,
		        "haloRotation": 0
		        "haloRotateSpeed": 0.5
		        "x": 0,    "y": 0,
		    }
		    {
		        "type": "HaloPart",
		        "rotateSpeed":0
		        "sides": 3
		        "shapes": 5
		        "color": "FFFFFF60",
		        "colorTo":"FFFFFF60",
		        "layer":110,
		        "tri": true,
		        "radius": 5,
		        "radiusTo": 5,
		        "triLength": 7,
		        "triLengthTo":7,
		        
		        "haloRadius": 0,
		        "haloRadiusTo": 0,
		        "haloRotation": 0
		        "haloRotateSpeed": 1
		        "x": 0,    "y": 0,
		    }
		    
		    {
        		"type": "ShapePart",
        		"color": "FFFFFF",
        	    "circle": true,
        		"hollow": false,
        		"radius": 25,
        		"radiusTo": 25,
        		"layer": 210
    		}
    		{
        		"type": "ShapePart",
        		"color": "000000",
        	    "circle": true,
        		"hollow": false,
        		"radius": 22.5,
        		"radiusTo": 22.5,
        		"layer": 210
    		}
	]
	
	"weapons": [
	{
			"shootCone": 360,
			"mirror": false,
			"shake": 0,
			"reload": 60
			"inaccuracy": 360
			//"shootOnDeath": false,
			"shootSound": "none",
			"alwaysShooting": true,
			"shoot": {
			"shots":4
			"type": "ShootAlternate",
			//"barrels": 3,
			//"spread": 2
			},
			"bullet": {
				"despawnEffect": "flakExplosionBig",
				"width": 12,
				"height": 12
				"buildingDamageMultiplier":0.1
				"backColor": "FFFFFFFF",
				"frontColor": "FFFFFFFF",
				"splashDamageRadius": 12,
				"splashDamage": 19,
				"lifetime": 400,
				"speed": 1
				 "buildingDamageMultiplier":0
				
				"parts":[
    		{
                "type": "FlarePart",
                "rotation": 0,
                "color1": "FFFFFF40",
                "stroke": 2,
                "radius": 12,
                "radiusTo": 36,
                "progress": {
                   "type": "life",
                   "op": "curve",
                   "interp": "pow3Out"
                   }
            }
            {
		        "type": "HaloPart",
		        "rotateSpeed":0
		        "sides": 3
		        "shapes": 7
		        "color": "FFFFFF60",
		        "colorTo":"FFFFFF60",
		        "layer":110,
		        "tri": true,
		        "radius": 3,
		        "radiusTo": 3,
		        "triLength": 12,
		        "triLengthTo":12,
		        
		        "haloRadius": 0,
		        "haloRadiusTo": 0,
		        "haloRotation": 0
		        "haloRotateSpeed": 1
		        "x": 0,    "y": 0,
		    }
		    
		    {
        		"type": "ShapePart",
        		"color": "FFFFFF",
        	    "circle": true,
        		"hollow": false,
        		"radius": 12
        		"radiusTo": 12
        		"layer": 210
    		}
    		{
        		"type": "ShapePart",
        		"color": "000000",
        	    "circle": true,
        		"hollow": false,
        		"radius": 9
        		"radiusTo": 9
        		"layer": 210
    		}
    		{
        		"type": "ShapePart",
        		"color": "FFFFFF",
        	    "circle": true,
        		"hollow": true,
        		"radius": 72
        		"radiusTo": 36
        		"stroke": 0,
        		"strokeTo": 3,
        		"layer": 210
    		}
	]
				"fragVelocityMin": 4
				"fragBullet": {
				"collidesGround": true
				"collidesAir": true
				//"type": "ExplosionBulletType",
				"hitColor": "FFB381FF",
				"splashDamage": 68,
				"splashDamageRadius": 36,
				"despawnShake": 3,
				"buildingDamageMultiplier":0
				"lifetime": 0,
				"speed": 0
				"hitEffect": [
				   {"type": "ParticleEffect"
				   "startDelay":0
				   "particles": 8
				   "sizeFrom": 3,
				   "sizeTo": 0,
				   "length": 0,
				   "baseLength": 36,
				   "lifetime": 150,
				   "colorFrom": "FFFFFF",
				   "colorTo": "FFFFFF00",
				   "cone": 360},
				   {
				   "type": "WaveEffect",
				   "startDelay":0
				   "lifetime": 150,
				   "sizeFrom": 36,
				   "sizeTo": 36,
				   "strokeFrom": 6,
				   "strokeTo": 0,
				   "colorFrom": "FFFFFF40",
				   "colorTo": "FFFFFF40"}
				   ]
				  "shootEffect": [
				   {"type": "ParticleEffect"
				   "startDelay":0
				   "particles": 8
				   "sizeFrom": 3,
				   "sizeTo": 0,
				   "length": 0,
				   "baseLength": 36,
				   "lifetime": 150,
				   "colorFrom": "FFFFFF",
				   "colorTo": "FFFFFF00",
				   "cone": 360},
				   {
				   "type": "WaveEffect",
				   "startDelay":0
				   "lifetime": 150,
				   "sizeFrom": 36,
				   "sizeTo": 36,
				   "strokeFrom": 6,
				   "strokeTo": 0,
				   "colorFrom": "FFFFFF40",
				   "colorTo": "FFFFFF40"}
				   ]
				"despawnEffect": [
				   {"type": "ParticleEffect"
				   "startDelay":0
				   "particles": 8
				   "sizeFrom": 3,
				   "sizeTo": 0,
				   "length": 0,
				   "baseLength": 36,
				   "lifetime": 150,
				   "colorFrom": "FFFFFF",
				   "colorTo": "FFFFFF00",
				   "cone": 360},
				   {
				   "type": "WaveEffect",
				   "startDelay":0
				   "lifetime": 150,
				   "sizeFrom": 36,
				   "sizeTo": 36,
				   "strokeFrom": 6,
				   "strokeTo": 0,
				   "colorFrom": "FFFFFF40",
				   "colorTo": "FFFFFF40"}
				   ]
				  }
				  }
				  }
	{
			"shootCone": 0,
			"mirror": false,
			"shake": 0,
			"reload": 60
			"inaccuracy": 360
			//"shootOnDeath": false,
			"shootSound": "none",
			"minWarmup": 0.99
			"shootWarmupSpeed": 0.012,
			"rotateSpeed":9999,
			"alwaysShooting": true,
			"shoot": {
			"shots":3
			/*"type": "ShootAlternate",
			"barrels": 3,
			"spread": 15*/
			},
			"bullet": {
				"despawnEffect": "flakExplosionBig",
				"width": 3,
				"height": 36
				"buildingDamageMultiplier":0.1
				"backColor": "FFFFFFFF",
				"frontColor": "FFFFFFFF",
				"damage": 120,
				"lifetime": 200,
				"speed": 3
				 "buildingDamageMultiplier":0
				 "parts":[
				 {
		        "type": "HaloPart",
		        "rotateSpeed":0
		        "sides": 3
		        "shapes": 1
		        "color": "FFFFFF",
		        "colorTo":"FFFFFF",
		        "layer":110,
		        "tri": true,
		        "radius": 10,
		        "radiusTo": 10,
		        "triLength": 36,
		        "triLengthTo":36,
		        
		        "haloRadius": 0,
		        "haloRadiusTo": 0,
		        "haloRotation": 0
		        "haloRotateSpeed": 0
		        "x": 0,    "y": 0,
		    }
		    {
		        "type": "HaloPart",
		        "rotateSpeed":0
		        "sides": 3
		        "shapes": 2
		        "color": "FFFFFF",
		        "colorTo":"FFFFFF",
		        "layer":110,
		        "tri": true,
		        "radius": 8,
		        "radiusTo": 8,
		        "triLength": 18,
		        "triLengthTo":18,
		        
		        "haloRadius": 0,
		        "haloRadiusTo": 0,
		        "haloRotation": 0
		        "haloRotateSpeed": 0
		        "x": 0,    "y": 0,
		    }
    		]
				 }
				 }
		{
			"shootCone": 0,
			"mirror": false,
			"shake": 0,
			"reload": 120
			"inaccuracy": 0
			//"shootOnDeath": false,
			"shootSound": "none",
			"minWarmup": 0.99
			"shootWarmupSpeed": 0.022,
			"rotateSpeed":9999,
			"alwaysShooting": true,
			"shoot": {
			"shots":3
			"type": "ShootAlternate",
			"barrels": 3,
			"spread": 15
			},
			"bullet": {
				"despawnEffect": "flakExplosionBig",
				"width": 3,
				"height": 36
				"buildingDamageMultiplier":0.1
				"backColor": "FFFFFFFF",
				"frontColor": "FFFFFFFF",
				"damage": 120,
				"lifetime": 200,
				"speed": 3
				 "buildingDamageMultiplier":0
				 "parts":[
				 {
		        "type": "HaloPart",
		        "rotateSpeed":0
		        "sides": 3
		        "shapes": 1
		        "color": "FFFFFF",
		        "colorTo":"FFFFFF",
		        "layer":110,
		        "tri": true,
		        "radius": 10,
		        "radiusTo": 10,
		        "triLength": 36,
		        "triLengthTo":36,
		        
		        "haloRadius": 0,
		        "haloRadiusTo": 0,
		        "haloRotation": 0
		        "haloRotateSpeed": 0
		        "x": 0,    "y": 0,
		    }
		    {
		        "type": "HaloPart",
		        "rotateSpeed":0
		        "sides": 3
		        "shapes": 2
		        "color": "FFFFFF",
		        "colorTo":"FFFFFF",
		        "layer":110,
		        "tri": true,
		        "radius": 8,
		        "radiusTo": 8,
		        "triLength": 18,
		        "triLengthTo":18,
		        
		        "haloRadius": 0,
		        "haloRadiusTo": 0,
		        "haloRotation": 0
		        "haloRotateSpeed": 0
		        "x": 0,    "y": 0,
		    }
    		]
				 }
				 }
				 {
			"shootCone": 0,
			"mirror": false,
			"shake": 8,
			"reload": 99999
			"inaccuracy": 0
			//"shootOnDeath": false,
			"minWarmup": 0.99
			"shootWarmupSpeed": 0.005,
			"rotateSpeed":0.1,
			"shoot":{
			"type":"ShootPattern",
			"firstShotDelay":120
		},
			"parts":[
				 {
		        "type": "HaloPart",
		        "rotateSpeed":0
		        "sides": 3
		        "shapes": 1
		        "color": "FFFFFF",
		        "colorTo":"FFFFFF",
		        "layer":110,
		        "tri": true,
		        "radius": 10,
		        "radiusTo": 10,
		        "triLength": 0,
		        "triLengthTo":99,
		        
		        "haloRadius": 0,
		        "haloRadiusTo": 0,
		        "haloRotation": 0
		        "haloRotateSpeed": 0
		        "x": 0,    "y": 0,
		    }]
		    "shootEffect":{
    "type": "ParticleEffect",
    "particles": 555,
    "line": true,
    "sizeFrom":12
    "sizeTo":0
    "strokeFrom": 12,
    "strokeTo": 0,
    "lenFrom": 10,
    "lenTo": 0,
    "length": 200,
    "baseLength": -200,
    "lifetime": 120,
    "colorFrom": "FFFFFF00",
    "colorTo": "FFFFFF",
    "cone": 30},
			"shootSound":"laserblast",
    "continuous":true,
    "coolEffect":"steam",
	"cooldownTime":60,
		"moveWhileCharging": false,
		"alwaysShooting": true,
			                "bullet":{
			                "buildingDamageMultiplier":0
"type": "ContinuousLaserBulletType",
	"hitEffect": "hitMeltdown",
	"knockback":0.2,
	"damage":99999999
"despawnEffect":"burning",
"lifetime":240
	"shootEffect":{
    "type": "ParticleEffect",
    "particles": 555,
    "line": true,
    "sizeFrom":12
    "sizeTo":0
    "strokeFrom": 12,
    "strokeTo": 0,
    "lenFrom": 10,
    "lenTo": 0,
    "length": 0,
    "baseLength": 200,
    "lifetime": 240,
    "colorFrom": "FFFFFF",
    "colorTo": "FFFFFF00",
    "cone": 360},
"collidesTeam":true,
"sideAngle":145,
"sideWidth":45,
"sideLength":999,
"colors":["FFFFFF", "FFFFFF", "FFFFFF"],
"width":60, "length":999
	}
			}
			{
		"reload": 10, 
		"x": 0,  "y": 0, 
		"rotate": false,
		"shootCone":360,
		"ejectEffect":"none",
		"shootSound":"explosionbig",
		"shootWarmupSpeed": 0.00199
		"minWarmup": 0.99
		"alwaysShooting": true,
		"mirror":false,
		"inaccuracy": 0,
		"alternate": true,
		"shootOnDeath":true,
		"bullet":{
		"width": 0,
		"height": 0
		"killShooter":true,
		"damage":0
		"instantDisappear":true,
		"collides": false,
		"speed":9999,"lifetime":1,
		"splashDamageRadius": 9999,
				"splashDamage": 0,
		}
		}
	],
}
