{
"type":"floor",
"name":"水道",
"description": "可以让你在地上铺置水道，用来给海军通路"
"details":"海军:“太实用了”"
"requiresWater":false,
"status":"wet",//附加效果
"statusDuration": 90,//效果时长
"cacheLayer": "water",
"albedo": 0.9,
"shallow":false,//浅水
"drownTime":1
"cacheLayer":"water",
"isLiquid": true,
"liquidDrop": "water",
"liquidMultiplier": 1,
"variants":0
"requirements": [
"化钢/100",
"copper/200",
"lead/100"
"silicon/30"
]	
"category": "effect",
"research": "浮桥"
}