{ 
     "type":"PointDefenseTurret",
     "name":"撕裂光束", 
     "description":"裂解光束的升级版，摧毁袭来除激光以外的子弹或导弹。", 
     "health":1560,
	     "size":3,
     "rotateSpeed":10,
	 "range":250,
	 "reloadTime":5,
	 "retargetTime":3
	 "shootLength":10,
	 "inaccuracy": 15,
	 "bulletDamage": 50,
	 "hasPower":true
	 "acceptCoolant":true
	 	 "coolantMultiplier":4
"consumes": {
		"power":12

	},
	  "requirements": [
	  { "item": "铜板", "amount":150 }
		{ "item": "thorium", "amount":180 }
		{ "item": "metaglass", "amount":225 }
		{ "item": "surge-alloy", "amount":45 }
		{ "item": "phase-fabric", "amount":110 }
		
	],
	"category": "turret",
	"research": "segment"
	 
	 
	 
	 
	 
}
