{
     "name":"治疗者", 
     "description":"发射治疗建筑的子弹，使用能量。全自动治疗建筑", 
     "health":600,
	     "size":1,
		   "targetAir":true,
     "targetGround":true,
	 "rotateSpeed":8
	  "reloadTime": 15,
	 "maxAmmo":10,
	 "range":100,
	  "shootSound":"治疗塔",
	 "knockback": 3,
	 "inaccuracy": 3,
	 "powerUse": 1,
	 "shootType": {
	      "type":"LaserBoltBulletType"
		   "speed":3
		   "lifetime":40
		  "healPercent":5
		   "damage":15
			 "backColor":"00FF7F"
		   "collidesTeam":true
}

	  "requirements": [
	  		{ "item": "铅板", "amount":65 }
			{ "item": "plastanium", "amount":35 }
		{ "item": "硅板", "amount":35 }
		
	],
	"category": "turret",
	"research": "电子分解机"
}