{
     "type":"PowerTurret",
     "name":"光散炮", 
     "description":"中型炮塔，向空中发射电弧", 
     "health":900,
	 "chargeTime": 0,
            "reloadTime":30
            "shootCone":40
            "rotateSpeed":8
            "powerUse" :3
            "targetAir" :true
			"targetGround": false,
            "range":120
            "shootEffect":"lightningShoot"
            "recoilAmount":1
            "size":2
			 "shots": 3,
            "health":260
            "shootSound":"spark"
 "shootType":{
  "type":"LightningBulletType",
                "damage":12
                "lightningLength":25
                "collidesAir": true,
		"collidesTiles": false,
		"collidesGround": false
            }
	"requirements": [
  "copper/40"
  "silicon/35"
  "titanium/65"
]
"category": "turret"
"research": "arc"

  }