{
	"type": "PowerTurret",
	"name": "宏光炮",
	"description": "大型炮塔，向空中发射一撮电弧",
	"shootSound": "shotgun",
	"health": 1950,
	"chargeTime": 0,
	"recoil": 5,
	"cooldown": 5,
	"size": 3,
	"targetAir": true,
	"targetGround": false,
	"rotatespeed": 5,
	"heatColor": "turretHeat",
	"shots": 5,
	"spread": 8,
	"range": 180,
	"canOverdrive": true,
	"powerUse": 5.5,
	"reloadTime": 60,
	"shootType": {
		"type": "LaserBulletType",
		"hitEffect": "hitLancer",
		"shootEffect": "lightningShoot",
		"hitSize": 6,
		"lifetime": 40,
		"damage": 80,
		"collidesAir": true,
		"collidesTiles": false,
		"collidesGround": false
	},
	"requirements": [
		"plastanium/125",
		"silicon/90",
		"titanium/105",
		"thorium/75"
	],
	"category": "turret"
	"research": "e-光散炮"
}