{ 
     "type":"ItemTurret",
     "name":"咆哮", 
     "description":"超大型炮塔，发射一颗装满弹片的大型子弹。", 
     "health":2950,
	     "size":4,
		   "targetAir":true,
     "targetGround":true,
     "rotatespeed":5,
	 "range":250,
	 "recoil": 2,
	 "reloadTime":120,
	 "shootSound":"missile"
	 "inaccuracy": 15,
	 "shots": 1,
	 
       "ammoTypes": {
"blast-compound": {
	       "type":"MissileBulletType"
		   "speed":5
	   "lifetime":50
     "damage": 0
	 "splashDamageRadius":30,
	   "splashDamage":90,
     "width": 20
     "height": 20
	 "hitEffect":"plasticExplosion"
     "shootEffect": "shootBig"
     "smokeEffect": "shootSmallSmoke"
     "ammoMultiplier": 1
	 "reloadMultiplier":1.8
	 "backColor":"e68a8a"
     "frontColor":"e68a8a"
	 "trailColor":"e68a8a"
	 "homingPower":1,
	 "homingRange":100,
	 "fragBullets":30,
	  "weaveScale": 8,
	 "weaveMag":3,
	 "hitEffect":"plasticExplosion"
	 "status":"blasted"
	 "fragBullet":{
		
	    "fragLifeMin":0.2,
		"fragLifeMax":1.5
				"type":"MissileBulletType",
				"speed": 3
				"lifetime": 60,
				"width": 15,
				"height": 15,
            "splashDamageRadius":15,
	   "splashDamage":30,
			"backColor":"e68a8a"
			  "frontColor":"e68a8a"
			  "status":"blasted"
			  "homingPower":1,
	 "homingRange":50,
	 "hitEffect":"plasticExplosion"
			  
}
	 
	 
}

"钛板": {
	       "type":"MissileBulletType"
		   "speed":5
	   "lifetime":50
     "damage": 0
     "width": 20
     "height": 30
	 "hitEffect":"plasticExplosion"
     "shootEffect": "shootBig"
     "smokeEffect": "shootSmallSmoke"
     "ammoMultiplier": 2
	 "backColor":"9db0d6"
     "frontColor":"9db0d6"
	 "trailColor":"9db0d6"
	 "reloadMultiplier":1.5
	 			  "weaveScale": 8,
			"weaveMag":3,
	 "homingPower":1,
	 "homingRange":100,
	  "splashDamageRadius":33,
	   "splashDamage":66,
	   "fragBullets":5,
	   "status":"freezing"
		"fragBullet":{
		"fragBullets":5,
	    "fragLifeMin":0.2,
		"fragLifeMax":1.5
				"type":"ShrapnelBulletType",
				"speed": 3
				"lifetime": 10,
				"width": 20,
				"height": 20,
            "damage": 100
			"backColor":"9db0d6"
			  "frontColor":"9db0d6"
			  "status":"freezing"
			  
}

}
}


	  "requirements": [
		{ "item": "钛板", "amount":325 }
		{ "item": "graphite", "amount":500 }
		{ "item": "德伊曼纯铁", "amount":175 }
		{ "item": "surge-alloy", "amount":300 }
		
	],
	"category": "turret",
	"research": "星啸炮"
	 
	 
	 
	 
	 
}
