{ 
     "type":"ItemTurret",
     "name":"星啸炮", 
     "description":"大型炮塔，快速的从三个炮口射出密集子弹。", 
     "health":2000,
	     "size":3,
		   "targetAir":true,
     "targetGround":true,
     "rotatespeed":5,
	 "range":230,
	 "recoil": 2,
	 "reload":10,
	 "xRand":3,
	 "shootSound":"missile"
	 "inaccuracy": 15,
	 "shots": 1,
	 
       "ammoTypes": {
	     "metaglass": {
	       "type":"MissileBulletType"
		   "speed":5
	   "lifetime":60
     "damage": 43
	 "splashDamageRadius":12,
	   "splashDamage":13,
     "bulletWidth": 11
     "bulletHeight": 10
	 "reloadMultiplier":0.8
	 "hitEffect":"flakExplosion"
     "shootEffect": "shootBig"
     "smokeEffect": "shootSmallSmoke"
     "ammoMultiplier": 2
}
"blast-compound": {
	       "type":"MissileBulletType"
		   "speed":5
	   "lifetime":60
     "damage": 73
	 "splashDamageRadius":22,
	   "splashDamage":17,
     "Width": 20
     "Height": 20
	 "hitEffect":"plasticExplosion"
     "shootEffect": "shootBig"
     "smokeEffect": "shootSmallSmoke"
     "ammoMultiplier": 4
	 "reloadMultiplier":1.2
}

"炸药": {
	       "type":"MissileBulletType"
		   "speed":5
	   "lifetime":60
     "damage": 50
	 "splashDamageRadius":30,
	   "splashDamage":20,
     "Width": 20
     "Height": 30
	 "hitEffect":"plasticExplosion"
     "shootEffect": "shootBig"
     "smokeEffect": "shootSmallSmoke"
     "ammoMultiplier": 2
	 "reloadMultiplier":1.5
}
}


	  "requirements": [
		{ "item": "铅板", "amount":95 }
		{ "item": "graphite", "amount":55 }
		{ "item": "德伊曼纯铁", "amount":45 }
		{ "item": "plastanium", "amount":65 }
		
	],
	"category": "turret",
	"research": "电子分解机"
	 
	 
	 
	 
	 
}
