{
     "type":"ItemTurret",
     "name":"海龙", 
     "description":"超大型炮塔，向远处的敌人射出一大簇弹药。
	 :x 6分裂的50伤害
	 :x 9分裂的60伤害
	 :x 12分裂的70伤害
	 炸药：x30分裂的40伤害", 
     "health":3250,
	     "size":4,
		   "targetAir":false,
     "targetGround":true,
	 "rotateSpeed":5
     "reloadTime": 120,
	 "maxAmmo":12,
	 "range":350,
	 "shootSound":"artillery"
	 "recoil": 2,
	 "knockback": 6,
	 "inaccuracy": 2,
	 "recoilAmount":5
	 "shots": 1,
	 	 "velocityInaccuracy":0.1
		 "ammoUseEffect":"lightningShoot"
		 "ammoEjectBack":5
		 "minRange":1
		 
		 
		 
	 "ammoTypes": {
	 
	     "blast-compound": {
	       "type":"ArtilleryBulletType"
		   "speed":3
		   "lifetime":240
     "width": 20
     "height": 40
	 "hitEffect":"plasticExplosionFlak"
	 "splashDamageRadius":73,
	   "splashDamage":84,
	 "reloadMultiplier":0.8
	 "frontColor":"FF6A6A"
     "reloadMultiplier":1.2
     "ammoMultiplier": 2
	 	 "fragBullets":9,
	 "fragLifeMin":0.2,
		"fragLifeMax":1.5
		"fragBullet":{
		"fragBullets":9,
				"type":"ArtilleryBulletType",
				"speed": 3
				"lifetime": 60,
				"width": 20,
				"height": 20,
				"splashDamage": 60,
				"splashDamageRadius": 60,
			"despawnEffect":"plasticExplosionFlak"
			  "frontColor":"FF8247"
}

}

"pyratite": {
	       "type":"ArtilleryBulletType"
		   "speed":3
		   "lifetime":240
     "width": 20
     "height": 30
	 "hitEffect":"plasticExplosionFlak"
	 "splashDamageRadius":43,
	   "splashDamage": 121,
	 "frontColor":"FFFACD"
	 "reloadMultiplier":1.4
	 "fragBullets":6,
     "ammoMultiplier": 3
	 "fragLifeMin":0.3,
		"fragLifeMax":1
		"fragBullet":{
		"fragBullets":3,
				"type":"ArtilleryBulletType",
				"speed": 3
				"lifetime": 40,
				"width": 20,
				"height": 20,
				"splashDamage": 50,
				"splashDamageRadius": 30,
			"despawnEffect":"plasticExplosionFlak"
			  "frontColor":"FFFACD"
}

}

"surge-alloy": {
	       "type":"ArtilleryBulletType"
		   "speed":3
		   "lifetime":240
     "width": 30
     "height": 50
	 "hitEffect":"impactcloud"
	 "splashDamageRadius":62,
	   "splashDamage":142,
	 "frontColor":"EEDC82"
     "reloadMultiplier":0.7
     "ammoMultiplier": 1
	 "fragBullets":12,
	 "fragLifeMin":0.3,
		"fragLifeMax":1
		"fragBullet":{
				"type":"ArtilleryBulletType",
				"speed": 3
				"lifetime": 40,
				"width": 20,
				"height": 20,
				"splashDamage": 70,
				"splashDamageRadius": 35,
			"despawnEffect":"plasticExplosionFlak"
		    	"lightning" :4
                "lightningLength" :10
                "lightningDamage":25
			  "frontColor":"EEDC82"
}

}

"炸药": {
	       "type":"ArtilleryBulletType"
		   "speed":3
		   "lifetime":240
     "width": 35
     "height": 45
	 "hitEffect":"plasticExplosionFlak"
	 "splashDamageRadius":100,
	   "splashDamage":60,
	 "reloadMultiplier":0.8
	 "frontColor":"FF6A6A"
     "reloadMultiplier":1.2
	 "fragBullets":30,
     "ammoMultiplier": 2
	 "fragLifeMin":0.2,
		"fragLifeMax":1.5
		"fragBullet":{
				"type":"ArtilleryBulletType",
				"speed": 3
				"lifetime": 40,
				"width": 20,
				"height": 20,
				"splashDamage": 40,
				"splashDamageRadius": 80,
			"despawnEffect":"plasticExplosionFlak"
			  "frontColor":"FF8247"
}




}
}


	  "requirements": [
		{ "item": "lead", "amount":500 }
		{ "item": "钛板", "amount":125 }
		{ "item": "plastanium", "amount":95 }
		{ "item": "graphite", "amount":175 }
        { "item": "surge-alloy", "amount":200 }
		
	],
	"category": "turret",
	"research": "ripple"
}