{
	"type": "tank",
	"name": "地壳",
	"description": "",
	"template": "ErekirUnitType",
	"squareShape": true,
	"omniMovement": false,
	"rotateMoveFirst": false,
	"rotateSpeed": 4,
	"speed": 0.4,
	"hitSize": 80,
			"ammoType":{
	"type":"PowerAmmoType",
	"totalPower":2200},
	"ammoCapacity": 700
    "ammoResupplyAmount":1,/*弹药补给倍率 */
	"health": 40960,
	"armor": 78,
	"drag": 0.08,
	"accel": 0.1,
	"itemCapacity":100,
	"treadPullOffset": 8,
	"crushDamage":10,
	"range":336,
	"treadRects": [
		{
			"x": 8,
			"y": 2.75,
			"width":2,
			"height":6
		},
		{
			"x": 8,
			"y": -4.5,
			"width": 2,
			"height": 6
		},
	],
	"faceTarget": false,
	/*"requirements": {
		"block": "ground-factory",
		"time": 1800,
		"requirements": [
			"silicon/30",
			"lead/25",
			"titanium/25"
		]},*/
	"weapons": [
		{
			"name": "地壳-1",
			"reload": 120,
			"x": 0,
			"y": 0,
			"shootY": 20,
			"cooldownTime": 100,
			"rotate": true,
			"rotateSpeed": 2,
			"recoil": 6,
			"mirror": false,
			"inaccuracy": 0.5,
			"shootSound": "largeCannon",
			"shake": 8,
			"bullet": {
						"damage": 500,
				"splashDamage": 285,
				"splashDamageRadius": 80,
				"buildingDamageMultiplier": 1.5,
				"sprite": "missile-large",
				"width": 10,
				"height": 26,
				"hitSize": 18,
				"speed": 24,
				"lifetime": 17,
				"drag": -0.01,
				"absorbable": false,
				"hittable": false,
				"pierce": true,
				"pierceArmor": true,
				"pierceBuilding": true,
				"pierceCap": 4,
				"hitShake": 5,
				"status": "unmoving",
				"statusDuration": 80,
				"frontColor": "FFFFFF",
				"backColor": "FEEBB3",
				"trailLength": 8,
				"trailWidth": 4,
				"trailColor": "FEEBB3",
				"trailRotation": true,
				"trailChance": 1,
				"trailInterval": 33,
				"trailEffect": {
					"type": "ParticleEffect",
					"particles": 3,
					"sizeFrom": 3,
					"sizeTo": 0,
					"interp": "circleOut",
					"sizeInterp": "pow3In",
					"length": 10,
					"baseLength": 0,
					"lifetime": 8,
					"colorFrom": "FEEBB3",
					"colorTo": "FEEBB3"
				},
				"shrinkY": 0,
				"hitEffect": {
					"type": "MultiEffect",
					"effects": [
						{
							"type": "ParticleEffect",
							"particles": 9,
							"sizeFrom": 10,
							"sizeTo": 0,
							"length": 90,
							"baseLength": 8,
							"lifetime": 35,
							"colorFrom": "FEEBB3",
							"colorTo": "FEEBB3"
						},
						{
							"type": "WaveEffect",
							"lifetime": 10,
							"sizeFrom": 2,
							"sizeTo": 60,
							"strokeFrom": 10,
							"strokeTo": 0,
							"colorFrom": "FEEBB3",
							"colorTo": "FEEBB3"
						}
					]
				},
				"hitSound": "plasmaboom",
				"shootEffect": {
					"type": "MultiEffect",
					"effects": [
						{
							"type": "ParticleEffect",
							"particles": 6,
							"line": true,
							"strokeFrom": 6,
							"strokeTo": 0,
							"lenFrom": 25,
							"lenTo": 0,
							"length": 50,
							"baseLength": 0,
							"lifetime": 11,
							"colorFrom": "FEEBB3",
							"colorTo": "FEEBB3",
							"cone": 15
						},
						{
							"type": "WaveEffect",
							"lifetime": 10,
							"sizeFrom": 0,
							"sizeTo": 35,
							"strokeFrom": 4,
							"strokeTo": 0,
							"colorFrom": "FEEBB3",
							"colorTo": "FEEBB3"
						}
					]
				},
				"smokeEffect": "smokeCloud",
				"despawnEffect": {
					"type": "ParticleEffect",
					"particles": 1,
					"sizeFrom": 10,
					"sizeTo": 0,
					"length": 0,
					"baseLength": 0,
					"lifetime": 65,
					"colorFrom": "FEEBB3",
					"colorTo": "FFFFFF"
				}
			}
					"fragLifeMin": 0.1,
				"fragBullets": 3,
				"fragRandomSpread": 60,
				"fragBullet": {
					"type": "PointBulletType",
					"trailEffect": "none",
					"despawnEffect": "none",
					"status": "blasted",
					"hitEffect": {
						"type": "MultiEffect",
						"effects": [
							{
								"type": "ParticleEffect",
								"particles": 9,
								"sizeFrom": 8,
								"sizeTo": 0,
								"length": 55,
								"baseLength": 0,
								"lifetime": 15,
								"colorFrom": "FEEBB3",
								"colorTo": "FEEBB3"
							},
							{
								"type": "WaveEffect",
								"lifetime": 15,
								"sizeFrom": 2,
								"sizeTo": 40,
								"strokeFrom": 6,
								"strokeTo": 0,
								"colorFrom": "FEEBB3",
								"colorTo": "FEEBB3"
							}
						]
					},
					"hitSound": "laser",
					"collides": false,
					"damage": 250,
					"splashDamageRadius": 40,
					"splashDamage": 85,
					"lifetime": 10,
					"speed": 8
				},
			}
	]
	 "alwaysUnlocked": true,
}