{
    "name": "commandblocks",
    "displayName": "[cyan]Command[] Mod",
    "author": "[royal]sk7725[]",
    "description": "A mod that adds a multitude of new features, such as:\n[orange]Next-level Blocks[], such as Command Blocks, Note Blocks or Air Walls;\n[white]Commands[] and [accent]Skills[] that you can research and use;\nA completely new [scarlet]Gamemode[];\nAnd much more!\n\n[royal]Thanks to:\n우파루파, 영감, Xelo, Sonnicon, Gdeft, Eldoofus[]\n[royal]한국어/Korean translation by sk7725.[]\n\nWe have a [#7289da]Discord[] server:\nhttps://discord.gg/RCCVQFW[]",
    "version": "0.551",
}
