{
    "type": "material", // 类型，固定为“material”，不可更改
    "name": "锗", // 物品名称
    "description": "一种电导比较高的金属", // 物品的基本介绍，用于描述其用途或特点
    "color": "9CA86BFF", // 物品的颜色，以 ARGB（Alpha、Red、Green、Blue）十六进制格式表示
    "explosiveness": 0, // 爆炸性，数值越高表示爆炸性越强
    "charge": 0.8, // 电荷值
    "cost": 1.8, // 成本，可能用于计算生产或交易价格
    "hardness": 3, // 硬度，数值越高表示物品越坚硬
    "alwaysUnlocked": false, // 是否始终解锁，false表示一开始不会解锁
    "research": "死物质"
}
