{
	"name": "晶片机甲",
	"description": "外星人的基础型机甲，",
	"buildPower": 3,
	"health": 210,
    "maxSpeed": 14,
	"mass":7,
	"speed": 0.4,
	"drillPower":5,
	"mineSpeed":4,
	"boostSpeed": 0.08,
	"drag": 0.05,
	"engineOffset": 5,
	"engineColor": "f47eff",
	"engineSize": 1.5,
	"flying": true,
	"itemCapacity": 50,

	"weaponOffsetX": -1,
	"weaponOffsetY": 0,

	"weapon": {
"shootSound": "wwq",
	"name": "w1w",
	"recoil":0.9,
	"length": 7,
	"width":5,
	"ejectEffect":"hitLancer",
	"reload": 60,
	"range": 40,

	"lengthRand":9,
"alternate": false,

  "bullet":{
	           "type":"FlakBulletType",
			   "speed": 8,
               "bulletSprite":"科技革命-wdd",
			   "damage":0.3,
			   "fragBullets":10,
			   "fragVelocityMin":0.2,
			   "despawnEffect":"hitLancer",
			   "fragVelocityMax":0.2,
			   "bulletWidth": 15,
			   "backColor":"ffffff",
			   "frontColor":"ffffff",
			   "bulletHeight": 17,
			   "pierce":false,
	"fragBullet":
			   {
				"type":"FlakBulletType",
				"speed": 8,
				"bulletSprite":"科技革命-wdd",
				"damage": 0.2,
				"fragBullets":8,
				"fragVelocityMin":0.3,
				"despawnEffect":"hitLancer",
				"hitEffect":"hitLancer",
				"smokeEffect":"hitLancer",
				"fragVelocityMax":0.3,
				"bulletWidth": 16,
				"backColor":"ffffff",
				"frontColor":"ffffff",
				"bulletHeight": 18,
				"pierce":false,
	"fragBullet":
				{
				 "type":"FlakBulletType",
				 "speed": 8,
				 "bulletSprite":"科技革命-wdd",
				 "damage": 0.1,
				 "fragBullets":4,
				 "fragVelocityMin":0.4,
				 "despawnEffect":"hitLancer",
				 "hitEffect":"hitLancer",
				 "smokeEffect":"hitLancer",
				 "fragVelocityMax":0.4,
				 "bulletWidth": 19,
				 "backColor":"ffffff",
				 "frontColor":"ffffff",
				 "bulletHeight": 22,
				 "pierce":false
			    }
			   }
	          }
             }
            }
