{//by Cassius
   "type":"ItemTurret",
   "name":"YeT-近防炮",
   "description":"我们在XT的基础上增加了炮管数和核子火控，只为更高的伤害……",
   "detail":"对靠近的敌人造成巨大威胁。但也对后勤造成打击。",
   "health":6560,//410
   "armor":28,
   "size":4,
   "maxAmmo":1200,
   "ammoPerShot":10,
   "range":360,//45
   "reload":2,
   "inaccuracy":0,
   "targetGround":true,
   "targetAir":true,
   "rotateSpeed":12,
   "ammoUseEffect":"casing3",
   "shake":14,
   "recoil":5,
   "recoilTime":4,
   "consumes":{
     "power":28.5,
     "coolant":{
       "amount":2,
       "optional":true,
     }
   },
   "coolantMultiplier":2,
   "shoot":{
     "shots":10,
     "shotDelay":0,
     "type": "ShootAlternate"
	 "barrels":5,
	 "spread":3
   },
   "ammoTypes":{
     "silicon":{
       "ammoMultiplier":1,
       "pierceCap":3,
       "knockback":4,
       "damage":20,
       "splashDamage":20,
       "splashDamageRadius":16,
       "lifetime":9,
       "speed":40,
       "homingRange":120,
       "homingPower":0.1,
       "homingDelay":10,
       "width":10,
       "length":15,
     },
     "titanium":{
       "ammoMultiplier":1,
       "pierceCap":4,
       "knockback":4,
       "damage":25,
       "splashDamage":25,
       "splashDamageRadius":16,
       "lifetime":9,
       "speed":40,
       "width":10,
       "length":15,
     },
     "thorium":{
       "ammoMultiplier":1,
       "pierceCap":5,
       "knockback":5,
       "damage":25,
       "splashDamage":20,
       "splashDamageRadius":32,
       "lifetime":9,
       "speed":40,
       "width":10,
       "length":15,
     },
     "surge-alloy":{
       "ammoMultiplier":1,
       "pierceCap":5,
       "knockback":6,
       "damage":25,
       "splashDamage":25,
       "splashDamageRadius":20,
       "lifetime":9,
       "speed":40,
       "lightning":2,
       "lightningDamage":5,
       "lightningLength":4,
       "width":10,
       "length":15,
     },
     "spore-pod":{
         "ammoMultiplier":2,
         "splashDamage":5,
         "splashDamageRadius":32,
         "lifetime":2,
         "speed":32,
         "width":10,
         "length":15,
         "fragBullets":2,
         "fragBullet":{
           "pierceCap":3,
           "pierceArmor":true,
           "damage":5,
           "splashDamage":5,
           "splashDamageRadius":24,
           "lifetime":16,
           "speed":48,
           "knockback":8,
           "homingRange":240,
           "homingPower":0.6,
           "frontColor":"4100b2",
           "backColor":"3900a0",
           "trailColor":"4100b2",
           "trailWidth":2,
           "trailLength":2,
           "status":"孢子侵蚀",
           "statusDuration":30,
           "width":6,
           "length":12
         },
     },
     "钨":{
       "ammoMultiplier":1,
       "pierceCap":5,
       "knockback":6,
       "damage":20,
       "splashDamage":25,
       "splashDamageRadius":20,
       "knockback":5,
       "lifetime":9,
       "speed":40,
       "status":"腐朽",
       "suatusDuration":"30",
       "width":10,
       "length":15
     },
     "硅晶":{
       "ammoMultiplier":1,
       "picrceCap":3,
       "pierceArmor":true,
       "knockback":5,
       "damage":25,
       "splashDamage":15,
       "splashDamageRadius":40,
       "lifetime":9,
       "speed":40,
       "status":"电路受损",
       "statusDuration":60,
       "width":10,
       "length":15
     },
   },
   "requirements":[
     "graphite/150","silicon/250",
     "titanium/250","thorium/175",
     "plastanium/150","surge-alloy/120",
     "phase-fabric/150","钨/220",
     "铀/150","钍铅钢/200"
   ],
   "category":"turret",
   "research":"XT-近防炮",
   "buildCostMultiplier":0.4
}