{//by Cassius
	"type":"ItemTurret",
	"name":"贯穿",
   "description":"发射远程动能穿甲弹。拥有较强的杀伤能力。装甲一般，在同等档次的炮塔中生存能力较强。射程中等，射速较低。",
	"size":4,
	"health":8480,//每格530
    "armor":35,
	"ammoPerShot":64,
	"range":3600,
	"reload":300,
	"inaccuracy":0,
  "ammoUseEffect": "casing3",
	"rotatespeed":0.1,
	"maxAmmo":1024,
	"targetAir":true,
	"targetGround":true,
	"consumes":{
	  "power":800,
	  "coolant":{
	  "amount":5,
	  "opyional":false,
	    }
	  }
	"coolantMultiplier":1,
	"heatColor":"#FF0000",
	"ammoTypes":{
		"钨": {//消耗的弹药
		    "pierceCap":32,
		    "reloadMultiplier":1,
			"speed": 24,
			"damage": 1250,
			"knockback":150,
			"lifetime":150,
			"width": 20,
			"height": 40,
			"ammoMultiplier":1,	
			  "fragBullets":50,
			    "fragBullet":{
		   	       "picrceCap":5,
			       "damage":750,
			       "speed":19 ,
			       "lifeTime":40,
			    }
				}
		"铀": {//消耗的弹药
		    "pierceCap":25,
		    "reloadMultiplier":1.25,
			"speed": 24,
			"damage": 1600,
			"knockback":75,
			"lifetime":150,
			"width":15,
			"height":40,
			"ammoMultiplier":1
			}
		"放射性合金": {
		    "pierceCap":48,
		    "reloadMultiplier":2,
			"speed": 40,
			"damage": 1750,
			"knockback":155,
			    "splashDamage":2250,
			    "splashDamageRadius":256,
			"lifetime":135,
			"width":15,
			"height":40,
			"homingRange": 60,
			"homingPower": 0.32,
			"fragBullets":64,
			    "fragBullet":{
		   	       "picrceCap":16,
			       "damage":650,
			       "speed":40,
			       "splashDamage":750,
			       "splashDamageRadius":64,
			       "lifeTime":20,
			       "homingRange":30,
			       "homingPower":0.48,
			       "homingDelay":10
			     },
			"ammoMultiplier":1
			},
			"纳米簇":{
			"pierceCap":32,
			"reloadMultiplier":1.75,
			"speed":22,
			"damage":1550,
			"knockback":1275,
			    "splashDamage":2250,
			    "splashDamageRadius":128,
			"lifeTime":163.5,
			"width":15,
			"height":30,
			"ammoMultiplier":1,
			"homingRange":30,
			"homingPower":0.48,
			"fragBullets":256,
			    "fragBullet":{
		   	       "picrceCap":16,
			       "damage":150,
			       "speed":8,
			       "splashDamage":250,
			       "splashDamageRadius":16,
			       "lifeTime":10,
			       "homingRange":30,
			       "homingPower":0.48,
			       "homingDelay":20
			     },
			}
  },
	"requirements": [
	  "lead/1200","silicon/1400",
	  "镭/500",
	  "钨/800","铀/800",
	  "plastanium/800","surge-alloy/800",
	],
	"category": "turret",
	"research":"轰击",
	"buildCostMultiplier":0.25
}