{
	"health": 920,
	"weapons":[
		{
			"name":"heal-weapon-mount",
			"shootSound":"lasershoot",
            "reload":12,
            "x":8,
            "y":-6,
            "rotate":true,
			
			"bullet":{
				"type":"LaserBoltBulletType",
				"speed":5.2,
				"damage":10,
				"lifetime":35,
                "healPercent":5.5,
                "collidesTeam":true,
                "backColor":"98ffa9",
                "frontColor":"[white]"
			}
		},
		{
			"name":"heal-weapon-mount",
			"shootSound":"lasershoot",
            "reload":7,
            "x":4,
            "y":5,
            "rotate":true,
			
			"bullet":{
				"type":"LaserBoltBulletType",
				"speed":5.2,
				"damage":8,
				"lifetime":35,
                "healPercent":3,
                "collidesTeam":true,
                "backColor":"98ffa9",
                "frontColor":"[white]"
			}
		}
	]
}