{
	"health": 900,
	"weapons":[
		{
			"name":"mount-weapon",
			"reload":7,
            "x":5,
            "y":3.5,
            "rotate":true,
            "rotateSpeed":5,
            "inaccuracy":10,
            "ejectEffect":"casing1",
            "shootSound":"shoot",
            "bullet":{
            	"type":"FlakBulletType",
            	"speed":4.2,
            	"damage":3,
            	"lifetime":60,
                "ammoMultiplier":4
                "shootEffect":"shootSmall",
                "width":6,
                "height":8,
                "hitEffect":"flakExplosion",
                "splashDamage":40.5,
                "splashDamageRadius":15
            }
		},
		{
			"name":"artillery-mount",
			"reload":15,
            "x":5,
            "y":-5,
            "rotate":true,
            "inaccuracy":2,
            "rotateSpeed":2,
            "shake":1.5,
            "ejectEffect":"casing2",
            "shootSound":"bang",
            "bullet":{
            	"type":"ArtilleryBulletType",
            	"speed":3,
            	"damage":20,
            	"sprite":"shell",
            	"hitEffect":"flakExplosion",
                "knockback":0.8,
                "lifetime":80,
                "width":11,
                "height":11,
                "collidesTiles":false,
                "splashDamageRadius":22.5,
                "splashDamage":40
            }
		}
	]
}