{
	"health": 180,
	"speed":0.4,
	"weapons":[
		{
			"name":"heal-weapon",
			"top":false,
			"shootY":2,
			"alternate":false,
			"x":4.5,
			"shootSound":"lasershoot",
			"reload":12,
			"recoil":2,
			"ejectEffect":"none",
			"bullet":{
				"damage":13,
				"speed":5.2,
				"type":"LaserBoltBulletType",
				"lifetime":37,
				"healPercent":5,
                "collidesTeam":true,
                "backColor":"98ffa9",
                "frontColor":"[white]"
			}
		}
	]
}