{
	"health": 560,
	"weapons":[
		{
			"name":"mount-weapon",
			"reload":6,
            "x":4,
            "shootY":4,
            "y":1.5,
            "rotate":true,
            "ejectEffect":"casing1",
            "bullet":{
				"type":"BasicBulletType",
				"width":7,
                "height":9,
                "lifetime":50,
                "speed":3,
                "damage":10
			}
		},
		{
			"name":"missiles-mount",
			"mirror":false,
            "reload":20,
            "x":0,
            "y":-5,
            "rotate":true,
            "ejectEffect":"casing1",
            "shootSound":"missile",
			"bullet":{
				"type":"MissileBulletType",
				"sprite":"missile",
				"damage":12,
				"speed":2.7,
				"keepVelocity":true,
                "width":8,
                "height":8,
                "shrinkY":0,
                "drag":-0.003,
                "homingRange":60,
                "splashDamageRadius":25,
                "splashDamage":10,
                "lifetime":80,
                "trailColor":"[gray]",
                "backColor":"f9c27a",
                "frontColor":"fff8e8",
                "hitEffect":"blastExplosion",
                "despawnEffect":"blastExplosion",
                "weaveScale":8,
                "weaveMag":2
			}
		}
	]
}