{
	"health": 13500,
	"speed":0.18,
	"rotateSpeed":0.15,
	"weapons":[
		{
			"name":"scepter-weapon"
			"reload":22.5,
			"x":16,
			"y":1,
			"recoil":5,
			"shake":2,
			"ejectEffect":"casing3",
			"shootSound":"bang",
			"shoot":{
				"shots":3,
   		        "shotDelay":4,
			}
            "inaccuracy":3,
			"bullet":{
				"damage":50,
				"speed":7,
				"lifetime":25,
				"width":12,
				"height":20,
				"shootEffect":"shootBig",
				"lightning":2,
                "lightningLength":6,
                "lightningColor":"f3e979",
                "lightningDamage":19
			}
		},
		{
			"name":"mount-weapon",
			"reload":6.5,
			"x":8.5,
			"y":6,
			"rotate":true,
			"ejectEffect":"casing1",
			"bullet":{
				"type":"BasicBulletType",
				"width":7,
                "height":9,
                "lifetime":50,
                "speed":3,
                "damage":10
			}
		},
		{
			"name":"mount-weapon",
			"reload":8,
			"x":8.5,
			"y":-7,
			"rotate":true,
			"ejectEffect":"casing1",
			"bullet":{
				"type":"BasicBulletType",
				"width":7,
                "height":9,
                "lifetime":50,
                "speed":3,
                "damage":10
			}
		}
	]
}