{
	"health":13000,
	"weapons":[
		{
			"name":"sei-launcher",
			"x":0,
            "y":0,
            "rotate":true,
            "rotateSpeed":4,
            "mirror":false,

            "shadow":20,

            "shootY":2,
            "recoil":4,
            "reload":22.5,
            "shoot":{
            	"type":"ShootAlternate"
            	"shotDelay":1.5,
            	"shots":6,
            	"barrels":3
            }
            "velocityRnd":0.4,
            "inaccuracy":7,
            "ejectEffect":"none",
            "shake":3,
            "shootSound":"missile",
            "xRand":8,    
            "bullet":{
            	"type":"MissileBulletType",
            	"speed":4.2,
            	"damage":42,
            	"homingPower":0.12,
                "width":8,
                "height":8,
                "shrinkX":0,
                "shrinkY":0,
                "drag":-0.003,
                "homingRange":80,
                "keepVelocity":false,
                "splashDamageRadius":35,
                "splashDamage":45,
                "lifetime":62,
                "trailColor":"f9c27a",
                "backColor":"f9c27a",
                "frontColor":"fff8e8",
                "hitEffect":"blastExplosion",
                "despawnEffect":"blastExplosion",
                "weaveScale":8,
                "weaveMag":2
            }
		},
		{
			"name":"large-bullet-mount",
			"reload":30,
            "cooldownTime":45,
            "x":17.5,
            "y":-16.5,
            "rotateSpeed":4,
            "rotate":true,
            "shootY":7,
            "shake":2,
            "recoil":3,
            "shadow":12,
            "ejectEffect":"casing3",
            "shootSound":"shootBig",
			"shoot":{
            	"shots":3,
            	"shotDelay":4,
            }
            "bullet":{
            	"type":"BasicBulletType",
            	"damage":57,
            	"speed":7,
            	"width":13,
                "height":19,
                "shootEffect":"shootBig",
                "lifetime":35
            }
		}
	]
}