{
	"health": 9000,
	"speed": 0.27,
	"weapons":[
		{
			"name":"vela-weapon",
			"top":false,
			"mirror":false,
			"shootY":13,
			"x":0,
			"y":0,
			"shoot":{
				"firstShotDelay":80
			}
			"chargeSound":"lasercharge2",
			"shootSound":"beam",
			"reload":77.5,
			"recoil":0,
			"continuous":true,
            "cooldownTime":200,
			
			"bullet":{
				"damage":35,
				"length":170,
				"hitEffect":"hitMeltHeal",
				"drawSize":420,
				"lifetime":160,
				"shake":1,
                "shootEffect":"greenLaserChargeSmall",
				"type":"ContinuousLaserBulletType",
				"healPercent":1,
				"collidesTeam":true,
				"incendChance":0.08,
                "incendSpread":5,
                "incendAmount":1,
				"colors":["98ffa977","98ffa9AA","98ffa9FF","FFFFFF"]
			}
		},
		{
			"name":"repair-beam-weapon-center-large"
			"x":11,
            "y":-7.8
            "shootY":6,
            "beamWidth":0.8,
            "repairSpeed":1.4,
            "bullet":{
                "maxRange":120
            }
		}
	]
}