{
    "name":"初代防御核心",
    "type":"CoreBlock",
    "description": "更加厚的装甲,只有活下去才能进攻。",
    "requirements": [
    {"amount": 4000, "item": "钛钢"},
    {"amount": 2000, "item": "钢"},
    {"amount": 2000, "item": "硅"},
    {"amount": 1500, "item": "铝"},
    {"amount": 1000, "item": "石墨"},
    ],
    "unitType":"贝塔",
    "health": 10000,
    "armor":20,
    "itemCapacity": 10000,
    "size": 4,
    "unitCapModifier": 20,
    "category": "effect"
        "research": {
	"parent":"次代核心"
	"objectives": [
            {
				"type": "SectorComplete",
				"preset": "初次相遇"
			}
	]
	}
         "researchCostMultiplier": 0.2,
             "canOverdrive": false,
}