{
    "name": "次代指挥核心",
    "description": "更加多的单位指挥,并且配置了一个单位制造工厂。\n[red]需要铁才能制造云霞",
    "itemCapacity": 14000,
    "hasItems": true,
    "health": 14000,
    "unitCapModifier": 40,
    "size": 5,
    "breakable": true,
    "requirements": [
    {"amount": 4000, "item": "钛钢"},
    {"amount": 2000, "item": "钢"},
    {"amount": 2000, "item": "硅"},
    {"amount": 1500, "item": "铝"},
    {"amount": 1000, "item": "石墨"},
    ],
    "unitType":"伽玛",
    "category": "effect"
        "research": {
	"parent":"初代指挥核心"
	"objectives": [
            {
				"type": "SectorComplete",
				"preset": "凛冬寒霜"
			}
	]
	}
         "researchCostMultiplier": 0.2,
             "canOverdrive": false,
}