{
    "name": "次代防御核心",
    "description": "更加厚的装甲,并且配置了一挺庇佑机枪与四挺护卫小机枪。\n[red]铁制弹药",
    "armor": 25,
    "itemCapacity": 14000,
    "hasItems": true,
    "health": 14000,
    "unitCapModifier": 30,
    "size": 5,
    "breakable": true,
    "requirements": [
    {"amount": 4000, "item": "钛钢"},
    {"amount": 2000, "item": "钢"},
    {"amount": 2000, "item": "硅"},
    {"amount": 1500, "item": "铝"},
    {"amount": 1000, "item": "石墨"},
    ],
    "unitType":"伽玛",
    "category": "effect"
        "research": {
	"parent":"初代防御核心"
	"objectives": [
            {
				"type": "SectorComplete",
				"preset": "凛冬寒霜"
			}
	]
	}
         "researchCostMultiplier": 0.2,
             "canOverdrive": false,
}