{    
  "type":"NuclearReactor"
    "name": "四联钍反应堆",
    "description": "将4个钍反应堆组装在一起，发电更高，伤害更高",
    "health": 1800,
    "powerProduction": 80
    "baseExplosiveness": 5,
    "size": 6,
    "hasPower": true,
    "hasItems": true,
    "itemCapacity": 120
    "liquidCapacity":180
    "explosionRadius":1500
    "baseExplosiveness":1500
    "explosionDamage":15000
    "buildCostMultiplier":1,
    "consumes": {
        "liquid": { "liquid": "cryofluid","amount": 0.25}
      "items":{
        "items": [
        { "item":"thorium","amount": 2}
        ]}
    },
    "requirements": [
  { "item": "silicon", "amount":750}
  {"item":"graphite","amount":540}
  {"item":"lead","amount":1000}
  {"item":"metaglass","amount":170}
  { "item":"thorium","amount":540},
    ],
    "category": "power",
    "research": "thorium-reactor"
}