{    
  "type":"ConsumeGenerator"
    "name": "集成型火力发电装置",
    "description": "拥有7倍火力发电机的发电量",
    "health": 570,
    "powerProduction": 7,
    "baseExplosiveness": 5,
    "size": 2,
    "hasPower": true,
    "hasItems": true,
    "itemDuration": 90,
    "generateEffect":"generatespark"
    "buildCostMultiplier":1,
    "drawer":{
        "type":"DrawMulti",
        "drawers":[
            "DrawDefault",
			"DrawFlame"
            ]
    },
    "consumes":{
    "itemFlammable": {},
    }
    "requirements": [
  { "item": "silicon", "amount":40 }
  {"item":"titanium","amount":45}
    ],
    "category": "power",
    "research": "combustion-generator"
}