{
	"name":"更强孢子荚养殖厂",
	"description":"更强孢子厂",
	"size":3,
	"outputItem":
		{"item":"spore-pod","amount":15},
	"consumes":{
		"power":6.5,
		"items":{
			"items":[
				{"item":"coal","amount":12},
				{"item":"thorium","amount":7}
				]
			}
		},
	"requirements":[
		{"item":"copper","amount":1550},
		{"item":"lead","amount":900},
		{"item":"titanium","amount":500},
		{"item":"graphite","amount":500},
		{"item":"普通科技点","amount":540},
		{"item":"silicon","amount":350}
		],
	"craftTime":120,
	"health":1300,
	"itemCapacity":150,
	"research":"孢子工厂",
	"boostScale":1.34,
	"baseEfficiency":1.34,
	"maxHeatBoost":1.34
}