{
	"name":"增强孢子荚养殖厂",
	"description":"增强孢子厂",
	"size":3,
	"outputItem":
		{"item":"spore-pod","amount":3},
	"consumes":{
		"power":3.0,
		"items":{
			"items":[
				{"item":"coal","amount":5},
				{"item":"thorium","amount":2}
				]
			}
		},
	"requirements":[
		{"item":"copper","amount":750},
		{"item":"lead","amount":500},
		{"item":"titanium","amount":200},
		{"item":"silicon","amount":150}
		],
	"craftTime":40,
	"health":900,
	"itemCapacity":50,
	"research":"硅工厂",
}