{
	"name":"更强煤炭分离机",
	"description":"更强煤炭分离\n〔更强工厂只能放在<加成方块>上〕\n[red]否则效率0",
	"size":3,
	"outputItem":
		{"item":"coal","amount":25},
	"consumes":{
		"power":9.5,
		"items":{
			"items":[
				{"item":"spore-pod","amount":5}
				]
			}
		},
	"requirements":[
		{"item":"copper","amount":500},
		{"item":"lead","amount":500},
		{"item":"titanium","amount":500},
		{"item":"graphite","amount":500},
		{"item":"普通科技点","amount":540},
		{"item":"silicon","amount":500}
		],
	"craftTime":120,
	"health":950,
	"itemCapacity":250,
	"research":"煤炭工厂",
	"flameColor":"ff3333",
	"boostScale":1,
	"baseEfficiency":0,
	"drawer":"DrawWeave",
	"maxHeatBoost":2.5
}