{
	"name":"增强煤炭分离机",
	"description":"增强煤炭分离",
	"size":3,
	"outputItem":
		{"item":"coal","amount":8},
	"consumes":{
		"power":3.0,
		"items":{
			"items":[
				{"item":"spore-pod","amount":3}
				]
			}
		},
	"requirements":[
		{"item":"copper","amount":750},
		{"item":"lead","amount":500},
		{"item":"titanium","amount":200},
		{"item":"silicon","amount":150}
		],
	"craftTime":40,
	"health":900,
	"itemCapacity":50,
	"flameColor":"888888",
	"research":"石墨工厂",
}