{
	"name":"更强爆炸混合物工厂",
	"description":"\n〔更强工厂只能放在<加成方块>上〕\n[red]否则效率0",
	"size":3,
	"outputItem":
		{"item":"blast-compound","amount":12},
	"consumes":{
		"power":7.0,
		"items":{
			"items":[
				{"item":"thorium","amount":6},
				{"item":"pyratite","amount":6}
				]
			}
		},
	"requirements":[
		{"item":"copper","amount":1450},
		{"item":"lead","amount":980},
		{"item":"titanium","amount":650},
		{"item":"graphite","amount":650},
		{"item":"普通科技点","amount":540},
		{"item":"silicon","amount":450}
		],
	"craftTime":180,
	"health":1500,
	"itemCapacity":120,
	"research":"爆混工厂",
	"flameColor":"ff3333",
	"attributes":"heat",
	"boostScale":0.4,
	"baseEfficiency":0,
	"drawer":"DrawWeave",
	"maxHeatBoost":2.5
}