{
	"name":"增强石墨合成厂",
	"description":"增强石墨合成厂",
	"size":3,
	"outputItem":
		{"item":"graphite","amount":8},
	"consumes":{
		"power":3.0,
		"items":{
			"items":[
				{"item":"coal","amount":3}
				]
			}
		},
	"requirements":[
		{"item":"copper","amount":750},
		{"item":"lead","amount":500},
		{"item":"titanium","amount":200},
		{"item":"silicon","amount":150}
		],
	"craftTime":40,
	"health":900,
	"itemCapacity":50,
	"flameColor":"33ffff",
	"research":"core-foundation",
}