{
	"name": "化学工业",
	"displayName":"化学工业",
	"author":"芙安卡",
	"version":"α0.01.9",
	"minGameVersion":"144",
	"description":"化学 一切工业的基础\n化学党最快乐的一集\n[cyan]致谢名单:\n b站 许汁哦—提供宣传支持以及一些单位的搭建思路\n b站 量子石—提供部分工厂的搭建思路\n 鸽子—提供部分单位的搭建思路\n b站 核-逝-佬—提供部分炮塔 工厂 单位的搭建思路\nb站 君鸳づ卿鸯—提供部分工厂和物品的搭建思路\n特别感谢喵子大佬提供的js技术支持以及b站AstartLC大佬提供的Java技术支持\n在此还要另外感谢亚洲金属网和化工百科提供的生产技术资料\n本MOD将长期更新"
}
