{
	"type": "LiquidTurret",//类
	"name": "星海",//名称
	"description": "将液体加压然后喷出，造成极高的伤害（极高伤害是指在液体炮台当中）",//简介
	"health":800,//血量
	"size": 2,//大小
"shoot": {
	"shots": 5,//发射子弹数
	"shotDelay": 3//？
	},
	"recoilTime": 10,//回弹时间？
	"burstSpacing": 0.05,//射击间隔
	"velocityRnd": 0.1,//速度rnd？
	"reloadTime":60,//重新装弹时间
	"shootShake":5,//射姬抖动
    "range":240,//范围
	"restitution":3,//恢复速度
	"recoilAmount": 60,//后坐力
	"targetGround":true,//目标为地面
	"buildCostMultiplier":0.1,//建造时间倍率
	"targetAir":true,//目标为空中
	"inaccuracy": 1,//射击偏移
	"rotateSpeed": 20,//旋转速度
	"velocityInaccuracy": "0",//瞄准精度
	"liquidCapacity": 150,//液体容量
"consumes": { "power": 1},//消耗电力
"ammoTypes": {
    "星尘原液": {
			"type": "LiquidBulletType",//子弹
			"liquid": "星尘原液",//液体
			"layer": 150,//层
			"healPercent":10,//健康率
			"lifetime": 28,//子弹消失延迟
			"speed": 10,//子弹飞行速度？
			"puddleSize": 7,//水坑大小？
			"orbSize": 5,//球体尺寸
			"knockback": 3,//击退力
			"status": "freezing",//状态
			"statusDuration": 600,//状态持续时间
		    "hitEffect": "flakExplosion",//碰撞效果？
			"despawnEffect": "flakExplosion",//？
			"splashDamage": 35,//溅射伤害
			"splashDamageRadius": 80,//飞溅损伤半径
			"damage": 6//伤害
			"colors":["2F2F4F", "FEEBB3FF", "FFFFFF"],//子弹颜色，从外到内
	   },//子弹
},//子弹集
	"requirements": [
	{ "item": "星尘", "amount":50 },
	{ "item": "lead", "amount":15 },
	{ "item": "titanium", "amount":70 },
	],//制造材料
	"category": "turret",//菜单栏
	"research": "星尘原液"//科技树
}