{ 
    "name":"修复天穹塔",
    "squareSprite": false,
    "type":"RegenProjector",
    "description":"在方形范围内快速修复己方建筑，可以导电，需要砛溶液冷却。\n可以用铫加速。"
    "range":200,
    //修复范围
    "hasPower":true,
    //有电
    "health":2000,
    //血量
    "size":4
    //大小
    "armor":20,
    "itemCapacity":80,
    //物品容量
    "liquidCapacity":60,
    //液体容量
    "canOverdrive":true,
    //能否超频
    "optionalMultiplier":2.5
    //加强倍率
    "optionalUseTime":30
	//加强物品使用时间
    "conductivePower":true,
	//传导电力
    "consumes":{
	    "power":12.8,
		"items":{
		    "items":[
		        "铫/1"
		        ],
			"optional":true,
			"booster":true,
		},
		"liquid":{
		    "liquid":"砛溶液"
		    "amount":0.5,
		}
	},
    "healPercent":0.07425,
    //修复百分比
    "requirements":[
        "铧/100",
        "斥焰合金/120"
        "锬/100"
        "graphite/280",
        "silicon/120",
        "phase-fabric/180",
        ],
    "category":"effect",
    "research": {
		"parent":"修复穹顶塔",
    "requirements":[
        "铧/4000"
        "斥焰合金/4800",
        "锬/4000"
        "silicon/4800",
        "graphite/11200",
        "phase-fabric/7200"
        ]
	},
}