{ 
    "name":"修复投影仪",
    "squareSprite": false,
    "type":"RegenProjector",
    "description":"在方形范围内缓慢修复己方建筑，可以导电，需要水冷却。\n可以用相织布加速。"
    "range":33,
    //修复范围
    "hasPower":true,
    //有电
    "health":200,
    //血量
    "size":2
    //大小
    "itemCapacity":10,
    //物品容量
    "liquidCapacity":10,
    //液体容量
    "optionalMultiplier":1.5
    //加强倍率
    "optionalUseTime":240
	//加强物品使用时间
    "canOverdrive":true,
    //能否超频
    "conductivePower":true,
	//传导电力
    "consumes":{
	    "power":0.8,
		"items":{
		    "items":[
		        "phase-fabric/1",
		        ],
			"optional":true,
			"booster":true,
		},
		"liquid":{
		    "liquid":"water"
		    "amount":0.1,
		}
	},
    "healPercent":0.03,
    //修复百分比
    "requirements":[
        "砛/40"
        "graphite/80",
        "silicon/40",
        "thorium/20",
        ],
    "category":"effect",
    "research":"电力中枢",
}