{
    //"type":"ForceProjector",
    "name":"力场天穹塔",
    "squareSprite": false,
    "health":1200,
    "description":"在自身周围创建一个六边形力场，使里面的建筑和单位免受伤害。\n承受过多伤害会导致过热，可以使用冷却液降温。\n铫可用于增加力场尺寸。\n可以传导电力。"
    "requirements": [
        "锺/240"
        "铧/80",
        "silicon/300",
        "斥焰合金/100",
        ],
    "size":4,
    "armor":20,
    "solid":true,
    "conductivePower":true,
	//传导电力
    "phaseRadiusBoost":400,
    //物品加强直径（8:1格）
    "radius":500,
    //半径(4:1格)
    "shieldHealth":18000,
    //盾容
    "phaseShieldBoost":7000,
    //加强盾容
    "phaseUseTime":240,
    //一个物品的加强时间
    "cooldownNormal":20,
    //正常冷却(越大越快:60x此数值=每秒回复)
    "cooldownLiquid":1.2,
    //液体冷却倍率（越大越快）
    "cooldownBrokenBase":1.5,
    //过载后冷却（越大越快:盾容÷60÷此数值=实际冷却时间）
	"consumes":{
	    "power":32.4,
	},
	"category": "effect",
	"research": {
		"parent":"力场穹顶仪",
    "requirements":[
        "锺/9600",
        "铧/3200"
        "斥焰合金/4000",
        "silicon/12000",
        ]
	},
}