{
    //"type":"ForceProjector",
    "name":"力场投射器"
    "squareSprite": false,
    "health":400,
    "description":"在自身周围创建一个六边形力场，使里面的建筑和单位免受伤害。\n承受过多伤害会导致过热，可以使用冷却液降温。\n相织布可用于增加力场尺寸。"
    "requirements": [
        "锺/75"
        "thorium/50",
        "silicon/100"
        "砛/50"
        ],
    "size":2,
    "armor":2,
    "solid":true,
    "phaseRadiusBoost":80,
    //物品加强直径（8:1格）
    "radius":100,
    //半径(4:1格)
    "shieldHealth":1200,
    //盾容
    "phaseShieldBoost":550,
    //加强盾容
    "phaseUseTime":240,
    //一个物品的加强时间
    "cooldownNormal":1,
    //正常冷却(越大越快:60x此数值=每秒回复)
    "cooldownLiquid":1.2,
    //液体冷却倍率（越大越快）
    "cooldownBrokenBase":0.5,
    //过载后冷却（越大越快）
	"consumes":{
	    "power":2.8,
	},
	"category": "effect",
	"research": {
		"parent":"修复投影仪",
    "requirements":[
        "锺/3000",
        "thorium/2000"
        "砛/2000",
        "silicon/4000",
        ]
	},
}


/*

        forceProjector = new ForceProjector("force-projector"){{
            requirements(Category.effect, with(Items.lead, 100, Items.titanium, 75, Items.silicon, 125));
            size = 3;
            phaseRadiusBoost = 80f;
            radius = 101.7f;
            shieldHealth = 750f;
            cooldownNormal = 1.5f;
            cooldownLiquid = 1.2f;
            cooldownBrokenBase = 0.35f;

            consumes.item(Items.phaseFabric).boost();
            consumes.power(4f);
        }};