{
	"name": "加速投影仪",
	"squareSprite": false,
	"description": "提高附近方块的工作效率，需要水冷却。\n可使用相织布来提高加速倍数。",
	"type": "OverdriveProjector"
	"health":200,
	"size":2,
	"range":100,
	//范围
	"speedBoostPhase": 0.5,
	//加强加速倍率
	"useTime":180
	//物品使用时间
	"phaseRangeBoost":40,
	//加强范围
	"speedBoost":1.5,
	//基础加速倍率
	"consumes": {
		"power": 5,
        "items":{
			"items":[
				"phase-fabric/1",
			]
			"booster":true
			"optional": true
		},
		"liquid":{
		    "liquid":"water",
		    "amount":0.15,
		}
	},
	"requirements": [
	    "silicon/80",
	    "phase-fabric/60",
	    "斥焰合金/120"
	]
	"category": "effect",
	"research": {
		"parent":"力场投射器",
    "requirements":[
        "silicon/3200"
        "phase-fabric/2400",
        "斥焰合金/4800",
        ]
	},
}