{
    "name":"探测基站",
    "type":"Radar"
    "description":"申请全球定位探测。"
    "size":1,
    "armor":1,
    "fogRadius":2500,
    //范围
    "health":100,
    "outlineColor":"00000000",
    //轮廓颜色
    "category":"effect",
    "consumes":{
		"power":2.5,
    },
    "requirements":[
        "锺/60",
        "silicon/40",
        "graphite/80",
        "phase-fabric/20"
        ],
        "research": {
		"parent":"红外雷达",
        "researchCostMultiplier":40,
	},
        
}