{
    "name":"红外雷达",
    "type":"Radar"
    "description":"利用红外线探测周围的敌人与地形，需要电力。"
    "size":1,
    "armor":1,
    "fogRadius":125,
    //范围
    "health":100,
    //"outlineColor":"#CF4141",
    //轮廓颜色
    "category":"effect",
    "consumes":{
		"power":1.5,
    },
    "requirements":[
        "锺/40",
        "silicon/30",
        "graphite/60",
        "thorium/40"
        ],
        "research": {
		"parent":"声波雷达",
    "requirements":[
        "锺/1600",
        "silicon/1200",
        "graphite/2400",
        "thorium/1600"
        ]
	},
        
}