{
    //"type":"ForceProjector",
    "name":"虚空力场塔",
    "squareSprite": false,
    "health":2000,
    "description":"在自身周围创建一个六边形力场，使里面的建筑和单位免受伤害。\n承受过多伤害会导致过热，可以使用冷却液降温。\n铉可用于增加力场尺寸\n可以传导电力。"
    "requirements": [
        "铉/100"
        "铧/200",
        "silicon/600",
        "斥焰合金/300",
        ],
    "size":4,
    "armor":20,
    "solid":true,
    "conductivePower":true,
	//传导电力
    "phaseRadiusBoost":500,
    //物品加强直径（8:1格）
    "radius":1000,
    //半径(4:1格)
    "shieldHealth":50000,
    //盾容
    "phaseShieldBoost":200000,
    //加强盾容
    "phaseUseTime":120,
    //一个物品的加强时间
    "cooldownNormal":50,
    //正常冷却(越大越快:60x此数值=每秒回复)
    "cooldownLiquid":1.2,
    //液体冷却倍率（越大越快）
    "cooldownBrokenBase":5.555,
    //过载后冷却（越大越快:盾容÷60÷此数值=实际冷却时间）
	"consumes":{
	    "power":115,
	},
	"category": "effect",
	"research": {
		"parent":"力场天穹塔",
        "researchCostMultiplier":40,
		//研究消耗倍率
	},
}