            {	"type": "GenericCrafter",
	"name": "超级冷冻机",
	"description": "恒河里",
	"health": 80,
	"size": 2,
    "buildCostMultiplier": 0.01
	"hasLiquids": true,
	"hasItems": true,
	"craftTime": 60,
	"displayFlow": true,
	"solid": true,
	"updateEffect": "reactorsmoke",
	"drawer":"DrawRotator",
	"consumes": {
		"power": 167,
	},
  	"liquidCapacity": 1000000000,
	"outputLiquid": {"liquid": "cryofluid", "amount": 100000000},
	"requirements": [
		{ "item":"copper","amount": 10000},
		{ "item":"lead","amount": 10000},
		{ "item":"titanium","amount": 100000},
		{ "item":"silicon","amount": 40000},
		{ "item":"thorium","amount": 18000},
		{ "item":"plastanium","amount": 26000},
		{ "item":"surge-alloy","amount": 23333},
	],
	"category": "production",
    "research":"超级抽水机",
}