{
  "health": 240,
  "mineSpeed": 8,
  "buildSpeed":1,
  "itemCapacity":40,
  "range": 224,
  "speed":3.9,
  "weapons": [
		{
      "name":"small-basic-weapon",
			"reload": 15,
			    "x": 2.75,
			    "y": 1,
			    "rotate": false,
			    "inaccuracy": 17,
			    "alternate": true,
				"top":true,
      "shootSound": "missile",
      "hitEffect":"6ecdec",
			"bullet": {
				"type": "MissileBulletType",
          "status": "freezing",
          "statusDuration":180,
          "backColor":"6ecdec",
          "trailColor":"8abfd0",
          "frontColor":"FFFFFF",
          "damage": 8,
          "splashDamageRadius":30,
          "splashDamage":8,    
          "buildingDamageMultiplier":0.01,
          "speed": 4.7,
          "lifetime": 50,
          "width": 9,
          "height": 10
			}
		}
	]
}