{
    "health": 460,
    "mineTier":3,
    "mineSpeed": 9,
    "buildSpeed":1.5,
    "itemCapacity":70,
    "range": 300,
    "speed":5.6,
    "weapons": [
          {
        "name":"small-mount-weapon",
        
              "reload": 20,
                  "x": 1,
                  "y": 2,
                  "rotate": false,
                  "inaccuracy": 4,
                  "alternate": true,
                  "top":true,
                  "shoot":{
                    "shots":3,
                    "shotDelay":5
                },
                "shootSound": "missile",
                "hitEffect":"6ecdec",
            "bullet": {
            "type": "MissileBulletType",
            "status": "freezing",
            "backColor":"6ecdec",
            "trailColor":"8abfd0",
            "frontColor":"FFFFFF",
            "statusDuration":300,
            "damage": 11,
            "splashDamageRadius":48,
            "splashDamage":13,    
            "buildingDamageMultiplier":0.01,
            "speed": 6,
            "lifetime": 50,
            "width": 9,
            "height": 10,

            "lightning":2,
            "lightningLength":6,
            "lightningDamage":3,
            "lightningColor":"5a6cc1"
              }
          }
      ]
  }