{
	"type": "missile",
	"controller": "MissileAI",
	"lowAltitude": false,
	"speed":3.5,
	"rotateSpeed":0.005,
	"lifetime":250,
	"fogRadius":0,
	"isEnemy": false,
	"allowedInPayloads": false,
	"playerControllable": false,
	"physics":true,
	"useUnitCap": false,
	"createWreck": false,
	"createScorch": false,
	"flying": true,
	"hidden": false,
	"health": 1000000,
	"hitSize": 50,
	"outlineRadius": 0,
	"maxRange":0,
	"engineColor": "BAFFF9FF",
	"outlineRadius": 0,
	"engineSize":4,
	"engineLayer":80,
	"drawCell": false,
	"targetGround":false,
	"targetAir":false,
	"parts": [
    {
        "type": "shapePart",
        "circle": true,
        "hollow": true,
        "layer": 110,
        "color": "69E0C7FF",
        "stroke": 30,
        "strokeTo": 30,
        "radiusTo": 75,
        "radius": 75
        },{
        "type": "shapePart",
        "circle": true,
        "layer": 95,
        "color": "000000FF",
        "radiusTo": 68,
        "radius": 68
        }
    ],
	"abilities":[
	{
	    "type": "RegenAbility",
	    "percentAmount":-0.01
	},{
	    "type":"EnergyFieldAbility",
	    "x":0,
	    "y":0,
	    "damage": 900,
	    "reload":6,
	    "range":280,
	    "status":"electrified",
	    "statusDuration":600,
	    "hitBuildings":true,
	    "hitUnits":true,
	    "healPercent":0.5,
	    "maxTargets":30,
	    "useAmmo":false,
	    "color":"69E0C7FF",
	    "sectorRad":0,
	    "shootSound":"none",
	    "hitEffect":"none"
	    }
	],
	"weapons": [
		{
		"name": "闪电黑洞爆炸",
		"mirror":false,
	"shootCone": 360,
	"shootOnDeath": true,
	"controllable": true,
	"bullet": {
	    "instantDisappear":false,
	    "keepVelocity": false,
	    "killShooter": true,
	    "type": "basicBulletType",
		"damage":120,
		"splashDamageRadius":480,
		"splashDamage":100,
		"speed":0.01,
		"lifetime": 120,
		"status":"shocked",
		"shrinkY": 0,
		"shrinkX": 0,
		"width":0,
		"height":0,
	"collides":false,
	"collidesAir":false,
	"collidesGround":false,
	        "intervalRandomSpread": 360,
    "bulletInterval": 3,
    "intervalBullet": {
    "type": "empBulletType",
        "keepVelocity": true,
	"speed": 0.1,
	"damage":0,
	"splashDamageRadius": 0.00,
    "splashDamage": 0.00,
	"inaccuracy":3,
	"lifetime": 0.1,
    "height": 0,
    "width": 0,
    "backColor": "69E0C7FF",
    "frontColor": "69E0C7FF",
        "timeIncrease": 0,
        "powerDamageScl": 1.0,
        "powerSclDecrease": 1.0,
        "unitDamageScl": 1.0,
        "lightRadius": 1000,
        "despawnEffect": {
    "type": "MultiEffect",
	"effects": [
	{
	    "type": "ParticleEffect",
    "particles": 1,
    "lifetime": 120,
    "length": 675,
    "interp": "circleOut",
    "sizeInterp": "pow5In",
    "region": "神恒之心-diamond_special_effect",
    "sizeFrom": 115,
    "sizeTo": 0,
    "cone": 360,
    "colorFrom": "69E0C7FF",
    "colorTo": "C3BAFFFF"
	}
	    ]
	}
	    }
	        }
	},{
	    "mirror": false,
        "alternate": false,
        "display": false,
        "rotate": false,
        "shootSound": "none",
        "alwaysShooting": true,
        "alwaysContinuous": true,
        "continuous": true,
        "name": "生产星海子弹",
        "bullet": {
            "instantDisappear":false,
	    "keepVelocity": false,
	    "killShooter": false,
	    "type": "basicBulletType",
		"damage": 0,
		"splashDamageRadius":0,
		"splashDamage":0,
		"speed": 0.01,
		"lifetime": 1,
		"status":"shocked",
		"shrinkY": 0,
		"shrinkX": 0,
		"width": 30,
		"height": 30,
	"collides": true,
	"collidesAir": true,
	"collidesGround": true,
	    "hitEffect": "none",
	    "smokeEffect":"none",
	    "despawnEffect": "none",
	"trailParam": 2,
    "trailLength": 28,
    "trailWidth": 5,
    "trailColor": "69E0C7FF",
    "backColor": "69E0C7FF",
    "frontColor": "69E0C7FF",
        "fragBullets": 3,
	"fragLifeMin": 0.6,
	"fragBullet": {
	    "type": "basicBulletType",
	    "parts": [
    {
        "type": "shapePart",
        "circle": true,
        "hollow": false,
        "layer": 110,
        "color": "69E0C7FF",
        "stroke": 35,
        "strokeTo": 35,
        "radiusTo": 25,
        "radius": 25
        }
    ],
	    "damage":3500,
		"splashDamageRadius":80,
		"splashDamage":2100,
		"speed": 0.01,
		"lifetime": 38,
		"status":"shocked",
		"drag": -0.01,
		"shrinkY": 0,
		"shrinkX": 0,
		"width": 30,
		"height": 30,
	"collides": true,
	"collidesAir": true,
	"collidesGround": true,
	    "hitEffect": "none",
	    "smokeEffect":"none",
	    "despawnEffect": {
    "type": "MultiEffect",
	"effects": [
	{
        "type": "ParticleEffect",
    "layer": 110,
    "particles": 3,
    "lifetime": 130,
    "baseLength": 0,
    "length": 2300,
    "sizeFrom": 105,
    "sizeTo": 105,
    "colorFrom": "69E0C7FF",
    "colorTo": "69E0C700",
    "cone": 360
    },{
        "type": "ParticleEffect",
    "layer": 110,
    "particles": 3,
    "lifetime": 130,
    "baseLength": 0,
    "length": 2300,
    "sizeFrom": 105,
    "sizeTo": 105,
    "colorFrom": "C3BAFFFF",
    "colorTo": "C3BAFF00",
    "cone": 360
    }
        ]
            }
	}
        }
	}
	    ]
}