{
	"type": "tank",
	"name": "低能坦克",
	"description":"便宜",
	"squareShape": true,
	"omniMovement": false,
	"rotateMoveFirst": false,
	"rotateSpeed": 3,
	"speed": 1.1,
	"hitSize": 4.5,
			"immunities": [
	],
			"ammoType":{
	"type":"PowerAmmoType",
	"totalPower":2200},
	"ammoCapacity": 700
    "ammoResupplyAmount":1,/*弹药补给倍率 */
	"health": 900,
	"armor": 0,
	"drag": 0.08,
	"accel": 0.1,
	"itemCapacity": 5,
	"treadPullOffset": 3,
	"treadRects": [
		{
			"x": 4,
			"y": 2.75,
			"width": 2,
			"height": 4.5
		},
		{
			"x": 4,
			"y": -4.5,
			"width": 2,
			"height": 4.5
		}
	],
	"faceTarget": false,
	/*"requirements": {
		"block": "ground-factory",
		"time": 1800,
		"requirements": [
			"silicon/30",
			"lead/25",
			"titanium/25"
		]},*/
	"weapons": [
		{
			"name": "低能坦克炮",
			"reload": 10,
			"recoil": 0,
			"x": 0,
			"y": 0,
			"rotate": true,
			"rotateSpeed": 5,
			"mirror": true,
			"inaccuracy": 0.5,
			"ejectEffect": "casing1",
			"shootSound": "小坦克炮",
			"alternate": false,
			"bullet": {
			"collidesAir": true
    "collidesGround": true,
				"damage": 10,
				"speed": 5,
				"lifetime": 70,
				"width": 3,
				"height": 6
			}
		}
	]
"research":"工厂"
	 "researchCostMultiplier": 0.1
	  "drownTimeMultiplier":0.001
}