{
    "type": "GenericCrafter",
    "health": 750,
    "name": "钍制爆炸物混合器",
    "description": "生产速度极快，消耗恐怖的电力",
    "outputItem": {
        "item": "blast-compound","amount": 3},
    "itemCapacity": 80,
    "size": 2,
    "hasPower": true,
    "hasItems": true,
    "craftTime": 6,
    "updateEffect": "none",
    "drawer": {
        "type": "DrawMulti",
        "drawers": [
            "DrawDefault",
            "DrawFlame"
        ]
    },
    "consumes": {
        "power": 75,
        "items": {
            "items": [
		     {"item":"pyratite","amount": 2}]
        }
    },
    "requirements": [
        {
            "item": "thorium",
            "amount": 60
        }
    ],
    "category": "crafting",
    "research": "钛制爆炸物混合器"
}