{
"type":"GenericCrafter",
"name":"聚变物合成机",
"health":670,
"description":"6096",
"outputItem":{"item":"聚变物","amount":5},
"size":3,
"hasPower":true,
"hasLiquids":true,
"hasItems":true,
"craftTime":30,
"itemCapacity":20,
"liquidCapacity":30,
"drawer":{
	"type":"DrawMulti",
	"drawers":[
		"DrawDefault",
		{"type":"DrawFlame","flameColor":"ffef99"}
	]
},
"consumes":{
"power":17.8333333333333333333333333333,
"items":{"items":[{"item":"核原矿","amount":7}
                {"item":"化合钢","amount":20}]}
"liquid":{"liquid":"联氢","amount":0.2}
}
"requirements":[
	{"item":"黑曜石","amount":1000},
	{"item":"化合钢","amount":500},
]
"category":"crafting",
"research":"水解沉淀室",
"idleSound":"respawning",
"idleSoundVolume":0.5
}