{
"type":"ImpactReactor"
"name":"衰变反应堆"
"size": 4,
"health":1100,
"powerProduction": 50,
"itemDuration": 120,

"itemCapacity":50,
"outputItem":{"item":"衰变物","amount":1},
"outputLiquid":"衰变液/0.1",
	//1:1
"craftTime":140,
"ambientSound": "smelter",
"ambientSoundVolume": 0.03,
"generateEffect": "generatespark",

"drawer":{
    "type":"DrawMulti",
    "drawers":[
	    "DrawDefault",
	    "DrawWarmupRegion"
	]
},
"category": "power",
"research":"矿渣发电机",
"consumes":{
    "items":{
		"items":[
			{"item":"聚变物","amount":1}
		]
        "items":[
			{"item":"裂变物","amount":1}
		]
	}
}
"requirements": [
    {"item":"黑曜石","amount":2000},
    {"item":"tungsten","amount":1000}
    {"item":"化合钢","amount":1000}
],
}