{
    "name":"小型热量传输机",
    "type":"HeatConductor",
    "description":"小型的传输热量装置，极大减少了地形的问题。",
    "health": 240,//血
    "category": "crafting",
    "regionRotated1":1 //传输热量
    "size": 2,//大小
    "requirements": [
        "graphite/10",
     //   "tungsten/30",
        "oxide/8",
    ],
		"researchCostMultiplier": 0.1
		"category": "crafting",
	"research": "electric-heater",
	"drawer": {
    	"type": "DrawMulti",
    	"drawers": [
    	"DrawDefault"
    	{
    	        "type":"DrawHeatOutput"
    	    },
			{
				"type": "DrawHeatInput",
				"suffix":"-heat"
			}
		]
		}
		}