{
	"type": "mech",
	"name": "增援",
	"description": "拥有四个治疗射线与一个激光发射器",
    "speed": 0.85,
    "hitSize": 30,
		"ammoType":{
	"type":"PowerAmmoType",
	"totalPower":2200},
	"ammoCapacity": 700
    "ammoResupplyAmount":1,/*弹药补给倍率 */
    "health": 6600,
    "armor": 10,
    "drag": 0.2,
    "rotateSpeed": 2.5,
        "targetAir":true,  
    "targetGround":true,
    "itemCapacity": 60,
	"weapons":[
	{
			"name": "增援1",
			"type": "RepairBeamWeapon",
			"shootX":-15,
			"x": -15,
			"y": 0,
			"shootY": 6,
			"beamWidth": 2,
			"mirror": true,
			"repairSpeed": 2,
			"healPercent":10
            "targetUnits":true,
            //目标单位
            "targetBuildings":true,
            "alternate": true,  
            "rotate": false,
            //目标建筑
            "autoTarget":true,
            "shoot":{
	    "type":"ShootSpread",
	    "shots":2,
	    "spread": 0
	    "shotDelay": 0,
		"type": "ShootBarrel",
		"barrels": [
			-15,0,0,
		]
	},
                        "repairSpeed":7,
			"bullet": {
				"maxRange": 100
			}
		},
		{
			"name": "增援2",
			"type": "RepairBeamWeapon",
			"shootY":4,
			"shootX":-5,
			"x": -5,
			"y": 4,
			"shootY": 6,
			"beamWidth": 2,
			"mirror": true,
			"repairSpeed": 2,
			"healPercent":10
            "targetUnits":true,
            //目标单位
            "targetBuildings":true,
            "alternate": true,  
            "rotate": false,
            //目标建筑
            "autoTarget":true,
            "shoot":{
	    "type":"ShootSpread",
	    "shots":2,
	    "spread": 0
	    "shotDelay": 0,
		"type": "ShootBarrel",
		"barrels": [
			-5,4,0,
		]
	},
                        "repairSpeed":7,
			"bullet": {
				"maxRange": 25
			}
		},
{	"name": "增援3",
		"reload": 80, 
		"shootY":20,
		"shoot": {
            "type": "ShootBarrel",
            "barrels": [
            0,8,0
            ]
        },
        "x": 0,   "y": 0,
		"shake":3,"recoil":3,
        "layerOffset": 0.05,
        "mirror":false
		"rotate": false,
		"top":false,
        "inaccuracy": 0,
		"alternate": true,
		"shootSound":"malignShoot",
        "cooldownTime":80,
		"bullet":{
            "type":"BasicBulletType",
            "frontColor":"FFFFFF",	
            "backColor":"97FFA8FF",	
            "hitSound":"laser",
            "healPercent":11,
            "damage":20,
            "status":"麻痹",
            "statusDuration":100,
            "splashDamageRadius":60,
            "splashDamage": 67,
            "trailLength": 3,
            "trailWidth": 1.5,
            "trailColor": "97FFA8FF",
            "trailChance":1,
            "trailInterval":20,
	        "trailEffect": {
                "type": "WaveEffect",
                "lifetime": 20,
                "sizeFrom": 0,
                "sizeTo": 30,
                "strokeFrom": 3,
                "strokeTo": 0,
                "colorFrom": "97FFA8FF",
                "colorTo": "97FFA8FF"
            },
            "sprite":"circle-bullet",
            "shootEffect": "bigShockwave",
            "shrinkY":0,
            "absorbable":false,
	        "pierce": true,
            "collidesTeam":true,
            "speed":25, "lifetime":19.8,
            "width":14,	 "height":14,
            "spawnBullets":[
{
"type": "LaserBulletType",	
"healPercent":3.3,
"damage":20,
"collidesTeam":true,
"sideAngle":30,
"sideWidth":0.8,
"sideLength":70,
"lifetime":50,
"status":"麻痹",
"statusDuration":60,
"colors":["7CF38990", "97FFA880", "FFFFFF"],
"width":27,	 "length":496},
    {
    "type": "LaserBulletType",	
    "healPercent":3.3,
    "damage":77,
    "collidesTeam":true,
    "sideAngle":126,
    "sideWidth":1,
    "sideLength":140,
    "lifetime":50,
    "status":"麻痹",
    "statusDuration":60,
    "colors":["7CF38990", "97FFA880", "FFFFFF"],
    "width":27,	 "length":496}
            ],
    "hitEffect":{
    "type": "MultiEffect",
	"effects": [
    {
        "type": "ParticleEffect",
        "particles": 32,
        "line": true,
        "strokeFrom": 6,
        "strokeTo": 0,
        "lenFrom": 30,
        "lenTo": 23,
        "length": 70,
        "baseLength": 0,
        "lifetime": 20,
        "colorFrom": "97FFA8FF",
        "colorTo": "97FFA8FF",
        "cone": 360
        },
        {
            "type": "ParticleEffect",
            "particles": 1,  
            "baseLength": 3,
            "length":3,
            "lifetime": 15,
            "spin":3.34,
            "interp": "fastSlow",
            "region":"星耀光棱-星",
            "sizeFrom": 130,
            "sizeTo": 0,
            "colorFrom": "97FFA8FF",
            "colorTo": "97FFA8FF",
            "cone":360 },
    {"type": "WaveEffect",
    "lifetime": 15,
    "sizeFrom": 0,
    "sizeTo": 60,
    "strokeFrom": 3,
    "strokeTo": 0,
    "colorFrom": "97FFA8ff",
    "colorTo": "97FFA890"}]
	},
    "despawnEffect":"none"
    }}
	]
	"research": {
	"parent":"中型特殊兵种生产工厂"
	"objectives": [
            {
				"type": "SectorComplete",
				"preset": "凛冬止水"
			}
	]
	},
	         "researchCostMultiplier": 10,
}