{
	"type": "payload",
    "payloadCapacity": 900,
	"name": "灌木",
	"description": "拥有强大的护盾并能提供buff",
	"details": "",
	"speed": 1.7,
	"drag": 0.02,
	"accel": 0.02,
	"rotateSpeed": 2,
	"buildSpeed": 1,
	"mineSpeed":4,
	"drawBuildBeam":true
	//挖矿速度
    "mineTier":4,
	"ammoType": {
		"type": "PowerAmmoType",
		"totalPower": 1000
	},
	"ammoCapacity": 1600,
	"ammoCapacity": 3000,
    "range": 200,
    "maxVolcity": 10,
    "ammoResupplyAmount": 10,
    "flying": true,
    "targetAir": false,
    "targetGround": true,
    "isCounted": false,
    "turnCursor": false,
    "lowAltitude": true,
	"hitSize": 32,
	"flying": true,
	"health": 5600,
	"armor": 10,
	"itemCapacity": 120,
	"abilities": [
    {
					"type": "ForceFieldAbility",
    		"radius":33,
    		//范围
    		"regen":0.3,
    		//每帧盾容回复量
    		"max":200,
    		//盾容
    		"cooldown":100
    		//被击破后的冷却(8/1s)
    		"sides":3
		},
	{
					"type": "ForceFieldAbility",
    		"radius":33,
    		//范围
    		"regen":0.3,
    		//每帧盾容回复量
    		"max":200,
    		//盾容
    		"cooldown":100
    		//被击破后的冷却(8/1s)
    		"sides":5
		},
		{
			"type": "StatusFieldAbility",
			"duration": 60,
			"reload": 30,
			"range": 90,
			"applyEffect": "none",
			"activeEffect": {
				"type": "WaveEffect",
				"lifetime": 15,
				"sizeFrom": 90,
				"sizeTo": 90,
				"strokeFrom": 12,
				"strokeTo": 0,
				"colorFrom": "FFCD66FF",
				"colorTo": "FFFFA3FF"
			},
			"effect": "overclock"
		},
		{
			"type": "EnergyFieldAbility",
			"damage":20,
			"reload": 120,
			"range": 180,
			"healPercent": 10,
			"effectRadius": 4.5,
			"sectors": 9,
			"sectorRad": 0.18,
			"hitEffect": {
				"type": "ParticleEffect",
				"particles": 1.5,
				"sizeFrom": 24,
				"sizeTo": 52.5,
				"baseLength": 0,
				"lifetime": 22.5,
				"colorFrom": "76D081",
				"colorTo": "76D08100",
				"cone": 360
			},
			"damageEffect": "chainLightning",
			"status": "麻痹",
			"shootSound": "shotgun",
			"statusDuration": 60,
			"x": 0,
			"y": 6,
			"maxTargets": 40
		},
    ],
	"engines": [
		{
			"x": -12,
			"y": -18,
			"radius": 4,
			"rotation": 10
		},
		{
			"x": 12,
			"y": -18,
			"radius": 4,
			"rotation": -10
		}
	],
	"engineOffset": 22,
	"engineSize": 4,
	"faceTarget": true,
	"weapons": [
	{
			"name": "灌木1",
			"type": "RepairBeamWeapon",
			"x": 0,
			"y": 0,
			"shootY": 6,
			"beamWidth": 2,
			"mirror": false,
			"repairSpeed": 2,
			"healPercent":10
            "targetUnits":true,
            //目标单位
            "targetBuildings":true,
            "alternate": true,  
            "rotate": false,
            //目标建筑
            "autoTarget":true,
            "shoot":{
	    "type":"ShootSpread",
	    "shots":1,
	    "spread": 20
	    "shotDelay": 20,
		"type": "ShootBarrel",
		"barrels": [
			-10,0,0,
		]
	},
                        "repairSpeed":7,
			"bullet": {
				"maxRange": 100
			}
		},
    {
			"name": "灌木2",
			"type": "RepairBeamWeapon",
			"x": 0,
			"y": 0,
			"shootY": 6,
			"beamWidth": 2,
			"mirror": false,
			"repairSpeed": 2,
			"healPercent":10
            "targetUnits":true,
            //目标单位
            "targetBuildings":true,
            "alternate": true,  
            "rotate": false,
            //目标建筑
            "autoTarget":true,
            "shoot":{
	    "type":"ShootSpread",
	    "shots":1,
	    "spread": 20
	    "shotDelay": 20,
		"type": "ShootBarrel",
		"barrels": [
			10,0,0,
		]
	},
                        "repairSpeed":7,
			"bullet": {
				"maxRange": 100
			}
		},
    {	"name": "芳草1",	
		"reload":120,
        "x": 0,  "y": 0, 
        "rotate": true,
        "rotateSpeed":1,
        "inaccuracy": 0,
        "shootCone":12,
        "layerOffset": -0.01,
		"shoot":{
			"shots":5,
			"shotDelay":50
		},
		"shootSound": "pew",
		"rotateSpeed": 3,//炮台转头速度
		"alternate": true,
		"mirror":false,
		"ejectEffect":"casing1",
		"bullet":{
	    "damage":10,	  
	    "splashDamageRadius":25,
		"splashDamage":10,
		"healPercent":5
	    "speed":4,
	    "lifetime":100,
	    "width":10,	 "height":10
	    "weaveMag":4,
	"weaveScale":4,
	    	"homingRange": 50,
	"homingPower": 0.1,
	"trailLength":8,
	"trailWidth":3,
    "trailColor":"AEFA93FF",
	"frontColor":"AEFA93FF",
	"backColor":"5EA15DFF",
	}	}
	]
	"research": {
	"parent":"中型特殊兵种生产工厂"
	"objectives": [
            {
				"type": "SectorComplete",
				"preset": "凛冬止水"
			}
	]
	},
	         "researchCostMultiplier": 10,
}