{
	"type": "mech",
	"name": "炸药",
	"description": "发射重型导弹",
    "speed": 0.85,
    "hitSize": 30,
		"ammoType":{
	"type":"PowerAmmoType",
	"totalPower":2200},
	"ammoCapacity": 700
    "ammoResupplyAmount":1,/*弹药补给倍率 */
    "health": 6000,
    "armor": 0,
    "drag": 0.2,
    "rotateSpeed": 2.5,
        "targetAir":true,  
    "targetGround":true,
    "itemCapacity": 20,
	"weapons":[
	{"name": "炸药1",
	"reload": 750,
	"shootStatusDuration":770,
	"shootStatus":"开火",
	"x": 0,  "y": 0,
	"shootY":21,
	"rotate": false,
	"rotateSpeed":6.3,
	"recoil":0,
	"mirror":true,
	"inaccuracy": 0,
	"shootCone":30,
	"shootSound":"missileLarge",
	"shake":8.6,
	"alternate": true,
	"shoot":{
	    "type":"ShootSpread",
	    "shots":1,
	    "spread": 20
	    "shotDelay": 20,
		"type": "ShootBarrel",
		"barrels": [
			-20,0,0,
		]
	},
	"bullet":{
	"type":"MissileBulletType",
	"damage":1000,
	"splashDamage":50,
	"splashDamageRadius":48,
	"sprite":"星耀光棱-导弹2",
	"width":12,  "height":50,
	"speed":2, "lifetime":100,
	"homingRange": 250,
	"homingDelay":55,
	"homingPower": 0.1,
	"keepVelocity":false,
	"drag":-0.03,
	"pierceArmor": true,
	"hittable":false,
	"absorbable":false,
	"status":"破甲",
	"statusDuration":206,
	"frontColor":"FFFFFF",	
	"backColor":"EEC591",
	"shrinkY":0,
	"hitSound":"titanExplosion",
	"hitSoundVolume":6,
	"hitShake":8,
	"hitEffect":{"type": "MultiEffect",
	"effects": [
	{"type": "ParticleEffect",
	"particles": 8,
	"sizeFrom": 8,
	"sizeTo": 0,
	"length": 55,
	"baseLength": 8,
	"interp": "pow10Out",
	"sizeInterp": "pow5In",
	"lifetime": 85,
	"colorFrom": "EEC59180",
	"colorTo": "EEC591",
	"cone": 360},
	{"type": "ParticleEffect",
	"particles": 1,
	"sizeFrom": 0,
	"sizeTo": 45,
	"length": 0,
	"baseLength": 0,
	"lifetime": 8,
	"colorFrom": "EEC591",
	"colorTo": "EEC591",
	"cone": 360},
	{"type": "ParticleEffect",
	"particles": 1,
	"sizeFrom": 45,
	"sizeTo": 0,
	"length": 0,
	"baseLength": 0,
	"lifetime": 9,
	"startDelay":8.5,
	"colorFrom": "EEC591",
	"colorTo": "EEC591",
	"cone": 360},
	{"type": "ParticleEffect",
	"particles": 32,
	"line":true,
	"interp": "pow10Out",
	"sizeInterp":"pow10In",
	"strokeFrom": 1.33,
	"strokeTo": 0,
	"lenFrom": 35,
	"lenTo": 0,
	"length": 40,
	"baseLength": 30,
	"lifetime": 16,
	"colorFrom": "EEC591",
	"colorTo": "EEC591",
	"cone": 360
	},
	{"type": "WaveEffect",
	"lifetime": 16,
	"sizeFrom": 5,
	"sizeTo": 60,
	"strokeFrom":11,
	"strokeTo":0,
	"colorFrom":"EEC591",
	"colorTo": "EEC591"}]},
	"shootEffect":{
	"type": "ParticleEffect",
	"particles": 9,
	"interp": "pow5Out",
	"sizeInterp": "pow5In",
	"sizeFrom": 6,
	"sizeTo": 0,
	"length": 38,
	"baseLength": 0,
	"lifetime": 65,
	"colorFrom": "EEC591",
	"colorTo": "EEC59180",
	"cone": 22},
	"smokeEffect":"none",
	"despawnEffect":{
	"type": "ParticleEffect",
	"particles": 1,
	"sizeInterp":"pow10In",
	"sizeFrom": 60,
	"sizeTo": 0,
	"length": 0,
	"baseLength": 0,
	"lifetime": 105,
	"colorFrom": "EEC591",
	"colorTo": "EEC591",
	"cone": 360},
	"trailChance": 1,
	"trailRotation": true,
	"trailLength": 10,
	"trailWidth": 2,
	"trailColor": "EEC591",
	"trailEffect":{
		"type": "MultiEffect",
		"effects": [
		{"type": "ParticleEffect",
		"particles": 3,
		"sizeFrom": 3,
		"sizeTo": 0,
		"length": -50,
		"lifetime": 60,
		"interp": "pow5Out",
		"sizeInterp":"pow5In",
		"colorFrom": "EEC591A8",
		"colorTo": "EEC591A8",
		"cone": 19},
		{"type": "ParticleEffect",
		"particles": 3,
		"lenFrom": 35,
		"lenTo": 0,
		"strokeFrom": 1,
		"strokeTo": 1,
		"line": true,
		"baseLength":16,
		"length": -70,
		"lifetime": 15,
		"interp": "pow5Out",
		"colorFrom": "EEC591",
		"colorTo": "EEC591",
		"cone": 16}
		]}
	}
    }
    {	"name": "弹药1",	
		"reload":90,
        "x": 7,  "y": 0.9, 
       "rotate": false,
        "inaccuracy": 6,
        "shootSound": "artillery",
		"shoot":{
			"shots":1,
			"shotDelay":90
		},
		"alternate": true,
		"bullet":{
	         "type": "BasicBulletType",
             "spawnUnit": "导弹",
             "speed": 0,
             "shootEffect": {
	             "type": "shootBig",
  	             "effects": [
       		         {
	                 "type": "RadialEffect",
	                 "effect": "shootBigSmoke2",
	               	},
	            	{
	                "type": "ParticleEffect",
                  	"particles": 45,
                 	"lifetime": 400,
                 	"sizeFrom": 4,
                   	"sizeTo": 0,
	                "length": 120,
	                "cone": 10,
                  	"interp": "pow10In",
                  	"sizeInterp": "pow5Out",
	                "colorFrom": "FEB380AA",
	                "colorTo": "FEB38000"
               		}
	             ]
	         }
	}	}
	]
	"research": {
	"parent":"中型特殊兵种生产工厂"
	"objectives": [
            {
				"type": "SectorComplete",
				"preset": "凛冬止水"
			}
	]
	},
	         "researchCostMultiplier": 10,
}