{
	"type": "flying",
	"name": "雾霾",
	"description": "发射轻量级导弹",
	"details": "",
	"speed": 1.7,
	"drag": 0.02,
	"accel": 0.02,
	"rotateSpeed": 2,
	"ammoType": {
		"type": "PowerAmmoType",
		"totalPower": 1000
	},
	"ammoCapacity": 1600,
	"hitSize": 32,
	"buildSpeed": 0,
	"flying": true,
	"health": 5600,
	"armor": 10,
	"itemCapacity": 60,
	"abilities":[{
		"type": "SuppressionFieldAbility",
		"range": 800,
		"reload": 10,
		"y": 6,
		"orbRadius": 5.3,
	}],
	"engines": [
		{
			"x": -12,
			"y": -18,
			"radius": 4,
			"rotation": 10
		},
		{
			"x": 12,
			"y": -18,
			"radius": 4,
			"rotation": -10
		}
	],
	"engineOffset": 22,
	"engineSize": 4,
	"faceTarget": true,
	"weapons": [
		{	"name": "雾霾1",
	"reload":30,     
	"layerOffset": -0.01,
    "x":0,  "y":0, 
	"shootY":20,
	"shoot":{
	    "type":"ShootSpread",
	    "shots":1,
	    "spread": 20
	    "shotDelay": 20,
		"type": "ShootBarrel",
		"barrels": [
			-10,0,0,
		]
	},
	"rotate": false,
    "inaccuracy": 0,
	"alternate": true,  
	"shootSound":"shotgun",
	"shake":5,
	"alternate": true,
	"bullet":{
	         "type": "BasicBulletType",
             "spawnUnit": "雾霾导弹",
             "speed": 0,
             "shootEffect": {
	             "type": "MultiEffect",
  	             "effects": [
       		         {
	                 "type": "RadialEffect",
	                 "effect": "shootSmokeMissile",
	               	},
	            	{
	                "type": "ParticleEffect",
                  	"particles": 45,
                 	"lifetime": 400,
                 	"sizeFrom": 4,
                   	"sizeTo": 0,
	                "length": 120,
	                "cone": 10,
                  	"interp": "pow10In",
                  	"sizeInterp": "pow5Out",
	                "colorFrom": "FEB380AA",
	                "colorTo": "FEB38000"
               		}
	             ]
	         }
	}
	}
	]
	"research": {
	"parent":"中型特殊兵种生产工厂"
	"objectives": [
            {
				"type": "SectorComplete",
				"preset": "凛冬止水"
			}
	]
	},
	         "researchCostMultiplier": 10,
}