{   
    "type":"missile",
    "controller": "leg",//AI
	"lowAltitude": true,
	"speed": 0,//飞行速度
	"rotateSpeed": 100,//转头速度
	"isEnemy": false,//是敌方
	"allowedInPayloads": false,//
	"playerControllable": false,//玩家可以操控
	"physics": false,//治疗？
	"useUnitCap": false,//
	"createWreck": false,//可以击落
	"createScorch": false,//可以燃烧
	"flying": true,//可以飞行
	"hidden": true,//隐藏单位
	"health": 100,//血量
	"hitSize": 20,//大小
	"weapons": [
	{
	"x":0,"y":0,
"shake":2,
"top":false,
"mirror":false,//镜像
"reload":60,//装弹时间
//"alternate":false,
"recoil":4,
"shootSound":"laser",
"shootOnDeath":true,//自杀
"bullet":{
"type":"LaserBulletType",//基础子弹
"damage":20,
"sideAngle":30,
"sideWidth":7,
"sideLength":7,
"length":320,
"colors":[FFA561,FFC89E,FFE9D1,FFFFFF],//颜色
"ammoMultiplier":1,//每个物品能够
"status": "burning",
"statusDuration": 90
	}
	}
	]
}