{
    "type": "MassDriver",
    "name": "质量投掷器",
    "description": "太好了，前期神器",
    "requirements": [
        { "item": "钢化铅", "amount": 50 },
        { "item": "copper", "amount": 50 },
        { "item": "lead", "amount": 75 },
    ],
    "size": 2,
    "itemCapacity": 60,
    //物品容量
    "range": 300,
    //范围
    "minDistribute":20,
    //最小发射容量
    "reload":150,
    //重载时间
    "bulletSpeed":7.5,
    //子弹飞行速度
    "rotateSpeed":7.5,
    //转动速度
    "shootEffect":"shieldWave",
    //射击特效
    "smokeEffect":"pointHit",
    //射击时炮口特效
    "receiveEffect":"pointHit",
    //接收方的特效
    "consumes": {
        "power":1.5
    },
    "research":"conveyor"
}