{
    "health":2800,
    "armor":5,
    "speed":0.65,
    "weapons":[
	{"name":"血蛭1",
    "top":false,
    "shootY":4,
    "reload":9,
    "ejectEffect":"none",
    "recoil":2,
    "x":8.5,"y":-1.5,
    "shootSound":"sap",
    "bullet":{
    "type": "SapBulletType",
    "shootEffect":"shootSmall",
    "lifetime":30,
    "sapStrength":0.8,
    "length":80,
    "width":0.54,
    "knockback":-1.5,
    "statusDuration":150,
	"status":"sapped",
	"damage": 25,
    "color":"A278E1FF",
    "lightColor":"A278E1FF",
	"hitColor":"bf92f9",
	"despawnEffect":"none"
    }},
{"name":"血蛭2",
    "top":false,
    "shootY":4,
    "reload":20,
    "ejectEffect":"none",
    "recoil":2,
    "rotate":true,
    "x":5,"y":3,
    "shootSound":"sap",
    "bullet":{
    "type": "SapBulletType",
    "shootEffect":"shootSmall",
    "lifetime":45,
    "sapStrength":0.8,
    "length":70,
    "width":1,
    "knockback":-2,
    "statusDuration":300,
	"status":"sapped",	
	"damage": 60,
    "color":"A278E1FF",
    "lightColor":"A278E1FF",
	"hitColor":"bf92f9",
	"despawnEffect":"none"
    }}
	]
}