{
  "type": "PayloadDeconstructor", // 单元类型为 "PayloadDeconstructor"，表示有效载荷解构器。
  "name": "巨型解构器", // 解构器名称
      "consumes": {
        "power": 5
    },
  "requirements": [
    { "item": "beryllium", "amount": 500 }, // 需求物品为 "beryllium"，数量为 250。
    { "item": "oxide", "amount": 200 }, // 需求物品为 "oxide"，数量为 100。
    { "item": "silicon", "amount": 500 }, // 需求物品为 "silicon"，数量为 250。
    { "item": "carbide", "amount": 500 } // 需求物品为 "carbide"，数量为 250。
  ],
  "itemCapacity": 5000, // 物品容量
  "size": 7, // 尺寸为 5。
  "deconstructSpeed": 2 // 解构速度为 2。
  "maxPayloadSize":6
  "category": "units",
}