{
  "type":"payloadLoader"
    "name": "巨型载荷装卸器", // 载荷装载器的名称为 "payload-loader"。
    "requirements": [ // 需求物品列表：
          {"item": "graphite", "amount": 150}, // 需求物品为 50 个石墨。
          {"item": "silicon", "amount": 150}, // 需求物品为 50 个硅。
          {"item": "tungsten", "amount": 240} // 需求物品为 80 个钨。
    ],
    "hasPower": true, // 是否有能量为 true，表示载荷装载器需要能量。
    "size": 7, // 尺寸为 3，表示载荷装载器的大小为 3。
    "fogRadius": 11 // 迷雾半径为 5，表示载荷装载器周围的迷雾范围为 5。
    "maxBlockSize":6
    "category": "units",
    "consumes": {
        "power": 5
    },
    "itemCapacity": 50000, // 物品容量
}