{
	"name": "催化重整塔",
	"description": "对石化产物进行催化重整",
	"health":800,
	"size":4,
	"hasPower": true,
	"hasLiquids": true,
	"hasItems": true,
	"craftEffect": "steam",
	"updateEffect": "plasticburn",
	"drawer": {
        "type": "DrawMulti",
        "drawers": [
            {
                "type": "drawRegion",
                "suffix": "-bottom"
            },
		{
		   "type":"DrawLiquidTile",
		"drawLiquid":"烷烃"
		},
		{
		   "type":"DrawLiquidTile",
		"drawLiquid":"乙烯"
		},
	    {
			"type":"DrawCrucibleFlame",
		},
            "DrawDefault",
        ]
    }
  	"liquidCapacity": 120,
    "itemCapacity": 30,
	"requirements": [
		{ "item": "titanium","amount":400 },
		{"item":"copper","amount":800}
		{"item":"钨","amount":120}
		{"item":"铱","amount":75}
		{"item":"单晶硅","amount":300}
		{"item":"塑料","amount":600}
	],
	"category": "crafting",
	"research": "石油裂化塔",
}