{
	"name": "焦化塔",
	"description": "对石化产物进行焦化",
	"itemCapacity":32,
	"health":1000,
	"size":3,
	"hasPower": true,
	"hasLiquids": true,
	"hasItems": true,
	"craftEffect": "neoplasiaSmoke",
	"updateEffect": "plasticburn",
	"drawer": {
        "type": "DrawMulti",
        "drawers": [
            {
                "type": "drawRegion",
                "suffix": "-bottom"
            },
		{
		   "type":"DrawLiquidTile",
		"drawLiquid":"燃油"
		},
		{
		   "type":"DrawLiquidTile",
		"drawLiquid":"沥青"
		},
            "DrawDefault",
        ]
    }
  	"liquidCapacity": 120,
	"requirements": [
		{ "item": "titanium","amount":300 },
		{"item":"钨","amount":100}
		{"item":"单晶硅","amount":100}
		{"item":"graphite","amount":400}
		{"item":"塑料","amount":400}
	],
	"category": "crafting",
	"research": "石油裂化塔",
}