{
	"type": "DuctBridge",//类型,自连桥
	"range":7,//范围
	"category": "distribution",//菜单栏
	"name": "物品轨道桥",//名字
	"description": "可跨过四格区域向前运输物品并会自动连接所对的物品轨道桥节点",//介绍
	"research": "氧化物管道"//科技树前置
	"requirements": [//建造消耗
	"beryllium/30"
	"tungsten/20"
	"oxide/10"
	],
	"size":1,//平方大小
	"health":400//血量
	"speed": 0.6,//运输速度＝60÷speed
	"itemCapacity":40,//物品容量
	"displayedSpeed":40,//显示速度
}