{
	"name":"物流运输机平台",
	"description":"建造运货无人机。\n向此平台输入物品，无人机会将物品运输至指定的卸载点。",
	"type": "UnitCargoLoader",//运输机平台
	"health":1000,
	"size":3,
	"itemCapacity":100000,
	"buildTime":480,
	"conductivePower":true,
	"unitType": "运输机"//使用单位
    "consumes": {
		"power": 5,
		"liquid":{"liquid":"cyanogen","amount":"1"}}
	"requirements": [
	{ "item": "graphite", "amount": 120 }
	{"item": "phase-fabric", "amount": 80 }
	{"item": "surge-alloy", "amount": 50 }
	],
	"category": "distribution",
	"squareSprite": false,
	"research": {
	"parent": "unit-cargo-loader"//科技树前置
	},
}
