{
	"type": "StackConveyor",
	"health": 8300,
	"armor": 0.3,
	"speed": 0.03,
	"baseEfficiency": 4,
	"itemCapacity": 5000,
	"transportTime": 0.07,
	"consumes": {
		"power": 0.5
	},
	"hasPower": true,
	"consumesPower": true,
	"conductivePower": true,
	"loadEffect": {
		"type": "ParticleEffect",
		"particles": 7,
		"lifetime": 15,
		"length": 25,
		"cone": -360,
		"lenFrom": 5,
		"lenTo": 0,
		"colorFrom": "BF3E47",
		"colorTo": "E78F92"
	},
	"unloadEffect": {
		"type": "ParticleEffect",
		"particles": 7,
		"lifetime": 15,
		"length": 25,
		"cone": -360,
		"lenFrom": 5,
		"lenTo": 0,
		"colorFrom": "BF3E47",
		"colorTo": "E78F92"
	},
	"destroyBullet": {
		"type": "PointBulletType",
		"damage": 0,
		"splashDamage": 30,
		"splashDamageRadius": 24,
		"hitShake": 2,
		"status": "熔融",
		"statusDuration": 30,
		"speed": 0,
		"lifetime": 1,
		"hitEffect": "none",
		"despawnEffect": "none"
	},
	"requirements": [
		"plastanium/67",
		"phase-fabric/78"
		"surge-alloy/25"
	],
	"research": "plastanium-conveyor",
	"researchCostMultiplier": 40,
	"category": "distribution"
}