{
	"type": "MassDriver",
	"health":23400,
	"size": 5,
	"reload": 80,
	"range": 1880,
	"knockback": 4,
	"translation": 2,
	"rotateSpeed": 2,
	"speed": 0,
	"itemCapacity": 20600,
	"minDistribute": 20050,
	"bulletSpeed": 20,
	"bulletLifetime": 180,
	"shootSound": "artillery",
	"shootEffect": "shootBig2",
	"smokeEffect": "shootSmokeTitan",
	"receiveEffect": "hitSquaresColor",
	"consumes": {
		"power": 35
	},
	"requirements": [
		"thorium/4325",
		"plastanium/2750",
		"phase-fabric/350"
	],
	"research": "mass-driver",
	"category": "distribution"
}