{
    "type": "ItemBridge",
    "name": "通用电送带桥",
    "description": "跨越任意地形或建筑瞬时运输物品，比传送带桥范围更大\n20格超远距离",
    "health": 120,
    "range": 20,
    "transportTime": 1,
    "consumes": {
        "power": 0.5
    },
    "requirements": [
        {
            "item": "metaglass",
            "amount": 10
        },
        {
            "item": "silicon",
            "amount": 10
        },
        {
            "item": "phase-fabric",
            "amount": 7
        }
    ],
    "category": "distribution",
    "research": "plastanium-conveyor"
}