{
	"type": "flying",
	"name": "横祸",
	"description": "向地面发射火球，引发燃烧，请务必准备好你的滋水枪",
			"immunities": [

	],
	"speed": 0.7
	"drag":0.05,"accel":0.1,
	"rotateSpeed":1.15,
	"lowAltitude":true
	"targetFlags":["battery","turret","core"],
	"ammoType":{
	"type":"PowerAmmoType",
	"totalPower":100},
	"ammoCapacity": 300,
	    "health": 2540,
	"hitSize":22, 
	"flying": true,
	"faceTarget": true,
	"circleTarget": true,
	"armor":12,
	"engineOffset": 6,
	"engineSize": 3,
	"itemCapacity": 0,
		"weapons":[
		{	"name": "导弹口1",	
		"reload":120,
        "x": 0,  "y": 0, 
        "rotate": true,
        "mirror":false,
        "rotateSpeed":28,
        "inaccuracy": 15,
		"shoot":{
			"shots":3
			"shotDelay": 0
			 "barrels": 3
        "spread": 3
		},
		"shootSound": "missile",
		"rotateSpeed": 0//炮台转头速度
		"alternate": true,
		"ejectEffect":"casing1",
		"bullet":{
			"sprite":"missile",
			"splashDamageRadius":15,
	"splashDamage":74,
	    "damage":33,	  
	    "speed":3,
	    "weaveMag":2,
	"weaveScale":4,
	    	"homingRange": 250,
	"homingDelay":5,
	"homingPower": 0.1,
	    "lifetime":50,
	    "width":7,	 "height":10
	    "status":"melting",
	"statusDuration":240,
	"makeFire":true,
	"fragBullets": 8,
	"fragRandomSpread": 12,
			"fragBullet": {
				"type": "LiquidBulletType",
	"liquid": "oil",
	"speed": 2.34,
	"lifetime":6,
	"knockback":0.3,
	"statusDuration":120,
	"status":"tarred",
	"damage": 7.5
	"makeFire":true,
		"fragRandomSpread": 5,
			"fragBullet": {
				"type": "LiquidBulletType",
	"liquid": "slag",
	"speed": 2.34,
	"lifetime":6,
	"knockback":0.3,
	"statusDuration":120,
	"status":"melting",
	"damage": 7.5
	"makeFire":true,
	"fragRandomSpread": 12,
			"fragBullet": {
				"type": "LiquidBulletType",
	"liquid": "oil",
	"speed": 2.34,
	"lifetime":6,
	"knockback":0.3,
	"statusDuration":120,
	"status":"tarred",
	"damage": 7.5
	"makeFire":true,
		"fragRandomSpread": 5,}}}
			}
	}
]
}