{
	"type": "legs",
	"legCount": 4,
	"legLength": 3
	"legForwardScl": 0.6,
	"legMoveSpace": 1.4,
	"description": "移动速度快，自爆，能够对敌人造成伤害，可跨过建筑偷家",
	"abilities": [
	{
        "type": "RepairFieldAbility"
        "amount":48
        "reload": 60
        "range": 48
    }
    {//死亡时产生单位
			"type": "SpawnDeathAbility",
			"unit": "[数据删除] (1)",
			"amount": 1,//固定数量
			"randAmount": 0//随机数量
	},
	],
			"ammoType":{
	"type":"PowerAmmoType",
	"totalPower":2200},
	"ammoCapacity": 700
    "ammoResupplyAmount":1,/*弹药补给倍率 */
	"hovering": true,
	"canDrown": false,
	"name": "烟尘",
	"canBoost": false,
	"speed": 1.65,
	"hitSize": 12
	"health": 64,
	"armor": 0,
	"drag": 0.2,
	"rotateSpeed": 2.5,
	"itemCapacity": 50,
	"faceTarget": true,
	"weapons": [
	{	"name": "bom",	
		"reload": 10, 
		"x": 0,  "y": 0, 
		"rotate": false,
		"shootCone":270,
		"ejectEffect":"none",
		"shootSound":"explosionbig",
		"mirror":false,
		"inaccuracy": 0,
		"alternate": true,
		"top":false,
		"shootOnDeath":true,
		"bullet":{
		"killShooter":true,
		"splashDamageRadius":18,
		"instantDisappear":true,
		"collides": false,
		"splashDamage":10,
		"speed":1,"lifetime":10,
		"hitEffect":"massiveExplosion",
		"despawnEffect":{"type": "MultiEffect",
			"effects": [
			{"type": "ParticleEffect",
			"particles": 18,
			"sizeFrom": 6,
			"sizeTo": 0,
			"length": 45,
			"baseLength": 3,
			"lifetime": 35,
			"colorFrom": "737373FF",
			"colorTo": "737373FF",
			"cone": 360},
			{"type": "ParticleEffect",
			"particles": 32,
			"line":true,
			"sizeFrom": 9,
			"sizeTo": 0,
			"length": 53,
			"baseLength": 20,
			"lifetime": 22,
			"colorFrom": "FFFFFF",
			"colorTo": "FFE176FF",
			"cone": 360},
			{"type": "WaveEffect",
			"lifetime": 15,
			"sizeFrom": 0,
			"sizeTo": 70,
			"strokeFrom": 4,
			"strokeTo": 0,
			"colorFrom": "FFE176FF",
			"colorTo": "ffffff"}]},
		"width":0,	 "height":0
	   }	}]
}