{
	"type": "TractorBeamTurret",
	"name": "不明装置",
	"description":"一个来历不明的装置，发射持续性的错误攻击单独敌目标并\n[yellow]永久硬控/停止\n[#ffffc0](切换攻击目标后几秒后解除硬控/停止buff)。
	"health": 50,
	"size": 2,
	"rotateSpeed": 2.5,
	"range": 9999,
	"scaledForce": 0,
	"force": 0,
	"targetGround": true,
	"targetAir": true,
	"hasPower": true,
	"damage": 0.5,
	"status": "unmoving",
	"statusDuration": 600,
	"shoot": {
		"type": "ShootAlternate",
		"barrels": 0,
		"spread": 0,
	},
	"shootType": {
	"type":"none",
	"frontColor": "87CEEB",
    "backColor": "87CEEB",
    }
	"consumes": {
		"power": 0.1
	},
	"requirements": [
		"一号收藏品/1",
		"二号收藏品/1",
		"三号收藏品/1",
		"四号收藏品/1",
		"五号收藏品/1",
	],
	"category": "turret",
	"alwaysUnlocked":false,
}
/*信号丢失