{
"type":"Separator",
"name":"分解机",
"description":"以相对高效率将废料渣液分离出矿物成分。",
"health":220,
"itemCapacity":20,
"size":4,
"hasPower":true,
"hasLiquids":true,
"hasItems":true,

"drawer":{
"type":"DrawMulti",
"drawers":[
"DrawDefault"
{"type":"DrawLiquidRegion",
"drawLiquid":"slag",
"suffix" : "-liquid",},
{
"type": "DrawRegion",
"suffix": "-spinner",
"spinSprite": true,
"rotateSpeed": 6
}]}
"craftTime":6,
"consumes":{"power":6,
"liquid":{"liquid":"slag","amount":0.25},
"items":{"items":[{"item":"scrap","amount":1}]}}
"results":[
{"item":"copper","amount":3},
{"item":"lead","amount":3},
{"item":"metaglass","amount":2},
{"item":"graphite","amount":2},
{"item":"titanium","amount":2},
{"item":"thorium","amount":1},
{"item":"silicon","amount":2},
]
"requirements":[
{"item":"thorium","amount":100},
{"item":"plastanium","amount":65},
{"item":"phase-fabric","amount":35},
{"item":"高频芯片","amount":80},
],
"category":"crafting",
"research":"disassembler",
}