{
    "type": "GenericCrafter",
    "name": "增制冷却液制造机",
    "description": "将水和细钛粉混合制成冷却液。",
    "health": 240,
    "itemCapacity": 10,
    "liquidCapacity": 10,
    "size": 2,
    "hasPower": true,
    "hasLiquids": true,
    "hasItems": true,
    "craftTime": 80,
    "drawer": {
        "type": "DrawMulti",
        "drawers": [
            {
                "type": "DrawRegion",
                "suffix": "-bottom"
            },
            {
                "type": "DrawLiquidRegion",
                "drawLiquid": "cryofluid",
                "suffix": "-top"
            },
            "DrawDefault"
        ]
    },
    "consumes": {
        "power": 1.5,
        "liquid": {
            "liquid": "water",
            "amount": 0.3
        },
        "items": {
            "items": [
                {
                    "item": "titanium",
                    "amount": 1
                }
            ]
        }
    },
    "outputLiquid": {
        "liquid": "cryofluid",
        "amount": 0.3
    },
    "requirements": [
        {
            "item": "titanium",
            "amount": 120
        },
        {
            "item": "thorium",
            "amount": 80
        },
        {
            "item": "高频芯片",
            "amount": 25
        }
    ],
    "category": "crafting",
    "research": "cryofluid-mixer"
}