{
"type":"GenericCrafter",
"name":"大型芯片制造机",
"description":"将石墨与硅制造成高频芯片。",
"health":420,
"itemCapacity":30,
"size":3,
"hasPower":true,
"hasItems":true,
"craftEffect":"pulverizeMedium",
"craftTime":80,
"consumes":{"power":6,
"items":{"items":[
{"item":"graphite","amount":3}
{"item":"silicon","amount":2}]  }   },
"outputItem":{"item":"高频芯片","amount":3},
"requirements":[
{"item":"graphite","amount":125},
{"item":"silicon","amount":125},
{"item":"titanium","amount":125},
{"item":"高频芯片","amount":75},
],
"category":"crafting",
"research":"芯片制造机",
}