{
"type":"HeatConductor",//种类
"name":"热转向器",//名称
"description":"",//描述
"health":360,//生命
"size":3,//大小
"drawer":{
"type":"DrawMulti",
"drawers":["DrawDefault","DrawHeatOutput",
{"type":"DrawHeatInput","suffix":"-heat"}]},
"regionRotated1":1,
"hasItems":true,//是否需要物品
"requirements":[
{"item":"copper","amount":45}
{"item":"graphite","amount":45}
{"item":"silicon","amount":45}
],//建造消耗的材料
"category":"crafting",//游戏界面分类
//"research":"alloy-smelter",//科技树前一项
"buildCostMultiplier":1,//建造时间倍率
"researchCostMultiplier":10,
}