{
"type":"GenericCrafter",
"name":"电晶制造机",
"description":"将巨量电力储存进巨浪合金中并用塑钢进行束缚。",
"health":320,
"itemCapacity":10,
"size":2,
"hasPower":true,
"hasItems":true,
"craftTime":120,
"consumes":{
"power":83.3333333333,
"items":{"items":[
{"item":"plastanium","amount":1},
{"item":"surge-alloy","amount":1},
    ]   }   },
"outputItem":{"item":"电能结晶","amount":2},
"requirements":[
{"item":"titanium","amount":150},
{"item":"thorium","amount":150},
{"item":"plastanium","amount":75},
{"item":"高频芯片","amount":75},
],
"category":"crafting",
"research":"surge-smelter",
"craftEffect":"hitLancer",
}