{
"type":"GenericCrafter",
"name":"电解硅炉",
"description":"使用大量电力将二氧化硅电解成硅。",
"health":160,
"itemCapacity":20,
"size":2,
"hasPower":true,
"hasItems":true,
"craftEffect":"smeltsmoke",
"drawer":{
"type":"DrawMulti",
"drawers":[
"DrawDefault",
"DrawFlame",
]}
"craftTime":120,
"consumes":{
"power":7,
"items":{"items":[{"item":"sand","amount":5}]}},
"outputItem":{"item":"silicon","amount":4},
"requirements":[
{"item":"titanium","amount":45},
{"item":"graphite","amount":35},
{"item":"高频芯片","amount":15},
],
"category":"crafting",
"research":"silicon-smelter",
}