{
	"type": "tank",
	"template": "TankUnitType",
	"health": 499520,
	"armor": 241,
	"hitSize": 96,
	"speed": 0.48,
	"accel": 0.1,
	"drag": 0.08,
	"rotateSpeed": 0.54,
	"healColor": "ADFF99FF",
	"outlineColor": "1F1F1F",
	"treadRects": [
		{
			"x": -145,
			"y": 171,
			"width": 50,
			"height": 40
		},
		{
			"x": -153,
			"y": -211,
			"width": 56,
			"height": 40
		}
	],
	"hovering": true,
	"faceTarget": false,
	"rotateMoveFirst": false,
	"treadFrames": 20,
	"crushDamage": 60, //mun*60 = displayDamage
	"treadPullOffset": 1,
	"immunities": [
		"burning",
		"melting",
		"blasted",
		"wet",
		"freezing",
		"slow",
		"tarred",
		"muddy",
		"sapped",
		"unmoving",
		"electrified",
		"spore-slowed",
	],
	"parts": [
		{
			"type": "RegionPart",
			"suffix": "-glow",
			"outline": false,
			"color": "FF0000",
			"blending": "additive"
		}
			{
				"type": "ShapePart",
				"x": 0
				"y": 0
				"hollow": true,
				"rotateSpeed": -0.5,
				"sides": 4,
				"radius": 68,
				"stroke": 2.5,
				"color": "F9C27A",
				"layer": 110
			}
				{
				"type": "ShapePart",
				"x": 0
				"y": 0
				"hollow": true,
				"rotateSpeed": 0.5,
				"sides": 4,
				"radius": 68,
				"stroke": 2.5,
				"color": "F9C27A",
				"layer": 110
			}
		]
		
		
		"weapons": [
				{
			"name": "回荡炮",
			"x": 0,
			"recoil": 8,
			"shake": 20,
			"shootY": 73,
			"reload": 480,
			"shootCone": 1,
			"mirror": false,
			"rotate": true,
			"rotateSpeed": 1,
			"layerOffset": 0.01,
			"cooldownTime": 660,
			"heatColor": "F03B0E",
			"bullet": {
			       "type": "BasicBulletType",
			       "splashDamage": 1800,
		          "splashDamageRadius": 400,// blocks  [mun/8]
                "recoil": 0,
                "damage": 6666,
                "pierce": true,
                "pierceBuilding": false,
                "speed": 8.5,
                "lifetime": 120,
                "width": 15,
                "hitSize": 25,
                "height": 10,
                "shootSound": "plasmaboom"
                "hitSound": "hugeShoot"
                "shootEffect": {
                "type": "MultiEffect",
                "effects": [
                     {
				      "type": "WrapEffect",
			      	"effect": "dynamicSpikes",
		      		"color": "FDA05EFF",
	      			"rotation": 40
			            }
			            {
			          "type": "WrapEffect",
			      	"effect": "instBomb",
		      		"color": "FDA05EFF",
	      			"rotation": 39
			            }
			            ]
			        }
			        
	      		   "despawnEffect": {
		      	  "type": "MultiEffect",
                "effects": [
                {
   			      "type": "WrapEffect",
			      	"effect": "dynamicSpikes",
		      		"color": "FDA05EFF",
	      			"rotation": 50
	      		}
	      		{
							"type": "ParticleEffect",
							"followParent": false,//跟随父级
							"particles": 23,
							"lifetime": 125,
							"sizeFrom": 40,
							"sizeTo": 0,
							"cone": 360,
							"length": 200,
							"interp": "pow10Out",
							"sizeInterp": "pow10In",
							"colorFrom": "FDA05EFF",
							"colorTo": "FDA05EFF"
						},
						   {
				      "type": "WrapEffect",
			      	"effect": "scatheExplosion",
		      		"color": "FDA05EFF",
	      			"rotation": 80
			            }
	      		
                          ]
			                           }
			        "hitEffect": {
		      	  "type": "MultiEffect",
                "effects": [
                {
   			      "type": "WrapEffect",
			      	"effect": "dynamicSpikes",
		      		"color": "FDA05EFF",
	      			"rotation": 50
	      		}
	      		{
							"type": "ParticleEffect",
							"followParent": false,//跟随父级
							"particles": 23,
							"lifetime": 125,
							"sizeFrom": 40,
							"sizeTo": 0,
							"cone": 360,
							"length": 200,
							"interp": "pow10Out",
							"sizeInterp": "pow10In",
							"colorFrom": "727272",
							"colorTo": "727272"
						},
						   {
				      "type": "WrapEffect",
			      	"effect": "scatheExplosion",
		      		"color": "FDA05EFF",
	      			"rotation": 80
			            }
	      		
                          ]
			                           }
	             "chargeEffect": {
	             "type": "MultiEffect",
	             "effects": [
	             {
							"type": "ParticleEffect",
							"followParent": false,//跟随父级
							"particles": 13,
							"lifetime": 125,
							"sizeFrom": 20,
							"sizeTo": 0,
							"cone": 360,
							"length": 100,
							"interp": "pow10In",
							"sizeInterp": "pow10Out",
							"colorFrom": "FDA05EFF",
							"colorTo": "FDA05EFF"
						},
	             ]
	             }
                "smokeEffect": "shootBigSmoke",
                "hitColor": "FDA05EFF",
                "frontColor": "FCCCAAFF",
                "trailWidth": 10,
                "trailColor": "FDA05EFF"
                "trailLength": 45
                
                	"parts": [//子弹飞行fx
					{
						"type": "HaloPart",
						"tri": true,
						"shapes": 3,
						"radius": 6,
						"triLength": 64,
						"haloRadius": 64,
						"haloRotation": 90,
						"color": "F9C27A",
						"layer": 110
					},
					{
						"type": "HaloPart",
						"tri": true,
						"shapeRotation": 180,
						"shapes": 3,
						"radius": 6,
						"triLength": 16,
						"haloRadius": 64,
						"haloRotation": 90,
						"color": "F9C27A",
						"layer": 110
					},
					{
						"type": "ShapePart",
						"hollow": true,
						"rotateSpeed": 2.5,
						"sides": 8,
						"radius": 24,
						"stroke": 2,
						"color": "F9C27A",
						"layer": 110
					},
					{
						"type": "ShapePart",
						"hollow": true,
						"rotateSpeed": 1,
						"sides": 4,
						"radius": 38,
						"stroke": 2,
						"color": "F9C27A",
						"layer": 110
					}
				],
			
			
				      }
				      	  "parts": [//炮管贴图移动fx
				      {
					"type": "RegionPart",
					"progress": "recoil",
					"suffix": "-shot",
					"under": false,
					"moveY": -18.5,
					"children": [
						{
							"type": "RegionPart",
							"suffix": "-shot-glow",
							"outline": false,
							"color": "FF0000",
							"blending": "additive"
						}
					]
				},
				{
					"type": "RegionPart",
					"suffix": "-glow",
					"outline": false,
					"color": "FF0000",
					"blending": "additive"
				}
			]
			        }
		]//end
		}//json end