{
  "singleTarget": true,
   "top":true
  "drawShields": false,
  "lightRadius": 200,
  "rotateSpeed": 0.8,
  "speed": 0.53,
  "accel": 0.4,
  "drag": 0.4,
  "range": 380,
  "maxRange": 380,
  "aimDst": 340,
  "engineColor": "ADC9FFFF",
  "outlineColor": "36363c",
  "faceTarget": true,
  "flying": true,
  "health": 374000,
  "hitSize": 122,
  "armor": 46,
  "engineOffset": 88,
  "engines": [
    {
      "x": -18,
      "y": -90,
      "radius": 6
    },
    {
      "x": 18,
      "y": -90,
      "radius": 6
    },
    {
      "x": -39,
      "y": -98,
      "rotation": -34,
      "radius": 6
    },
    {
      "x": 39,
      "y": -98,
      "rotation": 45,
      "radius": 6
    }
  ],
  "engineSize": 18,
  "parts": [
    {
      "type": "shapePart",
      "hollow": true,
      "circle": true,
      "y": -34,
      "layer": 110,
      "color": "DEEDFFFF",
      "stroke": 2,
      "strokeTo": 2,
      "radiusTo": 15,
      "radius": 15
    },
    {
      "type": "shapePart",
      "hollow": true,
      "circle": true,
      "y": -34,
      "layer": 110,
      "color": "DEEDFFFF",
      "stroke": 2,
      "strokeTo": 2,
      "radiusTo": 4.5,
      "radius": 4.5
    },
    {
      "type": "shapePart",
      "hollow": true,
      "circle": false,
      "sides": 5,
      "y": -34,
      "rotateSpeed": 1,
      "layer": 110,
      "color": "DEEDFFFF",
      "stroke": 2,
      "strokeTo": 2,
      "radiusTo": 10,
      "radius": 10
    },
    {
      "type": "shapePart",
      "hollow": true,
      "circle": false,
      "sides": 5,
      "y": -34,
      "rotateSpeed": -1,
      "layer": 110,
      "color": "DEEDFFFF",
      "stroke": 2,
      "strokeTo": 2,
      "radiusTo": 15,
      "radius": 15
    },
    {//dig tir
      "type": "HaloPart",
      "y": -34,
      "radius": 6,
      "tri": true,
      "layer": 110,
      "color": "DEEDFFFF",
      "haloRadius": 22,
      "haloRadiusTo": 22,
      "haloRotation": 90,
      "shapeRotation": 180,
      "stroke": 0,
      "strokeTo": 4.7,
      "shapes": 2,
      "triLengthTo": 6,
      "triLength": 6
    },
    {//dig tir
      "type": "HaloPart",
      "y": -34,
      "radius": 6,
      "tri": true,
      "layer": 110,
      "color": "DEEDFFFF",
      "haloRadius": 22,
      "haloRotation": 90,
      "haloRadiusTo": 22,
      "stroke": 0,
      "strokeTo": 4.7,
      "shapes": 2,
      "triLengthTo": 33,
      "triLength": 33
    },
    {
      "type": "HaloPart",
      "y": -34,
      "radius": 5.4,
      "tri": true,
      "layer": 110,
      "color": "DEEDFFFF",
      "haloRotateSpeed": -1,
      "haloRadius": 15,
      "haloRadiusTo": 15,
      "stroke": 0,
      "strokeTo": 3,
      "shapes": 3,
      "triLengthTo": 6,
      "triLength": 6
    },
  ],
  "lowAltitude": true,
  "weapons": [
      {
"type":"RepairBeamWeapon",
"name":"帝俊-wp-激光",//名称
"x":0,"y":45,
"beamWidth":0.5,
"repairSpeed":0,
"shootY":6,
"mirror":false,//镜像
"bullet":{
"maxRange":90,
"ammoMultiplier":1,//每个物品能够
}
}
    {
        "reload":500,
           //"shootStatusDuration": 160,//发射时给自己的状态时间
	   // "shootStatus": "unmoving",//发射时给自己的状态
	    //"parentizeEffects": true,//该武器的特效跟随
        "mirror":false,
        "top": false
        "shootY":3,
        "x":0,
        "y":45,
        "rotate":false,
        "recoil":0,
        "shots": 1
        "continuous":true,
        "cooldownTime":240,
        	"shootSound": "laserblast",
        	  "parts": [
    {
      "type": "shapePart",
      "hollow": false,
      "circle": true,
      "y": 0
      "layer": 110,
      "color": "DEEDFFFF",
      "stroke": 0,
      "strokeTo": 5,
      "radiusTo": 20,
      "radius": 0
    },
            {
    "type": "HaloPart",
    "y": 0
    "radius": 10,
    "tri": true,
    "hollow":false,
    "layer": 110,
    "color": "DEEDFFFF",
    "haloRotateSpeed": 0.7,
    "haloRadius": 0,
    "haloRadiusTo": 19,
    "stroke": 0,
    "strokeTo": 16,
    "shapes": 2,
    "triLengthTo": 60,
    "triLength": 0
    },
                {
    "type": "HaloPart",
    "y": 0
    "radius": 10,
    "tri": true,
    "hollow":false,
    "layer": 110,
    "color": "DEEDFFFF",
    "haloRotateSpeed": 0.9,
    "haloRadius": 0,
    "haloRadiusTo": 19,
    "stroke": 0,
    "strokeTo": 16,
    "shapes": 2,
    "triLengthTo": 50,
    "triLength": 0
    },
    ]
        	
        "bullet":{

            "layer": 90,
            "type":"ContinuousLaserBulletType",
            "damage":80,
            "length":650,
            "width":12,
            "drawSize":300,
            "lifetime":300,
            "shake":1,
            "despawnEffect":"smokeCloud",
            "smokeEffect":"none",
            "shootEffect":"none",
            "incendChance":1,
            "incendSpread":1,
            "incendAmount":1,
            		"healPercent":1
			 "collidesTeam":true
            "colors":["DEEDFFFF","DEEDFFFF","F0FFFF"]
            "hitEffect":{
            "type": "ParticleEffect",
    "particles": 8,
    "sizeFrom": 9,
    "sizeTo": 0,
    "line":true,
    "length": 85,
    "baseLength": 0,
    "lifetime": 25,
    "colorFrom": "5F79ADFF",
    "colorTo": "FFFFFF",
    "cone": 80
    },
    }
    	"chargeEffect":{//蓄力特效
        		"type": "MultiEffect",
        		"effects": [
        		    {
            		"type": "ParticleEffect",
            		"particles": 10,
            		"sizeFrom": 6,
            		"sizeTo": 6,
            		"length": -80,
            		"baseLength": 80,
            		"lifetime": 120,
            		"colorFrom": "FFFFFF",
            		"colorTo": "5F79ADFF",
            		"spin": 10,
            		"cone": 360
        		    },
        		    {
            		"type": "ParticleEffect",
            		"particles": 1,
            		"sizeFrom": 0,
            		"sizeTo": 10,
            		"length": 0,
            		"baseLength": -0,
            		"lifetime": 120,
            		"colorFrom": "5F79ADFF",
            		"colorTo": "ffffff",
            		"cone": 360
        		    }
        		    {
                    "type": "WaveEffect",
                    "lifetime": 120,
                    "sizeFrom": 114,
                    "sizeTo": 0,
                    "strokeFrom": 3,
                    "strokeTo": 0,
                    "lifetime": 120,
                    "colorFrom": "ffffff",
                    "colorTo": "5F79ADFF"
                    }, 
                    ]
                }
	        }
	        					{
		"name":"SE-9527"
		"x":23,"y":-39,
		"length":2.5,
		"recoil":4,
		"reload":17.5,
		"mirror":true,//镜像
		"rotate": false,
		"rotation": 45
	
	    "shoot":{
	"shots": 8
	"shotDelay":8
	"alternate":false
	}
	    "alternate":true
		"shake": 1,
		"shootSound": "rl",
		"inaccuracy":20,
		"bullet": {
		
		"type": "EmpBulletType",
		"radius": 85,
		"timeIncrease": 1,
		"powerDamageScl": 3,
		"unitDamageScl": 2.5,
		"speed": 8.5,
		"lifetime": 50,
		"maxRange": 862,
		"drag": -0.02,
		"status": "corroded",
		"statusDuration": 160,
		"homingDelay": 40,
		"homingPower": 1,
		"homingRange": 80,
		"hitShake": 3,
		"damage": 30,
		"splashDamageRadius": 80,
		"splashDamage": 20,
		"lightningDamage": 128,
		"lightning": 2,
		"lightningLength": 12,
		"lightningLengthRand": 3,
		"lightningColor": "DEEDFFFF",
		"splashDamagePierce": true,
		"scaledSplashDamage": true,
		"buildingDamageMultiplier": 0.18,
		"ammoMultiplier": 1,
		"sprite": "circle-bullet",
		"shrinkY": 0,
		"trailLength": 20,
		"trailWidth": 5,
		"trailColor": "DEEDFFFF",
		"frontColor": "FFFFFF",
		"backColor": "DEEDFFFF",
		"width": 12,
		"height": 12,
		"hitSound": "plasmaboom",
		"chainEffect": "chainLightning",
		"hitPowerEffect": {
			"type": "ParticleEffect",
			"particles": 5,
			"baseLength": 0,
			"length": 90,
			"lifetime": 16,
			"line": true,
			"lenFrom": 30,
			"lenTo": 0,
			"strokeFrom": 2,
			"strokeTo": 0,
			"colorFrom": "DEEDFFFF",
			"colorTo": "DEEDFFFF",
			"cone": 360
		},
		"despawnEffect": {
			"type": "ParticleEffect",
			"particles": 1,
			"sizeFrom": 85,
			"sizeTo": 0,
			"sizeInterp": "pow10Out",
			"length": 0,
			"baseLength": 0,
			"lifetime": 70,
			"colorFrom": "DEEDFFFF60",
			"colorTo": "DEEDFFFF"
		},
		"hitEffect": {
			"type": "ExplosionEffect",
			"lifetime": 48,
			"waveStroke": 3,
			"waveLife": 12,
			"waveRadBase": 6,
			"waveColor": "DEEDFFFF",
			"waveRad": 85,
			"smokes": 6,
			"smokeColor": "DEEDFFFF",
			"sparkColor": "DEEDFFFF",
			"sparks": 3,
			"sparkRad": 85,
			"sparkStroke": 2,
			"sparkLen": 36
		},
		},
		}
				{
			"name": "帝俊-wp-追踪",
			"x": 28.5,
			"y": -6,
			"reload": 100,
			//"top": false
			"shoot": {
				"type": "ShootBarrel",
				"shots": 10,
				"shotDelay": 5,
				"barrels": [
					-5, -5, -15
				]
			},
			"shake": 2,
			"shootY": 0,
			"inaccuracy": 15,
			"shootSound": "malignShoot",
			"bullet": {
				"sprite": "arrows",
				"damage": 85,
				"lifetime": 50,
				"drag": -0.01,
				"speed": 8,
				"shrinkY": 0,
				"height": 18,
				"width": 8,
				"shootEffect": {
					"type": "ParticleEffect",
					"particles": 10,
					"length": 40,
					"lifetime": 25,
					"cone": 20,
					"offset": 20,
					"sizeFrom": 4,
					"sizeTo": 0,
					"interp": "fastSlow",
					"colorFrom": "DEEDFFFF",
					"colorTo": "8598BFFF"
				},
				"pierceCap": 2,
				"reflectable": false,
				"keepVelocity": false,
				"homingRange": 360,
				"homingPower": 0.06,
				"homingDelay": 10,
				"splashDamage": 35,
				"splashDamageRadius": 40,
				"suppressionRange": 120,
				"suppressionDuration": 600,
				"suppressionEffectChance": 100,
				"frontColor": "DEEDFFFF",
				"backColor": "8598BFFF",
				"weaveMag": 2,
				"weaveScale": 6,
				"trailChance": 1,
				"trailWidth": 2,
				"trailLength": 24,
				"trailColor": "8598BFFF",
				"trailRotation": true,
				"trailEffect": {
					"type": "ParticleEffect",
					"particles": 6,
					"lifetime": 25,
					"length": 6,
					"cone": 360,
					"offsetX": -5,
					"sizeFrom": 3,
					"sizeTo": 0,
					"interp": "circleOut",
					"colorFrom": "DEEDFFFF",
					"colorTo": "8598BFFF"
				},
				"hitShake": 2,
				"impact": true,
				"knockback": 4,
				"hitEffect": {
					"type": "ParticleEffect",
					"particles": 15,
					"length": 40,
					"lifetime": 36,
					"interp": "circleOut",
					"cone": 360,
					"colorFrom": "DEEDFFFF",
					"colorTo": "8598BFFF",
					"sizeFrom": 5,
					"sizeTo": 0
				},
				"despawnEffect": {
					"type": "MultiEffect",
					"lifetime": 120,
					"effects": [
						{
							"type": "ParticleEffect",
							"particles": 6,
							"sizeFrom": 3,
							"sizeTo": 0,
							"length": 60,
							"baseLength": 8,
							"lifetime": 9,
							"colorFrom": "DEEDFFFF",
							"colorTo": "8598BFFF",
							"cone": 20
						},
						{
							"type": "WaveEffect",
							"lifetime": 10,
							"sizeFrom": 8,
							"sizeTo": 50,
							"strokeFrom": 2,
							"strokeTo": 0,
							"colorFrom": "DEEDFFFF",
							"colorTo": "8598BFFF"
						}
					]
				},
				"fragBullets": 4,
				"fragLifeMin": 0.5,
				"fragBullet": {
					"sprite": "aim",
					"damage": 45,
					"lifetime": 40,
					"speed": 4,
					"spin": 8,
					"shrinkX": 0,
					"shrinkY": 0,
					"height": 15,
					"width": 15,
					"impact": true,
					"knockback": -24,
					"frontColor": "DEEDFFFF",
					"backColor": "8598BFFF",
					"weaveMag": 2,
					"weaveScale": 7,
					"trailColor": "8598BFFF",
					"trailParam": 5,
					"trailLength": 9,
					"trailWidth": 2,
					"trailEffect": "none",
					"status": "能量过载",
					"statusDuration": 60,
					"homingPower": 0.06,
					"homingRange": 160,
					"splashDamage": 15,
					"splashDamageRadius": 20,
					"hitEffect": {
						"type": "ParticleEffect",
						"particles": 1,
						"sizeFrom": 6,
						"sizeTo": 0,
						"length": 0,
						"spin": 3,
						"interp": "swing",
						"lifetime": 100,
						"region": "curse-of-flesh-star",
						"colorFrom": "8598BFFF",
						"colorTo": "8598BFFF"
					},
					"despawnEffect": {
						"type": "ParticleEffect",
						"particles": 1,
						"sizeFrom": 6,
						"sizeTo": 0,
						"length": 0,
						"spin": 3,
						"interp": "swing",
						"lifetime": 100,
						"region": "curse-of-flesh-star",
						"colorFrom": "8598BFFF",
						"colorTo": "8598BFFF"
					}
				}
			}
		},

		]
  "abilities": [
    {
      "type": "EnergyFieldAbility",
      "statusDuration": 100,
      "shootSound": "none",
      "healEffect": {
        "type": "WaveEffect",
        "lifetime": 20,
        "sizeFrom": 0,
        "sizeTo": 13,
        "sides": 4,
        "strokeFrom": 8,
        "strokeTo": 0,
        "colorFrom": "ADC9FFFF",
        "colorTo": "DEEDFFFF"
      },
      "color": "DEEDFFFF",
      "maxTargets": 60,
      "healPercent": 1,
      "damage": 100,
      "range": 180,
      "sectors": 3,
      "y": -34,
      "blinkScl": 80,
      "rotateSpeed": 3,
      "hitBuildings": true,
      "sectorRad": 0.18,
      "effectRadius": 5.6,
      "reload": 50,
      "status": {
        "name": "energy-instability",
        "effectChance": 0.6,
        "transitionDamage": 25,
        "affinities": [
          "tarred",
          "melting",
          "corroded",
          "freezing",
          "blasted",
          "slow",
          "unmoving",
          "burning",
          "wet",
          "muddy",
          "sapped",
          "overclock",
          "disarmed",
          "shielded",
          "shocked",
          "electrified",
          "spore-slowed",
          "overdrive"
        ],
        "effect": {
          "type": "WaveEffect",
          "lifetime": 20,
          "sizeFrom": 0,
          "sizeTo": 6,
          "sides": 4,
          "strokeFrom": 8,
          "strokeTo": 0,
          "colorFrom": "ADC9FFFF",
          "colorTo": "DEEDFFFF"
        }
      }
    }
  ]
}
