{
	"type": "flying",
	"name": "哨兵",
	"description": "[访问无效]",
			"immunities": ["甲板损坏","disarmed","spore-slowed","slow","超限工艺-静止","unmoving"],
	"speed": 2.1
	"drag":0.05,"accel":0.1,
	"rotateSpeed":2.15,
	"targetFlags":["battery","turret","core"],
	"abilities": [
	{
"type": "RegenAbility",
"amount": 1.6
},]
	"ammoType":{
	"type":"PowerAmmoType",
	"totalPower":100},
	"ammoCapacity": 300,
	    "health": 9540,
	"hitSize":24, 
	"flying": true,
	"armor":66
	"engineOffset": 0,
	"engineSize": 0,
	"itemCapacity": 0,
	"parts": [
		{
			"type": "HoverPart",//悬浮特效
			"layerOffset": -1,//图层偏移
			"mirror": true,//镜像对称
			"x": 0,//X位置
			"y": 0,//Y位置
			"radius": 40,//大小
			"color": "010101FF",//颜色
			"phase": 100,//相位，初始角度
			"circles": 6,//圈子界限
			"stroke": 1,//粗细
			"minStroke": 0//最小粗细
		}
		{
			"type": "HoverPart",//悬浮特效
			"layerOffset": -1,//图层偏移
			"mirror": true,//镜像对称
			"x": 0,//X位置
			"y": 0,//Y位置
			"radius": 20,//大小
			"color": "010101FF",//颜色
			"phase": 100,//相位，初始角度
			"circles": 2,//圈子界限
			"stroke": 2,//粗细
			"minStroke": 0//最小粗细
		}
		]
		"weapons":[
		{
       	"name": "无",
       	"x": 6
            "y": 7
			"shake": 8,
			"reload": 30
			"rotate":false
			"shootCone": 20,
			"shootSound":"laserblast",
			"shoot":{
			"shots":12,
			"shotDelay":7
		},
			                "bullet":{
			                "type": "LaserBulletType",
			                "lifetime": 120,
			                "status": "disarmed",
			"statusDuration": 12
"damage":33
	"shootEffect":{
    "type": "ParticleEffect",
    "particles": 5,
    "line": true,
    "strokeFrom": 2,
    "strokeTo": 0,
    "lenFrom": 10,
    "lenTo": 0,
    "length": 15,
    "baseLength": 0,
    "lifetime": 15,
    "colorFrom": "010101FF",
    "colorTo": "010101FF",
    "cone": 30},
"collidesTeam":true,
"sideAngle":55,
"sideWidth":7,
"sideLength":7,
"lifetime": 10
"colors":["FFFFFF", "010101FF", "FFFFFF"],
"width":12, "length":80
"fragLifeMin":0
"shootSound":"laserblast",
	}
			}
		{
       	"name": "无",
       	"x": 0
            "y": 0
			"shake": 8,
			"reload": 96
			"rotate":false
		    "shootY":9
			"shootSound":"laserblast",
			                "bullet":{
			                "type": "LaserBulletType",
			                "lifetime": 120,
			                "status": "unmoving",
			"statusDuration": 120
"damage":666
	"shootEffect":{
    "type": "ParticleEffect",
    "particles": 5,
    "line": true,
    "strokeFrom": 2,
    "strokeTo": 0,
    "lenFrom": 10,
    "lenTo": 0,
    "length": 15,
    "baseLength": 0,
    "lifetime": 15,
    "colorFrom": "010101FF",
    "colorTo": "010101FF",
    "cone": 30},
"collidesTeam":true,
"sideAngle":55,
"sideWidth":7,
"sideLength":7,
"lifetime": 10
"colors":["FFFFFF", "010101FF", "FFFFFF"],
"width":30, "length":120
"fragLifeMin":0
"shootSound":"laserblast",
	}
			}
					{
       	"name": "无",
       	"x": 0
            "y": 0
			"shake": 8,
			"reload": 6
			"rotateSpeed":0
			"shootSound":"missile",
			"inaccuracy": 360
		    "shootCone": 360,
			"bullet":{
			"homingDelay":7
			"sprite":"missile",
			"speed":4
			"damage": 62
			"lifetime":50
			"width": 3, 			
			"height":16
			"trailLength":12,
			"trailWidth":1,
			"shootEffect":"shootSmall",
	     	"backColor":"FFFFFF",
			"frontColor":"010101FF"
			"trailColor":"FFFFFF",
			"homingRange": 280,
            "homingPower": 0.1,
            "homingDelay":2
            "status": "disarmed",
			"statusDuration": 30,
	}}
]
}
