{
	"type":"missile",
	"controller":"MissileAI",
	"lowAltitude":true,
	"speed":9.6,
	"rotateSpeed":2.5,
	"homingDelay":8,
	"lifetime":90,
	"isEnemy":false,
	"allowedInPayloads":false,
	"playerControllable":false,
	"physics":false,
	"useUnitCap":false,
	"createWreck":false,
	"createScorch":false,
	"flying":true,
	"hidden":true,
	"health":200,
	"hitSize":8,
	"trailColor":"DEEDFFFF",
	"trailLength":12,
	"name":"火箭弹I型",
	"description":"远程火箭弹，击中时产生爆炸。",

	"engineColor":"DEEDFFFF",
	"engineSize":2.5,
	"engineOffset":6,
	"engineLayer":110,
	"outlineColor":"272930FF",

	"missileAccelTime":60,
	"drawCell":false,
	"maxRange":10,

	"abilities":[
	{"type":"MoveEffectAbility",
	"interval":2,
	"y":-6,
	"rotateEffect":true,
	"rotation":180,
	"effect":{
	"type":"ParticleEffect",
	"particles":2,
	"sizeFrom":4,
	"sizeTo":1,
	"length":30,
	"lifetime":30,
	"lightOpacity":0,
	"interp":"circleOut",
	"sizeInterp":"pow5In",
	"colorFrom":"CBD97FFF",
	"colorTo":"EDF3A9FF",
	"cone":9
	}	}	],

	"weapons":[
	{"name":"bbomboom",
	"shootCone":360,
	"shootOnDeath":true,
	"controllable":true,
	"shootSound":"none",
	"bullet":{
	"type":"ExplosionBulletType",
	"instantDisappear":true,
	"keepVelocity":false,
	"splashDamageRadius":84,
	"splashDamage":120,
	"killShooter":true,
	"speed":48,
	"lifetime":1,

	"hitEffect":{
	"type":"multiEffect",
	"effects":[
	{"type":"WaveEffect",
	"lifetime":15,
	"sizeFrom":0,
	"sizeTo":60,
	"strokeFrom":7.5,
	"strokeTo":0,
	"colorFrom":"CBD97FFF",
	"colorTo":"EDF3A9FF"
	},
	{"type":"ParticleEffect",
	"offset":30,
	"particles":10,
	"lifetime":20,
	"length":50,
	"interp":"circleOut",
	"sizeInterp":"pow5In",
	"cone":-360,
	"line":true,
	"strokeFrom":1.5,
	"strokeTo":1.5,
	"lenFrom":14,
	"lenTo":5,
	"lightColor":"EDF3A9FF",
	"colorFrom":"CBD97FFF",
	"colorTo":"EDF3A9FF"
	},
	{"type":"ParticleEffect",
	"offset":30,
	"particles":10,
	"lifetime":25,
	"length":30,
	"interp":"circleOut",
	"sizeInterp":"pow5In",
	"cone":-360,
	"line":true,
	"strokeFrom":1.5,
	"strokeTo":1.5,
	"lenFrom":7,
	"lenTo":7,
	"lightColor":"EDF3A9FF",
	"colorFrom":"CBD97FFF",
	"colorTo":"EDF3A9FF"
	},
	{"type":"ParticleEffect",
		"particles":5,
		"length":45,
		"lifetime":240,
		"interp":"pow3Out",
		"sizeInterp":"pow5In",
		"offset":30,
	"colorFrom":"EDF3A9A0",
	"colorTo":"EDF3A960",
		"sizeFrom":8,
		"sizeTo":0
		},
		{"type":"ParticleEffect",
		"particles":4,
		"length":55,
		"lifetime":180,
		"interp":"pow3Out",
		"sizeInterp":"pow5In",
		"offset":30,
	"colorFrom":"EDF3A9A0",
	"colorTo":"EDF3A960",
		"sizeFrom":18,
		"sizeTo":0
		},
	{"type":"ParticleEffect",
		"particles":5,
		"length":35,
		"lifetime":180,
		"interp":"pow3Out",
		"sizeInterp":"pow5In",
		"offset":30,
		"colorFrom":"787878",
		"colorTo":"787878",
		"sizeFrom":10,
		"sizeTo":0
		}	]	}
	}	},
	{"name":"none",
		"x":0,"y":0,
		"shootY":11,
		"mirror":false,
		"alternate":false,
		"baseRotation":180,
		"shootCone":360,
		"rotate":false,
		"recoil":0,
		"shootSound":"none",
		"alwaysShooting":true,
		"alwaysContinuous":true,

		"bullet":{
		"type":"ContinuousFlameBulletType",
		"colors":["465AB8","66A6D2","89E8B6","CAFCBE","FFFFFF"],
		"damage":3,
		"width":3,"length":20,
		"drawFlare":false
	}	}	]
}