{
	//"type": "ItemTurret",
	"name": "英灵",
	"size":1
	"health": 1
	"armor":42,
	"size": 8,
	"reload": 4
	"range": 680,
	"fogRadiusMultiplier": 0.38,
	"maxAmmo": 80
	"shootCone": 35,
	"recoilTime": 18,
	"canOverdrive": false,
	"recoil": 5,
	"cooldownTime": 12
	"drawer": {
		"type": "DrawTurret",
		"parts": [
			{
				"type": "RegionPart",
				"suffix": "-管l",
				"under": true,
				"recoilIndex": 0,
				"moveY": -6,
				"progress": "recoil",
				"heatProgress": "recoil"
			},
			{
				"type": "RegionPart",
				"suffix": "-管r",
				"under": true,
				"recoilIndex": 1,
				"moveY": -6,
				"progress": "recoil",
				"heatProgress": "recoil"
			}
		]
	},
	"recoils": 3
	"shoot": {
		"type": "ShootAlternate",
		"barrels":4
		"spread": 24
	},
	"ammoPerShot": 3
	"targetGround": true,
	"targetAir": true,
	"consumes": {
		"coolant": {
			"amount": 4.5,
			"optional": true
		}
	},
	"coolantMultiplier": 0.5,
	"liquidCapacity": 720,
	"inaccuracy":2,
	"shake": 5,
	"shootSound": "shootBig",
	"soundPitchMin": 0.5,
	"SoundPitchMax": 0.8,
	"rotateSpeed": 2.8
	"ammoTypes": {
		"聚变能": {
			"speed": 21,
			"damage": 250.25,
			"lifetime": 30,
			"knockback":12,
			"pierce": true,
			"pierceArmor": true,
			"pierceCap": 2,
			"width": 15,
			"status":"崩坏"
			"height":23,
			"shootEffect": {
				"type": "MultiEffect",
				"effects": [
					{
						"type": "ParticleEffect",
						"sizeInterp": "pow5In",
						"interp": "pow10Out",
						"particles": 3,
						"strokeFrom": 2,
						"strokeTo": 0,
						"line": true,
						"lenFrom": 15,
						"lenTo": 0,
						"length": 45,
						"baseLength": 0,
						"lifetime": 25,
						"colorFrom": "FFFFFF",
						"colorTo": "FFFFFF",
						"cone": 15
					},
					{
						"type": "WaveEffect",
						"lifetime": 10,
						"sizeFrom": 0,
						"sizeTo": 16,
						"strokeFrom": 3,
						"strokeTo": 0,
						"colorFrom": "FFFFFF",
						"colorTo": "FFFFFF"
					}
				]
			"fragBullets":2
			"fragRandomSpread": 0
			"fragBullet": {
			    "type": "LaserBulletType",
		        "chargeEffect": {
			    "type": "MultiEffect",
			    "effects": [
				"lancerLaserCharge",
				"lancerLaserChargeBegin"
			]
		},
		"despawnEffect": "none",
		"damage":82
		"buildingDamageMultiplier":0.2
		"width": 10
		"length": 100
		"pierce": true,
		"pierceBuilding": true,
		"lifetime": 35
		"colors": [
					"99e0ff90",
					"99e0ffA8",
					"99ecff"
				],
		        }
			},
			"smokeEffect": {
				"type": "ParticleEffect",
				"particles": 3,
				"sizeFrom": 5,
				"sizeInterp": "pow5In",
				"sizeTo": 0,
				"length": 45,
				"baseLength": 0,
				"lifetime": 15,
				"colorFrom": "FFFFFF",
				"colorTo": "FFFFFF",
				"cone": 10
			},
			"hitEffect": "hitBulletBig",
			"ammoMultiplier":2
		},
	}
	"category": "turret",
	"buildVisibility":"hidden"
	/*"research": {
		"parent": "",
		"objectives": [
			{
			"type": "SectorComplete",
				"preset": ""
			}
		]
	}*/
}