{
	"name": "护盾物质钻头",
	"description": "使用护盾物质制作钻头以达到更高的硬度，可以开采难啃的矿物。并使用速度物质提高效率，达到更高的转速",
	"type": "Drill",
	"size": 5,
	"tier": 10,
	"health": 3550,
	"rotateSpeed":4,
	"warmupSpeed":0.06,
	"itemCapacity": 15,
	"liquidCapacity": 20,
	"canOverdrive": false,
	"drawRim":true,
	"hasItems": true,
	"drillTime": 32,  
	"updateEffect": "mineBig",
	"liquidBoostIntensity": 3,
	"consumes": {
	"power":15,
	"liquid": {
	   "liquid": "water",
	   "amount": 0.5,
	   "booster": true,
	   "optional": true
		}
	},
	"requirements": [
	"thorium/400","graphite/320","silicon/320","plastanium/240","surge-alloy/200"
	"护盾物质/120","速度物质/120"
	],
	"category": "production",
	"research": "blast-drill"
}
