{
    "name":"小型泵"
    "health":100
    "hasLiquids": true,
    "consumes": {
    "power":1.5,
    }
    "requirements":
	[
	"锂/20"
	"metaglass/10"
	]
	"size": 1
	"squareSprite": false,
	"drawer":{
         "type": "DrawMulti",
         "drawers":[
         {"type": "DrawRegion",
		"suffix": "-bottom"
		},
         "DrawDefault",
         "DrawPumpLiquid",
         {
				"type":"DrawRegion",
				"suffix":"-rotator"
				"spinSprite": true,
				"rotateSpeed":1
			}
		]
	}
	"category": "liquid",
	"liquidCapacity":60,
	"pumpAmount":0.2
"research": {
	"parent": "开拓者基站"//科技树前置
	"objectives":[
 		 {
  "type": "OnSector",
  "preset":"广阔河谷"  }]
	"requirements": [//研究花费
	"一级科技/5"
	]	}
	"type":"Pump"
}