{
    "type": "LiquidRouter",//类型,自连液桥
	"category": "liquid",//菜单栏
	"name": "微型液罐",//名字
	"description": "可作为路由器使用",//介绍

"research": {
	"parent": "液体管道"//科技树前置
	"objectives":[
 		 {
  "type": "OnSector",
  "preset":"广阔河谷"  }]
	"requirements": [//研究花费
	"一级科技/2"
	]	}
	"requirements": [//建造消耗
	"锂/30"
	"碲/30"
	"metaglass/10"
	],

	"size": 1,
	"health": 200,//血量
	"liquidCapacity":200,//液体容量
	
}
