{
    "name":"高速泵"
    "health":100
    "hasLiquids": true,
    "consumes": {
    "power":5,
    }
    "requirements":
	[
	"锂/50"
	"metaglass/100"
	"silicon/35"
	]
	"size": 2
	"squareSprite": false,
	"drawer":{
         "type": "DrawMulti",
         "drawers":[
         {"type": "DrawRegion",
		"suffix": "-bottom"
		},
		{
				"type":"DrawRegion",
				"suffix":"-rotator"
				"spinSprite": true,
				"rotateSpeed":50
			}
         "DrawDefault",
         "DrawPumpLiquid",
		]
	}
	"category": "liquid",
	"liquidCapacity":60,
	"pumpAmount":0.28
"research": {
	"parent": "小型泵"//科技树前置
	"objectives":[
 		 {
  "type": "OnSector",
  "preset":"广阔河谷"  }]
	"requirements": [//研究花费
	"一级科技/150"
	]	}
	"type":"Pump"
}