{
	"type": "mech",//类型，写在js里了故此处不写
	"name": "极光",//名字
	"description":"发射不断分裂小型跟踪弹的等离子球体，修复射线可以治疗友方单位。",//介绍
	"details":""
	"research":"霓虹",//科技树前置
	"rotateSpeed":2,
    //转身速度
	"hitSize":40,//大小
	"health":5500,//血量
	"armor":7,//防御
	"speed":0.25,//速度
	"itemCapacity":50,//物品容量
	"buildSpeed":0.8,
    //建筑速率
	"weapons": [//武器
	{
	"name":"无",//武器贴图
	"mirror":false,
	"x":0,"y":-12,//位置
	"type":"RepairBeamWeapon"
	"beamWidth":1,
    "repairSpeed":2,
    "bullet":{
    "maxRange":120}
	},
		{"name": "极光武器",//武器贴图
		"shootSound":"shootSmite"
		"recoil":6,//后坐力
		"range":180,
		"mirror":true,
		"reload":420,//攻速
		"cooldownTime":180,
		"x":-20,"y":0,//位置
		"shootY":16
		"top": false,//旋转
		"ejectEffect": "none",//攻击特效
		"shootCone":15
	"shoot":{
	"firstShotDelay":60,
	},
		"bullet": {//子弹
		"sprite": "circle-bullet",
		"pierce":true,
		"pierceBuilding":true,//穿透建筑
		"damage": 50,
		"lifetime": 300,
		"speed": 0.8,
		"shake": 2,
		"width": 24,
		"height": 36,
		"splashDamage": 50,
		"splashDamageRadius": 48,
		"buildingDamageMultiplier": 0.5,
		"status": "electrified",
		"statusDuration": 480,
		"backColor": "84bf96",
		"frontColor": "84bf96",
		"shootEffect":{
  	"type":"multiEffect",
"effects":[
{
"type":"ParticleEffect",
"lifetime": 180,
"interp": "circleOut",
"colorFrom":"84bf96",//开始时颜色
"colorTo":"84bf96",//结束时颜色
"particles":15,//粒子数量
"randLength":true,//随机长度
"cone":270,//粒子扩散角度
"length":120,//粒子移动长度
"baseLength":0.5,//粒子在一定长度内出现
"useRotation":true,//使用旋转
"sizeFrom":8,//圆形从开始大小//粒子大小？？
"sizeTo":0,//圆形至结尾大小}
}
]}
		"despawnEffect": {
"type":"WaveEffect",
"lifetime": 60,
"colorFrom":"84bf96",//颜色从
"colorTo":"84bf96",//颜色至
"lightColor":"84bf96",//浅色
"sizeFrom":8,//开始时圆环直径
"sizeTo":48,//结束时圆环直径
"lightScl":5.0,//轻量级
"lightOpacity":0.5,//光不透明
"strokeFrom":5,//开始时圆形宽度
"strokeTo":0,//结束时圆环宽度
"offsetX":0//偏转x
},
		"hitEffect": "circleColorSpark",
		"hitSound": "artillery",
		"hitColor": "84bf96",
		"trailLength": 0,
		"trailWidth": 0,
		"trailColor": "84bf96",
		"trailRotation": false,
		"trailChance": 0.8,
		"trailEffect": {
			"type": "ParticleEffect",
			"particles": 1,
			"length": 32,
			"lifetime": 90,
			"sizeFrom": 10,
			"sizeTo": 0,
			"region": "野性之心-O",
			"colorFrom": "84bf96",
			"colorTo": "84bf96"
		},
"bulletInterval":9,//分裂间隔
"intervalRandomSpread":360,//随机角度
"intervalBullets":2,//分裂子弹数
"intervalAngle":180,//分裂角度
"intervalSpread":360,//分裂
        "intervalBullet":{//分裂出的子弹
              "damage":7,
"type":"BasicBulletType",
"speed":2,"lifetime":36,
"hitSound":"none",
        "backColor":"84bf96",
        "frontColor":"84bf96"
        "sprite": "circle-bullet",
        "width": 12,
		"height": 18,
		"targetHealing":true,
		"healPercent":2,
        "collidesTeam":true,
        "homingRange":80,//跟踪半径
  "homingPower":0.2,//跟踪力度（1=3000度）
		"splashDamage": 7,
		"splashDamageRadius": 18,
		"buildingDamageMultiplier": 0.25,
		"status": "electrified",
		"statusDuration": 120,
		"hitEffect":"none"
		"despawnEffect": {
"type":"WaveEffect",
"lifetime": 30,
"colorFrom":"84bf96",//颜色从
"colorTo":"84bf96",//颜色至
"lightColor":"84bf96",//浅色
"sizeFrom":0,//开始时圆环直径
"sizeTo":12,//结束时圆环直径
"lightScl":5.0,//轻量级
"lightOpacity":0.5,//光不透明
"strokeFrom":2,//开始时圆形宽度
"strokeTo":0,//结束时圆环宽度
"offsetX":0//偏转x
},
},
}
}]
}