{
	"type": "mech",//类型，写在js里了故此处不写
	"name": "薄暮",//名字
	"description":"发射激光导弹杀伤敌人，护盾力场保护附近盟友。",//介绍
	"details":"东皋薄暮望，徙倚欲何依……"
	"research": "星矢",//科技树前置
	"hitSize":8,//大小
	"health": 550,//血量
	"armor":3,//防御
	"speed":0.55,//速度
	"hitSize":16
	"itemCapacity":40,//物品容量
	"range":96,//范围
	"buildSpeed":0.6,
    //建筑速率
	"abilities":[
	{"type":"ShieldRegenFieldAbility",//护盾再生场
	"amount":20//再生值
	"max":50
	"reload":600//间隔时间（帧）
	"range":64//范围
	}],
	"weapons": [//武器
		{"name": "薄暮武器",//武器贴图
		"mirror":true
		"reload":45,//攻速
		"x":-7,"y":-1,//位置
		"shootX":0
		"top": false,//旋转
		"shootSound" : "bolt",
		"ejectEffect": "casing1",//攻击特效
	"bullet": {//子弹
		"type": "BasicBulletType",//类型
		"sprite":"missile",//子弹贴图
		"damage":16,//单体伤害
		"speed":5,//速度
		"width":8,"height":16,//宽长度
		"lifetime":19.2,//存在时间
		"backColor":"7fb80e",
		//子弹边缘颜色
		"frontColor":"cde6c7",
		//子弹中心颜色
		"status":"shocked",
		"shootEffect":"shootHeal",
        "smokeEffect":"shootHeal",
        "hitEffect":"hitLancer",
        "despawnEffect":"none",
        "trailWidth":3,
        "trailLength":10,
        "trailColor":"45b97c",//尾迹颜色
        "lightning":1,
        "lightningCone":15,
        "lightningLength":8,
        "lightningLengthRand":8,
        "lightningColor":"45b97c"/*闪电颜色*/
        "lightningDamage":6,
		"ammoMultiplier": 2
		"homingRange":80,//跟踪半径
	    "homingPower":0.1,//跟踪力度（1=3000度）
		"fragRandomSpread":0,//分裂角度
		"fragBullets":1,
		"fragBullet":{
		"type" : "LaserBulletType",
	        	"collidesTeam":true,
	           	   "healPercent":8,
                   "recoil":1,
                   "length" : 60,
                    "damage" : 12,
                    "width" : 8,
                    "lifetime" : 12,
                    "pierce":true,//穿透
                    "sideAngle":165,
			"pierceCap":3,//穿透数量
            "hitEffect":"hitLancer"
			"colors": [
			"cde6c7",
			"84bf96",
			"45b97c"
		],
			//激光颜色
			}}}	]//子弹装填速度
}