{
	"name": "霓虹",
	"description":"使用高速激光武器攻击敌人，治疗和护盾立场能够保护盟友。",
	"details":"像霓虹灯里的稀有气体一样稳定可靠。",
	"research": {
	"parent": "薄暮"//科技树前置
	"objectives":[
	{
	"type": "SectorComplete",//占领地图
	"preset":"野性之心-放射性采集基地"//地图名
	},
	]},
	"health": 1500,
	"armor": 5,
	"hitSize": 16,
	"speed": 0.4,
	"rotateSpeed": 5,
	"buildSpeed":0.7,
    //建筑速率
	"abilities": [
		{
			"type": "ShieldRegenFieldAbility",
			"amount": 25,
			"max": 80,
			"reload": 300,
			"range": 80,
			"parentizeEffects": true
		},
		{
			"type": "RepairFieldAbility",
			"amount": 50,
			"reload": 300,
			"range": 80,
			"parentizeEffects": true
		}
	]
}