{
"name":"孢子侵蚀",
	"damage": 0.25,	
	"healthMultiplier":0.9,
	"speedMultiplier":0.7,
	"damageMultiplier": 0.9,
	"reloadMultiplier": 0.85,
	"effectChance":0.9,
	"opposites": [
		"酸性腐蚀",
		"碱性腐蚀",
		"freezing",
	],
	"transitionDamage": 70,
	"affinities": [
		"脆弱",
		"blasted",
		"burning",
		"melting"
		"wet",
	],
	"effect":{	"type": "ParticleEffect",
	"particles": 1,  
	"baseLength": 10,
	"length":8,
	"lifetime": 20,
	"sizeFrom": 1,
	"sizeTo": 0,
	"colorFrom": "7457ce",
	"colorTo": "744ea4",
	"cone":360 }
}
