{
"name":"氧化",
	"damage": 0.25,	
	"healthMultiplier":0.85,
	"speedMultiplier":0.7,
	"damageMultiplier": 1,
	"reloadMultiplier": 0.9,
	"effectChance":0.9,
	"opposites": [
		"wet",
		"freezing",
	],
	"transitionDamage": 70,
	"affinities": [
		"脆弱",
		"blasted",
		"burning",
		"melting"
		"孢子侵蚀",
	],
	"effect":{	"type": "ParticleEffect",
	"particles": 1,  
	"baseLength": 10,
	"length":8,
	"lifetime": 20,
	"sizeFrom": 5,
	"sizeTo": 0,
	"colorFrom": "fffcaa",
	"colorTo": "fffcaa",
	"cone":360 }
}
