{
    "type": "flying",
    "name": "究极单位",
    "description": "没有可用资料",
    "moveForce": 25,
    "speed": 99
    "drag": 0.009,
    "accel": 0.03,
    "rotateSpeed": 2.2,
    "mass": 50,
    "maxVolcity": 10,
    "ammoResupplyAmount": 10,
    "flying": true,
    "hitSize":6,
    "health": 30000,
    "targetAir": false,
    "targetGround": true,
    "armor": 20,
    "ammoType": "surge-alloy",
    "ammoCapacity": 3000,
    "range": 280,
    "itemCapacity": 500,
    "isCounted": false,
    "turnCursor": false,
    "rotateShooting": true,
    "lowAltitude": true,
    "engineOffset": 55,
    "engineSize": 9,
    "weapons": [
        {
            "shoot": {
                "shots": 10,
                "shotDelay": 5,
                "alternate": false,
                "type": "ShootBarrel",
                "barrels": [
                    0,
                    0,
                    0,
                    -5,
                    0,
                    0,
                    5,
                    0,
                    0
                ]
            },
            "rotateSpeed": 1.5,
            "name": "导弹发射器",
            "x": 10,
            "y": 25,
            "top": true,
            "rotate": true,
            "reload": 40,
            "shootSound": "missile",
            "shots": 1,
            "inaccuracy": 3,
            "alternate": false,
            "ignoreRotation": false,
            "bullet": {
                "speed": 4,
                "type": "MissileBulletType",
                "hitEffect": "explosion",
                "status": "burning",
                "weaveScale": 8,
                "weaveMag": 2,
                "lifetime": 70,
                "damage": 80,
                "splashDamageRadius": 30,
                "splashDamage": 65,
                "knockback": 5,
                "homingPower": 0.2,
                "homingRange": 80,
                "width": 6,
                "shrinkY": 0,
                "height": 8
            }
        },
        {
            "rotateSpeed": 1,
            "name": "导弹发射器",
            "x": -10,
            "y": -10,
            "shootY": 7,
            "top": true,
            "rotate": true,
            "shake": 5,
            "recoil": 4,
            "occlusion": 12,
            "ejectEffect": "casing3",
            "reload": 40,
            "shootSound": "artillery",
            "shots": 1,
            "inaccuracy": 0,
            "alternate": true,
            "ignoreRotation": true,
            "bullet": {
                "speed": 8,
                "trailEffect": "artilleryTrail",
                "shootEffect": "shootBig2",
                "collides": true,
                "hitEffect": "explosion",
                "knockback": 20,
                "lifetime": 50,
                "damage": 80,
                "splashDamageRadius": 36,
                "splashDamage": 160,
                "width": 9,
                "height": 15,
                "shrinkY": 0
            }
        },
        {
            "rotateSpeed": 1,
            "name": "导弹发射器",
            "x": -10,
            "y": 10,
            "shootY": 7,
            "top": true,
            "rotate": true,
            "shake": 5,
            "recoil": 4,
            "occlusion": 12,
            "ejectEffect": "casing3",
            "reload": 40,
            "shootSound": "artillery",
            "shots": 1,
            "inaccuracy": 0,
            "alternate": true,
            "ignoreRotation": true,
            "bullet": {
                "speed": 8,
                "trailEffect": "artilleryTrail",
                "shootEffect": "shootBig2",
                "collides": true,
                "hitEffect": "explosion",
                "knockback": 20,
                "lifetime": 50,
                "damage": 80,
                "splashDamageRadius": 36,
                "splashDamage": 160,
                "width": 9,
                "height": 15,
                "shrinkY": 0
            }
        },
        {
            "rotateSpeed": 1,
            "name": "导弹发射器",
            "x": 20,
            "y": -10,
            "shootY": 13,
            "top": true,
            "rotate": true,
            "shootEffect": "none",
            "smokeEffect": "none",
            "width": 0,
            "reload": 60,
            "shots": 1,
            "inaccuracy": 0,
            "shootSound": "laser",
            "mirror": true,
            "ignoreRotation": false,
            "bullet": {
                "type": "LaserBulletType",
                "hitEffect": "hitLancer",
                "despawnEffect": "none",
                "length": 200,
                "shootSound": "laser",
                "width": 40,
                "hitSize": 5,
                "lifetime": 20,
                "drawSize": 400,
                "damage": 120
            }
        },
        {
            "rotateSpeed": 1,
            "shootY": 13,
            "name": "导弹发射器",
            "x": 15,
            "y": -35,
            "top": true,
            "rotate": true,
            "shootEffect": "none",
            "smokeEffect": "none",
            "width": 0,
            "reload": 60,
            "shots": 1,
            "inaccuracy": 0,
            "shootSound": "laser",
            "mirror": true,
            "ignoreRotation": false,
            "bullet": {
                "type": "LaserBulletType",
                "hitEffect": "hitLancer",
                "despawnEffect": "none",
                "length": 200,
                "shootSound": "laser",
                "width": 40,
                "hitSize": 5,
                "lifetime": 20,
                "drawSize": 400,
                "damage": 120
            }
        },
        {
            "rotateSpeed": 1,
            "shootY": 13,
            "name": "导弹发射器",
            "x": 20,
            "y": 24,
            "top": true,
            "rotate": true,
            "shootEffect": "none",
            "smokeEffect": "none",
            "width": 0,
            "reload": 60,
            "shots": 1,
            "inaccuracy": 0,
            "shootSound": "laser",
            "mirror": true,
            "ignoreRotation": false,
            "bullet": {
                "type": "LaserBulletType",
                "hitEffect": "hitLancer",
                "despawnEffect": "none",
                "length": 200,
                "shootSound": "laser",
                "width": 40,
                "hitSize": 5,
                "lifetime": 20,
                "drawSize": 400,
                "damage": 120
            }
        }
    ],
    "research": ""
}