{
	"type": "ContinuousLiquidTurret",//升华
	"category": "turret",//菜单栏
	"name": "断肠草",//名字
	"description":"发射有毒液体，对敌人造成极高的伤害"
    "details":""
	"health":650,//血量
	"shootY":2,//
	"size": 2,//炮台大小

	"drawer":{//特效
	"type":"drawTurret",//贴图移动
	"parts": [
		{"type": "RegionPart",
		"suffix": "-1",
		"heatProgress": "warmup",
		"mirror": true,
		"moveX": 1,
		"moveY": -0.5,
		"moveRot": -15
		"progress":"recoil"
		}	]	}

	"research":"花瓣"//科技树前置

	"requirements": [//建造消耗
	"树枝/40",
	"花瓣/50"
	],

	"recoil":1,//后坐力
	"range": 80,//距离
	"rotateSpeed":2,//旋转速度
	"shootSound": "none",//攻击音效
	"loopSound":"torch",//循环音效
	"liquidConsumed":0.1,//

	"ammoTypes": {//子弹类
		"water": {
		"type": "ContinuousFlameBulletType",//升华
		"damage": 45,//伤害
		"length": 50,//长度，建议和距离相等
		"knockback":2,//击退效果
		"pierceCap":6,//穿透能力
		"status":"melting",
		"rangeChange":-30
		"statusDuration":300,
		"colors": [
		"92ABFF7F",
		"92ABFFA2",
		"92ABFFD3",
		"92ABFFFF",
		"D4E0FFFF"
		],
		"flareColor":"92ABFFFF",//十字颜色
		"hitColor":"92ABFFFF"
		}
	"hydrogen": {
		"type": "ContinuousFlameBulletType",//升华
		"damage": 65,//伤害
		"length": 80,//长度，建议和距离相等
		"knockback":-1,//击退效果
		"pierceCap":2,//穿透能力
		"status":"melting",
		"statusDuration":300,
		"colors": [
		"8CA9E8FF",
		"8CA9E8FF",
		"AECCF4FF",
		"AECCF4FF",
		"D1EFFFFF"
		],
		"flareColor":"AECCF4FF",//十字颜色
		"hitColor":"AECCF4FF"
		}
	},
}