{
	"localizedName":"冲击炮"
	"type": "ItemTurret",
	"description":"双管炮的升级版"
	"health": 120,
	"size": 1,
	"heatColor":"cde6ff",
	"shotWidth":2.5,
	"reload": 30,
	"range": 120,
	"inaccuracy": 0,
	"rotatespeed": 5,
	"ammoTypes": {
		"scrap": {
			"type":"LaserBulletType"
			"collides":true,  
			"keepVelocity":true, 
			"pierce":true,
			 "length": 120
 "damage": 40
 "width": 1
  "lifetime": 60
		"knockback":0.15,
		
			
			
		
			"ammoMultiplier": 5
		},
		"titanium":{
"type": "SapBulletType"
"sapStrength": 0.8
"length": 120
"damage": 25
"width":1
"lifetime": 20
"knockback": -0.65     
 "ammoMultiplier": 5,
	
	}	
	
	"sand": {
	"collides":true,  
			"keepVelocity":true, 
			"pierce":true,
	"type":"ArtilleryBulletType",
        "bulletSprite":"missile",
	    "bulletShrink":0.5,
	    "speed":1.5,
		
		"bulletWidth": 10,
		"bulletHeight": 22,
		"lifetime":60,
        "backColor":"ffd280",			
        "frontColor":"ffd280",
        "hitShake": 1,
        "splashDamage":8,
        "damage":8,
        "splashDamageRadius":4,
        "ammoMultiplier": 6,
	
	
	    "homingPower": 10,
        "homingRange": 120
	}
	"lead": {
	   "collides":true,  
			"keepVelocity":true, 
			"pierce":true,
	  
	"ammoMultiplier": 5,
	
		"damage":22,
    "type": "LightningBulletType"
    "length": 120
    "width": 2
  "  lifetime": 60
"     lightningSpacing": 30
   " lightningLength": 120
"    lightningDelay": 1.2
 "   lightningLengthRand": 16
  "  lightningDamage": 24
   " lightningAngleRand": 24,
         
         "reloadMultiplier": 0.75,
	
	     
	}
"copper": {
			"collides":true,  
			"keepVelocity":true, 
			"pierce":true,
			"type":"BasicBulletType"
			"speed": 2,
			"knockback":20,
			"lifetime":60,
		"splashDamage":5
	"splashDamageRadius":5
			"damage": 11
			"width": 2,
			"backColor":"43cd80"
			"trailColor":"43cd80"
			"bulletHeight": 22,
		
			"ammoMultiplier": 5
		},
	},
	"requirements": [
		{ "item": "copper", "amount": 100 }
		{ "item": "lead", "amount": 100 }
		
		
	],
	"category": "turret",
	"research": "duo"
}
