{
	"type": "ItemTurret",
	"name": "差速冲击炮",
	"description": "三联装二代超速撞击炮，向敌人发射三枚穿甲爆破弹或大型破甲弹",
	"details":"攻速逐渐加快，弹药逐渐紧缺
	让天启来救你吧（炮台贴图来自guiY）",
	"health":4320,
	"size": 4,
	"reloadTime":6,
	"range": 350,
    "maxAmmo":300,
	"restitution":0.05,
	"recoil": 8,
	"coolantMultiplier":1.3,
	"recoilAmount":3,
	"cooldown": 0.001,
	"shots":6,	"burstSpacing": 6,
	"ammoUseEffect": "casing3Double",
	"alternate": true,
	"xRand": 9,
	"ammoPerShot": 1,
	"targetGround":true,
	"targetAir":true,
	"inaccuracy": 3.5,
	"shootShake":3,
	"shootSound": "shootBig",
	"rotateSpeed": 8.5,
	"ammoTypes": {
		"graphite": {
		"speed": 10,
		"damage":75,	
		"splashDamageRadius":35,
		"splashDamage":30,
		"knockback":2,
		"status":"burning",
	   	"statusDuration":600,
		"lifetime":30,
		"pierce": true,	
		"pierceBuilding":true,
		"pierceCap":4,
		"incendChance":0.3,
		"incendSpread":16,
		"incendAmount":3,
		"backColor":"FF8C00",
		"frontColor":"FFB90F", 
		"width": 16,"height": 20,
		"ammoMultiplier":3,	
		"despawnEffect":"flakExplosionBig",
	    "hitEffect":"flakExplosionBig",
		"shootEffect": "shootBig"
		},
		
		"混合板": {
		"speed": 10,
		"damage":35,	
		"splashDamageRadius":50,
		"splashDamage":75,
		"knockback":2.5,
		"status":"blasted",
	   	"statusDuration":600,
		"lifetime":30,
		"pierce": true,	
		"pierceBuilding":true,
		"pierceCap":4,
		"width": 16,"height": 20,
		"ammoMultiplier":4,	
		"despawnEffect":"flakExplosionBig",
	    "hitEffect":"flakExplosionBig",
		"shootEffect": "shootBig"
		},

	    "graphite":{
        "speed": 10,
		"damage": 70,
		"knockback":2.3,
		"splashDamageRadius":22,
		"splashDamage":25,
		"reloadMultiplier":1.1,
		"status":"freezing",
    	"statusDuration":70,
		"lifetime":30,
		"pierce": true,	
		"pierceBuilding":true,
		"pierceCap":4,
		"backColor":"B0C4DE",
		"frontColor":"B0C4DE",
		"width": 16,	"height": 20,
	    "relodMultiplier":0.5,
		"ammoMultiplier":3,
	    "despawnEffect":"flakExplosionBig",
	    "hitEffect":"flakExplosionBig",
		"shootEffect": "shootBig"
	    },
	    
	    "thorium":{
        "speed": 11,
		"damage": 120,
		"lifetime":45,
		"konckback":0.6,
		"pierce": true,	
		"pierceBuilding":true,
		"pierceCap":8,
		"status":"corroded",
	   	"statusDuration":180,
		"width": 18,"height": 23,
		"shootEffect": "shootBig",
		"ammoMultiplier":6
		},
		
	    "silicon":{
        "speed": 10,
		"damage": 65,
		"lifetime":35,
		"konckback":1,
		"pierce": true,	
		"pierceBuilding":true,
		"pierceCap":4,
		"lightningDamage":15,
		"lightning":3,
		"lightningLength":6,
		"status":"unmoving",
	   	"statusDuration":180,
		"width": 16,"height": 20,
		"shootEffect": "shootBig",
		"ammoMultiplier":6
		}
    },
	"requirements": [
		{ "item": "copper", "amount": 950 },
		{ "item": "graphite", "amount": 325 },
		{ "item": "铀", "amount": 265 },
		{ "item": "plastanium", "amount": 200 },
		{ "item": "surge-alloy", "amount": 300 },
		{ "item": "粒子防护板", "amount": 150 },
		{ "item": "记忆金属", "amount": 75}
	],
	"category": "turret",
	"research": "超速撞击炮"
	}