{
    "name":"计划战争_零度",
    "author":"
    [代码]shallow_smiles
    [绘图]shallow_smiles
    ",
    "description":"
    ____________________
    1.模组会在基于原版上进行优化，添加更强力的方块，炮台，单位，但不会太过强力。能使您更轻松的体验游戏。
    2.为了避免因本模组导致的游戏性降低，所以添加了多类的科技线路供您探索。
    3.我们会尽力的去符合原版画风进行贴图绘制，让游玩过程中新添一份色彩。
    5.如果您发现了模组中纯在错误或不正确，过分的地方可以去641660274模组群内反馈。我们会妥善处理。
    6.原在此的[更新日志]已移动至方块[更新日志]，请去查看它的介绍。
------------------------
关于更新内容请去【更新日志】方块处查看，或者前往【641660274】模组群
------------------------
致谢：(不分前后)
[建议或bug]：
知章
西门
南海有鸢
泠
违规账号1139004
千面惊云
我酸了
[星空战争作者](不知道名字)
999小黑
-------------
[代码或资源]:
Minxyzgo
神魂
Alex
1812z
我酸了
知章
晓伟
-------------
[协助或管理]:
(包括服务器/QQ群/宣传等)
南海有鸢
西门
1812z
qwe
-------------
[早期协助]:
绿帽子协会会长
-------------
注:只填写已知人员
",
    "version":"2.3.0",
    "minGameVersion":"122"
}