{
"name":"太阳系模组",
"displayName":"太阳系模组",
"author":"[blue[]]EI[yellow[]]SS[red[]]EN[green[]]TAM
"version":"3.65.7",
"description":"[blue[]]模组版本“3.65.7”\n[white[]]以下为更新日志\n[red[]]'字体颜色为黄色的全部为修复或更新失败 '
[green[]]
0.01增加了mod简介
0.02增加物品型钢锭
[red[]]0.03-0.09更新内容缺失（作者真的想不起来了）
[green[]]0.10新增了齐射炮
[red[]]0.11-0.25更新内容缺失
[green[]]0.26新增了折跃光束
[red[]]0.27-0.33更新内容缺失
[green[]]0.34新增了易燃光钻机新增了三峡水利发电机
0.35修复了硅传送带贴图bug
[red[]]0.36-0.45更新内容缺失
[green[]]0.46减缓了传送带速度
[red[]]0.47-0.55更新内容缺失
[green[]]0.56新增了硅传送带
[red[]]0.57-0.74更新内容缺失
[green[]]0.75移除了型钢矿
[red[]]0.76更新内容缺失
[green[]]0.77新增了量子储存库新增了量子钻头
[red[]]0.78-0.85更新内容缺失
[green[]]0.86新增了量子编织器
0.86新增了塑钢厂
[red[]]0.87-0.89更新内容缺失
[green[]]0.90新增了沼气钻头
[red[]]0.91-0.94更新内容缺失
[green[]]0.95新增了冷冻液混合厂新增了新能源硅炉
0.96修复了冷冻液混合厂贴图错误
0.98重新添加型钢锭
0.98添加了型钢冶炼厂
0.99优化了型钢冶炼厂贴图
0.99新增了型钢墙和大型钢墙
以下为正式版更新
1.00调整了齐射炮子弹
[red[]]1.01-1.04更新内容缺失
[green[]]1.05新增了终级合金工厂修复了型钢墙贴图错误
[red[]]1.06-1.09更新内容缺失
[green[]]1.10删除了超代核心删除了欧米茄新增了钢液新增了精炼钢新增了精炼钢厂新增的熔炼厂新增了土钢矿新增了土钢
[red[]]1.11更新内容缺失
[yellow[]]×1.12修复了土钢矿和精炼钢地图颜色错误
[red[]]1.13-1.15更新内容缺失
[green[]]1.16新增了土钢墙
1.16新增了大型土钢墙
1.16新增了精炼钢墙
1.16新增了大型精炼钢墙
[red[]]1.17-1.99更新内容缺失
[yellow[]]x2.00新增了火星
[red[]]2.01~2.09更新内容缺失
[green[]]2.10新增了钛混合厂重新添加了熔岩锭
2.11修复了熔岩定熔岩矿贴图错误
2.12重新修复了土钢钢液地图上颜色错误
2.13移除了无法加载的星球
[red[]]2.14~2.89更新内容缺失
[green[]]2.90重新添加了超代核心
2.90重新添加了欧米茄
2.91修复了迫降区无法进入的问题
2.91新增了小钻
2.92新增了分子传送带
[red[]]2.93-2.94更新内容缺失
[yellow[]]×2.95新增了火星
[green[]]2.96新增了空军单位风速
2.97新增了磁暴电圈和绝热装甲导管
2.98修复了所有矿物和液体的颜色错误
2.99新增了两首背景音乐
3.00新增了巨型型钢墙和超巨型型钢墙
3.01修复了巨型型钢墙贴图过大
3.02优化了型钢锭贴图
x3.03优化了小钻贴图
3.04重新优化了小钻贴图
3.04新增了小型抽水机
3.05新增了炼钢厂
3.06修复了炼钢厂颗粒效果
3.07修复了钢液会燃烧的情况
3.08新增了抽冷冻液机
3.09新增了抽石油机
3.10正在添加火星
3.11新增了银矿
[yellow[]]x3.12新增了激光发生器[green[]]新增了大型发射台
[green[]]3.13优化了大型发射台的火箭大小
3.14新增了9首背景音乐
3.15重新添加了激光发生器
3.16新增了新单位暴雨
3.17修复了星球加载失败
3.18试运行火星修复了火星基地[yellow[]]x（土钢覆盖较广的错误）[green[]]和敌方基地误报
3.19新增逻辑命令方块
[yellow[]]x3.20修复了命令方块无法研究的错误
[green[]]3.21新增了超大太阳能板
3.21新增了复苏维修炮
3.22优化了火星战役
3.23优化了部分生产建筑贴图
3.23优化了熔岩矿贴图
3.24新增了冷冻液加工厂
3.25新增了前哨核心3.25新增了msc
3.26修复了已知bug
3.27优化了激光发生器射程问题
[blue[]]3.28移除了蓝管炮和齐管炮平衡了游戏炮塔伤害平衡了建筑建造消耗资源新增了超频投影器新增工作室logo新增了液氦模组正式改名为太阳系模组
[green[]]3.29优化了单位贴图
3.30新增了轨道炮新增效果辐射
3.31新增了铀厂新增了项目物品铀优化了轨道炮贴图
3.32新增了4号铀反应堆修复了超频投影器贴图问题平衡了三峡水力发电站发电量新增了电子元件新增了电子实验室新增了矿物锂新增了锂电池
3.33尝试修复了锂矿贴图错误新增了跨维度空间发电器
3.34移除了跨维度空间发电器
3.35新增了『Made In Heaven』!!!!!
[yellow[]]✘3.37新增了核爆效果（实际上还不如不添加所以直接打个叉）
[green[]]3.38新增了分子重组机修改了部分矿物硬度新增了效果瓦灭
3.39新增了超级压缩机
3.40修复了地图无法加载的情况
3.41将电子元件改名为电阻
3.41新增了芯片
3.41新增了电容
3.41新增了电感
3.41新增了电阻
3.42新增了高压电力节点新增了小钢炮
3.43平衡了小钢炮
3.43移除了硅铅传送带
3.43新增了高速卸货器
3.44新增了型钢传送带
3.45修复了科技树问题
3.46修复了部分bug
3.47修改了主题曲
3.48新增了孢子培养中心
3.49新增了减速效应器
3.50新增了闪射炮
3.51新增了智能墙
3.52本次更新重新添加了齐管炮并且削弱了型钢墙
3.53新增效果光炫减速新增了反步兵地雷
3.54修复了星球无法显示的bug 移除了减速效应器（因为这屑游戏只读取前两种JS［恼］）[以上原因只限于135，140还不知道]
3.55新增物品使用授权新增工厂授权申请工厂调高了齐管炮的建造材料
3.56进一步平衡了生产设备的建造材料移除了炮塔复苏
3.57进行了最后一次调整
以上内容为135版更新
[blue[]]3.58好吧时隔了几十分钟ZZ君终于打算将这个模组变得能让136以上的版本兼容（啥?理由?理由跟我玩这游戏的原因一样被朋友“温柔的”拉这玩）
[green[]]3.59修复了80%的贴图错误只剩下星球地图暂未修复
3.60将欧米茄作为暴雨的升级单位，重做了孢子培养器
3.61新增了红沙修复了火星基地地图修改了所有矿物的矿阀修复火星所有战役地图
3.62修复了熔炼炉bug，开始添加地球
3.63对模组内容进一步平衡新增稀土系列矿物和对应的工厂更改了模组的图标，将轨道炮更名为地狱，优化了部分贴图，将地图编辑器背景音乐替换
3.64新增镍矿，氯化镧，石灰石，修复了液体工厂无法输出液体的错误，新增电解槽
3.64.1优化了模组，添加了巨型发射台和镧壳贴图
3.64.2优化了使用授权，芯片，熔岩矿，的贴图，修复了劣质贴图熔岩矿
3.64.3移除了稀土液和智能墙系列,新增氯化镧分离器，新增钻头盾构机，新增炮弹空中死神
3.64.4将MAC替换为飞升
3.64.5修改了模组进入时的插件内容
3.64.6将飞升进行最终调整
3.64.7修复了地球报错问题
3.65.0强行添加了火星科技树（因为log一直在报戳）
3.65.1更新了游离粒子捕捉器
3.65.2调整了部分贴图错误
3.65.3调整了飞升立场护盾
3.65.4调整的模组工作室二维码以及部分内容
3.65.5移除了练钢厂熔炼炉和钢液，将精炼钢厂移动至火星科技术
3.65.6新增了火星地图初始地区继续优化飞升（支持火星基地的降落，后面的地图将会陆续更新）
3.65.7 更新了....不,不算更新，只是修改了制作人员表而已",
"minGameVersion":"141.3"
}