{
	"type": "ItemTurret",
	"name": "奔袭",
	"description": "向远距离地面敌人发射密集的大型抛射炮弹。 ",
	"details": "经过落星河畔战役之后，我们深刻认识到了远程炮台的重要性。为此，我们在浪涌的基础上研发了新一代的远程炮台，它无论在进攻还是防守测试中都展现了强大的性能，相信它在实战中也一定能够所向披靡。",
	"health": 3800,
	"armor": 4,
	"size": 4,
	"reload": 50,
	"shootSound": "artillery",
	"shake": 1.8,
	"liquidCapacity": 60,
	"coolantMultiplier": 1.5,
	"consumes": {
		"coolant": {
			"amount": 1,
			"optional": true
		}
	},
	"shoot": {
		"shots": 8
	},
	"targetGround": true,
	"targetAir": false,
	"minRange": 54,
	"range": 384,
	"recoilTime": 30,
	"recoil": 5,
	"ammoUseEffect": "casing3Double",
	"inaccuracy": 6,
	"velocityRnd": 0.1,
	"rotateSpeed": 4,
	"ammoPerShot": 4,
	"maxAmmo": 36,
	"ammoTypes": {
		"graphite": {
			"type": "ArtilleryBulletType",
			"knockback": 1.6,
			"speed": 4.5,
			"lifetime": 85.5,
			"width": 15,
			"height": 15,
			"collidesTiles": false,
			"ammoMultiplier": 3,
			"damage": 32,
			"splashDamageRadius": 26,
			"splashDamage": 45,
			"hitSound": "explosion",
			"hitSoundVolume": 1.6,
			"hitEffect": "flakExplosionBig"
		},
		"silicon": {
			"type": "ArtilleryBulletType",
			"knockback": 1.6,
			"speed": 5.2,
			"lifetime": 74,
			"width": 14,
			"height": 14,
			"inaccuracy": -4,
			"collidesTiles": false,
			"reloadMultiplier": 1.5,
			"ammoMultiplier": 4,
			"homingPower": 0.1,
			"homingRange": 64,
			"damage": 32,
			"splashDamageRadius": 26,
			"splashDamage": 40,
			"hitSound": "explosion",
			"hitSoundVolume": 1.6,
			"hitEffect": "flakExplosionBig"
		},
		"pyratite": {
			"type": "ArtilleryBulletType",
			"knockback": 1.6,
			"speed": 4.5,
			"lifetime": 85.5,
			"width": 16,
			"height": 16,
			"collidesTiles": false,
			"ammoMultiplier": 6,
			"damage": 32,
			"splashDamageRadius": 29,
			"splashDamage": 65,
			"frontColor": "f8ad42",
			"backColor": "f68021",
			"hitEffect": "blastExplosion",
			"makeFire": true,
			"trailEffect": "incendTrail",
			"status": "burning",
			"hitSound": "explosion",
			"hitSoundVolume": 2,
			"statusDuration": 900
		},
		"blast-compound": {
			"type": "ArtilleryBulletType",
			"knockback": 2,
			"speed": 3.2,
			"lifetime": 120,
			"sprite": "shell",
			"width": 18,
			"height": 18,
			"collidesTiles": false,
			"hitEffect": "flakExplosionBig",
			"ammoMultiplier": 6,
			"damage": 32,
			"splashDamageRadius": 42,
			"splashDamage": 78,
			"status": "blasted",
			"hitSound": "explosion",
			"hitSoundVolume": 2.4
		},
		"plastanium": {
			"type": "ArtilleryBulletType",
			"knockback": 2,
			"speed": 4.8,
			"lifetime": 80,
			"sprite": "shell",
			"width": 18,
			"height": 18,
			"collidesTiles": false,
			"ammoMultiplier": 3,
			"damage": 32,
			"splashDamageRadius": 32,
			"splashDamage": 65,
			"hitSound": "explosion",
			"hitSoundVolume": 2,
			"hitEffect": "plasticExplosion",
			"backColor": "d8d97f",
			"frontColor": "fffac6",
			"fragBullets": 10,
			"fragBullet": {
				"type": "BasicBulletType",
				"speed": 3.2,
				"damage": 14,
				"width": 12,
				"height": 9,
				"shrinkY": 1,
				"lifetime": 16,
				"drag": 0.02,
				"backColor": "d8d97f",
				"frontColor": "fffac6",
				"despawnEffect": "none",
				"collidesAir": false
			}
		}
	},
	"requirements": [
		"copper/600",
		"graphite/400",
		"silicon/400",
		"plastanium/240",
		"晶栅/160"
	],
	"buildCostMultiplier": 1.5,
	"category": "turret",
	"research": "落雷"
}