{
    "type": "ItemTurret",
    "name": "裂纹",
    "description": "小型实弹炮台，向敌人快速发射铍或钨穿透子弹。\n体积小，建造速度快，便于部署。",
    "details": "“收下吧，这是我最后的加强了”",
    "health": 820,
    "size": 2,
    "armor": 3,
    "reload": 37.5,
    "range": 156,
    "liquidCapacity": 30,
    "coolantMultiplier": 15,
    "consumes": {
        "coolant": {
            "amount": 0.1,
            "optional": true
        }
    },
    "shootSound": "shootAlt",
    "drawer":{
	"type":"DrawTurret",
    "basePrefix":"reinforced-"
    },
    "shootY": 0,
    "ammoUseEffect": "none",
    "inaccuracy": 1,
    "rotateSpeed": 5,
    "shake": 1,
    "maxAmmo": 18,
    "recoilTime": 18,
    "recoil": 2.5,
    "ammoTypes": {
        "beryllium": {
            "type": "BasicBulletType",
            "damage": 38.25,
            "buildingDamageMultiplier": 0.3,
            "ammoMultiplier": 1,
            "speed": 7.5,
            "lifetime": 21,
            "width": 13,
            "height": 22,
            "knockback": 0.8,
            "pierce": true,
            "pierceBuilding": true,
            "pierceCap": 2,
            "backColor": "b1dd7e",
            "frontColor": "ffffff",
            "trailColor": "b1dd7e",
            "trailLength": 10,
            "trailWidth": 2.2,
            "hitEffect": {
                "type": "ParticleEffect",
                "particles": 5,
                "strokeFrom": 3,
                "strokeTo": 0,
                "lenFrom": 18,
                "lenTo": 0,
                "line": true,
                "length": 32,
                "baseLength": 0,
                "lifetime": 20,
                "colorFrom": "b1dd7e",
                "colorTo": "b1dd7e",
                "cone": 30
            },
            "shootEffect": {
                "type": "ParticleEffect",
                "particles": 6,
                "line": true,
                "strokeFrom": 3,
                "strokeTo": 0,
                "lenFrom": 16,
                "lenTo": 0,
                "length": 55,
                "baseLength": 0,
                "lifetime": 25,
                "colorFrom": "b1dd7e",
                "colorTo": "b1dd7e",
                "cone": 16
            },
            "despawnEffect": "none",
            "smokeEffect": "shootBigSmoke"
        },
        "tungsten": {
            "type": "BasicBulletType",
            "damage": 42.75,
            "buildingDamageMultiplier": 0.3,
            "ammoMultiplier": 1,
            "speed": 8,
            "lifetime": 24,
            "rangeChange": 36,
            "width": 13,
            "height": 23,
            "knockback": 1,
            "pierce": true,
            "pierceBuilding": true,
            "pierceCap": 3,
            "backColor": "768a9a",
            "frontColor": "ffffff",
            "trailColor": "768a9a",
            "trailLength": 10,
            "trailWidth": 2.3,
            "hitEffect": {
                "type": "ParticleEffect",
                "particles": 5,
                "strokeFrom": 3,
                "strokeTo": 0,
                "lenFrom": 18,
                "lenTo": 0,
                "line": true,
                "length": 32,
                "baseLength": 0,
                "lifetime": 20,
                "colorFrom": "768a9a",
                "colorTo": "768a9a",
                "cone": 30
            },
            "shootEffect": {
                "type": "ParticleEffect",
                "particles": 6,
                "line": true,
                "strokeFrom": 3,
                "strokeTo": 0,
                "lenFrom": 16,
                "lenTo": 0,
                "length": 55,
                "baseLength": 0,
                "lifetime": 25,
                "colorFrom": "768a9a",
                "colorTo": "768a9a",
                "cone": 16
            },
            "despawnEffect": "none",
            "smokeEffect": "shootBigSmoke"
        }
    },
    "requirements": [
        "beryllium/75",
        "graphite/95",
        "silicon/60",
        "tungsten/15"
    ],
    "research": {
        "parent": "breach",
        "requirements":[
        "beryllium/500",
        "graphite/600",
        "silicon/300",
        "tungsten/80"
    ],
    },
    "category": "turret"
}