{
	"type": "Separator",
	"name": "原晶体实验室",
	"description": "
	众所周知，[green]Mindustry[]中有一种叫做[red]“鸽子”[]的生物，他们对[red]“重组液”[]有着强烈的欲望。为此我们设计了一个[green]装置[]，它通过[yellow]脑电波[]来刺激/指挥那些[red]鸽子[]帮助它去远处[red]偷[][green]别人家[]的[red]晶体[]，作为报答[red]重组液[]也作为了一种[red]奖励[]。
	[red]注：该工厂仅作为弥补无模组矿的地图的后续发展，[]
	其次部分晶体有对应矿物

[green]关于为何没有与“金”“铁”“铝”对应的矿物地板，很抱歉目前我们未能给出详细的解答。",
	"itemCapacity": 50,
	"size": 4,
	"craftTime": 15,
	"results": [
				{ "item": "原晶体", "amount":  4},
		],
	"consumes": {
		"power":5.0,
		"liquid": {
			"liquid": "重组液",
			"amount": 0.6
		}
	},
  	"liquidCapacity": 100,
	"requirements": [
		{ "item": "silicon", "amount":110 },
        { "item": "塑料", "amount":210 },
		{ "item": "titanium", "amount":190 },
		{ "item": "thorium", "amount":15 },
		{ "item": "copper", "amount":500 },
		{ "item": "lead", "amount":500 },
		{ "item": "graphite", "amount":210 }
	],
	"category": "crafting",
	"drawer":[
	    {
	        "type": "DrawLiquidTile",
	        "suffix": "-liquid",
	        "drawLiquid": "重组液",
	        "drawLiquidLight": true
	    },
	    {
	        "type":"DrawDefault"
	    },
        {
            "type": "DrawLiquidRegion",
            "drawLiquid": "重组液",
            "suffix": "-liquid"
            
        },
	],
	"research": "工业基础"

}

