{
	"type": "Separator",
	"name": "晶体重构仪",
	"description": "需要大量液体",
	"itemCapacity": 150,
	"size": 2,
	"craftTime": 40,
	"results": [
	
				{ "item": "紫晶", "amount":  2},
	    		{ "item": "焰晶体", "amount": 1},
				{ "item": "原晶体", "amount":  3}
		],
	"consumes": {
		"power":10.0,
		"liquid": {
			"liquid": "晶能液",
			"amount": 0.66
		}
	},
  	"liquidCapacity": 200,
	"requirements": [
		{ "item": "graphite", "amount":70 },
		{ "item": "thorium", "amount":150 },
		{ "item": "silicon", "amount":150 },
		{ "item": "lead", "amount":150 },
		{ "item": "titanium", "amount":150 },
		{ "item": "金", "amount":150 },
	],
	"category": "crafting",
	"research": "晶能液合成器"
	"drawer":[
	    {
	        "type":"DrawDefault"
	    },
	    {
            "type": "DrawFlame",
                       "flameColor": "7AEDFFFF"
	    },
	]
}

