{
	"type": "GenericCrafter",
	"name": "晶能合成器",
	"description": "我也不知道为什么细沙和晶石就能合成晶能液
	那让我现编一个：
	在鸽子科学家与我们联合研究和在强大的猫猫文明、赤焰孢子的加持下研究了三天三夜后，我们发现了在沙子中含有微量的晶体元素。但是大粒的沙子提取过于困难，所以我们选用了细腻的细沙，与原晶体组合之后融合出的物质很快便消融成了液体…我们推测这种物质的熔点极低…但是目前我们需要用到的只是晶能液使用它可以让我们更加方便的提取原晶体中其它混杂的晶石，",
	"itemCapacity": 60,
	"size": 2,
	"hasPower": true,
	"hasLiquids": true,
	"hasItems": true,
	"flameColor": "42F9FC",
	"craftTime": 100,
	"updateEffect": "smeltsmoke",
	"consumes": {
		"power": 1.5,
		"items": {
			"items": [
				{ "item": "细沙", "amount": 2 },
				{ "item": "原晶体", "amount": 1 }
			]
},
		"liquid": {
			"liquid": "water",
			"amount": 0.2
		}
	},
  	"liquidCapacity": 60,
	"outputLiquid": {"liquid": "晶能液", "amount": 0.88 },
	"requirements": [
		{ "item": "lead", "amount": 600 },
		{ "item": "金", "amount": 100 },
		{ "item": "graphite", "amount": 100 },
		{ "item": "原晶体", "amount": 100 }
	],
	"category": "crafting",
	"research": "晶体实验室",
	"idleSound": "respawning",
	"idleSoundVolume": 0.5
	"drawer":[
	    {
	        "type":"DrawDefault"
	    },
	    {
            "type": "DrawFlame",
                    "flameColor": "7ABEFFFF"
	    },
	]
}
