{
    "type": "AttributeCrafter",
    "requirements": [
        {
            "item": "copper",
            "amount": 50
        },
        {
            "item": "silicon"
            "amount": 158
        },
        {
            "item": "titanium",
            "amount": 600
        },
        {
            "item": "原晶体",
            "amount": 360
        }
    ],
    
	"legacyReadWarmup": true,
	"displayEfficiency": true,
	"baseEfficiency": 1,
	"boostScale": 0.18,
	"maxBoost": 5,
	"minEfficiency": -1,
	"attribute": "heat",
	
	"hasPower": true,
	"hasItems": true,
	"hasLiquids": true,
	"itemCapacity": 25,
	"liquidCapacity": 130,
	"craftTime": 180,
	"category": "crafting",
	"research":"silicon-smelter",
	"craftEffect": "explosion",
	"consumes": {
	    "items": {
	        "items": [
	            {
	                "item": "原晶体",
	                "amount": 3
	            },       
	   {
	                "item": "surge-alloy",
	                "amount": 2
	            },        
	        ]
	    },
	    		"liquid": {
		"liquid": "water",
		"amount": 1
		}
	    "power": 12.5
	},
	"size": 4,
	"outputItems": [
	    {
	        "item": "至纯源晶",
	        "amount": 4
	    },
	],
	"description": "使用巨浪合金来激发晶体。",
	"name": "至纯源晶激发室",
	"ambientSound": "smelter",
	"ambientSoundVolume": 0.08
	"drawer":[
	    {
	        "type":"DrawRegion",
	        "suffix": "-top"
	    }
	    {
	        "type":"DrawLiquidTile",
	        "drawLiquid": "water"
	    },
	    {
	        "type":"DrawDefault"
	    },
	     {
            "type": "DrawLiquidRegion",
            "drawLiquid": "water",
            "suffix": "-liquid"
            
        },
	],
}