{
	"type": "naval", // 单位类型：海军
	"name": "爆雨", // 单位名称
    "speed": 0.68, // 移动速度
	"rotateSpeed": 0.7, // 旋转速度
	"ammoType": "graphite", // 弹药类型：石墨
	"ammoCapacity": 60, // 弹药容量
	"trailLength": 54, // 尾迹长度
	"waveTrailX": 22, // 波浪尾迹X轴偏移
	"waveTrailY": -46, // 波浪尾迹Y轴偏移
	"trailScl": 4, // 尾迹缩放比例
	"hitSize": 72.5, // 碰撞体积
	"health": 65500, // 生命值
	"armor": 39, // 护甲值
	"faceTarget": false, // 是否始终面向目标
	"research": "omura", // 所需研究
	
	"abilities":[//单位能量场   
        {
			"type": "UnitSpawnAbility",//生产单位
			"unit": "flare"//生产单位:单位名
			"spawnX":15//X轴
			"spawnY":10//Y轴
			"spawnTime":2200//生产时间（60/1）
	    },
	    {
			"type": "UnitSpawnAbility",//生产单位
			"unit": "flare"//生产单位:单位名
			"spawnX":-15//X轴
			"spawnY":10//Y轴
			"spawnTime":2200//生产时间（60/1）
	    },
	    {
			"type": "UnitSpawnAbility",//生产单位
			"unit": "horizon"//生产单位:单位名
			"spawnX":25//X轴
			"spawnY":-36.5//Y轴
			"spawnTime":2800//生产时间（60/1）
	    },
	    {
			"type": "UnitSpawnAbility",//生产单位
			"unit": "horizon"//生产单位:单位名
			"spawnX":-25//X轴
			"spawnY":-36.5//Y轴
			"spawnTime":2800//生产时间（60/1）
	    },
	    {
			"type": "UnitSpawnAbility",//生产单位
			"unit": "horizon"//生产单位:单位名
			"spawnX":16//X轴
			"spawnY":-24//Y轴
			"spawnTime":2800//生产时间（60/1）
	    },
	    {
			"type": "UnitSpawnAbility",//生产单位
			"unit": "horizon"//生产单位:单位名
			"spawnX":-16//X轴
			"spawnY":-24//Y轴
			"spawnTime":2800//生产时间（60/1）
	    },
	],
	"weapons": [
		{
			"name": "爆雨1", // 武器1名称
			"reload": 80, // 冷却时间
			"x": 25, // X轴偏移
			"y": -12.5, // Y轴偏移
			"rotate": true, // 是否可旋转
			"top": true, // 是否位于顶部
			"recoil": 1.7, // 后座力
			"inaccuracy": 2, // 精准度(数值越大越不准)
			"alternate": true, // 是否交替射击
			"shootSound": "mediumCannon", // 射击音效
			"shake": 2.8, // 屏幕晃动程度
			"shootY": 12.5, // 射击Y轴偏移
			"rotateSpeed": 1.8, // 旋转速度
			"bullet": { // 子弹配置
                "type": "BasicBulletType", // 子弹类型为普通子弹
                "width": 23, // 子弹宽度
                "height": 23, // 子弹高度
                "damage": 2580, // 子弹伤害
                "speed": 7.8, // 子弹速度
                "lifetime": 50, // 子弹存活时间
                "trailColor": "E5A13BFF", // 子弹轨迹颜色(金色)
                "trailWidth": 8, // 子弹轨迹宽度
                "trailLength": 13, // 子弹轨迹长度
                "pierce": true, // 是否穿透敌人
                "makeFire": true, // 是否在地面生成火焰
                "incendAmount": 8, // 点燃敌方单位的燃烧层数
                "incendSpread": 24, // 火焰扩散范围
                "incendChance": 1, // 点燃概率(1/100)
                
                "fragBullets": 8, // 分裂数量
                "fragRandomSpread": 180, // 分裂角度范围(180度)
                // 分裂弹配置
                "fragBullet": {
                    "type": "ArtilleryBulletType", // 炮弹类型
                    "damage": 382, // 直接命中伤害
                    "speed": 1, // 子弹速度(1格/秒)
                    "lifetime": 8, // 存在时间(8帧)
                    "width": 38, "height": 39, // 碰撞体积
                    "splashDamageRadius": 55, // 爆炸范围(55像素半径)
                    "splashDamage": 425, // 范围伤害
                    "frontColor": "FFFFFFFF", // 弹头颜色(白色)
                    "backColor": "E5A13BFF", // 弹尾颜色(金色)
                    "hitColor": "E5A13BFF", // 命中特效颜色
                    "trailColor": "E5A13BFF", // 轨迹颜色
                    "trailWidth": 4.5, // 轨迹宽度
                    "trailLength": 6, // 轨迹长度
                    "hitEffect": "shockwave", // 命中特效：冲击波
                    "despawnEffect": "none" // 消失特效：无
                }
	        }
        },
    	{
		"name":"爆雨2", // 武器2名称
		"shootSound":"laserblast", // 射击音效：激光爆炸
		"chargeSound":"lasercharge", // 充能音效
		"top":true, // 位于顶部
		"mirror":false, // 不镜像
		"rotate": true, // 是否可旋转
		"rotateSpeed": 0.7, // 旋转速度
		"shake":14, // 屏幕晃动程度
		"x":0,"y":-7, // 偏移
		"shootY":3, // 射击Y轴偏移
		"reload":420, // 冷却时间
		"recoil":2, // 后座力
		"cooldownTime":320, // 冷却时间
		"parentizeEffects":true, // 效果跟随父级
		"shoot":{
			"type":"ShootPattern", // 射击模式
			"firstShotDelay":60 // 首次射击延迟
		},
		"bullet":{
			"type":"LaserBulletType", // 激光子弹类型
			"length":450, // 激光长度
			"damage":2850, // 伤害
			"splashDamage":1650, // 溅射伤害
			"splashDamageRadius":40, // 溅射范围
			"width":35, // 宽度
			"lifetime":60, // 存在时间
			"lightningColor":"98FFA9", // 闪电颜色(青绿色)
			"lightningSpacing":35, // 闪电间距
			"lightningLength":5, // 闪电长度
			"lightningDelay":1.1, // 闪电延迟
			"lightningLengthRand":5, // 闪电长度随机值
			"lightningDamage":350, // 闪电伤害
			"lightningAngleRand":45, // 闪电角度随机值
			"largeHit":true, // 大命中效果
			"colors":[
			"E5A13BFF",
			"E5A13BFF",
			"FFFFFF"
			], // 颜色渐变(1到3)
			"chargeEffect":[
			{
			"type": "greenLaserCharge",
             "particles": 3,            // 发射数量
             "sizeFrom": 0,       // 初始大小
             "sizeTo": 6.6,             // 最终大小
             "length": 4,          // 移动距离
             "colorFrom": "E5A13BFF"
            },
            ],
         }
      },
      {
      "name": "爆雨3", // 武器1名称
			"reload": 160, // 冷却时间
			"x": 13, // X轴偏移
			"y": 22.5, // Y轴偏移
			"rotate": true, // 是否可旋转
			"top": true, // 是否位于顶部
			"recoil": 1.7, // 后座力
			"inaccuracy": 35, // 精准度(数值越大越不准)
			"alternate": true, // 是否交替射击
			"shootSound": "missileLaunch", //音效
			"shootEffect": "shootPyraFlame",  // 射击特效
			"shake": 2.8, // 屏幕晃动程度
			"shootY": 3.5, // 射击Y轴偏移
			"rotateSpeed": 1.8, // 旋转速度
			"shoot": {
                "shots": 2            // 每次射击发射的子弹数
            },
      "bullet": {  // 子弹配置
        "keepVelocity": false,  // 子弹是否保持发射时的速度
        "speed": 0,  // 子弹速度（0表示不移动）
        "shootEffect": "none",  // 射击时的特效（无）
        "spawnUnit": "通用"  // 子弹命中后生成的单位
        }
      },
      {
	"name": "爆雨4", // 武器名称
	"mirror": true, // 不进行镜像对称(单侧武器)
	"x": 15, "y": 38, // 武器安装位置(无偏移)
	"reload": 45, // 装填时间(帧)
	"shoot": { // 射击模式配置
		"shots": 6, // 每次射击发射8枚导弹
		"shotDelay": 2 // 每发间隔
	},
	"shootSound": "missile", // 使用导弹发射音效
	"rotate": true, // 武器可旋转追踪目标
	"rotateSpeed": 4, // 武器旋转速度(度/帧)
	"xRand": 6, // 水平随机散布范围(像素)
	"inaccuracy": 6, // 射击精度(数值越大越分散)

	"bullet": { // 导弹参数配置
		"type": "MissileBulletType", // 导弹类型
		"damage": 255, // 直接命中伤害
		"shootEffect": "none", // 无发射特效
		"smokeEffect": "none", // 无烟雾轨迹
		"splashDamageRadius": 35, // 爆炸影响范围(像素)
		"splashDamage": 155, // 范围伤害值(与直击相同)
		"lightningDamage": 123, // 连锁闪电伤害
		"lightning": 3, // 闪电链数量
		"lightningLength": 9, // 闪电基础长度
		"lightningLengthRand": 3, // 闪电长度随机变化量
		"hitEffect": "flakExplosionBig", // 命中特效(大型防空爆炸)
		"despawnEffect": "flakExplosion", // 消失特效(普通防空爆炸)
		"width": 8, "height": 9, // 碰撞箱尺寸
		"speed": 4.6, // 飞行速度(格/秒)
		"lifetime": 75 // 最大存活时间(帧)
    	}
   },
   ],
}