{
   "name": "机械动力",
   "version": "V1.009",
   "author": "[#001bff[]]孤[#6139ff[]]独",
   "description":"作者QQ:941014148
模组群:826078047
[#ff0000[]]日志:
[#ffe600[]]1.009:
[#00ffff[]]1.[#B2AF00FF[]]新增蜘蛛侠和地空机械厂和核裂回归
[#00ffff[]]2.[#B2AF00FF[]]新增武器螺旋。
[#00ffff[]]3.[#B2AF00FF[]]调高机械厂、T2机械厂、TNT爬虫和爆破爬虫的材料
[#00ffff[]]4.[#B2AF00FF[]]给某些方块/物品添加了铁、碳钢板的合成材料。
[#9E9E9EFF[]]下次更新仍是此版本
[#ffe600[]]1.008:
[#00ffff[]]1.[#B2AF00FF[]]改名。新增一个附属。
[#00ffff[]]2.[#B2AF00FF[]]新增修复炮
[#00ffff[]]3.[#B2AF00FF[]]雷霆炎龙换成卡尔玛
[#ffe600[]]1.007:
[#00ffff[]]1.[#B2AF00FF[]]调整提示，新增核裂
[#00ffff[]]2.[#B2AF00FF[]]新增单位TNT爬虫
#9E9E9EFF[]]补上1.006的日志龙卷增加分裂。
[#ffe600[]]1.006:
[#00ffff[]]1.[#B2AF00FF[]]新增机械工厂和爆破爬虫[#9E9E9EFF[]]（爆破爬虫太强以后可能会削）
[#00ffff[]]2.[#B2AF00FF[]]调整龙卷（攻速砍半）
[#ffe600[]]1.005:
[#00ffff[]]1.[#B2AF00FF[]]微调高射炮数据。
[#00ffff[]]2.[#B2AF00FF[]]新增炮塔龙卷，/*陨落*/
[#00ffff[]]3.[#B2AF00FF[]]新增工厂太阳能硅厂
新增发电机石油发电机。
//[#00ffff[]]4.[#B2AF00FF[]]新增永恒之锭，星，液
[#ffe600[]]1.004:
[#00ffff[]]1.[#B2AF00FF[]]高射炮的子弹硅的追踪范围调整为25
[#00ffff[]]1.[#B2AF00FF[]]新增炮塔导弹
[#ffe600[]]1.003:
[#00ffff[]]1.[#B2AF00FF[]]所有消耗物品的工厂（超级工厂除外）物品容量调整为一次制作所需的输入和输出中物品数量最高的一个x2为物品容量[#9E9E9EFF[]]（方便多个一起合成，目前不确定好不好用）
[#00ffff[]]2.[#B2AF00FF[]]为二级工厂建筑材料新添铁 10/20/30/40
[#00ffff[]]3.[#B2AF00FF[]]新增工厂TNT厂/n4.新增矿物硫磺"
   "minGameVersion": 136
}