{
	"type": "hover",
	"name": "悬浮坦克",
	"description":"轻装甲，能在水上移动，可以攻击地面和空中单位，直接作战性价比不高",
	"squareShape": true,
	"omniMovement": false,
	"rotateMoveFirst": false,
	"rotateSpeed": 3,
	"hovering":true,
	"speed": 1,
	"hitSize": 2.5,
			"immunities": [
	],
			"ammoType":{
	"type":"PowerAmmoType",
	"totalPower":2200},
	"ammoCapacity": 700
    "ammoResupplyAmount":1,/*弹药补给倍率 */
	"health": 210,
	"armor": 0,
	"drag": 0.08,
	"accel": 0.1,
	"itemCapacity": 5,
	"treadPullOffset": 3,
	"treadRects": [
		{
			"x": 4,
			"y": 2.75,
			"width": 2,
			"height": 4.5
		},
		{
			"x": 4,
			"y": -4.5,
			"width": 2,
			"height": 4.5
		}
	],
	"faceTarget": true,
	/*"requirements": {
		"block": "ground-factory",
		"time": 1800,
		"requirements": [
			"silicon/30",
			"lead/25",
			"titanium/25"
		]},*/
	"weapons": [
		{
			"name": "无",
			"reload": 90,
			"recoil": 0,
			"x": 0,
			"y": 0,
			"rotate": false,
			"rotateSpeed": 5,
			"mirror": false,
			"inaccuracy": 0.5,
			"shootCone":12,
			"ejectEffect": "casing1",
			"shootSound": "小悬浮炮",
			"alternate": false,
			"targetAir":true,
	"targetGround": true,
			"bullet": {
			"collidesAir": true
    "collidesGround": true,
				"damage": 23,
				"speed": 2,
				"lifetime": 65,
				"width": 3,
				"height": 5
			}
		}
	]
"research":"陆军工厂"
	 "researchCostMultiplier": 0.1
}