{
	"type": "tank",
	"name": "激光坦克",
	"description":"可以攻击地面和空中单位，不能同时对付多个敌人，强大的单体攻击但充能缓慢",
	"squareShape": true,
	"omniMovement": false,
	"rotateMoveFirst": false,
	"rotateSpeed": 3,
	"speed": 0.6,
	"hitSize": 9.5,
			"immunities": [
	],
			"ammoType":{
	"type":"PowerAmmoType",
	"totalPower":2200},
	"ammoCapacity": 700
    "ammoResupplyAmount":1,/*弹药补给倍率 */
	"health": 400,
	"armor": 0,
	"drag": 0.08,
	"accel": 0.1,
	"itemCapacity": 5,
	"treadPullOffset": 3,
	"treadRects": [
		{
			"x": 4,
			"y": 2.75,
			"width": 2,
			"height": 4.5
		},
		{
			"x": 4,
			"y": -4.5,
			"width": 2,
			"height": 4.5
		}
	],
	"faceTarget": false,
	/*"requirements": {
		"block": "ground-factory",
		"time": 1800,
		"requirements": [
			"silicon/30",
			"lead/25",
			"titanium/25"
		]},*/
	"weapons": [
		{
			"name": "激光坦克1",
			"reload": 360,
			"recoil": 0,
			"x": 0,
			"y": 0,
			"rotate": true,
			"rotateSpeed": 5,
			"mirror": false,
			"inaccuracy": 0.5,
			"ejectEffect": "casing1",
			"shootSound": "激光",
			"alternate": false,
			"targetAir":true,
	"targetGround": true,
			"shoot":{
		"firstShotDelay":66
	},
			"bullet": {
			"type": "PointBulletType",//PointBulletType
			//"hitEffect": "instHit",
			"smokeEffect": "smokeCloud",
			"trailEffect": {
				"type": "ParticleEffect",
				"particles": 1,
				"baseLength": 0,
				"lifetime": 20,
				"line": true,
				"randLength": false,
				"lenFrom": 11,
				"lenTo": 11,
				"strokeFrom": 7,
				"strokeTo": 0,
				"colorFrom": "93250D",
				"colorTo": "93250D",
				"cone": 0
			},
			"despawnEffect": "instBomb",
			"trailSpacing": 8,
			"damage": 350,
			"hitShake": 6,
			"speed": 4.75,
			"lifetime": 40,
			//"shootEffect": "instShoot",
			/*"type":"BasicBulletType",
			"collidesAir": false
    "collidesGround": true,
			 "type":"BasicBulletType",
				"Damag": 350
	"speed": 190
				"lifetime": 1,
				"width": 3,
				"height": 3
				"trailLength":190,
	"trailWidth":3,
    "trailColor":"93250D",
	"frontColor":"93250D",
	"backColor":"93250D",*/
			}
		}
	]
"research": "坦克"
	 "researchCostMultiplier": 0.3
	  "drownTimeMultiplier":0.001
}