{
	"type": "tank",
	"name": "防空坦克",
	"description":"远程对空导弹，轻型护盾",
	"squareShape": true,
	"omniMovement": false,
	"rotateMoveFirst": false,
	"rotateSpeed": 3,
	"speed": 0.6,
	"hitSize": 9.5,
			"immunities": [
	],
			"ammoType":{
	"type":"PowerAmmoType",
	"totalPower":2200},
	"ammoCapacity": 700
    "ammoResupplyAmount":1,/*弹药补给倍率 */
	"health": 1100,
	"armor": 0,
	"drag": 0.08,
	"accel": 0.1,
	"itemCapacity": 5,
	"treadPullOffset": 3,
	"abilities": [
		{
			"type": "ForceFieldAbility",
			"sides": 12,
			"radius": 6,
			"max": 700,
			"regen": 0.15
			"cooldown": 0
		}
	],
	"treadRects": [
		{
			"x": 4,
			"y": 2.75,
			"width": 2,
			"height": 4.5
		},
		{
			"x": 4,
			"y": -4.5,
			"width": 2,
			"height": 4.5
		}
	],
	"faceTarget": false,
	/*"requirements": {
		"block": "ground-factory",
		"time": 1800,
		"requirements": [
			"silicon/30",
			"lead/25",
			"titanium/25"
		]},*/
	"weapons": [
		{
			"name": "防空坦克1",
			"reload": 231.6,
			"recoil": 0,
			"x": 0,
			"y": 0,
			"rotate": true,
			"rotateSpeed": 5,
			"mirror": false,
			"inaccuracy": 0.5,
			"ejectEffect": "casing1",
			"shootSound": "小导弹炮",
			"alternate": false,
			"targetAir":true,
	"targetGround": false
			"shoot":{
			"shots":2,
			"shotDelay":20
		},
			"bullet": {
			"collidesAir": true
    "collidesGround": false,
	    "sprite":"missile",
			"splashDamageRadius":15,
	"splashDamage":120,	  
	    "speed":3,
	    "lifetime":113.334,
	    "width":10,	 "height":10
	    "homingRange": 9999,
            "homingPower": 0.5,
			}
		}
	]
"research":"重坦"
	 "researchCostMultiplier": 0.5
	 "drownTimeMultiplier":0.001
}