{
            "name":"氮气井"
            "type":"ThermalGenerator"
            "category": "power",
            "attribute" :"steam"
            "minEfficiency":7,
            "displayEfficiencyScale":0.1111111111111
            "displayEfficiency":false
            "outputLiquid": { "liquid": "nitrogen", "amount": 0.13},
            "group" : "liquids" 
            "powerProduction" : 0.42
            "drawer": {"type": "DrawMulti",
	"drawers": [
	"DrawDefault",
		{"type": "DrawBlurSpin",
		"suffix": "-rotator"
		"rotateSpeed":6
		},
		]	}
            "effectChance" :0.4
            "size" : 3
            "ambientSound" : "hum"
            "ambientSoundVolume" : 1
            "research": {
	"parent": "潮汐发电机"//科技树前置
            "requirements": [
		    "铋/1000",
		    "graphite/1000"
            "tungsten/20"
             ]
	"objectives":[
 		 {
  "type": "OnSector",
  "preset":"碎裂污湖"  }]
	}
            "requirements": [
		    "铋/70",
		    "graphite/150"
            "tungsten/50"
                            ],
}