{
  "type": "VariableReactor",
  "name": "温差集电器",
  "description": "利用温差发电，若液体不足会自毁",
  "health": 650,
  "size": 3,
  "heating":0.001
  "hasLiquids": true,
  "research": "潮汐发电机",
  "liquidCapacity":70
  "hasItems": true,
  "category": "power",
  "lightColor": "ffffff",
  "explosionRadius":30, //爆炸半径
	"explosionDamage":500, //爆炸伤害
	"explosionShakeDuration": 10,
	"explodeSound": "explosionbig",
  "requirements": [
    "silicon/100"
    "铋/200"
    "graphite/100"
    "tungsten/50"
    "oxide/40"
    "surge-alloy/5"
  ],
  "consumes": {
		"liquid": {
			"liquid": "water",
			"amount": 0.8
		}
	},
	"drawer": {
    "type": "DrawMulti",
    "drawers": [
      {
        "type": "DrawRegion",
        "suffix": "-bottom"
      },
       {
        "type": "DrawLiquidRegion",
        "drawLiquid": "water"
      },
      "DrawDefault",
    ]
  },
  "maxHeat": 6,
  "powerProduction": 5.3
  }