{
	"type": "SolarGenerator",
	"name": "潮汐发电机",
	"requiresWater":true,
	"description": "利用潮汐的波动来发电",
	"size":2,
	"health":300,
	"powerProduction":1.5
	"warmupSpeed":0.001,
	"requirements": [
		"铋/5",
		"铟/10"
     	"graphite/5",
        ],
        "research":
 	        {
 	        "requirements":
		    [
        "铋/20",
		"铟/30"
     	"graphite/35",
	      	]
 "parent":"潮汐发电机"
 }
        "category": "power"
        "placeableLiquid": true,
        "research":"开拓核心"
}