{
	"type": "ConsumeGenerator",
	"name": "燃烧发电机",
	"description": "燃烧氢气和煤炭发电",
	"health": 700,
	"size": 3,
	"hasLiquids":true
	"consumes": {
		"liquid": {
			"liquid": "hydrogen",
			"amount": 0.3
		}
		"items": { //物品，格式就是这样的
      "items": [ //[]不能丢，里面的物品可以疯狂叠
        {
          "item": "coal",
          "amount": 3 //物品
        }
        ]
        }
        }
		"drawer": {
    "type": "DrawMulti",
    "drawers": [
      {
        "type": "DrawRegion",
        "suffix": "-bottom"
      },
      {
        "type": "DrawLiquidRegion",
        "drawLiquid": "hydrogen"
      },
      "DrawDefault"
      {
        "type": "DrawGlowRegion",
        "color": "BC5452FF"
      },
    ]
  }
  "research": {
	"parent": "氮气井"//科技树前置
"requirements": [
		    "铋/3000",
		    "graphite/1000"
		    "oxide/60"
		    "silicon/1000"
		    ]
	"objectives":[
 		        {
  "type":"OnSector",
  "preset":"碎裂污湖" 
  }
  ]
	},
  "requirements": [
    "铋/45"
    "silicon/35"
    "graphite/55"
    "tungsten/50"
    "oxide/40"
	],
	"category": "power",
	"powerProduction":4.2
	}