{
    "name":"平凡无奇的钻头",
    "type": "Drill",
    "description":"可以挖一些低级的矿物",
    "size": 1,
    "health": 100,
    "tier": 2,
    "drillTime": 350,   
    "canOverdrive": true,
    "drillEffect": "none",
    "updateEffect": "none",
    "rotateSpeed": 1.6,
    "drawMineItem": false,
    "idleSound":"DrillBit",
	"idleSoundVolume": 0.1,
    "itemCapacity": 10,
    "liquidCapacity": 10,
    "requirements": [	
   { "item": "copper", "amount": 10 },
    ],
    "category": "production",
    "research": "mechanical-drill"
}
