{
    "name":"铁钻头",
    "type": "Drill",
    "description":"可以挖更高级的矿物",
    "size": 2,
    "health": 250,
    "tier": 4,
    "drillTime": 100,   
    "canOverdrive": true,
    "drillEffect": "none",
    "updateEffect": "none",
    "rotateSpeed": 1.6,
    "drawMineItem": false,
    "idleSound":"DrillBit",
	"idleSoundVolume": 0.1,
    "itemCapacity": 10,
    "liquidCapacity": 10,
    "requirements": [	
   { "item": "copper", "amount": 15 }
   { "item": "铁", "amount": 5},
    ],
    "category": "production",
    "research": "mechanical-drill"
}
