{
  "type": "GenericCrafter",
  "name": "冷却凝胶合成机",
  "description": "用冷冻液和硅制造冷却凝胶",
  "size": 2,
  "rotate": false,
  "itemCapacity": 30,
  "liquidCapacity": 100,
  "consumes": {
    "power": 3,
    "liquid": "cryofluid/0.8",
    "items": [
      "silicon/12"  
    ]
  },
  "craftTime": 120,
  "outputItem": "cryogenic-gel/2",
  "updateEffectChance": 1,
  "updateEffect": {
    "type": "RadialEffect",
    "layer": 118,
    "rotationSpacing": 22,
    "amount": 2,
    "effect": {
      "type": "ParticleEffect",
      "particles": 1,
      "length": 14,
      "lifetime": 20,
      "cone": 20,
      "useRotation": false,
      "baseRotation": 90,
      "sizeFrom": 1,
      "sizeTo": 0,
      "colorFrom": "8ce8f100",
      "colorTo": "8ce8f188",
      "interp": "pow2",
      "sizeInterp": "pow3In",
      "layer": 80
    } 
  },
  "drawer": {
    "type": "DrawMulti",
    "drawers": [
      {
        "type": "DrawRegion",
        "suffix": "-bottom"
      },
      {
        "type": "DrawLiquidTile",
        "drawLiquid": "cryofluid",
        "alpha": 0.5
      }
      {
        "type": "DrawSpikes",
        "amount": 4,
        "length": 4,
        "radius": 3,
        "color": "4fa4c0",
        "layers": 3,
        "layerSpeed": 0.34,
        "rotateSpeed": 1.1,
        "stroke": 0.6
      },
      {
        "type": "DrawDefault"
      }
    ]
  },
  "category": "crafting",
  "research": {
    "parent": "mod-gate-crafters",
    "objectives": ["steel-alloy"]
  },
  "requirements": [
    "lead/250",
    "metaglass/210",
    "graphite/200",
    "silicon/150"
  ],
  "loopSound": "spellLoop",
  "loopSoundVolume": 0.2
}
