{
	"name":"机械钻头·VI",
	"description":"极其强大的机械钻头，虽然基础挖掘速度不高，但是灌水之后速度巨快",
	"size": 2,
	"health": 4000,
	"tier": 4,
	"drillTime": 240,
	"liquidBoostIntensity":5,
	"canOverdrive": true,
	"warmupSpeed": 0.02,
	"drillEffect": "mineBig",
	"updateEffect": "mineBig",
	"rotateSpeed": 3,
	"drawMineItem": true,
	"consumes": {
		"liquid": {
			"liquid": "water",
			"amount": 0.01,
			"booster": true,
			"optional": true
		}
	},
	"itemCapacity": 90,
	"liquidCapacity": 20,
	"requirements": [	
   { "item": "copper", "amount":1000},
   ],
	"category": "production",
	"research": "drill4"
}
