{
	"name":"升涡钻头",
	"description":"高速挖掘一切矿物，不受帧率影响",
	"size": 5,
	"health": 12800,
	"tier": 999,
	"drillTime": 240,
	"liquidBoostIntensity":5,
	"canOverdrive": true,
	"warmupSpeed": 0.02,
	"drillEffect": "mineBig",
	"updateEffect": "mineBig",
	"rotateSpeed": 3,
	"drawMineItem": true,
	"consumes": {
		"liquid": {
			"liquid": "water",
			"amount": 0.01,
			"booster": true,
			"optional": true
		}
	},
	"itemCapacity": 1000,
	"liquidCapacity": 800,
	"requirements": [	
   { "item": "copper", "amount":4000},
   { "item": "lead", "amount":4000},
   { "item": "titanium", "amount":4000},
   { "item": "thorium", "amount":4000},
   ],
	"category": "production",
	"research": "drill5"
}
