{
	"name":"机械钻头·IV",
	"description":"三次改良型机械钻头，属性大大提升，但是需要更多材料消耗，可以开采钛",
	"size": 2,
	"health": 1000,
	"tier": 3,
	"drillTime": 60,
	"liquidBoostIntensity":1.8,
	"canOverdrive": true,
	"warmupSpeed": 0.02,
	"drillEffect": "mineBig",
	"updateEffect": "mineBig",
	"rotateSpeed": 3,
	"drawMineItem": true,
	"consumes": {
		"liquid": {
			"liquid": "water",
			"amount": 0.2,
			"booster": true,
			"optional": true
		}
	},
	"itemCapacity": 15,
	"liquidCapacity": 10,
	"requirements": [	
   { "item": "copper", "amount":200},
   ],
	"category": "production",
	"research": "drill2"
}
