{
	"type": "flying",
	"name": "百灵",
	"description": "自动开采铜、铅、钛、钍并运回核心中……",
	"details":"由蜂鸟特种矿机升级而来的特种矿机，以牺牲速度为代价，加强了其他大部分属性并携带自修复系统……"
	"speed":1.9,
	"flying":true,
	"lowAltitude":true,
	"health":600,
	"armor":3,
	"hitSize":15,
	"engineOffset":-1,
	"engineSize":2.5,
	"itemCapacity":125,
	//物品容量
	"mineSpeed":12.5,
	//挖矿速度
    "mineTier":6,
    //挖矿等级:0沙、废料；1铜、铅；2煤；3钛；4钍
    //"mineItems":["铉晶"],
    //自动挖的矿
    "buildSpeed":0,
    //建筑速率
    "immunities":[
        "基因崩溃",
        "孢子抑制",
        "触礁",
        ],
    "research":"蜂鸟",
    "abilities":[
        {
            "type": "StatusFieldAbility"
            "activeEffect":{
		        "type": "WaveEffect"
		        "lifetime":30
		        "sizeFrom":0
		        "sizeTo":0
		        "colorFrom": "7CF389FF"
		        "colorTo": "7CF38900"
            },
        "effect":"自愈",
        "range":1,
        "reload":1200,
        "duration":300,
        }
        ]
}
