{
	"type": "flying",
	"name": "蜂鸟",
	"description": "自动开采铜、铅、钛并运回核心中……",
	"details":"一种由独影矿机特化升级的特种矿机，各项属性均有加强，并加装了护甲……"
	"speed":2.5,
	"flying":true,
	"lowAltitude":true,
	"health":300,
	"armor":2,
	"hitSize":10,
	"engineOffset":5,
	"engineSize":2,
	"itemCapacity":50,
	//物品容量
	"mineSpeed":6,
	//挖矿速度
    "mineTier":3,
    //挖矿等级:0沙、废料；1铜、铅；2煤；3钛；4钍
    "buildSpeed":0,
    //建筑速率
    "research":"mono"
    "immunities":[
        "基因崩溃",
        "孢子抑制",
        "触礁",
        ],
	}
