{
    "type":"Reconstructor",
    "name": "强化级单位重构工厂",
    "description":"将输入的T5机甲单位升级为T6机甲单位",
	"category":"units",
	"research": {
	"parent": "basic-assembler-module",
	"requirements": [
	"beryllium/70000",
	"tungsten/55000",
	"silicon/50000",
	"thorium/53900",
	"graphite/61000",
	"oxide/42000",
	"surge-alloy/30500",
	"phase-fabric/24000",
	"carbide/10000"
	    ]
	},
	"requirements": [
	"beryllium/2100",
	"tungsten/1100",
	"thorium/1000",
	"oxide/950",
	"surge-alloy/800",
	"silicon/1200",
	"carbide/800"
	],

	"constructTime":1800,
 	"health":4550,
	"size":8,
	"armor":55,

	"consumes":{
	"power":15,
	"items": {
	"items": [
		"silicon/850",
		"oxide/680",
		"surge-alloy/590",
		"carbide/510"
		]
	},
		"liquid":{
		"liquid":"ozone","amount":0.3333334
		}
	},
	"upgrades":[
	["conquer","e-魁恶"],
	["disrupt","e-幽怨"],
	["collaris","e-葵蛛"]
	]
}