{
	"type": "UnitAssemblerModule",
	"name": "育新升级器3级",
	"description": "当放置到构造边界旁边时，增加输出等级，需要电力，且可做载荷输入",
	"category":"units",
	"health": 850,
	"regionSuffix": "-dark",
	"armor":25,
	"size": 1,
	"tier": 3,
    "research": {
	"parent": "GH-育新升级器2级",
	"requirements": [
	"tungsten/20",
	"silicon/20",
	"graphite/20",
	"潜铁板/5"
	    ]
	},
	"consumes": {
	"power": 0.1
	},
	"requirements": [
	"tungsten/20",
	"silicon/20",
	"graphite/20",
	"潜铁板/5"
	]
}