{
    "name": "反物质",
    "description": "带有着与正常物质完全相反电荷，[red]极其不稳定！[grey]换种方式来想，如果用一种方法令它不与正物质接触，利用某些物质的特性提取它的能量，何尝不是一项颠覆性的发电技术！",
    "details": "[red]正反物质之间存在湮灭效应！",
    "color": "1d62de",
    "explosiveness": 9999999999, //爆炸性
    "radioactivity": 19035, //放射性
    "charge": 75683, //放电性
    "cost": 25,
    "flammability": 5980, //可燃性
    "research": "能量团"
}