{
	"type": "NuclearReactor",
	"name": "冰晶反应堆",
	"description": "用冰晶产生能量",
	"size": 3,
	"category": "power",
	"research": "冰发电机",
	"requirements": [
		{ "item": "lead", "amount": 350 },
		{ "item": "冰晶体", "amount": 200 },
		{ "item": "graphite", "amount": 250 },
		{ "item": "titanium", "amount": 250 },
		{ "item": "thorium", "amount": 200 },
		{ "item": "copper", "amount": 350 }
	],

	"consumes": {
		"items": {
			"items": [
				"冰晶体/1",
			]
		},
		"liquid": {
			"liquid": "冰晶液",
			"amount": 1
		}
	},

	"itemCapacity":200,
	"powerProduction":2000,
	"lightColor": "5ab33e",
	"hotColor": "ff9575a3",
	"itemDuration": 60,
	"heating": 1,
	"smokeThreshold": 0.30,
	"explosionRadius": 5000,
	"explosionDamage": 5000,
	"flashThreshold": 0.76,
	"coolantPower": 1
}