{
    "type": "Reconstructor",
    "name": "初级重构厂",
    "description": "将输入的单位升级为二级单位。",
    "category": "units",
    "research": {
        "parent": "aiab机甲制造厂"
    },
    "requirements": [
        "铁/120",
        "镍/100",
        "silicon/140",
        "graphite/140"
    ],
    "constructTime": 600,
    "health": 1360,
    "size": 3,
    "consumes": {
        "power": 7,
        "items": {
            "items": [
                "铁/80",
                "silicon/80",
                "graphite/80"
            ]
        }
    },
    "upgrades": [
        [
            "fbaa立案",
            "fbab调查"
        ],
        [
            "fcaa星尘",
            "fcab星涌"
        ],
        [
            "fdaa行步",
            "fdab步伐"
        ],
        [
            "ffaa移云",
            "ffab逐月"
        ]
    ]
}