{
	"type":"Reconstructor",//类型,
	"name":"高级重构厂"//显示名字
	"description":"将输入的单位升级为四级单位",//介绍
	"category":"units",

	"research": {"parent": "ajab次级重构厂",//科技树前置
	"objectives": [
/*		"",//研究xx
		{"type": "SectorComplete",//占领地图
		"preset": "放射陨石坑"},*/
		]
	},

	"requirements": [//建造花费
	"锡/640"
	"镍/500"
	"silicon/640",//建造花费
	"钢/340",//建造花费
	"海棱晶/200",
"phase-fabric/150",
	],

	"constructTime":3600,//建造时间
 	"health":7250,
	"size":7,
	"consumes":{//升级消耗
		"power":24,//电,帧
		"items": {//物品
		"items": [//物品消耗
		"silicon/180",
		"钢/150",
		"海棱晶/120"
		"phase-fabric/60",
		]	}
		"liquid":{//液体
		"liquid":"ozone","amount":0.2//液体消耗
		}	},
	"upgrades":[//重构单位
		["fbac传唤","fbad审讯"]
	["fcac星光","fcad星陨"]
	["fdac步履","fdad行进"]
	["ffac穹卫","ffad巡界"]
		]
}