{
	"name": "裂位驱动器",
	"type": "MassDriver",
	"size": 4,
	"health": 2500,
	"armor": 8,
	"hasItems": true,
	"itemCapacity": 300,
	"minDistribute": 60,
	"reload": 100,
	"rotateSpeed": 2.5,
	"bulletSpeed": 8,
	"shootEffect": "instShoot",
	"smokeEffect": {
		"type": "ParticleEffect",
		"particles": 19,
		"line": true,
		"interp": "circleOut",
		"sizeInterp": "circleOut",
		"lenFrom": 30,
		"lenTo": 0,
		"strokeFrom": 2,
		"strokeTo": 0,
		"length": 95,
		"lifetime": 80,
		"colorFrom": "FEEBB3",
		"colorTo": "FEEBB3",
		"cone": 10
	},
	"shootSound": "laser",
	"range": 800,
	"consumes": {
		"power": 13
	},
	"requirements": [
		"plastanium/80",
		"硅钢/120",
		"镄/200",
		"裂位能/50"
	],
	"research": "mass-driver",
	"category": "distribution"
}