{
"health":40000,
//"speed":0.4,
//"armor":24
/*"weapons":[
{
"rotate":false
"mirrir":false
			"x": 0,
			"y": 0,
			"reload": 90
			"ejectEffect": "none",
			"shootSound": "laser",
			"inaccuracy":8
			"shoot": {
            "shots": 8,
            "shotDelay": 0
            },
			"bullet": {
"type":"LaserBulletType",//基础子弹
"damage":50,
"sideAngle":30,
"sideWidth":12,
"sideLength":12,
"length":480,
"recoil": 0.12,
"colors":["8BFF7EFF","A8FFAEFF","FFFFFFFF"],//颜色
"ammoMultiplier":1,//每个物品能够
"healAmount":200,
"healPercent":2,
"collidesTeam":true,
}
},
]*/
}