{
"health":320,
//"speed":0.75,
//"armor":2
"weapons":[ 
	{
	"name":"heal-weapon",
	"mirror":true,
//	"rotateSpeed":3
  "x":5
  "y":0
  "shootY":4
  "top": true
  "rotate":false
  "reload": 45
  "shootSound":"sap",
  "ejectEffect":"none"
  "shots": 1,
  "inaccuracy":0
  "alternate":true,
  "ignoreRotation": false,
  "shoot": {
        "shots": 2,
        "shotDelay": 5
        }
  "bullet":{
               "speed": 7.5
               "lifetime": 30
               "damage":12
               "despawnEffect":"none",
	    "hitEffect":"none",
	"smokeEffect":"none"
               "frontColor": "8BFF7EFF",
        "backColor": "8BFF7EFF",
        "width": 4,
        "height": 6,       
        "trailLength": 1.5,
        "trailWidth": 2,
        "trailColor": "8BFF7EFF",
        "collidesTeam":true,
//"reflectable":false,//被反弹
"healAmount":15,
"healPercent":0.75,
        "shootEffect":{
  "type": "WaveEffect",
    "lifetime":6 ,
    "sizeFrom": 0,
    "sizeTo": 6,
    "strokeFrom": 0,
    "strokeTo": 0,
    "colorFrom": "8BFF7EFF",
    "colorTo": "8BFF7EFF"
    }
}
}
{
	"name":"heal-weapon",
	"mirror":true,
//	"rotateSpeed":3
  "x":-5
  "y":0
  "shootY":4
  "top": true
  "rotate":false
  "reload": 45
  "shootSound":"sap",
  "ejectEffect":"none"
  "shots": 1,
  "inaccuracy":0
  "alternate":true,
  "ignoreRotation": false,
  "shoot": {
        "shots": 2,
        "shotDelay": 5
        }
  "bullet":{
               "speed": 7.5
               "lifetime": 30
               "damage":15
               "despawnEffect":"none",
	    "hitEffect":"none",
	"smokeEffect":"none"
               "frontColor": "8BFF7EFF",
        "backColor": "8BFF7EFF",
        "width": 4,
        "height": 6,       
        "trailLength": 1.5,
        "trailWidth": 2,
        "trailColor": "8BFF7EFF",
        "collidesTeam":true,
//"reflectable":false,//被反弹
"healAmount":10,
"healPercent":1.5,
        "shootEffect":{
  "type": "WaveEffect",
    "lifetime":6 ,
    "sizeFrom": 0,
    "sizeTo": 6,
    "strokeFrom": 0,
    "strokeTo": 0,
    "colorFrom": "8BFF7EFF",
    "colorTo": "8BFF7EFF"
    }
}
}
]
}