{
"health":1100,
//"speed":0.7,
//"armor":6
//"range":64
"weapons":[
{
"name":"heal-shotgun-weapon"
"rotate":false
			"x": 6,
			"y": 0,
			"reload": 30,
			"ejectEffect": "none",
			"shootSound": "spark",
			"inaccuracy":30
			"shoot": {
        "shots": 8,
        "shotDelay": 1
    },
			"bullet": {
				"type": "LightningBulletType",
				"lightningColor":"8BFF7EFF"
				"damage": 10,
				"lightningLength": 8
				"status":"shocked"
				"healAmount":20,
"healPercent":0.4,
"collidesTeam":true,
}
},
]
}