{
	"type": "HeatConductor"
	"name": "小型热传输机",
	"description": "体积更小,便于运输热量",
	"health":300,
	"size":2,
	"regionRotated1":1
	"researchCostMultiplier":0.5	
	    "drawer": {
        "type": "DrawMulti",
        "drawers": [
            {
                "type": "DrawHeatInput",
                "suffix": "-heat"
            },
            "DrawDefault",
            "DrawHeatOutput"
        ]
    },
	"requirements": [
		{ "item": "graphite","amount":5}
		{ "item": "tungsten","amount":5}
	],
	"category": "crafting",
	"research": "heat-redirector",
}