{
"type": "HeatProducer"
"name":"燃油制热机"
"description":"既然芳油能用来发电,那一定也能用来制热吧.\n燃烧芳油制热,需要电力,还能收集燃烧副产品:水.如果水未能及时移除,此制热机将会停止工作"
"health":1050,
"size":3,
"hasPower": true,
"hasLiquid": true,
"liquidCapacity":20,
"craftTime":75,
"updateEffect":"smeltsmoke",
"outputLiquid": { "item":"water", "amount":0.05},
"consumes": {
	"power": 0.2,
	"liquid": {"liquid":"arkycite","amount":0.33333334,"booster":false}
    }
"heatOutput":6,
"drawer": {
    "type": "DrawMulti",
    "drawers": [
        {
	        "type":"DrawLiquidTile",
	        "drawLiquid":"arkycite"
	        "suffix":"-liquid"
	    },
        "DrawDefault",
        "DrawHeatOutput",
        ]
    },
"requirements": [
    {"item":"beryllium","amount":30}
	{"item":"graphite","amount":15}
	{"item":"tungsten","amount":20}
	{"item":"oxide","amount":15}
	{"item":"carbide","amount":10}
],
"category": "crafting",
"research": "slag-heater"
}