{
"type":"GenericCrafter"
"name":"石油硫混机"
"distribution":"使用石油和石油中的杂质,加上铅来制作硫化物,无法转化的部分以废料形式排出,需要电力启动"
"details":""
"health":160
"size":2
"hasPower": true,
"hasLiquids":true,
"hasItems":true,
"itemCapacity":20
"craftTime":112,
"itemDuration":96,
"liquidCapacity":40,
"updateEffect":"mineBig",
"consumes":{
	"power":1,
	"items":{
	    "items":[
	        {"item":"lead","amount":4}
	    ]
	},
	"liquid":{
		"liquid": "oil",
		"amount":0.5,
		"booster":false
	}
},
"drawer": {
    "type": "DrawMulti",
    "drawers": [
        {
        "type": "DrawRegion",
        "suffix": "-bottom"
        },
        {
	    "type":"DrawLiquidTile",
	    "drawLiquid":"oil"
	    },
	    "DrawDefault",
	    "DrawFlame"
        ]
    },
"outputItems": [
	{"item":"pyratite","amount":2},
	{"item":"scrap","amount":1}
],
"requirements": [
    {"item": "lead", "amount":20}
    {"item": "titanium", "amount":30}
	{"item": "graphite", "amount":15}
	{"item": "silicon", "amount":15}
],
"category": "crafting",
"research":"pyratite-mixer"
}