{
	"type": "Separator",
	"name": "矿渣筛取机",
	"description": "筛取矿渣中的不溶物质,可以产出钍\n《废物利用》(一语双关)",
	"details":"到底是哪个缺德的往岩浆里扔废品?!",
	"health":900,
	"itemCapacity":20,
	"liquidCapacity":120,
	"spinnerSpeed":16,
	"hasPower": true,
	"size":3,
	"craftTime":50,//工作时间60:1
	"updateEffect": "smoke",
	"results": [
	            { "item": "sand", "amount":6}
	            { "item": "silicon", "amount":4}
	            { "item": "tungsten", "amount":6}
	            { "item": "oxide", "amount":2}
	            { "item": "graphite", "amount":8}
				{ "item": "beryllium", "amount":8}
				{ "item": "thorium", "amount":1}
		],
	"consumes": {
		"power":4.5,
		"items": {	 "items": [
	    { "item": "sand", "amount": 1},
		    ]
		},
	    "liquid":{"liquid":"slag","amount":0.2,}
	    }
  	"drawer":{
        "type":"DrawMulti",
        "drawers":[
            {
            "type": "DrawRegion",
            "suffix": "-bottom"
            },
            {
	       "type":"DrawLiquidTile",
	        "drawLiquid":"slag"
	        },
            {"type":"DrawRegion",
            "suffix":"-spinner",
            "spinSprite":true,
            "rotateSpeed":6},
            {"type":"DrawRegion",
            "suffix":"-top",
            "spinSprite":true,
            "rotateSpeed":-6}
            "DrawDefault"
            ]
    },
	"requirements": [
	    { "item": "beryllium", "amount": 100}
		{ "item": "graphite", "amount": 100}
		{ "item": "silicon", "amount": 75}
		{ "item": "tungsten", "amount":75}
		{ "item": "surge-alloy", "amount":25}
		{ "item": "oxide", "amount":25}
	],
	"category": "crafting",
	"research": "slag-heater"
}