{
	"name":"先遣堡垒",//文件名中的"就a"和"就b"是为了排序，无实意
	"type":"CoreBlock",
	"category": "effect",//菜单栏
	"description":"加固后的先遣部队堡垒，拥有更大的储物空间。",//介绍
	"details":"β型枢纽对比前代只拥有仓储容量和安全性上的提升，由其中自带的蓝图升级而来，亦可通过轨道空投技术放置。"
	"alwaysUnlocked":false,//科技树默认解锁
	"size":4,//大小
	"health":10000,//血量
	"armor":2,//护甲
	"itemCapacity":5000,//容量
	"hasItems": true,//
	"unitCapModifier":16,//
	"unitType":"2-巡星",//出生机甲
	"requirements":[//建造消耗
	"钢铁/2000"
	"silicon/1800",
	"graphite/1800"
	]
	"research": {
	"parent": "先遣核心"//科技树前置
	"objectives":[
	{
	"type": "SectorComplete",//占领地图
	"preset":"野性之心-遗落前哨"//地图名
	},
	]
	"requirements": [//研究花费
	"钢铁/5000",
	"graphite/5000",
	"silicon/5000"
	]	}
}