{
	"name": "损坏V",
	"color": "97FFA8",
	"damage": 20,
	"speedMultiplier": 0.4,
	"healthMultiplier": 0.4,
	"reloadMultiplier": 0.4,
	"damageMultiplier": 0.4,
	"effectChance": 0.4,
	"effect": {
		"type": "ParticleEffect",
		"particles": 1,
		"baseLength": 0,
		"length": 16,
		"lifetime": 10,
		"line": true,
		"lenFrom": 10,
		"lenTo": 0,
		"strokeFrom": 1,
		"strokeTo": 0,
		"colorFrom": "97FFA8",
		"colorTo": "97FFA8"
	}
"affinities":[ 
	"burning","electrified",
		"melting","disarmed",
		"sapped","shocked","slow","unmoving",
		"corroded",
],
"transitionDamage": 1145,
"opposites":[
	"sapped",
	"freezing",
]
}
