{
	"name":"宇空",
	"description":"在重火力与穿甲破片炮基础上再次升级……/n目标建筑：仓库。"
	"hitSize":45,
	//碰撞箱
    "rotateSpeed":2,
    //转身速度
    "itemCapacity":90,
        "circleTarget":false,
    //物品容量
     //	"details":"目标建筑：仓库。"
    "canDrown":false,
    //能否被淹死
    "buildSpeed":0,
    //建筑速率
   // "type":"flying",
    //空军
   "forceMultiTarget" :true
    "flying":true,
    //是否飞行
    "speed":0.55,
    //移速
      "targetFlags": [
      	"storage"
	],
    "health":16150,
    "lowAltitude":true,
    "engineSize":7,
    //引擎尺寸
    "engineOffset":20,
    //引擎偏移
    "armor":20,
    //护甲
    "research":"灼日",
	"weapons":[
		{"name":"宇空导弹",  
	"mirror":false,
	 "x":0,"y":0,
	"reload":80,
	"shoot":{
	    "shots":8,
	    "shotDelay":1},
	"shootSound":"missile",
	"rotate": true,
	"rotateSpeed":4,
	"inaccuracy":6,
	"bullet":{
	"type":"MissileBulletType",
	"damage": 62,
	"shootEffect":"none",
	"smokeEffect":"none",
	"splashDamageRadius":35,
	"splashDamage":52,
    "lightningDamage":13,
    "lightning":2,
    "lightningLength":10,
	"hitEffect":"flakExplosionBig",
	"despawnEffect":"flakExplosion",
    "width": 8,	"height": 9,
	"speed": 4.5,	"lifetime": 70}},
	{
            "name":"灼日机炮",
            "y":6,
            "x":-12.6,
            "shootY":3,
            "reload":25,
            //射速
            "alternate":true,
            "recoil":1,
            // "reload":30,
            //后坐力
            "shake":1,
            //屏幕摇晃
            "shootSound": "shoot",
            "rotate":true,
            "top":false,
            "bullet": {
                "type": "BasicBulletType",
                "damage":68,
                "width":8,
                //子弹宽度
     "sprite":"合晶工业-重甲弹",
             
                "height":26,
                //子弹长度
                "lifetime":70,
                //子弹存在时间
                "speed":4,
                //子弹飞行速度
                "shootEffect": "shootSmallSmoke",
                }
                }
		{
			"name":"灼日导弹",
			//武器贴图的名字
			"top":true,
			"mirror":true,
			"x":-12,
			   "rotate":true,
			"y":-10,
			"shootSound":"missile",
			"reload":15,
			"recoil":1,
			//后坐力
			"bullet":{
				"damage":62,
				"buildingDamageMultiplier":1.3,
				"splashDamage":63,
                //范围伤害
                "splashDamageRadius":24,
                //范围伤害半径(8:1)
                "status":"blasted",
                "width":12,
                //子弹宽度
                "height":20,
                //子弹长度
				"speed":3,
				"hitEffect":"flakExplosion",
				"lifetime":80,
    			"type":"MissileBulletType"
    			//导弹的type
    			"trailChance":0.4
    			//尾迹产生频率
				}
		},
			{
			"name":"灼日激光",
			//武器贴图的名字
			"top":false,
			"mirror":true,
			"shootY":13,
			"x":14,
			"y":14,
			"reload":60,
			   "rotate":true,
			//射速
			"recoil":1,
			//后坐力
	            "bullet": {
                "type": "BasicBulletType",
                "damage":72,
                "buildingDamageMultiplier":1,
                "smokeEffect": "shootSmallSmoke",
                "sprite":"bullet",//子弹贴图
			"spin": 0,//子弹旋转速度
			"shrinkY": 0,"shrinkX": 0,//子弹变形程度
			"pierce":true,//穿透
			"pierceCap":2,//穿透数量
			"pierceBuilding":true,//穿透建筑
			"homingRange":40,//跟踪半径
	        "homingPower":20,//跟踪力度（1=3000度）
			"speed": 4.8,
			"lifetime":40,
			"width":10,	"height":22,//宽长度
			"ammoMultiplier":2,			                 "backColor":"fdb933",
			//子弹边缘颜色
			"frontColor":"d5c59f",
			//子弹中心颜色
			"trailLength": 5,
            "trailWidth": 1.3,
			"trailColor":"ffc20e",
			//尾迹颜色
			  "fragBullets": 2,
            "fragBullet": {
                "speed": 6.2,
                "damage": 46,
                "lifetime": 10
                	"pierce":true,//穿透
			"pierceCap":2,//穿透数量
			"pierceBuilding":true,//穿透建筑
			"homingRange":40,//跟踪半径
	        "homingPower":20,          "sprite":"bullet",//子弹贴图
                "splashDamageRadius":15,
	    "splashDamage":30,
            },
			"shootEffect": "shootSmall"},
		},
        ]
        	"abilities":[
    		{
			"type": "ForceFieldAbility",
    		"radius":62,
    		//范围
    		"regen":0.6,
    		//每帧盾容回复量
    		"max":1600,
    		//盾容
    		"cooldown":260
    		//被击破后的冷却(8/1s)
		},
	// {"type":"ShieldRegenFieldAbility",//护盾再生场
	// "amount":30//再生值
	// "max":200
	// "reload":300//间隔时间（帧）
	// "range":44//范围
	// }
	],
}