{
//  "type": "PowerTurret",
    "name":"抑渊幕曲",
    "outlineColor": "20202CFF",
    "category":"turret",
    "size":16,
    "description" : "[purple]预知了一场热烈壮观、轰轰烈烈、精彩绝伦的宇宙战场",
    "range":1200,
    "health":1000000,
    "inaccuracy":1.18,
    "rotateSpeed":0.05,
    "armor":8500,
    "reload": 250,
    "shootWarmupSpeed": 0.0187,
    "minWarmup": 0.0180,
    "shoot": {
                "shots": 1,
                "firstShotDelay": 450,
                "type":"ShootBarrel",
	            "barrels":[
        0,52,0
    ]
                },
    "hasPower" : true,
	"shootSound" : "none",
    "shootType" : {
        "type": "empBulletType",
        "layer": 90,
        "keepVelocity": true,
	"speed":10.5,
	"damage":125000000,
	"splashDamageRadius": 1500.00,
    "splashDamage": 5870000.00,
	"inaccuracy":0,
	"lifetime": 480,
	"shrinkY": 0,
	"shrinkX": 0,
	"sprite": "神恒之心-plasma",
    "height": 550,
    "width": 550,
	"trailParam": 2,
    "trailLength": 145,
    "trailWidth": 50,
    "trailColor": "69E0C7FF",
    "backColor": "69E0C7FF",
    "frontColor": "69E0C7FF",
        "timeIncrease": 0,
        "powerDamageScl": 1.0,
        "powerSclDecrease": 1.0,
        "unitDamageScl": 1.0,
        "lightRadius": 1000,
    "parts": [
    {
        "type": "shapePart",
        "circle": true,
        "hollow": true,
        "layer": 110,
        "color": "69E0C7FF",
        "stroke": 35,
        "strokeTo": 35,
        "radiusTo": 125,
        "radius": 125
        },{
        "type": "shapePart",
        "circle": true,
        "layer": 95,
        "color": "000000FF",
        "radiusTo": 109,
        "radius": 109
        },{
        "type": "HaloPart",
        "radius": 90,
        "tri": true,
        "layer": 110,
        "color": "69E0C7FF",
        "shapeRotation": 0,
        "haloRotateSpeed": -1.6,
        "haloRadius": 320,
        "haloRadiusTo": 320,
        "stroke": 39,
        "strokeTo": 39,
        "shapes": 3,
        "triLengthTo": 174,
        "triLength": 174
        },{
        "type": "HaloPart",
        "radius": 90,
        "tri": true,
        "layer": 110,
        "color": "69E0C7FF",
        "shapeRotation": 180,
        "haloRotateSpeed": -1.6,
        "haloRadius": 320,
        "haloRadiusTo": 320,
        "stroke": 39,
        "strokeTo": 39,
        "shapes": 3,
        "triLengthTo": 64,
        "triLength": 64
        },{
        "type": "HaloPart",
        "radius": 110,
        "tri": true,
        "layer": 110,
        "color": "69E0C7FF",
        "shapeRotation": 0,
        "haloRotateSpeed": 0.7,
        "haloRadius": 200,
        "haloRadiusTo": 200,
        "stroke": 69,
        "strokeTo": 69,
        "shapes": 3,
        "triLengthTo": 258,
        "triLength": 258
        },{
        "type": "HaloPart",
        "radius": 110,
        "tri": true,
        "layer": 110,
        "color": "69E0C7FF",
        "shapeRotation": 180,
        "haloRotateSpeed": 0.7,
        "haloRadius": 200,
        "haloRadiusTo": 200,
        "stroke": 69,
        "strokeTo": 69,
        "shapes": 3,
        "triLengthTo": 90,
        "triLength": 90
        },{
        "type": "HaloPart",
        "radius": 210,
        "tri": true,
        "layer": 110,
        "color": "69E0C7FF",
        "shapeRotation": 0,
        "haloRotateSpeed": -2.4,
        "haloRadius": 320,
        "haloRadiusTo": 320,
        "stroke": 39,
        "strokeTo": 39,
        "shapes": 1,
        "triLengthTo": 90,
        "triLength": 90
        },{
        "type": "HaloPart",
        "radius": 68,
        "tri": true,
        "layer": 92,
        "color": "69E0C7FF",
        "shapeRotation": 180,
        "haloRotateSpeed": -2.4,
        "haloRadius": 320,
        "haloRadiusTo": 320,
        "stroke": 120,
        "strokeTo": 120,
        "shapes": 1,
        "triLengthTo": 180,
        "triLength": 180
        },{
        "type": "HaloPart",
        "radius": 180,
        "tri": true,
        "layer": 110,
        "color": "69E0C7FF",
        "shapeRotation": 0,
        "haloRotateSpeed": 1.7,
        "haloRadius": 205,
        "haloRadiusTo": 205,
        "stroke": 39,
        "strokeTo": 39,
        "shapes": 1,
        "triLengthTo": 80,
        "triLength": 80
        },{
        "type": "HaloPart",
        "radius": 28,
        "tri": true,
        "layer": 95,
        "color": "69E0C7FF",
        "shapeRotation": 180,
        "haloRotateSpeed": 1.7,
        "haloRadius": 205,
        "haloRadiusTo": 205,
        "stroke": 120,
        "strokeTo": 120,
        "shapes": 1,
        "triLengthTo": 130,
        "triLength": 130
        },{
        "type": "HaloPart",
        "radius": 320,
        "tri": true,
        "layer": 110,
        "color": "69E0C7FF",
        "shapeRotation": 0,
        "haloRotateSpeed": -0.9,
        "haloRadius": 510,
        "haloRadiusTo": 510,
        "stroke": 78,
        "strokeTo": 78,
        "shapes": 1,
        "triLengthTo": 135,
        "triLength": 135
        },{
        "type": "HaloPart",
        "radius": 110,
        "tri": true,
        "layer": 95,
        "color": "69E0C7FF",
        "shapeRotation": 180,
        "haloRotateSpeed": -0.9,
        "haloRadius": 510,
        "haloRadiusTo": 510,
        "stroke": 188,
        "strokeTo": 188,
        "shapes": 1,
        "triLengthTo": 305,
        "triLength": 305
        },{
        "type": "HaloPart",
        "radius": 220,
        "tri": true,
        "layer": 110,
        "color": "69E0C7FF",
        "shapeRotation": 0,
        "haloRotateSpeed": 1.4,
        "haloRadius": 388,
        "haloRadiusTo": 388,
        "stroke": 78,
        "strokeTo": 78,
        "shapes": 1,
        "triLengthTo": 125,
        "triLength": 125
        },{
        "type": "HaloPart",
        "radius": 50,
        "tri": true,
        "layer": 95,
        "color": "69E0C7FF",
        "shapeRotation": 180,
        "haloRotateSpeed": 1.4,
        "haloRadius": 388,
        "haloRadiusTo": 388,
        "stroke": 188,
        "strokeTo": 188,
        "shapes": 1,
        "triLengthTo": 215,
        "triLength": 215
        }
    ],
        "shootEffect":{
        "type": "MultiEffect",
	    "effects": [
    {
        "type": "ParticleEffect",
        "particles": 77,
        "sizeFrom": 46,
        "sizeTo": 46,
        "length": 810,
        "lifetime": 390,
        "lightOpacity": 5,
        "interp": "circleOut",
        "sizeInterp": "pow5In",
        "colorFrom": "69E0C7FF",
        "colorTo": "69E0C700",
        "cone": 28
    },{
        "type": "ParticleEffect",
        "layer":500,
        "particles": 1,
        "sizeFrom": 100000,
        "sizeTo": 100000,
        "length": 0,
        "lifetime": 300,
        "lightOpacity": 2,
        "interp": "circleOut",
        "sizeInterp": "pow5In",
        "colorFrom": "FFFFFFFF",
        "colorTo": "FFFFFF00",
        "cone": 0
    }
        ]
            },
        "chargeEffect": {
        "type": "MultiEffect",
        "lifetime": 450,
        "rotWithParent": true,
        "followParent": true,
        "effects": [
            {
            "type": "ParticleEffect",
            "particles": 40,
            "sizeFrom": 20,
            "sizeTo": 0,
            "length": -1590,
            "baseLength": 1590,
            "lifetime": 385,
            "colorFrom": "69E0C700",
            "colorTo": "69E0C7FF"
            },{
            "type": "ParticleEffect",
            "particles": 48,
            "sizeFrom": 100,
            "sizeTo": 0,
            "length": -1490,
            "baseLength": 1490,
            "lifetime": 400,
            "colorFrom": "69E0C700",
            "colorTo": "69E0C7FF"
            },{
            "type": "ParticleEffect",
            "particles": 28,
            "sizeFrom": 32,
            "sizeTo": 0,
            "length": -380,
            "baseLength": 380,
            "lifetime": 390,
            "colorFrom": "69E0C700",
            "colorTo": "69E0C7FF"
            },{
            "type": "ParticleEffect",
            "particles": 58,
            "sizeFrom": 50,
            "sizeTo": 0,
            "length": -1280,
            "baseLength": 1280,
            "lifetime": 330,
            "colorFrom": "69E0C700",
            "colorTo": "69E0C7FF"
            },{
            "type": "ParticleEffect",
            "particles": 88,
            "sizeFrom": 29,
            "sizeTo": 0,
            "length": -780,
            "baseLength": 780,
            "lifetime": 450,
            "colorFrom": "69E0C700",
            "colorTo": "69E0C7FF"
            },{
            "type": "WaveEffect",
            "lifetime": 450,
            "sizeFrom": 500,
            "sizeTo": 0,
            "strokeFrom": 0,
            "strokeTo": 25,
            "colorFrom": "69E0C700",
            "colorTo": "69E0C7FF"
            },{
            "type": "WaveEffect",
            "lifetime": 250,
            "sizeFrom": 800,
            "sizeTo": 0,
            "strokeFrom": 0,
            "strokeTo": 10,
            "colorFrom": "69E0C700",
            "colorTo": "69E0C7FF"
            },{
            "type": "WaveEffect",
            "lifetime": 250,
            "sizeFrom": 830,
            "sizeTo": 0,
            "strokeFrom": 0,
            "strokeTo": 10,
            "colorFrom": "69E0C700",
            "colorTo": "69E0C7FF"
            },{
            "type": "WaveEffect",
            "lifetime": 250,
            "sizeFrom": 770,
            "sizeTo": 0,
            "strokeFrom": 0,
            "strokeTo": 10,
            "colorFrom": "69E0C700",
            "colorTo": "69E0C7FF"
            }
        ]
    },
    "despawnEffect": {
    "type": "MultiEffect",
	"effects": [
    {
    "type": "ParticleEffect",
    "layer": 90,
    "particles": 1,
    "lifetime": 45,
    "baseLength": 0,
    "length": 0,
    "spin": 0,
    "region": "神恒之心-black_halo",
    "sizeFrom": 355,
    "sizeTo": 355,
    "colorFrom": "69E0C7FF",
    "colorTo": "69E0C7FF",
    "cone": 0
    },{
        "type": "WaveEffect",
        "lifetime": 45,
        "sizeFrom": 0,
        "sizeTo": 250,
        "strokeFrom": 0,
        "strokeTo": 35,
        "colorFrom": "69E0C7FF",
        "colorTo": "69E0C7FF"
    },{
        "type": "WaveEffect",
        "lifetime": 45,
        "sizeFrom": 0,
        "sizeTo": 1050,
        "strokeFrom": 0,
        "strokeTo": 55,
        "colorFrom": "69E0C7FF",
        "colorTo": "69E0C7FF"
    },{
        "type": "WaveEffect",
        "lifetime": 45,
        "sizeFrom": 0,
        "sizeTo": 1280,
        "strokeFrom": 0,
        "strokeTo": 25,
        "colorFrom": "69E0C7FF",
        "colorTo": "69E0C7FF"
    },{
        "type": "WaveEffect",
        "lifetime": 45,
        "sizeFrom": 0,
        "sizeTo": 660,
        "strokeFrom": 0,
        "strokeTo": 25,
        "colorFrom": "69E0C7FF",
        "colorTo": "69E0C7FF"
    },{
        "type": "WaveEffect",
        "lifetime": 45,
        "sizeFrom": 0,
        "sizeTo": 890,
        "strokeFrom": 0,
        "strokeTo": 20,
        "colorFrom": "69E0C7FF",
        "colorTo": "69E0C7FF"
    }
        ]
            },
        "hitEffect": "none",
	    "smokeEffect":"none",
    "intervalRandomSpread": 360,
    "bulletInterval": 3,
    "intervalBullet": {
    "type": "empBulletType",
        "keepVelocity": true,
	"speed": 0,
	"damage":0,
	"splashDamageRadius": 0.00,
    "splashDamage": 0.00,
	"inaccuracy":0,
	"lifetime": 0.,
    "height": 0,
    "width": 0,
    "backColor": "69E0C7FF",
    "frontColor": "69E0C7FF",
        "timeIncrease": 0,
        "powerDamageScl": 1.0,
        "powerSclDecrease": 1.0,
        "unitDamageScl": 1.0,
        "lightRadius": 1000,
        "despawnEffect": {
    "type": "MultiEffect",
	"effects": [
	{
	    "type": "ParticleEffect",
    "particles": 2,
    "lifetime": 190,
    "length": 1320,
    "interp": "circleOut",
    "sizeInterp": "pow5In",
    "region": "神恒之心-diamond_special_effect",
    "sizeFrom": 215,
    "sizeTo": 0,
    "cone": 360,
    "colorFrom": "69E0C7FF",
    "colorTo": "C3BAFFFF"
	}
	    ]
	},
    "fragBullets": 1,
	"fragBullet": {
    "layer": 90,
    "type": "ContinuousFlameBulletType",
    "colors": [
        "69E0C7FF",
        "69E0C7FF",
        "69E0C7FF",
        "69E0C7FF"
    ],
    "damage": 185000,
    "width": 288.5,
    "drawFlare": false,
    "lifetime": 30
    "hitEffect": {
    "type": "ParticleEffect",
    "line": true,
    "particles": 4,
    "cone": -360,
    "strokeFrom": 2.5,
    "strokeTo": 0,
    "lenFrom": 45,
    "lenTo": 0,
    "colorFrom": "69E0C7FF",
    "colorTo": "69E0C7FF",
    "length": 215,
    "lifetime": 130
    },
    "fragBullets": 4,
	"fragLifeMin": 0.6,
	"fragBullet": {
	"type": "basicBulletType",
    "sprite": "神恒之心-energy-partical",
    "hitEffect": {
    "type": "ParticleEffect",
    "line": true,
    "particles": 8,
    "lifetime": 285,
    "length": 105,
    "cone": -40,
    "lenFrom": 6,
    "lenTo": 6,
    "colorFrom": "69E0C7FF",
    "colorTo": "69E0C7FF"    
    },
    "despawnEffect": {
    "type": "ParticleEffect",
    "particles": 1,
    "lifetime": 280,
    "length": 0,
    "interp": "swingIn",
    "spin": 7,
    "region": "神恒之心-energy-partical-back",
    "sizeFrom": 60,
    "sizeTo": 0,
    "colorFrom": "69E0C7FF",
    "colorTo": "69E0C7FF"   
    },
    "homingPower": 0.07,
    "homingRange": 60,
    "homingDelay": 8,
    "trailColor": "69E0C7FF",
    "trailLength": 24,
    "trailWidth": 4,
    "lifetime": 380,
    "damage": 480000,
    "statusDuration": 6000,
    "status": "命运印章",
    "speed": 6,
    "width": 120,
    "height": 120,
    "backColor": "69E0C7FF",
    "frontColor": "69E0C7FF",
    "fragBullets": 1,
	"fragBullet": {
	    "type": "basicBulletType",
	    "collidesAir": false,
        "collidesTiles": false,
        "collidesGround": false,
	    "lifetime": 280,
        "damage": 0,
        "splashDamageRadius": 450.00,
        "splashDamage": 580000.00,
        "statusDuration": 6000,
        "status": "命运印章",
        "backColor": "69E0C7FF",
        "frontColor": "69E0C7FF",
        "speed": 0,
        "width": 0,
        "height": 0,
    "smokeEffect":"none",
    "hitEffect": "none",
    "despawnEffect": {
        "type": "ParticleEffect",
        "region": "神恒之心-energy-partical-back",
        "spin": 3.5,
        "particles": 12,
        "sizeFrom": 28,
        "sizeTo": 0,
        "length": 180,
        "lifetime": 65,
        "lightOpacity": 0,
        "interp": "swingIn",
        "sizeInterp": "pow5In",
        "colorFrom": "69E0C7FF",
        "colorTo": "69E0C7FF",
        "cone": 360
    },
    "intervalBullets": 1,
    "intervalRandomSpread": 360,
    "bulletInterval": 5,
    "intervalBullet": {
        "type": "basicBulletType",
	    "lifetime": 1,
        "damage": 0,
        "splashDamageRadius": 450.00,
        "splashDamage": 25000.00,
        "statusDuration": 6000,
        "status": "黑洞吞噬",
        "backColor": "69E0C7FF",
        "frontColor": "69E0C7FF",
        "speed": 0,
        "width": 0,
        "height": 0,
    "hitEffect": "none",
	"smokeEffect":"none",
    "despawnEffect": {
    "type": "ParticleEffect",
    "layer": 110,
    "particles": 2,
    "lifetime": 20,
    "baseLength": 0,
    "length": 100,
    "spin": -0.9,
    "region": "神恒之心-energy-partical",
    "sizeFrom": 50,
    "sizeTo": 0,
    "colorFrom": "69E0C7FF",
    "colorTo": "69E0C7FF",
    "cone": 0
    }
        }
                }
            }
        }
    },
            "fragBullets": 1,
	        "fragBullet": {
	    "type": "basicBulletType",
	    "lifetime": 45,
        "damage": 0,
        "splashDamageRadius": 700.00,
        "splashDamage": 50000.00,
        "statusDuration": 6000,
        "status": "次元破折",
        "backColor": "69E0C7FF",
        "frontColor": "69E0C7FF",
        "speed": 0,
        "width": 1,
        "height": 1,
    "despawnEffect": {
    "type": "MultiEffect",
	"effects": [
	{
    "type": "ParticleEffect",
    "layer": 90,
    "particles": 1,
    "lifetime": 45,
    "baseLength": 0,
    "length": 0,
    "spin": 0,
    "region": "神恒之心-black_halo",
    "sizeFrom": 555,
    "sizeTo": 355,
    "colorFrom": "69E0C7FF",
    "colorTo": "69E0C7FF",
    "cone": 0
    },{
        "type": "WaveEffect",
        "lifetime": 45,
        "sizeFrom": 340,
        "sizeTo": 250,
        "strokeFrom": 35,
        "strokeTo": 35,
        "colorFrom": "69E0C7FF",
        "colorTo": "69E0C7FF"
    },{
        "type": "WaveEffect",
        "lifetime": 45,
        "sizeFrom": 1850,
        "sizeTo": 1050,
        "strokeFrom": 55,
        "strokeTo": 55,
        "colorFrom": "69E0C7FF",
        "colorTo": "69E0C7FF"
    },{
        "type": "WaveEffect",
        "lifetime": 45,
        "sizeFrom": 1680,
        "sizeTo": 1280,
        "strokeFrom": 25,
        "strokeTo": 25,
        "colorFrom": "69E0C7FF",
        "colorTo": "69E0C7FF"
    },{
        "type": "WaveEffect",
        "lifetime": 45,
        "sizeFrom": 990,
        "sizeTo": 660,
        "strokeFrom": 25,
        "strokeTo": 25,
        "colorFrom": "69E0C7FF",
        "colorTo": "69E0C7FF"
    },{
        "type": "WaveEffect",
        "lifetime": 45,
        "sizeFrom": 1200,
        "sizeTo": 890,
        "strokeFrom": 20,
        "strokeTo": 20,
        "colorFrom": "69E0C7FF",
        "colorTo": "69E0C7FF"
    }
        ]
	        },
	    "hitEffect": "none",
	    "smokeEffect":"none",
	        "fragBullets": 1,
	        "fragBullet": {
	    "type": "basicBulletType",
	    "lifetime": 20,
        "damage": 0,
        "splashDamageRadius": 700.00,
        "splashDamage": 50000.00,
        "statusDuration": 6000,
        "status": "黑洞吞噬",
        "backColor": "69E0C7FF",
        "frontColor": "69E0C7FF",
        "speed": 0,
        "width": 1,
        "height": 1,
    "despawnEffect": {
    "type": "MultiEffect",
	"effects": [
	{
    "type": "ParticleEffect",
    "layer": 90,
    "particles": 1,
    "lifetime": 20,
    "baseLength": 0,
    "length": 0,
    "spin": 0,
    "region": "神恒之心-black_halo",
    "sizeFrom": 855,
    "sizeTo": 355,
    "colorFrom": "69E0C7FF",
    "colorTo": "69E0C7FF",
    "cone": 0
    },{
        "type": "WaveEffect",
        "lifetime": 20,
        "sizeFrom": 340,
        "sizeTo": 250,
        "strokeFrom": 35,
        "strokeTo": 35,
        "colorFrom": "69E0C7FF",
        "colorTo": "69E0C7FF"
    },{
        "type": "WaveEffect",
        "lifetime": 20,
        "sizeFrom": 1850,
        "sizeTo": 1050,
        "strokeFrom": 55,
        "strokeTo": 55,
        "colorFrom": "69E0C7FF",
        "colorTo": "69E0C7FF"
    },{
        "type": "WaveEffect",
        "lifetime": 20,
        "sizeFrom": 1680,
        "sizeTo": 1280,
        "strokeFrom": 25,
        "strokeTo": 25,
        "colorFrom": "69E0C7FF",
        "colorTo": "69E0C7FF"
    },{
        "type": "WaveEffect",
        "lifetime": 20,
        "sizeFrom": 990,
        "sizeTo": 660,
        "strokeFrom": 25,
        "strokeTo": 25,
        "colorFrom": "69E0C7FF",
        "colorTo": "69E0C7FF"
    },{
        "type": "WaveEffect",
        "lifetime": 20,
        "sizeFrom": 1200,
        "sizeTo": 890,
        "strokeFrom": 20,
        "strokeTo": 20,
        "colorFrom": "69E0C7FF",
        "colorTo": "69E0C7FF"
    },{
        "type": "WaveEffect",
        "lifetime": 20,
        "sizeFrom": 600,
        "sizeTo": 890,
        "strokeFrom": 20,
        "strokeTo": 20,
        "colorFrom": "69E0C7FF",
        "colorTo": "69E0C7FF"
    }
        ]
	        },
	    "hitEffect": "none",
	    "smokeEffect":"none",
	        "fragBullets": 1,
	        "fragBullet": {
	    "type": "basicBulletType",
	    "lifetime": 20,
        "damage": 0,
        "splashDamageRadius": 700.00,
        "splashDamage": 50000.00,
        "statusDuration": 6000,
        "status": "次元破折",
        "backColor": "69E0C7FF",
        "frontColor": "69E0C7FF",
        "speed": 0,
        "width": 0,
        "height": 0,
    "despawnEffect": {
    "type": "MultiEffect",
	"effects": [
	{
    "type": "ParticleEffect",
    "layer": 90,
    "particles": 1,
    "lifetime": 880,
    "baseLength": 0,
    "length": 0,
    "spin": 0,
    "region": "神恒之心-black_halo",
    "sizeFrom": 355,
    "sizeTo": 355,
    "colorFrom": "69E0C7FF",
    "colorTo": "69E0C7FF",
    "cone": 0
    },{
        "type": "WaveEffect",
        "lifetime": 80,
        "sizeFrom": 250,
        "sizeTo": 340,
        "strokeFrom": 35,
        "strokeTo": 35,
        "colorFrom": "69E0C7FF",
        "colorTo": "69E0C7FF"
    },{
        "type": "WaveEffect",
        "lifetime": 80,
        "sizeFrom": 1050,
        "sizeTo": 2050,
        "strokeFrom": 55,
        "strokeTo": 55,
        "colorFrom": "69E0C7FF",
        "colorTo": "69E0C7FF"
    },{
        "type": "WaveEffect",
        "lifetime": 80,
        "sizeFrom": 1280,
        "sizeTo": 2080,
        "strokeFrom": 25,
        "strokeTo": 25,
        "colorFrom": "69E0C7FF",
        "colorTo": "69E0C7FF"
    },{
        "type": "WaveEffect",
        "lifetime": 80,
        "sizeFrom": 660,
        "sizeTo": 990,
        "strokeFrom": 25,
        "strokeTo": 25,
        "colorFrom": "69E0C7FF",
        "colorTo": "69E0C7FF"
    },{
        "type": "WaveEffect",
        "lifetime": 80,
        "sizeFrom": 890,
        "sizeTo": 1490,
        "strokeFrom": 20,
        "strokeTo": 20,
        "colorFrom": "69E0C7FF",
        "colorTo": "69E0C7FF"
    },{
        "type": "WaveEffect",
        "lifetime": 80,
        "sizeFrom": 890,
        "sizeTo": 390,
        "strokeFrom": 20,
        "strokeTo": 20,
        "colorFrom": "69E0C7FF",
        "colorTo": "69E0C7FF"
    }
        ]
	        },
	    "hitEffect": "none",
	    "smokeEffect":"none",
	        "fragBullets": 1,
	        "fragBullet": {
	    "type": "basicBulletType",
	    "lifetime": 80,
        "damage": 0,
        "splashDamageRadius": 700.00,
        "splashDamage": 50000.00,
        "statusDuration": 6000,
        "status": "黑洞吞噬",
        "backColor": "69E0C7FF",
        "frontColor": "69E0C7FF",
        "speed": 0,
        "width": 0,
        "height": 0,
    "despawnEffect": {
    "type": "MultiEffect",
	"effects": [
	{
        "type": "WaveEffect",
        "lifetime": 80,
        "sizeFrom": 340,
        "sizeTo": 300,
        "strokeFrom": 35,
        "strokeTo": 35,
        "colorFrom": "69E0C7FF",
        "colorTo": "69E0C7FF"
    },{
        "type": "WaveEffect",
        "lifetime": 80,
        "sizeFrom": 2050,
        "sizeTo": 1250,
        "strokeFrom": 55,
        "strokeTo": 55,
        "colorFrom": "69E0C7FF",
        "colorTo": "69E0C7FF"
    },{
        "type": "WaveEffect",
        "lifetime": 80,
        "sizeFrom": 2080,
        "sizeTo": 2380,
        "strokeFrom": 25,
        "strokeTo": 25,
        "colorFrom": "69E0C7FF",
        "colorTo": "69E0C7FF"
    },{
        "type": "WaveEffect",
        "lifetime": 80,
        "sizeFrom": 990,
        "sizeTo": 750,
        "strokeFrom": 25,
        "strokeTo": 25,
        "colorFrom": "69E0C7FF",
        "colorTo": "69E0C7FF"
    },{
        "type": "WaveEffect",
        "lifetime": 80,
        "sizeFrom": 1490,
        "sizeTo": 290,
        "strokeFrom": 20,
        "strokeTo": 20,
        "colorFrom": "69E0C7FF",
        "colorTo": "69E0C7FF"
    },{
        "type": "WaveEffect",
        "lifetime": 80,
        "sizeFrom": 390,
        "sizeTo": 690,
        "strokeFrom": 20,
        "strokeTo": 20,
        "colorFrom": "69E0C7FF",
        "colorTo": "69E0C7FF"
    }
        ]
	        },
	    "hitEffect": "none",
	    "smokeEffect":"none",
	        "fragBullets": 1,
	        "fragBullet": {
	    "type": "basicBulletType",
	    "lifetime": 80,
        "damage": 0,
        "splashDamageRadius": 700.00,
        "splashDamage": 50000.00,
        "statusDuration": 6000,
        "status": "黑洞吞噬",
        "backColor": "69E0C7FF",
        "frontColor": "69E0C7FF",
        "speed": 0,
        "width": 0,
        "height": 0,
    "despawnEffect": {
    "type": "MultiEffect",
	"effects": [
	{
        "type": "WaveEffect",
        "lifetime": 80,
        "sizeFrom": 300,
        "sizeTo": 900,
        "strokeFrom": 35,
        "strokeTo": 35,
        "colorFrom": "69E0C7FF",
        "colorTo": "69E0C7FF"
    },{
        "type": "WaveEffect",
        "lifetime": 80,
        "sizeFrom": 1250,
        "sizeTo": 1850,
        "strokeFrom": 55,
        "strokeTo": 55,
        "colorFrom": "69E0C7FF",
        "colorTo": "69E0C7FF"
    },{
        "type": "WaveEffect",
        "lifetime": 80,
        "sizeFrom": 2380,
        "sizeTo": 1130,
        "strokeFrom": 25,
        "strokeTo": 25,
        "colorFrom": "69E0C7FF",
        "colorTo": "69E0C7FF"
    },{
        "type": "WaveEffect",
        "lifetime": 80,
        "sizeFrom": 750,
        "sizeTo": 1450,
        "strokeFrom": 25,
        "strokeTo": 25,
        "colorFrom": "69E0C7FF",
        "colorTo": "69E0C7FF"
    },{
        "type": "WaveEffect",
        "lifetime": 80,
        "sizeFrom": 290,
        "sizeTo": 870,
        "strokeFrom": 20,
        "strokeTo": 20,
        "colorFrom": "69E0C7FF",
        "colorTo": "69E0C7FF"
    },{
        "type": "WaveEffect",
        "lifetime": 80,
        "sizeFrom": 690,
        "sizeTo": 750,
        "strokeFrom": 20,
        "strokeTo": 20,
        "colorFrom": "69E0C7FF",
        "colorTo": "69E0C7FF"
    }
        ]
	        },
	    "hitEffect": "none",
	    "smokeEffect":"none",
	        "fragBullets": 1,
	        "fragBullet": {
	    "type": "basicBulletType",
	    "lifetime": 80,
        "damage": 0,
        "splashDamageRadius": 700.00,
        "splashDamage": 50000.00,
        "statusDuration": 6000,
        "status": "黑洞吞噬",
        "backColor": "69E0C7FF",
        "frontColor": "69E0C7FF",
        "speed": 0,
        "width": 0,
        "height": 0,
    "despawnEffect": {
    "type": "MultiEffect",
	"effects": [
	{
        "type": "WaveEffect",
        "lifetime": 80,
        "sizeFrom": 900,
        "sizeTo": 1800,
        "strokeFrom": 35,
        "strokeTo": 75,
        "colorFrom": "69E0C7FF",
        "colorTo": "69E0C7FF"
    },{
        "type": "WaveEffect",
        "lifetime": 80,
        "sizeFrom": 1850,
        "sizeTo": 700,
        "strokeFrom": 55,
        "strokeTo": 35,
        "colorFrom": "69E0C7FF",
        "colorTo": "69E0C7FF"
    },{
        "type": "WaveEffect",
        "lifetime": 80,
        "sizeFrom": 1130,
        "sizeTo": 1630,
        "strokeFrom": 25,
        "strokeTo": 45,
        "colorFrom": "69E0C7FF",
        "colorTo": "69E0C7FF"
    },{
        "type": "WaveEffect",
        "lifetime": 80,
        "sizeFrom": 1130,
        "sizeTo": 1790,
        "strokeFrom": 25,
        "strokeTo": 35,
        "colorFrom": "69E0C7FF",
        "colorTo": "69E0C7FF"
    },{
        "type": "WaveEffect",
        "lifetime": 80,
        "sizeFrom": 1450,
        "sizeTo": 2550,
        "strokeFrom": 25,
        "strokeTo": 85,
        "colorFrom": "69E0C7FF",
        "colorTo": "69E0C7FF"
    },{
        "type": "WaveEffect",
        "lifetime": 80,
        "sizeFrom": 870,
        "sizeTo": 790,
        "strokeFrom": 20,
        "strokeTo": 40,
        "colorFrom": "69E0C7FF",
        "colorTo": "69E0C7FF"
    },{
        "type": "WaveEffect",
        "lifetime": 80,
        "sizeFrom": 750,
        "sizeTo": 2200,
        "strokeFrom": 20,
        "strokeTo": 40,
        "colorFrom": "69E0C7FF",
        "colorTo": "69E0C7FF"
    },{
        "type": "WaveEffect",
        "lifetime": 80,
        "sizeFrom": 750,
        "sizeTo": 600,
        "strokeFrom": 20,
        "strokeTo": 40,
        "colorFrom": "69E0C7FF",
        "colorTo": "69E0C7FF"
    }
        ]
	        },
	    "hitEffect": "none",
	    "smokeEffect":"none",
	        "fragBullets": 1,
	        "fragBullet": {
	    "type": "basicBulletType",
	    "lifetime": 80,
        "damage": 0,
        "splashDamageRadius": 700.00,
        "splashDamage": 50000.00,
        "statusDuration": 6000,
        "status": "次元破折",
        "backColor": "69E0C7FF",
        "frontColor": "69E0C7FF",
        "speed": 0,
        "width": 0,
        "height": 0,
    "despawnEffect": {
    "type": "MultiEffect",
	"effects": [
	{
        "type": "WaveEffect",
        "lifetime": 80,
        "sizeFrom": 1800,
        "sizeTo": 2500,
        "strokeFrom": 75,
        "strokeTo": 125,
        "colorFrom": "69E0C7FF",
        "colorTo": "69E0C7FF"
    },{
        "type": "WaveEffect",
        "lifetime": 80,
        "sizeFrom": 700,
        "sizeTo": 1500,
        "strokeFrom": 35,
        "strokeTo": 85,
        "colorFrom": "69E0C7FF",
        "colorTo": "69E0C7FF"
    },{
        "type": "WaveEffect",
        "lifetime": 80,
        "sizeFrom": 1630,
        "sizeTo": 1330,
        "strokeFrom": 45,
        "strokeTo": 30,
        "colorFrom": "69E0C7FF",
        "colorTo": "69E0C7FF"
    },{
        "type": "WaveEffect",
        "lifetime": 80,
        "sizeFrom": 1790,
        "sizeTo": 1190,
        "strokeFrom": 35,
        "strokeTo": 25,
        "colorFrom": "69E0C7FF",
        "colorTo": "69E0C7FF"
    },{
        "type": "WaveEffect",
        "lifetime": 80,
        "sizeFrom": 2550,
        "sizeTo": 2000,
        "strokeFrom": 85,
        "strokeTo": 70,
        "colorFrom": "69E0C7FF",
        "colorTo": "69E0C7FF"
    },{
        "type": "WaveEffect",
        "lifetime": 80,
        "sizeFrom": 790,
        "sizeTo": 910,
        "strokeFrom": 40,
        "strokeTo": 30,
        "colorFrom": "69E0C7FF",
        "colorTo": "69E0C7FF"
    },{
        "type": "WaveEffect",
        "lifetime": 80,
        "sizeFrom": 2200,
        "sizeTo": 2000,
        "strokeFrom": 40,
        "strokeTo": 40,
        "colorFrom": "69E0C7FF",
        "colorTo": "69E0C7FF"
    },{
        "type": "WaveEffect",
        "lifetime": 80,
        "sizeFrom": 600,
        "sizeTo": 1290,
        "strokeFrom": 40,
        "strokeTo": 40,
        "colorFrom": "69E0C7FF",
        "colorTo": "69E0C7FF"
    }
        ]
	        },
	    "hitEffect": "none",
	    "smokeEffect":"none",
	        "fragBullets": 1,
	        "fragBullet": {
	    "type": "basicBulletType",
	    "lifetime": 80,
        "damage": 0,
        "splashDamageRadius": 700.00,
        "splashDamage": 50000.00,
        "statusDuration": 6000,
        "status": "次元破折",
        "backColor": "69E0C7FF",
        "frontColor": "69E0C7FF",
        "speed": 0,
        "width": 0,
        "height": 0,
    "despawnEffect": {
    "type": "MultiEffect",
	"effects": [
	{
        "type": "WaveEffect",
        "lifetime": 80,
        "sizeFrom": 2500,
        "sizeTo": 800,
        "strokeFrom": 125,
        "strokeTo": 125,
        "colorFrom": "69E0C7FF",
        "colorTo": "69E0C7FF"
    },{
        "type": "WaveEffect",
        "lifetime": 80,
        "sizeFrom": 1500,
        "sizeTo": 2180,
        "strokeFrom": 85,
        "strokeTo": 85,
        "colorFrom": "69E0C7FF",
        "colorTo": "69E0C7FF"
    },{
        "type": "WaveEffect",
        "lifetime": 80,
        "sizeFrom": 1330,
        "sizeTo": 1790,
        "strokeFrom": 30,
        "strokeTo": 30,
        "colorFrom": "69E0C7FF",
        "colorTo": "69E0C7FF"
    },{
        "type": "WaveEffect",
        "lifetime": 80,
        "sizeFrom": 1190,
        "sizeTo": 2590,
        "strokeFrom": 25,
        "strokeTo": 95,
        "colorFrom": "69E0C7FF",
        "colorTo": "69E0C7FF"
    },{
        "type": "WaveEffect",
        "lifetime": 80,
        "sizeFrom": 2000,
        "sizeTo": 1500,
        "strokeFrom": 70,
        "strokeTo": 70,
        "colorFrom": "69E0C7FF",
        "colorTo": "69E0C7FF"
    },{
        "type": "WaveEffect",
        "lifetime": 80,
        "sizeFrom": 910,
        "sizeTo": 1910,
        "strokeFrom": 30,
        "strokeTo": 30,
        "colorFrom": "69E0C7FF",
        "colorTo": "69E0C7FF"
    },{
        "type": "WaveEffect",
        "lifetime": 80,
        "sizeFrom": 2000,
        "sizeTo": 1330,
        "strokeFrom": 40,
        "strokeTo": 40,
        "colorFrom": "69E0C7FF",
        "colorTo": "69E0C7FF"
    },{
        "type": "WaveEffect",
        "lifetime": 80,
        "sizeFrom": 1290,
        "sizeTo": 2380,
        "strokeFrom": 40,
        "strokeTo": 50,
        "colorFrom": "69E0C7FF",
        "colorTo": "69E0C7FF"
    }
        ]
	        },
	    "hitEffect": "none",
	    "smokeEffect":"none",
	        "fragBullets": 1,
	        "fragBullet": {
	    "type": "basicBulletType",
	    "lifetime": 80,
        "damage": 0,
        "splashDamageRadius": 700.00,
        "splashDamage": 50000.00,
        "statusDuration": 6000,
        "status": "次元破折",
        "backColor": "69E0C7FF",
        "frontColor": "69E0C7FF",
        "speed": 0,
        "width": 0,
        "height": 0,
    "despawnEffect": {
    "type": "MultiEffect",
	"effects": [
	{
        "type": "WaveEffect",
        "lifetime": 80,
        "sizeFrom": 800,
        "sizeTo": 1700,
        "strokeFrom": 125,
        "strokeTo": 125,
        "colorFrom": "69E0C7FF",
        "colorTo": "69E0C7FF"
    },{
        "type": "WaveEffect",
        "lifetime": 80,
        "sizeFrom": 2180,
        "sizeTo": 750,
        "strokeFrom": 85,
        "strokeTo": 85,
        "colorFrom": "69E0C7FF",
        "colorTo": "69E0C7FF"
    },{
        "type": "WaveEffect",
        "lifetime": 80,
        "sizeFrom": 1790,
        "sizeTo": 1390,
        "strokeFrom": 30,
        "strokeTo": 50,
        "colorFrom": "69E0C7FF",
        "colorTo": "69E0C7FF"
    },{
        "type": "WaveEffect",
        "lifetime": 80,
        "sizeFrom": 2590,
        "sizeTo": 1999,
        "strokeFrom": 95,
        "strokeTo": 95,
        "colorFrom": "69E0C7FF",
        "colorTo": "69E0C7FF"
    },{
        "type": "WaveEffect",
        "lifetime": 80,
        "sizeFrom": 1500,
        "sizeTo": 900,
        "strokeFrom": 70,
        "strokeTo": 70,
        "colorFrom": "69E0C7FF",
        "colorTo": "69E0C7FF"
    },{
        "type": "WaveEffect",
        "lifetime": 80,
        "sizeFrom": 1910,
        "sizeTo": 2410,
        "strokeFrom": 30,
        "strokeTo": 120,
        "colorFrom": "69E0C7FF",
        "colorTo": "69E0C7FF"
    },{
        "type": "WaveEffect",
        "lifetime": 80,
        "sizeFrom": 1330,
        "sizeTo": 1080,
        "strokeFrom": 40,
        "strokeTo": 50,
        "colorFrom": "69E0C7FF",
        "colorTo": "69E0C7FF"
    },{
        "type": "WaveEffect",
        "lifetime": 80,
        "sizeFrom": 2380,
        "sizeTo": 1428,
        "strokeFrom": 50,
        "strokeTo": 50,
        "colorFrom": "69E0C7FF",
        "colorTo": "69E0C7FF"
    }
        ]
	        },
	    "hitEffect": "none",
	    "smokeEffect":"none",
	        "fragBullets": 1,
	        "fragBullet": {
	    "type": "basicBulletType",
	    "lifetime": 80,
        "damage": 0,
        "splashDamageRadius": 700.00,
        "splashDamage": 50000.00,
        "statusDuration": 6000,
        "status": "黑洞吞噬",
        "backColor": "69E0C7FF",
        "frontColor": "69E0C7FF",
        "speed": 0,
        "width": 0,
        "height": 0,
    "despawnEffect": {
    "type": "MultiEffect",
	"effects": [
	{
        "type": "WaveEffect",
        "lifetime": 320,
        "sizeFrom": 1700,
        "sizeTo": 335,
        "strokeFrom": 125,
        "strokeTo": 125,
        "colorFrom": "69E0C7FF",
        "colorTo": "69E0C7FF"
    },{
        "type": "WaveEffect",
        "lifetime": 320,
        "sizeFrom": 750,
        "sizeTo": 335,
        "strokeFrom": 85,
        "strokeTo": 125,
        "colorFrom": "69E0C7FF",
        "colorTo": "69E0C7FF"
    },{
        "type": "WaveEffect",
        "lifetime": 320,
        "sizeFrom": 1390,
        "sizeTo": 335,
        "strokeFrom": 50,
        "strokeTo": 125,
        "colorFrom": "69E0C7FF",
        "colorTo": "69E0C7FF"
    },{
        "type": "WaveEffect",
        "lifetime": 320,
        "sizeFrom": 1990,
        "sizeTo": 335,
        "strokeFrom": 125,
        "strokeTo": 125,
        "colorFrom": "69E0C7FF",
        "colorTo": "69E0C7FF"
    },{
        "type": "WaveEffect",
        "lifetime": 320,
        "sizeFrom": 900,
        "sizeTo": 335,
        "strokeFrom": 70,
        "strokeTo": 125,
        "colorFrom": "69E0C7FF",
        "colorTo": "69E0C7FF"
    },{
        "type": "WaveEffect",
        "lifetime": 320,
        "sizeFrom": 2410,
        "sizeTo": 335,
        "strokeFrom": 120,
        "strokeTo": 125,
        "colorFrom": "69E0C7FF",
        "colorTo": "69E0C7FF"
    },{
        "type": "WaveEffect",
        "lifetime": 320,
        "sizeFrom": 1080,
        "sizeTo": 335,
        "strokeFrom": 50,
        "strokeTo": 125,
        "colorFrom": "69E0C7FF",
        "colorTo": "69E0C7FF"
    },{
        "type": "WaveEffect",
        "lifetime": 320,
        "sizeFrom": 1428,
        "sizeTo": 335,
        "strokeFrom": 50,
        "strokeTo": 125,
        "colorFrom": "69E0C7FF",
        "colorTo": "69E0C7FF"
    }
        ]
	        },
	    "hitEffect": "none",
	    "smokeEffect":"none",
	        "fragBullets": 1,
	        "fragBullet": {
	    "type": "basicBulletType",
	    "lifetime": 320,
        "damage": 0,
        "splashDamageRadius": 800.00,
        "splashDamage": 80000.00,
        "statusDuration": 6000,
        "status": "次元破折",
        "backColor": "69E0C7FF",
        "frontColor": "69E0C7FF",
        "speed": 0,
        "width": 0,
        "height": 0,
        "despawnEffect": {
    "type": "MultiEffect",
	"effects": [
	{
	    "type": "ParticleEffect",
        "particles": 5,
        "lifetime": 25,
        "length": 820,
        "interp": "circleOut",
        "sizeInterp": "pow5In",
        "region": "神恒之心-explosive_debris",
        "sizeFrom": 155,
        "sizeTo": 0,
        "cone": 360,
        "colorFrom": "69E0C7FF",
        "colorTo": "C3BAFFFF"
	},{
	    "type": "ParticleEffect",
        "particles": 5,
        "lifetime": 25,
        "length": 820,
        "interp": "circleOut",
        "sizeInterp": "pow5In",
        "region": "神恒之心-explosive_debris_back",
        "sizeFrom": 155,
        "sizeTo": 0,
        "cone": 360,
        "colorFrom": "69E0C7FF",
        "colorTo": "C3BAFFFF"
	}
	    ]
	        },
	    "hitEffect": "none",
	    "smokeEffect":"none",
        "intervalBullets": 1,
        "intervalRandomSpread": 360,
        "bulletInterval": 7,
        "intervalBullet": {
    "type":"EmpBulletType",
	"spawnUnit": "神恒之心-闪电黑洞",
	"collidesAir":false
	"collidesGround":false,
		"pierce": true,
		"pierceBuilding": true,
	    "keepVelocity": false,
		"timeIncrease": 0,
		"powerDamageScl":1,
		"powerSclDecrease":1,
		"unitDamageScl": 1
                    },
        "fragBullets": 1,
	    "fragBullet": {
	"type": "basicBulletType",
	    "lifetime": 320,
        "damage": 500,
        "splashDamageRadius": 1000.00,
        "splashDamage": 5000.00,
        "statusDuration": 600,
        "status": "黑洞吞噬",
        "backColor": "69E0C7FF",
        "frontColor": "69E0C7FF",
        "speed": 0,
        "width": 0,
        "height": 0,
        "despawnEffect": {
    "type": "MultiEffect",
	"effects": [
	{
        "type": "ParticleEffect",
    "layer": 90,
    "particles": 1,
    "lifetime": 300,
    "baseLength": 0,
    "length": 0,
    "spin": 0,
    "region": "神恒之心-black_halo",
    "sizeFrom": 355,
    "sizeTo": 0,
    "colorFrom": "69E0C7FF",
    "colorTo": "69E0C7FF",
    "cone": 360
    }
        ]
            },
        "hitEffect": "none",
	    "smokeEffect":"none",
            "intervalBullets": 3,
        "intervalRandomSpread": 360,
        "bulletInterval": 6,
        "intervalBullet": {
        "type": "empBulletType",
        "keepVelocity": true,
	"speed":0.1,
	"damage":12000,
	"splashDamageRadius": 180.00,
    "splashDamage": 10000.00,
	"inaccuracy":0,
	"lifetime": 88,
	"shrinkY": 0,
	"shrinkX": 0,
	"sprite": "神恒之心-energy-partical-back",
	"drag":-0.08,
	"spin": -2,
    "height": 50,
    "width": 50,
	"trailParam": 2,
    "trailLength": 105,
    "trailWidth": 10,
    "trailColor": "69E0C7FF",
    "backColor": "69E0C7FF",
    "frontColor": "69E0C7FF",
        "timeIncrease": 0,
        "powerDamageScl": 1.0,
        "powerSclDecrease": 1.0,
        "unitDamageScl": 1.0,
        "lightRadius": 1000,
        "despawnEffect": {
    "type": "MultiEffect",
	"effects": [
	{
        "type": "ParticleEffect",
    "layer": 110,
    "particles": 3,
    "lifetime": 330,
    "baseLength": 0,
    "length": 4500,
    "sizeFrom": 205,
    "sizeTo": 205,
    "colorFrom": "69E0C7FF",
    "colorTo": "69E0C700",
    "cone": 360
    },{
        "type": "ParticleEffect",
    "layer": 110,
    "particles": 3,
    "lifetime": 330,
    "baseLength": 0,
    "length": 4500,
    "sizeFrom": 205,
    "sizeTo": 205,
    "colorFrom": "C3BAFFFF",
    "colorTo": "C3BAFF00",
    "cone": 360
    }
        ]
            },
        "hitEffect": "none",
	    "smokeEffect":"none",
	        "fragBullets": 3,
	"fragLifeMin": 0.9,
	"fragBullet": {
	    "type": "empBulletType",
        "keepVelocity": true,
	"speed":0.1,
	"damage":4000,
	"splashDamageRadius": 60.00,
    "splashDamage": 6000.00,
	"inaccuracy":0,
	"lifetime": 34,
	"shrinkY": 0,
	"shrinkX": 0,
	"sprite": "神恒之心-energy-partical-back",
	"drag":-0.03,
	"spin": -2,
    "height": 20,
    "width": 20,
	"trailParam": 2,
    "trailLength": 105,
    "trailWidth": 10,
    "trailColor": "69E0C7FF",
    "backColor": "69E0C7FF",
    "frontColor": "69E0C7FF",
        "timeIncrease": 0,
        "powerDamageScl": 1.0,
        "powerSclDecrease": 1.0,
        "unitDamageScl": 1.0,
        "lightRadius": 1000,
        "despawnEffect": {
    "type": "MultiEffect",
	"effects": [
	{
        "type": "ParticleEffect",
    "layer": 110,
    "particles": 3,
    "lifetime": 250,
    "baseLength": 0,
    "length": 2990,
    "sizeFrom": 155,
    "sizeTo": 155,
    "colorFrom": "69E0C7FF",
    "colorTo": "69E0C700",
    "cone": 360
    },{
        "type": "ParticleEffect",
    "layer": 110,
    "particles": 3,
    "lifetime": 250,
    "baseLength": 0,
    "length": 2990,
    "sizeFrom": 155,
    "sizeTo": 155,
    "colorFrom": "C3BAFFFF",
    "colorTo": "C3BAFF00",
    "cone": 360
    }
        ]
            }
	}
        },
        "fragBullets": 1,
	    "fragBullet": {
	    "type": "basicBulletType",
	    "lifetime": 255,
        "damage": 0,
        "splashDamageRadius": 800.00,
        "splashDamage": 47000.00,
        "statusDuration": 3000,
        "status": "次元破折",
        "backColor": "69E0C7FF",
        "frontColor": "69E0C7FF",
        "speed": 0,
        "width": 0,
        "height": 0,
        "despawnEffect": {
    "type": "MultiEffect",
	"effects": [
	{
	    "type": "ParticleEffect",
        "particles":32,
        "lifetime": 335,
        "length": 5020,
        "interp": "circleOut",
        "sizeInterp": "pow5In",
        "region": "神恒之心-explosive_debris",
        "sizeFrom": 155,
        "sizeTo": 155,
        "spin": -2.5,
        "cone": 360,
        "colorFrom": "69E0C7FF",
        "colorTo": "C3BAFF00"
	},{
	    "type": "ParticleEffect",
        "particles": 32,
        "lifetime": 335,
        "length": 5020,
        "interp": "circleOut",
        "sizeInterp": "pow5In",
        "region": "神恒之心-diamond_special_effect",
        "sizeFrom": 155,
        "sizeTo": 155,
        "spin": -2.5,
        "cone": 360,
        "colorFrom": "69E0C7FF",
        "colorTo": "C3BAFF00"
	}
	    ]
	        },
	    "hitEffect": "none",
	    "smokeEffect":"none",
	    "fragBullets": 1,
	    "fragBullet": {
	    "type": "basicBulletType",
	    "lifetime": 40,
        "damage": 0,
        "splashDamageRadius": 800.00,
        "splashDamage": 47000.00,
        "statusDuration": 3000,
        "status": "黑洞吞噬",
        "backColor": "69E0C7FF",
        "frontColor": "69E0C7FF",
        "speed": 0,
        "width": 0,
        "height": 0,
        "despawnEffect": {
    "type": "MultiEffect",
	"effects": [
	{
	    "type": "ParticleEffect",
        "particles":32,
        "lifetime": 335,
        "length": 5020,
        "interp": "circleOut",
        "sizeInterp": "pow5In",
        "region": "神恒之心-hollow_square",
        "sizeFrom": 155,
        "sizeTo": 155,
        "spin": -2.5,
        "cone": 360,
        "colorFrom": "C3BAFFFF",
        "colorTo": "C3BAFF00"
	},{
	    "type": "ParticleEffect",
        "particles": 32,
        "lifetime": 335,
        "length": 5020,
        "interp": "circleOut",
        "sizeInterp": "pow5In",
        "region": "神恒之心-hollow_square",
        "sizeFrom": 155,
        "sizeTo": 155,
        "spin": -2.5,
        "cone": 360,
        "colorFrom": "69E0C7FF",
        "colorTo": "C3BAFF00"
	},{
	    "type": "ParticleEffect",
        "particles":32,
        "lifetime": 335,
        "length": 5020,
        "interp": "circleOut",
        "sizeInterp": "pow5In",
        "region": "神恒之心-X",
        "sizeFrom": 155,
        "sizeTo": 155,
        "spin": -2.5,
        "cone": 360,
        "colorFrom": "C3BAFFFF",
        "colorTo": "C3BAFF00"
	},{
	    "type": "ParticleEffect",
        "particles": 32,
        "lifetime": 335,
        "length": 5020,
        "interp": "circleOut",
        "sizeInterp": "pow5In",
        "region": "神恒之心-X",
        "sizeFrom": 155,
        "sizeTo": 155,
        "spin": -2.5,
        "cone": 360,
        "colorFrom": "69E0C7FF",
        "colorTo": "C3BAFF00"
	}
	    ]
	        },
	    "hitEffect": "none",
	    "smokeEffect":"none",
	    "fragBullets": 1,
	    "fragBullet": {
	    "type": "basicBulletType",
	    "lifetime": 40,
        "damage": 0,
        "splashDamageRadius": 800.00,
        "splashDamage": 47000.00,
        "statusDuration": 3000,
        "status": "次元破折",
        "backColor": "69E0C7FF",
        "frontColor": "69E0C7FF",
        "speed": 0,
        "width": 0,
        "height": 0,
        "despawnEffect": {
    "type": "MultiEffect",
	"effects": [
	{
	    "type": "ParticleEffect",
        "particles":32,
        "lifetime": 335,
        "length": 5020,
        "interp": "circleOut",
        "sizeInterp": "pow5In",
        "region": "神恒之心-empty-rhombus",
        "sizeFrom": 155,
        "sizeTo": 155,
        "spin": -2.5,
        "cone": 360,
        "colorFrom": "69E0C7FF",
        "colorTo": "C3BAFF00"
	},{
	    "type": "ParticleEffect",
        "particles": 32,
        "lifetime": 335,
        "length": 5020,
        "interp": "circleOut",
        "sizeInterp": "pow5In",
        "region": "神恒之心-star",
        "sizeFrom": 155,
        "sizeTo": 155,
        "spin": -2.5,
        "cone": 360,
        "colorFrom": "69E0C7FF",
        "colorTo": "C3BAFF00"
	}
	    ]
	        },
	    "hitEffect": "none",
	    "smokeEffect":"none",
	    "fragBullets": 1,
	    "fragBullet": {
	    "type": "basicBulletType",
	    "lifetime": 40,
        "damage": 0,
        "splashDamageRadius": 800.00,
        "splashDamage": 47000.00,
        "statusDuration": 3000,
        "status": "黑洞吞噬",
        "backColor": "69E0C7FF",
        "frontColor": "69E0C7FF",
        "speed": 0,
        "width": 0,
        "height": 0,
        "despawnEffect": {
    "type": "MultiEffect",
	"effects": [
	{
	    "type": "ParticleEffect",
        "particles":32,
        "lifetime": 335,
        "length": 5020,
        "interp": "circleOut",
        "sizeInterp": "pow5In",
        "region": "神恒之心-plasma",
        "sizeFrom": 155,
        "sizeTo": 155,
        "spin": -2.5,
        "cone": 360,
        "colorFrom": "69E0C7FF",
        "colorTo": "C3BAFF00"
	},{
	    "type": "ParticleEffect",
        "particles": 32,
        "lifetime": 335,
        "length": 5020,
        "interp": "circleOut",
        "sizeInterp": "pow5In",
        "region": "神恒之心-diamond_special_effect",
        "sizeFrom": 155,
        "sizeTo": 155,
        "spin": -2.5,
        "cone": 360,
        "colorFrom": "69E0C7FF",
        "colorTo": "C3BAFF00"
	}
	    ]
	        },
	    "hitEffect": "none",
	    "smokeEffect":"none",
	    "fragBullets": 1,
	    "fragBullet": {
	    "type": "basicBulletType",
	    "lifetime": 40,
        "damage": 0,
        "splashDamageRadius": 800.00,
        "splashDamage": 47000.00,
        "statusDuration": 3000,
        "status": "次元破折",
        "backColor": "69E0C7FF",
        "frontColor": "69E0C7FF",
        "speed": 0,
        "width": 0,
        "height": 0,
        "despawnEffect": {
    "type": "MultiEffect",
	"effects": [
	{
	    "type": "ParticleEffect",
        "particles":32,
        "lifetime": 335,
        "length": 5020,
        "interp": "circleOut",
        "sizeInterp": "pow5In",
        "region": "神恒之心-hollow_square",
        "sizeFrom": 155,
        "sizeTo": 155,
        "spin": -2.5,
        "cone": 360,
        "colorFrom": "C3BAFFFF",
        "colorTo": "C3BAFF00"
	},{
	    "type": "ParticleEffect",
        "particles": 32,
        "lifetime": 335,
        "length": 5020,
        "interp": "circleOut",
        "sizeInterp": "pow5In",
        "region": "神恒之心-hollow_square",
        "sizeFrom": 155,
        "sizeTo": 155,
        "spin": -2.5,
        "cone": 360,
        "colorFrom": "69E0C7FF",
        "colorTo": "C3BAFF00"
	},{
	    "type": "ParticleEffect",
        "particles":32,
        "lifetime": 335,
        "length": 5020,
        "interp": "circleOut",
        "sizeInterp": "pow5In",
        "region": "神恒之心-X",
        "sizeFrom": 155,
        "sizeTo": 155,
        "spin": -2.5,
        "cone": 360,
        "colorFrom": "C3BAFFFF",
        "colorTo": "C3BAFF00"
	},{
	    "type": "ParticleEffect",
        "particles": 32,
        "lifetime": 335,
        "length": 5020,
        "interp": "circleOut",
        "sizeInterp": "pow5In",
        "region": "神恒之心-X",
        "sizeFrom": 155,
        "sizeTo": 155,
        "spin": -2.5,
        "cone": 360,
        "colorFrom": "69E0C7FF",
        "colorTo": "C3BAFF00"
	}
	    ]
	        },
	    "hitEffect": "none",
	    "smokeEffect":"none",
	    "fragBullets": 1,
	    "fragBullet": {
	    "type": "basicBulletType",
	    "lifetime": 40,
        "damage": 0,
        "splashDamageRadius": 800.00,
        "splashDamage": 47000.00,
        "statusDuration": 3000,
        "status": "黑洞吞噬",
        "backColor": "69E0C7FF",
        "frontColor": "69E0C7FF",
        "speed": 0,
        "width": 0,
        "height": 0,
        "despawnEffect": {
    "type": "MultiEffect",
	"effects": [
	{
	    "type": "ParticleEffect",
        "particles":32,
        "lifetime": 335,
        "length": 5020,
        "interp": "circleOut",
        "sizeInterp": "pow5In",
        "region": "神恒之心-empty-rhombus",
        "sizeFrom": 155,
        "sizeTo": 155,
        "spin": -2.5,
        "cone": 360,
        "colorFrom": "69E0C7FF",
        "colorTo": "C3BAFF00"
	},{
	    "type": "ParticleEffect",
        "particles": 32,
        "lifetime": 335,
        "length": 5020,
        "interp": "circleOut",
        "sizeInterp": "pow5In",
        "region": "神恒之心-star",
        "sizeFrom": 155,
        "sizeTo": 155,
        "spin": -2.5,
        "cone": 360,
        "colorFrom": "69E0C7FF",
        "colorTo": "C3BAFF00"
	}
	    ]
	        },
	    "hitEffect": "none",
	    "smokeEffect":"none",
	    "fragBullets": 1,
	    "fragBullet": {
	    "type": "basicBulletType",
	    "lifetime": 40,
        "damage": 0,
        "splashDamageRadius": 800.00,
        "splashDamage": 47000.00,
        "statusDuration": 3000,
        "status": "次元破折",
        "backColor": "69E0C7FF",
        "frontColor": "69E0C7FF",
        "speed": 0,
        "width": 0,
        "height": 0,
        "despawnEffect": {
    "type": "MultiEffect",
	"effects": [
	{
	    "type": "ParticleEffect",
        "particles":32,
        "lifetime": 335,
        "length": 5020,
        "interp": "circleOut",
        "sizeInterp": "pow5In",
        "region": "神恒之心-plasma",
        "sizeFrom": 155,
        "sizeTo": 155,
        "spin": -2.5,
        "cone": 360,
        "colorFrom": "69E0C7FF",
        "colorTo": "C3BAFF00"
	},{
	    "type": "ParticleEffect",
        "particles": 32,
        "lifetime": 335,
        "length": 5020,
        "interp": "circleOut",
        "sizeInterp": "pow5In",
        "region": "神恒之心-diamond_special_effect",
        "sizeFrom": 155,
        "sizeTo": 155,
        "spin": -2.5,
        "cone": 360,
        "colorFrom": "69E0C7FF",
        "colorTo": "C3BAFF00"
	}
	    ]
	        },
	    "hitEffect": "none",
	    "smokeEffect":"none",
	    "fragBullets": 1,
	    "fragBullet": {
	    "type": "basicBulletType",
	    "lifetime": 40,
        "damage": 0,
        "splashDamageRadius": 800.00,
        "splashDamage": 47000.00,
        "statusDuration": 3000,
        "status": "黑洞吞噬",
        "backColor": "69E0C7FF",
        "frontColor": "69E0C7FF",
        "speed": 0,
        "width": 0,
        "height": 0,
        "despawnEffect": {
    "type": "MultiEffect",
	"effects": [
	{
	    "type": "ParticleEffect",
        "particles":32,
        "lifetime": 335,
        "length": 5020,
        "interp": "circleOut",
        "sizeInterp": "pow5In",
        "region": "神恒之心-hollow_square",
        "sizeFrom": 155,
        "sizeTo": 155,
        "spin": -2.5,
        "cone": 360,
        "colorFrom": "C3BAFFFF",
        "colorTo": "C3BAFF00"
	},{
	    "type": "ParticleEffect",
        "particles": 32,
        "lifetime": 335,
        "length": 5020,
        "interp": "circleOut",
        "sizeInterp": "pow5In",
        "region": "神恒之心-hollow_square",
        "sizeFrom": 155,
        "sizeTo": 155,
        "spin": -2.5,
        "cone": 360,
        "colorFrom": "69E0C7FF",
        "colorTo": "C3BAFF00"
	},{
	    "type": "ParticleEffect",
        "particles":32,
        "lifetime": 335,
        "length": 5020,
        "interp": "circleOut",
        "sizeInterp": "pow5In",
        "region": "神恒之心-X",
        "sizeFrom": 155,
        "sizeTo": 155,
        "spin": -2.5,
        "cone": 360,
        "colorFrom": "C3BAFFFF",
        "colorTo": "C3BAFF00"
	},{
	    "type": "ParticleEffect",
        "particles": 32,
        "lifetime": 335,
        "length": 5020,
        "interp": "circleOut",
        "sizeInterp": "pow5In",
        "region": "神恒之心-X",
        "sizeFrom": 155,
        "sizeTo": 155,
        "spin": -2.5,
        "cone": 360,
        "colorFrom": "69E0C7FF",
        "colorTo": "C3BAFF00"
	}
	    ]
	        },
	    "hitEffect": "none",
	    "smokeEffect":"none",
	    "fragBullets": 1,
	    "fragBullet": {
	    "type": "basicBulletType",
	    "lifetime": 40,
        "damage": 0,
        "splashDamageRadius": 800.00,
        "splashDamage": 47000.00,
        "statusDuration": 3000,
        "status": "次元破折",
        "backColor": "69E0C7FF",
        "frontColor": "69E0C7FF",
        "speed": 0,
        "width": 0,
        "height": 0,
        "despawnEffect": {
    "type": "MultiEffect",
	"effects": [
	{
	    "type": "ParticleEffect",
        "particles":32,
        "lifetime": 335,
        "length": 5020,
        "interp": "circleOut",
        "sizeInterp": "pow5In",
        "region": "神恒之心-empty-rhombus",
        "sizeFrom": 155,
        "sizeTo": 155,
        "spin": -2.5,
        "cone": 360,
        "colorFrom": "69E0C7FF",
        "colorTo": "C3BAFF00"
	},{
	    "type": "ParticleEffect",
        "particles": 32,
        "lifetime": 335,
        "length": 5020,
        "interp": "circleOut",
        "sizeInterp": "pow5In",
        "region": "神恒之心-star",
        "sizeFrom": 155,
        "sizeTo": 155,
        "spin": -2.5,
        "cone": 360,
        "colorFrom": "69E0C7FF",
        "colorTo": "C3BAFF00"
	}
	    ]
	        },
	    "hitEffect": "none",
	    "smokeEffect":"none",
	    "fragBullets": 1,
	    "fragBullet": {
	    "type": "basicBulletType",
	    "lifetime": 40,
        "damage": 0,
        "splashDamageRadius": 800.00,
        "splashDamage": 47000.00,
        "statusDuration": 3000,
        "status": "命运印章",
        "backColor": "69E0C7FF",
        "frontColor": "69E0C7FF",
        "speed": 0,
        "width": 0,
        "height": 0,
        "despawnEffect": {
    "type": "MultiEffect",
	"effects": [
	{
	    "type": "ParticleEffect",
        "particles":32,
        "lifetime": 335,
        "length": 5020,
        "interp": "circleOut",
        "sizeInterp": "pow5In",
        "region": "神恒之心-plasma",
        "sizeFrom": 155,
        "sizeTo": 155,
        "spin": -2.5,
        "cone": 360,
        "colorFrom": "69E0C7FF",
        "colorTo": "C3BAFF00"
	},{
	    "type": "ParticleEffect",
        "particles": 32,
        "lifetime": 335,
        "length": 5020,
        "interp": "circleOut",
        "sizeInterp": "pow5In",
        "region": "神恒之心-diamond_special_effect",
        "sizeFrom": 155,
        "sizeTo": 155,
        "spin": -2.5,
        "cone": 360,
        "colorFrom": "69E0C7FF",
        "colorTo": "C3BAFF00"
	}
	    ]
	        },
	    "hitEffect": "none",
	    "smokeEffect":"none",
	    "fragBullets": 1,
	    "fragBullet": {
	    "type": "basicBulletType",
	    "lifetime": 40,
        "damage": 0,
        "splashDamageRadius": 800.00,
        "splashDamage": 47000.00,
        "statusDuration": 3000,
        "status": "命运印章",
        "backColor": "69E0C7FF",
        "frontColor": "69E0C7FF",
        "speed": 0,
        "width": 0,
        "height": 0,
        "despawnEffect": {
    "type": "MultiEffect",
	"effects": [
	{
	    "type": "ParticleEffect",
        "particles":32,
        "lifetime": 335,
        "length": 5020,
        "interp": "circleOut",
        "sizeInterp": "pow5In",
        "region": "神恒之心-hollow_square",
        "sizeFrom": 155,
        "sizeTo": 155,
        "spin": -2.5,
        "cone": 360,
        "colorFrom": "C3BAFFFF",
        "colorTo": "C3BAFF00"
	},{
	    "type": "ParticleEffect",
        "particles": 32,
        "lifetime": 335,
        "length": 5020,
        "interp": "circleOut",
        "sizeInterp": "pow5In",
        "region": "神恒之心-hollow_square",
        "sizeFrom": 155,
        "sizeTo": 155,
        "spin": -2.5,
        "cone": 360,
        "colorFrom": "69E0C7FF",
        "colorTo": "C3BAFF00"
	},{
	    "type": "ParticleEffect",
        "particles":32,
        "lifetime": 335,
        "length": 5020,
        "interp": "circleOut",
        "sizeInterp": "pow5In",
        "region": "神恒之心-X",
        "sizeFrom": 155,
        "sizeTo": 155,
        "spin": -2.5,
        "cone": 360,
        "colorFrom": "C3BAFFFF",
        "colorTo": "C3BAFF00"
	},{
	    "type": "ParticleEffect",
        "particles": 32,
        "lifetime": 335,
        "length": 5020,
        "interp": "circleOut",
        "sizeInterp": "pow5In",
        "region": "神恒之心-X",
        "sizeFrom": 155,
        "sizeTo": 155,
        "spin": -2.5,
        "cone": 360,
        "colorFrom": "69E0C7FF",
        "colorTo": "C3BAFF00"
	}
	    ]
	        },
	    "hitEffect": "none",
	    "smokeEffect":"none",
	    "fragBullets": 1,
	    "fragBullet": {
	    "type": "basicBulletType",
	    "lifetime": 40,
        "damage": 0,
        "splashDamageRadius": 800.00,
        "splashDamage": 47000.00,
        "statusDuration": 3000,
        "status": "命运印章",
        "backColor": "69E0C7FF",
        "frontColor": "69E0C7FF",
        "speed": 0,
        "width": 0,
        "height": 0,
        "despawnEffect": {
    "type": "MultiEffect",
	"effects": [
	{
	    "type": "ParticleEffect",
        "particles":32,
        "lifetime": 335,
        "length": 5020,
        "interp": "circleOut",
        "sizeInterp": "pow5In",
        "region": "神恒之心-empty-rhombus",
        "sizeFrom": 155,
        "sizeTo": 155,
        "spin": -2.5,
        "cone": 360,
        "colorFrom": "69E0C7FF",
        "colorTo": "C3BAFF00"
	},{
	    "type": "ParticleEffect",
        "particles": 32,
        "lifetime": 335,
        "length": 5020,
        "interp": "circleOut",
        "sizeInterp": "pow5In",
        "region": "神恒之心-star",
        "sizeFrom": 155,
        "sizeTo": 155,
        "spin": -2.5,
        "cone": 360,
        "colorFrom": "69E0C7FF",
        "colorTo": "C3BAFF00"
	}
	    ]
	        },
	    "hitEffect": "none",
	    "smokeEffect":"none",
	    "fragBullets": 1,
	    "fragBullet": {
	    "type": "basicBulletType",
	    "lifetime": 40,
        "damage": 0,
        "splashDamageRadius": 800.00,
        "splashDamage": 47000.00,
        "statusDuration": 3000,
        "status": "命运印章",
        "backColor": "69E0C7FF",
        "frontColor": "69E0C7FF",
        "speed": 0,
        "width": 0,
        "height": 0,
        "despawnEffect": {
    "type": "MultiEffect",
	"effects": [
	{
	    "type": "ParticleEffect",
        "particles":32,
        "lifetime": 335,
        "length": 5020,
        "interp": "circleOut",
        "sizeInterp": "pow5In",
        "region": "神恒之心-plasma",
        "sizeFrom": 155,
        "sizeTo": 155,
        "spin": -2.5,
        "cone": 360,
        "colorFrom": "69E0C7FF",
        "colorTo": "C3BAFF00"
	},{
	    "type": "ParticleEffect",
        "particles": 32,
        "lifetime": 335,
        "length": 5020,
        "interp": "circleOut",
        "sizeInterp": "pow5In",
        "region": "神恒之心-diamond_special_effect",
        "sizeFrom": 155,
        "sizeTo": 155,
        "spin": -2.5,
        "cone": 360,
        "colorFrom": "69E0C7FF",
        "colorTo": "C3BAFF00"
	}
	    ]
	        },
	    "hitEffect": "none",
	    "smokeEffect":"none",
	    "fragBullets": 1,
	    "fragBullet": {
	    "type": "basicBulletType",
	    "lifetime": 40,
        "damage": 0,
        "splashDamageRadius": 800.00,
        "splashDamage": 47000.00,
        "statusDuration": 3000,
        "status": "命运印章",
        "backColor": "69E0C7FF",
        "frontColor": "69E0C7FF",
        "speed": 0,
        "width": 0,
        "height": 0,
        "despawnEffect": {
    "type": "MultiEffect",
	"effects": [
	{
	    "type": "ParticleEffect",
        "particles":32,
        "lifetime": 335,
        "length": 5020,
        "interp": "circleOut",
        "sizeInterp": "pow5In",
        "region": "神恒之心-hollow_square",
        "sizeFrom": 155,
        "sizeTo": 155,
        "spin": -2.5,
        "cone": 360,
        "colorFrom": "C3BAFFFF",
        "colorTo": "C3BAFF00"
	},{
	    "type": "ParticleEffect",
        "particles": 32,
        "lifetime": 335,
        "length": 5020,
        "interp": "circleOut",
        "sizeInterp": "pow5In",
        "region": "神恒之心-hollow_square",
        "sizeFrom": 155,
        "sizeTo": 155,
        "spin": -2.5,
        "cone": 360,
        "colorFrom": "69E0C7FF",
        "colorTo": "C3BAFF00"
	},{
	    "type": "ParticleEffect",
        "particles":32,
        "lifetime": 335,
        "length": 5020,
        "interp": "circleOut",
        "sizeInterp": "pow5In",
        "region": "神恒之心-X",
        "sizeFrom": 155,
        "sizeTo": 155,
        "spin": -2.5,
        "cone": 360,
        "colorFrom": "C3BAFFFF",
        "colorTo": "C3BAFF00"
	},{
	    "type": "ParticleEffect",
        "particles": 32,
        "lifetime": 335,
        "length": 5020,
        "interp": "circleOut",
        "sizeInterp": "pow5In",
        "region": "神恒之心-X",
        "sizeFrom": 155,
        "sizeTo": 155,
        "spin": -2.5,
        "cone": 360,
        "colorFrom": "69E0C7FF",
        "colorTo": "C3BAFF00"
	}
	    ]
	        },
	    "hitEffect": "none",
	    "smokeEffect":"none",
	    "fragBullets": 1,
	    "fragBullet": {
	    "type": "basicBulletType",
	    "lifetime": 40,
        "damage": 0,
        "splashDamageRadius": 800.00,
        "splashDamage": 47000.00,
        "statusDuration": 3000,
        "status": "命运印章",
        "backColor": "69E0C7FF",
        "frontColor": "69E0C7FF",
        "speed": 0,
        "width": 0,
        "height": 0,
        "despawnEffect": {
    "type": "MultiEffect",
	"effects": [
	{
	    "type": "ParticleEffect",
        "particles":32,
        "lifetime": 335,
        "length": 5020,
        "interp": "circleOut",
        "sizeInterp": "pow5In",
        "region": "神恒之心-empty-rhombus",
        "sizeFrom": 155,
        "sizeTo": 155,
        "spin": -2.5,
        "cone": 360,
        "colorFrom": "69E0C7FF",
        "colorTo": "C3BAFF00"
	},{
	    "type": "ParticleEffect",
        "particles": 32,
        "lifetime": 335,
        "length": 5020,
        "interp": "circleOut",
        "sizeInterp": "pow5In",
        "region": "神恒之心-star",
        "sizeFrom": 155,
        "sizeTo": 155,
        "spin": -2.5,
        "cone": 360,
        "colorFrom": "69E0C7FF",
        "colorTo": "C3BAFF00"
	}
	    ]
	        },
	    "hitEffect": "none",
	    "smokeEffect":"none",
	    "fragBullets": 1,
	    "fragBullet": {
	    "type": "basicBulletType",
	    "lifetime": 40,
        "damage": 0,
        "splashDamageRadius": 800.00,
        "splashDamage": 47000.00,
        "statusDuration": 3000,
        "status": "命运印章",
        "backColor": "69E0C7FF",
        "frontColor": "69E0C7FF",
        "speed": 0,
        "width": 0,
        "height": 0,
        "despawnEffect": {
    "type": "MultiEffect",
	"effects": [
	{
	    "type": "ParticleEffect",
        "particles":32,
        "lifetime": 335,
        "length": 5020,
        "interp": "circleOut",
        "sizeInterp": "pow5In",
        "region": "神恒之心-plasma",
        "sizeFrom": 155,
        "sizeTo": 155,
        "spin": -2.5,
        "cone": 360,
        "colorFrom": "69E0C7FF",
        "colorTo": "C3BAFF00"
	},{
	    "type": "ParticleEffect",
        "particles": 32,
        "lifetime": 335,
        "length": 5020,
        "interp": "circleOut",
        "sizeInterp": "pow5In",
        "region": "神恒之心-diamond_special_effect",
        "sizeFrom": 155,
        "sizeTo": 155,
        "spin": -2.5,
        "cone": 360,
        "colorFrom": "69E0C7FF",
        "colorTo": "C3BAFF00"
	}
	    ]
	        },
	    "hitEffect": "none",
	    "smokeEffect":"none",
	    "fragBullets": 1,
	    "fragBullet": {
	    "type": "basicBulletType",
	    "lifetime": 40,
        "damage": 0,
        "splashDamageRadius": 800.00,
        "splashDamage": 47000.00,
        "statusDuration": 3000,
        "status": "命运印章",
        "backColor": "69E0C7FF",
        "frontColor": "69E0C7FF",
        "speed": 0,
        "width": 0,
        "height": 0,
        "despawnEffect": {
    "type": "MultiEffect",
	"effects": [
	{
	    "type": "ParticleEffect",
        "particles":32,
        "lifetime": 335,
        "length": 5020,
        "interp": "circleOut",
        "sizeInterp": "pow5In",
        "region": "神恒之心-hollow_square",
        "sizeFrom": 155,
        "sizeTo": 155,
        "spin": -2.5,
        "cone": 360,
        "colorFrom": "C3BAFFFF",
        "colorTo": "C3BAFF00"
	},{
	    "type": "ParticleEffect",
        "particles": 32,
        "lifetime": 335,
        "length": 5020,
        "interp": "circleOut",
        "sizeInterp": "pow5In",
        "region": "神恒之心-hollow_square",
        "sizeFrom": 155,
        "sizeTo": 155,
        "spin": -2.5,
        "cone": 360,
        "colorFrom": "69E0C7FF",
        "colorTo": "C3BAFF00"
	},{
	    "type": "ParticleEffect",
        "particles":32,
        "lifetime": 335,
        "length": 5020,
        "interp": "circleOut",
        "sizeInterp": "pow5In",
        "region": "神恒之心-X",
        "sizeFrom": 155,
        "sizeTo": 155,
        "spin": -2.5,
        "cone": 360,
        "colorFrom": "C3BAFFFF",
        "colorTo": "C3BAFF00"
	},{
	    "type": "ParticleEffect",
        "particles": 32,
        "lifetime": 335,
        "length": 5020,
        "interp": "circleOut",
        "sizeInterp": "pow5In",
        "region": "神恒之心-X",
        "sizeFrom": 155,
        "sizeTo": 155,
        "spin": -2.5,
        "cone": 360,
        "colorFrom": "69E0C7FF",
        "colorTo": "C3BAFF00"
	}
	    ]
	        },
	    "hitEffect": "none",
	    "smokeEffect":"none",
	    "fragBullets": 1,
	    "fragBullet": {
	    "type": "basicBulletType",
	    "lifetime": 40,
        "damage": 0,
        "splashDamageRadius": 800.00,
        "splashDamage": 47000.00,
        "statusDuration": 3000,
        "status": "命运印章",
        "backColor": "69E0C7FF",
        "frontColor": "69E0C7FF",
        "speed": 0,
        "width": 0,
        "height": 0,
        "despawnEffect": {
    "type": "MultiEffect",
	"effects": [
	{
	    "type": "ParticleEffect",
        "particles":32,
        "lifetime": 335,
        "length": 5020,
        "interp": "circleOut",
        "sizeInterp": "pow5In",
        "region": "神恒之心-empty-rhombus",
        "sizeFrom": 155,
        "sizeTo": 155,
        "spin": -2.5,
        "cone": 360,
        "colorFrom": "69E0C7FF",
        "colorTo": "C3BAFF00"
	},{
	    "type": "ParticleEffect",
        "particles": 32,
        "lifetime": 335,
        "length": 5020,
        "interp": "circleOut",
        "sizeInterp": "pow5In",
        "region": "神恒之心-star",
        "sizeFrom": 155,
        "sizeTo": 155,
        "spin": -2.5,
        "cone": 360,
        "colorFrom": "69E0C7FF",
        "colorTo": "C3BAFF00"
	}
	    ]
	        },
	    "hitEffect": "none",
	    "smokeEffect":"none",
	    "fragBullets": 1,
	    "fragBullet": {
	    "type": "basicBulletType",
	    "lifetime": 40,
        "damage": 0,
        "splashDamageRadius": 800.00,
        "splashDamage": 47000.00,
        "statusDuration": 3000,
        "status": "命运印章",
        "backColor": "69E0C7FF",
        "frontColor": "69E0C7FF",
        "speed": 0,
        "width": 0,
        "height": 0,
        "despawnEffect": {
    "type": "MultiEffect",
	"effects": [
	{
	    "type": "ParticleEffect",
        "particles":32,
        "lifetime": 335,
        "length": 5020,
        "interp": "circleOut",
        "sizeInterp": "pow5In",
        "region": "神恒之心-plasma",
        "sizeFrom": 155,
        "sizeTo": 155,
        "spin": -2.5,
        "cone": 360,
        "colorFrom": "69E0C7FF",
        "colorTo": "C3BAFF00"
	},{
	    "type": "ParticleEffect",
        "particles": 32,
        "lifetime": 335,
        "length": 5020,
        "interp": "circleOut",
        "sizeInterp": "pow5In",
        "region": "神恒之心-diamond_special_effect",
        "sizeFrom": 155,
        "sizeTo": 155,
        "spin": -2.5,
        "cone": 360,
        "colorFrom": "69E0C7FF",
        "colorTo": "C3BAFF00"
	}
	    ]
	        },
	    "hitEffect": "none",
	    "smokeEffect":"none",
	    "fragBullets": 1,
	    "fragBullet": {
	    "type": "basicBulletType",
	    "lifetime": 40,
        "damage": 0,
        "splashDamageRadius": 800.00,
        "splashDamage": 47000.00,
        "statusDuration": 3000,
        "status": "命运印章",
        "backColor": "69E0C7FF",
        "frontColor": "69E0C7FF",
        "speed": 0,
        "width": 0,
        "height": 0,
        "despawnEffect": {
    "type": "MultiEffect",
	"effects": [
	{
	    "type": "ParticleEffect",
        "particles":32,
        "lifetime": 335,
        "length": 5020,
        "interp": "circleOut",
        "sizeInterp": "pow5In",
        "region": "神恒之心-hollow_square",
        "sizeFrom": 155,
        "sizeTo": 155,
        "spin": -2.5,
        "cone": 360,
        "colorFrom": "C3BAFFFF",
        "colorTo": "C3BAFF00"
	},{
	    "type": "ParticleEffect",
        "particles": 32,
        "lifetime": 335,
        "length": 5020,
        "interp": "circleOut",
        "sizeInterp": "pow5In",
        "region": "神恒之心-hollow_square",
        "sizeFrom": 155,
        "sizeTo": 155,
        "spin": -2.5,
        "cone": 360,
        "colorFrom": "69E0C7FF",
        "colorTo": "C3BAFF00"
	},{
	    "type": "ParticleEffect",
        "particles":32,
        "lifetime": 335,
        "length": 5020,
        "interp": "circleOut",
        "sizeInterp": "pow5In",
        "region": "神恒之心-X",
        "sizeFrom": 155,
        "sizeTo": 155,
        "spin": -2.5,
        "cone": 360,
        "colorFrom": "C3BAFFFF",
        "colorTo": "C3BAFF00"
	},{
	    "type": "ParticleEffect",
        "particles": 32,
        "lifetime": 335,
        "length": 5020,
        "interp": "circleOut",
        "sizeInterp": "pow5In",
        "region": "神恒之心-X",
        "sizeFrom": 155,
        "sizeTo": 155,
        "spin": -2.5,
        "cone": 360,
        "colorFrom": "69E0C7FF",
        "colorTo": "C3BAFF00"
	}
	    ]
	        },
	    "hitEffect": "none",
	    "smokeEffect":"none",
	    "fragBullets": 1,
	    "fragBullet": {
	    "type": "basicBulletType",
	    "lifetime": 40,
        "damage": 0,
        "splashDamageRadius": 800.00,
        "splashDamage": 47000.00,
        "statusDuration": 3000,
        "status": "命运印章",
        "backColor": "69E0C7FF",
        "frontColor": "69E0C7FF",
        "speed": 0,
        "width": 0,
        "height": 0,
        "despawnEffect": {
    "type": "MultiEffect",
	"effects": [
	{
	    "type": "ParticleEffect",
        "particles":32,
        "lifetime": 335,
        "length": 5020,
        "interp": "circleOut",
        "sizeInterp": "pow5In",
        "region": "神恒之心-empty-rhombus",
        "sizeFrom": 155,
        "sizeTo": 155,
        "spin": -2.5,
        "cone": 360,
        "colorFrom": "69E0C7FF",
        "colorTo": "C3BAFF00"
	},{
	    "type": "ParticleEffect",
        "particles": 32,
        "lifetime": 335,
        "length": 5020,
        "interp": "circleOut",
        "sizeInterp": "pow5In",
        "region": "神恒之心-star",
        "sizeFrom": 155,
        "sizeTo": 155,
        "spin": -2.5,
        "cone": 360,
        "colorFrom": "69E0C7FF",
        "colorTo": "C3BAFF00"
	}
	    ]
	        },
	    "hitEffect": "none",
	    "smokeEffect":"none",
	    "fragBullets": 1,
	    "fragBullet": {
	    "type": "basicBulletType",
	    "lifetime": 80,
        "damage": 0,
        "splashDamageRadius": 840.00,
        "splashDamage": 250000.00,
        "statusDuration": 30000,
        "status": "轮回之印",
        "backColor": "69E0C7FF",
        "frontColor": "69E0C7FF",
        "speed": 0,
        "width": 0,
        "height": 0,
        "despawnEffect": {
    "type": "MultiEffect",
	"effects": [
	{
	    "type": "ParticleEffect",
        "particles":1,
        "lifetime": 285,
        "length": 0,
        "interp": "circleOut",
        "sizeInterp": "pow5In",
        "region": "神恒之心-Huang",
        "sizeFrom": 385,
        "sizeTo": 0,
        "spin": 0,
        "cone": 360,
        "colorFrom": "69E0C7FF",
        "colorTo": "69E0C7FF"
	},{
	    "type": "ParticleEffect",
        "particles":23,
        "lifetime": 285,
        "length": 6220,
        "interp": "circleOut",
        "sizeInterp": "pow5In",
        "region": "神恒之心-empty-rhombus",
        "sizeFrom": 105,
        "sizeTo": 105,
        "spin": -2.5,
        "cone": 360,
        "colorFrom": "69E0C7FF",
        "colorTo": "C3BAFF00"
	},{
	    "type": "ParticleEffect",
        "particles":23,
        "lifetime": 285,
        "length": 6220,
        "interp": "circleOut",
        "sizeInterp": "pow5In",
        "region": "神恒之心-star",
        "sizeFrom": 105,
        "sizeTo": 105,
        "spin": -2.5,
        "cone": 360,
        "colorFrom": "69E0C7FF",
        "colorTo": "C3BAFF00"
	},{
	    "type": "ParticleEffect",
        "particles":23,
        "lifetime": 285,
        "length": 6220,
        "interp": "circleOut",
        "sizeInterp": "pow5In",
        "region": "神恒之心-empty-rhombus",
        "sizeFrom": 105,
        "sizeTo": 105,
        "spin": -2.5,
        "cone": 360,
        "colorFrom": "69E0C7FF",
        "colorTo": "C3BAFF00"
	},{
	    "type": "ParticleEffect",
        "particles":23,
        "lifetime": 285,
        "length": 6220,
        "interp": "circleOut",
        "sizeInterp": "pow5In",
        "region": "神恒之心-star",
        "sizeFrom": 105,
        "sizeTo": 105,
        "spin": -2.5,
        "cone": 360,
        "colorFrom": "69E0C7FF",
        "colorTo": "C3BAFF00"
	},{
	    "type": "ParticleEffect",
        "particles":23,
        "lifetime": 285,
        "length": 6220,
        "interp": "circleOut",
        "sizeInterp": "pow5In",
        "region": "神恒之心-X",
        "sizeFrom": 105,
        "sizeTo": 105,
        "spin": -2.5,
        "cone": 360,
        "colorFrom": "69E0C7FF",
        "colorTo": "69E0C700"
	},{
	    "type": "ParticleEffect",
        "particles":23,
        "lifetime": 285,
        "length": 6220,
        "interp": "circleOut",
        "sizeInterp": "pow5In",
        "region": "神恒之心-X",
        "sizeFrom": 105,
        "sizeTo": 105,
        "spin": -2.5,
        "cone": 360,
        "colorFrom": "69E0C7FF",
        "colorTo": "C3BAFF00"
	},{
	    "type": "ParticleEffect",
        "particles":28,
        "lifetime": 285,
        "length": 8220,
        "interp": "circleOut",
        "sizeInterp": "pow5In",
        "region": "神恒之心-energy-partical-back",
        "sizeFrom": 105,
        "sizeTo": 105,
        "spin": -2.5,
        "cone": 360,
        "colorFrom": "69E0C7FF",
        "colorTo": "69E0C700"
	},{
	    "type": "ParticleEffect",
        "particles":28,
        "lifetime": 285,
        "length": 8220,
        "interp": "circleOut",
        "sizeInterp": "pow5In",
        "region": "神恒之心-energy-partical-back",
        "sizeFrom": 105,
        "sizeTo": 105,
        "spin": -2.5,
        "cone": 360,
        "colorFrom": "69E0C7FF",
        "colorTo": "C3BAFF00"
	},{
	    "type": "ParticleEffect",
        "particles":23,
        "lifetime": 285,
        "length": 6220,
        "interp": "circleOut",
        "sizeInterp": "pow5In",
        "region": "神恒之心-plasma",
        "sizeFrom": 105,
        "sizeTo": 105,
        "spin": -2.5,
        "cone": 360,
        "colorFrom": "69E0C7FF",
        "colorTo": "69E0C700"
	},{
	    "type": "ParticleEffect",
        "particles":23,
        "lifetime": 285,
        "length": 6220,
        "interp": "circleOut",
        "sizeInterp": "pow5In",
        "region": "神恒之心-plasma",
        "sizeFrom": 105,
        "sizeTo": 105,
        "spin": -2.5,
        "cone": 360,
        "colorFrom": "69E0C7FF",
        "colorTo": "C3BAFF00"
	}
	    ]
	        },
	    "hitEffect": "none",
	    "smokeEffect":"none"
	    }
	        }
	    }
	}
	        }
	    }
	}
	        }
	    }
	}
	        }
	    }
	}
	        }
	    }
	}
	        }
	    }
	}
	        }
	    }
	}
}
                        }
	                        }
	                }
	                    }
	                        }
	                }
	                    }
	                        }
	                            }
	                                }
	                                    }
	},
    "drawer":{
    "type":"DrawMulti",
    "drawers":[
        {
    "type":"DrawTurret",
    "basePrefix": "GH-",
    "parts":[
        {
    "type":"RegionPart",
    "mirror":false,
    "under":false,
    "colorTo": "69E0C7FF",
    "color": "69E0C700",
    "progress": "warmup",
    "blending": "additive",
    "x":96.2,
    "y":12,
    "outline": false,
    "suffix":"-wing-6-glow-r",
    "layer":94.8,
    "moveX":0,
    "moveY":0,
    "moveRot":0
        },{
    "type":"RegionPart",
    "mirror":false,
    "under":false,
    "colorTo": "69E0C7FF",
    "color": "69E0C700",
    "progress": "warmup",
    "blending": "additive",
    "x":-96.2,
    "y":12,
    "outline": false,
    "suffix":"-wing-6-glow-l",
    "layer":94.8,
    "moveX":0,
    "moveY":0,
    "moveRot":0
        },{
    "type": "RegionPart",
    "colorTo": "69E0C7FF",
    "color": "69E0C700",
    "progress": "warmup",
    "blending": "additive",
    "layer":95.02,
    "x":57.5,
    "y":-30,
    "outline": false,
    "suffix": "-wing-2-glow-r"
        },{
    "type": "RegionPart",
    "colorTo": "69E0C7FF",
    "color": "69E0C700",
    "progress": "warmup",
    "blending": "additive",
    "layer":95.02,
    "x":-57.5,
    "y":-30,
    "outline": false,
    "suffix": "-wing-2-glow-l"
        },{
    "type": "RegionPart",
    "colorTo": "69E0C7FF",
    "color": "69E0C700",
    "progress": "warmup",
    "blending": "additive",
    "layer":95.02,
    "x":0,
    "y":0,
    "outline": false,
    "suffix": "-top-glow"
        },{
        "type": "shapePart",
        "y": -132,
        "hollow": true,
        "circle": true,
        "layer": 110,
        "color": "69E0C7FF",
        "stroke": 0,
        "strokeTo": 5.0,
        "radiusTo": 33,
        "radius": 0
        },{
        "type": "shapePart",
        "y": -132,
        "hollow": false,
        "circle": true,
        "layer": 90,
        "color": "000000FF",
        "stroke": 0,
        "strokeTo": 5.0,
        "radiusTo": 30,
        "radius": 0
        },{
	"type": "HaloPart",
	"y": -132,
	"sides": 3,
	"shapes": 1,
	"rotateSpeed": 1.5,
	"color": "69E0C7FF",
	"layer": 110,
	"tri": false,
	"hollow": true,
	"stroke": 0,
	"strokeTo": 5.9,
	"radius": 55,
	"radiusTo": 55,
	"haloRadius": 0
			},{
	"type": "HaloPart",
	"shapeRotation": -180,
	"y": -132,
	"sides": 3,
	"shapes": 1,
	"rotateSpeed": 1.5,
	"color": "69E0C7FF",
	"layer": 110,
	"tri": false,
	"hollow": true,
	"stroke": 0,
	"strokeTo": 5.9,
	"radius": 55,
	"radiusTo": 55,
	"haloRadius": 0
			},{
        "type": "HaloPart",
        "x": 138,
        "y": 395.0,
        "radius": 35,
        "mirror": true,
        "tri": true,
        "layer": 110,
        "color": "69E0C7FF",
        "haloRadius": 0,
        "stroke": 65.0,
        "strokeTo": 0,
        "shapes": 1,
        "triLength": 0,
        "triLengthTo": 440
        },{
        "type": "HaloPart",
        "haloRotation": -180,
        "x": 138,
        "y": 395.0,
        "radius": 35,
        "mirror": true,
        "tri": true,
        "layer": 110,
        "color": "69E0C7FF",
        "haloRadius": 0,
        "stroke": 65.0,
        "strokeTo": 0,
        "shapes": 1,
        "triLength": 0,
        "triLengthTo": 20
        },{
        "type": "HaloPart",
        "y": 220.0,
        "radius": 65,
        "mirror": false,
        "tri": true,
        "layer": 110,
        "color": "69E0C7FF",
        "haloRadius": 1,
        "stroke": 65.0,
        "strokeTo": 0,
        "shapes": 1,
        "triLength": 0,
        "triLengthTo": 30
        },{
        "type": "HaloPart",
        "y": 270.0,
        "radius": 65,
        "mirror": false,
        "tri": true,
        "layer": 110,
        "color": "69E0C7FF",
        "haloRadius": 1,
        "stroke": 65.0,
        "strokeTo": 0,
        "shapes": 1,
        "triLength": 0,
        "triLengthTo": 30
        },{
        "type": "HaloPart",
        "y": 320.0,
        "radius": 65,
        "mirror": false,
        "tri": true,
        "layer": 110,
        "color": "69E0C7FF",
        "haloRadius": 1,
        "stroke": 65.0,
        "strokeTo": 0,
        "shapes": 1,
        "triLength": 0,
        "triLengthTo": 30
        },{
        "type": "HaloPart",
        "y": 370.0,
        "radius": 65,
        "mirror": false,
        "tri": true,
        "layer": 110,
        "color": "69E0C7FF",
        "haloRadius": 1,
        "stroke": 65.0,
        "strokeTo": 0,
        "shapes": 1,
        "triLength": 0,
        "triLengthTo": 30
        },{
        "type": "HaloPart",
        "y": 420.0,
        "radius": 65,
        "mirror": false,
        "tri": true,
        "layer": 110,
        "color": "69E0C7FF",
        "haloRadius": 1,
        "stroke": 65.0,
        "strokeTo": 0,
        "shapes": 1,
        "triLength": 0,
        "triLengthTo": 30
        },{
    "type":"RegionPart",
    "mirror":false,
    "under":true,
    "x":0,
    "y":0,
    "suffix":"-top",
    "layer":95,
    "moveX":0,
    "moveY":0,
    "moveRot":0
        },{
    "type":"RegionPart",
    "mirror":true,
    "under":false,
    "x":51,
    "y":16,
    "suffix":"-wing-1",
    "layer":95.02,
    "moveX":0,
    "moveY":0,
    "moveRot":0
        },{
    "type":"RegionPart",
    "mirror":true,
    "under":false,
    "x":57.5,
    "y":-30,
    "suffix":"-wing-2",
    "layer":95.01,
    "moveX":0,
    "moveY":0,
    "moveRot":0
        },{
    "type":"RegionPart",
    "mirror":true,
    "under":true,
    "x":45.5,
    "y":-55.5,
    "suffix":"-wing-3",
    "layer":94.7,
    "moveX":0,
    "moveY":-25,
    "moveRot":0
        },{
    "type":"RegionPart",
    "mirror":true,
    "under":true,
    "x":60,
    "y":70,
    "suffix":"-wing-5",
    "layer":94.8,
    "moveX":-19,
    "moveY":35,
    "moveRot":0
        },{
    "type":"RegionPart",
    "mirror":false,
    "under":true,
    "x":0,
    "y":50,
    "layer":94.9,
    "moveX":0,
    "moveY":32,
    "moveRot":0,
    "suffix":"-wing-4"
        },{
	"type": "HaloPart",
	"y": 135,
	"sides": 3,
	"shapes": 1,
	"rotateSpeed": -0.9,
	"color": "69E0C7FF",
	"layer": 110,
	"tri": false,
	"hollow": true,
	"stroke": 0,
	"strokeTo": 5.5,
	"radius": 0,
	"radiusTo": 30,
	"haloRadius": 0
			},{
	"type": "HaloPart",
	"shapeRotation": -20,
	"y": 155,
	"sides": 3,
	"shapes": 1,
	"rotateSpeed": -0.9,
	"color": "69E0C7FF",
	"layer": 110,
	"tri": false,
	"hollow": true,
	"stroke": 0,
	"strokeTo": 5.5,
	"radius": 0,
	"radiusTo": 30,
	"haloRadius": 0
			},{
	"type": "HaloPart",
	"shapeRotation": -40,
	"y": 175,
	"sides": 3,
	"shapes": 1,
	"rotateSpeed": -0.9,
	"color": "69E0C7FF",
	"layer": 110,
	"tri": false,
	"hollow": true,
	"stroke": 0,
	"strokeTo": 5.5,
	"radius": 0,
	"radiusTo": 30,
	"haloRadius": 0
			},{
    "type":"RegionPart",
    "mirror":true,
    "under":false,
    "x":96.2,
    "y":12,
    "suffix":"-wing-6",
    "layer":94.79,
    "moveX":0,
    "moveY":0,
    "moveRot":0
        },{
    "type":"RegionPart",
    "mirror":true,
    "under":false,
    "x":136,
    "y":-27,
    "suffix":"-wing-7",
    "layer":94.7,
    "moveX":32,
    "moveY":-22,
    "moveRot":0
        },{
    "type":"RegionPart",
    "mirror":true,
    "under":false,
    "x":128.5,
    "y":81.5,
    "suffix":"-wing-8",
    "layer":94.6,
    "moveX":38,
    "moveY":42,
    "moveRot":0
        },{
    "type":"RegionPart",
    "mirror":true,
    "under":false,
    "x":132,
    "y":-117,
    "suffix":"-wing-9",
    "layer":94.6,
    "moveX":0,
    "moveY":-69,
    "moveRot":0
        },{
    "type":"RegionPart",
    "mirror":true,
    "under":false,
    "x":101,
    "y":111,
    "suffix":"-wing-10",
    "layer":94.5,
    "moveX":30,
    "moveY":68,
    "moveRot":0
        },{
            "type":"RegionPart",
            "mirror":true,
            "under":false,
            "x":180,
            "y":29,
            "suffix":"-wing-11",
            "layer":94.4,
            "moveX":46,
            "moveY":-8,
            "moveRot":0
        }
    ]
        }
    ]
    },
    "moveWhileCharging": true,
    "update": true,
    "consumes": {
    "power": 1666666.66667
},
    "requirements": [
		"恒金板/88000",
		"恒化泵壳/99800",
		"黑洞控制器/89000",
		"强化曼合金钢/85000",
		"合化电晶/50000",
		"无能神核心/62000",
		"无恒锭/100000",
		"神子智慧核心/85000"
		]
}