{"type":"crawl","name":"逻辑显示屏","description":"¿","speed":1.3,"health":235,"buildSpeed":2.0,"flying":true,"hitSize":24,"canBoost":false,"weapons":[{"name":"bom","reload":10,"x":0,"y":0,"rotate":false,"shootCone":270,"ejectEffect":"none","shootSound":"explosionbig","mirror":false,"inaccuracy":0,"alternate":true,"top":false,"bullet":{"killShooter":true,"splashDamageRadius":68,"instantDisappear":true,"splashDamage":200,"speed":1,"lifetime":10,"hitEffect":"massiveExplosion","despawnEffect":{"type":"MultiEffect","effects":[{"type":"ParticleEffect","particles":18,"sizeFrom":6,"sizeTo":0,"length":45,"baseLength":3,"lifetime":35,"colorFrom":"737373FF","colorTo":"737373FF","cone":360},{"type":"ParticleEffect","particles":32,"line":true,"sizeFrom":9,"sizeTo":0,"length":53,"baseLength":20,"lifetime":22,"colorFrom":"FFFFFF","colorTo":"FFE176FF","cone":360},{"type":"WaveEffect","lifetime":15,"sizeFrom":0,"sizeTo":70,"strokeFrom":4,"strokeTo":0,"colorFrom":"FFE176FF","colorTo":"ffffff"}]},"width":0,"height":0}}]}