{
	"type": "GenericCrafter",
	"name": "重型编织器",
	"outputItem": "phase-fabric/26",
	"size": 3,
	"hasPower": true,
	"hasItems": true,
	"updateEffect": {
		"type": "WaveEffect",
		"lifetime": 60,
		"sizeFrom": 10,
		"sizeTo": 0,
		"strokeFrom": 6,
		"strokeTo": 0,
		"colorFrom": "A52A2A",
		"colorTo": "B22222"
	},
	"craftTime": 360,
	"itemCapacity": 520,
	"consumes": {
		"power": 62,
		"items": [
			"thorium/60",
			"sand/240"
		]
	},
	"requirements": [
		"phase-fabric/90",
		"silicon/480",
		"titanium/240",
		"lead/300"
	],
	"category": "crafting",
	"ambientSound": "smelter",
	"research": "copper"
}