{
	"type": "MendProjector",
	"name": "函定修复投影仪",
	"health": 1980,
	"size": 4
	"range": 585,
	"reload": 45,
	"healPercent": 5,
	"phaseBoost": 6,
	"phaseRangeBoost": 1,
	"canOverdrive": false,
	"consumes": {
		"power": 18,
		"items": {
			"items": [
				"聚变能/1"
			],
			"booster": true,
			"optional": true
		}
	},
	"requirements": [
		"titanium/120",
		"zyhj/80",
		"surge-alloy/150",
		"聚变能/150",
		"铼铱合金/200"
	],
	"category": "effect",
	"research": "mend-projector"
}