{
	"name": "终极区块投影仪",
	"type": "OverdriveProjector",
	"health": 2000
	"size": 4
	"range": 7200
	"useTime": 1200
	"phaseRangeBoost": 0,
	"speedBoostPhase": 0,
	"speedBoost": 501
	"itemCapacity": 50,
	"liquidCapacity": 60,
	"hasBoost": false,
	"canOverdrive": false,
	"consumes": {
		"power": 0.1
		//"liquid": {
			//"liquid": "cryofluid",
			//"amount": "12"
		//},
		"items": {
			"booster": false,
			"optional": false
		}
	}
	"requirements": [
		//"metaglass/5000",
		//"相位能/12000",
		//"silicon/25000",
		//"铼铱合金/18000"
		//"copper/30000"
		//"绛基合金/12000"
	]
	"category": "effect"
}