{
	"name": "重代核心"
	"description": "将核心机更换，同时改进了一些核心"
	"itemCapacity":9000,
	"hasItems": true,
	"health": 8000,
	"unitCapModifier":48,
	"size":3,
	//"breakable":true,
	"requirements": [	
	{ "item": "压缩塑钢", "amount": 8000},
	{ "item": "压缩铅", "amount": 7500},
	{ "item": "压缩石墨", "amount": 5000},
	{ "item": "压缩铜", "amount": 1200},	
	{ "item": "压缩硅", "amount": 1500},
	{ "item": "铱", "amount": 1500},
],
                       "unitType": "贝塔",
"category": "effect",
	"research":"次代核心"
}