{
	"type": "tank",
	"name": "T-A1",
	"description":"几乎牺牲了所有的装甲能力，机动性极为优秀，",
	"squareShape": true,
	"omniMovement": false,
	"rotateMoveFirst": false,
	"speed": 2.4,
	"hitSize": 22,
	"drownTimeMultiplier": 2,
	"crushDamage": 1.5,



	"ammoType": "blast-compound",
	"ammoCapacity": 40,
	"targetAir": true,
	"health": 430,
	"armor": 5,
	"rotateSpeed": 2.7,
	"itemCapacity": 10,
	"faceTarget": false,
	"immunities":["wet",],
		"shoot": {
			"shots": 3,
			"shotDelay": 60
		},


	"weapons": [
		{    
		    
			"name": "T-A1t",
			"reload": 45,
			
			"x": 0,
			"y": -0.5,
			"shootY": 33,
			"cooldownTime":  30,			
			"rotate": true,
			"top": true,
			"rotateSpeed": 3.5,
			"recoil": 1,
			"mirror": false,
			"inaccuracy": 0.4,
			"shootSound": "坦克主炮1",
			"shake": 12,
			"bullet": {
			
		        "sprite": "全球行动-炮弹",
		        "backColor": "FF7055",
                "frontColor": "E3E3E3",
                
				"damage": 26,
				"splashDamage": 35,
				"splashDamageRadius": 20,
         
				"buildingDamageMultiplier": 3,
				"speed": 20,
				"lifetime": 9,
	            "width": 3,       
                 "height": 9,
				
				
				"knockback": 2,
				
			    "hitEffect": "flakExplosionBig",
				"despawnEffect": "bigShockwave"
				"hitSound": "explosion",
			
               "smokeEffect": "shootBigSmoke",

	 	
		
	
   
    
				"hitEffect": {
			"type": "MultiEffect",
			"effects": [
				{
					"type": "ParticleEffect",
					"particles": 20,
					"line": true,
					"sizeFrom": 10,
					"sizeTo": 0,
					"length": 20,
					"baseLength": 10,
					"lifetime": 60,
					"colorFrom": "ffffff",
					"colorTo": "ffffff"
				},
				
			

			]
		}
		

			
		
			
			


	
		
			
	 "despawnEffect": "bigShockwave" 
	  }
	  "parts": [
	{
		"type": "RegionPart",
		"mirror": true,
		"suffix": "-管",
		"under": true,
		"moveY": -1,
		"heatProgress": "recoil",                                                                           
		"progress": "recoil"
	}
]
	  }
	]
 	"research": {
		"parent": "战术核心",
		"objectives": [
			{
				"type": "SectorComplete",
				"preset": "搁浅滩"
			}
		]
	}
}