{
	"type": "tank",
	"name": "T-A36自行火炮",
	"description":"使用T-A36坦克底座，升级火控系统，安装大口径火炮，对远距离单位实现精准打击，机动性不错，但自身脆弱，优先给予保护",
	"squareShape": true,
	"omniMovement": false,
	"rotateMoveFirst": false,
	"speed": 0.7,
	"hitSize": 42,
	"drownTimeMultiplier": 2,
	"crushDamage": 3,

	"treadRects": [
		{
			"x": -67,
			"y": -84,
			"width": 45,
			"height": 170
		},
		{
			"x": -80,
			"y": -120,
			"width": 29,
			"height": 22
		},
	
	],

	"ammoType": "blast-compound",
	"ammoCapacity": 50,
	"targetAir": false,
	"health": 7600,
	"armor": 12,
	"rotateSpeed": 0.9,
	"itemCapacity": 50,
	"faceTarget": false,
	"immunities":["wet",],
		"shoot": {
			"shots": 1,
			"shotDelay": 20
		},


	"weapons": [
		{
			"name": "T-A36自行火炮a",
			"reload": 400,
			"x": 0,
			"y": -0.5,
			"shootY": 33,
			"cooldownTime":  100,			
			"rotate": true,
			"top": true,
			"rotateSpeed": 1.4,
			"recoil": 6,
			"mirror": false,
			"inaccuracy": 0.1,
			"shootSound": "火炮1",
			"shake": 12,
			"shootStatus": "unmoving",
			"bullet": {
			"type": "ArtilleryBulletType",
		        "sprite": "全球行动-炮弹",
		        "backColor": "FF7055",
                "frontColor": "E3E3E3",
                
				"damage":  1200,
				"splashDamage": 1850,
				"splashDamageRadius": 55,
                "statusDuration": 50,
				//"buildingDamageMultiplier": -99,
				"speed": 22,
				"lifetime": 34,		           
				"width": 29,       
                "height": 38,
				
				"pierce": true,
				"pierceCap": 1,
				"knockback": 4,
			    "hitEffect": "flakExplosionBig",
				"despawnEffect": "bigShockwave"
				"hitSound": "爆炸1",
			
               "smokeEffect": "shootBigSmoke",

	 	
		
	
   
    
				"hitEffect": {
			"type": "MultiEffect",
			"effects": [
				{
					"type": "ParticleEffect",
					"particles": 50,
					"sizeFrom": 7,
					"sizeTo": 1,
					"length": 3,
					"baseLength": 2,
					"lifetime": 45,
					"colorFrom": "ffffff",
					"colorTo": "ffffff"
				},
				{
					"type": "WaveEffect",
					"lifetime": 25,
					"sizeFrom": 1,
					"sizeTo": 15,
					"strokeFrom": 6,
					"strokeTo": 15,
					"colorFrom": "ffffff",
					"colorTo": "ffffff"
				}
			
				{
					"type": "ParticleEffect",
					"particles": 200,
					"line": true,
					"sizeFrom": 40,
					"sizeTo": 0,
					"length": 50,
					"baseLength": 20,
					"lifetime": 80,
					"colorFrom": "ffffff",
					"colorTo": "ffffff"
				},
			    
			    {
					"type": "ParticleEffect",
					"particles": 100,
					 "line": true,
					"sizeFrom": 50,
					"sizeTo": 0,
					"length": 100,
					"baseLength": 40,
					"lifetime": 80,
					"colorFrom": "ffffff",
					"colorTo": "ffffff"
				},
				{
					"type": "ParticleEffect",
					"particles": 50,
					"line": true,
					"sizeFrom": 80,
					"sizeTo": 0,
					"length": 120,
					"baseLength": 50,
					"lifetime": 80,
					"colorFrom": "ffffff",
					"colorTo": "ffffff"
				},
					{
					"type": "ParticleEffect",
					"particles": 200,
					"line": true,
					"sizeFrom": 100,
					"sizeTo": 0,
					"length": 180,
					"baseLength": 70,
					"lifetime": 80,
					"colorFrom": "ffffff",
					"colorTo": "ffffff"
				},
                
                	{
					"type": "ParticleEffect",
					"particles":  150,
					"line": true,
					"sizeFrom": 120,
					"sizeTo": 0,
					"length": 200,
					"baseLength": 70,
					"lifetime": 80,
					"colorFrom": "ffffff",
					"colorTo": "ffffff"
				},
                
                
                

			]
		}
		

			
		
			
			


	
		
			
	 "despawnEffect": "bigShockwave" 
	  }
	  "parts": [
	{
		"type": "RegionPart",
		"mirror": true,
		"suffix": "-管",
		"under": false,
		"moveY": -2,
		"heatProgress": "recoil",                                                                           
		"progress": "recoil"
	}
]
	  }
	]

}