{
	"type": "tank",
	"name": "T-A36",
	"description":"标准化重型坦克，安装大口径高爆弹内携带大量碎甲弹，厚重的装甲使其移动缓慢",
	"squareShape": true,
	"omniMovement": false,
	"rotateMoveFirst": false,
	"speed": 0.5,
	"hitSize": 62,
	"drownTimeMultiplier": 4.22,
	"crushDamage": 8,



	"ammoType": "blast-compound",
	"ammoCapacity": 50,
	"targetAir": true,
	"health": 52680,
	"armor": 36,
	"rotateSpeed": 0.59,
	"itemCapacity": 50,
	"faceTarget": false,
	"immunities":["wet",],
	"targetFlags": [
		"core",
		"turret"
	],



	"weapons": [
		{
			"name": "T-A36l",
			"reload": 180,
			"x": 0,
			"y": -0.5,
			"shootY": 33,
			"cooldownTime": 200,
			"rotate": true,
			"top": true,
			"rotateSpeed": 1.4,
			"recoil": 6,
			"mirror": false,
			"inaccuracy": 0.1,
			"shootSound": "坦克主炮1",
			"shake": 12,
			"bullet": {
		        "sprite": "全球行动-炮弹",
				"damage": 680,
				"splashDamage": 480,
				"splashDamageRadius": 44,
				"status": "碎甲",
                "statusDuration": 500,
				"buildingDamageMultiplier": 4,
				"speed": 14,
				"lifetime": 29,
			    "width": 16,       
                "height": 28,
			
			
				"knockback": 2,
			    "hitEffect": "flakExplosionBig",
				"despawnEffect": "bigShockwave"
				"hitSound": "explosion",
			
               "smokeEffect": "shootBigSmoke",

	 
     	"hitEffect": {
			"type": "MultiEffect",
			"effects": [
			
					{
					"type": "ParticleEffect",
					"particles": 35,
				    "region":"全球行动-三角形",
					"sizeFrom": 2.5,
					"sizeTo": 0,
					"length": 70,
					"baseLength": 8,
					"lifetime": 50,
					"colorFrom": "ffffff",
					"colorTo": "ffffff"
				},
					{
					"type": "ParticleEffect",
					"particles": 35,
			   "region":"全球行动-三角形",					
					"sizeFrom": 2.5,
					"sizeTo": 0,
					"length": 77,
					"baseLength": 8,
					"lifetime": 50,
					"colorFrom": "ffffff",
					"colorTo": "ffffff"
				},
					{
					"type": "ParticleEffect",
					"particles": 35,
					"line": true,
					"sizeFrom": 120,
					"sizeTo": 0,
					"length": 50,
					"baseLength": 90,
					"lifetime": 80,
					"colorFrom": "ffffff",
					"colorTo": "ffffff"
				},
				     { //生成星星特效
						"type": "WrapEffect",
						"effect": "dynamicSpikes",
						"color": "ffffff",
						"rotation": 60,
					},	 
				]
				}
    
			
		
	
   
    
		"fragBullets": 16,
      "fragRandomSpread": 20,
      "fragBullet": {
	  "status": "碎甲",
      "statusDuration": 90,
	  "width": 4,
	  "height": 6,
      "damage": 26.5,
	  "lifetime": 15,
	  "speed": 9
   	"knockback": 1,
   	}

	}		
		
			
			


	
		
			
	 "despawnEffect": "bigShockwave" 
	  
	  "parts": [
	{
		"type": "RegionPart",
		"mirror": true,
		"suffix": "-管",
		"under": true,
		"moveY": -4,
		"heatProgress": "recoil",                                                                           
		"progress": "recoil"
	}


]

	
	}
	]
	"research": {
		"parent": "T-A4",
		"objectives": [
			{
				"type": "SectorComplete",
				"preset": "冰原壁垒"//冰原
			}
		]
	}
}