{
	"type": "tank",
	"name": "T-A4",
	"description":"T-A4中型坦克，是战场上主要支援型坦克，优秀的机动性及装甲防护能力在战场上穿梭自如",
	"squareShape": true,
	"omniMovement": false,
	"rotateMoveFirst": false,
	"speed": 0.8,
	"hitSize": 42,
	"drownTimeMultiplier": 2,
	"crushDamage": 6,

	"treadRects": [
		{
			"x": -80,
			"y": -84,
			"width": 45,
			"height": 60
		},
		{
			"x": -80,
			"y": -120,
			"width": 29,
			"height": 22
		},
	
	],

	"ammoType": "blast-compound",
	"ammoCapacity": 40,
	"targetAir": true,
	"health": 26600,
	"armor": 26,
	"rotateSpeed": 1.2,
	"itemCapacity": 20,
	"faceTarget": false,
	"immunities":["wet",],
		"shoot": {
			"shots": 1,
			"shotDelay": 20
		},


	"weapons": [
		{
			"name": "T-A4t",
			"reload": 145,
			"x": 0,
			"y": -0.5,
			"shootY": 33,
			"cooldownTime":  80,			
			"rotate": true,
			"top": true,
			"rotateSpeed": 1.9,
			"recoil": 6,
			"mirror": false,
			"inaccuracy": 0.1,
			"shootSound": "坦克主炮1",
			"shake": 2,
			"bullet": {
		        "sprite": "全球行动-炮弹",
		        "backColor": "FF7055",
                "frontColor": "E3E3E3",
                
				"damage": 460,
				"splashDamage": 260,
				"splashDamageRadius": 30,
                "statusDuration": 50,
				"buildingDamageMultiplier": 4,
				"speed": 12,
				"lifetime": 31,
	            "width": 15,       
                 "height": 21,
				
			
				"knockback": 0,
				
			    "hitEffect": "flakExplosionBig",
				"despawnEffect": "bigShockwave"
				"hitSound": "explosion",
			
               "smokeEffect": "shootBigSmoke",

	 	
		
	
   
    
				"hitEffect": {
			"type": "MultiEffect",
			"effects": [
				{
					"type": "ParticleEffect",
					"particles": 50,
					"line": true,
					"sizeFrom": 10,
					"sizeTo": 0,
					"length": 20,
					"baseLength": 10,
					"lifetime": 60,
					"colorFrom": "ffffff",
					"colorTo": "ffffff"
				},
				
			
				{
					"type": "ParticleEffect",
					"particles": 50,
					"line": true,
					"sizeFrom": 15,
					"sizeTo": 5,
					"length": 40,
					"baseLength": 15,
					"lifetime": 60,
					"colorFrom": "ffffff",
					"colorTo": "ffffff"
				},
			    
			    {
					"type": "ParticleEffect",
					"particles": 25,
					
					"line": true,
					"sizeFrom": 20,
					"sizeTo": 0,
					"length": 60,
					"baseLength": 20,
					"lifetime": 60,
					"colorFrom": "ffffff",
					"colorTo": "ffffff"
				},
				{
					"type": "ParticleEffect",
					"particles": 25,
					"line": true,
					"sizeFrom": 25,
					"sizeTo": 25,
					"length": 80,
					"baseLength": 30,
					"lifetime": 60,
					"colorFrom": "ffffff",
					"colorTo": "ffffff"
				},
                
                

			]
		}
		

			
		
			
			


	
		
			
	 "despawnEffect": "bigShockwave" 
	  }
	  "parts": [
	{
		"type": "RegionPart",
		"mirror": true,
		"suffix": "-管",
		"under": true,
		"moveY": -2,
		"heatProgress": "recoil",                                                                           
		"progress": "recoil"
	}
]
	  }
	]
	"research": {
		"parent": "T-A3",
		"objectives": [
			{
				"type": "SectorComplete",
				"preset": "3号禁区"//三号禁区
			}
		]
	}
}