{
    "type": "battery",
    "category": "power",
    "name": "迷你电池",
    "description":"储存电网多余电力，并在电网供电不足时放电。这种小型号电池非常适合填充蓝图空缺。",
    "research":"c-储电电堆",//科技树前置
    "size": 1,
    "health": 50,
    "drawer": {
		"type": "DrawMulti",
		"drawers": [
			"DrawDefault",
			{
				"type": "DrawPower",
				"emptyLightColor": "565666FF",
				"fullLightColor": "FB9567"
			},
			{
				"type": "DrawRegion",
				"suffix": "-top"
			}
		]
	},
    "requirements": [
        {"item": "copper", "amount":5},
        {"item": "金", "amount": 5}],
        "consumes": {"powerBuffered":350,}
}