{
    "type": "ConsumeGenerator",
    "name": "火力发电站",
    "description": "燃烧大量煤炭来产生电力。",
    "details": "最原始的燃料产生最纯正的电力，火力发电站可以说是每个根据地亘古不变的第一把火。",
    "size": 2,
    "health": 250,
    "hasItems": true,
    "powerProduction": 4.33333333333333,
    "itemCapacity": 20,
    "generateEffect": "generatespark",
    "consumes": {
        "items": {
            "items": [
                {"item": "coal","amount": 3}//一次消耗几个
            ]
        }
},
    "requirements": [
        {
            "item": "copper",
            "amount":50
        },
        {
            "item": "钢铁",
            "amount": 25
        }
    ],
    "ambientSound": "smelter",
    "ambientSoundVolume": 0.06,
    "drawer":{
		"type":"DrawMulti",
		"drawers":[
		{"type":"DrawDefault"},
		{"type":"DrawWarmupRegion"}
		]//发光特效
	}
    "category": "power",
    "research": {
	"parent": "a-电力枢纽"//科技树前置
	"requirements": [//研究花费
	"钢铁/180",
	"copper/260"	
	]	},
}