{
	"type": "ImpactReactor",
	"name": "温差反应堆",
	"description": "输入矿渣与冷冻液两种极端温度液体，\n利用温差爆炸反应生产巨量电力。\n需要先输入大量电力启动。",
	"details":"传闻天地间有最冷的灵珠与最热的魔丸，当灵珠与魔丸相撞......就能产生3600的净发电电量。",
	"size":4,
	"health":6400,
	"liquidCapacity":30,
	//液体容量
	"hasLiquids":true,
	"hasItems":true,
	"explosionRadius":64,
	//爆炸范围
	"explosionDamage":1600,
	//爆炸伤害
	"itemDuration":1200,
	//发电时间
	"powerProduction":84,
	//发电量
	"consumes":{
    	"power":24,
    	//耗电量
    	"liquids":[
    		{"liquid":"cryofluid","amount":0.6},
    		{"liquid":"slag","amount":0.4}
    	]
	},
	"requirements":[
	"钢铁/400",
		"silicon/500",
		"metaglass/200",
		"plastanium/200"
		"surge-alloy/200",
        ],
        "category":"power",
        "research":"h-核子反应堆"
}