{
    "type":"ImpactReactor",
    "name":"史莱姆电泵",
    "description":"裂解以释放凝胶中的两股剧烈能量，由此产生相当可观的电力。",
    "details":"我们最尖端的电动力学家发现，闪电球被激发能造成伤害，寒冰球被激发能获得护甲，而凝胶球被激发则能产生电力。",
    "size":2,
    "health":500,
    "hasItems":true,
    "itemCapacity":10,//物品容量
    "powerProduction":10.6666666666666666,
    "plasma0":"9DDF64FF",
    "plasma1":"9DDF64FF",
    "consumes":{
    "power":1.666666666666666,
        "items": {
            "items": [
                {"item": "凝胶","amount": 1}
            ]
        }
    },
    "requirements":[
        "metaglass/50"
        "silicon/50"
        "plastanium/50"
        "奥利哈钢/50"
	],
	"itemDuration":480,
	//发电时间
	"category": "power",
	"research": "h-核子反应堆",
	"hasLiquids":false,
	"liquidCapacity":0,
	"explosionRadius":48,
	"explosionDamage":100,
	"explodeEffect":"none",
}