{
	"type": "regenProjector",
    "category": "effect",//菜单栏
	"name": "回复灌木",
	"description": "对范围内受损植物回复生命值",//描述

	"size": 2,
	"health":1400
	"healPercent": 0.0666667,
	"squareSprite": false,

	"drawer"://特效
	{"type":"DrawMulti"
	"drawers":[
	"DrawDefault",
	{"type": "DrawLiquidTile",
	"drawLiquid": "hydrogen",
	},
	{"type":"DrawGlowRegion",
	"color":"D1EFFFFF"
	}
	{"type": "DrawPulseShape",
	"layer":1,
	"color": "D1EFFFFF"
	}
	{"type":"DrawShape",
	"layer":1,
	"radius":3.5,
	"useWarmupRadius":true,
	"timeScl":2,
	"color": "D1EFFFFF"
	}
	{"type": "DrawRegion",
	"suffix": "-cap"
	}	]	}

	"effect":{//修复特效
	"type":"multiEffect",
	"effects":[
	{"type": "ParticleEffect",
	"region":"circle-bullet",//区域贴图
	"particles": 3,
	"length":12,
	"lifetime":96,
	"sizeFrom":4,
	"sizeTo":0,
	"colorFrom":"D1EFFFFF",
	"colorTo":"D1EFFFFF"
	}	]	},

	"range":180,//范围
	"hasLiquids":true,
	"hasItems":true,

	"researchCostMultiplier":100,
	"consumes":{"power":2},

	"research": {
	"parent": "垂直茎"//科技树前置
	},

	"requirements": [//建造消耗
	"树枝/60",
	"叶子/55"
	],
	"research": {
	"requirements": [//研究花费
	"树枝/80",
	"叶子/50"
	]	},
}