{
	"type": "GenericSmelter",
	"name": "液氦制造器",//工厂名称
	"description": "用芯片自动控制钛和氦的比例，再用高亮的电将钛氦混合物冷冻至超低温，以此来制造最冷的东西，也就是液氦",//工厂介绍
	"health":200 ,//生命
	"itemCapacity":20,
	"size":2 ,//占地边长支持1~9对应贴图1x1=32x32像素.
	"hasPower":true ,//是否需要能量true为需要,false为不需要.
	"hasItems":true ,//是否需要物品true为需要,false为不需要.
	"hasLiquids": true
	"craftTime":60 ,//工作时间,这里的是60:1
	"updateEffect": "smeltsmoke",
	"consumes": {
		"power":5 ,//使用能量,比例1:60
		"items": {
			"items": [
				{ "item": "titanium", "amount":10  }
			]//生产消耗矿物,第一个""之间写矿物第二个:后写数量.
		}
		"liquid": {
			"liquid": "氦气",
			"amount": 0.5}
	},//生产所消耗的东西.
	"liquidCapacity":100
	"outputLiquid": {"liquid": "液氦", "amount":1 },
	"requirements": [
		{ "item": "铁板", "amount":300  }
	],//建造消耗,第一个""之间写矿物,第二个:后写数量
	"category": "crafting",//游戏界面分类,crafting是工厂分类
	"research": "氦气收集器",//科技树前一物品
	"idleSound": "respawning",
	"idleSoundVolume": 0.5
}