{
	"type": "GenericSmelter",
	"name": "火药搅拌机",
	"description": "搅拌硫和煤炭来得到火药",
	"health":100,
	"itemCapacity":10,
	"outputItem": {"item": "火药","amount":1 },
	"size":2,
	"hasPower": true,
	"hasItems": true,
	"craftTime":2,
	"updateEffect": "smeltsmoke",
	"consumes": {
		"power":5,
		"items": {
			"items": [
				{ "item": "pyratite", "amount": 1 },
				{ "item": "coal", "amount": 2 }
			]
		}
	},
	"requirements": [
		{ "item": "copper", "amount":50}
	],
	"category": "crafting",
	"research": "duo"
}
