{
	"type": "GenericCrafter",
	"name": "增生凭证办理",
	"description": "",
	"details":""
	"outputItems":["增生凭证/1",]//产出
	"size":2,//建筑大小
	"health":100,//血量
	"craftTime":1400,//÷60
	"itemCapacity":1,//容量
	"consumes": {
    "power":1//×60
    "items":{
          "items":[
	            "spore-pod/1",
	]
	}
	}
    "requirements":[
                  "metaglass/16","spore-pod/24","silicon/16",
	],//建造材料
    "category": "logic",
	"research":"异界交流通道"
	"updateEffect":"smeltsmoke",
	"canOverdrive": true,
	"hasPower": true,
	"hasItems": true,
}