{
	"type": "GenericCrafter",
	"name": "平民科技协议办理",
	"description": "",
	"details":""
	"outputItems":["平民科技协议/1",]//产出
	"size":2,//建筑大小
	"health":60,//血量
	"craftTime":1500,//÷60
	"itemCapacity": 1,//容量
	"consumes": {
    "power":1//×60
    "items":{
          "items":[
	            "copper/1","lead/1","scrap/1",
	]
	}
	}
    "requirements": [
    "copper/20","lead/20","scrap/25",
	],//建造材料
    "category": "logic",
	"research":"异界交流通道"
	"updateEffect":"smeltsmoke",
	"canOverdrive": true,
	"hasPower": true,
	"hasItems": true,
}