{
	"type": "GenericCrafter",
	"name": "沙璃科技凭证办理",
	"description": "",
	"details":""
	"outputItems":["沙璃科技-Serpulo/1",]//产出
	"size":2,//建筑大小
	"health":60,//血量
	"craftTime":1500,//÷60
	"itemCapacity":16,//容量
	"consumes": {
    "power":1//×60
    "items":{
          "items":[
	            "sand/16",
	]
	}
	}
    "requirements":[
                  "sand/45",
	],//建造材料
    "category": "logic",
	"research":"异界交流通道"
	"updateEffect":"smeltsmoke",
	"canOverdrive": true,
	"hasPower": true,
	"hasItems": true,
}