{
    "type": "itemBridge",
    "requirements": [
        {
            "item": "graphite",
            "amount": 4
        },
        {
            "item": "titanium",
            "amount": 4
        },
        {
            "item": "silicon",
            "amount": 2
        }
    ],
    "range": 6,
    "transportTime": 0.15,
    "itemCapacity": 30,
    "hasPower": false,
    "arrowSpacing": 5,
    "name": "高速传送带桥",
    "category": "distribution",
    "research": "bridge-conveyor"
}
//此方块儿为原版拓展