{
	"type": "legs",
	"fogRadius": 150,
	"legSplashDamage": 288,
	"legSplashRange": 13,
	"legCount": 6,
	"legExtension": -10,
	"lockLegBase": true,
	"legBaseOffset": 8,
	"legLength": 48,
	"legForwardScl": 0.6,
	"stepShake": 0.8,
	"legGroupSize": 2,
	"legMoveSpace": 0.6,
	"rippleScale": 1,
	"drownTimeMultiplier": 9,
	"legContinuousMove": true,
	"hovering": true,
	"allowLegStep": true,
	"canBoost": false,
	"template":"ErekirUnitType"
	"immunities":["melting","shocked","sapped","blasted","瘤""失活"],
	"targetFlags": ["turret"],
	"ammoType": "surge-alloy",
	"ammoCapacity": 300,
	"rotateSpeed": 0.88,
	"speed": 0.38,
	"hitSize": 60,
	"targetAir": false,
	"targetGround": false,
	"faceTarget": true,
	"health": 16600,
	"armor": 72,
	"abilities": [
			{
			"type": "ForceFieldAbility",
			"sides": 2,
			"radius": 65,
			"max": 1300,
			"regen": 1,
			"cooldown": 180
		}
			{
			"type": "LiquidExplodeAbility",
			"liquid": "盐水",
			"radAmountScale": 8,
			"radScale": 1.25,
		}
		]
	"itemCapacity": 0,
		"research": "清除",
	"requirements": {
		"block": "tetrative-reconstructor",
	},
	"weapons": [
	{
			"name": "水炮",
			"range": 350,
			"x": 0,
			"y": 17,
			"mirror": false,
			"recoil": 0,
			"reload": 10,
			"rotate": true,
			"inaccuracy": 10,
			"shootSound": "none",
			"bullet": {
				"type": "LiquidBulletType",
				"liquid": "盐水",
				"lifetime": 60,
				"speed": 10,
				"puddleSize": 10,
				"pierceArmor": true,
				"pierceCap": 4,
				"buildingDamageMultiplier": 0.5,
				"orbSize": 3.5,
				"knockback": 5,
				"statusDuration": 600,
				"status": "失活",
				"damage": 25,
			}
		},
	{
			"name": "歼灭导弹",
			"x": 10,
			"y": 11,
			"reload": 21,
			"shootStatus": "shielded",
			"shootStatusDuration": 120,
			"inaccuracy": 10,
			"rotate": true,
			"layerOffset": -20,
			"shootSound": "laser",
			"shootY": 6,
			"bullet": {
				"type": "BasicBulletType",
				"speed": 11,
				"lifetime": 33,
				"width": 14,
				"height": 18,
				"frontColor": "ABB3CD",
				"backColor": "ABB3CD",
				"trailLength": 11,
				"trailWidth": 3,
				"trailColor": "95A6DE",
				"hitShake": 4,
				"trailInterval": 1,
				"trailRotation": true,
				"trailEffect": {
					"type": "ParticleEffect",
					"particles": 3,
					"interp": "pow10Out",
					"line": true,
					"lenFrom": 18,
					"lenTo": 0,
					"strokeFrom": 1.5,
					"strokeTo": 1,
					"length": -45,
					"baseLength": 0,
					"lifetime": 40,
					"colorFrom": "ABB3CD",
					"colorTo": "ABB3CD",
					"cone": 13
				},
				"shootEffect": "shootBig2",
				"smokeEffect": {
					"type": "ParticleEffect",
					"particles": 9,
					"interp": "pow5Out",
					"sizeFrom": 3,
					"sizeTo": 0,
					"length": 45,
					"baseLength": 0,
					"lifetime": 30,
					"colorFrom": "ABB3CD",
					"colorTo": "ABB3CD",
					"cone": 13
				},
				"hitSound": "DBZ1",
				"hitSoundPitch": 4,
				"hitSoundVolume": 0.5,
				"hitEffect": {
					"type": "MultiEffect",
					"effects": [
						{
							"type": "ExplosionEffect",
							"lifetime": 28,
							"waveStroke": 6,
							"waveLife": 16,
							"waveRadBase": 3,
							"waveColor": "ABB3CD",
							"waveRad": 50,
							"smokes": 0,
							"sparkColor": "ABB3CD",
							"sparks": 10,
							"sparkRad": 50,
							"sparkStroke": 1.5,
							"sparkLen": 4
						},
						{
							"type": "ParticleEffect",
							"particles": 5,
							"sizeFrom": 5,
							"sizeTo": 0,
							"length": 38,
							"baseLength": 8,
							"interp": "circleOut",
							"sizeInterp": "circleOut",
							"lifetime": 28,
							"colorFrom": "ABB3CD",
							"colorTo": "E3E3E3"
						}
					]
				},
				"despawnEffect": "none",
				"damage": 58,
				"splashDamageRadius": 45,
				"splashDamage": 56,
				"status": "分解",
				"pierceArmor": true,
				"hittable":false,
				"absorbable":false,
				"lightningColor": "ABB3CD",
				"lightningDamage": 48,
				"lightning": 2,
				"lightningLength": 8,
				"lightningLengthRand": 8,
				"fragBullets": 6,
				"fragRandomSpread": 0,
				"fragSpread": 12,
				"fragBullet": {
					"type": "LightningBulletType",
					"status": "unmoving",
					"statusDuration": 120,
					"hitColor": "ABB3CD",
					"hitEffect": "hitLancer",
					"despawnEffect": "none",
					"lightningColor": "ABB3CD",
					"hitSound": "spark",
					"damage": 88,
					"lightning": 1,
					"lightningLength": 19,
					"lightningLengthRand": 7,
					"lightningType": {
						"instantDisappear": true,
						"lightningDamage": 34,
						"lightningLength": 4,
						"lightningLengthRand": 2,
						"collidesTeam": true,
						"hittable": false,
						"hitColor": "ABB3CD",
						"hitEffect": "hitLancer",
						"despawnEffect": "none",
						"lightningColor": "ABB3CD",
						"hitSound": "spark",
						"status": "shocked"
					}
				}
			}
		},
		{
			"name": "歼灭1",
			"reload": 500,
			"y": 7.75,
			"x": 0,
			"layerOffset": 0.02,
			"parts": [
				{
					"type": "RegionPart",
					"progress": "reload",
					"mirror": false,
					"under": true,
					"x": 0,
					"y": 0,
					"suffix": "-1",
					"moveY": -16
				}
			],
			"ejectEffect": {
				"type": "MultiEffect",
				"effects": [
					{
						"type": "ParticleEffect",
						"particles": 32,
						"sizeFrom": 15,
						"sizeTo": 0,
						"length": 180,
						"baseLength": 0,
						"interp": "pow10Out",
						"sizeInterp": "pow5In",
						"layer": 60,
						"lifetime": 185,
						"colorFrom": "73737390",
						"colorTo": "73737390"
					},
					{
						"type": "ParticleEffect",
						"particles": 22,
						"sizeFrom": 25,
						"sizeTo": 0,
						"length": 180,
						"baseLength": 0,
						"interp": "pow10Out",
						"sizeInterp": "pow5In",
						"layer": 60,
						"lifetime": 185,
						"colorFrom": "73737390",
						"colorTo": "73737390"
					},
					{
						"type": "WaveEffect",
						"lifetime": 13,
						"sizeFrom": 0,
						"sizeTo": 150,
						"strokeFrom": 66,
						"strokeTo": 16,
						"layer": 60,
						"colorFrom": "FFFFFF",
						"colorTo": "FFFFFF10"
					}
				]
			},
			"shake": 15,
			"mirror": false,
			"rotate": false,
			"autoTarget": false,
			"shootY": 34,
			"cooldownTime": 300,
			"inaccuracy": 0,
			"shootSound": "largeCannon",
			"recoil": 6,
			"bullet": {
				"type": "BasicBulletType",
				"buildingDamageMultiplier": 2,
				"damage": 6100,
				"speed": 25,
				"lifetime": 120,
				"recoil": 1.32,
				"scaleLife": true,
				"collidesTiles": false,
				"collidesAir": false,
				"collidesGround": false,
				"sprite": "missile-large",
				"shrinkX": 0,
				"shrinkY": 0,
				"hitSize": 10,
				"width": 25,
				"height": 55,
				"backColor": "FEEBB3",
				"frontColor": "FFFFFF",
				"trailColor": "FEEBB3",
				"trailLength": 10,
				"trailWidth": 6,
				"trailChance": 1,
				"trailInterval": 10,
				"trailEffect": {
					"type": "ParticleEffect",
					"particles": 3,
					"length": 26,
					"interp": "fastSlow",
					"baseLength": 0,
					"lifetime": 105,
					"colorFrom": "FEEBB3",
					"colorTo": "FEEBB3",
					"sizeFrom": 7,
					"sizeTo": 0
				},
				"lightningDamage": 2350,
				"lightning": 2,
				"lightningLength": 5,
				"hitEffect": {
					"type": "MultiEffect",
					"effects": [
						{
							"type": "ParticleEffect",
							"particles": 4,
							"sizeFrom": 15,
							"sizeTo": 0,
							"length": 20,
							"baseLength": 48,
							"lifetime": 25,
							"colorFrom": "FEEBB380",
							"colorTo": "FEEBB300"
						},
						{
							"type": "ParticleEffect",
							"particles": 22,
							"line": true,
							"strokeFrom": 3,
							"strokeTo": 0,
							"lenFrom": 24,
							"lenTo": 0,
							"length": -63,
							"baseLength": 64,
							"lifetime": 20,
							"colorFrom": "FEEBB3",
							"colorTo": "FEEBB3"
						},
						{
							"type": "WaveEffect",
							"lifetime": 25,
							"sizeFrom": 0,
							"sizeTo": 66,
							"strokeFrom": 3,
							"strokeTo": 0,
							"colorFrom": "FEEBB3",
							"colorTo": "FEEBB3"
						}
					]
				},
				"shootEffect": {
					"type": "MultiEffect",
					"effects": [
						{
							"type": "ParticleEffect",
							"particles": 1,
							"sizeFrom": 10,
							"sizeTo": 100,
							"length": 0,
							"baseLength": 0,
							"lifetime": 45,
							"colorFrom": "FEEBB3",
							"colorTo": "FEEBB300",
							"cone": 0
						},
						{
							"type": "WaveEffect",
							"lifetime": 25,
							"sizeFrom": 2,
							"sizeTo": 90,
							"strokeFrom": 8,
							"strokeTo": 0,
							"colorFrom": "FEEBB3",
							"colorTo": "FEEBB3"
						}
					]
				},
				"smokeEffect": "smokeCloud",
				"despawnEffect": {
					"type": "ParticleEffect",
					"particles": 1,
					"sizeFrom": 100,
					"sizeTo": 0,
					"length": 0,
					"baseLength": 0,
					"lifetime": 50,
					"colorFrom": "FEEBB3",
					"colorTo": "FEEBB3"
				},
				"hitSound": "largeCannon",
				"fragLifeMin": 1,
				"fragBullets": 1,
				"fragBullet": {
					"instantDisappear": true,
					"speed": 0,
					"collides": false,
					"absorbable": false,
					"buildingDamageMultiplier": 3,
					"damage": 500,
					"splashDamage": 1790,
					"splashDamageRadius": 185,
					"hitShake": 35,
					"hitSound": "largeCannon",
					"hitSoundVolume": 18,
					"hitEffect": {
						"type": "MultiEffect",
						"effects": [
							{
								"type": "ParticleEffect",
								"particles": 59,
								"sizeFrom": 15,
								"sizeTo": 0,
								"length": 140,
								"baseLength": 58,
								"lifetime": 55,
								"colorFrom": "FEEBB3",
								"colorTo": "FFFFFF"
							},
							{
								"type": "ParticleEffect",
								"particles": 72,
								"line": true,
								"strokeFrom": 12,
								"strokeTo": 0,
								"lenFrom": 35,
								"lenTo": 60,
								"length": 203,
								"baseLength": 30,
								"lifetime": 20,
								"colorFrom": "FEEBB3",
								"colorTo": "FEEBB3"
							},
							{
								"type": "WaveEffect",
								"lifetime": 25,
								"sizeFrom": 2,
								"sizeTo": 180,
								"strokeFrom": 8,
								"strokeTo": 0,
								"colorFrom": "FEEBB3",
								"colorTo": "FEEBB3"
							}
						]
					},
					"despawnEffect": "none"
				},
				"bulletInterval": 1,
				"intervalBullets": 2,
				"intervalRandomSpread": 30,
				"intervalSpread": 8,
				"intervalAngle": 0,
				"intervalBullet": {
					"type": "LightningBulletType",
					"damage": 326,
					"lightningColor": "FEEBB3",
					"hitColor": "FEEBB3",
					"lightningLength": 5,
					"lightningLengthRand": 10,
					"hitEffect": "hitLancer",
					"despawnEffect": "none",
					"status": "损坏I",
					"statusDuration": 180
				}
			}
		}
		{
			"name": "歼灭光圈",
			"x": 0,
			"y": 0,
			"reload": 220,
			"rotate": false,
			"alternate": false,
			"top":true
			"shootSound": "release",
			"inaccuracy": 0,
			"shootCone": 10,

			}
	]
}