{
	"type": "UnitFactory",
    "health":400,
	"size":3,
	"consumes":{
		"power":4
	},
	"plans":[
	    { "unit": "engineer", "time": 1200, "requirements": [ 
            { "item": "lead", "amount": 40},
            { "item": "silicon", "amount": 70},
			{ "item": "titanium", "amount": 80},
			{ "item": "graphite", "amount": 70},
			]
	    },
	    { "unit": "porter", "time": 1200, "requirements": [ 
            { "item": "lead", "amount": 20},
            { "item": "silicon", "amount": 60},
			{ "item": "titanium", "amount": 80},
			{ "item": "graphite", "amount": 40},
			]
	    },
		{ "unit": "miner", "time": 1200, "requirements": [ 
            { "item": "plastanium", "amount": 20},
            { "item": "silicon", "amount": 80},
			{ "item": "titanium", "amount": 80},
			{ "item": "graphite", "amount": 80},
			]
	    },
		],
	"requirements": [
            { "item": "silicon", "amount": 180},
			{ "item": "titanium", "amount": 180},
            { "item": "copper", "amount": 300},
            { "item": "lead", "amount": 200},
            { "item": "致密金属块", "amount": 120}
		],
	"category":"units",
	"research":"additive-reconstructor"
}