{
	"type": "UnitFactory",
    "health":12000,
    "liquidCapacity":3000
	"size":9,
	"consumes":{
		"power":50
		"liquid": {
			"liquid": "cryofluid",
			"amount": 4.999
		}
	},
	"plans":[
	    { "unit": "reign", "time": 7200, "requirements": [ 
            { "item": "titanium", "amount": 800},
            { "item": "silicon", "amount": 1600},
			{ "item": "plastanium", "amount": 1000},
			{ "item": "phase-fabric", "amount": 350},
            { "item": "surge-alloy", "amount": 500},
			]
	    },
	    { "unit": "corvus", "time": 7200, "requirements": [ 
            { "item": "titanium", "amount": 800},
            { "item": "silicon", "amount": 1600},
			{ "item": "plastanium", "amount": 1000},
			{ "item": "phase-fabric", "amount": 350},
            { "item": "surge-alloy", "amount": 500},
			]
	    },
	    { "unit": "toxopid", "time": 7200, "requirements": [ 
            { "item": "titanium", "amount": 800},
            { "item": "silicon", "amount": 1600},
			{ "item": "plastanium", "amount": 1000},
			{ "item": "phase-fabric", "amount": 350},
            { "item": "surge-alloy", "amount": 500},
			]
	    },
	    { "unit": "eclipse", "time": 7200, "requirements": [ 
            { "item": "titanium", "amount": 850},
            { "item": "silicon", "amount": 1600},
			{ "item": "plastanium", "amount": 1000},
			{ "item": "phase-fabric", "amount": 350},
            { "item": "surge-alloy", "amount": 500},
			]
	    },
	    { "unit": "oct", "time": 7200, "requirements": [ 
            { "item": "titanium", "amount": 850},
            { "item": "silicon", "amount": 1600},
			{ "item": "plastanium", "amount": 1000},
			{ "item": "phase-fabric", "amount": 350},
            { "item": "surge-alloy", "amount": 500},
			]
	    },
	    { "unit": "omura", "time": 7200, "requirements": [ 
            { "item": "titanium", "amount": 800},
            { "item": "silicon", "amount": 1600},
			{ "item": "plastanium", "amount": 1000},
			{ "item": "phase-fabric", "amount": 350},
            { "item": "surge-alloy", "amount": 500},
            { "item": "metaglass", "amount": 200},
			]
	    },
	    { "unit": "navanax", "time": 7200, "requirements": [ 
            { "item": "titanium", "amount": 800},
            { "item": "silicon", "amount": 1600},
			{ "item": "plastanium", "amount": 1000},
			{ "item": "phase-fabric", "amount": 350},
            { "item": "surge-alloy", "amount": 500},
            { "item": "metaglass", "amount": 200},
			]
	    },
	],
	"requirements": [
            { "item": "silicon", "amount": 4500},
            { "item": "thorium", "amount": 1500},
            { "item": "plastanium", "amount": 900},
            { "item": "phase-fabric", "amount": 900},
            { "item": "lead", "amount": 6000},
            { "item": "surge-alloy", "amount": 1200},
            { "item": "titanium", "amount": 3000},
            { "item": "致密金属块", "amount": 1200}
            { "item": "强化合金块", "amount": 600}
		],
	"category":"units",
	"research":"tetrative-reconstructor"
}