 {
	"type": "SingleTypeGenerator",
	"name": "Fusion Generator",
	"description": "Combines thorium and phase fabric to produce massive amounts of power. Requires blastanium to sustain the reaction.",
	"size": 4,
	"hasPower": true,
	"hasItems": true,
	"itemDuration": 200,
	"powerProduction": 160,
	"consumes": {
		     "items": {
			"items": [
				{ "item": "thorium", "amount": 2 },
				{ "item": "phase-fabric", "amount": 1 }
			],
			"optional": false
		},
		"liquid": {
			"liquid": "cryofluid",
			"amount": 1.0
	        }
	},
	"requirements": [
		{ "item": "trinium", "amount": 120 },
		{ "item": "silicon", "amount": 150 },
		{ "item": "titanium", "amount": 300 },
    		{ "item": "plastanium", "amount": 40 }
	],
	"category": "power",
	"research": "impact-reactor"
}
