{
   "name": "酸蚀",
   "description": "酸正腐蚀您的设备",
   "damageMultiplier": 1,
   "healthMultiplier": 0.75,
   "speedMultiplier": 0.88,
   "reloadMultiplier": 0.9,
   "damage": 0.115,
   "permanent": false,
   "reactive": false,
   "color": "52C43BFF",
   "disarm": false,
   "transitionDamage": 20,
   "affinities": [
      "wet"
   ],
   "effect": {
      "type": "WaveEffect",
      "lifetime": 5,
      "sizeFrom": 1,
      "sizeTo": 1.7,
      "colorFrom": "52C43BFF",
      "colorTo": "52C43BFF"
   },
   "effectChance": 0.05
}