{
	"scaledHealth": 250,
	"armor": 8,
	"size": 4,
	"reload": 8.28,
	"range": 436,
	"maxAmmo": 60,
	"coolantMultiplier": 1,
	"liquidCapacity": 60,
	"inaccuracy": 3,
	"shake": 3,
	"rotateSpeed": 3,
	"canOverdrive": false,
	"research":"cyclone"//研究什么
	"ammoTypes": {
		"graphite": {
			"type": "BasicBulletType",
			"speed": 15,
			"lifetime": 31.1,
			"damage": 76.4,
			"knockback": 0.8,
			"reloadMultiplier": 1.6,
			"pierce": true,
			"pierceCap": 3,
			"hitSize": 5,
			"width": 15,
			"height": 21,
			"ammoMultiplier": 4,
			"shootEffect": "shootBig",
			"smokeEffect": "shootBigSmoke"
		},
		"thorium": {
			"type": "BasicBulletType",
			"speed": 15,
			"lifetime": 31.1,
			"damage": 94.2,
			"knockback": 0.6,
			"pierce": true,
			"pierceArmor": true,
			"pierceBuilding":true,
			"pierceCap": 3,
			"hitSize": 5,
			"width": 16,
			"height": 21,
			"hitEffect": "hitBulletBig",
			"shootEffect": "shootBig",
			"smokeEffect": "shootBigSmoke"
		},
		"pyratite": {
			"speed": 15,
			"lifetime": 31.1,
			"damage": 101.4,
			"splashDamageRadius": 28,
			"splashDamage": 38.2,
			"makeFire": true,
			"status": "burning",
			"statusDuration": 600,
			"incendChance": 0.3,
			"incendSpread": 16,
			"incendAmount": 3,
			"backColor": "FF8C00",
			"frontColor": "FFB90F",
			"hitSize": 5,
			"width": 16,
			"height": 21,
			"ammoMultiplier": 4,
			"hitEffect": {
				"type": "MultiEffect",
				"effects": [
					"hitBulletBig",
					"fireHit"
				]
			},
			"shootEffect": "shootBig",
			"smokeEffect": "shootBigSmoke"
		}
	}
}