{
	"range": 260,
	"reload":28,
	"shoot": {
		"shots": 4,
		"shotDelay": 2,
		"type": "ShootAlternate",
		"barrels": 3,
		"spread": 3.8
	},
	"research":"salvo"//研究什么
	"ammoPerShot":1,
	"ammoTypes": {
		"blast-compound": {
			"type": "MissileBulletType",
			"width": 8,
			"height": 8,
			"shrinkY": 0,
			"speed": 5,
			"lifetime": 52,
			"damage": 50,
			"splashDamageRadius": 30,
			"splashDamage": 80,
			"ammoMultiplier": 8,
			"hitEffect": "blastExplosion",
			"despawnEffect": "none",
			"status": "blasted",
			"statusDuration": 60
		},
		"pyratite": {
			"type": "MissileBulletType",
			"frontColor": "f8ad42",
			"backColor": "f68021",
			"width": 7,
			"height": 8,
			"shrinkY": 0,
			"homingPower": 0.08,
			"makeFire": true,
			"speed": 5,
			"lifetime": 52,
			"damage": 38,
			"splashDamageRadius": 20,
			"splashDamage": 58,
			"ammoMultiplier": 8
			"hitEffect": "blastExplosion",
			"despawnEffect": "none",
			"status": "burning",
			"statusDuration": 360
		},
		"surge-alloy": {
			"type": "MissileBulletType",
			"backColor":"F2E770",
			"frontColor":"FFFFFF",
			"trailColor":"F2E770",
			"width": 8,
			"height": 8,
			"shrinkY": 0,
			"speed": 5,
			"lifetime": 52,
			"damage": 42,
			"splashDamageRadius": 25,
			"splashDamage": 87,
			"ammoMultiplier": 6,
			"hitEffect": "blastExplosion",
			"despawnEffect": "none",
			"lightningDamage": 20,
			"lightning": 2,
			"lightningLength": 10
		},
	}
}