{
	"type": "ItemTurret",
	"name": "火倾",
	"targetAir": true,
	"targetGround": true,
	"health": 20960,
	"size": 8,
	"heatColor": "turretHeat",
	"shootSound": "plasmadrop",
	"shake": 0.2,
	"inaccuracy": 9,
	"recoil": 2,
	"shoot": {
		"shots": 180,
		"shotDelay": 0.2,//延时射击
		"type": "ShootAlternate",//射击候补
		"barrels": 20,//枪管
		"spread": 3
	},//射击
	"ammoTypes": {
	"高爆弹": {
			"hitSound": "plasmaboom",
			"buildingDamageMultiplier": 0.2,
			"smokeEffect": "smokeCloud",
			"weaveScale": 8,
				"weaveMag": 1,
				"keepVelocity": false,
				"absorbable": false,
				"homingDelay": 10,
				"homingPower": 0.8,
				"homingRange": 100,
			"trailLength": 10,
			"trailWidth": 5,
			"trailColor": "FEEBB3",
			"hitShake": 4,
			"pierce": true,
			"pierceCap": 1,
			"ammoMultiplier": 1,
			"frontColor": "FEEBB3",
			"backColor": "FEEBB3",
			"pierceBuilding": true,
			"damage": 115,
			"splashDamageRadius": 25,
			"splashDamage": 45,
			"speed": 15,
			"lifetime": 60,
			"width": 18,
			"height": 28,
			"hitEffect": "flakExplosionBig",
			"fragVelocityMin": 0.01,
			"sprite": "missile-large",
			"shootEffect": {
				"type": "ParticleEffect",
				"particles": 8,
				"line": true,
				"strokeFrom": 3,
				"strokeTo": 0,
				"lenFrom": 12,
				"lenTo": 0,
				"length": 35,
				"baseLength": 3,
				"lifetime": 15,
				"colorFrom": "FEEBB3",
				"colorTo": "FFFFFF",
				"cone": 60
			},
			"hitEffect": {
				"type": "MultiEffect",
				"effects": [
					{
						"type": "ParticleEffect",
						"particles": 8,
						"sizeFrom": 8,
						"sizeTo": 0,
						"length": 55,
						"baseLength": 33,
						"lifetime": 30,
						"colorFrom": "FEEBB3",
						"colorTo": "737373FF"
					},
					{
						"type": "ParticleEffect",
						"particles": 16,
						"line": true,
						"sizeFrom": 4,
						"sizeTo": 0,
						"length": 73,
						"baseLength": 13,
						"lifetime": 22,
						"colorFrom": "585858",
						"colorTo": "585858"
					},
					{
						"type": "WaveEffect",
						"lifetime": 15,
						"sizeFrom": 1,
						"sizeTo": 90,
						"strokeFrom": 6,
						"strokeTo": 0,
						"colorFrom": "FEEBB3",
						"colorTo": "FFFFFF"
					}
				]
			},
				}
					"电磁弹": {
			"type": "BasicBulletType",
				"height": 16,
				"width": 10,
				"damage": 10,
				"shrinkY": 0,
				"weaveScale": 8,
				"weaveMag": 1,
				"keepVelocity": false,
				"absorbable": false,
				"homingDelay": 50,
				"homingPower": 0.08,
				"homingRange": 80,
				"splashDamageRadius": 25,
				"splashDamage": 5,
				"lightningDamage": 15,
		    "lightning": 1,
		    "lightningLength": 7,
				"sprite": "missile-large",
				"frontColor": "FFFFFF",
				"backColor": "97FFA8",
				"collidesTeam": true,
				"healPercent": 2.8,
				"trailLength": 46,
				"trailWidth": 2,
				"trailColor": "97FFA8",
				"speed": 5,
				"lifetime": 100,
				"drag": -0.017,
				"status": "电磁侵蚀",
				"statusDuration": 30
				"hitEffect": {
					"type": "ExplosionEffect",
					"lifetime": 28,
					"waveStroke": 6,
					"waveLife": 10,
					"waveRadBase": 7,
					"waveColor": "97FFA8",
					"waveRad": 30,
					"smokes": 6,
					"smokeColor": "FFFFFF",
					"sparkColor": "97FFA8",
					"sparks": 6,
					"sparkRad": 35,
					"sparkStroke": 1.5,
					"sparkLen": 4
				},
				"smokeEffect": "none",
				"hitSound": "plasmaboom",
				"fragBullets": 7,
				"fragVelocityMin": 0.3,
				"status": "电磁干扰",
				"statusDuration": 180
				"fragBullets": 1,
				"fragBullets": 1,
        	"fragBullet": {
				"type": "PointBulletType",
				"trailEffect": "none",
				"hitEffect": "flakExplosionBig",
				"splashDamageRadius": 0,
				"splashDamage": 1,
				"status": "电磁侵蚀",
				"statusDuration": 30,
				"speed": 0,
				"lifetime": 20
				"hitSoundVolume": 0.6,
			}
				},
				}
	"shootEffect": {
		"type": "WaveEffect",
		"lifetime": 8,
		"sizeFrom": 0,
		"sizeTo": 8,
		"strokeFrom": 1,
		"strokeTo": 0,
		"colorFrom": "FFFFFF",
		"colorTo": "FEEBB3"
	},
	"consumes": {
		"power": 20,
		"coolant": {
			"amount": 2,
			"optional": true
		}
	},
	"coolantMultiplier": 0.3,
	"reload": 340,
	"rotateSpeed": 13,
	"ammoPerShot":160,
	"maxAmmo":320,
	"range": 900,
	"category": "turret",
	"researchCostMultiplier": 0,
	"research": "能倾",
	"requirements": [
		"精炼钢/5000",
		"红宝石/2000",
		"集成电路/800",
		"精炼铜/4000"
	]
}