{
	"type": "ItemTurret",
	"name": "实验型电磁轨道炮",
	"health": 10500,
	"armor": 12,
	"size": 16,
	"shootY": 16,
	"shootSound": "release",
	"reload": 900,
	"canOverdrive": false,
	"accurateDelay": false,
	"moveWhileCharging": false
	"fogRadiusMultiplier": 0.25,
	"range": 2000,
	"recoilTime": 60,
	"recoil": 5,
	"maxAmmo": 720,
	"cooldownTime": 100,
	"targetGround": true,
	"targetAir": true,
	"inaccuracy": 0,
	"ammoPerShot": 360,
	"shake": 6,
	"liquidCapacity": 100000,
	"rotateSpeed": 2,
	"minWarmup": 0.8,
	"shootWarmupSpeed": 0.1,
	"heatColor": "BFFFDB80",
	"unitSort": "strongest",
		"shoot": {
		"type": "ShootPattern",
		"firstShotDelay": 200
	},
	"chargeSound": "lasercharge",
	"drawer": {
		"type": "DrawTurret",
		"parts": [
			//炮管前伸
			//导轨依次伸出*5
			//中后板开出散热板
			//背后能量罐侧出*3
			{
				"type": "HaloPart",
				"y": 64,
				"sides": 3,
				"shapes": 3,
				"color": "25C9AB",
				"colorTo": "25C9AB",
				"tri": true,
				"under": true,
				"progress": "reload",
				"radius": 16,
				"radiusTo": 0,
				"triLength": 110,
				"triLengthTo": 0,
				"haloRadius": 0,
				"haloRotation": 0,
				"haloRotateSpeed": -0.2
			},
			{
				"type": "HaloPart",
				"y": 64,
				"sides": 3,
				"shapes": 3,
				"color": "25C9AB",
				"colorTo": "25C9AB",
				"layer": 110,
				"tri": true,
				"progress": "reload",
				"radius": 16,
				"radiusTo": 0,
				"triLength": 220,
				"triLengthTo": 0,
				"haloRadius": 0,
				"haloRotation": 0,
				"haloRotateSpeed": 0.32
			}
			{
				"type": "RegionPart",
				"mirror": true,
				"x": 8,
				"y": 4,
				"suffix": "-前",
				"heatColor": "FFE176",
				"layer": 50,
				"moveX": 0,
				"moveY": 1
			},
			{
				"type": "ShapePart",
				"progress": "warmup",
				"y": -24,
				"sides": 3,
				"color": "25C9AB",
				"rotateSpeed": 2,
				"stroke": 0,
				"strokeTo": 2,
				"circle": false,
				"hollow": true,
				"radius": 0,
				"radiusTo": 9,
				"layer": 110
			},
			{
				"type": "ShapePart",
				"progress": "warmup",
				"y": -24,
				"color": "25C9AB",
				"stroke": 0,
				"strokeTo": 2,
				"circle": true,
				"hollow": true,
				"radius": 0,
				"radiusTo": 10,
				"layer": 110
			},
			{
				"type": "ShapePart",
				"progress": "warmup",
				"y": 0,
				"color": "25C9AB",
				"stroke": 0,
				"strokeTo": 2,
				"circle": true,
				"hollow": true,
				"radius": 0,
				"radiusTo": 100,
				"layer": 110
			},
			{
				"type": "ShapePart",
				"progress": "warmup",
				"y": 0,
				"sides": 3,
				"color": "25C9AB",
				"rotateSpeed": 1,
				"stroke": 0,
				"strokeTo": 2,
				"circle": false,
				"hollow": true,
				"radius": 0,
				"radiusTo": 100,
				"layer": 110
			},
				{
				"type": "HaloPart",
				"shapeRotation": 0,
				"progress": "warmup",
				"sides": 3,
				"shapes": 4,
				"y": 11,
				"color": "25C9AB",
				"colorTo": "BFFFDB",
				"layer": 100,
				"tri": true,
				"radius": 46,
				"radiusTo": 48,
				"triLength": 20,
				"triLengthTo": 22,
				"haloRadius": 100,
				"haloRadiusTo": 80,
				"haloRotateSpeed": -1.2
			},
			{
				"type": "HaloPart",
				"progress": "warmup",
				"sides": 3,
				"shapes": 3,
				"y": 11,
				"color": "25C9AB",
				"colorTo": "BFFFDB",
				"layer": 110,
				"tri": true,
				"radius": 46,
				"radiusTo": 48,
				"triLength": 20,
				"triLengthTo": 22,
				"haloRadius": 100,
				"haloRadiusTo": 105,
				"haloRotateSpeed": -8
			},//三角形部分外
		]
	},
	"consumes": {
	"liquid": "氘氚液体/10"
		"power": 36000,
		"coolant": {
			"amount": 150,
			"optional": true
		}
	},
	"shootEffect": {
		"type": "ParticleEffect",
		"particles": 1,
		"sizeFrom": 20,
		"sizeTo": 100,
		"length": 0,
		"baseLength": 0,
		"lifetime": 45,
		"colorFrom": "F2FF9C",
		"colorTo": "F2FF9C00",
		"cone": 0
	},
	"coolantMultiplier": 0.01,
	"ammoTypes": {
		"surge-alloy": {
			"type": "PointBulletType",
			"damage": 1100,
			"hitSound": "DBZ1",
			"speed": 50,
			"lifetime": 60,
			"hitShake": 8,
			"buildingDamageMultiplier": 0.01,
			"status": "重创",
			"statusDuration": 600,
			"splashDamageRadius": 55,
			"splashDamage": 800,
			"ammoMultiplier": 1
			"trailSpacing": 9,
			"chargeSound": "lasercharge",
			"trailEffect": {
				"type": "ParticleEffect",
				"particles": 10,
				"length": 1,
				"baseLength": 0,
				"lifetime": 50,
				"line": true,
				"randLength": false,
				"lenFrom": 40,
				"lenTo": 11,
				"strokeFrom": 20,
				"strokeTo": 0,
				"colorFrom": "BFFFDB",
				"colorTo": "25C9AB",
				"cone": 0
			},
			"despawnEffect": "none",
			"shootEffect": {
				"type": "MultiEffect",
				"effects": [
					{
						"type": "WaveEffect",
						"lifetime": 10,
						"sizeFrom": 5,
						"sizeTo": 10,
						"strokeFrom": 6,
						"strokeTo": 0,
						"colorFrom": "BFFFDB",
						"colorTo": "25C9AB"
					},
					{
						"type": "ParticleEffect",
						"particles": 5,
						"sizeFrom": 10,
						"sizeTo": 0,
						"length": 0,
						"baseLength": 0,
						"lifetime": 55,
						"colorFrom": "BFFFDB",
						"colorTo": "25C9AB",
						"cone": 0
					}
				]
			},
				"chargeEffect": {
				"type": "MultiEffect",
				"effects": [
		       {
					"type": "WaveEffect",
					"lifetime": 60,
					"sizeFrom": 180,
					"sizeTo": 0,
					"strokeFrom": 0,
					"strokeTo": 6,
					"colorFrom": "25C9AB",
					"colorTo": "BFFFDB"
					"progress": "warmup",
				},
				{
					"type": "WaveEffect",
					"lifetime": 55,
					"startDelay": 10,
					"sizeFrom": 180,
					"sizeTo": 0,
					"strokeFrom": 0,
					"strokeTo": 6,
					"interp": "circleIn",
					"colorFrom": "25C9AB",
					"colorTo": "BFFFDB"
					"progress": "warmup",
				},
				{
					"type": "WaveEffect",
					"lifetime": 50,
					"startDelay": 20,
					"sizeFrom": 180,
					"sizeTo": 0,
					"strokeFrom": 0,
					"strokeTo": 6,
					"interp": "circleIn",
					"colorFrom": "25C9AB",
					"colorTo": "BFFFDB"
					"progress": "warmup",
				},
				{
					"type": "WaveEffect",
					"lifetime": 40,
					"startDelay": 30,
					"sizeFrom": 180,
					"sizeTo": 0,
					"strokeFrom": 0,
					"strokeTo": 6,
					"interp": "circleIn",
					"colorFrom": "25C9AB",
					"colorTo": "BFFFDB"
					"progress": "warmup",
				},
				{
					"type": "ParticleEffect",
					"particles": 13,
					"strokeFrom": 0,
					"strokeTo": 2,
					"line": true,
					"sizeInterp": "pow5Out",
					"interp": "pow5In",
					"lenFrom": 0,
					"lenTo": 16,
					"length": -200,
					"baseLength": 200,
					"lifetime": 70,
					"colorFrom": "25C9AB",
					"colorTo": "BFFFDB"
					"progress": "warmup",
				},
				{
					"type": "ParticleEffect",
					"particles": 13,
					"strokeFrom": 0,
					"strokeTo": 2,
					"line": true,
					"sizeInterp": "pow5Out",
					"interp": "pow5In",
					"lenFrom": 0,
					"lenTo": 16,
					"length": -200,
					"baseLength": 200,
					"lifetime": 40,
					"startDelay": 4,
					"colorFrom": "25C9AB",
					"colorTo": "BFFFDB"
					"progress": "warmup",
				},
				{
					"type": "ParticleEffect",
					"particles": 13,
					"strokeFrom": 0,
					"strokeTo": 2,
					"line": true,
					"sizeInterp": "pow5Out",
					"interp": "pow5In",
					"lenFrom": 0,
					"lenTo": 16,
					"length": -200,
					"baseLength": 200,
					"lifetime": 30,
					"startDelay": 8,
					"colorFrom": "25C9AB",
					"colorTo": "BFFFDB"
					"progress": "warmup",
				},
					{
					"type": "ParticleEffect",
					"particles": 1,
					"sizeFrom": 0,
					"sizeTo": 12,
					"length": 0,
					"baseLength": -0,
					"lifetime": 70,
					"colorFrom": "25C9AB",
					"colorTo": "BFFFDB"
					"progress": "warmup",
				},
				{
					"type": "ParticleEffect",
					"particles": 1,
					"startDelay": 48,
					"sizeFrom": 12,
					"sizeTo": 0,
					"length": 0,
					"baseLength": -0,
					"lifetime": 65,
					"sizeInterp": "pow3In",
					"colorFrom": "BFFFDB",
					"colorTo": "25C9AB"
					"progress": "warmup",
				},
				{
						"type": "WaveEffect",
						"lifetime": 10,
						"sizeFrom": 5,
						"sizeTo": 80,
						"strokeFrom": 6,
						"strokeTo": 0,
						"colorFrom": "BFFFDB",
						"colorTo": "25C9AB"
						"progress": "warmup",
					}
					]
					}
			"smokeEffect": "smokeCloud",
			"hitEffect": {
				"type": "MultiEffect",
				"effects": [
					{
						"type": "WaveEffect",
						"lifetime": 15,
						"sizeFrom": 0,
						"sizeTo": 50,
						"strokeFrom": 3,
						"strokeTo": 0,
						"colorFrom": "BFFFDB",
						"colorTo": "25C9AB"
					},
					{
						"type": "ParticleEffect",
						"particles": 5,
						"sizeFrom": 50,
						"sizeTo": 0,
						"length": 0,
						"baseLength": 0,
						"lifetime": 55,
						"colorFrom": "BFFFDB",
						"colorTo": "25C9AB",
						"cone": 0
					}
				]
			},
			"despawnEffect": {
			"type": "ParticleEffect",
			"particles": 1,
			"sizeFrom": 260,
			"sizeTo": 0,
			"length": 0,
			"baseLength": 0,
			"lifetime": 180,
			"colorFrom": "F2FF9C",
			"colorTo": "F2FF9C"
		},
			"fragRandomSpread": 360
			"fragBullets": 20,
			"fragBullet": {
				"type": "PointBulletType",
				"trailSpacing": 8,
				"status": "电磁干扰",
				"statusDuration": 300,
				"trailEffect": {
					"type": "ParticleEffect",
					"particles": 2,
					"baseLength": 0.1,
					"length": 0.1,
					"lifetime": 60,
					"randLength": false,
					"lenFrom": 9
					"lenTo": 9,
					"strokeFrom": 100,
					"strokeTo": 0,
					"colorFrom": "BFFFDB",
					"colorTo": "25C9AB",
					"cone": 0
				},
				"hitEffect": {
					"type": "ParticleEffect",
					"particles": 5,
					"sizeFrom": 31,
					"sizeTo": 0,
					"length": 0,
					"baseLength": 0,
					"lifetime": 50,
					"colorFrom": "BFFFDB",
					"colorTo": "25C9AB",
					"cone": 60
				},
				"despawnEffect": {
					"type": "WaveEffect",
					"lifetime": 20,
					"sizeFrom": 0,
					"sizeTo": 40,
					"strokeFrom": 2,
					"strokeTo": 0,
					"colorFrom": "BFFFDB",
					"colorTo": "25C9AB"
				},
				}
				"hitShake": 3,
				"hitSound": "plasmaboom",
				"speed": 3.5,
				"lifetime": 60,
				"lightningColor": "BFFFDB",
				"splashDamageRadius": 25,
				"splashDamage": 180,
				"fragRandomSpread": 360,
				"fragBullets": 8,
				"fragBullet": {
					"type": "PointBulletType",
					"trailSpacing": 8,
					"status": "电磁干扰",
					"statusDuration": 38,
					"trailEffect": {
						"type": "ParticleEffect",
						"particles": 1,
						"baseLength": 0.1,
						"length": 0.1,
						"lifetime": 42,
						"line": true,
						"randLength": false,
						"lenFrom": 9,
						"lenTo": 9,
						"strokeFrom": 8,
						"strokeTo": 0,
						"colorFrom": "BFFFDB",
						"colorTo": "25C9AB",
						"cone": 0
					},
					"hitEffect": {
						"type": "ParticleEffect",
						"particles": 1,
						"sizeFrom": 49,
						"sizeTo": 0,
						"length": 0,
						"baseLength": 0,
						"lifetime": 50,
						"colorFrom": "BFFFDB",
						"colorTo": "25C9AB",
						"cone": 60
					},
					"despawnEffect": {
						"type": "WaveEffect",
						"lifetime": 50,
						"sizeFrom": 0,
						"sizeTo": 40,
						"strokeFrom": 2,
						"strokeTo": 0,
						"colorFrom": "BFFFDB",
						"colorTo": "25C9AB"
					},
					"hitShake": 3,
					"hitSound": "plasmaboom",
					"speed": 3,
					"lifetime": 60,
					"lightningDamage": 72,
					"lightning": 2,
					"lightningLength": 9,
					"lightningColor": "BFFFDB",
					"splashDamageRadius": 25,
					"splashDamage": 220.66,
					"fragRandomSpread": 360,
					"fragBullets": 1,
					"fragBullet": {
						"type": "PointBulletType",
						"trailSpacing": 8,
						"status": "电磁干扰",
						"statusDuration": 38,
						"trailEffect": {
							"type": "ParticleEffect",
							"particles": 11,
							"baseLength": 0.1,
							"length": 0.1,
							"lifetime": 22,
							"line": true,
							"randLength": false,
							"lenFrom": 39,
							"lenTo": 10,
							"strokeFrom": 8,
							"strokeTo": 0,
							"colorFrom": "BFFFDB",
							"colorTo": "25C9AB",
							"cone": 0
						},
						"hitEffect": {
							"type": "ParticleEffect",
							"particles": 11,
							"sizeFrom": 40,
							"sizeTo": 0,
							"length": 0,
							"baseLength": 0,
							"lifetime": 50,
							"colorFrom": "BFFFDB",
							"colorTo": "25C9AB",
							"cone": 60
						},
						"despawnEffect": {
							"type": "WaveEffect",
							"lifetime": 30,
							"sizeFrom": 0,
							"sizeTo": 40,
							"strokeFrom": 2,
							"strokeTo": 0,
							"colorFrom": "BFFFDB",
							"colorTo": "25C9AB"
						},
						"hitShake": 3,
						"hitSound": "plasmaboom",
						"speed": 10,
						"lifetime": 8,
						"lightningDamage": 72,
						"lightning": 2,
						"lightningLength": 9,
						"lightningColor": "BFFFDB",
						"splashDamageRadius": 85,
						"splashDamage": 280.6
					}
				}
			}
			"钛化钨钢": {
		"type": "BasicBulletType",
		"collidesAir": false,
		"damage": 25000,
		"splashDamageRadius": 240,
		"splashDamage": 8000,
		"lifetime": 100,
		"speed": 30,
		"sprite": "missile-large",
		"width": 32,
		"height": 46,
		"hitSize": 80,
		"shrinkX": 0,
		"shrinkY": 0,
		"hitShake": 70,
		"backColor": "F2FF9C",
		"frontColor": "FFFFFF",
		"trailColor": "F2FF9C",
		"trailLength": 90,
		"trailWidth": 12,
		"ammoMultiplier": 1,
		"status": "重创",
		"statusDuration": 12000,
		"hitSound": "largeCannon",
		"hitSoundVolume": 8,
			"trailSpacing": 3,
			"trailEffect": {
				"type": "ParticleEffect",
				"particles": 20,
				"length": 9,
				"baseLength": 0,
				"lifetime": 90,
				"line": true,
				"randLength": false,
				"lenFrom": 60,
				"lenTo": 11,
				"strokeFrom": 20,
				"strokeTo": 0,
				"colorFrom": "BFFFDB",
				"colorTo": "25C9AB",
				"cone": 0
			},
				"ShootEffect": {
			"type": "MultiEffect",
			"effects": [
					{
						"type": "ParticleEffect",
						"particles": 5,
						"sizeFrom": 10,
						"sizeTo": 0,
						"length": 0,
						"baseLength": 0,
						"lifetime": 55,
						"colorFrom": "BFFFDB",
						"colorTo": "25C9AB",
						"cone": 0
					}
					]
		},
			"hitEffect": {
			"type": "MultiEffect",
			"effects": [
				{
					"type": "ParticleEffect",
					"particles": 1,
					"baseLength": 1,
					"length": 0,
					"lifetime": 90,
					"spin": 4,
					"region": "饱和火力-星",
					"sizeFrom": 720,
					"sizeTo": 0,
					"colorFrom": "F2FF9C",
					"colorTo": "F2FF9C"
				},
				{
					"type": "ParticleEffect",
					"particles": 1,
					"sizeFrom": 20,
					"sizeTo": 320,
					"length": 0,
					"baseLength": 0,
					"lifetime": 40,
					"colorFrom": "F2FF9C",
					"colorTo": "F2FF9C80"
				},
				{
					"type": "WaveEffect",
					"lifetime": 30,
					"sizeFrom": 20,
					"sizeTo": 820,
					"strokeFrom": 22,
					"strokeTo": 3,
					"colorFrom": "F2FF9C",
					"colorTo": "F2FF9C80"
				},
				{
					"type": "WaveEffect",
					"lifetime": 30,
					"startDelay": 15,
					"sizeFrom": 20,
					"sizeTo": 820,
					"strokeFrom": 22,
					"strokeTo": 3,
					"colorFrom": "F2FF9C",
					"colorTo": "F2FF9C80"
				},
				{
					"type": "WaveEffect",
					"lifetime": 30,
					"startDelay": 30,
					"sizeFrom": 20,
					"sizeTo": 820,
					"strokeFrom": 22,
					"strokeTo": 3,
					"colorFrom": "F2FF9C",
					"colorTo": "F2FF9C80"
				},
				{
					"type": "ParticleEffect",
					"particles": 22,
					"sizeFrom": 89,
					"sizeTo": 0,
					"interp": "pow10Out",
					"sizeInterp": "pow10In",
					"length": 480,
					"baseLength": 90,
					"lifetime": 200,
					"colorFrom": "F2FF9C",
					"colorTo": "F2FF9C70"
				},
				{
					"type": "ParticleEffect",
					"particles": 102,
					"line": true,
					"strokeFrom": 5,
					"strokeTo": 0,
					"lenFrom": 320,
					"lenTo": 0,
					"length": 1250,
					"baseLength": 20,
					"lifetime": 42,
					"colorFrom": "F2FF9C",
					"colorTo": "F2FF9C"
				}
			]
		},
				"chargeEffect": {
				"type": "MultiEffect",
				"effects": [
				       {
					"type": "WaveEffect",
					"lifetime": 125
					"sizeFrom": 180,
					"sizeTo": 0,
					"strokeFrom": 0,
					"strokeTo": 6,
					"colorFrom": "25C9AB",
					"colorTo": "BFFFDB"
					"progress": "warmup",
				},
				       {
					"type": "WaveEffect",
					"lifetime": 115,
					"sizeFrom": 180,
					"sizeTo": 0,
					"strokeFrom": 0,
					"strokeTo": 6,
					"colorFrom": "25C9AB",
					"colorTo": "BFFFDB"
					"progress": "warmup",
				},
				       {
					"type": "WaveEffect",
					"lifetime": 95,
					"sizeFrom": 180,
					"sizeTo": 0,
					"strokeFrom": 0,
					"strokeTo": 6,
					"colorFrom": "25C9AB",
					"colorTo": "BFFFDB"
					"progress": "warmup",
				},
				       {
					"type": "WaveEffect",
					"lifetime": 85,
					"sizeFrom": 180,
					"sizeTo": 0,
					"strokeFrom": 0,
					"strokeTo": 6,
					"colorFrom": "25C9AB",
					"colorTo": "BFFFDB"
					"progress": "warmup",
				},
					       {
					"type": "WaveEffect",
					"lifetime": 75,
					"sizeFrom": 180,
					"sizeTo": 0,
					"strokeFrom": 0,
					"strokeTo": 6,
					"colorFrom": "25C9AB",
					"colorTo": "BFFFDB"
					"progress": "warmup",
				},
				       {
					"type": "WaveEffect",
					"lifetime": 65,
					"sizeFrom": 180,
					"sizeTo": 0,
					"strokeFrom": 0,
					"strokeTo": 6,
					"colorFrom": "25C9AB",
					"colorTo": "BFFFDB"
					"progress": "warmup",
				},
		       {
					"type": "WaveEffect",
					"lifetime": 55,
					"sizeFrom": 180,
					"sizeTo": 0,
					"strokeFrom": 0,
					"strokeTo": 6,
					"colorFrom": "25C9AB",
					"colorTo": "BFFFDB"
					"progress": "warmup",
				},
				{
					"type": "WaveEffect",
					"lifetime": 50,
					"startDelay": 10,
					"sizeFrom": 180,
					"sizeTo": 0,
					"strokeFrom": 0,
					"strokeTo": 6,
					"interp": "circleIn",
					"colorFrom": "25C9AB",
					"colorTo": "BFFFDB"
					"progress": "warmup",
				},
				{
					"type": "WaveEffect",
					"lifetime": 45,
					"startDelay": 20,
					"sizeFrom": 180,
					"sizeTo": 0,
					"strokeFrom": 0,
					"strokeTo": 6,
					"interp": "circleIn",
					"colorFrom": "25C9AB",
					"colorTo": "BFFFDB"
					"progress": "warmup",
				},
				{
					"type": "WaveEffect",
					"lifetime": 40,
					"startDelay": 30,
					"sizeFrom": 180,
					"sizeTo": 0,
					"strokeFrom": 0,
					"strokeTo": 6,
					"interp": "circleIn",
					"colorFrom": "25C9AB",
					"colorTo": "BFFFDB"
					"progress": "warmup",
				},
				{
					"type": "ParticleEffect",
					"particles": 13,
					"strokeFrom": 0,
					"strokeTo": 2,
					"line": true,
					"sizeInterp": "pow5Out",
					"interp": "pow5In",
					"lenFrom": 0,
					"lenTo": 16,
					"length": -200,
					"baseLength": 200,
					"lifetime": 50,
					"colorFrom": "25C9AB",
					"colorTo": "BFFFDB"
					"progress": "warmup",
				},
				{
					"type": "ParticleEffect",
					"particles": 13,
					"strokeFrom": 0,
					"strokeTo": 2,
					"line": true,
					"sizeInterp": "pow5Out",
					"interp": "pow5In",
					"lenFrom": 0,
					"lenTo": 16,
					"length": -200,
					"baseLength": 200,
					"lifetime": 40,
					"startDelay": 4,
					"colorFrom": "25C9AB",
					"colorTo": "BFFFDB"
					"progress": "warmup",
				},
				{
					"type": "ParticleEffect",
					"particles": 13,
					"strokeFrom": 0,
					"strokeTo": 2,
					"line": true,
					"sizeInterp": "pow5Out",
					"interp": "pow5In",
					"lenFrom": 0,
					"lenTo": 16,
					"length": -200,
					"baseLength": 200,
					"lifetime": 40,
					"startDelay": 8,
					"colorFrom": "25C9AB",
					"colorTo": "BFFFDB"
					"progress": "warmup",
				},
					{
					"type": "ParticleEffect",
					"particles": 1,
					"sizeFrom": 0,
					"sizeTo": 12,
					"length": 0,
					"baseLength": -0,
					"lifetime": 70,
					"colorFrom": "25C9AB",
					"colorTo": "BFFFDB"
					"progress": "warmup",
				},
				{
					"type": "ParticleEffect",
					"particles": 1,
					"y": 64,
					"startDelay": 98,
					"sizeFrom": 19,
					"sizeTo": 0,
					"length": 0,
					"baseLength": -0,
					"lifetime": 98,
					"sizeInterp": "pow3In",
					"colorFrom": "BFFFDB",
					"colorTo": "25C9AB"
					"progress": "warmup",
				},
				{
						"type": "WaveEffect",
						"lifetime": 25,
						"sizeFrom": 5,
						"sizeTo": 80,
						"strokeFrom": 6,
						"strokeTo": 0,
						"colorFrom": "BFFFDB",
						"colorTo": "25C9AB"
						"progress": "warmup",
					}
					]
					}
			"hitEffect": {
				"type": "MultiEffect",
				"effects": [
					{
						"type": "WaveEffect",
						"lifetime": 15,
						"sizeFrom": 0,
						"sizeTo": 50,
						"strokeFrom": 3,
						"strokeTo": 0,
						"colorFrom": "BFFFDB",
						"colorTo": "25C9AB"
					},
					{
						"type": "ParticleEffect",
						"particles": 5,
						"sizeFrom": 50,
						"sizeTo": 0,
						"length": 0,
						"baseLength": 0,
						"lifetime": 55,
						"colorFrom": "BFFFDB",
						"colorTo": "25C9AB",
						"cone": 0
					}
				]
			},
			"fragRandomSpread": 360
			"fragBullets": 20,
			"fragBullet": {
				"type": "PointBulletType",
				"trailSpacing": 8,
				"status": "电磁干扰",
				"statusDuration": 300,
				"trailEffect": {
					"type": "ParticleEffect",
					"particles": 2,
					"baseLength": 0.1,
					"length": 0.1,
					"lifetime": 60,
					"randLength": false,
					"lenFrom": 9
					"lenTo": 9,
					"strokeFrom": 100,
					"strokeTo": 0,
					"colorFrom": "BFFFDB",
					"colorTo": "25C9AB",
					"cone": 0
				},
				"hitEffect": {
					"type": "ParticleEffect",
					"particles": 5,
					"sizeFrom": 31,
					"sizeTo": 0,
					"length": 0,
					"baseLength": 0,
					"lifetime": 50,
					"colorFrom": "BFFFDB",
					"colorTo": "25C9AB",
					"cone": 60
				},
				"despawnEffect": {
					"type": "WaveEffect",
					"lifetime": 20,
					"sizeFrom": 0,
					"sizeTo": 40,
					"strokeFrom": 2,
					"strokeTo": 0,
					"colorFrom": "BFFFDB",
					"colorTo": "25C9AB"
				},
				"hitShake": 3,
				"hitSound": "plasmaboom",
				"speed": 3.5,
				"lifetime": 60,
				"lightningColor": "BFFFDB",
				"splashDamageRadius": 35,
				"splashDamage": 200,
				"fragRandomSpread": 360,
				"fragBullets": 8,
				"fragBullet": {
					"type": "PointBulletType",
					"trailSpacing": 8,
					"status": "电磁干扰",
					"statusDuration": 38,
					"trailEffect": {
						"type": "ParticleEffect",
						"particles": 1,
						"baseLength": 0.1,
						"length": 0.1,
						"lifetime": 42,
						"line": true,
						"randLength": false,
						"lenFrom": 9,
						"lenTo": 9,
						"strokeFrom": 8,
						"strokeTo": 0,
						"colorFrom": "F2FF9C",
						"colorTo": "F2FF9C",
						"cone": 0
					},
					"hitEffect": {
						"type": "ParticleEffect",
						"particles": 1,
						"sizeFrom": 49,
						"sizeTo": 0,
						"length": 0,
						"baseLength": 0,
						"lifetime": 50,
						"colorFrom": "F2FF9C",
						"colorTo": "F2FF9C",
						"cone": 60
					},
					"despawnEffect": {
						"type": "WaveEffect",
						"lifetime": 50,
						"sizeFrom": 0,
						"sizeTo": 40,
						"strokeFrom": 2,
						"strokeTo": 0,
						"colorFrom": "F2FF9C",
						"colorTo": "F2FF9C"
					},
					"hitShake": 3,
					"hitSound": "plasmaboom",
					"speed": 3,
					"lifetime": 60,
					"lightningDamage": 72,
					"lightning": 2,
					"lightningLength": 9,
					"lightningColor": "BFFFDB",
					"splashDamageRadius": 35,
					"splashDamage": 1450.66,
					"fragRandomSpread": 360,
					"fragBullets": 3,
					"fragBullet": {
						"type": "PointBulletType",
						"trailSpacing": 8,
						"status": "电磁干扰",
						"statusDuration": 38,
						"trailEffect": {
							"type": "ParticleEffect",
							"particles": 11,
							"baseLength": 0.1,
							"length": 0.1,
							"lifetime": 22,
							"line": true,
							"randLength": false,
							"lenFrom": 39,
							"lenTo": 10,
							"strokeFrom": 8,
							"strokeTo": 0,
							"colorFrom": "BFFFDB",
							"colorTo": "25C9AB",
							"cone": 0
						},
						"hitEffect": {
							"type": "ParticleEffect",
							"particles": 11,
							"sizeFrom": 40,
							"sizeTo": 0,
							"length": 0,
							"baseLength": 0,
							"lifetime": 50,
							"colorFrom": "BFFFDB",
							"colorTo": "25C9AB",
							"cone": 60
						},
						"despawnEffect": {
							"type": "WaveEffect",
							"lifetime": 30,
							"sizeFrom": 0,
							"sizeTo": 40,
							"strokeFrom": 2,
							"strokeTo": 0,
							"colorFrom": "BFFFDB",
							"colorTo": "25C9AB"
						},
						"hitShake": 3,
						"hitSound": "plasmaboom",
						"speed": 10,
						"lifetime": 8,
						"lightningDamage": 72,
						"lightning": 2,
						"lightningLength": 9,
						"lightningColor": "BFFFDB",
						"splashDamageRadius": 85,
						"splashDamage": 2680.6
					}
				}
			}
			"despawnEffect": {
			"type": "ParticleEffect",
			"particles": 8,
			"sizeFrom": 2.5,
			"sizeTo": 0,
			"length": 16,
			"baseLength": 0,
			"lifetime": 60,
			"interp": "pow3Out",
			"sizeInterp": "pow5In",
			"colorFrom": "25C9ABAA",
			"colorTo": "BFFFDB80"
		},
		"hitEffect": {
			"type": "MultiEffect",
			"effects": [
				{
					"type": "ParticleEffect",
					"particles": 6,
					"sizeFrom": 4,
					"sizeTo": 0,
					"length": 30,
					"baseLength": 0,
					"lifetime": 60,
					"interp": "pow5Out",
					"sizeInterp": "pow5In",
					"colorFrom": "25C9AB",
					"colorTo": "F2FF9C"
				},
				{
					"type": "ParticleEffect",
					"particles": 14,
					"strokeFrom": 1.2,
					"strokeTo": 0.8,
					"line": true,
					"lenFrom": 24,
					"lenTo": 0,
					"length": 50,
					"baseLength": -18,
					"lifetime": 22,
					"interp": "pow5Out",
					"sizeInterp": "pow5Out",
					"colorFrom": "F2FF9C",
					"colorTo": "F2FF9C",
					"cone": 36
				}
			]
		}
		}
		}
	"requirements": [
		"集成电路/2200",
		"超导体/82000",
		"铀/40000",
		"surge-alloy/30000"
		"metaglass/50000",
		"钛合金/110000",
	],
	"category": "turret",
	"research": "骏瑟"
}