{
	"type": "PowerTurret",
	"name": "扰平",
	"targetAir": true,
	"targetGround": true,
	"health": 360,
	"size": 1,
	"heatColor": "turretHeat",
	"shootSound": "JG1",
	"shake": 0.2,
	"inaccuracy": 3,
	"recoil": 2,
	"shoot": {
		"type": "ShootAlternate",
		"shots": 2,
		"shotDelay": 3,//延时射击
		"barrels": 1,
		"spread": 0
	},
	"recoilTime": 10,
	"shootType": {
		"type": "BasicBulletType",
		"damage": 7,
		"frontColor": "87CEEB",
		"backColor": "87CEEB",
		"width": 8,
		"height": 14,	   
		"trailLength": 3,
		"trailWidth": 1.8,
		"trailColor": "87CEEB",
		"status": "电击",
		"statusDuration": 110,
		"speed": 3.3,
		"lifetime": 45,
		"ammoMultiplier": 1,
		"hitEffect": {
			"type": "WaveEffect",
			"lifetime": 8,
			"sizeFrom": 0,
			"sizeTo": 8,
			"strokeFrom": 1,
			"strokeTo": 0,
			"colorFrom": "FFFFFF",
			"colorTo": "87CEEB"
		},
		"despawnEffect": {
			"type": "WaveEffect",
			"lifetime": 8,
			"sizeFrom": 0,
			"sizeTo": 8,
			"strokeFrom": 1,
			"strokeTo": 0,
			"colorFrom": "FFFFFF",
			"colorTo": "87CEEB"
		}
	},
	"shootEffect": {
		"type": "WaveEffect",
		"lifetime": 8,
		"sizeFrom": 0,
		"sizeTo": 8,
		"strokeFrom": 1,
		"strokeTo": 0,
		"colorFrom": "FFFFFF",
		"colorTo": "87CEEB"
	},
	"consumes": {
		"power": 0.28,
		"coolant": {
			"amount": 0.5,
			"optional": true
		}
	},
	"reload": 50,
	"rotateSpeed": 13,
	"range": 150,
	"category": "turret",
	"research": "小钢炮",
	"requirements": [
		"copper/50",
		"红宝石/20",
	]
}