    {
	"type": "ItemTurret",//类型:用弹药的炮台
	"name": "抛射炮",//名字
	"health": 330,//血量
	"armor":2,//装甲
	"size": 1,//大小
	"reload": 50,//装填时间
	"range": 178,//范围
	"maxAmmo": 16,//最高能储存多少弹药
	"recoilTime": 20,//回弹时间
	"canOverdrive": false,//是否能超速
	"recoil": 0.3,//退缩
	"outlineIcon": true
	"cooldownTime": 90,//冷却时间
	//},//模块运动
		"shoot": {
		"shots": 2,
		"shotDelay": 38,//延时射击
		"type": "ShootAlternate",//射击候补
		"barrels": 1,//枪管
		"spread": 3
	},//射击
	"ammoUseEffect": {
		"type": "MultiEffect",//类型:效果合成器
		"effects": [
			{
				"type": "ParticleEffect",
				"particles": 1,
				"line": true,
				"interp": "pow10Out",
				"sizeInterp": "pow5In",
				"strokeFrom": 1,
				"strokeTo": 0,
				"lenFrom": 10,
				"lenTo": 0,
				"length": -1,
				"baseLength": -1,
				"randLength": false,
				"lifetime": 74,
				"colorFrom": "FFE176",
				"colorTo": "737373",
				"layer": 48
			},
			{
				"type": "ParticleEffect",
				"particles": 2,
				"sizeFrom": 1,
				"sizeTo": 0,
				"interp": "pow10Out",
				"sizeInterp": "pow10In",
				"length": -1,
				"baseLength": 0,
				"lifetime": 85,
				"colorFrom": "73737390",
				"colorTo": "73737350",
				"layer": 49
			}
		]
	},
	"ammoPerShot": 3,//弹药射击
	"targetGround": true,//是否攻击地面
	"targetAir": true,//是否攻击天空
	"consumes": {
	"power": 0.145,
		"coolant": {
			"amount": 0.6,
			"optional": true
		}
	},
	"coolantMultiplier": 0.75,
    "liquidCapacity": 120,//液体容量
	"inaccuracy": 1.63,
	"ItemCapacity": 10,//物品容量
	"shake":1,
   "ammoUseEffect": "casing2",//射击声
	"rotateSpeed": 2.5,
	"ammoTypes": {
			"graphite": {
				"type": "ArtilleryBulletType",
			"speed": 7,//大小
			"damage":32,//伤害
			"lifetime": 40,//存在时间
			"width": 8,//子弹宽度
			"height": 11,//子弹高度
			"ammoMultiplier": 3,//子弹造价
				"shootEffect": "shootSmall"//特效
			"splashDamageRadius": 22,
			"despawnEffect": "flakExplosionBig",
		"splashDamage": 34,
		}
			"钢铁": {
				"type": "ArtilleryBulletType",
			"speed": 8,//大小
			"damage": 49,//伤害
			"lifetime": 40,//存在时间
			"width": 8,//子弹宽度
			"height": 11,//子弹高度
			"reloadMultiplier": 0.6,
			"rangeChange": 100,
			"ammoMultiplier": 2,//子弹造价
			"shootEffect": "shootSmall"//特效
				"shootEffect": "shootSmall"//特效
			"splashDamageRadius": 40,
			"despawnEffect": "flakExplosionBig",
		"splashDamage": 54,
		}
}
	"researchCostMultiplier": 3,//研究成本倍数
	"requirements": [
		{
			"item": "copper",//物品
			"amount": 85//数量
		},
		{
			"item": "graphite",//物品
			"amount": 55//数量
		},
		{
			"item": "铁",
			"amount": 45
		}
	               ],//造价
	"category": "turret",//类型
	"research": "小钢炮"//必要科技
     }