    {
	"type": "ItemTurret",//类型:用弹药的炮台
	"name": "气骏",//名字
	"health": 330,//血量
	"armor":4,//装甲
	"size": 3,//大小
	"reload": 60,//装填时间
	"range": 188,//范围
	"maxAmmo": 6,//最高能储存多少弹药
	"recoilTime": 20,//回弹时间
	"canOverdrive": false,//是否能超速
	"recoil": 0.3,//退缩
	"cooldownTime": 90,//冷却时间
	"drawer": {
		"type": "DrawTurret",
		"parts": [
			{
				"type": "RegionPart",//区域部分
				"suffix": "-管l",
				"under": true,
				"recoilIndex": 1,
				"moves": [
					{
						"progress": "recoil",//进动：反冲
						"y": -0.9
					}
				],
				"heatProgress": "recoil"
				"shoot": {
		        "type": "ShootAlternate",//射击候补
	},
			},
			{
				"type": "RegionPart",
				"suffix": "-管r",
				"under": true,
				"recoilIndex": 0.5,
				"moves": [
					{
						"progress": "recoil",//进动：反冲
						"y": -0.8
						"Delay": 1
					}
				],
				"heatProgress": "recoil"
				"shoot": {
		        "type": "ShootAlternate",//射击候补
	},
			}
		]
	},//模块运动
		"shoot": {
		"shots": 7,
		"shotDelay": 6,//延时射击
		"type": "ShootAlternate",//射击候补
		"barrels": 5,//枪管
		"spread": 3
	},//射击
	"ammoUseEffect": {
		"type": "MultiEffect",//类型:效果合成器
		"effects": [
			{
				"type": "ParticleEffect",
				"particles": 1,
				"line": true,
				"interp": "pow10Out",
				"sizeInterp": "pow5In",
				"strokeFrom": 1,
				"strokeTo": 0,
				"lenFrom": 10,
				"lenTo": 0,
				"length": -1,
				"baseLength": -1,
				"randLength": false,
				"lifetime": 74,
				"colorFrom": "FFE176",
				"colorTo": "737373",
				"layer": 48
			},
			{
				"type": "ParticleEffect",
				"particles": 2,
				"sizeFrom": 1,
				"sizeTo": 0,
				"interp": "pow10Out",
				"sizeInterp": "pow10In",
				"length": -1,
				"baseLength": 0,
				"lifetime": 85,
				"colorFrom": "73737390",
				"colorTo": "73737350",
				"layer": 49
			}
		]
	},
	"ammoPerShot": 4,//弹药射击
	"targetGround": true,//是否攻击地面
	"targetAir": true,//是否攻击天空
	"consumes": {
		"coolant": {
			"amount": 1.2,
			"optional": true
		}
	},
	"coolantMultiplier": 0.75,
    "liquidCapacity": 120,//液体容量
	"inaccuracy": 9.3,//不准确
	"ItemCapacity": 10,//物品容量
	"shake":1,
   "ammoUseEffect": "casing2",//射击声
	"rotateSpeed": 2.5,
	"ammoTypes": {
		"copper": {
			"speed": 5,//大小
			"damage":15,//伤害
			"lifetime": 30,//存在时间
			"width": 8,//子弹宽度
			"height": 5,//子弹高度
			"ammoMultiplier": 1,//子弹造价
			"shootEffect": "shootSmall"//特效
			"reloadMultiplier": 1.5,
		},
			"钢铁": {
			"speed": 6,//大小
			"damage":35,//伤害
			"lifetime": 30,//存在时间
			"width": 17,//子弹宽度
			"height": 21,//子弹高度
			"ammoMultiplier": 2,//子弹造价
			"shootEffect": "shootSmall"//特效
			"splashDamageRadius": 32,
		"splashDamage": 30,
		"hitSound": "explosionbig",
		"hitSoundVolume": 0.6,
		"despawnEffect": "flakExplosion",
		"fragBullets": 5,
		},
			"graphite": {
			"speed": 6,//大小
			"damage":10,//伤害
			"lifetime": 30,//存在时间
			"width": 12,//子弹宽度
			"height": 21,//子弹高度
			"ammoMultiplier": 1,//子弹造价
			"shootEffect": "shootSmall"//特效
			"splashDamageRadius": 30,
		"splashDamage": 5,
		"hitSound": "explosionbig",
		"hitSoundVolume": 0.6,
		"despawnEffect": "flakExplosion",
		"fragBullets": 10,
		"status": "导电粉末干扰",
        "statusDuration": 120,
        "fragBullets": 15,
        	"fragBullet": {
				"type": "PointBulletType",
				"trailEffect": "none",
				"hitEffect": "flakExplosion",
				"despawnEffect": "flakExplosion",
				"splashDamageRadius": 25,
				"splashDamage": 8,
				"status": "导电粉末干扰",
				"statusDuration": 30,
				"speed": 1,
				"lifetime": 50
				"hitSoundVolume": 0.6,
			}
}
		},
	"researchCostMultiplier": 3,//研究成本倍数
	"requirements": [
		{
			"item": "copper",//物品
			"amount": 75//数量
		},
		{
			"item": "钢铁",
			"amount": 25
		},
		{
			"item": "titanium",
			"amount": 35
		},
				{
			"item": "metaglass",
			"amount": 80
		},
			{
			"item": "silicon",
			"amount": 30
		}
	               ],//造价
	"category": "turret",//类型
	"research": "小钢炮"//必要科技
     }