{
    // 单位基本信息
    "type": "payload",
    "name": "π", // 单位名称
    
    // 基础属性
    "health": 1145140,       // 生命值
    "armor": 1145141592649438,         // 护甲值
    "itemCapacity": 66660,  // 物品携带容量
  "payloadCapacity": 589860, // 有效载荷容量,虽然我也不知道怎么算的
    
    // 工作能力
    "mineSpeed": 11451415926,      // 采矿速度
    "mineTier": 5555,       // 可采矿等级
    "buildSpeed": 114514152926,     // 建造速度
    
    // 移动属性
    "speed": 2.7,          // 移动速度
    "drag": 0.35,           // 阻力
    "rotateSpeed": 4.25, // 旋转速度
    "flying": true,      // 是否飞行单位
    "faceTarget": false, // 是否始终面向目标

    // 视觉效果
    "engineOffset": 7.2,   // 引擎位置偏移
    "engineSize": 3.5,  // 引擎大小
    "trailLength": 5,    // 尾迹长度
    
    // 特殊能力
    "abilities": [
      {
			"type": "ForceFieldAbility",//力场
			"radius": 20,//半径
			"regen":60,//恢复
			"sides":6,//边数
			"rotation": 1145,//旋转速度
            "reload":360//角度
			"max":11451415926494380,//最大盾量
			"cooldown":12//摧毁后额外恢复时间
		},
		{
			"type": "EnergyFieldAbility",//伤害场
			"damage": 358098880,//伤害
			"reload": 50,//间隔
			"range": 70,//范围
			"healPercent": 25,//百分比伤害
			"sameTypeHealMult": 0.08,//同队单位百分比恢复
			"effectRadius":0,//中心特效范围
			"sectors":6,//扇区数量
			"sectorRad": 0.01,//扇区角度
			"rotateSpeed": 5,//旋转速度
			"color": "FFC877FF",//颜色
			"damageEffect": "chainLightning",//击中特效
			"status": "slow",//造成效果
			"shootSound": "spark",//击中声音
			"statusDuration": 360,//效果持续时间
			"x": 0,
			"y": 1,//围绕中心
			"maxTargets": 81280,//最大目标数
			"layer":100
		},
    ],
    "rotateShooting": false,    // 是否朝向射击目标
}