{
    // === 单位基础属性 ===
    "type": "payload",                    // 单位类型：飞行单位
    "name": "光热",                      // 单位显示名称
    "description": "",          // 单位描述文本
    "outlineColor": "181920FF",
    "ammoCapacity": 30,                  // 弹药容量（需消耗弹药类物品）
    "ammoResupplyAmount": 5,             // 每次弹药补充量
    "speed": 2.5,                          // 移动速度（格/秒）
    "accel":0.08,        //加速度
    "drag": 0.025,                        // 移动阻力
    "flying": true,                      // 是否为飞行单位（无视地形）
    "turnCursor":  true,                 // 是否始终朝向鼠标（false=按移动方向转向）
    "engineOffset": 12,                   // 引擎粒子发射器偏移量（尾部距离）
    "engineSize": 6,                     // 引擎粒子大小
    "hitSize": 25,                        // 单位碰撞体积（直径）
    "targetAir": true,                   // 能否攻击空中单位
    "targetGround": true,                // 能否攻击地面单位
    "health": 1500,                       // 基础生命值
    "armor": 8,                          // 护甲值（减伤用）
    "rotateSpeed": 1.5,                   // 转向速度（度/帧）
    "itemCapacity": 40,                  // 物品携带容量（格）
    "commandLimit": 0,                   // 最大指令队列（0=无限制）
    "rotateShooting": true,              // 是否朝向射击目标
"targetGround": true,//攻击地面
			"targetAir": true,//攻击天空
			"hitBuildings": true,//攻击建筑
			"hitUnits": true,//攻击单位
    "lowAltitude": true,                 // 是否低空飞行
  "payloadCapacity": 600, // 有效载荷容量,虽然我也不知道怎么算的
"isCounted":true,
    // 工作能力
    "mineSpeed": 6.5,      // 采矿速度
    "mineTier": 3,       // 可采矿等级
    "buildSpeed": 2,     // 建造速度
    // === 武器 ===
    "weapons": [
    {
        "name":"光热炮",
            "rotate": true,  // 是否可以旋转
            "rotationLimit": 60,
            "mirror": true,  // 是否镜像
            "top": false,// 是否位于单位顶部
            "shootY":7.5,
            "x": 13,  // 武器在机甲上的X坐标
            "y": 0,  // 武器在机甲上的Y坐标
            "reload": 30,  // 重新装填时间
            "recoil": 1.4,  // 后坐力
            "inaccuracy": 0.8,  // 射击不精度
            "bullet": {  // 子弹配置
                "type": "BasicBulletType",
                  // 子弹类型为普通子弹
                  "width": 12, // 子弹宽度
                "height": 14, // 子弹高度
                "damage": 25,  // 子弹伤害
                "speed": 3,  // 子弹速度
                "lifetime": 50 // 子弹存活时间
                "frontColor": "FFDE7DC1",      // 弹头
                "backColor": "FFFFFF",       // 弹尾颜色
            }
        },
        {
        "name":"光热",
            "rotate": false,  // 是否可以旋转
            "mirror": true,  // 是否镜像
            "top": false,// 是否位于单位顶部
            "alternate": true,//是否交替射击
            "x": 0,  /* 武器在机甲上的X坐标
             这里贴图画反了  这里是负数*/
            "y": 0,  // 武器在机甲上的Y坐标
            "shootY": 6,// 子弹发射高度偏移
            "reload": 50,  // 重新装填时间
            "recoil": 0,  // 后坐力
            "inaccuracy": 0,  // 射击不精度
            "shootSound": "laser",//射击音效
            "bullet": {  // 子弹配置
                "type": "LaserBulletType",
				"recoil": 0,//后坐力
				"damage": 80,//伤害
				"laserAbsorb": true,//是否会被激光吸收
				"sideAngle": -125,//突刺的角度
				"sideWidth": 1.5,//突刺宽度
				"sideLength": 18.5,//突刺长度
				"colors": [//颜色
					"E5A13BFF",
			        "FFDE7DC1",
		        	"FFFFFF"
				],
				"width": 15,//子弹宽度
				"length": 150//子弹长度
			}
		},
    ]
}