{
    "type": "legs",
    "name": "雨云",
    "description": "爬行单位，可以凭借腿跨越部分地形。发射常规穿透弹打击敌人，会修理附近的友方单位，配备迷雾雷达。",
    "speed": 0.7,
    "hitSize": 11,
    "rotateSpeed": 2.5,
    "health": 300,
    "outlineColor": "2B2B2BFF"
    "legCount": 6,
    "armor": 3
    "legLength": 5,
    "alwaysShootWhenMoving":true
    "legContinuousMove": true,
    "legBaseOffset": 1,
    "legMaxLength": 2,
    "lockLegBase": true,
    "legMinLength": 1.6,
    "legGroupSize": 2.5,
    "legMoveSpace": 2,
    "allowLegStep": true,
    "hovering": true,
    "legPhysicsLayer": false,
    "shadowElevation": 0.1,
    "groundLayer": 74,
    "research": "爬行车间",
    "researchCostMultiplier": 0.3,
  "abilities":[{
   			"type": "RepairFieldAbility",
    		"amount":10,
    		"range":1,
    		"reload":100,
  		}]
    "weapons": [
    {
	"type":"RepairBeamWeapon"
	"name":"雨云修复"
	"x":3,
	"y":-2,
	"laserColor":"D1EFFFFF",
    			}
        {
            "mirror": true,
            "name":"雨云主武器"
            "x": 5.5,
            "y": 0,
            "shootY": 1,
            "rotate":false
            "top":false,//上部图层
	     	"layerOffset": -0.001,//图层偏移
            "reload": 50,
            "shootSound": "shootAlt",
            "bullet": {
            "frontColor" :"ffffff",
    "backColor":"ffffff",
    "hitColor" :"ffffff",
    "trailColor":"ffffff",
                "type": "BasicBulletType",
                "recoil": 1,
                "damage": 27,
                "pierce": true,
                "pierceBuilding": false,
                "speed": 5,
                "lifetime": 29,
                "width": 12,
                "hitSize": 7,
                "height": 20,
                "shootEffect": "shootSmall",
                "smokeEffect": "shootBigSmoke",
                "hitColor": "D1EFFFFF",
                "frontColor": "ffffff",
                "trailWidth": 2,
                "trailLength": 15
            }
        }
    ]
}