{
    "type": "legs",
    "name": "雨泽",
    "description": "爬行单位，可以凭借腿跨越部分地形。发射连射穿透弹打击敌人，配备电击能量场。",
    "speed": 0.65,
    "hitSize": 18,
    "rotateSpeed": 2.5,
    "fogRadius":5,
    "health": 700,
    "outlineColor": "2B2B2BFF"
    "legCount": 6,
    "armor": 5
    "legLength": 8.3,
    "alwaysShootWhenMoving":true
    "legContinuousMove": true,
    "legBaseOffset": 0,
    "legMaxLength": 2.7,
    "legMinLength": 2,
    "legGroupSize": 2.5,
    "legMoveSpace": 4,
    "allowLegStep": true,
    "hovering": true,
    "legPhysicsLayer": false,
    "shadowElevation": 0.1,
    "groundLayer": 74,
    "research": "高级再重构车间",
    "researchCostMultiplier": 0.3,
    "parts": [
		{
			"type": "FlarePart",
		"progress": {//移动
		"type":"warmup",
		"op":"blend",
		"other":"reload",
		"amount":0.6
	}
			"color1": "D1EFFFFF",
			"stroke": 4,//三角形宽
			"radius": 7,//三角形长
			"radiusTo": 15//三角形最大长度
		}
	]
  "abilities":[{
   			"type": "RepairFieldAbility",
    		"amount":10,
    		"range":1,
    		"reload":100,
    		}
    		{
			"type": "EnergyFieldAbility",
			"damage": 18,
			"reload": 50,
			"range": 80,
			"healPercent": 2,
			"x": 0,
			"y": 0,
			"color": "D1EFFFFF",
			"sectorRad": 0.15,
			"rotateSpeed": 8,
			"maxTargets": 3,
			"buildingDamageMultiplier": 0.5,
  		}]
  		"weapons": [
    {
            "mirror": true,
            "name":"雨泽武器"
            "x": 13,
            "y": 0,
            "shootY": 1,
            "rotate":false
            "top":false,//上部图层
	     	"layerOffset": -0.001,//图层偏移
            "reload": 100,
            "shootSound": "shootAlt",
            "shoot":{
		"shotDelay":6
		"shots":4
    }
            "bullet": {
            "frontColor" :"ffffff",
    "backColor":"ffffff",
    "hitColor" :"ffffff",
    "trailColor":"ffffff",
                "type": "BasicBulletType",
                "despawnEffect": {
				"type": "WrapEffect",
				"effect": "dynamicSpikes",
				"color": "d1efffff",
				"rotation": 15
			},
                "recoil": 1,
                "damage": 50,
                "pierce": true,
                "pierceBuilding": false,
                "speed": 6,
                "lifetime": 30,
                "width": 7,
                "hitSize": 7,
                "height": 20,
                "shootEffect": "shootSmall",
                "smokeEffect": "shootBigSmoke",
                "hitColor": "D1EFFFFF",
                "frontColor": "ffffff",
                "trailWidth": 2,
                "trailLength": 15
            }
        }
        ]
    			}