{
	"weapons":[ 
	{
		"x":7,"y":0,
		"reload":5,
		"name":"eruption",
		"shootY":3,
		"recoil":1,
		"shootSound":"flame",
		"bullet":{
			"type":"LiquidBulletType",
            "splashDamageRadius":10,
            "splashDamage":11,
            "speed":2.3,
            "lifetime":56,
             "damage":11,
	        "width": 4,	"height":9,
			"drag":0.02,
			"liquid":"slag"
            
		}
	},
	{
		"x":2,"y":0,
		"reload":5,
		"name":"eruption",
		"shootY":3,
		"recoil":1,
		"shootSound":"flame",
		"bullet":{
			"type":"LiquidBulletType",
            "splashDamageRadius":10,
            "splashDamage":11,
            "speed":2.3,
            "lifetime":56,
             "damage":11,
	        "width": 4,	"height":9,
			"drag":0.02,
			"liquid":"oil"
            
		}
	}


	]
}
