{
	//"type": "PowerTurret",
	"health": 29160,
	//"size": 9,
	//"range": 960,
	"reload": 400,
	"shake": 6,
	"recoil": 8,
	"recoilTime": 210,
	"cooldownTime": 600,
	"shootCone": 10,
	"rotateSpeed": 0.8,
	"minWarmup": 0.99,
	"shootWarmupSpeed": 0.03,
	"itemCapacity": 18,
	"liquidCapacity": 120,
	"consumes": {
		"power": 680,
		"items": {
			"items": [
				"铱钢/18"
			]
		},
		"liquid": "cryofluid/8"
	},
	"canOverdrive": false,
	"accurateDelay": false,
	"moveWhileCharging": false,
	"chargeSound": "railGunCharge",
	"shootSound": "hugeShoot",
	"requirements": [
		"copper/8800",
		"graphite/5400",
		"silicon/1500",
		"暗物质/300"
	],
	"category": "turret",
	"research": "撕裂"
		"drawer":{
	"type":"DrawTurret",
	"parts":[
	{
						"type": "RegionPart",
						"mirror": true,
						"suffix": "-heats",
						"heatColor": "F2FF9C88",
						"heatProgress": "warmup",
						"under": true,
						"moveX": 6,
						"moveY": 15,
						"moveRot": 0,
						"moves": [
							{
								"progress": "recoil",
								"y": -8
							}
						]
					},
					{
						"type": "RegionPart",
						"mirror": true,
						"suffix": "-n",
						"heatProgress": "recoil",
						"under": true,
						"moveX": 2.5,
						"moveY": 6,
						"moves": [
							{
								"progress": "recoil",
								"y": -30
							}
						]
					},
					{
						"type": "RegionPart",
						"mirror": true,
						"suffix": "-w",
						"heatProgress": "recoil",
						"under": true,
						"moveX": 4.75,
						"moveY": 6,
						"moves": [
							{
								"progress": "recoil",
								"y": -20
							}
						]
					},
					{
						"type": "RegionPart",
						"mirror": true,
						"suffix": "-c",
						"heatProgress": "recoil",
						"under": true,
						"moveX": 8.75,
						"moveY": 3.25
					},

		{
		"type": "ShapePart",
		"progress": "warmup",
		"y": 0,
		"color": "A35CD2FF",
		"stroke": 2,
		"strokeTo": 5,
		"circle": true,
		"hollow": true,
		"radius": 20,
		"radiusTo": 106,
		"layer": 110
		},
		    {
      "type": "HaloPart",
      "y": 0,
      "radius": 35,
      "tri": true,
      "layer": 110,
      "color": "A35CD2FF",
      "haloRotateSpeed": 1.2,
      "haloRadius": 0,
      "haloRadiusTo": 115,
      "stroke": 0,
      "strokeTo": 18,
      "shapes": 4,
      "triLengthTo": 26,
      "triLength": 0
    },
    	    {
      "type": "HaloPart",
      "y": 0,
      "radius": 3.6,
      "tri": true,
      "layer": 110,
      "color": "A35CD2FF",
      "haloRotateSpeed": -1,
      "haloRadius": 15,
      "haloRadiusTo": 15,
      "stroke": 15,
      "strokeTo": 15,
      "shapes": 4,
      "triLengthTo": 6,
      "triLength": 6
    },

			]
}
}