{
"localizedName": "绵延群山(待重做)",
	"description": "深入内陆地区便是山脉，这里目前还未被孢子污染。\n敌人势力更加强大，别给他们的精锐部队留下喘息之机。\n\n这一地区分布着丰富的钛，试着开采并利用它。\n\n\n\n似乎哪里变得不一样了\n\n[blue](by 蓝细菌光合自养 改)",
	"details":"富 的 流 油1.0",
    "planet":"serpulo"
    "overrideLaunchDefaults": true,//进度覆盖
    "sector":221
    "captureWave":130
    "difficulty":3
    //"alwaysUnlocked": true,
    "research": {
		"parent": "超限工艺-biomassFacility",
		"objectives": [
		"敬请期待"
            {
				"type": "SectorComplete",
				"preset": "超限工艺-biomassFacility"
			}
			{
				"type": "SectorComplete",
				"preset": "超限工艺-ruinousShores"
			}
			]}
}