{
	"name": "大型低浓血墙",
	"description": "保护己方建筑，挡下敌方炮弹",
	"type": "Wall",
	"health":1600,
	"size":2,
	"requirements": [
		{ "item": "低浓血锭", "amount":24}//造价
	],
	"category": "defense",//不能改
	"research": "低浓血墙"//科技树位置（此为铜墙）
"absorbLasers":false,//吸收激光（塑钢墙同款）
"deflect": false,//反弹子弹
"chanceDeflect":0,//反弹概率（1=1%）
"lightningChance":0//放电概率（1=100%）
"lightningDamage":0//闪电伤害
"lightningLength":0//闪电长度（1=?格）
}