{
	"type": "mech",
	"name":"重工[部署]",
	"description": "超限集团转移基地时会一并带走的移动兵工厂,部署之后会伸出底部的钻头,从地下挖掘部分矿物在经过简易加工建造的一些简单的战斗单位,同时开启回复立场,带有一定的建造能力，部署之后40秒之内不能收起工厂。\n \n[blue][超限集团移动兵工厂]",
	"details":"他在飞行时还是个很好用的采矿机",
	"immunities": [
		"shocked","electrified","slow","freezing","burning","spore-slowed","脆裂"
	],
	"speed": 0
	"accel":0.05,"drag":0.03,
	"rotateSpeed":0,
	"ammoType":"titanium",
	"ammoCapacity": 300,
	"hitSize":24, 
	"buildSpeed":5
	"flying": false
	"health":1880,
	"armor":22
	//"mineTier":4
	//"mineSpeed":5
	//"engineOffset": 0,
	//"engineSize": 0, 
	"itemCapacity": 0
	    "abilities": [/*能力（如力场防御等） */
        {
            "type": "UnitSpawnAbility",
            "unit": "侧卫-A",
            "spawnX": 0,
            "spawnY": 10,
            "spawnTime": 3600
        },
        {
            "type": "UnitSpawnAbility",
            "unit": "侧卫-A",
            "spawnX": 10,
            "spawnY": 0,
            "spawnTime": 3600
        },
        {
            "type": "UnitSpawnAbility",
            "unit": "侧卫-A",
            "spawnX": -10,
            "spawnY": 0,
            "spawnTime": 3600
        },
        {
            "type": "UnitSpawnAbility",
            "unit": "侧卫-A",
            "spawnX": 0,
            "spawnY": -10,
            "spawnTime": 3600
        },
    ]
    "weapons": [
	{
            "name": "超限重拳1",
            "reload": 94
            "x":0
            "y":0
             "inaccuracy": 0
            "shootSound":"blaster",
            "ejectEffect": "casing1",
            "rotate": false
			"baseRotation":0
			"minWarmup": 0.99
			"shootCone":15
		    "rotationLimit": 0
		    "mirror": false,
		    "minWarmup": 0.99
		    "shootWarmupSpeed": 0.0064,
		    "shootCone": 360,
    "parts": [
        {"type":"RegionPart",
        "mirror":true
        "under":true
        "x": 0,"y": 0
        //"x":-10,"y":-10,
        "suffix":"-上底"
        "layer":59.9,
        "moveX":-10
        "moveY":-10
        "moveRot":0
        }
        {"type":"RegionPart",
        "mirror":true
        "under":true
        "x": 0,"y": 0
        //"x":-10,"y":10,
        "suffix":"-下底"
        "layer":59.9,
        "moveX":-10
        "moveY":10
        "moveRot":0
        }
        {"type":"RegionPart",
        "mirror":true
        "under":true
        "x": 0,"y": 0
        //"x":-10,"y":-10,
        "suffix":"-上左右"
        "layer":59.9,
        "moveX":-10
        "moveY":-10
        "moveRot":0
        }
        {"type":"RegionPart",
        "mirror":true
        "under":true
        "x": 0,"y": 0
        //"x":-10,"y":10,
        "suffix":"-下左右"
        "layer":59.9,
        "moveX":-10
        "moveY":10
        "moveRot":0
        }
         {"type": "RegionPart",
        "mirror": false
        "under":true,
        "x": 0,"y": 0
        //"x": 0,"y": -10
        "suffix": "-边上",
        "layer": 59.9
        "moveX": 0
        "moveY": -10
        "moveRot":0
        }
        {"type":"RegionPart",
        "mirror":false
        "under":true,
        "x": 0,"y": 0
        //"x":0,"y":10,
        "suffix":"-边下"
        "layer":59.9
        "moveX":0
        "moveY":10
        "moveRot":0
        }
        {"type":"RegionPart",
        "mirror":true
        "under":true
        "x": 0,"y": 0
        //"x":-10,"y":0,
        "suffix":"-边左右"
        "layer":59.9,
        "moveX":-10
        "moveY":0
        "moveRot":0
        }
			]
			"showStatSprite": false
			"shootStatusDuration": 600,
	"shootStatus": "自毁",
    "bullet":{
	         "type": "BasicBulletType",
             "spawnUnit": "转换",
             "speed": 0,
	               	}}
	               	{
		"reload": 99999999, 
		"x": 0,  "y": 0, 
		"rotate": false,
		"shootCone":360,
		"ejectEffect":"none",
		"shootSound":"explosionbig",
		"alwaysShooting": true,
		"mirror":false,
		"inaccuracy": 0,
		"alternate": true,
		"shootStatusDuration": 180
	"shootStatus": "静止",
		"bullet":{
		"width": 0,
		"height": 0
		"damage":0
		"instantDisappear":true,
		"collides": false,
		"speed":9999,"lifetime":1,
		"splashDamageRadius": 9999,
				"splashDamage": 0,
		}
		}
		{
		"reload": 99999999, 
		"x": 0,  "y": 0, 
		"rotate": false,
		"shootCone":360,
		"ejectEffect":"none",
		"shootSound":"explosionbig",
		"alwaysShooting": true,
		"mirror":false,
		"inaccuracy": 0,
		"alternate": true,
		"shootStatusDuration": 2400
	"shootStatus": "disarmed",
		"bullet":{
		"width": 0,
		"height": 0
		"damage":0
		"instantDisappear":true,
		"collides": false,
		"speed":9999,"lifetime":1,
		"splashDamageRadius": 9999,
				"splashDamage": 0,
		}
		}
    ]
}
