{
    "type": "mech",
    "name":"穿云"
    "description": "以卫兵为基础研究出的特殊轻机甲，移动速度快，武器威力和装甲也更高，能够有效打击重型单位，射程远，但是攻击间隔长\n\n[blue][超限技术作战中机甲]",
    "speed": 0.9
    "hitSize": 18
    "health": 620,
    	"rotateSpeed": 2.1
    	"ammoType":"copper",
	"ammoCapacity": 300,
        "targetAir":false,  
    "targetGround":true,
    "armor":8
    "itemCapacity": 30
    "targetFlags":["turret","core"],
    "weapons": [
       {
            "name": "穿云1",
            "reload": 126
            "x":0
            "y":0
             "inaccuracy": 5
            "shootSound":"blaster",
            "ejectEffect": "casing1",
            "rotate": false
			"baseRotation":0
			"minWarmup": 0.99
			"shootCone":15
		    "rotationLimit": 0
		    "mirror": false,
		    "shootX":0
	    "shootY":22
    "parts": [
        {"type": "RegionPart",
        "mirror": false
        "x": 6.8
        "y": 2
        "suffix": "-手1",
        "layer": 59.9
        "moveX": -1
        "moveY": 2.7
        "moveRot":20
        }
        {"type":"RegionPart",
        "mirror":false
        "under":true,
        "x":-6.8,"y":2,
        "suffix":"-手2"
        "layer":59.9
        "moveX":-1
        "moveY":1.5
        "moveRot":-55
        }
        {"type":"RegionPart",
        "mirror":false
        "under":false
        "x":0,"y":10
        "suffix":"-炮"
        "layer":60
        "moveX":0
        "moveY":0
        "moveRot":90
        }
			]
            "bullet": {
    "type":"BasicBulletType",
    "speed": 14
    "lifetime":20
	"width": 6
	"height": 12
	"damage":226
    "hitSize":4
    "knockback":3.5
    "sprite":"超限工艺-尖刺1",
    "pierceArmor": true,
    "collidesAir": false
    "trailLength":12
    "trailWidth":1.5,
    "pierceCap": 3,
    "pierceBuilding": true,
    "trailColor":"1878BF",
    "backColor":"1878BF",
    "frontColor":"1878BF"
    }}
    ]
    "research":"uAABT1B卫兵"
}