{
    "type": "GenericCrafter",
    "health": 450,
    "name": "石英熔炼炉",
    "description": "网上搜到的制造石英的方法就是玻璃加上树脂和......石英？\n总之那个石英就省略了，树脂也改成了镍",
	"outputItem": {"item": "石英","amount":2},
    "itemCapacity": 10,
    "size": 2,
    "updateEffect": {
        "type": "WaveEffect",
        "lifetime": 15,
        "sizeFrom": 0,
        "sizeTo": 4,
        "strokeFrom": 2,
        "strokeTo": 0,
        "colorFrom": "FEB380FF",
        "colorTo": "FECA80FF"
    },
"drawer":{
        "type":"DrawMulti",
        "drawers":[
            "DrawDefault",
            "DrawFlame"
            ]
    },
    "craftTime": 50,
    "consumes": {
        "power": 2,
        "items": {
            "items": [
                {
                    "item": "lead",
                    "amount": 2
                },
                {
                    "item": "sand",
                    "amount": 2
                }
                {
                    "item": "镍",
                    "amount": 1
                }
            ]
        }
    },
    "requirements": [
        {
            "item": "镍",
            "amount": 50
        },
        {
            "item": "钢化铅",
            "amount": 30
        },
    ],
    "ambientSound":"techloop",
    "category": "crafting",
    "research": {
	"parent": "a0钢化铅合成机"//科技树前置
	"requirements": [//研究花费
	"镍/250",
	"钢化铅/150",
	]	},
}