{
	"type": "GenericCrafter",//不能改
	"name": "石墨烯压缩机",//名字
	"description": "3个煤炭可以压缩成一个石墨烯，啊~煤的味道~",//介绍
	"health":150,//血量
	"itemCapacity":15,//物品容量
	"outputItem": {"item": "石墨烯","amount":1},//产出
	"size":2,//边长
	"hasItems": true,//不能改
	"craftTime":60,//产出时间（单位:帧）（一秒60帧）
	"updateEffect":"smeltsmoke"
	"consumes": {//物品需求
	"power":2,
		"items": {
			"items": [
				{ "item": "coal",/*种类*/ "amount":3 /*数量*/},
			]
		}
	},
	"requirements": [
		{ "item": "镍", "amount":25 },
		{ "item": "碳钢", "amount":35 },
		{ "item": "铥", "amount":50 },
		//制造需求
	],
	"category": "crafting",//不能改
	"research": {
	"parent": "a2碳钢炉"//科技树前置
	"requirements": [//研究花费
	"镍/200",
	"碳钢/280",
	"铥/400",
	]	},
	"idleSound": "respawning",//音效
	"idleSoundVolume": 0.4//音效声音倍率
	"alwaysUnlocked":false,
}