{
	"type": "UnitFactory",
	"name": "混合军工厂",
	"description": "生产所有类型的基础单位。",
    "health":1480,
	"size":3,
	"consumes":{"power":4,	},
	"plans":[
	{ "unit": "尖刀", 
	"time": 1200, 
	"requirements": [ 
{ "item": "硅", "amount": 30},
{ "item": "石墨", "amount": 35},
{ "item": "铅", "amount": 45}
{ "item": "铜", "amount": 55}
	]	},	
		{ "unit": "新星", 
	"time": 1500, 
	"requirements": [ 
{ "item": "硅", "amount": 40},
{ "item": "石墨", "amount": 40},
{ "item": "铅", "amount": 45}
{ "item": "铁", "amount": 35}
	]	},	
	{ "unit": "围护", 
	"time": 2400, 
	"requirements": [ 
{ "item": "硅", "amount": 35},
{ "item": "石英", "amount": 35},
{ "item": "石墨", "amount": 25},
{ "item": "铅", "amount": 35}
{ "item": "铁", "amount": 35}
	]	},	
	{ "unit": "星辉", 
	"time": 1200, 
	"requirements": [ 
{ "item": "硅", "amount": 35},
{ "item": "石英", "amount": 40},
{ "item": "铅", "amount": 45}
	]	},	
	{ "unit": "影独", 
	"time": 1500, 
	"requirements": [ 
{ "item": "硅", "amount": 25},
{ "item": "石英", "amount": 35},
{ "item": "铅", "amount": 30}
{ "item": "铁", "amount": 10}
	]	},	
	{ "unit": "挣脱", 
	"time": 1800, 
	"requirements": [ 
{ "item": "硅", "amount": 15},
{ "item": "石英", "amount": 40},
{ "item": "钛", "amount": 10}
{ "item": "铁", "amount": 15}
	]	},	
	{ "unit": "棱鱼", 
	"time": 3600, 
	"requirements": [ 
{ "item": "硅", "amount": 55},
{ "item": "钢化玻璃", "amount": 50},
{ "item": "铅", "amount": 45}
{ "item": "铜", "amount": 55}
	]	},	
	{ "unit": "潜螺", 
	"time": 4200, 
	"requirements": [ 
{ "item": "硅", "amount": 65},
{ "item": "钢化玻璃", "amount": 55},
{ "item": "铅", "amount": 55}
{ "item": "铜", "amount": 55}
{ "item": "铁", "amount": 45}
	]	},
	{ "unit": "浮卵", 
	"time": 3600, 
	"requirements": [ 
{ "item": "硅", "amount": 85},
{ "item": "钢化玻璃", "amount": 55},
{ "item": "铅", "amount": 55}
{ "item": "铁", "amount": 55}
{ "item": "钛", "amount": 45}
	]	},
	],
	"requirements": [
    { "item": "铜", "amount": 200},
	{ "item": "硅", "amount": 300},
    { "item": "铁","amount": 150},
    { "item": "铅", "amount": 200},
    { "item": "钢", "amount": 120},	],
	"category":"units",
    "researchCostMultiplier": 0,
        "canOverdrive": false,
        "research": {
	"parent":"初代核心"
	"objectives": [
            {
				"type": "OnSector",
				"preset": "ES生物质合成区"
			}
	]
	}
	    "researchCostMultiplier": 0.2,
	        "canOverdrive": false,
}