{
	"type": "Drill",
	"name":"初代钻头",
    "description": "改良后锁被命名为的钻头。",
    "health":650,
    "itemCapacity":20,
    "tier":4,
    //钻头的开采等级
    "drillTime":180,
    //矿物开采耗时
    "size":3,
    "armor":5
    "group":"drills"
    "hasLiquids": true,
	"alwaysUnlocked":false,
	"liquidCapacity":15,
    "drawMineItem":true,
    //是否在中心绘画所采矿物的颜色
    "drillEffect": "mineHuge",
    "updateEffect":"pulverizeRed",
    "heatColor":"FF5511",
    //开采出矿物时的颜色
    "rotateSpeed": 3,//贴图转速
    "warmupSpeed": 1,
    //钻头完全启动的速度(一除以(此数值*60)(单位/秒))
    "liquidBoostIntensity":1.78,
    //液体提供的加速效果
	"consumes": {
	    "power":2.2,
		"liquid": {
			"liquid":"water",
			"amount":0.15,
			"booster": true,
			//加速
			"optional": true
			//可选
		}
		//"items":{"items":["blast-compound/1"],},
	}
    "requirements": [
        "压缩铅/80",
        "压缩钛/100",
        "压缩硅/80",
        "压缩石墨/30"
    ],
	"research": {
		"parent": "钛钻头",
		"objectives": [
      {
				"type": "SectorComplete",
				"preset": "边缘矿区"
			},
    ],
	},
    "category": "production"
}