{
	"type":"GenericCrafter",
	"name":"深沙机",
	"outputItem": {
	"item": "sand", "amount": 3
	},
	"details":"简而言之 ，挖固定资源 ",
	"craftEffect": "smeltsmoke",
	"itemCapacity":20,	
    "generateEffect": "generatespark",
	"drawer": {
		"type": "DrawMulti",
		"drawers": [
			"DrawDefault",
			{
				"type": "DrawRegion",
				"suffix": "-2",
				"rotateSpeed":4,
				"rotation":45
			},
			{
				"type": "DrawRegion",
				"suffix": "-1"
			},
		]
	},
	"updateEffect":"pulverizeSmall",
	"craftEffect":"mine",
	"group":"drills",
	"health":50,
	"craftTime":30,
	"placeableLiquid":true,
	"requiresWater":false,
	"hasItems":true,
	"hasLiquids":false,
	"hasPower":false,
	"description":"开采地下的沙子 ",
	"size":3,
	"requirements":[
		"压缩石墨/80",
		"压缩玻璃/112",
	],
	"research":"矿机",
			"objectives": [
      {
				"type": "SectorComplete",
				"preset": "冰川地下"
			},
    ],
	"category":"production"
}