{
	"type": "GenericCrafter",
	"name": "聚变塑钢厂",
	"description": "相较于原型产出塑钢速度更快",
	"outputItem": { "item": "plastanium", "amount": 1},
	"size": 3,
	"hasPower": true,
	"hasLiquids": true,
	"hasItems": true,
	"craftTime": 30,
	"itemCapacity": 20,
	"liquidCapacity": 20,
	"drawer":{
	    "type":"DrawMulti",
	    "drawers":[
	    {
	    "type":"DrawFade"
	    },
	    "DrawDefault"
	]}
	"consumes": {
    "power":4,
    "liquid":{
	"liquid":"oil",
	"amount":0.25,
	"booster":false	},
    "items": {
	 "items": [
	    { "item": "titanium", "amount": 2 }	]
  }
 },
"requirements": [
		{"item": "lead", "amount": 200},
		{ "item": "graphite", "amount": 100 },
		{"item": "silicon","amount":100 },	
		{"item": "thorium","amount":75},
		{"item": "plastanium","amount":10},
		{"item": "metaglass","amount":30}
	],
	"category": "crafting",
	"research": "plastanium-compressor"
}