{
    "type": "PowerTurret",
    "name": "以太",
    "size": 12,
    "health": 12220,
    "reload": 150,
    "range": 400,
    "targetAir": true,
    "recoil": 2.5,
    "rotateSpeed": 1,
    "shootSound": "railgun",
    
    "chargeSound": "lasercharge2",
    "drawer": {
        "type": "drawTurret",
    "basePrefix": "-12"
    },
	"shoot": {
  "firstShotDelay": 65
},
"consumes" : {
		"power": 36
		},
    "hasPower": true,
    "shootType": {
        "type": "BasicBulletType",
        "sprite": "扩列★工业-peircer",
	"chargeEffect": {
 "type": "multiEffect",
    "effects": [
{
    "type": "ParticleEffect",
    "particles": 1,
    "sizeFrom": 10,
    "sizeTo": 1,
    "length": 0,
    "lifetime": 65,
    "colorFrom": "F3E979FF",
    "colorTo": "FFFFFF",
    "cone": 360
},
    {
    "type": "WaveEffect",
    "lifetime": 60,
    "sizeFrom": 45,
    "sizeTo": 0,
    "strokeFrom": 0,
    "strokeTo": 5,
    "colorFrom": "F3E979FF",
    "colorTo": "FFFFFF"
}
]
	},
	
        "absorbable": false,
        "pierceCap": 3,
        "pierce": false,
        "trailColor": "F3E979FF",
        "trailParam": 5,
        "trailEffect": "none",
        "trailLength": 16,
        "trailInterval": 13,
         "trailWidth": 7,
        "speed": 6,
        "lifetime": 120,
        "damage": 1280,
        "height": 48,
        "width": 20,
        "shootEffect": {
        "type": "WaveEffect",
        "lifetime": 35,
        "sizeFrom": 0,
        "sizeTo": 45,
        "strokeFrom": 4,
        "strokeTo": 0,
        "colorFrom": "F3E979FF",
        "colorTo": "FFFFFF"
           },
        "hitEffect": {
        "type": "ParticleEffect",
        "line": true,
        "particles": 5,
        "lifetime": 10,
        "length": 25,
        "cone": -360,
        "lenFrom": 10,
        "lenTo": 0,
        "colorFrom": "F3E979FF",
        "colorTo": "FFFFFF"
        },
        "despawnEffect": "shieldApply",
        "frontColor": "FFFFFF",
        "backColor": "F3E979FF",
	    "fragBullets": 15,
	    "fragBullet": {
        "type": "BasicBulletType",
        "sprite": "扩列★工业-peircer",
        "absorbable": true,
        "speed": 4,
         "trailColor": "F3E979FF",
         "trailParam": 5,
         "trailEffect": "none",
         "trailLength": 16,
         "trailInterval": 13,
         "trailWidth": 3,
        "lifetime": 120,
        "damage": 600,
        "homingRange": 200,
        "homingPower": 0.0667,
        "height": 12,
        "width": 12,
        "hitEffect": "absorb",
        "despawnEffect": "absorb",
        "pierce": true,
        "frontColor": "FFFFFF",
        "backColor": "F3E979FF"
			}
    },
    "requirements": [
		"铝合金/7500",
		"titanium/6000",
		"thorium/5000",
		"metaglass/3800",
		"graphite/6000",
		"磐炎板/750"
    ],
    "category": "turret",
    "research": "纠纷"
}
