{
	"type": "GenericCrafter"
	"name": "磐炎冲压机",
	"description": "冶炼磐炎板",
	"health":800 ,
	"itemCapacity": 50,
	"outputItem": {"item": "磐炎板","amount":1 },
	"size":3,
	"hasItems": true,
	"craftTime": 60,
	"craftEffect": {
	"type": "MultiEffect"
        "lifetime": 45
        "effects": [
          {
            "type": "WaveEffect"
            "sizeFrom": 0
            "sizeTo": 25
            "lifetime": 45
            "sides":4
            "rotation":45
            "colorFrom": "C85C51FF"
            "colorTo": "FFFFFFFF"
            "strokeFrom": 4
            "strokeTo": 0
          }
          {
            "type": "WaveEffect"
            "sizeFrom": 0
            "sizeTo": 25
            "lifetime": 45
            "sides":4
            "rotation":0
            "colorFrom": "C85C51FF"
            "colorTo": "FFFFFFFF"
            "strokeFrom": 4
            "strokeTo": 0
          }
        ]
      }
	"consumes": {
		"power": 5,
"liquid": {"liquid":"slag","amount":0.4,"booster":false}
		"items": {
			"items": [
                { "item": "blast-compound", "amount": 4 }
                { "item": "titanium", "amount": 6 }
                { "item": "铝合金", "amount": 3 }
			]
		}
	},
	"requirements": [
		{ "item": "copper", "amount": 100 }
		{ "item": "titanium", "amount":120 }
        { "item": "thorium", "amount":120 }
        { "item": "silicon", "amount":140 }
        { "item": "lead", "amount":100 }
        { "item": "plastanium", "amount":100 }
        { "item": "铝合金", "amount":80 }
	],
    "category": "crafting",
	"research": "blast-mixer",
	"drawer": {
	"type": "DrawMulti",
	"drawers": [
	 "DrawDefault",
		{
		 "type" : "DrawParticles",
		 "color" : "C85C51FF",
		 "alpha" : 0.6,
		 "particles" : 30,
		 "particleLife" : 60,
		 "particleRad" : 8,
		 "particleSize" : 2,
		 "fadeMargin" : 0.5,
		 "rotateScl" : 4,
		"reverse" : false
	},
		 "DrawFlame",
	]
},
}