{
"type":"PowerTurret",
"name":"尘埃",
"size":4,
"reload":30,
"shoot":{
"type": "ShootBarrel",
		"shots": 3,
		"shotDelay": 2,
		"barrels": [
			8, -4, 0,
			-8, -4, 0,
			0, 0, 0,
		]
},
"range":480,
"consumes": {
"power":12
},
"shootType":{
    "type":"BasicBulletType",
    "frontColor":"B6D7FFFF",
    "backColor":"DFF3FFFF",
    "trailColor":"B6D7FFFF",
    "trailLength":12,
    "trailInterval":4,
    "width":10,
    "height":12,
    "lightColor":"DFF3FFFF",
    "lifetime":50,
    "speed":8,
    "pierce":true,
    "fragBullet": {
    	    "type":"LightningBulletType",
            "hitEffect":"hitLancer",
            "despawnEffect":"none",
            "lightningLength":8,
            "lightningColor":"DFF3FFFF",
            "lifetime":18,
            "drawSize":8,
	        "damage":12}
	"smokeEffect":{
            "type": "ParticleEffect",
            "particles":7,
            "sizeFrom": 6,
            "sizeTo": 0,
            "length": 30,
            "baseLength":2,
            "lifetime": 20,
            "colorFrom": "B6D7FFFF",
            "colorTo": "FFFFFFFF",
            "cone": 30},
    "shootEffect":{
        "type":"WaveEffect",
        "lifetime":15,
        "sizeFrom":0,
        "sizeTo":6,
        "colorFrom":"B6D7FFFF",
        "colorTo":"FFFFFFFF",
        "strokeFrom":2,
        "strokeTo":1
        },
    "damage":115,
    "drag":-0.006,
    "trailEffect":"none",
    "smokeEffect":"none",
    "hitEffect":{"type": "MultiEffect",
	        "effects": [
            {"type": "WaveEffect",
            "lifetime": 12,
            "sizeFrom": 1,
            "sizeTo": 28,
            "strokeFrom":7,
            "strokeTo": 0,
            "colorFrom": "B6D7FFFF",
            "colorTo": "FFFFFFFF"}
            {"type": "WaveEffect",
            "lifetime": 18,
            "sizeFrom": 1,
            "sizeTo": 45,
            "strokeFrom":7,
            "strokeTo": 0,
            "colorFrom": "B6D7FFFF",
            "colorTo": "FFFFFFFF"}
            ]}    
    },
"requirements": [
        { "item": "titanium", "amount":200 }
        { "item": "铝合金", "amount":150 }
		{ "item": "plastanium", "amount":150}
		{ "item": "titanium", "amount":250 }
		{ "item": "surge-alloy", "amount":150 }
		{ "item": "thorium", "amount":200 }
		{ "item": "metaglass", "amount":150 }
    
    ],
"category": "turret",
"research": "电离"
"drawer":{
	    "type":"DrawTurret",
	    "parts":[
	    {
	        "type":"RegionPart",
	        "suffix":"-左",
	        "mirror":false,
	        "moveX":-9,
	        "moveY":2,
	        "layer":100,
	        "under":true
	        "outlineRadius":2,
	        }
	     {
	        "type":"RegionPart",
	        "suffix":"-右",
	        "mirror":false,
	        "moveX":9,
	        "moveY":2,
	        "layer":100,
	        "under":true
	        "outlineRadius":2,
	        }
	        ,]}
}