{
"type":"PowerTurret",
"name":"突刺",
"size":3,
"reload":40,
"shoot":{
"type": "ShootBarrel",
		"shots": 3,
		"shotDelay": 2,
},
"range":800,
"consumes": {
"power":25
},
"shootType":{
    "type":"BasicBulletType",
    "frontColor":"B6D7FFFF",
    "backColor":"DFF3FFFF",
    "trailColor":"B6D7FFFF",
    "trailLength":18,
    "trailInterval":6,
    "width":15,
    "height":18,
    "lightColor":"B6D7FFFF",
    "lifetime":60,
    "speed":10,
	"smokeEffect":{
            "type": "ParticleEffect",
            "particles":7,
            "sizeFrom": 6,
            "sizeTo": 0,
            "length": 30,
            "baseLength":2,
            "lifetime": 20,
            "colorFrom": "B6D7FFFF",
            "colorTo": "FFFFFFFF",
            "cone": 30},
    "shootEffect":{"type": "MultiEffect",
	        "effects": [
	        {
                "type": "ParticleEffect",
                "particles": 10,
                "sizeFrom": 10,
                "sizeTo": 0,
                "line": true,
                "length": 40,
                "baseLength": 0,
                "lifetime": 10,
                "colorFrom": "54D67DFF",
                "colorTo": "B6D7FFFF",
                "cone": 45
            }
            {
        "type":"WaveEffect",
        "lifetime":15,
        "sizeFrom":0,
        "sizeTo":6,
        "colorFrom":"B6D7FFFF",
        "colorTo":"FFFFFFFF",
        "strokeFrom":2,
        "strokeTo":1
        },      
            ]}
    "damage":165,
    "drag":-0.008,
    "trailEffect":"none",
    "smokeEffect":"none",
    "hitEffect":{"type": "MultiEffect",
	        "effects": [
            {"type": "WaveEffect",
            "lifetime": 12,
            "sizeFrom": 1,
            "sizeTo": 28,
            "strokeFrom":7,
            "strokeTo": 0,
            "colorFrom": "B6D7FFFF",
            "colorTo": "FFFFFFFF"}
            {"type": "WaveEffect",
            "lifetime": 18,
            "sizeFrom": 1,
            "sizeTo": 45,
            "strokeFrom":7,
            "strokeTo": 0,
            "colorFrom": "B6D7FFFF",
            "colorTo": "FFFFFFFF"}
            ]}    
    },
"requirements": [
        { "item": "titanium", "amount":250 }
		{ "item": "phase-fabric", "amount":100}
		{ "item": "铝合金", "amount":150 }
		{ "item": "thorium", "amount":200 }
		{ "item": "surge-alloy", "amount":100 }
		{ "item": "metaglass", "amount":100 }
		{ "item": "silicon", "amount":150 }
		{ "item": "plastanium", "amount":100 }
    ],
"category": "turret",
"research": "尘埃"
}