{
    "type": "ItemTurret",
    "name": "纠纷",
    "description": "发射高相位震荡波，对护盾杀伤效果显著。每穿过敌方单位，后方伤害增加一倍。撕碎敌人！",
    "details": "[red]连你的设备一起！不到万不得已，不要使用铝合金直接攻击敌方单位！",
    "canOverdrive": false,
    "health": 2650,
    "armor":6,
    "size": 5,
    "heatColor": "FFD197FF",
    "reload": 190,
    "range": 346,
    "maxAmmo": 15,
    "ammoPerShot": 5,
    "recoilTime": 80,
    "recoil": 5,
    "cooldownTime": 90,
    "shake": 4,
    "liquidCapacity": 60,
    "ammoUseEffect": "none",
    "targetGround": true,
    "targetAir": true,
    "inaccuracy": 0,
    "shootSound": "plasmaboom",
    "rotateSpeed": 2.5,
    "coolantMultiplier": 0.7,
    "consumes": {
        "power": 30,
        "coolant": {
            "amount": 1,
            "optional": true
        }
    },
    "ammoTypes": {
        "铝合金": {
            "damage": 2400,
            "pierce": true,
            "shootEffect": {
"type": "ParticleEffect",
"particles": 15,
"sizeFrom": 9,
"sizeTo": 0,
"length": 85,
"baseLength": 9,
"lifetime": 15,
"colorFrom": "FEEBB3FF",
"colorTo": "ffffff",
"cone": 70
            },
            "despawnEffect": "none",
            "hitEffect": {
"type": "MultiEffect",
"effects": [
    {
    "type": "ParticleEffect",
    "particles": 15,
    "sizeFrom": 9,
    "sizeTo": 0,
    "length": 85,
    "baseLength": 9,
    "lifetime": 15,
    "colorFrom": "FEEBB3FF",
    "colorTo": "ffffff",
    "cone": 70
    },
    {
    "type": "WaveEffect",
    "lifetime": 10,
    "sizeFrom": 5,
    "sizeTo": 80,
    "strokeFrom": 9,
    "strokeTo": 0,
    "colorFrom": "FEEBB3FF",
    "colorTo": "FEEBB3FF"
    }
]
            },
            "hitSound": "plasmaboom",
            "shrinkY": 0,
            "sprite": "peircer",
            "width": 12,
            "height": 40,
            "frontColor": "FFFFFF",
            "backColor": "FEEBB3FF",
            "trailLength": 10,
            "trailWidth": 2,
            "trailColor": "FEEBB3FF",
            /*"bulletInterval": 0.5,
            "intervalBullets": 1,
            "intervalRandomSpread": 60,
            "intervalSpread": 8,
            "intervalAngle": 0,
            "intervalBullet": {
"hitEffect": {
    "type": "MultiEffect",
    "effects": [
    {
        "type": "ParticleEffect",
        "particles": 8,
        "sizeFrom": 6,
        "sizeTo": 0,
        "length": 55,
        "baseLength": 9,
        "lifetime": 15,
        "colorFrom": "FEEBB3FF",
        "colorTo": "ffffff",
        "cone": 40
    },
    {
        "type": "WaveEffect",
        "lifetime": 10,
        "sizeFrom": 6,
        "sizeTo": 50,
        "strokeFrom": 6,
        "strokeTo": 0,
        "colorFrom": "FEEBB3FF",
        "colorTo": "FEEBB3FF"
    }
    ]
},
"despawnEffect": "instBomb",
"hitSound": "plasmaboom",
"width": 0,
"height": 0,
"damage": 36,
"collides": false,
"splashDamageRadius": 52,
"splashDamage": 55,
"lifetime": 30,
"speed": 0.5,
"lightningDamage": 15,
"lightning": 3,
"lightningLength": 6
            },*/
            "speed": 16,
            "lifetime": 30,
            "splashDamageRadius": 80,
            "splashDamage": 170,
            "ammoMultiplier": 3,
 
"pierce": true,}}
   
    "requirements": [
        {
            "item": "copper",
            "amount": 280
        },
        {
            "item": "silicon",
            "amount": 320
        },
        {
            "item": "plastanium",
            "amount": 300
        },
        {
            "item": "phase-fabric",
            "amount": 100
        },
        {
            "item":"titanium",
            "amount": 900
        },
        {
            "item": "metaglass",
            "amount": 200
        }
    ],
    "category": "turret",
    "research": "foreshadow"
}