{
	"name": "物质驱动器",
	"description": "短距离发送物品包，收集一定物品后将其发射到另一个物质驱动器中。",
	"type": "MassDriver",
	"size": 2,
	"hasItems": true,
	"itemCapacity": 24,
	"reload": 100,
	"range": 240,
	"requirements": [
	{ "item": "copper", "amount": 45 },
	{ "item": "silicon", "amount": 35 },
	{ "item": "lead", "amount": 60},
	],
	"research": {
	"parent":"bridge-conveyor"
	"objectives": [
            {
				"type": "SectorComplete",
				"preset": "craters"
			}
	]
	}
	"category": "distribution"
}