{
"type":"PowerTurret",
    "name":"修复台？", 
    "description":"暗藏玄机", 
    "health":700,
	"reload":30,
    "shootCone":360,
    "rotateSpeed":5,
     "alwaysUnlocked": true,
        "recoilTime": 15,//后坐力恢复时间
	"hasLiquids": true,
	"hasShadow":true
	"LiquidsCapacity":30
    "targetAir" :true,
	"targetGround": true,
    "range":165,
    "recoil":3,
    "size":3,
    "shoot":{
	    "type":"ShootSpread",
	    "shots":1
	},
	"inaccuracy": 0,
    "shootSound":"机枪",
    "shootY":0,
    "shootX":0,
    "shootType":{
    "collidesAir": false
    "collidesGround": true,
    "speed": 15,  
	    "lifetime":11,
		"width": 3,"height": 5,
		"damage":41
		"shootEffect": "shootSmall",
        "backColor": "FFFFFFFF",
				"frontColor": "FFFFFFFF",
        "fragLifeMin":0.1,
        "homingRange": 8,
            "homingPower": 8
       },
	"requirements": [
    { "item": "钱", "amount": 0},],
	 "researchCostMultiplier": 0.1
	"category": "turret",
	"research": "九蛋"
	
}