{
	"name": "裂位穹顶投射器",
	"description": "在中等范围内提供较高超速力场，使用裂位能提高效率。",
	"type": "OverdriveProjector",
	"health": 480,
	"size": 3,
	"range": 160,
	"phaseRangeBoost": 40,
	"speedBoostPhase": 1,
	"speedBoost": 2.75,
	"hasBoost": true,
	"useTime": 60,
	"consumes": {
		"power": 6,
		"items": {
			"items": [
				"浓缩铀/1"
			],
			"booster": true,
			"optional": true
		}
	},
	"requirements": [
	"精炼钢/300",
	"精炼铜/230",
	"钛合金/250",
	"surge-alloy/230",
	"炭织布/70",
	"集成电路/2"
	],
	"category": "effect",
	"research": "overdrive-dome"
}