{
	"health": 400,
    "mineSpeed": 7,
    "mineTier": 2,
    "buildSpeed": 1.25,  
    "speed":4.5,
    "faceTarget": false,
	"weapons":[
	{	"name": "贝塔1",	
		"reload":30,
        "x": 2.8,  "y": 1, 
        "rotate": true,
        "rotateSpeed":9,
        "inaccuracy": 0,
		"shoot":{
			"shots":4,
			"shotDelay":1
		},
		"shootSound": "pew",
		"alternate": true,
		"ejectEffect":"casing1",
		"bullet":{
"buildingDamageMultiplier":0.01,
"homingRange": 80,
"homingPower": 0.1,
	    "damage":10,	  
	    "speed":7,
	    "lifetime":40,
	    "width":7,	 "height":15
	}	}
	]
}
