{
   "type": "ContinuousTurret",
   "heatColor": "D1EFFFFF",
   "health": 960,
   "buildCostMultiplier": 1.5,
   "size": 2,
   "range": 200,
   "shootY": -0.5,
   "liquidCapacity": 400,
   "rotateSpeed": 2,
   "shootCone": 90,
   "cooldownTime": 30,
   "aimChangeSpeed": 2,
   "unitSort": "strongest",
   "consumes": {
      "liquid": "water/0.1",
      "power": 6
   },
   "shootSound": "laser",
   "loopSoundVolume": 1,
   "loopSound": "laserbeam",
   "shootType": {
      "pierceArmor": true,
      "type": "PointLaserBulletType",
      "damage": 45,
      "lifetime": 20,
      "speed": 0,
      "shake": 0.1,
      "color": "A7FBFFFF",
      "beamEffect": {
         "type": "multiEffect",
         "effects": [
            {
               "type": "ParticleEffect",
               "particles": 2,
               "lifetime": 32,
               "length": 10,
               "sizeFrom": 4,
               "sizeTo": 0,
               "region": "计划战争-菱",
               "colorFrom": "99F8FFFF",
               "colorTo": "74C2E8FF"
            }
         ]
      },
      "damageInterval": 5,
      "status": "freezing",
      "statusDuration": 60,
      "beamEffectInterval": 1.2,
      "beamEffectSize": 8,
      "oscScl": 2.5,
      "oscMag": 0.2
   },
   "requirements": [
      "silicon/280",
      "copper/350",
      "塑料/80",
      "qws/10"
   ],
   "category": "turret",
   "research": {
      "parent": "聚灭",
      "requirements": [
         "qwe/980"
      ]
   }
}