{
   "type": "ItemTurret",
   "reload": 120,
   "inaccuracy": 0,
   "range": 200,
   "shoot": {
      "type": "ShootSpread",
      "shots": 1
   },
   "size": 2,
   "health": 450,
   "shootSound": "bug_attack",
   "ammoTypes": {
      "铜板": {
         "sprite": "计划战争-回旋镖",
         "type": "BasicBulletType",
         "collidesTiles": true,
         "collides": true,
         "collidesAir": true,
         "spin": 45,
         "splashDamageRadius": 21,
         "splashDamage": 3.5,
         "speed": 5.3,
         "damage": 11,
         "lifetime": 37.5,
         "height": 30,
         "pierceBuilding": true,
         "pierce": true,
         "shrinkY": 0,
         "width": 30,
         "backColor": "EAB678FF",
         "fragBullets": 1,
         "fragLifeMin": 1,
         "fragLifeMax": 1,
         "fragRandomSpread": 0,
         "fragVelocityMin": 1,
         "fragVelocityMax": 1,
         "frontColor": "FFD37FFF",
         "smokeEffect": "shootSmallFlame",
         "hitEffect": "blastExplosion",
         "fragAngle": 180,
         "fragBullet": {
            "pierceArmor": true,
            "damage": 19,
            "sprite": "计划战争-回旋镖",
            "width": 30,
            "speed": 5.3,
            "spin": 45,
            "pierceBuilding": true,
            "pierce": true,
            "height": 30,
            "shrinkY": 0,
            "shrinkX": 0,
            "lifetime": 37.5,
            "splashDamageRadius": 13,
            "backColor": "EAB678FF",
            "splashDamage": 3,
            "frontColor": "FFD37FFF"
         }
      },
      "钛板": {
         "sprite": "计划战争-回旋镖",
         "type": "BasicBulletType",
         "collidesTiles": true,
         "collides": true,
         "collidesAir": true,
         "splashDamageRadius": 21,
         "spin": 45,
         "splashDamage": 3.5,
         "speed": 5.3,
         "damage": 41,
         "lifetime": 37.5,
         "height": 30,
         "shrinkY": 0,
         "width": 30,
         "backColor": "6677E6FF",
         "fragBullets": 1,
         "frontColor": "809DFFFF",
         "smokeEffect": "shootSmallFlame",
         "hitEffect": "blastExplosion",
         "fragBullet": {
            "pierceArmor": true,
            "damage": 41,
            "sprite": "计划战争-回旋镖",
            "width": 30,
            "speed": 0,
            "height": 30,
            "shrinkY": 0,
            "shrinkX": 0,
            "spin": 45,
            "pierceBuilding": true,
            "pierce": true,
            "lifetime": 97.5,
            "splashDamageRadius": 40,
            "backColor": "6677E6FF",
            "splashDamage": 3,
            "frontColor": "809DFFFF",
            "intervalBullets": 1,
            "bulletInterval": 1,
            "intervalBullet": {
               "pierceArmor": true,
               "pierceBuilding": true,
               "pierce": true,
               "damage": 5,
               "width": 0,
               "speed": 1,
               "height": 0,
               "shrinkY": 0,
               "shrinkX": 0,
               "lifetime": 5,
               "splashDamageRadius": 13,
               "backColor": "6677E6FF",
               "splashDamage": 11,
               "frontColor": "809DFFFF"
            }
         }
      },
      "钍板": {
         "sprite": "计划战争-回旋镖",
         "type": "BasicBulletType",
         "collidesTiles": true,
         "collides": true,
         "collidesAir": true,
         "splashDamageRadius": 29,
         "splashDamage": 5,
         "speed": 8.3,
         "spin": 45,
         "homingPower": 1.55,
         "homingRange": 105,
         "homingDelay": 10,
         "damage": 59,
         "lifetime": 50,
         "height": 30,
         "pierceBuilding": true,
         "pierce": true,
         "shrinkY": 0,
         "width": 30,
         "backColor": "E6A1BEFF",
         "frontColor": "FFCCE2FF",
         "smokeEffect": "shootSmallFlame",
         "hitEffect": "blastExplosion"
      }
   },
   "requirements": [
      "铜板/100",
      "塑料/110",
      "graphite/130"
   ],
   "category": "turret",
   "research": {
      "parent": "风蚀",
      "requirements": [
         "qwe/290"
      ]
   }
}