{
   "requirements": [
      "铜板/150",
      "塑钢板/320",
      "silicon/140",
      "metaglass/90",
      "zit单元/1"
   ],
   "shootSound": "railgun",
   "ammoTypes": {
      "钛板": {
         "type": "PointBulletType",
         "shootEffect": "instShoot",
         "hitEffect": "flakExplosionBig",
         "smokeEffect": "smokeCloud",
         "trailEffect": "instTrail",
         "despawnEffect": "instBomb",
         "trailSpacing": 15,
         "lifetime": 200,
         "damage": 290,
         "makeFire": true,
         "speed": 500,
         "hitShake": 3,
         "pierce": true,
         "ammoMultiplier": 1
      }
   },
   "rotateSpeed": 1,
   "reload": 350,
   "ammoUseEffect": "casing3Double",
   "size": 2,
   "shootCone": 2,
   "coolantMultiplier": 0.3,
   "health": 450,
   "consumes": {
      "power": 8
   },
   "category": "turret",
   "range": 800,
   "type": "ItemTurret",
   "heatColor": "FBFF00FF",
   "research": {
      "parent": "沙炮",
      "requirements": [
         "qwe/820"
      ]
   }
}