{
   "type": "ItemTurret",
   "reload": 30,
   "inaccuracy": 25,
   "range": 270,
   "xRand": 2,
   "shoot": {
      "type": "ShootSpread",
      "shots": 4
   },
   "size": 2,
   "health": 360,
   "shootSound": "explosionbig",
   "heatColor": "FF5050",
   "ammoTypes": {
      "silicon": {
         "sprite": "计划战争-导弹子弹",
         "type": "MissileBulletType",
         "keepVelocity": false,
         "collidesTiles": true,
         "collides": true,
         "collidesAir": true,
         "splashDamageRadius": 10,
         "splashDamage": 5,
         "speed": 4,
         "damage": 34,
         "trailLength": 3,
         "trailWidth": 3,
         "ammoMultiplier": 4,
         "lifetime": 75,
         "backColor": "63748C",
         "trailColor": "474747FF",
         "trailEffect": "missileTrail",
         "smokeEffect": "shootSmallFlame",
         "hitEffect": "blastExplosion",
         "homingPower": 0.1,
         "homingRange": 15,
         "homingDelay": 18
      },
      "塑料": {
         "sprite": "计划战争-导弹子弹",
         "type": "MissileBulletType",
         "keepVelocity": false,
         "collidesTiles": true,
         "collides": true,
         "collidesAir": true,
         "splashDamageRadius": 16,
         "splashDamage": 5,
         "speed": 4,
         "damage": 23,
         "trailLength": 3,
         "trailWidth": 3,
         "ammoMultiplier": 4,
         "lifetime": 75,
         "backColor": "838E9EFF",
         "trailColor": "838E9EFF",
         "trailEffect": "missileTrail",
         "smokeEffect": "shootSmallFlame",
         "hitEffect": "blastExplosion",
         "homingPower": 0.05,
         "homingRange": 15,
         "homingDelay": 18,
         "fragBullets": 10,
         "fragBullet": {
            "type": "LiquidBulletType",
            "collidesAir": true,
            "liquid": "oil",
            "lifetime": 20,
            "knockback": 0.5,
            "damage": 1,
            "status": "tarred",
            "statusDuration": 80
         }
      },
      "surge-alloy": {
         "sprite": "计划战争-导弹子弹",
         "type": "MissileBulletType",
         "keepVelocity": false,
         "collidesTiles": true,
         "collides": true,
         "collidesAir": true,
         "splashDamageRadius": 60,
         "splashDamage": 16,
         "speed": 4,
         "damage": 58,
         "trailLength": 3,
         "trailWidth": 3,
         "ammoMultiplier": 4,
         "lifetime": 85,
         "backColor": "9CB664FF",
         "trailColor": "D99F6BFF",
         "trailEffect": "missileTrail",
         "smokeEffect": "shootSmallFlame",
         "hitEffect": "blastExplosion",
         "homingPower": 0.1,
         "homingRange": 15,
         "lightning": 3,
         "lightningLength": 4,
         "homingDelay": 20
      }
   },
   "requirements": [
      "铅板/100",
      "塑料/210",
      "copper/50",
      "graphite/130"
   ],
   "category": "turret",
   "research": {
      "parent": "雷戟",
      "requirements": [
         "qwe/320"
      ]
   }
}