{
    "type":"PowerNode",
    "name":"高级电力节点",
	"description":"更为强大的电力节点，远距离传输电力\n \n[blue][超限技术电力传输装置]",
    "health":250,
	"size":2,
    "maxNodes":20,
    "laserRange":20
    "laserColor1": c0ecff
	"laserColor2": 1878BF
		"research": {
	"parent":"BAAsEA1大型火力发电站"
	"objectives": [
            {
				"type": "SectorComplete",
				"preset": "污染小道"
			}
			/*{
				"type": "OnComplete",
				"preset": "污染小道"
			}*/
	]
	}
	"requirements": [
	{"item": "0铜铅合金", "amount": 15},
	{"item": "titanium", "amount": 8},
	{"item": "silicon", "amount": 10},
	],
	"category":"power"
	"researchCostMultiplier": 0.5
	"buildCostMultiplier":0.4
}