{
    "name":"合金电池",
	"health":1200,
    "description": "更高级的电池，更加坚硬，储电量也更大\n \n[blue][超限技术电池]",
    "requirements": [
  { "amount": 300, "item": "lead" },
  { "amount": 120, "item": "silicon" },
  { "amount": 120, "item": "0铜铅合金" }
  { "amount": 80, "item": "plastanium" }
    ],
        "destroyBullet":{
		"hitSound":"plasmaboom",
		"width":16,	"height":16,
		"sprite":"circle-bullet",
		"shrinkY":0,
		"hitShake":8,
		"backColor":"25C9ABFF",
		"frontColor":"FFFFFF",}
	"consumesPower": true,
	"outputsPower": true,
    "consumes": 
    {"powerBuffered": 95000},
	"emptyLightColor":"FF000000",
	"fullLightColor":"FFFFFFFF",
    "size": 3,
    "type": "Battery",
	"category": "power",
	"research": {
	"parent":"BAAsEC1电池"
	"objectives": [
            {
				"type": "SectorComplete",
				"preset": "冰冷山区"
			}
	]
	}
	"researchCostMultiplier": 0.5
	"buildCostMultiplier":0.2
}
