{
    "type": "GenericCrafter",
    "researchCostMultiplier": 2.5,
    "description": "强化硫化物混合器",
    "name":"大型硫化物混合器",
    "health": 1100,
    "size": 3,
    "hasItems": true,
    "craftTime": 60,
    "drawer": {
    "type": "DrawMulti",
    "drawers": [
    {
        "type": "DrawRegion",
        "suffix": "-bottom"
    },{
		"type":"DrawRegion",
		"suffix":"-rotate",
		"spinSprite":true,
   		"rotateSpeed":1.25
   	},{
        "type": "DrawDefault"
    }
        ]
    },
    "hasPower": true,
    "hasLiquids": false,
    "updateEffect": "none",
    "craftEffect": {
    "type": "multiEffect",
    "effects": [
    {
        "type": "ParticleEffect",
        "particles": 4,
        "length": 30,
        "lifetime": 30,
        "interp": "circleOut",
        "sizeInterp": "pow5In",
        "lightColor": "FECA80FF",
        "colorFrom": "FECA80FF",
        "colorTo": "FECA80FF",
        "sizeFrom": 4.5,
        "sizeTo": 4.5
            }
        ]
    },
    "consumes": {
    "power": 0.50,
    "items": [
    "coal/2",
    "lead/3",
    "sand/3"
        ]
    },
    "requirements": [
    "copper/240",
    "lead/160",
    "graphite/105",
    "metaglass/90",
    "titanium/205",
    "silicon/135"
    ],
    "outputItems": [
    "pyratite/3"
    ],
    "category": "crafting",
    "research": "pyratite-mixer"
}