{
	"type": "GenericCrafter",
	"health": 360,
	"name": "潜合铁金板工厂",
	"description": "?????",
	"outputItem": {"item": "潜合铁金板", "amount": 2	},
	"itemCapacity": 10,
	"size": 2,
	"hasPower": true,
	"hasLiquids": false,
	"hasItems": true,
	"craftTime": 85,
	"updateEffect":"none",
	"drawer":{
        "type":"DrawMulti",
        "drawers":[
            "DrawDefault",
			"DrawFlame"
            ]
    },
	"consumes": {
	"power": 15.5,
	"items": {	"items": [
	{ "item": "surge-alloy", "amount": 1 },
	{ "item": "潜铁板", "amount": 2 }
	        ]
		}
	},
	"requirements": [
		{ "item":"copper", "amount":1000},
        { "item":"lead", "amount":1000},
        {"item":"graphite", "amount":750},
        { "item":"silicon", "amount":850},
        {"item":"titanium","amount":1500},
        {"item":"潜铁板","amount":350}
		],
	"category": "crafting",
	"research": "潜铁板工厂"
}