{
	"type": "flying",
	"name": "YT20",
	"description": "近战法师",
	"speed": 1.2,	
	"drag":0.045,
	"accel":0.1,
//	"range":80
	"targetFlags": ["generator","factory"],
	"rotateSpeed":3,
	"ammoCapacity": 0,
	"hitSize":16, 
	"mineSpeed":5
	"mineTier": 2
	"flying": true,
	"faceTarget": true,
	"health": 700,
	"armor":0,
	"buildSpeed": 0.4
	"abilities":[
{
              "type": "RepairFieldAbility",
              "range": 40,
              "amount": 15,
              "reload": 300
  }
  ]
	"research": {
"parent": "YT10",//前置（前面科技）
"objectives": [
"a014数增级碳钢飞船重构工厂"
]
"requirements": [//研究花费
	"石英/600",
	"铥/600",
	"钢化铅/1000",
	]
}
	    "itemCapacity": 40,
	    	"ammoType":{
	"type":"PowerAmmoType",
	"totalPower":100
	},
	"weapons":[
	{
	"mirror":true,
	"rotateSpeed":0
  "x":5
  "y":0
  "shootY":4
  "top": true
  "rotate":false
  "reload": 70
  "shootSound":"laser",
  "ejectEffect":"none"
  "shots": 1,
  "inaccuracy":40
  "alternate":true,
  "ignoreRotation": false,
  "shoot": {
        "shots": 3,
        "shotDelay": 5
        }
        "bullet":{
"speed": 4,
			"damage": 30,
			"lifetime": 22,
			"width": 6,
			"height": 6
			"trailLength": 5,
        "trailWidth": 1.5,
        "hitEffect":"flakExplosionBig"
        "frontColor": "BBFFEEFF",
        "backColor": "FFFFFFFF",
        "trailColor": "BBFFEEFF",
        "collidesTeam":true,
"healAmount":20,
"healPercent":1.5,
        "homingRange":80,
        "homingPower":1
        "homingDelay":10
        "hitShake":0.25
"hitEffect": {/*击中特效*/
"type":"multiEffect",
"effects":[
{
			"type": "ParticleEffect",
			"line": true,
			"particles": 6,
			"lifetime": 20,
			"length": 30,
			"cone": 30,
			"lenFrom": 4,
			"lenTo": 4,
			"strokeFrom": 1.5,
			"strokeTo": 0,
		},
		]
		}
		"shootEffect":{/*开火特效*/
"type":"multiEffect",
"effects":[
{
		"type": "ParticleEffect",
    "particles": 2,
    "length":20,
    "baseLength": 0,
    "lifetime": 15,
    "line": true,
    "lenFrom":4,
    "lenTo":8,
    "strokeFrom": 2,
    "strokeTo": 0,
        "cone": 40
        },
]
}
}
}
{
			"x": 0,
			"y": 2,
			"reload": 120,
			"ejectEffect": "none",
			"shootSound": "spark",
			"shoot": {
        "shots": 6,
        "shotDelay": 1
    },
			"bullet": {
				"type": "LightningBulletType",
				"damage": 10,
				"lightningLength": 12
				"collidesTeam":true,
"healAmount":15,
"healPercent":1,
}
},
]
}