{
	"type": "flying",
	"name": "YT30",
	"description": "biubiubiu\nboomboomboom",
	"speed": 1,	
	"drag":0.04,
	"accel":0.1,
	"range":200
	"targetFlags": ["turret","factory","core"],
	"rotateSpeed":2.75,
	"ammoCapacity": 0,
	"hitSize":22, 
	"flying": true,
	"faceTarget": true,
	"health": 2800,
	"buildSpeed": 0.8
	"armor":0,
	"research": {
"parent": "YT20",//前置（前面科技）
"objectives": [
"a015倍乘级碳钢飞船重构工厂"
]
}
"abilities":[
{
              "type": "RepairFieldAbility",
              "range": 48,
              "amount": 40,
              "reload": 300
  }
  ]
	    "itemCapacity": 70,
	    	"ammoType":{
	"type":"PowerAmmoType",
	"totalPower":100
	},
	"weapons":[
	{
	"mirror":true,
	"rotateSpeed":0
  "x":8
  "y":-4
  "shootY":4
  "top": true
  "rotate":false
  "reload": 120
  "shootSound":"laser",
  "ejectEffect":"none"
  "shots": 1,
  "inaccuracy":1
  "alternate":true,
  "ignoreRotation": false,
  "shoot": {
        "shots": 3,
        "shotDelay": 5
        }
        "bullet":{
"speed": 7,
			"damage": 30,
			"lifetime": 60,
			"drag":0.03
			"width": 12,
			"height": 12
			"trailLength": 5,
        "trailWidth": 3,
        "trailColor":"BBFFEEFF"
        "sprite": "circle-bullet",
					"shrinkY": 0,
					"hitShake": 3,
					"absorbable": false,
					"backColor": "97FFA8FF",
					"frontColor": "ffffff",
					"mixColorTo": "ffffff",
					"hitSound": "plasmaboom",
					"despawnEffect": "massiveExplosion",
					"hitEffect": "greenBomb",
					"splashDamage": 40,
					"splashDamageRadius": 50
        "collidesTeam":true,
"healAmount":100,
"healPercent":5,
        "homingRange":80,
        "homingPower":0.01
		"shootEffect":{/*开火特效*/
"type":"multiEffect",
"effects":[
{
		"type": "ParticleEffect",
    "particles": 2,
    "length":20,
    "baseLength": 0,
    "lifetime": 15,
    "line": true,
    "lenFrom":4,
    "lenTo":8,
    "strokeFrom": 2,
    "strokeTo": 0,
        "cone": 40
        },
]
}
}
},
]
}