{
	"type": "flying",
	"name": "YT40",
	"description": "[red]我的耳朵啊啊啊啊啊啊啊啊啊啊啊啊啊啊啊啊啊啊啊啊啊啊啊啊啊啊",
	"speed": 0.7,	
	"drag":0.035,
	"accel":0.1,
	"range":180
	"targetFlags": ["turret","factory","core"],
	"rotateSpeed":2,
	"ammoCapacity": 0,
	"hitSize":28, 
	"flying": true,
	"faceTarget": true,
	"health": 11000,
	"buildSpeed": 2
	"armor":0,
	"research": {
"parent": "YT30",//前置（前面科技）
"objectives": [
"a015倍乘级碳钢飞船重构工厂"
]
}
"abilities":[
{
              "type": "RepairFieldAbility",
              "range": 56,
              "amount": 100,
              "reload": 360
  }
  ]
	    "itemCapacity": 110,
	    	"ammoType":{
	"type":"PowerAmmoType",
	"totalPower":100
	},
	"weapons":[
	{
	"mirror":true,
	"rotateSpeed":0
  "x":8
  "y":-4
  "shootY":4
  "top": true
  "rotate":false
  "reload": 60
  "shootSound":"shotgun",
  "ejectEffect":"none"
  "shots": 1,
  "inaccuracy":5
  "alternate":true,
  "ignoreRotation": false,
  "shoot": {
  "type": "ShootSpread",
        "spread": 0
        "shots": 4,
        "shotDelay": 3
        }
        "bullet":{
"type": "ShrapnelBulletType",
            "damage": 100,
            "length": 180,
            "toColor": "BBFFEEFF",
            "collidesTeam":true,
            "healAmount":100,
            "healPercent":4,
            "shootEffect":{/*开火特效*/
"type":"multiEffect",
"effects":[
{
		"type": "ParticleEffect",
    "particles": 2,
    "length":40,
    "baseLength": 0,
    "lifetime": 15,
    "line": true,
    "lenFrom":6,
    "lenTo":12,
    "strokeFrom": 3,
    "strokeTo": 0,
        "cone": 30
        },
]
}
}
},
]
}