{
	"type": "flying",/*种类 */
	"name": "科研船T2",/*名称，它叫什么名字！ */
	"description": "拥有更强悍的性能\n可创造临时力墙区",/*描述，简介！ */
	"ammoCapacity": 100,/*弹药容量 */
    "ammoResupplyAmount":5,/*弹药补给倍率 */
    "speed": 2.6,/*速度 */
    "accel": 0.05,
    "drag": 0.03,
	"flying": true,/*能否飞行，true为能飞 */
	"turnCursor":false,/*转动光标 */
	"engineOffset": 0,/*发动机偏移 */
	"engineSize": 2,/*发动机大小 */
    "hitSize": 14,/*被击中大小，你的大小 */
    "targetAir":"false",/*目标航空 */
    "health": 950,/*血量 */
    "armor": 3,/*装甲 */
    "mineSpeed": 1,/*挖矿速度 1=100% */
    "mineTier": 6,/*挖矿等级，你可以挖什么矿 */
    "buildSpeed": 2.5,/*构建速度 1=100%*/
    "rotateSpeed": 4,/*转速，旋转的速度 */
    "itemCapacity": 60,/*容量，字面意思 */
    "commandLimit": 8,/*命令限制，能让多少单位跟着你！ */
    "trailLength": 6, //拖尾长
   	"trailColor": "919FE7FF",//拖尾颜色
    "rotateShooting": "true",/*旋转射击，是否旋转射击 */
    "abilities": [
            {
    "type":"ForceFieldAbility",/*类型:力场能力 */
    "radius":18.5,/*半径大小，按8/格算！ */
    "regen": 1,/*再生，力场回血的速度，别过高！ */
    "max": 640,/*力场血量上限 */
    "cooldown": 900,}/*冷却时/*能力（如力场防御等） */
    ],/*如果不用可以删除！别告诉我删都不会删！ */
}