{
	"type":"PowerTurret",
	"name":"武装钢墙",
    "description":"向敌人发射追踪导弹，阻挡敌人进攻，且能传导电流，但不如大型钢墙坚固",
	"size":2,//物品面积
	"health":4200,//建筑血量
	"ammoPerShot":2,
	"range":112,//攻击范围
	"reload":60,//60：0.1每秒一个
	"inaccuracy":5,//误差
	"rotatespeed":2,//旋转速度
	"targetAir":true//攻击天空
	"targetGround":true,//攻击地面
			"shootSound":"missile",
	"shoot": {
		"shots": 3,
		"shotDelay": 2,
		"type": "ShootAlternate",
		"barrels": 3,
		"spread": 3.5
	},
	"shootType": {
			"type": "MissileBulletType",
			"width": 8,
			"height": 8,
			"shrinkY": 0,
			"speed": 4,
			"lifetime":28,
			"damage": 12,
			"homingRange":40,//跟踪半径
	        "homingPower":0.08,//跟踪力度（1=3000度）
			"splashDamageRadius": 16,
			"splashDamage": 12,
			"hitEffect": "blastExplosion",
			"despawnEffect": "blastExplosion",
		}
	"requirements": [
	"钢/50"
	],
	"category":"defense",
	"research":"albb大型钢墙"
	
}