{"buildCostMultiplier":0.5,
	"type":"ContinuousTurret",
	"name":"武装碳锡墙",
    "description":"向敌人发射定点激光，阻挡敌人进攻，且能传导电流，但不如大型碳锡墙坚固",
	"size":2,//物品面积
	"health":3680,//建筑血量
	"ammoPerShot":2,
	"range":112,//攻击范围
	"reload":12,//60：0.1每秒一个
	"inaccuracy":0,//误差
	"rotatespeed":1.5,//旋转速度
	"targetAir":true//攻击天空
	"targetGround":true,//攻击地面
			"shootSound":"missile",
	"shoot": {
		"shots": 1,
	},
	"shootType": {
	"pierceArmor":true,/*穿甲*/
		"type": "PointLaserBulletType",
		"damage": 5,
		"lifetime": 20,
		"speed": 0,//必须是0
		"shake": 0.1,
		"color":"D6DEC6FF",
		"beamEffect": {
			"type": "multiEffect",
			"effects": [
				{
					"type": "ParticleEffect",
					"particles": 1,
					"lifetime": 32,
					"length": 5,
					"sizeFrom": 3,
					"sizeTo": 0,
					"interp": "circleOut",
					"colorFrom": "D6DEC6FF",
					"colorTo": "AFBB9AFF"
				}
			]
		},
		"damageInterval": 15,//伤害间隔
		"status": "melting",
		"statusDuration": 30,
		"beamEffectInterval": 1.2,//特效间隔
		"beamEffectSize": 8,//特效大小
		"oscScl": 2.5, //抖动频率
		"oscMag": 0.2 //幅度
	},
	"requirements": [
	"碳锡/50"
	],
	"category":"defense",
	"research":"albe大型碳锡墙"
	
}