{
    "size":2,//平方大小
    "description":"保护己方建筑，挡下敌方炮弹，拥有力墙，本体受到伤害时会额外损坏，对碾压伤害有一定的免疫效果，有概率反弹子弹",//介绍
    "name": "大型相位墙",
	"type": "ShieldWall",//类型盾墙
	"health": 8200,
	"armor": -2,
	"flashHit": true,
	"chanceDeflect": 75,
	"shieldHealth": 1800,//护盾容量
	"regenSpeed": 1,//护盾再生速度
	"breakCooldown": 300,//护盾冷却时间
	"crushDamageMultiplier": 0.8,//碾压伤害倍率
	"deflect": true,//反弹子弹
"chanceDeflect":40,//反弹概率（1=1%）
	"requirements": [
		"phase-fabric/32",
		"相织能/16"
	],
	"category": "defense",
	"research": {
		"parent": "alca相位反射墙",
	}
	"buildCostMultiplier": 0.8,
}