{"buildCostMultiplier":0.5,
"type": "ContinuousTurret",
"name": "激光壁垒",
"description": "在敌人靠近时会向四周发射激光，不会阻挡节点连接",
"size": 2,
"health":5200,
"range": 120,
"shootWarmupSpeed": 0.08,
"minWarmup": 0.9,
"warmupMaintainTime": 120,
"shootEffect": "shootBig",
"shootSound": "shootLaser",
"outlineColor": "42413e",
"recoil": 0,
"squareSprite": false,
"researchCostMultiplier": 0.5,
"loopSound": "laserbeam",
"loopSoundVolume": 0.5,
"shootCone": 360,
"chargeSound": "lasercharge",
"smokeEffect": "shootSmokeSquareSparse",
"shoot": {
"type": "ShootBarrel",
"firstShotDelay": 60,
"shots": 4,
"shotDelay": 3,
"barrels": [
0,
13.5,
0,

-13.5,
0,
90,

0,
-13.5,
180,

13.5,
0,
270
]
},
"shootX": 0,
"shootY": 0,
"rotateSpeed": 0,
"shootType": {
"chargeEffect": {
"type": "MultiEffect",
"followParent": true,
"effects": [
{
"type": "ParticleEffect",
"particles": 9,
"length": 20,
"baseLength": 9,
"sizeFrom": 3,
"sizeTo": 0.1,
"interp": "pow2In",
"sizeInterp": "pow2",
"lifetime": 40
},
{
"type": "WaveEffect",
"sizeFrom": 25,
"sizeTo": 0.1,
"strokeFrom": 1.8,
"strokeTo": 0.9,
"interp": "pow2In",
"lifetime": 50
},
{
"type": "ParticleEffect",
"particles": 9,
"length": 15,
"baseLength": 5,
"sizeFrom": 3,
"sizeTo": 0.1,
"interp": "pow2In",
"sizeInterp": "pow2",
"lifetime": 50
},
{
"type": "WaveEffect",
"sizeFrom": 19,
"sizeTo": 0.1,
"strokeFrom": 1.6,
"strokeTo": 0.8,
"interp": "pow2In",
"lifetime": 60
}
]
},
"type": "ContinuousLaserBulletType",
"shake": 0.2,
"damageInterval": 10,
"damage": 16,
"length": 120,
"incendChance": 0,
"incendSpread": 0,
"incendAmount": 0,
"width": 4,
"splashDamagePierce": true,
"makeFire": false,
"status": "melting",
"statusDuration": 120,
"hitEffect": "hitBulletColor"
},
"category":"defense",
"research": "albf武装碳锡墙",
"requirements": [
"碳锡/60",
"钢/60",
]
}