{
	"type":"Wall",
	"category":"defense",
	"name":"深渊墙",
	"description":"保护己方建筑，挡下敌方炮弹，拥有一定护甲，被摧毁后对附近敌人附加暗流紊乱",

	"research":{
	"parent":"alaa铁墙",
	"requirements":[
	"深渊矿/100"
	]	},

	"requirements":[
	"深渊矿/10"
	],
	"destroyBullet":{
	"damage": 0,
		"lifetime": 0,
		"speed": 0,
		"knockback": 5,
		"shake": 5,
		"width": 0,
		"height": 0,
		"splashDamage": 0,
		"splashDamageRadius": 32,
		"buildingDamageMultiplier": 2,
		"shootEffect": "randLifeSpark"
		"status": "暗流紊乱",
"statusDuration": 300,
		"despawnEffect": {
"type": "ExplosionEffect",
"sparkColor":"594E6BFF",//火花颜色
"sparkStroke":2,//火花宽
"sparkRad":24,//火花半径
"sparkLen":8,//长度
"sparks":20,//火花数
"smokes":0,//烟雾数
"waveLife": 24,//波浪存在时间
"waveColor":"594E6B50",//火花颜色
"waveStroke":3,//波形宽度
"waveRad":30,//波浪半径
"waveRadBase":0,//波浪开始的半径
				},
		"hitEffect": "none",
		"hitSound": "none",
		"hitColor": "594E6BFF",
	}
	"health":1080,
	"armor":3,
	"size":1
}