{
	"name": "热能路由器",
	"description": "传输热量的路由器"
	"requirements": [
			{ "item": "copper", "amount": 30 },
			{ "item": "graphite", "amount": 20 }
	],
	"researchCostMultiplier": 0.2
	"size": 2,
	"splitHeat": true
	"drawer": {
		"type": "DrawMulti",
		"drawers": [
			{ "type": "DrawDefault" },
			{ "type": "DrawHeatOutput" },
			{ "type": "DrawHeatOutput", "rotOffset": 1, "drawGlow": false }
			{ "type": "DrawHeatOutput", "rotOffset": -1, "drawGlow": false }
			{ "type": "DrawHeatInput", "suffix": "-heat" }
		]
	},
	"regionRotated1": 1
	"visualMaxHeat": 10
	"category": "crafting",
	"research" : "热能传输机",
}