{
	"name": "电力墙",
	"description": "投射护盾作为防御的墙，拥有极高的盾容和冷却系数",
	"type": "ForceProjector",
	"health": 725,
	"size": 1,
	"radius":20,
	"shieldHealth": 100000,
	"phaseUseTime":360000,
	"phaseRadiusBoost":200,
	"cooldownNormal":60,
	"cooldownLiquid":30,
	"cooldownBrokenBase":5,
	"consumes":{
		"power": 1,
		"items":{
			"items":[
				{"item":"phase-fabric","amount": 5}
			],
			"booster":true
		}
	},
	"requirements": [
	{ "item": "titanium", "amount": 15 }
	{ "item": "copper", "amount": 15 }
		{ "item": "lead", "amount": 35 }
		{ "item": "graphite", "amount": 25 }
		{ "item": "silicon", "amount": 25 }
		{ "item": "钛晶", "amount": 25 }
	],
	"category":"defense",
	"research":"force-projector"
}
      
