{
   "type":"UnitAssemblerModule",
   "name": "装配厂",
   "description": "提高装配等级，建造更高级的单位。\n\n[blue][超限集团装配模块]",
   "health":1680,
   "size":3,
   "tier":1
   "consumes":{
       "power":8,}
	"requirements": [
	{ "item": "1集成电路", "amount": 300},
    { "item": "titanium","amount": 300},
    { "item": "0铜铅合金", "amount": 300},
    { "item": "phase-fabric", "amount": 220},	
    { "item": "1绝缘钢", "amount": 450}],
    	"category":"units",
    	"research": {
	"parent":"BAAsHH抑灾级装配厂"
	"objectives": [
            {
				"type": "SectorComplete",
				"preset": "冰封菌落"
			}
	]
	}
	"researchCostMultiplier": 0.5
}