{
    "name":"电离"
    "description":"总有地上的生灵敢于面对雷霆的威光…\n\n将敌人机甲上的原子电离开来，带来看似不起眼的伤害，让敌人感觉前所未有的轻松，同时让敌人发现自己的机甲只剩下了核心"
//	"damageMultiplier":1,
	//攻击力倍率（数值越大，攻击力越高）
	"healthMultiplier":0.9,
	//血量倍率（数值越大，血量最大上限越高）
	"speedMultiplier":0.95,
	//速度倍率（数值越大，移动越快）
//	"reloadMultiplier":1,
	//射速倍率（数值越大，射速越快）
	"damage":0.25
	//每1/60秒扣血速度（负数为回血）
	"permanent":false,
	//如果为ture
	//这个状态永远存在于此单位身上，除非单位死亡
	//如果为false 则没有永远存在的效果
	"reactive":false,
	//如果为true，则此效果将仅与其他效果反应无法应用
	"color":"#ff0000",
	//状态颜色
	"disarm":false,
	//是否解除武装
	/*"opposites":[
	"离子灼烧"
	    ],
	排斥
	"transitionDamage":500,
	影响因素造成的伤害
	"affinities":[//亲和元素
	    "wet",
	    "freezing",
	    "melting",
	    "freezing",        
	    ],
	    影响因素*/
	"effect": {
	    "type":"ParticleEffect"
	   // "region":"合晶工业-粒子"
	    "particles":7,
	    "lifetime":15,
	    "length":10,
	    "sizeFrom":2
	    "sizeTo":0
	    "colorFrom":"ffffffff"
	    "colorTo":"ffffffff"
	},
	"effectChance":0.8,
	//效果数量（数值越大,效果越多越密集）
}