{
  "speed": 4.8,
  "mineSpeed": 11,
  "outlineColor": "3F414EFF",
  "buildSpeed": 11,
  "mineTier": 7,
  "itemCapacity": 100,
  "circleTarget": true,
  "accel": 0.03,
  "drag": 0.02,
  "flying": true,
  "health":500,
  "hitSize": 21,
  "armor": 4,
  "faceTarget": false,
  "engineOffset": 8.5,
  "engineColor": "73FFAEFF",
  "targetAir": true,
  "weapons": [
    {
    	"name": "贝塔1",
			"reload": 6,
			"x": 2,
			"y": 5,
			"shoot": {
				"shots": 2,
				"shotDelay": 2
			},
			"mirror": true,
			"rotate": false,
			"shootY": 4.5,
			"top": false,
			"inaccuracy": 0,
			"alternate": true,
			"shootSound": "shoot",
			"bullet": {
				"buildingDamageMultiplier": 0.01,
				"damage": 21.5,
				"backColor": "FF8C00",
				"frontColor": "FFB90F",
				"status": "burning",
				"statusDuration": 6,
				"speed": 6,
				"lifetime": 40,
				"width": 6,
				"height": 13
			}
		}
	],  
  "abilities": [
    {
      "type": "mindustry.entities.abilities.RepairFieldAbility",
      "activeEffect": {
        "type": "WaveEffect",
        "lifetime": 25,
        "sizeFrom": 0,
        "sizeTo": 160,
        "strokeFrom": 6,
        "strokeTo": 0,
        "colorFrom": "73FFAEFF",
        "colorTo": "73FFAEFF"
      },
      "healEffect": {
        "type": "WaveEffect",
        "lifetime": 25,
        "sizeFrom": 0,
        "sizeTo": 10,
        "strokeFrom": 6,
        "strokeTo": 0,
        "colorFrom": "73FFAEFF",
        "colorTo": "73FFAEFF"
      },
      "range": 80,
      "amount": 80,
      "reload": 80
    }
  ]
}