{
    "type": "payload"
    "name": "阿尔法",
    "description": "基础型号，主要作用为探索，以及修复 ",
    "controller": "BuilderAI",
    "flying": true,
    "lowAltitude": true,
    "speed":6,
    "accel":0.3,
    //加速
   "MoveLightningAbility":true
    "drag": 0.1,
    "itemCapacity":50,
    "rotateSpeed": 22,
    "outlineColor": "212121",
	//描边颜色
    "buildSpeed": 1.5,
    //建筑速度
   // "payloadCapacity":64,
	//载荷（64为1²格）
    "buildBeamOffset":3,
    "mineFloor":true,
    //能否挖地
    "mineWalls":true,
    //能否挖墙
    "mineSpeed":10,
    //挖矿速度
    "mineTier":1,
    //挖矿等级
    "engineOffset":6.5,
    "engineColor":"#C42424FF",
    //引擎颜色
    "trailLength":6, 
    //拖尾长
   	"trailColor": "#881E1EFF",
   	//拖尾颜色
    "hitSize":8,
    "health":200,
    "armor":3,
    "envDisabled":0,
    //需要的环境
    "coreUnitDock":true
        "ammoType":{
        "type":"PowerAmmoType",
    },
    "weapons":[
        {
            "type":"RepairBeamWeapon",
            "name":"阿尔法",
            "y":0,
            "x":0,
            "shootY":7,
            "reload":10,
            //射速
            "recoil":0,
            //后坐力
            "beamWidth":0.7,
            //激光宽度
            "repairSpeed":3.5,
            //修理速度
            "fractionRepairSpeed":0.05,
            //分段修理速度
            "shootCone":15,
            "targetUnits":true,
            //目标单位
            "targetBuildings":true,
            //目标建筑
            "autoTarget":true,
            //自动锁定目标
            "controllable":false,
            //可控
            "laserColor":"#C42424FF",
            //激光颜色
            "healColor":"#881E1EFF",
            //修复颜色
            "shake":0,
            "rotate":false,
            "top":false,
            "mirror":false,
            "bullet": {
                "damage":10,
                "maxRange":120,
                }
            },
        ]
        /*
        	"abilities":[
    		{
			"type": "MoveLightningAbility",
		   "Color":"a9d8ff",
		           "lightningLength": 30.5,
        //射击命中时生成闪电的长度
        "lightningDamage":0.1,
        		"healPercent":3,
        //闪电伤害
			}
			
			/*
    		"radius":42,
    		//范围
    		"regen":0.5,
    		//每帧盾容回复量
    		"max":600,
    		//盾容
    		"cooldown":160
    		//被击破后的冷却(8/1s)
		},
	// {"type":"ShieldRegenFieldAbility",//护盾再生场
	// "amount":30//再生值
	// "max":200
	// "reload":300//间隔时间（帧）
	// "range":44//范围
	// }
	
	],
	*/
}