{
  "type": "itemTurret",
  "name": "BFG",
  "description": "Big Gun. Big Boom.",
  "size": 4,
  "health": 2000,
  "requirements": [
    {"item": "titanium", "amount": 5000},
    {"item": "plastic", "amount": 4000},
    {"item": "silicon", "amount": 3500},
    {"item": "fuel-cell", "amount": 1000},
    {"item": "metaglass", "amount": 1000}
  ],
  "shoot":{"firstShotDelay": 120},
  "maxAmmo": 60,
  "ammoPerShot": 5,
  "recoil": 0,
  "shake": 20,
  "reload": 600,
  "range": 0,
  "shootCone": 1,
  "inaccuracy": 0,
  "rotateSpeed": 1,
  "shootSound": "explosionbig",
  "chargeSound": "lasercharge",
  "consumes": {"power": 100},
  "ammoTypes": {
    "fuel-cell": {
      "type": "basicBulletType",
      "width": 64,
      "shrinkY": -9.2,
      "spin": 5,
      "speed": 5,
      "lifetime": 140,
      "damage": 1000,
      "splashDamageRadius": 45,
      "splashDamage": 500,
      "hitSound": "massiveExplosion",
      "despawnEffect": "spawnShockwave",
      "hitEffect": "spawnShockwave",
      "frontColor": "ffffff",
      "backColor": "98ffa9",
      "chargeEffect": "greenLaserCharge"
    }
  },
  "research": "mac",
  "category": "turret"
}
