{
  "type": "itemTurret",
  "name": "Magnetic Accelerator Cannon",
  "description": "Can shoot a bullet at such speeds that it penetrates everything in its path.",
  "size": 4,
  "health": 1000,
  "requirements": [
    {"item": "titanium", "amount": 10000},
    {"item": "silicon", "amount": 2000},
    {"item": "surge-alloy", "amount": 1000},
    {"item": "plastic", "amount": 1000},
    {"item": "fuel-cell", "amount": 400}
  ],
  "maxAmmo": 10,
  "ammoPerShot": 1,
  "targetAir": false,
  "shake": 10,
  "reload": 240,
  "range": 700,
  "shootCone": 1,
  "inaccuracy": 0,
  "rotateSpeed": 1,
  "shootSound": "railgun",
  "consumes": {"power": 50,"coolant":{}},
  "coolantMultiplier": 0.5,
  "ammoTypes": {
    "fuel-cell": {
      "type": "ShrapnelBulletType",
      "length":700,
      "damage": 1000,
      "width": 5,
      "ammoMultiplier": 5,
      "hitEffect": "instHit"
    },
    "thorium": {
      "type": "LaserBoltBulletType",
      "speed": 20,
      "lifetime": 180,
      "damage": 500,
      "pierceCap": 5,
      "pierceBuilding": true,
      "ammoMultiplier": 1,
      "reloadMultiplier": 3,
      "hitEffect": "instBomb",
      "shootEffect": "lightningShoot",
      "despawnEffect": "none",
      "smokeEffect": "none",
      "collidesTeam": "false",
      "frontColor": "ffffff",
      "backColor": "a9d8ff",
      "drag": 0.01,
      "shrinkY": 1
    }
  },
  "research": "orbital-strike",
  "category": "turret"
}
