{
  "type": "powerTurret",
  "name": "Nuke",
  "description": "One time use, connect to power to launch.",
  "size": 2,
  "health": 100,
  "requirements": [
    {"item": "titanium", "amount": 500},
    {"item": "silicon", "amount": 350},
    {"item": "fuel-cell", "amount": 100}
  ],
  "shootCone": 2,
  "shootY": 0,
  "inaccuracy": 0,
  "recoil": 0,
  "range": 800,
  "reload": 1,
  "rotateSpeed": 360,
  "consumes": {"power": 1.667},
  "shootType": {
    "type": "MissileBulletType",
    "homingPower": 0.1,
    "homingRange": 1600,
    "speed": 2,
    "lifetime": 1200,
    "damage": 10000,
    "splashDamage": 7000,
    "splashDamageRadius": 200,
    "drag": -0.001,
    "knockback": 40,
    "hittable": false,
    "reflectable": false,
    "absorbable": false,
    "status": {
      "name": "irradiated",
      "localizedName": "Irradiated",
      "speedMultiplier": 0.8,
      "damageMultiplier": 0.8,
      "healthMultiplier": 0.8,
      "damage": 10,
      "effect": "melting"
    },
    "statusDuration": 3600,
    "killShooter": true,
    "frontColor": "f3e979",
    "backColor": "686b7b",
    "shootEffect": "smokeCloud",
    "despawnEffect": "reactorExplosion",
    "hitEffect": "reactorExplosion",
    "trailColor": "454545",
    "trailEffect": "rocketSmoke",
    "ammoMultiplier": 1
  },
  "research": "spectre",
  "category": "turret"
}
