{
  "type": "powerTurret",
  "name": "Orbital Strike",
  "description": "This is just the designator, the rest is in orbit.",
  "size": 2,
  "health": 600,
  "requirements": [
    {"item": "titanium", "amount": 1000},
    {"item": "silicon", "amount": 1000},
    {"item": "metaglass", "amount": 1000},
    {"item": "thorium", "amount": 1000}
  ],
  "targetAir": false,
  "targetGround": true,
  "recoil": 0,
  "reload": 60,
  "range": 400,
  "shootCone": 1,
  "inaccuracy": 0,
  "rotateSpeed": 10,
  "consumes": {"power": 50},
  "shootSound": "none",
  "shootType": {
    "type": "SapBulletType",
    "sapStrength": 0,
    "length": 400,
    "lifetime": 1,
    "damage": 5000,
    "width": 0,
    "hitEffect": "instBomb",
    "shootEffect": "none",
    "smokeEffect": "none",
    "hitSound": "boom",
    "pierce": false,
    "status": "none"
  },
  "research": "designator",
  "category": "turret"
}
