{
	"type": "itemTurret",
	"name": "Railgun",
	"description": "A cheeper, longer range alternative to the fuse.",
	"size": 3,
	"health": 500,
	"requirements": [
		{"item": "titanium", "amount": 400},
		{"item": "silicon", "amount": 300},
		{"item": "graphite", "amount": 200},
		{"item": "copper", "amount": 100}
	],
	"maxAmmo": 5,
	"ammoPerShot": 1,
	"targetAir": true,
	"targetGround": true,
	"shake": 1,
	"reload": 120,
	"range": 175,
	"shootCone": 1,
	"ammoUseEffect": "hitFuse",
	"shootSound": "shotgun",
	"inaccuracy": 0,
	"rotateSpeed": 2,
	"recoil": 4,
	"ammoTypes": {
		"titanium": {
			"type": "ShrapnelBulletType",
			"length": 190,
			"damage": 200,
			"ammoMultiplier": 2,
			"width": 4
		}
	},
	"consumes": {
		"power": 1.6666666,
		"coolant":{"amount":0.3}
	},
	"category": "turret",
	"research": "fuse"
}
