{
  "type": "itemTurret",
  "name": "SAM",
  "description": "Surface to air missile launcher, the pinacle of anti-air weaponry.",
  "size": 3,
  "requirements": [
    {"item": "titanium", "amount": 200},
    {"item": "graphite", "amount": 300},
    {"item": "plastanium", "amount": 500},
    {"item": "plastic", "amount": 400},
    {"item": "silicon", "amount": 250}
  ],
  "maxAmmo": 50,
  "ammoPerShot": 1,
  "targetGround": false,
  "reload": 40,
  "range": 400,
  "shoot":{"type": "shootAlternate","shots":8,"barrels":4,"spread":3.5,"shotDelay":5},
  "xRand": 1,
  "inaccuracy": 10,
  "shootSound": "missile",
  "ammoTypes": {
    "blast-compound": {
      "type": "MissileBulletType",
      "homingPower": 0.5,
      "speed": 5,
      "lifetime": 90,
      "damage": 120,
      "splashDamage": 90,
      "splashDamageRadius": 45,
      "hitEffect": "blastExplosion",
      "despawnEffect": "blastExplosion",
      "status": "blasted",
      "statusDuration": 120
    },
    "pyratite": {
      "type": "MissileBulletType",
      "homingPower": 0.5,
      "speed": 5,
      "lifetime": 90,
      "damage": 80,
      "splashDamage": 60,
      "splashDamageRadius": 30,
      "makeFire": true,
      "frontColor": "f8ad42",
      "backColor": "f68021",
      "hitEffect": "blastExplosion",
      "status": "burning"
    },
    "surge-alloy": {
      "type": "MissileBulletType",
      "homingPower": 0.5,
      "speed": 5,
      "lifetime": 90,
      "damage": 100,
      "splashDamage": 75,
      "splashDamageRadius": 37.5,
      "lightningDamage": 30,
      "lightning": 6,
      "lightningLength": 10,
      "hitEffect": "blastExplosion",
      "despawnEffect": "blastExplosion"
    },
    "plastic": {
      "type": "MissileBulletType",
      "homingPower": 0.5,
      "speed": 5,
      "lifetime": 90,
      "damage": 120,
      "splashDamage": 90,
      "splashDamageRadius": 30,
      "drag": -0.01,
      "hitEffect": "plasticExplosion",
      "despawnEffect": "plasticExplosion",
      "status": "blasted",
      "statusDuration": 120
    }
  },
  "consumes":{"coolant":{"amount": 0.4}},
  "research": "swarmer",
  "category": "turret"
}
