{
    "type": "PayloadUnloader",
    "category": "units",
    "name": "载荷卸载器",
    "description": "从载荷方块卸载物品。",
    "research": {
        "parent": "akca载荷装载器",
        "requirements": [
            "铝/1600",
            "silicon/800",
            "钢/800"
        ]
    },
    "requirements": [
        "铝/160",
        "silicon/80",
        "钢/80"
    ],
    "consumes": {
        "power": 0.5
    },
    "hasPower": true,
    "size": 3,
    "fogRadius": 5,
    "regionSuffix": "-dark"
}