{
	"type": "GenericCrafter",
    "name": "数据挖掘装置",
   	"description":"因选择性工厂不计入总生产量而开发",
    "details":"没救了ㄟ( ▔, ▔ )ㄏ",
	"health":2700,
	"outputItems": ["护盾物质/3","速度物质/3","构筑物质/3"]
	"itemCapacity": 10,
	"size": 4,
"drawer":{
	    "type":"DrawMulti",
	    "drawers":[
	    "DrawDefault"
{"type":"DrawRegion",
    "suffix":"-转",
    "spinSprite":false,
    "rotateSpeed":2}
{"type":"DrawRegion",
    "suffix":"-转2",
    "spinSprite":false,
    "rotateSpeed":-2}
	]},
//    "updateEffect": {
//        "type": "WaveEffect",
//        "lifetime": 30,
//        "sizeFrom": 0,
//        "sizeTo": 10,
//        "strokeFrom": 1,
//        "strokeTo": 1,
//        "colorFrom": "265C42FF",
//        "colorTo": "63C74DFF"
//}
	"hasPower": false,
	"hasliquid": false,
	"hasItems": true,
	"craftTime":40,
	"consumes": {
        "power": 2500
			
	},
	"requirements": [
		"莫比乌斯燃料/800", 
		"莫比乌斯合金/400", 
		"阴影合金/600",
		"闪耀合金/600",
	],
	"category": "crafting",
	"research": "莫比乌斯合金工厂"
		"researchCostMultiplier":0.5,

}
