{
	"type":"ItemTurret"
	"name":"曜光",//名字
    "description":"发射强打击光线,并分裂出多条激光,",//介绍
	"size":5,//物品面积
	"health":8850,//建筑血量
	"armor":60
	"shootWarmupSpeed":0.015
	"minWarmup":0.9
	"shootY":10
	"ammoPerShot":2//？
	"range":588,//攻击范围
	"reload":150//攻击速度（每多少帧射击一次）(一秒60帧)
	"inaccuracy":0,//误差(度)
      "drawer":{"type":"DrawMulti",
    "drawers":[{"type":"DrawTurret",
"parts":[
    {"type":"RegionPart",
    "mirror":false
    "x":0,"y":0,
    "suffix":"-r",
    "layer":49.98
    "heatProgress": "reload",
	"heatColor":"8790D7FF",
    "moveX":2
    "moveY":-3
    },
        {"type":"RegionPart",
    "mirror":false
    "x":0,"y":0,
    "suffix":"-l",
    "layer":49.98
    "heatProgress": "reload",
	"heatColor":"8790D7FF",
    "moveX":-2
    "moveY":-3
    },
    ]}]}
	    "shoot": {
        "shots":3
        "shotDelay":5
    },
	    "consumes": {
        "coolant": {
            "amount": 0.4
            "optional": true
        }
        }
	"rotateSpeed":3,//旋转速度
	"maxAmmo":120,//最大弹药
	"targetAir":true//攻击天空
	"targetGround":true,//攻击地面
	"targetInterval":2
	"heatColor":"#FF0000",
		"shootSound":"release"
	"ammoTypes":{
				
	"黑曜合金":{"type":"PointBulletType"
	         "reloadMultiplier":1,//射击速率
			"damage":1200
			"ammoMultiplier":1//装填倍数"
			"speed":588
			"fragBullets":3
			"fragSpread":90
			"fragRandomSpread":0
			"status":"破甲"
			"fragBullet":{"type":"LaserBulletType"
					"status":"重击"
			"damage":200
			"length":35
			"colors":["#f6f5ec"]
			"lifetime":15
				"pierce":true
				"pierceBuilding":true
			"pierceCap":-1
			"hitSize":8
			}
			            "trailEffect":{
            "type":"ParticleEffect",
            "colorFrom":"#f6f5ec",//开始时颜色
            "colorTo":"#f6f5ec",//结束时颜色
            "particles":1,//粒子数量
            "lifetime":15,//存在时间
            "cone":0,//粒子扩散角度
            "length":1,//粒子移动长度
            "baseLength":0,//粒子在一定长度内出现
            "line":true,//形状为方形
            "strokeFrom":3.6//开始时宽度
            "strokeTo":0//结束时宽度
            "lenFrom":14//开始时长度
            "lenTo":14,/*结束时长度*/}
                       "shootEffect": {
                "type": "multiEffect",
                "lifetime": 20
                "effects": [ {
                    "type": "WaveEffect",
                    "colorFrom": "#f6f5ec",
                    "colorTo": "#f6f5ec",
                    "sizeTo":20
                    "SizeFrom":10
                    "strokeFrom":1
                    "strokeTo":1
                    "lifetime": 12
                }
                ]
            },
			}
   		
	},
	"coolantMultiplier":2
	"requirements":[
	],
	"category":"turret",
	//"research":"duo"
}
