{"type":"ItemTurret"
"size":4
"health":5200
"armor":20
"name":"铡刀"
"description":"向扇形区域发射集束碎甲弹,弹药消耗量大"
"ammoPerShot":6
"reload":70
"range":240
"shootSound":"shootBig"
	"requirements": [
	],
	"category": "turret",
	    "inaccuracy":0
"shoot":{"type":"ShootSpread"
"shots":5
"spread":2.5
}
"drawer":{"type":"DrawMulti",
    "drawers":[{"type":"DrawTurret",
        "type": "DrawTurret",
        "basePrefix": "reinforced-",
        "parts": [
    	{
				"type": "RegionPart",
				"suffix": "-r",
				"under": true,
				"recoilIndex":0
				"moves": [
					{
						"progress": "recoil",
						"y": -1.2
						"x":1
					}
				],
				"heatProgress": "recoil"
			}
				{
				"type": "RegionPart",
				"suffix": "-l",
				"under": true,
				"recoilIndex":0
				"moves": [
					{
						"progress": "recoil",
						"y": -1.2
						"x":-1
					}
				] } ]}]}
"ammoTypes":{
"方解晶":{
"type":"BasicBulletType"
"damage":0
"lifetime":0
"despawnEffect":"none"
"width":0
"height":0
"spawnBullets":[
{"type":"BasicBulletType"
"damage":72
"speed":8
"lifetime":30
"collidesAir":true
"height":18
"width":5
"pierceArmor":true
"trailLength":12
"trailWidth":1.5
"pierceCap":3
"knockback":1.2
}
{"type":"BasicBulletType"
"damage":72
"speed":8
"lifetime":30
"collidesAir":true
"height":18
"width":5
"pierceArmor":true
"trailLength":12
"trailWidth":1.5
"drag":0.017
"pierceCap":3
"knockback":1.2
}
{"type":"BasicBulletType"
"damage":72
"speed":8
"lifetime":30
"collidesAir":true
"height":18
"width":5
"pierceArmor":true
"trailLength":12
"trailWidth":1.5
"drag":0.028
"pierceCap":3
"knockback":1.2
}
{"type":"BasicBulletType"
"damage":72
"speed":8
"lifetime":30
"collidesAir":true
"height":18
"width":5
"pierceArmor":true
"trailLength":12
"trailWidth":1.5
"drag":0.042
"pierceCap":3
"knockback":1.2
}
]
}
"carbide":{
"type":"BasicBulletType"
"damage":0
"lifetime":0
"despawnEffect":"none"
"width":0
"height":0
"spawnBullets":[
{"type":"BasicBulletType"
"damage":92
"speed":8
"lifetime":30
"collidesAir":true
"height":18
"width":5
"pierceArmor":true
"trailLength":12
"trailWidth":1.5
"pierceCap":2
"knockback":1.2
}
{"type":"BasicBulletType"
"damage":92
"speed":8
"lifetime":30
"collidesAir":true
"height":18
"width":5
"pierceArmor":true
"trailLength":12
"trailWidth":1.5
"drag":0.008
"pierceCap":2
"knockback":1.2
}
{"type":"BasicBulletType"
"damage":92
"speed":8
"lifetime":30
"collidesAir":true
"height":18
"width":5
"pierceArmor":true
"trailLength":12
"trailWidth":1.5
"drag":0.012
"pierceCap":2
"knockback":1.2
}
{"type":"BasicBulletType"
"damage":92
"speed":8
"lifetime":30
"collidesAir":true
"height":18
"width":5
"pierceArmor":true
"trailLength":12
"trailWidth":1.5
"drag":0.018
"pierceCap":2
"knockback":1.2
}
]
}
"锇":{
"type":"BasicBulletType"
"damage":0
"lifetime":0
"despawnEffect":"none"
"rangeChange":-30
"width":0
"height":0
"spawnBullets":[
{"type":"BasicBulletType"
"damage":55
"speed":6
"lifetime":35
"height":18
"width":5
"trailLength":12
"trailWidth":1.5
"pierceCap":2
"knockback":3
}
{"type":"BasicBulletType"
"damage":55
"speed":6
"lifetime":35
"height":18
"width":5
"trailLength":12
"trailWidth":1.5
"drag":0.017
"pierceCap":2
"knockback":3
}
{"type":"BasicBulletType"
"damage":55
"speed":6
"lifetime":35
"height":18
"width":5
"trailLength":12
"trailWidth":1.5
"drag":0.028
"pierceCap":2
"knockback":3
}
{"type":"BasicBulletType"
"damage":55
"speed":6
"lifetime":35
"height":18
"width":5
"pierceArmor":true
"trailLength":12
"trailWidth":1.5
"drag":0.042
"pierceCap":2
"knockback":3
}
]
}
}
}