{
    "health": 1200,
    "armor":2,
    "speed":1.1,
    "rotateSpeed":5,
    "drag":0.5,
    "range": 120,
    "legCount":4,
    "legLength":9,
    "legForwardScl":0.6,
    "legMoveSpace":1.4,
    "shadowElevation":0.2,
    "hovering":true,
    "canBoost": false,
    "targetAir":false,
    "weapons": [
		{
            "name":"atrax-weapon",
			"reload": 8,
			    "x": 7.0,
                "recoil":1,
                "shootSound":"flame",
			    "rotate": false,
			    "inaccuracy": 0,
			    "alternate": true,
				"top":true,
			"bullet": {
                "type":"LiquidBulletType",
                "status": "melting",
                "liquid": "slag",
                "buildingDamageMultiplier":1.3,
				"damage": 20,
                "speed":3.3,
                "drag":0.009,
				"lifetime": 50,
                "shootEffect":"shootSmall",
                "collidesAir":false
			}
		}
	]
}