{
    "health": 470,
    "armor":0,
    "speed": 1.6,
    "range": 20,
    "weapons":[{
			"x": 0,
			"y": 0,
			"rotate": false,
            "reload": 10,
			"shootCone": 32767,
			"shootSound": "explosion",
			"mirror": false,
			"inaccuracy": 0,
			"alternate": true,
			"top": false,
			"shootOnDeath": true,
        "bullet": {
            "killShooter": true,
			"instantDisappear": true,
			"collides": false,
            "splashDamageRadius":88,
            "splashDamage":76,
            "speed": 3,
            "lifetime": 11,
            "hitEffect": "massiveExplosion",
            "width": 0,
			"height": 0
          }
       }
    ]
}