{
"type":"hover",//飞船
"flying":false,
"name":"寻明",
"canDrown":false,//能被淹死
"description":"三级飞船，能跨越液体飞行，发射联装爆破弹攻击。可以展开小型力场盾。"
"research": {
	"parent": "2-逐光"//科技树前置
	"objectives":[
	{
	"type": "SectorComplete",//占领地图
	"preset":"野性之心-河流两侧"//地图名
	},
	]},
    "hovering":true,
            "drag":0.07,
            "speed":1.2,
            "rotateSpeed":3,
            "accel":0.09,
            "health":860,
            "armor":3,
            "hitSize":24,
            "engineOffset":4,
            "engineSize":2,
            "itemCapacity":20,
            "faceTarget": true,
            "useEngineElevation":false,
            "abilities":[
	{"type":"ForceFieldAbility",//力墙场
	"radius":32//范围
	"regen":0.25//再生值
	"max":400//最大值
	"cooldown":360//冷却
	}],
        "weapons":[{
        "name":"空",
        "shootOnDeath": false,//死后发射
            "mirror":false,
            "reload":135,   
            "x":0,
            "shootSound": "release",
            "shootCone":30,
            "rotate": true,
            "top": true,
            "shoot":{
        "type":"shootBarrel"
	"shots":5,
    "barrels": [0,12,0,-12,4.8,0,-7.2,-9.6,0,7.2,-9.6,0,12,4.8,0],//炮口位置（左右，前后，倾斜）
		},
            "bullet": {
        "type": "BasicBulletType",
                "damage":25,
                //"buildingDamageMultiplier":0.5,
                "smokeEffect": "shootSmallSmoke",
                "sprite":"野性之心-star",//子弹贴图
			"spin": 6,//子弹旋转速度
			"shrinkY": 0,"shrinkX": 0,//子弹变形程度
			//"homingRange":80,//跟踪半径
	        //"homingPower":0.5,//跟踪力度（1=3000度）
			"speed": 1.6,
			"lifetime":90,
			"width":14,	"height":14,//宽长度
		    "backColor":"665C9FFF",
			//子弹边缘颜色
			"frontColor":"BF92F9FF",
			//子弹中心颜色
			"trailLength": 16,
            "trailWidth": 2,
			"trailColor":"bf92f9",
			//尾迹颜色
		"shootEffect":{
  	"type":"multiEffect",
"effects":[
{
"type":"ParticleEffect",
"lifetime": 18,"offsetX":0,
"colorFrom":"9E78DCFF",//开始时颜色
"colorTo":"9E78DCFF",//结束时颜色
"particles":3,//粒子数量
"randLength":true,//兰德长度？
"cone":360,//粒子扩散角度
"length":12,//粒子移动长度
"baseLength":0,//粒子在一定长度内出现
"useRotation":true,//使用旋转
"line":true,//形状为方形
"sizeFrom":1,//圆形从开始大小//粒子大小？？
"sizeTo":0,//圆形至结尾大小}
},
]}
			"despawnEffect": {
		"type": "ParticleEffect",
		"particles": 1,
		"sizeFrom": 0,
		"sizeTo": 1,
		"length": 16,
		"lifetime": 18,
		"interp": "circleOut",
		"colorFrom": "7457CEFF",
		"colorTo": "9E78DCFF",
		"cone": 360},
		"despawnSound":"fire",
		/*"pierce":true,
		"pierceCap":3,*/
		"pierceBuilding":false,//穿透建筑
		"fragOnHit":true,//击中时分裂
		"fragBullets":1,
"fragBullet": {
"type":"BasicBulletType",
                "splashDamageRadius":40,			"splashDamage":31,//范围伤害
  "damage":0,
  "speed": 0,
  "lifetime":0
  "width":0,	"height":0,//宽长度
  "status":"blasted"//施加效果
                "hitEffect":
  	{
					"type": "ExplosionEffect",
					"waveColor":"BF92F9FF",//波浪颜色
					"smokeColor":"4f5555",//烟雾颜色
					"sparkColor":"9E78DCFF",//火花颜色
					//下面都是数
					"waveLife": 24,//波浪存在时间
					"waveStroke":4,//波形宽度
					"waveRad":18,//波浪半径
					"waveRadBase":2,//波浪开始的半径
					"sparkStroke":2,//火花宽
					"sparkRad":12,//火花半径
					"sparkLen":8,//长度
					"smokeSize":4,//烟雾大小
					"smokeSizeBase":2,//烟雾开始大小
					"smokeRad":12,//烟雾半径
					"smokes":3,//烟雾数
					"sparks":3,//火花数
				},
                "despawnSound":"none",
}
        }
        }],
"parts":[
{"type":"HoverPart",
"mirror":true,//是否镜像显示
"x":10,"y":6.6,//起始位置
"radius":10,
"phase":120,
"stroke":2,
"layerOffset":-0.001,
"color":"bf92f9"
},
{"type":"HoverPart",
"mirror":true,//是否镜像显示
"x":10,"y":-9,//起始位置
"radius":10,
"phase":120,
"stroke":2,
"layerOffset":-0.001,
"color":"bf92f9"
}
]
}