{
    "type":"material",//类型（不能改）
    "name":"活跃囊肿",//名字
    "description":"一种生物性物质，在外界辅助下，可以迅速生长",//介绍
    "details":"在埃里克尔战役后意外被带到奥尔莫兹的生物物质，和孢子有异曲同工之妙",//战役中解锁后最底下的介绍（？）
    "color":"CB2900",//物品源颜色
    "explosiveness":0,
    "flammability":0.15,
    "radioactivity":0
    "hardness":0.5,
    "cost":0.25,
    "alwaysUnlocked":false,
    "research": "carbide"
}
