{
	"name":"战术核心",
	"description":"一个可以随意拆卸，用于前线作战的基地核心，拥有厚重的装甲，无消耗发电与生成力墙，受到攻击有机率生成闪电反击。
可在液体上构建。",
	"itemCapacity":12000,
	//容量
	"hasItems": true,
	"health":18000,
	//生命
	"unitType":"截塔",
	//出生机甲
	"size":4,
	"placeableLiquid":true,
	"requirements": [
	    "silicon/6000",
	    "铧金/3000",
	    "thorium/6000",
	    "lead/4000",
	    "copper/4000",
	    "surge-alloy/3000"],
	"category": "effect",
	"research": "超代核心",
}