{
	"type": "BurstTurret",
	"name": "R4机炮（B型）",
	"burstSpacing": 2.5,
	"size": 2,
	"shots": 3,
	"reload": 20,
	"range": 250,
	"ammoUseEffect": "shellEjectSmall",
	"inaccuracy": 0,
	"description": "相较于原型，射击模式更精准的点射，由于后坐力较小，不需要更多材料用于加固结构",
	"health": 1150,
	"maxAmmo":300,
	"cooldown":0.5,
	"restitution":2,
	"recoil":2,
	"shootShake":0.1
	"rotatespeed": 7,
	"ammo": {
		"copper": {
		    "reloadMultiplier":1.5
			"speed": 7.5,
			"damage": 15,
			"knockback":5,
			"lifetime":100,
			"bulletWidth": 6,
			"bulletHeight": 9,
			"ammoMultiplier":6,
			"shootEffect": "shootSmall" ,
		}
		"pyratite": {
			"speed": 7.5,
			"damage": 12,
			"status":"burning"
	     	"statusDuration":600,
			"lifetime":100,			            "backColor":"FFD700",
			"frontColor":"FFD700", 
			"bulletWidth": 6,
			"bulletHeight": 9,
			"ammoMultiplier":6,
			"shootEffect": "shootSmall" ,
		}
		"lead": {
			"speed": 7.5,
			"damage": 5,
			"splashDamageRadius":25,
			"splashDamage":6,
			"backColor":"AB82FF",
			"frontColor":"AB82FF"
			"lifetime":100,
			"bulletWidth": 6,
			"bulletHeight": 9,
			"ammoMultiplier":6,
			"shootEffect": "shootSmall" ,
	    
		} 
	    "graphite":{
	        "speed": 7.5,
			"damage": 22,
			"reloadMultiplier":3
			"status":"freezing"
	     	"statusDuration":70,
			"lifetime":100,
			"backColor":"B0C4DE",
			"frontColor":"B0C4DE",
			"bulletWidth": 7,
			"bulletHeight": 10,
		    "relodMultiplier":0.5,
			"ammoMultiplier":6,
			"shootEffect": "shootSmall",
	        
	    }
	    "silicon":{
	        "speed": 7.5,
			"damage": 15,
			"reloadMultiplier":1.4
			"lifetime":200,
			"backColor":"B7B7B7",
			"frontColor":"B7B7B7", 
			"bulletWidth": 6,
			"bulletHeight": 11,
			"shootEffect": "shootSmall",
			"homingRange": 80,
            "homingPower": 1000,
            "relodMultiplier":0.5,
			"ammoMultiplier":6,
	        
	    }
		"titanium":{
	        "speed": 9,
			"damage": 25,
			"pierce": true
			"reloadMultiplier":0.7
			"bulletWidth": 8,
			"bulletHeight": 10,
			"backColor":"1C86EE",
			"frontColor":"1C86EE",
			"relodMultiplier":1.5,
			"ammoMultiplier":6,
			"shootEffect": "shootSmall",
		
		}
		"thorium":{
	        "speed": 7.5,
			"damage": 35,
			"reloadMultiplier":0.7
			"status":"corroded"
	     	"statusDuration":100,
			"backColor":"FFBBFF",
			"frontColor":"FFBBFF",
			"bulletWidth": 10,
			"bulletHeight": 11,
			"shootEffect": "shootSmall",
			"splashDamageRadius":40,
			"splashDamage":35,
			"relodMultiplier":1.6,
			"ammoMultiplier":6,
		    
		}
			
    }
	"requirements": [
		{ "item": "copper", "amount": 170 }
		{ "item": "graphite", "amount": 75  }
		{ "item": "titanium", "amount": 70  }
	],
	"category": "turret",
	"research": "R4机炮（A型）"
}
