{
	"type": "DoubleTurret",
	"name": "二级双管炮",
	"description": "针对双管炮火力不足的改进版",
	"health": 230,
	"size": 1,
	"reload": 15,
	"range": 120,
	"ammoUseEffect": "shellEjectSmall",
	"inaccuracy": 1,
	"rotatespeed": 12,
	"ammo": {
        "copper": {
			"speed": 5,
			"damage": 15,
			"lifetime":120,
			"bulletWidth": 7,
			"bulletHeight": 8,
			"ammoMultiplier":2,
			"shootEffect": "shootSmall"	}
	    "graphite":{
	        "speed": 5,
			"damage": 22,
			"lifetime":120,
			"bulletWidth": 7,
			"bulletHeight": 8,
		    "relodMultiplier":2,
			"ammoMultiplier":3,
			"shootEffect": "shootSmall",
	    }
	    "pyratite": {
			"speed": 5,
			"damage": 12,
			"lifetime":120,
			"bulletWidth": 7,
			"bulletHeight": 8,
			"ammoMultiplier":2,
			"shootEffect":"shootSmall"
			"status":"burning"
	     	"statusDuration":600,		        "backColor":"FFD700",
			"frontColor":"FFD700", 
	    }
	    "silicon":{
	        "speed": 5.3,
			"damage": 15,
			"lifetime":300,
			"bulletWidth": 7,
			"bulletHeight": 8,
			"shootEffect": "shootSmall",
			"homingRange": 40,
            "homingPower": 1000,
            "relodMultiplier":2,
			"ammoMultiplier":3,
	    }
		
	}
	"requirements": [
		{ "item": "copper", "amount": 45 }
	],
	"category": "turret",
	"research": "duo"
}
