{
    "type":"LaunchPad", 
    "name":"加大发射台", 
    "description":"更大的发射台，使用传统化学火箭发射，无需电力，但准备时间更长", 
    "health":400,
    "size":3, 
    "itemCapacity":500, 
    "launchTime":1800, 
    "hasPower":false, 
	"requirements": [
		{ "item": "copper",
		"amount": 250 },
		{ "item": "lead",
		"amount": 200 }
		{ "item": "silicon", "amount": 125 },
		{ "item": "titanium", "amount": 135 },
		{ "item": "thorium", "amount": 120 }
		]
	"category": "effect",
	"research":"地下仓库"
}