{
	"type": "BurstTurret",
	"name": "垂直发射系统",
	"burstSpacing": 1.5,
	"size": 3,
	"shootSound":"导弹发射"
	"shots": 9,
	"reload": 180,
	"range": 500,
	"ammoUseEffect": "shellEjectSmall",
	"inaccuracy": 360,
	"description": "大范围防御的最佳选择，快速锁定多个目标并发射枚导弹",
	"health": 1250,
	"maxAmmo":27,
	"cooldown":0.5,
	"restitution":2,
	"recoil":0,
	"shootCone":360
	"shootShake":0
	"rotatespeed": 0,
	"ammo": {
	    
		"silicon": {
	    "type":"MissileBulletType",
		"speed": 3,
		"damage":3,
		"ammoMultiplier": 1,
		"lifetime":40,
	    "trailColor":"B7B7B7",
		"bulletWidth": 20,
		"bulletHeight": 34,
		"shootEffect":"shootSmall",
            "fragBullets":10,
            "fragBullet":{
		"type":"MissileBulletType",
	    "splashDamageRadius":25,
	    "splashDamage":32,
		"bulletWidth":4,
		"bulletHeight":13,
		"homingRange": 800,
		"homingPower": 2,
        "lifetime":180,
        "speed":7.5,
         
            }
		}	
		"graphite":{
		"type":"MissileBulletType",
	    "splashDamageRadius":28,
	    "splashDamage":20,
        "knockback":0.3,
        "explodeRange":28,
	    "speed":3,
	    "lifetime":300,
		"damage":10,
	    "homingPower":5,
	    "trailColor":"B0C4DE",
	  	"homingRange": 800,	   
		"status":"freezing"
		"statusDuration":300,
		"bulletWidth": 10,
		"bulletHeight": 24,
        "backColor":"ffd280",			
        "hitShake": 1,
        "ammoMultiplier": 1,
	    "smokeEffect":"shootSmallFlame",
	    "hitEffect":"blastExplosion"
	}
	    
	"blast-compound":{
		"type":"MissileBulletType",
	    "splashDamageRadius":56,
	    "splashDamage":30,
        "knockback":10,
        "explodeRange":48,
	    "speed":3,	
	    "homingPower":5,
	  	"homingRange": 800,	  
		"damage":5,
		"bulletWidth": 10,
		"bulletHeight": 24,
		"lifetime":300,
		"trailColor":"#FFAF70",
        "hitShake": 1,
        "ammoMultiplier": 1,
	    "smokeEffect":"shootSmallFlame",
	    "hitEffect":"flakExplosion"
	}
	    
	"pyratite":{
		"type":"MissileBulletType",
	    "splashDamageRadius":32,
	    "splashDamage":20,
        "incendChance": 32,
        "explodeRange":24,
        "incendAmount": 5,
        "incendSpread": 10,
        "incendChance": 10,
	    "speed":3,
		"damage":5,
	    "homingPower":5,
	  	"homingRange": 800,	
		"bulletWidth": 10,
		"bulletHeight": 24,
		"lifetime":300,
        "trailColor":"#FFF697",			
        "hitShake": 1,
        "ammoMultiplier": 1,
    	"hitEffect":"flakExplosionBig"
	    "smokeEffect":"shootSmallFlame",
	}
	    

    }
	"requirements": [
		{ "item": "lead", "amount":50 }
		{ "item": "graphite", "amount": 35  }
		{ "item": "titanium", "amount": 45  }
	],
	"category": "turret",
	"research": "swarmer"
}
