{
	"name": "过载投影仪",
	"description": "在极小的范围内提供极高的超载力场，请不要持续使用，否则电力负载将无法承受",
	"type": "OverdriveProjector"
	"health": 300,
	"size": 2,
	"range": 80,
	"reload": 60
	"speedBoost": 50,
	"consumes": {
		"power": 5
        "items":{
			"items":[
				{"item":"phase-fabric","amount":1}
			]
			"booster":true
			"optional": true
		}
	},
	"requirements": [
		{ "item": "copper", "amount": 0},
	],
	"category": "effect",
	    "research":"conveyor"
}