{
	"type": "ArtilleryTurret",
	"name": "山平炮",
	"description": "重型远程射弹加农炮，有效地对付棘手目标",
	"health": 2200,
	"size": 2,
	"reload": 120,
	"shootSound":"artillery"
	"shots":6,
	"spread":56,
	"targetGround":true,
	"targetAir":false,
	"range": 256,
	"restitution":1
	"ammoUseEffect": "shellEjectSmall",
	"inaccuracy": 1,
	"rotatespeed": 5,
	"ammo": {
		"graphite": {
	"type":"ArtilleryBulletType"
			"speed": 6.5,
			"damage":66,
			"lifetime":300,
			"bulletWidth": 15,
			"bulletHeight": 20,
			"shootEffect": "shootSmall",
			"splashDamageRadius":40,
			"splashDamage":44,
               "hitEffect":"explosion",
               "despawnEffect":"explosion",
		}
		"silicon": {
	 "type":"ArtilleryBulletType"
			"speed": 6,
			"damage":48,
			"lifetime":300,
			"bulletWidth": 16,
			"bulletHeight": 21,
			"shootEffect": "shootSmall",
			"homingRange": 300,
            "homingPower": 1000,
			"splashDamageRadius":40,
			"splashDamage":32,
               "hitEffect":"explosion",
               "despawnEffect":"explosion",
		}
		"titanium":{
  "type":"ArtilleryBulletType"
	        "speed": 6.5,
	        "damage":76,
	        "lifetime":300,
			"bulletWidth": 20,
			"bulletHeight": 27,
			"shootEffect": "shootSmall",
			"splashDamageRadius":24,
			"splashDamage":45,
               "hitEffect":"explosion",
               "despawnEffect":"explosion",
		}
		"blast-compound":{
  "type":"ArtilleryBulletType"
	        "speed": 6.5,
	        "damage":175,
	        "lifetime":300,
			"bulletWidth": 25,
			"bulletHeight": 28,
			"shootEffect": "shootSmall",
			"splashDamageRadius":45,
			"splashDamage":86,
			"incendChance":1,
			"incendSpread":24,
			"incendAmount":10
			"incendSpread":24
               "hitEffect":"explosion",
               "despawnEffect":"explosion",
		    
		}
			
    }
	"requirements": [
		{ "item": "copper", "amount": 185    }
		{ "item": "graphite", "amount":   100  }
		{ "item": "titanium", "amount": 85     } 
		{ "item": "thorium", "amount": 85  }
	],
	"category": "turret",
	"research": "R4机炮（B型）"
}
