{
	"name": "火箭死神工地",
	"description": "就地生产装载导弹发射器的死神，场内有大量易燃易爆物品，必须要注意保护",
	"type": "UnitFactory",
	"unitType": "火箭死神",
	"size": 8,
	"maxSpawn": 1,
	"produceTime": 8640,
	"consumes": {
		"power": 21.6,
		"items": {
			"items": [
			{ "item": "silicon", "amount": 1500 },
			{ "item": "plastanium", "amount": 1250 },
			{ "item": "surge-alloy", "amount": 850 } 
			{ "item": "phase-fabric", "amount": 750 } 
			]
		},
	},
	"category": "units",
	"research": "雷鸣炮艇工厂",
	"requirements": [
		{ "item": "surge-alloy", "amount": 800 },
		{ "item": "phase-fabric", "amount": 750 },
		{ "item": "titanium", "amount": 1300 },
		{ "item": "silicon", "amount": 2050 },
		{ "item": "thorium", "amount": 1750 }
	]
}
