{
	"name": "离子钻头",
	"description": "装配4台效率比激光更高的离子切割器交替工作，再次提高挖掘速度",
	"type": "Drill",
	"size": 3,
	"tier": 10,
	"rotateSpeed":6,
	"warmupSpeed":0.1,
	"itemCapacity": 100,
	"hasItems": true,
	"drillTime": 2,
	"consumes": {
		"power": 0.8,
	},
	"requirements": [
		{ "item": "copper", "amount": 150 },
		{ "item": "silicon", "amount": 80 },
		{ "item": "graphite", "amount": 75 }
	],
	"category": "production",
	"research": "laser-drill"
}
