{
	"type": "GenericCrafter",
	"name": "煤换玻璃",
	"description": "新时代煤换",
    "outputItems":["metaglass/63",]//产出
	"size":1,
	"health":520,//血量
	"itemCapacity":453,
	"craftTime":15,
    "consumes": {
    "power":0.3,
    "items":{
    "items":[
    "coal/20",
	]
	}
	},
	"requirements": [
		        "metaglass/1500",

	],
	"category":"crafting",
    "research": 
    {"parent":"煤换铅",
    "requirements": [
                "metaglass/15000",
    ]
    }
	"hasItems": true,
	"hasPower": true,
	"hasLiquids": false,
    "canOverdrive": true,
    "buildCostMultiplier":0.1,
    "updateEffect": "smeltsmoke",
}