{
	"type": "GenericCrafter",
	"name": "煤换硅",
	"description": "新时代煤换",
    "outputItems":["silicon/54",]//产出
	"size":1,
	"health":640,//血量
	"itemCapacity":454,
	"craftTime":19.8,
    "consumes": {
    "power":0.25,
    "items":{
    "items":[
    "coal/20",
	]
	}
	},
	"requirements": [
		        "silicon/1600",

	],
	"category":"crafting",
    "research": 
    {"parent":"煤换废料",
    "requirements": [
                "silicon/16000",
    ]   
    }
	"hasItems": true,
	"hasPower": false,
	"hasLiquids": false,
    "canOverdrive": true,
    "buildCostMultiplier":0.1,
    "updateEffect": "smeltsmoke",
}