{
	"type": "GenericCrafter",
	"name": "煤换硫",
	"description": "新时代煤换",
    "outputItems":["pyratite/56",]//产出
	"size":1,
	"health":640,//血量
	"itemCapacity":456,
	"craftTime":39.9,
    "consumes": {
    "power":0.1,
    "items":{
    "items":[
    "coal/10",
	]
	}
	}
	"requirements":[
		          "pyratite/1500",
	],
	"category":"crafting",
    "research": 
    {"parent":"煤换爆物",
    "requirements":[
                "pyratite/15000",
    ]   
    }
	"hasItems": true,
	"hasPower": false,
	"hasLiquids": false,
    "canOverdrive": true,
    "buildCostMultiplier":0.1,
    "updateEffect": "smeltsmoke",
}