{
	"name": "力墙投影 · II",
   	"description": "在自身周围创建一个六边形力场，保护内部建筑和单位，使用相织布可用于增加力场尺寸和强度。",
	"health": 720,
	"size": 3,
	"radius": 135,
	"shieldHealth": 1500,
	"phaseRadiusBoost": 80,
	"phaseShieldBoost": 800,
	"cooldownNormal": 3,
	"cooldownLiquid": 2.5,
	"cooldownBrokenBase": 0.8,
	"coolantConsumption": 0.1,
	"liquidCapacity": 20,
	"itemCapacity": 15,
	/*
	"absorbEffect": {
		"type": "ParticleEffect",
		"particles": 1,
		"sizeFrom": 5,
		"sizeTo": 0,
		"length": 0,
		"baseLength": 0,
		"lifetime": 180,
		"sizeInterp": "pow3In",
		"colorFrom": "FEEBB3",
		"colorTo": "FEEBB300"
	},*/
	"consumes": {
		"power": 8,
	},
	"requirements": [
		"lead/200",
		"titanium/150",
		"silicon/250",
	],
	"research": "mend-projector1",
	"category": "effect"
}