{
	"name": "力墙投影 · III",
   	"description": "在自身周围创建一个六边形力场，保护内部建筑和单位，使用相织布可用于增加力场尺寸和强度。",
	"health": 1440,
	"size": 3,
	"radius": 160,
	"shieldHealth": 3000,
	"phaseRadiusBoost": 92,
	"phaseShieldBoost": 2000,
	"cooldownNormal": 6,
	"cooldownLiquid": 5,
	"cooldownBrokenBase": 2,
	"coolantConsumption": 0.15,
	"liquidCapacity": 25,
	"itemCapacity": 20,
	/*
	"absorbEffect": {
		"type": "ParticleEffect",
		"particles": 1,
		"sizeFrom": 5,
		"sizeTo": 0,
		"length": 0,
		"baseLength": 0,
		"lifetime": 180,
		"sizeInterp": "pow3In",
		"colorFrom": "FEEBB3",
		"colorTo": "FEEBB300"
	},*/
	"consumes": {
		"power": 20,
	},
	"requirements": [
		"lead/500",
		"titanium/300",
		"silicon/500",
		"xp1/1"
	],
	"research": "force-projector1",
	"category": "effect"
}