{
	"name": "修复者·II",
	"description": "快速向受损建筑发射修复弹，能起到一定自卫作用........不过还是不如专业的（废话",
	"targetHealing": true,
	"health": 1000,
	"size": 1,
	"reload": 60,
	"range": 240,
	"maxAmmo": 120,
	"recoilTime": 10,
	"recoil": 1,
	"shake": 1.5,
	"targetGround": true,
	"targetAir": true,
	"inaccuracy": 5,
	"rotateSpeed": 5,
	"shootSound": "lasershoot",
	"shoot": {
		"shots": 8,
		"shotDelay": 4
	},
	"ammoTypes": {
		"phase-fabric": {
			"type": "LaserBoltBulletType",
			"ammoMultiplier": 15,
                  	"frontColor":"FFFFFF",	
                  	"backColor":"97FFA8",
                  	"trailColor":"97FFA8",
                  	"width":3,	 "height":7,
                  	"hitEffect":"hitEmpSpark",
                  	"hitSound":"none",
                  	"despawnEffect":"hitEmpSpark",
                  	"status": "electrified",
                  	"statusDuration": 180,
                  	"speed": 8,
                  	"damage": 21,
                  	"lifetime": 30,
                  	"healPercent": 5,
			"splashDamage":67,
			"splashDamageRadius":32
                  	"collidesTeam": true
		}
	},
	"requirements": [
		{
			"item": "xp2",
			"amount": 10
		}
	],
	"buildVisibility": "sandboxOnly",
}