{
    "type":"PowerNode",
    "name":"[orange]巨型能量中续基地",
    "health":25000,
    "size":8,
    "buildCostMultiplier": 7,
    "maxNodes":100,
    "laserRange":150,
	"requirements": [
	{ "item": "thorium", "amount": 500 },
   { "item": "phase-fabric", "amount": 200 },
    { "item": "copper", "amount": 2000 },
	{ "item": "silicon", "amount": 200 },
   { "item": "plastanium", "amount": 200 },
   { "item": "lead", "amount": 1500 },
	{ "item": "钻石", "amount": 200 },
{ "item": "surge-alloy", "amount": 400 },
	{ "item": "融合钻", "amount": 100 },
	]
"category":"power",
"research": "融合钻混合工厂"
	}