{
	"type": "SurgeWall",
	"name": "[red]巨型融合钻墙",
	"description": "[red]终极级别防御墙，因融合钻蕴含电能，当敌人攻击时，会释放大量闪电，对敌人造成每秒50点伤害。",
	"size": 3,
	"health":50000,
"buildCostMultiplier": 13,
	"category": "defense",
	"lightningChance":100.0,
	"lightningDamage":50,
	"lightningLength":30,
	"research":"大型融合钻墙",
	"requirements": [
		{ "item": "融合钻", "amount":90},
		{ "item": "silicon", "amount":150}
	]
}