{
     "type":"ArtilleryTurret",
     "name":"[red]投射炮", //名字
     "description":"[red]拥有极远的射程与极高的伤害，但是需要很长的装弹时间", //介绍
     "health":10000,//生命
     "size":5,//占地边长支持1~9对应贴图1x1=32x32像素.,//是否攻击空中true是,false否
     "targetGround":true
     "rotatespeed":0.4 ,//旋转速度
     "cooldown":200,//冷却
     "recoil":6 ,//后坐力
     "restitution":0.01,//回复原位速度
     "shots":1,//一次打几发
     "inaccuracy":3 ,//误差
     "maxAmmo":2,//弹仓默认30
     "reload":400,//装弹时间比例60:1
     "range":800,//范围
     "ammo": {
       "融合钻": {
       "splashDamageRadius":100//溅射范围
	   "splashDamage":900,//范围伤害
	   "speed":2 ,//子弹飞行速度
		"damage":3000 ,//伤害
		"hitSize":20 ,//碰撞箱默认4
		"reloadMultiplier":1 ,//装弹速率
		"recoil": 2, //额外后坐力
		"knockback":0.1 ,//被击中单位降速
		"bulletWidth":70 ,//子弹宽
		"bulletHeight":60 ,//子弹高
		"lifetime":120,//子弹存在时间比例60:1
		"incendChance":100 ,//产生火焰概率
		"ammoMultiplier":2
		}
}
       "requirements": [
		{ "item": "红钻", "amount": 500 },
		{ "item": "融合钻", "amount": 300 }
		{ "item": "surge-alloy", "amount": 500 },
		{ "item": "thorium", "amount": 2000 },
		{ "item": "silicon", "amount": 1000 },
	    {"item":"metaglass","amount":1000}
	],
	"category": "turret",//
	"research": "炮"//科技树前一项默认双管炮
}
	