{
     "type":"GenericSmelter",
     "name":"杂质钻石合成工厂",
     "description":"生产带有瑕疵和杂质的低劣钻石",
     "outputItem": 
    { "item": "杂质钻石", "amount": 1},
	"size":3
	"hasPower": true,
	"hasLiquids": false,
    "itemCapacity": 30,
   "liquidCapacity": 10,
    "health": 1300,
	"hasItems": true,
	"craftTime": 60
	"updateEffect": "smeltsmoke",
	"consumes": {
		"power": 5
		"items":{
		"items":[
		{"item":"metaglass","amount":3}
		{"item":"sand","amount":3}
		]
	},
"liquid":{
        "liquid": "water",
        "amount": 0.05
    }
}
        "requirements":[
		{ "item": "copper", "amount": 700 }
		{"item":"lead","amount":200}
		{"item":"silicon","amount":100}
		{"item":"metaglass","amount":100}
	],
	"category": "crafting"
"idleSoundVolume":0.5
"research": "熔岩融化合金厂"
}
	