{
    "type":"GenericSmelter",
	"name": "[red]熔岩融化合金厂",
	"description": "将石油，沙子，煤炭混合后融成熔岩。需要大量能量来启动。因熔岩的高温，需要使用熔点极高的巨浪合金来生产。。[red](PS:因熔岩的极高温度和可燃性，储存它的导管和工厂将会被逐渐融化，所以请配备修理者使用！)",
	"itemCapacity":10,
	"health":500,
	"size":2,
	"hasPower": true,
	"hasLiquids": true,
	"hasItems": true,
	"craftTime":50,
	"consumes": {
		"power":15,
		"items": {
			"items": [
				{ "item": "coal", "amount": 2 }
			]
},
		"liquid": {
			"liquid": "oil",
			"amount": 0.25
		}
	},
  	"liquidCapacity": 24,
	"outputLiquid": {"liquid": "熔岩", "amount": 15.5},
	"requirements": [
		{ "item": "plastanium", "amount": 50 },
		{ "item": "surge-alloy", "amount": 75 }
	],
	"category": "crafting",
	"research": "cryofluidmixer",
}
