{
	"name": "红钻建造机生产工厂",
	"description": "生产红钻建造机，不过生产时间极长",
	"type": "UnitFactory",
	"unitType": "红钻建造机",
	"size": 2,
	"health": 3000,
	"produceTime": 7000,
	"maxSpawn":1,
	"consumes": {
		"power": 4,
		"items": {
			"items": [
				{"item": "红钻", "amount":40},
				{"item": "silicon", "amount": 60},
				{"item": "钻石处理器", "amount": 30}
			]
		}
	},
	"category": "units",
	"research": "revenant-factory",
	"requirements": [
        { "item": "copper", "amount": 125 },
        { "item": "plastanium", "amount": 80 },
		{ "item": "metaglass", "amount": 75 },
		{ "item": "silicon", "amount": 75 },
		{ "item": "thorium", "amount": 100 },
		{ "item": "红钻", "amount": 80 },
		
	]
}
