{
	"type":"MassDriver",
	"name":"红钻质量驱动器",
	"description":"强大的质量驱动器，比原版拥有更远的射程。",
	"size":3,
	"health":5000,
	"hasPower":true,
	"hasLiquids":false,
	"hasItems":true,
	"itemCapacity":50,
	"range":650,
	"reloadTime":20,
	"rotateSpeed":0.03125,
	"shake":2,
	"minDistribute":5,
	"shootEffect":"shockwave",
	"smokeEffect":"shockwave",
	"recieveEffect":"shockwave",
	"consumes":{
		"power":4,
	},
	"requirements":[
		{"item":"copper","amount":150 },
		{"item":"钻石处理器","amount":50 },
		{ "item": "plastanium", "amount": 30 },
   { "item": "红钻", "amount": 50 },
   { "item": "silicon", "amount": 70 },
   { "item": "graphite", "amount": 50 },
   { "item": "thorium", "amount": 80 },
   { "item": "titanium", "amount": 100 }
	],
	"category":"distribution",
	"research": "mass-driver",
}