{
     "type":"ArtilleryTurret",
     "name":"[red]融合钻散射炮", //名字
     "description":"发射蕴含巨大电能的融合钻子弹，击中敌人后会产生多道激光对敌人造成极其恐怖的伤害", //介绍
     "health":8000,//生命
     "size":3,//占地边长支持1~9对应贴图1x1=32x32像素.,//是否攻击空中true是,false否
     "targetGround":true
     "rotatespeed":2 ,//旋转速度
     "cooldown":200,//冷却
     "recoil":5 ,//后坐力
     "restitution":2,//回复原位速度
     "shots":2,//一次打几发
     "inaccuracy":5,//误差
     "powerUse":20,
     "shootSound":"laser",
     "maxAmmo":20,//弹仓默认30
     "reload":50,//装弹时间比例60:1
     "range":250,//范围
     "ammo": {
       "融合钻": {
       "splashDamageRadius":100//溅射范围
	   "splashDamage":30,//范围伤害
	   "speed":3 ,//子弹飞行速度
		"damage":100 ,//伤害
		"hitSize":10 ,//碰撞箱默认4
		"reloadMultiplier":5 ,//装弹速率
		"recoil": 2, //额外后坐力
		"knockback":0.1 ,//被击中单位降速
		"bulletWidth":25 ,//子弹宽
		"bulletHeight":25 ,//子弹高
		"lifetime":100,//子弹存在时间比例60:1
		"incendChance":150 ,//产生火焰概率
		"ammoMultiplier":1
	    "fragBullets": 5,
        "fragBullet": "lancerLaser"
		}
		},
       "requirements": [
		{ "item": "红钻", "amount": 400 }
		{ "item": "钻石", "amount": 400 }
		{ "item": "surge-alloy", "amount": 500 },
		{ "item": "copper", "amount": 1000 },
		{ "item": "silicon", "amount": 400 },
	    {"item":"lead","amount":500}
	],
	"category": "turret",//
	"research": "投射炮"//科技树前一项默认双管炮
}
	