{
    "type": "ImpactReactor",
    "name": "融合聚能反应堆",
    "description": "终极发电机，需要大量电能来启动，而且启动时间很长。",
    "size": 5,
    "health": 10000,
   	"liquidCapacity":60 ,
    "hasLiquids": true,
   	"hasItems": true,
   "warmupSpeed": 0.0005
    "itemDuration": 360,
   	"itemCapacity": 10,
    "powerProduction": 1000,
    "consumes": {
    "power": 40,
    "items": {
        "items": [ 
            { "amount": 1, "item": "融合聚能" }
        ],
    },
    "liquid": {
        "liquid": "cryofluid",
        "amount": 0.7
    }
},
    "requirements": [
		{ "item": "metaglass", "amount": 500 },
  	{ "item": "copper", "amount": 1500 },
   { "item": "钻石处理器","amount": 100},
   { "item": "lead", "amount": 1000 },
   { "item": "plastanium", "amount": 180 },
		{ "item": "融合钻", "amount": 150 },
		{ "item": "silicon", "amount": 400 },
		{ "item": "graphite", "amount": 500 },
   { "item": "titanium", "amount": 500 } 
  { "item": "红钻", "amount": 300 }
 { "item": "钻石", "amount": 500 }
	],
	"category": "power",
	"research": "融合聚能提取器"
}
