{
	"name": "迷你钻头",
	"description": "超小型钻头，开采等级为钍级别。",
	"type": "Drill",
	"drillEffect": "mineBig",
	"health": 100,
	"heatColor":"cde6ff",
	"tier": 5,
	"size": 1,
	"drillTime": 100,
	"consumes": {
		"power": 0.2,
		"liquid": {
			"liquid": "water",
			"amount": 0.05
			"booster": true
			"optional": true
		}
	},
	"requirements": [
		{ "item": "杂质钻石", "amount": 25 },
		{ "item": "silicon", "amount": 30 },
		{ "item": "copper", "amount": 40 }
		{ "item": "lead", "amount": 20 }
	],
	"category": "production",
	"research": "blast-drill"
}