{
	"name": "钻石混沌者生产工厂",
	"description": "生产重型地面部队钻石混沌者",
	"type": "UnitFactory",
	"unitType": "钻石混沌者",
	"size": 5,
	"health": 4000,
	"produceTime": 4900,
	"maxSpawn":3,
	"consumes": {
		"power": 8,
		"items": {
			"items": [
				{"item": "钻石", "amount":50},
				{"item": "silicon", "amount": 50}
				{"item": "钻石处理器","amount": 30}
			]
		}
	},
	"category": "units",
	"research": "revenant-factory",
	"requirements": [
        { "item": "copper", "amount": 300  },
        { "item": "plastanium", "amount": 120 },
		{ "item": "metaglass", "amount": 150 },
		{ "item": "silicon", "amount": 200 },
		{ "item": "thorium", "amount": 200 },
		{ "item": "钻石", "amount": 100 },
		
	]
}
