{
	"name": "塑钢压缩机·II",
	"description": "用石油和钛生产塑钢，速度更快",
	"outputItem": "plastanium/3",
	"size": 2,
	"hasPower": true,
	"hasLiquids": true,
	"hasItems": true,
	"craftTime": 60,
	"itemCapacity": 20,
	"liquidCapacity": 80,
	"drawer": {
		"type": "DrawMulti",
		"drawers": [
			"DrawDefault",
			"DrawFade"
		]
	},
	"craftEffect": "formsmoke",
	"updateEffect": "plasticburn",
	"consumes": {
		"power": 6,
		"liquid": "oil/0.4",
		"items": [
			"titanium/5"
		]
	},
	"requirements": [
		"lead/230",
		"graphite/120",
		"titanium/160",
		"silicon/160",
		"xp3/0.01"
	],
	"category": "crafting",
	"research": "core-shard1"
}