{
	"name": "塑钢压缩机·III",
	"description": "用石油和钛生产塑钢，速度再次提升",
	"outputItem": "plastanium/6",
	"size": 2,
	"hasPower": true,
	"hasLiquids": true,
	"hasItems": true,
	"craftTime": 60,
	"itemCapacity": 30,
	"liquidCapacity": 90,
	"drawer": {
		"type": "DrawMulti",
		"drawers": [
			"DrawDefault",
			"DrawFade"
		]
	},
	"craftEffect": "formsmoke",
	"updateEffect": "plasticburn",
	"consumes": {
		"power": 12,
		"liquid": "oil/0.5",
		"items": [
			"titanium/8"
		]
	},
	"requirements": [
		"lead/460",
		"graphite/240",
		"titanium/320",
		"silicon/320",
		"xp3/0.02"
	],
	"category": "crafting",
	"research": "plastanium-compressor1"
}