{
	"type": "GenericCrafter",
	"name": "三级归终打印机",
	"outputItem": {
	"item": "xp3", "amount": 1
	},
	"itemCapacity": 800,
	"size": 2,
	"hasPower": true,
	"hasLiquids": false,
	"hasItems": true,
	"craftTime": 2400,
	"drawer":{
        "type":"DrawMulti",
        "drawers":[
            "DrawDefault",
            "DrawFlame"
            ]
    },
	"consumes": {
	"power": 5,
	"items": {
		"items": [
	{ "item": "titanium", "amount": 300 },
	{ "item": "plastanium", "amount": 130 },
	{ "item": "silicon", "amount": 250 }
	]	}	},
	"requirements": [
	{ "item": "titanium", "amount": 750 },
	{ "item": "lead", "amount": 500 },
	{ "item": "silicon", "amount": 550 },
	{ "item": "plastanium", "amount": 235 }
	],
	"category": "crafting",
	"research": "reader2"
}