{
	"type": "GenericCrafter",
	"name": "一级归终打印机",
	"outputItem": {
	"item": "xp1", "amount": 1
	},
	"itemCapacity": 500,
	"size": 2,
	"hasPower": true,
	"hasLiquids": false,
	"hasItems": true,
	"craftTime": 1200,
	"drawer":{
        "type":"DrawMulti",
        "drawers":[
            "DrawDefault",
            "DrawFlame"
            ]
    },
	"consumes": {
	"power": 5,
	"items": {
		"items": [
	{ "item": "copper", "amount": 150 },
	{ "item": "lead", "amount": 150 },
	{ "item": "graphite", "amount": 120 },
	{ "item": "metaglass", "amount": 120 }
	]	}	},
	"requirements": [
	{ "item": "copper", "amount": 600 },
	{ "item": "lead", "amount": 500 },
	{ "item": "graphite", "amount": 150 },
	{ "item": "metaglass", "amount": 150 }
	],
	"category": "crafting",
	"research": "core-shard1"
}