{
	"name": "硅冶炼厂·III",
	"description": "用沙子和煤炭冶炼硅，速度再次升级",
	"details": "急！！！！",
	"outputItem": {
	"item": "silicon", "amount": 5
	},
	"itemCapacity": 30,
	"size": 2,
	"hasPower": true,
	"hasLiquids": false,
	"hasItems": true,
	"craftTime": 50,
	"drawer":{
        "type":"DrawMulti",
        "drawers":[
            "DrawDefault",
            "DrawFlame"
            ]
    },
	"consumes": {
	"power": 1,
	"items": {
		"items": [
	{ "item": "sand", "amount": 6 },
	{ "item": "coal", "amount": 3 }
	]	}	},
	"requirements": [
	{ "item": "copper", "amount": 160 },
	{ "item": "lead", "amount": 120 },
	{ "item": "graphite", "amount": 55 },
	{ "item": "silicon", "amount": 40 }
	],
	"category": "crafting",
	"research": "silicon-smelter1"
}