{
	"type": "UnitAssembler",
	"size": 11,
	"liquidCapacity": 43200,
	"consumes": {
		"power": 80,
		"liquid": "血水/1"
	},
	"plans": [
		{
			"unit": "黑棘",
			"time": 7200,
			"requirements": [
				"curse-of-flesh-渊狱/1",
				"curse-of-flesh-光谱/4",
				"curse-of-flesh-灼烧/2",
				"curse-of-flesh-重拳/2",
				"curse-of-flesh-生物钢墙大/32"
			]
		},
		{
			"unit": "噬星",
			"time": 10800,
			"requirements": [
				"curse-of-flesh-黑棘/1",
				"curse-of-flesh-光谱/2",
				"curse-of-flesh-生物钢墙大/48"
			]
		}
	],
	"areaSize": 19,
	"droneType": "工蜂",
	"droneConstructTime": 450,
	"requirements": [
		"铱板/4800",
		"metaglass/2400",
		"导能回路/1800",
		"陶钢/1500",
		"生物钢/900"
		"肃正协议/4"
	],
	"category": "units",
	"research": {
		"parent": "巨兽级",
		"objectives": [
			{
				"type": "SectorComplete",
				"preset": "impact0078"
			}
		],
		"requirements": [
			"铱板/48000",
			"metaglass/24000",
			"导能回路/18000",
			"陶钢/15000",
			"生物钢/9000",
			"肃正协议/48"
		]
	}
}