{
	"name":"empII",
	"description":"电磁脉冲",
	"damageMultiplier":0.7,//攻击力
	"healthMultiplier":0.75,//血量倍率
	"speedMultiplier":0.6,//速度倍率
	"damage":0.75,//帧扣血
	"color":"C2FF43FF",//颜色
	"effect": {
		"type": "ParticleEffect",
		"particles":4,//粒子数量
		"length":10,//长度
		"lifetime":40,//存在时间
		"interp": "circleOut",//中间部分
		"sizeInterp": "pow5Out",//大小部分
		"cone":360,//角度
		"colorFrom": "8CEA57FF",
		"colorTo": "F8FF6DFF",
		"sizeFrom":4,
		"sizeTo":0
		}
	"transitionDamage":60,
	"affinities":[
		"shocked",
		],

	"effectChance":0.1,
}
