{
    "name":"增强单位工厂", 
	"type": "UnitFactory",
	"description":"生产增强单位", 
	"size": 3,
	"requirements": [
		{"item": "lead", "amount": 120}
		{"item": "copper", "amount": 90}
		{"item":"graphite","amount":20},    

	],
	"plans": [
	{
			"unit": "工蜂",
			"requirements": [
				{"item": "copper", "amount": 30}
				{"item": "lead", "amount": 30}
			],
			"time": 120,
		}
			
			{
			"unit": "特种矿机",
			"requirements": [
				{"item": "copper", "amount": 30}
				{"item": "lead", "amount": 30}
				{"item":"silicon","amount":20},    
		        {"item":"graphite","amount":20},
		        { "item": "钛晶", "amount": 25 }
			],
			"time": 480,
		}
		{
			"unit": "军团星辉",
			"requirements": [
				{"item": "copper", "amount": 100}
				{"item": "lead", "amount": 100}
				{"item":"silicon","amount":60},    
		        {"item":"graphite","amount":80},
		        { "item": "titanium", "amount": 50 }
			],
			"time": 1200,
		}
					{
			"unit": "重组治疗者",
			"requirements": [
				{"item": "copper", "amount": 30}
				{"item": "lead", "amount": 30}
				{"item":"silicon","amount":20},    
		        {"item":"graphite","amount":20},
		        { "item": "钛晶", "amount": 25 }
			],
			"time": 480,
		}
		
		
	],
	
	"consumes": {
		"power": 6.0,
	},
	
	
	
	
	
	"category": "units",
	"research": "ground-factory"
	"alwaysUnlocked": true,
}