{
	"name": "微型仓库",
	"description": "能存储更多物资。",
	"type": "StorageBlock",
	"itemCapacity":1000000 ,
	"hasItems": true,
	"health": 1000,
	"size": 1,
	"requirements": [
		 { "item": "thorium", "amount": 500 },
		{ "item": "plastanium", "amount": 600 },
		{ "item": "silicon", "amount": 600 },
		{ "item": "graphite", "amount": 600 },
		{ "item": "titanium", "amount": 500 },
		{ "item": "copper", "amount": 1000 },
		{ "item": "lead", "amount": 1000 }, 
		{"item":"phase-fabric","amount":400},
		{ "item": "surge-alloy", "amount": 400},
		{ "item": "钛晶", "amount": 500 }
		{ "item": "离子合金", "amount": 500 }
		{ "item": "中子合金", "amount": 50 }
		
	],
	"category": "effect",
	"research": "vault"
}