{
	"type":"ForceProjector",
	"name":"玄武盾",
	"description":"很强的盾"
	"health":10000,
	"size":3,
	"radius":720,
	"canOverdrive": false,
	"shieldHealth": 50000,
	"phaseUseTime":30000,
	"phaseRadiusBoost":200,
	"cooldownNormal":180,
	"cooldownLiquid":90,
	"cooldownBrokenBase":5,
	"consumes":{
		"power":50,
		"items":{
			"items":[
				{"item":"离子合金","amount":1},
			]
			"booster":true,
		}
	}
	"requirements":[
		{ "item": "thorium", "amount": 500 },
		{ "item": "plastanium", "amount": 600 },
		{ "item": "silicon", "amount": 600 },
		{ "item": "graphite", "amount": 600 },
		{ "item": "titanium", "amount": 500 },
		{ "item": "copper", "amount": 1000 },
		{ "item": "lead", "amount": 1000 },
		{ "item": "surge-alloy", "amount": 400},
		{"item":"phase-fabric","amount":100},
		{ "item": "钛晶", "amount": 500 }
		{ "item": "离子合金", "amount": 500 }
		{ "item": "中子合金", "amount": 50 }
	]
	"research":"duo"
	"category": "effect",
	}