{
	"type": "SolidPump",
	"name": "矿渣汲取器",
	"description": "从地下吸取矿渣.",
	"pumpAmount":0.8,
	"result":"slag",
	"health":360.0,
	"size":3,
	"rotatespeed":30,
	"hasPower":true,
	"hasLiquids":true,
	"updateEffect":"smeltsmoke",
	"consumes":{
		"power":4
	},
	"requirements":[
		{ "item":"copper","amount": 120 },
		 {"item": "titanium", "amount": 50 },
		{"item": "graphite", "amount": 50 },
		{"item": "silicon", "amount": 50 },
		{"item":"lead","amount":120},
	],
	"category":"production",
	"research":"incinerator",
	"idleSound":"respawning",
	"idleSoundVolume": 0.6
}