{
    "name":"超级单位构造厂", 
	"type": "UnitFactory",
	"description":"生产超级BOSS单位,贴图来自创世神", 
	"size": 9,
	"buildCostMultiplier": 100
	"requirements": [
		 {"item": "离子合金", "amount":3000 },
		{"item": "钛晶", "amount":4000 },
		{ "item": "thorium", "amount": 5000 },
		{ "item": "plastanium", "amount": 6000 },
		{ "item": "silicon", "amount": 6000 },
		{ "item": "graphite", "amount": 6000 },
		{ "item": "titanium", "amount": 5000 },
		{ "item": "copper", "amount": 10000 },
		{ "item": "lead", "amount": 10000 }, 
		{"item":"phase-fabric","amount":4000},
		{ "item": "surge-alloy", "amount": 4000},
		{ "item": "中子合金", "amount": 2500 }
        { "item": "超核", "amount": 200 }

	],
	"plans": [
	{
			"unit": "Collapse",
			"requirements": [
				 {"item": "离子合金", "amount":600 },
		{"item": "钛晶", "amount":1500 },
		{ "item": "thorium", "amount": 5000 },
		{ "item": "plastanium", "amount": 6000 },
		{ "item": "silicon", "amount": 6000 },
		{ "item": "graphite", "amount": 6000 },
		{ "item": "titanium", "amount": 5000 },
		{ "item": "copper", "amount": 10000 },
		{ "item": "lead", "amount": 10000 }, 
		{"item":"phase-fabric","amount":4000},
		{ "item": "surge-alloy", "amount": 4000},
		{ "item": "中子合金", "amount": 2500 },
		        { "item": "超核", "amount": 200 }
			],
			"time": 120000,
		}
/*{
			"unit": "Final Explosion",
			"requirements": [
				 {"item": "离子合金", "amount":4500 },
		{"item": "钛晶", "amount":5000 },
		{ "item": "thorium", "amount": 2500 },
		{ "item": "plastanium", "amount": 3000 },
		{ "item": "silicon", "amount": 3000 },
		{ "item": "graphite", "amount": 3000 },
		{ "item": "titanium", "amount": 2500 },
		{ "item": "copper", "amount": 5000 },
		{ "item": "lead", "amount": 5000 }, 
		{"item":"phase-fabric","amount":4000},
		{ "item": "surge-alloy", "amount": 4000},
		{ "item": "中子合金", "amount": 2000 },
		        { "item": "超核", "amount": 10 }
			],
			"time": 120000,
		}
			*/
			{
			"unit": "Ionization",
			"requirements": [
				 {"item": "离子合金", "amount":600 },
		{"item": "钛晶", "amount":1500 },
		{ "item": "thorium", "amount": 5000 },
		{ "item": "plastanium", "amount": 6000 },
		{ "item": "silicon", "amount": 6000 },
		{ "item": "graphite", "amount": 6000 },
		{ "item": "titanium", "amount": 5000 },
		{ "item": "copper", "amount": 10000 },
		{ "item": "lead", "amount": 10000 }, 
		{"item":"phase-fabric","amount":4000},
		{ "item": "surge-alloy", "amount": 4000},
		{ "item": "中子合金", "amount": 2500 },
		        { "item": "超核", "amount": 400 }
			],
			"time": 120000,
		}
		{
			"unit": "绝望之星",
			"requirements": [
				 {"item": "离子合金", "amount":60000 },
		{"item": "钛晶", "amount":15000 },
		{ "item": "中子合金", "amount": 25000 },
		        { "item": "超核", "amount": 5000 }
			],
			"time": 360000,
		}
	],
	
	"consumes": {
		"power": 6000,
	},
	
	
	
	
	
	"category": "units",
	"research": "ground-factory"
	"alwaysUnlocked": true,
}