{
	"name": "超级超速投影仪器",
	"description": "更快！",
	"type": "OverdriveProjector"
	"health": 200,
	"size": 2,
	"range": 200,
	"reload": 45
	"speedBoost": 10.0,
	"consumes": {
		"power": 5
        "items":{
			"items":[
				{"item":"phase-fabric","amount":1}
			]
			"booster":true
			"optional": true
		}
	},
	"requirements": [
		{ "item": "thorium", "amount": 500 },
		{ "item": "plastanium", "amount": 600 },
		{ "item": "silicon", "amount": 600 },
		{ "item": "graphite", "amount": 600 },
		{ "item": "titanium", "amount": 500 },
		{ "item": "copper", "amount": 1000 },
		{ "item": "lead", "amount": 1000 },
		{ "item": "钛晶", "amount": 500 }
		{ "item": "离子合金", "amount": 500 }
		{ "item": "中子合金", "amount": 25 }
	],
	"category": "effect",
	"research":"超频加速器"
}