{
	"type": "GenericCrafter",
	"outputLiquid":"neoplasm/0.4"
	"hasLiquids": true,
		"health": 825,
	"size": 3,
	"hasPower": true,
	"hasLiquids": true,
		"drawer":{
	    "type":"DrawMulti",
	    "drawers":[
	    {
	    "type":"DrawRegion",
	    "suffix":"-bottom"
	    },
	    {
	       "type":"DrawLiquidRegion",
	    "drawLiquid":"neoplasm"
	    },
	    {
				"type":"DrawRegion",
				"suffix":"-转"
				"rotateSpeed":5
			}
	    "DrawDefault"
	]},
	"craftTime": 120,
    "liquidCapacity": 60,
	"consumes": {
    "power":1,
    "items": {
	"items": [
	{ "item": "thorium", "amount": 2 }
	]
	}
    "liquid":
{"liquid": "water", "amount": 0.3 }
    }
"requirements": [
    "thorium/90"
    "beryllium/35"
	"oxide/20",
	],
	"category": "crafting",
	"research":"electrolyzer"
	
}