{
	"type": "HeatCrafter",
	"liquidOutputDirections": [1, 3]
	"rotate": true,
	"outputLiquids":["cyanogen/0.11","hydrogen/0.35",],
	"health": 1400,
	"size": 4,
	"hasPower": true,
	"hasLiquids": true,
	"drawer":{
	"type":"DrawMulti",
	"drawers":[
	{	
	"type":"DrawRegion",	
	"suffix":"-bottom"
	    },
	    {
	       "type":"DrawLiquidRegion",
	    "drawLiquid":"arkycite"
	    },
	    "DrawDefault"
	    "DrawRegion"
	    "DrawLiquidOutputs"
	]},
	"heatRequirement": 25,
	"overheatScale": 0.8,
	"craftTime": 120,
	"consumes": {
    "power":6.5,
 "liquids": {
      "liquids": [
        {
          "liquid": "arkycite",
          "amount": 0.6
        }
      ]
    }
    }
"requirements": [
	"oxide/100",
	"silicon/120",
	"tungsten/120"
	],
	"category": "crafting",
	"research":"cyanogen-synthesizer"
	
}