{
	"coolantMultiplier": 2.2
	"ammoTypes": {
	"copper":{
		    "speed":3
			"damage":9
			"lifetime":32
			"width": 4
			"height":8
			"ammoMultiplier": 2
	}
		"silicon":{
		    "speed":3
			"damage":12
			"lifetime":32
			"width": 4
			"height":8
			"homingRange": 20
			"homingPower": 0.2
			"reloadMultiplier": 1.5
			"ammoMultiplier": 5
	}
	"graphite":{
		    "speed":3
			"damage":18
			"lifetime":32
			"width": 4
			"height":8
			"reloadMultiplier": 0.61
			"ammoMultiplier": 4
	}
		"相位能": {
			"speed":8
			"damage":68
			"lifetime":30
			"rangeChange":144
			"width": 7
			"height":12
			"ammoMultiplier": 5
			"reloadMultiplier": 0.5
			"pierce": true,
			"pierceBuilding": true,
			"bulletInterval":2
			"intervalBullets": 1,
			"intervalDelay": 3.7
			"intervalRandomSpread": 0
			"intervalBullet": {
				"damage":42
				"type": "BasicBulletType",
				"hitEffect": {
					"type": "WrapEffect",
					"effect": "dynamicSpikes",
					"color": "eec591ec",
					"rotation": 18
					"pierce": true,
		            "pierceBuilding": true,
				},
				"despawnEffect": "none",
				"hitSound": "laser",
				"status": "burning"
				"statusDuration": 30,
				"lightningColor": "eec591ec",
				"lightningDamage": 24
				"lightning": 4
				"lightningLength": 1
				"lightningLengthRand": 5
				"width": 5
				"height":5
				"sprite": "circle-bullet",
				"speed": -1
				"lifetime": 6
				"pierceArmor": true,
				"hittable": false,
				"splashDamageRadius": 30
			"splashDamage": 28
			"fragBullets": 2
			"fragRandomSpread": 0
			"fragBullet": {
			    "type": "LaserBulletType",
		        "chargeEffect": {
			    "type": "MultiEffect",
			    "effects": [
				"lancerLaserCharge",
				"lancerLaserChargeBegin"
			]
		},
		"despawnEffect": "none",
		"damage": 36
		"buildingDamageMultiplier":0.2
		"width": 10
		"length": 100
		"pierce": true,
		"pierceBuilding": true,
		"lifetime": 35
		"colors": [
					"EEC59190",
					"EEC591A8",
					"EEC591"
				],
		        }
		    }
	    }
    }
}