
{
	"type": "NuclearReactor",
	"name": "水泥反应堆",
	"description":"我更在乎的是为什么没有纯水泥反应堆,实际上可能还会有生石灰反应堆,熟石灰反应堆,生石膏反应堆,熟石膏反应堆。"
	"size": 3,
   "research": "水泥制造机",
	"health": 2800,
	"liquidCapacity": 60,
	"itemCapacity": 30,
	"hasItems": true,
	"hasLiquids": true,
	"outputsPower": true,
	"powerProduction": 25.5,
	"itemDuration": 300,
	"heating": 0.001,
	"lightColor": "A4B2BFFF",
	"explosionShake": 10,
	"explosionShakeDuration": 110,
	"explosionRadius": 25,
	"explosionDamage": 2500,
	"explodeSound": "boom",
   	     "drawer":{
    "type": "DrawMulti",
    "drawers":[
    "DrawDefault",
    {"type":"DrawLiquidRegion",
    "drawLiquid": "water",
	"suffix": "-liquid"},	
		]
		}
	"explodeEffect": {
		"type": "MultiEffect",
		"effects": [
			{
				"type": "WaveEffect",
				"lifetime": 160,
				"sizeFrom": 0,
				"sizeTo": 400,
				"strokeFrom": 18,
				"strokeTo": 0,
				"colorFrom": "BCC9D4FF",
				"colorTo": "A4B2BFFF"
			},
			{
				"type": "ParticleEffect",
				"particles": 25,
				"interp": "pow10Out",
				"sizeInterp": "pow5In",
				"sizeFrom": 24,
				"sizeTo": 0,
				"length": 80,
				"baseLength": 0,
				"lifetime": 320,
				"colorFrom": "BCC9D4FF",
				"colorTo": "BCC9D4FF"
			},
			{
				"type": "ParticleEffect",
				"particles": 35,
				"interp": "pow10Out",
				"sizeInterp": "pow5In",
				"sizeFrom": 30,
				"sizeTo": 0,
				"length": 130,
				"baseLength": 0,
				"lifetime": 240,
				"colorFrom": "BCC9D4FF",
				"colorTo": "BCC9D4FF"
			},
			{
				"type": "ParticleEffect",
				"particles": 40,
				"interp": "pow10Out",
				"sizeInterp": "pow5In",
				"sizeFrom": 20,
				"sizeTo": 0,
				"length": 130,
				"baseLength": 0,
				"lifetime": 140,
				"colorFrom": "BCC9D4FF",
				"colorTo": "BCC9D4FF"
			},
{  
"type":"Effect",
"colorFrom":"BDD3E6FF",
"colorTo":"939EA8FF",//结束时颜色
"particles":30,//粒子数量
"randLength":true,
"cone":360,//粒子扩散角度
"length":140,//粒子移动长度
"baseLength":10,//粒子在一定长度内出现
//"interp":"linear",//插播
//"sizeInterp":"interp",//尺寸插值
"offsetX":0,//偏移量x
"offsetY":0,//偏移量y
"lightScl":2,//轻量级             //效果未知
"lightOpacity":0.6,//光不透明    //效果未知
"lightColor":"BDD3E6FF",//浅色   //效果未知
"spin":0,//粒子自转
"sizeFrom":3,//圆形从开始大小
"sizeTo":1//圆形至结尾大小
"useRotation":true,//使用旋转
"offset":0,//粒子角度
"region":"circle",//绘制/*circle为圆形*/
"line":false,//形状为方形
"strokeFrom":10,//开始时宽度
"strokeTo":3,//结束时宽度
"lenFrom":10,//开始时长度
"lenTo":3//结束时长度
},
		]
	},
	"fuelItem": "水泥",
  "consumes": {
        "liquid": {
            "liquid": "water",
            "amount": 0.06
        },
        "items": {
            "items": [
                {
                    "amount": 1,
                    "item": "水泥"
                }
            ]
        }
    },
	"buildCostMultiplier": 0.9,
   "requirements": [
        {
            "amount": 300, "item": "铜板"
        },
        {
            "amount": 240, "item": "钛板"
        },
        {
            "amount": 350, "item": "lead"
        },
        {
            "amount": 150, "item": "水泥"
        }
    ],
	"category": "power",

}














































/*
        thoriumReactor = new NuclearReactor("thorium-reactor"){{
            requirements(Category.power, with(Items.lead, 300, Items.silicon, 200, Items.graphite, 150, Items.thorium, 150, Items.metaglass, 50));
            ambientSound = Sounds.hum;
            ambientSoundVolume = 0.24f;
            size = 3;
            health = 700;
            itemDuration = 360f;
            powerProduction = 15f;
            consumes.item(Items.thorium);
            heating = 0.02f;
            consumes.liquid(Liquids.cryofluid, heating / coolantPower).update(false);
        }};