{
	"name": "侵蚀",
	"type": "LaserTurret",
	"size": 4,
	"health": 4750,
	"shootEffect": "none",
	"shootSound": "laserbig",
	"range": 240,
	"reload": 330,
	"coolantMultiplier": 1,
	//"coolantMultiplier": 0.35,
	"liquidCapacity": 180,
	"inaccuracy": 0,
	"rotateSpeed": 3.6,
	"shake": 5,
	"coolEffect": "steam",
	"targetHealing": true,
	"unitSort": "strongest",
	"cooldownTime": 180,
	"recoil": 3.5,
	"recoilTime": 60,
	"minWarmup": 0.89,
	"warmupMaintainTime": 300,
	"heatColor": "FF4040",
	"drawer": {
		"type": "DrawTurret",
		"parts": [
			{
				"type": "RegionPart",
				"mirror": true,
				"x": 6.25,
				"y": 2,
				"under": true,
				"suffix": "-散",
				"outline":false,
				"heatProgress": "recoil",
				"moveX": 2.75,
				"moveY": -8,
				"moveRot": -55
			},
			{
				"type": "RegionPart",
				"mirror": true,
				"x": 6.25,
				"y": 2,
				"under": true,
				"suffix": "-散",
				"outline":false,
				"heatProgress": "recoil",
				"heatColor":"FF4040",
				"moveX": 2.25,
				"moveY": -5,
				"moveRot": -40
			},
			{
				"type": "RegionPart",
				"mirror": true,
				"x": 6.25,
				"y": 2,
				"under": true,
				"suffix": "-散",
				"outline":false,
				"heatProgress": "recoil",
				"heatColor":"97FFA8",
				"moveX": 1.75,
				"moveY": -2,
				"moveRot": -22
			},
			{
				"type": "RegionPart",
				"mirror": false,
				"under": true,
				"suffix": "-前",
				"progress": "reload",
				"moveY": -8
			},
			{
				"type": "RegionPart",
				"mirror": true,
				"under": true,
				"suffix": "-侧",
				"heatProgress": "warmup",
				"heatColor": "FF4040",
				"moveX": 8,
				"moveY": 4,
				"moveRot": -45
			}
		]
	},
	"shootY": 14,
	"shootType": {
		"type": "ContinuousLaserBulletType",
		"hitEffect": {
			"type": "ParticleEffect",
			"particles": 6,
			"baseLength": 8,
			"length": 18,
			"lifetime": 10,
			"line": true,
			"lenFrom": 16,
			"lenTo": 0,
			"strokeFrom": 1.6,
			"strokeTo": 0,
			"colorFrom": "97FFA8",
			"colorTo": "97FFA8"
		},
		"shootEffect": {
			"type": "ParticleEffect",
			"particles": 10,
			"line": true,
			"length": 0,
			"baseLength": 0,
			"lifetime": 300,
			"colorFrom": "7CF389FF",
			"colorTo": "7CF389FF",
			"cone": 0
		},
		"status": "corroded",
		"statusDuration": 20,
		"incendChance": 0,
		"incendSpread": 0,
		"incendAmount": 0,
		"collidesTeam": true,
		"healPercent": 2,
		"healAmount": 33,
		"ammoMultiplier": 1,
		"hitSize": 8,
		"length": 224,
		"width": 6,
		"damage": 302,
		"lightColor": "76D081",
		"colors": [
			"7CF389A8",
			"97FFA880",
			"97FFA8",
			"FFFFFF"
		],
		"bulletInterval": 2,
		"intervalBullets": 1,
		"intervalRandomSpread": 34,
		"intervalBullet":{
			"type": "MissileBulletType",
			"reflectable": false,
			"pierceArmor": true,
			"frontColor": "FFFFFF",
			"backColor": "97FFA8",
			"healPercent": 1,
			"status": "拆解",
			"statusDuration": 10,
			"damage": 32,
			"splashDamageRadius": 16,
			"splashDamage": 16,
			"homingRange": 48,
			"homingDelay": 8,
			"trailLength": 3,
			"trailWidth": 3,
			"trailColor": "97FFA8",
			"sprite": "circle-bullet",
			"shootEffect": "none",
			"hitEffect": {
				"type": "MultiEffect",
				"effects": [
					{
						"type": "ParticleEffect",
						"particles": 5,
						"sizeFrom": 3,
						"sizeTo": 0,
						"length": 18,
						"baseLength": 0,
						"lifetime": 25,
						"colorFrom": "97FFA8",
						"colorTo": "97FFA890"
					},
					{
						"type": "WaveEffect",
						"lifetime": 10,
						"sizeFrom": 1,
						"sizeTo": 18,
						"strokeFrom": 4,
						"strokeTo": 0,
						"colorFrom": "97FFA8",
						"colorTo": "97FFA890"
					}
				]
			},
			"despawnEffect": "none",
			"collidesTeam": true,
			"speed": 9.6,
			"lifetime": 27,
			"drag": 0.01,
			"width": 5,
			"height": 8
		}
	},
	"consumes": {
		"power": 32,
		"liquid": "纳米流体/0.8"
	},
	"shootDuration": 250,
	"requirements": [
		"硅钢/600",
		"surge-alloy/600",
		"纳米核/400",
		"二级协议/2"
	],
	"category": "turret",
	"research": "meltdown"
}