{
	"type": "ItemTurret",
	"name": "前狼",
	"health": 6000,
	"size": 6,
	"reload": 60,
	"range": 0,
	"maxAmmo": 36,
	"ammoPerShot": 2,
	"consumeAmmoOnce": false,
	"recoil": 0,
	"ammoUseEffect": "none",
	"canOverdrive": false,
	"minWarmup": 0.89,
	"shootWarmupSpeed": 0.05,
	"cooldownTime": 160,
	"drawer": {
		"type": "DrawTurret",
		"parts": [
			{
				"type": "RegionPart",
				"mirror": true,
				"x": 12,
				"y": -4,
				"suffix": "-侧",
				"heatProgress": "warmup",
				"heatColor": "FF404080",
				"under": true,
				"moveX": 8,
				"moveY": -2,
				"moveRot": -30
			},
			{
				"type": "RegionPart",
				"mirror": true,
				"x": 10,
				"y": -2,
				"suffix": "-侧",
				"heatProgress": "warmup",
				"heatColor": "FF404080",
				"under": true,
				"moveX": 8,
				"moveY": -2,
				"moveRot": -15
			},
			{
				"type": "RegionPart",
				"mirror": true,
				"x": 8,
				"y": 0,
				"suffix": "-侧",
				"heatProgress": "warmup",
				"heatColor": "FF404080",
				"moveX": 8
			},
			{
				"type": "HaloPart",
				"progress": "warmup",
				"rotateSpeed": 0,
				"shapeRotation": 180,
				"sides": 3,
				"shapes": 1,
				"color": "FFFFFF00",
				"colorTo": "FF705510",
				"tri": true,
				"radius": 0,
				"radiusTo": 80,
				"triLength": 0,
				"triLengthTo": 1340,
				"haloRadius": 1350,
				"haloRotation": 0,
				"haloRotateSpeed": 0,
				"layer": 110
			}
		]
	},
	"shootY": 0,
	"shoot": {
		"type": "ShootBarrel",
		"shots": 3,
		"shotDelay": 10,
		"barrels":[
			16,24,0,
			-26,21.18,15,
			26,21.18,-15,
			-35,16.78,30,
			35,16.78,-30,
			-16,24,0
		]
	},
	"consumes": {
		"power": 46
	},
	"shootSound": "missileLarge",
	"targetGround": false,
	"targetAir": true,
	"inaccuracy": 0,
	"shootCone": 120,
	"shake": 6,
	"rotateSpeed": 3,
	"ammoTypes": {
		"blast-compound": {
			"type": "FlakBulletType",
			"damage": 225,
			"splashDamageRadius": 135,
			"splashDamage": 550,
			"hitSize": 18,
			"explodeRange": 10,
			"shrinkY": 0,
			"hitSound": "explosionbig",
			"hitSoundVolume": 3,
			"speed": 6,
			"weaveMag": 1,
			"weaveScale": 9,
			"drag": -0.005,
			"lifetime": 170,
			"status": "blasted",
			"homingDelay": 45,
			"homingPower": 0.04,
			"homingRange": 240,
			"width": 24,
			"height": 88,
			"sprite": "饱和火力-大导弹",
			"backColor": "FF7055",
			"frontColor": "E3E3E3",
			"trailChance": 1,
			"trailInterval": 8,
			"trailEffect": {
				"type": "ParticleEffect",
				"particles": 2,
				"length": 30,
				"baseLength": 1,
				"lifetime": 55,
				"cone": 25,
				"interp": "pow5Out",
				"colorFrom": "E3E3E3",
				"colorTo": "E3E3E300",
				"sizeFrom": 2.5,
				"sizeTo": 13
			},
			"trailRotation": true,
			"hitShake": 10,
			"reloadMultiplier": 1.25,
			"shootEffect": {
				"type": "ParticleEffect",
				"particles": 4,
				"strokeFrom": 4,
				"strokeTo": 0,
				"line": true,
				"lenFrom": 20,
				"lenTo": 0,
				"length": 43,
				"baseLength": 0,
				"lifetime": 25,
				"colorFrom": "FFE176",
				"colorTo": "FFE176",
				"cone": 30
			},
			"smokeEffect": {
				"type": "ParticleEffect",
				"particles": 6,
				"sizeFrom": 10,
				"sizeTo": 0,
				"length": 63,
				"baseLength": 0,
				"interp": "circleOut",
				"sizeInterp": "pow5In",
				"lifetime": 65,
				"colorFrom": "FF8C00",
				"colorTo": "E3E3E3",
				"cone": 30
			},
			"hitEffect": {
				"type": "MultiEffect",
				"effects": [
					{
						"type": "ParticleEffect",
						"particles": 33,
						"sizeFrom": 23,
						"sizeTo": 0,
						"length": 100,
						"baseLength": 13,
						"lifetime": 65,
						"interp": "pow10Out",
						"sizeInterp": "pow5In",
						"layer": 120,
						"colorFrom": "737373",
						"colorTo": "73737318"
					},
					{
						"type": "ParticleEffect",
						"particles": 32,
						"strokeFrom": 3,
						"strokeTo": 3,
						"line": true,
						"lenFrom": 80,
						"lenTo": 0,
						"length": 153,
						"baseLength": 3,
						"lifetime": 15,
						"interp": "pow10Out",
						"colorFrom": "FFE176",
						"colorTo": "FFE176"
					},
					{
						"type": "WaveEffect",
						"lifetime": 12,
						"sizeFrom": 1,
						"sizeTo": 135,
						"strokeFrom": 10,
						"strokeTo": 0,
						"colorFrom": "FF7055",
						"colorTo": "FFE176"
					}
				]
			},
			"despawnEffect": "none"
		},
		"集束": {
			"type": "FlakBulletType",
			"damage": 188,
			"splashDamageRadius": 85,
			"splashDamage": 188,
			"hitSize": 80,
			"shrinkY": 0,
			"hitSound": "explosionbig",
			"hitSoundVolume": 2,
			"speed": 5.8,
			"weaveMag": 0.5,
			"weaveScale": 9,
			"drag": -0.005,
			"lifetime": 185,
			"status": "burning",
			"statusDuration": 600,
			"homingDelay": 45,
			"homingPower": 0.05,
			"homingRange": 240,
			"width": 25,
			"height": 94,
			"sprite": "饱和火力-大导弹",
			"backColor": "D85555",
			"frontColor": "E3E3E3",
			"trailChance": 1,
			"trailInterval": 5,
			"trailEffect": {
				"type": "ParticleEffect",
				"particles": 1,
				"length": 45,
				"baseLength": 1,
				"lifetime": 55,
				"cone": 25,
				"interp": "pow5Out",
				"colorFrom": "E3E3E3",
				"colorTo": "E3E3E300",
				"sizeFrom": 3,
				"sizeTo": 15
			},
			"trailRotation": true,
			"hitShake": 10,
			"ammoMultiplier": 3,
			"reloadMultiplier": 1,
			"shootEffect": {
				"type": "ParticleEffect",
				"particles": 4,
				"strokeFrom": 4,
				"strokeTo": 0,
				"line": true,
				"lenFrom": 23,
				"lenTo": 0,
				"length": 43,
				"baseLength": 0,
				"lifetime": 35,
				"colorFrom": "FFE176",
				"colorTo": "FFE176",
				"cone": 30
			},
			"smokeEffect": {
				"type": "ParticleEffect",
				"particles": 6,
				"sizeFrom": 10,
				"sizeTo": 0,
				"length": 63,
				"baseLength": 0,
				"interp": "circleOut",
				"sizeInterp": "pow5In",
				"lifetime": 65,
				"colorFrom": "FF8C00",
				"colorTo": "E3E3E3",
				"cone": 30
			},
			"hitEffect": {
				"type": "MultiEffect",
				"effects": [
					{
						"type": "ParticleEffect",
						"particles": 18,
						"sizeFrom": 35,
						"sizeTo": 0,
						"length": 90,
						"baseLength": 3,
						"lifetime": 65,
						"interp": "pow10Out",
						"sizeInterp": "pow5In",
						"layer": 120,
						"colorFrom": "73737340",
						"colorTo": "73737340"
					},
					{
						"type": "WaveEffect",
						"lifetime": 15,
						"sizeFrom": 0,
						"sizeTo": 85,
						"strokeFrom": 10,
						"strokeTo": 0,
						"colorFrom": "FFE176",
						"colorTo": "FFE176"
					}
				]
			},
			"despawnEffect": "none",
			"fragLifeMin": 0.1,
			"fragLifeMax": 1,
			"fragBullets": 15,
			"fragBullet": {
				"type": "FlakBulletType",
				"hitEffect": {
					"type": "MultiEffect",
					"effects": [
						{
							"type": "ParticleEffect",
							"particles": 13,
							"sizeFrom": 16,
							"sizeTo": 0,
							"length": 65,
							"baseLength": 12,
							"lifetime": 65,
							"interp": "pow10Out",
							"sizeInterp": "pow5In",
							"layer": 120,
							"colorFrom": "73737330",
							"colorTo": "73737330"
						},
						{
							"type": "ParticleEffect",
							"particles": 22,
							"strokeFrom": 3,
							"strokeTo": 3,
							"line": true,
							"lenFrom": 36,
							"lenTo": 0,
							"length": 73,
							"baseLength": 3,
							"lifetime": 15,
							"interp": "pow10Out",
							"colorFrom": "FFFFFF",
							"colorTo": "FFE176"
						},
						{
							"type": "WaveEffect",
							"lifetime": 12,
							"sizeFrom": 1,
							"sizeTo": 62,
							"strokeFrom": 6,
							"strokeTo": 0,
							"colorFrom": "FFE176",
							"colorTo": "FFFFFF"
						}
					]
				},
				"hitSound": "explosion",
				"hitSoundVolume": 3,
				"collides": false,
				"despawnEffect": "none",
				"status": "blasted",
				"statusDuration": 60,
				"knockback": 1.7,
				"backColor": "D85555",
				"frontColor": "D85555",
				"explodeRange": 50,
				"width": 16,
				"height": 15,
				"damage": 42,
				"scaledSplashDamage": true,
				"splashDamageRadius": 60,
				"splashDamage": 96,
				"pierceArmor": true,
				"lifetime": 20,
				"speed": 10,
				"drag": 0.01
			}
		},
		"镄": {
			"type": "BasicBulletType",
			"collidesGround": false,
			"damage": 860,
			"pierceArmor": true,
			"hitSize": 35,
			"shrinkY": 0,
			"hitSound": "shotgun",
			"hitSoundVolume": 1.2,
			"speed": 5,
			"drag": -0.02,
			"lifetime": 100,
			"status": "melting",
			"homingDelay": 30,
			"homingPower": 0.08,
			"homingRange": 100,
			"width": 24,
			"height": 90,
			"sprite": "饱和火力-落雁",
			"backColor": "DEDEDE",
			"frontColor": "E3E3E3",
			"trailChance": 1,
			"trailEffect": {
				"type": "ParticleEffect",
				"particles": 2,
				"length": -70,
				"baseLength": 0,
				"lifetime": 15,
				"cone": 19,
				"interp": "pow5Out",
				"sizeInterp": "pow5In",
				"colorFrom": "E3E3E3",
				"colorTo": "E3E3E3",
				"sizeFrom": 6,
				"sizeTo": 0
			},
			"trailRotation": true,
			"hitShake": 10,
			"ammoMultiplier": 1,
			"shootEffect": {
				"type": "ParticleEffect",
				"particles": 4,
				"strokeFrom": 4,
				"strokeTo": 0,
				"line": true,
				"lenFrom": 20,
				"lenTo": 0,
				"length": 55,
				"baseLength": 0,
				"lifetime": 15,
				"colorFrom": "FFE176",
				"colorTo": "FFE176",
				"cone": 60
			},
			"smokeEffect": {
				"type": "ParticleEffect",
				"particles": 6,
				"sizeFrom": 10,
				"sizeTo": 0,
				"length": 63,
				"baseLength": 0,
				"interp": "circleOut",
				"sizeInterp": "pow5In",
				"lifetime": 65,
				"colorFrom": "FF8C00",
				"colorTo": "E3E3E3",
				"cone": 30
			},
			"hitEffect": {
				"type": "ParticleEffect",
				"particles": 35,
				"strokeFrom": 4,
				"strokeTo": 0,
				"line": true,
				"lenFrom": 48,
				"lenTo": 0,
				"length": 83,
				"baseLength": 0,
				"interp": "circleOut",
				"sizeInterp": "circleOut",
				"lifetime": 22,
				"colorFrom": "FFFFFF",
				"colorTo": "FFE176",
				"cone": 50
			},
			"despawnEffect": "blastExplosion"
		}
	},
	"researchCostMultiplier": 0.5,
	"requirements": [
		"thorium/1300",
		"silicon/650",
		"plastanium/800",
		"硅钢/300",
		"裂位能/100",
		"二级协议/1"
	],
	"category": "turret",
	"research": {
		"parent": "方天",
		"objectives": [
			{
				"type": "SectorComplete",
				"preset": "风沙谷"
			}
		]
	}
}