{
	"type": "ItemTurret",
	"name": "菊花",
	"health": 1300,
	"size": 4,
	"reload": 30,
	"fogRadiusMultiplier": 0.26,
	"range": 600,
	"maxAmmo": 60,
	"heatColor": "FFD197",
	"canOverdrive": true,
	"cooldownTime": 120,
	"recoil": 2,
	"minWarmup": 0.8,
	"shootWarmupSpeed": 0.05,
	"warmupMaintainTime": 45,
	"unitSort": "farthest",
	"shoot": {
		"shots": 4,
		"shotDelay": 2
	},
	"drawer": {
		"type": "DrawTurret",
		"parts": [
			{
				"type": "RegionPart",
				"mirror": false,
				"under": true,
				"suffix": "-前",
				"moveY": -8
			},
			{
				"type": "RegionPart",
				"mirror": true,
				"under": false,
				"x": 8,
				"suffix": "-侧",
				"moveX": 1,
				"moveRot": -16,
				"moves": [
					{
						"progress": "recoil",
						"y": -1.5
					}
				],
				"children": [
					{
						"type": "RegionPart",
						"mirror": true,
						"under": true,
						"suffix": "-后",
						"progress": "recoil",
						"moveY": -2
					}
				]
			}
		]
	},
	"ammoPerShot": 3,
	"ammoUseEffect": "none",
	"shootSound": "cannon",
	"targetGround": true,
	"targetAir": true,
	"shootY": 6,
	"xRand": 8,
	"minRange": 240,
	"coolantMultiplier": 0.5,
	"liquidCapacity": 80,
	"consumes": {
		"power": 40,
		"coolant": {
			"amount": 1,
			"optional": true
		}
	},
	"inaccuracy": 20,
	"shootCone": 3,
	"shake": 1,
	"rotateSpeed": 2,
	"velocityRnd": 0.05,
	"ammoTypes": {
		"硅钢": {
			"type": "MissileBulletType",
			"reloadMultiplier": 1.3,
			"width": 10,
			"height": 55,
			"sprite": "饱和火力-导弹",
			"speed": 15,
			"weaveMag": 2,
			"weaveScale": 3,
			"lifetime": 40,
			"homingDelay": 10,
			"homingPower": 0.08,
			"homingRange": 80,
			"ammoMultiplier": 2,
			"status": "unmoving",
			"statusDuration": 9,
			"trailLength": 8,
			"trailWidth": 3,
			"trailColor": "7595D2FF",
			"shrinkY": 0,
			"shrinkX": 0,
			"backColor": "7595D2FF",
			"frontColor": "7595D2FF",
			"hitShake": 3,
			"hitEffect": {
				"type": "MultiEffect",
				"effects": [
					{
						"type": "ParticleEffect",
						"particles": 3,
						"sizeFrom": 8,
						"sizeTo": 0,
						"length": 18,
						"baseLength": 20,
						"lifetime": 25,
						"colorFrom": "FFFFFF80",
						"colorTo": "7595D2FF"
					},
					{
						"type": "WaveEffect",
						"lifetime": 15,
						"sizeFrom": 1,
						"sizeTo": 30,
						"strokeFrom": 3,
						"strokeTo": 0,
						"colorFrom": "FFFFFF",
						"colorTo": "FFFFFF"
					}
				]
			},
			"hitSound": "explosion",
			"despawnEffect": "none",
			"shootEffect": "none",
			"smokeEffect": {
				"type": "ParticleEffect",
				"particles": 5,
				"sizeFrom": 4,
				"sizeTo": 0,
				"length": 45,
				"baseLength": 0,
				"lifetime": 25,
				"colorFrom": "7595D2",
				"colorTo": "FFFFFF",
				"cone": 30
			},
			"damage": 15,
			"splashDamageRadius": 30,
			"splashDamage": 32,
			"lightningDamage": 9,
			"lightning": 2,
			"lightningLength": 3,
			"lightningColor": "7595D2"
		},
		"surge-alloy": {
			"type": "MissileBulletType",
			"width": 12,
			"height": 60,
			"sprite": "饱和火力-导弹",
			"speed": 15,
			"weaveMag": 2,
			"weaveScale": 3,
			"lifetime": 40,
			"homingDelay": 10,
			"homingPower": 0.08,
			"homingRange": 80,
			"ammoMultiplier": 3,
			"trailLength": 11,
			"trailWidth": 3,
			"trailColor": "FEEBB3",
			"shrinkY": 0,
			"shrinkX": 0,
			"backColor": "FEEBB3",
			"frontColor": "FEEBB3",
			"hitShake": 4,
			"hitEffect": {
				"type": "MultiEffect",
				"effects": [
					{
						"type": "ParticleEffect",
						"particles": 3,
						"sizeFrom": 11,
						"sizeTo": 0,
						"length": 38,
						"baseLength": 20,
						"lifetime": 25,
						"colorFrom": "FFFFFF80",
						"colorTo": "FEEBB3"
					},
					{
						"type": "WaveEffect",
						"lifetime": 15,
						"sizeFrom": 1,
						"sizeTo": 48,
						"strokeFrom": 3,
						"strokeTo": 0,
						"colorFrom": "FFFFFF",
						"colorTo": "FFFFFF"
					}
				]
			},
			"hitSound": "explosion",
			"despawnEffect": "none",
			"shootEffect": "none",
			"smokeEffect": {
				"type": "ParticleEffect",
				"particles": 5,
				"sizeFrom": 4,
				"sizeTo": 0,
				"length": 45,
				"baseLength": 0,
				"lifetime": 25,
				"colorFrom": "FEEBB3",
				"colorTo": "FFFFFF",
				"cone": 30
			},
			"damage": 36,
			"lightningDamage": 24,
			"lightning": 2,
			"lightningLength": 9,
			"lightningLengthRand": 4,
			"splashDamageRadius": 50,
			"splashDamage": 76
		},
		"集束": {
			"type": "MissileBulletType",
			"width": 13,
			"height": 60,
			"sprite": "饱和火力-导弹",
			"backColor": "D85555FF",
			"frontColor": "FE7777FF",
			"speed": 13,
			"weaveMag": 2,
			"weaveScale": 3,
			"lifetime": 46.15,
			"homingDelay": 10,
			"homingPower": 0.08,
			"homingRange": 80,
			"ammoMultiplier": 6,
			"status": "blasted",
			"trailLength": 13,
			"trailWidth": 3,
			"trailColor": "FE7777FF",
			"shrinkY": 0,
			"shrinkX": 0,
			"hitShake": 5,
			"hitEffect": {
				"type": "MultiEffect",
				"effects": [
					{
						"type": "ParticleEffect",
						"particles": 4,
						"sizeFrom": 8,
						"sizeTo": 0,
						"length": 38,
						"baseLength": 20,
						"lifetime": 25,
						"colorFrom": "D8555580",
						"colorTo": "FE7777FF"
					},
					{
						"type": "WaveEffect",
						"lifetime": 15,
						"sizeFrom": 1,
						"sizeTo": 55,
						"strokeFrom": 3,
						"strokeTo": 0,
						"colorFrom": "FFFFFF",
						"colorTo": "FFFFFF"
					}
				]
			},
			"hitSound": "explosion",
			"despawnEffect": "none",
			"shootEffect": "none",
			"smokeEffect": {
				"type": "ParticleEffect",
				"particles": 5,
				"sizeFrom": 4,
				"sizeTo": 0,
				"length": 45,
				"baseLength": 0,
				"lifetime": 25,
				"colorFrom": "FE7777FF",
				"colorTo": "FFFFFF",
				"cone": 30
			},
			"damage": 28,
			"splashDamageRadius": 60,
			"splashDamage": 45,
			"fragLifeMin": 0.3,
			"fragBullets": 5,
			"fragBullet": {
				"despawnEffect": "flakExplosionBig",
				"scaledSplashDamage": true,
				"status": "blasted",
				"width": 8,
				"height": 9,
				"backColor": "D85555FF",
				"frontColor": "FE7777FF",
				"damage": 8,
				"splashDamageRadius": 48,
				"splashDamage": 65,
				"lifetime": 20,
				"speed": 1.5
			}
		},
		"裂位能": {
			"type": "MissileBulletType",
			"inaccuracy": 20,
			"width": 10,
			"height": 66,
			"sprite": "饱和火力-导弹",
			"homingDelay": 8,
			"homingPower": 0.24,
			"homingRange": 120,
			"speed": 33,
			"rangeChange": 160,
			"weaveMag": 2,
			"weaveScale": 2,
			"lifetime": 23,
			"knockback": 8,
			"hittable": false,
			"absorbable": false,
			"pierceArmor": true,
			"ammoMultiplier": 3,
			"status": "崩溃",
			"statusDuration": 60,
			"trailLength": 10,
			"trailWidth": 2,
			"trailColor": "EEC591",
			"shrinkY": 0,
			"shrinkX": 0,
			"backColor": "EEC591",
			"frontColor": "EEC591",
			"hitEffect": "instHit",
			"despawnEffect": "instBomb",
			"hitSound": "laser",
			"shootEffect": "none",
			"smokeEffect": {
				"type": "ParticleEffect",
				"particles": 5,
				"sizeFrom": 4,
				"sizeTo": 0,
				"length": 45,
				"baseLength": 0,
				"lifetime": 25,
				"colorFrom": "EEC591",
				"colorTo": "FFFFFF",
				"cone": 30
			},
			"hitShake": 3,
			"damage": 30,
			"splashDamageRadius": 45,
			"splashDamage": 36,
			"fragBullets": 2,
			"fragRandomSpread": 30,
			"fragBullet": {
				"type": "PointBulletType",
				"hitEffect": "instBomb",
				"hitSound": "none",
				"trailSpacing": 99,
				"trailEffect": "none",
				"despawnEffect": "none",
				"splashDamageRadius": 45,
				"splashDamage": 55,
				"speed": 50,
				"lifetime": 1,
				"fragBullets": 2,
				"fragRandomSpread": 30,
				"fragBullet": {
					"type": "PointBulletType",
					"hitEffect": "instBomb",
					"hitSound": "none",
					"trailSpacing": 99,
					"trailEffect": "none",
					"despawnEffect": "none",
					"splashDamageRadius": 45,
					"splashDamage": 34,
					"speed": 50,
					"lifetime": 1
				}
			}
		},
		"纳米核": {
			"type": "BasicBulletType",
			"width": 10,
			"height": 50,
			"sprite": "饱和火力-导弹",
			"speed": 15,
			"weaveMag": 2,
			"weaveScale": 3,
			"lifetime": 40,
			"scaleLife": true,
			"ammoMultiplier": 15,
			"status": "干扰",
			"statusDuration": 10,
			"trailLength": 8,
			"trailWidth": 3,
			"trailColor": "76D081",
			"shrinkY": 0,
			"shrinkX": 0,
			"backColor": "76D081",
			"frontColor": "76D081",
			"hitEffect": {
				"type": "MultiEffect",
				"effects": [
					{
						"type": "ParticleEffect",
						"particles": 3,
						"sizeFrom": 8,
						"sizeTo": 0,
						"length": 18,
						"baseLength": 20,
						"lifetime": 25,
						"colorFrom": "76D08180",
						"colorTo": "76D081"
					},
					{
						"type": "WaveEffect",
						"lifetime": 15,
						"sizeFrom": 1,
						"sizeTo": 35,
						"strokeFrom": 3,
						"strokeTo": 0,
						"colorFrom": "FFFFFF",
						"colorTo": "FFFFFF"
					}
				]
			},
			"hitSound": "none",
			"despawnEffect": "none",
			"shootEffect": "none",
			"smokeEffect": {
				"type": "ParticleEffect",
				"particles": 5,
				"sizeFrom": 4,
				"sizeTo": 0,
				"length": 45,
				"baseLength": 0,
				"lifetime": 25,
				"colorFrom": "76D081",
				"colorTo": "FFFFFF",
				"cone": 30
			},
			"damage": 1,
			"collidesTeam": true,
			"healPercent": 2,
			"splashDamageRadius": 35,
			"splashDamage": 8,
			"fragBullets": 1,
			"fragBullet": {
				"type": "EmpBulletType",
				"timeIncrease": 1.75,
				"collides": false,
				"instantDisappear": true,
				"status": "拆解",
				"statusDuration": 300,
				"splashDamageRadius": 100,
				"range": 100,
				"splashDamage": 3,
				"width": 0,
				"height": 0,
				"damage": 1,
				"backColor": "76D081",
				"frontColor": "FFFFFF",
				"speed": 1,
				"hitSound": "plasmaboom",
				"hitEffect": {
					"type": "WrapEffect",
					"effect": "dynamicSpikes",
					"color": "76D081",
					"rotation": 100
				},
				"despawnEffect": {
					"type": "ParticleEffect",
					"particles": 15,
					"sizeFrom": 1.3,
					"sizeTo": 0,
					"length": 100,
					"baseLength": 8,
					"lifetime": 100,
					"interp": "fastSlow",
					"sizeInterp": "pow3In",
					"colorFrom": "76D081",
					"colorTo": "76D081"
				}
			}
		},
		"泰勒合金": {
			"type": "MissileBulletType",
			"width": 14,
			"height": 68,
			"sprite": "饱和火力-导弹",
			"rangeChange": 160,
			"speed": 16,
			"weaveMag": 2,
			"weaveScale": 3,
			"lifetime": 47.5,
			"homingDelay": 10,
			"homingPower": 0.08,
			"homingRange": 80,
			"ammoMultiplier": 4,
			"trailLength": 13,
			"trailWidth": 3,
			"trailColor": "BFFFDB",
			"shrinkY": 0,
			"shrinkX": 0,
			"backColor": "BFFFDB",
			"frontColor": "BFFFDB",
			"hitEffect": {
				"type": "MultiEffect",
				"effects": [
					{
						"type": "ParticleEffect",
						"particles": 5,
						"sizeFrom": 11,
						"sizeTo": 0,
						"length": 48,
						"baseLength": 20,
						"lifetime": 25,
						"colorFrom": "FFFFFF80",
						"colorTo": "BFFFDB"
					},
					{
						"type": "WaveEffect",
						"lifetime": 15,
						"sizeFrom": 1,
						"sizeTo": 70,
						"strokeFrom": 3,
						"strokeTo": 0,
						"colorFrom": "FFFFFF",
						"colorTo": "FFFFFF"
					}
				]
			},
			"hitSound": "plasmaboom",
			"hitShake": 5,
			"despawnEffect": "none",
			"shootEffect": "none",
			"smokeEffect": {
				"type": "ParticleEffect",
				"particles": 5,
				"sizeFrom": 4,
				"sizeTo": 0,
				"length": 45,
				"baseLength": 0,
				"lifetime": 25,
				"colorFrom": "BFFFDB",
				"colorTo": "FFFFFF",
				"cone": 30
			},
			"damage": 10,
			"status": "干扰",
			"statusDuration": 30,
			"splashDamageRadius": 69.6,
			"splashDamage": 94,
			"lightningDamage": 42,
			"lightning": 4,
			"lightningLength": 5,
			"lightningLengthRand": 8,
			"lightningColor": "BFFFDB"
		}
	},
	"requirements": [
		"thorium/580",
		"graphite/300",
		"硅钢/500",
		"泰勒合金/125",
		"二级协议/1"
	],
	"researchCostMultiplier": 0.4,
	"category": "turret",
	"research": {
		"parent": "雷阵雨",
		"objectives": [
			{
				"type": "OnSector",
				"preset": "第五战区"
			}
		]
	}
}