{
    "type": "NuclearReactor",
    "name": "核反应堆",
    "description": "大型钍反应堆，需要大量冷冻液。",
    "health":300,
	"size":5,
	"lightColor":"7f19ea"
	"coolColor":"ffffff00"
	"hotColor":"ff9575a3"
	"flashThreshold":0.46
	"coolantPower":0.5
	"explosionRadius":100
	"explosionDamage":50000
	"heating":0.01
	"hasPower": true,
	"hasLiquid": true,
	"itemCapacity":200
	"liquidCapacity":60
	"itemDuration": 120
	"hasItems":	true
    "hasLiquids":	true
    "rebuildable":	false
"liquidCapacity":100 ,
	"powerProduction": 100,
	"consumes": {
"liquid": {"liquid":"cryofluid","amount":0.2,"booster":false}
		"items": {
			"items": [
				{ "item": "thorium", "amount": 2 }
			]
		}
	},

    "requirements": [
	    {"item": "铅板", "amount":125 } 
		{"item": "silicon", "amount":200 }
		{"item": "metaglass", "amount":175 }
		{"item": "thorium", "amount":100 }
		{"item": "surge-alloy", "amount":50 }
		
	],
	"category": "power",
	"research": "impact-reactor"
}