{
	"name": "天煞级单位重构工厂",
	"description": "将输入的单位升级到第六级\n
	【已研究：王座升级，日蚀升级，死星升级】",
	"type": "Reconstructor",
	"health":5420,
	"size": 9,
	"itemCapacity":5000,
	"liquidCapacity":500,
	"constructTime":30000,
	"consumes": {
		"power": 2.5,
"liquid": {"liquid":"润滑油","amount":0.5,"booster":false}
		"items": {
			"items": [
                { "item": "silicon", "amount": 2500 }
				{ "item": "plastanium", "amount": 2000 }
				{ "item": "phase-fabric", "amount": 2000 }
				{ "item": "surge-alloy", "amount": 1500 }
				{ "item": "德伊曼闪电合金", "amount": 500 }
			]
		}
	},
		"upgrades":[
		["reign","j-根除者"],
        ["eclipse","o-死神"],
		["corvus","星蚀"],
		["toxopid","蝎神"],
		["oct","城堡"],
    ],
	"requirements": [
  "铅板/2000"
  "thorium/3500"
  "硅板/2000"
  "plastanium/2500"
  "phase-fabric/2000"
  "surge-alloy/2000"
]
"category": "units"
"research": "tetrative-reconstructor"
"alwaysUnlocked": true,
  }