{
	"type": "flying",
	"name": "衡仪",
	"description": "特种单位，能够自动协助建造，没有自卫手段",
	"flying": true,
	"health": 450,
	"outlineColor": "252525FF",
	"speed": 3.5,
	"accel": 0.056,
	"drag": 0.044,
	"hitSize": 6,
	"armor": 3,
	"controller": "BuilderAI",
	"buildSpeed": 1.8,
	"research": "单位重构厂",
	"weapons": [
		{
			"name": "衡仪1",
			"type": "BuildWeapon",
			"x": 0,
			"y": 0,
			"rotate": false,
			"mirror": false,
			"under": false,
			"parts": [
				{
					"type": "RegionPart",
					"y": 0,
					"mirror": true,
					"suffix": "-侧",
					"under": true,
					"moveY": -2,
					"moveX": 1,
					"moveRot": 0,
					"progress": "warmup"
				}
			]
		}
	]
}