{
	"type":"UnitFactory",
	"name":"气动钻头生产工厂",
	"description":"生产强大的气动钻头。",
    "health":360
	"size":2
	"consumes":{
		"power":2,
		"liquids":{
		    "liquids":[
		        {"liquid": "water", "amount": 0.1 }
		    ]
		}
	},
	"plans":[
		{ "unit": "气动钻头飞行形态", "time": 1800,
    	"requirements": [
       		{ "item": "graphite", "amount": 20},
       		{ "item": "钻头核心", "amount": 1}
       		{ "item": "copper", "amount": 36},
            ]
        },
    ],
	"requirements": [
    	"graphite/120",
    	"silicon/80",
	],
	"category":"units",
	"buildVisibility":"shown",
	"research":"钻头核心",
	"researchCostMultiplier": 0.1
}