{
	"name": "一号营地",
	"description": "非常空旷的地方，物资丰富",
	"loadout": "basicFoundation",
    "startingItems": [
    	{"item": "copper", "amount": 600},
    	{"item": "lead", "amount": 500},
    	{"item": "graphite", "amount": 100},
    	],
    "conditionWave": 10,
    "launchPeriod": 10,
    "requirements": [
    	{
    		"type": "ZoneWave",
    		"zone": "frozenForest", 
    		"wave": 15
    	}
    	],
    "resources": ["copper", "lead","sand","coal","titanium","thorium","稀土"]
}
