{
	"type":"ItemTurret",
	"name":"赤火"
    "description":"对敌人发射炮弹",
	"size":2,
	"health":200
	"range":200
	"reload":35
	"inaccuracy":1
	"maxAmmo":100
	"targetAir":true
	"targetGround":true,
	"shootSound":"shoot"
	"consumes": {
	"coolant":{
            "amount":0.2
            "optional":true,
            "booster":true
        }
	}
	"ammoTypes":{
        "copper":{
			"type":"BasicBulletType",
	        "smokeEffect":"shootSmallSmoke"
	        "shootEffect":"shootSmall"
			"width":10,
			"height":10,
			"speed":5
			"damage":30
			"ammoMultiplier":2,
				"reloadMultiplier":1.8//开火速度
			"inaccuracy":1,
			"hitSize":2,
			"collidesTiles":true,
			"collidesGround":true,
			"collidesTeam":false,
			"collidesAir":true,
			"collides":true,
			"keepVelocity":true
			"lifetime":80,
			}
        "赤铁":{
			"type":"BasicBulletType",
	        "smokeEffect":"shootSmallSmoke"
	        "shootEffect":"shootSmall"
			"width":10,
			"height":10,
			"speed":5,
			"damage":50
			"ammoMultiplier":2,
			"inaccuracy":1,
			"hitSize":2,
			"collidesTiles":true,
				"reloadMultiplier":2.6//开火速度
			"collidesGround":true,
			"collidesTeam":false,
			"collidesAir":true,
			"collides":true,
			"keepVelocity":true,
			"lifetime":80
			}
	}
	"requirements": [
		{ "item":"赤铁","amount":10}
		{ "item":"copper","amount":20}
	],
	"category": "turret",
	"research":"炮塔"
}