{
	"name": "硅钢墙",//名字
	"description": "生命值较高，可以阻挡激光",//介绍
	"type": "Wall",//类型
	"health":750,//血量
	"size":1,//边长
	"requirements": [
					{ "item": "硅合金钢", "amount":6}//造价
						{ "item": "titanium", "amount":6}//造价
	],
	"category": "defense",//不能改
	"research": "plastanium-wall-large"//科技树位置
"absorbLasers":true,//吸收激光（塑钢墙同款）
"deflect": false,//反弹子弹
"chanceDeflect":0,//反弹概率（1=1%）
"lightningChance":0//放电概率（1=100%）
}