{
	"name":"深井钻头II型"
	"type":"Separator"
	"description": "通过深度挖掘来开凿地下深处的矿物。\n\n[orange][全位算体深井钻头]",
	"itemCapacity":40,
	"health":240,
	"size":2
	"hasPower": false
	"hasItems": true,
	"craftTime":42,
		"craftEffect":"smeltsmoke",
        	"drawer":{
        "type":"DrawMulti",
        "drawers":[
        "DrawDefault",
        {
        "type":"DrawRegion",
        "suffix":"-rotate",
        "rotateSpeed":2
        },
        {
        "type":"DrawRegion",
        "suffix":"-top",
        "rotateSpeed":0
        },
            ]
    },
	"consumes": {
	}
	"results": [
	{"item": "sand", "amount": 9},
	{"item": "scrap", "amount": 3},
	{"item": "copper", "amount": 6},
	{"item": "lead", "amount": 6},
	{"item": "coal", "amount": 3},
	],
	"requirements": [
		{ "item": "copper", "amount": 80 },
		{"item": "lead", "amount": 65},
	],
	"category": "production",
	"buildVisibility":"campaignOnly"
	/*"research": {
	"parent":"BA1s超位算体"
	"objectives": [
	{
				"type": "OnSector",
				"preset": "超限工艺-facility32m"
			}
	]
	}*/
}