{
	"type": "GenericCrafter",
	"name": "废料转化器",
	"description": "把废料转化成煤。",
	"details": "",
	"liquidCapacity": 20,
	"outputItem": {"item": "coal", "amount": 2 },
	"size": 2,
	"hasPower": true,
	"hasLiquids": false,
	"hasItems": true,
	"craftTime": 72,
	"consumes": {
	    "power": 0.93,
	    "items": {
        "items": [
        { "item": "scrap", "amount": 4 }
        ]
	},
},
				"requirements": [
		{ "item": "silicon", "amount": 30 },
		{ "item": "钛板", "amount": 60 },
		{ "item": "graphite", "amount": 50 }
	],
	"category": "crafting",
	"alwaysUnlocked": true,
	"research": "沙子分拣器"
	"craftEffect":"formsmoke"
	"updateEffect":"smeltsmoke"
	"updateEffectChance":0.04
	"drawer":[
	    {
	        "type":"DrawDefault"
	    },
	    {
	        "type": "DrawMulti"
	    },
	    {
            "type": "DrawFlame",
            "flameColor": "BF9A86FF"
	    }
	]
}
