{
    "type": "GenericCrafter",
    "description": "它可以和粉碎机组成永动机，这不是bug。",
	"name": "沙粒离心机",
	"requirements": [
	    {
	        "item": "copper",
	        "amount": 35
	    },
	    {
	        "item": "lead",
	        "amount": 30
	    },
	    {
	        "item": "方解石",
	        "amount": 15
	    }
	],
	"health": 40,
	"outputItem": {
		"item": "scrap", "amount":2
		},
	"itemCapacity": 10,
	"size": 1,
	"hasPower": true,
	"hasLiquid": false,
	"hasItems": true,
	"craftTime": 50,
	"consumes": {
        "power": 0.1,
	    "items": {
        "items": [
        { "item": "sand", "amount": 1 }
        ]
	}
},
	"category": "crafting",
	"research": "pulverizer",
	"conductivePower": true,
	"drawer":[
	    {
	        "type":"DrawDefault"
	    },
	    {
	        "type":"DrawRegion",
	        "suffix": "-转",
	        "spinSprite": true,
	        "rotateSpeed": 20
	    },
	    {
	        "type":"DrawRegion",
	        "suffix": "-top"
	    }
	],
	"ambientSound": "grinding",
	"ambientSoundVolume": "0.025",
	"updateEffect": "pulverizeSmall",
	"craftEffect": "none"
}