{
	"type": "OverflowDuct",//类型,溢流门
	"invert":true,//反向
	"category": "distribution",//菜单栏
	"name": "反向管道溢流门",//名字
	"description": "优先向侧面输入物品",//介绍

	"research": "dc-01管道溢流门"//科技树前置
	"requirements": [//建造消耗
	"铁/10"],

	"size":1,//平方大小
	"health":500//血量
	"regionRotated":1,//区域旋转
	"solid":false,//实体
	"underBullets":true,//子弹下面
	"speed": 3,//运输速度＝60÷speed
	"itemCapacity":1,//物品容量
	"displayedSpeed":20,//显示速度
}