{//by Cassius
  "type":"flying",
  "name":"埃诺德",
  "description":"一级核心机，守卫量子实验仓。装备齐全且全副武装，拥有修复场，发射穿透性冲击弹。",
  "details":"[red]单位代号--核心机L.1"
  "flying":true,
  "health":4000,
  "armor":16,
  "hitSize":28,
  "rotateSpeed":8,
  "speed":4.2666667,
  "accel":0.1,//加速度
  "drag":0.05,//类似惯性
  "ammoType":"thorium",
  "ammoCapacity":120,
  "itemCapacity":150,
  "buildSpeed":4,
  "buildRange":320,
  "buildBeamOffset":10,//光束抵消？
  "range":256,
  "engines":[
    {
      "x":0,
      "y":-14
      "radius":4,
      "rotation":0
    }
  ],
  "engineOffset":8,
  "engineSize":8,
  "lightRadius":32,
  "fogRadius":32,
  "abilities":[
    {
      "type":"RepairFieldAbility",
      "amount":150,
      "reload":60,
      "range":112,
      "effect":{
        "type":"waveEffect",
        "lifetime":30,
        "colorFrom":"97ffA8",
        "colorTo":"97ffA8",
        "sizeFrom":0,
        "sizeTo":112,
        "storkeFrom":8,
        "storkeTo":0
      }
    }
  ],
  "weapons":[
    {
      "name":"埃诺德1",
      "x":0,
      "y":0,
      "shootX":0,
      "shootY":8,
      "recoil":2,
      "reload":6,
      "top":false,
      "rotate":false,
      "inaccuracy":2,
      "shootSound":"laser",
      "bullet":{
        "damage":25,
        "splashDamage":15,
        "splashDamageRadius":24,
        "knockback":3,
        "buildingDamageMultiplier":0.2,
        "picrceCap":2,
        "shootEffect":{
          "type":"ParticleEffect",
          "particles":4,
          "baseLength":8,
          "length":32,
          "spin":3,
          "region":"量子技艺-三角形",
          "lifetime":30,
          "sizeFrom":12,
          "sozeTo":0,
          "colorFrom":"007BFF",
          "colorTo":"BFFFDB"
        },
        "lifetime":16,
        "speed":16,
        "width":8,
        "heigth":10,
        "backColor":"000fffc",
        "frontColor":"000fffc",
        "trailColor":"000fffc",
        "trailWidth":3,
        "trailLength":8,
        "homingRange":80,
        "homingPower":0.1,
        "homingDelay":15,
        "hitSound":"plasmaboom",
        "hitEffect":{
          "type":"waveEffect",
          "lifetime":30,
          "colorFrom":"000fffc",
          "colorTo":"000ffcc",
          "sizeFrom":0,
          "sizeTo":80,
          "strokeFrom":4,
          "strokeTo":0
        },
        "fragbullets":4,
        "fragRandomSpread":15,
        "fragBullet":{
          "damage":15,
          "buildingDamageMultiplier":0.2,
          "picrceCap":4,
          "lifetime":8,
          "speed":8,
          "width":4,
          "heigth":6,
          "backColor":"000fffc",
          "frontColor":"000fffc",
          "trailColor":"000fffc",
          "trailWidth":2,
          "trailLength":4
        }
      }
    }
  ],
  "research":"copper",
  "alwaysUnclocked":true
}