{
    "type":"CellLiquid",
	"name":"污水",
	"description":"没有任何用处，除非过滤后。\n可以正常存储，但遇到含水建筑会使其损坏甚至完全破坏。",
	"color":"5E4892FF",
	"barColor":"5E4892FF",
	"lightColor":"67539BFF",
	"colorFrom":"67539BFF",
	"colorTo":"5E4892FF"
	"gas":false,
	//是否是气体
	"moveThroughBlocks":true,
	//能否在建筑上蔓延
	"spreadTarget":"water",
	//可以通过水传播
	"blockReactive":false,
	//建筑阻拦
	"flammability":0,
	//燃烧性
	"temperature":0.56,
	//液体温度
	"heatCapacity":0.15,
	//比热容
	"viscosity":0.62,
	//粘稠度
	"explosiveness":0
	//爆炸性
	"boilPoint":0.5
	//沸点
	//"effect":"corroded"
	//单位碰到后的状态
}