{
	"type": "UnitFactory",//类型
	"category":"units",//菜单栏
	"name": "机甲制造厂",//名字
	"description": "生产机甲单位，输出单位可以直接投入战场或再次升级",//介绍

	"research": {
	"parent": "acaa前哨核心"//科技树前置
	"requirements": [
	"graphite/360",
	"silicon/300"//研究花费
	"铁/300",

	]	

	"objectives": [
//		"",//研究xx
		{"type": "OnSector",//进入地图
		"preset": "一下一个"},
		]
		}

	"requirements": [
	"graphite/120",
	"silicon/100"//建造消耗
	"铁/100",

	],

	"consumes":{"power":3},//耗电量帧

	"health":1360,//血量
	"size":3,//大小

	"plans":[
		{ "unit": "fbaa立案", 
		"time": 1200, //制造时间帧
		"requirements": [
		"graphite/30",
		"silicon/30"//制造材料
		"铁/30",
	
		]	}
			{ "unit": "fbba修缮", 
		"time": 1200, //制造时间帧
		"requirements": [
		"graphite/40",
		"silicon/30"//制造材料
		"铁/20",
	
		]	}
	]
}