{
	"type": "UnitFactory",//类型
	"category":"units",//菜单栏
	"name": "坦克制造厂",//名字
	"description": "生产坦克单位，输出单位可以直接投入战场或再次升级",//介绍

	"research": {
	"parent": "aiab机甲制造厂"//科技树前置
	"requirements": [
	"graphite/300",
	"silicon/300"//研究花费
	"铁/300",
	"镍/300",
	
	]	
	"objectives": [
//		"",//研究xx
		{"type": "OnSector",//进入地图
		"preset": "砾石峡谷"},
		] },

	"requirements": [
	"graphite/100",
	"silicon/100"//建造消耗
	"铁/100",
	"镍/100",

	],

	"consumes":{"power":3},//耗电量帧

	"health":1480,//血量
	"size":3,//大小

	"plans":[
		{ "unit": "fdaa行步", 
		"time": 1200, //制造时间帧
		"requirements": [
		"graphite/40",
		"silicon/40"//制造材料
		"镍/30",
	
		]	}	]
}