{
	"type": "UnitFactory",//类型
	"category":"units",//菜单栏
	"name": "飞机制造厂",//名字
	"description": "生产轰炸机单位，输出单位可以直接投入战场或再次升级",//介绍

	"research": {
	"parent": "aiaf飞船制造厂"//科技树前置
	"objectives": [
//		"",//研究xx
		{"type": "OnSector",//进入地图
		"preset": "被诅咒的冻土"},
		] },

	"requirements": [
	"silicon/90"//建造消耗
	"铁/90",
	"锡/120",
	"铝/120",

	],

	"consumes":{"power":3},//耗电量帧

	"health":1680,//血量
	"size":3,//大小

	"plans":[
		{ "unit": "feaa天光", 
		"time": 1200, //制造时间帧
		"requirements": [
		"silicon/40",
		"锡/30"//制造材料
		"铝/25",
	
		]	}	]
}