{
	"type": "UnitFactory",//类型
	"category":"units",//菜单栏
	"name": "飞船制造厂",//名字
	"description": "生产飞船单位，输出单位可以直接投入战场或再次升级",//介绍

	"research": {
	"parent": "aiab机甲制造厂"//科技树前置
	"requirements": [
	"silicon/400"//研究花费
	"铁/300",
	"镍/400",
    "锡/300"

	]	
	"objectives": [
//		"",//研究xx
		{"type": "OnSector",//进入地图
		"preset": "一下一个"},
		] },

	"requirements": [
	"silicon/100"//建造消耗
	"铁/75",
	"镍/100",
    "锡/75"

	],

	"consumes":{"power":3},//耗电量帧

	"health":1480,//血量
	"size":3,//大小

	"plans":[
		{ "unit": "ffaa移云", 
		"time": 1200, //制造时间帧
		"requirements": [//制造材料
		"铁/40",
		"graphite/20",
		"silicon/20"
		]	}	]
}