{
	"type": "UnitFactory",//类型
	"category":"units",//菜单栏
	"name": "增幅者制造厂",//名字
	"description": "生产增幅者投入战场",//介绍

	"research": {
	"parent": "acaa前哨核心"//科技树前置
	"requirements": [
	"graphite/2400",//建造花费
	"silicon/3400",//建造花费
	"镍/2000"
	"锡/1500",
	"钢/1500",//建造花费

	]	

	"objectives": [
//		"",//研究xx
		{"type": "OnSector",//进入地图
		"preset": "砾石峡谷"},
		] },

	"requirements": [
	"graphite/240",//建造花费
	"silicon/340",//建造花费
	"镍/200"
	"锡/150",
	"钢/150",//建造花费

	],

	"consumes":{"power":16},//耗电量帧

	"health":1960,//血量
	"size":3,//大小

	"plans":[
		{ "unit": "fcza生命增幅者", 
		"time": 2400, //制造时间帧
		"requirements": [
		"graphite/40",
		"silicon/40",
		"铁/40"
	    "锡/40"
		]	}
			{ "unit": "fczb力量增幅者", 
		"time": 2400, //制造时间帧
		"requirements": [
		"graphite/40",
		"silicon/40",
		"铁/40"
	    "锡/40"
		]	}
			{ "unit": "fczc速度增幅者", 
		"time": 2400, //制造时间帧
		"requirements": [
		"graphite/80",
		"silicon/80",
		"铁/60"
	    "锡/60"
		]	}
	]
}