{
	"type": "UnitFactory",//类型
	"category":"units",//菜单栏
	"name": "特种制造厂",//名字
	"description": "生产特种单位投入战场",//介绍

	"research": {
	"parent": "aiaz增幅者制造厂"//科技树前置
	"requirements": [
	"graphite/2000",//建造花费
	"silicon/2400",//建造花费
	"镍/1600"
	"锡/1500",
	"碳锡/1500",//建造花费
	"海棱晶/1500",

	]	

	"objectives": [
//		"",//研究xx
		{"type": "OnSector",//进入地图
		"preset": "乌托邦"},
		] },

	"requirements": [
"graphite/200",//建造花费
	"silicon/240",//建造花费
	"镍/160"
	"锡/150",
	"碳锡/150",//建造花费
	"海棱晶/150",

	],

	"consumes":{"power":16},//耗电量帧

	"health":1960,//血量
	"size":7,//大小

	"plans":[
		{ "unit": "fzaa稳固", 
		"time": 2400, //制造时间帧
		"requirements": [
		"graphite/160",
		"silicon/160",
		"铁/400"
	    "锡/400"
	    "相织能/10"
		]	}
			{ "unit": "fzab弧流", 
		"time": 2400, //制造时间帧
		"requirements": [
		"graphite/320",
		"镍/200",
		"铁/360"
	    "碳锡/120"
	    "相织能/20"
		]	}
			{ "unit": "fzba空拓", 
		"time": 1200, //制造时间帧
		"requirements": [
		"graphite/120",
		"铁/160",
		"锡/200"
		]	}
	]
}