{
	"type": "MendProjector",
	"health":800,
	"size":3,
	"range":160,
	"reload":120,
	"phaseBoost":10
	"phaseRangeBoost":80
	"useTime":600
	"healPercent":25,
	"consumes": {
		"power":10,
        "items":{
			"items":[
				{"item":"phase-fabric","amount":2}
			],
			"booster":true,
			"optional": true
		}
	},
	"requirements": [
		{ "item": "silicon", "amount":400},
		{ "item": "致密金属块", "amount":120},
		{ "item": "lead", "amount":600},
		{ "item": "copper", "amount":400},
		{ "item": "titanium", "amount":300}
	],
	"category": "effect",
	"research":"mend-projector"
}