{
"name": "City Science 都市科技",
"displayName": "City Science [都市科技]",
"author":"opopi5236",
"description":"

版本发布时间：2023.2.2 18:05

脑叶公司和废墟图书馆世界观同人，以及作者自己想到的东西
PS：单位的json和贴图太难学，还没有做，作者已经吐了
mod内部还有作弊的“无中生有”，谨慎使用，很破坏游戏体验。

1.3.5更新:新增了“无中生有（铜）”，以及蓝图，蓝图是普通的，没有mod方块，只是可以帮你度过前期hhh

1.3.6更新：新增了“无中生有（钍）”和“无中生有（钢化玻璃）”

1.3.7更新:新增了“无中生有（巨浪合金）”

1.3.8更新:新增了“无中生有（相位物）”

1.3.9更新:新增了“妖灵墙”

1.4更新:新增了炮台：“妖灵”

1.4.5更新:新增了L公司的一些物品

1.4.6更新：修复了“脑啡肽提取机”

1.4.7更新:￼修复了：“妖灵”研究所需要的巨量资源

1.4.8更新:新增了发电机“脑啡肽转化机”￼

1.5大更新：新增了T公司：“液态时间提取机”，“液态时间”，￼“TT10超频”。

1.5.1更新:更改mod图标（icon）

1.5.2更新:更改了部分贴图

1.5.3更新:1.修复了“心灵具像化设施”所需的巨量脑啡肽2.新增了“T5源”（作弊物品）

1.5.4大更新增加了K公司物品，暂时只能在沙盒内使用

1.5.5更新:补全所有同人贴图，K公司物品开放使用

1.5.6更新:新增了更多T公司物品

1.5.7更新:新增了“奇点”工艺，1.6版本R公司推迟（因为作者学不会bushi），更换更新内容暂定

1.5.8 aleph更新:新增了W公司的奇点科技：空间展开。  

1.5.8 bata更新：修改科技树，使其变得更加整齐。

1.5.8 bata0.2更新:增加空间传送器

1.5.9更新:增加脑啡肽储电器

1.5.9.2更新:新增加G公司奇点：万有引力

1.6 Aleph更新：适配136，修改了脑啡肽提取机的消耗

1.6 Bata更新：新增无中生有“玻” 和无中生有“石墨”“硅”的新星球版本
以及新星球的聚变堆！新星球的主要mod发电以定为反应堆发电。

1.6 OC更新：修复更新136的问题

1.6.1更新:修复部分问题

1.6.1.1更新：修复贴图问题

1.6.1.2更新:修复部分已知问题

1.6.1.3更新:修复部分bug，增加烟气相关物品

1.6.1.4更新:新增炮台，修复已知bug

1.6.1.5更新:炮台x1

1.6.1.6更新:新增一张原版地图，区块为33，烟气聚合物只在那里有（出问题了，暂且先用作弊搞一些吧（）

1.6.1.7更新：新增重力井，以前用不上的球体终于又有一个新去处了

1.6.1.8更新：新增存储设备，重改科技树

1.6.1.9更新:新增TT10硅厂

1.6.2.0A更新：新增「白夜」

1.6.2.0B更新：新增量子学

至此游戏内出现的奇点科技已完成 4/10(应该是吧？）错了的话去压缩机械群里@我(bug也是），什么？你不知道压缩机械！快去下一个，支持一下creeper。注意，作者不是creeper啊，作者叫“[ALEPH]一无所有”

qq群号：560975318

作者bilibili uid：1850531622
￼
[red]1.7.0.0更新预告：增加R公司单位“Robbot”",
"version":"1.6.2.0-B-Quanta-140"
 minGameVersion:136
}