{
"name":"力量增幅者"
	"description":"为周围友军提供力量提升"
	"type": "flying",
	"health": 5,
	"hitSize": 12,
	"armor": 4,
	"speed": 0,
	"drag": 0.04,
	"accel": 0.08,
	"rotateSpeed": 0,
	"engineOffset": 0,
	"engineSize": 0,
	"trailLength": 0,
	"physics":false,
	"useUnitCap":false,
	"isEnemy":false,
	"targetable":false,
	"hittable":false,
	"weapons": [
	],	
	"abilities": [
		{
			"type": "StatusFieldAbility",
			"duration": 7200,
			"reload":10,
			"range": 48,
			"applyEffect": "none",
			"activeEffect": {
				"type": "WaveEffect",
				"lifetime": 10,
				"sizeFrom": 48,
				"sizeTo": 48,
				"strokeFrom": 4,
				"strokeTo": 0,
				"colorFrom": "E21223FF",
				"colorTo": "E21223FF"
			},
			"effect": "攻击提升"
		},
			{
			"type": "StatusFieldAbility",
			"duration": 1,
			"reload": 1,
			"range": 1,
			"applyEffect": "none",
			"effect": "蜉蝣"
		}
		]
}