{
"name":"力量增幅者"
	"description":"为周围友军提供力量提升"
	"type": "flying",
	"health": 50000,
	"hitSize": 12,
	"armor": 4,
	"speed": 0,
	"drag": 0.04,
	"accel": 0.08,
	"rotateSpeed": 0,
	"engineOffset": 0,
	"engineSize": 0,
	"trailLength": 0,
	"physics":false,
	"useUnitCap":false,
	"isEnemy":false,
	"targetable":false,
	"hittable":false,
	"weapons": [
		{
	"shootStatus": "蜉蝣万倍",
			"shootStatusDuration":9990,
			"x": 0,
			"y":0,
			"reload": 300,
			"mirror": false,
			"shootY": 0,
			"shootCone": 360,
			"baseRotation": 0,
			"cooldownTime": 0,
			"shootSound": "none",
			"shootEffect": "none"
			"despawnEffect":"none"
			"hitEffect": "none"
			"alwaysShooting": true,
			"alwaysContinuous": true,
			"bullet": {
			"width":0,	"height":0,//宽长度
				"damage": 0,
				"lifetime": 0,
				"length": 0,
				"width": 0,
				"recoil": 0,
				"drawFlare": false,
				"shootSound": "none",
			"shootEffect": "none"
			"despawnEffect":"none"
			"hitEffect": "none"
			"smokeEffect": "none",
			}
		},
	],	
		"abilities": [
		{
			"type": "StatusFieldAbility",
			"duration": 7200,
			"reload":1,
			"range": 48,
			"applyEffect": "none",
			"activeEffect": {
				"type": "WaveEffect",
				"lifetime": 10,
				"sizeFrom": 48,
				"sizeTo": 48,
				"strokeFrom": 4,
				"strokeTo": 0,
				"colorFrom": "E21223FF",
				"colorTo": "E21223FF"
			},
			"effect": "攻击提升"
		},
			{
			"type": "StatusFieldAbility",
			"duration": 60,
			"reload": 1,
			"range": 1,
			"applyEffect": "none",
			"effect": "蜉蝣"
		}
		]
}