{
	"type":"missile",
	"controller":"MissileAI",
	"lowAltitude":false,
	"speed":8,	
	"fogRadius":0,
	"rotateSpeed":1,//转头速度
	"lifetime":48,
	"isEnemy":false,
	"allowedInPayloads":false,
	"playerControllable":false,
	"physics":false,
	"useUnitCap":false,
	"createWreck":false,
	"createScorch":false,
	"flying":true,//可以飞行
	"hidden":true,
	"health":2000,//血量
	"hitSize":8,//大小
	"outlineRadius":0,
	"maxRange":15,//最大范围
	"trailColor":"DEEDFFFF",//尾迹颜色
	"trailLength":8,//尾迹长度
	"name":"导弹1",
	"description":"坚固的导弹，命中敌人之前很难被摧毁"

	"engineColor":"8598BFFF",
	"outlineRadius":0,
	"engineSize":1.5,
	"engineOffset":4,
	"engineLayer":110,
	"drawCell":false,
	"maxRange":15,

	"weapons":[
	{"name":"none",
	"shootCone":360,
	"shootOnDeath":true,
	"controllable":true,
	"shootSound":"none",
	"bullet":{
	"type":"ExplosionBulletType",
	"instantDisappear":true,
	"keepVelocity":false,
	"splashDamageRadius":60,
	"splashDamage":240,
	"killShooter":true,

	"hitEffect":{
	"type":"multiEffect",
	"effects":[
	{"type":"WaveEffect",
	"lifetime":30,
	"sizeFrom":0,
	"sizeTo":60,
	"strokeFrom":7.5,
	"strokeTo":0,
	"colorFrom":"8598BFFF",
	"colorTo":"DEEDFFFF"
	},
	{"type":"ParticleEffect",
	"offset":30,
	"particles":12,
	"lifetime":40,
	"length":100,
	"interp":"circleOut",
	"sizeInterp":"pow5In",
	"cone":-360,
	"line":true,
	"strokeFrom":1.5,
	"strokeTo":1.5,
	"lenFrom":5,
	"lenTo":0,
	"lightColor":"DEEDFFFF",
	"colorFrom":"8598BFFF",
	"colorTo":"DEEDFFFF"
	},
	{"type":"ParticleEffect",
	"offset":30,
	"particles":12,
	"lifetime":60,
	"length":50,
	"interp":"circleOut",
	"sizeInterp":"pow5In",
	"cone":-360,
	"line":true,
	"strokeFrom":1.5,
	"strokeTo":1.5,
	"lenFrom":7,
	"lenTo":0,
	"lightColor":"DEEDFFFF",
	"colorFrom":"8598BFFF",
	"colorTo":"DEEDFFFF"
	},
	{"type":"ParticleEffect",
	"particles":7,
	"length":45,
	"lifetime":40,
	"interp":"pow3Out",
	"sizeInterp":"pow5In",
	"offset":30,
	"colorFrom":"787878",
	"colorTo":"787878",
	"sizeFrom":20,
	"sizeTo":0
	}	]	}
	}	}	]
}
