{
"type": "missile",
"template": "MissileUnitType",
"controller": "MissileAI",
"lowAltitude": false,
"speed": 6,
"homingDelay": 25,
"rotateSpeed": 3.6,
"lifetime": 68,
"targetable": false,
"physics": false,
"flying": true,
"hidden": true,
"health": 400,
"hitSize": 4,
"engineColor": "E78F92FF",
"outlineRadius": 0,
"engineSize": 3,
"engineLayer": 110,
"drawCell": false,
"maxRange": 15,
"trailColor": "E78F92FF",
"trailLength": 6,
"parts": [
{
"type": "FlarePart",
"progress": {
"type": "life",
"op": "curve",
"interp": "pow3Out"
},
"color1": "E78F92FF",
"stroke": 5.5,
"radius": 0,
"radiusTo": 45
}
],
"weapons": [
{
"shootCone": 360,
"shootOnDeath": true,
"controllable": true,
"shootSound": "none",
"bullet": {
"killShooter": true,
"hitEffect": {
"type": "multiEffect",
"effects": [
{
"type": "ExplosionEffect",  
"waveColor": "E78F92FF",
"sparkColor": "E78F92FF",
"smokes": 12,
"smokeSize": 4.7,	
"smokeSizeBase": 1.6,
"smokeRad": 46,	
"waveLife": 10,
"waveStroke": 3.1,	
"waveRad": 65,
"waveRadBase": 2.0,
"sparkLen": 5,
"sparks": 12 
}
]
},
"type": "BulletType",
"damage": 30,
"buildingDamageMultiplier": 0.6,
"instantDisappear": true,
"splashDamageRadius": 58,
"splashDamage": 120
}
}
]
}