{
"name":"浮游炮"
    "type":"flying",
  
	"useUnitCap":false,
	"health": 400000,
	"hitSize": 12,
	"armor": 4,
	"speed": 14,
	"drag": 0.04,
	"accel": 0.08,
	"rotateSpeed": 75,
	"engineOffset": 0,
	"engineSize": 0,
	"trailLength": 0,
	"physics":false,
	"useUnitCap":false,
	"isEnemy":false,
	"targetable":false,
	"hittable":false,
	"weapons": [
		{
			"x": 0,
			"reload": 600,
			"mirror": false,
			"shootCone": 360,
			"shootOnDeath": true,
			"shootSound": "none",
			"bullet": {
				"damage": 0,
				"speed": 8,
				"lifetime": 8,
				"collides": false,
				"hittable": false,
				"killShooter": true,
				"incendAmount": 0,
				"incendSpread": 0,
				"splashDamage": 0,
				"splashDamageRadius": 0,
				"instantDisappear": true,
				"shootEffect": "none",
				"hitEffect": "none",
				"despawnEffect": "none"
		},
		}
		{
			"reload": 10,
			"x": 0,
			"y": 0,
			"rotate": false,
			"shootCone": 360,
			"ejectEffect": "none",
			"shootSound": "explosionbig",
			"mirror": false,
			"inaccuracy": 0,
			"alternate": true,
			"top": false,
			"shootOnDeath": true,
			"bullet": {
				"killShooter": true,
				"splashDamageRadius": 48,
				"instantDisappear": true,
				"collides": false,
				"splashDamage": 88,
				"speed": 1,
				"lifetime": 10,
				"hitEffect": "massiveExplosion",
				"despawnEffect": {
					"type": "MultiEffect",
					"effects": [
						{
							"type": "ParticleEffect",
							"particles": 18,
							"sizeFrom": 6,
							"sizeTo": 0,
							"length": 20,
							"baseLength": 3,
							"lifetime": 35,
							"colorFrom": "737373",
							"colorTo": "737373"
						},
						{
							"type": "ParticleEffect",
							"particles": 32,
							"line": true,
							"length": 33,
							"baseLength": 20,
							"lifetime": 22,
							"colorFrom": "FFFFFF",
							"colorTo": "FFE176"
						},
						{
							"type": "WaveEffect",
							"lifetime": 15,
							"sizeFrom": 0,
							"sizeTo": 48,
							"strokeFrom": 4,
							"strokeTo": 0,
							"colorFrom": "FFE176",
							"colorTo": "FFFFFF"
						}
					]
				},
				"width": 0,
				"height": 0
			}
		}
	{
	"shootStatus": "蜉蝣万倍",
			"shootStatusDuration":9990,
			"x": 0,
			"y":0,
			"reload": 300,
			"mirror": false,
			"shootY": 0,
			"shootCone": 360,
			"baseRotation": 0,
			"cooldownTime": 0,
			"shootSound": "none",
			"shootEffect": "none"
			"despawnEffect":"none"
			"hitEffect": "none"
			"alwaysShooting": true,
			"alwaysContinuous": true,
			"bullet": {
			"width":0,	"height":0,//宽长度
				"damage": 0,
				"lifetime": 0,
				"length": 0,
				"width": 0,
				"recoil": 0,
				"drawFlare": false,
				"shootSound": "none",
			"shootEffect": "none"
			"despawnEffect":"none"
			"hitEffect": "none"
			"smokeEffect": "none",
			}
		},

	],

}