{
"name":"浮游炮"
	"useUnitCap":false,
    "type":"flying",
	"health": 400000,
	"hitSize": 12,
	"armor": 4,
	"speed": 14,
	"drag": 0.04,
	"accel": 0.08,
	"rotateSpeed": 75,
	"engineOffset": 0,
	"engineSize": 0,
	"trailLength": 0,
	"physics":false,
	"useUnitCap":false,
	"isEnemy":false,
	"targetable":false,
	"hittable":false,
	"weapons": [
		{
			"x": 0,
			"reload": 600,
			"mirror": false,
			"shootCone": 360,
			"shootOnDeath": true,
			"shootSound": "none",
			"bullet": {
				"damage": 0,
				"speed": 8,
				"lifetime": 8,
				"collides": false,
				"hittable": false,
				"killShooter": true,
				"incendAmount": 0,
				"incendSpread": 0,
				"splashDamage": 0,
				"splashDamageRadius": 0,
				"instantDisappear": true,
				"shootEffect": "none",
				"hitEffect": "none",
				"despawnEffect": "none"
		},
		}
	{
	"shootStatus": "蜉蝣万倍",
			"shootStatusDuration":9990,
			"x": 0,
			"y":0,
			"reload": 300,
			"mirror": false,
			"shootY": 0,
			"shootCone": 360,
			"baseRotation": 0,
			"cooldownTime": 0,
			"shootSound": "none",
			"shootEffect": "none"
			"despawnEffect":"none"
			"hitEffect": "none"
			"alwaysShooting": true,
			"alwaysContinuous": true,
			"bullet": {
			"width":0,	"height":0,//宽长度
				"damage": 0,
				"lifetime": 0,
				"length": 0,
				"width": 0,
				"recoil": 0,
				"drawFlare": false,
				"shootSound": "none",
			"shootEffect": "none"
			"despawnEffect":"none"
			"hitEffect": "none"
			"smokeEffect": "none",
			}
		},
	{
	"name": "none",
	"shootCone": 360,//攻击范围
	"shootOnDeath": true,
	"controllable": false,
	"shootSound": "none",
	"range":32,
	"bullet": {
	"type": "ExplosionBulletType",
	"instantDisappear": true,
	"lifetime":1,
	"speed":1,
	"width": 0,
	"height": 0,
	"keepVelocity": false,
	"splashDamageRadius": 64,
	"splashDamage": 144,
	"killShooter": true,
	"shootEffect":"sapExplosion",
	"despawnEffect":{
	"type": "WrapEffect",
	"effect": "dynamicSpikes",
	"color": "E78F92FF",
	"rotation": 64
						},
	"status":"血腥之瞳",//附加效果
    "statusDuration": 120//效果时长
	"fragBullets":4,
        "fragRandomSpread":0,//分裂角度
	    "fragSpread":90,//分裂角度
	    "fragOnHit":false,//击中时分裂
	    "fragVelocityMin":0.5,//最小分裂弹速度
	    "fragVelocityMax":0.5,//最小分裂弹速度
	"fragBullet":{
			"type": "BasicBulletType",//类型
		"sprite":"冥痕json-剑气",//子弹贴图
		"collidesAir": true,//碰撞飞机
		"damage":60,//单体伤害
		"speed":3,//速度
		"lifttime":8,
		"width":20,"height":40,//宽长度
		"backColor":"E78F92FF",
		//子弹边缘颜色
		"frontColor":"D75B6EFF",
		//子弹中心颜色
		"shootEffect":"none",
        "smokeEffect":"none",
        "hitEffect":"none",
        "despawnEffect":"none",
        "pierce":true,//穿透
		"pierceBuilding":true//穿透建筑
		"status":"血腥之瞳",//附加效果
        "statusDuration": 120//效果时长
		"fragBullets":2,
        "fragRandomSpread":0,//分裂角度
        "fragAngle":90,//分裂起始角度
	    "fragSpread":180,//分裂角度
	    "fragOnHit":false,//击中时分裂
	    "fragBullet":{
		"type" : "LaserBulletType",
                   "length" : 60,
                    "damage" : 75,
                    "width" : 12,
                    "lifetime" :90,
                    "pierce":true,//穿透
                    "pierceBuilding":true//穿透建筑
                    "sideAngle":90,
            "hitEffect":"hitLancer"
            "status":"血腥之瞳",//附加效果
            "statusDuration": 120//效果时长
			"colors": [
			"E78F92FF",
			"E78F92FF",
			"D75B6EFF"
		]}
			}
	}}
	],

}