{
	"type": "naval",
	"name": "玄离",
	"speed": 0.64,
	"rotateSpeed": 1.1,
	"immunities": [
		"electrified",
		"unmoving",
		"disarmed"
	],
	"ammoType": {
		"type": "PowerAmmoType",
		"totalPower": 36000
	},
	"ammoCapacity":420,
	"hitSize": 90,
	"trailLength": 130,
	"waveTrailX": 29.5,
	"waveTrailY": -40.5
	"trailScl": 4,
	"health": 153800,
	"buildSpeed": 5.25,
	"armor": 39
	"abilities": [
		{
			"type": "UnitSpawnAbility",
			"unit": "poly"
			"spawnX":-25
			"spawnY":-30
			"spawnTime":1300
		}
		{
			"type": "UnitSpawnAbility",
			"unit": "poly"
			"spawnX":25
			"spawnY":-30
			"spawnTime":1300
		}
		{
			"type": "UnitSpawnAbility",
			"unit": "oxynoe"
			"spawnX":0
			"spawnY":30
			"spawnTime":2200
		}
		{
			"type": "StatusFieldAbility",
			"duration": 189,
			"reload": 120,
			"range": 120,
			"applyEffect": "none",
			"activeEffect": {
				"type": "WaveEffect",
				"interp": "circleOut",
				"lifetime": 45,
				"sizeFrom": 0,
				"sizeTo": 160,
				"strokeFrom": 22,
				"strokeTo": 0
				"colorFrom": "97FFA8",
				"colorTo": "97FFA8ea"
			},
			"effect": "全面强化"
		}
		{
		"type": "SuppressionFieldAbility",
		"range": 240,
		"reload": 40,
		"y": -28
		"color": "97FFA8",
		"orbRadius": 9.8,
		"orbMidScl": 0.3,
		"particles": 11,
		"particleColor": "97FFA8",
		"particleLife":50,
		"particleLen": -8,
		"particleSize":2,
		"applyParticleChance": 0.5
	}
		{
			"type": "ForceFieldAbility",
			"radius": 140,
			"max": 9500,
			"regen": 20,
			"cooldown": 300
		}
	],
	"researchCostMultiplier":1.5
	"research":"navanax"
"weapons":[
		{
			"name": "玄离1",
			"x": -30,
			"y": -32,
			"rotate": true,
			"recoil": 2,
			"rotateSpeed": 12,
			"reload": 20,
			"targetInterval": 8,
			"targetSwitchInterval": 8,
			"bullet": {
				"speed": 27,
				"lifetime": 8,
				"shootEffect": "sparkShoot",
				"hitEffect": "pointHit",
				"maxRange": 240
				"damage": 36
			}
		}
			{
			"name": "玄离2",
			"x":0
			"y":32
			"rotate": true,
			"recoil": 0,
			"mirror":false
			"rotateSpeed":20,
			"reload": 2400
			"targetInterval": 0,
			"targetSwitchInterval": 8,
			"parts": [
				{
					"type": "ShapePart",
					"progress": "warmup",
					"color": "97ffa8ec",
					"layer": 78
					"circle": true,
					"hollow": false,
					"radius": 10
					"radiusTo": 10
					"x": 0
					"y": 0
				}
			],
			"shootCone": 360,
			"ignoreRotation": true,
			"shootSound": "missile",
			"chargeSound": "lasercharge",
			"inaccuracy": 360,
			"velocityRnd": 0.8
			//"controllable": false,
			"shoot": {
				"firstShotDelay": 180,
				"shots": 182,
				"shotDelay": 1.5
			},
			"bullet": {
			"speed": 15
			"lifetime": 80
			"shootEffect": "sparkShoot",
			"hitEffect": "pointHit",
			"maxRange":1000
			"damage": 5
			"splashDamage":18
			"splashDamageRadius":40
			"trailLength": 36
			"trailColor":"97ffa8"
			"knockback":0.8
			"width":5
			"height":5
			"homingRange":300
			"homingPower": 50
			"sprite": "circle-bullet",
			}
		}
		{
			"name": "玄离1",
			"type": "PointDefenseWeapon",
			"x": -28,
			"y": -15,
		    "mirror":true
			"rotate": true,
			"recoil": 1,
			"rotateSpeed": 10,
			"reload": 10,
			"targetInterval": 8,
			"targetSwitchInterval": 8,
			"bullet": {
				"speed": 25
				"lifetime": 10,
				"shootEffect": "sparkShoot",
				"hitEffect": "pointHit",
				"maxRange": 250,
				"damage": 30
			}
		}
				{
			"name": "龙王1",
			"mirror": true,
			"shake": 3,
			"rotate": true,
			"rotateSpeed": 5,
			"x": 23,
			"y": 19,
			"shootY": 7,
			"recoil": 1,
			"reload": 250,
			"controllable": false,
			"autoTarget": true,
			"shootSound": "beam",
			"continuous": true,
			"cooldownTime": 200,
			"bullet": {
				"type": "ContinuousLaserBulletType",
				"damage": 50,
				"knockback": 1,
				"width": 4.3,
				"length": 160,
				"colors": [
					"97FFA890",
					"97FFA880",
					"97FFA8"
				],
				"hitEffect": {
					"type": "ParticleEffect",
					"particles": 5,
					"line": true,
					"strokeFrom": 2,
					"strokeTo": 0,
					"lenFrom": 18,
					"lenTo": 18,
					"length": 1,
					"baseLength": 8,
					"lifetime": 8,
					"colorFrom": "97FFA8",
					"colorTo": "97FFA8",
					"cone": 80
				},
				"lifetime": 90,
				"shake": 1,
				"collidesTeam": true,
				"largeHit": false,
				"healPercent": 0.4,
				"despawnEffect": "smokeCloud",
				"shootEffect": "shootHeal",
				"smokeEffect": "none",
				"incendChance": 0.03,
				"incendSpread": 8,
				"incendAmount": 1,
				"spawnBullets": [
					{
						"type": "LightningBulletType",
						"damage": 44,
						"lightningColor": "97FFA8",
						"hitColor": "97FFA8",
						"lightningLength": 20,
						"lightningLengthRand": 8,
						"healPercent": 2,
						"collidesTeam": true,
						"hitEffect": "hitLancer",
						"despawnEffect": "none",
						"statusDuration": 60
					},
					{
						"type": "LightningBulletType",
						"damage": 44,
						"lightningColor": "97FFA8",
						"hitColor": "97FFA8",
						"lightningLength": 20,
						"lightningLengthRand": 8,
						"healPercent": 2,
						"collidesTeam": true,
						"hitEffect": "hitLancer",
						"despawnEffect": "none",
						"statusDuration": 60
					}
				]
			}
		}
		{
			"name": "龙王2",
			"x": 17.5,
			"y": -6.5,
			"inaccuracy": 0,
			"shootCone": 60,
			"shootSound": "laser",
			"shootY": 5,
			"shake": 4,
			"rotate": true,
			"rotateSpeed": 2.6,
			"reload": 100,
			"cooldownTime": 40,
			"alternate": true,
			"bullet": {
				"type": "EmpBulletType",
				"sprite": "circle-bullet",
				"width": 12,
				"height": 20,
				"shrinkY": 0,
				"healPercent": 20,
				"speed": 15,
				"lifetime": 38,
				"damage": 50,
				"radius": 100,
				"splashDamageRadius": 80,
				"splashDamage": 24,
				"timeIncrease":1
				"powerDamageScl":1,
				"unitDamageScl": 0.9,
				"hitUnits": true,
				"scaleLife": true,
				"status": "electrified",
				"statusDuration": 180,
				"frontColor": "97FFA8",
				"backColor": "97FFA8",
				"trailLength": 20,
				"trailWidth": 6,
				"trailColor": "97FFA8",
				"trailChance": 0.33,
				"trailInterval": 8,
				"trailRotation": true,
				"trailEffect": {
				"type": "MultiEffect",
				"effects": [
				{
					"type": "ParticleEffect",
					"particles": 3,
					"line": true,
					"strokeFrom": 1.3,
					"strokeTo": 1.3,
					"lenFrom": 13,
					"lenTo": 0,
					"sizeInterp": "pow10In",
					"interp": "pow5Out",
					"length": -80,
					"baseLength": 0,
					"lifetime": 32,
					"colorFrom": "97FFA8",
					"colorTo": "97FFA8",
					"cone": 11
					}
					{
					"type": "ParticleEffect",
					"particles": 1,
					"sprite":"wide"
					"strokeFrom": 1.3,
					"strokeTo": 3,
					"lenFrom": 3,
					"lenTo": 0,
					"sizeInterp": "pow10In",
					"interp": "pow5Out",
					"length": -80,
					"baseLength": 0,
					"lifetime": 50,
					"colorFrom": "97FFA8",
					"colorTo": "97FFA8",
					"cone": 10
					}
				]
				},
				"hitShake": 4,
				"shootEffect": "hitEmpSpark",
				"smokeEffect": "shootBigSmoke2",
				"hitSound": "plasmaboom",
				"despawnEffect": {
					"type": "ParticleEffect",
					"particles": 13,
					"line": true,
					"strokeFrom": 3,
					"strokeTo": 0,
					"lenFrom": 80,
					"lenTo": 0,
					"length": 80,
					"baseLength": 3,
					"lifetime": 22,
					"colorFrom": "97FFA8",
					"colorTo": "97FFA8"
				},
				"hitEffect": {
					"type": "MultiEffect",
					"effects": [
						{
							"type": "WaveEffect",
							"lifetime": 55,
							"sizeFrom": 100,
							"sizeTo": 100,
							"strokeFrom": 6,
							"strokeTo": 0,
							"colorFrom": "97FFA8",
							"colorTo": "97FFA8"
						},
						{
							"type": "ParticleEffect",
							"particles": 7,
							"sizeFrom": 18,
							"sizeTo": 0,
							"sizeInterp": "pow5In",
							"interp": "pow10Out",
							"length": 98,
							"baseLength": 10,
							"lifetime": 55,
							"colorFrom": "97FFA880",
							"colorTo": "97FFA880"
						},
						{
							"type": "ParticleEffect",
							"particles": 1,
							"sizeFrom": 10,
							"sizeTo": 0,
							"length": 0,
							"baseLength": 0,
							"lifetime": 106,
							"colorFrom": "97FFA8",
							"colorTo": "97FFA8"
						},
						{
							"type": "ParticleEffect",
							"particles": 1,
							"sizeFrom": 100,
							"sizeTo": 100,
							"length": 0,
							"baseLength": 0,
							"lifetime": 15,
							"colorFrom": "97FFA8ec",
							"colorTo": "97FFA800"
						}
					]
				},
				"fragBullets": 1
				"fragLifeMin": 0
				"fragBullet": {
					"sprite": "circle-bullet",
					"shrinkY": 0,
					"hitShake": 3,
					"absorbable": false,
					"collides": false,
					"width": 5,
					"height": 5,
					"speed": 5,
					"lifetime": 0,
					"healPercent": 10
					"splashDamagePierce": true,
					"backColor": "97FFA8",
					"frontColor": "FFFFFF",
					"mixColorTo": "FFFFFF",
					"hitSound": "laser",
					"despawnEffect": "massiveExplosion",
					"hitEffect": "greenBomb",
					"splashDamage": 90,
					"splashDamageRadius": 80,
				}
			}
		}
			{
			"name": "玄离3",
			"x":0,
			"y":-1
			"inaccuracy": 0,
			"shootCone": 60,
			"mirror":false
			"shootSound": "laser",
			"shootY": 5,
			"shake": 5,
			"rotate": true,
			"rotateSpeed": 1,
			"reload": 320,
			"cooldownTime": 60,
			"alternate": true,
			"bullet": {
				"type": "EmpBulletType",
				"sprite": "circle-bullet",
				"width": 12,
				"height": 22,
				"shrinkY": 0,
				"healPercent": 20,
				"speed": 28,
				"lifetime": 40
				"damage":180,
				"radius": 100,
				"splashDamageRadius": 90,
				"splashDamage": 180,
				"timeIncrease": 2
				"powerDamageScl": 1,
				"unitDamageScl": 1.2,
				"hitUnits": true,
				"scaleLife": true,
				"status": "electrified",
				"statusDuration": 300,
				"frontColor": "97FFA8",
				"backColor": "97FFA8",
				"trailLength": 205,
				"trailWidth": 7,
				"trailColor": "97FFA8",
				"trailChance": 0.35,
				"trailInterval": 8,
				"trailRotation": true,
				"trailEffect": {
				"type": "MultiEffect",
				"effects": [
				{
					"type": "ParticleEffect",
					"particles": 3,
					"line": true,
					"strokeFrom": 1.3,
					"strokeTo": 1.3,
					"lenFrom": 13,
					"lenTo": 0,
					"sizeInterp": "pow10In",
					"interp": "pow5Out",
					"length": -80,
					"baseLength": 0,
					"lifetime": 32,
					"colorFrom": "97FFA8",
					"colorTo": "97FFA8",
					"cone": 11
					}
					{
					"type": "ParticleEffect",
					"particles": 1,
					"line": true,
					"strokeFrom": 1.3,
					"strokeTo": 3,
					"lenFrom": 3,
					"lenTo": 0,
					"sizeInterp": "pow10In",
					"interp": "pow5Out",
					"length": -80,
					"baseLength": 0,
					"lifetime": 50,
					"colorFrom": "97FFA8",
					"colorTo": "97FFA8",
					"cone": 10
					}
				]
				},
				"hitShake": 7,
				"shootEffect": "hitEmpSpark",
				"smokeEffect": "shootBigSmoke2",
				"hitSound": "plasmaboom",
				"despawnEffect": {
					"type": "ParticleEffect",
					"particles": 19,
					"line": true,
					"strokeFrom": 3,
					"strokeTo": 0,
					"lenFrom": 80,
					"lenTo": 0,
					"length": 80,
					"baseLength": 3,
					"lifetime": 22,
					"colorFrom": "97FFA8",
					"colorTo": "97FFA8"
				},
				"hitEffect": {
					"type": "MultiEffect",
					"effects": [
						{
							"type": "WaveEffect",
							"lifetime": 55,
							"sizeFrom": 100,
							"sizeTo": 100,
							"strokeFrom": 8,
							"strokeTo": 0,
							"colorFrom": "97FFA8",
							"colorTo": "97FFA8"
						},
						{
							"type": "ParticleEffect",
							"particles": 7,
							"sizeFrom": 18,
							"sizeTo": 0,
							"sizeInterp": "pow5In",
							"interp": "pow10Out",
							"length": 98,
							"baseLength": 10,
							"lifetime": 55,
							"colorFrom": "97FFA880",
							"colorTo": "97FFA880"
						},
						{
							"type": "ParticleEffect",
							"particles": 1,
							"sizeFrom": 10,
							"sizeTo": 0,
							"length": 0,
							"baseLength": 0,
							"lifetime": 106,
							"colorFrom": "97FFA8",
							"colorTo": "97FFA8"
						},
						{
							"type": "ParticleEffect",
							"particles": 1,
							"sizeFrom": 100,
							"sizeTo": 100,
							"length": 0,
							"baseLength": 0,
							"lifetime": 15,
							"colorFrom": "97FFA8ec",
							"colorTo": "97FFA800"
						}
					]
				}
			}
		}
	]
}