{
    "type": "LiquidTurret",
    "name": "亡",
    "description": "...",
    "health": 2147483647,
    "size": 3,
    "reload": 0.00001,
    "recoil": 0,
    "range":160,
    "recoilTime": 0,
    "targetGround": true,
    "targetAir": true,
    "inaccuracy": 0,
    "rotateSpeed": 10000,
    "velocityRnd": "0.001",
    "liquidCapacity": 10000,
    "ammoTypes": {
        "water": {
            "type": "LiquidBulletType",
            "liquid": "water",
            "lifetime": 60,
            "speed": 1000,
            "puddleSize": 8,
            "orbSize": 4,
            "knockback": 0,
            "statusDuration": 2147483647,
            "damage": 0.1
        }
    },
    "requirements": [
        //"copper/1",
    ],
    "category": "turret",
    "research": "copper"
}