{
  "name": "沙漠工业",//这个是代码读取时要用的，是一个MOD的ID，相当于你的身份证号
  "displayName": "沙漠工业",//这个是界面显示名称，相当于你身份证上面你的名字
  "author":"0B",//作者名
  "description": "这个星球的水资源匮乏很少，占领这里的星球，开始新的征途。本模组新增了一个新的星球(就是现在的)。新增新的地图，封闭山谷和复杂盆地",//mod描述
  "version": "0.1",//版本，只能英文数字
  "minGameVersion": 143//
}