{
	"type":"GenericSmelter",
	"name":"压缩合金炉",
	"description":"10倍的合金,10倍的硅零",
	"outputItem":{"item":"surge-alloy","amount":1},
	"size":3,
	"hasPower":true,
	"hasLiquids":false,
	"hasItems":true,
	"itemCapacity":50,
	"craftTime":7.5,
	"updateEffect":"smeltsmoke",
	"consumes":{
		"power":40.0,
		"items":{
			"items":[
				{"item":"copper","amount":3},
				{"item":"lead","amount":4},
				{"item":"titanium","amount":2},
				{"item":"silicon","amount":3}
			]
		}
	},
	"requirements":[
		{"item":"lead","amount":800},
		{"item":"silicon","amount":700},
		{"item":"thorium","amount":650},
		{"item":"redstone","amount":800},
		{"item":"plastanium","amount":450},
		{"item":"surge-alloy","amount":200}
	],
	"category":"crafting",
	"research": "kiln"
}