{
	"type": "GenericSmelter",
	"name": "银金炉",
	"description": "结合熔融的金和银以生产琥珀金.",
	"outputItem": { "item": "electrum", "amount": 1},
	"size": 2,
	"hasPower": true,
	"hasLiquids": false,
	"hasItems": true,
	"craftTime": 150,
	"updateEffect": "smeltsmoke",
	"consumes": {
		"power": 2.0,
		"items": {
			"items": [
				{ "item": "gold", "amount": 2 },
				{ "item": "silver", "amount": 1}
			]
		}
	},
	"requirements": [
		{ "item": "lead", "amount": 50 },
		{ "item": "silicon", "amount": 60 },
		{ "item": "silver", "amount": 50 },
		{ "item": "gold", "amount": 30}
	],
	"category": "crafting",
	"research": "kiln",
	"idleSound": "respawning",
	"idleSoundVolume": 0.5
}
