{
	"type":"GenericCrafter",
	"name":"红石重构仪",
	"description":"神奇的将钛重构为红石",
	"health":700,
	"outputItem":{"item":"redstone","amount":1},
	"size":3,
	"hasPower":true,
	"hasItems":true,
	"craftTime":30,
	"consumes":{
		"power":25.0,
		"items":{
			"items":[
				{"item":"titanium","amount":1}
			]
		}
	},
	"requirements":[
		{"item":"lead","amount":180},
		{"item":"titanium","amount":100},
		{"item":"silicon","amount":120},
		{"item":"graphite","amount":80}
	],
	"category":"crafting",
	"alwaysUnlocked":true
}
