{
	"type": "GenericSmelter",
	"name": "超级压缩机",
	"description": "你可以从中得到钻石。",
	"health": 1200,
	"itemCapacity": 50,
	"outputItem": {"item": "diamond", "amount": 1},
	"size": 3,
	"hasPower": true,
	"hasItems": true,
	"craftTime": 3600,
	"updateEffect": "smeltsmoke",
	"consumes": {
		"power": 40.0,
		"items": {
			"items": [
				{ "item": "coal", "amount": 40 }
			]
		}
	},
	"requirements": [
		{ "item": "nuclear-fuel", "amount": 20 },
		{ "item": "comp-titanium", "amount": 60 }
	],
	"category": "crafting",
	"research":"kiln",
	"idleSound": "respawning",
	"idleSoundVolume": 0.3
}
