{
    "type": "ConsumeGenerator",
    "category": "power"
    "name": "风力发电机",
    "description": "使用风力转动发电扇进行发电。",
    "details": "大风车吱悠悠悠悠地转",
    "size": 1,
    "health": 250,
    "hasItems":false,
    "powerProduction": 0.25,
    "generateEffect": "generatespark",
    "requirements": [
        {
            "item": "黄铁",
            "amount":350
        },
    ],
    "ambientSound": "smelter",
    "ambientSoundVolume": 0.06,
"drawer"://特效
	{
	"type":"DrawMulti"
	"drawers":[
    "DrawDefault",
    {"type":"DrawRegion",
    "suffix":"-spinner"
    "rotateSpeed":3.5
    },
    {
	"type":"DrawRegion",
	"suffix":"-top"
	        }
    ]}
	"parent": "黄铁钻井"//科技树前置
	"requirements": [//研究花费
	"黄铁/35",
		
	]
}