{
	"type": "UnitFactory",
	"name": "碳钢单位工厂",
	"description": "顾名思义\n就是碳钢工业的单位工厂",
    "health":300,
	"size":3,
	"hasPower":true//可不要
	"consumes":{//需求
	"power":1//每秒耗电，1:60
	}
	"plans":[//输出单位
   			{ "unit": "z00游行", "time": 900,//单位文件名字和生产耗费时间
	"requirements": [//需求
				{"item": "压缩铜", "amount": 20}
				{"item": "钢化铅", "amount": 25}
    ]},
    
    { "unit": "z10飞星", "time": 1500,
	"requirements": [
				{"item": "graphite", "amount": 25}
				{"item": "钢化铅", "amount": 25}
    ]},
    { "unit": "机械飞钻", "time": 600,
	"requirements": [
				{"item": "copper", "amount": 25}
    ]},
    
    { "unit": "蚊子", "time": 300
    "requirements": [
				{"item": "copper", "amount": 10}
				{"item": "lead", "amount": 10}
    ]},
    ],
	"requirements": [
		{ "item": "copper", "amount":30 },
		{ "item": "lead", "amount":80 },
		{ "item": "graphite", "amount":50 },
		],
	"category":"units",
	"buildVisibility":"shown",//我不到啊
	"research":"core-shard"
	"alwaysUnlocked": false,//不需要解锁：关
}