{
	"type": "Reconstructor",
	"name": "倍乘级碳钢单位重构工厂",
	"description": "懒得写介绍",
    "health":1200,
	"size":5,
	"itemCapacity":240
		"buildCostMultiplier":0.6
			"consumes":{
				"power":6
	"items": {	
	"items": [
		{ "item": "silicon", "amount":80},
		{ "item": "碳钢", "amount":40},
		{ "item": "钢化铅", "amount":40},
		{ "item": "titanium", "amount":80},
		{ "item": "metaglass", "amount":40},
		{ "item": "低级许可证", "amount":1},
		]
		}
		},
	"upgrades":[
		["z01疾行","z02痛击"],
		["z11流星","z12落星"],
		["气动飞钻","激光飞钻"],
		["horizon","星海"],
    ],
	"constructTime":1800,
	"requirements": [
	    { "item": "lead", "amount":650 },
		{ "item": "titanium", "amount":350 },
		{ "item": "thorium", "amount":650},
		{ "item": "silicon", "amount":450},
		{ "item": "低级许可证", "amount":3},
		],
	"category":"units",
	"buildVisibility":"shown",
	"research":"z05数增级碳钢单位重构工厂"
}