{
	"type": "flying",
	"name": "花萼",
	"speed": 2,
	"drag": 0.08,
	"accel": 0.05,
	"flying": true,
	"engineOffset": 0,
	"engineSize": 0,
	"hitSize": 18,
	"faceTarget": true,
	"lowAltitude": true,
	"health": 2500,
	"armor": 0,
	"rotateSpeed": 1,
	"template":"ErekirUnitType"
	"abilities": [
		{
			"type": "LiquidExplodeAbility",
			"liquid": "neoplasm",
			"amount": 300,
			"radScale": 1.5
		}
	],
	"weapons": [
		{
			"name": "花萼A",
			"reload": 80,
			"x": 0,
			"y": 0,
			"shootY": 10,
			"mirror": false,
			"alternate": true,
			"xRand":1,
			"rotate": false,
			"shootCone": 90,
			"shoot": {
				"type": "ShootSpread",
				"shots": 3,
				"shotDelay": 2,
				"spread": 0.5
			},
			"inaccuracy": 20,
			"alternate": true,
			"ejectEffect": "casing2",
			"shootSound": "mineDeploy",
			"bullet": {
				"type": "MissileBulletType",
				"damage": 50,
				"splashDamageRadius": 8,
				"splashDamage": 60,
				"status": "blasted",
				"trailLength": 1,
				"trailWidth": 3,
				"trailColor": "F98F4A",
				"backColor": "F98F4A",
				"frontColor": "F98F4A",
				"weaveMag": 2,
				"weaveScale": 8,
				"homingRange": 250,
				"homingDelay": 8,
				"homingPower": 0.02,
				"hitEffect": "explosion",
				"despawnEffect": "explosion",
				"smokeEffect": "none",
				"speed": 4,
				"lifetime": 45,
				"width": 8,
				"height": 9
			}
		}
	]
}