{
"name":"位能简并熔合厂"
"type": "AttributeCrafter",
"attribute": "heat",
"baseEfficiency": 0.5,
"maxBoost":6
"boostScale": 0.3125,
"minEfficiency": 0,
"description":"利用相位能的简并态空间锁定特性，使铼铱合金达到极近刚体的地步"
"itemCapacity":50
"powerCapacity":10
"healty":1200
"size":4
"haspower":true
"hasLiquids":false
"hasItems":true
"craftTime":90
"updataEffect":"smultsmoke"
"drawer": {
    "type":"DrawMulti"
    "drawers": [
     {
        "type": "DrawRegion",
        "suffix": "-bottom"
         },
          {
		 "type":"DrawPlasma"
		 "suffix":"-L-"
		 "plasma1": "FFD59EA3",
	     "plasma2": "FFD59EA3"
		    }
        "DrawDefault"
        
		/*{
		"type": "DrawShape",
		"layer": 110,
		"radius": 5,
		"useWarmupRadius": true,
		"timeScl": 1.25,
		"color": "eec591"
		}*/
    ]
}
"consumes":{
    "power":15
    "items":{
       "items":[
       	"铼铱合金/5",
        "相位能/2"
       ]
    }
}
	"craftEffect": {
		"type": "MultiEffect",
		"effects": [
			{
				"type": "ParticleEffect",
				"particles": 15,
				"line": true,
				"length": 52
				"baseLength": 3,
				"lifetime": 25
				"colorFrom": "FFFFFF",
				"colorTo": "FFE176FF"
			},
		]
	},
"outputItem":{
              "item":"绛基合金"
              "amount":1
              }
"requirements": [
		"相位能/125",
		"silicon/375",
        "自愈合金/220"
        "铼铱合金/300"
        "surge-alloy/325"
        "plastanium/300"
        "metaglass/400"
        "phase-fabric/350"
]
"category":"crafting"
"idleSound":"respawing"
"idleSoundVolume":2
"research":"铼铱合金坩埚"
}