{
"name":"塑钢冲压厂"
"type":"GenericCrafter"
//"description":""
"itemCapacity":25
"healty":480
"size":3
"haspower":true
"hasLiquids":false
"hasItems":true
"craftTime":150
"drawer": {
    "type": "DrawMulti",
    "drawers": [
      {
        "type": "DrawRegion",
        "suffix": "-bottom"
      },
      {
        "type": "DrawLiquidTile",
        "drawLiquid": "oil"
      },
      "DrawDefault"
    ]
  },
"craftEffect": {
		"type": "MultiEffect",
		"effects": [
			{
				"type": "ParticleEffect",
				"particles": 8
				"reigon": "这是一个模组-菱形
				"length": 8
				"baseLength": 6
				"lifetime": 25
				"colorFrom": "FFFFFF88",
				"colorTo": "edf3a9ff"
			}
		]
	},
"consumes":{
    "power":6
    "items": [
	"titanium/8"
	]
	"liquid":"oil/0.5"
}
"outputItem":{
"item":"plastanium"
"amount":8
}
"requirements": [
        "拟钢/60"
        "metaglass/90"
        "silicon/125"
        "graphite/80"
        "plastanium/50"
        "thorium/60"
]
"category":"crafting"
"updateEffect": "steam",
"idleSound":"respawing"
"idleSoundVolume": 1
"research":"plastanium-compressor"
}