{
"name":"玻璃池窑"
"description":"高温熔制设施，每时每刻都将沙砾与矿物高效转化为液态玻璃。"
"type":"GenericCrafter"
//"description":""
"itemCapacity":30
"LiquidCapacity":30
"healty":380
"size":3
"haspower":true
"hasLiquids":true
"hasItems":true
"craftTime":10
 "drawer": {
    "type": "DrawMulti",
    "drawers": [
      {
        "type": "DrawRegion",
        "suffix": "-bottom"
      },
      {
        "type": "DrawLiquidTile",
        "drawLiquid": "water"
      },
      "DrawDefault"
    ]
  },
"craftEffect":
{
"type": "RadialEffect",
"rotationOffset": 0,
"lengthOffset": 10,
"amount": 8
"effect": {
"type": "multiEffect",
"effects": [
{
"type": "ParticleEffect",
"particles": 3
"lifetime": 48
"interp": "circleOut",
"length": 18
"cone":18.5
"sizeFrom": 4.8
"sizeTo": 0
"colorFrom": "FFFFFF",
"colorTo": "ffffff20"
}
		]
		}
		}
"consumes":{
    "power":5
    "items": [
	"sand/1"
	"lead/1"
	]
	"liquid":"water/0.2"
}
"outputItem":{
"item":"metaglass"
"amount":1
}
"requirements": [
        "metaglass/40"
        "silicon/80"
        "lead/70"
        "graphite/120"
        "拟钢/85"
]
"category":"crafting"
"updateEffect": "steam",
"idleSound":"respawing"
"idleSoundVolume": 1
"research":"kiln"
}