{
"name":"相位反应器"
"type":"GenericCrafter"
"description":"将高能物质转化至稳定载体中"
"itemCapacity":10
"powerCapacity":10
"healty":650
"size":3
"haspower":true
"hasLiquids":false
"hasItems":true
"craftTime":75
"updataEffect":"smultsmoke"
"drawer": {
    "type":"DrawMulti"
    "drawers": [
        "DrawDefault"
        "DrawFlame"
    ]
}
"consumes":{
    "power":8.5
    "items":{
       "items":[
       	"铼铱合金/6",
        "surge-alloy/4"
        "聚变能/1"
       ]
    }
}
"outputItem":{
              "item":"相位能"
              "amount":2
              }
"requirements": [
		"聚变能/60",
		"metaglass/210"
		"silicon/120",
		"plastanium/90",
        "拟钢/160"
        "surge-alloy/140"
        "phase-fabric/70"
]
"category":"crafting"
"idleSound":"respawing"
"idleSoundVolume": 0.5
"research":"聚变反应炉"
}