{
	"type": "ItemTurret",
	"name": "basicTurret",
	"description": "protect your core until you have batter one.",
	"health": 220,
	"size": 2,
	"reload": 45,
	"range": 180,
	"shoot":{
		"type":"ShootSpread",
		"shots": 2,
		"spread":1,
	}
	"maxAmmo":40,
	"alwaysUnlocked":true,
	"buildCostMultiplier":1.5,
	"ammoTypes": {
		"oreCopper": {
			"speed": 8,
			"damage":7.5,
			"knockback":0.2,
			"width":5,
			"height":5,
			"smokeEffect": "shootSmallSmoke",
			"lifetime": 20,
			"sprite":"ms"
			"ammoMultiplier":1
		},
		"oreLead": {
			"speed": 8,
			"damage":4,
			"knockback":3,
			"width":1,
			"height":1,
			"smokeEffect": "shootSmallSmoke",
			"lifetime": 20,
			"ammoMultiplier":1
		}
	},
	"requirements": [
		{ "item": "oreCopper", "amount":105 },
		{ "item": "oreLead", "amount": 60 }
	],
	"category": "turret",
	"research": "core-shard"
}