{
	"type": "ItemTurret",
	"name": "basicA-Aturret",
	"description": "protect your core until you have batter one.on attack the air.",
	"health": 220,
	"size": 2,
	"reload": 45,
	"inaccuracy":15,
	"shootCone":30,
	"maxAmmo":80,
	"ammoPerShot":8,
	"range": 270,
	"shoot":{
		"shots": 8,
		"shotDelay":3
	}
	"maxAmmo":40,
	"targetGround":false,
	"buildCostMultiplier":3.5,
	"ammoTypes": {
		"scrap": {
			"type":"FlakBulletType"
			"speed": 6,
			"damage":4,
			"knockback":3,
			"width":5,
			"height":5,
			"smokeEffect": "shootSmallSmoke",
			"lifetime": 30,
			"reloadMultiplier":1,
			"ammoMultiplier":1,
			"splashDamage":8,
            "splashDamageRadius":15,
		},
		"lead": {
			"type":"FlakBulletType"
			"speed": 8,
			"damage":2,
			"knockback":8,
			"width":6,
			"height":6,
			"smokeEffect": "shootSmallSmoke",
			"lifetime": 40,
			"ammoMultiplier":3
			"splashDamage":16,
            "splashDamageRadius":20
		}
	},
	"requirements": [
		{ "item": "buildModel", "amount":15 },
		{ "item": "copper", "amount": 25 },
		{ "item": "lead", "amount": 25 }
	],
	"category": "turret",
	"research": "basicTurret"
}