{
  "name": "混乱核心",
  "description": "唯一核心科技，以赛普罗的次代核心作为参考而制造，拥有更适合恶劣环境的性能",
  "details": "很坚硬的特殊核心，可以随地建造",
  "unitType": "巨像·改",
  "squareSprite": true,
  "size": 4,
  "health": 1000,
  "armor": 500,
  "itemCapacity": 2500,
  "unitCapModifier": 3,
  "requirements": [
          "silicon/265"
          "titanium/505"
          "sand/145"
          "次元锭/85"
  ],
  "category": "effect",
  "research": "core-foundation"
  "alwaysUnlocked":false,
}
/*星渊:大脑一片空白唉~( 6ω9 )