{
    "type": "ItemTurret",
    "name": "B型机炮",
    "description": "二代机炮，伤害提升。",
    "health": 400,
    "size": 2,
    "reload": 30,
    "range": 240,
    "maxAmmo": 60,
    "recoilTime": 10,
    "recoil": 1,
    "consumes": {
        "coolant": {
            "amount": 0.2,
            "optional": true
        }
    },
    "shoot": {
        "shots": 7,
        "shotDelay": 2
    },
    "shake": 1.1,
    "liquidCapacity": 30,
    "ammoUseEffect": "casing2",
    "targetGround": true,
    "targetAir": true,
    "inaccuracy": 0.5,
    "rotateSpeed": 15,
    "ammoTypes": {
        "copper": {
            "speed": 7.5,
            "damage": 15,
            "knockback": 0.5,
            "lifetime": 32,
            "width": 6,
            "height": 9,
            "ammoMultiplier": 2,
            "shootEffect": "shootBig"
        },
        "lead": {
            "speed": 7.5,
            "damage": 10,
            "fragBullets": 3,
            "fragBullet": {
                "speed": 0.8,
                "damage": 7,
                "lifetime": 32
            },
            "lifetime": 45,
            "width": 6,
            "height": 9,
            "ammoMultiplier": 2,
            "shootEffect": "shootBig"
        },
        "graphite": {
            "speed": 7.5,
            "damage": 25,
            "reloadMultiplier": 1.3,
            "lifetime": 32,
            "width": 7,
            "height": 10,
            "ammoMultiplier": 4,
            "shootEffect": "shootBig"
        },
        "pyratite": {
            "speed": 7.5,
            "damage": 18,
            "status": "burning",
            "statusDuration": 600,
            "lifetime": 32,
            "backColor": "FF8C00",
            "frontColor": "FFB90F",
            "width": 6,
            "height": 9,
            "ammoMultiplier": 4,
            "shootEffect": "shootBig"
        },
        "silicon": {
            "speed": 7.5,
            "damage": 19,
            "reloadMultiplier": 1.4,
            "lifetime": 35,
            "width": 6,
            "height": 11,
            "shootEffect": "shootBig",
            "homingRange": 80,
            "homingPower": 0.08,
            "ammoMultiplier": 5
        },
        "titanium": {
            "speed": 9,
            "lifetime": 32,
            "damage": 28,
            "pierce": true,
            "reloadMultiplier": 0.7,
            "width": 8,
            "height": 10,
            "ammoMultiplier": 6,
            "shootEffect": "shootBig"
        },
        "thorium": {
            "speed": 7.5,
            "damage": 36,
            "lifetime": 32,
            "reloadMultiplier": 0.7,
            "width": 10,
            "height": 11,
            "shootEffect": "shootBig",
            "ammoMultiplier": 6
        }
    },
    "requirements": [
        {
            "item": "copper",
            "amount": 250
        },
                {
            "item": "thorium",
            "amount": 75
        },
        {
            "item": "graphite",
            "amount": 80
        },
        {
            "item": "titanium",
            "amount": 80
        }
    ],
    "alwaysReplace": false,
    "category": "turret",
    "research": "A型机炮"
}