{
	"type": "ItemTurret",
	"name": "喷发",
	"description": "速度上升，伤害加高，效率加大，[red]彻底疯狂",
	"health": 550,
	"size": 3,
	"reload": 12,
	"range": 240,
	"ammoPerShot": 12,
		"maxAmmo":150,
	"shoot": {
		"shots": 10,
		"shotDelay": 2,
		"type": "ShootAlternate",
		"barrels": 3,
		"spread": 6
	},
	"xRand": 1,
	"ammoUseEffect": "casing2Double",
	"inaccuracy": 2,
	"rotateSpeed": 8,
	"shake": 1,
	"ammoTypes": {
		"copper": {
			"speed": 8,
			"damage": 12,
			"lifetime": 30,
			"width": 3,
			"height": 14,
			"ammoMultiplier": 5,
			"shootEffect": "shootSmall"
		},
		"graphite": {
			"reloadMultiplier": 0.5,
			"speed": 8,
			"damage": 21,
			"lifetime": 30,
			"width": 3,
			"height": 14,
			"ammoMultiplier": 5,
			"shootEffect": "shootSmall"
		},
		"pyratite": {
			"speed": 8,
			"damage": 14,
			"lifetime": 30,
			"width": 3,
			"height": 14,
			"makeFire": true,
			"ammoMultiplier": 5,
			"shootEffect": "shootSmall",
			"status": "burning",
			"statusDuration": 600,
			"trailColor": "FF8C00",
			"frontColor": "FFD700"
		},
		"silicon": {
			"speed": 8,
			"damage": 14,
			"reloadMultiplier": 1.6,
			"lifetime": 37,
			"width": 3,
			"height": 14,
			"shootEffect": "shootSmall",
			"homingRange": 40,
			"homingPower": 0.06,
			"ammoMultiplier": 5
		}
			"blast-compound":{
	    "splashDamageRadius":20,
	    "splashDamage":35,
	    "speed":8,
	    "damage":11,
		"status":"blasted",
	   	"statusDuration":120,
	    "backColor":"FF7F24",
	    "frontColor":"E3E3E3", 
	    "trailColor":"FF7F24",
	    "lifetime":30,
		"width": 3,
		"height": 14,
        "ammoMultiplier": 4,
	    "hitEffect":"flakExplosion"
	}
	},
	"researchCostMultiplier": 0.5,
	"requirements": [
		{
			"item": "copper",
			"amount": 200
		},
			{
			"item": "lead",
			"amount": 300
		},
			{
			"item": "graphite",
			"amount": 205
		},
			{
			"item": "silicon",
			"amount": 115
		},
			{
			"item": "titanium",
			"amount": 55
		},
	],
	"category": "turret",
	"research": "多管火炮"
}