{
	"type": "ItemTurret",
	"name": "埃德加",
	"description": "高新技术产业的造物，在空中凝结子弹，拥有极高的准确度，能在一瞬间倾泻大量子弹",
	"health": 650,
	"size": 4,
	"reload": 300,
	"range": 320,
	"ammoPerShot": 150,
		"maxAmmo":450,
		    "recoil": 3,
		    	"pierce": true,
		"pierceBuilding": true,
		"pierceCap": 3,
	"shoot": {
		"type": "ShootBarrel",
		"shots": 300,
		"shotDelay": 0.5,
		"barrels": [
			21, -10, -30,
			-21, -10, 30,
			3.5, 0, 0,
			-3.5, 0, 0,
			10.5, 0, 0,
			-10.5, 0, 0
		]
	},
	"xRand": 1,
	"ammoUseEffect": "casing2Double",
	"inaccuracy": 1,
	"rotateSpeed": 8,
	"shake": 1,
	"ammoTypes": {
		"copper": {
			"speed": 16,
			"damage": 21,
			"lifetime": 20,
	 		"width": 5,
			"height": 14,
			"ammoMultiplier": 5,
			"shootEffect": "shootSmall"
		},
				"lead": {
			"reloadMultiplier": 0.8,
			"speed": 16,
			"damage": 13,
			"lifetime": 20,
	 		"width": 5,
			"height": 14,
			"makeFire": true,
			"ammoMultiplier": 5,
			"shootEffect": "shootSmall",
			"trailColor": "6F687EFF",
			"frontColor": "AB99D3FF"
			    "splashDamageRadius":20,
	    "splashDamage":35,
			        "fragBullets":4,
        "fragBullet":{
        "speed":4,
        "damage":10,   
        "lifetime":10
        } ,}
		"graphite": {
			"reloadMultiplier": 0.5,
			"speed": 16,
			"damage": 31,
			"lifetime": 20,
	 		"width": 5,
			"height": 14,
			"ammoMultiplier": 5,
			"shootEffect": "shootSmall"
		},
		"pyratite": {
			"speed": 16,
			"damage": 24,
			"lifetime": 20,
	 		"width": 5,
			"height": 14,
			"makeFire": true,
			"ammoMultiplier": 5,
			"shootEffect": "shootSmall",
			"status": "burning",
			"statusDuration": 60,
			"trailColor": "FF8C00",
			"frontColor": "FFD700"
		},
		"silicon": {
			"speed": 16,
			"damage": 20,
			"reloadMultiplier": 1.6,
			"lifetime": 27,
	 		"width": 5,
			"height": 14,
			"shootEffect": "shootSmall",
			"homingRange": 40,
			"homingPower": 0.06,
			"ammoMultiplier": 5
		}
			"blast-compound":{
	    "splashDamageRadius":20,
	    "splashDamage":40,
	    "speed":16,
	    "damage":16,
		"status":"blasted",
	   	"statusDuration":60,
	    "backColor":"FF7F24",
	    "frontColor":"E3E3E3", 
	    "trailColor":"FF7F24",
	    "lifetime":20,
 		"width": 5,
		"height": 14,
        "ammoMultiplier": 5,
	    "hitEffect":"flakExplosion"
	}
		"surge-alloy": {//消耗的弹药
		    "reloadMultiplier":1,//射击速率
			"speed": 16,//子弹速度（输入数字×8）
			"damage": 18,//伤害
			    "splashDamageRadius":20,
	    "splashDamage":30,
					"lightningDamage":4,
			//闪电伤害
			"lightning":2,
			//闪电数量
            "lightningLength":6,
            //闪电长度
			"knockback":0.01,//击退
			"lifetime":20,//弹药存在时间（帧）
			"width": 5,//子弹宽度
			"height": 14,//子弹长度
			"ammoMultiplier":5,//装填倍数
			"shootEffect": "shootBig" 	//特效
				}
	}
	"drawer":{"type":"DrawMulti",
"drawers":[{"type":"DrawTurret",
"parts":[
{"type":"RegionPart",
"mirror":false,//是否镜像显示
"x":0,"y":0,//起始位置
"suffix":"-barrel","layer":50,"moveX":0,"moveY":1.5,
"moveRot":0,//移动圈数
}
{"type":"RegionPart",
"mirror":false,//是否镜像显示
"x":0,"y":0,//起始位置
"suffix":"-左","layer":50,"moveX":-3,"moveY":-1.5,
"moveRot":30,//移动圈数
}
{"type":"RegionPart",
"mirror":false,//是否镜像显示
"x":0,"y":0,//起始位置
"suffix":"-右","layer":50,"moveX":3,"moveY":-1.5,
"moveRot":-30,//移动圈数
}
]}]}
	"researchCostMultiplier": 0.5,
	"requirements": [
		{
			"item": "copper",
			"amount": 750
		},
			{
			"item": "lead",
			"amount": 550
		},
			{
			"item": "钛合金",
			"amount": 455
		},
			{
			"item": "硅合金钢",
			"amount": 350
		},
			{
			"item": "thorium",
			"amount": 250
		},
	],
	"category": "turret",
	"research": "冲穿"
}