{
	"type": "LiquidTurret",
	"name": "漫游",
	"description": "高压水枪，使用液体作为弹药时能灭火",
	"health": 350,
	"size": 3,
    "shoot": {
        "shots": 1,
        "shotDelay": 1},
	"reload":0.6,
	"range":400,
	"recoilTime":10,
	"recoil": 1,
	"targetGround":true,
	"targetAir":true,
	"inaccuracy": 1,
	"rotateSpeed": 9,
	"velocityRnd": "0.1",
	"consumes": { "power": 1},
	"liquidCapacity": 50,
	"ammoTypes": {
    "water":{
    "type": "LiquidBulletType",
    "liquid": "water",
    "lifetime":50,
    "speed":8,
    "puddleSize":8,
    "orbSize":4,
    "knockback":1.7,
    "statusDuration": 60,
	"status":"wet",	
	"damage": 1
    },   
    "oil":{
    "type": "LiquidBulletType",
    "liquid": "oil",
    "lifetime":50,
    "speed":8,
    "puddleSize":8,
    "orbSize":4,
    "knockback":1.5,
    "statusDuration": 60,
	"status":"tarred",	
	"damage": 1,
    "incendAmount": 1,
    "incendSpread": 1,
    "incendChance": 1
    },
    "slag":{
    "type": "LiquidBulletType",
    "liquid": "slag",
    "lifetime":50,
    "speed":8,
    "puddleSize":8,
    "orbSize":4,
    "knockback":1.5,
    "statusDuration": 60,
	"status":"melting",	
	"damage": 2
    },
    "cryofluid":{
    "type": "LiquidBulletType",
    "liquid": "cryofluid",
    "lifetime":50,
    "speed":8,
    "puddleSize":8,
    "orbSize":4,
    "knockback":1.3,
    "statusDuration": 60,
	"status":"freezing",	
	"damage": 1
    }
},
	"requirements": [
	{ "item": "plastanium", "amount": 150},
	{ "item": "metaglass", "amount": 100 },
	{ "item": "silicon", "amount": 150 },
	{ "item": "thorium", "amount": 230 },
	],
	"category": "turret",
	"research": "tsunami"
	}