{
	"type": "ItemTurret",
	"name": "火炮",
	"description": "发射大型子弹攻击敌人",
	"details":"",
	"health": 300,
	"size": 1,
	"reload": 120,
	"range": 240,
	"maxAmmo":36,
	"shake":1,
	"ammoUseEffect": "none",
	"shootSound":"missile",
	"inaccuracy": 1,
	"rotateSpeed": 10,
		"consumes": {
		"coolant": {
			"amount": 0.1,
			"optional": true
		}
	},
	"ammoTypes": {
	"graphite":{
		"type":"MissileBulletType",
	    "splashDamageRadius":24,
	    "splashDamage":30,
	    "speed":8,
	    "damage":8, 
	    "backColor":"B0C4DE",
	    "frontColor":"E3E3E3", 
	    "trailColor":"B0C4DE",
	    "lifetime":30,
	    "homingPower":0.03,
	  	"homingRange":40,	   
		"width": 4,
		"height": 16,
        "ammoMultiplier": 2,
	    "hitEffect":"flakExplosion"
	},
	"pyratite":{
		"type":"MissileBulletType",
	    "splashDamageRadius":20,
	    "splashDamage":30,
	    "speed":8,
	    "damage":10,
	    "makeFire":true,
    "backColor":"FFB90F",
    "frontColor":"E3E3E3",
	"trailColor":"FFB90F",
	    "lifetime":30,
	    "status":"burning",
	    "statusDuration":180,
	    "homingPower":0.03,
	  	"homingRange":40,	   
		"width": 4,
		"height": 16,
        "ammoMultiplier": 2,
	    "hitEffect":"flakExplosion"
	},
	"blast-compound":{
		"type":"MissileBulletType",
	    "splashDamageRadius":30,
	    "splashDamage":45,
	    "speed":8,
	    "damage":15,
		"status":"blasted",
	   	"statusDuration":600,
	    "backColor":"FF7F24",
	    "frontColor":"E3E3E3", 
	    "trailColor":"FF7F24",
	    "lifetime":30,
	    "homingPower":0.03,
	  	"homingRange":40,	   
		"width": 4,
		"height": 16,
        "ammoMultiplier": 4,
	    "hitEffect":"flakExplosion"
	}
	},
	"requirements": [
	{ "item": "copper", "amount": 30 },		{ "item": "graphite", "amount": 35 }
	],
	"category": "turret",
	"research": "多管炮"
}
