{
	"type": "ItemTurret",
	"name": "火箭发射器",
	"description": "发射追踪大型子弹，远距离打击敌人",
	"details":"",
	"ammoPerShot":4,//单发消耗
	"health": 300,
	"size": 2,
	"reload": 240,
	"range": 440,
	"maxAmmo":36,
	"shake":1,
	"ammoUseEffect": "none",
	"shootSound":"missile",
	"inaccuracy": 0,
	"rotateSpeed": 10,
	"ammoTypes": {
	"graphite":{
		"type":"MissileBulletType",
	    "splashDamageRadius":48,
	    "splashDamage":35,
	    "speed":8,
	    "damage":14, 
	    "backColor":"B0C4DE",
	    "frontColor":"E3E3E3", 
	    "trailColor":"B0C4DE",
	    "lifetime":55,
	    "homingRange": 40,
			"homingPower": 0.06,
	    "homingPower":0.03,
	  	"homingRange":40,	   
		"width": 6,
		"height": 16,
        "ammoMultiplier": 2,
	    "hitEffect":"flakExplosion"
	},
	"pyratite":{
		"type":"MissileBulletType",
	    "splashDamageRadius":48,
	    "splashDamage":30,
	    "speed":8,
	    "damage":18,
	    "makeFire":true,
    "backColor":"FFB90F",
    "frontColor":"E3E3E3",
	"trailColor":"FFB90F",
	    "lifetime":55,
	    "homingRange": 40,
			"homingPower": 0.06,
	    "status":"burning",
	    "statusDuration":180,
	    "homingPower":0.03,
	  	"homingRange":40,	   
		"width": 6,
		"height": 16,
        "ammoMultiplier": 2,
	    "hitEffect":"flakExplosion"
	},
	"blast-compound":{
		"type":"MissileBulletType",
	    "splashDamageRadius":48,
	    "splashDamage":45,
	    "speed":8,
	    "damage":22,
		"status":"blasted",
	   	"statusDuration":300,
	    "backColor":"FF7F24",
	    "frontColor":"E3E3E3", 
	    "trailColor":"FF7F24",
	    "lifetime":55,
	    "homingRange": 40,
			"homingPower": 0.06,
	    "homingPower":0.03,
	  	"homingRange":40,	   
		"width": 6,
		"height": 16,
        "ammoMultiplier": 4,
	    "hitEffect":"flakExplosion"
	}
	},
	"requirements": [
	{ "item": "copper", "amount": 80 },	
		{ "item": "lead", "amount": 100 }
			{ "item": "graphite", "amount": 80 }
	],
	"category": "turret",
	"research": "火炮"
}
