{
	"type": "ItemTurret",
	"name": "长枪",
	"description": "远距离发射导弹攻击敌人",
	"details":"",
	"health": 450,
	"size": 2,
	"reload": 60,
	"range": 280,
	"maxAmmo":30,
    "coolantMultiplier":1,
	"shake":1,
	"shootSound":"shootBig",
	"inaccuracy": 1,
	"rotateSpeed": 6,
	"ammoPerShot": 3,
    "shootY":9,
    "minWarmup": 0.8,
    "shootWarmupSpeed": 0.3,
	"ammoTypes": {
	"graphite":{
	"type":"MissileBulletType",
    "hitSize":30,
	    "splashDamageRadius":40,
	    "splashDamage":25,
	    "speed":8,
	    "damage":23, 
	    "backColor":"B0C4DE",
	    "frontColor":"E3E3E3", 
	    "trailColor":"B0C4DE",
	    "lifetime":35,
	    "homingRange": 80,
	    "homingPower":0.03,
	    "knockback":2,
		"width": 12,		"height": 40,
        "ammoMultiplier": 1,
        "shootEffect": "shootPyraFlame" ,
    "despawnEffect":"none",
	"hitEffect":{"type": "MultiEffect",
	"effects": [
	{"type": "ParticleEffect",
    "particles": 8,
    "sizeFrom": 8,
    "sizeTo": 0,
    "length": 20,
    "baseLength": 15,
    "lifetime": 35,
    "colorFrom": "737373FF",
    "colorTo": "737373FF",
    "cone": 360},
	{"type": "ParticleEffect",
    "particles": 12,
    "line":true,
    "sizeFrom": 8,
    "sizeTo": 0,
    "length": 17,
    "baseLength": 8,
    "lifetime": 22,
    "colorFrom": "FFFFFF",
    "colorTo": "FFE176FF",
    "cone": 360},
    {"type": "WaveEffect",
    "lifetime": 10,
    "sizeFrom": 1,
    "sizeTo": 40,
    "strokeFrom": 8,
    "strokeTo": 0,
    "colorFrom": "FFE176FF",
    "colorTo": "ffffff"}
    
    ]}	},
	"pyratite":{
	"type":"MissileBulletType",
    "hitSize":30,
	    "splashDamageRadius":36,
	    "splashDamage":50,
	    "speed":8,
	    "damage":25,
	    "makeFire":true,
    "backColor":"FFB90F",
    "frontColor":"E3E3E3",
	"trailColor":"FFB90F",
	    "lifetime":35,
	    "status":"burning",
	    "statusDuration":180,
	    "homingPower":0.03,
	    "homingRange": 80,
	    "knockback":2,
		"width": 12,		"height": 40,
        "ammoMultiplier": 1,
	"shootEffect": "shootPyraFlame" ,
    "despawnEffect":"none",
	"hitEffect":{"type": "MultiEffect",
	"effects": [
	{"type": "ParticleEffect",
    "particles": 8,
    "sizeFrom": 8,
    "sizeTo": 0,
    "length": 15,
    "baseLength": 15,
    "lifetime": 35,
    "colorFrom": "737373FF",
    "colorTo": "737373FF",
    "cone": 360},
	{"type": "ParticleEffect",
    "particles": 12,
    "line":true,
    "sizeFrom": 8,
    "sizeTo": 0,
    "length": 30,
    "baseLength": 8,
    "lifetime": 22,
    "colorFrom": "FFFFFF",
    "colorTo": "FFE176FF",
    "cone": 360},
    {"type": "WaveEffect",
    "lifetime": 10,
    "sizeFrom": 1,
    "sizeTo": 36,
    "strokeFrom": 8,
    "strokeTo": 0,
    "colorFrom": "FFE176FF",
    "colorTo": "ffffff"}
    
    ]}	},
	"blast-compound":{
	"type":"MissileBulletType",
    "hitSize":60,
	    "splashDamageRadius":76,
	    "splashDamage":96,
	    "speed":8,
	    "damage":28,
		"status":"blasted",
	   	"statusDuration":60,
	    "backColor":"FF7F24",
	    "frontColor":"E3E3E3", 
	    "trailColor":"FF7F24",
	    "lifetime":35,
	    "homingPower":0.03,
	    "homingRange": 80,
	    "knockback":8,
		"width": 12,	"height": 40,
        "ammoMultiplier": 3,
    "despawnEffect":"none",
	"shootEffect": "shootPyraFlame" ,
	"hitEffect":{"type": "MultiEffect",
	"effects": [
	{"type": "ParticleEffect",
    "particles": 12,
    "sizeFrom": 10,
    "sizeTo": 0,
    "length": 35,
    "baseLength": 33,
    "lifetime": 35,
    "colorFrom": "737373FF",
    "colorTo": "737373FF",
    "cone": 360},
	{"type": "ParticleEffect",
    "particles": 12,
    "line":true,
    "sizeFrom": 9,
    "sizeTo": 0,
    "length": 43,
    "baseLength": 23,
    "lifetime": 22,
    "colorFrom": "FFFFFF",
    "colorTo": "FFE176FF",
    "cone": 360},
    {"type": "WaveEffect",
    "lifetime": 10,
    "sizeFrom": 1,
    "sizeTo": 78,
    "strokeFrom": 8,
    "strokeTo": 0,
    "colorFrom": "FFE176FF",
    "colorTo": "ffffff"}
    ]}  },
	},
	"requirements": [
	{ "item": "titanium", "amount": 55 },	
	{ "item": "graphite", "amount": 45 },
	{ "item": "silicon", "amount": 125 }
		{ "item": "copper", "amount": 125 }
	],
	"category": "turret",
	"research": "火箭发射器"
}
