{
	"name": "零蝶",
	"type":"flying"
	"defaultController":"MinerAI"
	"description":"一种小矿机，可以使用自身的钻头攻击",
	"health":240,
	"speed":1,
	"flying":true,
	"hitSize":5,
	"engineOffset":5,
	"engineSize":2.5,
	"itemCapacity":90,
	"mineSpeed":12,
    "mineTier":6,
    "buildSpeed":0,
    "engineColor":"#ffccff"//尾巴颜色
    "range":50
    "weapons":[{
        "reload":16,
        "mirror":false,
        "x":0,
        "y":0,
        "rotate":true,
        "shootSound":"plasmadrop"
        "bullet":{
            "name":"钻头激光压缩仪"
            "type":"BasicBulletType",
            "Sprite":"large-bomb-back"
            "lifetime":20,
            "speed":12,
            "damage":20
            "width":10
            "length":20
            "backColor":"ffccff"
            "despawnEffect":"greenBomb"
            "hitEffect":"massiveExplosion"
            "hitSound":"plasmadrop"
            "spin":2
            "splashDamage":20
            "splashDamageRadius":120
    }}]
}
/*quad = new UnitType("quad"){{
            armor = 8f;
            health = 6000;
            speed = 1.4f;
            rotateSpeed = 2f;
            accel = 0.05f;
            drag = 0.017f;
            lowAltitude = false;
            flying = true;
            engineOffset = 12f;
            engineSize = 6f;
            rotateShooting = false;
            hitSize = 32f;
            payloadCapacity = (3 * 3) * tilePayload;
            buildSpeed = 2.5f;
            range = 140f;
            targetAir = false;
            targetFlag = BlockFlag.battery;

            ammoType = AmmoTypes.powerHigh;

            weapons.add(
            new Weapon(){{
                x = y = 0f;
                mirror = false;
                reload = 55f;
                minShootVelocity = 0.01f;

                soundPitchMin = 1f;
                shootSound = Sounds.plasmadrop;

                bullet = new BasicBulletType(){{
                    sprite = "large-bomb";
                    width = height = 120/4f;

                    maxRange = 30f;
                    ignoreRotation = true;

                    backColor = Pal.heal;
                    frontColor = Color.white;
                    mixColorTo = Color.white;

                    hitSound = Sounds.plasmaboom;

                    shootCone = 180f;
                    ejectEffect = Fx.none;
                    despawnShake = 4f;

                    collidesAir = false;

                    lifetime = 70f;

                    despawnEffect = Fx.greenBomb;
                    hitEffect = Fx.massiveExplosion;
                    keepVelocity = false;
                    spin = 2f;

                    shrinkX = shrinkY = 0.7f;

                    speed = 0.001f;
                    collides = false;

                    healPercent = 15f;
                    splashDamage = 240f;
                    splashDamageRadius = 120f;
                }};
            }});
        }};
            mono = new UnitType("mono"){{
            controller = u -> new MinerAI();

            flying = true;
            drag = 0.06f;
            accel = 0.12f;
            speed = 1.5f;
            health = 100;
            engineSize = 1.8f;
            engineOffset = 5.7f;
            range = 50f;
            isEnemy = false;

            ammoType = new PowerAmmoType(500);

            mineTier = 1;
            mineSpeed = 2.5f;
        }};
        */