{
    "type": "Unloader",
    "name": "高速卸载器",
    "description": "在普通卸载器上进行了速度升级，可以更快的卸载物品，配合混凝土传送带或高速传送带桥更佳。",
    "requirements": [
        {
            "item": "titanium",
            "amount": 30
        },
        {
            "item": "高纯硅",
            "amount": 25
        }
    ],
    "speed": 2,
    "group": "transportation",
    "category": "effect",
    "research": "unloader"
}
//此方块儿为工业类-工业基础-高纯硅