{
    "size":4,//平方大小
    "description":"保护己方建筑，挡下敌方炮弹，拥有力墙，本体受到伤害时会额外损坏，对碾压伤害有更高的免疫效果，有概率反弹子弹",//介绍
    "name": "巨型盾墙",
	"type": "ShieldWall",//类型盾墙
	"health": 86640,
	"armor": 600,
	"flashHit": true,
	"chanceDeflect": 45,
	"shieldHealth": 86000,//护盾容量
	"regenSpeed": 1200,//护盾再生速度
	"breakCooldown": 60,//护盾冷却时间
	"crushDamageMultiplier": 0.25,//碾压伤害倍率
	"deflect": true,//反弹子弹
"chanceDeflect":100,//反弹概率（1=1%）
	"requirements": [
		"phase-fabric/400"
		"beryllium/210",
	],
	"category": "defense",
	"research": {
		"parent": "shielded-wall",
	}
}