{
	"type": "mech",
	"name": "弹药",
	"description": "在极远的地方发射导弹，对敌方进行打击。",
    "speed": 0.5,
    "hitSize": 22,
		"ammoType":{
	"type":"PowerAmmoType",
	"totalPower":2200},
	"ammoCapacity": 700
    "ammoResupplyAmount":1,/*弹药补给倍率 */
    "health": 1500,
    "armor": 7,
    "drag": 0.2,
    "rotateSpeed": 2.5,
    "itemCapacity": 30,
        "targetAir":true,  
    "targetGround":true,
	"weapons":[
	{	"name": "弹药1",	
		"reload":96,
        "x": 7,  "y": 0.9, 
       "rotate": false,
        "inaccuracy": 6,
        "shootSound": "artillery",
		"shoot":{
			"shots":1,
			"shotDelay":90
		},
		"alternate": false,
		"bullet":{
	         "type": "BasicBulletType",
             "spawnUnit": "导弹",
             "speed": 0,
             "shootEffect": {
	             "type": "shootBig",
  	             "effects": [
       		         {
	                 "type": "RadialEffect",
	                 "effect": "shootBigSmoke2",
	               	},
	            	{
	                "type": "ParticleEffect",
                  	"particles": 45,
                 	"lifetime": 400,
                 	"sizeFrom": 4,
                   	"sizeTo": 0,
	                "length": 120,
	                "cone": 10,
                  	"interp": "pow10In",
                  	"sizeInterp": "pow5Out",
	                "colorFrom": "FEB380AA",
	                "colorTo": "FEB38000"
               		}
	             ]
	         }
	}	}
	]
	"research": {
	"parent":"轻型特殊兵种生产工厂"
"objectives": [
            {
				"type": "SectorComplete",
				"preset": "沙丘之谷"
			}
	]
	}
	         "researchCostMultiplier": 10,
}