{
	"type": "naval",
	"name": "水溪",
	"description": "发射治疗光球与治疗光线。",
	"details":"原宇宙已有，研究费用降低",
		"immunities": [
		"潮湿"
	],
	"speed":0.9,
	"rotateSpeed":3,
	"ammoType":{
	"type":"PowerAmmoType",
	"totalPower":100},
	"ammoCapacity": 60,
    "trailLength":24,
    "waveTrailX":0,
    "waveTrailY":-6,
    "trailScl":2,
	"hitSize":22, 
	"health": 2000,
	"armor":5,
	"faceTarget": false,
	    "abilities": [/*能力（如力场防御等） */
        {
        "type": "RepairFieldAbility"
        "amount":40
        "reload": 120
        "range": 120
    }]
	"weapons":[ 
{
    		"name": "水溪1",
    		"reload":8,
    		"mirror": true,
    		"x":5,
    		"y":7,
    		"shootY":1,
    		"shoot":{
    			"shots":2,
    			"shotDelay":1,
    		}
    		"recoil":0,
    		"rotate":true,
			"inaccuracy":12, 
    		"shootSound": "flame",
    		"shootCone": 8,
    		"top":true,
			"bullet": {
    			"type": "BasicBulletType",
    			"collidesAir": true,
    			"speed": 5,
    			"damage":15,
    			"healPercent":10
    			"width": 0.1,
    			"height": 0.1,
    			"status": "燃烧",
			    "statusDuration": 30,
			    "autoTarget": true,
    			"shootEffect": {
    				"type": "ParticleEffect",
    				"particles":15,
    				"sizeFrom": 2,
    				"sizeTo": 0,
    				"length": 100,
    				"lifetime": 58,
                    "interp": "circleOut",
                    "colorFrom": "84F491FF",
                    "colorTo": "84F491FF",
                    "cone": 8
                },
                "smokeEffect": "none",
                "lifetime": 15,
                "despawnEffect": "none",
                "hittable": false,
                "reflectable": false,
                "hitEffect": {
                    "type": "ParticleEffect",
                    "particles":7,
                    "sizeFrom": 2,
                    "sizeTo": 0,
                    "length": 20,
                    "lifetime": 15,
                    "interp": "circleOut",
                    "colorFrom": "62AE7FFF",
                    "colorTo": "84F491FF",
                    "cone": 360
					},
				"pierce": true,
				"makeFire":true,
				//制造火焰
				"incendAmount":0.5
				//引火数量
    			}
  			},
  			{	"name": "水溪2",
		"reload": 30, 
		"shootY": 9,
        "x": 5,   "y": -3,
        "shoot":{
            "type":"ShootSpread",
            "shots":3
        },
		"shake":2.2,"recoil":2.5,
		"top":true,
		"shootSound": "spark",
		"alternate": true,
		"mirror": true,
		"bullet":{
    "type":"LightningBulletType",
    "damage":30,
    "lightningColor":"62AE7FFF",
    "hitColor":"84F491FF",
    "lightningLength":12,
    "rotateSpeed": 5,
    "lightningLengthRand":8,
    "shootEffect":"shootHeal",
    "smokeEffect":"shootHeal",
    "healPercent":5,
    "collidesTeam":true,
    "hitEffect":"hitLancer",
    "despawnEffect":"none",
    "status":"麻痹",
    "statusDuration":30
	}	}
	{	"name": "水溪3",	
		"reload":120,
        "x": 0,  "y": 0, 
        "rotate": true,
        "rotateSpeed":1,
        "inaccuracy": 0,
        "shootCone":12,
		"shoot":{
			"shots":2,
			"shotDelay":45
		},
		"shootSound": "pew",
		"rotateSpeed": 3,//炮台转头速度
		"alternate": true,
		"mirror":false,
		"ejectEffect":"casing1",
		"bullet":{
	    "damage":10,	  
	    "splashDamageRadius":25,
		"splashDamage":10,
		"healPercent":5
	    "speed":2,
	    "lifetime":100,
	    "width":12,	 "height":12
	    "weaveMag":4,
	"weaveScale":4,
	    	"homingRange": 50,
	"homingPower": 0.1,
	"trailLength":8,
	"trailWidth":3,
    "trailColor":"AEFA93FF",
	"frontColor":"AEFA93FF",
	"backColor":"5EA15DFF",
	}	}
	]
	"research": {
	"parent":"轻型特殊兵种生产工厂"
	"objectives": [
            {
				"type": "SectorComplete",
				"preset": "边际海湾"
			}
	]
	}
	"researchCostMultiplier": 10,
}