{
    "name": "修复发生器",
    "description": "这就是爱吗？",
    "size": 3,
    "range": 200,
    "reload": 60,
    "healPercent": 6,
    "phaseRangeBoost":40,
    "consumes": {
        "items":{
            "items":["phase-fabric/2"],
            "optional":true,
            "booster":true
        },
        "power": 3
    },
    "requirements": [
        "silicon/100",
        "plastanium/75",
        "lead/200",
        "copper/200",
        "titanium/150",
        "thorium/75"
    ],
    "category": "effect",
    "research":"mend-projector"
}