{
	"name": "纳米修复仪",
	"description": "方块：这就是更强大爱吗？",
	"type": "MendProjector",
	"health": 1500,
	"size": 4,
	"range": 300,
	"reload": 1,
	"healPercent": 2,
	"consumes": {
		"power": 1,
        "items":{
			"items":[
			    "纳米合金/1"
			],
			"booster":true,
			"optional": true
		}
	},
	"requirements": [
		{ "item": "silicon", "amount": 100 },
		{ "item": "plastanium", "amount": 75 },
		{ "item": "lead", "amount": 200 },
		{ "item": "copper", "amount": 200 },
		{ "item": "titanium", "amount": 150 },
		{ "item": "thorium", "amount": 75 },
		{ "item": "纳米合金", "amount": 50 }
	],
	"category": "effect",
	"research":"修复发生器"
}