{
	"name": "超速领域投射仪",
	"type": "OverdriveProjector",
	"description":"让你体验卡其脱离太的感觉,配上合金带食用更佳 ",
	"health": 1250,
	"size": 3,
	"range": 450,
	"reload":900 ,
	"speedBoost": 3,
	"consumes": {
		"power": 7,
        "items":{
			"items":[
				{"item":"surge-alloy","amount":1}
			],
			"booster":true,
			"optional": true
		}
	},
	"requirements": [
		{ "item":"surge-alloy","amount": 40 },
		{ "item": "plastanium", "amount": 75 },
        
		{ "item": "lead", "amount": 200 },
		
		{ "item": "silicon", "amount": 200 },
		{ "item": "thorium", "amount": 200 },
		{ "item": "titanium", "amount": 125 }
	],
	"category":"effect",
	"research":"overdrive-projector"
}