{
	"type":"ForceProjector",
	"name": "锎晶能量立场发生器",
	"description": "发生一个非常大的力墙，且比普通力墙更为坚固 ",
	"health": 3000,
	"size": 4,
	"radius": 300,
	"phaseUseTime": 180,
	"phaseRadiusBoost": 100,
	"basePowerDraw": 1000,
	"cooldownNormal":25,
	"cooldownLiquid":10,
	"cooldownBrokenBase":1000,
	"buildCostMultiplier":1,
	"consumes":{
	    "power":50,
		"items":{
			"items":[
				{"item":"压缩固态能量","amount": 2}
			],
			"booster":true,
			"optional":false
		}
	},
	"requirements": [
	{ "item": "surge-alloy", "amount": 250 },
	{ "item": "纳米合金", "amount": 200 },
       { "item": "固态能量", "amount":120 },
	{ "item": "plastanium", "amount": 120 },
	{ "item": "silicon", "amount": 750 },
	{ "item": "锎晶", "amount":20 }
	],
	"category":"effect",
	"research":"force-projector"
}