{
	"name":"进阶铀精炼厂",
	"description":"进阶提炼铀-235",
	"size":4,
	"outputItem":
		{"item":"U-235","amount":4},
	"consumes":{
		"power":15.0,
		"items":{
			"items":[
				{"item":"U","amount":10}
			]
		}
	},
	"requirements":[
		{"item":"Fe-C","amount":4500},
		{"item":"Mg-Al","amount":2700},
		{"item":"Ti+","amount":1950},
		{"item":"xvx-ai","amount":40},
		{"item":"普通科技点","amount":960}
	],
	"hasItems":true,
	"craftTime":520,
	"health":4000,
	"itemCapacity":60,
	"research":{
	"parent":"U-235-Plant",
    "requirements":[
		{"item":"Fe-C","amount":45000},
		{"item":"Mg-Al","amount":27000},
		{"item":"Ti+","amount":19500},
		{"item":"xvx-ai","amount":400}
	]},
	"category":"crafting"
}