{
	"type":"Drill",
	"size":2
	"health":400
	"tier":4
	"drillTime":216
	"itemCapacity":40
	"liquidCapacity":60
	"rotateSpeed":3
	"drawMineltem": true,
	"idleSound":"DrillBit",
	"idleSoundVolume": 0.5
	"liquidBoostIntensity":2,
	"consumes":{
		"liquid":{
			"liquid":"water",
			"amount":0.1
			"optional":true,
			}
	},
	"requirements":[
		{"item":"copper","amount":60},
		{"item":"graphite","amount":40},
		{"item":"titanium","amount":60},
		{"item":"silicon","amount":40},
		{"item":"致密金属块","amount":40},
		],
	"category": "production",
	"research":"pneumatic-drill"
	}