{
  "name": "Game-difficulty-adjustment",
  "displayName": "Game difficulty adjustment\n游戏难度调整",
  "author": "[red]x[pink]v[blue]x[gray]神[purple]魂",
  "description":"可以实现在游戏局内设置游戏难度，目前可以对波次的间隔和敌人强度进行选择
  交流群：621774384
  著作人：XVX神魂
  The difficulty of the game can be set in the game. Currently, the interval of waves and the strength of the enemy can be selected.",
  "minGameVersion":136,
  "main": "xvx.XVXMod",
  "hidden": true,
  "version":2.0
}