{
    "type":"Drill",
    "name": "混乱钻头",
    "description": "混乱融合",
    "details":"第一个自己缝的杰作。"
    "health":1000,//血量
	"size":4,
	"tier":32767,
	"drillTime":64,
	"itemCapacity":32767,
	"liquidCapacity":6
	"rotateSpeed":15,//贴图旋转速度
	"warmupSpeed":1.73206,
	"liquidBoostIntensity":1.73206
,//液体加强
	"consumes":{
	"power":2.8,
	"liquid": {
	   "liquid": "water",
	   "amount": 0.083333333,
	   "booster": true,
	   "optional": true
}
}
    "requirements":[
	            "copper/60",
	            "lead/60",
	            "titanium/60",
	            "thorium/30",
	            "silicon/50",
	],
	"research": 
    {"parent":"铜铅废犹大钻头",
    "requirements":[
                "copper/2500",
	            "lead/2500",
	            "titanium/2500",
	            "thorium/2500",
	            "silicon/2500",
    ]   
    }
	"hasItems": true,
	"drawMineItem":true,
	"category": "production",
	"drawRim": false,
	"liquidboost":true
}