{
	"type":"ConsumeGenerator",
	"name":"废料发电机",
	"description":"废料与沙子进行充分混合，碰撞形成@/-*#=%￥效应。",
	"size":2,
	"health":600,
	"hasPower":true,
	"hasLiquids":false,
	"hasItems":true,
	"itemCapacity":50,
	"liquidCapacity":10,
	"powerProduction":3.4,
	"itemDuration":120,
	"consumes":{
		"items": {
			"items": [
				{ "item": "sand", "amount": 1 },
				{ "item": "scrap", "amount": 1 }
			],
			"optional": false
		}
	},
	"requirements":[
	    {"item":"塑料","amount":50},
		{"item":"lead","amount":50},
		{"item":"copper","amount":50}
	],
	"category":"power",
	"research": "沙子发电机"
}