{
	"type":"ConsumeGenerator",
	"name":"沙能发电机",
	"description":"沙子与氮气进行充分混合后再与水分碰撞形成@/-*#=%￥效应。",
	"size":2,
	"health":600,
	"hasPower":true,
	"hasLiquids":true,
	"hasItems":true,
	"itemCapacity":50,
	"liquidCapacity":10,
	"powerProduction":3.4,
	"itemDuration":160,
	"consumes":{
		"items": {
			"items": [
				{ "item": "sand", "amount": 1 }
			],
			"optional": false
		},
		"liquid":{"liquid":"water","amount": 0.08}
	},
	"requirements":[
	    {"item":"copper","amount":50},
		{"item":"lead","amount":50},
		{"item":"sand","amount":50}
	],
	"category":"power",
	"research": "沙子发电机"
}