{
	"type": "missile", // 单位类型：导弹
	"template": "MissileUnitType", // 使用导弹单位模板
	"name": "通用", // 单位名称
	"speed": 7.5, // 飞行速度(格/秒)
	"lifetime": 70, // 最大存活时间(帧)
	"rotateSpeed": 8, // 转向速度(度/帧)
	"loopSoundVolume": 0.3, // 循环音效音量
	"hidden": false, // 是隐藏
	"missileAccelTime": 20, // 加速时间(帧)
	"homingDelay": 20, // 制导启动延迟(帧)
	"hitSize": 12, // 碰撞体积(像素)
	"health": 8000, // 生命值
	"fogRadius": 4, // 战争迷雾探测半径(格)
	"engineColor": "FFA05C98", // 引擎颜色(玫红色)
	"trailColor": "FFA05C98", // 尾迹颜色(浅橙色)
	"trailLength": 23, // 尾迹长度
	"engineLayer": 49, // 引擎图层层级
	"engineOffset": 6, // 引擎位置偏移
	"engineSize": 3, // 引擎粒子大小
	"maxRange": 4.5, // 最大射程(格)

	"abilities": [ // 特殊能力
		{
			"type": "MoveEffectAbility", // 移动特效能力
			"effect": { // 特效配置
				"type": "ParticleEffect", // 粒子效果
				"particles": 3, // 每次生成粒子数
				"sizeFrom": 2, "sizeTo": 3, // 粒子大小变化
				"interp":"pow5Out", // 五次方缓出插值
				"sizeInterp":"pow10In", // 十次方缓入大小变化
				"length": 48, // 效果长度
				"baseLength": 4, // 基础长度
				"lifetime": 2, // 粒子存活时间(帧)
				"colorFrom": "FFA05C48", // 起始颜色(橙红色半透明)
				"colorTo": "FFA05C98", // 结束颜色
				"cone": 30 // 锥形角度
			},
			"interval": 2, // 特效生成间隔(帧)
			"rotateEffect": true, // 特效随导弹旋转
			"y": 5.8 // Y轴偏移
		}
	],
	"weapons": [ // 武器系统
		{
			"name": "自爆", // 贴图名
			"reload": 20, // 装填时间(帧)其实这不需要
			"mirror": false, // 不镜像对称
			"rotate": true, // 可旋转
			"shake": 5, // 爆炸屏幕震动强度
			"shootSound": "none", // 无射击音效
			"shootOnDeath": true, // 死亡时触发
			"shootCone": 360, // 全向爆炸
			"bullet": { // 子弹配置
				"collides":false, // 无碰撞检测
				"instantDisappear": true, // 立即消失
				"ammoMultiplier": 1, // 弹药消耗倍数
				"hitSound": "titanExplosion", // 爆炸音效(泰坦级)
				"killShooter": true, // 杀死发射者
				"splashDamageRadius": 6.5, // 爆炸范围(像素)
				"splashDamage": 845, // 范围伤害
				"status": "blasted", // 施加"爆炸"状态
				"hitShake": 2, // 命中震动
				"shootEffect": "none", // 无射击特效
				"smokeEffect": "none", // 无烟雾特效
				"despawnEffect": "none", // 无消失特效
				"hitColor":"FFA05C98", // 命中颜色(橙红色)
			    "despawnEffect": { // 实际消失特效(覆盖前项)
					"type": "ParticleEffect",
					"particles": 12, // 粒子数量
					"sizeFrom": 8, "sizeTo": 12, // 大小变化
					"length": 5, "baseLength": 11, // 长度参数
					"lifetime": 32, // 存活时间(帧)
					"colorFrom": "FFA05C98", // 淡蓝色
					"colorTo": "FFA05C98" // 淡蓝色
				}
			}
		}
	]
}