{
		"immunities": [
"wet","spore-slowed","tarred","shocked","freezing","蜂群"
	],
	"name": "护卫D",
	"type": "missile",
	"template": "MissileUnitType",
	"hitSize": 8
	"engineOffset": 3,
	"engineSize": 3,
	"health": 1380,
	"armor": 6,
	"speed": 0.5,
	"lifetime": 3600,
	"rotateSpeed": 4,
	"engineOffset": 0,
	"missileAccelTime": 60,
	"weapons": [
	{	"name": "无",	
		//"minShootVelocity": 1.5,
		"reload": 60 
	"shoot":{
	"shots":12},
		"x": 0,  "y": 0,
		//"ignoreRotation":true,
		"rotate": true,
			"rotateSpeed": 99999
		"shootCone":360,
		"inaccuracy": 360,
		"mirror": false,
		"shootSound": "missile",
		"bullet":{   
		"damage":6,	  
	"splashDamage":22,
	"splashDamageRadius":32,
	"status":"burning",
	"speed":1
	"lifetime":200,
	"width":1,	 "height":3,
	"hitEffect":"flakExplosion",
	"despawnEffect":"flakExplosion"
	"sprite":"missile-back",
            "homingRange": 120,
            "homingPower": 0.1,
            "homingDelay":15
            "trailLength":3
    "trailWidth":0.5,
    "trailColor":"1878BF",
    "backColor":"c0ecff",
    "frontColor":"c0ecff"
    "buildingDamageMultiplier":0
	}	}
	],
}