{
		"immunities": [
"wet","spore-slowed","tarred","shocked","freezing","蜂群"
	],
	"name": "蝇虫",
	"type": "missile",
	"template": "MissileUnitType",
	"hitSize": 8
	"engineOffset": 3,
	"engineSize": 3,
	"health": 380,
	"armor": 6,
	"speed": 0.5,
	"lifetime": 1200,
	"rotateSpeed": 2.5,
	"engineOffset": 0,
	"missileAccelTime": 60,
	"abilities": [
        {
        "type": "RepairFieldAbility"
        "amount":56
        "reload": 24
        "range": 1
    }
    {"type":"ArmorPlateAbility",
	"healthMultiplier":2}
    ],
	"weapons": [
	{	"name": "无",	
		//"minShootVelocity": 1.5,
		"reload": 120 
	"shoot":{
	"shots":12},
	"shootStatusDuration": 150,//发射时给自己的状态时间
	"shootStatus": "静止",//发射时给自己的状态
		"x": 0,  "y": 0,
		//"ignoreRotation":true,
		"rotate": true,
			"rotateSpeed": 99999
		"shootCone":360,
		"inaccuracy": 360,
		"mirror": false,
		"shootSound": "missile",
		"bullet":{   
	"splashDamage":22,
	"splashDamageRadius":32,
	"status":"burning",
	"speed":1
	"lifetime":160,
	"width":1,	 "height":3,
	"hitEffect":"flakExplosion",
	"despawnEffect":"flakExplosion"
	"sprite":"missile-back",
            "homingRange": 120,
            "homingPower": 0.1,
            "homingDelay":30
            "trailLength":3
    "trailWidth":0.5,
    "trailColor":"1878BF",
    "backColor":"c0ecff",
    "frontColor":"c0ecff"
	}	}
	],
}