{
		"immunities": [
"wet","spore-slowed","tarred","shocked","freezing","蜂群"
	],
	"name": "鹰爪",
	"type": "missile",
	"template": "MissileUnitType",
	"engineOffset": 3,
	"hitSize": 8
	"engineSize": 3,
	"health": 1680,
	"armor": 16,
	"speed": 5,
	"lifetime": 1200,
	"rotateSpeed": 2.5,
	"engineOffset": 0,
	"missileAccelTime": 60,
	"abilities": [
        {
        "type": "RepairFieldAbility"
        "amount":12
        "reload": 30
        "range": 100
    }
    { "type": "StatusFieldAbility",
    "duration": 30,
    "reload": 10,
    "range": 100
    "applyEffect":"none",
    "activeEffect":"none",
    "effect":"蜂群"  }
    {"type":"ArmorPlateAbility",
	"healthMultiplier":2}
    ],
	"weapons": [
	{	"name": "无",	
		"reload":6,
        "x": 6,  "y": 6, 
        "rotate": false,
        "inaccuracy": 0,
        "shootStatusDuration": 40,//发射时给自己的状态时间
	"shootStatus": "静止",//发射时给自己的状态
		"rotateSpeed": 999
		"shoot":{
			"shots":1,
		},
		"shootSound": "pew",
		"rotateSpeed": 5,//炮台转头速度
		"alternate": true,
		"ejectEffect":"casing1",
		"bullet":{
	    "damage":36,	  
	    "speed":3,
	    "lifetime":55,
	    "width":7,	 "height":10
	                "homingRange": 30,
            "homingPower": 0.1,
            "homingDelay":7
            "trailLength":3
    "trailWidth":0.5,
    "trailColor":"1878BF",
    "backColor":"c0ecff",
    "frontColor":"c0ecff"
	}	}
	{	"name": "无",	
		//"minShootVelocity": 1.5,
		"reload": 60 
	"shoot":{
	"shots":6},
		"x": 0,  "y": 0,
		//"ignoreRotation":true,
		"rotate": true,
			"rotateSpeed": 99999
		"shootCone":360,
		"inaccuracy": 360,
		"mirror": false,
		"shootSound": "missile",
		"bullet":{   
	"splashDamage":62,
	"splashDamageRadius":32,
	"status":"burning",
	"speed":3
	"lifetime":120,
	"width":3,	 "height":7,
	"hitEffect":"flakExplosion",
	"despawnEffect":"flakExplosion"
	"sprite":"missile-back",
            "homingRange": 120,
            "homingPower": 0.1,
            "homingDelay":7
            "trailLength":3
    "trailWidth":0.5,
    "trailColor":"1878BF",
    "backColor":"c0ecff",
    "frontColor":"c0ecff"
	}	}
	],
}