{
  "name": "旋涡",
  "description": "发射液体炮弹，对敌人造成元素影响，并击退敌人",
  "size": 3,
  "range": 200,
  "reload": 60,
  "shootSound": "artillery",
  "inaccuracy": 1,
  "ammoTypes": {
    "water": {
      "type": "BasicBulletType",
      "sprite": "me-liquid-vortex",
      "frontColor": "486acd",
      "backColor": "7090ea",
      "spin": 6,
      "speed": 2,
      "height": 20,
      "width": 20,
      "lifetime": 100,
      "despawnEffect": "none",
      "hitEffect": {
        "type": "WaveEffect",
        "colorFrom": "486acd",
        "colorTo": "7090ea",
      },
      "shrinkX": 0,
      "shrinkY": 0,
      "knockback": 30,
      "damage": 20,
      "pierce": true,
      "pierceCap": 10,
      "status": "wet",
      "statusDuration": 20,
    },
    "cryofluid": {
      "type": "BasicBulletType",
      "sprite": "me-liquid-vortex",
      "frontColor": "87ceeb",
      "backColor": "c0ecff",
      "spin": 6,
      "speed": 2,
      "height": 20,
      "width": 20,
      "lifetime": 100,
      "despawnEffect": "none",
      "hitEffect": {
        "type": "WaveEffect",
        "colorFrom": "87ceeb",
        "colorTo": "c0ecff",
      },
      "shrinkX": 0,
      "shrinkY": 0,
      "damage": 40,
      "knockback": 50,
      "pierce": true,
      "pierceCap": 15,
      "status": "freezing",
      "statusDuration": 30
    },
    "slag": {
      "type": "BasicBulletType",
      "sprite": "me-liquid-vortex",
      "frontColor": "ffcd66",
      "backColor": "ffffa3",
      "spin": 6,
      "speed": 2,
      "height": 20,
      "width": 20,
      "lifetime": 100,
      "despawnEffect": "none",
      "hitEffect": {
        "type": "WaveEffect",
        "colorFrom": "ffcd66",
        "colorTo": "ffffa3",
      },
      "shrinkX": 0,
      "shrinkY": 0,
      "damage": 30,
      "knockback": 40,
      "pierce": true,
      "pierceCap": 25,
      "status": "melting",
      "statusDuration": 30,
    },
    "oil": {
      "type": "BasicBulletType",
      "sprite": "me-liquid-vortex",
      "frontColor": "313131",
      "backColor": "61615b",
      "spin": 6,
      "speed": 2,
      "height": 20,
      "width": 20,
      "lifetime": 100,
      "despawnEffect": "none",
      "hitEffect": {
        "type": "WaveEffect",
        "colorFrom": "313131",
        "colorTo": "61615b",
      },
      "shrinkX": 0,
      "shrinkY": 0,
      "damage": 35,
      "knockback": 40,
      "pierce": true,
      "pierceCap": 15,
      "status": "tarred",
      "statusDuration": 30
    },
    "living-steel-liquid": {
      "damage": 40,
      "type": "BasicBulletType",
      "sprite": "me-liquid-vortex",
      "frontColor": "9e78dc",
      "backColor": "8161b5",
      "spin": 6,
      "speed": 2,
      "height": 20,
      "width": 20,
      "lifetime": 100,
      "despawnEffect": "none",
      "hitEffect": {
        "type": "WaveEffect",
        "colorFrom": "9e78dc",
        "colorTo": "8161b5",
      },
      "shrinkX": 0,
      "shrinkY": 0,
      "knockback": 45,
      "pierce": true,
      "pierceCap": 25,
      "status": "sapped",
      "statusDuration": 120
    },
    "neutron-fluid": {
     "type": "BasicBulletType",
      "sprite": "me-liquid-vortex",
      "frontColor": "ffffff",
      "backColor": "cdcdcd",
      "spin": 6,
      "speed": 2,
      "height": 20,
      "width": 20,
      "lifetime": 100,
      "despawnEffect": "none",
      "hitEffect": {
        "type": "WaveEffect",
        "colorFrom": "ffffff",
        "colorTo": "cdcdcd",
      },
      "shrinkX": 0,
      "shrinkY": 0,
      "damage": 65,
      "knockback": 60,
      "pierce": true,
      "status": "me-neutron-frozen",
      "statusDuration": 180,
      "pierceCap": 40,
    },
    "acid": {
      "damage": 40,
      "type": "BasicBulletType",
      "sprite": "me-liquid-vortex",
      "frontColor": "f8f854",
      "backColor": "b0bf1a",
      "spin": 6,
      "speed": 2,
      "height": 20,
      "width": 20,
      "lifetime": 100,
      "despawnEffect": "none",
      "hitEffect": {
        "type": "WaveEffect",
        "colorFrom": "f8f854",
        "colorTo": "b0bf1a",
      },
      "shrinkX": 0,
      "shrinkY": 0,
      "knockback": 45,
      "pierce": true,
      "pierceCap": 25,
      "status": "me-acidic-burn",
      "statusDuration": 120
    }
  },
  "rotateSpeed": 200,
  "targetAir": false,
  "targetGround": true,
  "recoil": 1,
  "requirements": [
    {
      "item": "copper",
      "amount": 75
    },
    {
      "item": "graphite",
      "amount": 50
    },
    {
      "item": "metaglass",
      "amount": 50
    }
  ],
  "category": "turret",
  "type": "LiquidTurret",
  "health": 420,
  "research": "sprunkler"
}
