{
  "type": "flying",
  "name": "Frigate",
  "description": "An alternative to the poly and mega more focused on healing anything and everything around it.",
  "controller": "RepairAI",
  "flying": true,
  "lowAltitude": true,
  "health": 460,
  "armor": 3,
  "hitSize": 15, 
  "speed": 2.5,
  "accel": 0.06,
  "drag": 0.017,
  "engineOffset": 0, 
  "engineSize": 3,
  "buildSpeed": 5,
  "mineTier": 3,
  "mineSpeed": 9.5,
  "weapons": [
  {
    "name": "frigate-welder",
    "x": 0,
    "y": 8.5,
    "reload": 60,
    "recoil": 0,
    "continuous": true,
    "cooldownTime": 0,
    "mirror": false,
    "shootSound": "beam",
    "bullet": {
      "type": "ContinuousLaserBulletType",
      "lifetime": 60,
      "damage": 1,
      "healPercent": 1,
      "collidesTeam": true,
      "incendChance": 0,
      "incendSpread": 0,
      "incendAmount": 0,
      "drawSize": 0.1,
      "length": 8,
      "width": 8,
      "colors": ["98ffa955", "98ffa9aa", "98ffa9", "ffffff"],
      "lightColor": "98ffa9"
    }
  }
  ],
  "abilities": [
    {
      "type": "StatusFieldAbility",
      "activeEffect": {
        "type": "WaveEffect",
        "lifetime": 60,
        "sizeFrom": 60,
        "sizeTo": 60,
        "colorFrom": "98ffa9",
        "colorTo": "98ffa9",
        "strokeFrom": 4,
        "strokeTo": 1
      }, 
      "effect": {
        "name": "overheal",
        "localizedName": "Overheal",
        "healthMultiplier": 1.5,
        "damage": -1,
        "effect": {
          "type": "ParticleEffect",
          "particles": 1,
          "length": 0,
          "lifetime": 25,
          "sizeFrom": 2,
          "sizeTo": 2,
          "colorFrom": "98ffa9",
          "colorTo": "98ffa900",
          "region": "large-bomb-back"
        }
      },
      "range": 60,
      "reload": 600,
      "duration": 60
    }
  ],
  "research": "barge"
}
