{
"name":"ES融化",
	"damage": 3600,
	"speedMultiplier":9,
	"effectChance":6,
		"description": "看看就好了，json代码目前还不支持两种buff混合反应，以后我们会尽可能把此问题解决",
	"opposites": [
	"冰冻"
	"潮湿"
	],
	"transitionDamage": 11,
	"affinities": [
	],
	"effect":{	"type": "ParticleEffect",
	"particles": 10,  
	"baseLength": 100,
	"length":80,
	"lifetime": 200,
	"sizeFrom": 10,
	"sizeTo": 0,
	"colorFrom": "f68021",
	"colorTo": "f0511d",
	"cone":360 }
}
