{
	"name": "大型钛化钨钢墙",
	"description": "牺牲的放电能力提升防御能力",
	"type": "Wall",
	"health":28000,
	"size":2,
	"armor": 110,//护甲
	"requirements": [
		{ "item": "钛化钨钢", "amount":505}
		{ "item": "surge-alloy", "amount":1050}
	],
	"category": "defense",
	"research": "copper-wall"
"absorbLasers":false,
"deflect": false,
"chanceDeflect":0,
"lightningChance":0
"lightningDamage":0
"lightningLength":0
	"research":"大型钛合金墙"//科技树位置，duo为双管
}