{
	"type": "Pump",
	"name": "机电泵",
	"description": "也就比机械泵好亿点。",
	"health": 150,
	"size": 2,
	"liquidCapacity": 20,
	"hasLiquids": true,
	"haspower":true,
	"pumpAmount": 0.08,
	"requirements": [
		{"item": "silicon", "amount": 5},
		{"item": "metaglass", "amount": 19},
		{"item": "copper", "amount": 40},
		{"item": "graphite", "amount": 20},
	],
	"category": "liquid",
	"research": "mechanical-pump",
	"consumes":{
	"power":0.11
	},
	"details":"(代码)还是老样子，从碳钢工业(mod)抄来的。"
}