{
	"name": "简易钻头",
	"type": "Drill",
    "description": "效率不高",
	"size": 2,
	"health": 8200,
	"tier": 2,
	"group":"drills",
	"drillTime": 60,
	"liquidBoostIntensity": 1.68,
	"canOverdrive": true,
	"warmupSpeed": 15,
	"drillEffect": "mine",
	"updateEffect": "mine",
	"rotateSpeed": 12,
	"drawMineItem":true,
	"consumes": {
		"liquid": {
			"liquid": "water",
			"amount": 0.15,
			"booster": true,
			"optional": true
		}
	},
	"itemCapacity": 20,
	"liquidCapacity": 6,
	"researchCostMultiplier": 1,
	"requirements": [
		"赤铜/20"
		"赤铁/8"
	],
	"research":"简易钻头",
	"category": "production",
}