{
	"name": "简易钻头",
	"type": "Drill",
    "description": "效率不高",
	"size": 2,
	"health": 6100,
	"tier": 1,
	"group":"drills",
	"drillTime": 60,
	"liquidBoostIntensity": 1,
	"canOverdrive": true,
	"warmupSpeed": 30,
	"drillEffect": "mine",
	"updateEffect": "mine",
	"rotateSpeed": 10,
	"drawMineItem":true,
	"consumes": {
		"liquid": {
			"liquid": "water",
			"amount": 0.1,
			"booster": true,
			"optional": true
		}
	},
	"itemCapacity": 5,
	"liquidCapacity": 5,
	"researchCostMultiplier": 0,
	"requirements": [
		"赤铜/8"
	],
	"research":"指挥中心",
	"category": "production",
}