{
    "type": "ImpactReactor",
    "name": "中子发电机",
    "description": "利用中子制造的机器，发电效率更高",
    "size": 3,
    "health": 1250,
    "hasLiquids": false,
    "liquidBoostIntensity": 5,
    "powerProduction": 80,
    "itemDuration": 150,
    "consumes": {
        "power": 0.1,
        "itemFlammable": {}
    },
    "requirements": [
        {
            "item": "copper",
            "amount": 125
        },
        {
            "item": "lead",
            "amount": 65
        }
    ],
    "category": "power",
    "research": "combustion-generator",
    "ambientSound": "pulse",
    "ambientSoundVolume": 1,
    "warmupSpeed": 1
}