{
	"type": "NuclearReactor",
	"name": "无尽催化剂反应堆",
	"description": "利用无尽催化剂进行发电，其发电量相当于30个电力源，[red]请务必保证冷冻液的供应，否则将会发生巨大爆炸"
	"size": 6,
	"health": 1600,
	"liquidCapacity": 36,
	"itemCapacity": 30,
	"hasItems": true,
	"hasLiquids": true,
	"outputsPower": true,
	"powerProduction": 500000,
	"itemDuration": 300,
	"lightColor": "FFFFFF",
	"explosionShake": 50,
	"explosionShakeDuration": 500,
	"explosionRadius": 350,
	"explosionDamage": 500000,
	"explodeSound": "DBZ1",
	"explodeEffect": {
		"type": "MultiEffect",
		"effects": [
			{
				"type": "WaveEffect",
				"lifetime": 20,
				"sizeFrom": 0,
				"sizeTo": 320,
				"strokeFrom": 18,
				"strokeTo": 0,
				"colorFrom": "EEC591",
				"colorTo": "FFFFFF"
			},
			{
				"type": "ParticleEffect",
				"particles": 25,
				"interp": "pow10Out",
				"sizeInterp": "pow5In",
				"sizeFrom": 35,
				"sizeTo": 0,
				"length": 280,
				"baseLength": 0,
				"lifetime": 250,
				"colorFrom": "DEDEDE70",
				"colorTo": "DEDEDE70"
			},
			{
				"type": "ParticleEffect",
				"particles": 35,
				"interp": "pow10Out",
				"sizeInterp": "pow5In",
				"sizeFrom": 30,
				"sizeTo": 0,
				"length": 290,
				"baseLength": 0,
				"lifetime": 300,
				"colorFrom": "DEDEDE70",
				"colorTo": "DEDEDE70"
			},
			{
				"type": "ParticleEffect",
				"particles": 40,
				"interp": "pow10Out",
				"sizeInterp": "pow5In",
				"sizeFrom": 20,
				"sizeTo": 0,
				"length": 300,
				"baseLength": 0,
				"lifetime": 350,
				"colorFrom": "DEDEDE70",
				"colorTo": "DEDEDE70"
			},
			{
				"type": "ParticleEffect",
				"particles": 25,
				"line": true,
				"interp": "pow10Out",
				"sizeInterp": "pow3In",
				"strokeFrom": 3,
				"strokeTo": 0,
				"lenFrom": 150,
				"lenTo": 0,
				"length": 220,
				"baseLength": 60,
				"lifetime": 60,
				"colorFrom": "DEDEDE",
				"colorTo": "DEDEDE"
			},
			{
				"type": "ParticleEffect",
				"particles": 1,
				"sizeFrom": 400,
				"sizeTo": 0,
				"sizeInterp":"pow10In",
				"length": 0,
				"baseLength": 0,
				"lifetime": 600,
				"colorFrom": "FFFFFF",
				"colorTo": "FF5B5B"
			}
		]
	},
	"fuelItem": "无尽催化剂",
	"heating": 0.6,
	"coolantPower": 3,
	"consumes": {
		"liquid":"cryofluid/1",
		"items": ["无尽催化剂/1"]
	},
	"buildCostMultiplier": 0.88,
	"requirements": [
		"copper/18000",
		"lead/18000"
		"graphite/18000",
		"metaglass/16000",
		"surge-alloy/10000"
		"中子锭/100"
		"中子素尘埃/180",
		"中子素颗粒/110"
	],
	"category": "power",
	"research": "thorium-reactor"
}