{
	"type": "ThermalGenerator",
	"name": "水晶热能发电机",
	"size": 2,
	"health": 1500,
	"powerProduction": 6,
	"generateEffect": "redgeneratespark",
	"effectChance": 0.06,
	"drawer": {
		"type": "DrawMulti",
		"drawers": [
			"DrawDefault",
			{
				"type": "DrawFade",
				"scale": 10
			}
		]
	},
	"requirements": [
		"graphite/125",
		"水晶矩阵/115",
		"titanium/15",
		"silicon/105"
	],
	"floating": true,
	//"ambientSound": "hum",
	//"attribute": "heat",
	"category": "power",
	"research": "水晶火力发电机"
}