{
    "name":"钻石钻头",
    "type": "Drill",
    "description":"极快的挖掘速度，需要通过冷却来加速。",
    "size": 4,
    "health": 1200,
    "tier": 7,//挖掘等级
    "drillTime": 100,//挖掘间隔
    "liquidBoostIntensity":2,//加速倍率
    "canOverdrive": true,
    "warmupSpeed": 0.02,
	"drillEffect": "mineBig",
    "updateEffect": "mineBig",
    "rotateSpeed": 10,
    "drawMineItem": true,
    "consumes": {
    "power": 12,
        "liquid": {
            "liquid": "cryofluid",
            "amount": 0.4,
            "booster": true,
            "optional": true
        }
    },
    "itemCapacity": 40,//物品容量
    "liquidCapacity": 20,//液体容量
    "requirements": [	
   { "item": "生物钢", "amount":120},
   { "item": "生命合金", "amount":60}
   { "amount": 180, "item": "surge-alloy" }
	{ "amount": 90, "item": "plastanium" }
	{ "amount": 120, "item": "silicon" }
	{ "amount": 80, "item": "graphite" }
	{ "amount": 50, "item": "开采建筑许可" }
   ],
    "category": "production",
    "research": "巨浪钻机"
}
