{
	"name": "Pressure Drill",
	"type": "drill",
	"description": "Uses immense amounts of pressure to extract ores from the ground. Requires coolant to run.",
	"size": 3,
	"tier": 5,
	"drillTime": 75,
	"requirements": [
		{ "item": "copper", "amount": 1000 },
 		{ "item": "lead", "amount": 350 },
		{ "item": "silicon", "amount": 200 },
   		{ "item": "thorium", "amount": 200 },
		{ "item": "titanium", "amount": 100 },
		{ "item": "plastanium", "amount": 100 },
    	{ "item": "surge-alloy", "amount": 75 }
	],
	"consumes": {
		"power": 7.0,
		"liquid": {
			"liquid": "water",
			"amount": 0.1,
			"booster": false,
			"optional": false
		}
	},
	"category": "production",
	"research": "blast-drill"
}
