{
	"type":"legs",//爬爬
	"flying":false,//是否飞行
	"legCount": 4,
	"legMoveSpace": 1.4,
	"lockLegBase":true,
	"allowLegStep": true,
	"hovering":true,
    "legPhysicsLayer":false,
    "legContinuousMove":true,
    "legExtension":-5,
    "legBaseOffset":14,//腿离中部距离
    "legMaxLength":2,
    "legLengthScl":0.95,
    "legForwardScl":0.45,
    "legGroupSize":4,
    "rippleScale":0.2,
    "legLength":18,
    "hovering":true,
    "legPhysicsLayer":false,
    "drownTimeMultiplier":20,//淹死时间
    "circleTarget": false,//绕圈攻击
	"createScorch": false,//死后黑圈
	"crushDamage":1.8,//碾压伤害
	"name":"穆尔瓦",//名字
	"description":"洞穴之母穆尔瓦，生活在普兰提亚的原始异虫首领。不但能喷吐毒囊进行攻击，还可以源源不断地召唤各种异虫单位。",
	"drawCell":false,//队伍标识
	"speed": 0.2,
	"hitSize":48,
	"health":25600,
	"faceTarget": true,
	"targetAir":true,
	"armor": 16,
	"drag": 0.1,
	"rotateSpeed": 1.4,
	"hovering": true,
	"immunities":[
        "poison","gene","freezing","stop","sapped"
        ],//免疫效果
    "weapons":[
		{"name":"空",//武器贴图的名字
		"top":false,
		"mirror":false,
		"x":0,"y":12,
	    "shootSound":"shootSmite",
		"reload":200,
		"recoil":6,//后坐力
		"ejectEffect": "none",//抛壳特效
		"shoot": {
    "type": "shootBarrel",
    "shots": 5,//炮口数
    "barrels": [0,0,-24,0,0,-12,0,0,0,0,0,12,0,0,24],//三个炮口的位置（左右，前后，倾斜）
    "firstShotDelay":12,
}
	"bullet": {//子弹
		"type": "BasicBulletType",//类型
		"damage":42,
		"shake":3,
		"splashDamageRadius": 36,
        "splashDamage":58,
        "buildingDamageMultiplier":1.5,//建筑杀伤倍率
		"sprite":"野性之心-x",//子弹贴图
		"collidesAir": true,//碰撞飞机
		"knockback":2,
		"speed":1.6,
        "lifetime":80,
        "width":42,
        "height":48,
        "spin": 24,//子弹旋转速度
        "backColor":"bed742",
		//子弹边缘颜色
		"frontColor":"7fb80e",
		//子弹中心颜色
		"trailLength": 6,//尾迹长
        "trailWidth": 6,//尾迹宽
        "trailColor":"9E78DCFF",//尾迹颜色
		"shootEffect":"none",
        "despawnEffect":"none",
        "status":"poison",
        "statusDuration": 240//效果时长
        "hitEffect":{
        "type":"multiEffect",
"effects":[
  	{
					"type": "ExplosionEffect",
					"smokeColor":"bed74295",//烟雾颜色
					"smokeSize":15,//烟雾大小
					"smokeSizeBase":2,//烟雾开始大小
					"smokeRad":36,//烟雾半径
					"smokes":12,//烟雾数
				},
		{
					"type": "ExplosionEffect",
					"smokeColor":"9E78DCFF95",//烟雾颜色
					"smokeSize":12,//烟雾大小
					"smokeSizeBase":2,//烟雾开始大小
					"smokeRad":36,//烟雾半径
					"smokes":8,//烟雾数
				},
	]}
    }}
		],
	"abilities":[
	{
			"type": "RepairFieldAbility",//治疗
			"amount": 250,
			"reload": 480,
			"range": 120,
			"parentizeEffects": true
		},
	{
	"type": "StatusFieldAbility",//状态场
			"effect": "boss",//效果
			"duration": 240,//时长
			"reload": 480,//间隔
			"range": 120,//范围
	},
	{
	"type": "UnitSpawnAbility",
			"unit": "5宿主",
			"spawnTime": 300,//帧数间隔
			"spawnX": 0,
			"spawnY": -8,
	},
	{
	"type": "UnitSpawnAbility",
			"unit": "蝗虫",
			"spawnTime": 120,//帧数间隔
			"spawnX": -17,
			"spawnY": -7,
	},
	{
	"type": "UnitSpawnAbility",
			"unit": "蝗虫",
			"spawnTime": 120,//帧数间隔
			"spawnX": 17,
			"spawnY": -7,
	},
	{
	"type": "UnitSpawnAbility",
			"unit": "1爆虫",
			"spawnTime": 180,//帧数间隔
			"spawnX": -8,
			"spawnY": 6,
	},
	{
	"type": "UnitSpawnAbility",
			"unit": "1爆虫",
			"spawnTime": 180,//帧数间隔
			"spawnX": 8,
			"spawnY": 6,
	},
	]
}
