{
	"name":"赫耀",
	"description":"在近地轨道被发现的大型自理巡逻机，配备着吸入电离层中等离子体并将其转化为推进能源的独特引擎。\n为毁灭而生的战争巨械，配备有多种高破坏力武器：跟踪导弹、连射粒子跑、激光和扩散电磁弹，均能为基地建筑群降下天劫般的彻底湮灭。"
	"details":"。"
    "health":30000,
	"hitSize":40,
	//碰撞箱
    "rotateSpeed":3,
    //转身速度
    "itemCapacity":0,
    //物品容量
    "canDrown":false,
    //能否被淹死
    "buildSpeed":0,
    //建筑速率
    "type":"flying",
    //空军类型
    "flying":true,
    //是否飞行
    "speed":1,
    //移速
    "accel":0.04,//加速0.08
	"drag":0.1,//拖曳
    "lowAltitude":false,
    "engineSize":0,
    //引擎尺寸
    "armor":4,
    //护甲
    "drawCell":false,//队伍标识
    "targetFlags":["core"]//ai攻击目标
    "immunities":[
        "stop","freezing","sapped"
        ],//免疫效果
"weapons":[
            {
            "name":"赫耀翼",
            "mirror":true,
            "shootCone":60
            "y":10,
            "x":0,
            "top":false,//在顶端
            "shootX":0,
            "shootY":0,
            "reload":120,
            //射速
            "recoil":0,
            //后坐力
            "shake":5,
            //屏幕摇晃
            "shootSound":"red1",
            "rotate":false,
            "alternate":false,//轮流射击
"shoot": {
    "type": "shootBarrel",
    "shots": 3,//每轮发射数量
    "barrels": [
    -18,0,30
    -12,0,25
    -6,0,20
    ],//炮口位置（左右，前后，倾斜）
}
            "bullet": {
            "spawnUnit": "野性之心-赫耀导弹",
			"speed":0,
			"shootEffect": "none"
            },
            }
            {
            "name":"赫耀核"
            "parts":[
            {"type":"RegionPart",
"mirror":false,//是否镜像显示
"x":0,"y":0,//起始位置
"top":false,
"suffix":"-0","layer":120,"moveX":0,"moveY":-5,
"moveRot":0,//移动度数
"progress":"recoil"
}
{"type":"RegionPart",
"mirror":true,//是否镜像显示
"x":0,"y":10,//起始位置
"top":false,
"suffix":"-1","layer":120,"moveX":0,"moveY":0,
"moveRot":15,//移动度数
}
{"type":"RegionPart",
"mirror":true,//是否镜像显示
"x":0,"y":10,//起始位置
"top":false,
"suffix":"-2","layer":119,"moveX":0,"moveY":0,
"moveRot":20,//移动度数
}
{"type":"RegionPart",
"mirror":true,//是否镜像显示
"x":0,"y":10,//起始位置
"top":false,
"suffix":"-3","layer":118,"moveX":0,"moveY":0,
"moveRot":25,//移动度数
}
]
"mirror":true,
"shootCone":15,
            "y":0,
            "x":0,
            "top":false,//在顶端
            "shootX":0,
            "shootY":-10,
            "reload":240,
            //射速
            "recoil":0,
            //后坐力
            "shake":2,
            //屏幕摇晃
            "shootSound":"railgun",
            "rotate":false,
            "alternate":false,//轮流射击
		"ejectEffect": "none",//抛壳特效
		"shoot": {
    "type": "shootBarrel",
    "shots": 20,//炮口数量
    "barrels": [
    0,0,26
    0,0,22
    0,0,18
    0,0,14
    0,0,10
    0,0,6
    0,0,2
    0,0,-2
    0,0,-6
    0,0,-10
    0,0,-14
    0,0,-18
    0,0,-22
    0,0,-26
],//炮口位置（左右，前后，倾斜）
    "shotDelay":6,
    "firstShotDelay":32,
}
		"bullet": {//子弹
		"type": "BasicBulletType",//类型
		"damage":20,
		"knockback": 3,
		"speed":10,
        "lifetime":32,
        "width":16,
        "height":20,
        "backColor":"CD4238FF",
		//子弹边缘颜色
		"frontColor":"FF5845FF",
		//子弹中心颜色
		"pierce":true,//穿透
		"pierceBuilding":true//穿透建筑
		"pierceCap":3,//穿透数量
		"trailLength": 8,//尾迹长
        "trailWidth": 4,//尾迹宽
        "trailColor":"FF5845FF",//尾迹颜色
        "trailChance": 0.5,
	"trailRotation": true,
	"trailEffect": {
	"type": "ParticleEffect",
	"particles": 1,
	"length": 6,
	"lifetime": 45,
	"sizeFrom": 4,
	"sizeTo":1,
	"region": "野性之心-0",
	"colorFrom": "FF5845FF",
	"colorTo": "FF5845FF"},
		"shootEffect":"none",
        "hitEffect":"none",
        "despawnEffect":{
		"type": "ParticleEffect",
		"particles": 4,
		"region":"野性之心-0",//子弹贴图
		"sizeFrom": 8,
		"sizeTo": 1,
		"length": 16,
		"lifetime": 36,
		"interp": "circleOut",
		"colorFrom": "FF5845FF",
		"colorTo": "CD4238FF",
		"cone": 360},
        "homingDelay":5,//跟踪延迟
        "homingRange":80,//跟踪半径
	    "homingPower":0.15,//跟踪力度（1=3000度）
    }
            }
            {"name":"赫耀棱镜",//武器贴图的名字
		"top":false,
		"mirror":false,
		"alternate":true,
		"x":0,"y":20,
		"shootY":0
		"shootCone":15,
		"shootSound":"laser",
		"reload":90,
		"recoil":0,//后坐力
		"ejectEffect": "none",//抛壳特效
		"shoot": {
    "firstShotDelay":30,
}
		"bullet": {//子弹
		"type" : "LaserBulletType",
"chargeEffect":{//蓄力特效
        "type":"multiEffect",
"effects":[
{
"type":"WaveEffect",
"lifetime": 30,
"colorFrom":"FF5845FF",//颜色从
"colorTo":"CD4238FF",//颜色至
"lightColor":"CD4238FF",//浅色
"sizeFrom":20,//开始时圆环直径
"sizeTo":0,//结束时圆环直径
"lightScl":5.0,//轻量级
"lightOpacity":0.5,//光不透明
"strokeFrom":0,//开始时圆形宽度
"strokeTo":3,//结束时圆环宽度
"offsetX":0//偏转x
}
]},
                   "length" : 120,
                    "damage" : 65,
            "buildingDamageMultiplier":2,
                    "width" : 24,
                    "lifetime" : 30,
                    "pierce":true,//穿透
            "pierceBuilding":true//穿透建筑
			"pierceCap":12,//穿透数量
            "hitEffect":"hitLancer"
            "sideAngle":90,
			"colors": [
			"CD4238FF",
			"FF5845FF",
			"fffffb"
		],
		}}
		{"name": "赫耀爆弹",//武器贴图
		"mirror": false,
		"rotate": false,//转向
		"reload":1200,//攻速
		"x":0,"y":0,//位置
		"top": false,
		"alternate":false,
		"shootCone":360,
		"shootSound":"launch",
	"shoot": {
    "type": "shootBarrel",
    "shots": 9,//炮口数量
    "barrels": [
    0,0,20
    0,0,60
    0,0,100
    0,0,140
    0,0,180
    0,0,220
    0,0,260
    0,0,300
    0,0,340
],//炮口位置（左右，前后，倾斜）
    "shotDelay":0,
    "firstShotDelay":100,
}
		"ejectEffect": "none",//攻击特效
		"bullet": {//子弹
			"type": "BasicBulletType",//类型
			"sprite":"野性之心-shuttle",//子弹贴图
			"damage":10,//单体伤害
			"splashDamageRadius": 45,
	"splashDamage": 100,
			"speed":4,//速度
			"drag": 0.02,
			"width":24,"height":24,//宽长度
			"lifetime":300,//存在时间
			"shootEffect": "none",//攻击特效
			"smokeEffect": "none",//烟雾特效
			"backColor":"CD4238FF",
		//子弹边缘颜色
		"frontColor":"FF5845FF",
		//子弹中心颜色
		"hitEffect":"none"
		"despawnEffect":
		{
        "type": "ExplosionEffect",
		"waveColor":"FF5845FF",//波浪颜色
		"waveLife": 24,//波浪存在时间
		"waveStroke":3,//波形宽度
		"waveRad":45,//波浪半径
		"waveRadBase":0,//波浪开始的半径
		"smokeSize":12,//烟雾大小
		"smokeSizeBase":2,//烟雾开始大小
		"smokeRad":40,//烟雾半径
		"smokes":3,//烟雾数
        }
		"pierce":true,//穿透
		"pierceBuilding":true//穿透建筑
		"despawnHit":true,
		"fragBullets":4,
		"fragVelocityMin":1,//最小分裂弹速度
	    "fragVelocityMax":1,//最大分裂弹速
	    "fragBullet":{
  "type":"BasicBulletType",
  "sprite":"野性之心-square",//子弹贴图
  "damage":15,
  "width":18,"height":18,//宽长度
  "speed": 4,
  "lifetime":40,
  "homingRange":80,//跟踪半径
  "homingPower":2,//跟踪力度（1=3000度）
  "trailLength": 8,//尾迹长
            "trailWidth": 4,//尾迹宽
            "trailColor":"FF5845FF",//尾迹颜色
  "backColor":"CD4238FF",
			//子弹边缘颜色
  "frontColor":"FF5845FF",
			//子弹中心颜色
			"lightning":1,
        "lightningCone":15,
        "lightningLength":8,
        "lightningLengthRand":8,
        "lightningColor":"FF5845FF"/*闪电颜色*/
        "lightningDamage":12,
  "despawnEffect":{
		"type": "ParticleEffect",
		"particles": 4,
		"region":"野性之心-0",//子弹贴图
		"sizeFrom": 8,
		"sizeTo": 1,
		"length": 16,
		"lifetime": 36,
		"interp": "circleOut",
		"colorFrom": "FF5845FF",
		"colorTo": "CD4238FF",
		"cone": 360}
		"fragRandomSpread":0,//分裂角度
		"fragBullets":1,
		"fragBullet":{
		"type" : "LaserBulletType",
                   "recoil":1,
                   "length" : 60,
                    "damage" : 12,
                    "width" : 8,
                    "lifetime" : 12,
                    "pierce":true,//穿透
                    "sideAngle":165,
			"pierceCap":3,//穿透数量
            "hitEffect":"hitLancer"
			"colors": [
			"CD4238FF",
			"FF5845FF",
			"FF5845FF"
		],
			//激光颜色
			}
		}}}
        ]
"parts":[
{"type":"HoverPart",
"mirror":false,//是否镜像显示
"x":0,"y":-10,//起始位置
"radius":34,
"phase":360,
"stroke":10,
"layerOffset":-0.001,
"color":"FF5845FF"
}
]
}