{
	"type": "GenericCrafter",
	"name": "咕噜咕噜机",
	"description": "咕噜噜",
	"outputItem": { "item": "泡泡", "amount": 1},
	"size": 2,
	"hasPower": false,
	"hasLiquids": false,
	"hasItems": true,
	"craftTime": 50,
	"updateEffect":[
	{//铜
                "type":"WaveEffect",
                "lifetime":35,
                "colorFrom":"d99d73",
                "colorTo":"ffccff",
                "sizeFrom":0,
                "sizeTo":10,
                "strokeFrom":4,
                "strokeTo":0
	}
	{//铅
                "type":"WaveEffect",
                "lifetime":35,
                "colorFrom":"8c7fa9",
                "colorTo":"ffccff",
                "sizeFrom":0,
                "sizeTo":10,
                "strokeFrom":4,
                "strokeTo":0
	}],
	"consumes": {
	    "power":1.5
  "items": {
			 "items": [
				{ "item": "lead", "amount": 2 }
				{ "item":"copper","amount":2}
			]
  },
 },
	"requirements": [
		{ "item": "copper", "amount": 150 }
		{ "item": "graphite", "amount": 45 }
		{ "item": "lead", "amount": 175 },
	],
	"category": "crafting",
	"research": "core-shard",
	"flameColor":"ffccff",
	"idleSound": "respawning",
	"idleSoundVolume":0.3
    "alwaysUnlocked":true
    "lightColor":"ffccff"
}