{
  "type":"GenericSmelter",
  "name":"半导体冷却厂",
  "description":"反正贼耗电",
  "health":500,
  "liquidCapacity":500,
  "itemCapacity":5,
  "size":2,
  "hasPower":true,
  "hasLiquids":true,
  "hasItems":false,
  "craftTime":15,
  "craftEffect":"smeltsmoke",
  "updateEffect":"smeltsmoke",
  "updateEffectChance":0.04,
  "consumes":{
    "power":1250
    },
    "liquid":{
      "liquid":"液态青铜",
      "amount":5
    },
  "outputItem":{"item":"青铜","amount":5},
  "requirements":[
  {"item":"copper","amount":45},
  {"item":"lead","amount":45}
  ],
  "category":"crafting",
  "research":"液体冷却厂",
  "idleSound":"boom",
  "idleSoundVolume":0.5,
  "flameColor":"FF0000",
  "rebuildable":true,
  "insulated":true,
  "baseExplosiveness":10000,
  "canOverdrive":true,
  "targetable":true,
  "breakSound":"boom",
  "solid":true,
  "buildCostMultiplier":10
}