{
  "type":"GenericCrafter",//种类
  "name":"合金炉",//名称
  "description":"用煤炭加热原材料混合成合金",//描述
  "health":500,//生命
  "itemCapacity":25,//物品容量
  "size":2,//大小
  "hasPower":false,//是否需要能量
  "hasLiquids":false,//是否需要液体
  "hasItems":true,//是否需要物品
  "craftTime":120,//加工时间
  "consumes":{
    "items":{
      "items":[
      {"item":"copper","amount":4}
      {"item":"coal","amount":1}
      {"item":"lead","amount":1}
      ],//生产消耗的材料
    }
  }
  "outputLiquid":{"liquid":"液态青铜","amount":5},//输出液体
  "requirements":[
  {"item":"copper","amount":25}
  ],//建造消耗的材料
  "category":"crafting",//游戏界面分类
  "research":"机械钻头",//科技树前一项
  "rebuildable":true,//是否能重建
  "insulated":true,//是否绝缘
  "baseExplosiveness":10000,//基础爆炸性
  "canOverdrive":true,//超频是否应用
  "targetable":true,//是否受到单位攻击
  "breakSound":"fire",//方块破坏音效
  "solid":true,//是否是固体
  "buildCostMultiplier":1//建造时间倍率
}