{
  "type":"GenericCrafter",//种类
  "name":"大气收集器",//名称
  "description":"从大气里收集一些很臭的东西（114514）",//描述
  "health":500,//生命
  "liquidCapacity":500,//液体容量
  "itemCapacity":500,//物品容量
  "size":2,//大小
  "hasPower":true,//是否需要能量
  "hasLiquids":false,//是否需要液体
  "hasItems":false,//是否需要物品
  "craftTime":20,//加工时间
  "consumes":{
    "power":100,//消耗的能量
  }
  "outputLiquid":{"liquid":"CO2","amount":15},//输出液体
  "requirements":[
  {"item":"copper","amount":35}
  {"item":"青铜","amount":15}
  {"item":"碳化钨","amount":5}
  ],//建造消耗的材料
  "category":"crafting",//游戏界面分类
  "research":"青铜钻头",//科技树前一项
  "rebuildable":true,//是否能重建
  "insulated":true,//是否绝缘
  "baseExplosiveness":10000,//基础爆炸性
  "canOverdrive":true,//超频是否应用
  "targetable":true,//是否受到单位攻击
  "breakSound":"fire",//方块破坏音效
  "solid":true,//是否是固体
  "buildCostMultiplier":1//建造时间倍率
}