{
  "type":"GenericSmelter",//种类
  "name":"液体冷却厂",//名称
  "description":"内置一个小风扇，即可乘凉又可散热",//描述
  "health":500,//生命
  "liquidCapacity":500,//液体容量
  "itemCapacity":500,//物品容量
  "size":2,//大小
  "hasPower":false,//是否需要能量
  "hasLiquids":true,//是否需要液体
  "hasItems":false,//是否需要物品
  "craftTime":25,//加工时间
  "craftEffect":"smeltsmoke",//加工特效
  "updateEffect":"smeltsmoke",//更新特效
  "updateEffectChance":0.04,//更新特效概率
  "consumes":{
    "liquid":{
      "liquid":"液态青铜",
      "amount":5,
    },//消耗的液体
  }
  "outputItem":{"item":"青铜","amount":5},//输出物品
  "requirements":[
  {"item":"copper","amount":35}
  ],//建造消耗的材料
  "category":"crafting",//游戏界面分类
  "research":"机械钻头",//科技树前一项
  "idleSound":"boom",//加工音效
  "idleSoundVolume":0.5,//加工音量
  "flameColor":FF0000,//火焰颜色
  "rebuildable":true,//是否能重建
  "insulated":true,//是否绝缘
  "baseExplosiveness":10000,//基础爆炸性
  "canOverdrive":true,//超频是否应用
  "targetable":true,//是否受到单位攻击
  "breakSound":"fire",//方块破坏音效
  "solid":true,//是否是固体
  "buildCostMultiplier":10,//建造时间倍率
}