{
	"type": "flying",
	"name": "中型舰载机",
	"description": "",
	"speed": 2,	
	"drag":0.05,"accel":0.1,
	"rotateSpeed":10,
	"ammoType":{
	"type":"PowerAmmoType",
	"totalPower":100},
	"ammoCapacity": 300,
	    "health": 1650,
	"hitSize":16, 
	"flying": true,
	"faceTarget": true
	"itemCapacity": 0,
	"engineOffset": 0
	"engineSize": 0
		"weapons":[{	"name": "无",	
		"reload":10,
        "x": 2,  "y": 0, 
        "inaccuracy": 0,
        "mirror": true,
        "targetAir" :true,
	"targetGround": true,
		"shoot":{
			"shots":1,
			"shotDelay":3
		},
		"shootSound": "空炮",
		"rotateSpeed": 0,//炮台转头速度
		"alternate": true,
		"ejectEffect":"casing1",
		"bullet":{
		"collidesAir": true
    "collidesGround": true,
	    "damage":35,	  
	    "speed":2,
	    "lifetime":70,
	    "width":9,	 "height":9
	}	}
]
"research": "轻型舰载机",
    "researchCostMultiplier": 0.2
}
