{
	"type": "ItemTurret",
	"name": "-沙子-炮塔-",
	"description": "将沙子推出去因为是沙子堆成的，所以很厚（血量）",
	"health": 99999,
	"size": 3,
	"reload":30,
	"range": 120,
    "maxAmmo":90,
	"restitution":0.1,
	"recoil":3,
	"cooldown": 0.3,
	"shoot":{
	    "type":"ShootSpread",
	    "shots":30
	},
	"consumes": {
		"coolant":{"amount":0.3,"optional":true}  
			},
	"shootSound":"shootBig",
	"ammoUseEffect": "casing3Double",
	"xRand": 1.6,
	"ammoPerShot":3,
	"targetGround":true,
	"targetAir":true,
	"inaccuracy": 10,
	"shake":3,
	"shootCone":15,
	"rotateSpeed": 9,
	"velocityInaccuracy": "0.15",
	"ammoTypes": {
		"sand": {
		    "reloadMultiplier":1.1,
			"speed": 9.5,
			"damage": 6,
			"knockback":3.75,
			"lifetime":12,
			"width": 6,
			"height": 9,
			"ammoMultiplier":6,
			"pierce":true,
			"shootEffect": "shootBig"
		}
    },
	"requirements": [
		{ "item": "sand", "amount": 180 },
	],
	"category": "turret",
	"research": "-沙子-钻头"
	}