{
		"immunities": ["甲板损坏"
	],
	"name": "盾形仪",
	"type": "missile",
	"template": "MissileUnitType",
	"description": "导弹",
	"health": 400,
	"armor": 0
	"speed": 0
	"lifetime": 180
	"maxRange": 0
	"rotateSpeed": 0
	"engineColor": "c0ecff00",
	"trailColor": "c0ecff00",
	"engineLayer": 0
	"engineSize": 0
	"engineOffset": 0
	"trailLength": 0
	"missileAccelTime": 0,
	"lowAltitude": true,
	"fogRadius": 0
	"outlineColor": "1878BF00",
	"abilities": [
    {
    "type": "ShieldArcAbility",
		"whenShooting":false,//是否射击时存在(Flash为一直存在)
		"radius": 360,//半径
		"width": 45,//宽度
		"max": 8000,//最大容量
		"regen": 0,//再生速度
		"cooldown": 99999,//护盾冷却时间
		"angle": 60,//护盾弧度
		"angleOffset": 0//护盾角度
		"pushUnits":true
	}
	],
}