{
    "type":"material",//类型（不能改）
    "name":"硅晶",//名字
    "description":"一种硅的稀有化合物，内部还有两种我们在母星上从未见过的强放射性元素。",//介绍
    "details":"对于战斗部门而言，这是弹头的新选择；对于电气部门而言，这是新的节点材料；对于我们而言，这是一种未知的福利……",//战役中解锁后最底下的介绍（？）
    "color":"114514",//物品源颜色
    "explosiveness":0.75,
    "flammability":0.2,
    "radioactivity":1.5,
    "charge":1.5,
    "hardness":7
    "cost":4,
    "alwaysUnlocked":false,
    "research": "纳米簇"
}