{
        "type":"material",//类型（不能改）
    "name":"纳米簇",//名字
    "description":"团状纳米机器，只要指挥部一声令下，就可以对己方带来修复，或者对敌人进行拆解。",//介绍
    "details":"前无古人的想法。",//战役中解锁后最底下的介绍（？）
    "color":"114514",//物品源颜色
    "explosiveness":0,
    "flammability":0,
    "radioactivity":0,
    "charge":0,
    "cost":0,
    "alwaysUnlocked":false,
    "research": "钨"
}