{
    "type":"material",//类型（不能改）
    "name":"钍铅钢",//名字
    "description":"高强高韧度合金。具备了钍的强度（与放射性）和铅的导电与致密性。电气设备及特种工程需求量极大",//介绍
    "details":"谁能想到这玩意会这么好用。",//战役中解锁后最底下的介绍（？）
    "color":"101010",//物品源颜色
    "explosiveness":0,
    "flammability":0,
    "radioactivity":0.5,
    "charge":0,
    "cost":2,
    "alwaysUnlocked":false,
    "research": "thorium"
}
