{
    "type": "ItemTurret",
    "name": "散碎",
    "description": "向敌人发射密集子弹流\n前期速起炮塔",
    "size": 2,
    "health": 250,
    "ammoPerShot": 1,
    "range": 200,
    "reload": 40,
    "inaccuracy": 10,
    "velocityRnd": 0.3,
    "rotateSpeed": 4,
    "maxAmmo": 20,
    "targetAir": true,
    "targetGround": false,
    "shootSound": "mediumCannon",
    "coolantMultiplier": 2,
    "heatColor": "#FF0000",
    "consumes": {
        "coolant": {
            "amount": 0.1,
            "optional": true
        }
    },
    "shoot": {
        "shots": 20
    },
    "ammoTypes": {
        "sand": {
            "reloadMultiplier": 2.5,
            "collidesGround": false,
            "hitSound": "dullExplosion",
            "speed": 7.5,
            "damage": 2,
            "lifetime": 30,
            "splashDamageRadius": 30,
            "splashDamage": 3,
            "width": 6,
            "height": 9,
            "ammoMultiplier": 4,
            "shootEffect": "shootBig",
            "despawnEffect": {
                "type": "ParticleEffect",
                "particles": 8,
                "line": true,
                "strokeFrom": 2,
                "strokeTo": 0,
                "lenFrom": 5,
                "lenTo": 0,
                "length": 20,
                "baseLength": 20,
                "lifetime": 10,
                "colorFrom": "F7CBA4FF",
                "colorTo": "F7CBA4FF",
                "cone": 8
            }
        },
        "lead": {
            "collidesGround": false,
            "hitSound": "dullExplosion",
            "speed": 7.5,
            "damage": 3,
            "lifetime": 30,
            "splashDamageRadius": 6,
            "splashDamage": 35,
            "width": 6,
            "height": 9,
            "ammoMultiplier": 4,
            "shootEffect": "shootBig",
            "despawnEffect": {
                "type": "ParticleEffect",
                "particles": 8,
                "line": true,
                "strokeFrom": 2,
                "strokeTo": 0,
                "lenFrom": 5,
                "lenTo": 0,
                "length": 20,
                "baseLength": 20,
                "lifetime": 10,
                "colorFrom": "7B7B7BFF",
                "colorTo": "7B7B7BFF",
                "cone": 8
            }
        },
        "copper": {
            "collidesGround": false,
            "hitSound": "dullExplosion",
            "speed": 7.5,
            "damage": 3,
            "lifetime": 30,
            "splashDamageRadius": 12,
            "splashDamage": 21,
            "width": 6,
            "height": 9,
            "ammoMultiplier": 4,
            "shootEffect": "shootBig",
            "despawnEffect": {
                "type": "ParticleEffect",
                "particles": 8,
                "line": true,
                "strokeFrom": 2,
                "strokeTo": 0,
                "lenFrom": 5,
                "lenTo": 0,
                "length": 20,
                "baseLength": 20,
                "lifetime": 10,
                "colorFrom": "7B7B7BFF",
                "colorTo": "7B7B7BFF",
                "cone": 8
            }
        },
        "scrap": {
            "collidesGround": false,
            "hitSound": "dullExplosion",
            "speed": 7.5,
            "damage": 2,
            "lifetime": 30,
            "splashDamageRadius": 16,
            "splashDamage": 22,
            "width": 6,
            "height": 9,
            "ammoMultiplier": 5,
            "reloadMultiplier": 0.5,
            "shootEffect": "shootBig",
            "despawnEffect": {
                "type": "ParticleEffect",
                "particles": 8,
                "line": true,
                "strokeFrom": 2,
                "strokeTo": 0,
                "lenFrom": 5,
                "lenTo": 0,
                "length": 20,
                "baseLength": 20,
                "lifetime": 10,
                "colorFrom": "7B7B7BFF",
                "colorTo": "7B7B7BFF",
                "cone": 8
            }
        },
        "metaglass": {
            "collidesGround": false,
            "reloadMultiplier": 0.8,
            "hitSound": "dullExplosion",
            "speed": 7.5,
            "damage": 4,
            "lifetime": 30,
            "splashDamageRadius": 14,
            "splashDamage": 33,
            "width": 6,
            "height": 9,
            "ammoMultiplier": 5,
            "shootEffect": "shootBig",
            "despawnEffect": {
                "type": "ParticleEffect",
                "particles": 8,
                "line": true,
                "strokeFrom": 2,
                "strokeTo": 0,
                "lenFrom": 5,
                "lenTo": 0,
                "length": 20,
                "baseLength": 20,
                "lifetime": 10,
                "colorFrom": "7B7B7BFF",
                "colorTo": "7B7B7BFF",
                "cone": 8
            }
        }
    },
    "requirements": [
        {
            "item": "copper",
            "amount": 85
        }
    ],
    "category": "turret",
    "research": "duo"
}