{
    "drawer": {
        "type": "DrawTurret",
        "parts": [
            {
                "layer": 110,
                "progress": "reload",
                "x": 0,
                "y": 0,
                "type": "RegionPart",
                "suffix": "-转",
                "mirror": false,
                "under": true,
                "moveRot": 720
            },
            {
                "type": "RegionPart",
                "mirror": false,
                "recoilIndex": 0,
                "x": 0,
                "y": 0,
                "suffix": "-盖",
                "layer": 60,
                "moveX": 6,
                "moveY": 6,
                "under": false
            }
        ]
    },
    "ammoUseEffect": {
        "type": "MultiEffect",
        "effects": [
            {
                "type": "WaveEffect",
                "lifetime": 10,
                "sizeFrom": 0,
                "sizeTo": 15,
                "strokeFrom": 16,
                "strokeTo": 0,
                "interp": "circleOut",
                "colorFrom": "EEC591",
                "colorTo": "FFFFFF70"
            }
        ]
    },
    "type": "ItemTurret",
    "name": "转盘式标枪导弹系统",
    "description": "转盘式装填，导弹追踪系统",
    "details": "如果反弹，危",
    "health": 850,
    "size": 3,
    "reload": 150,
    "range": 650,
    "maxAmmo": 24,
    "recoil": 0,
    "hasShadow": true,
    "minWarmup": 0.8,
    "shootWarmupSpeed": 0.03,
    "shootY": 0,
    "shoot": {
        "shots": 8,
        "shotDelay": 10,
        "type": "ShootBarrel",
        "barrels": [
            0,
            0,
            0,
            0,
            0,
            45,
            0,
            0,
            -45,
            0,
            0,
            90,
            0,
            0,
            -90,
            0,
            0,
            145,
            0,
            0,
            -145,
            0,
            0,
            180
        ]
    },
    "canOverdrive": false,
    "consumes": {
        "power": 7,
        "coolant": {
            "amount": 0.1,
            "optional": true
        }
    },
    "shootSound": "respawn",
    "targetGround": true,
    "targetAir": true,
    "inaccuracy": 0,
    "shootCone": 360,
    "shake": 1,
    "rotateSpeed": 0,
    "ammoPerShot": 6,
    "ammoTypes": {
        "graphite": {
            "trailLength": 15,
            "trailWidth": 1.5,
            "trailColor": "FFFFFF80",
            "type": "MissileBulletType",
            "buildingDamageMultiplier": 0.3,
            "splashDamageRadius": 20,
            "splashDamage": 33,
            "knockback": 0.4,
            "ammoMultiplier": 2,
            "speed": 5,
            "damage": 18,
            "lifetime": 140,
            "homingPower": 0.15,
            "sprite": "蓝钢工业-导弹",
            "backColor": "B0C4DE",
            "frontColor": "E3E3E3",
            "homingRange": 800,
            "width": 20,
            "height": 60,
            "hitShake": 1,
            "smokeEffect": "shootSmallFlame",
            "hitEffect": "flakExplosionBig"
        },
        "pyratite": {
            "status": "burning",
            "statusDuration": 720,
            "type": "MissileBulletType",
            "buildingDamageMultiplier": 0.3,
            "splashDamageRadius": 20,
            "splashDamage": 45,
            "knockback": 0.7,
            "ammoMultiplier": 4,
            "speed": 5,
            "damage": 12,
            "lifetime": 140,
            "homingPower": 0.15,
            "sprite": "蓝钢工业-导弹",
            "backColor": "FFAA5FFF",
            "frontColor": "E3E3E3",
            "trailLength": 15,
            "trailWidth": 1.5,
            "trailColor": "FFFFFF80",
            "homingRange": 800,
            "width": 20,
            "height": 60,
            "hitShake": 1,
            "smokeEffect": "shootSmallFlame",
            "hitEffect": "flakExplosionBig"
        },
        "blast-compound": {
            "reloadMultiplier": 0.6,
            "status": "blasted",
            "type": "MissileBulletType",
            "buildingDamageMultiplier": 0.3,
            "splashDamageRadius": 60,
            "splashDamage": 55,
            "knockback": 0.8,
            "ammoMultiplier": 5,
            "speed": 5,
            "damage": 10,
            "lifetime": 140,
            "homingPower": 0.15,
            "sprite": "蓝钢工业-导弹",
            "backColor": "FF795EFF",
            "frontColor": "E3E3E3",
            "trailColor": "FFFFFF80",
            "trailLength": 15,
            "trailWidth": 1.5,
            "homingRange": 800,
            "width": 20,
            "height": 60,
            "hitShake": 1,
            "smokeEffect": "shootSmallFlame",
            "hitEffect": {
                "effect": "titanExplosion",
                "rotation": 20,
                "color": "FF795EFF",
                "type": "WrapEffect"
            }
        },
        "plastanium": {
            "type": "MissileBulletType",
            "buildingDamageMultiplier": 0.3,
            "splashDamageRadius": 40,
            "splashDamage": 45,
            "knockback": 1,
            "ammoMultiplier": 4,
            "speed": 5,
            "damage": 8,
            "lifetime": 140,
            "homingPower": 0.15,
            "sprite": "蓝钢工业-导弹",
            "backColor": "CBD97FFF",
            "frontColor": "E3E3E3",
            "trailColor": "CBD97FFF",
            "trailLength": 15,
            "trailWidth": 1.5,
            "homingRange": 800,
            "width": 20,
            "height": 60,
            "hitShake": 1,
            "smokeEffect": "shootSmallFlame",
            "fragBullets": 10,
            "fragBullet": {
                "width": 1,
                "height": 3,
                "speed": 7,
                "damage": 10,
                "lifetime": 5,
                "frontColor": "CBD97FFF",
                "hitColor": "CBD97FFF",
                "hitEffect": "none",
                "despawnEffect": "none"
            },
            "hitEffect": {
                "type": "ParticleEffect",
                "particles": 6,
                "line": true,
                "strokeFrom": 2,
                "strokeTo": 0,
                "lenFrom": 5,
                "lenTo": 0,
                "length": 50,
                "baseLength": 30,
                "lifetime": 10,
                "colorFrom": "CBD97FFF",
                "colorTo": "CBD97F80",
                "cone": 360
            },
            "trailEffect": {
                "type": "WaveEffect",
                "lifetime": 20,
                "sizeFrom": 0,
                "sizeTo": 2,
                "strokeFrom": 8,
                "strokeTo": 0,
                "colorFrom": "CBD97FFF",
                "colorTo": "CBD97F80"
            }
        },
        "surge-alloy": {
            "reloadMultiplier": 0.4,
            "status": "shocked",
            "type": "MissileBulletType",
            "buildingDamageMultiplier": 0.3,
            "splashDamageRadius": 38,
            "splashDamage": 75,
            "lightningDamage": 10,
            "lightning": 2,
            "lightningLength": 10,
            "ammoMultiplier": 5,
            "speed": 5,
            "damage": 13,
            "lifetime": 140,
            "homingPower": 0.15,
            "sprite": "蓝钢工业-导弹",
            "backColor": "FCF387FF",
            "frontColor": "E3E3E3",
            "trailColor": "FCF387FF",
            "trailLength": 15,
            "trailWidth": 1.5,
            "homingRange": 800,
            "width": 20,
            "height": 60,
            "hitShake": 1,
            "smokeEffect": "shootSmallFlame",
            "trailEffect": {
                "type": "WaveEffect",
                "lifetime": 20,
                "sizeFrom": 0,
                "sizeTo": 5,
                "strokeFrom": 10,
                "sides": 5,
                "strokeTo": 0,
                "colorFrom": "FCF387FF",
                "colorTo": "FCF38780"
            },
            "hitEffect": {
                "type": "ParticleEffect",
                "particles": 16,
                "strokeFrom": 3,
                "strokeTo": 0,
                "lenFrom": 7,
                "lenTo": 0,
                "length": 50,
                "baseLength": 30,
                "lifetime": 20,
                "colorFrom": "FCF387FF",
                "colorTo": "FCF38780",
                "cone": 360
            }
        },
        "普勒合金": {
            "reloadMultiplier": 0.2,
            "status": "shocked",
            "type": "MissileBulletType",
            "buildingDamageMultiplier": 0.3,
            "splashDamageRadius": 40,
            "splashDamage": 128,
            "lightningDamage": 8,
            "lightning": 2,
            "lightningLength": 8,
            "ammoMultiplier": 10,
            "speed": 5,
            "damage": 22,
            "lifetime": 140,
            "homingPower": 0.15,
            "sprite": "蓝钢工业-导弹",
            "backColor": "ABB67CFF",
            "frontColor": "E3E3E3",
            "trailColor": "ABB67CFF",
            "trailLength": 15,
            "trailWidth": 1.5,
            "homingRange": 800,
            "width": 20,
            "height": 60,
            "hitShake": 1,
            "smokeEffect": "shootSmallFlame",
            "hitSound": "release",
            "trailEffect": {
                "type": "WaveEffect",
                "lifetime": 20,
                "sizeFrom": 0,
                "sizeTo": 5,
                "strokeFrom": 10,
                "sides": 4,
                "strokeTo": 0,
                "colorFrom": "ABB67CFF",
                "colorTo": "ABB67C80"
            },
            "hitEffect": {
                "type": "ParticleEffect",
                "particles": 16,
                "line": true,
                "strokeFrom": 3,
                "strokeTo": 0,
                "lenFrom": 7,
                "lenTo": 0,
                "length": 50,
                "baseLength": 30,
                "lifetime": 20,
                "colorFrom": "ABB67CFF",
                "colorTo": "ABB67C80",
                "cone": 30
            }
        }
    },
    "requirements": [
        "copper/160",
        {
            "item": "lead",
            "amount": 100
        },
        {
            "item": "蓝钢",
            "amount": 60
        },
        {
            "item": "graphite",
            "amount": 60
        },
        {
            "item": "silicon",
            "amount": 60
        },
        {
            "item": "titanium",
            "amount": 60
        }
    ],
    "category": "turret",
    "research": "克拉"
}