{
    "name":"相位能",//名字
    "description":"幽弦一振破常纲，暗借空维筑短梁。\n寸隙能藏星海阔，微漪自转月轮凉。\n未同光速争先手，却向时痕觅旧章。\n莫道此能堪裂宇，人间犹恐负天狂。"
    "color":"fff700",//物品源颜色
    "explosiveness":5,
    "flammability":3.2,
    "radioactivity":3.5,
    "frames":12,
    "hardness":1,
    "charge":3,
    "cost":1,
    "transitionFrames":3,
    "frameTime":3,
    "alwaysUnlocked":false,
    "research":"聚变能"
}