{
    "name":"铼铱合金",//名字
    "description":"熔金淬火锻奇材，铼铱相逢紫气开。\n星斗淬锋凝雪魄，乾坤铸骨涅银胎。\n九霄可截飞光刃，万仞能裁岱岳埃。\n莫道人间无至硬，苍穹裂处见君来。",//介绍
    "details":"",//战役中解锁后最底下的介绍（？）
    "color":"c0ecff",//物品源颜色
    "healthScaling": 2
    "explosiveness":0
    "flammability":0
    "radioactivity":0
    "hardness":1
    "charge":0
    "cost":1
    "frameTime": 1
    "alwaysUnlocked":false,
    "research":	"surge-alloy"
}