{
	"type": "GenericCrafter",
	"name": "-废料-硅",
	"description": "？",
	"outputItem": {"item": "silicon","amount": 70 },
	"size": 2,
	"itemCapacity": 80,
	//"hasPower": true,
	//"hasLiquids": true,
	"hasItems": true,
	"craftTime": 40,
	"consumes": {
		"items": {
		    "items": [
		{"item": "scrap","amount": 1 }
		]
	},
},
	"requirements": [
		{ "item": "scrap", "amount": 30 },
	],
	"category": "crafting",
	"research": "-废料-炮塔",
	"idleSound": "respawning",
	"updateEffect": "pulverizeMedium"
	"idleSoundVolume": 0.5
	"attribute":"oil"
}