{
	"type": "flying",
	"research":{
	"parent":"空厂",
     }
    "engineOffset": 5,
    "engineSize": 3,
	"flying": true,
	"rotateSpeed":11,
	"lowAltitude": true,
	"name":"微风"
	"description":"幻境空军的开头",
	"health": 240,
	"armor":2,
	"hitSize": 9,
	"engineOffset": 8,
	"engineSize": 2,
	"speed": 3.2,
	"rotateSpeed":5,
	"accel": 0.08,
	"drag": 0.04,
	"weapons": [
	    		{	"name": "空中炮塔1",	
	"minShootVelocity": 0,
		"reload": 2,
	    "mirror":true,
        "x": 3,  "y": -3, 
        "inaccuracy": 2,
		"alternate": true,
		"shootSound": "shoot",
		"bullet":{
	    "damage":4,	  
	    "speed":6, "lifetime":29,
	    "width":3,	 "height":18}}
	    
	]
}