{
	"type": "flying",
	    "research":{
	"parent":"微风",
     }
	"flying": true,
	"lowAltitude": true,
	"name":"斜风"
	"description":"微风的进阶版——搭载了更强的护甲",
	"health": 480,
	"rotateSpeed":7,
	"armor":6,
	"hitSize": 12,
	"speed": 2.3,
	"accel": 0.04,
	"drag": 0.01,
	"engineOffset": 8,
	"engineSize": 2,
	"weapons": [
	{"name": "空中炮塔1",	
	"minShootVelocity": 0,
    "reload": 2,
	"mirror":true,
    "x": 3,  "y": 2, 
    "rotate": false,
    "inaccuracy": 3,
	"ignoreRotation":true,
    "alternate": true,
    "shootSound": "shoot",
		"bullet":{
	    "damage":6,	  
	    "speed":6, "lifetime":29,
	    "width":3,	 "height":18}}
	    	{"name":"空中炮塔2",
	"x":4,"y":-3,
	"reload":60,
	"shootSound":"missile",
    "mirror":true,
	"bullet":{
	"damage": 20,
	"inaccuracy": 0,
	"sprite":"circle-bullet",  
    "shrinkY":0,
    "frontColor":"FFFFFF",
    "backColor":"c0ecff",
    "splashDamageRadius":15,
	"splashDamage":10,	
    "hitEffect":{"type": "WaveEffect",
    "lifetime": 21,
    "sizeFrom": 1,
    "sizeTo": 15,
    "strokeFrom": 5,
    "strokeTo": 0,
    "colorFrom": "c0ecff",
    "colorTo": "c0ecff"},
    "despawnEffect":"none",
	"width": 10,
	"height": 10, 
	"trailLength":3,
    "trailWidth":3,
    "trailColor":"c0ecff",
	"shootEffect":"none",
	"smokeEffect":"none",
	"speed":6.5,
	"lifetime": 29} },	 

	]
}