{
	"type": "flying",
	  "research": {
	"parent": "暴风"
	"objectives":[
	{
	"type": "SectorComplete",
	"preset":"荧幻群山"
	}
  ]
}
	"flying": true,
	"faceTarget": true,
	"itemCapacity": 320,
	"lowAltitude": true,
	"name":"飓风",
	"rotateSpeed":1.6,
    "range":400,
	"description":"重型火力机",
	"health": 55000,
	"armor":27,
	"hitSize": 64,
	"engineOffset": 34,
	"engineSize": 10,
	"engines": [
		{
			"x": 18,
			"y": -18,
			"radius": 9,
			"rotation": -9
		},
		{
			"x": -18,
			"y": -18,
			"radius": 9,
			"rotation": -135
		}
	],
	"speed": 2.2,
	"accel": 0.04,
	"drag": 0.01,
    "trailLength":25,
	"weapons": [
	{
		"name": "飓风0",
		"x": 28,
		"y": 7,
		"mirror": true,
		"reload": 2,
		"shootSound": "JG",
		"inaccuracy": 2,
	    "recoil": 4,
		"rotate": true,
        "rotateSpeed":5,
        "shoot": {
        "type": "ShootAlternate",
        "barrels": 2,
        "spread": 2,
         },
        "bullet": {
		"type": "BasicBulletType",
        "damage": 120,
        "pierceCap": 6,
        "pierceBuilding":true,
        "splashDamageRadius": 12,
		"splashDamage": 60,
        "frontColor": "FEEBB3FF",
        "backColor": "FEEBB3FF",
        "width": 8,
        "height": 16,       
        "trailLength": 2,
        "trailWidth": 3,
        "trailColor": "FEEBB3FF",
        "pierce": true,
        "status": "shocked",
        "statusDuration": 180,
        "speed": 16,
        "lifetime": 25,
        "ammoMultiplier": 1,
        "hitEffect": {
            "type": "WaveEffect",
            "lifetime": 8,
            "sizeFrom": 0,
            "sizeTo": 12,
            "strokeFrom": 1,
            "strokeTo": 0,
            "colorFrom": "FFFFFF",
            "colorTo": "FEEBB3FF"
        },
        "despawnEffect": {
            "type": "WaveEffect",
            "lifetime": 8,
            "sizeFrom": 0,
            "sizeTo": 12,
            "strokeFrom": 1,
            "strokeTo": 0,
            "colorFrom": "FFFFFF",
            "colorTo": "FEEBB3FF"
        }
    },
    "shootEffect": {
        "type": "WaveEffect",
        "lifetime": 8,
        "sizeFrom": 0,
        "sizeTo": 4,
        "strokeFrom": 1,
        "strokeTo": 0,
        "colorFrom": "FFFFFF",
        "colorTo": "FEEBB3FF"
    },
   }
   	{
		"name": "飓风0",
		"x": 14,
		"y": -7,
		"mirror": true,
		"reload": 1,
		"shootSound": "JG",
		"inaccuracy": 4,
	    "recoil": 2,
		"rotate": true,
        "rotateSpeed":4,
        "shoot": {
        "type": "ShootAlternate",
        "barrels": 2,
        "spread": 2,
         },
        "bullet": {
		"type": "BasicBulletType",
        "damage": 60,
        "pierceCap": 6,
        "pierceBuilding":true,
        "splashDamageRadius": 12,
		"splashDamage": 60,
        "frontColor": "97B5EDFF",
        "backColor": "97B5EDFF",
        "width": 8,
        "height": 16,       
        "trailLength": 2,
        "trailWidth": 3,
        "trailColor": "97B5EDFF",
        "pierce": true,
        "status": "wet",
        "statusDuration": 180,
        "speed": 16,
        "lifetime": 25,
        "ammoMultiplier": 1,
        "hitEffect": {
            "type": "WaveEffect",
            "lifetime": 8,
            "sizeFrom": 0,
            "sizeTo": 6,
            "strokeFrom": 1,
            "strokeTo": 0,
            "colorFrom": "FFFFFF",
            "colorTo": "97B5EDFF"
        },
        "despawnEffect": {
            "type": "WaveEffect",
            "lifetime": 8,
            "sizeFrom": 0,
            "sizeTo": 6,
            "strokeFrom": 1,
            "strokeTo": 0,
            "colorFrom": "FFFFFF",
            "colorTo": "97B5EDFF"
        }
    },
    "shootEffect": {
        "type": "WaveEffect",
        "lifetime": 8,
        "sizeFrom": 0,
        "sizeTo": 4,
        "strokeFrom": 1,
        "strokeTo": 0,
        "colorFrom": "FFFFFF",
        "colorTo": "97B5EDFF"
    },
   }
         ]
}