{
	"type": "ItemTurret",
	"name": "沙漠之鹰",
	"description": "Desert Eagle，.50大口径手枪，威力大精准度高，但造价特别贵，射速也慢。",
	"health": 700,
	"category":"turret"
	"size": 1,
	"reload": 70,
	"burstSpacing": 0
	"shots":1
	"range": 400,
	"shootSound":"沙漠之鹰"
    "maxAmmo": 8,
    "recoil": 2,
	"targetGround":true,
	"targetAir":true,
	"canOverdrive": false
	"inaccuracy": 0.7,
	"rotatespeed": 150,
	"ammoTypes": {
			"copper": {
            "type": "BasicBulletType",
			"speed": 30,
			"damage": 30,
			"bulletWidth": 1,
			"bulletHeight": 3,
			"ammoMultiplier": 1,
			"lifetime": 13.5,
		},
			"钢": {
            "type": "BasicBulletType",
			"speed": 30,
			"pierceCap":2
			"pierceBuilding":true,
			"damage": 50,
			"pierce":true,
			"pierce":2
			"bulletWidth": 1,
			"bulletHeight": 3,
			"ammoMultiplier": 1,
			"lifetime":13.5,
		},
	},
	"requirements": [
		{ "item": "titanium", "amount": 300 },
		{ "item": "plastanium", "amount": 120 },
		{ "item": "钢", "amount": 410 },
		{"item":"枪械零部件","amount":300},
	],
	"alwaysUnlocked":true,
	}