{
	"type": "ItemTurret",
	"name": "M500",
	"description": ".50大口径左轮手枪牺牲弹容量换来高精度。",
	"health": 1000,
	"category":"turret"
	"size": 1,
	"reload": 120,
	"burstSpacing": 0
	"shots":1
	"range": 430,
	"shootSound":"m500左轮"
    "maxAmmo": 5,
    "recoil": 2,
	"targetGround":true,
	"targetAir":true,
	"canOverdrive": false
	"inaccuracy": 0.5,
	"rotatespeed": 150,
	"ammoTypes": {
			"copper": {
            "type": "BasicBulletType",
			"speed": 30,
			"damage": 43,
			"bulletWidth": 1,
			"bulletHeight": 3,
			"ammoMultiplier": 1,
			"lifetime": 14.5,
		},
			"钢": {
            "type": "BasicBulletType",
			"speed": 30,
			"pierceCap":2
			"pierceBuilding":true,
			"damage": 70,
			"pierce":true,
			"pierce":2
			"bulletWidth": 1,
			"bulletHeight": 3,
			"ammoMultiplier": 1,
			"lifetime":14.5,
		},
	},
	"requirements": [
		{ "item": "titanium", "amount": 300 },
		{ "item": "plastanium", "amount": 120 },
		{ "item": "钢", "amount": 510 },
		{"item":"枪械零部件","amount":250},
	],
	"alwaysUnlocked":true,
	}