{
    "type": "MendProjector",
	"name": "兰钻修理投影器",
	"description": "发射修复光波投影.",
	"health": 750,
	"size": 3,
	"range": 145,
	"reload": 180,
	"healPercent": 18,
	"booster":true
	"optional": true
	"consumes": {
		"power": 3.6,
	    "items":{
			"items":[
				{"item":"玻璃钢","amount":1},
			]
			"booster":true,
			"optional": true
		}
	},
	"requirements": [
		{ "item": "钻钢", "amount": 75 },
		{ "item": "titanium", "amount": 115 },
		{ "item": "silicon", "amount": 115 },
		{ "item": "phase-fabric", "amount": 45 }
	],
	"category": "effect",
	"research": "新型修理投影器"
}