{
	"type": "GenericCrafter",
	"name": "冷冻液凝固器",
	"description": "将冷冻液凝固为冷冻冰.",
	"outputItem": {"item": "冷冻冰", "amount": 1 },
	"size": 2,
	"health": 360,
	"hasItems": true,
	"liquidCapacity": 50,
	"craftTime": 69,
	"consumes": {
	"power": 1.4,
	"liquid": {
			    "liquid": "cryofluid",
			    "amount": 0.18
			    }
			 },
	"requirements": [
		{ "item": "钢", "amount": 60 },
		{ "item": "silicon", "amount": 45 },
		{ "item": "graphite", "amount": 45 },
		{ "item": "plastanium", "amount": 25 },
	],
	"category": "crafting",
	"research": "铀钍混合压缩机",
	"idleSound": "respawning",
	"idleSoundVolume": 0.5
}