{
	"type": "ThermalGenerator",
	"name": "地热反应堆",
	"description": "巨型的地热发电反应堆,从地热中获取大量热能发电.",
	"size": 4,
	"health": 1080,
	"hasPower": true,
	"updateEffect": "smeltsmoke",
	"powerProduction": 4,
	"requirements": [
		{ "item": "钨金", "amount": 120 },
		{ "item": "silicon", "amount": 240 },
		{ "item": "graphite", "amount": 240 },
		{ "item": "metaglass", "amount": 240 },
		{ "item": "phase-fabric", "amount": 180 },
	],
	"category": "power",
	"research": "地热发电组"
}
