{
	"type": "Cultivator",
	"name": "孢子培养基地",
	"description": "大规模生产孢子荚.",
	"outputItem": {"item": "spore-pod", "amount": 4},
	"size": 4,
	"health": 720,
	"hasItems": true,
	"itemCapacity":30,
	"liquidCapacity": 100,
	"craftTime": 105,
	"consumes": {
	"power": 4.2,
	"liquid": {
			"liquid": "water",
			"amount": 1,
			}
			 },
	"requirements": [
		{ "item": "钢", "amount": 80 },
		{ "item": "silicon", "amount": 45 },
		{ "item": "titanium", "amount": 45 },
		{ "item": "metaglass", "amount": 80 }
	],
	"category": "production",
	"research": "cultivator",
	"idleSound": "respawning",
	"idleSoundVolume": 0.5
}