{
    "type": "UnitFactory",
	"name": "巡查修复机基地",
	"description": "生产巡查修复机,修复建筑物",
	"unitType": "巡查修复机",
	"size": 3,
	"produceTime": 3400,
	"maxSpawn":2,
	"consumes": {
		"power": 2.5,
		"items": {
			"items": [
				{ "item": "钻石", "amount": 25 },
				{ "item": "钢", "amount": 30 }
				]
				}
	},
	"requirements": [
		{ "item": "钻石", "amount": 125 },
		{ "item": "plastanium", "amount": 75 },
		{ "item": "silicon", "amount": 125 },
		{ "item": "graphite", "amount": 100 },
		{ "item": "钢", "amount": 125 }
	]
	"category": "units",
	"research": "黄蜂采矿机基地",
}
