{
	"type": "GenericSmelter",
	"name": "新型巨浪冶炼厂",
	"description": "使用矿渣直接冶炼巨浪合金.",
	"outputItem": {"item": "surge-alloy", "amount": 1 },
	"size": 4,
	"health": 450,
	"hasItems": true,
	"ltemCapacity": 30,
	"hasliquids": true,
	"liquidCapacity": 400,
	"craftTime": 60,
	"updateEffect": "smeltsmoke",
	"consumes": {
    "power": 5.2,
				"liquid": {
			"liquid": "slag",
			"amount": 0.28
			}
			},
	"requirements": [
		{ "item": "钻钢", "amount": 40 },
		{ "item": "graphite", "amount": 120 },
		{ "item": "silicon", "amount": 120 },
		{ "item": "thorium", "amount": 80 },
		{ "item": "surge-alloy", "amount": 50 }
	],
	"category": "crafting",
	"research": "钻钛混合压缩机",
	"idleSound": "respawning",
	"idleSoundVolume": 0.5
}
