{
    "type": "OverdriveProjector",
	"name": "新型加速投影器",
	"description":"新工业技术加持下,对原来的加速器进行了加强.",
	"health": 500,
	"size": 2,
	"range": 105,
	"reload": 60,
	"speedBoost": 1.75,
	"phaseBoost": 1,
	"consumes": {
		"power": 5,
        "items":{
			"items":[
					{ "item":"phase-fabric","amount": 1 }
			]
			"booster":true,
			"optional": true
		}
	},
	"requirements": [
	    { "item": "silicon","amount": 100 },
	    { "item": "titanium","amount": 100 },	
	    { "item": "钢","amount": 80 },
	    { "item": "plastanium","amount":45 },
	    { "item": "钻石", "amount": 35 }
	],
	"category":"effect",
	"research": "overdrive-projector"
}