{
    "type": "UnitFactory",
    "name": "根除者工厂",
    "description": "生产根除者",
	"unitType": "eradicator",
	"size": 6,
	"health": 2800,
	"produceTime": 4800,
	"maxSpawn": 4,
	"consumes": {
	"power": 18,
	"items": {
	"items": [
	{"item": "钻钢", "amount": 15 },
	{"item": "silicon", "amount": 40 },
	{"item": "铀", "amount": 40 },
	{"item": "surge-alloy", "amount": 20 }
	
		]
		}
		}
	"category": "units",
	"research": "鹰眼战机工厂",
	"requirements": [
	{ "item": "钢", "amount": 450 }
	{ "item": "钻钢", "amount": 245 }
	{ "item": "silicon", "amount": 325 }
	{ "item": "graphite", "amount": 325 }
	{ "item": "surge-alloy", "amount": 275 }
	{ "item": "铀", "amount": 250 }
	]
}