{
"type": "MechPad"
"name": "火蜂机甲平台(废案)",
"description": "通过一种未知的技术把另一个次元的东西拉过来,很明显这种技术有缺陷",
"mech": "火蜂机甲(废案)",
"size": 3,
"consumes": {
"power": 2.5
},
"category": "upgrade",
"research": "亡魂机甲平台",
"requirements": [
{ "item": "钻钢", "amount": 20 }
{ "item": "钢", "amount": 160 }
{ "item": "silicon", "amount": 160 }
{ "item": "thorium", "amount": 160 }
{ "item": "surge-alloy", "amount": 80 }
{ "item": "phase-fabric", "amount": 80 }
]
}