{
	"type": "LiquidConverter",
	"name": "热容液混合器",
	"description": "将钨和水混合制造具有极高热容的液体.",
	"outputLiquid": {"liquid": "热容液", "amount": 24 },
	"size": 2,
	"hasItems": true,
	"craftTime": 120,
	"consumes": {
	"power": 1.3,
	"items":{
			"items": [
				{ "item": "钨", "amount": 1 },
				]
				},
				"liquid": {
			"liquid": "water",
			"amount": 0.4
			}
			 },
	"requirements": [
		{ "item": "钻钢", "amount": 45 },
		{ "item": "钨", "amount": 75 },
		{ "item": "silicon", "amount": 120 },
		{ "item": "plastanium", "amount": 100 }
	],
	"category": "crafting",
	"research": "cryofluidmixer"
}