{
	"type": "SingleTypeGenerator",
	"name": "熔岩温差发电机",
	"description": "利用熔岩和冷冻冰的巨大温差发电.",
	"size": 3,
	"hasPower": true,
	"hasLiquids": true,
	"health": 800,
	"liquidCapacity": 50,
	"itemDuration": 150,
    "liquidDuration": 60,
	"powerProduction": 25,
	"consumes": {
	        "items":{
			"items": [
				{ "item": "冷冻冰",
				"amount": 1
				}
				]
				},
				"liquid": {
			    "liquid": "熔岩",
			    "amount": 0.4
			    }
			    },
	"requirements": [
		{ "item": "钨", "amount": 100 },
		{ "item": "silicon", "amount": 75 },
		{ "item": "graphite", "amount": 75 },
		{ "item": "metaglass", "amount": 125 },
	],
	"category": "power",
	"research": "differential-generator"
}