{
	"type": "GenericCrafter",
	"name": "爆炸物离心机",
	"description": "从石油中分离出爆炸混合物.",
	"outputItem": {"item": "blast-compound", "amount": 1},
	"size": 2,
	"health": 200,
	"hasItems": true,
	"craftTime": 75,
	"updateEffect": "smeltsmoke",
	"consumes": {
	        "power": 1.8,
	        "liquid": {
			"liquid": "oil",
			"amount": 0.4
		}
			 },
	"requirements": [
		{ "item": "钢", "amount": 80 },
		{ "item": "钻石", "amount": 45 },
		{ "item": "silicon", "amount": 60 },
		{ "item": "plastanium", "amount": 45 }
	],
	"category": "crafting",
	"research": "硫离心机",
	"idleSound": "respawning",
	"idleSoundVolume": 0.5
}
