{
	"type": "GenericCrafter",
	"name": "玻璃钢制造机",
	"description": "制造玻璃钢.",
	"outputItem": {"item": "玻璃钢", "amount": 2 },
	"size": 3,
	"hasItems": true,
	"craftTime": 75,
	"updateEffect": "smeltsmoke",
	"consumes": {
	"power": 2,
	"items":{
			"items": [
				{ "item": "钻石", "amount": 4 },
				{ "item": "metaglass", "amount": 4 }
				]
				}
				"liquid": {
			"liquid": "oil",
			"amount": 0.18
			}
			 },
	"requirements": [
		{ "item": "钻钢", "amount": 105 },
		{ "item": "钻石", "amount": 155 },
		{ "item": "silicon", "amount": 200 },
		{ "item": "phase-fabric", "amount": 100}
	],
	"category": "crafting",
	"research": "钻钛混合压缩机",
	"idleSound": "respawning",
	"idleSoundVolume": 0.5
}