{
    "type":"LiquidBridge", 
    "name":"玻璃钢导管桥",
    "description":"先进的液体传输管道，拥有更高的速度，距离和生命值",
    "health": 120,
    "size": 1,
    "speed": 15,
    "range": 18,
    "transportTime":0.5, 
    "liquidCapacity": 50,
    "consumes": {
		"power":0.4
		},
    "hasItem":true,
 	"requirements": [
 	    { "item": "玻璃钢", "amount": 5 },
 	    { "item": "钻钢", "amount": 5 },
 	    { "item": "titanium", "amount": 20 },
		{ "item": "phase-fabric", "amount": 10 }
	],
	"category": "liquid",
	"research": "phase-conduit"
    
}