{
    "type":"ItemBridge", 
    "name":"玻璃钢传送带桥",
    "description":"玻璃钢远程传输桥",
    "health": 120,
    "range":18,
    "transportTime": 0.5,
    "speed":10,
    "ltemCapacity": 30,
    "size":1,
    "consumes": {
		"power":0.4
		},
    "hasItem":true,
 	"requirements": [
		{ "item": "玻璃钢", "amount": 5 },
		{ "item": "钻钢", "amount": 5 },
		{ "item": "titanium", "amount": 20 },
		{ "item": "phase-fabric", "amount": 10 }
	],
	"category": "distribution",
	"research": "phase-conveyor"
    
}