{
	"type": "Separator",
	"name": "矿渣离心机",
	"description": "从矿渣中分离更多东西.",
	"results":[
	        {"item": "graphite", "amount": 4 },
			{"item": "titanium", "amount": 4 },
			{"item": "copper", "amount": 4 },
			{"item": "lead", "amount": 4 },
			{"item": "thorium","amount": 3 },
			{"item": "铁","amount": 5 },
			{"item": "铀","amount": 1 },
			],
	"size": 3,
	"hasItems": true,
	"craftTime": 14,
	"updateEffect": "smeltsmoke",
	"consumes": {
	"power": 2.1,
	"liquid": {
			"liquid": "slag",
			"amount": 0.18
			 }
			 },
	"requirements": [
		{ "item": "thorium", "amount": 60 },
		{ "item": "silicon", "amount": 60 },
		{ "item": "titanium", "amount": 80 },
		{ "item": "钢", "amount": 80 },
	],
	"category": "crafting",
	"research": "爆炸物离心机",
	"idleSound": "respawning",
	"idleSoundVolume": 0.5
}