{
    "type": "BurnerGenerator",
	"name": "蒸汽涡轮反应堆",
	"description": "消耗大量的燃料和水，同时产生大量的电.",
	"size": 4,
	"health": 1080,
	"hasPower": true,
	"hasItems": true,
	"liquidCapacity": 100,
	"itemCapacity": 30,
	"itemDuration": 24,
	"powerProduction": 30,
	"consumes": {
				"liquid": {
			"liquid": "water",
			"amount": 0.25,
			}
		},
	"requirements": [
		{ "item": "钢", "amount": 240 },
		{ "item": "钨", "amount": 120 },
		{ "item": "silicon", "amount": 240 },
		{ "item": "graphite", "amount": 240 },
		{ "item": "titanium", "amount": 160 }
	],
	"category": "power",
	"research": "大型火力发电厂"
}
