{
"type": "ChargeTurret",
"name": "蓝瑟爆散炮",
"description": "分裂蓝瑟激光对敌人造成大量伤害",
"health": 3000,
"size": 4,
"reload": 105,
"chargeTime": 60,
"range": 275,
"shootSound":"laser",
"shootEffect": "lancerLaserShoot",
"smokeEffect": "lightningShoot",
"chargeEffect": "lancerLaserCharge",
"chargeBeginEffect": "lancerLaserChargeBegin",
"inaccuracy": 0,
"rotatespeed": 16,
"hasPower": true,
"powerUse": 25,
"shootType":{
"Bullet": "ArtilleryBulletType"
"damage": 60,
"speed": 4,
"lifetime": 75,
"bulletWidth": 42,
"bulletHeight": 42,
"fragBullets": 8,
"fragBullet":"lancerLaser",
}
"requirements": [
  {"item": "钻钢", "amount": 325 }
  {"item": "titanium", "amount": 275 }
  {"item": "surge-alloy", "amount": 450 }
  {"item": "silicon", "amount": 275 }
  {"item": "phase-fabric", "amount": 240 }
   ],
"category": "turret",
"research": "特拉斯炮塔"
}