{
"type": "ChargeTurret",
"name": "轨道炮",
"description": "超远程武器，比鹰眼据有更大的杀伤力,目前最远武器",
"health": 3000,
"size": 4,
"reload": 180,
"range": 450,
"shots": 2,
"shotWidth": 16,
"chargeTime": 90,
"hasPower": true,
"shootSound" : "laser",
"shootEffect": "lancerLaserShoot",
"smokeEffect": "lightningShoot",
"chargeEffect": "lancerLaserCharge",
"chargeBeginEffect": "lancerLaserChargeBegin",
"inaccuracy": 0,
"rotatespeed": 16,
"hasPower": true,
"powerUse": 43.5,
"shootType":{
"Bullet": "ArtilleryBulletType"
"damage": 800,
"speed": 30,
"lifetime": 75,
"bulletWidth": 24,
"bulletHeight": 32,
"fragBullets": 16,
"fragBullet":"lightning",
}
"requirements": [
  {"item": "钢", "amount": 375 }
  {"item": "plastanium", "amount": 375 }
  {"item": "graphite", "amount": 300 }
  {"item": "silicon", "amount": 300 }
  {"item": "钻钢", "amount": 240 }
  {"item": "surge-alloy", "amount": 350 }
   ],
"category": "turret",
"research": "鹰眼"
}