{
    "type": "UnitFactory",
	"name": "追随者建造机工厂",
	"description": "剩产追随者建造机,协助建造.",
	"unitType": "追随者建造机",
	"size": 2,
	"produceTime": 5200,
	"maxSpawn":1,
	"consumes": {
		"power": 3.6,
		"items": {
			"items": [
				{ "item": "钻钢", "amount": 15 },
				{ "item": "玻璃钢", "amount": 15 }
				]
				}
	},
	"requirements": [
		{ "item": "钻钢", "amount": 45 },
		{ "item": "plastanium", "amount": 75 },
		{ "item": "silicon", "amount": 125 },
		{ "item": "phase-fabric", "amount": 75 },
		{ "item": "metaglass", "amount": 80 },
	]
	"category": "units",
	"research": "黄蜂采矿机基地",
}
