{
"type": "ChargeTurret",
"name": "速射蓝瑟炮",
"description": "由蓝瑟炮升级改装而来.",
"targetAir": false,
"targetGround": true,
"health": 1500,
"size": 3,
"reload": 48,
"range": 175,
"chargeTime": 38,
"hasPower": true,
"shootSound" : "laser",
"shootEffect": "lancerLaserShoot",
"smokeEffect": "lightningShoot",
"chargeEffect": "lancerLaserCharge",
"chargeBeginEffect": "lancerLaserChargeBegin",
"inaccuracy": 0,
"rotatespeed": 16,
"hasPower": true,
"powerUse": 3,
"shootType": "lancerLaser",
"damage": 180,
"requirements": [
  {"item": "钢", "amount": 45 }
  {"item": "graphite", "amount": 40 }
  {"item": "silicon", "amount": 60 }
   ],
"category": "turret",
"research": "lancer"
}