{
	"type": "GenericSmelter",
	"name": "钻石冶硅厂",
	"description": "用钻石冶硅.",
	"outputItem": {"item": "silicon", "amount": 4},
	"size": 2,
	"health": 200,
	"hasPower": true,
	"hasItems": true,
	"craftTime": 75,
	"updateEffect": "smeltsmoke",
	"consumes": {
		"power": 1.8,
		"items": {
			"items": [
				{ "item": "钻石", "amount": 2 },
				{ "item": "sand", "amount": 4 }
				]
				}
		},
	"requirements": [
		{ "item": "钻石", "amount": 25 },
		{ "item": "钢", "amount": 60 },
		{ "item": "silicon", "amount": 30 },
		{ "item": "titanium", "amount": 40 }
	],
	"category": "crafting",
	"research": "炼-钢-厂",
	"idleSound": "respawning",
	"idleSoundVolume": 0.5
}
