{
	"type": "GenericCrafter",
	"name": "钻钛混合压缩机",
	"description": "制造强大的钻钢.",
	"outputItem": {"item": "钻钢", "amount": 1},
	"size": 3,
	"hasItems": true,
	"craftTime": 60,
	"updateEffect": "smeltsmoke",
	"consumes": {
	"power": 4.8,
	"items":{
			"items": [
				{ "item": "钻石", "amount": 2 },
				{ "item": "titanium", "amount": 2 }
				]
				}
				"liquid": {
			"liquid": "cryofluid",
			"amount": 0.18
			}
			 },
	"requirements": [
		{ "item": "钻石", "amount": 80 },
		{ "item": "钢", "amount": 120 },
		{ "item": "silicon", "amount": 100 },
		{ "item": "titanium", "amount": 100}
	],
	"category": "crafting",
	"research": "钻石合成器",
	"idleSound": "respawning",
	"idleSoundVolume": 0.5
}