{
	"type": "NuclearReactor",
	"name": "铀反应堆",
	"description": "使用能量更高的铀发电.",
	"size": 3,
	"health": 800,
	"hasPower": true,
	"hasItems": true,
	"explosionRadius": 65,
	"explosionDamage": 1500,
	"liquidCapacity": 50,
	"heating": 0.016,
	"hasLiquid": true,
	"itemCapacity": 30,
	"itemDuration": 360,
	"powerProduction": 18,
	"consumes": {
	"items":{
			"items": [
				{ "item": "铀",
				"amount": 1
				},
				]
				"optional": true
			},
			"liquid": {
			"liquid": "cryofluid",
			"update": false,
			"amount": 0.06,
			"optional": true
			}
		},
	"requirements": [
		{ "item": "铀", "amount": 150 },
		{ "item": "silicon", "amount": 240 },
		{ "item": "graphite", "amount": 180 },
		{ "item": "lead", "amount": 400 }
	],
	"category": "power",
	"research": "thorium-reactor"
}
