{
"type": "ItemTurret",
"name": "霞弹",
"description": "散射炮改良，拥有强大火力",
"health": 2250,
"size": 2,
"reload": 60,
"range": 145,
"shots": 9,
"ammoUseEffect": "shellEjectSmall",
"shootSound":"shotgun",
"inaccuracy": 0,
"rotatespeed": 16,
"ammo": {
  "铁": {
    "Bullet": "ArtilleryBulletType"
    "speed": 5,
    "damage": 14,
    "bulletWidth": 8,
    "bulletHeight": 12,
    "shootEffect": "shootSmall",
    "smokeEffect": "shootSmallSmoke",
    "ammoMultiplier": 3
    }
  "钢": {
    "Bullet": "ArtilleryBulletType"
    "speed": 5,
    "damage": 24,
    "bulletWidth": 8,
    "bulletHeight": 12,
    "shootEffect": "shootSmall",
    "smokeEffect": "shootSmallSmoke",
    "ammoMultiplier": 3
    }
    "plastanium": {
    "Bullet": "ArtilleryBulletType",
    "shock": true,
    "speed": 5,
    "damage": 32,
    "bulletWidth": 8,
    "bulletHeight": 12,
    "shootEffect": "shootSmall",
    "smokeEffect": "shootSmallSmoke",
    "ammoMultiplier": 3
    }
    "blast-compound": {
    "Bullet": "BombBulletType",
    "speed": 5,
    "damage": 8,
    "bulletWidth": 10,
    "bulletHeight": 14,
    "splashDamage": 24,
    "splashDamageRadius": 25,
    "shootEffect": "shootSmallFlame",
    "smokeEffect": "shootBigSmoke",
    "hitEffect":"flakExplosionBig",
    "trailEffect": "missileTrail",
    "ammoMultiplier": 3
        }
     "钻钢": {
    "Bullet": "ArtilleryBulletType",
    "knockback": 2,
    "pierce": true
    "speed": 6,
    "damage": 62,
    "bulletWidth": 10,
    "bulletHeight": 14,
    "shootEffect": "shootSmall",
    "smokeEffect": "shootSmallSmoke",
    "ammoMultiplier": 3
        }
        },
"requirements": [
  {"item": "钢", "amount": 60 }
  {"item": "titanium", "amount": 60 }
  {"item": "钻石", "amount": 40 }
   ],
"category": "turret",
"research": "scatter"
}