{
    "name":"OSI", 
	"type": "UnitFactory",
	"description":"az", 
	"size": 3,
	"requirements": [
		{"item": "铝", "amount": 120}
		{"item": "铁", "amount": 90}
	],
	"plans": [
	
	
		{
			"unit": "黎明",
			"requirements": [
				{"item": "铝", "amount": 80}
				{"item": "铁", "amount": 60}
			],
			"time": 4000,
		},
		{
			"unit": "diverter",
			"requirements": [
				{"item": "铝", "amount": 3}
				{"item": "铁", "amount": 5}
			],
			"time": 50,
		},
		{
			"unit": "D",
			"requirements": [
				{"item": "铝", "amount": 30}
				{"item": "铁", "amount": 25}
			],
			"time": 200,
		}
		
	],
	
	"consumes": {
		"power": 4.0,
	},
	
	
	
	
	
	"category": "units",
	"research": "L"
	"alwaysUnlocked": true,
}