{
    // 类型为炮塔（ItemTurret）
    "type": "ItemTurret",
    // 名称
    "name": "风暴",
    // 描述为快速向敌人发射子弹
    "description": "配备新型装弹机提升射速\n有助为我们提供火力压制",
    // 简介
    "details": "合金大户\n[red]你合金真多",
    // 生命值为1100
    "health": 1200,
    // 大小为2
    "size": 4,
      "ammoPerShot": 20, // 每次射击消耗弹药数量：20合金
    // 类别为炮塔（turret）
    "category": "turret",
    // 研究名称
    "research": "杂交科技",
      //始终解锁
      "alwaysUnlocked":false,
    "shootSound": "shoot",//射击声音
    // 射程
    "range": 300,
    // 旋转速度为3
    "rotateSpeed": 1.8,
    // 重新装填时间为8
    "reload": 20,
    // 目标间隔为5
    "targetInterval": 4,
      "shootEffect": "blastExplosion", // 射击特效：使用“lancerLaserShoot”（长矛激光射击）特效
  "smokeEffect": "blastExplosion", // 烟雾特效：无（射击/受损时不产生烟雾）
  "shootSound": "bang", // 射击音效：使用“shockBlast”（冲击爆炸）音效
    "shoot": {
        // 射击模式类型
        // 每次射击发射1颗子弹
        "shots": 4,
        // 子弹发射延迟为1
        "shotDelay": 10
        "type": "ShootAlternate",
		"barrels": 4,
		 "shots": 12,//总射击次数
		 "shotDelay": 10//每次射击间隔
    },
    // 可以瞄准空中目标
    "targetAir": true,
    // 可以瞄准地面目标
    "targetGround": true,
    // 最大弹药量为50
    "maxAmmo": 100,
    "consumes": {
        "coolant": {
            // 消耗冷却剂的量为0.2
            "amount": 0.1,
            // 可选择是否消耗（非必须消耗）
            "optional": false
        }
    },
  "requirements": [
        { "item": "titanium", "amount":100}, // 精致石墨：20个
                { "item": "silicon", "amount":180}, // 精致石墨：20个
                     { "item": "copper", "amount":200}, // 精致石墨：20个
                          { "item": "surge-alloy", "amount":100}, // 精致石墨：20个
    ]
"ammoTypes": {
    // ammoTypes对象，用于定义各种弹药类型相关的属性
"surge-alloy": {  // 推测为“冲击合金”类武器/技能的配置参数
    "speed": 5,  // 移动/发射速度，数值为5
    "damage": 15,  // 基础伤害值，数值为15
    "lifetime": 40,  // 存在时长（如子弹飞行时间、技能持续时间），数值为30
    "width": 6,  // 宽度尺寸（如攻击范围、子弹宽度），数值为6
    "height": 6,  // 高度尺寸（与width共同定义立体范围），数值为6
    "ammoMultiplier": 5,  // 弹药倍率，1表示不额外增加弹药数量
    "trailWidth": 3,  // 轨迹特效宽度，数值为4（如子弹拖尾的粗细）
    "trailLength": 14,  // 轨迹特效长度，数值为12（如子弹拖尾的延伸距离）
    "hitColor": "F2E878B9",  // 命中时的颜色值，格式为RGBA（此处F2=红、E8=绿、78=蓝、B9=透明度）
    "buildingDamageMultiplier": 0.5,  // 对建筑的伤害倍率，0.5表示仅造成50%基础伤害
    "pierceArmor": true,  // 是否穿透护甲：是（true）
    "pierceBuilding": true,  // 能够穿透建筑物：是（true）（与下方重复参数功能一致）
    "pierce": 2,  // 穿透次数：可穿透6个目标
    "pierce": true,  // 是否具备穿透能力：是（true）（与上方“穿透次数”参数存在逻辑冲突，需确认优先级）
    "pierceBuilding": false,  // 能够穿透建筑物：是（true）（重复定义，通常取最后一次或配置文件默认规则）
    "pierceCap": 2  // 穿透上限
    	"trailEffect":{
					"type": "ParticleEffect",//粒子特效
					"particles": 1,//数量
					"length": 10,//长
					"baseLength": 0,//开始长度
					"lifetime": 30,//存在时间
					"randLength": false,//这表示粒子的长度是否随机
					"sizeFrom":3,//开始大小
					"sizeTo":0,//结束大小
					"sizeInterp":"pow3In",//粒子大小增加值（从快到慢）
					"interp":"pow5Out",//离子速度增加值（从快到慢）
					"colorFrom": "F2E878B9",//开始颜色
					"colorTo": "F2E878B9"//结束颜色
				},//轨迹特效
				"drag": -0.02,//阻力
				"trailColor": "F2E878B9"//子弹尾迹颜色
				"shrinkY": 0,// Y轴缩小率
				"shrinkX": 0,// X轴缩小率
				"backColor": "F2E878B9",//子弹背景色
				"frontColor": "F2E878B9",//子弹前景色
				"hitEffect": {
					"type": "ExplosionEffect",//爆炸效果
					"lifetime": 10,//爆炸持续时间
					"waveStroke": 1,//爆炸波纹宽度
					"waveLife": 10,//波纹持续时间
					"waveRadBase": 0,//波纹开始半径
					"waveColor": "F2E878B9",//波纹颜色
					"waveRad": 20,//波纹结束半经
					"smokes": 20,//产生烟雾粒子数
					"smokeColor": "F2E878B9",//烟雾粒子颜色
					"sparkColor": "F2E878B9",//火花颜色
					"sparks": 15,//火花数量
					"sparkRad": 20,//火花最大移动半径
					"sparkStroke": 2,//宽度
					"sparkLen": 18//长度
				},//命中效果
				"hitSound": "malignShoot",//命中声音。
				"hitShake": 0.5,//命中时屏幕晃动幅度
				"despawnEffect": "none",//消失效果
				"shootEffect": "none",//射击效果
				"smokeEffect": {
					"type": "ParticleEffect",//烟雾特效
					"particles": 3,//粒子数
					"sizeFrom": 6,//开始大小
					"sizeTo": 0,//结束大小
					"sizeInterp": "pow5In",//开始大小增加值（从快到慢）
					"interp": "pow10Out",//开始移速增加值（从快到慢）
					"length": 20,//粒子长
					"baseLength": 0,//开始粒子长度
					"lifetime": 20,//存在时间
					"colorFrom": "FFFFFF",//开始颜色
					"colorTo": "F2E878B9",//结束颜色
					"cone": 30//粒子发射角度
				},//烟雾效果（发射时效果）
				"damage": 30,//子弹伤害
				"pierceArmor": true,//是否穿透装甲(就是是否无视护甲值)
				"splashDamageRadius": 30,//爆炸范围
				"splashDamage": 15,//爆炸伤害
				"lightningDamage": 8,//闪电伤害
				"lightning":5,//闪电数
				"lightningLength": 3,//闪电长度
				"lightningLengthRand": 5,//闪电长度随机变化
				"lightningColor": "F2E878B9"//闪电颜色
			},
			},
    }