{
	"name": "碳晶钻头",
	"description": "使用碳化钨材料的钻头,可采集硬度极高的矿物",
	"type": "Drill",
	"size":4
	"tier":8
	"health":2800
	"rotateSpeed":5
	"warmupSpeed":0.04,
	"itemCapacity":20,
	"liquidCapacity": 24,  
	"idleSound":"DrillBit",
	"idleSoundVolume": 0.1
	"drawRim":false
	"hasItems": true,
	"drillTime":200
	"drillEffect": "none",
	"liquidBoostIntensity":1.6
	"consumes": {
	"power":2
	"liquid": {
       "liquid": "ozone",
       "amount": 0.15
       "booster": true,
       "optional": true
        }
	},
	"requirements": [
	],	
	"category": "production",
	"research": "copper"
}	