{
    "type": "GenericCrafter",
    "health": 250,
    "name": "石墨窑炉",
    "description": "比正常窑炉生产快",
    "outputItem": {
        "item": "metaglass",
        "amount": 2
    },
    "itemCapacity": 20,
    "size": 2,
    "hasPower": true,
    "hasItems": true,
    "craftTime": 30,
    "updateEffect": "none",
    "drawer": {
        "type": "DrawMulti",
        "drawers": [
            "DrawDefault",
            "DrawFlame"
        ]
    },
    "consumes": {
        "power": 1.5,
        "items": {
            "items": [
                {
                    "item": "lead",
                    "amount": 2
                },
                {
                    "item": "sand",
                    "amount": 2
                }
            ]
        }
    },
    "requirements": [
        {
            "item": "graphite",
            "amount": 60
        }
    ],
    "category": "crafting",
    "research": "铅制窑炉"
}