{
    "type": "GenericCrafter",
    "health": 600,
    "name": "钍制窑炉",
    "description": "需要大量电力，生产速度极快",
    "outputItem": {
        "item": "metaglass",
        "amount": 3
    },
    "itemCapacity": 80,
    "size": 2,
    "hasPower": true,
    "hasItems": true,
    "craftTime": 6,
    "updateEffect": "none",
    "drawer": {
        "type": "DrawMulti",
        "drawers": [
            "DrawDefault",
            "DrawFlame"
        ]
    },
    "consumes": {
        "power": 20,
        "items": {
            "items": [
                {
                    "item": "sand",
                    "amount": 2
                }
            ]
        }
    },
    "requirements": [
        {
            "item": "thorium",
            "amount": 60
        }
    ],
    "category": "crafting",
    "research": "钛制窑炉"
}