{
    "type": "GenericCrafter",
    "health": 450,
    "name": "钛制窑炉",
    "description": "需要大量电力，不需要铅，生产速度很快",
    "outputItem": {
        "item": "metaglass",
        "amount": 2
    },
    "itemCapacity": 40,
    "size": 2,
    "hasPower": true,
    "hasItems": true,
    "craftTime": 12,
    "updateEffect": "none",
    "drawer": {
        "type": "DrawMulti",
        "drawers": [
            "DrawDefault",
            "DrawFlame"
        ]
    },
    "consumes": {
        "power": 10,
        "items": {
            "items": [
                {
                    "item": "sand",
                    "amount": 2
                }
            ]
        }
    },
    "requirements": [
        {
            "item": "titanium",
            "amount": 60
        }
    ],
    "category": "crafting",
    "research": "硅制窑炉"
}