{
    "type":"material",//类型（不能改）
    "name":"硅胶",//名字
    "description":"高级工业材料",//介绍
    "details":"可以直接用于炮塔建造，制造高级单位必需品",//战役中解锁后最底下的介绍
    "color":"656681FF",//物品源颜色
    "explosiveness":1500,//爆炸性
    "flammability":0,
    "radioactivity":0
    "hardness":0,
    "cost":1,
    "alwaysUnlocked":false,
    "research": "copper"
    
    "radioactivity":0 
    "explosiveness":0 
    "flammability":0 
    
    
    "transitionFrames":1, 
    "frameTime":6, 
    "research":"titanium"
}