{
    "type":"material",//类型（不能改）
    "name":"铝",//名字
    "description":"低级工业材料",//介绍
    "details":"可以直接用于单位建造，制造中级合金必需品",//战役中解锁后最底下的介绍
    "color":"BOBACAFF",//物品源颜色
    "explosiveness":1500,
    "flammability":0,
    "radioactivity":0
    "hardness":0,
    "cost":1,
    "alwaysUnlocked":false,
    "research": "copper"
    
    "radioactivity":0 
    "explosiveness":0 
    "flammability":0 
    
    
    "transitionFrames":1, 
    "frameTime":6, 
    "research":"titanium"
}