{
	"type":"ItemTurret",
	"name":"丧钟",
    "description":"强大的轨道炮，向远距离单个目标射击。 其改良后的子弹可以散射。\n[red][泽塔议会炮台]",
    "details":"[red]咚",
	"size":5
	"health":8450,
	"ammoPerShot": 55,
	"range":750,
	"reload":220
	"inaccuracy":0
	"ammoUseEffect": "none",
	"rotateSpeed":0.7,
	"maxAmmo":550,
	"targetAir":true
	"targetGround":true,
	"velocityRnd":0.05
	"shootY": 8,
	"shootSound":"largeExplosion",
	"recoilTime": 60,
    "recoil": 2,
    "squareSprite": false
    "minRange":120
    "coolantMultiplier": 1.25
    "consumes": {
	"power": 29.8
       "coolant":{"amount":0.8,"optional":true}  
		},
    "outlineColor": 535353
	"ammoTypes":{
	"metaglass": {
      "type": "PointBulletType",
      "damage": 50,
      "splashDamageRadius":80
      "splashDamage":25
      "buildingDamageMultiplier": 0.50,
      "ammoMultiplier": 5,
      "speed": 750,
      "reloadMultiplier":5.5
      "lifetime":1
      "hitShake": 10,
      "collidesTiles": true,
      "trailSpacing": 20,
      
      "trailEffect": "railTrail",
      "smokeEffect": "smokeCloud",
      "buildingDamageMultiplier":0.1
     "fragRandomSpread":90
				"fragBullets": 10
			"fragBullet": {
				
	    "damage":5
	    "splashDamageRadius":64
		"splashDamage":15
	    "speed":2
	    "lifetime":10
	    "width":8
	     "height":8
	     "buildingDamageMultiplier":0.1
             "hitEffect": {
                "type":"ParticleEffect",
                "particles": 5,
		"line": true,
		"strokeFrom": 0.7,
		"strokeTo": 0.5,
		"lenFrom": 3,
		"lenTo": 0,
                "length": 16,
                "baseLength": 0,
                "lifetime": 20,
                "colorFrom": "ffffff",
                "colorTo": "ffa662",
                "cone": 30,
		"interp": "pow3Out",
		"sizeInterp": "pow3In",
		}
             "despawnEffect": "none"
             "buildingDamageMultiplier":0.1
        "fragLifeMin":0
			"fragRandomSpread":10
				"fragBullets": 10
			"fragBullet": {
				"buildingDamageMultiplier":0.1
	    "damage":2.5
	    "splashDamageRadius":16
		"splashDamage":5
	    "speed":2
	    "lifetime":24
	    "width":6
	     "height":6
		"shrinkX": 1,
		"shrinkY": 1,
 	      "hitEffect": "none"
	      "despawnEffect": "none"

			}}
      "shootEffect": {     
          "type": "WaveEffect",
          "lifetime": 60,
          "sizeFrom": 10,
          "sizeTo": 40,
          "strokeFrom": 6,
          "strokeTo": 0,
          "colorFrom": "6c6c6c",
          "colorTo": "8e8e8e"
	   }
      "hitEffect": [

 {
                "type":"ParticleEffect",
                "particles": 16,
                "sizeFrom": 12,
                "sizeTo": 0,
                "length": 80,
                "baseLength": 16,
                "lifetime": 60,
                "colorFrom": "6c6c6c",
                "colorTo": "6c6c6c",
                "cone": 360,
		"interp": "pow3Out",
		"sizeInterp": "pow3In",
 }
	   {     
        "type": "WaveEffect",
        "lifetime": 20,
        "sizeFrom": 3,
        "sizeTo": 82,
        "strokeFrom": 8,
        "strokeTo": 0,
        "colorFrom": "ffffff",
        "colorTo": "ffffff"
	   }	  
	   ]
   }
	"surge-alloy": {
      "type": "pointBulletType",
      "damage": 3160,
      "splashDamageRadius":24,
	  "splashDamage":320
      "buildingDamageMultiplier": 0.50,
      "lightning": 8,
      "lightningLength": 17,
      "lightningDamage": 55,
      "ammoMultiplier": 7
      "speed": 750,
      "lifetime":1
      "hitShake": 7,
      "collidesTiles": true,
      "trailSpacing": 20,
      "buildingDamageMultiplier":0.1
      "trailEffect": "instTrail",
      "smokeEffect": "smokeCloud",
      "shootEffect": "instShoot",
      "despawnEffect": "instBomb",
      "hitEffect": "instHit"
      
      "fragBullets": 4
			"fragBullet": {
			"type": "pointBulletType",
      "damage": 380
      "splashDamageRadius":12,
	  "splashDamage":32
      "buildingDamageMultiplier": 0.50,
      "lightning": 8,
      "lightningLength": 17,
      "lightningDamage": 55,
      "speed": 75,
      "lifetime":1
      "hitShake": 7,
      "collidesTiles": true,
      "trailSpacing": 20,
      "buildingDamageMultiplier":0.1
      "trailEffect": "instTrail",
      "smokeEffect": "smokeCloud",
      "shootEffect": "instShoot",
      "despawnEffect": "instBomb",
      "hitEffect": "instHit"
			}
    }
    "phase-fabric": {
      "type": "pointBulletType",
      "damage": 160,
      "splashDamageRadius":36
	  "splashDamage":466
      "buildingDamageMultiplier": 0.50,
      "ammoMultiplier": 5
      "speed": 750,
      "lifetime":1
      "hitShake": 7,
      "collidesTiles": true,
      "trailSpacing": 20,
      "buildingDamageMultiplier":0.1
      "trailEffect": "instTrail",
      "smokeEffect": "smokeCloud",
      "despawnEffect": "none" 
      "hitEffect": [{
	"type": "WaveEffect",
	"lifetime": 12,
	"sizeFrom": 0,
	"sizeTo": 80,
	"strokeFrom": 5,
	"strokeTo": 0,
	"colorFrom": "f9c27a",
	"colorTo": "f9c27a"}
	{"type": "ParticleEffect",
	"particles": 40,
	"sizeFrom": 24,
	"sizeTo": 0,
	"length": 64,
	"baseLength": 0,
	"lifetime": 120,
	"colorFrom": "f9c27a40",
	"colorTo": "f9c27a40",
	"interp": "pow5Out",
	"sizeInterp": "pow5In",
	}]
      "shootEffect": "instShoot",
      
      "fragBullets": 4
			"fragBullet": {
			"type": "pointBulletType",
      "damage": 160,
      "splashDamageRadius":36
	  "splashDamage":64
      "buildingDamageMultiplier": 0.50,
      "speed": 25,
      "lifetime":1
      "hitShake": 7,
      "collidesTiles": true,
      "trailSpacing": 20,
      "buildingDamageMultiplier":0.1
      "trailEffect": "instTrail",
      "smokeEffect": "none"
      "shootEffect": "none"
      "despawnEffect": "instBomb",
      "hitEffect":"instBomb",
      "fragBullets": 4
			"fragBullet": {
			"type": "pointBulletType",
      "damage": 90,
      "splashDamageRadius":32,
	  "splashDamage":44
      "buildingDamageMultiplier": 0.50,
      "speed": 25,
      "lifetime":1
      "hitShake": 7,
      "collidesTiles": true,
      "trailSpacing": 20,
      "buildingDamageMultiplier":0.1
      "trailEffect": "instTrail",
      "smokeEffect": "none"
      "shootEffect": "none"
      "despawnEffect": [{     
        "type": "WaveEffect",
        "lifetime": 60,
        "sizeFrom": 32,
        "sizeTo": 32,
        "strokeFrom": 6,
        "strokeTo": 0,
        "colorFrom": "f9c27a",
        "colorTo": "f9c27a"
	   }
	   {     
        "type": "WaveEffect",
        "lifetime": 60,
        "sizeFrom": 8,
        "sizeTo": 0,
        "strokeFrom": 16,
        "strokeTo": 0,
        "colorFrom": "f9c27a",
        "colorTo": "f9c27a"
	   }]
      "hitEffect": [{     
        "type": "WaveEffect",
        "lifetime": 60,
        "sizeFrom": 32,
        "sizeTo": 32,
        "strokeFrom": 6,
        "strokeTo": 0,
        "colorFrom": "f9c27a",
        "colorTo": "f9c27a"
	   }
	   {     
        "type": "WaveEffect",
        "lifetime": 60,
        "sizeFrom": 8,
        "sizeTo": 0,
        "strokeFrom": 16,
        "strokeTo": 0,
        "colorFrom": "f9c27a",
        "colorTo": "f9c27a"
	   }]
      "fragBullets": 4
			"fragBullet": {
			"type": "pointBulletType",
      "damage": 40,
      "splashDamageRadius":32,
	  "splashDamage":24
      "buildingDamageMultiplier": 0.50,
      "speed": 25,
      "lifetime":1
      "hitShake": 7,
      "collidesTiles": true,
      "trailSpacing": 20,
      "buildingDamageMultiplier":0.1
      "trailEffect": "instTrail",
      "smokeEffect": "none"    
      "shootEffect": "none" 
      "despawnEffect": [
	   {     
        "type": "WaveEffect",
        "lifetime": 60,
        "sizeFrom": 8,
        "sizeTo": 0,
        "strokeFrom": 16,
        "strokeTo": 0,
        "colorFrom": "f9c27a",
        "colorTo": "f9c27a"
	   }]
      "hitEffect": [ 
	   {     
        "type": "WaveEffect",
        "lifetime": 60,
        "sizeFrom": 8,
        "sizeTo": 0,
        "strokeFrom": 16,
        "strokeTo": 0,
        "colorFrom": "f9c27a",
        "colorTo": "f9c27a"
	   }]
			}
			}
			}
    }
    "1绝缘钢": {
    "reloadMultiplier":0.4
      "type": "pointBulletType",
      "damage": 10250,
      "buildingDamageMultiplier": 0.05,
      "ammoMultiplier": 7
      "speed": 750,
      "lifetime":1
      "hitShake": 7,
      "collidesTiles": true,
      "trailSpacing": 20,
      "buildingDamageMultiplier":0.1
      "trailEffect": "instTrail",
      "smokeEffect": "smokeCloud",
      "shootEffect": "instShoot",
      "despawnEffect": "instHit",
      "hitEffect": "instHit"}
    }
	"requirements": [
	{"item": "copper", "amount": 1750  },
	{"item": "lead", "amount": 1550  },
        {"item": "surge-alloy", "amount": 650  },
{"item": "phase-fabric", "amount": 650  }
        { "item": "thorium", "amount": 440 }
        {"item": "plastanium", "amount": 750  },
        { "item": "metaglass", "amount":650},
    ],//造价
    "research": {
	"parent":"BA0sAT3D天网"
	"objectives": [
            {
				"type": "SectorComplete",
				"preset": "overgrowth"
			}
	]
	}
	"category": "turret",//类型
	"researchCostMultiplier": 0.75,
	"buildCostMultiplier":0.6
}