{
    "description": "建立一个储存器，可以使用卸载器取出物品，容量较小。",
    		"details":"原宇宙已有，研究费用降低",
    "requirements": [
    { "item": "假 石墨", "amount": 20 }
    { "item": "假 钛", "amount": 30 }
   ],
    "type": "StorageBlock",
    "name": " 复合 容器",
    "size": 2,
    "itemCapacity": 240,
    "research": "超能 初代核心",
    "researchCostMultiplier": 0.2,
    "category": "effect"
    "health": 250,
            "canOverdrive": false,
}