{
"type":"mech",
"name":"[brown]大型爬爬",
"description":"“我不是蜘蛛，我是自爆兵！”",
"controller":"SuicideAI",//ai
"research":"强化爬爬",
"speed":1.4,//速度
"mechSideSway":0.3,//偏移
"hitSize":12,//尺寸
"health":600,//生命
"armor":5,//护甲
"itemCapacity":70,//背包容量
"range":12,//范围
"ammoType":"coal",
"weapons":[{
"name":"Weapon",//名称
"x":0,"y":0,
"reload":24,//装弹时间
"shootCone":180,//射锥
"shootOnDeath":true,//自杀
"ejectEffect":"none",
"shootSound":"explosion",
"mirror":false,//镜像
"bullet":{
"type":"BasicBulletType",//基础子弹
"ammoMultiplier":1,//每个物品能够
"damage":0,//伤害
"speed":0,
"hitSound":"explosion",
"hitEffect":"pulverize",
"rangeOverride":30,
"splashDamage":300,
"splashDamageRadius":80,
"instantDisappear":true,
"collides":false,
"killShooter":true,
"collidesAir":true,
"hittable":false,
"collidesTiles":false,
"fragBullets":10,//破片弹数量
"fragRandomSpread":360,//随机分裂角度
"fragSpread":0,//指定分裂角度
"fragBullet":{
"type":"ShrapnelBulletType",//基础子弹
"length":24,//长度
"damage":30,//伤害
}
}}]
}