{
"type":"legs",
"name":"[red]红月",
"description":"增加了机动性和攻击距离（）",
"research":"蚂蝗",
"range":180,
"health":50000,//生命
"armor":15,//护甲
"boostMultiplier":1.6,
"rotateSpeed":2.4,
"speed":0.8,//速度
"drag":0.4,
"hitSize":48,//尺寸
"legCount":8,
"legLength":50,
"legForwardScl":1.8,
"legMoveSpace":2.4,
"hovering":true,
"shadowElevation":0.2,
"itemCapacity":240,//背包容量
"ammoType":1000,
"moves": [
					{
						"progress": "recoil",
						"y": -16
					}
				],
"abilities":[
{
    "type": "ForceFieldAbility"
    "radius": 240
    "regen": 6
    "max": 6000
    "cooldown": 1600
  }
  { 
    "type": "UnitSpawnAbility",
    "unit": "强化爬爬",
    "spawnX": 15,
    "spawnY": -15,
    "spawnTime": 600
    },
  ]
  "immunities":[
	"blasted",
	"burning",
	"electrified",
	"freezing",
	"melting",
	"muddy",
	"sapped",
	"shocked",
	"slow",
	"tarred",
	"unmoving",
	"wet",
	"spore-slowed",
	"corroded"
	"冻结"
	],
"weapons":[
{
"name":"红月1",
"x":12,"y":0,
"shootY":4,
"shake":0,
"ejectEffect":"none",
"recoil":1,
"top":false,
"reload":20,//装弹时间
"shootSound":"sap",
"bullet":{
"type":"SapBulletType",//基础子弹
"sapStrength":1.2,
"length":200,
"damage":100,
"shootEffect":"shootSmall",
"hitColor":"A5B3FF",
"color":"A5B3FF",
"despawnEffect":"none",
"width":0.54,
"lifetime":35,
"status": "虚弱"
"statusDuration": 800,
"knockback":-1.24,
"pierceBuilding":true,//穿透建筑
"laserAbsorb":true,//被塑钢吸收
"pierce":true,//穿透
}
}
{
"name":"红月2",
"x":6,"y":4,
"shootY":4,
"shake":0,
"ejectEffect":"none",
"recoil":1,
"top":false,
"reload":4.5,//装弹时间
"shootSound":"sap",
"bullet":{
"type":"SapBulletType",//基础子弹
"sapStrength":0.85,
"length":180,
"damage":50,
"shootEffect":"shootSmall",
"hitColor":"A5B3FF",
"color":"A5B3FF",
"despawnEffect":"none",
"width":0.54,
"lifetime":20,
"knockback":-4,
"pierceBuilding":true,//穿透建筑
"laserAbsorb":true,//被塑钢吸收
"pierce":true,//穿透
}
}

{
			"x": 0,
			"y": 0,
			"reload": 30,
			"ejectEffect": "none",
			"shootSound": "spark",
			"shoot": {
        "shots": 8,
        "shotDelay": 0
    },
			"bullet": {
				"type": "LightningBulletType",
				"damage": 40,
				"lightningLength": 24
}
},

{
"x":0,"y":4,
"shake":2.2,
"ejectEffect":"none",
"recoil":2.5,
"top":false,
"reload":60,//装弹时间
"shootSound":"spark",
"bullet":{
"type":"BasicBulletType",//基础子弹
"sprite":"circle-bullet",//子弹贴图
"frontColor":"8A76FF",
"backColor":"8A76FF",
"reloadMultiplier":1,//装弹速度倍率
"pierce":true,//穿透
"pierceBuilding":true,//穿透建筑
"pierceCap":3,//穿透数量
"laserAbsorb":true,//被塑钢吸收
"absorbable":true,//受力墙影响
"hittable":true,//被分解
"reflectable":true,//被反弹
"homingPower":0.005,//追踪力度
"homingRange":80,//追踪范围，8/格
"lifetime":150,//存在时间，帧
"speed":1.2,
"damage":100,//伤害
"splashDamage":200,//范围伤害
"splashDamageRadius":24,//范围伤害距离
"lightningDamage":17,//闪电伤害
"lightning":15,//闪电数量
"lightningLength":12,//长度？
"lightningColor":"D1EFFF"//闪电颜色
"shrinkX":0,"shrinkY":0,
"height":20,"width":20,
"hitSize":20,//子弹碰撞箱大小
}}
	{
			"x": 4,
			"y": 0,
			"recoil": 0,
			"shootY": 2,
			"reload": 120,
			"mirror": true,
			"shootSound": "plasmadrop",
			"bullet": {
				"type": "BasicBulletType",
				"damage": 40,
				"splashDamage": 240,
				"splashDamageRadius": 24,//飞溅伤害半径
				"speed": 1.5,
				"lifetime": 100,//存在时间
				"knockback": 0.5,
				"shrinkY": 0,
				"width": 8,
				"height": 8,
				"hitEffect": "none",
				"despawnEffect": {
					"type": "MultiEffect",
					"effects": [
						{
							"type": "ParticleEffect",
							"particles": 13,
							"sizeFrom": 4,
							"sizeTo": 0,
							"length": 32.5,
							"baseLength": 8,
							"lifetime": 25,
							"colorFrom": "F3E979",
							"colorTo": "FEEBB3",
							"cone": 40
						},
						{
							"type": "WaveEffect",
							"lifetime": 18,
							"sizeFrom": 1,
							"sizeTo": 45,
							"strokeFrom": 3,
							"strokeTo": 0,
							"colorFrom": "F3E979",
							"colorTo": "FEEBB3"
						}
					]
				},
				"hitSound": "plasmaboom",
				"sprite": "circle-bullet",
				"trailLength": 11.5,
				"trailWidth": 3,
				"trailColor": "F3E979",
				"frontColor": "FEEBB3",
				"backColor": "F3E979",
				"pierce": true,
				"bulletInterval": 2.5,
				"intervalBullets": 1,
				"intervalRandomSpread": 360,
				"intervalSpread": 12,
				"intervalAngle": 0,
				"intervalBullet": {
					"type": "LightningBulletType",
					"damage": 20,
					"lightningColor": "FEEBB3FA0",
					"hitColor": "FEEBB3A0",
					"lightningLength": 8,
					"lightningLengthRand": 2,
					"hitEffect": "hitLancer",
					"despawnEffect": "none",
					"status": "shocked",
					"statusDuration": 120//状态持续时间
				}
			}
		}
]
}