{
"type":"legs",
"name":"[orange]蚂蝗",
"description":"近战单挑非常nb，被放风筝或者围殴就不好说了（",
"research":"巨型蜘蛛",
"range":150,
"health":15000,//生命
"armor":12,//护甲
"boostMultiplier":1.6,
"rotateSpeed":2.4,
"speed":0.56,//速度
"drag":0.4,
"hitSize":40,//尺寸
"legCount":7,
"legLength":38,
"legForwardScl":1.8,
"legMoveSpace":2.6,
"hovering":true,
"shadowElevation":0.2,
"itemCapacity":200,//背包容量
"ammoType":1000,
"moves": [
					{
						"progress": "recoil",
						"y": -12
					}
				],
"abilities":[
{
    "type": "ForceFieldAbility"
    "radius": 200
    "regen": 3
    "max": 2000
    "cooldown": 2000
  }
  { 
    "type": "UnitSpawnAbility",
    "unit": "强化爬爬",
    "spawnX": 15,
    "spawnY": -15,
    "spawnTime": 1200
    },
  ]
"weapons":[
{
"name":"蚂蝗1",
"x":12,"y":0,
"shootY":4,
"shake":0,
"ejectEffect":"none",
"recoil":1,
"top":false,
"reload":20,//装弹时间
"shootSound":"sap",
"bullet":{
"type":"SapBulletType",//基础子弹
"sapStrength":1,
"length":150,
"damage":70,
"shootEffect":"shootSmall",
"hitColor":"A5B3FF",
"color":"A5B3FF",
"despawnEffect":"none",
"width":0.54,
"lifetime":35,
"status": "虚弱"
"statusDuration": 600,
//"knockback":-1.24,
"pierceBuilding":true,//穿透建筑
"laserAbsorb":true,//被塑钢吸收
"pierce":true,//穿透
}
}
{
"name":"蚂蝗2",
"x":6,"y":4,
"shootY":4,
"shake":0,
"ejectEffect":"none",
"recoil":1,
"top":false,
"reload":6,//装弹时间
"shootSound":"sap",
"bullet":{
"type":"SapBulletType",//基础子弹
"sapStrength":0.85,
"length":120,
"damage":60,
"shootEffect":"shootSmall",
"hitColor":"A5B3FF",
"color":"A5B3FF",
"despawnEffect":"none",
"width":0.54,
"lifetime":20,
"knockback":-4.2,
"pierceBuilding":true,//穿透建筑
"laserAbsorb":true,//被塑钢吸收
"pierce":true,//穿透
}
}
{
			"x": 0,
			"y": 0,
			"reload": 40,
			"ejectEffect": "none",
			"shootSound": "spark",
			"shoot": {
        "shots": 8,
        "shotDelay": 0
    },
			"bullet": {
				"type": "LightningBulletType",
				"damage": 30,
				"lightningLength": 18
}
},
]
}