{
"type":"legs",
"name":"[red]血月",
"description":"血月",
"research":"红月",
"range":240,
"health":160000,//生命
"armor":24,//护甲
"boostMultiplier":1.6,
"rotateSpeed":1.6,
"speed":0.8,//速度
"drag":0.4,
"hitSize":48,//尺寸
"legCount":10,//腿数
"legLength":80,//腿长
"legForwardScl":1.6,//腿移动速度
"legMoveSpace":2.4,//腿每次移动距离
"hovering":true,
"shadowElevation":0.2,
"itemCapacity":300,//背包容量
"ammoType":1000,
"moves": [
					{
						"progress": "recoil",
						"y": -48
					}
				],
"abilities":[
{
    "type": "ForceFieldAbility"
    "radius": 300
    "regen": 10
    "max": 30000
    "cooldown": 1600
  }
  { 
    "type": "UnitSpawnAbility",
    "unit": "大型爬爬",
    "spawnX": 0,
    "spawnY": 0,
    "spawnTime": 600
    },
    { 
    "type": "UnitSpawnAbility",
    "unit": "大蜘蛛",
    "spawnX": 0,
    "spawnY": 0,
    "spawnTime": 1800
    },
    { 
    "type": "UnitSpawnAbility",
    "unit": "巨型蜘蛛",
    "spawnX": 0,
    "spawnY": 0,
    "spawnTime": 6000
    },
  ]
  "immunities":[
	"blasted",
	"burning",
	"electrified",
	"freezing",
	"melting",
	"muddy",
	"sapped",
	"shocked",
	"slow",
	"tarred",
	"unmoving",
	"wet",
	"spore-slowed",
	"corroded"
	"冻结"
	],
"weapons":[
{
"name":"血月1",
"x":12,"y":0,
"shootY":4,
"shake":0,
"ejectEffect":"none",
"recoil":1,
"top":false,
"reload":20,//装弹时间
"shootSound":"sap",
"bullet":{
"type":"SapBulletType",//基础子弹
"sapStrength":1.5,
"length":240,
"damage":200,
"shootEffect":"shootSmall",
"hitColor":"A5B3FF",
"color":"A5B3FF",
"despawnEffect":"none",
"width":0.54,
"lifetime":35,
"status": "虚弱"
"statusDuration": 1600,
"knockback":-5,
"pierceBuilding":true,//穿透建筑
"laserAbsorb":true,//被塑钢吸收
"pierce":true,//穿透
}
}
{
"x":6,"y":4,
"shootY":4,
"shake":0,
"ejectEffect":"none",
"recoil":1,
"top":false,
"reload":4.5,//装弹时间
"shootSound":"sap",
"bullet":{
"type":"SapBulletType",//基础子弹
"sapStrength":0.85,
"length":220,
"damage":100,
"shootEffect":"shootSmall",
"hitColor":"A5B3FF",
"color":"A5B3FF",
"despawnEffect":"none",
"width":0.54,
"lifetime":20,
"knockback":-2,
"pierceBuilding":true,//穿透建筑
"laserAbsorb":true,//被塑钢吸收
"pierce":true,//穿透
}
}

{
			"x": 0,
			"y": 0,
			"reload": 20,
			"ejectEffect": "none",
			"shootSound": "spark",
			"shoot": {
        "shots": 8,
        "shotDelay": 0
    },
			"bullet": {
				"type": "LightningBulletType",
				"damage": 70,
				"lightningLength": 32
}
},




{
"x":0,"y":4,
"shake":2.2,
"ejectEffect":"none",
"recoil":2.5,
"top":false,
"reload":50,//装弹时间
"shootSound":"spark",
"bullet":{
"type":"BasicBulletType",//基础子弹
"sprite":"circle-bullet",//子弹贴图
"frontColor":"8A76FF",
"backColor":"8A76FF",
"reloadMultiplier":1,//装弹速度倍率
"status": "shocked",
"statusDuration": 600//状态持续时间
"pierce":true,//穿透
"pierceBuilding":true,//穿透建筑
"pierceCap":3,//穿透数量
"laserAbsorb":true,//被塑钢吸收
"absorbable":true,//受力墙影响
"hittable":true,//被分解
"reflectable":true,//被反弹
"homingPower":0.005,//追踪力度
"homingRange":80,//追踪范围，8/格
"lifetime":150,//存在时间，帧
"speed":1.6,
"damage":150,//伤害
"splashDamage":500,//范围伤害
"splashDamageRadius":32,//范围伤害距离
"lightningDamage":17,//闪电伤害
"lightning":15,//闪电数量
"lightningLength":16,//长度？
"lightningColor":"D1EFFF"//闪电颜色
"shrinkX":0,"shrinkY":0,
"height":20,"width":20,
"hitSize":20,//子弹碰撞箱大小
}}





	{
			"x": 4,
			"y": 0,
			"recoil": 0,
			"shootY": 2,
			"reload": 120,
			"mirror": true,
			"shootSound": "plasmadrop",
			"bullet": {
			"fragBullets":5,
			"fragBullet":{
			"type": "BasicBulletType",
				"damage": 0,
				"splashDamage": 460,
				"splashDamageRadius": 32,//飞溅伤害半径
				"status": "shocked",
					"statusDuration": 240//状态持续时间
				"speed": 1,
				"lifetime": 90,//存在时间
				"knockback": 0.5,
				"shrinkY": 0,
				"width": 4,
				"height": 4,
				"hitEffect": "none",
				"despawnEffect": {
					"type": "MultiEffect",
					"effects": [
						{
							"type": "ParticleEffect",
							"particles": 13,
							"sizeFrom": 4,
							"sizeTo": 0,
							"length": 32.5,
							"baseLength": 8,
							"lifetime": 25,
							"colorFrom": "F3E979",
							"colorTo": "FEEBB3",
							"cone": 40
						},
						{
							"type": "WaveEffect",
							"lifetime": 18,
							"sizeFrom": 1,
							"sizeTo": 22.5,
							"strokeFrom": 3,
							"strokeTo": 0,
							"colorFrom": "F3E979",
							"colorTo": "FEEBB3"
						}
					]
				},
				"hitSound": "plasmaboom",
				"sprite": "circle-bullet",
				"trailLength": 10
				"trailWidth": 3,
				"trailColor": "F3E979",
				"frontColor": "FEEBB3",
				"backColor": "F3E979",
				"pierce": true,
				"bulletInterval": 5,
				"intervalBullets": 2,
				"intervalRandomSpread": 360,
				"intervalSpread": 15,
				"intervalAngle": 0,
				"intervalBullet": {
					"type": "LightningBulletType",
					"damage": 15,
					"lightningColor": "FEEBB3FA0",
					"hitColor": "FEEBB3A0",
					"lightningLength": 6,
					"lightningLengthRand": 2,
					"hitEffect": "hitLancer",
					"despawnEffect": "none",
					"status": "shocked",
					"statusDuration": 120//状态持续时间
				}
			}
				"type": "BasicBulletType",
				"damage": 0,
				"splashDamage": 460,
				"splashDamageRadius": 32,//飞溅伤害半径
				"status": "shocked",
					"statusDuration": 480//状态持续时间
				"speed": 1.5,
				"lifetime": 130,//存在时间
				"knockback": 0.5,
				"shrinkY": 0,
				"width": 8,
				"height": 8,
				"hitEffect": "none",
				"despawnEffect": {
					"type": "MultiEffect",
					"effects": [
						{
							"type": "ParticleEffect",
							"particles": 13,
							"sizeFrom": 4,
							"sizeTo": 0,
							"length": 32.5,
							"baseLength": 8,
							"lifetime": 25,
							"colorFrom": "F3E979",
							"colorTo": "FEEBB3",
							"cone": 40
						},
						{
							"type": "WaveEffect",
							"lifetime": 18,
							"sizeFrom": 1,
							"sizeTo": 45,
							"strokeFrom": 3,
							"strokeTo": 0,
							"colorFrom": "F3E979",
							"colorTo": "FEEBB3"
						}
					]
				},
				"hitSound": "plasmaboom",
				"sprite": "circle-bullet",
				"trailLength": 20
				"trailWidth": 6,
				"trailColor": "F3E979",
				"frontColor": "FEEBB3",
				"backColor": "F3E979",
				"pierce": true,
				"bulletInterval": 5,
				"intervalBullets": 2,
				"intervalRandomSpread": 360,
				"intervalSpread": 6,
				"intervalAngle": 0,
				"intervalBullet": {
					"type": "LightningBulletType",
					"damage": 40,
					"lightningColor": "FEEBB3FA0",
					"hitColor": "FEEBB3A0",
					"lightningLength": 12,
					"lightningLengthRand": 2,
					"hitEffect": "hitLancer",
					"despawnEffect": "none",
					"status": "shocked",
					"statusDuration": 240//状态持续时间
				}
			}
		}
		
]
}