{
    "type": "flying",
	"name": "文鳐",
	"description": "中度装甲能够抵消敌人的许多伤害，融毁光束与密集火力网也成为了敌人的噩梦",
	"research": "空迥级德鲁格单位重构工厂",
    "speed": 1.5,
    "lowAltitude": true,
    "pierceBuilding": true,
    "buildSpeed": "1.25",
    "flying": true,
    "hitSize": 18,
    "armor": 30,
    "health": 5400,
    "itemCapacity": 80,
    "boostMultiplier": 2.8,
    "commandLimit": 8,
    "rotateShooting": true,
    "rotateSpeed": 1.5,
    "weapons": [
{
            "y": 6,
            "x": 0,
            "name": "鳐喙",
            "shake": 3,
            "shootY": 4,
            "shootX": 0,
            "reload": 30,
            "shootSound": "鳐喙",
            "shots":4,
            "inaccuracy": 0,
            "shotDelay": 0.5,
            "spacing": 3,
            "recoil": 2.5,
            "occlusion": 2,
            "width": 5,
            "sideWidth": 1,
            "sideLength": 5,
            "sideAngle": 5,
            "mirror": false,
            "bullet": {
            "type": "MissileBulletType",
            "width": 8,
            "speed": 6,
            "homingPower": 90,
            "homingRange": 90,
            "damage": 100,
            "lifetime": 60,
            "trailColor": "00FFFFAA",
            "backColor": "97F2FFAA",
            "frontColor": "00A1FFAA",
},
},
{
            "y": -6,
            "x": 3,
            "name": "镭射球",
            "shake": 3,
            "shootY": 2,
            "shootX": 0,
            "reload": 40,
            "shootSound": "希翼主炮",
            "shots": 1,
            "inaccuracy": 0,
            "shotDelay": 0.5,
            "spacing": 3,
            "recoil": 2.5,
            "occlusion": 2,
            "width": 5,
            "sideWidth": 1,
            "sideLength": 5,
            "sideAngle": 5,
            "rotate": "true",
            "mirror": true,
            "bullet": {
                "type": "LaserBulletType",
                "damage": 300,
                "sideAngle": 5,
                "sideWidth": 7,
                "sideLength": 7,
                "width": 20,
                "length": 360,
},
},
{
            "y": 6,
            "x": 0,
            "name": "皇帝的新炮",
            "shake": 3,
            "shootY": 6,
            "shootX": 0,
            "reload": 120,
            "chargeSound": "lasercharge2",
            "shootSound": "beam",
            "recoil": 0,
            "mirror": false,
            "continuous": "true",
            "cooldownTime": "120",
            "bullet": {
            "type": "ContinuousLaserBulletType",
            "damage": 180,
            "length": 160,
            "hitEffect": "hitMeltHeal"
            "drawSize": 160,
            "lifetime": 160,
            "shake": 1,
            "despawnEffect": "smokeCloud",
            "smokeEffect": "none",
            "shootEffect": "greenLaserChargeSmall",
            "incendChance": 0.075,
            "incendSpread": 5,
            "incendAmount": 1,
            "healPercent": 2,
            "collidesTeam": true",
},
},
{
            "y": 2,
            "x": 7,
            "name": "芔陨",
            "shake": 3,
            "shootY": 3,
            "shootX": 0,
            "reload": 15,
            "shootSound": "鳐喙",
            "shots":2,
            "inaccuracy": 0,
            "shotDelay": 0.5,
            "spacing": 3,
            "recoil": 2.5,
            "occlusion": 2,
            "width": 5,
            "sideWidth": 1,
            "sideLength": 5,
            "sideAngle": 5,
            "rotate": "true",
            "mirror": true,
            "bullet": {
            "type": "MissileBulletType",
            "width": 8,
            "speed": 5,
            "homingPower": 90,
            "homingRange": 90,
            "damage": 40,
            "lifetime": 50,
            "trailColor": "00FFFFAA",
            "backColor": "97F2FFAA",
            "frontColor": "00A1FFAA",
},
},
],
}
