{
  "alwaysUnlocked":false,
  "research": "corvus",
  "groundLayer": 75,
  "singleTarget": true,
  "lightRadius": 200,
  "name": "行星",
  "description": "配置多台激光武器拆解敌人",
  "type": "legs",
  "speed": 0.24,
  "hitSize": 46,
  "health": 78500,
  "armor": 32,
  "drag": 0.2,
  "flying": false,
  "rotateSpeed": 1.5,
  "legCount": 6,
  "legBaseOffset": 13,
  "maxStretch": 1.3,
  "legMoveSpace": 0.6,
  "legLength": 27,
  "legTrns": 0.56,
  "landShake": 0.8,
  "legSpeed": 0.005,
  "rippleScale": 2,
  "legSplashDamage": 86,
  "legSplashRange": 30,
  "visualElevation": 0.75,
  "allowLegStep": true,
  "hovering": true,
  "weapons": [
  {
		"name":"jaab行星1",
		"shootSound":"laserblast",
		"chargeSound":"lasercharge",
		"top":false,
		"mirror":false,
		"shake":14,
		"x":0,"y":0,
		"shootY":5,
		"reload":180,
		"recoil":0,
		"cooldownTime":350,
		"shootStatusDuration":130,
		"shootStatus":"unmoving",
		"parentizeEffects":true,
		"shoot":{
			"type":"ShootPattern",
			"firstShotDelay":60
		},
	"bullet":{
		"type":"LaserBulletType",
		"length":600,
		"damage":450,
		"splashDamage":950,
		"splashDamageRadius":55,
		"width":130,
		"lifetime":70,
		"lightningColor":"97FFA8",
		"lightningSpacing":32,
		"lightningLength":5,
		"lightningDelay":1.1,
		"lightningLengthRand":15,
		"lightningDamage":90,
		"lightningAngleRand":40,
		"largeHit":true,
		"sideAngle":20,
		"sideWidth":2,
		"sideLength":60,
		"colors":["97FFA890", "97FFA880", "FFFFFF"],
		"chargeEffect":"greenLaserCharge",
		"healPercent":33,
		"collidesTeam":true
	}}
	{
      "name": "jaab行星2",
      "y": 3,
      "x": 25,
      "top": true,
      "mirror": true,
      "alternate": false,
      "shots": 1,
      "shootY": 1,
      "inaccuracy": 10,
      "reload": 100,
      "recoil": 3,
      "shake": 1,
      "shootCone": 20,
      "shootSound": "beam",
      "continuous": true,
      "cooldownTime": 190,
      "bullet": {
        "type": "ContinuousLaserBulletType",
        "damage": 130,
        "length": 350,
        "width": 10,
        "collidesTeam": true,
        "healPercent": 0.7,
        "hitEffect": "hitMeltHeal",
        "drawSize": 300,
        "lifetime": 480,
        "shake": 1,
        "status": "electrified",
        "statusDuration": 80,
        "despawnEffect": "smokeCloud",
        "smokeEffect": "smokeCloud",
        "colors": [
          "98ffa9AA",
          "98ffa9DA",
          "98ffa9",
          "FFFFFFF"
        ],
        "shootEffect": "hitEmpSpark"
      }
    }
  ],
  "abilities": [
    {
      "type": "mindustry.entities.abilities.RepairFieldAbility",
      "range": 120,
      "amount": 640,
      "reload": 145
    }
  ]
}