{
  "type": "GenericCrafter",
  "name": "钛弹药制造机",
  "description": "制造钛弹药，需要煤炭和钛",
  "size": 2,
  "hasPower": true,
  "hasItems": true,
  "hasLiquids": false,
  "craftTime": 50,
  "craftEffect": "pulverizeRed",
  "drawer": {
    "type": "DrawMulti",
    "drawers": [
      {
        "type": "DrawDefault" 
      },
      {
        "type": "DrawGlowRegion",
        "color": "ffef99"
      }
    ]
  },
  "consumes": {
    "power": 0.15,
    "items": {
      "items": [
        {
          "item": "coal",
          "amount": 3
        },
        {
          "item": "titanium",
          "amount": 2
        }
      ]
    }
  },
  "requirements": [
    {
      "item": "copper",
      "amount": 150
    },
    {
      "item": "lead",
      "amount": 120
    },
    {
      "item": "graphite",
      "amount": 55
    }
  ],
  "category": "crafting",
  "research": "ammo-crafter-1",
  "outputItem": {
    "item": "ammo-level-2",
    "amount": 1
  }
}
