{
  "type": "GenericCrafter",
  "name": "纳米弹制造机",
  "description": "制造纳米弹药，需要煤炭和活钢",
  "size": 2,
  "hasPower": true,
  "hasItems": true,
  "hasLiquids": false,
  "craftTime": 50,
  "craftEffect": "pulverizeRed",
  "drawer": {
    "type": "DrawMulti",
    "drawers": [
      {
        "type": "DrawDefault" 
      },
      {
        "type": "DrawGlowRegion",
        "color": "ffef99"
      }
    ]
  },
  "consumes": {
    "power": 0.2,
    "items": {
      "items": [
        {
          "item": "coal",
          "amount": 5
        },
        {
          "item": "living-steel",
          "amount": 2
        }
      ]
    }
  },
  "requirements": [
    {
      "item": "copper",
      "amount": 150
    },
    {
      "item": "lead",
      "amount": 120
    },
    {
      "item": "graphite",
      "amount": 65
    },
    {
      "item": "titanium",
      "amount": 55
    }
  ],
  "category": "crafting",
  "research": "homing-ammo-crafter",
  "outputItem": {
    "item": "nano-ammo",
    "amount": 2
  }
}
