{
  "type": "GenericCrafter",
  "name": "核弹组装机",
  "description": "主要是石墨和铀做的，可以一发让你见太奶",
  "size": 2,
  "hasPower": true,
  "hasItems": true,
  "hasLiquids": false,
  "itemCapacity": 60,
  "craftTime": 600,
  "consumes": {
    "power": 6,
    "items": {
      "items": [
        {
          "item": "uraniumrod",
          "amount": 10
        },
        {
          "item": "graphite",
          "amount": 20
        },
        {
          "item": "thorium",
          "amount": 10
        },
        { 
          "item": "blast-compound",
          "amount": 10
        }
      ]
    }
  },
  "requirements": [
    {
      "item": "copper",
      "amount": 1500
    },
    {
      "item": "lead",
      "amount": 1200
    },
    { 
      "item": "graphite",
      "amount": 1000
    },
    {
      "item": "surge-alloy",
      "amount": 600
    }
  ],
  "category": "crafting",
  "research": "nano-ammo-crafter",
  "outputItem": {
    "item": "nuke",
    "amount": 1
  }
}
