{
    "type": "Conveyor",
    "name": "相位传送带",
    "description": "用相位石和其他材料制成的传送带，可以快速的运输到目的地",
    "health": 700,
    "requirements": [
        {
            "item": "相位石",
            "amount": 1
        }
        {
            "item": "silicon",
            "amount": 5
        }
    ],
    "category": "distribution",
    "research": "特级核心",
    "speed": 0.30,
    "displayedSpeed": 50
	"bridgeReplacement": "化钢传送桥"
}