{
    // === 单位基础属性 ===
    "type": "flying",                    // 单位类型：飞行单位
    "name": "合层",                      // 单位显示名称
    "description": "喷气式背包!",          // 单位描述文本
    "ammoCapacity": 30,                  // 弹药容量（需消耗弹药类物品）
    "ammoResupplyAmount": 5,             // 每次弹药补充量
    "speed": 2.3,                          // 移动速度（格/秒）
    "flying": true,                      // 是否为飞行单位（无视地形）
    "turnCursor":  true,                 // 是否始终朝向鼠标（false=按移动方向转向）
    "engineOffset": 0,                   // 引擎粒子发射器偏移量（尾部距离）
    "engineSize": 0,                     // 引擎粒子大小
    "hitSize": 8,                        // 单位碰撞体积（直径）
    "targetAir": true,                   // 能否攻击空中单位
    "targetGround": true,                // 能否攻击地面单位
    "health": 160,                       // 基础生命值
    "armor": 7,                          // 护甲值（减伤用）
    "rotateSpeed": 5,                   // 转向速度（度/帧）
    "itemCapacity": 20,                  // 物品携带容量（格）
    "commandLimit": 0,                   // 最大指令队列长度（0=无限制）
    "accel":0.08,        //加速度
    "drag": 0.025,          // 移动阻力
    "rotateShooting": true,              // 是否朝向射击目标
    "targetGround": true,//攻击地面
	"targetAir": true,//攻击天空
	"hitBuildings": true,//攻击建筑
	"hitUnits": true,//攻击单位
  "engines": [
    {
      "x": 6,
      "y": -3.5,
      "radius": 3,
      "rotation": -35
    },
    
    {
      "x": 0,
      "y": -7.5,
      "radius": 2.5,
      "rotation": -90
    },
    {
    "x": -6,        // 圆心的x
    "y": -3.5,       // 圆心的 y
    "radius": 3,    // 圆的半径 
    "rotation": -135 // 旋转角度
    }
  ]
  
    "weapons": [
        {
            "mirror": true,  // 镜像
            "top": false,  // 位于单位顶部
            "rotate": true,  // 是否可以旋转
            "rotationLimit": 85,//旋转最大角度
            "rotateSpeed": 1.5,//旋转速度
            "x": 3.5,  // X轴位置
            "y": 4.5,  // Y轴位置
            "shootY": 2,  // 射击Y偏移
            "reload": 50,  // 装弹时间
            "recoil": 1.6,  // 后坐力
            "inaccuracy": 0.8,  // 射击散布
            "shootSound": "blaster",    // 射击音效
            "bullet": {
                "type": "BasicBulletType",
                "width": 7.5,  // 子弹宽度
                "height": 9.5,  // 子弹高度
                "damage": 28,  // 伤害值
                "speed": 4.5,  // 子弹速度
                "lifetime": 28,  // 存在时间
                "hitColor": "89E3EDFF", // 击中特效颜色
                "frontColor": "89E3EDFF",   // 弹头颜色（带透明度）
                "backColor": "89E3EDFF",    // 弹尾
                "trailLength": 8.5,            // 拖尾长度
                "trailWidth": 2,               // 拖尾宽度
                "trailColor": "89E3EDFF",      // 拖尾颜色
                "shootEffect":"shootBig",
                "smokeEffect":"shootBigSmoke",
                "despawnEffect":{
                    "type": "multiEffect",     // 复合特效
                    "effects": [
                        {
                            "type": "WaveEffect",  // 冲击波
                            "sizeTo": 8,         // 最大半径
                            "strokeFrom": 2     // 初始宽度
                            "colorFrom": "FFFFFF",
                            "colorTo": "89E3EDFF",     // 最后颜色
                        },
                        {
                            "type": "ParticleEffect",  // 粒子
                            "particles": 5,           // 粒子数量
                            "length": 10              // 喷射距离
                            "region": "晶体工业-星", // 使用图形
			"lifetime": 18,//存在时间
			"sizeFrom": 6,//开始大小
			"sizeTo": 2,//结束大小
                            "colorFrom": "FFFFFF",
                            "colorTo": "89E3EDFF",     // 最后颜色
                        }
                    ]
                },//子弹消失特效
            }
        }
    ]
}