{
    "type": "legs", // 单位类型：多足机械单位
    "name": "断盾", // 单位名称
    "description": "向敌人发射初级能量弹",
    "speed": 0.54, // 移动速度
    "drag": 0.11, // 移动阻力
    "hitSize": 11, // 单位碰撞体积大小
    "rotateSpeed": 2, // 单位旋转速度
    "health": 230, // 单位生命值
    "armor": 4,
    "weapons": [ // 单位武器数组
        {
            "mirror": false, // 是否镜像（例如双管武器）
            "x": 0, // 武器相对单位中心的X坐标
            "y": 0, // 武器相对单位中心的Y坐标
            "shootY": 7, // 子弹生成点的Y偏移
            "reload": 40, // 武器装弹时间（帧数）
            "cooldownTime": 20, // 冷却时间（帧数）
            "shootSound": "release", // 射击音效
            "bullet": { // 子弹类型定义
                "type": "BasicBulletType", // 子弹类型：基础子弹
                "recoil": 0.35, // 后坐力
                "damage": 25, // 伤害值
                "pierce": true, // 是否穿透敌人（对多个敌人造成伤害）
                "pierceBuilding": false, // 是否穿透建筑
                "speed": 7, // 子弹速度
                "lifetime": 21, // 子弹存活时间（帧数）
                "width": 6, // 子弹宽度
                "hitSize": 7, // 子弹碰撞体积
                "height": 10, // 子弹高度
                "hitColor": "89E3EDFF", // 击中特效颜色
                "frontColor": "89E3EDFF",   // 弹头颜色（带透明度）
                "backColor": "89E3EDFF",    // 弹尾
                "trailLength": 8.5,            // 拖尾长度
                "trailWidth": 2,               // 拖尾宽度
                "trailColor": "89E3EDFF",      // 拖尾颜
            "despawnEffect":{
                    "type": "multiEffect",     // 复合特效
                    "effects": [
                        {
                            "type": "ParticleEffect",  // 粒子
                            "particles": 4,           // 粒子数量
                            "length": 17              // 喷射距离
                            "region": "晶体工业-星", // 使用图形
			"lifetime": 18,//存在时间
			"sizeFrom": 7.5,//开始大小
			"sizeTo": 1.5,//结束大小
                            "colorFrom": "FFFFFF",
                            "colorTo": "89E3EDFF",     // 最后颜色
                        }
                    ]
                }
            }
        }
    ]
    "legStraightness": 0.3, // 腿部伸展程度
    "legCount": 6, // 腿部数量
    "legLength": 8.5, // 腿部长度
    "lockLegBase": true, // 锁定腿部基部
    "legContinuousMove": true, // 腿部是否持续移动
    "legExtension": -1.6, // 腿部伸展偏移
    "legBaseOffset": 3, // 腿部基部偏移量
    "legMaxLength": 1.3, // 腿部最大长度
    "legMinLength": 0.3, // 腿部最小长度
    "legLengthScl": 0.97, // 腿部长度缩放
    "legForwardScl": 1.1, // 腿部前向移动缩放
    "legGroupSize": 4, // 腿部组大小（可能指分组移动）
    "rippleScale": 0.2, // 移动时涟漪效果大小
    "legMoveSpace": 1.3, // 腿部移动空间
    "allowLegStep": false, // 是否允许腿部踩踏
    "hovering": true, // 是否悬浮（可能忽略地形高度）
    "legPhysicsLayer": true, // 腿部是否启用物理层
  "research": {
    "parent": "爬行单位组装厂"
  }
    "researchCostMultiplier": 0.5,  // 研究成本只需30%
}