{
    // ==== 单位核心属性 ====
    "type": "mech",                     // 单位类型：机甲
    "name": "断裂",                     // 游戏内显示名称
    "description": "保护断层核心\n因为足小型单位,所以可以助推",       // 单位描述（显示在UI中）
    "outlineColor": "373A4DFF",         // 选中时轮廓颜色（ARGB格式）

    // ==== 资源系统 ====
    "ammoCapacity": 30,                 // 最大弹药量（需配合消耗弹药的武器）
    "ammoResupplyAmount": 15,           // 每次从补给点获得的弹药量
    "itemCapacity": 180,                // 物品栏容量（单位：格）

    // ==== 移动属性 ====
    "speed": 0.85,                       // 基础移动速度（格/秒）
    "rotateSpeed": 2.5,                 // 转向速度（度/帧）
    "turnCursor": true,                 // true=始终朝向鼠标，false=朝移动方向转向
    "hitSize": 12,                      // 碰撞箱直径（像素）

    // ==== 战斗属性 ====
    "health": 650,                      // 生命值
    "armor": 6,                        // 护甲值（直接减伤）
    "targetAir": true,                  // 能否攻击空中单位
    "targetGround": true,               // 能否攻击地面单位
    "rotateShooting": true,             // 是否自动转向射击目标

    // ==== 工程能力 ====
    "mineSpeed": 2.5,                   // 采矿速度（矿石/秒）
    "mineTier": 2,                      // 可采集资源等级（3=最高级资源）
    "buildSpeed": 1.8,                  // 建造/修复速度倍率（1.0=标准速度）

    // ==== 推进系统 ====
    "canBoost": true,                   // 是否允许冲刺
    "boostMultiplier": 1.5,             // 冲刺速度倍率
    "engineOffset": 6,                  // 推进器位置偏移量（相对中心）
    "engineSize": 4,                    // 推进器视觉效果大小

    // ==== 武器系统 ====
    "weapons": [
        {
            "name": "断裂1",             // 武器名称
            "shootY": 3.5,               // 子弹发射高度偏移
            "x": 6,                     // 武器安装位置X坐标
            "y": 0,                     // 武器安装位置Y坐标
    "shootY": 2.7,
    "layerOffset": -0.0001,
    "mirror": true,
            "rotate": true,  // 旋转
            "rotationLimit":45,
    "alternate": false,                 // 是否交替
    "top": true,                       // 是否在顶部
    "recoil": 1,                        // 后坐力强度
    "shootWarmupSpeed": 0.01,           // 射击预热速度：0.01
    "continuous": true,                 // 是否连续射击：是
    "alwaysContinuous": true,           // 是否始终保持连续射击模式
    "shootSound": "laserbeam",          // 射击音效
    "shake": 0.7                     // 屏幕震动强度：0.7
            "bullet": {
                "healPercent": 4,          // 对友方治疗百分比
                "collidesTeam": true,       // 与友方碰撞检测
        "type": "ContinuousFlameBulletType",  // 子弹类型：连续火焰子弹
        "drawFlare": false,                    // 是否绘制耀斑效果：否
        "lifetime": 100,                       // 子弹生命周期：100帧
        "pierceCap": 11,                        // 穿透上限：1个目标
        "length": 80,                          // 子弹长度：60像素
        "width": 1,                            // 子弹宽度：3像素
        "damage": 5,                           // 伤害值：2
        "colors": ["89E3EDFF", "ffffff"],  // 颜色序列
         	"hitEffect":{//击中效果
                    "type": "multiEffect",     // 复合特效
                    "effects": [
                        {
                            "type": "ParticleEffect",  // 粒子
                            "particles": 1,           // 粒子数量
                            "length": 0            // 喷射距离
                            "region": "晶体工业-星", // 使用图形
			"lifetime": 15,//存在时间
			"sizeFrom": 5,//开始大小
			"sizeTo": 1,//结束大小
                            "colorFrom": "89E3EDFF",
                            "colorTo": "ffffff",     // 最后颜色
                        }
                    ]
                },
    }
    }
    ],
    
    // ==== 高级设置 ====
    "commandLimit": 0                    // 指令队列长度（0=无限）
}