{
	"type":"legs",//爬爬
	"research": {
	"parent": "渡迁"//科技树前置
	"objectives":[
	{
	"type": "SectorComplete",//占领地图
	"preset":"野性之心-放射性采集基地"//地图名
	},
	]},
	"flying":false,//是否飞行
	"legCount": 6,
	"legMoveSpace": 1,
	"lockLegBase":true,
	"allowLegStep": true,
	"hovering":true,
    "legPhysicsLayer":false,
    "legContinuousMove":true,
    "legExtension":-3,
    "legBaseOffset":7,
    "legMaxLength":1.1,
    "legMinLength":0.2,
    "legLengthScl":0.95,
    "legForwardScl":0.9,
    "legGroupSize":3,
    "rippleScale":0.2,
    "legLength":18,
    "hovering":true,
    "legPhysicsLayer":false,
    "drownTimeMultiplier":2,//淹死时间
	"name":"净化",//名字
	"description":"三级机甲单位，拥有高护甲值，每次发射五枚低温贯穿射线扫射目标。"
	"speed": 0.5,
	"hitSize":24,
	"health":1250,
	"faceTarget": true,
	"armor": 8,
	"drag": 0.1,
	"targetAir": false,
	"rotateSpeed": 1.2,
	"hovering": true,
	"targetFlags":["factory"]//ai攻击目标
	"abilities":[
	{"type":"ShieldArcAbility",//弧形护盾
	"region":"野性之心-净化-shield",//护盾形状，需要对应名称的贴图
                "radius":15,//半径
                "angle":150,//角度
                "regen":0.3,//再生值
                "cooldown":480,//破盾后冷却
                "max":500,//最大护盾
                "y":2,//y轴位置
                "width":8.2,//宽度
	}],
	"weapons":[
		{"name":"空",//武器贴图的名字
		"top":false,
		"mirror":false,
		"shootCone":30,
		"x":0,"y":3.6,
	    "shootSound":"railgun",
		"reload":150,
		"recoil":3,//后坐力
		"ejectEffect": "none",//抛壳特效
		"shoot": {
    "type": "shootBarrel",
    "shots": 5,//炮口数量
    "barrels": [0,0,-5,
    0,0,0,
    0,0,5,
    0,0,0,
    0,0,-5],//炮口位置（左右，前后，倾斜）
    "shotDelay":6,
    "firstShotDelay":32,
}
	"bullet": {//子弹
		"type": "BasicBulletType",//类型
		"damage":59,
		"sprite":"野性之心-angle",//子弹贴图
		"collidesAir": false,//碰撞飞机
		"speed":24,
        "lifetime":7,
        "width":24,
        "height":40,
        "backColor":"90d7ec",
		//子弹边缘颜色
		"frontColor":"7bbfea",
		//子弹中心颜色
		"pierce":true,//穿透
		"pierceBuilding":true//穿透建筑
		"pierceCap":5,//穿透数量
		"pierceDamageFactor":0.8,//穿透伤害衰减
		"trailLength": 9,//尾迹长
        "trailWidth": 4,//尾迹宽
        "trailColor":"90d7ec",//尾迹颜色
		"shootEffect":"lightningShoot",
        "hitEffect":"hitLancer",
        "despawnEffect":"freezing",
        "status":"freezing",
        "statusDuration": 120//效果时长
    }}
		],
}
