{
	"type": "AttributeCrafter",
	"name": "石油钻井基地",
	"description": "从地下深处的油田中抽取石油。需要提前探明地下是否存在油田",
	"health":100,
	"size":3,
	"hasPower": true,
	"hasLiquids": true,
	"hasItems": false,
	"craftTime":60,
	"craftEffect": "formsmoke",
	"updateEffect": "plasticburn",
	"consumes": {
		"power":1.75,
	}
  	"liquidCapacity": 60,
	"requirements": [
		{"item": "钨", "amount":200},
		{"item":"metaglass","amount":240}
		{"item":"titanium","amount":200}
		{"item":"单晶硅","amount":80}
	],
	"category": "production",
	"research": "oil-extractor",
}