{

	"type":"GenericCrafter",
	"name":"光束钻井",
	"outputItems":["sand/1","copper/1","lead/1","scrap/1","coal/1","titanium/1"],
	"itemCapacity":10,
	"drawer":{
		"type":"DrawMulti",
		"drawers":[
			{
				"type":"DrawDefault"
			},
			{
				"type":"DrawRegion",
				//这个type允许新增旋转贴图
				//当然，旋转速度设为0也可以新增静态贴图
				"suffix":"-rotator",
				//"贴图后缀"
				"rotateSpeed":2
				//贴图旋转速度
			}
		]
	}
	"updateEffect":"pulverizeSmall",
	"craftEffect":"mine",
	"group":"drills",
	"health":360,
	"craftTime":150,
	"placeableLiquid":true,
	"requiresWater":true,
	//是否只能在水上
	"hasItems":true,
	"hasLiquids":false,
	"hasPower":true,
	"description":"悬浮于水上，通过高能激光束快速开采藏匿于水下的资源，可以开采出钛。"
	"size":3,
	"consumes":{"power":1.4,},
	"requirements":[
		"copper/35",
		"lead/35",
		"graphite/30",
		"metaglass/55",
		"silicon/30",
	],
	"research":"水力钻井",
	"category":"production"
}