{
    "name":"冲击钻头",
    "health":2480
    "description":"在输入冷冻液与爆炸化合物、硫后即可满效率挖掘。
在挖掘某些物品时能够在钻头内部进行发电。"
    "requirements": [
	    "silicon/900",
	    "铧金/320",
	    "thorium/600",
	    "lead/400",
	    "metaglass/300",
	    "surge-alloy/200",
	    "铉晶/240"
	    ],
	    "updateEffect": {
	        "type": "ParticleEffect",
	        "line": true,
	        "particles": 5,
	        "lifetime": 20,
	        "length": 42,
	        "cone": -360,
	        "strokeFrom": 2,
	        "lenFrom": 4,
	        "lenTo": 0,
	        "colorFrom": "BA8AF8FF",
	        "colorTo": "BA8AF8FF"
	},
	"updateEffectChance":0.18,
	"heatColor": "BA8AF8FF",
	"research": "轰击钻头",
	"group":"drills",
}