{

	"type":"GenericCrafter",
	//GenericSmelter已经删除，需要加-top贴图的需要以下结构:
	"drawer":{
		"type":"DrawMulti",
		"drawers":[
			{
				"type":"DrawDefault"
			},
			{
				"type":"DrawRegion",
				//静态贴图例
				"suffix":"-top"
			},
			{
				"type":"DrawRegion",
				//这个type允许新增旋转贴图
				//当然，旋转速度设为0也可以新增静态贴图
				"suffix":"-rotator",
				//"贴图后缀"
				"rotateSpeed":2
				//贴图旋转速度
			}
		]
	}
	"name":"列位钻井",
	"outputItems":["sand/1","copper/1","lead/1","scrap/1","coal/1","titanium/1","thorium/1"],
	"outputLiquid":"oil/0.1",
	"itemCapacity":20,
	"liquidCapacity":20,
	"updateEffect":"pulverize",
	"craftEffect":{
	    "type":"MultiEffect"
	    "effects":[
	        {
	            "type":"WaveEffect"
		        "lifetime":120
		        "sizeFrom":15
		        "sizeTo":15
		        "strokeFrom":1.5,
		        "strokeTo":1.5,
		        "colorFrom":"FFCF76C8"
		        "colorTo":"FFCF76C8"
            },
            {
		        "type": "WaveEffect"
		        "lifetime":120
		        "sizeFrom":10
		        "sizeTo":10
		        "strokeTo":1
		        "strokeFrom":1
		        "colorFrom": "FFCF76C8"
		        "colorTo": "FFCF76C8"
            },
            {
		        "type": "WaveEffect"
		        "lifetime":60
		        "sizeFrom":10
		        "sizeTo":0
		        "strokeTo":2
		        "strokeFrom":0
		        "colorFrom": "FFCF76C8"
		        "colorTo": "FFCF76C8"
            },
                        ]
            },
	"group":"drills",
	"health":780,
	"craftTime":60,
	"placeableLiquid":true,
	"requiresWater":true,
	//是否只能在水上
	"hasItems":true,
	"hasLiquids":true,
	"hasPower":true,
	"description":"终极钻井，可以开采出钍。"
	"size":4,
	"consumes":{"power":4.8,},
	"requirements":[
		"copper/40",
		"lead/30",
		"silicon/60"
		"titanium/80",
		"metaglass/120",
		"plastanium/60",
	],
	"research":"光束钻井",
	"category":"production"
}