{
	"type":"SolidPump",
	"name":"高压抽水机",
	"description": "加入钛使机械更加稳固，可以以更高的效率抽取地下水……"
	"size":3,
	"health":360,
	"pumpAmount":0.55,//每帧泵量
	"result":"water",//所泵液体
	"rotateSpeed":6,//贴图转速
	"attribute":"water",//地形加成
	"liquidCapacity":120,
	"consumes": {
		"power":6,
	},
	"requirements": [
	    "titanium/90"
		"lead/120"
		"graphite/90"
		"metaglass/90"
		],
	"category": "production",
	"research": "water-extractor"
}