{
	"type": "ImpactReactor",
	"size": 6,
	"armor": 12,
	"lightColor": "EBFFFE",
	"itemDuration": 3600,
	"warmupSpeed": 0.0004,
	"powerProduction": 10550,
	"itemCapacity": 4,
	"liquidCapacity": 72,
	"squareSprite": false,
	"canOverdrive": false,
	"consumes": {
		"power": 50.5,
		"items": {
			"items": [
				"肃正协议/1"
			]
		},
		"liquid": "急冻液/1"
	},
	"explosionShake": 8,
	"explosionRadius": 84,
	"explosionDamage": 12000,
	"explodeSound": "largeCannon",
	"destroyEffect": {
		"lifetime": 90,
		"type": "MultiEffect",
		"effects": [
			{
				"type": "ParticleEffect",
				"particles": 1,
				"sizeFrom": 80,
				"sizeTo": 9,
				"length": 0,
				"baseLength": 0,
				"lifetime": 18,
				"colorFrom": "F3E979",
				"colorTo": "FFFFFF00",
				"cone": 360
			},
			{
				"type": "ParticleEffect",
				"particles": 20,
				"sizeFrom": 10,
				"sizeTo": 0,
				"length": 35,
				"baseLength": 133,
				"lifetime": 35,
				"colorFrom": "F3E979",
				"colorTo": "FFFFFF",
				"cone": 360
			},
			{
				"type": "WaveEffect",
				"lifetime": 30,
				"sizeTo": 160,
				"strokeFrom": 11,
				"colorFrom": "F3E979",
				"colorTo": "FFFFFF"
			},
			{
				"type": "WaveEffect",
				"lifetime": 10,
				"sizeTo": 78,
				"strokeFrom": 8,
				"colorFrom": "F3E979",
				"colorTo": "FFFFFF"
			},
			{
				"type": "ParticleEffect",
				"particles": 13,
				"line": true,
				"lifetime": 22,
				"strokeFrom": 6,
				"lenFrom": 200,
				"lenTo": 0,
				"length": 1,
				"baseLength": 3,
				"colorFrom": "FFFFFF",
				"colorTo": "F3E979",
				"cone": 360
			}
		]
	},
	"destroyBullet": {
		"sprite": "curse-of-flesh-star",
		"damage": 0,
		"splashDamage": 1250,
		"splashDamageRadius": 120,
		"lifetime": 600,
		"speed": 0,
		"height": 60,
		"width": 60,
		"spin": 2,
		"shrinkY": 0,
		"hittable": false,
		"collides": false,
		"absorbable": false,
		"reflectable": false,
		"frontColor": "FF8663",
		"backColor": "FF5845",
		"lightRadius": 240,
		"despawnShake": 12,
		"bulletInterval": 4,
		"intervalBullets": 4,
		"intervalRandomSpread": 360,
		"intervalBullet": {
			"damage": 0,
			"lifetime": 0,
			"speed": 0,
			"hittable": false,
			"collides": false,
			"absorbable": false,
			"reflectable": false,
			"hitEffect": "none",
			"despawnEffect": "none",
			"fragBullets": 1,
			"fragLifeMin": 1,
			"fragLifeMax": 2,
			"fragVelocityMin": 1,
			"fragVelocityMax": 2,
			"fragBullet": {
				"sprite": "curse-of-flesh-star",
				"damage": 225,
				"lifetime": 60,
				"speed": 8,
				"height": 24,
				"width": 24,
				"spin": 2,
				"shrinkY": 0,
				"hittable": false,
				"absorbable": false,
				"reflectable": false,
				"pierce": true,
				"pierceBuilding": true,
				"status": "蚀骨",
				"statusDuration": 120,
				"splashDamage": 275,
				"splashDamageRadius": 40,
				"homingPower": 0.08,
				"homingRange": 120,
				"trailLength": 16,
				"trailWidth": 2,
				"trailSinScl": 0.7853981625,
				"trailSinMag": 1.570796325,
				"weaveMag": 5,
				"weaveScale": 5,
				"trailColor": "FF5845",
				"trailEffect": "none",
				"lightRadius": 40,
				"impact": true,
				"knockback": -48,
				"hitShake": 2,
				"despawnShake": 4,
				"hitEffect": {
					"type": "multiEffect",
					"effects": [
						{
							"type": "ParticleEffect",
							"line": true,
							"particles": 7,
							"lifetime": 15,
							"length": 45,
							"cone": -360,
							"strokeFrom": 3,
							"strokeTo": 0,
							"lenFrom": 7,
							"lenTo": 0,
							"colorFrom": "FF5845",
							"colorTo": "FF8663"
						}
					]
				},
				"despawnEffect": {
					"type": "multiEffect",
					"effects": [
						{
							"type": "ParticleEffect",
							"particles": 1,
							"sizeFrom": 16,
							"sizeTo": 0,
							"length": 0,
							"spin": 3,
							"interp": "swing",
							"lifetime": 80,
							"region": "curse-of-flesh-star",
							"lightColor": "FF5845",
							"colorFrom": "FF5845",
							"colorTo": "FF8663"
						},
						{
							"type": "ParticleEffect",
							"line": true,
							"particles": 7,
							"lifetime": 15,
							"length": 45,
							"cone": -360,
							"strokeFrom": 3,
							"strokeTo": 0,
							"lenFrom": 7,
							"lenTo": 0,
							"colorFrom": "FF5845",
							"colorTo": "FF8663"
						}
					]
				},
				"frontColor": "FF8663",
				"backColor": "FF5845"
			}
		},
		"fragBullets": 60,
		"fragVelocityMin": 0.8,
		"fragVelocityMin": 1.2,
		"fragBullet": {
			"damage": 325,
			"shrinkY": 0,
			"speed": 4,
			"lifetime": 75,
			"drag": -0.01,
			"shootEffect": {
				"type": "ParticleEffect",
				"particles": 10,
				"length": 40,
				"lifetime": 25,
				"interp": "circleOut",
				"cone": 20,
				"offset": 20,
				"colorFrom": "FF8663",
				"colorTo": "FF5845",
				"sizeFrom": 4,
				"sizeTo": 0
			},
			"pierce": true,
			"pierceCap": 4,
			"hittable": false,
			"absorbable": false,
			"reflectable": false,
			"homingDelay": 45,
			"homingRange": 80,
			"homingPower": 0.12,
			"frontColor": "FF5845",
			"backColor": "FF8663",
			"weaveMag": 1,
			"weaveScale": 5,
			"trailChance": 1,
			"trailWidth": 2,
			"trailLength": 25,
			"trailColor": "FF5845",
			"trailEffect": {
				"type": "ParticleEffect",
				"particles": 6,
				"length": 3,
				"baseLength": 3,
				"lifetime": 25,
				"interp": "circleOut",
				"cone": 360,
				"offset": 3,
				"colorFrom": "FF8663",
				"colorTo": "FF5845",
				"sizeFrom": 3,
				"sizeTo": 0
			},
			"splashDamage": 135,
			"splashDamageRadius": 40,
			"status": "熔融",
			"statusDuration": 60,
			"hitSound": "explosion",
			"hitEffect": "none",
			"despawnEffect": {
				"type": "ParticleEffect",
				"particles": 15,
				"length": 40,
				"lifetime": 36,
				"interp": "circleOut",
				"cone": 360,
				"colorFrom": "FF8663",
				"colorTo": "FF5845",
				"sizeFrom": 5,
				"sizeTo": 0
			}
		},
		"despawnEffect": {
			"type": "multiEffect",
			"effects": [
				{
					"type": "WaveEffect",
					"lifetime": 20,
					"sizeFrom": 0,
					"sizeTo": 175,
					"strokeFrom": 8,
					"strokeTo": 0,
					"lightColor": "FF5845",
					"colorFrom": "FF5845",
					"colorTo": "FF8663"
				},
				{
					"type": "WaveEffect",
					"lifetime": 20,
					"sizeFrom": 0,
					"sizeTo": 125,
					"strokeFrom": 8,
					"strokeTo": 0,
					"lightColor": "FF5845",
					"colorFrom": "FF5845",
					"colorTo": "FF8663"
				},
				{
					"type": "ParticleEffect",
					"line": true,
					"particles": 11,
					"lifetime": 40,
					"length": 85,
					"baseLength": 20,
					"cone": -360,
					"strokeFrom": 6,
					"strokeTo": 0,
					"lenFrom": 7,
					"lenTo": 0,
					"colorFrom": "FF5845",
					"colorTo": "FF8663"
				}
			]
		}
	},
	"requirements": [
		"graphite/4500",
		"metaglass/1150",
		"铱板/3300",
		"导能回路/2400",
		"陶钢/1800",
		"生物钢/1200",
		"肃正协议/4"
	],
	"drawer": {
		"type": "DrawMulti",
		"drawers": [
			{
				"type": "DrawRegion",
				"suffix": "-bottom"
			},
			{
				"type": "DrawArcSmelt",
				"alpha": 0.6,
				"particles": 240,
				"particleLife": 90,
				"particleLen": 3,
				"particleRad": 22,
				"particleStroke": 1.1,
				"drawCenter": false,
				"blending": "additive"
			},
			{
				"type": "DrawRegion",
				"suffix": "-mid"
			},
			{
				"type": "DrawSoftParticles",
				"particles": 27,
				"particleLife": 120,
				"particleSize": 9,
				"particleRad": 12,
				"color": "FF8663",
				"color2": "FF5845",
				"alpha": 0.35
			},
			{
				"type": "DrawPlasma",
				"plasma1": "FF5845",
				"plasma2": "FF8663"
			},
			"DrawDefault",
			{
				"type": "DrawParticles",
				"color": "FEB380",
				"alpha": 0.6,
				"particles": 60,
				"particleLife": 60,
				"particleRad": 80,
				"particleSize": 2,
				"fadeMargin": 0.5,
				"rotateScl": 3.6,
				"blending": "additive",
				"particleSizeInterp": "linear"
			},
			{
				"type": "DrawGlowRegion",
				"suffix": "-glow"
			}
		]
	},
	"category": "power",
	"research": "血肉反应堆",
	"ambientSound": "pulse",
	"ambientSoundVolume": 0.12
}