{
"health":1000,
"speed":0.9,
"armor":8,
"weapons":[
{
	"name":"atrax-weapon",
	"mirror":true,
//	"rotateSpeed":3
  "x":8
  "y":0
  "top": true
  "rotate":false
  "reload": 7.5
  "shootSound":"flame",
  "ejectEffect":"casing1"
  "shots": 1,
  "inaccuracy":0
  "alternate":true,
  "ignoreRotation": false,
  "shoot": {
        "shots": 1,
        "shotDelay": 0
    }
  "bullet":{
               "speed": 3
               "lifetime": 50
               "damage":18
               "width": 16
//               "shrinkY":-4
//               "shrinkX":-4
               "height": 16
               "drag":0.001,
               "splashDamage":8,
               "splashDamageRadius":8,
               "frontColor": "FF9A3BFF",
			   "backColor": "FF4000FF",
			   "status":"melting",
			   "despawnEffect":"none",
        	   "hitEffect":{
					"type": "ParticleEffect",
					"particles": 8,
					"sizeFrom": 3,
					"sizeTo": 0,
					"length": 3,
					"spin": 0,
					"lifetime": 20,
					"layer": 109,
//					"region": "合金进化-星",
					"colorFrom": "FF9A3BFF",
					"colorTo": "FF9A3BFF",
					"cone": 150
				},
//               "smokeEffect":"shootBigSmoke"
}
},
]
}