{
"health":2000,
"speed":0.65,
"armor":12,
"weapons":[
{
"name":"spiroct-weapon",
"x":8,"y":-3,
"shootY":4,
"shake":0,
"ejectEffect":"none",
"recoil":1,
"top":false,
"reload":10,//装弹时间
"shootSound":"sap",
"bullet":{
"type":"SapBulletType",//基础子弹
"sapStrength":0.65,
"length":80,
"damage":30,
"shootEffect":"shootSmall",
"hitColor":"A5B3FF",
"color":"A5B3FF",
"despawnEffect":"none",
"width":0.54,
"lifetime":25,
"status": "sapped",
"statusDuration": 180,
"knockback":-1.5,
//"pierceBuilding":true,//穿透建筑
//"laserAbsorb":true,//被塑钢吸收
//"pierce":true,//穿透
}
}
{
"name":"elude-weapon",
"x":3,"y":0,
"shootY":4,
"shake":0,
"ejectEffect":"none",
"recoil":1,
"top":false,
"reload":15,//装弹时间
"shootSound":"sap",
"bullet":{
"type":"SapBulletType",//基础子弹
"sapStrength":0.65,
"length":48,
"damage":20,
"shootEffect":"shootSmall",
"hitColor":"A5B3FF",
"color":"A5B3FF",
"despawnEffect":"none",
"width":0.54,
"lifetime":25,
"status": "sapped",
"statusDuration": 180,
//"knockback":-1.24,
//"pierceBuilding":true,//穿透建筑
//"laserAbsorb":true,//被塑钢吸收
//"pierce":true,//穿透
}
}
]
}