{
    "type":"CoreBlock",
	"name": "中型强化核心",
	"description": "单位上线和防御也是肥肠的高啊（赞赏）",
	"itemCapacity":10000,
	"armor":10
	"hasItems": true,
	"health": 4000,
	"unitCapModifier":20,
	"size": 4,
	"breakable":true,
	"requirements": [
            { "item": "镍", "amount": 2000}
            { "item": "石英", "amount": 1500}
            { "item": "碳钢", "amount": 1500}
            { "item": "石墨烯", "amount": 2500}
                   ],
                       "unitType": "帝嘉",
"category": "effect",
//"buildVisibility":"editorOnly",//仅编辑器可见
"alwaysUnlocked": false,
"research": {
		"parent": "强化核心",
    "requirements":[
        "镍/8000",
        "lead/6000",
        "铥/6000",
        "石墨烯/10000",
        ]
	},
}