{
	"type": "PowerTurret",
	"name": "临电极",
	"description":"球状闪电发生器，"
	"size": 3,
	"category": "turret",
	"research": "",
	"coolantMultiplier": 1.5,
	"consumes":{
	    "power":5.5
	    "coolant":{
	        //冷却剂
	        "amount":1
	    }
	}
	"requirements": [
		"silicon/130",
		"碳酸硅/150",
		"铁锭/320",
		"metaglass/150"
	],
	"range": 250,
	"ammoPerShot": 1,
	"maxAmmo": 20,
	"targetAir": true,
	"recoil": 0.7,
	"reload": 85, 
	"rotateSpeed": 3,
	"minWarmup": 0.9,
	"shootWarmupSpeed": 0.09,
	"hitEffect":{
        "type": "multiEffect",
         "lifetime":10//存在时间
 "effects":[
{
"type":"WaveEffect",
"colorFrom":"C8A2FAFF",//颜色从
"colorTo":"FFFFFFFF",//颜色至
"lifetime":35,//存在时间
"sizeFrom":39,//开始时圆环直径
"sizeTo":35,//结束时圆环直径
"strokeFrom":5,//开始时圆形宽度
"strokeTo":6,//结束时圆环宽度
}      
{
    "type": "DrawParticles",
   "color": "C8A2FAFF",
    "alpha": 0.4,
    "reverse": true,
    "blending": "additive",
    "particleSize": 13,//闪电的大小
    "particleRad": 20,
    "particles": 20,
    "fadeMargin": 1,
    "rotateScl": 7,
    "particleLife": 80
    }]}
	"shootType":{
	"type":"BasicBulletType",
	"speed":5
	"damage":80
	"lifetime":50
	"width":35//大小
	"height":35
	"fragBullets":2
	//分裂数量
	"fragOnHit":false
	"fragVelocityMin":0.5
	"fragVelocityMax":1.5
	"fragLifeMin":0.5
	"intervalBullets":3
	//每次分裂子弹数
	"intervalAngle":180
	"intervalSpread":300
	"bulletInterval":7.5,
	"heatcolor": "AAD0F0FF",
	//子弹间距
	                    "lightningDamage":26,
                    //闪电伤害
                    "lightning":12,
                    //闪电数量
            "lightningLength":16,
                    //闪电长度
	"intervalRandomSpread":20
			"trailLength": 10,//拖尾长度
            "trailWidth": 2.35,//拖位宽度
            "trailColor": "AAD0F0FF",//拖尾
            "frontColor":"AAD0F0FF",
"backColor":"FFFFFFFF",
                    "buildingDamageMultiplier":0.5//对建筑的减伤？
	"intervalBullet":{
                "type":"LightningBulletType",
                "lightningLength":6,
                "lightningColor":"E2E9FFFF",
                "damage":14,
                "buildingDamageMultiplier":0.8
                "hitEffect":"hitLancer",
                "despawnSound":"spark",
"lightningLengthRand":1.3,
}
},
}
