{
    "name": "暗物质催爆器"
  "type": "PowerTurret",
  "health": 8000,
  "armor": 15,
  "recoil": 0,
  "shootCone": 12,
  "rotateSpeed": 1.2,
  "outlineColor": "1B1B1BFF",
  "range": 480,
  "drawer": {
    "type": "drawTurret",
    "basePrefix": "solran-",
    "parts": [
      {
        "type": "shapePart",
        "y": 0,
        "hollow": true,
        "circle": true,
        "layer": 110,
        "color": "9E47FFFF",
        "stroke": 1.3,
        "progress": "warmup",
        "radiusTo": 16,
        "radius": 4.5
      },
      {
        "type": "shapePart",
        "y": 0,
        "progress": "warmup",
        "circle": true,
        "layer": 110,
        "color": "9E47FFFF",
        "stroke": 1.3,
        "radiusTo": 11,
        "radius": 2.5
      },
      {
        "type": "shapePart",
        "y": 0,
        "progress": "warmup",
        "circle": true,
        "layer": 110,
        "color": "ffffff",
        "stroke": 1.3,
        "radiusTo": 7,
        "radius": 1
      }
    ]
  },
  "coolant": {
    "type": "ConsumeLiquid",
    "liquid": "slag",
    "amount": 0.4
  },
  "coolantMultiplier": 2,
  "shoot": {
    "type": "shootSpread",
    "shots": 2,
    "spread": 10
  },
  "shootY": 0,
  "size": 6,
  "shootEffect": "none",
  "hasPower": true,
  "consumes": {
    "power": 25
  },
  "shootType": {
    "type": "BasicBulletType",
    "speed": 6,
    "buildingDamageMultiplier": 0.3,
    "lifetime": 85,
    "hitEffect": {
      "type": "ParticleEffect",
      "line": true,
      "particles": 15,
      "offset": 20,
      "lifetime": 30,
      "length": 65,
      "baseLength": -15,
      "cone": -360,
      "lenFrom": 9,
      "lenTo": 0,
      "colorFrom": "9E45FFFF",
      "colorTo": "DE4136FF"
    },
    "frontColor": "FFFFFFF",
    "backColor": "9E47FFFF",
    "trailColor": "9E47FFFF",
    "trailLength": 13,
    "trailWidth": 2.5,
    "drag": -0.001,
    "pierce": true,
    "damage": 880,
    "homingPower": 0.5,
    "homingDelay": 40,
    "homingRange": 170,
    "width": 16,
    "height": 47,
    "shrinkY": 0,
    "shrinkX": 0,
    "sprite": "missile-large"
  },
  "requirements": [
    "暗物质/20",
    "硅钢/400",
    "碳酸硅/100",
    "surge-alloy/400"
    "脉冲合金/300"
  ],
  "category": "turret",
  "research": "r-ember",
  "shootSound": "laser"
}







