{
    "type": "ItemTurret",
    "name": "极光",
    "category": "turret",
    "requirements": [
        "钇板/500",
        "silicon/300","碳酸硅/100","进阶芯片/50"
    ],

    "ammoTypes": {
        "surge-alloy": {
            "type": "PointBulletType",
            "trailSpacing": 20.0,
            "damage": 1150,
            "buildingDamageMultiplier": 0.30,
            "speed": 500,
            "hitShake": 6.0,
            "ammoMultiplier": 1,
            "shootEffect": "instShoot",
            "hitEffect": "instHit",
            "trailEffect": "instTrail",
            "despawnEffect": "instBomb",
            "smokeEffect": "smokeCloud",
        }
    }

    "reload": 135.00,
    "shootCone": 40.00,
    "rotateSpeed": 2.1,
    "powerUse": 3.30,
    "targetAir": false,
    "range": 390.00,
    "recoliAmount": 1.00,
    "size": 4,
    "health": 2860,
    "shootSound": "foreshadow",
    
}