{
	"type": "ItemTurret",
	"name": "猎兽",
	"description": "饱和的火力，不可以对空\n[red]注意后勤，耗弹量太大",
	"health": 4080,
	"size": 4,
	"reload": 1,
	"range": 450,
	 "targetGround": true,//可以攻击陆地单位
    "targetAir": true,//可以攻击天空单位
    "inaccuracy": 21,//误差角度
	"ammoPerShot": 1,
	"consumes": {
		"coolant": {
			"amount": 0.1,
			"optional": true
		}
	},
	"shoot": {
		"shots": 5,
		"shotDelay": 5,
		"type": "ShootAlternate",
		"barrels": 6,
		"spread": 4
	},
	"xRand": 1,
	"ammoUseEffect": "casing2Double",
	"inaccuracy": 1,
	"rotateSpeed": 1.6,
	"shake": 1,
	"ammoTypes": {
		"graphite": {
			"reloadMultiplier": 0.5,
			"speed": 5,
			"damage": 15,
			"lifetime": 84,
			"width": 6.8,
			"height": 18,
			"ammoMultiplier": 20,
			"shootEffect": "shootSmall"
		},
				"thorium": {
			"reloadMultiplier": 0.5,
			"speed": 5,
			"damage": 25,
			"lifetime": 84,
			"width": 10,
			"height": 18,
			"ammoMultiplier": 20,
			"shootEffect": "shootSmall"
		},
			"surge-alloy": {
			"reloadMultiplier": 0.5,
			"speed": 6.8,
			"damage": 30,
			"lifetime": 84,
			"width": 7,
			"height": 28,
			"ammoMultiplier": 25,
			"shootEffect": "shootBig",
				"trailColor":"fffffff",//尾迹颜色
		"trailChance":4,//尾迹概率(?
		"trailInterval":0,//尾迹间隔
		"trailEffect":"missileTrail",//轨迹特效
		"trailParam":2,//尾迹参数
		"trailRotation":false,//尾迹旋转
		"trailInterp":"one",//尾迹间歇
		"trailLength":-1,//尾迹长度:任何< = 0 的值都将禁用尾迹。
		"trailWidth":2,//尾迹宽度
			      "fragBullet": {
        "type": "BasicBulletType",
        "fragBullets":1,//破片出多少颗
        "lightning": 1,
        "lightningLength": 5,
        "lightningColor": "F3E979FF",
                  //   "lightining":0,//闪电数量
           //  "lightiningLength":5,//闪电长度
        "lightningDamage": 3,
        
        	"trailColor":"e58956ff",//尾迹颜色
		"trailChance":4,//尾迹概率(?
		"trailInterval":0,//尾迹间隔
		"trailEffect":"missileTrail",//轨迹特效
		"trailParam":2,//尾迹参数
		"trailRotation":false,//尾迹旋转
		"trailInterp":"one",//尾迹间歇
		"trailLength":-1,//尾迹长度:任何< = 0 的值都将禁用尾迹。
		"trailWidth":0.33,//尾迹宽度
		
      }
		},
	},
	"researchCostMultiplier": 0.5,
	"requirements": [
    "lead/35",
    "copper/30"
	],
	"category": "turret",
	"research": "",
	    	    "drawer": {
        "type": "DrawTurret",
        "parts": [

        
                {//特效
			    "type": "ShapePart",//外八转
						"progress": "warmup",
						"y": -18,
						"sides": 8,//有多少边？
						"color": "EAFF8FFF",
						"rotateSpeed": 1,
						"stroke": 0,
						"strokeTo": 2,
						"circle": false,
						"hollow": true,
						"radius": 0,
						"radiusTo": 12,
						"layer": 110
					},
			{
				"type": "HaloPart",
				"rotateSpeed": 0,
				"shapeRotation": 180,
				"x": 24,
				"y": 33,
				"sides": 3,
				"shapes": 1,
				"color": "ffffff",
				"colorTo": "FFF08AFF",
				"tri": true,
				"hollow": true,
				"radius": 0,
				"radiusTo": 5,
				"triLength": 120,
				"triLengthTo": 18,
				"haloRadius": 0,
				"haloRotation": 20,
				"haloRotateSpeed": 0,
				"layer": 110
			},
			{
				"type": "HaloPart",
				"rotateSpeed": 0,
				"shapeRotation": 0,
				"x": 24,
				"y": 32,
				"sides": 3,
				"shapes": 1,
				"color": "ffffff",
				"colorTo": "FFF08AFF",
				"tri": true,
				"hollow": true,
				"radius": 0,
				"radiusTo": 5,
				"triLength": 500,
				"triLengthTo": 160,
				"haloRadius": 0,
				"haloRotation": 0,
				"haloRotateSpeed": 0,
				"layer": 110
			},
			{
				"type": "HaloPart",
				"rotateSpeed": 0,
				"shapeRotation": 180,
				"x": -24,
				"y": 33,
				"sides": 3,
				"shapes": 1,
				"color": "ffffff",
				"colorTo": "FFF08AFF",
				"tri": true,
				"hollow": true,
				"radius": 0,
				"radiusTo": 5,
				"triLength": 100,
				"triLengthTo": 18,
				"haloRadius": 0,
				"haloRotation": -20,
				"haloRotateSpeed": 0,
				"layer": 110
			},
			{
				"type": "HaloPart",
				"rotateSpeed": 0,
				"shapeRotation": 0,
				"x": -24,
				"y": 32,
				"sides": 3,
				"shapes": 1,
				"color": "ffffff",
				"colorTo": "FFF08AFF",
				"tri": true,
				"hollow": true,
				"radius": 0,
				"radiusTo": 5,
				"triLength": 500,
				"triLengthTo": 160,
				"haloRadius": 0,
				"haloRotation": 0,
				"haloRotateSpeed": 0,
				"layer": 110
			},


        ]
    }
    
    
}