{
	"type": "missile",
	"template": "MissileUnitType",
	"health": 200,
	"hitSize": 4,
	"speed": 7,
	"lifetime": 185,
	"maxRange": 15,
	"rotateSpeed": 3.6,
	"engineColor": "FEB380",
	"trailColor": "FEB380",
	"engineLayer": 110,
	"engineSize": 2,
	"trailLength": 6,
	"lowAltitude": false,
	"parts": [
		{
			"type": "FlarePart",
			"progress": {
				"type": "life",
				"op": "curve",
				"interp": "pow3Out"
			},
			"rotation": 86,
			"color1": "A9D8FF",
			"stroke": 4.5,
			"radius": 0,
			"radiusTo": 30
		}
	],
	"weapons": [
		{
			"mirror": false,
			"shootCone": 360,
			"shootOnDeath": true,
			"shootSound": "none",
			"bullet": {
				"type": "ExplosionBulletType",
				"splashDamageRadius": 48,
				"splashDamage": 40,
				"hitEffect": {
					"type": "multiEffect",
					"effects": [
						{
							"type": "WaveEffect",
							"lifetime": 25,
							"sizeFrom": 0,
							"sizeTo": 20,
							"strokeFrom": 3.5,
							"strokeTo": 0,
							"colorFrom": "A9D8FF",
							"colorTo": "66B1FF"
						},
						{
							"type": "ParticleEffect",
							"particles": 1,
							"sizeFrom": 25,
							"sizeTo": 0,
							"length": 0,
							"lightColor": "73FFAE",
							"lifetime": 30,
							"layer": 109,
							"region": "curse-of-flesh-star",
							"colorFrom": "A9D8FF",
							"colorTo": "66B1FF"
						},
						{
							"type": "ParticleEffect",
							"particles": 1,
							"sizeFrom": 10,
							"sizeTo": 0,
							"length": 0,
							"lightColor": "73FFAE",
							"lifetime": 30,
							"layer": 109,
							"region": "curse-of-flesh-star",
							"colorFrom": "FFFFFF",
							"colorTo": "FFFFFF"
						}
					]
				}
			}
		}
	]
}