{
	"type": "missile",
	"template": "MissileUnitType",
	"health": 3600,
	"armor": 8,
	"hitSize": 17,
	"speed": 6,
	"lifetime": 400,
	"maxRange": 6,
	"rotateSpeed": 1,
	"missileAccelTime": 60,
	"engineColor": "FEB380",
	"trailColor": "FEB380",
	"engineLayer": 100,
	"engineOffset": 10.5,
	"engineSize": 3.1,
	"trailLength": 18,
	"lowAltitude": true,
	"fogRadius": 6,
	"parts": [
		{
			"type": "RegionPart",
			"suffix": "-heat",
			"progress": "life",
			"color": "00000000",
			"colorTo": "FEB380"
		}
	],
	"weapons": [
		{
			"shake": 8,
			"mirror": false,
			"shootCone": 360,
			"shootOnDeath": true,
			"shootSound": "plasmaboom",
			"bullet": {
				"type": "ExplosionBulletType"
				"damage": 210360,
				"statusDuration": 185430,
				"hitSound": "plasmaboom",
				"hitEffect": {
					"type": "multiEffect",
					"effects": [
						{
							"type": "ParticleEffect",
							"lightOpacity": 0,
							"particles": 10,
							"length": 100,
							"baseLength": 5,
							"lifetime": 180,
							"layer": 106,
							"interp": "circleOut",
							"sizeFrom": 24,
							"sizeTo": 10,
							"colorFrom": "FF5845",
							"colorTo": "FF584500"
						},
						{
							"type": "ParticleEffect",
							"lightOpacity": 0,
							"particles": 10,
							"length": 130,
							"baseLength": 10,
							"lifetime": 180,
							"layer": 106,
							"interp": "circleOut",
							"sizeFrom": 30,
							"sizeTo": 23,
							"colorFrom": "FF5845",
							"colorTo": "FF584500"
						}
					]
				},
				"despawnEffect": {
					"type": "multiEffect",
					"effects": [
						{
							"type": "ParticleEffect",
							"lightOpacity": 0,
							"particles": 20,
							"length": 80,
							"baseLength": 5,
							"lifetime": 180,
							"layer": 106,
							"interp": "circleOut",
							"sizeFrom": 24,
							"sizeTo": 10,
							"colorFrom": "FF5845",
							"colorTo": "FF584500"
						},
						{
							"type": "ParticleEffect",
							"lightOpacity": 0,
							"particles": 20,
							"length": 100,
							"baseLength": 10,
							"lifetime": 180,
							"layer": 106,
							"interp": "circleOut",
							"sizeFrom": 30,
							"sizeTo": 23,
							"colorFrom": "FF5845",
							"colorTo": "FF584500"
						},
						{
							"type": "WaveEffect",
							"lifetime": 45,
							"sizeFrom": 0,
							"sizeTo": 70,
							"strokeFrom": 6,
							"strokeTo": 0,
							"colorFrom": "FF6666",
							"colorTo": "FF5845"
						}
					]
				},
				"splashDamageRadius": 60,
				"splashDamage": 1080,
				"fragBullets": 8,
				"fragLifeMin": 0.3,
				"fragBullet": {
					"sprite": "circle-bullet",
					"damage": 475,
					"lifetime": 20,
					"speed": 6,
					"shrinkY": 0,
					"height": 12,
					"width": 12,
					"absorbable": false,
					"statusDuration": 60,
					"homingRange": 150,
					"homingPower": 0.06,
					"splashDamage": 285,
					"splashDamageRadius": 20,
					"trailColor": "FF5845",
					"trailParam": 5,
					"trailLength": 6,
					"trailWidth": 4,
					"trailEffect": "none",
					"hitEffect": {
						"type": "ParticleEffect",
						"particles": 10,
						"length": 60,
						"lifetime": 46,
						"interp": "circleOut",
						"cone": 360,
						"colorFrom": "FF6666",
						"colorTo": "FF5845",
						"sizeFrom": 3,
						"sizeTo": 0
					},
					"despawnEffect": {
						"type": "ParticleEffect",
						"particles": 10,
						"length": 60,
						"lifetime": 46,
						"interp": "circleOut",
						"cone": 360,
						"colorFrom": "FF6666",
						"colorTo": "FF5845",
						"sizeFrom": 3,
						"sizeTo": 0
					},
					"frontColor": "FF6666",
					"backColor": "FF5845",
					"fragBullets": 1,
					"fragBullet": {
						"type": "ShrapnelBulletType",
						"damage": 325,
						"lifetime": 36,
						"length": 122,
						"width": 30,
						"serrations": 0,
						"lightColor": "FF6666",
						"fromColor": "FF6666",
						"toColor": "FF5845"
					}
				}
			}
		}
	],
	"abilities": [
		{
			"type": "MoveEffectAbility",
			"y": -9,
			"interval": 7,
			"rotation": 180,
			"color": "FEB38080",
			"effect": "missileTrailSmoke"
		}
	],
	"deathExplosionEffect": "massiveExplosion"
}