{
	"type": "missile",
	"template": "MissileUnitType",
	"health": 300,
	"hitSize": 11,
	"speed": 6.6,
	"lifetime": 230,
	"rotateSpeed": 1,
	"engineLayer": 110,
	"missileAccelTime": 60,
	"engineColor": "FEB380",
	"trailColor": "FEB380",
	"engineOffset": 13,
	"engineSize": 3,
	"trailLength": 22,
	"lowAltitude": true,
	"weapons": [
		{
			"mirror": false,
			"shootCone": 360,
			"shootOnDeath": true,
			"shootSound": "none",
			"bullet": {
				"type": "ExplosionBulletType",
				"splashDamageRadius": 80,
				"splashDamage": 309800,
				"hitEffect": {
					"type": "multiEffect",
					"effects": [
						{
							"type": "WaveEffect",
							"lifetime": 15,
							"sizeFrom": 0,
							"sizeTo": 90,
							"strokeFrom": 7.5,
							"strokeTo": 0,
							"colorFrom": "FF8663",
							"colorTo": "FF5845"
						},
						{
							"type": "ParticleEffect",
							"particles": 10,
							"lifetime": 20,
							"length": 85,
							"sizeFrom": 6,
							"sizeTo": 0,
							"cone": 360,
							"interp": "circleOut",
							"sizeInterp": "pow5In",
							"lightColor": "FF8663",
							"colorFrom": "FF8663",
							"colorTo": "FF5845"
						},
						{
							"type": "ParticleEffect",
							"line": true,
							"particles": 10,
							"lifetime": 25,
							"length": 100,
							"strokeFrom": 1.5,
							"strokeTo": 1.5,
							"lenFrom": 8,
							"lenTo": 0,
							"cone": 360,
							"interp": "circleOut",
							"sizeInterp": "pow5In",
							"lightColor": "FF8663",
							"colorFrom": "FF8663",
							"colorTo": "FF5845"
						}
					]
				},
				"fragBullets": 8,
				"fragVelocityMin": 0.5,
				"fragBullet": {
					"sprite": "curse-of-flesh-crystal",
					"damage": 0,
					"lifetime": 60,
					"speed": 4,
					"drag": 0.025,
					"width": 8,
					"height": 12,
					"shrinkY": 0,
					"frontColor": "FF8663",
					"backColor": "FF5845",
					"splashDamageRadius": 40,
					"splashDamage": 225,
					"homingPower": 0.08,
					"homingRange": 60,
					"trailColor": "FF8663",
					"trailLength": 8,
					"trailWidth": 2,
					"statusDuration": 150,
					"hitEffect": {
						"type": "ParticleEffect",
						"line": true,
						"particles": 7,
						"lifetime": 15,
						"length": 65,
						"cone": 360,
						"strokeFrom": 2.5,
						"strokeTo": 0,
						"lenFrom": 8,
						"lenTo": 0,
						"colorFrom": "FF8663",
						"colorTo": "FF5845"
					},
					"despawnEffect": {
						"type": "ParticleEffect",
						"line": true,
						"particles": 7,
						"lifetime": 15,
						"length": 65,
						"cone": 360,
						"strokeFrom": 2.5,
						"strokeTo": 0,
						"lenFrom": 8,
						"lenTo": 0,
						"colorFrom": "FF8663",
						"colorTo": "FF5845"
					}
				}
			}
		}
	],
	"abilities": [
		{
			"type": "MoveEffectAbility",
			"y": -17,
			"interval": 3,
			"rotation": 180,
			"rotateEffect": true,
			"effect": {
				"type": "ParticleEffect",
				"particles": 7,
				"sizeFrom": 6,
				"sizeTo": 1,
				"length": 50,
				"lifetime": 60,
				"lightOpacity": 0,
				"interp": "circleOut",
				"sizeInterp": "pow5In",
				"colorFrom": "FF6666AA",
				"colorTo": "78787870",
				"cone": 15
			}
		}
	]
}