{
	"type": "AttributeCrafter",
	"size": 3,
	"itemCapacity": 36,
	"liquidCapacity": 36,
	"hasLiquids": true,
	"attribute": "spores",
	"baseEfficiency": 1,
	"maxBoost": 5,
	"consumes": {
		"power": 6.6,
		"liquid": "water/1"
	},
	"craftTime": 30,
	"outputItem": "spore-pod/4",
	"requirements": [
		"lead/55",
		"metaglass/25",
		"graphite/35",
		"silicon/35"
	],
	"drawer": {
		"type": "DrawMulti",
		"drawers": [
			"DrawDefault",
			{
				"type": "DrawLiquidRegion",
				"drawLiquid": "water"
			},
			"DrawCultivator",
			{
				"type": "DrawRegion",
				"suffix": "-top"
			}
		]
	},
	"category": "production",
	"research": "cultivator"
}