{
	"type": "GenericCrafter",
	"size": 2,
	"itemCapacity": 24,
	"liquidCapacity": 24,
	"updateEffect": "lava",
	"consumes": {
		"power": 1.5,
		"items": {
			"items": [
				"scrap/1"
			]
		}
	},
	"craftTime": 7.5,
	"outputLiquid": "slag/1",
	"requirements": [
		"copper/95",
		"lead/95",
		"metaglass/70",
		"graphite/75"
	],
	"drawer": {
		"type": "DrawMulti",
		"drawers": [
			{
				"type": "DrawRegion",
				"suffix": "-bottom"
			},
			{
				"type": "DrawLiquidTile",
				"drawLiquid": "slag"
			},
			"DrawDefault"
		]
	},
	"category": "crafting",
	"research": "melter"
}