{
	"type": "flying",
	"name":"布兰达:傻逼\n(控制此单位然后长按攻击以让他恢复)",
	"description": " ",
	"speed": 5.8,
	"immunities": [
"甲板损坏"
	],
	"fogRadius":0
	"accel":0.05,"drag":0.03,
	"rotateSpeed":5,
	"ammoType":"titanium",
	"ammoCapacity": 300,
	"hitSize":1, 
	"hidden": true,
	"buildSpeed":0
	"flying": true,
	"health":99999999,
	"armor":20
	"isEnemy":false
	"engineOffset": 0,
	"engineSize": 0, 
	"abilities": [/*能力（如力场防御等） */
	{
"type": "RegenAbility",
"amount": 99999
},
		]
		"researchCostMultiplier": 0,
	               	"research": {
	"parent":"u1A1M1布兰达"
	"objectives": [
            {
				"type": "OnSector",
				"preset": "未知废墟"
			}
	]
	}
}
