{
    "type": "ConsumeGenerator",
    "name": "大型火力发电站",
    "description": "大型火力发电机，佣有更快发电。",
    "size": 2,
    "health": 80,
    "hasLiquids": false,
    "hasItems": true,
    "itemDuration": 75,
    "powerProduction": 5.5,
    "itemCapacity": 20,
    "drawer":{
        "type":"DrawMulti",
        "drawers":[
            "DrawDefault",
			"DrawFlame"
            ]
    },
    "generateEffect": "generatespark",
    "consumes": {
        "itemFlammable": {},
    },
    "requirements": [
        {
            "item": "铜",
            "amount": 180
        },
        {
            "item": "铅",
            "amount": 170
        },
        {
            "item": "石墨",
            "amount": 80
        },
                {
            "item": "石英",
            "amount": 15
        }
    ],
    "ambientSound": "smelter",
    "ambientSoundVolume": 0.06,
    "category": "power",
    "research": "火力发电站"
    "researchCostMultiplier": 1,
        "canOverdrive": false,
}