{
    "type": "SolarGenerator",
    "name": " ES太阳能板",
    "description": "太阳能板，随着太阳能发电。",
    	"details":"原宇宙已有，研究费用降低",
    "size": 1,
    "health": 490,
    "hasLiquids": false,
    "hasItems": false,
    "itemDuration": 0,
    "powerProduction": 0.4,
    "itemCapacity": 0,
    
    "generateEffect": "generatespark",
   
    "requirements": [
        {
            "item": "铜",
            "amount": 50
        },
        {
            "item": "铅",
            "amount": 55
        },
        {
            "item": "硅",
            "amount": 5
        },
    ],
    "ambientSound": "smelter",
    "ambientSoundVolume": 0.06,
    "category": "power",
        "research": {
		"parent": "电力节点",
		"objectives": [
            {
				"type": "SectorComplete",
				"preset": "ES生物质合成区"
			}
			]}
     "researchCostMultiplier": 0.2,
         "canOverdrive": false,
}