{
    "name":" ES电池",
	"health":200,
    "description": "电池，可储电",
    	"details":"原宇宙已有，研究费用降低",
    "requirements": [
  { "amount": 60, "item": "铅" },
  { "amount": 20, "item": "石英" },
  { "amount": 55, "item": "铜" },
  { "amount": 20, "item": "石墨" }
    ],
    "consumes": 
    {"powerBuffered": 4000},
	"emptyLightColor":"FF000000",
	"fullLightColor":"FFFFFFFF",
    "size": 1,
    "type": "Battery",
	"category": "power",
	"research": "电力节点"
	"researchCostMultiplier": 0.2,
	    "canOverdrive": false,
}
