{
"type":"hoverUnit"
"name":"风暴级护卫舰",
"description":"人类联邦护卫舰，使用轻型导弹摧毁敌人。",
"flying":true,
"repairSpeed":4,
"maxVelocity": 12
"mass":20
"hitsize":20
"health": 10000,
"engineOffset":16
"engineSize":3.6
"shootSound":"missile",
"drillPower":3
"mineSpeed":1.75
"itemCapacity":120
"engineColor":FF8247
"buildPower":1.5
"weapon":{
  "name":"风暴导弹E"
  "ejectEffect":"shootSmallSmoke",
  "shootSound":"missile",
  "reload": 25,
  "shots": 1,
  "range":280
  "inaccuracy":0
  "alternate":true
  "ignoreRotation": true,
  "bullet":{
               "speed": 4,
               "type":"MissileBulletType"
               "trailColor":"CD4F39"
               "backColor":"FF8247",
 "frontColor":"FF8247",
               "hitEffect":"explosion"
               	"bulletSprite":"繁星-导弹",
			"knockback":3,
			"homingPower":114514,
			"homingRange":999999,
			"bulletShrink":0
               "status":"burning"
               "lifetime": 100,
               "damage":62,              
               "splashDamageRadius": 36,
			            "tileDamage":175,
               "bulletWidth": 8,
               "bulletHeight": 16,
}
}
}