{
	"type": "tank",
	"name": " ES围护",
	"description": "坚硬且缓慢，攻击附近所有敌人。向附近敌人发射大口径子弹,射程远，攻速慢，有两个不能转向的机炮辅助攻击。",
	"squareShape": true,
	"omniMovement": false,
	"rotateMoveFirst": false,
	"rotateSpeed": 3,
	"speed": 0.5,
	"hitSize": 9.5,
	"crushDamage": 3
			"immunities": [
		"腐蚀"
		"自毁"
	],
			"ammoType":{
	"type":"PowerAmmoType",
	"totalPower":2200},
	"ammoCapacity": 700
    "ammoResupplyAmount":1,/*弹药补给倍率 */
	"health": 480,
	"armor": 12,
	"drag": 0.08,
	"accel": 0.1,
	"itemCapacity": 5,
	"treadPullOffset": 3,
	"treadRects": [
		{
			"x": 4,
			"y": 2.75,
			"width": 2,
			"height": 4.5
		},
		{
			"x": 4,
			"y": -4.5,
			"width": 2,
			"height": 4.5
		}
	],
	"faceTarget": false,
	/*"requirements": {
		"block": "ground-factory",
		"time": 1800,
		"requirements": [
			"silicon/30",
			"lead/25",
			"titanium/25"
		]},*/
	"weapons": [
		{
			"name": "围护1",
			"reload": 66,
			"recoil": 0,
			"x": 0,
			"y": 0,
			"rotate": true,
			"rotateSpeed": 15,
			"mirror": false,
			"inaccuracy": 0.5,
			"ejectEffect": "casing1",
			"shootSound": "shoot",
			"alternate": false,
			"bullet": {
				"damage": 78,
				"speed": 1.5,
				"lifetime": 114,
				"width": 3,
				"height": 10
			}
		}
		{	"name": "尖刀1",	
		"reload":15,
        "x": 4,  "y": 1.5, 
        "rotate": true,
        "rotateSpeed":24,
        "inaccuracy": 0,
		"shoot":{
			"shots":1,
			"shotDelay":3
		},
		"shootSound": "pew",
		"rotateSpeed": 0,//炮台转头速度
		"alternate": true,
		"ejectEffect":"casing1",
		"bullet":{
	    "damage":6,	  
	    "speed":3,
	    "lifetime":50,
	    "width":7,	 "height":10
	}	}
	]
"research": {
	"parent":"混合兵工厂"
	"objectives": [
            {
				"type": "SectorComplete",
				"preset": "ES生物质合成区"
			}
	]
	}
	 "researchCostMultiplier": 1,
}