{
	"details": "快速俯冲！",
	"type": "flying",
	"name": "流光",
	"speed": 5,
	"drag": 0.01,
	"accel": 0.1,
	"trailLength":4,
	"rotateSpeed": 20,
	"ammoType": {
		"type": "PowerAmmoType",
		"totalPower": 800
	},
	"ammoCapacity": 120,
	"hitSize": 8,
	"flying": true,
	"faceTarget": true,
	"drawMinimap": false,
	"health": 200,
	"armor": 2,
	"engineOffset": 7,
	"engineSize": 2,
	"itemCapacity": 0,
	"research": "落星工厂",
	"weapons": [
		{
			"name": "落1",
			"shoot": {
				"shots":2,
				"shotDelay":5
			},
			"reload": 48,
			"x": 0,
			"y": 3,
			"mirror":false,
			"rotate": false,
			"inaccuracy": 1,
			"ignoreRotation": true,
			"ejectEffect": "casing1",
			"shootSound": "shoot",
			"bullet": {
				"drag":0.016,
				"damage": 9,
				"speed": 8,
				"lifetime": 30,
				"width": 5,
				"height": 8
			}
		}
	]
}