{
	"type": "flying",
	"name": "光辉",
	"speed": 0.5,
	"drag": 0.4,
	"accel": 1.58,
	"trailLength":5,
	"rotateSpeed": 2,
	"ammoType": {
		"type": "PowerAmmoType",
		"totalPower": 800
	},
	"ammoCapacity": 120,
	"hitSize": 50,
	"flying": true,
	"faceTarget": true,
	"drawMinimap": true,
	"health": 50000,
	"armor": 5,
	"engineOffset": 15,
	"engineSize": 19,
	"itemCapacity": 10,
	"research": "flare",
	"requirements": {
		"block":"tetrative-reconstructor",
		"previous": "空4"
	},
	"research": "空4",
    "abilities":[//单位能量场
        {
			"type": "EnergyFieldAbility",//伤害场
			"damage": 180,//伤害
			"reload": 15,//间隔
			"range": 300,//范围
			"healPercent": 12,//百分比伤害
			"sameTypeHealMult": 0.02,//同队单位百分比恢复
			"effectRadius":30,//中心特效范围
			"sectors":6,//扇区数量
			"sectorRad": 0.01,//扇区角度
			"rotateSpeed": 5,//旋转速度
			"color": "FF1900FF",//颜色
			"damageEffect": "chainLightning",//击中特效
			"status": "slow",//造成效果
			"shootSound": "spark",//击中声音
			"statusDuration": 360,//效果持续时间
			"x": 0, "y": 0,//围绕中心
			"targetGround": true,//攻击地面
			"targetAir": true,//攻击天空
			"hitBuildings": true,//攻击建筑
			"hitUnits": true,//攻击单位
			"maxTargets": 10,//最大目标数
			"layer":100
		},

	]
	"weapons": [
		{
			"name": "死神1",
			"reload": 10,
			"shoot": {
				"shots": 5,
				"shotDelay": 0
			},
			"shootY": 9,
			"x": 10,
			"y": 19,
			"rotate": true,
			"rotateSpeed": 3,
			"shootSound": "shoot",
			"shake": 1,
			"ejectEffect": "casing3",
			"bullet": {
				"type": "BasicBulletType",
				"speed": 25,
				"lifetime": 10,
				"width": 10,
				"height": 12,
				"damage": 20,
				"status": "blasted",
				"statusDuration": 120,
				"shootEffect": "shootBig",
				"splashDamageRadius": 40,
				"splashDamage": 88,
				"hitEffect": "flakExplosionBig",
				"despawnEffect": "flakExplosionBig",
				"ammoMultiplier": 6,
				"lightningDamage": 14,
				"lightning": 2,
				"lightningLength": 7
			}
		},
	    {
			"name": "弹2",
			"reload": 10,
			"x": -17,
			"y": -6,
			"shootY": 6,
			"shoot": {
				"shots": 10,
				"shotDelay": 0.1
			},
			"rotate": true,
			"inaccuracy": 10,
			"alternate": true,
			"shootSound": "missile",
			"ejectEffect": "casing1",
			"bullet": {
				"type": "MissileBulletType",
				"damage": 18,
				"splashDamageRadius": 35,
				"splashDamage": 37,
				"status": "blasted",
				"hitEffect": "flakExplosionBig",
				"despawnEffect": "flakExplosionBig",
				"smokeEffect": "none",
				"speed": 5,
				"lifetime": 70,
				"width": 7,
				"height": 8
			}
		},
		{
    "name": "重炮"
    "rotationLimit": 24
    "rotateSpeed": 1
    "alternate": ture
    "shootCone": 45
    "rotate": true
    "recoil": 1.5
    "shootY": 11
    "shake": 5
    "x": "35"
    "y": "-2"

    "cooldownTime": 200
    "velocityRnd": 0.2
    "inaccuracy": 5
    "reload": 450

    "chargeSound": "KK74M"
    "shootSound": "BT101"
    "ejectEffect": "casing4"
"shoot": {
    "firstShotDelay": 102
    "shotDelay": 3
    "shots": 100
    }

"bullet": {
    "type": "BasicBulletType"
    "collideTerrain": false
    "pierceBuilding": true
    "despawnShake": 5
    "hittable": true
    "pierce": true
    "hitShake": 5
    "height": 25
    "width": 25

    "buildingDamageMultiplier": 0.35
    "pierceDamageFactor": 0.015

    "splashDamageRadius": 26
    "splashDamage": 54
    "lifetime": 20.5
    "pierceCap": 4
    "damage": 250
    "speed": 23.25

    "incendAmount": 21
    "incendSpread": 9
    "incendChance": 1

    "hitSound": "BT101"
    "hitEffect": "blastExplosion"
    "shootEffect": "shootBig"

    "lightColor": "fff8e8"
    "lightOpacity": 0.7
    "lightRadius": 52

    "trailColor": "f9c27a"
    "trailLength": 3.25
    "trailWidth": 2.75

"smokeEffect": [
    {
    "type": "ParticleEffect"
    "startDelay": 0
    "particles": 7
    "lifetime": 26
    "offsetX": -2
    "line": true
    "cone": 5

    "baseRotation": 0
    "baseLength": 0
    "length": 30

    "strokeFrom": 1.2
    "strokeTo": 0

    "colorFrom": f9c27a
    "colorTo": fff8e8
    },
	],
	},
	},
	   
	    {
			"name": "死神2",
			"reload": 30,
			"x": 24,
			"y": -10,
			"shootY": 9,
			"rotate": true,
			"rotateSpeed": 1.5,
			"inaccuracy": 0,
			"alternate": true,
			"shake": 3,
			"shootSound": "laser",
			"bullet": {
				"type": "LaserBulletType",
				"damage": 300,
				"sideAngle": 20,
				"sideWidth": 1,
				"sideLength": 88,
				"smokeEffect": "bigShockwave",
				"colors": [
					"D86E56FF",
					"FFA05CFF",
					"FFFFFF"
				],
				"width": 30,
				"length": 350,
				"status": "melting",
				"statusDuration": 90
			}
		}
	
	
	
	
	
	
	
	
	
	
]
}