{
	"type": "ImpactReactor",
	"name": "强化地热发电机",
	"description": "利用埃里克尔丰富的地热资源,产生一定量的能量,需要少量电力启动\n由于埃里克尔哪里都很热,所以说到处放也没问题",
	"size": 2,
	"health": 225,
	"hasPower": true,
	"powerProduction": 0.725,
	"fogRadius":3,
	"lightColor":"000000",
	"drawer": {
    "type":"DrawMulti",
	"drawers":[
	"DrawDefault",
	{
	"type":"DrawGlowRegion",
	"color": "5b50b8"
	}
    ]
    },
    "consumes":{
        "power":0.1,
    },
	"requirements": [
		{ "item": "beryllium", "amount":50},
		{ "item": "oxide", "amount":10},
		{ "item": "silicon", "amount":25},
		{ "item": "graphite", "amount":40}
	],
	"category": "power",
	"warmupSpeed": 0.003, 
	"hasLiquids":false,
	"liquidCapacity":0,
	"itemCapacity":0,
	"explosionRadius":16,
	"explosionDamage":12,
	"explodeEffect":"none",
	"research": "chemical-combustion-chamber"
}
