{
	"name":"暴风霰弹炮",
	"description":"能够有效的应付人海战术",
	"ammoTypes":{
		"bullet3":{
			"type":"BasicBulletType",
			"width":4.5,
			"height":4.5,
			"backColor":"FFFFF0",
			"frontColor":"FFFFF0",
			"despawnEffect":"hitBulletBig",
			"trailColor":"FAFAD2",
			"smokeEffect":"shootBigSmoke2",
			"collides":true,
			"keepVelocity":false,
			"collidesTiles":true,
			"collidesTeam":false,
			"collidesAir":true,
			"hitTiles":true,
			"knockback":3,
			"speed":7.5,
			"damage":30,
			"lifetime":60,
			"splashDamage":1,
			"splashDamageRadius":35
		}
	},
	"reloadTime":50,
	"coolantMultiplier":5,
	"range":380,
	"size":4,
	"health":3880,
	"inaccuracy":4.5,
	"recoil":5,
	"targetAir":true,
	"targetGround":true,
	"shots":30,
	"shootSound":"暴风霰弹",
	"heatColor":"ffffff",
	"restitution":0.05,
	"spread":0.5,
	"rotatespeed":4,
	"requirements":[
		{"item":"C60","amount":150},
		{"item":"Mg-Al","amount":450},
		{"item":"Fe-C","amount":250},
		{"item":"W","amount":50},
		{"item":"普通科技点","amount":960}
	],
	"itemCapacity":25,
	"research":{
	"parent":"bullet3-Plant",
    "requirements":[
		{"item":"C60","amount":1500},
		{"item":"Mg-Al","amount":4500},
		{"item":"Fe-C","amount":2500},
		{"item":"W","amount":500}
	]},
	"category":"turret"
}