{
	"name":"焰炮",
    "description":"攻击带火的炮塔",
	"size":4,
	"health":4000,
	"ammoPerShot":1,
	"range":450,
	"reloadTime":300,
	"inaccuracy":0,
	"shots":1,
	"rotatespeed":2.8,
	"maxAmmo":100,
	"targetAir":true,
	"targetGround":true,
	"coolantMultiplier":10,
	"heatColor":"ff9b59",
	"shootSound":"焰",
	"ammoTypes":{
		"W-2":{
			"type":"ArtilleryBulletType",
			"width":8,
			"height":20,
			"speed":7,
			"damage":80,
			"ammoMultiplier":1,
			"inaccuracy":0,
			"hitSize":8,
			"pierce":false,
			"hitTiles":true,
			"hitEffect":"melting",
			"collidesTiles":true,
			"collidesTeam":false,
			"collidesAir":true,
			"collides":true,
			"keepVelocity":true,
			"makeFire":true,
			"reloadMultiplier":20,
			"splashDamage":45,
			"splashDamageRadius":25,
			"lifetime":500,
			"status":"melting",
			"speedMultiplier":0.8,
			"armorMultiplier":0.8,
			"effect":"melting",
			"statusDuration":600,
			"incendAmount":5,
			"incendSpread":30,
			"incendChance":100,
			"knockback":15,
			"trailEffect":"incendTrail"
		},
		"W-1":{
			"type":"ArtilleryBulletType",
			"width":18,
			"height":40,
			"speed":5.5,
			"damage":800,
			"ammoMultiplier":1,
			"inaccuracy":0,
			"hitSize":18,
			"pierce":true,
			"hitTiles":true,
			"hitEffect":"melting",
			"collidesTiles":true,
			"collidesTeam":false,
			"collidesAir":true,
			"collides":true,
			"keepVelocity":true,
			"splashDamage":500,
			"splashDamageRadius":100,
			"lifetime":500,
			"status":"melting",
			"speedMultiplier":0.5,
			"armorMultiplier":0.5,
			"effect":"melting",
			"statusDuration":1000,
			"incendAmount":100,
			"incendSpread":80,
			"incendChance":100,
			"knockback":45,
			"trailEffect":"incendTrail"
		}
	},
	"requirements": [
		{ "item":"Mg-Al","amount":1850},
		{ "item":"C60","amount":1000},
		{ "item":"W","amount":800},
		{ "item":"Ti+","amount":1350},
		{"item":"普通科技点","amount":960}
	],
	"category": "turret",
	"research":{
	"parent":"W-1-Plant",
    "requirements":[
		{ "item":"Mg-Al","amount":18500},
		{ "item":"C60","amount":10000},
		{ "item":"W","amount":8000},
		{ "item":"Ti+","amount":13500}
	]}
}