{
	"name":"喷火器",
    "description":"燃烧也是艺术",
	"size":2,
	"health":1500,
	"ammoPerShot":1,
	"range":120,
	"reloadTime":1,
	"inaccuracy":5,
	"shots":10,
	"spread":4,
	"rotatespeed":5.5,
	"maxAmmo":100,
	"targetAir":true,
	"targetGround":true,
	"coolantMultiplier":50,
	"heatColor":"ff9b59",
	"shootSound":"喷火器音效",
	"requirements": [
		{ "item":"Fe","amount":700},
		{ "item":"Al","amount":800},
		{ "item":"Mg","amount":400},
		{"item":"普通科技点","amount":240}
	],
	"category": "turret",
	"research":{
	"parent":"W-3",
    "requirements":[
		{ "item":"Fe","amount":7000},
		{ "item":"Al","amount":8000},
		{ "item":"Mg","amount":4000}
	]}
}