{
	"name":"机枪塔",
    "description":"射速很高的防御塔",
	"size":4,
	"health":3500,
	"ammoPerShot":1,
	"range":350,
	"reloadTime":2,
	"inaccuracy":7,
	"shots":1,
	"rotatespeed":2.5,
	"maxAmmo":500,
	"targetAir":true,
	"targetGround":true,
	"coolantMultiplier":15,
	"burstSpacing":5,
	"heatColor":"ff9b59",
	"shootSound":"机枪音效",
	"ammoTypes":{
		"ammo":{
			"type":"BasicBulletType",
			"width":5,
			"height":15,
			"speed":6,
			"damage":75,
			"ammoMultiplier":1,
			"reloadMultiplier":3,
			"inaccuracy":0,
			"hitSize":5,
			"hitTiles":true,
			"collidesTiles":true,
			"collidesTeam":false,
			"collidesAir":true,
			"collides":true,
			"lifetime":60,
			"keepVelocity":true
		},
		"ammo2":{
			"type":"BasicBulletType",
			"width":8,
			"height":20,
			"speed":6.3,
			"damage":180,
			"ammoMultiplier":2,
			"reloadMultiplier":2,
			"inaccuracy":0,
			"hitSize":8,
			"hitTiles":true,
			"collidesTiles":true,
			"collidesTeam":false,
			"collidesAir":true,
			"collides":true,
			"lifetime":60,
			"pierceCap":3,
			"keepVelocity":true
		},
		"ammo3":{
			"type":"BasicBulletType",
			"width":10,
			"height":28,
			"speed":6.5,
			"damage":450,
			"ammoMultiplier":3,
			"reloadMultiplier":1,
			"inaccuracy":0,
			"hitSize":10,
			"hitEffect":"smoke",
			"hitTiles":true,
			"collidesTiles":true,
			"collidesTeam":false,
			"collidesAir":true,
			"collides":true,
			"keepVelocity":true,
			"pierceBuilding":true,
			"pierceCap":5,
			"incendAmount":1,
			"incendSpread":10,
			"lifetime":60,
			"incendChance":100
		}
	},
	"requirements": [
		{ "item":"Fe-C","amount":1000},
		{ "item":"Mg-Al","amount":800},
		{ "item":"Ti+","amount":100},
		{"item":"普通科技点","amount":960}
	],
	"category": "turret",
	"research":{
	"parent":"xvx-st",
    "requirements":[
		{ "item":"Fe-C","amount":10000},
		{ "item":"Mg-Al","amount":8000},
		{ "item":"Ti+","amount":1000}
	]}
}