{
//"type":"legs",
"name":"塔纳托斯",
"hitSize":238
"canDrown":false,
"mass":420
"outlineColor":"32323cff",
"speed":1.52
"deathSound":"DBZ1"
"research":"渊宇航舰构建厂"
"legSplashDamage":4988
"legSplashRange":88
"legStraightness":0.275
"legContinuousMove":false,
"legCount":8
"legBaseOffset":31.25
"baseLegStraightness":2.75
"legPairOffset":72.75
"legMoveSpace":0.54
"legExtension":-65.75
"legLength":698.25
"legGroupSize":98
"legPhysicsLayer":true,
"lockLegBase":true,
"legForwardScl":1
"stepShake":38
"rippleScale":7.93,
"hovering":true,
"allowLegStep":true,
"canBoost":false
"range":2400
"groundLayer":90
"shadowElevation":4.275
"rotateSpeed":0.685
"lowAltitude":true
"visualElevation":4.275
"canDrown":false
"parts": [
{
"type": "RegionPart",
"suffix": "-glow",
"color": "c0ecff74",
"blending": "additive",
"outline": false
}
],
"immunities":[
"blasted","burning","electrified","freezing","melting","disarmed","sapped","shocked","slow","tarred","unmoving","wet","spore-slowed","corroded","不稳定态","短路","熔断","极寒","紊乱","审判","融熔"
],
"health":2148000
"armor":168.5
"drownTimeMultiplier":99999999999
/*"abilities":[
{
"type":"RegenAbility",
"percentAmount":0.000925
}
{
"type":"ShieldArcAbility",
"radius":183
"width":16.75
"max":86000
"regen":5
"cooldown":600
"angle":160
"whenShooting":false
}
{"type":"StatusFieldAbility",
"duration":600
"reload":200
"range":32
"applyEffect":"none",
"effect":"辅助",
}
{"type":"StatusFieldAbility",
"duration":810
"reload":800
"range":180
"applyEffect":"none",
"effect":"overclock",
}
{"type":"StatusFieldAbility",
"duration":600
"reload":200
"range":32
"applyEffect":"none",
"effect":"全面强化",
}
{"type":"StatusFieldAbility",
"duration":810
"reload":800
"range":20
"applyEffect":"none",
"effect":"空之域",
}
]*/
"weapons":[
{
"name":"塔纳托斯-照明",
"x":84.25
"y":17.5
"rotate":true,
"rotateSpeed":8
"rotationLimit":122,
"inaccuracy":0
"shootSound":"missile",
"reload":514
"shoot":{
"shots":1
},
"bullet":{
"type":"BasicBulletType",
"height":16,
"width":10,
"damage":1200
"shrinkY":0,
"weaveScale":10
"weaveMag":2.2,
"keepVelocity":false,
"absorbable":false,
"homingDelay":50,
"homingPower":0.1
"homingRange":100
"splashDamageRadius":500
"splashDamage":180
"sprite":"missile-large",
"frontColor":"FFFFFF",
"backColor":"99ecff",
"collidesTeam":false,
"healPercent":5
"trailLength":40
"trailWidth":3,
"trailColor":"99ecff",
"speed":8
"lifetime":90
"drag":-0.007
"status":"紊乱"
"makeFire":true,
"statusDuration":600
"shootEffect":{
"type":"ParticleEffect",
"particles":8,
"sizeFrom":32,
"sizeTo":8,
"line":true,
"length":38,
"baseLength":23,
"lifetime":18,
"colorFrom":"99ecff",
"colorTo":"99ecff20",
"cone":34
},
"smokeEffect":"bigShockwave"
"hitSound":"explosion"
"hitSoundVelocit":36
"hitEffect":{
"type":"ExplosionEffect",
"lifetime":28,
"waveStroke":6,
"waveLife":10,
"waveRadBase":7,
"waveColor":"99ecff",
"waveRad":30,
"smokes":6,
"smokeColor":"FFFFFF",
"sparkColor":"99ecff",
"sparks":6,
"sparkRad":35,
"sparkStroke":1.5,
"sparkLen":4
},
"smokeEffect":"none",
"hitSound":"DBZ2",
"fragBullets":1
"fragVelocityMin":0
"fragLifeMax":0
"fragBullet":{
"instantDisappear":true,
"width":8,
"height":8,
"shrinkY":0,
"frontColor":"ffffff",
"backColor":"ffffff",
"collidesTeam":false,
"healPercent":3,
"trailChance":-1,
"trailLength":20,
"trailWidth":2.2,
"trailColor":"99ecff",
"speed":5
"lifetime":40
"damage":900
"splashDamageRadius":580
"splashDamage":100
"ammoMultiplier":5,
"hitEffect":{
"type":"MultiEffect",
"effects":[
{
"type":"WaveEffect",
"lifetime":42
"layer":50
"sizeFrom":50
"sizeTo":340
"strokeFrom":24
"strokeTo":32,
"colorFrom":"ffffffffbe",
"colorTo":"ffffff00"
}
{
"type":"ParticleEffect",
"particles":1,
"region":"这是一个模组-吸积盘"
"sprites":"这是一个模组-吸积盘"
"startDelay":0
"sizeFrom":300
"sizeTo":630
"length":0
"baseLength":0,
"lifetime":42
"colorFrom":"ffffffbe",
"colorTo":"ffffff00"
},
{
"type":"ParticleEffect",
"particles":1,
"sizeFrom":800000
"sizeTo":800000
"length":0,
"baseLength":0,
"lifetime":12
"layer":120
"colorFrom":"ffffffff",
"colorTo":"ffffff00"
},
]
},
"status":"electrified",
"statusDuration":500
}
}
}
{
"name":"陨石",
"reload":900
"x":0,
"shootY":0
"shoot":{
"shots":3
"shotDelay":16
},
"shake":0,
"rotate":true,
"mirror":false,
"cooldownTime":0,
"inaccuracy":8,
"shootSound":"cannon",
"recoil":0,
"bullet":{
"type":"PointBulletType",
"healPercent":0,
"damage":00,
"lifetime":18,
"speed":124,
"hitSound":"none",
"despawnEffect":{
"type":"ParticleEffect",
"particles":1,
"sizeFrom":16,
"sizeTo":10,
"length":0,
"baseLength":0,
"lifetime":60,
"colorFrom":"99ecff",
"colorTo":"99ecff00",
"cone":0
},
"smokeEffect":"none",
"hitEffect":{
"type":"WaveEffect",
"lifetime":54,
"sizeFrom":100,
"sizeTo":0,
"strokeFrom":4,
"strokeTo":1,
"colorFrom":"99ecff80",
"colorTo":"99ecff"
},
"trailSpacing":8,
"trailEffect":"none",
"fragBullets":1,
"fragAngle":180,
"fragRandomSpread":40,
"fragVelocityMax":1,
"fragVelocityMin":1,
"fragBullet":{
"type":"PointBulletType",
"damage":200,
"lifetime":150,
"speed":15,
"trailEffect":"none",
"hitEffect":"none",
"despawnEffect":{
"type":"MultiEffect",
"effects":[
{
"type":"ParticleEffect",
"particles":1,
"sizeFrom":0,
"sizeTo":80,
"length":0,
"baseLength":0,
"lifetime":20,
"colorFrom":"99ecff",
"colorTo":"FFFFFF00"
},
{
"type":"ParticleEffect",
"particles":12,
"line":true,
"strokeFrom":8,
"strokeTo":0,
"lenFrom":46,
"lenTo":0,
"length":-103,
"baseLength":10,
"lifetime":30,
"colorFrom":"99ecff",
"colorTo":"99ecff",
"cone":60
},
{
"type":"WaveEffect",
"lifetime":20,
"sizeFrom":0,
"sizeTo":180,
"strokeFrom":4,
"strokeTo":0,
"colorFrom":"99ecff",
"colorTo":"99ecff"
}
]
},
"fragBullets":1,
"fragAngle":180,
"fragRandomSpread":5,
"fragVelocityMax":1.3,
"fragVelocityMin":0.9,
"fragBullet":{
"type":"EmpBulletType",
"timeIncrease":1
"powerDamageScl":1.5
"unitDamageScl":0.8
"hitUnits":true,
"scaleLife":true,
"speed":15,
"drag":-0.00883
"splashDamageRadius":150,
"splashDamage":12800,
"scaledSplashDamage":true,
"buildingDamageMultiplier":1.25,
"lifetime":83
"spin":4.5,
"healPercent":18,
"shrinkX":0.4,
"shrinkY":0.4,
"width":140,
"height":140,
"trailLength":40,
"trailWidth":5,
"trailColor":"99ecff",
"trailChance":0.8,
"trailEffect":{
"type":"ParticleEffect",
"particles":2
"region":"这是一个模组-菱形",
"sizeFrom":8
"sizeTo":28
"length":84
"baseLength":0,
"lifetime":42
"colorFrom":"99ecff",
"colorTo":"99ecff00"
},
"hitShake":41
"status":"融熔",
"statusDuration":420,
"hitShake":34
"collides":false,
"pierce":true,
"pierceBuilding":true,
"sprite":"circle-bullet",
"parts":[
{
"type":"HaloPart",
"sides":3,
"shapes":4
"color":"99e0ffea",
"colorTo":"99e9ff",
"layer":108
"tri":true,
"progress":"reload",
"radius":10
"radiusTo":0
"triLength":78
"triLengthTo":0
"haloRadius":0,
"haloRotation":0,
"haloRotateSpeed":1.23
}
{
"type":"HaloPart",
"sides":3,
"shapes":4
"color":"99e0ffea",
"colorTo":"99e9ff",
"layer":108
"tri":true,
"progress":"reload",
"radius":4.5
"radiusTo":0
"triLength":42
"triLengthTo":0
"haloRadius":0,
"haloRotation":0,
"under":true
"haloRotateSpeed":-1.92
}
]
"backColor":"99ecff00",
"frontColor":"99ecff00",
"hitSound":"DBZ1",
"hitSoundVelocit":6
"hitEffect":{
"type":"MultiEffect",
"effects":[
{
"type":"ParticleEffect",
"particles":40,
"line":true,
"strokeFrom":16,
"strokeTo":0,
"lenFrom":85,
"lenTo":0,
"length":280,
"baseLength":45,
"lifetime":42,
"colorFrom":"99ecff",
"colorTo":"99ecff"
},
{
"type":"ParticleEffect",
"particles":22,
"sizeFrom":34,
"sizeTo":0,
"length":283,
"baseLength":4,
"lifetime":62,
"colorFrom":"99ecff85",
"colorTo":"99ecff30"
},
{
"type":"ParticleEffect",
"particles":28,
"sizeFrom":28,
"startDelay":26
"sizeTo":0,
"length":241,
"baseLength":4,
"lifetime":42,
"colorFrom":"99ecff88",
"colorTo":"99ecff40"
},
{
"type":"ParticleEffect",
"particles":1,
"sizeFrom":220,
"sizeTo":18,
"length":0,
"baseLength":0,
"lifetime":40,
"colorFrom":"99ecff90",
"colorTo":"99ecff00"
},
{
"type":"WaveEffect",
"lifetime":15,
"sizeFrom":0,
"sizeTo":268,
"strokeFrom":19,
"strokeTo":0,
"colorFrom":"99ecff",
"colorTo":"99ecff80"
}
{
"type":"WaveEffect",
"lifetime":18,
"sizeFrom":0,
"sizeTo":328,
"strokeFrom":22,
"strokeTo":0,
"colorFrom":"99ecff",
"colorTo":"99ecff40"
}
]
},
"fragBullets":1,
"fragVelocityMax":0
"fragVelocityMin":0,
"fragLifeMax":0
"fragBullet":{
"damage":8300,
"lifetime":0
"speed":0,
"status":"裂相"
"statusDuration":300
"trailEffect":"none",
"hitEffect":"none",
"hitShake":38
"hitSound":"largeCannon"
"hitSoundVelocit":8
"despawnEffect":{
"type":"MultiEffect",
"effects":[
{
"type":"ParticleEffect",
"particles":14,
"sizeFrom":24,
"startDelay":26
"sizeTo":0,
"length":241,
"baseLength":4,
"lifetime":42,
"colorFrom":"99ecff90",
"colorTo":"99ecff00"
},
]
}
"fragBullets":32
"fragVelocityMax":1
"fragVelocityMin":0.1
"fragLifeMax":0
"fragBullet":{
"collides":false
"type":"BasicBulletType",
"splashDamageRadius":80
"splashDamage":980.5
"splashDamagePierce":true,
"collidesTiles":false,
"collidesTeam":false,
"collides":false
"collideTerriaain":false
"pierceArmor":true
"pierce":true
"speed":22
"drag":0.021
"lifetime":20
"width":12
"height":12
"hitSize":12
"spin":8
"status":"崩坏"
"statusDuration":300
"hitShake":4
"sprite":"circle-bullet",
"trailEffect":"none",
"hitEffect":"none",
"hitSound":"boom"
"despawnEffect":{
"type":"MultiEffect",
"effects":[
{
"type":"ParticleEffect",
"particles":1,
"sizeFrom":18
"startDelay":0
"sizeTo":0,
"length":0,
"baseLength":0,
"lifetime":42,
"colorFrom":"99ecff90",
"colorTo":"99ecff30"
},
{
"type":"WaveEffect",
"lifetime":14,
"sizeFrom":0,
"sizeTo":72,
"strokeFrom":9,
"strokeTo":0,
"colorFrom":"99ecff99",
"colorTo":"99ecff20"
}
]
}
}
}
}
}
}
}
{
"name":"陨石2",
"reload":1800
"x":0,
"shootY":0
"shake":0,
"rotate":true,
"mirror":false,
"cooldownTime":20,
"inaccuracy":0
"shootSound":"cannon",
"recoil":0,
"bullet":{
"type":"PointBulletType",
"healPercent":0,
"damage":00,
"lifetime":19,
"speed":180
"hitSound":"none",
"despawnEffect":{
"type":"ParticleEffect",
"particles":1,
"sizeFrom":16,
"sizeTo":10,
"length":0,
"baseLength":0,
"lifetime":60,
"colorFrom":"99ecff",
"colorTo":"99ecff00",
"cone":0
},
"smokeEffect":"none",
"hitEffect":{
"type":"WaveEffect",
"lifetime":54,
"sizeFrom":100,
"sizeTo":0,
"strokeFrom":4,
"strokeTo":1,
"colorFrom":"99ecff80",
"colorTo":"99ecff"
},
"trailSpacing":8,
"trailEffect":"none",
"fragBullets":1,
"fragAngle":180,
"fragRandomSpread":40,
"fragVelocityMax":1,
"fragVelocityMin":1,
"fragBullet":{
"type":"PointBulletType",
"damage":800,
"lifetime":150,
"speed":15,
"trailEffect":"none",
"hitEffect":"none",
"despawnEffect":{
"type":"MultiEffect",
"effects":[
{
"type":"ParticleEffect",
"particles":1,
"sizeFrom":0,
"sizeTo":80,
"length":0,
"baseLength":0,
"lifetime":20,
"colorFrom":"99ecff",
"colorTo":"FFFFFF00"
},
{
"type":"ParticleEffect",
"particles":12,
"line":true,
"strokeFrom":8,
"strokeTo":0,
"lenFrom":46,
"lenTo":0,
"length":-103,
"baseLength":10,
"lifetime":30,
"colorFrom":"99ecff",
"colorTo":"99ecff",
"cone":60
},
{
"type":"WaveEffect",
"lifetime":20,
"sizeFrom":0,
"sizeTo":180,
"strokeFrom":4,
"strokeTo":0,
"colorFrom":"99ecff",
"colorTo":"99ecff"
}
]
},
"fragBullets":1,
"fragAngle":180,
"fragRandomSpread":5,
"fragVelocityMax":1.3,
"fragVelocityMin":0.9,
"fragBullet":{
"type":"EmpBulletType",
"timeIncrease":1
"powerDamageScl":1.5
"unitDamageScl":0.8
"collides":false
"hitUnits":true,
"scaleLife":true,
"hitSound":"DBZ2",
"hitSoundVelocit":25
"speed":18
"drag":-0.00883
"splashDamageRadius":862,
"splashDamage":47880,
"scaledSplashDamage":true,
"buildingDamageMultiplier":1.28,
"lifetime":83
"spin":4.5,
"healPercent":18,
"shrinkX":0.4,
"shrinkY":0.4,
"width":140,
"height":140,
"trailLength":40,
"trailWidth":5,
"trailColor":"99ecff",
"trailChance":0.8,
"trailEffect":{
"type":"ParticleEffect",
"particles":2
"region":"这是一个模组-菱形",
"sizeFrom":8
"sizeTo":28
"length":84
"baseLength":0,
"lifetime":42
"colorFrom":"99ecff",
"colorTo":"99ecff00"
},
"hitShake":41
"status":"融熔",
"statusDuration":620,
"collides":false,
"pierce":true,
"pierceBuilding":true,
"sprite":"circle-bullet",
"makeFire":true,
"incendAmount":110,
"incendSpread":380,
"incendChance":10,
"parts":[
{
"type":"HaloPart",
"sides":3,
"shapes":4
"color":"99e0ffea",
"colorTo":"99e9ff",
"layer":110
"tri":true,
"progress":"reload",
"radius":15
"radiusTo":0
"triLength":108
"triLengthTo":0
"haloRadius":0,
"haloRotation":0,
"haloRotateSpeed":1.35
}
{
"type":"HaloPart",
"sides":3,
"shapes":4
"color":"99e0ffea",
"colorTo":"99e9ff",
"layer":110
"tri":true,
"progress":"reload",
"radius":7
"radiusTo":0
"triLength":68
"triLengthTo":0
"haloRadius":0,
"haloRotation":0,
"under":true
"haloRotateSpeed":-1.98
}
]
"backColor":"99ecff00",
"frontColor":"99ecff00",
"fragBullets":1,
"fragVelocityMax":0
"fragVelocityMin":0
"fraglifeMax":0
"fragBullet":{
"speed":0
"drag":0
"splashDamageRadius":968
"splashDamage":6980
"scaledSplashDamage":true,
"collides":false
"lifetime":0
"healPercent":2
"hitSound":"DBZ5",
"hitSoundVelocit":30
"hitShake":48
"hitEffect":{
"type":"MultiEffect",
"effects":[
{
"type":"ParticleEffect",
"particles":40,
"line":true,
"strokeFrom":16,
"strokeTo":0,
"lenFrom":85,
"lenTo":0,
"length":280,
"baseLength":45,
"lifetime":42,
"colorFrom":"99ecff",
"colorTo":"99ecff"
},
{
"type":"ParticleEffect",
"particles":32,
"sizeFrom":34,
"sizeTo":0,
"length":283,
"baseLength":120,
"lifetime":62,
"colorFrom":"99ecff85",
"colorTo":"99ecff30"
},
{
"type":"ParticleEffect",
"particles":32,
"sizeFrom":28,
"startDelay":8
"sizeTo":0,
"length":281,
"baseLength":200,
"lifetime":52,
"colorFrom":"99ecff88",
"colorTo":"99ecff40"
},
{
"type":"ParticleEffect",
"particles":22,
"sizeFrom":22,
"startDelay":1
"sizeTo":0,
"length":241,
"baseLength":300,
"lifetime":52,
"colorFrom":"99ecff88",
"colorTo":"99ecff40"
},
{
"type":"ParticleEffect",
"particles":32,
"sizeFrom":52,
"startDelay":2
"sizeTo":0,
"length":4
"baseLength":280,
"lifetime":62,
"colorFrom":"ffffff88",
"colorTo":"ffffff20"
},
{
"type":"ParticleEffect",
"particles":38,
"sizeFrom":38,
"startDelay":3
"sizeTo":0,
"length":18
"baseLength":220,
"lifetime":42,
"colorFrom":"99ecff88",
"colorTo":"99ecff20"
},
{
"type":"ParticleEffect",
"particles":42,
"sizeFrom":49,
"startDelay":3
"sizeTo":0,
"length":28
"baseLength":220,
"lifetime":52,
"colorFrom":"ffffff88",
"colorTo":"ffffff20"
},
{
"type":"ParticleEffect",
"particles":38,
"sizeFrom":66,
"startDelay":1
"sizeTo":23,
"length":28
"baseLength":35,
"lifetime":32,
"colorFrom":"ffffff88",
"colorTo":"ffffff00"
},
{
"type":"ParticleEffect",
"particles":1,
"sizeFrom":220,
"sizeTo":18,
"length":32
"baseLength":0,
"lifetime":40,
"colorFrom":"99ecff90",
"colorTo":"99ecff00"
},
{
"type":"ParticleEffect",
"particles":1,
"startDelay":8
"sizeFrom":380
"sizeTo":536
"length":0
"baseLength":0,
"lifetime":35
"colorFrom":"99eccfbe",
"colorTo":"99e0ff00"
},
{
"type":"ParticleEffect",
"particles":1,
"sizeFrom":800000
"sizeTo":800000
"length":0,
"baseLength":0,
"lifetime":12
"layer":120
"colorFrom":"ffffffff",
"colorTo":"ffffff00"
},
{
"type":"ParticleEffect",
"particles":18
"startDelay":2.5
"sizeFrom":12
"sizeTo":8
"lenFrom":852
"lenTo":0,
"length":-100
"baseLength":124
"lifetime":42
"colorFrom":"ffffffff",
"colorTo":"ffffff00",
}
{
"type":"WaveEffect",
"lifetime":15,
"sizeFrom":0,
"sizeTo":268,
"strokeFrom":19,
"strokeTo":0,
"colorFrom":"99ecff",
"colorTo":"99ecff80"
}
{
"type":"WaveEffect",
"lifetime":32
"sizeFrom":0,
"sizeTo":896,
"strokeFrom":19,
"strokeTo":0,
"colorFrom":"99ecff",
"colorTo":"99ecff80"
}
{
"type":"WaveEffect",
"lifetime":42
"layer":70
"sizeFrom":50,
"sizeTo":678,
"strokeFrom":36,
"strokeTo":28,
"colorFrom":"ffffffffbe",
"colorTo":"ffffff00"
}
{
"type":"WaveEffect",
"lifetime":62
"layer":70
"sizeFrom":0,
"sizeTo":882
"strokeFrom":38,
"strokeTo":48,
"colorFrom":"ffffffff99",
"colorTo":"ffffff00"
}
{
"type":"WaveEffect",
"lifetime":18,
"sizeFrom":0,
"sizeTo":328,
"strokeFrom":22,
"strokeTo":0,
"colorFrom":"99ecff",
"colorTo":"99ecff40"
}
]
},
"fragBullets":1,
"fragVelocityMax":0
"fragVelocityMin":0,
"fragLifeMax":0
"fragBullet":{
"damage":9300,
"splashDamage":4388
"splashDamageRadius":988
"collides":false
"lifetime":0
"speed":0,
"status":"裂相"
"makeFire":true,
"incendAmount":128,
"incendSpread":280,
"incendChance":10,
"statusDuration":420
"hitSound":"DBZ1",
"hitSoundVelocit":32
"trailEffect":"none",
"hitEffect":"none",
"hitShake":46
"despawnEffect":{
"type":"MultiEffect",
"effects":[
{
"type":"ParticleEffect",
"particles":18,
"sizeFrom":38,
"startDelay":26
"sizeTo":18,
"length":321,
"baseLength":4,
"lifetime":50,
"colorFrom":"99ecff90",
"colorTo":"99ecff00"
},
{
"type":"ParticleEffect",
"particles":24,
"sizeFrom":24,
"startDelay":26
"sizeTo":0,
"length":441,
"baseLength":4,
"lifetime":42,
"colorFrom":"99ecff90",
"colorTo":"99ecff00"
},
]
}
"fragBullets":98
"fragVelocityMax":1.65
"fragVelocityMin":0.08
"fragLifeMax":0
"fragBullet":{
"collides":false
"type":"BasicBulletType",
"collides":false
"backColor":"99ecff",
"frontColor":"99ecff",
"splashDamageRadius":80
"splashDamage":364.5
"splashDamageRadius":40
"splashDamagePierce":true,
"collidesTiles":false,
"collidesTeam":false,
"collides":false
"collideTerriaain":false
"pierceArmor":true
"pierce":true
"speed":28
"drag":0.021
"lifetime":20
"width":12
"height":12
"hitSize":12
"spin":8
"status":"崩坏"
"statusDuration":620
"hitShake":8
"sprite":"circle-bullet",
"trailEffect":"none",
"hitEffect":"none",
"hitSound":"boom"
"despawnEffect":{
"type":"MultiEffect",
"effects":[
{
"type":"ParticleEffect",
"particles":1,
"sizeFrom":18
"startDelay":0
"sizeTo":0,
"length":0,
"baseLength":0,
"lifetime":42,
"colorFrom":"99ecff90",
"colorTo":"99ecff30"
},
{
"type":"WaveEffect",
"lifetime":14,
"sizeFrom":0,
"sizeTo":72,
"strokeFrom":9,
"strokeTo":0,
"colorFrom":"99ecff99",
"colorTo":"99ecff20"
}
{
"type":"WaveEffect",
"lifetime":22
"sizeFrom":0,
"sizeTo":120
"strokeFrom":9,
"strokeTo":0,
"colorFrom":"99ecff99",
"colorTo":"99ecff20"
}
]
}
}
}
}
}
}
}
}

{
"name":"塔纳托斯-光辉"
"y":-17.5
"x":103.25
"shootSound":"大光辉"
"recoil":3
"mirror":true
"rotate":true
"rotateSpeed":0.49
"reload":0.02
"rotationLimit":248
"shootY":2
"shake":2
"targetInterval":4,
"targetSwitchInterval":4,
"bullet":{
"type":"PointLaserBulletType"
"status":"不稳定态",
"statusDuration":10,
"sprite":"这是一个模组-光辉"
"damage":1200
"lifetime":2
"speed":0
"oscScl": 3.2,
"oscMag": 0.08,
"beamEffect":{
"type":"ParticleEffect",
"interp":"pow5Out",
"particles":2,
"sizeFrom":2.6,
"sizeTo":12,
"length":32,
"baseLength":0,
"lifetime":30,
"colorFrom":"99ecff",
"colorTo":"99ecff00"
},
"hitEffect":{
"type":"MultiEffect",
"effects":[
{
"type":"ParticleEffect",
"particles":3,
"baseLength":0,
"length":40,
"lifetime":9,
"line":true,
"lenFrom":16,
"lenTo":50,
"strokeFrom":2,
"strokeTo":0,
"colorFrom":"FFFFFF",
"colorTo":"99ecff"
},
{
"type":"ParticleEffect",
"particles":3,
"startDelay":2.5,
"baseLength":0,
"length":40,
"lifetime":10,
"line":true,
"lenFrom":16,
"lenTo":50,
"strokeFrom":2,
"strokeTo":0,
"colorFrom":"FFFFFF",
"colorTo":"99ecff"
},
{
"type":"ParticleEffect",
"particles":3,
"startDelay":5,
"baseLength":0,
"length":40,
"lifetime":10,
"line":true,
"lenFrom":16,
"lenTo":50,
"strokeFrom":2,
"strokeTo":0,
"colorFrom":"FFFFFF",
"colorTo":"99ecff"
},
{
"type":"ParticleEffect",
"region":"这是一个模组-菱形",
"particles":5,
"interp":"pow3Out",
"sizeInterp":"pow3In",
"sizeFrom":3,
"sizeTo":0,
"length":46,
"baseLength":0,
"lifetime":60,
"colorFrom":"99ecff",
"colorTo":"99ecff"
}
]
},
"beamEffectInterval":1
"splashDamageRadius":12,
"splashDamage":3200,
"pierceArmor":true,
"damageInterval":5,
"hitShake":4,
"hitColor":"99ecff80",
"color":"99ecff80",
"drawSize":452,
/*"fragBullets":2,
"fragBullet":{
"trailSpacing":9,
"trailEffect":{
"type":"ParticleEffect",
"particles":0,
"length":0,
"baseLength":0,
"lifetime":0,
"sizeInterp":"pow3In",
"line":true,
"randLength":false,
"lenFrom":0,
"lenTo":0,
"strokeFrom":0,
"strokeTo":0,
"colorFrom":"000000ff",
"colorTo":"000000ff",
"cone":0
},
"lifetime":0.8,
"speed":10,
"damage":12
"shrinkY":0,
"absorbable":false,
"splashDamageRadius":42
"splashDamage":200
"sprite":"这是一个模组-能量弹",
"frontColor":"99ecff20",
"backColor":"99ecff20",
"collidesTeam":false,
"type":"ParticleEffect",
"particles":1
"interp":"pow3Out",
"sizeInterp":"pow3In",
"sizeFrom":42,
"sizeTo":42,
"length":25,
"baseLength":26,
"lifetime":368,
"colorFrom":"99ecff46",
"colorTo":"99ecff00"
"hitEffect":{
"type":"MultiEffect",
"effects":[
{
"type":"ParticleEffect",
"particles":1,
"sizeFrom":2,
"sizeTo":48,
"length":0,
"baseLength":0,
"lifetime":42,
"colorFrom":"99ecff40",
"colorTo":"99e0ff00",
"cone":0
}
{
"type":"ParticleEffect",
"particles":1,
"startDelay":42
"sizeFrom":48,
"sizeTo":48,
"length":0,
"baseLength":0,
"lifetime":382,
"colorFrom":"99ecff40",
"colorTo":"99e0ff00",
"cone":0
}
]
}
}*/
}
}
{
"name":"塔纳托斯-激光"
"y":-41.5
"x":-73.5
"maxRange":2000
"minWarmup":0.7
"shootWarmupSpeed":0.2
"recoil":4
"mirror":true
"rotate":true
"rotateSpeed":1.1
"reload":98
"rotationLimit":52
"shootY":12
"shake":8
"shoot":{
"shots":1
"shotDelay":10
}
"shootSound":"laser"
"bullet":{
"type":"BasicBulletType",
"height":22,
"width":14,
"damage":388
"shrinkY":0,
"absorbable":false,
"splashDamageRadius":1
"splashDamage":112
"sprite":"missile-large",
"frontColor":"99ecff",
"backColor":"99ecff",
"collidesTeam":false,
"trailLength":40
"trailWidth":2,
"trailColor":"99ecff",
"speed":82
"lifetime":10
"intervalBullets":1,
"intervalDelay":0.3
"intervalRandomSpread":180
"intervalBullet":{
"lightningColor":"eec591ec",
"lightningDamage":24
"lightning":1
"lightningLength":4
"lightningRandomSpread":0
"lightningLengthRand":28
"lightningAngleRand":7
"damage":28
"width":0
"height":0
"sprite":"circle-bullet",
"speed":1
"lifetime":0
}
"hitEffect":{
"type":"ExplosionEffect",
"lifetime":28,
"waveStroke":6,
"waveLife":10,
"waveRadBase":7,
"waveColor":"99ecff",
"waveRad":30,
"smokes":6,
"smokeColor":"FFFFFF",
"sparkColor":"99ecff",
"sparks":6,
"sparkRad":35,
"sparkStroke":1.5,
"sparkLen":4
},
"smokeEffect":"none",
"hitSound":"plasmaboom",
"knockback":48,
"fragBullets":1
"fragLifeMin":0
"fragLifeMax":0
"fragBullet":{
"sprite":"none"
"damage":30
"splashDamage":70
"splashDamageRadius":80
"type":"BasicBulletType",
"hitEffect":{
"type":"MultiEffect",
"effects":[
{
"type":"WrapEffect",
"effect":"dynamicSpikes",
"color":"99ecffec",
"rotation":22
"pierce":true
"pierceBuilding":true,
}
{
"type":"ParticleEffect",
"particles":15,
"line":true,
"strokeFrom":3,
"strokeTo":0,
"lenFrom":16,
"lenTo":0,
"length":60,
"baseLength":0,
"lifetime":10,
"colorFrom":"FFA05C",
"colorTo":"FFFFFF",
"cone":60
},
]
},
}
"spawnBullets":[
{
"type":"PointBulletType",
"knockback":184
"range":820
"trailSpacing":9
"trailEffect":{
"type":"ParticleEffect",
"riegon":"这是一个模组-箭头"
"sprite":"这是一个模组-箭头"
"particles":1,
"length":2,
"baseLength":2,
"lifetime":42,
"randLength":false,
"lenFrom":10
"lenTo":15,
"strokeFrom":8
"strokeTo":7
"colorFrom":"99ecff",
"colorTo":"99e0ff00",
"cone":0
},
"despawnEffect":"instBomb",
"shootEffect":{
"type":"MultiEffect",
"effects":[
{
"type":"WaveEffect",
"lifetime":10,
"sizeFrom":5,
"sizeTo":80,
"strokeFrom":6,
"strokeTo":0,
"colorFrom":"99ecff",
"colorTo":"99e0ff"
},
{
"type":"ParticleEffect",
"particles":1,
"sizeFrom":20,
"sizeTo":0,
"length":0,
"baseLength":0,
"lifetime":55,
"colorFrom":"99ecff",
"colorTo":"99e0ff",
"cone":0
}
]
},
"smokeEffect":"smokeCloud",
"hitEffect":{
"type":"MultiEffect",
"effects":[
{
"type":"WaveEffect",
"lifetime":22,
"sizeFrom":0,
"sizeTo":80,
"strokeFrom":3,
"strokeTo":0,
"colorFrom":"99ecff",
"colorTo":"99e0ff"
},
{
"type":"ParticleEffect",
"particles":1,
"sizeFrom":25
"sizeTo":0,
"length":0,
"baseLength":0,
"lifetime":55,
"colorFrom":"99ecff",
"colorTo":"99e0ff",
"cone":0
}
]
}
"damage":128
"hitShake":6
"ammoMultiplier":1,
"lightningDamage":80
"lightning":3
"lightningLength":8,
"speed":18
"lifetime":30
}
]
}
}
{
"name":"塔纳托斯-激光"
"y":-72
"x":63.5
"maxRange":2000
"recoil":4
"shootY":0
"shake":8
"minWarmup":0.5
"shootWarmupSpeed":0.2
"mirror":true
"rotate":true
"rotateSpeed":1.32
"reload":98
"rotationLimit":48
"shoot":{
"shots":2
"shotDelay":14
}
"shootSound":"laser"
"bullet":{
"type":"BasicBulletType",
"knockback":42
"height":22,
"width":14,
"damage":388
"shrinkY":0,
"absorbable":false,
"homingDelay":50,
"homingPower":0.2
"homingRange":100
"splashDamageRadius":80
"splashDamage":112
"sprite":"missile-large",
"frontColor":"c0ecff",
"backColor":"99ecff",
"collidesTeam":false,
"healPercent":2
"trailLength":40
"trailWidth":2,
"trailColor":"99ecff",
"speed":10
"lifetime":82
"hitEffect":{
"type":"ExplosionEffect",
"lifetime":28,
"waveStroke":6,
"waveLife":10,
"waveRadBase":7,
"waveColor":"99ecff",
"waveRad":30,
"smokes":6,
"smokeColor":"FFFFFF",
"sparkColor":"99ecff",
"sparks":6,
"sparkRad":35,
"sparkStroke":1.5,
"sparkLen":4
},
"smokeEffect":"none",
"hitSound":"plasmaboom",
"fragBullets":1
"fragLifeMin":0
"fragLifeMax":0
"fragBullet":{
"sprite":"none"
"damage":30
"splashDamage":70
"splashDamageRadius":80
"type":"BasicBulletType",
"hitEffect":{
"type":"MultiEffect",
"effects":[
{
"type":"WrapEffect",
"effect":"dynamicSpikes",
"color":"99ecffec",
"rotation":22
"pierce":true
"pierceBuilding":true,
}
{
"type":"ParticleEffect",
"particles":15,
"line":true,
"strokeFrom":3,
"strokeTo":0,
"lenFrom":16,
"lenTo":0,
"length":60,
"baseLength":0,
"lifetime":10,
"colorFrom":"FFA05C",
"colorTo":"FFFFFF",
"cone":60
}
]
}
}
"spawnBullets":[
{
"type":"LaserBulletType",
"healPercent":12,
"damage":246
"collidesTeam":true,
"sideAngle":30,
"sideWidth":0.8,
"sideLength":70,
"lifetime":22
"status":"紊乱",
"statusDuration":80
"colors":[
"99e0ff90",
"99ecff80",
"FFFFFF"
],
"width":13
"length":183
},
],
}
}
{
"name":"塔纳托斯2",
"display":false,
"reload":420,
"x":106.25,
"y":-28,
"rotate":false,
"recoil":0,
"inaccuracy":20,
"alternate":true,
"shootSound":"missileLarge",
"baseRotation":-60,
"shake":5,
"autoTarget":true,
"xRand":36,
"shootCone":360,
"shoot":{
"type":"ShootMulti",
"source":{},
"dest":[
{
"shots":1,
"shotDelay":6
},
{
"shots":3,
"firstShotDelay":8,
"shotDelay":6
},
{
"shots":4,
"firstShotDelay":16,
"shotDelay":6
}
]
},
"velocityRnd":0.1,
"bullet":{
"smokeEffect":"shootSmallFlame",
"speed":2.2
"shootSound":"boom"
"shootEffect":{
"type":"ParticleEffect",
"particles":5
"baseLength":8,
"length":22
"lifetime":30
"line":true,
"interp":"pow5In",
"sizeInterp":"pow5Out",
"lenFrom":12,
"lenTo":0,
"strokeFrom":1,
"strokeTo":0,
"colorFrom":"c0ceff",
"colorTo":"c0ceff",
"cone":60
}
"spawnUnit":"青空导弹"
}
},
{
"name":"塔纳托斯2",
"display":false,
"reload":420,
"x":106.25,
"y":-28,
"rotate":false,
"recoil":0,
"inaccuracy":20,
"alternate":true,
"shootSound":"missileLarge",
"baseRotation":-60,
"shake":5,
"autoTarget":true,
"xRand":36,
"shootCone":360,
"shoot":{
"type":"ShootMulti",
"source":{},
"dest":[
{
"shots":2,
"shotDelay":6
},
{
"shots":1,
"firstShotDelay":8,
"shotDelay":6
},
{
"shots":2,
"firstShotDelay":16,
"shotDelay":6
}
]
},
"velocityRnd":0.1,
"bullet":{
"smokeEffect":"shootSmallFlame",
"speed":2.2
"shootSound":"boom"
"shootEffect":{
"type":"ParticleEffect",
"particles":5
"baseLength":8,
"length":22
"lifetime":30
"line":true,
"interp":"pow5In",
"sizeInterp":"pow5Out",
"lenFrom":12,
"lenTo":0,
"strokeFrom":1,
"strokeTo":0,
"colorFrom":"c0ceff",
"colorTo":"c0ceff",
"cone":60
}
"spawnUnit":"青空导弹2"
}
},
{
"name":"塔纳托斯2",
"display":false,
"reload":420,
"x":106.25,
"y":-28,
"rotate":false,
"recoil":0,
"inaccuracy":20,
"alternate":true,
"shootSound":"missileLarge",
"baseRotation":-60,
"shake":5,
"autoTarget":true,
"xRand":36,
"shootCone":360,
"shoot":{
"type":"ShootMulti",
"source":{},
"dest":[
{
"shots":6,
"shotDelay":6
},
{
"shots":8,
"firstShotDelay":8,
"shotDelay":6
},
{
"shots":9,
"firstShotDelay":16,
"shotDelay":6
}
]
},
"velocityRnd":0.1,
"bullet":{
"type":"MissileBulletType",
"trailEffect":{
"type":"ParticleEffect",
"particles":5,
"length":30,
"baseLength":-20,
"lifetime":40,
"randLength":false,
"sizeFrom":4,
"sizeTo":0,
"sizeInterp":"pow3In",
"interp":"pow5Out",
"colorFrom":"99ecff",
"colorTo":"99e0ff20"
},
"healPercent":2.5
"width":22,
"height":35,
"sprite":"missile-large",
"speed":6,
"lifetime":92,
"drag":-0.02,
"homingDelay":38,
"homingPower":0.1,
"homingRange":800,
"ammoMultiplier":6,
"trailLength":22,
"trailWidth":4,
"trailColor":"99ecff",
"shrinkY":0,
"shrinkX":0,
"backColor":"99ecff",
"frontColor":"99ecff",
"hitEffect":{
"type":"ExplosionEffect",
"lifetime":23,
"waveStroke":5,
"waveLife":18,
"waveRadBase":0,
"waveColor":"99ecff",
"waveRad":58,
"smokes":18,
"smokeColor":"99ecffA8",
"sparkColor":"99ecff",
"sparks":30,
"sparkRad":82,
"sparkStroke":3.2,
"sparkLen":26
},
"hitSound":"plasmaboom",
"hitShake":12,
"despawnEffect":"none",
"shootEffect":"none",
"smokeEffect":{
"type":"ParticleEffect",
"particles":4,
"sizeFrom":6,
"sizeTo":0,
"sizeInterp":"pow5In",
"interp":"pow10Out",
"length":68,
"baseLength":5,
"lifetime":22,
"colorFrom":"FFFFFF",
"colorTo":"99ecff",
"cone":30
},
"damage":180,
"pierceArmor":true,
"status":"审判",
"statusDuration":20,
"splashDamageRadius":55,
"splashDamage":298,
"lightningDamage":52
"lightning":3,
"lightningLength":8,
"lightningLengthRand":16,
"lightningColor":"99ecff"
}
}
]
}