{
	"type": "GenericCrafter",
	"name": "临界流体混合器",
	"health": 800
	"canOverdrive": false,
	"outputLiquid": {
		"liquid": "临界流体",
		"amount": 1.4
	},
	"itemCapacity": 30
	"size": 3
	"drawer": {
		"type": "DrawMulti",
		"drawers": [
			{
				"type": "DrawRegion",
				"suffix": "-bottom"
			},
			{
				"type": "DrawLiquidTile",
				"drawLiquid": "cryofluid"
			},
			"DrawDefault"
		]
	},
	"hasItems": true,
	"hasLiquids": true,
	"outputsLiquid": true,
	"hasPower": true,
	"liquidCapacity": 60,
	"craftTime": 20,
	"updateEffect": "freezing",
	"consumes": {
		"power": 15
		"items": [
			"低温聚合物/5"
			"拟钢/2"
		],
		"liquid": "cryofluid/3"
	},
	"requirements": [
		"thorium/150",
		"silicon/90"
		"铼铱合金/70"
		"copper/250",
		"metaglass/120",
		"plastanium/40",
	],
	"category": "crafting",
	"research": {
		"parent":"cryofluid-mixer"
		"objectives": [
			"铼铱合金"
		]
	}
}