{
"name": "冶合熔炼炉",
"type": "GenericCrafter",
"description":"使用磁束冶合技术在炉内高效的冶炼巨浪合金"
"outputItem": "surge-alloy/10",
"size": 3,
"hasPower": true,
"healty":500
"hasLiquids": false,
"hasItems": true,
"craftTime":240
"itemCapacity":50
"drawer": {
"type": "DrawMulti",
"drawers": [
"DrawDefault",
{
"type": "DrawGlowRegion",
"glowScale": 9
"alpha": 1.2
"glowColor": "c0ecff"
}
"DrawFlame"
]
},
"craftEffect": "smeltsmoke",
"consumes": {
"power": 8
"liquid": "slag/0.28"
"items": [
"titanium/20"
"silicon/15"
]
},
"requirements": [
"plastanium/140",
"拟钢/160"
"surge-alloy/80"
"graphite/175",
"metaglass/180",
"thorium/100"
]
"category":"crafting"
"idleSound":"respawing"
"idleSoundVolume":1
"research":"alloy-smelter"
}