{
"name":"石墨化窑"
"description":"我们放弃了单纯的提高压力，转而同时提升窑内温压，以到达更高效率"
"type":"GenericCrafter"
//"description":""
"itemCapacity":12
"healty":480
"size":3
"haspower":true
"hasLiquids":false
"hasItems":true
"craftTime":55
"drawer": {
    "type":"DrawMulti"
    "drawers": [
        "DrawDefault"
        //"DrawFlame"
    ]
}
"craftEffect": {
		"type": "MultiEffect",
		"effects": [
			{
				"type": "ParticleEffect",
				"particles": 18
				"line": true,
				"length": 52
				"baseLength": 6
				"lifetime": 25
				"colorFrom": "FFFFFF",
				"colorTo": "ffffff20"
			}
		]
"type": "RadialEffect",
"rotationOffset": 0,
"lengthOffset": 10,
"amount": 8
"effect": {
"type": "multiEffect",
"effects": [
{
"type": "ParticleEffect",
"particles": 3
"lifetime": 48
"interp": "circleOut",
"length": 18
"cone": 4.3
"sizeFrom": 4.8
"sizeTo": 0
"colorFrom": "FFFFFF",
"colorTo": "ffffff10"
}
{
"particles": 2
"line":true
"lifetime": 39
"interp": "circleOut",
"sizeInterp": "pow3In",
"strokeFrom": 3,
"strokeTo": 0,
"lenFrom": 8
"lenTo": 0,
"cone":8
"length": 11
"colorFrom": "FFFFFF",
"colorTo": "ffffff28"
}
]
}
},
"consumes":{
    "power":3
    "items": [
	"coal/4"
	]
}
"outputItem":{
"item":"graphite"
"amount":4
}
"requirements": [
		"silicon/70",
        "titanium/30"
        "graphite/90"
        "拟钢/80"
]
"category":"crafting"
"updateEffect": "steam",
"idleSound":"respawing"
"idleSoundVolume": 1
"research":"multi-press"
}