{
"name":"拟钢熔炼厂"
"type":"GenericCrafter"
"description":"使用钛，铅和硅熔炼拟钢，需要水冷却"
"itemCapacity":20
"powerCapacity":10
"healty":580
"size":3
"haspower":true
"hasLiquids":false
"hasItems":true
"craftTime":42
"updataEffect":"smultsmoke"
"drawer": {
    "type":"DrawMulti"
    "drawers": [
        "DrawDefault"
        {
		"type":"DrawFlame"
        "flameColor":"99e0ff"
        }
    ]
}
"consumes":{
    "power":8
    "items":{
       "items":[
       "titanium/6"
       "lead/4"
       ]
    }
    "liquid":"water/0.3"
}
"outputItem":{
              "item":"拟钢"
              "amount":3
              }
"requirements": [
		"silicon/280",
        "titanium/260"
        "lead/80"
]
"category":"crafting"
"idleSound":"respawing"
"idleSoundVolume": 0.5
"research":"silicon-smelter"
}