{
"name":"聚能硅炉"
"type":"GenericCrafter"
"description":"聚变的力量!"
"itemCapacity":40
"healty":960
"size":4
"haspower":true
"hasLiquids":false
"hasItems":true
"craftTime":150
"updataEffect":"smultsmoke"
"consumes":{
    "power":12
    "items":{
       "items":[
       	"聚变能/1"
        "sand/25"
       ]
    }
}
	"craftEffect": {
		"type": "MultiEffect",
		"effects": [
			{
				"type": "ParticleEffect",
				"particles": 15,
				"line": true,
				"length": 52
				"baseLength": 3,
				"lifetime": 25
				"colorFrom": "FFFFFF",
				"colorTo": "FFE176FF"
			},
			{
				"type": "ParticleEffect",
				"particles": 1,
				"sizeFrom": 0,
				"sizeTo": 45,
				"length": 0,
				"baseLength": 0,
				"lifetime": 10,
				"colorFrom": "FFFFFF80",
				"colorTo": "FFFFFF00"
			},
		]
	},
"outputItem":{
              "item":"silicon"
              "amount":25
              }
"requirements": [
		"plastanium/125",
		"silicon/275",
        "surge-alloy/130",
        "phase-fabric/100",
        "铼铱合金/110"
        "聚变能/50"
]
"category":"crafting"
"idleSound":"respawing"
"idleSoundVolume":2
"research":"电磁硅炉"
}