{
"name":"自愈合金冶炼炉"
"type":"GenericCrafter"
"description":"制作强悍的高端材料"
"itemCapacity":20
"healty":560
"size":3
"haspower":true
"hasLiquids":true
"hasItems":true
"craftTime":120
"updataEffect":"smultsmoke"
"drawer": {
    "type":"DrawMulti"
    "drawers": [
        "DrawDefault"
        "DrawFlame"
    ]
}
"hasItems": true,
"hasLiquids": true,
"hasPower": true,
"liquidCapacity": 60
"consumes":{
"power":9
"items":{
    "items":[
    "plastanium/9",
    "surge-alloy/6"
    "拟钢/6"
    "phase-fabric/2"
    ]
}
    "liquid":"slag/0.5"
}
       	"outputItem":{
              "item":"zyhj"
              "amount":3
              }
"requirements": [
    "铼铱合金/120",
    "surge-alloy/100"
    "拟钢/160"
    "phase-fabric/120"
    "plastanium/180"
    "silicon/150"
]
"category":"crafting"
"research":"flase"
"idleSound":"respawing"
"idleSoundVolume": 0.3
"research":"alloy-smelter"
}