{
	"type": "GenericCrafter",
	"name": "高效冷冻液混合器",
	"health": 360,
	"outputLiquid": {
		"liquid": "cryofluid",
		"amount": 1.4
	},
	"itemCapacity": 14,
	"size": 3,
	"drawer": {
		"type": "DrawMulti",
		"drawers": [
			{
				"type": "DrawRegion",
				"suffix": "-bottom"
			},
			{
				"type": "DrawLiquidTile",
				"drawLiquid": "cryofluid"
			},
			"DrawDefault"
		]
	},
	"hasItems": true,
	"hasLiquids": true,
	"outputsLiquid": true,
	"hasPower": true,
	"liquidCapacity": 60,
	"craftTime": 60,
	"updateEffect": "freezing",
	"consumes": {
		"power": 6
		"items": [
			"titanium/3"
		],
		"liquid": "water/0.5"
	},
	"requirements": [
		"thorium/150",
		"拟钢/80"
		"metaglass/40",
		"silicon/40",
	],
	"category": "crafting",
	"research": "cryofluid-mixer"
}