{
	"type": "GenericCrafter",
	"health": 1200,
    "name": "回旋幻钢厂",
	"description": "完美的黄金回旋，来自荧羽石的能量",
	"itemCapacity": 60,
	"outputItem": {"item": "幻钢","amount":30},
	"size": 4,
	"hasPower": true,
	"hasItems": true,
	"hasLiquids": false,
	"craftTime": 60,
	"drawer":{
		"type":"DrawMulti",
		"drawers":[
		    {
                "type": "DrawRegion",
                "suffix": "-bottom"
            },
	        {
                "type": "DrawPlasma",
                "suffix": "-plasma",
                "plasma1": "ECECECFF",
                "plasma2": "ECECECFF"
            },
            "DrawDefault",
            {
                "type": "DrawFlame",
                "flameColor": "ECECECFF"
            }
		]
	}
    "updateEffect":{
    "effect": "dynamicSpikes",
    "rotation": 12,
    "color": "ECECECEFF",
    "type": "WrapEffect"},
	"consumes":{
	    "power": 5,
			"items":{
		    	"items":[
		        {"item":"copper","amount": 15},
				{"item":"lead","amount": 15},
			    {"item":"荧羽石","amount": 3},
				]
			}
	},
	"requirements": [
		{"item": "玄钢", "amount": 120},
		{"item": "有机玻璃", "amount": 150},
		{"item": "荧羽石", "amount":30},
		{"item": "翼精金属", "amount":60},
	    {"item":"幻钢","amount": 600},
	    {"item":"silicon","amount": 180},
	    {"item":"plastanium","amount": 90},
					],
	"flameColor":"ECECECFF",
	"category": "crafting",
	"research":"大型幻钢电压机",
}