{
   "immunities": [
      "生物毒性-1",
      "生物毒性-2",
      "生物毒性-3"
   ],
   "type": "flying",
   "drawCell": false,
   "armor": 3,
   "engineSize": 0,
   "createScorch": false,
   "omniMovement": true,
   "rotateMoveFirst": true,
   "flying": true,
   "accel": 0.4,
   "rotateSpeed": 3,
   "drag": 0.2,
   "dpsEstimate": 80,
   "targetPriority": -1,
   "range": 440,
   "hitSize": 8,
   "trailLength": 3,
   "speed": 2.6,
   "health": 950,
   "healColor": "FCF387FF",
   "weapons": [
      {
         "shoot": {
            "shots": 1,
            "shotDelay": 8
         },
         "name": "掷弹",
         "reload": 200,
         "rotate": false,
         "inaccuracy": 40,
         "alternate": true,
         "top": false,
         "ejectEffect": "casing1",
         "bullet": {
            "hittable": false,
            "reflectable": false,
            "absorbable": false,
            "type": "ArtilleryBulletType",
            "speed": 5,
            "knockback": 0.8,
            "lifetime": 100,
            "width": 10,
            "height": 10,
            "collidesTiles": false,
            "splashDamageRadius": 35,
            "splashDamage": 50,
            "homingPower": 0.04,
            "homingRange": 50,
            "shrinkY": 0,
            "shrinkX": 0,
            "drag": 0.04,
            "sprite": "计划战争-特殊导弹1",
            "fragBullets": 5,
            "fragVelocityMin": 1.3,
            "fragVelocityMax": 2,
            "fragBullet": {
               "hitColor": "FF7878FF",
               "backColor": "FF7878FF",
               "trailColor": "FF7878FF",
               "frontColor": "FF7878FF",
               "pierceArmor": true,
               "smokeEffect": "shootSmallSmoke",
               "hitEffect": "hitBulletColor",
               "speed": 0,
               "splashDamage": 5,
               "splashDamageRadius": 20,
               "lifetime": 500,
               "bulletInterval": 1,
               "intervalBullets": 1,
               "intervalAngle": 0,
               "intervalSpread": 1,
               "intervalBullet": {
                  "lightningCone": 360,
                  "lightningAngle": 3,
                  "type": "LightningBulletType",
                  "lightningColor": "FCF387FF",
                  "hitColor": "FCF387FF",
                  "lightningLength": 4,
                  "despawnEffect": "none",
                  "damage": 5,
                  "lifetime": 45
               }
            }
         }
      }
   ],
   "abilities": [
      {
         "type": "RegenAbility",
         "percentAmount": 0.01
      }
   ]
}