{
   "immunities": [
      "生物毒性-1",
      "生物毒性-2",
      "生物毒性-3"
   ],
   "type": "flying",
   "drawCell": false,
   "armor": 8,
   "engineSize": 0,
   "createScorch": false,
   "faceTarget": true,
   "circleTarget": true,
   "omniMovement": true,
   "rotateMoveFirst": true,
   "flying": true,
   "accel": 0.4,
   "rotateSpeed": 5,
   "drag": 0.2,
   "dpsEstimate": 80,
   "range": 240,
   "hitSize": 8,
   "trailLength": 3,
   "speed": 3.6,
   "health": 1850,
   "healColor": "FCF387FF",
   "weapons": [
      {
         "name": "金冲刺",
         "x": 0,
         "y": 0,
         "mirror": false,
         "shootSound": "none",
         "reload": 25,
         "shoot": {
            "shots": 3,
            "shotDelay": 1
         },
         "bullet": {
            "type": "RailBulletType",
            "damage": 90,
            "pierceDamageFactor": 0,
            "length": 80,
            "recoil": -20,
            "shootEffect": "none",
            "smokeEffect": "none"
         }
      }
   ],
   "abilities": [
      {
         "type": "RegenAbility",
         "percentAmount": 0.01
      },
      {
         "type": "MoveEffectAbility",
         "x": 0,
         "y": -0.5,
         "color": "FCF387FF",
         "effect": {
            "type": "Effect",
            "colorFrom": "FCF387FF",
            "colorTo": "E8D174FF",
            "particles": 7,
            "randLength": true,
            "cone": 190,
            "length": 5,
            "baseLength": 1,
            "offsetX": 0,
            "offsetY": 0,
            "lightScl": 3,
            "lightOpacity": 0.5,
            "lightColor": "FCF387FF",
            "spin": 0,
            "sizeFrom": 1,
            "sizeTo": 0.1,
            "region": "circle",
            "line": false
         },
         "display": false
      },
      {
         "type": "MoveLightningAbility",
         "minSpeed": 0,
         "maxSpeed": 0,
         "damage": 0,
         "chance": 1,
         "length": 1,
         "color": "FCF387FF",
         "shootSound": "none",
         "shootEffect": {
            "region": "计划战争-古仿冲刺者n",
            "type": "ParticleEffect",
            "particles": 12,
            "sizeFrom": 8,
            "sizeTo": 0,
            "length": 0.05,
            "lifetime": 15,
            "colorFrom": "FCF387FF",
            "colorTo": "E8D174FF"
         }
      }
   ]
}