{
   "immunities": [
      "生物毒性-1",
      "生物毒性-2",
      "生物毒性-3"
   ],
   "type": "flying",
   "drawCell": false,
   "armor": 9,
   "engineSize": 0,
   "createScorch": false,
   "omniMovement": true,
   "rotateMoveFirst": true,
   "flying": true,
   "accel": 0.4,
   "rotateSpeed": 3.5,
   "drag": 0.2,
   "dpsEstimate": 80,
   "targetPriority": -1,
   "range": 500,
   "hitSize": 8,
   "trailLength": 3,
   "speed": 2.7,
   "health": 1850,
   "healColor": "FF7878FF",
   "weapons": [
      {
         "shoot": {
            "shots": 3,
            "shotDelay": 7
         },
         "name": "掷弹",
         "reload": 180,
         "rotate": false,
         "inaccuracy": 20,
         "alternate": true,
         "top": false,
         "ejectEffect": "casing1",
         "bullet": {
            "hittable": false,
            "reflectable": false,
            "hitColor": "FF7878FF",
            "backColor": "FF7878FF",
            "trailColor": "FF7878FF",
            "frontColor": "FF7878FF",
            "absorbable": false,
            "type": "ArtilleryBulletType",
            "speed": 6.5,
            "knockback": 0.8,
            "lifetime": 140,
            "width": 10,
            "height": 10,
            "collidesTiles": false,
            "splashDamageRadius": 45,
            "splashDamage": 80,
            "homingPower": 0.04,
            "homingRange": 50,
            "shrinkY": 0,
            "shrinkX": 0,
            "drag": 0.04,
            "sprite": "计划战争-特殊导弹1",
            "fragBullets": 5,
            "fragVelocityMin": 1.3,
            "fragVelocityMax": 2,
            "fragBullet": {
               "pierceArmor": true,
               "smokeEffect": "shootSmallSmoke",
               "hitEffect": "hitBulletColor",
               "speed": 1,
               "splashDamage": 5,
               "splashDamageRadius": 20,
               "lifetime": 500,
               "drag": 0.01,
               "bulletInterval": 1,
               "intervalBullets": 1,
               "intervalAngle": 0,
               "intervalSpread": 1,
               "intervalBullet": {
                  "type": "LaserBulletType",
                  "damage": 25,
                  "collidesTeam": true,
                  "laserAbsorb": false,
                  "shootEffect": "bigShockwave",
                  "sideAngle": 10,
                  "sideWidth": 1,
                  "sideLength": 10,
                  "colors": [
                     "D16D6DFF",
                     "FFA3A3FF",
                     "FF7878FF"
                  ],
                  "width": 6,
                  "length": 10,
                  "fragBullets": 5,
                  "fragVelocityMin": 1.3,
                  "fragVelocityMax": 2,
                  "fragBullet": {
                     "lightningCone": 360,
                     "lightningAngle": 3,
                     "type": "LightningBulletType",
                     "lightningColor": "FF7878FF",
                     "hitColor": "FF7878FF",
                     "lightningLength": 4,
                     "despawnEffect": "none",
                     "damage": 35,
                     "lifetime": 45
                  }
               }
            }
         }
      }
   ],
   "abilities": [
      {
         "type": "RegenAbility",
         "percentAmount": 0.01
      }
   ]
}