{
    "type": "PayloadMassDriver",
    "name": "中型载荷驱动器",
    "description": "远距离荷载运输建筑。",
    "size": 5,
    "health": 2000,
    "range": 600,
    "rotateSpeed": 1,
    "reload": 60,
    "chargeTime": 120,
    "maxPayloadSize": 4.5,
    "consumes": {
        "power": 5
    },
        "requirements": [
    {"amount": 400, "item": "纯钛钢"}
    { "item": "石墨", "amount": 1000 }
    { "item": "硅", "amount": 200 }
    { "item": "铝", "amount": 200 }
   ],
        "research": {
	"parent":"载荷驱动器"
	"objectives": [
            {
				"type": "SectorComplete",
				"preset": "初次相遇"
			}
	]
	}
	    "researchCostMultiplier": 1,
    "category": "units",
            "canOverdrive": true,
}