{
	"type": "PayloadUnloader"
	"name": "中型载荷卸载器",
	"description": "向前运输载荷,并且能卸载载荷上的物品",
	"health":700,
	"size":4,
"moveTime":45
"moveForce":208
"payloadLimit":3
	"underBullets":true
    "payloadLimit":3
    "hasPower":true
    "consumes": {
        "power": 4
    },
        "requirements": [
    {"amount": 100, "item": "纯钛钢"}
    { "item": "石墨", "amount": 200 }
    { "item": "硅", "amount":50 }
    { "item": "铝", "amount": 300 }
   ],
        "research": {
	"parent":"载荷卸载器"
	"objectives": [
            {
				"type": "SectorComplete",
				"preset": "腐蚀泥沼"
			}
	]
	}
	    "researchCostMultiplier": 1,
    "category": "units",
            "canOverdrive": true,
            }