{
"type":"PayloadRouter"
"name":"载荷路由器"
"size":3
   "health": 500,
"description": "一个方向输入，三个方向输出"
"moveTime": 120
"outputsPayload":true
"outputFacing":false
"payloadLimit": 3
        "requirements": [
    {"amount": 100, "item": "钛钢"}
    { "item": "石墨", "amount": 50 }
    { "item": "硅", "amount":50 }
    { "item": "铝", "amount": 50 }
   ],
        "research": {
	"parent":"载荷运输带"
	"objectives": [
            {
				"type": "SectorComplete",
				"preset": "初次相遇"
			}
	]
	}
	    "researchCostMultiplier": 1,
    "category": "units",
            "canOverdrive": true,
            }