{
	"type": "PayloadConveyor"
	"name": "载荷传送带",
	"description": "向前运输载荷",
	"health":300,
	"size":3,
"moveTime":45
"moveForce":208
"payloadLimit":3
	"underBullets":true
    "payloadLimit":3
        "requirements": [
    {"amount": 100, "item": "钛钢"}
    { "item": "石墨", "amount": 50 }
    { "item": "硅", "amount":50 }
    { "item": "铝", "amount": 50 }
   ],
        "research": {
	"parent":"载荷驱动器"
	"objectives": [
            {
				"type": "SectorComplete",
				"preset": "初次相遇"
			}
	]
	}
	    "researchCostMultiplier": 1,
    "category": "units",
            "canOverdrive": true,
            }