{
    "type": "PayloadMassDriver",
    "name": "载荷驱动器",
    "description": "远距离荷载运输建筑。",
    "size": 3,
    "health": 1000,
    "range": 480,
    "rotateSpeed": 2,
    "reload": 60,
    "chargeTime": 120,
    "maxPayloadSize": 2.5,
    "consumes": {
        "power": 2
    },
        "requirements": [
    {"amount": 250, "item": "钛钢"}
    { "item": "石墨", "amount": 200 }
    { "item": "硅", "amount": 200 }
    { "item": "铝", "amount": 200 }
   ],
        "research": {
	"parent":"容器"
	"objectives": [
            {
				"type": "SectorComplete",
				"preset": "初次相遇"
			}
	]
	}
	    "researchCostMultiplier": 1,
    "category": "units",
            "canOverdrive": true,
}