{
	"type": "PowerTurret",
	"name": "冰川",
	"description": "发射冰冻性子弹,有强烈的击退效果"
	"consumes": {
		"power": 8,
		"liquid": "hydrogen/0.8"
		"coolant": {
			"amount": 0.3,
			"optional": true
		}
	},
	"shoot": {
	    "shots":1
		"type": "ShootBarrel",
		"barrels": [
		3,0,0,
		-3,0,0,
		]
	},
	"targetAir": true,
	"targetGround": true,
	"health": 1200,
	"size": 3,
	"shootSound": "railgun",
	"shake": 0.2,
	"inaccuracy": 0,
	"recoil": 2,
	"recoilTime": 10,
	"shootType": {
		"type": "BasicBulletType",
		"damage":4,
		"knockback": 1
		"frontColor": "87CEEB",
		"backColor": "87CEEB",
		"width":8,
		"height":20,	   
		"trailLength":4,
		"trailWidth": 2,
		"trailColor": "87CEEB",
		"pierce": true,
		"status": "freezing",
		"statusDuration": 240,
		"speed": 35,
		"lifetime": 9,
		"ammoMultiplier": 1,
		"hitEffect": {
			"type": "WaveEffect",
			"lifetime": 15,
			"sizeFrom": 0,
			"sizeTo": 20,
			"strokeFrom": 2,
			"strokeTo": 0,
			"colorFrom": "FFFFFF",
			"colorTo": "87CEEB"
		},
		"despawnEffect": {
			"type": "WaveEffect",
			"lifetime": 15,
			"sizeFrom": 0,
			"sizeTo": 20,
			"strokeFrom": 2,
			"strokeTo": 0,
			"colorFrom": "FFFFFF",
			"colorTo": "87CEEB"
		}
	},
	"shootEffect": {
		"type": "MultiEffect",
		"effects": [
            {
		"type": "WaveEffect",
		"lifetime": 15,
		"sizeFrom": 0,
		"sizeTo": 30,
		"strokeFrom": 1,
		"strokeTo": 0,
		"colorFrom": "FFFFFF",
		"colorTo": "87CEEB"
	        },
			{
				"type": "ParticleEffect",
				"particles": 9,
				"sizeFrom": 3,
				"sizeTo": 0,
				"length": 40,
				"baseLength": 0,
				"lifetime": 60,
				"colorFrom": "FEEBB3",
				"colorTo": "FFFFFF",
				"cone": 50
			}
		]
	},
	"reload":45,
	"rotateSpeed": 3,
	"range":300,
	"category": "turret",
	"research": "先驱者",
	"requirements": [
		"titanium/90",
		"塑料/200",
		"silicon/180"
		"lead/50"
	]
}