{
"name": "月相a",
"description": "由月相改造得到的特殊导弹单位，配备了较小的力墙场，但是杀伤被削弱",
"armor": 2,
"health": 480,
"speed": 4,
"lifetime": 280,
"range":24
"maxRange": 6,
"rotateSpeed": 1.8,
"engineColor": "FEB380",
"trailColor": "FEB380",
"engineLayer": 100,
"engineSize": 3.1,
"engineOffset": 10,
"trailLength": 18,
"missileAccelTime": 20,
"lowAltitude": true,
"fogRadius": 6,
"weapons": [
{
"shootCone": 360,
"mirror": false,
"reload": 1,
"shake": 10,
"shootOnDeath": true,
"shootSound": "plasmaboom",
"bullet": {
"type": "ExplosionBulletType",
"hitColor": "FF8257D7",
"shootEffect": {
"type": "MultiEffect",
"effects": [
{
"type": "WaveEffect",
"lifetime":10,
"strokeFrom":4,
"sizeTo":72
}
{
"type": "ParticleEffect",
"particles": 9,
"sizeFrom":8,
"sizeTo": 2,
"length": 78,
"lifetime": 80,
"colorFrom": "FF8257D7",
"colorTo": "CA907CD5",
"cone": 360
}
{
"type": "ParticleEffect",
"particles": 15,
"sizeFrom":3,
"sizeTo": 1.2,
"length": 74,
"lifetime": 80,
"colorFrom": "CA907CD5",
"colorTo": "A1918B9C",
"cone": 360
}
]
},
"splashDamage":380,
"splashDamageRadius":72
}
}
]
"abilities": [
{
"type": "MoveEffectAbility",
"effect":{
"type": "MultiEffect",
"effects": [
{
"type": "ParticleEffect",
"particles": 8,
"sizeFrom":3.6,
"sizeTo": 1.6,
"length": 28,
"lifetime": 22,
"colorFrom": "E8D292A5",
"colorTo": "EDBD94DD",
"cone": 20
}
{
"type": "ParticleEffect",
"particles": 5,
"sizeFrom":5.8,
"sizeTo": 3,
"length": 32,
"lifetime": 26,
"colorFrom": "EDBD94DD",
"colorTo": "FF9078B7",
"cone": 22
}
]
}
"rotation": 180,
"y": -9,
"color": "FF9078B7",
"interval": 5
}
{
"type": "ForceFieldAbility",
"radius": 20,
"regen": 0.4,
"max": 240
"cooldown": 100
},
],
}