{
"name": "阴云",
"description": "一种安装了闪电发生器的低速导弹，能为周围建筑和友方单位治疗",
"health": 220,
"speed": 2.8,
"lifetime": 200,
"range":14
"maxRange": 6,
"rotateSpeed": 1.8,
"engineColor": "B5FDA4FF",
"trailColor": "B5FDA4FF",
"engineLayer": 100,
"engineSize": 3.1,
"engineOffset": 6,
"trailLength": 32,
"missileAccelTime": 60,
"lowAltitude": true,
"fogRadius": 6,
"weapons": [
{
"shootCone": 360,
"mirror": false,
"reload": 1,
"shake": 10,
"shootOnDeath": true,
"shootSound": "plasmaboom",
"bullet": {
"type": "ExplosionBulletType",
"hitColor": "B5FDA4FF",
"shootEffect": {
"type": "MultiEffect",
"effects": [
{
"type": "WaveEffect",
"lifetime":10,
"strokeFrom":4,
"sizeTo":48
}
{
"type": "ParticleEffect",
"particles": 8,
"sizeFrom":6,
"sizeTo": 2,
"length": 68,
"lifetime": 80,
"colorFrom": "B5FDA4FF",
"colorTo": "B5FDA4FF",
"cone": 360
}
{
"type": "ParticleEffect",
"particles": 15,
"sizeFrom":3,
"sizeTo": 1.2,
"length": 76,
"lifetime": 80,
"colorFrom": "B5FDA4D5",
"colorTo": "AFE4A2D5",
"cone": 360
}
]
},
"splashDamage":160,
"splashDamageRadius":48
"healPercent": 8,
"collidesTeam": true,
}
}
]
"abilities": [
{
"type": "MoveEffectAbility",
"effect":{
"type": "MultiEffect",
"effects": [
{
"type": "ParticleEffect",
"particles": 8,
"sizeFrom":2.6,
"sizeTo": 0.6,
"length": 28,
"lifetime": 22,
"colorFrom": "B5FDA4D5",
"colorTo": "B5FDA4D5",
"cone": 20
}
{
"type": "ParticleEffect",
"particles": 5,
"sizeFrom":3.8,
"sizeTo": 2,
"length": 32,
"lifetime": 26,
"colorFrom": "B5FDA4FF",
"colorTo": "AFE4A2FF",
"cone": 22
}
]
}
"rotation": 180,
"y": -9,
"color": "B5FDA4FF",
"interval": 5
}
{
"type": "EnergyFieldAbility",
"blinkSize":-0.8
"damage": 5,
"reload": 30,
"range": 80
"cooldown": 40
"maxTargets":8
"healPercent":2.2
"color":"B5FDA4FF"
},
],
}