{
    "type": "ItemTurret",
    "name": "双管机炮",
    "description": "机炮排成排，一发百中",
    "health": 550,
    "size": 2,
    "reload": 5,
    "range": 200,
    "maxAmmo": 40,
    "ammoPerShot": 2,
    "restitution": 0.05,
    "recoil": 1,
    "shoot": {
        "shots": 2,
        "shotDelay": 2
    },
    "shake": 1.1,
    "ammoUseEffect": "casing2",
    "targetGround": true,
    "targetAir": true,
    "inaccuracy": 1,
    "rotateSpeed": 8,
    "ammoTypes": {
                    "青铜": {
                    	"pierce":true,
			//是否穿透
			"pierceCap":3,
                                    "pierceCap":1,
            "reloadMultiplier":1.4,//攻击速率
            "speed": 8,
            "damage": 21,
            "knockback": 0.6,
            "fragBullets": 3,
            "fragBullet":{
            "speed": 1.8,
            "damage":15,
            "lifetime":10
            },
            "lifetime": 25,
            "width": 7,
            "height": 10,
            "ammoMultiplier": 1,
            "shootEffect": "shootBig"
        },
        "亚铜": {
        	"pierce":true,
			//是否穿透
			"pierceCap":3,
                                    "pierceCap":1,
            "reloadMultiplier":1.1,//攻击速率
            "speed": 8,
            "damage": 25,
            "knockback": 0.6,
            "lifetime": 25,
            "homingRange": 15,
            "homingPower": 0.1,
            "width": 7,
            "height": 10,
            "ammoMultiplier": 1,
            "shootEffect": "shootBig"
        },
        "磁钛": {
        	"pierce":true,
			//是否穿透
			"pierceCap":3,
                                    "pierceCap":1,
            "reloadMultiplier":1.3,//攻击速率
            "speed": 8,
            "damage": 29,
            "knockback": 0.6,
	    "fragBullets": 2,
	    "fragBullet": {
                "speed": 2,
                "damage": 17,
                "lifetime": 10
            },
            "lifetime": 25,
            "homingRange": 14,
            "homingPower": 0.08,
            "width": 7,
            "height": 10,
            "ammoMultiplier": 1,
            "shootEffect": "shootBig"
        },
        "钢铁": {
        	"pierce":true,
			//是否穿透
			"pierceCap":3,
		                "pierceCap":1,
		    "reloadMultiplier":1,
			"speed": 8,
			"damage": 27,
			"knockback":0.07,
			"lifetime":25,
			"width": 7,
			"height": 10,
			"ammoMultiplier":2,
			"shootEffect": "shootBig" 		},
				
			"致密型钢铁": {
				"pierce":true,
			//是否穿透
			"pierceCap":3,
		                "pierceCap":1,
		    "reloadMultiplier":0.7,
			"speed": 8,
			"damage": 28,
			"knockback":0.07,
			"lifetime":25,
			"width": 7,
			"height": 10,
			"ammoMultiplier":2,
			"shootEffect": "shootBig" 		},
			
			"钴蓝合金": {
				"pierce":true,
			//是否穿透
			"pierceCap":3,
		                "pierceCap":1,
		    "reloadMultiplier":1,
			"speed": 8,
			"damage": 23,
			"knockback":0.07,
			"lifetime":25,
			"width": 7,
			"height": 10,
			"ammoMultiplier":2,
			"shootEffect": "shootBig" 		},
			
/*			"极寒合金": {
		                "pierceCap":1,
		    "reloadMultiplier":1,
			"speed": 4,
			"damage": 40,
			"knockback":0.07,
			"lifetime":48,
			"status":"freezing",
			"statusDuration": 60,
			"width": 6,
			"height": 9,
			"ammoMultiplier":2,
			"shootEffect": "shootBig" 		},
				
			"焱燚合金": {
		                "pierceCap":1,
		    "reloadMultiplier":1,
			"speed": 4,
			"damage": 40,
			"knockback":0.07,
			"lifetime":48,
			"status":"burning",
			"statusDuration": 60,
			"width": 6,
			"height": 9,
			"ammoMultiplier":2,
			"shootEffect": "shootBig" 		},*/
        "copper": {
        	"pierce":true,
			//是否穿透
                                    "pierceCap":3,
            "reloadMultiplier":1,//攻击速率
            "speed": 8,
            "damage": 17,
            "knockback": 0.6,
            "lifetime": 25,
            "width": 7,
            "height": 10,
            "ammoMultiplier": 4,
            "shootEffect": "shootBig"
        },
        "pyratite": {//硫化物
        	"pierce":true,
			//是否穿透
			"pierceCap":3,
            "speed": 8,
            "damage": 19,
            "status": "burning",
            "statusDuration":30,
            "knockback":0.05,//击退
			"splashDamageRadius":20,
	    "splashDamage":18,
          //  "makeFire": true,
            "lifetime": 25,
            "backColor": "FF8C00",
            "frontColor": "FFB90F",
            "width": 7,
            "height": 10,
            "ammoMultiplier": 4,
            "shootEffect": "shootBig"
        },
        "lead": {
        	"pierce":true,
			//是否穿透
			"pierceCap":3,
        "reloadMultiplier":1.3,//攻击速率
            "speed": 8,
            "damage": 14,
            "fragBullets": 3,
            "fragBullet": {
                "speed": 3,
                "damage": 11,
                "lifetime": 15
            },
            "lifetime": 25,
            "width": 7,
            "height": 10,
            "ammoMultiplier": 4,
            "shootEffect": "shootBig"
        },
        "graphite": {
        	"pierce":true,
			//是否穿透
			"pierceCap":3,
        "reloadMultiplier":0.6,//攻击速率
            "speed": 8,
            "damage": 24,
            "lifetime": 25,
            "width": 7,
            "height": 10,
            "relodMultiplier": 0.5,
            "ammoMultiplier": 4,
            "shootEffect": "shootBig"
        },
        "silicon": {
        	"pierce":true,
			//是否穿透
			"pierceCap":3,
            "speed": 8,
            "damage": 19,
            "reloadMultiplier": 1.5,
            "lifetime": 25,
            "width": 7,
            "height": 10,
            "shootEffect": "shootBig",
            "homingRange": 16,
            "homingPower": 0.1,
            "relodMultiplier": 0.5,
            "ammoMultiplier": 4
        },
        "thorium": {//钍
        	"pierce":true,
			//是否穿透
			"pierceCap":3,
            "speed": 8,
            "damage": 30,
            "lifetime": 25,
            "width": 7,
            "height": 10,
            "shootEffect": "shootBig",
            "ammoMultiplier": 4
        }
    },
    "requirements": [
        {"item": "基础合金","amount": 50},
        {"item": "青铜","amount": 50},
        {"item": "copper","amount": 150},
    ],
    "alwaysReplace": false,
    "category": "turret",
    "research": "aaa1微型机炮"
}