{
"type":"ItemTurret",
	"name":"三管浪涌",
    "description":"攻速肥肠的快啊（赞赏），但是误差增加力",
	"size":3,//物品面积
	"health":1170,//建筑血量
	"ammoPerShot":1,
	"range":290,//攻击范围
	"reload":20,//攻击速度
	"inaccuracy":18,//误差
	                  "ammoPerShot":1,
	                  "ammoUseEffect": "casing2",
	"rotatespeed":1.2,//旋转速度
	"maxAmmo":20,//最大弹药
	"targetAir":true//攻击天空
	"targetGround":true,//攻击地面
	"coolantMultiplier":2,
	"shootSound":"artillery",
	"velocityRnd":0.3,//子弹随机减速
	"heatColor":"#FF0000",
	    "shoot": {
        "shots": 4,//每发出子弹数
        "shotDelay": 0,
        "type": "ShootBarrel",
        "barrels": [
        -6,0,0,
        -6,0,0,
        -6,0,0,
        -6,0,0,
        0,0,0,
        0,0,0,
        0,0,0,
        0,0,0,
        6,0,0,
        6,0,0,
        6,0,0,
        6,0,0,
        ]
    },
    "consumes": {
        "coolant": {
            "amount": 0.3,
            "optional": true
        }
    },
	"ammoTypes":{
	"graphite":{//石墨
	"reloadMultiplier":1,//攻击速率
"type":"BasicBulletType",//基础子弹
"width":15,//子弹宽
"height":15,//子弹长
"lifetime":80,//存在时间，帧
"speed":3.625,//初速度
"ammoMultiplier":3,
"splashDamageRadius":18.4,
"splashDamage":33,
}
	"silicon":{//硅
"type":"BasicBulletType",//基础子弹
"width":15,//子弹宽
"height":15,//子弹长
"lifetime":80,//存在时间，帧
"speed":3.625,//初速度
"ammoMultiplier":4,
"splashDamageRadius":48,
"splashDamage":45,
"homingRange":50,
"homingPower":0.02
}
	"plastanium":{//塑钢
"type":"BasicBulletType",//基础子弹
"width":15,//子弹宽
"height":15,//子弹长
"lifetime":80,//存在时间，帧
"speed":3.625,//初速度
"ammoMultiplier":3,
"splashDamageRadius":25.6,
"splashDamage":45,
"fragBullets":10,
"fragBullet":{
"damage":10,
"width":7,
"height":2,
"lifetime":10,
}
}
	"blast-compound":{//爆炸混合物
"type":"BasicBulletType",//基础子弹
"width":15,//子弹宽
"height":15,//子弹长
"lifetime":80,//存在时间，帧
"speed":3.625,//初速度
"ammoMultiplier":5,
"splashDamageRadius":33.6,
"splashDamage":55,
"status":"blasted",
"despawnEffect":"flakExplosionBig",
	    "hitEffect":"flakExplosionBig",
	"smokeEffect":"shootBigSmoke"
}
"pyratite":{//硫化物
"type":"BasicBulletType",//基础子弹
"width":15,//子弹宽
"height":15,//子弹长
"lifetime":80,//存在时间，帧
"speed":3.625,//初速度
"ammoMultiplier":5,
"splashDamageRadius":17.8,
"splashDamage":45,
"status": "burning",
"statusDuration": 60,
}
	},
	"requirements": [
		{ "item": "copper", "amount":150 },
		{ "item": "graphite", "amount":135 },
		{ "item": "titanium", "amount":60 },
		{ "item": "plastanium", "amount":60 },
	],
	"category": "turret",
	"research":"ripple"
	"alwaysUnlocked":false,
}