{
"type":"PowerTurret",
"name":"修复炮",
"description":"专门打队友的修复机",
"health":400,
"size":2,
"category":"turret",
"research":"arc",
"targetHealing":true,
"range":240,
"reload":10,
"targetAir":false,
"targetGround":false,
"hasPower":true,
"shootSound":"激光音效",

"consumes":{"power":8,
//"coolant":{"amount":0.3,"optional":true}
}
//"coolantMultiplier":5,

"requirements":[
{"item":"graphite","amount":120},
{"item":"亚铜","amount":100},
{"item":"青铜","amount":50},   ],
"shootType":{
"type":"ArtilleryBulletType",
"ammoMultiplier":1,
"frontColor":"98ffa9",
"backColor":"98ffa9",
"trailColor":"98ffa9",
//"despawnEffect":"greenBomb",
"hitSound":"none",
"width":15,
"height":15,
"shrinkY":0,
"collidesTeam":true,
"collidesAir":false,
"collidesGround":false,
"collideFloor":false,
"collides":false,
"collideTerrain":false,
"absorbable":false,//受力墙影响
"hittable":false,//被分解
"reflectable":false,//被反弹
"lifetime":60,
"speed":4,
"damage":0,
"healAmount":10,
"healPercent":0.5,
"splashDamageRadius":16,
"splashDamage":0.1,
"spin":2,}
}