{
    "type": "PowerTurret",
    "name": "冰霜",
    "description": "中距离控制型炮塔",
    "targetAir": true,
    "targetGround": true,
    "health": 500,
    "size": 2,
    "heatColor": "turretHeat",
    "shootSound": "laser",
    "shake": 0.2,
    "inaccuracy": 3,
    "recoil": 2,
    "shoot": {
        "type": "ShootAlternate",
                "shots": 2,
        "shotDelay": 5
        "barrels": 2,
        "spread": 4
    },
    "recoilTime": 10,
    "shootType": {
        "type": "BasicBulletType",
        "damage": 8,
        "frontColor": "87CEEB",
        "backColor": "87CEEB",
        "width": 4,
        "height": 8,       
        "trailLength": 2,
        "trailWidth": 1.3,
        "trailColor": "87CEEB",
        "pierce": true,
        "status": "冰冻",
        "statusDuration": 180,
        "speed": 30,
        "lifetime": 15,
        "ammoMultiplier": 1,
        "hitEffect": {
            "type": "WaveEffect",
            "lifetime": 8,
            "sizeFrom": 0,
            "sizeTo": 8,
            "strokeFrom": 1,
            "strokeTo": 0,
            "colorFrom": "FFFFFF",
            "colorTo": "87CEEB"
        },
        "despawnEffect": {
            "type": "WaveEffect",
            "lifetime": 8,
            "sizeFrom": 0,
            "sizeTo": 8,
            "strokeFrom": 1,
            "strokeTo": 0,
            "colorFrom": "FFFFFF",
            "colorTo": "87CEEB"
        }
    },
    "shootEffect": {
        "type": "WaveEffect",
        "lifetime": 8,
        "sizeFrom": 0,
        "sizeTo": 8,
        "strokeFrom": 1,
        "strokeTo": 0,
        "colorFrom": "FFFFFF",
        "colorTo": "87CEEB"
    },
    "consumes": {
        "power": 8,
        "coolant": {
            "amount": 0.2,
            "optional": true
        }
    },
    "reload": 8,
    "rotateSpeed": 13,
    "range": 448,
    "category": "turret",
    "research": "i-进阶",
    "requirements": [
        {
            "item": "copper",
            "amount": 90
        },
        {
            "item": "基础合金",
            "amount": 100
        },
        {
            "item": "silicon",
            "amount": 90
        }
    ]
}