{
	"type":"ItemTurret",
	"name":"喷沙炮",
    "description":"沙子做弹药，让敌人体会极致的刮痧之旅",
	"size":1,//物品面积
	"health":300,//建筑血量
	"ammoPerShot":1,
	"range":60,//攻击范围
	"reload":4.5,//60：0.1每秒一个
		"recoil":0,//后坐力,
	"inaccuracy":0,//误差
	                  "ammoPerShot":1,
	                      "consumes": {
        "coolant": {
            "amount": 0.1,
            "optional": true
        }
    },
	"rotateSpeed":2,//旋转速度
	"maxAmmo":30,//最大弹药
	"targetAir":false//攻击天空
	"targetGround":true,//攻击地面
	"coolantMultiplier":2,
	

	
	"heatColor":"#FF0000",
			"shootSound":"flame",
	"ammoTypes":{
	
					"sand": {
						"type":"BulletType",
		    "reloadMultiplier":1,
			"speed": 50,
			"lifetime":15,

			            "pierce": true,
			                        "hittable": false,
            "keepVelocity": false,
					"ammoMultiplier":3,
			"shootEffect": "shootBig" 	
						"damage": 10,
			            "shootEffect": {
                "type": "MultiEffect",
                "effects": [
                    {
                        "type": "ParticleEffect",
                        "particles": 60,
                        "sizeTo": 0,
                        "sizeFrom": 3,
                        "colorTo": "fff0db",
                        "colorFrom": "fff0db",
                        
                        "cone": 5,
                        
                    "length": 60,
                    
                        "lifetime": 30,
                        "layer": 101,
                        "interp": "circleOut",
                        "sizeInterp": "pow2In"
                    },
                    
                                     {
                        "type": "ParticleEffect",
                        "particles": 18,
                        "sizeTo": 1,
                        "sizeFrom": 3,
                        
                        "colorTo": "454545ff",
                        
                        "colorFrom": "db661c",
                       
                       
                        "cone": 15,
                        "length": 80,
                        "lifetime": 30,
                        "layer": 100,
                        "interp": "circleOut",
                    }   
                    
                    
                ]
            },
			
		            "despawnEffect": "none",
            "hitEffect": "hitFlameSmall"
				    	},			    	
	},
	"requirements": [
		{ "item": "copper", "amount":60 },
		{ "item": "青铜", "amount":80 },
	],
	"category": "turret",
	"research":"duo"
}