{
    "type": "ItemTurret",
    "name": "山穷",
    "description": "高速攻击",
    "shootSound": "shotgun",
    "health":1050,
    //血量
    "reload":30,
    //攻击间隔（越小越快）
    "size": 3,
    //尺寸
    "shootCone": 80,
    "recoil": 3,
    "maxAmmo":30
    "rotateSpeed": 60,
    //炮台转动速度
    "ammoPerShot": 1,
    //弹药/发
    "heatColor": "turretHeat",
    "range": 300,
    "consumes": {
    "power":12.5,}
    "ammoTypes": {
        "thorium": {
            "type": "ShrapnelBulletType",
            "damage": 80,
            "length": 400,
            "reloadMultiplier":1.5,
            "fromColor": "B766AD",
            "ammoMultiplier":3,
        },
        "磁钛": {
            "type": "LaserBulletType",
            "status":"melting",
            "damage":120,
            "length":400,
            "width":35,
            "hitSize":14
            "reloadMultiplier": 1.5,
            "ammoMultiplier": 2,
            "lightColor":"FF3333",
            "colors":["71619AFF","51339BFF","2E098EFF"],
            "knockback":0.7
        },
        "titanium": {
            "type": "ShrapnelBulletType",
            "status":"freezing",
            "damage": 75,
            "length": 280,
            "reloadMultiplier":2,
            "ammoMultiplier":3,
            "fromColor": "9DB2FAFF",
        },
        "phase-fabric": {
            "type": "LaserBulletType",
            "damage": 250,
            "length": 280,
            "width":30,
            "hitSize":12
            "reloadMultiplier": 0.8,
            "ammoMultiplier": 3,
            "lightColor": "FFD197FF",
            "colors":["F08D7BFF","FFD197FF","FFF2D2FF"]
        },
        "surge-alloy": {
            "type": "ShrapnelBulletType",
            "status":"shocked",
            "damage": 220,
            "length": 480,
            "reloadMultiplier": 1.2,
            "ammoMultiplier": 2,
            "fromColor": "EEC900",
            "knockback": 0.4
        }
    },
    "requirements": [
        "磁钛/700",
        "titanium/750",
        "lead/1000",
        "plastanium/300",
        "thorium/500",
        "surge-alloy/400",
        { "item": "copper", "amount": 750 },
        { "item": "钴蓝合金", "amount": 550 },
    ],
    "category": "turret",
    "research": "fuse"
}