{
    "type": "ItemTurret",
    "name": "巨力",
    "description": "有很强的击退啊，肥肠奈斯",
    "targetAir": true,
    "targetGround": true,
    "health": 450,
    "size": 2,
    "ammoPerShot":4,//每次攻击消耗弹药数
    "inaccuracy":5,//误差
    "heatColor": "turretHeat",
    "shake": 0.2,
    "inaccuracy": 3,
    "recoil": 2,
        "reload": 30,
    "rotateSpeed": 8,
    "range": 240,
    "category": "turret",
    "research": "临时炮塔",
    "restitution": 0.1,
    "shootSound": "shootAlt",//发射音效
    "shoot": {
        "shots": 4,//每发出子弹数
        "shotDelay": 4,
        "type": "ShootBarrel",
        "barrels": [
        2,2,0,
        -2,2,0,
        ]
    },
    "consumes": {
        "coolant": {
            "amount": 0.1,
            "optional": true
        }
    },
    "ammoTypes": {
    "copper":{
"type":"BasicBulletType",//基础子弹
"absorbable":true,//受力墙影响
"knockback":4,//击退
"hittable":true,//被分解
"reflectable":true,//被反弹
"lifetime":80,//存在时间，帧
"speed":3,
"damage":12,//伤害
"shrinkX":0,"shrinkY":0,
"height":12,"width":12,
"hitSize":12,//子弹碰撞箱大小
"backColor":"FFBF65FF",
//子弹边缘颜色
"frontColor":"FFE8C7FF",
//子弹中心颜色
"trailLength": 7,//尾迹长
"trailWidth": 5,//尾迹宽
"trailColor":"FFBF65FF",//尾迹颜色
"trailRotation":true,//尾迹拥有方向
"trailEffect":"disperseTrail",
"trailInterval" :10,//尾迹特效间隔
    },
    "lead":{
"type":"BasicBulletType",//基础子弹
"absorbable":true,//受力墙影响
"knockback":3,//击退
"hittable":true,//被分解
"reflectable":true,//被反弹
"lifetime":80,//存在时间，帧
"speed":3,
"damage":13,//伤害
"shrinkX":0,"shrinkY":0,
"height":12,"width":12,
"hitSize":12,//子弹碰撞箱大小
"backColor":"BB67FFFF",
//子弹边缘颜色
"frontColor":"DBAEFFFF",
//子弹中心颜色
"trailLength": 7,//尾迹长
"trailWidth": 5,//尾迹宽
"trailColor":"BB67FFFF",//尾迹颜色
"trailRotation":true,//尾迹拥有方向
"trailEffect":"disperseTrail",
"trailInterval" :10,//尾迹特效间隔
    },
    "青铜":{
"type":"BasicBulletType",//基础子弹
"absorbable":true,//受力墙影响
"knockback":4,//击退
"hittable":true,//被分解
"reflectable":true,//被反弹
"lifetime":80,//存在时间，帧
"speed":3,
"damage":15,//伤害
"shrinkX":0,"shrinkY":0,
"height":12,"width":12,
"hitSize":12,//子弹碰撞箱大小
"backColor":"59D7DCFF",
//子弹边缘颜色
"frontColor":"A0FCFFFF",
//子弹中心颜色
"trailLength": 7,//尾迹长
"trailWidth": 5,//尾迹宽
"trailColor":"A0FCFFFF",//尾迹颜色
"trailRotation":true,//尾迹拥有方向
"trailEffect":"disperseTrail",
"trailInterval" :10,//尾迹特效间隔
    },
    "基础合金":{
"type":"BasicBulletType",//基础子弹
"absorbable":true,//受力墙影响
"knockback":5,//击退
"hittable":true,//被分解
"reflectable":true,//被反弹
"lifetime":80,//存在时间，帧
"speed":3,
"damage":18,//伤害
"shrinkX":0,"shrinkY":0,
"height":12,"width":12,
"hitSize":12,//子弹碰撞箱大小
"backColor":"63CCFFFF",
//子弹边缘颜色
"frontColor":"AFE4FFFF",
//子弹中心颜色
"trailLength": 7,//尾迹长
"trailWidth": 5,//尾迹宽
"trailColor":"AFE4FFFF",//尾迹颜色
"trailRotation":true,//尾迹拥有方向
"trailEffect":"disperseTrail",
"trailInterval" :10,//尾迹特效间隔
    },
    "graphite":{
    "reloadMultiplier":0.7,
"type":"BasicBulletType",//基础子弹
"absorbable":true,//受力墙影响
"knockback":6,//击退
"hittable":true,//被分解
"reflectable":true,//被反弹
"lifetime":80,//存在时间，帧
"speed":3,
"damage":22,//伤害
"shrinkX":0,"shrinkY":0,
"height":12,"width":12,
"hitSize":12,//子弹碰撞箱大小
"backColor":"9EF0FFFF",
//子弹边缘颜色
"frontColor":"D9F9FFFF",
//子弹中心颜色
"trailLength": 7,//尾迹长
"trailWidth": 5,//尾迹宽
"trailColor":"D9F9FFFF",//尾迹颜色
"trailRotation":true,//尾迹拥有方向
"trailEffect":"disperseTrail",
"trailInterval" :10,//尾迹特效间隔
    },
    }
"requirements": [
		{ "item": "copper", "amount":30 },
		{ "item": "lead", "amount":30 },
		{ "item": "青铜", "amount":40 },
	],
	"category": "turret",
}