{
    "type": "ItemTurret",
    "name": "战车",
    "description": "精密B",
    "health": 1250,
    "size": 3,
    "reload": 35,
    "range": 200,
    "maxAmmo": 36,
    "recoilTime": 35,
    "recoil": 2,
    "consumes": {
        "coolant": {
            "amount": 0.1,
            "optional": true
        }
    },
    "shoot": {
        "shots": 7,
        "shotDelay": 5
    },
    "ammoPerShot": 7,
    "shootSound": "shotgun",
    "targetGround": true,
    "targetAir": true,
    "inaccuracy": 20,
    "shake": 3,
    "shootCone": 20,
    "rotateSpeed": 8,
    "ammoTypes": {
        "titanium": {
            "type": "ShrapnelBulletType",
            "reloadMultiplier": 1.2,
            "width": 20,
            "length": 210,
            "damage": 150,
            "ammoMultiplier": 2,
            "pierce": true
        },
        "thorium": {
            "type": "ShrapnelBulletType",
            "reloadMultiplier": 1,
            "rangeChange":10,
            "length": 220,
            "damage": 150,
            "width": 20,
            "fromColor": "FF69B4",
            "toColor": "FF69B4",
            "ammoMultiplier": 4,
            "pierce": true,
            "shootEffect": "thoriumShoot"
  
        }
    },
    "requirements": [
        {
            "item": "graphite",
            "amount": 150
        },
        {
            "item": "钢铁",
            "amount": 70
        },
        {
            "item": "致密型钢铁",
            "amount": 130
        }
    ],
    "category": "turret",
    "research": "fuse"
}