{
    "type": "LaserTurret",
    "name": "梦想与希望 最终幻想 艾斯利尔 逐梦",
    "description": "让我赢一次吧",
    "details":"让我赢一次吧",
    "health": 2050,
    //血量
    "reload":240,
    //攻击间隔（60:1秒）
    "size": 4,
    //尺寸
    "shootSound":"GB",
    //音效
    "shootCone": 200,
    //锥形（数值越大激光越尖）
    "recoil": 5,
    //基础后坐力？
    "rotateSpeed":10,
    //炮台转动速度
    "shootDuration":130,
    //射击持续时间
    "heatColor": "880000",
    //射击时过热的颜色(可以用十六进制颜色代替)
    "range": 360,
    //射程(半径)(单位为8/格)
    "shootType": {
        "type": "ContinuousLaserBulletType",
        //持续的激光
        "status":"burning",
        "statusDuration":180,
        //状态持续时间
        "damage": 230,
        "length": 410,
        "drawSize":250,
        "width":13,
        //宽度
        "colors":["C3E334FF","C3E334FF","DAFF3AFF","DAFF3AFF"]
        //激光颜色(由外侧到内侧)
        "reloadMultiplier": 0.9,
        "ammoMultiplier": 2,
        "lightningColor":"DAFF3AFF",
        //闪电颜色
        "lightning": 3,
        //射击命中时生成闪电数量
        "lightningLength": 3,
        //射击命中时生成闪电的长度
        "lightningDamage":120,
        //闪电伤害
        "knockback": 2
        }
    "consumes":{
    	"power":105,
"coolant": {
            "amount": 1,
            "optional": true
        }
}
    "requirements": [
        "钴蓝合金/1350",
        "titanium/1850",
        "lead/2000",
        "surge-alloy/750",
        "plastanium/900",
        "phase-fabric/800"
         "乌兹钢/750"
         "磁钛/750"
         "graphite/1500"
    ],
    "category": "turret",
    "research": "强化熔毁"
}