{
	"type":"ItemTurret",
	"name":"沼泽",
    "description":"你是一个一个一个哼哼哼啊啊啊",
	"size":3,//物品面积
	"health":1919,//建筑血量
	"ammoPerShot":1,
	"range":240,//攻击范围
	"reload":116.7315175,//60：0.1每秒一个
		"recoil":0,//后坐力,
	"inaccuracy":0,//误差
	"ammoPerShot":114,
	"rotateSpeed":2,//旋转速度
	"maxAmmo":200,//最大弹药
	"targetAir":false//攻击天空
	"targetGround":true,//攻击地面
	"coolantMultiplier":5,
	"heatColor":"#114514",
			"shootSound":"目力先辈 哼",
	"ammoTypes":{
	"亚铜":{
	"type":"BasicBulletType",//基础子弹
	"sprite":"合金进化-沼气炸弹",
	"spin":5,//子弹旋转速度
"absorbable":true,//受力墙影响
"hittable":true,//被分解
"reflectable":true,//被反弹
"lifetime":60,//存在时间，帧
"speed":4,
"damage":114,//伤害
"shrinkX":0,"shrinkY":0,
"height":8,"width":8,
"hitSize":8,//子弹碰撞箱大小
"homingRange":41.12,
"homingPower":0.038,
"splashDamageRadius":41.2
"splashDamage":514,
"hitEffect": {
    "type": "MultiEffect",
    "effects": [
    {
    "type": "ParticleEffect",
    "particles": 1,
    "sizeFrom": 0,
    "sizeTo": 41.2,
    "length": 0,
    "baseLength": 8,
    "lifetime": 30,
    "colorFrom": "66593FFF",
    "colorTo": "66593F00",
    "cone": 360
    },
    ]
    }
}    	
	},
	"requirements": [
		{ "item": "青铜", "amount":114 },
		{ "item": "亚铜", "amount":514 },
	],
	"category": "turret",
	"research":"duo"
}