{
    "type": "ItemTurret",
    "name": "浪毁",
    "description": "短时间内爆发出巨量子弹",
     "details": "如浪涌般袭来",
    "health":1000,
    "size": 6,
    "reload": 360,
    "range": 400,
    "maxAmmo": 180,
    "heatColor": "DEFEFFFF",
    "cooldownTime": 120,
    "ammoPerShot": 90,
    "recoil": 6,
    "xRand": 0,
    "recoilTime": 180,
    "liquidCapacity": 180,
    "ammoUseEffect": "none",
    "canOverdrive": false,
    "shoot": {
        "shots": 100,
        "shotDelay": 0.75
    },
    "consumes": {
        "power": 50,
        "liquid": {
"liquid": "water",
"amount": 2.5
        }
    },
    "shootSound": "cannon",
    "inaccuracy": 0.5,
    "shootCone": 6,
    "shake": 5,
    "rotateSpeed": 0.65,
    "velocityRnd": "0.05",
    "ammoTypes": {

	    "copper":{
"hitSound":"plasmaboom",
"buildingDamageMultiplier":0.3,
"smokeEffect": "smokeCloud",
"trailLength": 3,
"trailWidth": 4,
"trailColor": "DCA965FF",
"hitShake": 4,
"pierce": true,
"pierceCap": 2,
"reloadMultiplier":1.3,	
"ammoMultiplier":2,
"frontColor":"DCA965FF",
"backColor":"DCA965FF",
"pierceBuilding":true,
"damage":40,
"splashDamageRadius":24,
"splashDamage":15,
"speed": 15,
"lifetime":30,
"width": 10,
"height":24,
"despawnEffect":"instBomb",
"shootEffect": {
"type": "ParticleEffect",
"particles": 8,
"line": true,
"strokeFrom": 3,
"strokeTo": 0,
"lenFrom": 12,
"lenTo": 0,
"length": 35,
"baseLength": 3,
"lifetime": 15,
"colorFrom": "DCA965FF",
"colorTo": "ffffff",
"cone": 60},
"hitEffect":{
"type": "MultiEffect",
"effects": [
    {
        "type": "ParticleEffect",
        "particles": 8,
        "sizeFrom": 8,
        "sizeTo": 0,
        "length": 55,
        "baseLength": 33,
        "lifetime": 30,
        "colorFrom": "DCA965FF",
        "colorTo": "F0AB50FF",
        "cone": 360
    },
    {
        "type": "ParticleEffect",
        "particles": 16,
        "line": true,
        "sizeFrom": 4,
        "sizeTo": 0,
        "length": 73,
        "baseLength": 13,
        "lifetime": 22,
        "colorFrom": "DCA965FF",
        "colorTo": "DCA965FF",
        "cone": 360
    },
    {
        "type": "WaveEffect",
        "lifetime": 15,
        "sizeFrom": 1,
        "sizeTo": 90,
        "strokeFrom": 6,
        "strokeTo": 0,
        "colorFrom": "F0AB50FF",
        "colorTo": "ffffff"
    }
]
}

	},
		    "亚铜":{
"hitSound":"plasmaboom",
"buildingDamageMultiplier":0.3,
"smokeEffect": "smokeCloud",
"trailLength": 3,
"trailWidth": 4,
"trailColor": "A76A00FF",
"hitShake": 4,
"pierce": true,
"pierceCap": 2,
"reloadMultiplier":1.1,	
"ammoMultiplier":2,
"frontColor":"A76A00FF",
"backColor":"A76A00FF",
"pierceBuilding":true,
"damage":55,
"splashDamageRadius":24,
"splashDamage":20,
"speed": 15,
"lifetime":30,
"width": 10,
"height":24,
"despawnEffect":"instBomb",
"shootEffect": {
"type": "ParticleEffect",
"particles": 8,
"line": true,
"strokeFrom": 3,
"strokeTo": 0,
"lenFrom": 12,
"lenTo": 0,
"length": 35,
"baseLength": 3,
"lifetime": 15,
"colorFrom": "A76A00FF",
"colorTo": "ffffff",
"cone": 60},
"hitEffect":{
"type": "MultiEffect",
"effects": [
    {
        "type": "ParticleEffect",
        "particles": 8,
        "sizeFrom": 8,
        "sizeTo": 0,
        "length": 55,
        "baseLength": 33,
        "lifetime": 30,
        "colorFrom": "A76A00FF",
        "colorTo": "A98953FF",
        "cone": 360
    },
    {
        "type": "ParticleEffect",
        "particles": 16,
        "line": true,
        "sizeFrom": 4,
        "sizeTo": 0,
        "length": 73,
        "baseLength": 13,
        "lifetime": 22,
        "colorFrom": "A76A00FF",
        "colorTo": "A76A00FF",
        "cone": 360
    },
    {
        "type": "WaveEffect",
        "lifetime": 15,
        "sizeFrom": 1,
        "sizeTo": 90,
        "strokeFrom": 6,
        "strokeTo": 0,
        "colorFrom": "A76A00FF",
        "colorTo": "ffffff"
    }
]
}

	},
		    "磁钛":{
"hitSound":"plasmaboom",
"buildingDamageMultiplier":0.3,
"smokeEffect": "smokeCloud",
"trailLength": 3,
"trailWidth": 4,
"trailColor": "4423FFFF",
"hitShake": 4,
"pierce": true,
"pierceCap": 2,
"reloadMultiplier":1.1,	
"ammoMultiplier":2,
"frontColor":"4423FFFF",
"backColor":"4423FFFF",
"pierceBuilding":true,
"damage":115,
"splashDamageRadius":24,
"splashDamage":15,
"speed": 15,
"lifetime":30,
"width": 10,
"height":24,
"despawnEffect":"instBomb",
"shootEffect": {
"type": "ParticleEffect",
"particles": 8,
"line": true,
"strokeFrom": 3,
"strokeTo": 0,
"lenFrom": 12,
"lenTo": 0,
"length": 35,
"baseLength": 3,
"lifetime": 15,
"colorFrom": "4423FFFF",
"colorTo": "ffffff",
"cone": 60},
"hitEffect":{
"type": "MultiEffect",
"effects": [
    {
        "type": "ParticleEffect",
        "particles": 8,
        "sizeFrom": 8,
        "sizeTo": 0,
        "length": 55,
        "baseLength": 33,
        "lifetime": 30,
        "colorFrom": "4423FFFF",
        "colorTo": "5341B7FF",
        "cone": 360
    },
    {
        "type": "ParticleEffect",
        "particles": 16,
        "line": true,
        "sizeFrom": 4,
        "sizeTo": 0,
        "length": 73,
        "baseLength": 13,
        "lifetime": 22,
        "colorFrom": "4423FFFF",
        "colorTo": "4423FFFF",
        "cone": 360
    },
    {
        "type": "WaveEffect",
        "lifetime": 15,
        "sizeFrom": 1,
        "sizeTo": 90,
        "strokeFrom": 6,
        "strokeTo": 0,
        "colorFrom": "4423FFFF",
        "colorTo": "ffffff"
    }
]
}

	},
		    "青铜":{
"hitSound":"plasmaboom",
"buildingDamageMultiplier":0.3,
"smokeEffect": "smokeCloud",
"trailLength": 3,
"trailWidth": 4,
"trailColor": "13FFA5FF",
"hitShake": 4,
"pierce": true,
"pierceCap": 2,
"reloadMultiplier":1.1,	
"ammoMultiplier":2,
"frontColor":"13FFA5FF",
"backColor":"13FFA5FF",
"pierceBuilding":true,
"damage":45,
"splashDamageRadius":24,
"splashDamage":15,
"speed": 15,
"lifetime":30,
"width": 10,
"height":24,
"despawnEffect":"instBomb",
"shootEffect": {
"type": "ParticleEffect",
"particles": 8,
"line": true,
"strokeFrom": 3,
"strokeTo": 0,
"lenFrom": 12,
"lenTo": 0,
"length": 35,
"baseLength": 3,
"lifetime": 15,
"colorFrom": "13FFA5FF",
"colorTo": "ffffff",
"cone": 60},
"hitEffect":{
"type": "MultiEffect",
"effects": [
    {
        "type": "ParticleEffect",
        "particles": 8,
        "sizeFrom": 8,
        "sizeTo": 0,
        "length": 55,
        "baseLength": 33,
        "lifetime": 30,
        "colorFrom": "13FFA5FF",
        "colorTo": "5EC69EFF",
        "cone": 360
    },
    {
        "type": "ParticleEffect",
        "particles": 16,
        "line": true,
        "sizeFrom": 4,
        "sizeTo": 0,
        "length": 73,
        "baseLength": 13,
        "lifetime": 22,
        "colorFrom": "13FFA5FF",
        "colorTo": "5EC69EFF",
        "cone": 360
    },
    {
        "type": "WaveEffect",
        "lifetime": 15,
        "sizeFrom": 1,
        "sizeTo": 90,
        "strokeFrom": 6,
        "strokeTo": 0,
        "colorFrom": "5EC69EFF",
        "colorTo": "ffffff"
    }
]
}

	},
		    "graphite":{
"hitSound":"plasmaboom",
"buildingDamageMultiplier":0.3,
"smokeEffect": "smokeCloud",
"trailLength": 3,
"trailWidth": 4,
"trailColor": "95ABD9FF",
"hitShake": 4,
"pierce": true,
"pierceCap": 2,
"reloadMultiplier":0.5,	
"ammoMultiplier":2,
"frontColor":"95ABD9FF",
"backColor":"95ABD9FF",
"pierceBuilding":true,
"damage":80,
"splashDamageRadius":24,
"splashDamage":15,
"speed": 15,
"lifetime":30,
"width": 10,
"height":24,
"despawnEffect":"instBomb",
"shootEffect": {
"type": "ParticleEffect",
"particles": 8,
"line": true,
"strokeFrom": 3,
"strokeTo": 0,
"lenFrom": 12,
"lenTo": 0,
"length": 35,
"baseLength": 3,
"lifetime": 15,
"colorFrom": "95ABD9FF",
"colorTo": "ffffff",
"cone": 60},
"hitEffect":{
"type": "MultiEffect",
"effects": [
    {
        "type": "ParticleEffect",
        "particles": 8,
        "sizeFrom": 8,
        "sizeTo": 0,
        "length": 55,
        "baseLength": 33,
        "lifetime": 30,
        "colorFrom": "95ABD9FF",
        "colorTo": "626F9BFF",
        "cone": 360
    },
    {
        "type": "ParticleEffect",
        "particles": 16,
        "line": true,
        "sizeFrom": 4,
        "sizeTo": 0,
        "length": 73,
        "baseLength": 13,
        "lifetime": 22,
        "colorFrom": "95ABD9FF",
        "colorTo": "626F9BFF",
        "cone": 360
    },
    {
        "type": "WaveEffect",
        "lifetime": 15,
        "sizeFrom": 1,
        "sizeTo": 90,
        "strokeFrom": 6,
        "strokeTo": 0,
        "colorFrom": "626F9BFF",
        "colorTo": "ffffff"
    }
]
}

	},
    },
    "requirements": [
        {
"item": "copper",
"amount": 1500
        },
        "lead/1000"
        {
        "item": "青铜",
"amount": 2000
        }
        {
"item": "亚铜",
"amount": 1000
        },
        {
"item": "silicon",
"amount": 1000
        },
        {
"item": "titanium",
"amount": 1000
        },
        {
"item": "磁钛",
"amount": 1000
        },
                {
"item": "钴蓝合金",
"amount": 1000
        },
                {
"item": "graphite",
"amount": 1000
        },
                {
"item": "基础合金",
"amount": 2000
        },
    ],
    "category": "turret",
   "research": "繁华"
}