{
	"type": "PowerTurret",
	"name": "皊电",
	"description": "雷霆万钧，势不可挡",
	"shootSound": "shotgun",
	"health": 2400,
	"reloadTime": 30,
	"size": 3,
		"reload":60,
	"spread": 30,
//		"ammoUseEffect": "casing3Double",
		"recoil":2,//后坐力,
	"shootCone": 30,
	"recoilAmount": 5,
	"rotatespeed": 5,
	"heatColor": "44CCF4FF",
	"shots": 8,
	"range": 150,
	"consumes":{
	"power":19,
	"coolant": {
            "amount": 0.1,
            "optional": true
        }
	}
		"shoot": {
		"type": "ShootSpread",
		"shots": 8,
		"spread": 8
	},
"shootType": {
	       "type":"ShrapnelBulletType"
     "damage": 130
      "length":150
	 "reloadMultiplier":1
	// "fromColor":"CB8EBFFF"
                 "toColor": "00A8FDFF",
}
	"requirements": [
		"基础合金/400",
	    "致密型钢铁/400",
		"钴蓝合金/250",
		"thorium/350",
		"titanium/400",
		"graphite/480"
		"钢铁/300",
	],
	"category": "turret"
	"research": "fuse"
}
