{
	"type": "ItemTurret",//类型
	"category": "turret",//菜单栏
	"name": "繁华",//名字
	"description": "[red]繁花似锦，繁华落尽",//介绍
	"details":" "
	"research":"脉冲"//前置科技树
	"alwaysUnlocked":false,//科技树默认解锁
	"size": 4,//大小
	"health": 1560,//血量
	"rotateSpeed": 4,//转头速度
	"maxAmmo":48,//弹药容量
	"reload": 37.5,//装填速度
	"ammoPerShot":4,//单发消耗
	"ammoUseEffect": "none",//子弹抛壳特效
	"shootSound": "sap",//发射音效
	"hitEffect":"none"//击中特效
	"range": 320,//范围（除以8）
	"inaccuracy":0,//不准确度
	"shake":0,//屏幕震动
	"shoot":{
	"type":"ShootHelix"//螺旋弹
"scl":4//幅度
"mag":2//频率
"shots":2,
    "barrels": [-4,0,0,4,0,-0],//炮口位置（左右，前后，倾斜）
		},
	"drawer":{"type":"DrawMulti",
"drawers":[{"type":"DrawTurret",
"parts":[
{"type":"RegionPart",
"mirror":false,//是否镜像显示
"x":0,"y":0,//起始位置
"suffix":"-左","layer":60,"moveX":-6,"moveY":-4,
"moveRot":0,//移动圈数
}
{"type":"RegionPart",
"mirror":false,//是否镜像显示
"x":0,"y":0,//起始位置
"suffix":"-右","layer":60,"moveX":6,"moveY":-4,
"moveRot":-0,//移动圈数
}
]}]}
	"consumes": {//消耗
	"coolant":{"amount":0.1,"optional":true}	}//加速液体
	"ammoTypes": {
		"copper": {//铜
			"sprite":"bullet",//子弹贴图
			"spin": 0,//子弹旋转速度
			"shrinkY": 0,"shrinkX": 0,//子弹变形程度
			"damage": 20,
			"speed": 4,
			"lifetime":80,
			"backColor":"dea32c",
			//子弹边缘颜色
			"frontColor":"ffce7b",
			//子弹中心颜色
			"pierce":true,
			"pierceCap":5,
			"pierceBuilding":true,//穿透建筑
			"width":16,	"height":9,//宽长度
			"trailLength": 12,//尾迹长
            "trailWidth": 4,//尾迹宽
            "trailColor":"ffce7b",//尾迹颜色
            "bulletInterval":2,//分裂间隔
                "intervalRandomSpread":0,//随机角度
                "intervalBullets":1,//分裂子弹数
                "intervalAngle":0,//分裂起始角度
                "intervalSpread":6,//分裂角度（建立在起始角度基础之上，所有分裂子弹的角度总和）
                "fragVelocityMin":3,
                "fragVelocityMax":3,
        "intervalBullet":{//分裂出的子弹
              "damage":3,
"type":"BasicBulletType",
"speed":3,"lifetime":24,
 "hitSound":"none",
           "trailLength":6,
	      "trailWidth":2,
          "trailColor":"D69862FF",
           "backColor":"D69862FF",
          "frontColor":"F2E770FF"
 },
			"ammoMultiplier":2,
			"shootEffect": "shootBig2"},
		"graphite": {//石墨
			"sprite":"bullet",//子弹贴图
			"spin": 0,//子弹旋转速度
			"shrinkY": 0,"shrinkX": 0,//子弹变形程度
			"damage": 35,
			"speed": 4,
			"lifetime":80,
			"backColor":"90d7ec",
			//子弹边缘颜色
			"frontColor":"33a3dc",
			//子弹中心颜色
			"pierce":true,
			"pierceCap":5,
			"pierceBuilding":true,//穿透建筑
			"width":16,	"height":9,//宽长度
			"trailLength": 12,//尾迹长
            "trailWidth": 4,//尾迹宽
            "trailColor":"afdfe4",//尾迹颜色
        "status":"freezing",
        "statusDuration":120,
            "bulletInterval":3,
                "intervalRandomSpread":0,
                "intervalBullets":2,
                "intervalAngle":0,
                "intervalSpread":45,
                "fragVelocityMin":3,
                "fragVelocityMax":3,
        "intervalBullet":{
              "damage":4,
"type":"BasicBulletType",
"speed":3,"lifetime":24,
 "hitSound":"none",
 "status":"freezing",
 "statusDuration":120,
          "trailLength":6,
	      "trailWidth":2,
          "trailColor":"afdfe4",
           "backColor":"afdfe4",
          "frontColor":"76becc"
 },
			"ammoMultiplier":4,
			"shootEffect": "shootBig"},
		"thorium": {//钍
			"sprite":"bullet",//子弹贴图
			"spin": 0,//子弹旋转速度
			"shrinkY": 0,"shrinkX": 0,//子弹变形程度
			"damage": 36,
			"speed": 4,
			"lifetime":80,
			"pierce":true,
			"pierceCap":5,
			"pierceBuilding":true,//穿透建筑
			"backColor":"feeeed",
			//子弹边缘颜色
			"frontColor":"f7acbc",
			//子弹中心颜色
			"width":16,	"height":9,//宽长度
			"trailLength": 12,//尾迹长
            "trailWidth": 4,//尾迹宽
            "trailColor":"f7acbc",//尾迹颜色

                "intervalRandomSpread":0,//随机角度
                "intervalBullets":7,//分裂子弹数
                "intervalAngle":36,//分裂起始角度
                "intervalSpread":72,//分裂角度（建立在起始角度基础之上，所有分裂子弹的角度总和）
                "fragVelocityMin":3,
                "fragVelocityMax":3,
        "intervalBullet":{
              "damage":5,
"type":"BasicBulletType",
"speed":1,"lifetime":48,
"drag":0.05,//子弹每帧减速。
 "hitSound":"none",
 "status":"sapped",
        "statusDuration":480,
           "trailLength":6,
	      "trailWidth":1.6,
          "trailColor":"feeeed",
           "backColor":"feeeed",
          "frontColor":"f7acbc"
 },
			"ammoMultiplier":2,
			"reloadMultiplier": 0.6,
			"shootEffect": "shootBig"},
					"赤焰合金": {
			"sprite":"bullet",//子弹贴图
			"spin": 0,//子弹旋转速度
			"shrinkY": 0,"shrinkX": 0,//子弹变形程度
			"damage": 95,
			"backColor":"DC3333FF",
			//子弹边缘颜色
			"frontColor":"FF4848FF",
			//子弹中心颜色
			"speed": 4,
			"lifetime":80,
			"pierce":true,
			"pierceCap":5,
			"pierceBuilding":true,//穿透建筑
			"width":16,	"height":9,//宽长度
			"trailLength": 12,//尾迹长
            "trailWidth": 4,//尾迹宽
            "trailColor":"a3cf62",//尾迹颜色
            "bulletInterval":1,//分裂间隔
                "intervalRandomSpread":3,//随机角度
                "intervalBullets":3,//分裂子弹数
                "intervalAngle":0,//分裂起始角度
                "intervalSpread":0,//分裂角度（建立在起始角度基础之上，所有分裂子弹的角度总和）
                "fragVelocityMin":3,
                "fragVelocityMax":3,
        "intervalBullet":{
              "damage":16,
"type":"BasicBulletType",
"speed":4,"lifetime":40,
 "hitSound":"none",
 "status":"burning",
        "statusDuration":120,
           "trailLength":6,
	      "trailWidth":2,
          "trailColor":"FF7F7FFF",
           "backColor":"FF7F7FFF",
          "frontColor":"FF7F7FFF"
 },
			"ammoMultiplier":6,
			"reloadMultiplier": 0.6,
			"shootEffect": "shootBig"}
		"surge-alloy": {//合金
			"sprite":"bullet",//子弹贴图
			"spin": 0,//子弹旋转速度
			"shrinkY": 0,"shrinkX": 0,//子弹变形程度
			"damage": 55,
			"speed": 4,
			"lifetime":80,
			"pierce":true,
			"pierceCap":5,
			"pierceBuilding":true,//穿透建筑
			"backColor":"ffe600",
			//子弹边缘颜色
			"frontColor":"ffd400",
			//子弹中心颜色
			"width":16,	"height":9,//宽长
			"trailLength": 12,//尾迹长
            "trailWidth": 4,//尾迹宽
            "trailColor":"fcf16e",//尾迹颜色
        "status":"shocked",
            "bulletInterval":4,//分裂间隔
                "intervalRandomSpread":0,//随机角度
                "intervalBullets":1,//分裂子弹数
                "intervalAngle":0,//分裂起始角度
                "intervalSpread":0,//分裂角度（建立在起始角度基础之上，所有分裂子弹的角度总和）
                "fragVelocityMin":3,
                "fragVelocityMax":3,
        "intervalBullet":{
              "damage":11,
"type" : "LaserBulletType",
                   "length" : 40,
                   "pierce":true,
			"pierceCap":5,
			"pierceBuilding":true,//穿透建筑
                    "damage" : 6,
                    "width" : 8,
                    "lifetime" : 8,
                    "colors": [
			"fcf16e",
			"ffe600",
			"ffd400"
		],
 "hitSound":"none",
          "trailColor":"D69862FF",
           "backColor":"D69862FF",
          "frontColor":"F2E770FF"
 },
			"ammoMultiplier":8,
			"shootEffect": "shootBig"},
			}
	"requirements": [
	{ "item":"copper","amount":320},
	{ "item":"graphite","amount":240},
	{"item":"钴蓝合金","amount":120},
	{ "item":"thorium","amount":105},	],
			}