{
	"type": "PowerTurret",
	"name": "终焉",
	"description": " ",
	"details":" ",
	"targetAir": true,
	"targetGround": true,
	"health": 3850,
	"size": 8, 
	"shootSound":"none",
	"shake":30,
	"inaccuracy": 0,
	"recoil": 7.5,
//	"xRand": 2,
//		"alternate":true,
	//多炮口射击
	"consumes":{
	"power":1145,}
	"shoot": {
    "type": "shootBarrel",
    },
	"restitution":0.1,
	    "shootType":{
    "hitShake": 30,
        "knockback":0,
//			"pierce":true,//是否穿透单位
			                    "backColor":"5236A6FF",
			//子弹边缘颜色
			"frontColor":"FFFFFFFF",
			//子弹中心颜色
			"spin": 2,//子弹旋转速度
			"shrinkY": 0,"shrinkX": 0,//子弹变形程度
			"damage": 6666
			"splashDamageRadius":80,
	"splashDamage":6666,
			"sprite":"合金进化-星",
			"speed": 0.5,
			"lifetime":1500,
			"hitEffect":[
			{
					"type": "ParticleEffect",
					"layer":70,
					"particles": 1,
					"sizeFrom": 30,
					"sizeTo": 80,
					"length": 0,
					"spin": 1.6,
					"interp": "swing",
					"lifetime": 90,
					"region": "合金进化-星",
					"colorFrom": "FFFFFFFF",
					"colorTo": "FFFFFF00"
				}
				{
					"type": "ParticleEffect",
					"layer":69,
					"particles": 4,
					"sizeFrom": 24,
					"sizeTo": 24,
					"length": 20,
					"spin": 3,
					"interp": "swing",
					"lifetime": 30,
					"region": "合金进化-星",
					"colorFrom": "FFFFFFFF",
					"colorTo": "FFFFFF00"
				}
				{
					"type": "ParticleEffect",
					"layer":69,
					"particles": 4,
					"sizeFrom": 24,
					"sizeTo": 24,
					"length": 32,
					"spin": 3,
					"interp": "swing",
					"lifetime": 30,
					"region": "合金进化-星",
					"colorFrom": "FFFFFFFF",
					"colorTo": "FFFFFF00"
				}
				]//击中特效
			"trailLength": 4,//尾迹长
            "trailWidth": 5,//尾迹宽
            "trailColor":"8361EBFF",//尾迹颜色
            "trailRotation":true,//尾迹拥有方向
//            "trailEffect":"disperseTrail",
//            "trailInterval" :2.5,//尾迹特效间隔
			"width":30,	"height":30,//宽长度
			"shootEffect": "none"
			"bulletInterval":60,//分裂间隔
//			"intervalRandomSpread":0,//随机角度
                "intervalBullets":4,//分裂子弹数
//                "intervalAngle":0,//分裂起始角度
//                "intervalSpread":180,//分裂角度（建立在起始角度基础之上，所有分裂子弹的角度总和）
//                "fragVelocityMin":3,
//                "fragVelocityMax":3,
"fragBullets":40,
"fragBullet":{
"splashDamageRadius":30,
	"splashDamage":180,
"hitShake": 8,
"knockback":5,
			"pierce":true,//是否穿透单位
			                    "backColor":"5236A6FF",
			//子弹边缘颜色
			"frontColor":"FFFFFFFF",
			//子弹中心颜色
			"spin": 5,//子弹旋转速度
			"shrinkY": 0,"shrinkX": 0,//子弹变形程度
			"damage": 180,
			"speed": 3,
			"lifetime":420,
			"hitEffect":[
//			"type": "multiEffect",
//"effect":[
                    {
					"type": "ParticleEffect",
					"layer":70,
					"particles": 1,
					"sizeFrom": 10,
					"sizeTo": 30,
					"length": 0,
					"spin": 3,
					"interp": "swing",
					"lifetime": 60,
					"region": "合金进化-星",
					"colorFrom": "FFFFFFFF",
					"colorTo": "FFFFFF00"
				}
				{
					"type": "ParticleEffect",
					"layer":69,
					"particles": 8,
					"sizeFrom": 7.5,
					"sizeTo": 7.5,
					"length": 20,
					"spin": 3,
					"interp": "swing",
					"lifetime": 30,
					"region": "合金进化-星",
					"colorFrom": "FFFFFFFF",
					"colorTo": "FFFFFF00"
				}
				{
					"type": "ParticleEffect",
					"layer":69,
					"particles": 8,
					"sizeFrom": 7.5,
					"sizeTo": 7.5,
					"length": 32,
					"spin": 3,
					"interp": "swing",
					"lifetime": 30,
					"region": "合金进化-星",
					"colorFrom": "FFFFFFFF",
					"colorTo": "FFFFFF00"
				}
				]//击中特效
			"trailLength": 4,//尾迹长
            "trailWidth": 5,//尾迹宽
            "trailColor":"8361EBFF",//尾迹颜色
            "trailRotation":true,//尾迹拥有方向
            "weaveMag": 10,
	"weaveScale": 5,
	"homingRange":400,
	"homingPower":0.24
//            "trailEffect":"disperseTrail",
//            "trailInterval" :2.5,//尾迹特效间隔
			"width":10,	"height":10,//宽长度
			"sprite":"合金进化-星",

}
        "intervalBullet":{
//        "splashDamageRadius":30,
//	"splashDamage":180,
"knockback":5,
"hitShake": 8,
			"pierce":true,//是否穿透单位
			                    "backColor":"5236A6FF",
			//子弹边缘颜色
			"frontColor":"FFFFFFFF",
			//子弹中心颜色
			"spin": 10,//子弹旋转速度
			"shrinkY": 0,"shrinkX": 0,//子弹变形程度
			"damage": 250,
			"speed": 4,
			"lifetime":300,
			"hitEffect":[
//			"type": "multiEffect",
//"effect":[
                    {
					"type": "ParticleEffect",
					"layer":70,
					"particles": 1,
					"sizeFrom": 10,
					"sizeTo": 30,
					"length": 0,
					"spin": 3,
					"interp": "swing",
					"lifetime": 60,
					"region": "合金进化-星",
					"colorFrom": "FFFFFFFF",
					"colorTo": "FFFFFF00"
				}
				{
					"type": "ParticleEffect",
					"layer":69,
					"particles": 8,
					"sizeFrom": 7.5,
					"sizeTo": 7.5,
					"length": 20,
					"spin": 3,
					"interp": "swing",
					"lifetime": 30,
					"region": "合金进化-星",
					"colorFrom": "FFFFFFFF",
					"colorTo": "FFFFFF00"
				}
				{
					"type": "ParticleEffect",
					"layer":69,
					"particles": 8,
					"sizeFrom": 7.5,
					"sizeTo": 7.5,
					"length": 32,
					"spin": 3,
					"interp": "swing",
					"lifetime": 30,
					"region": "合金进化-星",
					"colorFrom": "FFFFFFFF",
					"colorTo": "FFFFFF00"
				}
				]//击中特效
			"trailLength": 4,//尾迹长
            "trailWidth": 5,//尾迹宽
            "trailColor":"8361EBFF",//尾迹颜色
            "trailRotation":true,//尾迹拥有方向
            "weaveMag": 10,
	"weaveScale": 5,
	"homingRange":400,
	"homingPower":0.24
//            "trailEffect":"disperseTrail",
//            "trailInterval" :2.5,//尾迹特效间隔
			"width":10,	"height":10,//宽长度
			"sprite":"合金进化-星",

			}
    },
	"reload": 1200,
	"rotateSpeed": 1,
	"range": 1600,
	"category": "turret",
		"drawer": {
		"type": "DrawTurret",
		"parts": [
			{
				"type": "RegionPart",
				"suffix": "-side2",
				"heatProgress": "warmup",
				"under": true,
				"mirror": true,
				"moveX": 8,
				"moveY": -1.25,
				"moves": [
					{
						"progress": "recoil",
						"x": 8,
						"y": -1.25
					}
				]
			},
			{
				"type": "RegionPart",
				"suffix": "-side1",
				"heatProgress": "warmup",
				"under": true,
				"mirror": true,
				"moveX": 3.75,
				"moveY": 2.75,
				"moves": [
					{
						"progress": "recoil",
						"x": 3.75,
						"y": 2.75
					}
				]
			},
			{
				"type": "RegionPart",
				"suffix": "-part",
				"heatProgress": "warmup",
				"under": true
			},
			{
				"type": "HaloPart",
				"tri": true,
				"y": -24,
				"shapes": 2,
				"stroke": 6,
				"triLength": 0,
				"triLengthTo": 24,
				"haloRadius": 21,
				"haloRotation": 90,
				"color": "FFFFFF00",
				"colorTo": "C7C7CDFF",
				"layer": 110
			},
			{
				"type": "HaloPart",
				"tri": true,
				"y": -24,
				"shapeRotation": 180,
				"shapes": 2,
				"stroke": 6,
				"triLength": 0,
				"triLengthTo": 6,
				"haloRadius": 21,
				"haloRotation": 90,
				"color": "FFFFFF00",
				"colorTo": "C7C7CDFF",
				"layer": 110
			},
			{
				"type": "HaloPart",
				"mirror": true,
				"tri": true,
				"y": -24,
				"shapes": 2,
				"stroke": 3,
				"triLength": 0,
				"triLengthTo": 18,
				"haloRadius": 21,
				"haloRotation": 60,
				"color": "FFFFFF00",
				"colorTo": "C7C7CDFF",
				"layer": 110
			},
			{
				"type": "HaloPart",
				"mirror": true,
				"tri": true,
				"y": -24,
				"shapeRotation": 180,
				"shapes": 2,
				"stroke": 3,
				"triLength": 0,
				"triLengthTo": 4.5,
				"haloRadius": 21,
				"haloRotation": 60,
				"color": "FFFFFF00",
				"colorTo": "C7C7CDFF",
				"layer": 110
			},
			{
				"type": "ShapePart",
				"hollow": true,
				"circle": true,
				"y": -24,
				"radius": 6,
				"stroke": 0,
				"strokeTo": 1.6,
				"color": "FFFFFF00",
				"colorTo": "C7C7CDFF",
				"layer": 110
			},
			{
				"type": "ShapePart",
				"hollow": true,
				"circle": true,
				"y": -24,
				"radius": 12,
				"stroke": 0,
				"strokeTo": 1.6,
				"color": "FFFFFF00",
				"colorTo": "C7C7CDFF",
				"layer": 110
			},
			{
				"type": "ShapePart",
				"hollow": true,
				"y": -24,
				"rotation": -30,
				"radius": 12,
				"stroke": 0,
				"strokeTo": 1.6,
				"rotateSpeed": 2,
				"color": "FFFFFF00",
				"colorTo": "C7C7CDFF",
				"layer": 110
			},
			{
				"type": "ShapePart",
				"hollow": true,
				"y": -24,
				"rotation": 150,
				"radius": 12,
				"stroke": 0,
				"strokeTo": 1.6,
				"rotateSpeed": -2,
				"color": "FFFFFF00",
				"colorTo": "C7C7CDFF",
				"layer": 110
			},
			{
				"type": "HaloPart",
				"hollow": false,//空心
				"mirror": false,
				"tri": true,//是否三角形
				"x": 0,
				"y": -24,
				"shapeRotation": 0,//图形初始角度
				"moveX": 0,
				"moveY": 0,
				"shapeMoveRot": 0,
				"shapes": 4,//围绕个数
				"sides": 3,//边数
				"stroke": 1,//粗细
				"strokeTo": -1,
				"radius": 4.5,//半径/粗细
				"radiusTo": -1,
				"triLength": 0,//初始长度
				"triLengthTo": 9,//最终长度
				"haloRadius": 18,//围绕半径
				"haloRadiusTo": -1,//最终围绕半径
				"haloRotateSpeed": 1,//公转速度
				"haloRotation": 0,//环初始角度
				"rotateSpeed": 0,//自转速度
				"color": "FFFFFF00",
				"colorTo": "C7C7CDFF",
				"layer": 110
			},
			{
				"type": "HaloPart",
				"tri": true,
				"y": -24,
				"shapeRotation": 180,
				"shapes": 4,
				"radius": 4.5,
				"triLength": 0,
				"triLengthTo": 2,
				"haloRadius": 18,
				"haloRotateSpeed": 1,
				"color": "FFFFFF00",
				"colorTo": "C7C7CDFF",
				"layer": 110
			},
			{
				"type": "HaloPart",
				"tri": true,
				"y": -24,
				"shapes": 4,
				"radius": 4.5,
				"triLength": 0,
				"triLengthTo": 3,
				"haloRadius": 12,
				"haloRotation": 45,
				"haloRotateSpeed": -1,
				"color": "FFFFFF00",
				"colorTo": "C7C7CDFF",
				"layer": 110
			},
			{
				"type": "HaloPart",
				"tri": true,
				"y": -24,
				"shapeRotation": 180,
				"shapes": 4,
				"radius": 4.5,
				"triLength": 0,
				"triLengthTo": 1.5,
				"haloRadius": 11,
				"haloRotation": 45,
				"haloRotateSpeed": -1,
				"color": "FFFFFF00",
				"colorTo": "C7C7CDFF",
				"layer": 110
			}
		]
	},
	"research": "浪毁",
	"requirements": [
	    { "item": "钴蓝合金", "amount": 1150 },
	    { "item": "thorium", "amount": 1050 },
	    { "item": "silicon", "amount": 1250 },
	    { "item": "赤焰合金", "amount": 1750 },
		{ "item": "磁钛", "amount": 750 },
				{ "item": "亚铜", "amount": 2050 },
				{ "item": "乌兹钢", "amount":1000}
	]
}
