{
	"type": "ItemTurret",//类型
	"category": "turret",//菜单栏
	"name": "裂光",//名字
	"description": "发射易碎物品，多次分裂，每次分裂数量和伤害都会减少",//介绍
	"details":"每个弹药分裂样式都不一样",
	"research":"cyclone"//前置科技树
	"alwaysUnlocked":false,//科技树默认解锁
	"drawer": {
	"type": "drawTurret"},
	"requirements": [
	{ "item":"copper","amount":40}
		{ "item":"metaglass","amount":40}
		{ "item":"基础合金","amount":720}
			{ "item":"钴蓝合金","amount":720}	],
	"size": 2,//大小
	"health": 350,//血量
	"rotateSpeed": 8,//转头速度
	"maxAmmo":105,//弹药容量
	"reload": 30,//装填速度
	"ammoPerShot":10,//单发消耗
	"hitEffect":"flakExplosion"//击中特效
	"shootSound": "shootAlt",//发射音效
	"range": 400,//范围
	"inaccuracy":5,//不准确度
	"shoot":{"shots":5,//每轮子弹
		"shotDelay":1}//子弹间隔
	"ammoTypes": {
				"metaglass": {
			"knockback":1,
			"spin": 0,//子弹旋转速度
			"shrinkY": 0,"shrinkX": 0,//子弹变形程度
			"damage": 18,
			"speed": 8,
			"lifetime":55,
			"hitEffect":"explosion"//击中特效
			"height":5,"width":5,
			"trailLength": 7,//尾迹长
            "trailWidth": 5,//尾迹宽
            "trailColor":"EBEEF5FF",//尾迹颜色
            "trailRotation":true,//尾迹拥有方向
            "trailEffect":"disperseTrail",
            "trailInterval" :3,//尾迹特效间隔
				"fragBullets":2,
			"fragRandomSpread":0,//随机分裂角度
			"fragSpread":45,//分裂角度
			"fragAngle":22.5,//分裂起始角度
			"fragVelocityMin":0.5,//最小分裂弹速度
	    "fragVelocityMax":0.5,//最大分裂弹速
		"fragBullet":{"type":
		"BasicBulletType",		"splashDamageRadius":8,			"splashDamage":5,//范围伤害
  "damage":5,
  "trailEffect":"missileTrail",
            "trailInterval" :8,//尾迹特效间隔
  "trailLength": 2,//尾迹长
            "trailWidth": 2,//尾迹宽
            "trailColor":"EBEEF5FF",//尾迹颜色
  "speed": 7,
  "lifetime":10
  		"fragBullets":2,
			"fragRandomSpread":0,//随机分裂角度
			"fragSpread":45,//分裂角度
			"fragAngle":22.5,//分裂起始角度
			"fragVelocityMin":0.5,//最小分裂弹速度
	    "fragVelocityMax":0.5,//最大分裂弹速
		"fragBullet":{"type":
		"BasicBulletType",		"splashDamageRadius":8,			"splashDamage":3,//范围伤害
  "damage":3,
  "trailEffect":"missileTrail",
            "trailInterval" :8,//尾迹特效间隔
  "trailLength": 2,//尾迹长
            "trailWidth": 2,//尾迹宽
            "trailColor":"EBEEF5FF",//尾迹颜色
  "speed": 7,
  "lifetime":10},
	"fragBullets":2,
			"fragRandomSpread":0,//随机分裂角度
			"fragSpread":45,//分裂角度
			"fragAngle":22.5,//分裂起始角度
			"fragVelocityMin":0.5,//最小分裂弹速度
	    "fragVelocityMax":0.5,//最大分裂弹速
		"fragBullet":{"type":
		"BasicBulletType",		"splashDamageRadius":8,			"splashDamage":3,//范围伤害
  "damage":3,
  "trailEffect":"missileTrail",
            "trailInterval" :8,//尾迹特效间隔
  "trailLength": 2,//尾迹长
            "trailWidth": 2,//尾迹宽
            "trailColor":"EBEEF5FF",//尾迹颜色
  "speed": 7,
  "lifetime":10},  },
			"width":8,	"height":10,//宽长度
			"ammoMultiplier":1,
			"shootEffect": "shootSmall"},

		}}
