{
	"health": 1600,
	"details": "更加安全可靠的力场盾，升级助推引擎与充能系统",
	"speed": 0.423,
	"boostMultiplier": 2.4,
	"abilities": [
		{
			"type": "ForceFieldAbility",
			"radius": 64,
			"max": 720,
			"regen": 0.8,
			"cooldown": 240
		}
	],
	"weapons": [
		{
			"name": "耀星1",
			"reload": 70,
			"x": 7,
			"y": -1,
			"rotate": false,
			"top": false,
			"recoil": 4,
			"shoot": {
				"shots":2,
				"shotDelay": 5
			},
			"inaccuracy": 0,
			"alternate": true,
			"shootSound": "laser",
			"cooldownTime": 64,
			"shake": 2,
			"bullet": {
				"type": "LaserBulletType",
				"healPercent": 6.5,
				"recoil": 0.5,
				"damage": 70,
				"collidesTeam": true,
				"shootEffect": "bigShockwave",
				"sideAngle": 35,
				"sideWidth": 1,
				"sideLength": 72,
				"colors": [
					"7CF38990",
					"97FFA880",
					"FFFFFF"
				],
				"width": 18,
				"length": 210
			}
		}
	]
}