{
	"health": 26800,
	"armor": 26,
	"trailLength":25, 
	"controller": "FlyingFollowAI",
	"ammoType": {
		"type": "PowerAmmoType",
		"totalPower": 5000
	},
	"deathSound": "大型空军-死亡2"//单位死亡后音效
	"weapons": [
		{
			"name": "要塞2",
			"reload": 20,
			"x": 24,
			"y": -8,
			"shootY": 6,
			"xRand": 4,
			"shoot": {
				"shots": 2,
				"shotDelay": 8,
				"type": "ShootHelix",
				"mag": 1,
				"scl": 3
			},
			"rotate": true,
			"rotateSpeed": 3,
			"top":true,
			"alternate": true,
			"inaccuracy": 24,
			"shootSound": "missile",
			"bullet": {
				"type": "MissileBulletType",
				"frontColor": "FFFFFF",
				"backColor": "97FFA8",
				"healPercent": 10,
				"damage": 10,
				"splashDamageRadius": 48,
				"splashDamage": 72,
				"homingPower": 0.075,
				"homingRange": 110,
				"trailLength": 8,
				"trailWidth": 3,
				"trailColor": "97FFA8",
				"sprite": "missile-large",
				"shrinkY": 0,
				"shootEffect": {
					"type": "ParticleEffect",
					"particles": 6,
					"sizeFrom": 3,
					"sizeTo": 0,
					"length": 30,
					"baseLength": 0,
					"lifetime": 65,
					"colorFrom": "97FFA8",
					"colorTo": "97FFA800",
					"cone": 60
				},
				"smokeEffect": {
					"type": "WaveEffect",
					"lifetime": 10,
					"sizeFrom": 1,
					"sizeTo": 16,
					"strokeFrom": 2,
					"strokeTo": 0,
					"colorFrom": "97FFA8AA",
					"colorTo": "97FFA8AA"
				},
				"hitSound": "plasmaboom",
				"hitEffect": {
					"type": "MultiEffect",
					"effects": [
						{
							"type": "ParticleEffect",
							"particles": 6,
							"sizeFrom": 6,
							"sizeTo": 0,
							"length": 30,
							"baseLength": 20,
							"lifetime": 45,
							"colorFrom": "97FFA8AA",
							"colorTo": "97FFA890"
						},
						{
							"type": "WaveEffect",
							"lifetime": 15,
							"sizeFrom": 0,
							"sizeTo": 49,
							"strokeFrom": 4,
							"strokeTo": 0,
							"colorFrom": "97FFA8",
							"colorTo": "97FFA890"
						}
					]
				},
				"despawnEffect": "none",
				"collidesTeam": true,
				"speed": 5,
				"lifetime": 80,
				"width": 12,
				"height": 12
			}
		}
	]
}