{
    "name":"错误"
	"type": "OverdriveProjector",
	"health":11451415,
	"size":1,
	"range":500,//范围
	"reload":500,//冷却时间（60:1）（消耗物品时间）
	"speedBoost":5000,//加速倍率百分比（ n-1）
	"speedBoostPhase":5000//加强后加速倍率百分比（ n-1+m）
	"phaseRangeBoost":0//加强后增加范围
	"consumes": {
        "items":{
        "power": 1,
			"items":[
				{"item":"错误","amount":3}//加速物品,加速物品数量
			],
			"booster":true,//是否加速
			"optional":true//无物品工作
		}
	},//加强
	"requirements": [],
	"category":"effect",
	"research":"错误"
}