{
  // 星球显示名称
  "localizedName": "辉光",
  "description": "传说是有人将这枚星球的内核通过注入高速且巨大的能量的方式引爆而得来这枚恒星、这个星系的，只不过经过时间的变迁燃料已经几乎耗尽了而已。"
  // 网格（光效）设置
  "mesh": {
    "type": "SunMesh",       // 使用太阳类型的网格（发光效果）
    "divisions": 6.5,          // 网格细分程度
    "colorScale": 1.2,       // 颜色整体缩放系数
    "colors": [              // 光效颜色渐变
      "FF5D0FFF",             // 外层颜色
      "FF8888FF",             // 中层颜色
      "FF3333FF"              // 内层颜色
    ],
    "octaves": 3.0,         // 噪声层数
    "persistence": 6.0,     // 噪声持久度
    "scl": 1.2,             // 噪声缩放
    "pow": 1.2,             // 颜色强度指数
    "mag": 1.9              // 光效
  },

  // 基础参数
  "radius": 14,              // 星球半径
  "bloom": true,            // 启用泛光效果
  "visible": true,          // 星球是否可见
  "hasAtmosphere": false    // 大气层
  "parent": "辉光",
  "orbitRadius": 0,             //轨道半径
  "rotateTime": 30,                // 自转
}