{
"type": "ConsumeGenerator"
,"name": "冷却发电机",
"description": "通过冷却矿渣时的温差大量发电",
    "canOverdrive":true
"size":3
"health":1200
"hasLiquids": true,
"liquidCapacity":50
"hasItems":false
"powerProduction":13.333333333333
"consumes": {
       "liquids": {
		    "liquids": [
		"slag/0.6"
		]}
},
 "drawer":{
	    "type":"DrawMulti",
	    "drawers":[
	    {
	       "type":"DrawLiquidTile",
	    "drawLiquid":"slag"
	        "padLeft":3
	    "padRight":3
	    "padTop":3
	    "padBottom":3
	    },
	   "DrawDefault"
	]},
"requirements": [],
                "category": "power",
} 