{
	"type": "ThermalGenerator",
	"name": "水力发电站",
	"description": "通过水流的动能发电",
	"size":3
	"health":400
	"hasLiquids": false,
	"hasItems": false,
	"powerProduction":0.37037037037
"displayEfficiencyScale":0.11111111111111
"displayEfficiency":false
    "baseEfficiency":0
    "drawer":{"type":"DrawMulti"
    	"drawers": [
	"DrawDefault",
		{"type": "DrawBlurSpin",
		"suffix": "-rotator"
		"rotateSpeed":8
		"layer":30.01
		},
		     { "type":"DrawRegion", "suffix":"-top" "layer":30.02},
	    	    "DrawDefault"
		]	}
	"requirements": [
	"合金钢/50","silicon/30","重晶石/30"
	],
	"attribute": "水力",
		"placeableLiquid":true,
	"category": "power"
	//"research": "小型地热电站"
	  "alwaysUnlocked":false
	//  "researchCost":["钢/120","silicon/120"]
}