{
"type": "ConsumeGenerator"
,"name": "脱水反应器",
"description": "使芳油脱水,并产生大量电力",
    "canOverdrive":true
"size":3
"health":900
"hasLiquids": true,
"hasItem":false
"powerProduction":20
"liquidCapacity":150
	"outputLiquid":"water/0.5"
"consumes": {
       "liquids": {
		    "liquids": [
		"arkycite/0.5","磺基重油/0.1"
		]}
		
},
 "drawer":{
	    "type":"DrawMulti",
	    "drawers":[
	    {
	       "type":"DrawLiquidTile",
	    "drawLiquid":"arkycite"
	            "padLeft":10
	    "padRight":10
	    "padTop":10
	    "padBottom":10
	    "layer":30.00
	    },
	    {"type":"DrawPistons"
	    "sinMag":2.75
	    "sinScl":5
	    "layer":29.98
	    }
	   "DrawDefault"
	]},
"requirements": [],
                "category": "power",
} 