{
  "type":"NuclearReactor"
   "name": "高温气冷堆",
   "description":"利用氦气循环冷却的反应堆,反应速度快,不及时冷却会剧烈爆炸",
   "size":4
   "health":4800
   "powerProduction":75
      "consumes": {
		"liquid":{"liquid":"氦","amount":0.2},
        "items": {
            "items": [
                {"item": "thorium","amount":20}
            ]
        }
    },
   "itemCapacity":200
   "liquidCapacity":200
   "explosionRadius":20
   "explosionDamage":3000
   "baseExplosiveness":5000
  "requirements": [
   ],
   "category": "power"
   "heating":0.06
   "flashThreshold":0.6
   "smokeThreshold":0.6
   "ambientSound":"hum"
   "ambientSoundVolume":180,
  "hasItems": true
  "canOverdrive":true
  "itemDuration":600
}