{
    "type":"LaunchPad", 
    "name":"大型发射台", 
    "description":"<简介征集>", 
    "health":1250,
    "size":4, 
    "itemCapacity":1000, 
    "launchTime":3600,
    "hasPower":true, 
    "consumes": {
        "power": 6
    },
	"requirements": [
		{ "item": "copper", "amount": 700 },
		{ "item": "lead", "amount": 600 }
		{ "item": "titanium", "amount": 500 },
		{ "item": "silicon", "amount": 400 }
		{ "item": "thorium", "amount": 100 },
		{ "item": "plastanium", "amount": 50 }
		],
	"category": "effect",
	"research":"launch-pad"
	"buildVisibility":"campaignOnly",
}