{
    "name":"高速卸载器",
    "description":"效率更加高效的卸货装置，当然也更贵。(不过话说卸货效率为什么和合金传送带一样？难不成是串通好的？还是从里面开了个口子，然后传送带直接搭进去？)",
    "type":"Unloader",
    "size":1,
    "health":100,
    "speed":0.36,
	"itemCapacity":10,
    "requirements":[
        {"item":"plastanium", "amount":30,}
                {"item":"silicon", "amount":60,}
    ]
    "category":"effect",
    "research":"unloader"
}