{
	"type": "ConsumeGenerator",
	"name": "矿渣涡轮",
	"description": "你可以喂它吃物质源并且不掉血。",
	"details":"矿渣是神！",
	"size": 4,
	"health":400,
	"hasLiquids": true,
	"hasItems": true,
	"itemDuration": 120,
	"powerProduction": 83.3333333333,
	"itemCapacity": 15,
	"liquidCapacity": 40,
	"consumes": {
	"itemFlammable":{},
		"liquid":"slag/0.1666666666666",
	},
	"requirements":[
	            "copper/250",
	            "lead/350",
	            "plastanium/120",
	            "silicon/150",
	            "graphite/100",
	            "scrap/350",
	],
	"category": "power",
	"research": 
    {"parent":"四项液"
    "requirements":[
                "copper/8200",
	            "lead/8000",
	            "plastanium/3000",
	            "silicon/5000",
	            "graphite/3300",
	            "scrap/13000",
    ]   
    }
}