{
   "shoot": {
      "shots": 6
   },
   "requirements": [
      {
         "item": "copper",
         "amount": 130
      },
      {
         "item": "graphite",
         "amount": 135
      },
      {
         "item": "titanium",
         "amount": 75
      },
      {
         "item": "silicon",
         "amount": 60
      }
   ],
   "ammoTypes": {
      "surge-alloy": {
         "type": "ArtilleryBulletType",
         "knockback": 0.8,
         "speed": 3,
         "lifetime": 80,
         "width": 11,
         "height": 11,
         "collidesTiles": false,
         "damage": 20,
         "hitEffect": "blastExplosion",
         "splashDamageRadius": 25.75,
         "splashDamage": 53,
         "lightningDamage": 11,
         "lightning": 3,
         "lightningLength": 5,
         "status": "shocked"
      },
      "graphite": {
         "type": "ArtilleryBulletType",
         "knockback": 0.8,
         "speed": 3,
         "lifetime": 80,
         "width": 11,
         "height": 11,
         "collidesTiles": false,
         "damage": 20,
         "hitEffect": "blastExplosion",
         "splashDamageRadius": 18.75,
         "splashDamage": 33
      },
      "silicon": {
         "type": "ArtilleryBulletType",
         "knockback": 0.8,
         "speed": 3,
         "lifetime": 80,
         "width": 11,
         "height": 11,
         "collidesTiles": false,
         "reloadMultiplier": 1.2,
         "ammoMultiplier": 3,
         "homingPower": 0.08,
         "homingRange": 50,
         "damage": 20,
         "hitEffect": "blastExplosion",
         "splashDamageRadius": 18.75,
         "splashDamage": 33
      },
      "pyratite": {
         "type": "ArtilleryBulletType",
         "knockback": 0.8,
         "speed": 3,
         "lifetime": 80,
         "width": 13,
         "height": 13,
         "collidesTiles": false,
         "ammoMultiplier": 4,
         "damage": 24,
         "splashDamageRadius": 18.75,
         "splashDamage": 45,
         "frontColor": "f8ad42",
         "backColor": "f68021",
         "hitEffect": "blastExplosion",
         "makeFire": true,
         "trailEffect": "incendTrail",
         "status": "burning",
         "statusDuration": 720
      },
      "blast-compound": {
         "type": "ArtilleryBulletType",
         "knockback": 0.8,
         "speed": 3,
         "lifetime": 80,
         "sprite": "shell",
         "width": 14,
         "height": 14,
         "collidesTiles": false,
         "hitEffect": "flakExplosionBig",
         "damage": 20,
         "splashDamageRadius": 33.75,
         "splashDamage": 55,
         "status": "blasted",
         "statusDuration": 60
      },
      "plastanium": {
         "type": "ArtilleryBulletType",
         "knockback": 1,
         "speed": 3.4,
         "lifetime": 80,
         "sprite": "shell",
         "width": 13,
         "height": 13,
         "collidesTiles": false,
         "damage": 20,
         "splashDamageRadius": 26.25,
         "splashDamage": 45,
         "hitEffect": "plasticExplosion",
         "backColor": "d8d97f",
         "frontColor": "fffac6",
         "fragBullets": 8,
         "fragBullet": {
            "type": "BasicBulletType",
            "speed": 2.5,
            "damage": 12,
            "width": 10,
            "height": 12,
            "shrinkY": 1,
            "lifetime": 15,
            "backColor": "d8d97f",
            "frontColor": "fffac6",
            "despawnEffect": "none",
            "collidesAir": false
         }
      }
   }
}