{
	"type": "GenericCrafter",
	"health": 360,
	"name": "大型石墨提纯炉",
	"description": "公司要怎么多石墨干什么（恼）",
	"outputItem": {"item": "graphite", "amount": 8	},
	"itemCapacity": 60,
	"size": 3,
	"hasPower": true,
	"hasLiquids": false,
	"hasItems": true,
	"craftTime": 75,
	"updateEffect":"none",
	"drawer":{
        "type":"DrawMulti",
        "drawers":[
            "DrawDefault",
			"DrawFlame"
            ]
    },
	"consumes": {
	"power": 2.3,
	"items": {	
	"items": [
	{ "item": "coal", "amount": 15 }
	{ "item": "sand", "amount": 15 }	]
		},
	},
	"requirements": [
		{ "item": "graphite", "amount":45 },
		{ "item": "copper", "amount": 100 },
		{ "item": "silicon", "amount": 45 }
		],
	"category": "crafting",
	"research": "02硅提纯厂"
}