{
    "type": "GenericCrafter",
    "name": "小型以太混合器",
    "description": "将以太结晶融合为以太溶液",
    "health": 160,
    "outputLiquid": {
        "liquid": "以太溶液",
        "amount": 0.2
    },
    "itemCapacity": 30,
    "size": 2,
    "hasItems": true,
    "hasLiquids": true,
    "solid": true,
    "outputsLiquid": true,
    "hasPower": true,
    "liquidCapacity": 24,
    "craftTime": 120,
    "updateEffect": "freezing",
    "consumes": {
        "power": 1.8,
        "items": {
            "items": [
                {
                    "item": "Ether",
                    "amount": 2
                }
            ]
        },
        "liquid": {
            "liquid": "water",
            "amount": 0.5
        }
    },
    "requirements": [
    "碳酸硅/85",
    "titanium/25",
    "metaglass/35",
    "简易芯片/35",
    "phase-fabric/50"
    ],
    "drawer": {
        "type": "DrawMulti",
        "drawers": [
            {
                "type": "DrawRegion",
                "suffix": "-bottom"
            },
            {
				"type": "DrawLiquidTile",
				"drawLiquid":"water"
			},
			{
				"type": "DrawLiquidTile",
				"drawLiquid":"以太溶液"
			},
            {
                "type": "DrawRegion",
                "suffix": ""
            },
            "DrawDefault"
        ]
    },
    "category": "crafting",
    "research": "通用离心机",
    "researchCostMultiplier": 0.1
}