{
	"type": "GenericCrafter",
	"health": 560,
	"name": "碳酸硅压缩厂",
	"description": "生产碳酸硅.",
	"outputItem": {"item": "碳酸硅", "amount": 7	},
	"itemCapacity": 60,
	"size": 3,
	"hasPower": true,
	"hasLiquids": false,
	"hasItems": true,
	"craftTime": 95,
	"updateEffect":"none",
	"drawer":{
        "type":"DrawMulti",
        "drawers":[
            "DrawDefault",
			"DrawFlame"
            ]
    },
	"consumes": {
	"power": 4.3,
	"items": {	
	"items": [
	{ "item": "silicon", "amount": 8 }
	{ "item": "graphite", "amount": 5 }	]
		},
	},
	"requirements": [
		{ "item": "graphite", "amount":45 },
		{ "item": "copper", "amount": 100 },
		{ "item": "silicon", "amount": 45 }
		"钢/55"
		],
	"category": "crafting",
	"research": "02硅提纯厂",
	
	   "updateEffect":{
        "type": "ParticleEffect",
        "particles": 6,
        "line": true,
        "strokeFrom": 5,
        "strokeTo": 0,
        "lenFrom": 10,
        "lenTo": 0,
        "length": 20,
        "baseLength": 0,
        "lifetime": 26,
        "colorFrom": "FFFFFFF",
        "colorTo": "FFFFFF",
        "cone":365
            }
 
}
