{
    "name":"ES机械钻机",
    "type": "Drill",
    "description":"放置在矿物上时，以缓慢的速度无限输出物品。 只能开采基本资源。 ",
    "details":"原宇宙已有，研究费用降低",
    "size": 2,
    "health": 180,
    "tier": 1,//挖掘等级
    "drillTime": 350,//挖掘间隔
    "liquidBoostIntensity":1.25,//加速倍率
    "warmupSpeed": 0.02,
	"drillEffect": "mineBig",
    "updateEffect": "mineBig",
    "rotateSpeed": 2,
    "drawMineItem": true,
    "consumes": {
        "liquid": {
            "liquid": "水",
            "amount": 0.05,
            "booster": true,
            "optional": true
        }
    },
    "itemCapacity": 20,//物品容量
    "liquidCapacity": 20,//液体容量
    "requirements": [	
   { "item": "铜", "amount":20},
   ],
    "category": "production",
    "research": {
		"parent": "初代核心",
		"objectives": [
            {
				"type": "OnSector",
				"preset": "ES零号地区"
			}
			]}
			"details":"从残破的核心中提取出的建筑数据，免费研究",
			"researchCostMultiplier": 0
        "researchCostMultiplier": 0.2,
            "canOverdrive": false,
}
