{
    "name":"ES气动钻头",
    "type": "Drill",
    "description":"强化了挖矿速度，一定挖掘强度，可以开采钛",
    "details":"原宇宙已有，研究费用降低",
    "size": 2,
    "health": 160,
    "tier": 3,//挖掘等级
    "drillTime": 280,//挖掘间隔
    "liquidBoostIntensity":1.5,//加速倍率
    "warmupSpeed": 0.02,
	"drillEffect": "mineBig",
    "updateEffect": "mineBig",
    "rotateSpeed": 2,
    "drawMineItem": true,
    "consumes": {
        "liquid": {
            "liquid": "水",
            "amount": 0.1,
            "booster": true,
            "optional": true
        }
    },
    "itemCapacity": 40,//物品容量
    "liquidCapacity": 20,//液体容量
    "requirements": [	
   { "item": "铜", "amount":50},
   { "item": "铅", "amount":25}
   { "item": "石墨", "amount":15}
   { "item": "铁", "amount":15}
   ],
    "category": "production",
    "research": "机械钻机"
        "researchCostMultiplier": 0.2,
            "canOverdrive": false,
}
