{
    "name":"轻质钻机",
    "type": "Drill",
    "description":"强化了挖矿速度在一定程度上牺牲了挖掘等级",
    "size": 3,
    "health": 640,
    "tier": 2,//挖掘等级
    "drillTime": 230,//挖掘间隔
    "liquidBoostIntensity":1.75,//加速倍率
    "warmupSpeed": 0.02,
	"drillEffect": "mineBig",
    "updateEffect": "mineBig",
    "rotateSpeed": 2.1,
    "drawMineItem": true,
    "consumes": {
        "liquid": {
            "liquid": "水",
            "amount": 0.18,
            "booster": true,
            "optional": true
        }
    },
    "itemCapacity": 40,//物品容量
    "liquidCapacity": 20,//液体容量
    "requirements": [	
   { "item": "钢", "amount":15},
   { "item": "硅", "amount":30}
   { "item": "铁", "amount":30}
   { "item": "铅", "amount":50}
   ],
    "category": "production",
    "research": "铜铅合成钻机"
        "researchCostMultiplier": 1,
            "canOverdrive": false,
}
