{
"research": {
  "parent": "zenith",
  "requirements": [
  "plastanium/62000",
  "titanium/72000"
  "silicon/83000"
  ]
  },
"name": "轮月",
"description": "配备了大型导弹发射器的飞行单位",
"type": "flying",
"armor": 7,
"commandLimit": 6,
"speed": 0.45,
"rotateSpeed": 2.8
"hitSize":34
"lowAltitude": true,
"flying": true,
"turnCursor":true,
"faceTarget": true,
"health": 7000,
"range": 3,
"engineOffset":28
"engineSize":8
"weapons": [
{
"name": "轮月1",
"x": 23,
"y": 0,
"shootY": 2
"reload": 120,
"alternate": true,
"top": true,
"rotate": true,
"rotateSpeed": 4,
"xRand":4
"minRange":0.5
"shootSound": "missile",
"shoot": {
"shots":4,
"shotDelay":5
},
"bullet": {
"spawnUnit": "候鸟"
}
}
{
"name": "轮月2",
"x": 18,
"y": 14,
"shootY": 8
"reload": 260,
"alternate": true,
"top": true,
"rotate": true,
"rotateSpeed": 4,
"shootSound": "missile",
"predictTarget": false,
"shoot": {
"shots":2,
"shotDelay":18
},
"bullet": {
"spawnUnit": "月相"
}
}
]
}