{
"research": {
  "parent": "1-lt4硝烟",
  "requirements": [
  "plastanium/88000",
  "surge-alloy/88000"
  "phase-fabric/88000"
  "silicon/88000"
  ]
  },
"name": "战火",
"description": "及其强大的喷火机甲，除了主体的喷火器外还加装了小型双发火炮",
"immunities": [
"burning"
],
"type": "mech",
"armor": 18,
"commandLimit": 6,
"speed": 0.28,
"hitSize":30
"flying": false,
"health": 26800,
"rotateSpeed": 0.7
"range": 3,
"weapons": [
{
"name": "战火2",
"x": 18,
"y": 0,
"shootY": 8
"reload": 160,
"alternate": true,
"top": true,
"inaccuracy": 0,
"shootSound": "artillery",
"shoot":{
"type":"ShootSpread"
"shots":2,
"shotDelay":8
}
"bullet": {
"type":"artilleryBulletType"
"speed":4
"lifetime":55
"width": 16
"height": 18
"splashDamageRadius":42
"splashDamage":80
"hitEffect":{
"type": "ExplosionEffect",
"lifetime": 30,
"waveColor": "FFFDCEFF",
"smokeColor": "FFFDCEFF",
"sparkColor": "DEDDB1FF",
"waveLife": 12,
"waveRadBase": 0,
"waveRad": 40,
"sparkRad": 48
"smokeSize": 4,
"smokeSizeBase": 0,
"smokeRad": 48,
"smokes": 16,
"sparks": 12
}
}
}
{
"name": "战火1",
"x": 30,
"y": 0,
"shootY": 12
"reload": 4,
"alternate": true,
"rotate": true,
"rotateSpeed": 4,
"inaccuracy": 12,
"shootSound": "fire",
"shoot":{
"type":"ShootSpread"
"shots":2,
}
"bullet": {
"type":"BasicBulletType"
"backColor":"FFDC40EB"
"frontColor":"FFDC40EB"
"speed":8
"lifetime":18
"damage":28
"width": 1
"height": 1
"hitEffect":"none"
"status":"burning"
"statusDuration":600
"pierce": true,
"pierceBuilding": true,
"despawnEffect":"none"
"shootEffect": {
    "type": "multiEffect",
    "effects": [
    {
    "type": "ParticleEffect",
    "particles": 12,
    "sizeFrom": 6,
    "sizeTo": 0,
    "length": 144,
    "lifetime": 45,
    "colorFrom": "FFDC40EB",
    "colorTo": "545454BB",
    "cone": 12
    },
    {
    "type": "ParticleEffect",
    "particles": 8,
    "sizeFrom": 6,
    "sizeTo": 0,
    "length": 144,
    "lifetime": 40,
    "colorFrom": "F07A3BFF",
    "colorTo": "545454BB",
    "cone": 12
    }
    {
    "type": "ParticleEffect",
    "particles": 22,
    "sizeFrom": 6,
    "sizeTo": 0,
    "length": 144,
    "lifetime": 20,
    "colorFrom": "F49C54FF",
    "colorTo": "545454BB",
    "cone": 12
    }
    ]
}
}
}
]
}