{
"research": {
  "parent": "2-lt4闪辉",
  "requirements": [
  "plastanium/88000",
  "surge-alloy/88000"
  "phase-fabric/88000"
  "silicon/88000"
  ]
  },
"name": "辉耀",
"description": "大型的多足单位，配备了多种武器和单位制作厂",
"type":"legs",
"armor": 8,
"commandLimit": 6,
"speed": 0.46,
"rotateSpeed": 1
"hitSize":30
"flying": false,
"health": 16000,
"legCount":6
"legLength":50
"legMoveSpace":1
"rippleScale":1.6
"legSplashDamage":68
"legSplashRange":46
"allowLegStep":true
"buildSpeed":8
"weapons": [
{
"name": "耀光1",
"x": 23,
"y": 0,
"shootY": 8
"reload": 45,
"alternate": true,
"top": false,
"rotate": true,
"inaccuracy": 0,
"shootSound": "laser",
"shoot": {
"type":"ShootSpread"
"shots":1,
}
"bullet": {
"type":"LaserBulletType",
"colors":["C9FFBCD3", "B5FDA4FF", "DEF8D8FF"],
"healPercent": 20,
"collidesTeam": true,
"damage":120,
"width":18
"sideAngle":17,
"sideWidth":2
"sideLength":48
"length":200
"shootEffect": "shockwave"
}
}
{
"name": "耀光2",
"x": 20,
"y": -4,
"shootY": 8
"reload": 120,
"alternate": true,
"top": true,
"rotate": true,
"rotateSpeed": 4.3,
"inaccuracy": 0,
"shootSound": "explosion",
"shoot": {
"type":"ShootSpread"
"shots":1,
	}
"bullet": {
"type":"BasicBulletType"
"backColor":"B5FDA4FF"
"frontColor":"B5FDA4FF"
"speed":6
"lifetime":40
"damage":32
"width": 18
"height": 24
"splashDamage":58
"splashDamageRadius":48
"status":"electrified"
"statusDuration":560
"trailChance": -1
"trailWidth": 4
"trailLength": 18
"trailColor": "B5FDA4FF"
"hitEffect":{
"type": "ExplosionEffect",
"lifetime": 65,
"waveColor": "6FD656DC",
"smokeColor": "B5FDA4FF",
"sparkColor": "6FD656DC",
"waveLife": 14,
"waveRadBase": 0,
"waveRad": 48,
"sparkRad": 52
"smokeSize": 3.2,
"smokeSizeBase": 0,
"smokeRad": 48,
"smokes": 6,
"sparks": 8
}
"fragBullets": 3
    "fragBullet": {
    "type":"BasicBulletType"
    "backColor":"B5FDA4FF"
    "frontColor":"B5FDA4FF"
    "speed":10
	"lifetime":60
    "damage":32
    "width": 10
    "height": 14
    "splashDamage":42
    "splashDamageRadius":36
    "status":"electrified"
    "statusDuration":320
    "drag":0.08
    "trailChance": -1
    "trailWidth": 4
    "trailLength": 18
    "trailColor": "B5FDA4FF"
    "hitEffect":{
    "type": "ExplosionEffect",
    "lifetime": 65,
    "waveColor": "B5FDA4FF",
    "smokeColor": "B5FDA4FF",
    "sparkColor": "6FD656DC",
    "waveLife": 14,
    "waveRadBase": 0,
    "waveRad": 48,
    "sparkRad": 52
    "smokeSize": 3.2,
    "smokeSizeBase": 0,
    "smokeRad": 48,
    "smokes": 6,
    "sparks": 8
    }
    "fragBullets": 4
    "fragBullet": {
        "type":"LightningBulletType",
        "lightningColor":"B5FDA4FF"
        "damage":22,
        "lightningLength":6,
        }
    }
}
}
]
"abilities": [
{
"type": "UnitSpawnAbility",
"spawnX": -13.5,
"spawnY": -4,
"unit": "pulsar",
"spawnTime": 620
},
{
"type": "UnitSpawnAbility",
"spawnX": 13.5,
"spawnY": -4,
"unit": "pulsar",
"spawnTime": 620
},
{
"type": "UnitSpawnAbility",
"spawnX": -6,
"spawnY": -10,
"unit": "quasar",
"spawnTime": 1480
},
{
"type": "UnitSpawnAbility",
"spawnX": 6,
"spawnY": -10,
"unit": "quasar",
"spawnTime": 1480
},
]
}