{
"research": {
  "parent": "3-lt4天牛",
  "requirements": [
  "plastanium/88000",
  "surge-alloy/88000"
  "phase-fabric/88000"
  "silicon/88000"
  ]
  },
"name": "圣甲虫",
"description": "佣有超高防御的多足机甲，配备了大口径火炮，同时吸血效果进一步增强",
"type":"legs",
"armor": 14,
"commandLimit": 6,
"speed": 0.38,
"rotateSpeed": 1.5
"hitSize":32
"flying": false,
"health": 28000,
"range": 240,
"legCount":6
"legLength":60
"legMoveSpace":1
"rippleScale":1.2
"legSplashDamage":32
"legSplashRange":36
"allowLegStep":true
"weapons": [
{
"name": "圣甲虫1",
"x": 5,
"y": 12,
"reload": 8,
"alternate": true,
"top": true,
"rotate": true,
"rotateSpeed": 3.3,
"inaccuracy": 0,
"shootSound": "sap",
"shoot": {
"type":"ShootSpread"
"shots":1,
}
"bullet": {
"type":"SapBulletType"
"length":100
"sapStrength":0.8
"damage":36
"lightOpacity":1.5
"lightColor":"A278E1FF"
"color":"A278E1FF"
"status":"sapped"
"statusDuration":300
}
}
{
"name": "圣甲虫1",
"x": 12,
"y": 6,
"reload": 10,
"alternate": true,
"top": true,
"inaccuracy": 0,
"shootSound": "sap",
"shoot": {
"type":"ShootSpread"
"shots":1,
	}
"bullet": {
"type":"SapBulletType"
"length":100
"sapStrength":0.8
"damage":36
"lightOpacity":1.5
"lightColor":"A278E1FF"
"color":"A278E1FF"
"status":"sapped"
"statusDuration":300
}
}
{
"name": "圣甲虫1",
"x": 18,
"y": 0,
"reload": 9,
"alternate": true,
"top": true,
"inaccuracy": 0,
"shootSound": "sap",
"shoot": {
"type":"ShootSpread"
"shots":1,
	}
"bullet": {
"type":"SapBulletType"
"length":100
"sapStrength":0.8
"damage":36
"lightOpacity":0.8
"lightColor":"A278E1FF"
"color":"A278E1FF"
"status":"sapped"
"statusDuration":300
}
}
{
"name": "圣甲虫2",
"x": 0,
"y": -14,
"shootY": 8
"reload": 300,
"mirror": false,
"top": true,
"rotate": true,
"rotateSpeed": 3.3,
"inaccuracy": 0,
"shootSound": "explosion",
"shoot": {
"type":"ShootSpread"
"shots":1,
}
"bullet": {
"type":"artilleryBulletType"
"backColor":"A278E1FF"
"frontColor":"A278E1FF"
"speed":4
"lifetime":55
"width": 16
"height": 18
"splashDamageRadius":80
"splashDamage":100
"status":"sapped"
"statusDuration":800
"hitEffect":{
"type": "ExplosionEffect",
"lifetime": 30,
"waveColor": "A278E1FF",
"smokeColor": "A278E1FF",
"sparkColor": "A278E1FF",
"waveLife": 12,
"waveRadBase": 0,
"waveRad": 80,
"sparkRad": 80
"smokeSize": 4,
"smokeSizeBase": 0,
"smokeRad": 80,
"smokes": 16,
"sparks": 12
}
"fragBullets":4
    "fragBullet": {
    "type":"artilleryBulletType"
    "backColor":"A278E1FF"
    "frontColor":"A278E1FF"
    "speed":2
    "splashDamage":58
    "width": 8
    "height": 12
    "reloadMultiplier":1
    "splashDamageRadius":52
    "status":"sapped"
    "statusDuration":500
    "hitEffect":{
    "type": "ExplosionEffect",
    "lifetime": 30,
    "waveColor": "A278E1FF",
    "smokeColor": "A278E1FF",
    "sparkColor": "A278E1FF",
    "waveLife": 10,
    "waveRadBase": 0,
    "waveRad": 54,
    "sparkRad": 52
    "smokeSize": 3,
    "smokeSizeBase": 0,
    "smokeRad": 58,
    "smokes": 8,
    "sparks": 10
    }
    }
}
}
]
"abilities": [
{
"type": "ForceFieldAbility",
"radius": 80,
"regen": 0.4,
"max": 3600
"cooldown": 160
},
]
}