{
"research": {
  "parent": "无量级坦克重构车间",
  "requirements": [
  "plastanium/96000",
  "surge-alloy/96000"
  "phase-fabric/96000"
  "silicon/96000"
  ]
  },
"name": "残垣",
"description": "强大坦克类兵种，拥有超高护甲，配备强大的火炮和增幅立场",
"type": "tank",
"armor": 16,
"commandLimit": 6,
"speed": 0.5,
"rotateSpeed": 3
"hitSize":28
"treadFrames":24
"health": 28600,
"template":"TankUnitType"
"treadFrames":1
"treadPullOffset":8
"rippleScale":3.8
"treadRects": [
{
"x": 0,
"y": 8,
"width": 8,
"height": 30
},
{
"x": 48,
"y": 43,
"width": 10,
"height": 40
},
{
"x": 48,
"y": -30,
"width": 16,
"height": 40
},
]
"squareShape":true
"omniMovement":false
"rotateMoveFirst":true
"weapons": [
{
"name": "爆发2",
"x": 12,
"y": 8,
"shootY": 4
"reload": 13,
"alternate": true,
"rotate": true,
"top": true,
"rotateSpeed": 4.2,
"inaccuracy": 0,
"shootSound": "shootSnap",
"shoot": {
"type":"ShootSpread"
	"shots":1,
	}
"bullet": {
"type":"BasicBulletType"
"backColor":"FDFFCBFF"
"frontColor":"FDFFCBFF"
"speed":8
"lifetime":36
"damage":48
"width": 8
"height": 16
"pierce": true,
"pierceBuilding": true
"pierceCap": 2,
"trailChance": -1
"trailWidth": 2
"trailLength": 8
"trailColor": "FDFFCBFF"
}
}
{
"name": "废墟1",
"x": 0,
"y": 0,
"shootY": 12
"reload": 160,
"alternate": true,
"rotate": true,
"mirror": false,
"top": true,
"rotateSpeed": 1.8,
"inaccuracy": 0,
"shootSound": "artillery",
"shoot": {
"type":"ShootSpread"
	"shots":1,
	}
"bullet": {
"type":"BasicBulletType"
"backColor":"FDFFCBFF"
"frontColor":"FDFFCBFF"
"speed":6
"lifetime":50
"damage":220
"width": 16
"height": 22
"splashDamage":320
"splashDamageRadius":43
"pierce": true,
"pierceBuilding": true
"pierceCap": 4,
"trailChance": -1
"trailWidth": 6
"trailLength": 20
"trailColor": "FDFFCBFF"
"hitEffect":{
"type": "ExplosionEffect",
"lifetime": 42,
"waveColor": "FDFFCBFF",
"smokeColor": "A39F8DFF",
"sparkColor": "FDFFCBFF",
"waveLife": 20,
"waveRadBase": 0,
"waveRad": 43,
"sparkRad": 43
"smokeSize": 4.3,
"smokeSizeBase": 1.2,
"smokeRad": 43,
"smokes": 12,
"sparks": 18
}
"intervalBullets":1
"bulletInterval":8
"intervalBullet":{
"type":"artilleryBulletType"
"speed":0
"width": 6
"height": 8
"splashDamageRadius":24
"splashDamage":124
"hitEffect":{
"type": "ExplosionEffect",
"lifetime": 30,
"waveColor": "FFFDCEFF",
"smokeColor": "FFFDCEFF",
"sparkColor": "DEDDB1FF",
"waveLife": 12,
"waveRadBase": 0,
"waveRad": 24,
"sparkRad": 24
"smokeSize": 4,
"smokeSizeBase": 0,
"smokeRad": 24,
"smokes": 3,
"sparks": 6
}
}
}
}
]
"abilities": [
{
"type": "StatusFieldAbility",
"duration": 600,
"reload": 300,
"range": 56
"effect": "overclock"
},
]
}