{
"research": {
  "parent": "坦克重构车间",
  "requirements": [
  "silicon/1600",
  "graphite/2000",
  "lead/1800",
  "titanium/1200",
  ]
  },
"name": "包夹",
"description": "小型坦克类兵种，拥有较高护甲，配备了护盾生成系统和治疗光束",
"type": "tank",
"armor": 5,
"commandLimit": 6,
"speed": 0.75,
"rotateSpeed": 3
"hitSize":14
"health": 640,
"template":"TankUnitType"
"treadFrames":1
"treadPullOffset":2
"rippleScale":1.2
"treadRects": [
{
"x": 10,
"y": -20,
"width": 15,
"height": 24
},
]
"squareShape":true
"omniMovement":false
"rotateMoveFirst":true
"weapons": [
{
"type": "RepairBeamWeapon",  
"alternate": true,
"rotate": true,
"mirror": true,
"top": true,
"rotateSpeed": 3,
"name": "包夹2",
"x": 4,
"y": 4,
"repairSpeed":1.5,
"bullet": {"maxRange": 80}
}
{
"name": "包夹1",
"x": 0,
"y": 0,
"shootY": 2
"reload": 40,
"alternate": true,
"rotate": true,
"mirror": false,
"top": true,
"rotateSpeed": 4,
"inaccuracy": 1,
"shootSound": "shootSnap",
"shoot": {
"type": "ShootBarrel",
"shots": 5,
"shotDelay": 6,
"barrels": [
4, 3, 0,
-4, 3, 0,
]
	}
"bullet": {
"type":"BasicBulletType"
"speed":4
"lifetime":40
"damage":18
"width": 5
"height": 8
}
}
]
"abilities": [
{
"type": "ShieldRegenFieldAbility",
"amount":80
"reload": 300,
"range": 46
},
]
}