{
"research": {
  "parent": "倍增级坦克重构车间",
  "requirements": [
  "plastanium/68000",
  "titanium/86000"
  "silicon/88000"
  ]
  }
"name": "探求",
"description": "大型坦克类兵种，拥有极高护甲，配备了小型方向立场盾，武器选取了EMP电弧弹和激光发生器",
"type": "tank",
"armor": 10,
"commandLimit": 6,
"speed": 0.58,
"rotateSpeed": 3
"hitSize":24
"health": 10000,
"template":"TankUnitType"
"treadFrames":1
"treadPullOffset":2
"rippleScale":1.2
"treadRects": [
{
"x": 0,
"y": 8,
"width": 8,
"height": 30
},
{
"x": 48,
"y": 43,
"width": 10,
"height": 40
},
{
"x": 48,
"y": -26,
"width": 10,
"height": 40
},
]
"squareShape":true
"omniMovement":false
"rotateMoveFirst":true
"weapons": [
{
"shootY": 10
"name": "探求1",
"x": 0,
"y": 0,
"shootY": 4
"reload": 160,
"alternate": true,
"rotate": true,
"mirror": false,
"top": true,
"rotateSpeed": 2,
"inaccuracy": 0,
"shootSound": "laser",
"shoot": {
"shots": 1,
	}
"bullet": {
"type":"EmpBulletType"
"backColor":"FDFFCBFF"
"frontColor":"FDFFCBFF"
"speed":4
"lifetime":80
"damage":84
"width": 16
"height": 22
"splashDamage":300
"splashDamageRadius":43
"radius":82
"timeIncrease":2.0
"timeDuration":2400
"unitDamageScl":0.62
"trailChance": -1
"trailWidth": 6
"trailLength": 20
"trailColor": "B5FDA4FF"
"hitEffect":{
"type": "ExplosionEffect",
"lifetime": 42,
"waveColor": "B5FDA4FF",
"smokeColor": "B5FDA4FF",
"sparkColor": "B5FDA4FF",
"waveLife": 20,
"waveRadBase": 0,
"waveRad": 43,
"sparkRad": 43
"smokeSize": 4.3,
"smokeSizeBase": 1.2,
"smokeRad": 43,
"smokes": 12,
"sparks": 18
}
"intervalBullets":2
"bulletInterval":8
"intervalBullet":{
"type":"LightningBulletType",
"lightningColor":"B5FDA4FF"
"damage":20,
"lightningLength":6,
}
"fragBullets": 4
    "fragBullet": {
    "type":"LightningBulletType",
    "lightningColor":"B5FDA4FF"
    "damage":28,
    "lightningLength":8,
    }
}
}
{
"name": "探求3",
"x": 12,
"y": 8,
"shootY": 8
"reload": 300,
"alternate": true,
"top": false,
"rotate": true,
"rotateSpeed": 4,
"inaccuracy": 0,
"shootSound": "laser",
"shoot": {
"type":"ShootSpread"
	"shots":1,
	}
"bullet": {
"type":"LaserBulletType",
"colors":["C9FFBCD3", "B5FDA4FF", "DEF8D8FF"],
"collidesTeam": true,
"healPercent": 15,
"damage":80,
"sideAngle":17,
"sideWidth":2
"sideLength":48
"length":260
"shootEffect": "shockwave"
}
}
{
"type": "RepairBeamWeapon",  
"alternate": true,
"rotate": true,
"mirror": true,
"top": true,
"name": "包夹2",
"x": 10,
"y": -10,
"repairSpeed":3,
"bullet": {"maxRange": 160}
}
]
"abilities": [
{
"type": "ShieldArcAbility",
"radius": 40,
"width": 4,
"max": 560,
"regen": 0.6,
"cooldown": 1200,
"angle": 60,
"angleOffset": 0
}
]
}