{
"research": {
  "parent": "坦克制作车间",
  "requirements": [
  "silicon/450",
  "graphite/320",
  "lead/1400",
  ]
  },
"name": "入侵",
"description": "小型坦克类兵种，装配了小型弱化炮台",
"type": "tank",
"armor": 3,
"commandLimit": 6,
"speed": 0.78,
"rotateSpeed": 3
"hitSize":8
"template":"TankUnitType"
"treadFrames":18
"health": 235,
"range": 140,
"treadFrames":1
"treadPullOffset":2
"rippleScale":1.2
"treadRects": [
{
"x": 12,
"y": 0,
"width": 15,
"height": 18
},
]
"squareShape":true
"omniMovement":false
"rotateMoveFirst":true
"weapons": [
{
"name": "入侵1",
"x": 0,
"y": 0,
"shootY": 2
"reload": 45,
"alternate": true,
"rotate": true,
"mirror": false,
"top": true,
"rotateSpeed": 4,
"inaccuracy": 0,
"shootSound": "shootSnap",
"shoot": {
"type":"ShootHelix"
"sci":5
"mag":2
"shots":1,
}
"bullet": {
"backColor":"A278E1FF"
"frontColor":"A278E1FF"
"type":"BasicBulletType"
"speed":4
"lifetime":35
"damage":10
"width": 8
"height": 10
"status":"sapped"
"statusDuration":120
"trailChance": -1
"trailWidth": 2
"trailLength": 18
"trailColor": "A278E1FF"
}
}
]
}