{
"research": {
  "parent": "坦克重构车间",
  "requirements": [
  "silicon/1600",
  "graphite/2000",
  "lead/1800",
  "titanium/1200",
  ]
  },
"name": "突破",
"description": "小型坦克类兵种，速度较快，装备了弱化射线和小型火炮，能在攻击时自我修复",
"type": "tank",
"armor": 5,
"commandLimit": 6,
"speed": 0.74,
"rotateSpeed": 3
"hitSize":14
"template":"TankUnitType"
"treadFrames":18
"health": 680,
"range": 220,
"maxRange": 220,
"treadFrames":1
"treadPullOffset":2
"rippleScale":1.2
"treadRects": [
{
"x": 10,
"y": 0,
"width": 15,
"height": 24
},
]
"squareShape":true
"omniMovement":false
"rotateMoveFirst":true
"weapons": [
{
"name": "突破1",
"x": 4,
"y": 3,
"shootY": 0
"reload": 10,
"alternate": true,
"rotate": true,
"mirror": true,
"top": true,
"rotateSpeed": 4,
"inaccuracy": 0,
"shootSound": "sap",
"shoot": {
"shots":1,
}
"bullet": {
"type":"SapBulletType"
"length":68
"sapStrength":0.6
"damage":6
"lightOpacity":1.5
"lightColor":"A278E1FF"
"color":"A278E1FF"
"status":"sapped"
"statusDuration":120
}
}
{
"name": "突破2",
"x": 0,
"y": 0,
"shootY": 2
"reload": 60,
"alternate": true,
"rotate": true,
"mirror": false,
"top": true,
"rotateSpeed": 4,
"inaccuracy": 0,
"shootSound": "artillery",
"shoot": {
"type":"ShootSpread"
	"shots":1,
	}
"bullet": {
"type":"artilleryBulletType"
"backColor":"A278E1FF"
"frontColor":"A278E1FF"
"speed":4
"width": 10
"height": 14
"splashDamageRadius":18
"splashDamage":22
"status":"sapped"
"statusDuration":300
"hitEffect":{
"type": "ExplosionEffect",
"lifetime": 30,
"waveColor": "A278E1FF",
"smokeColor": "A278E1FF",
"sparkColor": "A278E1FF",
"waveLife": 12,
"waveRadBase": 0,
"waveRad": 22,
"sparkRad": 20
"smokeSize": 4,
"smokeSizeBase": 0,
"smokeRad": 26,
"smokes": 3,
"sparks": 6
}
}
}
]
}