{
	"type":"BeamDrill",
	"category":"production",
	"name":"大型切割钻头",
	"description":"放置在矿物墙旁使用激光束进行挖掘。",

	"research":{
	"parent":"cut-drill",
	"requirements":[
	"chromium/2000",
	"silicon/1500",
	"plastanium/1000"
	]	},

	"requirements":[
	"chromium/40",
	"silicon/30",
	"plastanium/20"
	],

	"consumes":{
	"power":0.5,
	"liquids":[
	"hydrogen/0.016666666666666"
	],
	"liquid":{
	"liquid":"nitrogen",
	"amount":0.033333333333333,
	"liquidBoostIntensity":1.5,
	"optional":true,
	"booster":true
	}	},

	"itemCapacity":20,
	"liquidCapacity":20,
	"size":3,
	"health":1060,
	"tier":5,
	"range":6,
	"fogRadius":3,
	"drillTime":60
}