{
//	"type":"WallCrafter",
	"category":"production",
	"name":"掘沙机",
	"description":"粉碎墙壁，以缓慢的速度产出沙子\n效果因墙的类型而异",

	"research":{
	"parent":"cut-drill",
	"requirements":[
	"graphite/30",
	"nickel/60"
	]	},

	"requirements":[
	"graphite/10",
	"nickel/20"
	],

	"consumes":{
		"power":0.3
	},

	"attribute":"sand",

	"output":"sand",

	"itemCapacity":10,
	"liquidCapacity":10,
	"size":2,
	"health":480,
	"fogRadius":2,
	"drillTime":90,
	"hasShadow":true
}