{
	"type":"WallCrafter",
	"category":"production",
	"name":"钨钢掘沙机",
	"description":"粉碎墙壁，以缓慢的速度产出沙子。\n效果因墙的类型而异。",

	"research":{
	"parent":"wulfrum-drill",
	"requirements":[
	"graphite/5000",
	"wulfrum-steel/10000"
	],
	"objectives":[
	"wulfrum-core"
	]	},

	"requirements":[
	"graphite/50",
	"wulfrum-steel/50"
	],

	"consumes":{
	"power":0.4
	},

	"attribute":"sand",

	"output":"sand",

	"itemCapacity":10,
	"liquidCapacity":10,
	"size":3,
	"health":980,
	"armor":4,
	"fogRadius":3,
	"drillTime":100,
	"hasShadow":true
}