{
  "type":"CoreBlock",//方块类别
  "name":"一代初始核心",//名字
  "description":"适合前期使用的核心。",//简介 解锁后显示
  "details":"有15000的血量，7000的物品容量，前期性价比比较高。",//永久显示版的简介
  "size":4,//尺寸
  "health":15000,//血量
  "itemCapacity":7000,//物品容量
  "unitCapModifier":12,//该核心所增加的单位上限
  "unitType":"poly",//核心单位
  "requirements": [
    "copper/2000",//"物品名/数量",
    "lead/1000"
  ],//建造消耗
  "category": "effect",//建造栏分类
  "research": {
  "root":true,
  "name": "忒莱姆"
  "planet": "忒莱姆",
  }//科技树前置
  "alwaysUnlocked": true ,//是否始终解锁
}