{
  "type":"CoreBlock",//方块类别
  "name":"二代初始核心",//名字
  "description":"适合前期使用的核心。",//简介 解锁后显示
  "details":"有20000的血量，15000的物品容量，前期性价比比较高。",//永久显示版的简介
  "size":5,//尺寸
  "health":20000,//血量
  "itemCapacity":15000,//物品容量
  "unitCapModifier":36,//该核心所增加的单位上限
  "unitType":"德尔塔",//核心单位
  "requirements": [
    "copper/2000",//"物品名/数量",
    "lead/2000"
    "硅芯片/500"
    "silicon/500"
    "titanium/500"
    "graphite/500"
    "铜铅合金/1500"
    "建筑废料/2000"
  ],//建造消耗
  "category": "effect",//建造栏分类
  "research": "一代初始核心"//科技树前置
}