{
	"type": "tank",
	"name": "齐聚",
	"description": "向附近敌人发射大量大口径子弹。",
	"details": "[red]击破敌人的装甲！",
	"squareShape": true,
	"mass": 15
	"omniMovement": false,
	"rotateMoveFirst": false,
	"rotateSpeed": 1.6,
	"speed": 0.6,
	"hitSize": 22,
	"ammoCapacity": 300,
	"health": 4000,
	"armor": 5,
	"drag": 0.08,
	"accel": 0.1,
	"itemCapacity": 5,
	"treadPullOffset": 3,
	"treadRects": [
		{
			"x": 6,
			"y": 2.75,
			"width": 2,
			"height": 4.5
		},
		{
			"x": 6,
			"y": -4.5,
			"width": 2,
			"height": 4.5
		}
	],
	"faceTarget": false,
	"research": "陆2",
	"requirements": {
		"block": "multiplicative-reconstructor",
		"previous": "陆2"
	},
	"weapons": [
		{
			"name": "蜂蜜蜂",
			"x": 0,
			"mirror": false,
			"shootY": 1.5,
			"reload": 10,
			"rotate": true,
			"y": 0,
			"shootCone": 15,
			"recoil": 0,
			"shootSound": "missile",
			"heatColor": "FFFFFF",
			"cooldownTime": 20,
			"shoot": {
				"type": "ShootPattern",
				"firstShotDelay": 7.5
			},
			"bullet": {
				"type": "PointBulletType",
				"trailSpacing": 3,
				"trailEffect": {
					"type": "MultiEffect",
					"effects": [
						{
							"type": "ParticleEffect",
							"particles": 1,
							"length": 0,
							"baseLength": 1,
							"lifetime": 7.5,
							"line": true,
							"randLength": false,
							"lenFrom": 3.3,
							"lenTo": 3.3,
							"strokeFrom": 1.2,
							"strokeTo": 0,
							"colorFrom": "FFFFFF",
							"colorTo": "FFFFFF",
							"cone": 0
						},
					]
				},
				"damage": 50,
				"lifetime": 16,
				"speed": 16,
				"splashDamageRadius": 30,
				"splashDamage": 8.8,
				"smokeEffect": "none",
				"hitSound": "explosion",
			}
		}
				]
}