{
	"health": 44800,
	"armor": 26,
	"details": "搭载修复光束与纳米导弹",
	"controller": "FlyingFollowAI",
	"ammoType": {
		"type": "PowerAmmoType",
		"totalPower": 5000
	},
	"abilities": [
	{
		"type": "SuppressionFieldAbility",
		"range": 180,
		"reload": 60,
		"y": 1,
		"color": "c0ecff",
		"orbRadius": 5,
		"orbMidScl": 0.33,
		"particles": 12,
		"particleColor": "c0ecff90",
		"particleLife": 50,
		"particleLen": -8,
		"particleSize": 2,
		"effectColor": "c0ecff",
		"applyParticleChance":0
	}
	{
			"type": "ForceFieldAbility",
			"radius": 82,
			"regen": 6,
			"max": 18600,
			"cooldown": 920
		}
	],
	"weapons": [
		{
			"name": "O枪",
			"reload": 16,
			"x": -20,
			"y": 16,
			"shoot": {
				"shots": 3,
				"shotDelay": 3
			},
			"rotate": true,
			"rotateSpeed": 9,
			"inaccuracy": 3,
			"shootSound": "lasershoot",
			"bullet": {
				"type": "LaserBoltBulletType",
				"frontColor": "FFFFFF",
				"backColor": "97FFA8",
				"healPercent": 3.2,
				"damage": 25,
				"pierce": true,
				"pierceCap": 2,
				"collidesTeam": true,
				"speed": 7,
				"lifetime": 45,
				"width": 2.5,
				"height": 10
			}
		},
		{
			"name": "O枪",
			"reload": 56,
			"controllable": false,
			"x": 26,
			"y": 14,
			"shoot": {
				"shots": 4,
				"shotDelay": 4
			},
			"rotate": true,
			"rotateSpeed": 9,
			"inaccuracy": 3,
			"shootSound": "lasershoot",
			"bullet": {
				"type": "LaserBoltBulletType",
				"frontColor": "FFFFFF",
				"backColor": "97FFA8",
				"healPercent": 3.5,
				"damage": 20,
				"pierce": true,
				"pierceCap": 2,
				"collidesTeam": true,
				"speed": 7,
				"lifetime": 45,
				"width": 3,
				"height": 10
			}
		},
		{
			"name": "O枪",
			"reload": 10,
			"x": -20,
			"y": -32,
			"shoot": {
				"shots": 3,
				"shotDelay": 3
			},
			"rotate": true,
			"rotateSpeed": 9,
			"inaccuracy": 3,
			"shootSound": "lasershoot",
			"bullet": {
				"type": "LaserBoltBulletType",
				"frontColor": "FFFFFF",
				"backColor": "97FFA8",
				"healPercent": 2.5,
				"damage": 24,
				"pierce": true,
				"pierceCap": 2,
				"collidesTeam": true,
				"speed": 7,
				"lifetime": 45,
				"width": 2.5,
				"height": 10
			}
		},
		{
			"name": "O枪",
			"reload": 56,
			"controllable": false,
			"x": 26,
			"y": -30,
			"shoot": {
				"shots": 4,
				"shotDelay": 4
			},
			"rotate": true,
			"rotateSpeed": 9,
			"inaccuracy": 3,
			"shootSound": "lasershoot",
			"bullet": {
				"type": "LaserBoltBulletType",
				"frontColor": "FFFFFF",
				"backColor": "97FFA8",
				"healPercent": 3.5,
				"damage": 18,
				"pierce": true,
				"pierceCap": 2,
				"collidesTeam": true,
				"speed": 7,
				"lifetime": 45,
				"width": 3,
				"height": 10
			}
		},
		{
			"name": "要塞2",
			"reload": 60,
			"x": 24,
			"y": -8,
			"shootY": 6,
			"xRand": 4,
			"shoot": {
				"shots": 2,
				"shotDelay": 8,
				"type": "ShootHelix",
				"mag": 1,
				"scl": 3
			},
			"rotate": true,
			"rotateSpeed": 3,
			"alternate": true,
			"inaccuracy": 24,
			"shootSound": "missile",
			"bullet": {
				"type": "MissileBulletType",
				"frontColor": "FFFFFF",
				"backColor": "97FFA8",
				"healPercent": 10,
				"status": "拆解",
				"statusDuration": 90,
				"damage": 10,
				"splashDamageRadius": 48,
				"splashDamage": 72,
				"homingPower": 0.075,
				"homingRange": 110,
				"trailLength": 8,
				"trailWidth": 3,
				"trailColor": "97FFA8",
				"sprite": "missile-large",
				"shrinkY": 0,
				"shootEffect": {
					"type": "ParticleEffect",
					"particles": 6,
					"sizeFrom": 3,
					"sizeTo": 0,
					"length": 30,
					"baseLength": 0,
					"lifetime": 65,
					"colorFrom": "97FFA8",
					"colorTo": "97FFA800",
					"cone": 60
				},
				"smokeEffect": {
					"type": "WaveEffect",
					"lifetime": 10,
					"sizeFrom": 1,
					"sizeTo": 16,
					"strokeFrom": 2,
					"strokeTo": 0,
					"colorFrom": "97FFA8AA",
					"colorTo": "97FFA8AA"
				},
				"hitSound": "plasmaboom",
				"hitEffect": {
					"type": "MultiEffect",
					"effects": [
						{
							"type": "ParticleEffect",
							"particles": 6,
							"sizeFrom": 6,
							"sizeTo": 0,
							"length": 30,
							"baseLength": 20,
							"lifetime": 45,
							"colorFrom": "97FFA8AA",
							"colorTo": "97FFA890"
						},
						{
							"type": "WaveEffect",
							"lifetime": 15,
							"sizeFrom": 0,
							"sizeTo": 49,
							"strokeFrom": 4,
							"strokeTo": 0,
							"colorFrom": "97FFA8",
							"colorTo": "97FFA890"
						}
					]
				},
				"despawnEffect": "none",
				"collidesTeam": true,
				"speed": 5,
				"lifetime": 80,
				"width": 12,
				"height": 12
			}
		}
	]
}