{
	"details":"安装更可靠的制导系统",
	"buildSpeed": 1,
	"range":140,
	"weapons":[
	{"name": "O枪",
	"reload":30, 
	"top":false,
	"x": 4,  "y": -3.5, 
	"rotate": false,
	"inaccuracy": 5,
	"shootSound": "missile",
	"alternate": true,
	"bullet":{
	"type":"MissileBulletType",
	"healPercent":5,   
	"frontColor":"FFFFFF",	
	"backColor":"97FFA8",
	"trailColor":"97FFA8",	
	"damage":12,
	"hitEffect":"none",
	"hitSound":"none",
	"despawnEffect":"none",
	"collidesTeam":true,  
	"speed":4,	"lifetime":56,
	"width":9,	 "height":10
	}	},
	{
			"name": "灾星2",
			"type": "RepairBeamWeapon",
			"x": 0,
			"y": 0,
			"shootY": 6,
			"beamWidth": 0.8,
			"mirror": true,
			"repairSpeed": 2,
			"bullet": {
				"maxRange": 120
			}
		},
	]
}
