{
	"type": "naval",
	"name": "剑鱼",
	"description": "重型战舰，拥有一门双管主炮，附带两门聚能激光炮攻击，对空对地，对建筑有伤害加成，后方有一个可以停载直升机的机位。\n[blue][超限技术海上舰船]",
		"immunities": [
		"wet","spore-slowed","tarred"
	],
	"speed":0.3,
	"rotateSpeed":0.9,
	"ammoType":{
	"type":"PowerAmmoType",
	"totalPower":100},
	"ammoCapacity": 60,
    "trailLength":24,
    "waveTrailX":0,
    "waveTrailY":-6,
    "trailScl":2,
	"hitSize":32, 
	"health": 11460,
	"armor":24,
	"faceTarget": false,
	//"maxRange": 400,
	"weapons":[
	{  	"name":"歼鲨1"
	    "shootCone":30,
		"rotationLimit":180,
		"reload":30
        "x": 10
         "y": -6
        "rotate": true,
        "inaccuracy": 0
		"shootSound": "laser",
		"rotateSpeed": 1
		"baseRotation":-30
		"alternate": true,
		"ejectEffect":"casing1",
   "recoil": 2,
	"bullet":{
	         "type": "LaserBulletType",
	"chargeEffect":{
		"type":"MultiEffect",
		"effects":["lancerLaserCharge","lancerLaserChargeBegin"]
	},
	"colors": ["c0ecff","1878BF","FFFFFF"],
	"status": "脆裂",
			"statusDuration": 330,
	"pierceBuilding": true,
		"collidesGround":true,
			"collidesAir":true,
	"despawnEffect":"none",
	"lightningSpacing":25,
	"lightningLength":6,
	"lightningDelay":0.6,
	"lightningLengthRand":1,
	"lightningAngleRand":8,
	"lightningDamage":66,
	"lightningColor":"c0ecff",
	"damage": 118,
	"pierceDamageFactor":0.4
	"ammoMultiplier":1,
	"pierce": true
	"width": 28,	"length": 80,
	"lifetime": 30,
	"collidesAir": true
	               	}
	}
	{	"name": "舰炮",	
		"reload":20,
        "x": 0
         "y": 6
        "rotate": true,
        "inaccuracy": 3
		"shootSound": "artillery",
		"rotateSpeed": 1
		//"alternate": true,
		"shootCone": 30,
		"ejectEffect":"casing1",
		"shootY":8
		"mirror":false
		"recoils": 2,
			"shoot":{
		"type": "ShootAlternate",
		"barrels": 2
		"spread": 4
	},
   "parts": [
        {
				"type": "RegionPart",
				"suffix": "-左",
				"recoilIndex": 0
				"under":true
				"layer": 69
				"moves": [{
						"progress": "recoil",
						"y": -3
					}],
				//"heatProgress": "heat"
			},
			{
				"type": "RegionPart",
				"suffix": "-右",
				"recoilIndex": 1
				"under":true
				"layer": 69
				"moves": [{
						"progress": "recoil",
						"y": -3
					}],
				//"heatProgress": "heat"
			}]
   "recoil": 0
		"bullet":{
	    "speed": 6
	    "lifetime":55
		"width": 16,"height": 22,
		"damage":9
		"shootEffect": "shootSmall",
		"pierceArmor": true,
			"status": "破甲",
			"statusDuration": 130,
        "backColor":"c0ecff",
        			"frontColor":"c0ecff"
        			"trailLength":8
        "trailWidth":1.5,
    "trailColor":"c0ecff",
    "backColor": "c0ecff",
				"frontColor": "c0ecff",
        "fragLifeMin":0.8,
            "lightningDamage":29,
            "lightningColor": "c0ecff",
    "lightning":4
    "lightningLength":18
    "fragBullets":3
    	"fragBullet": {
    "shootEffect": [{     
        "type": "WaveEffect",
        "lifetime": 10,
        "sizeFrom": 0,
        "sizeTo": 4,
        "strokeFrom": 2,
        "strokeTo": 0,
        "colorFrom": "c0ecff",
        "colorTo": "c0ecff"
	   }
	   {     
        "type": "WaveEffect",
        "lifetime": 10,
        "sizeFrom": 1,
        "sizeTo": 1,
        "strokeFrom": 2,
        "strokeTo": 0,
        "colorFrom": "c0ecff",
        "colorTo": "c0ecff00"
	   }
	   ]
	   "despawnEffect": [{
            "type": "WaveEffect",
            "lifetime": 10,
            "sizeFrom": 0,
            "sizeTo": 12,
            "strokeFrom": 24,
            "strokeTo": 0,
            "colorFrom": "c0ecff",
            "colorTo": "c0ecff00"
        }
        {
            "type": "WaveEffect",
            "lifetime": 20,
            "sizeFrom": 2,
            "sizeTo": 2,
            "strokeFrom": 4,
            "strokeTo": 4,
            "colorFrom": "c0ecff",
            "colorTo": "c0ecff00"
        }
        ]
        "hitEffect": [{
            "type": "WaveEffect",
            "lifetime": 10,
            "sizeFrom": 0,
            "sizeTo": 12,
            "strokeFrom": 24,
            "strokeTo": 0,
            "colorFrom": "c0ecff",
            "colorTo": "c0ecff00"
        }
        {
            "type": "WaveEffect",
            "lifetime": 20,
            "sizeFrom": 2,
            "sizeTo": 2,
            "strokeFrom": 4,
            "strokeTo": 4,
            "colorFrom": "c0ecff",
            "colorTo": "c0ecff00"
        }
        ]
		"frontColor":"c0ecff"
    "trailLength":12
    "trailWidth":1.5,
    "trailColor":"c0ecff",
    "backColor":"c0ecff",
    "frontColor":"c0ecff"
		"targetair": true
	    "damage":3,
	    "speed":3
	    "splashDamageRadius":12,
	"splashDamage":44
	"knockback": 1,
	    "lifetime":40
	    "width":8,	 "height":8
	    "homingRange": 300
        "homingPower": 0.5,
    "weaveMag":2,
	"weaveScale":4,
	"makeFire":true,
            "pierceArmor": true,
            "parts": [
                    {
                        "type": "FlarePart",
                        "rotation": 0,
                        "color1": "c0ecff",
                        "stroke": 2,
                        "radius": 0,
                        "radiusTo": 12,
                        "progress": {
                            "type": "life",
                            "op": "curve",
                            "interp": "pow3Out"
                        }
                    }
                ]
	}
	"despawnEffect": [{
            "type": "WaveEffect",
            "lifetime": 15,
            "sizeFrom": 0,
            "sizeTo": 36,
            "strokeFrom": 6,
            "strokeTo": 0,
            "colorFrom": "c0ecff",
            "colorTo": "c0ecff00"
        }
        {
            "type": "WaveEffect",
            "lifetime": 30,
            "sizeFrom": 12,
            "sizeTo": 12,
            "strokeFrom": 24,
            "strokeTo": 24,
            "colorFrom": "c0ecff40",
            "colorTo": "c0ecff00"
        }
        {
                "type": "ParticleEffect",
                "particles": 12
                "sizeFrom": 0,
                "sizeTo": 6,
                "line": true,
                "length": 0,
                "baseLength": 36,
                "lifetime": 60,
                "colorFrom": "c0ecff",
                "colorTo": "c0ecff00",
                "cone": 360}
        {
                "type": "ParticleEffect",
                "particles": 12
                "sizeFrom": 9,
                "sizeTo": 0,
                "line": true,
                "length": 0,
                "baseLength": 36,
                "lifetime": 60,
                "colorFrom": "c0ecff",
                "colorTo": "c0ecff",
                "cone": 360}
        {
                "type": "ParticleEffect",
                "particles": 9
                "sizeFrom": 0,
                "sizeTo": 9,
                "length": 0,
                "baseLength": 36,
                "lifetime": 60,
                "colorFrom": "c0ecff",
                "colorTo": "c0ecff00",
                "cone": 360}
        {
                "type": "ParticleEffect",
                "particles": 9
                "sizeFrom": 9,
                "sizeTo": 0,
                "length": 0,
                "baseLength": 36,
                "lifetime": 60,
                "colorFrom": "c0ecff",
                "colorTo": "c0ecff",
                "cone": 360}
        ]
        "hitEffect":[{
            "type": "WaveEffect",
            "lifetime": 15,
            "sizeFrom": 0,
            "sizeTo": 36,
            "strokeFrom": 6,
            "strokeTo": 0,
            "colorFrom": "c0ecff",
            "colorTo": "c0ecff00"
        }
        {
            "type": "WaveEffect",
            "lifetime": 30,
            "sizeFrom": 12,
            "sizeTo": 12,
            "strokeFrom": 24,
            "strokeTo": 24,
            "colorFrom": "c0ecff40",
            "colorTo": "c0ecff00"
        }
        {
                "type": "ParticleEffect",
                "particles": 12
                "sizeFrom": 0,
                "sizeTo": 6,
                "line": true,
                "length": 0,
                "baseLength": 36,
                "lifetime": 60,
                "colorFrom": "c0ecff",
                "colorTo": "c0ecff00",
                "cone": 360}
        {
                "type": "ParticleEffect",
                "particles": 12
                "sizeFrom": 9,
                "sizeTo": 0,
                "line": true,
                "length": 0,
                "baseLength": 36,
                "lifetime": 60,
                "colorFrom": "c0ecff",
                "colorTo": "c0ecff",
                "cone": 360}
        {
                "type": "ParticleEffect",
                "particles": 9
                "sizeFrom": 0,
                "sizeTo": 9,
                "length": 0,
                "baseLength": 36,
                "lifetime": 60,
                "colorFrom": "c0ecff",
                "colorTo": "c0ecff00",
                "cone": 360}
        {
                "type": "ParticleEffect",
                "particles": 9
                "sizeFrom": 9,
                "sizeTo": 0,
                "length": 0,
                "baseLength": 36,
                "lifetime": 60,
                "colorFrom": "c0ecff",
                "colorTo": "c0ecff",
                "cone": 360}
        ]
         "shootEffect": [{     
        "type": "WaveEffect",
        "lifetime": 10,
        "sizeFrom": 0,
        "sizeTo": 4,
        "strokeFrom": 2,
        "strokeTo": 0,
        "colorFrom": "c0ecff",
        "colorTo": "c0ecff"
	   }
	   {     
        "type": "WaveEffect",
        "lifetime": 10,
        "sizeFrom": 1,
        "sizeTo": 1,
        "strokeFrom": 2,
        "strokeTo": 0,
        "colorFrom": "c0ecff",
        "colorTo": "c0ecff00"
	   }
	   ]
	}	}
	{  	"name":"无"
	    "shootCone":360,
		"rotationLimit":0,
		"reload":600
        "x": 0
         "y": -14
        "rotate": true,
        "inaccuracy": 0
		"shootSound": "missile",
		"rotateSpeed": 1
		"baseRotation":-180
		"alternate": true,
		"ejectEffect":"casing1",
		"mirror":false
   "recoil": 2,
   "recoils": 2,
   "alwaysShooting": true,
			"recoil": 0,
	"bullet":{
	         "type": "BasicBulletType",
             "spawnUnit": "雨燕",
             "speed": 0,
	               	}
	}
	]
	/*"research": {
	"parent":"uAABT1N田螺"
	"objectives": [
            {
				"type": "SectorComplete",
				"preset": "遗忘河滩"
			}
	]
	}*/
	//"controller": "DefenderAI"
}