{
	"type": "ItemTurret",//种类 
	"name": "联装",//名称 
	"description": "三管200mm速射炮，虽然没有轨道的极高弹速带来的大量动能伤害，但其更高的射速在发射跟弹速无硬关联的化学弹药时获得了比轨道更高的dps",//描述 
	"health": 2000,//血量 
	"size": 3,//大小 
	"reload": 60,//装填时间
	"range": 280,//攻击范围 8/格 
	"recoil":0.5,//后坐力大小
	"minWarmup": 0.05,//预热时间
	"targetAir": true,//是否对空
    "consumes": {
        "power": 3,
        "coolant": {
            "amount": 0.2,
            "optional": true
        }
    },
    "coolantMultiplier": 4,
	"ammoUseEffect":"none",
    "targetGround": true,//是否对地
	"shoot":{
	    "type":"shootPattern"
	    "shots":3,//发射子弹数
	    "shotDelay":20.0//两颗子弹的发射间隔
	}
	"inaccuracy": 1,//误差 1=1度 
	"rotateSpeed": 4.5,//旋转速度 
	"shake":2.5,//射击摇动 
	"maxAmmo":50,//弹夹容量
	"ammoPerShot":3,//射击一次消耗子弹
	"ammoTypes": {
	    "小口径破甲弹":{
			"speed": 10,
			"damage": 10,
			"splashDamageRadius":6,
			"splashDamage":10,
			"lifetime":30,
			"width": 5, 
			"height": 10,
			"ammoMultiplier":1,
			"knockback":3,
			"sprite":"三角-205HEAT",
			"pierce":false,
			"drag":0.01,
			"hitSize":12,
			"pierceArmor":false,
			"buildingDamageMultiplier":0.1,
			"fragBullets":1,
			"fragRandomSpread":0
			"fragBullet":{
			    "type":"LaserBulletType",//激光子弹的type
			    "sideAngle":175,//子弹侧面倾斜角度
			    "sideWidth":1,//侧面宽
			    "sideLength":40,//侧面长
			    "lifetime":20,
			    "damage":325,
			    "drawSize":400,//渲染尺寸，不清楚
			    "length":45,//激光长度
			    "pierce":true,
			    "pierceArmor":true,
			    "buildingDamageMultiplier":0.2,
			}//爆炸产生的子弹
		}//破甲弹
		"小口径碎甲弹":{
			"speed": 10,
			"damage": 10,
			"splashDamageRadius":6
			"splashDamage":210
			"lifetime":30,
			"width": 5, 
			"height": 10,
			"ammoMultiplier":1,
			"knockback":3,
			"sprite":"三角-205HESH",
			"pierce":false,
			"drag":0.00,
			"hitSize":12,
			"pierceArmor":false,
			"buildingDamageMultiplier":1,
			"fragRandomSpread":90//散射范围
			"fragBullets":6,//产生子弹药数量
			"fragBullet":{
			    "collides":false,//不参与碰撞
			    "speed": 50,
    			"damage": 0,
    			"fragRandomSpread":0,
	    		"lifetime":1,
	    		"fragBullets":1,
			    "fragBullet": {
                    "type": "BulletType",
                    "damage": 30,
                    "speed": 14,
                    "collides":true,
                    "lifetime": 6,
                    /*"shootEffect": "shootSmall",（发射效果）*/
                    "hitEffect": "flakExplosion",//爆炸效果
                    "buildingDamageMultiplier":4,
                }
            }    
		}//碎甲弹
		"钛合金":{
			"speed": 10,
			"damage": 180,
			"lifetime":30,
			"width": 5, 
			"height": 10,
			"ammoMultiplier":3,
			"knockback":3,
			"sprite":"三角-205AP",
			"pierce":false,
			/*"shootEffect": "None",*/
			"drag":0.00,
			"hitSize":10,
			"pierceArmor":false,
			"buildingDamageMultiplier":0.05,
		}//次口径穿甲弹
		"碳素钢":{
			"speed": 10,
			"damage": 120,
			"lifetime":30,
			"width": 5, 
			"height": 10,
			"ammoMultiplier":3,
			"knockback":3,
			"sprite":"三角-205AP",
			/*"shootEffect": "None",*/
			"pierce":false,
			"drag":0.00,
			"hitSize":12,
			"pierceArmor":false,
			"buildingDamageMultiplier":0.08,
		}//穿甲弹
	}
	"requirements": [
		{ "item": "铝", "amount": 120 }
		{ "item": "碳素钢", "amount": 240 }
		{ "item": "钛合金", "amount": 190 }
	],//建造需求物品 
	"category": "turret",
	"research": "轨道"
	"researchCost":[
	    "铝/450",
	    "碳素钢/1200",
	    "钛合金/4250"
	]
}