{
	"type":"ItemTurret",
	"name":"导弹"
    "description":"发射一颗大威力定点导弹",
    "size":4
    "range":700
    "reload":240
	"health":750
	"inaccuracy":0
	"maxAmmo":15
	"targetAir":true
	"targetGround":true
	"liquidCapacity":120
	"consumes": {
	"coolant":{
            "amount":0.2
            "optional":true,
            "booster":true
        }
        }
	"shootSound":"largeCannon"
	"ammoTypes":{
        "铁":{
			"type":"MissileBulletType",
	"hitEffect":"flakExplosion",//子弹击中特效
	"trailColor":"FF4900FF",
	"despawnEffect":"flakExplosion"
			"width":45
			"height":80
			"speed":8
			"damage":1350
			"hitSize":2,
			"collidesTiles":true,
			"collidesGround":true,
			"collidesTeam":false,
			"collidesAir":true,
			"collides":true,
			"keepVelocity":true,
			"lifetime":350,
			"splashDamageRadius": 75,//爆炸伤害半径
            "splashDamage": 210,
			}
        "thorium":{
			"type":"MissileBulletType"
	        "hitEffect":"flakExplosion",//子弹击中特效
	"trailColor":"FF4900FF",
	"despawnEffect":"flakExplosion"
			"width":45
			"height":80
			"speed":8
			"damage":1580
			"hitSize":30
			"collidesTiles":true,
			"collidesGround":true
			"collidesTeam":false,
			"collidesAir":true,
			"collides":true,
			"keepVelocity":true,
			"lifetime":350
			"splashDamageRadius": 80,//爆炸伤害半径
    "splashDamage": 260
			}
        "surge-alloy":{
			"type":"MissileBulletType"
	        "hitEffect":"flakExplosion",//子弹击中特效
	"trailColor":"FF4900FF",
	"despawnEffect":"flakExplosion"
			"width":45
			"height":80
			"speed":8
			"damage":1685
			"hitSize":30
			"collidesTiles":true,
			"collidesGround":true,
			"collidesTeam":false,
			"collidesAir":true,
			"collides":true,
			"keepVelocity":true,
			"lifetime":350
			"splashDamageRadius": 90,//爆炸伤害半径
    "splashDamage": 310
			}
	}
	"requirements": [
		{ "item":"铁","amount":270},
		{ "item":"thorium","amount":260},
		{ "item":"钢化玻璃","amount":245},
		{ "item":"surge-alloy","amount":230}
		{ "item":"晶金板","amount":245},
	],
	"category": "turret",
	"heatColor":"fffd00ff"
	"research":"动能炮"
}