{
	"type":"ItemTurret",
	"name":"电磁加速炮"
    "description":"利用巨大的电力将物品加速至超高速度",
	"size":4
	"health":2350
	"range":1000
	"reload":7.5
	"inaccuracy":0
	"maxAmmo":1800
	"targetAir":true
	"targetGround":true,
	"shootSound":"malignShoot"
	"consumes": {
	"power":15
	"coolant":{
            "amount":0.2,
            "optional":true,
            "booster":true
        }
	}
	"ammoTypes":{
        "copper":{
			"type":"BasicBulletType",
	        "smokeEffect":"shootSmallSmoke"
	        "shootEffect":"shootSmall"
			"width":10,
			"height":10,
			"speed":15
			"damage":110
			"ammoMultiplier":15
			"reloadMultiplier":1.5//开火速度
			"hitSize":2,
			"splashDamage":80
			"splashDamageRadius":75,
			"lifetime":75,
			}
			"lead":{
			"type":"BasicBulletType",
	        "smokeEffect":"shootSmallSmoke"
	        "shootEffect":"shootSmall"
			"width":10,
			"height":10,
			"speed":15
			"damage":150
			"ammoMultiplier":15
			"reloadMultiplier":1.5//开火速度
			"hitSize":2,
			"splashDamage":110
			"splashDamageRadius":75,
			"lifetime":75,
			}
			"titanium":{
			"type":"BasicBulletType",
	        "smokeEffect":"shootSmallSmoke"
	        "shootEffect":"shootSmall"
			"width":10,
			"height":10,
			"speed":15
			"damage":190
			"ammoMultiplier":15
			"reloadMultiplier":1.5//开火速度
			"hitSize":2,
			"splashDamage":160
			"splashDamageRadius":75,
			"lifetime":75
			}
			"silicon":{
			"type":"BasicBulletType",
	        "smokeEffect":"shootSmallSmoke"
	        "shootEffect":"shootSmall"
			"width":10,
			"height":10,
			"speed":15
			"damage":240
			"ammoMultiplier":15
			"reloadMultiplier":1.5//开火速度
			"hitSize":2,
			"splashDamage":150
			"splashDamageRadius":75,
			"lifetime":75
			}
			"铁":{
			"type":"BasicBulletType",
	        "smokeEffect":"shootSmallSmoke"
	        "shootEffect":"shootSmall"
			"width":10,
			"height":10,
			"speed":15
			"damage":270
			"ammoMultiplier":15
			"reloadMultiplier":1.5//开火速度
			"hitSize":2,
			"splashDamage":230
			"splashDamageRadius":75,
			"lifetime":78
			}
			"plastanium":{
			"type":"BasicBulletType",
	        "smokeEffect":"shootSmallSmoke"
	        "shootEffect":"shootSmall"
			"width":10,
			"height":10,
			"speed":15
			"damage":290
			"ammoMultiplier":15
			"reloadMultiplier":1.5//开火速度
			"hitSize":2,
			"splashDamage":240
			"splashDamageRadius":75,
			"lifetime":75
			}
			"thorium":{
			"type":"BasicBulletType",
	        "smokeEffect":"shootSmallSmoke"
	        "shootEffect":"shootSmall"
			"width":10,
			"height":10,
			"speed":15
			"damage":330
			"ammoMultiplier":15
			"reloadMultiplier":1.5//开火速度
			"hitSize":2,
			"splashDamage":290
			"splashDamageRadius":75,
			"lifetime":75
			}
			"钢化玻璃":{
			"type":"BasicBulletType",
	        "smokeEffect":"shootSmallSmoke"
	        "shootEffect":"shootSmall"
			"width":10,
			"height":10,
			"speed":15
			"damage":350
			"ammoMultiplier":15
			"reloadMultiplier":1.5//开火速度
			"hitSize":2,
			"splashDamage":310
			"splashDamageRadius":75,
			"lifetime":75
			}
			"surge-alloy":{
			"type":"BasicBulletType",
	        "smokeEffect":"shootSmallSmoke"
	        "shootEffect":"shootSmall"
			"width":10,
			"height":10,
			"speed":15
			"damage":380
			"ammoMultiplier":15
			"reloadMultiplier":1.5//开火速度
			"hitSize":2,
			"splashDamage":350
			"splashDamageRadius":75,
			"lifetime":75
			}
			"金刚石":{
			"type":"BasicBulletType",
	        "smokeEffect":"shootSmallSmoke"
	        "shootEffect":"shootSmall"
			"width":10,
			"height":10,
			"speed":15
			"damage":390
			"ammoMultiplier":15
			"reloadMultiplier":1.5//开火速度
			"hitSize":2,
			"splashDamage":360
			"splashDamageRadius":75,
			"lifetime":75
			}
			"物质原子":{
			"type":"BasicBulletType",
	        "smokeEffect":"shootSmallSmoke"
	        "shootEffect":"shootSmall"
			"width":10,
			"height":10,
			"speed":15
			"damage":420
			"ammoMultiplier":15
			"reloadMultiplier":1.5//开火速度
			"hitSize":2,
			"splashDamage":380
			"splashDamageRadius":75,
			"lifetime":75
			}
			"晶金板":{
			"type":"BasicBulletType",
	        "smokeEffect":"shootSmallSmoke"
	        "shootEffect":"shootSmall"
			"width":10,
			"height":10,
			"speed":15
			"damage":450
			"ammoMultiplier":15
			"reloadMultiplier":1.5//开火速度
			"hitSize":2,
			"splashDamage":410
			"splashDamageRadius":75,
			"lifetime":75
			}
			"scrap":{
			"type":"BasicBulletType",
	        "smokeEffect":"shootSmallSmoke"
	        "shootEffect":"shootSmall"
			"width":10,
			"height":10,
			"speed":15
			"damage":85
			"ammoMultiplier":15
			"reloadMultiplier":1.5//开火速度
			"hitSize":2,
			"splashDamage":60
			"splashDamageRadius":75,
			"lifetime":75
			}
	}
	"requirements": [
		{ "item":"surge-alloy","amount":700}
		{ "item":"物质原子","amount":580}
		{ "item":"金刚石","amount":675}
		{ "item":"钢化玻璃","amount":620}
		{ "item":"晶金","amount":550}
	],
	"category": "turret",
	"heatColor":"74a7ffff"
	"research":"轨道湮灭激光发射装置"
}