{
 "type":"PowerTurret"//类型
	"description": "对电弧进行强化，拥有更高的射速和伤害",//介绍
	"name":"闪电塔"
	"targetGround": true,//是否攻击陆军
	"health": 500,	//血量
	"targetAir":true,//攻击天空
	"hasPower":true
	"inaccuracy": 0,//误差度数90为90度
	"reload":20
	"range":150,//射程8为1格
	"size": 2,
    "buildCostMultiplier":1,
    "coolantMultiplier":4,
    "consumes": {
		"power": 3.5
		"coolant":{
            "amount":0.2
            "optional":true,
            "booster":true
        }
	},
	"hasPower": true,
	"shootSound" : "spark",
	"shootEffect": "lightningShoot",
    "smokeEffect": "lightningShoot",
		"shootType":{
	        "type":"LightningBulletType"
           "hitEffect":"hitLancer"
           "lightColor":"ffef00ff"
    		"despawnEffect":"none"
    		"lifetime":10//子弹显示时间
    		"drawSize":400
			"damage":150
			"collidesAir":true
 }
	"requirements": [
		{ "item": "silicon", "amount": 40 },
		{ "item": "titanium", "amount": 50 }
		{ "item":"graphite","amount":45},
	],
	"category": "turret",//菜单种类
	"research":"arc"
}