{
	"type":"ItemTurret",
	"name":"霰弹炮"
    "description":"发射低精准度的子弹，适合群体清理T3以下",
    "size":2
    "range":150
    "reload":25
	"health":325,
	"inaccuracy":25
	"maxAmmo":150,
	"targetAir":true
	"targetGround":true
	"liquidCapacity":120
	"shootSound":"shootBig"
	"consumes": {
	"coolant":{
            "amount":0.2
            "optional":true,
            "booster":true
        }
	}
	"ammoTypes":{
	"copper":{
			"type":"BasicBulletType",
	        "smokeEffect":"shootSmallSmoke"
	        "shootEffect":"shootSmall"
			"width":10,
			"height":10,
			"speed":5,
			"damage":42
			"ammoMultiplier":2,
			"hitSize":2,
			"collidesTiles":true,
			"reloadMultiplier":5//开火速度
			"collidesGround":true,
			"collidesTeam":false,
			"collidesAir":true,
			"collides":true,
			"keepVelocity":true,
			"lifetime":35,
			}
        "lead":{
			"type":"BasicBulletType",
	        "smokeEffect":"shootSmallSmoke"
	        "shootEffect":"shootSmall"
			"width":10,
			"height":10,
			"speed":5,
			"damage":58
			"ammoMultiplier":2,
			"hitSize":2,
			"collidesTiles":true,
			"reloadMultiplier":5//开火速度
			"collidesGround":true,
			"collidesTeam":false,
			"collidesAir":true,
			"collides":true,
			"keepVelocity":true,
			"lifetime":35,
			}
        "graphite":{
			"type":"BasicBulletType"
	        "smokeEffect":"shootSmallSmoke"
	        "shootEffect":"shootSmall"
			"width":10,
			"height":10,
			"speed":5,
			"damage":65,
			"ammoMultiplier":2,
			"hitSize":2,
			"collidesTiles":true,
			"collidesGround":true,
			"reloadMultiplier":6//开火速度
			"collidesTeam":false,
			"collidesAir":true,
			"collides":true,
			"keepVelocity":true,
			"lifetime":35,
			}
        "silicon":{
			"type":"BasicBulletType"
	        "smokeEffect":"shootSmallSmoke"
	        "shootEffect":"shootSmall"
			"width":10,
			"height":10,
			"speed":5,
			"damage":78,
			"ammoMultiplier":2
			"hitSize":2,
			"collidesTiles":true,
				"reloadMultiplier":5//开火速度
			"collidesGround":true,
			"collidesTeam":false,
			"collidesAir":true,
			"collides":true,
			"keepVelocity":true,
			"lifetime":35,
			}
        "铁":{
			"type":"BasicBulletType",
	        "smokeEffect":"shootSmallSmoke"
	        "shootEffect":"shootSmall"
			"width":10,
			"height":10,
			"speed":5,
			"damage":85
			"ammoMultiplier":2,
			"hitSize":2,
			"collidesTiles":true,
				"reloadMultiplier":7//开火速度
			"collidesGround":true,
			"collidesTeam":false,
			"collidesAir":true,
			"collides":true,
			"keepVelocity":true,
			"lifetime":35,
			}
	}
	"requirements": [
		{ "item":"graphite","amount":45},
		{ "item":"silicon","amount":65},
		{ "item":"lead","amount":75},
	],
	"category": "turret",
	"heatColor":"fffd00ff"
	"research":"液体冲击炮"
}