{
"type": "CoreBlock",
"buildVisibility": "shown",
"name": "界穹核心",
"category": "effect",
"description": "高级核心，拥有一定护甲，容量与生命值得到大幅提升，核心机的战斗力得到提升",
"details": "",
"alwaysUnlocked": false,
"size": 6,
"health": 24000,
"armor": 16,
"itemCapacity": 24000,
"hasItems": true,
"unitCapModifier": 30,
"unitType": "faac宙枢",
"requirements": [
"silicon/8000",
"铝/4000",
"钢/8000",
"海棱晶/8000",
"phase-fabric/3000",
"相织能/4000"
],
"research": {
"parent": "acab枢纽核心",
"objectives": [
{
"type": "SectorComplete",
"preset": "血腥盆地"
},
"acab枢纽核心"
]
}
}