{
	"type": "Separator",
	"name": "深钻井",
	"description": "从地下深处挖掘矿石",
	"health":500,
	"itemCapacity":80,
	"results": [
	{"item": "铁矿石", "amount": 6},
	{"item": "B", "amount": 1},
	{"item": "coal", "amount": 3},
	],
	"size":3,
	"hasPower": true,
	"hasItems": true,
	"hasliquid": true,	
	"liquidCapacity":120,			
	"craftTime":60,
	"updateEffect": "mineBig",	
	"consumes": {
		"power":0.3,
  "liquid":{"liquid":"water","amount":0.2}//1=60	
	},
	"requirements": [
		{ "item": "graphite", "amount":50},
		{ "item": "copper", "amount":100},
		{ "item": "Fe", "amount":50},
	],
				"drawer":{
        "type":"DrawMulti",
        "drawers":[
	    {
	    "type":"DrawRegion",
	    "suffix":"-B"
	    },
	    {
	       "type":"DrawLiquidTile",
	    "drawLiquid":"water"
	    },           	
					{
				"type":"DrawRegion",
				//这个type允许新增旋转贴图
				//当然，旋转速度设为0也可以新增静态贴图
				"suffix":"-R",
				//"贴图后缀"
				"rotateSpeed":80
				//贴图旋转速度
			},	
			"DrawDefault",
            ]
    },
	"category": "production",
	"research": "高炉",
	"idleSound": "respawning",
	"idleSoundVolume": 100
}
