{
	"name": "液体中心",
	"description": "一个整合的液体处理中心",
	"health":500,
	"itemCapacity":20,
	"liquidCapacity":150,	

	"size":2,
	"hasPower": true,
	"hasItems": true,
	"hasliquid": true,
	"requirements": [
		{ "item": "lead", "amount":20 },
		{ "item": "copper", "amount":20},
	]//就一个接液体的，你指望用什么高级材料？
/*	"drawer":{
        "type":"DrawMulti",
        "drawers":[
            "DrawDefault",
            ]
    },*/
	"category": "crafting",
	"research": "筛矿机",
}
