{
	"type": "GenericCrafter",
	"name": "混合窑炉",
	"description": "更高的液体流通速度需要提上日程\n纯纯的科技与狠活",
	"health":350,
	"itemCapacity":200,
	"outputItem": {"item": "高压玻璃","amount":2 },
	"size":2,
	"hasPower": true,
	"hasItems": true,	
	"updateEffect": "mineBig",		
	"craftTime":40,
	"consumes": {
		"power":2.5,
		"items": {
			"items": [
				{ "item": "lead", "amount":2},
				{ "item": "sand", "amount":2},
				{ "item": "copper", "amount":1},	
			]
		}
	},
	    "buildCostMultiplier":0.5,
    //建筑速度倍率（越大建的越慢）
	"requirements": [
		{ "item": "lead", "amount":100 },
		{ "item": "silicon", "amount":80},
		{ "item": "钢铁", "amount":50},
		{ "item": "graphite", "amount":50},	
		{ "item": "水泥", "amount":50},	
	],
				"drawer":{
        "type":"DrawMulti",
        "drawers":[
            "DrawDefault",
            "DrawFlame"
            ]
    },
	"category": "crafting",
	"research": "水泥搅拌机",
	"idleSound": "respawning",
	"idleSoundVolume": 0.2
}