{
	"name": "综合冶炼厂",
	"description": "一个整合的物体处理中心",
	"health":800,
	"itemCapacity":30,
	"liquidCapacity":150,	
	"size":2,
	"hasPower": true,
	"hasItems": true,
	"hasliquid": true,
	"requirements": [
		{ "item": "水泥", "amount":50 },
		{ "item": "钢铁", "amount":50},
		{ "item": "silicon", "amount":50},	
	]//就一个接液体的，你指望用什么高级材料？
/*	"drawer":{
        "type":"DrawMulti",
        "drawers":[
            "DrawDefault",
            ]
    },*/
	"category": "crafting",
	"research": "综合合成机",
}
