{
	"type": "GenericCrafter",
	"name": "集成水泥厂",
	"description": "为什么我们还需要把石头挖出来再自己处理，\n我们直接原地挖矿，原地生产，这样可以大幅提高水泥的产量",
	"health":550,
	"itemCapacity":500,
	"outputItem": {"item": "水泥","amount":10 },
	"size":4,
	"hasPower": true,
	"hasItems": true,
	"hasliquid": true,	
	"liquidCapacity":120,			
	"craftTime":500,
	"updateEffect": "mineBig",		
	"consumes": {
		"power":4,
   "liquid":{"liquid":"water","amount":0.45}//1=60
	},
	    "buildCostMultiplier":0.5,
    //建筑速度倍率（越大建的越慢）
	"requirements": [
		{ "item": "合金钢", "amount":100 },
		{ "item": "基础电路板", "amount":30 },
		{ "item": "lead", "amount":80 },
		{ "item": "silicon", "amount":80},
		{ "item": "水泥", "amount":100},	
	],
				"drawer":{
        "type":"DrawMulti",
        "drawers":[
	    {
	    "type":"DrawRegion",
	    "suffix":"-bottom"
	    },
	    {
	       "type":"DrawLiquidTile",
	    "drawLiquid":"water"
	    },           
            "DrawDefault",
			{
				"type":"DrawRegion",
				//这个type允许新增旋转贴图
				//当然，旋转速度设为0也可以新增静态贴图
				"suffix":"-r1",
				//"贴图后缀"
				"rotateSpeed":60
				//贴图旋转速度
			},	
			{
				"type":"DrawRegion",
				//这个type允许新增旋转贴图
				//当然，旋转速度设为0也可以新增静态贴图
				"suffix":"-r2",
				//"贴图后缀"
				"rotateSpeed":40
				//贴图旋转速度
			},				          
            "DrawFlame"  			            
            ]
    },
	"category": "crafting",
	"research": "混合高炉",
	"idleSound": "respawning",
	"idleSoundVolume": 0.2
}
