{
    "name":"原点核心",
    "type":"CoreBlock",
    "description": "以初代核心为原型的特殊核心，拥有作战能力更强大的核心爬虫。\n \n[blue][超限集团核心]",
    "requirements": [
    {"amount": 1000, "item": "copper"},
    {"amount": 800, "item": "lead"},
    {"amount": 500, "item": "0铜铅合金"},
    ],
    "unitType":"uAACCZ2护卫",
    "health": 1100,
    "itemCapacity": 5000,
    "size": 3,
    "research": {
	"parent":"BAAsID1先锋核心"
	"objectives": [
            {
				"type": "SectorComplete",
				"preset": "craters"
			}
	]
	}
    "unitCapModifier": 12,
    "category": "effect"
    "researchCostMultiplier": 0.5
}