{
	"type": "flying",
	"name": "雷暴",
	"ammoType": {
		"type": "PowerAmmoType",
		"totalPower": 8000
	},
	"ammoCapacity": 70,
	"speed": 0.8,
	"drag": 0.05,
	"accel": 0.04,
	"flying": true,
	"engineOffset": 18,
	"engineSize": 15,
	"hitSize": 59,
	"faceTarget": true,
	"lowAltitude": true,
	"health": 38000,
	"armor": 18,
	"rotateSpeed": 1.2,
	"immunities": [
		"shocked",
		"electrified",
		"unmoving",
		"干扰"
	],
	"abilities": [
		{
			"type": "ForceFieldAbility",
			"radius": 82,
			"regen": 6,
			"max": 3500,
			"cooldown": 300
		}
	],
	"research": "空4",
	"requirements": {
		"block": "tetrative-reconstructor",
		"previous": "空4"
	},
	"weapons": [
		{
			"name": "雷暴1",
			"reload": 13.75,
			"x": 16,
			"y": -8,
			"shootY": 11,
			"rotate": true,
			"alternate": true,
			"rotateSpeed": 3,
			"shake": 2,
			"shootSound": "laser",
			"shoot": {
				"type": "ShootAlternate",
				"barrels": 2,
				"spread": 8
			},
			"bullet": {
				"sprite": "circle-bullet",
				"trailLength": 8,
				"trailWidth": 4,
				"trailChance": 0,
				"trailInterval": 3,
				"trailRotation": true,
				"trailEffect": {
					"type": "ParticleEffect",
					"particles": 3,
					"sizeFrom": 3,
					"sizeTo": 0,
					"length": 8,
					"baseLength": 0,
					"sizeInterp": "pow3In",
					"interp": "pow5Out",
					"lifetime": 20,
					"colorFrom": "c0ecff",
					"colorTo": "c0ecffA8"
				},
				"shrinkY": 0,
				"hitShake": 3,
				"frontColor": "FFFFFF",
				"backColor": "c0ecff",
				"trailColor": "c0ecff",
				"width": 10,
				"height": 10,
				"speed": 8,
				"lifetime": 45,
				"damage": 45,
				"status": "unmoving",
				"statusDuration": 10,
				"lightningDamage": 45,
				"lightning": 5,
				"lightningLength": 3,
				"lightningLengthRand": 3,
				"lightningColor": "c0ecff",
				"splashDamageRadius": 48,
				"splashDamage": 73,
				"smokeEffect": {
					"type": "ParticleEffect",
					"particles": 4,
					"sizeFrom": 3,
					"sizeTo": 0,
					"sizeInterp": "pow3In",
					"interp": "pow5Out",
					"length": 55,
					"baseLength": 20,
					"lifetime": 42,
					"colorFrom": "c0ecff",
					"colorTo": "87ceeb",
					"cone": 30
				},
				"despawnEffect": "lancerLaserShoot",
				"hitEffect": {
					"type": "MultiEffect",
					"effects": [
						{
							"type": "ParticleEffect",
							"particles": 9,
							"sizeFrom": 10,
							"sizeTo": 0,
							"length": 55,
							"baseLength": 20,
							"lifetime": 60,
							"colorFrom": "585858",
							"colorTo": "585858"
						},
						{
							"type": "ParticleEffect",
							"particles": 6,
							"sizeFrom": 6,
							"sizeTo": 0,
							"length": 35,
							"baseLength": 30,
							"lifetime": 60,
							"colorFrom": "c0ecff",
							"colorTo": "87ceeb"
						},
						{
							"type": "WaveEffect",
							"lifetime": 22,
							"sizeFrom": 8,
							"sizeTo": 60,
							"strokeFrom": 8,
							"strokeTo": 0,
							"interp": "circleOut",
							"colorFrom": "585858",
							"colorTo": "c0ecff"
						}
					]
				},
				"collidesAir": true
			}
		},
		{
			"name": "雷暴2",
			"x": 28,
			"y": 24,
			"reload": 400,
			"rotate": false,
			"alternate": false,
			"shootSound": "release",
			"inaccuracy": 0,
			"shootCone": 10,
			"bullet": {
				"type": "BasicBulletType",
				"reflectable": false,
				"collides": false,
				"scaleLife": true,
				"splashDamageRadius": 200,
				"splashDamage": 65,
				"despawnEffect": {
					"type": "MultiEffect",
					"effects": [
						{
							"type": "WaveEffect",
							"lifetime": 20,
							"sizeFrom": 0,
							"sizeTo": 200,
							"strokeFrom": 1,
							"strokeTo": 4,
							"colorFrom": "c0ecff",
							"colorTo": "87ceeb"
						},
						{
							"type": "WaveEffect",
							"startDelay": 20,
							"lifetime": 80,
							"sizeFrom": 200,
							"sizeTo": 200,
							"interp":"circleOut",
							"strokeFrom": 4,
							"strokeTo": 0,
							"colorFrom": "87ceeb",
							"colorTo": "c0ecff"
						}
					]
				},
				"hitEffect": {
					"type": "ParticleEffect",
					"particles": 35,
					"sizeFrom": 35,
					"sizeTo": 0,
					"sizeInterp": "pow5In",
					"interp": "pow10Out",
					"layer": 120,
					"length": 190,
					"baseLength": 20,
					"lifetime": 150,
					"colorFrom": "585858",
					"colorTo": "585858A8"
				},
				"trailChance": 0,
				"trailInterval":2,
				"trailEffect": {
					"type": "WaveEffect",
					"interp":"circleOut",
					"lifetime": 30,
					"sizeFrom": 4,
					"sizeTo": 20,
					"strokeFrom": 2,
					"strokeTo": 0,
					"colorFrom": "c0ecff",
					"colorTo": "87ceeb"
				},
				"sprite": "missile-large",
				"trailLength": 18,
				"trailWidth": 4,
				"hitShake": 20,
				"shrinkY": 0,
				"frontColor": "FFFFFF",
				"backColor": "c0ecff",
				"trailColor": "c0ecff",
				"width": 20,
				"height": 24,
				"speed": 8,
				"lifetime": 50,
				"fragLifeMin": 0.5,
				"fragBullets": 35,
				"fragBullet": {
					"collides": false,
					"hittable": false,
					"absorbable": false,
					"buildingDamageMultiplier": 0.58,
					"hitEffect": {
						"type": "MultiEffect",
						"effects": [
							{
								"type": "ParticleEffect",
								"particles": 9,
								"sizeFrom": 10,
								"sizeTo": 0,
								"length": 55,
								"baseLength": 20,
								"lifetime": 60,
								"colorFrom": "585858",
								"colorTo": "585858"
							},
							{
								"type": "WaveEffect",
								"lifetime": 15,
								"sizeFrom": 8,
								"sizeTo": 80,
								"strokeFrom": 3,
								"strokeTo": 0,
								"colorFrom": "585858",
								"colorTo": "FFFFFF"
							}
						]
					},
					"despawnEffect": "none",
					"hitShake": 3,
					"hitSound": "plasmaboom",
					"lightningColor": "c0ecff",
					"width": 0,
					"height": 0,
					"lightningDamage": 33,
					"lightning": 9,
					"lightningLength": 15,
					"splashDamageRadius": 50,
					"splashDamage": 37,
					"lifetime": 100,
					"speed": 2
				}
			}
		}
	]
}