{
    "type":"LaunchPad", 
    "name":"大型发射台", 
    "description":"将货物发射至指定区块。", 
    "health":540,
    "size":4, 
    "itemCapacity":250, 
    "launchTime":1800,
    "hasPower":true, 
    "consumes": {
        "power": 6
    },
	"requirements": [
		{ "item": "copper", "amount": 600 },
		{ "item": "lead", "amount": 400 }
		{ "item": "titanium", "amount": 240 },
		{ "item": "silicon", "amount": 200 }
		{ "item": "thorium", "amount": 100 },
		],
	"category": "effect",
	"research":"launch-pad"
}