{
//	"type": "ItemBridge",//类型,带桥
	"size":1,//平方大小
	"range":7,//范围
	"category": "distribution",//菜单栏
	"name": "锆传送带桥",//名字
	"description": "跨越地形向前运输物品",//介绍
	"research": "锆传送带"//前置科技树
	"alwaysUnlocked":false,//科技树默认解锁
	"health":120//血量
	"hasPower": false,
	"itemCapacity":25,
	"arrowSpacing":8,
    "bufferCapacity":20,
	"requirements": [//建造消耗
		{ "item":"锆","amount":6},
		{"item":"钙","amount":4}	],
	"transportTime": 2.8,//运输速度
	"displayedSpeed":0.5,//显示速度
}