{
//	"type": "Sorter",//类型,分类器
	"size":1,//平方大小
	"invert":true,//反向
	"category": "distribution",//菜单栏
	"name": "锆反向分类器",//名字
	"description": "将选中的物品向两侧输出，否则直接通过",//介绍
	"research": "锆分类器"//前置科技树
	"alwaysUnlocked":false,//科技树默认解锁
	"health":60//血量
	//"regionRotated":1,//区域旋转
	"solid":false,//实体
	"center":true,
	"requirements": [//建造消耗
		{ "item":"锆","amount":2},
		{"item":"钙","amount":1}	],
	"speed": 1,//运输速度
	"displayedSpeed":11,//显示速度
}