{
    //"type":"Conveyor"
	"name":"黄玉传送带",
	"description":"向前运输物品。由于镂空的黄玉很脆弱被攻击后会爆炸",
	"health":40,
	"armor":2
	"requirements": [
	    "黄玉/3",
	    ]
		"research": {
		"parent": "锆传送带",
	},
	"category": "distribution",
	"speed":0.103,
	"displayedSpeed":13,
	//显示的速度
		"bridgeReplacement":"锆传送带桥",//默认桥
    "junctionReplacement":"锆连接器",//默认交叉器
	"placeableLiquid":false,
	//能否在液体上构建
	"requiresWater":false,
	//是否只能在水上
		"destroyBullet":{
	    //死亡子弹
	    "type":"BasicBulletType",
	    "sprite":"none"
	    //子弹贴图：无
	    "smokeEffect":"none",
	    "trailEffect":"none",
	    "lifetime":0.1,
	    "speed":0.1,
	    "damage":0
	    "splashDamageRadius": 20,
        "splashDamage": 50,
	    "despawnEffect":"none",
	    "shootEffect":"none",
	    "hitEffect":"none"
	}
}