{
	"name": "钢制钻头",
	"type": "Drill",
	"size": 2,
	"health":180,
	"tier": 4,
	"drillTime": 300,
	"liquidBoostIntensity": 1.5,
	"canOverdrive": true,
	"warmupSpeed": 0.02,
	"drillEffect": "none",
	"updateEffect": "none",
	"rotateSpeed": 1.4,
	"drawMineItem":true,
    //是否在中心绘画所采矿物的颜色
    "drillEffect": "mine",
	"consumes": {
		"liquid": {
			"liquid": "water",
			"amount": 0.05,
			"booster": true,
			"optional": true
		}
	},
	"itemCapacity": 10,
	"liquidCapacity": 5,
	"requirements": [
		"钢铁/10",
		"lead/12"
	],
	"category": "production",
	"research": "钢铁"
}