{
    "type":"Floor"
    
    "name":"侵蚀地板"
    //地板名称
	
	"variants":3
	//这个地板有多少个贴图
	
	"speedMultiplier":1.25
	//单位在这个单位上的速度倍率
	
	"dragMultiplier":1
	//摩擦倍数?(我没用过)
	//[个人理解]:
	//大概就是这个地板的摩擦度
	//比如滑与粗糙
	
	"damageTaken":1
	//站这个地板上受到多少伤害
	
	"isLiquid":false
	//这个地板能不能淹死单位
	
	"hasShadow":false,
    //是否有阴影
	
	"drownTime":0
	//站这个地板上多久淹死(秒杀)
	
	//正常情况下60为1秒
	
	//矿渣海=150(2.5秒) 
	//石油田=150(2.5秒) 
	//深水=140(2.33...秒)
	//污水=120(2秒)
	
	//在此地板上行走时的效果
	
	"walkSound":"none"
	//在此地板上行走时的音效
	
	"walkSoundVolume":0.1
	"walkSoundPitchMin":0.8
	"walkSoundPitchMax":1.2
	//行走时发出的声音量
	
	"drownUpdateEffect":"bubble"
	//淹死在此地板上时显示的效果
	
	"status":"none"
	//走在这个地板上给予状态
	
	"statusDuration":120
	//离开地板以后状态持续多久
	//数值60为1秒,120为2秒以此类推
	
	"playerUnmineable":true
	//玩家不能手挖这个地板
	//原版沙子地板为true
	
	"updateEffect":"none"
	//随机更新时显示效果
	
    "attributes":{
    "steam":1,/*蒸汽*/
    "heat":0,/*大硅炉和地热发电机的效率和发电量*/
    "spores":0,/*孢子培养机效率*/
    "water":0,/*抽水机*/
    "oil":0,/*石油钻井*/
    },
	//这个地板的属性
	
}