{
	"type": "Floor",
	//类型
	
	"variants": 1
    //贴图数量
	
	"name": "深污水地" ,
	//地版的名字
	
	"isLiquid":true
	//这个地板能不能淹死单位
	
	"drownTime":40
	//站这个地板上多久淹死(秒杀)
	
	//正常情况下60为1秒
	
	//矿渣海=150(2.5秒) 
	//石油田=150(2.5秒) 
	//深水=140(2.33...秒)
	//污水=120(2秒)
	
	"liquidDrop": "污水"
	//用泵可以抽什么液体
	
	"liquidMultiplier":5
	//泵抽液体的倍率
	//用于深水和浅水这样子来区别
	
	"placeableOn":false,
    //是否能放置方块
}
