{
	"type": "flying",
	"healColor": "FF5B5B",
	"outlineColor": "383848",
	"name": "亚龙",
	"hidden": true,
	"description": "信息缺失！",
	"details": "信息缺失！",
	"speed": 0.5,
	"accel": 0.05,
	"drag": 0.017,
	"flying": true,
	"engineOffset": 110,
	"engineSize": 38,
	"engines": [
		{
			"x": -73,
			"y": 16,
			"radius": 5,
			"rotation": -130
		},
		{
			"x": -82,
			"y": 38,
			"radius": 6.5,
			"rotation": -130
		},
		{
			"x": -58,
			"y": -144,
			"radius": 9,
			"rotation": -90
		},
		{
			"x": -80,
			"y": -130,
			"radius": 7,
			"rotation": -130
		},
		{
			"x": 73,
			"y": 16,
			"radius": 5,
			"rotation": -40
		},
		{
			"x": 82,
			"y": 38,
			"radius": 6.5,
			"rotation": -40
		},
		{
			"x": 58,
			"y": -144,
			"radius": 9,
			"rotation": -90
		},
		{
			"x": 80,
			"y": -130,
			"radius": 7,
			"rotation": -40
		}
	],
	"hitSize": 240,
	"immunities": [
		"blasted","burning","electrified",
		"freezing","melting","disarmed",
		"sapped","shocked","slow",
		"tarred","unmoving","wet",
		"spore-slowed","corroded",
		"标记","裂位标记","拆解",
		"干扰","绝判","油蚀","崩溃",
		"碎解","阳电","阴电",
		"急冻","余热","崩解"
	],
	"health": 850000,
	"ammoCapacity": 99999,
	"armor": 360,
	"faceTarget": false,
	"lowAltitude": true,
	"rotateSpeed": 0.3,
	"itemCapacity": 0,
	"targetFlags": [
		"factory",
		"core"
	],
	"abilities": [
		{
			"type": "EnergyFieldAbility",
			"damage": 780,
			"reload": 120,
			"range": 800,
			"healPercent": 10,
			"x": 0,
			"y": -48,
			"color": "FF5B5B",
			"effectRadius": 25,
			"sectorRad": 0.1,
			"rotateSpeed": 0.6,
			"hitEffect": {
				"type": "ParticleEffect",
				"particles": 9,
				"lenFrom": 10,
				"lenTo": 20,
				"strokeFrom": 4,
				"strokeTo": 0,
				"line": true,
				"length": 90,
				"baseLength": 0,
				"lifetime": 25,
				"colorFrom": "FF5B5B",
				"colorTo": "FF5B5B"
			},
			"damageEffect": "chainLightning",
			"status": "unmoving",
			"shootSound": "plasmaboom",
			"statusDuration": 10,
			"maxTargets": 80
		},
		{
			"type": "ShieldRegenFieldAbility",
			"amount": 2000,
			"max": 16000,
			"reload": 70,
			"range": 640,
			"applyEffect": {
				"type": "WaveEffect",
				"interp": "circleOut",
				"lifetime": 60,
				"sizeFrom": 0,
				"sizeTo": 220,
				"strokeFrom": 24,
				"strokeTo": 0,
				"colorFrom": "EEC591",
				"colorTo": "EEC591"
			},
			"activeEffect": {
				"type": "WaveEffect",
				"interp": "circleOut",
				"lifetime": 60,
				"sizeFrom": 0,
				"sizeTo": 640,
				"strokeFrom": 24,
				"strokeTo": 0,
				"colorFrom": "FF5B5B",
				"colorTo": "FF5B5B"
			}
		},
		{
			"type": "UnitSpawnAbility",
			"unit": "利刃",
			"spawnX": 0,
			"spawnY": 50,
			"spawnTime": 3600
		},
		{
			"type": "UnitSpawnAbility",
			"unit": "flareX",
			"spawnX": -76,
			"spawnY": -84,
			"spawnTime": 600
		},
		{
			"type": "UnitSpawnAbility",
			"unit": "flareX",
			"spawnX": 76,
			"spawnY": -84,
			"spawnTime": 600
		},
		{
			"type": "UnitSpawnAbility",
			"unit": "flareX",
			"spawnX": -80,
			"spawnY": -112,
			"spawnTime": 600
		},
		{
			"type": "UnitSpawnAbility",
			"unit": "flareX",
			"spawnX": 80,
			"spawnY": -112,
			"spawnTime": 600
		},
		{
			"type": "ForceFieldAbility",
			"radius": 360,
			"sides": 8,
			"regen": 180,
			"max": 30000,
			"cooldown": 2160
		},
		{
			"type": "ForceFieldAbility",
			"radius": 360,
			"rotation": 22.5,
			"sides": 8,
			"regen": 180,
			"max": 30000,
			"cooldown": 2160
		}
	],
	"weapons": [
		{
			"name": "震爆弹",
			"x": 0,
			"y": -48,
			"reload": 120,
			"mirror": false,
			"rotate": true,
			"rotateSpeed": 8,
			"shootSound": "palsmadrop",
			"shake": 5,
			"bullet": {
				"type": "EmpBulletType",
				"timeIncrease": 1,
				"powerDamageScl": 3,
				"powerSclDecrease": 0.6,
				"hitUnits": true,
				"unitDamageScl": 6,
				"trailChance": 1,
				"trailInterval": 8,
				"trailEffect": {
					"type": "ParticleEffect",
					"particles": 5,
					"sizeFrom": 12,
					"sizeTo": 0,
					"region": "饱和火力-菱形",
					"interp": "pow10Out",
					"sizeInterp": "pow10In",
					"length": 100,
					"lifetime": 90,
					"colorFrom": "FF5B5B",
					"colorTo": "C4333380"
				},
				"keepVelocity": false,
				"speed": 3,
				"drag": -0.05,
				"lifetime": 72,
				"height": 85,
				"width": 40,
				"shrinkX": 0,
				"shrinkY": 0,
				"trailLength": 20,
				"trailWidth": 9,
				"trailColor": "FF5B5B",
				"sprite": "circle-bullet",
				"frontColor": "FFFFFF",
				"backColor": "FF5B5B",
				"status": "unmoving",
				"statusDuration": 60,
				"damage": 265,
				"radius": 300,
				"splashDamageRadius": 300,
				"splashDamage": 550,
				"hitPowerEffect": {
					"type": "WaveEffect",
					"lifetime": 10,
					"sizeFrom": 0,
					"sizeTo": 30,
					"strokeFrom": 6,
					"strokeTo": 0,
					"colorFrom": "FF5B5B",
					"colorTo": "FF5B5B"
				},
				"smokeEffect": {
					"type": "WaveEffect",
					"lifetime": 30,
					"sizeFrom": 0,
					"sizeTo": 500,
					"strokeFrom": 18,
					"strokeTo": 0,
					"colorFrom": "C43333FF",
					"colorTo": "FF5B5B"
				},
				"shootEffect": "none",
				"hitShake": 20,
				"hitSound": "plasmaboom",
				"hitEffect": {
					"type": "MultiEffect",
					"effects": [
						{
							"type": "WaveEffect",
							"lifetime": 60,
							"sizeFrom": 300,
							"sizeTo": 300,
							"strokeFrom": 12,
							"strokeTo": 0,
							"colorFrom": "FF5B5B",
							"colorTo": "FF5B5B"
						},
						{
							"type": "ParticleEffect",
							"particles": 25,
							"sizeFrom": 33,
							"sizeTo": 0,
							"region": "饱和火力-菱形",
							"interp": "pow10Out",
							"sizeInterp": "pow5In",
							"length": 300,
							"lifetime": 70,
							"colorFrom": "FF5B5B",
							"colorTo": "FF5B5B"
						},
						{
							"type": "ParticleEffect",
							"particles": 1,
							"sizeFrom": 300,
							"sizeTo": 300,
							"lifetime": 15,
							"baseLength": 0,
							"length": 0,
							"colorFrom": "FF5B5B",
							"colorTo": "FF5B5B00"
						}
					]
				},
				"despawnEffect": {
					"type": "ParticleEffect",
					"particles": 1,
					"sizeFrom": 30,
					"sizeTo": 0,
					"lifetime": 88,
					"interp": "pow10In",
					"baseLength": 0,
					"length": 0,
					"colorFrom": "FF5B5B",
					"colorTo": "FF5B5B"
				},
				"parts": [
					{
						"type": "HaloPart",
						"sides": 3,
						"shapes": 2,
						"color": "FF5B5B",
						"colorTo": "FF5B5B",
						"tri": true,
						"radius": 16,
						"radiusTo": 16,
						"triLength": 100,
						"triLengthTo": 10,
						"haloRadius": 50,
						"haloRotation": 0,
						"haloRotateSpeed": 3
					},
					{
						"type": "HaloPart",
						"shapeRotation": 180,
						"sides": 3,
						"shapes": 2,
						"color": "FF5B5B",
						"colorTo": "FF5B5B",
						"tri": true,
						"radius": 16,
						"radiusTo": 16,
						"triLength": 40,
						"triLengthTo": 4,
						"haloRadius": 50,
						"haloRotation": 0,
						"haloRotateSpeed": 3
					},
					{
						"type": "HaloPart",
						"sides": 4,
						"shapes": 1,
						"rotateSpeed": 1.65,
						"color": "FF5B5B",
						"colorTo": "FF5B5B",
						"tri": false,
						"hollow": true,
						"stroke": 5,
						"strokeTo": 5,
						"radius": 120,
						"radiusTo": 40,
						"haloRotation": 22.5,
						"haloRadius": 0
					},
					{
						"type": "HaloPart",
						"sides": 3,
						"shapes": 2,
						"color": "FF5B5B",
						"colorTo": "FF5B5B",
						"tri": true,
						"radius": 9,
						"radiusTo": 9,
						"triLength": 30,
						"triLengthTo": 3,
						"haloRadius": 90,
						"haloRotation": 0,
						"haloRotateSpeed": -4.6
					},
					{
						"type": "HaloPart",
						"shapeRotation": 180,
						"sides": 3,
						"shapes": 2,
						"color": "FF5B5B",
						"colorTo": "FF5B5B",
						"tri": true,
						"radius": 9,
						"radiusTo": 9,
						"triLength": 40,
						"triLengthTo": 4,
						"haloRadius": 90,
						"haloRotation": 0,
						"haloRotateSpeed": -4.6
					}
				]
			}
		},
		{
			"name": "火炮",
			"x": 0,
			"y": -48,
			"shootSound": "laser",
			"rotate": true,
			"rotateSpeed": 99,
			"mirror": false,
			"alternate": false,
			"shoot": {
				"type": "ShootHelix",
				"mag": 2,
				"scl": 11
			},
			"shake": 14,
			"reload": 1000,
			"autoTarget": true,
			"bullet": {
				"type": "BasicBulletType",
				"width": 64,
				"height": 64,
				"shrinkY": 0,
				"damage": 1600,
				"splashDamage": 2750,
				"splashDamageRadius": 256,
				"keepVelocity": false,
				"scaleLife": true,
				"lifetime": 800,
				"speed": 4,
				"sprite": "circle-bullet",
				"trailColor": "FF5B5B",
				"trailLength": 30,
				"trailWidth": 16,
				"hitShake": 20,
				"hitSound": "DBZ1",
				"backColor": "FF5B5B",
				"frontColor": "FFFFFF",
				"trailChance": 1,
				"trailInterval": 80,
				"trailEffect": {
					"type": "WaveEffect",
					"lifetime": 60,
					"sizeFrom": 8,
					"sizeTo": 80,
					"strokeFrom": 3,
					"strokeTo": 0,
					"colorFrom": "FF5B5B",
					"colorTo": "FFFFFF"
				},
				"hitEffect": {
					"type": "MultiEffect",
					"lifetime": 120,
					"effects": [
						{
							"type": "ParticleEffect",
							"particles": 50,
							"sizeFrom": 20,
							"sizeTo": 0,
							"length": 800,
							"baseLength": 8,
							"lifetime": 90,
							"colorFrom": "FF5B5B",
							"colorTo": "FF5B5B"
						},
						{
							"type": "WaveEffect",
							"lifetime": 36,
							"sizeFrom": 8,
							"sizeTo": 500,
							"strokeFrom": 16,
							"strokeTo": 0,
							"interp": "circleOut",
							"colorFrom": "FF5B5B",
							"colorTo": "FF5B5B"
						},
						{
							"type": "WaveEffect",
							"lifetime": 200,
							"sizeFrom": 8,
							"sizeTo": 800,
							"strokeFrom": 48,
							"strokeTo": 0,
							"colorFrom": "FF5B5B",
							"colorTo": "FF5B5B"
						}
					]
				},
				"status": "unmoving",
				"statusDuration": 100,
				"collides": false,
				"shootEffect": {
					"type": "WaveEffect",
					"lifetime": 90,
					"sizeFrom": 8,
					"sizeTo": 350,
					"strokeFrom": 25,
					"strokeTo": 0,
					"colorFrom": "FF5B5B",
					"colorTo": "FF5B5B"
				},
				"smokeEffect": {
					"type": "ParticleEffect",
					"particles": 55,
					"sizeFrom": 29,
					"sizeTo": 0,
					"interp": "pow5In",
					"sizeInterp": "pow5Out",
					"length": 300,
					"baseLength": 0,
					"lifetime": 130,
					"colorFrom": "C4333330",
					"colorTo": "FF5B5B00"
				},
				"fragLifeMin": 0.3,
				"fragBullets": 135,
				"fragBullet": {
					"type": "BasicBulletType",
					"hitEffect": {
						"type": "MultiEffect",
						"lifetime": 120,
						"effects": [
							{
								"type": "ParticleEffect",
								"particles": 11,
								"line": true,
								"strokeFrom": 5,
								"strokeTo": 3,
								"lenFrom": 90,
								"lenTo": 8,
								"sizeFrom": 8,
								"sizeTo": 0,
								"interp": "pow10Out",
								"length": 100,
								"baseLength": 8,
								"lifetime": 25,
								"colorFrom": "C43333FF",
								"colorTo": "FF5B5B"
							},
							{
								"type": "ParticleEffect",
								"particles": 16,
								"sizeFrom": 20,
								"sizeTo": 0,
								"sizeInterp": "pow10In",
								"interp": "pow10Out",
								"length": 0,
								"baseLength": 80,
								"lifetime": 125,
								"colorFrom": "C43333FF",
								"colorTo": "FF5B5B"
							},
							{
								"type": "WaveEffect",
								"lifetime": 15,
								"sizeFrom": 8,
								"sizeTo": 80,
								"strokeFrom": 3,
								"strokeTo": 0,
								"colorFrom": "C43333FF",
								"colorTo": "FF5B5B"
							}
						]
					},
					"despawnEffect": "none",
					"sprite": "circle-bullet",
					"status": "blasted",
					"statusDuration": 60,
					"trailColor": "FF5B5B",
					"trailLength": 4,
					"trailWidth": 8,
					"collides": false,
					"hittable": false,
					"absorbable": false,
					"shrinkY": 0,
					"hitShake": 3,
					"hitSound": "plasmaboom",
					"backColor": "FF5B5B",
					"frontColor": "FF5B5B",
					"lightningColor": "FF5B5B",
					"width": 15,
					"height": 15,
					"lightningDamage": 92,
					"lightning": 5,
					"lightningLength": 25,
					"splashDamageRadius": 80,
					"splashDamage": 358,
					"lifetime": 150,
					"speed": 6,
					"drag": 0.005
				}
			}
		},
		{
			"name": "亚龙3",
			"x": 48,
			"y": 104,
			"mirror": true,
			"reload": 50,
			"shootY": 0,
			"shoot": {
				"type": "ShootBarrel",
				"barrels": [
					-6.5,
					7,
					0,
					6.5,
					7,
					0
				],
				"shots": 4,
				"shotDelay": 9
			},
			"shootCone": 100,
			"shootSound": "missile",
			"rotate": true,
			"recoil": 0,
			"rotateSpeed": 5,
			"inaccuracy": 20,
			"bullet": {
				"type": "MissileBulletType",
				"damage": 357,
				"splashDamage": 187.5,
				"splashDamageRadius": 50,
				"sprite": "饱和火力-导弹",
				"width": 12,
				"height": 50,
				"speed": 2,
				"lifetime": 102,
				"homingRange": 160,
				"homingDelay": 25,
				"homingPower": 0.1,
				"drag": -0.03,
				"pierceArmor": true,
				"hittable": false,
				"absorbable": false,
				"status": "碎解",
				"statusDuration": 135.2,
				"frontColor": "FF5B5B",
				"backColor": "FF5B5B",
				"shrinkY": 0,
				"hitSound": "titanExplosion",
				"hitSoundVolume": 1.55,
				"hitShake": 8,
				"hitEffect": {
					"type": "MultiEffect",
					"effects": [
						{
							"type": "ParticleEffect",
							"particles": 1,
							"sizeFrom": 50,
							"sizeTo": 0,
							"sizeInterp": "pow5Out",
							"length": 0,
							"baseLength": 0,
							"lifetime": 83,
							"colorFrom": "EEC591A0",
							"colorTo": "EEC591"
						},
						{
							"type": "ParticleEffect",
							"particles": 12,
							"line": true,
							"interp": "pow10Out",
							"sizeInterp": "pow5In",
							"strokeFrom": 2,
							"strokeTo": 0,
							"lenFrom": 45,
							"lenTo": 0,
							"length": 40,
							"baseLength": 0,
							"lifetime": 32,
							"colorFrom": "EEC591",
							"colorTo": "EEC591"
						},
						{
							"type": "WaveEffect",
							"lifetime": 16,
							"sizeFrom": 5,
							"sizeTo": 80,
							"strokeFrom": 21,
							"strokeTo": 0,
							"colorFrom": "EEC591A8",
							"colorTo": "EEC59180"
						}
					]
				},
				"shootEffect": {
					"type": "ParticleEffect",
					"particles": 6,
					"interp": "pow5Out",
					"sizeInterp": "pow5In",
					"sizeFrom": 4,
					"sizeTo": 0,
					"length": 38,
					"baseLength": 0,
					"lifetime": 65,
					"colorFrom": "EEC591",
					"colorTo": "EEC59180",
					"cone": 10
				},
				"smokeEffect": "none",
				"despawnEffect": "none",
				"trailChance": 1,
				"trailRotation": true,
				"trailEffect": {
					"type": "MultiEffect",
					"effects": [
						{
							"type": "ParticleEffect",
							"particles": 3,
							"sizeFrom": 3,
							"sizeTo": 0,
							"length": -50,
							"lifetime": 60,
							"interp": "pow5Out",
							"sizeInterp": "pow5In",
							"colorFrom": "FF5B5B",
							"colorTo": "78787870",
							"cone": 19
						},
						{
							"type": "ParticleEffect",
							"particles": 3,
							"lenFrom": 35,
							"lenTo": 0,
							"strokeFrom": 1,
							"strokeTo": 0.8,
							"line": true,
							"baseLength": 16,
							"length": -70,
							"lifetime": 15,
							"interp": "pow5Out",
							"colorFrom": "FF5B5B",
							"colorTo": "EEC591",
							"cone": 16
						}
					]
				}
			}
		},
		{
			"name": "亚龙3",
			"x": -32,
			"y": 64,
			"mirror": true,
			"reload": 25,
			"shootY": 0,
			"shoot": {
				"type": "ShootBarrel",
				"barrels": [
					-6.5,
					7,
					0,
					6.5,
					7,
					0
				],
				"shots": 4,
				"shotDelay": 9
			},
			"shootCone": 100,
			"shootSound": "missile",
			"rotate": true,
			"recoil": 0,
			"rotateSpeed": 5,
			"inaccuracy": 20,
			"bullet": {
				"type": "MissileBulletType",
				"damage": 357,
				"splashDamage": 187.5,
				"splashDamageRadius": 50,
				"sprite": "饱和火力-导弹",
				"width": 12,
				"height": 50,
				"speed": 2,
				"lifetime": 102,
				"homingRange": 160,
				"homingDelay": 25,
				"homingPower": 0.1,
				"drag": -0.03,
				"pierceArmor": true,
				"hittable": false,
				"absorbable": false,
				"status": "碎解",
				"statusDuration": 15.2,
				"frontColor": "FF5B5B",
				"backColor": "FF5B5B",
				"shrinkY": 0,
				"hitSound": "titanExplosion",
				"hitSoundVolume": 1.55,
				"hitShake": 8,
				"hitEffect": {
					"type": "MultiEffect",
					"effects": [
						{
							"type": "ParticleEffect",
							"particles": 1,
							"sizeFrom": 50,
							"sizeTo": 0,
							"sizeInterp": "pow5Out",
							"length": 0,
							"baseLength": 0,
							"lifetime": 83,
							"colorFrom": "EEC591A0",
							"colorTo": "EEC591"
						},
						{
							"type": "ParticleEffect",
							"particles": 12,
							"line": true,
							"interp": "pow10Out",
							"sizeInterp": "pow5In",
							"strokeFrom": 2,
							"strokeTo": 0,
							"lenFrom": 45,
							"lenTo": 0,
							"length": 40,
							"baseLength": 0,
							"lifetime": 32,
							"colorFrom": "EEC591",
							"colorTo": "EEC591"
						},
						{
							"type": "WaveEffect",
							"lifetime": 16,
							"sizeFrom": 5,
							"sizeTo": 80,
							"strokeFrom": 21,
							"strokeTo": 0,
							"colorFrom": "EEC591A8",
							"colorTo": "EEC59180"
						}
					]
				},
				"shootEffect": {
					"type": "ParticleEffect",
					"particles": 6,
					"interp": "pow5Out",
					"sizeInterp": "pow5In",
					"sizeFrom": 4,
					"sizeTo": 0,
					"length": 38,
					"baseLength": 0,
					"lifetime": 65,
					"colorFrom": "EEC591",
					"colorTo": "EEC59180",
					"cone": 10
				},
				"smokeEffect": "none",
				"despawnEffect": "none",
				"trailChance": 1,
				"trailRotation": true,
				"trailEffect": {
					"type": "MultiEffect",
					"effects": [
						{
							"type": "ParticleEffect",
							"particles": 3,
							"sizeFrom": 3,
							"sizeTo": 0,
							"length": -50,
							"lifetime": 60,
							"interp": "pow5Out",
							"sizeInterp": "pow5In",
							"colorFrom": "FF5B5B",
							"colorTo": "78787870",
							"cone": 19
						},
						{
							"type": "ParticleEffect",
							"particles": 3,
							"lenFrom": 35,
							"lenTo": 0,
							"strokeFrom": 1,
							"strokeTo": 0.8,
							"line": true,
							"baseLength": 16,
							"length": -70,
							"lifetime": 15,
							"interp": "pow5Out",
							"colorFrom": "FF5B5B",
							"colorTo": "EEC591",
							"cone": 16
						}
					]
				}
			}
		},
		{
			"name": "亚龙3",
			"x": 56,
			"y": -120,
			"mirror": true,
			"reload": 68,
			"shootY": 0,
			"shoot": {
				"type": "ShootBarrel",
				"barrels": [
					-6.5,
					7,
					0,
					6.5,
					7,
					0
				],
				"shots": 4,
				"shotDelay": 9
			},
			"shootCone": 100,
			"shootSound": "missile",
			"rotate": true,
			"recoil": 0,
			"rotateSpeed": 5,
			"inaccuracy": 20,
			"bullet": {
				"type": "MissileBulletType",
				"damage": 357,
				"splashDamage": 187.5,
				"splashDamageRadius": 50,
				"sprite": "饱和火力-导弹",
				"width": 12,
				"height": 50,
				"speed": 2,
				"lifetime": 102,
				"homingRange": 160,
				"homingDelay": 25,
				"homingPower": 0.1,
				"drag": -0.03,
				"pierceArmor": true,
				"hittable": false,
				"absorbable": false,
				"status": "碎解",
				"statusDuration": 135.2,
				"frontColor": "FF5B5B",
				"backColor": "FF5B5B",
				"shrinkY": 0,
				"hitSound": "titanExplosion",
				"hitSoundVolume": 1.55,
				"hitShake": 8,
				"hitEffect": {
					"type": "MultiEffect",
					"effects": [
						{
							"type": "ParticleEffect",
							"particles": 1,
							"sizeFrom": 50,
							"sizeTo": 0,
							"sizeInterp": "pow5Out",
							"length": 0,
							"baseLength": 0,
							"lifetime": 83,
							"colorFrom": "EEC591A0",
							"colorTo": "EEC591"
						},
						{
							"type": "ParticleEffect",
							"particles": 12,
							"line": true,
							"interp": "pow10Out",
							"sizeInterp": "pow5In",
							"strokeFrom": 2,
							"strokeTo": 0,
							"lenFrom": 45,
							"lenTo": 0,
							"length": 40,
							"baseLength": 0,
							"lifetime": 32,
							"colorFrom": "EEC591",
							"colorTo": "EEC591"
						},
						{
							"type": "WaveEffect",
							"lifetime": 16,
							"sizeFrom": 5,
							"sizeTo": 80,
							"strokeFrom": 21,
							"strokeTo": 0,
							"colorFrom": "EEC591A8",
							"colorTo": "EEC59180"
						}
					]
				},
				"shootEffect": {
					"type": "ParticleEffect",
					"particles": 6,
					"interp": "pow5Out",
					"sizeInterp": "pow5In",
					"sizeFrom": 4,
					"sizeTo": 0,
					"length": 38,
					"baseLength": 0,
					"lifetime": 65,
					"colorFrom": "EEC591",
					"colorTo": "EEC59180",
					"cone": 10
				},
				"smokeEffect": "none",
				"despawnEffect": "none",
				"trailChance": 1,
				"trailRotation": true,
				"trailEffect": {
					"type": "MultiEffect",
					"effects": [
						{
							"type": "ParticleEffect",
							"particles": 3,
							"sizeFrom": 3,
							"sizeTo": 0,
							"length": -50,
							"lifetime": 60,
							"interp": "pow5Out",
							"sizeInterp": "pow5In",
							"colorFrom": "FF5B5B",
							"colorTo": "78787870",
							"cone": 19
						},
						{
							"type": "ParticleEffect",
							"particles": 3,
							"lenFrom": 35,
							"lenTo": 0,
							"strokeFrom": 1,
							"strokeTo": 0.8,
							"line": true,
							"baseLength": 16,
							"length": -70,
							"lifetime": 15,
							"interp": "pow5Out",
							"colorFrom": "FF5B5B",
							"colorTo": "EEC591",
							"cone": 16
						}
					]
				}
			}
		},
		{
			"name": "利刃1",
			"type": "PointDefenseWeapon",
			"x": 32,
			"y": -16,
			"rotate": true,
			"shootSound": "lasercharge2",
			"recoil": 0,
			"rotateSpeed": 9,
			"reload": 4,
			"targetInterval": 4,
			"targetSwitchInterval": 4,
			"bullet": {
				"speed": 40,
				"lifetime": 10,
				"shootEffect": "sparkShoot",
				"hitEffect": "pointHit",
				"maxRange": 640,
				"damage": 400
			}
		},
		{
			"name": "利刃1",
			"display": false,
			"type": "PointDefenseWeapon",
			"x": 36,
			"y": 36,
			"rotate": true,
			"shootSound": "lasercharge2",
			"recoil": 0,
			"rotateSpeed": 9,
			"reload": 4,
			"targetInterval": 4,
			"targetSwitchInterval": 4,
			"bullet": {
				"speed": 40,
				"lifetime": 10,
				"shootEffect": "sparkShoot",
				"hitEffect": "pointHit",
				"maxRange": 640,
				"damage": 400
			}
		},
		{
			"name": "利刃1",
			"display": false,
			"type": "PointDefenseWeapon",
			"x": 72,
			"y": 0,
			"rotate": true,
			"shootSound": "lasercharge2",
			"recoil": 0,
			"rotateSpeed": 9,
			"reload": 4,
			"targetInterval": 4,
			"targetSwitchInterval": 4,
			"bullet": {
				"speed": 40,
				"lifetime": 10,
				"shootEffect": "sparkShoot",
				"hitEffect": "pointHit",
				"maxRange": 640,
				"damage": 400
			}
		},
		{
			"name": "利刃1",
			"display": false,
			"type": "PointDefenseWeapon",
			"x": 70,
			"y": 48,
			"rotate": true,
			"shootSound": "lasercharge2",
			"recoil": 0,
			"rotateSpeed": 9,
			"reload": 4,
			"targetInterval": 4,
			"targetSwitchInterval": 4,
			"bullet": {
				"speed": 40,
				"lifetime": 10,
				"shootEffect": "sparkShoot",
				"hitEffect": "pointHit",
				"maxRange": 640,
				"damage": 400
			}
		},
		{
			"name": "利刃1",
			"display": false,
			"type": "PointDefenseWeapon",
			"x": 80,
			"y": -96,
			"rotate": true,
			"shootSound": "lasercharge2",
			"recoil": 0,
			"rotateSpeed": 9,
			"reload": 4,
			"targetInterval": 4,
			"targetSwitchInterval": 4,
			"bullet": {
				"speed": 40,
				"lifetime": 10,
				"shootEffect": "sparkShoot",
				"hitEffect": "pointHit",
				"maxRange": 640,
				"damage": 400
			}
		},
		{
			"name": "亚龙2",
			"reload": 55,
			"shootY": 12,
			"x": 48.5,
			"y": -24,
			"shoot": {
				"shots": 3,
				"shotDelay": 7.6
			},
			"rotate": true,
			"rotateSpeed": 4,
			"inaccuracy": 1,
			"shootSound": "laser",
			"shake": 3,
			"bullet": {
				"damage": 495,
				"splashDamage": 380,
				"splashDamageRadius": 45,
				"lightningDamage": 220,
				"lightning": 1,
				"lightningLength": 22,
				"lightningLengthRand": 8,
				"lightningColor": "FF5B5B",
				"status": "碎解",
				"statusDuration": 180,
				"speed": 4.5,
				"drag": -0.05,
				"lifetime": 50,
				"hitShake": 3,
				"width": 16,
				"height": 45,
				"sprite": "missile-large",
				"backColor": "FF5B5B",
				"frontColor": "FFFFFF",
				"trailLength": 15,
				"trailWidth": 5,
				"trailColor": "FF5B5B",
				"hitSound": "plasmaboom",
				"shootEffect": {
					"type": "ParticleEffect",
					"particles": 5,
					"sizeFrom": 4,
					"sizeTo": 0,
					"interp": "pow10Out",
					"sizeInterp": "pow5In",
					"length": 60,
					"baseLength": 8,
					"lifetime": 45,
					"colorFrom": "FF5B5B",
					"colorTo": "FF5B5B",
					"cone": 10
				},
				"smokeEffect": "bigShockwave",
				"hitEffect": {
					"type": "ExplosionEffect",
					"lifetime": 32,
					"waveStroke": 8,
					"waveLife": 20,
					"waveRadBase": 6,
					"waveColor": "FF5B5B",
					"waveRad": 30,
					"smokes": 6,
					"smokeColor": "FF5B5B",
					"sparkColor": "FFFFFF",
					"sparks": 9,
					"sparkRad": 65,
					"sparkStroke": 3,
					"sparkLen": 20
				},
				"despawnEffect": {
					"type": "WaveEffect",
					"lifetime": 20,
					"interp": "circleOut",
					"sizeFrom": 8,
					"sizeTo": 60,
					"strokeFrom": 10,
					"strokeTo": 0,
					"colorFrom": "FF5B5B",
					"colorTo": "FF5B5B"
				}
			}
		},
		{
			"name": "亚龙2",
			"reload": 45,
			"shootY": 12,
			"x": -72,
			"y": -64,
			"shoot": {
				"shots": 3,
				"shotDelay": 3
			},
			"rotate": true,
			"rotateSpeed": 4,
			"inaccuracy": 1,
			"shootSound": "laser",
			"shake": 3,
			"bullet": {
				"damage": 430,
				"splashDamage": 355,
				"splashDamageRadius": 45,
				"lightningDamage": 188,
				"lightning": 1,
				"lightningLength": 22,
				"lightningLengthRand": 8,
				"lightningColor": "FF5B5B",
				"status": "碎解",
				"statusDuration": 180,
				"speed": 4.5,
				"drag": -0.05,
				"lifetime": 50,
				"hitShake": 3,
				"width": 16,
				"height": 45,
				"sprite": "missile-large",
				"backColor": "FF5B5B",
				"frontColor": "FFFFFF",
				"trailLength": 15,
				"trailWidth": 5,
				"trailColor": "FF5B5B",
				"hitSound": "plasmaboom",
				"shootEffect": {
					"type": "ParticleEffect",
					"particles": 5,
					"sizeFrom": 4,
					"sizeTo": 0,
					"interp": "pow10Out",
					"sizeInterp": "pow5In",
					"length": 60,
					"baseLength": 8,
					"lifetime": 45,
					"colorFrom": "FF5B5B",
					"colorTo": "FF5B5B",
					"cone": 10
				},
				"smokeEffect": "bigShockwave",
				"hitEffect": {
					"type": "ExplosionEffect",
					"lifetime": 32,
					"waveStroke": 8,
					"waveLife": 20,
					"waveRadBase": 6,
					"waveColor": "FF5B5B",
					"waveRad": 30,
					"smokes": 6,
					"smokeColor": "FF5B5B",
					"sparkColor": "FFFFFF",
					"sparks": 9,
					"sparkRad": 65,
					"sparkStroke": 3,
					"sparkLen": 20
				},
				"despawnEffect": {
					"type": "WaveEffect",
					"lifetime": 20,
					"interp": "circleOut",
					"sizeFrom": 8,
					"sizeTo": 60,
					"strokeFrom": 10,
					"strokeTo": 0,
					"colorFrom": "FF5B5B",
					"colorTo": "FF5B5B"
				}
			}
		},
		{
			"name": "亚龙1",
			"reload": 170,
			"shootY": 20,
			"x": 56,
			"y": 40,
			"rotate": true,
			"rotateSpeed": 1.2,
			"inaccuracy": 0,
			"shootSound": "release",
			"shake": 6,
			"bullet": {
				"type": "PointBulletType",
				"trailEffect": {
					"type": "ParticleEffect",
					"particles": 1,
					"baseLength": 1,
					"lifetime": 20,
					"line": true,
					"randLength": false,
					"lenFrom": 12,
					"lenTo": 12,
					"strokeFrom": 10,
					"strokeTo": 0,
					"colorFrom": "FF5B5B",
					"colorTo": "FF5B5B",
					"cone": 0
				},
				"trailSpacing": 10,
				"pierceArmor": true,
				"status": "碎解",
				"statusDuration": 600,
				"damage": 7480,
				"splashDamage": 748,
				"splashDamageRadius": 110,
				"scaledSplashDamage": true,
				"speed": 150,
				"lifetime": 10,
				"hitShake": 8,
				"hitSound": "plasmaboom",
				"shootEffect": {
					"type": "MultiEffect",
					"effects": [
						{
							"type": "WaveEffect",
							"lifetime": 15,
							"sizeFrom": 0,
							"sizeTo": 100,
							"strokeFrom": 3,
							"strokeTo": 0,
							"colorFrom": "FF5B5B",
							"colorTo": "C43333FF"
						},
						{
							"type": "ParticleEffect",
							"particles": 16,
							"interp": "pow5Out",
							"sizeInterp": "pow5In",
							"lenFrom": 20,
							"lenTo": 0,
							"line": true,
							"strokeFrom": 4,
							"strokeTo": 0,
							"length": 80,
							"baseLength": 8,
							"lifetime": 120,
							"colorFrom": "FF5B5B",
							"colorTo": "C43333",
							"cone": 40
						}
					]
				},
				"smokeEffect": "none",
				"hitEffect": {
					"type": "MultiEffect",
					"effects": [
						{
							"type": "ParticleEffect",
							"particles": 1,
							"sizeFrom": 10,
							"sizeTo": 55,
							"length": 0,
							"baseLength": 0,
							"interp": "pow10Out",
							"lifetime": 10,
							"colorFrom": "C4333300",
							"colorTo": "FF5B5Bb8",
							"cone": 0
						},
						{
							"type": "ParticleEffect",
							"particles": 1,
							"sizeFrom": 55,
							"sizeTo": 0,
							"length": 0,
							"baseLength": 0,
							"startDelay": 9.5,
							"interp": "pow5In",
							"lifetime": 106,
							"colorFrom": "FF5B5Bb8",
							"colorTo": "C4333300",
							"cone": 0
						},
						{
							"type": "WaveEffect",
							"lifetime": 75,
							"sizeFrom": 0,
							"interp": "circleOut",
							"sizeTo": 110,
							"strokeFrom": 20,
							"strokeTo": 0,
							"colorFrom": "C43333b8",
							"colorTo": "FF5B5B"
						},
						{
							"type": "WaveEffect",
							"lifetime": 75,
							"sizeFrom": 0,
							"interp": "circleOut",
							"sizeTo": 165,
							"strokeFrom": 10,
							"strokeTo": 0,
							"colorFrom": "C43333b8",
							"colorTo": "FF5B5B"
						},
						{
							"type": "ParticleEffect",
							"particles": 32,
							"interp": "pow5Out",
							"sizeInterp": "pow5In",
							"lenFrom": 40,
							"lenTo": 0,
							"line": true,
							"strokeFrom": 5,
							"strokeTo": 0,
							"length": 160,
							"baseLength": 8,
							"lifetime": 75,
							"colorFrom": "FF5B5B",
							"colorTo": "C43333"
						}
					]
				},
				"despawnEffect": "bigShockwave",
				"fragBullets": 3,
				"fragSpread": 120,
				"fragBullet": {
					"type": "PointBulletType",
					"trailEffect": "none",
					"trailSpacing": 10,
					"pierceArmor": true,
					"status": "碎解",
					"statusDuration": 300,
					"damage": 1682,
					"splashDamage": 375,
					"splashDamageRadius": 55,
					"scaledSplashDamage": true,
					"speed": 10,
					"lifetime": 9,
					"hitShake": 6,
					"hitSound": "plasmaboom",
					"hitEffect": {
						"type": "MultiEffect",
						"effects": [
							{
								"type": "ParticleEffect",
								"particles": 1,
								"sizeFrom": 10,
								"sizeTo": 27,
								"length": 0,
								"baseLength": 0,
								"interp": "pow10Out",
								"lifetime": 10,
								"colorFrom": "C4333300",
								"colorTo": "FF5B5Bb8",
								"cone": 0
							},
							{
								"type": "ParticleEffect",
								"particles": 1,
								"sizeFrom": 27,
								"sizeTo": 0,
								"length": 0,
								"baseLength": 0,
								"startDelay": 9.5,
								"interp": "pow5In",
								"lifetime": 106,
								"colorFrom": "FF5B5Bb8",
								"colorTo": "C4333300",
								"cone": 0
							},
							{
								"type": "WaveEffect",
								"lifetime": 75,
								"sizeFrom": 0,
								"interp": "circleOut",
								"sizeTo": 55,
								"strokeFrom": 20,
								"strokeTo": 0,
								"colorFrom": "C43333b8",
								"colorTo": "FF5B5B"
							},
							{
								"type": "ParticleEffect",
								"particles": 16,
								"interp": "pow5Out",
								"sizeInterp": "pow5In",
								"lenFrom": 20,
								"lenTo": 0,
								"line": true,
								"strokeFrom": 4,
								"strokeTo": 0,
								"length": 70,
								"baseLength": 8,
								"lifetime": 75,
								"colorFrom": "FF5B5B",
								"colorTo": "C43333"
							}
						]
					},
					"despawnEffect": "bigShockwave",
					"fragBullets": 3,
					"fragSpread": 120,
					"fragBullet": {
						"type": "PointBulletType",
						"trailEffect": "none",
						"trailSpacing": 10,
						"pierceArmor": true,
						"status": "碎解",
						"statusDuration": 150,
						"damage": 365,
						"splashDamage": 102.5,
						"splashDamageRadius": 27.5,
						"scaledSplashDamage": true,
						"speed": 9,
						"lifetime": 5,
						"hitShake": 4,
						"hitSound": "plasmaboom",
						"hitEffect": {
							"type": "MultiEffect",
							"effects": [
								{
									"type": "ParticleEffect",
									"particles": 1,
									"sizeFrom": 10,
									"sizeTo": 14,
									"length": 0,
									"baseLength": 0,
									"interp": "pow10Out",
									"lifetime": 10,
									"colorFrom": "C4333300",
									"colorTo": "FF5B5Bb8",
									"cone": 0
								},
								{
									"type": "ParticleEffect",
									"particles": 1,
									"sizeFrom": 14,
									"sizeTo": 0,
									"length": 0,
									"baseLength": 0,
									"startDelay": 9.5,
									"interp": "pow5In",
									"lifetime": 106,
									"colorFrom": "FF5B5Bb8",
									"colorTo": "C4333300",
									"cone": 0
								},
								{
									"type": "WaveEffect",
									"lifetime": 75,
									"sizeFrom": 0,
									"interp": "circleOut",
									"sizeTo": 27,
									"strokeFrom": 20,
									"strokeTo": 0,
									"colorFrom": "C43333b8",
									"colorTo": "FF5B5B"
								},
								{
									"type": "ParticleEffect",
									"particles": 8,
									"interp": "pow5Out",
									"sizeInterp": "pow5In",
									"lenFrom": 10,
									"lenTo": 0,
									"line": true,
									"strokeFrom": 3,
									"strokeTo": 0,
									"length": 35,
									"baseLength": 8,
									"lifetime": 75,
									"colorFrom": "FF5B5B",
									"colorTo": "C43333"
								}
							]
						},
						"despawnEffect": "bigShockwave"
					}
				}
			}
		},
		{
			"name": "亚龙1",
			"reload": 200,
			"shootY": 20,
			"x": -48,
			"y": -80,
			"rotate": true,
			"rotateSpeed": 1.2,
			"inaccuracy": 0,
			"shootSound": "release",
			"shake": 6,
			"bullet": {
				"type": "PointBulletType",
				"trailEffect": {
					"type": "ParticleEffect",
					"particles": 1,
					"baseLength": 1,
					"lifetime": 20,
					"line": true,
					"randLength": false,
					"lenFrom": 12,
					"lenTo": 12,
					"strokeFrom": 10,
					"strokeTo": 0,
					"colorFrom": "FF5B5B",
					"colorTo": "FF5B5B",
					"cone": 0
				},
				"trailSpacing": 10,
				"pierceArmor": true,
				"status": "碎解",
				"statusDuration": 600,
				"damage": 8800,
				"splashDamage": 880,
				"splashDamageRadius": 110,
				"scaledSplashDamage": true,
				"speed": 150,
				"lifetime": 10,
				"hitShake": 8,
				"hitSound": "plasmaboom",
				"shootEffect": {
					"type": "MultiEffect",
					"effects": [
						{
							"type": "WaveEffect",
							"lifetime": 15,
							"sizeFrom": 0,
							"sizeTo": 100,
							"strokeFrom": 3,
							"strokeTo": 0,
							"colorFrom": "FF5B5B",
							"colorTo": "C43333FF"
						},
						{
							"type": "ParticleEffect",
							"particles": 16,
							"interp": "pow5Out",
							"sizeInterp": "pow5In",
							"lenFrom": 20,
							"lenTo": 0,
							"line": true,
							"strokeFrom": 4,
							"strokeTo": 0,
							"length": 80,
							"baseLength": 8,
							"lifetime": 120,
							"colorFrom": "FF5B5B",
							"colorTo": "C43333",
							"cone": 40
						}
					]
				},
				"smokeEffect": "none",
				"hitEffect": {
					"type": "MultiEffect",
					"effects": [
						{
							"type": "ParticleEffect",
							"particles": 1,
							"sizeFrom": 10,
							"sizeTo": 55,
							"length": 0,
							"baseLength": 0,
							"interp": "pow10Out",
							"lifetime": 10,
							"colorFrom": "C4333300",
							"colorTo": "FF5B5Bb8",
							"cone": 0
						},
						{
							"type": "ParticleEffect",
							"particles": 1,
							"sizeFrom": 55,
							"sizeTo": 0,
							"length": 0,
							"baseLength": 0,
							"startDelay": 9.5,
							"interp": "pow5In",
							"lifetime": 106,
							"colorFrom": "FF5B5Bb8",
							"colorTo": "C4333300",
							"cone": 0
						},
						{
							"type": "WaveEffect",
							"lifetime": 75,
							"sizeFrom": 0,
							"interp": "circleOut",
							"sizeTo": 110,
							"strokeFrom": 20,
							"strokeTo": 0,
							"colorFrom": "C43333b8",
							"colorTo": "FF5B5B"
						},
						{
							"type": "WaveEffect",
							"lifetime": 75,
							"sizeFrom": 0,
							"interp": "circleOut",
							"sizeTo": 165,
							"strokeFrom": 10,
							"strokeTo": 0,
							"colorFrom": "C43333b8",
							"colorTo": "FF5B5B"
						},
						{
							"type": "ParticleEffect",
							"particles": 32,
							"interp": "pow5Out",
							"sizeInterp": "pow5In",
							"lenFrom": 40,
							"lenTo": 0,
							"line": true,
							"strokeFrom": 5,
							"strokeTo": 0,
							"length": 160,
							"baseLength": 8,
							"lifetime": 75,
							"colorFrom": "FF5B5B",
							"colorTo": "C43333"
						}
					]
				},
				"despawnEffect": "bigShockwave",
				"fragBullets": 3,
				"fragSpread": 120,
				"fragBullet": {
					"type": "PointBulletType",
					"trailEffect": "none",
					"trailSpacing": 10,
					"pierceArmor": true,
					"status": "碎解",
					"statusDuration": 300,
					"damage": 1980,
					"splashDamage": 440,
					"splashDamageRadius": 55,
					"scaledSplashDamage": true,
					"speed": 10,
					"lifetime": 9,
					"hitShake": 6,
					"hitSound": "plasmaboom",
					"hitEffect": {
						"type": "MultiEffect",
						"effects": [
							{
								"type": "ParticleEffect",
								"particles": 1,
								"sizeFrom": 10,
								"sizeTo": 27,
								"length": 0,
								"baseLength": 0,
								"interp": "pow10Out",
								"lifetime": 10,
								"colorFrom": "C4333300",
								"colorTo": "FF5B5Bb8",
								"cone": 0
							},
							{
								"type": "ParticleEffect",
								"particles": 1,
								"sizeFrom": 27,
								"sizeTo": 0,
								"length": 0,
								"baseLength": 0,
								"startDelay": 9.5,
								"interp": "pow5In",
								"lifetime": 106,
								"colorFrom": "FF5B5Bb8",
								"colorTo": "C4333300",
								"cone": 0
							},
							{
								"type": "WaveEffect",
								"lifetime": 75,
								"sizeFrom": 0,
								"interp": "circleOut",
								"sizeTo": 55,
								"strokeFrom": 20,
								"strokeTo": 0,
								"colorFrom": "C43333b8",
								"colorTo": "FF5B5B"
							},
							{
								"type": "ParticleEffect",
								"particles": 16,
								"interp": "pow5Out",
								"sizeInterp": "pow5In",
								"lenFrom": 20,
								"lenTo": 0,
								"line": true,
								"strokeFrom": 4,
								"strokeTo": 0,
								"length": 70,
								"baseLength": 8,
								"lifetime": 75,
								"colorFrom": "FF5B5B",
								"colorTo": "C43333"
							}
						]
					},
					"despawnEffect": "bigShockwave",
					"fragBullets": 3,
					"fragSpread": 120,
					"fragBullet": {
						"type": "PointBulletType",
						"trailEffect": "none",
						"trailSpacing": 10,
						"pierceArmor": true,
						"status": "碎解",
						"statusDuration": 150,
						"damage": 435,
						"splashDamage": 170,
						"splashDamageRadius": 27.5,
						"scaledSplashDamage": true,
						"speed": 9,
						"lifetime": 5,
						"hitShake": 4,
						"hitSound": "plasmaboom",
						"hitEffect": {
							"type": "MultiEffect",
							"effects": [
								{
									"type": "ParticleEffect",
									"particles": 1,
									"sizeFrom": 10,
									"sizeTo": 14,
									"length": 0,
									"baseLength": 0,
									"interp": "pow10Out",
									"lifetime": 10,
									"colorFrom": "C4333300",
									"colorTo": "FF5B5Bb8",
									"cone": 0
								},
								{
									"type": "ParticleEffect",
									"particles": 1,
									"sizeFrom": 14,
									"sizeTo": 0,
									"length": 0,
									"baseLength": 0,
									"startDelay": 9.5,
									"interp": "pow5In",
									"lifetime": 106,
									"colorFrom": "FF5B5Bb8",
									"colorTo": "C4333300",
									"cone": 0
								},
								{
									"type": "WaveEffect",
									"lifetime": 75,
									"sizeFrom": 0,
									"interp": "circleOut",
									"sizeTo": 27,
									"strokeFrom": 20,
									"strokeTo": 0,
									"colorFrom": "C43333b8",
									"colorTo": "FF5B5B"
								},
								{
									"type": "ParticleEffect",
									"particles": 8,
									"interp": "pow5Out",
									"sizeInterp": "pow5In",
									"lenFrom": 10,
									"lenTo": 0,
									"line": true,
									"strokeFrom": 3,
									"strokeTo": 0,
									"length": 35,
									"baseLength": 8,
									"lifetime": 75,
									"colorFrom": "FF5B5B",
									"colorTo": "C43333"
								}
							]
						},
						"despawnEffect": "bigShockwave"
					}
				}
			}
		},
		{
			"name": "空间导弹",
			"x": 0,
			"display": false,
			"reload": 2160,
			"mirror": false,
			"rotate": false,
			"shootCone": 360,
			"ignoreRotation": true,
			"shootSound": "missile",
			"chargeSound": "lasercharge",
			"shootStatusDuration": 150,
			"shootStatus": "重载",
			"inaccuracy": 360,
			"velocityRnd": 0.8,
			"shoot": {
				"firstShotDelay": 90,
				"shots": 20,
				"shotDelay": 3
			},
			"bullet": {
				"type": "BasicBulletType",
				"keepVelocity": false,
				"sprite": "large-orb",
				"backColor": "EEC591",
				"frontColor": "000000",
				"parts": [
					{
						"type": "ShapePart",
						"color": "000000",
						"circle": true,
						"hollow": false,
						"radius": 12,
						"radiusTo": 2,
						"layer": 120
					}
				],
				"shrinkX": 0.6,
				"shrinkY": 0.6,
				"trailLength": 30,
				"trailWidth": 9,
				"trailColor": "EEC591",
				"trailInterval": 2,
				"trailEffect": {
					"type": "WaveEffect",
					"lifetime": 50,
					"sizeFrom": 0,
					"sizeTo": 80,
					"interp": "circleOut",
					"strokeFrom": 9,
					"strokeTo": 0,
					"colorFrom": "EEC591",
					"colorTo": "EEC591"
				},
				"width": 50,
				"height": 50,
				"collides": false,
				"absorbable": false,
				"status": "裂位标记",
				"statusDuration": 600,
				"damage": 2250,
				"splashDamage": 5,
				"splashDamageRadius": 80,
				"speed": 90,
				"lifetime": 300,
				"drag": 0.03,
				"maxRange": 3800,
				"hitSoundVolume": 4,
				"hitSound": "laserblast",
				"shootEffect": {
					"type": "WaveEffect",
					"lifetime": 180,
					"sizeFrom": 0,
					"sizeTo": 1600,
					"strokeFrom": 20,
					"strokeTo": 0,
					"colorFrom": "EEC59111",
					"colorTo": "EEC59100"
				},
				"smokeEffect": {
					"type": "WaveEffect",
					"lifetime": 180,
					"sizeFrom": 0,
					"sizeTo": 1600,
					"interp": "circleOut",
					"strokeFrom": 20,
					"strokeTo": 0,
					"startDelay": 20,
					"colorFrom": "EEC59111",
					"colorTo": "EEC59100"
				},
				"hitShake": 15,
				"hitEffect": {
					"type": "MultiEffect",
					"effects": [
						{
							"type": "ParticleEffect",
							"particles": 1,
							"sizeFrom": 90,
							"sizeTo": 90,
							"sizeInterp": "pow3In",
							"length": 0,
							"baseLength": 0,
							"lifetime": 20,
							"colorFrom": "EEC591",
							"colorTo": "EEC59100"
						},
						{
							"type": "WaveEffect",
							"lifetime": 8,
							"sizeFrom": 60,
							"sizeTo": 160,
							"interp": "circleOut",
							"strokeFrom": 22,
							"strokeTo": 0,
							"colorFrom": "EEC591",
							"colorTo": "EEC591b8"
						},
						{
							"type": "WaveEffect",
							"lifetime": 25,
							"sizeFrom": 0,
							"sizeTo": 200,
							"interp": "circleOut",
							"strokeFrom": 22,
							"strokeTo": 0,
							"colorFrom": "EEC591",
							"colorTo": "EEC591b8"
						}
					]
				},
				"despawnEffect": "none",
				"fragBullets": 1,
				"fragLifeMin": 1,
				"fragLifeMax": 1.5,
				"fragRandomSpread": 10,
				"fragBullet": {
					"type": "BasicBulletType",
					"keepVelocity": false,
					"collides": false,
					"hittable": false,
					"absorbable": false,
					"homingRange": 200,
					"homingDelay": 144,
					"homingPower": 0.02,
					"trailChance": 0,
					"trailInterval": 29,
					"trailEffect": {
						"type": "WaveEffect",
						"lifetime": 80,
						"sizeFrom": 0,
						"sizeTo": 200,
						"interp": "circleOut",
						"strokeFrom": 20,
						"strokeTo": 0,
						"colorFrom": "EEC591",
						"colorTo": "EEC591"
					},
					"parts": [
						{
							"type": "HaloPart",
							"sides": 4,
							"shapes": 1,
							"rotateSpeed": 1.65,
							"color": "EEC591",
							"colorTo": "EEC591",
							"tri": false,
							"hollow": true,
							"stroke": 4,
							"strokeTo": 3,
							"radius": 50,
							"radiusTo": 50,
							"haloRadius": 0
						},
						{
							"type": "HaloPart",
							"sides": 8,
							"shapes": 1,
							"rotateSpeed": -1.88,
							"color": "EEC591",
							"colorTo": "EEC591",
							"tri": false,
							"hollow": true,
							"stroke": 4,
							"strokeTo": 3,
							"radius": 75,
							"radiusTo": 75,
							"haloRadius": 0
						},
						{
							"type": "HaloPart",
							"sides": 3,
							"shapes": 3,
							"color": "EEC591",
							"colorTo": "EEC591",
							"tri": true,
							"radius": 8,
							"radiusTo": 8,
							"triLength": 38,
							"triLengthTo": 38,
							"haloRadius": 150,
							"haloRotation": 0,
							"haloRotateSpeed": 1.22
						},
						{
							"type": "HaloPart",
							"shapeRotation": 180,
							"sides": 3,
							"shapes": 3,
							"color": "EEC591",
							"colorTo": "EEC591",
							"tri": true,
							"radius": 8,
							"radiusTo": 8,
							"triLength": 38,
							"triLengthTo": 38,
							"haloRadius": 150,
							"haloRotation": 0,
							"haloRotateSpeed": 1.22
						},
						{
							"type": "HaloPart",
							"sides": 3,
							"shapes": 5,
							"color": "EEC591",
							"colorTo": "EEC591",
							"tri": true,
							"radius": 12,
							"radiusTo": 12,
							"triLength": 56,
							"triLengthTo": 56,
							"haloRadius": 57,
							"haloRotation": 0,
							"haloRotateSpeed": -1
						},
						{
							"type": "HaloPart",
							"shapeRotation": 180,
							"sides": 3,
							"shapes": 5,
							"color": "EEC591",
							"colorTo": "EEC591",
							"tri": true,
							"radius": 12,
							"radiusTo": 12,
							"triLength": 16,
							"triLengthTo": 16,
							"haloRadius": 57,
							"haloRotation": 0,
							"haloRotateSpeed": -1
						}
					],
					"hitEffect": {
						"type": "ParticleEffect",
						"particles": 1,
						"sizeFrom": 20,
						"sizeTo": 100,
						"sizeInterp": "pow10Out",
						"length": 0,
						"baseLength": 0,
						"lifetime": 20,
						"colorFrom": "EEC591",
						"colorTo": "EEC591",
						"cone": 0
					},
					"despawnEffect": {
						"type": "ParticleEffect",
						"particles": 1,
						"sizeFrom": 100,
						"sizeTo": 0,
						"length": 0,
						"baseLength": 0,
						"startDelay": 19.5,
						"lifetime": 13,
						"colorFrom": "EEC591",
						"colorTo": "EEC59100",
						"cone": 0
					},
					"hitSoundVolume": 4,
					"hitSound": "explosionbig",
					"width": 225,
					"height": 225,
					"backColor": "EEC591",
					"frontColor": "EEC591",
					"sprite": "饱和火力-海胆",
					"spin": 0.88,
					"shrinkY": 0,
					"shrinkX": 0,
					"pierceArmor": true,
					"status": "绝判",
					"statusDuration": 120,
					"speed": 1.63,
					"lifetime": 480,
					"splashDamageRadius": 200,
					"splashDamage": 300,
					"lightningColor": "EEC591",
					"lightningDamage": 580,
					"lightning": 3,
					"lightningLength": 15,
					"lightningLengthRand": 8,
					"hitShake": 15,
					"fragBullets": 6,
					"fragLifeMin": 0.9,
					"fragLifeMax": 1.3,
					"fragBullet": {
						"type": "PointBulletType",
						"trailSpacing": 9,
						"trailEffect": {
							"type": "ParticleEffect",
							"particles": 1,
							"length": 0,
							"baseLength": 1,
							"lifetime": 10,
							"line": true,
							"randLength": false,
							"lenFrom": 9,
							"lenTo": 9,
							"strokeFrom": 20,
							"strokeTo": 0,
							"colorFrom": "EEC591",
							"colorTo": "EEC591",
							"cone": 0
						},
						"lifetime": 8,
						"speed": 35,
						"status": "崩溃",
						"statusDuration": 600,
						"buildingDamageMultiplier": 3,
						"splashDamageRadius": 48,
						"splashDamage": 166,
						"hitShake": 6,
						"hitSound": "laser",
						"hitEffect": {
							"type": "ParticleEffect",
							"particles": 1,
							"sizeFrom": 48,
							"sizeTo": 0,
							"sizeInterp": "pow5In",
							"length": 0,
							"baseLength": 0,
							"lifetime": 60,
							"colorFrom": "EEC591",
							"colorTo": "EEC591",
							"cone": 0
						},
						"despawnEffect": "none"
					},
					"bulletInterval": 6.4,
					"intervalBullets": 1,
					"intervalBullet": {
						"type": "BasicBulletType",
						"damage": 400,
						"knockback": 18,
						"status": "崩溃",
						"statusDuration": 600,
						"pierceCap": 4,
						"pierceBuilding": true,
						"pierceArmor": true,
						"splashDamageRadius": 80,
						"splashDamage": 360,
						"lightningColor": "EEC591",
						"lightningDamage": 240,
						"lightning": 1,
						"lightningLength": 8,
						"lightningLengthRand": 8,
						"homingRange": 3800,
						"homingDelay": 38,
						"homingPower": 0.5,
						"shrinkY": 0,
						"hitEffect": {
							"type": "MultiEffect",
							"effects": [
								{
									"type": "ParticleEffect",
									"particles": 1,
									"sizeFrom": 10,
									"sizeTo": 100,
									"length": 0,
									"baseLength": 8,
									"lifetime": 13,
									"colorFrom": "EEC591",
									"colorTo": "EEC59100"
								},
								{
									"type": "ParticleEffect",
									"particles": 9,
									"sizeFrom": 10,
									"sizeTo": 0,
									"interp": "pow5Out",
									"sizeInterp": "pow5In",
									"length": 90,
									"baseLength": 8,
									"lifetime": 95,
									"colorFrom": "EEC591",
									"colorTo": "EEC59100"
								},
								{
									"type": "WaveEffect",
									"lifetime": 13,
									"sizeFrom": 10,
									"sizeTo": 100,
									"strokeFrom": 8,
									"strokeTo": 0,
									"colorFrom": "EEC591",
									"colorTo": "EEC59100"
								}
							]
						},
						"hitSound": "plasmaboom",
						"hitSoundVolume": 1.2,
						"despawnEffect": "none",
						"sprite": "饱和火力-大导弹",
						"trailChance": 0,
						"trailInterval": 2,
						"trailEffect": {
							"type": "MultiEffect",
							"effects": [
								{
									"type": "ParticleEffect",
									"particles": 4,
									"sizeFrom": 2,
									"sizeTo": 8,
									"length": -80,
									"lifetime": 20,
									"interp": "pow5Out",
									"colorFrom": "FEEBB3",
									"colorTo": "FEEBB300",
									"cone": 15
								},
								{
									"type": "ParticleEffect",
									"particles": 4,
									"lenFrom": 35,
									"lenTo": 0,
									"strokeFrom": 1,
									"strokeTo": 1,
									"line": true,
									"baseLength": 16,
									"length": -90,
									"lifetime": 15,
									"interp": "pow5Out",
									"colorFrom": "FF8C00",
									"colorTo": "FEEBB3",
									"cone": 15
								}
							]
						},
						"trailRotation": true,
						"trailLength": 10,
						"trailWidth": 2.3,
						"trailColor": "FEEBB3",
						"backColor": "EEC591",
						"speed": 3,
						"drag": -0.05,
						"lifetime": 86,
						"width": 25,
						"height": 76
					}
				}
			}
		}
	]
}