{
	"type": "flying",
	"name": "昼阑",
	"healColor": "FF5B5B",
	"outlineColor": "383848",
	"dpsEstimate": 0,
	"speed": 1.186,
	"accel": 0.036,
	"drag": 0.032,
	"fogRadius": 90,
	"lightRadius": 600,
	"buildRange": 400,
	"buildSpeed": 10,
	"buildBeamOffset": 24,
	"range": 1000,
	"flying": true,
	"engines": [
		{
			"x": -23.25,
			"y": -108,
			"radius": 7.55,
			"rotation": -90
		},
		{
			"x": -44.25,
			"y": -99.5,
			"radius": 7.55,
			"rotation": -90
		},
		{
			"x": 23.25,
			"y": -108,
			"radius": 7.55,
			"rotation": -90
		},
		{
			"x": 44.25,
			"y": -99.5,
			"radius": 7.55,
			"rotation": -90
		},
		{
			"x": 60,
			"y": -4,
			"radius": 9,
			"rotation": -45
		},
		{
			"x": -60,
			"y": -5,
			"radius": 9,
			"rotation": -135
		}
	],
	"engineLayer":110,
	"engineOffset": 24,
	"engineSize": 0,
	"hitSize": 166,
	"health": 655000,
	"armor": 148,
	"targetFlags": ["turret"],
	"immunities": [
		"burning","electrified",
		"melting","disarmed",
		"sapped","shocked","slow","休克","unmoving",
		"corroded","标记",
		"裂位标记","拆解","干扰",
		"绝判","油蚀","碎解",
		"阳电","阴电","崩溃",
		"殁火","急冻","崩解"
	],
	"rotateSpeed": 0.38,
	"ammoCapacity": 99999,
	"abilities": [
		{
			"type": "RepairFieldAbility",
			"amount": 36000,
			"reload": 360,
			"range": 220,
			"healEffect": "none",
			"activeEffect": {
				"type": "WaveEffect",
				"lifetime": 60,
				"sizeFrom": 0,
				"sizeTo": 220,
				"strokeFrom": 22,
				"interp": "circleOut",
				"strokeTo": 0,
				"colorFrom": "BFFFDB88",
				"colorTo": "BFFFDB"
			}
		},
		{
			"type": "ShieldArcAbility",
			"radius": 240,
			"width": 32,
			"max": 32000,
			"regen": 360,
			"cooldown": 300,
			"angle": 270
		}
	],
	"faceTarget": true,
	"weapons": [
		{
			"name": "昼阑0",
			"display": false,
			"shootSound": "laserblast",
			"chargeSound": "lasercharge",
			"top": false,
			"mirror": false,
			"shake": 26,
			"x": 0,
			"y": 0,
			"shootY": 5,
			"reload": 460,
			"recoil": 0,
			"shootCone": 0,
			"cooldownTime": 350,
			"heatColor": "FF4040",
			"shootStatusDuration": 160,
			"shootStatus": "重载",
			"parentizeEffects": true,
			"shoot": {
				"type": "ShootPattern",
				"firstShotDelay": 120
			},
			"bullet": {
				"type": "LaserBulletType",
				"lightningSpacing": 22,
				"lightningLength": 6,
				"lightningDelay": 0.49,
				"lightningLengthRand": 6,
				"lightningAngleRand": 90,
				"lightningDamage": 1267,
				"lightningColor": "BFFFDB",
				"statusDuration": 520,
				"status": "失衡",
				"length": 1200,
				"width": 56,
				"sideAngle": 135,
				"sideWidth": 2,
				"sideLength": 320,
				"damage": 8980,
				"lifetime": 78,
				"pierceArmor": true,
				"colors": [
					"25C9ABA8",
					"25C9AB",
					"FFFFFF"
				],
				"shootEffect": {
					"type": "WaveEffect",
					"lifetime": 55,
					"interp": "circleOut",
					"sizeFrom": 0,
					"sizeTo": 200,
					"strokeFrom": 26,
					"strokeTo": 0,
					"colorFrom": "FFFFFF",
					"colorTo": "25C9AB"
				},
				"smokeEffect": {
					"type": "ParticleEffect",
					"particles": 28,
					"sizeFrom": 28,
					"sizeTo": 0,
					"sizeInterp": "pow10In",
					"interp": "pow5Out",
					"length": 175,
					"baseLength": 0,
					"lifetime": 360,
					"colorFrom": "25C9AB80",
					"colorTo": "BFFFDB50"
				},
				"chargeEffect": {
					"type": "MultiEffect",
					"effects": [
						{
							"type": "WaveEffect",
							"lifetime": 120,
							"sizeFrom": 190,
							"sizeTo": 0,
							"strokeFrom": 0,
							"strokeTo": 10,
							"colorFrom": "25C9AB",
							"colorTo": "BFFFDB"
						},
						{
							"type": "WaveEffect",
							"lifetime": 56,
							"interp": "circleIn",
							"sizeFrom": 190,
							"sizeTo": 0,
							"strokeFrom": 0,
							"strokeTo": 10,
							"colorFrom": "25C9AB",
							"colorTo": "BFFFDB"
						},
						{
							"type": "WaveEffect",
							"lifetime": 56,
							"interp": "circleIn",
							"startDelay": 20,
							"sizeFrom": 190,
							"sizeTo": 0,
							"strokeFrom": 0,
							"strokeTo": 10,
							"colorFrom": "25C9AB",
							"colorTo": "BFFFDB"
						},
						{
							"type": "WaveEffect",
							"lifetime": 56,
							"interp": "circleIn",
							"startDelay": 40,
							"sizeFrom": 190,
							"sizeTo": 0,
							"strokeFrom": 0,
							"strokeTo": 10,
							"colorFrom": "25C9AB",
							"colorTo": "BFFFDB"
						},
						{
							"type": "ParticleEffect",
							"particles": 65,
							"strokeFrom": 1,
							"strokeTo": 2,
							"line": true,
							"interp": "pow5In",
							"sizeInterp": "pow5Out",
							"lenFrom": 0,
							"lenTo": 20,
							"length": 220,
							"baseLength": -180,
							"lifetime": 80,
							"colorFrom": "25C9AB",
							"colorTo": "BFFFDB"
						},
						{
							"type": "ParticleEffect",
							"particles": 1,
							"sizeFrom": 0,
							"sizeTo": 24,
							"length": 0,
							"baseLength": -0,
							"lifetime": 120,
							"colorFrom": "25C9AB",
							"colorTo": "BFFFDB"
						},
						{
							"type": "ParticleEffect",
							"particles": 1,
							"sizeFrom": 0,
							"sizeTo": 16,
							"length": 0,
							"baseLength": 33,
							"lifetime": 102,
							"startDelay": 20,
							"interp": "pow5Out",
							"randLength": false,
							"colorFrom": "25C9AB",
							"colorTo": "BFFFDB",
							"cone": 0
						},
						{
							"type": "ParticleEffect",
							"particles": 1,
							"sizeFrom": 0,
							"sizeTo": 14,
							"length": 0,
							"baseLength": 68,
							"lifetime": 82,
							"startDelay": 40,
							"interp": "pow5Out",
							"randLength": false,
							"colorFrom": "25C9AB",
							"colorTo": "BFFFDB",
							"cone": 0
						},
						{
							"type": "ParticleEffect",
							"particles": 1,
							"sizeFrom": 0,
							"sizeTo": 13,
							"length": 0,
							"baseLength": 99,
							"lifetime": 62,
							"startDelay": 60,
							"interp": "pow5Out",
							"randLength": false,
							"colorFrom": "25C9AB",
							"colorTo": "BFFFDB",
							"cone": 0
						},
						{
							"type": "ParticleEffect",
							"particles": 1,
							"strokeFrom": 32,
							"strokeTo": 0,
							"lenFrom": 0,
							"lenTo": 1200,
							"interp": "pow5Out",
							"line": true,
							"randLength": false,
							"length": 0,
							"baseLength": 1,
							"lifetime": 120,
							"colorFrom": "25C9AB80",
							"colorTo": "BFFFDBA8",
							"cone": 0
						}
					]
				},
				"despawnEffect": "none",
				"hitEffect": {
					"type": "ExplosionEffect",
					"lifetime": 62,
					"waveStroke": 9,
					"waveLife": 36,
					"waveRadBase": 0,
					"waveColor": "BFFFDB",
					"waveRad": 66,
					"smokes": 9,
					"smokeColor": "BFFFDBA8",
					"sparkColor": "BFFFDB",
					"sparks": 12,
					"sparkRad": 78,
					"sparkStroke": 2.33,
					"sparkLen": 28
				}
			}
		},
		{
			"name": "昼阑3",
			"display": false,
			"reload": 154,
			"x": 62,
			"y": 14,
			"rotate": false,
			"recoil": 0,
			"inaccuracy": 13,
			"alternate": true,
			"shootSound": "missileLarge",
			"baseRotation": -45,
			"shake": 2,
			"autoTarget": true,
			"xRand": 34,
			"shootCone": 360,
			"shoot": {
				"type": "ShootMulti",
				"source": {},
				"dest": [
					{
						"shots": 9,
						"shotDelay": 6
					},
					{
						"shots": 9,
						"firstShotDelay": 8,
						"shotDelay": 6
					},
					{
						"shots": 9,
						"firstShotDelay": 16,
						"shotDelay": 6
					}
				]
			},
			"velocityRnd":0.1,
			"bullet": {
				"type": "MissileBulletType",
				"trailEffect":{
					"type": "ParticleEffect",
					"particles": 3,
					"length": 20,
					"baseLength": 0,
					"lifetime": 60,
					"randLength": false,
					"sizeFrom":3,
					"sizeTo":0,
					"sizeInterp":"pow3In",
					"interp":"pow5Out",
					"colorFrom": "BFFFDB",
					"colorTo": "25C9AB"
				},
				"width": 16,
				"height": 68,
				"sprite": "饱和火力-导弹",
				"speed": 3,
				"lifetime": 108.8,
				"drag": -0.02,
				"homingDelay": 44,
				"homingPower": 0.08,
				"homingRange": 180,
				"ammoMultiplier": 7,
				"trailLength": 13,
				"trailWidth": 3,
				"trailColor": "BFFFDB",
				"shrinkY": 0,
				"shrinkX": 0,
				"backColor": "BFFFDB",
				"frontColor": "BFFFDB",
				"hitEffect": {
					"type": "ExplosionEffect",
					"lifetime": 22,
					"waveStroke": 3,
					"waveLife": 18,
					"waveRadBase": 0,
					"waveColor": "BFFFDB",
					"waveRad": 55,
					"smokes": 18,
					"smokeColor": "BFFFDBA8",
					"sparkColor": "BFFFDB",
					"sparks": 33,
					"sparkRad": 68,
					"sparkStroke": 2,
					"sparkLen": 18
				},
				"hitSound": "plasmaboom",
				"hitShake": 5,
				"despawnEffect": "none",
				"shootEffect": "none",
				"smokeEffect": {
					"type": "ParticleEffect",
					"particles": 3,
					"sizeFrom": 6,
					"sizeTo": 0,
					"sizeInterp": "pow5In",
					"interp": "pow10Out",
					"length": 66,
					"baseLength": 0,
					"lifetime": 25,
					"colorFrom": "FFFFFF",
					"colorTo": "BFFFDB",
					"cone": 30
				},
				"damage": 266,
				"pierceArmor": true,
				"status": "干扰",
				"statusDuration": 90,
				"splashDamageRadius": 55,
				"splashDamage": 133,
				"lightningDamage": 133,
				"lightning": 3,
				"lightningLength": 8,
				"lightningLengthRand": 16,
				"lightningColor": "BFFFDB"
			}
		},
		{
			"name": "昼阑1",
			"display": false,
			"reload": 66,
			"x": 23,
			"y": -50,
			"shootY": 4,
			"rotate": true,
			"rotateSpeed": 2.2,
			"top": true,
			"recoil": 0,
			"inaccuracy": 0,
			"cooldownTime": 100,
			"heatColor": "FF4040",
			"alternate": true,
			"shootSound": "shockBlast",
			"shake": 5,
			"shootStatusDuration": 22,
			"shootStatus": "强攻",
			"shoot": {
				"shots": 2,
				"shotDelay": 10
			},
			"bullet": {
				"type": "LaserBulletType",
				"layer": 130,
				"damage": 515,
				"status": "干扰",
				"statusDuration": 40,
				"shootEffect": "bigShockwave",
				"sideAngle": 45,
				"sideWidth": 1.35,
				"sideLength": 90,
				"colors": [
					"25C9AB",
					"BFFFDB",
					"FFFFFF"
				],
				"width": 24,
				"length": 560,
				"fragAngle": 0,
				"fragRandomSpread": 0,
				"fragLifeMin": 1,
				"fragVelocityMin": 0.88,
				"fragBullets": 2,
				"fragBullet": {
					"type": "BasicBulletType",
					"height": 48,
					"width": 13,
					"damage": 194,
					"speed": 25.45,
					"lifetime": 22,
					"pierceArmor": true,
					"splashDamageRadius": 85,
					"splashDamage": 235,
					"statusDuration": 60,
					"status": "electrified",
					"frontColor": "BFFFDB",
					"backColor": "FFFFFF",
					"trailLength": 16,
					"trailWidth": 2,
					"trailColor": "BFFFDB",
					"hitSound": "plasmaboom",
					"despawnEffect": "none",
					"hitEffect": {
						"type": "ExplosionEffect",
						"lifetime": 45,
						"waveStroke": 10,
						"waveLife": 26,
						"waveRadBase": 8,
						"waveColor": "BFFFDB",
						"waveRad": 94,
						"smokes": 22,
						"smokeColor": "FFFFFF",
						"sparkColor": "BFFFDB",
						"sparks": 33,
						"sparkRad": 95,
						"sparkStroke": 2,
						"sparkLen": 22
					}
				}
			}
		},
		{
			"name": "昼阑1",
			"display": false,
			"reload": 76,
			"x": -62,
			"y": -32,
			"shootY": 4,
			"rotate": true,
			"rotateSpeed": 2.2,
			"top": true,
			"recoil": 0,
			"inaccuracy": 0,
			"cooldownTime": 100,
			"heatColor": "FF4040",
			"alternate": true,
			"shootSound": "shockBlast",
			"shake": 5,
			"shootStatusDuration": 80,
			"shootStatus": "overclock",
			"shoot": {
				"shots": 2,
				"shotDelay": 12
			},
			"bullet": {
				"type": "LaserBulletType",
				"layer": 130,
				"damage": 556,
				"status": "失衡",
				"statusDuration": 46,
				"shootEffect": "bigShockwave",
				"sideAngle": 45,
				"sideWidth": 1.35,
				"sideLength": 90,
				"colors": [
					"25C9AB",
					"BFFFDB",
					"FFFFFF"
				],
				"width": 24,
				"length": 560,
				"fragAngle": 0,
				"fragRandomSpread": 0,
				"fragLifeMin": 1,
				"fragVelocityMin": 0.88,
				"fragBullets": 2,
				"fragBullet": {
					"type": "BasicBulletType",
					"height": 48,
					"width": 13,
					"damage": 214.5,
					"speed": 25.45,
					"lifetime": 22,
					"pierceArmor": true,
					"splashDamageRadius": 85,
					"splashDamage": 235,
					"statusDuration": 60,
					"status": "electrified",
					"frontColor": "BFFFDB",
					"backColor": "FFFFFF",
					"trailLength": 16,
					"trailWidth": 2,
					"trailColor": "BFFFDB",
					"hitSound": "plasmaboom",
					"despawnEffect": "none",
					"hitEffect": {
						"type": "ExplosionEffect",
						"lifetime": 45,
						"waveStroke": 10,
						"waveLife": 26,
						"waveRadBase": 8,
						"waveColor": "BFFFDB",
						"waveRad": 94,
						"smokes": 22,
						"smokeColor": "FFFFFF",
						"sparkColor": "BFFFDB",
						"sparks": 33,
						"sparkRad": 95,
						"sparkStroke": 2,
						"sparkLen": 22
					}
				}
			}
		},
		{
			"name": "昼阑2",
			"type": "PointDefenseWeapon",
			"display": false,
			"x": 24.5,
			"y": -75,
			"rotate": true,
			"alternate": false,
			"shootSound": "lasershoot",
			"recoil": 0,
			"rotateSpeed": 10,
			"reload": 4.2,
			"targetInterval": 2,
			"targetSwitchInterval": 4.2,
			"bullet": {
				"speed": 20,
				"lifetime": 28,
				"shootEffect": "none",
				"hitEffect": {
					"type": "ParticleEffect",
					"particles": 5,
					"line": true,
					"length": 85,
					"baseLength": 0,
					"lifetime": 25,
					"colorFrom": "BFFFDB",
					"colorTo": "BFFFDB"
				},
				"maxRange": 560,
				"damage": 225
			}
		},
		{
			"name": "昼阑2",
			"type": "PointDefenseWeapon",
			"display": false,
			"x": -71.25,
			"y": -56,
			"rotate": true,
			"alternate": false,
			"shootSound": "lasershoot",
			"recoil": 0,
			"rotateSpeed": 10,
			"reload": 4.2,
			"targetInterval": 2,
			"targetSwitchInterval": 4.2,
			"bullet": {
				"speed": 20,
				"lifetime": 28,
				"shootEffect": "none",
				"hitEffect": {
					"type": "ParticleEffect",
					"particles": 5,
					"line": true,
					"length": 85,
					"baseLength": 0,
					"lifetime": 25,
					"colorFrom": "BFFFDB",
					"colorTo": "BFFFDB"
				},
				"maxRange": 560,
				"damage": 225
			}
		}
	]
}