{
    "type": "hover",
    "flying": false,
    "hovering": true,
    "healColor":"FF5B5B",
    "outlineColor":"383848",
    "name": "顽冥",
    "canDrown":false,
    "dpsEstimate": 0,
    "rotateSpeed": 1.5,
    "speed": 1.25,
    "accel": 0.045,
    "drag": 0.025,
    "hitSize": 75,
    "ammoCapacity": 999999,
    "health": 320000,
    "armor": 86,
    "immunities":[
        "blasted","burning","electrified",
        "freezing","melting","disarmed",
        "sapped","shocked","slow",
        "tarred","unmoving","wet",
        "spore-slowed","corroded","标记","裂位标记",
        "拆解","干扰","绝判","油蚀",
        "碎解","阳电","阴电","崩溃","崩解",
        "殁火","急冻","失衡"
    ],
    "itemCapacity": 0,
    "faceTarget": false,
    "fogRadius": 72,
    "research": {
        "parent":"溢裂数据库"/*,
        "objectives": [{"type": "SectorComplete","preset": "雷师殿"}]*/
    },
    "abilities": [
        {
            "type": "ShieldRegenFieldAbility",
            "amount": 800,
            "max": 12000,
            "reload": 150,
            "range": 240,
            "applyEffect":{
                "type": "WaveEffect",
                "interp": "circleOut",
                "lifetime": 45,
                "sides":4,
                "sizeFrom": 6,
                "sizeTo": 80,
                "strokeFrom": 6,
                "strokeTo": 0,
                "colorFrom": "FF5B5BA8",
                "colorTo": "FF5B5B"
            },
            "activeEffect": {
                "type": "MultiEffect",
                "effects": [
                    {
                        "type": "WaveEffect",
                        "interp": "circleOut",
                        "lifetime": 60,
                        "sides":4,
                        "sizeFrom": 12,
                        "sizeTo": 160,
                        "strokeFrom": 10,
                        "strokeTo": 0,
                        "colorFrom": "FF5B5BA8",
                        "colorTo": "FF5B5B"
                    },
                    {
                        "type": "WaveEffect",
                        "interp": "circleOut",
                        "startDelay": 10,
                        "lifetime": 60,
                        "sides":4,
                        "sizeFrom": 12,
                        "sizeTo": 160,
                        "strokeFrom": 10,
                        "strokeTo": 0,
                        "colorFrom": "FF5B5BA8",
                        "colorTo": "FF5B5B"
                    },
                    {
                        "type": "WaveEffect",
                        "interp": "circleOut",
                        "startDelay": 20,
                        "lifetime": 60,
                        "sides":4,
                        "sizeFrom": 12,
                        "sizeTo": 160,
                        "strokeFrom": 10,
                        "strokeTo": 0,
                        "colorFrom": "FF5B5BA8",
                        "colorTo": "FF5B5B"
                    }
                ]
            }
        },
        {
            "type": "MoveEffectAbility",
            "minVelocity": 0,
            "interval": 8,
            "effect": {
                "type": "MultiEffect",
                "effects": [
                    {
                        "type": "ParticleEffect",
                        "particles": 3,
                        "sizeFrom": 12,
                        "sizeTo": 0,
                        "lifetime": 30,
                        "interp": "pow5Out",
                        "sizeInterp": "pow5In",
                        "baseLength": 0,
                        "length": 48,
                        "layer": 60,
                        "colorFrom": "FF5B5BA8",
                        "colorTo": "E3E3E380"
                    },
                    {
                        "type": "ParticleEffect",
                        "particles": 3,
                        "sizeFrom": 8,
                        "sizeTo": 0,
                        "lifetime": 30,
                        "interp": "pow5Out",
                        "sizeInterp": "pow5In",
                        "baseLength": 0,
                        "length": 52,
                        "layer": 60,
                        "colorFrom": "FF5B5BA8",
                        "colorTo": "E3E3E380"
                    }
                ]
            }
        },
        {
            "type": "MoveEffectAbility",
            "minVelocity": 0.95,
            "interval": 6,
            "effect": {
                "type": "MultiEffect",
                "effects": [
                    {
                        "type": "ParticleEffect",
                        "particles": 12,
                        "sizeFrom": 6,
                        "sizeTo": 0,
                        "lifetime": 35,
                        "interp": "pow10Out",
                        "sizeInterp": "pow3In",
                        "baseLength": 0,
                        "length": 78,
                        "layer": 60,
                        "colorFrom": "FF5B5BA8",
                        "colorTo": "E3E3E380"
                    },
                    {
                        "type": "ParticleEffect",
                        "particles": 4,
                        "sizeFrom": 12,
                        "sizeTo": 0,
                        "lifetime": 35,
                        "interp": "pow5Out",
                        "sizeInterp": "pow5In",
                        "baseLength": 0,
                        "length": 75,
                        "layer": 60,
                        "colorFrom": "FF5B5BA8",
                        "colorTo": "E3E3E380"
                    },
                    {
                        "type": "ParticleEffect",
                        "particles": 6,
                        "sizeFrom": 8,
                        "sizeTo": 0,
                        "lifetime": 35,
                        "interp": "pow5Out",
                        "sizeInterp": "pow5In",
                        "baseLength": 0,
                        "length": 72,
                        "layer": 60,
                        "colorFrom": "FF5B5BA8",
                        "colorTo": "E3E3E380"
                    }
                ]
            }
        },
        {
            "type": "MoveEffectAbility",
            "minVelocity": 1.20,
            "interval": 2.5,
            "effect": {
                "type": "ParticleEffect",
                "particles": 3,
                "sizeFrom": 3.6,
                "sizeTo": 0,
                "lifetime": 40,
                "interp": "pow5Out",
                "sizeInterp": "pow10In",
                "baseLength": 0,
                "length": 88,
                "layer": 60,
                "colorFrom": "FF5B5B",
                "colorTo": "FF5B5B"
            }
        }
    ],
    "parts": [
        {
            "type": "HoverPart",
            "layerOffset": -1,
            "mirror": true,
            "sides":6,
            "y": 30,
            "x": -16.75,
            "radius": 18,
            "color": "FF5B5B",
            "phase": 80,
            "circles": 2,
            "stroke": 5,
            "minStroke": 0
        },
        {
            "type": "HoverPart",
            "layerOffset": -1,
            "mirror": true,
            "x": -21,
            "y": -39,
            "radius": 24,
            "color": "FF5B5B",
            "phase": 80,
            "circles": 2,
            "stroke": 5,
            "minStroke": 0
        },
        {
            "type": "HoverPart",
            "layerOffset": -1,
            "mirror": true,
            "sides":6,
            "x": -28,
            "y": -7.5,
            "radius": 18,
            "color": "FF5B5B",
            "phase": 80,
            "circles": 2,
            "stroke": 5,
            "minStroke": 0
        }
    ],
    "weapons": [
        {
            "name":"顽冥1",
            "reload": 200,
            "y": -19,
            "x": 0,
            "shootY": 23.5,
            "layerOffset":0.01,
            "rotate": true,
            "mirror":false,
            "rotateSpeed": 1.2,
            "shake": 3.6,
            "shootSound": "railgun",
            "bullet": {
                "type": "ArtilleryBulletType",
                "splashDamageRadius": 120,
                "splashDamage": 1200,
                "scaledSplashDamage": true,
                "scaleLife": true,
                "sprite": "large-orb",
                "lifetime": 24,
                "speed": 20,
                "width": 24,
                "height": 24,
                "shrinkX": 0,
                "shrinkY": 0,
                "hitShake": 28,
                "backColor": "FF5B5B",
                "frontColor": "FFFFFF",
                "reflectable": false,
                "hittable": false,
                "absorbable": false,
                "collidesAir": true,
                "trailChance": 0,
                "trailInterval":2,
                "trailEffect": {
                    "type":"MultiEffect",
                    "effects":[
                        {
                            "type": "WaveEffect",
                            "interp":"circleOut",
                            "lifetime": 20,
                            "sizeFrom": 4,
                            "sizeTo": 20,
                            "strokeFrom": 2,
                            "strokeTo": 0,
                            "colorFrom": "FF5B5B",
                            "colorTo": "FF5B5B"
                        },
                        {
                            "type":"ParticleEffect",
                            "particles":7,
                            "line":true,
                            "strokeFrom":3,
                            "strokeTo":0,
                            "lenFrom":12,
                            "lenTo":16,
                            "length":24,
                            "baseLength":0,
                            "lifetime":20,
                            "colorFrom": "FF5B5B",
                            "colorTo": "FF5B5B"
                        }
                    ]
                    
                },
                "trailLength": 20,
                "trailWidth": 6,
                "trailColor": "FF5B5B",
                "bulletInterval": 3,
                "intervalBullets": 1,
                "intervalBullet": {
                    "type": "EmpBulletType",
                    "sprite": "饱和火力-海胆",
                    "hitSound": "spark",
                    "speed": 0,
                    "instantDisappear": true,
                    "reflectable": false,
                    "hittable": false,
                    "absorbable": false,
                    "pierceArmor": true,
                    "damage": 280,
                    "fragBullets": 8,
                    "fragBullet":{
                        "type": "LightningBulletType",
                        "status": "shocked",
                        "hitColor": "FF5B5B",
                        "hitEffect": "hitBulletColor",
                        "despawnEffect": "none",
                        "lightningColor": "FF5B5B",
                        "hitSound": "spark",
                        "damage": 120,
                        "lightningLength": 10,
                        "lightningLengthRand": 4,
                        "lightningType": {
                            "instantDisappear": true,
                            "lightning": 2,
                            "lightningDamage": 32,
                            "lightningLength": 2,
                            "lightningLengthRand": 2,
                            "hittable": false,
                            "hitColor": "FF5B5B",
                            "hitEffect": "hitBulletColor",
                            "despawnEffect": "none",
                            "lightningColor": "FF5B5B",
                            "hitSound": "spark",
                            "status": "shocked"
                        }
                    },
                    "timeIncrease": 1,
                    "powerDamageScl": 1.5,
                    "powerSclDecrease": 0.67,
                    "unitDamageScl": 1.25,
                    "radius": 100,
                    "hitUnits": true,
                    "scaleLife": true,
                    "status": "shocked",
                    "frontColor": "FF5B5B",
                    "backColor": "FF5B5B",
                    "despawnEffect": "none",
                    "hitPowerEffect": {
                        "type": "ParticleEffect",
                        "particles": 12,
                        "line": true,
                        "length": 72,
                        "baseLength": 12,
                        "lifetime": 24,
                        "colorFrom": "FF5B5B",
                        "colorTo": "FFFFFF"
                    },
                    "applyEffect": "none"
                },
                "despawnEffect": {
                    "type": "MultiEffect",
                    "effects": [
                        {
                            "type": "WaveEffect",
                            "lifetime": 15,
                            "sizeFrom": 0,
                            "sizeTo": 200,
                            "interp":"pow10Out",
                            "strokeFrom": 2,
                            "strokeTo": 5,
                            "colorFrom": "FF5B5BAA",
                            "colorTo": "FF5B5B"
                        },
                        {
                            "type": "WaveEffect",
                            "startDelay": 14,
                            "lifetime": 81,
                            "sizeFrom": 200,
                            "sizeTo": 210,
                            "interp":"pow10In",
                            "strokeFrom": 5,
                            "strokeTo": 0,
                            "colorFrom": "FF5B5B",
                            "colorTo": "FF5B5B00"
                        }
                    ]
                },
                "hitEffect": {
                    "type": "MultiEffect",
                    "effects": [
                        {
                            "type": "WaveEffect",
                            "lifetime": 45,
                            "sizeFrom": 0,
                            "sizeTo": 200,
                            "strokeFrom": 12,
                            "strokeTo": 0,
                            "colorFrom": "FF5B5B",
                            "colorTo": "FF5B5BAA"
                        },
                        {
                            "type": "ParticleEffect",
                            "particles": 1,
                            "sizeFrom": 200,
                            "sizeTo": 0,
                            "sizeInterp": "pow5In",
                            "length": 0,
                            "baseLength": 0,
                            "lifetime": 60,
                            "colorFrom": "FF5B5BAA",
                            "colorTo": "FF5B5B00"
                        },
                        {
                            "type": "ParticleEffect",
                            "region":"饱和火力-菱形",
                            "particles": 24,
                            "sizeFrom": 20,
                            "interp": "pow3Out",
                            "sizeInterp": "fastSlow",
                            "sizeTo": 0,
                            "length": 200,
                            "baseLength": 0,
                            "lifetime": 120,
                            "colorFrom": "FF5B5B",
                            "colorTo": "FF5B5BAA"
                        },
                        {
                            "type": "ParticleEffect",
                            "particles": 18,
                            "sizeFrom": 16,
                            "sizeTo": 0,
                            "interp": "pow10Out",
                            "sizeInterp": "pow5In",
                            "length": 200,
                            "baseLength": 0,
                            "lifetime": 120,
                            "colorFrom": "FF5B5B",
                            "colorTo": "FF5B5B99"
                        }
                    ]
                },
                "fragLifeMin": 0.5,
                "fragBullets": 40,
                "fragBullet": {
                    "width": 0,
                    "height": 0,
                    "collides": false,
                    "hittable": false,
                    "absorbable": false,
                    "status": "碎解",
                    "statusDuration": 120,
                    "hitEffect": { 
                    "type": "MultiEffect",
                    "effects": [
                        {            
                        "type": "ParticleEffect",
                        "particles": 1,
                        "sizeFrom": 18,
                        "sizeTo": 0,
                        "length": 0,
                        "baseLength": 0,
                        "lifetime": 30,
                        "colorFrom": "FF5B5BAA",
                        "colorTo": "FF5B5B00"
                    },
                    {            
                    "type": "ParticleEffect",
                    "region":"饱和火力-菱形",
                    "particles": 4,
                    "sizeFrom": 10,
                    "interp": "pow5Out",
                    "sizeInterp": "fastSlow",
                    "sizeTo": 0,
                    "length": 48,
                    "baseLength": 0,
                    "lifetime": 72,
                    "colorFrom": "FF5B5B",
                    "colorTo": "FF5B5BAA"
                } 
            ]
        },
        "despawnEffect": {
            "type": "WaveEffect",
            "lifetime": 20,
            "sizeFrom": 0,
            "sizeTo": 40,
            "strokeFrom": 2,
            "strokeTo": 0,
            "colorFrom": "FF5B5B",
            "colorTo": "FF5B5B"                       
        },
        "hitShake": 3,
        "hitSound": "plasmaboom",
        "speed": 2.5,
        "lifetime": 80,
        "lightningDamage": 152,
        "lightning": 8,
        "lightningLength": 12,
        "lightningColor": "FF5B5B",
        "lightningType": {
            "instantDisappear": true,
            "lightning": 1,
            "lightningDamage": 42,
            "lightningLength": 2,
            "lightningLengthRand": 2,
            "hittable": false,
            "hitColor": "FF5B5B",
            "hitEffect": "hitBulletColor",
            "despawnEffect": "none",
            "lightningColor": "FF5B5B",
            "hitSound": "spark",
            "status": "shocked"
        },
        "splashDamageRadius": 40,
        "splashDamage": 275,
        "buildingDamageMultiplier": 0.7,
        "scaledSplashDamage": true
    }
}
},
{
    "name":"顽冥-磁暴",
    "reload": 600,
    "y": 0,
    "x": 0,
    "shootY": 23.5,
    "shootCone": 360,
    "rotate": false,
    "controllable": false,
    "autoTarget": true,
    "rotateSpeed": 1.2,
    "shake": 3.6,
    "shootSound": "railgun",
    "bullet": {
        "type": "BasicBulletType",
        "damage": 0,
        "speed": 200,
        "lifetime": 1,
        "instantDisappear": true,
        "shootEffect": {           
        "type": "WaveEffect",
        "lifetime": 90,
        "sizeFrom": 0,
        "sizeTo": 200,
        "interp":"pow5Out",
        "strokeFrom": 12,
        "strokeTo": 0,
        "colorFrom": "FF5B5B",
        "colorTo": "FF5B5BAA"
        
    },
    "smokeEffect": "none",
    "splashDamageRadius": 200,
    "splashDamage": 0.1,
    "splashDamagePierce": true,
    "buildingDamageMultiplier": 0,
    "hitEffect": "none",
    "despawnEffect": "none",
    "statusDuration": 720,
    "status": "虚弱"
}
},
{
    "name":"顽冥-雷场",
    "rotate": false,
    "baseRotation": 120,
    "x": -23.75,
    "y": -25.5,
    "shootSound": "missileSmall",
    "shootWarmupSpeed": 0.096,
    "minWarmup": 0.98,
    "recoil": 0,
    "shootY": 5.25,
    "reload": 120,
    "shootCone": 360,
    "shoot": {
        "type": "ShootBarrel",
        "barrels": [
            -2,6,0,
            2,6,0
        ],
        "shots": 5,
        "shotDelay": 10
    },
    "bullet": {
        "keepVelocity": false,
        "speed": 0,
        "maxRange": 480,
        "shootEffect": "shootTitan",
        "smokeEffect": "shootBigSmoke",
        "spawnUnit": "顽冥-雷"
    } 
},
{
    "name":"顽冥2",
    "x": 20,
    "y": 14,
    "shootSound": "lancerLaserShoot",
    "rotate": true,
    "rotateSpeed": 3,
    "recoil": 0.5,
    "shootY": 5,
    "reload": 45,
    "controllable": false,
    "autoTarget": true,
    "shoot": {
        "firstShotDelay": 10,
        "shots": 3,
        "shotDelay": 10
    },
    "bullet": {       
    "type": "LaserBulletType",
    "collidesAir": true,
    "pierceArmor": true,
    "despawnEffect": "none",
    "lightningSpacing": 22,
    "lightningLength": 7,
    "lightningDelay": 0.5,
    "lightningLengthRand": 1,
    "lightningAngleRand": 15,
    "lightningDamage": 36,
    "lightningColor": "FF5B5B",
    "colors": [
        "C93B3BFF",
        "FF5B5BFF",
        "FFFFFF"
    ],
    "damage": 342,
    "lifesteal": 0.4,
    "width": 12,
    "length": 360,
    "lifetime": 24
} 
}
]
}