{
	"type": "legs",
    "name": "星云",
    	"description": "三联激光大炮，毁灭万物"
    "speed":0.5,
    	   "legCount": 5,
       "legLength": 40,
       "legBaseOfset": 200,
       "legMoveSpace": 1,
       "legTrns": 0.5,
       "hovering": true,
       "visualElevation": 0.89,
       "allowLegStep": true,
    "drag":0.4,
    "hitSize":70,
    "rotateSpeed":0.5,
    "health":30000,
    "immunities":["burning","melting"],
    "armor":15,
    "visualElevation":1,
    "itemCapacity":280,
    "commandLimit":8,
    "buildSpeed":50,
    "range":600,
    "maxrange":610,
    "shootStatus":"slow",
    "shootStatusDuration":200,
     "research":"corvus"
      "rotateWeapon": false,
      "abilities": [
        {
              "type": "RepairFieldAbility",
              "range": 90,
              "amount": 500,
              "reload": 150
        }]
    "weapons":[
    {
"type":"RepairBeamWeapon",
"name":"修复",//名称
"x":0,"y":5,
"beamWidth":1,
"repairSpeed":1,
"shootY":6,
"top":true,
"mirror":true,//镜像
"bullet":{
"maxRange":90,
"ammoMultiplier":1,//每个物品能够
}}
    {
        "reload":200,
        "mirror":false,
        "shootY":3,
        "x":15,
        "y":3,
        "rotate":false,
        "recoil":0,
        "shots": 1
        "continuous":true,
        "cooldownTime":240,
        	"shootSound": "laserblast",
        	
        "bullet":{

        
            "type":"ContinuousLaserBulletType",
            "damage":80,
            "length":600,
            "width":3,
            "hitEffect":"none",
            "drawSize":300,
            "lifetime":200,
            "shake":1,
            "despawnEffect":"smokeCloud",
            "smokeEffect":"none",
            "shootEffect":"none",
            "incendChance":1,
            "incendSpread":1,
            "incendAmount":1,
            		"healPercent":1
			 "collidesTeam":true
            "colors":["98ffa9","98ffa9","F0FFFF"]
            "hitEffect":{"type": "ParticleEffect",
    "particles": 8,
    "sizeFrom": 9,
    "sizeTo": 0,
    "line":true,
    "length": 85,
    "baseLength": 0,
    "lifetime": 25,
    "colorFrom": "FFA05CFF",
    "colorTo": "98ffa9",
    "cone": 80},
    }}
    
        {
        "name": "星云-bwp"
        "reload":500,
        "mirror":false,
        "shootY":3,
        "x":0,
        "y":3,
        "rotate":false,
        "recoil":0,
        "shots": 1
        "continuous":true,
        "cooldownTime":240,
        	"shootSound": "laserblast",
        	
        "bullet":{

        
            "type":"ContinuousLaserBulletType",
            "damage":100,
            "length":600,
            "width":5,
            "hitEffect":"none",
            "drawSize":300,
            "lifetime":200,
            "shake":1,
            "despawnEffect":"smokeCloud",
            "smokeEffect":"none",
            "shootEffect":"none",
            "incendChance":1,
            "incendSpread":1,
            "incendAmount":1,
            		"healPercent":1
			 "collidesTeam":true
            "colors":["98ffa9","98ffa9","F0FFFF"]
            "hitEffect":{"type": "ParticleEffect",
    "particles": 8,
    "sizeFrom": 9,
    "sizeTo": 0,
    "line":true,
    "length": 85,
    "baseLength": 0,
    "lifetime": 25,
    "colorFrom": "FFA05CFF",
    "colorTo": "98ffa9",
    "cone": 80},
    }}
    
    
        {
        "reload":200,
        "mirror":false,
        "shootY":3,
        "x":-15,
        "y":3,
        "rotate":false,
        "recoil":0,
        "shots": 1
        "continuous":true,
        "cooldownTime":240,
        	"shootSound": "laserblast",
        "bullet":{
            "type":"ContinuousLaserBulletType",
            "damage":80,
            "length":600,
            "width":3,
            "hitEffect":"none",
            "drawSize":300,
            "lifetime":200,
            "shake":1,
            "despawnEffect":"smokeCloud",
            "smokeEffect":"none",
            "shootEffect":"none",
            "incendChance":1,
            "incendSpread":1,
            "incendAmount":1,
            		"healPercent":1
			 "collidesTeam":true
            "colors":["98ffa9","98ffa9","F0FFFF"]
            "hitEffect":{"type": "ParticleEffect",
    "particles": 8,
    "sizeFrom": 9,
    "sizeTo": 0,
    "line":true,
    "length": 85,
    "baseLength": 0,
    "lifetime": 25,
    "colorFrom": "FFA05CFF",
    "colorTo": "98ffa9",
    "cone": 80},
    }}
    		{
		"name":"星云-wp"
		"x":23,"y":-12,
		"length":2.5,
		"recoil":4,
		"reload":186.5,
		"top":true,
		"rotate": true,
		"rotatespeed": 2
	    "shoot":{
	"shots":1
	"shotDelay":1
	"alternate":false
	}
	    "alternate":true
		"shake": 1,
		"shootSound": "rl",
		"inaccuracy":20,
		"bullet": {
	"lifetiem": 330
"spawnUnit":"星云-捣蛋",
"shootEffect":"shootBig",
"rangeChange":80,
"reloadMultiplier":2,
"ammoMultiplier":1,
}		
}
    

    ]
}