{
	"type": "GenericSmelter",
	"name": "QQ糖工厂",
	"description": "生产QQ糖",
 "health": 300,
 "flameColor": "fbb180",
	"outputItem": { "item": "QQ糖", "amount": 1 },
	"itemCapacity": 15,
	"size": 2,
	"hasPower": true,
	"hasItems": true,
	"craftTime": 120,
	"updateEffect": "mine",
	"consumes": {
		"power": 1.5,
		"items": {
			"items": [
			{"item": "甘蔗", "amount": 3 }
			]
		},
	},
	"requirements": [
 	{ "item": "copper","amount": 60 },
 	{ "item": "lead", "amount": 60 },
	 { "item": "graphite", "amount": 70 },
	 { "item": "titanium", "amount": 65 }
	],
	"category": "crafting",
	"research": "甘蔗种植机"
}