{
	"type": "GenericSmelter",
	"name": "业成增殖机",
	"description": "给业成提供能量，使其进行有丝分裂.\n业成:我裂开",
 "health": 300,
 "flameColor": "fbb180",
	"outputItem": { "item": "张业成", "amount": 2 },
	"itemCapacity": 15,
	"size": 2,
	"hasPower": true,
	"hasItems": true,
	"craftTime": 120,
	"updateEffect": "mine",
	"consumes": {
		"power": 1.5,
		"items": {
			"items": [
			{"item": "张业成", "amount": 1 },
			{"item": "QQ糖", "amount": 5 },
			]
		},
	},
	"requirements": [
 	{ "item": "copper","amount": 60 },
 	{ "item": "lead", "amount": 60 },
	 { "item": "graphite", "amount": 70 },
	 { "item": "titanium", "amount": 65 }
	],
	"category": "crafting",
	"research": "QQ糖工厂"
}