{
	"name": "业成召唤器",
	"description": "用绿茶和QQ糖诱捕野生张业成",
 "health":450,
	"outputItem": {
		"item": "张业成", "amount": 1
	},
	"itemCapacity": 15,
	"size": 3,
	"hasPower": true,
	"hasItems": true,
	"craftTime": 60,
	"updateEffect": "mineHuge",
	"consumes": {
		"power": 3,
		"items": {
		"items": [
			{ "item": "一瓶绿茶", "amount": 1 }
			{ "item": "QQ糖", "amount": 5 }
			]
		},
	},
	"requirements": [
		{ "item": "titanium", "amount": 180 },
		{ "item": "silicon", "amount": 90 },
		{ "item": "copper", "amount": 150 }
	],
	"category": "crafting",
	"research": "业成增殖机"
}