{
	"type": "GenericSmelter",
	"name": "乒乓球工厂",
	"description": "制造“名牌”乒乓球",
 "health": 300,
 "flameColor": "fbb180",
	"outputItem": { "item": "乒乓球", "amount": 1 },
	"itemCapacity": 15,
	"size": 2,
	"hasPower": true,
	"hasItems": true,
	"craftTime": 120,
	"updateEffect": "mine",
	"consumes": {
		"power": 1.5,
		"items": {
			"items": [
			{"item": "塑料", "amount": 1 }
			]
		},
	},
	"requirements": [
 	{ "item": "copper","amount": 60 },
 	{ "item": "lead", "amount": 60 },
	 { "item": "graphite", "amount": 70 }
	],
	"category": "crafting",
	"research": "业成召唤器"
}