{
    "type": "GenericSmelter"
	"name": "学校",
	"description": "记录业成的所作所为",
	"health":1500
	"flameColor": "#a288eb",
	"outputItem": {
		"item": "张业成语录", "amount": 1 },
	"itemCapacity": 30,
	"size": 3,
	"hasPower": true,
	"hasliquid": true,
	"hasItems": true,
	"craftTime": 90,
	"consumes": {
		"power": 10,
		"liquid":  { "liquid": "蓝月亮洗衣液", "amount": 0.12 },
		"items": {
			"items":  [
		{ "item": "我爱绿茶", "amount": 1 },
		{ "item": "张业成", "amount": 1 },
	    { "item": "QQ糖", "amount": 10 },
	    { "item": "书本", "amount": 1 },
	    { "item": "乒乓球", "amount": 1 },
	   { "item": "业成秘制花露水", "amount": 1 },
		],
		},
	},
	"requirements": [
		{ "item": "lead", "amount": 350 },
		{ "item": "copper", "amount": 300 },
		{ "item": "书本", "amount": 30 },
		{ "item": "silicon", "amount": 250 },
	],
	"category": "crafting",
	"idleSound": "respawning",
	"idleSoundVolume": 0.1,
	"research": "绿茶馆"
}