{
	"type": "Cultivator",
	"name": "石油提炼机",
	"description": "把石油提炼成塑料",
	"health":40,
	"outputItem": {
		"item": "塑料", "amount": 1 },
	"itemCapacity": 20,
	"size": 2,
	"hasPower": true,
	"hasliquid": true,
	"hasItems": true,
	"updateEffect": "none",
	"craftTime": 120,
	"consumes": {
		"power": 0.7,
		"liquid": {
			"liquid": "oil", 
			"amount": 0.2,
		}
		
	},
	"requirements": [
		{ "item": "copper", "amount": 40 },
		{ "item": "lead", "amount": 40 },
		{ "item": "silicon", "amount": 20 }
	],
	"plantColor": "#68cd55",
	"plantColorLight": "#C3F9AD",
	"category": "production",
	"idleSound": "machine",
	"idleSoundVolume": 0.1,
	"research": "cultivator"
} 