{
	"type": "GenericSmelter",
	"name": "绿茶冲泡机",
	"description": "将茶叶打磨成粉，并混合适当热水以调配茶水.",
	"health":200,
	"flameColor": "83f38f",
	"outputLiquid": {"liquid": "绿茶"
	"amount": 15 },
	"liquidCapacity": 40,
	"itemCapacity": 10,
	"size": 2,
	"hasPower": true,
	"hasItems": true,
	"craftTime": 60,
	"updateEffect": "formsmoke",
	"consumes": {
		"power": 0.5,
		"items": {
			"items": [
				{ "item": "茶叶", "amount": 3 }
			]},
			"liquid": {"liquid": "water", "amount": 0.2 }
	},
	"requirements": [
		{ "item": "lead", "amount": 70 },
	 { "item": "titanium", "amount": 45 }
	],
	"category": "crafting",
	"research": "茶叶培养机"
}