{
	"type": "Cultivator",
	"name": "茶叶培养机",
	"description": "用于培养茶叶",
	"health":240,
	"outputItem": {
		"item": "茶叶", "amount": 1 },
	"itemCapacity": 20,
	"size": 2,
	"hasPower": true,
	"hasliquid": true,
	"hasItems": true,
	"updateEffect": "none",
	"craftTime": 120,
	"consumes": {
		"power": 0.5,
		"liquid": {
			"liquid": "water", 
			"amount": 0.2,
		}
		
	},
	"requirements": [
		{ "item": "copper", "amount": 40 },
		{ "item": "lead", "amount": 40 }
	],
	"plantColor": "#68cd55",
	"plantColorLight": "#C3F9AD",
	"category": "production",
	"idleSound": "machine",
	"idleSoundVolume": 0.1,
	"research": "cultivator"
} 