{
    "localizedName": "Proto"
  "description": "[red]Fires basic laser bolts at enemy targets."
  "type": "ItemTurret",
    "researchCostMultiplier": 1.3,
    "size": 1,
    "health": 450,
    "outlineColor": "070707FF"
    "maxAmmo": 15,
    "reload": 30,
    "range": 120,
    "targetAir": true,
    "targetGround": true,
    "rotateSpeed": 6,
    "shootSound": "laserpew",
    "ammoTypes": {
        "cinnabarite": {
    "type": "LaserBoltBulletType",
	"frontColor": "FF6666FF",
	"backColor": "DD4444FF",
	"lifetime": 30,
	"speed": 4,
	"damage": 12,
          "ammoMultiplier": 2,
	"shootEffect":  {
	    		"type": "ParticleEffect"	
                        "sizeFrom": 2,
		"line": true,
		"sizeTo": 1,
        		"lifetime": 8,
		"colorFrom": "FF6666FF",
		"colorTo": "FF6666FF",
			},
	"hitEffect": {
	    		"type": "ParticleEffect"	
                        "sizeFrom": 2,
		"line": true,
		"sizeTo": 1,
        		"lifetime": 8,
		"colorFrom": "FF6666FF",
		"colorTo": "FF6666FF",
			},
    "despawnEffect": {
	    		"type": "ParticleEffect"	
                        "sizeFrom": 2,
	    "line": true,
		"sizeTo": 1,
        		"lifetime": 8,
		"colorFrom": "FF6666FF",
		"colorTo": "FF6666FF",
			}
			
		},
      "cinnabarrium": {
    "type": "LaserBoltBulletType",
	"frontColor": "FF8888FF",
	"backColor": "DD4444FF",
	"lifetime": 30,
	"speed": 8,
	"damage": 38,
          "ammoMultiplier": 2,
	"shootEffect":  {
	    		"type": "ParticleEffect"	
                        "sizeFrom": 2,
		"line": true,
		"sizeTo": 1,
        		"lifetime": 8,
		"colorFrom": "FF8888FF",
		"colorTo": "FF8888FF",
			},
	"hitEffect": {
	    		"type": "ParticleEffect"	
                        "sizeFrom": 2,
		"line": true,
		"sizeTo": 1,
        		"lifetime": 8,
		"colorFrom": "FF8888FF",
		"colorTo": "FF8888FF",
			},
    "despawnEffect": {
	    		"type": "ParticleEffect"	
                        "sizeFrom": 2,
	    "line": true,
		"sizeTo": 1,
        		"lifetime": 8,
		"colorFrom": "FF8888FF",
		"colorTo": "FF8888FF",
			}
			
		}
    },
    "requirements": [
		"tin/30",
	    "cinnabarite/15",
    ],
    "category": "turret",
    "research": "duo"
}
