{
    "type": "Reconstructor",
    "name": "多幂级莫比乌斯重构厂",
    "description": "升级莫比乌斯科技相关单位"
    "category": "units",
    "requirements": [
        "metaglass/3000","thorium/3000","plastanium/2500","phase-fabric/3000","surge-alloy/2500","莫比乌斯合金/500"
    ],
    "size": 7,
    "consumes": {
        "power": 50.00,
        "items": {
            "items": ["surge-alloy/600","莫比乌斯合金/200","莫比乌斯燃料/500","贤者之石/2"]
        }
    },
    "constructTime": 1800.00,
    "upgrades": [
        ["无尽","无垠"],
    ]
    "research":"Mb3"
}