{
	"type": "UnitFactory",
	"name": "一体化构建工厂-T1~T2",
	"description": "利用莫比乌斯燃料直接生产对应单位"
    "health":400,
	"size":3,
	"consumes":{
		"power":20
	},
	"plans":[	    
	    { "unit": "dagger", "time": 120, "requirements": [ 
			]
	    },
	    { "unit": "nova", "time": 120, "requirements": [ 
			]
	    },
	    { "unit": "crawler", "time": 120, "requirements": [ 
			]
	    },
	    { "unit": "flare", "time": 120, "requirements": [ 
			]
	    },
	    { "unit": "mono", "time": 120, "requirements": [ 
			]
	    },
	    { "unit": "risso", "time": 120, "requirements": [ 
			]
	    },
	    { "unit": "retusa", "time": 120, "requirements": [ 
			]
	    },
	    { "unit": "mace", "time": 600, "requirements": [ 
			]
	    },
	    { "unit": "atrax", "time": 600, "requirements": [ 
			]
	    },
	    { "unit": "pulsar", "time": 600, "requirements": [ 
			]
	    },
	    { "unit": "horizon", "time": 600, "requirements": [ 
			]
	    },
	    { "unit": "poly", "time": 600, "requirements": [ 
			]
	    },
	    { "unit": "minke", "time": 600, "requirements": [ 
			]
	    },
	    { "unit": "oxynoe", "time": 600, "requirements": [ 
			]
	    },

		],
	"requirements": [
            { "item": "silicon", "amount": 760},
            { "item": "copper", "amount": 820},
            { "item": "lead", "amount": 800},
            { "item": "surge-alloy", "amount": 500},
            { "item": "莫比乌斯燃料", "amount": 100},
		],
	"category":"units",
	"research":"additive-reconstructor"
}