{
	"type": "UnitFactory",
	"name": "一体化构建工厂-T4",
	"description": "利用莫比乌斯燃料直接生产对应单位"
    "health":8000,
    "liquidCapacity":1200
	"size":7,
	"consumes":{
		"power":90
	},
	"plans":[
	    { "unit": "scepter", "time": 1200, "requirements": [ 
			]
	    },
	    { "unit": "vela", "time": 1200, "requirements": [ 
			]
	    },
	    { "unit": "arkyid", "time": 1200, "requirements": [ 
			]
	    },
	    { "unit": "antumbra", "time": 1200, "requirements": [ 
			]
	    },
	    { "unit": "quad", "time": 1200, "requirements": [ 
			]
	    },
	    { "unit": "sei", "time": 1200, "requirements": [ 
			]
	    },
	    { "unit": "aegires", "time": 1200, "requirements": [ 
			]
	    },
	],
	"requirements": [
            { "item": "silicon", "amount": 1500},
            { "item": "thorium", "amount": 1250},
            { "item": "plastanium", "amount": 600},
            { "item": "phase-fabric", "amount": 900},
            { "item": "lead", "amount": 3000},
            { "item": "titanium", "amount": 3000},
            { "item": "surge-alloy", "amount": 800},
            { "item": "莫比乌斯燃料", "amount": 600},
            "莫比乌斯合金/300","贤者之石/10"
		],
	"category":"units",
	"research":"t3f"
}