{
	"type": "UnitFactory",
	"name": "一体化构建工厂-T5",
	"description": "利用莫比乌斯燃料直接生产对应单位"
    "health":12000,
    "liquidCapacity":3000
	"size":9,
	"consumes":{
		"power":250
	},
	"plans":[
	    { "unit": "reign", "time": 2400, "requirements": [ 
			]
	    },
	    { "unit": "corvus", "time": 2400, "requirements": [ 
			]
	    },
	    { "unit": "toxopid", "time": 2400, "requirements": [ 
			]
	    },
	    { "unit": "eclipse", "time": 2400, "requirements": [ 
			]
	    },
	    { "unit": "oct", "time": 2400, "requirements": [ 
			]
	    },
	    { "unit": "omura", "time": 2400, "requirements": [ 
			]
	    },
	    { "unit": "navanax", "time": 2400, "requirements": [ 
			]
	    },
	],
	"requirements": [
            { "item": "silicon", "amount": 4500},
            { "item": "thorium", "amount": 1500},
            { "item": "plastanium", "amount": 900},
            { "item": "phase-fabric", "amount": 900},
            { "item": "lead", "amount": 6000},
            { "item": "surge-alloy", "amount": 1200},
            { "item": "titanium", "amount": 3000},
            { "item": "莫比乌斯燃料", "amount": 1000},"莫比乌斯合金/500","贤者之石/15"
		],
	"category":"units",
	"research":"t4f"
}