{
    "type": "PowerTurret",
    "category": "turret",
    "name": "虹猫",
    "description": "对敌人发射子弹。子弹消失后会分裂特殊子弹追踪敌人。",
    "research": {
        "objectives": [
            {
                "type": "SectorComplete",
                "preset": "aa异域峡谷"
            }
        ],
        "parent": "ahac日暮",
        "requirements": [
            "锡/2500",
            "graphite/2000",
            "silicon/2500",
            "钢/750"
        ]
    },
    "requirements": [
        "锡/250",
        "graphite/200",
        "silicon/250",
        "钢/75"
    ],
    "consumes": {
        "power": 12,
        "coolant": {
            "amount": 0.1,
            "optional": true
        }
    },
    "shoot": {
        "firstShotDelay": 20
    },
    "size": 3,
    "health": 2000,
    "armor": 1,
    "rotateSpeed": 2,
    "reload": 90,
    "range": 320,
    "liquidCapacity": 30,
    "shootSound": "miao",
    "shootType": {
        "type": "basicBulletType",
        "sprite": "missile-large",
        "damage": 200,
        "height": 16,
        "width": 9,
        "shrinkX": 0,
        "shrinkY": 0,
        "speed": 5,
        "splashDamage": 200,
        "splashDamageRadius": 40,
        "lifetime": 64,
        "hitSound": "miao",
        "fragBullets": 2,
        "fragRandomSpread": 360,
        "fragSpread": 0,
        "fragAngle": 0,
        "fragVelocityMin": 1,
        "fragVelocityMax": 1,
        "fragBullet": {
            "type": "BasicBulletType",
            "sprite": "狐冥-空白",
            "splashDamageRadius": 0,
            "splashDamage": 0,
            "damage": 0,
            "trailEffect": "none",
            "trailInterval": 8,
            "trailLength": 0,
            "trailWidth": 0,
            "speed": 10,
            "lifetime": 1,
            "collidesAir": false,
            "collidesGround": false,
            "fragBullets": 3,
            "fragRandomSpread": 0,
            "fragSpread": -45,
            "fragAngle": 22.5,
            "fragVelocityMin": 1,
            "fragVelocityMax": 1,
            "fragBullet": {
                "type": "BasicBulletType",
                "sprite": "狐冥-喵喵弹",
                "backColor": "B5FFECFF",
                "frontColor": "74E8E1FF",
                "height": 16,
                "width": 16,
                "splashDamageRadius": 12,
                "splashDamage": 150,
                "damage": 150,
                "trailEffect": "missileTrail",
                "trailInterval": 8,
                "trailLength": 2,
                "trailWidth": 4,
                "trailColor": "B5FFECFF",
                "speed": 6,
                "lifetime": 15,
                "homingRange": 60,
                "homingPower": 0.5,
                "collidesAir": true,
                "collidesGround": true
            }
        },
        "hitEffect": {
            "type": "multiEffect",
            "effects": [
                {
                    "type": "ParticleEffect",
                    "line": true,
                    "particles": 15,
                    "lifetime": 30,
                    "interp": "circleOut",
                    "offset": 30,
                    "length": 50,
                    "lightColor": "ff7048",
                    "strokeFrom": 4,
                    "strokeTo": 0,
                    "lenFrom": 10,
                    "lenTo": 10,
                    "colorFrom": "B5FFECFF",
                    "colorTo": "74E8E1FF"
                },
                {
                    "type": "ParticleEffect",
                    "particles": 16,
                    "length": 55,
                    "baseLength": 10,
                    "lifetime": 100,
                    "lightColor": "74E8E1FF",
                    "interp": "circleOut",
                    "cone": 360,
                    "colorFrom": "B5FFECFF",
                    "colorTo": "74E8E1FF",
                    "sizeFrom": 6,
                    "sizeTo": 2
                },
                {
                    "type": "WaveEffect",
                    "lifetime": 30,
                    "sizeFrom": 0,
                    "sizeTo": 40,
                    "strokeFrom": 3,
                    "strokeTo": 0,
                    "colorFrom": "B5FFECFF",
                    "colorTo": "74E8E1FF"
                }
            ]
        },
        "despawnHit": true,
        "shootEffect": {
            "type": "multiEffect",
            "effects": [
                {
                    "type": "ParticleEffect",
                    "particles": 15,
                    "length": 80,
                    "lifetime": 36,
                    "lightColor": "ff7048",
                    "cone": 20,
                    "colorFrom": "B5FFECFF",
                    "colorTo": "74E8E1FF",
                    "sizeFrom": 3,
                    "sizeTo": 0
                },
                {
                    "type": "ParticleEffect",
                    "particles": 1,
                    "lifetime": 10,
                    "length": 0,
                    "region": "狐冥-方",
                    "sizeFrom": 36,
                    "sizeTo": 0,
                    "colorFrom": "B5FFECFF",
                    "colorTo": "74E8E1FF"
                }
            ]
        },
        "trailParam": 5,
        "trailLength": 19,
        "trailWidth": 2.6,
        "trailColor": "B5FFECFF",
        "frontColor": "B5FFECFF",
        "backColor": "74E8E1FF"
    }
}