{
    "type": "ItemTurret",
    "description": "发射爆破子弹攻击敌人。",
    "name": "仲裁",
    "canOverdrive": false,
    "health": 3300,
    "armor": 6,
    "size": 4,
    "reload": 120,
    "range": 320,
    "maxAmmo": 30,
    "ammoPerShot": 10,
    "liquidCapacity": 450,
    "recoilTime": 90,
    "recoil": 2,
    "cooldownTime": 90,
    "shake": 3,
    "liquidCapacity": 60,
    "ammoUseEffect": "none",
    "targetGround": true,
    "targetAir": true,
    "inaccuracy": 0,
    "shootSound": "plasmaboom",
    "rotateSpeed": 2.5,
    "coolantMultiplier": 1,
    "unitSort": "farthest",
    "consumes": {
        "power": 45,
        "coolant": {
            "amount": 1.5,
            "optional": true
        }
    },
    "ammoTypes": {
        "phase-fabric": {
            "type": "BasicBulletType",
            "collides": false,
            "hittable": false,
            "absorbable": false,
            "pierce": true,
            "reloadMultiplier": 0.8,
            "shootEffect": "instShoot",
            "smokeEffect": {
                "type": "ParticleEffect",
                "particles": 9,
                "line": true,
                "interp": "pow5Out",
                "sizeInterp": "pow3In",
                "lenFrom": 22,
                "lenTo": 0,
                "strokeFrom": 1.3,
                "strokeTo": 1,
                "length": 85,
                "lifetime": 55,
                "colorFrom": "FFFFFF",
                "colorTo": "FEEBB3",
                "cone": 40
            },
            "despawnEffect": "none",
            "hitEffect": {
                "type": "MultiEffect",
                "effects": [
                    {
                        "type": "ParticleEffect",
                        "particles": 7,
                        "sizeFrom": 9,
                        "sizeTo": 0,
                        "length": 35,
                        "baseLength": 9,
                        "lifetime": 60,
                        "interp": "circleOut",
                        "sizeInterp": "circleOut",
                        "colorFrom": "FEEBB3",
                        "colorTo": "EEC591"
                    },
                    {
                        "type": "WaveEffect",
                        "lifetime": 60,
                        "sizeFrom": 2,
                        "sizeTo": 60,
                        "strokeFrom": 6,
                        "strokeTo": 0,
                        "interp": "circleOut",
                        "colorFrom": "FEEBB3",
                        "colorTo": "EEC591"
                    }
                ]
            },
            "hitSound": "laser",
            "shrinkY": 0,
            "width": 28,
            "height": 28,
            "sprite": "large-orb",
            "frontColor": "FEEBB3",
            "backColor": "FEEBB3",
            "speed": 4,
            "lifetime": 80,
            "splashDamageRadius": 64,
            "splashDamage": 180,
            "buildingDamageMultiplier": 0.2,
            "ammoMultiplier": 2,
            "bulletInterval": 5,
            "intervalBullets": 2,
            "intervalBullet": {
                "type": "BasicBulletType",
                "hitEffect": "instBomb",
                "despawnEffect": "none",
                "hitSound": "laser",
                "hitSoundVolume": 0.15,
                "lightningColor": "EEC591",
                "lightningDamage": 30,
                "lightning": 3,
                "lightningLength": 7,
                "width": 10,
                "height": 10,
                "sprite": "circleBullet",
                "frontColor": "FEEBB3",
                "backColor": "FEEBB3",
                "lifetime": 8,
                "speed": 3,
                "pierceArmor": true,
                "pierce": true,
                "hittable": false,
                "damage": 80,
                "splashDamageRadius": 40,
                "splashDamage": 100,
                "buildingDamageMultiplier": 0.2
            }
        },
        "相织能": {
            "type": "BasicBulletType",
            "hittable": false,
            "damage": 300,
            "buildingDamageMultiplier": 0.2,
            "rangeChange": 40,
            "pierce": true,
            "shootEffect": {
                "type": "ParticleEffect",
                "particles": 15,
                "sizeFrom": 16,
                "sizeTo": 0,
                "length": 85,
                "baseLength": 9,
                "lifetime": 15,
                "colorFrom": "EEC591",
                "colorTo": "EEC591",
                "cone": 40
            },
            "despawnEffect": "none",
            "hitEffect": {
                "type": "MultiEffect",
                "effects": [
                    {
                        "type": "ParticleEffect",
                        "particles": 15,
                        "sizeFrom": 9,
                        "sizeTo": 0,
                        "length": 85,
                        "baseLength": 9,
                        "lifetime": 15,
                        "colorFrom": "EEC591",
                        "colorTo": "FFFFFF",
                        "cone": 70
                    },
                    {
                        "type": "WaveEffect",
                        "lifetime": 10,
                        "sizeFrom": 5,
                        "sizeTo": 80,
                        "strokeFrom": 9,
                        "strokeTo": 0,
                        "colorFrom": "EEC591",
                        "colorTo": "EEC591"
                    }
                ]
            },
            "hitSound": "plasmaboom",
            "shrinkY": 0,
            "sprite": "狐冥-处刑子弹",
            "width": 16,
            "height": 40,
            "frontColor": "EEC591",
            "backColor": "EEC591",
            "trailLength": 10,
            "trailWidth": 3,
            "trailColor": "EEC591",
            "bulletInterval": 0.5,
            "intervalBullets": 1,
            "intervalRandomSpread": 60,
            "intervalSpread": 8,
            "intervalAngle": 0,
            "intervalBullet": {
                "type": "BasicBulletType",
                "hitEffect": {
                    "type": "MultiEffect",
                    "effects": [
                        {
                            "type": "ParticleEffect",
                            "particles": 8,
                            "sizeFrom": 6,
                            "sizeTo": 0,
                            "length": 55,
                            "baseLength": 9,
                            "lifetime": 15,
                            "colorFrom": "EEC591",
                            "colorTo": "FFFFFF",
                            "cone": 40
                        },
                        {
                            "type": "WaveEffect",
                            "lifetime": 10,
                            "sizeFrom": 6,
                            "sizeTo": 50,
                            "strokeFrom": 6,
                            "strokeTo": 0,
                            "colorFrom": "EEC591",
                            "colorTo": "EEC591"
                        }
                    ]
                },
                "despawnEffect": "instBomb",
                "hitSoundVolume": 0.15,
                "hitSound": "plasmaboom",
                "width": 0,
                "height": 0,
                "damage": 20,
                "collides": false,
                "splashDamageRadius": 40,
                "splashDamage": 20,
                "buildingDamageMultiplier": 0.2,
                "pierceArmor": true,
                "lifetime": 30,
                "speed": 0.5,
                "lightningColor": "EEC591",
                "lightningDamage": 15,
                "lightning": 4,
                "lightningLength": 4
            },
            "speed": 16,
            "lifetime": 23.8,
            "splashDamageRadius": 80,
            "splashDamage": 240,
            "buildingDamageMultiplier": 0.2,
            "ammoMultiplier": 3,
            "fragRandomSpread": 0,
            "fragBullets": 1,
            "fragBullet": {
                "type": "BasicBulletType",
                "pierce": true,
                "hitEffect": {
                    "type": "MultiEffect",
                    "effects": [
                        {
                            "type": "ParticleEffect",
                            "particles": 8,
                            "sizeFrom": 6,
                            "sizeTo": 0,
                            "length": 55,
                            "baseLength": 9,
                            "lifetime": 15,
                            "colorFrom": "EEC591",
                            "colorTo": "FFFFFF",
                            "cone": 40
                        },
                        {
                            "type": "WaveEffect",
                            "lifetime": 10,
                            "sizeFrom": 6,
                            "sizeTo": 50,
                            "strokeFrom": 6,
                            "strokeTo": 0,
                            "colorFrom": "EEC591",
                            "colorTo": "EEC591"
                        }
                    ]
                },
                "despawnEffect": "instBomb",
                "hitSound": "plasmaboom",
                "width": 0,
                "height": 0,
                "damage": 20,
                "collides": true,
                "splashDamageRadius": 40,
                "splashDamage": 20,
                "buildingDamageMultiplier": 0.2,
                "pierceArmor": true,
                "lifetime": 9,
                "speed": 4,
                "lightningColor": "EEC591",
                "lightningDamage": 15,
                "lightning": 3,
                "lightningLength": 6,
                "lightningLengthRand": 6,
                "fragRandomSpread": 0,
                "fragBullets": 1,
                "fragBullet": {
                    "type": "BasicBulletType",
                    "pierce": true,
                    "hitEffect": {
                        "type": "MultiEffect",
                        "effects": [
                            {
                                "type": "ParticleEffect",
                                "particles": 8,
                                "sizeFrom": 6,
                                "sizeTo": 0,
                                "length": 55,
                                "baseLength": 9,
                                "lifetime": 15,
                                "colorFrom": "EEC591",
                                "colorTo": "FFFFFF",
                                "cone": 40
                            },
                            {
                                "type": "WaveEffect",
                                "lifetime": 10,
                                "sizeFrom": 6,
                                "sizeTo": 50,
                                "strokeFrom": 6,
                                "strokeTo": 0,
                                "colorFrom": "EEC591",
                                "colorTo": "EEC591"
                            }
                        ]
                    },
                    "despawnEffect": "instBomb",
                    "hitSound": "plasmaboom",
                    "width": 0,
                    "height": 0,
                    "damage": 20,
                    "collides": true,
                    "splashDamageRadius": 40,
                    "splashDamage": 20,
                    "buildingDamageMultiplier": 0.2,
                    "pierceArmor": true,
                    "lifetime": 9,
                    "speed": 4,
                    "lightningColor": "EEC591",
                    "lightningDamage": 15,
                    "lightning": 3,
                    "lightningLength": 6,
                    "lightningLengthRand": 6,
                    "fragRandomSpread": 0,
                    "fragBullets": 1,
                    "fragBullet": {
                        "type": "BasicBulletType",
                        "pierce": true,
                        "hitEffect": {
                            "type": "MultiEffect",
                            "effects": [
                                {
                                    "type": "ParticleEffect",
                                    "particles": 8,
                                    "sizeFrom": 6,
                                    "sizeTo": 0,
                                    "length": 55,
                                    "baseLength": 9,
                                    "lifetime": 15,
                                    "colorFrom": "EEC591",
                                    "colorTo": "FFFFFF",
                                    "cone": 40
                                },
                                {
                                    "type": "WaveEffect",
                                    "lifetime": 10,
                                    "sizeFrom": 6,
                                    "sizeTo": 50,
                                    "strokeFrom": 6,
                                    "strokeTo": 0,
                                    "colorFrom": "EEC591",
                                    "colorTo": "EEC591"
                                }
                            ]
                        },
                        "despawnEffect": "instBomb",
                        "hitSound": "plasmaboom",
                        "width": 0,
                        "height": 0,
                        "damage": 20,
                        "collides": true,
                        "splashDamageRadius": 40,
                        "splashDamage": 20,
                        "buildingDamageMultiplier": 0.2,
                        "pierceArmor": true,
                        "lifetime": 9,
                        "speed": 4,
                        "lightningColor": "EEC591",
                        "lightningDamage": 15,
                        "lightning": 3,
                        "lightningLength": 6,
                        "lightningLengthRand": 6,
                        "fragRandomSpread": 0,
                        "fragBullets": 1,
                        "fragBullet": {
                            "type": "BasicBulletType",
                            "hitEffect": {
                                "type": "MultiEffect",
                                "effects": [
                                    {
                                        "type": "ParticleEffect",
                                        "particles": 8,
                                        "sizeFrom": 6,
                                        "sizeTo": 0,
                                        "length": 55,
                                        "baseLength": 9,
                                        "lifetime": 15,
                                        "colorFrom": "EEC591",
                                        "colorTo": "FFFFFF",
                                        "cone": 40
                                    },
                                    {
                                        "type": "WaveEffect",
                                        "lifetime": 10,
                                        "sizeFrom": 6,
                                        "sizeTo": 50,
                                        "strokeFrom": 6,
                                        "strokeTo": 0,
                                        "colorFrom": "EEC591",
                                        "colorTo": "EEC591"
                                    }
                                ]
                            },
                            "despawnEffect": "instBomb",
                            "hitSound": "plasmaboom",
                            "width": 0,
                            "height": 0,
                            "damage": 20,
                            "collides": true,
                            "splashDamageRadius": 40,
                            "splashDamage": 20,
                            "buildingDamageMultiplier": 0.2,
                            "pierceArmor": true,
                            "lifetime": 9,
                            "speed": 4,
                            "lightningColor": "EEC591",
                            "lightningDamage": 15,
                            "lightning": 3,
                            "lightningLength": 6,
                            "lightningLengthRand": 6,
                            "fragRandomSpread": 0,
                            "fragBullets": 1,
                            "fragBullet": {
                                "type": "BasicBulletType",
                                "hitEffect": {
                                    "type": "MultiEffect",
                                    "effects": [
                                        {
                                            "type": "ParticleEffect",
                                            "particles": 8,
                                            "sizeFrom": 6,
                                            "sizeTo": 0,
                                            "length": 55,
                                            "baseLength": 9,
                                            "lifetime": 15,
                                            "colorFrom": "EEC591",
                                            "colorTo": "FFFFFF",
                                            "cone": 40
                                        },
                                        {
                                            "type": "WaveEffect",
                                            "lifetime": 10,
                                            "sizeFrom": 6,
                                            "sizeTo": 50,
                                            "strokeFrom": 6,
                                            "strokeTo": 0,
                                            "colorFrom": "EEC591",
                                            "colorTo": "EEC591"
                                        }
                                    ]
                                },
                                "despawnEffect": "instBomb",
                                "hitSound": "plasmaboom",
                                "width": 0,
                                "height": 0,
                                "damage": 20,
                                "collides": true,
                                "splashDamageRadius": 40,
                                "splashDamage": 20,
                                "buildingDamageMultiplier": 0.2,
                                "pierceArmor": true,
                                "lifetime": 9,
                                "speed": 4,
                                "lightningColor": "EEC591",
                                "lightningDamage": 15,
                                "lightning": 3,
                                "lightningLength": 6,
                                "lightningLengthRand": 6,
                                "fragRandomSpread": 0,
                                "fragBullets": 1,
                                "fragBullet": {
                                    "type": "BasicBulletType",
                                    "hitEffect": {
                                        "type": "MultiEffect",
                                        "effects": [
                                            {
                                                "type": "ParticleEffect",
                                                "particles": 8,
                                                "sizeFrom": 6,
                                                "sizeTo": 0,
                                                "length": 55,
                                                "baseLength": 9,
                                                "lifetime": 15,
                                                "colorFrom": "EEC591",
                                                "colorTo": "FFFFFF",
                                                "cone": 40
                                            },
                                            {
                                                "type": "WaveEffect",
                                                "lifetime": 10,
                                                "sizeFrom": 6,
                                                "sizeTo": 50,
                                                "strokeFrom": 6,
                                                "strokeTo": 0,
                                                "colorFrom": "EEC591",
                                                "colorTo": "EEC591"
                                            }
                                        ]
                                    },
                                    "despawnEffect": "instBomb",
                                    "hitSound": "plasmaboom",
                                    "width": 0,
                                    "height": 0,
                                    "damage": 20,
                                    "collides": true,
                                    "splashDamageRadius": 40,
                                    "splashDamage": 20,
                                    "buildingDamageMultiplier": 0.2,
                                    "pierceArmor": true,
                                    "lifetime": 9,
                                    "speed": 4,
                                    "lightningColor": "EEC591",
                                    "lightningDamage": 15,
                                    "lightning": 3,
                                    "lightningLength": 6,
                                    "lightningLengthRand": 6
                                }
                            }
                        }
                    }
                }
            }
        },
        "血钢": {
            "type": "BasicBulletType",
            "collides": false,
            "hittable": false,
            "absorbable": false,
            "pierce": true,
            "reloadMultiplier": 1.2,
            "status": "血腥之瞳",
            "statusDuration": 120,
            "shootEffect": "instShoot",
            "smokeEffect": {
                "type": "ParticleEffect",
                "particles": 9,
                "line": true,
                "interp": "pow5Out",
                "sizeInterp": "pow3In",
                "lenFrom": 22,
                "lenTo": 0,
                "strokeFrom": 1.3,
                "strokeTo": 1,
                "length": 85,
                "lifetime": 55,
                "colorFrom": "FF5547",
                "colorTo": "FF5547",
                "cone": 40
            },
            "despawnEffect": "none",
            "hitEffect": {
                "type": "MultiEffect",
                "effects": [
                    {
                        "type": "ParticleEffect",
                        "particles": 7,
                        "sizeFrom": 9,
                        "sizeTo": 0,
                        "length": 35,
                        "baseLength": 9,
                        "lifetime": 60,
                        "interp": "circleOut",
                        "sizeInterp": "circleOut",
                        "colorFrom": "FF5547",
                        "colorTo": "FF5547"
                    },
                    {
                        "type": "WaveEffect",
                        "lifetime": 60,
                        "sizeFrom": 2,
                        "sizeTo": 60,
                        "strokeFrom": 6,
                        "strokeTo": 0,
                        "interp": "circleOut",
                        "colorFrom": "FF5547",
                        "colorTo": "FF5547"
                    }
                ]
            },
            "hitSound": "laser",
            "shrinkY": 0,
            "width": 28,
            "height": 28,
            "sprite": "large-orb",
            "frontColor": "FF5547",
            "backColor": "FF5547",
            "speed": 4,
            "lifetime": 80,
            "splashDamageRadius": 80,
            "splashDamage": 300,
            "buildingDamageMultiplier": 0.2,
            "ammoMultiplier": 3,
            "bulletInterval": 5,
            "intervalBullets": 3,
            "intervalBullet": {
                "status": "血腥之瞳",
                "statusDuration": 120,
                "type": "BasicBulletType",
                "hitEffect": "instBomb",
                "despawnEffect": "none",
                "hitSound": "laser",
                "hitSoundVolume": 0.15,
                "lightningColor": "FF5547",
                "lightningDamage": 24,
                "lightning": 3,
                "lightningLength": 7,
                "width": 10,
                "height": 10,
                "sprite": "circleBullet",
                "frontColor": "FF5547",
                "backColor": "FF5547",
                "lifetime": 8,
                "speed": 3,
                "pierceArmor": true,
                "pierce": true,
                "hittable": false,
                "damage": 300,
                "splashDamageRadius": 40,
                "splashDamage": 300,
                "buildingDamageMultiplier": 0.2
            }
        }
    },
    "requirements": [
        "铝/800",
        "silicon/500",
        "钢/300",
        "海棱晶/400",
        "相织能/360"
    ],
    "category": "turret",
    "research": "ahac日暮"
}