{
    "name": "相位雷达",
    "description": "定期向范围内的所有敌人施加EMP效果，使敌人无法攻击，但本身并没有伤害。需要一定的冷冻液供给。",
    "details": "",
    "type": "PowerTurret",
    "health": 5000,
    "armor": 10,
    "size": 5,
    "range": 800,
    "reload": 120,
    "shake": 0,
    "recoil": 0,
    "shootY": 0,
    "rotateSpeed": 0,
    "shootCone": 360,
    "canOverdrive": false,
    "playerControllable": false,
    "consumes": {
        "power": 60,
        "liquid": "cryofluid/1.5"
    },
    "ammoUseEffect": {
        "type": "WaveEffect",
        "lifetime": 60,
        "sizeFrom": 0,
        "sizeTo": 800,
        "strokeFrom": 5,
        "strokeTo": 0,
        "colorFrom": "FFFFFF",
        "colorTo": "FFFFFF"
    },
    "itemCapacity": 1,
    "liquidCapacity": 450,
    "shootSound": "none",
    "ambientSound": "electricHum",
    "ambientSoundVolume": 0.1,
    "shootType": {
        "type": "BulletType",
        "damage": 0,
        "lifetime": 1,
        "speed": 0,
        "collides": false,
        "hittable": false,
        "absorbable": false,
        "reflectable": false,
        "pierceArmor": true,
        "ammoMultiplier": 1,
        "splashDamage": 0,
        "splashDamageRadius": 800,
        "scaledSplashDamage": true,
        "splashDamagePierce": true,
        "status": "EMP",
        "statusDuration": 30,
        "shootEffect": "none",
        "smokeEffect": "none",
        "hitEffect": "none",
        "despawnEffect": "none"
    },
    "requirements": [
        "铁/1600",
        "锡/1080",
        "graphite/1200",
        "钢/800",
        "相织能/480"
    ],
    "drawer": {
        "type": "DrawMulti",
        "drawers": [
            "DrawTurret",
            {
                "type": "DrawPlasma",
                "plasma1": "B5FFECFF",
                "plasma2": "74E8E1FF"
            },
            {
                "type": "DrawRegion",
                "suffix": "-t"
            },
            {
                "type": "DrawGlowRegion",
                "alpha": 1,
                "layer": 51,
                "glowScale": 9.42,
                "glowIntensity": 1,
                "color": "B5FFECFF"
            }
        ]
    },
    "category": "turret",
    "research": {
        "parent": "ahah棱镜",
        "objectives": [
            {
                "type": "OnSector",
                "preset": "ac蜿蜒地带"
            }
        ]
    }
}