{
    "type": "ContinuousLiquidTurret",
    "category": "turret",
    "name": "辉月",
    "description": "向敌人持续发射多道高温等离子火焰。",
    "health": 3000,
    "armor": 5,
    "shootY": 4,
    "size": 4,
    "liquidCapacity": 300,
    "drawer": {
        "type": "drawTurret",
        "parts": [
            {
                "type": "RegionPart",
                "suffix": "-l",
                "heatProgress": "warmup",
                "mirror": false,
                "moveX": -2,
                "moveY": -2,
                "moveRot": 0
            },
            {
                "type": "RegionPart",
                "suffix": "-r",
                "heatProgress": "warmup",
                "mirror": false,
                "moveX": 2,
                "moveY": -2,
                "moveRot": 0
            }
        ]
    },
    "research": {
        "parent": "ahah棱镜",
        "objectives": [
            {
                "type": "SectorComplete",
                "preset": "ad世纪山脉"
            }
        ]
    },
    "requirements": [
        "铝/220",
        "silicon/250",
        "钢/150",
        "相织能/60"
    ],
    "shoot": {
        "type": "ShootSpread",
        "spread": 9,
        "shots": 3
    },
    "recoil": 1,
    "range": 240,
    "rotateSpeed": 2,
    "shootSound": "none",
    "loopSound": "torch",
    "liquidConsumed": 0.1,
    "ammoTypes": {
        "water": {
            "type": "ContinuousFlameBulletType",
            "damage": 75,
            "buildingDamageMultiplier": 0.2,
            "length": 240,
            "knockback": 0,
            "pierceCap": 6,
            "status": "burning",
            "statusDuration": 300,
            "colors": [
                "92ABFF7F",
                "92ABFFA2",
                "92ABFFD3",
                "92ABFFFF",
                "D4E0FFFF"
            ],
            "flareColor": "92ABFFFF",
            "hitColor": "92ABFFFF"
        },
        "血水": {
            "type": "ContinuousFlameBulletType",
            "length": 280,
            "rangeChange": 40,
            "damage": 125,
            "buildingDamageMultiplier": 0.2,
            "oscScl": 0.8,
            "oscMag": 0.02,
            "status": "血腥之瞳",
            "statusDuration": 60,
            "drawFlare": true,
            "flareColor": "FF5845",
            "flareWidth": 3,
            "flareLength": 40,
            "lengthInterp": "slope",
            "flareInnerScl": 0.5,
            "flareInnerLenScl": 0.5,
            "rotateFlare": true,
            "flareRotSpeed": 1.2,
            "hitColor": "FF5845FF",
            "colors": [
                "FF5547",
                "FF5547",
                "FF5547",
                "FF5547",
                "FFFFFFCC"
            ]
        },
        "cryofluid": {
            "type": "ContinuousFlameBulletType",
            "length": 320,
            "rangeChange": 80,
            "damage": 70,
            "buildingDamageMultiplier": 0.2,
            "oscScl": 0.8,
            "oscMag": 0.02,
            "status": "freezing",
            "statusDuration": 300,
            "drawFlare": true,
            "flareColor": "87CEEB",
            "flareWidth": 3,
            "flareLength": 40,
            "lengthInterp": "slope",
            "flareInnerScl": 0.5,
            "flareInnerLenScl": 0.5,
            "rotateFlare": true,
            "flareRotSpeed": 1.2,
            "hitColor": "87CEEBFF",
            "colors": [
                "87CEEB8C",
                "87CEEBB2",
                "87CEEBCC",
                "87CEEB",
                "FFFFFFCC"
            ]
        }
    }
}