{
	"type": "tank",
	"name": "战斧",
	"description": "一次向敌人发射10枚散射炮",
	"details":"[red]冲刺！", 
    "canBoost": false,
     "omniMovement":false,
    "rotateMoveFirst":true,
    "canDrown":false,
    "speed": 1.6,
    "hitSize": 20,
    "ammoCapacity": 100,
    "ammoType":"silicon",
    "targetAir":true,
    "health":2150,
    "armor": 12,
    "drag": 0.08,  "accel":0.05,
    "mineSpeed": 0,
    "mineTier": 0,
    "buildSpeed": 0,
    "rotateSpeed": 5,
    "itemCapacity": 100,
	"research": "利刃",	
	 "abilities": [
	 { "type": "StatusFieldAbility",
    "duration":450,
    "reload": 900,
    "range": 60,
    "applyEffect":"none",
    "activeEffect":{"type": "WaveEffect",
    "lifetime":15,
    "sizeFrom":0,
    "sizeTo": 60,
    "strokeFrom": 1,
    "strokeTo": 0,
    "colorFrom": "ffffff",
    "colorTo": "ffffff"},
    "effect":"overclock"  }]
     	"weapons":[ 
     	{	"name": "火炮",	
		"reload": 45, 
        "x": 8,  "y": 0, 
        "rotate": true,
        "inaccuracy": 0,
        "mirror":true
        "shake":2,
		"alternate": true, 
	"ejectEffect":"casing3",
		"shootSound": "artillery",
		"shoot": {
    "type": "ShootSpread",
    "shots": 10,
    "spread": 0.5
            },
    "inaccuracy":25,
	"shootCone":25,
	"velocityRnd":0.3,
		"bullet":{
    "type":"ArtilleryBulletType",
	    "damage":10,	  
	    "speed":6,
	    "lifetime":80,	
	    "collides": true,
        "collidesTiles" : true,
	    "knockback":0.5,   
"hitEffect":"flakExplosionBig",
"despawnEffect":"flakExplosionBig",
"smokeEffect":"shootBig",
"backColor":"FF5B5B23",
"frontColor":"FF787823", 
	    "splashDamage":40,
	    "splashDamageRadius":16,
	    "width":6,	 "height":8}	}
     	{
	"x":5,"y":5,
	"reload":8,
	"rotate": true,
	"mirror":true
	"rotateSpeed":16,
	"shootEffect":"shootSmall",
		"shootSound":"sap",
	"bullet":{
	"type":"BasicBulletType",
	"damage": 16,
	"splashDamageRadius":10,
	"splashDamage":32,
"status":"unmoving",
    "statusDuration":6,
"backColor":"FF5B5BFF",
"frontColor":"FF7878FF", 
	"width": 6,
	"height": 24,
	"trailLength":1.5,
	"trailWidth":1.7,
	"trailColor":"FF7B7BFF",
	"speed": 14,
		"hitEffect": {     
        "type": "WaveEffect",
        "lifetime": 10,
        "sizeFrom": 0,
        "sizeTo": 10,
        "strokeFrom": 1,
        "strokeTo": 0,
        "colorFrom": "FFFFFF",
        "colorTo": "FFFFFF"
	   },
	"lifetime":25}},
	    ]
}
