{
    "name":"污秽"
    "description":"共生细菌会破坏宿主的身体机能，大幅减缓其攻击与移动速度。"
	"permanent":false
	//如果为ture
	//这个状态永远存在于此单位身上，除非单位死亡
	//如果为false 则没有永远存在的效果
	"damageMultiplier":1,
	//攻击力倍率（数值越大，攻击力越高）
	"healthMultiplier":1,
	//血量倍率（数值越大，血量最大上限越高）
	"speedMultiplier":0.5,
	//速度倍率（数值越大，移动越快）
	"reloadMultiplier":0.5,
	//射速倍率（数值越大，射速越快）
	"disarm":false,
	//是否解除武装
	"show":true,
	//是否显示
	"reactive":false//此效果将仅与其他效果反应无法应用
	"color":"9b95c9"//状态颜色
	"effect": {
	    "type":"ParticleEffect"
	    "particles":3
	    "length":8
	    "lifetime":60
	    "sizeFrom":0
	    "sizeTo":3
	    "colorFrom":"5F57CEFF"
	    "colorTo":"7879DCFF"
	}
	//效果
	"effectChance":0.2
	//效果数量（数值越大,效果越多越密集）
}