{
	"type": "ItemTurret",
	"name": "内格夫",
	"description": "射速稍快，造价便宜，拥有大容量弹仓，牺牲了伤害为代价，使用小口径弹药。",
	"health": 1700,
	"category":"turret"
	"size": 1,
	"reload": 4.5,
	"burstSpacing": 0
	"shots":1
	"range": 660,
	"shootSound":"内格夫"
    "maxAmmo": 150,
    "recoil": 2,
	"targetGround":true,
	"targetAir":true,
	"canOverdrive": false
	"inaccuracy": 3.2,
	"rotatespeed": 150,
	"ammoTypes": {
			"copper": {
            "type": "BasicBulletType",
			"speed": 25,
			"damage": 12,
			"bulletWidth": 1,
			"bulletHeight": 3,
			"ammoMultiplier": 5,
			"lifetime": 26.5,
		},
			"钢": {
            "type": "BasicBulletType",
			"speed": 25,
			"damage": 21,
			"bulletWidth": 1,
			"bulletHeight": 3,
			"ammoMultiplier": 5,
			"lifetime":26.5,
		},
	},
	"requirements": [
		{ "item": "titanium", "amount": 190 },
		{ "item": "plastanium", "amount": 120 },
		{ "item": "钢", "amount": 310 },
		{"item":"枪械零部件","amount":3500},
	],
	"alwaysUnlocked":true,
	}