{
	"type":"mech",//类型
	"name": "蟑螂（点火虫）",//名字
	"description":"由蟑螂蜕变而来。\n喷吐球体点燃地面敌人，同时抛射炽热的高温流火灼伤目标。",//介绍
	"deathExplosionEffect":{
  	"type":"multiEffect",
"effects":[
{
"type": "ExplosionEffect",
"sparkColor":"F98F4AFF",//火花颜色
"sparkStroke":3,//火花宽
"sparkRad":24,//火花半径
"sparkLen":8,//长度
"sparks":8,//火花数
				},
]}
	//"research": "分裂池",//科技树前置
	"rotateSpeed":6,//转身速度
	"drawCell":false,//队伍标识
	"hitSize":16,//大小
	"health": 360,//血量
	"armor":3,//防御
	"speed":0.6,//速度
	"itemCapacity":15,//物品容量
	"targetAir": false,//攻击空军
	"immunities":[
        "poison"
        "burning"
        ],//免疫效果
	"weapons": [//武器
		{"name": "焦螂武器",//武器贴图
		"parts":[
{"type":"RegionPart",
"mirror":true,//是否镜像显示
"x":10,"y":0,//起始位置
"suffix":"-右","layer":60,"moveX":-0.5,"moveY":4,
"moveRot":30,//移动度数
"progress":"recoil"
}
],
		"shoot": {
    "type": "shootBarrel",
    "shots": 4,//炮口数
    }
		"shootCone":10,
        "inaccuracy":15,//不准确度
		"mirror":false
		"reload":75,//攻速
		"top": false,//旋转
		"recoil":-2,//后坐力
		"x":0,"y":0,//位置
		"shootX":0
		"shootY":5
		"shootSound": "摔",
		"bullet": {//子弹
			"type": "BasicBulletType",//类型
			"collidesAir": false,
			"damage":28,//单体伤害
			"speed":6,//速度
			"width":2,"height":2,//宽长度
			"lifetime":18,//存在时间
			"backColor":"F98F4AFF",
			//子弹边缘颜色
			"frontColor":"F98F4AFF",
			//子弹中心颜色
			"status":"burning",
          "statusDuration":120,
			"hitEffect":{
  	"type":"multiEffect",
"effects":[
{
"type": "ExplosionEffect",
"sparkColor":"F98F4AFF",//火花颜色
"sparkStroke":1.8,//火花宽
"sparkRad":12,//火花半径
"sparkLen":6,//长度
"sparks":3,//火花数
				},
]}
			"despawnEffect":"none"
			"smokeEffect":{
		"type": "ParticleEffect",
		"particles": 8,
		"sizeFrom": 4,
		"sizeTo": 0,
		"length": 96,
		"lifetime": 40,
		"interp": "circleOut",
		"colorFrom": "F98F4AFF",
		"colorTo": "E05438FF",
		"cone": 25},
			"shootEffect":"none"
}
},
{"name":"空",//武器贴图的名字
		"top":false,
		"mirror":false,
		"x":0,"y":0,
	    "shootSound":"shootSmite",
		"reload":300,
		"recoil":6,//后坐力
		"ejectEffect": "none",//抛壳特效
		"shoot": {
    "firstShotDelay":15,
}
	"bullet": {//子弹
		"type": "ArtilleryBulletType",//类型
		"sprite":"circle-bullet",//子弹贴图
		"damage":64,
		"splashDamageRadius": 36,
        "splashDamage":56,
        "buildingDamageMultiplier":1.5,//建筑杀伤倍率
		"collidesAir": true,//碰撞飞机
		"speed":1.6,
        "lifetime":65,
        "width":12,"height":16,
        "backColor":"F98F4AFF",
		//子弹边缘颜色
		"frontColor":"F98F4AFF",
		//子弹中心颜色
		"trailLength": 6,//尾迹长
        "trailWidth": 6,//尾迹宽
        "trailColor":"F98F4AFF",//尾迹颜色
		"shootEffect":"none",
        "despawnEffect":"none",
        "makeFire":true,//引火
        "status":"burning",
        "statusDuration": 240//效果时长
        "hitEffect":{
        "type":"multiEffect",
"effects":[
  	{
					"type": "ExplosionEffect",
					"smokeColor":"FEB380FF",//烟雾颜色
					"smokeSize":14,//烟雾大小
					"smokeSizeBase":2,//烟雾开始大小
					"smokeRad":36,//烟雾半径
					"smokes":12,//烟雾数
				},
		{
					"type": "ExplosionEffect",
					"smokeColor":"F98F4AFF",//烟雾颜色
					"smokeSize":12,//烟雾大小
					"smokeSizeBase":2,//烟雾开始大小
					"smokeRad":36,//烟雾半径
					"smokes":8,//烟雾数
				},
	]}
    }}
]
}