{
	"type": "legs",//类型
	"name": "蚀心",//名字
	"description":"中型孢子异虫，发射霰弹攻击，子弹会长时间滞留在原地。",//介绍
	"details":"为@&#%献上心脏！"
	"research": "1爆虫",//科技树前置
	"health": 520,//血量
	"armor":2,//防御
	"speed":0.5,//速度
	"hitSize":18
	"drawCell":false,//队伍标识
	"range":120,
	"circleTarget": true,//绕圈攻击
	"createScorch": false,//死后黑圈
	"deathExplosionEffect":"none"//死亡爆炸特效
	"immunities":[
        "poison"
        ],//免疫效果
	"weapons": [//武器
		{"name": "空",//武器贴图
		"mirror":false,
		"reload":100,//攻速
		"x":-1.4,"y":2,//位置
		"shootX":2
		"top": false,//旋转
		"shootSound" : "rockBreak",
	"shoot": {
    "type": "shootBarrel",
    "shots": 5,//炮口数
    "barrels": [0,0,-24,0,0,-12,0,0,0,0,0,12,0,0,24],//三个炮口的位置（左右，前后，倾斜）
    },
		"bullet": {//子弹
			"type": "BasicBulletType",//类型
			"sprite":"野性之心-x",//子弹贴图
			"drag":0.054,//子弹每帧减速。
			//初始速度为*speed*，每秒减60*drag的速度。
			"damage":52,//单体伤害
			"splashDamageRadius": 24,
            "splashDamage":26,
			"speed":4,//速度
			"weaveMag":4//摆动频率
			"weaveScale":4//摆动规模
			"trailLength": 6,//尾迹长
            "trailWidth": 3.2,//尾迹宽
            "trailColor":"9E78DCFF",//尾迹颜色
			"width":20,"height":24,//宽长度
			"lifetime":720,//存在时间
			"backColor":"5541B1FF",
			//子弹边缘颜色
			"frontColor":"7457CEFF",
			//子弹中心颜色
			"buildingDamageMultiplier":0.75,//建筑杀伤倍率
			"hitEffect": 
{"type":"WaveEffect",
"lifetime": 16,
"colorFrom":"9E78DCFF",//颜色从
"colorTo":"665C9FFF",//颜色至
"lightColor":"9E78DCFF90",//浅色
"sizeFrom":0,//开始时圆环直径
"sizeTo":24,//结束时圆环直径
"lightScl":3.0,//
"lightOpacity":0.5,//光不透明
"sides":0,//双方//效果不明
"rotation":0,//回转//效果不明
"strokeFrom":1.8,//开始时圆形宽度
"strokeTo":0,//结束时圆环宽度
//"interp":linear,//插值
//"lightInterp":reverse,//插值
"offsetX":0.0,//偏转x
"offsetY":0.0//偏转y
   },
		    "despawnEffect": {
		"type": "ParticleEffect",
		"particles": 2,
		"sizeFrom": 0,
		"sizeTo": 1,
		"length": 16,
		"lifetime": 18,
		"interp": "circleOut",
		"colorFrom": "7457CEFF",
		"colorTo": "9E78DCFF",
		"cone": 360},
}
}]
}