{
	"type":"legs",//爬爬
	"hovering":true,
	"shadowElevation":0.95
	"drag":0.1,
	"legCount": 8,//腿数
	"legMoveSpace": 0.8,//腿部移动空间
    "legExtension":-20,//腿部伸展性
    "legBaseOffset":8,//腿部底座偏移
    "legLengthScl":0.93,//不会Scl
    "stepShake":1,//踩地震动
    "legPairOffset":3
    "legLength":75
    "rippleScale":3
    "legSpeed":0.19
    "legSplashDamage":20
    "legSplashRange":40
	"flying":false,//是否飞行
    "deathExplosionEffect":"none"//死亡爆炸特效
    "drownTimeMultiplier":2,//淹死时间
    "circleTarget": false,//绕圈攻击
	"createScorch": false,//死后黑圈
	"name":"激活",//名字
	"description":"大型异虫单位，为附近的单位提供狂暴增益。"
	"research": "",//科技树前置
	"drawCell":false,//队伍标识
	"speed": 0.3,
	"hitSize":30,
	"health":3000,
	"faceTarget": true,
	"targetAir":true,
	"armor": 2,
	"drag": 0.1,
	"rotateSpeed": 2,
	"hovering": true,
	    "abilities": [//能力
    {
	"type": "StatusFieldAbility",//状态场
			"effect": "rage",//效果
			"duration": 300,//时长
			"reload": 180,//间隔
			"range": 120,//范围
			"color": "FF4848FF"
	},]
	"immunities":[
        "poison"
        ],//免疫效果
	"weapons":[
	{
            "name":"激活武器",
            "mirror":false,
            "y":4,
            "x":0,
            "reload":30,
            //射速
            "recoil":2,
            //后坐力
            "shake":0,
            //屏幕摇晃
            "shootSound": "cannon",
            "rotate":false,
            "shootCone":10
            "shootY":12
            "inaccuracy": 30,//偏差
    "shoot":{
    "firstShotDelay":20,
    "shots":4,//每轮子弹
		},
				"bullet": {//子弹
			"type": "BasicBulletType",//类型,基础子弹
			"sprite":"野性之心-spike",//子弹贴图
			"damage":20,
			"lifetime": 54,//存在时间
			"speed": 4,//飞行速度
			"width": 12,"height": 24,
			"backColor":"6950a1",
			//子弹边缘颜色
			"frontColor":"9E78DCFF",
			//子弹中心颜色
			"collidesAir": false//碰撞飞机
			"smokeEffect":"none"
			"shootEffect": {
		"type": "ParticleEffect",
		"particles": 4,
		"sizeFrom": 4,
		"sizeTo": 0,
		"length": 60,
		"lifetime": 36,
		"interp": "circleOut",
		"colorFrom": "7457CEFF",
		"colorTo": "7457CEFF",
		"cone": 60},
			"despawnEffect": "none",
            "hitEffect": {
		"type": "ParticleEffect",
		"particles": 2,
		"sizeFrom": 1.5,
		"sizeTo": 0,
		"length": 16,
		"lifetime": 18,
		"interp": "circleOut",
		"colorFrom": "7457CEFF",
		"colorTo": "9E78DCFF",
		"cone": 360},
}
    }
		],
}
