{
	"type":"legs",//爬爬
	"flying":false,//是否飞行
	"legCount": 4,
	"legMoveSpace": 1.2,
	"lockLegBase":true,
	"allowLegStep": true,
	"hovering":true,
    "legPhysicsLayer":false,
    "legContinuousMove":true,
    "legExtension":-2,
    "legBaseOffset":4,
    "legMaxLength":0.9,
    "legMinLength":0.2,
    "legLengthScl":0.8,
    "legForwardScl":1,
    "legGroupSize":2,
    "rippleScale":0.2,
    "legLength":12,
    "hovering":true,
    "legPhysicsLayer":false,
    "drownTimeMultiplier":2,//淹死时间
    "deathExplosionEffect":"none"//死亡爆炸特效
    "circleTarget": true,//绕圈攻击
	"createScorch": false,//死后黑圈
	"name":"小小甲斗",//名字
	"description":"藏匿于成年甲斗体内的幼崽，有时也会单独出现。"
	"drawCell":false,//队伍标识
	"speed": 0.8,
	"hitSize":22,
	"health":640,
	"faceTarget": true,
	"targetAir":false,
	"armor": 20,
	"drag": 0.1,
	"targetAir": false,
	"rotateSpeed": 1.8,
	"hovering": true,
	"range":136,
	"immunities":[
        "poison"
        ],//免疫效果
	"weapons":[
		{"name":"空",//武器贴图的名字
		"top":false,
		"mirror":false,
		"x":0,"y":3.6,
	    "shootSound":"shootAltLong",
		"reload":300,
		"recoil":-12,//后坐力
		"ejectEffect": "none",//抛壳特效
		"shoot": {
    "firstShotDelay":12,
}
	"bullet": {//子弹
		"type": "BasicBulletType",//类型
		"damage":17.5,
		"sprite":"野性之心-angle",//子弹贴图
		"collidesAir": false,//碰撞飞机
		"knockback":-160,
		"speed":5,
        "lifetime":28,
        "width":12,
        "height":48,
        "spin": 0,//子弹旋转速度
        "backColor":"ffffdd",
		//子弹边缘颜色
		"frontColor":"ffffdd",
		//子弹中心颜色
		"trailLength": 12,//尾迹长
        "trailWidth": 2.2,//尾迹宽
        "trailColor":"ffffdd",//尾迹颜色
		"shootEffect":"thoriumShoot",
        "despawnEffect":"none"
    }},
    {"name":"空",//武器贴图的名字
    "alwaysShooting": true,//自动开火
		"top":false,
		"mirror":false,
		"x":0,"y":0,
	    "shootSound":"cannon",
		"reload":90,
		"recoil":0,//后坐力
		"ejectEffect": "none",//抛壳特效
		"shoot": {
    "firstShotDelay":64,
}
	"bullet": {//子弹
		"type": "BombBulletType",//类型
		"splashDamageRadius": 44,
        "splashDamage":36,
        "buildingDamageMultiplier":1.5,//建筑杀伤倍率
		"collidesAir": false,//碰撞飞机
		"knockback":3,
		"speed":0,
        "lifetime":0,
        "width":0,
        "height":0,
        "spin": 0,//子弹旋转速度
        "backColor":"ffffdd",
		//子弹边缘颜色
		"frontColor":"ffffdd",
		//子弹中心颜色
		"shootEffect":"none",
        "despawnEffect":{
        "type": "ExplosionEffect",
					"waveColor":"E3D6B3FF",//波浪颜色
					"smokeColor":"E3D6B3FF",//烟雾颜色
					//下面都是数
					"waveLife": 20,//波浪存在时间
					"waveStroke":2,//波形宽度
					"waveRad":44,//波浪半径
					"waveRadBase":16,//波浪开始的半径
					"smokeSize":10,//烟雾大小
					"smokeSizeBase":6,//烟雾开始大小
					"smokeRad":44,//烟雾半径
					"smokes":4,//烟雾数
        }
    }},
		],
}
