{
	"type": "mech",
	"name": "巢虫",
    "flying":false,
    "lowAltitude":true,
    "engineSize":0,
    //引擎尺寸
	"description": "小型寄生异虫，由其它建筑或单位召唤而来，生命短暂，攻击性强。",
	"fallSpeed":1//坠落速度
	"drawCell":false,//队伍标识
	"deathExplosionEffect":{
"type":"ParticleEffect",
"lifetime": 24,"offsetX":0,
"colorFrom":"9E78DCFF",//开始时颜色
"colorTo":"9E78DCFF",//结束时颜色
"particles":12,//粒子数量
"randLength":true,//兰德长度？
"cone":360,//粒子扩散角度
"length":24,//粒子移动长度
"baseLength":4,//粒子在一定长度内出现
"useRotation":true,//使用旋转
"line":false,//形状为方形
"sizeFrom":2.5,//圆形从开始大小//粒子大小？？
"sizeTo":0,//圆形至结尾大小}
},
	"playerControllable":true,//玩家可操控
    "health":205,//生命值
    "armor":0,//护甲
    "hitSize":12,//碰撞箱
    "omniMovement":true//是否一直面向目标
    "rotateSpeed" :10,
    "drawCell":false,//队伍标识
    "drawBody":true,
    "hidden":true,//隐藏（类似埃克里尔虫子，不显示）
	"createScorch":false,//死后黑圈
	"useUnitCap":false,//占用人口
    "targetAir":false,
    "speed":1.5,//移动速度
    "itemCapacity":0,//背包容量
    "faceTarget":"true",
    "lifetime":480,
    "immunities":[
        "poison"
        ],//免疫效果
    "range":45
"weapons": [//武器
		{
		"rotate": false,//转向
		"rotateSpeed":0,
		"mirror":false,
		"reload": 20,//射速
		"range":32,
		"x":0,"y":0
		"shootY":8
		"ejectEffect": "none",//抛壳特效
		"shootEffect":"none",
		"shootSound": "mud",//攻击音效
		"bullet": {//子弹
			"type": "BasicBulletType",//类型,基础子弹
			"collidesAir": false,//碰撞飞机
			"spin": 20,//子弹旋转速度
			"sprite":"circle-bullet",//子弹贴图
			"damage":35,
			"lifetime": 24,//存在时间
			"speed": 2,//飞行速度
			"width": 8,"height": 8,
			"backColor":"6950a1",
			//子弹边缘颜色
			"frontColor":"9E78DCFF",
			//子弹中心颜色
			"collidesAir": false//碰撞飞机
			"shootEffect":"none",
			"despawnEffect": "none",
            "hitEffect": {
		"type": "ParticleEffect",
		"particles": 2,
		"sizeFrom": 1.5,
		"sizeTo": 0,
		"length": 16,
		"lifetime": 18,
		"interp": "circleOut",
		"colorFrom": "7457CEFF",
		"colorTo": "9E78DCFF",
		"cone": 360},
}
}
]
}
/*
代码来自虫子模板mod
*/
