{
    "type": "GenericCrafter",
    "name": "超级爆炸混合物混合器",
    "description": "将铜和铅熔炼,错位分子结构得到爆炸混合物!",
    "details": "铜和铅的火药!",
    "itemCapacity": 120,
    "liquidCapacity": 0,
    "health": 500,
    "size": 3,
    "hasPower": true,
    "hasLiquids": false,
    "hasItems": true,
    "craftTime": 60,
    "updateEffect": "none",
    "consumes": {
        "power": 0.4,
        "items": [
            "copper/10",
            "lead/10"
        ],
        "liquids": [
            {
                "liquid": "water",
                "amount": 10
            }
        ]
    },
    "outputItem": {
        "item": "blast-compound",
        "amount": 10
    },
    "requirements": [
        "copper/200",
        "lead/300"
    ],
    "category": "crafting",
    "research":{
        "parent":"blast-mixer",
        "requirements":["copper/1400","lead/1800"]
    }
}