{
    "type": "GenericCrafter",
    "name": "超级硅厂",
    "description": "用铜和铅制成硅!",
    "details": "请叫我炼金术士!",
    "itemCapacity": 50,
    "liquidCapacity": 0,
    "health": 450,
    "size": 3,
    "hasPower": true,
    "hasLiquids": false,
    "hasItems": true,
    "craftTime": 20,
    "updateEffect": "none",
    "consumes": {
        "power": 0.2,
        "items": [
            "copper/5",
            "lead/5"
        ],
        "liquids": [
            {
                "liquid": "water",
                "amount": 10
            }
        ]
    },
    "outputItem": {
        "item": "silicon",
        "amount": 5
    },
    "requirements": [
        "copper/40",
        "lead/70"
    ],
    "category": "crafting",
    "research":{
        "parent":"silicon-crucible",
        "requirements":["copper/1200","lead/1000"]
    }
}