{
    "type": "Drill",
    "name": "掘地三尺",
    "description": "以掘地三尺的速度挖矿!而且体积也很小哦!就是耗电有点大...... ",
    "details": "SB牌钻头:我肏你妈傻逼给我闭嘴",
    "size": 2,
    "health": 1000,
    "itemCapacity": 10000,
    "liquidCapacity": 35,
    "tier": 10,
    "drillTime": 10,
    "rotateSpeed": 7,
    "drawMineltem": true,
    "liquidBoostIntensity": 3,
    "consumes": {
        "power": 3.5,
        "liquid": {
            "liquid": "water",
            "amount": 0.3,
            "optional": true,
            "booster": true
        }
    },
    "requirements": [
        "lead/230"
    ],
    "category": "production",
    "research":{
        "parent": "blast-drill",
        "requirements": ["copper/3000","lead/2500"]
    }
}