{
    "type":"CoreBlock",
    "name":"SB核心",
    "description":"SB核心,拥有极度优良的装甲以及容量,适合星际旅行!",
    "armor":30,
    "details":"这不对吧,我的核心机怎么是修复器?",
    "details":"这个核心机绝了!",
    "requirements":["copper/28000","lead/30000"],
    "isFirstTier":false,
    "size":10,
    "squareSprite":true,
    "alwaysUnlocked": false,
    "unitType":"SB",
    "health": 30000,
    "itemCapacity": 100000,
    "unitCapModifier":30,
    "category":"effect",
    "research":{
        "parent":"core-nucleus",
        "requirements":["copper/200000","lead/200000"]
  }
}