{
    "type": "StackConveyor",
    "name": "闪现传送带",
    "size":1,
    "description":"以几乎闪现的速度打包并传输物品!!",
    "details":"快到飞起!",
    "health":100,
    "requirements": ["lead/150"],
    "speed": "5",
    "placeableLiquid":true,
    "insulated": false,
    "displayFlow": true,
    "absorbLasers": true,
    "category": "distribution",
    "itemCapacity":10,
    "research":{
        "parent": "zheyuechuansongdai",
        "requirements": ["copper/2550","lead/3790"]
    }
}