{
    "name":"相位制热机",
    "type":"HeatProducer",
    "description":"消耗相位石来生热",
    "size": 2,
    "requirements": [
        "silicon/120",
        "钛板/50"
        "火石矿/200"
    ],
    "heatOutput": 10,
    "consumes":{
        "items":[
        "相位石/2"
        ],
    },
    	"drawer": {
    	"type": "DrawMulti",
    	"drawers": [
        	"DrawDefault",
       	    {
    	        "type":"DrawHeatOutput"
    	    }
		]
	},
	"category": "crafting",
	"research": "电制热机",
}