{"type":"PowerTurret","name":"《饱和》","description":"从'灭绝'行动中缴获的实验性原型武器。","details":"《饱和火力：你最好有事》","targetAir":true,"targetGround":true,"health":835000,"size":16,"accurateDelay":false,"moveWhileCharging":false,"shake":150,"inaccuracy":0,"liquidCapacity":6400,"canOverdrive":true,"coolantMultiplier":0,"heatColor":"FF4040","drawer":{"type":"DrawTurret","parts":[{"type":"ShapePart","progress":"reload","color":"DF9C15FF","stroke":5,"strokeTo":0,"circle":true,"hollow":true,"radius":160,"radiusTo":0,"layer":110},{"type":"ShapePart","progress":"reload","color":"DF9C15FF","stroke":5,"strokeTo":0,"circle":true,"hollow":true,"radius":240,"radiusTo":500,"layer":110},{"type":"ShapePart","progress":"reload","color":"DF9C15FF","stroke":5,"strokeTo":0,"circle":true,"hollow":true,"radius":160,"radiusTo":500,"layer":110},{"type":"ShapePart","progress":"reload","color":"DF9C15FF","stroke":5,"strokeTo":0,"circle":true,"hollow":true,"radius":240,"radiusTo":0,"layer":110},{"type":"HaloPart","progress":{"type":"reload","op":"delay","amount":0},"rotateSpeed":0,"sides":3,"shapes":4,"color":"DF9C15FF","tri":true,"hollow":true,"stroke":0,"strokeTo":0,"radius":24,"radiusTo":0,"triLength":24,"triLengthTo":0,"haloRadius":160,"haloRotation":45,"haloRotateSpeed":0.5,"layer":110},{"type":"HaloPart","progress":{"type":"reload","op":"delay","amount":0},"rotateSpeed":0,"shapeRotation":180,"sides":3,"shapes":4,"color":"DF9C15FF","tri":true,"hollow":true,"stroke":0,"strokeTo":0,"radius":24,"radiusTo":0,"triLength":24,"triLengthTo":0,"haloRadius":160,"haloRotation":0,"haloRotateSpeed":0.5,"layer":110},{"type":"HaloPart","progress":{"type":"reload","op":"delay","amount":0},"rotateSpeed":0,"sides":4,"shapes":4,"color":"DF9C15FF","tri":false,"hollow":true,"stroke":5,"strokeTo":0,"radius":20,"radiusTo":20,"triLength":80,"triLengthTo":80,"haloRadius":160,"haloRotation":22.5,"haloRotateSpeed":0.5,"layer":110},{"type":"HaloPart","progress":{"type":"reload","op":"delay","amount":0},"rotateSpeed":0,"sides":4,"shapes":4,"color":"DF9C15FF","tri":false,"hollow":true,"stroke":5,"strokeTo":0,"radius":20,"radiusTo":20,"triLength":80,"triLengthTo":80,"haloRadius":160,"haloRotation":-22.5,"haloRotateSpeed":0.5,"layer":110},{"type":"HaloPart","progress":{"type":"reload","op":"delay","amount":0},"rotateSpeed":0,"sides":3,"shapes":8,"color":"DF9C15FF","tri":true,"hollow":true,"radius":33,"radiusTo":0,"triLength":33,"triLengthTo":0,"haloRadius":240,"haloRotation":45,"haloRotateSpeed":0.7,"layer":110},{"type":"HaloPart","progress":{"type":"reload","op":"delay","amount":0},"rotateSpeed":0,"sides":3,"shapes":8,"color":"DF9C15FF","tri":true,"hollow":true,"radius":33,"radiusTo":0,"triLength":60,"triLengthTo":0,"haloRadius":240,"haloRotation":0,"haloRotateSpeed":1.4,"layer":110},{"type":"HaloPart","progress":{"type":"reload","op":"delay","amount":0},"rotateSpeed":0,"sides":3,"shapes":9,"color":"DF9C15FF","tri":true,"hollow":true,"stroke":0,"strokeTo":0,"radius":18,"radiusTo":0,"triLength":64,"triLengthTo":0,"haloRadius":200,"haloRotation":0,"haloRotateSpeed":-1,"layer":110},{"type":"HaloPart","progress":{"type":"reload","op":"delay","amount":0},"rotateSpeed":0,"shapeRotation":180,"sides":3,"shapes":9,"color":"DF9C15FF","tri":true,"hollow":true,"stroke":0,"strokeTo":0,"radius":18,"radiusTo":0,"triLength":34,"triLengthTo":0,"haloRadius":200,"haloRotation":0,"haloRotateSpeed":-1,"layer":110},{"type":"HaloPart","rotateSpeed":0,"progress":{"type":"reload","op":"delay","amount":0},"sides":3,"shapes":8,"color":"25C9AB80","tri":true,"hollow":true,"radius":480,"radiusTo":0,"triLength":16,"triLengthTo":0,"haloRadius":80,"haloRotation":0,"haloRotateSpeed":-0.4,"layer":100}]},"shootSound":"laserblast","shootEffect":{"type":"MultiEffect","effects":[{"type":"WaveEffect","lifetime":90,"sizeFrom":50,"sizeTo":300,"strokeFrom":30,"strokeTo":0,"colorFrom":"BFFFDB80","colorTo":"BFFFDB00"},{"type":"WaveEffect","lifetime":100,"sizeFrom":50,"sizeTo":4000,"strokeFrom":160,"strokeTo":0,"colorFrom":"BFFFDBFF","colorTo":"ffffff"},{"type":"ParticleEffect","particles":110,"sizeFrom":30,"sizeTo":0,"length":4000,"baseLength":0,"lifetime":30,"colorFrom":"BFFFDBFF","colorTo":"BFFFDB00","cone":60}]},"shoot":{"type":"ShootPattern","firstShotDelay":2405},"chargeSound":"beam","smokeEffect":"bigShockwave","shootType":{"type":"BasicBulletType","absorbable":false,"collidesGround":false,"collidesAir":true,"bulletInterval":1,"intervalBullets":3,"intervalRandomSpread":360,"intervalSpread":8,"intervalAngle":0,"intervalBullet":{"type":"BasicBulletType","width":55,"height":55,"sprite":"error","collidesGround":false,"collidesAir":true,"spin":10,"homingPower":0.02,"homingRange":1200,"pierce":true,"pierceCap":8,"shrinkY":0,"shrinkX":0,"hitShake":8,"backColor":"DF9C15FF","frontColor":"DF9C15FF","hitEffect":{"type":"MultiEffect","effects":[{"type":"ParticleEffect","particles":9,"sizeFrom":8,"sizeTo":0,"length":96,"baseLength":133,"lifetime":25,"colorFrom":"DF9C15FF","colorTo":"BFFFDBFF","cone":360},{"type":"WaveEffect","lifetime":120,"sizeFrom":0,"sizeTo":200,"strokeFrom":15,"strokeTo":0,"colorFrom":"DF9C15FF","colorTo":"ffffff"},{"type":"WaveEffect","lifetime":10,"sizeFrom":8,"sizeTo":178,"strokeFrom":8,"strokeTo":0,"colorFrom":"DF9C15FF","colorTo":"ffffff"}]},"damage":240,"lightningDamage":160,"lightning":3,"lightningLength":53,"lightningColor":"DF9C15FF","hitSound":"plasmaboom","speed":3,"lifetime":180,"drag":-0.02,"splashDamageRadius":200,"splashDamage":255,"trailLength":10,"trailWidth":3,"trailColor":"DF9C15FF"},"damage":1145141919810,"status":"wet","splashDamageRadius":1145,"splashDamage":114514,"lightningDamage":1919,"lightning":18,"lightningLength":556,"lightningColor":"DF9C15FF","chargeEffect":{"type":"MultiEffect","effects":[{"type":"ParticleEffect","particles":1,"sizeFrom":8,"sizeTo":30,"length":0,"baseLength":0,"lifetime":2404,"colorFrom":"DF9C15FF","colorTo":"BFFFDBFF","cone":360},{"type":"WaveEffect","lifetime":200,"sizeFrom":90,"sizeTo":4000,"strokeFrom":90,"strokeTo":0,"colorFrom":"DF9C15FF","colorTo":"BFFFDBFF"},{"type":"ParticleEffect","particles":240,"line":true,"strokeFrom":3,"strokeTo":3,"lenFrom":160,"lenTo":8,"baseLength":4000,"length":-4000,"lifetime":200,"colorFrom":"DF9C15FF","colorTo":"BFFFDBFF","cone":360},{"type":"ParticleEffect","particles":240,"line":true,"strokeFrom":3,"strokeTo":3,"lenFrom":160,"lenTo":8,"baseLength":4000,"length":-4000,"lifetime":400,"colorFrom":"DF9C15FF","colorTo":"BFFFDBFF","cone":360},{"type":"ParticleEffect","particles":240,"line":true,"strokeFrom":3,"strokeTo":3,"lenFrom":160,"lenTo":8,"baseLength":4000,"length":-4000,"lifetime":600,"colorFrom":"DF9C15FF","colorTo":"BFFFDBFF","cone":360},{"type":"ParticleEffect","particles":240,"line":true,"strokeFrom":3,"strokeTo":3,"lenFrom":160,"lenTo":8,"baseLength":4000,"length":-4000,"lifetime":800,"colorFrom":"DF9C15FF","colorTo":"BFFFDBFF","cone":360},{"type":"ParticleEffect","particles":240,"line":true,"strokeFrom":3,"strokeTo":3,"lenFrom":160,"lenTo":8,"baseLength":4000,"length":-4000,"lifetime":1000,"colorFrom":"DF9C15FF","colorTo":"BFFFDBFF","cone":360},{"type":"ParticleEffect","particles":240,"line":true,"strokeFrom":3,"strokeTo":3,"lenFrom":160,"lenTo":8,"baseLength":4000,"length":-4000,"lifetime":1200,"colorFrom":"DF9C15FF","colorTo":"BFFFDBFF","cone":360},{"type":"ParticleEffect","particles":240,"line":true,"strokeFrom":3,"strokeTo":3,"lenFrom":160,"lenTo":8,"baseLength":4000,"length":-4000,"lifetime":1400,"colorFrom":"DF9C15FF","colorTo":"BFFFDBFF","cone":360},{"type":"ParticleEffect","particles":240,"line":true,"strokeFrom":3,"strokeTo":3,"lenFrom":160,"lenTo":8,"baseLength":4000,"length":-4000,"lifetime":1600,"colorFrom":"DF9C15FF","colorTo":"BFFFDBFF","cone":360},{"type":"ParticleEffect","particles":240,"line":true,"strokeFrom":3,"strokeTo":3,"lenFrom":160,"lenTo":8,"baseLength":4000,"length":-4000,"lifetime":1800,"colorFrom":"DF9C15FF","colorTo":"BFFFDBFF","cone":360},{"type":"ParticleEffect","particles":240,"line":true,"strokeFrom":3,"strokeTo":3,"lenFrom":160,"lenTo":8,"baseLength":4000,"length":-4000,"lifetime":2000,"colorFrom":"DF9C15FF","colorTo":"BFFFDBFF","cone":360},{"type":"WaveEffect","lifetime":120,"sizeFrom":4000,"sizeTo":8,"strokeFrom":8,"strokeTo":10,"colorFrom":"DF9C15FF","colorTo":"BFFFDBFF"},{"type":"WaveEffect","lifetime":240,"sizeFrom":3800,"sizeTo":8,"strokeFrom":8,"strokeTo":12,"colorFrom":"DF9C15FF","colorTo":"BFFFDBFF"},{"type":"WaveEffect","lifetime":360,"sizeFrom":3600,"sizeTo":8,"strokeFrom":8,"strokeTo":14,"colorFrom":"DF9C15FF","colorTo":"BFFFDBFF"},{"type":"WaveEffect","lifetime":480,"sizeFrom":3400,"sizeTo":0,"strokeFrom":8,"strokeTo":16,"colorFrom":"DF9C15FF","colorTo":"BFFFDBFF"},{"type":"WaveEffect","lifetime":600,"sizeFrom":3200,"sizeTo":0,"strokeFrom":8,"strokeTo":18,"colorFrom":"DF9C15FF","colorTo":"BFFFDBFF"},{"type":"WaveEffect","lifetime":720,"sizeFrom":3000,"sizeTo":0,"strokeFrom":8,"strokeTo":20,"colorFrom":"DF9C15FF","colorTo":"BFFFDBFF"},{"type":"WaveEffect","lifetime":840,"sizeFrom":2800,"sizeTo":0,"strokeFrom":8,"strokeTo":20,"colorFrom":"DF9C15FF","colorTo":"BFFFDBFF"},{"type":"WaveEffect","lifetime":960,"sizeFrom":2600,"sizeTo":0,"strokeFrom":8,"strokeTo":20,"colorFrom":"DF9C15FF","colorTo":"BFFFDBFF"},{"type":"WaveEffect","lifetime":1080,"sizeFrom":2400,"sizeTo":0,"strokeFrom":8,"strokeTo":20,"colorFrom":"DF9C15FF","colorTo":"BFFFDBFF"},{"type":"WaveEffect","lifetime":1200,"sizeFrom":2200,"sizeTo":0,"strokeFrom":8,"strokeTo":20,"colorFrom":"DF9C15FF","colorTo":"BFFFDBFF"},{"type":"WaveEffect","lifetime":1320,"sizeFrom":2000,"sizeTo":0,"strokeFrom":8,"strokeTo":20,"colorFrom":"DF9C15FF","colorTo":"BFFFDBFF"},{"type":"WaveEffect","lifetime":1440,"sizeFrom":1800,"sizeTo":0,"strokeFrom":8,"strokeTo":20,"colorFrom":"DF9C15FF","colorTo":"BFFFDBFF"},{"type":"WaveEffect","lifetime":1560,"sizeFrom":1600,"sizeTo":0,"strokeFrom":8,"strokeTo":20,"colorFrom":"DF9C15FF","colorTo":"BFFFDBFF"},{"type":"WaveEffect","lifetime":1680,"sizeFrom":1400,"sizeTo":0,"strokeFrom":8,"strokeTo":20,"colorFrom":"DF9C15FF","colorTo":"BFFFDBFF"},{"type":"WaveEffect","lifetime":1800,"sizeFrom":1200,"sizeTo":0,"strokeFrom":8,"strokeTo":20,"colorFrom":"DF9C15FF","colorTo":"BFFFDBFF"},{"type":"WaveEffect","lifetime":1920,"sizeFrom":1000,"sizeTo":0,"strokeFrom":8,"strokeTo":20,"colorFrom":"DF9C15FF","colorTo":"BFFFDBFF"},{"type":"WaveEffect","lifetime":2040,"sizeFrom":800,"sizeTo":0,"strokeFrom":8,"strokeTo":20,"colorFrom":"DF9C15FF","colorTo":"BFFFDBFF"},{"type":"WaveEffect","lifetime":2160,"sizeFrom":600,"sizeTo":0,"strokeFrom":8,"strokeTo":20,"colorFrom":"DF9C15FF","colorTo":"BFFFDBFF"},{"type":"WaveEffect","lifetime":2280,"sizeFrom":400,"sizeTo":0,"strokeFrom":8,"strokeTo":20,"colorFrom":"DF9C15FF","colorTo":"BFFFDBFF"},{"type":"WaveEffect","lifetime":2400,"sizeFrom":200,"sizeTo":0,"strokeFrom":8,"strokeTo":20,"colorFrom":"DF9C15FF","colorTo":"BFFFDBFF"}]},"speed":40,"lifetime":200,"drag":0.01,"sprite":"circle-bullet","width":70,"height":70,"trailLength":20,"trailWidth":10,"shrinkY":0,"hitShake":2000,"hitSound":"DBZ1","ammoMultiplier":1,"backColor":"DF9C15FF","frontColor":"FFFFFF","trailColor":"DF9C15FF","hitEffect":{"type":"MultiEffect","effects":[{"type":"ParticleEffect","particles":39,"sizeFrom":9,"sizeTo":0,"length":550,"baseLength":250,"lifetime":15,"colorFrom":"DF9C15FF","colorTo":"BFFFDBFF","cone":360},{"type":"ParticleEffect","particles":32,"line":true,"strokeFrom":4,"strokeTo":0,"lenFrom":32,"lenTo":0,"length":400,"baseLength":400,"lifetime":22,"colorFrom":"FFFFFF","colorTo":"DF9C15FF","cone":360},{"type":"WaveEffect","lifetime":100,"sizeFrom":40,"sizeTo":800,"strokeFrom":85,"strokeTo":0,"colorFrom":"DF9C15FF","colorTo":"ffffff"},{"type":"WaveEffect","lifetime":10,"sizeFrom":9,"sizeTo":850,"strokeFrom":25,"strokeTo":0,"colorFrom":"DF9C15FF","colorTo":"ffffff"}]},"fragLifeMin":0.1,"fragBullets":50,"fragBullet":{"width":32,"height":32,"sprite":"circle-bullet","shrinkY":0,"hitShake":200,"collidesGround":false,"hitSound":"explosionbig","backColor":"DF9C15FF","frontColor":"FFFFFF","hitEffect":{"type":"MultiEffect","effects":[{"type":"ParticleEffect","particles":8,"sizeFrom":10,"sizeTo":0,"length":35,"baseLength":133,"lifetime":12,"colorFrom":"DF9C15FF","colorTo":"BFFFDBFF","cone":360},{"type":"ParticleEffect","particles":8,"line":true,"strokeFrom":8,"strokeTo":0,"lenFrom":25,"lenTo":50,"length":400,"baseLength":103,"lifetime":12,"colorFrom":"DF9C15FF","colorTo":"BFFFDBFF","cone":360},{"type":"WaveEffect","lifetime":20,"sizeFrom":400,"sizeTo":680,"strokeFrom":6,"strokeTo":3,"colorFrom":"DF9C15FF","colorTo":"ffffff"}]},"damage":750,"lightningDamage":350,"lightning":9,"lightningLength":96,"lightningColor":"DF9C15FF","speed":8,"lifetime":150,"drag":0.001,"splashDamageRadius":500,"splashDamage":1600,"fragLifeMin":0.3,"fragBullets":20,"fragBullet":{"width":16,"height":16,"sprite":"error","spin":6,"shrinkY":0,"hitShake":80,"backColor":"DF9C15FF","frontColor":"FFFFFF","hitEffect":{"type":"MultiEffect","effects":[{"type":"ParticleEffect","particles":9,"sizeFrom":8,"sizeTo":0,"length":96,"baseLength":133,"lifetime":25,"colorFrom":"DF9C15FF","colorTo":"BFFFDBFF","cone":360},{"type":"WaveEffect","lifetime":120,"sizeFrom":0,"sizeTo":200,"strokeFrom":15,"strokeTo":0,"colorFrom":"DF9C15FF","colorTo":"ffffff"},{"type":"WaveEffect","lifetime":10,"sizeFrom":8,"sizeTo":178,"strokeFrom":8,"strokeTo":0,"colorFrom":"DF9C15FF","colorTo":"ffffff"}]},"damage":340,"lightningDamage":160,"lightning":3,"lightningLength":53,"lightningColor":"DF9C15FF","hitSound":"DBZ1","speed":8,"lifetime":60,"splashDamageRadius":200,"splashDamage":455}}},"consumes":{"power":6400,"liquid":"cryofluid/30"},"reload":4800,"rotateSpeed":0.25,"range":4000,"category":"turret","research":"router","requirements":["霸王丝/50000","silicon/30000","健力宝/22000","猫猫/20000","三鲜伊面/780"]}