{
	"type": "GenericCrafter",
	"health": 360,
	"name": "一毛钱印钞机",
	"description": "印钞机，财产来源，用于小卖部交涉通用货币（什）",
	"outputItem": {
	"item": "零钱", "amount": 10
	},
	"itemCapacity": 200,
	"size": 2,
	"hasPower": true,
	"hasItems": true,
	"craftTime": 30,
	"consumes": {
	"power": 0.5,
	"items": {
	"items": [
	{ "item": "棉花", "amount": 2 },
	{ "item": "纸", "amount": 1}	]	},
	"liquid": 
	{"liquid": "墨汁", "amount": 1.14 }
		},
	"requirements": [
	{ "item": "copper", "amount": 100 },
	{ "item": "lead", "amount": 50 },
	{ "item": "titanium", "amount": 20 }
	],
	"category": "crafting",
	"research": "router"
}