{
     "name":"核弹发射器",//名称
     "type":"ItemTurret",//种类
     "description":"核弹！好耶！（爆炸声）",
     "size":4,//尺寸
     "health":2500,
     "requirements":[
     {"item":"lead","amount": 1200},
     {"item":"silicon","amount": 1000},
     {"item":"surge-alloy","amount": 840}
         ],//建材
     "research":"《饱和》",//科技树前置
     "category":"turret",//菜单栏
     "ammoPerShot":1,//单发消耗
     "ammoEjectBack":1,//子弹返还
     "range":1600,//射程，8/格
     "reload":600,//装弹时间，60=1秒
     "inaccuracy":0,//精准度
     "recoil":0,//后坐力
     "restitution":0,//每帧后坐力恢复
     "cooldown":0.02,//每帧冷却
     "speed":1.2,//炮台转速
     "shootCone":3,//最大瞄准偏角
     "shootShake":2,//射击抖动
     "targetAir":true,//对空
     "targetGround":true,//对地
     "maxAmmo":5,//弹容量
     "minWarmup": 0.85,
     "shootWarmupSpeed": 0.07,
     "shootEffect":"shootBig",
     "smokeEffect":"shootSmokeMissile",
     "shootSound":"spark",
     "consumes":{
        "power": 3,
        "liquid":{
            "liquid":"cryofluid",
            "amount": 0.1,
            "option": false
        }
     },
     "ammoTypes": {
	     "核弹": {
	         "type": "BasicBulletType",
             "spawnUnit": "核弹",
             "speed": 0,
             "shootEffect": {
	             "type": "MultiEffect",
  	             "effects": [
       		         {
	                 "type": "RadialEffect",
	                 "effect": "shootSmokeMissile",
	               	},
	            	{
	                "type": "ParticleEffect",
                  	"particles": 45,
                 	"lifetime": 180,
                 	"sizeFrom": 4,
                   	"sizeTo": 0,
	                "length": 120,
	                "cone": 10,
                  	"interp": "pow10In",
                  	"sizeInterp": "pow5Out",
	                "colorFrom": "FEB380AA",
	                "colorTo": "FEB38000"
               		}
	             ]
	         }
		 }
     },
     "drawer": {
		"type": "DrawTurret",
        "parts": [
             {
                "type": "RegionPart",
                "suffix": "-top",
                "layer": 50,
                "heatProgress": "warmup",
                "heatColor":"55C866FF"
                }
        ]        
}
}