{
	"name": "冶金服务模块",
	"description":"为核心提供炼铁能力，但效率较低",
	"outputItem": "铁/1",
	"size": 3,
	"hasPower": false,
	"hasItems": true,
	"craftTime": 60,
	"itemCapacity": 160,
	"drawer": {
		"type": "DrawMulti",
		"drawers": [
			"DrawDefault",
			{
				"type": "DrawFlame",
				"flameColor": "FFA100"
			}
		]
	},
	"consumes": {
		"items": [
			"coal/1",
			"赤铁矿/3"
		]
	},
	"requirements": [
		"赤铁矿/1",
	],
	"researchCostMultiplier": 0.1,
	"category": "crafting",
	"research": "工程核心"
	"details":"感谢ZenXSin的IE-master提供参考"
}