{
    "name": "远程核心连接模块"
	"description": "建立一个可拆除的与核心共享存储的模块\n[yellow]每区块可建造数：3",
	"requirements": [
	{"amount": 800, "item": "铁"},
	{"amount": 200, "item": "铝"},
	{"amount": 500, "item": "钢"}
	],
	"unitType": "alpha",
	"alwaysUnlocked":true,
	"armor":28,
	"health": 1000,
	"itemCapacity": 1000,
	"size": 3,
	"unitCapModifier": 3,
	"category": "effect"
	"research": {
		"parent": "核心扩容模块",
		"objectives": [
			{
				"type": "SectorComplete",
				"preset": "乱石荒滩"
			}
		]
	}, 
    "researchCostMultiplier": 0.5,
	"details":"贴核，爽！"
}
