{
	"health": 340,
	"details": "使用新式机炮，导弹装药量提升。",
	"weapons": [
		{
            "name": "尖刀1",
            "reload": 16.4,
            "x": 4.5,
            "y": -0.5,
            "rotate": false,
            "inaccuracy": 0,
            "alternate": true,
            "top": false,
            "shoot": {
				"shots":2,
				"shotDelay": 4
			},
            "ejectEffect": "casing1",
            "bullet": {
                "damage": 13,
                "speed": 7,
                "lifetime": 32,
                "drag":0.007,
                "width": 6,
                "height": 13
            }
        },
		{
			"name": "巫妖2",
			"reload": 35,
			"x": 0,
			"y": -5,
			"shootY": 2,
			"rotate": true,
			"inaccuracy": 10,
			"mirror":false,
			"shootSound":"missile",
			"bullet": {
				"type":"MissileBulletType",
				"homingRange": 80,
				"homingDelay": 5,
				"homingPower": 0.3,
				"trailColor":"E3E3E3",
				"keepVelocity":false,
				"ammoMultiplier": 2,
				"damage": 11,
				"splashDamage": 30,
				"splashDamageRadius": 25,
				"hitEffect":"blastExplosion",
				"speed": 6,
				"lifetime": 35,
				"width": 8,
				"height": 12
			}
		}
	]
}