{
	"type": "GenericCrafter",
	"name": "不稳定合金工厂",
	"description": "特别不稳定，一碰就炸.",
	"outputItem": {
		"item": "不稳定合金", "amount": 1
	},
	"itemCapacity": 30,
	"size": 2,
	"hasPower": true,
	"hasLiquids":true,
		"hasItems": true,
	"craftTime": 50,
	"updateEffect": "smeltsmoke",
	"consumes": {
		"power": 1.5
		"items": {
			"items": [
				{ "item": "blast-compound", "amount": 1 }
				{ "item": "废金属", "amount": 1 }
		]
	},
	"liquid":{"liquid":"water","amount": 0.5 } 
	},
			"requirements": [
		{ "item": "phase-fabric", "amount": 50 }, 
		{ "item": "紫晶", "amount": 30 },
		{ "item": "纯水泥", "amount": 15 },
		{ "item": "graphite", "amount": 100 },
		{ "item": "钛合金", "amount": 30 },
	],
	"category": "crafting",
	"research": "钛合金生产工厂",
	"idleSound": "respawning",
	"idleSoundVolume": 0.5
	"drawer":[
	    {
	        "type":"DrawDefault"
	    },
	    {
	        "item": "DrawMulti"
	    },
	    {
            "type": "DrawFlame",
            "flameColor": "DF5454FF"
	    }
	],
}