{
	"type": "GenericCrafter",
	"name": "天界合金工厂",
	"description": "天界合金",
	"outputItem": {
		"item": "天界合金", "amount": 1
	},
	"itemCapacity": 30,
	"size": 2,
	"hasPower": true,
	"hasLiquids":true,
		"hasItems": true,
	"craftTime": 50,
	"updateEffect": "smeltsmoke",
	"consumes": {
		"power": 1.5
		"items": {
			"items": [
				{ "item": "远古合金", "amount": 6 }
				{ "item": "能量合金", "amount": 3 }
				{ "item": "不稳定合金", "amount": 6 }
				{ "item": "surge-alloy", "amount": 3 }
		]
		},
	"liquid":{"liquid":"water","amount": 0.4 }
	},
			"requirements": [
		{ "item": "phase-fabric", "amount": 50 }, 
		{ "item": "星铁", "amount": 30 },
		{ "item": "纯水泥", "amount": 10 },
		{ "item": "metaglass", "amount": 30 },
		{ "item": "石膏", "amount": 10 },
	],
	"category": "crafting",
	"research": "能量散子工厂",
	"idleSound": "respawning",
	"idleSoundVolume": 0.5
	"drawer":[
	    {
	        "type":"DrawDefault"
	    },
	    {
	        "item": "DrawMulti"
	    },
	    {
            "type": "DrawFlame",
            "flameRadius": 5,
            "flameRadiusIn": 2.8,
            "flameRadiusScl": 5,
            "flameRadiusMag": 2,
            "flameRadiusInMag": 1,
            "flameColor": "FFC814FF"
	    }
	],
}