{
	"type": "GenericCrafter",
	"name": "钛合金生产工厂",
	"description": "压缩后的钛",
	"outputItem": {
		"item": "钛合金", "amount": 5
	},
	"itemCapacity": 30,
	"size": 2,
	"hasPower": true,
	"hasLiquids":true,
	"hasItems": true,
	"craftTime": 75,
	"updateEffect": "smeltsmoke",
	"consumes": {
		"power": 1.5,
		"items": {
			"items": [
				{ "item": "titanium", "amount": 3 },
				{ "item": "copper", "amount": 2 }
		]
	},
	"liquid":{"liquid":"water","amount": 0.2}
	},
			"requirements": [
		{ "item": "phase-fabric", "amount": 50 }, 
		{ "item": "titanium", "amount": 100 },
		{ "item": "铜板", "amount": 50 },
		{ "item": "钛板", "amount": 60 }
	],
	"category": "crafting",
	"research": "致密合金锻造厂",
	"idleSound": "respawning",
	"idleSoundVolume": 0.5
	"drawer":[
	    {
	        "type":"DrawDefault"
	    },
	    {
	        "item": "DrawMulti"
	    },
	    {
            "type": "DrawFlame",
            "flameColor": "FFFFFFFF"
	    }
	],
  }