{
"type":"tank",
"name":"魔蝎",
"description":"透明的炸弹,发射超远程轨道炮",
"details":"[purple]危机四伏",
"canBoost":false,
"omniMovement":false,
    "rotateMoveFirst":true,
    "canDrown":false,
"speed":0.78,
"hitSize":48,
 "ammoType":"高能炸弹",
    "ammoCapacity": 600,
"targetAir":true,
"health":250000,
"armor":14,
"drag":0.08,"accel":0.05,
"mineSpeed":0,
"mineTier":0,
"buildSpeed":0.8,
"rotateSpeed":1.5,
"itemCapacity":600,

"research":"蚀蛊",
"weapons":[
{
	"x":0,
	"y":0,
	"mirror":false
"reload":40
"shootCone":360,
"ejectEect":"none",
"shootSound":"explosion",
"shake":1,
"bullet":{
"type":"BombBulletType"
"instantDisappear":true,
"healPercent":30,
"lightning":4
"lightningDamage":52
"lightningLength":48
"lietime":80,
"speed":12,
"splashDamageRadius":100,
"splashDamage":900,
"lightningColor":"D143FF"
"hittable":false,
"collidesAir":true
"status":"sapped",
"fragBullets":1,
"fragBullet":{
"type":"BombBulletType"
"lightning":10
"lightningDamage":25
"lightningLength":18
"lietime":1,
"speed":0,
"splashDamageRadius":100,
"splashDamage":400,
"lightningColor":"6d56bf"
"hittable":false,
"collidesAir":true
"status":"sapped",
"healPercent":10,
"collidesTeam":true,
"statusDuration":800,
"hitEffect":{
"type":"WaveEffect"
"lifetime":30
"sizeFrom":80
"sizeTo":80
"colorFrom":"D143FF"
"colorTo":"D143FF"
}
"fragBullets":2,
"fragBullet":{
"type":"FlakBulletType",
"explodeRange":60,
"collidesGround":true,
"collidesAir":true,
"damage":0,
"splashDamage":64,
"splashDamageRadius":90,
"sprite":"适用扩展-mine",
"status":"sapped",
"makeFire":true,
"frontColor":"D481FF23",
"backColor":"D143FF23",
"spin":0.6,
"height":15,
"width":15,
"lifetime":3600,
"shrinkX":0.2,
"shrinkY":0.2,
"speed":3,
"drag":0.04}}}}

{
			"name": "大轨道炮",	
			"reload":660, 
			"recoil":10,
			"shootCone":1,
			"shake":12,
			"x": 0,  "y": 0, 
			"rotate": true, 
			"mirror":false,
			"alternate": true,
			"rotateSpeed":1,
			"shootEffect":"none",
			"inaccuracy":0,
			"shotDelay":4,	
			"shootSound": "missile",
			"velocityRnd":0.5,
			"shootY":20,
			"bullet":{
				"type":"EmpBulletType",
				"backColor":"D143FF",	
				"trailEffect": "none",
				"damage":450,
				"makeFire":true,
				"splashDamage":240,
				"splashDamageRadius":90,
				"buildingDamageMultiplier":0.75,
				"shootEffect":"none",     
				"frontColor":"D481FF",	
				"speed":9,
				"lifetime":120,
				"width":20,	 "height":30,
				"hitEffect":"flakExplosionBig",
				"despawnEffect":"flakExplosionBig"
"status":"sapped",
"fragBullets":10,
"fragBullet":{
"type":"BombBulletType"
"instantDisappear":true,
"healPercent":15,
"lightning":6
"lightningDamage":35
"lightningLength":35
"lietime":2,
"speed":1,
"splashDamageRadius":90,
"splashDamage":1500,
"lightningColor":"D143FF"
"hittable":false,
"collidesAir":true
"status":"sapped",
"hitEffect":{"type": "ParticleEffect",
    "particles": 1,
    "sizeFrom": 90,"sizeTo": 0,
    "length": 0,
    "baseLength":0,
    "lifetime": 30,
    "colorFrom": "D143FF50",
    "colorTo": "D143FF00",
    "cone": 360},
"collidesTeam":true,
"statusDuration":360,
"fragBullets":2,
"fragBullet":{
    "width":0,"height":0,
    "despawnEffect":{"type":"MultiEffect",
	"effects": [
	{"type": "ParticleEffect",
    "particles": 15,
    "sizeFrom": 12,"sizeTo": 0,
    "length": 150,
    "baseLength":35,
    "lifetime": 45,
    "colorFrom": "D143FF50",
    "colorTo": "D143FF00",
    "cone": 360},
    {"type": "ParticleEffect",
    "particles": 1,
    "sizeFrom": 52,"sizeTo": 0,
    "length": 0,
    "baseLength":0,
    "lifetime": 30,
    "colorFrom": "D143FF50",
    "colorTo": "D143FF00",
    "cone": 360},
    {"type": "WaveEffect",
    "lifetime": 19,
    "sizeFrom": 2,"sizeTo": 145,
    "strokeFrom":8,"strokeTo":0,
    "colorFrom":"D143FFFF",
    "colorTo": "D143FFFF"}]}
"speed":15,"lifetime":10,	   
"splashDamage":180,
"splashDamageRadius":52,
"fragBullets":1,
"collides":false,"hitShake":12, "absorbable":false,
"incendChance":0.03,
"incendSpread":24,
"incendAmount":1,
"fragBullet":{
"type":"FlakBulletType",
"explodeRange":60,
"collidesGround":true,
"collidesAir":true,
"damage":0,
"splashDamage":180,
"splashDamageRadius":80,
"sprite":"适用扩展-mine",
"status":"sapped",
"makeFire":true,
"frontColor":"D481FF23",
"backColor":"D143FF23",
"spin":0.6,
"height":20,
"width":20,
"lifetime":3600,
"shrinkX":0.2,
"shrinkY":0.2,
"speed":3,
"drag":0.04
"fragBullets":1,
"fragBullet":{
"type":"BombBulletType"
"lightning":5
"lightningDamage":45
"lightningLength":20
"lietime":1,
"speed":0,
"splashDamageRadius":90,
"splashDamage":700,
"lightningColor":"D481FF"
"hittable":false,
"collidesAir":true
"status":"sapped",
"healPercent":10,
"collidesTeam":true,
"statusDuration":600,
"instantDisappear":true,
"hitEffect":{"type": "ParticleEffect",
    "particles": 1,
    "sizeFrom": 90,"sizeTo": 0,
    "length": 0,
    "baseLength":0,
    "lifetime": 30,
    "colorFrom": "D143FF50",
    "colorTo": "D143FF00",
    "cone": 360},}}
}}}}]
}
