{
    "type": "UnitFactory",  // 类型：单位制造厂
    "name": "移动炮塔制造厂",  // 名称：独影制造厂
    "description": "制造炮台?",//介绍
    "size": 3,  // 尺寸：3（可能表示占地面积或其他属性）
    "health": 280,  // 生命值：260
    "configurable": true,  // 是否可配置：是（表示玩家可以调整其内部设置）
    "consumes": {  // 消耗资源
        "power": 3  // 消耗电力：0（每单位时间不消耗电力）
    },
    "requirements": [  // 建造需求
        "copper/80",  // 需要碳化钢5
        "lead/60",  // 需要碳化钢5
        "titanium/50",  // 需要碳化钢5     
    ],
    "research":"杂交科技",
        "requirements": [  // 研究需求
            "copper/300"  // 需要碳化钢50
            "lead/200"  // 需要碳化钢50
            "silicon/150"  // 需要碳化钢50
            ],
    "category": "units",  // 分类：单位（表示该设施用于制造单位）
    "researchCostMultiplier": 0.5,  // 研究成本乘数：0.45（研究该设施的成本为正常成本的45%）
    "plans": [  // 制造计划
        {
            "unit": "双管",  // 单位名称：mono（可能是某种单位）
            "time": 750,  // 制造时间：60（单位时间，可能是秒或游戏回合）
            "requirements": [  // 制造需求
                        "copper/40",  // 需要碳化钢5
            ],
        },
                {
            "unit": "迫击",  // 单位名称：mono（可能是某种单位）
            "time": 1800,  // 制造时间：60（单位时间，可能是秒或游戏回合）
            "requirements": [  // 制造需求
                        "copper/200",  // 需要碳化钢5
            ],
        },
    ]
}
