{
	"type": "PowerTurret",
	"name": "引力",
	"health":36880
	"size":8
	"range":1200
	"canOverdrive":false
	"moveWhileCharging":false,
	"minWarmup":0.88
	"warmupMaintainTime":300
    "shootWarmupSpeed":0.012
	"reload":100
    "armor":34
    "accurateDelay":false,
    "placeableLiquid": true,
    "coolantMultiplier": 0.5
	"liquidCapacity":120
	"inaccuracy":0
	"shootY":8
	"rotateSpeed":1.48
	"shake":8
	"recoil":12
	"recoilTime":120
	"cooldownTime":140
    "shootSound": "laserblast"
	"drawer": {
	"type": "DrawTurret",
	"parts":[
    {
"type":"RegionPart",
"mirror":false,//是否开启镜像
"progress": "warmup"
"top":false
"under":true
"x":0,"y":0,//初始位置
"suffix":"-口"//,贴图后缀
"moveX":0,//改变位置
"moveY":-8.2
"moveRot":0
"moves":[
{
"progress":"recoil"
"recoilTime":42
"y":5
"x":0
"rot":0
}
]
    }
{
"type":"RegionPart",
"mirror":false,//是否开启镜像
"progress": "warmup"
"top":false
"under":true
"x":0,"y":0,//初始位置
"suffix":"-前"//,贴图后缀
"moveX":0,//改变位置
"moveY":4
"moveRot":0
"moves":[
{
"progress":"recoil"
"recoilTime":30
"y":-2
"x":0
"rot":0
}
]
    }
		]
	}
"consumes": {
	"power":96.5
	"liquid":"cryofluid/0.6"
	}
"shoot":{
"firstShotDelay":108
}
	"shootEffect": {
	"type": "WaveEffect",
	"lifetime": 12
	"interp": "circleOut",
	"sizeFrom": 0,
	"sizeTo":5
	"strokeFrom":2
	"strokeTo": 0,
	"colorFrom": "99e0ff",
	"colorTo": "c0ecff"
	}
"shootType": {
		"type": "EmpBulletType",
		"sprite": "circle-bullet",
		"width": 6
		"height": 6
		"shrinkY": 0
		"speed":3
		"lifetime":1885
		"damage":1988
		"radius":168
		"chargeSound":"lasercharge",
"chargeEffect":{
"type":"MultiEffect",
"effects":[
{
"type":"ParticleEffect"
"particles":1
"sizeFrom":0
"startDelay":10
"sizeTo":10
"interp":"pow5Out",
"length":0
"layer":111
"baseLength":0
"lifetime":30
"colorFrom":"00000030",
"colorTo":"000000ff"
}
{
"type":"ParticleEffect"
"particles":1
"sizeFrom":0
"startDelay":10
"sizeTo":13
"interp":"pow5Out",
"length":0
"baseLength":0
"lifetime":30
"colorFrom":"99e0ff80",
"colorTo":"99e0ff"
}
{
"type":"ParticleEffect"
"particles":1
"sizeFrom":10
"startDelay":40
"sizeTo":10
"interp":"pow5Out",
"length":0
"layer":111
"baseLength":0
"lifetime":68
"colorFrom":"00000030",
"colorTo":"000000ff"
}
{
"type":"ParticleEffect"
"particles":1
"sizeFrom":13
"startDelay":40
"sizeTo":13
"interp":"pow5Out",
"length":0
"baseLength":0
"lifetime":68
"colorFrom":"99e0ff",
"colorTo":"99e0ff"
}
{
"type":"ParticleEffect"
"particles":2
"sizeFrom":1
"sizeTo":6
"interp":"pow5In",
"length":-328
"baseLength":200
"lifetime":18
"colorFrom":"99e0ff99",
"colorTo":"99e0ff"
}
{
"type":"ParticleEffect"
"particles":2
"sizeFrom":1
"startDelay":8
"sizeTo":6
"interp":"pow5In",
"length":-328
"baseLength":200
"lifetime":18
"colorFrom":"99e0ff99",
"colorTo":"99e0ff"
}
{
"type":"ParticleEffect"
"particles":2
"sizeFrom":1
"startDelay":16
"sizeTo":6
"interp":"pow5In",
"length":-328
"baseLength":200
"lifetime":18
"colorFrom":"99e0ff99",
"colorTo":"99e0ff"
}
{
"type":"ParticleEffect"
"particles":2
"sizeFrom":1
"startDelay":24
"sizeTo":6
"interp":"pow5In",
"length":-328
"baseLength":200
"lifetime":18
"colorFrom":"99e0ff99",
"colorTo":"99e0ff"
}
{
"type":"ParticleEffect"
"particles":2
"sizeFrom":1
"startDelay":32
"sizeTo":6
"interp":"pow5In",
"length":-328
"baseLength":200
"lifetime":18
"colorFrom":"99e0ff99",
"colorTo":"99e0ff"
}
{
"type":"ParticleEffect"
"particles":2
"sizeFrom":1
"startDelay":40
"sizeTo":6
"interp":"pow5In",
"length":-328
"baseLength":200
"lifetime":18
"colorFrom":"99e0ff99",
"colorTo":"99e0ff"
}
{
"type":"ParticleEffect"
"particles":2
"sizeFrom":1
"startDelay":48
"sizeTo":6
"interp":"pow5In",
"length":-328
"baseLength":200
"lifetime":18
"colorFrom":"99e0ff99",
"colorTo":"99e0ff"
}
{
"type":"ParticleEffect"
"particles":2
"sizeFrom":1
"startDelay":56
"sizeTo":6
"interp":"pow5In",
"length":-328
"baseLength":200
"lifetime":18
"colorFrom":"99e0ff99",
"colorTo":"99e0ff"
}
{
"type":"ParticleEffect"
"particles":2
"sizeFrom":1
"startDelay":64
"sizeTo":6
"interp":"pow5In",
"length":-328
"baseLength":200
"lifetime":18
"colorFrom":"99e0ff99",
"colorTo":"99e0ff"
}
{
"type":"ParticleEffect"
"particles":2
"sizeFrom":1
"startDelay":72
"sizeTo":6
"interp":"pow5In",
"length":-328
"baseLength":200
"lifetime":18
"colorFrom":"99e0ff99",
"colorTo":"99e0ff"
}
{
"type":"ParticleEffect"
"particles":2
"sizeFrom":1
"startDelay":80
"sizeTo":6
"interp":"pow5In",
"length":-328
"baseLength":200
"lifetime":18
"colorFrom":"99e0ff99",
"colorTo":"99e0ff"
}
{
"type":"ParticleEffect"
"particles":2
"sizeFrom":1
"startDelay":88
"sizeTo":6
"interp":"pow5In",
"length":-328
"baseLength":200
"lifetime":18
"colorFrom":"99e0ff99",
"colorTo":"99e0ff"
}
{
"type":"ParticleEffect"
"particles":2
"sizeFrom":1
"startDelay":96
"sizeTo":6
"interp":"pow5In",
"length":-328
"baseLength":200
"lifetime":18
"colorFrom":"99e0ff99",
"colorTo":"99e0ff"
}
{
"type":"ParticleEffect"
"particles":2
"sizeFrom":1
"startDelay":4
"sizeTo":6
"interp":"pow5In",
"length":-328
"baseLength":200
"lifetime":18
"colorFrom":"99e0ff99",
"colorTo":"99e0ff"
}
{
"type":"ParticleEffect"
"particles":2
"sizeFrom":1
"startDelay":12
"sizeTo":6
"interp":"pow5In",
"length":-328
"baseLength":200
"lifetime":18
"colorFrom":"99e0ff99",
"colorTo":"99e0ff"
}
{
"type":"ParticleEffect"
"particles":2
"sizeFrom":1
"startDelay":20
"sizeTo":6
"interp":"pow5In",
"length":-328
"baseLength":200
"lifetime":18
"colorFrom":"99e0ff99",
"colorTo":"99e0ff"
}
{
"type":"ParticleEffect"
"particles":2
"sizeFrom":1
"startDelay":28
"sizeTo":6
"interp":"pow5In",
"length":-328
"baseLength":200
"lifetime":18
"colorFrom":"99e0ff99",
"colorTo":"99e0ff"
}
{
"type":"ParticleEffect"
"particles":2
"sizeFrom":1
"startDelay":36
"sizeTo":6
"interp":"pow5In",
"length":-328
"baseLength":200
"lifetime":18
"colorFrom":"99e0ff99",
"colorTo":"99e0ff"
}
{
"type":"ParticleEffect"
"particles":2
"sizeFrom":1
"startDelay":42
"sizeTo":6
"interp":"pow5In",
"length":-328
"baseLength":200
"lifetime":18
"colorFrom":"99e0ff99",
"colorTo":"99e0ff"
}
{
"type":"ParticleEffect"
"particles":2
"sizeFrom":1
"startDelay":50
"sizeTo":6
"interp":"pow5In",
"length":-328
"baseLength":200
"lifetime":18
"colorFrom":"99e0ff99",
"colorTo":"99e0ff"
}
{
"type":"ParticleEffect"
"particles":2
"sizeFrom":1
"startDelay":58
"sizeTo":6
"interp":"pow5In",
"length":-328
"baseLength":200
"lifetime":18
"colorFrom":"99e0ff99",
"colorTo":"99e0ff"
}
{
"type":"ParticleEffect"
"particles":2
"sizeFrom":1
"startDelay":66
"sizeTo":6
"interp":"pow5In",
"length":-328
"baseLength":200
"lifetime":18
"colorFrom":"99e0ff99",
"colorTo":"99e0ff"
}
{
"type":"ParticleEffect"
"particles":2
"sizeFrom":1
"startDelay":78
"sizeTo":6
"interp":"pow5In",
"length":-328
"baseLength":200
"lifetime":18
"colorFrom":"99e0ff99",
"colorTo":"99e0ff"
}
{
"type":"ParticleEffect"
"particles":2
"sizeFrom":1
"startDelay":84
"sizeTo":6
"interp":"pow5In",
"length":-328
"baseLength":200
"lifetime":18
"colorFrom":"99e0ff99",
"colorTo":"99e0ff"
}
{
"type":"ParticleEffect"
"particles":2
"sizeFrom":1
"startDelay":92
"sizeTo":6
"interp":"pow5In",
"length":-328
"baseLength":200
"lifetime":18
"colorFrom":"99e0ff99",
"colorTo":"99e0ff"
}
]
}
		"parts": [
		{
			"type": "ShapePart",
			//"progress": "warmup",
			"circle": true,
			"color": "000000ff",
			"layer": 111
			"hollow": false,
			"radius":10
			"radiusTo":10
			"x": 0,
			"y": 0
			}
			{
			"type": "ShapePart",
			//"progress": "warmup",
			"circle": true,
			"color": "99e0ff",
			"hollow": false,
			"radius": 13
			"radiusTo":13
			"x": 0,
			"y": 0
			}
		]
		"splashDamageRadius":45
		"splashDamage":488
		"timeIncrease":1.25
		"powerDamageScl":1.2
		"unitDamageScl":1.2
		"hitUnits": true,
		"scaleLife": true,
		"hittable":false,
        "absorbable":false,
		"status": "崩坏",
		"statusDuration":60
		"frontColor": "99ecff",
		"backColor": "99e0ff",
		"trailLength": 18
		"trailWidth": 8
		"trailColor": "99e0ff",
		"trailChance": 0.38
		"trailInterval": 8
		"trailRotation": true,
		"trailEffect":
			{
			"type": "ParticleEffect",
			"particles": 4
			"region":"这是一个模组-菱形"
			"sizeFrom":3
			"sizeTo":0
			"sizeInterp": "pow10In",
			"interp": "pow5Out",
			"length": -35
			"baseLength": 0,
			"lifetime":51
			"colorFrom": "99e0ff",
			"colorTo": "99e0ff30"
			"spin":2
			"cone":29
		}
"hitShake":12
"bulletInterval":2
"intervalBullets":2
"intervalRandomSpread":0
"intervalSpread":0
"intervalAngle":0,
"intervalBullet":{
"sprite":"circle-bullet",
"frontColor":"99e0ff",
"backColor":"99e0ff",
"knockBack":-8
"collides":false
"hittable":false,
"absorbable":false,
"pierceArmor":true
"pierce":true
"lifetime":0
"speed":8
"hitShake":0
"splashDamage":52
"splashDamageRadius":180
"despawnEffect":{
"type":"MultiEffect",
"effects":[
{
"type":"ParticleEffect"
"particles":2
"sizeFrom":1
"sizeTo":6
"interp":"pow5In",
"length":-328
"baseLength":200
"lifetime":18
"colorFrom":"99e0ff99",
"colorTo":"99e0ff"
}
]
}
}
		"smokeEffect": "shootBigSmoke2",
		"hitSound": "plasmaboom",
		"despawnEffect": {
			"type": "ParticleEffect",
			"particles": 5
			"line": true,
			"strokeFrom": 2
			"strokeTo": 0,
			"lenFrom": 12
			"lenTo": 1
			"length": 21
			"baseLength":2
			"lifetime": 20
			"colorFrom": "99e0ff",
			"colorTo": "99e0ff"
		},
		"hitEffect": {
			"type": "WaveEffect",
			"lifetime": 0
			"sizeFrom":0
			"sizeTo": 0
			"strokeFrom":0
			"strokeTo": 0,
		}
"fragBullets":1
"fragLifeMin":1
"fragVelocityMin":0
"fragBullet":{
"sprite":"circle-bullet",
"frontColor":"99e0ff",
"backColor":"99e0ff",
"collides":false
"hittable":false,
"absorbable":false,
"pierceArmor":true
"pierce":true
"speed":0
"lifetime":0
"splashDamageRadius":240
"splashDamage":1480
"status":"时空停滞",
"statusDuration":100
"despawnEffect":{
"type":"MultiEffect",
"effects":[
{
"type":"ParticleEffect",
"particles":1
"sizeFrom":10
"sizeTo":14
"lifetime":22
"length":0
"baseLength":0
"layer":111
"colorFrom":"000000ff",
"colorTo":"000000ff"
}
{
"type":"ParticleEffect",
"particles":1
"sizeFrom":13
"sizeTo":18
"length":0
"baseLength":0
"lifetime":22
"colorFrom":"99ecffbe",
"colorTo":"99ecffbe"
}
{
"type":"ParticleEffect",
"particles":1
"sizeFrom":14
"sizeTo":14
"startDelay":22
"lifetime":38
"length":0
"baseLength":0
"layer":111
"colorFrom":"000000ff",
"colorTo":"000000ff"
}
{
"type":"ParticleEffect",
"particles":1
"sizeFrom":18
"sizeTo":18
"startDelay":22
"length":0
"baseLength":0
"lifetime":38
"colorFrom":"99ecffbe",
"colorTo":"99ecffbe"
}
{
"type":"ParticleEffect",
"particles":1
"sizeFrom":14
"startDelay":60
"sizeTo":0
"lifetime":20
"length":0
"sizeInterp":"pow5In",
"baseLength":0
"layer":111
"colorFrom":"000000ff",
"colorTo":"00000030"
}
{
"type":"ParticleEffect",
"particles":1
"sizeFrom":18
"startDelay":60
"sizeTo":0
"length":0
"sizeInterp":"pow5In",
"baseLength":0
"lifetime":23
"colorFrom":"99ecffbe",
"colorTo":"99ecffbe"
}
]
}
"bulletInterval":1
"intervalBullets":2
"intervalRandomSpread":0
"intervalSpread":0
"intervalAngle":0,
"intervalBullet":{
"sprite":"circle-bullet",
"frontColor":"99e0ff",
"backColor":"99e0ff",
"knockBack":-8
"collides":false
"hittable":false,
"absorbable":false,
"pierceArmor":true
"pierce":true
"speed":0
"lifetime":0
"hitShake":0
"splashDamage":58
"splashDamageRadius":180
"despawnEffect":{
"type":"MultiEffect",
"effects":[
{
"type":"ParticleEffect"
"particles":2
"sizeFrom":1
"sizeTo":6
"interp":"pow5In",
"length":-328
"baseLength":200
"lifetime":18
"colorFrom":"99e0ff99",
"colorTo":"99e0ff"
}
]
}
}
"fragBullets":1
"fragLifeMin":1.29
"fragVelocityMin":0
"fragBullet":{
"sprite":"circle-bullet",
"frontColor":"99e0ff",
"backColor":"99e0ff",
"collides":false
"hittable":false,
"absorbable":false,
"pierceArmor":true
"pierce":true
"speed":0
"lifetime":78
"splashDamageRadius":300
"splashDamage":2980
"status":"裂相",
"statusDuration":30
"despawnEffect":{
"type":"MultiEffect",
"effects":[
{
"type": "WaveEffect",
"lifetime":20
"sizeFrom":20
"sizeTo": 260
"strokeFrom":8
"strokeTo":1
"colorFrom":"99ecff90",
"colorTo":"99e0ff00"
}
{
"type":"ParticleEffect",
"particles":1
"sizeFrom":300
"sizeTo":0
"lifetime":16
"length":0
"baseLength":0
"colorFrom":"99ecff99",
"colorTo":"99e0ff28"
}
]
}
"hitSound":"DBZ1"
"fragBullets":34
"fragLifeMin":0.07
"fragLifeMax":0.52
"fragVelocityMin":0.1
"fragBullet":{
"hitSound": "plasmaboom",
"sprite":"circle-bullet",
"frontColor":"99e0ff",
"backColor":"99e0ff",
"collides":false
"hittable":false,
"absorbable":false,
"pierceArmor":true
"pierce":true
"speed":18
"drag":0.08
"lifetime":28
"splashDamageRadius":48
"splashDamage":146
"status":"短路",
"statusDuration":180
"despawnEffect":{
"type":"MultiEffect",
"effects":[
{
"type":"ParticleEffect",
"particles":1
"sizeFrom":32
"sizeTo":0
"lifetime":12
"length":0
"baseLength":0
"colorFrom":"99ecffbe",
"colorTo":"99e0ff40"
}
]
}
}
}
}
}
	"researchCostMultiplier": 2
	"requirements": [
	"聚变能/2880"
	"titanium/2825"
	"铼铱合金/2500"
	"graphite/1450"
	"相位能/1550"
	"zyhj/2230"
	"战争协定权限/6"
	],
	"category": "turret",
	"research": "裂磁"
}