{
	"type": "PowerTurret",
	"name": "游离",
	"health":2200
	"size":3
	"reload":128
	"range":384
	"canOverdrive":true
	"consumes": {
	"power":6
	"coolant": {
			"amount": 0.15
			"optional": true
		}
	}
	"shoot": {
	"shotDealy":5
		"type": "ShootAlternate",
		"barrels":1
		"firstShotDelay":120
	}
	"drawer": {
	"type": "DrawTurret",
	"parts":[
    {
"type":"RegionPart",
"mirror":false,//是否开启镜像
"progress": "warmup"
"x":0,"y":0,//初始位置
"suffix":"-左"//,贴图后缀
"moveX":-1,//改变位置
"moveY":1
"moveRot":13
"moves":[
{
"progress":"recoil"
"recoilTime":25
"y":-2
"x":1
"rot":-8
}
]
    }
{
"type":"RegionPart",
"mirror":false,//是否开启镜像
"progress": "warmup"
"x":0,"y":0,//初始位置
"suffix":"-右"//,贴图后缀
"moveX":1,//改变位置
"moveY":1
"moveRot":-13
"moves":[
{
"progress":"recoil"
"recoilTime":25
"y":-2
"x":-1
"rot":8
}
]
    }
		]
	}
	"coolantMultiplier": 0.8
	"liquidCapacity":50
	"inaccuracy":0
	"shootY":2
	"rotateSpeed":4
	"shake":3
	"recoil":4
	"recoilTime":40
	"cooldownTime":30
    "shootSound": "laser"
	"shootEffect": {
		"type": "WaveEffect",
		"lifetime": 12
		"interp": "circleOut",
		"sizeFrom": 0,
		"sizeTo":5
		"strokeFrom":2
		"strokeTo": 0,
		"colorFrom": "99e0ff",
		"colorTo": "c0ecff"
	}
	"shootType": {
		"type": "EmpBulletType",
		"sprite": "circle-bullet",
		"width": 6
		"height": 6
		"shrinkY": 0
		"speed":12
		"lifetime":32
		"damage":248.75
		"radius":30
		"splashDamageRadius":45
		"splashDamage":58
		"timeIncrease":1.25
		"powerDamageScl":1.2
		"unitDamageScl":1
		"hitUnits": true,
		"scaleLife": true,
		"status": "electrified",
		"statusDuration":45
		"frontColor": "99ecff",
		"backColor": "99e0ff",
		"trailLength": 12
		"trailWidth": 4
		"trailColor": "99e0ff",
		"trailChance": 0.38
		"trailInterval": 8
		"trailRotation": true,
		"trailEffect":
			{
			"type": "ParticleEffect",
			"particles": 4
			"region":"这是一个模组-菱形"
			"sizeFrom":3
			"sizeTo":0
			"sizeInterp": "pow10In",
			"interp": "pow5Out",
			"length": -35
			"baseLength": 0,
			"lifetime":51
			"colorFrom": "99e0ff",
			"colorTo": "99e0ff30"
			"spin":2
			"cone":29
		}
		"hitShake": 3
		"shootEffect": "hitEmpSpark",
		"smokeEffect": "shootBigSmoke2",
		"hitSound": "plasmaboom",
		"despawnEffect": {
			"type": "ParticleEffect",
			"particles": 5
			"line": true,
			"strokeFrom": 2
			"strokeTo": 0,
			"lenFrom": 12
			"lenTo": 1
			"length": 21
			"baseLength":2
			"lifetime": 20
			"colorFrom": "99e0ff",
			"colorTo": "99e0ff"
		},
		"hitEffect": {
			"type": "WaveEffect",
			"lifetime": 22
			"sizeFrom":0
			"sizeTo": 33
			"strokeFrom":4
			"strokeTo": 0,
			"colorFrom": "99e0ff",
			"colorTo": "99e0ff"
		}
	}
	"researchCostMultiplier": 2
	"requirements": [
	"titanium/525"
	"拟钢/180"
	"graphite/500"
	"plastanium/500"
	],
	"category": "turret",
	"research": "电离"
}