{
	"type": "PowerTurret",
	"name": "电离",
	"health": 1280
	"size":2
	"reload":32
	"range":260
	"consumes": {
	    "power":4.2
		"coolant": {
			"amount": 0.3
			"optional": true
		}
	}
	"coolantMultiplier": 0.4
	"liquidCapacity":20
	//"soundPitchMin": 0.2
	//"SoundPitchMax": 0.4
	"shoot": {
		"type": "ShootAlternate",
		"barrels": 2,
		"spread": 8
	},
	"inaccuracy": 4
	"shootY":6
	"rotateSpeed":4.5
	"shake": 2
	"recoil":3
	"recoilTime":40
	"cooldownTime":32
	"shootSound": "laser"
	"shootEffect": {
		"type": "WaveEffect",
		"lifetime": 20
		"interp": "circleOut",
		"sizeFrom": 0,
		"sizeTo":12.5
		"strokeFrom":5
		"strokeTo": 0,
		"colorFrom": "99e0ff",
		"colorTo": "c0ecff"
	}
"drawer": {
	"type": "DrawTurret",
	"parts":[
			{
				"type": "RegionPart",
				"suffix": "-管l",
				"under": true,
				"recoilIndex": 0,
				"moveY": -2
				"progress": "recoil",
				"heatProgress": "recoil"
			},
			{
				"type": "RegionPart",
				"suffix": "-管r",
				"under": true,
				"recoilIndex": 1,
				"moveY": -2
				"progress": "recoil",
				"heatProgress": "recoil"
			}
	]
}
    "recoils":2
	"shootType": {
		"type": "EmpBulletType",
				"sprite": "circle-bullet",
				"width": 6
				"height": 8
				"shrinkY": 0
				"speed":6
				"lifetime":44
				"damage":24.5
				"radius":16
				"splashDamageRadius":25
				"splashDamage": 10
				"timeIncrease":1.2
				"powerDamageScl":2
				"unitDamageScl": 1
				"hitUnits": true,
				"scaleLife": true,
				"status": "electrified",
				"statusDuration":30
				"frontColor": "99ecff",
				"backColor": "99e0ff",
				"trailLength": 12
				"trailWidth": 3
				"trailColor": "99e0ff",
				"trailChance": 0.33
				"trailInterval": 8
				"trailRotation": true,
				"trailEffect": {
				"type": "MultiEffect",
				"effects": [
				{
					"type": "ParticleEffect",
					"particles": 2
					"line": true,
					"strokeFrom": 1.3,
					"strokeTo": 1.3,
					"lenFrom": 13,
					"lenTo": 0,
					"sizeInterp": "pow10In",
					"interp": "pow5Out",
					"length": -80,
					"baseLength": 0,
					"lifetime": 32,
					"colorFrom": "99e0ff",
					"colorTo": "99e0ff30",
					"cone": 11
					}
				    {
					"type": "WaveEffect",
					"lifetime":19
					"sizeFrom":2
					"sizeTo":15
					"strokeFrom": 4
					"strokeTo": 0,
					"colorFrom": "99e0ff",
					"colorTo": "99e0ff20"
					}
				]
				},
				"hitShake": 1.5
				"shootEffect": "hitEmpSpark",
				"smokeEffect": "shootBigSmoke2",
				"hitSound": "plasmaboom",
				"despawnEffect": {
					"type": "ParticleEffect",
					"particles": 6
					"line": true,
					"strokeFrom": 3,
					"strokeTo": 0,
					"lenFrom": 12
					"lenTo": 0,
					"length": 20
					"baseLength": 3,
					"lifetime": 22,
					"colorFrom": "99e0ff",
					"colorTo": "99e0ff"
				},
				"hitEffect": {
							"type": "WaveEffect",
							"lifetime": 20
							"sizeFrom":5
							"sizeTo": 38
							"strokeFrom": 6,
							"strokeTo": 0,
							"colorFrom": "99e0ff",
							"colorTo": "99e0ff"
						},
	},
	"researchCostMultiplier": 2
	"requirements": [
	"拟钢/85"
	"copper/80"
	"graphite/65"
	"lead/75"
	],
	"category": "turret",
	"research": "静默"
}