{
	"type": "ItemTurret",
	"name": "铁幕",
	"health":32460
	"size":8
	"reload":15
	"range":720
	"shootSound": "boom"
	"shake":4
	"canOverdrive":false,
	"consumes": {
	"liquid":"water/2.2"
	"power":34.25
	},
	"itemCapacity":50
	"liquidCapacity":280
	"shoot": {
		"shots":8
		"shotDealy":4
		"type": "ShootAlternate",
		"barrels":5
		"spread":8
		"firstShotDelay":30
	}
"shootY":20
	"drawer": {
		"type": "DrawTurret",
		"parts": [
			{
"type":"RegionPart",
"mirror":false
"progress":"warmup"
"x":0,"y":-0,
"suffix":"-左"
"moveX":-1
"moveY":0
"moves":[
{
"progress":"recoil"
"recoilTime":20
"y":-4
"x":1
}
]
}
{
"type":"RegionPart",
"mirror":false
"progress":"warmup"
"x":0,"y":-0
"suffix":"-右"
"moveX":1
"moveY":0
"moves":[
{
"progress":"recoil"
"recoilTime":20
"y":-4
"x":1
}
]
}
		]
	},
	"recoils":4
		"ammoUseEffect": {
		"type": "MultiEffect",
		"effects": [
			{
				"type": "ParticleEffect",
				"particles": 1,
				"line": true,
				"interp": "pow10Out",
				"sizeInterp": "pow5In",
				"strokeFrom": 8,
				"strokeTo": 0,
				"lenFrom": 10,
				"lenTo": 0,
				"length": -48,
				"baseLength": -10,
				"randLength": false,
				"lifetime": 74,
				"colorFrom": "ff8c00",
				"colorTo": "ff8c00",
				"layer": 48
			},
			{
				"type": "ParticleEffect",
				"particles": 2,
				"sizeFrom": 5,
				"sizeTo": 0,
				"interp": "pow10Out",
				"sizeInterp": "pow10In",
				"length": -60,
				"baseLength": 0,
				"lifetime": 85,
				"colorFrom": "ff8c00",
				"colorTo": "ff8c00",
				"layer": 49
			}
		]
	},
	"targetGround": true,
	"targetAir": true,
	"recoilTime":30
	"recoil":5
	"ammoUseEffect": "casing3",
	"inaccuracy":15
	"rotateSpeed":3.5
	"ammoPerShot": 2
	"ammoTypes": {
		"聚变能": {
		"ammoMultiplier":5
		"type": "EmpBulletType",
		"shrinkY": 0
		"radius":38
		"timeIncrease":1.6
		"powerDamageScl":1.2
		"unitDamageScl": 2
		"hitUnits": true,
		"scaleLife": true,
		"status": "electrified",
		"statusDuration":20
		"frontColor": "99ecff",
		"backColor": "99e0ff",
		"trailLength": 13
		"trailWidth": 3
		"trailColor": "99e0ff",
		"trailChance": 0.5
		"trailInterval": 8
		"trailRotation": true,
		"trailEffect":
		{
			"type": "ParticleEffect",
			"particles": 3
			"region":"这是一个模组-菱形"
			"sizeFrom":7
			"spin":1
			"sizeTo":0
			"sizeInterp": "pow10In",
			"interp": "pow5Out",
			"length": -35
			"baseLength": 0,
			"lifetime":41
			"colorFrom": "99e0ff",
			"colorTo": "99e0ff30",
			"cone":28
		}
		"hitShake": 1
		"shootEffect":{
			"type": "MultiEffect",
				"effects": [
				    {
					"type": "WaveEffect",
					"lifetime":30
					"sizeFrom":2
					"sizeTo":22
					"strokeFrom": 5
					"strokeTo": 0,
					"colorFrom": "99ecff",
					"colorTo": "99e0ff20"
					}
			{
			"type": "ParticleEffect",
			"particles": 6
			"line": true,
			"strokeFrom":2
			"strokeTo": 2
			"lenFrom": 18
			"lenTo": 2
			"sizeInterp": "pow10In",
			"interp": "pow5Out",
			"length":50
			"baseLength":12
			"lifetime": 35
			"colorFrom": "c0ecff",
			"colorTo": "99ecff00",
			"cone":18
		}
	]
}
			"knockback":8
				"height": 18
				"width": 8
				"damage":119.75
				"shrinkY": 0,
				"weaveScale":8
				"weaveMag":0.4
				"keepVelocity": false,
				"absorbable": false,
				"homingDelay":5
				"homingPower": 0.025
				"homingRange":84.5
				"splashDamageRadius":50
				"splashDamage":82
				"sprite": "missile-large",
				"frontColor": "FFFFFF",
				"backColor": "99ecff",
				"trailLength": 40
				"trailWidth": 2
				"trailColor": "99ecff",
				"speed": 18
				"lifetime":40
				"light":3
				"lightColor":"99ecff"
				"lightDamage":18
				"hitEffect": {
				"type": "MultiEffect",
				"effects": [
				    {
					"type": "WaveEffect",
					"lifetime":30
					"sizeFrom":32
					"sizeTo":2
					"strokeFrom":3
					"strokeTo":2
					"colorFrom": "99ecff",
					"colorTo": "99e0ff20"
					}
					{
					"type": "ExplosionEffect",
					"lifetime":45
					"waveStroke":8
					"waveLife":38
					"waveRadBase": 8
					"waveColor": "99ecff80",
					"waveRad": 30,
					"smokes": 8
					"smokeColor": "c0ecff90",
					"sparkColor": "99ecff30",
					"sparks":8
					"sparkRad": 50
					"sparkStroke": 1.2
					"sparkLen": 5
				}
				]
				}
				"smokeEffect": "none",
				"hitSound": "plasmaboom",
				"fragBullets":2
				"fragVelocityMin":0.1
				"fragBullet": {
			//"healPercent": 3
			"speed":18
			"lifetime":8
			"width":0
			"height":0
			"knockback":0.8
			"splashDamageRadius":28
			"splashDamage":39.5
			"hitEffect":{
					"type": "WaveEffect",
					"lifetime":18
					"sizeFrom":5
					"sizeTo":20
					"strokeFrom": 3
					"strokeTo": 0,
					"colorFrom": "99ecff",
					"colorTo": "99e0ff20"
				}
			}
		}
	}
	"requirements": [
		"聚变能/2550",
		"graphite/1850"
		"拟钢/1550"
		"metaglass/1550"
		"plastanium/900",
		"铼铱合金/3200"
	],
	"category": "turret",
	"research": "电离"
}