{
	"type": "PowerTurret",
	"name": "静默",
	"health":420
	"size":1
	"reload":32
	"range":180
	"consumes": {
	"power":1.3
	"coolant": {
			"amount": 0.08
			"optional": true
		}
	}
	"drawer": {
	"type": "DrawTurret",
	"parts":[
			{
				"type": "RegionPart",
				"suffix": "-管",
				"under": true,
				"recoilIndex": 0,
				"moveY":-0.75
				"progress": "recoil",
				"heatProgress": "recoil"
			}
		]
	}
	"coolantMultiplier": 1
	"liquidCapacity":10
	"inaccuracy":5
	"shootY":3
	"rotateSpeed":7
	"shake":0.5
	"recoil":1
	"recoilTime":20
	"cooldownTime":15
    "shootSound": "laser"
	"shootEffect": {
		"type": "WaveEffect",
		"lifetime": 12
		"interp": "circleOut",
		"sizeFrom": 0,
		"sizeTo":5
		"strokeFrom":2
		"strokeTo": 0,
		"colorFrom": "99e0ff",
		"colorTo": "c0ecff"
	}
	"shootType": {
		"type": "EmpBulletType",
		"sprite": "circle-bullet",
		"width": 4
		"height": 4
		"shrinkY": 0
		"speed":5
		"lifetime":36
		"damage":18
		"radius":10
		"splashDamageRadius":10
		"splashDamage": 5
		"timeIncrease":1.1
		"powerDamageScl":1.2
		"unitDamageScl": 1
		"hitUnits": true,
		"scaleLife": true,
		"status": "electrified",
		"statusDuration":10
		"frontColor": "99ecff",
		"backColor": "99e0ff",
		"trailLength": 12
		"trailWidth": 3
		"trailColor": "99e0ff",
		"trailChance": 0.33
		"trailInterval": 8
		"trailRotation": true,
		"trailEffect":
		{
			"type": "ParticleEffect",
			"particles": 2
			"line": true,
			"strokeFrom": 1.3,
			"strokeTo": 1.3,
			"lenFrom": 13,
			"lenTo": 0,
			"sizeInterp": "pow10In",
			"interp": "pow5Out",
			"length": -20
			"baseLength": 0,
			"lifetime": 22
			"colorFrom": "99e0ff",
			"colorTo": "99e0ff30",
			"cone":9
		}
		"hitShake": 0.8
		"shootEffect": "hitEmpSpark",
		"smokeEffect": "shootBigSmoke2",
		"hitSound": "plasmaboom",
		"despawnEffect": {
			"type": "ParticleEffect",
			"particles": 5
			"line": true,
			"strokeFrom": 2
			"strokeTo": 0,
			"lenFrom": 10
			"lenTo": 0,
			"length": 15
			"baseLength":2
			"lifetime": 20
			"colorFrom": "99e0ff",
			"colorTo": "99e0ff"
		},
		"hitEffect": {
			"type": "WaveEffect",
			"lifetime": 10
			"sizeFrom":0
			"sizeTo": 18
			"strokeFrom":4
			"strokeTo": 0,
			"colorFrom": "99e0ff",
			"colorTo": "99e0ff"
		}
	}
	"researchCostMultiplier": 2
	"requirements": [
	"titanium/25"
	"copper/60"
	"graphite/15"
	"lead/25"
	],
	"category": "turret",
	"research": "叕叕叕双管炮"
}