{
	"name": "电工穹顶",
	"description": "利用电工钢将超速穹顶改造使其消耗电量即可运行",
	"type": "OverdriveProjector",
	"health": 1280,
	"size": 3,
	"range": 190,
	"phaseRangeBoost": 60,
	"speedBoostPhase": 0.8,
	"speedBoost": 2,
	"hasBoost": true,
	"useTime": 150,
	"consumes": {
		"power": 8,
		"items": {
			"items": [
				"phase-fabric/1"
			],
			"booster": true,
			"optional": true
		}
	},
	"requirements": [
	"lead/250",
	"silicon/200",
	"电工钢/120",
	"surge-alloy/180",
	//"phase-fabric/60",

	],
	"category": "effect"
	     "research": {
	"parent": "T-A1",
	"objectives": [
		{
			"type": "OnSector",
			"preset": "3号禁区"
		}
	]
}
}