{
	"type": "PowerTurret",
	"playerControllable": false,
   "description":"向外发射电磁波，干扰敌人的通讯系统",
	"name": "通讯雷达",
	"health": 5300,
	"armor": 11,
	"size": 6,
	"reload": 450,
	"targetGround": true,
	"targetAir": true,
	"canOverdrive": false,
	"range": 950,
	"recoil": 0,
	"customShadow": false,
	"shootY": 0,
	"shootSound": "雷达",	
	"shootCone": 400,
	"inaccuracy": 0,
    "rotateSpeed": 0,
	
	 "drawer": {
	"type": "DrawMulti",
	"drawers": [
		{
			"type": "DrawTurret",
	 "parts": [
	
	{
	"type": "HaloPart",
	"progress": "warmup",
	"rotateSpeed":  1,//转速
	"shapeRotation": 0,//形状转速
	"sides": 2,  //边
	"shapes": 20,//数量
	"color": "000000fc",
	"tri": true,
	"interp": "circleOut",
	"y":0,
	"hollow": true,
	"stroke": 1,
	"strokeTo": 1,
	"radius": 20,
	"radiusTo": 20,  //距离
	"triLength": 3,  //宽度
	"triLengthTo": 3, //宽度
	"haloRadius": 1,
	"haloRotation": 0,
	"haloRotateSpeed": 0,
	"layer": 110
}
]
}
]
}

	"ammoUseEffect": {
		"type": "WaveEffect",
		"lifetime": 110,
		"sizeFrom": 0,
		"sizeTo": 750,
		"strokeFrom": 8,
		"strokeTo": 0,
		"colorFrom": "FFFFFF",
		"colorTo": "ffffff"
	},
	"consumes": {
		"power": 75
	},
	"drawer": {
		"type": "DrawMulti",
		"drawers": [
			"DrawDefault",
			{
				"type": "DrawRegion",
				"suffix": "-t",
				"spinSprite": true,
				"rotateSpeed": 0.8
			},
			{
				"type": "DrawRegion",
				"suffix": "-顶",
				"spinSprite": true,
				"rotateSpeed": -0.5
			}
		]
	},
	"shootType": {
		"type": "BasicBulletType",
		"damage": 0,
		"speed": 0,
		"instantDisappear": true,
		"shootEffect": {
			"type": "WaveEffect",
			"lifetime": 110,
			"startDelay": 12,
			"sizeFrom": 0,
			"sizeTo": 720,
			"strokeFrom": 8,
			"strokeTo": 0,
			"colorFrom": "FFFFFF80",
			"colorTo": "ffffff80"
		},

		"smokeEffect": {
			"type": "WaveEffect",
			"lifetime": 110,
			"startDelay": 30,
			"sizeFrom": 0,
			"sizeTo": 720,
			"strokeFrom": 8,
			"strokeTo": 0,
			"colorFrom": "FFFFFF80",
			"colorTo": "ffffff80"
		},
		    "shootEffect": {       
				"type": "WaveEffect",
				"lifetime": 50,
				"sizeFrom": 1,
				"sizeTo": 80,
				"strokeFrom": 10,
				"strokeTo": 0,
				"colorFrom": "FFFFFF80",
				"colorTo": "FFFFFF80"
},

    "shootEffect": {       
				"type": "WaveEffect",
				"lifetime": 65,
				"sizeFrom": 1,
				"sizeTo": 110,
				"strokeFrom": 20,
				"strokeTo": 0,
				"colorFrom": "FFFFFF80",
				"colorTo": "FFFFFF80"
},
    "shootEffect": {       
				"type": "WaveEffect",
				"lifetime": 80,
				"sizeFrom": 1,
				"sizeTo": 130,
				"strokeFrom": 30,
				"strokeTo": 0,
				"colorFrom": "FFFFFF80",
				"colorTo": "FFFFFF80"
},
    "shootEffect": {       
				"type": "WaveEffect",
				"lifetime": 95,
				"sizeFrom": 1,
				"sizeTo": 150,
				"strokeFrom": 40,
				"strokeTo": 0,
				"colorFrom": "FFFFFF80",
				"colorTo": "FFFFFF80"
},
    "shootEffect": {       
				"type": "WaveEffect",
				"lifetime": 105,
				"sizeFrom": 1,
				"sizeTo": 180,
				"strokeFrom": 50,
				"strokeTo": 0,
				"colorFrom": "FFFFFF80",
				"colorTo": "FFFFFF80"
},
    "shootEffect": {       
				"type": "WaveEffect",
				"lifetime": 110,
				"sizeFrom": 1,
				"sizeTo": 210,
				"strokeFrom": 60,
				"strokeTo": 0,
				"colorFrom": "FFFFFF80",
				"colorTo": "FFFFFF80"
},

    "shootEffect": {       
				"type": "WaveEffect",
				"lifetime": 20,
				"sizeFrom": 80,	
				"sizeTo": 0,
				"strokeFrom": 80,
				"strokeTo": 0,
				"colorFrom": "FFFFFF80",
				"colorTo": "FFFFFF80"
},

		"splashDamageRadius": 1200,
        "splashDamage": 1,   
		"statusDuration": 280,		
		"status": "信号紊乱"
		"hitEffect": "none",
        "despawnEffect": "none",
	},
	"requirements": [
		"铁/1200",
		"metaglass/800",
		"silicon/1000",
		"电工钢/800",
		"压缩钢/700"
	],
	"category": "effect",
          "research": {
	"parent": "倾泻",
	"objectives": [
		{
			"type": "OnSector",
			"preset": "冰原壁垒"//冰原
		}
	]
}

}