{
"localizedName": "刺骨冰原",
"name": "刺骨冰原",
	"description": "一片寒冷到极点的冰原，这里的环境十分糟糕，几乎每天都有暴风雪，根据这里留下来的信息，得知了这里如此寒冷的环境却是由人为导致的，同时，我们也发现了一些重要资料，可供我们研发新科技，但是敌人似乎也要跟我们争夺，因此，他们已经派发了部队进攻我们，坚守住这里",
    "planet":"迫普思"//母星名字。
    "sector":105//区块坐标
    "captureWave":30//胜利波次
    "difficulty":6//难度1一5
    "research": {
		"parent": "荒废基地",
		"objectives": [
            {
				"type": "SectorComplete",
				"preset": "荒废基地"
			}
			]}
}