{
"localizedName": "异常枢纽",
"name": "异常枢纽",
	"description": "敌人在迫普思的一个基地，这里防守森严，还有我们从未见到过的炮台，以及这里的环境十分奇怪，我们降落在这里将会是一场苦战，这里敌人的单位工厂十分多，以及那密不透风的防御，加把劲占领这里",
	//"details":"",
    "planet":"迫普思"//母星名字。
    "sector":123//区块坐标
    //"captureWave":1//胜利波次
    "difficulty":10//难度1一5
    "research": {
		"parent": "伊甸园",
		"objectives": [
            {
				"type": "SectorComplete",
				"preset": "伊甸园"
			}
			]}
	"isLastSector": true
}