{
"localizedName": "生物实验室",
"name": "生物实验室",
	"description": "废弃的一个生物实验室，这里几乎被孢子占领，但这里有一些特殊的科技供我们研究，占领这里",
	//"details":"",
    "planet":"迫普思"//母星名字。
    "sector":200//区块坐标
    "captureWave":35//胜利波次
    "difficulty":7//难度1一5
    "research": {
		"parent": "孢子平原",
		"objectives": [
            {
				"type": "SectorComplete",
				"preset": "孢子平原"
			}
			]}
}