{
"localizedName": "荒废哨站",
"name": "荒废哨站",
	"description": "从刺骨冰原的一个坐标找到的哨站，但貌似已经荒废很久了，他们应该是被这里的原住民给击败的，但是与此同时，敌人已经追上来了，布置好防御，抵御敌人，占领该区块，收取有用的资料",
	//"details":"",
    "planet":"迫普思"//母星名字。
    "sector":40//区块坐标
    "captureWave":30//胜利波次
    "difficulty":8//难度1一5
    "research": {
		"parent": "刺骨冰原",
		"objectives": [
            {
				"type": "SectorComplete",
				"preset": "刺骨冰原"
			}
			]}
}