{
	"type": "ImpactReactor",
	"name": "超聚变反应堆",
	"description": "超聚变反应堆，提出超量能量，爆炸后你会看到盛大的烟花！！！(敌我建筑爆炸的烟花，主要是懒得上特效代码。)",
	"size": 7,
	"health":9999,
	"alwaysUnlocked": true
	"warmupSpeed": 0.0002,
	"hasItems": true,
	"itemCapacity": 1400,
	"hasLiquids":false,
	"outputsPower":true,
	"powerProduction": 1666666.6666,
	"itemDuration": 10,
	"explosionRadius":9999,	
    "explosionDamage":99999999,
	"lightColor":"FFFFFF",
    "updateEffect":
{"type": "MultiEffect",
	"lifetime": 30,
	"effects": [
	   {     
    "type": "ParticleEffect",
    "particles": 1,
    "sizeFrom": 64
    "sizeTo": 0
    "length": 16,
    "baseLength": 0,
    "lifetime": 60
    "colorFrom": "ffffff",
    "colorTo": "ffffff",
    "cone": 360
	   },
	   {     
    "type": "ParticleEffect",
    "particles": 1,
    "sizeFrom": 0,
    "sizeTo": 10,
    "length": 20,
    "baseLength": 12,
    "lifetime": 60,
    "colorFrom": "ffffff",
    "colorTo": "ffffff",
    "cone": 360
	   }
	   ]
	   },
	"consumes": {
	"power": 12,
	 "items": {	"items": [
	{"item": "超位物","amount": 1},
	]	 }
	"liquid": {
	"liquid": "water",
	"amount": 6	},
	},
	"requirements": [
   {"item": "thorium", "amount": 3600},
	{"item": "graphite", "amount": 6000},
	{"item": "silicon", "amount": 5400},
	{ "item": "surge-alloy", "amount": 2400 } ,
	{ "item": "phase-fabric", "amount": 2400 }
],
	"category": "power",
}