{
	"type": "GenericCrafter",
	"health": 450,
	"name": "钛炼制厂",
	"description": "用于炼制钛矿石。",
	"outputItem": {"item": "titanium", "amount": 2},
	"itemCapacity": 10,
	"size": 2,
	"hasPower": true,
	"hasLiquids": false,
	"hasItems": true,
	"craftTime": 90,
	"updateEffect": "mineBig",
	"consumes": {
	"power":2.5
	"items": {	"items": [
	{ "item": "钛矿石", "amount": 3 },
	{ "item": "coal", "amount": 1 }	]
		}
	},
	"requirements": [
		{ "item": "copper", "amount": 60 },
		{ "item": "graphite", "amount": 30 },
	    { "item": "lead", "amount": 50 },
	    "silicon/25"
	    "建筑废料/75"
		],
		    "drawer":{
        "type":"DrawMulti",
        "drawers":[
            "DrawDefault",
            ]
    },
	    "category": "crafting",
        "research": "铅炼制厂"
	"idleSound": "respawning",
	"idleSoundVolume": 0.2
}