{
	"type": "GenericCrafter",
	"health": 150,
	"name": "铅炼制厂",
	"description": "用于炼制铅矿石。",
	"outputItem": {"item": "lead", "amount": 1},
	"itemCapacity": 10,
	"size": 2,
	"hasPower": true,
	"hasLiquids": false,
	"hasItems": true,
	"craftTime": 90,
	"updateEffect": "mineBig",
	"consumes": {
	"items": {	"items": [
	{ "item": "铅矿石", "amount": 2 },	]
		}
	},
	"requirements": [
		{ "item": "copper", "amount": 20 },
		"建筑废料/35"
		],
		    "drawer":{
        "type":"DrawMulti",
        "drawers":[
            "DrawDefault",
            ]
    },
	    "category": "crafting",
        "research": "铜炼制厂"
	"idleSound": "respawning",
	"idleSoundVolume": 0.2
}