{
	"type": "GenericCrafter",
	"health": 150,
	"name": "铜炼制厂",
	"description": "用于炼制铜矿石。",
	"outputItem": {"item": "copper", "amount": 1},
	"itemCapacity": 10,
	"size": 2,
	"hasPower": true,
	"hasLiquids": false,
	"hasItems": true,
	"craftTime": 60,
	"updateEffect": "mineBig",
	"consumes": {
	"items": {	"items": [
	{ "item": "铜矿石", "amount": 2 },	]
		}
	},
	"requirements": [
		{ "item": "建筑废料", "amount": 25 },
		],
		    "drawer":{
        "type":"DrawMulti",
        "drawers":[
            "DrawDefault",
            ]
    },
	    "category": "crafting",
        "research": "core-shard"
	"idleSound": "respawning",
	"idleSoundVolume": 0.2
}