{
	"type":"flying",
	"faceTarget":true,

	"flying":true,
	"accel":0.3,"drag":0.05,

	"research":{
	"parent":"cloud",
	"requirements":[
	"chromium/1500",
	"silicon/1200"
	],
	"objectives":[
	"elementary-refabricator"
	]	},

	"immunities":[
	"wulfrum-amplify"
	],

	"hitSize":15,
	"engineSize":5,
	"engineOffset":8.95,
	"trailLength":5,
	"speed":0.975,
	"health":1035,
	"armor":4,
	"itemCapacity":20,
	"outlineColor":"2E2F34FF",

	"weapons":[
		{"name":"accumulation-weapon",
		"reload":90,
		"x":0,"y":0,
		"shootX":0,"shootY":12.5,
		"mirror":false,
		"top":false,
		"rotate":false,
		"recoil":2,

		"shootSound":"shockBlast",

		"shoot":{
		"type":"ShootHelix",
		"firstShotDelay":25
		"scl":4,
		"mag":2
		},

		"bullet":{
		"keepVelocity":false,
		"type":"basicBulletType",
		"sprite":"calamity-plasma",
		"damage":47,
		"width":12,
		"height":12,
		"speed":4,
		"lifetime":48.75,
		"homingDelay":10,
		"homingPower":0.00556,
		"homingRange":160,
		"splashDamageRadius":12,
		"splashDamage":20,


	"smokeEffect":"smokeCloud",

	"hitEffect":
	{"type":"WaveEffect",
	"lifetime":15,
	"sizeFrom":32,
	"sizeTo":32,
	"strokeFrom":7.5,
	"strokeTo":0,
	"colorFrom":"8598BFFF",
	"colorTo":"DEEDFFFF"
	},

	"chargeEffect":
		{"type":"ParticleEffect",
		"line":true,
		"particles":15,
		"lifetime":23,
		"length":35,
		"baseLength":-35,
		"cone":-360,
		"lenFrom":14,
		"lenTo":0,
		"colorFrom":"8598BFFF",
		"colorTo":"DEEDFFFF"
		},

	"shootEffect":
		{"type":"ParticleEffect",
		"line":true,
		"particles":3,
		"lifetime":20,
		"offset":50,
		"length":32,
		"cone":-45,
		"lenFrom":11,
		"lenTo":11,
		"colorFrom":"8598BFFF",
		"colorTo":"DEEDFFFF"
		},

		"frontColor":"8598BFFF",
		"backColor":"DEEDFFFF",
		"trailParam":2,
		"trailWidth":6,"trailLength":10,
		"trailEffect":"none",
		"trailColor":"8598BFFF"
	}	}	]
}