{
	"type":"payload",
	"payloadCapacity":640,
	"rotateSpeed":0.75,
	"flying":true,
	"accel":0.3,"drag":0.1,
	"faceTarget":false,
	"useEngineElevation":false,
	"lowAltitude":true,
	"outlineColor":"2E2F34FF",

	"engineSize":8,
	"engineOffset":33,
	"trailLength":10,

	"parts":[
	{"type":"HoverPart",
	"mirror":false,
	"x":0,"y":0,
	"radius":60,
	"phase":90,
	"stroke":2,
	"layerOffset":-0.001,
	"color":"C2FF43FF"
	}	],

	"hitSize":70,
	"itemCapacity":0,
	"speed":0.7,
	"health":19930,
	"armor":15,

	"research":{
	"parent":"mound",
	"requirements":[
	"chromium/60000",
	"iridium/30000",
	"osmium/30000",
	"metaglass/50000",
	"silicon/13000"
	"plastanium/50000",
	]
	"objectives":[
	"rudiment-assembler-module",
	"senior-refabricator",
		]	},

	"immunities":[
	"wulfrum-amplify"
	],

	"abilities":[
		{"type":"SuppressionFieldAbility",
		"x":0,"y":-1,
		"orbRadius":12,
		"particleSize":8,
		"particleColor":"84F491FF"
		"particles":6,
		"rotateScl":1,
		"color":"84F491FF"
	},
	{"type":"ShieldArcAbility",
	"radius":43,
	"angle":75,
	"angleOffset":45,
	"width":3.5,
	"regen":0.8,
	"cooldown":480,
	"max":1200,
	"x":0,"y":0,
	"whenShooting":false
	},
	{"type":"ShieldArcAbility",
	"radius":43,
	"angle":75,
	"angleOffset":315,
	"width":3.5,
	"regen":0.8,
	"cooldown":480,
	"max":1200,
	"x":0,"y":0,
	"whenShooting":false
	}	],

	"weapons":[
	{"name":"berg-weapon",
		"shootCone":360,
		"mirror":false,
		"top":true,
		"x":0,"y":-1,
		"reload":480,
		"recoil":0.5,
		"rotate":false,
		"shootSound":"plasmaboom",
		"shootStatus":"unmoving",
		"shootStatusDuration":90,
		"chargeSound":"lasercharge",
		"inaccuracy":360,

		"shoot":{
		"firstShotDelay":90
		"shotDelay":5
		"shots":5,
		},

		"bullet":{
		"keepVelocity":false,
		"type":"basicBulletType",
		"sprite":"calamity-plasma",
		"damage":215,
		"width":16,
		"height":16,
		"speed":5,
		"lifetime":81.5,
		"homingDelay":10,
		"homingPower":0.7,
		"homingRange":390,
		"splashDamageRadius":20,
		"splashDamage":210,
		"weaveScale":8,
		"weaveMag":4,
//		"drag":-0.08,

		"lightningColor":"84F491FF",
		"lightning":6,
		"lightningDamage":20,
		"lightningLength":5,
		"lightningCone":360,
		"lightningLengthRand":8

	"hitEffect":"healWave",
	"smokeEffect":"smokeCloud",

	"despawnEffect":
	{"type":"WaveEffect",
	"lifetime":15,
	"sizeFrom":48,
	"sizeTo":48,
	"strokeFrom":7.5,
	"strokeTo":0,
	"colorFrom":"84F491FF",
	"colorTo":"F2FFF3FF"
	},

		"chargeEffect":{
		"type":"multiEffect",
		"lifetime":80,
		"effects":[
		{"type":"WaveEffect",
		"lifetime":85,
		"sizeFrom":75,
		"sizeTo":0,
		"interp":"pow3In",
		"strokeFrom":0,
		"strokeTo":6,
		"colorFrom":"84F491FF",
		"colorTo":"F2FFF3FF",
		},
		{"type":"ParticleEffect",
		"line":true,
		"particles":5,
		"lifetime":80,
		"offset":50,
		"length":120,
		"baseLength":-120,
		"cone":360,
		"interp":"pow3In",
		"sizeInterp":"pow5Out",
		"strokeFrom":0,
		"strokeTo":2,
		"lenFrom":0,
		"lenTo":7,
		"colorFrom":"84F491FF",
		"colorTo":"F2FFF3FF",
		},
		{"type":"ParticleEffect",
		"line":true,
		"particles":5,
		"lifetime":70,
		"offset":50,
		"length":100,
		"baseLength":-100,
		"cone":360,
		"interp":"pow3In",
		"sizeInterp":"pow5Out",
		"strokeFrom":0,
		"strokeTo":2,
		"lenFrom":0,
		"lenTo":6,
		"colorFrom":"84F491FF",
		"colorTo":"F2FFF3FF",
		},
		{"type":"ParticleEffect",
		"line":true,
		"particles":5,
		"lifetime":60,
		"offset":50,
		"length":80,
		"baseLength":-80,
		"cone":360,
		"interp":"pow3In",
		"sizeInterp":"pow5Out",
		"strokeFrom":0,
		"strokeTo":2,
		"lenFrom":0,
		"lenTo":5,
		"colorFrom":"84F491FF",
		"colorTo":"F2FFF3FF",
		},
		{"type":"ParticleEffect",
		"particles":1,
		"sizeFrom":1,
		"sizeTo":14,
		"interp":"swingOut",
		"length":0,
		"lifetime":90,
		"colorFrom":"84F491FF",
		"colorTo":"F2FFF3FF",
		"cone":360
		},
		{"type":"ParticleEffect",
		"particles":1,
		"sizeFrom":1,
		"sizeTo":7,
		"interp":"swingOut",
		"length":0,
		"lifetime":90,
		"colorFrom":"FFFFFFF",
		"colorTo":"FFFFFFF",
		"cone":360
		}	]	},

	"shootEffect":
		{"type":"ParticleEffect",
		"particles":1,
		"sizeFrom":1,
		"sizeTo":9,
		"length":0,
		"lifetime":28,
		"colorFrom":"84F491FF",
		"colorTo":"F2FFF3FF",
		"cone":360
		},

	"frontColor":"84F491FF",
		"backColor":"F2FFF3FF",
		"trailParam":2,
		"trailWidth":8,"trailLength":12,
		"trailEffect":"none",
		"trailColor":"64CF8DAA",

		"fragBullets":2,
		"fragBullet":{
		"type":"FlakBulletType",
		"explodeRange":48,
		"collidesGround":true,
		"collidesAir":true,
		"damage":10,
		"splashDamage":150,
		"splashDamageRadius":60,
		"sprite":"calamity-mine",
		"status":"slow",
		"frontColor":"84F491FF",
		"backColor":"F2FFF3FF",
		"spin":0.2,
		"height":10,
		"width":10,
		"lifetime":600,
		"shrinkX":0.2,
		"shrinkY":0.2,
		"speed":3,
		"drag":0.04
		}	}	},

		{"name":"laser-gun",
		"layerOffset":1,
		"reload":60,
		"mirror":true,
		"top":true,
		"x":15,"y":-24.5,
		"shootY":7,
		"shake":2,
		"rotate":true,
		"rotateSpeed":5,
		"recoils":2,
		"alternate":true,

		"parts":[
		{"type":"RegionPart",
		"suffix":"-barrel-l",
		"under":true,
		"mirror":false,
		"moveY":-4,
		"progress":"recoil",
		"recoilIndex":1,
	"heatProgress":{
		"type":"recoil",
		"op":"blend",
		"amount":0,
		"other":0,
		"recoilIndex":1
		}	},
		{"type":"RegionPart",
		"suffix":"-barrel-r",
		"under":true,
		"mirror":false,
		"moveY":-4,
		"progress":"recoil",
		"recoilIndex":0,
	"heatProgress":{
		"type":"recoil",
		"op":"blend",
		"amount":0,
		"other":0,
		"recoilIndex":0
		}	}	],

		"shoot":{
		"type":"ShootAlternate",
		"barrels":2,
		"shots":1,
		"spread":9
		},

		"shootSound":"shotgun",
		"shootCone":45,

		"bullet":{
		"type":"LaserBulletType",
		"length":180,
		"width":15,
		"damage":75,
		"hitSize":10,
		"shootEffect":"lancerLaserShoot",
		"smokeEffect":"none",
		"colors":["64CF8DFF","84F491FF","F2FFF3FF"],
		"pierceCap":3,
		"sideAngle":120,
		"sideLength":5,
		"sideWidth":1.5,
		"status":"shocked",

	"shootEffect":{
		"type":"multiEffect",
		"effects":[
		{"type":"WaveEffect",
		"lifetime":30,
		"sizeFrom":0,
		"sizeTo":20,
		"strokeFrom":1.5,
		"strokeTo":0,
		"colorFrom":"36B1DDFF",
		"colorTo":"BAFFF9FF",
		},
		{"type":"ParticleEffect",
		"particles":5,
		"length":40,
		"lifetime":40,
		"interp":"circleOut",
		"sizeInterp":"pow5Out",
		"cone":15,
		"colorFrom":"36B1DDFF",
		"colorTo":"BAFFF9FF",
		"sizeFrom":6.5,
		"sizeTo":0
		}	]	}

		"hitEffect":{
		"type":"ParticleEffect",
		"line":true,
		"particles":7,
		"lifetime":20,
		"offset":50,
		"length":105,
		"cone":-60,
		"lenFrom":11,
		"lenTo":11,
		"colorFrom":"36B1DDFF",
		"colorTo":"BAFFF9FF",
		}	}	},

		{"name":"laser-gun",
		"layerOffset":1,
		"reload":60,
		"mirror":true,
		"top":true,
		"x":27,"y":-8.5,
		"shootY":7,
		"shake":2,
		"rotate":true,
		"rotateSpeed":5,
		"recoils":2,
		"alternate":true,

		"parts":[
		{"type":"RegionPart",
		"suffix":"-barrel-l",
		"under":true,
		"mirror":false,
		"moveY":-4,
		"progress":"recoil",
		"recoilIndex":1,
	"heatProgress":{
		"type":"recoil",
		"op":"blend",
		"amount":0,
		"other":0,
		"recoilIndex":1
		}	},
		{"type":"RegionPart",
		"suffix":"-barrel-r",
		"under":true,
		"mirror":false,
		"moveY":-4,
		"progress":"recoil",
		"recoilIndex":0,
	"heatProgress":{
		"type":"recoil",
		"op":"blend",
		"amount":0,
		"other":0,
		"recoilIndex":0
		}	}	],

		"shoot":{
		"type":"ShootAlternate",
		"firstShotDelay":30,
		"barrels":2,
		"shots":1,
		"spread":6
		},

		"shootSound":"shotgun",
		"shootCone":45,

		"bullet":{
		"type":"LaserBulletType",
		"length":180,
		"width":15,
		"damage":75,
		"hitSize":10,
		"shootEffect":"lancerLaserShoot",
		"smokeEffect":"none",
		"colors":["64CF8DFF","84F491FF","F2FFF3FF"],
		"pierceCap":3,
		"sideAngle":120,
		"sideLength":5,
		"sideWidth":1.5,
		"status":"shocked",

	"shootEffect":{
		"type":"multiEffect",
		"effects":[
		{"type":"WaveEffect",
		"lifetime":30,
		"sizeFrom":0,
		"sizeTo":20,
		"strokeFrom":1.5,
		"strokeTo":0,
		"colorFrom":"36B1DDFF",
		"colorTo":"BAFFF9FF",
		},
		{"type":"ParticleEffect",
		"particles":5,
		"length":40,
		"lifetime":40,
		"interp":"circleOut",
		"sizeInterp":"pow5Out",
		"cone":15,
		"colorFrom":"36B1DDFF",
		"colorTo":"BAFFF9FF",
		"sizeFrom":6.5,
		"sizeTo":0
		}	]	}

		"hitEffect":{
		"type":"ParticleEffect",
		"line":true,
		"particles":7,
		"lifetime":20,
		"offset":50,
		"length":105,
		"cone":-60,
		"lenFrom":11,
		"lenTo":11,
		"colorFrom":"36B1DDFF",
		"colorTo":"BAFFF9FF",
		}	}	}
	]
}