{
	"type":"hover",//悬浮
	"flying":false,
	"hovering":true,
	"accel":0.09,"drag":0.07,
	"faceTarget":true,
	"useEngineElevation":false,
	"canDrown":false,
	"lowAltitude":false,
	"outlineColor":"2E2F34FF",//边框颜色

	"engineSize":2,//引擎尺寸
	"engineOffset":4,//
	"trailLength":7,//尾迹长

	"parts":[
	{"type":"HoverPart",
	"mirror":false,//是否镜像显示
	"x":0,"y":0,//平面坐标位置
	"radius":12,
	"phase":90,
	"stroke":3,
	"layerOffset":-0.001,
	"color":"C2FF43FF"
	}	]
	"research":{
	"parent":"air-manufacturer",
	"requirements":[
	"nickel/1500",
	"silicon/1800"
	]	},

	"hitSize":8,
	"rotateSpeed":4,
	"itemCapacity":0,
	"canDrown":false,
	"buildSpeed":0,
	"speed":1,
	"health":720,
	"armor":2,
	"range":120,

	"immunities":[
	"wulfrum-amplify"
	],

	"weapons":[
		{"name":"dust-weapon",
		"reload":40,
		"x":4.25,"y":-3.5,
		"mirror":true,
		"rotate":false,
		"shootSound":"mineDeploy",
		"ejectEffect":"casing1",

		"bullet":{
		"damage":20,
		"width":12,"height":12,
		"speed":6,"lifetime":20
		"frontColor":"84F491FF",
		"backColor":"64CF8DAA",

		"hitSound":"explosion",

		"trailParam":2,
		"trailWidth":3,"trailLength":10,
		"trailEffect":"none",
		"trailColor":"64CF8DAA",

		"shootEffect":{
		"type":"WaveEffect",
		"lifetime":10,
		"sizeFrom":0,
		"sizeTo":15,
		"colorFrom":"84F491FF",
		"colorTo":"64CF8DAA"
		"strokeFrom":1.5,
		"strokeTo":0},

	"hitEffect":{//碰撞特效
		"type":"WaveEffect",
		"lifetime":25,//存在时间
		"sizeFrom":0,
		"sizeTo":20,
		"colorFrom":"84F491FF",
		"colorTo":"64CF8DAA"
		"strokeFrom":3.5,
		"strokeTo":0,
		}

	"despawnEffect":{
		"type":"WaveEffect",
		"lifetime":25,
		"sizeFrom":0,
		"sizeTo":20,
		"colorFrom":"84F491FF",
		"colorTo":"64CF8DAA"
		"strokeFrom":3.5,
		"strokeTo":0,
		}	}	}	]
}