{
	"type":"flying",
	"controller":"BuilderAI",
	"flying":true,
	"accel":0.02,"drag":0.04,

	"research":{
	"parent":"gather",
	"requirements":[
	"chromium/1500",
	"silicon/1200"
	],
	"objectives":[
	"elementary-refabricator",
	]	},

	"immunities":[
	"wulfrum-amplify"
	],

	"mineItems":["nickel","tungsten","chromium"],

	"hitSize":8.875,
	"engineSize":3,
	"engineOffset":6,
	"trailLength":5,
	"speed":3.75,
	"health":1085,//血量
	"itemCapacity":40,//物品容量
	"mineSpeed":1.1,//挖矿速度
	"mineTier":5,//挖矿等级
	"armor":5,
	"outlineColor":"2E2F34FF",

	"weapons":[
		{"name":"patrol-weapon",
		"type":"RepairBeamWeapon",
		"top":false,
		"x":0,"y":4,
		"shootY":3,//
		"rotationLimit":30,
		"rotateSpeed": 1,
		"rotate": true,//旋转
		"rotateSpeed":6,
		"mirror":false,//镜像
		"widthSinMag":0.11,
		"reload":25,
		"beamWidth":0.7,
		"shootCone":40,//射击角度
		"repairSpeed":1,//一次治疗血量
		"fractionRepairSpeed":0.05,//百分比治疗加速倍率
		"laserColor":"84F491FF",//激光颜色
		"healColor":"84F491FF",//治愈颜色
		"targetUnits":false,//碰撞单位
		"targetBuildings":true,
		"autoTarget":false,
		"controllable":true,
		"bullet":{
		"maxRange":50,
	}	}	]
}