{
	"name": "盾构机",
	"description": "对矿物进行挖掘，消耗大量电力可，选择使用冷却液进行加速",
	"details":"盾构机是酱紫给你用的？"
	"type": "BurstDrill",
	"health": 1550,
	"size": 4,
	"tier": 10,
	"arrowOffset": 0,
    "arrowSpacing": 0.5,
    "arrows": 12,
	"itemCapacity": 100,
	"liquidCapacity": 60,
	"canOverdrive": true,
	"drawRim":true,
	"hasItems": true,
	"drillTime": 60,
    "drillEffect": {"type": "MultiEffect",
    "effects": [
{"type": "ParticleEffect",
    "particles": 5,
    "sizeFrom": 19,
    "sizeTo": 0,
    "interp": "fastSlow",
    "length": 35,
    "baseLength": 8,
    "lifetime": 55,
    "colorFrom": "737373",
    "colorTo": "737373",
    "cone": 360},
{"type": "ParticleEffect",
    "particles": 20,
    "line":true,
    "length": 43,
    "baseLength": 3,
    "lifetime": 20,
    "colorFrom": "FFFFFF",
    "colorTo": "FFE176",
    "cone": 360},
{"type": "ParticleEffect",
    "particles": 1,
    "sizeFrom": 0,
    "sizeTo": 30,
    "length": 0,
    "baseLength": 0,
    "lifetime": 14,
    "colorFrom": "FFFFFF80",
    "colorTo": "FFFFFF00",
    "cone": 360},
{"type": "WaveEffect",
    "lifetime": 14,
    "sizeFrom": 0,
    "sizeTo": 30,
    "strokeFrom":2,
    "strokeTo": 0,
    "colorFrom": "FFFFFFFF",
    "colorTo": "FFFFFF00"}]},
    "liquidBoostIntensity":6,
	"consumes": {
	"power":45,
    "liquid": {
    "liquid": "冷却液",
    "amount": 0.5,
	"optional": true
	"booster": true    }
	},
	"requirements": [
 		{ "item": "copper", "amount": 250 },
		{ "item": "graphite", "amount": 405 },
		{ "item": "titanium", "amount": 200  },
		{ "item": "silicon", "amount": 250 }
	],
	"category": "production",
	"research": "量子钻头"
}
