{
	"type": "GenericCrafter",
	"name": "T2电路板刻印厂",
	"description": "迈向更光明的未来",
	"health":300,
	"itemCapacity":20,
	"outputItem": {"item": "复合电路板","amount":2 },
	"size":3,
	"hasPower": true,
	"hasItems": true,
	"craftTime":100,
	"consumes": {
		"power":4,
		"items": {
			"items": [		
				{ "item": "基础电路板", "amount":2},
				{ "item": "塑料", "amount":4},
				{ "item": "silicon", "amount":2},
			]
		}
	},
    "buildCostMultiplier":0.5,
    //建筑速度倍率	
	"requirements": [
		{ "item": "钛合金", "amount":100 },
		{ "item": "silicon", "amount":100},
		{ "item": "钢铁", "amount":100},		
		{ "item": "基础电路板", "amount":50 },	
	],
"drawer":{
    "type":"DrawMulti",
    "drawers":[
        "DrawDefault",
                ]
        },
	"category": "crafting",
	"research": "电路板刻印厂",
	"idleSound": "respawning",
	"idleSoundVolume": 0.2
}
