{
//	"type": "GenericCrafter",
	"name": "复合刻印厂",
	"description": "我们需要整合我们繁杂的生产线\n迈向更光明的未来，可以快速生产低级的电路板",
	"health":500,
	"itemCapacity":800,
	"size":3,
	"hasPower": true,
	"hasItems": true,
	"hasliquid": true,	
    "buildCostMultiplier":0.1,
    //建筑速度倍率	
	"requirements": [
		{ "item": "silicon", "amount":200},
		{ "item": "合金钢", "amount":100},		
		{ "item": "复合电路板", "amount":100 },	
		{ "item": "SMX", "amount":20 },		
	],
			"drawer":{
        "type":"DrawMulti",
        "drawers":[
            {
				"type":"DrawDefault"
			},
			{
				"type":"DrawRegion",
				//这个type允许新增旋转贴图
				//当然，旋转速度设为0也可以新增静态贴图
				"suffix":"-1",
				//"贴图后缀"
				"rotateSpeed":10
				//贴图旋转速度
			},	
            ]
    },
	"category": "crafting",
	"research": "T2电路板刻印厂",
	"idleSound": "respawning",
	"idleSoundVolume": 0.2
}
