{
    "name":"基础核心"//名字
	"description":"基础型号的核心，适用于任何星球，",//介绍
	"details":"任何事从这里开始，最后从这里消失  "
	"itemCapacity":1000,
	//容量
	"armor":3,
	"alwaysUnlocked":true,
	//开局解锁
	"hasItems": true,
	//是否可以存有物品
	"health":3800,
	//生命
	"unitCapModifier":10,
	//最大单位数量
	"unitType":"阿尔法",
	//出生机甲
	"size":1,
	//占地边长支持1~9对应贴图1x1=32x32像素.
	"requirements": [
	    "压缩铜/800",
	    ],
	    //建造消耗。
	"category": "effect",
	"breakable": true,
	//菜单栏类别
	//"research": "core-"
	//科技树
}