{
	"name": "螺旋钻机",
	"description": "放置在矿物上以进行挖掘。\n铜制钻头能力有限，只能挖掘基础资源",
	"details":"我的钻头是突破地心的钻头！",
	"type": "Drill",
	"size": 2,
	"tier": 2,//等级
	"health": 250,
	"alwaysUnlocked":true,//科技树默认解锁
	"drillTime": 480,//挖掘时间（60*钻机占格/挖掘时间=挖掘物品/s）
	"rotateSpeed":2,//旋转速度
	"warmupSpeed":2,//准备时间
	"itemCapacity": 10,//物品容量
	"liquidCapacity": 5,//液体容量
	"canOverdrive": true,
	"drawRim":false,
	"hasItems": true,
	"updateEffect": "mineSmall",
	"liquidBoostIntensity": 1.55,
	"consumes": {
	"liquid": {
       "liquid": "water",
       "amount": 0.05,
       "booster": true,
       "optional": true
        }
	},
	"requirements": [
		{ "item": "copper", "amount": 12 }
	],
	"category": "production",
	"research": "先遣核心"
}