{
	//"type": "WallCrafter",//类型,墙壁钻头
	"category": "production",//菜单栏
	"name":"切叶机",//名字
	"description":"从植被茂密的墙壁上剪切纤维织物。",//介绍
	"research": {
	"parent": "a螺旋钻机"//科技树前置
	"objectives":[
	{
	"type": "SectorComplete",//占领地图
	"preset":"野性之心-走迷宫"//地图名
	},]},
	"requirements": [//建造花费
	"copper/60","钢铁/25"],
	"consumes":{//运作消耗
		"power":0.3333333333333333//电,帧
		/*"liquid": {//液体
		"liquid": "water", "amount": 0.003,//液体消耗
		"booster":true,//加速
		"optional": true//可选
		}*/	},
	"output":"纤维织物",//产出
	"itemCapacity":10,//物品容量
	/*"liquidCapacity":10,//液体容量*/
	"size":2,//平方大小
	"health":220,//血量
	"fogRadius":2,//
	"drillTime":240,//挖掘时间
	"hasShadow":true//
}