{
   "type": "GenericCrafter",
   "name": "废料转化器",
   "description": "把废料转化成煤。",
   "details": "",
   "liquidCapacity": 20,
   "outputItem": "coal/2",
   "size": 2,
   "hasPower": true,
   "hasLiquids": false,
   "hasItems": true,
   "craftTime": 72,
   "consumes": {
      "power": 0.93,
      "items": {
         "items": [
            "scrap/4"
         ]
      }
   },
   "requirements": [
      "silicon/30",
      "graphite/50",
      "钛板/60"
   ],
   "category": "crafting",
   "research": "沙子分拣器",
   "craftEffect": "formsmoke",
   "updateEffect": "smeltsmoke",
   "updateEffectChance": 0.04,
   "drawer": [
      {
         "type": "DrawDefault"
      },
      {
         "type": "DrawMulti"
      },
      {
         "type": "DrawFlame",
         "flameColor": "BF9A86FF"
      }
   ]
}