{
   "name": "高能粉碎机",
   "type": "GenericCrafter",
   "description": "将物品碾碎成废料",
   "itemCapacity": 20,
   "health": 310,
   "size": 2,
   "hasPower": true,
   "hasItems": true,
   "craftTime": 25,
   "craftEffect": "smeltsmoke",
   "drawer": [
      {
         "type": "DrawDefault"
      },
      {
         "type": "DrawRegion",
         "suffix": "-top"
      },
      {
         "type": "DrawRegion",
         "suffix": "-转",
         "spinSprite": true,
         "rotateSpeed": 8
      }
   ],
   "consumes": {
      "power": 3,
      "itemFlammable": {
         "minFlammability": 0.0,
         "amount": 2
      }
   },
   "liquidCapacity": 40,
   "outputItem": "scrap/3",
   "requirements": [
      "塑料/35",
      "铜板/50",
      "lead/100"
   ],
   "category": "crafting",
   "research": "废料粉碎机"
}