{
    "description":"
    简介：攻击与防御皆备的单位。
	类型：前线单位
	火力评估：5
	炮数：主/1
    ",
    "name": "曙光",
    "canBoost": true,
    "speed": 1,
    "hitSize": 15,
    "health": 2000,
    "armor": 5,
    "drag": 0.5,
    "mineSpeed": 2,
    "mineTier": 30,
    "buildSpeed": 5,
    "rotateSpeed": 3.5,

    "itemCapacity": 1000,
    "boostMultiplier": 2.8,
    "commandLimit": 10,
    "research": "基础单位构建工厂",
    "rotateShooting": true,
    "weapons": [
    	{
    	"shootSound": "laserblast",
    	"chargeSound": "lasercharge",
    	"reload": 120,
    	"soundPitchMin": 1,
    	"top": false,
    	"mirron": false,
    	"shake": 2,
    	"shootY": 2,
    	"x": 0,
    	"y": 0,
    	"cooldownTime": 100,
    	"shootStatusDuration": 60,
    	"shootStatus": "unmoving",
    	"lifetime": 10,
    	"name": "none",
        "bullet": {
        	"type": "LaserBulletType",
        	"length": 200,
        	"damage": 55,
        	"width": 20,
        	"lightningSpacing": 35,
        	"lightningLength": 1.2,
        	"lightningDelay": 1.1,
        	"lightningLengthRand": 6,
        	"lightningDamage": 15,
        	"largeHit": true,
        	"lightColor": "DBDBDB",
        	"shootEffect": "none",
        	"healPercent": 15,
        	"collidesTeam": true,
        	"sideAngle": 25,
        	"sideWidth": 12,
        	"sideLength": 16
            }
    	}
    ]
}

/*
        arkyid = new UnitType("arkyid"){{
            drag = 0.1f;
            speed = 0.5f;
            hitSize = 21f;
            health = 8000;
            armor = 6f;

            rotateSpeed = 2.7f;

            legCount = 6;
            legMoveSpace = 1f;
            legPairOffset = 3;
            legLength = 30f;
            legExtension = -15;
            legBaseOffset = 10f;
            landShake = 1f;
            legSpeed = 0.1f;
            legLengthScl = 0.96f;
            rippleScale = 2f;
            legSpeed = 0.2f;
            ammoType = AmmoTypes.power;
            
            

            legSplashDamage = 32;
            legSplashRange = 30;

            hovering = true;
            allowLegStep = true;
            visualElevation = 0.65f;
            groundLayer = Layer.legUnit;




        /*
        pulsar = new UnitType("pulsar"){{
            canBoost = true;
            boostMultiplier = 1.6f;
            speed = 0.7f;
            hitSize = 10f;
            health = 300f;
            buildSpeed = 0.9f;
            armor = 4f;

            mineTier = 2;
            mineSpeed = 5f;
            commandLimit = 8;

            abilities.add(new ShieldFieldAbility(20f, 40f, 60f * 5, 60f));
            ammoType = AmmoTypes.power;

            weapons.add(new Weapon("heal-shotgun-weapon"){{
                top = false;
                x = 5f;
                shake = 2.2f;
                y = 0.5f;
                shootY = 5f;

                shootY = 2.5f;
                reload = 38f;
                shots = 3;
                inaccuracy = 35;
                shotDelay = 0.5f;
                spacing = 0f;
                ejectEffect = Fx.none;
                recoil = 2.5f;
                shootSound = Sounds.pew;
                "weapons":[{
                    "name": "曙光炮",
                    "shake": 1.56,
                    "shootY": 2.68,
                    "reload": 20,
                    "shots": 5,
                    "inaccuracy": 15,
                    "shotDelay": 1.5,
                    "spacing": 2.68,
                    "ejectEffect": "none",
                    "recoil": 2.5,
                    "shootSound": "激光枪音效",
                    "bullet": {
                        "type": "LightningBulletType",
                        "lightningColor": "FFFFFF"
                        "lightningLength": 25,
                        "lightningLengthRand": 15,
                        "shootEffect": "shootHeal",
                    }
                    
                }]

                bullet = new LightningBulletType(){{
                    lightningColor = hitColor = Pal.heal;
                    damage = 15f;
                    lightningLength = 7;
                    lightningLengthRand = 7;
                    shootEffect = Fx.shootHeal;
                }};
            }});
        }};
        */
        /*
                    weapons.add(new Weapon("corvus-weapon"){{
                shootSound = Sounds.laserblast;
                chargeSound = Sounds.lasercharge;
                soundPitchMin = 1f;
                top = false;
                mirror = false;
                shake = 14f;
                shootY = 5f;
                x = y = 0;
                reload = 350f;
                recoil = 0f;

                cooldownTime = 350f;

                shootStatusDuration = 60f * 2f;
                shootStatus = StatusEffects.unmoving;
                firstShotDelay = Fx.greenLaserCharge.lifetime;
    "weapons": [
    	{
    	"shootSound": "laserblast",
    	"chargeSound": "lasercharge",
    	"soundPitchMin": 1,
    	"top": false,
    	"mirron": false,
    	"shake": 2,
    	"shootY": 2,
    	"x": 0,
    	"y": 0,
    	"cooldownTime": 120,
    	"shootStatusDuration": 10,
    	"shootStatus": "unmoving",
    	"lifetime": 10,
    	"firstShotDelay": "greenLaserCharge",
    	"name": "曙光炮",
        "bullet": {
        	"type": "LaserBulletType",
        	"length": 200,
        	"damage": 60,
        	"width": 20,
        	"lightningSpacing": 65,
        	"lightningLength": 10,
        	"lightningDelay": 1.2,
        	"lightningLengthRand": 16,
        	"lightningDamage": 20,
        	"largeHit": true,
        	"lightColor": "heal",
        	"shootEffect": "greenLaserCharge",
        	"healPercent": 5,
        	"collidesTeam": true,
        	"sideAngle": 15,
        	"sideWidth": 0,
        	"sideLength": 0
            }
    	}
    ]










                bullet = new LaserBulletType(){{
                    length = 460f;
                    damage = 560f;
                    width = 75f;

                    lifetime = 65f;
        "bullet": {
        	"type": "LaserBulletType",
        	"length": 200,
        	"damage": 60,
        	"width": 20,
        	"lightningSpacing": 65,
        	"lightningLength": 10,
        	"lightningDelay": 1.2,
        	"lightningLengthRand": 16,
        	"lightningDamage": 20,
        	"largeHit": true,
        	"lightColor": "heal",
        	"shootEffect": "greenLaserCharge",
        	"healPercent": 5,
        	"collidesTeam": true,
        	"sideAngle": 15,
        	"sideWidth": 0,
        	"sideLength": 0
        }

                    lightningSpacing = 35f;
                    lightningLength = 5;
                    lightningDelay = 1.1f;
                    lightningLengthRand = 15;
                    lightningDamage = 50;
                    lightningAngleRand = 40f;
                    largeHit = true;
                    lightColor = lightningColor = Pal.heal;

                    shootEffect = Fx.greenLaserCharge;

                    healPercent = 25f;
                    collidesTeam = true;

                    sideAngle = 15f;
                    sideWidth = 0f;
                    sideLength = 0f;
                    colors = new Color[]{Pal.heal.cpy().a(0.4f), Pal.heal, Color.white};
                }};
            }});
        }};
        */