{
	    "description":"
	简介：强大的建造/采集能力，战斗力也不弱。
	类型：工程机甲/中等单位
	火力评估：6
	炮数：主/2
	",
    "name": "黎明",
        "flying": true,
    "isCounted": false,
        "mineSpeed": 1000,
    "mineTier": 1000,
        "buildSpeed": 1000,
    "drag": 0.2,
        "speed": 3,
    "rotateSpeed": 7,
        "accel": 5,
    "itemCapacity": 800,
        "health": 1800,
    "engineOffset": 11,
        "hitSize": 18,
    "commandLimit": 50,
        "lowAltitude": true,
    "research": "曙光",
        "outlineIcon": true,
    "armor": 1,
        "trailLength": 10,
        "weapons": [{
            "y": 0,
            "x": 0,
            "name": "黎明炮",
            "shake": 0,
            "shootY": 0,
            "shootX": 0,
            "reload": 80,
            "shots": 2,
            "inaccuracy": 15,
            "shotDelay": 0.5,
            "ejectEffect": "hitLaser",
            "recoil": 1.5,
            "shootSound": "missile",
            "occlusion": 1,
            "mirror": false,
            "outlineIcon": true,
                    "bullet": {
                    	"type": "BasicBulletType",
                    	"keepVelocity":false,
                    	"collidesTiles":true,
                    	"collides":true,
                    	"collidesAir":true,
                    	"bulletShrink":0,
                    	"width": 20,
                    	"length": 20,
                    	"height": 20,
                    	"damage": 30,
                    	"speed": 8,
                    	"fromColor": "FEB380FF",
                    	"toColor": "FEB380FF",
                    	"shootEffect": "sparkShoot",
                    	"trailEffect": "incendTrail",
                    	"lifetime": 55,
                    	"hitEffect": 10,
                    	"knockback": 8,
                    	"backColor":"FEB380FF",
                    	"fontColor":"EA8878FF",
                    	"heatColor":"EA8878FF",
                    	"trailColor":"EA8878FF",
                    	"homingPower": 90,
                    	"homingRange": 200,
                    	"fragBullets": 3,
                    	"fragBullet": {
                    		"type": "ArtilleryBulletType",
                    		"speed": 5,
                    		"hitEffect": 2.5,
                    		"knockback": 0.2,
                    		"lifetime": 120,
                    		"width": 5,
                    		"height": 5,
                    		"damage": 15,
                    		"backColor":"FEB380FF",
                    		"fontColor":"FEB380FF",
                    		"heatColor":"EA8878FF",
                    		"trailColor":"EA8878FF",
                    		"homingPower": 80,
                    		"homingRange": 200,
                    		"collidesTiles": true,
                    		"splashDamageRadius": 40,
                    		"splashDamage": 20,
                    		"smokeEffect": "none",
                    		"weaveScale": 8,
                    		"weaveMag": 3,
                    		"hitShake": 0.2
                }
            }
        }
    ]
}





               /* 
               bullet = new ArtilleryBulletType(3f, 50){{
                    hitEffect = Fx.sapExplosion;
                    knockback = 0.8f;
                    lifetime = 80f;
                    width = height = 25f;
                    collidesTiles = collides = true;
                    ammoMultiplier = 4f;
                    splashDamageRadius = 90f;
                    splashDamage = 75f;
                    backColor = Pal.sapBulletBack;
                    frontColor = lightningColor = Pal.sapBullet;
                    lightning = 5;
                    lightningLength = 20;
                    smokeEffect = Fx.shootBigSmoke2;
                    hitShake = 10f;

                    status = StatusEffects.sapped;
                    statusDuration = 60f * 10;

                    fragLifeMin = 0.3f;
                    fragBullets = 9;
                    "bullet": {
                        "type": "ArtilleryBulletType",
                        "hitEffect": "sapExplosion",
                        "knockback": 0.5,
                        "lifetime": 180,
                        "width": 10,
                        "height": 10,
                        "collidesTiles": true,
                        "collides": true,
                        "ammoMultiplier": 2,
                        "splashDamageRadius": 30,
                        "splashDamage": 10,
                        "backColor": "pal.sapBulletBack",
                        "frontColor": "lightningColor",
                        "lightning": 3,
                        "lightningLength": 5,
                        "smokeEffect": "shootBigSmoke2",
                        "hitShake": 0.2,
                        "fragLifeMin": 0.1,
                        "fragBullets": 3,
                        "fragBullet": {
                            "type": "ArtilleryBulletType",
                            "hitEffect": 0.1,
                            "knockback": 0.2
                            "lifetime": 90,
                            "width": 5,
                            "height": 5,
                            "collidesTiles": false,
                            "splashDamageRadius": 30,
                            "splashDamage": 5,
                            "backColor": "sapBulletBack",
                            "frontColor": "lightningColor",
                            "lightning": 3,
                            "lightningLength": 5,
                            "smokeEffect": "shootBigSmoke2"
                            "hitShake": 3,
                            "status": "sapped",
                            "statusDuration": 5,
                        }
                    }



            defaultController = BuilderAI::new;
            isCounted = false;
            flying = true;
            mineSpeed = 6f;
            mineTier = 1;
            buildSpeed = 0.5f;
            drag = 0.05f;
            speed = 2.8f;
            rotateSpeed = 15f;
            accel = 0.1f;
            itemCapacity = 30;
            health = 120f;
            engineOffset = 6f;
            hitSize = 8f;
            commandLimit = 3;
            
            
            
                        "name": "黎明",
            "flying": true,
            "isCounted": false,
            "mineSpeed": 1000,
            "mineTier": 1000,
            "buildSpeed": 1000,
            "drag": 0.05,
            "speed": 3.2,
            "rotateSpeed": 15,
            "accel": 0.1,
            "itemCapacity": 2800,
            "health": 600,
            "engineOffset": 7,
            "hitSize": 5,
            "commandLimit": 100,






/*

                    fragBullet = new ArtilleryBulletType(2.3f, 30){{
                        hitEffect = Fx.sapExplosion;
                        knockback = 0.8f;
                        lifetime = 90f;
                        width = height = 20f;
                        collidesTiles = false;
                        splashDamageRadius = 80f;
                        splashDamage = 40f;
                        backColor = Pal.sapBulletBack;
                        frontColor = lightningColor = Pal.sapBullet;
                        lightning = 2;
                        lightningLength = 5;
                        smokeEffect = Fx.shootBigSmoke2;
                        hitShake = 5f;

                        status = StatusEffects.sapped;
                        statusDuration = 60f * 10;
                        
/*
        arkyid = new UnitType("arkyid"){{
            drag = 0.1f;
            speed = 0.5f;
            hitSize = 21f;
            health = 8000;
            armor = 6f;

            rotateSpeed = 2.7f;

            legCount = 6;
            legMoveSpace = 1f;
            legPairOffset = 3;
            legLength = 30f;
            legExtension = -15;
            legBaseOffset = 10f;
            landShake = 1f;
            legSpeed = 0.1f;
            legLengthScl = 0.96f;
            rippleScale = 2f;
            legSpeed = 0.2f;
            ammoType = AmmoTypes.power;
            
            

            legSplashDamage = 32;
            legSplashRange = 30;

            hovering = true;
            allowLegStep = true;
            visualElevation = 0.65f;
            groundLayer = Layer.legUnit;




        /*
        pulsar = new UnitType("pulsar"){{
            canBoost = true;
            boostMultiplier = 1.6f;
            speed = 0.7f;
            hitSize = 10f;
            health = 300f;
            buildSpeed = 0.9f;
            armor = 4f;

            mineTier = 2;
            mineSpeed = 5f;
            commandLimit = 8;

            abilities.add(new ShieldFieldAbility(20f, 40f, 60f * 5, 60f));
            ammoType = AmmoTypes.power;

            weapons.add(new Weapon("heal-shotgun-weapon"){{
                top = false;
                x = 5f;
                shake = 2.2f;
                y = 0.5f;
                shootY = 5f;

                shootY = 2.5f;
                reload = 38f;
                shots = 3;
                inaccuracy = 35;
                shotDelay = 0.5f;
                spacing = 0f;
                ejectEffect = Fx.none;
                recoil = 2.5f;
                shootSound = Sounds.pew;
                "weapons":[{
                    "name": "曙光炮",
                    "shake": 1.56,
                    "shootY": 2.68,
                    "reload": 20,
                    "shots": 5,
                    "inaccuracy": 15,
                    "shotDelay": 1.5,
                    "spacing": 2.68,
                    "ejectEffect": "none",
                    "recoil": 2.5,
                    "shootSound": "激光枪音效",
                    "bullet": {
                        "type": "LightningBulletType",
                        "lightningColor": "FFFFFF"
                        "lightningLength": 25,
                        "lightningLengthRand": 15,
                        "shootEffect": "shootHeal",
                    }
                    
                }]

                bullet = new LightningBulletType(){{
                    lightningColor = hitColor = Pal.heal;
                    damage = 15f;
                    lightningLength = 7;
                    lightningLengthRand = 7;
                    shootEffect = Fx.shootHeal;
                }};
            }});
        }};
        */