{
  "singleTarget": true,
  "drawShields": false,
  "research": "eclipse",
  "name": "日耀",
  "description": "配置四台蜂窝导弹以及两台激光炮",
  "lightRadius": 250,
  "fallSpeed": 0.006,
  "rotateSpeed": 0.7,
  "crashDamageMultiplier": 10,
  "speed": 0.48,
  "accel": 0.4,
  "drag": 0.4,
  "faceTarget": true,
  "flying": true,
  "health": 82100,
  "hitSize": 80,
  "armor": 31,
  "engineOffset": 46,
  "targetFlag": "reactor",
  "engineSize": 14,
  "lowAltitude": true,
  "targetAir": true,
  "commandLimit": 8,
  "weapons": [
  {
			"name": "日蚀2",
			"reload": 35,
			"x": 15,
			"y": 30,
			"shootY": 9,
			"rotate": true,
			"rotateSpeed": 1.5,
			"inaccuracy": 0,
			"alternate": true,
			"shake": 3,
			"shootSound": "laser",
			"bullet": {
				"type": "LaserBulletType",
				"damage": 375,
				"sideAngle": 20,
				"sideWidth": 1,
				"sideLength": 88,
				"smokeEffect": "bigShockwave",
				"colors": [
					"D86E56FF",
					"FFA05CFF",
					"FFFFFF"
				],
				"width": 50,
				"length": 480,
				"status": "melting",
				"statusDuration": 90
			}
		}
		{
			"name": "jaca骇浪1",
			"mirror": true,
			"x": 30,
			"y": 0,
			"reload": 50,
			"shoot": {
				"shots": 8,
				"shotDelay": 1
			},
			"shootSound": "missile",
			"rotate": true,
			"rotateSpeed": 4,
			"xRand": 6,
			"inaccuracy": 6,
			"bullet": {
				"type": "MissileBulletType",
				"damage": 80,
				"shootEffect": "none",
				"smokeEffect": "none",
				"splashDamageRadius": 40,
				"splashDamage": 120,
				"hitEffect": "flakExplosionBig",
				"despawnEffect": "flakExplosion",
				"width": 8,
				"height": 9,
				"speed": 4.5,
				"lifetime": 70
			}
		},
		{
			"name": "jaca骇浪1",
			"mirror": true,
			"x": 15,
			"y": -30,
			"reload": 50,
			"shoot": {
				"shots": 8,
				"shotDelay": 1
			},
			"shootSound": "missile",
			"rotate": true,
			"rotateSpeed": 4,
			"xRand": 6,
			"inaccuracy": 6,
			"bullet": {
				"type": "MissileBulletType",
				"damage": 80,
				"shootEffect": "none",
				"smokeEffect": "none",
				"splashDamageRadius": 40,
				"splashDamage": 120,
				"hitEffect": "flakExplosionBig",
				"despawnEffect": "flakExplosion",
				"width": 8,
				"height": 9,
				"speed": 4.5,
				"lifetime": 70
			}
		},
  ],
}