{
	"type": "tank",
	"name": "旋风",
	"squareShape": true,
	"omniMovement": false,
	"rotateMoveFirst": false,
	"hovering": true,
	"canDrown": false,
	"speed": 1.8,
	"hitSize": 18,
	"ammoType": "graphite",
	"ammoCapacity": 80,
	"health": 1000,
	"armor": 5,
	"drag": 0.08,
	"accel": 0.1,
	"rotateSpeed": 3,
	"itemCapacity": 0,
	"faceTarget": false,
	"research": "陆1",
	"requirements": {
		"block": "additive-reconstructor", 
		"previous": "陆1"
	},
	"weapons": [
		{
			"name": "旋风1",
			"reload": 120,
			"x": 0,
			"y": -1,
			"rotate": true,
			"rotateSpeed": 9,
			"mirror": false,
			"inaccuracy": 0,
			"ejectEffect": "casing2",
			"shootSound": "artillery",
			"alternate": false,
			"bullet": {
				"type": "MissileBulletType",
				"hitSize": 40,
				"splashDamageRadius": 46,
				"splashDamage": 96,
				"damage": 108,
				"status": "blasted",
				"statusDuration": 60,
				"sprite": "奇思妙想-导弹",
				"backColor": "FF7F24",
				"frontColor": "E3E3E3",
				"lifetime": 30,
				"speed": 11,
				"homingPower": 0.03,
				"homingRange": 80,
				"knockback": 8,
				"width": 12,
				"height": 40,
				"ammoMultiplier": 3,
				"despawnEffect": "none",
				"shootEffect": "shootPyraFlame",
				"hitEffect": {
					"type": "MultiEffect",
					"effects": [
						{
							"type": "ParticleEffect",
							"particles": 8,
							"sizeFrom": 6,
							"sizeTo": 0,
							"length": 25,
							"baseLength": 23,
							"lifetime": 35,
							"colorFrom": "737373FF",
							"colorTo": "737373FF"
						},
						{
							"type": "ParticleEffect",
							"particles": 12,
							"line": true,
							"length": 43,
							"baseLength": 3,
							"lifetime": 22,
							"colorFrom": "FFFFFF",
							"colorTo": "FFE176FF"
						},
						{
							"type": "WaveEffect",
							"lifetime": 10,
							"sizeFrom": 1,
							"sizeTo": 48,
							"strokeFrom": 2,
							"strokeTo": 0,
							"colorFrom": "FFE176FF",
							"colorTo": "FFFFFF"
						}
					]
				}
			}
		},
		{
			"name": "电鳗1",
			"x": 4.5,
			"y": 0,
			"reload": 5,
			"shootY": 2,
			"rotate": true,
			"rotateSpeed": 6,
			"inaccuracy": 10,
			"alternate": true,
			"top": false,
			"shootSound": "flame",
			"ejectEffect": "none",
			"cooldownTime": 120,
			"bullet": {
				"type": "BulletType",
				"collidesTeam": true,
				"healPercent": 1.88,
				"speed": 5,
				"lifetime": 16,
				"damage": 25.5,
				"collidesAir": false,
				"pierce": true,
				"shootEffect": {
					"type": "ParticleEffect",
					"particles": 10,
					"lifetime": 10,
					"sizeFrom": 2,
					"sizeTo": 0,
					"region": "奇思妙想-菱形",
					"interp": "pow5Out",
					"sizeInterp": "pow10In",
					"length": 70,
					"baseLength": 0,
					"colorFrom": "FFFFFF",
					"colorTo": "97FFA8AA",
					"cone": 10
				},
				"smokeEffect": {
					"type": "ParticleEffect",
					"particles": 5,
					"line": true,
					"strokeFrom": 1,
					"strokeTo": 0,
					"lenFrom": 16,
					"lenTo": 8,
					"length": 70,
					"baseLength": 0,
					"lifetime": 12,
					"colorFrom": "97FFA8",
					"colorTo": "97FFA8",
					"cone": 10
				},
				"hitEffect": {
					"type": "ParticleEffect",
					"particles": 3,
					"region": "奇思妙想-菱形",
					"lifetime": 10,
					"sizeFrom": 3,
					"sizeTo": 0,
					"colorFrom": "97FFA8",
					"colorTo": "97FFA8"
				},
				"despawnEffect": "none",
				"statusDuration": 250,
				"status": "burning"
			}
		},
	]
}