{
	"type": "tank",
	"name": "俊风",
	"squareShape": true,
	"omniMovement": false,
	"rotateMoveFirst": false,
	"speed": 1,
	"hitSize": 48,
	"drownTimeMultiplier": 2.6,
	"crushDamage": 6,
	"treadRects": [
		{
			"x": -86,
			"y": -108,
			"width": 42,
			"height": 112
		},
		{
			"x": -72,
			"y": -124,
			"width": 21,
			"height": 16
		},
		{
			"x": -86,
			"y": 9,
			"width": 42,
			"height": 119
		}
	],
	"abilities": [
		        {
            "type": "UnitSpawnAbility",
            "unit": "奇思妙想-陆1",
            "spawnX": 15,
            "spawnY": -10,
            "spawnTime": 3000
        },
        {
            "type": "UnitSpawnAbility",
            "unit": "奇思妙想-陆1",
            "spawnX": -15,
            "spawnY": -10,
            "spawnTime": 3000
        },
		{
			"type": "StatusFieldAbility",
			"duration": 30,
			"reload": 330,
			"range": 30,
			"applyEffect": "none",
			"activeEffect": {
				"type": "WaveEffect",
				"lifetime": 20,
				"sizeFrom": 30,
				"sizeTo": 30,
				"strokeFrom": 1.3,
				"strokeTo": 0,
				"colorFrom": "97FFA8",
				"colorTo": "97FFA800"
			},
			"effect": "奇思妙想-修复"
		}
	],
	"ammoType": "surge-alloy",
	"ammoCapacity": 50,
	"targetAir": true,
	"health": 46000,
	"armor": 48,
	"rotateSpeed": 1.22,
	"itemCapacity": 30,
	"faceTarget": false,
	"immunities":["burning","shocked","electrified"],
	"targetFlags": [
		"core",
		"turret"
	],
	"research": "陆4",
	"requirements": {
		"block": "tetrative-reconstructor",
		"previous": "陆4"
	},
	"weapons": [
		{
			"name": "蛟龙1",
			"mirror": false,
			"x": 0,
			"y": 0,
			"reload": 80,
			"shoot": {
				"shots": 8,
				"shotDelay": 1
			},
			"shootSound": "missile",
			"rotate": true,
			"rotateSpeed": 4,
			"xRand": 6,
			"inaccuracy": 6,
			"bullet": {
				"type": "MissileBulletType",
				"damage": 52,
				"shootEffect": "none",
				"smokeEffect": "none",
				"splashDamageRadius": 35,
				"splashDamage": 52,
				"lightningDamage": 13,
				"lightning": 2,
				"lightningLength": 10,
				"hitEffect": "flakExplosionBig",
				"despawnEffect": "flakExplosion",
				"width": 8,
				"height": 9,
				"speed": 4.5,
				"lifetime": 70
			}
		},
		{
			"name": "斩首1",
			"reload": 110,
			"x": 0,
			"y": -0.5,
			"shootY": 33,
			"cooldownTime": 100,
			"rotate": true,
			"top": true,
			"rotateSpeed": 1.6,
			"recoil": 5,
			"mirror": false,
			"layerOffset": 0.001,
			"inaccuracy": 0,
			"shootSound": "mediumCannon",
			"shake": 8,
			"bullet": {
				"damage": 250,
				"splashDamage": 135,
				"splashDamageRadius": 55,
				"buildingDamageMultiplier": 3,
				"speed": 31,
				"lifetime": 15,
				"status": "electrified",
				"statusDuration": 400,
				"lightning": 2,
				"lightningDamage": 90,
				"lightningLength": 15,
				"lightningColor": "FEEBB3",
				"shrinkY": 0,
				"frontColor": "FFFFFF",
				"backColor": "FEEBB3",
				"trailLength": 15,
				"trailWidth": 2.2,
				"trailColor": "FEEBB3",
				"pierce": true,
				"pierceCap": 4,
				"knockback": 8,
				"hitEffect": {
					"type": "MultiEffect",
					"effects": [
						{
							"type": "ParticleEffect",
							"particles": 9,
							"sizeFrom": 10,
							"sizeTo": 0,
							"length": 65,
							"baseLength": 0,
							"lifetime": 15,
							"colorFrom": "FEEBB3",
							"colorTo": "FFFFFF",
							"cone": 40
						},
						{
							"type": "WaveEffect",
							"lifetime": 10,
							"sizeFrom": 2,
							"sizeTo": 60,
							"strokeFrom": 10,
							"strokeTo": 0,
							"colorFrom": "FEEBB3",
							"colorTo": "FEEBB3"
						}
					]
				},
				"shootEffect": {
					"type": "MultiEffect",
					"effects": [
						{
							"type": "ParticleEffect",
							"particles": 6,
							"sizeFrom": 8,
							"sizeTo": 0,
							"length": 55,
							"baseLength": 0,
							"lifetime": 33,
							"colorFrom": "FEEBB3",
							"colorTo": "FFFFFF",
							"cone": 35
						},
						{
							"type": "WaveEffect",
							"lifetime": 10,
							"sizeFrom": 0,
							"sizeTo": 30,
							"strokeFrom": 3,
							"strokeTo": 0,
							"colorFrom": "FEEBB3",
							"colorTo": "FFFFFF"
						}
					]
				},
				"smokeEffect": "smokeCloud",
				"width": 16,
				"height": 28,
				"hitSound": "plasmaboom",
				"fragLifeMin": 0.1,
				"fragBullets": 3,
				"fragRandomSpread": 60,
				"fragBullet": {
					"type": "PointBulletType",
					"trailEffect": "none",
					"despawnEffect": "none",
					"status": "blasted",
					"hitEffect": {
						"type": "MultiEffect",
						"effects": [
							{
								"type": "ParticleEffect",
								"particles": 9,
								"sizeFrom": 8,
								"sizeTo": 0,
								"length": 55,
								"baseLength": 0,
								"lifetime": 15,
								"colorFrom": "FEEBB3",
								"colorTo": "FEEBB3"
							},
							{
								"type": "WaveEffect",
								"lifetime": 15,
								"sizeFrom": 2,
								"sizeTo": 40,
								"strokeFrom": 6,
								"strokeTo": 0,
								"colorFrom": "FEEBB3",
								"colorTo": "FEEBB3"
							}
						]
					},
					"hitSound": "laser",
					"collides": false,
					"damage": 250,
					"splashDamageRadius": 40,
					"splashDamage": 85,
					"buildingDamageMultiplier": 2.25,
					"lifetime": 10,
					"speed": 8
				},
				"despawnEffect": "bigShockwave"
			},
			"parts": [
				{
					"type": "RegionPart",
					"mirror": true,
					"suffix": "-管",
					"under": true,
					"moveY": -4,
					"heatProgress": "recoil",
					"progress": "recoil"
				}
			]
		}
		{
			"name": "死神1",
			"reload": 30,
			"shoot": {
				"shots": 3,
				"shotDelay": 4
			},
			"shootY": 9,
			"x": 11,
			"y": 27,
			"rotate": true,
			"rotateSpeed": 3,
			"shootSound": "shoot",
			"shake": 1,
			"ejectEffect": "casing3",
			"bullet": {
				"type": "BasicBulletType",
				"speed": 6,
				"lifetime": 60,
				"width": 10,
				"height": 12,
				"damage": 20,
				"status": "blasted",
				"statusDuration": 120,
				"shootEffect": "shootBig",
				"splashDamageRadius": 40,
				"splashDamage": 88,
				"hitEffect": "flakExplosionBig",
				"despawnEffect": "flakExplosionBig",
				"ammoMultiplier": 6,
				"lightningDamage": 14,
				"lightning": 2,
				"lightningLength": 7
			}
		},
		{
			"name": "天蝎1",
			"top": true,
			"shootY": 22,
			"reload": 200,
			"rotate": true,
			"rotationLimit": 80,
			"rotateSpeed": 1,
			"mirror": false,
			"ejectEffect": "casing3",
			"recoil": 10,
			"shake": 10,
			"x": 0,
			"y": -14,
			"shootSound": "artillery",
			"bullet": {
				"type": "ArtilleryBulletType",
				"shootEffect": "shootSmall",
				"smokeEffect": "shootBigSmoke2",
				"speed": 3,
				"lifetime": 98,
				"width": 25,
				"height": 25,
				"frontColor": "FFFFFF",
				"backColor": "FEEBB3",
				"collidesTiles": true,
				"ammoMultiplier": 4,
				"damage": 45,
				"splashDamageRadius": 80,
				"splashDamage": 92,
				"hitShake": 10,
				"lightningColor": "FEEBB3",
				"lightningDamage": 70,
				"lightning": 5,
				"lightningLength": 14,
				"hitEffect": {
					"type": "MultiEffect",
					"effects": [
						{
							"type": "ParticleEffect",
							"particles": 18,
							"sizeFrom": 11,
							"sizeTo": 0,
							"length": 55,
							"baseLength": 43,
							"lifetime": 35,
							"colorFrom": "A278E180",
							"colorTo": "A278E100"
						},
						{
							"type": "WaveEffect",
							"lifetime": 12,
							"sizeFrom": 1,
							"sizeTo": 80,
							"strokeFrom": 3,
							"strokeTo": 0,
							"colorFrom": "FEEBB3",
							"colorTo": "FFFFFF"
						}
					]
				},
				"status": "sapped",
				"statusDuration": 600,
				"despawnEffect": "none",
				"fragBullets": 16,
				"fragLifeMin": 0.3,
				"fragBullet": {
					"type": "ArtilleryBulletType",
					"speed": 2.3,
					"lifetime": 90,
					"width": 19,
					"height": 19,
					"frontColor": "FFFFFF",
					"backColor": "FEEBB3",
					"collidesTiles": false,
					"splashDamageRadius": 50,
					"splashDamage": 75,
					"knockback": 1,
					"hitShake": 5,
					"lightningColor": "FEEBB3",
					"lightningDamage": 30,
					"lightning": 3,
					"lightningLength": 7,
					"hitEffect": {
						"type": "MultiEffect",
						"effects": [
							{
								"type": "ParticleEffect",
								"particles": 18,
								"sizeFrom": 9,
								"sizeTo": 0,
								"length": 35,
								"baseLength": 23,
								"lifetime": 35,
								"colorFrom": "A278E180",
								"colorTo": "A278E100"
							},
							{
								"type": "WaveEffect",
								"lifetime": 10,
								"sizeFrom": 1,
								"sizeTo": 50,
								"strokeFrom": 2,
								"strokeTo": 0,
								"colorFrom": "FEEBB3",
								"colorTo": "FFFFFF"
							}
						]
					},
					"status": "sapped",
					"statusDuration": 60,
					"despawnEffect": "none"
				}
			}
		},
	]
}