{
	"type": "GenericCrafter",
	"health": 760,
	"name": "以太结晶仪",
	"description": "将太空中的中子颗粒收集起来,但是速度十分缓慢\n\n简易不要在前线建造",
	"outputItem": {"item": "中子颗粒", "amount": 2	},
	"itemCapacity": 120,
	"size": 3,
	"hasPower": false,
	"hasLiquids": false,
	"hasItems": true,
	"craftTime": 1095,
	"updateEffect":"none",
	"consumes": {
	"power": 2.5,
	"items": {	
	"items": [
	{ "item": "silicon", "amount": 20 }
	{ "item": "Ether", "amount": 60 }	]
		},
	},
	"requirements": [
        "silicon/125",
        "lead/135",
        "thorium/90",
        "简易芯片/125",
        "surge-alloy/45"
		],
	"category": "crafting",
	"research": ""
}