{
	"type": "GenericCrafter",
	"health": 760,
	"name": "中子融合器",
	"description": "将太空中的中子颗粒融合为中子晶板",
	"outputItem": {"item": "中子晶板", "amount": 2	},
	"itemCapacity": 120,
	"size": 4,
	"hasPower": false,
	"hasLiquids": true,
	"hasItems": true,
	"craftTime": 4095,
	"updateEffect":"none",
	"consumes": {
	"power": 8.5,
	"items": {	
	"items": [
	{ "item": "silicon", "amount": 20 },
	{ "item": "Ether", "amount": 60 }	]
		},
	
        "liquid": {
            "liquid": "以太溶液",
            "amount": 0.3
        }
    },
	"requirements": [
        "silicon/125",
        "lead/135",
        "thorium/90",
        "简易芯片/125",
        "surge-alloy/45"
		],
			"drawer":{
        "type":"DrawMulti",
        "drawers":[
            "DrawDefault",
            ]
            }
	"category": "crafting",
	"research": ""
}