{
"name": "黑岩矿区",
	"description": "这里是德尔克斯这个星球上的一处大矿区，有着丰富的资源与塞普罗上没有的矿物，我们的第一站本不应该是这里，此处有少量敌人驻扎，但是敌人支援也会很快赶到，快速建立防御线",
    "planet":"德尔克斯"//母星名字。
    "sector": 39//区块坐标
    "captureWave":30//胜利波次
    "difficulty":10//难度
    "research": {
		"parent": "planetaryTerminal",
		/*"objectives": [
            {
				"type": "SectorComplete",
				"preset": "planetaryTerminal"
	     },
	     ｛
	                        "type": "SectorComplete",
				"preset": "黄沙埋骨"
	      }
			]*/}
}