{
	"name": "藻类培养皿",
	"description": "培养藻类，不需要水。",
	"type": "Cultivator",
	"size": 2,
"outputItem": {"item": "algae", "amount": 1},
	"hasPower": true,
	"hasItems": true,
	"craftTime": 320,
	"consumes": {
		"power": 0.56,
		"items": {
			"items": [
				{ "item": "spore-pod", "amount": 1 },
		   { "item": "glucose", "amount": 1 },
			]
		}
	},
	"requirements": [
		{ "item": "lead", "amount": 20 },
		{ "item": "bearstium", "amount": 15 },
	],
	"category": "production",
 "research": "cultivator"
}


