{
	"type":"Reconstructor",
	"name":"改装车间",
	"description":"将一级单位升级为二级单位。",
 	"health":800,
	"size":3,
	"consumes":{
		"power":3,
		"items": {
			"items": [
			 	{ "item": "silicon", "amount":25},
				{ "item": "graphite", "amount":25 }
				]
		}
		//"liquid":{
			//"liquid":"water",
			//"amount":2
		//}
	},
	//升级单位消耗的资源(电力，液体，固体均为可选)
	"upgrades":[
 		["先锋","开拓"],
 		["星矢","薄暮"],
 		["幻想","梦幻"],
 		["1-切割","2-斩杀"]
 		["震颤","威慑"],
 		["1-云雀","2-雨燕"],
 		["1-探影","2-逐光"],
 		["行际","渡迁"]
    ],
	"constructTime":900,
	//建造时间
	"requirements": [
	    { "item": "钢铁", "amount":200},
 		{ "item": "graphite", "amount":120},
		{ "item": "金", "amount":80},
	],
	"category":"units",
	"research": {
	"parent": "h1-基本单位工厂"//科技树前置
	"requirements": [//研究花费
	"钢铁/1000",
	"graphite/800",
	"金/500"
	]	},
}