{
	"type":"Reconstructor",
	"name":"湮灭级重构厂",
	"description":"将三级单位升级为四级单位，即终极单位。\n需要冷冻液。",
 	"health":3600,
	"size":7,
	"liquidCapacity": 180,
	"consumes":{
		"power":12,
		"items":[
		{ "item": "silicon", "amount": 250},
		{ "item": "plastanium", "amount": 80} 
		{ "item": "phase-fabric", "amount": 60},
		{ "item": "surge-alloy", "amount": 40}
		]
		"liquid":{
			"liquid":"cryofluid",
			"amount":1.666666667
		}
	},
	//升级单位消耗的资源(电力，液体，固体均为可选)
	"upgrades":[
 		["破坏","灼灭"],
 		["霓虹","极光"],
 		//["虚幻","虚无"],
 		["3-屠戮","4-灭绝"],
 		["熔浆","炼狱"],
 		["3-天鹰","4-鸣凰"],
 		["3-寻明","4-捕日"],
 		["净化","濯涟"]
    ],
	"constructTime":3600,
	//建造时间
	"requirements": [
 		{ "item": "钢铁", "amount": 600},
		{ "item": "plastanium", "amount": 300},
		{ "item": "thorium", "amount": 600},
		{ "item": "phase-fabric", "amount": 300},
		{ "item": "surge-alloy", "amount": 200}
	],
	"category":"units",
	"research": {
	"parent": "b-战争级重构厂"//科技树前置
		},
}