{	"targetAir":true,
	//是否攻击空军
	"targetGround":true,
	//是否攻击地面目标
	"speed":1.57,
	"hitSize":14,
	"name": "崩毁",
	"health": 1850,
	"description":"特种单位，冲向敌人并造成爆炸",
	"armor":6,
	"type": "legs",
	"legCount": 4,
	"legMoveSpace": 8,
	"lockLegBase":true,
	"allowLegStep": true,
	"hovering":true,
    "legPhysicsLayer":false,
    "legContinuousMove":true,
    "legExtension":-1,
    "legBaseOffset":3,
    "legMaxLength":3.4,
    "legMinLength":0.8,
    "legLengthScl":0.96,
    "legForwardScl":1.2,
    "legGroupSize":3,
    "rippleScale":0.2,
    "legMoveSpace":1.5,
    "legPhysicsLayer":false,
"itemCapacity":30,//物品容量
	"research": {
	"parent":"特种工厂"
	"objectives": [
	{
				"type": "SectorComplete",
				"preset": "崩落峡谷"
			}
		]
	}
	"immunities":[
	],
"weapons": [
		{
			"name": "无",
			"reload": 10,
			"x": 0,
			"y": 0,
			"rotate": false,
			"shootCone": 270,
			"ejectEffect": "none",
			"shootSound": "explosionbig",
			"mirror": false,
			"inaccuracy": 0,
			"alternate": true,
			"top": false,
			"shootOnDeath": true,
			"bullet": {
				"killShooter": true,
				"splashDamageRadius": 56,
				"instantDisappear": true,
				"collides": false,
				"splashDamage": 580,
				"speed": 1,
				"lifetime": 10,
				"hitEffect": "massiveExplosion",
				"despawnEffect": {
					"type": "MultiEffect",
					"effects": [
						{
							"type": "ParticleEffect",
							"particles": 18,
							"sizeFrom": 6,
							"sizeTo": 0,
							"length": 45,
							"baseLength": 3,
							"lifetime": 35,
							"colorFrom": "737373",
							"colorTo": "737373"
						},
						{
							"type": "ParticleEffect",
							"particles": 32,
							"line": true,
							"length": 53,
							"baseLength": 20,
							"lifetime": 22,
							"colorFrom": "FFFFFF",
							"colorTo": "FFE176"
						},
						{
							"type": "WaveEffect",
							"lifetime": 15,
							"sizeFrom": 0,
							"sizeTo": 70,
							"strokeFrom": 4,
							"strokeTo": 0,
							"colorFrom": "FFE176",
							"colorTo": "ffffff"
						}
					]
				},
				"width": 0,
				"height": 0
			}
		}
	]
}