{
  "type": "PowerTurret",
  "squareSprite": false,
  "outlineColor": "36363CFF",
  "size": 4,
  "health": 1600,
  "range": 130,
  "reload": 6,
  "heatColor": "FFFFFFF",
  "shootY": 3,
  "hasPower": true,
  "targetAir": false,
  "drawer": {
    "type": "drawTurret",
    "basePrefix": "genesux-"
  },
  "recoil": 0,
  "inaccuracy": 5,
  "rotateSpeed": 4.0,
  "shoot": {
    "type": "shootPattern",
    "shots": 4,
    "shotDelay": 1
  },
  "shootSound": "flame",
  "consumes": {
    "power": 10
  },
  "shootType": {
    "type": "BasicBulletType",
    "status": "freezing",
    "statusDuration": 50,
    "speed": 5,
    "damage": 35,
    "hitSize": 9,
    "width": 0.1,
    "height": 0.1,
    "shootEffect": {
      "type": "multiEffect",
      "layer": 110,
      "effects": [
        {
          "type": "ParticleEffect",
          "particles": 2,
          "sizeFrom": 5,
          "sizeTo": 1,
          "length": 140,
          "lifetime": 30,
          "interp": "circleOut",
          "sizeInterp": "pow5In",
          "lightColor": "66B1FFFF",
          "colorFrom": "A9D8FFFF",
          "colorTo": "66B1FFFF",
          "cone": 10
        },
        {
          "type": "ParticleEffect",
          "particles": 2,
          "sizeFrom": 6,
          "sizeTo": 1,
          "length": 100,
          "lifetime": 35,
          "interp": "circleOut",
          "sizeInterp": "pow5In",
          "lightColor": "66B1FFFF",
          "colorFrom": "A9D8FFFF",
          "colorTo": "66B1FFFF",
          "cone": 15
        },
        {
          "type": "ParticleEffect",
          "particles": 2,
          "sizeFrom": 6,
          "sizeTo": 1.5,
          "length": 110,
          "lifetime": 40,
          "interp": "fastSlow",
          "lightColor": "66B1FFFF",
          "colorFrom": "A9D8FFFF",
          "colorTo": "66B1FFFF",
          "cone": 15
        },
        {
          "type": "ParticleEffect",
          "particles": 2,
          "sizeFrom": 6,
          "sizeTo": 1.5,
          "length": 120,
          "lifetime": 50,
          "interp": "fastSlow",
          "lightColor": "66B1FFFF",
          "colorFrom": "A9D8FFFF",
          "colorTo": "66B1FFFF",
          "cone": 10
        }
      ]
    },
    "smokeEffect": {
      "type": "multiEffect",
      "layer": 109,
      "effects": [
        {
          "type": "ParticleEffect",
          "particles": 3,
          "sizeFrom": 5,
          "sizeTo": 1,
          "length": 160,
          "lifetime": 50,
          "lightOpacity": 0,
          "interp": "fastSlow",
          "colorFrom": "66B1FFFF",
          "colorTo": "66B1FF80",
          "cone": 15
        },
        {
          "type": "ParticleEffect",
          "particles": 3,
          "sizeFrom": 7,
          "sizeTo": 1,
          "length": 180,
          "lifetime": 60,
          "lightOpacity": 0,
          "interp": "circleOut",
          "sizeInterp": "pow5In",
          "colorFrom": "66B1FFFF",
          "colorTo": "66B1FF80",
          "cone": 10
        }
      ]
    },
    "lifetime": 27,
    "despawnEffect": "none",
    "hittable": false,
    "reflectable": false,
    "hitEffect": {
      "type": "ParticleEffect",
      "line": true,
      "particles": 4,
      "lifetime": 65,
      "offset": 10,
      "interp": "circleOut",
      "length": 70,
      "cone": -30,
      "strokeFrom": 3,
      "strokeTo": 0,
      "lenFrom": 7,
      "lenTo": 0,
      "colorFrom": "A9D8FFFF",
      "colorTo": "66B1FFFF"
    },
    "pierce": true,
    "pierceBuilding": true
  },
  "requirements": [
    "dytrix/570",
    "stellar-steel/600",
    "omega-blue/400",
    "silicon/500"
  ],
  "category": "turret",
  "research": "c-stellar"
}
