{
  "type": "PowerTurret",
  "size": 12,
  "health": 90000,
  "reload": 40,
  "range": 550,
  "squareSprite": false,
  "outlineColor": "36363CFF",
  "heatColor": "66B1FFFF",
  "recoil": 5,
  "update": true,
  "hasPower": true,
  "shootSound": "plasmaboom",
  "minWarmup": 0.85,
  "shootWarmupSpeed": 0.07,
  "consumes": {
    "power": 200,
    "liquids": [
      "exogenesis-axinian/1.52"
    ]
  },
  "drawer": {
    "type": "drawTurret",
    "basePrefix": "genesux-",
    "parts": [
      {
        "type": "RegionPart",
        "suffix": "-ring",
        "progress": "warmup"
      },
      {
        "type": "HaloPart",
        "y": 36.5,
        "x": -24,
        "radius": 3.5,
        "mirror": true,
        "tri": true,
        "layer": 110,
        "progress": {
          "type": "reload",
          "op": "delay",
          "amount": 0.85
        },
        "color": "66B1FFff",
        "haloRadius": 1,
        "haloRadiusTo": 1,
        "haloRotation": 45,
        "stroke": 0,
        "strokeTo": 2,
        "shapes": 1,
        "triLengthTo": 10
      },
      {
        "type": "HaloPart",
        "y": 36.5,
        "x": -24,
        "mirror": true,
        "radius": 3.5,
        "tri": true,
        "layer": 110,
        "progress": {
          "type": "reload",
          "op": "delay",
          "amount": 0.85
        },
        "color": "66B1FFff",
        "haloRadius": 1,
        "haloRotation": 45,
        "shapeRotation": 180,
        "stroke": 0,
        "strokeTo": 2,
        "shapes": 1,
        "triLengthTo": 5
      },
      {
        "type": "HaloPart",
        "y": 29.5,
        "x": -25,
        "radius": 3.7,
        "mirror": true,
        "tri": true,
        "layer": 110,
        "progress": {
          "type": "reload",
          "op": "delay",
          "amount": 0.65
        },
        "color": "66B1FFff",
        "haloRadius": 1,
        "haloRotation": 45,
        "stroke": 0,
        "strokeTo": 2,
        "shapes": 1,
        "triLengthTo": 15
      },
      {
        "type": "HaloPart",
        "y": 29.5,
        "x": -25,
        "mirror": true,
        "radius": 3.7,
        "tri": true,
        "layer": 110,
        "progress": {
          "type": "reload",
          "op": "delay",
          "amount": 0.65
        },
        "color": "66B1FFff",
        "haloRadius": 1,
        "haloRotation": 45,
        "shapeRotation": 180,
        "stroke": 0,
        "strokeTo": 2,
        "shapes": 1,
        "triLengthTo": 5
      },
      {
        "type": "HaloPart",
        "y": 22.5,
        "x": -27,
        "radius": 3.9,
        "mirror": true,
        "tri": true,
        "layer": 110,
        "progress": {
          "type": "reload",
          "op": "delay",
          "amount": 0.45
        },
        "color": "66B1FFff",
        "haloRadius": 1,
        "haloRotation": 45,
        "stroke": 0,
        "strokeTo": 2.4,
        "shapes": 1,
        "triLengthTo": 18
      },
      {
        "type": "HaloPart",
        "y": 22.5,
        "x": -27,
        "mirror": true,
        "radius": 3.7,
        "tri": true,
        "layer": 110,
        "progress": {
          "type": "reload",
          "op": "delay",
          "amount": 0.45
        },
        "color": "66B1FFff",
        "haloRadius": 1,
        "haloRadiusTo": 1,
        "haloRotation": 45,
        "shapeRotation": 180,
        "stroke": 0,
        "strokeTo": 2.4,
        "shapes": 1,
        "triLengthTo": 5
      },
      {
        "type": "HaloPart",
        "y": 14.5,
        "x": -30,
        "radius": 4.2,
        "mirror": true,
        "tri": true,
        "layer": 110,
        "progress": {
          "type": "reload",
          "op": "delay",
          "amount": 0.25
        },
        "color": "66B1FFff",
        "haloRadius": 1,
        "haloRotation": 45,
        "stroke": 0,
        "strokeTo": 2.4,
        "shapes": 1,
        "triLengthTo": 21
      },
      {
        "type": "HaloPart",
        "y": 14.5,
        "x": -30,
        "mirror": true,
        "radius": 4.2,
        "tri": true,
        "layer": 110,
        "progress": {
          "type": "reload",
          "op": "delay",
          "amount": 0.25
        },
        "color": "66B1FFff",
        "haloRadius": 1,
        "haloRotation": 45,
        "shapeRotation": 180,
        "stroke": 0,
        "strokeTo": 2.4,
        "shapes": 1,
        "triLengthTo": 5
      },
      {
        "type": "RegionPart",
        "layer": -1,
        "colorTo": "66B1FF90",
        "color": "A9D8FF00",
        "progress": "warmup",
        "blending": "additive",
        "outline": false,
        "suffix": "-glow"
      },
      {
        "type": "FlarePart",
        "color2": "FFFFFF",
        "color1": "66B1FFff",
        "y": -19.5,
        "rotation": 6,
        "progress": "warmup",
        "stroke": 4,
        "radius": 0,
        "radiusTo": 7.5
      },
      {
        "type": "RegionPart",
        "suffix": "-b",
        "color": "A9D8FFff",
        "mirror": true,
        "under": true,
        "moveY": 8,
        "moveRot": 4,
        "heatColor": "A9D8FFff",
        "heatProgress": {
          "type": "reload",
          "op": "delay",
          "amount": 0.25
        },
        "y": -6,
        "x": 21,
        "progress": "warmup"
      },
      {
        "type": "RegionPart",
        "suffix": "-b",
        "color": "A9D8FFff",
        "mirror": true,
        "under": true,
        "heatColor": "A9D8FFff",
        "heatProgress": {
          "type": "reload",
          "op": "delay",
          "amount": 0.45
        },
        "moveX": 7,
        "moveY": 4.5,
        "x": 23,
        "y": -29,
        "moveRot": -40,
        "progress": "warmup"
      },
      {
        "type": "RegionPart",
        "suffix": "-b",
        "color": "A9D8FFff",
        "mirror": true,
        "under": true,
        "heatColor": "A9D8FFff",
        "heatProgress": {
          "type": "reload",
          "op": "delay",
          "amount": 0.65
        },
        "x": 23,
        "y": -29,
        "moveRot": -60,
        "progress": "warmup"
      },
      {
        "type": "RegionPart",
        "suffix": "-c",
        "color": "A9D8FFff",
        "mirror": true,
        "under": true,
        "heatColor": "A9D8FFff",
        "heatProgress": {
          "type": "reload",
          "op": "delay",
          "amount": 0.85
        },
        "x": 22,
        "y": -34,
        "moveRot": -90,
        "progress": "warmup"
      },
      {
        "type": "RegionPart",
        "suffix": "-spike4",
        "mirror": true,
        "moveY": -4.4,
        "progress": {
          "type": "reload",
          "op": "delay",
          "amount": 0.25
        }
      },
      {
        "type": "RegionPart",
        "suffix": "-spike3",
        "mirror": true,
        "moveY": -4.5,
        "progress": {
          "type": "reload",
          "op": "delay",
          "amount": 0.45
        }
      },
      {
        "type": "RegionPart",
        "suffix": "-spike2",
        "mirror": true,
        "moveY": -3.5,
        "progress": {
          "type": "reload",
          "op": "delay",
          "amount": 0.65
        }
      },
      {
        "type": "RegionPart",
        "suffix": "-spike1",
        "moveY": -2.5,
        "mirror": true,
        "progress": {
          "type": "reload",
          "op": "delay",
          "amount": 0.85
        }
      },
      {
        "type": "RegionPart",
        "suffix": "-front",
        "mirror": true,
        "children": [
          {
            "type": "RegionPart",
            "layer": -1,
            "colorTo": "66B1FF90",
            "color": "A9D8FF00",
            "mirror": true,
            "progress": "warmup",
            "blending": "additive",
            "outline": false,
            "suffix": "-front-glow"
          }
        ],
        "moveY": 15.5,
        "under": true,
        "progress": "warmup"
      },
      {
        "type": "RegionPart",
        "suffix": "-wing1",
        "mirror": true,
        "children": [
          {
            "type": "RegionPart",
            "layer": -1,
            "mirror": true,
            "colorTo": "66B1FF90",
            "color": "A9D8FF00",
            "progress": "warmup",
            "blending": "additive",
            "outline": false,
            "suffix": "-wing1-glow"
          }
        ],
        "moveX": 13,
        "moveY": 7,
        "under": true,
        "progress": "warmup"
      },
      {
        "type": "RegionPart",
        "suffix": "-wing2",
        "mirror": true,
        "children": [
          {
            "type": "RegionPart",
            "layer": -1,
            "mirror": true,
            "colorTo": "66B1FF90",
            "color": "A9D8FF00",
            "progress": "warmup",
            "blending": "additive",
            "outline": false,
            "suffix": "-wing2-glow"
          }
        ],
        "moveX": 7,
        "moveY": 3,
        "under": true,
        "progress": "warmup"
      },
      {
        "type": "shapePart",
        "y": -19.5,
        "hollow": true,
        "circle": true,
        "layer": 110,
        "color": "66B1FFff",
        "stroke": 0,
        "strokeTo": 2.5,
        "radiusTo": 15,
        "radius": 15
      },
      {
        "type": "HaloPart",
        "y": -19.5,
        "radius": 3,
        "tri": true,
        "layer": 110,
        "color": "66B1FFff",
        "haloRotateSpeed": 0.7,
        "haloRadius": 15,
        "haloRadiusTo": 15,
        "stroke": 0,
        "strokeTo": 2,
        "shapes": 2,
        "triLengthTo": 23,
        "triLength": 0
      },
      {
        "type": "HaloPart",
        "y": -19.5,
        "radius": 3,
        "tri": true,
        "layer": 110,
        "color": "66B1FFff",
        "haloRotateSpeed": -0.7,
        "haloRadius": 15,
        "haloRadiusTo": 15,
        "stroke": 0,
        "strokeTo": 2,
        "shapes": 2,
        "triLengthTo": 19,
        "triLength": 0
      },
      {
        "type": "HaloPart",
        "y": -19.5,
        "radius": 3,
        "tri": true,
        "layer": 110,
        "color": "66B1FFff",
        "haloRotateSpeed": 1.6,
        "haloRadius": 15,
        "haloRadiusTo": 15,
        "stroke": 0,
        "strokeTo": 1.5,
        "shapes": 4,
        "triLengthTo": 6,
        "triLength": 0
      },
      {
        "type": "HaloPart",
        "y": -19.5,
        "radius": 2.5,
        "tri": true,
        "layer": 110,
        "color": "66B1FFff",
        "haloRadius": 10,
        "stroke": 0,
        "strokeTo": 2,
        "shapes": 4,
        "triLength": 0,
        "triLengthTo": 10
      },
      {
        "type": "HaloPart",
        "y": -19.5,
        "radius": 2.5,
        "tri": true,
        "layer": 110,
        "color": "66B1FFff",
        "haloRadius": 10,
        "shapeRotation": 180,
        "stroke": 0,
        "strokeTo": 2,
        "shapes": 4,
        "triLength": 0,
        "triLengthTo": 5
      }
    ]
  },
  "shoot": {
    "type": "ShootPattern",
    "shots": 5,
    "shotDelay": 3
  },
  "shake": 4,
  "rotateSpeed": 0.7,
  "shootType": {
    "type": "basicBulletType",
    "sprite": "exogenesis-energy-projectile",
    "shootEffect": {
      "type": "multiEffect",
      "lifetime": 80,
      "effects": [
        {
          "type": "ParticleEffect",
          "particles": 7,
          "sizeFrom": 6,
          "sizeTo": 1,
          "length": 140,
          "lifetime": 20,
          "interp": "circleOut",
          "sizeInterp": "pow5In",
          "lightColor": "66B1FFFF",
          "colorFrom": "A9D8FFFF",
          "colorTo": "66B1FFFF",
          "cone": 10
        },
        {
          "type": "ParticleEffect",
          "particles": 7,
          "sizeFrom": 7,
          "sizeTo": 1,
          "length": 100,
          "lifetime": 35,
          "interp": "circleOut",
          "sizeInterp": "pow5In",
          "lightColor": "66B1FFFF",
          "colorFrom": "A9D8FFFF",
          "colorTo": "66B1FFFF",
          "cone": 15
        },
        {
          "type": "ParticleEffect",
          "particles": 7,
          "sizeFrom": 6,
          "sizeTo": 1.5,
          "length": 110,
          "lifetime": 40,
          "interp": "fastSlow",
          "lightColor": "66B1FFFF",
          "colorFrom": "A9D8FFFF",
          "colorTo": "66B1FFFF",
          "cone": 15
        },
        {
          "type": "ParticleEffect",
          "particles": 7,
          "sizeFrom": 6,
          "sizeTo": 1.5,
          "length": 120,
          "lifetime": 30,
          "interp": "fastSlow",
          "lightColor": "66B1FFFF",
          "colorFrom": "A9D8FFFF",
          "colorTo": "66B1FFFF",
          "cone": 10
        },
        {
          "type": "ParticleEffect",
          "offset": 30,
          "particles": 6,
          "lifetime": 30,
          "baseLength": 65,
          "length": 60,
          "interp": "circleOut",
          "sizeInterp": "pow5In",
          "cone": -30,
          "line": true,
          "strokeFrom": 2,
          "strokeTo": 0,
          "lenFrom": 8,
          "lenTo": 0,
          "lightColor": "A9D8FFFF",
          "colorFrom": "E1F2FFFF",
          "colorTo": "A9D8FFFF"
        },
        {
          "type": "ParticleEffect",
          "particles": 1,
          "sizeFrom": 80,
          "sizeTo": 1,
          "length": 0,
          "interp": "circleOut",
          "layer": 109,
          "lifetime": 40,
          "region": "exogenesis-tall",
          "colorFrom": "66B1FFFF",
          "colorTo": "66B1FFFF"
        },
        {
          "type": "ParticleEffect",
          "particles": 1,
          "sizeFrom": 22,
          "sizeTo": 1,
          "length": 0,
          "interp": "circleOut",
          "lifetime": 40,
          "layer": 109,
          "colorFrom": "66B1FFFF",
          "colorTo": "66B1FFFF",
          "cone": 360
        },
        {
          "type": "ParticleEffect",
          "particles": 1,
          "sizeFrom": 9.5,
          "sizeTo": 1,
          "interp": "circleOut",
          "length": 0,
          "lifetime": 40,
          "colorFrom": "FFFFFFF",
          "colorTo": "FFFFFFF",
          "cone": 360
        }
      ]
    },
    "hitEffect": {
      "type": "multiEffect",
      "effects": [
        {
          "type": "ParticleEffect",
          "particles": 6,
          "sizeFrom": 10,
          "sizeTo": 1,
          "length": 90,
          "lifetime": 105,
          "lightOpacity": 0,
          "interp": "circleOut",
          "sizeInterp": "pow5In",
          "colorFrom": "66B1FFAa",
          "colorTo": "66B1FFAA",
          "cone": 360
        },
        {
          "type": "ParticleEffect",
          "offset": 30,
          "particles": 6,
          "lifetime": 80,
          "baseLength": 85,
          "length": 140,
          "interp": "circleOut",
          "sizeInterp": "pow5In",
          "cone": -30,
          "line": true,
          "strokeFrom": 5,
          "strokeTo": 0,
          "lenFrom": 14,
          "lenTo": 0,
          "lightColor": "A9D8FFFF",
          "colorFrom": "E1F2FFFF",
          "colorTo": "A9D8FFFF"
        },
        {
          "type": "ParticleEffect",
          "offset": 30,
          "particles": 30,
          "lifetime": 30,
          "baseLength": 85,
          "length": 80,
          "interp": "circleOut",
          "sizeInterp": "pow5In",
          "cone": -360,
          "line": true,
          "strokeFrom": 2,
          "strokeTo": 0,
          "lenFrom": 8,
          "lenTo": 0,
          "lightColor": "A9D8FFFF",
          "colorFrom": "E1F2FFFF",
          "colorTo": "A9D8FFFF"
        },
        {
          "type": "ParticleEffect",
          "particles": 6,
          "sizeFrom": 8,
          "sizeTo": 1,
          "length": 100,
          "lifetime": 90,
          "interp": "circleOut",
          "sizeInterp": "pow5In",
          "lightColor": "A9D8FFFF",
          "colorFrom": "E1F2FFFF",
          "colorTo": "A9D8FFFF",
          "cone": 360
        },
        {
          "type": "ParticleEffect",
          "particles": 5,
          "offset": 50,
          "sizeFrom": 10,
          "sizeTo": 1,
          "length": 60,
          "lifetime": 80,
          "interp": "circleOut",
          "sizeInterp": "pow5In",
          "lightColor": "A9D8FFFF",
          "colorFrom": "E1F2FFFF",
          "colorTo": "A9D8FFFF",
          "cone": 360
        },
        {
          "type": "ParticleEffect",
          "particles": 20,
          "sizeFrom": 2,
          "sizeTo": 1.5,
          "length": 90,
          "lifetime": 55,
          "interp": "fastSlow",
          "lightColor": "A9D8FFFF",
          "colorFrom": "E1F2FFFF",
          "colorTo": "A9D8FFFF",
          "cone": 360
        },
        {
          "type": "ParticleEffect",
          "particles": 15,
          "sizeFrom": 2,
          "sizeTo": 1.5,
          "length": 100,
          "lifetime": 55,
          "interp": "fastSlow",
          "lightColor": "A9D8FFFF",
          "colorFrom": "E1F2FFFF",
          "colorTo": "A9D8FFFF",
          "cone": 360
        }
      ]
    },
    "lightRadius": 100,
    "statusDuration": 200,
    "hitSound": "plasmaboom",
    "trailColor": "66B1FFFF",
    "trailSinScl": 2.5,
    "trailLength": 10,
    "trailWidth": 10,
    "trailSinMag": 0.5,
    "shrinkY": 0,
    "shrinkX": 0,
    "absorbable": false,
    "speed": 28,
    "lifetime": 45,
    "damage": 14000,
    "height": 45,
    "width": 32,
    "frontColor": "E1F2FFFF",
    "backColor": "66B1FFFF"
  },
  "requirements": [
    "astrolite/10000",
    "thorium/7000",
    "urbium/7750",
    "stellar-steel/8300",
    "siratla-diamond/6800",
    "blue-titan-alloy/1000",
    "terrilium/3750",
    "osmium/4800"
  ],
  "category": "turret",
  "research": "c-kilonova"
}
