{
  "type": "PowerTurret",
  "size": 8,
  "health": 8660,
  "range": 800,
  "reload": 380,
  "recoil": 4,
  "rotateSpeed": 2,
  "drawer": {
    "type": "drawTurret",
    "basePrefix": "quantra-"
  },
  "shootSound": "release",
  "chargeSound": "lasercharge",
  "shoot": {
    "firstShotDelay": 80
  },
  "consumes": {
    "power": 40
  },
  "hasPower": true,
  "shootType": {
    "chargeEffect": {
      "type": "MultiEffect",
      "lifetime": 80,
      "effects": [
        {
          "type": "ParticleEffect",
          "particles": 1,
          "sizeFrom": 0,
          "sizeTo": 10,
          "length": 0,
          "lifetime": 80,
          "colorFrom": "73FFAEFF",
          "colorTo": "73FFAEFF",
          "cone": 360
        },
        {
          "type": "WaveEffect",
          "lifetime": 80,
          "sizeFrom": 0,
          "sizeTo": 40,
          "strokeFrom": 0,
          "strokeTo": 6,
          "colorFrom": "73FFAEFF",
          "colorTo": "73FFAEFF"
        },
        {
          "type": "ParticleEffect",
          "particles": 10,
          "sizeFrom": 5,
          "sizeTo": 0,
          "length": 45,
          "baseLength": -45,
          "lifetime": 80,
          "colorFrom": "73FFAEFF",
          "colorTo": "73FFAEFF",
          "cone": 360
        }
      ]
    },
    "type": "basicBulletType",
    "sprite": "exogenesis-plasma",
    "hitSound": "plasmaboom",
    "status": "exogenesis-irradiated",
    "statusDuration": 300,
    "damage": 8700,
    "knockback": 4,
    "splashDamage": 500,
    "splashDamageRadius": 100,
    "hitShake": 10,
    "height": 40,
    "width": 40,
    "speed": 5,
    "lifetime": 200,
    "homingPower": 0.00769,
    "homingRange": 128,
    "shrinkX": 0,
    "shrinkY": 0,
    "hitEffect": {
      "type": "multiEffect",
      "effects": [
        {
          "type": "ParticleEffect",
          "line": true,
          "particles": 35,
          "lifetime": 30,
          "offset": 60,
          "length": 115,
          "cone": -360,
          "strokeFrom": 0,
          "strokeTo": 3.5,
          "sizeFrom": 8,
          "sizeTo": 0,
          "colorFrom": "73FFAEFF",
          "colorTo": "73FFAEFF"
        },
        {
          "type": "ParticleEffect",
          "particles": 35,
          "offset": 30,
          "sizeFrom": 4,
          "sizeTo": 0,
          "region": "exogenesis-triangle",
          "length": 105,
          "lifetime": 30,
          "colorFrom": "73FFAEFF",
          "colorTo": "57D993FF",
          "cone": 360
        },
        {
          "type": "ParticleEffect",
          "particles": 45,
          "sizeFrom": 7,
          "sizeTo": 0.30,
          "offset": 60,
          "length": 100,
          "lifetime": 200,
          "colorFrom": "73FFAEFF",
          "colorTo": "57D993FF",
          "cone": 360
        },
        {
          "type": "WaveEffect",
          "lifetime": 60,
          "sizeFrom": 100,
          "sizeTo": 100,
          "strokeFrom": 8,
          "strokeTo": 0,
          "colorFrom": "73FFAEFF",
          "colorTo": "73FFAEAA"
        },
        {
          "type": "WaveEffect",
          "lifetime": 50,
          "sizeFrom": 0,
          "sizeTo": 100,
          "strokeFrom": 8,
          "strokeTo": 0,
          "colorFrom": "73FFAEFF",
          "colorTo": "73FFAEFF"
        }
      ]
    },
    "despawnEffect": {
      "type": "multiEffect",
      "effects": [
        {
          "type": "ParticleEffect",
          "line": true,
          "particles": 35,
          "lifetime": 30,
          "offset": 60,
          "length": 115,
          "cone": -360,
          "strokeFrom": 0,
          "strokeTo": 3.5,
          "sizeFrom": 8,
          "sizeTo": 0,
          "colorFrom": "73FFAEFF",
          "colorTo": "73FFAEFF"
        },
        {
          "type": "ParticleEffect",
          "particles": 35,
          "offset": 30,
          "sizeFrom": 4,
          "sizeTo": 0,
          "region": "exogenesis-triangle",
          "length": 105,
          "lifetime": 30,
          "colorFrom": "73FFAEFF",
          "colorTo": "57D993FF",
          "cone": 360
        },
        {
          "type": "ParticleEffect",
          "particles": 45,
          "sizeFrom": 7,
          "sizeTo": 0.30,
          "offset": 60,
          "length": 100,
          "lifetime": 200,
          "colorFrom": "73FFAEFF",
          "colorTo": "57D993FF",
          "cone": 360
        },
        {
          "type": "WaveEffect",
          "lifetime": 60,
          "sizeFrom": 100,
          "sizeTo": 100,
          "strokeFrom": 8,
          "strokeTo": 0,
          "colorFrom": "73FFAEFF",
          "colorTo": "73FFAEAA"
        },
        {
          "type": "WaveEffect",
          "lifetime": 50,
          "sizeFrom": 0,
          "sizeTo": 100,
          "strokeFrom": 8,
          "strokeTo": 0,
          "colorFrom": "73FFAEFF",
          "colorTo": "73FFAEFF"
        }
      ]
    },
    "shootEffect": {
      "type": "WaveEffect",
      "lifetime": 20,
      "sizeFrom": 0,
      "sizeTo": 40,
      "strokeFrom": 0,
      "strokeTo": 7,
      "colorFrom": "73FFAEFF",
      "colorTo": "73FFAEFF"
    },
    "trailEffect": {
      "type": "MultiEffect",
      "lifetime": 80,
      "effects": [
        {
          "type": "ParticleEffect",
          "offset": 7,
          "particles": 6,
          "sizeFrom": 7,
          "sizeTo": 0.25,
          "length": 15,
          "baseLength": 15,
          "lifetime": 25,
          "colorFrom": "73FFAEFF",
          "colorTo": "73FFAEAA",
          "cone": 360
        },
        {
          "type": "ParticleEffect",
          "region": "exogenesis-triangle",
          "offset": 7,
          "particles": 10,
          "sizeFrom": 6,
          "interp": "circleOut",
          "sizeTo": 0,
          "length": 15,
          "baseLength": 15,
          "lifetime": 15,
          "colorFrom": "73FFAEFF",
          "colorTo": "73FFAEFF",
          "cone": 360
        }
      ]
    },
    "pierce": false,
    "absorbable": false,
    "trailChance": 2,
    "smokeEffect": "none",
    "frontColor": "FFFFFFFF",
    "backColor": "73FFAEFF",
    "fragBullets": 12,
    "fragBullet": {
      "type": "basicBulletType",
      "sprite": "exogenesis-electric-pulse",
      "status": "corroded",
      "statusDuration": 300,
      "height": 25,
      "width": 25,
      "shrinkX": 0,
      "shrinkY": 0,
      "lifetime": 80,
      "hitSize": 12,
      "speed": 3.5,
      "damage": 500,
      "pierce": true,
      "hitEffect": {
        "type": "ParticleEffect",
        "line": true,
        "particles": 7,
        "lifetime": 10,
        "length": 35,
        "cone": -360,
        "lenFrom": 7,
        "lenTo": 0,
        "colorFrom": "73FFAEFF",
        "colorTo": "73FFAEFF"
      },
      "despawnEffect": {
        "type": "ParticleEffect",
        "line": true,
        "particles": 7,
        "lifetime": 10,
        "length": 35,
        "cone": -360,
        "lenFrom": 7,
        "lenTo": 0,
        "colorFrom": "73FFAEFF",
        "colorTo": "73FFAEFF"
      },
      "frontColor": "FFFFFFFF",
      "backColor": "73FFAEFF"
    }
  },
  "requirements": [
    "valvanite/1000",
    "osmium/700",
    "plastanium/600",
    "silicon/800",
    "surge-alloy/400",
    "gamma-green/500"
  ],
  "category": "turret",
  "research": "g-nullifier"
}
