{
  "type": "PowerTurret",
  "hasPower": true,
  "health": 2500,
  "size": 3,
  "consumes": {
    "power": 20
  },
  "reload": 15,
  "rotateSpeed": 5,
  "range": 200,
  "shoot": {
    "shots": 6
  },
  "drawer": {
    "type": "drawTurret",
    "basePrefix": "quantra-"
  },
  "shootEffect": {
    "type": "ParticleEffect",
    "line": true,
    "particles": 5,
    "lifetime": 10,
    "length": 35,
    "cone": -360,
    "lenFrom": 1,
    "lenTo": 5,
    "colorFrom": "73FFAEFF",
    "colorTo": "73FFAEFF"
  },
  "shootType": {
    "type": "LightningBulletType",
    "status": "corroded",
    "lightningColor": "73FFAEFF",
    "lightningCone": 1,
    "damage": 18,
    "lightningLength": 30,
    "collidesAir": true
  },
  "requirements": [
    "lead/650",
    "silicon/250",
    "plastanium/400",
    "gamma-green/200",
    "osmium/100"
  ],
  "category": "turret",
  "shootSound": "spark",
  "research": {
    "parent": "g-gluon",
    "objectives": [
      "g-gluon",
      "g-ioner"
    ]
  }
}
