{
  "type": "PowerTurret",
  "researchCostMultiplier": 0.1,
  "size": 1,
  "health": 240,
  "reload": 34,
  "range": 180,
  "drawer": {
    "type": "drawTurret",
    "basePrefix": "quantra-"
  },
  "inaccuracy": 1,
  "targetAir": false,
  "shootEffect": {
    "type": "ParticleEffect",
    "line": true,
    "particles": 5,
    "lifetime": 10,
    "length": 35,
    "cone": -30,
    "lenFrom": 5,
    "lenTo": 0,
    "colorFrom": "73FFAEFF",
    "colorTo": "73FFAEFF"
  },
  "recoil": 0.7,
  "rotateSpeed": 5,
  "shootSound": "sap",
  "consumes": {
    "power": 1
  },
  "hasPower": true,
  "shootType": {
    "type": "BasicBulletType",
    "sprite": "exogenesis-plasma",
    "absorbable": true,
    "shrinkY": 0.1,
    "shrinkX": 0.1,
    "speed": 4,
    "trailColor": "73FFAEFF",
    "trailLength": 10,
    "trailWidth": 3,
    "lifetime": 40,
    "damage": 18,
    "status": "exogenesis-irradiated",
    "height": 13,
    "width": 13,
    "hitEffect": {
      "type": "ParticleEffect",
      "line": true,
      "particles": 5,
      "lifetime": 10,
      "length": 35,
      "cone": -360,
      "lenFrom": 5,
      "lenTo": 0,
      "colorFrom": "73FFAEFF",
      "colorTo": "73FFAEFF"
    },
    "despawnEffect": {
      "type": "WaveEffect",
      "lifetime": 25,
      "sizeFrom": 0,
      "sizeTo": 10,
      "strokeFrom": 4,
      "strokeTo": 0,
      "colorFrom": "73FFAEFF",
      "colorTo": "73FFAEFF"
    },
    "homingPower": 0.00389,
    "homingRange": 20,
    "frontColor": "FFFFFFFF",
    "backColor": "73FFAEFF"
  },
  "requirements": [
    "valvanite/20",
    "lead/140"
  ],
  "category": "turret",
  "research": "team-quantra"
}
