{
  "type": "LaserTurret",
  "size": 5,
  "health": 8000,
  "armor": 30,
  "reload": 220,
  "range": 250,
  "consumes": {
    "power": 22
  },
  "coolant": {
    "type": "ConsumeLiquid",
    "liquid": "slag",
    "booster": "false",
    "amount": 0.5
  },
  "heatRequirement": 30,
  "maxHeatEfficiency": 2,
  "outlineColor": "252525",
  "update": true,
  "hasPower": true,
  "drawer": {
    "type": "drawTurret",
    "basePrefix": "solran-"
  },
  "shootEffect": {
    "type": "multiEffect",
    "effects": [
      {
        "type": "ParticleEffect",
        "particles": 1,
        "lifetime": 20,
        "length": 0,
        "interp": "swingIn",
        "region": "exogenesis-tall",
        "sizeFrom": 20,
        "sizeTo": 0,
        "colorFrom": "FF5845FF",
        "colorTo": "FF5845FF"
      },
      {
        "type": "ParticleEffect",
        "particles": 1,
        "length": 0,
        "lifetime": 20,
        "interp": "swingIn",
        "region": "exogenesis-spikething",
        "sizeFrom": 17,
        "sizeTo": 1,
        "lightColor": "FF5845FF",
        "colorFrom": "FFC1BBFF",
        "colorTo": "FF5845FF"
      }
    ]
  },
  "shake": 4,
  "shootSound": "laserbig",
  "loopSound": "beam",
  "loopSoundVolume": 3.5,
  "recoil": 3,
  "rotateSpeed": 1.5,
  "cooldownTime": 280,
  "shootDuration": 300,
  "shootType": {
    "buildingDamageMultiplier": 0.3,
    "type": "ContinuousLaserBulletType",
    "damage": 125,
    "length": 250,
    "width": 7.5,
    "hitEffect": "hitMeltdown",
    "drawSize": 300,
    "shake": 1,
    "status": "melting",
    "statusDuration": 80,
    "despawnEffect": "smokeCloud",
    "smokeEffect": "smokeCloud",
    "colors": [
      "ff4951AA",
      "ff5547",
      "ff875c",
      "FFffffFF"
    ]
  },
  "requirements": [
    "thorium/600",
    "volcanite/300",
    "primal-red/600",
    "tungsten/450",
    "silicon/400",
    "beryllium/600"
  ],
  "category": "turret",
  "research": {
    "parent": "r-geothermal",
    "objectives": [
      "r-fury",
      "r-demon"
    ]
  }
}
