{
  "type": "PowerTurret",
  "researchCostMultiplier": 0.1,
  "size": 1,
  "health": 240,
  "reload": 28,
  "range": 180,
  "targetAir": false,
  "recoil": 0.7,
  "rotateSpeed": 5,
  "drawer": {
    "type": "drawTurret",
    "basePrefix": "elecian-"
  },
  "shootSound": "lasershoot",
  "consumes": {
    "power": 1
  },
  "hasPower": true,
  "shootType": {
    "type": "BasicBulletType",
    "sprite": "exogenesis-electric-pulse",
    "absorbable": false,
    "hittable": false,
    "shrinkY": 0.1,
    "shrinkX": 0.1,
    "speed": 4,
    "lifetime": 100,
    "damage": 24,
    "pierce": true,
    "maxRange": 180,
    "status": "slow",
    "statusDuration": 20,
    "height": 9,
    "width": 9,
    "hitEffect": {
      "type": "WaveEffect",
      "lifetime": 15,
      "sizeFrom": 0,
      "sizeTo": 25,
      "strokeFrom": 4,
      "strokeTo": 0,
      "colorFrom": "FFDA45FF",
      "colorTo": "F3E979FF"
    },
    "despawnEffect": {
      "type": "WaveEffect",
      "lifetime": 15,
      "sizeFrom": 0,
      "sizeTo": 25,
      "strokeFrom": 4,
      "strokeTo": 0,
      "colorFrom": "FFDA45FF",
      "colorTo": "F3E979FF"
    },
    "frontColor": "F3E979FF",
    "backColor": "FFDA45FF"
  },
  "requirements": [
    "silicon/27",
    "lead/104"
  ],
  "category": "turret",
  "research": "y-proton"
}
