{
  "type": "PowerTurret",
  "researchCostMultiplier": 0.2,
  "size": 2,
  "health": 240,
  "reload": 64,
  "range": 270,
  "inaccuracy": 12,
  "recoil": 1,
  "rotateSpeed": 2,
  "shootSound": "lasershoot",
  "drawer": {
    "type": "drawTurret",
    "basePrefix": "elecian-"
  },
  "shoot": {
    "type": "shootPattern",
    "shots": 5,
    "shotDelay": 5
  },
  "consumes": {
    "power": 6
  },
  "hasPower": true,
  "shootType": {
    "type": "BasicBulletType",
    "sprite": "exogenesis-plasma",
    "absorbable": true,
    "shrinkY": 0,
    "shrinkX": 0,
    "homingDelay": 10,
    "homingRange": 50,
    "homingPower": 0.01234,
    "drag": -0.01,
    "speed": 2.5,
    "lifetime": 100,
    "maxRange": 270,
    "damage": 24,
    "height": 5,
    "width": 5,
    "trailEffect": {
      "type": "ParticleEffect",
      "particles": 1,
      "length": 0,
      "lifetime": 24,
      "sizeFrom": 5,
      "sizeTo": 1,
      "region": "exogenesis-plasma-back",
      "colorFrom": "FFFFFFFF",
      "colorTo": "FFF68FFF"
    },
    "trailChance": 1,
    "hitEffect": {
      "type": "WaveEffect",
      "lifetime": 25,
      "sizeFrom": 0,
      "sizeTo": 30,
      "strokeFrom": 0,
      "strokeTo": 1,
      "colorFrom": "FFFFFFFF",
      "colorTo": "FFF68FFF"
    },
    "despawnEffect": {
      "type": "WaveEffect",
      "lifetime": 25,
      "sizeFrom": 0,
      "sizeTo": 30,
      "strokeFrom": 0,
      "strokeTo": 1,
      "colorFrom": "FFFFFFFF",
      "colorTo": "FFF68FFF"
    },
    "frontColor": "FFFFFFFF",
    "backColor": "FFF68FFF"
  },
  "requirements": [
    "silicon/38",
    "oltuxium/60",
    "copper/100"
  ],
  "category": "turret",
  "research": "y-proton"
}
