{
    "type": "BeamDrill",  // 类型为光束钻机
    "name": "晶离子钻",   // 物品名称
    "description": "掉墙上的都是我的！！！",  // 描述文本
    "tier": 10,          // 科技等级为10级（最高级）
    "health": 400,  // 设备耐久度
    "drillTime": 125,    // 开采时间125帧（约2秒）
    "size": 3,           // 占地3x3格
    "range": 15,         // 开采范围15格（从钻机中心计算）
    "alwaysUnlocked": false,  // 需要研发解锁（不默认开放）
    "requirements": [    // 建造所需资源
        "晶体/30",      // 30个晶体
        "silicon/25"     // 25个硅
    ],
    "category": "production",  // 分类为生产设施
    "research": "晶体钻头"    // 前置研究项目名称
}