{
  // 基础属性
  "type": "BurstDrill",          // 建筑类型：冲击钻
  "name": "错误钻头",            // 显示名称
  "description": "什么都能挖,除了会产生大量震动",  // 设备描述
  "tier": 5555,                     // 挖掘等级（决定可开采资源）
  "itemCapacity": 11450,            // 物品存储容量
  "liquidCapacity": 11450,          // 液体存储容量
  "health": 444400,  // 设备耐久度
  "hasLiquids": true,            // 是否允许液体存储
  
  // 工作参数
  "drillTime": 2,              // 每次挖掘周期（单位：游戏帧，60帧=1秒）
  
  // 外观设置
  "size": 1,                     // 建筑占地尺寸（3x3格）
  "category": "production",      // 建筑分类：生产类
  // 建造需求
  "requirements":[],
  
  "drillEffect": "dropItem",  // 钻孔效果
    "updateEffect": "none",  // 更新效果
    "research": "错误电源"
    
  // 方向指示器设置（用于显示输入输出方向）
  "arrowOffset": 0,          // 箭头Y轴偏移（负值=向内凹陷）
  "arrowSpacing": 0,            // 箭头间距（像素）
  "arrows": 1,                  // 箭头数量
  "arrowColor": "D2EFFFFF"      // 箭头颜色（ARGB格式，淡蓝色）
}