{
    "type":"material",//类型（不能改）
    "name":"虚空质",//名字
    "description":"一种有机物，这种物质十分粘稠，是之前我们碰到的那些奇怪的兵种上的一种物质",//介绍
    "details":"瞧瞧，我还会动呢"
    "color":"0D0C11FF",//物品源颜色
	"radioactivity":3,//放射性
	"flammability":2,//燃烧性
	"charge":1.5,//放电性
	"explosiveness":1,//爆炸性
    "hardness":1,
    "Cost":1,
    "alwaysUnlocked":false,
    "research": "虚空精华"
}    