{
	"name": "空之域",
	"show": false,
	"color": "99ecff",
	"damageMultiplier":1.2
	"reloadMultiplier":1.1
	"healthMultiplier":1.5
	"damage":-50
	"effectChance": 0.2
	"effect": {
	"type": "MultiEffect",
	"effects": [
		{
		"type": "ParticleEffect",
		"particles":1
		"baseLength":0
		"length": 0
		"lifetime":30
		"spin":0
	    "region":"以太编年史-菱形",
		"sizeFrom":0
		"sizeTo":12
		"colorFrom": "99e0ff30",
		"colorTo": "99ecffbe"
	}
	{
		"type": "ParticleEffect",
		"particles":1
		"startDelay":30
		"baseLength":0
		"length": 0
		"lifetime":30
		"spin":0
	    "region":"以太编年史-菱形",
		"sizeFrom":12
		"sizeTo":0
		"colorFrom": "99ecffbe",
		"colorTo": "99e0ff30"
	}
	]
	}
}