{
	"type": "flying",
	"name": "泽塔",
	"description": "下一个就是盖亚了（什）",
	"speed": 2.5,	
	"drag":0.05,
	"accel":0.1,
	"rotateSpeed":8,
	"ammoCapacity": 0,
	"hitSize":14, 
	"flying": true,
	"faceTarget": true,
	"range":240,
	"health": 900,
	"armor":8,
	"engineOffset": 2,
	"engineSize": 0.5,
	"buildSpeed": 2.5,
"mineTier": 8,
"mineSpeed": 10,
	"abilities":[
	{
    "type": "ForceFieldAbility"
    "radius": 32
    "regen": 1
    "max": 800
    "cooldown": 160
  }
  {"type":"EnergyFieldAbility",//能量场
"hitBuildings":false,
"damage":10,
"reload":30,
"range":240,
"maxTargets":0.5,
"color":"FFA96BFF",
"effectRadius":2.5,
"sectors":1,
"rotateSpeed":0.75,
"sectorRad":0.1,

"hitEffect":{
"type":"ParticleEffect",
"colorFrom":"84F491FF",//开始时颜色
"colorTo":"84F491FF",//结束时颜色
"region":"合金进化-斜十字",
"useRotation":false,
"particles":2,//粒子数量
"lifetime":15,//存在时间
"offset":0,//旋转偏移
"cone":0,//粒子扩散角度
"length":0,//粒子移动长度
"baseLength":0,//粒子在一定长度内出现
//"line":true,//形状为方形
"sizeFrom":8,
"sizeTo":2,
}
}
  ]
	    "itemCapacity": 120,
	    	"ammoType":{
	"type":"PowerAmmoType",
	"totalPower":100},
	"weapons":[ 
	{
"x":0,"y":2,
"ejectEffect":"casing1",
"top":false,
"reload":20,//装弹时间
"bullet":{
"type":"BasicBulletType",//基础子弹
"frontColor":"98ffa9","backColor":"98ffa9",
"width":7,"height":9,
"speed":6,"lifetime":40,
"damage":5,"collidesTeam":true,
"healPercent":1,"healAmount":5,
"reloadMultiplier":1,
    }   }
	{//治愈裂解
	
"type":"PointDefenseWeapon",
"name":"泽塔2",//名称
"x":-6,"y":-5,
"reload":5,
"targetInterval":5,
"targetSwitchInterval":5,
"top":true,
"mirror":true,//镜像
"bullet":{
"type":"BulletType",
"shootEffect":"sparkShoot",
"maxRange":200,
"damage":15,
"ammoMultiplier":1,//每个物品能够
}}
	{
	"name":"泽塔1"
"x":-5,"y":2,
"mirror":true
	 "reload":20,
	 "shootSound": "missile",
	 "inaccuracy": 0,
	   "rotate":true
	"bullet":{
	"type":"MissileBulletType",
	"damage": 25,
	"splashDamageRadius":8,
	"splashDamage":15,
	"trailLength":6,
	"trailWidth":4,
    "backColor":"FF8C00",
	"frontColor":"FFB90F", 
	"trailEffect":"smoke",
	"trailColor":"FF8C00",
"buildingDamageMultiplier":1
	"homingRange": 40,
	"homingPower": 0.06,
    "hitEffect":"explosion",
    "despawnEffect":"explosion",
	"width": 8,	"height": 10,
	"speed": 6,	"lifetime": 40
	}
	}
	    ]
}
