{
	"type": "flying",
	"name": "皊号战舰",
	"description": "创世神，是无法被打败的",
	"speed": 0.7,	//每秒x*7.5格
	"drag":0.05,
	"accel":0.1,
	"rotateSpeed":1,
	"ammoCapacity": 0,
	"hitSize":50, 
	"abilities":[
	{"type":"ShieldArcAbility",//弧形半盾
"radius":68.75,
"regen":1,
"max":5000,
"cooldown":1200,
"angle":180,
"whenShooting":false,
"width":15,
"drawArc":true,
}
    { 
    "type": "UnitSpawnAbility",
    "unit": "大型爬爬",
    "spawnX":38,
    "spawnY": -18.5,
    "spawnTime": 1200
    },
        { 
    "type": "UnitSpawnAbility",
    "unit": "大型爬爬",
    "spawnX": -38,
    "spawnY": -18.5,
    "spawnTime": 1200
    },
            { 
    "type": "UnitSpawnAbility",
    "unit": "大型爬爬",
    "spawnX": -38,
    "spawnY": -23.5,
    "spawnTime": 1200
    },
            { 
    "type": "UnitSpawnAbility",
    "unit": "大型爬爬",
    "spawnX": 38,
    "spawnY": -23.5,
    "spawnTime": 1200
    },
    {
"type": "ForceFieldAbility"
"radius": 150//范围，8为一格
"regen": 4
"max": 20200//护盾容量
"cooldown": 800
}]
	"flying": true,
	"faceTarget": true,
	"range":320,
	"health": 250000,
	"armor":48,
	"research": "无",
	    "itemCapacity": 5,
	    	"ammoType":{
	"type":"PowerAmmoType",
	"totalPower":100},
	  "immunities":[
	"blasted",
	"burning",
	"electrified",
	"freezing",
	"melting",
	"muddy",
	"sapped",
	"shocked",
	"slow",
	"tarred",
	"unmoving",
	"wet",
	"spore-slowed",
	"corroded"
	"冻结"
	"冰冻"
	],
	"weapons":[ 
	{
	 "x":0
  "y":17.5
	 "top": true
  "rotate":false
	"shootEffect": "none",
 "smokeEffect": "none",
 	"width":0
  "reload": 50
  "shots": 1,
  "inaccuracy":0
  "shootSound":"laser",
  "mirror":false
  "ignoreRotation": false,
	"bullet":{
	"type":"LaserBulletType"
 "hitEffect":"hitLancer"
 "despawnEffect":"none"
 "length":360
	"shootSound":"laser",
 "width":40
 "hitSize":5
 "lifetime":20
 "drawSize":400
	"damage":800
	}
	}
		{	"name": "激光炮",
    "mirror":false,
    "top":false,
    "shake":4,
    "shootY":10,
    "x":0,"y":17.5,
    "firstShotDelay":60,
    "shootStatusDuration":120,
    "reload":120,//攻击间隔
    "shootSound":"GB",
    "continuous":true,
    "cooldownTime":180,
        "bullet":{
            "type":"ContinuousLaserBulletType",
            "damage":500,//每秒12倍伤害
            "length":400,//激光长度
            "width":18,//宽度
            "hitEffect":"none",
            "drawSize":300,
            "lifetime":120,
            "shake":1,
            "smokeEffect":"none",
            "shootEffect":"none",
            "incendChance":1,
            "incendSpread":1,
            "incendAmount":1,
			"collidesTeam":true
            "colors":["00BFFFFF","49D1FFFF","A3E8FFFF""EAFAFFFF"]
    }
    }
	{
	"name":"皊号战舰2"
"x":0,"y":0,
"shake":2.2,
"ejectEffect":"none",
"recoil":1,
"top":false,
"reload":120,//装弹时间
"shootSound":"spark",
"bullet":{
"type":"BasicBulletType",//基础子弹
"sprite":"circle-bullet",//子弹贴图
"frontColor":"49D1FFFF",
"backColor":"49D1FFFF",
"reloadMultiplier":1,//装弹速度倍率
"pierce":true,//穿透
"pierceBuilding":true,//穿透建筑
"pierceCap":4,//穿透数量
"laserAbsorb":true,//被塑钢吸收
"absorbable":true,//受力墙影响
"hittable":false,//被分解
"reflectable":false,//被反弹
"lifetime":40,//存在时间，帧
"speed":10,
"intervalRandomSpread":0,//随机角度
"bulletInterval":2,//分裂间隔
                "intervalBullets":2,//分裂子弹数
                "intervalAngle":0,//分裂起始角度
                "intervalSpread":72,//分裂角度（建立在起始角度基础之上，所有分裂子弹的角度总和）
                "fragVelocityMin":0,
                "fragVelocityMax":0,
        "intervalBullet":{
"damage":50,//伤害
"splashDamage":50,//范围伤害
"splashDamageRadius":12,//范围伤害距离
"lightningDamage":25,//闪电伤害
"lightning":4,//闪电数量
"lightningLength":15,//长度？
"lightningColor":"49D1FFFF"//闪电颜色
"shrinkX":0,"shrinkY":0,
"height":8,"width":8,
"hitSize":8,//子弹碰撞箱大小
"homingPower":0.015,//追踪力度
"homingRange":200,//追踪范围，8/格
"pierce":true,//穿透
"pierceBuilding":true,//穿透建筑
"pierceCap":2,//穿透数量
"laserAbsorb":true,//被塑钢吸收
"absorbable":true,//受力墙影响
"hittable":false,//被分解
"reflectable":false,//被反弹
"lifetime":360,//存在时间，帧
"speed":2,
"drag":0.008
"frontColor":"49D1FFFF",
"backColor":"49D1FFFF",
}
}}
	{
	"name":"皊号战舰1"
"x":0,"y":0,
"shake":2.2,
"ejectEffect":"none",
"recoil":1,
"top":false,
"reload":40,//装弹时间
"shootSound":"spark",
"bullet":{
"type":"BasicBulletType",//基础子弹
"sprite":"circle-bullet",//子弹贴图
"frontColor":"49D1FFFF",
"backColor":"49D1FFFF",
"reloadMultiplier":1,//装弹速度倍率
"pierce":true,//穿透
"pierceBuilding":true,//穿透建筑
"pierceCap":4,//穿透数量
"laserAbsorb":true,//被塑钢吸收
"absorbable":true,//受力墙影响
"hittable":false,//被分解
"reflectable":false,//被反弹
"homingPower":0.015,//追踪力度
"homingRange":200,//追踪范围，8/格
"lifetime":360,//存在时间，帧
"speed":0.8,
"damage":180,//伤害
"splashDamage":45,//范围伤害
"splashDamageRadius":12,//范围伤害距离
"lightningDamage":25,//闪电伤害
"lightning":20,//闪电数量
"lightningLength":25,//长度？
"lightningColor":"49D1FFFF"//闪电颜色
"shrinkX":0,"shrinkY":0,
"height":20,"width":20,
"hitSize":20,//子弹碰撞箱大小
}}
	{
"x":33,"y":42.5,
"shake":2,
"top":false,
"mirror":true,//镜像
"reload":120,//装弹时间
"recoil":0,
"shootSound":"laser",
"bullet":{
"type":"LaserBulletType",//基础子弹
"damage":420,
"sideAngle":30,
"sideWidth":1,
"sideLength":35,
"length":360,
"colors":[49D1FFFF,49D1FFFF,49D1FFFF],//颜色
"ammoMultiplier":1,//每个物品能够
}}
/*		    {
    "mirror":false,
    "top":false,
    "shake":4,
    "shootY":10,
    "x":0,"y":17.5,
    "firstShotDelay":120,
    "shootStatusDuration":120,
    "reload":120,//攻击间隔
    "shootSound":"laserbig",
    "continuous":true,
    "cooldownTime":180,
        "bullet":{
            "type":"ContinuousLaserBulletType",
            "damage":140,//每秒12倍伤害
            "length":400,//激光长度
            "width":8,//宽度
            "hitEffect":"none",
            "drawSize":300,
            "lifetime":300,
            "shake":1,
            "smokeEffect":"none",
            "shootEffect":"none",
            "incendChance":1,
            "incendSpread":1,
            "incendAmount":1,
			"collidesTeam":true
            "colors":["00BFFFFF","49D1FFFF","A3E8FFFF""EAFAFFFF"]
                    "hitEffect": {
    "type": "MultiEffect",
    "effects": [
    {
    "type": "ParticleEffect",
    "particles": 1,
    "sizeFrom": 10,
    "sizeTo": 10,
    "length": 0,
    "baseLength": 8,
    "lifetime": 5,
    "colorFrom": "49D1FFFF",
    "colorTo": "A3E8FFFF",
    "cone": 360
    }]}
    }
    }*/
  	{	"name": "皊号战舰副炮",	
		"reload": 80,
        "x": 50,  "y": -5, 
        "rotate": true,
        "mirror":true,
        "inaccuracy": 0,
        "shootSound":"railgun",
            "rotateSpeed":1,
		"alternate": false,
		"bullet":{	
		"type":"PointBulletType",
		"trailEffect": "instTrail",
		"trailSpacing": 15,	
		"shootEffect": "instShoot",
	    "damage":400,
	    "speed":100,
	    "lifetime":15,
	    "smokeEffect":"smokeCloud",
	    "hitEffect":"instHit",
	    "despawnEffect":"instBomb"
	    		"healPercent":1
			 "collidesTeam":true
			 		"pierceArmor":true,//穿甲
			"sprite":"合金进化-angle",//子弹贴图
			"spin": 0,//子弹旋转速度
			"shrinkY": 0,"shrinkX": 0,//子弹变形程度
			"damage": 480,
			"speed": 25,
			"lifetime":24,
			"pierce":true,//穿透
			"width":16,	"height":72,//宽长度
			"ammoMultiplier":1,
			"fragBullet": {
"type":"LightningBulletType",
"despawnSound":"spark",
"damage":70,
"status":"burning",
"statusDuration": 120,
"lightningLength":8,
"lightningLengthRand":8,
"lightningColor":"49D1FFFF",//闪电颜色
"hitEffect":"hitLancer"
}
			"knockback":8,//击退力
			"backColor":"49D1FFFF",
			//子弹边缘颜色
			"frontColor":"A3E8FFFF",
			//子弹中心颜色
			"status":"electrified",
			"shootEffect": "shootBig"},
			 		         	}
]
}
