{
	"name": "物质补正场",
	"description": "获取数据库中的数据以修理建筑，注意，是修理，不是重建",
	"health":800,
	"size": 2,
	"reload": 300,
	"range": 160,
	"healPercent": 50,//一次修复量（百分比）
	"itemCapacity": 10,
	"phaseBoost": 25,//速度加成，单位：百分比，实际加成=size²*所填数值，和钻头一样
	"phaseRangeBoost": 60,//范围加成，单位为1/8
	"consumes": {
		"power": 1,
		"items": {
			"items": [
				"金/5",
			],
			"optional": true,
			"booster": true
		}
	},
	"requirements": [
		"铁/500"
		"黄铜/500"
		"安山合金/300"
	],
	"category": "effect",
		"research": {
		"parent": "电缆",
		"requirements": [
			"铁/5000"
			"黄铜/5000"
			"安山合金/3000"
		]
		"objectives": [
			{
				"type": "SectorComplete",
				"preset": "卫星前哨"
			}
		]
	}
}