{
    "type": "PowerNode",
    "name": "DFC模块框架",
    "description": "暗核聚变反应堆基础设施的外壳，已设置电源接口，仅能连接电路。",
    "details": "简单且坚固的外壳。",
    "size": 1,
    "health": 800,
    "maxNodes": 2,
    "laserRange": 10,
    "hasPower": true,
    "consumesPower": true,
    "outputsPower": true,
    "consumes": {
        "powerBuffered": 100
    },
    "requirements": [
        
    ],
    "category": "defense",
    "research": {
        "parent": "铁",
    }
}