{
	"name":"力场",
	"type": "ShieldWall"/*"Wall"*/,
	"description":"这只是一个不知道怎么就人为形成出的力场，可以反弹极少部分子弹。我们制作了一个载体承载它，甚至不需要电力维持。",
	"details":"事实证明，这个东西并不稳定，得亏关了友伤。"
	"health":18000,
	"size":2,
	"placeableLiquid":true,
	/*"consumesPower":50
	"outputsPower":false,
	"hasPower":true,*/
	//"healPercent":0.03
	"chanceDeflect":8,//偏离机会
	"armor":10,//装甲
	"shieldHealth":1350,//盾生命
	"breakCooldown":1,//休息冷却
	"regenSpeed":6,//恢复速度
	//"shieldRadius":2,//盾半径
	"insulated":false,//挡住激光节点
	"absorbLasers":false,//吸收激光
	//"deflect" :false,//反弹子弹
	"chanceDeflect":0.3,//反转概率
	"lightningChance":0.7,//反弹闪电
	"lightningDamage":30,	//闪电伤害
	"lightningLength":14,//闪电长度
	//"lightningLengthRand":2,//照明长度
	"requirements": [
	"上帝粒子/680",
	"胶子/750"
	],
	"category": "defense",
	"research": {
		"parent": "大型钚墙",
		"requirements":[
		"上帝粒子/200",
		"胶子/250"
		]
	},

}
