{
	"name":"错误",
	"type": "Wall",
	"description":"[red]ERROR",
	"details":"[red]出现未知错误！"
	"health":0,
	"size":2,
	"armor":0,
	"group":"walls"
	"placeableLiquid":false,
	"insulated":false,//挡住激光节点
	"baseExplosiveness": 99999999999,
    "breakSound": "boom",
	"absorbLasers":false,//吸收激光
	//"deflect" :false,//反弹子弹
	"chanceDeflect":0,//反转概率
	"lightningChance":0,//反弹闪电
	"lightningDamage":0,	//闪电伤害
	"lightningLength":0,//闪电长度
	//"lightningLengthRand":0,//照明长度
	"requirements": [
	
	],
	"category": "defense",
	"research": {
		"parent": "力场",
		"requirements":[
		
		]
	},

}
