{
	"name":"空洞异噬者-hand",
	"speed": 2
	"outlineColor":"32323cff",
	"faceTarget":false,
	"circleTarget": true,
	"omniMovement": true,
	"rotateMoveFirst": true,
	"accel": 0.5,"drag": 0.05,
	"engineOffset":0
	"engineSize":0
	"hitSize": 76
	"health":142800
	"armor":86
	"rotateSpeed": 1
    "immunities":[
"blasted","burning","electrified","freezing","melting","disarmed","sapped","shocked","slow","tarred","unmoving","wet","spore-slowed","corroded","不稳定态","短路","熔断","极寒","紊乱","审判","融熔"
],
	"abilities": [
		{	"type":"StatusFieldAbility",
			"duration":3000
			"reload": 720
			"range":32
			"applyEffect": "none",
			"effect": "overclock",
		}
		{	"type":"StatusFieldAbility",
			"duration":3000
			"reload": 720
			"range":1
			"applyEffect": "none",
			"effect": "空之域",
		}
		{
"type":"RegenAbility",
"percentAmount":0.00032
}
{
"type":"ShieldArcAbility",
"radius":48
"width":12
"max":40800
"regen":5
"cooldown":200
"angle":120
"angleOffset":82
}
{
"type":"ShieldArcAbility",
"radius":48
"width":12
"max":40800
"regen":5
"cooldown":200
"angle":120
"angleOffset":-82
}
]
	"weapons": [
	    {
        "name": "发动机",
        "y": -18.75,"x":24.75,
        "mirror":true,
        "alternate": false,
        "top": true,
        "rotate": false,
        "shootY":2,
        "display": false,
        "baseRotation":-135,
        "shootSound": "none",
        "alwaysShooting": true,
        "alwaysContinuous": true,
        "continuous": true,
        "parentizeEffects": true,
        "bullet": {
            "type": "ContinuousFlameBulletType",
                "colors": [
                "99ecff50",
                "99ecff83",
                "99ecff78",
                "99ecffFF"
        ],
            "damage":0,
            "layer": 110,
            "intervalBullets": 2,
            "intervalRandomSpread": 1,
            "bulletInterval": 2.7,
    "intervalBullet": {
        "type": "BulletType",
        "despawnHit": false,
        "despawnEffect": "none",
        "shootEffect": "none",
    "hitEffect": {
        "type":"multiEffect",
        "followParent": false,
        "rotWithParent": false,
    "effects":[
    {
        "type": "ParticleEffect",
        "followParent": true,
        "rotWithParent": true,
        "line": true,
        "layer": 108,
        "particles": 1,
        "lifetime": 31,
        "interp": "circleOut",
        "length": 35,
        "baseLength": 8,
        "cone": 20,
        "strokeFrom": 2,
        "lenFrom": 10,
        "lenTo": 0,
        "colorFrom": "99e0ff",
        "colorTo": "99e0ff"
                }
            ]
        },
        "lifetime": 0,
        "instantDisappear": true
    },
            "drawFlare": false,
            "collides": false,
            "width":3.5
            "divisions": 18,
            "length":18
        }
    },
	    {
	        "name":"空洞异噬者-牙"
	        "shootCone":20
	    	"x":0
			"y":0
			"inaccuracy":0
			"shootCone":30
			"mirror":false
			"minWarmup":0.9,
            "warmupMaintainTime":800
            "shootWarmupSpeed":0.018
			//"shootSound": "DBZ5",
			"shootY":18
			"shootStatusDuration": 6,
			"shootStatus": "slow",
			"shake": 4
			"rotate":false
			"rotateSpeed":5
			"reload":1020
			"cooldownTime":20
			"alternate": true,
			"autoTarget": true,
			"continuous": true,
			"shootSound": "beam",
			"bullet": {
				"type": "ContinuousLaserBulletType",
				"damage": 1384,
				"knockback":8,
				"width":28,
				"length":5300,
				"layer":111
				"colors": [
					"99ecff60",
					"99ecff80",
					"c0ecff90"
					"000000ff"
				],
				"hitEffect": {
					"type": "ParticleEffect",
					"particles": 5,
					"line": true,
					"strokeFrom":9,
					"strokeTo": 0,
					"lenFrom": 28,
					"lenTo": 15,
					"length": 1,
					"baseLength": 8,
					"lifetime": 8,
					"colorFrom": "99ecff",
					"colorTo": "99ecff",
					"cone": 38
				},
				"lifetime":608,
				"shake": 6,
				"largeHit": false,
				"despawnEffect": "smokeCloud",
				"shootEffect": "shootHeal",
				"smokeEffect": "none",
				"incendChance": 5,
				"incendSpread": 8,
				"incendAmount":8,
				"spawnBullets": [
					{
						"type": "LightningBulletType",
						"damage": 44,
						"lightningColor": "99ecff",
						"hitColor": "99ecff",
						"lightningLength":3,
						"lightningLengthRand":46,
						"hitEffect": "hitLancer",
						"despawnEffect": "none",
						"statusDuration": 60
					},
					{
						"type": "LightningBulletType",
						"damage": 544,
						"lightningColor": "99ecff",
						"hitColor": "99ecff",
						"lightningLength":4,
						"lightningLengthRand":38,
						"hitEffect": "hitLancer",
						"despawnEffect": "none",
						"statusDuration": 60
					},
				]
			}
				"parts": [
				{
					"type": "RegionPart",
					"progress": "warmup",
					"layerOffset": -0.001,
					"x":-26.25,
					"y":0,
					"rotation":0,
					"mirror": false,
					"suffix": "-l",
					"moveX": -2.5,
					"moveY":-0.8,
					"moveRot":10.25
				}
					{
					"type": "RegionPart",
					"progress": "warmup",
					"layerOffset": -0.001,
					"x":26.25,
					"y":0,
					"rotation":0,
					"mirror": false,
					"suffix": "-r",
					"moveX": 2.5,
					"moveY":-0.8,
					"moveRot":-10.25
				}
			],
		}
	]
}