{
    "targetAir": false,
    "targetGround": true,
    "type": "legs",
    "drag": 0.4,
    "faceTarget": true,
    "flying": false,
    "rotateSpeed": 3,
    "legBaseOffset": 3,
    "legCount": 6,
    "legMaxLength": 1.1,
    "legMinLength": 0.6,
    "legLengthScl": 0.96,
    "legForwardScl": 2,
    "legExtension": -4,
    "legStraightness": 0.3,
    "legPhysicsLayer": false,
    "legContinuousMove": true,
    "lockLegBase": true,
    "rippleScale": 0.2,
    "legMoveSpace": 0.6,
    "legLength": 18,
    "name": "星涌",
    "description": "二级蜘蛛单位，可以同时发射数枚爆破子弹",
    "research": {
        "parent": "acaa星尘",
        "objectives": [
            "acaa星尘"
        ]
    },
    "speed": 0.9,
    "hitSize": 18,
    "health": 1440,
    "armor": 4,
    "range": 130,
    "weapons": [
        {
            "name": "none",
            "top": false,
            "mirror": false,
            "x": 0,
            "y": 0.5,
            "shootSound": "missile",
            "reload": 120,
            "recoil": 0,
            "shootStatus": "slow",
            "shootStatusDuration": 30,
            "shoot": {
                "type": "ShootBarrel",
                "barrels": [
                    0, 0, 4,
                    0, 0, 0,
                    0, 0, -4
                ],
                "shots": 3
            },
            "parts": [
                {
                    "type": "shapePart",
                    "hollow": true,
                    "circle": true,
                    "y": 0.5,
                    "layer": 110,
                    "color": "C1BEFAFF",
                    "stroke": 0,
                    "strokeTo": 1,
                    "radiusTo": 4,
                    "radius": 4
                },
                {
                    "type": "HaloPart",
                    "y": 0.5,
                    "radius": 2,
                    "tri": true,
                    "layer": 110,
                    "color": "C1BEFAFF",
                    "haloRotateSpeed": -1,
                    "haloRadius": 4,
                    "haloRadiusTo": 4,
                    "stroke": 0,
                    "strokeTo": 2,
                    "shapes": 2,
                    "triLengthTo": 4,
                    "triLength": 0
                },
                {
                    "type": "HaloPart",
                    "y": 0.5,
                    "radius": 2,
                    "tri": true,
                    "layer": 110,
                    "color": "C1BEFAFF",
                    "haloRotateSpeed": 1,
                    "haloRadius": 4,
                    "haloRadiusTo": 4,
                    "stroke": 0,
                    "strokeTo": 2,
                    "shapes": 2,
                    "triLengthTo": 4,
                    "triLength": 0
                }
            ],
            "bullet": {
                "keepVelocity": false,
                "recoil": 2,
                "sprite": "狐冥-star",
                "spin": 4,
                "frontColor": "837DE8FF",
                "backColor": "C1BEFAFF",
                "width": 15,
                "height": 15,
                "shrinkY": 0,
                "shrinkX": 0,
                "speed": 4,
                "lifetime": 35,
                "damage": 45,
                "splashDamageRadius": 24,
                "splashDamage": 45,
                "collides": true,
                "trailColor": "C1BEFAFF",
                "trailParam": 2,
                "trailWidth": 2,
                "trailLength": 8,
                "trailEffect": "none",
                "shootEffect": {
                    "type": "multiEffect",
                    "effects": [
                        {
                            "type": "WaveEffect",
                            "lifetime": 25,
                            "sizeFrom": 0,
                            "sizeTo": 20,
                            "strokeFrom": 3.5,
                            "strokeTo": 0,
                            "colorFrom": "837DE8FF",
                            "colorTo": "C1BEFAFF"
                        },
                        {
                            "type": "ParticleEffect",
                            "region": "狐冥-方",
                            "particles": 9,
                            "length": 40,
                            "lifetime": 48,
                            "interp": "circleOut",
                            "sizeInterp": "pow5Out",
                            "cone": 360,
                            "colorFrom": "837DE8FF",
                            "colorTo": "C1BEFAFF",
                            "sizeFrom": 5.5,
                            "sizeTo": 0
                        }
                    ]
                },
                "hitEffect": {
                    "type": "multiEffect",
                    "effects": [
                        {
                            "type": "WaveEffect",
                            "lifetime": 25,
                            "sizeFrom": 0,
                            "sizeTo": 20,
                            "strokeFrom": 3.5,
                            "strokeTo": 0,
                            "colorFrom": "837DE8FF",
                            "colorTo": "C1BEFAFF"
                        },
                        {
                            "type": "ParticleEffect",
                            "region": "狐冥-方",
                            "particles": 9,
                            "length": 40,
                            "lifetime": 48,
                            "interp": "circleOut",
                            "sizeInterp": "pow5Out",
                            "cone": 360,
                            "colorFrom": "837DE8FF",
                            "colorTo": "C1BEFAFF",
                            "sizeFrom": 4.5,
                            "sizeTo": 0
                        }
                    ]
                }
            }
        },
        {
            "name": "none",
            "top": false,
            "mirror": false,
            "x": 0,
            "y": 0.5,
            "shootSound": "missile",
            "reload": 120,
            "recoil": 0,
            "shootStatus": "slow",
            "shootStatusDuration": 30,
            "shoot": {
                "type": "ShootBarrel",
                "barrels": [
                    0, 0, 0,
                    0, 0, 0,
                    0, 0, 0
                ],
                "shotDelay": 3,
                "shots": 3
            },
            "bullet": {
                "keepVelocity": false,
                "recoil": 0,
                "sprite": "狐冥-star",
                "spin": 4,
                "frontColor": "837DE8FF",
                "backColor": "C1BEFAFF",
                "width": 15,
                "height": 15,
                "shrinkY": 0,
                "shrinkX": 0,
                "speed": 4,
                "lifetime": 35,
                "damage": 45,
                "splashDamageRadius": 24,
                "splashDamage": 45,
                "collides": true,
                "homingRange": 80,
                "homingPower": 0.05,
                "trailColor": "C1BEFAFF",
                "trailParam": 2,
                "trailWidth": 2,
                "trailLength": 8,
                "trailEffect": "none",
                "hitEffect": {
                    "type": "multiEffect",
                    "effects": [
                        {
                            "type": "WaveEffect",
                            "lifetime": 25,
                            "sizeFrom": 0,
                            "sizeTo": 20,
                            "strokeFrom": 3.5,
                            "strokeTo": 0,
                            "colorFrom": "837DE8FF",
                            "colorTo": "C1BEFAFF"
                        },
                        {
                            "type": "ParticleEffect",
                            "region": "狐冥-方",
                            "particles": 9,
                            "length": 40,
                            "lifetime": 48,
                            "interp": "circleOut",
                            "sizeInterp": "pow5Out",
                            "cone": 360,
                            "colorFrom": "837DE8FF",
                            "colorTo": "C1BEFAFF",
                            "sizeFrom": 4.5,
                            "sizeTo": 0
                        }
                    ]
                }
            }
        }
    ]
}