{
    "targetAir": false,
    "targetGround": true,
    "type": "legs",
    "legCount": 6,
    "legMoveSpace": 1,
    "legLength": 44,
    "legExtension": -10,
    "legBaseOffset": 8,
    "legSpeed": 0.2,
    "legLengthScl": 0.96,
    "rippleScale": 2,
    "legContinuousMove": true,
    "legSplashDamage": 48,
    "legSplashRange": 32,
    "allowLegStep": true,
    "hovering": true,
    "name": "星幻",
    "description": "五级蜘蛛单位，装载有能量炮和速射炮，能够发射能量弹和量子爆破弹，攻击时会激活中心位置的芯片来获得持续几秒的约50%免伤效果",
    "research": {
//        "parent": "acad星陨"
    },
    "speed": 0.62,
    "hitSize": 54,
    "health": 17700,
    "faceTarget": true,
    "armor": 27,
    "drag": 0.4,
    "range": 260,
    "rotateSpeed": 2,
    "abilities": [
        {
            "type": "ArmorPlateAbility",
            "healthMultiplier": 0.5
        }
    ],
    "weapons": [
        {
            "name": "fcae星幻速射炮",
            "top": false,
            "shoot": {
                "type": "ShootBarrel",
                "barrels": [
                    -4.25, 8.5, 0,
                    0, 8.5, 0,
                    4.5, 8.5, 0,
                    4.5, 8.5, 0,
                    0, 8.5, 0,
                    -4.25, 8.5, 0
                ],
                "shotDelay": 2.5,
                "shots": 6
            },
            "mirror": true,
            "x": 14.75,
            "y": -19,
            "shootSound": "missile",
            "reload": 120,
            "recoil": 0,
            "parts": [
                {
                    "type": "shapePart",
                    "hollow": true,
                    "circle": true,
                    "y": 3,
                    "layer": 110,
                    "color": "C1BEFAFF",
                    "stroke": 0,
                    "strokeTo": 1,
                    "radiusTo": 3,
                    "radius": 3
                },
                {
                    "type": "HaloPart",
                    "y": 3,
                    "radius": 2,
                    "tri": true,
                    "layer": 110,
                    "color": "C1BEFAFF",
                    "haloRotateSpeed": -1,
                    "haloRadius": 3,
                    "haloRadiusTo": 3,
                    "stroke": 0,
                    "strokeTo": 2,
                    "shapes": 2,
                    "triLengthTo": 3,
                    "triLength": 0
                },
                {
                    "type": "HaloPart",
                    "y": 3,
                    "radius": 2,
                    "tri": true,
                    "layer": 110,
                    "color": "C1BEFAFF",
                    "haloRotateSpeed": 1,
                    "haloRadius": 3,
                    "haloRadiusTo": 3,
                    "stroke": 0,
                    "strokeTo": 2,
                    "shapes": 2,
                    "triLengthTo": 3,
                    "triLength": 0
                }
            ],
            "bullet": {
                "sprite": "狐冥-star",
                "spin": 4,
                "frontColor": "837DE8FF",
                "backColor": "C1BEFAFF",
                "width": 15,
                "height": 15,
                "shrinkY": 0,
                "shrinkX": 0,
                "speed": 8,
                "lifetime": 32.5,
                "damage": 80,
                "splashDamageRadius": 24,
                "splashDamage": 100,
                "collides": true,
                "homingRange": 80,
                "homingPower": 0.05,
                "trailColor": "C1BEFAFF",
                "trailParam": 2,
                "trailWidth": 2,
                "trailLength": 8,
                "trailEffect": "none",
                "shootEffect": {
                    "type": "multiEffect",
                    "effects": [
                        {
                            "type": "WaveEffect",
                            "lifetime": 25,
                            "sizeFrom": 0,
                            "sizeTo": 20,
                            "strokeFrom": 3.5,
                            "strokeTo": 0,
                            "colorFrom": "837DE8FF",
                            "colorTo": "C1BEFAFF"
                        },
                        {
                            "type": "ParticleEffect",
                            "region": "狐冥-方",
                            "particles": 9,
                            "length": 40,
                            "lifetime": 48,
                            "interp": "circleOut",
                            "sizeInterp": "pow5Out",
                            "cone": 360,
                            "colorFrom": "837DE8FF",
                            "colorTo": "C1BEFAFF",
                            "sizeFrom": 5.5,
                            "sizeTo": 0
                        }
                    ]
                },
                "hitEffect": {
                    "type": "multiEffect",
                    "effects": [
                        {
                            "type": "WaveEffect",
                            "lifetime": 25,
                            "sizeFrom": 0,
                            "sizeTo": 20,
                            "strokeFrom": 3.5,
                            "strokeTo": 0,
                            "colorFrom": "837DE8FF",
                            "colorTo": "C1BEFAFF"
                        },
                        {
                            "type": "ParticleEffect",
                            "region": "狐冥-方",
                            "particles": 9,
                            "length": 40,
                            "lifetime": 48,
                            "interp": "circleOut",
                            "sizeInterp": "pow5Out",
                            "cone": 360,
                            "colorFrom": "837DE8FF",
                            "colorTo": "C1BEFAFF",
                            "sizeFrom": 4.5,
                            "sizeTo": 0
                        }
                    ]
                }
            }
        },
        {
            "name": "fcae星幻喷火器",
            "x": 25.25,
            "y": 0.25,
            "reload": 480,
            "mirror": true,
            "rotate": true,
            "shootY": 27,
            "recoil": 5,
            "shake": 8,
            "rotateSpeed": 1.2,
            "rotationLimit": 90,
            "cooldownTime": 500,
            "shootSound": "laserblast",
            "bullet": {
                "sprite": "circle-bullet",
                "damage": 0,
                "lifetime": 48,
                "speed": 6,
                "height": 32,
                "width": 32,
                "shrinkY": 0,
                "hittable": false,
                "scaleLife": true,
                "absorbable": false,
                "reflectable": false,
                "collidesAir": false,
                "collidesGround": false,
                "homingRange": 160,
                "homingPower": 0.01,
                "splashDamage": 1200,
                "splashDamageRadius": 192,
                "scaledSplashDamage": true,
                "frontColor": "FFFFFF",
                "backColor": "C1BEFAFF",
                "lightColor": "C1BEFAFF",
                "trailColor": "C1BEFAFF",
                "trailChance": 1,
                "trailLength": 20,
                "trailWidth": 8,
                "trailEffect": {
                    "type": "ParticleEffect",
                    "lifetime": 25,
                    "particles": 7,
                    "sizeFrom": 7,
                    "cone": 360,
                    "length": 9,
                    "baseLength": 9,
                    "interp": "circleOut",
                    "lightColor": "C1BEFAFF",
                    "colorFrom": "837DE8FF",
                    "colorTo": "C1BEFAFF"
                },
                "bulletInterval": 3,
                "intervalBullets": 3,
                "intervalBullet": {
                    "type": "SapBulletType",
                    "damage": 400,
                    "length": 128,
                    "sapStrength": 1.5,
                    "color": "C1BEFAFF",
                    "hitColor": "C1BEFAFF",
                    "knockback": -5,
                    "status": "sapped",
                    "statusDuration": 30,
                    "shootEffect": {
                        "type": "ParticleEffect",
                        "particles": 3,
                        "lifetime": 20,
                        "line": true,
                        "strokeFrom": 3,
                        "strokeTo": 0,
                        "lenFrom": 6,
                        "lenTo": 6,
                        "cone": 30,
                        "length": 45,
                        "interp": "fastSlow",
                        "sizeInterp": "slowFast",
                        "lightColor": "C1BEFAFF",
                        "colorFrom": "C1BEFAFF",
                        "colorTo": "C1BEFAFF"
                    }
                },
                "lightning": 16,
                "lightningLength": 12,
                "lightningDamage": 200,
                "lightningLengthRand": 29,
                "lightningColor": "C1BEFAFF",
                "hitSound": "plasmaboom",
                "hitEffect": "reactorExplosion",
                "despawnEffect": "reactorExplosion"
            }
        },
        {
            "name": "none",
            "top": false,
            "mirror": false,
            "x": 0,
            "y": 24,
            "shootSound": "missile",
            "reload": 180,
            "recoil": 0,
            "shootStatus": "slow",
            "shootStatusDuration": 30,
            "shoot": {
                "type": "ShootBarrel",
                "barrels": [
                    0, 0, 20,
                    0, 0, 15,
                    0, 0, 10,
                    0, 0, 5,
                    0, 0, 0,
                    0, 0, -5,
                    0, 0, -10,
                    0, 0, -15,
                    0, 0, -20
                ],
                "shotDelay": 2,
                "shots": 9
            },
            "parts": [
                {
                    "type": "shapePart",
                    "hollow": true,
                    "circle": true,
                    "y": 0.5,
                    "layer": 110,
                    "color": "C1BEFAFF",
                    "stroke": 0,
                    "strokeTo": 1,
                    "radiusTo": 4,
                    "radius": 4
                },
                {
                    "type": "HaloPart",
                    "y": 0.5,
                    "radius": 2,
                    "tri": true,
                    "layer": 110,
                    "color": "C1BEFAFF",
                    "haloRotateSpeed": -1,
                    "haloRadius": 4,
                    "haloRadiusTo": 4,
                    "stroke": 0,
                    "strokeTo": 2,
                    "shapes": 2,
                    "triLengthTo": 4,
                    "triLength": 0
                },
                {
                    "type": "HaloPart",
                    "y": 0.5,
                    "radius": 2,
                    "tri": true,
                    "layer": 110,
                    "color": "C1BEFAFF",
                    "haloRotateSpeed": 1,
                    "haloRadius": 4,
                    "haloRadiusTo": 4,
                    "stroke": 0,
                    "strokeTo": 2,
                    "shapes": 2,
                    "triLengthTo": 4,
                    "triLength": 0
                }
            ],
            "bullet": {
                "pierce": true,
                "pierceCap": 4,
                "keepVelocity": false,
                "recoil": 1,
                "sprite": "狐冥-star",
                "spin": 4,
                "frontColor": "837DE8FF",
                "backColor": "C1BEFAFF",
                "width": 20,
                "height": 20,
                "shrinkY": 0,
                "shrinkX": 0,
                "speed": 8,
                "lifetime": 32.5,
                "damage": 100,
                "splashDamageRadius": 24,
                "splashDamage": 150,
                "collides": true,
                "trailColor": "C1BEFAFF",
                "trailParam": 2,
                "trailWidth": 2,
                "trailLength": 8,
                "trailEffect": "none",
                "fragBullets": 3,
                "fragRandomSpread": 0,
                "fragSpread": 120,
                "fragAngle": 60,
                "fragVelocityMin": 0.5,
                "fragVelocityMax": 0.5,
                "fragOnHit": true,
                "fragBullet": {
                    "speed": 4,
                    "lifetime": 8,
                    "type": "BasicBulletType",
                    "splashDamageRadius": 10,
                    "splashDamage": 60,
                    "damage": 60,
                    "trailChance": 1,
                    "trailRotation": true,
                    "trailEffect": {
                        "type": "ParticleEffect",
                        "particles": 1,
                        "length": 0,
                        "lifetime": 20,
                        "sizeFrom": 3,
                        "spin": 0,
                        "colorFrom": "837DE8FF",
                        "colorTo": "C1BEFAFF"
                    },
                    "shootEffect": {
                        "type": "multiEffect",
                        "effects": [
                            {
                                "type": "WaveEffect",
                                "lifetime": 25,
                                "sizeFrom": 0,
                                "sizeTo": 20,
                                "strokeFrom": 3.5,
                                "strokeTo": 0,
                                "colorFrom": "837DE8FF",
                                "colorTo": "C1BEFAFF"
                            },
                            {
                                "type": "ParticleEffect",
                                "region": "狐冥-方",
                                "particles": 6,
                                "length": 40,
                                "lifetime": 50,
                                "interp": "circleOut",
                                "sizeInterp": "pow5Out",
                                "cone": 360,
                                "colorFrom": "837DE8FF",
                                "colorTo": "C1BEFAFF",
                                "sizeFrom": 5.5,
                                "sizeTo": 0
                            }
                        ]
                    },
                    "hitEffect": {
                        "type": "multiEffect",
                        "effects": [
                            {
                                "type": "WaveEffect",
                                "lifetime": 25,
                                "sizeFrom": 0,
                                "sizeTo": 20,
                                "strokeFrom": 3.5,
                                "strokeTo": 0,
                                "colorFrom": "837DE8FF",
                                "colorTo": "C1BEFAFF"
                            },
                            {
                                "type": "ParticleEffect",
                                "region": "狐冥-方",
                                "particles": 9,
                                "length": 40,
                                "lifetime": 48,
                                "interp": "circleOut",
                                "sizeInterp": "pow5Out",
                                "cone": 360,
                                "colorFrom": "837DE8FF",
                                "colorTo": "C1BEFAFF",
                                "sizeFrom": 4.5,
                                "sizeTo": 0
                            }
                        ]
                    },
                    "smokeEffect": "none",
                    "despawnEffect": "none"
                },
                "shootEffect": {
                    "type": "multiEffect",
                    "effects": [
                        {
                            "type": "WaveEffect",
                            "lifetime": 25,
                            "sizeFrom": 0,
                            "sizeTo": 20,
                            "strokeFrom": 3.5,
                            "strokeTo": 0,
                            "colorFrom": "837DE8FF",
                            "colorTo": "C1BEFAFF"
                        },
                        {
                            "type": "ParticleEffect",
                            "region": "狐冥-方",
                            "particles": 9,
                            "length": 40,
                            "lifetime": 48,
                            "interp": "circleOut",
                            "sizeInterp": "pow5Out",
                            "cone": 360,
                            "colorFrom": "837DE8FF",
                            "colorTo": "C1BEFAFF",
                            "sizeFrom": 5.5,
                            "sizeTo": 0
                        }
                    ]
                },
                "hitEffect": {
                    "type": "multiEffect",
                    "effects": [
                        {
                            "type": "WaveEffect",
                            "lifetime": 25,
                            "sizeFrom": 0,
                            "sizeTo": 20,
                            "strokeFrom": 3.5,
                            "strokeTo": 0,
                            "colorFrom": "837DE8FF",
                            "colorTo": "C1BEFAFF"
                        },
                        {
                            "type": "ParticleEffect",
                            "region": "狐冥-方",
                            "particles": 9,
                            "length": 40,
                            "lifetime": 48,
                            "interp": "circleOut",
                            "sizeInterp": "pow5Out",
                            "cone": 360,
                            "colorFrom": "837DE8FF",
                            "colorTo": "C1BEFAFF",
                            "sizeFrom": 4.5,
                            "sizeTo": 0
                        }
                    ]
                }
            }
        }
    ]
}