{
    "type": "MendProjector",
    "health":1500
	"name": "生物钢墙",
	"description": "自我修复的墙",
	"details":"自我修复的墙还是第一次见。"
		"phaseBoost":0.001
	"phaseRangeBoost":0.009
	"phaseReloadBoost":0.0001
	"size": 1,
	"range": 0.001,//修复范围
	"reload": 10,//修复速度
	"healPercent": 0.04,//修复量
	"canOverdrive": true,
	"hasPower": false,
	"requirements": [
	{ "item":"生物钢","amount":40},	
	{ "item":"生物质","amount":20},
	],
	"category": "defense",
	"research":"plastanium-wall-large"
}