{
    "type": "SolarGenerator",
    "name": "泰坦之心",
    "description": "超限集团研发出来的单位核心，作为高级单位的核心装置，有阳光照射的情况下能够产出少量能量。\n\n[blue][超限集团模块单元]",
    "size": 2,
    "health": 6920,
    "hasLiquids": false,
    "hasItems": false,
    "itemDuration": 0,
    "powerProduction": 1.2,
    "itemCapacity": 0,
    "generateEffect": "generatespark",
    "drawer": {
        "type": "DrawMulti",
        "drawers": [
            "DrawDefault",
            "DrawWarmupRegion",
            ]
    },
    "requirements": [
        { "item": "1集成电路", "amount": 2400},
	{ "item": "2高能芯片", "amount": 1200},
    { "item": "titanium","amount": 4000},
    { "item": "0铜铅合金", "amount": 2000},
    { "item": "1复合物", "amount": 1000},	
    { "item": "1共振石", "amount": 800},	
    { "item": "1绝缘钢", "amount": 1000}
    ],
    "category": "units",
        /*"research": {
		"parent": "电力节点",
		"objectives": [
            {
				"type": "SectorComplete",
				"preset": "ES生物质合成区"
			}
			]
			}*/
     "researchCostMultiplier": 0.2,
}