{
	"type": "UnitFactory",
	"name": "轻机甲工厂",
	"description": "制造轻机甲单位，其廉价的价格和极快的生产速度使其可以在比较危急的时候用于救场，同时其中也有一些可以进行特殊作战的小型单位\n \n[blue][超限集团轻兵工厂]",
    "health":340,
	"size":2,
	"consumes":{"power":1.2,	},
	"plans":[
	{ "unit": "uAABT1A响应", 
	"time": 360, 
	"requirements": [ 
{ "item": "graphite", "amount": 10},
{ "item": "lead", "amount": 15}
	]	},	
	{ "unit": "uAABT1B卫兵", 
	"time": 440, 
	"requirements": [ 
{ "item": "graphite", "amount": 15},
{ "item": "lead", "amount": 20}
{ "item": "copper", "amount": 15}
	]	},	
	{ "unit": "uAABT1C列兵", 
	"time": 640, 
	"requirements": [
{ "item": "graphite", "amount": 15},
{ "item": "lead", "amount": 20}
{ "item": "copper", "amount": 25}
	]	},
	{ "unit": "uAABT1H火花", 
	"time": 920, 
	"requirements": [
{ "item": "graphite", "amount": 25},
{ "item": "silicon", "amount": 25}
{ "item": "0铜铅合金", "amount": 25}
{ "item": "coal", "amount": 15},
	]	},	
	{ "unit": "uAABT1I掠影", 
	"time": 1440, 
	"requirements": [ 
{ "item": "graphite", "amount": 25},
{ "item": "silicon", "amount": 25}
{ "item": "0铜铅合金", "amount": 25}
{ "item": "coal", "amount": 25},
	]	},	
	{ "unit": "uAABT1K无形", 
	"time": 180, 
	"requirements": [ 
{ "item": "graphite", "amount": 10},
{ "item": "lead", "amount": 10}
	]	},	
	{ "unit": "uAABT1J预言", 
	"time": 1080, 
	"requirements": [ 
{ "item": "graphite", "amount": 15},
{ "item": "lead", "amount": 10}
{ "item": "copper", "amount": 35}
	]	},	
	{ "unit": "uAABT1L基础基座移动", 
	"time": 1500, 
	"requirements": [ 
{ "item": "graphite", "amount": 45},
{ "item": "silicon", "amount": 25}
{ "item": "lead", "amount": 35}
{ "item": "copper", "amount": 60}
{ "item": "0铜铅合金", "amount": 45}
	]	},	
		{ "unit": "uAABT1N田螺", 
	"time": 1200, 
	"requirements": [ 
{ "item": "metaglass", "amount": 45}
{ "item": "silicon", "amount": 45}
{ "item": "0铜铅合金", "amount": 55}
	]	},	
	{ "unit": "uAABT1O1海胆", 
	"time": 1500, 
	"requirements": [ 
	{ "item": "metaglass", "amount": 30}
{ "item": "graphite", "amount": 15},
{ "item": "silicon", "amount": 15}
{ "item": "0铜铅合金", "amount": 20}
	]	},	
	{ "unit": "uAABT1O鱿鱼", 
	"time": 1200, 
	"requirements": [ 
{ "item": "graphite", "amount": 15},
{ "item": "silicon", "amount": 15}
{ "item": "0铜铅合金", "amount": 20}
	]	},	
	{ "unit": "uAABT1Q浮卵", 
	"time": 1800, 
	"requirements": [ 
{ "item": "lead", "amount": 55}
{ "item": "metaglass", "amount": 60}
{ "item": "silicon", "amount": 65}
{ "item": "0铜铅合金", "amount": 80}
	]	},	
	]
	"requirements": [
    { "item": "copper", "amount": 240},
    { "item": "lead", "amount": 160},
    { "item": "0铜铅合金", "amount": 60},
    ]
 	"category":"units",
"research": {
	"parent":"BAAs超限科技s"
	"objectives": [
            {
				"type": "SectorComplete",
				"preset": "craters"
			}
	]
	}
	"researchCostMultiplier": 0.5
}