{
    "type": "MassDriver",
    "name": "亚光速驱动器",
    "description": "极限远距离传输器\n是距离专精的极限\n一发可1.2K运载\n主要用电力把货物加速到亚光速，使其可以横跨一切\n[red]瞄准时间长的人想死，真的！只适合已占领的区块使",
    "size": 4,
    "reload": 120,//几百年射一次（60:1
    "health": 1200,
    "hasPower": true,
    "hasLiquids": false,
    "hasItems": true,
    "itemCapacity": 1200,
    "range": 555555,//ky-46:555数值太大卡死了5555555555…
    "speed": 5,
    "rotateSpeed": 0.025,
    "shake": 4,
    "shootEffect": "shootBig",
    "smokeEffect": "shootSmallSmoke",
    "recieveEffect": "smeltsmoke",
    "shootY": 30,
    "consumes": {
        "power": 50
    },
    "requirements": [
        {
            "item": "lead",
            "amount": 240
        },
        {
            "item": "蓝钢工业-蓝钢",
            "amount": 350
        },
        {
            "item": "thorium",
            "amount": 240
        },
        {
            "item": "silicon",
            "amount": 200
        },
        {
            "item": "titanium",
            "amount": 135
        },
        {
            "item": "surge-alloy",
            "amount": 350
        }
    ],
    "bulletSpeed": 99999,//子弹速度
	"shootEffect": "instShoot",//射击特效（这里就是恶兆开火的特效，别鸡巴瞎搞）
	"smokeEffect": {//射到另一个质驱的效果。
		"type": "ParticleEffect",//一个粒子效果
		"particles": 19,//有多少个粒子
		"line": true,//例子是否呈线状
		"interp": "circleOut",//圆形渐变色消失（由深到渐）
		"sizeInterp": "circleOut",//大小以圆形变小的方式消失
		"lenFrom": 30,//开始大小
		"lenTo": 0,//结束大小
		"strokeFrom": 2,//开始长度
		"strokeTo": 0,//结束长度
		"length": 95,//粒子总长度
		"lifetime": 80,//生命周期
		"colorFrom": "AADFF0",//开始颜色
		"colorTo": "DBDDDE",//结束颜色
		"cone": 10//旋转角度
	},
	"shootSound": "laser",//射击音效(这里都给你填好了，别瞎鸡巴改)
    "category": "distribution",
    "research": "mass-driver"
}