{
"type": "MassDriver",
	"name":"蓝钢质量驱动器",
	"description":"适用于前期，主要为了前期方便\n蓝钢工业3.2版本物品，作出如下修改：\n1.容量提升至100\n2.修改了贴图，使其迎合新版蓝钢配色l\n3.发射间隔降低至2.5秒\n4.提升旋转速度",
	"size": 3,
	"health": 800,
	"hasPower": true,
	"hasLiquids": false,
	"hasItems": true,
	"itemCapacity": 100,
	"range": 300,
	"speed": 1,
	"reload": 150,
	"rotateSpeed": 2,
	"shake": 2,
	"shootEffect": "shootBig",
	"smokeEffect": "shootSmallSmoke",
	"recieveEffect":"smeltsmoke",
	"consumes":{
		"power": 2,
	},
	"requirements":[
		{
		     "item":"蓝钢工业-蓝钢",
	         "amount":120 
		},
		{
		     "item":"graphite",
		     "amount":180
		},
		{
		    "item":"silicon",
	     	"amount":150
		},
        {
             "item":"titanium",
             "amount":85
        },
	],
	"category":"distribution",
	"research": "蓝钢工业-机械动力量驱动器"
}