{
    "type":"mech",
	"health": 300,
	"name": "量子",
	"armor": 1,
	"speed": 0.9,
    "hitSize": 10,
   	"ammoType": "放射物混合物",  //子弹类型
    "mechStepParticles": true,
    "mechFrontSway": 0.1,
    "mechSideSway": -0.3,
	"details": "高速偷袭！"
	"description":"地面基本战斗单位"
	"targetAir": true,

	"weapons": [
	{
			"name": "量子1",
			"reload": 25,
			"shake": 3,
			"recoil": 1,
			"x": 4.5,
			"y": 0,		
				"shoot": {
				"type": "ShootMulti",	
				"source": {},	
				"dest": [
					{
		          "type": "ShootHelix",//谢击螺旋线
						"scl": 1,   //螺旋速度
						"mag": 4,   //螺旋宽度
						"shots": 2, //子弹数量
					},
					{
						"type": "ShootHelix",
						"scl": 1,
						"mag": 4,
						"shots": 2,
					}
				]
			},
			"shootX": 0,
			"shootY": 1.5,
			"rotate": false,
			"top": false,
			"inaccuracy": 1,//射击不准确度
			"shootSound": "blaster",  //音效
			"alternate": true,//交替射击
			"ejectEffect": "casing1",
			"shootCone": 45,//射锥
			"bullet": {					
				"sprite": "全球行动-弹1",
				"damage": 5,					
				"pierceCap": 2,
				"speed": 3.2,
				"lifetime": 42,
				//"hitSound": "explosion",							
				"backColor": "C2BFFBFF",
				"frontColor": "C2BFFBFF",
				"width": 2,
				"height": 3,
				
				
			
                        
             "hitEffect": {
			"type": "MultiEffect",
			"effects": [
				{
					"type": "ParticleEffect",
					"particles": 4,
					"line": true,
					"sizeFrom": 15,
					"sizeTo": 0,
				    "lenTo": 0,
                      "length": -25,
					"lifetime": 25,
					"colorFrom": "C2BFFBFF",
					"colorTo": "C2BFFBFF"
				},
			
				{
    "type": "WaveEffect",
    "lifetime": 18,
    "sizeFrom": 0,
    "sizeTo": 8,
    "strokeFrom": 1,
    "strokeTo": 0,
    "colorFrom": "C2BFFBFF",
    "colorTo": "C2BFFBFF"
    }
              ]
      }
      
      
      }
      }
      ]
      	"research": {
		"parent": "战术核心",
		"objectives": [
			{
				"type": "SectorComplete",
				"preset": "搁浅滩"
			}
		]
	}
      }