{
    "trailLength": 2,
    "payloadCapacity": 300,
    "mineSpeed": 10,
    "mineTier": 3,
    "buildSpeed": 4.5,
    "speed": 5,
    "health": 420,
    "targetGround": true,
    "name": "德尔塔",
    "armor": 2,
    "type": "payload",
    "description": "泰坦级核心的核心单位\n可在附身单位正上方退控制",
    "rotateSpeed": 6,
    "ammoCapacity": 200,
    "flying": true,
    "hitSize": 20,
    "targetAir": false,
    "itemCapacity": 120,
    "engineOffset": 10,
    "engineSize": 4,
    "weapons": [
        {
            "name": "C型轻型机枪",
            "reload": 7,
            "x": 2.5,
            "y": 7,
            "rotate": false,
            "inaccuracy": 0,
            "shootSound": "pew",
            "alternate": true,
            "ejectEffect": "casing1",
            "bullet": {
                "buildingDamageMultiplier": 0.01,
                "damage": 9,
                "speed": 5,
                "lifetime": 64,
                "width": 7,
                "height": 10
            }
        },
        {
            "name": "D型轻型机枪",
            "reload": 12,
            "x": 8.8,
            "y": -1,
            "rotate": true,
            "rotateSpeed": 9,
            "inaccuracy": 0,
            "shootSound": "pew",
            "alternate": true,
            "ejectEffect": "casing1",
            "bullet": {
                "buildingDamageMultiplier": 0.01,
                "damage": 11,
                "speed": 5,
                "lifetime": 64,
                "width": 7,
                "height": 10
            }
        },
        {
            "name": "L型轻型机枪",
            "reload": 6,
            "x": 5,
            "y": 3.5,
            "rotate": false,
            "top": false,
            "inaccuracy": 0,
            "shootSound": "shoot",
            "alternate": true,
            "ejectEffect": "casing1",
            "bullet": {
                "buildingDamageMultiplier": 0.01,
                "damage": 13,
                "status": "burning",
                "statusDuration": 600,
                "speed": 5,
                "lifetime": 64,
                "width": 8,
                "height": 13
            }
        },
        {
            "name": "导弹底座",
            "x": 7,
            "y": -5,
            "reload": 40,
            "shootSound": "missile",
            "inaccuracy": 15,
            "bullet": {
                "type": "MissileBulletType",
                "damage": 8,
                "trailLength": 6,
                "trailWidth": 1,
                "backColor": "FF8C00",
                "frontColor": "FFB90F",
                "trailEffect": "smoke",
                "trailColor": "FF8C00",
                "buildingDamageMultiplier": 0.01,
                "splashDamageRadius": 18,
                "splashDamage": 12,
                "homingRange": 40,
                "homingPower": 0.06,
                "hitEffect": "explosion",
                "despawnEffect": "explosion",
                "width": 8,
                "height": 9,
                "speed": 6,
                "lifetime": 53
            }
        }
    ]
}