{
	"type":"ForceProjector",
	"name":"中型立场盾发生器",
	"description":"生成一个中范围能量盾立场，保护一定区内的单位，坚固但是耗电",
	"health":960,
	"size":3,
		"radius":120,
	"canOverdrive": false,
	"shieldHealth": 8000,//护盾血量
	"phaseUseTime":600,//物品消耗时间
	"phaseRadiusBoost":60
	"cooldownNormal":1.2
	"cooldownLiquid":2.6
	"cooldownBrokenBase":6,//破坏后回复速度
	"consumes":{
		"power":18
		"items":{
			"items":[
				{"item":"钍","amount":1}
			],
			"booster":true,
			"optional":true
		}
	},
	/*
	"radius":120,
	"shieldHealth": 8000,
	"cooldownNormal":1.2,
	"cooldownLiquid":1.6,
	"cooldownBrokenBase":6,//破坏后回复速度
	"phaseRadiusBoost":60,
	"phaseShieldBoost":4000,
	"consumes":{
		"power":18,
		"items":{
			"items":[
				{"item":"钍","amount":1}
			],}
			"optional":true
		}
		"phaseUseTime":600,//物品消耗时间*/
	"requirements":[
	{ "item":"碳钢","amount":180},
	{ "item":"硅晶玻璃","amount":150},
	{ "item":"碳化钨","amount":150},
	{ "item":"波动合金","amount":80}
	    ],
    "research": {
	"parent":"守护"
	"objectives": [
            {
				"type": "OnSector",
				"preset": "冲击区0078"
			}
	]
	}
	    "researchCostMultiplier": 1
	"category": "effect"
	    "details":"可以承受超速所带来的负荷",
}