{
	"type": "LiquidTurret",
	"name": "潮涌",
	"description": "将液体射出冲击敌人,当水作为子弹时可灭火。
	
	(贴图by Mr.世纪灯泡)",
	"health": 2480,
	"size": 3,
	"reload":1,
	"range": 200,
	"shootSound":"splash",
	"targetGround":true,
	"targetAir":true,
	"inaccuracy": 9,
	"shoot":{
	    "type":"ShootSpread",
	    "shots":3
	},
	"rotateSpeed": 9,   
	"liquidCapacity": 10,
	"ammoTypes": {
"水":{
"type": "LiquidBulletType",
	"liquid": "水",
	"speed": 2.34,
	"lifetime":75,
	"knockback":0.2,
	"statusDuration":120,
	"status":"潮湿",
	"damage": 0.5}
		"冷却液":{
"type": "LiquidBulletType",
	"liquid": "冷却液",
	"speed": 2.34,
	"lifetime":75,
	"knockback":0.2,
	"statusDuration":120,
	"status":"冰冻",
	"damage": 0.77}
	"矿渣":{
"type": "LiquidBulletType",
	"liquid": "矿渣",
	"speed": 2.34,
	"lifetime":75,
	"knockback":0.2,
	"statusDuration":120,
	"status":"融化",
	"damage": 12.5
	"pierceArmor": true,
	"makeFire":true,
	"fragBullets": 10,
			"fragBullet": {"type": "LiquidBulletType",
	"liquid": "矿渣",
	"speed": 2.34,
	"lifetime":75,
	"knockback":0.2,
	"statusDuration":120,
	"status":"融化",
	"damage": 7.5
	"pierceArmor": true,
	"makeFire":true,}}
	"紫胶液":{
"type": "LiquidBulletType",
	"liquid": "紫胶液",
	"speed": 2.34,
	"lifetime":60,
	"knockback":0.2,
	"statusDuration":120,
	"status":"胶化",
	"damage": 7.5}
	"凝胶":{
"type": "LiquidBulletType",
	"liquid": "凝胶",
	"speed": 2.34,
	"lifetime":60,
	"knockback":0.2,
	"statusDuration":120,
	"status":"胶化",
	"damage": 5.5
	"makeFire":true,
	"fragBullets": 10,
			"fragBullet": {"type": "LiquidBulletType",
	"liquid": "凝胶",
	"speed": 2.34,
	"lifetime":60,
	"knockback":0.2,
	"statusDuration":120,
	"status":"胶化",
	"pierceArmor": true,
	"damage": 5.5
	"makeFire":true,}}}
	"requirements": [
{ "item": "钛", "amount": 150 },
		{ "item": "铍", "amount": 90 },
		{ "item": "钢", "amount": 150 },
		{ "item": "硅晶玻璃", "amount": 90 },
		{ "item": "波动合金", "amount": 80 },
		
	],
	"category": "turret",
	"research": {
	"parent":"守护"
	"objectives": [
            {
				"type": "SectorComplete",
				"preset": "污染区"
			}
	]
	}
	"researchCostMultiplier": 1
	        "canOverdrive": false,
	        "canOverdrive": true
	    "details":"可以承受超速所带来的负荷",
	}