{
	"type": "flying",
	"autoFindTarget":true,
	"drawMinimap":false,
	"name": "针尖",
	"rotateSpeed": 6,
	"speed": 4,
	"accel": 0.03,
	"drag": 0.01,
	"immunities": [
		"burning","freezing","melting",
		"disarmed","sapped","slow",
		"tarred","unmoving","wet",
		"spore-slowed","corroded",
		"干扰"
	],
	"ammoCapacity": 500,
	"hitSize": 17,
	"flying": true,
	"health": 11000,
	"armor": 50,
	"trailLength": 6,
	"engineOffset": 12,
	"engineSize": 3.5,
	"engines": [
		{
			"x": -5.5,
			"y": -9.7,
			"radius": 1.8,
			"rotation": -112.5
		},
		{
			"x": 5.5,
			"y": -9.7,
			"radius": 1.8,
			"rotation": -67.5
		}
	],
	"faceTarget": true,
	"circleTarget": true,
	"targetFlags": ["battery"],
	"abilities": [
		{
			"type": "ShieldArcAbility",
			"radius": 30,
			"width": 6,
			"max": 1200,
			"regen": 8,
			"cooldown": 60,
			"angle": 181,
			"angleOffset": 100
		},
		{
			"type": "ShieldArcAbility",
			"radius": 30,
			"width": 6,
			"max": 1200,
			"regen": 8,
			"cooldown": 60,
			"angle": 181,
			"angleOffset": -100
		},
		  {
    "type":"ForceFieldAbility",/*类型:力场能力 */
    "radius": 32,/*半径大小，按8/格算！ */
    "regen": 20,/*再生，力场回血的速度，别过高！ */
    "max": 420,/*力场血量上限 */
    "cooldown": 0.5,}
		{
			"type": "StatusFieldAbility",
			"duration": 660,
			"reload": 300,
			"range": 4,
			"applyEffect":"none",
			"activeEffect": {
				"type": "WaveEffect",
				"lifetime": 32,
				"sizeFrom": 0,
				"sizeTo": 16,
				"interp":"circleOut",
				"strokeFrom": 2,
				"strokeTo": 0,
				"colorFrom": "FFFFFF",
				"colorTo": "FF5B5B"
			},
			"effect": "相位"
		}
	],
	"weapons": [
		{
			"name": "麦芒1",
			"x": 0,
			"y": 0,
			"reload": 60,
			"shoot": {
				"shots": 6,
				"shotDelay": 3.333333,
				"type": "ShootBarrel",
				"barrels": [
					-5,0,22.5,
					4,2.5,-15,
					5,0,-22.5,
					-4,0,16
				]
			},
			"inaccuracy": 5,
			"minShootVelocity":0.15,
			"alternate": true,
			"rotate": false,
			"shootSound": "missile",
			"shootCone": 33,
			"ignoreRotation": true,
			"bullet": {
				"type": "MissileBulletType",
				"homingRange": 240,
				"homingDelay": 30,
				"homingPower": 0.5,
				"keepVelocity": false,
				"hittable":false,
				"pierceArmor": true,
				"absorbable":false,
				"damage": 200,
				"buildingDamageMultiplier": 0.43,
				"splashDamageRadius": 22,
				"splashDamage": 600,
				"makeFire": true,
				"width": 12,
				"height": 40,
				"speed":3,
				"drag":-0.03,
				"sprite":"跃迁-透彻",
				"lifetime": 66.83,
				"trailEffect":"none",
				"hitSound":"laser",
				"shootEffect": "none",
				"smokeEffect": "none",
				"hitShake":3,
				"hitEffect": {
					"type": "ExplosionEffect",
					"lifetime":32,
					"waveStroke":3,
					"waveLife":8,
					"waveRadBase":0,
					"waveColor":"FF5B5B",
					"waveRad":24,
					"smokes":12,
					"smokeColor":"FFFFFFA8",
					"sparkColor":"FF5B5B80",
					"sparks":11,
					"sparkRad":35,
					"sparkStroke":1.25,
					"sparkLen":16
				},
				"despawnEffect": "none",
				"shrinkY": 0,
				"shrinkX": 0,
				"trailLength":5,
				"trailWidth":2,
				"trailColor":"FF5B5B",
				"backColor": "FF5B5B",
				"frontColor": "FF5B5B",
				"suppressionRange": 60,
				"suppressionDuration": 100,
				"status": "故障",
				"statusDuration": 100
			}
		},
		{
			"name": "麦芒2",
			"x": 0,
			"display": false,
			"reload": 30,
			"inaccuracy": 100,
			"rotate": false,
			"mirror": false,
			"shootSound": "mineDeploy",
			"shootCone": 360,
			"shootStatus": "瞬移",
			"shootStatusDuration": 2,
			"ignoreRotation": true,
			"minShootVelocity": 0.3,
			"bullet": {
				"type": "BombBulletType",
				"maxRange": 40,
				"suppressionRange": 100,
				"suppressionDuration": 600,
				"buildingDamageMultiplier": 1.5,
				"splashDamageRadius": 40,
				"splashDamage": 500,
				"makeFire": true,
				"width": 10,
				"height": 10,
				"lifetime": 33,
				"shootEffect": "none",
				"smokeEffect": "none",
				"hitEffect":  {
					"type": "ExplosionEffect",
					"lifetime":45,
					"waveStroke":6,
					"waveLife":10,
					"waveRadBase":0,
					"waveColor":"FF5B5B",
					"waveRad":56,
					"smokes":18,
					"smokeColor":"FF5B5BA8",
					"sparkColor":"FF5B5B80",
					"sparks":8,
					"sparkRad":50,
					"sparkStroke":0.86,
					"sparkLen":8
				},
				"despawnEffect": {
					"type": "ParticleEffect",
					"particles": 1,
					"length": 0,
					"baseLength": 0,
					"sizeInterp": "pow5In",
					"lifetime": 25,
					"layer":90,
					"colorFrom": "FF5B5BA8",
					"colorTo": "585858",
					"sizeFrom": 36,
					"sizeTo": 0
				},
				"sprite": "missile-large",
				"shrinkY": 0.45,
				"shrinkX": 0.45,
				"backColor": "FF5B5B",
				"frontColor": "FF5B5B",
				"status": "故障",
				"statusDuration": 60
			}
		}
	]
	 	"research": {
		"parent": "初代核心",
			"objectives": [
            {
				"type": "OnSector",
				"preset": "岩隙裂谷"
			}
	],
	},
}