{
    "name":"躁动的孢子",
    "description":"危险的生命体，常用于研究或作为燃料使用。"
	"color": "7457CEFF",
	"details":"与赛普罗那比草履虫都不如的近亲不同，它们[red]极度危险[]！\n在未来，甚至席卷了大半个河系，毁灭几乎所有文明。"
	"frames":30,
	//帧数
	"transitionFrames":5,
	//过渡帧
	"frameTime":2,
	//帧速
	"explosiveness": 0,
	//爆炸性
	"flammability": 1,
	//燃烧性
	"radioactivity": 0,
	//放射性
	"charge":0,
	//放电
	"cost":0.8,
	//"healthScaling":1.2,
	"research": "砛"
}