{
	"type": "flying",
	"name": "歼轰A",
	"description": "[blue]【T1】[white]A-001a,游隼的变种，意图在于以极高的速度突破敌方的防线，实行快速而短暂的轰炸，\n[red]但请注意，A-001a依然只是一架战斗机，专业的事请交给专业的AFB。",
	"speed": 4.5,	
	"drag":0.05,"accel":0.1,
	"rotateSpeed":10,
	"ammoCapacity": 5,
	"hitSize":8, 
	"flying": true,
	"faceTarget": true,
	"health": 120,
	"armor":1,
	"engineOffset": 6,
	"engineSize": 2,
	"research": "flare",
	    "itemCapacity": 0,
	    	"ammoType":{
	"type":"PowerAmmoType",
	"totalPower":100},
	"weapons":[ 
	{
 "name":"双管"
  "x":2
  "y":0
  "shootY":4
  "top": true
  "rotate":true
  "reload": 10
  "shootSound":"pew",
  "ejectEffect":"casing1"
  "shots": 5,
  "inaccuracy":0
  "alternate":true,
  "ignoreRotation": false,
  "bullet":{
               "speed": 6
               "lifetime": 25
               "damage":10
               "width": 3
               "shrinkY":0
               "height": 3
}
}
	{"name":"轰炸",
	"minShootVelocity": 0.5,
	"x":0,	"y":0,	
	"reload":100,
	"rotate":false,
	"shootSound": "artillery",
	"shots":1,
	"shootCone": 360,
	"ejectEffect": "none",
	"alternate":false,
	"inaccuracy":0,
	"bullet": {
	"type": "BombBulletType",
	"sprite":"missile-large",
	"width":6 ,"height": 10,
	"drag":0,  "shrinkY":0,
	//"buildingDamageMultiplier":0.5,
	"lightningDamage":15,
	"lightningLength":0,
	"splashDamageRadius":10,
	"splashDamage":20,
	"hitEffect": "flakExplosionBig"
		}	}
	    ]
}
