{
	"type": "flying",
	"name": "歼A",
	"description": "[blue]【T1】[white]A-001“游隼”的改进型，同样结构简单，\n以至于你可以在手工作坊里制造它。",
	"speed": 3.5,	
	"drag":0.05,"accel":0.1,
	"rotateSpeed":10,
	"ammoCapacity": 0.1,
	"hitSize":8, 
	"flying": true,
	"faceTarget": true,
	"health": 150,
	"armor":0,
	"engineOffset": 6,
	"engineSize": 2.5,
	"research": "flare",
	    "itemCapacity": 10,
	    	"ammoType":{
	"type":"PowerAmmoType",
	"totalPower":100},
	"weapons":[ 
	{
 "name":"双管"
  "x":2
  "y":-1
  "shootY":4
  "top": true
  "rotate":true
  "reload": 10
  "shootSound":"pew",
  "ejectEffect":"casing1"
  "shots": 6,
  "inaccuracy":0
  "alternate":true,
  "ignoreRotation": false,
  "bullet":{
               "speed": 6
               "lifetime": 25
               "damage":10
               "width": 3
               "shrinkY":0
               "height": 3
}
}
	    ]
}
