{
	"type": "flying",
	"name": "轻型轰炸机",
	"description": "[blue]【T2】[white]AFB-001，A-001a的改进型，\n是一只非常可爱的轰炸机，\n作为专门的轰炸机，ta血更厚，但移动速度减慢",
	"speed": 2.2,	
	"drag":0.05,"accel":0.1,
	"rotateSpeed":10,
	"ammoCapacity": 0.1,
	"hitSize":8, 
	"flying": true,
	"targetGround":true,//攻击地面
	"circleTarget":true,
	"turnCursor":false,
	"rotateShooting": true,//旋转射击
	"health": 200,
	"armor":1,
	"engineOffset": 6,
	"engineSize": 2.5,
	"research": "flare",
	    "itemCapacity": 10,
	    	"ammoType":{
	"type":"PowerAmmoType",
	"totalPower":100},
	"weapons":[ 
	{"name":"轰炸",
	"minShootVelocity": 0.5,
	"faceTarget": true,//攻击时正对目标
	"x":0,	"y":0,	
	"reload":60,
	"rotate":false,
	"targetAir":false,//攻击空军	
	"shootSound": "artillery",
	"shots":1,
	"shootCone": 360,
	"ejectEffect": "none",
	"alternate":false,
	"inaccuracy":0,
	"bullet": {
	"type": "BombBulletType",
	"sprite":"missile-large",
	"width":6 ,"height": 10,
	"drag":0,  "shrinkY":0,
	//"buildingDamageMultiplier":0.5,
	"lightningDamage":15,
	"lightningLength":0,
	"splashDamageRadius":50,
	"splashDamage":30,
	"hitEffect": "flakExplosionBig"
		}	}
	    ]
}
