{
	"type": "flying",
	"name": "彗星",
	"description": "[blue]【T4】[white]BK-002，BK系列的二号单位，\n为了搭载额外两门激光炮，削减了盾容和自我恢复，移除部分装甲\nBK-001的改进型，纯粹的激光小飞机，\n但由于反应堆过载，射速未达到设计标准",
	"speed":2.5,
	"drag":0.06,
	"hitSize":24
	"mass":25,
	"turnCursor":false,
	"health":300,
    "armor":6,
	"itemCapacity":70,
	"engineColor": "FFD37FFF"
	"cellTrnsY":1,
	"flying":true
	"engineSize ": 5,
    "isCounted":false,
    "abilities": [
        {
    "type":"ForceFieldAbility",/*类型:力场能力 */
    "radius": 12,/*半径大小，按8/格算！ */
    "regen": 0.005,/*再生，力场回血的速度，别过高！ */
    "max": 100,/*力场血量上限 */
    "cooldown": 1200,}/*冷却时间，力场打没了之后重新出现的时间 */
    {
			"type": "RepairFieldAbility",
			"amount": 50,
			"reload":240
			"range":48
			"healEffect":"heal"
			"activeEffect":"healWaveDynamic"
			"wasHealed":"false"
		}
    ],
	"weapons": [
        {
        "length":1.5,
		"reload":120,
		"rotate":true,
		"shootSound": "shootSnap",
		"alternate":true,
		"name":"高能粒子束"
		"mirror":false
        "top": true
	    "y":4,
	    "x":0,         
        "bullet":{
        "type": "LaserBulletType",
		"hitEffect": "hitMeltdown",
		"length":125
		"lifetime": 45,
		"damage": 40,
		"width": 15,
	    "colors":["0000FF" "6974C4FF" "A4B8FAFF"]
		"largeHit":"true"
		"lightColor":"F0FFFF"
        },
        }
        {"name":"高能粒子束",/*贴图的名字 */
	"x":4,"y":0,/*位置 x为上下y为左右 */
	"mirror":"true",/*镜像，是否对称 */
	"reload":160,/*重新装弹速度 */
	"rotate": "true",/*是否旋转 */
	"rotateSpeed":4,/*旋转速度 */
	"shootEffect":"shootSmall",/*射击效果 */
	"shootSound":"shoot",/*射击声 */
	"bullet":{
	"type":"LaserBulletType",/*子弹类型 */
	"damage":80,/*伤害 */
	"frontColor":"0000FF",/*子弹颜色 正面颜色*/
	"backColor":"0000FF",/*背景色 */
	"width": 12,/*子弹宽度 */
	"height": 18,/*子弹长度 */
	"speed": 5,/*子弹速度 */
	"lifetime":60,//存在时间，帧
    }  
	},
	]
"research":"B-001"
}