{
    "type": "ConsumeGenerator", // 类型：消耗型发电机，表示该设备通过消耗某种资源来产生电力。
    "name": "晶体发电机", // 设备名称。
    "description": "[purple]能燃烧的都能烧",
    "details": "哪来的水？", // 设备的详细信息，可能是对设备工作原理或资源需求的补充说明。
    "size": 3, // 设备的尺寸（可能是占用的格子数或体积大小）。
    "health": 630, // 设备的耐久度，表示其能承受的伤害量。
    "itemCapacity": 30, // 设备的物品容量，表示其内部可以存储的物品数量。
    "researchCostMultiplier": 0.3,
    "requirements": [ // 制造该设备所需的材料和数量。
        "silicon/15", // 需要15单位的硅。
        "晶体/20", //需要20的晶体。
    ],
    "hasItems": true, // 设备是否支持物品操作，这里为true，表示支持。
    "hasPower": true, // 设备是否产生电力，这里为true，表示可以产生电力。
        "hasLiquids": true,              
    // 是否启用液体存储功能
    "powerProduction": 25, // 设备每单位时间产生的电力值。
        "liquidCapacity": 50,               
    // 液体存储容量（单位：升）
    "itemDuration": 160, // 每个物品在设备中消耗的时间（单位可能是秒）。
    "ambientSound": "smelter", // 设备运行时的背景音效，这里使用“smelter”（熔炉）音效。
    "ambientSoundVolume": 0.23, // 背景音效的音量大小。
    "consumes": { // 设备消耗的资源类型。
        "itemFlammable": {},
        "itemExplode": {} // 消耗可爆炸物品
    },
    "drawer": { // 设备的绘制方式。
        "type": "DrawMulti", // 使用多层绘制方式。
        "drawers": [
            "DrawDefault", // 默认绘制层。
            "DrawWarmupRegion" // 绘制设备的启动区域效果。
        ]
    },
        "outputLiquid": {
        "liquid": "water",    
        // 产出的液体类型
        "amount": 0.75
        // 每秒产生的液体量
    },
    "category": "power", // 设备所属的分类，这里是“电力”类别。
    "research": "EAU" // 设备解锁所需的科技研究项目。
}
