{
    // 基础属性
    "type": "NuclearReactor",       // 核反应堆
    "name": "晶反应堆",             // 显示名称
    "description": "爬重牌反应堆，包你炸的开心", // 描述
    "details":"最后发现只有杜会爆炸",
    "health": 5000,                // 生命值
    "size": 4,                     // 尺寸（5x5格）
    
    // 视觉效果
    "lightColor": "7f19ea",        // 常亮时灯光颜色（紫色系）
    "coolColor": "ffffff00",       // 冷却状态颜色（透明白）
    "hotColor": "ff9575a3",        // 过热状态颜色（粉紫色）
    "flashThreshold": 0.40,        // 过热闪烁阈值（40%温度时触发闪烁）
    
    // 机制
    "coolantPower": 0.5,           // 冷却剂效能（50%冷却效率）
    "explosionRadius": 3000,        // 爆炸影响范围（3000格半径）
    "explosionDamage": 1145141592649438,      // 爆炸伤害值（极高危险）
    "heating": 0.05,               // 基础产热速率（5%每秒）
    "explodeSound": "AX50",               
    // 爆炸音效文件（需存在于sounds目录）

    "explodeEffect": {
        "type": "MultiEffect",              
        // 组合特效类型：包含多个子特效
        "effects": [
            {
                "type": "WaveEffect",      
                // 环形冲击波特效
                "lifetime": 90,            
                // 特效持续时间（单位：帧）
                "sizeFrom": 25,             
                // 起始大小
                "sizeTo":1857,            
                // 最终大小
                "strokeFrom": 22,         
                // 起始线宽
                "strokeTo": 95,             
                // 最终线宽
                "colorFrom": "E18D6EP5",     
                // 起始颜色
                "colorTo": "3LI1345"      
                // 最终颜色
            },
            {
                "type": "ParticleEffect",  
                // 粒子系统特效
                "particles": 60,            
                // 粒子数量
                "interp": "pow10Out",      
                // 运动曲线（先快后慢）
                "sizeInterp": "pow5In",    
                // 大小变化曲线
                "sizeFrom": 60,           
                // 起始大小
                "sizeTo": 6,              
                // 最终大小
                "length": 150,           
                // 粒子运动距离
                "lifetime": 650,        
                // 粒子存活时间（单位：帧）
                "colorFrom": "DEDEDE70",   
                // 起始颜色
                "colorTo": "DE338570",    
                // 颜色
                "cone": 360             
                // 360度全向发射
            },
            {
                "type": "ParticleEffect",
                // 次级粒子特效
                "particles": 35,
                // 粒子数量
                "sizeFrom": 86,         
                // 起始尺寸
                "sizeTo": 3,
                // 最终尺寸
                "length": 36,          
                // 较短的运动距离
                "lifetime": 159      
                // 存活时间
            },
            {
                "type": "ParticleEffect",
                // 残留粒子特效
                "particles": 25,
                // 粒子数量
                "sizeFrom": 76,          
                // 最小粒子尺寸
                "lifetime": 152            
                // 最长存活时间
            }
        ]
    },
    // 功能开关
    "hasPower": true,              // 是否产生电力
    "hasLiquid": true,             // 是否处理液体
    "hasItems": true,              // 是否处理物品
    "rebuildable": false,          // 被摧毁后是否可重建
    
    // 容量设置
    "itemCapacity": 50,           // 物品存储上限（50单位）
    "itemDuration": 220,           // 单次燃料持续时间（220秒）
    "liquidCapacity": 80,         // 液体存储上限（80单位）
    
    // 生产参数
    "powerProduction": 1100,        // 电力生产量（700单位/秒）
    
    // 消耗配置
    "consumes": {
        "liquid": {                // 液体消耗
            "liquid": "water", // 需要冷却液
            "amount": 0.2,         // 每秒消耗0.2单位
            "booster": false       // 不作为生产加速剂
        },
        "items": {                 // 物品消耗
            "items": [
                { "item": "thorium", "amount": 2 } // 每秒消耗2单位杜
            ]
        }
    },
    
    // 建造需求
    "requirements": [
        { "item": "silicon", "amount": 110},      // 需要110硅
        { "item": "晶体", "amount": 50},
    ],
    
    // 分类与研发
    "category": "power",           // 建筑分类（电力类）
    "research": "晶体工业"                 // 前置研发需求
}
