{
	"type": "ConsumeGenerator",
	"name": "锡燃烧发电机"
	"description": "这只是一个燃料发电机",
	"size": 2,
	"health": 200,
	"hasLiquids": false,//是否能存放液体
	"hasItems": true,//是否能存放物品
    "squareSprite": false,//e星的核心一样
    "hasItems": true, // 设备是否支持物品操作，这里为true，表示支持。
	"itemDuration": 128.5,//消耗物品时间（60/1）
	"powerProduction": 6,//产生的电力
	"itemCapacity": 40,//物品容量
	"consumes": {//消耗
		/*"itemRadioactive": {},//使用放射物
	    "itemFlammable":{}//使用燃烧物
		"itemExplode": {},//使用爆炸物*/
		"items": [/*消耗物品*/
		"紫晶/1",
		]
	},
	"requirements": [//建造需求
		"锡/45"
	],
	"ambientSound": "smelter",//运行时音
	"ambientSoundVolume": 0.65,//音量大小
	"category": "power",//分类
	"research": "断层核心",//前置
	
    "drawer": { // 设备的绘制方式。
        "type": "DrawMulti", // 使用多层绘制方式。
        "drawers": [
            "DrawDefault", // 默认绘制层。
            "DrawWarmupRegion" // 绘制设备的启动区域效果。
        ]
    },
}
