{
    "type": "GenericCrafter",
    "requirements": [
        {
            "item": "silicon",
            "amount": 100
        },
         {
            "item": "lead",
            "amount": 200
        },
        {
            "item": "copper",
            "amount": 150
        }
        {
            "item": "原晶体",
            "amount": 130
        }
    ],
	"hasPower": true,
	"hasItems": true,
	"hasLiquids": true,
	"itemCapacity": 40,
	"liquidCapacity": 480,
	"craftTime": 80,
	"category": "crafting",
	"research":"铅线圈厂,
	"updateEffect": "smeltsmoke",
	"consumes": {
	    "items": {
	        "items": [
	            {
	                "item": "原晶体",
	                "amount": 8
	            },
	              {
	                "item": "copper",
	                "amount": 2
	            },

	        ]
	    },
	    "power": 5.52,
	    "liquids": {
	        "liquids": [
	            {
	                "liquid": "slag",
	                "amount": 0.2
	            },
	        ]
	    }
	},
	"size": 3,
	"outputItem": {
	    "item": "晶磁线圈",
	    "amount": 2
	},
	"outputLiquid": {
	    "liquid": "工业废水",
	    "amount": 1
	},
	"description": "制造出导电性更加良好的晶磁线圈",
	"name": "晶磁线圈厂",
	"ambientSound": "grinding",
	"ambientSoundVolume": 0.015,
	"drawer":[
	    {
	        "type":"DrawDefault"
	    },
	    {
	        "type": "DrawMulti"
	    },
	    {
	        "type": "DrawLiquidTile",
	        "drawLiquid": "slag"
	    },
	    {
	        "type": "DrawLiquidTile",
	        "drawLiquid": "工业废水"
	    },
	    {
	        "type":"DrawRegion",
	        "suffix": "-spin",
	        "spinSprite": true,
	        "rotateSpeed": 2
	    },
	    {
	        "type":"DrawRegion",
	        "suffix": "-top"
	    }
	]
}