{
	"type":"GenericCrafter",
	"name":"轮回沙",
	"description":"重生的废料",
	"outputItems":["失忆废料/1",]//产出
	"size":1,
	"itemCapacity":1,
	"craftTime":90,
    "consumes":{
    "items":{
          "items":[
                "sand/1",
	]
	}
	}
	"requirements":[
		          "graphite/20"
	]
	"category":"crafting"
    "research": 
    {"parent":"graphite-press"
    "requirements": [
                "graphite/300",
    ]   
    }
	"idleSound": "respawning",
	"idleSoundVolume": 0.5
	"hasPower": false,
	"hasLiquids": false,
	"hasItems": true,
    "canOverdrive": true,
    "buildCostMultiplier":0.1,
    "updateEffect": "smeltsmoke",
}