{
	"type":"payload",//载荷单位
	"flying":true,//飞行
	"payloadCapacity":256,
	//载荷（64为1²格）
	"pickupUnits":false,//拾起单位
    "vulnerableWithPayloads":true,//装有载荷时被攻击
	"controller": "BuilderAI",//ai
	"engineSize":0,//引擎尺寸
	"engines": [//多引擎
    {
        "x": -5.5//横坐标
        "y": -8//纵坐标
        "radius": 2.4//大小
        "rotation": -120//旋转
    },
    {
        "x": 5.5//横坐标
        "y": -8//纵坐标
        "radius": 2.4//大小
        "rotation": -60//旋转
    },
],
	"name":"掠星",//名字
	"description":"究极巡逻探机，具有最快的挖掘、建造和维修能力，并可以拾取方块载荷。"//介绍
	"details":"看我的，完全形态！",
	"hitSize":18,//大小
	"health":450,//血量
	"armor":2,//防御
	"speed":3,//速度
	"accel":0.09,//加速
	"drag":0.08,//拖曳
	"rotateSpeed":16,//转头速度
	"itemCapacity":50,//物品容量
	"coreUnitDock":true,//核心单位解除附体过后是到核心还是原地出现
	"mineSpeed": 7,
    //挖矿速度
    "mineTier": 2,
    //挖矿等级
	"canDrown":false,//能否被淹死
	"buildSpeed":2,//建筑倍率
	"fogRadius":0,//迷雾揭示范围
    "targetable":false,//可被选为目标
    "hittable":false,//可被击中
    "isEnemy":false,
    "weapons":[//武器
		{"type":"RepairBeamWeapon",
		"widthSinMag":0.11,
		"reload":20,
		"x":0,"y":5,
		"rotate":false,
		"beamWidth":0.9,
		"shootCone":15,
		"mirror":false,
		"repairSpeed":4,//每秒60x的数值修复
		"fractionRepairSpeed":0.05,//百分比修复
		"targetUnits":false,
		"targetBuildings":true,
		"autoTarget":false,
		"controllable":true,
		"laserColor":"FFD380FF",
		"healColor":"FFD380FF",
		"repairSpeed":3,
		"bullet": {
		"maxRange": 100,
	}
	}
		]
	/*"weapons": [//武器
		{"name": "空",//武器贴图
		"top":false,//旋转
		"mirror":false,//镜像
		"reload":80,//攻速
		"x":0,"y":-2.2,//位置
		"inaccuracy":30,//不准确度
		"ejectEffect": "casing1",//攻击特效
		"shoot": {
    "type": "shootBarrel",
    "shots": 2,//炮口数
    "shotDelay":15,
    },
		"bullet": {//子弹
			"type":"MissileBulletType",//类型
			"sprite":"野性之心-star",//子弹贴图
			"splashDamageRadius":20,//伤害范围
			"splashDamage":4,//范围伤害
			"speed":2.4,//速度
			"damage":12, //单体伤害
			"buildingDamageMultiplier":0,//建筑杀伤倍率
			"homingRange":96,//跟踪半径
	        "homingPower":0.05,//跟踪力度（1=3000度）
			"frontColor":"ffd400",
			"backColor":"fcf16e",
			"trailLength": 12,
            "trailWidth": 2,
			"trailColor":"fcf16e",//尾迹颜色
			"lifetime":75,//存在时间帧
			"width": 14,"height": 14,//宽长度
			"spin": 6,//子弹旋转速度
			"shootEffect": "shootSmallFlame",}	}	]//飞行特效*/
}