{
   "name": "中子素聚合器",
  "description": "通过高能粒子碰撞产生中子素",
  "details": "需持续注入冷冻液维持反应稳定",
  "type": "GenericCrafter",
  "size": 3,
  "health": 1500,
    "hasPower": true,
    "hasLiquids": true,
    "hasItems": true,
"craftTime": 9000,
    "updateEffect": {
		"type": "WaveEffect",
		"lifetime": 30,
		"sizeFrom": 0,
		"sizeTo": 10,
		"strokeFrom": 6,
		"strokeTo": 0,
		"colorFrom": "FFF1D2",
		"colorTo": "FFD197"
	},
	"drawer": {
		"type": "DrawMulti",
		"drawers": [
			{
				"type": "DrawRegion",
				"suffix": "-bottom"
			},
			"DrawWeave",
			"DrawDefault"
		]
		},
  "consumes": {
    "power": 26.166, // 1570/60 ≈ 26.166/帧
    "liquid": {
      "liquid": "cryofluid",
      "amount": 0.025 // 1.5/60 = 0.025/帧
    }
  },
  "outputItem": {
    "item": "奇思妙想-中子素",
    "amount": 1},
    "liquidCapacity": 60,
"requirements": [
    {"item": "copper", "amount": 1500},
     {"item": "奇思妙想-铜钛合金", "amount": 150},
     {"item": "奇思妙想-生命合金", "amount": 250},
    {"item": "plastanium", "amount": 400}
  ],
    "category": "crafting",
    "research": {
    "parent": "phase-weaver",
    "objectives": [
      "phase-fabric"],
    "buildCostMultiplier":0.4
}
}