{
	"type": "GenericCrafter",
	"health": 720,
	"name": "反应硅厂",
	"description": "通过热核反应生产硅，产量巨大。",
	"outputItem": {"item": "silicon", "amount": 26	},
	"itemCapacity": 40,
	"size": 4,
	"hasPower": true,
	"hasLiquids": false,
	"hasItems": true,
	"craftTime": 35,
	"updateEffect":"none",
	"drawer":{
        "type":"DrawMulti",
        "drawers":[
            "DrawDefault",
			"DrawFlame"
            ]
    },
	"consumes": {
	"power": 7,
	"items": {	"items": [
	{ "item": "coal", "amount": 8 },
	{ "item": "thorium", "amount": 6 },
	{ "item": "graphite", "amount": 3 },
	{ "item": "sand", "amount": 20 }	]
		}
	},
	"requirements": [
	{"item": "silicon", "amount": 450	},
	{ "item": "生命合金", "amount":200 },
		{ "item": "铜钛合金", "amount": 250 },
		{ "item": "graphite", "amount": 400 }
		{ "item": "phase-fabric", "amount":100 },
		{ "item": "thorium", "amount": 85 },
		{ "item": "surge-alloy", "amount": 65 }
		],
	"category": "crafting",
	"research": "silicon-smelter"
}