{
    "name": "火药合成器",
    //名字
    "type": "Separator",
    //类型:制作站
    "description": "将木头和硫混合燃烧合成硝，生产过程可能会产生爆炸混合物，极小的概率产生废料。",
    //介绍
    "itemCapacity": 12,
    //物品容量
    "health": 800,
    //血量
    "size": 2,
    //大小（1为一格）
    "hasPower": true,
    //需求电力
    "hasLiquids": true,
    //需求液体
    "hasItems": true,
    //需求物品
    "craftTime": 30,
    //生产时间
    "updateEffect": true,
    //生产时效果
    "consumes": {
    //输入
        "power": 2,
        //电力（输入数值将*60）
        "items": {
        //物品
            "items": [
            //物品
                {
                    "item": "木头",
                    //物品:煤
                    "amount": 3
                    //输入数量
                }
                {
                    "item": "pyratite",
                    //物品:煤
                    "amount": 1
                    //输入数量
                }
            ]
        },
        "liquid": {
        //液体
            "liquid": "water",
            //液体:水
            "amount": 0.2
            //输入数量（此输入将*60）
        }
    },
    "liquidCapacity": 24,
    //液体容量
    	"results": [
	{"item": "火药", "amount": 9},
	{"item": "blast-compound", "amount": 3},
	{"item": "scrap", "amount": 1},
	],
		"outputLiquid": {"liquid": "oil", "amount": 0.05},
    "requirements": [
    //建造需求
        {
            "item": "奇思妙想-铜钛合金",
            //物品:铜
            "amount": 120
            //需求数量
        },
        {
            "item": "plastanium",
            //物品:玻璃
            "amount": 250
            //需求数量
        },
        {
            "item": "silicon",
            //物品:硅
            "amount": 320
            //需求数量
        },
    ],
    "category": "crafting",
    //分类
    "idleSound": "respawning",
    //生产时音效
    "idleSoundVolume": 0.5
    //音效音量大小  
    "research":"pyratite-mixer",
        
}