{
	"name": "充磁机",//名字
	"description": "用电力给铅充磁，需要消耗铅和电力\n[grey]我竟充得如此优雅(什",//介绍
	"health":250,//血量
	"itemCapacity":10,//物品容量
	"outputItem": {"item": "磁能铅","amount":2},//产出
	"size":2,//边长
	"hasItems": true,//不能改
	"craftTime":60,//产出时间（单位:帧）（一秒60帧）
	"updateEffect": {
		"type": "ParticleEffect",
	"particles": 4,
	"length":24,
	"baseLength": 0,
	"lifetime": 13,
	"line": true,
	"lenFrom":8,
	"lenTo":2,
	"strokeFrom": 2,
	"strokeTo": 0,
		"cone": 360
	},
	"consumes": {
	"power": 4
		"items": {
			"items": [
				{ "item": "lead", "amount":2 }
			]
		}
	},
	"requirements": [
		{ "item": "copper", "amount":60 },
		{ "item": "lead", "amount":75 },
		{ "item": "graphite", "amount":30 },
		//制造需求
	],
	"category": "crafting",//不能改
	"research": {
		"parent": "mechanical-drill",//科技树前置
		"requirements": [//研究花费
			"copper/240",
			"lead/300",
			"graphite/120",
		],
		"objectives": [{
			"type": "SectorComplete",//占领区块
			"preset": "groundZero",
		}],
	},
	"alwaysUnlocked":false,
}
