{
	"type": "GenericCrafter",
	"name": "大型塑钢机",
	"description": "高效产出塑钢\n[grey]省钛 但石油用量相同",
	"health":560,
	"itemCapacity":20
	"liquidCapacity":100,
	"outputItem": {"item": "plastanium","amount":6},
	"size":3,
	"hasPower": true,
	"hasItems": true,
	"hasLiquids": true,
	"craftTime":30,
	"updateEffect": "smeltsmoke",
	"consumes": {
		"power":8,
		"liquid":{
			"liquid":"oil", 
			"amount":1.5,
			"booster":false
		}
		"items":{
			"items":[
				{"item":"titanium","amount":10,}
			]
		}
	},
	"requirements": [
		{ "item": "lead", "amount":245 },
		{ "item": "silicon", "amount":145 },
		{ "item": "高碳钢", "amount":40 },
		{ "item": "基础合金", "amount":80 },
	],
	"category": "crafting",
	"research": "plastanium-compressor",
	"idleSound": "respawning",
	"idleSoundVolume": 0.4
	"drawer": {
		"type": "DrawMulti",
		"drawers": [
			{
				"type": "DrawGlowRegion",
				"suffix": "-top",
				"color": "E19B4FFF"
			}
			"DrawDefault",
		]
	},
}
