{
	"name": "电弧硅炉",//名字
	"description": "但是这里是赛普罗啊\n[grey]贴图是隔壁碳钢工业模组拿的 因为俩模组作者是同一个人",//介绍
	"health":350,//血量
	"itemCapacity":20,//物品容量
	"outputItem": {"item": "silicon","amount":6},//产出
	"size":3,//边长
	"hasItems": true,//不能改
	"craftTime":40,//产出时间（单位:帧）（一秒60帧）
	"updateEffect": {
		"type": "ParticleEffect",
	"particles": 4,
	"length":24,
	"baseLength": 0,
	"lifetime": 13,
	"line": true,
	"lenFrom":8,
	"lenTo":2,
	"strokeFrom": 2,
	"strokeTo": 0,
		"cone": 360
	},
	"consumes": {
	"power": 4
		"items": {
			"items": [
				{ "item": "sand", "amount":10 }
				{ "item": "coal", "amount":5 }
			]
		}
	},
	"requirements": [
		{ "item": "copper", "amount":60 },
		{ "item": "lead", "amount":75 },
		{ "item": "graphite", "amount":30 },
		//制造需求
	],
	"category": "crafting",//不能改
	"research": {
		"parent": "silicon-smelter",//科技树前置
	},
	"drawer":{
		"type":"DrawMulti",
		"drawers":[
			"DrawDefault",
			"DrawFlame"
			]
	},
}
