{
    // 方块类型：通用制造台，用于生产物品
    "type": "GenericCrafter",

    // 方块名称（显示在游戏中）
    "name": "强化编织器",

    // 输出物品配置
    "outputItem": {
        // 产出物品类型：相位织布
        "item": "phase-fabric",
        // 单次生产数量：4个
        "amount": 5
    },

    // 内部存储容量：可存放60单位物品
    "itemCapacity": 60,

    // 方块尺寸：3x3格
    "size": 3,

    // 生产时的视觉效果配置
    "updateEffect": {
        // 效果类型：波纹扩散效果
        "type": "WaveEffect",
        // 效果持续时间：30帧
        "lifetime": 30,
        // 波纹起始大小：0（从中心点开始）
        "sizeFrom": 0,
        // 波纹结束大小：10格
        "sizeTo": 10,
        // 起始线宽：6像素
        "strokeFrom": 6,
        // 结束线宽：0（逐渐消失）
        "strokeTo": 0,
        // 起始颜色：浅黄色（HEX）
        "colorFrom": "FFF1D2",
        // 结束颜色：金色（HEX）
        "colorTo": "FFD197"
    },

    // 方块绘制配置（多层绘制）
    "drawer": {
        "type": "DrawMulti",
        "drawers": [
            // 第一层：绘制底部区域
            { "type": "DrawRegion", "suffix": "-bottom" },
            // 第二层：编织过程特效
            "DrawWeave",
            // 第三层：默认方块绘制
            "DrawDefault"
        ]
    },

    // 单次生产所需时间：60帧（1秒=60帧）
    "craftTime": 60,

    // 生产消耗配置
    "consumes": {
        // 电力消耗：每秒8.75单位
        "power": 2.75,
        // 材料消耗列表
        "items": {
            "items": [
                // 每次消耗5单位钍
                "thorium/5",
                // 每次消耗5单位沙
                "sand/5",
               
            ]
        }
    },

    // 建造所需材料
    "requirements": [
        // 需要45单位镄
        "copper/50",
        // 需要65单位硅
        "silicon/30",
        // 需要60单位硅
        "titanium/50",
        // 无需二级协议（数量为0）
        "thorium/30"
    ],

    // 环境音效：科技循环音效
    "ambientSound": "techloop",

    // 环境音效音量：56%
    "ambientSoundVolume": 0.56,

    // 分类：制造类方块
    "category": "crafting",

    // 前置研究：需要先解锁"激发器"
    "research": "phase-fabric"
}
