{
	"type": "naval",
	"name": "水蚤",
	"speed": 1.05,
	"rotateSpeed": 3,
	"ammoType": "graphite",
	"ammoCapacity": 60,
	"trailLength": 24,
	"waveTrailX": 0,
	"waveTrailY": -6,
	"trailScl": 2,
	"itemCapacity":20
	"hitSize": 14,
	"health": 1500,
	"armor": 8,
	"faceTarget": false,
	"immunities":["melting"],
	"research": "risso",
	/*"requirements": {
		"block": "naval-factory",
		"time": 3600,
		"requirements": [
			"silicon/35",
			"titanium/35",
			"metaglass/25"]},*/
	"weapons": [
		{
			"name": "海1-1",
			"reload": 30,
			"recoil": 0.6,
			"shootY": 3,
			"x": 3.5,
			"y": -3.5,
			"rotate": true,
			"rotateSpeed": 6,
			"inaccuracy": 0.5,
			"ejectEffect": "casing1",
			"shootSound": "pew",
				"shoot": {
	"shots": 3,
		"shotDelay": 10,
		"type": "ShootAlternate",
	},
			"bullet": {
				"damage":60
				"speed":8,
				"lifetime": 25,
				"width": 5,
				"height": 8
					"pierceBuilding": true,
			"pierceCap":2,//穿透
			}
		},
		]
	"research": {
		"parent": "海军组装厂",
	"objectives": [
            {
				"type": "OnSector",
				"preset": "分歧熔道"
			}
	],
		"requirements": [
			"镍/250",
			"silicon/150"
		]
	},

}