{
	"type": "naval",
	"name": "锦鳞",
	"speed": 0.675,
	"rotateSpeed": 3,
	"ammoType": "graphite",
	"description":"虽只有一门主炮,但其伤害极高"
	"ammoCapacity": 60,
	"trailLength": 24,
	"waveTrailX": 0,
	"waveTrailY": 6,
	"trailScl": 2,
	"hitSize": 28,
	"health":20000,
	"armor": 26,
	"faceTarget": false,
	"research": "risso",
	"immunities":["melting"],
	"range":360,
	/*"requirements": {
		"block": "naval-factory",
		"time": 3600,
		"requirements": [
			"silicon/35",
			"titanium/35",
			"metaglass/25"]},*/
	"weapons": [
		{
			"name": "海3-1",
			"reload": 180,
			"x": 0,
			"y": 0.25,
			"shootY": 8,
			"layer":101,
			"range":360,
			"cooldownTime": 42.5,
			"rotate": true,
			"rotateSpeed": 7,
			"mirror": false,
			"inaccuracy": 0,
			"shootSound": "railgun",
			"shake": 8,
			"bullet": {
				"type": "RailBulletType",
				"damage":1250,
				"range":360,
				"pierce": true,
				"pierceBuilding": true,
				"pierceEffect": "railHit",
				"pointEffect": "railTrail",
				"hitEffect": "massiveExplosion",
				"shootEffect": "railShoot",
				"smokeEffect": "smokeCloud",
				"pierceDamageFactor": 0.167,
				"length":360,
				"despawnEffect": "bigShockwave"
			}
		}
			{
			"name": "海3-2",
			"reload": 15,
			"recoil": 0.6,
			"shootY": 3,
			"x": 11,
			"y": -4.5,
			"rotate": true,
			"rotateSpeed": 6,
			"inaccuracy": 0.5,
			"ejectEffect": "casing1",
			"shootSound": "laser",
			"bullet": {
		"type": "BasicBulletType",
		"damage": 45,
		"lifetime": 24,
		"speed": 13,
		"width": 18,
		"height": 24,
		"hitSize": 30,
		"frontColor": "FFFFFF",
		"backColor": "FEEBB3",
		"trailLength": 8,
		"trailWidth": 3.6,
		"trailColor": "FEEBB3",
		"ammoMultiplier": 1,
		"hitSound": "lasercharge2",
		"hitEffect": {
			"type": "MultiEffect",
			"effects": [
				{
					"type": "ParticleEffect",
					"particles": 7,
					"sizeFrom": 0,
					"sizeTo": 2,
					"length": -66,
					"baseLength": 66,
					"lifetime": 15,
					"colorFrom": "FEEBB380",
					"colorTo": "FEEBB3"
				},
				{
					"type": "ParticleEffect",
					"particles": 1,
					"sizeFrom": 0,
					"sizeTo": 9,
					"length": 0,
					"baseLength": 0,
					"lifetime": 15,
					"colorFrom": "FEEBB380",
					"colorTo": "FEEBB3"
				},
				{
					"type": "WaveEffect",
					"interp":"circleIn",
					"lifetime": 10,
					"sizeFrom": 70,
					"sizeTo": 8,
					"strokeFrom": 2,
					"strokeTo": 3,
					"colorFrom": "FEEBB3",
					"colorTo": "FEEBB3"
				}
			]
		},
		"despawnEffect": "none",
		"smokeEffect": "smokeCloud",
		"trailChance": 1,
		"trailInterval": 25,
		"trailEffect": {
			"type": "ParticleEffect",
			"particles": 2,
			"length": 10,
			"baseLength": 16,
			"lifetime": 20,
			"sizeFrom": 4,
			"sizeTo": 0,
			"colorFrom": "FEEBB350",
			"colorTo": "FEEBB3"
		},
		"fragLifeMin": 1,
		"fragBullets": 1,
		"fragBullet": {
			"sprite":"circle-bullet",
			"height": 2,
			"width": 2,
			"frontColor": "FFFFFF",
			"backColor": "FEEBB3",
			"shrinkX": 1.2,
			"shrinkY": 1.2,
			"lifetime": 15,
			"speed": 0,
			"collides": false,
			"hittable": false,
			"absorbable": false,
			"scaledSplashDamage": true,
			"splashDamageRadius": 45.4,
			"splashDamage": 157.5,
			"hitShake": 5,
			"hitSound": "plasmaboom",
			"hitEffect": {
				"type": "MultiEffect",
				"effects": [
					{
						"type": "ParticleEffect",
						"particles": 4,
						"sizeFrom": 15,
						"sizeTo": 0,
						"length": 20,
						"baseLength": 48,
						"lifetime": 25,
						"colorFrom": "FEEBB380",
						"colorTo": "FEEBB300"
					},
					{
						"type": "ParticleEffect",
						"particles": 22,
						"line": true,
						"strokeFrom": 3,
						"strokeTo": 0,
						"lenFrom": 20,
						"lenTo": 0,
						"length": 63,
						"baseLength": 0,
						"lifetime": 20,
						"colorFrom": "FEEBB3",
						"colorTo": "FEEBB3"
					},
					{
						"type": "WaveEffect",
						"interp":"circleOut",
						"lifetime": 30,
						"sizeFrom": 0,
						"sizeTo": 66,
						"strokeFrom": 6,
						"strokeTo": 0,
						"colorFrom": "FEEBB3",
						"colorTo": "FEEBB3"
					}
				]
			},
			"despawnEffect": "none"
		}
			}
		},
	]
    "alwaysUnlocked": true,
}