{
	    "name": "引力轨道炮", 
    "description": "没有介绍。",
"type": "ItemTurret"
"size": 3
"range": 1200
"health": 210
"reload": 1200
"powerUse": 0
"inaccuracy": 0
"velocityRnd": -0.125
"targetGround": true,
"targetAir": true,
"recoil": 2,
"rotateSpeed": 2
"targetHealing": false,
"shootSound": "railgun"
"soundPitchMax": 5
"soundPitchMin": 5
"shootShake": 5
"maxAmmo":  100
"ammoPerShot": 5
"recoilAmount": 5
"coolantMultiplier": 0.16
"consumes": {
	"power": 9,
	"coolant": {
	  "amount": 6,
          "optional": true
          }
         },
"shoot": {
  "shots": 3
  "shotDelay": 45
  "firstShotDelay": 0
  "type": "ShootBarrel"
  },
"ammoTypes": {
  "surge-alloy": {
    "type": "BasicBulletType",
    "lifetime": 150
    "speed": 8
    "damage": 8000
    "ammoMultiplier": 1
    "reloadMultiplier": 1
    "buildingDamageMultiplier": 1
    "pierce": true,
    "pierceCap": 3,
    "despawnHit": true,
    "recoil": 3
    "backColor": 98F5FF,
    "frontColor": 98F5FF,
    "trailInterval": 1,
    "width": 40
    "height": 40
    "trailLength": 15
    "trailWidth": 8
    "trailColor": 98F5FF
    "spin": 0
    "shootEffect": {
      "type": "ParticleEffect",
      "region":"???的mod-轨道炮发射1",
      "particles": 1,
      "lifetime": 20
      "length": 0
      "colorFrom": 98F5FF,
      "colorTo": F6C875,
      "sizeFrom": 32,
      "sizeTo": 0,
      },
    "trailEffect": {
      "type": "ParticleEffect",
      "particles": 9,
      "lifetime": 20
      "length": 5
      "colorFrom": 98F5FF,
      "colorTo": 98F5FF,
      "sizeFrom": 8,
      "sizeTo": 2,
      },
    }
  }
"drawer": {
  "type": "DrawTurret",
  "parts": [
    {
    "type": "HaloPart",
    "progress": "life",
    "x": 0,
    "y": 0,
    "hollow": false,
    "tri": false,
    "mirror": false,
    "shapes": 20,
    "sides": 5,
    "radius": 2,
    "radiusTo": 2,
    "stroke": 9,
    "strokeTo": 9,
    "haloRadius": 10
    "haloRadiusTo": 10
    "haloRotateSpeed": 1.5
    "haloRotation": 0
    "moveX": 0
    "moveY": 0
    "color": 98F5FF
    "colorTo": 98F5FF
    "layer": 110
    "layerOffset": 0
    }
    {
    "type": "HaloPart",
    "progress": "reload",
    "x": 0,
    "y": 0,
    "hollow": false,
    "tri": false,
    "mirror": false,
    "shapes": 27,
    "sides": 6,
    "radius": 2,
    "radiusTo": 0,
    "haloRadius": 20
    "haloRadiusTo": 15
    "haloRotateSpeed": 2.5
    "haloRotation": 0
    "moveX": 0
    "moveY": 0
    "color": 98F5FF
    "colorTo": F6FFFF
    "layer": 110
    "layerOffset": 0
    }
    {
    "type": "HaloPart",
    "progress": "reload",
    "x": 0,
    "y": 0,
    "hollow": true,
    "tri": false,
    "mirror": false,
    "shapes": 1,
    "sides": 360,
    "radius": 20,
    "radiusTo": 15,
    "stroke": 2,
    "strokeTo": 0,
    "haloRadius": 0
    "haloRadiusTo": 0
    "haloRotateSpeed": 2.5
    "haloRotation": 0
    "moveX": 0
    "moveY": 0
    "color": 98F5FF
    "colorTo": F6FFFF
    "layer": 110
    "layerOffset": 0
    }
    ]
  },
"category": "turret"
"research": "lancer"
"requirements": [
  "copper/110"
  "lead/120"
  "graphite/220"
  "silicon/320"
  "titanium/180"
]
}
