{
	"type": "PayloadMassDriver",
	"category": "units",//菜单栏
	"name": "载荷轨道发射器",//名字
	"description": "将容器或者单位发射至另一个轨道发射器中",//介绍

	"research": {"parent": "akaa载荷传送带",//科技树前置
	},

	"requirements": [
	"silicon/60"//建造花费
	"铝/200",
	"钢/100",

	],

	"consumes":{"power":4}//电,帧
	"hasPower": true//通电

	"size": 3,//平方大小
	"reload": 120,//射速
	"chargeTime": 120,//充能时间
	"range": 520,//范围
	"maxPayloadSize": 2.5,//最大载荷体积
	"fogRadius": 8,//开雾大小
	"regionSuffix": "-dark",//
}