{
  "type": "ItemTurret",
  "name": "Skywarden",
  "health": 1800,
  "size": 3,
  "reload": 600,
  "range": 800,
  "recoil": 4,
  "shake": 6,
  "inaccuracy": 5,
  "shoot": {
    "type": "ShootAlternate",
    "barrels": 3,
    "spread": 10,
    "shots": 3
  },
  "rotateSpeed": 1.5,
  "shootSound": "missile",
  "drawer": {
    "type": "drawTurret",
    "basePrefix": "base-type-a-"
  },
  "ammoTypes": {
    "graphite": {
      "type": "MissileBulletType",
      "speed": 1,
      "damage": 120,
      "lifetime": 600,
      "width": 10,
      "height": 24,
      "smokeEffect": "none",
      "hitEffect": "explosion",
      "despawnEffect": "plasticExplosion",
      "homingPower": 0.1,
      "homingRange": 600,
       "frontColor": "6B6B6BFF",
      "backColor": "00FFFFFF",
      "trailColor": "6B6B6BFF",
      "splashDamageRadius": 80,
      "splashDamage": 20,
      "sprite": "advanced-industry-missil-t"
    },
    "surge-alloy": {
      "type": "MissileBulletType",
      "speed": 1,
      "damage": 180,
      "lifetime": 600,
      "width": 10,
      "height": 24,
      "smokeEffect": "none",
      "hitEffect": "explosion",
      "despawnEffect": "plasticExplosion",
      "homingPower": 0.1,
      "homingRange": 600,
      "frontColor": "F3E979FF",
      "backColor": "00FFFFFF",
      "trailColor": "ECD36FFF",
      "splashDamageRadius": 100,
      "splashDamage": 40,
      "lightning": 5,
      "lightningDamage": 10,
      "lightningLength": 8,
      "lightningCone": 360,
      "lightningLengthRand": 5,
      "sprite": "advanced-industry-missil-t"
    }
  },
  "liquidCapacity": 50,
  "coolantMultiplier": 1.2,
  "requirements": [
    { "item": "graphite", "amount": 600 },
    { "item": "silicon", "amount": 800 },
    { "item": "titanium", "amount": 600 },
    { "item": "surge-alloy", "amount": 500 }
  ],
  "category": "turret",
  "research": "swarmer"
}