{
    "targetAir": false,
    "targetGround": true,
    "type": "legs",
    "legMoveSpace": 1,
    "legMaxLength": 1.1,
    "legMinLength": 0.2,
    "legLengthScl": 0.96,
    "legForwardScl": 1.1,
    "legPhysicsLayer": false,
    "legGroupSize": 4,
    "legCount": 8,
    "legExtension": -2,
    "legContinuousMove": true,
    "lockLegBase": true,
    "rippleScale": 0.2,
    "legBaseOffset": 4,
    "legLength": 9,
    "hovering": true,
    "flying": false,
    "name": "星尘",
    "description": "初级蜘蛛单位，向敌人发射追踪爆破子弹",
    "research": {
//        "parent": "none",
        "requirements": [
            "铁/150",
            "graphite/150",
            "silicon/150"
        ]
    },
    "speed": 1.1,
    "hitSize": 14,
    "health": 640,
    "faceTarget": true,
    "armor": 1,
    "drag": 0.4,
    "range": 120,
    "rotateSpeed": 3,
    "weapons": [
        {
            "name": "none",
            "top": false,
            "shootStatus": "slow",
            "shootStatusDuration": 30,
            "mirror": false,
            "x": 0,
            "y": 2,
            "shootSound": "missile",
            "reload": 60,
            "recoil": 0,
            "parts": [
                {
                    "type": "shapePart",
                    "hollow": true,
                    "circle": true,
                    "y": 3,
                    "layer": 110,
                    "color": "C1BEFAFF",
                    "stroke": 0,
                    "strokeTo": 1,
                    "radiusTo": 3,
                    "radius": 3
                },
                {
                    "type": "HaloPart",
                    "y": 3,
                    "radius": 2,
                    "tri": true,
                    "layer": 110,
                    "color": "C1BEFAFF",
                    "haloRotateSpeed": -1,
                    "haloRadius": 3,
                    "haloRadiusTo": 3,
                    "stroke": 0,
                    "strokeTo": 2,
                    "shapes": 2,
                    "triLengthTo": 3,
                    "triLength": 0
                },
                {
                    "type": "HaloPart",
                    "y": 3,
                    "radius": 2,
                    "tri": true,
                    "layer": 110,
                    "color": "C1BEFAFF",
                    "haloRotateSpeed": 1,
                    "haloRadius": 3,
                    "haloRadiusTo": 3,
                    "stroke": 0,
                    "strokeTo": 2,
                    "shapes": 2,
                    "triLengthTo": 3,
                    "triLength": 0
                }
            ],
            "bullet": {
                "recoil": 1,
                "sprite": "狐冥-star",
                "spin": 4,
                "frontColor": "837DE8FF",
                "backColor": "C1BEFAFF",
                "width": 15,
                "height": 15,
                "shrinkY": 0,
                "shrinkX": 0,
                "speed": 4,
                "lifetime": 35,
                "damage": 50,
                "splashDamageRadius": 24,
                "splashDamage": 50,
                "collides": true,
                "homingRange": 80,
                "homingPower": 0.05,
                "trailColor": "C1BEFAFF",
                "trailParam": 2,
                "trailWidth": 2,
                "trailLength": 8,
                "trailEffect": "none",
                "shootEffect": {
                    "type": "multiEffect",
                    "effects": [
                        {
                            "type": "WaveEffect",
                            "lifetime": 25,
                            "sizeFrom": 0,
                            "sizeTo": 20,
                            "strokeFrom": 3.5,
                            "strokeTo": 0,
                            "colorFrom": "837DE8FF",
                            "colorTo": "C1BEFAFF"
                        },
                        {
                            "type": "ParticleEffect",
                            "region": "狐冥-方",
                            "particles": 9,
                            "length": 40,
                            "lifetime": 48,
                            "interp": "circleOut",
                            "sizeInterp": "pow5Out",
                            "cone": 360,
                            "colorFrom": "837DE8FF",
                            "colorTo": "C1BEFAFF",
                            "sizeFrom": 5.5,
                            "sizeTo": 0
                        }
                    ]
                },
                "hitEffect": {
                    "type": "multiEffect",
                    "effects": [
                        {
                            "type": "WaveEffect",
                            "lifetime": 25,
                            "sizeFrom": 0,
                            "sizeTo": 20,
                            "strokeFrom": 3.5,
                            "strokeTo": 0,
                            "colorFrom": "837DE8FF",
                            "colorTo": "C1BEFAFF"
                        },
                        {
                            "type": "ParticleEffect",
                            "region": "狐冥-方",
                            "particles": 9,
                            "length": 40,
                            "lifetime": 48,
                            "interp": "circleOut",
                            "sizeInterp": "pow5Out",
                            "cone": 360,
                            "colorFrom": "837DE8FF",
                            "colorTo": "C1BEFAFF",
                            "sizeFrom": 4.5,
                            "sizeTo": 0
                        }
                    ]
                }
            }
        }
    ]
}