{
    "targetAir": false,
    "targetGround": true,
    "type": "legs",
    "legCount": 6,
    "legMoveSpace": 1,
    "legLength": 21,
    "legExtension": -10,
    "legBaseOffset": 10,
    "legSpeed": 0.2,
    "legLengthScl": 0.96,
    "rippleScale": 2,
    "legContinuousMove": true,
    "legSplashDamage": 22,
    "legSplashRange": 30,
    "allowLegStep": true,
    "hovering": true,
    "name": "星光",
    "description": "三级蜘蛛单位，拥有力场护盾，可以向前方一定幅角内发射数枚分裂爆破弹",
    "research": {
        "parent": "fcab星涌"
    },
    "speed": 0.7,
    "hitSize": 30,
    "health": 3240,
    "faceTarget": true,
    "armor": 10,
    "drag": 0.4,
    "range": 200,
    "maxRange": 200,
    "aimDst": 130,
    "rotateSpeed": 2,
    "abilities": [
        {
            "type": "ShieldArcAbility",
            "radius": 30,
            "angle": 120,
            "regen": 0.5,
            "cooldown": 600,
            "max": 890,
            "y": 5.5,
            "width": 8
        }
    ],
    "weapons": [
        {
            "name": "none",
            "top": false,
            "mirror": false,
            "x": 0,
            "y": 0.5,
            "shootSound": "missile",
            "reload": 60,
            "recoil": 0,
            "shootStatus": "slow",
            "shootStatusDuration": 60,
            "shoot": {
                "type": "ShootBarrel",
                "barrels": [
                    0, 0, 15,
                    0, 0, -15,
                    0, 0, 0,
                    0, 0, 10,
                    0, 0, -10,
                    0, 0, 0,
                    0, 0, 5,
                    0, 0, -5,
                    0, 0, 0,
                    0, 0, 5,
                    0, 0, -5,
                    0, 0, 0,
                    0, 0, 10,
                    0, 0, -10,
                    0, 0, 0
                ],
                "shotDelay": 1.5,
                "shots": 3
            },
            "parts": [
                {
                    "type": "shapePart",
                    "hollow": true,
                    "circle": true,
                    "y": 0.5,
                    "layer": 110,
                    "color": "C1BEFAFF",
                    "stroke": 0,
                    "strokeTo": 1,
                    "radiusTo": 4,
                    "radius": 4
                },
                {
                    "type": "HaloPart",
                    "y": 0.5,
                    "radius": 2,
                    "tri": true,
                    "layer": 110,
                    "color": "C1BEFAFF",
                    "haloRotateSpeed": -1,
                    "haloRadius": 4,
                    "haloRadiusTo": 4,
                    "stroke": 0,
                    "strokeTo": 2,
                    "shapes": 2,
                    "triLengthTo": 4,
                    "triLength": 0
                },
                {
                    "type": "HaloPart",
                    "y": 0.5,
                    "radius": 2,
                    "tri": true,
                    "layer": 110,
                    "color": "C1BEFAFF",
                    "haloRotateSpeed": 1,
                    "haloRadius": 4,
                    "haloRadiusTo": 4,
                    "stroke": 0,
                    "strokeTo": 2,
                    "shapes": 2,
                    "triLengthTo": 4,
                    "triLength": 0
                }
            ],
            "bullet": {
                "pierce": true,
                "keepVelocity": false,
                "recoil": 1,
                "sprite": "狐冥-star",
                "spin": 4,
                "frontColor": "837DE8FF",
                "backColor": "C1BEFAFF",
                "width": 20,
                "height": 20,
                "shrinkY": 0,
                "shrinkX": 0,
                "speed": 5,
                "lifetime": 38,
                "damage": 70,
                "splashDamageRadius": 24,
                "splashDamage": 80,
                "collides": true,
                "trailColor": "C1BEFAFF",
                "trailParam": 2,
                "trailWidth": 2,
                "trailLength": 8,
                "trailEffect": "none",
                "fragBullets": 3,
                "fragRandomSpread": 0,
                "fragSpread": 120,
                "fragAngle": 60,
                "fragVelocityMin": 0.5,
                "fragVelocityMax": 0.5,
                "fragOnHit": true,
                "fragBullet": {
                    "speed": 4,
                    "lifetime": 8,
                    "type": "BasicBulletType",
                    "splashDamageRadius": 10,
                    "splashDamage": 55,
                    "damage": 40,
                    "trailChance": 1,
                    "trailRotation": true,
                    "trailEffect": {
                        "type": "ParticleEffect",
                        "particles": 1,
                        "length": 0,
                        "lifetime": 20,
                        "sizeFrom": 3,
                        "spin": 0,
                        "colorFrom": "837DE8FF",
                        "colorTo": "C1BEFAFF"
                    },
                    "shootEffect": {
                        "type": "multiEffect",
                        "effects": [
                            {
                                "type": "WaveEffect",
                                "lifetime": 25,
                                "sizeFrom": 0,
                                "sizeTo": 20,
                                "strokeFrom": 3.5,
                                "strokeTo": 0,
                                "colorFrom": "837DE8FF",
                                "colorTo": "C1BEFAFF"
                            },
                            {
                                "type": "ParticleEffect",
                                "region": "狐冥-方",
                                "particles": 6,
                                "length": 40,
                                "lifetime": 50,
                                "interp": "circleOut",
                                "sizeInterp": "pow5Out",
                                "cone": 360,
                                "colorFrom": "837DE8FF",
                                "colorTo": "C1BEFAFF",
                                "sizeFrom": 5.5,
                                "sizeTo": 0
                            }
                        ]
                    },
                    "hitEffect": {
                        "type": "multiEffect",
                        "effects": [
                            {
                                "type": "WaveEffect",
                                "lifetime": 25,
                                "sizeFrom": 0,
                                "sizeTo": 20,
                                "strokeFrom": 3.5,
                                "strokeTo": 0,
                                "colorFrom": "837DE8FF",
                                "colorTo": "C1BEFAFF"
                            },
                            {
                                "type": "ParticleEffect",
                                "region": "狐冥-方",
                                "particles": 9,
                                "length": 40,
                                "lifetime": 48,
                                "interp": "circleOut",
                                "sizeInterp": "pow5Out",
                                "cone": 360,
                                "colorFrom": "837DE8FF",
                                "colorTo": "C1BEFAFF",
                                "sizeFrom": 4.5,
                                "sizeTo": 0
                            }
                        ]
                    },
                    "smokeEffect": "none",
                    "despawnEffect": "none"
                },
                "shootEffect": {
                    "type": "multiEffect",
                    "effects": [
                        {
                            "type": "WaveEffect",
                            "lifetime": 25,
                            "sizeFrom": 0,
                            "sizeTo": 20,
                            "strokeFrom": 3.5,
                            "strokeTo": 0,
                            "colorFrom": "837DE8FF",
                            "colorTo": "C1BEFAFF"
                        },
                        {
                            "type": "ParticleEffect",
                            "region": "狐冥-方",
                            "particles": 9,
                            "length": 40,
                            "lifetime": 48,
                            "interp": "circleOut",
                            "sizeInterp": "pow5Out",
                            "cone": 360,
                            "colorFrom": "837DE8FF",
                            "colorTo": "C1BEFAFF",
                            "sizeFrom": 5.5,
                            "sizeTo": 0
                        }
                    ]
                },
                "hitEffect": {
                    "type": "multiEffect",
                    "effects": [
                        {
                            "type": "WaveEffect",
                            "lifetime": 25,
                            "sizeFrom": 0,
                            "sizeTo": 20,
                            "strokeFrom": 3.5,
                            "strokeTo": 0,
                            "colorFrom": "837DE8FF",
                            "colorTo": "C1BEFAFF"
                        },
                        {
                            "type": "ParticleEffect",
                            "region": "狐冥-方",
                            "particles": 9,
                            "length": 40,
                            "lifetime": 48,
                            "interp": "circleOut",
                            "sizeInterp": "pow5Out",
                            "cone": 360,
                            "colorFrom": "837DE8FF",
                            "colorTo": "C1BEFAFF",
                            "sizeFrom": 4.5,
                            "sizeTo": 0
                        }
                    ]
                }
            }
        }
    ]
}