{
  "type": "flying",
  "health": 60000,
  "armor": 0,
  "speed": 1,
  "drag": 0.005,
  "accel": 0.25,
  "rotateSpeed": 1,
  "hitSize": 64,
  "flying": true,
  "lowAltitude": true,
  "faceTarget": false,
  "ammoCapacity": 2000,
  "ammoType": {
    "type": "PowerAmmoType",
    "totalPower": 100
  },
  "engineSize": 0,
  "drawCell": true,
  "abilities": [
    {
      "type": "EnergyFieldAbility",
      "damage": 400,
      "targetAir": true,
      "targetGround": true,
      "healPercent": 300,
      "range": 80,
      "reload": 150,
      "color": "dc3023"
    }
  ],
  "weapons": [
    {
      "name": "RED",
      "mirror": false,
      "x": 0,
      "y": 0,
      "top": true,
      "rotate": true,
      "rotateSpeed": 60,
      "reload": 300,
      "shootSound": "cannon",
      "shoot": {
        "shots": 4
      },
      "inaccuracy": 180,
      "ignoreRotation": false,
      "ejectEffect": {
        "type": "MultiEffect",
        "effects": [
          {
            "type": "ParticleEffect",
            "colorFrom": "dc3023a8",
            //开始时颜色
            "colorTo": "ffffff64",
            //结束时颜色
            "particles": 60,
            //粒子数量
            "randLength": true,
            "cone": 360,
            //粒子扩散角度
            "length": 300,
            //粒子移动长度
            "baseLength": 50,
            //粒子在一定长度内出现
            "lightOpacity": 0.6,
            //光不透明
            "lightColor": "FFFFFF64",
            //浅色
            "spin": 0,
            //粒子自转
            "sizeFrom": 10,
            //圆形从开始大小
            "sizeTo": 0,
            //圆形至结尾大小
            "useRotation": true,
            //使用旋转
            "lenFrom": 10,
            //开始时长度
            "lenTo": 0
            //结束时长度
          },
          {
            "type": "ParticleEffect",
            "colorFrom": "dc3023",
            //开始时颜色
            "colorTo": "ffffff",
            //结束时颜色
            "particles": 120,
            //粒子数量
            "randLength": true,
            "cone": 360,
            //粒子扩散角度
            "length": 150,
            //粒子移动长度
            "baseLength": 55,
            //粒子在一定长度内出现
            "lightOpacity": 1,
            //光不透明
            "lightColor": "FFFFFF",
            //浅色
            "spin": 0,
            //粒子自转
            "sizeFrom": 25,
            //圆形从开始大小
            "sizeTo": 0,
            //圆形至结尾大小
            "useRotation": true,
            //使用旋转
            "lenFrom": 10,
            //开始时长度
            "lenTo": 0,
            //结束时长度
            "region": "magic-craft-star"
          },
          {
            "type": "WaveEffect",
            "colorFrom": "dc3023",
            //颜色从
            "colorTo": "ffffff",
            //颜色至
            "lightColor": "8b4b89",
            //浅色
            "sizeFrom": 10,
            //开始时圆环直径
            "sizeTo": 300,
            //结束时圆环直径
            "lightScl": 3.0,
            //轻量级
            "lightOpacity": 0.8,
            //光不透明
            "sides": -1,
            //双方//效果不明
            "rotation": -1,
            //回转//效果不明
            "strokeFrom": 5,
            //开始时圆形宽度
            "strokeTo": 0,
            //结束时圆环宽度
            "offsetX": 0.0,
            "offsetY": 0.0,
            "lifetime": 30
          }
        ]
      },
      "bullet": {
        "type": "BasicBulletType",
        "frontColor": "dc5e54",
        "backColor": "dc5e54",
        "lifetime": 150,
        "speed": 3,
        "drag": 0.005,
        "damage": 2000,
        "splashDamageRadius": 40,
        "splashDamage": 200,
        "trailWidth": 5,
        "trailLength": 5,
        "trailColor": "dc5e54",
        "trailInterval": 2,
        "trailEffect": {
          "type": "MultiEffect",
          "effects": [
            {
              "type": "ParticleEffect",
              "particles": 1,
              "sizeFrom": 20,
              "sizeTo": 0,
              "length": 120,
              "baseLength": 5,
              "lifetime": 180,
              "interp": "pow3Out",
              "sizeInterp": "pow5Out",
              "colorFrom": "dc5e54a8",
              "colorTo": "ffffff64",
              "cone": 360
            },
            {
              "type": "ParticleEffect",
              "particles": 1,
              "sizeFrom": 10,
              "sizeTo": 0,
              "length": 80,
              "baseLength": 0,
              "lifetime": 270,
              "interp": "pow3Out",
              "sizeInterp": "pow5Out",
              "colorFrom": "dc5e54",
              "colorTo": "ffffff",
              "cone": 360,
              "region": "magic-craft-star"
            }
          ]
        },
        "height": 50,
        "width": 50,
        "homingPower": 0.1,
        "homingRange": 80,
        "homingDelay": 20,
        "hitShake": 2.5,
        "sprite": "magic-craft-star",
        "spin": 3,
        "hitEffect": {
          "type": "MultiEffect",
          "effects": [
            {
              "type": "ParticleEffect",
              "particles": 35,
              "sizeFrom": 15,
              "sizeTo": 0,
              "length": 240,
              "baseLength": 35,
              "lifetime": 270,
              "interp": "pow3Out",
              "sizeInterp": "pow3Out",
              "colorFrom": "dc3023",
              "colorTo": "ffffff",
              "cone": 360
            },
            {
              "type": "ParticleEffect",
              "particles": 25,
              "sizeFrom": 30,
              "sizeTo": 0,
              "length": 90,
              "baseLength": 10,
              "lifetime": 340,
              "interp": "pow3Out",
              "sizeInterp": "pow3Out",
              "colorFrom": "dc3023",
              "colorTo": "ffffff",
              "cone": 360,
              "region": "magic-craft-star"
            },
            {
              "type": "ParticleEffect",
              "particles": 1,
              "sizeFrom": 50,
              "sizeTo": 0,
              "length": 0,
              "baseLength": 0,
              "lifetime": 510,
              "interp": "pow3Out",
              "sizeInterp": "pow3Out",
              "colorFrom": "dc5e54",
              "colorTo": "dc5e54",
              "cone": 0,
              "region": "magic-craft-star"
            }
          ]
        },
        "smokeEffect": "shootBigSmoke"
      }
    },
    {
      "name": "Purple",
      "mirror": false,
      "x": 0,
      "y": 0,
      "top": true,
      "rotate": true,
      "rotateSpeed": 60,
      "reload": 160,
      "shootSound": "laser",
      "inaccuracy": 0,
      "ignoreRotation": false,
      "ejectEffect": {
        "type": "WaveEffect",
        "colorFrom": "dc3023",
        //颜色从
        "colorTo": "ffffff",
        //颜色至
        "lightColor": "8b4b89",
        //浅色
        "sizeFrom": 8,
        //开始时圆环直径
        "sizeTo": 75,
        //结束时圆环直径
        "lightScl": 3.0,
        //轻量级
        "lightOpacity": 0.8,
        //光不透明
        "sides": -1,
        //双方//效果不明
        "rotation": -1,
        //回转//效果不明
        "strokeFrom": 3,
        //开始时圆形宽度
        "strokeTo": 0,
        //结束时圆环宽度
        "offsetX": 0.0,
        "offsetY": 0.0,
        "lifetime": 20
      },
      "bullet": {
        "type": "PointBulletType",
        "lifetime": 15,
        "speed": 30,
        "damage": 700,
        "splashDamageRadius": 80,
        "splashDamage": 450,
        "trailEffect": "none",
        "hitEffect": {
          "type": "ExplosionEffect",
          "waveColor": "dc5e54",
          //圆环颜色
          "sparkColor": "dc3023",
          //线形粒子颜色
          "waveLife": 100,
          //圆环存在时间/有上限，很短
          "waveStroke": 2,
          //圆环宽度
          "waveRad": 80,
          //圆环扩散范围
          "waveRadBase": 10,
          //圆环直径
          "sparkStroke": 4,
          //线形粒子宽度
          "sparkRad": 60,
          //线形粒子扩散范围
          "sparkLen": 80,
          //线形粒子长度
          "smokeSize": 5,
          //圆形粒子扩张大小
          "smokeSizeBase": 2,
          //圆形粒子基础大小
          "smokeRad": 120,
          //圆形粒子扩散范围
          "smokes": 20,
          //圆形粒子数量
          "sparks": 10
          //线形粒子数量
        }
      }
    }
  ]
}