{
	"type": "naval",
	"name": "涟漪",
	"description": "二级海军单位，发射多枚小口径炮弹攻击敌人",
	"speed":1.3,
	"rotateSpeed":3,
	"trailLength":20,
	"waveTrailX":0,
	"waveTrailY":-6,
	"trailScl":2,
	"hitSize":16, 
	"health": 1080,
	"armor":4,
	"faceTarget": false,
	"research": {
	"parent": "lc-01微浪",
	"requirements": [//研究花费
	"铁/4000",
	"锡/4000",
	"硅晶玻璃/4000"
	]	},
	"weapons":[ 
		{	"name": "lc-01涟漪1",	
		"reload": 60,
		"recoil":2,
		"shootY":3,
		"x": 0,  "y": 0, 
		"rotate": true,
		"rotateSpeed":6,
		"inaccuracy": 4,
		"ejectEffect":"casing1",
		"shootSound": "pew",
		"shoot": {
"type": "ShootBarrel",
	"barrels": [0,0,4,0,0,0,0,0,-4],//炮口位置（左右，前后，倾斜）
		"spread": 0
		"shotDelay":3
		"shots": 6,}
		"bullet":{
		"splashDamageRadius":24,//伤害范围
		"splashDamage":24,//范围伤害
		"shrinkY": 0,"shrinkX": 0,//子弹变形程度
	"frontColor": "D75B6EFF",//中心颜色
		"backColor": "E78F92FF",//边缘颜色
		"damage":30,
		"speed":8,
		"lifetime":20,
		"width":5,
		"height":8
		"trailChance": 1,
		"trailRotation": true,
		"trailEffect": {
		"type": "ParticleEffect",
		"particles": 1,
		"length": 0,
		"lifetime": 20,
		"sizeFrom": 3,
		"colorFrom": "D75B6EFF",//中心颜色
		"colorTo": "E78F92FF",//边缘颜色
	},

	"shootEffect": {//攻击特效
		"type": "multiEffect",//多种特效
		"effects": [//特效
		{"type": "WaveEffect",
		"region": "启航-方",//区域贴图
		"lifetime": 10,//存在时间
		"sizeFrom": 0,
		"sizeTo": 15,
		"strokeFrom": 1.5,
		"strokeTo": 0,
		"colorFrom": "D75B6EFF",
		"colorTo": "E78F92FF"},
		{
		"type": "ParticleEffect",
		"region":"启航-方",//区域贴图
		"particles": 3,//粒子数量
		"length": 40,//长度
		"lifetime": 48,//存在时间
		"interp": "circleOut",//中间部分
		"sizeInterp": "pow5Out",//大小部分
		"cone": 0,//角度
		"colorFrom": "D75B6EFF",
		"colorTo": "E78F92FF",
		"sizeFrom": 5.5,
		"sizeTo": 0
		}	]	}
	"hitEffect": {//碰撞特效
		"type": "multiEffect",//多种特效
		"effects": [//特效
		{"type": "WaveEffect",
		"region": "启航-方",//区域贴图
		"lifetime": 25,//存在时间
		"sizeFrom": 0,
		"sizeTo": 20,
		"strokeFrom": 3.5,
		"strokeTo": 0,
		"colorFrom": "D75B6EFF",
		"colorTo": "E78F92FF"},
		{
		"type": "ParticleEffect",
		"region": "启航-方",//区域贴图
		"particles": 9,//粒子数量
		"length": 40,//长度
		"lifetime": 48,//存在时间
		"interp": "circleOut",//中间部分
		"sizeInterp": "pow5Out",//大小部分
		"cone": 360,//角度
		"colorFrom": "D75B6EFF",
		"colorTo": "E78F92FF",
		"sizeFrom": 4.5,
		"sizeTo": 0
		}
	]
	}
}
}
]
}