{
	"type": "naval",
	"name": "斩潮",
	"description": "六级海军单位，拥有一门轨道炮",
	"speed":1,
	"rotateSpeed":2.4,
	"trailLength":24,
	"waveTrailX":0,
	"waveTrailY":-6,
	"trailScl":2,
	"hitSize":68, 
	"health": 115800,
	"armor":12,
	"faceTarget": false,
	"research": {
	"parent": "lc-05破海",
	"requirements": [//研究花费
	"钢/300000",
	"硅晶玻璃/300000",
	"钨/300000"
	"钍/300000"
	"碳化钨/300000"
	"阴影合金/300000"
	]	},
	"weapons":[ 
	{
			"name": "lc-06斩潮1",
			"x": 0,
			"y": 0,
			"recoil": 4,
			"shake": 5,
			"shootY": 20,
			"reload": 320,
			"shootCone": 5,
			"rotate": true,
			"rotateSpeed": 2,
			"layerOffset": 0.01,
			"rotationLimit": 120,
			"cooldownTime": 140,
			"ejectEffect": "casing4",
			"shootSound": "mediumCannon",
			"bullet": {
			"type": "BasicBulletType",
			"speed": 25,
			"sprite": "启航-start",
			"spin": 10,
			"backColor": "E78F92FF",
			"frontColor": "E78F92FF",
			"drag": 0.017,
			"lifetime": 60,
			"width": 70,
			"height": 70,
			"damage": 4780,
			"lightningDamage": 150,
                        "lightning": 6,
                        "lightningLength": 15,
                        "lightningColor":"E78F92FF",
			"pierce": true,
			"pierceBuilding": true,
			"trailChance": 1,
			"trailInterval": 24,
			"trailRotation": true,
			"trailEffect": "instTrail",
			"trailColor": "E78F92FF"
			"hitSound": "shotgun",
			"smokeEffect":{
				"type": "ParticleEffect",
				"particles": 17,
				"sizeFrom": 11,
				"sizeTo": 0,
				"lifetime": 120,
				"interp": "pow10Out",
				"sizeInterp": "pow3In",
				"baseLength": 0,
				"length": 45,
				"cone": 16,
				"colorFrom": "E78F92FF",
				"colorTo": "E78F92FF"
			},
			"hitEffect": "instHit",
			"despawnEffect": "none"
		}
	}
	{
      "name": "lc-06斩潮2",
      "x": 26,
      "shootCone": 10,
      "y": -17.75,
      "reload": 50,
      "alternate": true,
      "top": false,
      "rotate": true,
      "rotateSpeed": 4,
      "recoil": 1,
      "shootY": 4,
      "xRand": 5.5,
      "inaccuracy": 5,
      "shoot": {
        "type": "shootPattern",
        "shots": 10,
        "shotDelay": 1.5
      },
      "shake": 1,
      "shootSound": "shootBig",
      "ejectEffect": "none",
      "bullet": {
        "type": "BasicBulletType",
        "sprite": "启航-尖锐",
        "damage": 100,
        "height": 22,
        "width": 16,
        "speed": 8,
        "lifetime": 27.5,
        "homingPower": 0.6,
        "homingDelay": 14,
        "homingRange": 160,
        "shrinkX": 0,
        "shrinkY": 0,
        "lightning": 5,	
        "lightningColor":"E78F92FF",
			//闪电颜色
        "lightningDamage": 35,
        "lightningLength": 4,
        "lightningCone": 40,
        "lightningLengthRand": 6,
        "hitEffect": {
          "type": "ParticleEffect",
          "line": true,
          "particles": 6,
          "lifetime": 20,
          "length": 75,
          "cone": -40,
          "lenFrom": 8,
          "lenTo": 8,
          "colorFrom": "FFFFFFF",
          "colorTo": "E78F92FF"
        },
        "despawnEffect": {
          "type": "ParticleEffect",
          "line": true,
          "particles": 6,
          "lifetime": 20,
          "length": 75,
          "cone": -40,
          "lenFrom": 8,
          "lenTo": 8,
          "colorFrom": "FFFFFFF",
          "colorTo": "E78F92FF"
        },
        "shootEffect": "shootHealYellow",
        "trailColor": "E78F92FF",
        "trailLength": 20,
        "trailWidth": 3.5,
        "absorbable": false,
        "lightColor": "E78F92FF",
        "frontColor": "FFFFFFF",
        "backColor": "E78F92FF"
      }
    },
    {
      "name": "lc-06斩潮2",
      "x": 26,
      "shootCone": 10,
      "y": 21.25,
      "reload": 50,
      "alternate": true,
      "top": false,
      "rotate": true,
      "rotateSpeed": 4,
      "recoil": 1,
      "shootY": 4,
      "xRand": 5.5,
      "inaccuracy": 5,
      "shoot": {
        "type": "shootPattern",
        "shots": 10,
        "shotDelay": 1.5
      },
      "shake": 1,
      "shootSound": "shootBig",
      "ejectEffect": "none",
      "bullet": {
        "type": "BasicBulletType",
        "sprite": "启航-尖锐",
        "damage": 100,
        "height": 22,
        "width": 16,
        "speed": 8,
        "lifetime": 27.5,
        "homingPower": 0.6,
        "homingDelay": 14,
        "homingRange": 160,
        "shrinkX": 0,
        "shrinkY": 0,
        "lightning": 5,	
        "lightningColor":"E78F92FF",
			//闪电颜色
        "lightningDamage": 35,
        "lightningLength": 4,
        "lightningCone": 40,
        "lightningLengthRand": 6,
        "hitEffect": {
          "type": "ParticleEffect",
          "line": true,
          "particles": 6,
          "lifetime": 20,
          "length": 75,
          "cone": -40,
          "lenFrom": 8,
          "lenTo": 8,
          "colorFrom": "FFFFFFF",
          "colorTo": "E78F92FF"
        },
        "despawnEffect": {
          "type": "ParticleEffect",
          "line": true,
          "particles": 6,
          "lifetime": 20,
          "length": 75,
          "cone": -40,
          "lenFrom": 8,
          "lenTo": 8,
          "colorFrom": "FFFFFFF",
          "colorTo": "E78F92FF"
        },
        "shootEffect": "shootHealYellow",
        "trailColor": "E78F92FF",
        "trailLength": 20,
        "trailWidth": 3.5,
        "absorbable": false,
        "lightColor": "E78F92FF",
        "frontColor": "FFFFFFF",
        "backColor": "E78F92FF"
      }
    },
]
}