{
	"name":"铧金",
	"description":"用于各类先进设备。",
	"cost":5,
	//使用铧金建造建筑时每一个铧金会增加3帧的建造时间(60帧为1秒)
	"color":"#CF4141",
	//"hardness":10,
	//挖掘等级
	"radioactivity":7.5,
	//放射性 决定在RTG发电机中的发电量，同时决定含有该物质的建筑被摧毁时对周围造成的伤害
	"details":"一种制作高强度、高辐射的基础材料。
	[red]注意:其他文明未经允许使用此材料，我方文明任何人都可对其实施武力手段……"
	"research":"surge-alloy"
}