{
    "type": "payload"
    "name": "特斯拉",
    "description": "保护放射核心，可建造建筑。发射闪电修复建筑，可攻击。",
    "controller": "BuilderAI",
    "flying": true,
      "coreUnitDock":true
    "lowAltitude": true,
    "speed":5,
    "accel":0.5,
    //加速
   "MoveLightningAbility":true
    "drag": 0.1,
    "itemCapacity":80,
    "rotateSpeed": 22,
    "outlineColor": "212121",
	//描边颜色
    "buildSpeed": 4,
    //建筑速度
    "payloadCapacity":64,
	//载荷（64为1²格）
    "buildBeamOffset":3,
    "mineFloor":true,
    //能否挖地
    "mineWalls":true,
    //能否挖墙
    "mineSpeed":30,
    //挖矿速度
    "mineTier":3,
    //挖矿等级
    "engineOffset":6.5,
    "buildPower":2
    "minePower":2
    "engineColor":"#55b2ff",
    //引擎颜色
    "trailLength":6, 
    //拖尾长
   	"trailColor": "#55b2ff",
   	//拖尾颜色
    "hitSize":8,
    "health":1600,
    "armor":3,
    "envDisabled":0,
    //需要的环境
        "ammoType":{
        "type":"PowerAmmoType",
    },
    "weapons":[
     {
            "type":"RepairBeamWeapon",
            "name":"",
            "y":0,
            "x":0,
            "shootY":7,
            "reload":10,
            //射速
            "recoil":0,
            //后坐力
            "beamWidth":0.7,
            //激光宽度
            "repairSpeed":5.5,
            //修理速度
            "fractionRepairSpeed":0.35,
            //分段修理速度
            "shootCone":15,
            "targetUnits":true,
            //目标单位
            "targetBuildings":true,
            //目标建筑
            "autoTarget":true,
            //自动锁定目标
            "controllable":false,
            //可控
            "laserColor":"#71ffff",
            //激光颜色
            "healColor":"#71ffff",
            //修复颜色
            "shake":0,
            "rotate":false,
            "top":false,
            "mirror":false,
            "bullet": {
                "damage":10,
                "maxRange":120,
                }
            },
	{	"name": "",
		"reload": 20, 
		"shootY": 0,
        "x": 3,   "y": 0,
        "shoot":{
            "type":"ShootSpread",
            "shots":5
        },
		//"shake":2.2,"recoil":2.5,
		"top":true,
		"shootSound": "spark",
		"alternate": true,
		"bullet":{
    "type":"LightningBulletType",
    "damage":40,
    "lightningColor":"#55b2ff",
    "hitColor":"#55b2ff",
    "lightningLength":12,
    "lightningLengthRand":8,
  "hitEffect":"hitLancer",
    "despawnEffect":"none",
    "status":"shocked",
    "statusDuration":30
         //"collidesTeam":true,          //"targetUnits":true,
	}	}
        ]
        
        	"abilities":[
    		{
			"type": "MoveLightningAbility",
		   "Color":"#55b2ff",
		           "length": 20,
        //射击命中时生成闪电的长度
      //  "lightningDamage":0.1,
        		"chance":0.4,
        		"x":6
        		"damage":50
        //闪电伤害
			}
			{
			"type": "MoveLightningAbility",
		   "Color":"#55b2ff",
		           "length": 20,
        //射击命中时生成闪电的长度
      //  "lightningDamage":0.1,
        		"chance":0.4,
        		"x":-6
        		"damage":50
        //闪电伤害
			}
			{
					"type": "ForceFieldAbility",
    		"radius":22,
    		//范围
    		"regen":0.4,
    		//每帧盾容回复量
    		"max":1000,
    		//盾容
    		"cooldown":200
    		//被击破后的冷却(8/1s)
    		"sides":3
		},
	{
					"type": "ForceFieldAbility",
    		"radius":22,
    		//范围
    		"regen":0.4,
    		//每帧盾容回复量
    		"max":1000,
    		//盾容
    		"cooldown":200
    		//被击破后的冷却(8/1s)
    		"sides":5
		},
	],
	
}