{
"name": "日辉"
"envDisabled": 0,
"researchCostMultiplier": 20,
"research":"初代重构厂"
"hovering": true,
"drag": 0.07,
"speed": 2,
"accel": 0.09,
"health": 360,
"armor": 2,
"hitSize": 20,
"engineOffset": 5,
"engineSize": 2,
"itemCapacity": 0,
"immunities":["burning","melting"],
"weapons": [{
	"name":"日辉-weapon",
	"x": 5,
	"y": 6,
	"reload":25,
	"alternate": true,
	"top": true,
	"shoot":{"shots":1,}
	"shootSound":"shootBig",
	"bullet": {
		"type":"BasicBulletType"
		"speed":5
		"lifetime":30
		"damage":24
		"width":8
		"height":8
		"hitSize":8
		"despawnEffect":{/*子弹消失特效*/
        "type":"WaveEffect",
        "colorFrom":"ff9900",//颜色从
        "colorTo":"ff9900",//颜色至
        "sizeFrom":1,//开始时圆环直径
        "sizeTo":6,//结束时圆环直径
        "strokeFrom":4,//开始时圆形宽度
        "strokeTo":1,/*结束时圆环宽度*/},
		"trailColor":"ff9900",//拖尾颜色
        "trailWidth":2,//拖尾宽度
        "trailLength":20,//拖尾长度
		"status":"burning",
		"backColor":"ff4d00"
		"frontColor":"ff9900"
		"makeFire":true,
	}},
    {
    "name":"日辉-flame",
	"x": 0,
	"y": 1,
	"reload":5,
	"shoot":{"flame":1,},
    "shootSound": "flame",
    "bullet": {
        "speed": 4,
		"damage": 27,
		"hitSize": 7,
		"lifetime": 18,
		"pierce": true,
		"collidesAir": true,
		"hitEffect": "hitFlameSmall",
		"despawnEffect": "none",
		"status": "burning",
		"keepVelocity": false,
		"hittable": true,
	    "width":0
		"height":0
		"statusDuration": 480,
		"shootEffect": "shootSmallFlame",
    }}]
}
