{
"type":"GenericCrafter",
"name":"集束冷凝器",
"health":360,
"description":"把矿渣冷却成黑曜石。",
"outputItem":{"item":"黑曜石","amount":3},
"outputLiquid":{"liquid":"water","amount":0.2},
"size":3,
"hasLiquids":true,
"hasItems":true,
"craftTime":20,
"itemCapacity":20,
"liquidCapacity":30,
"drawer":{
	"type":"DrawMulti",
	"drawers":[
		{"type":"DrawRegion","suffix":"-bottom"},
		{"type":"DrawLiquidTile","drawLiquid":"slag"},
		"DrawDefault",
		{
			"type":"DrawParticles",
			"color":"ffa166",
			"alpha":0.4,
			"particleSize": 2,
			"particles": 10,
			"particleRad":12,
			"particleLife":140,
			"reverse":true
		}
	]
},
"consumes":{
    "power":6,
	"liquid":{"liquid":"slag","amount":0.1}
},
"requirements":[
	{"item":"黑曜石","amount":300},
	{"item":"silicon","amount":500},
]
"category":"crafting",
"research":"矿渣冷凝器",
"alwaysUnlocked": false,
"idleSound":"respawning",
"idleSoundVolume":0.5
}