{
	"name": "有机培养机",
	"description":"将莱蒙星水中的微生物培养成生物质。",
	"health": 160,
	"outputItem": 
	{"item": "生物质", "amount": 2 }
	"itemCapacity": 10,
	"size": 2,
    "hasItems": true,
	"hasLiquids": true,
	"solid": true,
	"outputsLiquid": true,
	"hasPower": false,
	"liquidCapacity": 24,
	"craftTime": 60,
	"updateEffect": "none",
	"consumes": {
		"power": 0.5,
	"liquid": 
	{"liquid": "water", "amount": 0.2 }
		},
	"requirements": [
	{ "item": "graphite", "amount": 80 },
	{ "item": "钴", "amount": 60 },
	{ "item": "silicon", "amount": 40 }
	],
    "drawer":{
	    "type":"DrawMulti",
	    "drawers":[
	        {
	        	"type":"DrawDefault"
	        },
	        {
	            "type":"DrawRegion",
	            "suffix":"-bottom",
	        },
	        {
	            "type":"DrawCultivator",
	            "bottomColor":"4A4B53FF",
	            "plantColor":"F6BB64FF",
	            "plantColorLight":"DF824DFF"
	        },
	        {
	            "type":"DrawRegion",
	            "suffix":"",
	        },
	        {
	            "type":"DrawRegion",
	            "suffix":"-top",
	        },
	        ]
	},
	"category": "crafting",
	"research": "矿热硅炉",
	"researchCostMultiplier": 0.1
}