{
    "name": "爆炸物混合器",
    "health": 360,
    "description": "用于生产爆炸混合物。",
    "outputItem": {
        "item": "blast-compound",
        "amount": 1
    },
    "size": 3,
    "hasPower": true,
    "hasLiquids": true,
    "hasItems": true,
    "craftTime": 60,
    "itemCapacity": 10,
    "consumes": {
        "power": 2.5,
        "liquid": {
            "liquid": "neoplasm",
            "amount": 0.2,
            "booster": false
        },
        "items": {
            "items": [
                {
                    "item": "graphite",
                    "amount": 3
                }
            ]
        }
    },
    "requirements": [
        "钴/180",
        "silicon/150",
        "钴钢/120"
    ],
    "drawer": {
        "type": "DrawMulti",
        "drawers": [
            {
                "type": "DrawRegion",
                "suffix": "-bottom"
            },
            {
                "type": "DrawLiquidTile",
                "drawLiquid": "neoplasm"
            },
            {
                "type": "DrawRegion",
                "suffix": ""
            },
            {
                "type": "DrawGlowRegion",
                "alpha": 0.7,
                "glowIntensity": 0.3,
                "glowScale": 6
            }
        ]
    },
    "category": "crafting",
    "research": "钴钢熔炼炉"
}