{
	"name": "金刚石压缩机",
	"health": 160,
	"description": "将石墨压缩成金刚石。",
	"outputItem": { "item":"金刚石","amount":1},
	"size": 2,
	"hasPower": true,
	"hasLiquids": true,
	"hasItems": true,
	"craftTime": 60,
	"itemCapacity": 10,
	"updateEffect": "smeltsmoke",
	"consumes": {
        "power":1.5,
        "liquid":{
        	"liquid":"nitrogen",
        	"amount":0.25,
    	"booster":false	
    	},
        "items": {
    	     "items": [
    	     { "item": "graphite", "amount": 3}
    	     ]
        }
     },
    "requirements": [
	{ "item": "graphite", "amount": 80},
	{ "item": "silicon", "amount": 50},
	{ "item": "钴", "amount":30}
	],
		"drawer": {
    	"type": "DrawMulti",
    "drawers": [
       	    {
         	    "type":"DrawRegion",
         	    "suffix":"-bottom"
    	    },
	    	{
				"type": "DrawLiquidTile",
				"drawLiquid":"nitrogen"
			},
			{
				"type": "DrawRegion",
				"suffix":""
			},
    		"DrawDefault"
		]
	},
	"category": "crafting",
	"research": "矿热硅炉"
}