{
    "type": "Reconstructor",  // 单位类型
    "name": "特殊单位二次改造基地",  // 单位名称
    "description": "改造特殊单位",  // 单位描述
    "health": 1500,  // 生命值
    "size": 3,  // 大小
    "buildCostMultiplier": 2,  // 建造时间倍率
    "constructTime": 1800,
    "consumes": {
    "power": 100  // 能源消耗
        "items": {
            "items": [
            "silicon/1000"
			"plastanium/600"
			"surge-alloy/500"
			"phase-fabric/350"
            ]
        },
    },
    "upgrades": [
        ["改造噩梦", "二次改造噩梦"],
    ],
    
			"requirements": [ // 建造要求列表
		{
			"item": "合金", // 资源为合金
			"amount": 5 // 需要5个合金
		}
	],
    "category": "units",  // 单位类别
    "buildVisibility": "shown",  // 建造显示方式
    "research": "特殊单位改造基地"  // 关联的研究名称
}