{"type": "ConsumeGenerator","name": "压缩固态能量释放器","description": "将储备能源，压缩固态能量的能量释放","size": 2,"health": 300,"itemCapacity": 10,"hasLiquids": false,"hasItems": true,"powerProduction": 18,"consumes": {"items": {"items": [{ "item": "压缩固态能量", "amount": 1 }],"optional": true}},"requirements": [{"item": "surge-alloy", "amount": 300},{"item": "phase-fabric", "amount": 150}],"category": "power","research": "固态能量释放器", "itemDuration":60}