{
    "type": "ThermalGenerator",
    "name": "强化地热",
    "description": "很劲爆的地热",
    "size": 3,
    "health": 500,
    "itemCapacity": 5,
    "liquidCapacity": 100,
    "floating": true,
    "hasLiquids": false,
    "hasItems": true,
    "liquidBoostIntensity": 100.0,
    "powerProduction": 5,
    "booster": true,
    "requirements": [
        {
            "item": "titanium",
            "amount": 200
        },
        {
            "item": "silicon",
            "amount": 250
        },
        {
            "item": "plastanium",
            "amount": 60
        },
        {
            "item": "thorium",
            "amount": 200
        }
    ],
    "category": "power",
    "research": "thermal-generator"
}