{
    "type":"ConsumeGenerator",
    "name":"沙子发电机",
    "description":"利用沙子声波的共振 以及各种定理的加持从而制造了可循环但不用太大资源之没用发电神器-沙子发电！",
    "size":1,
    "health":350,
    "hasPower":true,
    "hasLiquids":false,
    "hasItems":true,
    "itemCapacity":10,
    "liquidCapacity":160,
    "powerProduction":1.3,
    "itemDuration":150,
    "consumes":{
        "items": {
            "items": [
                { "item": "sand", "amount": 4 }
                ],
                "optional": false}
    },
    "requirements":[
        {"item":"lead","amount":45},
        {"item":"copper","amount":30}
        ],
        "category":"power",
        "research": "combustion-generator"}