{
	"type": "ThermalGenerator",
	"name": "石油发电机",
	"description": "地板发电机的一种 直接提取地板底下的石油烧制生产电量 虽然很浪费但节约了不少空间与生产流程
“咋滴 你还以为是输油的？”",
	"size": 2,
	"health": 140,
	"hasPower": true,
	"hasItems": true,
	"itemDuration": 80,
	"liquidCapacity": 60,
    "generateEffect":"reactorsmoke"
	"attribute":"oil"
	"powerProduction": 3
	"maxHeatBoost":4.75
	"requirements": [
	{ "item": "copper", "amount": 150 },
		{ "item": "lead", "amount": 150 },
		{ "item": "titanium", "amount": 100 },
		{ "item": "silicon", "amount": 80 }
	],
	"category": "power",
	"research": "thermal-generator"
}
