{
    "type": "MassDriver",
    "name": "制动机",
    "description": "运输资源加快 ，运输物品翻倍 ，物资运转速度加快 ，各方面提高 ",
    "requirements": [
        { "item": "压缩石墨", "amount": 300 },
        { "item": "压缩玻璃", "amount": 400 },
        { "item": "铱", "amount": 30 },
        { "item": "压缩相织布","amount":150}
    ],
    "size": 3,
    "reloadTime":130,
    //重载时间
    "itemCapacity": 600,
    //物品容量
    "range":  600,
    //范围
    "bulletSpeed": 15,
    //子弹飞行速度
    "consumes": {
        "power": 9.6
    },
    "research":"铜传送带"
}




/*

        massDriver = new MassDriver("mass-driver"){{
            requirements(Category.distribution, with(Items.titanium, 125, Items.silicon, 75, Items.lead, 125, Items.thorium, 50));
            size = 3;
            itemCapacity = 120;
            reloadTime = 200f;
            range = 440f;
            consumes.power(1.75f);
        }};
*/