{
	"type": "flying",
	"name":"欧米茄",
	"description": "泽塔议会所研发的超代核心的防卫飞行器，能够以较快的速度建造，同时开采一些矿物，携带护盾和生命回复立场，全部只有两门机炮和火箭炮，有一定的反建筑能力。\n[red][泽塔议会核心机]",
	"speed": 4.2,
	"accel":0.05,"drag":0.03,
	"rotateSpeed":5,
	"ammoType":"titanium",
	"ammoCapacity": 300,
	"hitSize":22, 
	"buildSpeed":2.5
	"flying": true,
	"health":720,
	"armor":6
	"mineTier":3
	"mineSpeed":5
	"engineOffset": 12,
	"engineSize": 6, 
	"abilities": [
	{
        "type": "RepairFieldAbility"
        "amount":66
        "reload": 45
        "range": 28
    }
        {
        "type": "ShieldRegenFieldAbility",
        "amount": 66.0,
        "max": 600.0,
        "reload": 45
        "range": 28.0,
    }
    {
    "type":"ForceFieldAbility",
    "radius": 80
    "regen": 1.2
    "max": 400
    "cooldown": 360,}
    ]
	"weapons": [
       {
            "name": "欧米茄1",
            "reload": 23
            "x":0
            "y":0
             "inaccuracy": 1,
            "shootSound":"blaster",
            "ejectEffect": "casing1",
            "rotate": false
			"baseRotation":0
			"shootCone":15
		    "rotationLimit": 0
		    "mirror": true
		    "shootX":3
		    "shootY":8
		    "shoot":{
			"shots":3,
			"shotDelay":6
		},
            "bullet": {
    "type":"BasicBulletType",
    "speed": 6
    "lifetime":30
	"width": 8
	"height": 12
	"damage":24
    "hitSize":4
    "buildingDamageMultiplier":0.125
    "collidesAir": true
    "homingRange": 120
    "homingPower": 0.03,
    }}
    {
            "name": "无",
            "reload": 124
            "x":0
            "y":0
             "inaccuracy": 0
            "shootSound":"blaster",
            "ejectEffect": "casing1",
            "rotate": false
			"baseRotation":0
			"shootCone":90
		    "rotationLimit": 0
		    "mirror": true,
    "bullet":{
		"sprite":"missile-large",
			"speed":4
			"damage": 6
			"lifetime":100,
			"width": 9, 			
			"height":16
			"trailLength":12
	"trailWidth":3
			"splashDamageRadius":35,
		"splashDamage":88
	    "makeFire":true,
			"shootEffect":"shootSmall",
	     	"buildingDamageMultiplier":0.125
	}}
    ]
}
