{
  "type": "SolarGenerator", // 对象类型：太阳能发电机（SolarGenerator，表明其为利用太阳能发电的设备）
  "canOverdrive": true  // 是否支持超频：否（无法通过额外资源提升发电效率或速度
  "researchCostMultiplier": 0.3,  // 研究成本倍率：0.2（降低该设备的研究资源消耗，仅需基础成本的20%）
  "name": "劣质硅太阳能板", // 设备名称：太阳能电池板（Solar Panel）
  "description": "太阳能电池板，仅在白天产生少量电力", // 描述：基础款太阳能电池板，仅在白天产生少量电力
  "category": "power", // 所属类别：电力类（power，归类于游戏内电力生产相关设备）
  "powerProduction": 1.2, // 电力产量：0.35（游戏内电力单位/时间，即每单位时间产生0.35电力）
  "health": 180, // 耐久度：60（设备可承受的最大伤害值，低于0则损坏）
  "size": 2, // 体型大小：1格（游戏内格子单位，占用1×1的格子空间）
  "requirements": [ // 建造所需材料（格式为“材料名称/数量”）
    "劣质硅/15", // 材料：铅（lead），数量：5
    "青铜矿石/20" // 材料：硅（silicon），数量：8
  ],
  "research": { // 研发配置（解锁该设备需满足的研发条件）
    "block": "battery", // 研发所属模块：电池模块（battery，归类在电池相关研发分支下）
    "parent": "生物质合成区" // 前置研发：电池（battery，需先研发“battery”才能解锁该太阳能电池板）
  }
}
