{
  "type": "flying",
  "name": "Asmodeus",
  "description": "Existence is futile.",
  "flying": true,
  "health": 20000,
  "armor": 1000,
  "hitSize": 53,
  "speed": 1,
  "rotateSpeed": 1,
  "drag": 0.01,
  "accel": 0.05,
  "engineOffset": 25,
  "engineSize": 7,
  "weapons": [
    {
      "name": "asmodeus-exterminator",
      "x": 0,
      "y": 0,
      "shootY": 0,
      "shake": 10,
      "top": false,
      "mirror": false,
      "reload": 600,
      "recoil": 0,
      "shootSound": "bang",
      "bullet": {
        "type": "BasicBulletType",
        "backColor": "a63d3d",
        "frontColor": "e65555",
        "width": 34,
        "height": 34,
        "pierce": true,
        "pierceBuilding": true,
        "pierceCap": 100,
        "lifetime": 60,
        "speed": 2,
        "damage": 5120,
        "fragBullets": 2,
        "fragRandomSpread": 20,
        "fragBullet": {
          "type": "BasicBulletType",
          "backColor": "a63d3d",
          "frontColor": "e65555",
          "width": 26,
          "height": 26,
          "pierce": true,
          "pierceBuilding": true,
          "pierceCap": 100,
          "lifetime": 60,
          "speed": 2,
          "damage": 2560,
          "fragBullets": 2,
          "fragRandomSpread": 20,
          "fragBullet": {
            "type": "BasicBulletType",
            "backColor": "a63d3d",
            "frontColor": "e65555",
            "width": 19,
            "height": 19,
            "pierce": true,
            "pierceBuilding": true,
            "pierceCap": 100,
            "lifetime": 60,
            "speed": 2,
            "damage": 1280,
            "fragBullets": 2,
            "fragRandomSpread": 20,
            "fragBullet": {
              "type": "BasicBulletType",
              "backColor": "a63d3d",
              "frontColor": "e65555",
              "width": 14,
              "height": 14,
              "pierce": true,
              "pierceBuilding": true,
              "pierceCap": 100,
              "lifetime": 60,
              "speed": 2,
              "damage": 640,
              "fragBullets": 2,
              "fragRandomSpread": 20,
              "fragBullet": {
                "type": "BasicBulletType",
                "backColor": "a63d3d",
                "frontColor": "e65555",
                "width": 10,
                "height": 10,
                "pierce": true,
                "pierceBuilding": true,
                "pierceCap": 100,
                "lifetime": 60,
                "speed": 2,
                "damage": 320
              }
            }
          }
        }
      }
    },
    {
      "name": "asmodeus-life-ender",
      "x": 7.5,
      "y": 35,
      "shootY": 4, 
      "shake": 2,
      "rotateSpeed": 2,
      "reload": 45,
      "recoil": 2,
      "shootSound": "laser",
      "rotate": true,
      "bullet": {
        "type": "LaserBulletType",
        "damage": 1280,
        "sideAngle": 10,
        "sideWidth": 10.75,
        "sideLength": 40,
        "width": 12.5,
        "length": 100,
        "shootEffect": "shockwave",
        "colors": ["a63d3d", "e65555", "ffffff"]
      }
    },
    {
      "name": "asmodeus-life-ender",
      "x": 15.25,
      "y": 11.5,
      "shootY": 4, 
      "shake": 2,
      "rotateSpeed": 2,
      "reload": 45,
      "recoil": 2,
      "shootSound": "laser",
      "rotate": true,
      "bullet": {
        "type": "LaserBulletType",
        "damage": 1280,
        "sideAngle": 10,
        "sideWidth": 10.75,
        "sideLength": 40,
        "width": 12.5,
        "length": 100,
        "shootEffect": "shockwave",
        "colors": ["a63d3d", "e65555", "ffffff"]
      }
    },
    {
      "name": "asmodeus-life-ender",
      "x": 19,
      "y": -5,
      "shootY": 4, 
      "shake": 2,
      "rotateSpeed": 2,
      "reload": 45,
      "recoil": 2,
      "shootSound": "laser",
      "rotate": true,
      "bullet": {
        "type": "LaserBulletType",
        "damage": 1280,
        "sideAngle": 10,
        "sideWidth": 10.75,
        "sideLength": 40,
        "width": 12.5,
        "length": 100,
        "shootEffect": "shockwave",
        "colors": ["a63d3d", "e65555", "ffffff"]
      }
    },
    {
      "name": "asmodeus-life-ender",
      "x": 27.75,
      "y": -32,
      "shootY": 4, 
      "shake": 2,
      "rotateSpeed": 2,
      "reload": 45,
      "recoil": 2,
      "shootSound": "laser",
      "rotate": true,
      "bullet": {
        "type": "LaserBulletType",
        "damage": 1280,
        "sideAngle": 10,
        "sideWidth": 10.75,
        "sideLength": 40,
        "width": 12.5,
        "length": 100,
        "shootEffect": "shockwave",
        "colors": ["a63d3d", "e65555", "ffffff"]
      }
    }
  ]
}
