{
	"type": "GenericCrafter",
	"name": "煤换钛",
	"description": "新时代煤换",
    "outputItems":["titanium/80",]//产出
	"size":1,
	"health":840,//血量
	"itemCapacity":454,
	"craftTime":12.5,
    "consumes": {
    //"power":0.3,
    "items":{
    "items":[
    "coal/20",
	]
	}
	},
	"requirements": [
		        "titanium/1600",

	],
	"category":"crafting",
    "research": 
    {"parent":"煤换沙",
    "requirements": [
                "titanium/16000",
    ]   
    }
	"hasItems": true,
	"hasPower": false,
	"hasLiquids": false,
    "canOverdrive": true,
    "buildCostMultiplier":0.1,
    "updateEffect": "smeltsmoke",
}