{
	"type": "GenericCrafter",
	"name": "煤换物液",
	"description": "转属煤换",
    "outputItems":["物液奇点/50",]//产出
	"size":1,
	"health":1000,//血量
	"itemCapacity":600,
	"craftTime":33.6,
    "consumes": {
    "power":0.55,
    "items":{
    "items":[
    "coal/20",
	]
	}
	},
	"requirements": [
		        "物液奇点/3500",
	],
	"category":"crafting",
    "research": 
    {"parent":"增生物液",
    "requirements": [
                "thorium/50000",
    ]   
    }
	"hasItems": true,
	"hasPower": false,
	"hasLiquids": false,
    "canOverdrive": true,
    "buildCostMultiplier":0.1,
    "updateEffect": "smeltsmoke",
}