{
	"type": "GenericCrafter",
	"name": "煤换塑钢",
	"description": "新时代煤换",
    "outputItems":["plastanium/30",]//产出
	"size": 1,
	"health":840,//血量
	"itemCapacity":430,
	"craftTime":30,
    "consumes": {
    "power":1.5,
    "items":{
    "items":[
    "coal/20",
	]
	}
	},
	"requirements": [
		        "plastanium/1500",

	],
	"category":"crafting",
    "research": 
    {"parent":"煤换硅",
    "requirements": [
                "plastanium/15000",
    ]   
    }
	"hasItems": true,
	"hasPower": false,
	"hasLiquids": false,
    "canOverdrive": true,
    "buildCostMultiplier":0.1,
    "updateEffect": "smeltsmoke",
}