{
	"type": "GenericCrafter",
	"name": "煤换布",
	"description": "新时代煤换",
    "outputItems":["phase-fabric/35",]//产出
	"size": 1,
	"health":840,//血量
	"itemCapacity":435,
	"craftTime":30,
    "consumes": {
    "power":0.4,
    "items":{
    "items":[
    "coal/20",
	]
	}
	},
	"requirements": [
		        "phase-fabric/1900",

	],
	"category":"crafting",
    "research": 
    {"parent":"煤换塑钢",
    "requirements": [
                "phase-fabric/19000",
    ]   
    }
	"hasItems": true,
	"hasPower": true,
	"hasLiquids": false,
    "canOverdrive": true,
    "buildCostMultiplier":0.1,
    "updateEffect": "smeltsmoke",
}