{
	"type": "GenericCrafter",
	"name": "煤换废料",
	"description": "新时代煤换",
    "outputItems":["scrap/100",]//产出
	"size":1,
	"health":840,//血量
	"itemCapacity":800,
	"craftTime":4.8,
    "consumes": {
    //"power":0.3,
    "items":{
    "items":[
    "coal/10",
	]
	}
	}
	"requirements":[
		          "scrap/3000",
	],
	"category":"crafting",
    "research": 
    {"parent":"煤换钍",
    "requirements":[
                "scrap/30000",
    ]   
    }
	"hasItems": true,
	"hasPower": false,
	"hasLiquids": false,
    "canOverdrive": true,
    "buildCostMultiplier":0.1,
    "updateEffect": "smeltsmoke",
}