{
    "type": "missile",
    "name":"浮游弹"
    "template": "MissileUnitType",
    "hitSize":6
    "health":800
    "armor":5
    "maxRange":2
    "hidden":true
    "speed":6
    "rotateSpeed":8
    "lifetime":200
    "missileAccelTime":8
    "engineSize": 2,
    "trailLength": 28
    "trailEffect":"ArtilleryTrail"
    "trailColor":"FFFFFFFF"
    "weapons": [
        {
            "mirror": false,
            "shootCone": 360,
            "shootOnDeath": true,     
            "shootSound": "none",
            "bullet": {
                "type": "ExplosionBulletType",
                "shootEffect": "massiveExplosion",
                "damage":0
                "buildingDamageMultiplier":0.5
                "splashDamage":250
                "splashDamageRadius":42
	                  "speed":0.1
	                  "lifetime":0.1
	                  "killShooter": true
	                  "instantDisappear": true,
            }
        }
    ]
}