{
	"name": "蓝瑟·IV",
	"description": "三次改进版蓝瑟，取消预热，射速提高，增大光束强度，射程上升",
	"details": "滋——boom",
	"health":8000,
	"size":2,
	"accurateDelay":true,
	"moveWhileCharging": false,
	"targetGround": true,
	"targetAir": false,
	"liquidCapacity": 50,
	"shootType": {
	"type": "LaserBulletType",
	"chargeEffect":{
		"type":"MultiEffect",
		"effects":["lancerLaserCharge"]
	},
	"pierce": true,
	"pierceCap": 14,
	"collidesAir":false,
	"despawnEffect":"none",
	"damage": 210,
	"buildingDamageMultiplier":0.50,
	"inaccuracy": 0,
	"rotateSpeed": 4,
	"ammoMultiplier":1,
	"width": 30,	"length": 486,
	"lifetime": 30
	},
	"consumes":{
	"power":15,
	"coolant": {
			"amount": 0.2,
			"optional": true
		}},
	"shoot":{
		"shots": 3,
		"shotDelay": 6,
		"type": "ShootBarrel",
		"barrels": [
		0,4,0,
		-4,0,0,
		4,0,0,
		]
	},
	
	"drawer":{
    "type":"DrawMulti",
    "drawers":[{
      "type":"DrawTurret",
      "parts":[{
        "type":"RegionPart",
        "mirror":false,
        "x":-4,
        "y":-1,
        "suffix":"-left",
        "layer":50,
        "moveX":0,
        "moveY":4,
        "moveRot":0,
        "moves": [{
						"progress": "recoil",
						"y": -1
					}],
        },{
        "type":"RegionPart",
        "mirror":false,
        "x":4,
        "y":-1,
        "suffix":"-right",
        "layer":50,
        "moveX":0,
        "moveY":4,
        "moveRot":0,
        "moves": [{
						"progress": "recoil",
						"y": -1
					}],
        }
        ]
   }]},
	"reload":60,
	"shootSound":"laser",
	"chargeSound":"lasercharge2",
	"shootEffect":"lancerLaserShoot",
	"smokeEffect": "bigShockwave",
	"range": 480,
	"requirements": [
		{ "item": "copper", "amount":480},
		{ "item": "lead", "amount":560},
		{ "item": "silicon", "amount":480},
		{ "item": "titanium", "amount": 240}	]
	"category": "turret",
	"research": "lancer2"
	
}