{
	"type": "ConsumeGenerator",
	"name": "回转涡轮增压机",
	"size": 3,
	"health": 4000,
	"hasLiquids": true,
	"hasItems": true,
	"itemDuration": 15,
	"powerProduction": 62,
	"itemCapacity": 20,
	"liquidCapacity": 200,
	"drawer": {
		"type": "DrawMulti",
		"drawers": [
			"DrawDefault",
			{
				"type": "DrawRegion",
				"suffix": "-转",
				"rotateSpeed":9,
				"rotation":45
			},
			{
				"type": "DrawRegion",
				"suffix": "-转2",
				"rotateSpeed":-1.25,
				"rotation":60
			},
			{
				"type": "DrawRegion",
				"suffix": "-顶"
			},
			"DrawWarmupRegion",
			{"type": "DrawLiquidRegion",
			"drawLiquid": "water"}
		]
	},
	"generateEffect": "generatespark",
	"consumes": {
		"itemFlammable":{},
		"itemExplode":{},
		"liquid": "water/0.13"
	},
	"buildCostMultiplier": 0.95,
	"requirements": [
		"lead/500",
		"titanium/220",
		"metaglass/80",
		"silicon/130",
	],
	"ambientSound": "smelter",
	"ambientSoundVolume": 0.06,
	"category": "power",
	"research": "steam-generator"
}