{
	"type": "SolarGenerator",
	"name": "脉冲太阳能",
	"description": "通过光辐射获取能量.",
	"size": 3,
	"health": 720,
	"hasPower": true,
	"powerProduction": 5,
	"drawer": {
    "type":"DrawMulti",
	"drawers":[
	{
	"type":"DrawRegion",
	"suffix":"-bottom",
	},
	{
	"type":"DrawCrucibleFlame",
	"flameColor": "c24d4d",
	"midColor": "f5756b",
	"flameRad": 0.8,
	"cirleSpace": 1.5,
	"flameRadiusScl": 8,
	},
	"DrawDefault",
	{
	"type":"DrawGlowRegion",
	"color": "f5756b",
	"glowScale": 30,
	"glowIntensity": 1
	}
    ]
    },
	"requirements": [
		{ "item": "oxide", "amount": 80 },
		{ "item": "silicon", "amount": 120 },
		{ "item": "脉冲物", "amount": 30 },
		{ "item": "phase-fabric", "amount": 70 },
	],
	"category": "power",
	"research": "大型强化太阳能"
}
