{
    "type": "ImpactReactor",
    "size": 14,
    "name": "超核临界聚变反应堆",
    "health": 3820000,
    "powerProduction": 29999881,
    "itemCapacity": 3020,
    "itemDuration": 200,
    "ambientSound": "pulse",
    "canOverdrive": true,
    "liquidCapacity": 12000,
    "warmupSpeed": 102,
    "ambientSoundVolume": 0.15,
    "explosionRadius": 1040,
    "explosionDamage": 2147483647,
    "requirements": [
        { "amount": 276000, "item": "lead" },
        { "amount": 134000, "item": "metaglass" },
        { "amount": 281000, "item": "graphite" },
        { "amount": 138600, "item": "titanium" },
        { "amount": 1186000, "item": "thorium" },
        { "amount": 1130500, "item": "copper" },
        { "amount": 32000, "item": "plastanium" },
        { "amount": 58700, "item": "phase-fabric" },
        { "amount": 34000, "item": "surge-alloy" },
        { "amount": 74000, "item": "silicon" },
        { "amount": 9506, "item": "黑体三角" },
        { "amount": 8000, "item": "辉芒晶板" },
        { "amount": 8000, "item": "相位硅晶" },

    ],
    "baseExplosiveness": 80000,
    "consumes": {
        "items": {
            "items": [
                { "amount": 1000, "item": "thorium" },
            ]
        },
        "liquid": {
            "liquid": "cryofluid",
            "amount": 108
        },
        "power": 23800
    },
    "category": "power",
    "description": "伟大的鸽子科学家在咕咕咕的时候发现那些废弃的[plan零能晶体]含有未知的其他能量。
    一经发现鸽子科学家们立即展开了研究，研究进行了数日，进度还是毫无进展。
    正当它们苦思冥想时有一位鸽子科学家不小心把晶体当做巧克力吞进了肚子里！
    这一举动本应是要被做成爆炒鸽子的命运，但是鸽们逐渐发现不对劲。
    [数据删除]因此获得了巨大的收获。它们发现这种晶体能量极其恐怖根据它的恐怖性我们暂且对其命名为[鸽能]。
    在发现晶体中的[鸽能]后一天整个实验立马遭到封锁，偌大的实验室一夜之间消失不见，参与其中的研究人员集体失忆。
    时隔数年，一个[数据删除]玩耍途中在一座破旧的[数据删除]里发现了当时的研究设施。
    ",
    "research": "终归反应堆"
}
















/*

        impactReactor = new ImpactReactor("impact-reactor"){{
            requirements(Category.power, with(Items.lead, 500, Items.silicon, 300, Items.graphite, 400, Items.thorium, 100, Items.surgeAlloy, 250, Items.metaglass, 250));
            size = 4;
            health = 900;
            powerProduction = 130f;
            itemDuration = 140f;
            ambientSound = Sounds.pulse;
            ambientSoundVolume = 0.07f;
    "size": 4,
    "health": 1200,
    "powerProduction": 266.6
    "itemDuration": 160
    "ambientSound": "pulse",
    "ambientSoundVolume": 0.08,

            consumes.power(25f);
            consumes.item(Items.blastCompound);
            consumes.liquid(Liquids.cryofluid, 0.25f);
        }};
    "consumes": [
        "items": {
            "items": [
                { "amount": 1, "item": "" },
                { "amount": 1, "item": "" },
                { "amount": 1, "item": "" },
            ]
        },
        "liquid": {
            "liquid": "cryofluid",
            "amount": 0.45
        },
        "power": 30
    ]

        //endregion power
        //region production




                
                { "amount": 1, "item": "sand" },
                { "amount": 1, "item": "sand" },
                { "amount": 1, "item": "sand" },
                { "amount": 1, "item": "sand" },
                { "amount": 1, "item": "sand" },
                { "amount": 1, "item": "sand" },
                { "amount": 1, "item": "sand" },
                { "amount": 1, "item": "sand" },
                { "amount": 1, "item": "sand" },
                { "amount": 1, "item": "sand" },
                { "amount": 1, "item": "sand" },
                { "amount": 1, "item": "sand" },
                { "amount": 1, "item": "sand" },
                { "amount": 1, "item": "sand" },
                { "amount": 1, "item": "sand" },
                { "amount": 1, "item": "sand" },
                { "amount": 1, "item": "sand" },
                { "amount": 1, "item": "sand" },
                { "amount": 1, "item": "sand" },
                { "amount": 1, "item": "sand" },
                { "amount": 1, "item": "sand" },
                { "amount": 1, "item": "sand" },
                { "amount": 1, "item": "sand" },
                { "amount": 1, "item": "sand" },
                { "amount": 1, "item": "sand" },
                { "amount": 1, "item": "sand" },
                { "amount": 1, "item": "sand" },
                { "amount": 1, "item": "sand" },
                { "amount": 1, "item": "sand" },
                { "amount": 1, "item": "sand" },
                { "amount": 1, "item": "sand" },
                { "amount": 1, "item": "sand" },
                { "amount": 1, "item": "sand" },
                { "amount": 1, "item": "sand" },
                { "amount": 1, "item": "sand" },
                { "amount": 1, "item": "sand" },
                { "amount": 1, "item": "sand" },
                { "amount": 1, "item": "sand" },
                { "amount": 1, "item": "sand" },
                { "amount": 1, "item": "sand" },
                { "amount": 1, "item": "sand" },
                { "amount": 1, "item": "sand" },
                { "amount": 1, "item": "sand" },
                { "amount": 1, "item": "sand" },
                { "amount": 1, "item": "sand" },
                { "amount": 1, "item": "sand" },
                { "amount": 1, "item": "sand" },
                { "amount": 1, "item": "sand" }