{
	"type": "SolarGenerator",
	"name": "辉芒太阳能-贝塔",
	"description": "辉芒系列巨大化的型号-贝塔，是最大的太阳能.",
	"health": 1280,
	"size": 6,
	"hasPower": true,
	"powerProduction": 61,
	"drawer": {
	"type":"DrawMulti",
	"drawers":[
	"DrawDefault",
	{
	"type":"DrawGlowRegion",
	"color":"ffff5d",
	"glowScale": 40,
	"glowIntensity": 0.8
	}
	]
	},
	"requirements": [
	    { "item": "thorium", "amount": 155 },
		{ "item": "graphite", "amount": 325 },
		{ "item": "plastanium", "amount": 125 },
		{ "item": "surge-alloy", "amount": 155 },
		{ "item": "相位硅晶", "amount": 90 },
		{ "item": "辉芒晶板", "amount": 40 }
	],
	"category": "power",
	"research": "辉芒太阳能-阿尔法"
}
