{
	"type": "SolarGenerator",
	"name": "辉芒太阳能-伽马",
	"description": "辉芒系列体积最小,能效最高,耗材最贵的伽马型号.",
	"health": 60,
	"size": 1,
	"hasPower": true,
	"powerProduction": 8,
	"drawer": {
	"type":"DrawMulti",
	"drawers":[
	"DrawDefault",
	{
	"type":"DrawGlowRegion",
	"color":"ffff5d",
	"glowScale": 40,
	"glowIntensity": 0.8
	}
	]
	},
	"requirements": [
	    { "item": "thorium", "amount": 13 },
		{ "item": "graphite", "amount": 20 },
		{ "item": "plastanium", "amount": 12 },
		{ "item": "surge-alloy", "amount": 8 },
		{ "item": "相位硅晶", "amount": 5 },
		{ "item": "辉芒晶板", "amount": 2 }
	],
	"category": "power",
	"research": "辉芒太阳能-阿尔法"
}
