{
"type":"RegenProjector"
"name":"修复投影仪"
"description":"修复附近的受损建筑，无法叠加"
	"details": "偷偷告诉你，这个类型的修复都不能叠加哦",
	"hasLiquids": true,
"healPercent": 0.05,
"drawer": {
    "type": "DrawMulti",
    "drawers": [
      {
        "type": "DrawRegion",
        "suffix": "-bottom"
      },
       "DrawDefault"
      {
        "type": "DrawGlowRegion",
        "color": "D1EFFFFF"
      },
    ]
  },
"size":2
 "requirements": [
    "metaglass/10"
    "锂/35"
  ]
 "category": "effect",
"research": {
	"parent": "席卷"//科技树前置
	"objectives":[
 		 {
  "type": "OnSector",
  "preset":"荒芜海峡"  }]
	"requirements": [//研究花费
	"一级科技/150"
	]	}
"effectChance": 0.01,
	"effect":   {
					"type": "WaveEffect",
					"lifetime": 50
					"sizeFrom": 0,
					"sizeTo": 5,
					"strokeFrom": 1,
					"strokeTo": 1,
					"colorFrom": "A4A5F5FF",
					"colorTo": "A4A5F5FF"
					"interp" : "pow10Out"
},
"health":200
"range":11
 "consumes": {
		"power": 1.5,
}
}