{
//	"type":"PowerTurret",
	"category":"turret",
	"name":"裂隙",
	"description":"发射闪电电击目标，闪电具有不可控性。",

	"hasPower":true,
	"health":2500,
	"size":3,
	"targetGround":true,
	"targetAir":false,

	"research":{
	"parent":"asteroid",
	"requirements":[
	"chromium/1500",
	"graphite/2000",
	"silicon/2200"
	]	},

	"requirements":[
	"chromium/150",
	"graphite/200",
	"silicon/220"
	],

	"consumes":{
	"power":10
	},

	"shootSound":"spark",
	"reload":15,
	"rotateSpeed":5,
	"range":144,
	"shoot":{
	"shots":3
	},

	"drawer":{
	"type":"drawTurret",
	"basePrefix":"vitospp-"
	},

	"shootEffect":{
	"type":"ParticleEffect",
	"line":true,
	"particles":5,
	"lifetime":10,
	"length":35,
	"cone":-360,
	"lenFrom":1,
	"lenTo":5,
	"colorFrom":"B5FFECFF",
	"colorTo":"B5FFECFF",
	},

	"shootType":{
	"type":"LightningBulletType",
	"status":"shocked",
	"lightningColor":"B5FFECFF",
	"lightningCone":1,
	"damage":25,
	"lightningLength":24,
	"collidesAir":false
	"buildingDamageMultiplier":0.2
	},
}
