{
//	"type":"ItemTurret",
	"category":"turret",
	"name":"穿云",
	"description":"对轨道内目标发射三发重型穿甲弹。",

	"drawer":{
		"type":"drawTurret",
		"basePrefix":"vitospp-",
		"parts":[
		{"type":"RegionPart",
		"suffix":"-era",
		"moveX":2.5,
		"moveY":2,
		"mirror":true,
		"heatProgress":"warmup",
		},

		{"type":"RegionPart",
		"suffix":"-barrel",
		"moveY":10,
		"layerOffset":-0.003,
		"outlineLayerOffset":0.001
		"heatProgress":"warmup"
		},
		{"type":"RegionPart",
		"mirror":true,
		"layerOffset":-0.003,
		"outlineLayerOffset":0.001,
		"moveX":3,
		"moveY":-3,
		"suffix":"-wing",
		"heatProgress":"warmup"
		},

		{"type":"HaloPart",
		"color":"DEEDFFFF",
		"tri":true,
		"shapes":1,
		"triLength":0,
		"triLengthTo":330,
		"radius":4,
		"mirror":true,
		"under":false,
		"sides":15,
		"stroke":0,
		"strokeTo":2,
		"shapeRotation":0,
		"haloRotation":0,
		"layer":110,
		"x":6,"y":6
		}
		//箭头
		{"type":"HaloPart",
		"progress":{
		"type":"charge",
		"op":"delay",
		"amount":0.1},
		"color":"DEEDFFFF",
		"tri":true,
		"shapes":1,
		"triLength":0,
		"triLengthTo":5,
		"radius":10,
		"shapeRotation":0,
		"haloRotation":0,
		"layer":110,
		"x":0,"y":12
		},
		{"type":"HaloPart",
		"progress":{
		"type":"charge",
		"op":"delay",
		"amount":0.2},
		"color":"DEEDFFFF",
		"tri":true,
		"shapes":1,
		"triLength":0,
		"triLengthTo":5,
		"radius":10,
		"shapeRotation":0,
		"haloRotation":0,
		"layer":110,
		"x":0,"y":41
		},
		{"type":"HaloPart",
		"progress":{
		"type":"charge",
		"op":"delay",
		"amount":0.3},
		"color":"DEEDFFFF",
		"tri":true,
		"shapes":1,
		"triLength":0,
		"triLengthTo":5,
		"radius":10,
		"shapeRotation":0,
		"haloRotation":0,
		"layer":110,
		"x":0,"y":70
		},
		{"type":"HaloPart",
		"progress":{
		"type":"charge",
		"op":"delay",
		"amount":0.4},
		"color":"DEEDFFFF",
		"tri":true,
		"shapes":1,
		"triLength":0,
		"triLengthTo":5,
		"radius":10,
		"shapeRotation":0,
		"haloRotation":0,
		"layer":110,
		"x":0,"y":99
		}
		{"type":"HaloPart",
		"progress":{
		"type":"charge",
		"op":"delay",
		"amount":0.5},
		"color":"DEEDFFFF",
		"tri":true,
		"shapes":1,
		"triLength":0,
		"triLengthTo":5,
		"radius":10,
		"shapeRotation":0,
		"haloRotation":0,
		"layer":110,
		"x":0,"y":128
		}
		{"type":"HaloPart",
		"progress":{
		"type":"charge",
		"op":"delay",
		"amount":0.6},
		"color":"DEEDFFFF",
		"tri":true,
		"shapes":1,
		"triLength":0,
		"triLengthTo":5,
		"radius":10,
		"shapeRotation":0,
		"haloRotation":0,
		"layer":110,
		"x":0,"y":157
		}
		{"type":"HaloPart",
		"progress":{
		"type":"charge",
		"op":"delay",
		"amount":0.7},
		"color":"DEEDFFFF",
		"tri":true,
		"shapes":1,
		"triLength":0,
		"triLengthTo":5,
		"radius":10,
		"shapeRotation":0,
		"haloRotation":0,
		"layer":110,
		"x":0,"y":186
		}
		{"type":"HaloPart",
		"progress":{
		"type":"charge",
		"op":"delay",
		"amount":0.8},
		"color":"DEEDFFFF",
		"tri":true,
		"shapes":1,
		"triLength":0,
		"triLengthTo":5,
		"radius":10,
		"shapeRotation":0,
		"haloRotation":0,
		"layer":110,
		"x":0,"y":215
		}
		{"type":"HaloPart",
		"progress":{
		"type":"charge",
		"op":"delay",
		"amount":0.9},
		"color":"DEEDFFFF",
		"tri":true,
		"shapes":1,
		"triLength":0,
		"triLengthTo":5,
		"radius":10,
		"shapeRotation":0,
		"haloRotation":0,
		"layer":110,
		"x":0,"y":244
		}
		{"type":"HaloPart",
		"progress":{
		"type":"charge",
		"op":"delay",
		"amount":1.0},
		"color":"DEEDFFFF",
		"tri":true,
		"shapes":1,
		"triLength":0,
		"triLengthTo":5,
		"radius":10,
		"shapeRotation":0,
		"haloRotation":0,
		"layer":110,
		"x":0,"y":273
		}	]	},

	"research":{
	"parent":"erupt",
	"requirements":[
	"chromium/3000",
	"plastanium/1000",
	"silicon/2000"
	]	},

	"requirements":[
	"chromium/300",
	"plastanium/100",
	"silicon/200"
	],

	"consumes":{
	"liquid":{
	"liquid":"hydrogen","amount":0.1,
	}
	"coolant":{"amount":0.1,"optional":true}	}

		"shootSound":"mediumCannon",
		"shoot":{
		"type":"shootPattern",
		"firstShotDelay":300,
		"shots":3,
		"shotDelay":5
		},

	"size":4,
	"scaledHealth":250,
	"rotateSpeed":2,
	"reload":300,
	"ammoPerShot":15,
	"maxAmmo":45,
	"range":432,
	"inaccuracy":1,
	"squareSprite":false,
	"unitSort":"strongest",

	"ammoTypes":{
	"chromium":{
		"sprite":"mine-bullet",
		"damage":1000,
		"speed":16,
		"lifetime":27,
		"status":"empII",
		"shrinkY":0,"shrinkX":0,
		"width":17.25,"height":17.25,
		"frontColor":"8598BFFF",
		"backColor":"DEEDFFFF",
		"hitSound":"shootSmite",
		"hitShake":1,//
		"hitColor":"8598BFFF",

		"trailRotation":true,
		"trailLength":8.5,
		"trailWidth":4.5,
		"trailColor":"DEEDFFFF",
		"trailChance":1,
		"trailInterval":2,
		"trailEffect":{
		"type":"ParticleEffect",
		"particles":1,
		"sizeFrom":1,
		"sizeTo":0,
		"colorFrom":"8598BFFF",
		"colorTo":"DEEDFFFF",
		"lifetime":10,
		"interp":"pow10Out",
		"baseLength":3,
		"cone":30,
		"length":-35,
		}

	"shootEffect":{
		"type":"multiEffect",
		"effects":[
		{"type":"WaveEffect",
		"lifetime":10,
		"sizeFrom":0,
		"sizeTo":15,
		"strokeFrom":1.5,
		"strokeTo":0,
		"colorFrom":"8598BFFF",
		"colorTo":"DEEDFFFF",
		},
		{"type":"ParticleEffect",
		"region":"calamity-prism",
		"particles":3,
		"length":40,
		"lifetime":48,
		"interp":"circleOut",
		"sizeInterp":"pow5Out",
		"cone":0,
		"colorFrom":"8598BFFF",
		"colorTo":"DEEDFFFF",
		"sizeFrom":5.5,
		"sizeTo":0
		}	]	},

	"hitEffect":{
	"type":"multiEffect",
	"effects":[
	{"type":"WaveEffect",
	"lifetime":30,
	"sizeFrom":0,
	"sizeTo":60,
	"strokeFrom":7.5,
	"strokeTo":0,
		"colorFrom":"8598BFFF",
		"colorTo":"DEEDFFFF",
	},
	{"type":"ParticleEffect",
	"offset":30,
	"particles":12,
	"lifetime":40,
	"length":100,
	"interp":"circleOut",
	"sizeInterp":"pow5In",
	"cone":-360,
	"line":true,
	"strokeFrom":1.5,
	"strokeTo":1.5,
	"lenFrom":5,
	"lenTo":5,
	"lightColor":"DEEDFFFF",
		"colorFrom":"8598BFFF",
		"colorTo":"DEEDFFFF",
	},
	{"type":"ParticleEffect",
	"offset":30,
	"particles":12,
	"lifetime":60,
	"length":50,
	"interp":"circleOut",
	"sizeInterp":"pow5In",
	"cone":-360,
	"line":true,
	"strokeFrom":1.5,
	"strokeTo":1.5,
	"lenFrom":7,
	"lenTo":7,
	"lightColor":"DEEDFFFF",
	"colorFrom":"8598BFFF",
	"colorTo":"DEEDFFFF",
	}
	{"type":"ParticleEffect",
	"particles":7,
	"length":45,
	"lifetime":120,
	"interp":"pow3Out",
	"sizeInterp":"pow5In",
	"offset":30,
	"colorFrom":"8598BFFF",
	"colorTo":"DEEDFFFF",
	"sizeFrom":15,
	"sizeTo":0
	}	]	}
		}	},
}