{
    "type":"PowerNode",
    "name":"便携式创造节点",
	"description":"你还为了拉节点强迫症苦恼吗",
	"details":"还在为了拉节点而烦恼吗？",
	"size":1,//建筑大小
	"health":2147483647,//血量
    "maxNodes":2147483647,//连接数量
    "laserRange":750,//连接范围
    "requirements": [
                "便携创造节点/1",
	],//建造材料
	"category": "power",
	"research":
	{"parent":
	"无尽发电机",
    "requirements":[
                "便携创造节点/10",
    ]   
    }
	"hasPower": true,
}