{
    "type":"PowerSource",
    "name":"便携式电力源",
	"description":"∞电力源。",
	"details":"",
	"size":1,//建筑大小
	"health":2147483647,//血量
    "maxNodes":2147483647,//连接数量
    "laserRange":720,//连接范围
    "powerProduction":2147483647,
    "requirements":["便携电力源/1",]
	"category":"distribution"
	"research": 
    {"parent":"便携电力源",
    "requirements":[
                  "便携电力源/10",
    ]   
    }
	"category": "power",
	"hasPower": true,
	//"buildVisibility": "sandboxOnly",
}