{
	"name":"乾云",
	"description":"医疗运输机，能够运输相当数量的载荷，并治疗受损的友方单位。"
	"details":""
    "health":2000,
	"hitSize":30,
	//碰撞箱
    "rotateSpeed":6,
    //转身速度
    "itemCapacity":0,
    //物品容量
    "payloadCapacity":1600,
	//载荷（64为1²格）
    "canDrown":false,
    //能否被淹死
    "buildSpeed":0,
    //建筑速率
    "type":"payload",
    //空军类型
    "flying":true,
    //是否飞行
    "speed":1.25,
    //移速
    "accel":0.08,//加速
	"drag":0.02,//拖曳
    "lowAltitude":false,
    "engineSize":5,
    //引擎尺寸
    "engineOffset":18,
    //引擎偏移
    "armor":0,
    //护甲
    "range":152//攻击距离
    "research":"驱逐",
"weapons":[
    {
	"name":"无",//武器贴图
	"mirror":false,
	"x":0,"y":10,//位置
	"shootCone":60,
	"type":"RepairBeamWeapon"
	"beamWidth":1,
    "repairSpeed":1,
    "bullet":{
    "maxRange":160}
	},
]
}