{
	"type":"legs",//爬爬
	"flying":false,//是否飞行
	"legCount": 4,
	"legMoveSpace": 1,
	"lockLegBase":true,
	"allowLegStep": true,
	"hovering":true,
    "legPhysicsLayer":false,
    "legContinuousMove":true,
    "legExtension":-2,
    "legBaseOffset":3,
    "legMaxLength":1.1,
    "legMinLength":0.5,
    "legLengthScl":0.96,
    "legForwardScl":1.1,
    "legGroupSize":3,
    "rippleScale":0.2,
    "legMoveSpace":1,
    "hovering":true,
    "legPhysicsLayer":false,
	"name": "送葬",
	"controller": "SuicideAI",//ai,自爆ai
	"research":"驱逐",
	"abilities":[
	{
	"type": "LiquidExplodeAbility",//爆浆
			"liquid": "slag",//液体
			"amount":30,//液体数量
			"radAmountScale":5,
			"radScale":1.5,//液体面积
	}]
	"description": "携带矿渣罐的自爆爬行单位。\n被摧毁时也会引发爆炸。",
	"details":"艺术就是爆炸！",
	//"playerControllable":false,玩家可操控
    "health":200,//生命值
    "armor":5,//护甲
    "hitSize":15,//碰撞箱
    "omniMovement":true//是否一直面向目标
    "rotateSpeed" :5,
    "drownTimeMultiplier":3,
    "drawCell":true,//队伍标识
    "hidden":false,//隐藏（类似埃克里尔虫子，不显示）
	"createScorch": true,//死后黑圈
    "crushDamage":0,//碾压伤害
    "targetAir":false,
    "speed":1.5,//移动速度
    "itemCapacity":0,//背包容量
    "range":8,
"weapons": [//武器
		{"name": "空",//武器贴图名
		"shootOnDeath": true,//死后发射
		"rotateSpeed":20//转头速度
		"rotate": true,//转向
		"mirror":false,
		"reload": 24,//射速
		"shootCone": 360,//攻击范围
		"ejectEffect": "none",//抛壳特效
		"shootSound": "explosion",//攻击音效
		"bullet": {//子弹
			"type": "BombBulletType",//类型,爆炸子弹
			"width":0,	"height":0,//宽长度
			"lifetime": 8,//存在时间
			"speed": 3,//飞行速度
			"splashDamageRadius": 32,//范围伤害半径
			"instantDisappear": true,//立刻消失
			"splashDamage": 100,//范围伤害
			"killShooter": true,//杀死发射单位
			"collidesAir": true//碰撞飞机
			"buildingDamageMultiplier":2,//建筑杀伤倍率
//特效
			"hitEffect": "none",//击中特效
			"status":"melting",//附加效果
            "statusDuration": 300//效果时长
            "despawnEffect":{
        "type":"multiEffect",
"effects":[
{
"type":"ParticleEffect",
"lifetime": 180,"offsetX":0,
"colorFrom":"EC7458",//开始时颜色
"colorTo":"EC7458",//结束时颜色
"particles":18,//粒子数量
"randLength":true,//兰德长度？
"cone":360,//粒子扩散角度
"length":48,//粒子移动长度
"baseLength":8,//粒子在一定长度内出现
"useRotation":true,//使用旋转
"sizeFrom":6,//圆形从开始大小//粒子大小？？
"sizeTo":0,//圆形至结尾大小}
}
{
"type":"WaveEffect",
"lifetime": 60,
"colorFrom":"EC7458",//颜色从
"colorTo":"EC7458",//颜色至
"lightColor":"EC7458",//浅色
"sizeFrom":0,//开始时圆环直径
"sizeTo":32,//结束时圆环直径
"lightScl":5.0,//轻量级
"lightOpacity":0.5,//光不透明
"strokeFrom":5,//开始时圆形宽度
"strokeTo":0,//结束时圆环宽度
"offsetX":0//偏转x
}
	]}
}
}
]
}
/*
代码来自虫子模板mod
*/
