{
	"type": "flying",
	"name": "[#FF6464FF]灾难",
	"description": "[#FF6464FF]信息缺失",
	"ammoType": "surge-alloy",
	"ammoCapacity": 1400,
	"speed": 0.92,
	"drag": 0.05,
	"accel": 0.04,
	"flying": true,
	"engineOffset": 46,
	"engineSize": 10,
	"hitSize": 86,
	"faceTarget": true,
	"lowAltitude": true,
	"health": 231000,
	"armor": 41,
	"rotateSpeed": 0.88,
	"weapons": [
		{
			"name": "灾难",
			"reload": 90,
			"x": 30,
			"y": 0,
			"rotate": false,
			"mirror": true,
			"shootCone": 60,
			"shootSound": "missileLaunch",
			"shake": 5,
			"bullet": {
				"keepVelocity": false,
				"speed": 0,
				"shootEffect": "none",
				"smokeEffect": "shootSmallFlame",
				"spawnUnit": "灾难导弹"
			}
		},
		{
		         "name": "iaaa灾难1",
		         "reload": 30,
		         "x": 8,
		         "y": 24,
		         "rotate": true,
	                 "mirror": true,
	                 "shoot": {
	                 	"shots": 8,
		                "type": "ShootSpread",
		                "spread": 1
            	},
	                 "rotateSpeed": 2.5,
	                 "shootSound": "shootBig",
			"shake": 1,
			"ejectEffect": "casing3",
			"bullet": {
				"speed": 20,
				"lifetime": 20,
				"width": 15,
				"height": 18,
				"trailLength":3,
				"trailWidth":4,
				"trailColor":"FF6464FF",
				"backColor":"FF6464FF",
				"frontColor":"FF6464FF",
				"damage": 60,
				"splashDamageRadius": 45,
				"splashDamage": 185,
				"hitSound": "explosion",
				"shootEffect": "shootBig2",
				"smokeEffect": "shootBigSmoke",
				"hitEffect": "flakExplosionBig",
			}
		},
		{
		         "name": "iaaa灾难1",
		         "reload": 30,
		         "x": 32,
		         "y": -28,
		         "rotate": true,
	                 "mirror": true,
	                 "shoot": {
	                 	"shots": 8,
		                "type": "ShootSpread",
		                "spread": 1
            	},
	                 "rotateSpeed": 2.5,
	                 "shootSound": "shootBig",
			"shake": 1,
			"ejectEffect": "casing3",
			"bullet": {
				"speed": 20,
				"lifetime": 20,
				"width": 15,
				"height": 18,
				"trailLength":3,
				"trailWidth":4,
				"trailColor":"FF6464FF",
				"backColor":"FF6464FF",
				"frontColor":"FF6464FF",
				"damage": 60,
				"splashDamageRadius": 45,
				"splashDamage": 185,
				"hitSound": "explosion",
				"shootEffect": "shootBig2",
				"smokeEffect": "shootBigSmoke",
				"hitEffect": "flakExplosionBig",
			}
		},
		{
			"name": "iaaa灾难2",
			"reload": 45,
			"x": 24,
			"y": 0,
			"shoot": {
	                 	"shots": 3,
		                "type": "ShootSpread",
		                "spread": 2.5
            	},
			"rotate": true,
			"rotateSpeed": 1.5,
			"inaccuracy": 0,
			"alternate": true,
			"shake": 3,
			"shootSound": "laser",
			"bullet": {
				"type": "LaserBulletType",
				"damage": 455,
				"sideAngle": 20,
				"sideWidth": 1,
				"sideLength": 88,
				"smokeEffect": "bigShockwave",
				"colors": [
					"FF6464FF",
					"FF6464FF",
					"FF6464FF"
				],
				"width": 45,
				"length": 490,
				"status": "melting",
				"statusDuration": 90
			}
		}
	]
}