{
"name":"曙光",
"description":"重型护卫舰,装载联合式导弹发射器",
"speed":1.95//速度
"accel":0.3,//加速度
"drag":0.05,//拖曳
"isEnemy":true,//被计算敌人
"ammoCapacity":120//弹药容量
"hitSize":26//尺寸
"flying":true,//是否是飞行单位
"controller":"FlyingAI"
"health":2280,//生命
"armor":7,//护甲
"itemCapacity":50
"fogRadius":32
"faceTarget":false
"weapons":[
{"name":"曙光1"
"x":0
"y":-5
"rotate":false
"mirror":false
"reload":150
	"inaccuracy":5
"shoot":{
"shots":6
"shotDelay":5
}
"bullet":{
"type":"MissileBulletType"
"homingRange":300
"homingPower":0.1
"damage":50
"splashDamage":20
"splashDamageRadius":20
"speed":6
"lifetime":43
"width":1.2
"height":8
"trailLength":4
"trailWidth":1.2
}
}
]

}