{
	"name": "原子质量钻头",
	"description": "利用原子核，产生爆炸，挖掘矿物",
	"type": "Drill",
	"size": 3,
	"tier": 20,
	"health": 5000,
	"rotateSpeed":2.7,
	"warmupSpeed":2.7,
	"itemCapacity": 500,
	"liquidCapacity": 24,  
	"idleSound":"DrillBit",
	"idleSoundVolume": 0.1
	"drawRim":true,
	"hasItems": true,
	"drillTime": 1,
	"liquidBoostIntensity": 1.8,
	"consumes": {
	"power":4.2,  
	"liquid": {
       "liquid": "cryofluid",
       "amount": 0.4,
       "booster": true,
       "optional": true
        }
	},
	
	"requirements": [
		{ "item": "titanium", "amount": 80 },
		{ "item": "silicon", "amount": 100 },
		"graphite/50",
		"中子晶板/10",
		"blast-compound/80"
	],	
	"category": "production",
	"research": "爆破钻头"
	//以下来的，饱和火力
    "updateEffect":{
        "type": "ParticleEffect",
        "particles": 1,
        "line": true,
        "strokeFrom": 2.4,
        "strokeTo": 0,
        "lenFrom": 10,
        "lenTo": 0,
        "length": 20,
        "baseLength": 0,
        "lifetime": 19,
        "colorFrom": "FFFFFF",
        "colorTo": "FFFFFF",
        "cone":365
            }	
}
