{
    "name":"简易钻头",
    "type": "Drill",
    "description":"十分简易的钻头，对于我们来说只是一个激活科技树的冰山一角",
    "size": 2,
    "health": 120,
    "tier": 3,//挖掘等级
    "drillTime": 300,   
    "liquidBoostIntensity":2,
    "canOverdrive": true,
    "warmupSpeed": 0.02,
    "drillEffect": "none",
    "updateEffect": "none",
    "rotateSpeed": 1.3,
    "drawMineItem": false,
    "idleSound":"DrillBit",
	"idleSoundVolume": 0.1,
    "consumes": {
        "liquid": {
            "liquid": "water",
            "amount": 0.04,
            "booster": true,
            "optional": true
        }
    },
    "itemCapacity": 10,
    "liquidCapacity": 10,
    "requirements": [	
   { "item": "铁锭", "amount": 10},
    ],
    "category": "production",
    "research": "原点核心"
    "researchCostMultiplier": 0.05
}
