{
    "name": "小型钻头",
    "type": "Drill",
    "description": "小型钻头，速度比原版快，花费低，速度快",
    "size": 1,
    "health": 100,
    "tier": 3,
    "drillTime": 50,
    "liquidBoostIntensity": 2,
    "alwaysUnlocked": true,
    "canOverdrive": true,
    "warmupSpeed": 1,
    "drillEffect": "none",
    "updateEffect": "none",
    "rotateSpeed": 1.6,
    "drawMineItem": false,
    "idleSound": "DrillBit",
    "idleSoundVolume": 0.1,
    "consumes": {
        "liquid": {
            "liquid": "water",
            "amount": 0.07,
            "booster": true,
            "optional": true
        }
    },
    "itemCapacity": 10,
    "liquidCapacity": 10,
    "requirements": [
        "铁/500"
    ],
    "category": "production",
    "research": "星际核心"
}