{
	"type": "payload",
	"name": "准卫",
	"description": "向附近的地面投掷炸弹，用闪电修复建筑或攻击敌人",
	"speed": 8,
	"accel":0.05,"drag":0.03,
	"rotateSpeed":5,
	"hitSize":15, 
	"buildSpeed":2.5,
	"flying": true,
	"health":500,
	"armor":5,
	"mineTier":5,
	"mineSpeed":7,
		"engineOffset": 6,
	"engineSize": 3,
    "abilities": [
		{
			"type": "ShieldArcAbility",
			"radius": 80,
			"width": 20,
			"max": 20,
			"regen": 0.5,
			"cooldown": 300,
			"angle": 140
		}
	],
		"ammoType":{
	"type":"PowerAmmoType",
	"totalPower":2200},
	"ammoCapacity": 700
    "ammoResupplyAmount":1,/*弹药补给倍率 */
    "health": 500,
    "armor": 5,
    "drag": 0.2,
    "rotateSpeed": 2.5,
    "itemCapacity": 30,
        "targetAir":true,  
    "targetGround":true,
    	"weapons":[
	{	"name": "恒星1",	
		"reload": 25, 
		"x": 4.5,  "y": 0,  
		"shoot":{
			"shots":2,
			"shotDelay":6},
		"rotate": false,
		"shootY":4.5,
		"top":false,
		"inaccuracy": 0,
		"alternate": false, 
		"shootCone":12,
		"shootSound": "lasershoot",
		"bullet":{	
	"type":"LaserBoltBulletType",
		"frontColor":"FFFFFF",	
		"backColor":"97FFA8FF",	
		"damage":15,
		"pierceArmor": true,
		            "lightningDamage":4,
    "lightning":3,
    "lightningLength":4
            "healPercent": 5,  // 修复比例：2.5%（每次命中修复目标最大生命值的2.5%）
            "collidesGround": true,  // 是否与地面单位碰撞：是（仅与地面友方建筑碰撞以触发修复）
        "collidesTeam": true  // 是否与友方单位碰撞：是（核心参数，确保仅修复友方建筑，不攻击友方）
		"speed":7.6, "lifetime":24,
		"width":2,	 "height":8	}	}
			{
			"name": "路由器5",
			"reload": 10,
			"x": 2,
			"y": 3,
			"rotate": true,
			"inaccuracy": 0,
			"alternate": true,
			"top": false,
			"ejectEffect": "casing1",
			"bullet": {
				"damage": 10,
				"speed": 8,
				"lifetime": 20,
				"width": 5,
				"height": 8
			}
			}
		]
    "research": {
	"parent":"古老遗址"
	"objectives": [
            {
				"type": "SectorComplete",
				"preset": "古老遗址"
			}
	]
	}
	"researchCostMultiplier": 0.2,
}
