{
 "type": "tank",    
  "name":"回响", // 单位名称：轻型坦克
  "description":"小型高速坦克，装备高速机枪，但为了配合机枪的弹药需求，只安装小型护甲板，令其机体十分脆弱，而且由于大量弹药使其弹药架殉爆机率极高，因此谨适合攻击敌方低质量的步兵或无法威胁我方坦克的单位。", // 单位描述：结构简单、造价低廉，以机枪为攻击武器，性价比突出
  "squareShape":true, // 外形是否为方形：是（true，单位碰撞/显示外形为方形）
  "omniMovement":false, // 是否为全向移动：否（false，移动方向受朝向限制，非任意方向移动）
  "rotateMoveFirst":true, // 是否先转向再移动：是（true，移动时需先将朝向转向移动方向）
  "rotateSpeed":1.3, // 转向速度：1.3（float类型，数值对应游戏内速度单位，后同）
  "envDisabled":0, // 环境禁用状态：0（表示不受任何环境限制，可在所有环境正常运作）
  "speed":1.2, // 移动速度：1.2（游戏内距离单位/时间）
  "outlineColor":"2d2f39", // 轮廓颜色：深灰色（十六进制颜色值，对应#2d2f39）
  "hitSize":10, // 碰撞体积大小：10（游戏内碰撞判定的尺寸单位）
  "treadPullOffset":3, // 履带牵引偏移量：3（影响履带视觉效果与移动时的位置偏移）
  "rotateSpeed":3.5,
  "health":150, // 生命值：100（单位承受伤害的上限）
  "armor":3, // 护甲值：3（减免受到的伤害，数值越高减免效果越强）
  "itemCapacity":20, // 物品容量：0（无法携带任何物品）
  "research":"古老遗址", // 解锁所需研发：地面工厂（需先研发“ground-factory”才能解锁该单位）
  "researchCostMultiplier":0.8, // 研发成本倍率：0（研发该单位无需额外消耗资源）
  "weapons":[ // 武器列表（该单位配备的武器配置）
    {
      "name":"回响-weapon", // 武器名称：轻型坦克专用武器
      "layerOffset":0.0001f, // 图层偏移：0.0001（避免武器模型与单位主体图层重叠）
      "reload":10, // 装填时间：10（游戏内时间单位，数值越小射速越快）
      "shootY":4.5, // 射击Y轴偏移：4.5（武器发射点在单位Y轴方向的位置）
      "recoil":1f, // 后坐力：1（射击时武器的后坐偏移幅度）
      "rotate":true, // 武器是否可旋转：是（true，武器可独立于单位主体旋转瞄准）
      "rotateSpeed":1.7f, // 武器旋转速度：1.7（武器转向瞄准目标的速度）
      "mirror":false, // 武器是否镜像显示：否（false，仅单方向显示，不做左右对称）
      "x":0f, // 武器X轴位置：0（武器在单位主体上的X轴坐标）
      "y":-0.75f, // 武器Y轴位置：-0.75（武器在单位主体上的Y轴坐标，负值表示向下偏移）
      "heatColor":"f9350f", // 武器过热颜色：橙红色（十六进制颜色值，对应#f9350f，过热时显示该颜色）
      "cooldownTime":10, // 冷却时间：10（武器连续射击后的冷却时长，与装填时间可能存在协同逻辑）
      "recoil":0.5, // 后坐力：0.5（此处可能为补充定义，以实际生效数值为准）
      "inaccuracy":3, // 射击精度：3（数值越大，子弹散布范围越广，精度越低）
      "shoot":{ // 射击模式配置
        "type":"ShootAlternate", // 射击类型：交替射击（ShootAlternate，可能为双管交替发射等模式）
        "spread":4 // 射击散布：2（子弹发射时的扩散角度，数值越小精度越高）
      },
      "bullet":{ // 子弹属性配置
        "recoil":0.1, // 子弹后坐力：0.1（子弹发射对单位主体产生的后坐影响）
        "frontColor":"66FFE374", // 子弹正面颜色：深灰色（#53565c）
        "backColor":"66FFE374", // 子弹背面颜色：深灰色（#53565c）
        "speed":4, // 子弹飞行速度：4（游戏内距离单位/时间）
        "damage":16, // 子弹伤害：16（命中目标时造成的基础伤害）
        "width":5, // 子弹宽度：5（子弹碰撞判定与显示的宽度）
        "height":5, // 子弹高度：5（子弹碰撞判定与显示的高度）
        "shootEffect":"shootSmall", // 发射特效：小型射击特效（shootSmall，子弹发射时的视觉效果）
        "smokeEffect":"shootSmallSmoke", // 烟雾特效：小型射击烟雾（shootSmallSmoke，发射时伴随的烟雾效果）
        "keepVelocity":true, // 是否继承单位速度：是（true，子弹飞行速度会叠加单位移动速度）
        "lifetime":40, // 子弹存活时间：40（超过该时间子弹会自动消失，限制有效射程）
        "shrinkY":0, // Y轴收缩系数：0（子弹飞行过程中Y轴方向不发生收缩）
        "trailWidth":0.8, // 轨迹宽度：0.8（子弹飞行时留下的轨迹线条宽度）
        "trailLength":14, // 轨迹长度：14（子弹轨迹的显示长度）
        "trailColor":"66FFE374" // 轨迹颜色：深灰色（#53565c，子弹轨迹的显示颜色）
      }
    }
  ]
}
