{
  "type": "mech",
  "name": "帝位"
  "description": "拥有两台穿透散弹炮",
  "research": "reign",
  "hitSize": 48,
  "canDrown": false,
  "armor": 38,
  "speed": 0.58,
  "rotateSpeed": 1.44,
  "baseRotateSpeed": 1.3,
  "health": 83600,
  "mechStepParticles": true,
  "mechFrontSway": 2.2,
  "mechSideSway": 0.8,
  "ammoType": "surge-alloy",
  "ammoCapacity": 350,
  "weapons": [
    {
			"name": "jaaa帝位1",
			"reload": 60,
			"shake": 3,
			"shoot": {
				"shots": 30,
				"type": "ShootSpread",
		                "spread": 0.75
			},
			"recoil": 10,
			"x": 28,
			"y": -1,
			"shootX": 0,
			"shootY": 11,
			"rotate": false,
			"top": false,
			"shootSound": "artillery",
			"alternate": true,
			"ejectEffect": "casing4",
			"bullet": {
				"status": "blasted",
				"damage": 120,
				"splashDamage": 100,
				"splashDamageRadius": 32
				"pierce": true,
				"pierceCap": 4,
				"speed": 20,
				"lifetime": 15,
				"shootEffect": "shootBig",
				"smokeEffect": "shootBigSmoke",
				"width": 15,
				"height": 35,
				"hitSound": "explosion",
				"hitEffect": "flakExplosion",
			}
		},
      ]
}