{
    "name":"感应地雷",//游戏内显示名称
    "type":"PowerTurret",//类别
    "description":"敌人接近时变形为跟踪导弹进行追击。", //游戏内描述
    "details":" C-制导自走雷，实际是可以遥控移动的四足机器人。其背部被设计为微型导弹发射平台，导弹助推时产生的巨大后坐力会彻底将机体破坏。同时在发射前需要先将四足扎如地下进行固定，防止机体被炸飞造成导弹偏航。"
    "health":250,//最大生命
    "range":268,//攻击范围，实际范围等于此处八分之一
    "size":1,//占地范围，贴图规格乘32
    "targetAir" :true,//是否伤害空中单位
	"targetGround":true,//是否伤害地面单位
    "reload":60,//射击后摇，越低间隔越短，此处30为间隔一秒，太高容易卡顿慎用
    "rotateSpeed":99,//炮台旋转速度
    "rebuildable":"false"//自动重建
    "hasPower":false,
    "fogRadius":0,//迷雾揭示范围
    "powerUse" :0,//电力使用，此处乘60为实际用电量
    "hasPower" : true, //电力炮塔此项必须为true，否则会导致闪退！
	"shoot":{
	    "type":"ShootSpread",
	    "shots":1
	},
    "solid":false, //立体的
    "hasShadow":false, //阴影
    "shootCone":45,//子弹散射角，直接填数字
    "shootSound": "explosion",//攻击音效
	"shootType":{
	"type":"MissileBulletType",//类型
			"sprite":"missile",//子弹贴图
			"splashDamageRadius":30,//伤害范围
			"splashDamage":32,//范围伤害
			"buildingDamageMultiplier":0.25,
			"speed":2.2,//速度
			"damage":60, //单体伤害
			"homingRange":360,//跟踪半径
	        "homingPower":0.05,//跟踪力度（1=3000度）
			"frontColor":"dea32c",
			"backColor":"e0861a",
			"trailLength": 18,
            "trailWidth": 3,
			"trailColor":"fcf16e",//尾迹颜色
			"lifetime":180,//存在时间帧
			"width": 16,"height": 16,//宽长度
			"spin": 0,//子弹旋转速度
			"shootEffect": "shootSmallFlame",
			"status": "blasted",//附加效果
			"hitTiles":false,//攻击方块
			"killShooter": true,//杀死发射单位
			"despawnEffect":"smokeCloud"
	},
	"requirements": [//建造消耗
        {"item": "copper", "amount": 15},
        {"item": "金", "amount": 15}
],
    "category": "effect",//建筑栏分类
    "research": "c-追迹"//前一位科技名，原版使用对应英文
  }