{
    "name":"改良装卸器",
    "description":"从周围的建筑卸载指定物品。",
    "details":"这个小小的运输结搭载了几乎是最先进的智能处理器，能接收指令并控制机械臂从容器中拿取对应物品。"
    "type":"Unloader",
    "size":1,
    "health":250,
    "speed":6,
    //越小越快
    "group":"transportation",
    //方块组别：运输
	"itemCapacity":10,
    "requirements":[
        "钢铁/20"
        "silicon/20"
    ]
    "category":"effect",
    "research":"改良容器"
}