{
    "description": "少量储存各种类型的物品，可使用装卸器卸载物品。",
    "details":"金属制的临时容器，使用简单的栅格法分类其内容物。高强液压门和排气系统使得内部处于完全真空状态，能充分抑制其建筑体和内容物的氧化反应。"
    "requirements": [
        "钢铁/60"
    ],
    "type": "StorageBlock",
    "name": "改良容器",
    "size": 2,
    "health":600
    "itemCapacity": 300,
    "research": {
	"parent": "改良路由器"//科技树前置
	"requirements": [//研究花费
	"钢铁/160"
	]	},
    "category": "effect"
}