{
	"type": "Radar",//类型
	"category": "effect",//菜单栏
	"name": "雷达站点",//名字
	"description": "能够勘测战争迷雾，探索地图中未显示的区域。",//介绍
	"details":"利用超声波感应远距离物体的微型探测器，在古战争中被用于对远距离袭击物进行精准锁定。现在使用的这款经过特化改良，能直接显示大范围内的所有物体，更适合开拓探索而非战略防御。"
	"research": "基本单位工厂",//科技树前置

	"requirements": [//建造消耗
	"copper/20",
	"金/20"],

	"consumes":{"power":0.333333333}//运作消耗//电,帧

	"size":1,//平方大小
	"health":250//血量
	"fogRadius":32//迷雾范围
}