{
    "type": "UnitCargoLoader",
    "name": "蜂巢搬运点",
    "description": "生产一只搬运蜂为你远程搬运物品。需要链接卸货点才能进行搬运。/n[green]顺蜂快递（",
    "health": 360,
    "size": 3,
    "hasItems": true,
    "itemCapacity": 200,
    "unitType": "搬运蜂",
    "consumes": {
        "items": {
            "items": [
                "生物质/50"
            ]
        }
    },
    "requirements": [
        "graphite/120",
        "生物质/100",
        "氮化硅/80",
        "钴钢/50"
    ],
    "research": "小型质驱"
}