{
//	"type":"BeamDrill",
	"category":"production",

	"research":{
	"parent":"hydraulic-generator",
	"requirements":[
	"nickel/25",
	"graphite/25"
	]	},

	"requirements":[
	"nickel/30",
	"graphite/10"
	],

	"consumes":{
		"power":0.3,
		"liquid":{
		"liquid":"hydrogen","amount":0.003333333333333,
		"booster":true,
		"optional":true
		}	},

	"itemCapacity":10,
	"liquidCapacity":10,
	"size":2,
	"health":480,
	"tier":4,
	"range":5,
	"fogRadius":2,
	"drillTime":100,
	"hasShadow":true
}