{
//	"type":"Drill",
	"category":"production",

	"research":{
	"parent":"cut-drill",
	"requirements":[
	"nickel/80",
	"graphite/50"
	]	},

	"requirements":[
	"nickel/30",
	"graphite/20"
	],

	"consumes":{
	"power":0.4,
	"liquid":{
	"liquid":"water",
	"amount":0.065,
	"booster":true,
	"optional":true
	}	},

	"size":2,
	"tier":4,
	"health":480,
	"drillTime":180,
	"rotateSpeed":3.5,
	"warmupSpeed":4,
	"itemCapacity":10,
	"liquidCapacity":10,
	"hasItems":true,
	"updateEffect":"mineSmall",
	"liquidBoostIntensity":1.5
}