{
  "type": "flying",
  "lowAltitude": false,
  "defaultController": "minerAI",
  "speed": 4.0,
  "research": "drone-m",
  "mineItems": [
    "titanium",
    "thorium",
    "siradamite",
    "urbium",
    "dytrix"
  ],
  "mineSpeed": 15.5,
  "mineTier": 10,
  "accel": 0.5,
  "drag": 0.5,
  "trailLength": 8,
  "playerControllable": false,
  "mineHardnessScaling": true,
  "mineWalls": true,
  "mining": true,
  "isEnemy": false,
  "outlineColor": "36363c",
  "engineColor": "A9D8FFFF",
  "trailColor": "A9D8FFFF",
  "flying": true,
  "health": 500,
  "hitSize": 8,
  "armor": 3,
  "itemCapacity": 15,
  "engineOffset": 7
}
