{
  "type": "missile",
  "controller": "MissileAI",
  "lowAltitude": true,
  "speed": 9.6,
  "rotateSpeed": 2.5,
  "lifetime": 150,
  "homingDelay": 45,
  "isEnemy": false,
  "allowedInPayloads": false,
  "playerControllable": false,
  "physics": false,
  "deathEffect": "none",
  "useUnitCap": false,
  "createWreck": false,
  "createScorch": false,
  "flying": true,
  "hidden": true,
  "health": 80,
  "hitSize": 7,
  "engineLayer": 110,
  "outlineColor": "272930FF",
  "engineColor": "A9D8FFFF",
  "trailColor": "A9D8FFFF",
  "missileAccelTime": 60,
  "engineOffset": 6,
  "engineSize": 2.3,
  "drawCell": false,
  "maxRange": 10,
  "trailLength": 12,
  "weapons": [
    {
      "name": "bbom boom",
      "shootCone": 360,
      "shootOnDeath": true,
      "controllable": true,
      "shootSound": "none",
      "bullet": {
        "killShooter": true,
        "hitEffect": {
          "type": "multiEffect",
          "effects": [
            {
              "type": "WaveEffect",
              "lifetime": 15,
              "sizeFrom": 0,
              "sizeTo": 30,
              "strokeFrom": 7.5,
              "strokeTo": 0,
              "colorFrom": "A9D8FFFF",
              "colorTo": "66B1FFFF"
            },
            {
              "type": "ParticleEffect",
              "offset": 30,
              "particles": 10,
              "lifetime": 20,
              "length": 50,
              "interp": "circleOut",
              "sizeInterp": "pow5In",
              "cone": -360,
              "line": true,
              "strokeFrom": 1.5,
              "strokeTo": 1.5,
              "lenFrom": 5,
              "lenTo": 5,
              "lightColor": "A9D8FFFF",
              "colorFrom": "E1F2FFFF",
              "colorTo": "A9D8FFFF"
            },
            {
              "type": "ParticleEffect",
              "offset": 30,
              "particles": 10,
              "lifetime": 25,
              "length": 30,
              "interp": "circleOut",
              "sizeInterp": "pow5In",
              "cone": -360,
              "line": true,
              "strokeFrom": 1.5,
              "strokeTo": 1.5,
              "lenFrom": 7,
              "lenTo": 7,
              "lightColor": "A9D8FFFF",
              "colorFrom": "E1F2FFFF",
              "colorTo": "A9D8FFFF"
            }
          ]
        },
        "type": "ExplosionBulletType",
        "instantDisappear": true,
        "width": 0,
        "height": 0,
        "keepVelocity": false,
        "splashDamageRadius": 55,
        "splashDamage": 100
      }
    }
  ],
  "abilities": [
    {
      "type": "MoveEffectAbility",
      "effect": {
        "type": "ParticleEffect",
        "particles": 4,
        "sizeFrom": 4,
        "sizeTo": 1,
        "length": 30,
        "lifetime": 30,
        "lightOpacity": 0,
        "interp": "circleOut",
        "sizeInterp": "pow5In",
        "colorFrom": "66B1FFAa",
        "colorTo": "78787870",
        "cone": 9
      },
      "interval": 2,
      "y": -6,
      "rotateEffect": true,
      "rotation": 180
    }
  ]
}
