{
	"type": "UnitFactory",
	"name": "基本单位工厂",
	"description": "生产陆军单位。\n产出的单位可以直接投入战场，也可以送入重构工厂进行升级。",
	"details":"50块好兄弟点击就送。",
	"category":"units",
	"research": {
	"parent": "先遣核心"//科技树前置
	"objectives":[
	{
	"type": "SectorComplete",//占领地图
	"preset":"野性之心-湍流河谷"//地图名
	},
	]
	"requirements": [//研究花费
	"钢铁/1000",
	"copper/1500",
	"silicon/800"
	]	},
	"health":600,//血量
	"size":3,//大小
	"consumes":{"power":1.2},//耗电量帧
	"requirements": [//制造材料
		{ "item": "钢铁", "amount": 60},
		{ "item": "copper", "amount": 120},
		{ "item": "silicon", "amount": 80}	]
	"plans":[
		{ "unit": "先锋", 
		"time": 720, //制造时间帧
		"requirements": [//制造材料
			{ "item": "copper", "amount": 15},//铜
			{ "item": "金", "amount": 5}	]//金
		}
		{ "unit": "星矢", 
		"time": 1200, //制造时间帧
		"requirements": [//制造材料
			{ "item": "copper", "amount": 20},//铜
			{ "item": "金", "amount": 5}	]//金
		}
		{ "unit": "幻想", 
		"time": 900, //制造时间帧
		"requirements": [//制造材料
			{ "item": "奥利哈钢", "amount": 8}	]//奥利哈钢
		}
			]
}