{
    "type":"mech"
	"name": "火龙",
	"description": "大型空中战斗机，配备了龙息喷火器",
	"health": 300,
	"mass":13
	"speed": 0.2,
	"boostSpeed": 0.01,
	"drag": 0.06,
	"itemCapacity": 100,
	"buildPower": 1.5,
	"engineOffset": 6.5,
	"variants": 20,
	"engineSize": 2.6,
	"drillPower": 2,
	"engineColor": "ffd27e",
	"flying": true,
	"weaponOffsetX": 0
	"shots":1
	"relaod":40
	"weapon": {
		"name": "龙息",
		"length": 1,
		"reload": 15,
		"alternate": false
		"shootSound": "missile",
		"ejectEffect":"shootPyraFlame"
		"inaccuracy":30
		"bullet": {
			"speed": 3.75,
			"type": "MissileBulletType",
			"hitShake":1,
			"homingPower":0,
			"homingRange":300,
			"backColor":"ea8878",
			"frontColor":"ffb380",
			"trailColor":"ea8878",
            "lifetime":60
            "damage": 15,
            "bulletWidth": 28
            "bulletHeight": 28
            "splashDamageRadius":25,
	        "splashDamage":30,
	        "hitEffect":"blastExplosion",
			"shootEffect":"shootBigSmoke2",
			"smokeEffect":"shootBigSmoke"
		"status":"burning"
	}
}
}