{
	"name":"石中剑近战机甲",
	"description": "重型近战机甲血量极厚.",
	"health": 1000,
	"mass":1,
	"variants": 160,
	"speed": 0.11,
	"boostSpeed": 0.21,
	"drag": 0.1,
	"buildPower": 1.5,
	"itemCapacity": 50,
	"engineOffset": 6.5,
	"engineSize": 2.6,
	"engineColor": "ea8878",
	"flying": false,
	"drillPower": 2,
	"mineSpeed": 2.0,
	"weaponOffsetX": 3,
	"weapon": {
		"name": "石中剑",
		"length": 1,
		"reload": 16,
		"alternate": true,
		"shootSound": "shootBig",
		"shootEffect": "shootBig2"
		"range":40,
		"bullet": {
		"damage":150
		"bulletSprite":"终末纪元-拦截子弹"
		"speed":3
		"lifetime":50
		"splashDamageRadius":25,
	        "splashDamage":30,
	        "hitEffect":"blastExplosion",
			"shootEffect":"shootBigSmoke2",
			"smokeEffect":"shootBigSmoke"
			"pierce":true
			"bulletWidth":50 ,//子弹宽
		    "bulletHeight":10
		    "hitSize":10
			}
	}
}
