{
	"type": "GenericCrafter",
	"name": "存储器制造工厂",
	"description": "",
	"outputItem": {"item": "存储器","amount": 1 },
	"size": 3,
	"itemCapacity": 60,
	"hasPower": true,
	"hasLiquids": false,
	"hasItems": true,
	"craftTime": 60,
	"updateEffect": "smeltsmoke",
	"consumes": {
		"power": 3.5,
		"items": {
		    "items": [
		{ "item": "运算单元","amount": 1 },
		{ "item": "金","amount": 1 },
		{ "item": "silicon","amount": 1 }
		]
	}
},
	"requirements": [
		{ "item": "塑料", "amount": 20 },
		{ "item": "metaglass", "amount": 60 },
		{ "item": "金", "amount": 120 },
		{ "item": "plastanium", "amount": 50 },
		{ "item": "铝锭", "amount": 60 },
		{ "item": "surge-alloy", "amount": 60 }
	],
	"category": "crafting",
	"research": "缓存器生产工厂"
	"drawer":[
	    {
	        "type":"DrawDefault"
	    },
	    {
	        "item": "DrawMulti"
	    },
	    {
            "type": "DrawFlame",
            "flameRadius": 3,
            "flameRadiusIn": 1.8,
            "flameRadiusScl": 2,
            "flameRadiusMag": 2,
            "flameRadiusInMag": 1,
            "flameColor": "E8FFDEFF"
	    }
	],
}