{
	"type": "GenericCrafter",
	"name": "缓存器生产工厂",
	"description": "",
	"outputItem": {"item": "缓存器","amount": 1 },
	"size": 3,
	"itemCapacity": 35,
	"hasPower": true,
	"hasLiquids": false,
	"hasItems": true,
	"craftTime": 30,
	"updateEffect": "smeltsmoke",
	"consumes": {
		"power": 8.8,
		"items": {
		    "items": [
		{ "item": "钛板","amount": 1 },
		{ "item": "金","amount": 1 },
		{ "amount": 1, "item": "塑料" }
		]
	}
},
	"requirements": [
		{ "item": "塑料", "amount": 80 },
		{ "item": "塑钢板", "amount": 60 },
		{ "item": "graphite", "amount": 120 },
		{ "item": "silicon", "amount": 30 },
		{ "item": "铝锭", "amount": 30 },
		{ "item": "铁锭", "amount": 30 }
	],
	"category": "crafting",
	"research": "运算单元制造厂"
	"drawer":[
	    {
	        "type":"DrawDefault"
	    },
	    {
	        "item": "DrawMulti"
	    },
	    {
            "type": "DrawFlame",
            "flameRadius": 5,
            "flameRadiusIn": 2.8,
            "flameRadiusScl": 5,
            "flameRadiusMag": 2,
            "flameRadiusInMag": 1,
            "flameColor": "FFF5DEFF"
	    }
	],
}