{
	"type": "flying",
	"circleTarget": true,
	"lowAltitude": true,
	"flying": true,
	"health": 21600,
	"hitSize": 54,
	"armor": 16,
	"speed": 2.8,
	"drag": 0.03,
	"rotateSpeed": 8,
	"engineSize": 0,
	"range": 480,
	"ammoType": 6000,
	"ammoCapacity": 300,
	"outlineColor": "1F1F1F",
	"immunities": [
		"burning",
		"melting",
		"blasted",
		"wet",
		"freezing",
		"spore-slowed",
		"slow",
		"tarred",
		"sapped",
		"electrified",
		"unmoving",
		"熔融"
	],
	"weapons": [
		{
			"x": 0,
			"y": -11.5,
			"reload": 300,
			"mirror": false,
			"shootY": 0,
			"shootCone": 20,
			"cooldownTime": 145,
			"shootSound": "laserbeam",
			"alwaysContinuous": true,
			"bullet": {
				"type": "ContinuousFlameBulletType",
				"colors": [
					"FF58458C",
					"FF5845B2",
					"FF5845CC",
					"FF6666",
					"FFDCD8CC"
				],
				"damage": 100,
				"lifetime": 60,
				"length": 360,
				"width": 7,
				"recoil": -0.25,
				"drawFlare": false,
				"status": "熔融",
				"statusDuration": 150,
				"hitEffect": {
					"type": "ParticleEffect",
					"line": true,
					"particles": 7,
					"lifetime": 15,
					"length": 65,
					"cone": -360,
					"strokeFrom": 2.5,
					"strokeTo": 0,
					"lenFrom": 8,
					"lenTo": 0,
					"colorFrom": "FF5845",
					"colorTo": "FF6666"
				}
			}
		},
		{
			"x": 0,
			"y": -36,
			"shootY": 0,
			"reload": 300,
			"mirror": false,
			"shootCone": 360,
			"baseRotation": 180,
			"cooldownTime": 145,
			"shootSound": "cannon",
			"bullet": {
				"type": "BulletType",
				"damage": 0,
				"lifetime": 1,
				"speed": 20,
				"recoil": 24,
				"status": "蚀骨",
				"statusDuration": 150,
				"splashDamage": 910,
				"splashDamageRadius": 40,
				"shootEffect": {
					"type": "MultiEffect",
					"effects": [
						{
							"type": "ParticleEffect",
							"followParent": false,
							"line": true,
							"particles": 11,
							"lifetime": 45,
							"lenFrom": 14,
							"lenTo": 8,
							"strokeFrom": 4,
							"strokeTo": 0,
							"cone": 25,
							"length": 320,
							"interp": "pow2Out",
							"sizeInterp": "pow2In",
							"colorTo": "FF5845"
						},
						{
							"type": "ParticleEffect",
							"followParent": false,
							"particles": 17,
							"lifetime": 90,
							"sizeFrom": 7,
							"sizeTo": 0,
							"cone": 25,
							"length": 350,
							"interp": "pow5Out",
							"sizeInterp": "linear",
							"colorFrom": "FF5845BB",
							"colorTo": "FF5845BB"
						},
						{
							"type": "ParticleEffect",
							"followParent": false,
							"particles": 13,
							"lifetime": 140,
							"sizeFrom": 14,
							"sizeTo": 0,
							"cone": 25,
							"length": 200,
							"interp": "pow5Out",
							"sizeInterp": "linear",
							"colorFrom": "FF5845bb",
							"colorTo": "FF5845bb"
						},
						{
							"type": "WaveEffect",
							"followParent": false,
							"lifetime": 90,
							"sizeFrom": 0,
							"sizeTo": 120,
							"strokeFrom": 8,
							"strokeTo": 0,
							"interp": "pow3Out",
							"colorFrom": "FF5845",
							"colorTo": "FF5845"
						}
					]
				}
			}
		}
	],
	"abilities": [
		{
			"type": "RegenAbility",
			"percentAmount": 0.025
		},
		{
			"type": "StatusFieldAbility",
			"effect": "屠戮",
			"duration": 90,
			"reload": 60,
			"range": 160,
			"applyEffect": "none",
			"activeEffect": "none"
		},
		{
			"type": "ArmorPlateAbility",
			"healthMultiplier": 0.8
		},
		{
			"type": "MoveEffectAbility",
			"rotateEffect": true,
			"minVelocity": 0,
			"interval": 2,
			"display": false,
			"effect": {
				"type": "ParticleEffect",
				"region": "curse-of-flesh-玄-full",
				"particles": 1,
				"lifetime": 15,
				"sizeFrom": 40,
				"sizeTo": 32,
				"length": 0,
				"offset": -90,
				"layer": 89.9,
				"layerDuration": 0.1,
				"lightOpacity": 0,
				"colorFrom": "FFFFFF",
				"colorTo": "FFFFFF00"
			}
		}
	]
}