{
	"type": "flying",
	"research": "空雷4",
	"lowAltitude": true,
	"flying": true,
	"health": 33000,
	"armor": 21,
	"hitSize": 54,
	"speed": 0.54,
	"rotateSpeed": 1,
	"drag": 0.4,
	"range": 380,
	"engineSize": 6,
	"engineOffset": 34,
	"engines": [
		{
			"x": 14,
			"y": -38,
			"radius": 4,
			"rotation": -90
		},
		{
			"x": -14,
			"y": -38,
			"radius": 4,
			"rotation": -90
		}
	],
	"immunities": [
		"burning",
		"wet",
		"spore-slowed",
		"tarred",
		"muddy",
		"辐射"
	],
	"parts": [
		{
			"type": "RegionPart",
			"suffix": "-glow",
			"outline": false,
			"color": "E58956",
			"blending": "additive"
		}
	],
	"weapons": [
		{
			"name": "空雷5主炮",
			"x": 0,
			"mirror": false,
			"shake": 4,
			"recoil": 0,
			"shootY": 6,
			"reload": 900,
			"shoot": {
				"firstShotDelay": 130
			},
			"shootCone": 0.05,
			"cooldownTime": 960,
			"shootStatus": "unmoving",
			"shootStatusDuration": 150,
			"soundPitchMin": 0.95,
			"soundPitchMax": 2.05,
			"chargeSound": "lasercharge",
			"shootSound": "laserblast",
			"bullet": {
				"chargeEffect": {
					"type": "multiEffect",
					"effects": [
						{
							"type": "ParticleEffect",
							"line": true,
							"particles": 25,
							"offset": 55,
							"lifetime": 130,
							"length": 65,
							"baseLength": -65,
							"cone": -360,
							"lenFrom": 20,
							"lenTo": 0,
							"colorFrom": "FEEBB3",
							"colorTo": "F3E979"
						},
						{
							"type": "ParticleEffect",
							"particles": 1,
							"sizeFrom": 1,
							"sizeTo": 18,
							"length": 0,
							"lifetime": 130,
							"colorFrom": "FEEBB3",
							"colorTo": "F3E979",
							"cone": 360
						},
						{
							"type": "WaveEffect",
							"lifetime": 80,
							"sizeFrom": 127,
							"sizeTo": 0,
							"strokeFrom": 0,
							"strokeTo": 8,
							"colorFrom": "FEEBB3",
							"colorTo": "F3E979"
						}
					]
				},
				"type": "LaserBulletType",
				"damage": 2480,
				"length": 440,
				"width": 50,
				"lifetime": 45,
				"lightningSpacing": 28,
				"lightningLength": 15,
				"lightningDelay": 1,
				"lightningLengthRand": 20,
				"lightningDamage": 100,
				"lightningAngleRand": 40,
				"lightColor": "F3E979",
				"lightningColor": "FEEBB3",
				"largeHit": true,
				"status": "湍能",
				"statusDuration": 180,
				"hitColor": "F3E979",
				"hitEffect": {
					"type": "ParticleEffect",
					"line": true,
					"particles": 15,
					"lifetime": 20,
					"offset": 50,
					"length": 55,
					"cone": -360,
					"lenFrom": 5,
					"lenTo": 0,
					"colorFrom": "F3E979",
					"colorTo": "FEEBB3"
				},
				"colors": [
					"FEEBB3AA",
					"F3E979",
					"FFFFFF"
				],
				"sideAngle": 30,
				"sideLength": 60,
				"sideWidth": 6
			}
		},
		{
			"name": "空雷5副炮",
			"x": 16.75,
			"y": -18.75,
			"reload": 960,
			"rotate": true,
			"rotateSpeed": 1.6,
			"shoot": {
				"type": "ShootHelix",
				"mag": 1,
				"scl": 5
			},
			"recoil": 4,
			"shootY": 4,
			"shootSound": "artillery",
			"bullet": {
				"sprite": "circle-bullet",
				"damage": 625,
				"lifetime": 240,
				"speed": 1.5,
				"shrinkY": 0,
				"width": 24,
				"height": 24,
				"hitSize": 25,
				"knockback": 2,
				"shootEffect": {
					"type": "ParticleEffect",
					"particles": 9,
					"sizeFrom": 5,
					"sizeTo": 0,
					"length": 65,
					"baseLength": 16,
					"lifetime": 46,
					"colorFrom": "F3E979",
					"colorTo": "FEEBB3",
					"cone": 60
				},
				"frontColor": "FEEBB3",
				"backColor": "F3E979",
				"trailColor": "F3E979",
				"trailLength": 36,
				"trailWidth": 6,
				"pierce": true,
				"absorbable": false,
				"status": "湍能",
				"statusDuration": 180,
				"splashDamage": 425,
				"splashDamageRadius": 100,
				"hitSound": "plasmaboom",
				"bulletInterval": 2.5,
				"intervalBullets": 1,
				"intervalBullet": {
					"type": "LightningBulletType",
					"damage": 23,
					"lightningColor": "FEEBB3FA0",
					"hitColor": "FEEBB3A0",
					"lightningLength": 6,
					"lightningLengthRand": 5
				},
				"hitEffect": "none",
				"despawnEffect": {
					"type": "MultiEffect",
					"effects": [
						{
							"type": "ParticleEffect",
							"particles": 13,
							"lifetime": 35,
							"sizeFrom": 8,
							"sizeTo": 0,
							"length": 85,
							"baseLength": 16,
							"colorFrom": "F3E979",
							"colorTo": "FEEBB3",
							"cone": 360
						},
						{
							"type": "WaveEffect",
							"lifetime": 18,
							"sizeFrom": 2,
							"sizeTo": 90,
							"strokeFrom": 6,
							"strokeTo": 0,
							"colorFrom": "F3E979",
							"colorTo": "FEEBB3"
						}
					]
				},
				"fragBullets": 8,
				"fragBullet": {
					"sprite": "circle-bullet",
					"damage": 325,
					"speed": 1.5,
					"lifetime": 160,
					"width": 16,
					"height": 16,
					"shrinkY": 0,
					"trailLength": 24,
					"trailWidth": 3,
					"trailColor": "F3E979",
					"frontColor": "FEEBB3",
					"backColor": "F3E979",
					"pierce": true,
					"absorbable": false,
					"homingPower": 0.08,
					"homingRange": 240,
					"splashDamage": 185,
					"splashDamageRadius": 50,
					"hitEffect": "hitLancer",
					"despawnEffect": {
						"type": "MultiEffect",
						"effects": [
							{
								"type": "ParticleEffect",
								"particles": 7,
								"lifetime": 25,
								"sizeFrom": 4,
								"sizeTo": 0,
								"length": 43,
								"baseLength": 7,
								"colorFrom": "F3E979",
								"colorTo": "FEEBB3",
								"cone": 360
							},
							{
								"type": "WaveEffect",
								"lifetime": 18,
								"sizeFrom": 1,
								"sizeTo": 45,
								"strokeFrom": 3,
								"strokeTo": 0,
								"colorFrom": "F3E979",
								"colorTo": "FEEBB3"
							}
						]
					},
					"bulletInterval": 2.5,
					"intervalBullets": 1,
					"intervalBullet": {
						"type": "LightningBulletType",
						"damage": 7,
						"lightningColor": "FEEBB3FA0",
						"hitColor": "FEEBB3A0",
						"lightningLength": 5,
						"lightningLengthRand": 2
					}
				}
			}
		},
		{
			"name": "空雷5舷炮",
			"x": 11,
			"y": 23.75,
			"shoot": {
				"shots": 6,
				"shotDelay": 5
			},
			"recoil": 2,
			"shootY": 5,
			"reload": 80,
			"rotate": true,
			"shootCone": 5,
			"inaccuracy": 15,
			"rotateSpeed": 4,
			"shootSound": "激射",
			"bullet": {
				"sprite": "circle-bullet",
				"damage": 237,
				"lifetime": 60,
				"speed": 12,
				"drag": 0.05,
				"width": 12,
				"height": 12,
				"shrinkY": 0,
				"weaveMag": 2,
				"weaveScale": 6,
				"trailLength": 8,
				"trailWidth": 4,
				"trailChance": 0.2,
				"trailColor": "F3E979",
				"frontColor": "F3E979",
				"backColor": "FEEBB3",
				"homingDelay": 10,
				"homingRange": 80,
				"homingPower": 0.04,
				"status": "shocked",
				"lightning": 3,
				"lightningDamage": 37,
				"lightningColor": "FEEBB3",
				"despawnEffect": "none",
				"hitEffect": {
					"type": "ParticleEffect",
					"particles": 5,
					"lifetime": 20,
					"line": true,
					"length": 35,
					"cone": 360,
					"lenFrom": 5,
					"lenTo": 0,
					"colorFrom": "F3E979",
					"colorTo": "FEEBB3"
				}
			}
		},
		{
			"name": "空雷5舷炮",
			"x": -21,
			"y": 11.25,
			"shoot": {
				"shots": 4,
				"shotDelay": 5
			},
			"recoil": 2,
			"shootY": 5,
			"reload": 70,
			"rotate": true,
			"shootCone": 5,
			"inaccuracy": 15,
			"rotateSpeed": 4,
			"shootSound": "激射",
			"bullet": {
				"sprite": "circle-bullet",
				"damage": 237,
				"lifetime": 60,
				"speed": 12,
				"drag": 0.05,
				"width": 12,
				"height": 12,
				"shrinkY": 0,
				"weaveMag": 2,
				"weaveScale": 6,
				"trailLength": 8,
				"trailWidth": 4,
				"trailChance": 0.2,
				"trailColor": "F3E979",
				"frontColor": "F3E979",
				"backColor": "FEEBB3",
				"homingDelay": 10,
				"homingRange": 80,
				"homingPower": 0.02,
				"status": "shocked",
				"lightning": 3,
				"lightningDamage": 13,
				"lightningColor": "FEEBB3",
				"despawnEffect": "none",
				"hitEffect": {
					"type": "ParticleEffect",
					"particles": 5,
					"lifetime": 20,
					"line": true,
					"length": 35,
					"cone": 360,
					"lenFrom": 5,
					"lenTo": 0,
					"colorFrom": "F3E979",
					"colorTo": "FEEBB3"
				}
			}
		}
	],
	"abilities": [
		{
			"type": "EnergyFieldAbility",
			"maxTargets": 40,
			"healPercent": 1,
			"damage": 225,
			"reload": 240,
			"range": 400,
			"y": 6,
			"blinkScl": 80,
			"sectors": 3,
			"sectorRad": 0.18,
			"rotateSpeed": 3,
			"effectRadius": 5.6,
			"color": "F3E979",
			"hitEffect": {
				"type": "ParticleEffect",
				"particles": 15,
				"line": true,
				"lenFrom": 10,
				"lenTo": 0,
				"strokeFrom": 2,
				"strokeTo": 0,
				"length": 35,
				"baseLength": 0,
				"lifetime": 10,
				"colorFrom": "F3E979",
				"colorTo": "FEEBB3",
				"cone": 360
			},
			"healEffect": {
				"type": "WaveEffect",
				"lifetime": 20,
				"sizeFrom": 0,
				"sizeTo": 13,
				"sides": 4,
				"strokeFrom": 8,
				"strokeTo": 0,
				"colorFrom": "F3E979",
				"colorTo": "FEEBB3"
			}
		},
		{
			"type": "ShieldArcAbility",
			//"y": -16,
			"max": 6000,
			"regen": 2.5,
			"cooldown": 900,
			"radius": 60,
			"angle": 180,
			"width": 6
		},
		{
			"type": "SuppressionFieldAbility",
			"y": 6,
			"reload": 90,
			"range": 200,
			"orbRadius": 4.1,
			"orbMidScl": 0.33,
			"orbSinScl": 8,
			"orbSinMag": 1,
			"color": "FEEBB3",
			"particleColor": "F3E979",
			"particles": 15,
			"particleSize": 4,
			"particleLen": 7,
			"rotateScl": 3,
			"particleLife": 110,
			"active": true,
			"applyParticleChance": 13
		}
	]
}