{
	"type": "flying",
	"research": "空雷3",
	"lowAltitude": true,
	"flying": true,
	"health": 10800,
	"armor": 14,
	"hitSize": 37,
	"speed": 1.2,
	"drag": 0.05,
	"rotateSpeed": 2.85,
	"engineOffset": 23.5,
	"engineSize": 8,
	"engines": [
		{
			"x": 10.75,
			"y": -23.25,
			"radius": 4,
			"rotation": -90
		},
		{
			"x": -10.75,
			"y": -23.25,
			"radius": 4,
			"rotation": -90
		}
	],
	"weapons": [
		{
			"name": "空雷4炮",
			"x": 0,
			"y": 0,
			"mirror": false,
			"shake": 1,
			"shootY": 10.25,
			"reload": 240,
			"shootCone": 15,
			"cooldownTime": 210,
			"shootSound": "plasmadrop",
			"bullet": {
				"damage": 625,
				"splashDamage": 425,
				"splashDamageRadius": 100,
				"speed": 1.5,
				"lifetime": 240,
				"shrinkY": 0,
				"width": 16,
				"height": 16,
				"hitSize": 25,
				"knockback": 2,
				"shootEffect": {
					"type": "ParticleEffect",
					"particles": 9,
					"sizeFrom": 5,
					"sizeTo": 0,
					"length": 65,
					"baseLength": 16,
					"lifetime": 46,
					"colorFrom": "F3E979",
					"colorTo": "FEEBB3",
					"cone": 60
				},
				"hitSound": "plasmaboom",
				"sprite": "circle-bullet",
				"trailLength": 32,
				"trailWidth": 4,
				"trailColor": "F3E979",
				"frontColor": "FEEBB3",
				"backColor": "F3E979",
				"pierce": true,
				"absorbable": false,
				"bulletInterval": 2.5,
				"intervalBullets": 3,
				"intervalBullet": {
					"type": "LightningBulletType",
					"damage": 31,
					"lightningColor": "FEEBB3FA0",
					"hitColor": "FEEBB3A0",
					"lightningLength": 5,
					"lightningLengthRand": 3
				},
				"hitEffect": "none",
				"despawnEffect": {
					"type": "MultiEffect",
					"effects": [
						{
							"type": "ParticleEffect",
							"particles": 26,
							"sizeFrom": 8,
							"sizeTo": 0,
							"length": 85,
							"baseLength": 16,
							"lifetime": 35,
							"colorFrom": "F3E979",
							"colorTo": "FEEBB3",
							"cone": 40
						},
						{
							"type": "WaveEffect",
							"lifetime": 18,
							"sizeFrom": 2,
							"sizeTo": 90,
							"strokeFrom": 6,
							"strokeTo": 0,
							"colorFrom": "F3E979",
							"colorTo": "FEEBB3"
						}
					]
				},
				"fragBullets": 4,
				"fragBullet": {
					"damage": 325,
					"splashDamage": 185,
					"splashDamageRadius": 50,
					"speed": 1.5,
					"lifetime": 120,
					"knockback": 1,
					"shrinkY": 0,
					"width": 8,
					"height": 8,
					"hitEffect": "none",
					"despawnEffect": {
						"type": "MultiEffect",
						"effects": [
							{
								"type": "ParticleEffect",
								"particles": 13,
								"sizeFrom": 4,
								"sizeTo": 0,
								"length": 42.5,
								"baseLength": 8,
								"lifetime": 25,
								"colorFrom": "F3E979",
								"colorTo": "FEEBB3",
								"cone": 40
							},
							{
								"type": "WaveEffect",
								"lifetime": 18,
								"sizeFrom": 1,
								"sizeTo": 45,
								"strokeFrom": 3,
								"strokeTo": 0,
								"colorFrom": "F3E979",
								"colorTo": "FEEBB3"
							}
						]
					},
					"hitSound": "plasmaboom",
					"sprite": "circle-bullet",
					"trailLength": 11.5,
					"trailWidth": 3,
					"trailColor": "F3E979",
					"frontColor": "FEEBB3",
					"backColor": "F3E979",
					"pierce": true,
					"absorbable": false,
					"bulletInterval": 2.5,
					"intervalBullets": 1,
					"intervalBullet": {
						"type": "LightningBulletType",
						"damage": 8,
						"lightningColor": "FEEBB3FA0",
						"hitColor": "FEEBB3A0",
						"lightningLength": 5,
						"lightningLengthRand": 2
					}
				}
			}
		}
	],
	"abilities": [
		{
			"type": "EnergyFieldAbility",
			"maxTargets": 25,
			"healPercent": 1,
			"damage": 165,
			"reload": 300,
			"range": 320,
			"x": 0,
			"y": 10.25,
			"sectors": 3,
			"sectorRad": 0.2,
			"rotateSpeed": 2,
			"effectRadius": 3,
			"color": "F3E979",
			"status": "shocked",
			"hitEffect": {
				"type": "ParticleEffect",
				"particles": 15,
				"line": true,
				"lenFrom": 10,
				"lenTo": 0,
				"strokeFrom": 2,
				"strokeTo": 0,
				"length": 35,
				"baseLength": 0,
				"lifetime": 10,
				"colorFrom": "F3E979",
				"colorTo": "FEEBB3",
				"cone": 360
			}
		}
	]
}