{
	"type": "flying",
	"research": "渊狱",
	"researchCostMultiplier": 40,
	"flying": true,
	"health": 87000,
	"armor": 134,
	"hitSize": 89,
	"speed": 0.4,
	"range": 960,
	"rotateSpeed": 1.5,
	"engineOffset": 29,
	"engineSize": 10,
	"engines": [
		{
			"x": 19,
			"y": -32.5,
			"radius": 6,
			"rotation": -90
		},
		{
			"x": -19,
			"y": -32.5,
			"radius": 6,
			"rotation": -90
		},
		{
			"x": 36,
			"y": -24,
			"radius": 6,
			"rotation": -90
		},
		{
			"x": -36,
			"y": -24,
			"radius": 6,
			"rotation": -90
		}
	],
	"lightRadius": 320,
	"lowAltitude": true,
	"ammoType": 60000,
	"ammoCapacity": 4,
	"outlineColor": "1F1F1F",
	"immunities": [
		"burning",
		"melting",
		"blasted",
		"wet",
		"freezing",
		"slow",
		"tarred",
		"muddy",
		"sapped",
		"unmoving",
		"electrified",
		"spore-slowed",
		"熔融",
		"湍能",
		"EMP",
		"辐射",
		"衰变"
	],
	"targetFlags": [
		"reactor",
		"generator",
		"turret"
	],
	"weapons": [
		{
			"name": "风暴主炮",
			"x": 0,
			"y": 24,
			"mirror": false,
			"shoot": {
				"firstShotDelay": 120
			},
			"recoil": 0,
			"shake": 4,
			"shootY": 0,
			"reload": 600,
			"shootCone": 1,
			"cooldownTime": 720,
			"shootStatus": "过热",
			"shootStatusDuration": 120,
			"chargeSound": "lasercharge",
			"shootSound": "灼烧",
			"bullet": {
				"sprite": "circle-bullet",
				"damage": 2400,
				"lifetime": 120,
				"speed": 8,
				"height": 32,
				"width": 32,
				"shrinkY": 0,
				"hittable": false,
				"absorbable": false,
				"reflectable": false,
				"status": "蚀骨",
				"statusDuration": 600,
				"homingRange": 320,
				"homingPower": 0.01,
				"splashDamage": 8400,
				"splashDamageRadius": 120,
				"scaledSplashDamage": true,
				"frontColor": "FF8663",
				"backColor": "FF5845",
				"lightColor": "FF5845",
				"trailColor": "FF5845",
				"trailChance": 1,
				"trailLength": 12,
				"trailWidth": 8,
				"trailEffect": {
					"type": "ParticleEffect",
					"lifetime": 25,
					"particles": 7,
					"sizeFrom": 7,
					"cone": 360,
					"length": 9,
					"baseLength": 9,
					"interp": "circleOut",
					"lightColor": "FF5845",
					"colorFrom": "FF8663",
					"colorTo": "FF5845"
				},
				"lightning": 7,
				"lightningDamage": 157,
				"lightningLength": 9,
				"lightningLengthRand": 12,
				"lightningColor": "FF8663",
				"chargeEffect": {
					"type": "MultiEffect",
					"effects": [
						{
							"type": "ParticleEffect",
							"particles": 1,
							"lifetime": 120,
							"sizeFrom": 0,
							"sizeTo": 16,
							"length": 0,
							"colorFrom": "FF5845",
							"colorTo": "FF8663"
						},
						{
							"type": "ParticleEffect",
							"particles": 3,
							"lifetime": 30,
							"sizeFrom": 0,
							"sizeTo": 4,
							"cone": 360,
							"length": -160,
							"baseLength": 160,
							"colorFrom": "FF5845",
							"colorTo": "FF8663"
						},
						{
							"type": "ParticleEffect",
							"particles": 3,
							"lifetime": 30,
							"sizeFrom": 0,
							"sizeTo": 6,
							"cone": 360,
							"length": -160,
							"startDelay": 15,
							"baseLength": 160,
							"colorFrom": "FF5845",
							"colorTo": "FF8663"
						},
						{
							"type": "ParticleEffect",
							"particles": 3,
							"lifetime": 30,
							"sizeFrom": 0,
							"sizeTo": 8,
							"cone": 360,
							"length": -160,
							"startDelay": 30,
							"baseLength": 160,
							"colorFrom": "FF5845",
							"colorTo": "FF8663"
						},
						{
							"type": "ParticleEffect",
							"particles": 3,
							"lifetime": 30,
							"sizeFrom": 0,
							"sizeTo": 10,
							"cone": 360,
							"length": -160,
							"startDelay": 45,
							"baseLength": 160,
							"colorFrom": "FF5845",
							"colorTo": "FF8663"
						},
						{
							"type": "ParticleEffect",
							"particles": 3,
							"lifetime": 30,
							"sizeFrom": 0,
							"sizeTo": 12,
							"cone": 360,
							"length": -160,
							"startDelay": 60,
							"baseLength": 160,
							"colorFrom": "FF5845",
							"colorTo": "FF8663"
						},
						{
							"type": "ParticleEffect",
							"particles": 3,
							"lifetime": 30,
							"sizeFrom": 0,
							"sizeTo": 14,
							"cone": 360,
							"length": -160,
							"startDelay": 75,
							"baseLength": 160,
							"colorFrom": "FF5845",
							"colorTo": "FF8663"
						},
						{
							"type": "ParticleEffect",
							"particles": 3,
							"lifetime": 30,
							"sizeFrom": 0,
							"sizeTo": 16,
							"cone": 360,
							"length": -160,
							"startDelay": 90,
							"baseLength": 160,
							"colorFrom": "FF5845",
							"colorTo": "FF8663"
						},
						{
							"type": "WaveEffect",
							"lifetime": 40,
							"sizeFrom": 130,
							"sizeTo": 0,
							"strokeFrom": 0,
							"strokeTo": 8,
							"interp": "pow5In",
							"lightColor": "FF8663",
							"colorFrom": "FF8663",
							"colorTo": "FF5845"
						}
					]
				},
				"shootEffect": {
					"type": "multiEffect",
					"effects": [
						{
							"type": "ParticleEffect",
							"particles": 15,
							"lifetime": 30,
							"line": true,
							"lenFrom": 10,
							"lenTo": 10,
							"cone": 30,
							"length": 85,
							"colorFrom": "FF5845",
							"colorTo": "FF8663"
						},
						{
							"type": "WaveEffect",
							"lifetime": 25,
							"sizeTo": 75,
							"strokeFrom": 4,
							"lightColor": "FF5845",
							"colorFrom": "FF5845",
							"colorTo": "FF8663"
						}
					]
				},
				"despawnEffect": "none",
				"hitEffect": {
					"type": "MultiEffect",
					"effects": [
						{
							"type": "ParticleEffect",
							"particles": 23,
							"lifetime": 20,
							"line": true,
							"strokeFrom": 6,
							"strokeTo": 0,
							"lenFrom": 24,
							"lenTo": 0,
							"cone": 360,
							"length": 160,
							"baseLength": 30,
							"colorFrom": "FF5845",
							"colorTo": "FF8663"
						},
						{
							"type": "ParticleEffect",
							"particles": 15,
							"lifetime": 20,
							"line": true,
							"lenFrom": 9,
							"lenTo": 0,
							"cone": 360,
							"length": -180,
							"baseLength": 160,
							"colorFrom": "FF5845",
							"colorTo": "FF8663"
						},
						{
							"type": "ParticleEffect",
							"particles": 23,
							"lifetime": 60,
							"sizeFrom": 12,
							"cone": 360,
							"length": 120,
							"interp": "pow5Out",
							"sizeInterp": "pow10In",
							"colorFrom": "FF5845",
							"colorTo": "FF8663"
						},
						{
							"type": "WaveEffect",
							"lifetime": 10,
							"sizeTo": 120,
							"strokeFrom": 6,
							"colorFrom": "FF5845",
							"colorTo": "FF8663"
						}
					]
				}
			},
			"parts": [
				{
					"type": "ShapePart",
					"progress": "smoothReload",
					"hollow": true,
					"sides": 4,
					"radius": 6,
					"stroke": 1.2,
					"strokeTo": 0,
					"color": "FF5845",
					"rotateSpeed": -0.5,
					"layer": 110
				},
				{
					"type": "ShapePart",
					"progress": "smoothReload",
					"hollow": true,
					"sides": 4,
					"radius": 10.5,
					"stroke": 1.2,
					"strokeTo": 0,
					"color": "FF5845",
					"rotateSpeed": 0.5,
					"layer": 110
				},
				{
					"type": "ShapePart",
					"progress": "smoothReload",
					"hollow": true,
					"circle": true,
					"radius": 15,
					"stroke": 1.2,
					"strokeTo": 0,
					"color": "FF5845",
					"layer": 110
				}
			]
		},
		{
			"name": "风暴近防",
			"x": 12.5,
			"y": -14.25,
			"reload": 90,
			"shoot": {
				"shots": 2,
				"shotDelay": 15,
				"firstShotDelay": 55
			},
			"recoil": 2,
			"recoilTime": 210,
			"shake": 5,
			"rotate": true,
			"rotateSpeed": 3,
			"shootCone": 5,
			"alternate": false,
			"autoTarget": true,
			"controllable": false,
			"cooldownTime": 210,
			"chargeSound": "月隐蓄力",
			"shootSound": "月隐发射",
			"bullet": {
				"type": "LaserBulletType",
				"damage": 425,
				"lifetime": 15,
				"length": 360,
				"width": 32,
				"colors": [
					"DE4136",
					"FF5845",
					"FF8663"
				],
				"status": "熔融",
				"statusDuration": 60,
				"hitEffect": {
					"type": "MultiEffect",
					"effects": [
						"hitLancer",
						{
							"type": "ParticleEffect",
							"particles": 3,
							"lifetime": 25,
							"sizeFrom": 1.6,
							"sizeTo": 0,
							"length": 12,
							"interp": "pow5Out",
							"sizeInterp": "pow2In",
							"colorFrom": "FF8663",
							"colorTo": "FF5845"
						}
					]
				}
			}
		},
		{
			"name": "风暴近防",
			"x": 40,
			"y": -2.75,
			"reload": 90,
			"shoot": {
				"shots": 2,
				"shotDelay": 15,
				"firstShotDelay": 55
			},
			"recoil": 2,
			"recoilTime": 210,
			"shake": 5,
			"rotate": true,
			"rotateSpeed": 3,
			"shootCone": 5,
			"alternate": false,
			"autoTarget": true,
			"controllable": false,
			"cooldownTime": 210,
			"chargeSound": "月隐蓄力",
			"shootSound": "月隐发射",
			"bullet": {
				"type": "LaserBulletType",
				"damage": 425,
				"lifetime": 15,
				"length": 360,
				"width": 32,
				"colors": [
					"DE4136",
					"FF5845",
					"FF8663"
				],
				"status": "熔融",
				"statusDuration": 60,
				"hitEffect": {
					"type": "MultiEffect",
					"effects": [
						"hitLancer",
						{
							"type": "ParticleEffect",
							"particles": 3,
							"lifetime": 25,
							"sizeFrom": 1.6,
							"sizeTo": 0,
							"length": 12,
							"interp": "pow5Out",
							"sizeInterp": "pow2In",
							"colorFrom": "FF8663",
							"colorTo": "FF5845"
						}
					]
				}
			}
		}
	],
	"abilities": [
		{
			"type": "ArmorPlateAbility",
			"healthMultiplier": 1
		},
		{
			"type": "ShieldRegenFieldAbility",
			"amount": 400,
			"max": 2000,
			"reload": 120,
			"range": 120
		}
	]
}