{

	"type":"GenericCrafter",
	"name":"激光采矿机",
	"outputItem": {
	"item": "矿物块", "amount": 2
	},
	"details":"梦的开始",
	"craftEffect": "smeltsmoke",
	"itemCapacity":20,	
    "generateEffect": "generatespark",
	"drawer": {
		"type": "DrawMulti",
		"drawers": [
			"DrawDefault",
			{
				"type": "DrawRegion",
				"suffix": "-r",
				"rotateSpeed":4,
				"rotation":45
			},
			{
				"type": "DrawRegion",
				"suffix": "-b"
			},
		]
	},
	"updateEffect":"pulverizeSmall",
	"craftEffect":"mineBig",
	"group":"drills",
	"health":160,
	"craftTime":80,
	"placeableLiquid":true,
	"requiresWater":false,
	"hasItems":true,
	"hasLiquids":false,
	"hasPower":false,
	"consumes": {
	"power": 1.2,
	}
	"description":"更高效的采集地下矿物，需要电力",
	"size":3,
	"requirements":[
		"copper/64",
		"lead/52",		
		"titanium/44",
		"silicon/56",
	],
	"research":"气动采矿机",
	"category":"production"
}