{
	"type": "GenericCrafter",
	"name": "土豆烘烤机",
	"description": "运用一些辐射手段，我们可以将土豆改变为有力的武器\n关于我在外星做菜这件事",
	"health":250,
	"itemCapacity":20,
	"outputItem": {"item": "爆裂土豆","amount":4 },
	"size":2,
	"hasPower": true,
	"hasItems": true,
	"updateEffect": "mineBig",		
	"craftTime":80,
	"consumes": {
		"power":0.5,
	"items": {
			"items": [		
				{ "item": "土豆", "amount":4},
			]
		}
	},
	"requirements": [
		{ "item": "lead", "amount":50 },
		{ "item": "copper", "amount":80},
	],
				"drawer":{
        "type":"DrawMulti",
        "drawers":[
            "DrawDefault",
            "DrawFlame"
            ]
    },
	"category": "crafting",
	"research": "土豆培养机",
	"idleSound": "respawning",
	"idleSoundVolume": 0.2
}
