{
	"type": "GenericCrafter",
	"name": "淀粉提取机",
	"description": "从土豆中提取淀粉是生产生物塑料的关键\n关于我在外星种地这件事",
	"health":250,
	"itemCapacity":20,
	"outputItem": {"item": "淀粉砖","amount":1 },
	"size":2,
	"hasPower": true,
	"hasItems": true,
	"craftTime":70,
	"updateEffect": "mineBig",	
	"consumes": {
		"power":1,
	"items": {
			"items": [		
				{ "item": "土豆", "amount":2},
			]
		}
	},
	"requirements": [
		{ "item": "lead", "amount":40 },
		{ "item": "copper", "amount":40},
	],
				"drawer":{
        "type":"DrawMulti",
        "drawers":[
            "DrawDefault",
            "DrawFlame"
            ]
    },
	"category": "crafting",
	"research": "土豆培养机",
	"idleSound": "respawning",
	"idleSoundVolume": 0.2
}
