{
	"type": "GenericCrafter",
	"name": "生物塑料合成机",
	"description": "生物塑料是简易电子工业的基础。\n高科技！",
	"health":250,
	"itemCapacity":20,
	"outputItem": {"item": "生物塑料","amount":2 },
	"size":3,
	"hasPower": true,
	"hasItems": true,
	"craftTime":120,
	"updateEffect": "mineBig",	
	"consumes": {
	    "power":2,
		"items": {
			"items": [
				{ "item": "淀粉砖", "amount":4},
			]
		}
	},
	"requirements": [
		{ "item": "titanium", "amount":100 },
		{ "item": "silicon", "amount":80},
		{ "item": "metaglass", "amount":80},
	],
				"drawer":{
        "type":"DrawMulti",
        "drawers":[
            "DrawDefault",
            "DrawFlame"
            ]
    },
	"category": "crafting",
	"research": "淀粉提取机",
	"idleSound": "respawning",
	"idleSoundVolume": 0.2
}
