{
	"type": "GenericCrafter",
	"name": "高级土豆培养机",
	"description": "更多的土豆！\n关于我在外星种地这件事，土豆亩产18000",
	"health":250,
	"itemCapacity":400,
	"outputItem": {"item": "土豆","amount":20 },
	"size":2,
	"hasPower": true,
	"hasItems": true,
	"craftTime":120,
	"consumes": {
		"power":1.5,
   "liquid":{"liquid":"培养液","amount":0.2}//1=60
	},
	"requirements": [
		{ "item": "lead", "amount":50 },
		{ "item": "silicon", "amount":80},
		{ "item": "钢铁", "amount":50 },
		{ "item": "土豆", "amount":50 },
		{ "item": "metaglass", "amount":50 },	
	]
	"liquidBoostIntensity":4,
   //液体提供的加速
	    "buildCostMultiplier":0.5,
    //建筑速度倍率（越大建的越慢）
				"drawer":{
        "type":"DrawMulti",
        "drawers":[
            "DrawDefault",
            "DrawFlame"
            ]
    },
	"category": "crafting",
	"research": "培养液合成机",
	"idleSound": "respawning",
	"idleSoundVolume": 0.2
}
