{
    "type": "GenericCrafter",
    "health": 320,
    "description": "更快的更高效的将废料磨成沙子！",
    "craftEffect": "pulverize",
    "name": "王子源磨粉机",
    "outputItem": "sand/9",
    "size": 3,
    "hasPower": true,
	"liquidCapacity":51,
    "hasLiquids": true,
    "hasItems": true,
    "craftTime": 43.92,
    "itemCapacity": 30,
    "updateEffect": "pulverizeSmall",
    "drawer": {
        "type": "DrawMulti",
        "drawers": [
            "DrawDefault",
            {
                "type": "DrawRegion",
                "suffix": "-转",
                "spinSprite": true,
                "rotateSpeed": 6
            },
            {
                "type": "DrawRegion",
                "suffix": "-顶"
            }
        ]
    },
    "consumes": {
        "power": 3.2,
        "liquid": "water/0.12",
        "items": [
            "scrap/3"
        ]
    },
    "ambientSound": "grinding",
    "ambientSoundVolume": 0.025,
    "requirements": [
        "lead/34",
        "graphite/60",
        "copper/45",
        "芯片/4",
        "钛铅合金/22",
        "metaglass/20"
    ],
    "category": "crafting",
    "research": "pulverizer"
}