{
	"type": "genericCrafter",
	"name": "Heavy Oil Residue Separator",
	"description": "Seperates heavy oil residue into coal and water.",
	"size": 2,
	"hasPower": true,
	"hasLiquids": true,
	"craftTime": 30,
	"updateEffect": "smeltsmoke",
	"requirements": [
		{"item": "silicon", "amount": "50"},
		{"item": "lead", "amount": "100"},
		{"item": "titanium", "amount": "30"},
		{"item": "plastic", "amount": "10"}
	],
	"consumes": {
		"power": 3,
		"liquid": {"liquid": "hor", "amount": 0.1}
	},
	"outputItem": {"item": "coal", "amount": 1},
	"outputLiquid": {"liquid": "water", "amount": 0.1},
	"category": "crafting",
	"research": "plastic-refinery"
}
