{
    "type": "genericCrafter",
    "name": "Plastic converter",
    "description": "Melts plasic and silicon in slag, then extrudes it, resulting in surge alloy.",
    "size": 3,
    "hasPower": true,
    "hasLiquids": true,
    "craftTime": 60,
    "updateEffect": "smeltsmoke",
    "drawer":[
        {"type":"drawDefault"},
        {"type":"drawFlame","flameColor": "DD4C20"}
    ],
    "requirements": [
        {"item": "lead", "amount": 200},
        {"item": "titanium", "amount": 120},
        {"item": "graphite", "amount": 100},
        {"item": "silicon", "amount": 100},
        {"item": "plastanium", "amount": 80}
    ],
    "consumes": {
    	  "power": 4,
   	    "items": {
      	      "items": [
      	          {"item": "plastic", "amount": 1},
                  {"item": "silicon", "amount": 1}
              ]
        },
      "liquid": {"liquid": "slag", "amount": 0.2}
    },
    "outputItem": {"item": "surge-alloy", "amount": 1},
    "category": "crafting",
    "research": "plastic-plater"
}
