{
    "type": "genericCrafter",
    "name": "Silicon Foundry",
    "description": "Uses graphite crucibles to assist in silicon production.",
    "size": 2,
    "health": 200,
    "hasPower": true,
    "craftTime": 180,
    "updateEffect": "smeltsmoke",
    "drawer":[
        {"type":"drawDefault"},
        {"type":"drawFlame", "flameColor": "DD4C20"}
    ],
    "requirements": [
        {"item": "copper", "amount": 100},
        {"item": "titanium", "amount": 60},
        {"item": "graphite", "amount": 40},
        {"item": "silicon", "amount": 20}
    ],
    "consumes": {
    	"power": 2,
   	    "items": {
      	    "items": [
      	        { "item": "graphite", "amount": 1 },
      	        { "item": "sand", "amount": 3 }
             ]
        }
    },
    "outputItem": {"item": "silicon", "amount": 3},
    "category": "crafting",
    "research": "kiln"
}
