{
	"type": "UnitAssemblerModule",//类型
	"name": "倍乘级装配模块",//名字
	"description": "当放置在构造边界旁时，增加输出等级。需要电力。",//介绍
	"category":"units",//菜单栏

	"health": 3145,//血量
	"size": 3,//平方大小
	"tier": 2,//组装等级
	"rotate": true,

	"consumes": {
	"power": 20,//耗电
	"liquid":"ozone/0.1333333333"
	},

	"research": {"parent": "数增级配装模块",//科技树前置
	"requirements": [//研究花费
"铝/6400"
"silicon/7000"
"graphite/7500"
"镍/8000"
"surge-alloy/2000"
"钋/2000"
	]	},

	"requirements": [//建造花费
"铝/640"
"silicon/700"
"graphite/750"
"镍/800"
"surge-alloy/250"
"钋/400"
	],
}