{
	"type": "PayloadLoader"
	"name": "小型载荷装载器",
	"description": "向前运输载荷,并且能装入物品到该载荷上",
	"health":2100,
	"size":3,
"moveTime":45
"moveForce":208
"payloadLimit":3
	"underBullets":true
    "payloadLimit":3
     "maxPayloadSize":3
    "hasPower":true
    "consumes": {
        "power": 2
    },
        "requirements": [
    {"amount": 200, "item": "镍"}
    { "item": "graphite", "amount": 310}
    { "item": "silicon", "amount":300}
    { "item": "铝", "amount": 250 }
   ],
        "research": {
	"parent":"载荷传送带"
	}
	    "researchCostMultiplier":0.3,
    "category": "units",
            "canOverdrive": true,
            }