{
	"type": "UnitAssembler",
	"name": "海军组装厂",
	"health": 1024,
	"size": 3,
	"consumes": {
		"power":5,
	},
	"areaSize": 7,
	"plans": [
		{
			"unit": "海1",
			"time": 1500,
			"requirements": [
				"跃迁-激光电节点/4",
				"跃迁-大型镍墙/3"
			]
		},
		{
				"unit": "海2",
			"time": 3600,
			"requirements": [
				"跃迁-激光电节点/20",
				"跃迁-大型镍墙/15",
			    "跃迁-大型铝墙/4"
			],
				"consumes": {
		        "liquids":[
		        {"liquid":"hydrogen","amount":0.1,}
		        ]
	        },
		},
				{
			"unit": "海3",
			"time": 5700,
			"requirements": [
				"跃迁-能量存储点/1",
				"跃迁-大型巨浪合金墙/10",
				  "跃迁-大型铝墙/12"
			]
		}
	],
	"droneType": "assembly-drone",
	"requirements": [
		"镍/400",
		"graphite/250",
		"silicon/355",
	],
	"research": {
	"parent": "解构器"//科技树前置
	"requirements": [//研究花费
	"silicon/5000",
	"镍/6000"
	"graphite/5000"]
	"objectives": [
	{
    "preset":"分歧熔道"
    "type":"OnSector"
    }
	]	},
	//"research": {"parent": "特种工厂","objectives": [{"type": "SectorComplete","preset": "雷师殿"}]}，
	"category": "units"
}