{
	"type": "UnitAssembler",
	"name": "陆军组装厂",
	"health": 1024,
	"size": 3,
	"consumes": {
		"power":5,
	},
	"areaSize": 7,
	"plans": [
		{
			"unit": "陆1",
			"time": 900,
			"requirements": [
				"跃迁-激光电节点/2",
				"跃迁-大型镍墙/3"
			]
		}
		    {"unit": "陆2",
			"time": 2800,
			"requirements": [
				"跃迁-激光电节点/10",
				"跃迁-大型镍墙/15",
			    "跃迁-大型铝墙/4"
			],
				"consumes": {
		        "liquids":[
		        {"liquid":"hydrogen","amount":0.1,}
		        ]
	        },
		}
		{
			"unit": "陆3",
			"time": 3900,
			"requirements": [
				"跃迁-能量存储点/1",
				"跃迁-大型巨浪合金墙/10",
				  "跃迁-大型铝墙/10"
			]
		}
	],
	"droneType": "assembly-drone",
	"requirements": [
		"镍/300",
		"graphite/250",
		"silicon/270",
	],
	"research": {
	"parent": "解构器"//科技树前置
	"requirements": [//研究花费
	"silicon/500",
	"镍/600"
	"graphite/500"]
	"objectives": [
//		"",//研究xx
	]	},
	//"research": {"parent": "特种工厂","objectives": [{"type": "SectorComplete","preset": "雷师殿"}]}，
	"category": "units"
}