{	
	"name": "走狗生产点",
	"description": "每大约15秒，生产一只 '走狗' 一个生产点最多生产9只\n生产到上限以后这个生产点永远都不会生产\n生产点被破坏以后会释放4只走狗",
	"details":"生产点不可拆\n生产速度不可以被超速加速，但可以被单位生产速度倍数控制",
	"unitCapModifier":5,
	"requirements": [
		{"item":"灵光","amount":800},
		{"item":"血肉","amount":500},
		{"item":"蛋白质","amount":200},
		{"item":"虫卵","amount":20}
	],
	"breakable":false,
	"category":null
}