{	
	"name": "走狗生产点",
	"description": "每大约15秒，生产一只 '走狗' 一个生产点最多生产9只\n生产到上限以后这个生产点永远都不会生产\n生产点被破坏以后会释放4只走狗\n\n关于重载,第一个按钮点击重载,可以恢复一个生产数量,但是消耗工厂血量\n第二个自动重载,手动重载的自动版,开启每20秒左右恢复一个生产数量,也消耗工厂血量,第三个自爆",
	"details":"生产点不可拆\n生产速度不可以被超速加速，但可以被单位生产速度倍数控制",
	"unitCapModifier":5,
	"requirements": [
		{"item":"灵光","amount":800},
		{"item":"血肉","amount":500},
		{"item":"蛋白质","amount":200},
		{"item":"虫卵","amount":20},
		{"item":"虫族科技点","amount":450}
	],
	"research":{
	"parent":"虫卵工厂",
    "requirements":[
		{"item":"灵光","amount":8000},
		{"item":"血肉","amount":5000},
		{"item":"蛋白质","amount":2000},
		{"item":"虫卵","amount":200},
		{"item":"普通科技点","amount":540}
	]},
	"breakable":false
}