{
    "name": "蓝钢墙",
    "description": "保护己方建筑，挡下敌方炮弹",
    "type": "Wall",
    "health": 1280,
    "size": 1,
    "armor": 12,
    "requirements": [
        {
            "item": "蓝钢",
            "amount": 12
        },
        {
            "item": "thorium",
            "amount": 6
        },
        {
            "item": "titanium",
            "amount": 6
        }
    ],
    "category": "defense",
    "research": "titanium-wall"
}