{
	"type": "GenericCrafter",
	"name": "复式硫化物合成器",
	"health": 320,
	"description": "无需电力，快速加工硫，以求前期的产量，但有大量损耗，尽管如此，它依旧被超限集团用于合成硫。\n\n[blue][超限技术低级工厂]",
	"outputItem": { "item": "pyratite", "amount": 2 },
	"alwaysUnlocked": false,
	"size": 3,
	"hasPower": false,
	"hasLiquids": false,
	"hasItems": true,
	"craftTime": 40,
	"itemCapacity": 20,
	"updateEffect": "fireballsmoke",
	"craftEffect": "blastsmoke"
	"consumes": {
    "items": {	 "items": [
    { "item": "coal", "amount": 6}
    { "item": "sand", "amount": 5 }
    { "item": "lead", "amount": 5 }
 	]
  } },
"requirements": [
	{ "item": "lead", "amount": 70 },
	{ "item": "copper", "amount": 120 },
	{ "item": "0铜铅合金", "amount": 30 },
	],
	"category": "crafting",
		"research": {
	"parent":"BAAsGT1A铜铅熔合炉"
	"objectives": [
            {
				"type": "SectorComplete",
				"preset": "未知废墟"
			}
	]
	}
	"buildCostMultiplier":0.6
	"researchCostMultiplier": 0.1
}