{
  "type": "MassDriver",
  "name": "小型质量驱动器",
  "health": 160,
  "description": "很小的质量驱动器，节省空间（",
  "itemCapacity": 20,
  "reload": 10,
  "range": 88,
  "size": 1,
  "consumes": {
    "power": 0.3333333333
  },
  "requirements": [
    {
      "item": "copper",
      "amount": 75
    },
    {
      "item": "lead",
      "amount": 50
    },
    {
      "item": "titanium",
      "amount": 25
    }
  ],
  "category": "distribution",
  "research": "mod-gate-distribution"
}
