{
	"type": "chargeTurret",
	"name": "充能能量炮",
	"description": "将能量压缩，然后发射（没错，发射时的贴图蛮好玩的）",
	"targetAir": true,
	"targetGround": true,
	"health": 1250,
	"size": 2,
	"inaccuracy": 1,
	"chargeTime": 60,
    "chargeMaxDelay": 190,
    "chargeEffects": 9,
	"recoil": 200,
	"shootType": "lancerLaser"
	"shootEffect": "lancerLaserShoot",
    "smokeEffect": "lancerLaserShootSmoke",
    "chargeEffect": "lancerLaserCharge",
    "chargeBeginEffect": "lancerLaserChargeBegin",
	"powerUse": 100,
    "shootShake": 1.9
	"reload": 100,
	"shootCone": 80,
	"rotateSpeed": 30,
	"shots": 4,
	"range": 10000,
	"burstSpacing": 6,
	"damage": 120,
	"requirements": [
		{ "item": "copper", "amount":1},
	],
	"category": "turret"
	"shootSound": "laser"
	"research": "duo"
}
