{
     "type":"BurstTurret",
     "name":"多管速射火箭炮", 
     "description":"重型炮台，高投射量低准度", 
     "health":3200,
     "shotWidth":4.5,
     "size":4,
     "targetAir":true,
     "burstSpacing": 2,
     "targetGround":true,
     "collidesTiles":false,
     "rotatespeed": 6,
     "spread": 100,
     "velocityInaccuracy":1,
     "recoil": 5,
     "shots": 10,
     "inaccuracy":10,
     "maxAmmo":50,
     "reload":5,
     "range":400,
     "ammo": {
       "copper": {
        "type":"ArtilleryBulletType",
        "bulletSprite":"missile",
        "keepVelocity":false,
        "collidesTiles":false,
        "collides":true,
        "collidesAir":true,
	    "bulletShrink":0.5,
	    "speed":4,
		"pierce":false,
		"bulletWidth": 10,
		"bulletHeight": 22,
		"lifetime":101,
        "backColor":"ffd280",			
        "frontColor":"ffd280",
		"heatColor":"ffd280",
		"trailColor":"ff4500",
        "hitShake": 1,
        "splashDamage":15,
        "damage":20,
        "splashDamageRadius":10,
        "ammoMultiplier": 6,
    	"trailEffect": "missileTrail",
	    "smokeEffect": "shootSmallFlame",
	    "hitEffect":"flakExplosion",
	    "homingPower": 1,
        "homingRange": 250
		},
	},
	"requirements": [
		{ "item": "copper", "amount": 1},
	],
	"category": "turret",
	"research": "spectre"
}