{
	"type": "UnitFactory",
	"name": "战争工厂",
	"description": "更快制造单位，同时可以生产一些特殊的特种单位。\n \n[blue][超限集团中型兵工厂]",
    "health":1640,
	"size":6,
	"consumes":{"power":5.8
	"liquid": {"liquid":"00再构流体","amount":0.1,}},
	"plans":[
{ "unit": "uAABT1A响应", 
	"time": 180, 
	"requirements": [ 
{ "item": "graphite", "amount": 8},
{ "item": "copper", "amount": 12}
	]	},	
	{ "unit": "uAABT1B卫兵", 
	"time": 220, 
	"requirements": [ 
{ "item": "graphite", "amount": 12},
{ "item": "0铜铅合金", "amount": 12}
	]	},	
	{ "unit": "uAABT1C列兵", 
	"time": 320, 
	"requirements": [
{ "item": "graphite", "amount": 12},
{ "item": "lead", "amount": 8}
	]	},
	{ "unit": "uAABT1H火花", 
	"time": 800, 
	"requirements": [
{ "item": "silicon", "amount": 20}
{ "item": "0铜铅合金", "amount": 30}
{ "item": "coal", "amount": 40},
	]	},	
	{ "unit": "uAABT1I掠影", 
	"time": 1200, 
	"requirements": [ 
{ "item": "graphite", "amount": 20},
{ "item": "silicon", "amount": 20}
{ "item": "0铜铅合金", "amount": 20}
	]	},	
	{ "unit": "uAABT1K无形", 
	"time": 60, 
	"requirements": [ 
{ "item": "graphite", "amount": 3},
{ "item": "lead", "amount": 3}
	]	},	
	{ "unit": "uAABT1J预言", 
	"time": 1080, 
	"requirements": [ 
{ "item": "graphite", "amount": 15},
{ "item": "0铜铅合金", "amount": 10}
	]	},	
	{ "unit": "uAABT1L基础基座移动", 
	"time": 900, 
	"requirements": [ 
{ "item": "silicon", "amount": 20}
{ "item": "0铜铅合金", "amount": 30}
	]	},	
		{ "unit": "uAABT1N田螺", 
	"time": 600, 
	"requirements": [ 
{ "item": "metaglass", "amount": 35}
{ "item": "silicon", "amount": 35}
{ "item": "graphite", "amount": 45}
	]	},	
	{ "unit": "uAABT1O1海胆", 
	"time": 750, 
	"requirements": [ 
{ "item": "metaglass", "amount": 30}
{ "item": "silicon", "amount": 15}
{ "item": "0铜铅合金", "amount": 20}
	]	},	
	{ "unit": "uAABT1O鱿鱼", 
	"time": 600, 
	"requirements": [ 
{ "item": "graphite", "amount": 10},
{ "item": "silicon", "amount": 10}
{ "item": "0铜铅合金", "amount": 15}
	]	},	
	{ "unit": "uAABT1Q浮卵", 
	"time": 900, 
	"requirements": [ 
{ "item": "metaglass", "amount": 50}
{ "item": "silicon", "amount": 45}
{ "item": "0铜铅合金", "amount": 60}
	]	},	
	
	{ "unit": "uAABT2A压制", 
	"time": 1680, 
	"requirements": [ 
	{ "item": "titanium", "amount": 200 }
	{ "item": "metaglass", "amount": 90}
	{ "item": "0铜铅合金", "amount": 120 }
	{ "item": "silicon", "amount": 120 },
	]	},	
	{ "unit": "uAABT2B穿云", 
	"time": 1680, 
	"requirements": [ 
	{ "item": "titanium", "amount": 200 }
	{ "item": "metaglass", "amount": 90}
	{ "item": "0铜铅合金", "amount": 120 }
	{ "item": "silicon", "amount": 120 },
	]	},	
	{ "unit": "uAABT2C闪流", 
	"time": 1680, 
	"requirements": [ 
	{ "item": "titanium", "amount": 200 }
	{ "item": "metaglass", "amount": 90}
	{ "item": "0铜铅合金", "amount": 120 }
	{ "item": "silicon", "amount": 120 },
	]	},	
	{ "unit": "uAABT2H电光", 
	"time": 1680, 
	"requirements": [ 
	{ "item": "titanium", "amount": 200 }
	{ "item": "metaglass", "amount": 90}
	{ "item": "0铜铅合金", "amount": 120 }
	{ "item": "silicon", "amount": 120 },
	]	},	
	{ "unit": "uAABT2I天星", 
	"time": 1680, 
	"requirements": [ 
	{ "item": "titanium", "amount": 200 }
	{ "item": "metaglass", "amount": 90}
	{ "item": "0铜铅合金", "amount": 120 }
	{ "item": "silicon", "amount": 120 },
	]	},	
	{ "unit": "uAABT2K掠影", 
	"time": 1680, 
	"requirements": [ 
	{ "item": "titanium", "amount": 200 }
	{ "item": "metaglass", "amount": 90}
	{ "item": "0铜铅合金", "amount": 120 }
	{ "item": "silicon", "amount": 120 },
	]	},	
	{ "unit": "uAABT2J先知", 
	"time": 1680, 
	"requirements": [ 
	{ "item": "titanium", "amount": 200 }
	{ "item": "metaglass", "amount": 90}
	{ "item": "0铜铅合金", "amount": 120 }
	{ "item": "silicon", "amount": 120 },
	]	},	
	{ "unit": "uAABT2L超限重拳", 
	"time": 2800, 
	"requirements": [ 
	{ "item": "titanium", "amount": 200 }
	{ "item": "metaglass", "amount": 90}
	{ "item": "0铜铅合金", "amount": 220 }
	{ "item": "silicon", "amount": 120 },
	]	},	
	{ "unit": "uAABT2N寄居"
	"time": 1680, 
	"requirements": [ 
	{ "item": "titanium", "amount": 200 }
	{ "item": "metaglass", "amount": 90}
	{ "item": "0铜铅合金", "amount": 120 }
	{ "item": "silicon", "amount": 120 },
	]	},	
	{ "unit": "uAABT2O1河豚"
	"time": 1680, 
	"requirements": [ 
	{ "item": "titanium", "amount": 200 }
	{ "item": "metaglass", "amount": 90}
	{ "item": "0铜铅合金", "amount": 120 }
	{ "item": "silicon", "amount": 120 },
	]	},	
	{ "unit": "uAABT2O蚌蜊", 
	"time": 1680, 
	"requirements": [ 
	{ "item": "titanium", "amount": 200 }
	{ "item": "metaglass", "amount": 90}
	{ "item": "0铜铅合金", "amount": 120 }
	{ "item": "silicon", "amount": 120 },
	]	},	
	{ "unit": "uAABT2Q水巢" 
	"time": 2800, 
	"requirements": [ 
	{ "item": "titanium", "amount": 200 }
	{ "item": "metaglass", "amount": 90}
	{ "item": "0铜铅合金", "amount": 120 }
	{ "item": "silicon", "amount": 120 },
	]	},	
	
	{ "unit": "mono", 
	"time": 1200, 
	"requirements": [ 
{ "item": "silicon", "amount": 30},
{ "item": "lead", "amount": 15}
	]	},	
	{"unit":"poly",
	"time": 1000,
	"requirements": [ 
{ "item": "silicon", "amount": 40},
{ "item": "graphite", "amount": 40}
	]
	},
	{"unit":"fortress",
	"time": 2400,
	"requirements": [ 
{ "item": "silicon", "amount": 130},
{ "item": "titanium", "amount": 80}
{"item": "metaglass", "amount":40}
	]
	},
	{"unit":"quasar",
	"time": 2400,
	"requirements": [ 
{ "item": "silicon", "amount": 130},
{ "item": "titanium", "amount": 80}
{"item": "metaglass", "amount":40}
	]
	},
    {"unit":"zenith",
	"time": 2400,
	"requirements": [ 
{ "item": "silicon", "amount": 130},
{ "item": "titanium", "amount": 80}
{"item": "metaglass", "amount":40}
	]
	},
		{"unit":"mega",
	"time": 2400,
	"requirements": [ 
{ "item": "silicon", "amount": 130},
{ "item": "titanium", "amount": 80}
{"item": "metaglass", "amount":40}
	]
	},
    {"unit":"bryde",
	"time": 2400,
	"requirements": [ 
{ "item": "silicon", "amount": 130},
{ "item": "titanium", "amount": 80}
{"item": "metaglass", "amount":40}
	]
	},
    {"unit":"cyerce",
	"time": 2400,
	"requirements": [ 
{ "item": "silicon", "amount": 130},
{ "item": "titanium", "amount": 80}
{"item": "metaglass", "amount":40}
	]
	},
	{ "unit": "uAACCCA1超限重拳", 
	"time": 3600, 
	"requirements": [ 
{ "item": "titanium", "amount": 220 }
	{ "item": "metaglass", "amount": 90}
	{ "item": "0铜铅合金", "amount": 180 }
	{ "item": "1集成电路", "amount": 105 },
	]	},	
	{ "unit": "uAACCCB1框架", 
	"time": 2400, 
	"requirements": [ 
{ "item": "titanium", "amount": 80 }
	{ "item": "metaglass", "amount": 90}
	{ "item": "0铜铅合金", "amount": 120 }
	{ "item": "1集成电路", "amount": 15 },
	]	},	
	{ "unit": "uAACCCC1狼群", 
	"time": 3600, 
	"requirements": [ 
{ "item": "titanium", "amount": 140 }
	{ "item": "metaglass", "amount": 120}
	{ "item": "0铜铅合金", "amount": 220 }
	{ "item": "1集成电路", "amount": 85 },
	]	},	
	]
	"requirements": [
    { "item": "0铜铅合金", "amount": 380},
	{ "item": "1集成电路", "amount": 240},
    { "item": "titanium","amount": 300},
    { "item": "lead", "amount": 600},
    { "item": "graphite", "amount": 420},	
    { "item": "plastanium", "amount": 450}],
	"category":"units",
	"research": {
	"parent":"BAAsHA步兵厂"
	"objectives": [
            {
				"type": "SectorComplete",
				"preset": "冰封菌落"
			}
	]
	}
	"researchCostMultiplier": 0.5
}