{
    "name":"灾征",
    "description":"施主，我看你印堂发黑，恐有血光之灾啊！",
    "size":5,
    "reload":600,
    "range":1200,
    "ammoPerShot":30,
    "recoil":8,
    "shake":5,
    "accurateDelay":true,
    "liquidCapacity":240,
    "unitSort":"strongest",
    "requirements":[
        "copper/1200",
        "lead/1200",
        "silicon/1000",
        "metaglass/800",
        "titanium/800",
        "气钢/800",
        "thorium/800",
        "plastanium/600",
        "surge-alloy/600",
        "合聚烯烃钢/400",
        "纳米合金/200"
        ],
    "category":"turret",
    "research":"foreshadow"
}