{
    "type": "itemTurret",
    "name": "霰弹炮",
    "description": "五发高伤害的的子弹 近战堪比雷光炮 远程犹如火焰枪 上弹很慢(最好配上冷冻液)且不适合打群架最好在后稳妥补刀\n霞弹炮:“干嘛？我可没抢你人头 你伤害不够让我来就行”",
    "size": 3,
    "reload": 90,
    "shoot":{
        "type":"ShootSpread",
        "shots":5,
        "spread":4
    },
    "range": 240,
    "inaccuracy": 3,
    "maxAmmo":80,
    "ejectEffect":"casing2",
    "ammoTypes": {
        "纳米合金": {
            "type": "BasicBulletType",
            "speed": 8,
            "damage": 200,
            "width": 10,
            "height": 14,
            "lifetime": 34,
            "healPercent":1
        },
        "surge-alloy": {
            "type": "BasicBulletType",
            "speed": 8,
            "damage": 160,
            "width": 7,
            "height": 9,
            "lifetime":34
        },
        "plastanium": {
          "type": "BasicBulletType",
            "speed": 8,
            "damage": 60,
            "width": 5,
            "height": 7,
            "lifetime":34
        }
    },
    "requirements": [
        "surge-alloy/450 ",
        "copper/500 ",
        "lead/500",
        "titanium/400 ",
        "thorium/350 "
    ],
    "category": "turret",
    "research": "cyclone"
}