{
    "type": "PowerTurret",
    "name": "汲取",
    "health": 1400,
    "size": 3,
    "reload": 55,
    "range": 160,
    "consumes": {
        "power": 6,
        "coolant": {
            "amount": 0.25,
            "optional": true
        }
    },
    "coolantMultiplier": 1.25,
    "liquidCapacity": 30,
    "shoot": {
        "type": "ShootBarrel",
        "barrels": [
            4,2,0,
            -4,2,0,
            3,2,0,
            -3,2,0
        ],
        "shots": 8,
        "shotDelay": 4
    },
    "inaccuracy": 4,
    "ShootY": -2,
    "rotateSpeed": 3,
    "shake": 0,
    "recoil": 2,
    "shootSound": "sap",
    "shootEffect": {
    "type": "MultiEffect",
    "effects":[
    {
			"type": "WaveEffect",
			"lifetime": 6,
			"sizeFrom": 2,
			"sizeTo": 5.5,
			"strokeFrom": 2,
			"strokeTo": 0,
			"colorFrom": "FFFFFF",
			"colorTo": "99ecff"
	    }
	    {
	    "type": "MultiEffect",
	    }
	    ]
	}
    "shootType": {
        "type": "SapBulletType",
        "shootEffect": "shootSmall",
        "lifetime": 20,
        "sapStrength": 2.9,
        "length": 158,
        "width": 0.56,
        "knockback": -0.6,
        "statusDuration": 150,
        "status": "sapped",
        "damage": 18,
        "color": "99ecff",
        "lightColor": "99ecff",
        "hitColor": "99ecff",
        "despawnEffect": "none"
        "hitEffect": {
        "type": "MultiEffect",
         "effects":[
         {
			"type": "WaveEffect",
			"lifetime": 6,
			"sizeFrom": 1,
			"sizeTo": 3,
			"strokeFrom": 1,
			"strokeTo": 0,
			"colorFrom": "FFFFFF",
			"colorTo": "99ecff"
	    }
	    {
	    "type": "MultiEffect",
	    }
	    ]
	}
    },
    "researchCostMultiplier": 0.5,
    "requirements": [
        "拟钢/115",
        "silicon/130",
        "metaglass/95",
        "plastanium/115"
    ],
    "category": "turret",
    "research": "parallax"
}