{
    "type": "ItemTurret",
    "name": "爆流",
    "health": 1020,
    "size": 3,
    "reload": 30,
	"range": 280,
	"maxAmmo": 36,
	"shake": 2,
	"ammoPerShot": 6,
	"recoilTime": 60,
	"recoil": 2,
	"shootSound": "missileLarge",
	"consumes": {
	"coolant": {
		"amount": 0.5,
		"optional": true
		}
	},
	"coolantMultiplier": 1,
	"shoot": {
		"shots": 3,
		"shotDelay": 4,
		"type": "ShootAlternate",
		"barrels": 3,
		"spread": 7
	},
	"ammoTypes": {
		"blast-compound": {
			"type": "MissileBulletType",
			"backColor": "FF7F24",
			"frontColor": "E3E3E3",
			"width": 10,
			"height": 10,
			"shrinkY": 0,
			"speed": 8,
			"lifetime": 35,
			"damage": 5,
			"splashDamageRadius": 64,
			"splashDamage": 85,
			"ammoMultiplier": 4,
			"hitEffect": "blastExplosion",
			"despawnEffect": "blastExplosion",
			"status": "blasted",
			"statusDuration": 60
			"trailChance": 0.33
            "trailInterval": 8
            "trailRotation": true,
            "trailEffect":
			{
            "type": "ParticleEffect",
            "particles": 2
            "line": true,
            "strokeFrom": 1.3,
            "strokeTo": 1.3,
            "lenFrom": 16,
            "lenTo": 0,
            "sizeInterp": "pow10In",
            "interp": "pow5Out",
            "length": -20
            "baseLength": 0,
            "lifetime": 30
            "colorFrom": "FF7F24",
            "colorTo": "FF7F2430",
            "cone":9
            }
            "smokeEffect": {
			"type": "ParticleEffect",
			"particles": 7,
			"sizeFrom": 2,
			"sizeTo": 0,
			"sizeInterp": "pow10In",
			"interp": "pow5Out",
			"length": 8,
			"baseLength": 0,
			"lifetime": 10,
			"colorFrom": "FF7F24",
			"colorTo": "FF7F2430"
				},
		},
		"pyratite": {
			"type": "MissileBulletType",
			"backColor": "FFB90F",
			"frontColor": "E3E3E3",
			"width": 11,
			"height": 12,
			"shrinkY": 0,
			"homingPower": 0.08,
			"makeFire": true,
			"speed": 8,
			"lifetime": 35,
			"damage": 13,
			"splashDamageRadius": 56,
			"splashDamage": 55,
			"ammoMultiplier": 4,
			"hitEffect": "blastExplosion",
			"status": "burning",
			"statusDuration": 360
			"trailChance": 0.33
            "trailInterval": 8
            "trailRotation": true,
            "trailEffect":
			{
            "type": "ParticleEffect",
            "particles": 2
            "line": true,
            "strokeFrom": 1.3,
            "strokeTo": 1.3,
            "lenFrom": 16,
            "lenTo": 0,
            "sizeInterp": "pow10In",
            "interp": "pow5Out",
            "length": -20
            "baseLength": 0,
            "lifetime": 30
            "colorFrom": "FFB90F",
            "colorTo": "FFB90F30",
            "cone":9
            }
            "smokeEffect": {
			"type": "ParticleEffect",
			"particles": 7,
			"sizeFrom": 2,
			"sizeTo": 0,
			"sizeInterp": "pow10In",
			"interp": "pow5Out",
			"length": 8,
			"baseLength": 0,
			"lifetime": 10,
			"colorFrom": "FFB90F",
            "colorTo": "FFB90F30",
				},
		},
		"graphite": {
			"type": "MissileBulletType",
		    "backColor": "B0C4DE",
			"frontColor": "E3E3E3",
			"width": 10,
			"height": 10,
			"shrinkY": 0,
			"speed": 8,
			"lifetime": 35,
			"damage": 18,
			"splashDamageRadius": 45,
			"splashDamage": 39,
			"ammoMultiplier": 2,
			"hitEffect": "blastExplosion",
			"despawnEffect": "blastExplosion",
			"trailChance": 0.33
            "trailInterval": 8
            "trailRotation": true,
            "trailEffect":
			{
            "type": "ParticleEffect",
            "particles": 2
            "line": true,
            "strokeFrom": 1.3,
            "strokeTo": 1.3,
            "lenFrom": 16,
            "lenTo": 0,
            "sizeInterp": "pow10In",
            "interp": "pow5Out",
            "length": -20
            "baseLength": 0,
            "lifetime": 30
            "colorFrom": "B0C4DE",
            "colorTo": "B0C4DE30",
            "cone":9
            }
             "smokeEffect": {
			"type": "ParticleEffect",
			"particles": 7,
			"sizeFrom": 2,
			"sizeTo": 0,
			"sizeInterp": "pow10In",
			"interp": "pow5Out",
			"length": 8,
			"baseLength": 0,
			"lifetime": 10,
			"colorFrom": "B0C4DE",
            "colorTo": "B0C4DE30",
				},
		},
		"plastanium": {
			"type": "MissileBulletType",
			"backColor": "CBD97F",
			"frontColor": "E3E3E3",
			"width": 10,
			"height": 10,
			"shrinkY": 0,
			"speed": 8,
			"lifetime": 35,
			"damage": 25,
			"splashDamageRadius": 40,
			"splashDamage": 45,
			"ammoMultiplier": 4,
			"hitEffect": "blastExplosion",
			"despawnEffect": "blastExplosion",
			"fragBullets": 2,
			"fragBullet": {
				"despawnEffect": "none",
				"speed": 2.5,
				"damage": 15,
				"width": 10,
				"height": 12,
				"shrinkY": 1,
				"lifetime": 15,
				"splashDamageRadius": 10,
			    "splashDamage": 15,
				"backColor": "d8d97f",
				"frontColor": "fffac6"
			}
				"trailChance": 0.33
            "trailInterval": 8
            "trailRotation": true,
            "trailEffect":
			{
            "type": "ParticleEffect",
            "particles": 2
            "line": true,
            "strokeFrom": 1.3,
            "strokeTo": 1.3,
            "lenFrom": 16,
            "lenTo": 0,
            "sizeInterp": "pow10In",
            "interp": "pow5Out",
            "length": -20
            "baseLength": 0,
            "lifetime": 30
            "colorFrom": "CBD97F",
            "colorTo": "CBD97F30",
            "cone":9
            }
             "smokeEffect": {
			"type": "ParticleEffect",
			"particles": 7,
			"sizeFrom": 2,
			"sizeTo": 0,
			"sizeInterp": "pow10In",
			"interp": "pow5Out",
			"length": 8,
			"baseLength": 0,
			"lifetime": 10,
			"colorFrom": "CBD97F",
            "colorTo": "CBD97F30",
				},
		},
		"surge-alloy": {
			"type": "MissileBulletType",
		    "backColor": "F2E770",
			"frontColor": "FFFFFF",
			"width": 10,
			"height": 10,
			"shrinkY": 0,
			"speed": 8,
			"lifetime": 35,
			"damage": 10,
			"splashDamageRadius": 48,
			"splashDamage": 70,
			"ammoMultiplier": 3,
			"hitEffect": "blastExplosion",
			"despawnEffect": "blastExplosion",
			"lightningDamage": 15,
			"lightning": 3,
			"lightningLength": 12
			"trailChance": 0.33
            "trailInterval": 8
            "trailRotation": true,
            "trailEffect":
			{
            "type": "ParticleEffect",
            "particles": 2
            "line": true,
            "strokeFrom": 1.3,
            "strokeTo": 1.3,
            "lenFrom": 16,
            "lenTo": 0,
            "sizeInterp": "pow10In",
            "interp": "pow5Out",
            "length": -20
            "baseLength": 0,
            "lifetime": 30
            "colorFrom": "F2E770",
            "colorTo": "F2E77030",
            "cone":9
            }
             "smokeEffect": {
			"type": "ParticleEffect",
			"particles": 7,
			"sizeFrom": 2,
			"sizeTo": 0,
			"sizeInterp": "pow10In",
			"interp": "pow5Out",
			"length": 8,
			"baseLength": 0,
			"lifetime": 10,
			"colorFrom": "F2E770",
            "colorTo": "F2E77030",
				},
		},
	}
	 "requirements": [
        "拟钢/180"
        "surge-alloy/80"
        "plastanium/180"
        "silicon/190"
    ],
    "researchCostMultiplier": 0.5,
	"category": "turret",
	"research": "swarmer"
}