{
	"name": "裂雷",
	"type": "LaserTurret",
	"size": 3,
	"health": 1050,
	"shootEffect": {
        "type": "ParticleEffect",
        "particles": 4,
        "length": 45,
        "baseLength": 0,
        "lifetime": 13,
        "line": true,
        "lenFrom": 8,
        "lenTo": 18,
        "strokeFrom": 2,
        "strokeTo": 0,
        "colorFrom": "FFFFFF",
        "colorTo": "FFFFFF"
    },
	"shootSound": "laserbig",
	"range": 160,
	"reload": 75,
	"coolantMultiplier": 1,
	//"coolantMultiplier": 0.35,
	"liquidCapacity": 30,
	"inaccuracy": 0,
	"rotateSpeed": 2.5,
	"shake": 4,
	"coolEffect": "steam",
	"targetHealing": true,
	"unitSort": "strongest",
	"cooldownTime": 180,
	"recoil": 1.8,
	"recoilTime": 60,
	"minWarmup": 0.89,
	"warmupMaintainTime": 120,
	"heatColor": "FF4040",
	"shootY": 6,
	"shootType": {
		"type": "ContinuousLaserBulletType",
		"hitEffect": {
		"type": "ParticleEffect",
		"particles": 5,
		"line": true,
		"strokeFrom": 2,
		"strokeTo": 0,
		"lenFrom": 18,
		"lenTo": 18,
		"length": 1,
		"baseLength": 8,
		"lifetime": 8,
		"colorFrom": "99e0ff",
		"colorTo": "99e0ff",
		"cone": 80
	    },
		"ammoMultiplier": 1,
		"hitSize": 8,
		"length": 170,
		"width": 4,
		"damage": 16,
		"lightColor": "76D081",
		"colors": [
		"99e0ff90",
		"99e0ff80",
		"99e0ff"
    	],
		"bulletInterval": 1.5,
        "incendChance": 0.03,
    	"incendSpread": 8,
    	"incendAmount": 1,
    	"intervalBullets": 1,
		"intervalRandomSpread":2
		"intervalBullet":{
			"type": "LightningBulletType",
			"damage":15
			"lightningColor": "99e0ff",
			"hitColor": "99e0ff",
			"lightningLength": 19.3
			"lightningLengthRand":3
			"collidesTeam": true,
			"hitEffect": "hitLancer",
			"despawnEffect": "none",
			"statusDuration":8
		}
	},
	"consumes": {
		"power": 8,
		"liquid": "water/0.5"
	},
	"shootDuration": 240,
    "requirements": [
        "拟钢/120"
        "metaglass/140"
        "lead/180"
        "silicon/130"
    ],
    "researchCostMultiplier": 0.5,
	"category": "turret",
	"research": "lancer"
}