{
	"type": "GenericCrafter",
	"health": 1750,
	"name": "专业级研究中心",
	"description": "在三级研究协议的基础上再次进行特殊研究，从而获得四级研究协议",
	"outputItem": {"item": "四级研究协议", "amount": 1	},
	"itemCapacity": 60,
	"size": 4,
	"hasPower": true,
	"hasLiquids": false,
	"hasItems": true,
	"craftTime": 960,
	"updateEffect":"smeltsmoke",
	"drawer": {
		"type": "DrawMulti",
		"drawers": [
			"DrawDefault",
			{
				"type": "DrawFlame",
				"flameRadius": 0,
				"flameRadiusIn": 0,
				"flameRadiusMag": 0,
				"flameRadiusInMag": 0,
				"flameColor": "F2E770"
			}
		]
	},
	"consumes": {
	"power": 65.0,
	"items": {	"items": [
	{ "item": "黑核", "amount": 4 },
	{ "item": "一级研究协议", "amount": 1 },
	{ "item": "二级研究协议", "amount": 1 },
	{ "item": "三级研究协议", "amount": 1 },
	{ "item": "裂位合金", "amount": 10 },
	]
		}
	},
	"requirements": [
		"copper/550",
		"silicon/320",
		"化钢/260",
		"绯红合金/180",
		"钛板/320",
		"裂位合金/160"
		],
	"category": "crafting",
    "research": {
    "parent": "高级研究中心",
    "objectives": [
        {
            "type": "SectorComplete",
            "preset": "伊甸园"
        }
    ]
}
}