{
	"type": "GenericCrafter",
	"health": 1000,
	"name": "多重塑钢压缩机",
	"description": "比普通的塑钢压缩机提升了几倍效率",
    "outputItem": {
        "item": "plastanium",
        "amount": 5
    },
    "size": 3,
    "hasPower": true,
    "hasLiquids": true,
    "hasItems": true,
    "craftTime": 200,
    "itemCapacity": 40,
    "liquidCapacity": 30,
    "craftEffect": "formsmoke",
    "updateEffect": "plasticburn",
    "consumes": {
        "power": 12,
        "liquid": {
            "liquid": "oil",
            "amount": "1.2",
            "booster": false
        },
        "items": {
            "items": [
                {
                    "item": "titanium",
                    "amount": 10
                }
            ]
        }
    },
    "requirements": [
        {
            "item": "化钢",
            "amount": 200
        },
        {
            "item": "copper",
            "amount": 510
        },
        {
            "item": "lead",
            "amount": 320
        },
        {
            "item": "silicon",
            "amount": 120
        },
        {
            "item": "titanium",
            "amount": 350
        }
    ],
    "category": "crafting",
    "research": {
    "parent": "高温硅炼制厂",
    "objectives": [
        {
            "type": "SectorComplete",
            "preset": "前线哨站"
        }
    ]
},
    "idleSound": "respawning",
    "idleSoundVolume": 0.2,
    "drawer": {
        "type": "DrawMulti",
        "drawers": [
            {
                "type": "DrawRegion",
                "suffix": "-bottom"
            },
            {
                "type": "DrawGlowRegion",
                "suffix": "-qwq",
                "color": "E19B4FFF"
            }
        ]
    }
}