{
	"type": "GenericCrafter",
	"health": 200,
	"name": "快捷硅炼制厂",
	"description": "快捷的硅炼制厂，有着较为高效的效率和小的体型",
	"outputItem": "silicon/1",
	"itemCapacity": 10,
	"size": 1,
	"hasPower": true,
	"hasLiquids": false,
	"hasItems": true,
	"craftTime": 120,
	"updateEffect": "none",
	"craftEffect": "smeltsmoke",
	"drawer":{
        "type":"DrawMulti",
        "drawers":[
            "DrawDefault",
			"DrawFlame"
            ]
    },
	"consumes": {
		"power": 1.5,
			"items": [
				"coal/1",
				"sand/1"
			]
		
	},
	"requirements": [
		"copper/50",
		"lead/25",
		"titanium/50"
	],
	"category": "crafting",
	"ambientSound": "smelter",
	"research": {
	"parent": "快捷石墨压缩厂"//科技树前置
	"objectives": [
	]	},
}