{
	"type": "GenericCrafter",
	"health": 200,
	"name": "快捷石墨压缩厂",
	"description": "快捷的石墨压缩厂，有着高效的效率和而较小的体型",
	"outputItem": "graphite/1",
	"itemCapacity": 10,
	"size": 1,
   "hasPower": false,
	"hasLiquids": false,
	"hasItems": true,
	"craftTime": 120,
	"updateEffect": "none",
	"craftEffect": "smeltsmoke",
	"drawer": {
		"type": "DrawMulti",
		"drawers": [
			"DrawDefault",
			{
				"type": "DrawRegion",
				"suffix": "-top"
			}
		]
	},
	"consumes": {
	"items":{
	"items": [
				"coal/2",
			]
		}
	}
	"requirements": [
		"copper/50",
		"lead/25",
		"titanium/50"
	],
	"category": "crafting",
	"ambientSound": "smelter",
	"research": {
	"parent": "强化核心"//科技树前置
	"objectives": [
	]	},
}