{
	"type": "GenericCrafter",
	"health": 1100,
	"name": "相位激发器",
	"description": "将相位石中的内部能量激发，转换为相织布",
	"outputItem": {"item": "phase-fabric", "amount": 5	},
	"itemCapacity": 20,
	"size":2,
	"hasPower": true,
	"hasLiquids": false,
	"hasItems":true,
        	"craftTime": 65,
	"updateEffect":"none",
	"drawer":{
        "type":"DrawMulti",
        "drawers":[
            "DrawDefault",
			"DrawFlame"
            ]
    },
	"consumes": {
	"power": 25.0,
	"items": {
		"items": [
	{ "item": "相位石", "amount": 10 },]
		}
	},
	"requirements": [
		{ "item":"绯红合金", "amount":200 },
        { "item":"火石矿", "amount":310 },
        { "item":"silicon", "amount":350 },
        { "item":"化钢","amount":120}
		],
    "category": "crafting",
    "research": {
    "parent": "绯红合金炼制厂",
    "objectives": [
        {
            "type": "SectorComplete",
            "preset": "相位之地"
        }
    ]
},
}