{
	"type": "GenericCrafter",
	"health": 2000,
	"name": "裂位合金冶炼厂",
	"description": "将相位石熔炼成合裂位合金",
	"outputItem": "裂位合金/3",
	"itemCapacity": 30,
	"size": 3,
	"hasPower": true,
	"hasLiquids": false,
	"hasItems": true,
	"craftTime": 120,
	"updateEffect": "none",
	"craftEffect": "smeltsmoke",
	"drawer":{
        "type":"DrawMulti",
        "drawers":[
            "DrawDefault",
			"DrawFlame"
			{
				"type": "DrawFlame",
				"flameRadius": 0,
				"flameRadiusIn": 0,
				"flameRadiusMag": 0,
				"flameRadiusInMag": 0,
				"flameColor": "F2E770"
			}
            ]
    },
	"consumes": {
		"power": 6.5,
			"items": [
				"相位石/15",
				"火石矿/5"
			]
		
	},
	"requirements": [
		"copper/200",
		"lead/250",
		"钛板/250"
		"silicon/300"
		"surge-alloy/200"
	],
	"category": "crafting",
	"ambientSound": "smelter",
	"research": {
	"parent": "钛板压制厂"//科技树前置
	"objectives": [
	]	},
}