{
	"type": "Separator",
	"name": "分子重构仪",
	"description": "需要大量能量",
	"itemCapacity": 1000,
	"size": 3,
	"craftTime": 0.1,
	"results": [
				{ "item": "copper", "amount":  1},
				{ "item": "lead", "amount": 1},
				{ "item": "metaglass", "amount": 1},
				{ "item": "graphite", "amount": 1},
				{ "item": "titanium", "amount": 1},
				{ "item": "thorium", "amount": 1},
				{ "item": "plastanium", "amount": 1},
				{ "item": "phase-fabric", "amount": 1},
				{ "item": "surge-alloy", "amount": 1},
				{ "item": "silicon", "amount": 1},
				{ "item": "pyratite", "amount": 1},
				{ "item": "晶石", "amount":  3}
		],
	"consumes": {
		"power":1000.0,
		"liquid": {
			"liquid": "重组液",
			"amount": 2.8
		}
	},
  	"liquidCapacity": 200,
	"requirements": [
		{ "item": "纯水泥", "amount":110 },
		{ "item": "graphite", "amount":70 },
		{ "item": "thorium", "amount":150 },
		{ "item": "钛板", "amount":150 },
		{ "item": "铅板", "amount":150 },
		{ "item": "钛合金", "amount":150 },
		{ "item": "铜板", "amount":150 },
		{ "item": "处理器", "amount": 55 }
	],
	"category": "crafting",
	"research": "alloy-smelter"
}

