{
	"type": "GenericCrafter",
	"name": "合金锤压机",
	"description": "把钛合金压成板",
	"outputItem": {"item": "钛合金板","amount": 2},
	"size": 2,
	"itemCapacity": 20,
	"hasPower": true,
	"hasLiquids": false,
	"hasItems": true,
	"craftTime": 10,
	"updateEffect": "smeltsmoke",
	"consumes": {
		"power": 1,
		"items": {
		    "items": [
		{"item": "钛合金","amount": 2}
		]
	}
},
	"requirements": [
		{ "item": "钛合金", "amount": 70 },
		{ "item": "titanium", "amount": 30},
		{ "item": "graphite", "amount": 50 },
		{ "item": "metaglass", "amount": 60},
		{ "item": "plastanium", "amount": 40},
		{ "item": "silicon", "amount": 30},
	],
	"category": "crafting",
	"research": "塑钢锤压机",
	"idleSound": "respawning",
	"idleSoundVolume": 0.5
}