{
	"type": "GenericCrafter",
	"name": "天界合金工厂",
	"description": "天界合金，不比巨浪弱.",
	"outputItem": {
		"item": "天界合金", "amount": 1
	},
	"itemCapacity": 30,
	"size": 2,
	"hasPower": true,
	"hasLiquids":true,
		"hasItems": true,
	"craftTime": 50,
	"updateEffect": "smeltsmoke",
	"consumes": {
		"power": 1.5
		"items": {
			"items": [
				{ "item": "原型聚合物", "amount": 6 }
				{ "item": "星铁", "amount": 3 }
		]
		},
	"liquid":{"liquid":"water","amount": 0.4 }
	},
			"requirements": [
		{ "item": "phase-fabric", "amount": 50 }, 
		{ "item": "星铁", "amount": 30 },
		{ "item": "纯水泥", "amount": 10 },
		{ "item": "metaglass", "amount": 30 },
		{ "item": "石膏", "amount": 10 },
	],
	"category": "crafting",
	"research": "紫晶聚合工厂",
	"idleSound": "respawning",
	"idleSoundVolume": 0.5
}