{
	"type": "GenericCrafter",
	"name": "导弹生产工厂",
	"description": "生产导弹",
	"outputItem": {"item": "导弹","amount": 1},
	"size": 2,
	"itemCapacity": 20,
	"hasPower": true,
	"hasLiquids": false,
	"hasItems": true,
	"craftTime": 25,
	"updateEffect": "smeltsmoke",
	"consumes": {
		"power": 1,
		"items": {
		    "items": [
		{"item": "处理器超频","amount": 4 },
		{"item": "处理器计算","amount": 5 },
		{"item": "钛合金板","amount": 2 }
		]
	}
},
	"requirements": [
		{ "item": "钛板", "amount": 20},
		{ "item": "晶石板", "amount": 40},
		{ "item": "金板", "amount": 20},
		{ "item": "高级电机", "amount": 20},
		{ "item": "处理器计算", "amount": 60},
	],
	"category": "crafting",
	"research": "原型合金工厂",
	"idleSound": "respawning",
	"idleSoundVolume": 0.5
}