{
    "type": "coreBlock",
    "size":1,
	"health":10.0,
	"itemCapacity": 10,
	"buildCost": 0.1,
	"buildCostMultiplier": 0.1,
	"name":"小型核心",
	"description":"不可拆卸，不可卸载物品",
	"solid": "true",
	"update": "true",
	"hasItems": "true",
	"unloadable": "false",
	"activeSound": "respawning",
	"activeSoundVolume": 1,
	"layer": "overlay",
	"breakable": "false",
	"rebuildable": "true",
	"research": "duo",
	"category": "effect",
	"requirements": [
		{ "item": "铜板", "amount":50},
		{"item": "铅板","amount":50},
	    { "item": "钛板", "amount":20}
	]
}
