{
	"type": "GenericCrafter",
	"name": "巨浪压缩机",
	"description": "快速产出巨浪合金",
	"outputItem": {
	"item": "surge-alloy", "amount": 3},
	"itemCapacity": 10,
	"size": 3,
	"hasPower": true,
	"hasLiquids":true,
	"hasItems": true,
	"craftTime": 45,
	"updateEffect": "blastsmoke",
	"consumes": {
	    "power": 1.8,
		"items": {
			"items": [
				{ "item": "钛板", "amount": 3 },
				{ "item": "铅板", "amount": 3 }
		]
	},
	"liquid":{"liquid":"重组液","amount": 0.2} 
	},
			"requirements": [
	{ "item": "钛合金", "amount": 30 },
	{ "item": "铜板", "amount": 50 },
	{ "item": "钛板", "amount": 80 },
	{ "item": "铝板", "amount": 20 }
	],
	"category": "crafting",
	"research": "水泥提纯机",
	"idleSound": "respawning",
	"idleSoundVolume": 0.5
}