{
	"name": "微型钻机",
	"description": "什么都能采",
	"type": "Drill",
	"size": 1,
	"tier": 5000,
	"drillTime": 50,
	"consumes": {
		"power": 13.0,
				"liquid": {
			"liquid": "oil",
			"amount": 0.3,
			"booster": true,
			"optional": true
		}
	},
	"requirements": [
		{ "item": "silicon", "amount": 30 },
		{ "item": "铜板", "amount": 20 },
		{ "item": "copper", "amount": 40 },
		{ "item": "lead", "amount": 40 },
		{ "item": "铅板", "amount": 40 },
		{ "item": "钛板", "amount": 40 }
	],
	"category": "production",
	"research": "laser-drill"
}