{
    "type": "SingleTypeGenerator",
    "name": "晶石发电机",
    "description": "晶石发电",
    "size": 2,
    "health": 1500,
    "itemCapacity": 10,
    "hasLiquids": false,
    "hasItems": true,
    "powerProduction": 210,
        "consumes": {
		"items": {
			"items": [
				{ "item": "晶石", "amount": 2 }
			],
			"optional": true
		}
	},
    "requirements": [
  {"item": "钛合金板", "amount": 50},
  {"item": "纯水泥", "amount": 300},
  {"item": "铜板", "amount": 10},
  {"item": "晶石板", "amount": 50}
	],
	"category": "power",
	"research": "石膏发电机"
}