{
	"type": "ItemTurret",
	"name": "晶磁发生器",
	"health": 2500,
	"size": 2,
	"reload": 10,
	"range": 400,
	"recoil": 0,
	"shots": 120,
	"shootCone":2000,
	"inaccuracy": 0,
	"rotatespeed": 0.1,
	"smokeEffect":"none",
	"ammo": {
	    "晶石":{
	    "type": "BasicBulletType",
	   	"bulletSprite": "计划融入-子弹-透明",
	    "item": "晶石",
	    "lifetime": 400,
		"speed": 5,
		"damage": 4,
        "hitEffect": "lancerLaserCharge",
		"splashDamage": 10,
		"splashDamageRadius": 80,
		"shootEffect": "none",
		"bulletWidth": 8,
	    "bulletHeight": 32,
		"knockback": 50.0,
		"ammoMultiplier": 1,
        "backColor": "e5e5b7",
		"frontColor": "ffffcc"
		}
},
     "requirements":[
		{ "item": "晶石板", "amount": 100 },
		{ "item": "超级电机", "amount": 50},
		{ "item": "处理器增幅", "amount": 10 },
		{ "item": "处理器计算", "amount": 10 }
	],
	"category": "turret",
	"research": "废料转化器"
}
