{
	"type": "ArtilleryTurret",
	"name": "小机枪",
	"description": "机枪又称机关枪，为了满足连续射击的稳定需要，通常备有两脚架及可安装在三脚架或固定枪座上，主要发射步枪弹或更大口径（12.7mm/14.5mm）的子弹，能快速连续射击，以扫射为主要攻击方式，透过绵密弹雨杀伤对方有生力量（步兵、骑兵）、无装甲车辆或轻装甲车辆以及飞机、船艇等技术兵器。（贴图来源:3467376883)",
	"health": 260,
	"size": 2,
	"reload":2.82,
	"range": 210.80,
    "maxAmmo":150,
	"restitution":1,
	"recoil": 1,
 	"velocityInaccuracy":1,
	"targetGround":true,
	"targetAir":true,
	"ammoUseEffect": "fireballsmoke",
	"Bullet": "MissileBulletType",
	"inaccuracy": 3,
	"rotatespeed": 100,
	"ammo": {
				"lead": {
			"splashDamageRadius":10,
			"splashDamage":1,
			"speed": 10,
			"damage": 5,
			"bulletWidth": 3,
			"bulletHeight": 10,
			"lightning": 100,
			"lightningLength": 240,
			"trailEffect": "impactcloud",
			"smokeEffect": "lancerLaserChargeBegin",
			"ammoMultiplier": 1,
			"lifetime":100,
			"backColor":"ffffffff",
			"fontColor":"ffffffff",
			"heatColor":"ffffffff",
			"trailColor":"ffffffff"
		},
				"titanium": {
			"splashDamageRadius":5,
			"splashDamage":1,
			"speed": 10,
			"damage": 13,
			"bulletWidth": 5,
			"bulletHeight": 5,
			"lightning": 100,
			"lightningLength": 240,
			"trailEffect": "lancerLaserShootSmoke",
			"smokeEffect": "shootPyraFlame",
			"ammoMultiplier": 1,
			"lifetime":100,
			"backColor":"a925ff",
			"fontColor":"0979f4",
			"heatColor":"1684f4",
			"trailColor":"3C34eC"
    	}
	},
	"requirements": [
		{ "item": "copper", "amount": 120 },
		{ "item": "lead", "amount": 80 },
		{ "item": "铅板", "amount": 50 },
		{ "item": "铜板", "amount": 60 }
	],
	"category": "turret",
	"research": "浪花"
	}