{
	"type": "SolidPump",
	"name": "水源提取器",
	"description": "高达数百米长的钻头直接深入地底以获取地下水。
",
	"pumpAmount":0.9,
	"result":"water",
	"health":360.0,
	"size":2,
	"rotatespeed":30,
	"hasPower":true,
	"hasLiquids":true,
	"updateEffect":"smeltsmoke",
	"consumes":{
		"power":18.20
	},
	"requirements":[
		{ "item":"surge-alloy","amount":100 },
	    { "item":"titanium","amount":400 },
		{ "item":"copper","amount":500 },
		{ "item":"lead","amount":200 }
	],
	"category":"production",
	"research":"incinerator",
	"idleSound":"respawning",
	"idleSoundVolume": 0.6
}