{
	"type": "LiquidTurret",
	"name": "浪花",
	"description": "把水进行压缩，经过强气压发射出去。",
	"health": 230,
	"size": 1,
	"reload":5,
	"range": 150,
	"targetGround":true,
	"targetAir":true,
	"ammoUseEffect": "fireballsmoke",
	"Bullet": "MissileBulletType"
	"inaccuracy": 13,
	"rotatespeed": 1.3,
	"power": 1.5,
	"powerUse": "lancerLaser"
	"ammo": {
	 "water": {
			"splashDamageRadius":150,
			"splashDamage":0,
			"speed": 10,
			"damage": 0,
			"bulletWidth": 10,
			"bulletHeight": 10,
			"shots": 100
			"lightining":5,
			"lightiningLength":90,
			"knockback":0.2
			"trailEffect": "fireballsmoke",
			"smokeEffect": "fireballsmoke",
			"Bullet": "FlakBulletType"
			"ammoMultiplier": 1,
			"lifetime":70,
		    "duration": 10
		    "speedMultiplier": 10,
		    "armorMultiplier": 10,
			"backColor":"ff00ffff",
			"fontColor":"ffff8d00",
			"heatColor":"ff080e72",
			"trailColor":"ff3228e1",
		}
    	"oil": {
			"splashDamageRadius":150,
			"splashDamage":0,
			"speed": 10,
			"damage": 0,
			"bulletWidth": 10,
			"bulletHeight": 10,
			"shots": 100
			"lightining":5,
			"lightiningLength":90,
			"knockback":0.2, 
		    "status":"burning",
		    "status":"tarred",
			"trailEffect": "fireballsmoke",
			"smokeEffect": "fireballsmoke",
			"Bullet": "FlakBulletType"
			"ammoMultiplier": 1,
			"lifetime":70,
		    "duration": 10
		    "speedMultiplier": 10,
		    "armorMultiplier": 10,
			"backColor":"ff00ffff",
			"fontColor":"ffff8d00",
			"heatColor":"ff080e72",
			"trailColor":"ff3228e1",
    	}
	},
	"requirements": [
		{ "item": "copper", "amount": 10 },
		{ "item": "lead", "amount": 20 },
	],
	"category": "turret",
	"research": "duo",
	}