{
	"type": "GenericCrafter",
	"name": "物质研究工厂",
	"description": "发现提取物可以转换成其他有用的物质，但是这种物质和氧气产生冲突，一会就没了.",
	"outputItem": {
		"item": "易挥发物质", "amount": 1
	},
	"itemCapacity": 30,
	"size": 2,
	"hasPower": true,
	"hasLiquids":true,
		"hasItems": true,
	"craftTime": 160,
	"updateEffect": "smeltsmoke",
	"consumes": {
		"power": 1.5
		"items": {
			"items": [
				{ "item": "石油提取物", "amount": 10 }
		]
	},
	"liquid":{"liquid":"oil","amount": 0.5 } 
	},
			"requirements": [
		{ "item": "phase-fabric", "amount": 50 }, 
		{ "item": "metaglass", "amount": 30 },
		{ "item": "紫晶", "amount": 10 },
		{ "item": "石膏精华", "amount": 10 },
		{ "item": "石膏", "amount": 10 },
	],
	"category": "crafting",
	"research": "石油物质提取器",
	"idleSound": "respawning",
	"idleSoundVolume": 0.5
}