{
	"type": "GenericCrafter",
	"name": "生料合成组",
	"description": "用于制作生料.",
	"outputItem": {
		"item": "生料", "amount": 5
	},
	"itemCapacity": 30,
	"size": 2,
	"hasPower": true,
	"hasLiquids":true,
		"hasItems": true,
	"craftTime": 10,
	"updateEffect": "smeltsmoke",
	"consumes": {
		"power": 4.8
		"items": {
			"items": [
				{ "item": "钛粉", "amount": 6 }
				{ "item": "石灰", "amount": 3 }
				{ "item": "黏土", "amount": 3 }
				{ "item": "石膏", "amount": 10 }
		]
	},
	"liquid":{"liquid":"water","amount": 0.5 } 
	},
			"requirements": [
		{ "item": "铜板", "amount": 50 }, 
		{ "item": "thorium", "amount": 30 },
		{ "item": "plastanium", "amount": 10 },
		{ "item": "copper", "amount": 100 },
		{ "item": "titanium", "amount": 50 },
	],
	"category": "crafting",
	"research": "黏土制造机",
	"idleSound": "respawning",
	"idleSoundVolume": 0.5
}