{
	"type": "GenericCrafter",
	"name": "生料煅烧组",
	"description": "用于煅烧熟料.",
	"outputItem": {
		"item": "熟料", "amount": 4
	},
	"itemCapacity": 10,
	"size": 2,
	"hasPower": true,
	"hasLiquids":true,
		"hasItems": true,
	"craftTime": 10,
	"updateEffect": "smeltsmoke",
	"consumes": {
		"power":2.8
		"items": {
			"items": [
				{ "item": "生料", "amount": 4 }
		]
	},
	"liquid":{"liquid":"oil","amount": 0.5 } 
	},
			"requirements": [
		{ "item": "钛板", "amount": 20 }
		{ "item": "铅板", "amount": 25 }
		{ "item": "铜板", "amount": 20 },
	],
	"category": "crafting",
	"research": "生料合成组",
	"idleSound": "respawning",
	"idleSoundVolume": 0.5
}