
{
	"type": "chargeTurret",
	"name": "电离聚能炮",
	"description": "防空炮塔",
	"targetAir": true,
	"targetGround": false,
	"health": 180,
	"size": 1,
	"inaccuracy": 0.1,
	"chargeTime": 5,
    "chargeMaxDelay":6,
    "chargeEffects": 3,
	"recoil": 1,
	"hasPower": true,
	"shootSound" : "laser",
	"shootEffect": "lancerLaserShoot",
    "smokeEffect": "lightningShoot",
    "chargeEffect": "lancerLaserCharge",
    "chargeBeginEffect": "lancerLaserChargeBegin",
	"powerUse": 1.5,
	"rotateSpeed": 15,
	"range": 180,
	"shootType": {
	"type" : "ArtilleryBulletType",
	"collidesTiles":true,
	"collidesAir":true,
	"collides":true,
	"damage": 15,
	"bulletWidth": 2.5,
	"backColor":"abdbff",
	"bulletShrink":0.6,
	"frontColor":"f0f8ff",
	"heatColor":"abdbff",
    "trailColor":"abdbff",
	"bulletHeight": 15,
	"pierce": false,
	"speed": 5,
	"lifetime": 60,
	"hitEffect": "hitLancer",
	"hitSide": 0
	},
	"requirements": [
		{ "item": "钛板", "amount": 250 },
		{ "item": "silicon", "amount": 85 },
		{ "item": "塑钢板", "amount": 50 },
		{ "item": "thorium", "amount": 160 },
		{ "item": "铜板", "amount": 50 }
	],
	"category": "turret",
	"research": "lancer"
	}
