{
	"type": "battery",
	"name": "石墨烯电池-v1",
    "description": "更强的储能"
	"size": 3,
	"health": 560,
	"category": "power",
	"requirements": [
		{"item": "铜板", "amount": 65},
		{"item": "铅板", "amount": 120},
		{"item": "copper", "amount": 1200},
		{"item": "石墨烯", "amount": 30},
		{"item": "钛板", "amount": 50},
		{"item": "thorium", "amount": 40},
		{"item": "graphite", "amount": 60},
		{"item": "silicon", "amount": 30}
	],
	"consumes": { "powerBuffered": 100000},
	"research": "石墨烯量产工厂"
}
