{
	"type": "SolarGenerator",
	"name": "石墨烯太阳能电池板",
	"description": "更厉害的太阳能板",
	"size": 3,
	"health": 560,
    "powerProduction": 5.68,
	"requirements": [
		{"item": "石墨烯", "amount": 15 },
		{"item": "copper", "amount": 120 },
		{"item": "graphite", "amount": 60 },
		{"item": "metaglass", "amount": 120 },
		{"item": "titanium", "amount": 40 },
		{"item": "silicon", "amount": 30 },
		{"item": "thorium", "amount": 15 },
		]
	"category": "power",
	"research": "石墨烯电池v2"
	"idleSound": "respawning",
	"idleSoundVolume": 0.5
}
