{
	"type": "GenericCrafter",
	"name": "石膏研究工厂",
	"description": "经过研究，这块巧克力含有极少的能量，但极其强大.",
	"outputItem": {
		"item": "石膏精华", "amount": 1
	},
	"itemCapacity": 1600,
	"size": 3,
	"hasPower": true,
	"hasLiquids":true,
		"hasItems": true,
	"craftTime": 50,
	"updateEffect": "smeltsmoke",
	"consumes": {
		"power": 11.0
		"items": {
			"items": [
				{ "item": "石膏", "amount": 10 }
			]
	},
	"liquid":{"liquid":"water","amount": 0.3} 
	},
			"requirements": [
		{ "item": "纯水泥", "amount": 300 }
		{ "item": "surge-alloy","amount": 10 },
		{ "item": "titanium", "amount": 50 }
		{ "item": "copper", "amount": 31 }
			],
	"category": "crafting",
	"research": "spore-press",
	"idleSound": "respawning",
	"idleSoundVolume": 0.5
}