{
    "type": "SingleTypeGenerator",
    "name": "石膏发电机",
    "description": "未知能量",
    "size": 2,
    "health": 1000,
    "itemCapacity": 10,
    "hasLiquids": false,
    "hasItems": true,
    "powerProduction": 160,
        "consumes": {
		"items": {
			"items": [
				{ "item": "石膏精华块", "amount": 1 }
			],
			"optional": true
		}
	},
    "requirements": [
		{"item": "copper", "amount": 150},
  {"item": "thorium", "amount": 160},
  {"item": "titanium", "amount": 200},
  {"item": "silicon", "amount": 100},
  {"item": "纯水泥", "amount": 10},
  {"item": "石膏", "amount": 130},
  {"item": "水泥", "amount": 130},
  {"item": "石膏精华块", "amount": 30}
	],
	"category": "power",
	"research": "differential-generator"
}