{
	"type": "GenericCrafter",
	"name": "石膏精华研究工厂",
	"description": "原产于太阳系-“地球”上，引入后受到感染导致石膏拥有巨大能量，但是能量静止状态下活跃极低，需要引子.",
	"outputItem": {
		"item": "石膏精华块", "amount": 2
	},
	"itemCapacity": 10,
	"size": 2,
	"hasPower": true,
	"hasLiquids":true,
		"hasItems": true,
	"craftTime": 50,
	"updateEffect": "smeltsmoke",
	"consumes": {
		"power": 13.3
		"items": {
			"items": [
				{ "item": "石膏精华", "amount": 1 }
				{ "item": "原型聚合物", "amount": 1 }
			]
	},
	"liquid":{"liquid":"water","amount": 0.1 } 
	},
			"requirements": [
		{ "item": "水泥", "amount": 300 }
		{ "item": "surge-alloy","amount": 100 },
		{ "item": "titanium", "amount": 50 }
		{ "item": "纯水泥", "amount": 31 }
			],
	"category": "crafting",
	"research": "石膏研究工厂",
	"idleSound": "respawning",
	"idleSoundVolume": 0.5
}