{
	"type": "GenericCrafter",
	"name": "紫晶合金工厂",
	"description": "紫晶，很坚硬.",
	"outputItem": {
		"item": "紫晶合金", "amount": 1
	},
	"itemCapacity": 30,
	"size": 3,
	"hasPower": true,
	"hasLiquids":true,
		"hasItems": true,
	"craftTime": 20,
	"updateEffect": "smeltsmoke",
	"consumes": {
		"power": 1.5,
		"items": {
			"items": [
				{ "item": "原型聚合物", "amount": 10 }
				{ "item": "紫晶", "amount": 5 }
		]
	},
	"liquid":{"liquid":"oil","amount": 0.2 }
	},
			"requirements": [
		{ "item": "phase-fabric", "amount": 50 }, 
		{ "item": "炎晶", "amount": 30 },
		{ "item": "纯水泥", "amount": 10 },
		{ "item": "紫晶", "amount": 100 },
		{ "item": "石膏精华", "amount": 10 },
	],
	"category": "crafting",
	"research": "石膏精华研究工厂",
	"idleSound": "respawning",
	"idleSoundVolume": 0.5
}