{
	"type": "GenericSmelter",
	"name": "紫晶聚合工厂",
	"description": "加工聚合物.",
	"outputItem": {
		"item": "紫晶聚合物", "amount": 2
	},
	"itemCapacity": 30,
	"size": 3,
	"hasPower": true,
	"hasLiquids":true,
		"hasItems": true,
	"craftTime": 50,
	"consumes": {
		"power": 1.8
		"items": {
			"items": [
				{ "item": "紫晶", "amount": 6 }
				{ "item": "原型聚合物", "amount": 3 }
				{ "item": "鬼晶", "amount": 3 }
				{ "item": "易挥发物质", "amount": 3 }
		]
	},
	"liquid":{"liquid":"water","amount": 0.5 } 
	},
			"requirements": [
		{ "item": "phase-fabric", "amount": 50 }, 
		{ "item": "紫晶", "amount": 30 },
		{ "item": "纯水泥", "amount": 10 },
		{ "item": "钢筋", "amount": 100 },
		{ "item": "石膏精华块", "amount": 50 },
	],
	"category": "crafting",
	"research": "初级晶体钻机",
	"idleSound": "respawning",
	"idleSoundVolume": 0.5
}