{
	"type": "GenericCrafter",
	"name": "细沙磨制机",
	"description": "把沙磨的更细",
	"outputItem": {
		"item": "细沙", "amount": 2
	},
	"itemCapacity": 60,
	"size": 2,
	"hasPower": true,
	"hasLiquids":true,
		"hasItems": true,
	"craftTime": 10,
	"updateEffect": "smeltsmoke",
	"consumes": {
		"power": 0.3,
		"items": {
			"items": [
				{ "item": "sand", "amount": 1 }
		]
	},
	"liquid":{"liquid":"water","amount": 0.01} 
	},
			"requirements": [
	{ "item": "copper", "amount": 20 },
	{ "item": "lead", "amount": 50 }
	],
	"category": "crafting",
	"research": "silicon-smelter",
	"idleSound": "respawning",
	"idleSoundVolume": 0.5
}