{
	"type": "GenericCrafter",
	"name": "终极电机工厂",
	"description": "生产终极电机",
	"outputItem": {"item": "终极电机","amount": 1},
	"size": 3,
	"itemCapacity": 20,
	"hasPower": true,
	"hasLiquids": false,
	"hasItems": true,
	"craftTime": 10,
	"updateEffect": "smeltsmoke",
	"consumes": {
		"power": 1,
		"items": {
		    "items": [
		{"item": "超级电机","amount": 3 },
		{"item": "处理器","amount": 3 },
		{"item": "塑料","amount": 2 }
		{"item": "晶石","amount": 3 }
		]
	}
},
	"requirements": [
		{ "item": "钛板", "amount": 240 },
		{ "item": "晶石", "amount": 160},
		{ "item": "钛合金", "amount": 240 },
		{ "item": "铅板", "amount": 190},
		{ "item": "铜板", "amount": 180},
		{ "item": "原型聚合物", "amount": 240},
	],
	"category": "crafting",
	"research": "超级电机工厂",
	"idleSound": "respawning",
	"idleSoundVolume": 0.5
}