{
	"type":"RepairPoint",
	"name":"聚能维修点v3",
	"description":"更远的距离，更强的修复力度",
	"size":2,
	"hasItems":false,
	"hasPower":true,
	"hasLiquids":false,
	"consumes": {
		"power": 8.0
	},
	"requirements": [
		{ "item": "紫晶", "amount":300},
		{"item": "处理器增幅","amount":35},
	    { "item": "钛板", "amount":350},
		{"item": "铅板","amount":400},
	    { "item": "塑钢板", "amount":250},
		{"item": "铜板","amount":250}
	],
	"health":50,
	"craftEffect":"shockwave",
	"updateEffect":"shockwave",
	"powerUse":16.0,
	"repairSpeed":3.3,
	"repairRadius":500,
	"category": "units",
	"research": "废料转化器"
}