{
	"name": "范围脉冲器",
	"description": "向指定范围发射特定电流改变分子活跃让其加速。(需要大量能量!）",
	"type": "OverdriveProjector"
	"health": 360,
	"size": 2,
	"range": 240,
	"reload": 45
	"speedBoost": 15.0,
	"consumes": {
		"power": 50.0
        "items":{
			"items":[
				{"item":"紫晶聚合物","amount":1}
			]
			"booster":true
			"optional": true
		}
	},
	"requirements": [
		{ "item": "处理器超频", "amount": 50 },
		{ "item": "处理器增幅", "amount": 50 },
		{ "item": "高级电机", "amount": 50 },
		{ "item": "铜板", "amount": 50},
		{ "item": "钛板", "amount": 68 },
		{"item": "铅板","amount":30},
		{ "item": "钛合金板", "amount": 100 }
	],
	"category": "effect",
	"research":"overdrive-projector"
}