{
	"type": "GenericCrafter",
	"name": "计算处理器生产工厂",
	"description": "生产计算处理器",
	"outputItem": {"item": "处理器计算","amount": 1},
	"size": 3,
	"itemCapacity": 20,
	"hasPower": true,
	"hasLiquids": false,
	"hasItems": true,
	"craftTime": 10,
	"updateEffect": "smeltsmoke",
	"consumes": {
		"power": 1,
		"items": {
		    "items": [
		{"item": "晶磁线圈","amount": 2 },
		{"item": "metaglass","amount": 3 },
		{"item": "晶石","amount": 3 }
		]
	}
},
	"requirements": [
		{ "item": "钛板", "amount": 40},
		{ "item": "晶石板", "amount": 80},
		{ "item": "铝板", "amount": 40},
		{ "item": "金板", "amount": 20},
		{ "item": "铁板", "amount": 20},
		{ "item": "铜板", "amount": 80}
	],
	"category": "crafting",
	"research": "处理器生产工厂",
	"idleSound": "respawning",
	"idleSoundVolume": 0.5
}