{
	"type": "powerTurret",
	"name": "超压电磁炮",
	"description": "电离子压缩后发射出去",
	"health": 2500,
	"size": 2,
	"heatColor":"cde6ff",
	"shotWidth'":4.5,
    "shootSound":"shotgun",
	"reload": 12,
	"range": 250,
	"ammoUseEffect": "shellEjectBig",
	"inaccuracy": 3,
	"rotatespeed": 5,
	"powerUse":2.65,
    "shootType": {
	   "type" : "ArtilleryBulletType",
    "powerUse": 2.5,
	"collidesTiles":true,
	"collidesAir":true,
	"ammoMultiplier": 1,
	"reloadMultiplier": 0.8,
	"knockback":0.7,
	"collides":true,
	"damage": 80,
	"bulletWidth": 8.5,
	"backColor":"ffe4b5",
	"bulletShrink":1.5,
	"frontColor":"ffe4b5",
    "trailColor":"ffe4b5",
	"bulletHeight": 25,
	"pierce": false,
	"speed": 14.8,
	"lifetime": 60,
  	   "fragBullets":3,
         "fragBullet":"lightning",
         "hitShake": 3,
         "ammoMultiplier": 2,
	     "smokeEffect": "shootBigSmoke2",
	     "hitEffect":"shockwave"
    },
    "category": "turret",
	"research": "晶磁脉冲炮",
	"requirements": [
		{ "item": "钛板", "amount": 260 },
	    { "item": "晶石板", "amount": 200 },
	    { "item": "高级电机", "amount": 50 },
	    { "item": "钛合金", "amount": 100 },
	    { "item": "处理器", "amount": 50 }
	]
}
