{
	"type": "GenericCrafter",
	"name": "金锤压机",
	"description": "把金压成板",
	"outputItem": {"item": "金板","amount": 2},
	"size": 2,
	"itemCapacity": 20,
	"hasPower": true,
	"hasLiquids": false,
	"hasItems": true,
	"craftTime": 10,
	"updateEffect": "smeltsmoke",
	"consumes": {
		"power": 1,
		"items": {
		    "items": [
		{"item": "金","amount": 3 }
		]
	}
},
	"requirements": [
		{ "item": "copper", "amount": 70 },
		{ "item": "titanium", "amount": 30},
		{ "item": "graphite", "amount": 50 },
		{ "item": "铅板", "amount": 60},
		{ "item": "plastanium", "amount": 40},
		{ "item": "铜板", "amount": 30},
	],
	"category": "crafting",
	"research": "钛锤压机",
	"idleSound": "respawning",
	"idleSoundVolume": 0.5
}