{
	"type": "GenericCrafter",
	"name": "钛粉磨制机",
	"description": "磨制细的钛粉",
	"outputItem": {
		"item": "钛粉", "amount": 5
	},
	"itemCapacity": 15,
	"size": 1,
	"hasPower": false,
	"hasLiquids":false,
    "hasItems": true,
	"craftTime": 3.5,
	"updateEffect": "smeltsmoke",
	"consumes": {
		"item": "titanium"
	},
			"requirements": [
		{ "item": "titanium", "amount": 10 },
		{ "item": "copper", "amount": 80 },
		{ "item": "silicon", "amount": 15 }
	],
	"category": "crafting",
	"research": "melter",
	"idleSound": "respawning",
	"idleSoundVolume": 0.5
}