{
	"type": "GenericCrafter",
	"name": "钛锤压机",
	"description": "把钛压成板",
	"outputItem": {"item": "钛板","amount": 2},
	"size": 2,
	"itemCapacity": 20,
	"hasPower": true,
	"hasLiquids": false,
	"hasItems": true,
	"craftTime": 10,
	"updateEffect": "smeltsmoke",
	"consumes": {
		"power": 1,
		"items": {
		    "items": [
		{"item": "titanium","amount": 3}
		]
	}
},
	"requirements": [
		{ "item": "copper", "amount": 70 },
		{ "item": "titanium", "amount": 30},
		{ "item": "graphite", "amount": 50 },
		{ "item": "metaglass", "amount": 60},
		{ "item": "silicon", "amount": 30}
	],
	"category": "crafting",
	"research": "铅锤压机",
	"idleSound": "respawning",
	"idleSoundVolume": 0.5
}