{
	"type": "GenericCrafter",
	"name": "铅线圈工厂",
	"description": "把铅板制成线",
	"outputItem": {"item": "铅线圈","amount": 1},
	"size": 3,
	"itemCapacity": 20,
	"hasPower": true,
	"hasLiquids": false,
	"hasItems": true,
	"craftTime": 10,
	"updateEffect": "smeltsmoke",
	"consumes": {
		"power": 1,
		"items": {
		    "items": [
		{"item": "铅板","amount": 2 }
		]
	}
},
	"requirements": [
		{ "item": "copper", "amount": 70 },
		{ "item": "titanium", "amount": 30},
		{ "item": "铅板", "amount": 50 },
		{ "item": "铜板", "amount": 60},
		{ "item": "钛合金板", "amount": 40},
		{ "item": "silicon", "amount": 30},
	],
	"category": "crafting",
	"research": "铜线圈工厂",
	"idleSound": "respawning",
	"idleSoundVolume": 0.5
}