{
	"type": "GenericCrafter",
	"name": "铜锤压机",
	"description": "把铜压成板",
	"outputItem": {"item": "铜板","amount": 2},
	"size": 2,
	"itemCapacity": 20,
	"hasPower": true,
	"hasLiquids": false,
	"hasItems": true,
	"craftTime": 10,
	"updateEffect": "smeltsmoke",
	"consumes": {
		"power": 1,
		"items": {
		    "items": [
		{"item": "copper","amount": 3 }
		]
	}
},
	"requirements": [
		{ "item": "copper", "amount": 70 },
		{ "item": "titanium", "amount": 30},
		{ "item": "graphite", "amount": 50 },
		{ "item": "metaglass", "amount": 60},
		{ "item": "silicon", "amount": 30}
	],
	"category": "crafting",
	"research": "separator",
	"idleSound": "respawning",
	"idleSoundVolume": 0.5
}