{
	"type": "GenericCrafter",
	"name": "铝锤压机",
	"description": "把铝压成板(贴图来源Minecraft工业mod)",
	"outputItem": {"item": "铝板","amount": 2},
	"size": 2,
	"itemCapacity": 20,
	"hasPower": true,
	"hasLiquids": false,
	"hasItems": true,
	"craftTime": 10,
	"updateEffect": "smeltsmoke",
	"consumes": {
		"power": 1,
		"items": {
		    "items": [
		{"item": "铝","amount": 3 },
		]
	}
},
	"requirements": [
		{ "item": "钛合金板", "amount": 70 },
		{ "item": "铅板", "amount": 30},
		{ "item": "铜板", "amount": 50 },
		{ "item": "钛板", "amount": 60},
		{ "item": "plastanium", "amount": 40},
		{ "item": "silicon", "amount": 30},
	],
	"category": "crafting",
	"research": "塑钢锤压机",
	"idleSound": "respawning",
	"idleSoundVolume": 0.5
}