{
	"name": "锤头鲨工厂",
	"description": "笨重的机甲单位",
	"type": "UnitFactory",
	"unitType": "锤头鲨",
	"size": 3,
	"produceTime": 730,
	"consumes": {
		"power": 0.5,
		"items": {
			"items": [
				{"item": "紫晶", "amount": 1000},
				{"item": "原型聚合物", "amount": 505},
				{"item": "聚合框架", "amount": 100}
			]
		}
	},
	"category": "units",
	"research": "分子重构仪",
	"requirements": [
		{ "item": "紫晶合金", "amount": 2000 },
		{ "item": "钛合金板", "amount": 1000 },
		{ "item": "铜板", "amount": 1200 },
		{ "item": "copper", "amount": 5000}
	]
}
