{
	"type":"SingleTypeGenerator",
	"name":"面粉发电机",
	"description":"面粉?我也不知道为什么能发电",
	"size":2,
	"health":1500,
	"hasPower":true,
	"hasLiquids":true,
	"hasItems":true,
	"itemCapacity":50,
	"liquidCapacity":160,
	"powerProduction":3.4,
	"itemDuration":50.5,
	"consumes":{
		"items": {
			"items": [
				{ "item": "小麦面粉", "amount": 2 }
			],
			"optional": false
		}
	},
	"requirements":[
		{"item":"lead","amount":45},
		{"item":"copper","amount":60},
		{"item":"graphite","amount":20},
	]
	"category":"power",
	"research": "overdrive-projector",
}