{
	"type": "GenericCrafter",
	"name": "面粉工厂",
	"description": "可用于制造武器.",
	"outputItem": {"item": "小麦面粉","amount": 5.0},
	"size": 1,
	"itemCapacity": 20,
	"hasPower": true,
	"hasLiquids": true,
	"craftTime": 10,
	"updateEffect": "smeltsmoke",
	"consumes": {
		"power": 1.0,
		"item": "罐装小麦"
	},
	"requirements": [
		{ "item": "graphite", "amount": 25 },
		{ "item": "copper", "amount": 30 },
		{ "item": "silicon", "amount": 20 }
		{ "item": "titanium", "amount": 25 }
	],
	"category": "crafting",
	"research": "silicon-smelter",
	"idleSound": "respawning",
	"idleSoundVolume": 0.5
}