{
	"type": "ArtilleryTurret",
	"name": "高斯机枪",
	"description": "重机枪的升级版，（贴图来源:3467376883)",
	"health": 600,
	"size": 2,
	"reload":1.5,
	"range": 600,
    "maxAmmo":500,
    "recoil": 1,
	"restitution":0.1,
 	"velocityInaccuracy":0.1,
	"targetGround":true,
	"targetAir":true,
	"ammoUseEffect": "lightningCharge",
	"Bullet": "MissileBulletType",
	"inaccuracy": 0,
	"rotatespeed": 100,
	"ammo": {
				"lead": {
			"splashDamageRadius":10,
			"splashDamage":5,
			"speed": 10,
			"damage": 35,
			"bulletWidth": 3,
			"bulletHeight": 10,
			"lightning": 100,
			"lightningLength": 240,
			"trailEffect": "pul,verize",
			"smokeEffect": "pulverize",
			"ammoMultiplier": 1,
			"lifetime":100,
			"knockback":0.1,
			"backColor":"a925ff",
			"fontColor":"0979f4",
			"heatColor":"1684f4",
			"trailColor":"3C34eC"
		},
				"titanium": {
			"splashDamageRadius":5,
			"splashDamage":10,
			"speed": 10,
			"damage": 50,
			"bulletWidth": 5,
			"bulletHeight": 5,
			"lightning": 100,
			"lightningLength": 240,
			"trailEffect": "pulverize",
			"smokeEffect": "pulverize",
			"ammoMultiplier": 1,
			"lifetime":100,
			"backColor":"a925ff",
			"fontColor":"0979f4",
			"heatColor":"1684f4",
			"trailColor":"3C34eC"
			},
			"thorium": {
			"splashDamageRadius":5,
			"splashDamage":10,
			"speed": 10,
			"damage": 80,
			"bulletWidth": 5,
			"bulletHeight": 10,
			"lightning": 100,
			"lightningLength": 240,
			"trailEffect": "pulverize",
			"smokeEffect": "pulverize",
			"ammoMultiplier": 1,
			"lifetime":100,
			"backColor":"a925ff",
			"fontColor":"0979f4",
			"heatColor":"1684f4",
			"trailColor":"3C34eC"
			},
		"surge-alloy": {
		"type": "BasicBulletType",
	   	"bulletSprite": "计划融入-高斯巨浪弹",
			"splashDamageRadius":10,
			"splashDamage":15,
			"speed": 15,
			"damage": 90.8982,
			"bulletWidth": 5,
			"bulletHeight": 10,
			"lightning": 100,
			"lightningLength": 240,
			"trailEffect": "pulverize",
			"smokeEffect": "pulverize",
			"ammoMultiplier": 2,
			"lifetime":100,
			"backColor":"a925ff",
			"fontColor":"0979f4",
			"heatColor":"1684f4",
			"trailColor":"f6ff00f"
		}
	},
	"requirements": [
		{ "item": "copper", "amount": 120 },
		{ "item": "lead", "amount": 120 },
		{ "item": "金板", "amount": 200 },
		{ "item": "graphite", "amount": 50 },
		{ "item": "metaglass", "amount": 60 },
		{ "item": "thorium", "amount": 70 },
		{ "item": "titanium", "amount": 20 },
		{ "item": "plastanium", "amount": 20 },
		{ "item": "silicon", "amount": 200 },
		{ "item": "surge-alloy", "amount": 20 },
		{ "item": "铅板", "amount": 20 },
		{ "item": "phase-fabric", "amount": 20 },
		{ "item": "铁板", "amount": 20 }
		
	],
	"category": "turret",
	"research": "重机枪"
	}