{
	"type": "GenericCrafter",
	"name": "高级电机工厂",
	"description": "生产高级电机",
	"outputItem": {"item": "高级电机","amount": 1},
	"size": 3,
	"itemCapacity": 20,
	"hasPower": true,
	"hasLiquids": false,
	"hasItems": true,
	"craftTime": 10,
	"updateEffect": "smeltsmoke",
	"consumes": {
		"power": 1,
		"items": {
		    "items": [
		{"item": "初级电机","amount": 1 },
		{"item": "铝板","amount": 2 },
		{"item": "处理器","amount": 2 },
		{"item": "塑料", "amount": 1 }
		]
	}
},
	"requirements": [
		{ "item": "钛板", "amount": 80 },
		{ "item": "钛合金", "amount": 100 },
		{ "item": "铅板", "amount": 120},
		{ "item": "铜板", "amount": 80},
		{ "item": "原型聚合物", "amount": 60},
	],
	"category": "crafting",
	"research": "初级电机工厂",
	"idleSound": "respawning",
	"idleSoundVolume": 0.5
}