{
	"type": "GenericCrafter",
	"name": "鬼晶合金工厂",
	"description": "来自深处的哀嚎.",
	"outputItem": {
		"item": "鬼晶合金", "amount": 1
	},
	"itemCapacity": 30,
	"size": 2,
	"hasPower": true,
	"hasLiquids":true,
		"hasItems": true,
	"craftTime": 50,
	"updateEffect": "smeltsmoke",
	"consumes": {
		"power": 1.5,
		"items": {
			"items": [
				{ "item": "原型聚合物", "amount": 10 }
				{ "item": "鬼晶", "amount": 5 }
		]
		},
	"liquid":{"liquid":"water","amount": 0.5 }
	},
			"requirements": [
		{ "item": "phase-fabric", "amount": 50 }, 
		{ "item": "metaglass", "amount": 30 },
		{ "item": "silicon", "amount": 100 },
		{ "item": "graphite", "amount": 100 },
		{ "item": "石膏精华", "amount": 10 },
	],
	"category": "crafting",
	"research": "alloy-smelter",
	"idleSound": "respawning",
	"idleSoundVolume": 0.5
}