{
    "name": "暗动能合金冲压机",
    //名字
    "type": "GenericCrafter",
    //类型:制作站
    "description": "使用挤压技术，将“巨浪合金”内的放射性激发，需要用冷冻液冷却",
    //介绍
    "itemCapacity": 30
    //物品容量
    "health": 1200,
    //血量
    "size": 3,
    //大小（1为一格）
    "hasPower": true,
    //需求电力
    "hasLiquids": true,
    //需求液体
    "hasItems": true,
    //需求物品
    "craftTime": 30,
    //生产时间
    "craftEffect": "pulverizeSmall"
	"updateEffect": "fireballsmoke",
    "consumes": {
    //输入
    "power": 12,
        "items": {
        //物品
            "items": [
            //物品
                {
                    "item": "surge-alloy",
                    //物品:铜
                    "amount": 3
                    //输入数量
                },
            ]
        },
        "liquid": {
        //液体
            "liquid": "cryofluid",
            //液体:水
            "amount": 0.4
            //输入数量（此输入将*60）
        }
    },
    "liquidCapacity": 60,
    //液体容量
    "outputItem": {
    //输出
        "item": "暗动能合金",
        //物品
        "amount": 2
        //输出数量
    }
    "requirements": [
    //建造需求
        {
            "item": "metaglass",
            //物品:铜
            "amount": 880
            //需求数量
        },
        {
            "item": "plastanium",
            //物品:玻璃
            "amount":480
            //需求数量
        },
	{ "amount": 90, "item": "surge-alloy" }
        {
            "item": "silicon",
            //物品:硅
            "amount": 750
            //需求数量
        },
        {
            "item": "thorium",
            //物品:铅
            "amount": 200
            //需求数量
        }
        { "amount": 120, "item": "titanium" }
    ],
    "category": "crafting",
    //分类
    "research": {
	"parent":"surge-smelter"
	"objectives": [
            {
				"type": "SectorComplete",
				"preset": "impact0078"
			}
	]
	}
    "buildCostMultiplier":0.5
}