{
	"name": "[red]泽塔议会",
	"description": "目前赛博罗的主要掌控者，热衷于重型武器以及立场科技。",
	"details":"[red]真理只在大炮射程之内，权威只在利刃舰炮之上。",
	"health":500,
	"armor":0,
	"size": 3
	"hasShadow":false
	"category": "logic",
	"type": "Wall",
	"buildCostMultiplier":99999999
	"requirements": [
	{ "item": "graphite", "amount": 250 }
    { "item": "lead", "amount": 500 }
    { "item": "copper", "amount": 1000 }
    ]
	"research": {
        "root":true,
        "name": "泽塔议会"
       "planet":"serpulo"
        },
            "canOverdrive": false,
            "researchCostMultiplier": 0
            "buildVisibility": "sandboxOnly",
}