{
	"type":"FlyingUnit",
	"name":"弹道导弹",
	"description":"强大的弹道导弹",
	"speed":10,
	"maxVelocity":8,
    "drag":0.5,
	"flying": true,
	"hitsize":10,
	"health":100,
	"rotateWeapon": false,
	"range":8000,
	"engineOffset":8,
	"engineSize":3.5,
	"mass":2.5,
	"rotateSpeed":0.25,
	"attackLength":8,
	"weapon": {
		"ignoreRotation": true,
		"reload":120,
    	"shots": 1,
		"alternate": false,
		"bullet":{
			"type":"BombBulletType",
			"splashDamageRadius":100,
			"splashDamage":1500,
			"speed":4,
			"damage":5000,
			"killShooter":true,
			"lifetime":10,
			"bulletWidth":1,
			"bulletHeight":1,
			"shootEffect":"nuclearcloud",
			"despawnEffect":"nuclearcloud",
			"hitEffect":"nuclearcloud"
            "instantDisappear":true,
			"backColor":"FF0000",
			"fontColor":"FF0000",
			"trailColor":"FF0000"
		}
	}
}