{
	"type": "GroundUnit",
	"name": "坦克",
	"description": "陆军之王",
	"speed": 0.3,
	"flying": true,
	"hitsize": 25,
	"health": 8000000000,
	"rotateWeapon": true,
	"rotatespeed": 0.2
	"baseRotateSpeed": 0.1
	"range": 4000,
	"rotateWeapon": true
	"weapon": {
 "name": "eradicator",
 "bulletWidth": 1.5,
 "bulletHight": 5.0,
 "damage": 1000000000,
 "length": 13,
 "reload": 20,
 "alternate": true,
 "rotatespeed": 2
 "speed": 400
 "recoil": 3,
 "inaccuracy": 2
 "shots": 1,
 "spacing": 0,
 "shotDelay": 2,
 "ejectEffect": "shellEjectMedium",
 "bullet": "standardThoriumBig",
 "shootSound": "shootBig"
  }

}
