{
	"type": "flyingUnit",
	"name": "机枪战斗机",
	"description": "装载机枪武器的战斗机",
	"speed": 0.4,
	"flying": true,
	"hitsize": 20,
	"health": 1000,
	"rotateWeapon": true,
	"engineOffset": 14.0,
	"range": 500,
	"weapon": {
 "name": "eradicator",
 "length": 13,
 "reload": 5,
 "width": 2,
 "alternate": true,
 "recoil": 3,
 "shake": 2,
 "inaccuracy": 3,
 "shots": 1,
 "spacing": 0,
 "shotDelay": 1,
 "ejectEffect": "shellEjectMedium",
 "bullet": "standardThoriumBig",
 "shootSound": "shootBig"
  }
}
