{
	"type": "GenericCrafter",
	"name": "大型石英熔炉",
	"health": 320,
	"updateEffect": "smoke",
	"craftEffect": "steam",
	"description": "将石墨和沙子混合加热，产出石英,效率更高",
	"outputItem": { "item": "石英", "amount": 3 },
	"alwaysUnlocked": false,
	"size": 3,
		"drawer":{
        "type":"DrawMulti",
        "drawers":[
            "DrawDefault",
			"DrawFlame"
            ]
    },
	"hasPower": true,
	"hasLiquids": false,
	"hasItems": true,
	"craftTime": 72,
	"itemCapacity": 15,
	"consumes": {
	"power":3,
		"liquid": 
	{"liquid": "水", "amount": 0.1 } 
    "items": {	 "items": [
    { "item": "石墨", "amount": 3}
    { "item": "沙", "amount": 6}
 	]
  } },
"requirements": [
	{ "item": "铅", "amount": 130 },
	{ "item": "铜", "amount": 140 },
	{ "item": "石墨", "amount": 30 },
	{ "item": "硅", "amount": 45 },
	{ "item": "铁", "amount": 50 },
	],
	"category": "crafting"
	    "research": {
		"parent": "石英厂",
		"objectives": [
            {
				"type": "OnSector",
				"preset": "ES生物质合成区"
			}
			]}
	"researchCostMultiplier": 1,
	    "canOverdrive": false,
}