{
	"type": "GenericCrafter",
	"name": "焚化炉",
		"updateEffect": "smoke",
	"craftEffect": "steam",
	"description": "处理清除任何物品，并会产生少量岩浆",
	"health": 150,
	"outputLiquid": {"liquid": "矿渣", "amount": 0.055},//液体输出
	"itemCapacity": 10,
	"size": 1,
    "hasItems": true,
	"hasLiquids": true,
	"solid": true,
	"outputsLiquid": true,
	"liquidCapacity": 240,
	"craftTime": 60,
	"consumes": {
	"power":1.2
		"itemRadioactive": { "minRadioactivity": 0.00 }
		},
	"requirements": [
	{ "item": "铜", "amount": 80 },
	{ "item": "铁", "amount": 60},
	{ "item": "石英", "amount": 70 },
	],
	"category": "crafting",
	"research": "粉碎机"
}