{
	"type": "GenericCrafter",
	"name": " ES石墨压缩机",
	"health": 320,
	"description": "将煤炭压缩成石墨，工作速度较慢",
		"details":"原宇宙已有，研究费用降低",
		"updateEffect": "pulverizeSmall",
	"outputItem": { "item": "石墨", "amount": 1 },
	"alwaysUnlocked": false,
	"size": 2,
	"hasPower": false,
	"hasLiquids": false,
	"hasItems": true,
	"craftTime": 110,
	"itemCapacity": 15,
	"consumes": {
    "items": {	 "items": [
    { "item": "煤", "amount": 2}
 	]
  } },
"requirements": [
	{ "item": "铅", "amount": 80 },
	{ "item": "铜", "amount": 70 },
	],
	"category": "crafting",
	"research": {
		"parent": "初代核心",
		"objectives": [
            {
				"type": "OnSector",
				"preset": "ES零号地区"
			}
			]}
			"details":"从残破的核心中提取出的建筑数据，免费研究",
			"researchCostMultiplier": 0
	"researchCostMultiplier": 0.2,
	    "canOverdrive": false,
}