{
	"type": "GenericCrafter",
	"name": "石英熔炉",
	"health": 320,
	"description": "将石墨和沙子混合加热，产出石英，损耗较大。",
	"craftEffect": "smoke"
	"outputItem": { "item": "石英", "amount": 1 },
	"alwaysUnlocked": false,
	"size": 2,
		"drawer":{
        "type":"DrawMulti",
        "drawers":[
            "DrawDefault",
			"DrawFlame"
            ]
    },
	"hasPower": false,
	"hasLiquids": false,
	"hasItems": true,
	"craftTime": 110,
	"itemCapacity": 15,
	"consumes": {
    "items": {	 "items": [
    { "item": "石墨", "amount": 1}
    { "item": "沙", "amount": 3}
 	]
  } },
"requirements": [
	{ "item": "铅", "amount": 70 },
	{ "item": "铜", "amount": 60 },
	{ "item": "石墨", "amount": 30 },
	],
	"category": "crafting",
	"research": "石墨厂"
	"researchCostMultiplier": 1,
	    "canOverdrive": false,
}