{
	"type": "GenericCrafter",
	"name": " ES硅冶炼厂",
	"health": 320,
	"craftEffect": "pulverizeSmall"
	"description": "将煤炭和沙子混合加热，提取出较纯的硅，工作较慢。",
		"details":"原宇宙已有，研究费用降低",
	"outputItem": { "item": "硅", "amount": 1 },
	"alwaysUnlocked": false,
	"size": 2,
		"drawer":{
        "type":"DrawMulti",
        "drawers":[
            "DrawDefault",
			"DrawFlame"
            ]
    },
	"hasPower": false,
	"hasLiquids": false,
	"hasItems": true,
	"craftTime": 60,
	"itemCapacity": 15,
	"consumes": {
    "items": {	 "items": [
    { "item": "煤", "amount": 2}
    { "item": "沙", "amount": 3}
 	]
  } },
"requirements": [
	{ "item": "铅", "amount": 55 },
	{ "item": "铜", "amount": 60 },
	{ "item": "石墨", "amount": 40 },
		{ "item": "石英", "amount": 30 },
	],
	"category": "crafting",
	"research": "石英厂"
	"researchCostMultiplier": 0.2,
	    "canOverdrive": false,
}