{
	"type": "Separator",
	"name": " ES解离机",
	"updateEffect": "formsmoke",
	"craftEffect": "blastsmoke",//工作特效
		"details":"原宇宙已有，研究费用降低",
	"results": [
	{"item": "铜", "amount": 3},
	{"item": "铅", "amount": 3},
	{"item": "铁", "amount": 1},
	{"item": "石墨", "amount": 2},
	{"item": "硅", "amount": 2},
	],
	"canOverdrive": false,
  "drawer": {
        "type": "DrawMulti",
        "drawers": [
            "DrawDefault",
            "DrawWarmupRegion",
            {
                "type": "DrawRegion",
                "suffix": "-turbine",
                "rotateSpeed":2
            },
            {
                "type": "DrawRegion",
                "suffix": "-turbine",
                "rotateSpeed":-2,
                "rotation":45
            }
        ]
    },
	"size": 2,
	"itemCapacity": 20,
	"hasPower": true,
	"hasItems": true,
	"hasLiquids": false,
	"craftTime": 33,
	"consumes": {
		"power": 3,
		 "items": {	 "items": [
    { "item": "废料", "amount": 2}
 	]
  }
	},
	"requirements": [
	{ "item": "铜","amount":80},
	{ "item": "铅", "amount": 90 },
	{ "item": "铁", "amount": 80 },
	{ "item": "钢", "amount": 25 },
	{ "item": "石墨", "amount": 50 }
	],
	"ambientSound":"hum",
	"category": "crafting",
	"research": "粉碎机"
	"researchCostMultiplier": 0.2,
}
