{
    "mineSpeed": 6,
    "mineTier": 1,
    "buildSpeed": 1,
    "speed": 5,
    "drag": 0.05,
    "accel": 0.05,
    "rotateSpeed": 5,
    "health": 120,
    "targetGround": true,
    "name": "德塔",
    "rotateShooting": true,
    "engineOffset": 8,
    "engineSize": 4,
    "hitSize": 20,
    "type": "payload",
    "payloadCapacity": 256,
    "range": 200,
    "description": "diao毛",
    "moveForce": 35,
    "mass": 50,
    "maxVolcity": 10,
    "ammoCapacity": 140,
    "ammoResupplyAmount": 8,
    "flying": true,
    "targetAir": false,
    "itemCapacity": 25,
    "isCounted": false,
    "turnCursor": false,
    "engines": [
        {
            "x": -6,
            "y": -9,
            "radius": 3,
            "rotation": -125
        },
        {
            "x": 6,
            "y": -9,
            "radius": 3,
            "rotation": -45
        },
        {
            "x": -8,
            "y": -3,
            "radius": 3,
            "rotation": -125
        },
        {
            "x": 8,
            "y": -3,
            "radius": 3,
            "rotation": -45
        }
    ],
    "abilities": [
        {
            "type": "RepairFieldAbility",
            "range": 90,
            "amount": 10,
            "reload": 60
        }
    ],
    "weapons": [
        {
            "name": "枪",
            "x": 4,
            "y": 4.5,
            "shootY": 4,
            "top": true,
            "rotate": false,
            "reload": 10,
            "shootSound": "pew",
            "ejectEffect": "casing1",
            "shots": 1,
            "inaccuracy": 0,
            "alternate": true,
            "ignoreRotation": false,
            "layerOffset": -0.01,
            "bullet": {
                "buildingDamageMultiplier": 0.01,
                "speed": 6,
                "lifetime": 64,
                "damage": 6,
                "width": 7,
                "shrinkY": 0,
                "height": 7
            		"fragBullet": {
                    "type": "LightningBulletType",
                    "damage": 2,
                    "lightningLength": 5,
                    "lightningLengthRand": 2,
                    "hitEffect": "hitLancer",
                    "despawnEffect": "none",
                    "lightningColor": "FFE18FFF",
                    "hitColor": "FFE18FFF",
                    "buildingDamageMultiplier": 0.5
                     "fragBullets":3,//破片弹数量                 
		}},		
        },
        {
                    "name": "炮",
                                "layerOffset": -0.01,
            "alternate": false,
            "x": 0,
            "y": 0.5,
            "reload": 40,
            "shootSound": "missile",
            "inaccuracy": 15,
            "bullet": {
                "type": "MissileBulletType",
                "damage": 6,
                "trailLength": 6,
                "trailWidth": 1,
                "backColor": "FF8C00",
                "frontColor": "FFB90F",
                "trailEffect": "smoke",
                "trailColor": "FF8C00",
                "buildingDamageMultiplier": 0.01,
                "splashDamageRadius": 18,
                "splashDamage": 12,
                "homingRange": 40,
                "homingPower": 0.06,
                "hitEffect": "explosion",
                "despawnEffect": "explosion",
                "width": 8,
                "height": 9,
                "speed": 6,
                "lifetime": 53
            }
        }
    ]
}