{
"type": "tank",/*种类 */
"name":"重盾"
"description":"[blue]<三级＞[yellow]一级坦克"
"squareShape":true  //方形阴影
"omniMovement":false//是否全向运动
"rotateMoveFirst":true //在运动时先进行旋转
"rotateSpeed":4.5//旋转速度
"envDisabled":0//未知
"speed":0.9//移动速度
"outlineColor":"2d2f39"//履带轨迹颜色
"hitSize":11//碰撞箱大小
"treadPullOffset":3//履带偏移
"health":1000//血量
"armor":50//装甲
"itemCapacity":20//物品容量
	"buildSpeed":0.5,
    //建筑速率
    "buildBeamOffset":5,
    //建筑波束偏移
"research":"ground-factory"
"researchCostMultiplier":0.2//研究耗材的倍数
"weapons":[
	{
	"name":"火炮"
	"layerOffset":0.0001//图层偏移
	"reload":360
	"shootY":4.5
	"recoil":1
	"rotate":true
	"rotateSpeed":1.8
	"mirror":false
	"x":0
	"y":0
	"heatColor":"f9350f"
	"cooldownTime":100
	"recoil":0.5
	"inaccuracy":3
	"shoot":{
		"type":"ShootAlternate"
		"spread":2
		}
	"bullet":{
		"recoil":0.1
               "healPercent": 10,         		
		"frontColor":"77ccfff"
		"backColor":"77ccfff"
		"speed":10
		"damage":253
		"width":30
		"height":40
		"shootEffect":"shootSmall",
		"smokeEffect":"shootSmallSmoke",
		"keepVelocity":true,//保持速度不变
		"lifetime":40
		"shrinkY":0
		"trailWidth":0.8
		"trailLength":14
		"trailColor":"53565c"
	}
	}
		{
	"name":"机枪"
	"layerOffset":0.0001//图层偏移
	"reload":5
	"shootY":4.5
	"recoil":1
	"rotate":true
	"rotateSpeed":1.8
	"mirror":false
	"x":5
	"y":-1
	"heatColor":"f9350f"
	"cooldownTime":5
	"recoil":0.5
	"inaccuracy":3
	"shoot":{
		"type":"ShootAlternate"
		"spread":2
		}
	"bullet":{
		"recoil":0.1
               "healPercent": 10,         		
		"frontColor":"77ccfff"
		"backColor":"77ccfff"
		"speed":10
		"damage":21
		"width":16
		"height":5
		"shootEffect":"shootSmall",
		"smokeEffect":"shootSmallSmoke",
		"keepVelocity":true,//保持速度不变
		"lifetime":40
		"shrinkY":0
		"trailWidth":0.8
		"trailLength":14
		"trailColor":"53565c"
	}
	}
]
}