{
    "name": "氢聚变反应堆",
    "description": "通过氢聚变为铁的过程中产生的热能获取能量",
    "size": 8,
    "consumes": {
		"liquid":{"liquid":"Wa","amount":10},
        "items": {
            "items": [
                {"item": "H2","amount": 500}
            ]
        }
    },
    "requirements": [
        {"item": "Fe-C","amount": 16000},
        {"item": "Mg-Al","amount": 13000},
        {"item": "Ti+","amount": 10000},
        {"item": "xvx-ai","amount": 5},
		{"item":"普通科技点","amount":3840}
    ],
    "health": 150000,
    "heatColor": "E0FFFF",
	"liquidCapacity":85000,
    "powerProduction":1400,
    "itemDuration":25,
    "itemCapacity":3000,
    "hasItems": true,
	"canOverdrive":true,
	"research":{
	"parent":"fusion",
    "requirements":[
		{"item": "Fe-C","amount": 160000},
        {"item": "Mg-Al","amount": 130000},
        {"item": "Ti+","amount": 100000},
        {"item": "xvx-ai","amount": 50}
	]},
	"baseExplosiveness":280,
	"ambientSound":"氢反",
    "ambientSoundVolume":0.5,
    "category": "power"
}