{
    "name": "猫碳发电机二型",
    "description": "用大量精炼猫碳发电",
    "size": 6,
    "consumes": {
		"liquid":{"liquid":"Wa","amount":1},
        "items": {
            "items": [
                {"item": "C902","amount": 2}
            ]
        }
    },
    "requirements": [
        {"item": "C60","amount": 500},
        {"item": "Mg-Al","amount": 1400},
        {"item": "Ti+","amount": 700},
        {"item": "xvx-ai","amount": 1},
		{"item":"普通科技点","amount":2160}
    ],
    "health":15000,
    "hotColor":"FF0000a3",
	"lightColor":"7B68EE",
	"liquidCapacity":500,
    "powerProduction":1850,
    "itemDuration":60,
    "itemCapacity":250,
	"canOverdrive":false,
    "hasItems": true,
	"heating":0.01,
	"smokeThreshold":0.5,
	"flashThreshold":0.75,
	"coolantPower":1,
	"ambientSound":"KZogg",
    "ambientSoundVolume":0.5,
    "research":{
	"parent":"KZ-0",
    "requirements":[
		{"item": "C60","amount": 5000},
        {"item": "Mg-Al","amount": 14000},
        {"item": "Ti+","amount": 7000},
        {"item": "xvx-ai","amount": 10}
	]},
	"explosionRadius":600,
	"explosionDamage":3500,
	"baseExplosiveness":500,
    "category": "power"
}