{
	"name": "巨型太阳能板",
	"description": "太阳能都当主流发电啦",
	"size": 6,
	"hasPower": true,
	"powerProduction": 200,
	"health":3500,
	"requirements": [
		{ "item": "C90", "amount": 5000 },
		{ "item": "Fe-C", "amount": 2500 },
		{ "item": "Mg-Al", "amount": 1500 },
		{ "item": "Ti+", "amount": 1000 },
		{"item":"普通科技点","amount":2160}
	],
	"category": "power",
	"research":{
	"parent":"tyn2",
    "requirements":[
		{ "item": "C90", "amount": 50000 },
		{ "item": "Fe-C", "amount": 25000 },
		{ "item": "Mg-Al", "amount": 15000 },
		{ "item": "Ti+", "amount": 10000 }
	]}
}
