{
	"type": "AttributeSmelter"
	"name": "粉碎硫化厂",
	"description": "大型硫化物工厂，把煤、铅和沙子和为硫化物。",
	"health":110 ,
	"itemCapacity": 30,
	"outputItem": {"item": "pyratite","amount":5 },
	"size":3 ,
	"hasPower": true,
	"hasItems": true,
	"craftTime": 120,
	"boostScale":0.05
	"craftEffect":"fireballsmoke",
	"updateEffect": "impactsmoke",
	"updateEffectChance": 0.1,
	"consumes": {
		"power": 4,
		"items": {
			"items": [
				{ "item": "coal", "amount": 2}
				{ "item": "lead", "amount": 4}
				{ "item": "sand", "amount": 4}
			]
		}
	},
	"requirements": [
		{ "item": "铜板", "amount": 100 }
		{ "item": "铅板", "amount": 65 }
		{ "item": "graphite", "amount": 50 }
		{ "item": "titanium", "amount": 50 }
	],
	"category": "crafting",
	"research": "multi-press",
	"idleSound": "respawning",
	"idleSoundVolume": 0.5
}