{
	"type": "AttributeSmelter"
	"name": "复合混合物工厂",
	"description": "大型爆炸混合物工厂，从硫化物和孢子荚中产生爆炸混合物。",
	"health":110 ,
	"itemCapacity": 30,
	"outputItem": {"item": "blast-compound","amount":4 },
	"size":3 ,
	"hasPower": true,
	"hasItems": true,
	"craftTime": 150,
	"boostScale":0.05
	"craftEffect":"fire",
	"updateEffect": "plasticExplosion",
	"updateEffectChance": 0.1,
	"consumes": {
		"power": 4,
"liquid": {"liquid":"water","amount":0.1,"booster":false}
		"items": {
			"items": [
				{ "item": "pyratite", "amount": 2}
				{ "item": "spore-pod", "amount": 3}
			]
		}
	},
	"requirements": [
		{ "item": "铅板", "amount": 150 }
		{ "item": "titanium", "amount": 100 }
		{ "item": "硅板", "amount": 75 }
		{ "item": "metaglass", "amount": 75 }
	],
	"category": "crafting",
	"research": "1-粉碎硫化厂",
	"idleSound": "respawning",
	"idleSoundVolume": 0.5
}