{
	"type": "GenericCrafter"
	"name": "铅板锻造机",
	"description": "压缩大量的铅获取大量的铅板。",
	"health":200 ,
	"itemCapacity": 50,
	"outputItem": {"item": "铅板","amount":6 },
	"size":3 ,
	"hasPower": true,
	"hasItems": true,
	"craftTime": 120,
	"updateEffect": "smoke",
	"consumes": {
		"power": 2.5,
		"liquid": {"liquid":"water","amount":0.2,"booster":false}
		"items": {
			"items": [
                { "item": "lead", "amount": 12 }
				
			]
		}
	},
	"requirements": [
		{ "item": "铅板", "amount": 95 }
		{ "item": "graphite", "amount":55 }
		{ "item": "titanium", "amount": 65 }
	],
	"category": "crafting",
	"research": "aa-铅板锻造机",
	"idleSound": "respawning",
	"idleSoundVolume": 0.5
}