{
	"type": "GenericSmelter"
	"name": "钛板压缩机",
	"description": "将钛压缩至钛板。",
	"health":145,
	"itemCapacity": 50,
	"outputItem": {"item": "钛板","amount":1 },
	"size":3,
	"hasItems": true,
	"hasLiquids": true,
	"craftTime": 150,
	"updateEffect": "smoke",
	"consumes": {
		"power": 2.5,
"liquid": {"liquid":"water","amount":0.1,"booster":false}
		"items": {
			"items": [
                { "item": "titanium", "amount": 4 }
			]
		}
	},
	"requirements": [
		{ "item": "铅板", "amount": 45 }
		{ "item": "graphite", "amount":105 }
		{ "item": "硅板", "amount":35 }
	],
	"category": "crafting",
	"research": "aaa-硅板压缩机",
	"idleSound": "respawning",
	"idleSoundVolume": 0.5
}