{ 
"name": "孢子混合机"
"type": "GenericSmelter"
"description": "加工孢子得到润滑油。"
"health": 150
"size": 2
"liquidCapacity": 50
"warmupSpeed": 0.005
"rotateSpeed": 3
"hasPower": true, 
    "hasItems": true,
	"hasLiquids": true,
	"solid": true,
	"outputsLiquid": true,
"outputLiquid": {"liquid": "润滑油","amount":6 },
"craftTime":60,
"pumpAmount": 0.1
"consumes": {
  "power": 3.0
		"items": {
			"items": [
				{ "item": "spore-pod", "amount": 2 }
			]
		}
  
}
"requirements": [
  thorium/45
  silicon/60
  titanium/35
]
"category": "crafting"
"research": "cultivator"
"idleSound": "respawning"
"idleSoundVolume": 0.5

}
