{
	"type": "LiquidConverter",
	"name": "孢子压榨机",
	"description": "利用水加工孢子得到润滑油。",
	"itemCapacity": 30,
	"result": "cryofluid",
	"outputLiquid": {"liquid": "润滑油","amount":12 },
	"size":3 ,
	"liquidCapacity": 100,
	"craftTime":160,
    "hasPower": true, 
	 "drawer": "DrawMixer", 
    "hasItems": true,
	"hasLiquids": true,
	"solid": true,
	"outputsLiquid": true,

	"consumes": {
		"power":9,
		"liquid": {"liquid":"water","amount":0.6,"booster":false}
"items": {
			"items": [
			{ "item": "spore-pod", "amount": 10 }
			]
		}
	},
	"requirements": [
		{ "item": "thorium", "amount": 155}
		{ "item": "silicon", "amount":110 }
		{ "item": "metaglass", "amount":85 }
		{ "item": "德伊曼纯金", "amount":50 }
	],
	"category": "crafting",//游戏界面分类
	"research": "孢子混合机"//科技树前一项
}