{
	"type": "GenericCrafter"
	"name": "潮重压缩台",
	"description": "高效的从煤沙中提取石墨，需要水来工作。",
	"health":550 ,
	"itemCapacity": 40,
	"outputItem": {"item": "graphite","amount":10},
	"size":4,
	"hasPower": true,
	"hasItems": true,
	"boostScale":0.05
	"craftTime": 60,
	"craftEffect":"fireballsmoke",
	"updateEffect": "fireballsmoke",
	"updateEffectChance": 0.1,
	
	"consumes": {
		"power": 1.2,
		"liquid": {"liquid":"water","amount":0.2,"booster":false}
		"items": {
			"items": [
				{ "item": "煤沙", "amount": 4}
			]
		}
	},
	"requirements": [
				{ "item": "铅板", "amount": 105}
				{ "item": "硅板", "amount": 75}
				{ "item": "钛板", "amount": 65}
				{ "item": "plastanium", "amount": 65}
				{ "item": "graphite", "amount": 80}
	],
	"category": "crafting",
	"research": "multi-press",
	"idleSound": "respawning",
	"idleSoundVolume": 0.5
}