{
	"type": "GenericSmelter"
	"name": "熔炼炉",
	"description": "用高温将散金融化成德伊曼纯金，会产生大量矿渣。",
	"health":225 ,
	"itemCapacity": 30,
	"outputItem": {"item": "德伊曼纯金","amount":4 },
	"outputLiquid": {"liquid": "slag", "amount": 48},
	"size":3 ,
	"hasItems": true,
	"hasLiquids": true,
	"craftTime": 160,
	"updateEffect": "smoke",
	"consumes": {
		"power": 2.5,
"liquid": {"liquid":"润滑油","amount":0.1,"booster":false}
		"items": {
			"items": [
                { "item": "散金", "amount": 8 }
			]
		}
	},
	"requirements": [
		{ "item": "铅板", "amount": 65 }
		{ "item": "散金", "amount":65 }
		{ "item": "德伊曼纯铁", "amount": 45 }
		{ "item": "silicon", "amount": 70 }
	],
	"category": "crafting",
	"research": "锻造炉",
	"idleSound": "respawning",
	"idleSoundVolume": 0.5
}