{
	"type": "Separator",
	"name": "电子分解机",//名字
	"description": "利用电子技术将陨土分解成新矿物",//介绍
	"itemCapacity": 10,//物品容量
	"size":3 ,//占地边长支持1~9对应贴图1x1=32x32像素.
	"craftTime":60,//工作时间60:1
	"results": [
				{ "item": "thorium", "amount": 1 }
				{ "item": "德伊曼纯银", "amount": 1 }
				{ "item": "德伊曼纯铁", "amount":  1}
		],//分离产物与物品一样
	"consumes": {
		"power":5.0,
"liquid": {"liquid":"water","amount":0.1,"booster":false}
"items": {
			"items": [
				{ "item": "陨土", "amount": 1 }
			]
		}
	},
  	"liquidCapacity":20 ,//液体容量
	"requirements": [
		{ "item": "graphite", "amount": 120}
		{ "item": "titanium", "amount":85 }
		{ "item": "plastanium", "amount":55 }
		{ "item": "metaglass", "amount":90 }
		
		
	],
	"category": "crafting",//游戏界面分类
	"research": "separator"//科技树前一项
}