{
	"type": "GenericSmelter",
	"name": "电解复制机",//名字
	"description": "利用电子元件合金将陨土分离成多个。",//介绍
	"itemCapacity": 10,//物品容量
	"outputItem": {"item": "陨土","amount":10 },
	"size":3 ,//占地边长支持1~9对应贴图1x1=32x32像素.
	"craftEffect":"hitLaser",
	"craftTime":160,//工作时间60:1
		"hasPower": true,
	"hasItems": true,
	"consumes": {
		"power":4.5,
		"liquid": {"liquid":"润滑油","amount":0.03,"booster":false}
"items": {
			"items": [
			{ "item": "德伊曼纯铁", "amount": 1 }
			{ "item": "plastanium", "amount": 1 }
			]
		}
	},
	"requirements": [
		{ "item": "lead", "amount": 150}
		{ "item": "titanium", "amount":85 }
		{ "item": "silicon", "amount":90 }
		{ "item": "plastanium", "amount":50 }
	],
	"category": "crafting",//游戏界面分类
	"research": "电子分解机"//科技树前一项
}