{
	"type": "GenericCrafter"
	"name": "重影压缩机",
	"description": "用石油和钛生产塑钢，需要大量石油。",
	"health":150 ,
	"itemCapacity": 40,
	"outputItem": {"item": "plastanium","amount":4 },
	"size":3 ,
	"hasPower": true,
	"hasItems": true,
	"craftTime": 100,
	"updateEffect": "smoke",
	"consumes": {
		"power": 2.5,
"liquid": {"liquid":"oil","amount":0.4,"booster":false}
		"items": {
			"items": [
                { "item": "titanium", "amount": 6 }
				
			]
		}
	},
	"requirements": [
		{ "item": "lead", "amount": 220 }
		{ "item": "graphite", "amount":120 }
		{ "item": "titanium", "amount": 120 }
		{ "item": "silicon", "amount": 160 }
		{ "item": "plastanium", "amount": 60 }
	],
	"category": "crafting",
	"research": "plastanium-compressor",
	"idleSound": "respawning",
	"idleSoundVolume": 0.5
}