{
  "name": "爆裂炸药库",
  "health":2000,
  "size": 2,
  "destructible":true,
  "solid":true,
  "baseExplosiveness":15000,
"breakSound":"boom",
  "destroyBullet": {
      "type":"BulletType",
      "instantDisappear":true,
      "speed":0,
      "fragBullets":15
"fragBullet": {
"type": "PointBulletType",
"despawnEffect": "instBomb",
"trailEffect": "none",
"speed": 0,
"lifetime": 30,
"splashDamage":800,
"splashDamageRadius": 80,
"lightning": 6,
"lightningDamage": 600,
"lightningLength": 100
"lightningColor":"E15452FF",
"hitEffect":{"type": "MultiEffect",
	        "effects": [
            {"type": "WaveEffect",
            "lifetime": 12,
            "sizeFrom": 1,
            "sizeTo": 10,
            "strokeFrom":7,
            "strokeTo": 0,
            "colorFrom": "E15452FF",
            "colorTo": "E15452FF"}]}}
  },
  "requirements": [
    "copper/16",
      ],
  "category": "defense",
  "research": ""
  "buildVisibility":"debugOnly"
}

