{
		"immunities": [
		
		"自毁"
	],
	"name": "蝇虫",
	"type": "missile",
	"template": "MissileUnitType",
		"engineOffset": 3,
	"engineSize": 3,
	"health": 1380,
	"armor": 6,
	"speed": 1,
	"lifetime": 600,
	"rotateSpeed": 2.5,
	"engineOffset": 0,
	"missileAccelTime": 60,
	"abilities": [
        {
        "type": "RepairFieldAbility"
        "amount":56
        "reload": 50
        "range": 1
    }
    {
			"type": "ShieldArcAbility",
			"radius": 60,
			"width": 4,
			"max": 400,
			"regen": 12,
			"cooldown": 60,
			"angle": -80,
			"angleOffset": 0
		},
		{
			"type": "ShieldArcAbility",
			"radius": 60,
			"width": 4,
			"max": 400,
			"regen": 12,
			"cooldown": 60,
			"angle": 80,
			"angleOffset": 0
		},
    {"type":"ArmorPlateAbility",
	"healthMultiplier":2}
    ],
	"weapons": [
	{	"name": "无",	
		"minShootVelocity": 1.5,
		"reload": 66 
	"shoot":{
	"shots":2},
	"inaccuracy": 15
	"shootStatusDuration": 30,//发射时给自己的状态时间
	"shootStatus": "静止",//发射时给自己的状态
		"x": 0,  "y": 0,
		"ignoreRotation":true,
		"rotate": true,
		"shootCone":120,
		"inaccuracy": 5,
		"mirror": false,
		"shootSound": "none",
		"bullet":{   
	"splashDamage":122,
	"splashDamageRadius":32,
	"status":"燃烧",
	"speed":3
	"lifetime":20,
	"width":9,	 "height":15,
	"hitEffect":"flakExplosion",
	"despawnEffect":"flakExplosion"
	"sprite":"missile-back",
            "homingPower": 0.1,
	}	}
	],
}