{
	"type": "mech",
	"name": " 精英尖刀",
	"description": "比普通的尖刀更加强力，但是过一段时间会自毁",
    "speed":  0.9,
    "hitSize": 12,
    "immunities": [
		
		"腐蚀"
	],
		"ammoType":{
	"type":"PowerAmmoType",
	"totalPower":2200},
	"ammoCapacity": 700
    "ammoResupplyAmount":1,/*弹药补给倍率 */
    "hidden":true
    "health": 1080,
    "armor": 3,
    "drag": 0.2,
    "rotateSpeed": 2.5,
    "itemCapacity": 30,
        "targetAir":true,  
    "targetGround":true,
        "abilities": [
        {
			"type": "StatusFieldAbility",
			"duration":2147483617,
			"reload": 1200,
			"range": 1,
			"applyEffect": "none",
			"activeEffect": {
				"type": "WaveEffect",
				"lifetime": 10,
				"sizeFrom": 8,
				"sizeTo": 40,
				"strokeFrom": 2,
				"strokeTo": 0,
				"colorFrom": "ffffff",
				"colorTo": "ffffff"
			},
			"effect": "自毁"
		}]
	"weapons":[{	"name": "精英尖刀0",	
		"reload":15,
        "x": 6,  "y": 1.5, 
        "rotate": false
        "inaccuracy": 0,
        "shootCone":12,
		"shoot":{
			"shots":2,
			"shotDelay":3
		},
		"shootSound": "pew",
		"alternate": true,
		"ejectEffect":"casing1",
		"bullet":{
	    "damage":19,	  
	    "speed":3,
	    "buildingDamageMultiplier":2.0,
	    "lifetime":50,
	    "width":7,	 "height":10
	}	}
]
}