{
	"type": "flying",
	"name": "幻影",
	"description": "向附近的地面敌人发射强化标准子弹，可以造成火灾",
			"immunities": [
			"潮湿"
		"冰冻"
		"腐蚀"
		"脆裂"
		"燃烧"
	],
	"hidden":true
	"speed": 2.6	
	"drag":0.05,"accel":0.1,
	"rotateSpeed":5,
	"lowAltitude":true
	"targetFlags": ["battery","core"],
	"ammoType":{
	"type":"PowerAmmoType",
	"totalPower":100},
	"ammoCapacity": 300,
	    "health": 540,
	"hitSize":10
	"flying": true,
	"faceTarget": true,
	"circleTarget": true,
	"armor":6
	"engineOffset": 6,
	"engineSize": 3,
	"itemCapacity": 0,
	"weapons": [
		{	"name": "无",	
		"reload":21,
        "x": 0,  "y": 0, 
        "rotate": true,
        "inaccuracy": 0,
		"shoot":{
			"shots":2
		},
		"shootSound": "pew",
		"rotateSpeed": 5,//炮台转头速度
		"alternate": true,
		"ejectEffect":"casing1",
		"bullet":{
		"buildingDamageMultiplier":2.0,
	    "damage":22 
	    "speed":3,
	    "lifetime":55,
	    "buildingDamageMultiplier":2.0,
	    "width":7,	 "height":10
	     "makeFire":true,
	}	}
	],
	
	"abilities": [
        {
			"type": "StatusFieldAbility",
			"duration":2147483617,
			"reload": 2400,
			"range": 1,
			"applyEffect": "none",
			"effect": "自毁"
		}]/*
		"weapons":[{	"name": "无",	
		"reload":15,
        "x": 0 "y": 0
        "rotate": true,
        "inaccuracy": 0,
        "shootCone":12,
        "shootSound": "pew",
		"rotateSpeed": 24
		"ejectEffect":"casing1",
		"shoot":{
			"shots":3
			"shotDelay":3
		},
		"bullet":{
	    "damage":22
	    "speed":3,
	    "lifetime":65
	    "width":7,	 "height":16
	    "makeFire":true,
	}	
	}
]*/
}
