{
	"type": "payload",
	"payloadCapacity": 5184,
	"name": "星罗",
	"controller": "FlyingFollowAI",
	"speed": 1.25
	"drag": 0.09
	"accel": 0.02,
	"rotateSpeed": 1.3
	"immunities": [
		"burning","electrified","freezing",
		"melting","muddy","sapped",
		"shocked","slow","unmoving",
	],
	"ammoType": {
		"type": "PowerAmmoType",
		"totalPower": 15000
	},
	"hitSize": 98,
	"buildSpeed": 5.25
	"buildBeamOffset": 18
	"flying": true,
	"faceTarget": false,
	"health": 160000,
	"armor": 38
	"engineOffset":33
	"engineSize":15
	"researchCostMultiplier": 1
	"research": "oct"
	"lowAltitude": true,
	"abilities": [
{
			"type": "ForceFieldAbility",
			"radius": 178
			"max": 8000,
			"regen":1
			"cooldown": 300
		}
	{
        "type": "RegenAbility",
        "percentAmount": 0.007
    }
	{
			"type": "StatusFieldAbility",
			"duration":200,
			"reload": 80,
			"range": 380
			"applyEffect": "none",
			"activeEffect": {
				"type": "WaveEffect",
				"lifetime":20
				"sizeFrom":20
				"sizeTo": 240,
				"strokeFrom":7
				"strokeTo": 0,
				"colorFrom": "97FFA8",
				"colorTo": "97FFA800"
			},
			"effect": "辅助"
		}
		{
		"type": "SuppressionFieldAbility",
		"range": 240,
		"reload": 40,
		"y":5.3
		"color": "97FFA8",
		"orbRadius":10.5
		"orbMidScl": 0.3,
		"particles": 12
		"particleColor": "97FFA8",
		"particleLife":42
		"particleLen": -9
		"particleSize":2.2
		"applyParticleChance": 0.5
	}
		{
			"type": "EnergyFieldAbility",
			"damage": 250
			"reload": 80
			"range": 380
			"healPercent":6.2
			"effectRadius":6
			"sectors":3
			"sectorRad": 1.5
			"sameTypeHealMult":0
			"damageEffect": "chainLightning",
			"status": "短路",
			"shootSound": "shotgun",
			"statusDuration": 300
			"x": 0,
			"y": 5.3
			"maxTargets":12
		}
	]
	"weapons":[
	        {
			"name": "星罗2"
			"x":-24.75
			"y":0
			"inaccuracy":22
			"shootCone":30
			"mirror":true
			"shoot": {
				"type": "ShootMulti",
				"source": {}
				"dest": [
					{
						"type": "ShootHelix",
						"shots": 32
					},
				]
			}
			"shootSound": "laser",
			"shootY": 4
			"shake": 4
			"rotate": true
			"rotationLimit":20
			"rotateSpeed":5
			"reload":180
			"cooldownTime":90
			"alternate": true,
			"bullet": {
			"type": "LaserBoltBulletType"
            "width": 3
            "speed": 7
            "price":true
            "priceCap":4
            "lifetime": 45
            "splashDamageRadius":5
		    "splashDamage":3
		    "pierceArmor": true
		    "knockback": 0.02
            "damage": 20
            "collidesTeam": true
            "shrinkY": 0
            "healPercent": 3
            "backColor": "97ffa8"
            "frontColor": "ffffff"
            "hitColor": "97ffa8"
            "trailWidth": 0.9
            "trailLength": 6
            "trailColor": "97ffa8"
			}
		}
	    {
			"name": "星罗1",
			"x":0,
			"y":4
			"inaccuracy": 0,
			"shootCone":20 
			"mirror":false
			"shootSound": "laser",
			"shootY": 5,
			"shake": 5,
			"rotate": false
			"rotateSpeed":0
			"reload": 680
			"cooldownTime": 60,
			"alternate": true,
			"bullet": {
				"type": "EmpBulletType",
				"sprite": "circle-bullet",
				"width": 20
				"height": 20
				"shrinkY": 0,
				"healPercent": 25
				"speed": 8
				"lifetime": 62
				"damage":100
				"radius": 100,
				"splashDamageRadius": 80
				"splashDamage": 50
				"timeIncrease":300
				"powerDamageScl": 20
				"unitDamageScl": 10
				"hitUnits": true,
				"scaleLife": true,
				"status": "electrified",
				"statusDuration": 350
				"frontColor": "97FFA8",
				"backColor": "97FFA8",
				"trailLength": 100
				"trailWidth": 8
				"trailColor": "97FFA8",
				"trailChance": 0.4
				"trailInterval": 5
				"trailRotation": true,
				"trailEffect": {
				"type": "MultiEffect",
				"effects": [
				{
					"type": "ParticleEffect",
					"particles": 3,
					"line": true,
					"strokeFrom": 1.3,
					"strokeTo": 1.3,
					"lenFrom": 13,
					"lenTo": 0,
					"sizeInterp": "pow10In",
					"interp": "pow5Out",
					"length": -80,
					"baseLength": 0,
					"lifetime": 32,
					"colorFrom": "97FFA8",
					"colorTo": "97FFA8",
					"cone": 11
					}
					{
					"type": "ParticleEffect",
					"particles": 1,
					"line": true,
					"strokeFrom": 1.3,
					"strokeTo": 3,
					"lenFrom": 3,
					"lenTo": 0,
					"sizeInterp": "pow10In",
					"interp": "pow5Out",
					"length": -80,
					"baseLength": 0,
					"lifetime": 50,
					"colorFrom": "97FFA8",
					"colorTo": "97FFA8",
					"cone": 10
					}
				]
				},
				"hitShake": 8
				"shootEffect": "hitEmpSpark",
				"smokeEffect": "shootBigSmoke2",
				"hitSound": "plasmaboom",
				"despawnEffect": {
					"type": "ParticleEffect",
					"particles": 19,
					"line": true,
					"strokeFrom": 3,
					"strokeTo": 0,
					"lenFrom": 80,
					"lenTo": 0,
					"length": 80,
					"baseLength": 3,
					"lifetime": 22,
					"colorFrom": "97FFA8",
					"colorTo": "97FFA8"
				}
				"fragBullets": 16
				"fragLifeMin":0.1
				"fragLifeMax":0.8
				"fragBullet": {
					"type": "MissileBulletType",
					"width": 10
					"height": 10
					"shrinkY": 0,
					"frontColor": "FFFFFF",
					"backColor": "97FFA8",
					"collidesTeam": true,
					"healPercent": 2.8,
					"trailChance": -1
					"trailLength": 18
					"trailWidth": 2
					"trailColor": "97FFA8",
					"speed": 8
					"lifetime": 28
					"damage": 22
					"splashDamageRadius": 20
					"splashDamage": 10
					"hitEffect": {
						"type": "ExplosionEffect",
						"lifetime": 20,
						"waveStroke": 2,
						"waveColor": "97FFA8",
						"waveRad": 12,
						"smokes": 0,
						"sparkColor": "97FFA8",
						"sparks": 9,
						"sparkRad": 35,
						"sparkStroke": 1.5,
						"sparkLen": 4
					},
					"status": "electrified",
					"statusDuration": 60
				}
				"hitEffect": {
					"type": "MultiEffect",
					"effects": [
						{
							"type": "WaveEffect",
							"lifetime": 55,
							"sizeFrom": 100,
							"sizeTo": 100,
							"strokeFrom": 8,
							"strokeTo": 0,
							"colorFrom": "97FFA8",
							"colorTo": "97FFA8"
						},
						{
							"type": "ParticleEffect",
							"particles": 7,
							"sizeFrom": 18,
							"sizeTo": 0,
							"sizeInterp": "pow5In",
							"interp": "pow10Out",
							"length": 98,
							"baseLength": 10,
							"lifetime": 55,
							"colorFrom": "97FFA880",
							"colorTo": "97FFA880"
						},
						{
							"type": "ParticleEffect",
							"particles": 1,
							"sizeFrom": 10,
							"sizeTo": 0,
							"length": 0,
							"baseLength": 0,
							"lifetime": 106,
							"colorFrom": "97FFA8",
							"colorTo": "97FFA8"
						},
						{
							"type": "ParticleEffect",
							"particles": 1,
							"sizeFrom": 100,
							"sizeTo": 100,
							"length": 0,
							"baseLength": 0,
							"lifetime": 15,
							"colorFrom": "97FFA8ec",
							"colorTo": "97FFA800"
						}
					]
				}
			}
		}
	    {
			"name": "灾星2",
			"type": "RepairBeamWeapon",
			"x": 8
			"y": -10
			"shootY": 6,
			"beamWidth": 0.88,
			"mirror": true
			"repairSpeed": 1.8
			"bullet": {
				"maxRange": 180
			}
		}
		{
			"name": "江豚1",
			"x": 44
			"y": 0
			"rotate": true,
			"rotateSpeed": 4
			"inaccuracy": 2
			"shootSound": "missile",
			"reload": 150
			"shoot": {
				"shots":3
				"shotDelay":10
			},
			"bullet": {
				"type": "BasicBulletType",
				"height": 16,
				"width": 10,
				"damage":50
				"shrinkY": 0,
				"weaveScale": 8
				"weaveMag": 1,
				"keepVelocity": false,
				"absorbable": false,
				"homingDelay": 50,
				"homingPower": 0.1
				"homingRange": 100
				"splashDamageRadius": 42
				"splashDamage": 38
				"sprite": "missile-large",
				"frontColor": "FFFFFF",
				"backColor": "97FFA8",
				"collidesTeam": true,
				"healPercent": 3
				"trailLength": 40
				"trailWidth": 2,
				"trailColor": "97FFA8",
				"speed": 1.2
				"lifetime": 90
				"drag": -0.012
				"hitEffect": {
					"type": "ExplosionEffect",
					"lifetime": 28,
					"waveStroke": 6,
					"waveLife": 10,
					"waveRadBase": 7,
					"waveColor": "97FFA8",
					"waveRad": 30,
					"smokes": 6,
					"smokeColor": "FFFFFF",
					"sparkColor": "97FFA8",
					"sparks": 6,
					"sparkRad": 35,
					"sparkStroke": 1.5,
					"sparkLen": 4
				},
				"smokeEffect": "none",
				"hitSound": "plasmaboom",
				"fragBullets":6
				"fragVelocityMin": 0.3,
				"fragBullet": {
					"type": "MissileBulletType",
					"width": 8,
					"height": 8,
					"shrinkY": 0,
					"frontColor": "FFFFFF",
					"backColor": "97FFA8",
					"collidesTeam": true,
					"healPercent": 2.8,
					"trailChance": -1,
					"trailLength": 20,
					"trailWidth": 2.2,
					"trailColor": "97FFA8",
					"speed": 5
					"lifetime": 40
					"damage": 9
					"splashDamageRadius": 15
					"splashDamage": 10
					"ammoMultiplier": 5,
					"hitEffect": {
						"type": "ExplosionEffect",
						"lifetime": 20,
						"waveStroke": 2,
						"waveColor": "97FFA8",
						"waveRad": 12,
						"smokes": 0,
						"sparkColor": "97FFA8",
						"sparks": 9,
						"sparkRad": 35,
						"sparkStroke": 1.5,
						"sparkLen": 4
					},
					"status": "electrified",
					"statusDuration": 500
				}
			}
		}
		{
			"name": "江豚1",
			"x": 16
			"y": -32
			"rotate": true,
			"rotateSpeed": 3
			"inaccuracy": 7
			"shootSound": "missile",
			"reload": 200
			"shoot": {
				"shots":2
				"shotDelay":20
			},
			"bullet": {
				"type": "BasicBulletType",
				"height": 16,
				"width": 10,
				"damage":50
				"shrinkY": 0,
				"weaveScale": 8
				"weaveMag": 1,
				"keepVelocity": false,
				"absorbable": false,
				"homingDelay": 50,
				"homingPower": 0.1
				"homingRange": 100
				"splashDamageRadius": 42
				"splashDamage": 38
				"sprite": "missile-large",
				"frontColor": "FFFFFF",
				"backColor": "97FFA8",
				"collidesTeam": true,
				"healPercent": 3
				"trailLength": 40
				"trailWidth": 2,
				"trailColor": "97FFA8",
				"speed": 1.2
				"lifetime": 90
				"drag": -0.012
				"hitEffect": {
					"type": "ExplosionEffect",
					"lifetime": 28,
					"waveStroke": 6,
					"waveLife": 10,
					"waveRadBase": 7,
					"waveColor": "97FFA8",
					"waveRad": 30,
					"smokes": 6,
					"smokeColor": "FFFFFF",
					"sparkColor": "97FFA8",
					"sparks": 6,
					"sparkRad": 35,
					"sparkStroke": 1.5,
					"sparkLen": 4
				},
				"smokeEffect": "none",
				"hitSound": "plasmaboom",
				"fragBullets": 8
				"fragVelocityMin": 0.3,
				"fragBullet": {
					"type": "MissileBulletType",
					"width": 8,
					"height": 8,
					"shrinkY": 0,
					"frontColor": "FFFFFF",
					"backColor": "97FFA8",
					"collidesTeam": true,
					"healPercent": 2.8,
					"trailChance": -1,
					"trailLength": 20,
					"trailWidth": 2.2,
					"trailColor": "97FFA8",
					"speed": 5
					"lifetime": 40
					"damage": 9
					"splashDamageRadius": 15
					"splashDamage": 10
					"ammoMultiplier": 5,
					"hitEffect": {
						"type": "ExplosionEffect",
						"lifetime": 20,
						"waveStroke": 2,
						"waveColor": "97FFA8",
						"waveRad": 12,
						"smokes": 0,
						"sparkColor": "97FFA8",
						"sparks": 9,
						"sparkRad": 35,
						"sparkStroke": 1.5,
						"sparkLen": 4
					},
					"status": "electrified",
					"statusDuration": 500
				}
			}
		}
	]
}