{
    "health":78000,
    "legSplashDamage":88,
    "legSplashRange":60,
    "weapons":[    
    {
    "name": "毒蛊1",
    "shoot": {
        "type": "ShootSpread",
        "shots": 6,
        "spread": 5},
	"reload":20,     
    "x":11,  "y":-5, 
	"shootY":7,
	"rotate": true,
    "rotateSpeed":2,
    "inaccuracy": 0,
	"alternate": true,
    "ejectEffect":"casing1",
	"shootSound":"shootBig",
	"shake":4,
	"bullet":{
"type": "ShrapnelBulletType",
"damage":120,
"lifetime":15,
"length":160,
"width":20,
"serrationLenScl":7,
"serrationSpaceOffset":60,
"serrationFadeOffset":0,
"serrations":10,
"serrationWidth":6,
"statusDuration":300,
"status":"sapped",
"fromColor":"A278E31FF",
"toColor":"665C9FFF",
"shootEffect":{"type": "ParticleEffect",
    "particles": 8,
    "line":true,
    "length": 45,
    "baseLength": 0,
    "lifetime": 15,
    "colorFrom": "A278E1FF",
    "colorTo": "665C9FFF",
    "cone": 60},
    "smokeEffect": "sparkShoot"
    }
    },
    {
    "name":"天蝎1",
    "top":true,
    "shootY":22,
    "reload":120,
    "mirror":false,
    "ejectEffect":"casing3",
    "rotationLimit":80,
    "recoil":10,
    "shake":10,
    "x":0,"y":-14,
    "rotateSpeed":2,
    "shootSound":"artillery",
    "bullet":{
    "type": "ArtilleryBulletType",
    "shootEffect":"shootSmall",
    "smokeEffect":"shootBigSmoke2",
    "speed":3,
    "lifetime":85,
    "width":25,
    "height":25,
    "frontColor":"ffffff",
    "backColor":"A278E1FF",
    "collidesTiles":true,
    "ammoMultiplier":4,
	"damage": 300,
    "splashDamageRadius":100,
    "splashDamage":400,
    "knockback":2,
    "hitShake":10,
    "lightningColor":"A278E1FF",
    "lightningDamage":30,
    "lightning":5,
    "lightningLength":35,
    "hitEffect":{"type": "MultiEffect",
	"effects": [
	{"type": "ParticleEffect",
    "particles": 18,
    "sizeFrom": 11,
    "sizeTo": 0,
    "length": 55,
    "baseLength": 43,
    "lifetime": 35,
    "colorFrom": "A278E180",
    "colorTo": "A278E100",
    "cone": 360},
    {"type": "WaveEffect",
    "lifetime": 12,
    "sizeFrom": 1,
    "sizeTo": 100,
    "strokeFrom": 3.6,
    "strokeTo": 0,
    "colorFrom": "A278E1FF",
    "colorTo": "ffffff"}]},
	"status":"sapped",
    "statusDuration":600,
	"despawnEffect":"none",
	
	
	
    "fragBullets":30,
    "fragLifeMin":0.3,
    "fragBullet":{
            "type": "ArtilleryBulletType",
            "speed":2.3,
            "lifetime":90,
            "width":19,
            "height":19,
            "frontColor":"ffffff",
            "backColor":"A278E1FF",
            "collidesTiles":false,
            "damage": 32,
            "splashDamageRadius":50,
            "splashDamage":60,
            "knockback":1,
            "hitShake":5,
            "lightningColor":"A278E1FF",
            "lightningDamage":8,
            "lightning":2,
            "lightningLength":5,
            "hitEffect":{"type": "MultiEffect",
            "effects": [
            {"type": "ParticleEffect",
            "particles": 12,
            "sizeFrom": 9,
            "sizeTo": 0,
            "length": 35,
            "baseLength": 23,
            "lifetime": 35,
            "colorFrom": "A278E180",
            "colorTo": "A278E100",
            "cone": 360
            },
            {"type": "ParticleEffect",
            "particles": 1,
            "sizeFrom": 16,
            "sizeTo": 0,
            "length": 0,
            "baseLength": 0,
            "lifetime": 30,
            "interp": "swingIn",
            "colorFrom": "A278E1FF",
            "colorTo": "A278E1FF",
            "cone": 360
            },
            {"type": "WaveEffect",
            "lifetime": 10,
            "sizeFrom": 1,
            "sizeTo": 50,
            "strokeFrom": 2,
            "strokeTo": 0,
            "colorFrom": "A278E1FF",
            "colorTo": "ffffff"
            }
            ]
            },
            "status":"sapped",
            "statusDuration":60,
            "despawnEffect":"none"
            "fragBullets":1
            "fragBullet":{
"collidesTeam":false,
"collidesAir":false,
"collidesGround":false,
"collideFloor":false,
"collides":false,
"collideTerrain":false,
"absorbable":false,//受力墙影响
"hittable":false,//被分解
"reflectable":false,//被反弹
"damage":0,
"speed":0,
"lifetime":30
"hitEffect":"none"
"despawnEffect":"none"
"fragBullets":1
"fragLifeMin":0.75,
"fragBullet":{
"damage":50,
"speed":0,
"lifetime":0.1
"splashDamageRadius":40,
"splashDamage":150,
"despawnEffect":"none"
"hitShake":3,
"hitEffect":{
"type": "MultiEffect",
            "effects": [
            {"type": "ParticleEffect",
            "particles": 6,
            "sizeFrom": 6,
            "sizeTo": 0,
            "length": 35,
            "baseLength": 10,
            "lifetime": 35,
            "colorFrom": "A278E180",
            "colorTo": "A278E100",
            "cone": 360
            },
            {"type": "WaveEffect",
            "lifetime": 10,
            "sizeFrom": 1,
            "sizeTo": 40,
            "strokeFrom": 2
            "strokeTo": 0,
            "colorFrom": "A278E1FF",
            "colorTo": "ffffff"
            }
            ]
}
            }
    }}
}
}
{"name":"血蛭2",
    "top":false,
    "shootY":4,
    "reload":8,
    "ejectEffect":"none",
    "recoil":2,
    "rotate":true,
    "x":4,"y":3,
    "shootSound":"sap",
    "bullet":{
    "type": "SapBulletType",
    "shootEffect":"shootSmall",
    "lifetime":30,
    "sapStrength":1,
    "length":120,
    "width":0.5,
    "knockback":-2.5,
    "statusDuration":600,
	"status":"sapped",	
	"damage": 40,
    "color":"A278E1FF",
    "lightColor":"A278E1FF",
	"hitColor":"bf92f9",
	"despawnEffect":"none"
    }}
    {	"name": "血蛭2",	
	"reload": 60,     
    "x": 10,  "y": -2, 
	"shootY":9,
	"rotate": true,
    "rotateSpeed":1.5,
    "inaccuracy": 0,
	"alternate": true,  
	"shake":3,
	"shootSound":"laser",
	"bullet":{
"type": "LaserBulletType",	
"damage":75,
"sideAngle":20,
"sideWidth":1,
"sideLength":40,
"smokeEffect": "bigShockwave",
"colors":["A278E1FF", "A278E1FF", "FFFFFF"],
"width":25,	 "length":180
	}
	}
]
}