{
    "type": "PowerTurret",
    "name": "2a",
    "description": "发射最普通的子弹",
    "targetGround": true,
    "health": 100,
    "size": 1,
    "shake": 0,
    "inaccuracy": 0,
    "recoil": 0,
        "reload": 60,
    "rotateSpeed": 8,
    "range": 120,
    "category": "turret",
	"research": {	
	"alwaysUnlocked":false,//科技树默认解锁
	"parent": "1a"//科技树前置
	"requirements": [//研究花费
    "copper/1",
	]	},
    "shootType": {
"type":"BasicBulletType",//基础子弹
"absorbable":true,//受力墙影响
"hittable":true,//被分解
"reflectable":true,//被反弹
"lifetime": 30,//存在时间，帧
"speed":4,
"damage":20,//伤害
"shrinkX":0,"shrinkY":0,
"height":8,"width":8,
"hitSize":8,//子弹碰撞箱大小
    },
"requirements": [
		{ "item": "copper", "amount":40},
	],
	"category": "turret",
}