{
    "type":"PowerNode",
    "name":"映射节点",
	"description":"有映射水晶制成的电力节点，有较远的连接距离",
    "health":300,
	"size":1,
    "maxNodes":10,
    "laserRange":20,
	"research":"轻型激光节点",
	"requirements": [
	{"item": "虚空石", "amount": 10},
	{"item": "映射水晶", "amount": 1},
	],
	"hasPower":true,
	"consumesPower": true,
		"consumes":{
	    "powerBuffered": 1200
	    },
	"outputsPower": true,
	"category":"power"
	"researchCostMultiplier": 0.2,
	    "canOverdrive": false,
}