{
	"type": "naval",
	"name": "撼天",
	"speed": 0.2,
	"rotateSpeed": 1,
	"hitSize": 100
	"health": 9000,
	"armor": 29,
	"trailLength": 130
	"outlineColor": "343434FF",
	"description": "敌方强力海上战列舰，出没在边陲海湾，竭尽全力抹杀它！",
	"immunities": [
  "辐射"
],
		"weapons": [
		{
  "name":"撼天主武器2",
  "x":0,
  "y":-24,
  
  "shootSound":"plasmadrop",
  "mirror": false,
  "shootCone":100,
  "shootStatusDuration":220,
  "shootStatus":"缓慢1",
  
  "minWarmup":0.9,
  "shootWarmupSpeed":0.02,
  "rotate":true,
  "inaccuracy": 0,
  "reload": 1480,
  
  "shoot":{
 "firstShotDelay": 200
	}
	
	"bullet":{
	"type": "ArtilleryBulletType",
	"speed": 1,
	"lifetime": 500,
	"fragBullets": 1,
	"trailEffect": "none",
	
	"parts": [
  {
					"type":"ShapePart",
					"circle":true,
					"hollow":true,
					"mirror":false,
					"x":0,"y":0,

					"stroke":4,
					"strokeTo":4,
					"radius":15,
					"radiusTo":15,
					"color":"FF7B54FF",
					"colorTo":"FF7B54FF",
					"layer":110
				},
				{
					"type":"HaloPart",
					"tri":true,
					"mirror":false,
					"x":0,"y":0,

					"shapes":2,
					"haloRotateSpeed":-0.4,
					"triLength":0,
					"triLengthTo":15.5,
					"radius":15,
					"radiusTo":15,
					"haloRadius":15,
					"haloRadiusTo":15,
					"color":"FF7B54FF",
					"colorTo":"FF7B54FF",
					"layer":110
				},
				{
					"type":"ShapePart",
					"circle":true,
					"hollow":false,
					"mirror":false,
					"x":0,"y":0,

					"radius":15,
					"radiusTo":15,
					"color":"343434FF",
					"colorTo":"343434FF",
					"layer":75
				},
				]
	
	"chargeEffect":{
    "type": "MultiEffect",
    		"effects": [
    		
    		{
			"type":"ParticleEffect",
			"particles":1,
			"sizeFrom":0,
			"sizeTo":8,
			"layer":75,
			"region":"circle",
			"interp":"swing",
			"lifetime":200,
			"colorFrom":"343434FF",
			"colorTo":"343434FF"
			}
			{
			"type":"WaveEffect",
			"lifetime":200,
			"sizeFrom":0,
			"sizeTo":10,
			"lightColor":"BF92F9FF",
			"interp":"circleOut",
			"strokeFrom":10,
			"strokeTo":10,
			"colorFrom":"FF7B54FF",
			"colorTo":"FF7B54FF"
			},
    		{
						"type": "ParticleEffect",
						"particles": 13,
						"baseLength": 100,
						"length": -100,
						"strokeFrom": 36,
						"strokeTo": 1,
						"interp": "pow5In",
						"lifetime": 90,
						"colorFrom": "FF7B54FF",
						"colorTo": "FF7B54FF"
					},
					{
			"type":"WaveEffect",
			"lifetime":90,
			"sizeFrom":100,
			"sizeTo":0,
			"lightColor":"BF92F9FF",
			"interp":"circleOut",
			"strokeFrom":9,
			"strokeTo":6,
			"colorFrom":"FF7B54FF",
			"colorTo":"FF7B54FF"
			},
			{
			"type":"WaveEffect",
			"lifetime":90,
			"sizeFrom":100,
			"sizeTo":0,
			"lightColor":"BF92F9FF",
			"interp":"circleOut",
			"startDelay":100
			"strokeFrom":9,
			"strokeTo":6,
			"colorFrom":"FF7B54FF",
			"colorTo":"FF7B54FF"
			},
					{
						"type": "ParticleEffect",
						"particles": 13,
						"baseLength": 100,
						"length": 100,
						"startDelay":100
						"strokeFrom": 36,
						"strokeTo": 1,
						"interp": "pow5In",
						"lifetime": 90,
						"colorFrom": "FF7B54FF",
						"colorTo": "FF7B54FF"
					},
					]
					}
					
					"hiteffect":
		{
		"type":"multiEffect",
		"effects":[
		{
			"type":"ParticleEffect",
			"particles":1,
			"sizeFrom":30,
			"sizeTo":30,
			"length":0,
			"layer":75,
			"region":"circle",
			"interp":"swing",
			"lifetime":100,
			"colorFrom":"343434FF",
			"colorTo":"343434FF"
			}
			{
			"type":"WaveEffect",
			"lifetime":100,
			"sizeFrom":30,
			"sizeTo":30,
			"interp":"circleOut",
			"strokeFrom":5,
			"strokeTo":5,
			"colorFrom":"FF7B54FF",
			"colorTo":"FF7B54FF"
			},
			]
			},
	
	"despawnEffect":
		{
		"type":"multiEffect",
		"effects":[
		{
			"type":"ParticleEffect",
			"particles":1,
			"sizeFrom":30,
			"sizeTo":30,
			"length":0,
			"layer":75,
			"region":"circle",
			"interp":"swing",
			"lifetime":100,
			"colorFrom":"343434FF",
			"colorTo":"343434FF"
			}
			{
			"type":"WaveEffect",
			"lifetime":100,
			"sizeFrom":30,
			"sizeTo":30,
			"interp":"circleOut",
			"strokeFrom":5,
			"strokeTo":5,
			"colorFrom":"FF7B54FF",
			"colorTo":"FF7B54FF"
			},
			]
			},
	
	"fragBullet":{
	"type":"FlakBulletType",
	"speed": 0,
	"lifetime": 100,
	"collideGround":false
	
	"width":0,
	"height":0,
	
	"intervalBullets":4
	"bulletInterval":108
	"intervalRandomSpread":360
	"intervalBullet":{
	"type": "PointBulletType"
        "speed": 1
        "lifetime": 40
        
        "despawnEffect": {
          "type": "MultiEffect"
          "effects": [
            {
              "type": "ParticleEffect"
              "lifetime": 30
              "particles": 1
              "cone": 360
              "randLength": false

              "baseLength": 0
              "length": 0
              "sizeFrom": 4
              "sizeTo": 0
              "colorFrom": "CD6240"
              "colorTo": "CD6240"
            },
            {
              "type": "WaveEffect"
              "lifetime": 22

              "sizeFrom": 0
              "sizeTo": 56,
              "strokeFrom": 1.2,
              "strokeTo": 1.2,
              "colorFrom": "CD6240"
              "colorTo": "CD6240"
            },
            {
              "type": "ParticleEffect"
              "sizeInterp": "pow10In",
              "interp": "pow5Out",
              "lifetime": 50
              "particles": 12,
              "cone": 360

              "baseLength": 8
              "length": 56
              "sizeFrom": 12
              "sizeTo": 0
              "colorFrom": "E0543860"
              "colorTo": "E0543840"
            }
          ]
        },

        "hitShake": 18,
        "damage": 150,
        "splashDamage": 120,
        "splashDamageRadius": 56

        "trailSpacing": 8
        "trailEffect": {
          "type": "MultiEffect"
          "effects": [
            {     
              "type": "ParticleEffect"
              "sizeInterp": "pow10In",
              "interp": "pow10In",

              "particles": 2
              "sizeFrom": 3
              "sizeTo": 0
              "length": 12
              "lifetime": 16
              "baseLength": 12
              "colorFrom": "CD6240"
              "colorTo": "CD6240"
            }
            {
              "type": "ParticleEffect"
              "randLength": false
              "line":true
              "lenFrom": 12,
              "lenTo": 12,
              "strokeFrom": 7
              "strokeTo": 0
              "length": 0
              "baseLength": 1
              "lifetime": 22,
              "colorFrom": "CD6240"
              "colorTo": "CD6240"
              "cone": 0
            }
          ]
	}
	}
	"spawnBullets":[
	{
	"type":"FlakBulletType",
	"speed": 0,
	"lifetime": 100,
	"collideGround":false
	
	"width":0,
	"height":0,
	
	"intervalBullets":15
	"bulletInterval":1
	"intervalRandomSpread":360
	"intervalBullet":{
         "type":"SapBulletType",
         "layer": 30,
         "damage":10
         "knockback": -15
         "sapStrength": 0,
         "length":200,
         "color":"00000000",
         "despawnEffect":"none"
         "hitEffect":"none"
         "statusDuration":0,
	}
	}
	]
	}
	}
	}
		{
  "name":"撼天主武器",
  "x":0,
  "y":-30,
  "shootSound":"plasmadrop",
  "chargeSound":"lasercharge2",
  "mirror": false,
  "reload": 480,
  "shootCone":100,
  
  "minWarmup":0.9,
  "shootWarmupSpeed":0.02,
  "rotate":true,
  "inaccuracy": 50,
  "reload": 480,
  
  "shoot":{
  "shots":40,
  "shotDelay":10
	}
  
  "parts": [
  {
					"type":"ShapePart",
					"circle":true,
					"hollow":true,
					"mirror":false,
					"x":0,"y":0,
					"moveX":0,
					"moveY":12,

					"stroke":0,
					"strokeTo":4,
					"radius":0,
					"radiusTo":6,
					"color":"FF7B54FF",
					"colorTo":"FF7B54FF",
					"layer":110
				},
			{
			"type": "FlarePart",
			"x":0,
			"y":-16,
			"layer":110
		"progress": {//移动
		"type":"warmup",
		"op":"blend",
		"other":"reload",
		"amount":0.6
	}
			"color1": "FF7B54FF",
			"stroke": 4,//三角形宽
			"radius": 60,//三角形长
			"radiusTo": 60//三角形最大长度
		}
		{
					"type":"HaloPart",
					"tri":true,
					"mirror":false,
					"x":0,"y":0,
					"moveY":12

					"shapes":2,
					"haloRotateSpeed":-0.8,
					"triLength":0,
					"triLengthTo":10.5,
					"radius":0,
					"radiusTo":8,
					"haloRadius":0,
					"haloRadiusTo":8,
					"color":"FF7B54FF",
					"colorTo":"FF7B54FF",
					"layer":110
				},
				{
					"type":"ShapePart",
					"circle":true,
					"hollow":true,
					"mirror":false,
					"x":0,"y":-2,
					"moveX":0,
					"moveY":0,

					"stroke":0,
					"strokeTo":3,
					"radius":0,
					"radiusTo":16,
					"color":"FF7B54FF",
					"colorTo":"FF7B54FF",
					"layer":74
				},
				{
					"type":"ShapePart",
					"circle":true,
					"hollow":false,
					"mirror":false,
					"x":0,"y":0,
					"moveX":0,
					"moveY":12,

					"radius":0,
					"radiusTo":6,
					"color":"343434FF",
					"colorTo":"343434FF",
					"layer":75
				},
				]
      
     "bullet":{
     "type":"BasicBulletType",
		"sprite":"missile-large",
		
		"lifetime":24,
		"speed":10,
		"width":6,
		"height":16.
		"frontColor":"FFFFFF",
		"backColor":"FF7B54FF",
		"trailColor":"FF7B54FF",
		"trailWidth":2.4,
		"trailLength":8,
		"shootEffect":"none",
		"smokeEffect":"none",
     
		"damage":20
		"buildingDamageMultiplier":1.2
		"pierceBuilding": true,
		"homingPower":0.35,
		"homingRange":60,
		"homingDelay":9,
		"splashDamage":15,
		"splashDamageRadius":25,
		
		"hiteffect":
		{
		"type":"multiEffect",
		"effects":[
		{
			"type":"ParticleEffect",
			"particles":1,
			"sizeFrom":6,
			"sizeTo":0,
			"length":0,
			"layer":110,
			"region":"circle",
			"interp":"swing",
			"lifetime":38,
			"colorFrom":"343434FF",
			"colorTo":"343434FF"
			}
			{
			"type":"WaveEffect",
			"lifetime":35,
			"sizeFrom":0,
			"sizeTo":23,
			"lightColor":"BF92F9FF",
			"interp":"circleOut",
			"strokeFrom":5,
			"strokeTo":0,
			"colorFrom":"FF7B54FF",
			"colorTo":"FF7B54FF"
			},
			]
			},
			
			"despawnEffect":
		{
		"type":"multiEffect",
		"effects":[
		{
			"type":"ParticleEffect",
			"particles":1,
			"sizeFrom":6,
			"sizeTo":6,
			"length":0,
			"layer":110,
			"region":"circle",
			"interp":"swing",
			"layer":75
			"lifetime":38,
			"colorFrom":"343434FF",
			"colorTo":"343434FF"
			}
			{
			"type":"WaveEffect",
			"lifetime":35,
			"sizeFrom":0,
			"sizeTo":23,
			"lightColor":"BF92F9FF",
			"interp":"circleOut",
			"strokeFrom":5,
			"strokeTo":0,
			"colorFrom":"FF7B54FF",
			"colorTo":"FF7B54FF"
			},
			{
			"type":"WaveEffect",
			"lifetime":35,
			"sizeFrom":5,
			"sizeTo":5,
			"lightColor":"BF92F9FF",
			"interp":"circleOut",
			"strokeFrom":3,
			"strokeTo":2,
			"colorFrom":"FF7B54FF",
			"colorTo":"FF7B54FF"
			},
			]
			},
			
		}
		}
		{
  "name":"撼天武器2",
  "x":26,
  "y":-26,
  "shootSound":"plasmadrop",
  "mirror": true,
  "reload": 120,
  "shootCone":20,
  
  "rotate":true,
  "inaccuracy": 0,
  
  "shoot":{
  "shots":2,
  "shotDelay":20
	}
	
	"bullet":{
	"type": "PointBulletType"
        "speed": 10
        "lifetime": 50
        "splashDamageRadius": 50,
		"splashDamage": 40,

        "trailSpacing": 8
        "trailEffect": {
          "type": "MultiEffect"
          "effects": [
            {
              "type": "ParticleEffect"
              "randLength": false
              "line":true
              "lenFrom": 12,
              "lenTo": 12,
              "strokeFrom": 7
              "strokeTo": 0
              "length": 0
              "baseLength": 1
              "lifetime": 22,
              "colorFrom": "FF7B54FF"
              "colorTo": "FF7B54FF"
              "cone": 0
            }
          ]
          }
         "hitEffect": {
				"type": "WrapEffect",
				"effect": "dynamicSpikes",
				"color": "FF7B54FF",
				"rotation": 50
			},
		  }
		}
		{
  "name":"撼天武器1",
  "x":19,
  "y":6,
  "shootSound":"plasmadrop",
  "mirror": true,
  "reload": 200,
  "shootCone":20,
  
  "rotate":true,
  "inaccuracy": 0,
  
  "shoot":{
  "shots":3,
  "shotDelay":20
	}
	
	"bullet":{
	"type":"BasicBulletType",
		"sprite":"missile-back",
		
		"lifetime":40,
		"speed":10,
		"width":6,
		"height":16.
		"frontColor":"FFFFFF",
		"backColor":"FF7B54FF",
		"trailColor":"FF7B54FF",
		"trailWidth":2.4,
		"trailLength":8,
		"shootEffect":"none",
		"smokeEffect":"none",
     
		"damage":30
		"buildingDamageMultiplier":0.8
		"pierceBuilding": true,
		"splashDamage":15,
		"splashDamageRadius":25,
		
		"hiteffect":
		{
		"type":"multiEffect",
		"effects":[
		{
			"type":"ParticleEffect",
			"particles":1,
			"sizeFrom":6,
			"sizeTo":0,
			"length":0,
			"layer":110,
			"region":"circle",
			"interp":"swing",
			"lifetime":38,
			"colorFrom":"343434FF",
			"colorTo":"343434FF"
			}
			{
			"type":"WaveEffect",
			"lifetime":35,
			"sizeFrom":0,
			"sizeTo":23,
			"lightColor":"BF92F9FF",
			"interp":"circleOut",
			"strokeFrom":5,
			"strokeTo":0,
			"colorFrom":"FF7B54FF",
			"colorTo":"FF7B54FF"
			},
			]
			},
			
			"despawnEffect":
		{
		"type":"multiEffect",
		"effects":[
		{
			"type":"ParticleEffect",
			"particles":1,
			"sizeFrom":6,
			"sizeTo":6,
			"length":0,
			"layer":110,
			"region":"circle",
			"interp":"swing",
			"layer":75
			"lifetime":38,
			"colorFrom":"343434FF",
			"colorTo":"343434FF"
			}
			{
			"type":"WaveEffect",
			"lifetime":35,
			"sizeFrom":0,
			"sizeTo":23,
			"lightColor":"BF92F9FF",
			"interp":"circleOut",
			"strokeFrom":5,
			"strokeTo":0,
			"colorFrom":"FF7B54FF",
			"colorTo":"FF7B54FF"
			},
			{
			"type":"WaveEffect",
			"lifetime":35,
			"sizeFrom":5,
			"sizeTo":5,
			"lightColor":"BF92F9FF",
			"interp":"circleOut",
			"strokeFrom":3,
			"strokeTo":2,
			"colorFrom":"FF7B54FF",
			"colorTo":"FF7B54FF"
			},
			]
			},
			
		}
	}
		]
		}