{
    "speed":0.57,
    "hitSize":8,
    "name": "竹火",
    "health": 500,
    "description":"特殊单位！注意防御 ！",
    "itemCapacity":0,
    "armor":4,
    "type": "mech",
     	"range": 78,
     	  "immunities":[
        "burning",
        ],
    "research": "陆军工厂",
    "weapons": [
        {
			"name":"烛火激光2",
			//武器贴图的名字
			"top":true,
			"mirror":false,
			"shootY":14,
			"x":6,
			"y":-1,
			"shoot":{
				"firstShotDelay":10
			}
			//第一次射击的前摇
			"chargeSound":"lasercharge2",
			//充能阶段的声音
			"shootSound":"beam",
			//射击的声音
			"reload":100,
			//射速
			"recoil":30,
			//后坐力
			"continuous":true,
			//是否持续射击
            "cooldownTime":80,
            "shootStatus":"none",
			"bullet":{
			"tscales":15
				"damage":3,
				//伤害，1:12
				"buildingDamageMultiplier":1,
				"length":64,
				//激光长度,8:1
					"width":1,
				"status":"burning",
				"hitEffect":"hitMeltHeal",
				"drawSize":60,
				"lifetime":60,
				"statusDuration":180,
				"shake":3,
				"type":"ContinuousLaserBulletType",
				"colors":["#ffff00","#ffff00"]
			}
		},
	 {
			"name":"烛火激光1",
			//武器贴图的名字
			"top":true,
			"mirror":false,
			"shootY":14,
			"x":-6,
			"y":-1,
			"shoot":{
				"firstShotDelay":10
			}
			//第一次射击的前摇
			"chargeSound":"lasercharge2",
			//充能阶段的声音
			"shootSound":"beam",
			//射击的声音
			"reload":100,
			//射速
			"recoil":0,
			//后坐力
			"continuous":true,
			//是否持续射击
            "cooldownTime":40,
            "shootStatus":"none",
			"bullet":{
			"tscales":15
				"damage":2.5,
				//伤害，1:12
				"buildingDamageMultiplier":1,
				"length":64,
				//激光长度,8:1
					"width":1,
				"status":"burning",
				"hitEffect":"hitMeltHeal",
				"drawSize":60,
				"lifetime":60,
				"statusDuration":180,
				"shake":3,
				"type":"ContinuousLaserBulletType",
				"colors":["#ffff00","#ffff00"]
			}
		},
    ]
}