{ "alwaysUnlocked": false,
    //"type": "LiquidConverter"
	//"name": "魔力液混合机",
    //"description": "production scrap",
    "health": 680,
    "liquidCapacity": 90,
    "outputLiquid": {
        "liquid": "moliye",
        "amount": 1
    },
    "size": 2,

    //"drawer": "DrawMixer",
    "solid": true,
    "outputsLiquid": true,

    "hasPower": true,
    "hasItems": true,
    "craftTime": 58,
    "updateEffect": "smoke",
    "consumes": {
        "power": 2.5,
        "items": {
            "items": [
                {
                    "item": "molishi",
                    "amount": 2
                }
            ]
        },
        "liquid": {
            "liquid": "cryofluid",
            "amount": 1
        }
    },
    "requirements": [
        {
            "item": "metaglass",
            "amount": 50
        }
        {
            "item": "weijing2",
            "amount": 20
        } {
            "item": "weijing1",
            "amount": 22
        } {
            "item": "zijing1",
            "amount": 30
        } {
            "item": "zuanjing",
            "amount": 20
        }
    ],
    "category": "crafting",
  //  "research": "molishizhizaoqi"
}