{
    "alwaysUnlocked": false,
    //"type": "GenericCrafter",
    //"name": "高级魔力液收集器",
    //"description": "通过微晶科技加速收集魔力液体",
    "health": 530,
    "liquidCapacity": 20,
    "outputLiquid": {
        "liquid": "moliye",
        "amount": 20
    },
    "size": 2,
    "hasPower": true,
    "canOverdrive": false,
    "hasLiquids": true,
    "hasItems": false,
    "craftTime": 60,
    "updateEffect": "lightningCharge",
    "consumes": {
        "power": 8
    },
    "requirements": [
        {
            "item": "weijing2",
            "amount": 10
        }
        {
            "item": "zijing1",
            "amount": 150
        }{
            "item": "plastanium",
            "amount": 60
        }{
            "item": "titanium",
            "amount": 90
        }
    ],
    "category": "crafting",
    // "research": "moliyeshoujiqi1",
    //"details":"由于加速时这种特殊的气体会逃逸，所以该装置不可被超速"
}