{	"targetAir":true,
	//是否攻击空军
	"targetGround":true,
	//是否攻击地面目标
	"speed":1,
	"hitSize":8,
	"rotateSpeed": 6,
	"name": "立案",
	"health": 700,
	"description":"一级机甲单位，向敌人发射子弹",
	"armor":0,
	"type": "mech",

	"research":{
	"parent": "ja-01机甲制造厂",
	"requirements": [//研究花费
	"铁/150",
	"锡/150",
	"硅晶玻璃/150"
	]	},

	"immunities":[
	],

	"weapons": [
		{"name": "la-01立案1",
		"reload":22,
		"x":-4.25,"y":0,
		"mirror":true,
		"top":false,

		"bullet": {
		"damage": 20,
		"speed": 5.5,
		"lifetime":30,
//		"status":"sapped",
//		"statusTime": 300,
		"shrinkY": 0,"shrinkX": 0,//子弹变形程度
		"width":4,"height":10,//子弹宽长度
		"frontColor": "8598BFFF",//中心颜色
		"backColor": "DEEDFFFF",//边缘颜色

		"trailChance": 1,
		"trailRotation": true,
		"trailEffect": {
		"type": "ParticleEffect",
		"particles": 1,
		"length": 0,
		"lifetime": 20,
		"sizeFrom": 3,
		"colorFrom": "8598BFFF",//中心颜色
		"colorTo": "DEEDFFFF",//边缘颜色
	},

	"shootEffect": {//攻击特效
		"type": "multiEffect",//多种特效
		"effects": [//特效
		{"type": "WaveEffect",
		"region": "启航-方",//区域贴图
		"lifetime": 10,//存在时间
		"sizeFrom": 0,
		"sizeTo": 15,
		"strokeFrom": 1.5,
		"strokeTo": 0,
		"colorFrom": "8598BFFF",
		"colorTo": "DEEDFFFF"},
		{
		"type": "ParticleEffect",
		"region":"启航-方",//区域贴图
		"particles": 3,//粒子数量
		"length": 40,//长度
		"lifetime": 48,//存在时间
		"interp": "circleOut",//中间部分
		"sizeInterp": "pow5Out",//大小部分
		"cone": 0,//角度
		"colorFrom": "8598BFFF",
		"colorTo": "DEEDFFFF",
		"sizeFrom": 5.5,
		"sizeTo": 0
		}	]	}
	"hitEffect": {//碰撞特效
		"type": "multiEffect",//多种特效
		"effects": [//特效
		{"type": "WaveEffect",
		"region": "启航-方",//区域贴图
		"lifetime": 25,//存在时间
		"sizeFrom": 0,
		"sizeTo": 20,
		"strokeFrom": 3.5,
		"strokeTo": 0,
		"colorFrom": "8598BFFF",
		"colorTo": "DEEDFFFF"},
		{
		"type": "ParticleEffect",
		"region": "启航-方",//区域贴图
		"particles": 9,//粒子数量
		"length": 40,//长度
		"lifetime": 48,//存在时间
		"interp": "circleOut",//中间部分
		"sizeInterp": "pow5Out",//大小部分
		"cone": 360,//角度
		"colorFrom": "8598BFFF",
		"colorTo": "DEEDFFFF",
		"sizeFrom": 4.5,
		"sizeTo": 0
		}	]	}
		}	}	]
}