{"targetAir":true,
	//是否攻击空军
	"targetGround":true,
	//是否攻击地面目标
	"speed":0.7,
	"hitSize":16,
	"name": "传唤",
	"rotateSpeed": 4,
	"health": 6860,
	"description":"三级机甲单位，向敌人发射螺旋穿透弹，可以对建筑造成大量伤害",
	"armor":7,
	"type": "mech",

	"research":{
	"parent": "la-02调查",
	"requirements": [//研究花费
	"钢/11000",
	"硅晶玻璃/11000",
	"钨/11000"
	],	},

	"immunities":[
	],

	"weapons": [
		{"name": "la-03传唤1",
		"reload":30,
		"x":-8.25,"y":-0.5,
		"shootY":3,
		"mirror":true,
		"top":false,
		"inaccuracy":1,//不准确度

"shoot": {
"type": "ShootMulti",
		"source": {
			"type": "ShootHelix",
			"scl": 3,
			"mag": 0.95
		},
		"dest": [
			{
				"type": "ShootHelix",
				"mag": 3,
				"scl": 0.75
			}
		] }
		"bullet": {//子弹
	
		"damage": 50,
		"lifetime": 24,
		"speed": 8,
		"width": 8,
		"height": 20,
		"hitSize": 24,
		"hittable": false,
		"trailLength": 6,
		"trailWidth": 3.6,
		"trailColor": "DEEDFFFF",
		"frontColor": "FFFFFF",
		"backColor": "DEEDFFFF",
		"hitColor": "DEEDFFFF",
		"pierce":true,
		"pierceCap": 3,
		"splashDamage": 40,
		"splashDamageRadius": 16,
		"buildingDamageMultiplier": 1.5,
		"trailChance": 1,
		"trailInterval": 10,
	"trailEffect": {
		"type": "ParticleEffect",
		"particles": 1,
		"length": 0,
		"lifetime": 20,
		"sizeFrom": 3,
		"colorFrom": "8598BFFF",//中心颜色
		"colorTo": "DEEDFFFF",//边缘颜色
	},
		"hitShake": 2,
		"hitSound": "plasmaboom",
		"hitEffect": {//碰撞特效
		"type": "multiEffect",//多种特效
		"effects": [//特效
		{"type": "WaveEffect",
		"region": "启航-方",//区域贴图
		"lifetime": 25,//存在时间
		"sizeFrom": 0,
		"sizeTo": 20,
		"strokeFrom": 3.5,
		"strokeTo": 0,
		"colorFrom": "8598BFFF",
		"colorTo": "DEEDFFFF"},
		{
		"type": "ParticleEffect",
		"region": "启航-方",//区域贴图
		"particles": 9,//粒子数量
		"length": 40,//长度
		"lifetime": 48,//存在时间
		"interp": "circleOut",//中间部分
		"sizeInterp": "pow5Out",//大小部分
		"cone": 360,//角度
		"colorFrom": "8598BFFF",
		"colorTo": "DEEDFFFF",
		"sizeFrom": 4.5,
		"sizeTo": 0
		}	]
		"shootEffect": {//攻击特效
		"type": "multiEffect",//多种特效
		"effects": [//特效
		{"type": "WaveEffect",
		"region": "启航-方",//区域贴图
		"lifetime": 10,//存在时间
		"sizeFrom": 0,
		"sizeTo": 15,
		"strokeFrom": 1.5,
		"strokeTo": 0,
		"colorFrom": "8598BFFF",
		"colorTo": "DEEDFFFF"},
		{
		"type": "ParticleEffect",
		"region":"启航-方",//区域贴图
		"particles": 3,//粒子数量
		"length": 40,//长度
		"lifetime": 48,//存在时间
		"interp": "circleOut",//中间部分
		"sizeInterp": "pow5Out",//大小部分
		"cone": 0,//角度
		"colorFrom": "8598BFFF",
		"colorTo": "DEEDFFFF",
		"sizeFrom": 5.5,
		"sizeTo": 0
		}	]	}
		}	}	}
		]
}