{"targetAir":true,
	//是否攻击空军
	"targetGround":true,
	//是否攻击地面目标
	"speed":0.57,
	"hitSize":42,
	"name": "评估",
	"rotateSpeed": 3,
	"health": 48680,
	"description":"五级机甲单位，向连续敌人发射两波霰弹，在目标处留下定时爆破弹",
	"armor":12,
	"type": "mech",

	"research":{
	"parent": "la-04审讯",
	"requirements": [//研究花费
	"钢/110000",
	"硅晶玻璃/110000",
	"钨/110000"
	"钍/110000"
	"碳化钨/110000"
	]	},

	"immunities":[
	],

	"weapons": [
	{
			"name": "la-05评估1",
			"x": 22,
			"y": -1.5,
			"shoot": {
				"type": "ShootMulti",
				"source": {
					"shots": 2,
					"shotDelay": 10
				},
				"dest": [
					{
						"type": "ShootSpread",
						"shots": 7,
						"spread": 2
					}
				]
			},
			"shake": 8,
			"recoil": 7,
			"shootY": 26,
			"reload": 90,
			"inaccuracy": 10,
			"shootCone": 5,
			"cooldownTime": 150,
			"bullet": {
			"buildingDamageMultiplier": 1.5,
				"damage": 160,
				"lifetime": 24,
				"speed": 16,
				"drag": 0.06,
				"height": 12,
				"width": 12,
				"shrinkY": 0,
				"absorbable": false,
				"reflectable": false,
				"splashDamage": 120,
				"splashDamageRadius": 40,
				"trailLength": 6,
		"trailWidth": 3.6,
		"trailColor": "DEEDFFFF",
		"frontColor": "FFFFFF",
		"backColor": "DEEDFFFF",
		"hitColor": "DEEDFFFF",
		"pierce":true,
		"pierceCap": 1,
		"splashDamage": 60,
		"splashDamageRadius": 24,
		"buildingDamageMultiplier": 1.5,
		"trailChance": 1,
		"trailInterval": 10,
	"trailEffect": {
		"type": "ParticleEffect",
		"particles": 1,
		"length": 0,
		"lifetime": 20,
		"sizeFrom": 3,
		"colorFrom": "8598BFFF",//中心颜色
		"colorTo": "DEEDFFFF",//边缘颜色
	},
		"hitShake": 2,
		"hitSound": "plasmaboom",
		"hitEffect": {//碰撞特效
		"type": "multiEffect",//多种特效
		"effects": [//特效
		{"type": "WaveEffect",
		"region": "启航-方",//区域贴图
		"lifetime": 25,//存在时间
		"sizeFrom": 0,
		"sizeTo": 20,
		"strokeFrom": 3.5,
		"strokeTo": 0,
		"colorFrom": "8598BFFF",
		"colorTo": "DEEDFFFF"},
		{
		"type": "ParticleEffect",
		"region": "启航-方",//区域贴图
		"particles": 9,//粒子数量
		"length": 40,//长度
		"lifetime": 48,//存在时间
		"interp": "circleOut",//中间部分
		"sizeInterp": "pow5Out",//大小部分
		"cone": 360,//角度
		"colorFrom": "8598BFFF",
		"colorTo": "DEEDFFFF",
		"sizeFrom": 4.5,
		"sizeTo": 0
		}	]  }
		"shootEffect": {//攻击特效
		"type": "multiEffect",//多种特效
		"effects": [//特效
		{"type": "WaveEffect",
		"region": "启航-方",//区域贴图
		"lifetime": 10,//存在时间
		"sizeFrom": 0,
		"sizeTo": 15,
		"strokeFrom": 1.5,
		"strokeTo": 0,
		"colorFrom": "8598BFFF",
		"colorTo": "DEEDFFFF"},
		{
		"type": "ParticleEffect",
		"region":"启航-方",//区域贴图
		"particles": 3,//粒子数量
		"length": 40,//长度
		"lifetime": 48,//存在时间
		"interp": "circleOut",//中间部分
		"sizeInterp": "pow5Out",//大小部分
		"cone": 0,//角度
		"colorFrom": "8598BFFF",
		"colorTo": "DEEDFFFF",
		"sizeFrom": 5.5,
		"sizeTo": 0
		}	]	}
				"despawnEffect": "none",
				"fragBullets": 1,
				"fragBullet": {
				"buildingDamageMultiplier": 1.25,
					"sprite": "启航-start",
					"damage": 0,
					"lifetime": 120,
					"speed": 0,
					"height": 14,
					"width": 14,
					"shrinkY": 0,
					"absorbable": false,
					"collidesTiles": false,
					"frontColor": "DEEDFFFF",
					"backColor": "8598BFFF",
					"splashDamage": 200,
					"splashDamageRadius": 20,
					"hitEffect": {
						"type": "multiEffect",
						"effects": [
							{
								"type": "ParticleEffect",
								"particles": 3,
								"lifetime": 36,
								"sizeFrom": 5,
								"sizeTo": 0,
								"cone": 360,
								"length": 40,
								"interp": "circleOut",
								"colorFrom": "8598BFFF",
								"colorTo": "DEEDFFFF"
							},
							{
								"type": "ParticleEffect",
								"particles": 7,
								"lifetime": 20,
								"line": true,
								"lenFrom": 13,
								"lenTo": 3,
								"cone": 360,
								"length": 75,
								"colorFrom": "8598BFFF",
								"colorTo": "DEEDFFFF"
							},
							{
								"type": "WaveEffect",
								"lifetime": 30,
								"sizeFrom": 0,
								"sizeTo": 40,
								"strokeFrom": 4,
								"strokeTo": 0,
								"colorFrom": "8598BFFF",
								"colorTo": "DEEDFFFF"
							},
							"shootSmokeSquareBig"
						]
					},
					"despawnEffect": "none"
				}
			},
		}
		]
}