{
    "name": "重型仓库",
    "type": "StorageBlock",
    "description": "储存物品，可用卸载器取出",
    "itemCapacity": 100000,
    "hasItems": true,
    "health": 6000,
    "size": 4,
    "requirements": [
        "copper/800",
        {
            "item": "lead",
            "amount": 800
        },
        "蓝钢/600",
        {
            "item": "silicon",
            "amount": 600
        },
        {
            "item": "thorium",
            "amount": 600
        },
        {
            "item": "titanium",
            "amount": 600
        }
    ],
    "category": "effect",
    "research": "vault"
}