{
	"type": "mech",
	"name": " ES尖刀",
	"description": "向附近的敌人发射标准子弹。 ",
	"details":"原宇宙已有，研究费用降低",
			"immunities": [
		
		"自毁"
	],
    "speed":  0.9,
    "hitSize": 12,
		"ammoType":{
	"type":"PowerAmmoType",
	"totalPower":2200},
	"ammoCapacity": 700
    "ammoResupplyAmount":1,/*弹药补给倍率 */
    "health": 720,
    "armor": 0,
    "drag": 0.2,
    "rotateSpeed": 2.5,
    "itemCapacity": 30,
        "targetAir":true,  
    "targetGround":true,
	"weapons":[{	"name": "尖刀1",	
		"reload":15,
        "x": 4,  "y": 1.5, 
        "rotate": false,
        "inaccuracy": 0,
        "shootCone":12,
		"shoot":{
			"shots":1,
			"shotDelay":3
		},
		"shootSound": "pew",
		"alternate": true,
		"ejectEffect":"casing1",
		"bullet":{
	    "damage":16,	  
	    "speed":3,
	    "lifetime":50,
	    "width":7,	 "height":10
	}	}
]
"research": "混合兵工厂",
    "researchCostMultiplier": 0.2,
}