{
	"type": "mech",
	"name": "ES战锤",
	"description": "向附近的敌人发射多枚燃烧炮弹。 ",
	"details":"原宇宙已有，研究费用降低",
			"immunities": [
			"腐蚀"
		"潮湿"
		"自毁"
	],
    "speed": 0.7,
    "hitSize": 18,
		"ammoType":{
	"type":"PowerAmmoType",
	"totalPower":2200},
	"ammoCapacity": 700
    "ammoResupplyAmount":1,/*弹药补给倍率 */
    "health": 1620,
    "armor": 5,
    "drag": 0.2,
    "rotateSpeed": 2.5,
    "itemCapacity": 30,
        "targetAir":true,  
    "targetGround":true,
	"weapons":[{	"name": "战锤1",	
		"reload":15,
        "x": 5,  "y": 1.2, 
        "rotate": false,
        "inaccuracy": 5,
        "shootSound": "flame",
        "shootCone":12,
		"shoot":{
			"shots":3,
			"shotDelay":0
		},
		"alternate": true,
		"ejectEffect":"casing1",
		"bullet":{
	    "damage":12,	  
	    "speed":2,
	    "lifetime":60,
	"splashDamageRadius":25,
	"splashDamage":17,
	    "width":15,	 "height":15
	    	"status":"燃烧",
	"statusDuration":180,
	"makeFire":true,
	}	}
]
"researchCostMultiplier": 0.2,
"research":"尖刀"
}