{
	"type": "PowerTurret",
	"name": "钉刺",
	"targetAir": true,
	"targetGround": false,
	"health": 420,
	"size": 2,
	"shootSound": "shootBig",
	"shake": 0.12,
	"inaccuracy": 2,
	"recoil": 2,//发射子弹时的后坐力
	"recoilTime":10,
	"cooldownTime": 60,
	"shootEffect": "shootBig",
	"shootType": {
		"type": "PointBulletType",
		"trailEffect": "none",
		"hitEffect": "none",
		"despawnEffect": "none",
		"splashDamageRadius": 24,
		"splashDamage": 25,
		"knockback": 1,
		"speed": 20,
		"lifetime": 30,
		"ammoMultiplier": 1,
		"fragBullets": 2,
		"fragBullet": {
			"type": "PointBulletType",
			"trailEffect": "none",
			"hitEffect": "flakExplosion",
			"despawnEffect": "flakExplosion",
			"splashDamageRadius": 16,
			"splashDamage": 5,
			"status": "blasted",
			"statusDuration": 30,
			"speed": 20,
			"lifetime": 2
		}
	},
	"consumes": {
		"power": 2.5,
		"coolant": {
			"amount": 0.2,
			"optional": true
		}
	},
	"reload": 20,
	"rotateSpeed": 7,
	"range": 220,
	"category": "turret",
	"research": "边陲哨站",
	"requirements": [
		"copper/100",
		"titanium/70",
		"silicon/40"
	]
}