{"localizedName": "冰封山谷",
"name": "冰封山谷",
	"description": "这里地表矿石资源丰富，且拥有大量喷口与低温地面。地形错综复杂，陆军无法抵达此处。我们在此处建立了一个小型基地用于侦察。据雷达显示，一大批敌军舰队马上经过此处。我们被发现了，迅速建立防线坚守阵地。",
	//"details":"",
    "planet":"菲普利亚"//母星名字。
    "sector":369//区块坐标
    "captureWave":91//胜利波次
    "difficulty":8//难度
    "alwaysUnlocked": false,
    "research": {
		"parent": "迷宫回廊",
		"objectives": [
            {
				"type": "SectorComplete",
				"preset": "迷宫回廊"
			}
			] }
}