{"localizedName": "后勤区",
"name": "后勤区",
	"description": "后勤区核心优势为矿物资源富集，是重要的资源供给区域。先遣部队早年已在此搭建后勤基地，保障基础运转。但自先遣队在此采集矿物样本后，“猩红”开始出现躁动不安的迹象，且正逐步向后勤区蔓延，需警惕其扩散风险。[red]活下去",
	//"details":"",
    "planet":"菲普利亚"//母星名字。
    "sector":387//区块坐标
    "captureWave":61//胜利波次
    "difficulty":9//难度
    "alwaysUnlocked": false,
    "research": {
		"parent": "乌托邦",
		"objectives": [
            {
				"type": "SectorComplete",
				"preset": "乌托邦"
			}

			] }
}