{"localizedName": "寂灭血窟",
"name": "寂灭血窟",
	"description": "岩壁的裂痕如干涸的血管般结疤，猩红水晶从缝隙中生长，地面并非岩石，而是无数骸骨压缩成的钙质层，缝隙中渗出黏稠的猩红浆液，汇聚成蜿蜒血溪，敌人数目众多",
	//"details":"",
    "planet":"菲普利亚"//母星名字。
    "sector":360//区块坐标
    "captureWave":59//胜利波次
    "difficulty":8//难度
    "alwaysUnlocked": false,
    "research": {
		"parent": "血腥盆地",
		"objectives": [
            {
				"type": "SectorComplete",
				"preset": "血腥盆地"
			}
			] }
}