{"localizedName": "永恒等候室",
"name": "永恒等候室",
	"description": "踏入永恒等候室，四周是无尽的黑暗，唯有猩红色的诡异光芒在角落闪烁 。地面崎岖不平，突兀的岩石如尖刺般从地面突起。远处有散发着幽光的巨大水晶，为整个空间增添了神秘色彩。这里时不时还会冒出敌人，给踏入者带来无尽的威胁",
	//"details":"",
    "planet":"菲普利亚"//母星名字。
    "sector":369//区块坐标
    "captureWave":0//胜利波次
    "difficulty":7//难度
    "alwaysUnlocked": false,
    "research": {
		"parent": "被诅咒的冻土",
		"objectives": [
            {
				"type": "SectorComplete",
				"preset": "被诅咒的冻土"
			}
			] }
}