{
"localizedName": "猩红丘陵",
"name": "猩红丘陵",
	"description": "猩红丘陵，这是一片被神秘与危险笼罩的独特地貌。它以其鲜艳的红色为主题，仿佛大地被鲜血浸染，展现出一种令人震撼的视觉冲击力。这里的每一寸土地都似乎蕴含着某种邪恶的力量，裂隙纵横交错，通向未知的世界",
    "planet":"菲普利亚"//母星名字。
    "sector":356//区块坐标
    "captureWave":31//胜利波次
    "difficulty":4//难度
    "research": {
		"parent": "猩红山谷",
		"objectives": [
            {
				"type": "SectorComplete",
				"preset": "猩红山谷"
			}
			]}
}