{"localizedName": "砾石峡谷",
"name": "砾石峡谷",
	"description": "两壁灰褐色的岩层如巨齿交错，峡谷底部铺满棱角尖锐的砾石，每一步都伴随碎石滑动的咔嗒声。",
	//"details":"",
    "planet":"菲普利亚"//母星名字。
    "sector":358//区块坐标
    "captureWave":41//胜利波次
    "difficulty":4//难度
    "alwaysUnlocked": false,
    "research": {
		"parent": "异域峡谷",
		"objectives": [
            {
				"type": "SectorComplete",
				"preset": "异域峡谷"
			}
			] }
}