{"localizedName": "被诅咒的冻土",
"name": "被诅咒的冻土",
	"description": "踏入被诅咒的冻土，刺骨寒意扑面而来。放眼望去，尖锐的冰棱交错林立，反射着幽冷的光 。厚重的积雪下，隐隐露出古老遗迹的残垣断壁",
	//"details":"",
    "planet":"菲普利亚"//母星名字。
    "sector":364//区块坐标
    "captureWave":0//胜利波次
    "difficulty":6//难度
    "alwaysUnlocked": false,
    "research": {
		"parent": "一下一个",
		"objectives": [
            {
				"type": "SectorComplete",
				"preset": "一下一个"
			}
			] }
}