{
    "name": "2型装甲_修护",
    "description": "[green]一个标准的中型装甲,可以修理单位,拦截近距离实弹",
    "research": "1型装甲_护理",
    "type": "legs",
   "canDrown": false,
    "buildSpeed":0.8,
	"speed": 0.8,
	"hitSize":14,
	"health": 600,
	"faceTarget": false,
	"armor": 2,
	"drag": 0.4,
	"targetAir": false,
	"rotateSpeed": 3,
    "legTrns": 0.6,
	"legCount": 4,
	"legMoveSpace":1.6,
	"legLength":14,
	"visualElevation": 0.3,
	"allowLegStep": true,
	"hovering": true,
	"weapons": [
		{"type":"PointDefenseWeapon",
	"x":0,"y":0,
	"rotate": true,
	"recoil":0,
	"rotateSpeed":10,
    "reload":35,
    "targetInterval":35,
    "targetSwitchInterval":35,
    "bullet":{
	"speed":20,"lifetime":8,
    "shootEffect":"sparkShoot",
    "hitEffect":"pointHit",
    "maxRange":120,
    "damage":20}},
		{
    "type":"RepairBeamWeapon",
    "x":0,"y":0,
    "shootY":0,
    "beamWidth":1,
    "mirror":false,
    "repairSpeed":1.4,
    "bullet":{
    "maxRange":200}}
    
    ]
}
