{
    "name": "3型装甲_修护",
    "description": "[green]一个标准的中型装甲,可以修理单位,拦截近距离实弹",
    "research": "2型装甲_护理",
    "type": "legs",
   "canDrown": false,
    "buildSpeed":1.2,
	"speed": 0.65,
	"hitSize":16,
	"health": 920,
	"faceTarget": false,
	"armor": 4,
	"drag": 0.4,
	"targetAir": false,
	"rotateSpeed": 2.8,
    "legTrns": 0.6,
	"legCount": 6,
	"legMoveSpace": 1.2,
	"legLength": 16,
	"visualElevation": 0.67,
	"hovering": true,
	"allowLegStep": false,	"weapons": [
	{
    
	"mirror": true,
 "shooY": 0,
 "shooX": 0,
 "rotate": true,
 "x": 0,
 "y": 0,
 "rotateSpeed": 5,
 "reload": 30,
 "recoil":0,
 "inaccuracy": 0,
 "occlusion": 1,
 "width": 3,

"bullet":{
   "type": "LaserBoltBulletType",
            "lifetime":40,
            "speed":4,
            "damage":5,
            "healPercent":2,
            "width":2,
            "collidesTeam": "true",
            "backColor": "32FF00A0",
            "frontColor": "FFFFFFA0",
           },}
		{"type":"PointDefenseWeapon",
	"x":0,"y":0,
	"rotate": true,
	"recoil":0,
	"rotateSpeed":10,
    "reload":30,
    "targetInterval":30,
    "targetSwitchInterval":30,
    "bullet":{
	"speed":160,"lifetime":1,
    "shootEffect":"sparkShoot",
    "hitEffect":"pointHit",
    "maxRange":160,
    "damage":30}},
		{
    "type":"RepairBeamWeapon",
    "x":0,"y":0,
    "shootY":0,
    "beamWidth":1,
    "mirror":false,
    "repairSpeed":2,
    "bullet":{
    "maxRange":400}}
    
    ]
}
