{
	"name": "大型阴影合金墙",
	"description": "保护己方建筑，挡下敌方炮弹，占据多个方块\n受攻击时释放电弧\n反弹敌方子弹\n阻断敌方激光",
//	"type": "Wall",
	"health":10000,
   "armor": 40,
	"size":2,
	"requirements": [
		{ "item": "阴影合金", "amount":16}	
        { "item": "surge-alloy", "amount":16}
        { "item": "plastanium", "amount":24}
	],
	"category": "defense",
		"lightningChance":0.35,
	"lightningDamage":40,
    "absorbLasers":true,
    "insulated":true,
    "chanceDeflect":80,
	"research":"阴影合金墙"
}