{
	"name": "大型闪耀合金墙",
	"description": "保护己方建筑，挡下敌方炮弹，占据多个方块\n受攻击时释放电弧\n阻断敌方激光",
//	"type": "Wall",
	"health":10000,
   "armor": 40,
	"size":2,
	"requirements": [
		{ "item": "闪耀合金", "amount":16}	
        { "item": "surge-alloy", "amount":16}
        { "item": "plastanium", "amount":24}
	],
	"category": "defense",
    "absorbLasers":true,
    "insulated":true,
    "chanceDeflect":80,
	"research":"闪耀合金墙"
}