{
	"health": 300,
	"details": "由Glaive战艇改造而来，加装导弹系统",
	"mineSpeed": 9,
	"mineTier": 3,
	"buildSpeed": 1.5,
	"speed": 4.5,
	"drag": 0.08,
	"weapons": [
		{
			"name": "伽马1",
			"reload": 6,
			"x": -3.5,
			"y": 3.5,
			"rotate": false,
			"top": false,
			"inaccuracy": 0,
			"shootSound": "shoot",
			"alternate": true,
			"ejectEffect": "casing2",
			"bullet": {
				"buildingDamageMultiplier": 0.01,
				"damage": 13,
				"backColor": "FF8C00",
				"frontColor": "FFB90F",
				"status": "burning",
				"statusDuration": 600,
				"speed": 5,
				"lifetime": 50,
				"width": 8,
				"height": 13
			}
		},
		{
			"name": "伽马2",
			"x": 0,
			"y": 3,
			"reload": 50,
			"shootSound": "missile",
			"inaccuracy": 50,
			"shoot":{
				"shots":3
			},
			"bullet": {
				"type": "MissileBulletType",
				"backColor": "FF8C00",
				"frontColor": "FFB90F",
				"trailColor": "FF8C00",
				"buildingDamageMultiplier": 0.01,
				"damage": 8,
				"splashDamageRadius": 10,
				"splashDamage": 13,
				"homingRange": 40,
				"homingPower": 0.06,
				"hitEffect": "blastExplosion",
				"despawnEffect": "explosion",
				"width": 8,
				"height": 9,
				"speed": 6,
				"lifetime": 42
			}
		}
	]
}