{
	"type": "payload",
	"payloadCapacity": 576,
	"name": "工农",
	"controller":"BuilderAI",
	"defaultCommand": "rebuild",
	"speed": 2,
	"drag": 0.03,
	"accel": 0.04,
	"rotateSpeed": 2.5,
	"targetFlags": ["drill"],
	"immunities": [
		"electrified",
		"干扰"
	],
	"ammoType": {
		"type": "PowerAmmoType",
		"totalPower": 6000
	},
	"ammoCapacity": 60,
	"hitSize": 24,
	"buildRange": 288,
	"buildSpeed": 3.5,
	"buildBeamOffset": 11,
	"flying": true,
	"faceTarget": true,
	"health": 2100,
	"armor": 9,
	"itemCapacity": 150,
	"engineOffset": 16,
	"engineSize": 2.8,
	"engines": [
		{
			"x": -6.5,
			"y": -14,
			"radius": 1.8,
			"rotation": -112.5
		},
		{
			"x": 6.5,
			"y": -14,
			"radius": 1.8,
			"rotation": -67.5
		}
	],
	"research": {
		"parent": "特种工厂",
		"objectives": [
			{
				"type": "OnSector",
				"preset": "荒芜矿区"
			}
		]
	},
	"itemOffsetY": 1,
	"mineSpeed": 11,
	"mineTier": 4,
	"mineRange": 70,
	"lightRadius": 60,
	"lightColor": "97FFA8",
	"abilities": [
		{
			"type": "StatusFieldAbility",
			"duration": 50,
			"reload": 120,
			"range": 60,
			"applyEffect": "none",
			"activeEffect": {
				"type": "WaveEffect",
				"lifetime": 30,
				"sizeFrom": 60,
				"sizeTo": 60,
				"strokeFrom": 1.5,
				"strokeTo": 0,
				"colorFrom": "97FFA8",
				"colorTo": "FFFFFF"
			},
			"effect": "修复"
		}
	],
	"weapons": [
		{
			"name": "工农1",
			"display": false,
			"reload": 15,
			"x": 9,
			"y": -2,
			"shootY": 6,
			"rotate": false,
			"alternate": true,
			"inaccuracy": 0,
			"layerOffset": -0.01,
			"shootSound": "lasershoot",
			"shootWarmupSpeed": 0.1,
			"minWarmup": 0.98,
			"parts": [
				{
					"type": "RegionPart",
					"progress": "warmup",
					"x": -9,
					"y": -8,
					"rotation": -60,
					"mirror": false,
					"suffix": "-管",
					"moveX": 9,
					"moveY": 8,
					"moveRot": 60
				}
			],
			"bullet": {
				"type": "MissileBulletType",
				"reflectable": false,
				"keepVelocity": false,
				"frontColor": "FFFFFF",
				"backColor": "97FFA8",
				"healPercent": 8,
				"status": "拆解",
				"statusDuration": 10,
				"damage": 36,
				"splashDamageRadius": 20,
				"splashDamage": 36,
				"homingPower": 0.5,
				"homingRange": 16,
				"trailLength": 3,
				"trailWidth": 3,
				"trailColor": "97FFA8",
				"trailEffect": {
					"type": "ParticleEffect",
					"particles": 3,
					"sizeFrom": 1.68,
					"sizeTo": 0,
					"lifetime": 95,
					"interp": "pow5Out",
					"sizeInterp": "pow5In",
					"baseLength": 0,
					"length": 10,
					"colorFrom": "97FFA8",
					"colorTo": "97FFA8",
					"layer": 110
				},
				"sprite": "circle-bullet",
				"shrinkY": 0,
				"shootEffect": "none",
				"hitEffect": {
					"type": "MultiEffect",
					"effects": [
						{
							"type": "ParticleEffect",
							"particles": 5,
							"sizeFrom": 3,
							"sizeTo": 0,
							"length": 25,
							"baseLength": 0,
							"lifetime": 25,
							"colorFrom": "97FFA8",
							"colorTo": "97FFA890"
						},
						{
							"type": "WaveEffect",
							"lifetime": 10,
							"sizeFrom": 1,
							"sizeTo": 25,
							"strokeFrom": 4,
							"strokeTo": 0,
							"colorFrom": "97FFA8",
							"colorTo": "97FFA890"
						}
					]
				},
				"despawnEffect": "none",
				"collidesTeam": true,
				"speed": 9.6,
				"lifetime": 25,
				"width": 6,
				"height": 9
			}
		},
		{
			"name": "工农2",
			"reload": 120,
			"x": 0,
			"y": 0,
			"shootY": 12,
			"rotate": false,
			"top": false,
			"recoil": 3.25,
			"inaccuracy": 0,
			"mirror": false,
			"shootSound": "laser",
			"continuous": true,
			"shake": 2,
			"bullet": {
				"type": "LaserBulletType",
				"healPercent": 16,
				"recoil": 0.12,
				"damage": 95,
				"knockback": 20,
				"status": "干扰",
				"statusDuration": 60,
				"collidesTeam": true,
				"sideAngle": 135,
				"sideWidth": 1.35,
				"sideLength": 45,
				"smokeEffect": "bigShockwave",
				"shootEffect": {
					"type": "ParticleEffect",
					"line": true,
					"particles": 9,
					"lenFrom": 10,
					"lenTo": 0,
					"strokeFrom": 1,
					"strokeTo": 1,
					"baseLength": 240,
					"length": 0,
					"sizeInterp": "pow3In",
					"lifetime": 20,
					"colorFrom": "97FFA8",
					"colorTo": "97FFA8",
					"cone": 0
				},
				"colors": [
					"7CF38990",
					"97FFA880",
					"FFFFFF"
				],
				"width": 15,
				"length": 250
			}
		}
	]
}