{
	"type": "legs",
	"name": "招潮蟹",
	"armor": 12,
	"speed": 1.6,
	"drag": 0.15,
	"rotateSpeed": 1.8,
	"hitSize": 18,
	"health": 2880,
	"legCount": 6,
	"legLength": 18,
	"legForwardScl": 1.15,
	"range": 310,
	"legMoveSpace": 1.2,
	"legGroupSize":3,
	"stepShake": 0,
	"legExtension": -3,
	"legBaseOffset": 5,
	"legMaxLength": 1.2,
	"legMinLength": 0.2,
	"legLengthScl": 1.1,
	"lockLegBase": true,
	"hovering": true,
	"allowLegStep": true,
	"legContinuousMove": true,
	"shadowElevation": 0.25,
	"immunities":["burning","melting","disarmed","sapped"],
	"ammoType":"graphite",
	"ammoCapacity": 900,
	"accel": 0.4,
	"itemCapacity": 60,
	"research":"攻城锤",
	"weapons": [
		{
			"name": "招潮蟹-轨",
			"x": -13,
			"y": 0.5,
			"reload": 72,
			"shootY": 15,
			"mirror": false,
			"recoil": 0.6,
			"inaccuracy": 0,
			"shootSound":"laserBlast",
			"shake": 0.45,
			"bullet": {
				"type": "BasicBulletType",
				"height": 20,
				"width": 12,
				"frontColor": "BF92F9",
				"backColor": "6D56BF",
				"lifetime": 25,
				"speed": 12,
				"damage": 160,
				"lifesteal": 0.6,
				"buildingDamageMultiplier": 0.6,
				"trailLength": 8,
				"trailWidth": 1.8,
				"trailColor": "BF92F9",
				"trailChance": 0.2,
				"trailEffect":{
					"type": "ParticleEffect",
					"line": true,
					"interp": "pow10Out",
					"sizeInterp": "pow3In",
					"particles":3,
					"lifetime":16,
					"length":18,
					"baseLength": 6,
					"strokeFrom":1.5,
					"strokeTo":0,
					"lightColor":"BF92F9FF",
					"cone":-16,
					"lenFrom":3,
					"lenTo":0,
					"colorFrom": "FFFFFFAA",
					"colorTo": "BF92F966"
				},
				"hitSound":"explosion",
				"shootEffect":{
					"type": "ParticleEffect",
					"particles": 3,
					"line": true,
					"strokeFrom": 2,
					"strokeTo": 0,
					"lenFrom": 10,
					"lenTo": 0,
					"length": 30,
					"baseLength": 0,
					"lifetime": 25,
					"colorFrom": "BF92F9",
					"colorTo": "BF92F9",
					"cone": 8
				},
				"hitEffect": {
					"type":"WaveEffect",
					"lifetime":20,
					"sizeFrom":0,
					"sizeTo":15,
					"strokeFrom":2,
					"strokeTo":0,
					"colorFrom":"BF92F9FF",
					"colorTo":"6D56BFFF"
				},
				"despawnEffect": "none",
				"statusDuration": 180,
				"status": "sapped",
				"fragOnAbsorb": false,
				"fragVelocityMin": 1,
				"fragBullets": 1,
				"fragRandomSpread": 0,
				"fragBullet": {
					"type": "BasicBulletType",
					"height": 20,
					"width": 12,
					"frontColor": "BF92F9BB",
					"backColor": "6D56BFBB",
					"lifetime": 15,
					"speed": 12,
					"damage": 160,
					"lifesteal": 0.35,
					"buildingDamageMultiplier": 0.6,
					"trailLength": 12,
					"trailWidth": 1.8,
					"trailColor": "BF92F9BB",
					"trailChance": 0.25,
					"trailEffect":{
						"type": "ParticleEffect",
						"line": true,
						"interp": "pow10Out",
						"sizeInterp": "pow3In",
						"particles":3,
						"lifetime":16,
						"length":18,
						"baseLength": 6,
						"strokeFrom":1.5,
						"strokeTo":0,
						"lightColor":"BF92F9FF",
						"cone":-16,
						"lenFrom":3,
						"lenTo":0,
						"colorFrom": "FFFFFFAA",
						"colorTo": "BF92F966"
					},
					"hitSound":"explosion",
					"shootEffect":{
						"type": "ParticleEffect",
						"particles": 3,
						"line": true,
						"strokeFrom": 2,
						"strokeTo": 0,
						"lenFrom": 10,
						"lenTo": 0,
						"length": 30,
						"baseLength": 0,
						"lifetime": 25,
						"colorFrom": "BF92F9",
						"colorTo": "BF92F9",
						"cone": 8
					},
					"hitEffect": {
						"type":"multiEffect",
						"effects":[
							{
								"type":"WaveEffect",
								"lifetime":15,
								"sizeFrom":0,
								"sizeTo":15,
								"strokeFrom":2,
								"strokeTo":0,
								"colorFrom":"BF92F9FF",
								"colorTo":"6D56BFFF"
							},
							{
								"type":"ParticleEffect",
								"region":"饱和火力-三角形",
								"particles": 4,
								"baseLength": 5,
								"length": 45,
								"lifetime": 30,
								"interp":"circleOut",
								"sizeInterp":"pow3Out",
								"cone":-24,
								"colorFrom":"BF92F9FF",
								"colorTo":"6D56BFFF",
								"spin": 6,
								"sizeFrom":6,
								"sizeTo":0
							},
							"hitBulletColor"
						]
					},
					"despawnEffect": {
						"type":"multiEffect",
						"effects":[
							{
								"type":"WaveEffect",
								"lifetime":18,
								"sizeFrom":0,
								"sizeTo":12,
								"strokeFrom":2,
								"strokeTo":0,
								"colorFrom":"BF92F9FF",
								"colorTo":"6D56BFFF"
							},
							{
								"type":"ParticleEffect",
								"particles":1,
								"lifetime":20,
								"length": 0,
								"baseLength": 0,
								"sizeInterp": "pow5Out",
								"sizeFrom":0,
								"sizeTo":6,
								"colorFrom":"BF92F9FF",
								"colorTo":"6D56BF00"}
							]
						},
						"statusDuration": 90,
						"status": "sapped",
						"pierceCap": 8,
						"pierceBuilding": false,
						"pierce": true,
						"homingRange": 80,
						"homingDelay": 5,
						"homingPower": 1
					}
				}
			},
			{
				"name": "招潮蟹-榴",
				"x": 13,
				"y": -0.5,
				"reload": 88,
				"shootY": 10,
				"mirror": false,
				"recoil": 0.4,
				"inaccuracy": 4,
				"shootSound":"shootBig",
				"shake": 0.4,
				"bullet":{
					"type": "ArtilleryBulletType",
					"sprite": "large-bomb",
					"spin": 6,
					"width": 22,
					"height": 22,
					"speed": 5,
					"lifetime": 60,
					"scaleLife": true,
					"splashDamage": 80,
					"splashDamageRadius": 48,
					"statusDuration": 90,
					"status": "sapped",
					"buildingDamageMultiplier": 2,
					"shrinkY": 0,
					"hitEffect":{
						"type": "MultiEffect",
						"effects": [
							{
								"type": "ParticleEffect",
								"particles": 12,
								"region":"饱和火力-菱形",
								"sizeFrom": 8,
								"sizeTo": 0,
								"length": 72,
								"baseLength": 8,
								"lifetime": 30,
								"colorFrom": "BF92F9BB",
								"colorTo": "6D56BFBB"
							},
							{
								"type": "ParticleEffect",
								"particles": 16,
								"strokeFrom": 2.5,
								"strokeTo": 0.5,
								"lenFrom": 20,
								"lenTo": 0,
								"line": true,
								"length": 60,
								"baseLength": 8,
								"lifetime": 30,
								"colorFrom": "BF92F9BB",
								"colorTo": "6D56BFBB"
							},
							{
								"type": "WaveEffect",
								"lifetime": 30,
								"sizeFrom": 2,
								"sizeTo": 48,
								"strokeFrom": 4,
								"strokeTo": 0,
								"colorFrom": "BF92F9BB",
								"colorTo": "6D56BFBB"
							}
						]
					},
					"despawnEffect": "flakExplosion",
					"frontColor": "BF92F9BB",
					"backColor": "6D56BFBB",
					"fragBullets": 8,
					"fragRandomSpread": 360,
					"fragLifeMin": 0.5,
					"fragBullet": {
						"type": "ArtilleryBulletType",
						"sprite": "missile-large",
						"width": 12,
						"height": 12,
						"shrinkY": 0.2,
						"splashDamage": 32,
						"splashDamageRadius": 20,
						"buildingDamageMultiplier": 2,
						"knockback": 0.25,
						"scaledSplashDamage": true,
						"lifetime": 20,
						"frontColor": "BF92F9BB",
						"backColor": "6D56BFBB",
						"hitEffect":{
							"type":"WaveEffect",
							"lifetime": 20,
							"sizeFrom": 0,
							"sizeTo": 20,
							"strokeFrom": 2,
							"strokeTo": 0,
							"colorFrom": "BF92F9BB",
							"colorTo": "6D56BFBB"

						},
						"status": "sapped",
						"statusDuration": 30,
						"speed": 3
					}
				}
			}
			

		]
	}