{
    "type": "hover",
    "flying": false,
    "hovering": true,
    "name": "竭泽",
    "rotateSpeed": 1.8,
    "canDrown":false,
    "speed": 1.5,
    "accel": 0.08,
    "drag": 0.07,
    "hitSize": 38,
    "trailLength": 45,
    "waveTrailX": 12,
    "waveTrailY": -23,
    "trailScl": 3,
    "ammoType": {
        "type": "PowerAmmoType",
        "totalPower": 12000
    },
    "ammoCapacity": 50,
    "health": 11200,
    "armor": 15,
    "itemCapacity": 0,
    "faceTarget": true,
    "abilities": [
        {
            "type": "ShieldRegenFieldAbility",
            "amount": 100,
            "max": 1200,
            "reload": 120,
            "range": 40,
            "applyEffect": "none",
            "activeEffect": {
                "type": "WaveEffect",
                "interp": "circleOut",
                "lifetime": 45,
                "sides":6,
                "sizeTo": 65,
                "strokeFrom": 6,
                "strokeTo": 0,
                "colorFrom": "FEEBB3",
                "colorTo": "FEEBB3"
            }
        },
        {
            "type": "MoveEffectAbility",
            "minVelocity": 0,
            "interval": 10,
            "effect": {
                "type": "MultiEffect",
                "effects": [
                    {
                        "type": "ParticleEffect",
                        "particles": 12,
                        "sizeFrom": 3,
                        "sizeTo": 0,
                        "lifetime": 30,
                        "interp": "pow5Out",
                        "sizeInterp": "pow5In",
                        "baseLength": 0,
                        "length": 30,
                        "layer": 60,
                        "colorFrom": "FEEBB3A8",
                        "colorTo": "E3E3E380"
                    },
                    {
                        "type": "ParticleEffect",
                        "particles": 2,
                        "sizeFrom": 9,
                        "sizeTo": 0,
                        "lifetime": 30,
                        "interp": "pow5Out",
                        "sizeInterp": "pow5In",
                        "baseLength": 0,
                        "length": 29,
                        "layer": 60,
                        "colorFrom": "FEEBB3A8",
                        "colorTo": "E3E3E380"
                    }
                ]
            }
        }
    ],
    "parts": [
        {
            "type": "HoverPart",
            "layerOffset": -1,
            "sides": 6,
            "mirror": false,
            "radius": 40,
            "color": "FEEBB3",
            "phase": 300,
            "circles": 4,
            "stroke": 6,
            "minStroke": 0.2
        }
    ],
    "researchCostMultiplier": 0.5,
	"research": {
		"parent": "电鳄装配厂"/*,
		"objectives": [
			{
				"type": "Research",
				"content": "长弓"
			}
		]*/
	},
    "weapons": [
        {
            "name":"竭泽1",
            "x":0,
            "y":0,
            "reload": 110,
            "mirror": false,
            "rotate": true,
            "rotateSpeed": 2,
            "layerOffset":1,
            "shootCone": 5,
            "shootSound": "laser",
            "chargeSound": "laserCharge2",
            "soundPitchMin": 1.5,
            "soundPitchMax": 1.5,    
            "recoil": 4,
            "shoot":{
                "firstShotDelay": 40
            },
            "bullet":{
                "type":"BasicBulletType",
                "speed":18,
                "damage": 192,
                "splashDamage": 160,
				"splashDamageRadius": 40,
                "status":"崩溃",
                "buildingDamageMultiplier": 2.5,
                "statusDuration":75,
                "pierceCap":2,
                "knockback":16,
                "impact":true,
                "lifetime":22,
                "drag":0.022,
                "trailLength": 16,
                "trailWidth": 3,
                "width": 13,
                "height": 30,
                "hitShake": 6,
                "hitSound": "explosion",
                "trailColor": "FEEBB3",
                "backColor": "FEEBB3",
                "shootEffect":{
                    "type":"ParticleEffect",
                    "line": true,
                    "particles": 6,
                    "interp":"pow5Out",
                    "sizeInterp":"pow5Out",
                    "strokeFrom":1,
                    "strokeTo":0,
                    "lenFrom": 18,
                    "length":60,
                    "lifetime": 30,
                    "colorFrom":"FEEBB3",
                    "colorTo": "FFFFFF",
                    "cone":15
                },
                "smokeEffect":{
                    "type":"ParticleEffect",
                    "interp":"pow5Out",
                    "sizeFrom":6,
                    "sizeTo":0,
                    "length":50,
                    "lifetime":45,
                    "colorFrom":"FEEBB3",
                    "colorTo":"FEEBB399",
                    "cone":15
                },
                "despawnEffect":{
                    "type":"ExplosionEffect",
                    "sparks":0,
                    "smokes":11,
                    "smokeRad":23,
                    "smokeSize":5,
                    "lifetime":45,
                    "smokeColor":"FEEBB3",
                    "waveColor":"FEEBB3AA",
                    "waveStroke":3,
                    "waveRad":30,
                    "waveLife":20
                },
                "hitEffect":{
                    "type":"ParticleEffect",
                    "particles":8,
                    "sizeFrom":6,
                    "sizeTo":0,
                    "length":50,
                    "interp":"pow5Out",
                    "sizeInterp":"pow10In",
                    "lifetime":30,
                    "colorFrom":"FEEBB3",
                    "colorTo": "FEEBB3AA",
                    "cone":20
                },
                "fragBullets":1,
                "fragRandomSpread":0,
                "fragBullet":{
                    "type":"ShrapnelBulletType",
                    "damage":288,
                    "knockback":24,
                    "buildingDamageMultiplier": 2.5,
                    "status":"崩溃",
                    "statusDuration":60,
                    "length":72,
                    "width":10,
                    "pierce":true,
                    "impact":true,
                    "laserAbsorb":false,
                    "fromColor":"FEEBB3",
                    "toColor":"FEEBB3"
                }
            }
        },
        {
            "name":"竭泽2",
            "x":12,
            "y":6,
            "reload":10,
            "rotate":true,
            "rotateSpeed":6,
            "shootCone":5,
            "shootSound":"sap",
            "soundPitchMin":0.5,
            "soundPitchMax":0.5,
            "recoil":1,
            "bullet":{
                "type":"LaserBulletType",
                "damage":45,
                "buildingDamageMultiplier": 1.25,
                "lifesteal":0.4,
                "pierceArmor":true,
                "status":"崩溃",
                "statusDuration":12,
                "width":8,
                "lifetime":20,
                "length":180,
                "sideWidth":1.4,
                "sideLength":18,
                "smokeEffect": "none",
                "shootEffect": "shootSmallColor",
                "colors": [
                    "FEEBB390",
                    "FEEBB380",
                    "FFFFFF"
                ],
                "hitEffect":"hitLaserColor",
                "hitColor":"FEEBB3"
            }
        },
        {
            "name":"竭泽2",
            "x":-17.5,
            "y":-6,
            "reload":12,
            "rotate":true,
            "rotateSpeed":6,
            "shootCone":5,
            "shootSound":"sap",
            "soundPitchMin":0.5,
            "soundPitchMax":0.5,
            "recoil":1,
            "bullet":{
                "type":"LaserBulletType",
                "damage":50,
                "buildingDamageMultiplier": 1.25,
                "lifesteal":0.4,
                "pierceArmor":true,
                "status":"崩溃",
                "statusDuration":12,
                "width":8,
                "lifetime":20,
                "length":180,
                "sideWidth":1.4,
                "sideLength":18,
                "smokeEffect": "none",
                "shootEffect": "shootSmallColor",
                "colors": [
                    "FEEBB390",
                    "FEEBB380",
                    "FFFFFF"
                ],
                "hitEffect":"hitLaserColor",
                "hitColor":"FEEBB3"
            }
        }
    ]
}