{
	"type": "naval",
	"name": "长弓",
	"speed": 0.92,
	"rotateSpeed": 1.5,
	"fogRadius": 36,
	"lightRadius": 300,
	"ammoType": "graphite",
	"ammoCapacity": 600,
	"hitSize": 43,
	"trailLength": 45,
	"waveTrailX": 12,
	"waveTrailY": -23,
	"trailScl": 3,
	"health": 3800,
	"armor": 22,
	"range": 360,
	"faceTarget": false,
	"abilities": [
		{
			"type": "StatusFieldAbility",
			"duration": 65,
			"reload": 400,
			"range": 55,
			"applyEffect": "none",
			"activeEffect": {
				"type": "WaveEffect",
				"lifetime": 30,
				"sizeFrom": 8,
				"sizeTo": 40,
				"strokeFrom": 2,
				"strokeTo": 0,
				"colorFrom": "FEEBB3",
				"colorTo": "FEEBB3"
			},
			"effect": "shielded"
		}
	],
	"research": {
		"parent": "特种工厂",
		"objectives": [
			{
				"type": "SectorComplete",
				"preset": "中央盆地"
			}
		]
	},
	"weapons": [
		{
			"name": "长弓2",
			"x": 6,
			"y": 11,
			"rotate": true,
			"shootSound": "bolt",
			"recoil": 1.2,
			"rotateSpeed": 9,
			"reload": 6,
			"bullet": {
				"type": "PointBulletType",
				"trailEffect": {
					"type": "ParticleEffect",
					"particles": 1,
					"sizeFrom": 1,
					"sizeTo": 0,
					"length": 0,
					"lifetime": 10,
					"interp": "circleOut",
					"sizeInterp": "pow10In",
					"colorFrom": "FEEBB3",
					"colorTo": "FEEBB380",
					"cone": 0
				},
				"trailSpacing": 2,
				"splashDamage": 13,
				"splashDamageRadius": 8,
				"status": "unmoving",
				"statusDuration": 6,
				"pierceArmor": true,
				"buildingDamageMultiplier": 2.6,
				"speed": 200,
				"lifetime": 1,
				"hitSound": "none",
				"smokeEffect": "none",
				"shootEffect": {
					"type": "ParticleEffect",
					"particles": 1,
					"sizeFrom": 3,
					"sizeTo": 0,
					"length": 0,
					"baseLength": 0,
					"lifetime": 11,
					"colorFrom": "FEEBB3",
					"colorTo": "FEEBB3"
				},
				"hitEffect": {
					"type": "ParticleEffect",
					"particles": 1,
					"sizeFrom": 10,
					"sizeTo": 0,
					"length": 0,
					"baseLength": 0,
					"lifetime": 11,
					"colorFrom": "FEEBB3",
					"colorTo": "FEEBB3"
				},
				"despawnEffect": "none"
			}
		},
		{
			"name": "长弓2",
			"x": 12,
			"y": 0,
			"rotate": true,
			"shootSound": "bolt",
			"recoil": 1.2,
			"rotateSpeed": 9,
			"reload": 8,
			"bullet": {
				"type": "PointBulletType",
				"trailEffect": {
					"type": "ParticleEffect",
					"particles": 1,
					"sizeFrom": 1,
					"sizeTo": 0,
					"length": 0,
					"lifetime": 10,
					"interp": "circleOut",
					"sizeInterp": "pow10In",
					"colorFrom": "FEEBB3",
					"colorTo": "FEEBB3",
					"cone": 0
				},
				"trailSpacing": 2,
				"splashDamage": 18,
				"splashDamageRadius": 8,
				"status": "崩溃",
				"statusDuration": 8,
				"pierceArmor": true,
				"buildingDamageMultiplier": 2.6,
				"speed": 200,
				"lifetime": 1.5,
				"hitSound": "none",
				"smokeEffect": "none",
				"shootEffect": {
					"type": "ParticleEffect",
					"particles": 1,
					"sizeFrom": 3,
					"sizeTo": 0,
					"length": 0,
					"baseLength": 0,
					"lifetime": 11,
					"colorFrom": "FEEBB3",
					"colorTo": "FEEBB3"
				},
				"hitEffect": {
					"type": "ParticleEffect",
					"particles": 1,
					"sizeFrom": 10,
					"sizeTo": 0,
					"length": 0,
					"baseLength": 0,
					"lifetime": 11,
					"colorFrom": "FEEBB3",
					"colorTo": "FEEBB3"
				},
				"despawnEffect": "none"
			}
		},
		{
			"name": "长弓0",
			"x": 0,
			"y": 10,
			"shoot": {
				"type": "ShootBarrel",
				"barrels": [
					12,0,-22.5
				]
			},
			"reload": 360,
			"shootCone": 360,
			"controllable": false,
			"autoTarget": true,
			"shootSound": "mineDeploy",
			"ignoreRotation": true,
			"rotate": false,
			"inaccuracy": 3,
			"bullet": {
				"reflectable": false,
				"damage": 378,
				"splashDamageRadius": 77,
				"splashDamage": 470,
				"status": "blasted",
				"statusDuration": 60,
				"homingDelay": 16,
				"homingRange": 160,
				"homingPower": 0.12,
				"pierceArmor": true,
				"pierce": true,
				"pierceCap": 2,
				"hittable": false,
				"absorbable": false,
				"collidesAir": false,
				"collideFloor": true,
				"layer": 50,
				"shootEffect": "none",
				"smokeEffect": "none",
				"hitEffect": {
					"type": "MultiEffect",
					"effects": [
						{
							"type": "ParticleEffect",
							"particles": 18,
							"interp": "pow10Out",
							"sizeInterp": "pow10In",
							"sizeFrom": 11,
							"sizeTo": 0,
							"length": 55,
							"baseLength": 23,
							"lifetime": 95,
							"colorFrom": "737373FF",
							"colorTo": "737373FF"
						},
						{
							"type": "ParticleEffect",
							"particles": 22,
							"interp": "pow10Out",
							"sizeInterp": "pow5In",
							"sizeFrom": 9,
							"sizeTo": 0,
							"length": 89,
							"baseLength": 0,
							"lifetime": 60,
							"colorFrom": "596ab8",
							"colorTo": "596ab890"
						},
						{
							"type": "ParticleEffect",
							"particles": 32,
							"line": true,
							"strokeFrom": 2,
							"strokeTo": 0,
							"lenFrom": 44,
							"lenTo": 0,
							"length": 63,
							"baseLength": 13,
							"lifetime": 15,
							"colorFrom": "FFFFFF",
							"colorTo": "FFE176FF"
						},
						{
							"type": "WaveEffect",
							"lifetime": 22,
							"sizeFrom": 1,
							"sizeTo": 78,
							"strokeFrom": 5,
							"strokeTo": 0,
							"colorFrom": "FFE176FF",
							"colorTo": "FFFFFF"
						}
					]
				},
				"despawnEffect": "none",
				"hitShake": 8,
				"hitSound": "explosion",
				"hitSoundVolume": 8,
				"sprite": "missile-large",
				"weaveScale": 8,
				"weaveMag": 1,
				"trailLength": 20,
				"trailWidth": 2.6,
				"trailColor": "596ab890",
				"backColor": "596ab890",
				"frontColor": "E3E3E390",
				"trailChance": 1,
				"trailInterval": 2,
				"trailEffect": {
					"type": "ParticleEffect",
					"particles": 5,
					"sizeFrom": 3,
					"sizeTo": 8,
					"lifetime": 95,
					"interp": "pow10Out",
					"baseLength": 3,
					"cone": 30,
					"length": -75,
					"colorFrom": "596ab880",
					"colorTo": "596ab800",
					"layer": 50.1
				},
				"trailRotation": true,
				"drag": -0.008,
				"width": 10,
				"height": 28,
				"speed": 2.7,
				"lifetime": 110
			}
		},
		{
			"name": "长弓3",
			"type": "PointDefenseWeapon",
			"x": 4,
			"y": -17,
			"rotate": true,
			"recoil": 0,
			"rotateSpeed": 9,
			"reload": 30,
			"targetInterval": 30,
			"targetSwitchInterval": 30,
			"bullet": {
				"speed": 20,
				"lifetime": 8,
				"shootEffect": "sparkShoot",
				"hitEffect": "pointHit",
				"maxRange": 150,
				"damage": 30
			}
		},
		/*not working? why?
		{
			"name": "长弓3",
			"type": "PointDefenseBulletWeapon",
			"x": 4,
			"y": -17,
			"autoTarget":true,
			"controllable":false,
			"rotate": true,
			"recoil": 0,
			"rotateSpeed": 9,
			"reload": 10,
			"targetInterval": 10,
			"targetSwitchInterval": 10,
			"damageTargetWeight": 20,
			"bullet": {
				"type":"InterceptorBulletType",
				"sprite": "circle-bullet",
				"speed": 20,
				"lifetime": 9,
				"width": 4,
				"height": 4,
				"trailLength": 10,
				"trailWidth": 2.2,
				"trailColor": "FEEBB3",
				"shrinkY": 0,
				"keepVelocity": false,
				"reflectable": false,
				"frontColor": "FFFFFF",
				"backColor": "FEEBB3",
				"shootEffect": "sparkShoot",
				"hitEffect": "pointHit",
				"maxRange": 180,
				"damage": 30
			}
		},*/
		{
			"name": "长弓3",
			"type": "PointDefenseWeapon",
			"x": 5,
			"y": 4,
			"rotate": true,
			"recoil": 0,
			"rotateSpeed": 9,
			"reload": 10,
			"targetInterval": 10,
			"targetSwitchInterval": 10,
			"bullet": {
				"speed": 20,
				"lifetime": 8,
				"shootEffect": "sparkShoot",
				"hitEffect": "pointHit",
				"maxRange": 130,
				"damage": 24
			}
		},
		{
			"name": "长弓1",
			"mirror": false,
			"x": 0,
			"y": -8,
			"xRand": 6,
			"recoil": 1,
			"shootY": 8,
			"reload": 9.23,
			"shootCone": 360,
			"shootSound": "missile",
			"rotateSpeed": 6,
			"rotate": true,
			"inaccuracy": 13,
			"controllable": false,
			"autoTarget": true,
			"bullet": {
				"type": "FlakBulletType",
				"hitSound": "explosion",
				"damage": 77,
				"splashDamageRadius": 25,
				"splashDamage": 21,
				"homingDelay": 15,
				"homingRange": 380,
				"homingPower": 0.2,
				"hitEffect": "flakExplosion",
				"despawnEffect": "none",
				"sprite": "饱和火力-落雁",
				"trailLength": 5,
				"trailWidth": 2,
				"trailColor": "FFFFFF",
				"backColor": "FF5B5B",
				"frontColor": "E3E3E3",
				"drag": -0.01,
				"width": 10,
				"height": 45,
				"speed": 8,
				"lifetime": 48
			}
		}
	]
}