{
	"type": "flying",
	"name": "雷鸣",
	"speed": 2,
	"drag": 0.04,
	"accel": 0.05,
	"rotateSpeed": 5,
	"ammoType": {
		"type": "PowerAmmoType",
		"totalPower": 8000
	},
	"ammoCapacity": 60,
	"hitSize": 30,
	"flying": true,
	"health": 1800,
	"armor": 22,
	"lightRadius": 60,
	"lightColor": "FEEBB3",
	"fogRadius": 25,
	"engineOffset": 14,
	"engineSize": 4.5,
	"research": {
		"parent": "工农",
		"objectives": [
			{
				"type": "SectorComplete",
				"preset": "雷鸣裂谷"
			}
		]
	},
	"parts": [
		{
			"type": "RegionPart",
			"mirror": false,
			"suffix": "-下",
			"moveY": 3,
			"moves":[
				{
					"progress":"recoil",
					"y": -2
				}
			]
		}],
	"weapons": [
		{
			"name": "雷鸣1",
			"x": 0,
			"shootWarmupSpeed":0.13,
			"minWarmup":0.9,
			"reload": 48,
			"shootStatus": "shielded",
			"shootStatusDuration": 50,
			"shoot": {
				"shots": 3,
				"shotDelay": 3,
				"type": "ShootPattern",
				"firstShotDelay": 14
			},
			"inaccuracy": 0,
			"mirror": false,
			"rotate": false,
			"shootSound": "laser",
			"shootY": 6,
			"bullet": {
				"type": "BasicBulletType",
				"speed": 10,
				"recoil": 0.3,
				"lifetime": 30,
				"width": 12,
				"height": 15,
				"damage": 17,
				"hitSize": 20,
				"shrinkY": 0,
				"knockback": 9,
				"frontColor": "FEEBB3",
				"backColor": "FEEBB3",
				"trailLength": 5,
				"trailWidth": 2.25,
				"trailColor": "FEEBB3AA",
				"splashDamageRadius": 45,
				"splashDamage": 65,
				"hitShake": 2,
				"chargeEffect": {
					"type": "WaveEffect",
					"interp":"circleOut",
					"lifetime": 14,
					"sizeFrom": 28,
					"sizeTo": 0,
					"strokeFrom": 0,
					"strokeTo": 1.25,
					"colorFrom": "FEEBB390",
					"colorTo": "FEEBB3"
				},
				"trailInterval": 1,
				"trailRotation": true,
				"trailEffect": {
					"type": "ParticleEffect",
					"particles": 3,
					"interp": "pow10Out",
					"line": true,
					"lenFrom": 18,
					"lenTo": 0,
					"strokeFrom": 1.5,
					"strokeTo": 1,
					"length": -45,
					"baseLength": 0,
					"lifetime": 40,
					"colorFrom": "FEEBB3",
					"colorTo": "FEEBB3",
					"cone": 13
				},
				"smokeEffect": {
					"type": "ParticleEffect",
					"particles": 9,
					"interp": "pow10Out",
					"line": true,
					"lenFrom": 18,
					"lenTo": 0,
					"strokeFrom": 1.5,
					"strokeTo": 1,
					"length": 45,
					"baseLength": 0,
					"lifetime": 40,
					"colorFrom": "FEEBB3",
					"colorTo": "FEEBB3",
					"cone": 13
				},
				"hitEffect": {
					"type": "MultiEffect",
					"effects": [
						{
							"type": "ParticleEffect",
							"particles": 6,
							"sizeFrom": 4,
							"sizeTo": 0,
							"length": 40,
							"baseLength": 8,
							"lifetime": 35,
							"colorFrom": "FEEBB3",
							"colorTo": "FFFFFF"
						},
						{
							"type": "WaveEffect",
							"lifetime": 18,
							"sizeFrom": 1,
							"sizeTo": 70,
							"strokeFrom": 3,
							"strokeTo": 0,
							"colorFrom": "FEEBB3",
							"colorTo": "FEEBB380"
						}
					]
				},
				"despawnEffect": "none",
				"ammoMultiplier": 6,
				"status": "shocked",
				"lightningDamage": 18,
				"lightning": 3,
				"lightningLength": 6,
				"lightningLengthRand": 4
			}
		},
		{
			"name": "雷鸣2",
			"x": 0,
			"shootY": 3,
			"shootWarmupSpeed":0.12,
			"minWarmup":0.9,
			"reload": 300,
			"recoil": 0,
			"inaccuracy": 0,
			"rotate": false,
			"mirror": false,
			"shootSound": "laserblast",
			"bullet": {
				"shootEffect": {
					"type": "ParticleEffect",
					"particles": 9,
					"interp": "pow10Out",
					"sizeInterp": "pow10In",
					"sizeFrom": 7,
					"sizeTo": 0,
					"length": 35,
					"baseLength": 0,
					"lifetime": 66,
					"colorFrom": "FEEBB3",
					"colorTo": "FEEBB3AA"
				},
				"smokeEffect": "none",
				"despawnEffect": "none",
				"hitEffect": {
					"type": "MultiEffect",
					"effects": [
						{
							"type": "ParticleEffect",
							"particles": 9,
							"sizeFrom": 8,
							"sizeTo": 0,
							"length": 65,
							"baseLength": 9,
							"lifetime": 15,
							"colorFrom": "FEEBB3",
							"colorTo": "FFFFFF",
							"cone": 40
						},
						{
							"type": "WaveEffect",
							"lifetime": 10,
							"sizeFrom": 2,
							"sizeTo": 60,
							"strokeFrom": 5,
							"strokeTo": 0,
							"colorFrom": "FEEBB3",
							"colorTo": "FEEBB3"
						}
					]
				},
				"hitSound": "plasmaboom",
				"shrinkY": 0,
				"width": 38,
				"height": 38,
				"spin": 10,
				"hitSize": 15,
				"sprite": "large-bomb",
				"frontColor": "FEEBB3",
				"backColor": "FEEBB3",
				"trailLength": 13,
				"trailWidth": 4,
				"trailColor": "FEEBB3",
				"speed": 3,
				"lifetime": 120,
				"damage": 80,
				"splashDamageRadius": 80,
				"splashDamage": 20,
				"pierce": true,
				"status": "崩溃",
				"statusDuration": 10,
				"bulletInterval": 2,
				"intervalBullets": 3,
				"intervalRandomSpread": 360,
				"intervalSpread": 16,
				"intervalAngle": 0,
				"intervalBullet": {
					"type": "LightningBulletType",
					"damage": 16,
					"lightningColor": "FEEBB3FAA",
					"hitColor": "FEEBB3AA",
					"lightningLength": 5,
					"lightningLengthRand": 5,
					"hitEffect": "hitLancer",
					"despawnEffect": "none",
					"status": "shocked",
					"statusDuration": 10
				}
			}
		}
	]
}