{
	"name":"RW交易站"
	"type":"GenericCrafter"
	"description": "将mdt电力换成RW资金",
	"itemCapacity":40,/*物品容量，数字都能改别的*/
	"health":200,
	"size":3,/*最高16，不然会崩*/
	"hasPower": false,/*是否需要电*/
	"hasItems": true,/*是否需要物品*/
	"craftTime":60,//生产时间
		"craftEffect":"smeltsmoke",
	"consumes": {
		"power":8/*游戏里会乘60*/
},
	"outputItem": { "item": "钱", "amount": 1 }/*输出的物品*/
	
	"requirements": [
		{ "item": "graphite", "amount": 40 },
		{ "item": "silicon", "amount": 35 }/*建造所用物品*/
	],
	"category": "crafting",
	"research": "指挥中心",/*前置研究*/
}