{
	"type": "GenericCrafter",
	"name": "供应站-水晶",
	"health": 500,
	"description": "将资金转化为水晶",
	"updateEffect": "pulverizeMedium",
	"outputItem": { "item": "水晶", "amount": 1 },
	"alwaysUnlocked": false,
	"size": 1,
	"hasPower": true,
	"hasLiquids": true,
	"hasItems": true,
	"craftTime": 66,
	"itemCapacity": 15,
	"consumes": {
    "items": {	 "items": [
    { "item": "钱", "amount": 10}
 	]
  } },
"requirements": [
	{ "item": "钱", "amount": 10},
	],
	"category": "crafting",
	    "research":"指挥中心"
	"researchCostMultiplier": 0,
	    "canOverdrive": false,
	    "hasShadow":false
}