{
    "type": "PowerTurret",
    "name": "修复湾",
    "description": "只能修复建筑，但是能够百分比修复",
    "targetAir": false,
    "targetGround": false,
    "health": 1000,
    "size": 3,
    "shootSound": "无",
    "shake": 0
    "inaccuracy": 0,
    "recoil": 0,
    "shoot": {
        "type": "ShootAlternate",
        "barrels": 1,
        "spread": 4
    },
	"targetHealing":true,
	"canOverdrive": false,
    "shootType": {
	"type":"ArtilleryBulletType",
	"frontColor":"97FFA8FF",
	"backColor":"97FFA8FF",
	"width": 3,
	"height": 12,
	"speed": 10,
	"lifetime":23,
      	"healPercent": 0.04,
      	"splashDamageRadius":8
		"splashDamage":0
        "damage":0
        "collidesAir": true
        "collidesGround": true
        "targetAir": false
        "targetGround": false
                "collidesTeam":true,
    },
    "reload": 1,
    "rotateSpeed": 99,
    "range": 230,
    "category": "turret",
    "research": "mend-projector",
   "requirements": [
		{ "item":"钱","amount": 150},
	],
	"category": "effect",
	"research":"指挥中心"
	    "researchCostMultiplier": 0.4,
	        "canOverdrive": false,
	        "hasShadow":false
}