{
	"type": "AttributeCrafter",
	"name": "资源油提取机t2",
	"description": "生成资金用于建造RW单位",
	"outputItem": { "item": "钱", "amount": 7},
		"unitCapModifier": 1
	"size": 1,
	"health":1000,
	"itemCapacity": 99999,
	"hasPower": false,
	"hasLiquids": false,
	"hasItems": true,
	"craftTime": 300,
	"category": "production",
"requirements": [
    { "item": "钱", "amount": 210},],
		"research": "油井"
	"baseEfficiency": -0.7,
"attribute": "oil",
"maxBoost":1.7
	 "researchCostMultiplier": 0.6
	 "canOverdrive": false,
	 "hasShadow":false
}