{
	"type": "AttributeCrafter",
	"name": "资源油提取机t3(超频模式)",
	"description": "生成水晶用于建造RW高阶单位",
	"outputItem": { "item": "水晶", "amount": 1},
		"unitCapModifier": 1
	"size": 1,
	"health":1100,
	"itemCapacity": 99999,
	"hasPower": false,
	"hasLiquids": false,
	"hasItems": true,
	"craftTime": 200,
	"category": "production",
"requirements": [
    { "item": "钱", "amount": 510},
    { "item": "水晶", "amount": 90},],
		"research": "油井3A"
	"baseEfficiency": -0.7,
	"maxBoost":1.7
"attribute": "oil",
	 "researchCostMultiplier": 2
	 "canOverdrive": false,
	 "hasShadow":false
}