{
	"type": "GenericCrafter",
	"name": "冷冻混合终端",
	"health": 720,
	"outputLiquid": {
		"liquid": "cryofluid",
		"amount": 1.5
	},
	"itemCapacity": 14,
	"size": 4,
	"drawer": {
		"type": "DrawMulti",
		"drawers": [
			{
				"type": "DrawRegion",
				"suffix": "-bottom"
			},
			{
				"type": "DrawLiquidTile",
				"drawLiquid": "cryofluid"
			},
			"DrawDefault"
		]
	},
	"hasItems": true,
	"hasLiquids": true,
	"outputsLiquid": true,
	"hasPower": true,
	"liquidCapacity": 60,
	"craftTime": 60,
	"updateEffect": "freezing",
	"consumes": {
		"power": 4,
		"items": [
			"titanium/3"
		],
		"liquid": "water/1.25"
	},
	"requirements": [
	{"item": "silicon", "amount": 750	},
		{ "item": "铜钛合金", "amount": 525 },
		{ "item": "graphite", "amount": 450 }
		{ "item": "thorium", "amount": 145 },
		{ "item": "surge-alloy", "amount": 150 }
		],
	"category": "crafting",
	"research": "奇思妙想-复合冷冻混合机"
}