{
    "name": "复合塑钢熔炼炉",
    //名字
    "type": "GenericCrafter",
    //类型:制作站
    "description": "通过高温混合石油和钛批量生产塑钢。\n\n[green][纪元技术中级工厂]",
    //介绍
    "craftEffect": "pulverizeSmall"
	"updateEffect": "pulverizeMedium",
    "itemCapacity": 12,
    //物品容量
    "health": 625,
    //血量
    "size": 3,
    //大小（1为一格）
    "hasPower": true,
    //需求电力
    "hasLiquids": true,
    //需求液体
    "hasItems": true,
    //需求物品
    "craftTime": 40,
    //生产时间
    "updateEffect": "none",
    //生产时效果
    "consumes": {
    //输入
    "power": 2,
        "items": {
        //物品
            "items": [
            //物品
                {
                    "item": "titanium",
                    //物品:铜
                    "amount": 3
                    //输入数量
                },
            ]
        },
        "liquid": {
        //液体
            "liquid": "oil",
            //液体:水
            "amount": 0.52
            //输入数量（此输入将*60）
        }
    },
    "liquidCapacity": 60,
    //液体容量
    "outputItem": {
    //输出
        "item": "plastanium",
        //物品
        "amount": 4
        //输出数量
    }
    "requirements": [
    //建造需求
        {
            "item": "titanium",
            //物品:铜
            "amount": 100
            //需求数量
        },
        {
            "item": "graphite",
            //物品:玻璃
            "amount":125
            //需求数量
        },
        {
            "item": "silicon",
            //物品:硅
            "amount": 150
            //需求数量
        },
        {
            "item": "lead",
            "amount": 85
        }
        { "item": "奇思妙想-铜钛合金", "amount": 60 },
    ],
    "category": "crafting",
    	"research": {
	"parent":"multi-press"
	"objectives": [
			{
				"type": "OnComplete",
				"preset": "facility32m"
			}
			"plastanium-compressor"
	]
	}
	"researchCostMultiplier": 0.1
}