{
	"type": "GenericCrafter",
	"name": "彩虹合金冶炼厂",
	"health": 320,
	"description": "高效熔炼 **彩虹合金",
	"details":"熔铸彩虹，锻造未来！” Melting the Rainbow, Forging the Future!",
	"outputItem": { "item": "奇思妙想-彩金", "amount": 1 },
	"alwaysUnlocked": false,
	"size": 3,
	"hasPower": false,
	"hasLiquids": false,
	"hasItems": true,
	"craftTime": 34,
	"itemCapacity": 30,
	"consumes": {
    "items": {	 "items": [
           "titanium/4",
			"silicon/3"
			"copper/2",
			"lead/3"
		 "surge-alloy/1",
			"奇思妙想-量子晶体/2"
             "奇思妙想-生命合金/2",
			"奇思妙想-中子素/2"
              "奇思妙想-钫/3",
 ],
 	"liquid": "cryofluid/0.39" 
  } },
"requirements": [
		"surge-alloy/1500",
		"plastanium/580",
		"奇思妙想-钫/580",
		"奇思妙想-终极建筑许可/8",
		"奇思妙想-量子晶体/400",
		"奇思妙想-生命合金/1400"
	],
	"category": "crafting",
	"updateEffect": "pulverizeSmall",
	"craftEffect": "blastsmoke"
	"research": "奇思妙想-生命合金炉"
	"research": {
	"parent":"奇思妙想-生命合金炉"
	}
	"researchCostMultiplier": 0.5
	"buildCostMultiplier":0.7
}