{
	"type": "AttributeCrafter",
	"health": 720,
		"attribute": "heat",
	"name": "热能窑炉",
	"description": "批量制作玻璃，需要硫化物当做燃料。",
		"details":"感谢鼠标提供的贴图",
	"outputItem": {"item": "metaglass", "amount": 8	},
	"itemCapacity": 40,
	"size": 4,
	"hasPower": true,
	"hasLiquids": false,
	"hasItems": true,
	"craftTime": 35,
	"updateEffect":"none",
	"drawer":{
        "type":"DrawMulti",
        "drawers":[
            "DrawDefault",
			"DrawFlame"
            ]
    },
	"consumes": {
	"power": 5,
	"items": {	"items": [
	{ "item": "pyratite", "amount": 1},
	{ "item": "lead", "amount": 4 },
	{ "item": "sand", "amount": 6 }	]
		}
	},
	"requirements": [
	{"item": "silicon", "amount": 150	},
	{ "item": "titanium", "amount":200 },
		{ "item": "铜钛合金", "amount": 200 },
		{ "item": "graphite", "amount": 40 }
		{ "item": "plastanium", "amount": 55 },
		{ "item": "metaglass", "amount": 100 }
		],
	"category": "crafting",
	"research": "multi-press"
}