{
	"type": "GenericCrafter",
	"name": "终极合金厂",
	"outputItem": "surge-alloy/5",
	"size": 3,
	"hasPower": true,
	"hasLiquids": true,
	"hasItems": true,
	"craftTime": 120,
	"itemCapacity": 200,
	"drawer": {
		"type": "DrawMulti",
		"drawers": [
			"DrawDefault",
			"DrawFlame"
		]
	},
	"consumes": {
		"power": 7.5,
		"liquid": {
			"liquid": "oil",
			"amount": 0.3,
			"booster": false
		},
		"items": [
			"coal/100"
		]
	},
		"requirements": [
		"奇思妙想-铜钛合金/250",
		"奇思妙想-超位物/15",
		"phase-fabric/750",
			"奇思妙想-量子晶体/350",
		"metaglass/135",
		"奇思妙想-终极建筑许可/13",
		"surge-alloy/250"
	],
	"buildVisibility": "sandboxOnly",
	"category": "crafting",
	"research": "奇思妙想-生命合金炉"
}