{
	"type": "GenericCrafter",
	"name": "重合织布终端",
	"description": "利用织布技术批量生产相知布\n\n[green][纪元技术高级工厂]",
	"outputItem": { "item": "phase-fabric", "amount": 12 },
	"size": 4,
	"hasPower": true,
	"hasLiquids": true,
	"hasItems": true,
	"craftTime": 120,
	"itemCapacity": 60,
    "drawer": [
        {
            "type": "DrawRegion"
            "suffix": "-bottom",
        },
        	{
				"type": "DrawLiquidRegion",
				"drawLiquid": "water",
				"suffix": "-liquid"
			},
        "DrawWeave",
        "DrawDefault",
    ],
	"updateEffect":{"type": "WaveEffect",
		"lifetime": 10,
		"sizeFrom": 0,
		"sizeTo": 18,
		"strokeFrom": 2,
		"strokeTo": 0,
		"colorFrom": "FFF1D2FF",
		"colorTo": "FFD197FF"},
	"consumes": {
		"power": 4,
		"items": [
			"thorium/12"
				"sand/2"
		],
		"liquid": "water/0.44"
	},
	"requirements": [
		"thorium/125",
		"silicon/550",
		"plastanium/750",
		"phase-fabric/830",
		"奇思妙想-二级建筑许可/4"
	],
	"category": "crafting",
	"research": {
	"parent":"奇思妙想-相织布复合厂"
	"objectives": [
            {
				"type": "SectorComplete",
				"preset": "impact0078"
			}
	]
	}
	"buildCostMultiplier":0.6
}