{
	"type": "GenericCrafter",
	"health": 360,
	"name": "量子窑炉",
	"outputItem": "奇思妙想-量子玻璃/2",
	"itemCapacity": 40,
	"size": 3,
	"hasPower": true,
	"hasLiquids": false,
	"hasItems": true,
	"craftTime": 35,
	"updateEffect": "none",
	"craftEffect": "smeltsmoke",
	"drawer": {
		"type": "DrawMulti",
		"drawers": [
			"DrawDefault",
			{
				"type": "DrawFlame",
				"flameRadius": 0,
				"flameRadiusIn": 0,
				"flameRadiusMag": 0,
				"flameRadiusInMag": 0
			}
		]
	},
	"consumes": {
		"power": 2.5,
		"items": [
			"metaglass/2",
			"奇思妙想-量子晶体/1",
			"奇思妙想-魔力沙/3"
		]
	},
	"requirements": [
		"graphite/70",
		"metaglass/120",
		"titanium/100"
	],
	"category": "crafting",
	"ambientSound": "smelter",
	"research": "kiln"
}