{
    "name": "深层钻井",
    //名字
    "type": "GenericCrafter",
    //类型:制作站
    "description": "从极其深的地方挖掘钻石，时间较长。",
    //介绍
    "itemCapacity": 12,
    //物品容量
    "health": 100,
    //血量
    "size": 3,
    //大小（1为一格）
    "hasPower": true,
    //需求电力
    	"consumes": {
   "power":4
   	"liquid": 
	{"liquid": "cryofluid", "amount": 0.1 }
		},
    "hasLiquids": false,
    //需求液体
    "hasItems": false,
    //需求物品
    "craftTime": 300,
    //生产时间
    "updateEffect": true,
    //生产时效果
    "outputItem": {
    //输出
        "item": "钻石",
        //物品
        "amount": 1
        //输出数量
    }
    "requirements": [
    //建造需求
        {
            "item": "titanium",
            //物品:铜
            "amount": 100
            //需求数量
        },
        {
            "item": "铜钛合金",
            //物品:玻璃
            "amount": 100
            //需求数量
        },
        { "item": "metaglass", "amount": 45 }
        { "item": "graphite", "amount": 90 }
        { "item": "plastanium", "amount": 60 }
        {
            "item": "silicon",
            //物品:硅
            "amount": 80
            //需求数量
        },
    ],
    "category": "crafting",
    //分类
    "research": "multi-press",
    //前置研究:玻璃
    "idleSound": "respawning",
    //生产时音效
    "idleSoundVolume": 0.5
    //音效音量大小    
}