{
	"type": "GenericCrafter",
	"health": 720,
	"name": "高压硫捆合终端",
	"description": "通过高压捆合硫化物，产量巨大大。",
	"outputItem": {"item": "pyratite", "amount": 15	},
	"itemCapacity": 40,
	"size": 4,
	"hasPower": true,
	"hasLiquids": false,
	"hasItems": true,
	"craftTime": 12,
	"updateEffect":"none",
	"drawer":{
        "type":"DrawMulti",
        "drawers":[
            "DrawDefault",
			"DrawFlame"
            ]
    },
	"consumes": {
	"power": 7,
	"items": {	"items": [
	{ "item": "coal", "amount": 20},
	{ "item": "sand", "amount": 10 },
	{ "item": "lead", "amount": 15 }]
		}
	},
	"requirements": [
	{"item": "silicon", "amount": 750	},
	{ "item": "生命合金", "amount":220 },
		{ "item": "铜钛合金", "amount": 525 },
		{ "item": "graphite", "amount": 450 }
		{ "item": "phase-fabric", "amount":100 },
		{ "item": "thorium", "amount": 145 },
		{ "item": "surge-alloy", "amount": 150 }
		],
	"category": "crafting",
	"research": "奇思妙想-复合硫混合器"
}