{
	"type": "GenericCrafter",
	"health": 720,
	"name": "高压塑钢终端",
	"description": "通过高压批量制作塑钢，产量较大。",
	"outputItem": {"item": "plastanium", "amount": 10	},
	"itemCapacity": 40,
	"size": 4,
	"hasPower": true,
	"hasLiquids": false,
	"hasItems": true,
	"craftTime": 35,
	"updateEffect":"none",
	"consumes": {
	"power": 7.5,
	"items": {	"items": [
	{ "item": "titanium", "amount": 6 }]
		}
		        "liquid": {
        //液体
            "liquid": "oil",
            //液体:水
            "amount": 0.591
            //输入数量（此输入将*60）
        }
	},
	"requirements": [
	{"item": "silicon", "amount": 1000	},
	{ "item": "生命合金", "amount":352 },
		{ "item": "铜钛合金", "amount": 750 },
		{ "item": "graphite", "amount": 550 }
		{ "item": "phase-fabric", "amount":125 },
		{ "item": "plastanium", "amount": 225 },
		{ "item": "surge-alloy", "amount": 175 }
		],
	"category": "crafting",
	"research": "奇思妙想-复合塑钢炉"
}