{
	"type": "naval",
	"name": "水华",
	"description": "超限集团的航母，没有攻击能力，但是能发射无人机辅助战斗。[red]无人机重建较慢，无人机攻击状态不会移动。\n[blue][超限技术航母]",
		"immunities": [
"wet","spore-slowed","tarred","freezing","tarred"
	],
	"speed":0.5,
	"rotateSpeed":0.8,
	"ammoType":{
	"type":"PowerAmmoType",
	"totalPower":100},
	"ammoCapacity": 60,
    "trailLength":24,
    "waveTrailX":0,
    "waveTrailY":-6,
    "trailScl":2,
	"hitSize":36, 
	"health": 880,
	"armor":4,
	"faceTarget": false,
	"maxRange": 450,
	"healColor": "c0ecff"
  "shieldColor": "c0ecff"
	    "abilities": [/*能力（如力场防御等） */
        {
        "type": "RepairFieldAbility"
        "amount":223
        "reload": 240
        "range": 88
    }]
	"weapons":[
	               	{	"name": "浮卵",	
		"reload":200
        "x": 0
         "y": 0
        "rotate": false,
        "inaccuracy": 0
		"shootSound": "respawn",
		"rotateSpeed": 1
		"alternate": true,
		"shootCone": 360,
		"ejectEffect":"casing1",
		"shootY":0
		"shootX":0
		"mirror":false
		"shoot":{
		"shots":2,
	    "shotDelay":50
	    "type": "ShootBarrel",
		"barrels": [
    -3, 10, 0,
    -3, -4, 0, 
  ]
	},
   "parts": [
			{
      "type": "RegionPart"
      "outline": false
      "suffix": "-2"
      "x": -3
      "y": 0
      "layer": 71
      "color": "FFFFFF00"
      "colorTo": "FFFFFF"
      "progress": {
        "type": "smoothReload"
        "op": "compress"
        "start": 0.749
        "end": 0.75
      }
    }
    {
      "type": "RegionPart"
      "outline": false
      "suffix": "-2"
      "x": -3
      "y": 0
      "layer": 71
      "moveY": -6
      "progress": {
        "type": "smoothReload"
        "op": "compress"
        "start": 0.2
        "end": 0.35
      }
      }
      {
      "type": "RegionPart"
      "outline": false
      "suffix": "-2"
      "x": -3
      "y": 8
      "layer": 71
      "color": "FFFFFF00"
      "colorTo": "FFFFFF"
      "progress": {
        "type": "smoothReload"
        "op": "compress"
        "start": 0.999
        "end": 0.1
      }
    }
    {
      "type": "RegionPart"
      "outline": false
      "suffix": "-2"
      "x": -3
      "y": 8
      "layer": 71
      "moveY": -14
      "progress": {
        "type": "smoothReload"
        "op": "compress"
        "start": 0.35
        "end": 0.5
      }
      }
			]
   "recoil": 0
		"bullet":{
		"type": "BasicBulletType",
             "spawnUnit": "无人机1",
             "speed": 0,
             }}
	{	"name": "水巢",	
		"reload":300
        "x": 0
         "y": 0
        "rotate": false,
        "inaccuracy": 0
		"shootSound": "respawn",
		"rotateSpeed": 1
		"alternate": true,
		"shootCone": 360,
		"ejectEffect":"casing1",
		"shootY":0
		"shootX":3
		"mirror":false
		"shootStatusDuration": 120,//发射时给自己的状态时间
	"shootStatus": "静止",//发射时给自己的状态
   "parts": [
   {
				"type": "RegionPart",
				"suffix": "-1",
				"layer": 72
			},
			{
      "type": "RegionPart"
      "outline": false
      "suffix": "-2"
      "x": 3
      "y": 0
      "layer": 71
      "color": "FFFFFF00"
      "colorTo": "FFFFFF"
      "progress": {
        "type": "smoothReload"
        "op": "compress"
        "start": 0.999
        "end": 1
      }
    }
    {
      "type": "RegionPart"
      "outline": false
      "suffix": "-2"
      "x": 3
      "y": 0
      "layer": 71
      "moveY": -6
      "progress": {
        "type": "smoothReload"
        "op": "compress"
        "start": 0.1
        "end": 0.25
      }
      }
			]
   "recoil": 0
		"bullet":{
		"type": "BasicBulletType",
             "spawnUnit": "无人机2",
             "speed": 0,
             }}
	]
	"research": {
	"parent":"uAABT1Q浮卵"
	"objectives": [
            {
				"type": "SectorComplete",
				"preset": "遗忘河滩"
			}
	]
	}
	//"controller": "DefenderAI"
}