{
	"type": "naval",
	"name": "河豚",
	"description": "中型战舰，拥有一门双管主炮，附带两架高射速的机枪攻击，对空对地，对建筑有伤害加成。\n[blue][超限技术海上舰船]",
		"immunities": [
		"wet","spore-slowed","tarred","甲板损坏"
	],
	"speed":0.4,
	"rotateSpeed":0.9,
	"ammoType":{
	"type":"PowerAmmoType",
	"totalPower":100},
	"ammoCapacity": 60,
    "trailLength":24,
    "waveTrailX":0,
    "waveTrailY":-6,
    "trailScl":2,
	"hitSize":32, 
	"health": 1260,
	"armor":8,
	"faceTarget": false,
	//"maxRange": 400,
	"healColor": "c0ecff"
  "shieldColor": "c0ecff"
	"weapons":[
		{"name": "机枪1",	
			"shoot":{
		"type":"ShootAlternate",
		"barrels":3,
		"spread":0.5
	},
	"shootCone":30
			  "parts": [
		{
				"type": "RegionPart",
				"suffix": "-底",
				"layer": 70
			},
			  {"type": "RegionPart",
        "mirror": false
        //"under":true,
        "x": 0.5
        "y": 0
        "suffix": "-管",
        "layer": 68
        "moveX": -0.5
        "moveY": 0
        "moveRot":0
        "progress": "reload",
        }
        {"type": "RegionPart",
        "mirror": false
        //"under":true,
        "x": 0
        "y": 0
        "suffix": "-管",
        "layer": 68
        "moveX": -0.5
        "moveY": 0
        "moveRot":0
        "progress": "reload",
        }
        {"type": "RegionPart",
        "mirror": false
        //"under":true,
        "x": -0.5
        "y": 0
        "suffix": "-管",
        "layer": 68
        "moveX": 1
        "moveY": 0
        "moveRot":0
        "progress": "reload",
        }
        {
				"type": "RegionPart",
				"suffix": "-口",
				//"under":true,
				"x":0
				"y":0
				"layer": 69
				//"recoilIndex": 3
				"moves": [{
						"progress": "recoil",
						"y": -0.2
					}],
				//"heatProgress": "heat"
			}
			]
	"ammoUseEffect": "casing2Double",
	//"shootSound":"respawn",
	"reload":3,
	"recoil":0
        "x": 4,  "y": 1
        "rotate": true,
        "mirror":true
		"shootY":4,
        "rotateSpeed":2,
        "inaccuracy": 0,
	"bullet":{
	"type":"BasicBulletType",
    "speed": 6
    "lifetime":30
	"width": 1.5
	"height": 5
	"damage":6
    "hitSize":4
    "buildingDamageMultiplier":5
	               	}}
	
	{	"name": "界限炮1",	
		"reload":44,
        "x": 0
         "y": -6
        "rotate": true,
        "inaccuracy": 3
		"shootSound": "artillery",
		"rotateSpeed": 1
		"alternate": true,
			"shootCone":30,
			"rotationLimit":180,
		"ejectEffect":"casing1",
		"shootY":16
		"mirror":false
	"recoils": 2,
			"shoot":{
		"type": "ShootAlternate",
		"barrels": 2
		"spread": 4
	},
   "parts": [
   {
				"type": "RegionPart",
				"suffix": "-底",
				"layer": 73
				"y":5
			},
        {
				"type": "RegionPart",
				"suffix": "-l",
				"under":true,
				"recoilIndex": 0
				"layer": 72
				"y":5
				"moves": [{
						"progress": "recoil",
						"y": -3
					}],
				//"heatProgress": "heat"
			},
			{
				"type": "RegionPart",
				"suffix": "-r",
				"under":true,
				"recoilIndex": 1
				"layer": 72
				"y":5
				"moves": [{
						"progress": "recoil",
						"y": -3
					}],
				//"heatProgress": "heat"
			}]
   "recoil": 0
		"bullet":{
	    "speed": 6
	    "lifetime":45
		"width": 16,"height": 22,
		"collidesGround":true,
			"collidesAir":false,
		"damage":33
		"shootEffect": "shootSmall",
		"pierceArmor": true,
			"status": "破甲",
			"statusDuration": 130,
		"collidesGround":true,
			"collidesAir":true,
        "backColor":"c0ecff",
        			"frontColor":"c0ecff"
        			"trailLength":8
        "trailWidth":1.5,
    "trailColor":"c0ecff",
    "backColor": "c0ecff",
				"frontColor": "c0ecff",
        "fragLifeMin":0.8,
            "lightningDamage":9,
            "lightningColor": "c0ecff",
    "lightning":4
    "lightningLength":12
    "fragBullets":5
    	"fragBullet": {
"despawnEffect": [{
            "type": "WaveEffect",
            "lifetime": 15,
            "sizeFrom": 0,
            "sizeTo": 12,
            "strokeFrom": 0,
            "strokeTo": 36,
            "colorFrom": "c0ecff",
            "colorTo": "c0ecff00"
        }
        {
            "type": "WaveEffect",
            "lifetime": 30,
            "sizeFrom": 12,
            "sizeTo": 12,
            "strokeFrom": 24,
            "strokeTo": 24,
            "colorFrom": "c0ecff40",
            "colorTo": "c0ecff00"
        }
        {
                "type": "ParticleEffect",
                "particles": 12
                "sizeFrom": 0,
                "sizeTo": 9,
                "line": true,
                "length": 0,
                "baseLength": 36,
                "lifetime": 60,
                "colorFrom": "c0ecff",
                "colorTo": "c0ecff00",
                "cone": 60}
        {
                "type": "ParticleEffect",
                "particles": 12
                "sizeFrom": 9,
                "sizeTo": 0,
                "line": true,
                "length": 0,
                "baseLength": 36,
                "lifetime": 60,
                "colorFrom": "c0ecff",
                "colorTo": "c0ecff",
                "cone": 60}
        {
                "type": "ParticleEffect",
                "particles": 12
                "sizeFrom": 0,
                "sizeTo": 9,
                "length": 0,
                "baseLength": 36,
                "lifetime": 60,
                "colorFrom": "c0ecff",
                "colorTo": "c0ecff00",
                "cone": 60}
        {
                "type": "ParticleEffect",
                "particles": 12
                "sizeFrom": 9,
                "sizeTo": 0,
                "length": 0,
                "baseLength": 36,
                "lifetime": 60,
                "colorFrom": "c0ecff",
                "colorTo": "c0ecff",
                "cone": 60}
        ]
		"frontColor":"c0ecff"
    "trailLength":12
    "trailWidth":1.5,
    "trailColor":"c0ecff",
    "backColor":"c0ecff",
    "frontColor":"c0ecff"
		"targetair": true
	    "collidesGround":true,
			"collidesAir":false,
		"damage":3,
	    "speed":0.5
	    "splashDamageRadius":12,
	"splashDamage":13
	"knockback": 1,
	    "lifetime":60
	    "width":8,	 "height":8
	    "homingRange": 300
        "homingPower": 0.5,
    "weaveMag":2,
	"weaveScale":4,
	"makeFire":true,
            "pierceArmor": true,
            "parts": [
                    {
                        "type": "FlarePart",
                        "rotation": 0,
                        "color1": "c0ecff",
                        "stroke": 2,
                        "radius": 0,
                        "radiusTo": 12,
                        "progress": {
                            "type": "life",
                            "op": "curve",
                            "interp": "pow3Out"
                        }
                    }
                ]
	}
	        "shootEffect": [{     
        "type": "WaveEffect",
        "lifetime": 20,
        "sizeFrom": 0,
        "sizeTo": 4,
        "strokeFrom": 2,
        "strokeTo": 0,
        "colorFrom": "c0ecff",
        "colorTo": "c0ecff"
	   }
	   {     
        "type": "WaveEffect",
        "lifetime": 20,
        "sizeFrom": 1,
        "sizeTo": 1,
        "strokeFrom": 2,
        "strokeTo": 0,
        "colorFrom": "c0ecff",
        "colorTo": "c0ecff00"
	   }
	   ]
	   "despawnEffect": [{
            "type": "WaveEffect",
            "lifetime": 20,
            "sizeFrom": 0,
            "sizeTo": 12,
            "strokeFrom": 24,
            "strokeTo": 0,
            "colorFrom": "c0ecff",
            "colorTo": "c0ecff00"
        }
        {
            "type": "WaveEffect",
            "lifetime": 20,
            "sizeFrom": 2,
            "sizeTo": 2,
            "strokeFrom": 4,
            "strokeTo": 4,
            "colorFrom": "c0ecff",
            "colorTo": "c0ecff00"
        }
        ]
        "hitEffect": [{
            "type": "WaveEffect",
            "lifetime": 20,
            "sizeFrom": 0,
            "sizeTo": 12,
            "strokeFrom": 24,
            "strokeTo": 0,
            "colorFrom": "c0ecff",
            "colorTo": "c0ecff00"
        }
        {
            "type": "WaveEffect",
            "lifetime": 20,
            "sizeFrom": 2,
            "sizeTo": 2,
            "strokeFrom": 4,
            "strokeTo": 4,
            "colorFrom": "c0ecff",
            "colorTo": "c0ecff00"
        }
        ]
	}	}
	]
	"research": {
	"parent":"uAABT1N田螺"
	"objectives": [
            {
				"type": "SectorComplete",
				"preset": "遗忘河滩"
			}
	]
	}
	//"controller": "DefenderAI"
}