{
  // 基础属性
  "type": "BurstDrill",          // 建筑类型：冲击钻
  "name": "锡冲击钻",            // 显示名称
  "description": "e星的冲击钻:)", // 描述文本
  "health": 400,  // 设备耐久度
  "tier": 3,                     // 挖掘等级（决定可开采资源）
  "itemCapacity": 60,            // 物品存储容量
  "liquidCapacity": 30,          // 液体存储容量
  "hasLiquids": true,            // 是否允许液体存储
  
  // 工作参数
  "drillTime": 260,              // 每次挖掘周期（单位：游戏帧，60帧=1秒）
  
  // 外观设置
  "size": 3,                     // 建筑占地尺寸（3x3格）
  "category": "production",      // 建筑分类：生产类
  
  // 液体消耗系统
  "consumes": {                  
    "liquid": {                  
      "liquid": "死水",          // 消耗的液体类型
      "amount": 0.22,            // 每帧消耗量（60帧=1秒）
      "booster": true,           // 是否作为效率加速剂
      "optional": true           // 是否可选择性使用（非必需）
    }
  },
  "liquidBoostIntensity": 3.5,   // 液体加速倍率（3.5倍效率提升）
  
  // 建造需求
  "requirements": [              
    "锡/80"                     // 建造需要80个锡矿
  ],
  
  // 工作特效
  "craftEffect": {
  "type":"DrawMulti",//动画叠加（管他呢加上
    "drawer": {
      "type": "dropItem",        // 特效类型：掉落物品效果
      "particles": 5,           // 粒子数量
      "sizeFrom": 7.5,          // 粒子初始大小
      "sizeTo": 0,              // 粒子最终大小（消失时）
      "length": 5.2,            // 粒子移动距离
      "colorFrom": "E5A13BFF"    // 粒子颜色（ARGB格式，锡黄色）
    }
  },
  
  // 研发相关
  "research": "断层核心",        // 解锁所需的前置研究
    "alwaysUnlocked": true,//默认解锁）
  
  // 方向指示器设置（用于显示输入输出方向）
  "arrowOffset": -3.5,          // 箭头Y轴偏移（负值=向内凹陷）
  "arrowSpacing": 4,            // 箭头间距（像素）
  "arrows": 2,                  // 箭头数量
  "arrowColor": "D2EFFFFF"      // 箭头颜色（ARGB格式，淡蓝色）
}