{
"name":"高浓血打包传送带",
"description": "以血为动力以略高于塑钢传送带的速度打包传送物品",
"type": "StackConveyor",//"种类": "?",(Conveyor=传输带,junction=连接器,StackConveyor=打包运输带,ItemBridge=传送带桥,Router=路由器)
"health":325,//"血量": ？,
"idleSound":"none",//"空闲时的声音": "
"itemCapacity":12,
"requirements": [
{"item": "高浓血锭", "amount":1}
{"item": "lead", "amount":1}
{"item": "copper", "amount":1}
{"item": "thorium", "amount":1}
],//"建造所需物品": "？",
"category": "distribution",//"类别": "？",(distribution=分配)
"speed": 0.094,//"运送速度": ？,
"displayedSpeed":13,//"游戏中显示速度": ？,
"research": "低浓血传送带",//"研究前置": "？",
"insulated":false,//"是否阻挡电力节点自动连接"：
"placeableLiquid":false,//"是否能放在液体上"：
"displayFlow":true,//点他是否会显示传输速度
"absorbLasers":false//是否能阻挡激光
}