{
	"type": "groundUnit",
	"name": "eradicator",
	"description": "。",
	"mass": 5,
 "health": 9000,
 "drag": 0.4,
 "speed": 0.2,
 "boostSpeed": 0.3,
 "hitsize": 20,
 "groundunit": true,
 "engineOffset": 20,
 "engineSize": 7.3,
 "rotatespeed": 0.01,
 "baseRotateSpeed": 0.04,
 "weaponOffsetX": 22,
 "weapon": {
 "name": "eradicator",
 "length": 13,
 "reload": 30,
 "width": 22,
 "alternate": true,
 "recoil": 3,
 "shake": 2,
 "inaccuracy": 3,
 "shots": 4,
 "spacing": 0,
 "shotDelay": 3,
 "ejectEffect": shellEjectMedium,
 "bullet": standardThoriumBig,
 "shootSound": shootBig
  }
}