{
	"type": "flyingUnit",
	"name": "reaper"
	"description": "。",
	"mass": 30,
 "health": 11000,
 "speed": 0.01,
 "boostSpeed": 0.6,
 "drag": 0.02,
 "boostSpeed": 0.03,
 "flying": true,
 "rotateWeapon": true,
 "attackLength": 80,
 "engineOffset": 40,
 "engineSize": 7.3,
 "rotatespeed": 0.01,
 "baseRotateSpeed": 0.04,
 "weaponOffsetX": 32,
 "weapon": {
 "name": "reaper-gun",
 "shoot": 1,
 "shootSound": "shootBig",
 "inaccuracy": 3,
 "width": 32,
 "length": 3,
 "reload": 10,
 "alternate": true,
 "shake": 1,
 "range": 80,
 "bullet":{
 "speed": 7,
 "damage": 42,
 "bulletWidth": 15,
 "bulletHeight": 21}
  }
}