{
	"type": "OverdriveProjector",
	"health":600,
	"size":3,
	"range":120,
	"reload":300,
	"speedBoost":2,
	"speedBoostPhase":1
	"phaseRangeBoost":40
	"consumes": {
		"power":25,
        "items":{
			"items":[
				{"item":"phase-fabric","amount":2}
			],
			"booster":true,
			"optional":true
		}
	},
	"requirements": [
		{ "item":"致密金属块","amount":240},
		{ "item": "plastanium", "amount":200},        
		{ "item": "lead", "amount":400},		
		{ "item": "silicon", "amount":400},
		{ "item": "thorium", "amount":200},
		{ "item": "titanium", "amount":300}
	],
	"category":"effect",
	"research":"overdrive-projector"
}