{
	"type": "OverdriveProjector",
	"health": 1200,
	"size": 3,
	"range": 300,
	"reload":600 ,
	"speedBoost": 4.25,
	"consumes": {
		"power": 50,
		"liquid": {
			"liquid": "冷冻胶体", "amount":0.1
		},
        "items":{
			"items":[
				{"item":"silicon","amount":2}
				{"item":"phase-fabric","amount":2}
				{"item":"强化合金块","amount":1}
			],
			"booster":false,
			"optional":false
		}
	},
	"requirements": [
		{ "item":"surge-alloy","amount": 200},
		{ "item": "plastanium", "amount": 300 },        
		{ "item": "lead", "amount": 600 },		
		{ "item": "silicon", "amount": 800 },
		{ "item": "致密金属块", "amount": 480 },
		{"item": "强化合金块","amount":240},
		{ "item": "titanium", "amount": 600 }
	],
	"category":"effect",
	"research":"overdrive-dome"
}