{
	"health":800,
	"liquidCapacity":120
	"type":"ForceProjector"
	"category":"effect"
	"size":1,
	"radius":60,
	"shieldHealth":1000,
	"outputsPower": true,
	"phaseShieldBoost":1000,
	"phaseUseTime":300,
	"phaseRadiusBoost":40,
	"cooldownNormal":1,
	"cooldownLiquid":2,
	"cooldownBrokenBase":1.5,
	"consumes":{
		"power":2.5,
		"items":{
			"items":[
				{"item":"phase-fabric","amount":1}
			],
			"booster":true,
			"optional":true
		}
	},
	"requirements":[
		{"item":"silicon","amount":60},
		{"item":"titanium","amount":80},
		{"item":"lead","amount":80},
		{"item":"copper","amount":80},
		{"item":"致密金属块","amount":40}
	],
	"itemCapacity":5,
	"research":"force-projector"
}