{
    "name": "电路装配厂",
    "type": "GenericCrafter",
    "description": "用于组装集成电路，用途广泛的集成电路将会引发一场技术革命。\n\n[blue][超限技术低级工厂]",
    "details":"一切的转机",
    "itemCapacity": 20,
    "health": 640
    "size": 3,
    "hasPower": true,
    "hasLiquids": false
    "hasItems": true,
    "craftTime": 40,
    "updateEffect": "none",
        "drawer": {
        "type": "DrawMulti",
		"drawers": [
        {
            "type": "DrawRegion"
            "suffix": "-bottom",
        },
        {
				"type": "DrawFrames",
				"frames": 4,
				"interval": 4
		}
		"DrawDefault"
    ],}
    "consumes": {
    "power": 8,
        "items": {
            "items": [
                {"item": "silicon","amount": 4,},
                { "amount": 3, "item": "0铜铅合金" }
                { "amount": 5, "item": "copper" }
           ]
        },
    },
    "liquidCapacity": 60,
    "outputItem": {
        "item": "1集成电路",
        "amount": 4
    }
    "requirements": [
        { "item": "lead", "amount": 200}
        {   "item": "graphite", "amount":120},
        {  "item": "silicon",  "amount": 150 },
        { "item": "titanium",  "amount": 160 },
        {  "item": "thorium",  "amount": 75 },
	{ "amount": 90, "item": "0铜铅合金" }
    ],
    "category": "crafting",
    "research": {
	"parent":"BAAsGT1A铜铅熔合炉"
	"objectives": [
            {
				"type": "SectorComplete",
				"preset": "冰冷山区"
			}
	]
	}
	"buildCostMultiplier":0.25
}