{
	"type": "GenericCrafter",
	"name": "复式硅炉",
	"health": 320,
	"description": "无需电力，快速加工硅，以求前期产量，但有大量损耗，尽管如此，它依旧被超限集团用于合成硅。\n\n[blue][超限技术低级工厂]",
	"outputItem": { "item": "silicon", "amount": 4 },
	"craftEffect": "pulverizeSmall"
	"drawer":{
        "type":"DrawMulti",
        "drawers":[
            "DrawDefault",
			"DrawFlame"
            ]
    },
	"alwaysUnlocked": false,
	"size": 3,
	"hasPower": false,
	"hasLiquids": false,
	"hasItems": true,
	"craftTime": 40,
	"itemCapacity": 15,
	"consumes": {
    "items": {	 "items": [
    { "item": "coal", "amount": 5}
    { "item": "sand", "amount": 8}
 	]
  } },
"requirements": [
	{ "item": "lead", "amount": 60 },
	{ "item": "copper", "amount": 90 },
	{ "item": "0铜铅合金", "amount": 20 },
	],
	"category": "crafting",
	"research": {
	"parent":"BAAsGT1A铜铅熔合炉"
	"objectives": [
            /*{
				"type": "SectorComplete",
				"preset": "污染小道"
			}*/
			{
				"type": "OnComplete",
				"preset": "污染小道"
			}
	]
	}
	"buildCostMultiplier":0.6
	"researchCostMultiplier": 0.1
	}