{
	"type": "GenericCrafter",
	"name": "复式钢化玻窟炉",
	"health": 320,
	"description": "无需电力，快速加工钢化玻璃，以求前期的产量，但有大量损耗，尽管如此，它依旧被超限集团用于合成钢化玻璃。\n\n[blue][超限技术低级工厂]",
	"outputItem": { "item": "metaglass", "amount": 5 },
	"alwaysUnlocked": false,
	"size": 3,
	"hasPower": false,
	"hasLiquids": false,
	"hasItems": true,
	"craftTime": 60,
	"itemCapacity": 25,
	"craftEffect": "smoke",
	"drawer":{
        "type":"DrawMulti",
        "drawers":[
            "DrawDefault",
			"DrawFlame"
            ]
    },
	"consumes": {
    "items": {	 "items": [
    { "item": "lead", "amount": 5}
    { "item": "coal", "amount": 1 }
    { "item": "sand", "amount": 12}
 	]
  } },
"requirements": [
	{ "item": "lead", "amount": 70 },
	{ "item": "graphite", "amount": 50}
	{ "item": "0铜铅合金", "amount": 40 },
	],
	"category": "crafting",
	"research": {
	"parent":"BAAsGT1A铜铅熔合炉"
	"objectives": [
	"kiln"
            {
				"type": "SectorComplete",
				"preset": "未知废墟"
			}
	]
	}
	"buildCostMultiplier":0.6
}