{
    "type": "legs",
    "fogRadius":155
	//探图范围
    "research": {
		"parent": "重装强攻机组装厂",
		/*"objectives":[
		    "中级数理化",
		    "低级生物"
		    "低级文化"
		    ]*/
		"researchCostMultiplier":40,
		//研究消耗倍率
    },
    "name": "突围",
    "description": "搭载了一台蓄能激光炮与四台单点防御机，能够攻击敌人并拦截敌方子弹。\n免疫大部分恶劣环境，并生成力场保护己方单位与建筑，以及为己方单位提供状态加强。",
    //"defaultCommand": "repair",
    //修复机模板
    "outlineColor": "212121",
    "speed": 0.43,
    "drag": 0.11,
    "hitSize": 46,
    "rotateSpeed":2.8,
    "health":55000,
    "armor":18,
    "itemCapacity":0,
    "legStraightness": 0.5,
    "legCount": 4,
    //腿数
    "legLength":15,
    //腿长
    "lockLegBase": true,
    //腿部底座锁定
    "legContinuousMove": true,
    //腿连续移动
    "legExtension":-0.5,
    //腿伸缩
    "legBaseOffset":16,
    //腿部底座偏移
    "legMaxLength": 2,
    //最大腿长
    "legMinLength": 0.8,
    //最小腿长
    "legLengthScl": 1.6,
    "legForwardScl": 2.1,
    "legGroupSize": 8,
    "stepShake":2.6,
    //移动时地面震动
    "rippleScale": 0.2,
    //踩踏特效范围
    "legMoveSpace":5.5,
    //腿部移动空间
    "legSplashDamage":120,
    //踩踏范围伤害
    "legSplashRange":12,
    //踩踏范围伤害的范围
    "allowLegStep": true,
    "hovering": true,
    "legPhysicsLayer": false,
    "shadowElevation": 0.49,
    //阴影仰角
    "envDisabled":0,
    //需要的环境
    "groundLayer": 80,
    //高度
    "immunities":[
        "锬中毒"
	    "重度锬中毒"
	    "burning",
	    "wet",
	    "tarred" 
	    "corroded",
	    "spore-slowed"
	    "muddy",
	    "孢子腐蚀"
        ],
    "ammoType":{
        "type":"PowerAmmoType",
    },
    "ammoCapacity":6,
    //弹药容量
    "weapons": [{
    		"name": "突围",
    		"reload":280,
    		"cooldownTime":280,
    		"shoot":{
				"firstShotDelay":180
			}
    		"mirror": false,
    		"x":0,
    		"y":0,
    		"shootY":15,
    		"shake":8,
    		"shootStatusDuration":190,
    		"shootStatus":"unmoving"
    		"recoil":0,
    		"rotate":false,
			"inaccuracy":0, 
    		"shootSound": "laserblast",
    		"chargeSound":"lasercharge",
    		"soundPitchMin":0.9,
    		"shootCone":8,
    		"top":false,
    		"bullet": {
				"type": "LaserBulletType",
				"damage":2500,
				"lifetime":66,
				"lightningSpacing":15,
				//闪电间距
				"lightningLength":5,
				//闪电长度
				"lightningDelay":0.2
				//闪电延迟
				"lightningLengthRand":15,
				"lightningDamage":100,
				//闪电伤害
				"lightningColor":"79F2EE8C"
				"lightningAngleRand":60,
				"length":1200,
				"width":80,
				"largeHit": true,
				"laserAbsorb": true,
				//激光能否被阻挡吸收
				//"status": "melting",
				//"statusDuration": 1800,
				"lightColor": "B6F2F0FF",
				"sideAngle":10,
				//侧角
				"colors": [
					"79F2EE8C"
					"83F2EFA0",
					"91F2EFD7",
					"A0F2F0F0",
					"B6F2F0FF"
				],
				"chargeEffect":{
				    "type": "multiEffect",
				    "layer": 109,
				    "effects": [
				        {
    "type": "ParticleEffect",
    "particles": 1,
    "sizeFrom": 1,
    "sizeTo": 14.5,
    "length": 0,
    "lifetime": 185,
    "colorFrom": "FFFFFF",
    "colorTo": "FFFFFF",
    "cone": 360
    },
    {
    "type": "WaveEffect",
    "lifetime": 180,
    "sizeFrom": 0,
    "sizeTo": 17,
    "strokeFrom": 7,
    "strokeTo": 5,
    "colorFrom": "79F2EE8C",
    "colorTo": "91F2EFD7"
    },
    {
    "type": "ParticleEffect",
    "particles": 1,
    "sizeFrom": 10,
    "sizeTo": 30,
    "length": 0,
    "spin": 11,
    "lifetime": 185,
    "region": "星界探索-wide",
    "colorFrom": "79F2EE8C",
    "colorTo": "91F2EFD7"
    },
    {
    "type": "ParticleEffect",
    "particles": 1,
    "sizeFrom": 10,
    "sizeTo": 30,
    "length": 0,
    "spin": -11,
    "lifetime": 185,
    "region": "星界探索-tall",
    "colorFrom": "79F2EE8C",
    "colorTo": "91F2EFD7"
	}
				    ]
				}
    		}
    		"parts": [
				{
					"type": "RegionPart",
					"suffix": "-炮",
					"mirror": true,
					"under": true,
					"moveX":0,
					"moveY":34,
					"moveRot":0,
					//旋转
					//"layerOffset":
					"heatColor":"E63F00"
					"moves": [
						{
							"progress": "recoil",
							"x":0,
							"y":-8
						}
					]
				}
				{
					"type": "RegionPart",
					"suffix": "-左",
					"mirror": true,
					"under": true,
					"moveX":-3,
					"moveY":-16,
					"moveRot":-30,
					//旋转
				}
				{
					"type": "RegionPart",
					"suffix": "-左1",
					"mirror": true,
					"under": true,
					"moveX":0,
					"moveY":-16,
					"moveRot":0,
					//旋转
				}
				{
					"type": "RegionPart",
					"suffix": "-左3",
					"mirror": true,
					"under": false
//为true时，此零件将在武器下方
					"moveX":0,
					"heatColor":"E63F00"
					"moveY":-2,
					"moveRot":30,
					//旋转
				}
				]
    }
    {
	        "type":"PointDefenseWeapon"
	        "name":"突袭单点防御"
	        "x":12,
	        "y":-10.5,
	        "reload":15,
	        "targetInterval":6,
	        "targetSwitchInterval":9,
	        "recoil":0.5,
	        "bullet":{
	            "shootSound":"lasershoot"
	            "shootEffect":"sparkShoot"
	            "hitEffect":"pointHit"
	            "maxRange":240,
	            "damage":60,
	        }
	    }
	    {
	        "type":"PointDefenseWeapon"
	        "name":"突袭单点防御"
	        "x":8,
	        "y":1.5,
	        "reload":15,
	        "targetInterval":6,
	        "targetSwitchInterval":9,
	        "recoil":0.5,
	        "bullet":{
	            "shootSound":"lasershoot"
	            "shootEffect":"sparkShoot"
	            "hitEffect":"pointHit"
	            "maxRange":240,
	            "damage":60,
	        }
	    }
    ]
    "abilities":[
		{
			"type": "ForceFieldAbility",
    		"radius":75,
    		//范围(8/格)
    		"regen":5,
    		//每帧盾容回复量
    		"max":10000,
    		//盾容
    		"cooldown":3000
    		//被击破后的冷却(60/1s)
		}
		{
  		    "type": "StatusFieldAbility"
            "activeEffect":{
		        "type": "WaveEffect"
		        "lifetime":90
		        "strokeFrom":10,
		        "strokeTo":0,
		        "sizeFrom":0
		        "sizeTo":400
		        "colorFrom": "B6F2F0FF"
		        "colorTo": "B6F2F0FF"
            },
            "effect":"shielded",
            "range":400,
            "reload":1800,
            "duration":600,
            }
		/*{
			"type": "ArmorPlateAbility",
			//装甲板
			"healthMultiplier": 1.5
		}*/
		]
}