{
    "type": "legs",
    "fogRadius":45
	//探图范围
    "research": {
		"parent": "热焰",
		/*"objectives":[
		    "初级数理化",
		    "低级文化"
		    ]*/
		"researchCostMultiplier":40,
		//研究消耗倍率
    },
    "name": "耀焰",
    "description": "搭载了一台修复激光炮与一台修复机，能够攻击敌人并修复己方建筑与单位。",
    //"defaultCommand": "repair",
    //修复机模板
    "outlineColor": "212121",
    "speed": 0.65,
    "drag": 0.11,
    "hitSize": 16,
    "rotateSpeed":3.8,
    "health":5000,
    "armor":4,
    "itemCapacity":0,
    "legStraightness": 0.5,
    "legCount": 4,
    //腿数
    "legLength":12,
    //腿长
    "lockLegBase": true,
    //腿部底座锁定
    "legContinuousMove": true,
    //腿连续移动
    "legExtension":-1,
    //腿伸缩
    "legBaseOffset":6,
    //腿部底座偏移
    "legMaxLength": 1.5,
    //最大腿长
    "legMinLength": 0.8,
    //最小腿长
    "legLengthScl": 1.1,
    "legForwardScl": 1.5,
    "legGroupSize": 3,
    "stepShake":1,
    //移动时地面震动
    "rippleScale": 0.2,
    //踩踏特效范围
    "legMoveSpace":2.5,
    //腿部移动空间
    "legSplashDamage":15,
    //踩踏范围伤害
    "legSplashRange":5,
    //踩踏范围伤害的范围
    "allowLegStep": true,
    "hovering": true,
    "legPhysicsLayer": false,
    "shadowElevation": 0.1,
    //阴影仰角
    "groundLayer": 72,
    //高度
    "envDisabled":0,
    //需要的环境
    "immunities":[
        "wet"
        "freezing"
        "burning"
        "锬中毒",
        "重度锬中毒"
        ],
    "ammoType":{
        "type":"PowerAmmoType",
    },
    "parts": [
				{
					"type": "RegionPart",
					"suffix": "-能量罐",
					"mirror": true,
					"under": true,
					"moveX":6,
					"moveY":1,
					"moveRot":5,
					//旋转
					"layerOffset": -0.01
					"heatColor":"E63F00"
					"moves": [
						{
							"progress": "recoil",
							"x":0,
							"y":-2,
						}
					]
				}
				]
    "ammoCapacity":6,
    //弹药容量
    "weapons": [{
    		"name": "耀焰",
    		"reload":200,
    		"cooldownTime":200,
    		"shoot":{
				"firstShotDelay":120
			}
    		"mirror": false,
    		"x":0,
    		"y":0,
    		"shootY":5,
    		"shake":1,
    		"shootStatusDuration":140,
    		"shootStatus":"unmoving"
    		"recoil":0,
    		"rotate":false,
			"inaccuracy":0, 
    		"shootSound": "laserblast",
    		"chargeSound":"lasercharge",
    		"soundPitchMin":0.7,
    		"shootCone": 4,
    		"top":false,
    		"bullet": {
				"type": "LaserBulletType",
				"damage": 380,
				"lifetime": 30,
				"lightningSpacing":15,
				//闪电间距
				"lightningLength":1,
				//闪电长度
				"lightningDelay":1.1,
				//闪电延迟
				"lightningLengthRand":5,
				"lightningDamage":10,
				//闪电伤害
				"lightningColor":"FFB380AA"
				"lightningAngleRand":20,
				"length":320,
				"width": 25,
				"largeHit": true,
				"laserAbsorb": false,
				//"status": "melting",
				//"statusDuration": 1800,
				"lightColor": "FF5845",
				"healPercent":5,
				"collidesTeam":true,
				"sideAngle":10,
				//侧角
				"colors":[
				    "FFB380AA",
				    "FFB3808B",
				    "FFB3806D",
				    "FFFFFF"
				    ],
				"chargeEffect":{
				    "type": "multiEffect",
				    "layer": 109,
				    "effects": [
				        {
    "type": "ParticleEffect",
    "particles": 1,
    "sizeFrom": 1,
    "sizeTo": 8,
    "length": 0,
    "lifetime": 125,
    "colorFrom": "FFFFFF",
    "colorTo": "FFFFFF",
    "cone": 360
    },
    {
    "type": "WaveEffect",
    "lifetime": 120,
    "sizeFrom": 0,
    "sizeTo": 10,
    "strokeFrom": 7,
    "strokeTo": 5,
    "colorFrom": "FFB380FF",
    "colorTo": "FFB380AA"
    },
    {
    "type": "ParticleEffect",
    "particles": 1,
    "sizeFrom": 10,
    "sizeTo": 20,
    "length": 0,
    "spin": 11,
    "lifetime": 125,
    "region": "星界探索-wide",
    "colorFrom": "FFB380FF",
    "colorTo": "FFB380AA"
    },
    {
    "type": "ParticleEffect",
    "particles": 1,
    "sizeFrom": 10,
    "sizeTo": 20,
    "length": 0,
    "spin": -11,
    "lifetime": 125,
    "region": "星界探索-tall",
    "colorFrom": "FFB380FF",
    "colorTo": "FFB380AA"
	}
				    ]
				}
    		}
    },
    {
            "type":"RepairBeamWeapon",
            "name":"耀焰修复机",
            "y":-10,
            "x":0,
            "shootY":3,
            "reload":10,
            //射速
            "recoil":0,
            //后坐力
            "beamWidth":0.5,
            //激光宽度
            "repairSpeed":1.5,
            //修理速度
            "fractionRepairSpeed":0.05,
            //分段修理速度
            "shootCone":15,
            "targetUnits":true,
            //目标单位
            "targetBuildings":true,
            //目标建筑
            "autoTarget":true,
            //自动锁定目标
            "controllable":false,
            //可控
            "laserColor":"FFB380FF",
            //激光颜色
            "healColor":"FFB380FF",
            //修复颜色
            "shake":0,
            "rotate":true,
            "top":true,
            "mirror":false,
            "bullet":{
                "maxRange":92,
                }
            },
    ]
}