{
	"name":"虚影",
	"fogRadius":55
	//探图范围
	"research": {
		"parent": "战舰组装厂",
		/*"objectives":[
		    "中级数理化",
		    "中级文化"
		    ]*/
		"researchCostMultiplier":40,
		//研究消耗倍率
    },
	"description":"搭载一门持续性高能热焰炮，能够穿透护甲融化敌人。"
	"hitSize":48,
	//碰撞箱
	"accel":1,
    //加速
    "rotateSpeed":5,
    //转身速度
    "itemCapacity":60,
    //物品容量
    "canDrown":false,
    //能否被淹死
    "buildSpeed":0,
    //建筑速率
    "type":"flying",
    //空军
    "groundLayer":100,
    //高度
    "flying":true,
    //是否飞行
    "speed":3,
    //移速
    "health":45000,
    "outlineColor": "212121",
	//描边颜色
	"envDisabled":0,
    //需要的环境
    "lowAltitude":false,
    //低空飞行
    "engineSize":5,
    //引擎尺寸
    "engineOffset":27,
    //引擎偏移
    "engineColor":"#55b2ff",
    //引擎颜色
    "trailLength":11, 
    //拖尾长
   	"trailColor": "#55b2ff",
   	//拖尾颜色
    "armor":10,
    "immunities":[
        "锬中毒",
        "重度锬中毒"
        "wet"
        "burning"
        "freezing"
        ],
        "ammoType":{
        "type":"ItemAmmoType",
        "item":"锬",
    },
	"weapons":[
	    {
            "name":"虚影",
            "y":0,
            "x":0,
            "shootY":22,
            "ejectEffect":"none",
            "reload":360,
            //射速
            //"minShootVelocity":0.01
            //最新射击速度
            "soundPitchMin":1.5
            
            "recoil":0,
            "shake":0,
            "alwaysContinuous":true
            //总是连续的
            "shootCone":10,
            "alternate":false
            //候补
            "shootSound":"laserbeam"
            "rotate":false,
            "top":false,
            "mirror":false,
            "bullet": {
                "type": "ContinuousFlameBulletType",
				"colors": [
					"79F2EE8C"
					"83F2EFA0",
					"91F2EFD7",
					"A0F2F0F0",
					"B6F2F0FF"
				],
				"damage":187.5,
				"lifetime": 60,
				"length": 440,
				"width": 4,
				"recoil": -0.05,
				"drawFlare": false,
				"status": "锬中毒",
				"statusDuration":1500,
				"incendChance":1,
				//引火概率
				"incendSpread":5,
				//燃烧蔓延
				"incendAmount":1
				//引火数量
				"fragBullets":1
				"fragBullet":{
				    "type":"FireBulletType"
				    "radius":7
				    "splashDamageRadius":6
				    "splashDamage":50
				    "status":"burning"
				    "statusDuration":180
				    "fireTrailChance":0.5
				}
				"hitEffect": {
					"type": "ParticleEffect",
					"line": true,
					"particles": 7,
					"lifetime": 15,
					"length": 65,
					"cone": -360,
					"strokeFrom": 2.5,
					"strokeTo": 0,
					"lenFrom": 8,
					"lenTo": 0,
					"colorFrom": "83F2EFA0",
					"colorTo": "79F2EE8C"
				}
            }
            "parts": [
				{
					"type": "RegionPart",
					"suffix": "-左",
					"mirror": true,
					"under": true,
					"moveX":5,
					"moveY":14,
					"heatColor":"FF7243AF"
					/*"moves": [
						{
							"progress": "recoil",
							"x":-1
							"y":-1.5,
						}
					]*/
				}
				{
					"type": "RegionPart",
					"suffix": "-左3",
					"mirror": true,
					"under": true,
					"moveX":5,
					"moveY":18,
					"moveRot":25
					/*"moves": [
						{
							"progress": "recoil",
							"x":-1
							"y":-1.5,
						}
					]*/
				}
				{
					"type": "RegionPart",
					"suffix": "-左1",
					"mirror": true,
					"under": true,
					"moveX":5,
					"moveY":-3,
					"moveRot":10
					/*"moves": [
						{
							"progress": "recoil",
							"x":-1
							"y":-1.5,
						}
					]*/
				}
				]
            }
        ]
        "abilities":[
		{
			"type": "ForceFieldAbility",
    		"radius":50,
    		//范围(8/格)
    		"regen":1.5,
    		//每帧盾容回复量
    		"max":2000,
    		//盾容
    		"cooldown":2400
    		//被击破后的冷却(60/1s)
		}
		/*{
			"type": "ArmorPlateAbility",
			//装甲板
			"healthMultiplier": 1.5
		}
		{
		    "type":"MoveLightningAbility"
		    //闪电助推器
		    "damage":50
		    //闪电伤害
		    "chance":0.1
		    //闪电与射击概率
		    "length":0
		    //闪电长度
		    "minSpeed":0.6
		    //多少速度开始启动能力
		    "maxSpeed":2
		    //多少速度时停止
		    "x":0
		    "y":-23
		    "alternate":false
		    //候补
		    "bulletAngle":0
		    //子弹角度
		    "bulletSpread":0
		    //子弹扩散？
		    "shootEffect":"none"
		    //射击特效
		    "shootSound":"laserbeam"
		    //射击音效
		    "bullet": {
                "type": "ContinuousFlameBulletType",
				"colors": [
					"79F2EE8C"
					"83F2EFA0",
					"91F2EFD7",
					"A0F2F0F0",
					"B6F2F0FF"
				],
				"damage":46.25,
				"lifetime": 60,
				"length": -90,
				"width": 4,
				"recoil": -0.05,
				"drawFlare": false,
				"incendChance":1,
				//引火概率
				"incendSpread":1,
				//燃烧蔓延
				"incendAmount":1
				//引火数量
				"hitEffect": {
					"type": "ParticleEffect",
					"line": true,
					"particles": 7,
					"lifetime": 15,
					"length": 65,
					"cone": -360,
					"strokeFrom": 2.5,
					"strokeTo": 0,
					"lenFrom": 8,
					"lenTo": 0,
					"colorFrom": "83F2EFA0",
					"colorTo": "79F2EE8C"
				}
            }
		}*/
		]
}