{
    "type": "legs",
    "fogRadius":75
	//探图范围
    "research": {
		"parent": "重装特攻机组装厂",
		/*"objectives":[
		    "中级数理化",
		    "中级生物"
		    ]*/
		"researchCostMultiplier":40,
		//研究消耗倍率
    },
    "name": "雾魔",
    "description": "搭载了一台持续性的修复激光炮与两台毒雾喷射器。可以修复己方建筑与单位，攻击敌人。",
    "defaultCommand": "repair",
    //修复机模板
    "lightRadius":200
    //发光范围
    "lightOpacity":0.8
    //亮度
    "outlineColor": "212121",
    "speed": 0.5,
    "drag": 0.11,
    "hitSize":46,
    "rotateSpeed":3,
    "health":48000,
    "armor":11,
    "itemCapacity":80,
    "legStraightness": 0.5,
    "legCount": 4,
    //腿数
    "legLength":16,
    //腿长
    "lockLegBase": true,
    //腿部底座锁定
    "legContinuousMove": true,
    //腿连续移动
    "legExtension":-0.5,
    //腿伸缩
    "legBaseOffset":18,
    //腿部底座偏移
    "legMaxLength": 2,
    //最大腿长
    "legMinLength": 0.8,
    //最小腿长
    "legLengthScl": 1.6,
    "legForwardScl": 2.1,
    "legGroupSize": 8,
    "stepShake":2.5,
    //移动时地面震动
    "rippleScale": 0.8,
    //踩踏特效范围
    "legMoveSpace":6,
    //腿部移动空间
    "legSplashDamage":120,
    //踩踏范围伤害
    "legSplashRange":12,
    //踩踏范围伤害的范围
    "allowLegStep": true,
    "hovering": true,
    "legPhysicsLayer": false,
    "shadowElevation": 0.5,
    //阴影仰角
    "groundLayer": 80,
    //高度
    "envDisabled":0,
    //需要的环境
    "immunities":[
        "wet"
        "freezing"
        "burning"
        "锬中毒",
        "重度锬中毒"
        "孢子腐蚀"
        ],
    "ammoCapacity":10000
    "ammoType":{
        "type":"PowerAmmoType",
    },
    "parts": [
				{
					"type": "RegionPart",
					"suffix": "-左",
					"mirror": true,
					"under": true,
					"moveX":4,
					"moveY":2,
					"moveRot":-30,
					//旋转
					"layerOffset": -0.01
					//"heatColor":"E63F00"
					"moves": [
						{
							"progress": "recoil",
							"x":2,
							"y":1,
						}
					]
				}
						{
					"type": "RegionPart",
					"suffix": "-左1",
					"mirror": true,
					"under": true,
					"moveX":6,
					"moveY":4,
					"moveRot":-30,
					//旋转
					"layerOffset": -0.01
					//"heatColor":"E63F00"
					"moves": [
						{
							"progress": "recoil",
							"x":3,
							"y":2,
						}
					]
				}
				]
    "ammoCapacity":6,
    //弹药容量
    "weapons": [{
    		"name": "雾魔",
    		"reload":300,
    		"cooldownTime":900
    		//冷却时间
    		"shoot":{
				"firstShotDelay":170
			}
    		"mirror": false,
    		"x":0,
    		"y":0,
    		"shootY":15,
    		"shootStatusDuration":650,
    		"shootStatus":"slow"
    		"recoil":0,
    		"rotate":false,
			"inaccuracy":0, 
    		"shootSound": "beam",
    		"chargeSound":"lasercharge",
    		"soundPitchMin":0.7,
    		"top":false,
    		"continuous":true
    		//连续的
    		"bullet": {
    		    "type":"ContinuousLaserBulletType",
				"colors":[
				    "FFB380AA",
				    "FFB3808B",
				    "FFB3806D",
				    "FFFFFF"
				    ]
				    "chargeEffect":{
	            "type":"WaveEffect"
		        "lifetime":170,
		        "sizeFrom":120
		        //从多大
		        "sizeTo":0
		        //到多大
		        "strokeFrom":7,
		        //从多宽
		        "strokeTo":0,
		        //到多宽
		        "colorFrom":"FFB380AA"
		        "colorTo":"FFB380AA"
            },
				"damage":137.5,
				//伤害，1:12
				"buildingDamageMultiplier":1
				"collidesTeam":true
				"healPercent":0.8
				"length":600,
				//激光长度,8:1
				"status":"锬中毒",
				"hitEffect":{
					"type": "ParticleEffect",
					"line": true,
					"particles": 7,
					"lifetime": 15,
					"length": 45,
					"cone": -360,
					"strokeFrom": 2.5,
					"strokeTo": 0,
					"lenFrom": 8,
					"lenTo": 0,
					"colorFrom": "FFB3808B",
					"colorTo": "FFB380AA"
				}
				"drawSize":420,
				"lifetime":480,
				"statusDuration":1500,
				"shake":3,
				}
    }
    {
    		"name": "雾魔喷雾",
    		"reload":5,
    		"mirror":true,
    		"x":13,
    		"y":-4,
    		"shootY":5.5,
    		"recoil":0,
    		"rotate":true,
			"inaccuracy":3, 
    		"shootSound": "flame",
    		"shootCone":2,
    		"top":true,
			"bullet": {
    			"type": "BasicBulletType",
    			"status":"重度锬中毒"
    			"collidesAir": true,
    			"speed": 7,
    			"damage":25,
    			"width": 0.1,
    			"height": 0.1,
                "lifetime":44,
                "despawnEffect": "none",
                "hittable": false,
                "reflectable": false,
				"pierce": true,
				"pierceBuilding":true,
				//穿透建筑
				"makeFire":false,
				//制造火焰
				"healPercent":0.01,
                //恢复百分比
                "collidesTeam":true,
                //碰撞队伍
				"hitEffect": {
    "type": "ParticleEffect",
    "line": true,
    "particles": 4,
    "lifetime": 60,
    "offset": 10,
    "interp": "circleOut",
    "length": 140,
    "cone": -30,
    "strokeFrom": 3,
    "strokeTo": 0,
    "lenFrom": 3,
    "lenTo": 0,
    "colorFrom": "#ffb039",
    "colorTo": "#ffb039"
				}
				"smokeEffect": {
    "type": "multiEffect",
    "layer": 109,
    "effects": [
    {
    "type": "ParticleEffect",
    "particles": 7,
    "sizeFrom":1.25,
    "sizeTo":0.2,
    "length": 320,
    "lifetime": 90,
    "lightOpacity": 0,
    "interp": "fastSlow",
    "colorFrom": "#ffb039",
    "colorTo": "#ffb039",
    "cone":3
    },
    {
    "type": "ParticleEffect",
    "particles": 7,
    "sizeFrom":1.5,
    "sizeTo":0.23,
    "length": 360,
    "lifetime": 110,
    "lightOpacity": 0,
    "interp": "circleOut",
    "sizeInterp": "pow5In",
    "colorFrom": "#ffb039",
    "colorTo": "#ffb039",
    "cone":2
    }
    ]
				}
				"shootEffect": {
    "type": "multiEffect",
    "layer": 110,
    "effects": [
    {
    "type": "ParticleEffect",
    "particles": 4,
    "sizeFrom":1.5,
    "sizeTo":0.25,
    "length": 280,
    "lifetime": 50,
    "interp": "circleOut",
    "sizeInterp": "pow5In",
    "lightColor": "#ffb039",
    "colorFrom": "#ffb039",
    "colorTo": "#ffb039",
    "cone":2
    },
    {
    "type": "ParticleEffect",
    "particles": 4,
    "sizeFrom":1.5,
    "sizeTo":0.25,
    "length": 200,
    "lifetime": 60,
    "interp": "circleOut",
    "sizeInterp": "pow5In",
    "lightColor": "#ffb039",
    "colorFrom": "#ffb039",
    "colorTo": "#ffb039",
    "cone":3
    },
    {
    "type": "ParticleEffect",
    "particles": 4,
    "sizeFrom":1.5,
    "sizeTo":0.34,
    "length": 220,
    "lifetime": 70,
    "interp": "fastSlow",
    "lightColor": "#ffb039",
    "colorFrom": "#ffb039",
    "colorTo": "#ffb039",
    "cone":3
    },
    {
    "type": "ParticleEffect",
    "particles": 4,
    "sizeFrom":1.5,
    "sizeTo":0.34,
    "length": 240,
    "lifetime": 90,
    "interp": "fastSlow",
    "lightColor": "#ffb039",
    "colorFrom": "#ffb039",
    "colorTo": "#ffb039",
    "cone":2
    }
    ]
				}
				}
    }]
    "abilities":[
        {
            "type": "RegenAbility",
            //再生
            "percentAmount": 0.0075
            //每秒回复(此数值x100=实际百分率)(负数为减血)
        }
        {
            "type":"RepairFieldAbility"
            "amount":1000
            //再生值
            "reload":360
            //重载时间60:1
            "range":200
            //范围8:1
            "activeEffect":{
	            "type":"WaveEffect"
		        "lifetime":90,
		        "sizeFrom":0
		        //从多大
		        "sizeTo":200
		        //到多大
		        "strokeFrom":12,
		        //从多宽
		        "strokeTo": 0,
		        //到多宽
		        "colorFrom":"FFB380AA"
		        "colorTo":"FFB380AA"
            },
        }
        ]
}