{
    "type": "legs",
    "fogRadius":45
	//探图范围
    "research": {
		"parent": "耀焰",
		/*"objectives":[
		    "初级数理化",
		    "低级文化"
		    "低级生物"
		    ]*/
		"researchCostMultiplier":40,
		//研究消耗倍率
    },
    "name": "魔焰",
    "description": "搭载了一台高能热焰炮，能够攻击敌人并修复己方建筑。",
    //"defaultCommand": "repair",
    //修复机模板
    "outlineColor": "212121",
    "speed": 0.61,
    "drag": 0.11,
    "hitSize": 21,
    "rotateSpeed":3.5,
    "health":11000,
    "armor":7,
    "itemCapacity":0,
    "legStraightness": 0.5,
    "legCount": 4,
    //腿数
    "legLength":12,
    //腿长
    "lockLegBase": true,
    //腿部底座锁定
    "legContinuousMove": true,
    //腿连续移动
    "legExtension":-1,
    //腿伸缩
    "legBaseOffset":8,
    //腿部底座偏移
    "legMaxLength": 1.8,
    //最大腿长
    "legMinLength": 0.9,
    //最小腿长
    "legLengthScl": 1.1,
    "legForwardScl": 1.5,
    "legGroupSize": 3,
    "stepShake":1.1,
    //移动时地面震动
    "rippleScale": 0.3,
    //踩踏特效范围
    "legMoveSpace":2.7,
    //腿部移动空间
    "legSplashDamage":35,
    //踩踏范围伤害
    "legSplashRange":7,
    //踩踏范围伤害的范围
    "allowLegStep": true,
    "hovering": true,
    "legPhysicsLayer": false,
    "shadowElevation": 0.1,
    //阴影仰角
    "groundLayer": 74,
    //高度
    "envDisabled":0,
    //需要的环境
    "immunities":[
        "wet"
        "freezing"
        "burning"
        "锬中毒",
        "重度锬中毒"
        "孢子腐蚀"
        ],
    "ammoType":{
        "type":"PowerAmmoType",
    },
    "ammoCapacity":6,
    //弹药容量
    "weapons": [
        {
            "name":"魔焰",
            "y":0,
            "x":0,
            "shootY":1,
            "ejectEffect":"none",
            "reload":360,
            //射速
            //"minShootVelocity":0.01
            //最新射击速度
            "soundPitchMin":1.5
            
            "recoil":0,
            "shake":0,
            "alwaysContinuous":true
            //总是连续的
            "shootCone":10,
            "alternate":false
            //候补
            "shootSound":"laserbeam"
            "rotate":false,
            "top":false,
            "mirror":false,
            "bullet": {
                "type": "ContinuousFlameBulletType",
				"colors": [
					"DE834E8C"
					"E68E5CA5",
					"ED9B6BBE",
					"F5A97DDC",
					"FFBA91FF"
				],
				"damage":74,
				"lifetime": 60,
				"length": 280,
				"width": 5.5,
				"recoil": -0.05,
				"drawFlare": false,
				"status": "锬中毒",
				"statusDuration":1080,
				"collidesTeam":true,
                //碰撞队伍
				"healPercent":0.6
				"incendChance":1,
				//引火概率
				"incendSpread":1,
				//燃烧蔓延
				"incendAmount":1
				//引火数量
				"hitEffect": {
					"type": "ParticleEffect",
					"line": true,
					"particles": 5,
					"lifetime": 12,
					"length": 45,
					"cone": -360,
					"strokeFrom": 2
					"strokeTo": 0,
					"lenFrom": 6,
					"lenTo": 0,
					"colorFrom": "DE834E8C",
					"colorTo": "ED9B6BBE"
				}
            }
            "parts": [
				{
					"type": "RegionPart",
					"suffix": "-武器",
					"mirror": true,
					"under": false,
					"moveX":-2,
					"moveY":7,
					"moveRot":-30,
					//旋转
					"heatColor":"E63F00"
				}
				]
        }
    ]
    "abilities":[
        {
            "type": "RegenAbility",
            //再生
            "percentAmount": 0.005
            //每秒回复(此数值x100=实际百分率)(负数为减血)
        }
        ]
}