{
//  "alwaysUnlocked":true
  "name": "蒸汽",
 	"description":"水蒸发出来的蒸汽，需要从机器里面移除出来，否则机器温度过高，会瘫痪。这种新型的气体可以作为科技的使用"
 	"details":"这个气体的高温非常危险，可能会很热"
      "color":"00ffff"
      "barcolor":"00ffff"
      "gas":true
      
      "heatCapacity": 0.3


   "temperature":0.9,
     "viscosity":0.4,//粘度0.01比
     "flammability":0,//易燃性1比1
     "explosiveness":0,//爆炸性1比1
    "research": "water"
  }
  
  
  
  