{
"type":"SolidPump",
"name":"微缩型抽水机",
"description":"从地下提取水，适用于附近没有地表水的情况。",
"health":160,
"rotateSpeed":2,
"result":"water",
"attribute":"water",
"outputsLiquid":true,
"liquidCapacity":30,
"size":1,
"pumpAmount":0.11,
"consumes":{"power":1.5},
"requirements":[
{"item":"titanium","amount":30},
{"item":"thorium","amount":30},
{"item":"metaglass","amount":30},
{"item":"高频芯片","amount":30},
],
"category":"production",
"research":"大型抽水机",
}