{
"type":"Drill",
"name":"深探钻头",
"description":"深入矿床深处挖取。",
"health":800,
"rotateSpeed":5,
"liquidCapacity":10,
"liquidBoostIntensity":1.8,
"itemCapacity":20,
"size":4,
"tier":5,
"drillTime":240,
"drawRim":true,
"updateEffectChance":0.03,
"warmupSpeed":0.1,
"requirements":[
{"item":"copper","amount":80},
{"item":"titanium","amount":80},
{"item":"thorium","amount":100},
{"item":"高频芯片","amount":50},
],
"consumes":{
"power":4.5,
"liquid":{
"liquid":"water","amount":0.1,
"booster":true,"optional":true,
    }   }
"liquidBoostIntensity":2,//液体加强
"category":"production",//游戏界面分类
"research":"blast-drill",//科技树前一项
"solid":true,//是否是固体
}