{
    "type": "SolarGenerator",
    "name": "天蓝晶霜钢太阳能板",
    "description": "效率更高，面积更大的太阳能板，可以发出更多的电(牵强的介绍….jpg)",
    "size": 5,
    "health": 2500,
    "hasPower": true,
    "powerProduction": 130,
    "requirements": [
        "天蓝晶霜钢/125",
        "芯片/12",
        "silicon/540",
        "lead/140",
        "surge-alloy/70",
        "phase-fabric/125",
        "plastanium/150",
        "metaglass/140"
    ],
    "category": "power",
    "research": "solar-panel-large",
    "details": "太阳能凭什么不能高产出？！\n                   ---年年有余"
}