{
	"type":"Reconstructor",//类型,
	"name":"初级重构厂"//显示名字
	"description":"将输入的单位升级为二级单位",//介绍
	"category":"units",

	"research": {"parent": "aiab机甲制造厂",//科技树前置

},


	"requirements": [
	"graphite/140",//建造花费
	"silicon/140",
	"铁/120",
	"镍/100"
	],

	"constructTime":600,//时间
 	"health":1360,
	"size":3,

	"consumes":{//升级消耗
		"power":7,//电,帧
		"items": {//物品
		"items": [//物品消耗
		"graphite/80",
		"silicon/80",
		"铁/80"
		]	}
		/*"liquid":{//液体
		"liquid":"water","amount":0.1//液体消耗
		}*/	},

	"upgrades":[//重构单位
	["fbaa立案","fbab调查"]
	["fcaa星尘","fcab星涌"]
	["fdaa行步","fdab步伐"]
	["ffaa移云","ffab逐月"]
],
}