{
	"type":"Reconstructor",//类型,
	"name":"次级重构厂"//显示名字
	"description":"将输入的单位升级为三级单位",//介绍
	"category":"units",

	"research": {"parent": "ajaa初级重构厂",//科技树前置

},


	"requirements": [
	"silicon/340",//建造花费
	"镍/300"
	"锡/440",
	"铝/300",
	],

	"constructTime":1200,//时间
 	"health":3260,
	"size":5,

	"consumes":{//升级消耗
		"power":14,//电,帧
		"items": {//物品
		"items": [//物品消耗
		"silicon/90",
		"钢/70",
		"海棱晶/65"
		]	}
		"liquid":{//液体
		"liquid":"hydrogen","amount":0.2//液体消耗
		}	},

	"upgrades":[//重构单位
	["fbab调查","fbac传唤"]
	["fbbb整备","fbbc缓解"]
	["fcab星涌","fcac星光"]
	["fdab步伐","fdac步履"]
	["feab磷雨","feac云际"]
	["ffab逐月","ffac穹卫"]
	["fhab浪驰","fhac玄汐"]
],
}