{
	"type": "UnitAssembler",
	"name": "增幅组装厂",
	"description": "组装增幅者单位，输出单位可以直接投入战场",
	"category":"units",
	"research":"aiaz增幅者制造厂"
	"health":3040,//血量
	"size":3,//大小
    "dronesCreated":8,
    "areaSize":5,
	"consumes":{"power":20},//耗电量帧
	"requirements": [
	"silicon/660",//建造花费
	"镍/700"
	"锡/820",
	"钢/460",
	"海棱晶/220",
]
		"plans":[
	{
		"unit":"fczd全能增幅者",
		"time": 2400, //制造时间,帧
		"requirements":[
		"冥痕json-fcza生命增幅者/1",
		"冥痕json-fczb力量增幅者/1",
		"冥痕json-fczc速度增幅者/1",
		]	}
		],
}