{
	"type": "UnitAssembler",
	"name": "机甲组装厂",
	"description": "组装机甲单位，输出单位可以直接投入战场",
	"category":"units",
	"research":"aka载荷构造机"
	"health":7600,//血量
	"size":5,//大小
    "dronesCreated":8,
    "areaSize":14,
	"consumes":{"power":32},//耗电量帧
	"requirements": [
	"silicon/840",//建造花费
	"镍/800"
	"锡/880",
	"钢/480",
	"海棱晶/220",
"phase-fabric/200",
]
		"plans":[
	{
		"unit":"fbad审讯",
		"time": 3600, //制造时间,帧
		"requirements":[
		"冥痕json-fbaa立案/8",
		"冥痕json-albb大型钢墙/12",
		]	}
		{
		"unit":"fbae处刑",
		"time": 7200, //制造时间,帧
		"requirements":[
		"冥痕json-fbab调查/8",
		"冥痕json-alcb大型相位墙/12",
		]	}
		],
}