{
	"type": "UnitAssembler",
	"name": "飞机组装厂",
	"description": "组装轰炸机单位，输出单位可以直接投入战场",
	"category":"units",
	"research": {"parent": "akaa载荷构造机",//科技树前置
	"objectives": [
		{"type": "SectorComplete",//占领地图
		"preset": "丝绸之路"},
		]
	},
	"health":8200,//血量
	"size":5,//大小
    "dronesCreated":8,
    "areaSize":16,
	"consumes":{"power":32},//耗电量帧
	"requirements": [
	"silicon/1080",//建造花费
	"镍/780"
	"铝/550",
	"钢/450",
	"海棱晶/360",
"相织能/200",
]
		"plans":[
	{
		"unit":"fead傲云",
		"time": 3600, //制造时间,帧
		"requirements":[
		"冥痕json-feaa天光/8",
		"冥痕json-albb大型钢墙/12",
		]	}
		{
		"unit":"feae天兆",
		"time": 7200, //制造时间,帧
		"requirements":[
		"冥痕json-feab磷雨/8",
		"冥痕json-alcb大型相位墙/12",
		]	}
		],
}