{
	"type": "UnitAssembler",
	"name": "海军组装厂",
	"description": "组装海军单位，输出单位可以直接投入战场",
	"category":"units",
	"research": {"parent": "akaa载荷构造机",//科技树前置
	"objectives": [
		{"type": "SectorComplete",//占领地图
		"preset": "丝绸之路"},
		]
	},
	"health":8200,//血量
	"size":5,//大小
    "dronesCreated":8,
    "areaSize":16,
	"consumes":{"power":32},//耗电量帧
	"requirements": [
	"silicon/1000",//建造花费
	"锡/800"
	"铝/600",
	"钢/300",
	"海棱晶/360",
"相织能/140",
]
		"plans":[
	{
		"unit":"fhad昭澜",
		"time": 3600, //制造时间,帧
		"requirements":[
		"冥痕json-fhaa沧卫/8",
		"冥痕json-albb大型钢墙/12",
		]	}
		{
		"unit":"fhae初冥",
		"time": 7200, //制造时间,帧
		"requirements":[
		"冥痕json-fhab浪驰/8",
		"冥痕json-alcb大型相位墙/12",
		]	}
		],
}