{
	"name":"探察",
	"description":"基础海军"
	"hitSize":18,
	//碰撞箱大小
    "rotateSpeed":3,
    //转身速度
    "itemCapacity":0,
    //载货量
    "canDrown":false,
    //能否被深水淹死
    "buildSpeed":2,
    //建筑速率
    "type":"naval",
    //海军
    "lowAltitude":true,
    //阴影绘制
    "speed":0.8,
    //移动速度
    "health":2950,
    //血量
    "armor":9,
    //装甲
    "trailLength":23,
    //划出的水迹长度 8:1
    "waveTrailX":5,
    "waveTrailY":-5,
    "trailScl":1,
    "research":"鱼",
	"weapons":[
			{	"name": "暗蚪机炮",	
		"reload": 45, 
        "x": 5,  "y": -1,  
		"shoot":{
			"shots":3,
			"shotDelay":6},
        "rotate": true,
        "shootY":6,
        "top":false,
        "inaccuracy": 0,
        "alternate": false, 
		"shootSound": "lasershoot",
		"bullet":{	
	"type":"LaserBoltBulletType",
	    "frontColor":"#ffff00",	
	    "backColor":"#ffff00",	
	    "healPercent":3,
	    "damage":32.5,
	    "collidesTeam":true,
	    "speed":5, "lifetime":30,
	    "width":2,	 "height":8	}	}
	   {
	        "type":"PointDefenseWeapon"
	        "name":"暗蚪机炮"
	        "x":6,
	        "y":-3.5,
	        "reload":20,
	        		"rotate": false,
	        "targetInterval":6,
	        "targetSwitchInterval":9,
	        "recoil":0.5,
	        "bullet":{
	            "shootSound":"lasershoot"
	            "shootEffect":"sparkShoot"
	            "hitEffect":"pointHit"
	            "maxRange":90,
	            "damage":35,
	        }
	    }
        ]
            "abilities": [
{"type":"EnergyFieldAbility",
    "damage":36,
    "reload":30, 
    "range":120,
 	"healPercent":1,
    "hitEffect":{"type": "ParticleEffect",
    "particles": 1,
    "sizeFrom": 1,
    "sizeTo": 0,
    "line":true,
    "length": 15,
    "baseLength": 0,
    "lifetime": 25,
    "colorFrom": "#ffff00",
    "colorTo": "#ffff00",
    "cone": 2},
"damageEffect":"chainLightning",
    "status":"electrified",
    "shootSound":"spark",
    "statusDuration":120,
    "x": 0,  "y": -5, 
    "effectRadius":0.5
    
    "maxTargets":5 }     
       {
            "type":"RepairFieldAbility"
            "amount":800
            //再生值
            "reload":400
            //重载时间60:1
            "range":80
            //范围8:1
            "activeEffect":{
	            "type":"WaveEffect"
		        "lifetime":20,
		        "sizeFrom":0
		        //从多大
		        "sizeTo":10
		        //到多大
		        "strokeFrom":2,
		        //从多宽
		        "strokeTo": 0,
		        //到多宽
		        "colorFrom":"#ffff00"
		        "colorTo":"#ffff00"
            },
        }], 
}