{
	"type": "ItemTurret",
	"name": " ES火焰",
	"description": "使用点火器喷射火焰焚烧任何靠近他的敌人。",
	"health": 700,
	"size": 2,
	"reload": 10,
	"range": 87.88,
	"maxAmmo": 60,
	    "ammoPerShot": 3,
	"shootSound": "flame",
	"targetGround": true,
	"targetAir": false,
	"rotateSpeed": 8,
	"recoil":2,
	"recoilTime":105,
	"cooldownTime":105,
	"heatColor":"f68021",
	"shootY":3.5,
		"consumes": {
	"coolant":{"amount":0.3,"optional":true}  
		},
	"ammoTypes": {
		"石墨": {
				"reloadMultiplier": 0.8,
			"type": "BulletType",
			"damage": 28,
			"hitSize":10,
			"status": "燃烧",
			"statusDuration": 30,
			"speed": 8,
			"lifetime": 11,
			"ammoMultiplier": 6,
			"collidesAir": false
        "collidesGround": true
			"pierceCap": 2,
			"shootEffect": {
				"type": "ParticleEffect",
				"particles": 13,
				"lifetime": 33,
				"sizeFrom": 1.88,
				"sizeTo": 0,
				"interp": "pow5Out",
				"sizeInterp": "pow10In",
				"length": 88,
				"baseLength": 0,
				"colorFrom": "f68021",
				"colorTo": "f68021A8",
				"cone": 12
			},
			}
	"煤": {
			"type": "BulletType",
			"damage": 32,
			"hitSize":10,
			"status": "燃烧",
			"statusDuration": 180,
			"speed": 8,
			"lifetime": 11,
			"ammoMultiplier": 3,
			"collidesAir": false
        "collidesGround": true
			"pierceCap": 4,
			"shootEffect": {
				"type": "ParticleEffect",
				"particles": 13,
				"lifetime": 33,
				"sizeFrom": 1.88,
				"sizeTo": 0,
				"interp": "pow5Out",
				"sizeInterp": "pow10In",
				"length": 88,
				"baseLength": 0,
				"colorFrom": "f68021",
				"colorTo": "f68021A8",
				"cone": 12
			},
			"smokeEffect": {
				"type": "ParticleEffect",
				"particles": 3,
				"line": true,
				"strokeFrom": 1.8,
				"strokeTo": 0,
				"lenFrom": 20,
				"lenTo": 8,
				"length": 86,
				"baseLength": 0,
				"lifetime": 12,
				"colorFrom": "FFFFFF",
				"colorTo": "FFE176FF",
				"cone": 10
			},
			"hitEffect":{
				"type":"MultiEffect",
				"effects":[
				{"type": "ParticleEffect",
					"particles": 2,
					"line": true,
					"strokeFrom": 1.3,
					"strokeTo": 0,
					"lenFrom": 8,
					"lenTo": 8,
					"length": 24,
					"baseLength": 0,
					"lifetime": 15,
					"colorFrom": "f8ad42",
					"colorTo": "FFE176FF",
					"cone": 23},
				{"type": "ParticleEffect",
				"particles": 4,
				"lifetime": 10,
				"sizeFrom": 3,
				"sizeTo": 0,
				"colorFrom": "FF8C00",
				"colorTo": "FF8C00"}
				]},
			"despawnEffect": "none"
		}
		"硫": {
		"reloadMultiplier": 1.4,
			"type": "BulletType",
			"damage": 66,
			"hitSize":10,
			"status": "燃烧",
			"statusDuration": 360,
			"speed": 8,
			"lifetime": 11,
			"ammoMultiplier": 2,
			"pierceCap": 7,
			"collidesAir": false
        "collidesGround": true
			"shootEffect": {
				"type": "ParticleEffect",
				"particles": 13,
				"lifetime": 33,
				"sizeFrom": 1.88,
				"sizeTo": 0,
				"interp": "pow5Out",
				"sizeInterp": "pow10In",
				"length": 88,
				"baseLength": 0,
				"colorFrom": "ffffff",
				"colorTo": "ffffff",
				"cone": 12
			},
			"smokeEffect": {
				"type": "ParticleEffect",
				"particles": 3,
				"line": true,
				"strokeFrom": 1.8,
				"strokeTo": 0,
				"lenFrom": 20,
				"lenTo": 8,
				"length": 86,
				"baseLength": 0,
				"lifetime": 12,
				"colorFrom": "ffffff",
				"colorTo": "ffffff",
				"cone": 10
			},
			"hitEffect":{
				"type":"MultiEffect",
				"effects":[
				{"type": "ParticleEffect",
					"particles": 2,
					"line": true,
					"strokeFrom": 1.3,
					"strokeTo": 0,
					"lenFrom": 8,
					"lenTo": 8,
					"length": 24,
					"baseLength": 0,
					"lifetime": 15,
					"colorFrom": "ffffff",
					"colorTo": "ffffff",
					"cone": 23},
				{"type": "ParticleEffect",
				"particles": 4,
				"lifetime": 10,
				"sizeFrom": 3,
				"sizeTo": 0,
				"colorFrom": "ffffff",
				"colorTo": "ffffff"}
				]},
			"despawnEffect": "none"
		}
	}
	"requirements": [
		"铜/135",
		"铅/90",
		"铁/80",
		"石英/30"
	],
	"category": "turret",
	"research": "起点"
	    "canOverdrive": false,
	    "researchCostMultiplier": 1,
}