{
    "type": "PowerTurret",
    "name": "色散",
    "description": "发射大量子弹，适合应对较为靠近单位
    
    
    	(贴图by Mr.世纪灯泡)",
    "targetAir": true,
    "targetGround": true,
    "health": 400,
    "size": 2,
    "heatColor": "turretHeat",
    "shootSound": "激光",
    "shake": 0.2,
    "inaccuracy": 15,
    "recoil": 2,
    "shoot": {
    "shots":18,
        "type": "ShootAlternate",
        "barrels": 3,
        "spread": 2
    },
    "shootSound": "shotgun",//子弹音效
    "recoilTime": 10,
    "shootType": {
        "type": "BasicBulletType",
        "damage": 12,
        "frontColor": "87CEEB",
        "backColor": "87CEEB",
        "width": 4,
        "height": 8,       
        "trailLength": 1,
        "trailWidth": 1.5,
        "pierceCap": 2,
        "trailColor": "87CEEB",
        "speed": 20,
        "lifetime": 10,
        "ammoMultiplier": 1,}
    "consumes": {
        "power": 4.4,
        "coolant": {
            "amount": 0.4,
            "optional": true
        }
    },
    "reload": 114,
    "rotateSpeed": 12,
    "range": 200,
    "category": "turret",
    "research": "起点",
    "researchCostMultiplier": 1,
    "requirements": [
        {"item": "铜", "amount": 70  },
        { "item": "铅","amount": 30 },
        { "item": "石英", "amount": 80 }
        { "item": "铁", "amount": 20 }
    ]
}