{
	"type": "PowerTurret",
	"name": " ES蓝光(蓝瑟)",
	"description": "连射激光，贯穿前方敌人。
	
		(贴图by Mr.世纪灯泡)",
	"health": 1620,
	"size": 3,
	"reload":60,
	"range": 192
	"accurateDelay":true,
		"targetGround": true,
	"targetAir": false,
	"moveWhileCharging": true,
	"consumes": {
	"power":5.5
	"coolant":{"amount":0.3,"optional":true}  
		},
	"shoot":{
		"shots": 1,
	},
		"shootType": {
	"type": "LaserBulletType",
	"chargeEffect":{
		"type":"MultiEffect",
		"effects":["lancerLaserCharge","lancerLaserChargeBegin"]
	},
	"status": "脆裂",
			"statusDuration": 160,
	"pierceBuilding": true,
	"collidesAir":false,
	"collidesGround":true,
	"despawnEffect":"none",
	"damage": 114
	"pierceCap": 4
	"width": 24,	"length": 192,
	"lifetime": 30
	},
	"shootSound":"laser",
    "chargeSound":"lasercharge2",
	"shootEffect":"lancerLaserShoot",
	"smokeEffect": "bigShockwave",
	"inaccuracy": 0,
	"rotateSpeed": 4,
	"shake":1, 
	"requirements": [
{ "item": "铜", "amount": 105 }
{ "item": "铅", "amount": 75 }
{ "item": "硅晶玻璃", "amount": 45 }
{ "item": "钢化玻璃", "amount": 55 }
	],
	"category": "turret",
		"research": {
	"parent":"色散"
	"objectives": [
            {
				"type": "SectorComplete",
				"preset": "ES风吹群岛"
			}
	]
	}
	    "researchCostMultiplier": 1,
	        "canOverdrive": false,
}