{
	"type": "ItemTurret",
	"name": " ES冰雹",
	"description": "发射榴弹炮，打击敌人",
	"health": 790,
	"size": 2,
	"reload": 120,
	"shootSound": "artillery",
	"shake": 1.7,
	"inaccuracy": 6
	"consumes": {
		"coolant": {
			"amount": 0.1,
			"optional": true
		}
	},
	"shoot": {
		"shots": 2,
		"shotDelay": 40
		"barrels":2,
		"spread":12
	},
	"targetGround": true,
	"targetAir": false,
	"range": 261,
	"recoilTime": 30,
	"recoil": 2,
	"maxAmmo":45,
	"ammoUseEffect": "casing3",
	"inaccuracy": 3,
	"rotateSpeed": 6,
	"ammoPerShot": 2,
	"ammoTypes": {
		"铁": {
			"type": "ArtilleryBulletType",
			"speed": 3,
			"lifetime": 87,
			"width": 15,
			"height": 15,
			"knockback": 1,
			"shootEffect": "shootBig",
			"status": "脆裂",
			"statusDuration": 60,
			"splashDamageRadius": 10,
			"splashDamage": 36,
			"hitEffect": "explosion",
			"despawnEffect": "explosion"
		},
		"硅": {
			"type": "ArtilleryBulletType",
			"speed": 3,
			"reloadMultiplier": 1.4,
			"lifetime": 90,
			"width": 15,
			"knockback": 1,
			"height": 15,
			"shootEffect": "shootBig",
			"homingRange": 40,
			"homingPower": 0.1,
			"splashDamageRadius": 20,
			"splashDamage": 23,
			"hitEffect": "explosion",
			"despawnEffect": "explosion"
			"status": "脆裂",
			"statusDuration": 60,
		},
		"石墨": {
			"type": "ArtilleryBulletType",
			"speed": 3,
			"lifetime": 87,
			"width": 15,
			"height": 15,
			"knockback": 1,
			"backColor": "FF8C00",
			"frontColor": "FFB90F",
			"shootEffect": "shootBig",
			"splashDamageRadius": 30,
			"splashDamage": 42,
			"makeFire": true,
			"status": "燃烧",
			"statusDuration": 60,
			"hitEffect": "explosion",
			"despawnEffect": "explosion"
		},
		"钢化玻璃": {
			"type": "ArtilleryBulletType",
			"speed": 1.5,
			"lifetime": 174,
			"width": 19,
			"height": 20,
			"backColor": "FFFFFFFF",
			"frontColor": "FFFFFFFF",
			"shootEffect": "shootBig",
			"splashDamageRadius": 20,
			"splashDamage": 66,
			"status": "脆裂",
			"statusDuration": 180,
			"hitEffect": "flakExplosionBig",
			"despawnEffect": "flakExplosionBig",
			"ammoMultiplier": 6,
			"fragBullets": 4,
			"fragBullet": {
			"status": "脆裂",
			"statusDuration": 60,
				"despawnEffect": "flakExplosionBig",
				"width": 8,
				"height": 9,
				"backColor": "FFFFFFFF",
				"frontColor": "FFFFFFFF",
				"splashDamageRadius": 20,
				"splashDamage": 25,
				"lifetime": 20,
				"speed": 1.5
			}
		},
		"硫": {
			"type": "ArtilleryBulletType",
			"speed": 3,
			"lifetime": 87,
			"width": 15,
			"height": 15,
			"knockback": 1,
			"backColor": "FF8C00",
			"frontColor": "FFB90F",
			"shootEffect": "shootBig",
			"splashDamageRadius": 40,
			"splashDamage": 59,
			"makeFire": true,
			"status": "燃烧",
			"statusDuration": 300,
			"hitEffect": "explosion",
			"despawnEffect": "explosion"
			"fragBullets": 3,
			"fragBullet": {
				"despawnEffect": "flakExplosionBig",
				"width": 8,
				"height": 9,
				"backColor": "FF8C00",
			"frontColor": "FFB90F",
			"shootEffect": "shootBig",
			"splashDamageRadius": 16,
			"splashDamage": 38,
			"makeFire": true,
			"status": "燃烧",
			"statusDuration": 60,
			"hitEffect": "explosion",
			"despawnEffect": "explosion"
			"fragBullets": 3,
				"lifetime": 20,
				"speed": 1.5
			}
		},
	},
	"requirements": [
		{
			"item": "铜",
			"amount": 95
		},
		{
			"item": "铅",
			"amount": 55
		},
		{
			"item": "铁",
			"amount": 35
		}
		{
			"item": "石墨",
			"amount": 35
		}
	],
	"category": "turret",
	"research": "起点"
	    "researchCostMultiplier": 1,
	        "canOverdrive": false,
}