{
	"type": "ItemTurret",
	"name": "燕击",
	"description": "发射两枚轻型自导导弹，只对空，需要一定强大的后勤，导弹可被拦截，但被拦截或爆炸后会分裂成多枚弹片，弹片可以攻击地面建筑
	
	(贴图by Mr.世纪灯泡)",
	"health": 1080,
	"size": 3,
	"reload":60,
	"range": 350,
		"targetGround": false,
	"targetAir": true,
		"maxAmmo":45,
    "ammoPerShot": 2,
	"consumes": {
	"power": 8,
       "coolant":{"amount":0.4,"optional":true}  
		},
	"shoot":{
		"shots":2,
	    "shotDelay":30,
		"type":"ShootAlternate",
		"shootY":3,
		"barrels":4,
		"spread":4.5
	},
	"ammoUseEffect": "casing2Double",
	"shootSound":"respawn",
	"inaccuracy": 7,
	"rotateSpeed": 4,
	"shake":1,
	"ammoTypes": {
        "钢": {
	         "type": "BasicBulletType",
             "spawnUnit": "雀巢A",
             "speed": 0,
             "shootEffect": {
	             "type": "MultiEffect",
  	             "effects": [
       		         {
	                 "type": "RadialEffect",
	                 "effect": "shootSmokeMissile",
	               	},
	            	{
	                "type": "ParticleEffect",
                  	"particles": 45,
                 	"lifetime": 400,
                 	"sizeFrom": 4,
                   	"sizeTo": 0,
	                "length": 120,
	                "cone": 10,
                  	"interp": "pow10In",
                  	"sizeInterp": "pow5Out",
	                "colorFrom": "FEB380AA",
	                "colorTo": "FEB38000"
               		}
	             ]
	         }
		 }
		  "波动合金": {
	         "type": "BasicBulletType",
             "spawnUnit": "雀巢B",
             "speed": 0,
             "shootEffect": {
	             "type": "MultiEffect",
  	             "effects": [
       		         {
	                 "type": "RadialEffect",
	                 "effect": "shootSmokeMissile",
	               	},
	            	{
	                "type": "ParticleEffect",
                  	"particles": 45,
                 	"lifetime": 400,
                 	"sizeFrom": 4,
                   	"sizeTo": 0,
	                "length": 120,
	                "cone": 10,
                  	"interp": "pow10In",
                  	"sizeInterp": "pow5Out",
	                "colorFrom": "FEB380AA",
	                "colorTo": "FEB38000"
               		}
	             ]
	         }
		 }
	}, 
	"requirements": [
{ "item": "碳钢", "amount": 125 }
{ "item": "钛", "amount": 175 }
{ "item": "波动合金", "amount": 165 }
{ "item": "硅晶玻璃", "amount": 95 }
	],
	"category": "turret",
	"research": {
	"parent":"蜂群"
	"objectives": [
            {
				"type": "SectorComplete",
				"preset": "ES海军要塞"
			}
	]
	}
	    "researchCostMultiplier": 2,
	        "canOverdrive": false,
}