{
	"type": "ItemTurret",
	"name": " ES齐射",
	"description": "发射多枚子弹,前期不错的炮台，部分子弹时有破甲伤害。
	
	
	(贴图by Mr.世纪灯泡)",
	"health": 1280,
	"size": 3,
	"reload":95,
	"range": 220,
    "ammoPerShot": 4
    "maxAmmo":45
    "consumes": {
	"coolant":{"amount":0.55,"optional":true}  }
	"shoot":{
		"shots":7,
	    "shotDelay":5,
		"type":"ShootAlternate",
		"barrels":1,
		"spread":12
	},
	"ammoUseEffect": "casing2Double",
	"inaccuracy": 2,
	"shake":1,
	"shootSound":"shootBig",
	"ammoTypes": {
				    "钢":{		 
	    "reloadMultiplier":1.2,
	        "speed": 10,
			"damage": 33,
			"lifetime":22,
			"width": 9,
			"height": 14,
			"ammoMultiplier":1,
			"pierceArmor": true,
			"pierceCap": 3,
			"pierceBuilding": true,
			"status": "脆裂",
			"statusDuration": 160,
			"shootEffect": "shootSmall"	    },
			"钛":{		 
	    "reloadMultiplier":1.3,
	        "speed": 10,
			"damage": 32,
			"lifetime":22,
			"width": 9,
			"height": 14,
			"pierceArmor": true,
			"ammoMultiplier":2,
			"status": "脆裂",
			"statusDuration": 130,
			"shootEffect": "shootSmall"	    },
			"铁":{		 
	    "reloadMultiplier":1,
	        "speed": 10,
			"damage": 12,
			"lifetime":22,
			"width": 9,
			"height": 14,
			"pierceArmor": true,
			"ammoMultiplier":2,
			"status": "脆裂",
			"statusDuration": 90,
			"shootEffect": "shootSmall"	    },
			"硫": {
			"speed": 10,
			"damage": 31,
			"lifetime":22,
			"width": 9,
			"height": 14,
			"ammoMultiplier":2,
					"splashDamageRadius":35,
		"splashDamage":16,
	    "makeFire":true,
	    "pierceArmor": true,
			"ammoMultiplier":2,
			"shootEffect":"shootSmall",
			"status":"燃烧",
	     	"statusDuration":260,	
	     	"backColor":"FFD700",
			"frontColor":"FFD700"}
	    "碳钢": {
			"speed": 10,
			"damage": 36,
			"lifetime":22,
			"width": 9,
			"height": 14,
			"ammoMultiplier":4,
					"splashDamageRadius":15,
		"splashDamage":36,
	    "makeFire":true,
			"ammoMultiplier":4,
			"shootEffect":"shootSmall",
			"status":"燃烧",
	     	"statusDuration":60,	
	     	"backColor":"272727",
			"frontColor":"272727"
			"fragBullets": 3,
			"fragBullet": {
			"status": "脆裂",
			"statusDuration": 120,
				"despawnEffect": "flakExplosionBig",
				"width": 8,
				"height": 9,
				"backColor": "FFFFFFFF",
				"frontColor": "FFFFFFFF",
				"damage": 11
				"pierceArmor": true,
				"lifetime": 20,
				"speed": 0.5
			}
	    }
	}, 
	"requirements": [
{ "item": "钢", "amount": 125 }
{ "item": "波动合金", "amount": 75 }
{ "item": "石墨", "amount": 185 }
{ "item": "钛", "amount": 125 }
	],
	"category": "turret",
		"research": {
	"parent":"撕裂"
	"objectives": [
            {
				"type": "SectorComplete",
				"preset": "ES海军要塞"
			}
	]
	}
	    "researchCostMultiplier": 1,
	        "canOverdrive": false,
}
