{
  "name": "镀层力墙投射器",
  "description": "消耗电力与硅生成力场，可用水冷却",
  "type": "ForceProjector",
  "requirements": [
    "silicon/160",
    "tungsten/160",
    "graphite/120",
    "beryllium/120"
  ],
  "size": 3,
  "itemCapacity": "10",
  "health": 1080,
  "consumeCoolant": true,
  "coolantConsumption": 0.15,
  "shieldHealth": 4800,
  "sides": 8,
  "radius": 144,
  "consumes": {
    "items": [
      "silicon/1"
    ],
    "power": 2,
  },
  "research": {
    "parent": "beryllium-wall",
    "objectives": [
      "beryllium-wall",
      {
        "type": "OnSector",
        "preset": "flatlands"
      }
    ]
  },
  "category": "effect",
  "craftTime": "300",
}
