{
	"category": "distribution",
	"type": "ItemBridge",
	"description": "能跨越方块传输物品 运输距离比相位物桥更长 防御性能更好 需要电力",
	"name":"合金传送带桥",
	"requirements": [
		{ "amount": 7, "item": "phase-fabric" },
		{ "amount": 5, "item": "surge-alloy" }
		{ "amount": 10, "item": "metaglass" },	
		{ "amount": 10, "item": "铝" },
	],
	"range":20,
	"canOverdrive":true,	
	"consumes": {
    "power":0.5,
    }
	"hasPower": true,
	"health":120,
	"itemCapacity":30
	"placeableLiquid":true
	"speed":14,
	"research":"复合钛传送带"
}