{
	"type": "flying",
	"name": "天魔",
	"rotateSpeed": 0.8,
	"speed": 0.7,
	"ammoType": "thorium",
	"ammoCapacity": 300,
	"hitSize": 50,
	"itemCapacity": 4525,
    "mineTier": 6,
	"buildRange": 288,
	"buildSpeed": 3,
	"buildBeamOffset": 16,
	"flying": true,
	"lowAltitude":true
	"health": 750000,
	"armor": 65,
	"range": 320,
	"engines": [
		{
			"x": 0,
			"y": -25,
			"radius": 15,
			"rotation": -135
		},
	],
	"engineOffset": 16,
	"engineSize": 5.5,
	"lightRadius": 60,
	"fogRadius": 20,
	"abilities":[
	    ]
	"weapons": [
	{
	"name": "邪眼",	
    "shoot":{
		"shots":5
	    "shotDelay":30
	},
	"ammoUseEffect": "casing2Double",
	"shootSound":"respawn",
	"reload":200
        "x":0
        "y":0
        "rotate": false,
		"shootY":3,
        "rotateSpeed":0
        "inaccuracy": 120
        "baseRotation":0
        "shootCone": 360,
        "mirror":false,
        "alternate": false,
	"bullet":{
	         "type": "BasicBulletType",
             "spawnUnit": "邪眼",
             "speed": 1,
	               	}
	          }
		{	
    "name": "天魔4",	
	"reload": 5,     
    "x": 20,  
    "y": -15, 
	"shootY":0,
	"rotate": true,
    "rotateSpeed":9999,
    "inaccuracy": 10,
	"alternate": true,  
	"shake":6,
	"shootSound":"laser",
	"bullet":{
             "type": "LaserBulletType",	
             "damage":100,
             "sideAngle":10,
             "sideWidth":1,
             "sideLength":1000,
             "smokeEffect": "bigShockwave",
             "colors":[
             "A5141400", 
             "A5141400", 
             "A51414"],
             "width":25,	
             "length":360
	}
	}
			{	
    "name": "天魔4",	
	"reload": 5,     
    "x": 10,  
    "y": -5, 
	"shootY":0,
	"rotate": true,
    "rotateSpeed":9999,
    "inaccuracy": 10,
	"alternate": true,  
	"shake":6,
	"shootSound":"laser",
	"bullet":{
             "type": "LaserBulletType",	
             "damage":100,
             "sideAngle":10,
             "sideWidth":1,
             "sideLength":1000,
             "smokeEffect": "bigShockwave",
             "colors":[
             "A5141400", 
             "A5141400", 
             "A51414"],
             "width":25,	
             "length":360
	}
	}
	{
            "name": "天魔2",
            "ejectEffect": "casing4",
            "length": 13,
            "x": 0,
            "y": 0,
            "reload": 15,
            "rotate":false,
            "top": false,
            "alternate": false,
            "recoil": 3,
            "shootY": 0,
            "shake": 10,
            "shootSound": "bang",
            "inaccuracy": 1,
            "shoot": {
                "shots": 1,
                "shotDelay": 10,
                "alternate": false
            },
            "spacing": 0,
            "shotDelay": 5,
            "bullet": {
                "type": "BasicBulletType",
                "speed": 8,
                "damage": 125,
                "lifetime": 115,
                "pierceCap": 10,
                "width": 12,
                "height": 25,
                "shootEffect": "shootBig"
            }
        },
	]
}
