{
	"type": "naval",
	"name": "绝弑",
	"rotateSpeed": 0.2,
	"speed": 0.8,
	"ammoType": "thorium",
	"ammoCapacity": 300,
	"hitSize": 256,
	"itemCapacity": 4525,
    "mineTier": 6,
	"buildRange": 288,
	"buildSpeed": 3,
	"buildBeamOffset": 16,
	"flying": false,
	"lowAltitude":true
	"health": 95005000,
	"armor": 175,
	"range": 320,
	"abilities":[
	        {
			"type": "EnergyFieldAbility",
			"damage": 5000,
			"reload": 50,
			"range": 150,
			"healPercent": 15,
			"sameTypeHealMult": 0.6,
			"effectRadius":15,
			"sectors":15,
			"sectorRad": 0.05,
			"rotateSpeed": 0,
			"color": "FEEBB3",
			"damageEffect": "chainLightning",
			"status": "slow",
			"shootSound": "spark",
			"statusDuration": 360,
			"x": 0, "y": 150,
			"targetGround": true,
			"targetAir": true,
			"hitBuildings": false,
			"hitUnits": true,
			"maxTargets": 50
		},
	        {
			"type": "ForceFieldAbility",
			"radius": 250,
			"regen":60,
			"sides":12,
			"rotation": 20,
            "reload":360
			"max":50000,
			"cooldown":350
		},
	    {
			"type": "ShieldArcAbility",
			"radius": 350,
			"width": 40,
			"max": 15000,
			"regen": 50,
			"cooldown": 200,
			"angle": 36,
			"angleOffset": 45
		},
		    {
			"type": "ShieldArcAbility",
			"radius": 350,
			"width": 40,
			"max": 15000,
			"regen": 50,
			"cooldown": 200,
			"angle": 36,
			"angleOffset": 135
		},
		    {
			"type": "ShieldArcAbility",
			"radius": 350,
			"width": 40,
			"max": 15000,
			"regen": 50,
			"cooldown": 200,
			"angle": 36,
			"angleOffset": 225
		},
		    {
			"type": "ShieldArcAbility",
			"radius": 350,
			"width": 40,
			"max": 15000,
			"regen": 50,
			"cooldown": 200,
			"angle": 36,
			"angleOffset": 315
		},
	    ]
	"weapons": [
	{
            "name": "绝弑1",
            "mirror": true,
            "display": false
            "shootY": 0,
            "rotateSpeed": 5,
            "x": 60,
            "y": 45,
            "rotate":true,
            "top":true
            "shootSound": "flux",
            "bullet": {
                "smokeEffect": "none",
                "type": "ContinuousFlameBulletType",
                "damage": 120,
                "length": 1200,
                "knockback": 0.8,
                "pierceCap": 30,
                "buildingDamageMultiplier": 0.3,
                "status": "melting",
                "width": 8,
                "statusDuration": 300,
                "colors": [
                    "C93B3BFF",
                     "FF6464FF",
                ],
                "hitEffect": {
                    "type": "ParticleEffect",
                    "line": true,
                    "particles": 8,
                    "lifetime": 300,
                    "length": 65,
                    "cone": -360,
                    "lenFrom": 7,
                    "lenTo": 1,
                    "colorFrom": "FF6464FF",
                    "colorTo": "D73E3EFF"
                },
                "flareWidth": 10,
                "flareLength": 60,
                "flareColor": "FF6464FF",
                "hitColor": "D73E3EFF"
            }
        },
        {
            "name": "绝弑1",
            "mirror": true,
            "display": false
            "shootY": 0,
            "rotateSpeed": 5,
            "x": 75,
            "y": -5,
            "rotate":true,
                 "top":true
            "shootSound": "flux",
            "bullet": {
                "smokeEffect": "none",
                "type": "ContinuousFlameBulletType",
                "damage": 120,
                "length": 1200,
                "knockback": 0.8,
                "pierceCap": 30,
                "buildingDamageMultiplier": 0.3,
                "status": "melting",
                "width": 8,
                "statusDuration": 300,
                "colors": [
                    "C93B3BFF",
                     "FF6464FF",
                ],
                "hitEffect": {
                    "type": "ParticleEffect",
                    "line": true,
                    "particles": 8,
                    "lifetime": 300,
                    "length": 65,
                    "cone": -360,
                    "lenFrom": 7,
                    "lenTo": 1,
                    "colorFrom": "FF6464FF",
                    "colorTo": "D73E3EFF"
                },
                "flareWidth": 10,
                "flareLength": 60,
                "flareColor": "FF6464FF",
                "hitColor": "D73E3EFF"
            }
        },
{
            "name": "绝弑1",
            "mirror": true,
            "shootY": 0,
            "rotateSpeed": 5,
            "x": 60,
            "y": -30,
            "rotate":true,
                 "top":true
            "shootSound": "flux",
            "bullet": {
                "smokeEffect": "none",
                "type": "ContinuousFlameBulletType",
                "damage": 120,
                "length": 1200,
                "knockback": 0.8,
                "pierceCap": 30,
                "buildingDamageMultiplier": 0.3,
                "status": "melting",
                "width": 8,
                "statusDuration": 300,
                "colors": [
                    "C93B3BFF",
                     "FF6464FF",
                ],
                "hitEffect": {
                    "type": "ParticleEffect",
                    "line": true,
                    "particles": 8,
                    "lifetime": 300,
                    "length": 65,
                    "cone": -360,
                    "lenFrom": 7,
                    "lenTo": 1,
                    "colorFrom": "FF6464FF",
                    "colorTo": "D73E3EFF"
                },
                "flareWidth": 10,
                "flareLength": 60,
                "flareColor": "FF6464FF",
                "hitColor": "D73E3EFF"
            }
        },
            {
            "name": "绝弑2",
            "ejectEffect": "casing4",
            "length": 13,
            "x": 13,
            "y": -47,
            "reload": 15,
            "rotate":true,
            "display": false
            "top": true,
            "alternate": true,
            "recoil": 3,
            "shootY": 13,
            "shake": 2,
            "shootSound": "bang",
            "inaccuracy": 3,
            "shoot": {
                "shots": 4,
                "shotDelay": 2,
                "alternate": false
            },
            "spacing": 0,
            "shotDelay": 5,
            "bullet": {
                "type": "BasicBulletType",
                "speed": 8,
                "damage": 600,
                "lifetime": 115,
                "pierceCap": 10,
                "width": 12,
                "height": 25,
                "shootEffect": "shootBig"
            }
        },
                    {
            "name": "绝弑2",
            "ejectEffect": "casing4",
            "length": 13,
            "x": 20,
            "y": 10,
            "reload": 15,
            "rotate":true,
            "top": true,
            "display": false
            "alternate": true,
            "recoil": 3,
            "shootY": 13,
            "shake": 2,
            "shootSound": "bang",
            "inaccuracy": 3,
            "shoot": {
                "shots": 4,
                "shotDelay": 2,
                "alternate": false
            },
            "spacing": 0,
            "shotDelay": 5,
            "bullet": {
                "type": "BasicBulletType",
                "speed": 8,
                "damage": 600,
                "lifetime": 115,
                "pierceCap": 10,
                "width": 12,
                "height": 25,
                "shootEffect": "shootBig"
            }
        },
                    {
            "name": "绝弑2",
            "ejectEffect": "casing4",
            "length": 13,
            "x": 58,
            "y": 19,
            "reload": 15,
            "rotate":true,
            "top": true,
            "alternate": true,
            "display": false
            "recoil": 3,
            "shootY": 13,
            "shake": 2,
            "shootSound": "bang",
            "inaccuracy": 3,
            "shoot": {
                "shots": 4,
                "shotDelay": 2,
                "alternate": false
            },
            "spacing": 0,
            "shotDelay": 5,
            "bullet": {
                "type": "BasicBulletType",
                "speed": 8,
                "damage": 600,
                "lifetime": 115,
                "pierceCap": 10,
                "width": 12,
                "height": 25,
                "shootEffect": "shootBig"
            }
        },
                    {
            "name": "绝弑2",
            "ejectEffect": "casing4",
            "length": 13,
            "x": 65,
            "y": 28,
            "reload": 15,
            "rotate":true,
            "top": true,
            "alternate": true,
            "recoil": 3,
            "shootY": 13,
            "shake": 2,
            "shootSound": "bang",
            "inaccuracy": 3,
            "shoot": {
                "shots": 4,
                "shotDelay": 2,
                "alternate": false
            },
            "spacing": 0,
            "shotDelay": 5,
            "bullet": {
                "type": "BasicBulletType",
                "speed": 8,
                "damage": 600,
                "lifetime": 115,
                "pierceCap": 10,
                "width": 12,
                "height": 25,
                "shootEffect": "shootBig"
            }
        },
        {
            "layerOffset": 1,
            "parts": [
                {
                    "type": "HaloPart",
                    "progress": "warmup",
                    "rotateSpeed": 0,
                    "shapeRotation": 180,
                    "x": 20,
                    "y": 33,
                    "sides": 3,
                    "shapes": 1,
                    "color": "FF6464FF",
                    "colorTo": "FF6464FF",
                    "tri": true,
                    "hollow": true,
                    "radius": 0,
                    "radiusTo": 5,
                    "triLength": 1,
                    "triLengthTo": 18,
                    "haloRadius": 0,
                    "haloRotation": 20,
                    "haloRotateSpeed": 0,
                    "layer": 110
                },
                {
                    "type": "HaloPart",
                    "progress": "warmup",
                    "rotateSpeed": 0,
                    "shapeRotation": 0,
                    "x": 20,
                    "y": 32,
                    "sides": 3,
                    "shapes": 1,
                    "color": "FF6464FF",
                    "colorTo": "FF6464FF",
                    "tri": true,
                    "hollow": true,
                    "radius": 0,
                    "radiusTo": 5,
                    "triLength": 5,
                    "triLengthTo": 160,
                    "haloRadius": 0,
                    "haloRotation": 0,
                    "haloRotateSpeed": 0,
                    "layer": 110
                },
                {
                    "type": "HaloPart",
                    "progress": "warmup",
                    "rotateSpeed": 0,
                    "shapeRotation": 180,
                    "x": -20,
                    "y": 33,
                    "sides": 3,
                    "shapes": 1,
                    "color": "FF6464FF",
                    "colorTo": "FF6464FF",
                    "tri": true,
                    "hollow": true,
                    "radius": 0,
                    "radiusTo": 5,
                    "triLength": 1,
                    "triLengthTo": 18,
                    "haloRadius": 0,
                    "haloRotation": -20,
                    "haloRotateSpeed": 0,
                    "layer": 110
                },
                {
                    "type": "HaloPart",
                    "progress": "warmup",
                    "rotateSpeed": 0,
                    "shapeRotation": 0,
                    "x": -20,
                    "y": 32,
                    "sides": 3,
                    "shapes": 1,
                    "color": "FF6464FF",
                    "colorTo": "FF6464FF",
                    "tri": true,
                    "hollow": true,
                    "radius": 0,
                    "radiusTo": 5,
                    "triLength": 5,
                    "triLengthTo": 160,
                    "haloRadius": 0,
                    "haloRotation": 0,
                    "haloRotateSpeed": 0,
                    "layer": 110
                },
                {
                    "type": "HaloPart",
                    "rotateSpeed": 0,
                    "shapeRotation": 0,
                    "y": 30,
                    "sides": 3,
                    "shapes": 1,
                    "color": "FF6464FF",
                    "colorTo": "FF6464FF",
                    "tri": true,
                    "hollow": true,
                    "radius": 0,
                    "radiusTo": 16,
                    "triLength": 5,
                    "triLengthTo": 6,
                    "haloRadius": 0,
                    "haloRotation": 0,
                    "haloRotateSpeed": 0,
                    "layer": 110
                },
                {
                    "type": "HaloPart",
                    "rotateSpeed": 0,
                    "shapeRotation": 0,
                    "y": 40,
                    "moveY": 45,
                    "sides": 3,
                    "shapes": 1,
                    "color": "FF6464FF",
                    "colorTo": "FF6464FF",
                    "tri": true,
                    "hollow": true,
                    "radius": 0,
                    "radiusTo": 16,
                    "triLength": 5,
                    "triLengthTo": 6,
                    "haloRadius": 0,
                    "haloRotation": 0,
                    "haloRotateSpeed": 0,
                    "layer": 110
                },
                {
                    "type": "HaloPart",
                    "rotateSpeed": 0,
                    "shapeRotation": 0,
                    "y": 50,
                    "moveY": 90,
                    "sides": 3,
                    "shapes": 1,
                    "color": "FF6464FF",
                    "colorTo": "FF6464FF",
                    "tri": true,
                    "hollow": true,
                    "radius": 0,
                    "radiusTo": 16,
                    "triLength": 5,
                    "triLengthTo": 6,
                    "haloRadius": 0,
                    "haloRotation": 0,
                    "haloRotateSpeed": 0,
                    "layer": 110
                }
            ],
            "name": "绝弑3",
            "heatColor": "FF6464FF",
            "shake": 3,
            "xRand": 0,
            "reload": 10,
            "mirror": true,
            "shootY": 0,
            "rotateSpeed": 0.8,
            "x": 37,
            "y": -150,
            "rotate": true,
            "shoot": {
                "shots": 10,
                "shotDelay": 0.75
            },
            "shootSound": "cannon",
            "bullet": {
                "pierceCap": 2,
                "recoil": 0,
                "hitSound": "plasmaboom",
                "buildingDamageMultiplier": 0.3,
                "smokeEffect": "smokeCloud",
                "trailLength": 3,
                "trailWidth": 4,
                "trailColor": "FF6464FF",
                "hitShake": 4,
                "reloadMultiplier": 1,
                "ammoMultiplier": 2,
                "frontColor": "FF6464FF",
                "backColor": "FF6464FF",
                "pierceBuilding": true,
                "damage": 4550,
                "splashDamageRadius": 80,
                "splashDamage": 1280,
                "speed": 30,
                "lifetime": 30,
                "width": 16,
                "height": 24,
                "despawnEffect": "instBomb",
                "shootEffect": {
                    "type": "ParticleEffect",
                    "particles": 8,
                    "line": true,
                    "strokeFrom": 3,
                    "strokeTo": 0,
                    "lenFrom": 12,
                    "lenTo": 0,
                    "length": 35,
                    "baseLength": 3,
                    "lifetime": 30,
                    "colorFrom": "FF6464FF",
                    "colorTo": "FF6464FF",
                    "cone": 60
                },
            },
        },
            {
			"name": "绝弑4",
			"x": 0,
			"y": 87,
			"reload": 50,
		    "alternate": true,
			"mirror": false,
			"rotate": true,
			"rotateSpeed": 1,
			"shootSound": "missileLarge",
			"inaccuracy": 0,
			"shootCone":100,
			"minWarmup": 0.9,
			"shootWarmupSpeed": 0.022,
			"shoot": {
				"shots": 5,
				"shotDelay": 16
			},
			"bullet": {
				"keepVelocity": false,
				"speed": 0,
				"hitShake": 8,
				"shootEffect": {
					"type": "WaveEffect",
					"interp": "circleOut",
					"lifetime": 11,
					"sizeFrom": 0,
					"sizeTo": 70,
					"strokeFrom": 40,
					"strokeTo": 16,
					"colorFrom": "FFFFFF",
					"colorTo": "FFFFFFFF"
				},
				"smokeEffect": "shootSmallFlame",
				"spawnUnit": "G导弹"
			}
       },
       {
			"name": "绝弑5",
			"display": false,
			"reload": 90,
			"shootY": 0,
			"x": 0,
			"y": -87,
			"recoil": 7,
			"shootCone": 20,
			"shoot": {
				"shots": 2,
				"shotDelay": 4
			},
			"alternate": false,
			"rotate": true,
			"rotateSpeed": 1,
			"inaccuracy": 0,
			"shootSound": "plasmadrop",
			"shake": 3,
			"bullet": {
				"damage": 1550,
				"buildingDamageMultiplier": 0.77,
				"status": "治疗",
				"statusDuration": 600,
				"pierce": true,
				"pierceArmor": true,
				"pierceCap": 2,
				"lightningDamage": 3555,
				"lightning": 2,
				"lightningLength": 15,
				"lightningColor": "D73E3EFF",
				"splashDamage": 350,
				"splashDamageRadius": 85,
				"hitSize": 70,
				"speed": 30,
				"lifetime": 40,
				"drag": -0.008,
				"hitShake": 8,
				"backColor": "D73E3EFF",
				"frontColor": "D73E3EFF",
				"trailLength": 9,
				"trailWidth": 5,
				"trailColor": "D73E3EFF",
				"hitSound": "plasmaboom",
				"shootEffect": {
					"type": "MultiEffect",
					"effects": [
						{
							"type": "ParticleEffect",
							"particles": 12,
							"line": true,
							"strokeFrom": 5,
							"strokeTo": 0,
							"lenFrom": 55,
							"lenTo": 0,
							"length": 63,
							"baseLength": 0,
							"lifetime": 20,
							"colorFrom": "FFA665",
							"colorTo": "FFA665",
							"cone": 60
						},
						{
							"type": "ParticleEffect",
							"particles": 9,
							"interp": "fastSlow",
							"sizeFrom": 9,
							"sizeTo": 0,
							"length": 63,
							"baseLength": 0,
							"lifetime": 44,
							"colorFrom": "FFA665",
							"colorTo": "D73E3EFF",
							"cone": 60
						}
					]
				},
				"smokeEffect": "bigShockwave",
				"sprite": "missile-large",
				"shrinkY": 0,
				"width": 24,
				"height": 64,
				"fragBullets": 3,
				"fragBullet": {
					"type": "PointBulletType",
					"trailSpacing": 11,
					"trailEffect": {
						"type": "ParticleEffect",
						"particles": 1,
						"length": 0,
						"baseLength": 1,
						"lifetime": 25,
						"line": true,
						"randLength": false,
						"lenFrom": 12,
						"lenTo": 12,
						"strokeFrom": 12,
						"strokeTo": 0,
						"colorFrom": "D73E3E",
						"colorTo": "FFA665",
						"cone": 0
					},
					"lifetime": 16,
					"speed": 15,
					"statusDuration": 172,
					"splashDamageRadius": 48,
					"splashDamage": 235,
					"hitShake": 6,
					"hitSound": "laser",
					"hitEffect": {
						"type": "MultiEffect",
						"effects": [
							{
								"type": "ParticleEffect",
								"particles": 1,
								"sizeFrom": 28,
								"sizeTo": 0,
								"length": 0,
								"baseLength": 0,
								"lifetime": 32,
								"colorFrom": "FFA665",
								"colorTo": "D73E3EFF"
							},
							{
								"type": "WaveEffect",
								"lifetime": 15,
								"sizeFrom": 0,
								"sizeTo": 88,
								"strokeFrom": 6,
								"strokeTo": 0,
								"colorFrom": "FFA665",
								"colorTo": "D73E3EFF"
							}
						]
					},
					"despawnEffect": "none",
					"fragBullets": 1,
					"fragBullet": {
						"type": "PointBulletType",
						"trailSpacing": 11,
						"trailEffect": {
							"type": "ParticleEffect",
							"particles": 1,
							"length": 0,
							"baseLength": 1,
							"lifetime": 25,
							"line": true,
							"randLength": false,
							"lenFrom": 12,
							"lenTo": 12,
							"strokeFrom": 12,
							"strokeTo": 0,
							"colorFrom": "FFA665",
							"colorTo": "D73E3EFF",
							"cone": 0
						},
						"lifetime": 16,
						"speed": 15,
						"statusDuration": 172,
						"splashDamageRadius": 48,
						"splashDamage": 235,
						"hitShake": 6,
						"hitSound": "laser",
						"hitEffect": {
							"type": "MultiEffect",
							"effects": [
								{
									"type": "ParticleEffect",
									"particles": 1,
									"sizeFrom": 28,
									"sizeTo": 0,
									"length": 0,
									"baseLength": 0,
									"lifetime": 32,
									"colorFrom": "FFA665",
									"colorTo": "D73E3EFF"
								},
								{
									"type": "WaveEffect",
									"lifetime": 15,
									"sizeFrom": 0,
									"sizeTo": 88,
									"strokeFrom": 6,
									"strokeTo": 0,
									"colorFrom": "FFA665",
									"colorTo": "D73E3EFF"
								}
							]
						},
						"despawnEffect": "none",
						"fragBullets": 1,
						"fragBullet": {
							"type": "PointBulletType",
							"trailSpacing": 11,
							"trailEffect": {
								"type": "ParticleEffect",
								"particles": 1,
								"length": 0,
								"baseLength": 1,
								"lifetime": 25,
								"line": true,
								"randLength": false,
								"lenFrom": 12,
								"lenTo": 12,
								"strokeFrom": 12,
								"strokeTo": 0,
								"colorFrom": "FFA665",
								"colorTo": "D73E3EFF",
								"cone": 0
							},
							"lifetime": 16,
							"speed": 15,
							"statusDuration": 172,
							"splashDamageRadius": 48,
							"splashDamage": 235,
							"hitShake": 6,
							"hitSound": "laser",
							"hitEffect": {
								"type": "MultiEffect",
								"effects": [
									{
										"type": "ParticleEffect",
										"particles": 1,
										"sizeFrom": 28,
										"sizeTo": 0,
										"length": 0,
										"baseLength": 0,
										"lifetime": 32,
										"colorFrom": "FFA665",
										"colorTo": "D73E3EFF"
									},
									{
										"type": "WaveEffect",
										"lifetime": 15,
										"sizeFrom": 0,
										"sizeTo": 88,
										"strokeFrom": 6,
										"strokeTo": 0,
										"colorFrom": "FFA665",
										"colorTo": "D73E3EFF"
									}
								]
							},
							"despawnEffect": "none"
						}
					}
				},
				"trailChance": 1,
				"trailInterval": 40,
				"trailEffect": {
					"type": "WaveEffect",
					"lifetime": 30,
					"sizeFrom": 0,
					"sizeTo": 45,
					"strokeFrom": 3,
					"strokeTo": 0,
					"colorFrom": "FFA665",
					"colorTo": "FFA665"
				},
				"hitEffect": {
					"type": "MultiEffect",
					"effects": [
						{
							"type": "ParticleEffect",
							"particles": 42,
							"line": true,
							"strokeFrom": 6,
							"strokeTo": 0,
							"lenFrom": 55,
							"lenTo": 0,
							"length": 73,
							"baseLength": 30,
							"lifetime": 30,
							"colorFrom": "FF5B5B",
							"colorTo": "D73E3E"
						},
						{
							"type": "ParticleEffect",
							"particles": 22,
							"sizeFrom": 10,
							"sizeTo": 0,
							"length": 63,
							"baseLength": 23,
							"lifetime": 32,
							"colorFrom": "FFA665",
							"colorTo": "D73E3E"
						},
						{
							"type": "ParticleEffect",
							"particles": 1,
							"sizeFrom": 100,
							"sizeTo": 0,
							"length": 0,
							"baseLength": 0,
							"lifetime": 32,
							"colorFrom": "FFA665FF",
							"colorTo": "D73E3EFF"
						},
						{
							"type": "WaveEffect",
							"lifetime": 30,
							"sizeFrom": 0,
							"sizeTo": 120,
							"strokeFrom": 6,
							"strokeTo": 0,
							"colorFrom": "FF5B5B",
							"colorTo": "D73E3E"
						}
					]
				},
				"despawnEffect": "none"
			}
		},
	]
}