{
	"type": "UnitFactory",
	"name": "复合单位制造厂",
	"description": "制造一些奇怪的东西",//介绍
	"health": 5500,
	"size": 5,
	"plans": [
		{
			"unit": "飞天堡垒",
			"time": 1380,
			"requirements": [
				"silicon/70",
        	"graphite/50",
			]
		},
		{
			"unit": "堡    垒",
			"time": 2800,
			"requirements": [
				"copper/60",
				"silicon/80",
        	"graphite/70",
			]
		},
	],
	"requirements": [
        "silicon/60",
	"graphite/50",
	"copper/30",
	],
	"category": "units",
	"research": "router"
	"researchCostMultiplier": 0.5,
}