{
"type": "Reconstructor",
	"name": "泰坦级单位重构厂",
	"description": "把输入单位升级为第六级",
	"details": "你快点,吐槽点什么",
	"health": 8500
	"size": 11,
	"constructTime": 18600,//生产单位时间
	"consumes": {//消耗
		"power": 21,
		"items": {
			"items": [
        "silicon/1800",
        "surge-alloy/800",
         "graphite/1100",
         "plastanium/900",
         "phase-fabric/400",
			]
		}
	},
	"requirements": [
	    "lead/6000",
        "silicon/4500",
        "thorium/2500",
        "surge-alloy/1000",
        "plastanium/700",
        "phase-fabric/700",
	],//建造所需
	"upgrades": [
        ["toxopid", "血虫"],
        ["reign","帝国",]
        ["omura","爆雨",]
	],
	"category": "units",
	"research": "tetrative-reconstructor"
}