{
    "type": "UnitAssembler",  // 定义建筑的类型为“单位组装器”，用于生产陆军单位。
    "name": "组装厂",  // 建筑的名称，显示在游戏内。
    "description": "这只在测试",  // 建筑的描述，用于游戏内的建筑信息提示。
    "details": "所以我不到",  // 建筑的详细信息，通常用于建筑的背景或使用说明。
    "health": 2800,  // 建筑的生命值，表示其耐久度。
    "armor": 30,  // 建筑的护甲值，影响其对伤害的抗性。
    "size": 4,  // 建筑的尺寸（单位为方格），表示建筑占据的面积（5x5方格）。
    "consumes": {  // 定义建筑的消耗资源。
        "power": 50,  // 每秒消耗的电力单位。
    },
    "areaSize": 15,  // 建筑的占地面积（单位为方格），表示建筑实际占用的方格数。
    "plans": [// 定义建筑可以生产的单位计划。
        {
            "unit": "血虫",  // 可生产的单位名称。
            "time": 60,  // 生产该单位所需的时间（单位为秒）。
            "requirements": [  // 生产该单位所需的材料。
                "atrax/15",
            ]
        },
    ],
    "droneType": "assembly-drone",  // 建筑的维修无人机类型
    "requirements": [  // 建筑的建造材料需求。
        "silicon/40",  // 需要40硅。
        "titanium/10",  // 需要60钛。
    ],
    "research": "错误",  // 建筑的解锁条件，需要解锁的科技名称。
    "category": "units"  // 建筑所属的分类，这里是“units”（单位类别）。
}
