{
"type": "Reconstructor",
	"name": "路由器级重构厂",
	"description": "把输入单位升级",
	"details": "看来,这个作者越来越神金了",
	"health": 850
	"size": 3,
	"constructTime": 1800,//生产单位时间
	"consumes": {//消耗
		"items": {
			"items": [
			"copper/30",
			"graphite/20",
			]
		}
	},
	"requirements": [
	"graphite/70",
	"copper/50",
	],//建造所需
	"upgrades": [
        ["路由器", "分配器"],
	],
	"category": "units",
	"research": "路由器进阶厂"
	"researchCostMultiplier": 0.45,
}