{
"type":"PowerTurret",
    "name":"喷火器", 
    "description":"向敌人喷射火焰", 
    "health":2000,
	"reload":15,
    "shootCone":360,
    "rotateSpeed":5,
	"hasLiquids": true,
	"hasShadow":false
	"LiquidsCapacity":30
    "targetAir" :false,
	"targetGround": true,
    "range":155
    "inaccuracy": 8,
    "size":2,
    "shoot":{
	    "type":"ShootSpread",
	    "shots":1
	},
	"inaccuracy": 0,
    "shootY":0,
    "shootX":0,
    "shootType":{
    "collidesAir": false
    "collidesGround": true,
    "reloadMultiplier": 0.8,
			"type": "BulletType",
			"damage": 4,
			"hitSize":10,
			"speed": 3.1,
			"lifetime": 50
			"ammoMultiplier": 6,
			"collidesAir": false
        "collidesGround": true
			"pierce":true
			"width": 8,"height": 12
        "backColor": "DCD139",
				"frontColor": "DC0000",
			"shootEffect": {
				"type": "ParticleEffect",
				"particles": 13,
				"lifetime": 50
				"sizeFrom": 1.88,
				"sizeTo": 0,
				"interp": "pow5Out",
				"sizeInterp": "pow10In",
				"length": 88,
				"baseLength": 0,
				"colorFrom": "DCD139",
				"colorTo": "DC0000",
				"cone": 12
			},
       },
	"requirements": [
    { "item": "钱", "amount": 120},],
	 "researchCostMultiplier": 0.3
	"category": "turret",
	"research": "机枪"
	"canOverdrive": false,
}