{
"type":"PowerTurret",
    "name":"机枪炮台t2", 
    "description":"向敌人射击机枪", 
    "health":1100,
	"reload":40,
    "shootCone":360,
    "rotateSpeed":5,
     "alwaysUnlocked": false,
        "recoilTime": 15,//后坐力恢复时间
	"hasLiquids": true,
	"hasShadow":false
	"LiquidsCapacity":30
    "targetAir" :false,
	"targetGround": true,
    "range":185,
    "recoil":3,
    "size":2,
    "shoot":{
	    "type":"ShootSpread",
	    "shots":2
	    "shotDelay":20,
	    "barrels":2,
		"spread":2
	},
	"inaccuracy": 0,
    "shootSound":"机枪",
    "shootY":0,
    "shootX":0,
    "shootType":{
    "collidesAir": false
    "collidesGround": true,
    "speed": 18.5,  
	    "lifetime":10,
		"width": 3,"height": 5,
		"damage":44
		"shootEffect": "shootSmall",
        "backColor": "FFFFFFFF",
				"frontColor": "FFFFFFFF",
        "fragLifeMin":0.1,
        "homingRange": 8,
            "homingPower": 8
       },
	"requirements": [
    { "item": "钱", "amount": 150},],
	 "researchCostMultiplier": 0.3
	"category": "turret",
	"research": "机枪"
	"canOverdrive": false,
}