{
"type":"PowerTurret",
    "name":"火炮t1", 
    "description":"向敌人射击火炮", 
    "health":1000,
	"reload":220.2,
    "shootCone":360,
    "rotateSpeed":5,
        "recoilTime": 60,//后坐力恢复时间
	"hasLiquids": true,
	"hasShadow":false
	"LiquidsCapacity":30
    "targetAir" :false,
	"targetGround": true,
    "range":350
    "recoil":3,
    "size":2,
    "shoot":{
	    "type":"ShootSpread",
	    "shots":1
	},
	"inaccuracy": 0,
    "shootSound":"火炮发射",
    "shootY":0,
    "shootX":0,
    "shootType":{
    "type":"ArtilleryBulletType",
    "collidesAir": false
    "collidesGround": true,
    "speed": 2,  
	    "lifetime":175,
		"width": 12,"height": 12,
		"splashDamageRadius":15,
	"splashDamage":80,	  
       },
	"requirements": [
    { "item": "钱", "amount": 210},],
	 "researchCostMultiplier": 0.3
	"category": "turret",
	"research": "机枪"
	
}