{
"type":"PowerTurret",
    "name":"火炮t2", 
    "description":"向敌人射击火炮", 
    "health":1000,
	"reload":109.8
    "shootCone":360,
    "rotateSpeed":5,
        "recoilTime": 60,//后坐力恢复时间
	"hasLiquids": true,
	"hasShadow":false
	"LiquidsCapacity":30
    "targetAir" :false,
	"targetGround": true,
    "range":460
    "recoil":3,
    "size":2,
    "shoot":{
	    "type":"ShootSpread",
	    "shots":2
	    "shotDelay":20,
	},
	"inaccuracy": 0,
    "shootSound":"火炮发射",
    "shootY":0,
    "shootX":0,
    "shootType":{
    "type":"ArtilleryBulletType",
    "collidesAir": false
    "collidesGround": true,
    "speed": 2,  
	    "lifetime":230,
		"width": 12,"height": 12,
		"splashDamageRadius":25,
	"splashDamage":180,	  
       },
	"requirements": [
	{ "item": "钱", "amount": 110}
    { "item": "水晶", "amount": 100},],
	 "researchCostMultiplier": 1.2
	"category": "turret",
	"research": "火炮"
	
}