{
  "type": "VariableReactor",
  "health": 20000,
  "size": 6,
  "research": "赫尔斯特",
  "hasLiquids": true,
  "liquidCapacity": 1000,
  "consumes": {
    "liquids": {
      "liquids": [
        {
          "liquid": "列位流体",
          "amount": 0.5
        },
        {
          "liquid": "临界流体",
          "amount": 0.2
        },
        {
          "liquid": "slag",
          "amount": 0.7
        }
      ]
    }
  },
  "category": "power",
  "requirements": [
    "beryllium/1300",
    "silicon/1000",
    "oxide/300",
    "thorium/1500",
    "列位石/1000"
  ],
  "maxHeat": 80,
  "powerProduction": 166,
  "effectChance": 35,
  "drawer": {
    "type": "DrawMulti",
    "drawers": [
      "DrawDefault",
      {
        "type": "DrawRegion",
        "suffix": "-bottom"
      },
      {
        "type": "DrawCrucibleFlame",
        "flameColor": "FFF3D6FF",
        "flameRadiusScl": 20,
        "flameRadiusMag": 20,
      },
      {
        "type": "DrawCrucibleFlame",
        "flameColor": "b8fff940",
        "flameRadiusScl": 20,
        "flameRadiusMag": 20,
      },
      {
        "type": "DrawLiquidRegion",
        "drawLiquid": "列位流体"
      },
      {
        "type": "DrawGlowRegion",
        "color": "c4bdf3"
      },
      {
        "type": "DrawPlasma",
        "suffix": "-p-",
        "plasma1": "b8fff940",
        "plasma2": "9BDE7E7E"
      },
      "DrawDefault"
    ]
  },
  "effect": {
    "type": "MultiEffect",
    "effects": [
      {
        "type": "ParticleEffect",
        "baseLength": 100,
        "length": 10,
        "sizeFrom": 0,
        "sizeTo": 2,
        "cone": 360,
        "lifetime": 70,
        "particles": 1,
        "colorFrom": "FFF3D6FF",
        "colorTo": "FFF3D6FF"
      },
      {
        "type": "ParticleEffect",
        "baseLength": 0,
        "length": 0,
        "sizeFrom": 2,
        "sizeTo": 2,
        "cone": 360,
        "lifetime": 20,
        "particles": 1,
        "colorFrom": "FFF3D6FF",
        "colorTo": "FFF3D6FF"
      },
      {
        "type": "ParticleEffect",
        "line": true,
        "lifetime": 30,
        "baseLength": 30,
        "length": 200,
        "lenFrom": 30,
        "lenTo": 0,
        "strokeFrom": 2,
        "strokeTo": 0,
        "colorFrom": "b8fff940",
        "colorTo": "b8fff940",
        "interp": "pow5In"
      }
    ]
  }
}