{
	"description": "开罐即食",
	"cost": 1.25,
	"color": "FFDF0D",
	"research":{
	"parent":"工业废水",
	"requirements":[
		{ "amount": 100, "item": "钛板" },
		{ "amount": 100, "item": "塑钢板" },
		{ "amount": 100, "item": "水泥" },
		{ "amount": 100, "item": "塑料" },
		{ "amount": 150, "item": "plan晶体" }
	]
	},
	"explosiveness": 850,
	"hardness": 2,
	"radioactivity": 12.66,
	"flammability": 8.4
}

/*
	"explosiveness": 650,
	"hardness": 1,
	"radioactivity": 7.8,
	"flammability": 6.8
	
	"explosiveness": 999999,
	"hardness": 999999,
	"radioactivity": 999999,
	"flammability": 999999
	*/
	
//explosiveness 爆炸性
//hardness 硬度
//radioactivity 放射性
//flammability 易燃性



/*
        thorium = new Item("thorium", Color.valueOf("f9a3c7")){{
            explosiveness = 0.2f;
            hardness = 4;
            radioactivity = 1f;
            cost = 1.1f;
        }};
        plastanium = new Item("plastanium", Color.valueOf("cbd97f")){{
            flammability = 0.1f;
            explosiveness = 0.2f;
            cost = 1.3f;
        }};

        phaseFabric = new Item("phase-fabric", Color.valueOf("f4ba6e")){{
            cost = 1.3f;
            radioactivity = 0.6f;
        }};

        surgeAlloy = new Item("surge-alloy", Color.valueOf("f3e979")){{
            cost = 1.2f;
        }};

        sporePod = new Item("spore-pod", Color.valueOf("7457ce")){{
            flammability = 1.15f;
        }};

        blastCompound = new Item("blast-compound", Color.valueOf("ff795e")){{
            flammability = 0.4f;
            explosiveness = 1.2f;
        }};

        pyratite = new Item("pyratite", Color.valueOf("ffaa5f")){{
            flammability = 1.4f;
            explosiveness = 0.4f;
        }};
        
        **/