{
    // === 单位基础属性 ===
    "type": "flying",                    // 单位类型：飞行单位
    "name": "微风",                      // 单位显示名称
    "description": "初期飞行器，较为坚固，有较好机动性。",          // 单位描述文本
    "ammoCapacity": 20,                  // 弹药容量（需消耗弹药类物品）
    "speed": 3,                          // 移动速度（格/秒）
    "flying": true,                      // 是否为飞行单位（无视地形）
    "engineOffset": 1,                   // 引擎粒子发射器偏移量（尾部距离）
    "engineSize": 2,                     // 引擎粒子大小
    "hitSize": 2,                        // 单位碰撞体积（直径）
    "targetAir": true,                   // 能否攻击空中单位
    "targetGround": true,                // 能否攻击地面单位
    "health": 480,                       // 基础生命值
    "armor": 2,                          // 护甲值（减伤用）
    "rotateSpeed": 28,                   // 转向速度（度/帧）
    "itemCapacity": 50,                  // 物品携带容量（格）
    "trailLength":3,
    "engineColor":"B5713EFF",
    "weapons":[
       {
			"name": "烬1",
			"reload": 4,
			"shootY": 7,
			"x": 6,
			"y": -1,
			"rotate": false ,
			"rotateSpeed": 0,
			"shootSound": "shootBig",
			"shake": 1,
			"ejectEffect": "casing3",
			"bullet": {
				"damage": 6,
				"speed": 15,
				"lifetime": 30,
				"smokeEffect": "shootBig",
				"width": 6,
				"height": 6
			}
		 }
	  ]
    // === 武器配置 ===
/*"abilities":[//单位能量场
        {
			"type": "EnergyFieldAbility",//伤害场
			"damage": 10,//伤害
			"reload": 40,//间隔
			"range": 70,//范围
			"healPercent": 20,//百分比伤害
			"sameTypeHealMult": 0.01,//同队单位百分比恢复
			"effectRadius":0,//中心特效范围
			"sectors":6,//扇区数量
			"sectorRad": 0.01,//扇区角度
			"rotateSpeed": 15,//旋转速度
			"color": "FFC877FF",//颜色
			"damageEffect": "chainLightning",//击中特效
			"status": "slow",//造成效果
			"shootSound": "spark",//击中声音
			"statusDuration": 360,//效果持续时间
			"x": 0,
			"y": 1,//围绕中心
			"targetGround": true,//攻击地面
			"targetAir": true,//攻击天空
			"hitBuildings": true,//攻击建筑
			"hitUnits": true,//攻击单位
			"maxTargets": 80,//最大目标数
			"layer":100
		},

	]*/
}