{
	"type":"naval",
	"name":"清溪",
	"description":"对指定目标发射激光",
	"health":3640,
	"armor":18,
	"speed":0.9,
	"outlineColor":"2E2F34FF",
	"faceTarget":false,
	"rotateSpeed":1.8,
	"trailLength":24,
	"waveTrailX":14,
	"waveTrailY":-6,
	"trailScl":2,
	"hitSize":20,

	"research":{
	"parent":"dew",
	"requirements":[
	"metaglass/2400",
	"plastanium/600",
	"silicon/3000"
	],
	"objectives":[
	"elementary-shipyard",
	]	},

	"immunities":[
	"wulfrum-amplify"
	],

	"weapons":[
	{"name":"rivulet-weapon",
	"mirror":false,
	"reload":12,
	"x":0,"y":-1,
	"shootSound":"mineDeploy",
	"rotate":true,
	"rotateSpeed":5,
	"inaccuracy":0,
	"shootCone":15,
	"shootSound":"missile",
	"cooldownTime":20,

	"bullet":{
		"type":"PointBulletType",
		"damage":60,
		"speed":6,"lifetime":30

		"hitEffect":"flakExplosionBig",
		"hitSound":"explosion",
		"despawnEffect":"flakExplosionBig",

		"trailSpacing":3,
		"trailEffect":{
		"type":"ParticleEffect",
		"particles":1,
		"length":0,
		"baseLength":1,
		"lifetime":7.5,
		"line":true,
		"randLength":false,
		"lenFrom":3.3,
		"lenTo":3.3,
		"strokeFrom":1.2,
		"strokeTo":0,
		"colorFrom":"8598BFFF",
		"colorTo":"DEEDFFFF",
		"cone":0
		},

		"shootEffect":{
		"type":"multiEffect",
		"effects":[
		{"type":"WaveEffect",
		"lifetime":10,
		"sizeFrom":0,
		"sizeTo":15,
		"colorFrom":"8598BFFF",
		"colorTo":"DEEDFFFF",
		"strokeFrom":1.5,
		"strokeTo":0},
		{
		"type":"ParticleEffect",
		"particles":3,
		"length":40,
		"lifetime":48,
		"interp":"circleOut",
		"sizeInterp":"pow5Out",
		"cone":0,
		"colorFrom":"8598BFFF",
		"colorTo":"DEEDFFFF",
		"sizeFrom":5.5,
		"sizeTo":0
		}	]	}
	"hitEffect":{
		"type":"multiEffect",
		"effects":[
		{"type":"WaveEffect",
		"lifetime":25,
		"sizeFrom":0,
		"sizeTo":20,
		"colorFrom":"8598BFFF",
		"colorTo":"DEEDFFFF",
		"strokeFrom":3.5,
		"strokeTo":0},
		{
		"type":"ParticleEffect",
		"region":"calamity-prism",
		"particles":9,
		"length":40,
		"lifetime":48,
		"interp":"circleOut",
		"sizeInterp":"pow5Out",
		"cone":360,
		"colorFrom":"8598BFFF",
		"colorTo":"DEEDFFFF",
		"sizeFrom":4.5,
		"sizeTo":0
		}	]	}
		}	}	]
}