{
	"type": "naval",
	"name": "悬河",
	"description":"战斗海洋护航舰，向敌人发射能量弹",
	"health":26920,//血量
	"armor":42,//装甲
	"speed":0.38,//速度
	"outlineColor": "2E2F34FF",//边框颜色
	"faceTarget": false,
	"rotateSpeed":1.5,
	"trailLength":24,
	"waveTrailX":30.75,
	"waveTrailY":-20,
	"trailScl":2,
	"hitSize":61.5,
	"range":360,

	"research":{
	"parent": "river",
	"requirements": [//研究花费
	"chromium/5000",
	"silicon/3000"
	"metaglass/2000",
	]	},

	"immunities":[
	"wulfrum-amplify"
	],

	"abilities":[
	{"type": "ForceFieldAbility",
	"sides":8,
	"radius":120,
	"regen":5,
	"max":9000,
	"cooldown":2000,
	},
	{"type":"EnergyFieldAbility",
	"x":0,"y":0,
	"damage":80,
	"reload":12,
	"range":120,
	"status":"empI",
	"statusDuration":120,
	"hitBuildings":true,
	"hitUnits":true,
	"healPercent":0.05,
	"maxTargets":12,
	"useAmmo":false,
	"color":"8598BFFF",
	}	],

	"weapons": [
		{"name": "river-weapon",
		"reload":360,
	"rotate": true,
	"rotateSpeed":0.7,
		"x":15,"y":-17,//XY轴坐标
		"mirror":true,//镜像
		"alternate":false,//交替攻击
		"recoil":0.5,//后坐力
		"shootSound": "mediumCannon",
		"layerOffset":0.003,

		"parts":[
	{"type":"RegionPart",
	"suffix":"-wing",
	"heatColor":"DEEDFFFF",
	"under":true,
	"mirror":true,
	"blending":"additive",
	"color":"8598BFFF",
	"colorTo":"DEEDFFFF",
	"moveX":3,
	"moveY":-3,
	"moves":[
	{"type":"PartMove",
	"progress":"recoil",
	"rot":-4,
	"y":-1
	}	],
	"progress":"warmup"
	},
		{"type":"HaloPart",//类型,光环
		"color": "DEEDFFFF",
		"tri": true,
		"shapes": 1,//外形
		"triLength": 0,//长度
		"triLengthTo":330,//最大长度
		"radius": 4,//半径
		"mirror": true,//镜像
		"under": false,//在炮台贴图下面
		"sides":15,//一侧
		"stroke":0,//
		"strokeTo":2,//
		"shapeRotation": 0,
		"haloRotation": 0,
		"layer": 110,
		"x":4,"y":2.5//位置,原点为炮台中心
		}
		//箭头
		{"type": "HaloPart",//类型,光环
		"progress": {
		"type": "charge",//类型,指向
		"op": "delay",
		"amount": 0.1},
		"color": "DEEDFFFF",//颜色
		"tri": true,
		"shapes": 1,//外形
		"triLength": 0,//长度
		"triLengthTo":5,//最大长度
		"radius": 10,//半径
		"shapeRotation": 0,
		"haloRotation": 0,
		"layer": 110,//
		"x": 0,"y": 12//位置,原点为炮台中心
		},
		{"type": "HaloPart",//类型,光环
		"progress": {
		"type": "charge",//类型,指向
		"op": "delay",
		"amount": 0.2},
		"color": "DEEDFFFF",//颜色
		"tri": true,
		"shapes": 1,//外形
		"triLength": 0,//长度
		"triLengthTo":5,//最大长度
		"radius": 10,//半径
		"shapeRotation": 0,
		"haloRotation": 0,
		"layer": 110,//
		"x": 0,"y": 41//位置,原点为炮台中心
		},
		{"type": "HaloPart",//类型,光环
		"progress": {
		"type": "charge",//类型,指向
		"op": "delay",
		"amount": 0.3},
		"color": "DEEDFFFF",//颜色
		"tri": true,
		"shapes": 1,//外形
		"triLength": 0,//长度
		"triLengthTo":5,//最大长度
		"radius": 10,//半径
		"shapeRotation": 0,
		"haloRotation": 0,
		"layer": 110,//
		"x": 0,"y": 70//位置,原点为炮台中心
		},
		{"type": "HaloPart",//类型,光环
		"progress": {
		"type": "charge",//类型,指向
		"op": "delay",
		"amount": 0.4},
		"color": "DEEDFFFF",//颜色
		"tri": true,
		"shapes": 1,//外形
		"triLength": 0,//长度
		"triLengthTo":5,//最大长度
		"radius": 10,//半径
		"shapeRotation": 0,
		"haloRotation": 0,
		"layer": 110,//
		"x": 0,"y": 99//位置,原点为炮台中心
		}
		{"type": "HaloPart",//类型,光环
		"progress": {
		"type": "charge",//类型,指向
		"op": "delay",
		"amount": 0.5},
		"color": "DEEDFFFF",//颜色
		"tri": true,
		"shapes": 1,//外形
		"triLength": 0,//长度
		"triLengthTo":5,//最大长度
		"radius": 10,//半径
		"shapeRotation": 0,
		"haloRotation": 0,
		"layer": 110,//
		"x": 0,"y": 128//位置,原点为炮台中心
		}
		{"type": "HaloPart",//类型,光环
		"progress": {
		"type": "charge",//类型,指向
		"op": "delay",
		"amount": 0.6},
		"color": "DEEDFFFF",//颜色
		"tri": true,
		"shapes": 1,//外形
		"triLength": 0,//长度
		"triLengthTo":5,//最大长度
		"radius": 10,//半径
		"shapeRotation": 0,
		"haloRotation": 0,
		"layer": 110,//
		"x": 0,"y": 157//位置,原点为炮台中心
		}
		{"type": "HaloPart",//类型,光环
		"progress": {
		"type": "charge",//类型,指向
		"op": "delay",
		"amount": 0.7},
		"color": "DEEDFFFF",//颜色
		"tri": true,
		"shapes": 1,//外形
		"triLength": 0,//长度
		"triLengthTo":5,//最大长度
		"radius": 10,//半径
		"shapeRotation": 0,
		"haloRotation": 0,
		"layer": 110,//
		"x": 0,"y": 186//位置,原点为炮台中心
		}
		{"type": "HaloPart",//类型,光环
		"progress": {
		"type": "charge",//类型,指向
		"op": "delay",
		"amount": 0.8},
		"color": "DEEDFFFF",//颜色
		"tri": true,
		"shapes": 1,//外形
		"triLength": 0,//长度
		"triLengthTo":5,//最大长度
		"radius": 10,//半径
		"shapeRotation": 0,
		"haloRotation": 0,
		"layer": 110,//
		"x": 0,"y":215//位置,原点为炮台中心
		}
		{"type": "HaloPart",//类型,光环
		"progress": {
		"type": "charge",//类型,指向
		"op": "delay",
		"amount": 0.9},
		"color": "DEEDFFFF",//颜色
		"tri": true,
		"shapes": 1,//外形
		"triLength": 0,//长度
		"triLengthTo":5,//最大长度
		"radius": 10,//半径
		"shapeRotation": 0,
		"haloRotation": 0,
		"layer": 110,//
		"x": 0,"y":244//位置,原点为炮台中心
		}
		{"type": "HaloPart",//类型,光环
		"progress": {
		"type": "charge",//类型,指向
		"op": "delay",
		"amount": 1.0},
		"color": "DEEDFFFF",//颜色
		"tri": true,
		"shapes": 1,//外形
		"triLength": 0,//长度
		"triLengthTo":5,//最大长度
		"radius": 10,//半径
		"shapeRotation": 0,
		"haloRotation": 0,
		"layer": 110,//
		"x": 0,"y":273//位置,原点为炮台中心
		}	]

		"shoot": {
		"type": "shootPattern",
		"firstShotDelay":240,
		"shots":3,
		"shotDelay":5
		},

		"bullet": {
		"sprite": "mine-bullet",
		"pierceCap":8,
		"pierce": true,
		"pierceBuilding": true,
		"damage":900,//单体伤害
		"splashDamageRadius":80,//伤害范围
		"splashDamage":120,//范围伤害
		"speed":16,//飞行速度
		"lifetime":22.5,//存在时间
	"status":"empII",
	"statusDuration":240,
		"shrinkY": 0,"shrinkX": 0,
		"width":17.25,"height":17.25,//子弹宽长度
		"frontColor": "8598BFFF",//中心颜色
		"backColor": "DEEDFFFF",//边缘颜色
		"hitSound":"shootSmite",//击中音效
		"hitShake":1,//
		"hitColor": "8598BFFF",

		"trailRotation": true,
		"trailLength":8.5,
		"trailWidth":4.5,
		"trailColor":"DEEDFFFF",
		"trailChance": 1,
		"trailInterval": 2,
		"trailEffect": {
		"type": "ParticleEffect",
		"particles": 1,
		"sizeFrom": 1,
		"sizeTo": 0,
		"colorFrom": "8598BFFF",//中心颜色
		"colorTo": "DEEDFFFF",//边缘颜色
		"lifetime": 10,
		"interp": "pow10Out",
		"baseLength": 3,
		"cone":30,
		"length": -35,
		}

	"shootEffect": {//攻击特效
		"type": "multiEffect",//多种特效
		"effects": [//特效
		{"type": "WaveEffect",
		"lifetime": 10,//存在时间
		"sizeFrom": 0,
		"sizeTo": 15,
		"strokeFrom": 1.5,
		"strokeTo": 0,
		"colorFrom": "8598BFFF",
		"colorTo": "DEEDFFFF",
		},
		{"type": "ParticleEffect",
		"region":"calamity-prism",//区域贴图
		"particles": 3,//粒子数量
		"length": 40,//长度
		"lifetime": 48,//存在时间
		"interp": "circleOut",//中间部分
		"sizeInterp": "pow5Out",//大小部分
		"cone": 0,//角度
		"colorFrom": "8598BFFF",
		"colorTo": "DEEDFFFF",
		"sizeFrom": 5.5,
		"sizeTo": 0
		}	]	},

	"hitEffect":{
	"type":"multiEffect",
	"effects":[
		{"type":"WaveEffect",
		"lifetime":25,
		"sizeFrom":0,
		"sizeTo":20,
		"colorFrom":"8598BFFF",
		"colorTo":"DEEDFFFF",
		"strokeFrom":3.5,
		"strokeTo":0},
	{"type":"WaveEffect",
	"lifetime":15,
	"sizeFrom":0,
	"sizeTo":60,
	"strokeFrom":7.5,
	"strokeTo":0,
		"colorFrom":"8598BFFF",
		"colorTo":"DEEDFFFF"
	},
	{"type":"ParticleEffect",
	"offset":30,
	"particles":10,
	"lifetime":20,
	"length":50,
	"interp":"circleOut",
	"sizeInterp":"pow5In",
	"cone":-360,
	"line":true,
	"strokeFrom":1.5,
	"strokeTo":1.5,
	"lenFrom":14,
	"lenTo":0,
	"lightColor":"DEEDFFFF",
		"colorFrom":"8598BFFF",
		"colorTo":"DEEDFFFF"
	},
	{"type":"ParticleEffect",
	"offset":30,
	"particles":10,
	"lifetime":25,
	"length":30,
	"interp":"circleOut",
	"sizeInterp":"pow5In",
	"cone":-360,
	"line":true,
	"strokeFrom":1.5,
	"strokeTo":1.5,
	"lenFrom":7,
	"lenTo":0,
	"lightColor":"DEEDFFFF",
		"colorFrom":"8598BFFF",
		"colorTo":"DEEDFFFF"
	},
	{"type":"ParticleEffect",
	"particles":7,
	"length":45,
	"lifetime":120,
	"interp":"pow3Out",
	"sizeInterp":"pow5In",
	"offset":30,
	"colorFrom":"8598BFFF",
	"colorTo":"DEEDFFA0",
	"sizeFrom":15,
	"sizeTo":0
	}	]	}
		}	},

		{"name": "river-defense",
		"type":"PointDefenseWeapon",//解裂炮
		"reload":3,
		"x":12.25,"y":1,//XY轴坐标
		"mirror":true,//镜像
		"targetInterval":2.5,//目标间隔
		"targetSwitchInterval":2.5,//目标切换间隔
		"recoil":0.5,//后坐力
		"bullet": {
		"shootEffect":"sparkShoot",//攻击特效
		"hitEffect":"pointHit",//击中特效
		"maxRange":160,//最大距离
		"damage":40,//单体伤害
		}	},

		{"name": "river-defense",
		"type":"PointDefenseWeapon",//解裂炮
		"reload":3,
		"x":8.75,"y":15,//XY轴坐标
		"mirror":true,//镜像
		"targetInterval":2.5,//目标间隔
		"targetSwitchInterval":2.5,//目标切换间隔
		"recoil":0.5,//后坐力
		"bullet": {
		"shootEffect":"sparkShoot",//攻击特效
		"hitEffect":"pointHit",//击中特效
		"maxRange":160,//最大距离
		"damage":40,//单体伤害
		}	}	]
}
