{
  "type": "mech",
  "name": "吞并",
  "hitSize": 40,
  "armor": 13
  "speed": 0.4,
  "fogRadius":6
  "canDrown":true,
  "research": "重构车间"
  "description": "机甲单位，散射爆炸性榴弹攻击敌人，配备重型装甲",
  "health": 1120,
  "abilities":[{
   			"type": "RepairFieldAbility",
    		"amount":10,
    		"range":1,
    		"reload":100,
  		}]
  		"weapons": [
  		{
  		"inaccuracy": 20,
      "name": "吞并武器",
      "shootSound": "plasmaboom",
      "mirror": true,
      "shootY":27
      "x": 18,
      "y": -2,
            "top":false,//上部图层
		    "layerOffset": -0.001,//图层偏移
            "rotate": false,
            "reload":40,
      "shoot": {
		"type": "ShootSpread",
		"spread":3
		"shots": 4
             },
      "bullet": {
        "type":"BasicBulletType"
        "lifetime": 70,
        "speed": 4,
        "drag": 0.026,
        "damage": 30,
        "splashDamage": 50,
        "splashDamageRadius": 50,

        "trailChance": 0,
        "trailColor": "D4816BFF",
        "trailLength": 12,
        "trailWidth": 2.4,

        "despawnEffect": {
          "type": "ParticleEffect",
          "lifetime": 20,
          "region": "苍穹征途-菱形",
          "followParent": false,
          "particles": 1,

          "baseLength": 0,
          "length": 0,
          "sizeFrom": 40,
          "sizeTo": 0,
          "colorFrom": "D4816BFF",
          "colorTo": "D4816BFF"
        },

        "parts": [
          {
            "type": "FlarePart",
            "rotation": 0,
            "color1": "D4816BFF",
            "stroke": 6,
            "radius": 0,
            "radiusTo": 10,
            "progress": {
              "type": "life",
              "op": "curve",
              "interp": "pow3Out"
            }
          }
        ]
      }
      }
      ]
      }