{
  "type": "mech",
  "name": "咬噬",
  "hitSize": 15,
  "armor": 9
  "speed": 0.5,
  "fogRadius":5
  "canDrown":true,
  "research": "重构车间"
  "description": "机甲单位，发射爆炸子弹攻击敌人，配备重型装甲",
  "health": 560,
  "abilities":[{
   			"type": "RepairFieldAbility",
    		"amount":10,
    		"range":1,
    		"reload":100,
  		}]
  		
 "weapons": [
        {
            "name": "咬噬武器",
            "reload": 60,
            "top":false,//上部图层
		    "layerOffset": -0.001,//图层偏移
            "rotate": false,
            "inaccuracy": 0,
            "recoil": 5,
            "mirror": true,
            "under":true
            "layer":60
            "x": 8,
            "y": 0,
            "shootSound": "shockBlast",
            "shoot": {
                "type": "ShootHelix",
                "mag": 1,
                "scl": 4
            },
            "bullet": {
                "type": "BasicBulletType",
                "shrinkY": 0,
                "frontColor": "FFD37FFF",
                "backColor": "FFD37FFF",
                "width": 12,
                "height": 12,
                "splashDamageRadius": 25,
                "splashDamage":15,
                "damage": 35,
                "lifetime": 32,
                "speed": 5,
                "shootEffect": {
                    "type": "ParticleEffect",
                    "particles": 8,
                    "sizeFrom": 3,
                    "sizeTo": 0,
                    "lifetime": 30,
                    "length": 50,
                    "baseLength": 10,
                    "colorFrom": "FFD37FFF",
                    "colorTo": "ffffff00",
                    "cone": 15
                },
                "trailWidth": 3,
                "trailLength": 15,
                "trailColor": "D4816BB0",
                "despawnEffect": {
                    "type": "multiEffect",
                    "effects": [
                        {
                            "type": "WaveEffect",
                            "lifetime": 20,
                            "sizeFrom": 3,
                            "sizeTo": 20,
                            "strokeFrom": 5,
                            "strokeTo": 0,
                            "colorFrom": "D4816BFF",
                            "colorTo": "ffffff00"
                        }
                    ]
                },
                "hitEffect": {
                    "type": "multiEffect",
                    "effects": [
                        {
                            "type": "WaveEffect",
                            "lifetime": 20,
                            "sizeFrom": 3,
                            "sizeTo": 20,
                            "strokeFrom": 5,
                            "strokeTo": 0,
                            "colorFrom": "D4816BFF",
                            "colorTo": "ffffff00"
                        }
                    ]
                }
            }
        }
    ]
}