{
  "type": "mech",
  "name": "啃食",
  "hitSize": 15,
  "armor": 12
  "speed": 0.5,
  "fogRadius":5
  "canDrown":true,
  "research": "高级再构车间"
  "description": "机甲单位，发射爆炸穿透子弹攻击敌人，配备重型装甲",
  "health": 760,
  "abilities":[{
   			"type": "RepairFieldAbility",
    		"amount":10,
    		"range":1,
    		"reload":100,
  		}]
  		"weapons": [
    {
      "name": "啃食武器",
      "rotate": false,
      "x": 12,
      "y": 0,
      "reload": 13,
      "shootSound": "shotgun",
      "top":false,//上部图层
     "layerOffset": -0.001,//图层偏移
      "shootY":20
      "shoot": {
        "type": "ShootSpread",
        "shots": 3
        "spread": 2
      },
      "bullet": {
        "type": "ShrapnelBulletType",
        "damage": 20,
        "lifetime": 10,
        "fromColor": "FFD37FFF",
        "toColor": "D4816BFF",
        "width": 12,
        "length": 70,
        "smokeEffect": {
          "type": "ParticleEffect",
          "line": true,
          "particles": 2,
          "cone": 12,
          "lifetime": 16,

          "baseLength": 3,
          "length": 12,
          "lenFrom": 4,
          "lenTo": 3,
          "strokeFrom": 1.2,
          "strokeTo": 0,
          "colorFrom": "FFD37FFF",
          "colorTo": "D4816BFF"
        },
        "shootEffect": {
          "type": "ParticleEffect",
          "line": true,
          "particles": 2,
          "cone": 12,
          "lifetime": 16,

          "baseLength": 3,
          "length": 12,
          "lenFrom": 4,
          "lenTo": 3,
          "strokeFrom": 1.2,
          "strokeTo": 0,
          "colorFrom": "FFD37FFF",
          "colorTo": "D4816BFF"
        }
      }
    },
    ]
    }