{
  "type": "mech",
  "name": "蚕食",
  "hitSize": 10,
  "armor": 6
  "speed": 1.3,
  "fogRadius":5,
  "canDrown":true,
  "research": "机甲车间"
  "description": "机甲单位，发射常规子弹攻击敌人",
  "health": 250,
  "research": {
	"parent": "机甲车间"//科技树前置
	"requirements": [//研究花费
	"silicon/30"
	"graphite/7",
	]
	"objectives":[
 		 {
  "type": "OnSector",
  "preset":"弥尘峡谷"  }]
	},
  "abilities":[{
   			"type": "RepairFieldAbility",
    		"amount":10,
    		"range":1,
    		"reload":100,
  		}]
"weapons":[
        {
            "name": "蚕食武器",
            "mirror": true,
            "x": 4.5
            "y": 0,
            "reload": 17
            "recoil": 0.1,
            "rotate": false,
            "under":true
            "top":false,//上部图层
		    "layerOffset": -0.001,//图层偏移
            "layer":60
            "inaccuracy": 6,
            "bullet": {
                "type": "BasicBulletType",
                "damage":17,
                "lifetime": 25,
                "speed": 5
                "makeFire":true,
            }
        }
        ]
}