{
    "speed": 0.45,
    "rotateSpeed": 0.56,
    "hitSize": 68,
    "name": "处刑",
    "health": 19400,
    "description": "向目标发射子弹和穿刺激光",
    "armor": 35,
    "range": 280,
    "type": "mech",
    "research": {
//        "parent": "abad审讯"
    },
    "immunities": [
        "unmoving"
    ],
    "weapons": [
        {
            "name": "abae处刑2",
            "layerOffset": 1,
            "reload": 30,
            "mirror": false,
            "top": true,
            "x": -21.5,
            "y": -7.75,
            "shootY": 8,
            "shake": 1,
            "rotate": true,
            "rotateSpeed": 3,
            "recoils": 2,
            "shootSound": "shotgun",
            "shootCone": 45,
            "bullet": {
                "keepVelocity": false,
                "damage": 240,
                "width": 20,
                "type": "ShrapnelBulletType",
                "lifetime": 15,
                "length": 80,
                "shootEffect": "none",
                "hitEffect": {
                    "type": "ParticleEffect",
                    "line": true,
                    "particles": 7,
                    "lifetime": 15,
                    "length": 25,
                    "cone": -360,
                    "lenFrom": 5,
                    "lenTo": 0,
                    "colorFrom": "DEEDFFFF",
                    "colorTo": "8598BFFF"
                },
                "serrations": 6,
                "serrationSpacing": 3,
                "fromColor": "DEEDFFFF",
                "toColor": "8598BFFF",
                "despawnEffect": "none",
                "smokeEffect": "none"
            }
        },
        {
            "name": "abae处刑2",
            "layerOffset": 1,
            "reload": 30,
            "mirror": false,
            "top": true,
            "x": 21.5,
            "y": -7.75,
            "shootY": 8,
            "shake": 1,
            "rotate": true,
            "rotateSpeed": 3,
            "recoils": 2,
            "shootSound": "shotgun",
            "shootCone": 45,
            "bullet": {
                "keepVelocity": false,
                "damage": 240,
                "width": 20,
                "type": "ShrapnelBulletType",
                "lifetime": 15,
                "length": 80,
                "shootEffect": "none",
                "hitEffect": {
                    "type": "ParticleEffect",
                    "line": true,
                    "particles": 7,
                    "lifetime": 15,
                    "length": 25,
                    "cone": -360,
                    "lenFrom": 5,
                    "lenTo": 0,
                    "colorFrom": "DEEDFFFF",
                    "colorTo": "8598BFFF"
                },
                "serrations": 6,
                "serrationSpacing": 3,
                "fromColor": "DEEDFFFF",
                "toColor": "8598BFFF",
                "despawnEffect": "none",
                "smokeEffect": "none"
            }
        },
        {
            "name": "abae处刑1",
            "reload": 120,
            "x": -30,
            "y": -3,
            "shootY": 20,
            "mirror": true,
            "top": false,
            "alternate": true,
            "layerOffset": -0.001,
            "rotationLimit": 35,
            "rotateSpeed": 1,
            "rotate": true,
            "shootCone": 45,
            "shootSound": "malignShoot",
            "inaccuracy": 10,
            "cooldownTime": 180,
            "shoot": {
                "shots": 4,
                "shotDelay": 8
            },
            "bullet": {
                "type": "EmpBulletType",
                "frontColor": "FFFFFFFF",
                "backColor": "8598BFFF",
                "sprite": "circle-bullet",
                "status": "electrified",
                "statusDuration": 120,
                "lightRadius": 80,
                "lightColor": "DEEDFFFF",
                "damage": 100,
                "splashDamageRadius": 64,
                "splashDamage": 160,
                "height": 14,
                "width": 14,
                "hitSound": "plasmaboom",
                "speed": 6,
                "lifetime": 47,
                "shrinkX": 0,
                "shrinkY": 0,
                "hitShake": 2,
                "scaleLife": true,
                "trailEffect": {
                    "type": "ParticleEffect",
                    "particles": 5,
                    "length": 9,
                    "baseLength": 9,
                    "lifetime": 25,
                    "interp": "circleOut",
                    "cone": 360,
                    "offset": 5,
                    "lightColor": "DEEDFFFF",
                    "colorFrom": "DEEDFFFF",
                    "colorTo": "8598BFFF",
                    "sizeFrom": 4,
                    "sizeTo": 0
                },
                "trailChance": 1,
                "trailParam": 5,
                "trailLength": 19,
                "trailColor": "DEEDFFFF",
                "trailWidth": 4.5,
                "lightning": 6,
                "lightningDamage": 55,
                "lightningColor": "DEEDFFFF",
                "lightningLength": 6,
                "lightningCone": 360,
                "lightningLengthRand": 15,
                "absorbable": false,
                "hittable": false,
                "smokeEffect": "none",
                "radius": 96,
                "timeIncrease": 0,
                "powerDamageScl": 1,
                "powerSclDecrease": 1,
                "unitDamageScl": 1,
                "chainEffect": "chainLightning",
                "applyEffect": "none",
                "hitPowerEffect": {
                    "type": "ParticleEffect",
                    "particles": 5,
                    "baseLength": 35,
                    "length": 35,
                    "lifetime": 11,
                    "sizeFrom": 2,
                    "sizeTo": 0,
                    "colorFrom": "DEEDFFFF",
                    "colorTo": "DEEDFFFF",
                    "cone": 360
                },
                "shootEffect": {
                    "type": "multiEffect",
                    "effects": [
                        {
                            "type": "WaveEffect",
                            "lifetime": 25,
                            "sizeFrom": 0,
                            "sizeTo": 25,
                            "strokeFrom": 3.5,
                            "strokeTo": 0,
                            "colorFrom": "8598BFFF",
                            "colorTo": "DEEDFFFF"
                        },
                        {
                            "type": "ParticleEffect",
                            "region": "狐冥-方",
                            "particles": 3,
                            "length": 80,
                            "lifetime": 48,
                            "interp": "circleOut",
                            "sizeInterp": "pow5Out",
                            "cone": 0,
                            "colorFrom": "DEEDFFFF",
                            "colorTo": "8598BFFF",
                            "sizeFrom": 8,
                            "sizeTo": 0
                        }
                    ]
                },
                "hitEffect": {
                    "type": "multiEffect",
                    "effects": [
                        {
                            "type": "WrapEffect",
                            "effect": "dynamicSpikes",
                            "color": "DEEDFFFF",
                            "rotation": 72
                        }
                    ]
                }
            }
        }
    ]
}