{
	"type": "naval",
	"name": "大型战舰",
	"description": "更加nb",
	"speed":1,	
	"rotateSpeed":3.6,
	"ammoType":"graphite",
	"ammoCapacity": 60,
    "trailLength":13,
    "waveTrailX":0,
    "waveTrailY":-3,
    "trailScl":1.2,
	"hitSize":10, 
	"health": 1400,
	"armor":8,
	"faceTarget": false,
	"research": "战舰",
	"parts": [
	{
    "type": "HaloPart",
    "y": -16,
    "radius": 17,
    "tri": true,
    "layer": 50,
    "color": "FF5B5BFF",
    "haloRotateSpeed": 1.5,
    "haloRadius": 19,
    "stroke": 19,
    "strokeTo": 2,
    "shapes": 1,
    "triLengthTo": 0
    "triLength": 0
    },
	]
	"weapons":[
	{"name":"missiles-mount",
	 "x":4,"y":-3,
	 "reload":15
	 "shootSound": "missile",
	 "inaccuracy": 0,
	   "rotate":true
	"bullet":{
	"type":"MissileBulletType",
	"damage": 12,
	"splashDamageRadius":8,
	"splashDamage":20,
	"trailLength":6,
	"trailWidth":1,
    "backColor":"FF8C00",
	"frontColor":"FFB90F", 
	"trailEffect":"smoke",
	"trailColor":"FF8C00",
"buildingDamageMultiplier":1
	"homingRange": 40,
	"homingPower": 0.06,
    "hitEffect":"explosion",
    "despawnEffect":"explosion",
	"width": 8,	"height": 9,
	"speed": 6,	"lifetime": 45
	"status": "blasted",
	"fragRandomSpread":0,//随机分裂角度
			"fragSpread":90,//分裂角度
			"fragAngle":30,//分裂起始角度
			"fragVelocityMin":1,//最小分裂弹速度
	    "fragVelocityMax":1,//最大分裂弹速
	    "fragBullet":{
	    "type":"LaserBulletType",//基础子弹
"damage":12,
"sideAngle":30,
"sideWidth":7,
"sideLength":7,
"length":24,
"status": "burning",
	"statusDuration": 45,
"colors":["FF8C00FF","FFFFFFFF"],//颜色
	    }
	} 	
	}
	]
}