{
	"type": "naval",
	"name": "鲨毙",
	"description": "这名字，，，",
	"speed":0.6,	
	"rotateSpeed":2.4,
	"ammoType":"graphite",
	"ammoCapacity": 150,
    "trailLength":13,
    "waveTrailX":0,
    "waveTrailY":-3,
    "trailScl":1.2,
	"hitSize":24, 
	"health": 70000,
	"armor":30,
	"faceTarget": false,
	"research": "鲨雕",
	"abilities":[     
	{ 
    "type": "UnitSpawnAbility",
    "unit": "游艇",
    "spawnX": 0,
    "spawnY": -15,
    "spawnTime": 1800
    }
    { 
    "type": "UnitSpawnAbility",
    "unit": "战舰",
    "spawnX": 0,
    "spawnY": -15,
    "spawnTime": 6400
    }
    { 
    "type": "UnitSpawnAbility",
    "unit": "大型战舰",
    "spawnX": 0,
    "spawnY": -15,
    "spawnTime": 10800
    }
    {
    "type": "ForceFieldAbility"
    "radius": 45
    "regen": 10
    "max": 24000
    "cooldown": 600
    }
    ]
	"parts": [
	{
    "type": "HaloPart",
    "y": -16,
    "radius": 17,
    "tri": true,
    "layer": 50,
    "color": "FF5B5BFF",
    "haloRotateSpeed": 1.5,
    "haloRadius": 19,
    "stroke": 19,
    "strokeTo": 2,
    "shapes": 1,
    "triLengthTo": 0
    "triLength": 0
    },
	]
	"weapons":[
	{"name":"missiles-mount",
	 "x":8,"y":-3,
	 "reload":15
	 "shootSound": "missile",
	 "inaccuracy": 0,
	   "rotate":true
	   "shoot": {
        "shots": 2,
        "shotDelay": 5
    },
	"bullet":{
	"type":"MissileBulletType",
	"damage": 30,
	"splashDamageRadius":16,
	"splashDamage":50,
	"trailLength":6,
	"trailWidth":1,
    "backColor":"FF8C00",
	"frontColor":"FFB90F", 
	"trailEffect":"smoke",
	"trailColor":"FF8C00",
"buildingDamageMultiplier":1
	"homingRange": 40,
	"homingPower": 0.08,
    "hitEffect":"explosion",
    "despawnEffect":"explosion",
	"width": 8,	"height": 9,
	"speed": 6,	"lifetime": 60
	"status": "blasted",
	"fragRandomSpread":0,//随机分裂角度
	"fragBullets":6,
			"fragSpread":60,//分裂角度
			"fragAngle":30,//分裂起始角度
			"fragVelocityMin":1,//最小分裂弹速度
	    "fragVelocityMax":1,//最大分裂弹速
	    "fragBullet":{
	    "type":"LaserBulletType",//基础子弹
"damage":30,
"sideAngle":30,
"sideWidth":7,
"sideLength":7,
"length":24,
"status": "burning",
"statusDuration": 180,
"colors":["FF8C00FF","FFFFFFFF"],//颜色
	    }
	} 	
	}
	{"name":"missiles-mount",
	 "x":4,"y":8,
	 "reload":15
	 "shootSound": "missile",
	 "inaccuracy": 0,
	   "rotate":true
	   "shoot": {
        "shots": 2,
        "shotDelay": 5
    },
	"bullet":{
	"type":"MissileBulletType",
	"damage": 30,
	"splashDamageRadius":16,
	"splashDamage":50,
	"trailLength":6,
	"trailWidth":1,
    "backColor":"FF8C00",
	"frontColor":"FFB90F", 
	"trailEffect":"smoke",
	"trailColor":"FF8C00",
"buildingDamageMultiplier":1
	"homingRange": 40,
	"homingPower": 0.08,
    "hitEffect":"explosion",
    "despawnEffect":"explosion",
	"width": 8,	"height": 9,
	"speed": 6,	"lifetime": 60
	"status": "blasted",
	"fragRandomSpread":0,//随机分裂角度
	"fragBullets":6,
			"fragSpread":60,//分裂角度
			"fragAngle":30,//分裂起始角度
			"fragVelocityMin":1,//最小分裂弹速度
	    "fragVelocityMax":1,//最大分裂弹速
	    "fragBullet":{
	    "type":"LaserBulletType",//基础子弹
"damage":30,
"sideAngle":30,
"sideWidth":7,
"sideLength":7,
"length":24,
"status": "burning",
"statusDuration": 180,
"colors":["FF8C00FF","FFFFFFFF"],//颜色
	    }
	    }
	    }
		{"name":"missiles-mount",
	 "x":4,"y":-9,
	 "reload":24
	 "shootSound": "missile",
	 "inaccuracy": 0,
	   "rotate":true
	"bullet":{
	"type":"MissileBulletType",
	"damage": 40,
	"splashDamageRadius":12,
	"splashDamage":80,
	"trailLength":6,
	"trailWidth":1,
    "backColor":"B5ECFF",
	"frontColor":"B5ECFF", 
	"trailEffect":"smoke",
	"trailColor":"B5ECFF",
"buildingDamageMultiplier":1
	"homingRange": 40,
	"homingPower": 0.06,
    "hitEffect":"explosion",
    "despawnEffect":"explosion",
	"width": 8,	"height": 9,
	"speed": 6,	"lifetime": 60
	"status": "freezing",
	"statusDuration": 180,
	"fragRandomSpread":0,//随机分裂角度
	"fragBullets":6,
			"fragSpread":60,//分裂角度
			"fragAngle":30,//分裂起始角度
			"fragVelocityMin":1,//最小分裂弹速度
	    "fragVelocityMax":1,//最大分裂弹速
	    "fragBullet":{
	    "type":"LaserBulletType",//基础子弹
"damage":40,
"sideAngle":30,
"sideWidth":7,
"sideLength":7,
"length":20,
"status": "freezing",
"statusDuration": 120,
"colors":["B5ECFFFF","FFFFFFFF"],//颜色
	    }
	} 	
	}
	{
	"name":"a"
	"x":-8,"y":10,
	"reload":30,
	"shootSound":"shootbig",
	"shoot": {
        "shots": 5,
        "shotDelay": 1.5
    },
    "bullet":{
    "type":"MissileBulletType",
    "speed": 6,
            "damage": 40,
            "lifetime": 60,
            "width": 7,
            "height": 10,
            "relodMultiplier": 0.5,
            "ammoMultiplier": 5,
            "shootEffect": "shootBig"
    }
    }
	]
}