{
"type":"ShieldWall",
"name":"复合墙",
"description":"保护己方建筑，挡下敌方炮弹。
受击时概率释放电弧或着将其反弹。
能吸收激光和电弧，但也会阻止电力节点自动连接。",
"health":2080,
"size":1,
"armor":3,
"flashHit":true,
"chanceDeflect":10,
"absorbLasers":true,
"insulated":true,
"lightningChance":0.05,
"lightningDamage":20,
"lightningLength":17,
"placeableLiquid":true,

"shieldHealth":520,
"breakCooldown":600,
"regenSpeed":0.75,

"requirements":[
{"item":"surge-alloy","amount":8},
{"item":"plastanium","amount":8},
{"item":"phase-fabric","amount":8}, ],
"category":"defense",
"research":"copper-wall-large",
"research":"大型增制合金墙",
}