{
"type":"Wall",
"name":"大型爆炸墙",
"description":"保护己方建筑，挡下敌方炮弹。\n被摧毁时发生爆炸。",
"details":"爆炸范围:12\n爆炸伤害:480",
"health":1760,
"size":2,
"requirements":[
{"item":"titanium","amount":24}
{"item":"pyratite","amount":24}],
"category":"defense",
"research":"爆炸墙",
"destroyBullet":{
"instantDisappear":true,
"damage":0,
"splashDamage":480,
"splashDamageRadius":96,
"buildingDamageMultiplier":0.1,

"despawnEffect":{
"type":"ExplosionEffect",
"lifetime":40//存在时间
"startDelay":0,//延时
"waveColor":"FFFFFF",//圆环颜色
"smokeColor":"FFA665",//圆形粒子颜色色
"sparkColor":"F6E096",//线形粒子颜色
"waveLife":10,//圆环存在时间/有上限，很短
"waveStroke":6,//圆环宽度
"waveRad":130,//圆环扩散范围
"waveRadBase":8,//圆环直径
"sparkStroke":3,//线形粒子宽度
"sparkRad":120,//线形粒子扩散范围
"sparkLen":20,//线形粒子长度
"smokeSize":15,//圆形粒子扩张大小
"smokeSizeBase":0,//圆形粒子基础大小
"smokeRad":110,//圆形粒子扩散范围
"smokes":20,//圆形粒子数量
"sparks":20,//线形粒子数量
}

}
}