{
"type":"Wall",
"name":"爆炸墙",
"description":"保护己方建筑，挡下敌方炮弹。\n被摧毁时发生爆炸。",
"details":"爆炸范围:6\n爆炸伤害:90",
"health":320,
"size":1,
"requirements":[
{"item":"copper","amount":6}
{"item":"coal","amount":6}],
"category":"defense",
"research":"copper-wall",
"destroyBullet":{
"instantDisappear":true,
"damage":0,
"splashDamage":90,
"splashDamageRadius":48,
"buildingDamageMultiplier":0.15,

"despawnEffect":{
"type":"ExplosionEffect",
"lifetime":40//存在时间
"startDelay":0,//延时
"waveColor":"FFFFFF",//圆环颜色
"smokeColor":"FFA665",//圆形粒子颜色色
"sparkColor":"F6E096",//线形粒子颜色
"waveLife":10,//圆环存在时间/有上限，很短
"waveStroke":4,//圆环宽度
"waveRad":80,//圆环扩散范围
"waveRadBase":6,//圆环直径
"sparkStroke":2,//线形粒子宽度
"sparkRad":70,//线形粒子扩散范围
"sparkLen":16,//线形粒子长度
"smokeSize":10,//圆形粒子扩张大小
"smokeSizeBase":0,//圆形粒子基础大小
"smokeRad":60,//圆形粒子扩散范围
"smokes":8,//圆形粒子数量
"sparks":10,//线形粒子数量
}
}
}