{
    "type":"Floor",
    "name":"红地板",
    "variants":3,
    //贴图数量
    "speedMultiplier":1,
    //单位在上面的速率
    "dragMultiplier":0,
    //地板减速倍率
    "damageTaken":0,
    //单位在上面受到的伤害
    "hasShadow":true,
    //是否有阴影
    "hidden":true,//隐藏
    // "status":"none",//单位在上面的效果
    // "statusDuration":12,//效果的持续时间
    "attributes":{
            "heat":1,//地热
            "spores":0,//孢子
            "water":-53,//水
            "oil":1.1,//石油
    },//地板属性
}