{
"type":"HeatProducer",//种类
"name":"steam-heater",//名称
"description":"",//描述
"health":800,//生命
"size":3,//大小
"consumes":{
"liquid":{
"liquid":"steam","amount":0.3}}
"hasLiquids":true,
"heatOutput":6,
"regionRotated1":1,
"drawer":{
"type":"DrawMulti",
"drawers":[
{"type": "DrawRegion","suffix": "-bottom"}
{"type": "DrawLiquidRegion","drawLiquid": "steam","suffix": "-steam"}
"DrawDefault",
"DrawHeatOutput",
{"type":"DrawHeatInput","suffix":"-heat"}]},
"requirements": [
"beryllium/60"
"tungsten/30"
"silicon/20"
"graphite/30"
  ],
"category":"crafting",//游戏界面分类
"research":"steam-pressurizer",//科技树前一项
"buildCostMultiplier":1,//建造时间倍率
}