{
    "type": "CellLiquid",
    "research":"钨"
    "moveThroughBlocks": true,
    "incinerable": false,
    "capPuddles": true,
    "colorFrom": "8c5200",
    "colorTo": "1D0326",
    "color": "8c5200",
    "spreadDamage": 0.5,
    "maxSpread": 3,
    "spreadConversion": 115,
	"particleEffect": {
		"type": "ParticleEffect",
		"particles": 5,
		"baseLength": 0.5,
		"length": 13,
		"region": "社会主义工业化-circle",
		"sizeInterp":"pow5In",
		"lifetime":45,
		"sizeFrom": 0.5,
		"sizeTo": 0,
		"colorFrom": "A0522D",
		"colorTo": "8B4726"
	},
    "cells": 16,
    "heatCapacity": 0.4
   "temperature":0.6,
     "viscosity":0.9,//粘度0.01比
     "flammability":0.0,//易燃性1比1
     "explosiveness":0.0,//爆炸性1比1
    "spreadTarget": "water",
    "name": "毒泥浆",
 	"description":"极具破坏性的未知生物性流体，必须用铱制导管运输和塑料储罐储存，由瘤液在诱变反应堆中得到"
 	"details":"怀疑其是纳米级有机体的悬浊液，氰气和乙醇对它们极毒\n\n[yellow]当它们处于高浓度乙醇的环境时，会迅速结晶失活并放出超氧化氢\n氰气会与它们络合使它们失去活性"
}