{
    "type":"material",//类型（不能改）
    "name":"杂质粗铝",//名字
    "description":"一种富含杂质的粗铝",//介绍
    "details":"炼制他可能需要消耗较大的资源",//战役中解锁后最底下的介绍（？）
    "color":"E0B661FF",//物品源颜色
    "explosiveness":0.1,//爆炸
    "flammability":0.3,//燃烧
    "radioactivity":0,//放射
    "hardness":0,//放电
    "hardness":2,//硬度
    "cost":1,//成本
    "alwaysUnlocked":false,//是否有条件解锁
    "research":"铁"//前置科技
}