{
    "type":"material",//类型（不能改）
    "name":"燃料",//名字
    "description":"利用硫磺制成的燃料",//介绍
    "details":"最好不要让装着他的物品受到攻击",//战役中解锁后最底下的介绍（？）
    "color":"CD5656FF",//物品源颜色
    "explosiveness":0.1,//爆炸
    "flammability":0.5,//燃烧
    "radioactivity":0,//放射
    "hardness":0,//放电
    "hardness":2,//硬度
    "cost":1,//成本
    "alwaysUnlocked":false,//是否有条件解锁
    "research":"硫磺"//前置科技
}