{
    "type":"material",//类型（不能改）
    "name":"硫磺",//名字
    "description":"他只是一坨硫磺",//介绍
    "details":"从提纯中来，十分危险",//战役中解锁后最底下的介绍（？）
    "color":"E0B661FF",//物品源颜色
    "explosiveness":0,//爆炸
    "flammability":2,//燃烧
    "radioactivity":0,//放射
    "hardness":0,//放电
    "hardness":2,//硬度
    "cost":1,//成本
    "alwaysUnlocked":false,//是否有条件解锁
    "research":"杂质粗铝"//前置科技
}