{
    "type":"missile",
    "maxRange":20,
	"lowAltitude": true,
	"speed": 4.5,//飞行速度
	"deathExplosionEffect":"fallSmoke",//爆炸特效
	"controller": "MissileAI",//AI,导弹AI
	"rotateSpeed": 20,//转头速度
	"lifetime": 54,//存在时间,1/帧
	"homingDelay":2,//跟踪延迟
	"isEnemy": false,//是敌方
	"allowedInPayloads": false,//
	"playerControllable": false,//玩家可以操控
	"physics": false,//治疗？
	"useUnitCap": false,//占用人口
	"createWreck": false,//可以击落
	"createScorch": false,//可以燃烧
	"flying": true,//可以飞行
	"hidden": true,//隐藏单位
	"health": 5,//血量
	"hitSize": 10,//大小
	//"engineColor": "8552a1",//引擎颜色
	"outlineRadius": 0,//边框厚度
	"engineSize": 0,//引擎大小
	//"engineLayer": 110,//引擎层数
	"drawCell": false,//画队伍
	"trailColor": "fcf16e",//尾迹颜色
	"trailWidth": 6,//尾迹宽度
	"trailLength": 6,//尾迹长度
	"trailEffect":"missileTrail",//尾迹特效
	"weapons": [
	{
	"name": "none",
	"shootCone": 360,//攻击范围
	"shootOnDeath": true,
	"controllable": false,
	"shootSound": "none",
	"bullet": {
	"type": "ExplosionBulletType",
	"lifetime":1,
	"speed":1,
	"instantDisappear": true,
	"width": 0,
	"height": 0,
	"keepVelocity": false,
	"splashDamageRadius": 32,
	"splashDamage": 12,
	"killShooter": true,
	"despawnEffect":
{
"type":"ParticleEffect",
"lifetime": 60,
"line":true,//形状为方形
"colorFrom":"FFA665FF",//开始时颜色
"colorTo":"FFA665FF",//结束时颜色
"particles":4,//粒子数量
"randLength":true,//随机长度
"cone":360,//粒子扩散角度
"length":40,//粒子移动长度
"baseLength":0,//粒子在一定长度内出现
"useRotation":true,//使用旋转
"sizeFrom":20,//圆形从开始大小//粒子大小？？
"sizeTo":20,//圆形至结尾大小}
}
	"shootEffect":{
		"type": "WaveEffect",
		"lifetime": 28,
		"colorFrom": "FFA665FF",
		"colorTo": "FFA665FF",
		"lightColor": "FFA665FF",
		"sizeFrom": 0,
		"sizeTo": 18,
		"lightScl": 3.0,
		"lightOpacity": 0.5,
		"strokeFrom": 2
					},
	"fragBullets":2,
			"fragRandomSpread":180,//随机分裂角度
			"fragSpread":180,//分裂角度
			"fragAngle":0,//分裂起始角度
			"fragVelocityMin":0.5,//最小分裂弹速度
	    "fragVelocityMax":0.5,//最大分裂弹速
			"fragBullet":{
			"sprite":"野性之心-triangle",//子弹贴图
			"type":"BasicBulletType",
			"Damage":4
			"splashDamageRadius": 32,
	"splashDamage": 16,
			"pierceCap":2,//穿透数
			"pierceBuilding":false,//穿透建筑
			"speed": 4,
			"drag": 0.02, 
			"shrinkY": 0,"shrinkX": 0,//子弹变形程度
			"spin": 5,//子弹旋转速度
			"trailLength": 2,//尾迹长
            "trailWidth": 4,//尾迹宽
            "trailChance": 0.75,//尾迹概率
            "trailColor":"FFA665FF",//尾迹颜色
            "trailEffect":"missileTrail",
            "trailInterval" :8,//尾迹特效间隔
            "despawnEffect":{//子弹消失特效
  	"type":"multiEffect",
"effects":[
{"type":"ParticleEffect",
"lifetime": 32,
"line":true,
"colorFrom":"FFA665FF",//初始颜色
"colorTo":"FFA665FF",//结束颜色
"particles":3,//粒子数量
"randLength":true,//兰德长度
"cone":360,//粒子扩散角度
"length":40,//粒子移动长度
"baseLength":2,//粒子在一定长度内出现
"useRotation":true,//使用旋转
"sizeFrom":24,//栗子从开始大小
"sizeTo":24,//栗子至结尾大小
}
{
		"type": "WaveEffect",
		"lifetime": 32,
		"sizeFrom": 0,
		"sizeTo": 6,
		"strokeFrom": 0,
		"strokeTo": 6,
		"colorFrom": "FFA665FF",
		"colorTo": "FFA665FF"
}
{
        "type": "ExplosionEffect",
					"smokeSize":6,//烟雾大小
					"smokeSizeBase":2,//烟雾开始大小
					"smokeRad":20,//烟雾半径
					"smokes":3,//烟雾数
        }
]}
            "hitEffect":{//打击特效
  	"type":"multiEffect",
"effects":[
{"type":"ParticleEffect",
"lifetime": 32,
"line":true,
"colorFrom":"FFA665FF",//初始颜色
"colorTo":"FFA665FF",//结束颜色
"particles":3,//粒子数量
"randLength":true,//兰德长度
"cone":360,//粒子扩散角度
"length":40,//粒子移动长度
"baseLength":2,//粒子在一定长度内出现
"useRotation":true,//使用旋转
"sizeFrom":24,//栗子从开始大小
"sizeTo":24,//栗子至结尾大小
}
{
		"type": "WaveEffect",
		"lifetime": 32,
		"sizeFrom": 0,
		"sizeTo": 6,
		"strokeFrom": 0,
		"strokeTo": 6,
		"colorFrom": "FFA665FF",
		"colorTo": "FFA665FF"
}
{
        "type": "ExplosionEffect",
					"smokeSize":6,//烟雾大小
					"smokeSizeBase":2,//烟雾开始大小
					"smokeRad":20,//烟雾半径
					"smokes":3,//烟雾数
        }
]}
			"lifetime":240}
	}}
	]
}