{   
    "type":"missile",
    "maxRange":24,
    "template": "MissileUnitType",
    "deathExplosionEffect":"sapExplosion",//爆炸特效
    "playerControllable": true,//玩家可以操控
	"lowAltitude": true,
	"useUnitCap":false,//占用人口
	"speed": 4,//飞行速度
	"rotateSpeed": 6,//转头速度
	"lifetime": 160,//存在时间,1/帧
	"homingDelay":8,//跟踪延迟
	"hidden": true,//隐藏单位
	"health": 50,//血量
	"hitSize": 20,//大小
	"engineColor": "8552a1",//引擎颜色
	"outlineRadius": 0,//边框厚度
	"engineSize": 4,//引擎大小
	"engineLayer": 110,//引擎层数
	"drawCell": false,//画队伍
	"maxRange": 5,//最大范围
	"trailColor": "9b59c9",//尾迹颜色
	"trailWidth": 12,//尾迹宽度
	"trailLength": 12,//尾迹长度
	"trailEffect":"artilleryTrail",//尾迹特效
	"abilities":[
	{"type":"ForceFieldAbility",//力墙场
	"radius":48//范围
	"regen":0.5//再生值
	"max":200//最大值
	"cooldown":360//冷却
	}],
	"parts": [
		{
			"type": "FlarePart",
			"progress": {
				"type": "life",
				"op": "curve",
				"interp": "pow3Out"
			},
			"color1": "9b59c9",
			"stroke": 4.5,//三角形宽
			"radius": 0,//三角形长
			"radiusTo": 32//三角形最大长度
		}
	],
	"weapons": [
	{
	"name": "none",
	"shootCone": 360,//攻击范围
	"shootOnDeath": true,
	"controllable": false,
	"shootSound": "none",
	"range":32,
	"bullet": {
	"type": "ExplosionBulletType",
	"instantDisappear": true,
	"lifetime":1,
	"speed":1,
	"width": 0,
	"height": 0,
	"keepVelocity": false,
	"splashDamageRadius": 64,
	"splashDamage": 96,
	"killShooter": true,
	"shootEffect":"sapExplosion",
	"despawnEffect":{
	"type": "WrapEffect",
	"effect": "dynamicSpikes",
	"color": "afb4db",
	"rotation": 64
						},
	"status":"stop",//附加效果
    "statusDuration": 100//效果时长
	"fragBullets":4,
        "fragRandomSpread":0,//分裂角度
	    "fragSpread":90,//分裂角度
	    "fragOnHit":false,//击中时分裂
	    "fragVelocityMin":0.5,//最小分裂弹速度
	    "fragVelocityMax":0.5,//最小分裂弹速度
	"fragBullet":{
			"type": "BasicBulletType",//类型
		"sprite":"野性之心-angle",//子弹贴图
		"collidesAir": true,//碰撞飞机
		"damage":22,//单体伤害
		"speed":3,//速度
		"lifttime":8,
		"width":20,"height":40,//宽长度
		"backColor":"afb4db",
		//子弹边缘颜色
		"frontColor":"9d95c9",
		//子弹中心颜色
		"shootEffect":"none",
        "smokeEffect":"none",
        "hitEffect":"none",
        "despawnEffect":"none",
        "pierce":true,//穿透
		"pierceBuilding":true//穿透建筑
		"status":"stop",//附加效果
        "statusDuration": 100//效果时长
		"fragBullets":2,
        "fragRandomSpread":0,//分裂角度
        "fragAngle":90,//分裂起始角度
	    "fragSpread":180,//分裂角度
	    "fragOnHit":false,//击中时分裂
	    "fragBullet":{
		"type" : "LaserBulletType",
                   "length" : 60,
                    "damage" : 55,
                    "width" : 12,
                    "lifetime" :90,
                    "pierce":true,//穿透
                    "pierceBuilding":true//穿透建筑
                    "sideAngle":90,
            "hitEffect":"hitLancer"
            "status":"stop",//附加效果
            "statusDuration": 100//效果时长
			"colors": [
			"afb4db",
			"9b95c9",
			"6950a1"
		]}
			}
	}}
	]
}