{
    "type":"missile",
    "template": "MissileUnitType",
    "maxRange":20,
	"lowAltitude": true,
	"speed": 3,//飞行速度
	"deathExplosionEffect":"blastExplosion",//爆炸特效
	"playerControllable": false,//玩家可以操控
	"useUnitCap":false,//占用人口
	"rotateSpeed": 4,//转头速度
	"lifetime": 120,//存在时间,1/帧
	"homingDelay":12,//跟踪延迟
	"hidden": true,//隐藏单位
	"health":20,//血量
	"hitSize": 6,//大小
	"engineColor": "ffffff",//引擎颜色
	"outlineRadius": 0,//边框厚度
	"engineSize": 2.6,//引擎大小
	"drawCell": false,//画队伍
	"trailColor": "feeeed",//尾迹颜色
	"trailWidth": 3,//尾迹宽度
	"trailLength": 8,//尾迹长度
	"trailEffect":"missileTrail",//尾迹特效
	"weapons": [
	{
	"name": "none",
	"shootCone": 360,//攻击范围
	"shootOnDeath": true
	"shootSound": "none",
	"bullet": {
	"type": "ExplosionBulletType",
	"lifetime":1,
	"speed":1,
	"instantDisappear": true,
	"width": 0,
	"height": 0,
	"keepVelocity": false,
	"splashDamageRadius": 32,
	"splashDamage": 30,
	"buildingDamageMultiplier":0.5,//建筑杀伤倍率
	"killShooter": true,
	"hitColor": "ffffff",//尾迹颜色
	"fragBullets":8,
	"fragRandomSpread":360,//随机分裂角度
			"fragBullet":{
	"shrinkY": -1,"shrinkX": 2,//子弹变形程度
"type":"BasicBulletType"
"splashDamageRadius":12,
"splashDamage":10,
			"damage":10
			"trailLength": 2,//尾迹长
            "trailWidth": 2,//尾迹宽
            "trailColor":"feeeed",//尾迹颜色
            "trailEffect":"missileTrail",
            "trailInterval" :8,//尾迹特效间隔
			"speed": 4,
			"lifetime":20},
	"despawnEffect":{//消失时播放特效
        "type":"multiEffect",
"effects":[
"circleColorSpark"
{
        "type": "ExplosionEffect",
					"smokeSize":12,//烟雾大小
					"smokeSizeBase":2,//烟雾开始大小
					"smokeRad":40,//烟雾半径
					"smokes":3,//烟雾数
        }
]},
	"status":"blasted",//附加效果
	}}
	]
}