{
    "type":"missile",
    "template": "MissileUnitType",
    "maxRange":20,
	"lowAltitude": true,
	"speed": 3,//飞行速度
	"deathExplosionEffect":"blastExplosion",//爆炸特效
	"playerControllable": false,//玩家可以操控
	"useUnitCap":false,//占用人口
	"rotateSpeed": 4,//转头速度
	"lifetime": 120,//存在时间,1/帧
	"homingDelay":12,//跟踪延迟
	"hidden": true,//隐藏单位
	"health": 100,//血量
	"hitSize": 6,//大小
	"engineColor": "FF5845FF",//引擎颜色
	"outlineRadius": 0,//边框厚度
	"engineSize": 2.6,//引擎大小
	"drawCell": false,//画队伍
	"trailColor": "FF5845FF",//尾迹颜色
	"trailWidth": 4,//尾迹宽度
	"trailLength": 16,//尾迹长度
	"trailEffect":"missileTrail",//尾迹特效
	"parts": [
		{
			"type": "FlarePart",
			"progress": {
				"type": "life",
				"op": "curve",
				"interp": "pow3Out"
			},
			"color1": "FF5845FF",
			"stroke": 4.2,//三角形宽
			"radius": 0,//三角形长
			"radiusTo": 16//三角形最大长度
		}
	],
	"weapons": [
	{
	"name": "none",
	"shootCone": 360,//攻击范围
	"shootOnDeath": true
	"shootSound": "none",
	"bullet": {
	"type": "ExplosionBulletType",
	"lifetime":1,
	"speed":1,
	"instantDisappear": true,
	"width": 0,
	"height": 0,
	"keepVelocity": false,
	"splashDamageRadius": 32,
	"splashDamage": 180,
	"killShooter": true,
	"hitColor":"FF5845FF"
	"despawnEffect":{//消失时播放特效
        "type":"multiEffect",
"effects":[
"circleColorSpark"
{
        "type": "ExplosionEffect",
					"waveColor":"FF5845FF",//波浪颜色
					//下面都是数
					"waveLife": 32,//波浪存在时间
					"waveStroke":5,//波形宽度
					"waveRad":30,//波浪半径
					"waveRadBase":0,//波浪开始的半径
					"smokeSize":12,//烟雾大小
					"smokeSizeBase":2,//烟雾开始大小
					"smokeRad":40,//烟雾半径
					"smokes":3,//烟雾数
        }
]},
	"status":"blasted",//附加效果
	}}
	]
}