{
	"type": "GenericCrafter",
	"name": "'暴富者'硅集中生产仪",
	"description": "以更少的消耗，更高的速度生产大量硅，是目前最先进的生产系统.",
	"outputItem": {
		"item": "silicon", "amount": 100
		},
	"itemCapacity": 400,
	"size": 4,
	"health":1500,
	"hasPower": true,
	"hasLiquids": true,
	"hasItems": true,
	"craftTime": 280,
	"updateEffect": "smeltsmoke",
	"consumes": {
		"power": 30.0
		"items": {
			"items": [
				{ "item": "coal", "amount": 80 }
				{ "item": "sand", "amount": 160 }
			]
		},
	},
	"requirements": [
		{ "item": "超导晶体", "amount": 150 },
		{ "item": "初等金属", "amount": 150 },
		{ "item": "surge-alloy", "amount": 200 },
	],
	"category": "crafting",
	"research": "2级",
	"idleSound": "respawning",
	"idleSoundVolume": 0.5
}