{
	"type": "BurstTurret",
	"name": "'毁灭天使'空间破坏炮",
	"description": "宛若神明的科技让时空一族拥有支配星辰的力量，该武器通过空间湮灭晶体的巨大能量将大范围内的敌人打回娘胎",
	"health":20000,
	"ratateSpeed":1,
	"size":4,
	"reload":480,
	"range": 8000,
	"targetGround":true,
	"targetAir":true,
	"ammoUseEffect": "none",
    "brustSpacing":120,                "FragBullets": 10,
	"inaccuracy": 0,
 	"restitution":1,
	"shots": 1,
	"rotatespeed": 10,
	"ammo":{
	    "空间湮灭晶体":{
        "type" : "BasicBulletType"
		"splashDamageRadius":120,
		"splashDamage": 160000,
		"bulletSprite": "星空战争重置版-空"
		"speed": 10.0,
		"bulletWidth": 10,
		"bulletHeight": 50,
		"damage": 160000,
		"hitEffect":"none"
		"shootEffect": "none",
		"smokeEffect": "none",
		"ammoMultiplier": 1,
		"lifetime":900,
        "fragBullets": 20,
        "brustSpacing":120
        "fragBullet":{
            "type" : "BasicBulletType"
  	        "splashDamageRadius":72,
    		"splashDamage": 160000,     		"bulletSprite": "星空战争重置版-空"          	        	"speed": 10.0,
    		"bulletWidth": 10,
     		"bulletHeight": 50,
       		"damage": 160000,
    		"hitEffect":"none"
    		"shootEffect": "none",
      		"smokeEffect": "none",
       		"ammoMultiplier": 1,
    		"lifetime":600,
             }
 	    }
	}
	"requirements": [
		{ "item": "致密合金", "amount": 1000 }
		{ "item": "高能晶体", "amount": 1000 }
		{ "item": "超导晶体", "amount": 1000 }
		{ "item": "时间晶体", "amount": 1000 }
	],
	"category": "turret",
	"research": "时间族炮3"
}
