{
	"type": "GenericCrafter",
	"name": "晶体充能厂",
	"description": "给超导晶体充能生成高能晶体.",
	"outputItem": {
		"item": "高能晶体", "amount": 1
		},
	"itemCapacity": 200,
	"size": 2,
	"hasPower": true,
	"hasLiquids": true,
	"hasItems": true,
	"craftTime": 150,
	"updateEffect": "smeltsmoke",
	"consumes": {
		"power": 20.0
		"items": {
			"items": [
				{ "item": "超导晶体", "amount": 10 }
				{ "item": "反物质", "amount": 3 }
			]
		},
	},
	"requirements": [
		{ "item": "超导晶体", "amount": 20 },
		{ "item": "初等金属", "amount": 50 },
		{ "item": "surge-alloy", "amount": 20 },
		{ "item": "phase-fabric", "amount": 10 },
	],
	"category": "crafting",
	"research": "晶体精炼厂",
	"idleSound": "respawning",
	"idleSoundVolume": 0.5
}