{
	"type": "GenericCrafter",
	"name": "晶体精炼厂",
	"description": "从晶体原矿中提炼初等金属.",
	"outputItem": {
		"item": "超导晶体", "amount": 5
		},
	"itemCapacity": 200,
	"size": 1,
	"hasPower": true,
	"hasLiquids": true,
	"hasItems": true,
	"craftTime": 90,
	"updateEffect": "smeltsmoke",
	"consumes": {
		"power": 2.0
		"items": {
			"items": [
				{ "item": "晶体原矿", "amount": 20 }
			]
		},
	},
	"requirements": [
		{ "item": "plastanium", "amount": 20 },
		{ "item": "silicon", "amount": 50 },
		{ "item": "thorium", "amount": 120 },
		{ "item": "phase-fabric", "amount": 10 },
	],
	"category": "crafting",
	"research": "alloy-smelter",
	"idleSound": "respawning",
	"idleSoundVolume": 0.5
}