{
	"type": "UnitFactory",
	"health": 3000,
	"size": 3,
	"consumes": {
		"power": 1,
		"liquid": "neoplasm/0.2"
	},
	"plans": [
		{
			"unit": "renale",
			"time": 1800,
			"requirements": [
				"silicon/0",
			]
		}
				{
			"unit": "蛆",
			"time": 2500,
			"requirements": [
				"silicon/0",
			]
		}
				{
			"unit": "虫",
			"time": 3300,
			"requirements": [
				"silicon/0",
			]
		}
				{
			"unit": "蜘蛛",
			"time": 3000,
			"requirements": [
				"silicon/0",
			]
		}
	],
	"category": "units",
	"buildVisibility": "sandboxOnly",
}