{
    "type": "naval",//类型
    "name":"游弋"
    "description":"高级船只，能够发射联装炮弹，布置磁感浮游蜘蛛雷对经过的敌人进行阻击。",//介绍
    "hidden":true//隐藏，因为海军做的一坨
	"details":""
	"research": "2-涌动",//科技树前置
    "speed":0.6//速度
    "hitSize":28//碰撞箱
    "rotateSpeed":3//转头速度
    "health":3000
    "armor":3
    "itemCapacity":20//物品容量
    "singleTarget": false,//只有一个目标
    "drag":0.12,
    "accel":0.6,
    "faceTarget":false,
    "range":160,
	"weapons": [//武器
		{"name": "游弋武器",//武器贴图
		"mirror":false,
		"top":true,
		"shake":0.2,
		"reload":120,//攻速
		"x":0,"y":-7,//位置
		"shootY":1
		"ejectEffect": "casing1",//抛壳特效
		"inaccuracy":2,//不准确度
		"shootSound": "cannon",
        "rotate":true,
"parts":[
{"type":"RegionPart",
"mirror":true,//是否镜像显示
"x":0,"y":0,//起始位置
"suffix":"-左","moveX":-1,"moveY":-2,
"layer":89,
"moveRot":10,//移动圈数
"progress":"recoil"
}
{"type":"RegionPart",
"mirror":false,//是否镜像显示
"x":0,"y":0,//起始位置
"suffix":"-中","moveX":0,"moveY":-2,
"layer":89,
"moveRot":0,//移动圈数
"progress":"recoil"
}
],
		"bullet": {//子弹
			"type": "BasicBulletType",//类型
		"damage": 32,
		"lifetime": 120,
		"speed": 1.2,
		"width": 22,
		"height": 22,
		"splashDamage": 25,
		"splashDamageRadius": 32,
			"shootEffect": "shootBig",//攻击特效
			"trailEffect":{
                    "type": "ParticleEffect",
					"particles": 2,
					"lifetime": 72,
					"length": 12,
					"sizeFrom": 14,
					"sizeTo": 0,
					"interp": "circleOut",
					"region": "野性之心-x",
					"colorFrom": "8AA3F4FF",
					"colorTo": "8AA3F4FF"
                    },
            "trailInterval" :8,//尾迹特效间隔
            "trailChance":0.5,
        "despawnEffect":"none"
			"hitEffect":"blastExplosion"
			"hitSound":"explosion"
			"trailLength": 0,//尾迹长
            "trailWidth": 0,//尾迹宽
            "trailColor":"8AA3F4FF",//尾迹颜色
            "hitColor":"8AA3F4FF"
			"smokeEffect": "none",//烟雾特效
"fragBullets":4,
			"fragRandomSpread":0,//随机分裂角度
			"fragSpread":90,//分裂角度
			"fragAngle":45,//分裂起始角度，
		"fragBullet":{
		"type":"BasicBulletType",
		"sprite":"野性之心-clock",//子弹贴图
		"width": 12,
		"height": 12,
		"spin": 4,//子弹旋转速度
		"shrinkY": 0,"shrinkX": 0,//子弹变形程度
		"drag": 0.04,
		"splashDamageRadius":8,			
		"splashDamage":12,//范围伤害
  "trailColor":"8AA3F4FF",//尾迹颜色
  "despawnEffect":"none"
  "hitEffect":"blastExplosion"
  "hitColor":"8AA3F4FF"
  "damage":28,
  "trailEffect":"missileTrail",
  "speed": 1,
  "lifetime":512},
			}	}	]//子弹装填速度
}