{
	"type": "flying",
	"name": "终暮"
	"speed": 0.58
	"drag": 0.04
	"accel": 0.04,
	"flying": true,
	"engineOffset": 35
	"engineSize": 12
	"hitSize": 150
	"destructibleWreck": true
	"faceTarget": true,
	"lowAltitude": true,
	"health": 327400
	"armor": 58
	"rotateSpeed": 0.76
	"researchCostMultiplier": 1,
	"research": "旧日"
		"immunities": [
		"freezing","melting"
		"shocked","slow",
		"unmoving""不稳定态"
	]
	"abilities": [
	{
			"type": "UnitSpawnAbility",
			"unit": "zenith"
			"spawnX":0
			"spawnY":48
			"spawnTime":1200
	}
		{	"type":"StatusFieldAbility",
			"duration":3000
			"reload": 300
			"range":180
			"applyEffect": "none",
			"effect": "overclock",
			}
		{	"type":"StatusFieldAbility",
			"duration":3000
			"reload": 300
			"range":180
			"applyEffect": "none",
			"effect": "辅助",
			}
        ]
	"weapons": [
			{
		"name":"激光1",
		"shootSound":"laser",
		"chargeSound":"lasercharge",
		"top":true
		"mirror":true
		"shake":4
		"x":14
		"y":-15
		"shootY":0
		"reload":50
		"recoil":3.2
		"cooldownTime":30
		"shootStatusDuration":130,
		"parentizeEffects":true,
		"shoot":{
		"shots": 3
		"shotDelay": 0
		"type": "ShootSpread",
		"barrels": 2
		},
	"bullet":{
		"type":"LaserBulletType",
		"length":188
		"shootY":5
		"splashDamage":350
		"splashDamageRadius":10
		"width":20
		"lifetime":30
		"lightningColor":"eec591",
		"lightningSpacing":50
		"status": "熔断"
		"statusDuration": 6
		"lightningLength":1
		"lightningDelay":1.2
		"lightningLengthRand":2
		"lightningDamage":76
		"lightningAngleRand":40,
		"largeHit":true,
		"sideAngle":20,
		"sideWidth":2,
		"sideLength":60,
		"colors":["eec59180", "eec59192", "FFFFFF"],
		"chargeEffect":"greenLaserCharge",
		"healPercent":10
		"collidesTeam":true
	}
	}
			{
			"name": "炮1",
			"reload": 20
			"shake": 1
			"recoil": 2
			"x": 30
			"y":40
			"shootX": 0,
			"mirror": true
			"shootY": -6
			"rotate": true
			"rotateSpeed":3
			"top": true
			"inaccuracy": 3
			"shootSound": "shootBig",
			"alternate": true,
			"ejectEffect": "casing4",
			"shootStatus":"blasted"
			"shootCone": 15,
			"bullet": {
				"damage":198
				"splashDamage":158
				"splashDamageRadius": 30
				"pierce": true,
				"pierceArmor": true
				"speed": 3
				"lifetime": 72
				"hitSound": "explosion",
				"shootEffect": "shootBig",
				"smokeEffect": "shootBigSmoke",
				"trailLength": 2
				"trailWidth": 2
				"trailColor": "FFA05C",
				"backColor": "FFA05C",
				"frontColor": "FFFFFF",
				"width": 20
				"height": 20
				"despawnEffect": "flakExplosionBig"
			}
		}
				{
			"name": "炮1",
			"reload": 20
			"shake": 1
			"recoil": 2
			"x": 30
			"y": -22
			"shootX": 0,
			"mirror": true
			"shootY": -6
			"rotate": true
			"rotateSpeed":5
			"top": true
			"inaccuracy": 0
			"shootSound": "shootBig",
			"alternate": true,
			"ejectEffect": "casing4",
			"shootStatus":"blasted"
			"shootCone": 15,
			"bullet": {
				"damage":248
				"splashDamage":250
				"splashDamageRadius": 30
				"pierce": true,
				"pierceArmor": true
				"speed": 4
				"lifetime": 60
				"hitSound": "explosion",
				"shootEffect": "shootBig",
				"smokeEffect": "shootBigSmoke",
				"trailLength": 2
				"trailWidth": 2
				"trailColor": "FFA05C",
				"backColor": "FFA05C",
				"frontColor": "FFFFFF",
				"width": 20
				"height": 20
				"despawnEffect": "flakExplosionBig"
			}
		}
			{
			"name": "路炮",
			"reload": 35
			"shake": 1
			"recoil": 4
			"x": 30
			"y": 18
			"shootX": 0,
			"mirror": true
			"shootY": 10
			"rotate": true
			"rotateSpeed":5
			"top": true
			"inaccuracy": 0
			"shootSound": "shootBig",
			"alternate": true,
			"ejectEffect": "casing4",
			"shootStatus":"blasted"
			"shootCone": 15,
			"shoot":{
		    "shots": 5
		    "shotDelay": 5
		    }
			"bullet": {
				"damage":153
				"splashDamage":150
				"splashDamageRadius": 30
				"pierce": true,
				"pierceArmor": true
				"speed": 6
				"lifetime":70
				"hitSound": "explosion",
				"shootEffect": "shootBig",
				"smokeEffect": "shootBigSmoke",
				"trailLength": 1
				"trailWidth": 2
				"trailColor": "FFA05C",
				"backColor": "FFA05C",
				"frontColor": "FFFFFF",
				"width": 15
				"height": 23
				"despawnEffect": "flakExplosionBig"
			}
		}
			{
			"name": "路炮",
			"reload":30
			"shake": 1
			"recoil": 4
			"x": 48
			"y": -25
			"shootX": 0,
			"mirror": true
			"shootY": 10
			"rotate": true
			"rotateSpeed":5
			"top": true
			"inaccuracy": 0
			"shootSound": "shootBig",
			"alternate": true,
			"ejectEffect": "casing4",
			"shootStatus":"blasted"
			"shootCone": 15,
			"shoot":{
		    "shots": 4
		    "shotDelay":3
		    }
			"bullet": {
				"damage":186
				"splashDamage":150
				"splashDamageRadius": 30
				"pierce": true,
				"pierceArmor": true
				"speed": 6
				"lifetime":70
				"hitSound": "explosion",
				"shootEffect": "shootBig",
				"smokeEffect": "shootBigSmoke",
				"trailLength": 1
				"trailWidth": 2
				"trailColor": "FFA05C",
				"backColor": "FFA05C",
				"frontColor": "FFFFFF",
				"width": 15
				"height": 23
				"despawnEffect": "flakExplosionBig"
			}
		}
		{
			"name": "点防",
			"type": "PointDefenseWeapon",
			"x": 0,
			"y":0
			"rotate": true,
			"shootSound": "lasercharge2",
			"recoil": 0,
			"rotateSpeed":99
			"reload":3
			"targetInterval": 4
			"targetSwitchInterval": 4
			"shoot": {
				"shots": 2
			},
			"bullet": {
				"speed": 120
				"lifetime": 5
				"shootEffect": "none",
				"maxRange": 160
				"damage": 50
			}
		}
		{
			"name": "火鸡",
			"reload": 300,
			"x":0
			"y":-20
			"shootY": 1
			"rotate":true
			"top": true
			"recoil": 0,
			"cooldownTime": 60,
			"inaccuracy": 0,
			"mirror": false,
			"shootSound": "torch",
			"alwaysContinuous": true,
			"shootWarmupSpeed": 0.125,
			"minWarmup": 0.98,
			"bullet": {
				"type": "ContinuousFlameBulletType",
				"recoil": 0
				"knockback": 0.5
				"damage": 52
				"incendChance": 0,
				"status": "熔断",
				"statusDuration": 60
				"laserAbsorb": true,
				"smokeEffect": {
					"type": "ParticleEffect",
					"particles": 9,
					"sizeFrom": 5,
					"sizeTo": 0,
					"baseLength": 4,
					"length": 50,
					"interp": "pow10Out",
					"sizeInterp": "pow5In",
					"lifetime": 20,
					"colorFrom": "eec591",
					"colorTo": "eec59190",
					"cone": 12
				},
				"shootEffect": {
					"type":"WaveEffect",
					"sizeFrom": 0,
					"sizeTo": 60
					"interp": "circleOut",
					"strokeFrom": 8
					"strokeTo": 0,
					"colorFrom": "eec591",
					"colorTo": "eec591"
				},
				"lightColor": "eec59188",
				"flareColor": "eec591",
				"hitColor": "eec591",
				"colors": [
					"eec59160",
					"eec59190",
					"eec591",
					"FFFFFF"
				],
				"length": 360
				"width": 5
			}
		}
	]
}