{
	"type": "GenericCrafter",
	"name": "氮提取器",
	"description": "将孢子荚中存储的氮提取出来",
	"outputLiquid":"nitrogen/0.35"
	"hasLiquids": true,
		"health": 100,
	"size": 3,
	"hasPower": true,
	"hasLiquids": true,
		"drawer":{
	    "type":"DrawMulti",
	    "drawers":[
	    {
	    "type":"DrawRegion",
	    "suffix":"-bottom"
	    },
	    {
	       "type":"DrawLiquidRegion",
	    "drawLiquid":"nitrogen"
	    },
	    "DrawDefault"
	]},
	"craftTime": 120,
    "liquidCapacity": 60,
	"consumes": {
    "power":3,
    "items": {
	"items": [
	{ "item": "spore-pod", "amount": 2 }
	]
	}
    }
"requirements": [
    "碲/90"
    "锂/35"
	"silicon/30",
	],
	"category": "crafting",
	"research":{
"requirements": [
    "一级科技/300"
  ],
  "prant":"培养温室"
  }
	
}