{
	"type": "Separator",
	"results": [
		"coal/1",
		"sand/2",
	],
	"health": 100,
	"name": "滤水器",
	"details": "管他合不合理，我觉得可以就行("
	"description":"将水中的物质过滤出来"
	"size": 2
	"category": "crafting",
	"craftTime": 30,
	"consumes": {
    "power": 3,
"liquid": "water/0.7"
    },
	"requirements": [
    "碲/15",
    "metaglass/20"
    "锂/10",
    "一级科技/0",
  ],
  "drawer": {
    "type": "DrawMulti",
    "drawers": [
      {
        "type": "DrawRegion",
        "suffix": "-bottom"
      },
      {
        "type": "DrawLiquidTile",
        "drawLiquid": "water"
      },
      "DrawDefault"
    ]
  },
  "research": {
	"parent": "钢化窑炉"//科技树前置
	"objectives":[
 		 {
  "type": "OnSector",
  "preset":"广阔河谷"  }]
	"requirements": [//研究花费
	"一级科技/40"
	]	}
	}