{
	"type": "GenericCrafter",
	"health": 100,
	"name": "矿热冶硅炉",
	"details": "mdt钻头自带提纯，可是为什么还能挖出沙子而不是硅？"
	"description":"把沙子冶炼成硅"
	"outputItem": "silicon/5",
	"itemCapacity": 10,
	"size": 3,
	"category": "crafting",
	"craftTime": 200,
	"consumes": {
    "power": 3,
    "items": {
      "items": [
        {
          "item": "sand",
          "amount": 6
        }
        {
          "item": "coal",
          "amount": 5
        }
      ]
    },
    }
	"craftEffect":
			{
"type": "RadialEffect",
"rotationOffset": 0,
"lengthOffset": 10,
"amount": 8
"effect": {
"type": "multiEffect",
"effects": [
{
"type": "ParticleEffect",
"particles": 3,
"lifetime": 70,
"interp": "circleOut",
"length": 20,
"cone": 4
"sizeFrom": 5,
"sizeTo": 0
"colorFrom": "FFFFFF",
"colorTo": "FC8E6DFF"
}
		]
		}
		}
	"drawer": {
		"type": "DrawMulti",
		"drawers": [
		{
				"type": "DrawRegion",
				"suffix": "-bottom",
				}
			"DrawDefault",
      "DrawCrucibleFlame"
      {
        "type": "DrawGlowRegion"
        "color": "FC8E6DFF"//发光颜色
      }//draw一个发光图层，自己画
		]
	},
	"requirements": [
    "碲/35",
    "metaglass/30"
    "锂/40",
    "一级科技/0",
  ],
  "research": {
	"parent": "滤水器"//科技树前置
	"objectives":[
 		 {
  "type": "OnSector",
  "preset":"广阔河谷"  }]
	"requirements": [//研究花费
	"一级科技/50"
	]	}
	}