{
	"type": "missile",//类型,导弹
	"controller": "MissileAI",//AI,导弹AI
	"lowAltitude": false,
	"speed": 5,//飞行速度
	"rotateSpeed": 9,//转头速度
	"lifetime": 35,//存在时间,1/帧
	"isEnemy": false,//是敌方
	"allowedInPayloads": false,//
	"playerControllable": false,//玩家可以操控
	"physics": false,//治疗？
	"useUnitCap": false,
	"createWreck": false,//有坠落时间
	"createScorch": false,//可以燃烧
	"flying": true,//可以飞行
	"hidden": false,//隐藏单位
	"health": 12,//血量
	"hitSize": 1,//大小
	"outlineRadius": 0,//边框厚度
	"engineSize": 1,//引擎大小
	"engineLayer": 110,//引擎层数
	"drawCell": false,//画队伍
	"maxRange": 15,//最大范围
	"frontColor": "ECF8FFFF",//中心颜色
	"backColor": "33383FFF",//边缘颜色
	"colorFrom": "ECF8FFFF",
	"colorTo": "33383FFF",
	    "envDisabled": "2"//星球
            "trailLength": 2,
			"trailWidth": 1,
			"trailEffect": {
				"type": "ParticleEffect",
				"particles": 1,
				"sizeFrom": 2,
				"sizeTo": 0,
				"length": 10,
				"lifetime": 50,
				"layer": 109,
				"colorFrom": "FFFFFFFF",
				"colorTo": "A8A8A8FF"
			},
	"weapons": [
	{"name": "none",
	"shootCone": 360,
	"shootOnDeath": true,
	"controllable": true,
	"shootSound": "none",
	"bullet": {
	"type": "ExplosionBulletType",
	"instantDisappear": true,
	"width": 0,"height": 0,
	"keepVelocity": false,
	"buildingDamageMultiplier":1.2//对建筑伤害增加
	"splashDamageRadius":12,//伤害范围
	"splashDamage":40,//范围伤害
	"killShooter": true,
	"hitEffect": {
	"type": "multiEffect",
	"effects": [
	{"type": "WaveEffect",
	"lifetime": 15,
	"sizeFrom": 0,
	"sizeTo": 8,
	"strokeFrom": 1.5,
	"strokeTo": 0,
	"colorFrom": "FFFFFFFF",
	"colorTo": "FFFFFFFF"
	},
	{"type": "ParticleEffect",
	"offset": 30,
	"particles": 12,
	"lifetime": 20,
	"length": 3,
	"interp": "circleOut",
	"sizeInterp": "pow5In",
	"cone": -360,
	"line": true,
	"siezFrom":3
	"siezto":3
	"strokeFrom": 1.5,
	"strokeTo": 1.5,
	"lenFrom": 3,
	"lenTo": 3,
	"lightColor": "A8A8A8FF",
	"colorFrom": "FFFFFFFF",
	"colorTo": "A8A8A8FF"
	},
	]	
	    
	}
	}	
	}	
	]
}
