{
    "type": "PowerTurret",
    "name": "便携炮塔",
	"description": "没有物品和能量消耗的炮塔，关键时候可以救命"
    "details":"人間の賛歌は勇気の賛歌である",
    "category": "turret",
    "reload":15,
    "requirements": [
        "copper/50"
    ],
    "shoot":{
	"type":"ShootBarrel",
	"barrels":[
        -2,0,0,
        2,0,0,
    ]	},

    "shootType": {
    "type": "BasicBulletType",
    "speed": 8.00,
    "damage": 3,
    "width": 2.00,
    "height": 12.00,
    "lifetime": 30
    "status":"unmoving",
	"statusDuration":3

}
    "consumes": {
        "coolant": {
            "amount": 0.1,
            "optional": true
        }
    },
//	"hasPower": false,
    "shootCone": 40.00,
    "rotateSpeed": 12.00,
    "targetGround":true,
    "targetAir": true,
    "range": 120.00,
    "recoliAmount": 1.00,
    "size": 1,
    "health": 80
    "research": "duo"
}