{
	"type":"ItemTurret",
	"name":"黑闪",
    "description":"近距离炮塔\n向敌人发射五发近距离穿透性激光子弹",
	"size":3,//物品面积
	"health":1490,//建筑血量
	"ammoPerShot":1,
	"range":160,//攻击范围
		"recoil":4,//后坐力,
	"reload":30,//60：0.1每秒一个
	"inaccuracy":0,//误差
	                  "ammoPerShot":1,
		"shoot": {
		"type": "ShootSpread",
		"shots": 5,
		"spread": 15
	},
	                      "consumes": {
        "coolant": {
            "amount": 0.75,
            "optional": true
        }
    },
	"rotatespeed":4,//旋转速度
	"maxAmmo":50,//最大弹药
	"targetAir":true//攻击天空
	"targetGround":true,//攻击地面
	"coolantMultiplier":2,
	"heatColor":"#242424FF",
			"shootSound":"shotgun",
	"ammoTypes":{
	     "阴影合金": {
	       "type":"ShrapnelBulletType"
     "damage": 140
      "length":200
//	 "reloadMultiplier":1.2
	// "fromColor":"CB8EBFFF"
            "toColor": "000000FF",
        "ammoMultiplier": 8
        "status":"黑暗",
	    "statusDuration":120,
	
	}
		     "闪耀合金": {
	       "type":"ShrapnelBulletType"
     "damage": 140
      "length":200
//	 "reloadMultiplier":1.2
	// "fromColor":"CB8EBFFF"
            "toColor": "ffffffFF",
        "ammoMultiplier": 8
        "status":"致盲",
	    "statusDuration":120,
	
	}
		     "护盾物质": {
	       "type":"ShrapnelBulletType"
     "damage": 320
      "length":300
//	 "reloadMultiplier":1.2
	// "fromColor":"CB8EBFFF"
            "toColor": "FFD6B8FF",
        "ammoMultiplier": 2
	
	}
		     "虚空水晶": {
	       "type":"BasicBulletType"
     "damage": 200
        "ammoMultiplier": 25,
	    "speed": 5,
    "lifetime":10.00,
    "width": 10,
	"height": 25,
	"status":"能量流失",
            "fragBullets": 6,
"backColor":"2E0030FF"
    "frontColor":"48004FFF"
	"fragVelocityMax": 1,//最大速度倍率
            "fragVelocityMin": 1,//最小速度倍率
"fragSpread": 3,//固定间隔        
"fragRandomSpread": 0,//随机范围
"fragBullet": {
"backColor":"2E0030FF"
    "frontColor":"48004FFF"
                "speed": 12,
                "damage": 90,
                "lifetime": 60,
    "pierce": true,
    "width": 5.00,
    "height": 10.00,
    }
    }
}
	    
	"requirements": [
		"plastanium/125"
		"thorium/100"
		"阴影合金/100"
	],
	"category": "turret",
	"research":"fuse"
	
}