{
    "type": "PowerTurret",
    "name": "环绕",
	"description": "释放环绕敌人一圈的激光"
    "category": "turret",
    "conductivePower":"true"
	"reload":90,
    "requirements": [
        "silicon/260"
        "plastanium/220"
        "phase-fabric/180"
        "surge-alloy/120"
    ],

    "shootType": {
    "type": "BasicBulletType"
    "damage": 10,
    "speed": 8,
    "lifetime":50.00,
    "width": 20,
	"height": 20,
	"reflectable": false
            "fragBullets": 30,
            "fragVelocityMax": 1,//最大速度倍率
            "fragVelocityMin": 1,//最小速度倍率
"fragSpread": 12,//固定间隔        
"fragRandomSpread": 0,//随机范围            
    
            "backColor":"#4D4E58FF",
            "frontColor":"#7B7B7BFF",
"fragBullet": {
            "type": "BasicBulletType",
            "speed": 8,
            "lifetime": 40
      "collides":false,         
             "fragBullets": 1,
             "fragAngle": 180,//分裂基准
"fragRandomSpread": 0,//随机范围            
            "backColor":"#00000000",
            "frontColor":"#00000000",
     	"hitEffect": "none"
"despawnEffect":"none"
"fragBullet": {
    "type": "LaserBulletType",
    "damage": 80,
    "colors": ["940000FF", "940000FF", "F5FF57FF"],
    "lifetime": 16.00,
    "collidesAir": false,
    "length": 310.00,
	"width":18,
}	// "fromColor":"CB8EBFFF"
        }        	
       }

    "consumes": {
        "power":21.5,
        "coolant": {
            "amount": 0.1,
            "optional": true
        }
    },

    "shootCone": 40.00,
    "rotateSpeed": 12.00,
    "targetGround":true,
    "targetAir": true,
    "range": 320.00,
    "recoliAmount": 1.00,
    "size": 4,
    "health": 500
    "research": "lancer"
}