{
    "type": "PowerTurret",
	"name":"连打",
    "description":"向敌人持续发射击退性子弹",
    "conductivePower":"true"
	"size":3,//物品面积
	"health":2520,//建筑血量
	"ammoPerShot":1,
	"range":280,//攻击范围
	"reload":9,//60：0.1每秒一个
	"inaccuracy":10,//误差
	"rotatespeed":1.5,//旋转速度
	"maxAmmo":120,//最大弹药
	"targetAir":true//攻击天空
	"targetGround":true,//攻击地面
    "inaccuracy": 3.5,
    "shootY":15,
    "shootSound":"laser",
	"coolantMultiplier":1,
	    "consumes": {
        "power":18,
        "coolant": {
            "amount": 0.75,
            "optional": true
        }
    },
"drawer": {
    "type": "DrawMulti",
    "drawers": [
        {
            "type": "DrawTurret",
            "parts": [
{
	"type": "ShapePart",
	"progress": "warmup",
	"color": "68386CFF",
//	"circle": true,
    "sides":4,
	"hollow": false,
    "rotateSpeed":2,
    "stroke" : 0,
    "strokeTo" : 0.6,
    "radius" : 2,
		"layer": 79,
    "x":4.4,
	"y":-3,
	},
{
	"type": "ShapePart",
	"progress": "warmup",
	"color": "68386CFF",
//	"circle": true,
    "sides":4,
	"hollow": false,
    "rotateSpeed":2,
    "rotation":45,
    "stroke" : 0,
    "strokeTo" : 0.6,
    "radius" : 2,
		"layer": 79,
    "x":4.4,
	"y":-3,
	},
{
	"type": "ShapePart",
	"progress": "warmup",
	"color": "954B9CFF",
//	"circle": true,
    "sides":4,
	"hollow": false,
    "rotateSpeed":-2,
    "stroke" : 0,
    "strokeTo" : 0.6,
    "radius" : 2,
		"layer": 79,
    "x":-4.4,
	"y":-3,
	},
{
	"type": "ShapePart",
	"progress": "warmup",
	"color": "954B9CFF",
//	"circle": true,
    "sides":4,
	"hollow": false,
    "rotateSpeed":-2,
    "rotation":45,
    "stroke" : 0,
    "strokeTo" : 0.6,
    "radius" : 2,
		"layer": 79,
    "x":-4.4,
	"y":-3,
	},
    ]}
    ]}
			"shoot":{
	"type":"ShootMulti",
	"source":	{
	"type":"ShootBarrel",
"shots": 2,
	"barrels":[
        0,0,0,
        0,0,0,
        5.2,0,0,
        5.2,0,0,
        -5.2,0,0,
        -5.2,0,0,
    ]		},	

	"dest":[
    {
		"type": "ShootHelix",
		"mag": 5,"scl": 1, }
    ]	},

    "shootType": {
//		    "reloadMultiplier":1.2,
        "shootEffect": {
            "type": "WaveEffect",
            "sides": 3,
            "lifetime": 6,
            "sizeFrom": 1,
            "sizeTo": 12,
            "strokeFrom": 2,
            "strokeTo": 1,
            "colorFrom": "954B9CFF",
            "colorTo": "68386CFF"
        },
"smokeEffect":"none",
			"speed": 10,
			"damage": 15,
			"lifetime":50,
			"width": 10,
			"height": 16,
            "knockback": 1,
        "backColor":"68386CFF"
           "frontColor":"954B9CFF"
              "hitColor":"68386CFF"
	},
	"requirements": [
	"titanium/200"
		"plastanium/125"
	],
	"category": "turret",
	"research":"salvo"
	
}