{
	"type":"ItemTurret",
	"name":"错误轰炸",
	"description":"对远距离目标进行毁灭性打击\n它只适合作为攻城炮",
    "details":"研发这玩意就是个错误！\n削子弹的那货刚好能克制它(个屁啊！直接提前引爆了！)",
	"size":4,
	"health":1900,
	"range":720,
	"rotateSpeed":2
	"recoil":4,//后坐力,
	"reload":900,
	"maxAmmo":20,//最大弹药
	 "ammoPerShot":10,
			    "consumes": {
        "power": 200,
        }
        	"canOverdrive": false,
	"category":"turret",
	"research": "foreshadow",
	"reloadTime":600,
	"restitution":5.6,
	"ammoUseEffect":"casing3Double",
	"recoilAmount":10,
	"cooldown":20,
	"shootShake":24,
	"collidesTiles": true,
	"shots":1,
	"shootCone":2.4,
	"shootSound":"shotgun",
	"ammoTypes":{
	    	    "错误物质":{
    "type": "BasicBulletType"
    "speed": 0.50,
    "knockback": 0.80,
    "lifetime":1800.00,
    "sprite":"missile-large"
    "width": 50,
	"height": 50,
	"reflectable": false
	    "homingPower": 0.24,
    "homingDelay":10,
    "homingRange": 800,	    
			"hitShake":18,
        	"ammoMultiplier":1
        	"splashDamageRadius": 240,
            "splashDamage": 3150,
            "fragBullets": 20,
            "backColor":"#783EFFFF",
            "frontColor":"#30FF98FF",
"trailLength": 100,
"trailWidth": 9,
"trailColor": "FF6A6AFF",

            "fragBullet": {
            "type": "PointBulletType",
            "trailEffect": "instTrail",
            "hitEffect": "flakExplosion",
            "despawnEffect": "flakExplosion",
            "backColor":"#783EFFFF",
            "frontColor":"#30FF98FF",
		    "heatColor":"#FF6A6AFF",
		    "trailColor":"#FF00D5FF",
            "splashDamageRadius":120 ,
            "splashDamage": 845,
            "status": "数据紊乱",
            "statusDuration": 180,
            "speed": 21,
            "lifetime": 12
             "fragBullets": 10,
            "fragBullet": {
	       "type":"ShrapnelBulletType"
     "damage": 140
      "length":240
	 "reloadMultiplier":1.2
	// "fromColor":"CB8EBFFF"
            "toColor": "FF00D5FF",
        "status":"unmoving",
	    "statusDuration":90,
        }        	
       }        	
	    }
	},
	"coolantMultiplier":4
	"requirements":[
	    "copper/1000",
	     "silicon/600", 
	   "metaglass/600", 
		 "plastanium/200", 
		 "surge-alloy/300", ],

}