{
	"name": "黯灭",
	"description": "向附近的敌人发射持续黑暗光束\n需要液体冷却才能正常工作",
	"type": "LaserTurret",
	"conductivePower":"true"
	"size": 4,
	"health": 2350,
	"heatColor":"turretHeat",
	"shootEffect":"none",
	"shootSound":"laserbig",
	"range": 260,
	"reload":200,
	"coolantMultiplier":2,
	"liquidCapacity": 20,
	"inaccuracy": 0,
	"recoil": 3.5,
	"rotateSpeed": 3,
	"shake": 5,
	//"coolEffect":"steam",
	"cooldown":0.2,
    "firingMoreFract":0.7,
    "heatColor":"#242424FF",    
	"shootType": {
		"status":"黑暗",
	    "statusDuration":480,
"type":"ContinuousLaserBulletType",
	"hitEffect": "hitMeltdown",
	"hitSize": 8,
	"ammoMultiplier":1,
	"length":265,
	"damage": 150,	
	"colors":["242424FF", "242424FF", "000000FF"]
	},
	
	"consumes": {
		"power":28,
	"coolant":{"amount":0.3,"optional":true}  
		},
	"shootDuration": 360,
	"requirements": [
	  "titanium/750"
	  "thorium/625"
  "silicon/475"
  "plastanium/300"
  "phase-fabric/255"
  "surge-alloy/325"
  "莫比乌斯合金/10"
  "阴影合金/160"
],
"category": "turret",
"research": "meltdown"
  }
//      "outputItems": ["copper/10","lead/10","graphite/10","silicon/10","metaglass/10","titanium/10","plastanium/10","thorium/10","phase-fabric/10","surge-alloy/10"]
