{
	"type":"ItemTurret",//类型:消耗物品的炮塔
	"name":"铜石炮",//名字
    "description":"[green]tips:你不一定能扛得住消耗",//介绍
	"size":2,//物品面积
	"health":1500,//建筑血量
	"ammoPerShot":1,//？
	"range":350,//攻击范围
	"reload":6,//攻击速度（每多少帧射击一次）(一秒60帧)
	"inaccuracy":1,//误差(度)
	                  "ammoPerShot":1,//？
	                  "ammoUseEffect": "casing2",//？
	"rotatespeed":5,//旋转速度
	"maxAmmo":50,//最大弹药
	"targetAir":true//攻击天空
	"targetGround":true,//攻击地面
	"coolantMultiplier":2,
	"heatColor":"#FF0000",
	"ammoTypes":{
     "thorium": {//消耗的弹药
	                "pierceCap":1,//？
     "reloadMultiplier":1,//射击速率
	"speed": 10,//子弹速度（输入数字×8）
	"damage": 65,//伤害
	"knockback":10,//击退
	"lifetime":30,//弹药存在时间（帧）
	"width": 3,//子弹宽度
	"height": 10,//子弹长度
	"ammoMultiplier":1,//装填倍数
	"shootEffect": "shootBig" 	//特效
	}
     "copper": {//消耗的弹药
	                "pierceCap":1,//？
     "reloadMultiplier":10,//射击速率
	"speed": 10,//子弹速度（输入数字×8）
	"damage": 30,//伤害
	"knockback":2,//击退
	"lifetime":30,//弹药存在时间（帧）
	"width": 7,//子弹宽度
	"height": 7,//子弹长度
	"ammoMultiplier":1,//装填倍数
	"shootEffect": "shootBig" 	//特效
	}
     "silicon": {//消耗的弹药
	                "pierceCap":1,//？
     "reloadMultiplier":5,//射击速率
	"speed": 10,//子弹速度（输入数字×8）
	"damage": 50,//伤害
	"knockback":5,//击退
	"lifetime":30,//弹药存在时间（帧）
	"width": 3,//子弹宽度
	"height": 10,//子弹长度
	"ammoMultiplier":1,//装填倍数
	"shootEffect": "shootBig" 	//特效
	}
},
	"requirements": [
	{ "item": "copper", "amount":7 },
],//造价
	"category": "turret",//类型
	"research":"基础铜核心"//科技树位置
}