{
    "name": "地星近战机甲",
    "description": "一级文明地星制作的机甲，用来维护治安",
    "flying": true,
    "repairSpeed": 1.0,
    "maxVelocity": 5,
    "boostSpeed": 0.5,
    "drag": 0.2,
    "mass": 0.5,
    "health": 400,
    "hitSize": 5,
    "mineSpeed": 2,
    "drillPower": 4,
    "buildPower": 1.5,
    "itemCapacity": 40,
    "turnCursor": true,
    "compoundSpeed": 2,
    "compoundSpeedBoost": 3,
    "drawCell":true,
    "drawItems":true,
    "drawLight":true,    
    "canHeal": false,
    "weaponOffsetY": 5,
    "engineOffset":  5,
    "engineSize": 3,    	
    "weapon": {
        "name": "地星霰弹枪", 
        "shots": 1,
        "spacing":3,
        "length": 2,
		"reload": 60,
		"recoil":0.2,
		"alternate": true,
		"bulletSprite": "宇宙文明-矛子弹",
        "bulletWidth": 2,
        "bulletHeight": 3,
		"ejectEffect": "shockwave", 
		"hitEffect": "flakExplosion",
		 "bullet":{	
             "speed": 10,
             "lifetime": 3,
             "damage": 50,
             "backColor":"00FFFF",
			 "frontColor":"00FFFF",
			 "heatColor":"ffffff",
			 "trailColor":"ffffff",
             "bulletWidth": 100,
             "bulletHeight": 10
		     
		 }
}
}