{
    "health": 1760,
    "armor":13,
    "range": 144,
    "canBoost":"true",
    "boostMultiplier":1.8,
    "speed":0.6,
    "buildSpeed":0,
    "engineOffset":-2,
    "abilities": [
        {
            "type": "ForceFieldAbility",
            "radius": 68.0,
            "regen": 0.30,
            "max": 1200.0,
            "cooldown": 1800.0
        }
    ],
    "weapons": [
		{
            "name":"1beam-weapon",
            "shake":4,
            "mirror":false,
            "shootSound":"laser",
			"reload": 120,
			    "x": -6.5,
			    "y": 0.0,
			    "rotate": false,
			    "inaccuracy": 0,
			    "alternate": false,
				"top":false,
                "recoil":2,
                "shoot":{
                    "shots":2,
                    "shotDelay":15,
                    "firstShotDelay":20
                },
			"bullet": {
                "type":"LaserBulletType",
                "recoil":1,
				"damage": 45,
                "length":150,
				"healPercent": 0,
				"collidesTeam": false,
                "sideAngle":45,
                "sideWidth":1,
                "sideLength":70,
                "colors": [
					"7CF38990",
					"97FFA880",
					"FFFFFF"
				]
			}
		},
        {
            "name":"2beam-weapon",
            "shake":4,
            "mirror":false,
            "shootSound":"laser",
			"reload": 120,
			    "x": 6.5,
			    "y": 0.0,
			    "rotate": false,
			    "inaccuracy": 0,
			    "alternate": false,
				"top":false,
                "recoil":1,
                "shoot":{
                    "shots":2,
                    "shotDelay":15,
                    "firstShotDelay":28
                },
			"bullet": {
                "type":"LaserBulletType",
                "recoil":1,
				"damage": 45,
                "length":150,
				"healPercent": 0,
				"collidesTeam": false,
                "sideAngle":45,
                "sideWidth":1,
                "sideLength":70,
                "colors": [
					"7CF38990",
					"97FFA880",
					"FFFFFF"
				]
			}
		},
        {
            "name":"3quasar-core",
            "shake":0,
            "mirror":false,
            "shootSound":"none",

			"reload": 120,

            "chargeSound":"quartz",

			    "x": 0.0,
			    "y": -0.1,
			    "rotate": false,
			    "inaccuracy": 0,
			    "alternate": false,
				"top":false,
                "recoil":1,
                "shoot":{
                    "firstShotDelay":20
                },
			"bullet": {
                "type":"LaserBulletType",
                "buildingDamageMultiplier":2,
                "chargeEffect": "greenBomb",
                "recoil":2,
                "status": "burning",

                "length":152,

                "damage":10,
                "sideLength":15,
                "colors": [
					"7CF38990",
					"97FFA880",
					"FFFFFF"
				]
			}
		}
	]
}