{
    "type": "ShockwaveTower",
    "name": "冲能塔",
    "description": "消耗电量与冷却液，产生冲击波，击碎附近的子弹。",
    "hasItems": true,
    "range": 140,
    "reload": 90,
    "bulletDamage": 110,
    "falloffCount": 50,
    "checkInterval": 10,
    "size": 3,
    "health": 960,
    "consumes": {
        "power": 8,
        "liquid": {
            "liquid": "cryofluid",
            "amount": 0.3
        }
    },
    "requirements": [
        {
            "item": "thorium",
            "amount": 225
        },
        {
            "item": "plastanium",
            "amount": 75
        },
        {
            "item": "高频芯片",
            "amount": 45
        }
    ],
    "category": "effect",
    "research": "segment"
}