{
    "type": "RegenProjector",
    "name": "广域修复投影",
    "description": "在方形范围内缓慢修复己方建筑。",
    "health": 860,
    "size": 4,
    "range": 48,
    "baseColor": "98FFA9",
    "healPercent": 0.11,
    "optionalMultiplier": 2.75,
    "optionalUseTime": 600,
    
    
    "drawer": {
        "type": "DrawMulti",
        "drawers": [
            {
                "type": "DrawRegion",
                "suffix": "-bottom"
            },
/*            {
                "type": "DrawLiquidRegion",
                "drawLiquid": "cryofluid",
                "suffix": "-top"
            },
            */
            "DrawDefault"
        ]
    },
    
    
    "consumes": {
        "power": 8,
        "items": {
            "items": [
                {
                    "item": "phase-fabric",
                    "amount": 1
                }
            ],
            "optional": true
        }
    },
    "requirements": [
        {
            "item": "titanium",
            "amount": 280
        },
        {
            "item": "thorium",
            "amount": 225
        },
        {
            "item": "plastanium",
            "amount": 85
        }
        {
            "item": "silicon",
            "amount": 140
        }
    ],
    "category": "effect",
    "research": "塑型投影"
}