{
	"name":"单位维修仪",
	"type": "RepairTower",
		"description":"rua---修复光环"
	"size": 2,
//	"itemCapacity": 1,
//	"liquidCapacity": 10,
	"consumes": {
		"power": 2.5,
	},
	"range": 96,
	"healAmount": 2,
	"circleColor": "73FFAE",
	"glowColor": "73FFAE7B",
	"circleSpeed": 30,//速度
	"circleStroke": 3,//粗细
	"squareRad": 4,//大小
	"squareSpinScl": 1.2,//转速
	"glowMag": 0.5,//幅度
	"glowScl": 15,//频率
	"requirements": [
"lead/50"
"铥/75"
"石英/100"
"石墨烯/75"
	],
	"category": "units",
	"research": "a0001单位维修器"
}