{
"type":"PowerTurret",
"name":"辉导",
"description":"事个修复机",
"health":160,
"size":1,
"category":"effect",
"research":{
	"parent": "a01水能发电机"//科技树前置
	"requirements": [//研究花费
	"镍/75",
	"lead/150",
	]	},
"targetHealing":true,
"range":80,
"reload":45,
"targetAir":false,
"targetGround":false,
"hasPower":true,
"shootSound":"press",
"shake":0
"consumes":{
"power":0.2,
//"coolant":{"amount":0.3,"optional":true}
}
//"coolantMultiplier":5,

"requirements":[
{"item":"镍","amount":15},
{"item":"lead","amount":30},
],
"shootType":{
"type":"ArtilleryBulletType",
"ammoMultiplier":1,
"frontColor":"98ffa9",
"backColor":"98ffa9",
"trailColor":"98ffa9",
"hitSound":"none",
"width":4
"height":4
"shrinkY":0,
"collidesTeam":true,
"collidesAir":false,
"collidesGround":false,
"collideFloor":false,
"collides":false,
"collideTerrain":false,
"absorbable":false,//受力墙影响
"hittable":false,//被分解
"reflectable":false,//被反弹
"lifetime":60,
"speed":2.5,
"damage":0,
"healAmount":16,
"healPercent":1.6,
"splashDamageRadius":8,
"splashDamage":0.1,
"hitShake":0
"hitEffect":"none"
"despawnEffect": {/*子弹消失特效*/
"type":"multiEffect",
"effects":[
{
			"type": "ParticleEffect",
//			"line": true,
			"particles": 2,
			"lifetime": 20,
			"length": 8,
			"cone": 360,
//			"lenFrom": 4,
//			"lenTo": 4,
			"sizeFrom": 1,
			"sizeTo": 0,
			//"lightColor": "FF5845",
			//"colorFrom": "FFDCD8",
		//	"colorTo": "FF5845"
		},
		{
"type":"WaveEffect",
"lifetime": 10,
"colorFrom":"98FFA9FF",//颜色从
"colorTo":"98FFA9FF",//颜色至
"lightColor":"98FFA9FF",//浅色
"sizeFrom":0,//开始时圆环直径
"sizeTo":8,//结束时圆环直径
"lightScl":3.0,//轻量级
"lightOpacity":0.5,//光不透明
"sides":0,//双方//效果不明
"rotation":0,//回转//效果不明
"strokeFrom":1,//开始时圆形宽度
"strokeTo":0,//结束时圆环宽度
//"interp":linear,//插值
//"lightInterp":reverse,//插值
"offsetX":0,//偏转x
"offsetY":0//偏转y
"startDelay":0,//开始延迟
}
		]
		}
}
}