{
	"type": "GenericCrafter",
	"name": "硅胶压制厂",
	"description": "利用压缩机压制硅胶",
	"health": 920,
	"outputItem": { "item": "硅胶", "amount": 3},
	"craftEffect": "pulverizeSmall"
	"updateEffect": "pulverizeMedium",
	"itemCapacity": 24,
	"liquidCapacity":24
	"size": 3,
    "hasItems": true,
	"hasLiquids": false,
	"solid": true,
	"outputsLiquid": true,
	"hasPower": true,
	"liquidCapacity": 60,
	"craftTime": 30,
	"drawer":{
        "type":"DrawMulti",
        "drawers":[
            "DrawDefault",
			"DrawFlame"
            ]
    },
	"consumes": {
		"power": 6,
		"items":{
		"items":[
		{ "item": "silicon", "amount": 3},
		{"item":"plastanium","amount":5}]}
		},
	"requirements": [
	{ "item": "silicon", "amount": 120 }
	{ "item": "metaglass", "amount": 120},
	{ "item": "thorium", "amount": 80}
	],
	"category": "crafting",
	"research": {
	"objectives": [
            {
				"type": "SectorComplete",
				"preset": "overgrowth"
			}
	]
	}
	"researchCostMultiplier": 0.5
	"buildCostMultiplier":0.6
	"category": "crafting",
    "research": "blast-mixer",
    "idleSound": "respawning"
}