{
	"type": "GenericCrafter",
	"name": "离子分析仪",
	"description": "压缩能量以制造高能材料",
	"health": 1550,
	"outputItem": { "item": "离子晶体", "amount": 1},
	"craftEffect": "pulverizeSmall"
	"updateEffect": "pulverizeMedium",
	"itemCapacity": 24,
	"size": 4,
    "hasItems": true,
	"hasLiquids": false,
	"solid": true,
	"outputsLiquid": true,
	"hasPower": true,
	"liquidCapacity": 60,
	"craftTime": 30,
	"drawer":{
        "type":"DrawMulti",
        "drawers":[
            "DrawDefault",
			"DrawFlame"
			{
			"type": "DrawRegion",//贴图
			"suffix": "-转",//后缀
			"spinSprite ":true,//是否旋转(机器翻译:旋转雪碧)
			"rotateSpeed":10//自转速度
		},
            ]
    },
	"consumes": {
		"power": 15,
		"items":{
		"items":[
		{ "item": "silicon", "amount": 3},
		{"item":"surge-alloy","amount":5}]}
		},
	"requirements": [
	{ "item": "titanium", "amount": 350 }
	{ "item": "graphite", "amount": 270}
	{ "item": "silicon", "amount": 40},
    { "item": "铝", "amount": 110},
	],
	"category": "crafting",
	"research": {
	"objectives": [
            {
				"type": "SectorComplete",
				"preset": "overgrowth"
			}
	]
	}
	"researchCostMultiplier": 0.5
	"buildCostMultiplier":0.6
	"category": "crafting",
    "research": "surge-smelter",
    "idleSound": "respawning"
}