{
	"type": "GenericCrafter",
	"name": "空间稳定器",
	"description": "压缩空间获得高能晶体",
	"health": 1550,
	"outputItem": { "item": "空间稳定晶体", "amount": 0.01},
	   "outputLiquid": {"liquid": "量子绀波","amount": 0.15},
	"craftEffect": "pulverizeSmall"
	"updateEffect": "pulverizeMedium",
	"itemCapacity": 90,
	"size": 6,
    "hasItems": true,
	"hasLiquids": true,
	"solid": true,
	"outputsLiquid": true,
	"hasPower": true,
	"liquidCapacity": 200,
	"craftTime": 60,
	"drawer":{
                    "type":"DrawMulti",
        "drawers":[
        	{
				"type": "DrawRegion",
				"suffix": "-不转",
				"rotateSpeed": 0
			},
        	{
				"type": "DrawRegion",
				"suffix": "-转",
				"rotateSpeed": 0.3
			},
				{
				"type": "DrawRegion",
				"suffix": "-1",
				"rotateSpeed": -0.5
			},
				{
				"type": "DrawRegion",
				"suffix": "-2",
				"rotateSpeed": 0.7
			},
			{
             "type": "DrawLiquidRegion",
			"drawLiquid": "量子绀波",
			"suffix": "-液"
		},
            ]
    },
	"consumes": {
		"power": 15,
		"items":{
		"items":[
		{ "item": "铝合金", "amount": 30},
		{ "item": "辐射布", "amount": 10}
		{"item":"离子晶体","amount":5}]
		}
		},
	"requirements": [
	{ "item": "titanium", "amount": 440 }
	{ "item": "graphite", "amount": 240}
	{ "item": "硅胶", "amount": 160},
    { "item": "铝", "amount": 450},
	],
	"category": "crafting",
	"research": {
	"objectives": [
            {
				"type": "SectorComplete",
				"preset": "overgrowth"
			}
	]
	}
	"researchCostMultiplier": 0.5
	"buildCostMultiplier":0.6
	"category": "crafting",
    "research": "surge-smelter",
    "idleSound": "respawning"
}