{
   "type": "UnitCargoLoader",
   "description": "建造一个特殊的攻击性单位",
   "name": "Engineering机甲平台",
   "size": 2,
   "health": 640,
   "itemCapacity": 0,
   "buildTime": 800,
   "unitType": "计划战争-Engineering机甲",
   "consumes": {
      "power": 5.5,
      "liquid": "oil/0.2"
   },
   "requirements": [
      "铜板/20",
      "钛板/50",
      "silicon/150"
   ],
   "category": "units",
   "research": {
      "parent": "基础单位构建工厂",
      "requirements": [
         "qwe/900"
      ]
   },
   "solid": false
}