{
   "type": "UnitAssembler",
   "size": 5,
   "itemCapacity": 40,
   "liquidCapacity": 120,
   "consumes": {
      "power": 15,
      "liquid": "oil/0.55",
      "items": {
         "items": [
            "qws/20",
            "铜齿轮/10"
         ]
      }
   },
   "areaSize": 10,
   "plans": [
      {
         "unit": "秘禾",
         "time": 540,
         "requirements": [
            "计划战争-星芒/1",
            "计划战争-视界/3",
            "thorium-wall-large/4"
         ]
      },
      {
         "unit": "驱散",
         "time": 210,
         "requirements": [
            "计划战争-驱离/1",
            "计划战争-驱逐/1"
         ]
      }
   ],
   "droneType": "组装无人机",
   "requirements": [
      "silicon/60",
      "copper/560",
      "钍板/200"
   ],
   "category": "units",
   "canOverdrive": false,
   "research": {
      "parent": "基础单位构建工厂",
      "requirements": [
         "qwe/700"
      ]
   }
}