{
   "type": "Reconstructor",
   "name": "改装室",
   "description": "将部分单位进行升级",
   "health": 500,
   "size": 3,
   "consumes": {
      "power": 4.45,
      "items": [
         "silicon/25",
         "graphite/25"
      ],
      "liquid": {
         "liquid": "water",
         "amount": 2
      }
   },
   "upgrades": [
      [
         "驱逐",
         "驱离"
      ],
      [
         "视界",
         "星芒"
      ],
      [
         "beta",
         "耀辉"
      ]
   ],
   "constructTime": 900,
   "requirements": [
      "铜板/100",
      "silicon/60",
      "lead/40"
   ],
   "category": "units",
   "research": {
      "parent": "基础单位构建工厂",
      "requirements": [
         "qwe/500"
      ]
   }
}