{
    "type": "UnitFactory",
    "health": 390,
    "size": 3,
    "consumes": {
        "power": 5.0
    },
    "plans": [
        {
            "unit": "视界",
            "time": 290,
            "requirements": [
                "copper/260",
                "lead/60",
                "铅板/10"
            ]
        },
        {
            "unit": "俯视",
            "time": 60,
            "requirements": [
                "copper/20",
                "silicon/10"
            ]
        },
        {
            "unit": "iozos",
            "time": 460,
            "requirements": [
                "copper/900",
                "silicon/300",
                "钍板/250"
            ]
        },
        {
            "unit": "耀辉",
            "time": 80,
            "requirements": [
                "铜板/30",
                "silicon/60"
            ]
        },
        {
            "unit": "相位t",
            "time": 110,
            "requirements": [
                "铜板/90",
                "silicon/60"
            ]
        }
    ],
    "requirements": [
        "lead/190",
        "铜板/100",
        "silicon/150",
        "钛板/90",
        "血肉/114"
    ],
    "category": "units"
}