{
   "type": "UnitFactory",
   "name": "阴级单位构建工厂",
   "description": "构建更强大的单位。\n\t\n\t（阴＜阳）",
   "health": 520,
   "size": 4,
   "consumes": {
      "power": 5.0
   },
   "plans": [
      {
         "unit": "霜熊",
         "time": 1600,
         "requirements": [
            "thorium/300",
            "plastanium/160",
            "silicon/390"
         ]
      },
      {
         "unit": "岁月",
         "time": 1600,
         "requirements": [
            "blast-compound/300",
            "钛板/250",
            "铜板/300"
         ]
      },
      {
         "unit": "罗撒斯",
         "time": 1600,
         "requirements": [
            "blast-compound/250",
            "塑钢板/150",
            "塑料/1300"
         ]
      }
   ],
   "requirements": [
      "silicon/200",
      "塑料/150",
      "塑钢板/120"
   ],
   "category": "units",
   "research": {
      "parent": "基础单位构建工厂",
      "requirements": [
         "qwe/500"
      ]
   }
}