{
"name":"座空"
"details":"[orange]座制裁魇 空空荡寇"
"flying":true,
"controller":"FlyingFollowAI",
"faceTarget":true,
"mass":400
"buildRange":200
"buildSpeed":1
"buildBeamOffset":22
"itemOffsetY":0
"mineSpeed":2
"mineTier":5
"mineRange":180,
"lightRadius":260
"lightColor":"99e0ff",
"lightColor":"000098",
"speed":0.74
"targetFlags":[
"core",
],
"rotateSpeed":0.43
"hitSize":198
"destructibleWreck":true
"lowAltitude":true,
"immunities":[
"blasted","burning","electrified","freezing","melting","disarmed","sapped","shocked","slow","tarred","unmoving","wet","spore-slowed","corroded","不稳定态","短路","熔断","极寒","紊乱"
],
"accel":0.05
"drag":0.08
"dpsEstimate":0
"outlineColor":"383848"
"drawMinimap":false,
"health":1184300
"armor":114
"engineOffset":0
"engineSize":0
"itemCapacity":400
"range":120,
"weapons":[
{
    "name": "舰炮"
    "rotateSpeed":0.8
    "shootCone":8
    "mirror":true
    "rotate": true
    "shootY": 4.5
    "recoils": 2
    "recoil":4
    "shake": 2
    "x": 21
    "y": -23
    "cooldownTime": 90
    "reload":180
"shootSound":"missileLarge"
"ejectEffect": "casing3"
"bullet": {
"smokeEffect":"shootSmallFlame",
"speed":2.2
"shootSound":"boom"
"shootEffect":{
"type":"ParticleEffect",
"particles":5
"baseLength":8,
"length":28
"lifetime":18
"line":true,
"interp":"pow5In",
"sizeInterp":"pow5Out",
"lenFrom":18,
"lenTo":0,
"strokeFrom":7,
"strokeTo":0,
"colorFrom":"c0ceff",
"colorTo":"c0ceff",
"cone":60
}
"spawnUnit":"青空导弹"
}
}
{
    "name": "火炮"
    "rotateSpeed":1.8
    "shootCone":14
    "mirror":true
    "rotate": true
    "shootY":2
    "recoil":5
    "shake": 2
    "x": 56.5
    "y": 11.5
    "cooldownTime": 100
    "reload":88.5
"shootSound": "激光发射"
"ejectEffect": "casing3"
"shoot":{
"shots":3
"shotDelay":8
}
"bullet":{
"type":"ShrapnelBulletType",
"damage":145.5,
"lifetime":16,
"length":128.75,
"width":12,
"pierceArmor":true,
"makeFire":true,
"serrationLenScl":8,
"serrationSpaceOffset":80,
"serrationFadeOffset":0,
"serrations":6,
"serrationWidth":6,
"statusDuration":20,
"status":"紊乱",
"fromColor":"99ecff",
"toColor":"99ecff",
"shootEffect":{
"type":"ParticleEffect",
"particles":5,
"sizeFrom":4,
"sizeTo":0,
"line":true,
"length":32,
"baseLength":0,
"lifetime":15,
"colorFrom":"99ecff",
"colorTo":"99ecff",
"cone":23
},
"smokeEffect":"bigShockwave"
"spawnBullets":[
{
"type":"BasicBulletType",
"lifetime":36,
"reflecctable":false
"speed":20.25,
"shrinkY":0.8,
"shrinkX":0.2
"width":7,
"height":10,
"backColor":"99ecff",
"frontColor":"c0ecff"
"trailLength":12
"trailWidth":2,
"trailColor":"99ecff"
"hittable":false,
"absorbable":false,
"splashDamageRadius":16,
"splashDamage":32,
"damage":18
"statusDuration":6,
"status":"崩坏",
"despawnEffect":{
"type":"MultiEffect",
"effects":[
{
"type":"ParticleEffect",
"particles":1,
"sizeFrom":10
"startDelay":0
"sizeTo":0,
"length":0,
"baseLength":0,
"lifetime":32,
"colorFrom":"99ecff90",
"colorTo":"99ecff30"
},
{
"type":"WaveEffect",
"lifetime":14,
"sizeFrom":0,
"sizeTo":32,
"strokeFrom":9,
"strokeTo":0,
"colorFrom":"99ecff99",
"colorTo":"99ecff20"
}
{
"type":"WaveEffect",
"lifetime":18
"sizeFrom":0,
"sizeTo":30
"strokeFrom":9,
"strokeTo":0,
"colorFrom":"99ecff99",
"colorTo":"99ecff20"
}
]
}
}
]
}
}
{
    "name": "机炮1"
    "rotateSpeed":1.2
    "shootCone":10
    "mirror":true
    "rotate": true
    "shootY": 4.5
    "recoils": 2
    "recoil":4
    "shake": 2
    "x": -30.25
    "y": 5.25
    "cooldownTime": 90
    "reload":120
"shootSound": "bigShoot"
"ejectEffect": "casing3"
"parts": [
{
    "type": "RegionPart"
    "suffix": "-1"
    "progress": "recoil"
    "recoilIndex": 1
    "outline":true
    "mirror": false
    "moveY": -2.5
    "top":true
"heatProgress": {
    "type": "recoil"
    "recoilIndex": 1
    "op": "blend"
    "amount": 0
    "other": 0
}
}
]
"bullet": {
    "type": "ArtilleryBulletType",
	"pierceArmor": true,
    "keepVelocity": false
    "absorbable": false
    "despawnShake": 4
    "hitShake":5
    "height": 26
    "width": 22
    "buildingDamageMultiplier": 0.9
    "splashDamageRadius": 58
    "splashDamage": 108
    "lifetime":148
    "damage":120
    "speed": 8
    "smokeEffect": "shootSmallSmoke"
    "hitEffect": "hitBulletColor"
    "shootEffect": "shootBig"
    "hitSound": "shootgun"
    "trailLength": 7.5
    "trailWidth": 1.6
    "frontColor": "99ecff"
    "backColor": "99e0ff"
"despawnEffect": {
    "type": "WaveEffect"
    "rotWithParent": true
    "followParent": true
    "lifetime": 9
    "sizeFrom": 0
    "sizeTo": 12
    "colorFrom": "99ecff"
    "colorTo": "99e0ff99"
    }
	"hitEffect": {
					"type": "WrapEffect",
					"effect": "dynamicSpikes",
					"color": "99ecff",
					"rotation": 22
					"pierce": true
		            "pierceBuilding": true,
				},
"fragBullets": 7,
			"fragLifeMin": 0.5
		    "fragLifeMax": 1.8
			"fragBullet": {
				"pierceArmor": true,
				"hitEffect": "blastExplosion",
				"status": "blasted",
				"statusDuration": 60,
				"width": 10,
				"height": 12,
				"backColor": "99ecff",
				"frontColor": "99e0ff",
				"damage": 65,
				"scaledSplashDamage": true,
				"splashDamageRadius": 40,
				"splashDamage": 35,
				"makeFire": true,
				"lifetime":48,
				"speed": 4
				}
}
}
{
    "name": "机炮1"
    "rotateSpeed":2.5
    "shootCone":14
    "mirror":true
    "rotate": true
    "shootY": 4.5
    "recoils": 2
    "recoil":3
    "shake": 2
    "x": -129.5
    "y": -8.25
    "cooldownTime": 90
    "reload":8
"shootSound": "机枪开火1"
"ejectEffect": "casing3"
"shoot": { 
"type": "ShootMulti"
"source": {
    "type": "ShootAlternate"
    "spread": 7.5
    "barrels": 2
    "shots": 1
}
"dest": [ 
{
    "type": "ShootSpread"
    "spread": 7.5
    "shots": 1
    }
]
}
"parts": [
{
    "type": "RegionPart"
    "suffix": "-右"
    "progress": "recoil"
    "recoilIndex": 1
    "outline":true
    "mirror": false
    "moveY": -2.5
    "top":true
"heatProgress": {
    "type": "recoil"
    "recoilIndex": 1
    "op": "blend"
    "amount": 0
    "other": 0
}
}
{
    "type": "RegionPart"
    "suffix": "-左"
    "progress": "recoil"
    "recoilIndex": 0
    "outline":true
    "mirror": false
    "moveY": -2.5
    "top":true
"heatProgress": {
    "type": "recoil"
    "recoilIndex": 1
    "op": "blend"
    "amount": 0
    "other": 0
    }
}
    ]
"bullet": {
    "type": "BasicBulletType"
    "keepVelocity": false
    "absorbable": false
    "despawnShake": 2
    "hitShake": 2
    "height": 14
    "width": 8
    "buildingDamageMultiplier": 1.2
    "splashDamageRadius": 12
    "splashDamage": 42
    "pierceCap":5
    "lifetime": 48
    "damage":58
    "speed": 18
    "smokeEffect": "shootSmallSmoke"
    "hitEffect": "hitBulletColor"
    "shootEffect": "shootBig"
    "hitSound": "boom"
    "lightColor": "99ecff"
    "lightOpacity": 0.7
    "lightRadius": 37.5
    "trailColor": "99e0ff99"
    "trailLength": 7.5
    "trailWidth": 1.6
    "frontColor": "99ecff"
    "backColor": "99e0ff99"
"despawnEffect": {
    "type": "WaveEffect"
    "rotWithParent": true
    "followParent": true
    "lifetime": 9
    "sizeFrom": 0
    "sizeTo": 12
    "colorFrom": "99ecff"
    "colorTo": "99e0ff99"
    }
}
}
{
"name":"座空3"
"y":-22.5
"x":175
"top":true
"maxRange":1800
"recoil":3
"rotate":true
"rotateSpeed":3
"reload":320
"shoot":{
"shots":3
"shotDelay":8
"type":"ShootAlternate",
"barrels":3
"spread":8
}
"bullet":{
"smokeEffect":"shootSmallFlame",
"speed":2.2
"shootSound":"boom"
"shootEffect":{
"type":"ParticleEffect",
"particles":5
"baseLength":8,
"length":22
"lifetime":30
"line":true,
"interp":"pow5In",
"sizeInterp":"pow5Out",
"lenFrom":12,
"lenTo":0,
"strokeFrom":1,
"strokeTo":0,
"colorFrom":"c0ceff",
"colorTo":"c0ceff",
"cone":60
}
"spawnUnit":"青空导弹"
}
}
{
			"name": "座空4",
			"reload": 80,
			"x": 195.5,
			"y": -4,
			"shootY": 6,
			"shoot": {
				"shots": 7,
				"shotDelay": 1
			},
			"rotate": true,
			"inaccuracy": 18,
			"alternate": true,
			"shootSound": "missile",
			"ejectEffect": "casing1",
			"bullet": {
				"type": "MissileBulletType",
				"damage": 80,
				"splashDamageRadius": 50,
				"splashDamage": 54,
				"homingDelay": 20,
				"status": "blasted",
				"hitEffect": "flakExplosionBig",
				"despawnEffect": "flakExplosionBig",
				"smokeEffect": "none",
				"makeFire":true,
				"speed": 20,
				"lifetime": 42,
				"width": 18,
				"height": 24
			}
		},
{
			"name": "座空4",
			"reload": 80,
			"x": 167,
			"y": -18.5,
			"shootY": 6,
			"shoot": {
				"shots": 7,
				"shotDelay": 1
			},
			"rotate": true,
			"inaccuracy": 18,
			"alternate": true,
			"shootSound": "missile",
			"ejectEffect": "casing1",
			"bullet": {
				"type": "MissileBulletType",
				"damage": 80,
				"splashDamageRadius": 50,
				"splashDamage": 54,
				"homingDelay": 20,
				"status": "blasted",
				"hitEffect": "flakExplosionBig",
				"despawnEffect": "flakExplosionBig",
				"smokeEffect": "none",
				"makeFire":true,
				"speed": 20,
				"lifetime": 42,
				"width": 18,
				"height": 24
			}
		},
{
"name":"座空3"
"y":10
"x":125
"top":true
"maxRange":1800
"recoil":4
"rotate":true
"rotateSpeed":3
"reload":480
"shoot":{
"shots":3
"shotDelay":10
"type":"ShootAlternate",
"barrels":3
"spread":8
}
"bullet":{
"smokeEffect":"shootSmallFlame",
"speed":2.2
"shootSound":"boom"
"shootEffect":{
"type":"ParticleEffect",
"particles":5
"baseLength":8,
"length":22
"lifetime":30
"line":true,
"interp":"pow5In",
"sizeInterp":"pow5Out",
"lenFrom":12,
"lenTo":0,
"strokeFrom":1,
"strokeTo":0,
"colorFrom":"c0ceff",
"colorTo":"c0ceff",
"cone":60
}
"spawnUnit":"青空导弹2"
}
}
{
    "name": "机炮"
    "rotateSpeed":3.1
    "shootCone":8
    "mirror":true
    "rotate": true
    "shootY": 4.5
    "under":true
    "layer":80
    "recoils": 2
    "recoil":3
    "shake": 2
    "x": 56
    "y": 41.5
    "cooldownTime": 90
    "reload":4
"shootSound": "laser"
"ejectEffect": "casing3"
"shoot": { 
"type": "ShootMulti"
"source": {
    "type": "ShootAlternate"
    "spread": 7.5
    "barrels": 2
    "shots": 1
}
"dest": [ 
{
    "type": "ShootSpread"
    "spread": 5
    "shots": 2
    }
]
}
"parts": [
{
    "type": "RegionPart"
    "suffix": "-右"
    "progress": "recoil"
    "recoilIndex": 1
    "outline":true
    "mirror": false
    "under":true
    "layer":79
    "moveY": -2.5
"heatProgress": {
    "type": "recoil"
    "recoilIndex": 1
    "op": "blend"
    "amount": 0
    "other": 0
}
}
{
    "type": "RegionPart"
    "suffix": "-2"
    "progress": "recoil"
    "recoilIndex": 1
    "outline":true
    "mirror": false
    "under":true
    "layer":79
    "moveY": -1
"heatProgress": {
    "type": "recoil"
    "recoilIndex": 1
    "op": "blend"
    "amount": 0
    "other": 0
}
}
{
    "type": "RegionPart"
    "suffix": "-左"
    "progress": "recoil"
    "recoilIndex": 0
    "outline":true
    "mirror": false
    "under":true
    "layer":79
    "moveY": -2.5
"heatProgress": {
    "type": "recoil"
    "recoilIndex": 1
    "op": "blend"
    "amount": 0
    "other": 0
    }
}
    ]
"bullet": {
    "type": "BasicBulletType"
    "keepVelocity": false
    "absorbable": false
    "despawnShake": 2
    "hitShake": 2
    "height": 14
    "width": 8
    "buildingDamageMultiplier": 1.2
    "splashDamageRadius": 12
    "splashDamage": 42
    "pierceCap":5
    "lifetime": 48
    "damage":58
    "speed": 18
    "smokeEffect": "shootSmallSmoke"
    "hitEffect": "hitBulletColor"
    "shootEffect": "shootBig"
    "hitSound": "boom"
    "lightColor": "99ecff"
    "light":3
    "lightDamage": 35
    "trailColor": "99e0ff"
    "trailLength": 0
    "trailWidth": 0
    "frontColor": "99ecff"
    "backColor": "99e0ff99"
"despawnEffect": {
    "type": "WaveEffect"
    "rotWithParent": true
    "followParent": true
    "lifetime": 9
    "sizeFrom": 0
    "sizeTo": 12
    "colorFrom": "99ecff"
    "colorTo": "99e0ff99"
    }
}
}
{
    "name": "机炮1"
    "rotateSpeed":2.2
    "shootCone":14
    "mirror":true
    "rotate": true
    "shootY": 4.5
    "recoils": 2
    "recoil":3
    "shake": 2
    "x": 66
    "y": -17.25
    "cooldownTime":52
    "reload":7.25
"shootSound": "机枪开火1"
"ejectEffect": "casing3"
"shoot": { 
"type": "ShootMulti"
"source": {
    "type": "ShootAlternate"
    "spread": 7.5
    "barrels": 2
    "shots": 1
}
"dest": [ 
{
    "type": "ShootSpread"
    "spread": 7.5
    "shots": 1
    }
]
}
"parts": [
{
    "type": "RegionPart"
    "suffix": "-右"
    "progress": "recoil"
    "recoilIndex": 1
    "outline":true
    "mirror": false
    "moveY": -2.5
    "top":true
"heatProgress": {
    "type": "recoil"
    "recoilIndex": 1
    "op": "blend"
    "amount": 0
    "other": 0
}
}
{
    "type": "RegionPart"
    "suffix": "-左"
    "progress": "recoil"
    "recoilIndex": 0
    "outline":true
    "mirror": false
    "moveY": -2.5
    "top":true
"heatProgress": {
    "type": "recoil"
    "recoilIndex": 1
    "op": "blend"
    "amount": 0
    "other": 0
    }
}
    ]
"bullet": {
    "type": "BasicBulletType"
    "keepVelocity": false
    "absorbable": false
    "despawnShake": 2
    "hitShake": 2
    "height": 14
    "width": 8
    "buildingDamageMultiplier": 1.2
    "splashDamageRadius": 12
    "splashDamage": 50
    "pierceCap":5
    "lifetime": 50
    "damage":48
    "speed": 15.2
    "smokeEffect": "shootSmallSmoke"
    "hitEffect": "hitBulletColor"
    "shootEffect": "shootBig"
    "hitSound": "boom"
    "lightColor": "99ecff"
    "lightOpacity": 0.7
    "lightRadius": 37.5
    "trailColor": "99e0ff99"
    "trailLength": 7.5
    "trailWidth": 1.6
    "frontColor": "99ecff"
    "backColor": "99e0ff99"
"despawnEffect": {
    "type": "WaveEffect"
    "rotWithParent": true
    "followParent": true
    "lifetime": 9
    "sizeFrom": 0
    "sizeTo": 12
    "colorFrom": "99ecff"
    "colorTo": "99e0ff99"
    }
}
}
{
    "name": "机炮"
    "rotateSpeed":3.1
    "shootCone":8
    "mirror":true
    "rotate": true
    "shootY": 4.5
    "under":true
    "layer":80
    "recoils": 2
    "recoil":3
    "shake": 2
    "x": 194.5
    "y": 11
    "cooldownTime": 90
    "reload":5
"shootSound": "laser"
"ejectEffect": "casing3"
"shoot": { 
"type": "ShootMulti"
"source": {
    "type": "ShootAlternate"
    "spread": 7.5
    "barrels": 2
    "shots": 1
}
"dest": [ 
{
    "type": "ShootSpread"
    "spread": 7.5
    "shots": 1
    }
]
}
"parts": [
{
    "type": "RegionPart"
    "suffix": "-右"
    "progress": "recoil"
    "recoilIndex": 1
    "outline":true
    "mirror": false
    "under":true
    "layer":79
    "moveY": -2.5
"heatProgress": {
    "type": "recoil"
    "recoilIndex": 1
    "op": "blend"
    "amount": 0
    "other": 0
}
}
{
    "type": "RegionPart"
    "suffix": "-2"
    "progress": "recoil"
    "recoilIndex": 1
    "outline":true
    "mirror": false
    "under":true
    "layer":80
    "moveY": -1
"heatProgress": {
    "type": "recoil"
    "recoilIndex":0
    "op": "blend"
    "amount": 0
    "other": 0
}
}
{
    "type": "RegionPart"
    "suffix": "-左"
    "progress": "recoil"
    "recoilIndex": 0
    "outline":true
    "mirror": false
    "under":true
    "layer":79
    "moveY": -2.5
"heatProgress": {
    "type": "recoil"
    "recoilIndex": 1
    "op": "blend"
    "amount": 0
    "other": 0
    }
}
    ]
"bullet": {
    "type": "BasicBulletType"
    "keepVelocity": false
    "absorbable": false
    "despawnShake": 2
    "hitShake": 2
    "height": 14
    "width": 8
    "buildingDamageMultiplier": 1.2
    "splashDamageRadius": 12
    "splashDamage": 42
    "pierceCap":5
    "lifetime": 48
    "damage":82
    "speed": 9
    "smokeEffect": "shootSmallSmoke"
    "hitEffect": "hitBulletColor"
    "shootEffect": "shootBig"
    "hitSound": "boom"
    "lightColor": "99ecff"
    "light":3
    "lightDamage": 35
    "trailColor": "99e0ff"
    "trailLength": 0
    "trailWidth": 0
    "frontColor": "99ecff"
    "backColor": "99e0ff99"
"despawnEffect": {
    "type": "WaveEffect"
    "rotWithParent": true
    "followParent": true
    "lifetime": 9
    "sizeFrom": 0
    "sizeTo": 12
    "colorFrom": "99ecff"
    "colorTo": "99e0ff99"
    }
}
}
{
    "name": "机炮"
    "rotateSpeed":3.1
    "shootCone":8
    "mirror":true
    "rotate": true
    "shootY": 4.5
    "under":true
    "layer":80
    "recoils": 2
    "recoil":3
    "shake": 2
    "x": 136.5
    "y": 21.5
    "cooldownTime": 90
    "reload":5
"shootSound": "laser"
"ejectEffect": "casing3"
"shoot": { 
"type": "ShootMulti"
"source": {
    "type": "ShootAlternate"
    "spread": 7.5
    "barrels": 2
    "shots": 1
}
"dest": [ 
{
    "type": "ShootSpread"
    "spread": 7.5
    "shots": 1
    }
]
}
"parts": [
{
    "type": "RegionPart"
    "suffix": "-右"
    "progress": "recoil"
    "recoilIndex": 1
    "outline":true
    "mirror": false
    "under":true
    "layer":79
    "moveY": -2.5
"heatProgress": {
    "type": "recoil"
    "recoilIndex": 1
    "op": "blend"
    "amount": 0
    "other": 0
}
}
{
    "type": "RegionPart"
    "suffix": "-2"
    "progress": "recoil"
    "recoilIndex": 1
    "outline":true
    "mirror": false
    "under":true
    "layer":80
    "moveY": -1
"heatProgress": {
    "type": "recoil"
    "recoilIndex":0
    "op": "blend"
    "amount": 0
    "other": 0
}
}
{
    "type": "RegionPart"
    "suffix": "-左"
    "progress": "recoil"
    "recoilIndex": 0
    "outline":true
    "mirror": false
    "under":true
    "layer":79
    "moveY": -2.5
"heatProgress": {
    "type": "recoil"
    "recoilIndex": 1
    "op": "blend"
    "amount": 0
    "other": 0
    }
}
    ]
"bullet": {
    "type": "BasicBulletType"
    "keepVelocity": false
    "absorbable": false
    "despawnShake": 2
    "hitShake": 2
    "height": 14
    "width": 8
    "buildingDamageMultiplier": 1.2
    "splashDamageRadius": 12
    "splashDamage": 42
    "pierceCap":5
    "lifetime": 48
    "damage":82
    "speed": 9
    "smokeEffect": "shootSmallSmoke"
    "hitEffect": "hitBulletColor"
    "shootEffect": "shootBig"
    "hitSound": "boom"
    "lightColor": "99ecff"
    "light":3
    "lightDamage": 35
    "trailColor": "99e0ff"
    "trailLength": 0
    "trailWidth": 0
    "frontColor": "99ecff"
    "backColor": "99e0ff99"
"despawnEffect": {
    "type": "WaveEffect"
    "rotWithParent": true
    "followParent": true
    "lifetime": 9
    "sizeFrom": 0
    "sizeTo": 12
    "colorFrom": "99ecff"
    "colorTo": "99e0ff99"
    }
}
}
{
    "name": "机炮1"
    "rotateSpeed":1.8
    "shootCone":14
    "mirror":true
    "rotate": true
    "shootY": 4.5
    "recoils": 2
    "recoil":4
    "shake": 2
    "x": -30.25
    "y": -12.5
    "controllable": false,
    "cooldownTime": 90
    "reload":8.55
"shootSound": "机枪开火1"
"ejectEffect": "casing3"
"shoot": { 
"type": "ShootMulti"
"source": {
    "type": "ShootAlternate"
    "spread": 7.5
    "barrels": 2
    "shots": 1
}
"dest": [ 
{
    "type": "ShootSpread"
    "spread": 7.5
    "shots": 1
    }
]
}
"parts": [
{
    "type": "RegionPart"
    "suffix": "-右"
    "progress": "recoil"
    "recoilIndex": 1
    "outline":true
    "mirror": false
    "moveY": -2.5
    "top":true
"heatProgress": {
    "type": "recoil"
    "recoilIndex": 1
    "op": "blend"
    "amount": 0
    "other": 0
}
}
{
    "type": "RegionPart"
    "suffix": "-左"
    "progress": "recoil"
    "recoilIndex": 0
    "outline":true
    "mirror": false
    "moveY": -2.5
    "top":true
"heatProgress": {
    "type": "recoil"
    "recoilIndex": 1
    "op": "blend"
    "amount": 0
    "other": 0
    }
}
    ]
"bullet": {
    "type": "BasicBulletType"
    "keepVelocity": false
    "absorbable": false
    "despawnShake": 2
    "hitShake": 2
    "height": 14
    "width": 8
    "buildingDamageMultiplier": 1.2
    "splashDamageRadius": 20
    "splashDamage": 42
    "pierceCap":5
    "lifetime": 48
    "damage":58
    "speed": 14
    "smokeEffect": "shootSmallSmoke"
    "hitEffect": "hitBulletColor"
    "shootEffect": "shootBig"
    "hitSound": "boom"
    "lightColor": "99ecff"
    "lightOpacity": 0.7
    "lightRadius": 37.5
    "trailColor": "99e0ff99"
    "trailLength": 7.5
    "trailWidth": 1.6
    "frontColor": "99ecff"
    "backColor": "99e0ff99"
"despawnEffect": {
    "type": "WaveEffect"
    "rotWithParent": true
    "followParent": true
    "lifetime": 9
    "sizeFrom": 0
    "sizeTo": 12
    "colorFrom": "99ecff"
    "colorTo": "99e0ff99"
    }
}
}
{
        "name": "座空1",
        "y":-8.5,"x":95,
        "mirror":true
        "alternate": false,
        "top":true,
        "rotate": true,
        "rotateSpeed":-0.6,
        "rotationLimit":42.25,
        "shootY":33.5,
        "display": false,
        "baseRotation": -180,
        "shootSound": "none",
        "alwaysShooting": true,
        "alwaysContinuous": true,
        "continuous": true,
        "parentizeEffects": true,
        "bullet": {
            "type": "ContinuousFlameBulletType",
                "colors": [
                "99ecff50",
                "99ecff83",
                "99ecff78",
                "99ecffFF"
        ],
            "damage":20,
            "layer": 110,
            "intervalBullets": 2,
            "intervalRandomSpread": 1,
            "bulletInterval": 2.7,
    "intervalBullet": {
        "type": "BulletType",
        "despawnHit": false,
        "despawnEffect": "none",
        "shootEffect": "none",
    "hitEffect": {
        "type":"multiEffect",
        "followParent": false,
        "rotWithParent": false,
    "effects":[
    {
        "type": "ParticleEffect",
        "followParent": true,
        "rotWithParent": true,
        "line": true,
        "layer": 108,
        "particles": 1,
        "lifetime": 31,
        "interp": "circleOut",
        "length": 35,
        "baseLength": 8,
        "cone": 20,
        "strokeFrom": 2,
        "lenFrom": 10,
        "lenTo": 0,
        "colorFrom": "99e0ff",
        "colorTo": "99e0ff"
                }
            ]
        },
        "lifetime": 0,
        "instantDisappear": true
    },
            "drawFlare": false,
            "collides": false,
            "width":12
            "divisions": 18,
            "length":36
        }
    },
{
        "name": "座空2",
        "y":-18,"x":147,
        "mirror":true
        "alternate": false,
        "top":true,
        "rotate": true,
        "rotateSpeed":-0.675,
        "rotationLimit":40,
        "shootY":16.25,
        "display": false,
        "baseRotation": -180,
        "shootSound": "none",
        "alwaysShooting": true,
        "alwaysContinuous": true,
        "continuous": true,
        "parentizeEffects": true,
        "bullet": {
            "type": "ContinuousFlameBulletType",
                "colors": [
                "99ecff50",
                "99ecff83",
                "99ecff78",
                "99ecffFF"
        ],
            "damage":14,
            "layer": 110,
            "intervalBullets": 2,
            "intervalRandomSpread": 1,
            "bulletInterval": 2.7,
    "intervalBullet": {
        "type": "BulletType",
        "despawnHit": false,
        "despawnEffect": "none",
        "shootEffect": "none",
    "hitEffect": {
        "type":"multiEffect",
        "followParent": false,
        "rotWithParent": false,
    "effects":[
    {
        "type": "ParticleEffect",
        "followParent": true,
        "rotWithParent": true,
        "line": true,
        "layer": 108,
        "particles": 1,
        "lifetime": 31,
        "interp": "circleOut",
        "length": 35,
        "baseLength": 8,
        "cone": 20,
        "strokeFrom": 2,
        "lenFrom": 10,
        "lenTo": 0,
        "colorFrom": "99e0ff",
        "colorTo": "99e0ff"
                }
            ]
        },
        "lifetime": 0,
        "instantDisappear": true
    },
            "drawFlare": false,
            "collides": false,
            "width":8
            "divisions": 18,
            "length":40
        }
    },
    {
        "name": "发动机",
        "y": -47,"x":0,
        "mirror":false
        "alternate": false,
        "top":false,
        "rotate": false,
        "shootY":2,
        "display": false,
        "baseRotation": -180,
        "shootSound": "none",
        "alwaysShooting": true,
        "alwaysContinuous": true,
        "continuous": true,
        "parentizeEffects": true,
        "bullet": {
            "type": "ContinuousFlameBulletType",
                "colors": [
                "99ecff50",
                "99ecff83",
                "99ecff78",
                "99ecffFF"
        ],
            "damage":28,
            "layer": 110,
            "intervalBullets": 2,
            "intervalRandomSpread": 1,
            "bulletInterval": 2.7,
    "intervalBullet": {
        "type": "BulletType",
        "despawnHit": false,
        "despawnEffect": "none",
        "shootEffect": "none",
    "hitEffect": {
        "type":"multiEffect",
        "followParent": false,
        "rotWithParent": false,
    "effects":[
    {
        "type": "ParticleEffect",
        "followParent": true,
        "rotWithParent": true,
        "line": true,
        "layer": 108,
        "particles": 1,
        "lifetime": 31,
        "interp": "circleOut",
        "length": 35,
        "baseLength": 8,
        "cone": 20,
        "strokeFrom": 2,
        "lenFrom": 10,
        "lenTo": 0,
        "colorFrom": "99e0ff",
        "colorTo": "99e0ff"
                }
            ]
        },
        "lifetime": 0,
        "instantDisappear": true
    },
            "drawFlare": false,
            "collides": false,
            "width":18.75
            "divisions": 18,
            "length":48
        }
    },
    {
        "name": "发动机",
        "y": -46,"x":-28.5,
        "mirror":true
        "alternate": false,
        "top": true,
        "rotate": false,
        "shootY":1,
        "display": false,
        "baseRotation": -180,
        "shootSound": "none",
        "alwaysShooting": true,
        "alwaysContinuous": true,
        "continuous": true,
        "parentizeEffects": true,
        "bullet": {
            "type": "ContinuousFlameBulletType",
                "colors": [
                "99ecff50",
                "99ecff83",
                "99ecff78",
                "99ecffFF"
        ],
            "damage":18,
            "layer": 110,
            "intervalBullets": 2,
            "intervalRandomSpread": 1,
            "bulletInterval": 2.7,
    "intervalBullet": {
        "type": "BulletType",
        "despawnHit": false,
        "despawnEffect": "none",
        "shootEffect": "none",
    "hitEffect": {
        "type":"multiEffect",
        "followParent": false,
        "rotWithParent": false,
    "effects":[
    {
        "type": "ParticleEffect",
        "followParent": true,
        "rotWithParent": true,
        "line": true,
        "layer": 108,
        "particles": 1,
        "lifetime": 31,
        "interp": "circleOut",
        "length": 35,
        "baseLength": 8,
        "cone": 20,
        "strokeFrom": 2,
        "lenFrom": 10,
        "lenTo": 0,
        "colorFrom": "99e0ff",
        "colorTo": "99e0ff"
                }
            ]
        },
        "lifetime": 0,
        "instantDisappear": true
    },
            "drawFlare": false,
            "collides": false,
            "width":4
            "divisions": 18,
            "length":16
        }
    },
    {
        "name": "发动机",
        "y": -31.25,"x":181.5,
        "mirror":true,
        "alternate": false,
        "top": true,
        "rotate": false,
        "shootY":2,
        "display": false,
        "baseRotation": -180,
        "shootSound": "none",
        "alwaysShooting": true,
        "alwaysContinuous": true,
        "continuous": true,
        "parentizeEffects": true,
        "bullet": {
            "type": "ContinuousFlameBulletType",
                "colors": [
                "99ecff50",
                "99ecff83",
                "99ecff78",
                "99ecffFF"
        ],
            "damage":28,
            "layer": 110,
            "intervalBullets": 2,
            "intervalRandomSpread": 1,
            "bulletInterval": 2.7,
    "intervalBullet": {
        "type": "BulletType",
        "despawnHit": false,
        "despawnEffect": "none",
        "shootEffect": "none",
    "hitEffect": {
        "type":"multiEffect",
        "followParent": false,
        "rotWithParent": false,
    "effects":[
    {
        "type": "ParticleEffect",
        "followParent": true,
        "rotWithParent": true,
        "line": true,
        "layer": 108,
        "particles": 1,
        "lifetime": 31,
        "interp": "circleOut",
        "length": 35,
        "baseLength": 8,
        "cone": 20,
        "strokeFrom": 2,
        "lenFrom": 10,
        "lenTo": 0,
        "colorFrom": "99e0ff",
        "colorTo": "99e0ff"
                }
            ]
        },
        "lifetime": 0,
        "instantDisappear": true
    },
            "drawFlare": false,
            "collides": false,
            "width":6
            "divisions": 18,
            "length":12
        }
    },
    {
        "name": "发动机",
        "y": -52.5,"x":51,
        "mirror":true,
        "alternate": false,
        "top": true,
        "rotate": false,
        "shootY":2,
        "display": false,
        "baseRotation": -180,
        "shootSound": "none",
        "alwaysShooting": true,
        "alwaysContinuous": true,
        "continuous": true,
        "parentizeEffects": true,
        "bullet": {
            "type": "ContinuousFlameBulletType",
                "colors": [
                "99ecff50",
                "99ecff83",
                "99ecff78",
                "99ecffFF"
        ],
            "damage":28,
            "layer": 110,
            "intervalBullets": 2,
            "intervalRandomSpread": 1,
            "bulletInterval": 2.7,
    "intervalBullet": {
        "type": "BulletType",
        "despawnHit": false,
        "despawnEffect": "none",
        "shootEffect": "none",
    "hitEffect": {
        "type":"multiEffect",
        "followParent": false,
        "rotWithParent": false,
    "effects":[
    {
        "type": "ParticleEffect",
        "followParent": true,
        "rotWithParent": true,
        "line": true,
        "layer": 108,
        "particles": 1,
        "lifetime": 31,
        "interp": "circleOut",
        "length": 35,
        "baseLength": 8,
        "cone": 20,
        "strokeFrom": 2,
        "lenFrom": 10,
        "lenTo": 0,
        "colorFrom": "99e0ff",
        "colorTo": "99e0ff"
                }
            ]
        },
        "lifetime": 0,
        "instantDisappear": true
    },
            "drawFlare": false,
            "collides": false,
            "width":10
            "divisions": 18,
            "length":19
        }
    },
]
}