{
"name":"徊空"
"details":"[orange]徘徊空明郁郁清丛"
"flying":true,
"controller":"FlyingFollowAI",
"faceTarget":true,
"mass":120
"buildRange":200
"buildSpeed":5
"buildBeamOffset":22
"itemOffsetY":0
"mineSpeed":2
"mineTier":100
"mineRange":180,
"lightRadius":260
"lightColor":"99e0ff",
"lightColor":"000098",
"speed":2.8
"targetFlags":[
"core",
],
"rotateSpeed":2
"hitSize":108
"destructibleWreck":true
"lowAltitude":true,
"immunities":[
"blasted","burning","electrified","freezing","melting","disarmed","sapped","shocked","slow","tarred","unmoving","wet","spore-slowed","corroded","不稳定态","短路","熔断","极寒","紊乱"
],
"accel":0.05
"drag":0.012
"dpsEstimate":0
"outlineColor":"383848"
"drawMinimap":false,
"health":226900
"armor":68
"engineOffset":21
"engineSize":12.8
"itemCapacity":280
"range":120,
"engines":[
/*{
"x":0
"y":-22
"radius":12.5
"rotation":0
}*/
{
"x":28
"y":-17
"radius":9
"rotation":60
}
{
"x":-28
"y":-17
"radius":9
"rotation":-60
}
]
"abilities":[
{
"type":"RegenAbility",
"percentAmount":0.0082
}
{
"type":"StatusFieldAbility",
"duration":300,
"reload":40
"range":70
"applyEffect":"none",
"activeEffect":{
"type":"WaveEffect",
"lifetime":20
"sizeFrom":0
"sizeTo":184
"strokeFrom":3
"strokeTo":0,
"colorFrom":"99ecff91",
"colorTo":"FFFFFF90"
},
"effect":"overclock",
}
{
"type":"StatusFieldAbility",
"duration":300,
"reload":40
"range":60
"applyEffect":"none",
"activeEffect":{
"type":"WaveEffect",
"lifetime":20
"sizeFrom":0
"sizeTo":120
"strokeFrom":2
"strokeTo":0,
"colorFrom":"99ecff",
"colorTo":"FFFFFF90"
},
"effect":"全面强化",
}
]
"weapons":[
{
"name":"徊空1",
"minShootVelocity":0.1,
"x":0,
"y":0,
"shoot":{
"shots":18,
"shotDelay":6,
"type":"ShootBarrel",
"barrels":[
28,21.5,0,
43.5,26,0,
-28,21.5,0,
-24,26,0
]},
"reload":400,
"ignoreRotation":true,
"rotate":false,
"shootStatusDuration":90,
"shootStatus":"shielded",
"shootCone":180,
"shootSound":"plasmadrop",
"xRand":5,
"bullet":{
"type":"EmpBulletType",
"layer":100,
"collides":false,
"collidesAir":false,
//"absorbable":false,
"pierce":true,
"pierceBuilding":true,
"sprite":"missile-large",
"hitSound":"plasmaboom",
"width":24,
"height":32,
"hitShake":18,
"frontColor":"eb564b",
"backColor":"e63e32",
"trailLength":24,
"trailWidth":5,
"trailColor":"e63e32",
"speed":0.5,
"drag":0.02,
"lifetime":82,
"shrinkY":0.8,
"shrinkX":0.8,
"timeIncrease":1,
"powerDamageScl":2,
"powerSclDecrease":0.8,
"suppressionRange":120,
"suppressionDuration":1500,
"radius":68,
"status":"紊乱",
"statusDuration":600,
"unitDamageScl":0.5,
"damage":200,
"splashDamageRadius":74,
"splashDamage":200,
"lightningDamage":528.75,
"lightning":5,
"lightningLength":5,
"lightningLengthRand":12,
"lightningColor":"e63e32",
"chainEffect":"chainLightning",
"hitPowerEffect":{
"type":"ParticleEffect",
"particles":7,
"baseLength":0,
"length":35,
"lifetime":10,
"line":true,
"lenFrom":16,
"lenTo":0,
"strokeFrom":1,
"strokeTo":0,
"colorFrom":"eb564b",
"colorTo":"eb564b"
},
"applyEffect":"none",
"shootEffect":"none",
"smokeEffect":"none",
"despawnEffect":"none",
"hitEffect":{
"type":"MultiEffect",
"effects":[
{
"type":"ParticleEffect",
"particles":37,
"line":true,
"lenFrom":32,
"lenTo":0,
"strokeFrom":2,
"strokeTo":0,
"interp":"pow5Out",
"sizeInterp":"pow3In",
"length":90,
"baseLength":8,
"lifetime":20,
"colorFrom":"eb564b",
"colorTo":"eb564b"
},
{
"type":"ParticleEffect",
"particles":1,
"sizeFrom":12,
"sizeTo":0,
"length":0,
"baseLength":0,
"lifetime":60,
"colorFrom":"eb564b",
"colorTo":"eb564b"
},
{
"type":"ParticleEffect",
"particles":1,
"sizeFrom":80,
"sizeTo":80,
"length":0,
"baseLength":0,
"lifetime":15,
"colorFrom":"eb564b50",
"colorTo":"eb564b00"
},
{
"type":"WrapEffect",
"effect":"dynamicSpikes",
"color":"eb564b",
"rotation":80
},
{
"type":"WaveEffect",
"interp":"circleOut",
"lifetime":35,
"sizeFrom":0,
"sizeTo":90,
"strokeFrom":10,
"strokeTo":0,
"colorFrom":"FFFFFF",
"colorTo":"eb564b"
}
]
}
}
},
{
"name":"徊空1",
"minShootVelocity":0.1,
"x":0,
"y":0,
"shoot":{
"shots":18,
"shotDelay":6,
"type":"ShootBarrel",
"barrels":[
28,21.5,0,
43.5,26,0,
-28,21.5,0,
-24,26,0
]},
"reload":400,
"ignoreRotation":true,
"rotate":false,
"shootStatusDuration":90,
"shootStatus":"shielded",
"shootCone":180,
"shootSound":"plasmadrop",
"xRand":5,
"bullet":{
"type":"EmpBulletType",
"layer":100,
"collides":false,
"collidesAir":false,
//"absorbable":false,
"pierce":true,
"pierceBuilding":true,
"sprite":"missile-large",
"hitSound":"plasmaboom",
"width":24,
"height":32,
"hitShake":18,
"frontColor":"c0ecff",
"backColor":"99ecff",
"trailLength":24,
"trailWidth":5,
"trailColor":"99ecff",
"speed":0.5,
"drag":0.02,
"lifetime":82,
"shrinkY":0.8,
"shrinkX":0.8,
"timeIncrease":1,
"powerDamageScl":2,
"powerSclDecrease":0.8,
"suppressionRange":120,
"suppressionDuration":1500,
"radius":68,
"status":"紊乱",
"statusDuration":600,
"unitDamageScl":0.5,
"damage":200,
"splashDamageRadius":74,
"splashDamage":200,
"lightningDamage":528.75,
"lightning":5,
"lightningLength":5,
"lightningLengthRand":12,
"lightningColor":"99ecff",
"chainEffect":"chainLightning",
"hitPowerEffect":{
"type":"ParticleEffect",
"particles":7,
"baseLength":0,
"length":35,
"lifetime":10,
"line":true,
"lenFrom":16,
"lenTo":0,
"strokeFrom":1,
"strokeTo":0,
"colorFrom":"c0ecff",
"colorTo":"c0ecff"
},
"applyEffect":"none",
"shootEffect":"none",
"smokeEffect":"none",
"despawnEffect":"none",
"hitEffect":{
"type":"MultiEffect",
"effects":[
{
"type":"ParticleEffect",
"particles":37,
"line":true,
"lenFrom":32,
"lenTo":0,
"strokeFrom":2,
"strokeTo":0,
"interp":"pow5Out",
"sizeInterp":"pow3In",
"length":90,
"baseLength":8,
"lifetime":20,
"colorFrom":"c0ecff",
"colorTo":"c0ecff"
},
{
"type":"ParticleEffect",
"particles":1,
"sizeFrom":12,
"sizeTo":0,
"length":0,
"baseLength":0,
"lifetime":60,
"colorFrom":"c0ecff",
"colorTo":"c0ecff"
},
{
"type":"ParticleEffect",
"particles":1,
"sizeFrom":80,
"sizeTo":80,
"length":0,
"baseLength":0,
"lifetime":15,
"colorFrom":"c0ecff50",
"colorTo":"c0ecff00"
},
{
"type":"WrapEffect",
"effect":"dynamicSpikes",
"color":"c0ecff",
"rotation":80
},
{
"type":"WaveEffect",
"interp":"circleOut",
"lifetime":35,
"sizeFrom":0,
"sizeTo":90,
"strokeFrom":10,
"strokeTo":0,
"colorFrom":"FFFFFF",
"colorTo":"c0ecff"
}
]
}
}
}
{
"alwaysShooting":true
"alwaysContinuous":true
"alternate":false
"shootY":0
"recoil":0
"under":true
"y":-8.6
"x":-11
"shootSound":"none"
"bullet":{
"type":"BulletType"
"keepVelocity":false
"speed":0
"collides":false
"hittable":false
"absorbable":false
"shootEffect":"none"
"smokeEffect":"none"
"hitEffect":"none"
"despawnEffect":"none"
"trailLength":100
"trailWidth":2
"trailColor":"99ecff"
"lightOpacity":0
}
}
{
"alwaysShooting":true
"alwaysContinuous":true
"alternate":false
"shootY":0
"recoil":0
"under":true
"y":-8.6
"x":11
"shootSound":"none"
"bullet":{
"type":"BulletType"
"keepVelocity":false
"speed":0
"collides":false
"hittable":false
"absorbable":false
"shootEffect":"none"
"smokeEffect":"none"
"hitEffect":"none"
"despawnEffect":"none"
"trailLength":100
"trailWidth":2
"trailColor":"99ecff"
"lightOpacity":0
}
}
{
"alwaysShooting":true
"alwaysContinuous":true
"alternate":false
"shootY":0
"recoil":0
"under":true
"y":-18
"x":-40
"shootSound":"none"
"bullet":{
"type":"BulletType"
"keepVelocity":false
"speed":0
"collides":false
"hittable":false
"absorbable":false
"shootEffect":"none"
"smokeEffect":"none"
"hitEffect":"none"
"despawnEffect":"none"
"trailLength":128
"trailWidth":1.12
"trailColor":"99ecff"
"lightOpacity":0
}
}
{
"alwaysShooting":true
"alwaysContinuous":true
"alternate":false
"shootY":0
"recoil":0
"y":-18
"x":40
"under":true
"shootSound":"none"
"bullet":{
"type":"BulletType"
"keepVelocity":false
"speed":0
"collides":false
"hittable":false
"absorbable":false
"shootEffect":"none"
"smokeEffect":"none"
"hitEffect":"none"
"despawnEffect":"none"
"trailLength":128
"trailWidth":1.12
"trailColor":"99ecff"
"lightOpacity":0
}
}
{
"name":"徊空2"
"shootY":0
"recoil":0
"y":0
"x":31
"reload":28
"shootSound":"laser"
"bullet":{
"type":"BasicBulletType",
"height":16,
"width":10,
"damage":50
"shrinkY":0,
"weaveScale":8
"weaveMag":1,
"keepVelocity":false,
"absorbable":false,
"homingDelay":50,
"homingPower":0.1
"homingRange":100
"splashDamageRadius":40
"splashDamage":85.5
"sprite":"missile-large",
"frontColor":"FFFFFF",
"backColor":"99ecff",
"collidesTeam":true,
"healPercent":3
"trailLength":40
"trailWidth":2,
"trailColor":"99ecff",
"speed":1.2
"lifetime":90
"drag":-0.012
"hitEffect":{
"type":"ExplosionEffect",
"lifetime":28,
"waveStroke":6,
"waveLife":10,
"waveRadBase":7,
"waveColor":"99ecff",
"waveRad":30,
"smokes":6,
"smokeColor":"FFFFFF",
"sparkColor":"99ecff",
"sparks":6,
"sparkRad":35,
"sparkStroke":1.5,
"sparkLen":4
},
"smokeEffect":"none",
"hitSound":"plasmaboom",
"fragBullets":7
"fragVelocityMin":0.4,
"fragBullet":{
"type":"MissileBulletType",
"width":8,
"height":8,
"shrinkY":0,
"frontColor":"FFFFFF",
"backColor":"99ecff",
"collidesTeam":true,
"healPercent":2,
"trailChance":-1,
"trailLength":20,
"trailWidth":2.2,
"trailColor":"99ecff",
"speed":8
"lifetime":30
"damage":25
"splashDamageRadius":15
"splashDamage":10
"ammoMultiplier":5,
"hitEffect":{
"type":"ExplosionEffect",
"lifetime":20,
"waveStroke":2,
"waveColor":"99ecff",
"waveRad":12,
"smokes":0,
"sparkColor":"99ecff",
"sparks":9,
"sparkRad":35,
"sparkStroke":1.5,
"sparkLen":4
},
"status":"electrified",
"statusDuration":120
}
}
}
]
}