{
"name":"破空"
"details":"[orange]须臾破空  穹攻裂络"
"flying": true,
"controller": "FlyingFollowAI",
"faceTarget": true,
"mass":380
"buildRange":980
"buildSpeed":8
"buildBeamOffset":22
"itemOffsetY":0
"mineSpeed":20,
"mineTier":100
"mineRange":300,
"lightRadius":260
"lightColor":"99e0ff",
"lightColor":"000098",
"speed":0.68
"targetFlags":[
"core",
],
"rotateSpeed":0.36
"hitSize":240
"destructibleWreck":true
"lowAltitude":true,
"immunities":[
"blasted","burning","electrified","freezing","melting","disarmed","sapped","shocked","slow","tarred","unmoving","wet","spore-slowed","corroded","不稳定态","短路","熔断","极寒","紊乱"
],
"accel":0.05
"drag":0.012
"dpsEstimate":0
"outlineColor":"383848"
"drawMinimap": false,
"health":1186000
"armor":148
//"engineOffset":8
//"engineSize":2.4,
"itemCapacity":480
"range":120,
"engines":[
{
"x":-84
"y":-142
"radius":17.6
}
{
"x":84
"y":-142
"radius":17.6
}
{
"x":-35
"y":-162
"radius":18.3
}
{
"x":35
"y":-162
"radius":18.3
}
]
"parts":[
{
"type":"ShapePart",
"progress":"warmup",
"y":62
"color":"99e0ff",
"colorTo":"99e0ff",
"circle":true,
"hollow":true,
"under":false
"stroke":5
"strokeTo":8
"radius":62
"radiusTo":62
"layer":59
}
{
"type":"ShapePart",
"progress":"warmup",
"y":62
"sides":3
"shapes":4
"color":"99e0ffea",
"colorTo":"99e0ff",
"layer":108
"tri":true,
"under":false
"radius":15
"radiusTo":15
"triLength":132
"triLengthTo":148
"haloRadius":0,
"haloRotation":0,
"haloRotateSpeed":-0.5
},
{
"type":"ShapePart",
"progress":"warmup",
"y":62
"sides":3,
"shapes":4
"color":"99e0ffea",
"colorTo":"99e0ff",
"tri":true,
"radius":12
"radiusTo":12
"triLength":82
"triLengthTo":74
"haloRadius":0,
"haloRotation":0,
"haloRotateSpeed":0.5
}
]
"abilities": [
{
"type": "ForceFieldAbility",
"radius":260
"regen":200
"sides": 6
"max":42800
"cooldown":180
}    
{
"type": "RegenAbility",
"percentAmount": 0.0082
}
{
"type":"SuppressionFieldAbility",
"range":240,
"reload":80
"y":62
"color":"000000ff",
"orbRadius":2.6
"layer":120
"orbMidScl":10
"particles":0
"particleColor":"99e0ff",
"particleLife":50
"particleLen":-8,
"particleSize":2,
"applyParticleChance":0.5
}
{
"type":"SuppressionFieldAbility",
"range":240,
"reload":80
"y":62
"layer":110
"color":"99e0ff",
"orbRadius":3.5
"orbMidScl":10
"particles":0
"particleColor":"99e0ff",
"particleLife":50
"particleLen":-8,
"particleSize":2,
"applyParticleChance":0.5
}
{
"type":"EnergyFieldAbility",
"statusDuration":100,
"shootSound":"none",
"healEffect":"none"
"color":"99e0ffea",
"maxTargets":60,
"damage":0
"range":360
"sectors":3
"x":0
"y":62
"blinkScl":85
"rotateSpeed":-0.6
"hitBuildings":true,
"sectorRad":0.18,
"effectRadius":30,
"reload":60
"status":"紊乱"
"layer":110
}
{
"type":"EnergyFieldAbility",
"statusDuration":100,
"shootSound":"none",
"healEffect":"none"
"color":"99e0ffea",
"maxTargets":10,
"healPercent":0
"damage":0
"range":380
"sectors":8
"x":0
"y":62
"blinkScl":0
"rotateSpeed":-0
"hitBuildings":false
"sectorRad":0
"effectRadius":0
"reload":1
"status":"紊乱"
"layer":110
}
{
"type":"EnergyFieldAbility",
"statusDuration":100,
"shootSound":"none",
"healEffect":"none"
"color":"000000ff",
"maxTargets":50
"healPercent":0.002
"damage":400,
"range":348
"sectors":0
"x":0
"y":62
"blinkScl":53
"rotateSpeed":-0.6
"hitBuildings":false
"sectorRad":0.18,
"effectRadius":25
"reload":60
"status":"短路"
"layer":110
}
{
"type":"StatusFieldAbility",
"duration":3000
"reload":90
"y":-5
"range":400
"applyEffect":"none",
"activeEffect":{
"type":"WaveEffect",
"interp":"circleOut",
"lifetime":52
"sizeFrom":0,
"sizeTo":420
"strokeFrom":18
"strokeTo":0
"colorFrom":"99e0ffea",
"colorTo":"99e0ffea"
},
"effect":"空之域"
}
{
"type":"StatusFieldAbility",
"duration":3000
"reload":90
"y":-5
"range":400
"applyEffect":"none",
"activeEffect":{
"type":"WaveEffect",
"interp":"circleOut",
"lifetime":52
"sizeFrom":0,
"sizeTo":268
"strokeFrom":18
"strokeTo":0
"colorFrom":"99e0ff00",
"colorTo":"99e0ffea"
},
"effect":"全面强化"
}
{
"type":"EnergyFieldAbility",
"statusDuration":100,
"shootSound":"none",
"healEffect":"none"
"color":"99e0ff",
"maxTargets":60,
"damage":400,
"range":360
"sectors":3
"x":0
"y":62
"blinkScl":76
"rotateSpeed":0.6
"hitBuildings":false
"sectorRad":0.18,
"effectRadius":30,
"reload":60
"status":"紊乱"
"layer":110
}
{
"type":"EnergyFieldAbility",
"statusDuration":100,
"shootSound":"none",
"healEffect":"none"
"color":"99e0ff",
"maxTargets":60,
"damage":0
"range":680
"sectors":2
"x":0
"y":62
"blinkScl":76
"rotateSpeed":0.8
"hitBuildings":false
"sectorRad":0.18,
"effectRadius":0
"reload":600
"status":"崩坏"
"layer":59
}
{
"type":"MoveLightningAbility",
"minSpeed":-1,
"maxSpeed":0,
"damage":120
"chance":0.2
"length":0,
"x":0
"y":62
"shootSound":"none",
"shootEffect":{
"type":"ParticleEffect",
"lightOpacity":0,
"length":120
"baselength":-70
"cone":360,
"randLength":false,
"sizeFrom":25,
"sizeTo":25,
"region":"wide",
"particles":1,
"lifetime":5
"colorFrom":"00000015",
"colorTo":"00000015",
"spin":7
},
"bulletAngle":180,
"bullet":{
"type":"BasicBulletType",
"speed":0,
"lifetime":0,
"damage":20,
"height":0,
"spin":0
"width":0,
"hitEffect":"hitLaser",
"despawnEffect":{
"type":"ParticleEffect",
"lightOpacity":0,
"length":70,
"baselength":-70
"cone":360,
"randLength":false,
"sizeFrom":25,
"sizeTo":25,
"region":"wide",
"particles":1,
"lifetime":5
"colorFrom":"00000015",
"colorTo":"00000015",
"spin":-6.5
}
"frontColor":"99e0ff",
"backColor":"99e0ff"
"fragBullets":1
"fragBullet":{
"type":"LaserBulletType"
"hitEffect":"hitLancer"
"despawnEffect":"none"
"colors":["c0ecff","99ecff","99e0ff"]
"length":120
"width":0
"hitSize":0
"lifetime":18
"drawSize":1
"light":3
"lightLent":120
"lightColor":"99e0ff"
"lightDamag":188
"damage":100
"layer":100
}
}
}
{
"type":"ShieldArcAbility",
"radius":200
"angle":196
"angleOffset":0
"regen":20
"width":22
"cooldown":188
"max":86400
"x":0
"y":0
"whenShooting":false
}
]
"weapons":[
{
			"name":"破空2"
			"reload": 40
			"shake": 3
			"recoil":3
			"x":-68
			"y":-76
			"shootX": 0,
			"shootY":3
			"rotate":true
			"top":true
			"inaccuracy":3
			"shootSound": "plasmadrop",
			"alternate": true,
			"ejectEffect": "casing4",
			"shootCone":10
		"shoot": {
				"type": "ShootMulti",
		"source": {
			"shots": 5
			"shotDelay":6
		},
		"dest": [
			{
				"type": "ShootHelix",
				"scl": 2
				"mag":7
			}
		]
	},
			"bullet": {
				"damage": 280
				"splashDamage":680
				"splashDamageRadius":120
				"pierce": true,
				"pierceBuilding": true,
				"speed": 16
				"lifetime": 42
				"pierceArmor":true,
				"hitSound": "mediumCannon",
				"trailLength":6
				"trailWidth": 4
				"trailColor": "99e0ff",
				"backColor": "99e0ff",
				"frontColor": "FFFFFF",
				"width":22
				"height":33
				"despawnEffect": "flakExplosionBig",
				"intervalBullets":2
	            "bulletInterval":10
		    	"intervalBullet":{
               	"type": "LightningBulletType",
                "damage": 28,
                "lightningLength":16
                "lightningLengthRand": 5,
                "collidesAir": true
                "lightningColor":"99e0ff"
                "pierceArmor":true,
			}
				"shootEffect": {
				"type": "ParticleEffect",
				"particles": 3
				"sizeFrom": 5.8
				"sizeTo": 0,
				"interp": "pow5Out",
				"sizeInterp": "pow5In",
				"length":82
				"baseLength": 0,
				"lifetime": 36
				"colorFrom": "99e0ff80",
				"colorTo": "99e0ff20",
				"cone": 24
			},
				"smokeEffect": {
				"type": "ParticleEffect",
				"particles":3
				"line": true,
				"strokeFrom": 6,
				"strokeTo": 0,
				"lenFrom": 24,
				"lenTo": 12,
				"length": 54,
				"baseLength": 4.5,
				"lifetime": 12,
				"colorFrom": "99e0ff90",
				"colorTo": "99e0ff33",
				"cone": 25
			},
			"hiteffect":{
				"type": "MultiEffect",
				"effect":[
				{
						"type": "WaveEffect",
						"lifetime": 42
						"sizeFrom": 4
						"sizeTo":82
						"strokeFrom":12
						"strokeTo": 0,
						"interp": "circleOut",
						"colorFrom": "99e0ff",
						"colorTo": "99e0ff88"
					}
					]
			}
			}
		},
{
	"name": "破空2",
	"x":102.5
	"y":-17.25
	"mirror": true,
			"shake": 3,
			"rotate": true,
			"rotateSpeed":3
			"shootY":3
			"recoil":3
			"reload":12
			//"controllable": false,
			"autoTarget": true,
			"shootSound": "beam",
			"continuous": true,
			"cooldownTime": 200,
	"bullet": {
	"type": "ContinuousLaserBulletType",
	"damage":252
				"knockback":3
				"width":8
				"length":220
				"colors": [
					"99e0ff90",
					"99e0ff80",
					"99e0ff"
				],
				"hitEffect": {
					"type": "ParticleEffect",
					"particles":3
					"line": true,
					"strokeFrom": 2,
					"strokeTo": 0,
					"lenFrom": 18,
					"lenTo": 18,
					"length": 1,
					"baseLength": 8,
					"lifetime": 8,
					"colorFrom": "99e0ff",
					"colorTo": "99e0ff",
					"cone": 80
				}
				"lifetime":280
				"shake": 1,
				"collidesTeam": true,
				"largeHit": false,
				"healPercent":2
				"despawnEffect": "smokeCloud",
				"shootEffect": "shootHeal",
				"smokeEffect": "none",
				"incendChance": 0.03,
				"incendSpread": 8,
				"incendAmount": 1,
				"spawnBullets": [
					{
						"type": "LightningBulletType",
						"damage": 44,
						"lightningColor": "99e0ff",
						"hitColor": "99e0ff",
						"lightningLength": 20,
						"lightningLengthRand": 8,
						"healPercent":0.2
						"collidesTeam": true,
						"hitEffect": "hitLancer",
						"despawnEffect": "none",
						"statusDuration": 60
					},
					{
						"type": "LightningBulletType",
						"damage": 46
						"lightningColor": "99e0ff",
						"hitColor": "99e0ff",
						"lightningLength": 20,
						"lightningLengthRand": 8,
						"healPercent": 2,
						"collidesTeam": true,
						"hitEffect": "hitLancer",
						"despawnEffect": "none",
						"statusDuration": 60
					}
				]
			}
}
{
	"name": "破空主炮",
	"range":680
	"moveWhileCharging":false,
	"rotationLimit":18
	"reload":430
	"inaccuracy":0
	"x":0
	"y":62
	"shootY":0
	"rotateSpeed":5
	"shake":8
	"recoil":0
	"recoilTime":0
	"cooldownTime":140
    "shootSound": "laserblast"
    "shoot":{
"firstShotDelay":108
}
	"shootEffect": {
	"type": "WaveEffect",
	"lifetime": 12
	"interp": "circleOut",
	"sizeFrom": 0,
	"sizeTo":5
	"strokeFrom":2
	"strokeTo": 0,
	"colorFrom": "99e0ff",
	"colorTo": "c0ecff"
	}
"bullet": {
		"type": "EmpBulletType",
		"sprite": "circle-bullet",
		"width": 6
		"height": 6
		"shrinkY": 0
		"speed":3
		"lifetime":1885
		"damage":4288
		"radius":168
		"chargeSound":"lasercharge",
"parts": [
		{
			"type": "ShapePart",
			//"progress": "warmup",
			"circle": true,
			"color": "000000ff",
			"layer": 111
			"hollow": false,
			"radius":22
			"radiusTo":22
			"x": 0,
			"y": 0
			}
			{
			"type": "ShapePart",
			//"progress": "warmup",
			"circle": true,
			"color": "99e0ff",
			"hollow": false,
			"radius": 26
			"radiusTo":26
			"x": 0,
			"y": 0
			}
		]
		"splashDamageRadius":45
		"splashDamage":2280
		"timeIncrease":2
		"powerDamageScl":1.5
		"unitDamageScl":1.5
		"hitUnits": true,
		"scaleLife": true,
		"hittable":false,
        "absorbable":false,
		"status": "崩坏",
		"statusDuration":620
		"frontColor": "99ecff",
		"backColor": "99e0ff",
		"trailLength": 18
		"trailWidth": 8
		"trailColor": "99e0ff",
		"trailChance": 0.38
		"trailInterval": 8
		"trailRotation": true,
		"trailEffect":
			{
			"type": "ParticleEffect",
			"particles": 4
			"region":"这是一个模组-菱形"
			"sizeFrom":3
			"sizeTo":0
			"sizeInterp": "pow10In",
			"interp": "pow5Out",
			"length": -35
			"baseLength": 0,
			"lifetime":51
			"colorFrom": "99e0ff",
			"colorTo": "99e0ff30"
			"spin":2
			"cone":29
		}
"hitShake":12
"bulletInterval":1
"intervalBullets":2
"intervalRandomSpread":0
"intervalSpread":0
"intervalAngle":0,
"intervalBullet":{
"sprite":"circle-bullet",
"frontColor":"99e0ff",
"backColor":"99e0ff",
"knockBack":-28
"collides":false
"hittable":false,
"absorbable":false,
"pierceArmor":true
"pierce":true
"lifetime":5
"speed":19
"hitShake":0
"splashDamage":420
"splashDamageRadius":180
"hitEffect":{
"type":"MultiEffect",
"effects":[
{
"type":"ParticleEffect"
"particles":0
"sizeFrom":0
"sizeTo":0
"lifetime":0
"colorFrom":"99e0ff99",
"colorTo":"99e0ff"
}
]
}
"despawnEffect":{
"type":"MultiEffect",
"effects":[
{
"type":"ParticleEffect"
"particles":2
"sizeFrom":1
"sizeTo":6
"interp":"pow5In",
"length":-254
"baseLength":200
"lifetime":18
"colorFrom":"99e0ff99",
"colorTo":"99e0ff"
}
]
}
}
		"smokeEffect": "shootBigSmoke2",
		"hitSound": "plasmaboom",
		"despawnEffect": {
			"type": "ParticleEffect",
			"particles": 5
			"line": true,
			"strokeFrom": 2
			"strokeTo": 0,
			"lenFrom": 12
			"lenTo": 1
			"length": 21
			"baseLength":2
			"lifetime": 20
			"colorFrom": "99e0ff",
			"colorTo": "99e0ff"
		},
		"hitEffect": {
			"type": "WaveEffect",
			"lifetime": 0
			"sizeFrom":0
			"sizeTo": 0
			"strokeFrom":0
			"strokeTo": 0,
		}
"fragBullets":1
"fragLifeMin":1
"fragVelocityMin":0
"fragBullet":{
"sprite":"circle-bullet",
"frontColor":"99e0ff",
"backColor":"99e0ff",
"collides":false
"hittable":false,
"absorbable":false,
"pierceArmor":true
"pierce":true
"speed":0
"lifetime":0
"splashDamageRadius":240
"splashDamage":1680
"status":"裂相",
"statusDuration":420
"despawnEffect":{
"type":"MultiEffect",
"effects":[
{
"type":"ParticleEffect",
"particles":1
"sizeFrom":22
"sizeTo":26
"lifetime":22
"length":0
"baseLength":0
"layer":111
"colorFrom":"000000ff",
"colorTo":"000000ff"
}
{
"type":"ParticleEffect",
"particles":1
"sizeFrom":26
"sizeTo":32
"length":0
"baseLength":0
"lifetime":22
"colorFrom":"99ecffbe",
"colorTo":"99ecffbe"
}
{
"type":"ParticleEffect",
"particles":1
"sizeFrom":26
"sizeTo":26
"startDelay":22
"lifetime":38
"length":0
"baseLength":0
"layer":111
"colorFrom":"000000ff",
"colorTo":"000000ff"
}
{
"type":"ParticleEffect",
"particles":1
"sizeFrom":32
"sizeTo":32
"startDelay":22
"length":0
"baseLength":0
"lifetime":38
"colorFrom":"99ecffbe",
"colorTo":"99ecffbe"
}
{
"type":"ParticleEffect",
"particles":1
"sizeFrom":26
"startDelay":60
"sizeTo":0
"lifetime":20
"length":0
"sizeInterp":"pow5In",
"baseLength":0
"layer":111
"colorFrom":"000000ff",
"colorTo":"00000030"
}
{
"type":"ParticleEffect",
"particles":1
"sizeFrom":32
"startDelay":60
"sizeTo":0
"length":0
"sizeInterp":"pow5In",
"baseLength":0
"lifetime":23
"colorFrom":"99ecffbe",
"colorTo":"99ecffbe"
}
]
}
"bulletInterval":1
"intervalBullets":2
"intervalRandomSpread":0
"intervalSpread":0
"intervalAngle":0,
"intervalBullet":{
"sprite":"circle-bullet",
"frontColor":"99e0ff",
"backColor":"99e0ff",
"knockBack":-8
"collides":false
"hittable":false,
"absorbable":false,
"pierceArmor":true
"pierce":true
"speed":0
"lifetime":0
"hitShake":0
"splashDamage":280
"splashDamageRadius":180
"despawnEffect":{
"type":"MultiEffect",
"effects":[
{
"type":"ParticleEffect"
"particles":2
"sizeFrom":1
"sizeTo":6
"interp":"pow5In",
"length":-328
"baseLength":200
"lifetime":18
"colorFrom":"99e0ff99",
"colorTo":"99e0ff"
}
]
}
}
"fragBullets":1
"fragLifeMin":1.29
"fragVelocityMin":0
"fragBullet":{
"sprite":"circle-bullet",
"frontColor":"99e0ff",
"backColor":"99e0ff",
"collides":false
"hittable":false,
"absorbable":false,
"pierceArmor":true
"pierce":true
"speed":0
"lifetime":78
"splashDamageRadius":300
"splashDamage":2980
"status":"审判"
"statusDuration":50
"despawnEffect":{
"type":"MultiEffect",
"effects":[
{
"type": "WaveEffect",
"lifetime":20
"sizeFrom":20
"sizeTo": 260
"strokeFrom":8
"strokeTo":1
"colorFrom":"99ecff90",
"colorTo":"99e0ff00"
}
{
"type":"ParticleEffect",
"particles":1
"sizeFrom":300
"sizeTo":0
"lifetime":16
"length":0
"baseLength":0
"colorFrom":"99ecff99",
"colorTo":"99e0ff28"
}
]
}
"hitSound":"largeCannon"
"hitVelocity":8
"fragBullets":62
"fragLifeMin":0.07
"fragLifeMax":1.2
"fragVelocityMin":0.1
"fragBullet":{
"hitSound": "plasmaboom",
"sprite":"circle-bullet",
"frontColor":"99e0ff",
"backColor":"99e0ff",
"collides":false
"hittable":false,
"absorbable":false,
"pierceArmor":true
"pierce":true
"speed":18
"drag":0.08
"lifetime":28
"splashDamageRadius":48
"splashDamage":672
"status":"短路",
"statusDuration":300
"despawnEffect":{
"type":"MultiEffect",
"effects":[
{
"type":"ParticleEffect",
"particles":1
"sizeFrom":32
"sizeTo":0
"lifetime":12
"length":0
"baseLength":0
"colorFrom":"99ecffbe",
"colorTo":"99e0ff40"
}
{
			"type": "ParticleEffect",
			"particles": 5
			"line": true,
			"strokeFrom":8
			"strokeTo": 0,
			"lenFrom": 22
			"lenTo":0
			"length":56
			"baseLength":25
			"lifetime":18
			"colorFrom": "99e0ff",
			"colorTo": "99e0ff55"
}
]
}
}
}
}
}
}
{
"name":"青空4"
"y":-58
"x":-32
"top":true
"maxRange":1200
"recoil":6
"rotate":true
"rotateSpeed":3
"reload":100
"shoot":{
"shots":1
"firstShotDelay":20
"type":"ShootAlternate",
}
"shootSound":"laserblast",
"bullet":{
"smokeEffect":"shootSmallFlame",
"speed":5.2
"shootEffect":{
"type":"ParticleEffect",
"particles":5
"baseLength":8,
"length":22
"lifetime":24
"line":true,
"interp":"pow5In",
"sizeInterp":"pow5Out",
"lenFrom":12,
"lenTo":0,
"strokeFrom":1,
"strokeTo":0,
"colorFrom":"c0ceff",
"colorTo":"c0ceff",
"cone":60
}
"type":"EmpBulletType",
"sprite":"circle-bullet",
"width":12
"height":28
"shrinkY":0
"speed":18
"lifetime":66.7
"damage":680
"radius":80
"splashDamageRadius":45
"splashDamage":42
"timeIncrease":2
"powerDamageScl":1.2
"unitDamageScl":1.2
"hitUnits":true,
"scaleLife":true,
"status":"electrified",
"statusDuration":180
"frontColor":"99e0ff",
"backColor":"99e0ff",
"trailLength":18
"trailWidth":6
"trailColor":"99e0ff",
"trailChance":0.38
"trailInterval":1
"trailRotation":true
"trailEffect":
{
"type":"ParticleEffect",
"particles":1
"region":"这是一个模组-菱形"
"sizeFrom":3
"sizeTo":0
"sizeInterp":"pow10In",
"interp":"pow5Out",
"length":-35
"baseLength":0,
"lifetime":51
"colorFrom":"99e0ff",
"colorTo":"99e0ff30"
"spin":2
"cone":29
}
"hitShake":8
"shootEffect":"hitEmpSpark",
"smokeEffect":"shootBigSmoke2",
"hitSound":"plasmaboom",
"despawnEffect":{
"type":"ParticleEffect",
"particles":5
"line":true,
"strokeFrom":2
"strokeTo":0,
"lenFrom":12
"lenTo":1
"length":21
"baseLength":2
"lifetime":20
"colorFrom":"99e0ff",
"colorTo":"99e0ff"
},
"hitEffect":{
"type":"MultiEffect",
"effects":[
{
"type":"WaveEffect",
"lifetime":22
"sizeFrom":0
"sizeTo":33
"strokeFrom":4
"strokeTo":0,
"colorFrom":"99e0ff",
"colorTo":"99e0ff"
}
{
"type":"ParticleEffect",
"particles":1
"sizeFrom":120
"lenTo":0
"length":0
"baseLength":0
"lifetime":14
"colorFrom":"99e0ff80",
"colorTo":"99e0ff00"
}
{
"type":"ParticleEffect",
"particles":1
"region":"这是一个模组-十字星"
"sizeFrom":80
"sizeTo":60
"spin":8
"lenTo":0
"length":0
"baseLength":0
"lifetime":8
"colorFrom":"99e0ff",
"colorTo":"99e0ff00"
}
]
}
"hitSound":"plasmaboom",
"knockback":5
"fragBullets":3
"fragLifeMin":0.2
"fragVelocityMin":0.5
"fragBullet":{
"priceArmor":true
"speed":8
"lifetime":25
"width":0
"height":0
"knockback":5
"splashDamageRadius":40
"splashDamage":185
"status":"熔断",
"statusDuration":430
"trailLength":12
"trailWidth":4
"trailColor":"99e0ff",
"trailChance":0.38
"trailInterval":1
"trailRotation":true
"trailEffect":
{
"type":"ParticleEffect",
"particles":1
"line":true
"lenFrom":3
"lenTo":0
"strokeFrom":8
"strokeTo":7
"sizeInterp":"pow10In",
"interp":"pow5Out",
"length":-35
"baseLength":5
"lifetime":18
"colorFrom":"99e0ff",
"colorTo":"99e0ff30"
"cone":10
}
"hitEffect":{
"type":"MultiEffect",
"effects":[
{
"type":"WaveEffect",
"lifetime":18
"sizeFrom":5
"sizeTo":20
"strokeFrom":3
"strokeTo":0,
"colorFrom":"99e0ff",
"colorTo":"99e0ff20"
}
{
"type":"ParticleEffect",
"particles":1
"sizeFrom":40
"lenTo":0
"length":0
"baseLength":0
"lifetime":11
"colorFrom":"99e0ff72",
"colorTo":"99e0ff00"
}
]
}
}
"spawnBullets":[
{
"type":"LaserBulletType",
"healPercent":5
"damage":188
"priceArmor":true
"collidesTeam":true,
"sideAngle":30,
"sideWidth":0.8,
"sideLength":70,
"lifetime":38
"colors":[
"99e0ff90",
"99ecff80",
"FFFFFF"
],
"width":22
"length":400
},
],
}
}
{
"name":"青空4"
"y":58.75
"x":62
"shoot":{
"shots":3
"shotDelay":8
}
"shootSound":"release"
"inaccuracy":0
"parentizeEffects":true,
"shotY":8
"range":600
"recoil":5
"rotate":true
"rotateSpeed":2.6
"reload":160
"shake":6
"bullet":{
"smokeEffect":"shootSmallFlame",
"speed":5
"shootSound":"laserblast"
"shootEffect":{
"type":"ParticleEffect",
"particles":6
"baseLength":12
"length":52
"lifetime":32
"line":true,
"interp":"pow5In",
"sizeInterp":"pow5Out",
"lenFrom":22
"lenTo":0,
"strokeFrom":6
"strokeTo":0
"colorFrom":"99ecff",
"colorTo":"99ecff99"
"cone":60
}
"type":"EmpBulletType",
"sprite":"circle-bullet",
"width":14
"height":20
"shrinkY":2
"speed":13
"drag":0.021
"lifetime":100
"priceArmor":true
"damage":480
"radius":0
"splashDamageRadius":40
"splashDamage":1800
"timeIncrease":1
"powerDamageScl":1
"unitDamageScl":1
"hitUnits":true,
"scaleLife":true,
"status":"崩坏",
"statusDuration":120
"frontColor":"99ecff",
"backColor":"99ecff",
"hitShake":5
"smokeEffect":"shootBigSmoke2",
"hitSound":"boom",
"knockback":2
"fragBullets":2
"fragVelocityMin":0.3
"fragRandomSpread": 0,
"fragBullet":{
"sprite":"circle-bullet",
"width":14
"height":21
"drag":0.018
"trailWidth": 2.4
"trailLength": 10
"trailColor": "99ecff"
"frontColor":"99ecff",
"backColor":"99ecff",
"priceArmor":true
"weaveScale": 4
"weaveMag":1
"keepVelocity": false,
"absorbable": false,
"speed":12
"lifetime":70
"width":0
"height":0
"knockback":2
"splashDamageRadius":64
"splashDamage":652
"light":3
"lightLenght":20
"lightDamage":68
"status":"unmoving",
"statusDuration":60
"trailLength":8
"trailWidth":2
"trailColor":"99ecff",
"trailChance":0.3
"hitEffect":{
"type":"MultiEffect",
"effects":[
{
"type":"ParticleEffect",
"particles":1
"sizeFrom":18
"lenTo":0
"length":0
"baseLength":0
"lifetime":10
"colorFrom":"99ecff72",
"colorTo":"99ecff00"
}
]
}
}
"bulletInterval":12
"intervalBullets":2
"intervalRandomSpread":0
"intervalSpread":0
"intervalAngle":0,
"intervalBullet":{
"frontColor":"99ecff",
"backColor":"99ecff",
"sprite":"circle-bullet",
"width":14
"height":21
"drag":0.018
"trailWidth": 2.4
"trailLength": 10
"trailColor": "99ecff"
"priceArmor":true
"weaveScale": 4
"weaveMag":1
"light":3
"lightLenght":20
"lightDamage":120
"keepVelocity": false,
"absorbable": false,
"speed":12
"lifetime":70
"width":0
"height":0
"knockback":2
"splashDamageRadius":64
"splashDamage":682
"status":"unmoving",
"statusDuration":60
"trailLength":8
"trailWidth":2
"trailColor":"99ecff",
"trailChance":0.3
"hitEffect":{
"type":"MultiEffect",
"effects":[
{
"type":"ParticleEffect",
"particles":1
"sizeFrom":18
"lenTo":0
"length":0
"baseLength":0
"lifetime":10
"colorFrom":"99ecff72",
"colorTo":"99ecff00"
}
{
"type": "WrapEffect",
"effect": "dynamicSpikes",
"color": "99e0ffec",
"rotation": 18
"pierce": true
"pierceBuilding": true
}
]
}
}
"fragBullets":1
"fragLifeMin":0.3
"fragLifeMax":0.2
"fargRandomSpread":26
"fragBullet": {
"frontColor":"99ecff",
"backColor":"99ecff",
"splashDamageRadius":12
"splashDamage":480
"hitShake":4
"absorbable":false
"reflecctable":false
"hitSound":"boom",
"hitSoundVolume":1.6
"smokeEffect":"shootBigSmoke2",
"hitSound":"plasmaboom",
"despawnEffect":"none"
"hitEffect":{
"type":"MultiEffect",
"effects":[
{
"type":"ParticleEffect",
"particles":1
"sizeFrom":0
"sizeTo":8
"sizeInterp":"pow10In",
"interp":"pow5Out",
"length":0
"baseLength":0
"lifetime":8
"colorFrom":"99ecff80",
"colorTo":"99ecff00"
"cone":0
}
{
"type": "WrapEffect",
"effect": "dynamicSpikes",
"color": "99e0ff",
"rotation": 38
"pierce": true
"pierceBuilding": true
}
]
}
}
"spawnBullets":[
{
"sprite":"circle-bullet",
"width":14
"height":21
"drag":0.018
"trailWidth": 2.4
"trailLength": 10
"trailColor": "99ecff"
"priceArmor":true
"light":3
"lightLenght":20
"lightDamage":68
"keepVelocity": false,
"absorbable": false,
"speed":10
"lifetime":70
"width":0
"height":0
"knockback":2
"splashDamageRadius":64
"splashDamage":480
"frontColor":"99ecff",
"backColor":"99ecff",
"bulletInterval":10
"intervalBullets":2
"intervalRandomSpread":0
"intervalSpread":0
"intervalAngle":0,
"intervalBullet":{
"sprite":"circle-bullet",
"frontColor":"99ecff",
"backColor":"99ecff",
"width":14
"height":21
"drag":0.018
"trailWidth": 2.4
"trailLength": 10
"trailColor": "99ecff"
"priceArmor":true
"weaveScale": 4
"weaveMag":1
"light":3
"lightLenght":20
"lightDamage":68
"keepVelocity": false,
"absorbable": false,
"speed":10
"lifetime":50
"knockback":2
"splashDamageRadius":64
"splashDamage":480
"status":"unmoving",
"statusDuration":60
"trailLength":8
"trailWidth":2
"trailColor":"99ecff",
"trailChance":0.3
"hitEffect":{
"type":"MultiEffect",
"effects":[
{
"type":"ParticleEffect",
"particles":1
"sizeFrom":18
"lenTo":0
"length":0
"baseLength":0
"lifetime":10
"colorFrom":"99ecff72",
"colorTo":"99ecff00"
}
{
"type": "WrapEffect",
"effect": "dynamicSpikes",
"color": "99e0ffec",
"rotation": 18
"pierce": true
"pierceBuilding": true
}
]
}
}
}
]
}
}
{
"name":"青空2"
"y":32.25
"x":56
"top":true
"maxRange":1800
"recoil":3
"rotate":true
"rotateSpeed":3
"reload":320
"shoot":{
"shots":4
"shotDelay":14
"type":"ShootAlternate",
"barrels":3
"spread":8
}
"bullet":{
"smokeEffect":"shootSmallFlame",
"speed":2.2
"shootSound":"boom"
"shootEffect":{
"type":"ParticleEffect",
"particles":5
"baseLength":8,
"length":22
"lifetime":30
"line":true,
"interp":"pow5In",
"sizeInterp":"pow5Out",
"lenFrom":12,
"lenTo":0,
"strokeFrom":1,
"strokeTo":0,
"colorFrom":"c0ceff",
"colorTo":"c0ceff",
"cone":60
}
"spawnUnit":"青空导弹"
}
}
{
"name":"坠落"
"shootSound":"DBZ2",
"controllable": false,
"chargeEffect":"smeltsmoke",
"alternate":true,
"reload":0
"shootCone":360
"ejectEffect":"none",
"range":0
"rotate":true,
"rotateSpeed":20,
"mirror":false,
"x":0,
"shootY":0
"shake":0,
"mirror":false,
"cooldownTime":0
"inaccuracy":0
"recoil":0,
"shootOnDeath": true,
"bullet":{
"type":"EmpBulletType",
"instantDisappear":true,
"hittable":false,
"makeFire":true,
"collidesAir":true
"instantDisappear":true,
"collides":false,
"hittable":false,
"absorbable":false,
"timeIncrease":1
"powerDamageScl":1
"unitDamageScl":1
"collides":false
"hitUnits":true,
"scaleLife":true,
"hitSound":"DBZ2",
"hitSoundVelocit":28
"killShooter":true,
"hittable":false,
"status":"blasted",
"statusDuration":1200
"speed":18
"splashDamageRadius":888,
"splashDamage":28880,
"scaledSplashDamage":true,
"buildingDamageMultiplier":0.2,
"lifetime":0
"shrinkX":0.4,
"shrinkY":0.4,
"width":0,
"height":0,
"hitShake":41.25
"hitEffect":{
"type":"MultiEffect",
"effects":[
{
"type":"ParticleEffect",
"particles":1,
"region":"这是一个模组-爆炸"
"layer":32
"sizeFrom":628,
"sizeTo":628,
"length":0,
"baseLength":0,
"lifetime":2600,
"colorFrom":"000000ff",
"colorTo":"000000ff"
},
{
"type":"ParticleEffect",
"particles":1,
"region":"这是一个模组-爆炸"
"layer":32
"sizeFrom":628,
"sizeTo":628,
"startDelay":2600
"length":0,
"baseLength":0,
"lifetime":460,
"colorFrom":"000000ff",
"colorTo":"00000000"
},
]
}
}
}
	]
	"research":""
}