{
"name":"青空"
"type":"flying",
"details":"[orange]“无垠青空所及之处  满穹皆为璀璨群星”"
"flying":true,
"mass":500,
//"controller":"FlyingFollowAI",
"faceTarget":true,
"drawMinimap":false,
"ammoCapacity":2300,
"itemCapacity":980
"accel":0.05,
"drag":0.012
"dpsEstimate":0
"outlineColor":"383848"
"targetFlags":[
"core"
],
"ammoType":{
"type":"PowerAmmoType",
"totalPower":30000
},
"lowAltitude":true,
"health":2164800,
"armor":248
"engineOffset":0
"engineSize":0
"engines":[
{
"x":-100
"y":-12
"radius":13
"engineLayer":108
"rotation":-60
}
{
"x":100
"y":-12
"radius":13
"rotation":60
}
{
"x":0
"y":-114
"radius":30.75
"rotation":-60
}
{
"x":109
"y":-76
"radius":15
"rotation":135
}
{
"x":-109
"y":-76
"radius":15
"rotation":135
}
]
"itemCapacity":800
"buildRange":1200,
"buildSpeed":10
"buildBeamOffset":18
"itemOffsetY":0
"mineSpeed":20,
"mineTier":100
"mineRange":300,
"lightRadius":260
"lightColor":"99e0ff",
"lightColor":"000098",
"speed":0.5
"rotateSpeed":0.22
"hitSize":298
"destructibleWreck":true
"immunities":[
"blasted","burning","electrified","freezing","melting","disarmed","sapped","shocked","slow","tarred","unmoving","wet","spore-slowed","corroded","不稳定态","短路","熔断","极寒","紊乱"
],
"abilities":[
/*{
"type":"UnitSpawnAbility",
"unit":"flareX",
"spawnX":80,
"spawnY":-112,
"spawnTime":600
}*/
{
"type":"ForceFieldAbility",
"radius":280
"regen":15
"y":-8
"sides":4
"rotation":45
"max":85400
"cooldown":200
}
{
"type":"ForceFieldAbility",
"radius":280
"regen":18
"y":-8
"sides":4
"max":99800
"cooldown":200
}
{
"type":"RegenAbility",
"percentAmount":0.0093
}
{
"type":"SuppressionFieldAbility",
"range":240,
"reload":80
"y":-8
"color":"000000ff",
"orbRadius":2.6
"layer":120
"orbMidScl":10
"particles":0
"particleColor":"99e0ff",
"particleLife":50
"particleLen":-8,
"particleSize":2,
"applyParticleChance":0.5
}
{
"type":"SuppressionFieldAbility",
"range":240,
"reload":80
"y":-8
"layer":110
"color":"99e0ff",
"orbRadius":3.5
"orbMidScl":10
"particles":0
"particleColor":"99e0ff",
"particleLife":50
"particleLen":-8,
"particleSize":2,
"applyParticleChance":0.5
}
{
"type":"EnergyFieldAbility",
"statusDuration":100,
"shootSound":"none",
"healEffect":"none"
"color":"99e0ffea",
"maxTargets":60,
"healPercent":10
"damage":0
"range":360
"sectors":3
"x":0
"y":-8
"blinkScl":85
"rotateSpeed":-0.6
"hitBuildings":true,
"sectorRad":0.18,
"effectRadius":30,
"reload":60
"status":"紊乱"
"layer":110
}
{
"type":"EnergyFieldAbility",
"statusDuration":100,
"shootSound":"none",
"healEffect":"none"
"color":"00000000",
"maxTargets":60,
"healPercent":0
"damage":0
"range":360
"sectors":3
"x":0
"y":-8
"blinkScl":85
"rotateSpeed":-0.6
"hitBuildings":true,
"sectorRad":0.18,
"effectRadius":30,
"reload":6
"status":"审判"
"layer":110
}
{
"type":"EnergyFieldAbility",
"statusDuration":100,
"shootSound":"none",
"healEffect":"none"
"color":"99e0ffea",
"maxTargets":60,
"healPercent":10
"damage":0
"range":380
"sectors":8
"x":0
"y":-8
"blinkScl":0
"rotateSpeed":-0
"hitBuildings":false
"sectorRad":0
"effectRadius":0
"reload":1
"status":"紊乱"
"layer":110
}
{
"type":"EnergyFieldAbility",
"statusDuration":100,
"shootSound":"none",
"healEffect":"none"
"color":"000000ff",
"maxTargets":50
"healPercent":10
"damage":400,
"range":348
"sectors":0
"x":0
"y":-8
"blinkScl":60
"rotateSpeed":-0.6
"hitBuildings":false
"sectorRad":0.18,
"effectRadius":25
"reload":60
"status":"短路"
"layer":110
}
{
"type":"StatusFieldAbility",
"duration":3000
"reload":90
"y":-5
"range":400
"applyEffect":"none",
"activeEffect":{
"type":"WaveEffect",
"interp":"circleOut",
"lifetime":52
"sizeFrom":0,
"sizeTo":420
"strokeFrom":18
"strokeTo":0
"colorFrom":"99e0ffea",
"colorTo":"99e0ffea"
},
"effect":"空之域"
}
{
"type":"StatusFieldAbility",
"duration":3000
"reload":90
"y":-5
"range":400
"applyEffect":"none",
"activeEffect":{
"type":"WaveEffect",
"interp":"circleOut",
"lifetime":52
"sizeFrom":0,
"sizeTo":268
"strokeFrom":18
"strokeTo":0
"colorFrom":"99e0ff00",
"colorTo":"99e0ffea"
},
"effect":"全面强化"
}
{
"type":"StatusFieldAbility",
"duration":3000
"reload":90
"y":-5
"range":400
"applyEffect":"none",
"activeEffect":{
"type":"WaveEffect",
"interp":"circleOut",
"lifetime":52
"sizeFrom":0,
"sizeTo":200
"strokeFrom":18
"strokeTo":0
"colorFrom":"99e0ffea",
"colorTo":"99e0ff00"
},
"effect":"辅助"
}
{
"type":"EnergyFieldAbility",
"statusDuration":100,
"shootSound":"none",
"healEffect":"none"
"color":"99e0ff",
"maxTargets":60,
"healPercent":5,
"damage":400,
"range":360
"sectors":3
"x":0
"y":-8
"blinkScl":88
"rotateSpeed":0.6
"hitBuildings":false
"sectorRad":0.18,
"effectRadius":30,
"reload":60
"status":"熔断"
"layer":110
}
{
"type":"MoveLightningAbility",
"minSpeed":-1,
"maxSpeed":0,
"damage":120
"chance":0.2,
"length":0,
"x":0
"y":8
"shootSound":"none",
"shootEffect":{
"type":"ParticleEffect",
"lightOpacity":0,
"length":120
"baselength":-70
"cone":360,
"randLength":false,
"sizeFrom":25,
"sizeTo":25,
"region":"wide",
"particles":1,
"lifetime":5
"colorFrom":"00000015",
"colorTo":"00000015",
"spin":7
},
"bulletAngle":180,
"bullet":{
"type":"BasicBulletType",
"speed":0,
"lifetime":0,
"damage":20,
"height":0,
"spin":0
"width":0,
"despawnEffect":{
"type":"ParticleEffect",
"lightOpacity":0,
"length":70,
"baselength":-70
"cone":360,
"randLength":false,
"sizeFrom":25,
"sizeTo":25,
"region":"wide",
"particles":1,
"lifetime":5
"colorFrom":"00000015",
"colorTo":"00000015",
"spin":-6.5
}
"frontColor":"99e0ff",
"backColor":"99e0ff"
"fragBullets":1
"fragBullet":{
"type":"LaserBulletType"
"hitEffect":"hitLancer"
"despawnEffect":"none"
"colors":["00000000""00000000""00000000"]
"length":54
"width":5
"hitSize":2
"lifetime":18
"drawSize":1
"light":3
"lightLent":120
"lightColor":"99e0ff"
"lightDamag":185
"damage":180
"layer":108
}
}
}
{
"type":"ShieldArcAbility",
"radius":220
"angle":172
"angleOffset":0
"regen":12
"width":25
"cooldown":120
"max":125000
"x":0
"y":0
"whenShooting":false
}
{
"type":"ShieldArcAbility",
"radius":245
"angle":152
"angleOffset":80
"regen":12
"width":25
"cooldown":120
"max":125000
"x":0
"y":0
"whenShooting":false
}
{
"type":"ShieldArcAbility",
"radius":245
"angle":152
"angleOffset":-80
"regen":12
"width":25
"cooldown":120
"max":125000
"x":0
"y":0
"whenShooting":false
}
]
"weapons":[
{
"name":"青空5"
"y":123.5
"x":45.5
"shoot":{
"shots":2
"shotDelay":20
"type":"ShootAlternate",
"barrels":2
"spread":8
}
"shootSound":"laser",
"inaccuracy":2
"parentizeEffects":true,
"range":800
"recoil":2
"rotate":true
"rotateSpeed":2.8
"reload":20
"shake":3
"bullet":{
"smokeEffect":"shootSmallFlame",
"speed":5
"shootSound":"laserblast"
"shootEffect":{
"type":"ParticleEffect",
"particles":3
"baseLength":8,
"length":25
"lifetime":30
"line":true,
"interp":"pow5In",
"sizeInterp":"pow5Out",
"lenFrom":12,
"lenTo":0,
"strokeFrom":1,
"strokeTo":0,
"colorFrom":"c0ceff",
"colorTo":"c0ceff",
"cone":60
}
"type":"EmpBulletType",
"sprite":"circle-bullet",
"width":0
"height":0
"shrinkY":0
"speed":0
"lifetime":0
"priceArmor":true
"damage":120
"radius":0
"splashDamageRadius":8
"splashDamage":50
"timeIncrease":2
"powerDamageScl":1.2
"unitDamageScl":1.2
"hitUnits":true,
"scaleLife":true,
"status":"electrified",
"statusDuration":300
"frontColor":"99e0ff",
"backColor":"99e0ff",
"hitShake":5
"smokeEffect":"shootBigSmoke2",
"hitSound":"boom",
"knockback":2
"fragBullets":38
"fragVelocityMin":0.3
"fragRandomSpread":0,
"fragBullet":{
"type":"LaserBoltBulletType"
"drag":0.016
"trailWidth":0.9
"trailLength":6
"trailColor":"99ecff"
"priceArmor":true
"weaveScale":4
"weaveMag":1
"keepVelocity":false,
"absorbable":false,
"speed":12
"lifetime":70
"width":0
"height":0
"knockback":0.8
"splashDamageRadius":18
"splashDamage":28
"status":"熔断",
"statusDuration":10
"trailLength":8
"trailWidth":2
"trailColor":"99e0ff",
"trailChance":0.3
"hitEffect":{
"type":"MultiEffect",
"effects":[
{
"type":"ParticleEffect",
"particles":1
"sizeFrom":18
"lenTo":0
"length":0
"baseLength":0
"lifetime":10
"colorFrom":"99e0ff72",
"colorTo":"99e0ff00"
}
]
}
}
}
}
{
"name":"青空主炮"
"y":-8
"x":0
"minWarmup":0.85
"shootWarmupSpeed":0.1
"continuous":true,
"mirror":false,
"shoot":{
"type":"ShootPattern",
"firstShotDelay":100
},
"shootSound":"laserblast",
"chargeSound":"lasercharge",
"inaccuracy":0,
"parentizeEffects":true,
"range":1600
"recoil":0
"rotate":true
"rotateSpeed":20
"reload":800
"cooldownTime":120
"shake":10
"bullet":{
"type":"PointBulletType",
"damage":50,
"lifetime":90,
"collides":false
"hittable":false,
"absorbable":false,
"hitSound":"lasercharge2",
"trailEffect":{
"type":"ParticleEffect",
"particles":1,
"length":1,
"baseLength":1,
"lifetime":140,
"line":true,
"lenFrom":20,
"lenTo":20,
"strokeFrom":4,
"strokeTo":0,
"colorFrom":"00000000",
"colorTo":"00000000",
"cone":0
},
"despawnEffect":{
"type":"ParticleEffect",
"particles":1,
"sizeFrom":18,
"sizeTo":12,
"length":0,
"baseLength":0,
"lifetime":62,
"colorFrom":"99ecff",
"colorTo":"99ecff00",
"cone":0
},
"smokeEffect":"none",
"hitEffect":{
"type":"WaveEffect",
"lifetime":50,
"sizeFrom":180,
"sizeTo":0,
"strokeFrom":8,
"strokeTo":1,
"colorFrom":"99ecff80",
"colorTo":"99ecff"
},
"maxRange":1800
"damage":8580
"hitShake":12
"lightningDamage":338
"lightning":8
"lightningLength":10,
"speed":60
"lifetime":65
"status":"时空停滞",
"statusDuration":300
"hitSound":"laserblast",
"fragBullets":1
"fragLifeMin":1.6
"fragVelocityMin":0
"fragBullet":{
"collides":false
"hittable":false,
"absorbable":false,
"damage":8580
"hitShake":12
"lightningDamage":338
"lightning":8
"lightningLength":10,
"speed":0
"lifetime":60
"bulletInterval":1
"intervalBullets":2
"intervalRandomSpread":0
"intervalSpread":0
"intervalAngle":0,
"intervalBullet":{
"collides":false
"hittable":false,
"absorbable":false,
"pierceArmor":true
"pierce":true
"speed":0
"hitShake":0
"splashDamage":320
"splashDamageRadius":280
"despawnEffect":{
"type":"MultiEffect",
"effects":[
{
"type":"ParticleEffect"
"particles":2
"sizeFrom":3
"sizeTo":16
"interp":"pow5In",
"length":-600
"baseLength":688
"lifetime":24
"colorFrom":"99e0ff99",
"colorTo":"99e0ff"
}
]
}
}
"fragBullets":1
"fragLifeMin":1
"fragVelocityMin":0
"fragBullet":{
"collides":false
"hittable":false,
"absorbable":false,
"speed":0
"lifetime":0
"splashDamageRadius":240
"splashDamage":4558
"status":"熔断",
"statusDuration":380
"despawnEffect":{
"type":"MultiEffect",
"effects":[
{
"type":"ParticleEffect",
"particles":1
"sizeFrom":3
"startDelay":20
"sizeTo":102
"lifetime":25
"length":0
"sizeInterp":"pow5Out",
"baseLength":0
"layer":111
"colorFrom":"00000030",
"colorTo":"000000ff"
}
{
"type":"ParticleEffect",
"particles":1
"sizeFrom":9
"sizeTo":125
"startDelay":25.5
"length":0
"sizeInterp":"pow5Out",
"baseLength":0
"lifetime":20
"colorFrom":"99ecff30",
"colorTo":"99ecffbe"
}
]
}
"bulletInterval":59
"intervalBullets":1
"intervalRandomSpread":0
"intervalSpread":0
"intervalAngle":0,
"intervalBullet":{
"collides":false
"hittable":false,
"absorbable":false,
"pierceArmor":true
"pierce":true
"speed":0
"hitShake":0
"splashDamage":320
"splashDamageRadius":200
"fragBullets":1
"fragLifeMin":1.42
"fragLifeMax":1.42
"fragVelocityMin":0
"fragBullet":{
"collides":false
"hittable":false,
"absorbable":false,
"speed":0
"lifetime":220
"width":0
"height":0
"hitShake":30
"splashDamageRadius":500
"splashDamage":22400
"status":"融熔",
"hitSound":"largecannon"
"statusDuration":60
"hitEffect":{
"type":"MultiEffect",
"effects":[
{
"type":"WaveEffect",
"lifetime":25
"sizeFrom":0
"sizeTo":520
"strokeFrom":18
"strokeTo":0,
"colorFrom":"99e0ff95",
"colorTo":"99e0ff40"
}
{
"type":"WaveEffect",
"lifetime":25
"sizeFrom":0
"sizeTo":588
"strokeFrom":12
"strokeTo":0,
"colorFrom":"99e0ff85",
"colorTo":"99e0ff40"
}
{
"type":"ParticleEffect",
"particles":1
"sizeFrom":450
"sizeTo":0
"length":0
"baseLength":0
"lifetime":32
"colorFrom":"99e0ff20",
"colorTo":"99e0ff00"
}
{
"type":"ParticleEffect",
"particles":1
"sizeFrom":525
"sizeTo":0
"length":0
"baseLength":0
"lifetime":28
"colorFrom":"99e0ff60",
"colorTo":"99e0ff20"
}
{
"type":"ParticleEffect",
"particles":38
"interp":"pow5Out"
"sizeInterp":"pow10In"
"sizeFrom":28
"sizeTo":0
"lenTo":42
"length":420
"baseLength":12
"lifetime":48
"colorFrom":"99e0ff99",
"colorTo":"99ecff30"
}
{
"type":"ParticleEffect",
"particles":38
"interp":"pow5Out"
"sizeInterp":"pow10In"
"sizeFrom":28
"startDelay":10
"sizeTo":0
"lenTo":50
"length":508
"baseLength":8
"lifetime":40
"colorFrom":"99e0ff99",
"colorTo":"99ecff30"
}
]
}
}
}
"fragBullets":1
"fragLifeMin":0
"fragVelocityMin":0
"fragBullet":{
"collides":false
"hittable":false,
"absorbable":false,
"speed":0
"lifetime":0
"splashDamageRadius":240
"splashDamage":4558
"status":"短路",
"statusDuration":380
"despawnEffect":{
"type":"MultiEffect",
"effects":[
{
"type":"ParticleEffect",
"particles":1
"startDelay":45
"sizeFrom":102
"sizeTo":102
"lifetime":30
"length":0
"sizeInterp":"pow5Out",
"baseLength":0
"layer":111
"colorFrom":"000000ff",
"colorTo":"000000ff"
}
{
"type":"ParticleEffect",
"particles":1
"startDelay":45.5
"sizeFrom":125
"sizeTo":125
"length":0
"sizeInterp":"pow5Out",
"baseLength":0
"lifetime":30
"colorFrom":"99ecffbe",
"colorTo":"99ecffbe"
}
]
}
"fragBullets":1
"fragLifeMin":0
"fragVelocityMin":0
"fragBullet":{
"collides":false
"hittable":false,
"absorbable":false,
"speed":0
"lifetime":0
"splashDamageRadius":240
"splashDamage":4958
"status":"短路",
"statusDuration":380
"despawnEffect":{
"type":"MultiEffect",
"effects":[
{
"type":"ParticleEffect",
"particles":1
"startDelay":75
"sizeFrom":102
"sizeTo":0
"lifetime":32
"length":0
"sizeInterp":"pow5Out",
"baseLength":0
"layer":111
"colorFrom":"000000ff",
"colorTo":"000000ff"
}
{
"type":"ParticleEffect",
"particles":1
"startDelay":75.5
"sizeFrom":125
"sizeTo":0
"length":0
"sizeInterp":"pow5Out",
"baseLength":0
"lifetime":42
"colorFrom":"99ecffbe",
"colorTo":"99ecffbe"
}
]
}
"fragBullets":1
"fragLifeMin":0.95
"fragVelocityMin":0
"fragBullet":{
"collides":false
"hittable":false,
"absorbable":false,
"speed":0
"lifetime":120
"width":0
"height":0
"hitShake":22
"splashDamageRadius":380
"splashDamage":258
"status":"紊乱",
"hitSound":"largecannon"
"statusDuration":300
"hitEffect":{
"type":"MultiEffect",
"effects":[
{
"type":"WaveEffect",
"lifetime":20
"sizeFrom":5
"sizeTo":420
"sizeInterp":"pow5Out"
"strokeFrom":18
"strokeTo":0,
"colorFrom":"99e0ff55",
"colorTo":"99e0ff40"
}
{
"type":"ParticleEffect",
"particles":1
"sizeFrom":0
"sizeTo":500
"length":0
"baseLength":0
"lifetime":32
"colorFrom":"99e0ff80",
"colorTo":"99e0ff32"
}
{
"type":"ParticleEffect",
"particles":1
"startDelay":32
"sizeFrom":500
"sizeInterp":"pow5Out",
"sizeTo":500
"length":0
"baseLength":0
"lifetime":180
"colorFrom":"99e0ff32",
"colorTo":"99e0ff32"
}
{
"type":"ParticleEffect",
"particles":1
"startDelay":212
"sizeFrom":500
"sizeInterp":"pow5In",
"sizeTo":0
"lenTo":0
"length":0
"baseLength":0
"lifetime":22
"colorFrom":"99e0ff32",
"colorTo":"99ecffbe"
}
]
}
"fragBullets":83
"fragLifeMin":1.2
"fragLifeMax":3.5
"fragVelocityMin":0.2
"fragBullet":{
"collides":false
"hittable":false,
"absorbable":false,
"type":"BasicBulletType",
"sprite":"circle-bullet",
"speed":28
"lifetime":50
"drag":0.049
"width":18
"height":22
"frontColor":"99e0ff"
"backColor":"99e0ff"
"knockback":8
"hitShake":6
"hitSound":"plasmaboom"
"splashDamageRadius":40
"splashDamage":528
"status":"紊乱",
"statusDuration":120
"hitEffect":{
"type":"MultiEffect",
"effects":[
{
"type":"WaveEffect",
"lifetime":20
"sizeFrom":5
"sizeTo":52
"strokeFrom":3
"strokeTo":0,
"colorFrom":"99e0ff",
"colorTo":"99e0ff20"
}
{
"type":"ParticleEffect",
"particles":1
"sizeFrom":51
"lenTo":0
"length":0
"baseLength":0
"lifetime":13
"colorFrom":"99e0ff72",
"colorTo":"99e0ff00"
}
]
}
}
}
}
}
}
}
}
}
{
"name":"青空3"
"continuous":false
"y":-61.75
"x":-69.5
"unitSort":"fastest",
"top":true
"recoil":5
"rotate":true
"rotateSpeed":3
"reload":10
"shootSound":"laser"
"shootY":8
"shoot":{
"shots":2
"shotDelay":10
"type":"ShootAlternate",
"barrels":2
"spread":15
}
"bullet":{
"type":"EmpBulletType",
"sprite":"circle-bullet",
"width":8
"height":15
"shrinkY":0
"speed":22
"lifetime":38
"damage":108.85
"radius":40
"splashDamageRadius":45
"splashDamage":58
"timeIncrease":2
"powerDamageScl":1.2
"unitDamageScl":1.2
"hitUnits":true,
"scaleLife":true,
"status":"electrified",
"statusDuration":80
"frontColor":"99e0ff",
"backColor":"99e0ff",
"trailLength":12
"trailWidth":4
"trailColor":"99e0ff",
"trailChance":0.38
"trailInterval":1
"trailRotation":true
"trailEffect":
{
"type":"ParticleEffect",
"particles":1
"region":"这是一个模组-菱形"
"sizeFrom":3
"sizeTo":0
"sizeInterp":"pow10In",
"interp":"pow5Out",
"length":-38
"baseLength":0,
"lifetime":25
"colorFrom":"99e0ff",
"colorTo":"99e0ff30"
"spin":2
"cone":18
}
"hitShake":8
"shootEffect":"hitEmpSpark",
"smokeEffect":"shootBigSmoke2",
"hitSound":"plasmaboom",
"despawnEffect":{
"type":"ParticleEffect",
"particles":5
"line":true,
"strokeFrom":2
"strokeTo":0,
"lenFrom":12
"lenTo":1
"length":21
"baseLength":2
"lifetime":20
"colorFrom":"99e0ff",
"colorTo":"99e0ff"
},
"hitEffect":{
"type":"WaveEffect",
"lifetime":22
"sizeFrom":0
"sizeTo":33
"strokeFrom":4
"strokeTo":0,
"colorFrom":"99e0ff",
"colorTo":"99e0ff"
}
"hitSound":"plasmaboom",
"knockback":2
"spawnBullets":[
{
"type":"LaserBulletType",
"healPercent":5
"damage":92
"priceArmor":true
"collidesTeam":true,
"sideAngle":30,
"sideWidth":0.8,
"sideLength":70,
"lifetime":22
"colors":[
"99e0ff90",
"99ecff80",
"FFFFFF"
],
"width":15
"length":108
},
],
}
}
{
"name":"青空4"
"y":-18.25
"x":-66.25
"top":true
"maxRange":1200
"recoil":6
"rotate":true
"rotateSpeed":3
"reload":100
"shoot":{
"shots":2
"shotDelay":19
"type":"ShootAlternate",
}
"shootSound":"laserblast",
"bullet":{
"smokeEffect":"shootSmallFlame",
"speed":5
"shootEffect":{
"type":"ParticleEffect",
"particles":5
"baseLength":8,
"length":22
"lifetime":30
"line":true,
"interp":"pow5In",
"sizeInterp":"pow5Out",
"lenFrom":12,
"lenTo":0,
"strokeFrom":1,
"strokeTo":0,
"colorFrom":"c0ceff",
"colorTo":"c0ceff",
"cone":60
}
"type":"EmpBulletType",
"sprite":"circle-bullet",
"width":12
"height":28
"shrinkY":0
"speed":18
"lifetime":66.7
"damage":928.85
"radius":80
"splashDamageRadius":45
"splashDamage":58
"timeIncrease":2
"powerDamageScl":1.2
"unitDamageScl":1.2
"hitUnits":true,
"scaleLife":true,
"status":"electrified",
"statusDuration":180
"frontColor":"99e0ff",
"backColor":"99e0ff",
"trailLength":18
"trailWidth":6
"trailColor":"99e0ff",
"trailChance":0.38
"trailInterval":1
"trailRotation":true
"trailEffect":
{
"type":"ParticleEffect",
"particles":1
"region":"这是一个模组-菱形"
"sizeFrom":3
"sizeTo":0
"sizeInterp":"pow10In",
"interp":"pow5Out",
"length":-35
"baseLength":0,
"lifetime":51
"colorFrom":"99e0ff",
"colorTo":"99e0ff30"
"spin":2
"cone":29
}
"hitShake":8
"shootEffect":"hitEmpSpark",
"smokeEffect":"shootBigSmoke2",
"hitSound":"plasmaboom",
"despawnEffect":{
"type":"ParticleEffect",
"particles":5
"line":true,
"strokeFrom":2
"strokeTo":0,
"lenFrom":12
"lenTo":1
"length":21
"baseLength":2
"lifetime":20
"colorFrom":"99e0ff",
"colorTo":"99e0ff"
},
"hitEffect":{
"type":"MultiEffect",
"effects":[
{
"type":"WaveEffect",
"lifetime":22
"sizeFrom":0
"sizeTo":33
"strokeFrom":4
"strokeTo":0,
"colorFrom":"99e0ff",
"colorTo":"99e0ff"
}
{
"type":"ParticleEffect",
"particles":1
"sizeFrom":120
"lenTo":0
"length":0
"baseLength":0
"lifetime":14
"colorFrom":"99e0ff80",
"colorTo":"99e0ff00"
}
{
"type":"ParticleEffect",
"particles":1
"region":"这是一个模组-十字星"
"sizeFrom":80
"sizeTo":60
"spin":8
"lenTo":0
"length":0
"baseLength":0
"lifetime":8
"colorFrom":"99e0ff",
"colorTo":"99e0ff00"
}
]
}
"hitSound":"plasmaboom",
"knockback":5
"fragBullets":3
"fragLifeMin":0.2
"fragVelocityMin":0.5
"fragBullet":{
"priceArmor":true
"speed":8
"lifetime":25
"width":0
"height":0
"knockback":5
"splashDamageRadius":40
"splashDamage":185
"status":"熔断",
"statusDuration":430
"trailLength":12
"trailWidth":4
"trailColor":"99e0ff",
"trailChance":0.38
"trailInterval":1
"trailRotation":true
"trailEffect":
{
"type":"ParticleEffect",
"particles":1
"line":true
"lenFrom":3
"lenTo":0
"strokeFrom":8
"strokeTo":7
"sizeInterp":"pow10In",
"interp":"pow5Out",
"length":-35
"baseLength":5
"lifetime":18
"colorFrom":"99e0ff",
"colorTo":"99e0ff30"
"cone":10
}
"hitEffect":{
"type":"MultiEffect",
"effects":[
{
"type":"WaveEffect",
"lifetime":18
"sizeFrom":5
"sizeTo":20
"strokeFrom":3
"strokeTo":0,
"colorFrom":"99e0ff",
"colorTo":"99e0ff20"
}
{
"type":"ParticleEffect",
"particles":1
"sizeFrom":40
"lenTo":0
"length":0
"baseLength":0
"lifetime":11
"colorFrom":"99e0ff72",
"colorTo":"99e0ff00"
}
]
}
}
"spawnBullets":[
{
"type":"LaserBulletType",
"healPercent":5
"damage":220
"priceArmor":true
"collidesTeam":true,
"sideAngle":30,
"sideWidth":0.8,
"sideLength":70,
"lifetime":38
"colors":[
"99e0ff90",
"99ecff80",
"FFFFFF"
],
"width":22
"length":420
},
],
}
}
{
"name":"青空4"
"y":52.25
"x":41.75
"top":true
"maxRange":1200
"recoil":6
"rotate":true
"rotateSpeed":3
"reload":120
"shootY":8
"shoot":{
"shots":2
"shotDelay":19
"type":"ShootAlternate",
}
"bullet":{
"smokeEffect":"shootSmallFlame",
"speed":5
"shootSound":"laserblast"
"shootEffect":{
"type":"ParticleEffect",
"particles":5
"baseLength":8,
"length":22
"lifetime":30
"line":true,
"interp":"pow5In",
"sizeInterp":"pow5Out",
"lenFrom":12,
"lenTo":0,
"strokeFrom":1,
"strokeTo":0,
"colorFrom":"c0ceff",
"colorTo":"c0ceff",
"cone":60
}
"type":"EmpBulletType",
"sprite":"circle-bullet",
"width":12
"height":28
"shrinkY":0
"speed":18
"lifetime":66.7
"priceArmor":true
"damage":928.85
"radius":80
"splashDamageRadius":45
"splashDamage":58
"timeIncrease":2
"powerDamageScl":1.2
"unitDamageScl":1.2
"hitUnits":true,
"scaleLife":true,
"status":"electrified",
"statusDuration":180
"frontColor":"99e0ff",
"backColor":"99e0ff",
"trailLength":18
"trailWidth":6
"trailColor":"99e0ff",
"trailChance":0.38
"trailInterval":1
"trailRotation":true
"trailEffect":
{
"type":"ParticleEffect",
"particles":1
"region":"这是一个模组-菱形"
"sizeFrom":3
"sizeTo":0
"sizeInterp":"pow10In",
"interp":"pow5Out",
"length":-35
"baseLength":0,
"lifetime":51
"colorFrom":"99e0ff",
"colorTo":"99e0ff30"
"spin":2
"cone":29
}
"hitShake":8
"shootEffect":"hitEmpSpark",
"smokeEffect":"shootBigSmoke2",
"hitSound":"plasmaboom",
"despawnEffect":{
"type":"ParticleEffect",
"particles":5
"line":true,
"strokeFrom":2
"strokeTo":0,
"lenFrom":12
"lenTo":1
"length":21
"baseLength":2
"lifetime":20
"colorFrom":"99e0ff",
"colorTo":"99e0ff"
},
"hitEffect":{
"type":"MultiEffect",
"effects":[
{
"type":"WaveEffect",
"lifetime":22
"sizeFrom":0
"sizeTo":33
"strokeFrom":4
"strokeTo":0,
"colorFrom":"99e0ff",
"colorTo":"99e0ff"
}
{
"type":"ParticleEffect",
"particles":1
"sizeFrom":120
"lenTo":0
"length":0
"baseLength":0
"lifetime":14
"colorFrom":"99e0ff80",
"colorTo":"99e0ff00"
}
{
"type":"ParticleEffect",
"particles":1
"region":"这是一个模组-十字星"
"sizeFrom":80
"sizeTo":60
"spin":8
"lenTo":0
"length":0
"baseLength":0
"lifetime":8
"colorFrom":"99e0ff",
"colorTo":"99e0ff00"
}
]
}
"hitSound":"plasmaboom",
"knockback":5
"fragBullets":3
"fragLifeMin":0.2
"fragVelocityMin":0.5
"fragBullet":{
"speed":8
"lifetime":25
"width":0
"height":0
"knockback":5
"splashDamageRadius":40
"splashDamage":185
"status":"熔断",
"statusDuration":430
"trailLength":12
"trailWidth":4
"trailColor":"99e0ff",
"trailChance":0.38
"trailInterval":1
"trailRotation":true
"trailEffect":
{
"type":"ParticleEffect",
"particles":1
"line":true
"lenFrom":3
"lenTo":0
"strokeFrom":8
"strokeTo":7
"sizeInterp":"pow10In",
"interp":"pow5Out",
"length":-35
"baseLength":5
"lifetime":18
"colorFrom":"99e0ff",
"colorTo":"99e0ff30"
"cone":10
}
"hitEffect":{
"type":"MultiEffect",
"effects":[
{
"type":"WaveEffect",
"lifetime":18
"sizeFrom":5
"sizeTo":20
"strokeFrom":3
"strokeTo":0,
"colorFrom":"99e0ff",
"colorTo":"99e0ff20"
}
{
"type":"ParticleEffect",
"particles":1
"sizeFrom":40
"lenTo":0
"length":0
"baseLength":0
"lifetime":11
"colorFrom":"99e0ff72",
"colorTo":"99e0ff00"
}
]
}
}
"spawnBullets":[
{
"type":"LaserBulletType",
"healPercent":5
"damage":220
"priceArmor":true
"collidesTeam":true,
"sideAngle":30,
"sideWidth":0.8,
"sideLength":70,
"lifetime":38
"colors":[
"99e0ff90",
"99ecff80",
"FFFFFF"
],
"width":22
"length":420
},
],
}
}
{
"name":"青空1"
"continuous":false
"y":-148.25
"x":-65
"top":true
"maxRange":1200
"range":1200
"recoil":4
"rotate":true
"shootSound":"laser"
"rotateSpeed":3
"reload":80
"bullet":{
"type":"PointBulletType",
"trailSpacing":9
"trailEffect":{
"type":"ParticleEffect",
"particles":1,
"length":1,
"baseLength":0,
"lifetime":50,
"line":true,
"randLength":false,
"lenFrom":10
"lenTo":11,
"strokeFrom":8
"strokeTo":7
"colorFrom":"99ecff",
"colorTo":"99e0ff00",
"cone":0
},
"despawnEffect":"instBomb",
"shootEffect":{
"type":"MultiEffect",
"effects":[
{
"type":"WaveEffect",
"lifetime":10,
"sizeFrom":5,
"sizeTo":80,
"strokeFrom":6,
"strokeTo":0,
"colorFrom":"99ecff",
"colorTo":"99e0ff"
},
{
"type":"ParticleEffect",
"particles":1,
"sizeFrom":20,
"sizeTo":0,
"length":0,
"baseLength":0,
"lifetime":55,
"colorFrom":"99ecff",
"colorTo":"99e0ff",
"cone":0
}
]
},
"smokeEffect":"smokeCloud",
"hitEffect":{
"type":"MultiEffect",
"effects":[
{
"type":"WaveEffect",
"lifetime":22,
"sizeFrom":0,
"sizeTo":80,
"strokeFrom":3,
"strokeTo":0,
"colorFrom":"99ecff",
"colorTo":"99e0ff"
},
{
"type":"ParticleEffect",
"particles":1,
"sizeFrom":25
"sizeTo":0,
"length":0,
"baseLength":0,
"lifetime":55,
"colorFrom":"99ecff",
"colorTo":"99e0ff",
"cone":0
}
]
}
"damage":2280
"hitShake":7
"ammoMultiplier":1,
"lightningDamage":120
"lightning":3
"lightningLength":10,
"speed":20
"lifetime":65
}
}
{
"name":"青空2"
"y":-116.75
"x":-61.25
"top":true
"maxRange":1800
"recoil":4
"rotate":true
"rotateSpeed":3
"reload":300
"shoot":{
"shots":6
"shotDelay":12.5
"type":"ShootAlternate",
"barrels":3
"spread":8
}
"bullet":{
"smokeEffect":"shootSmallFlame",
"speed":2.2
"shootSound":"boom"
"shootEffect":{
"type":"ParticleEffect",
"particles":5
"baseLength":8,
"length":22
"lifetime":30
"line":true,
"interp":"pow5In",
"sizeInterp":"pow5Out",
"lenFrom":12,
"lenTo":0,
"strokeFrom":1,
"strokeTo":0,
"colorFrom":"c0ceff",
"colorTo":"c0ceff",
"cone":60
}
"spawnUnit":"青空导弹"
}
}
{
"name":"青空2"
"y":83.75
"x":44.25
"top":true
"maxRange":1800
"recoil":4
"rotate":true
"rotateSpeed":3
"reload":350
"shoot":{
"shots":3
"shotDelay":21
"type":"ShootAlternate",
"barrels":3
"spread":8
}
"bullet":{
"smokeEffect":"shootSmallFlame",
"speed":2.25
"shootSound":"boom"
"shootEffect":{
"type":"ParticleEffect",
"particles":5
"baseLength":8,
"length":22
"lifetime":30
"line":true,
"interp":"pow5In",
"sizeInterp":"pow5Out",
"lenFrom":12,
"lenTo":0,
"strokeFrom":1,
"strokeTo":0,
"colorFrom":"c0ceff",
"colorTo":"c0ceff",
"cone":30
}
"spawnUnit":"青空导弹"
}
}
{
"name":"青空激光",
//"rotationLimit":8
//"rotate":true,
//"rotateSpeed":1.5
"mirror":false,
"top":false,
"shake":3
"shootY":0
"x":0,
"y":0,
"reload":420
"recoil":0,
"parentizeEffects":true,
"shoot":{
"type":"ShootPattern",
"firstShotDelay":0
},
"chargeSound":"lasercharge2",
"shootSound":"beam",
"continuous":true,
"cooldownTime":100
"bullet":{
"type":"ContinuousLaserBulletType",
"hitEffect":{
"type":"ParticleEffect",
"particles":6,
"baseLength":8,
"length":18,
"lifetime":10,
"line":true,
"lenFrom":16,
"lenTo":0,
"strokeFrom":1.6,
"strokeTo":0,
"colorFrom":"c0ceff",
"colorTo":"99ceff"
},
"shootEffect":{
"type":"ParticleEffect",
"particles":3,
"baseLength":8,
"length":38,
"lifetime":20
"line":true,
"lenFrom":12,
"lenTo":0,
"strokeFrom":1,
"strokeTo":0,
"colorFrom":"c0ceff",
"colorTo":"c0ceff",
"cone":60
},
"smokeEffect":"none",
"status":"熔断",
"statusDuration":600
"collidesTeam":true,
"pierceArmor":true,
"pierceBuild":true,
"healPercent":1
"ammoMultiplier":4
"length":708.5
"damage":328
"lifetime":380
"colors":[
"99e0ff99",
"99ecffef",
"FFFFFF"
],
"chargeEffect":{
"type":"MultiEffect",
"effects":[
{
"type":"WaveEffect",
"lifetime":90
"sizeFrom":280
"sizeTo":0,
"strokeFrom":0
"strokeTo":10
"interp":"circleIn",
"colorFrom":"c0ceff20",
"colorTo":"c0ceff"
},
{
"type":"ParticleEffect",
"particles":33,
"baseLength":-220,
"length":80,
"lifetime":80
"line":true,
"lenFrom":0,
"lenTo":10,
"strokeFrom":1,
"strokeTo":1.5,
"interp":"pow5In",
"sizeInterp":"pow3Out",
"colorFrom":"FFFFFF",
"colorTo":"99ceff"
}
{
"type":"ParticleEffect",
"particles":21
"baseLength":-220,
"length":80,
"startDealy":15
"lifetime":60
"line":true,
"lenFrom":0,
"lenTo":8
"strokeFrom":1,
"strokeTo":1.5,
"interp":"pow5In",
"sizeInterp":"pow3Out",
"colorFrom":"FFFFFF",
"colorTo":"99ceff"
}
]
},
"incendChance":0.1,
"incendSpread":8,
"incendAmount":1
"bulletInterval":1.3
"intervalBullets":1,
"intervalRandomSpread":12
"intervalBullet":{
"type":"MissileBulletType",
"reflectable":false,
"pierceArmor":true,
"frontColor":"99ecff",
"backColor":"99e0ff",
"healPercent":2
"status":"融熔",
"statusDuration":10,
"damage":58
"splashDamageRadius":28
"splashDamage":82
"homingRange":88
"homingDelay":6
"trailLength":5
"trailWidth":3.2
"trailColor":"99e0ff",
"sprite":"circle-bullet",
"shootEffect":"none",
"hitEffect":{
"type":"MultiEffect",
"effects":[
{
"type":"ParticleEffect",
"particles":8
"sizeFrom":3,
"sizeTo":0,
"length":18,
"baseLength":0,
"lifetime":25,
"colorFrom":"99e0ff",
"colorTo":"99e0ff90"
},
{
"type":"WaveEffect",
"lifetime":10,
"sizeFrom":1,
"sizeTo":18,
"strokeFrom":4,
"strokeTo":0,
"colorFrom":"99e0ff",
"colorTo":"99e0ff90"
}
]
},
"despawnEffect":"none",
"collidesTeam":true,
"speed":18
"lifetime":72
"drag":0.012
"width":10
"height":10
}
}
}
]
"research":"copper"
}