{
	"type":"ForceProjector",
	"name":"小型立场盾发生器",
	"description":"生成一个小范围能量盾立场，保护一定区内的单位，坚固但是耗电",
	"health":300,
	"size":2,
	"radius":80,
	"canOverdrive": false,
	"shieldHealth": 600,//
	"cooldownNormal":1,
	"cooldownLiquid":1,
	"cooldownBrokenBase":1,//破坏后回复速度
	"phaseRadiusBoost":0,
	"phaseShieldBoost":0,
	"consumes":{
		"power":8,
		}
	"requirements":[
	{ "item":"钢","amount":180},
	{ "item":"硅晶玻璃","amount":150},
	{ "item":"钛","amount":250},
	{ "item":"波动合金","amount":80}
	    ],
    "research": {
	"parent":"监管"
	"objectives": [
            {
				"type": "SectorComplete",
				"preset": "ES裂孢巷(增生区)"
			}
	]
	}
	    "researchCostMultiplier": 1,
	        "canOverdrive": false,
	"category": "effect"
}