{	"type":"LightBlock",
  "name":" ES灯",
  "description": "建立起一个光照区域，有利于获取敌方动向，灯较为脆弱。",
  	"details":"原宇宙已有，研究费用降低",
  "size":1,
  "health": 300,
  "brightness":1.0,
  "radius": 200,
  "buildCostMultiplier":0.5,
  "consumes":{"power":1.5},
  "requirements": [
	{ "item": "铅", "amount": 60},
	{ "item": "硅", "amount":50},
	{ "item": "钢化玻璃", "amount": 20}
	],
   	"category": "effect",
	"research":"微型逻辑处理器",
	"buildVisibility":"lightingOnly"
	"research": {
		"parent": "微型逻辑处理器",
		"objectives": [
            {
				"type": "SectorComplete",
				"preset": "ES生物质合成区"
			}
			]}
	    "researchCostMultiplier": 0.2,
	        "canOverdrive": false,
	}