{
    "type": "PowerTurret",
    "name": "监管",
    "description": "发射修复激光修复友方单位,适合延缓防线破坏程度,主动修复友方单位。",
    "targetAir": false,
    "targetGround": false,
    "health": 800,
    "size": 2,
    "heatColor": "turretHeat",
    "shootSound": "sap",
    "shake": 0.2,
    "inaccuracy": 0,
    "recoil": 0,
    "shoot": {
        "type": "ShootAlternate",
        "barrels": 1,
        "spread": 4
    },
    "recoilTime": 100,
	"targetHealing":true,
	"canOverdrive": false,
    "shootType": {
	"type":"BasicBulletType",/*子弹类型 */
	"frontColor":"97FFA8FF",/*子弹颜色 正面颜色*/
	"backColor":"97FFA8FF",/*背景色 */
	"width": 15,/*子弹宽度 */
	"height": 20,/*子弹长度 */
	"speed": 10,/*子弹速度 */
	"lifetime":28,//存在时间，帧
      	"healPercent": 1,
        "damage":0
        "collidesAir": false
        "collidesGround": true
        "targetAir": false
        "targetGround": false
                "collidesTeam":true,
    },
    "consumes": {
        "power": 3,
    },
    "reload": 30,
    "rotateSpeed": 12,
    "range": 280,
    "category": "turret",
    "research": "mend-projector",
    "requirements": [
        {"item": "铜", "amount": 70  },
        { "item": "铅","amount": 120 },
        { "item": "硅", "amount": 80 }
        { "item": "钛", "amount": 40 }
    ]
    "research": {
	"parent":"波浪"
	"objectives": [
            {
				"type": "OnSector",
				"preset": "ES绵延山区"
			}
	]
	}
	    "researchCostMultiplier": 0.5,
	        "canOverdrive": false,
}