{
    "type": "GenericCrafter",
    "name": "打包器-冷冻液",
    "description": "将水冷冻液打包",
    "outputItem": {
        "item": "冷冻液桶",
        "amount": 50
    },
    "size": 3,
    "itemCapacity": 600,
    "hasPower": true,
    "hasLiquids": true,
    "hasItems": flase,
    "craftTime": 60,
    "consumes": {
        "power": 1,
        "liquid": {
            "liquid": "cryofluid",
            "amount": 1
                }
        },
    "requirements": [
        {
            "item": "copper",
            "amount": 63
        },
        {
            "item": "铁",
            "amount": 100
        },
        {
            "item": "metaglass",
            "amount": 80
        },
        {
            "item": "silicon",
            "amount": 65
        },
        {
            "item": "titanium",
            "amount": 60
        }
    ],
    "category": "crafting",
    "research": "water-extractor",
    "updateEffect": "pulverizeMedium"
        }