{
    "type": "ThermalGenerator",
    "name": "地热发电机",
    "description": "放置在部分熔岩地板即可产生热能，并且立刻将热能转化为电能 ",
    "size":2,
    "health":30,
    "armor":1,
    "floating":true,
    "generateEffect":"coalSmeltsmoke",
    "effectChance":0.01
    "powerProduction":1.75,
    "requirements": [
        "压缩铜/85",
        "压缩石墨/125"
         "压缩玻璃/75"
	],
	"research": {
		"parent": "火力发电机",
		"objectives": [
      {
				"type": "SectorComplete",
				"preset": "Welcome"
			},
    ],
	},
	"category": "power",
}