{
    "type":"PowerNode",
    "name":"大型能量中枢",
    "description":"向连接的其他节点输送电力，也能从相邻的建筑接收电力或输送。",
    "size":2,
     "laserColor1":"#C42424FF",//有电时激光颜色
    "laserColor2":"#881E1EFF",//没电时激光颜色
    "health":30,
    "maxNodes":12,
    "armor":1,
    "laserRange":18,
	"hasPower":true,
	// "consumesPower": true,
	// "outputsPower": true,
    "requirements": [
        "压缩铅/8",
        "压缩铜/8",
        ],
        "research":"基础能量中枢",
        "category":"power"
}