{
    "type": "ConsumeGenerator",
    "name": "热能发电机",
    "description": "燃矿渣后发电",
     "details":"nnn ",
    "size":2,
    "armor":1,
    "health":110,
    "hasLiquids": true,
    "hasItems": false,
    "itemDuration":20,
    //发电时间
    "powerProduction":5,
    //发电量
    "itemCapacity":0,
    //物品容量
    "liquidCapacity":30,
    "generateEffect": "generatespark",
    "consumes": {
        "liquid": "slag/0.3"
    },
    "requirements": [
        "压缩玻璃/80",
        "压缩石墨/30",
    ],
    "drawer":{
		"type":"DrawMulti",
		"drawers":[
		
			{
				"type":"DrawDefault"
			},
			{
				"type":"DrawWarmupRegion",
				//发热特效
			}
			  {
				"type":"DrawLiquidRegion",
				//这个type允许使用-liquid贴图
				"drawLiquid":"slag"
				//-liquid贴图选用的液体颜色
			},
		]
	}
    "ambientSound": "smelter",
    "ambientSoundVolume":0.04,
    "category": "power",
    	"research": {
		"parent": "火力发电机",
		"objectives": [
        "压缩玻璃"
    ],
   // "researchCostMultiplier":40,
	},
  //  "research": "能量中枢"
}