{
	"name":"诡蝠",
	"description":"小型飞行单位，投掷穿刺性毒针腐蚀敌人。"
    "health":75,
    "drawCell":false,//队伍标识
    "accel":0.06
    "drag":0.018
	"hitSize":13,
	//碰撞箱
    "rotateSpeed":5,
    //转身速度
    "fallSpeed":1//坠落速度
    "itemCapacity":0,
    //物品容量
    "canDrown":false,
    //能否被淹死
    "buildSpeed":0,
    //建筑速率
    "type":"flying",
    //空军
    "targetAir":true
    //攻击空军
    "flying":true,
    //是否飞行
    "speed":1.75,
    //移速
    "lowAltitude":false,
    "engineSize":0,
    //引擎尺寸
    "armor":0,
    //护甲
    "research":"1爆虫",
    "range":94,
	"createScorch": false,//死后黑圈
	"immunities":[
        "poison"
        ],//免疫效果
	"deathExplosionEffect":{
  	"type":"multiEffect",
"effects":[
{
"type": "ExplosionEffect",
"sparkColor":"9E78DCFF",//火花颜色
"sparkStroke":3,//火花宽
"sparkRad":18,//火花半径
"sparkLen":8,//长度
"sparks":8,//火花数
				},//死后爆炸特效
		]}
"weapons":[
		{
            "name":"空",
            "mirror":false,
            "y":-10,
            "x":0,
            "reload":120,
            //射速
            "recoil":2,
            //后坐力
            "shake":0,
            //屏幕摇晃
            "shootSound": "shoot",
            "rotate":false,
            "shootCone":10,
        "inaccuracy":5,//不准确度
            "bullet": {
                "type": "BasicBulletType",
                "damage":25,
                "buildingDamageMultiplier":2,//建筑杀伤倍率
                "sprite":"野性之心-angle",//子弹贴图
			"spin": 0,//子弹旋转速度
			"shrinkY": 0,"shrinkX": 0,//子弹变形程度
			"pierce":true,//穿透
			"pierceCap":4,//穿透数量
			"speed": 6,
			"lifetime":16,
			"width":8,	"height":16,//宽长度
		"homingDelay":4,//跟踪延迟
        "homingRange":80,//跟踪半径
	    "homingPower":0.08,//跟踪力度（1=3000度）
	    "pierce":true,//穿透
		"pierceBuilding":true//穿透建筑
		"pierceCap":3,//穿透数量
			"backColor":"9b95c9",
			//子弹边缘颜色
			"frontColor":"9E78DCFF",
			//子弹中心颜色
			"trailLength": 8,//尾迹长
            "trailWidth": 1,//尾迹宽"trailLength":20,
        //"trailChance": 1,
		//"trailRotation": true,
                    "trailColor":"BF92F9FF",
                "trailEffect":{
                    "type": "ParticleEffect",
					"particles": 1,
					"lifetime": 32,
					"length": 5,
					"sizeFrom": 0.5,
					"sizeTo": 1,
					"interp": "circleOut",
					//"region": "野性之心-贴图名",
					"colorFrom": "9b95c9",
					"colorTo": "6950a1"
                    }
            "trailInterval" :3,//尾迹特效间隔
        //"trailChance": 1,
		//"trailRotation": true,
                    "trailColor":"BF92F9FF",
                "trailEffect":{
                    "type": "ParticleEffect",
					"particles": 1,
					"lifetime": 32,
					"length": 6,
					"sizeFrom": 0.5,
					"sizeTo": 1,
					"interp": "circleOut",
					//"region": "野性之心-贴图名",
					"colorFrom": "665C9FFF",
					"colorTo": "BF92F9FF"
                    }
			"status":"poison",
        "statusDuration": 720//效果时长
        "hitEffect":{
  	"type":"multiEffect",
"effects":[
{
"type": "ExplosionEffect",
"sparkColor":"9E78DCFF",//火花颜色
"sparkStroke":1.2,//火花宽
"sparkRad":12,//火花半径
"sparkLen":6,//长度
"sparks":4,//火花数
"smokes":0,//烟雾数
"waveStroke":0,//波形宽度
"waveRad":0,//波浪半径
				},
]}
	    "despawnEffect": {
		"type": "ParticleEffect",
		"particles": 1,
		"sizeFrom": 2,
		"sizeTo": 0,
		"length": 0,
		"lifetime": 0,
		"interp": "circleOut",
		"colorFrom": "7457CEFF",
		"colorTo": "9E78DCFF",
		"cone": 360},
			}}
        ]
}