{
	"type":"legs",//爬爬
	"flying":false,//是否飞行
	"legCount": 6,
	"legMoveSpace": 1,
	"lockLegBase":true,
	"allowLegStep": true,
	"hovering":true,
    "legPhysicsLayer":false,
    "legContinuousMove":true,
    "legExtension":-2,
    "legBaseOffset":4,
    "legMaxLength":0.8,
    "legMinLength":0.2,
    "legLengthScl":0.9,
    "legForwardScl":1,
    "legGroupSize":2.6,
    "rippleScale":0.2,
    "legLength":12,
    "hovering":true,
    "legPhysicsLayer":false,
    "deathExplosionEffect":"none"//死亡爆炸特效
    "drownTimeMultiplier":2,//淹死时间
    "circleTarget": false,//绕圈攻击
	"createScorch": false,//死后黑圈
	"name":"荒疫",//名字
	"description":"毒囊类异虫，能抛射爆炸毒气团，死后召唤几只爆虫继续作战。"
	"research": "1爆虫",//科技树前置
	"drawCell":false,//队伍标识
	"speed": 0.8,
	"hitSize":24,
	"health":760,
	"faceTarget": true,
	"targetAir":false,
	"armor": 1,
	"drag": 0.1,
	"targetAir": false,
	"rotateSpeed": 1.8,
	"hovering": true,
	"immunities":[
        "poison"
        ],//免疫效果
	"abilities":[
	{
	"type": "SpawnDeathAbility",
			"unit": "1爆虫",
			"amount": 2,
			"randAmount": 1
	}
	{
	"type": "LiquidExplodeAbility",//爆浆
			"liquid": "野性之心-孢子毒素",//液体
			"amount":20,//液体数量
			"radAmountScale":20,
			"radScale":1,//液体面积
	}
	]
	"weapons":[
		{"name":"空",//武器贴图的名字
		"top":false,
		"mirror":false,
		"x":0,"y":3.6,
	    "shootSound":"shootSmite",
		"reload":150,
		"recoil":6,//后坐力
		"ejectEffect": "none",//抛壳特效
		"shoot": {
    "firstShotDelay":12,
}
	"bullet": {//子弹
		"type": "ArtilleryBulletType",//类型
		"damage":58,
		"splashDamageRadius": 36,
        "splashDamage":58,
        "buildingDamageMultiplier":0.5,//建筑杀伤倍率
		"sprite":"野性之心-x",//子弹贴图
		"collidesAir": false,//碰撞飞机
		"knockback":2,
		"speed":1.6,
        "lifetime":100,
        "width":42,
        "height":48,
        "spin": 24,//子弹旋转速度
        "backColor":"F5F69BFF",
		//子弹边缘颜色
		"frontColor":"E2E44FFF",
		//子弹中心颜色
        "trailColor":"9E78DCFF",//尾迹颜色
		"shootEffect":"none",
        "despawnEffect":"none",
        "status":"poison",
        "statusDuration": 240//效果时长
        "hitEffect":{
        "type":"multiEffect",
"effects":[
  	{
					"type": "ExplosionEffect",
					"smokeColor":"E2E44FFF",//烟雾颜色
					"smokeSize":15,//烟雾大小
					"smokeSizeBase":2,//烟雾开始大小
					"smokeRad":36,//烟雾半径
					"smokes":12,//烟雾数
				},
		{
					"type": "ExplosionEffect",
					"smokeColor":"9E78DCFF95",//烟雾颜色
					"smokeSize":12,//烟雾大小
					"smokeSizeBase":2,//烟雾开始大小
					"smokeRad":36,//烟雾半径
					"smokes":8,//烟雾数
				},
	]}
    }}
		],
}
