{
	"type":"legs",//爬爬
	"flying":false,//是否飞行
	"legCount": 4,
	"legMoveSpace": 1.4,
	"lockLegBase":true,
	"allowLegStep": true,
	"hovering":true,
    "legPhysicsLayer":false,
    "legContinuousMove":true,
    "legExtension":-3,
    "legBaseOffset":4,
    "legMaxLength":1.1,
    "legMinLength":0.2,
    "legLengthScl":0.5,
    "legForwardScl":0.9,
    "legGroupSize":3,
    "rippleScale":0.2,
    "legLength":18,
    "hovering":true,
    "drownTimeMultiplier":2,//淹死时间
    "circleTarget": false,//绕圈攻击
	"createScorch": false,//死后黑圈
	"deathExplosionEffect":"none"//死亡爆炸特效
	"name":"宿主",//名字
	"description":"大型异虫，没有攻击能力，但能源源不断地孵化寄生于体内的\n飞行蝗虫消耗敌人。宿主产出的蝗虫只能存活10秒。"
	"research": "4荒疫",//科技树前置
	"drawCell":false,//队伍标识
	"speed": 0.3,
	"hitSize":28,
	"health":1380,
	"faceTarget":false,
	"armor": 5,
	"drag": 0.1,
	"rotateSpeed": 1.4,
	"hovering": true,
	"range":208,
	"immunities":[
        "poison"
        ],//免疫效果
	"abilities":[
	{
	"type": "UnitSpawnAbility",
			"unit": "蝗虫",
			"spawnTime": 640,//帧数间隔
			"spawnX": 8,
			"spawnY": -4,
	}
	{
	"type": "UnitSpawnAbility",
			"unit": "蝗虫",
			"spawnTime": 640,//帧数间隔
			"spawnX": -8,
			"spawnY": -4,
	}
	]
	"weapons":[
		{
		"mirror":false,
		"reload":480,//攻速
		"bullet": {//子弹
		"damage":0,
		"speed":0,
		"width":0,	"height":0,//宽长度
		"lifetime": 0,//存在时间
		"instantDisappear": true,//立刻消失
		}
        }]
}
