{
	"type":"legs",//爬爬
	"flying":false,//是否飞行
	"legCount": 6,
	"legMoveSpace": 1.2,
	"lockLegBase":true,
	"allowLegStep": true,
	"hovering":true,
    "legPhysicsLayer":false,
    "legContinuousMove":true,
    "legExtension":-1.5,
    "legBaseOffset":4,
    "legMaxLength":1,
    "legMinLength":0.2,
    "legLengthScl":0.8,
    "legForwardScl":1,
    "legGroupSize":2.6,
    "rippleScale":0.2,
    "legLength":13,
    "hovering":true,
    "legPhysicsLayer":false,
    "drownTimeMultiplier":2,//淹死时间
    "deathExplosionEffect":"none"//死亡爆炸特效
    "circleTarget": true,//绕圈攻击
	"createScorch": false,//死后黑圈
	"name":"甲斗",//名字
	"description":"坚硬的甲壳虫类，能将敌人拉进并引发爆破一般的攻势。死亡后诞生两只小小甲斗继续作战。"
	"research": "3蚀心",//科技树前置
	"drawCell":false,//队伍标识
	"speed": 0.6,
	"hitSize":28,
	"health":1200,
	"faceTarget": true,
	"targetAir":false,
	"armor": 15,
	"drag": 0.1,
	"targetAir": false,
	"rotateSpeed": 2,
	"hovering": true,
	"range":176,
	"immunities":[
        "poison"
        ],//免疫效果
	"abilities":[
	{
	"type": "SpawnDeathAbility",
			"unit": "小小甲斗",
			"amount": 2
	}]
	"weapons":[
		{"name":"空",//武器贴图的名字
		"top":false,
		"mirror":false,
		"x":0,"y":3.6,
	    "shootSound":"shootAltLong",
		"reload":300,
		"recoil":-12,//后坐力
		"ejectEffect": "none",//抛壳特效
		"shoot": {
    "firstShotDelay":12,
}
	"bullet": {//子弹
		"type": "BasicBulletType",//类型
		"damage":35,
		"sprite":"野性之心-angle",//子弹贴图
		"collidesAir": false,//碰撞飞机
		"knockback":-160,
		"speed":5,
        "lifetime":36,
        "width":12,
        "height":48,
        "spin": 0,//子弹旋转速度
        "backColor":"ffffdd",
		//子弹边缘颜色
		"frontColor":"ffffdd",
		//子弹中心颜色
		"trailLength": 12,//尾迹长
        "trailWidth": 3,//尾迹宽
        "trailColor":"ffffdd",//尾迹颜色
		"shootEffect":"thoriumShoot",
        "despawnEffect":"none"
    }},
    {"name":"空",//武器贴图的名字
    "alwaysShooting": true,//自动开火
		"top":false,
		"mirror":false,
		"x":0,"y":6,
	    "shootSound":"cannon",
		"reload":90,
		"recoil":2,//后坐力
		"shootCone":360,
		"ejectEffect": "none",//抛壳特效
		"shoot": {
    "firstShotDelay":64,
}
	"bullet": {//子弹
		"type": "BombBulletType",//类型
		"splashDamageRadius": 52,
        "splashDamage":75,
        "buildingDamageMultiplier":1.5,//建筑杀伤倍率
		"collidesAir": false,//碰撞飞机
		"knockback":6,
		"speed":0,
        "lifetime":0,
        "width":0,
        "height":0,
        "spin": 0,//子弹旋转速度
        "backColor":"ffffdd",
		//子弹边缘颜色
		"frontColor":"ffffdd",
		//子弹中心颜色
		"shootEffect":"none",
        "despawnEffect":{
        "type": "ExplosionEffect",
					"waveColor":"E3D6B3FF",//波浪颜色
					"smokeColor":"E3D6B3FF",//烟雾颜色
					//下面都是数
					"waveLife": 20,//波浪存在时间
					"waveStroke":2,//波形宽度
					"waveRad":52,//波浪半径
					"waveRadBase":16,//波浪开始的半径
					"smokeSize":12,//烟雾大小
					"smokeSizeBase":8,//烟雾开始大小
					"smokeRad":52,//烟雾半径
					"smokes":8,//烟雾数
        }
    }},
		],
}
