{
	"type":"legs",//爬爬
	"flying":false,//是否飞行
	"hovering":true,
	"legCount": 8,//腿数
	"legMoveSpace": 0.8,//腿部移动空间
	"lockLegBase":true,//固定腿部的底座
	"allowLegStep": true,//允许腿部践踏
    "legPhysicsLayer":false,//腿部移动图层
    "legContinuousMove":true,//腿部连续移动
    "legExtension":2,//腿部伸展性
    "legBaseOffset":10,//腿部底座偏移
    "legMaxLength":1.6,//腿最大长度
    "legMinLength":0.8,//腿最小长度
    "legLengthScl":0.5,//不会Scl
    "legForwardScl":0.9,//
    "legGroupSize":3,//腿组大小
    "rippleScale":0.2,//波纹缩放
    "legLength":36,//腿基础长度
    "deathExplosionEffect":"none"//死亡爆炸特效
    "drownTimeMultiplier":2,//淹死时间
    "circleTarget": false,//绕圈攻击
	"createScorch": false,//死后黑圈
	"name":"蜘蛛",//名字
	"description":"大型异虫单位，不断地使用蛛丝缠绕和拖曳敌人，并从中汲取生命力"
	"research": "",//科技树前置
	"drawCell":false,//队伍标识
	"speed": 0.4,
	"hitSize":30,
	"health":3620,
	"faceTarget": true,
	"targetAir":true,
	"armor": 1,
	"drag": 0.1,
	"rotateSpeed": 2,
	"hovering": true,
	"immunities":[
        "poison"
        ],//免疫效果
	"weapons":[
		{"name":"蜘蛛头",//武器贴图的名字
		"inaccuracy": 8,//偏差
		"top":true,
		"mirror":false,
		"x":0,"y":24,
		"shootY":-2,
	    "shootSound":"sap",
		"reload":24,
		"recoil":5,//后坐力
		"ejectEffect": "none",//抛壳特效
		"shootCone":45,
		"shoot": {
    "firstShotDelay":12,
    "shots":4,//每轮子弹
	//"shotDelay":8//子弹间隔
}
"parts":[
{"type":"RegionPart",
"mirror":true,//是否镜像显示
"x":0,"y":0,//起始位置
"suffix":"-左上","layer":60,"moveX":0,"moveY":0,
"moveRot":20,//移动度数
"progress":"recoil"
},
{"type":"RegionPart",
"mirror":true,//是否镜像显示
"x":0,"y":0,//起始位置
"suffix":"-左下","layer":60,"moveX":0,"moveY":0,
"moveRot":20,//移动度数
"progress":"recoil"
},
],
	"bullet": {//子弹
	"type": "SapBulletType",//类型
	"sapStrength":0.4,
	"status":"web",
    "statusDuration": 360//效果时长
                    "length":100,
                    "damage":32,
    "shootEffect": {
		"type": "ParticleEffect",
		"particles": 4,
		"sizeFrom": 4,
		"sizeTo": 0,
		"length": 60,
		"lifetime": 36,
		"interp": "circleOut",
		"colorFrom": "fffffff",
		"colorTo": "ffffff90",
		"cone": 20},
                    "color":"ffffffd"
                    "hitColor":"fffffff",
                    "despawnEffect":"none",
                    "width":0.4,
                    "lifetime":25,
                    "knockback":-8,
    }}
		],
}
