{
	"type": "flying",
	"name": "蝗虫",
    "flying":true,
    "lowAltitude":true,
    "engineSize":0,
    //引擎尺寸
	"description": "小型近距离攻击异虫，攻击地面单位，拥有数量优势。",
	"fallSpeed":1//坠落速度
	"deathExplosionEffect":{
"type":"ParticleEffect",
"lifetime": 24,"offsetX":0,
"colorFrom":"9E78DCFF",//开始时颜色
"colorTo":"9E78DCFF",//结束时颜色
"particles":12,//粒子数量
"randLength":true,//兰德长度？
"cone":360,//粒子扩散角度
"length":24,//粒子移动长度
"baseLength":4,//粒子在一定长度内出现
"useRotation":true,//使用旋转
"line":false,//形状为方形
"sizeFrom":2.5,//圆形从开始大小//粒子大小？？
"sizeTo":0,//圆形至结尾大小}
},
	"playerControllable":true,//玩家可操控
    "health":80,//生命值
    "armor":5,//护甲
    "hitSize":6,//碰撞箱
    "omniMovement":true//是否一直面向目标
    "rotateSpeed" :5,
    "drawCell":false,//队伍标识
    "drawBody":true,
    "hidden":true,//隐藏（类似埃克里尔虫子，不显示）
	"createScorch":false,//死后黑圈
	"useUnitCap":false,//占用人口
    "targetAir":false,
    "speed":1.2,//移动速度
    "itemCapacity":0,//背包容量
    "faceTarget":"true",
    "lifetime":600,
    "immunities":[
        "poison"
        ],//免疫效果
        /*"abilities":[//能力：给自己附加基因缺陷
	{
	"type": "StatusFieldAbility",//状态场
			"effect": "gene",//效果
			"duration": 60,//时长
			"reload": 60,//间隔
			"range": -1,//范围
	}],*/
	"parts":[
{"type":"RegionPart",
"mirror":true,//是否镜像显示
"x":0,"y":0,//起始位置
"top":true,
"suffix":"-move","moveX":0,"moveY":0,
"moveRot":30,//移动圈数
"progress": {
                    "type": "smoothReload",
/*warmup, reload, smoothReload, heat, recoil, charge*/
                    "op": "sin",//轨迹
                    "offset": 20, //频率
                    "scl": 1, //速度
                    "mag": 1 //进度
                }
}],
"weapons": [//武器
		{
		"rotate": false,//转向
		"rotateSpeed":0,
		"mirror":false,
		"reload": 60,//射速
		"range":32,
		"x":0,"y":0
		"shootY":2
		"ejectEffect": "none",//抛壳特效
		"shootEffect":"none",
		"shootSound": "mud",//攻击音效
		"bullet": {//子弹
			"type": "BasicBulletType",//类型,基础子弹
			"sprite":"野性之心-spike",//子弹贴图
			"damage":45,
			"lifetime": 16,//存在时间
			"speed": 4,//飞行速度
			"width": 12,"height": 24,
			"backColor":"6950a1",
			//子弹边缘颜色
			"frontColor":"9E78DCFF",
			//子弹中心颜色
			"collidesAir": false//碰撞飞机
			"shootEffect":"none",
			"despawnEffect": "none",
            "hitEffect": {
		"type": "ParticleEffect",
		"particles": 2,
		"sizeFrom": 1.5,
		"sizeTo": 0,
		"length": 16,
		"lifetime": 18,
		"interp": "circleOut",
		"colorFrom": "7457CEFF",
		"colorTo": "9E78DCFF",
		"cone": 360},
}
}
]
}
/*
代码来自虫子模板mod
*/
