           {
"type":"UnitFactory",
"name":"悬浮车间",
"size":3,
"health":280,
"configurable":false,
"consumes":{
"power":4,
           }
"requirements":
		    [
"silicon/50",
"铟/50",
"铋/40"
	      	]
"research":
 	        {
 	        "requirements":
		    [
"铟/20",
"铋/20"
	      	]
 "parent":"开拓核心"
 "objectives":[
 			 {
 "type": "OnSector",
 "preset":"弥尘峡谷"  }] }
"category":"units",
"researchCostMultiplier":0.45
"plans":[
		{ "unit": "窥探",
		"time": 1800,
		"requirements":
		[
		"silicon/50",
		"铟/50",
		]
		}
		]
        }