           {
"type":"UnitFactory",
"name":"机甲车间",
"size":3,
"health":280,
"configurable":false,
"consumes":{
"power":4,
           }
"requirements":
		    [
"silicon/50",
"铟/50",
"铋/40"
	      	]
 "research":
 	        {
 	        "requirements":
		    [
"铟/20",
"铋/20"
	      	]
 "parent":"悬浮车间"
 "objectives":[
 			 {
 "type": "OnSector",
 "preset":"弥尘峡谷"  }] }
"category":"units",
"researchCostMultiplier":0.45
"plans":[
		{ "unit": "蚕食",
		"time": 1900,
		"requirements":
		[
		"silicon/50",
		"铋/50",
		]
		}
		]
        }