{
	"type": "Reconstructor",
	"name": "重构车间",
	"description": "将输入的单位升级重构成更加强力的t2",
    "health":1000,
    "squareSprite": false,
	"size":3,
	"liquidCapacity":180,
	"consumes":{
		"power":2.5,
		"items": {
		"items": [
	{"item":"silicon","amount":50}
	{"item":"莱特合金","amount":30}
	]
	}
	"liquid":
	{"liquid":"hydrogen", "amount": 1 }
	},
	"upgrades":[
        ["蚕食","咬噬"]
        ["窥探","侦查"]
        ["游鱼","沄鳗"]
        ["雨云","雨润"]
	],
	"constructTime":2500
	"requirements": [
"铟/300"
"莱特合金/30"
"graphite/100"
"silicon/200"
	],
	"category":"units",
	
}