{
	"type": "Reconstructor",
	"name": "高级再构车间",
	"description": "将输入的单位升级重构成更加强力的t3",
    "health":1000,
    "squareSprite": false,
	"size":5,
	"liquidCapacity":180,
	"consumes":{
		"power":5,
		"items": {
		"items": [
"铋/100"
"silicon/150"
"铀/50"
	]
	}
"liquids":{
		"liquids":[
		"ozone/1"
		"hydrogen/1"
		]
	}
	}
	"upgrades":[
        ["侦查","凝视"]
        ["咬噬","啃食"]
        ["沄鳗","澪鲨"]
        ["雨润","雨泽"]
	],
	"constructTime":3000
	"requirements": [
"铟/600"
"莱特合金/130"
"graphite/200"
"silicon/200"
"铀/50"
	],
	"category":"units",
	
}