
{
  "name": "尘土",
  "displayName":"尘土",
  "author": " enchant32 ",
  "description":"
  [感谢饱和火力提供的单位，炮塔参考]
  后面会改良并多弄一些符合主题的东西 \n 
  个人讲究个性，所以本模组单位炮塔稍微有点奇奇怪怪，愿谅解（悲）
  敬愿游玩本模组的人，本模组已解决单位制造冲突问题（我太牛逼啦
  最近会把所有t6都逐步完成，新星球的大概不会做（因为不会画，悲） 

   ",
  "version": "2.0.3.1",
  "minGameVersion":"137"
 
}
