{
	"health": 1300,
	"armor": 7,
	"speed": 0.62,
	"deathSound":  "陆军-死亡"//单位死亡后音效
	"abilities": [
{
"type": "ShieldArcAbility",//弧形力墙
"whenShooting":true,//是否射击时存在
"radius": 10,//半径
"width": 2,//宽度
"max": 400,//力墙最大容量
"regen": 1.5,//恢复速度1：60
"cooldown": 900,//冷却时间60：1
"angle": 270,//护盾弧度
"angleOffset": 0//护盾角度
}
]
	"weapons": [
		{
			"name": "血蛭1",
			"top": true,
			"shootY": 4,
			"reload": 12,
			"ejectEffect": "none",
			"recoil": 2,
			"x": 8.5,
			"y": -1.5,
			"shootSound": "sap",
			"shootStatusDuration": 10,
			"shootStatus": "overclock",
			"bullet": {
				"type": "SapBulletType",
				"shootEffect": "shootSmall",
				"lifetime": 30,
				"sapStrength": 0.8,
				"length": 80,
				"width": 0.54,
				"knockback": -1.3,
				"statusDuration": 150,
				"status": "sapped",
				"damage": 25,
				"color": "A278E1",
				"lightColor": "A278E1",
				"hitColor": "bf92f9",
				"despawnEffect": "none"
			}
		},
		{
			"name": "血蛭2",
			"top": true,
			"shootY": 4,
			"reload": 10,
			"ejectEffect": "none",
			"recoil": 2,
			"rotate": true,
			"x": 4,
			"y": 3,
			"shootSound": "sap",
			"shootStatusDuration": 10,
			"shootStatus": "overclock",
			"bullet": {
				"type": "SapBulletType",
				"shootEffect": "shootSmall",
				"lifetime": 30,
				"sapStrength": 0.8,
				"length": 50,
				"width": 0.5,
				"knockback": -1,
				"statusDuration": 300,
				"status": "sapped",
				"damage": 23,
				"color": "A278E1",
				"lightColor": "A278E1",
				"hitColor": "bf92f9",
				"despawnEffect": "none"
			}
		}
	]
}