{
    "type": "BeamDrill",
    "category": "production",
    "name": "等离子钻头",
    "description": "二级的墙壁钻机，有着更高的效率以及更高的耗电。",
    "research": {
        "parent": "bgaa切割钻头",
        "objectives": [
            {
                "type": "SectorComplete",
                "preset": "aa荒芜之地"
            }
        ]
    },
    "requirements": [
        "铁/50",
        "镍/30",
        "graphite/30",
        "silicon/45"
    ],
    "consumes": {
        "power": 1,
        "liquid": {
            "liquid": "冰水",
            "amount": 0.1,
            "booster": true,
            "optional": true
        }
    },
    "alwaysUnlocked": false,
    "itemCapacity": 40,
    "liquidCapacity": 30,
    "size": 3,
    "health": 595,
    "tier": 4,
    "range": 8,
    "fogRadius": 3,
    "drillTime": 60,
    "hasShadow": true
}