{
    "name": "励磁钻机",
    "description": "更高级的钻机。可以开采铝。",
    "details": "",
    "type": "Drill",
    "size": 3,
    "tier": 4,
    "health": 1200,
    "alwaysUnlocked": false,
    "drillTime": 120,
    "rotateSpeed": 2.5,
    "warmupSpeed": 2,
    "itemCapacity": 45,
    "liquidCapacity": 20,
    "canOverdrive": true,
    "drawRim": false,
    "hasItems": true,
    "updateEffect": "mineSmall",
    "liquidBoostIntensity": 1.73206,
    "hardnessDrillMultiplier": 0,
    "consumes": {
        "liquid": {
            "liquid": "冰水",
            "amount": 0.1,
            "booster": true,
            "optional": true
        }
    },
    "requirements": [
        "锡/80",
        "镍/120",
        "silicon/120"
    ],
    "category": "production",
    "research": {
        "parent": "bgba地磁钻机"
    }
}