{
    "type": "SingleTypeGenerator",
    "name": "粉尘发电机",
    "description": "大量的粉尘在一定空间内会自动旋转，形成粉尘风暴“这是什么情况”“这我也没法跟你解释，因为我只是一个AI”。",
    "size": 2,
    "health": 120,
    "itemCapacity": 50,
    "hasLiquids": false,
    "hasItems": true,
    "itemDuration": 60
    "powerProduction": 0.5
        "consumes": {
		"items": {
			"items": [
				{ "item": "粉尘", "amount": 10 }
			],
			"optional": true
		}
	},
    "requirements": [
		{"item": "copper", "amount": 50},
  {"item": "lead", "amount": 25},
	],
	"category": "power",
	"research": "铜粉碎"
}