{
	"type": "GenericSmelter",
	"name": "物质重组仪-沙",
	"description": "用电力和粉尘快速生成沙，但是这中间究竟发生了什么至今并没有人知道",
	"health": 80,
	"itemCapacity": 10,
	"outputItem": {
		"item": "sand",
		"amount": 1
	},
	"size": 2,
	"hasPower": true,
	"hasItems": true,
	"craftTime": 10,
	"updateEffect": "smeltsmoke",
	"consumes": {
		"power": 0.5
		"items": {
			"items": [{
				"item": "粉尘",
				"amount": 1
			}]
		}
	},



	"requirements": [{
			"item": "copper",
			"amount": 100
		},
		{
			"item": "lead",
			"amount": 100
		}
	],
	"category": "crafting",
	"research": "铜制作",
	"idleSound": "respawning",
	"idleSoundVolume": 0.5
}
