{
	"type": "GenericSmelter",
	"name": "物质粉碎仪-沙",
	"description": "把沙打碎成粉尘（沙子好像本来就是粉状的吧）",
	"health": 80,
	"itemCapacity": 10,
	"outputItem": {
		"item": "粉尘",
		"amount": 1
	},
	"size": 2,
	"hasPower": false,
	"hasItems": true,
	"craftTime": 10,
	"updateEffect": "smeltsmoke",
	"consumes": {
		"items": {
			"items": [{
				"item": "sand",
				"amount": 2
			}]
		}
	},



	"requirements": [{
			"item": "copper",
			"amount": 50
		},
		{
			"item": "lead",
			"amount": 50
		}],
	"category": "crafting",
	"research": "铜粉碎",
	"idleSound": "respawning",
	"idleSoundVolume": 0.5
}
