{
	"type": "GenericSmelter",
	"name": "物质粉碎仪-钛",
	"description": "由于钛太过坚硬，你需要使用电力启动",
	"health": 80,
	"itemCapacity": 10,
	"outputItem": {
		"item": "粉尘",
		"amount": 4
	},
	"size": 2,
	"hasPower": true,
	"hasItems": true,
	"craftTime": 20,
	"updateEffect": "smeltsmoke",
	"consumes": {
		"power": 0.33333333333
		"items": {
			"items": [{
				"item": "titanium",
				"amount": 1
			}]
		}
	},



	"requirements": [{
			"item": "copper",
			"amount": 300
		},
{"item":"graphite","amount":50}
{"item":"silicon","amount":30}
		{
			"item": "lead",
			"amount": 200
		}],
	"category": "crafting",
	"research": "铜粉碎",
	"idleSound": "respawning",
	"idleSoundVolume": 0.5
}
