{
	"type": "GenericSmelter",
	"name": "人工重组仪-煤",
	"description": "用粉尘生成煤炭，因为是半人工，效率慢了不少",
	"health": 80,
	"itemCapacity": 20,
	"outputItem": {
		"item": "coal",
		"amount": 1
	},
	"size": 2,
	"hasPower": false,
	"hasItems": true,
	"craftTime": 60,
	"updateEffect": "smeltsmoke",
	"consumes": {
		"items": {
			"items": [{
				"item": "粉尘",
				"amount": 10
			}]
		}
	},



	"requirements": [{
			"item": "copper",
			"amount": 100
		},
		{
			"item": "lead",
			"amount": 200
		}
	],
	"category": "crafting",
	"research": "铜制作",
	"idleSound": "respawning",
	"idleSoundVolume": 0.5
}
