{
    "localizedName": "Scatter",
    "description": "Fires Large piercing shells and a barrage of standard bullets at all nearby enemies.",
	"details": "Risso Clickbait.",
        "research": {
	    "parent": "bn2-swarm",
	    "requirements": [
		    "silicon/450",
		    "lead/235",
		    "titanium/255",
		    ]
		    }
    "type": "naval",
    "speed": 1.1,
    "drag": 0.14,
    "armor": 7.5,
	"targetAir": true,
    "hitSize": 25,
    "health": 1250,
    "accel": 0.4,
    "rotateSpeed": 3.3,
    "trailLength": 30,
    "rotateShooting": false,
	"weapons": [
		{
    "name": "small-cannon",
    "reload": 100,
	"mirror": false,
    "x": 0,
    "y": 1,
    "shootY": 4,
	"recoilTime": 100,
	"inaccuracy": 4,
    "rotate": true,
    "shootSound": "bang",
    "rotateSpeed": 4.2,
    "shootCone": 2,
    "shoot": {
	"shots": 3,
	"shotDelay": 3
}
    "shake": 5,
	"ejectEffect": "casing2",
	"bullet": {
		"damage": 45,
		"speed": 10,
		"shrinkX": 0,
		"shrinkY": 0.1,
    "width": 7,
    "height": 25,
    "pierceBuilding": true,
    "pierce": true,
    "pierceCap": 2
	}
    },
    {
    "name": "mount-weapon",
    "reload": 9,
	"mirror": true,
    "x": 9,
    "y": 6,
	"inaccuracy": 5,
    "rotate": true,
    "rotateSpeed": 10,
    "shootCone": 25,
	"ejectEffect": "casing1",
	"bullet": {
		"damage": 9,
		"speed": 3
	}
    },
    {
    "name": "mount-weapon",
    "reload": 15,
	"mirror": true,
    "x": 9,
    "y": -6,
    "shootY": 4,
	"inaccuracy": 5,
    "rotate": true,
    "rotateSpeed": 10,
    "shootCone": 25,
	"ejectEffect": "casing1",
	"bullet": {
		"damage": 9,
		"speed": 3
	}
    }
	
	]
}
