{
  "type": "GenericCrafter",
  "requirements": [
    "aluminium/300","lead/250","silicon/400","cobalt/200"
  ],
  "buildCostMultiplier": 0.5,
  "category": "crafting"
  "research": {
    "parent": "extractor",
    "objectives": [
      {
        "type": "OnSector",
        "preset": "shale-quarry"
      }
    ]
  },
  "researchCostMultiplier": 0.01,
  "size": 4,
  "craftTime": 1200,
  "hasItems": true,
  "hasLiquids": true,
  "hasPower": true,
  "itemCapacity": 200,
  "liquidCapacity": 60,
  "consumes": {
    "items": {
      "items": [ "graphite/20","plant-matter/3","cobalt/10","silicon/6" ]
    },
    "liquids": [ "water/0.25" ],
    "power": 2.5
  },
  "ambientSound": "techloop",
  "ambientSoundVolume": 0.3,
  "craftEffect": "drillSteam",
  "drawer": {
    "type": "DrawMulti",
    "drawers": [
      { 
        "type": "DrawRegion",
        "suffix": "-bottom" 
      },
      { 
        "type": "DrawRegion",
        "suffix": "-beam",
        "rotateSpeed": -1.4,
      },
      {
        "type": "DrawGlowRegion",
        "suffix": "-beam-glow",
        "rotateSpeed": -1.4,
        "rotate": true,
        "color": "feb380",
        "layer": -1,
        "alpha": 0.7,
        "glowIntensity": 0.35,
        "glowScale": 5
      },
      {
        "type": "DrawRegion",
        "suffix": "-beam-hor",
        "rotateSpeed": -0.5
      },
      {
        "type": "DrawGlowRegion",
        "suffix": "-beam-hor-glow",
        "rotateSpeed": -0.5,
        "rotate": true,
        "color": "feb380",
        "layer": -1,
        "alpha": 0.7,
        "glowIntensity": 0.35,
        "glowScale": 5
      },
      { "type": "DrawDefault" },
      {
        "type": "DrawGlowRegion",
        "suffix": "-glow",
        "color": "feb380",
        "layer": -1,
        "alpha": 0.1,
        "glowIntensity": 0.35,
        "glowScale": 4
      },
      {
        "type": "DrawGlowRegion",
        "suffix": "-shellglow",
        "color": "feb380",
        "layer": -1,
        "alpha": 0.5,
        "glowIntensity": 0.35,
        "glowScale": 3
      }
    ]
  },
  "outputItem": "catalyzon/100"
}