{
  "type": "AttributeCrafter",
  "requirements": [ "aluminium/50","lead/45","silicon/25","metaglass/30","silicide/50","spore-pod/5" ],
  "category": "production",
  "outputItem": "spore-pod/8",
  "hasItems": true,
  "hasLiquids": true,
  "hasPower": true,
  "research": {
    "parent": "tissue-cultivator",
    "objectives": [
      {
        "type": "OnSector",
        "preset": "fungus-factory"
      }
    ]
  },
  "consumes": {
    "liquids": {
      "liquids": [ "water/0.933333333" ]
    }
    "power": 1.5 
  },
  "craftEffect": "none",
  "liquidCapacity": 20,
  "itemCapacity": 20,
  "craftTime": 120,
  "size": 3,
  "armor": 16,
  "legacyReadWarmup": true,
  "maxBoost": 1,
  "destroyBullet": {
    "collidesTiles": false,
    "collides": false,
    "despawnEffect": "launchPod",
    "speed": 0,
    "splashDamageRadius": 56,
    "lifetime": 1,
    "splashDamage": 470,
    "hittable": false,
    "despawnShake": 8,
    "status": "blasted",
    "statusDuration": 60,
    "collidesAir": true
  },
  "drawer": {
    "type": "DrawMulti",
    "drawers": [
      {
        "type": "DrawRegion",
        "suffix": "-bottom"
      },
      {
        "type": "DrawLiquidTile",
        "drawLiquid": "water"
      },
      { "type": "DrawCultivator" },
      { "type": "DrawDefault" }
    ]
  },
  "researchCost": [ "spore-pod/1" ]
}