{
  "type": "GenericCrafter",
  "requirements": [ "aluminium/75","silicide/20","catalyzon/5" ],
  "category": "crafting",
  "craftEffect": "fireHit",
  "size": 2,
  "craftTime": 60,
  "hasPower": true,
  "hasLiquids": true,
  "liquidCapacity": 40,
  "itemCapacity": 20,
  "outputLiquid": "hydrogen/0.1",
  "researchCostMultiplier": 0.1,
  "hasItems": true,
  "drawer": {
    "type": "DrawMulti",
    "drawers": [
      { "type": "DrawDefault" },
      {
        "type": "DrawFlame",
        "flameColor": "d1efff",
        "lightColor": "d1efff",
        "flameRadius": 2.7,
        "flameRadiusIn": 1.6,
        "lightRadius": 15,
        "flameRadiusMag": 1,
        "flameRadiusInMag": 0.6
      }
    ]
  }
  "ambientSound": "smelter",
  "ambientSoundVolume": 0.03,
  "consumes": {
    "items": {
      "items": [ "coal/3" ]
    },
    "liquids": {
      "liquids": [ "water/0.1666666667" ]
    },
    "power": 0.8
  },
  "research": {
    "parent": "substitution-chamber",
    "objectives": [
      {
        "type": "OnSector",
        "preset": "fort-port"
      }
    ]
  }
}