{
  "type": "GenericCrafter",
  "requirements": [ "aluminium/70","chromium/80","graphite/40","silicon/20" ],
  "category": "crafting",
  "craftEffect": "generatespark",
  "size": 3,
  "outputItem": "graphite/5",
  "craftTime": 60,
  "hasLiquids": true,
  "ambientSound": "machine",
  "hasItems": true,
  "hasPower": true,
  "ambientSoundVolume": 0.06,
  "itemCapacity": 30,
  "liquidCapacity": 80,
  "consumes": {
    "items": {
      "items": [ "coal/8" ]
    },
    "liquids": [ "water/0.13333333" ],
    "power": 1.6
  },
  "research": {
    "parent": "isomorphic-press",
    "objectives": [ 
      {
        "type": "OnSector",
        "preset": "fort-port"
      }
    ]
  },
  "researchCostMultiplier": 0.01,
  "drawer": {
    "type": "DrawMulti",
    "drawers": [
      {"type":"DrawRegion","suffix":"-bottom"},
      {
        "type": "DrawLiquidTile",
        "drawLiquid": "water"
      },
      {"type":"DrawRegion","suffix":""}
      {
        "type": "DrawRegion",
        "rotateSpeed": -6,
        "suffix": "-rotator"
      },
      {
        "type": "DrawPistons",
        "sinMag": 2.5,
        "sinOffset": 0,
        "sinScl": 4.9
      },
      {"type":"DrawRegion","suffix":"-top"}
    ]
  }
}