{
  "type": "GenericCrafter",
  "requirements": [ "aluminium/50","lead/25","silicon/20","spore-pod/1" ],
  "category": "production",
  "outputItem": "spore-pod/1",
  "buildVisibility": "sandboxOnly",
  "alwaysUnlocked": true,
  "consumes": {
    "liquids": {
      "liquids": [ "water/0.26666666667" ]
    }
    "power": 1
  },
  "craftEffect": "none",
  "liquidCapacity": 10,
  "hasItems": true,
  "hasLiquids": true,
  "hasPower": true,
  "itemCapacity": 10,
  "craftTime": 100,
  "size": 2,
  "priority": -10,
  "drawer": {
    "type": "DrawMulti",
    "drawers": [
      {
        "type": "DrawRegion",
        "suffix": "-bottom"
      },
      {
        "type": "DrawLiquidTile",
        "drawLiquid": "water"
      },
      { "type": "DrawCultivator" },
      { "type": "DrawDefault" },
      { 
        "type": "DrawRegion",
        "suffix": "-top" 
      }
    ]
  },
  "destroyBulletSameTeam": true,
  "destroyBullet": {
    "instantDisappear": true,
    "hitEffect": {
          "type": "ExplosionEffect",
          "waveColor": "7457ce",
          "smokeColor": "7457ce55",
          "sparkColor": "7457ce",
          "sparks": 4,
          "smokeRad": 32,
          "waveRad": 20,
          "smokes": 10,
          "lifetime": 60
    },
    "despawnEffect": {
          "type": "ExplosionEffect",
          "waveColor": "7457ce",
          "smokeColor": "7457ce55",
          "sparkColor": "7457ce",
          "sparks": 4,
          "smokeRad": 32,
          "waveRad": 20,
          "smokes": 10,
          "lifetime": 60
    },
    "collides": false,
    "splashDamage": 1,
    "splashDamageRadius": 32,
    "status": "spore-slowed",
    "statusDuration": 480,
    "despawnUnit": "fungus-factory-die"
  }
}