{
  "type": "GenericCrafter",
  "requirements": [
    "lead/40","chromium/15","graphite/20"
  ],
  "category": "crafting"
  "research": {
    "parent": "cultivate-tank"
  },
  "size": 2,
  "craftTime": 15,
  "group": "liquids",
  "liquidCapacity": 50,
  "itemCapacity": 50,
  "hasItems": true,
  "hasLiquids": true,
  "hasPower": true,
  "consumes": {
    "items": {
      "items": [ "spore-pod/1" ]
    },
    "power": 0.666666667
  },
  "ambientSound": "electricHum",
  "ambientSoundVolume": 0.08,
  "craftEffect": "lightning",
  "conductivePower": true,
  "outputLiquid": "oil/0.4",
  "drawer": {
    "type": "DrawMulti",
    "drawers": [
      {
        "type": "DrawRegion",
        "suffix": "-bottom"
      },
      {
        "type": "DrawLiquidTile",
        "drawLiquid": "oil"
      },
      { "type": "DrawRegion", "suffix": "" },
      {
        "type": "DrawGlowRegion",
        "suffix": "-glow",
        "alpha": 0.7,
        "color": "bf92f9",
        "glowScale": 10,
        "glowIntensity": 0.3
      }
    ]
  }
}