{
  "type": "GenericCrafter",
  "requirements": [
    "graphite/100","metaglass/50","chromium/100","surge-alloy/250"
  ],
  "category": "crafting"
  "research": {
    "parent": "melting-electrolyzer",
    "objectives": [
      {
        "type": "OnSector",
        "preset": "ruins"
      }
    ]
  },
  "researchCostMultiplier": 0.04,
  "size": 3,
  "craftTime": 30,
  /*"hasItems": true,*/
  "hasLiquids": true,
  "hasPower": true,
  "group": "liquids",
  "liquidCapacity": 600,
  /*"itemCapacity": 90,
  "invertFlip": true,
  "rotate": true,
  "regionRotated1": 3,
  "liquidOutputDirections": [ 1,3 ],*/
  "consumes": {
    /*"items": {
      "items": [ "salt/9" ]
    },*/
    "liquids": {
      "liquids": [ "water/1.5" ]
    },
    "power": 7.5
  },
  "ambientSound": "electricHum",
  "ambientSoundVolume": 0.3,
  "craftEffect": "lightning",
  "outputLiquids": [
    /*"chlorine/0.9",*/
    "hydrogen/0.9"
  ],
  "drawer": {
    "type": "DrawMulti",
    "drawers": [
      {
        "type": "DrawRegion",
        "suffix": "-bottom"
      },
      {
        "type": "DrawLiquidTile",
        "drawLiquid": "water"
        "padding": 5
      },
      {
        "type": "DrawBubbles",
        "color": "7693e3",
        "sides": 8,
        "recurrence": 5,
        "spread": 9,
        "amount": 30
      },
      /*{
        "type": "DrawLiquidTile",
        "drawLiquid": "chlorine"
      },*/
      {
        "type": "DrawLiquidTile",
        "drawLiquid": "hydrogen"
      },
      { "type": "DrawRegion", "suffix": "" },
      /*{ "type": "DrawLiquidOutputs" }*/
      {
        "type": "DrawGlowRegion",
        "suffix": "-glow",
        "color": "f3e979",
        "alpha": 0.8,
        "glowScale": 3
      }
    ]
  }
}