{
	"name": "导弹风暴",
	"description": "发射超多导弹，超强攻击",
	"speed": 1.5,
	"buildPower": 1000.0,
	"engineColor": "FFD294",
	"flying": true,
	"health": 800,
 "weapon": {
 "name": "c-b",
 "bulletWidth": 0.2,
 "bulletHight": 5.0,
 "reload": 22,
 "damage": 5,
 "length": 10,
 "width": 0,
 "alternate": true,
 "recoil": 3,
 "shake": 0,
 "inaccuracy": 3,
 "shots": 1,
 "spacing": 0,
 "shotDelay": 1,
 "ejectEffect": "shellEjectMedium",
 "bullet":"missileExplosive"
 "shootSound": "shootBig"
  }
}