{
    "name": "电弧·II",
    "description": "快速向地面单位发射电弧",
    "details": "相比电弧更加强大...也更耗电",
    "health": 520,
    "reload": 30,
    "shootCone": 10, //距离瞄准位置差距多大角度时开火
    "rotateSpeed": 3, //旋转速度
    "consumes": {
        "power": 4
    },
    "hasLiquids": true,
    "targetAir": false,
    "targetGround": true,
    "range": 128,
    "recoil": 1,
    "size": 1,
    "shoot": {
        "type": "ShootSpread",
        "shots": 2
    },
    "inaccuracy": 10,//不准确性
    "shootSound": "spark",
    "shootY": 0,
    "shootType": {
        "type": "LightningBulletType",
        "damage": 32,
        "length": 24,
        "lengthRand": 8,
        "ammoMultiplier": 1,
        "collidesAir": false,
        "color": "FFFFFF",
    },
    "requirements": [
        "copper/100",
        "lead/100"
    ],
    "category": "turret",
    "research": "core-shard1"
}