{
	"type": "GenericCrafter",
	"health": 1320,
	"name": "铱铂再成厂",
	"description": "冶炼铂铱合金",
		"drawer":{
"type":"DrawMulti",
"drawers":[
"DrawDefault",
"DrawFlame",
]}
	"outputItem": {
	"item": "铱铂合金", "amount": 1
	},
	"itemCapacity":10,
	"size": 2,
	"hasPower": true,
	"hasLiquids": false,
	"hasItems": true,
	"craftTime": 90,
	"consumes": {
	"power": 2,
	"items": {
		"items": [
	{ "item": "铂金", "amount": 1 },
	{ "item": "铱", "amount": 1 },
			]	},}
	"requirements": [
	{ "item": "铂金", "amount": 30 },
	{ "item": "铱", "amount": 30 },
	{ "item": "lead", "amount": 40 },
	{ "item": "silicon", "amount": 15 },
	{ "item": "graphite", "amount": 20 },
	"glass-alloy/15",
	],
	"category": "crafting",
	"research": "铱"
 }