{
	"type": "StackConveyor",
	"name": "战术运输带",
	"description": "打包物品进行运输，可以传导电力，利用电力加速，也可以构建在液体上，阻挡地面激光。",
	"health":500,
	"armor":5,
	"requirements": [
	"铧/1"
	"silicon/1",
	"锺/1",
	"砛/1"
	],
	"absorbLasers":true,
	//阻挡激光
	"placeableLiquid":true,
	//在水上构建
	//"requiresWater":true,
	//是否只能在水上,
	"outputRouter":false,
	//输出路由器？
	"hasPower":true,
	//有电力
	"underBullets":true,
	//在子弹下方
	"baseEfficiency":1,
	//基本效率
	"conductivePower":true,
	//传导电力
	"consumes":{
	    "power":0.05,
	}
	"category": "distribution",
	"speed":0.05,
	"itemCapacity":20,
	//运输速度计算公式为：speed×ItemCapacity×60
	"research": {
		"parent": "重甲运输带",
    "requirements":[
        "铧/100",
        "silicon/100",
        "锺/100",
        "砛/100"
        ]
	},
}