{
	"type": "StackConveyor",
	"name": "斥力运输带",
	"description": "打包物品进行运输，可以传导电力，利用电力加速，也可以构建在液体上，阻挡地面激光。",
	"health":500,
	"armor":5,
	"requirements": [
	"铉/1"
	"silicon/1",
	"铧/1",
	"斥焰合金/1"
	],
	"absorbLasers":true,
	//阻挡激光
	"placeableLiquid":true,
	//在水上构建
	//"requiresWater":true,
	//是否只能在水上,
	"outputRouter":false,
	//输出路由器？
	"hasPower":true,
	//有电力
	"underBullets":true,
	"baseEfficiency":1,
	//基本效率
	"conductivePower":true,
	//传导电力
	"consumes":{
	    "power":0.15,
	}
	"category": "distribution",
	"speed":0.075,
	"itemCapacity":50,
	//运输速度计算公式为：speed×ItemCapacity×60
	"research": {
		"parent": "战术运输带",
    "requirements":[
        "铉/100",
        "silicon/100",
        "铧/100",
        "斥焰合金/100"
        ]
	},
}