{
    "type": "MassDriver",
    "name": "曲率投射器"
    "squareSprite": false,
    "outlineColor":"212121",
	//轮廓颜色
    "description": "超远距快速传输器。\n需要冷却剂。",
    "health":2000,
    "armor":4,
    "liquidCapacity":120,
    "shootEffect":"teleportOut"
    //射击特效
    "smokeEffect":"missileTrailSmoke",
    "receiveEffect":"shieldWave"
    //接收特效
    "requirements": [
        "锺/700",
        "铧/200",
        "silicon/300",
        "斥焰合金/450"
    ],
    "research": {
		"parent": "轨道投射器",
    "requirements":[
        "锺/20000",
        "thorium/8000",
        "silicon/12000",
        "斥焰合金/18000"
        ]
	},
	"knockback":6
    "size":4,
    "reload":180,
    //重载时间
    "itemCapacity":1000,
    //物品容量
    "range":10000,
    //范围
    "bulletSpeed":20,
    //子弹飞行速度
    "consumes": {
        "power":38.6,
        "coolant": {
            //冷却剂
            "amount": 0.5,
        },
    },
}