{
    "category":"distribution",
    "type":"DuctBridge",
    "armor":1
    "requirements": [
        "锺/10",
        "graphite/16",
    ],
    "research": {
		"parent": "管道路由器",
		"requirements":[
		    "锺/400",
		    "graphite/640"
		    ]
    },
    "range":7,
    "canOverdrive":true,
    "hasPower": false,
    "health":100,
    "itemCapacity":10,
    "name": "管道桥",
    "description":"跨越任意地形或建筑传输物品，可构建在液体上。",
    "placeableLiquid":true,
    //能否在液体上
}