{
    "name":"管道路由器",
    "type":"DuctRouter",
    "description":"将物品平均分配至其他三个方向，只接收来自背面的物品，可被配置为分类器，可构建在液体上。"
    "health":100,
    "armor":1,
    "size":1,
    "speed":3,
    "itemCapacity":1,
    "placeableLiquid":true,
    //能否在液体上
    "category": "distribution",
    "requirements": [
        "graphite/4",
	    "锺/8",
		],
		"research": {
		"parent": "运输管道",
		"requirements":[
		    "graphite/12",
		    "锺/24",
		    ]
	},
}