{
    "category": "distribution",
    "type": "ItemBridge",
    "requirements": [
	    "锺/10",
	    "silicon/12",
	    "graphite/16",
		],
		"research": {
		"parent": "运输带",
    "researchCostMultiplier":40,
	},
    "range":11,
    "canOverdrive":true,
    "hasPower": false,
    "health":150,
    "armor":2,
    "transportTime":1.6,
    //运输时间（越小越快）
    "itemCapacity":20,
    "name": "运输带桥",
    "description": "跨越任意地形或建筑运输物品。",
    "placeableLiquid":true,
}