{
    "type":"Conveyor"
	"name":"运输带",
	"description":"向前运输物品。",
	"health":150,
	"armor":2
	"bridgeReplacement":"运输带桥"
	"requirements": [
	    "锺/1",
	    "silicon/1",
	    "graphite/1",
		],
		"research": {
		"parent": "管道桥",
    "requirements":[
        "锺/100",
        "silicon/100",
        "graphite/100",
        ]
	},
	"category": "distribution",
	"speed":0.3,
	"displayedSpeed":38,
	//显示的速度
	"placeableLiquid":false,
	//能否在液体上构建
	"requiresWater":false,
	//是否只能在水上
}