{
    "name":"重甲管道",
    "type":"Duct",
    "description":"向前运输物品，不接受侧面的非管道输入，可构建在液体上。"
    "health":100,
    "armor":3,
    "size":1,
    "speed":3,
    "armored":true,
    //装甲的
    "itemCapacity":1,
    "placeableLiquid":true,
    //能否在液体上
    "category": "distribution",
    "requirements": [
	    "锺/1",
	    "thorium/1"
		],
		"research": {
		"parent": "管道桥",
		"requirements":[
		    "锺/100",
		    "thorium/100"
		    ]
	},
}