{
"type":"flying",
"name":"水晶塔",
"description":"",
"speed":0.01,//速度
"research":"重构车间",
"isEnemy":true,//被计算敌人
//"ammoCapacity":0,//弹药容量
"controller":"RepairAI",//ai
//"defaultController":"RepairAI",
//"AIController":"RepairAI",
//"playerControllable":true,


//"useUnitCap":false,

"hitSize":36,//尺寸
"mineTier":0,//挖掘力度
"mineSpeed":0,//挖掘速度
"buildSpeed":0.1,//建筑速度
"flying":true,//是否是飞行单位
"health":6200,//生命
"armor":6,//护甲
"lowAltitude":true,//特效相关
"engineSize":6,
"engineOffset":20,//发电机补偿
"itemCapacity":120,//背包容量
//"engines":[{"x":-15,"y":-10,"radius":5,"rotation":-180,}]



//"faceTarget":false,


"abilities":[

{"type":"ShieldRegenFieldAbility",//护盾再生场
"amount":60,
"max":4800,
"reload":360,
"range":60,
}

{"type":"StatusFieldAbility",//状态场
"effect":"overclock",
"duration":480,
"reload":480,
"range":60,
}

{"type":"RegenAbility",//自愈
"percentAmount":0,
"amount":0.1,
}

{"type":"StatusFieldAbility",//状态场
"effect":"overdrive",
"duration":480,
"reload":480,
"range":60,
}

{"type":"EnergyFieldAbility",//能量场
"hitBuildings":false,
"damage":120,
"reload":60,
"range":200,
"statusDuration":480,
"maxTargets":25,
"color":"F33B3B",
"effectRadius":2.5,
"sectors":8,
"rotateSpeed":0.75,
"sectorRad":0.1,

"hitEffect":{
"type":"ParticleEffect",
"colorFrom":"EF3A0CFF",//开始时颜色
"colorTo":"FFFFFF",//结束时颜色
"region":"boundarylimit-斜十字",
"useRotation":false,
"particles":1,//粒子数量
"lifetime":10,//存在时间
"offset":0,//旋转偏移
"cone":0,//粒子扩散角度
"length":0,//粒子移动长度
"baseLength":0,//粒子在一定长度内出现
//"line":true,//形状为方形
"sizeFrom":8,
"sizeTo":1,
}


}
]

"weapons":[
{//治愈裂解
"type":"PointDefenseWeapon",
"name":"none",//名称
"x":0,"y":0,
"reload":2,
"targetInterval":5,
"targetSwitchInterval":5,
"top":true,
"mirror":true,//镜像
"bullet":{
"type":"BulletType",
"shootEffect":"sparkShoot",
"hitEffect":"pointHit",
"maxRange":200,
"damage":2,
"ammoMultiplier":1,//每个物品能够
}}

{//治愈光束
"type":"RepairBeamWeapon",
"name":"none",//名称
"x":0,"y":0,
"beamWidth":0.8,
"repairSpeed":1,
"top":true,
"mirror":true,//镜像
"laserColor":"FFD37FFF",
"laserTopColor":"FFFFFF",
"bullet":{
"maxRange":160,
"ammoMultiplier":1,//每个物品能够
}}
{
"name":"noew",//名称
"x":0,"y":0,
"rotate":true
"shake":1,
"inaccuracy":5,
"velocityRnd":0.2,
"shootSound":"missile",
"reload":10,//装弹时间
"velocityRnd":0.15,//子弹随机减速
"inaccuracy":4,//射击误差
	"shoot":{
	"shots":4,
	"shotDelay":1,
    "type":"ShootPattern"},  
"bullet":{
"type":"MissileBulletType",//基础子弹
"frontColor":"EF3A0CFF","backColor":"EF3A0CFF",
"trailColor":"EF3A0CFF",
"statusDuration":60,
"width":8,"height":8,"shrinkY":0,
"speed":5,"lifetime":50,
"drag":-0.003,
"damage":24,//伤害
"homingRange":60,
"keepVelocity":false,
"splashDamage":30,
"splashDamageRadius":25,
"hitEffect":"blastExplosion",
"despawnEffect":"blastExplosion",
"weaveScale":6,
"weaveMag":1,

"collidesTeam":true,
"collidesAir":true,
"collides":false,
"scaleLife":true,

"healPercent":3,"healAmount":10,
"reloadMultiplier":1,
    }   }]
}