{
"type":"legs",
"name":"叛乱",
"description":"重型移动堡垒，配载多门武器和防空炮(还能打地？)自我回复和范围护盾，对周围单位修复并添加状态，拥有发射井发射导弹，拥有建造能力，可以挖掘等级不超过四的矿物",
"research":"贷方",
"health":14800,//生命
"armor":16,//护甲
"boostMultiplier":1.6,
"rotateSpeed":1.8,
"speed":0.55,//速度
"drag":0.4,
"hitSize":30,//尺寸
"legCount":4,
"legLength":13,
"legForwardScl":0.5,
"legMoveSpace":1.2,
"hovering":true,
"shadowElevation":0.2,
"envDisabled": "2"//星球
"itemCapacity":240,//背包容量
"ammoType":1000,
    "mineSpeed": 1.25,//挖矿速度1=100% 
    "mineTier": 4,//挖矿等级
    "buildSpeed": 1.25,//构建速度
    
"abilities":[//能力，不用就去掉

{"type":"RepairFieldAbility",//修复场
"amount":30,
"reload":360,
"range":60,}

{"type":"ShieldRegenFieldAbility",//护盾再生场
"amount":40,
"max":600,
"reload":360,
"range":60,
}

{"type":"StatusFieldAbility",//状态场
"effect":"overclock",
"duration":480,
"reload":480,
"range":60,
}

{"type":"RegenAbility",//自愈
"percentAmount":0,
"amount":0.5,
}]
"weapons":[


	{
	"name":"apple"
	"layerOffset":0.0001f
	"reload":8
	"shootY":4.5f
	"recoil":1f
	"rotate":true
	"rotateSpeed":1.7f
	"mirror":true
	"x":0f
	"y":-4.75f
	"heatColor":"f9350f"
	"cooldownTime":10
	"recoil":0.5
	"inaccuracy":3
	"shoot":{
		"type":"ShootAlternate"
		"spread":4
	}
	"bullet":{
	     "type" : "MissileBulletType",
		"recoil":0.1
		"frontColor":"CDEDFFFF"
		"backColor":"CDEDFFFF"
		"speed":6
		"damage":35
		"width":8
		"height":12
		"shootEffect":"shootSmall",
		"smokeEffect":"shootSmallSmoke",
		"keepVelocity":true,
		"lifetime":40
		"shrinkY":0
		"trailWidth":0.8
		"trailLength":14
		"trailColor":"CDEDFFFF"
	}
	}


{
"name":"none",//名称
"x":0,"y":0,
"reload":180,//装弹时间
"ejectEffect":"none",
"shootSound":"explosion",
"mirror":false,//镜像
	"range":400,
	"shoot":{
    "shots":2
	"shotDelay":5,
}
"bullet":{
	"type":"FlakBulletType",
	"speed":0,
	"keepVelocity":false,
	"collidesGround":false,
	"smokeEffect":"none",
	"hitEffect":"none",
	"despawnEffect":"none",
	"makeFire":true
	"spawnUnit": "音符"
	}}
	
		{
	"name":"叛乱防空炮"
	"layerOffset":0.0001f
	"reload":65
	"shootY":4f
	"recoil":1f
	"rotate":true
	"rotateSpeed":1.7f
	"mirror":false
	"x":12f
	"y":0f
	"heatColor":"f9350f"
	"cooldownTime":10
	"recoil":0.5
	"inaccuracy":3
			"shoot": {
		"shots": 4,
		"shotDelay": 3,
		"type": "ShootAlternate",
		"barrels": 2,
		"spread": 3
		"barrels":4,
		//炮口数量
		"spread":3,
		//炮口间距设
		}
	    
	"bullet":{
	"type" : "PointBulletType",	
		"recoil":0.1
	"trailEffect": "none",
    "hitEffect":"none",
    "despawnEffect":"none",
	"splashDamageRadius":24,
	"splashDamage":20,
	"knockback":2.5,
	"speed": 20,
	"lifetime": 30,  
	"ammoMultiplier":1,
	    "fragBullets":6,
        "fragBullet":{
	"type" : "PointBulletType",	
	"trailEffect": "none",
    "hitEffect":"flakExplosion",
    "despawnEffect":"flakExplosion",
	"splashDamageRadius":16,
	"splashDamage":10,
	"status":"blasted",
	"statusDuration":30, 
	"speed": 20,	"lifetime": 1},
	}
	}
]}

