{
"type":"flying",
"name":"圣徒",
"description":"长艹",
"speed":1.2,//速度
"accel":0.07,//加速度
"drag":0.0285,//拖曳
"research":"重构车间",
//"isEnemy":false,//被计算敌人
//"ammoCapacity":0,//弹药容量
"controller":"RepairAI",//ai
//"defaultController":"RepairAI",
//"AIController":"RepairAI",
//"playerControllable":true,


//"useUnitCap":false,

"hitSize":36,//尺寸
"mineTier":0,//挖掘力度
"mineSpeed":0,//挖掘速度
"buildSpeed":1.5,//建筑速度
"flying":true,//是否是飞行单位
"health":2100,//生命
"armor":5,//护甲
"lowAltitude":true,//特效相关
"engineSize":6,
"engineOffset":20,//发电机补偿
"itemCapacity":60,//背包容量
//"engines":[{"x":-15,"y":-10,"radius":5,"rotation":-180,}]



//"faceTarget":false,


"abilities":[

{"type":"RepairFieldAbility",//修复场
"amount":30,
"reload":360,
"range":60,}

{"type":"ShieldRegenFieldAbility",//护盾再生场
"amount":60,
"max":4800,
"reload":360,
"range":60,
}

{"type":"StatusFieldAbility",//状态场
"effect":"overclock",
"duration":480,
"reload":480,
"range":60,
}

{"type":"RegenAbility",//自愈
"percentAmount":0,
"amount":0.5,
}

{"type":"StatusFieldAbility",//状态场
"effect":"overdrive",
"duration":480,
"reload":480,
"range":60,
}

{"type":"EnergyFieldAbility",//能量场
"hitBuildings":false,
"damage":30,
"reload":60,
"range":200,
"status":"overdrive",
"statusDuration":480,
"maxTargets":25,
"color":"F33B3B",
"effectRadius":2.5,
"sectors":8,
"rotateSpeed":0.75,
"sectorRad":0.1,

"hitEffect":{
"type":"ParticleEffect",
"colorFrom":"EDF3A9FF",//开始时颜色
"colorTo":"FFFFFF",//结束时颜色
"region":"boundarylimit-斜十字",
"useRotation":false,
"particles":1,//粒子数量
"lifetime":10,//存在时间
"offset":0,//旋转偏移
"cone":0,//粒子扩散角度
"length":0,//粒子移动长度
"baseLength":0,//粒子在一定长度内出现
//"line":true,//形状为方形
"sizeFrom":8,
"sizeTo":2,
}


}
]

"weapons":[



{//治愈射线
"type":"RepairBeamWeapon",
"name":"Weapon",
"widthSinMag":0.11,
"reload":20,
"rotate":false,
"beamWidth":0.7,
//"aimDst":0,
"shootCone":5,
"mirror":false,
"repairSpeed":2,
"fractionRepairSpeed":0.2,
"targetUnits":false,
"targetBuildings":true,
"autoTarget":false,
"controllable":true,
"x":0,"y":10,
"shootY":6,
"laserColor":"EDF3A9FF",
"laserTopColor":"FFFFFF",
"bullet":{
"maxRange":160,
"ammoMultiplier":1,//每个物品能够
}}


{//治愈裂解
"type":"PointDefenseWeapon",
"name":"T",//名称
"x":5.5,"y":-8,
"reload":2,
"targetInterval":5,
"targetSwitchInterval":5,
"top":true,
"mirror":true,//镜像
"bullet":{
"type":"BulletType",
"shootEffect":"sparkShoot",
"hitEffect":"pointHit",
"maxRange":200,
"damage":25,
"ammoMultiplier":1,//每个物品能够
}}

{//治愈光束
"type":"RepairBeamWeapon",
"name":"none",//名称
"x":4.5,"y":9,
"beamWidth":0.8,
"repairSpeed":1,
"top":true,
"mirror":true,//镜像
"laserColor":"EDF3A9FF",
"laserTopColor":"FFFFFF",
"bullet":{
"maxRange":160,
"ammoMultiplier":1,//每个物品能够
}}

{
"name":"none",//名称
"x":-9.5,"y":2,
"reload":22,//装弹时间
"recoil":1,
"top":true,
"rotate":false,
"ejectEffect":"casing1",
"shootSound":"pew",
"shoot":{
    "shots":3
	"shotDelay":5,
}
"bullet":{
"type":"ArtilleryBulletType",//基础子弹
"ammoMultiplier":1,//每个物品能够
"height":8,"width":8,//子弹长宽
"shrinkX":0,"shrinkY":0,
"lifetime":41,"speed":5,//时间/速度
"frontColor":"EDF3A9FF","backColor":"EDF3A9FF",
"collidesAir":true,
"collidesGround":true,
"collides":true,
"sprite":"circle-bullet",//贴图
"damage":0,//伤害
"splashDamage":30,//范围伤害
"splashDamageRadius":24,//范围伤害
"status":"electrified",
"statusDuration":480,
"healPercent":3,//治疗百分比
"healAmount":30,//治疗数值
"collidesTeam":true,//碰撞团队
"trailColor":"FFFFFF",//拖尾颜色
"trailWidth":1.4,//拖尾宽度
"trailLength":14,//拖尾长度
"trailEffect":"none",
"shootEffect":"none",
"despawnEffect":"none",

"hitEffect":
{"type": "multiEffect",
"lifetime":30//存在时间
"effects":[
{
"type":"ParticleEffect",
"colorFrom":"EDF3A9FF",//开始时颜色
"colorTo":"FFFFFF",//结束时颜色
"region":"boundarylimit-斜十字",
"useRotation":false,
"particles":1,//粒子数量
"lifetime":30,//存在时间
"offset":0,//旋转偏移
"cone":0,//粒子扩散角度
"length":0,//粒子移动长度
"baseLength":0,//粒子在一定长度内出现
//"line":true,//形状为方形
"sizeFrom":17.5,
"sizeTo":0,
}

{
"type":"WaveEffect",
"colorFrom":"EDF3A9FF",//颜色从
"colorTo":"FFFFFF",//颜色至
"lifetime":35,//存在时间
"sizeFrom":23,//开始时圆环直径
"sizeTo":27,//结束时圆环直径
"strokeFrom":2,//开始时圆形宽度
"strokeTo":0,//结束时圆环宽度
}

{"type":"ParticleEffect",
"colorFrom":"EDF3A9FF",//开始时颜色
"colorTo":"FFFFFF",//结束时颜色
"particles":20,//粒子数量
"lifetime":30//存在时间
"randLength":true,
"cone":360,//粒子扩散角度
"length":25,//粒子移动长度
"baseLength":5,//粒子在一定长度内出现
"useRotation":true,//使用旋转
"line":true,//形状为方形
"strokeFrom":2,//开始时宽度
"strokeTo":0.5,//结束时宽度
"lenFrom":3,//开始时长度
"lenTo":6,/*结束时长度*/}
]
}

}}]
}