{
	"type": "tether",/*种类 */
	"name": "货运穿梭机",/*名称，它叫什么名字！ */
	"defaultController": "CargoAI",//AI,这就是你心心念念的穿梭AI
	"description": "容量大但脆弱，用于运输物品",/*描述，简介！ */
	"ammoCapacity": 100,/*弹药容量 */
    "ammoResupplyAmount":5,//弹药补给倍率 
   	"controller": "CargoAI",//ai
   	"drawCell": false,//画队伍
	"playerControllable": true,//玩家可以操控
    "speed": 4.5,
    "accel": 0.05,
    "drag": 0.05,
	"flying": true,/*能否飞行，true为能飞 */
	"turnCursor":true,/*转动光标 */
	"engineOffset": 3,/*发动机偏移 */
	"engineSize": 2,/*发动机大小 */
    "hitSize": 12,/*被击中大小，你的大小 */
    "health": 550,/*血量 */
    "armor": 1,/*装甲 */
    "mineSpeed": 0,/*挖矿速度 1=100% */
    "mineTier": 0,/*挖矿等级，你可以挖什么矿 */
    "buildSpeed": 0,/*构建速度 1=100%*/
    "rotateSpeed": 4,/*转速，旋转的速度 */
    "itemCapacity": 200,/*容量，字面意思 */
    "commandLimit": 8,/*命令限制，能让多少单位跟着你！ */
    "trailLength": 4, //拖尾长
   	"trailColor": "#FFC999FF",//拖尾颜色
    "rotateShooting": "true",/*旋转射击，是否旋转射击 */
  	"hidden":"true"//隐藏
       "engines": [
        {
            "x": -6,
            "y": 0,
            "radius": 2.8,
            "rotation": 0.8
        },
        {
            "x": 6,
            "y": 0,
            "radius": 2.8,
            "rotation": -0.8
        },
    ],
}