{
"type":"flying",
"name":"赦免",
"description":"猫块舰队",
"controller":"BuilderAI",//ai
"speed":4.666666666,//速度
"accel":0.1,//加速度
"drag":0.08,//拖曳
"rotateSpeed":21,//转速
"ammoCapacity":200,//弹药容量
"hitSize":40,//尺寸
"mineTier":4,
"mineHardnessScaling":false,
"mineSpeed":5,//挖掘速度
"buildSpeed":0.5,//建筑速度
"flying":true,//是否是飞行单位
"ammoType":"titanium",
"health":42200,//生命
"armor":5,//护甲
"lowAltitude":true,//特效相关
"engineOffset":6,//发电机补偿
"itemCapacity":140,//背包容量
    "trailLength": 32, //拖尾长
   	"trailColor": "A774EAFF",//拖尾
   	   "outlineColor": "A774EAFF"
    "abilities": [/*能力（如力场防御等） */
        {
    "type":"ForceFieldAbility",/*类型:力场能力 */
    "radius": 88,/*半径大小，按8/格算！ */
    "regen": 2,/*再生，力场回血的速度，别过高！ */
    "max": 4220,/*力场血量上限 */
    "cooldown": 1200,}/*冷却时间，力场打没了之后重新出现的时间 */
    ],
"weapons":[
{
"name":"炮塔N",//名称
"x":-3,"y":3.5,
"reload":4,//装弹时间
"recoil":1,
"top":false,
"rotate":true,
//"ejectEffect":"casing1",
"shootSound":"pew",
"shoot":{"shots":1,},
"bullet":{
"type":"LaserBoltBulletType",//基础子弹
"ammoMultiplier":1,//每个物品能够
"frontColor":"A774EAFF","backColor":"A774EAFF",
"width":2,//子弹宽
"height":12,//子弹长
"lifetime":43,//存在时间，帧
"speed":7,//初速度
"damage":85,//伤害
"pierceCap":1,//穿透个数
"pierce":true,//穿透
"pierceBuilding":true,//穿透建筑
"buildingDamageMultiplier":0.7,//对建筑伤害
"shootEffect":"shootSmall",
"smokeEffect":"shootSmallSmoke",
"hitEffect":"none",
"despawnEffect":"none",
"trailLength": 24,//拖尾长度
"trailWidth": 2,//拖位宽度
"trailColor": "A774EAFF",//拖尾
		"hitEffect":"shieldBreak",//
				"splashDamage":1,//溅射伤害
						"splashDamageRadius":80,
}},
{
"name":"none",//名称
"x":0,"y":0,
"mirror":false,//镜像
"rotate":false,//旋转
//"accurateDelay":true,
"recoil":2,//后坐力
"shoot":{"shots":3,"firstShotDelay":60,},
"shootSound":"bigshot",//声效
"reload":180,//装弹时间，1/帧
"bullet":{
"chargeEffect":{/*开火特效*/
"type": "multiEffect",
"lifetime":60//存在时间
"effects": [
{"type":"ParticleEffect",
"colorFrom":"A774EAFF",//开始时颜色
"colorTo":"A774EAFF",//结束时颜色
"particles":25,//粒子数量
"lifetime":60//存在时间
"randLength":true,
"cone":130,//粒子扩散角度
"length":-20,//粒子移动长度
"baseLength":20,//粒子在一定长度内出现
"useRotation":true,//使用旋转
"line":true,//形状为方形
"strokeFrom":2,//开始时宽度
"strokeTo":2,//结束时宽度
"lenFrom":6,//开始时长度
"lenTo":4,/*结束时长度*/}
{"type":"ParticleEffect",
"colorFrom":"A774EAFF",//开始时颜色
"colorTo":"A774EAFF",//结束时颜色
"particles":1,//粒子数量
"lifetime":60//存在时间
"randLength":true,
"cone":0,//粒子扩散角度
"length":0,//粒子移动长度
"baseLength":0,//粒子在一定长度内出现
"sizeFrom":1,//圆形从开始大小
"sizeTo":6,//圆形至结尾大小
"useRotation":true,//使用旋转
"region":"circle",/*使用贴图*/}
{"type":"WaveEffect",
"lifetime":60//存在时间
"colorFrom":"A774EAFF",//颜色从
"colorTo":"A774EAFF",//颜色至
"sizeFrom":20,//开始时圆环直径
"sizeTo":0,//结束时圆环直径
"strokeFrom":1,//开始时圆形宽度
"strokeTo":5,/*结束时圆环宽度*/}]}

"type":"LaserBulletType",//基础子弹
"ammoMultiplier":1,//每个物品能够
"colors":[A774EAFF,A774EAFF,A774EAFF],
"sideAngle":15,"sideWidth":1,"sideLength":45,
"length":208,"recoil":1,
"buildingDamageMultiplier":0.1,
"damage":1020,//伤害
"healPercent":30,
}}
    	{"name":"none",/*贴图的名字 */
	"x":0,"y":0,/*位置 x为上下y为左右 */
	"mirror":"true",/*镜像，是否对称 */
	"reload":420,/*重新装弹速度 */
	"rotate": "true",/*是否旋转 */
	"rotateSpeed":2,/*旋转速度 */
	"shootEffect":"shootSmall",/*射击效果 */
	"shootSound":"laser",/*射击声 */
	"bullet":{
	"type":"MissileBulletType",/*子弹类型 */
	"damage": 0,/*伤害 */
	"frontColor":"A774EAFF",/*子弹颜色 正面颜色*/
	"sprite":"古代科技-导弹",
	"backColor":"A774EAFF",/*背景色 */
	"width": 15,/*子弹宽度 */
	"height": 42,/*子弹长度 */
	"speed": 9,/*子弹速度 */
	"lifetime":10,/*子弹血量 */
	"reloadTime": 00,//攻击范围
	"lifetime":30,//存在时间，帧
	"buildingDamageMultiplier":1/*对建筑物伤害/乘数 */
	"homingPower":0,//追踪力度
      "homingRange":0,//追踪范围，8/格
      				"splashDamage":520,//溅
			"splashDamageRadius":80
		"hitEffect":"impactReactorExplosion",//
	}}
]}