{
	"type": "HeatProducer",
	"health": 600,
	"itemDuration":600,
	"name": "合金热机",
	"description": "利用合金产生热量",
    "drawer":{
    "type":"DrawMulti",
    "drawers":[
    "DrawDefault",
    "DrawHeatOutput"]},
	"size": 3,
	"hasPower": true,
	"hasLiquids": false,
	"rotateDraw": false,
	"heatOutput": 18,
	"consumes": {
	"items": {
			"items": [
				{ "item": "surge-alloy", "amount": 1}
			]
		}
	}
	"requirements": [
		{ "item": "surge-alloy", "amount":50 },
		{ "item": "silicon", "amount": 80},
		{ "item": "titanium", "amount": 80}
		{ "item": "thorium", "amount": 80}
		{ "item": "plastanium", "amount": 60}
		],
	"category": "crafting",
	"research": "相位热机"
}