{
	"type": "HeatProducer",
	"health": 300,
	"name": "电力热机",
	"description": "我们在发电♂",
    "drawer":{
    "type":"DrawMulti",
    "drawers":[
    "DrawDefault",
    "DrawHeatOutput"]},
	"size": 2,
	"hasPower": true,
	"hasLiquids": false,
	"rotateDraw": false,
	"heatOutput": 2.5,
	"consumes": {
	"power": 2,
	}
	"requirements": [
		{ "item": "lead", "amount":50 },
		{ "item": "silicon", "amount": 50},
		{ "item": "titanium", "amount": 50}
		],
	"category": "crafting",
	"research": "kiln"
}