{
	"type": "HeatProducer",
	"health": 600,
	"itemDuration":600,
	"name": "相位热机",
	"description": "利用相位产生热量",
    "drawer":{
    "type":"DrawMulti",
    "drawers":[
    "DrawDefault",
    "DrawHeatOutput"]},
	"size": 2,
	"hasPower": true,
	"hasLiquids": false,
	"rotateDraw": false,
	"heatOutput": 15,
	"consumes": {
	"items": {
			"items": [
				{ "item": "phase-fabric", "amount": 1}
			]
		}
	}
	"requirements": [
		{ "item": "silicon", "amount": 100},
		{ "item": "titanium", "amount": 100}
		{ "item": "thorium", "amount": 80}
		{ "item": "plastanium", "amount": 60}
		],
	"category": "crafting",
	"research": "电力热机"
}