{
    "engines": [
        {
            "x": 0,
            "y": -37,
            "radius": 10,
            "rotation": -90
        },
        {
            "x": 18,
            "y": -30,
            "radius": 8,
            "rotation": -45
        },
        {
            "x": -18,
            "y": -30,
            "radius": 8,
            "rotation": 180
        }
    ],
    "type": "flying",
    "name": "死者",
    "description": "重装甲空中单位",
    "speed": 1,
    "drag": 0.009,
    "accel": 0.03,
    "rotateSpeed": 2.2,
    "flying": true,
    "hitSize": 60,
    "health": 30000,
    "armor": 20,
    "ammoType": "surge-alloy",
    "ammoCapacity": 3000,
    "range": 280,
    "itemCapacity": 500,
    "lowAltitude": true,
    "weapons": [
        {
            "rotateSpeed": 0,
            "x": 0,
            "y": 20,
            "shootY": 0,
            "top": false,
            "rotate": false,
            "reload": 60,
            "inaccuracy": 0,
            "shootSound": "laser",
            "mirror": true,
            "ignoreRotation": false,
            "bullet": {
                "recoil": 0.7,
                "sideAngle": 8,
                "sideWidth": 2,
                "sideLength": 135,
                "colors": [
                    "FFA66580",
                    "FFA66580",
                    "FFFFFF"
                ],
                "type": "LaserBulletType",
                "hitEffect": "hitLancer",
                "despawnEffect": "none",
                "length": 200,
                "width": 40,
                "hitSize": 5,
                "lifetime": 15,
                "drawSize": 400,
                "damage": 240
            }
        },
        {
            "shoot": {
                "shots": 4,
                "shotDelay": 5
            },
            "rotateSpeed": 1,
            "name": "死者小炮",
            "x": -13,
            "y": 28,
            "shootY": 7,
            "top": true,
            "rotate": true,
            "shake": 5,
            "recoil": 2,
            "ejectEffect": "casing3",
            "reload": 50,
            "shootSound": "artillery",
            "inaccuracy": 1,
            "alternate": true,
            "bullet": {
                "speed": 8,
                "trailEffect": "artilleryTrail",
                "shootEffect": "shootBig2",
                "collides": true,
                "hitEffect": "explosion",
                "knockback": 20,
                "lifetime": 50,
                "damage": 80,
                "splashDamageRadius": 36,
                "splashDamage": 160,
                "width": 9,
                "height": 15,
                "shrinkY": 0
            }
        },
        {
            "shoot": {
                "shots": 4,
                "shotDelay": 5
            },
            "rotateSpeed": 1,
            "name": "死者小炮",
            "x": -23,
            "y": -15,
            "shootY": 7,
            "top": true,
            "rotate": true,
            "shake": 5,
            "recoil": 2,
            "ejectEffect": "casing3",
            "reload": 50,
            "shootSound": "artillery",
            "inaccuracy": 1,
            "alternate": true,
            "bullet": {
                "speed": 8,
                "trailEffect": "artilleryTrail",
                "shootEffect": "shootBig2",
                "collides": true,
                "hitEffect": "explosion",
                "knockback": 20,
                "lifetime": 50,
                "damage": 80,
                "splashDamageRadius": 36,
                "splashDamage": 160,
                "width": 9,
                "height": 15,
                "shrinkY": 0
            }
        },
        {
            "top": true,
            "rotate": true,
            "alternate": true,
            "rotateSpeed": 1,
            "name": "死者大机枪",
            "ejectEffect": "casing4",
            "x": -18,
            "y": 5,
            "reload": 5,
            "recoil": 2,
            "shootY": 10,
            "shootX": 0,
            "shootSound": "bang",
            "inaccuracy": 3,
            "bullet": {
                "type": "BasicBulletType",
                "speed": 8,
                "damage": 100,
                "lifetime": 40,
                "pierceCap": 3,
                "width": 10,
                "height": 20,
                "shootEffect": "shootBig"
            }
        },
        {
            "shootCone": 360,
            "alternate": false,
            "shoot": {
                "shots": 16,
                "shotDelay": 5,
                "type": "ShootBarrel",
                "barrels": [
                    19,
                    -11,
                    -35,
                    18,
                    -6,
                    -35,
                    16,
                    -3,
                    -35,
                    14,
                    1,
                    -35,
                    12,
                    5,
                    -35
                ]
            },
            "recoil": 0,
            "rotateSpeed": 0,
            "name": "死者导弹",
            "parts": [
                {
                    "type": "RegionPart",
                    "mirror": true,
                    "x": 0,
                    "y": 0,
                    "suffix": "-1",
                    "layer": 85,
                    "moveX": 9,
                    "moveY": -2,
                    "moveRot": 15
                }
            ],
            "x": 19,
            "y": -13,
            "top": true,
            "rotate": true,
            "reload": 50,
            "shootSound": "missile",
            "inaccuracy": 3,
            "bullet": {
                "speed": 4,
                "type": "MissileBulletType",
                "hitEffect": "explosion",
                "status": "burning",
                "weaveScale": 8,
                "weaveMag": 2,
                "lifetime": 70,
                "damage": 80,
                "splashDamageRadius": 30,
                "splashDamage": 65,
                "knockback": 5,
                "homingPower": 0.2,
                "homingRange": 80,
                "width": 6,
                "shrinkY": 0,
                "height": 8
            }
        }
    ],
    "research": "eclipse"
}