{
    "type": "naval",
    "name": "肿龙",
    "description": "这是海军辅助单位",
    "speed": 0.7,
    "rotateSpeed": 0.6,
    "ammoType": "surge-alloy",
    "ammoCapacity": 3000,
    "hitSize": 120,
    "trailLength": 180,
    "waveTrailX": 33,
    "waveTrailY": -45,
    "trailScl": 7,
    "health": 28000,
    "armor": 26,
    "range": 700,
    "buildSpeed": 4.5,
    "faceTarget": false,
    "research": "navanax",
    "immunities": [
        "burning"
    ],
    "weapons": [
        {
            "shootY": 13,
            "name": "肿龙主炮",
            "rotate": true,
            "y": -41,
            "x": 24,
            "reload": 70,
            "alternate": true,
            "recoil": 2,
            "rotateSpeed": 1,
            "shake": 2,
            "shootSound": "laser",
            "bullet": {
                "trailChance": 0.33,
                "trailInterval": 8,
                "trailRotation": true,
                "trailEffect": {
                    "type": "ParticleEffect",
                    "particles": 3,
                    "line": true,
                    "strokeFrom": 2,
                    "strokeTo": 2,
                    "lenFrom": 10,
                    "lenTo": 0,
                    "sizeInterp": "pow10In",
                    "interp": "pow5Out",
                    "length": -70,
                    "baseLength": 0,
                    "lifetime": 32,
                    "colorFrom": "62AE7FFF",
                    "colorTo": "62AE7FFF",
                    "cone": 11
                },
                "hitEffect": {
                    "effect": "dynamicSpikes",
                    "rotation": 60,
                    "color": "62AE7FFF",
                    "type": "WrapEffect",
                    "lifetime": 100
                },
                "hitSound": "plasmaboom",
                "trailLength": 30,
                "trailWidth": 10,
                "trailColor": "62AE7FFF",
                "hitUnits": true,
                "scaleLife": true,
                "height": 35,
                "healPercent": 3,
                "lightningDamage": 8,
                "lightning": 2,
                "lightningLength": 4,
                "speed": 5,
                "type": "EmpBulletType",
                "knockback": 0.8,
                "lifetime": 100,
                "damage": 165,
                "width": 45,
                "collides": true,
                "collidesTiles": true,
                "splashDamageRadius": 64,
                "splashDamage": 100,
                "fragLifeMin": 0.2,
                "fragBullets": 10,
                "fragLifeMax": 0.02,
                "status": "electrified",
                "statusDuration": 300,
                "backColor": "62AE7FFF",
                "frontColor": "84F491FF",
                "hitColor": "62AE7FFF",
                "fragBullet": {
                    "hitSound": "plasmaboom",
                    "hitEffect": {
                        "type": "WaveEffect",
                        "lifetime": 20,
                        "sizeFrom": 0,
                        "sizeTo": 30,
                        "strokeFrom": 10,
                        "strokeTo": 0,
                        "colorFrom": "62AE7FFF",
                        "colorTo": "62AE7FFF"
                    },
                    "status": "electrified",
                    "statusDuration": 600,
                    "lightningDamage": 15,
                    "lightning": 3,
                    "lightningLength": 7,
                    "healPercent": 2,
                    "type": "EmpBulletType",
                    "speed": 3,
                    "lifetime": 90,
                    "width": 10,
                    "height": 20,
                    "splashDamage": 65,
                    "splashDamageRadius": 30,
                    "despawnEffect": "blastExplosion",
                    "trailColor": "62AE7FFF",
                    "backColor": "62AE7FFF",
                    "frontColor": "84F491FF",
                    "hitColor": "62AE7FFF"
                }
            }
        },
        {
            "rotate": true,
            "type": "RepairBeamWeapon",
            "name": "肿龙修复枪",
            "x": 20,
            "y": -5,
            "beamWidth": 1,
            "repairSpeed": 2.5,
            "shootY": 12,
            "top": true,
            "mirror": true,
            "bullet": {
                "maxRange": 180,
                "ammoMultiplier": 1
            }
        },
        {
            "autoTarget": true,
            "controllable": false,
            "name": "肿龙火焰炮",
            "mirror": true,
            "rotate": true,
            "reload": 2,
            "recoil": 0.7,
            "y": 17,
            "x": 18,
            "shootY": 6,
            "rotateSpeed": 2,
            "ejectEffect": "none",
            "shootSound": "flame",
            "bullet": {
                "status": "electrified",
                "statusDuration": 300,
                "type": "BulletType",
                "damage": 60,
                "speed": 3,
                "collidesTeam": true,
                "lifetime": 40,
                "healPercent": 1,
                "hitSize": 30,
                "shootEffect": {
                    "type": "MultiEffect",
                    "effects": [
                        {
                            "type": "ParticleEffect",
                            "particles": 38,
                            "sizeTo": 0,
                            "sizeFrom": 3,
                            "colorTo": "84F491FF",
                            "colorFrom": "62AE7FFF",
                            "cone": 10,
                            "length": 150,
                            "lifetime": 30,
                            "layer": 110,
                            "interp": "circleOut",
                            "sizeInterp": "pow2In"
                        },
                        {
                            "type": "ParticleEffect",
                            "particles": 48,
                            "sizeTo": 1,
                            "sizeFrom": 3,
                            "colorTo": "84F49180",
                            "colorFrom": "62AE7F80",
                            "cone": 15,
                            "length": 150,
                            "lifetime": 30,
                            "layer": 110,
                            "interp": "circleOut"
                        }
                    ]
                },
                "despawnEffect": "none",
                "hitEffect": "hitFlameSmall"
            }
        }
    ],
    "abilities": [
        {
            "type": "RepairFieldAbility",
            "range": 150,
            "amount": 1100,
            "reload": 60
        },
        {
            "type": "EnergyFieldAbility",
            "damage": 45,
            "reload": 40,
            "range": 200,
            "healPercent": 1,
            "hitEffect": {
                "type": "ParticleEffect",
                "particles": 9,
                "sizeFrom": 9,
                "sizeTo": 0,
                "line": true,
                "length": 55,
                "baseLength": 0,
                "lifetime": 25,
                "colorFrom": "76D081",
                "colorTo": "76D081"
            },
            "sameTypeHealMult": 0.6,
            "damageEffect": "chainLightning",
            "status": "electrified",
            "shootSound": "spark",
            "statusDuration": 360,
            "x": 0,
            "y": -24,
            "maxTargets": 30
        },
        {
            "type": "UnitSpawnAbility",
            "unit": "poly",
            "spawnX": 0,
            "spawnY": 29,
            "spawnTime": 1200
        }
    ]
}