{
"name": "候鸟",
"description": "一种小型导弹，射程和伤害都不是很高，但是胜在数量多",
"health": 140,
"speed": 6.2,
"lifetime": 86,
"range":14
"maxRange": 6,
"rotateSpeed": 1.8,
"engineColor": "FEB380",
"trailColor": "FEB380",
"engineLayer": 100,
"engineSize": 3.1,
"engineOffset": 6,
"trailLength": 32,
"missileAccelTime": 60,
"lowAltitude": true,
"fogRadius": 6,
"weapons": [
{
"shootCone": 360,
"mirror": false,
"reload": 1,
"shake": 10,
"shootOnDeath": true,
"shootSound": "plasmaboom",
"bullet": {
"type": "ExplosionBulletType",
"hitColor": "FF8257D7",
"shootEffect": {
"type": "MultiEffect",
"effects": [
{
"type": "WaveEffect",
"lifetime":10,
"strokeFrom":4,
"sizeTo":30
}
{
"type": "ParticleEffect",
"particles": 8,
"sizeFrom":6,
"sizeTo": 2,
"length": 32,
"lifetime": 80,
"colorFrom": "FF8257D7",
"colorTo": "CA907CD5",
"cone": 360
}
{
"type": "ParticleEffect",
"particles": 15,
"sizeFrom":3,
"sizeTo": 1.2,
"length": 38,
"lifetime": 80,
"colorFrom": "CA907CD5",
"colorTo": "A1918B9C",
"cone": 360
}
]
},
"splashDamage":72,
"splashDamageRadius":30
}
}
]
"abilities": [
{
"type": "MoveEffectAbility",
"effect":{
"type": "MultiEffect",
"effects": [
{
"type": "ParticleEffect",
"particles": 8,
"sizeFrom":2.6,
"sizeTo": 0.6,
"length": 8,
"lifetime": 22,
"colorFrom": "E8D292A5",
"colorTo": "EDBD94DD",
"cone": 360
}
{
"type": "ParticleEffect",
"particles": 5,
"sizeFrom":3.8,
"sizeTo": 2,
"length": 12,
"lifetime": 26,
"colorFrom": "EDBD94DD",
"colorTo": "FF9078B7",
"cone": 360
}
]
}
"rotation": 30,
"y": -9,
"color": "FF9078B7",
"interval": 5
}
],
}