{
    "name":"自由厄兆",//游戏内显示名称
    "type":"PowerTurret",//类别
    "description":"[red]白嫖？？？？", //游戏内描述
    "health":300,//最大生命
    "range":420,//攻击范围，实际范围等于此处八分之一
    "size":4,//占地范围，贴图规格乘32
    "targetAir" :true,//是否伤害空中单位
	"targetGround":true,//是否伤害地面单位
    "reload":220,//射击后摇，越低间隔越短，此处30为间隔一秒，太高容易卡顿慎用
    "rotateSpeed":4.3,//炮台旋转速度，太低打不到蚊子
    "powerUse" :0,//电力使用，此处乘60为实际用电量
    "recoilAmount":15,//射击时炮台后退幅度，简称后坐力
	"shoot":{"shots":1},
    //"shootCone":10,//子弹散射角，直接填数字
    "shootSound":"laser",//射击音效
    "shootEffect":"casing3Double",//射击效果：闪电射击
    "shootType":{//射击类型
        "type":"PointBulletType",
"hitEffect": "flakExplosion",
"smokeEffect": "smokeCloud",
"trailEffect": "chainLightning",
"trailEffect":"instTrail",
"despawnEffect": "instBomb",
"trailSpacing": 20, 
"trailColor":"EFDF30FF",
"reloadMultiplier":1,
"damage": 600,
"hitShake": 5,
"ammoMultiplier":3,
 "fragBullets":5
    	 "fragBullet": {
    	 "type":"LightningBulletType",
         "hitEffect":"hitLancer",
         "despawnEffect":"none",
         "lightningLength":15,
         "lightningColor":"ffa255",
         "lifetime":30,
         "drawSize":8,
	     "damage":20}
            },
	"requirements": [//建造消耗
        { "item": "thorium", "amount": 300 },
		{ "item": "plastanium", "amount": 200 },
		{ "item": "metaglass", "amount": 260 },
		{ "item": "graphite", "amount": 340 }
		{ "item": "surge-alloy", "amount": 360 }
],
    "category": "turret",//建筑栏分类，此处炮塔
    "research": "免费雷光"//前一位科技名，原版使用对应英文
  }