{
"name": "bugs",
"displayName": "虫族",
"subtitle": "生物科技"
"description": "添加了一个名为Gredizion的行星的Mindusrty模组\n\n  [accent]-贡献者列表-  \n代码指导:I-hope...,生草的awa,miner,xvx神魂,硫缺铅,∀ε＞0,|我－废物|＜ε,晓伟\n贴图绘制:pardon,花杨永瀛,Gedrode_183\n中文翻译包:pardon,呆呆的233\n英文翻译包:pardon\n地图制作:pardon,奇怪的小蜜桃,\n中心指导:渐变\n(贡献不分先后)",
"minGameVersion": 139,
"author": "pardon生物",
"version": 0.93,
"repo":"430230562/zerg",
"hideBrowser":true
}