{
"type":"GenericCrafter",
"name":"二氧化碳合成机",
"health":215,
"description":"",
"outputLiquid":{"liquid":"二氧化碳","amount":0.1},
"size":2,
"hasPower":true,
"hasLiquids":true,
"hasItems":true,
"craftTime":60,
"itemCapacity":50,
"liquidCapacity":50,
"drawer":{
	"type":"DrawMulti",
	"drawers":[
		"DrawDefault",
	]
},
"consumes":{
	"liquid":{"liquid":"ozone","amount":0.0667},
	"items":{"items":[{"item":"碳","amount":2}]}
}
"requirements":[
	{"item":"黑曜石","amount":25},
	{"item":"silicon","amount":15},
]
"category":"crafting",
"research":"电解器",
}