{
"type":"GenericCrafter",
"name":"合金熔炼厂",
"health":570,
"description":"制作巨浪合金。",
"outputItem":{"item":"surge-alloy","amount":6},
"size":4,
"hasPower":true,
"hasLiquids":true,
"hasItems":true,
"craftTime":140,
"itemCapacity":20,
"liquidCapacity":30,
"drawer":{
	"type":"DrawMulti",
	"drawers":[
		"DrawDefault",
		{"type":"DrawFlame","flameColor":"ffef99"}
	]
},
"consumes":{
	"power":7.3,
"items":{"items":[
{"item":"黑曜石","amount":3},
{"item":"炎岩","amount":2},
{"item":"silicon","amount":5},
{"item":"金刚石","amount":7},
{"item":"tungsten","amount":1},
    ]   }
}
"requirements":[
	{"item":"黑曜石","amount":155},
	{"item":"silicon","amount":175},
	{"item":"金刚石","amount":65},
	{"item":"tungsten","amount":35},
]
"category":"crafting",
"research":"钨采集器",
"idleSound":"respawning",
"idleSoundVolume":0.5
}