{
"type":"GenericCrafter",
"name":"氢制取机",
"health":230,
"description":"吸收太阳中的氢气。",
"outputLiquid":"hydrogen/0.2",
"size":3,
"hasPower":true,
"hasLiquids":true,
"hasItems":true,
"craftTime":60,
"itemCapacity":50,
"liquidCapacity":50,
"drawer":{
	"type":"DrawMulti",
	"drawers":[
		"DrawDefault",
	]
},
"consumes":{
	"power":0.3,
}
"requirements":[
	{"item":"黑曜石","amount":75},
	{"item":"silicon","amount":20},
    {"item":"金刚石","amount":20},
]
"category":"crafting",
"research":"碳压缩机",
"idleSound":"respawning",
"idleSoundVolume":0.5
}