{
    "type": "GenericCrafter",
    "name": "电解器",
    "description": "",
    "health": 200,
    "outputLiquids": [
        "ozone/0.05",
        "hydrogen/0.1"
    ],
    "liquidOutputDirections": [ 1 , 3 ],
    "rotate": true,
    "invertFlip": true,
    "regionRotated1": 3,
    "itemCapacity": 10,
    "size": 3,
    "hasItems": true,
    "hasLiquids": true,
    "solid": true,
    "outputsLiquid": true,
    "hasPower": true,
    "liquidCapacity": 30,
    "craftTime": 60,
    "consumes": {
        "power": 1,
        "liquid": {
            "liquid": "water",
            "amount": 0.5
        },
    },
    "requirements": [
        "黑曜石/35",
        "silicon/20",
        "金刚石/10"
    ],
    "drawer": {
        "type": "DrawMulti",
        "drawers": [
            {
                "type": "DrawRegion",
                "suffix": "-bottom"
            },
            {
                "type": "DrawLiquidTile",
                "drawLiquid": "water"
            },
            {
                "type": "DrawBubbles",
                "sides": 10,
                "recurrence": 3,
                "spread": 6,
                "radius": 1.5,
                "amount": 20
            },
            {
                "type": "DrawRegion",
                "suffix": ""
            },
            {
                "type": "DrawLiquidOutputs",
            },
            {
                "type": "DrawGlowRegion",
                "alpha": 0.7,
                "glowIntensity": 0.3,
                "glowScale": 6
            }
        ]
    },
    "category": "crafting",
    "research": "碳压缩机"
}