{
"type":"GenericCrafter",
"name":"钨采集器",
"health":205,
"description":"采集空中的钨。",
"details":"数亿年前，一颗被命名为“卢尔”的富钨小行星进入太阳的洛希极限，被撕碎成小块并不断分解，如今，由于钨熔点极高，炽热的太阳表面还漂浮着微量的钨粒子",
"outputItem":{"item":"tungsten","amount":1},
"size":2,
"hasPower":true,
"hasLiquids":true,
"hasItems":true,
"craftTime":140,
"itemCapacity":50,
"liquidCapacity":50,
	"drawer":{
		"type":"DrawMulti",
		"drawers":[			
			{"type":"DrawLiquidTile","drawLiquid":"hydrogen"},
			{
				"type":"DrawRegion",
				//这个type允许新增旋转贴图
				//当然，旋转速度设为0也可以新增静态贴图
				"suffix":"-rotator",
				//"贴图后缀"
				"rotateSpeed":2
				//贴图旋转速度
			},
			{
				"type":"DrawDefault"
			},
		]
	}
"consumes":{
	"power":0.1,
	"liquid":{"liquid":"hydrogen","amount":0.1},
}
"requirements":[
	{"item":"黑曜石","amount":120},
	{"item":"silicon","amount":35},
    {"item":"金刚石","amount":12},
]
"category":"crafting",
"research":"碳压缩机",
"idleSound":"respawning",
"idleSoundVolume":0.5
}