{
	"plans":[//这里就是建造单位了
		{
	    "unit": "飞鸟",//单位名称
		"time":900, //生产所需时间（60/1）
	    "requirements": [//生产所需物品按照下面的格式写（物品名然后是数量）
	    "graphite/15",
	    "silicon/20",
	    "lead/10",
		],
        },
		{
	    "unit": "mono",//单位名称
		"time":1000, //生产所需时间（60/1）
	    "requirements": [//生产所需物品按照下面的格式写（物品名然后是数量）
	    "silicon/15",
	    "lead/30",
		] 
        },
        {
	    "unit": "flare",//单位名称
		"time":500, //生产所需时间（60/1）
	    "requirements": [//生产所需物品按照下面的格式写（物品名然后是数量）
	    "silicon/20",
		] 
        },
	],
	"research": "杂交科技"//前置
}