{
    "type":"CoreBlock",
	"name": "帝国核心",
	"description": "基地的核心。最好的装甲。容量比卫城核心更大。",
	"itemCapacity":6000,
	"armor":20
	"hasItems": true,
	"health": 46000,
	"unitCapModifier":15,
	"size": 8,
	"breakable":true,
	"unloadable":false,
	//卸载器是否在此方块上卸载
	"requirements": [
        "beryllium/8000"
        "silicon/6000"
        "tungsten/6000"
        "carbide/5000"
        "oxide/5000"
        "surge-alloy/3000"
                   ],
    "unitType": "开拓者",
    "category": "effect",
    "research": {"parent": "core-acropolis"
    "requirements": [
        "beryllium/8000"
        "silicon/6000"
        "tungsten/6000"
        "carbide/5000"
        "oxide/5000"
        "surge-alloy/3000"
        ]
    },
}