{
	"type": "tank",
	"name": "山岳",
	"squareShape": true,
	"omniMovement": false,
	"rotateMoveFirst": false,
	"speed": 0.9,
	"hitSize": 20,
	"crushDamage": 1,
	"drownTimeMultiplier": 2,
	"treadPullOffset": 0,
	"treadFrames": 8,
	"treadRects": [
		{
			"x": -1,
			"y": 0,
			"width": 2.625,
			"height": 9.5
		}
	],
	"ammoType": "surge-alloy",
	"ammoCapacity": 120,
	"targetAir": true,
	"health": 2560,
	"armor": 10,
	"rotateSpeed": 1.5,
	"itemCapacity": 0,
	"faceTarget": false,
		"targetFlags": [
		"repair",
		"turret"
	],
	"weapons": [
		{
			"name": "山岳-1",
			"reload": 90,
			"shootY": 5,
			"x": 0,
			"y": 0,
			"rotate": true,
			"rotateSpeed": 1.9,
			"mirror": false,
			"recoil": 4,
			"inaccuracy": 0,
			"shootSound": "laser",
			"shake": 3,
			"alternate": false,
				"shoot": {
		"shots": 3,
		"shotDelay": 5,
		"type": "ShootBarrel",
		"barrels": [
	-2,5,0
	2,5,0
		]
	},
			"bullet": {	"height": 30,
		"width": 5,
		"damage":50,
		"speed": 10,
		"lifetime": 21,
		"splashDamageRadius": 12,
		"splashDamage": 25,
		"frontColor": "FFFFFF",
		"backColor": "FEEBB3",
		"trailLength": 16,
		"trailWidth": 1.2,
		"hitSound": "laser",
		"trailColor": "FEEBB3",
		"despawnEffect": "none",
		"hitEffect": {
			"type": "MultiEffect",
			"effects": [
				{
					"type": "ParticleEffect",
					"particles": 5,
					"sizeFrom": 8,
					"sizeTo": 0,
					"length": 0,
					"baseLength": 48,
					"lifetime": 35,
					"colorFrom": "FEEBB380",
					"colorTo": "FEEBB300"
				},
				{
					"type": "ParticleEffect",
					"particles": 12,
					"line": true,
					"strokeFrom": 3,
					"strokeTo": 0,
					"lenFrom": 15,
					"lenTo": 0,
					"length": 53,
					"baseLength": 0,
					"lifetime": 15,
					"colorFrom": "FEEBB3",
					"colorTo": "FEEBB3"
				},
				{
					"type": "WaveEffect",
					"lifetime": 25,
					"sizeFrom": 0,
					"sizeTo": 14,
					"strokeFrom": 3,
					"strokeTo": 0,
					"colorFrom": "FEEBB3",
					"colorTo": "FEEBB3"
				}
			]
		}
			}
		}
	]
}