{
	"ammoTypes": {
		"surge-alloy": {
			"type": "RailBulletType",
			"hitSound": "explosionbig",
			"hitSoundVolume": 3,
			"rangeChange": 150,
			"buildingDamageMultiplier": 0.25,
			"ammoMultiplier": 3,
			"pierce": true,
			"pierceBuilding": true,
			"pierceCap": 8,
			"damage": 2960,
			"pierceDamageFactor": 0.075,
			"length": 1000,
			"shootEffect": "instShoot",
			"pointEffectSpace": 45,
			"pointEffect": {
				"type": "MultiEffect",
				"effects": [
					{
						"type": "ParticleEffect",
						"particles": 1,
						"region": "饱和火力-箭头",
						"sizeInterp": "pow5In",
						"sizeFrom": 20,
						"sizeTo": 0,
						"length": 30,
						"randLength": false,
						"baseLength": 0,
						"lifetime": 30,
						"colorFrom": "f9c27a",
						"colorTo": "f9c27a",
						"cone": 0
					}
				]
			},
			"smokeEffect": {
				"type": "ParticleEffect",
				"particles": 8,
				"interp": "circleOut",
				"sizeInterp": "circleOut",
				"sizeFrom": 12,
				"sizeTo": 0,
				"length": 70,
				"baseLength": 0,
				"lifetime": 80,
				"colorFrom": "f9c27a",
				"colorTo": "f9c27a",
				"cone": 60
			},
			"pierceEffect": {
				"type": "MultiEffect",
				"effects": [
					{
						"type": "ParticleEffect",
						"particles": 7,
						"line": true,
						"strokeFrom": 2.8,
						"strokeTo": 0,
						"lenFrom": 42,
						"lenTo": 0,
						"length": 45,
						"lifetime": 38,
						"interp": "pow10Out",
						"sizeInterp": "pow5Out",
						"colorFrom": "f9c27a",
						"colorTo": "f9c27a",
						"cone": 10
					},
					{
						"type": "WaveEffect",
						"lifetime": 15,
						"sizeFrom": 1,
						"sizeTo": 45,
						"strokeFrom": 6,
						"strokeTo": 0,
						"colorFrom": "f9c27a",
						"colorTo": "FFFFFF"
					}
				]
			},
			"spawnBullets": [
				{
					"type": "BasicBulletType",
					"lifetime": 24,
					"speed": 41.6,
					"damage": 1720,
					"hitShake": 5,
					"lightning": 2,
					"lightningLength": 12,
					"lightningDamage": 96,
					"trailInterval": 0.5,
					"pierce": true,
					"pierceCap": 6,
					"trailEffect": {
						"type": "ParticleEffect",
						"sizeFrom": 8,
						"sizeTo": 0,
						"baseLength": 8,
						"length": 10,
						"sizeInterp": "circleOut",
						"interp": "circleOut",
						"colorFrom": "f9c27a",
						"colorTo": "f9c27aA0"
					},
					"width": 25,
					"height": 75,
					"backColor": "f9c27a",
					"trailLength": 13,
					"trailWidth": 7,
					"trailColor": "f9c27a",
					"hitSound": "plasmaboom",
					"despawnEffect": "instBomb",
					"hitEffect": "instHit"
				}
			]
		},
		"饱和火力-泰勒合金": {
			"type": "PointBulletType",
			"damage": 9000,
			"hitSound": "DBZ1",
			"speed": 10000,
			"hitShake": 8,
			"buildingDamageMultiplier": 0.125,
			"status": "饱和火力-干扰",
			"statusDuration": 75,
			"trailSpacing": 9,
			"trailEffect": {
				"type": "ParticleEffect",
				"particles": 1,
				"length": 1,
				"baseLength": 0,
				"lifetime": 50,
				"line": true,
				"randLength": false,
				"lenFrom": 10,
				"lenTo": 11,
				"strokeFrom": 20,
				"strokeTo": 0,
				"colorFrom": "BFFFDB",
				"colorTo": "25C9AB",
				"cone": 0
			},
			"despawnEffect": "none",
			"shootEffect": {
				"type": "MultiEffect",
				"effects": [
					{
						"type": "WaveEffect",
						"lifetime": 10,
						"sizeFrom": 5,
						"sizeTo": 80,
						"strokeFrom": 6,
						"strokeTo": 0,
						"colorFrom": "BFFFDB",
						"colorTo": "25C9AB"
					},
					{
						"type": "ParticleEffect",
						"particles": 1,
						"sizeFrom": 20,
						"sizeTo": 0,
						"length": 0,
						"baseLength": 0,
						"lifetime": 55,
						"colorFrom": "BFFFDB",
						"colorTo": "25C9AB",
						"cone": 0
					}
				]
			},
			"smokeEffect": "smokeCloud",
			"hitEffect": {
				"type": "MultiEffect",
				"effects": [
					{
						"type": "WaveEffect",
						"lifetime": 15,
						"sizeFrom": 0,
						"sizeTo": 80,
						"strokeFrom": 3,
						"strokeTo": 0,
						"colorFrom": "BFFFDB",
						"colorTo": "25C9AB"
					},
					{
						"type": "ParticleEffect",
						"particles": 1,
						"sizeFrom": 24,
						"sizeTo": 0,
						"length": 0,
						"baseLength": 0,
						"lifetime": 55,
						"colorFrom": "BFFFDB",
						"colorTo": "25C9AB",
						"cone": 0
					}
				]
			},
			"fragRandomSpread": 45,
			"fragBullets": 4,
			"fragBullet": {
				"type": "PointBulletType",
				"trailSpacing": 8,
				"status": "饱和火力-干扰",
				"statusDuration": 30,
				"trailEffect": {
					"type": "ParticleEffect",
					"particles": 1,
					"baseLength": 0.1,
					"length": 0.1,
					"lifetime": 22,
					"line": true,
					"randLength": false,
					"lenFrom": 9,
					"lenTo": 9,
					"strokeFrom": 8,
					"strokeTo": 0,
					"colorFrom": "BFFFDB",
					"colorTo": "25C9AB",
					"cone": 0
				},
				"hitEffect": {
					"type": "ParticleEffect",
					"particles": 1,
					"sizeFrom": 9,
					"sizeTo": 0,
					"length": 0,
					"baseLength": 0,
					"lifetime": 50,
					"colorFrom": "BFFFDB",
					"colorTo": "25C9AB",
					"cone": 60
				},
				"despawnEffect": {
					"type": "WaveEffect",
					"lifetime": 10,
					"sizeFrom": 0,
					"sizeTo": 40,
					"strokeFrom": 2,
					"strokeTo": 0,
					"colorFrom": "BFFFDB",
					"colorTo": "25C9AB"
				},
				"hitShake": 3,
				"hitSound": "plasmaboom",
				"speed": 10,
				"lifetime": 8,
				"lightningDamage": 108,
				"lightning": 2,
				"lightningLength": 9,
				"lightningColor": "BFFFDB",
				"splashDamageRadius": 35,
				"splashDamage": 300,
				"fragRandomSpread": 45,
				"fragBullets": 1,
				"fragBullet": {
					"type": "PointBulletType",
					"trailSpacing": 8,
					"status": "饱和火力-干扰",
					"statusDuration": 10,
					"trailEffect": {
						"type": "ParticleEffect",
						"particles": 1,
						"baseLength": 0.1,
						"length": 0.1,
						"lifetime": 22,
						"line": true,
						"randLength": false,
						"lenFrom": 9,
						"lenTo": 9,
						"strokeFrom": 8,
						"strokeTo": 0,
						"colorFrom": "BFFFDB",
						"colorTo": "25C9AB",
						"cone": 0
					},
					"hitEffect": {
						"type": "ParticleEffect",
						"particles": 1,
						"sizeFrom": 9,
						"sizeTo": 0,
						"length": 0,
						"baseLength": 0,
						"lifetime": 50,
						"colorFrom": "BFFFDB",
						"colorTo": "25C9AB",
						"cone": 60
					},
					"despawnEffect": {
						"type": "WaveEffect",
						"lifetime": 10,
						"sizeFrom": 0,
						"sizeTo": 40,
						"strokeFrom": 2,
						"strokeTo": 0,
						"colorFrom": "BFFFDB",
						"colorTo": "25C9AB"
					},
					"hitShake": 3,
					"hitSound": "plasmaboom",
					"speed": 10,
					"lifetime": 8,
					"lightningDamage": 84,
					"lightning": 2,
					"lightningLength": 9,
					"lightningColor": "BFFFDB",
					"splashDamageRadius": 35,
					"splashDamage": 240,
					"fragRandomSpread": 45,
					"fragBullets": 1,
					"fragBullet": {
						"type": "PointBulletType",
						"trailSpacing": 8,
						"status": "饱和火力-干扰",
						"statusDuration": 5,
						"trailEffect": {
							"type": "ParticleEffect",
							"particles": 1,
							"baseLength": 0.1,
							"length": 0.1,
							"lifetime": 22,
							"line": true,
							"randLength": false,
							"lenFrom": 9,
							"lenTo": 9,
							"strokeFrom": 8,
							"strokeTo": 0,
							"colorFrom": "BFFFDB",
							"colorTo": "25C9AB",
							"cone": 0
						},
						"hitEffect": {
							"type": "ParticleEffect",
							"particles": 1,
							"sizeFrom": 9,
							"sizeTo": 0,
							"length": 0,
							"baseLength": 0,
							"lifetime": 50,
							"colorFrom": "BFFFDB",
							"colorTo": "25C9AB",
							"cone": 60
						},
						"despawnEffect": {
							"type": "WaveEffect",
							"lifetime": 10,
							"sizeFrom": 0,
							"sizeTo": 40,
							"strokeFrom": 2,
							"strokeTo": 0,
							"colorFrom": "BFFFDB",
							"colorTo": "25C9AB"
						},
						"hitShake": 3,
						"hitSound": "plasmaboom",
						"speed": 10,
						"lifetime": 8,
						"lightningDamage": 64,
						"lightning": 2,
						"lightningLength": 9,
						"lightningColor": "BFFFDB",
						"splashDamageRadius": 35,
						"splashDamage": 200
					}
				}
			}
		}
	},
}