{ 
     "type":"TractorBeamTurret",
     "name":"烈扰光束", 
     "description":"差扰光束的升级版\n通过牵引光束牵引空中目标，并在这个过程中对其造成伤害。", 
     "health":1300,
	     "size":3,
     "rotateSpeed":10,
	 "range":260,
	 "scaledForce":20,
	 "force": 20,
	 "hasPower":true
	 "damage": 1,
	 
"consumes": {
		"power":6

	},
	  "requirements": [
		{ "item": "titanium", "amount":225 }
		{ "item": "graphite", "amount":85 }
		{ "item": "silicon", "amount":200	 }
		{ "item": "metaglass", "amount":125 }
		{ "item": "plastanium", "amount":60 }
		
	],
	"category": "turret",
	"research": "parallax"
	 
	 
	 
	 
	 
}
