{ 
     "type":"PointDefenseTurret",
     "name":"LP", 
     "description":"LP", 
     "health":670,
	     "size":1,
     "rotateSpeed":10,
	 "range":250,
	 "reloadTime":5,
	 "shootLength":10,
	 "inaccuracy": 15,
	 "bulletDamage": 50,
	 "hasPower":true
"consumes": {
		"power":6

	},
	  "requirements": [
		{ "item": "铝", "amount":18 }
		{ "item": "铁", "amount":22 }
		{ "item": "黄铜", "amount":4 }
		
	],
	"category": "turret",
	"research": "L"
	 
	 
	 
	 
	 
}
