{
	//"type": "ArmoredConveyor",
	"name": "装甲锡传送带",
	"description": "运输物品，不接受边上的输入",
	"health": 250,
	// "insulated":true,
	// "absorbLasers":true,
	"requirements": [
	{"item": "锡", "amount":5},
    {"item": "金", "amount":3 },
    {"item": "铝钢", "amount":2 },
	],
	"category": "distribution",
	"research":"废晶传送带",
	"speed":0.11,
	"displayedSpeed":15,
	//显示的速度
		"bridgeReplacement":"锡传送带桥",//默认桥
    "junctionReplacement":"铝连接器",//默认交叉器
	"displayFlow":true,
	// "placeableLiquid": true
}