{
    "type": "MassDriver",
    "name": "质量折跃器",
    "description": "更大范围的远距离物品传输",
    "requirements": [
        { "item": "铝钢", "amount": 75 },
        { "item": "废晶", "amount": 60 },
        { "item": "金", "amount": 80 },
        { "item": "锡",
"amount":150}
    ],
    "size": 3,
    "reloadTime":180,
    //重载时间
    "itemCapacity": 100,
    //物品容量
    "range": 450,
    //范围
    "bulletSpeed": 10,
    //子弹飞行速度
    "consumes": {
        "power": 8
    },
    "research":"小型质驱"
}




/*

        massDriver = new MassDriver("mass-driver"){{
            requirements(Category.distribution, with(Items.titanium, 125, Items.silicon, 75, Items.lead, 125, Items.thorium, 50));
            size = 3;
            itemCapacity = 120;
            reloadTime = 200f;
            range = 440f;
            consumes.power(1.75f);
        }};
*/