{
//	"type": "ItemBridge",//类型,带桥
	"size":1,//平方大小
	"range":15,//范围
	"category": "distribution",//菜单栏
	"name": "赤金传送带桥",//名字
	"description": "向前运输物品",//介绍
	"research": "锡传送带桥"//前置科技树
	"alwaysUnlocked":false,//科技树默认解锁
	"health":320//血量
	"hasPower": false,
	"itemCapacity":25,
	"arrowSpacing":8,
    "bufferCapacity":20,
	"requirements": [//建造消耗
		{ "item":"塑胶","amount":6},
		{"item":"赤金","amount":14}	],
	"transportTime": 0.5,//运输速度
	"displayedSpeed":0.5,//显示速度
}