{
	//"type": "OverflowGate",//类型,溢流门
	"size":1,//平方大小
	"invert":false,//反向
	"category": "distribution",//菜单栏
	"name": "铝溢流门",//名字
	"description": "当前方已经填满则向侧面运输物品",//介绍
	"details":"要……要溢出来惹……"
	"research": "铝连接器"//前置科技树
	"alwaysUnlocked":false,//科技树默认解锁
	"health":40//血量
	//"regionRotated":1,//区域旋转
	"requirements": [//建造消耗
		{ "item":"铝","amount":2},
		{"item":"锂","amount":1}	]
}