{
"name": "弧流",  
"description":"行进速度极快，摧毁阻碍他的一切建筑"
	"type": "tank",
	"template": "ErekirUnitType",
	"squareShape": true,
	"treadPullOffset": 8,
	"singleTarget": false,
	"omniMovement": false,
	"crushDamage":15,
"treadRects": [
		{
			"x": -47,
			"y": -70,
			"width": 20,
			"height": 120
		},
		{
			"x": 47,
			"y": -70,
			"width": 20,
			"height": 120
		}
	],
	"armor": 30,
	"hitSize": 38,
	"rotateSpeed": 1.6,
	"speed": 2.5,
	"flying": false,
	"health": 11000,
	"range": 240,
	"immunities": [
	"unmoving"
],

	"weapons": [
	{
			"name": "fjab弧流1",
			"x": 0,
			"recoil": 1,
			"shake": 3,
			"shootY": 8,
			"reload": 30,
			"shootCone": 15,
			"mirror": false,
			"rotate": true,
			"rotateSpeed": 2.5,
			"layerOffset": 0.01,
			"shootSound": "mediumCannon",
			"bullet": {
				"type": "PointBulletType",
				"damage": 0,
				"lifetime": 8,
				"speed": 30,
				"collidesAir": false,
				"ammoMultiplier": 3,
				"hitColor": "F3E979FF"
				"knockback": 5,
				"splashDamage": 640,
				"splashDamageRadius": 60,
				"buildingDamageMultiplier": 0.5,
				"trailEffect": "none",
				"shootEffect": "shootSmokeTitan",
				"smokeEffect": "shootSmokeTitan",
				"hitShake": 8,
				"hitSound": "plasmaboom",
				"hitEffect": {
					"type": "MultiEffect",
					"effects": [
						{
							"type": "WrapEffect",
							"effect": "dynamicSpikes",
							"color": "F3E979FF",
							"rotation": 80
						},
						"scatheExplosion"
					]
				}
			},
}
]
}