{
	"name": "大型裂位墙",
	"type": "Wall",
	"health": 3600,
	"flashHit": true,
	"chanceDeflect": 100,
	"size": 2,
	"destroyBullet": {
		"splashDamage": 480,
		"splashDamageRadius": 50,
		"lightningColor": "EEC591",
		"lightningDamage": 88,
		"lightning": 2,
		"lightningLength": 14,
		"buildingDamageMultiplier": 0.8,
		"collides": false,
		"instantDisappear": true,
		"pierceArmor": true,
		"hittable": false,
		"absorbable": false,
		"status": "崩溃",
		"statusDuration": 480,
		"hitSound": "plasmaboom",
		"hitSoundVolume": 6,
		"hitShake": 8,
		"hitEffect": {
			"type": "MultiEffect",
			"effects": [
				{
					"type": "ParticleEffect",
					"particles": 12,
					"sizeFrom": 8,
					"sizeTo": 0,
					"length": 50,
					"baseLength": 8,
					"interp": "pow10Out",
					"sizeInterp": "pow5In",
					"lifetime": 65,
					"colorFrom": "EEC59180",
					"colorTo": "EEC591"
				},
				{
					"type": "WaveEffect",
					"lifetime": 18,
					"sizeFrom": 5,
					"sizeTo": 50,
					"strokeFrom": 5,
					"strokeTo": 0,
					"colorFrom": "EEC591",
					"colorTo": "EEC591"
				}
			]
		}
	},
	"requirements": [
		"thorium/16",
		"裂位能/8"
	],
	"category": "defense",
	"research": "裂位墙"
}