{
    "type":"PowerNode",
    "name":"网络节点",
    "description": "能储存一定电量,给小范围内多个建筑提供电能",
    "details":"",
    "size":1,
    "health":80,
    "range":56,
    "maxNodes":8,
    "laserRange":6,
	"hasPower":true,
	"consumesPower": true,
	"consumes":{
	    "powerBuffered": 800
	    },	
	"outputsPower": true,
    "requirements": [
        {"item":"beryllium","amount":2}
        {"item":"silicon","amount":1}
        {"item":"graphite","amount":3}
        ],
        "category":"power"
    "research":"强化激光节点"
}