{
    "type":"legs",
    "name":"毒虫",
    "description":"拥有流弹与火焰喷射器的爬行单位。",
    "hitSize":15,
    "hovering":true,
    "drawShields":false,
    "allowLegStep":true,
    "groundLayer":75,
    //高度
    "health":300,
    "armor":5,
    "speed":0.5,
    "rotateSpeed":5,
    "buildSpeed":0,
    //建筑速度
    "legCount":4,
    //腿数
    "legLength":9,
    //最大腿长
    "legBaseOffset":0,
    //腿根部偏移
    "legExtension":0,
    //腿部各段长短
    "legMoveSpace":1.4,
    //腿运动幅度
    "legSplashDamage":1,
    //踩踏范围伤害
    "legSplashRange":2,
    //踩踏范围伤害的范围
    "rippleScale":0.1,
    //踩踏特效范围
    "legLengthScl":1
    //腿部最大伸缩
    "research": {
		"parent": "爬爬",
	},
    "ammoType":{
        "type":"ItemAmmoType",
        "item":"碳化物",
    },
    //弹药类型
    "drawBody":true,
    //显示身体
	"drawCell":true,
	//是否显示Cell
	"immunities":[
	    "burning",
	    ],
    "weapons":[
{
    		"name": "毒蜢",
    		"reload":8,
    		"mirror": false,
    		"x":0,
    		"y":0,
    		"shootY":1,
    		"shoot":{
    			"shots":4,
    			"shotDelay":1,
    		}
    		"recoil":0,
    		"rotate":true,
			"inaccuracy":12, 
    		"shootSound": "flame",
    		"shootCone": 8,
    		"top":false,
			"bullet": {
    			"type": "BasicBulletType",
    			"status":"burning"
    			"collidesAir": true,
    			"speed": 5,
    			"damage":8,
    			"width": 0.1,
    			"height": 0.1,
    			"shootEffect": {
    				"type": "ParticleEffect",
    				"particles":15,
    				"sizeFrom": 2,
    				"sizeTo": 0,
    				"length": 100,
    				"lifetime": 58,
                    "interp": "circleOut",
                    "colorFrom": "#ff0000",
                    "colorTo": "#ff9900",
                    "cone": 8
                },
                "smokeEffect": "none",
                "lifetime": 15,
                "despawnEffect": "none",
                "hittable": false,
                "reflectable": false,
                "hitEffect": {
                    "type": "ParticleEffect",
                    "particles":7,
                    "sizeFrom": 2,
                    "sizeTo": 0,
                    "length": 20,
                    "lifetime": 15,
                    "interp": "circleOut",
                    "colorFrom": "#ff0000",
                    "colorTo": "#ff9900",
                    "cone": 360
					},
				"pierce": true,
				"makeFire":true,
				//制造火焰
				"incendAmount":0.5
				//引火数量
    			}
  			},
  			{	"name": "毒蜢流弹",	
		"reload": 30, 
        "x": -5.5,  "y": 0, 
        "rotate": false,
        "inaccuracy": 0,
        "shake":0,
		"top":true,
		"alternate": true, 
	"ejectEffect":"casing3",
	"shootSound": "artillery",
	"bullet":{
    "type":"ArtilleryBulletType",
	    "damage":9.5,	  
	    "speed":2,
	    "lifetime":60,	
	    "collides": true,
        "collidesTiles" : true,
	    "knockback":0.1,   
"hitEffect":"flakExplosionBig",
"despawnEffect":"flakExplosionBig",
"smokeEffect":"shootBig",
	    "splashDamage":10.5,
	    "splashDamageRadius":.125,
	    "width":6,	 "height":8	}	}
	]
}