{
	"type": "GenericCrafter",
	"health": 220,
	"name": "低效硅冶炼炉",
	"description":"生产效率极低速度慢，并且很占地方"
	"outputItem": "silicon/3",
	"itemCapacity": 22,
	"size": 3,
	"hasPower": true,
	"hasLiquids": false,
	"hasItems": true,
	"craftTime": 310,
	"updateEffect": "none",
	"craftEffect": "pulverizeSmall",
	"drawer":{
        "type":"DrawMulti",
        "drawers":[
            "DrawDefault",
			"DrawFlame"
            ]
    },
	"consumes": {
		"power": 1.4,
			"items": [
				"coal/2",
				"sand/4"
			]
		
	},
	"requirements": [
		"copper/32"
		"lead/15"
	],
	"category": "crafting",
	"ambientSound": "smelter",
	"research": "Low-efficiency-graphite-compressor"
}