{
	"type": "GenericCrafter",
	"name": " 低效石墨压缩机",
	"health": 220,
	"description": "利用高压，将煤炭压缩成石墨但效率极慢",
		"updateEffect": "pulverizeSmall",
	"outputItem": { "item": "graphite", "amount": 4 },
	"alwaysUnlocked": false,
	"size": 3,
	"hasPower": true,
	"hasLiquids": false,
	"hasItems": true,
	"craftTime": 320,
	"itemCapacity": 15,
                "updateEffect": "none",
	"craftEffect": "pulverizeSmall",
	"drawer":{
                "type":"DrawMulti",
                "drawers":[
                "DrawDefault",
                "DrawFlame"
                ]
                },
	"consumes": {
                "power": 1.2,
    "items": {	 "items": [
    { "item": "coal", "amount": 3}
 	]
  } },
"requirements": [
	{ "item": "copper", "amount": 35 },
	{ "item": "lead", "amount": 15 },
	],
	"category": "crafting",
	"research": {
	    "parent": "core-shard",
                }
	    "canOverdrive": true
}