{
"reload":12,
	"ammoTypes":{
	"copper":{//铜子弹
"type":"BasicBulletType",//基础子弹
"width":7,//子弹宽
"height":9,//子弹长
"lifetime":60,//存在时间，帧
"speed":2.5,//初速度
"damage":9,//伤害
"ammoMultiplier":2,}

			"lead": {
		                "pierceCap":1,
		    "reloadMultiplier":1.2,//攻击速率
			"speed": 2,
			"damage": 6,//伤害
			"fragBullets":2,
            "fragBullet":{
            "speed":0.8,
            "damage":3,   
            "lifetime":15 
        },
			"knockback":0.05,//击退
			"lifetime":50,
			"width": 6,
			"height": 9,
			"ammoMultiplier":1,//装填倍数
			"shootEffect": "shootBig" 		},
			
			"graphite":{//石墨子弹
"type":"BasicBulletType",//基础子弹
"width":9,//子弹宽
"height":12,//子弹长
"lifetime":60,//存在时间，帧
"speed":3.5,//初速度
"damage":18,//伤害
"reloadMultiplier":0.6,
"ammoMultiplier":4,}

"silicon":{//硅子弹
"type":"BasicBulletType",//基础子弹
"width":7,//子弹宽
"height":9,//子弹长
"lifetime":60,//存在时间，帧
"speed":3,//初速度
"damage":12,//伤害
"homingPower":0.1,
"reloadMultiplier":1.5,
"ammoMultiplier":5,}
			
		"青铜": {
		                "pierceCap":1,
		    "reloadMultiplier":1.1,
			"speed": 2,
			"damage": 10,
			"knockback":0.15,
			"fragBullets": 2,
			"fragBullet":{
			"speed": 1,
			"damage": 5,
			"lifetime":15
			}
			"lifetime":50,
			"width": 6,
			"height": 9,
			"ammoMultiplier":1,
			"shootEffect": "shootBig" 		},
			
			"亚铜": {
		                "pierceCap":1,
		    "reloadMultiplier":1,
			"speed": 2,
			"damage": 12,
			"knockback":0.06,
			"lifetime":50,
			"homingRange": 8,
            "homingPower": 0.01,
			"width": 6,
			"height": 9,
			"ammoMultiplier":1,
			"shootEffect": "shootBig" 		},
			
			"磁钛": {
		                "pierceCap":1,
		    "reloadMultiplier":1.2,
			"speed": 2.4,
			"damage": 20,
			"knockback":0.07,
			"fragBullets":2,
        "fragBullet":{
        "speed":1,
        "damage":7,   
        "lifetime":13 
        "width": 5,
			"height": 5,
        "shrinkY":5
        },
			"lifetime":44,
			"homingRange": 8,
            "homingPower": 0.01,
			"width": 6,
			"height": 9,
			"ammoMultiplier":9,
			"shootEffect": "shootBig" 		},
				
	},
}