{
    "type": "ItemTurret",
    "name": "终结-天基阵列",
    "description": "定向相位分裂系统，发射制导飞弹并在目标区域展开激光矩阵",
    "health": 4000,
    "size": 4,
    "reload": 150,
    "range": 240,
    "ammoPerShot": 10,
    "ammoTypes": {
        "coal": {
            "type": "PointLaserBulletType",
            "length": 220,
            "damage": 800,
            "shootEffect": { /* 保持恶兆特效 */ },
            "fragBullets": 2,  // 首次分裂数量减少
            "fragBullet": {
                "type": "MissileBulletType",
                "speed": 5,
                "damage": 400,
                "homingPower": 0.3,  // 强追踪效果
                "homingRange": 120,
                "lifetime": 60,
                "fragBullets": 12,  // 最终分裂12个
                "fragSpread": 30,   // 30度间隔(360/12=30)
                "fragBullet": {
                    "type": "ContinuousLaserBulletType",
                    "damage": 180,
                    "length": 100,
                    "duration": 480,  // 持续8秒
                    "angle": 0,       // 固定方向参数
                    "shootEffect": {
                        "type": "MultiEffect",
                        "effects": [
                            {"type": "ExplosionEffect", "size": 15},
                            {"type": "RadialEffect", "particles": 12}
                        ]
                    },
                    "updateEffect": {
                        "type": "WaveEffect",
                        "sizeFrom": 10,
                        "color": "random"
                    }
                }
            }
        }
    },
    "requirements": [
        {"item": "phase-fabric", "amount": 600},
        {"item": "surge-alloy", "amount": 400},
        {"item": "coal", "amount": 1200}
    ]
    "category": "turret",
    "research": "四元场"
}