{
    "type": "ItemTurret",//类型
    "name": "有了他你就无敌了",//名字
    "description": "字面意思",//介绍
    "health": 9999999999999999999999,//血量
    "size": 3,//炮台大小
    "reload": 360,//子弹发射间隔
    "range": 10,//自动攻击范围(10=1格)
    "maxAmmo": 4899999999999989898898998988988,//最大弹药数
    "recoilTime": 1,//后坐力恢复时间
    "recoil": 1,//后坐力
    "consumes": {
    "power": 0.000001,//耗电(实际耗电量=这里写的ⅹ60)，不耗电可以去掉这行代码。
        "coolant": {
            "amount": 0.00000001,//消耗量(实际消耗量=这里写的Ⅹ60)
            "optional": true//是否为强化效果，否将作为弹药，是将作为冷却液
        }//冷却液
    },
    "shoot": {
        "shots": 12,//开火炮口数
        "shotDelay": 0//多个炮口之间发射延迟。
    },
    "ammoPerShot": 1,//弹药消耗倍数。
    "shootSound": "shotgun",//子弹音效
    "targetGround": true,//可以攻击陆地单位
    "targetAir": true,//可以攻击天空单位
    "inaccuracy": 15,//误差角度
    "shake": 3,//振动
    "shootCone": 20,
    "ammoTypes": {
        "metaglass": {
            "type": "ShrapnelBulletType",//子弹类型，这里为雷光子弹
            "reloadMultiplier": 1,
            "length": 23000,//伤害范围长
            "damage": 6400000000000000000000000000000000000000000000000000000000000000000,//伤害
            "width": 200,//伤害范围宽
            "fromColor": "dedede",
            "toColor": "aaaaaa",
            "ammoMultiplier": 1,//物品装弹倍数
            "pierce": true,//穿透单位
            "shootEffect": {
                "type": "ParticleEffect",
                "particles": 9,
                "sizeFrom": 9,
                "sizeTo": 0,
                "line": true,
                "length": 100000,//长度
                "baseLength": 0,
                "lifetime": 15,//子弹存在时间(帧数)
                "colorFrom": "dedede",
                "colorTo": "aaaaaa",
                "cone": 120//圆锥角度
 }//子弹效果
  }//钢化玻璃 
   }//弹药类型
    "rotateSpeed": 30,//炮台转头速度
    "requirements": [
        {"item": "graphite","amount": 0},//石墨X300
        {"item": "silicon", "amount": 2},//硅X250
        {"item": "metaglass", "amount": 0},//钢化玻璃Ⅹ300
        {"item": "phase-fabric", "amount": 0},//相位物Ⅹ120
{"item": "surge-alloy","amount": 0      }//巨浪合金X250
    ],//造价
    "category": "turret",
    "research": "狙击塔"//科技树的位置(上一个要研究的东西)
}