{
	"type":"ItemTurret",//不能改
	"name":"天使?",//名字
    "description":"?????????",//介绍
	"size":3,//物品面积
	"health":999999999999999999999999999999999999,//建筑血量
	"ammoPerShot":1,
	"range":240,//攻击范围（8为一格）
	"reload":0.0000000000001,//攻击速度(每多少帧攻击一次)
	"inaccuracy":1,//误差(度数)
	                  "ammoPerShot":1,//？
	                  "ammoUseEffect": "casing2",//特效
	"rotatespeed":99999,//旋转速度
	"maxAmmo":9999999,//最大弹药
	"targetAir":true//攻击天空
	"targetGround":true,//攻击地面
	"coolantMultiplier":1,
	"heatColor":"#FF0000",
	    "shoot": {
        "shots": 1,//每次攻击的子弹数
        "shotDelay": 15,//em  自己研究吧  无法用言语表达
        "type": "ShootBarrel",
        "barrels": [
        0,0,0,//出子弹的位置  第一个x轴，向左为正  第二个y轴，向上为正  第三个角度，说不清楚（
        0,0,0,
        ]
    },
	"ammoTypes":{//用什么作弹药

					"thorium": {//铅
		                "pierceCap":1,//？
		    "reloadMultiplier":1,
			"speed": 10,//子弹移动速度（数字×8格）
			"damage": 999999999999999999999999999999999999999999999999999999999999999999,//伤害
			"knockback":99999,//击退
			"lifetime":9999999999,//子弹存在时间（单位:帧）
			"width": 1,//子弹宽度
			"height": 200000,//子弹长度
			"ammoMultiplier":9999,//装填倍数
			"shootEffect": "shootHeal"//攻击时炮口处特效	
				},
				//后面可以无限叠加
	},
	"requirements": [
		{ "item": "红合金", "amount":200000000000000000000000000 },
	],//制造需求
	"category": "turret",//不能改
	"research":"天女散花"//科技树位置(duo为双管)
	}
