{
    "type": "tether",
    "name": "幻型",
    "speed": 2,
    "rotateSpeed": 5,
    "hitSize": 10,
    "buildBeamOffset": 0,
    "buildSpeed": 0.5,
    "flying": true,
    "faceTarget": false,
    "useUnitCap": true,
    "health": 400,
    "engineOffset":8,
    "engineSize": 4,
    "trailLength": 4,
    "trailColor": "FEEBB3FF",
    "isEnemy": false,
    "hidden": true,
    "createWreck": false,
    "allowedInpayloads": false,
    "logiccontrollable": false,
    "defaultController": "AssemblerAI",
    "playerControllable": false,
    "lowAltitude": true,
}