{
	"size": 6,
	"research":"plan晶体实验室",
	"category": "crafting",
	"requirements": [
		{
			"amount": 300,
			"item": "塑料"
		},
		{
			"amount": 300,
			"item": "surge-alloy"
		},
		{
			"amount": 200,
			"item": "phase-fabric"
		},
		{
			"amount": 600,
			"item": "silicon"
		}
	],
	"name": "plan晶体第二实验室",
	"description": "这个实验室里有着数万只鸽子科学家正在共同协作研究plan晶体，它们还冒着生命危险把工业废水制成罐装来减少污染。让我们为伟大的鸽子科学家，敬礼！！！
————————————————————
其他：
————————————————————
	",
    "type": "Separator"
    ,
	"itemCapacity": 25
	,
	"craftTime": 40
	,
	"results": [
	    {
	        "item": "精铀锭",
	        "amount": 5
	    },
        {
	        "item": "原晶体",
	        "amount": 3
	    },
	    {
	        "item": "负能块",
	        "amount": 2
	    },
		{
		    "item": "钬锭",
		    "amount": 5
		}
		,
		{
		    "item": "金",
		    "amount": 8
		},
		{
		    "item": "铝锭",
		    "amount": 5
		},
		{
		    "item": "铁锭",
		    "amount": 5
		}
	],
	"outputItems": [
	    {
	        "item": "工业废料罐",
	        "amount": 2
	    },
	],
	"consumes": {
	    "power": 16,
	    "items": {
	        "items": [
	            {
	                "amount": 5,
	                "item": "plan晶体"
	        }
	    ]
    }
"liquid": {
			"liquid": "工业废水",
			"amount": 0.77
}
}
  	"liquidCapacity": 114.5141919810
}