{
    "type": "AttributeCrafter",
    "requirements": [
        {
            "item": "silicon",
            "amount": 160
        },
        {
            "item": "titanium",
            "amount": 60
        },
        {
            "item": "lead",
            "amount": 160
        },
        {
            "item": "copper",
            "amount": 160
        },
    ],
    
	"legacyReadWarmup": true,
	"displayEfficiency": true,
	"baseEfficiency": 1,
	"boostScale": 0.18,
	"maxBoost": 5,
	"minEfficiency": -1,
	"attribute": "heat",
	
	"hasPower": true,
	"hasItems": true,
	"hasLiquids": true,
	"itemCapacity": 25,
	"liquidCapacity": 130,
	"craftTime": 90,
	"category": "crafting",
	"research":"plan晶体第三实验室",
	"craftEffect": "smeltsmoke",
	"consumes": {
	    "items": {
	        "items": [
	            {
	                "item": "plan零能晶体",
	                "amount": 1
	            },            {
	                "item": "plan异能晶体",
	                "amount": 1
	            },
	        ]
	    },
	    "liquid": {
	        "liquid": "slag",
	        "amount": 0.5
	    },
	    "power": 2.922
	},
	"size": 3,
	"outputLiquid": {
	    "liquid": "工业废水",
	    "amount": 0.19
	},
	"outputItems": [
	    {
	        "item": "plan超能晶体",
	        "amount": 3
	    },
	],
	"description": "在一个无聊的下午，许许多多的鸽子科学家仍在研究plan晶体。
	自从发现plan零能晶体内包含巨大的能源[数据删除]后他们加紧了对plan异能晶体的研究希望能找到更加强大的能源。
	这时一个鸽子科学家因为工作中煮泡面的时候将plan异能晶体和plan零能晶体同时不小心丢进了泡面桶中，这本来是要变成爆炒鸽子的，可是就在之后的几秒这个泡面桶爆炸了，并且在爆炸中心产生了一种新的晶体一一plan超能晶体。
	随后，鸽子科学家对其展开了研究。发现这种晶体内蕴含着更加强大的能量…",
	"name": "plan晶体第三实验室",
	"ambientSound": "smelter",
	"ambientSoundVolume": 0.08
}