{
	"type": "DuctRouter",//类型
	    "researchCostMultiplier": 0.05
	"category": "distribution",//菜单栏
	"name": "轨道路由器",//名字
	"description": "向三个方向运输物品。",//介绍

	"research": "物品输管",//科技树前置
	"requirements": [//建造消耗
	"铁锭/2"],

	"size":1,//平方大小
	"health":50//血量
	"regionRotated":1,//区域旋转
	"solid":false,//实体
	"underBullets":true,//子弹下面
	"speed": 3,//运输速度＝60÷speed
	"itemCapacity":1,//物品容量
	"displayedSpeed":20,//显示速度
}