{
    "name": "1型装甲_穿刺",
    "description": "[purple]一个标准的小型装甲,发射一个贯穿波",
    "research": "dagger",
    "canDrown": false,
    "type": "legs",
    "buildSpeed":0.2,
	"speed": 1,
	"hitSize":8,
	"health": 260,
	"faceTarget": true,
	"armor": 1,
	"drag": 0.4,
	"flying": false,
	"targetAir": false,
	"rotateSpeed": 3,
    "legTrns": 0.6,
	"legCount": 4,
	"legMoveSpace":1.2,
	"legLength":8,
	"visualElevation": 0.2,
	"allowLegStep": true,
	"hovering": true,
	"weapons": [
		{
    "reload": 65,
    "mirror": false,
    "x": 0,
    "y": 0,
    "shootY": 2,
    "recoil": 1.5,
    "shake": 1,
    "rotate": false,
    "shootSound": "JG1",
    "shootCone": 5,
			"bullet": {
	"type":"BasicBulletType",
	"sprite": "适用扩展-贯穿束"
	"damage":10,
	"splashDamageRadius":12,
	"splashDamage":25,
	"frontColor":"A170F4",
	"backColor":"774ACF",
	"pierce": true,	
		"pierceBuilding":true,
		"pierceCap":10,
	"width": 14,
	"height":14,
	"speed":5,
		"hitEffect": {     
        "type": "WaveEffect",
        "lifetime": 30,
        "sizeFrom": 0,
        "sizeTo": 12,
        "strokeFrom": 1,
        "strokeTo": 0,
        "colorFrom": "A170F4",
        "colorTo": "774ACF"
	   },
	"lifetime":60}
			}
	]
}
