{
	"type": "ThermalGenerator",
	"category": "power",
	"name": "速效冷凝机",
	"description": "在涡轮冷凝机的基础上进行升级，从而可以生产更多的电和水",
	"ambientSound": "hum",
	"ambientSoundVolume": 0.06,
	"generateEffect": "turbinegenerate",
	"effectChance": 0.04,
	"blurThresh": 0.0002,
    "liquidCapacity": 50,
	"drawer": {"type": "DrawMulti",
	"drawers": [
		{"type": "DrawRegion",
		"suffix": "-bottom"
		},
		{"type": "DrawBlurSpin",
		"suffix": "-rotator"
		},
		"DrawDefault",
		]}
	"research": {
	"parent": "turbine-condenser"
	}
	"requirements": [//建造消耗
	"beryllium/60",
	"silicon/20"
	"graphite/20",
	],
    "outputLiquid": {
        "liquid": "water",
        "amount": 0.03
    },
	"size":3,//平方大小
	"attribute":"steam"//需求地板
	"fogRadius": 3,
	"health":1420,//血量
	"floating":false,//不稳定
	"powerProduction":0.6,//电力生产,帧
	"displayEfficiency":false,//
	"minEfficiency":8.9999,//
	"displayEfficiencyScale":0.1111111111111,//
}