{
	"type": "payload",
	"defaultCommand": "repair",
	"research": {
		"parent": "幻影",
		"objectives": [
			"mega"
		]
	},
	"flying": true,
	"lowAltitude": true,
	"health": 2300,
	"hitSize": 20,
	"armor": 5,
	"speed": 2.4,
	"drag": 0.03,
	"rotateSpeed": 4,
	"mineTier": 4,
	"mineSpeed": 4.5,
	"buildSpeed": 3.5,
	"engineSize": 4,
	"engineOffset": 14,
	"ammoType": 3000,
	"payloadCapacity": 576,
	"immunities": [
		"burning",
		"wet",
		"spore-slowed",
		"辐射"
	],
	"weapons": [
		{
			"name": "弧光速射",
			"x": 9,
			"y": -2,
			"top": false,
			"shootY": 6,
			"reload": 40,
			"shoot": {
				"type": "ShootHelix",
				"shotDelay": 5,
				"shots": 2,
				"mag": 2,
				"scl": 6
			},
			"shootSound": "lasershoot",
			"bullet": {
				"sprite": "circle-bullet",
				"damage": 38,
				"lifetime": 30,
				"speed": 8,
				"width": 4,
				"height": 4,
				"shrinkY": 0,
				"healPercent": 4,
				"homingRange": 16,
				"homingPower": 0.5,
				"collidesTeam": true,
				"frontColor": "73FFAE",
				"backColor": "57D993",
				"trailColor": "73FFAE",
				"trailLength": 3,
				"trailWidth": 1.5,
				"status": "湍能",
				"statusDuration": 10,
				"hitEffect": {
					"type": "MultiEffect",
					"effects": [
						{
							"type": "ParticleEffect",
							"particles": 3,
							"sizeFrom": 3,
							"sizeTo": 0,
							"length": 25,
							"baseLength": 0,
							"lifetime": 25,
							"colorFrom": "73FFAE",
							"colorTo": "73FFAE90",
							"cone": 360
						},
						{
							"type": "WaveEffect",
							"lifetime": 15,
							"sizeFrom": 1,
							"sizeTo": 20,
							"strokeFrom": 4,
							"strokeTo": 0,
							"colorFrom": "73FFAE",
							"colorTo": "73FFAE90"
						}
					]
				},
				"despawnEffect": "none"
			}
		},
		{
			"name": "弧光炮",
			"x": 0,
			"shake": 3,
			"shootY": 4,
			"reload": 120,
			"mirror": false,
			"shootSound": "灼烧",
			"bullet": {
				"type": "LaserBulletType",
				"damage": 85,
				"recoil": 1.6,
				"width": 16,
				"length": 240,
				"knockback": 2.3,
				"collidesTeam": true,
				"healPercent": 16,
				"shootEffect": "bigShockwave",
				"buildingDamageMultiplier": 0.2,
				"colors": [
					"50A385",
					"57D993",
					"73FFAE"
				],
				"sideAngle": 45,
				"sideWidth": 2,
				"sideLength": 45,
				"status": "湍能",
				"statusDuration": 60
			}
		}
	],
	"abilities": [
		{
			"type": "StatusFieldAbility",
			"effect": "迅疗",
			"duration": 60,
			"reload": 480,
			"range": 80,
			"activeEffect": {
				"type": "WaveEffect",
				"lifetime": 30,
				"sizeFrom": 0,
				"sizeTo": 80,
				"strokeFrom": 2,
				"strokeTo": 0,
				"colorFrom": "57D993",
				"colorTo": "73FFAE"
			}
		}
	]
}