{
	"type": "legs",
	"research": {
		"parent": "爆蚊",
		"objectives": [
			"spiroct",
			"exponential-reconstructor"
		]
	},
	"health": 7680,
	"speed": 1.2,
	"hitSize": 18,
	"armor": 11,
	"drag": 0.1,
	"range": 80,
	"rotateSpeed": 4,
	"groundLayer": 75,
	"legCount": 6,
	"legLength": 18,
	"stepShake": 0.2,
	"legGroupSize": 3,
	"legMoveSpace": 1,
	"legExtension": -3,
	"legBaseOffset": 7,
	"legMaxLength": 1.1,
	"legMinLength": 0.2,
	"legLengthScl": 0.95,
	"legForwardScl": 0.9,
	"legSplashDamage": 5,
	"legSplashRange": 2,
	"hovering": true,
	"targetAir": false,
	"lockLegBase": true,
	"allowLegStep": true,
	"legContinuousMove": true,
	"outlineColor": "1F1F1F",
	"immunities": [
		"burning",
		"melting",
		"blasted",
		"wet",
		"freezing",
		"slow",
		"tarred",
		"muddy",
		"sapped",
		"electrified",
		"spore-slowed",
		"辐射"
	],
	"targetFlags": [
		"reactor",
		"generator",
		"turret"
	],
	"weapons": [
		{
			"x": 0,
			"reload": 600,
			"mirror": false,
			"shootCone": 360,
			"shootOnDeath": true,
			"shootSound": "largeCannon",
			"bullet": {
				"damage": 0,
				"speed": 8,
				"lifetime": 8,
				"collides": false,
				"hittable": false,
				"killShooter": true,
				"incendAmount": 96,
				"incendSpread": 96,
				"status": "蚀骨",
				"statusDuration": 480,
				"splashDamage": 1373,
				"splashDamageRadius": 144,
				"instantDisappear": true,
				"shootEffect": "none",
				"despawnEffect": {
					"type": "multiEffect",
					"effects": [
						{
							"type": "ParticleEffect",
							"lifetime": 333,
							"particles": 12,
							"sizeFrom": 16,
							"sizeTo": 0,
							"cone": 360,
							"length": 156,
							"baseLength": 35,
							"interp": "pow10Out",
							"sizeInterp": "pow10In",
							"colorFrom": "F6E096",
							"colorTo": "F9C27A"
						},
						{
							"type": "ParticleEffect",
							"lifetime": 293,
							"particles": 11,
							"sizeFrom": 16,
							"sizeTo": 0,
							"cone": 360,
							"length": 156,
							"baseLength": 35,
							"interp": "pow10Out",
							"sizeInterp": "pow10In",
							"colorFrom": "F6E096",
							"colorTo": "F9C27A"
						},
						{
							"type": "ParticleEffect",
							"lifetime": 222,
							"particles": 17,
							"sizeFrom": 12,
							"sizeTo": 0,
							"cone": 360,
							"length": 144,
							"baseLength": 23,
							"interp": "pow10Out",
							"sizeInterp": "pow10In",
							"colorFrom": "F6E096",
							"colorTo": "F9C27A"
						},
						{
							"type": "ParticleEffect",
							"lifetime": 150,
							"particles": 13,
							"sizeFrom": 8,
							"sizeTo": 0,
							"cone": 360,
							"length": 120,
							"baseLength": 11,
							"interp": "pow5Out",
							"sizeInterp": "pow5In",
							"colorFrom": "F6E096",
							"colorTo": "F9C27A"
						},
						{
							"type": "ExplosionEffect",
							"sparkColor": "F6E096",
							"smokeColor": "F6E096",
							"lifetime": 108,
							"smokes": 30,
							"smokeSize": 13,
							"smokeSizeBase": 0.6,
							"smokeRad": 112,
							"waveLife": 30,
							"waveStroke": 2,
							"waveRad": 183,
							"waveRadBase": 2,
							"sparkRad": 192,
							"sparkLen": 13,
							"sparkStroke": 4,
							"sparks": 40
						}
					]
				}
			}
		},
		{
			"x": 0,
			"y": -10,
			"shootY": 0,
			"reload": 300,
			"rotate": true,
			"mirror": false,
			"rotateSpeed": 1,
			"shootCone": 20,
			"useAmmo": false,
			"rotationLimit": 20,
			"alwaysShooting": true,
			"alwaysContinuous": true,
			"shootSound": "laserbeam",
			"bullet": {
				"type": "ContinuousFlameBulletType",
				"colors": [
					"FF58458C",
					"FF5845B2",
					"FF5845CC",
					"FF8663",
					"FFDCD8CC"
				],
				"damage": 2,
				"lifetime": 60,
				"length": -16,
				"width": 2,
				"recoil": -0.2,
				"drawFlare": false,
				"status": "熔融",
				"statusDuration": 150,
				"hitEffect": {
					"type": "ParticleEffect",
					"particles": 3,
					"lifetime": 15,
					"line": true,
					"strokeFrom": 2.5,
					"strokeTo": 0,
					"lenFrom": 8,
					"lenTo": 0,
					"length": 21,
					"cone": 360,
					"colorFrom": "FF5845",
					"colorTo": "FF8663"
				}
			}
		},
		{
			"x": 0,
			"shake": 0,
			"reload": 30,
			"mirror": false,
			"display": false,
			"useAmmo": false,
			"shootCone": 360,
			"shootSound": "none",
			"shootStatus": "突袭",
			"shootStatusDuration": 60,
			"bullet": {
				"damage": 0,
				"lifetime": 30,
				"speed": 8,
				"collidesAir": false,
				"instantDisappear": true,
				"shootEffect": "none",
				"smokeEffect": "none",
				"despawnEffect": "none",
				"hitEffect": "none"
			}
		}
	],
	"abilities": [
		{
			"type": "SpawnDeathAbility",
			"unit": "crawler",
			"amount": 3,
			"randAmount": 1
		}
	]
}