{
	"name": "投影器",
	"description": "小型的力墙投影器
	在自身周围创建一个六角形立场，使里面的建筑物和单位免受
	伤害。
	持续承受高伤害会导致过热，可以使用冷却液降温。硅可用于
	增加屏障大小",
	"type": "ForceProjector",
	"health":150 ,
	"size":1,
	"radius":50,
	"phaseUseTime": 150
	"phaseRadiusBoost": 30//"buildCostMultiplier": 0.8,
	"basePowerDraw": 1.0
	"itemCapacity": 10,
	"shieldHealth":350,
	"cooldownNormal":2,
	"cooldownLiquid":2,
	"cooldownBrokenBase":1,
"phaseShieldBoost":150
	"consumes":{
		"power":3.0 ,
		"items":{
			"items":[
				{"item":"graphite","amount":1}
			],
			"booster":true
		}
	},
	"requirements": [
	{ "item": "copper", "amount": 35 }
		{ "item": "graphite", "amount": 25 }
	],
	"category": "effect",
	"research":"mend-projector"
}