{
	"name": "中型投影器",
	"description": "中等大小的力墙投影
	在自身周围创建一个六角形立场，使里面的建筑物和单位免受
	伤害。
	持续承受高伤害会导致过热，可以使用冷却液降温。硅可用于
	增加屏障大小",
	"type": "ForceProjector",
	"health":240 ,
	"size":2,
	"radius":75,
	"phaseUseTime": 180
	"phaseRadiusBoost": 25//"buildCostMultiplier": 0.8,
	"basePowerDraw": 1.0
	"itemCapacity": 10,
	"shieldHealth":500,
	"cooldownNormal":1.75,
	"cooldownLiquid":1.4,
	"cooldownBrokenBase":0.3,
"phaseShieldBoost":250
	"consumes":{
		"power":3.0 ,
		"items":{
			"items":[
				{"item":"silicon","amount":1}
			],
			"booster":true
		}
	},
	"requirements": [
	{ "item": "copper", "amount": 50 }
		{ "item": "lead", "amount": 50 }
		{ "item": "silicon", "amount": 60 }
	],
	"category": "effect",
	"research":"1-投影器"
}