{
	"name": "超力墙投影器",
	"description": "大型的力墙投影
	在自身周围创建一个六角形立场，使里面的建筑物和单位免受
	伤害。
	持续承受高伤害会导致过热，可以使用冷却液降温。硅可用于
	增加屏障大小",
	"type": "ForceProjector",
	"health":480 ,
	"size":4,
	"radius":125,
	"phaseUseTime": 180
	"phaseRadiusBoost": 115//"buildCostMultiplier": 0.8,
	"basePowerDraw": 2.0
	"itemCapacity": 15,
	"shieldHealth":1750,
	"cooldownNormal":2.0,
	"cooldownLiquid":1.6,
	"cooldownBrokenBase":0.3,
"phaseShieldBoost":3250
	"consumes":{
		"power":4.0 ,
		"items":{
			"items":[
				{"item":"silicon","amount":1}
				{"item":"phase-fabric","amount":1}
			],
			"booster":true
		}
	},
	"requirements": [
		{ "item": "lead", "amount": 450 }
		{ "item": "titanium", "amount": 350 }
		{ "item": "silicon", "amount": 225 }
		{ "item": "phase-fabric", "amount": 75 }
		
		
	],
	"category": "effect",
	"research":"force-projector"
}