{
	"name": "圣所",
	"description": "高级的力墙投影器
	在自身周围创建一个六角形立场，使里面的建筑物和单位免受
	伤害。
	持续承受高伤害会导致过热，可以使用冷却液降温。巨浪合金可用于
	增加屏障大小",
	"type": "ForceProjector",
	"health":750 ,
	"size":4,
	"radius":175,
	"phaseUseTime": 360
	"phaseRadiusBoost": 125
	"basePowerDraw": 10.0
	"itemCapacity":30,
	"shieldHealth":7500,
	"cooldownNormal":1.0,
	"cooldownLiquid":2.0,
	"cooldownBrokenBase":2.0,
"phaseShieldBoost":12500
	"consumes":{
		"power":15.0,
		"items":{
			"items":[
				{"item":"surge-alloy","amount":5}
			],
			"booster":true
		}
	},
	"requirements": [
		{ "item": "铅板", "amount": 350 }
		{ "item": "钛板", "amount": 450 }
		{ "item": "硅板", "amount": 300 }
		{ "item": "phase-fabric", "amount": 325 }
		{ "item": "电子元件", "amount": 450 }
	],
	"category": "effect",
	"research":"3-超力墙投影器"
}