{
	"type": "MendProjector",
	"name": "超修天顶投射器",
	"description": "超修穹顶投射器的升级版，定期修复附近的建筑物。",
	"health": 625, 
     "reload":180
	 "range":125
	 "speedBoostPhase":0,
	 "size":4,
	 "healPercent":15
	 "phaseBoost":0
	 "phaseRangeBoost":0
	 "hasBoost":false
	 "useTime":120
	 "consumes": {
		"power": 9,//工作能量消耗,比例1:60
        "items":{
			"items":[
				{"item":"surge-alloy","amount":1}
				{"item":"phase-fabric","amount":1}
			]
		}
	},
	 

	"requirements": [
		{ "item": "铅板", "amount":32}
		{ "item": "硅板", "amount":30 }
		{ "item": "spore-pod", "amount":250 }
		{ "item": "pyratite", "amount":250 }
		{ "item": "blast-compound", "amount":250 }
		{ "item": "surge-alloy", "amount":250 }
	]
	"category": "effect",
	"research":"超修理投射器"

}