{
	"name": "超频处理器",
	"description": "在循环中运行一系列逻辑指令。可用于控制单元和建筑物。非常之快的处理速度。",//介绍
	"type": "LogicBlock"
	"health": 550,
	"size": 4,
	"instructionsPerTick":50
	"range":600
	"consumes": {
"liquid": {"liquid":"cryofluid","amount":0.14,"booster":false}
	},
	"requirements": [
		{ "item": "铅板", "amount":300 }
		{ "item": "硅板", "amount":150 }
		{ "item": "surge-alloy", "amount":135 }
		{ "item": "电子元件", "amount":100 }
	]
	"category": "logic",
	"research":"hyper-processor"
}