{
	"type": "GenericCrafter",
    "name": "油钻机",
   	"description":"大量挖取地底石油",
	"health":600,
	"outputLiquid": {
		"liquid": "oil", "amount":2
		},
	"liquidCapacity": 120,
	"size": 1,
"drawer":{
	    "type":"DrawMulti",
	    "drawers":[
	    {
	    "type":"DrawRegion",
	    "suffix":"-bottom"
	    },
	    {
	       "type":"DrawLiquidTile",
	    "drawLiquid":"water"
	    },
	    "DrawDefault"
	]},
	"hasPower": false,
	"hasliquid": true,
	"hasItems": false,
	"craftTime":60,
	"consumes": {
	        "power": 1,
			},
	"requirements": [
		{ "item": "copper", "amount": 150 },
		{ "item": "lead", "amount": 150 }
		"plastanium/100"
	],
	"category": "crafting",
	"idleSound": "respawning",
	"idleSoundVolume": 0.5
	"research": "无水"
}
