{
	"type": "draug",
	"name": "采矿机",
	"description": "我们经过多次商讨，研究了三天三夜，选举了多种方法，最后!，我们决定不写。",
	"speed": 0.2,
	"flying": true,
	"hitsize": 1,
	"minePower": 12.0,
	"health": 500,
	"tier": 15000,
	"itemCapacity": 100,
    "toMine":["titanium","thorium"],
	"rotateitemWeapon": true,
	"engineOffset": 0.01,
	"range": 50,
	"weapon":{
	    "name": "步兵透明枪",
        "length": 2,
		"reload": 20,
    	"range": 500,
		"alternate": true,
		"bullet":"lancerLaser"
	}
}
