{
	"type": "flyingUnit",
	"name": "锤头鲨",
	"description": "重型飞行机甲",
	"speed": 0.5,
	"maxVelocity": 1.0,
	"flying": true,
	"hitsize": 80,
	"health": 9000,
	"rotateWeapon": true,
	"engineOffset": 1.5,
	"engineSize":1.5,
	"mass":1000,
    "rotatespeed": 1.0,
    "baseRotateSpeed": 1.5,
	"weaponOffsetX": 150,
	"weaponOffsetY": 100,
	"range": 300,
	"weapon": {
		"name": "锤头鲨炮",
		"length": 1.2,
		"width": 0.4,
		"reload": 15,
		"speed": 2.5,
		"alternate": true,
		"range": 400,
		 "bullet":{
               "speed": 5,
               "damage": 60,
               "reload": 60,
               "range": 400,
               "bulletWidth": 15,
               "bulletHeight": 21
       }
	}
}