{
	"type": "flyingUnit",
	"name": "青鹰截击机",
	"description": "专门用于在空中截击入侵的敌方轰炸机、侦察机或巡航导弹的军用飞机。截击机的任务是保卫重要城镇、战略要地、交通枢纽等不被空袭。截击机通常由地面雷达站或预警机导引至目标区，再用机载雷达截获并跟踪目标，当飞机处于有效攻击位置时对目标实施攻击。.",
	"speed": 0.8,
	"maxVelocity": 2.5,
	"flying": true,
	"hitsize": 20,
	"health": 90,
	"rotateWeapon": false,
	"engineOffset": 1.5,
	"engineSize":1.5,
	"mass":1000,
    "rotatespeed": 1.0,
    "baseRotateSpeed": 0.1,
    "weaponOffsetX": 20,
	"range": 300,
	"weapon": {
		"name": "青鹰截击机机炮"
        "length": 1.5,
		"reload": 3.2,
    	"range": 400,
		"alternate": true,
	    "bullet":{
       	       "speed": 10,
               "damage": 5,
               "backColor":"0000ff",
			   "fontColor":"0000ff",
			   "heatColor":"0000ff",
			   "trailColor":"0000ff",
               "bulletWidth": 1,
               "bulletHeight": 5}
	}
}
