{
	"name": "不正图",
	"description": "击败混乱之眼（敌方）",
	"loadout": "basicFoundation",
    "startingItems": [
    	{"item": "copper", "amount": 3000},
    	{"item": "lead", "amount": 300}
    	{"item": "titanium", "amount": 300}
    	{"item": "silicon", "amount": 600}
    ],
    "conditionWave": 10,
    "launchPeriod": 3,
    "requirements": [
    	{
    		"type": "ZoneWave",
    		"zone": "矿洞", 
    		"wave": 15
    	},
    	{
    		"type": "Unlock",
    		"block": "小麦培养机"
    	}
    	{
    		"type": "Unlock",
    		"block": "混合投射器"
    	}
    	{
    		"type": "Unlock",
    		"block": "面粉发电机"
    	}
    ],
    "resources": ["lead", "titanium", "copper", "coal", "thorium",]
}

