{
	"name": "发现工厂",
	"description": "你发现了一处敌人的石膏工厂，但不怎么强力。",
	"loadout": "basicFoundation",
    "startingItems": [
    	{"item": "copper", "amount": 12000},
    	{"item": "lead", "amount": 9600}
    	{"item": "titanium", "amount": 3500}
    	{"item": "thorium", "amount": 5300}
    ],
    "conditionWave": 10,
    "launchPeriod": 10,
    "requirements": [
    	{
    		"type": "ZoneWave",
    		"zone": "继续探索"
    		"wave": 30
    	},
    	{
    		"type": "Unlock",
    		"block": "大型水泥合金墙"
    	}
    	{
    		"type": "Unlock",
    		"block": "紫晶合金工厂"
    	}
    	{
    		"type": "Unlock",
    		"block": "石油提取器"
    	}
    ],
    "resources": ["lead", "titanium", "copper", "coal", "thorium", "石膏",]
}

