{
	"name": "山谷",
	"description": "远离!",
	"loadout": "basicFoundation",
    "startingItems": [
    	{"item": "copper", "amount": 120},
    	{"item": "lead", "amount": 960}
    	{"item": "titanium", "amount": 350}
    	{"item": "thorium", "amount": 530}
    ],
    "conditionWave": 10,
    "launchPeriod": 10,
    "requirements": [
    	{
    		"type": "ZoneWave",
    		"zone": "继续探索"
    		"wave": 35
    	},
    	{
    		"type": "Unlock",
    		"block": "鬼晶合金工厂"
    	}
    	{
    		"type": "Unlock",
    		"block": "物质研究工厂"
    	}
    	{
    		"type": "Unlock",
    		"block": "炎晶合金工厂"
    	}
    ],
    "resources": ["lead", "titanium", "copper", "coal", "thorium", "紫晶", "鬼晶", "原型聚合物",  "星铁", "炎晶",]
}

