{
	"name": "机枪阵地",
	"description": "注意，这是敌方重要领地请小心应对!",
	"loadout": "basicFoundation",
    "startingItems": [
    	{"item": "copper", "amount": 100},
    ]
    "conditionWave": 10,
    "launchPeriod": 10,
    "requirements": [
    	{
    		"type": "ZoneWave",
    		"zone": "发现工厂"
    		"wave": 20
    	},
    	{
    		"type": "Unlock",
    		"block": "cyclone"
    	}
    	{
    		"type": "Unlock",
    		"block": "rtg-generator"
    	}
    	{
    		"type": "Unlock",
    		"block": "phase-conduit"
    	}
    ],
    "resources": ["lead", "titanium", "copper", "coal", "thorium",]
}

