{
	"name": "江战",
	"description": "此为另一条路，不按主剧情走的。",
	"loadout": "basicFoundation",
    "startingItems": [
    	{"item": "copper", "amount": 1200},
    	{"item": "lead", "amount": 9600}
    	{"item": "titanium", "amount": 3500}
    ],
    "conditionWave": 10,
    "launchPeriod": 3,
    "requirements": [
    	{
    		"type": "ZoneWave",
    		"zone": "tarFields", 
    		"wave": 20
    	},
    	{
    		"type": "Unlock",
    		"block": "spectre"
    	}
    	{
    		"type": "Unlock",
    		"block": "石膏精华研究工厂"
    	}
    	{
    		"type": "Unlock",
    		"block": "远程通讯器"
    	}
    ],
    "resources": ["lead", "titanium", "copper", "coal", "thorium",]
}

