{
	"name": "矿洞",
	"description": "敌人特别强力，建议远离此地",
	"loadout": "basicFoundation",
    "startingItems": [
    	{"item": "copper", "amount": 2200},
    	{"item": "lead", "amount": 8000}
    	{"item": "titanium", "amount": 3600}
    ],
    "conditionWave": 10,
    "launchPeriod": 10,
    "requirements": [
    	{
    		"type": "ZoneWave",
    		"zone": "极地"
    		"wave": 30
    	},
    	{
    		"type": "Unlock",
    		"block": "titanium-wall"
    	}
    	{
    		"type": "Unlock",
    		"block": "message"
    	}
    ],
    "resources": ["lead", "titanium", "copper", "coal", "thorium",]
}

