{
  "type": "ItemTurret",
  "requirements": [ "lead/60","graphite/30","silicide/40" ],
  "category": "turret",
  "size": 2,
  "outlineColor": "2d2f39",
  "ammoTypes": {
    "lead": {
      "width": 8,
      "height": 14,
      "lifetime": 30,
      "ammoMultiplier": 3,
      "speed": 8,
      "damage": 20,
      "shootEffect": "shootSmall",
      "smokeEffect": "shootSmallSmoke",
      "collidesGround": false,
      "collidesTiles": false,
      "splashDamage": 16,
      "splashDamageRadius": 16,
      "hitEffect": "flakExplosion",
      "despawnEffect": "flakExplosion",
      "impact": true,
      "knockback": 2.4
    },
    "metaglass": {
      "width": 10,
      "height": 14,
      "lifetime": 25,
      "ammoMultiplier": 5,
      "speed": 8,
      "damage": 25,
      "shootEffect": "shootSmall",
      "smokeEffect": "shootSmallSmoke",
      "collidesGround": false,
      "collidesTiles": false,
      "splashDamage": 22,
      "splashDamageRadius": 20,
      "hitEffect": "flakExplosion",
      "despawnEffect": "flakExplosion",
      "impact": true,
      "knockback": 3,
      "fragBullets": 2,
      "fragLifeMin": 0,
      "fragVelocityMin": 0.5,
      "fragRandomSpread": 30,
      "fragBullet": {
        "speed": 5,
        "lifetime": 20,
        "splashDamage": 12,
        "splashDamageRadius": 16,
        "hitEffect": "flakExplosion",
        "despawnEffect": "flakExplosion",
        "pierce": true,
        "collidesGround": false,
        "collidesTiles": false,
        "pierceCap": 2,
        "width": 8,
        "height": 10
      }
    },
    "silicide": {
      "width": 12,
      "height": 16,
      "lifetime": 30,
      "ammoMultiplier": 6,
      "speed": 8,
      "damage": 40,
      "shootEffect": "shootSmall",
      "smokeEffect": "shootSmallSmoke",
      "collidesGround": false,
      "collidesTiles": false,
      "splashDamage": 18,
      "splashDamageRadius": 16,
      "hitEffect": {
        "type": "MultiEffect",
        "effects": [
          "flakExplosion",
          {
          "type": "WaveEffect",
          "lightColor": "565666ff",
          "colorFrom": "565666ff",
          "colorTo": "565666ff",
          "sizeTo": 12,
          "strokeFrom": 6,
          "strokeTo": 4,
          "lifetime": 7
          },
          {
          "type": "WaveEffect",
          "lightColor": "565666ff",
          "colorFrom": "565666ff",
          "colorTo": "565666ff",
          "sizeTo": 16,
          "strokeFrom": 5,
          "strokeTo": 3,
          "lifetime": 5
          }
        ]
      },
      "despawnHit": true,
      "despawnEffect": "none",
      "impact": true,
      "knockback": 4.6,
      "hittable": false
    },
    "plastanium": {
      "width": 11,
      "height": 15,
      "lifetime": 25,
      "ammoMultiplier": 6,
      "speed": 8,
      "damage": 30,
      "shootEffect": "shootSmall",
      "smokeEffect": "shootSmallSmoke",
      "collidesGround": false,
      "collidesTiles": false,
      "splashDamage": 25,
      "splashDamageRadius": 32,
      "hitEffect": "flakExplosion",
      "despawnEffect": "flakExplosion",
      "status": "blasted",
      "statusDuration": 60,
      "impact": true,
      "knockback": 3,
      "fragBullets": 4,
      "fragLifeMin": 0,
      "fragVelocityMin": 0.5,
      "fragRandomSpread": 30,
      "frontColor": "fffac6",
      "backColor": "d8d97f",
      "inaccuracy": 1,
      "hitShake": 1,
      "fragBullet": {
        "speed": 6,
        "lifetime": 20,
        "splashDamage": 12,
        "splashDamageRadius": 16,
        "hitEffect": "flakExplosion",
        "despawnEffect": "flakExplosion",
        "pierce": true,
        "collidesGround": false,
        "collidesTiles": false,
        "pierceCap": 3,
        "width": 8,
        "height": 10,
        "frontColor": "fffac6",
        "backColor": "d8d97f"
      }
    },
    "surge-alloy": {
      "width": 12,
      "height": 16,
      "lifetime": 30,
      "ammoMultiplier": 6,
      "speed": 8,
      "damage": 38,
      "shootEffect": "shootSmall",
      "smokeEffect": "shootSmallSmoke",
      "collidesGround": false,
      "collidesTiles": false,
      "splashDamage": 14,
      "splashDamageRadius": 24,
      "hitEffect": "blastExplosion",
      "despawnEffect": "blastExplosion",
      "impact": true,
      "knockback": 3.2,
      "frontColor": "ffffff",
      "backColor": "f3e979",
      "trailColor": "f3e979",
      "trailEffect": "missileTrailShort",
      "trailWidth": 0.75,
      "trailInterval": 1,
      "lightning": 2,
      "lightningDamage": 20,
      "lightningLength": 9,
      "hitShake": 1
    }
  },
  "shoot": {
    "type": "ShootBarrel",
    "shots": 1,
    "barrels": [ 1.75,7,0,-1.75,7,0 ]
  },
  "recoil": 2,
  "shake": 1,
  "maxAmmo": 40,
  "shootSound": "shootBig",
  "shootX": 0,
  "shootY": 0,
  "reload": 6,
  "recoilTime": 20,
  "shootWarmupSpeed": 0.25,
  "warmupMaintainTime": 30,
  "range": 240,
  "health": 1400,
  "armor": 4,
  "ammoUseEffect": "casing2",
  "inaccuracy": 1,
  "rotateSpeed": 14,
  "drawer": {
    "type": "DrawTurret",
    "basePrefix": "dark-",
    "parts": [
      {
        "type": "RegionPart",
        "suffix": "-side",
        "progress": "warmup",
        "moveX": 2,
        "moveY": -2,
        "moveRot": 0,
        "mirror": true,
        "under": true
      },
      {
        "type": "RegionPart",
        "suffix": "-shell",
        "progress": "recoil",
        "moveX": 0,
        "moveY": 1.5,
        "moveRot": 0,
        "mirror": false,
        "under": false
      },
      {
        "type": "RegionPart",
        "suffix": "-tubes",
        "progress": "recoil",
        "moveX": 0,
        "moveY": -1,
        "moveRot": 0,
        "mirror": false,
        "under": true
      }
    ]
  },
  "research": {
    "parent": "shock",
    "objectives": [ 
      {
        "type": "OnSector",
        "preset": "intervalley"
      }
    ]
  },
  "researchCostMultiplier": 0.1,
  "consumes": {
    "coolant": {
      "type": "ConsumeCoolant",
      "amount": 0.4
    }
  },
  "crushDamageMultiplier": 0.05,
  "targetGround": false
}