{
  "type": "PowerTurret",
  "requirements": [ "aluminium/65","silicide/20","silicon/30" ],
  "category": "turret",
  "size": 2,
  "shootType": {
        "hitShake": 0,
        "shootEffect": {
          "type": "MultiEffect",
          "effects": [
        {
          "type": "ParticleEffect",
          "length": 0,
          "lifetime": 4,
          "sizeFrom": 3,
          "sizeTo": 0,
          "particles": 1,
          "baseLength": 0,
          "sizeInterp": "circleIn",
          "colorFrom": "8aa3f4",
          "colorTo": "8aa3f4"
        }
        /*{
          "type": "RadialEffect",
          "effect": "shootSmallSmoke",
          "amount": 1,
          "lengthOffset": 144
        }*/
          ]
        },
        "smokeEffect": "shootSmallSmoke",
        "despawnEffect": "shootSmallSmoke",
        "type": "RailBulletType",
        "length": 144,
        "damage": 8,
        "pierceArmor": true,
        "pierce": false,
        "pierceBuilding": false,
        "pierceCap": 1,
        "pierceEffect": "none",
        "pointEffect": { 
          "type": "ParticleEffect",
          "length": 0,
          "lifetime": 3,
          "sizeFrom": 1.5,
          "sizeTo": 0,
          "particles": 1,
          "baseLength": 0,
          "sizeInterp": "circleIn",
          "colorFrom": "8aa3f4",
          "colorTo": "8aa3f4"
        },
        "pointEffectSpace": 1,
        "hitEffect": {
          "type": "MultiEffect",
          "effects": [
        {
          "type": "ParticleEffect",
          "length": 0,
          "lifetime": 4,
          "sizeFrom": 2,
          "sizeTo": 0,
          "particles": 1,
          "baseLength": 0,
          "sizeInterp": "circleIn",
          "colorFrom": "8aa3f4",
          "colorTo": "8aa3f4"
        },
        "hitLancer"
          ]
        }
    /*"chargeEffect": {
      "type": "MultiEffect",
      "effects": [
    {
      "type": "RadialEffect",
      "effect": "shootSmallSmoke",
      "amount": 1,
      "x": 3,
      "y": 0
    },
    {
      "type": "RadialEffect",
      "effect": "shootSmallSmoke",
      "amount": 1,
      "x": -3,
      "y": 0
    }
      ]
    }*/
  },
  "recoil": 1.5,
  "shootSound": "lasershoot",
  "soundPitchMax": 1.5,
  "soundPitchMin": 1.5,
  "shoot": {
    "type": "ShootMulti",
    "source": {
      "shots": 9,
      "shotDelay": 2
    },
    "dest": [
    {
      "type": "shootBarrel",
      "shots": 2,
      "shotDelay": 0,
      "barrels": [ 3,0,0,-3,0,0 ]
    }
    ]
  },
  "shootX": 0,
  "shootY": 0,
  "reload": 60,
  "range": 144,
  "health": 1200,
  "ammoUseEffect": "none",
  "rotateSpeed": 10,
  "minWarmup": 0.95,
  "shootWarmupSpeed": 0.25,
  "warmupMaintainTime": 40,
  "recoilTime": 120,
  "drawer": {
    "type": "DrawTurret",
    "basePrefix": "dark-",
    "parts": [
      {
        "type": "RegionPart",
        "suffix": "-blade",
        "progress": "warmup",
        "moveX": 1,
        "moveY": 0.75,
        "moveRot": 0,
        "mirror": true,
        "under": true,
        "heatProgress": "recoil",
        "heatLight": true
      }
    ]
  },
  "research": {
    "parent": "beat",
    "objectives": [
      {
        "type": "OnSector",
        "preset": "intervalley"
      }
    ]
  },
  "researchCostMultiplier": 0.01,
  "coolantMultiplier": 12,
  "consumes": {
    "coolant": {
      "type": "ConsumeCoolant",
      "amount": 0.2
    },
    "power": 3.8
  },
  "crushDamageMultiplier": 0.05
}