{
  "type": "RegenProjector",
  "hasLiquids": true,
  "drawer": {
    "type": "DrawMulti",
    "drawers": [
      {
        "type": "DrawRegion",
        "suffix": "-bottom"
      },
      "DrawDefault",
      {
        "type": "DrawLiquidRegion",
        "drawLiquid": "hydrogen"
      },
      {
        "type": "DrawGlowRegion",
        "color": "D1EFFFFF"
      }
    ]
  },
  "size": 4,
  "requirements": [
    "beryllium/150",
    "tungsten/90",
    "silicon/100",
    "thorium/80"
  ],
  "research": "列位超速器",
  "category": "effect",
  "baseColor": "6569C9FF",
  "health": 1500,
  "liquidCapacity": 15,
  "range": 70,
  "healPercent": 0.25,
  "consumes": {
    "power": 5.5,
    "liquid": {
      "liquid": "hydrogen",
      "amount": "1"
    }
  }
}