{
	"type":"ItemTurret",//类型
	"category":"turret",//菜单栏
	"name":"冲击",//名字
	"description":"向敌人连射大量子弹。",//介绍
	"buildCostMultiplier":3,//建造速度倍率
	"research":"贯穿"//前置科技树
	"alwaysUnlocked":false,//科技树默认解锁
	"drawer": {
	"type": "drawTurret"},
	"requirements": [
	{ "item":"锌钢","amount":45}
	{ "item":"钌","amount":70}
	{ "item":"铬铁","amount":40}
	]
	"size": 2,//大小
	"health":780,//血量
	"rotateSpeed":2,//转头速度
	"maxAmmo":22,//弹药容量
	"reload":28,//装填速度
	"ammoPerShot":3,//单发消耗
	"ammoUseEffect": "casing3",//子抛壳特效
	"shootEffect":"shootSmall",//射击特效
	"shootSound":"shoot",//发射音效
	"range":170,//范围
	"inaccuracy":2,//不准确度
	"consumes":{//消耗
	"coolant":{"amount":0.1,"optional":true}	}//加速液体
	"shoot":{
    "type":"shootBarrel",
    "shots":6,
    "shotDelay":1,
}
	"ammoTypes":{
		"铬铁":{//矿
			"sprite":"bullet",//子弹贴图
			"spin": 0,//子弹旋转速度
			"shrinkY": 0,"shrinkX": 0,//子弹变形程度
			"damage":14,
			"speed": 6.75,
			"lifetime":25,
			"width":7,	"height":5,//宽长度
			"backColor":"6C78C4FF",
			//子弹边缘颜色
			"frontColor":"afb4db",
			//子弹中心颜色
			"trailLength":5,//尾迹长
            "trailWidth":1.2,//尾迹宽
            "knockback":0.8,//击退力
            "trailColor":"40466FFF",//尾迹颜色
			"ammoMultiplier":1,
			"shootEffect":"shootSmall"}
			"钌":{//矿
			"sprite":"bullet",//子弹贴图
			"spin": 0,//子弹旋转速度
			"shrinkY": 0,"shrinkX": 0,//子弹变形程度
			"damage":9,
			"speed": 6.75,
			"lifetime":25,
			"width":7,	"height":5,//宽长度
			"backColor":"fff8eb7f",
			//子弹边缘颜色
			"frontColor":"afb4db",
			//子弹中心颜色
			"trailLength":5,//尾迹长
            "trailWidth":1.2,//尾迹宽
            "knockback":1.2,//击退力
            "trailColor":"fff8eb7f",//尾迹颜色
			"ammoMultiplier":2,
			"shootEffect":"shootSmall"}}
}