{
	"type":"ItemTurret",//类型
	"category":"turret",//菜单栏
	"name":"贯穿",//名字
	"description":"向敌人发射穿透弹。",//介绍
	"buildCostMultiplier": 2,//建造速度倍率
	"research":"岩浪"//前置科技树
	"alwaysUnlocked":false,//科技树默认解锁
	"drawer": {
	"type": "drawTurret"},
	"requirements": [
	{ "item":"黄铁","amount":35}
	{ "item":"钌","amount":50}
	]
	"size": 1,//大小
	"health": 365,//血量
	"rotateSpeed": 6,//转头速度
	"maxAmmo":16,//弹药容量
	"reload": 20,//装填速度
	"ammoPerShot":1,//单发消耗
	"ammoUseEffect": "casing3",//子抛壳特效
	"shootEffect":"shootSmall",//射击特效
	"shootSound":"shoot",//发射音效
	"range": 180,//范围
	"inaccuracy":0,//不准确度
	"shots":3
	"consumes":{//消耗
	"coolant":{"amount":0.1,"optional":true}	}//加速液体
	"ammoTypes":{
		"锌":{//矿
			"sprite":"bullet",//子弹贴图
			"spin": 0,//子弹旋转速度
			"shrinkY": 0,"shrinkX": 0,//子弹变形程度
			"damage":28,
			"speed": 6.75,
			"lifetime":25,
			"width":10,	"height":7,//宽长度
			"backColor":"AC9BB3FF",
			//子弹边缘颜色
			"frontColor":"afb4db",
			//子弹中心颜色
			"trailLength":5,//尾迹长
            "trailWidth":1.2,//尾迹宽
            "trailColor":"A18AAAFF",//尾迹颜色
            "pierceCap":3,//穿透数
			"pierceBuilding":true,//穿透建筑
			"ammoMultiplier":1,
			"shootEffect":"shootSmall"}
			"钌":{//矿
			"sprite":"bullet",//子弹贴图
			"spin": 0,//子弹旋转速度
			"shrinkY": 0,"shrinkX": 0,//子弹变形程度
			"damage":23,
			"speed": 6.75,
			"lifetime":25,
			"width":9,	"height":8,//宽长度
			"backColor":"fff8eb7f",
			//子弹边缘颜色
			"frontColor":"afb4db",
			//子弹中心颜色
			"trailLength":5,//尾迹长
            "trailWidth":1.2,//尾迹宽
            "trailColor":"fff8eb7f",//尾迹颜色
            "pierceCap":2,//穿透数
			"pierceBuilding":true,//穿透建筑
			"ammoMultiplier":2,
			"shootEffect":"shootSmall"}}
}