{
"name":"守护者",
"description":"高级作战单位，定期进行自我维修且有强护盾
优先攻击:核心",
"details":"精英级敌人"
"flying":false,
"speed":1
"hitSize":20
"health":18000
"armor":20
"immunities":["burning","melting","freezing"],
"rotateSpeed":2.4
"mechFrontSway":1
"mechStepParticles":true
"mechStepShake":0.15
"canDrown":false
"itemCapacity":200
"commandLimit":8
"ammoCapacity":500,
"ammoResupplyAmount":50,
"weapons":[{
"name":"重型链炮"
"top": false
"rotate":false
"x":16
"y":1
"reload": 60
"shots": 4,
"shotDelay":4
"shootY":8
"recoil":5
"shake":2
"shootSound":"bang"
"ejectEffect":"none"
"bullet":{
               "speed": 8
               "lifetime": 38
               "backColor":"AD6DFF",
               "frontColor":"BF92F9",
               "damage":80
               "splashDamage":100
               "splashDamageRadius": 32
               "hitEffect":"explosion"
               "width": 16
               "shrinkY":0
               "height": 16
               "knockback":25
               "fragBullets":4
               "fragBullet":{
               "speed": 8
               "sprite":"繁星-鱼雷",
               "backColor":"AD6DFF",
               "frontColor":"BF92F9",
               "lifetime": 10
               "damage":50
               "width": 4
               "beight": 10
               "shrinkY":0
               "knockback":10
               "spin":30
}
}
}
{
  "name":"紫激光"
  "x":8.5
  "y":6
  "top": false
  "rotate":true
  "reload":20
  "shootSound":"点防",
  "ejectEffect":"none"
  "hitEffect":"hitLancer"
		"despawnEffect":"hitLancer"
  "shots": 1,
  "inaccuracy":0
  "alternate":false
  "ignoreRotation": false,
  "bullet":{
              	"sprite":"繁星-激光",
               "backColor":"AD6DFF",
               "frontColor":"BF92F9",
               "speed": 10
               "lifetime": 30
               "damage":60
               "width":7
               "shrinkY":0
               "height":30
             		"pierce":true
	            		"pierceBuilding":true
}
}
{
  "name":"紫激光"
  "x":8.5
  "y":-7
  "top": false
  "rotate":true
  "reload":20
  "shootSound":"点防",
  "ejectEffect":"none"
  "hitEffect":"hitLancer"
		"despawnEffect":"hitLancer"
  "shots": 1,
  "inaccuracy":0
  "alternate":false
  "ignoreRotation": false,
  "bullet":{
              	"sprite":"繁星-激光",
               "backColor":"AD6DFF",
               "frontColor":"BF92F9",
               "speed": 10
               "lifetime": 30
               "damage":60
               "width":7
               "shrinkY":0
               "height":30
             		"pierce":true
	            		"pierceBuilding":true
}
}
]
}
