{
"name":"机械师",
"description":"高级作战单位，定期进行广域修复和生产敌对单位
优先攻击:核心",
"details":"精英级敌人"
"flying":false,
"speed":1
"drag":0.4
"rotateSpeed":3
"hitSize":12
"health":10800
"armor":15
"immunities":["burning","melting","freezing"],
"legCount":6
"legLength":13
"legTrns":0.8
"legMoveSpace":1.4
"legBaseOffset":2
"visualElevation":0.3
"hovering":true
"allowLegStep":true
"itemCapacity":150
"commandLimit":8
"ammoCapacity":500,
"ammoResupplyAmount":50,
"weapons":[{
  "name":"紫激光"
  "x":4
  "y":3
  "top": false
  "rotate":false
  "reload":20
  "shootSound":"点防",
  "ejectEffect":"none"
  "hitEffect":"hitLancer"
		"despawnEffect":"hitLancer"
  "shots": 1,
  "inaccuracy":0
  "alternate":false
  "ignoreRotation": false,
  "bullet":{
              	"sprite":"繁星-激光",
               "backColor":"AD6DFF",
               "frontColor":"BF92F9",
               "speed": 10
               "lifetime": 30
               "damage":80
               "width":7
               "shrinkY":0
               "height":30
             		"pierce":true
	            		"pierceBuilding":true
}
}
{
  "name":"紫激光II"
  "x":8.5
  "y":-1.5
  "top": false
  "rotate":false
  "reload":30
  "shootSound":"重射线hit",
  "ejectEffect":"none"
  "hitEffect":"hitLancer"
		"despawnEffect":"hitLancer"
  "shots": 1,
  "inaccuracy":0
  "alternate":false
  "ignoreRotation": false,
  "bullet":{
              	"sprite":"繁星-激光",
               "backColor":"AD6DFF",
               "frontColor":"BF92F9",
               "speed": 12
               "lifetime": 27
               "damage":200
               "width":10
               "shrinkY":0
               "height":50
             		"pierce":true
	            		"pierceBuilding":true
}
}
]
}
