{
	"name":"能量流体",
	"description":"将固态能溶于水得到的液体。通过给炮台供能的方式给炮台加速。"
	// "cells": 4,
	// "spreadTarget": "精油",
	// "maxSpread": 0.5,
	// "spreadConversion": 0.5,
	// "spreadDamage": 0.1,
	"color":"#ffff00",
	"barColor":"#ffff99",
	"lightColor":"#ffff33",
	"incinerable": false,//可燃
	"flammability":0,//燃烧性
	"temperature":0.21,//液体温度
	"heatCapacity":1,//比热容
	"viscosity":0.4,//粘稠度
	"explosiveness":0//爆炸性
	"effect":"overdrive"
	//"research":"固态能"
			"research": {
		"parent": "固态能",
		"objectives": [
        "能量流体",
    ],
	},
}