{
   "type":"CellLiquid",
	"name":"酒精",
	"description":"一种易燃液体，在海兹尔上自然存在，会在水中扩散"
	// "cells": 4,
	 "spreadTarget": "water",
	 "maxSpread": 0.5,
	 "spreadConversion": 0.5,
	 "spreadDamage": 0,
	"color":"D6D3D3FF",
	"barColor":"BEBEBEFF",
	"lightColor":"FFFFFFFF",
	"incinerable": true,//可燃
	"flammability":1.1,//燃烧性
	"temperature":0.5,//液体温度
	"heatCapacity":0,//比热容
	"viscosity":0.2,//粘稠度
	"explosiveness":0//爆炸性
	//"effect":"overdrive"
	//"research":"固态能"
			"research": {
		"parent": "锆",
		"objectives": [
        "酒精",
    ],
	},
}