{
	"type": "ItemTurret",
	"name": "碎影",
	"health": 8830,
	"size": 5,
	"reload": 128,
	"range": 550,
	"consumes": {
		"power": 8
	},
	"heatRequirement": 60,
	"maxHeatEfficiency": 5,
	"warmupMaintainTime": 60,
	"shootWarmupSpeed": 0.02,
	"minWarmup": 0.76,
	"outlineColor": "2d2f39",
	"drawer": {
		"type": "DrawTurret",
		"basePrefix": "reinforced-",
		"parts": [
			{
				"type": "RegionPart",
				"mirror": true,
				"under": false,
				"x": 0,
				"heatProgress": "recoil",
				"heatColor": "ffa166",
				"suffix": "-侧",
				"moveX": 4,
				"children": [
					{
						"type": "RegionPart",
						"mirror": true,
						"under": true,
						"x": 3,
						"heatProgress": "recoil",
						"heatColor": "ffa166",
						"suffix": "-炮",
						"moves": [
							{
								"progress": "recoil",
								"y": -3
							}
						],
						"moveX": -3,
						"moveY": 9.25
					}
				]
			},
			{
				"type": "RegionPart",
				"mirror": false,
				"suffix": "-顶",
				"heatProgress": "warmup",
				"heatColor": "ffa166",
				"progress": "recoil",
				"moveY": -2
			},
			{
				"type": "ShapePart",
				"progress": "warmup",
				"y": -17,
				"color": "ffa166",
				"stroke": 0,
				"strokeTo": 1.6,
				"circle": true,
				"hollow": true,
				"radius": 0,
				"radiusTo": 10,
				"layer": 110
			},
			{
				"type": "HaloPart",
				"shapeRotation": 45,
				"progress": "warmup",
				"shapes": 1,
				"sides": 3,
				"x": 10,
				"y": -27,
				"color": "ffa166",
				"layer": 110,
				"tri": true,
				"radius": 0,
				"radiusTo": 5,
				"triLength": 0,
				"triLengthTo": 12,
				"haloRadius": 0,
				"haloRadiusTo": 0,
				"haloRotateSpeed": 0
			},
			{
				"type": "HaloPart",
				"shapeRotation": -135,
				"progress": "warmup",
				"shapes": 1,
				"sides": 3,
				"x": 10,
				"y": -27,
				"color": "ffa166",
				"layer": 110,
				"tri": true,
				"radius": 0,
				"radiusTo": 5,
				"triLength": 0,
				"triLengthTo": 28,
				"haloRadius": 0,
				"haloRadiusTo": 0,
				"haloRotateSpeed": 0
			},
			{
				"type": "HaloPart",
				"shapeRotation": -45,
				"progress": "warmup",
				"shapes": 1,
				"sides": 3,
				"x": -10,
				"y": -27,
				"color": "ffa166",
				"layer": 110,
				"tri": true,
				"radius": 0,
				"radiusTo": 5,
				"triLength": 0,
				"triLengthTo": 12,
				"haloRadius": 0,
				"haloRadiusTo": 0,
				"haloRotateSpeed": 0
			},
			{
				"type": "HaloPart",
				"shapeRotation": 135,
				"progress": "warmup",
				"shapes": 1,
				"sides": 3,
				"x": -10,
				"y": -27,
				"color": "ffa166",
				"layer": 110,
				"tri": true,
				"radius": 0,
				"radiusTo": 5,
				"triLength": 0,
				"triLengthTo": 28,
				"haloRadius": 0,
				"haloRadiusTo": 0,
				"haloRotateSpeed": 0
			},
			{
				"type": "ShapePart",
				"progress": "warmup",
				"y": -23,
				"color": "ffa166",
				"stroke": 0,
				"strokeTo": 2,
				"circle": true,
				"hollow": true,
				"radius": 0,
				"radiusTo": 16,
				"layer": 110
			},
			{
				"type": "HaloPart",
				"progress": "warmup",
				"sides": 3,
				"shapes": 3,
				"y": -23,
				"color": "ffa166",
				"layer": 110,
				"tri": true,
				"radius": 0,
				"radiusTo": 5,
				"triLength": 0,
				"triLengthTo": 8,
				"haloRadius": 0,
				"haloRadiusTo": 21,
				"haloRotation": 0,
				"haloRotateSpeed": -0.9
			},
			{
				"type": "HaloPart",
				"shapeRotation": 180,
				"progress": "warmup",
				"sides": 3,
				"shapes": 3,
				"y": -23,
				"color": "ffa166",
				"layer": 110,
				"tri": true,
				"radius": 0,
				"radiusTo": 5,
				"triLength": 0,
				"triLengthTo": 5,
				"haloRadius": 0,
				"haloRadiusTo": 21,
				"haloRotation": 0,
				"haloRotateSpeed": -0.9
			},
			{
				"type": "HaloPart",
				"progress": "warmup",
				"shapes": 1,
				"sides": 3,
				"x": 0,
				"y": -35,
				"color": "ffa166",
				"layer": 110,
				"tri": true,
				"radius": 0,
				"radiusTo": 6,
				"triLength": 0,
				"triLengthTo": 15,
				"haloRadius": 0,
				"haloRadiusTo": 0,
				"haloRotateSpeed": 0
			},
			{
				"type": "HaloPart",
				"shapeRotation": -180,
				"progress": "warmup",
				"shapes": 1,
				"sides": 3,
				"x": 0,
				"y": -35,
				"color": "ffa166",
				"layer": 110,
				"tri": true,
				"radius": 0,
				"radiusTo": 6,
				"triLength": 0,
				"triLengthTo": 33,
				"haloRadius": 0,
				"haloRadiusTo": 0,
				"haloRotateSpeed": 0
			}
		]
	},
	"shootSound": "shootSmite",
	"shootY": 4,
	"ammoUseEffect": "none",
	"shootCone": 8,
	"rotateSpeed": 1.12,
	"shake": 6,
	"maxAmmo": 26,
	"ammoPerShot": 13,
	"heatColor": "ffa166",
	"cooldownTime": 100,
	"recoil": 5,
	"recoilTime": 45,
	"ammoTypes": {
		"tungsten": {
			"type": "BasicBulletType",
			"inaccuracy": 5,
			"damage": 406,
			"splashDamageRadius": 38,
			"splashDamage": 126.3,
			"buildingDamageMultiplier": 0.33,
			"speed": 15,
			"lifetime": 36,
			"width": 20,
			"height": 33,
			"pierce": true,
			"pierceCap": 3,
			"pierceArmor": true,
			"status": "slow",
			"statusDuration": 33,
			"backColor": "768a9a",
			"frontColor": "768a9a",
			"trailColor": "768a9a",
			"trailLength": 13,
			"trailWidth": 4.5,
			"trailChance": 1,
			"trailInterval": 8,
			"trailEffect": {
				"type": "ParticleEffect",
				"region": "饱和火力-菱形",
				"particles": 2,
				"sizeFrom": 6,
				"sizeTo": 0,
				"length": 10,
				"lifetime": 30,
				"interp": "pow10Out",
				"sizeInterp": "pow5In",
				"colorFrom": "768a9aA0",
				"colorTo": "768a9a50"
			},
			"hitSound": "shotgun",
			"hitShake": 3,
			"hitEffect": {
				"type": "MultiEffect",
				"effects": [
					{
						"type": "ParticleEffect",
						"particles": 16,
						"strokeFrom": 2.22,
						"strokeTo": 0,
						"lenFrom": 35,
						"lenTo": 0,
						"sizeInterp": "pow5In",
						"line": true,
						"length": 80,
						"baseLength": 0,
						"lifetime": 30,
						"colorFrom": "768a9a",
						"colorTo": "768a9a",
						"cone": 23
					},
					{
						"type": "ParticleEffect",
						"particles": 18,
						"strokeFrom": 2,
						"strokeTo": 0,
						"lenFrom": 24,
						"lenTo": 0,
						"interp": "pow5Out",
						"sizeInterp": "pow5In",
						"line": true,
						"length": -60,
						"baseLength": 0,
						"lifetime": 10,
						"colorFrom": "768a9a",
						"colorTo": "768a9a",
						"cone": 50
					},
					{
						"type": "ParticleEffect",
						"particles": 6,
						"sizeFrom": 9,
						"sizeTo": 0,
						"region": "饱和火力-菱形",
						"interp": "pow5Out",
						"sizeInterp": "pow5In",
						"length": 45,
						"baseLength": 8,
						"lifetime": 43,
						"colorFrom": "768a9aA8",
						"colorTo": "768a9ad8"
					},
					{
						"type": "WaveEffect",
						"lifetime": 18,
						"sizeFrom": 0,
						"sizeTo": 38,
						"strokeFrom": 5,
						"strokeTo": 0,
						"colorFrom": "768a9a",
						"colorTo": "768a9a"
					}
				]
			},
			"shootEffect": {
				"type": "ParticleEffect",
				"particles": 6,
				"line": true,
				"strokeFrom": 3,
				"strokeTo": 0,
				"lenFrom": 16,
				"lenTo": 0,
				"length": 55,
				"baseLength": 0,
				"lifetime": 25,
				"colorFrom": "768a9a",
				"colorTo": "768a9a",
				"cone": 16
			},
			"despawnEffect": "none",
			"smokeEffect": {
				"type": "ParticleEffect",
				"region": "饱和火力-菱形",
				"particles": 6,
				"sizeFrom": 6,
				"sizeTo": 0,
				"interp": "pow10Out",
				"sizeInterp": "pow5In",
				"length": 55,
				"baseLength": 0,
				"lifetime": 25,
				"colorFrom": "768a9aAA",
				"colorTo": "768a9aAA",
				"cone": 20
			},
			"fragBullets": 18,
			"fragRandomSpread": 60,
			"fragBullet": {
				"type": "LiquidBulletType",
				"liquid": "slag",
				"damage": 46,
				"puddleSize": 16,
				"orbSize": 5,
				"knockback": 1.75,
				"statusDuration": 600,
				"status": "melting",
				"pierceArmor": true,
				"pierce": true,
				"pierceCap": 2,
				"speed": 8,
				"lifetime": 20,
				"hitEffect": {
					"type": "ParticleEffect",
					"particles": 5,
					"interp": "pow5Out",
					"region": "饱和火力-菱形",
					"sizeFrom": 5,
					"sizeTo": 0,
					"length": 20,
					"baseLength": 0,
					"lifetime": 18,
					"colorFrom": "ffa166",
					"colorTo": "ffa166",
					"cone": 60
				}
			}
		},
		"carbide": {
			"type": "BasicBulletType",
			"rangeChange": 160,
			"damage": 2160,
			"buildingDamageMultiplier": 0.5,
			"speed": 28.4,
			"lifetime": 25,
			"width": 20,
			"height": 34,
			"pierce": true,
			"pierceArmor": true,
			"status": "内溃",
			"sprite":"missile-large",
			"backColor": "ab8ec5",
			"frontColor": "FFFFFF",
			"trailColor": "ab8ec5",
			"shrinkY":0,
			"trailLength": 13,
			"trailWidth": 5,
			"trailChance": 0,
			"trailInterval": 0.2,
			"trailEffect": {
				"type": "ParticleEffect",
				"region": "饱和火力-菱形",
				"particles": 3,
				"sizeFrom": 5,
				"sizeTo": 0,
				"length": 16,
				"lifetime": 22,
				"interp": "pow5Out",
				"sizeInterp": "pow5In",
				"colorFrom": "FFFFFF",
				"colorTo": "ab8ec5AA"
			},
			"hitSound": "shotgun",
			"hitShake": 5,
			"hitEffect": {
				"type": "MultiEffect",
				"effects": [
					{
						"type": "ParticleEffect",
						"particles": 16,
						"strokeFrom": 2.22,
						"strokeTo": 0,
						"lenFrom": 35,
						"lenTo": 0,
						"sizeInterp": "pow5In",
						"line": true,
						"length": 80,
						"baseLength": 0,
						"lifetime": 30,
						"colorFrom": "ab8ec5",
						"colorTo": "ab8ec5",
						"cone": 23
					},
					{
						"type": "ParticleEffect",
						"particles": 18,
						"strokeFrom": 2,
						"strokeTo": 0,
						"lenFrom": 24,
						"lenTo": 0,
						"interp": "pow5Out",
						"sizeInterp": "pow5In",
						"line": true,
						"length": -60,
						"baseLength": 0,
						"lifetime": 10,
						"colorFrom": "ab8ec5",
						"colorTo": "ab8ec5",
						"cone": 50
					},
					{
						"type": "ParticleEffect",
						"particles": 6,
						"sizeFrom": 9,
						"sizeTo": 0,
						"region": "饱和火力-菱形",
						"interp": "pow5Out",
						"sizeInterp": "pow5In",
						"length": 45,
						"baseLength": 8,
						"lifetime": 43,
						"colorFrom": "ab8ec5",
						"colorTo": "ab8ec5"
					},
					{
						"type": "WaveEffect",
						"lifetime": 8,
						"sizeFrom": 0,
						"sizeTo": 30,
						"strokeFrom": 10,
						"strokeTo": 0,
						"colorFrom": "ab8ec5",
						"colorTo": "ab8ec5"
					}
				]
			},
			"despawnEffect": "none",
			"shootEffect": {
				"type": "ParticleEffect",
				"particles": 8,
				"line": true,
				"strokeFrom": 3.2,
				"strokeTo": 0,
				"lenFrom": 36,
				"lenTo": 0,
				"length": 65,
				"baseLength": 0,
				"lifetime": 25,
				"colorFrom": "ab8ec5",
				"colorTo": "ab8ec5",
				"cone": 16
			},
			"smokeEffect": {
				"type": "ParticleEffect",
				"region": "饱和火力-菱形",
				"particles": 12,
				"sizeFrom": 6,
				"sizeTo": 0,
				"interp": "pow10Out",
				"sizeInterp": "pow5In",
				"length": 55,
				"baseLength": 0,
				"lifetime": 25,
				"colorFrom": "ab8ec5",
				"colorTo": "ab8ec5",
				"cone": 20
			}
		}
	},
	"requirements": [
		"graphite/920",
		"silicon/500",
		"surge-alloy/800",
		"tungsten/1200",
		"carbide/480"
	],
	"category": "turret",
	"research": "smite"
}