{
	"type": "ConsumeGenerator",
	"name": "燃气热电室",
	"description": "让臭氧与氮发生反应，从中收集热量并转化为电力",
	"health": 800,
	"size": 4,
	"hasLiquids": true,
	"consumes": {
		"liquids": {
			"liquids": [
				{
					"liquid": "nitrogen",
					"amount": 0.5
				},
				{
					"liquid": "ozone",
					"amount": 0.5
				}
			]
		}
	},
	"drawer": {
		"type": "DrawMulti",
		"drawers": [
			{
				"type": "DrawRegion",
				"suffix": "-bottom"
			},
			{
				"type": "DrawPlasma",
				"suffix": "-plasma-",
				"plasma1": "FC8E6DFF",
				"plasma2": "5757C1FF"
			},
			{
				"type": "DrawLiquidRegion",
				"drawLiquid": "hydrogen"
			},
			"DrawDefault",
			{
				"type": "DrawGlowRegion",
				"color": "B53A3AFF"
			}
		]
	},
	"research": {
		"parent": "蒸汽发电机",
		"requirements": [
			"一级科技/1000",
			"二级科技/20"
		],
		"objectives": [
			{
				"type": "OnSector",
				"preset": "暗礁要塞"
			}
		]
	},
	"requirements": [
		"碲/80",
		"锂/80",
		"silicon/40",
		"metaglass/50",
		"titanium/20"
	],
	"category": "power",
	"powerProduction": 30
}