{
	"name":"粒能晶块",
	"description":"",
    "type": "Wall",
	"health":140,
	"size":1,
	"group":"walls"
	"rotate":true
	"armor":1,
	"placeableLiquid":true,
	"buildCostMultiplier":2.5,
	"chanceDeflect":0,
	"variants": 3
	"hasShadow":false
	"requirements":[
{"item":"粒能晶","amount":285},
]
	"destroyBullet":{
"instantDisappear":true,
"damage":0,
"splashDamage":400,
"splashDamageRadius":160,
"despawnEffect":{
"type":"ExplosionEffect",
"lifetime":180//存在时间
"startDelay":0,//延时
"waveColor":"FFFFFF",//圆环颜色
"smokeColor":"C0FAEEFF",//圆形粒子颜色色
"sparkColor":"C0FAEEFF",//线形粒子颜色
"waveLife":10,//圆环存在时间/有上限，很短
"waveStroke":8,//圆环宽度
"waveRad":180,//圆环扩散范围
"waveRadBase":2,//圆环直径
"sparkStroke":3,//线形粒子宽度
"sparkRad":168,//线形粒子扩散范围
"sparkLen":20,//线形粒子长度
"smokeSize":6,//圆形粒子扩张大小
"smokeSizeBase":1,//圆形粒子基础大小
"smokeRad":168,//圆形粒子扩散范围
"smokes":16,//圆形粒子数量
"sparks":13,//线形粒子数量
}
}
}
