{
	"type": "naval",
	"name": "沧海",
	"speed": 0.6,
	"rotateSpeed": 0.8,
	"ammoType": "茨亚合金",
	"ammoCapacity": 200,
	"hitSize": 75,
	"trailLength": 160,
	"waveTrailX": 25,
	"waveTrailY": -46,
	"trailScl": 5,
	"health": 40960,
	"armor": 64,
	"faceTarget": false,
	"research": "omura",
	"abilities":[
	{
			"type": "EnergyFieldAbility",
			"damage": 136,
			"reload": 120,
			"range": 310,
			"healPercent": 5,
			"effectRadius": 14,
			"sectors": 6,
			"sectorRad": 0.11,
			"sameTypeHealMult": 0.03,
			"hitEffect": {
				"type": "ParticleEffect",
				"particles": 1,
				"sizeFrom": 12,
				"sizeTo": 28,
				"baseLength": 0,
				"lifetime": 15,
				"colorFrom": "76D081",
				"colorTo": "76D08100"
			},
			"damageEffect": "chainLightning",
			"shootSound": "shotgun",
			"x": 0,
			"y": 0,
			"maxTargets": 10
			"layer":48
		},
		]
	"weapons": [
		{
			"name": "沧海-2",
			"x": -20,
			"y": -37,
			"reload": 54,
			"shootCone": 60,
			"shoot": {
				"shots": 5,
				"shotDelay": 2
			},
			"shootSound": "missile",
			"rotate": true,
			"rotateSpeed": 4,
			"inaccuracy": 10,
			"xRand": 6,
			"autoTarget": true,
			"bullet": {
				"type": "MissileBulletType",
				"damage": 84,
				"splashDamageRadius": 42,
				"splashDamage": 45,
				"homingDelay": 38.5,
				"homingRange": 60,
				"homingPower": 0.4,
				"shootEffect": "shootBig2",
				"smokeEffect": "shootSmallFlame",
				"hitEffect": "plasticExplosion",
				"hitSound": "explosion",
				"trailLength": 9,
				"trailWidth": 2.5,
				"width": 12,
				"height": 13,
				"speed": 8,
				"lifetime": 45,
				"frontColor": "cbd97f",
			}
		},
			{
			"name": "沧海-3",
			"type": "PointDefenseWeapon",
			"x": -24,
			"y": 0,
			"rotate": true,
			"rotateSpeed": 9,
			"mirror": true,
			"shootY": 4,
			"inaccuracy": 0,
			"shootSound": "laserShoot",
			"recoil": 0.6,
			"reload": 10,
			"targetInterval": 10,
			"targetSwitchInterval": 10,
			"bullet": {
				"speed": 16,
				"lifetime": 15,
				"shootEffect": "sparkShoot",
				"hitEffect": "pointHit",
				"maxRange": 240,
				"damage": 80
			}
		},
		{
			"name": "沧海-1",
			"reload": 240,
			"x": 0,
			"y": -8,
			"rotate": true,
			"rotateSpeed": 2.65,
			"mirror": false,
			"inaccuracy": 0,
			"recoil": 12,
			"cooldownTime": 160,
			"shootSound": "release",
			"shake": 12,
			"top":true
			"bullet": {
				"type": "BasicBulletType",
				"scaleLife": true,
				"damage": 1280,
				"pierceArmor": true,
				"shootEffect": {
					"type": "ParticleEffect",
					"interp": "pow10Out",
					"sizeInterp": "pow10In",
					"particles": 25,
					"sizeFrom": 9,
					"sizeTo": 0,
					"length": 65,
					"baseLength": 59,
					"lifetime": 35,
					"colorFrom": "FFFFFF",
					"colorTo": "FEEBB3",
					"cone": 30
				},
				"despawnEffect": "none",
				"hitEffect": {
					"type": "MultiEffect",
					"effects": [
						{
							"type": "ParticleEffect",
							"particles": 15,
							"sizeFrom": 15,
							"sizeTo": 0,
							"length": 85,
							"baseLength": 0,
							"interp": "pow10Out",
							"sizeInterp": "pow5In",
							"lifetime": 95,
							"colorFrom": "FFFFFF",
							"colorTo": "FEEBB380"
						},
						{
							"type": "WaveEffect",
							"lifetime": 80,
							"interp": "circleOut",
							"sizeFrom": 5,
							"sizeTo": 80,
							"strokeFrom": 10,
							"strokeTo": 0,
							"colorFrom": "FEEBB3",
							"colorTo": "FEEBB3"
						},
						{
							"type": "WaveEffect",
							"lifetime": 10,
							"sizeFrom": 5,
							"sizeTo": 80,
							"strokeFrom": 9,
							"strokeTo": 0,
							"colorFrom": "FEEBB3",
							"colorTo": "FEEBB3"
						}
					]
				},
				"hitSound": "plasmaboom",
				"hitShake": 10,
				"shrinkY": 0,
				"sprite": "旅途-透彻",
				"width": 22,
				"height": 45,
				"frontColor": "FEEBB3",
				"backColor": "FEEBB3",
				"trailLength": 15,
				"trailWidth": 3,
				"trailColor": "FEEBB3",
				"speed": 14,
				"lifetime": 35,
				"splashDamageRadius": 72,
				"splashDamage": 360,
				"lightningDamage": 180,
				"lightning": 3,
				"lightningLength": 12,
				"lightningLengthRand": 3,
				"fragRandomSpread": 0,
				"fragBullets": 1,
				"fragLifeMin": 1,
				"fragVelocityMin": 1,
				"fragBullet": {
					"type": "BasicBulletType",
					"collides": false,
					"hittable": false,
					"absorbable": false,
					"width": 60,
					"height": 60,
					"speed": 0.1,
					"lifetime": 60,
					"homingRange": 180,
					"homingPower": 0.5,
					"sprite": "mine-bullet",
					"hitEffect": {
						"type": "WrapEffect",
						"effect": "dynamicSpikes",
						"color": "FEEBB3",
						"rotation": 80
					},
					"splashDamageRadius": 80,
					"splashDamage": 80,
					"backColor": "FEEBB3",
					"frontColor": "FFFFFF",
					"spin": 10,
					"shrinkX": 0.5,
					"shrinkY": 0.5,
					"hitSound": "plasmaboom",
					"hitShake": 8,
					"bulletInterval": 2.5,
					"intervalBullets": 2,
					"intervalRandomSpread": 35,
					"intervalBullet": {
						"type": "BasicBulletType",
						"hitShake": 3,
						"damage": 120,
						"splashDamageRadius": 35,
						"splashDamage": 28,
						"lightningDamage": 24,
						"lightning": 2,
						"lightningLength": 9,
						"lightningLengthRand": 6,
						"speed": 9,
						"drag": -0.02,
						"lifetime": 10,
						"width": 9,
						"height": 23,
						"pierceArmor": true,
						"backColor": "FEEBB3",
						"frontColor": "E3E3E3",
						"trailLength": 6,
						"trailWidth": 2,
						"trailColor": "FEEBB3",
						"hitEffect": {
							"type": "WrapEffect",
							"effect": "dynamicSpikes",
							"color": "FEEBB3",
							"rotation": 35
						},
						"despawnEffect": {
							"type": "ParticleEffect",
							"particles": 3,
							"sizeInterp": "pow5In",
							"sizeFrom": 8,
							"sizeTo": 0,
							"length": 35,
							"baseLength": 0,
							"lifetime": 20,
							"colorFrom": "FEEBB3",
							"colorTo": "FEEBB3"
						},
						"hitSound": "laser",
						"hitSoundVolume": 0.3,
					}
				}
			}
		}
	]
}