{
    "type": "missile",
    "template": "MissileUnitType",
    "hitSize": 24,
    "health": 2400,
    "lowAltitude": false,
    "armor": 48,
    "speed": 8,
    "range":160,
    "rotateSpeed": 2,
    "lifetime": 999999999,
    "missileAccelTime": 0,
  	"engineOffset": 14,
	"engineSize": 6,
    "trailLength": 10,
    "weapons": [
     {	"name": "激光",	
	"reload": 60,     
    "x": 0,  "y": 0, 
	"shootY":0,
	"rotate": true,
    "mirror":false,
    "rotateSpeed":360,
    "inaccuracy": 0,
	"alternate": false,  
	"shake":0,
	"recoil":0,
    "shootSound":"laser",
	"bullet":{
    "type": "LaserBulletType",	
    "lifetime":60,
    "lightningSpacing":10,
	"lightningLength":5,
	"lightningDelay":1,
	"lightningLengthRand":5,
	"lightningAngleRand":5,
	"lightningDamage":50,
    "damage":500,
    "smokeEffect": "bigShockwave",
    "chargeEffect":"greenLaserCharge",
    "colors":["958F60FF", "C8BA8FFF", "FFFFFF"],
    "width":40,	 "length":160	
	} } 
    ]
}