{
    "type": "missile",
    "template": "MissileUnitType",
    "hitSize": 16,
    "health": 2400,
    "lowAltitude":"false",
    "armor": 48,
    "maxRange": 60,
    "speed": 8,
    "rotateSpeed": 2,
    "lifetime": 999999999,
    "missileAccelTime": 0,
  	"engineOffset": 6,
	"engineSize": 4,
    "trailLength": 6,
    "targetAir": false,
    "targetGround": true,
    "weapons": [
   {"name":"航空大炸弹",
	"x":0,"y":0,
	"reload":120,
    "inaccuracy": 0,
	"rotate": true,
    "mirror": false,
	"shootSound":"plasmaboom",
	"shootCone":80,
	"ignoreRotation":true,
	"minShootVelocity": 1,
	"bullet":{
	"type":"BombBulletType",
    "maxRange":20,
    "shootSound": "shoot",
	"splashDamageRadius":40,
	"splashDamage":2000,
    "incendAmount": 2,
    "incendSpread": 20,
    "incendChance": 0.1,
    "spin":1.2,
    "makeFire":true,
    "sprite":"幻境-复"
	"width": 20,
	"height": 20,	
	"frontColor":"C8BA8FFF",
    "backColor":"958F60FF",
	"lifetime": 60,
    "shootEffect":"none",
    "smokeEffect":"none",
    "hitEffect":{
    "effect": "dynamicSpikes",
    "rotation": 40,
    "color": "FEEBB3FF",
    "type": "WrapEffect"}
	"despawnEffect":"none",
    "status":"burning",
	"statusDuration":180
    }   }
    ]
}