{
   "name":"梦魇",
   "description":"你的躯体已然破碎，你的意志已然动摇……如今，你死期已到。"
   "color":"682595fc",
   "damage":25,
   "healthMultiplier":0.4,
   "damageMultiplier":0.5,
   "speedMultiplier":0.65,
   "reloadMultiplier":0.6,
   "effect":{
       "type":"PartcileEffect",
       "particals":6,
       "baseLength":9,
       "length":25,
       "lifetime":40,
       "spin":4,
       "region":"量子技艺-三角形",
       "sizeFrom":4,
       "sizeTo":0,
       "colorFrom":"FF0000",
       "colorTo":"FF0000"
   }
}