{
   "name":"癫狂",
   "description":"哈哈哈哈哈哈哈哈哈哈哈哈哈哈哈哈哈哈哈",
   "color":"BFFFDB",
   "damage":-2125,
   "healthMultiplier":20,
   "damageMultiplier":2,
   "speedMultiplier":10,
   "reloadMultiplier":25,
   "effect":{
       "type":"PartcileEffect",
       "particals":8,
       "baseLength":64,
       "length":-48,
       "lifetime":60,
       "spin":16,
       "region":"量子技艺-六芒星",
       "sizeFrom":8,
       "sizeTo":0,
       "colorFrom":"BFFFDB",
       "colorTo":"BFFFDB"
       }
}