{
  "name":"破败",
  "color":"000000",
  "description":"比腐朽更重程度的混乱。",
  "healthMultiplier":0.8,
  "reloadMultiplier":0.4,
  "damageMultiplier":0.8,
  "speedMultiplier":0.5,
  "accelMultiplier":0.2,
  "dragMultiplier":4,
  "effect":{
    "type":"MultiEffect",
    "effects":[
      {
        "type":"WaveEffect",
        "lifetime":30,
        "strokeFrom":4
        "strokeTo":4
        "sizeFrom":80
        "sizeTo":40
        "colorFrom":"FFFFFF",
        "colorTo":"000000",
      },
      {
        "type":"WaveEffect",
        "lifetime":30,
        "strokeFrom":4,
        "strokeTo":4,
        "sizeFrom":40,
        "sizeTo":80,
        "colorFrom":"000000",
        "colorTo":"FFFFFF",
      },
      {
       "type":"ParticalEffect",
       "particles":8,
       "baseLength":4,
       "length":32,
       "spin":0,
       "line":true,
       "lifetime":30,
       "sizeFrom":8,
       "sizeTo":0,
       "colorFrom":"FEEBB3",
       "colorTo":"000000"
      },
      {
        "type":"ParticalEffect",
        "particles":8,
        "baseLength":38,
        "length":-32,
        "spin":0,
        "line":true,
        "lifetime":30
        "sizeFrom":8,
        "sizeTo":0,
        "colorFrom":"000000",
        "colorTo":"FEEBB3"
      }
    ]
  }
}