{
  "name":"量子和谐",
  "description":"量子技艺的应用，不仅是高效的修复和抗击打的提升，还附带少量属性加成。",
  "details":"",
  "damage":-4895.25,
  "healthMultiplier":10,
  "reloadMultiplier":4.5,
  "speedMultiplier":2.5,
  "damageMultiplier":4,
  "parts":[
    {
      "type":"HaloPart",
      "color":"BFFFDB",
      "sides":0,
      "shapes":3,
      "tri":true,
      "hollow":false,
      "rotateSpeed":0,
      "storke":16,
      "storkeTo":0 ,
      "radius":16,
      "radiusTo":0,
      "triLength":45,
      "triLengthTo":0
      "haloRadius":32,
      "haloRotateSpeed":0.5,
      "haloRotation":45,
    },
  ]
}