{
"type": "GenericCrafter",
"name": "冷冻液合成器",
"description": "比混合器更高效，更节约",
"itemCapacity":30,
"health":960,
"craftTime": "60",
"size": "3",
"craftEffect":"none",
"drawer":{
"type":"DrawMulti",
"drawers":[
{
"type":"DrawRegion",
"suffix":"-bottom"
},
{
"type":"DrawLiquidTile",
"drawLiquid":"cryofluid"
},
"DrawDefault"
]
},
"hasPower": "true",
"hasItems": "true",
"hasLiquids": "true",
"rotate": "false",
"solid": "true",
"outputsLiquid": "true",
"consumes": {
"power":3,
"items": {
"items": [
{ "item": "titanium", "amount": 2 },
],},
"liquid": {
"liquid": "water",
"amount": 0.6,
}
},
"liquidCapacity": 30,
"outputLiquid": { "liquid": "cryofluid", "amount": 0.6 }
"requirements": [
{ "item": "lead", "amount": 90 },
{ "item": "metaglass", "amount": 60 },
{ "item": "silicon", "amount": 60 },
{ "item": "titanium", "amount": 80 },
{ "item": "钛合金", "amount": 30 }
],
"category": "crafting",
"research": "cryofluid",
}