{
	"name": "巨型石墨压缩机",
	"type": "GenericCrafter",
	"description": "大型的已经满足不了你了嘛？",
	"itemCapacity":30,
	"health":500,
	"size":4,
	"craftEffect":"none",
	"drawer": {
	"type": "DrawMulti",
	"drawers": [ "DrawDefault","DrawFrames",] 
	}
	"hasPower": true,
	"hasLiquids": true,
	"hasItems": true,
	"craftTime":45,
	"consumes": {
		"power":3,
		"items": {
			"items": [
				{ "item": "coal", "amount": 3 }
				{ "item": "silicon", "amount": 1 }
			]
},
		"liquid": {
			"liquid": "water",
			"amount": 0.1,
		}
	},
  	"liquidCapacity": 15,
	"outputItem": { "item": "graphite", "amount": 6 }
	"requirements": [
		{ "item": "lead", "amount": 140 },
		{ "item": "silicon", "amount": 120 },
		{ "item": "titanium", "amount": 75 },
		{ "item": "铁", "amount": 75 }
	],
	"category": "crafting",
	"research": "铁",
	"idleSound": "respawning",
	"idleSoundVolume": 0.5
}
