{
	"type": "GenericCrafter",
	"name": "金刚石压缩机",
	"description": "生产钻石，可惜不是天然的",
	"itemCapacity":30,
	"health":960,
	"size":2,
	"craftEffect":"none",
	"drawer": {
	"type": "DrawMulti",
	"drawers": [ "DrawDefault","DrawFrames",],
	}
	"hasPower": true,
	"hasLiquids": true,
	"hasItems": true,
	"craftTime":75,
	"consumes": {
		"power":5,
		"items": {
			"items": [
				{ "item": "graphite", "amount": 10 },
			]
},
		"liquid": {
			"liquid": "cryofluid",
			"amount": 0.15,
		}
	},
  	"liquidCapacity": 20,
	"outputItem": { "item": "人造金刚石", "amount": 1 }
	"requirements": [
		{ "item": "graphite", "amount": 80 },
		{ "item": "plastanium", "amount": 120 },
		{ "item": "silicon", "amount": 80 },
		{ "item": "titanium", "amount": 120 },
		{ "item": "钛合金", "amount": 60 }
	],
	"category": "crafting",
	"research": "人造金刚石",
	"idleSound": "respawning",
	"idleSoundVolume": 0.5
}
