{
	"type": "GenericCrafter",
	"name": "铁提炼机",
	"description": "把铁从矿渣中提炼出来的简易装置",
	"outputItem": {"item": "铁","amount": 2},
	"size": 2,
	"health": 600,
	"itemCapacity": 30,
	"hasPower": true,
	"hasLiquids": true,
	"hasItems": true,
	"craftTime": 50,
	"drawer": {
	"type": "DrawMulti",
	"drawers": [ "DrawDefault","DrawFlame" ],
	}
	"updateEffect": "smeltsmoke",
	"consumes": {
		"power": 2.5,
		"items": {
			 "items": [
				{ "item": "sand", "amount": 1 }
				]
  },
        "liquid": {
			"liquid": "slag",
			"amount": 0.2
			},
},
	"requirements": [
		{ "item": "lead", "amount": 60 },
		{ "item": "copper", "amount": 120 },
		{ "item": "metaglass", "amount": 25 }
	],
	"category": "crafting",
	"research": "铁",
	"idleSound": "respawning",
	"idleSoundVolume": 0.5
}