{
  "name": "活钢热能发电机",
  "description": "利用活钢活动在炎热的地方产生电力，比普通的热能发电机更有效。",
  "type": "ThermalGenerator",
  "attribute": "heat",
  "powerProduction": 3,
  "size": 2,
  "generateEffect": {
    "type": "ParticleEffect",
    "particles": 8,
    "length": 10,
    "colorFrom": "6d0071",
    "colorTo": "8c0291",
    "interp": "circleOut"
  },
  "category": "power",
  "research": "titanium-panel"
  "health": 240,
  "requirements": [
    {
      "item": "copper",
      "amount": 50
    },
    {
      "item": "lead",
      "amount": 60
    },
    {
      "item": "metaglass",
      "amount": 50
    },
    {
      "item": "graphite",
      "amount": 45
    },
    {
      "item": "living-steel",
      "amount": 35
    }
  ]
}
