{
  "type": "ConsumeGenerator",
  "name": "高温发电机",
  "description": "利用硫化物的高温产出电量",
  "size": 2,
  "hasPower": true,
  "hasItems": true,
  "itemDuration": 60,
  "powerProduction": 12,
  "consumes": {
    "items": {
      "items": [
        {
          "item": "pyratite",
          "amount": 1
        }
      ]
    }
  },
  "requirements": [
    {
      "item": "copper",
      "amount": 200
    },
    {
      "item": "lead",
      "amount": 150
    },
    {
      "item": "silicon",
      "amount": 90
    },
    {
      "item": "titanium",
      "amount": 75
    },
    {
      "item": "plastanium",
      "amount": 50
    }
  ],
  "category": "power",
  "research": "slag-generator"
}
