{
  "name": "小型热能发电机",
  "description": "在炎热地区发电",
  "type": "ThermalGenerator",
  "attribute": "heat",
  "powerProduction": 1.6,
  "category": "power",
  "research": "mod-gate-power",
  "drawer": {
    "type": "DrawMulti",
    "drawers": [
      {
        "type": "DrawRegion",
        "suffix": "-bottom"
      },
      {
        "type": "DrawCrucibleFlame" 
      },
      {
        "type": "DrawDefault" 
      }
    ]
  },
  "requirements": [
    {
      "item": "copper",
      "amount": 10
    },
    {
      "item": "lead",
      "amount": 15
    },
    {
      "item": "metaglass",
      "amount": 10
    },
    {
      "item": "graphite",
      "amount": 8
    },
    {
      "item": "silicon",
      "amount": 8
    }
  ]
}
