{
  "type": "missile",
  "template": "MissileUnitType",

  "name": "崩裂-导弹-巨浪合金",
  "maxRange": 30,
  "speed": 4,
  "hisSize":16,
  "rotateSpeed": 4,
  "lifetime":200,
  "health": 5000,
  "armor":8,
  "fogRadius": 6,


  "weapons": [
    {
      "shootCone": 360,
      "mirror": false,
      "shake": 15,
      "shootOnDeath": true,
      "shootSound": "plasmaboom",

      "bullet": {
        "type": "ExplosionBulletType",
        "buildingDamageMultiplier": 0.01,
        "shootEffect": {
          "type": "MultiEffect",
          "effects": [
            "titanExplosion"
          ]
        },
        "splashDamage": 700,
        "splashDamageRadius": 40
        "buildingDamageMultiplier":0.01,
      }
    }
  ]
}