{
  "type": "HeatCrafter",
  "name": "大型碳化物坩埚",
  "description": "更高效节省的生产碳化物",
  "size": 4,
  "category": "crafting",
  "research": "carbide-crucible",
  "requirements": [
    "tungsten/200",
    "thorium/210",   
    "carbide/60",
    "oxide/120"
  ],
  "craftEffect": "none",
  "outputItem": "carbide/3",
  "craftTime": 135,
  "itemCapacity": 30,
  "hasPower": true,
  "hasItems": true,
  "drawer": {
    "type": "DrawMulti",
    "drawers": [
      {
        "type": "DrawRegion",
        "suffix": "-bottom"
      },
      {
        "type": "DrawCrucibleFlame"
      },
      {
        "type": "DrawDefault" 
      },
      {
        "type": "DrawHeatInput"
      }
    ]
  },
  "ambientSound": "smelter",
  "ambientSoundVolume": 0.11,
  "heatRequirement": 15,
  "consumes": {
    "power": 4,
    "items": {
      "items": [
        "tungsten/3",
        "graphite/3"
      ]
    }
  }
}
