{
  "type": "GenericCrafter",
  "name": "大型电弧硅炉",
  "description": "更高效节省的生产硅",
  "size": 4,
  "category": "crafting",
  "research": "silicon-arc-furnace",
  "requirements": [
    "silicon/40",
    "graphite/130",
    "beryllium/100"
  ],
  "craftEffect": "none",
  "outputItem": "silicon/6",
  "craftTime": 50,
  "itemCapacity": 60,
  "hasPower": true,
  "hasItems": true,
  "drawer": {
    "type": "DrawMulti",
    "drawers": [
      {
        "type": "DrawRegion",
        "suffix": "-b"
      },
      {
        "type": "DrawDefault" 
      },
      {
        "type": "DrawArcSmelt" 
      }		
      {
				"type": "DrawRegion",
				"suffix": "-d"
   	  },
    ]
  },
  "ambientSound": "smelter",
  "ambientSoundVolume": 0.11,
  "consumes": {
    "power": 9,
    "items": {
      "items": [
        "graphite/2",
        "sand/4"  
      ]
    }
  }
}
