{
"type":"material",//物品类型

"name":"终望万混爆",
"description":"将巨浪合金加工得到的物品。",//描述
"details ":"……",//一些物品的下面一行灰字
"color ":"#FF9F5C",//颜色（在分类器其中的颜色）源代码不是这么写的懒得改颜色了
"explosiveness":30,//爆炸值
"flammability":20,//可燃性
"radioactivity":0,//放射性
"hardness":20,//硬度
"charge":10//放电性
"cost":0,//成本
"frames":5,
"alwaysUnlocked": false ,//是否始终解锁
"research":"水晶矩阵锭-爆炸混合物"//解锁研究
}