{
    "type": "AttributeCrafter",
    "name": "孢子复制中心",
	"health":620,
    "size": 2,
    "outputItem": {"item": "spore-pod", "amount": 25	},
    "drawer":{
	    "type":"DrawMulti",
	    "drawers":[
	        "DrawDefault",
            "DrawCultivator",
	        {
	            "type":"DrawRegion",
	            "suffix":"-top"
	        }
	        ]
	},
    "hasItems": true,
    "hasLiquids": true,
    "hasPower": true,
    "requirements": [ 
    {"item": "lead", "amount": 75 },
    {"item": "silicon", "amount": 20 },
    {"item": "metaglass", "amount": 10 },
    {"item": "titanium", "amount": 5 },],
"consumes": {
    "power": 10,
    "liquid": {"liquid": "water",
    "amount": 6  },
    "items": [
	"spore-pod/3"
	],
},
    "itemCapacity": 50,
    "liquidCapacity":120,
    "craftTime": 240,
    "category": "production",
	"research": "cultivator"
}