{
	"type":"Reconstructor",//类型,
	"name":"次级重构厂"//显示名字
	"description":"将输入的单位升级为三级单位",//介绍
	"category":"units",

	"research": "jb-01初级重构厂",//科技树前置

	"requirements": [//建造花费
	"铁/600",
	"锡/600",
	"铝/400",
	"钢/200",
	"硅晶玻璃/250"
	],

	"constructTime":3200,
 	"health":3650,
	"size":5,
	"liquidCapacity": 300
	"consumes":{//升级消耗
		"power":17,//电,帧
		"items": {//物品
		"items": [//物品消耗
		"钢/150",
		"硅晶玻璃/200",
		"钨/130"
		]	}
		"liquid":{//液体
		"liquid":"water","amount":0.5//液体消耗
		}	},
	"upgrades":[//重构单位
	["la-02调查","la-03传唤"],
	["lb-02星涌","lb-03星光"]
	["lc-02涟漪","lc-03行渊"]
		]
}