{
	"type":"Reconstructor",//类型,
	"name":"初级重构厂"//显示名字
	"description":"将输入的单位升级为二级单位",//介绍
	"category":"units",

	"research": "ja-01蜘蛛制造厂",//科技树前置

	"requirements": [//建造花费
	"铁/140",
	"锡/140",
	"钢/120",
	"硅晶玻璃/160"
	],

	"constructTime":600,//时间
 	"health":1360,
	"size":3,
	"liquidCapacity": 60

	"consumes":{//升级消耗
		"power":8,//电,帧
		"items": {//物品
		"items": [//物品消耗
		"硅晶玻璃/80",
		"锡/80",
		"铁/80"
		]	}
		"liquid":{//液体
		"liquid":"water","amount":0.1//液体消耗
		}	},

	"upgrades":[//重构单位
	["la-01立案","la-02调查"]
	["lb-01星尘","lb-02星涌"]
	["lc-01微浪","lc-02涟漪"]
	]
}