{
	"type": "UnitAssembler",
	"name": "海军组装厂",
	"description": "组装海军单位，输出单位可以直接投入战场",
	"category":"units",
	"research":"jc-02蜘蛛组装厂"
	"health":15200,//血量
	"size":7,//大小
    "dronesCreated":4,
    "areaSize":20,
	"consumes":{"power":22},//耗电量帧
	"requirements": [//制造材料
		"碳化钨/700",
		"钍/800",
		"硅晶玻璃/1200"
		"钢/1200"
		"铝/1000"]
		"plans":[
		{
		"unit":"lc-05破海",
		"time": 14400, //制造时间,帧
		"requirements":[
		"启航-lc-02涟漪/8",
		"启航-bb-03巨型钨墙/12"
		]	}
		{
		"unit":"lc-06斩潮",
		"time": 28800, //制造时间,帧
		"requirements":[
		"启航-lc-03行渊/10",
		"启航-bd-03巨型碳化钨墙/16",
		]	}
		],
}