{
	"type":"MendProjector",
    "name": "advanceRepairProjector",
    "description": "advanceRepairProjector",
    "health":400,
    "size":3,
    "reload": 240,
    "range": 160,
    "phaseRangeBoost":1,
    "healPercent":20,
    "phaseBoost":0,
    "useTime": 600,
 	"consumes": {
 	"power":4
  	"items":{
		"items":[
				"advancedRepairKit/1"
			],
			"booster":false
		}
		}
    "requirements": [
    	"buildModelLV4/20",
    	"effectModelLV3/1"
	],
	"category": "effect",
	"research": "repairKitUpgraderLV2"
}