{
"name":"冷却液抽取机" ,
"description":"能够从深处掘少量冷却液\n \n[blue][超限技术提取器]",
"type": "SolidPump",
"health": 350,
"size": 3,
"floating":true,
"hasPower": true,
"hasLiquids": true,
"liquidCapacity": 20,
	"requirements": [
	    {"item": "0铜铅合金", "amount": 55},
		{"item": "graphite", "amount": 50},
		{ "item": "silicon", "amount": 45 }
		{"item": "metaglass", "amount":55},
		{"item": "1绝缘钢", "amount":45}
],
"consumes": { "power": 11},
"pumpAmount": 0.11,
"rotateSpeed": 0.75,
"result":"cryofluid",
"baseEfficiency": 0.6,
"maxBoost":1
"attribute": "water",
"category": "production",
"research": {
	"parent":"BAAsBC1大型抽水机"
	"objectives": [
            {
				"type": "SectorComplete",
				"preset": "裂谷前哨"
			}
	]
	}
	"researchCostMultiplier": 0.5
}