{
  "type": "UnitFactory",         // 建筑类型：单位工厂
  "name": "机甲构建厂",          // 建筑显示名称
   "description": "不知道谁的鬼点子",
  "size": 3,                     // 建筑占地尺寸(3x3)
  "health": 880,                 // 建筑生命值
  "configurable": false,         // 是否可配置(这里为不可配置)
  
  "consumes": {                  // 建筑运作消耗
    "power": 2.6               // 消耗电力
    "liquid": "hydrogen/0.07",
  },
  
  "requirements": [              // 建造所需资源
    "silicon/250",
    "beryllium/280",
    "tungsten/20",
  ],
  
  "research": {                  // 研究解锁相关
    "parent": "飞船构建厂", // 前置研究
    "requirements": [            // 研究所需资源
      "beryllium/350"
      "silicon/550",
      "tungsten/100",
    ]
  },
  
  "category": "units",           // 建筑分类：单位生产类
  "researchCostMultiplier": 0.45, // 研究成本系数(0.45倍)
  
  "plans": [                     // 可生产单位列表
    {
      "unit": "cleroi",          // 单位名称
      "time": 3200,              // 生产时间
      "requirements": [          // 生产资源
        "silicon/120",
        "tungsten/60",
        "beryllium/70",
      ],
    },
  ],
}