{
	"name": "塑钢聚合厂",
	"description": "使用硅烷或乙烯和钛生产塑钢",
	"health": 360,
	"size": 2,
	"hasPower": true,
	"hasItems": true,
	"hasLiquids":true,
	"liquidCapacity":60,
	"craftEffect": "formsmoke",
	"updateEffect": "plasticburn",
	"requirements": [
 	{ "item": "塑料", "amount":250},
 	{ "item": "metaglass", "amount":50 },
	{ "item": "silicon", "amount":150 }
	{"item":"thorium","amount":50}
	{"item":"titanium","amount":100}
	],
	"category": "crafting",
	"research":"乙烯聚合厂"
}