{
    "type": "ImpactReactor",
    "name": "孢子反应堆",
    "description": "用孢子来发电，更加稳定，更加nb",
    "size": 2,
    "health": 460,
    "liquidCapacity": 50,
    "itemCapacity": 10,
    "warmupSpeed": 0.01,
    "hasItems": true,
    "hasLiquids": true,
    "outputsPower": true,
    "powerProduction": 40,
    "itemDuration": 300,
    "lightColor": "FFFFFF",
    "consumes": {
        "power": 6,
        "liquid": {
            "liquid": "water",
            "amount": 0.25
        },
        "items": {
            "items": [
                {
                    "item": "spore-pod",
                    "amount": 2
                },
            ]
        }
    },
    "requirements": [
        {
            "item": "青铜",
            "amount": 100
        },
        {
            "item": "graphite",
            "amount": 120
        },
    ],
    "category": "power",
    "research": "火力反应堆"
    "explosionRadius":40,
        //爆炸半径
        "explosionDamage":2000,
        //爆炸伤害
        "explodeEffect":"airBubble"
        //爆炸特效
}