{
    "type": "ImpactReactor",
    "name": "火力反应堆",
    "description": "你可以理解为要用电的涡轮发电机",
    "size": 2,
    "health": 400,
    "liquidCapacity": 50,
    "itemCapacity": 10,
    "warmupSpeed": 0.01,
    "hasItems": true,
    "hasLiquids": true,
    "outputsPower": true,
    "powerProduction": 25,
    "itemDuration": 300,
    "lightColor": "FFFFFF",
    "consumes": {
        "power": 5,
        "liquid": {
            "liquid": "water",
            "amount": 0.25
        },
        "items": {
            "items": [
                {
                    "item": "coal",
                    "amount": 2
                },
            ]
        }
    },
    "requirements": [
        {
            "item": "青铜",
            "amount": 100
        },
        {
            "item": "graphite",
            "amount": 120
        },
    ],
    "category": "power",
    "research": "power-node"
    "explosionRadius":64,
        //爆炸半径
        "explosionDamage":4000,
        //爆炸伤害
        "explodeEffect":"airBubble"
        //爆炸特效
}