{
    "name": "樱",
    "description": "射出不断分裂的球状大型弹药。",
    "health": 540,
    "size": 3,
    "reload": 60,
    "range": 300,
    "maxAmmo": 30,
    "recoilTime": 20,
    "recoil": 5,
    "shake": 0,
    "targetGround": true,
    "targetAir": true,
    "inaccuracy": 0,
    "rotateSpeed": 6,
    "shootY": 7,
    "shootSound": "artillery",
    "consumes": {
        "coolant": {
            "amount": 0.15,
            "optional": true
        }
    },
    "ammoTypes": {
        "生物质": {
            "type": "basicBulletType",
            "sprite": "circle",
            "shrinkY": 0,
            "speed": 5,
            "damage": 30,
            "splashDamage": 25,
            "splashDamageRadius": 24,
            "lifetime": 60,
            "width": 15,
            "height": 15,
            "drawSize":15,
            "frontColor": "CB7DD3FF",
            "backColor": "CB7DD3FF",
            "ammoMultiplier": 2,
            "shootEffect": "shootBig",
            "buildingDamageMultiplier": 0.5,
            "despawnEffect": {
                "type": "multiEffect",
                "effects": [
                    {
                        "type": "waveEffect",
                        "lifetime": 16,
                        "strokeFrom":10,
                        "colorFrom": "CB7DD3FF",
                        "colorTo": "FFA7FCFF",
                        "sizeTo": 24
                    }
                ]
            },
            "hitEffect": {
                "type": "multiEffect",
                "effects": [
                    {
                        "type": "waveEffect",
                        "lifetime": 16,
                        "strokeFrom":10,
                        "colorFrom": "CB7DD3FF",
                        "colorTo": "FFA7FCFF",
                        "sizeTo": 24
                    }
                ]
            },
            "bulletInterval": 15,
            "intervalBullets": 5,
            "intervalSpread": 72,
            "intervalRandomSpread": 0,
            "intervalBullet": {
                "type": "basicBulletType",
                "sprite": "circle",
                "shrinkY": 0,
                "damage": 20,
                "splashDamage": 15,
                "splashDamageRadius": 16,
                "lifetime": 300,
                "speed": 0.2,
                "despawnEffect": {
                    "type": "multiEffect",
                    "effects": [
                        {
                            "type": "waveEffect",
                            "lifetime": 15,
                            "colorFrom": "CB7DD3FF",
                            "colorTo": "FFA7FCFF",
                            "sizeTo": 16
                        }
                    ]
                },
                "hitEffect": {
                    "type": "multiEffect",
                    "effects": [
                        {
                            "type": "waveEffect",
                            "lifetime": 15,
                            "colorFrom": "CB7DD3FF",
                            "colorTo": "FFA7FCFF",
                            "sizeTo": 16
                        }
                    ]
                },
                "frontColor": "CB7DD3FF",
                "backColor": "CB7DD3FF"
            }
        }
    },
    "requirements": [
        "钴/200",
        "氮化硅/120",
        "生物质/50"
    ],
    "alwaysUnlocked": false,
    "category": "turret",
    "research": "斯大林之锤"
}