{
    "type": "itemTurret",
    "name": "测试用炮塔",
    "description": "无敌炮塔",
    "health": 9999999,
    "size": 1,
    "reload": 1,
    "range": 999,
    "maxAmmo": 999,
    "targetGround": true,
    "targetAir": true,
    "inaccuracy": 0,
    "rotateSpeed": 999,
    "ammoTypes": {
        "graphite": {
            "speed": 999,
            "damage": 9999999,
            "splashDamage": 9999999,
            "splashDamageRadius": 999,
            "lifetime": 999,
            "width": 0,
            "height": 0,
            "ammoMultiplier": 1
        }
    },
    "requirements": [
        "graphite/1"
    ],
    "alwaysUnlocked": false,
    "buildVisibility": "sandboxOnly",
    "category": "turret"
}