{
    "name": "烟花",
    "description": "向敌人发射一枚集束烟花导弹，在击中后分裂。",
    "details": "使用生物质作为弹药会发射蝰蛇子弹。元气骑士（bushi",
    "health": 960,
    "size": 4,
    "category": "turret",
    "research": "斯大林之锤",
    "requirements": [
        "graphite/800",
        "钴钢/600",
        "镉/400",
        "氮化硅/200"
    ],
    "range": 240,
    "ammoPerShot": 1,
    "maxAmmo": 20,
    "targetAir": true,
    "recoil": 0.7,
    "reload": 60,
    "rotateSpeed": 2,
    "minWarmup": 0.9,
    "shootWarmupSpeed": 0.09,
    "shootSound": "missile",
    "consumes": {
        "coolant": {
            "amount": 0.3,
            "optional": true
        }
    },
    "ammoTypes": {
        "钴钢": {
            "type": "MissileBulletType",
            "sprite": "missile-large",
            "speed": 3,
            "width": 12,
            "height": 12,
            "homingRange": 60,
            "splashDamageRadius": 30,
            "splashDamage": 90,
            "damage": 30,
            "buildingDamageMultiplier": 0.25,
            "lifetime": 80,
            "backColor": "88A4FFFF",
            "frontColor": "88A4FFFF",
            "trailColor": "88A4FFFF",
            "lightColor": "88A4FFFF",
            "trailLength": 29,
            "trailWidth": 3.5,
            "trailSinScl": 2.5,
            "trailSinMag": 0.5,
            "trailEffect": "none",
            "weaveScale": 8,
            "weaveMag": 1,
            "fragBullets": 8,
            "fragVelocityMin": 0.3,
            "hitEffect": {
                "type": "multiEffect",
                "effects": [
                    {
                        "type": "ExplosionEffect",
                        "lifetime": 28,
                        "waveStroke": 6,
                        "waveLife": 10,
                        "waveRadBase": 7,
                        "waveColor": "88A4FFFF",
                        "waveRad": 30,
                        "smokes": 6,
                        "smokeColor": "ffffffff",
                        "sparkColor": "88A4FFFF",
                        "sparks": 6,
                        "sparkRad": 35,
                        "sparkStroke": 1.5,
                        "sparkLen": 4
                    }
                ]
            },
            "fragBullet": {
                "type": "MissileBulletType",
                "sprite": "missile-large",
                "speed": 3,
                "width": 4,
                "height": 4,
                "homingRange": 60,
                "homingPower": 0.2,
                "splashDamageRadius": 20,
                "splashDamage": 60,
                "damage": 30,
                "buildingDamageMultiplier": 0.25,
                "lifetime": 60,
                "backColor": "88A4FFFF",
                "frontColor": "88A4FFFF",
                "trailColor": "88A4FFFF",
                "lightColor": "88A4FFFF",
                "trailLength": 20,
                "trailWidth": 2.5,
                "trailSinScl": 2.5,
                "trailSinMag": 0.5,
                "trailEffect": "none",
                "weaveScale": 4,
                "weaveMag": 4,
                "hitEffect": {
                    "type": "multiEffect",
                    "effects": [
                        {
                            "type": "ParticleEffect",
                            "particles": 16,
                            "sizeFrom": 3,
                            "sizeTo": 0,
                            "length": 40,
                            "baseLength": 0,
                            "lifetime": 20,
                            "colorFrom": "8DAAD5FF",
                            "colorTo": "8DAAD5FF",
                            "useRotation": true,
                            "spin": 180
                        },
                        {
                            "type": "WaveEffect",
                            "lifetime": 15,
                            "sizeFrom": 0,
                            "sizeTo": 20,
                            "strokeFrom": 3,
                            "strokeTo": 0,
                            "colorFrom": "ffffffff",
                            "colorTo": "8DAAD5FF"
                        }
                    ]
                }
            }
        },
        "矢量合金": {
            "type": "MissileBulletType",
            "sprite": "circle",
            "speed": 3,
            "width": 12,
            "height": 12,
            "homingRange": 60,
            "splashDamageRadius": 30,
            "splashDamage": 150,
            "damage": 80,
            "buildingDamageMultiplier": 0.25,
            "lifetime": 80,
            "backColor": "FFD37FFF",
            "frontColor": "FFD37FFF",
            "trailColor": "FFD37FFF",
            "lightColor": "FFD37FFF",
            "trailLength": 29,
            "trailWidth": 3.5,
            "trailSinScl": 2.5,
            "trailSinMag": 0.5,
            "trailEffect": "none",
            "weaveScale": 8,
            "weaveMag": 1,
            "fragBullets": 8,
            "fragVelocityMin": 0.3,
            "hitEffect": {
                "type": "multiEffect",
                "effects": [
                    {
                        "type": "ExplosionEffect",
                        "lifetime": 28,
                        "waveStroke": 6,
                        "waveLife": 10,
                        "waveRadBase": 7,
                        "waveColor": "FFD37FFF",
                        "waveRad": 30,
                        "smokes": 6,
                        "smokeColor": "ffffffff",
                        "sparkColor": "FFD37FFF",
                        "sparks": 6,
                        "sparkRad": 35,
                        "sparkStroke": 1.5,
                        "sparkLen": 4
                    }
                ]
            },
            "fragBullet": {
                "type": "MissileBulletType",
                "sprite": "circle",
                "speed": 3,
                "width": 4,
                "height": 4,
                "homingRange": 60,
                "homingPower": 0.2,
                "splashDamageRadius": 20,
                "splashDamage": 80,
                "damage": 50,
                "buildingDamageMultiplier": 0.25,
                "lifetime": 60,
                "backColor": "FFD37FFF",
                "frontColor": "FFD37FFF",
                "trailColor": "FFD37FFF",
                "lightColor": "FFD37FFF",
                "trailLength": 20,
                "trailWidth": 2.5,
                "trailSinScl": 2.5,
                "trailSinMag": 0.5,
                "trailEffect": "none",
                "weaveScale": 4,
                "weaveMag": 4,
                "hitEffect": {
                    "type": "multiEffect",
                    "effects": [
                        {
                            "type": "ExplosionEffect",
                            "lifetime": 20,
                            "waveStroke": 2,
                            "waveLife": 10,
                            "waveRadBase": 7,
                            "waveColor": "FFD37FFF",
                            "waveRad": 12,
                            "smokes": 0,
                            "smokeColor": "FFD37FFF",
                            "sparkColor": "FFD37FFF",
                            "sparks": 9,
                            "sparkRad": 35,
                            "sparkStroke": 1.5,
                            "sparkLen": 4
                        }
                    ]
                }
            }
        },
        "生物质": {
            "type": "MissileBulletType",
            "sprite": "circle",
            "speed": 6,
            "width": 14,
            "height": 14,
            "damage": 90,
            "buildingDamageMultiplier": 0.25,
            "lifetime": 40,
            "backColor": "6BBE60FF",
            "frontColor": "6BBE60FF",
            "trailChance": 0,
            "trailInterval": 3,
            "trailEffect": {
                "type": "ParticleEffect",
                "particles": 1,
                "lifetime": 15,
                "sizeFrom": 7,
                "sizeTo": 0,
                "length": 0,
                "colorFrom": "6BBE60FF",
                "colorTo": "6BBE60FF"
            },
            "fragBullets": 8,
            "fragOnHit": true,
            "fragRandomSpread": 0,
            "fragVelocityMin": 1,
            "fragSpread": 45,
            "statusDuration": 3600,
            "status": "寄生",
            "knockback": 24,
            "fragBullet": {
                "type": "MissileBulletType",
                "sprite": "circle",
                "speed": 6,
                "homingDelay": 10,
                "homingRange": 800,
                "homingPower": 0.2,
                "damage": 60,
                "buildingDamageMultiplier": 0.1,
                "lifetime": 100,
                "statusDuration": 3600,
                "status": "寄生",
                "backColor": "6BBE60FF",
                "frontColor": "6BBE60FF",
                "trailColor": "6BBE60FF",
                "lightColor": "6BBE60FF",
                "hitEffect": "none",
                "despawnEffect": "none",
                "trailChance": 0,
                "trailInterval": 3,
                "trailEffect": {
                    "type": "ParticleEffect",
                    "particles": 1,
                    "lifetime": 15,
                    "sizeFrom": 6,
                    "sizeTo": 0,
                    "length": 0,
                    "colorFrom": "6BBE60FF",
                    "colorTo": "6BBE60FF"
                }
            }
        }
    },
    "drawer": {
        "type": "DrawTurret",
        "parts": [
            {
                "type": "RegionPart",
                "suffix": ""
            },
            {
                "type": "RegionPart",
                "suffix": "-side",
                "heatProgress": "warmup",
                "mirror": true,
                "moveX": 1.5,
                "moveY": -3,
                "moveRot": -5,
                "heatColor": "ff6214"
            },
            {
                "type": "RegionPart",
                "suffix": "-barrel",
                "progress": {
                    "type": "recoil",
                    "op": "curve",
                    "interp": "pow2In"
                },
                "mirror": false,
                "moveX": 0,
                "heatColor": "ff6214",
                "moveY": -5
            }
        ]
    }
}