{
    "name": "锁御",
    "description": "发射一颗带电硅弹，造成伤害的同时困住敌人。",
    "health": 720,
    "size": 3,
    "reload": 180,
    "range": 300,
    "maxAmmo": 30,
    "recoilTime": 170,
    "cooldownTime": 170,
    "recoil": 1,
    "shake": 0,
    "targetGround": true,
    "targetAir": true,
    "inaccuracy": 0,
    "rotateSpeed": 5,
    "shootY": 1,
    "shootSound": "shootBig",
    "consumes": {
        "power": 1.5,
        "coolant": {
            "amount": 0.15,
            "optional": true
        }
    },
    "hasPower": true,
    "liquidCapacity": 20,
    "ammoTypes": {
        "silicon": {
            "type": "BasicBulletType",
            "damage": 30,
            "hitColor": "B0BAC0FF",
            "lightColor": "B0BAC0FF",
            "smokeEffect": "none",
            "lifetime": 60,
            "sprite": "circle-bullet",
            "backColor": "B0BAC0FF",
            "frontColor": "ffffff",
            "width": 8,
            "height": 8,
            "shrinkY": 0,
            "speed": 5,
            "trailLength": 10,
            "trailWidth": 4,
            "trailColor": "B0BAC0FF",
            "splashDamage": 60,
            "splashDamageRadius": 120,
            "hitShake": 4,
            "status": "slow",
            "statusDuration": 90,
            "hitSound": "plasmaboom",
            "shootEffect": {
                "type": "ParticleEffect",
                "line": "true",
                "particles": 8,
                "sizeFrom": 10,
                "sizeTo": 0,
                "length": 50,
                "baseLength": 10,
                "lifetime": 25,
                "colorFrom": "B0BAC0FF",
                "colorTo": "ffffff",
                "cone": 20
            },
            "hitEffect": {
                "type": "multiEffect",
                "effects": [
                    {
                        "type": "waveEffect",
                        "lifetime": 120,
                        "strokeFrom": 3,
                        "strokeTo": 0,
                        "sizeFrom": 120,
                        "sizeTo": 120,
                        "colorFrom": "B0BAC0FF",
                        "colorTo": "B0BAC0FF"
                    },
                    {
                        "type": "waveEffect",
                        "colorFrom": "4A4B5380",
                        "colorTo": "4A4B5300",
                        "lifetime": 120,
                        "strokeFrom": 120,
                        "strokeTo": 120,
                        "sizeFrom": 60,
                        "sizeTo": 60
                    }
                ]
            },
            "despawnEffect": "none"
        }
    },
    "requirements": [
        "graphite/180",
        "镉/120",
        "氮化硅/80"

    ],
    "drawer": {
        "type": "DrawTurret",
        "parts": [
            {
                "type": "RegionPart",
                "suffix": "-side",
                "progress": {
                    "type": "recoil",
                    "op": "curve",
                    "interp": "pow2In"
                },
                "mirror": true,
                "heatColor": "ff6214",
                "moveX": 1,
                "moveY": -1,
                "moveRot": -3
            },
            {
                "type": "RegionPart",
                "suffix": "-glow",
                "progress": {
                    "type": "recoil",
                    "op": "curve",
                    "interp": "pow2In"
                },
                "mirror": true,
                "drawRegion": false,
                "heatProgress": {
                    "type": "warmup"
                },
                "heatColor": "0040FFFF",
                "moveX": 1,
                "moveY": -1,
                "moveRot": -3
            }
        ]
    },
    "alwaysUnlocked": false,
    "category": "turret",
    "research": "斯大林之锤"
}