{
    // 名称为 "血肉吸食"
    "name": "营养抽取器",
    // 类型为 "Drill"，可能表示钻头
    "type": "Drill",
    // 尺寸大小为 2
    "size": 2,
    // 等级为 8
    "tier": 8,
    // 生命值为 1050
    "health": 1050,
    // 旋转速度为 0.5
    "rotateSpeed": 0.5,
    // 预热速度为 0.06
    "warmupSpeed": 0.06,
    // 物品容量为 15
    "itemCapacity": 15,
    // 不可过载
    "canOverdrive": true,
    // 绘制边缘，为真
    "drawRim": true,
    // 具有物品相关功能
    "hasItems": true,
    // 钻探时间为 25
    "drillTime": 20,
    // 钻探效果为 "none"，可能表示无特殊效果
    "drillEffect": "none",
    // 更新效果为 "none"，可能表示无特殊更新效果
    "updateEffect": "none",
    // 硬度钻探乘数为 75
    "hardnessDrillMultiplier": 75,
    // 制作所需物品
    "requirements": [
        "营养块/10"
    ],
    // 所属类别为 "production"，可能表示生产类别
    "category": "production",
    // 研究需求为 "初代巢穴"
    "research": "初代巢穴"
}
