{
	"localizedName": "赛卫1",
	"mesh": [ //行星的网格，仅支持NoiseMesh
{
    "type": "NoiseMesh"
    "divisions": 3
    "radius": 0.2
    "color1": "6c6c7a"
    "color2": "51515c"
    "octaves": 4.6
    "persistence": 0.9
    "scale": 0
    "mag": 3.4
    "coct": 4
    "cper": 1
    "cscl": 1.8
    "cthresh": 1
    }
	]
	//cloudMesh: {}, //用于云的网格
	//您不能为此声明类型，但您至少可以修改现有类型的字段。不建议修改，除非你真的知道你在做什么，在此之前最好做一个备份
	"generator": {
		"min": 0 //小行星数量
		"max": 0
		"octaves": 2, //噪音特性
		"persistence": 0.4,
		"scale": 30,
		"mag": 0.4,
		"thresh": 1,
		"foct": 3,
		"fmag": 0.5,
		"fscl": 50,
		"fper": 0.6,
		"radMin": 120, //小行星半径
		"radMax": 120,
		"stoneChance": 0, //石头地板概率
		"iceChance": 0, //地形生成几率，顺序为：冰>碳>绿柱石>铁
		"carbonChance": 0,
		"berylChance": 0,
		"ferricChance": 0
	},
	"orbitSpacing": 13.56 //父（this）和卫星之间的间距
	"radius": 1.8//星球半径
	"minZoom": 0.1//最小缩放
	"drawOrbit": true, //是否绘制轨道
	"atmosphereRadIn": 0//基本大气层偏移
	"atmosphereRadOut": 0.3,
	"accessible": false, //是否可以登陆
	"tidalLock": true,
	"alwaysUnlocked": true,
	"updateLighting": true, //昼夜循环
	"sectorSeed": 0, //生成器的种子。 如果-1，则为小行星
	"bloom": true, //是否开启bloom渲染
	"visible": true, //是否显示
	"hasAtmosphere": false, //是否有大气层
	"icon": "planet", //左上角显示的图标文件
	"iconColor": "6c6c7a", ///左上角显示的行星图标的颜色
	"allowWaveSimulation": true, //在后台时是否模拟波次
	"clearSectorOnLose": true //区块丢失时是否重置区块
	"allowWaves": true, //区块丢失时是否重置波次
	"defaultCore": "core-nucleus", //星球默认核心
	"parent": "serpulo", //星球绕什么公转
	"solarSystem": "sun", //星系系统
	"launchCandidates": [
	"serpulo"
	], //可以从这个星球前往的行星。 可能没用，因为行星际加速器仍然不工作
}