{
	"type": "ShockMine",
	"name":"强化地雷",
	"health":150,
	"size": 1,
	"armor": 0,
	"tileDamage": 15,
	"length": 0,
	"tendrils": 0,
	"damage": 0,
	"shots": 1,
	"cooldown": 60,
	"bullet": {
		"damage": 0,
		"collides": false,
		"instantDisappear": true,
		"splashDamage": 50,
		"splashDamageRadius": 8,
		"hitSound": "plasmaboom",
		"lightningColor":"FF4141FF",
        //闪电颜色
        "lightning": 4,
        //射击命中时生成闪电数量
        "lightningLength": 8,
        //射击命中时生成闪电的长度
        "lightningDamage":25,
        //闪电伤害
        "hitEffect":{
					"type": "ParticleEffect",
					"particles": 1,
					"sizeFrom": 15,
					"sizeTo": 15,
					"length": 0,
					"spin": 0,
					"lifetime": 60,
					"layer": 109,
					"region": "合金进化-boom",
					"colorFrom": "FFFFFFFF",
					"colorTo": "FFFFFF00",
					"cone": 0
				},
	},
	"hasShadow": false,
	"requirements": [
		"亚铜/25",
		"基础合金/12"
	],
	"category": "effect",
	"research": "shock-mine"
}