{
"type":"GenericCrafter",
"name":"中子集群机",
"health":670,
"description":"6096",
"outputItem":{"item":"中子集群","amount":1},
"size":3,
"hasPower":true,
"hasLiquids":true,
"hasItems":true,
"craftTime":30,
"itemCapacity":250,
"liquidCapacity":30,
"drawer":{
	"type":"DrawMulti",
	"drawers":[
		"DrawDefault",
		{"type":"DrawFlame","flameColor":"ffef99"}
	]
},
"consumes":{
	"power":341.333333333,
	"items":{"items":[{"item":"中子","amount":100}]}
},
"requirements":[
	{"item":"黑曜石","amount":15000},
	{"item":"silicon","amount":12000},
	{"item":"整合核料","amount":1300},
]
"category":"crafting",
"research":"矿渣冷凝器",
"idleSound":"respawning",
"idleSoundVolume":0.5
}