{
"type":"GenericCrafter",
"name":"反向还原机",
"health":670,
"description":"6096",
"outputItem":{"item":"暗微子核","amount":1},
"size":3,
"hasPower":true,
"hasLiquids":true,
"hasItems":true,
"craftTime":30,
"itemCapacity":50,
"liquidCapacity":30,
"drawer":{
	"type":"DrawMulti",
	"drawers":[
		"DrawDefault",
		{"type":"DrawFlame","flameColor":"ffef99"}
	]
},
"consumes":{
	"power":682.6666666666,
	"items":{"items":[{"item":"质子集群","amount":1}
	{"item":"中子集群","amount":1}]}
},
"requirements":[
	{"item":"黑曜石","amount":17000},
	{"item":"silicon","amount":16000},
	{"item":"整合核料","amount":2000},
]
"category":"crafting",
"research":"矿渣冷凝器",
"idleSound":"respawning",
"idleSoundVolume":0.5
}