{	
    "type":"mech",
    "name":"毁灭",
    "description":"发射穿甲爆破分裂弹，穿透敌军和建筑。",
    "hitSize":34,
    "canDrown":false,
    "armor":24,
    "speed":0.38,
    "rotateSpeed": 1.5,
    "health":85000,
    "mechStepParticles":true,
    "mechFrontSway":2.2,
    "mechSideSway":0.8,
	"ammoType":"graphite",
    "ammoCapacity": 350,
	"research":"reign",
	"weapons":[
	{	"name": "毁灭1",
		"shoot":{
	"shots":4
	"shotDelay":1
	"alternate":false}
	"reload":60, 
	"shake":3,
	"recoil":5,
    "x": 32,  "y": 0,    
    "shootX":0, "shootY":10,
    "rotate": false,
    "top":false,
    "inaccuracy": 0.5,
	"shootSound": "shootBig",
	"mirror": true
	"ejectEffect":"casing4",
	"bullet":{
	"fragBullets":3,
"fragBullet": {
"type":"LightningBulletType",
//"despawnSound":"spark",
"damage":55,
"status":"shocked",
"lightningLength":8,
"lightningLengthRand":8,
"lightningColor":"FFFFAA",//闪电颜色
"hitEffect":"hitLancer"
}
    "damage":140, 
    "splashDamage":20,
    "splashDamageRadius":32,
   	"pierce": true,
	"pierceBuilding":true,
	"pierceCap":10,
    "speed":14,
    "lifetime":25,
    "shootEffect":"shootBig",
    "smokeEffect":"shootBigSmoke",
    "width":11,	 "height":29,
    "hitEffect":"flakExplosionBig",
	"despawnEffect":"flakExplosionBig"}}
	]
}
