{
    // 基础类型定义
    "type": "ItemTurret",  // 定义这是一个物品型炮塔
    "name": "？？？？",  // 炮塔名称
    "description": "没事，我瞎填的",  // 带颜色代码和彩蛋的描述
    
    // 基础属性
    "health": 450,  // 生命值
    "size": 2,  // 占用2x2格
    "range": 170,  // 射程
    "reload": 110,  // 装填时间
    "maxAmmo": 35,  // 最大弹药容量
    
    // 消耗系统
    "consumes": {  
        "coolant": {  // 冷却液消耗（可选）
            "amount": 0.4,
            "optional": true
        }
    },
    
    // 射击参数
    "shoot": {  
        "shots": 3,  // 每次射击2发
        "shotDelay": 2.7  // 每发间隔2.7帧
    },
    
    // 弹药系统
    "targetGround": true,  // 可攻击地面目标
    "targetAir": true,  // 可攻击空中目标
    "inaccuracy": 4.5,  // 散布3.5度
    "shootSound": "101",  // 音效
    
    // 弹药类型配置
"ammoTypes": {  // 弹药类型定义容器
    "锡": {  // 使用石墨作为弹药
                "type": "BasicBulletType",  // 炮弹类型（可越过障碍）
                "damage": 42,      // 直接命中伤害
                "speed": 4,        // 飞行速度
                "lifetime": 27,    // 存在时间（帧）
                "width": 12,       // 碰撞宽度
                "height": 12,      // 碰撞高度
                "frontColor": "8CAAE8FF",  // 蓝色弹头
            "backColor": "8CAAE8FF",  // 蓝色弹尾
            "trailColor": "8CAAE8FF",  // 蓝色轨迹
                "splashDamageRadius": 32,  // 爆炸半径
                "splashDamage": 45,        // 爆炸伤害
    },
    "紫晶": {
                "type": "BasicBulletType",  // 炮弹类型（可越过障碍）
                "damage": 34,      // 直接命中伤害
                "speed": 4,        // 飞行速度
                "lifetime": 270,    // 存在时间（帧）
                "width": 11,       // 碰撞宽度
                "height": 11,      // 碰撞高度
                "splashDamageRadius": 32,  // 爆炸半径
                "splashDamage": 35,        // 爆炸伤害
    },//子弹复制粘贴就行了  记得改名字
}
    
    // 其他属性
    "rotateSpeed": 1.8,  // 炮塔旋转速度2.5
    "requirements": [  // 建造所需材料
        {"item": "锡", "amount": 15},  // 铅15
        {"item": "紫晶", "amount": 25}  // 铜25
    ],
    "category": "turret",  // 分类为炮塔
    "researchCostMultiplier": 0.5,  // 研究成本只需30%
    "research": "断层核心",  // 前置研究项目
    
    // 绘制配置
}
//ai整的  或者其他模组😅