{
    "type": "ItemTurret",  // 定义这是一个物品型炮塔
    "name": "齐裂",  // 炮塔名称
    "description": "用于弥补前期火力不足的问题\n射击精度1.5\n[white]沙子为什么会缴械Buff因为沙子导致武器卡壳了:(\n[yellow]隔壁强化战役作者鼠标说:那一晚，分裂和齐射喝醉了(没笑死)",  // 带颜色代码和彩蛋的描述
    "health": 450,  // 生命值
    "size": 2,  // 占用2x2格
    "range": 210.00,  // 射程210
    "reload": 31,  // 装填时间40帧
    "maxAmmo": 25,  // 最大弹药容量
    "consumes": {  // 消耗系统
        "coolant": {  // 冷却液消耗（可选）
            "amount": 0.4,
            "optional": true
        }
    },
    "shoot": {  // 射击参数
        "shots": 3,  // 每次射击
        "shotDelay": 3  // 每发间隔3帧
    },
    "ammoUseEffect": "casing2",  // 弹壳抛射效果
    "ammoPerShot": 4,  // 每次射击基础消耗1弹药
    "targetGround": true,  // 可攻击地面目标
    "targetAir": true,  // 可攻击空中目标
    "inaccuracy": 1.5,  // 散布
    "shootSound": "BT101",  // 射击音效
    "ammoTypes": {  // 三种弹药配置
        "copper": {  // 铜弹
            "speed": 7,  // 弹速7
            "damage": 34,  // 伤害
            "knockback": 2,  // 击退2
            "lifetime": 31.76,  // 存在时间30.76帧
            "width": 10,  // 碰撞宽度
            "height": 13,  // 碰撞高度
            "recoil": 3.5,  // 后坐力强度
            "hitColor": "FFFFFFFF",  // 命中效果颜色
            "status": "corroded",  // 施加腐蚀状态
            "statusDuration": 375  // 状态持续时间
        },
        "graphite": {  // 石墨弹（高伤害）
            "speed": 7,
            "damage": 48,  // 更高伤害48
            "knockback": 3,
            "lifetime": 31.76,
            "width": 10,
            "height": 13,
            "recoil": 1.5,  // 更低后坐力
            "frontColor": "8CAAE8FF",  // 蓝色弹头
            "backColor": "8CAAE8FF",  // 蓝色弹尾
            "trailColor": "8CAAE8FF",  // 蓝色轨迹
            "trailWidth": 2.5,
            "trailLength": 6,
            "hitColor": "8CAAE8FF",
            "status": "melting",  // 熔化状态
            "statusDuration": 650
        },
        "sand": {  // 沙弹（特殊效果）
            "speed": 7,
            "damage": 28,  // 伤害
            "knockback": 2,
            "lifetime": 31,
            "width": 10,
            "height": 13,
            "frontColor": "FFD37FFF",  // 弹头
            "backColor": "FFD37FFF",  // 弹尾
            "recoil": 3.5,
            "status": "disarmed",  // Buff 简介都说这里是缴械！
            "statusDuration": 65  // 短持续时间
        }
    },
    "rotateSpeed": 4.5,  // 炮塔旋转速度
    "requirements": [  // 建造所需材料
        {"item": "lead", "amount": 15},  // 铅15
        {"item": "graphite", "amount": 10},  // 石墨10
        {"item": "copper", "amount": 25}  // 铜25
    ],
    "category": "turret",  // 分类为炮塔
    "researchCostMultiplier": 0.3,  // 研究成本只需30%
    "research": "三管",  // 前置研究项目
    "drawer": {  // 复杂绘制配置
        "type": "DrawMulti",  // 复合绘制器
        "drawers": [
            {
                "type": "DrawTurret",
                "parts": [
                    {
                        "type": "RegionPart",  // 主炮部分
                        "mirror": false,
                        "x": 0,
                        "y": 0,
                        "suffix": "-head",  // 使用-head后缀的纹理
                        "heatProgress": "recoil",  // 后坐力热效果
                        "heatColor": "#8080FF"  // 淡蓝色热效
                        "progress": "reload",  // 装填动画
                        "moveX": 0,
                        "moveY": 0,
                        "moveRot": 0
                    },
                    {
                        "type": "RegionPart",  // 副炮部分
                        "mirror": true,  // 镜像渲染
                        "x": 0,
                        "y": 0,
                        "suffix": "-2",  // 使用-2后缀的纹理
                        "moveX": 1.5,  // X轴偏移
                        "moveY": 0,
                        "moveRot": -25,  // 旋转偏移
                    }
                ]
            }
        ]
    }
}
    