{
//	"type":"UnitAssembler",
	"name":"组装厂",
	"description":"组装高阶飞行单位，输出单位可以直接投入战场",
	"category":"units",
	"health":2430,
	"size":5,
"dronesCreated":4,
"areaSize":21,

	"consumes":{"power":18,
	"liquid":{
	"liquid":"cyanogen","amount":0.2
	}	},

	"research":{"parent":"assembler(current)",
	"requirements":[
	"iridium/2500",
	"uranium/6000",
	"silicon/10000",
	"plastanium/8000"
	]	},

	"requirements":[
	"iridium/200",
	"uranium/120",
	"silicon/150",
	"plastanium/100",
	],

		"plans":[
		{"unit":"mound",
		"time":6000,
		"requirements":[
		"calamity-dust/6",
		"calamity-chromium-wall-large/10",
		]	}
		{"unit":"berg",
		"time":10800,
		"requirements":[
		"calamity-sandstone/8",
		"calamity-iridium-wall-large/20",
		]	},
		{"unit":"heaven",
		"time":16000,
		"requirements":[
		"calamity-massif/6",
		"calamity-iridium-wall-large/36",
		]	}
		{"unit":"astrolabe",
		"time":24800,
		"requirements":[
		"calamity-mound/8",
		"calamity-iridium-wall-large/48",
		]	}
	],
}