{
//	"type":"UnitAssembler",
	"name":"组装厂",
	"description":"组装高阶电系机甲单位，输出单位可以直接投入战场",
	"category":"units",

	"health":2430,
	"size":5,
	"dronesCreated":4,
	"areaSize":21,

	"consumes":{"power":18,
	"liquid":{
	"liquid":"cyanogen","amount":0.2
	}	},

	"research":{"parent":"senior-refabricator",
	"requirements":[
	"iridium/2500",
	"uranium/6000",
	"silicon/10000",
	"plastanium/8000"
	]	},

	"requirements":[
	"iridium/200",
	"uranium/120",
	"silicon/150",
	"plastanium/100",
	],

		"plans":[
		{"unit":"superconductivity",
		"time":6000,
		"requirements":[
		"calamity-current/8",
		"calamity-chromium-wall-large/10",
		]	}
		{"unit":"malfunction",
		"time":12000,
		"requirements":[
		"calamity-lighting/12",
		"calamity-iridium-wall-large/20",
		]	}
		{"unit":"pulse",
		"time":6000,
		"requirements":[
		"calamity-superheat/8",
		"calamity-iridium-wall-large/36",
		]	}
	],
}