{
	"type":"UnitAssemblerModule",
	"name":"次级装配模块",
	"description":"当放置到构造边界旁边时，增加输出等级，需要电力，且可做载荷输入口。",
	"category":"units",

	"health":3750,
	"regionSuffix":"-dark",
	"size":5,
	"tier":2,

	"consumes":{
	"power":10,
	},

	"research":{"parent":"rudiment-assembler-module",
	"requirements":[
	"phase-fabric/50000",
	"plutonium/50000",
	"iridium/50000",
	"silicon/80000",
	]	},

	"requirements":[
	"phase-fabric/500",
	"plutonium/500",
	"iridium/500",
	"silicon/800",
	],
}