{
    "details": "[red]104时代之神的残影。",
    "armor": 20,
    "speed":0.423,
    "rotateSpeed": 2.25,
    "health": 46000,
    "weapons": [
        {
            "name": "根除",
            "reload": 15,
            "shake": 3,
            "shoot": {
                "shots": 4,
                "shotDelay": 1.8
            },
            "recoil": 5,
            "x": 21.5,
            "shootX": 0,
            "shootY": 11,
            "rotate": false,
            "top": false,
            "inaccuracy": 1,
            "shootSound": "artillery",
            "alternate": true,
            "ejectEffect": "casing4",
            "bullet": {
                "damage": 89,
                "pierceArmor": true,
                "pierce": true,
                "pierceCap": 4,
                "pierceBuilding": true,
                "speed": 16,
                "lifetime": 21,
                "shootEffect": "shootBig",
                "smokeEffect": "shootBigSmoke",
                "width": 13,
                "height": 35,
                "hitSound": "explosion",
                "hitEffect": "flakExplosion",
                "despawnEffect": "flakExplosion",
                "fragRandomSpread": 0,
                "fragBullets": 1,
                "fragBullet": {
                    "type": "ShrapnelBulletType",
                    "damage": 39,
                    "lifetime": 14,
                    "length": 56,
                    "width": 12,
                    "status": "shocked",
                    "statusDuration": 60,
                    "buildingDamageMultiplier": 0.5,
                    "serrationLenScl": 8,
                    "serrationSpaceOffset": 50,
                    "serrationFadeOffset": 0,
                    "serrations": 4,
                    "serrationWidth": 4
                }
            }
        }
    ]
}