{
	"details": "动力系统强化，换用新式主炮\n得益于原型机“混沌”积攒下的大量战斗经验，它才得以做到开辟混沌。",
	"armor": 13,
	"speed":0.456,
	"rotateSpeed": 3.6,
	"health": 23000,
	"weapons": [
		{
			"name": "混沌1",
			"reload": 50,
			"shoot": {
				"shots": 4,
				"shotDelay": 3
			},
			"x": 16,
			"y": 0,
			"shootY": 10,
			"rotate": false,
			"inaccuracy": 2,
			"shootSound": "shootBig",
			"alternate": true,
			"top": false,
			"ejectEffect": "casing4",
			"shake": 3,
			"bullet": {
				"damage": 73,
				"splashDamage": 33,
				"splashDamageRadius": 35,
				"lightningDamage": 23,
				"lightning": 2,
				"lightningLength": 6,
				"lightningLengthRand": 6,
				"status": "shocked",
				"statusDuration": 60,
				"speed": 7,
				"lifetime": 38.5,
				"smokeEffect": "shootBig",
				"width": 10,
				"height": 15,
				"hitEffect": "flakExplosionBig",
				"despawnEffect": "flakExplosionBig"
			}
		},
		{
			"name": "混沌2",
			"reload": 12,
			"x": 10,
			"y": 7,
			"rotate": true,
			"rotateSpeed": 9,
			"inaccuracy": 0,
			"alternate": true,
			"ejectEffect": "casing1",
			"bullet": {
				"damage": 13,
				"speed": 6,
				"lifetime": 37,
				"width": 5,
				"height": 8
			}
		},
		{
			"name": "混沌2",
			"reload": 16,
			"x": 10,
			"y": -8,
			"rotate": true,
			"rotateSpeed": 9,
			"inaccuracy": 0,
			"alternate": true,
			"ejectEffect": "casing1",
			"bullet": {
				"damage": 13,
				"speed": 6,
				"lifetime": 37,
				"width": 5,
				"height": 8
			}
		}
	]
}