{
    "type": "ItemTurret",
    "name": "日弭（未做完）",
    "description": "雪中花萼，如梅雪相映",
    "details": "截止到2025.5.3为止的最大特效武器",
    "health": 1500,
    "size": 5,
    "reload": 180,
    "inaccuracy": 0,
    "ammoPerShot": 1,
    "rotateSpeed": 2,
    "maxAmmo": 20,
    "targetAir": true,
    "targetGround": true,
    "canOverdrive": true,
    "range": 420,
    "shake": 1,
    "shootSound": "shotgun",
    "recoil": 0.5,
    "recoilTime": 45,
    "minWarmup": 0,
    "consumes": {
        "coolant": {
            "liquid": "cryofluid",
            "amount": 0.2,
            "optional": "false"
        }
    },
	"shoot":{
        "type": "shootBarrel",
	"shots":1,
    "barrels": [0,0,0,]
    }
    "ammoTypes": {
        "干冰": {
            "type": "BasicBulletType",
            "speed": 10,
            "damage": 500,
            "reloadMultiplier": 2.0,
            "status": "freezing",
            "statusDuration": 300,
            "width": 20,
            "height": 25,
            "backColor": " 00BFFFFF",
            "frontColor": "B0E2FFFF",
            "trailLength": 15,
            "despawnHit": true,
            	"bulletInterval": 2,
			"intervalBullets": 4,
			"intervalRandomSpread": 30,
			"intervalBullet": {
				"type": "BasicBulletType",
				"damage": 45,
				"knockback": 5,
				"speed": 9,
				"lifetime": 30,
				"backColor": "FFFFFF",
				"frontColor": "FFFFFF",
				"trailLength": 3,
				"trailWidth": 2,
				"trailColor": "FFFFFF",
				"width": 10,
				"height": 10,
				"despawnEffect": "none"
			}
            "trailWidt": 5,
            "trailColor": "00FFFFFF",
            "hitEffect": {
                "type": "multiEffect",
                "effects": [
                    {
                        "type": "waveEffect",
                        "lifetime": 120,
                        "sizeFrom": 0,
                        "sizeTo": 50,
                        "strokeFrom": 6,
                        "strokeTo": 0,
                        "colorFrom": "00FFFFFF",
                        "colorTo": "00FFFFFF"
                    }
                ]
            },
        },
    },
    "drawer": {
    "type": "DrawTurret",
    "parts": [
{
    "type": "HaloPart",
    "rotateSpeed": 0,                  // 自身旋转速度（单位：角度/帧）
    "sides": 4,                        // 多边形边数（仅当 `tri`: false 时生效）
    "shapes": 4,                       // 围绕中心旋转的图形数量
    "color": "#CD5555",               // 特效颜色（ARGB十六进制）
    "tri": true,                       // 是否为三角形（true时强制覆盖`sides`）
    "hollow": true,                    // 是否为空心（仅当 `tri`: false 时生效）
    "stroke": 5,                       // 图形线条粗细（单位：像素）
    "strokeTo": 5,
    "radius": 24,                      // 图形尺寸（`tri`: false时为半径，true时为三角形底边长度）
    "radiusTo": 0,                     // 无效参数（无需修改）
    "triLength": 50,                   // 三角形尖锐程度（`tri`: true 时生效）
    "triLengthTo": 0,                  // 重置时的尖锐程度（逻辑暂不明确）
    "haloRadius": 160,                 // 图形围绕中心旋转的半径（单位：像素）
    "haloRotation": 22.5,              // 初始旋转角度（单位：度）
    "haloRotateSpeed": 0.5 ,            // 图形整体旋转速度（单位：角度/帧）
    "layer":110  ,                      //层（图层，默认110，基本不用改）
    "x":0,
    "y":-20
}
    ]
}
    "requirements": [
        "钛合金/150",
        "graphite/35",
        "titanium/30",
        "silicon/30"
        "精铁/300"
        "钢/650"
        "玻璃钢/800"    
        "冷冻液桶/100"  
    ],
    "category": "turret",
    "research": "霜雪"
}