{
	//"type": "GenericCrafter",
	"size": 3,
	"dumpTime": 2.5,
	"itemCapacity": 72,
	"liquidCapacity": 36,
	"consumes": {
		"power": 10.4,
		"items": [
			"铈/3",
			"导能回路/1",
			"phase-fabric/4"
		],
		"liquid": "cryofluid/0.125"
	},
	"craftTime": 360,
	//"canOverdrive": false,
	"craftEffect": {
		"type": "WrapEffect",
		"effect": "dynamicSpikes",
		"color": "E6C4EE",
		"rotation": 24
	},
	"outputItem": "以太能/4",
	"requirements": [
		"铱板/95",
		"铈/45",
		"导能回路/40",
		"plastanium/45"
	],
	"drawer": {
		"type": "DrawMulti",
		"drawers": [
			{
				"type": "DrawRegion",
				"suffix": "-bottom"
			},
			{
				"type": "DrawMultiWeave",
				"glowColor": "FF6666CD",
				"fadeWeave": true
			},
			"DrawDefault",
			{
				"type": "DrawGlowRegion",
				"color": "FF664D",
				"alpha": 0.8,
				"glowIntensity": 1,
				"glowScale": 18.84
			},
			{
				"type": "DrawGlowRegion",
				"suffix": "-heat",
				"color": "F0511D",
				"alpha": 0.8,
				"glowIntensity": 1,
				"glowScale": 4.71
			}
		]
	},
	"ambientSound": "bioLoop",
	"ambientSoundVolume": 0.03,
	"category": "crafting",
	"research": {
		"parent": "陶钢熔炼炉",
		"objectives": [
			"陶钢熔炼炉大"
		]
	}
}