{
	//"type": "HeatProducer",
	"size": 3,
	"itemCapacity": 36,
	"consumes": {
		"power": 5.7,
		"itemFlammable": {
			"minFlammability": 0.6
		}
	},
	"heatOutput": 4,
	"craftTime": 35,
	"requirements": [
		"thorium/100",
		"铱板/80",
		"silicon/115",
		"plastanium/55"
	],
	"drawer": {
		"type": "DrawMulti",
		"drawers": [
			"DrawDefault",
			"DrawHeatOutput",
			{
				"type": "DrawFlame",
				"flameColor": "FFEF99"
			}
		]
	},
	"ambientSound": "smelter",
	"ambientSoundVolume": 0.07,
	"category": "crafting",
	"research": "太阳能制热机"
}