{
	"type": "GenericCrafter",
	"size": 5,
	"hasLiquids": true,
	"squareSprite": false,
	"itemCapacity": 60,
	"liquidCapacity": 60,
	"consumes": {
		"power": 28.6,
		"liquids": {
			"liquids": [
				"血水/7.5",
				"cryofluid/0.5"
			]
		}
	},
	"craftTime": 600,
	"outputItem": "生物钢/1",
	"outputLiquid": "water/6",
	"requirements": [
		"铱板/155",
		"metaglass/40",
		"铈/85",
		"导能回路/35",
		"生物钢/15"
	],
	"drawer": {
		"type": "DrawMulti",
		"drawers": [
			{
				"type": "DrawRegion",
				"suffix": "-bottom"
			},
			{
				"type": "DrawLiquidRegion",
				"drawLiquid": "血水"
			},
			{
				"type": "DrawLiquidRegion",
				"drawLiquid": "water"
			},
			{
				"type": "DrawCultivator",
				"plantColor": "D75B6E",
				"plantColorLight": "E78F92",
				"bottomColor": "474747",
				"bubbles": 12,
				"sides": 16,
				"strokeMin": 0,
				"spread": 5,
				"timeScl": 90,
				"recurrence": 8,
				"radius": 4
			},
			"DrawDefault",
			{
				"type": "DrawParticles",
				"color": "E78F92",
				"alpha": 0.6,
				"particles": 15,
				"particleLife": 300,
				"particleRad": 16,
				"particleSize": 2,
				"fadeMargin": 0,
				"rotateScl": 360,
				"reverse": true
			}
		]
	},
	"category": "crafting",
	"research": {
		"parent": "血肉分离机",
		"objectives": [
			"心肌泵"
		]
	}
}