{
	"type": "GenericCrafter",
	"size": 2,
	"itemCapacity": 36,
	"consumes": {
		"power": 2,
		"items": [
			"blast-compound/3",
			"铈/2"
		]
	},
	"craftTime": 90,
	"outputItem": "铈凝块/2",
	"requirements": [
		"graphite/85",
		"铱板/60",
		"thorium/55",
		"silicon/35"
	],
	"drawer": {
		"type": "DrawMulti",
		"drawers": [
			{
				"type": "DrawRegion",
				"suffix": "-bottom"
			},
			{
				"type": "DrawRegion",
				"suffix": "-rotate",
				"rotateSpeed": 3
			},
			"DrawDefault",
			{
				"type": "DrawRegion",
				"suffix": "-top"
			}
		]
	},
	"category": "crafting",
	"research": {
		"parent": "液体焚化炉",
		"objectives": [
			"blast-mixer"
		]
	}
}