{
	"type": "ItemTurret",
	"name": "圣辉",
	"health": 7430,
	"size": 6,
	"reload": 150,
	"range": 760,
	"customShadow": false,
	"fogRadiusMultiplier": 0.21,
	"maxAmmo": 64,
	"recoil": 0,
	"shootY": 0,
    "cooldownTime": 20,
	"minWarmup": 0.8,
	"shootWarmupSpeed": 0.055,
	"warmupMaintainTime": 120,
	"solid": false,
	"underBullets": true,
	"elevation": 0,
	"unitSort":"weakest",
	"drawer": {
		"type": "DrawTurret",
		"parts": [
			{
				"type": "RegionPart",
				"mirror": true,
				"x": 3,
				"y": 5,
				"suffix": "-1",
				"moveX": 3,
				"moveY": 5
			},
			{
				"type": "RegionPart",
				"mirror": true,
				"x": 5,
				"y": 3,
				"suffix": "-2",
				"moveX": 5,
				"moveY": 3
			},
			{
				"type": "RegionPart",
				"mirror": true,
				"x": 5,
				"y": -3,
				"suffix": "-3",
				"moveX": 5,
				"moveY": -3
			},
			{
				"type": "RegionPart",
				"mirror": true,
				"x": 3,
				"y": -5,
				"suffix": "-4",
				"moveX": 3,
				"moveY": -5
			},
		]
	},
	"shoot": {
		"shots": 8,
		"shotDelay": 6,
		"type": "ShootBarrel",
		"barrels": [
		7,7,-45,
		-7,-7,135,
		7,-7,-135,
		-7,7,45,
		-8,0,90,
		8,0,-90,
		0,8,0,
		0,-8,180
		]
	},
	"ammoUseEffect": {
		"type": "MultiEffect",
		"effects": [
			{
				"type": "ParticleEffect",
				"particles": 8,
				"sizeFrom": 4,
				"sizeTo": 1,
				"length": 45,
				"lifetime": 40,
				"lightOpacity": 0,
				"colorFrom": "FFFFFF",
				"colorTo": "78787870",
				"cone": 80
			},
			{
				"type": "WaveEffect",
				"lifetime": 10,
				"sizeFrom": 0,
				"sizeTo": 28,
				"strokeFrom": 2,
				"strokeTo": 0,
				"colorFrom": "EEC59180",
				"colorTo": "FFFFFF"
			}
		]
	},
	"canOverdrive": true,
	"consumes": {
		"power": 12
		"coolant": {
			"amount": 0.2,
			"optional": true
		}
	},
	"coolantMultiplier":5
	"shootSound": "JG1",
	"targetGround": true,
	"targetAir": true,
	"inaccuracy": 5,
	"shootCone": 360,
	"shake": 1,
	"rotateSpeed": 0,
	"ammoPerShot": 8,
	"ammoTypes": {
		"graphite": {
			"type": "MissileBulletType",
			"buildingDamageMultiplier": 0.5,
			"splashDamageRadius": 48,
			"splashDamage": 108,
			"knockback": 0.7,
			"speed": 5,
			"damage": 124,
			"lifetime": 240,
			"homingPower": 0.15,
			"sprite": "深渊纷争-光",
			"backColor": "B0C4DE",
			"frontColor": "E3E3E3",
			"trailLength": 15,
			"trailWidth": 1.5,
			"trailColor": "FFFFFF80",
			"trailEffect": "none",
			"homingDelay": 10,
			"homingRange": 800,
			"status": "freezing",
			"statusDuration": 300,
			"width": 40,
			"height": 40,
			"hitShake": 2,
			"ammoMultiplier": 1,
			"smokeEffect": "shootSmallFlame",
			"hitEffect": "flakExplosionBig"
		},
		"blast-compound": {
			"type": "MissileBulletType",
			"buildingDamageMultiplier": 0.5,
			"splashDamageRadius": 84,
			"splashDamage": 215,
			"knockback": 5,
			"speed": 5,
			"damage": 178,
			"status": "blasted",
			"statusDuration": 600,
			"homingDelay": 10,
			"homingPower": 0.15,
			"homingRange": 800,
			"width": 44,
			"height": 44,
			"lifetime": 280,
			"sprite": "深渊纷争-光",
			"backColor": "FF7055",
			"frontColor": "E3E3E3",
			"trailLength": 15,
			"trailWidth": 1.5,
			"trailColor": "FFFFFF80",
			"trailEffect": "none",
			"hitShake": 1,
			"ammoMultiplier": 1,
			"smokeEffect": "shootSmallFlame",
			"hitEffect": "flakExplosionBig"
		},
		"pyratite": {
			"type": "MissileBulletType",
			"buildingDamageMultiplier": 0.5,
			"splashDamageRadius": 64,
			"splashDamage": 341,
			"status": "burning",
			"statusDuration": 600,
			"speed": 5,
			"damage": 414,
			"makeFire": true,
			"sprite": "深渊纷争-光",
			"backColor": "FFB90F",
			"frontColor": "E3E3E3",
			"trailLength": 15,
			"trailWidth": 1.5,
			"trailColor": "FFFFFF80",
			"trailEffect": "none",
			"homingDelay": 10,
			"homingPower": 0.15,
			"homingRange": 800,
			"width": 40,
			"height": 40,
			"lifetime": 260,
			"hitShake": 1,
			"ammoMultiplier": 1,
			"hitEffect": "flakExplosionBig",
			"smokeEffect": "shootSmallFlame"
		},
		"surge-alloy": {
			"type": "MissileBulletType",
			"buildingDamageMultiplier": 0.5,
			"lightningDamage": 96,
			"lightning": 3,
			"lightningLength": 32,
			"speed": 8,
			"damage": 618,
			"homingDelay": 10,
			"homingPower": 0.15,
			"homingRange": 800,
			"lifetime": 210,
			"width": 48,
			"height": 48,
			"sprite": "深渊纷争-光",
			"backColor": "F2E770FF",
			"frontColor": "E3E3E3",
			"trailLength": 16,
			"trailWidth": 2.5,
			"trailColor": "FFFFFF80",
			"trailEffect": "none",
			"hitEffect": "flakExplosionBig",
			"shootEffect": "shootSmallFlame",
			"splashDamageRadius": 64,
			"splashDamage": 261
		},
		"铝": {
			"type": "MissileBulletType",
			"buildingDamageMultiplier": 0.5,
			"speed": 4,
			"damage": 841,
			"ammoMultiplier": 1,
			"status": "unmoving",
			"statusDuration": 60,
			"homingDelay": 10,
			"homingPower": 0.15,
			"homingRange": 800,
			"lifetime": 320,
			"width": 44,
			"height": 44,
			"sprite": "深渊纷争-光",
			"backColor": "7595D2FF",
			"frontColor": "E3E3E3",
			"trailLength": 20,
			"trailWidth": 1.5,
			"trailColor": "FFFFFF80",
			"trailEffect": "none",
			"hitEffect": "flakExplosionBig",
			"shootEffect": "shootSmallFlame",
			"splashDamageRadius": 92,
			"splashDamage": 507
		},
		"辐射布": {
			"type": "MissileBulletType",
			"buildingDamageMultiplier": 0.5,
			"speed": 16,
			"damage": 916,
			"ammoMultiplier": 1,
			"homingDelay": 4,
			"homingPower": 0.1,
			"homingRange": 800,
			"lifetime": 390,
			"width": 46,
			"height": 46,
			"hittable": false,
			"pierceArmor": true,
			"statusDuration": 104,
			"absorbable": false,
			"sprite": "深渊纷争-光",
			"backColor": "EEC591",
			"frontColor": "E3E3E3",
			"trailLength": 15,
			"trailWidth": 1.5,
			"trailColor": "FFFFFF80",
			"trailEffect": "none",
			"hitEffect": {
				"type": "MultiEffect",
				"effects": [
					{
						"type": "ParticleEffect",
						"particles": 5,
						"sizeFrom": 4,
						"sizeTo": 0,
						"length": 65,
						"baseLength": 18,
						"lifetime": 35,
						"colorFrom": "FEEBB3",
						"colorTo": "FFFFFF"
					},
					{
						"type": "WaveEffect",
						"lifetime": 40,
						"sizeFrom": 2,
						"sizeTo": 70,
						"strokeFrom": 4,
						"strokeTo": 0,
						"colorFrom": "FEEBB3",
						"colorTo": "FEEBB3"
					}
				]
			},
			"despawnEffect": "instBomb",
			"shootEffect": "shootSmallFlame",
			"hitSound": "laser",
			"splashDamageRadius": 88,
			"splashDamage": 815,
			"fragRandomSpread": 0,
			"fragBullets": 1,
			"fragBullet": {
				"hitEffect": {
					"type": "MultiEffect",
					"effects": [
						{
							"type": "ParticleEffect",
							"particles": 5,
							"sizeFrom": 4,
							"sizeTo": 0,
							"length": 75,
							"baseLength": 18,
							"lifetime": 45,
							"colorFrom": "FEEBB3",
							"colorTo": "FFFFFF",
							"cone": 40
						},
						{
							"type": "WaveEffect",
							"lifetime": 30,
							"sizeFrom": 2,
							"sizeTo": 50,
							"strokeFrom": 5,
							"strokeTo": 0,
							"colorFrom": "FEEBB3",
							"colorTo": "FEEBB3"
						}
					]
				},
				"despawnEffect": "instBomb",
				"hitSound": "laser",
				"buildingDamageMultiplier": 0.5,
				"width": 20,
				"height": 20,
				"damage": 115,
				"collides": true,
				"splashDamageRadius": 48,
				"splashDamage": 62,
				"lifetime": 40,
				"speed": 4.8,
				"fragRandomSpread": 0,
				"fragBullets": 1,
				"fragBullet": {
					"hitEffect": {
						"type": "MultiEffect",
						"effects": [
							{
								"type": "ParticleEffect",
								"particles": 5,
								"sizeFrom": 4,
								"sizeTo": 0,
								"length": 45,
								"baseLength": 9,
								"lifetime": 25,
								"colorFrom": "FEEBB3",
								"colorTo": "FFFFFF",
								"cone": 40
							},
							{
								"type": "WaveEffect",
								"lifetime": 15,
								"sizeFrom": 2,
								"sizeTo": 40,
								"strokeFrom": 3,
								"strokeTo": 0,
								"colorFrom": "FEEBB3",
								"colorTo": "FEEBB3"
							}
						]
					},
					"buildingDamageMultiplier": 0.3,
					"despawnEffect": "instBomb",
					"hitSound": "laser",
					"width": 25,
					"height": 25,
					"damage": 75,
					"collides": true,
					"splashDamageRadius": 48,
					"splashDamage": 45,
					"lifetime": 10,
					"speed": 4.8
				}
			}
		},
		"离子晶体": {
			"type": "MissileBulletType",
			"buildingDamageMultiplier": 0.1,
			"splashDamageRadius": 240,
			"splashDamage": 1003,
			"incendAmount": 9,
			"incendSpread": 10,
			"incendChance": 10,
			"speed": 5,
			"damage": 1221,
			"fragBullets": 60,
			"fragBullet": {
				"type": "LiquidBulletType",
				"buildingDamageMultiplier": 0.1,
				"liquid": "oil",
				"lifetime": 42,
				"knockback": 1.8,
				"speed": 0.5,
				"damage": 18
			},
			"sprite": "深渊纷争-光",
			"backColor": "E3E3E3",
			"frontColor": "E3E3E3",
			"trailLength": 14,
			"trailWidth": 1.5,
			"trailColor": "FFFFFF80",
			"trailEffect": "none",
			"homingDelay": 10,
			"homingPower": 0.15,
			"homingRange": 800,
			"width": 40,
			"height": 40,
			"lifetime": 360,
			"hitShake": 1,
			"ammoMultiplier": 1,
			"hitEffect": "flakExplosionBig",
			"smokeEffect": "shootSmallFlame"
		}
	},
	"requirements": [
		"lead/190",
		"graphite/70",
		"硅胶/90",
		"plastanium/50"
		"离子晶体/10"
		"辐射布/0"
	],
	"researchCostMultiplier": 0.45,
	"category": "turret",
	"research": "swarmer"
}