{
    "type": "ItemTurret",
    "name": "巨灵",
    "description": "向敌人发射大型穿甲弹",
    "health": 2080,
    "size": 5,
    "reload": 7,
    "range": 500,
    "maxAmmo": 100,
    "shootCone": 10,
    "shoot": {
        "type": "ShootAlternate",
        "barrels": 2,
        "spread": 23
    },
    "coolantMultiplier": 0.5,
    "consumes": {
        "coolant": {
            "amount": 0.5,
            "optional": true
        }
    },
    "XRand": 6,
    "restitution": 0.08,
    "recoil": 1.5,
    "shake": 2,
    "liquidCapacity": 60,
    "shootSound": "largeCannon",
    "ammoUseEffect": "casing4",
    "canOverdrive": false,
    "targetGround": true,
    "targetAir": true,
    "inaccuracy": 2,
    "rotateSpeed": 0.8,
    "research": "spectre",
    "category": "turret",
    "ammoTypes": {
        "thorium": {
            "knockback": 0.2,
            "pierceCap": 2,
            "speed": 7.5,
            "damage": 125,
            "lifetime": 70,
            "width": 15,
            "height": 25,
            "ammoMultiplier": 8,
            "shootEffect": "shootBig",
            "despawnEffect": {
                "type": "ParticleEffect",
                "particles": 22,
                "line": true,
                "strokeFrom": 3,
                "strokeTo": 0,
                "lenFrom": 8,
                "lenTo": 0,
                "length": 50,
                "baseLength": 50,
                "lifetime": 20,
                "colorFrom": "7B7B7BFF",
                "colorTo": "7B7B7BFF",
                "cone": 30
            }
        },
        "graphite": {
            "knockback": 0.3,
            "speed": 7.5,
            "reloadMultiplier": 1.7,
            "damage": 65,
            "lifetime": 70,
            "width": 15,
            "height": 25,
            "ammoMultiplier": 5,
            "shootEffect": "shootBig",
            "despawnEffect": {
                "type": "ParticleEffect",
                "particles": 22,
                "line": true,
                "strokeFrom": 3,
                "strokeTo": 0,
                "lenFrom": 8,
                "lenTo": 0,
                "length": 50,
                "baseLength": 50,
                "lifetime": 20,
                "colorFrom": "B0C4DE",
                "colorTo": "B0C4DE80",
                "cone": 30
            }
        },
        "pyratite": {
            "splashDamageRadius": 32,
            "splashDamage": 65,
            "knockback": 0.3,
            "backColor": "FFAA5FFF",
            "frontColor": "FFAA5FFF",
            "speed": 7.5,
            "status": "burning",
            "statusDuration": 480,
            "damage": 80,
            "lifetime": 70,
            "width": 15,
            "height": 25,
            "ammoMultiplier": 4,
            "shootEffect": "shootBig",
            "despawnEffect": {
                "type": "ParticleEffect",
                "particles": 22,
                "line": true,
                "strokeFrom": 3,
                "strokeTo": 0,
                "lenFrom": 8,
                "lenTo": 0,
                "length": 50,
                "baseLength": 50,
                "lifetime": 20,
                "colorFrom": "FFAA5FFF",
                "colorTo": "FFAA5F80",
                "cone": 30
            }
        }
    },
    "requirements": [
        {
            "item": "copper",
            "amount": 650
        },
        {
            "item": "lead",
            "amount": 650
        },
        {
            "item": "硅胶",
            "amount": 460
        },
        {
            "item": "surge-alloy",
            "amount": 430
        },
        {
            "item": "thorium",
            "amount": 400
        },
        {
            "item": "plastanium",
            "amount": 230
        }
    ],
    "recoils": 2,
    "drawer": {
        "type": "DrawTurret",
        "parts": [
            {
                "type": "RegionPart",
                "mirror": false,
                "recoilIndex": 0,
                "x": -3,
                "y": -1,
                "suffix": "-1",
                "layer": 49.99,
                "moveX": 0,
                "moveY": 0,
                "under": true,
                "progress": "recoil",
                "moves": [
                    {
                        "progress": "recoil",
                        "y": -5
                    }
                ]
            },
            {
                "type": "RegionPart",
                "mirror": false,
                "recoilIndex": 1,
                "x": 3,
                "y": -1,
                "suffix": "-2",
                "layer": 49.99,
                "moveX": 0,
                "moveY": 0,
                "under": true,
                "progress": "recoil",
                "moves": [
                    {
                        "progress": "recoil",
                        "y": -5
                    }
                ]
            }
        ]
    }
      "category":"turret",//游戏界面分类
  "research":"spectre",//科技树前一项
  "rebuildable":true,//是否能重建
}