{
	"name": "雷光·III",
	"description": "向附近的敌人发射七发近距离穿透性爆炸子弹，射速更快，射程更远，发射时会喷溅出部分弹药碎片，提高伤害的同时大大增加了耗弹(悲)。",
	"details": "砰！砰！啪！",
	"health": 7920,
	"size": 3,
	"reload": 30,
	"range": 128,
	"maxAmmo": 35,
	"recoilTime": 10,
	"recoil": 1,
	"shoot": {
		"type": "ShootSpread",
		"shots": 7,
		"spread": 11
	},
	"shake": 2,
	"liquidCapacity": 30,
	"inaccuracy": 0,
	"rotateSpeed": 8,
    	"shootSound": "shotgun",
	"consumes": {
		"coolant": {
			"amount": 0.4,
			"optional": true
		}
	},
	"ammoTypes": {
		"titanium": {
			"type": "ShrapnelBulletType",
			"length": 130,
			"width": 18,
			"lifeTime":10,
			"damage": 93,
			"ammoMultiplier": 4,
			"reloadMultiplier": 1.4,
              		"bulletInterval": 15,
              		"intervalBullets": 2,
              		"intervalRandomSpread": 10,
              		"intervalBullet": {
				"lifetime":0,
				"damage":0,
				"fragBullets": 1,
                		"fragVelocityMax": 1.3,
                		"fragVelocityMin": 0.7,
                		"fragAngle": 0,
                		"fragRandomSpread": 60,
                		"fragBullet": {
               				"speed": 12,
					"damage": 22,
					"pierce": true,
					"pierceCap":2,
			 		"knockback": 2,
			 		"lifetime": 12,
					"width": 10,
					"height": 10,
					"color":"ffffff"
				}
              		}
		},
		"thorium": {
			"type": "ShrapnelBulletType",
			"length": 130,
			"width": 20,
			"lifeTime":15,
			"rangeChange": 0,
			"damage": 162,
			"pierceArmor": true,
			"ammoMultiplier": 5,
			"toColor": "f9a3c7",
			"shootEffect": "thoriumShoot",
			"smokeEffect": "thoriumShoot",
              		"bulletInterval": 20,
              		"intervalBullets": 3,
              		"intervalRandomSpread": 10,
              		"intervalBullet": {
				"lifetime":0,
				"damage":0,
				"fragBullets": 1,
                		"fragVelocityMax": 1.3,
                		"fragVelocityMin": 0.7,
                		"fragAngle": 0,
                		"fragRandomSpread": 60,
                		"fragBullet": {
               				"speed": 12,
					"damage": 29,
					"pierce": true,
					"pierceCap":3,
			 		"knockback": 3,
			 		"lifetime": 12,
					"width": 10,
					"height": 10,
					"color":"f9a3c7"
				}
              		}
		},
	},
	"requirements": [
		{
			"item": "copper",
			"amount": 900
		},{
			"item": "graphite",
			"amount": 900
		},{
			"item": "thorium",
			"amount": 400
		}
	],
	"category": "turret",
	"research": "fuse1"
}