{
	"type": "NuclearReactor",
	"name": "核子发电机",
	"description": "将核子可乐作为聚变材料，产生大量电力，缺少冷却供应时会产生爆炸.",
    "health": 1000,
	"itemCapacity": 30,
    "liquidCapacity": 30,
	"size": 3,
	"squareSprite": false
	"powerProduction": 30,
	"explosionRadius": 80,
    "explosionDamage": 4000,
	"itemDuration": 300,
	"coolantPower": 1.0,
    "hasItems": true,
    "hasPower": true,
    "hasLiquids": true,
    "heating": 0.01,
	"craftTime": 120,
	"fuelItem": "核子可乐"
	"consumes": {
	    "items": {
		    "items": [
		    	{ "item": "核子可乐", "amount": 1 }
			]},
		"liquid": { "liquid": "可乐",  "amount": 0.05 }
	},
	"requirements": [
	    { "item": "metaglass", "amount": 150 },
 	    { "item": "graphite","amount": 300 },
     	{ "item": "silicon", "amount": 400 },
    	{ "item": "thorium", "amount": 250 }
	    { "item": "晶状合金", "amount": 60 },
	],
	"category": "power",
	"research": "thorium-reactor"
	"shownPlanets": [serpulo, 目标行星]
}
