{
    "localizedName": "菲普利亚",
    "mesh": [
        {
            "type": "NoiseMesh",
            "divisions": 6,
            "radius": 0.94,
            "color1": "E3BER9FF",
            "color2": "E8FFFAFF",
            "octaves": 4.6,
            "persistence": 0.9,
            "scale": 1.2,
            "mag": 1,
            "coct": 1,
            "cper": 1,
            "cscl": 0.9,
            "cthresh": 1
        },
        {
            "type": "NoiseMesh",
            "divisions": 5,
            "radius": 0.93,
            "color1": "8ED4FCFF",
            "color2": "41B6F5FF",
            "octaves": 1,
            "persistence": 0.0001,
            "scale": 0.0001,
            "mag": 1,
            "coct": 1,
            "cper": 1,
            "cscl": 1,
            "cthresh": 1
        },
        {
            "type": "NoiseMesh",
            "divisions": 6,
            "radius": 0.895,
            "color1": "645E5CFF",
            "color2": "C5B497FF",
            "octaves": 4.6,
            "persistence": 0.9,
            "scale": 1.1,
            "mag": 1.4,
            "coct": 4,
            "cper": 1,
            "cscl": 1.4,
            "cthresh": 1
        },
        {
            "type": "NoiseMesh",
            "divisions": 6,
            "radius": 0.74,
            "color1": "E15752FF",
            "color2": "C61717FF",
            "octaves": 4.6,
            "persistence": 0.9,
            "scale": 0.7,
            "mag": 3.3,
            "coct": 4,
            "cper": 1,
            "cscl": 1.8,
            "cthresh": 1
        }
    ],
    "cloudMesh": [
        {
            "type": "HexSkyMesh",
            "seed": 32767,
            "speed": 0.4,
            "radius": 0.2,
            "divisions": 5,
            "color": "FFFFFF99",
            "octaves": 2,
            "persistence": 1,
            "scl": 2,
            "thresh": 0.45
        },
        {
            "type": "HexSkyMesh",
            "seed": 32767,
            "speed": 0.8,
            "radius": 0.3,
            "divisions": 4,
            "color": "FFFFFF99",
            "octaves": 2,
            "persistence": 1,
            "scl": 2,
            "thresh": 0.45
        }
    ],
    "generator": {
        "min": 0,
        "max": 0,
        "octaves": 2,
        "persistence": 0.4,
        "scale": 30,
        "mag": 0.4,
        "thresh": 1,
        "foct": 3,
        "fmag": 0.5,
        "fscl": 50,
        "fper": 0.6,
        "radMin": 0,
        "radMax": 0,
        "stoneChance": 0,
        "iceChance": 1,
        "carbonChance": 0,
        "berylChance": 0,
        "ferricChance": 0
    },
    "orbitSpacing": 8,
    "sectorSize": 3,
    "radius": 1.1,
    "minZoom": 0.99,
    "drawOrbit": true,
    "atmosphereRadIn": 0,
    "atmosphereRadOut": 0.1,
    "accessible": true,
    "tidalLock": false,
    "allowLaunchSchematics": false,
    "alwaysUnlocked": true,
    "allowSectorInvasion": false,
    "updateLighting": true,
    "sectorSeed": 1,
    "bloom": true,
    "visible": true,
    "hasAtmosphere": true,
    "atmosphereColor": "B7F1FFFF",
    "icon": "planet",
    "iconColor": "B7F1FFFF",
    "startSector": 351,
    "allowWaveSimulation": true,
    "allowLaunchLoadout": false,
    "launchCapacityMultiplier": 0.5,
    "clearSectorOnLose": true,
    "allowWaves": true,
    "allowLaunchToNumbered": false,
    "defaultCore": "bhaa前哨核心",
    "parent": "sun",
    "solarSystem": "sun",
    "launchCandidates": [],
    "hiddenItems": [
        "copper",
        "lead",
        "metaglass",
        "titanium",
        "thorium",
        "plastanium",
        "surge-alloy",
        "spore-pod",
        "blast-compound",
        "pyratite",
        "beryllium",
        "tungsten",
        "oxide",
        "carbide"
    ]
}