{
	"type": "PowerTurret",
	"size": 12,
	"name":"午夜的二十四时终末",
	"description":"时间所铭刻的，可不只有人们的欢笑",
	"health": 2400000,
	"reload": 3600,
	"range": 1280,
	"inaccuracy": 0,
	"shootCone": 360,
	"shake": 10000,
	"shoot": {
        "type": "ShootSpread",
        "barrels": 1,
        "spread": 1,
        "Cone":360,
        	"shots" :360
    },
    "drawer": {
        "type": "DrawTurret",
        "parts": [
        	{
                "type": "ShapePart",
                "progress": "reload",
                "color": "111111FF",
                "stroke": 8,
                "strokeTo": 8,
                "circle": true,
                "hollow": true,
                "radius": 200,
                "radiusTo": 0,
                "layer": 90
            },
            {
                "type": "ShapePart",
                "progress": "reload",
                "color": "111111FF",
                "stroke": 8,
                "strokeTo": 8,
                "circle": true,
                "hollow": true,
                "radius": 260,
                "radiusTo": 0,
                "layer": 90
            },
            {
                "type": "ShapePart",
                "x": 230,
			          "y": 0,
                "progress": "reload",
                "color": "ffffffFF",
                "stroke": 8,
                "strokeTo": 8,
                "circle": false,
                "sides":3,
                "hollow": false,
                "radius": 20,
                "radiusTo": 0,
                "layer": 90,
                "Rotation":180
                
            },
            {
                "type": "ShapePart",
                "x": -230,
			          "y": 0,
                "progress": "reload",
                "color": "ffffffFF",
                "stroke": 8,
                "strokeTo": 8,
                "circle": false,
                "sides":3,
                "hollow": false,
                "radius": 20,
                "radiusTo": 0,
                "layer": 90
            },
            {
                "type": "HaloPart",
                "progress": {
                    "type": "reload",
                    "op": "delay",
                    "amount": 0
                },
                "rotateSpeed": 0,
                "sides": 3,
                "shapes": 1,
                "color": "ffffffFF",
                "tri": true,
                "hollow": true,
                "stroke": 0,
                "strokeTo": 0,
                "radius": 18,
                "radiusTo": 18,
                "triLength": 230,
                "triLengthTo": 0,
                "haloRadius": 0,
                "haloRotation": 0,
                "haloRotateSpeed": 0.1,
                "layer": 110
            },
            {
                "type": "HaloPart",
                "progress": {
                    "type": "reload",
                    "op": "delay",
                    "amount": 0
                },
                "rotateSpeed": 0,
                "sides": 3,
                "shapes": 1,
                "color": "ffffffFF",
                "tri": true,
                "hollow": true,
                "shapeRotation": 180,
                "stroke": 0,
                "strokeTo": 0,
                "radius": 18,
                "radiusTo": 18,
                "triLength": 60,
                "triLengthTo": 0,
                "haloRadius": 0,
                "haloRotation": 0,
                "haloRotateSpeed": 0.1,
                "layer": 110
            },
            {
                "type": "HaloPart",
                "progress": {
                    "type": "reload",
                    "op": "delay",
                    "amount": 0
                },
                "rotateSpeed": 0,
                "sides": 3,
                "shapes": 1,
                "color": "ffffffFF",
                "tri": true,
                "hollow": true,
                "stroke": 0,
                "strokeTo": 0,
                "radius": 30,
                "radiusTo": 30,
                "triLength": 200,
                "triLengthTo": 0,
                "haloRadius": 0,
                "haloRotation": 0,
                "haloRotateSpeed": 0.01,
                "layer": 110
            },
            {
                "type": "HaloPart",
                "progress": {
                    "type": "reload",
                    "op": "delay",
                    "amount": 0
                },
                "rotateSpeed": 0,
                "sides": 3,
                "shapes": 1,
                "color": "ffffffFF",
                "tri": true,
                "hollow": true,
                "shapeRotation": 180,
                "stroke": 0,
                "strokeTo": 0,
                "radius": 30,
                "radiusTo": 30,
                "triLength": 60,
                "triLengthTo": 0,
                "haloRadius": 0,
                "haloRotation": 0,
                "haloRotateSpeed": 0.01,
                "layer": 110
            },
            {
                "type": "HaloPart",
                "progress": {
                    "type": "reload",
                    "op": "delay",
                    "amount": 0
                },
                "rotateSpeed": 0,
                "sides": 3,
                "shapes": 1,
                "color": "ffffffFF",
                "tri": true,
                "hollow": true,
                "stroke": 0,
                "strokeTo": 0,
                "radius": 12,
                "radiusTo": 12,
                "triLength": 260,
                "triLengthTo": 0,
                "haloRadius": 0,
                "haloRotation": 0,
                "haloRotateSpeed": 4,
                "layer": 110
            },
            {
                "type": "HaloPart",
                "progress": {
                    "type": "reload",
                    "op": "delay",
                    "amount": 0
                },
                "rotateSpeed": 0,
                "sides": 3,
                "shapes": 1,
                "color": "ffffffFF",
                "tri": true,
                "hollow": true,
                "shapeRotation": 180,
                "stroke": 0,
                "strokeTo": 0,
                "radius": 12,
                "radiusTo": 12,
                "triLength": 60,
                "triLengthTo": 0,
                "haloRadius": 0,
                "haloRotation": 0,
                "haloRotateSpeed": 4,
                "layer": 110
            },
            {
			"type": "HaloPart",
			"progress": {
                    "type": "reload",
                    "op": "delay",
                    "amount": 0
                },
			"hollow": true,
			"mirror": false,
			"tri": true,
			"shapeRotation": 0,
			"moveX": 0,
			"moveY": 0,
			"shapeMoveRot": 0,
			"shapes": 24,
			"sides": 4,
			"stroke": 230,
			"strokeTo": 230,
			"radius": 18,
			"radiusTo": -1,
			"triLength": 12,
			"triLengthTo": 12,
			"haloRadius": 12,
			"haloRadiusTo": 0,
			"haloRotateSpeed": 10,
			"haloRotation": 0,
			"rotateSpeed": 0,
			"color": "ffffff55",
			"colorTo": "ffffff55",
			"layer": 95
		},
		{
			"type": "HaloPart",
			"progress": {
                    "type": "reload",
                    "op": "delay",
                    "amount": 0
                },
                "x": 48,
			          "y": 48,
			"hollow": true,
			"mirror": false,
			"tri": true,
			"shapeRotation": 0,
			"moveX": 0,
			"moveY": 0,
			"shapeMoveRot": 0,
			"shapes": 120,
			"sides": 4,
			"stroke": 230,
			"strokeTo": 230,
			"radius": 18,
			"radiusTo": -1,
			"triLength": 50,
			"triLengthTo": 50,
			"haloRadius": 240,
			"haloRadiusTo": 0,
			"haloRotateSpeed": 10,
			"haloRotation": 0,
			"rotateSpeed": 0,
			"color": "00000055",
			"colorTo": "00000055",
			"layer": 95
		},
		{
			"type": "HaloPart",
			"progress": {
                    "type": "reload",
                    "op": "delay",
                    "amount": 0
                },
                "x": -48,
			          "y": 0,
			"hollow": true,
			"mirror": false,
			"tri": true,
			"shapeRotation": 0,
			"moveX": 0,
			"moveY": 0,
			"shapeMoveRot": 0,
			"shapes": 24,
			"sides": 4,
			"stroke": 230,
			"strokeTo": 230,
			"radius": 18,
			"radiusTo": -1,
			"triLength": 12,
			"triLengthTo": 12,
			"haloRadius": 12,
			"haloRadiusTo": 0,
			"haloRotateSpeed": 10,
			"haloRotation": 0,
			"rotateSpeed": 0,
			"color": "00000055",
			"colorTo": "00000055",
			"layer": 95
		},
		{
			"type": "HaloPart",
			"progress": {
                    "type": "reload",
                    "op": "delay",
                    "amount": 0
                },
                "x": -48,
			          "y": 67,
			"hollow": true,
			"mirror": false,
			"tri": true,
			"shapeRotation": 0,
			"moveX": 0,
			"moveY": 0,
			"shapeMoveRot": 0,
			"shapes": 90,
			"sides": 4,
			"stroke": 230,
			"strokeTo": 230,
			"radius": 18,
			"radiusTo": -1,
			"triLength": 20,
			"triLengthTo": 20,
			"haloRadius": 90,
			"haloRadiusTo": 0,
			"haloRotateSpeed": 10,
			"haloRotation": 0,
			"rotateSpeed": 0,
			"color": "00000055",
			"colorTo": "00000055",
			"layer": 95
		},
		{
			"type": "HaloPart",
			"progress": {
                    "type": "reload",
                    "op": "delay",
                    "amount": 0
                },
                "x": -96,
			          "y": 120,
			"hollow": true,
			"mirror": false,
			"tri": true,
			"shapeRotation": 0,
			"moveX": 0,
			"moveY": 0,
			"shapeMoveRot": 0,
			"shapes": 80,
			"sides": 4,
			"stroke": 230,
			"strokeTo": 230,
			"radius": 18,
			"radiusTo": -1,
			"triLength": 40,
			"triLengthTo": 40,
			"haloRadius": 80,
			"haloRadiusTo": 0,
			"haloRotateSpeed": 10,
			"haloRotation": 0,
			"rotateSpeed": 0,
			"color": "00000055",
			"colorTo": "00000055",
			"layer": 95
		},
		{
			"type": "HaloPart",
			"progress": {
                    "type": "reload",
                    "op": "delay",
                    "amount": 0
                },
                "x": 96,
			          "y": -134,
			"hollow": true,
			"mirror": false,
			"tri": true,
			"shapeRotation": 0,
			"moveX": 0,
			"moveY": 0,
			"shapeMoveRot": 0,
			"shapes": 196,
			"sides": 4,
			"stroke": 230,
			"strokeTo": 230,
			"radius": 18,
			"radiusTo": -1,
			"triLength": 24,
			"triLengthTo": 24,
			"haloRadius": 120,
			"haloRadiusTo": 0,
			"haloRotateSpeed": 10,
			"haloRotation": 0,
			"rotateSpeed": 0,
			"color": "00000055",
			"colorTo": "00000055",
			"layer": 95
		},
		{
			"type": "HaloPart",
			"progress": {
                    "type": "reload",
                    "op": "delay",
                    "amount": 0
                },
                "x": -72,
			          "y": -65,
			"hollow": true,
			"mirror": false,
			"tri": true,
			"shapeRotation": 0,
			"moveX": 0,
			"moveY": 0,
			"shapeMoveRot": 0,
			"shapes": 60,
			"sides": 4,
			"stroke": 230,
			"strokeTo": 230,
			"radius": 18,
			"radiusTo": -1,
			"triLength": 12,
			"triLengthTo": 12,
			"haloRadius": 60,
			"haloRadiusTo": 0,
			"haloRotateSpeed": 10,
			"haloRotation": 0,
			"rotateSpeed": 0,
			"color": "00000055",
			"colorTo": "00000055",
			"layer": 95
		},
		{
			"type": "HaloPart",
			"progress": {
                    "type": "reload",
                    "op": "delay",
                    "amount": 0
                },
                "x": 96,
			          "y": 96,
			"hollow": true,
			"mirror": false,
			"tri": true,
			"shapeRotation": 0,
			"moveX": 0,
			"moveY": 0,
			"shapeMoveRot": 0,
			"shapes": 30,
			"sides": 4,
			"stroke": 230,
			"strokeTo": 230,
			"radius": 18,
			"radiusTo": -1,
			"triLength": 12,
			"triLengthTo": 12,
			"haloRadius": 45,
			"haloRadiusTo": 0,
			"haloRotateSpeed": 10,
			"haloRotation": 0,
			"rotateSpeed": 0,
			"color": "00000055",
			"colorTo": "00000055",
			"layer": 95
		},
		{
			"type": "HaloPart",
			"progress": {
                    "type": "reload",
                    "op": "delay",
                    "amount": 0
                },
                "x": -112,
			          "y": -115,
			"hollow": true,
			"mirror": false,
			"tri": true,
			"shapeRotation": 0,
			"moveX": 0,
			"moveY": 0,
			"shapeMoveRot": 0,
			"shapes": 80,
			"sides": 4,
			"stroke": 230,
			"strokeTo": 230,
			"radius": 18,
			"radiusTo": -1,
			"triLength": 40,
			"triLengthTo": 40,
			"haloRadius": 100,
			"haloRadiusTo": 0,
			"haloRotateSpeed": 10,
			"haloRotation": 0,
			"rotateSpeed": 0,
			"color": "00000055",
			"colorTo": "00000055",
			"layer": 95
		},
		{
			"type": "HaloPart",
			"progress": {
                    "type": "reload",
                    "op": "delay",
                    "amount": 0
                },
                "x": -182,
			          "y": 115,
			"hollow": true,
			"mirror": false,
			"tri": true,
			"shapeRotation": 0,
			"moveX": 0,
			"moveY": 0,
			"shapeMoveRot": 0,
			"shapes": 80,
			"sides": 4,
			"stroke": 230,
			"strokeTo": 230,
			"radius": 18,
			"radiusTo": -1,
			"triLength": 40,
			"triLengthTo": 40,
			"haloRadius": 120,
			"haloRadiusTo": 0,
			"haloRotateSpeed": 10,
			"haloRotation": 0,
			"rotateSpeed": 0,
			"color": "00000055",
			"colorTo": "00000055",
			"layer": 95
		},
		{
			"type": "HaloPart",
			"progress": {
                    "type": "reload",
                    "op": "delay",
                    "amount": 0
                },
                "x": -32,
			          "y": -15,
			"hollow": true,
			"mirror": false,
			"tri": true,
			"shapeRotation": 0,
			"moveX": 0,
			"moveY": 0,
			"shapeMoveRot": 0,
			"shapes": 80,
			"sides": 4,
			"stroke": 230,
			"strokeTo": 230,
			"radius": 18,
			"radiusTo": -1,
			"triLength": 40,
			"triLengthTo": 40,
			"haloRadius": 80,
			"haloRadiusTo": 0,
			"haloRotateSpeed": 10,
			"haloRotation": 0,
			"rotateSpeed": 0,
			"color": "00000055",
			"colorTo": "00000055",
			"layer": 95
		},
		{
			"type": "HaloPart",
			"progress": {
                    "type": "reload",
                    "op": "delay",
                    "amount": 0
                },
                "x": 0,
			          "y": 0,
			"hollow": true,
			"mirror": false,
			"tri": true,
			"shapeRotation": 90,
			"moveX": 0,
			"moveY": 0,
			"shapeMoveRot": 0,
			"shapes": 2,
			"sides": 4,
			"stroke": 230,
			"strokeTo": 230,
			"radius": 20,
			"radiusTo": -1,
			"triLength": 20,
			"triLengthTo": 20,
			"haloRadius": 170,
			"haloRadiusTo": 0,
			"haloRotateSpeed": -1,
			"haloRotation": 0,
			"rotateSpeed": 0,
			"color": "aaaaaaff",
			"colorTo": "aaaaaaff",
			"layer": 101
		},
		{
			"type": "HaloPart",
			"progress": {
                    "type": "reload",
                    "op": "delay",
                    "amount": 0
                },
                "x": 0,
			          "y": 0,
			"hollow": true,
			"mirror": false,
			"tri": true,
			"shapeRotation": 0,
			"moveX": 0,
			"moveY": 0,
			"shapeMoveRot": 0,
			"shapes": 2,
			"sides": 4,
			"stroke": 230,
			"strokeTo": 230,
			"radius": 20,
			"radiusTo": -1,
			"triLength": 20,
			"triLengthTo": 20,
			"haloRadius": 170,
			"haloRadiusTo": 0,
			"haloRotateSpeed": -1,
			"haloRotation": 0,
			"rotateSpeed": 0,
			"color": "aaaaaaff",
			"colorTo": "aaaaaaff",
			"layer": 101
		},
		{
			"type": "HaloPart",
			"progress": {
                    "type": "reload",
                    "op": "delay",
                    "amount": 0
                },
                "x": 0,
			          "y": 0,
			"hollow": true,
			"mirror": false,
			"tri": true,
			"shapeRotation": 180,
			"moveX": 0,
			"moveY": 0,
			"shapeMoveRot": 0,
			"shapes": 2,
			"sides": 4,
			"stroke": 230,
			"strokeTo": 230,
			"radius": 20,
			"radiusTo": -1,
			"triLength": 20,
			"triLengthTo": 20,
			"haloRadius": 170,
			"haloRadiusTo": 0,
			"haloRotateSpeed": -1,
			"haloRotation": 0,
			"rotateSpeed": 0,
			"color": "aaaaaaff",
			"colorTo": "aaaaaaff",
			"layer": 95
		},
		{
			"type": "HaloPart",
			"progress": {
                    "type": "reload",
                    "op": "delay",
                    "amount": 0
                },
                "x": 0,
			          "y": 0,
			"hollow": true,
			"mirror": false,
			"tri": true,
			"shapeRotation": 270,
			"moveX": 0,
			"moveY": 0,
			"shapeMoveRot": 0,
			"shapes": 2,
			"sides": 4,
			"stroke": 230,
			"strokeTo": 230,
			"radius": 20,
			"radiusTo": -1,
			"triLength": 20,
			"triLengthTo": 20,
			"haloRadius": 170,
			"haloRadiusTo": 0,
			"haloRotateSpeed": -1,
			"haloRotation": 0,
			"rotateSpeed": 0,
			"color": "aaaaaaff",
			"colorTo": "aaaaaaff",
			"layer": 95
		},
		{
			"type": "HaloPart",
			"progress": {
                    "type": "reload",
                    "op": "delay",
                    "amount": 0
                },
                "x": 0,
			          "y": 0,
			"hollow": true,
			"mirror": false,
			"tri": true,
			"shapeRotation": 0,
			"moveX": 0,
			"moveY": 0,
			"shapeMoveRot": 0,
			"shapes": 2,
			"sides": 4,
			"stroke": 230,
			"strokeTo": 230,
			"radius": 20,
			"radiusTo": 1,
			"triLength": 20,
			"triLengthTo": 20,
			"haloRadius": 120,
			"haloRadiusTo": 0,
			"haloRotateSpeed": 2,
			"haloRotation": 0,
			"rotateSpeed": 0,
			"color": "aaaaaaff",
			"colorTo": "aaaaaaff",
			"layer": 95
		},
		{
			"type": "HaloPart",
			"progress": {
                    "type": "reload",
                    "op": "delay",
                    "amount": 0
                },
                "x": 0,
			          "y": 0,
			"hollow": true,
			"mirror": false,
			"tri": true,
			"shapeRotation": 90,
			"moveX": 0,
			"moveY": 0,
			"shapeMoveRot": 0,
			"shapes": 2,
			"sides": 4,
			"stroke": 230,
			"strokeTo": 230,
			"radius": 20,
			"radiusTo": 1,
			"triLength": 20,
			"triLengthTo": 20,
			"haloRadius": 120,
			"haloRadiusTo": 0,
			"haloRotateSpeed": 2,
			"haloRotation": 0,
			"rotateSpeed": 0,
			"color": "aaaaaaff",
			"colorTo": "aaaaaaff",
			"layer": 95
		},
		{
			"type": "HaloPart",
			"progress": {
                    "type": "reload",
                    "op": "delay",
                    "amount": 0
                },
                "x": 0,
			          "y": 0,
			"hollow": true,
			"mirror": false,
			"tri": true,
			"shapeRotation": 180,
			"moveX": 0,
			"moveY": 0,
			"shapeMoveRot": 0,
			"shapes": 2,
			"sides": 4,
			"stroke": 230,
			"strokeTo": 230,
			"radius": 20,
			"radiusTo": 1,
			"triLength": 20,
			"triLengthTo": 20,
			"haloRadius": 120,
			"haloRadiusTo": 0,
			"haloRotateSpeed": 2,
			"haloRotation": 0,
			"rotateSpeed": 0,
			"color": "aaaaaaff",
			"colorTo": "aaaaaaff",
			"layer": 95
		},
		{
			"type": "HaloPart",
			"progress": {
                    "type": "reload",
                    "op": "delay",
                    "amount": 0
                },
                "x": 0,
			          "y": 0,
			"hollow": true,
			"mirror": false,
			"tri": true,
			"shapeRotation": 270,
			"moveX": 0,
			"moveY": 0,
			"shapeMoveRot": 0,
			"shapes": 2,
			"sides": 4,
			"stroke": 230,
			"strokeTo": 230,
			"radius": 20,
			"radiusTo": 1,
			"triLength": 20,
			"triLengthTo": 20,
			"haloRadius": 120,
			"haloRadiusTo": 0,
			"haloRotateSpeed": 2,
			"haloRotation": 0,
			"rotateSpeed": 0,
			"color": "aaaaaaff",
			"colorTo": "aaaaaaff",
			"layer": 95
		}
        ]
        },
	"targetAir" : true, 
	"targetGround" : true,
	"recoilAmount" : 1.5,
	"restitution" : 0.04, 
	"rotateSpeed": 0,
	"shootSound" : "lasershoot",
    "consumes": {
        "power": 2000,
        "coolant": {
            "amount": 200,
            "optional": true
        }
    },
	"hasPower" : true,
	"shootEffect": {
        "type": "MultiEffect",
        "effects": [
				{
                    "type": "ParticleEffect",
                    "particles": 4,
                    "line": false,
                    "sizeFrom": 0,
                    "sizeTo": 2000,
                    "baseLength": 0,
                    "length": 400,
                    "lifetime": 1200,
                    "colorFrom": "000000FF",
                    "colorTo": "000000FF",
                    "cone": 360,
                    "layer": 112
                },
				{     
        "type": "WaveEffect",
        "lifetime": 1200,
        "sizeFrom": 0,
        "sizeTo": 1000,
        "strokeFrom": 0,
        "strokeTo": 100,
        "colorFrom": "ffffffee",
        "colorTo": "ffffffee",
        "layer": 113
	   },
	   {     
        "type": "WaveEffect",
        "lifetime": 1200,
        "sizeFrom": 0,
        "sizeTo": 4000,
        "strokeFrom": 0,
        "strokeTo": 100,
        "colorFrom": "ffffffee",
        "colorTo": "ffffffee",
        "layer": 113
	   }
        ]
      },
	"shootType" : {
    "sprite": "test-wave",
    "collidesTiles": true,
    "reflectable": false,
    "hittable": false,
    "absorbable": false,
    "speed": 1.8,
    "height": 168,
    "width": 18,
    "shrinkX": -18,
    "shrinkY": 0,
    "drawSize": 0,
    "collidesTeam": true,
    "healPercent": 10,
    "hitSize": 36,
    "pierce": true,
    "pierceCap": 10,
    "pierceBuilding": true,
    "lifetime": 1800,
    "knockback": 0,
    "ammoMultiplier": 4,
    "damage": 20000,
    "frontColor": "000000fF",
    "backColor": "000000FF",
    "layer": 111,
    "hitEffect": {
    "type": "WaveEffect",
    "lifetime": 35,
    "sizeFrom": 0,
    "sizeTo": 600,
    "strokeFrom": 4,
    "strokeTo": 0,
    "colorFrom": "000000FF",
    "colorTo": "000000FF",
    "layer": 111
    },
    "despawnEffect": {
    "type": "MultiEffect",
      "effects": [
        {
          "type": "WaveEffect",
          "lifetime": 12,
          "sizeFrom": 10,
          "sizeTo": 200,
          "strokeFrom":10,
          "strokeTo":20,
         "colorFrom": "000000FF",
    "colorTo": "000000FF",
    "layer": 111
        },
        {
         "type": "ParticleEffect",
         "length": 4,
         "lifetime": 36,
         "particles": 10,
        "colorFrom": "000000FF",
    "colorTo": "000000FF",
         "sizeFrom": 50,
         "sizeTo": 20,
         "region": "particle",
         "layer": 111
        }
        ]
        },
        "intervalBullets":1,
		"intervalBullet":{
			"type" : "FlakBulletType",
	        "damage": 200, 
            "width": 20, 
            "height": 20, 
            "speed": 1,
            "lifetime": 0, 
            "lightning": 1, 
            "lightningLength": 5, 
            "backColor": "000000", 
            "frontColor": "000000", 
            "collidesGround": true,
            "layer": 111
			},
			"intervalRandomSpread":20,
               "intervalAngle" : 180,
                "intervalSpread" : 300
	},
	"requirements": [
		{ "item": "copper", "amount": 700000},
		{ "item": "lead", "amount": 700000},
		{ "item": "graphite", "amount": 600000},
		{ "item": "silicon", "amount": 6000000},
		{ "item": "thorium", "amount": 5000000 },
		{ "item": "plastanium", "amount": 6000000 },
		{ "item": "titanium", "amount": 5000000 }
	],
	"category": "turret"
}