{
	"name": "辉弧超速器",
	"description": "加速可怕，范围也可怕",
	"type": "OverdriveProjector",
	"health": 2150,
	"armor":15,
	"size": 4,
	"range":680,
	"hasBoost":true,
    "speedBoostPhase": 4.0,
	"useTime": 600,
	"phaseRangeBoost": 380,
	"speedBoost": 4.5,
    "consumes": {
		"power":8,
	    "items":{
			"items":[
                "粒子核心/1"
			],
                "booster":true,
			    "optional": true
		}
	},
	"requirements": [
		"copper/875",
        "graphite/105",
        "silicon/490",
        "lead/360",
        "metaglass/210",
        "plastanium/200",
        "thorium/365",
        "titanium/425",
        "phase-fabric/185",
        "surge-alloy/100"
	],
	"category": "effect",
	"research":"overdrive-dome"
}