{
	"type": "PowerTurret",
	"size": 2,
	"name":"连续激光器",
	"description":"快速射出持续时间不长 但距离长的光柱",
	"health": 180,
	"reload": 1,
	"range": 160,
	"inaccuracy": 8,
	"shoot": {
        "type": "ShootAlternate",
        "barrels": 1
    },
	"targetAir" : true, 
	"targetGround" : true,
	"shootCone" : 2,
	"spread" : 4,
	"recoilAmount" : 1.5,
	"restitution" : 0.04, 
	"rotateSpeed": 8,
	"shootSound" : "lasershoot",
    "consumes": {
        "power": 40,
        "coolant": {
            "amount": 0.2,
            "optional": true
        }
    },
	"hasPower" : true,
	"shootType" : {
		"type": "ContinuousFlameBulletType",
		"hitEffect": "hitMeltdown",
		"hitSize": 8,
		"length":1440,
		"damage": 100, 
		"colors":["835cc3","bc93ff","000000ff"]	,
		"fragBullets":1,
		"fragBullet":{
			"type": "ContinuousFlameBulletType",
		"hitEffect": "hitMeltdown",
		"hitSize": 8,
		"length":120,
		"damage": 100, 
		"colors":["835cc3","bc93ff","000000ff"],
		"fragBullets":1,
		"fragBullet":{
			"type" : "LaserBulletType",
                   "length" : 100,
                    "damage" : 480,
                    "colors": ["A94DFF00","7F4DFF00","00000000"],
                    "width" : 0,
              "despawnEffect":"none",
                    "lifetime" : 10,
              "hitEffect":"hitLancer",
              "lightningSpacing" : 35,
                    "lightningLength" : 4,
                    "lightningDelay" : 1.1,
                    "lightningLengthRand" : 2,
                    "lightningDamage" : 720,
                    "lightningAngleRand" : 40
			}
			}
			
		},

	"requirements": [
		{ "item": "copper", "amount": 700},
		{ "item": "lead", "amount": 700},
		{ "item": "graphite", "amount": 200},
		{ "item": "silicon", "amount": 200},
		{ "item": "thorium", "amount": 400 },
		{ "item": "plastanium", "amount": 100 },
		{ "item": "titanium", "amount": 400 }

	],
	"category": "turret"
}