{
	"name": "苍鹰级",	
	"description":"装载导弹仓后拥有了更高的火力",
	"health":200,
	"speed":5.5,
	"flying":true,
	"lowAltitude":false,
	"hitSize":18,
	"engineOffset":5,
	"engineSize":1.5,
	"mineSpeed":0,
    "mineTier":0,
    "buildSpeed":0,
    "research":{
	"parent":"重构厂1",
    "requirements":[
		{"item":"普通科技点","amount":5000}
	]},
	"weapons":[
		{
		"name": "苍鹰武器",
        "top": true,
        "reload": 3,
        "recoil": 0.85,
        "shake": 0.5,
        "ejectEffect": "shockwave",
        "shootSound": "artillery",
        "shots": 2,
        "inaccuracy": 0,
        "shotDelay": 10,
        "rotate": false,
        "occlusion": 2,
        "bullet": {
            "type": "BasicBulletType",
			"damage":9,
            "width": 5,
            "height": 4,
            "lifetime": 30,
            "speed": 10,
            "shootEffect": "shootBig",
            }
		}  
		{
        "name": "轻型导弹仓",
        "reload": 30,
        "ejectEffect": "none",
		"shots": 1,
		"recoil": 0.85,
		"rotate": false,
        "shootSound": "sap",
		"x": 7,
        "y": 0,
        "rotateShooting": false,
		"bullet": {
			"type": "MissileBulletType",
			"width": 8,
			"height": 8,
			"shrinY": 0,
			"drag": -0.05,
			"speed": 1.5,
			"homingRange": 45,
			"kepVelocity": false,
            "splashDamageRadius":10,
			"splashDamage": 35,
			"damage": 50,
			"lifetime": 120,
			}
		}
	]
}