{
"localizedName": "[red]荒芜裂谷(半成品)",
	"description": "非常危险的区块，资源丰富但空间狭窄，敌人也十分危险。

尽快发展与防御，不要因敌人的进攻间隔太长而掉以轻心。\n\n[red]你会后悔的！\n\n[blue](by 蓝细菌光合自养 做)",
	"details":".........",
    "planet":"serpulo"//母星名字。
    "overrideLaunchDefaults": true,//进度覆盖
    "sector":0//区块坐标
    "difficulty":8
     "captureWave":50
    "research": {
		"parent": "超限工艺-overgrowth",
		"objectives": [
		"敬请期待"
			{
				"type": "SectorComplete",
				"preset": "超限工艺-裂谷前哨"
			}
			{
				"type": "SectorComplete",
				"preset": "超限工艺-冰封菌落"
			}
			{
				"type": "SectorComplete",
				"preset": "超限工艺-热力带"
			}
			]}
}