{
"localizedName": "风吹群岛(半成品)",
	"description": "海岸线之外坐落着这一串群岛。 据记载这里曾有生产[accent]塑钢[]的建筑。\n\n抵御敌人的海军，在岛上建立基地，研究生产建筑。[write]\n\n\n\n似乎哪里变得不一样了\n\n[blue][blue](by Anuke 作 蓝细菌光合自养 改)",
	"details":"[玄武就绪]",
    "planet":"serpulo"
    "overrideLaunchDefaults": true,//进度覆盖
    "sector":98
    "captureWave":35
    "difficulty":4
    //"alwaysUnlocked": true,
    "research": {
		"parent": "超限工艺-ruinousShores",
		"objectives": [
		"敬请期待"
		//"kiln"
			{
				"type": "SectorComplete",
				"preset": "超限工艺-ruinousShores"
			}
			]}
}