{
	"type": "ArmoredConduit",//类型
	"category": "liquid",//菜单栏
	"name": "氧化物导管",//名字
	"description": "",//介绍
	"research": "reinforced-conduit"//科技树前置
	"requirements": [//建造消耗
	"beryllium/9",
	"tungsten/6"
	"oxide/3"
	],
	"health": 800,//血量
	"liquidCapacity":80,//液体容量
	"liquidPadding": 1,//液体填充速度
	"liquidPressure": 1,//液体填充速度
	"bridgeReplacement": "3-氧化物导管桥",//自动连接的桥
	"rotBridgeReplacement":"3-氧化物导管桥",
	"junctionReplacement": "reinforced-liquid-junction"//自动连接的交叉器
}
