{
	"type": "flying",
	"name": "微光",
	"description": "向附近的地面敌人投掷高伤炸药。",
		"immunities": [
		"潮湿"
	],
	"targetFlags":["generator","battery","turret","core"],
	"speed": 1.8,	
	"drag":0.05,"accel":0.1,
	"rotateSpeed":1,
	"ammoType":{
	"type":"PowerAmmoType",
	"totalPower":100},
	"ammoCapacity": 300,
	    "health": 1600,
	"hitSize":24, 
	"flying": true,
	"faceTarget": false,
		"circleTarget": true,
	"armor":0,
	"engineOffset": 6,
	"engineSize": 3,
	"itemCapacity": 0,
	"engines": [
		{
			"x": 0,
			"y": -9,
			"radius": 4,
			"rotation": -55
		},
	],
		"weapons":[
	{	"name": "无",	
		"minShootVelocity": 1.5,
		"reload": 85, 
	"shoot":{
	"shots":8,
	"shotDelay":4},
		"x": 0,  "y": 0,
		"ignoreRotation":true,
		"rotate": true,
		"shootCone":120,
		"inaccuracy": 15,
		"mirror": false,
		"shootSound": "none",
		"bullet":{   
		"collidesAir": false
    "collidesGround": true,
	"type":"BombBulletType",
	"splashDamage":25,
	"splashDamageRadius":30,
	"status":"燃烧",
	"incendAmount": 1,
	"incendSpread": 16,
	"incendChance": 0.005,
	"lifetime":30,
	"speed":1
	"width":9,	 "height":15,
	"shootEffect":"none",
	"smokeEffect": "none", 
	"hitEffect":"flakExplosion",
	"despawnEffect":"flakExplosion"
	}	}
	]
    "research": {
	"parent":"中型兵种生产工厂"
	"objectives": [
            {
				"type": "SectorComplete",
				"preset": "世界另一端"
			}
	]
	}
	"researchCostMultiplier": 10,
	"details":"原宇宙已有，研究费用降低",
}
