{
	"type": "mech",
	"name": "恒星",
	"description": "向附近的敌人发射标准子弹，微穿透 ",
	"details":"原宇宙已有，研究费用降低",
			"immunities": [
		"潮湿"
	],
    "speed":  0.85,
    "hitSize": 22,
		"ammoType":{
	"type":"PowerAmmoType",
	"totalPower":2200},
	"ammoCapacity": 700
    "ammoResupplyAmount":1,/*弹药补给倍率 */
    "health": 1800,
    "armor": 5,
    "drag": 0.2,
    "rotateSpeed": 2.5,
    "itemCapacity": 30,
        "targetAir":true,  
    "targetGround":true,
    "abilities": [{
        "type": "RepairFieldAbility"
        "amount":100
        "reload": 300
        "range": 58
    }]
	"weapons":[
	{	"name": "恒星1",	
		"reload": 15, 
		"x": -7.5,  "y": 0,  
		"shoot":{
			"shots":1,
			"shotDelay":6},
		"rotate": false,
		"shootY":4.5,
		"top":false,
		"inaccuracy": 0,
		"alternate": false, 
		"mirror":false
		"shootCone":12,
		"shootSound": "lasershoot",
		"bullet":{	
	"type":"LaserBoltBulletType",
		"frontColor":"FFFFFF",	
		"backColor":"97FFA8FF",	
		"status": "麻痹",
		"statusDuration": 30,
		"damage":8,
		"pierceCap": 1,
		"pierceBuilding": true,
		"pierceArmor": true,
		"speed":7.6, "lifetime":24,
		"width":4,	 "height":10	}	}
		{
			"name": "星慧",
			"reload": 60,
			"x": 7.5
			"y": 0
			"rotate": false,
			"top": false,
			"recoil": 4,
			"inaccuracy": 0,
			"alternate": true,
			"mirror":false,
			"shootSound": "laser",
			"shake": 2,
			"bullet": {
			"type": "LaserBulletType",
	"chargeEffect":{
		"type":"MultiEffect",
		"effects":["lancerLaserCharge","lancerLaserChargeBegin"]
	},
	"colors": ["97FFA8FF","97FFA8FF","FFFFFF"],
	"status": "麻痹",
			"statusDuration": 330,
	"pierceBuilding": true,
		"collidesGround":true,
			"collidesAir":true,
	"despawnEffect":"none",
	"lightningSpacing":25,
	"lightningLength":6,
	"lightningDelay":0.6,
	"lightningLengthRand":1,
	"lightningAngleRand":8,
	"lightningDamage":66,
	"lightningColor":"7CF38990",
	"damage": 20,
	"pierceDamageFactor":0.4
	"ammoMultiplier":1,
	"pierceCap": 8,
	"width": 14,	"length": 140,
	"lifetime": 30,
	"collidesAir": true
			}
		}
		]
"research": {
	"parent":"中型兵种生产工厂"
	"objectives": [
            {
				"type": "SectorComplete",
				"preset": "世界另一端"
			}
	]
	}
    "researchCostMultiplier": 10
}