{
	"name":"梭鱼",
	"description":"基本海军单位……"
	"hitSize":24,
	//碰撞箱大小
    "rotateSpeed":4,
    //转身速度
    "itemCapacity":0,
    //载货量
    "canDrown":false,
    //能否被深水淹死
    "buildSpeed":0,
    //建筑速率
    "type":"naval",
    //海军
    "lowAltitude":true,
    //阴影绘制
    "speed":1.1,
    		"immunities": [
		"潮湿"
	],
    //移动速度
    "health":1800,
    //血量
    "armor":7,
    //装甲
    "trailLength":12,
    //划出的水迹长度 8:1
    "waveTrailX":5,
    "waveTrailY":-5,
    "trailScl":1,
    "research": {
	"parent":"中型兵种生产工厂"
	"objectives": [
            {
				"type": "SectorComplete",
				"preset": "边际海湾"
			}
	]
	}
	"researchCostMultiplier": 10,
	"weapons":[
		{"name":"梭鱼1",
			//武器贴图的名字
			"top":true,
			"mirror":false,
			"shootY":13,
			"x":0,
			"y":-2,
			"reload":60,
			   "rotate":true,
			//射速
			"recoil":1,
			"rotateSpeed": 0,//炮台转头速度
			//后坐力
	            "bullet": {
                "type": "BasicBulletType",
                "damage":50
                "smokeEffect": "shootSmallSmoke",
                "sprite":"bullet",//子弹贴图
			"spin": 0,//子弹旋转速度
			"shrinkY": 0,"shrinkX": 0,//子弹变形程度
			"homingRange":40,//跟踪半径
	        "homingPower":20,//跟踪力度（1=3000度）
			"speed": 4.8,
			"lifetime":40,
			"width":10,	"height":22,//宽长度
			"ammoMultiplier":2,			                
			"backColor":"fdb933",
			//子弹边缘颜色
			"frontColor":"d5c59f",
			//子弹中心颜色
			"trailLength": 5,
            "trailWidth": 1.3,
			"trailColor":"ffc20e",
			//尾迹颜色
			  "fragBullets": 2,
			  "rotateSpeed": 0,
        },
		},
	{	"name": "导弹口",	
		"reload":60,
        "x": 6,  "y": -4, 
        "rotate": true,
        "rotateSpeed":24,
        "inaccuracy": 8,
		"shoot":{
			"shots":2,
			"shotDelay":20
		},
		"shootSound": "swish",
		"rotateSpeed": 1,//炮台转头速度
		"alternate": true,
		"ejectEffect":"casing1",
		"mirror":true,
		"bullet":{
		 "weaveMag":2,
	"weaveScale":4,
			"sprite":"missile",
			"splashDamageRadius":15,
	"splashDamage":25,
	    "damage":20,	  
	    "speed":3,
	    	"homingRange": 250,
	"homingDelay":5,
	"homingPower": 0.1,
	    "lifetime":50,
	    "width":9,	 "height":15
	}	}
		{
            "name": "溪鲫1",
            "y":2.8,
            "x":4.2,
            "shootY":3,
            "reload":10,
            "alternate":true,
            "recoil":1,
            "shake": 0,
            "shootSound": "artillery",
            "rotate": true,
            "bullet": {
                "type": "BasicBulletType",
                "damage":15,
                "width":7,
                "height":12,
                "lifetime":20,
                "speed":7,
                "shootEffect": "shootSmallSmoke",
                }
            },
        ]
}