{
	"type": "flying",
	"name": "羽翼",
	"description": "机动性十足",
	"speed": 1.5,	
	"drag":0.05,"accel":0.1,
	"rotateSpeed":10,
	"targetFlags": ["battery","core"],
	"ammoType":{
	"type":"PowerAmmoType",
	"totalPower":100},
	"ammoCapacity": 300,
	    "health": 1600,
	"hitSize":20, 
	"flying": true,
	"faceTarget": true,
	"armor":5,
	"engineOffset": 6,
	"engineSize": 3,
	"itemCapacity": 0,
	"engines": [
		{
			"x": 0,
			"y": -9,
			"radius": 4,
			"rotation": -55
		},
	],
	"engineOffset": 5,
	"engineSize": 3,
		"weapons":[{	"name": "星月",	
		"reload":15,
        "x": 9,  "y": 0.8, 
        "rotate": true,
        "rotateSpeed":10,
        "inaccuracy": 0,
		"shoot":{
			"shots":3,
			"shotDelay":3
		},
		"shootSound": "pew",
		"rotateSpeed": 0,//炮台转头速度
		"alternate": true,
		"ejectEffect":"casing1",
		"bullet":{
	    "damage":25,	  
	    "speed":3,
	    "lifetime":80,
	    "width":7,	 "height":10
	}	}
]
   	"research": {
	"parent":"中型兵种生产工厂"
"objectives": [
            {
				"type": "SectorComplete",
				"preset": "世界另一端"
			}
	]
	}
    "researchCostMultiplier": 10
	"details":"原宇宙已有，研究费用降低",
}
