{
"ammoTypes": {
		"奇思妙想-钻石": {
			"type": "ArtilleryBulletType",
			"speed": 3,
			"lifetime": 87,
			"width": 15,
			"height": 15,
			"knockback": 1,
			"shootEffect": "shootBig",
			"status": "奇思妙想-静止",
			"statusDuration": 60,
			"splashDamageRadius": 10,
			"splashDamage": 36,
			"hitEffect": "explosion",
			"despawnEffect": "explosion"
		},
		"silicon": {
			"type": "ArtilleryBulletType",
			"speed": 3,
			"reloadMultiplier": 1.4,
			"lifetime": 90,
			"width": 15,
			"knockback": 1,
			"height": 15,
			"shootEffect": "shootBig",
			"homingRange": 40,
			"homingPower": 0.1,
			"splashDamageRadius": 20,
			"splashDamage": 23,
			"hitEffect": "explosion",
			"despawnEffect": "explosion"
			"status": "disarmed",
			"statusDuration": 60,
		},
		"graphite": {
			"type": "ArtilleryBulletType",
			"speed": 3,
			"lifetime": 87,
			"width": 15,
			"height": 15,
			"knockback": 1,
			"backColor": "FF8C00",
			"frontColor": "FFB90F",
			"shootEffect": "shootBig",
			"splashDamageRadius": 30,
			"splashDamage": 42,
			"makeFire": true,
			"status": "freezing",
			"statusDuration": 60,
			"hitEffect": "explosion",
			"despawnEffect": "explosion"
		},
		"metaglass": {
			"type": "ArtilleryBulletType",
			"speed": 1.5,
			"lifetime": 174,
			"width": 19,
			"height": 20,
			"backColor": "FFFFFFFF",
			"frontColor": "FFFFFFFF",
			"shootEffect": "shootBig",
			"splashDamageRadius": 20,
			"splashDamage": 60,
			"status": "奇思妙想-破甲",
			"statusDuration": 180,
			"hitEffect": "flakExplosionBig",
			"despawnEffect": "flakExplosionBig",
			"ammoMultiplier": 6,
			"fragBullets": 4,
			"fragBullet": {
			"status": "slow",
			"statusDuration": 60,
				"despawnEffect": "flakExplosionBig",
				"width": 8,
				"height": 9,
				"backColor": "FFFFFFFF",
				"frontColor": "FFFFFFFF",
				"splashDamageRadius": 20,
				"splashDamage": 25,
				"lifetime": 20,
				"speed": 1.5
			}
		},
		"pyratite": {
			"type": "ArtilleryBulletType",
			"speed": 3,
			"lifetime": 87,
			"width": 15,
			"height": 15,
			"knockback": 1,
			"backColor": "FF8C00",
			"frontColor": "FFB90F",
			"shootEffect": "shootBig",
			"splashDamageRadius": 40,
			"splashDamage": 59,
			"makeFire": true,
			"status": "burning",
			"statusDuration": 300,
			"hitEffect": "explosion",
			"despawnEffect": "explosion"
			"fragBullets": 3,
			"fragBullet": {
				"despawnEffect": "flakExplosionBig",
				"width": 8,
				"height": 9,
				"backColor": "FF8C00",
			"frontColor": "FFB90F",
			"shootEffect": "shootBig",
			"splashDamageRadius": 16,
			"splashDamage": 38,
			"makeFire": true,
			"status": "burning",
			"statusDuration": 60,
			"hitEffect": "explosion",
			"despawnEffect": "explosion"
			"fragBullets": 3,
				"lifetime": 20,
				"speed": 1.5
			}
		},
	},
	"category": "turret",
	"research": "scatter"}