{
"targetGround": true,
	"targetAir": true
	"ammoTypes": {
		"pyratite": {
			"type": "BulletType",
			"damage": 95,
			"hitSize": 10,
			"pierceBuilding": true,
			"hittable": false,
			"absorbable": false,
			"pierce": true,
			"status": "burning",
			"statusDuration": 600,
			"speed": 8,
			"lifetime": 11,
			"ammoMultiplier": 6,
			"shootEffect": {
				"type": "ParticleEffect",
				"particles": 13,
				"lifetime": 33,
				"sizeFrom": 1.88,
				"sizeTo": 0,
				"interp": "pow5Out",
				"sizeInterp": "pow10In",
				"length": 60,
				"baseLength": 0,
				"colorFrom": "f68021",
				"colorTo": "f68021A8",
				"cone": 12
			},
			"smokeEffect": {
				"type": "ParticleEffect",
				"particles": 3,
				"line": true,
				"strokeFrom": 1.8,
				"strokeTo": 0,
				"lenFrom": 20,
				"lenTo": 8,
				"length": 86,
				"baseLength": 0,
				"lifetime": 12,
				"colorFrom": "FFFFFF",
				"colorTo": "FFE176",
				"cone": 10
			},
			"hitEffect": {
				"type": "MultiEffect",
				"effects": [
					{
						"type": "ParticleEffect",
						"particles": 2,
						"line": true,
						"strokeFrom": 1.3,
						"strokeTo": 0,
						"lenFrom": 8,
						"lenTo": 8,
						"length": 24,
						"baseLength": 0,
						"lifetime": 15,
						"colorFrom": "f8ad42",
						"colorTo": "FFE176",
						"cone": 23
					},
					{
						"type": "ParticleEffect",
						"particles": 4,
						"lifetime": 10,
						"sizeFrom": 3,
						"sizeTo": 0,
						"colorFrom": "FF8C00",
						"colorTo": "FF8C00"
					}
				]
			},
			"despawnEffect": "none"
		},
			"spore-pod": {
			"type": "BulletType",
			"damage": 115,
			"hitSize": 10,
			"pierceBuilding": true,
			"hittable": false,
			"absorbable": false,
			"pierce": true,
			"status": "burning",
			"statusDuration": 780,
			"speed": 8,
			"lifetime": 11,
			"ammoMultiplier": 8,
			"shootEffect": {
				"type": "ParticleEffect",
				"particles": 13,
				"lifetime": 33,
				"sizeFrom": 1.88,
				"sizeTo": 0,
				"interp": "pow5Out",
				"sizeInterp": "pow10In",
				"length": 60,
				"baseLength": 0,
				"colorFrom": "7457CEFF",
				"colorTo": "9E78DCFF",
				"cone": 12
			},
			"smokeEffect": {
				"type": "ParticleEffect",
				"particles": 3,
				"line": true,
				"strokeFrom": 1.8,
				"strokeTo": 0,
				"lenFrom": 20,
				"lenTo": 8,
				"length": 86,
				"baseLength": 0,
				"lifetime": 12,
				"colorFrom": "FFFFFF",
				"colorTo": "9E78DCFF",
				"cone": 10
			},
			"hitEffect": {
				"type": "MultiEffect",
				"effects": [
					{
						"type": "ParticleEffect",
						"particles": 2,
						"line": true,
						"strokeFrom": 1.3,
						"strokeTo": 0,
						"lenFrom": 8,
						"lenTo": 8,
						"length": 24,
						"baseLength": 0,
						"lifetime": 15,
						"colorFrom": "7457CEFF",
						"colorTo": "9E78DCFF",
						"cone": 23
					},
					{
						"type": "ParticleEffect",
						"particles": 4,
						"lifetime": 10,
						"sizeFrom": 3,
						"sizeTo": 0,
						"colorFrom": "7457CEFF",
						"colorTo": "7457CEFF"
					}
				]
			},
			"despawnEffect": "none"
		},
			"coal": {
			"type": "BulletType",
			"damage": 17,
			"hitSize": 10,
			"pierceBuilding": true,
			"hittable": false,
			"absorbable": false,
			"pierce": true,
			"status": "burning",
			"statusDuration": 240,
			"speed": 8,
			"lifetime": 11,
			"ammoMultiplier": 6,
			"shootEffect": {
				"type": "ParticleEffect",
				"particles": 13,
				"lifetime": 33,
				"sizeFrom": 1.88,
				"sizeTo": 0,
				"interp": "pow5Out",
				"sizeInterp": "pow10In",
				"length": 88,
				"baseLength": 0,
				"colorFrom": "f68021",
				"colorTo": "f68021A8",
				"cone": 12
			},
			"smokeEffect": {
				"type": "ParticleEffect",
				"particles": 3,
				"line": true,
				"strokeFrom": 1.8,
				"strokeTo": 0,
				"lenFrom": 20,
				"lenTo": 8,
				"length": 86,
				"baseLength": 0,
				"lifetime": 12,
				"colorFrom": "FFFFFF",
				"colorTo": "FFE176",
				"cone": 10
			},
			"hitEffect": {
				"type": "MultiEffect",
				"effects": [
					{
						"type": "ParticleEffect",
						"particles": 2,
						"line": true,
						"strokeFrom": 1.3,
						"strokeTo": 0,
						"lenFrom": 8,
						"lenTo": 8,
						"length": 24,
						"baseLength": 0,
						"lifetime": 15,
						"colorFrom": "f8ad42",
						"colorTo": "FFE176",
						"cone": 23
					},
					{
						"type": "ParticleEffect",
						"particles": 4,
						"lifetime": 10,
						"sizeFrom": 3,
						"sizeTo": 0,
						"colorFrom": "FF8C00",
						"colorTo": "FF8C00"
					}
				]
			},
			"despawnEffect": "none"
		}
},
"research": "duo"
}