{
	"type": "ItemTurret",/*种类 */
	"name": "剑影",/*名称 */
	"description": "字面意思，速度快，伤害高，造价低，适合前期用",/*描述 */
	"health": 600,/*血量 */
	"size": 2,/*大小 */
	"reloadTime": 00,//格重新加载时间
	"range": 90,/*攻击范围 8/格 */
	"burstSpacing":0,/*连射间隔 */
	"xRand":1,/*子弹发的间距/栗子：2=双管 */
	"inaccuracy": 0,/*误差 1=1度 */
	"rotateSpeed": 20,/*旋转速度 */
	"shootShake":1.0,/*射击摇动 */
	"maxAmmo":30,//弹夹容量
	"ammoPerShot":2,//射击一次消耗子弹
	"reload": 30,//发射间隔
	"ammoTypes": {
        "铜钛合金":{
      "damage": 116,
      "status": "slow",
      "statusDuration": "120",
      "width": 6,
      "pierce": "true",
      "type": "ShrapnelBulletType",
      "lifetime": 6,
      "length": 90,
      "serrations": 8,
      "fromColor": " FFFFFFFF",
      "toColor": "FFFFFFFF",
      "ammoMultiplier": 3,
      "shootEffect": "thoriumShoot",
      "hitEffect": "thoriumShoot"
    }
            "lead":{
      "damage": 47,
      "width": 6,
      "pierce": "true",
      "type": "ShrapnelBulletType",
      "lifetime": 18,
      "length": 90,
      "serrations": 8,
      "fromColor": " FFFFFFFF",
      "toColor": "FFFFFFFF",
      "ammoMultiplier": 2,
      "shootEffect": "thoriumShoot",
      "hitEffect": "thoriumShoot"
    }
            "graphite":{
      "damage": 76,
      "width": 6,
      "pierce": "true",
      "type": "ShrapnelBulletType",
      "lifetime": 6,
      "length": 90,
      "serrations": 8,
      "fromColor": " FFFFFFFF",
      "toColor": "FFFFFFFF",
      "ammoMultiplier": 4,
      "shootEffect": "thoriumShoot",
      "hitEffect": "thoriumShoot"
    }}
	"requirements": [
			{ "item": "copper", "amount": 75 }/*copper铜 */
					{ "item": "lead", "amount": 60 }/*copper铜 */
					
		{ "item": "graphite", "amount": 45 }/*copper铜 */
	],/*建造需求物品 */
	"category": "turret",/*分类 */
	"research":"准心"/*科技树 */
}