{ 
     "type":"TractorBeamTurret",
     "name":"引力", 
     "description":"增大拉力，增大伤害           差扰plusmax", 
     "health":850,
	     "size":2,
     "rotateSpeed":10,
	 "range":365,
	 "scaledForce":10,
	 "force": 10,
	 	"targetAir" : true, 
	"targetGround" : true,
	 "hasPower":true
	 "damage": 3.5,
	 
"consumes": {
		"power":10

	},
	  "requirements": [
		{ "item": "graphite", "amount": 600},
		{ "item": "silicon", "amount": 600},
		{ "item": "生物钢", "amount": 800 }
		{ "item": "铜钛合金", "amount": 80 }
		{ "item": "thorium", "amount": 500},
		{ "item": "plastanium", "amount": 600 },
		{ "item": "titanium", "amount": 500 },
	],
	"category": "turret",
	"research": "parallax"
	 
	 
	 
	 
	 
}
