{
	"type": "ItemTurret",
	"name": "旭明",
	"description": "有用",
	"health": 300,
	"size": 3,
	"reload":155,
	"range": 500,
    "ammoPerShot": 5,
    "consumes": {
	"coolant":{"amount":0.05,"optional":true}  }
	"shoot":{
		"shots":1,
	    "shotDelay":10,
		"type":"ShootAlternate",
		"barrels":1,
		"hitEffect":"none"
        "shootEffect":"none"
        "trailEffect":"none"
        "despawnEffect":"none"
        "smokeEffect":"none"
		"spread":6
	},
	"inaccuracy": 5,
	"shake":1,
	"ammoTypes": {
	"titanium":{
	        "speed": 5,
			"damage": 18,
			"lifetime":100,
			"width": 15,
			"height": 15,
			"hitEffect":"none"
            "shootEffect":"none"
            "trailEffect":"none"
            "despawnEffect":"none"
            "smokeEffect":"none"
			"ammoMultiplier":6,
			"reloadMultiplier": 1.4,
			"fragLifeMin":1,
		    "type": "BasicBulletType",
		    "fragRandomSpread":0
			"shootEffect": "none"	
			"fragSpread":120
			"fragAngle":0
		    "fragBullets":3
		"fragBullet": {
		    "damage":45
			"type": "LaserBulletType",
			"lifetime":90
		}
		},
		"thorium":{
	        "speed": 5,
			"damage": 18,
			"lifetime":100,
			"width": 15,
			"height": 15,
			"hitEffect":"none"
            "shootEffect":"none"
            "trailEffect":"none"
            "despawnEffect":"none"
            "smokeEffect":"none"
			"ammoMultiplier":6,
			"reloadMultiplier": 1.4,
			"fragLifeMin":1,
		    "type": "BasicBulletType",
		    "fragRandomSpread":0
			"shootEffect": "none"	
			"fragSpread":45
			"fragAngle":135
		    "fragBullets":8
		"fragBullet": {
		    "damage":25
			"type": "LaserBulletType",
			"lifetime":75
		}
		},
		"pyratite":{
	        "speed": 5,
			"damage": 10,
			"lifetime":100,
			"width": 15,
			"height": 15,
			"hitEffect":"none"
            "shootEffect":"none"
            "trailEffect":"none"
            "status": "burning",
            "despawnEffect":"none"
            "smokeEffect":"none"
			"ammoMultiplier":6,
			"reloadMultiplier": 1.1,
			"fragLifeMin":1,
		    "type": "BasicBulletType",
		    "fragRandomSpread":0
			"shootEffect": "none"	
			"fragSpread":45
			"fragAngle":135
		    "fragBullets":5
		"fragBullet": {
		    "damage":20
			"type": "LaserBulletType",
			"lifetime":75
		}
		},}
	"requirements": [
{ "item": "thorium", "amount": 300 }
{"item": "titanium", "amount": 320}
{"item": "copper", "amount": 220}
{"item": "二级建筑许可"，"amount": 100}
{"item": "graphite", "amount": 280}
	],
	"category": "turret",
	"research": "lancer"
	    "researchCostMultiplier": 0.2,
	        "canOverdrive": false,
}