{
	"type": "ItemTurret",
	"name": "暴雨",
	"health": 960,
	"size": 2,
	"reload": 900,
	"range": 240,
	"maxAmmo": 600,
	"recoilTime": 100,
	"recoil": 2,
	"consumeAmmoOnce": false,
	"ammoPerShot": 1,
	"consumes": {
		"coolant": {
			"amount": 1,
			"optional": true
		}
	},
	"shoot": {
		"shots": 600,
		"shotDelay": 0.5
	},
	"shake": 1.5,
	"ammoUseEffect": "none",
	"xRand": 4.5,
	"targetGround": true,
	"targetAir": true,
	"inaccuracy": 5,
	"rotateSpeed": 8,
	"velocityRnd": "0.15",
	"ammoTypes": {
		"copper": {
			"speed": 7.5,
			"damage": 15.9,
			"knockback": 0.1,
			"lifetime": 32,
			"width": 6,
			"height": 9,
			"ammoMultiplier": 4,
			"shootEffect": "shootSmall",
			"frontColor":"EAC1A8",
			"backColor":"D39169"
		},
			"graphite": {
			"speed": 7.5,
			"damage": 21.75,
			"knockback": 0.1,
			"lifetime": 32,
			"width": 6,
			"height": 9,
				"status": "freezing",
		"statusDuration": 120,
			"ammoMultiplier": 4,
			"shootEffect": "shootSmall",
			"frontColor":"95ABD9FF",
			"backColor":"626F9BFF"
		},
			"silicon": {
			"speed": 7.5,
			"damage": 25.75,
			"knockback": 0.1,
			"lifetime": 32,
			"width": 6,
			"height": 9,
				"status": "slow",
		"statusDuration": 120,
			"ammoMultiplier": 4,
			"shootEffect": "shootSmall",
			"frontColor":"8E9097FF",
			"backColor":"767A84FF","homingRange": 40.75,  // 制导范围：80（80单位内可追踪目标）
                    "homingPower": 0.8,  // 制导强度：0.1（数值越高追踪越灵敏）
		},
		"lead": {
			"speed": 7.5,
			"damage": 20,
			"fragBullets": 2,
			"fragBullet": {
				"speed": 1.2,
				"damage": 8,
				"lifetime": 20,
				"knockback": 0.05
			},
			"lifetime": 32,
			"width": 6,
			"height": 9,
			"ammoMultiplier": 4,
			"shootEffect": "shootSmall"
		},
			"plastanium": {
			"speed": 7.5,
			"damage": 34.75,
			"fragBullets": 12,
			"fragBullet": {
				"speed": 1.2,
				"damage": 16,
				"lifetime": 20,
				"knockback": 0.05
			},
			"lifetime": 32,
			"width": 6,
			"height": 9,
			"frontColor":"EDF3A9FF",
			"backColor":"CBD97FFF"
			"ammoMultiplier": 4,
			"shootEffect": "shootSmall"
		},
		"titanium": {
			"speed": 7.5,
			"damage": 37,
			"lifetime": 36.67,
			"rangeChange": 35,
			"width": 8,
			"height": 9,
			"shootEffect": "shootSmall",
			"reloadMultiplier": 1.2,
			"ammoMultiplier": 6,
			"backColor":"707594",
			"trailColor":"999BA0"
		},
		"thorium": {
			"speed": 7.5,
			"damage": 49.5,
			"lifetime": 38.4,
			"rangeChange": 48,
			"pierce": true,
			"pierceCap": 2,
			"width": 9,
			"height": 10,
			"shootEffect": "shootSmall",
			"ammoMultiplier": 8,
			"frontColor": "FFFFFF",
			"backColor": "F595BE"
		}
	},
	"requirements": [
		"copper/120",
		"lead/120",
		"graphite/100",
		"titanium/50",
		"奇思妙想-一级建筑许可/0"
	],
	"category": "turret",
	"research": "salvo"
}