{
    "type": "ItemTurret",
    "name": "破散",
    "description": "由双管改装而成的小型散弹枪/n/n[green]纪元集团基础炮台",
    "health": 350,
    "size": 2,
    "range": 80.0,
    "reload": 30,
    "maxAmmo": 40,
    "shootSound": "shootAltLong",
    "consumes": {
        "coolant": {
            "amount": 0.4,
            "optional": true
        }
    },
    "shoot": {
        "shots": 40,
        "shotDelay": 0
    },
    "ammoUseEffect": "casing2",
    "ammoPerShot": 2,
    "targetGround": true,
    "targetAir": true,
    "inaccuracy": 23,
    "ammoTypes": {
        "lead": {
            "type": "BasicBulletType",
            "speed": 7,
            "damage": 20.5,
            "knockback": 2.5,
            "lifetime": 11.6,
            "width": 10,
            "height": 13,
            "recoil": 3.5,
            "hitColor": "FFFFFFFF",
            "trailColor": "A47EBDFF",
            "trailWidth": 3,
            "trailLength": 4,
            "frontColor": "FFFFFFFF",
            "backColor": "A47EBDFF",
            "hitEffect": "none",
            "despawnEffect": {
                "colorFrom": "FFFFFFFF",
                "colorTo": "A47EBDFF"
            }
        },
                "copper": {
            "type": "BasicBulletType",
            "speed": 8.5,
            "damage": 21.5,
            "knockback": 2.5,
            "lifetime": 11.6,
            "width": 10,
            "height": 13,
            "recoil": 3.5,
            "hitColor": "FFFFFFFF",
            "trailColor": "D99D73FF",
            "trailWidth": 3,
            "trailLength": 4,
            "frontColor": "FFFFFFFF",
            "backColor": "D99D73FF",
            "hitEffect": "none",
            "despawnEffect": {
                "colorFrom": "FFFFFFFF",
                "colorTo": "D99D73FF"
            }
        },
        "sand": {
            "type": "BasicBulletType",
            "speed": 7,
            "damage": 11.5,
            "knockback": 2,
            "lifetime": 11.7,
            "width": 10,
            "height": 13,
            "frontColor": "FFFFFFFF",
            "backColor": "FFD37FFF",
            "recoil": 3.5,
            "hitEffect": "none",
            "trailColor": "FFD37FFF",
            "trailWidth": 4,
            "trailLength": 5,
            "despawnEffect": {
                "colorFrom": "FFFFFFF",
                "colorTo": "FFD37FFF"
            },
            "status": "disarmed",
            "statusDuration": 65
        },
                "thorium": {
            "type": "BasicBulletType",
            "speed": 7,
            "damage": 45.7,
            "knockback": 2.5,
            "lifetime": 11.6,
            "width": 10,
            "height": 13,
            "recoil": 3.5,
            "hitColor": "FFFFFFFF",
            "trailColor": "F9A3C7FF",
            "trailWidth": 3,
            "trailLength": 4,
            "frontColor": "FFFFFFFF",
            "backColor": "F9A3C7FF",
            "hitEffect": "none",
            "despawnEffect": {
                "colorFrom": "FFFFFFFF",
                "colorTo": "F9A3C7FF"
            }
        },
    },
    "rotateSpeed": 5,
    "requirements": [
        {"item": "lead", "amount": 20},
        {"item": "copper", "amount": 35}
    ],
    "category": "turret",
    "researchCostMultiplier": 0.3,
    "research": "duo"
}