{
	"type": "itemTurret",
	"size": 4,
	"name":"蜂巢",
	"health": 1800,
	"xRand":18,//射击时候子弹随机的x轴偏移
	"ammoEjectBack":8,//退弹壳时候的y轴偏移
	"reloadTime": 420,//60为1秒，装弹时间
	"range": 844,//范围8为1格
	"hasItems":true,//使用物品
	"maxAmmo":162,//弹药最大容量
	"inaccuracy": 0,//误差
	"ammoUseEffect":"casing2"//退弹壳特效"
	"shots" : 81,//一次射击数量
	"targetAir" : true, //攻击空军
	"shootShake":1,//射击收缩
	"targetGround" : true,//射击陆/海军
	"shootCone" : 10,//射击角度
	"recoilAmount" : 8,//屏幕抖动
	"ammoPerShot":2//一次用几个物品发射
	"burstSpacing":2,//用了这个会变成齐射类型，射击间隔（两颗子弹之间）
	"rotateSpeed": 3,//转向速度
	"shootSound" : "missile",//射击音效
	"hasPower" : true,//使用电力
	"ammoTypes":{//弹药类型
	    "blast-compound":{//混爆
            "type":"MissileBulletType"//导弹
            "sprite":"missile-large"//大导弹贴图
            "ammoMultiplier":1//弹药倍数
                    "homingPower":0.1,//追踪力度
                    "speed":6//速度
                    "width":4,//长
                    "height":4,//宽
                    "drag":-0.003,//滑行（负数越来越快）
                    "homingRange":50,//追踪范围，8为1格
                    "keepVelocity":false,//是不是一直这个速度
                "splashDamage":45//范围伤害
            "splashDamageRadius":12.5//伤害范围，8为1
                "trailLength":2//尾际长
                "trailWidth":2//尾际宽
                "trailEffect":"none"//尾际特效
    "buildingDamageMultiplier":0.5//建筑伤害倍数
                "damage":90//伤害
                    "lifetime":124,//存在时间
                    "trailColor":"F9C27AFF",//尾际颜色
                    "backColor":"F9C27AFF",
                    "frontColor":"FFF8E8FF",
                    "hitEffect":"blastExplosion",//击中特效
                    "despawnEffect":"blastExplosion",//消失特效
	    },
	        "pyratite":{//混爆
            "type":"MissileBulletType"//导弹
            "sprite":"missile-large"//大导弹贴图
            "ammoMultiplier":1//弹药倍数
                    "homingPower":0.1,//追踪力度
                    "speed":6//速度
                    "width":4,//长
                    "height":4,//宽
                    "drag":-0.003,//滑行（负数越来越快）
                    "homingRange":50,//追踪范围，8为1格
                    "keepVelocity":false,//是不是一直这个速度
                "splashDamage":37.5//范围伤害
            "splashDamageRadius":12.5//伤害范围，8为1
                "trailLength":2//尾际长
                "trailWidth":2//尾际宽
                "trailEffect":"none"//尾际特效
    "buildingDamageMultiplier":0.5//建筑伤害倍数
                "damage":75//伤害
                    "lifetime":124,//存在时间
                    "trailColor":"F9C27AFF",//尾际颜色
                    "backColor":"F9C27AFF",
                    "frontColor":"FFF8E8FF",
                    "hitEffect":"blastExplosion",//击中特效
                    "despawnEffect":"blastExplosion",//消失特效
	    },
	    "graphite":{//混爆
            "type":"MissileBulletType"//导弹
            "sprite":"missile-large"//大导弹贴图
            "ammoMultiplier":1//弹药倍数
                    "homingPower":0.1,//追踪力度
                    "speed":6//速度
                    "width":4,//长
                    "height":4,//宽
                    "drag":-0.003,//滑行（负数越来越快）
                    "homingRange":50,//追踪范围，8为1格
                    "keepVelocity":false,//是不是一直这个速度
                "splashDamage":25//范围伤害
            "splashDamageRadius":12.5//伤害范围，8为1
                "trailLength":2//尾际长
                "trailWidth":2//尾际宽
                "trailEffect":"none"//尾际特效
    "buildingDamageMultiplier":0.5//建筑伤害倍数
                "damage":45//伤害
                    "lifetime":124,//存在时间
                    "trailColor":"F9C27AFF",//尾际颜色
                    "backColor":"F9C27AFF",
                    "frontColor":"FFF8E8FF",
                    "hitEffect":"blastExplosion",//击中特效
                    "despawnEffect":"blastExplosion",//消失特效
	    }
        }
	"requirements": [
		{ "item": "copper", "amount": 140},
		{ "item": "奇思妙想-铜钛合金", "amount": 140},
		{ "item": "graphite", "amount": 120},
		{ "item": "silicon", "amount": 120},
		{ "item": "thorium", "amount": 120},
		{ "item": "plastanium", "amount": 120},
		{ "item": "titanium", "amount": 100}
	],
		"consumes": {
		    "power":40
	},
	"category": "turret",
	"research": "swarmer"
}