{
	"type": "ItemTurret",
	"name": "风暴",
	"description": "不要质疑它的火力，他比你想象的还要强大，能够轻松应对海量军队(使用合金作为弹药)。",
	"details":"[red]后  勤  杀  手        [red]合  金  消  毁  机
	[red]掉  帧  大  炮",
	"health": 2650,
	"size": 5,
	"shoot":{
		"type":"ShootAlternate",
		"barrels":2,
		"spread":10
		"shots": 3,//开火炮口数
        "shotDelay": 10//多个炮口之间发射延迟。
	},
	"consumes": {
	"power":4
		"coolant":{"amount":0.3,"optional":true}  
			},
	"reload":2,
	"range": 500,
	    "ammoPerShot": 4,//弹药消耗倍数。
    "maxAmmo":60,
    "coolantMultiplier":1.5,
	"recoilTime":10,
	"recoil":3,
	"shake":1.8,
    "liquidCapacity": 30,
	"ammoUseEffect": "none",
	"targetGround":true,
	"targetAir":true,
	"inaccuracy": 8,
	"rotateSpeed": 10,
	"ammoTypes": {	
	"blast-compound":{
    "type":"BasicBulletType",
    "speed": 9,
    "lifetime":60,
	"width": 14,
	"height": 15,
	"damage":18,
	"weaveMag":4,
	"weaveScale":4,
	"status":"blasted",
  	"statusDuration":60,
    "hitSize":35,
	"shootEffect": "shootBig",
	"splashDamageRadius":40,
	"splashDamage":60,
	"hitEffect":"flakExplosionBig",
    "despawnEffect":"flakExplosionBig",
    "ammoMultiplier":3
		},
    "pyratite":{
  "type":"BasicBulletType",
	    "speed": 7,  
	    "keepVelocity":false,
	    "lifetime":70,
		"width": 16,"height": 15,
		"damage":90,
	"weaveMag":4,
	"weaveScale":4,
    "hitSize":30,
	"reloadMultiplier":0.65,
		"shootEffect": "shootBig",
		"splashDamageRadius":20,
		"splashDamage":60,
		"hitEffect":"flakExplosionBig",
        "despawnEffect":"flakExplosionBig",
        "ammoMultiplier":5,
        "fragLifeMin":0.1,
        "fragBullets":5,
        "fragBullet":{
		"type":"BasicBulletType",
		"despawnEffect":"flakExplosionBig",
		"status":"blasted",
		"statusDuration":600,
		"width":8,	"height":9,
		"damage":10,
		"splashDamageRadius":40,
		"splashDamage":25,
        "lifetime":20,
        "speed":2.5,
        "keepVelocity":false,
        "drag":0.005
      }
	},	
    "plastanium":{
  "type":"BasicBulletType",
	    "speed": 9,
	    "lifetime":60,
		"width": 14,
		"height": 15,
		"damage":28,
	"weaveMag":4,
	"weaveScale":4,
    "hitSize":30,
		"shootEffect": "shootBig",
		"splashDamageRadius":40,
		"splashDamage":60,
		"hitEffect":"flakExplosionBig",
        "despawnEffect":"flakExplosionBig",
        "ammoMultiplier":3,
        "fragBullets":8,
        "fragBullet":{
		"type":"BasicBulletType",
		"despawnEffect":"none",
		"width":10,	
		"height":4,
		"damage":16,
        "lifetime":20,
        "speed":2.5,
        "drag":0.005
      }}
      "钻石":{
  "type":"BasicBulletType",
	    "speed": 9,
	    "lifetime":60,
		"width": 14,
		"height": 15,
		"damage":128,
	"weaveMag":4,
	"weaveScale":4,
    "hitSize":30,
		"shootEffect": "shootBig",
		"splashDamageRadius":40,
		"splashDamage":180,
		"hitEffect":"flakExplosionBig",
        "despawnEffect":"flakExplosionBig",
        "ammoMultiplier":12,
        "fragBullets":12,
        "fragBullet":{
		"type":"BasicBulletType",
		"despawnEffect":"none",
		"pierce": true,//穿透单位
		"width":10,	
		"height":4,
		"damage":66,
        "lifetime":20,
        "speed":2.5,
        "drag":0.005
      }
	},
	"surge-alloy":{
    "type":"BasicBulletType",
    "speed": 9,
    "lifetime":60,
	"width": 14,
	"height": 15,
	"damage":46,
	"weaveMag":4,
	"weaveScale":4,
    "hitSize":40,
	"shootEffect": "shootBig",
	"splashDamageRadius":85,
	"splashDamage":35,
	"hitEffect":"flakExplosionBig",
    "despawnEffect":"flakExplosionBig",
    "ammoMultiplier":2,	 
    "lightningDamage":24,
    "lightning":15,
    "lightningLength":10
    "homingRange": 40,
    "homingPower": 10,
            "fragBullets":5,
        "fragBullet":{
		"type":"BasicBulletType",
		"despawnEffect":"none",
		"width":10,	
		"height":4,
		"damage":14,
        "lifetime":30,
        "speed":2.5,
        "drag":0.005
            "lightningDamage":24,
    "lightning":7,
    "lightningLength":5
    "fragBullets":4,
      }
		}
	},
	"requirements": [
		{ "item": "copper", "amount": 180 },
		{ "item": "graphite", "amount": 95 },
		{ "item": "plastanium","amount":70},
		{ "item": "surge-alloy","amount":35},
		{ "item": "超位物","amount":15}
		{ "amount": 180, "item": "终极建筑许可" }
	    { "amount": 120, "item": "silicon" }
	],
	"category": "turret",
	"research": "spectre"
	}