{
    "type":"GenericCrafter",
    "name":"石油热解机",
    "hasLiquids":true,
    "hasItems":false,
    "rotate":true,
    "description":"消耗石油和矿渣，热解出甲烷和乙烯",
    "liquidOutputDirections":[1,3],
    "outputLiquids":["甲烷/0.3", "乙烯/0.2"],
    "health":800,
    "size":3,
    "liquidCapacity":100,
    "hasPower":true,
	"drawer": {
   "type": "DrawMulti",//type，不动
    "drawers": [//格式不能改
      "DrawDefault",//draw本体
      "DrawRegion",
      "DrawLiquidOutputs"//draw左右液体，后缀 -液体名，亮色1 暗色2 （大型电解机-ozone-output1）
    ]
  }//draw按从上到下的顺序
    "craftTime":60,
    "consumes":{
        "power":15,
        "liquids":[
	        {"liquid":"oil","amount":0.4},
		    {"liquid":"slag","amount":0.4}
		]
    },
    "requirements": [
    "copper/540",
    "lead/480",
    "silicon/270",
    "titanium/210",
    "metaglass/150"
    ],
    "research":{
        "parent": "power-node-large",
        "requirements": ["copper/600","lead/500","titanium/500","silicon/300","metaglass/200"]
    }
    "category":"crafting",
    "research":""
}