{
    "type": "missile",
    "template": "MissileUnitType",
    "outlineColor": "383848",
    "name": "打包水晶尖刀",
    "homingDelay": 90,
    "speed": 6,
    "lifetime": 290,
    "rotateSpeed": 3,
    "loopSoundVolume": 0.03,
    "deathSound": "explosionbig",
    "missileAccelTime": 100,
    "hitSize": 1.12,
    "health": 4800,
    "armor": 35,
    "fogRadius": 8,
    "engineColor": "BF92F8",
    "trailColor": "BF92F8",
    "trailLength": 35,
    "engineLayer": 110,
    "engineOffset": 8,
    "engineSize": 4,
    "maxRange": 30,
    "abilities": [
        {
            "type": "SpawnDeathAbility",
            "unit": "水晶尖刀",
            "amount": 10,
            "randAmount": 6
        }
    ]
}