{
	"type": "naval",
	"name": "昭澜",
	"description": "四级海军单位，拥有威力巨大的火焰喷射器和两门脉冲炮弹发射器",
	"speed":1.2,
	"rotateSpeed":2.8,
	"trailLength":24,
	"waveTrailX":0,
	"waveTrailY":-6,
	"trailScl":2,
	"hitSize":42, 
	"health": 12000,
	"armor":8,
	"faceTarget": false,
	"research": "fhac玄汐",
	"weapons":[ 
	{"name":"fhad昭澜1",
		"x":0,"y":0,
		"shootY":6,
		"mirror":false,
		"rotateSpeed":1.5,
		"rotate":true,
		"recoil":0,
		"recoilTime":100,
		"cooldownTime":240,
			"rotationLimit":45,
		"shake":1,
		"shootSound":"torch",
		"alwaysContinuous":true,

		"bullet":{
		"type":"ContinuousFlameBulletType",
		"colors":["4848A4FF","5757C1FF","717DD5FF","8CA9E8FF","FFFFFF"],
		"damage":45,
		"width":6.5,"length":280,
		"drawFlare":false,
		"drawSize":200,
		"pierceCap":6,
		"pierce":true,
		"pierceBuilding":true,

	"hitEffect":{
		"type":"ParticleEffect",
		"line":true,
		"particles":7,
		"lifetime":15,
		"length":65,
		"cone":-360,
		"strokeFrom":2.5,
		"strokeTo":0,
		"lenFrom":8,
		"lenTo":0,
		"colorFrom":"8CA9E8FF",
		"colorTo":"91A4FF"
		}
	}	}	
		{"name":"fhad昭澜2",
		"mirror":true,
		"top":true,
		"reload":90,
		"x":-10.75,
		"y":-10.75,
		"shootY":8,
		"shake":2,
		"rotate":true,
		"rotationLimit":45,
		"rotateSpeed":4,
		"recoils":2,
		"soundPitchMin":1,
		"shootSound":"shootSmite",
		"shootCone":45,
		"shoot":{
		"type":"ShootSpread",
		"spread":3,
		"shots":9
		},
		"velocityRnd":1,
		"bullet":{
		"type":"basicBulletType",
		"sprite":"large-orb",
		"damage":64,
		"splashDamageRadius":12,
		"splashDamage":128,
		"speed":12,
		"lifetime":23,
		"status":"shocked",
		"shrinkY":0,
		"shrinkX":0,
		"width":12,
		"height":12,
		"frontColor":"36B1DDFF",
		"backColor":"BAFFF9FF",
		"rangeChange":-48,
		"weaveMag":4,
		"weaveScale":7,
		"homingRange":180,
		"homingDelay":15,
		"homingPower":0.075,
		"trailColor":"BAFFF9FF",
		"trailParam":2,
		"trailWidth":3,
		"trailLength":4,
		"trailRotation":true,
		"trailInterval":1,
		"trailEffect":"disperseTrail",
		"shootEffect":"lancerLaserShoot",
		"hitEffect":{
		"type":"multiEffect",
		"effects":[
		{"type":"WaveEffect",
		"lifetime":15,
		"sizeFrom":0,
		"sizeTo":30,
		"strokeFrom":7.5,
		"strokeTo":0,
		"colorFrom":"36B1DDFF",
		"colorTo":"BAFFF9FF"
		},
		{"type":"ParticleEffect",
		"offset":30,
		"particles":10,
		"lifetime":20,
		"length":50,
		"interp":"circleOut",
		"sizeInterp":"pow5In",
		"cone":-360,
		"line":true,
		"strokeFrom":1.5,
		"strokeTo":1.5,
		"lenFrom":5,
		"lenTo":0,
		"lightColor":"BAFFF9FF",
		"colorFrom":"36B1DDFF",
		"colorTo":"BAFFF9FF"
		},
		{"type":"ParticleEffect",
		"offset":30,
		"particles":10,
		"lifetime":25,
		"length":30,
		"interp":"circleOut",
		"sizeInterp":"pow5In",
		"cone":-360,
		"line":true,
		"strokeFrom":1.5,
		"strokeTo":1.5,
		"lenFrom":7,
		"lenTo":0,
		"lightColor":"BAFFF9FF",
		"colorFrom":"36B1DDFF",
		"colorTo":"BAFFF9FF"
		}	]	}
		}
		}
]
}