{
	"type": "naval",
	"name": "初冥",
	"description": "五级海军单位，拥有绝对的火力压制",
	"speed":1.1,
	"rotateSpeed":2.6,
	"trailLength":24,
	"waveTrailX":0,
	"waveTrailY":-6,
	"trailScl":2,
	"hitSize":68, 
	"health": 25560,
	"armor":10,
	"faceTarget": false,
	"research": "fhad",
	"weapons":[ 
	{
			"name": "fhae初冥2",
			"x": -23.75,
			"mirror":true,
			"y": 16.75,
			"recoil": 1,
			"shake": 3,
			"shootY": 6,
			"reload": 30,
			"inaccuracy": 5,
			"shootCone": 10,
			"shoot": {
				"type": "ShootAlternate",
				"shots": 3,
				"spread": 8,
				"shotDelay": 5
			},
			"rotate": true,
			"rotateSpeed": 4,
			"rotationLimit": 120,
			"cooldownTime": 85,
			"shootSound": "cannon",
			"ejectEffect": "casing4",
			"bullet": {
				"damage": 120,
				"lifetime": 24,
				"speed": 8,
				"shrinkY": 0,
				"width": 12,
				"height": 12,
				"weaveMag": 1,
				"weaveScale": 4,
				"trailLength": 12,
				"trailWidth": 3.2,
				"trailColor": "8CA9E8FF",
				"hitColor": "6974C4FF",
				"absorbable": false,
				"reflectable": false,
				"splashDamage": 120,
				"splashDamageRadius": 40,
				"buildingDamageMultiplier": 1.5,
				"shootEffect": {
					"type": "ParticleEffect",
					"particles": 3,
					"lifetime": 25,
					"sizeFrom": 3,
					"sizeTo": 0,
					"cone": 15,
					"length": 33,
					"colorFrom": "8CA9E8FF",
					"colorTo": "6974C4FF"
				},
				"smokeEffect": "shootSmokeSquare",
				"trailChance": 0.25,
				"trailEffect": {
					"type": "ParticleEffect",
					"particles": 1,
					"lifetime": 25,
					"sizeFrom": 3,
					"sizeTo": 0,
					"cone": 360,
					"length": 23,
					"sizeInterp": "pow10In",
					"colorFrom": "8CA9E8FF",
					"colorTo": "6974C4FF"
				},
				"hitShake": 3,
				"hitSound": "plasmaboom",
				"despawnEffect": "none",
				"hitEffect": {
					"type": "MultiEffect",
					"effects": [
						{
							"type": "ParticleEffect",
							"region": "blank",
							"particles": 3,
							"lifetime": 33,
							"sizeFrom": 5,
							"sizeTo": 0,
							"cone": 360,
							"offset": 45,
							"length": 55,
							"baseLength": 33,
							"interp": "pow5Out",
							"sizeInterp": "pow10In",
							"colorFrom": "8CA9E8FF",
							"colorTo": "6974C4FF"
						},
						{
							"type": "ParticleEffect",
							"lifetime": 33,
							"particles": 9,
							"line": true,
							"strokeFrom": 2,
							"lenFrom": 11,
							"lenTo": 0,
							"cone": 360,
							"length": 80,
							"colorFrom": "8CA9E8FF",
							"colorTo": "6974C4FF"
						},
						{
							"type": "WaveEffect",
							"lifetime": 15,
							"sizeTo": 80,
							"strokeFrom": 4,
							"colorFrom": "8CA9E8FF",
							"colorTo": "6974C4FF"
						},
						"hitSquaresColor"
					]
				}
			},
		},
	{
			"name": "fhae初冥2",
				"x": 23.75,
			"mirror":true,
			"y": 16.75,
			"recoil": 1,
			"shake": 3,
			"shootY": 6,
			"reload": 30,
			"inaccuracy": 5,
			"shootCone": 10,
			"shoot": {
				"type": "ShootAlternate",
				"shots": 3,
				"spread": 8,
				"shotDelay": 5
			},
			"rotate": true,
			"rotateSpeed": 4,
			"rotationLimit": 120,
			"cooldownTime": 85,
			"shootSound": "cannon",
			"ejectEffect": "casing4",
			"bullet": {
				"damage": 120,
				"lifetime": 24,
				"speed": 8,
				"shrinkY": 0,
				"width": 12,
				"height": 12,
				"weaveMag": 1,
				"weaveScale": 4,
				"trailLength": 12,
				"trailWidth": 3.2,
				"trailColor": "8CA9E8FF",
				"hitColor": "6974C4FF",
				"absorbable": false,
				"reflectable": false,
				"splashDamage": 120,
				"splashDamageRadius": 40,
				"buildingDamageMultiplier": 1.5,
				"shootEffect": {
					"type": "ParticleEffect",
					"particles": 3,
					"lifetime": 25,
					"sizeFrom": 3,
					"sizeTo": 0,
					"cone": 15,
					"length": 33,
					"colorFrom": "8CA9E8FF",
					"colorTo": "6974C4FF"
				},
				"smokeEffect": "shootSmokeSquare",
				"trailChance": 0.25,
				"trailEffect": {
					"type": "ParticleEffect",
					"particles": 1,
					"lifetime": 25,
					"sizeFrom": 3,
					"sizeTo": 0,
					"cone": 360,
					"length": 23,
					"sizeInterp": "pow10In",
					"colorFrom": "8CA9E8FF",
					"colorTo": "6974C4FF"
				},
				"hitShake": 3,
				"hitSound": "plasmaboom",
				"despawnEffect": "none",
				"hitEffect": {
					"type": "MultiEffect",
					"effects": [
						{
							"type": "ParticleEffect",
							"region": "blank",
							"particles": 3,
							"lifetime": 33,
							"sizeFrom": 5,
							"sizeTo": 0,
							"cone": 360,
							"offset": 45,
							"length": 55,
							"baseLength": 33,
							"interp": "pow5Out",
							"sizeInterp": "pow10In",
							"colorFrom": "8CA9E8FF",
							"colorTo": "6974C4FF"
						},
						{
							"type": "ParticleEffect",
							"lifetime": 33,
							"particles": 9,
							"line": true,
							"strokeFrom": 2,
							"lenFrom": 11,
							"lenTo": 0,
							"cone": 360,
							"length": 80,
							"colorFrom": "8CA9E8FF",
							"colorTo": "6974C4FF"
						},
						{
							"type": "WaveEffect",
							"lifetime": 15,
							"sizeTo": 80,
							"strokeFrom": 4,
							"colorFrom": "8CA9E8FF",
							"colorTo": "6974C4FF"
						},
						"hitSquaresColor"
					]
				}
			},
		},
			{
			"name": "fhae初冥2",
			"x": -17,
			"mirror":true,
			"y": -24.5,
			"recoil": 1,
			"shake": 3,
			"shootY": 6,
			"reload": 30,
			"inaccuracy": 5,
			"shootCone": 10,
			"shoot": {
				"type": "ShootAlternate",
				"shots": 3,
				"spread": 8,
				"shotDelay": 5
			},
			"rotate": true,
			"rotateSpeed": 4,
			"rotationLimit": 120,
			"cooldownTime": 85,
			"shootSound": "cannon",
			"ejectEffect": "casing4",
			"bullet": {
				"damage": 120,
				"lifetime": 24,
				"speed": 8,
				"shrinkY": 0,
				"width": 12,
				"height": 12,
				"weaveMag": 1,
				"weaveScale": 4,
				"trailLength": 12,
				"trailWidth": 3.2,
				"trailColor": "8CA9E8FF",
				"hitColor": "6974C4FF",
				"absorbable": false,
				"reflectable": false,
				"splashDamage": 120,
				"splashDamageRadius": 40,
				"buildingDamageMultiplier": 1.5,
				"shootEffect": {
					"type": "ParticleEffect",
					"particles": 3,
					"lifetime": 25,
					"sizeFrom": 3,
					"sizeTo": 0,
					"cone": 15,
					"length": 33,
					"colorFrom": "8CA9E8FF",
					"colorTo": "6974C4FF"
				},
				"smokeEffect": "shootSmokeSquare",
				"trailChance": 0.25,
				"trailEffect": {
					"type": "ParticleEffect",
					"particles": 1,
					"lifetime": 25,
					"sizeFrom": 3,
					"sizeTo": 0,
					"cone": 360,
					"length": 23,
					"sizeInterp": "pow10In",
					"colorFrom": "8CA9E8FF",
					"colorTo": "6974C4FF"
				},
				"hitShake": 3,
				"hitSound": "plasmaboom",
				"despawnEffect": "none",
				"hitEffect": {
					"type": "MultiEffect",
					"effects": [
						{
							"type": "ParticleEffect",
							"region": "blank",
							"particles": 3,
							"lifetime": 33,
							"sizeFrom": 5,
							"sizeTo": 0,
							"cone": 360,
							"offset": 45,
							"length": 55,
							"baseLength": 33,
							"interp": "pow5Out",
							"sizeInterp": "pow10In",
							"colorFrom": "8CA9E8FF",
							"colorTo": "6974C4FF"
						},
						{
							"type": "ParticleEffect",
							"lifetime": 33,
							"particles": 9,
							"line": true,
							"strokeFrom": 2,
							"lenFrom": 11,
							"lenTo": 0,
							"cone": 360,
							"length": 80,
							"colorFrom": "8CA9E8FF",
							"colorTo": "6974C4FF"
						},
						{
							"type": "WaveEffect",
							"lifetime": 15,
							"sizeTo": 80,
							"strokeFrom": 4,
							"colorFrom": "8CA9E8FF",
							"colorTo": "6974C4FF"
						},
						"hitSquaresColor"
					]
				}
			},
		},
				{
			"name": "fhae初冥2",
			"x": 17,
			"mirror":true,
			"y": -24.5,
			"recoil": 1,
			"shake": 3,
			"shootY": 6,
			"reload": 30,
			"inaccuracy": 5,
			"shootCone": 10,
			"shoot": {
				"type": "ShootAlternate",
				"shots": 3,
				"spread": 8,
				"shotDelay": 5
			},
			"rotate": true,
			"rotateSpeed": 4,
			"rotationLimit": 120,
			"cooldownTime": 85,
			"shootSound": "cannon",
			"ejectEffect": "casing4",
			"bullet": {
				"damage": 120,
				"lifetime": 24,
				"speed": 8,
				"shrinkY": 0,
				"width": 12,
				"height": 12,
				"weaveMag": 1,
				"weaveScale": 4,
				"trailLength": 12,
				"trailWidth": 3.2,
				"trailColor": "8CA9E8FF",
				"hitColor": "6974C4FF",
				"absorbable": false,
				"reflectable": false,
				"splashDamage": 120,
				"splashDamageRadius": 40,
				"buildingDamageMultiplier": 1.5,
				"shootEffect": {
					"type": "ParticleEffect",
					"particles": 3,
					"lifetime": 25,
					"sizeFrom": 3,
					"sizeTo": 0,
					"cone": 15,
					"length": 33,
					"colorFrom": "8CA9E8FF",
					"colorTo": "6974C4FF"
				},
				"smokeEffect": "shootSmokeSquare",
				"trailChance": 0.25,
				"trailEffect": {
					"type": "ParticleEffect",
					"particles": 1,
					"lifetime": 25,
					"sizeFrom": 3,
					"sizeTo": 0,
					"cone": 360,
					"length": 23,
					"sizeInterp": "pow10In",
					"colorFrom": "8CA9E8FF",
					"colorTo": "6974C4FF"
				},
				"hitShake": 3,
				"hitSound": "plasmaboom",
				"despawnEffect": "none",
				"hitEffect": {
					"type": "MultiEffect",
					"effects": [
						{
							"type": "ParticleEffect",
							"region": "blank",
							"particles": 3,
							"lifetime": 33,
							"sizeFrom": 5,
							"sizeTo": 0,
							"cone": 360,
							"offset": 45,
							"length": 55,
							"baseLength": 33,
							"interp": "pow5Out",
							"sizeInterp": "pow10In",
							"colorFrom": "8CA9E8FF",
							"colorTo": "6974C4FF"
						},
						{
							"type": "ParticleEffect",
							"lifetime": 33,
							"particles": 9,
							"line": true,
							"strokeFrom": 2,
							"lenFrom": 11,
							"lenTo": 0,
							"cone": 360,
							"length": 80,
							"colorFrom": "8CA9E8FF",
							"colorTo": "6974C4FF"
						},
						{
							"type": "WaveEffect",
							"lifetime": 15,
							"sizeTo": 80,
							"strokeFrom": 4,
							"colorFrom": "8CA9E8FF",
							"colorTo": "6974C4FF"
						},
						"hitSquaresColor"
					]
				}
			},
		},
			{"name":"fhae初冥1",
		"reload":300,
	"rotate":true,
	"rotateSpeed":0.8,
		"x":0,"y":0,
		"mirror":false,
		"alternate":false,
		"recoil":0.5,
			"shootY": 20,
		"shootSound":"mediumCannon",
		"layerOffset":0.003,

		"parts":[
		{"type":"HaloPart",
		"color":"DEEDFFFF",
		"tri":true,
		"shapes":1,
		"triLength":0,
		"triLengthTo":330,
		"radius":4,
		"mirror":true,
		"under":false,
		"sides":15,
		"stroke":0,
		"strokeTo":2,
		"shapeRotation":0,
		"haloRotation":0,
		"layer":110,
		"x":4,"y":2.5
		},

		{"type":"HaloPart",
		"progress":{
		"type":"charge",
		"op":"delay",
		"amount":0.1},
		"color":"DEEDFFFF",
		"tri":true,
		"shapes":1,
		"triLength":0,
		"triLengthTo":5,
		"radius":10,
		"shapeRotation":0,
		"haloRotation":0,
		"layer":110,
		"x":0,"y":12
		},
		{"type":"HaloPart",
		"progress":{
		"type":"charge",
		"op":"delay",
		"amount":0.2},
		"color":"DEEDFFFF",
		"tri":true,
		"shapes":1,
		"triLength":0,
		"triLengthTo":5,
		"radius":10,
		"shapeRotation":0,
		"haloRotation":0,
		"layer":110,
		"x":0,"y":41
		},
		{"type":"HaloPart",
		"progress":{
		"type":"charge",
		"op":"delay",
		"amount":0.3},
		"color":"DEEDFFFF",
		"tri":true,
		"shapes":1,
		"triLength":0,
		"triLengthTo":5,
		"radius":10,
		"shapeRotation":0,
		"haloRotation":0,
		"layer":110,
		"x":0,"y":70
		},
		{"type":"HaloPart",
		"progress":{
		"type":"charge",
		"op":"delay",
		"amount":0.4},
		"color":"DEEDFFFF",
		"tri":true,
		"shapes":1,
		"triLength":0,
		"triLengthTo":5,
		"radius":10,
		"shapeRotation":0,
		"haloRotation":0,
		"layer":110,
		"x":0,"y":99
		},
		{"type":"HaloPart",
		"progress":{
		"type":"charge",
		"op":"delay",
		"amount":0.5},
		"color":"DEEDFFFF",
		"tri":true,
		"shapes":1,
		"triLength":0,
		"triLengthTo":5,
		"radius":10,
		"shapeRotation":0,
		"haloRotation":0,
		"layer":110,
		"x":0,"y":128
		},
		{"type":"HaloPart",
		"progress":{
		"type":"charge",
		"op":"delay",
		"amount":0.6},
		"color":"DEEDFFFF",
		"tri":true,
		"shapes":1,
		"triLength":0,
		"triLengthTo":5,
		"radius":10,
		"shapeRotation":0,
		"haloRotation":0,
		"layer":110,
		"x":0,"y":157
		},
		{"type":"HaloPart",
		"progress":{
		"type":"charge",
		"op":"delay",
		"amount":0.7},
		"color":"DEEDFFFF",
		"tri":true,
		"shapes":1,
		"triLength":0,
		"triLengthTo":5,
		"radius":10,
		"shapeRotation":0,
		"haloRotation":0,
		"layer":110,
		"x":0,"y":186
		},
		{"type":"HaloPart",
		"progress":{
		"type":"charge",
		"op":"delay",
		"amount":0.8},
		"color":"DEEDFFFF",
		"tri":true,
		"shapes":1,
		"triLength":0,
		"triLengthTo":5,
		"radius":10,
		"shapeRotation":0,
		"haloRotation":0,
		"layer":110,
		"x":0,"y":215
		},
		{"type":"HaloPart",
		"progress":{
		"type":"charge",
		"op":"delay",
		"amount":0.9},
		"color":"DEEDFFFF",
		"tri":true,
		"shapes":1,
		"triLength":0,
		"triLengthTo":5,
		"radius":10,
		"shapeRotation":0,
		"haloRotation":0,
		"layer":110,
		"x":0,"y":244
		},
		{"type":"HaloPart",
		"progress":{
		"type":"charge",
		"op":"delay",
		"amount":1.0},
		"color":"DEEDFFFF",
		"tri":true,
		"shapes":1,
		"triLength":0,
		"triLengthTo":5,
		"radius":10,
		"shapeRotation":0,
		"haloRotation":0,
		"layer":110,
		"x":0,"y":273
		}	],

		"shoot":{
		"type":"shootPattern",
		"firstShotDelay":240,
		"shots":3,
		"shotDelay":5
		},

		"bullet":{
		"sprite":"mine-bullet",
		"pierceCap":8,
		"pierce":true,
		"pierceBuilding":true,
		"damage":800,
		"splashDamageRadius":80,
		"splashDamage":336,
		"speed":16,
		"lifetime":22.5,
		"shrinkY":0,"shrinkX":0,
		"width":17.25,"height":17.25,
		"frontColor":"8598BFFF",
		"backColor":"DEEDFFFF",
		"hitSound":"shootSmite",
		"hitShake":1,
		"hitColor":"8598BFFF",

		"trailRotation":true,
		"trailLength":8.5,
		"trailWidth":4.5,
		"trailColor":"DEEDFFFF",
		"trailChance":1,
		"trailInterval":2,
		"trailEffect":{
		"type":"ParticleEffect",
		"particles":1,
		"sizeFrom":1,
		"sizeTo":0,
		"colorFrom":"8598BFFF",
		"colorTo":"DEEDFFFF",
		"lifetime":10,
		"interp":"pow10Out",
		"baseLength":3,
		"cone":30,
		"length":-35
		},

	"shootEffect":{
		"type":"multiEffect",
		"effects":[
		{"type":"WaveEffect",
		"lifetime":10,
		"sizeFrom":0,
		"sizeTo":15,
		"strokeFrom":1.5,
		"strokeTo":0,
		"colorFrom":"8598BFFF",
		"colorTo":"DEEDFFFF"
		},
		{"type":"ParticleEffect",
		"region":"calamity-prism",
		"particles":3,
		"length":40,
		"lifetime":48,
		"interp":"circleOut",
		"sizeInterp":"pow5Out",
		"cone":0,
		"colorFrom":"8598BFFF",
		"colorTo":"DEEDFFFF",
		"sizeFrom":5.5,
		"sizeTo":0
		}	]	},

	"hitEffect":{
	"type":"multiEffect",
	"effects":[
		{"type":"WaveEffect",
		"lifetime":25,
		"sizeFrom":0,
		"sizeTo":20,
		"colorFrom":"8598BFFF",
		"colorTo":"DEEDFFFF",
		"strokeFrom":3.5,
		"strokeTo":0},
	{"type":"WaveEffect",
	"lifetime":15,
	"sizeFrom":0,
	"sizeTo":60,
	"strokeFrom":7.5,
	"strokeTo":0,
		"colorFrom":"8598BFFF",
		"colorTo":"DEEDFFFF"
	},
	{"type":"ParticleEffect",
	"offset":30,
	"particles":10,
	"lifetime":20,
	"length":50,
	"interp":"circleOut",
	"sizeInterp":"pow5In",
	"cone":-360,
	"line":true,
	"strokeFrom":1.5,
	"strokeTo":1.5,
	"lenFrom":14,
	"lenTo":0,
	"lightColor":"DEEDFFFF",
		"colorFrom":"8598BFFF",
		"colorTo":"DEEDFFFF"
	},
	{"type":"ParticleEffect",
	"offset":30,
	"particles":10,
	"lifetime":25,
	"length":30,
	"interp":"circleOut",
	"sizeInterp":"pow5In",
	"cone":-360,
	"line":true,
	"strokeFrom":1.5,
	"strokeTo":1.5,
	"lenFrom":7,
	"lenTo":0,
	"lightColor":"DEEDFFFF",
		"colorFrom":"8598BFFF",
		"colorTo":"DEEDFFFF"
	},
	{"type":"ParticleEffect",
	"particles":7,
	"length":45,
	"lifetime":120,
	"interp":"pow3Out",
	"sizeInterp":"pow5In",
	"offset":30,
	"colorFrom":"8598BFFF",
	"colorTo":"DEEDFFA0",
	"sizeFrom":15,
	"sizeTo":0
	}	]	}
		}	},
]
}