{
"type":"payload"
"name":"伊塔",
"description":"保护终端核心,可建造建筑,放电攻击敌人,免疫电击和电磁紊乱",
"controller":"BuilderAI"
"isCounted":false,
"flying":true,
"lowAltitude":true
"hovering":false
"circleTarget":true
"mineTier":4
"mineSpeed":10
"itemCapacity":100
"immunities": [
		"shocked", 
		"electrified", 
	],
"buildSpeed":1.5
"speed":3.5
"range":330
"hitSize":5
"health":750,
"armor":2
"engineOffset":6
"engineSize":2.5
"ammoType":{
	"type":"PowerAmmoType",
	"totalPower":100},
    "ammoCapacity": 100,
"weapons":[
		{
    "reload":24,
    "top": true,
    "x": 0,
    "y": -2,
    "shootY": 2,
    "recoil": 1.5,
    "shake": 1,
    "rotateSpeed": 3,
    "rotate": true,
    "shoot": {
    "type": "ShootSpread",
    "shots": 3,
    "spread": 0.5
            },
    "shootSound": "spark",
    "shootCone":30,
			"bullet": {
              "type": "LightningBulletType",
              "buildingDamageMultiplier": 0.1
		      "damage":15,
              "lightningLength":25,
              "collidesAir": true
			}}
	{
		"reload":12, 
		 "shots": 2,
        "x":1,  "y":3.5, 
        "rotate": false,
        "top":false,
        "inaccuracy": 0,
		"shootSound": "shoot",
		"alternate": true,
	"ejectEffect":"casing2",
		"bullet":{
	    "damage":15,
	    "buildingDamageMultiplier":0.01,
	    "speed":5,
	    "lifetime":66,
	    "width":8,	"height":13
	}	},
]
}