{
	"name": "修理小飞碟",
	"description": "一个普通的修理机",
	"research": "构建工厂",
	"mass":2,	
	"speed":3,	
	"drag":0.05,"accel":0.1,
	"rotateSpeed":10,
	"ammoType":{
	"type":"PowerAmmoType",
	"totalPower":100},
	"ammoCapacity":100,
	"itemCapacity":50,
    "ammoResupplyAmount":100,
	"hitSize":5, 
	"buildSpeed": 0.5,
    "mineSpeed":1,	
    "mineTier":1,
	"flying": true,
	"turnCursor":true
	"rotateShooting": true,
	"health":250,
	"armor":2,
	"engineOffset": 3,
	"engineSize": 2,
    "research":{
	"parent":"构建工厂",}
			"weapons":[{
 "name": "维修射线",
 "mirror": false,
 "shooY": 10,
 "shooX": 0,
 "x": 0,
 "y": 0,
 "rotateSpeed": 5,
 "reload": 100,
 "recoil": 1,
 "inaccuracy": 0,
 "occlusion": 1,
 "width": 3,
 "shots": 1,
"bullet":{
   "type": "ContinuousLaserBulletType",
                    "lifetime":60,
                    "drawSize":5,
                    "damage":0.1,
                    "length":50,
                    "width":5,
                    "healPercent":5,
                    "incendChance": 0.75,
            "incendSpread": 5,
            "incendAmount": 1,
            "hitEffect": "hitMeltHeal"
            "despawnEffect": "smokeCloud",
            "smokeEffect": "none",
            "shootEffect": "greenLaserChargeSmall",
            "collidesTeam": "true",
            "backColor": "2EFF00",
            "frontColor": "2EFF00",
            "colors": [
      "2EFF00", "07FF23", "00ff00"]
           },
           },
         ]
}
