{
	"name":"金属转换炉"
	"type":"GenericCrafter"/*类型，目前本人就会这一个*/
	"description": "提取矿物中的元素进行重造",
	"itemCapacity":30,/*物品容量，数字都能改别的*/
	"health":1000,
	"size":2,/*最高16，不然会崩*/
	"hasPower": false,/*是否需要电*/
	"hasLiquids": false,/*是否需要液体*/
	"hasItems": true,/*是否需要物品*/
	"drawer":{
	    "type":"DrawMulti",//叠加,就算只有一个，也建议加上
	    "drawers":[
	    {
"type":"DrawFlame",
"flameColor":"#FFD700"
        },
    ]
},    
	"craftTime":65,
	"updateEffect": "none",	"consumes": {
		"items": {
			"items": [
				{ "item": "copper", "amount": 2 },
				{ "item": "lead", "amount": 2 },
			]
},
	},
	"drawer":{
        "type":"DrawMulti",
        "drawers":[
            "DrawDefault"
            ]
    },
	"outputItem": { "item": "现代战争-铁", "amount": 1 }/*输出的物品*/	
	"updateEffect":"freezing",
	
	"requirements": [
		{ "item": "copper", "amount": 30 },
		{ "item": "lead", "amount": 30 }/*建造所用物品*/
	],
	"category": "crafting",
	"research": "copper",/*前置研究*/
	"idleSound": "respawning",
	"idleSoundVolume": 0.5
}