{
	"name":"钢板炼制厂"
	"type":"GenericCrafter"/*类型，目前本人就会这一个*/
	"description": "输入铁矿，输出钢板",
	"itemCapacity":30,/*物品容量，数字都能改别的*/
	"health":1000,
	"size":3,/*最高16，不然会崩*/
	"hasPower": false,/*是否需要电*/
	"hasLiquids": false,/*是否需要液体*/
	"hasItems": true,/*是否需要物品*/
	"craftTime":65,
	"updateEffect": "none",
	"consumes":{
		"items": {
			"items": [
				{ "item": "现代战争-铁", "amount": 2 },/*需要的材料*/
			]
    },
},
	"outputItem": { "item": "现代战争-钢板", "amount": 1 }/*输出的物品*/
	"updateEffect":"smeltsmoke",
	
	"requirements": [
		{ "item": "现代战争-铁", "amount": 25 }/*建造所用物品*/
	],
	"category": "crafting",
	"research": "现代战争-铁",/*前置研究*/
	"idleSound": "respawning",
	"idleSoundVolume": 0.5
}