{
	"type": "BurstDrill",
	"name": "轰击钻井",
	"description": "使用爆破的方式采矿矿物。",
	"category": "production",//菜单栏

	"research":  "ga-01切割钻头",//科技树前置

	"requirements": [//建造花费
	  "铁/240"
	  "锡/240"
	  "钢/120"
	  "硅晶玻璃/180"
	  ],

	"consumes":{//运作消耗
		"power": 2//电,帧
		"liquid": "water/0.1"
		}	

	"drillEffect": "mineImpact",
	"drillTime":100,

	"size":5,
	"tier":5,
	"health": 4830,
	"hasItems": true,
	"itemCapacity": 480,
	"liquidCapacity": 120,
	"shake":4,
	"fogRadius":4,
	"blockedItem": "影沙"
}