{
    "type":"Drill",
    "name": "五合钻头",
    "description": "？",
    "details":"第二艺术"
    "health":1751,//血量
	"size":5,
	"tier":32767,
	"drillTime":75,
	"itemCapacity":32767,
	"liquidCapacity":5
	"rotateSpeed":20,
	"warmupSpeed":0.20,
	"liquidBoostIntensity":1.6329931618554520654648560498039,//液体加强
	"consumes":{
	"power":2.8,
	"liquid": {
	   "liquid": "water",
	   "amount": 0.08333333333,
	   "booster": true,
	   "optional": true
    }
    },
	"requirements":[
	              "copper/155","lead/72","metaglass/40","graphite/122","titanium/70","thorium/190","silicon/135",
	],
	"research":"混乱钻头",
	"hasItems": true,
	"drawMineItem":true,
	"category": "production",
	"canOverdrive": false,
	"drawRim": true,
	"liquidboost":true
}