{
	"type": "Pump",//类型
	"category": "liquid",//菜单栏
	"name": "涡流泵",//名字
	"description": "泵送大量液体，需要电力。",//介绍
    "buildCostMultiplier": 0.8,
	"research":{
	"parent":"a感电泵"//科技树前置
	/*"objectives":[
	{
	"type": "SectorComplete",//占领地图
	"preset":"野性之心-林中平原"//地图名
	},
	]
	/*"requirements": [//研究花费
	]*/	},
	"requirements": [//建造消耗
	"钢铁/60",
	"金/60",
	"metaglass/120",
	"thorium/50",
	],
	"consumes": {"power": 1.3333333333,
	/*"liquid":{"liquid":"water","amount":0.2}*/	}
	"size": 3,//平方大小
	"health": 1200,//血量
	"pumpAmount": 0.185185185,//秒泵出量
	"liquidCapacity":120,//液体容量
	"squareSprite": false,
}