{
	"type": "ArmoredConduit",//类型
	"category": "liquid",//菜单栏
	"name": "密封导管",//名字
	"description": "用于运输液体。导管上附着的纤维织物能保证相邻液体不会掺杂其中，且末端不会渗出一丁点液体。",//介绍

	"research": {
	"parent": "d改良导管"//科技树前置
	"requirements": [//研究花费
	"钢铁/200",
	"metaglass/50",
	"纤维织物/500"
	]	},

    "leaks":false,//泄露

	"requirements": [//建造消耗
	"钢铁/2",
	"metaglass/1",
	"纤维织物/5"
	],
    "bridgeReplacement":"h改良流体桥",//默认桥
    "junctionReplacement":"f改良流体交叉器",//默认交叉器
	"health": 250,//血量
	"liquidCapacity":50,//液体容量
	"liquidPressure": 1.2,//液体填充速度
}
