{
	"type": "PowerTurret",
	"name": "崩溃",
	"health": 18000,
	"size": 8,
	"canOverdrive": false,
	"shootSound": "plasmadrop",
	"unitSort": "farthest",
	"shoot": {
		"type": "ShootMulti",
		"source": {
			"shots": 4,
			"shotDelay": 3
		},
		"dest": [
			{
				"type": "ShootHelix",
				"shots": 2,
				"scl": 4,
				"mag": 3
			},
			{
				"type": "ShootHelix",
				"firstShotDelay": 60,
				"shots": 3,
				"scl": 4,
				"mag": 5
			},
			{
				"type": "ShootHelix",
				"firstShotDelay": 125,
				"shots": 4,
				"scl": 3,
				"mag": 4
			}
		]
	},
	"shootWarmupSpeed": 0.03,
	"warmupMaintainTime": 350,
	"minWarmup": 0.88,
	"shootY": 15,
	"heatColor": "FF4040",
	"cooldownTime": 120,
	"shake": 8,
	"inaccuracy": 5,
	"xRand":16,
	"shootCone": 120,
	"recoil": 8,
	"recoilTime": 178,
	"velocityRnd": 0.12,
	"shootType": {
		"type": "EmpBulletType",
		"radius": 85,
		"timeIncrease": 1,
		"powerDamageScl": 3,
		"unitDamageScl": 2.5,
		"speed": 8.5,
		"lifetime": 50,
		"maxRange": 862,
		"drag": -0.02,
		"status": "能量过载",
		"statusDuration": 80,
		"homingDelay": 40,
		"homingPower": 1,
		"homingRange": 80,
		"hitShake": 3,
		"damage": 40,
		"splashDamageRadius": 80,
		"splashDamage": 20,
		"lightningDamage": 88,
		"lightning": 2,
		"lightningLength": 5,
		"lightningLengthRand": 3,
		"lightningColor": "AD9ECEFF",
		"splashDamagePierce": true,
		"scaledSplashDamage": true,
		"buildingDamageMultiplier": 0.18,
		"ammoMultiplier": 1,
		"sprite": "circle-bullet",
		"shrinkY": 0,
		"trailLength": 20,
		"trailWidth": 5,
		"trailColor": "AD9ECEFF",
		"frontColor": "FFFFFF",
		"backColor": "AD9ECEFF",
		"width": 12,
		"height": 12,
		"hitSound": "plasmaboom",
		"chainEffect": "chainLightning",
		"hitPowerEffect": {
			"type": "ParticleEffect",
			"particles": 5,
			"baseLength": 0,
			"length": 90,
			"lifetime": 16,
			"line": true,
			"lenFrom": 30,
			"lenTo": 0,
			"strokeFrom": 2,
			"strokeTo": 0,
			"colorFrom": "AD9ECEFF",
			"colorTo": "AD9ECEFF",
			"cone": 360
		},
		"despawnEffect": {
			"type": "ParticleEffect",
			"particles": 1,
			"sizeFrom": 85,
			"sizeTo": 0,
			"sizeInterp": "pow10Out",
			"length": 0,
			"baseLength": 0,
			"lifetime": 70,
			"colorFrom": "AD9ECEFF60",
			"colorTo": "AD9ECEFF"
		},
		"hitEffect": {
			"type": "ExplosionEffect",
			"lifetime": 48,
			"waveStroke": 3,
			"waveLife": 12,
			"waveRadBase": 6,
			"waveColor": "AD9ECEFF",
			"waveRad": 85,
			"smokes": 6,
			"smokeColor": "AD9ECEFF",
			"sparkColor": "AD9ECEFF",
			"sparks": 3,
			"sparkRad": 85,
			"sparkStroke": 2,
			"sparkLen": 36
		},
		"bulletInterval": 5,
		//"intervalDelay": 30,
		//"intervalBullets": 1,
		//"intervalRandomSpread": 0,
		//"intervalAngle": 0,
		/*"intervalBullet":{
			"type": "BasicBulletType",
			"weaveScale": 7,
			"weaveMag": 3,
			"speed": 0.5,
			"drag": -0.12,
			"lifetime": 40,
			"status": "electrified",
			"statusDuration": 35,
			"homingDelay": 10,
			"homingPower": 0.8,
			"homingRange": 400,
			"hitShake": 1,
			"damage": 30,
			"lightningDamage": 40,
			"lightning": 1,
			"lightningLength": 3,
			"lightningColor": "AD9ECEFF",
			"sprite": "circle-bullet",
			"shrinkY": 0,
			"trailLength": 9,
			"trailWidth": 3.8,
			"trailColor": "AD9ECEFF",
			"frontColor": "FFFFFF",
			"backColor": "AD9ECEFF",
			"width": 9,
			"height": 9,
			"hitSound": "none",
			"despawnEffect": "none",
			"hitEffect": {
				"type": "ParticleEffect",
				"particles": 1,
				"sizeFrom": 4,
				"sizeTo": 0,
				"sizeInterp": "pow3In",
				"length": 0,
				"baseLength": 0,
				"lifetime": 50,
				"colorFrom": "AD9ECEFF",
				"colorTo": "AD9ECEFF"
			}
		}*/
	},
	"shootEffect": {
		"type": "MultiEffect",
		"effects": [
			{
				"type": "ParticleEffect",
				"particles": 1,
				"sizeFrom": 6,
				"sizeTo": 0,
				"interp": "pow10Out",
				"sizeInterp": "pow10In",
				"length": 88,
				"baseLength": 0,
				"lifetime": 85,
				"colorFrom": "AD9ECEFF",
				"colorTo": "AD9ECEFF80",
				"cone": 13
			},
			{
				"type": "ParticleEffect",
				"particles": 2,
				"line": true,
				"lenFrom": 43,
				"lenTo": 0,
				"strokeFrom": 3.36,
				"strokeTo": 0,
				"interp": "pow10Out",
				"length": 93,
				"baseLength": 0,
				"lifetime": 85,
				"colorFrom": "AD9ECEFF",
				"colorTo": "AD9ECEFF80",
				"cone": 13
			}
		]
	},
	"smokeEffect": "none",
	"consumes": {
		"power": 360,
		"liquid": {
			"liquid": "cryofluid",
			"amount": 3.5
		}
	},
	"liquidCapacity": 60,
	"reload": 230,
	"rotateSpeed": 1.32,
	"range": 862,
	"category": "turret",
/*"research": {
		"parent": "清宁",
		"objectives": [
			{
				"type": "SectorComplete",
				"preset": "第五战区"
			}
		]
	},*/
	
	
	
	
	    	    "drawer": {
        "type": "DrawTurret",
        "parts": [
						{
			    "type": "ShapePart",
						"progress": "warmup",
						"y": 18.3,
						"sides": 3,
						"color": "AD9ECEFF",
						"rotateSpeed": 0,
						"stroke": 4,
						"strokeTo": 4,
						"circle": true,
						"hollow": true,
						"radius": 1,
						"radiusTo": 10,
						"layer": 110
					},
			{
				"type": "HaloPart",
				"rotateSpeed": 0,
				"shapeRotation": 0,
				"x": 24,
				"y": 32,
				"sides": 3,
				"shapes": 1,
				"color": "ffffff",
				"colorTo": "AD9ECEFF",
				"tri": true,
				"hollow": true,
				"radius": 0,
				"radiusTo": 5,
				"triLength": 500,
				"triLengthTo": 160,
				"haloRadius": 0,
				"haloRotation": 0,
				"haloRotateSpeed": 0,
				"layer": 110
			},
			{
				"type": "HaloPart",
				"rotateSpeed": 0,
				"shapeRotation": 0,
				"x": -24,
				"y": 32,
				"sides": 3,
				"shapes": 1,
				"color": "ffffff",
				"colorTo": "AD9ECEFF",
				"tri": true,
				"hollow": true,
				"radius": 0,
				"radiusTo": 5,
				"triLength": 500,
				"triLengthTo": 160,
				"haloRadius": 0,
				"haloRotation": 0,
				"haloRotateSpeed": 0,
				"layer": 110
			},
    
        ]
        }
        
        
	"requirements": [
		"硅钢/2500",
	]
}