{"type": "BurstDrill",
"name":"冲压",
"description": "氮气加速转子来冲击矿石",
"tier":6
"itemCapacity": 20,
"hasLiquids": true,
  "consumes": {
    "power": 1.3,
    "liquid": {
      "liquid": "nitrogen",
      "amount": 0.6
    }
  }
"drillTime":250,
"size":4
"category": "production",
	"requirements": [//研究花费
	"铋/150"
	"铟/200"
	"silicon/50"
	]
	"research": {
	"parent": "破冲"//科技树前置
	"requirements": [//研究花费
	"铋/300"
	"graphite/300",
	"silicon/100"
	]
	"objectives":[
 		 {
  "type": "OnSector",
  "preset":"碎裂污湖"  }]
	},
    "arrows":1
    "glowColor":"F77622FF",
		}