{"type": "BeamDrill",
"name":"离子",
"health":130
"description": "使用臭氧轰炸挖掘墙上的矿石",
"tier":7
"drillTime":110,
"size":3
"range": 5,
"liquidBoostIntensity": 1.6,
"consumes":{//运作消耗
"liquids": {
      "liquids": [
        {
          "liquid": "ozone",
          "amount": 0.2
        },
      ]
    }
  }
"research":"拾荒"
"requirements": [
        "铋/55",
        "silicon/30"
        "graphite/60"
        "tungsten/20"
    ],
"hasLiquids": true,
"category": "production",
		}