{"type": "BeamDrill",
"name":"轰击",
"health":130
"description": "挖掘墙上的矿石，需要氰气，可以采集放射性的铀",
"tier":8
"drillTime":150,
"size":5
"range": 8,
"consumes":{//运作消耗
		"power":3//电,帧
		"liquid": {//液体
		"liquid": "cyanogen", "amount": 0.2,//液体消耗
		}	}
"research": {
	"parent": "拾荒"//科技树前置
	"requirements": [//研究花费
	"铋/2000"
	"graphite/2000",
	"oxide/300"
	"silicon/2000"
	"莱特合金/1000"
	]
	}
	"requirements": [//研究花费
	"铋/80"
	"graphite/100",
	"oxide/30"
	"silicon/100"
	"莱特合金/10"
	]
"hasLiquids": true,
"category": "production",
		}