{
	"name":"无中生有（钍）"
	"type":"GenericCrafter"
	"description": "这玩意咋来的？",
	"itemCapacity":5000,
	
	"health":5000,
	"size":2,
	"hasPower": true,
	"hasLiquids": false,
	"hasItems": true,
	
	"craftTime":5,
	"updateEffect": "none",
	"consumes": {
		"power":1,
		"items": {
			"items": [
				{"item":"thorium","amount":1}
			]
},
	},
  	"liquidCapacity": 600,
	"outputItem": { "item": "thorium", "amount": 1000 }
	
	"requirements": [
		{ "item": "copper", "amount": 100}
		{ "item": "lead", "amount": 125 }
	],
	"category": "crafting",
	"research": "surge-alloy",
	"idleSound": "respawning",
	"idleSoundVolume": 0.5,
	"research": "core-shard"
}