{
	"type": "mech",
	"name": "喷火机甲",
	"description": "范围伤害,只能对地攻击,生命值高且自我修复",
    "speed":  0.6,
    "hitSize": 8,
		"ammoType":{
	"type":"PowerAmmoType",
	"totalPower":2200},
	"ammoCapacity": 700
    "ammoResupplyAmount":1,/*弹药补给倍率 */
    "health": 4500,
    "armor": 0,
    "drag": 0.2,
    "rotateSpeed": 2.5,
    "itemCapacity": 30,
        "targetAir":true,  
    "targetGround":true,
    "abilities": [
		{
        "type": "RepairFieldAbility"
        "amount":1
        "reload": 10
        "range": 0.1
    }
	],
	"weapons":[{	"name": "无",	
		"reload":4.8
        "x": 5,  "y": 8, 
        "rotate": false,
        "inaccuracy": 8,
        "targetAir" :false,
	"targetGround": true,
		"shoot":{
			"shots":1,
			"shotDelay":3
		},
		"mirror":true,
		"shootSound": "无",
		"alternate": true,
		"ejectEffect":"casing1",
		"bullet":{
		"collidesAir": false
    "collidesGround": true,
    "reloadMultiplier": 0.8,
			"type": "BulletType",
			"damage": 4,
			"hitSize":10,
			"speed": 3.4,
			"lifetime": 50
			"ammoMultiplier": 6,
			"collidesAir": false
        "collidesGround": true
			"pierce":true
			"width": 8,"height": 12
        "backColor": "DCD139",
				"frontColor": "DC0000",
			"shootEffect": {
				"type": "ParticleEffect",
				"particles": 13,
				"lifetime": 50
				"sizeFrom": 1.88,
				"sizeTo": 0,
				"interp": "pow5Out",
				"sizeInterp": "pow10In",
				"length": 88,
				"baseLength": 0,
				"colorFrom": "DCD139",
				"colorTo": "DC0000",
				"cone": 12
			},
			}}
]
"research": "机枪机甲",
    "researchCostMultiplier": 0.2,
     "drownTimeMultiplier":0.001
}