{
	"type": "mech",
	"name": "基础机甲",
	"description": "只能攻击陆地上的单位，相较于普通坦克，生命更高，但速度更慢",
    "speed":  0.8,
    "hitSize": 4,
		"ammoType":{
	"type":"PowerAmmoType",
	"totalPower":2200},
	"ammoCapacity": 700
    "ammoResupplyAmount":1,/*弹药补给倍率 */
    "health": 500,
    "armor": 0,
    "drag": 0.2,
    "rotateSpeed": 2.5,
    "itemCapacity": 30,
        "targetAir":false,  
    "targetGround":true,
	"weapons":[{	"name": "无",	
		"reload":37,
        "x": 1,  "y": 0.5, 
        "rotate": false,
        "inaccuracy": 0,
        "targetAir" :false,
	"targetGround": true,
		"shoot":{
			"shots":1,
			"shotDelay":3
		},
		"mirror":false,
		"shootSound": "无",
		"alternate": true,
		"ejectEffect":"casing1",
		"bullet":{
		"collidesAir": false
    "collidesGround": true,
	    "damage":23,	  
	    "speed":13,
	    "lifetime":10,
	    "width":7,	 "height":10
	}	}
]
"research": "机械工厂",
    "researchCostMultiplier": 0.2,
     "drownTimeMultiplier":0.001
}