{
	"type": "mech",
	"name": "特斯拉机甲",
	"description": "对地闪电攻击，对建筑伤害较低",
    "speed":  0.7,
    "hitSize": 9
		"ammoType":{
	"type":"PowerAmmoType",
	"totalPower":2200},
	"ammoCapacity": 700
    "ammoResupplyAmount":1,/*弹药补给倍率 */
    "health": 2000,
    "armor": 0,
    "drag": 0.2,
    "rotateSpeed": 2.5,
    "itemCapacity": 30,
        "targetAir":false,  
    "targetGround":true,
	"weapons":[{
			"name": "无",
			"reload": 114.6,
			"recoil": 0,
			"x": 3,
			"y": 3,
			"rotate": true,
			"rotateSpeed": 5,
			"mirror": true,
			"inaccuracy": 0.5,
			"ejectEffect": "lightningShoot",
			"shootSound": "磁暴",
			"alternate": false,
			"targetAir" :false,
	"targetGround": true,
			"shoot":{
		"firstShotDelay":30
	},
			"bullet": {
			"type": "PointBulletType",
			"smokeEffect": "lightningShoot",
			"trailEffect": {
				"type": "ParticleEffect",
				"particles": 1,
				"baseLength": 0,
				"lifetime": 20,
				"line": true,
				"randLength": false,
				"lenFrom": 11,
				"lenTo": 11,
				"strokeFrom": 7,
				"strokeTo": 0,
				"colorFrom": "BFC7BE",
				"colorTo": "BFC7BE",
				"cone": 0
			},
			"collidesAir": false
    "collidesGround": true,
			"despawnEffect": "lightningShoot",
			"damage":0
			"trailSpacing": 8,
			"lightningDamage":46.667,
            "lightningColor": "FFFFFFFF",
    "lightning":3
    "lightningLength":3
			"hitShake": 6,
			"speed": 4.25,
			"lifetime": 40,
			"buildingDamageMultiplier":0.5
			}
		}
]
"research": "机枪机甲",
    "researchCostMultiplier": 0.2,
     "drownTimeMultiplier":0.001
}