{
	"type": "Drill",
	"name":"塑钢钻头",
    "description": "强化版激光钻头",
    "health":500,
    "itemCapacity":30,
    "tier":4,
    //钻头的开采等级
    "drillTime":210,
    //矿物开采耗时
    "size": 3,
    "group":"drills"
    "hasLiquids": true,
    "hasPower":true
	"alwaysUnlocked":false,
	"liquidCapacity":15,
    "drawMineItem":true,
    //是否在中心绘画所采矿物的颜色
    "drillEffect": "mineHuge",
    "updateEffect":"pulverizeRed",
    "drawRim":true,//钻探的时候出现的高亮
    "heatColor":"FF5511",
    //开采出矿物时的颜色
    "rotateSpeed": 8,//贴图转速
    "warmupSpeed": 0.03,
    //钻头完全启动的速度(一除以(此数值*60)(单位/秒))
    "liquidBoostIntensity":1.8,
    //液体提供的加速效果
	"consumes": {
	"power":1.5
		"liquid": {
			"liquid":"water",
			"amount":0.09,
			"booster": true,
			//加速
			"optional": true
			//可选
		}
		//"items":{"items":["blast-compound/1"],},
	}
    "requirements": [
        "copper/30",
        "graphite/30",
        "plastanium/20",
        "silicon/30",
    ],
    "research": "laser-drill",
    "category": "production"
}