{
	"type": "Drill",
	"name":"合金钻头",
    "description": "《合金弹头》",
    "health":1000,
    "itemCapacity":40,
    "tier":6,
    //钻头的开采等级
    "drillTime":120,
    //矿物开采耗时
    "size": 4,
    "group":"drills"
    "hasLiquids": true,
    "hasPower":true
	"alwaysUnlocked":false,
	"liquidCapacity":20,
    "drawMineItem":true,
    //是否在中心绘画所采矿物的颜色
    "drillEffect": "mineHuge",
    "updateEffect":"pulverizeRed",
    "drawRim":true,//钻探的时候出现的高亮
    "heatColor":"FF5511",
    //开采出矿物时的颜色
    "rotateSpeed": 11,//贴图转速
    "warmupSpeed": 0.01,
    //钻头完全启动的速度(一除以(此数值*60)(单位/秒))
    "liquidBoostIntensity":2,
    //液体提供的加速效果
	"consumes": {
	"power":4
		"liquid": {
			"liquid":"water",
			"amount":0.12,
			"booster": true,
			//加速
			"optional": true
			//可选
		}
		//"items":{"items":["blast-compound/1"],},
	}
    "requirements": [
        "copper/65",
        "surge-alloy/50",
        "thorium/75",
        "silicon/60",
    ],
    "research": "blast-drill",
    "category": "production"
}