{
	"name":"煌热之吼",
	"description":"不顾死亡而使出最后一次战斗",
	"damage":3.33334,
	"damageMultiplier":4.5,
	"speedMultiplier":5.5,
	"reloadMultiplier":3.5,
	"healthMultiplier":2.0,
	"effectChance":0.30,
	"effect": {
    "type": "multiEffect",
    "effects": [
    {
    "type": "ParticleEffect",
	"particles": 2,
	"baseLength": 0,
	"length":10,
	"lifetime": 60,
	"spin":0,
	"region":"神恒之心-closed-angle",
	"sizeFrom": 5.5,
	"sizeTo": 8.5,
	"colorFrom": "E35050FF",
	"colorTo": "E35050FF",
	"cone":360
    },{
    "type": "ParticleEffect",
	"particles": 2,
	"baseLength": 0,
	"length":10,
	"lifetime": 50,
	"spin":0,
	"region":"神恒之心-closed-angle",
	"sizeFrom": 5.5,
	"sizeTo": 8.5,
	"colorFrom": "EECB42FF",
	"colorTo": "EECB42FF",
	"cone":360
      }
    ]
    }
}