{	
    "type":"mech",
    "name":"贵族",
    "description":"搭载两台限敌速干扰炮塔和两台高射破甲炮",
    "details":"经我手治愈之污秽乃圣洁之物", 
    "hitSize":34,
    "canDrown":false,
    "armor":46,
    "speed":0.55,
    "rotateSpeed": 1.5,
    "health":144000,
    "mechStepParticles":true,
    "mechFrontSway":2.2,
    "mechSideSway":0.8,
	"ammoType":"surge-alloy",
    "ammoCapacity": 350,
	"research":"reign",
	"weapons":[
	{	"name": "cutthroat",
	"reload":9.5, 
	"shake":3,
	"recoil":5,
    "x": 25,  "y": -2,    
    "shootX":0, "shootY":22,
    "rotate": false,
    "top":false,
    "inaccuracy": 0.5,
	"shootSound": "shootBig",
	"alternate": true,
	"ejectEffect":"casing4",
	"bullet":{
    "damage":145, 
    "splashDamage":135,
    "splashDamageRadius":340,
   	"pierce": true,
	"pierceBuilding":true,
	"pierceCap":5,
    "speed":14,
    "lifetime":37,
    "shootEffect":"shootBig",
    "smokeEffect":"shootBigSmoke",
    "width":11,	 "height":29,
    "hitEffect":"flakExplosionBig",
	"despawnEffect":"flakExplosionBig"}},
    {	"name": "speech",
        "reload":3.5, 
        "shake":1,
        "recoil":5,
        "x": 15,  "y": 11,    
        "shootX":0, "shootY":2,
        "rotate": false,
        "top":false,
        "pierce": true,
        "pierceCap":2,
        "inaccuracy": 0.5,
        "shootSound": "shootBig",
        "alternate": true,
        "ejectEffect":"casing4",
        "bullet":{
        "damage":75, 
        "splashDamage":75,
        "pierce": true,
        "pierceCap":2,
        "splashDamageRadius":340,
        "speed":20,
        "lifetime":17,  "status":"Warrant",
        "statusDuration":66,
        "shootEffect":"shootBig",
        "smokeEffect":"shootBigSmoke",
        "width":11,	 "height":29,
        "hitEffect":"flakExplosionBig",
        "despawnEffect":"flakExplosionBig"}}
	]
}
