{
	"name":"大型黄铜墙",
	"description":"保护己方建筑，挡下敌方炮弹",
	"details":"防御力是小型废料墙的19倍！\n小型黄铜墙:我怎么你了\n\n难绷，怎么还加血量的",
	"health":3800,
	"size":3,
	"armor":0,
	"group":"walls"
	"placeableLiquid":true,
	"insulated":true,
	"absorbLasers":false,
	"requirements": [
	"黄铜/54"
	],
	"category": "defense",
			"research": {
		"parent": "中型黄铜墙",
		"requirements":[
		"黄铜/900",
		]
		"objectives": [
      {
		"type": "SectorComplete",
		"preset": "废墟古城"
	}
	]
	}
}
