{
	"name":"巨型黄铜墙",
	"description":"保护己方建筑，挡下敌方炮弹",
	"details":"防御力是小型废料墙的33.5倍！\n小型黄铜墙:哎，亻尔   女马\n\n怎么还有零有整的"
	"health":6700,
	"size":4,
	"armor":0,
	"group":"walls"
		"placeableLiquid":false,
		"insulated":true,//隔热，一听就是E星的
	"absorbLasers":false,
	   "deflect" :false,//反弹子弹
    	"chanceDeflect":0,//反转概率
    	"lightningChance":0,//反弹闪电
    "lightningDamage":0,	//闪电伤害
      "lightningLength":0,//闪电长度
    "lightningLengthRand":0,
	"requirements": [
	"黄铜/96"
	],
	"category": "defense",
			"research": {
		"parent": "大型黄铜墙",
		"requirements":[
		"黄铜/1600",
		]
	},

}
