{
    "type": "LiquidBridge",
    "name": "高压导管桥",
    "description": "跨越任意地形或建筑物传输液体,比普通导管桥范围更大",
    "health": 150,
    "range": 10,
    "liquidCapacity": 60,
    "placeableLiquid":true
    "hasPower": false,
    "requirements": [
        {
            "item": "塑料",
            "amount": 20
        },
        {
            "item": "铱",
            "amount": 15
        },
        {
            "item": "silicon",
            "amount": 15
        },
        {
            "item": "钨",
            "amount": 20
        }
    ],
    "category": "liquid",
    "research": "phase-conduit"
}