{
    "type": "StorageBlock",
    "name": "压缩储存器",
    "description": "（简介暂无）",
    "size": 3,//大小
    "health":20000,//血量
    "itemCapacity":13003040,//容量
    "requirements": [
                  "copper/850","silicon/1100","titanium/800","plastanium/750","surge-alloy/850","物液奇点/100",
    ],//建造材料
    "research": 
    {"parent":"物液压缩机"//科技树位置
    "requirements":[
                "copper/5000",
                "silicon/6000",
                "titanium/5000",
                "plastanium/6000",
                "surge-alloy/6000",
                "物液奇点/250",
    ]   
    },
    "category": "effect"
    "buildCostMultiplier":0.3
}
//铜750铅700硅1200钛1200塑钢800合金200艾塔合金150