{
	"name":"巨型浮动器",
	"description":"6096",
	"type": "CoreBlock",
	"itemCapacity":100000,
	//容量
	"hasItems": true,
	"health":37000,
	//生命
	"unitCapModifier":60,
	"unitType":"日光",
	//出生机甲
	"size":6,
	//占地边长支持1~9对应贴图1x1=32x32像素.
	"requirements": [
	    "黑曜石/13000",
	    "silicon/25000",
	    "tungsten/12000",
	    "化合钢/24000",
	    "整合核料/35000"],//建造消耗,第一个""之间写矿物,第二个:后写数量
	"category": "effect",
	"research": "core-nucleus"//科技树前一项默认仓库
}