{
    "name": "废土科技", // 模组的名字
    "displayName": "废土科技", // 模组显示的名字
    "description": "正在整合宇宙数据…\n正在结合弦与超弦理论…\n正在通过复数种子码映射宇宙…\n渲染…\n正在通过超限序数计算过去与未来…\n接入时间点…\nHello World！", // 模组的介绍
    "minGameVersion": 152.2, // 模组支持的最低游戏版本
    "author": "RC-C814", // 模组的作者
    "version": "be0.6.9" // 模组的版本
    "main": "rc.RC"
    "java": true,
}