{
	"health": 2100,
	"details": "换用集束爆破弹头，更新导弹系统",
	"weapons": [
		{
			"name": "死神1",
			"reload": 90,
			"x": 0,
			"y": -3.5,
			"shootY": 8,
			"recoil": 3,
			"mirror": false,
			"rotate": true,
			"rotateSpeed": 2,
			"inaccuracy": 0,
			"shake": 2,
			"ejectEffect": "casing3",
			"shootSound": "artillery",
			"bullet": {
				"type": "ArtilleryBulletType",
				"speed": 4,
				"lifetime": 75,
				"knockback": 0.9,
				"status": "blasted",
				"hitEffect": "massiveExplosion",
				"despawnEffect": "flakExplosionBig",
				"smokeEffect": "shootBig",
				"splashDamage": 25,
				"splashDamageRadius": 45,
				"width": 12,
				"height": 16,
				"fragBullets": 5,
				"fragLifeMin": 0.5,
				"fragBullet": {
					"type": "ArtilleryBulletType",
					"despawnEffect": "blastExplosion",
					"status": "blasted",
					"width": 8,
					"height": 9,
					"splashDamageRadius": 35,
					"splashDamage": 38,
					"lifetime": 10,
					"speed": 3
				}
			}
		},
		{
			"name": "巫妖2",
			"reload": 10,
			"shootY": 6,
			"x": 8.5,
			"y": -9,
			"rotate": true,
			"rotateSpeed": 8,
			"inaccuracy": 5,
			"ejectEffect": "casing2",
			"shootSound": "missile",
			"alternate": true,
			"bullet": {
				"type": "MissileBulletType",
				"damage": 21,
				"speed": 4.3,
				"lifetime": 70,
				"trailEffect": "smoke",
				"splashDamage": 25,
				"splashDamageRadius": 25,
				"width": 8,
				"height": 8,
				"hitEffect": "flakExplosion",
				"despawnEffect": "explosion"
			}
		},
		{
			"name": "旋风1",
			"reload": 120,
			"x": -5,
			"y": -2,
			"rotate": true,
			"rotateSpeed": 9,
			"mirror": false,
			"inaccuracy": 0,
			"ejectEffect": "casing2",
			"shootSound": "artillery",
			"alternate": false,
			"bullet": {
				"type": "MissileBulletType",
				"hitSize": 40,
				"splashDamageRadius": 46,
				"splashDamage": 96,
				"damage": 108,
				"status": "blasted",
				"statusDuration": 60,
				"sprite": "奇思妙想-导弹",
				"backColor": "FF7F24",
				"frontColor": "E3E3E3",
				"lifetime": 30,
				"speed": 11,
				"homingPower": 0.03,
				"homingRange": 80,
				"knockback": 8,
				"width": 12,
				"height": 40,
				"ammoMultiplier": 3,
				"despawnEffect": "none",
				"shootEffect": "shootPyraFlame",
				"hitEffect": {
					"type": "MultiEffect",
					"effects": [
						{
							"type": "ParticleEffect",
							"particles": 8,
							"sizeFrom": 6,
							"sizeTo": 0,
							"length": 25,
							"baseLength": 23,
							"lifetime": 35,
							"colorFrom": "737373FF",
							"colorTo": "737373FF"
						},
						{
							"type": "ParticleEffect",
							"particles": 12,
							"line": true,
							"length": 43,
							"baseLength": 3,
							"lifetime": 22,
							"colorFrom": "FFFFFF",
							"colorTo": "FFE176FF"
						},
						{
							"type": "WaveEffect",
							"lifetime": 10,
							"sizeFrom": 1,
							"sizeTo": 48,
							"strokeFrom": 2,
							"strokeTo": 0,
							"colorFrom": "FFE176FF",
							"colorTo": "FFFFFF"
						}
					]
				}
			}
		},
		{
			"name": "旋风1",
			"reload": 120,
			"x": 5,
			"y": -2,
			"rotate": true,
			"rotateSpeed": 9,
			"mirror": false,
			"inaccuracy": 0,
			"ejectEffect": "casing2",
			"shootSound": "artillery",
			"alternate": false,
			"bullet": {
				"type": "MissileBulletType",
				"hitSize": 40,
				"splashDamageRadius": 46,
				"splashDamage": 96,
				"damage": 108,
				"status": "blasted",
				"statusDuration": 60,
				"sprite": "奇思妙想-导弹",
				"backColor": "FF7F24",
				"frontColor": "E3E3E3",
				"lifetime": 30,
				"speed": 11,
				"homingPower": 0.03,
				"homingRange": 80,
				"knockback": 8,
				"width": 12,
				"height": 40,
				"ammoMultiplier": 3,
				"despawnEffect": "none",
				"shootEffect": "shootPyraFlame",
				"hitEffect": {
					"type": "MultiEffect",
					"effects": [
						{
							"type": "ParticleEffect",
							"particles": 8,
							"sizeFrom": 6,
							"sizeTo": 0,
							"length": 25,
							"baseLength": 23,
							"lifetime": 35,
							"colorFrom": "737373FF",
							"colorTo": "737373FF"
						},
						{
							"type": "ParticleEffect",
							"particles": 12,
							"line": true,
							"length": 43,
							"baseLength": 3,
							"lifetime": 22,
							"colorFrom": "FFFFFF",
							"colorTo": "FFE176FF"
						},
						{
							"type": "WaveEffect",
							"lifetime": 10,
							"sizeFrom": 1,
							"sizeTo": 48,
							"strokeFrom": 2,
							"strokeTo": 0,
							"colorFrom": "FFE176FF",
							"colorTo": "FFFFFF"
						}
					]
				}
			}
		},
	]
}