{
	"health": 47500,
	"abilities": [/*能力（如力场防御等） */
        {
            "type": "UnitSpawnAbility",
            "unit": "bryde",
            "spawnX": 0,
            "spawnY": 0,
            "spawnTime": 5250
        },
        {
            "type": "UnitSpawnAbility",
            "unit": "horizon",
            "spawnX": -0,
            "spawnY": -0,
            "spawnTime": 4500
        },
                {
            "type": "UnitSpawnAbility",
            "unit": "flare",
            "spawnX": 15,
            "spawnY": -10,
            "spawnTime": 900
        },
        {
            "type": "UnitSpawnAbility",
            "unit": "flare",
            "spawnX": -15,
            "spawnY": -10,
            "spawnTime": 900
        },
{
			"type": "ForceFieldAbility",
			"radius": 82,
			"regen": 7.5,
			"max": 4250,
			"cooldown": 300
		}
        ],
	"weapons": [
		{
			"name": "海神1",
			"reload": 95,
			"x": 0,
			"y": 0,
			"shootY": 10,
			"cooldownTime": 85,
			"rotate": true,
			"rotateSpeed": 5,
			"mirror": false,
			"inaccuracy": 0,
			"shootSound": "railgun",
			"shake": 8,
			"bullet": {
				"type": "RailBulletType",
				"damage": 1920,
				"pierce": true,
				"pierceBuilding": true,
				"pierceEffect": "railHit",
				"pointEffect": "railTrail",
				"hitEffect": "massiveExplosion",
				"shootEffect": "railShoot",
				"smokeEffect": "smokeCloud",
				"pierceDamageFactor": 0.167,
				"length": 765,
				"despawnEffect": "bigShockwave"
			}
		},
		
		{
			"name": "蛟龙1",
			"mirror": false,
			"x": 15,
			"y": -10,
			"reload": 80,
			"shoot": {
				"shots": 8,
				"shotDelay": 1
			},
			"shootSound": "missile",
			"rotate": true,
			"rotateSpeed": 4,
			"xRand": 6,
			"inaccuracy": 6,
			"bullet": {
				"type": "MissileBulletType",
				"damage": 52,
				"shootEffect": "none",
				"smokeEffect": "none",
				"splashDamageRadius": 35,
				"splashDamage": 52,
				"lightningDamage": 13,
				"lightning": 2,
				"lightningLength": 10,
				"hitEffect": "flakExplosionBig",
				"despawnEffect": "flakExplosion",
				"width": 8,
				"height": 9,
				"speed": 4.5,
				"lifetime": 70
			}
		},
		{
			"name": "蛟龙1",
			"mirror": false,
			"x": -15,
			"y": -10,
			"reload": 80,
			"shoot": {
				"shots": 8,
				"shotDelay": 1
			},
			"shootSound": "missile",
			"rotate": true,
			"rotateSpeed": 4,
			"xRand": 6,
			"inaccuracy": 6,
			"bullet": {
				"type": "MissileBulletType",
				"damage": 52,
				"shootEffect": "none",
				"smokeEffect": "none",
				"splashDamageRadius": 35,
				"splashDamage": 52,
				"lightningDamage": 13,
				"lightning": 2,
				"lightningLength": 10,
				"hitEffect": "flakExplosionBig",
				"despawnEffect": "flakExplosion",
				"width": 8,
				"height": 9,
				"speed": 4.5,
				"lifetime": 70
			}
		}
	]
}