{
	"health": 300,
	"details": "先进反制机炮，自主寻的导弹",
	"weapons": [
		{
			"name": "尖刀1",
			"reload": 5,
			"x": 4,
			"y": 1.5,
			"shootY": 4,
			"rotate": true,
			"inaccuracy": 2,
			"alternate": true,
			"ejectEffect": "casing1",
			"bullet": {
				"ammoMultiplier": 2,
				"damage": 11,
				"speed": 11,
				"lifetime": 16,
				"width": 5,
				"height": 8
		}},
			{
			"name": "旋风1",
			"reload": 120,
			"x": 0,
			"y": -1,
			"rotate": true,
			"rotateSpeed": 9,
			"mirror": false,
			"inaccuracy": 0,
			"ejectEffect": "casing2",
			"shootSound": "artillery",
			"alternate": false,
			"bullet": {
				"type": "MissileBulletType",
				"hitSize": 40,
				"splashDamageRadius": 46,
				"splashDamage": 96,
				"damage": 68.5,
				"status": "blasted",
				"statusDuration": 60,
				"sprite": "奇思妙想-导弹",
				"backColor": "FF7F24",
				"frontColor": "E3E3E3",
				"lifetime": 30,
				"speed": 11,
				"homingPower": 0.03,
				"homingRange": 80,
				"knockback": 8,
				"width": 12,
				"height": 40,
				"ammoMultiplier": 3,
				"despawnEffect": "none",
				"shootEffect": "shootPyraFlame",
				"hitEffect": {
					"type": "MultiEffect",
					"effects": [
						{
							"type": "ParticleEffect",
							"particles": 8,
							"sizeFrom": 6,
							"sizeTo": 0,
							"length": 25,
							"baseLength": 23,
							"lifetime": 35,
							"colorFrom": "737373FF",
							"colorTo": "737373FF"
						},
						{
							"type": "ParticleEffect",
							"particles": 12,
							"line": true,
							"length": 43,
							"baseLength": 3,
							"lifetime": 22,
							"colorFrom": "FFFFFF",
							"colorTo": "FFE176FF"
						},
						{
							"type": "WaveEffect",
							"lifetime": 10,
							"sizeFrom": 1,
							"sizeTo": 48,
							"strokeFrom": 2,
							"strokeTo": 0,
							"colorFrom": "FFE176FF",
							"colorTo": "FFFFFF"
						}
					]
				}
			}
		},
		{
			"name": "巫妖2",
			"reload": 35,
			"x": 0,
			"y": -5,
			"shootY": 2,
			"rotate": true,
			"inaccuracy": 10,
			"mirror":false,
			"shootSound":"missile",
			"bullet": {
				"type":"MissileBulletType",
				"homingRange": 80,
				"homingDelay": 5,
				"homingPower": 0.3,
				"trailColor":"E3E3E3",
				"keepVelocity":false,
				"ammoMultiplier": 2,
				"damage": 11,
				"splashDamage": 30,
				"splashDamageRadius": 25,
				"hitEffect":"blastExplosion",
				"speed": 6,
				"lifetime": 35,
				"width": 8,
				"height": 12
			}
		}
	]
}