{
	"details": "换用合金导弹发射器与水冷幽灵炮         \n[blue]陈啊星河",
	"health": 23900,
	"faceTarget": false,
		"immunities":["burning","blasted","blasted","奇思妙想-静止"],
		"abilities": [/*能力（如力场防御等） */
        {
            "type": "UnitSpawnAbility",
            "unit": "zenith",
            "spawnX": 0,
            "spawnY": 0,
            "spawnTime": 4500
        },
        {
			"type": "ForceFieldAbility",
			"radius": 82,
			"regen": 6,
			"max": 3500,
			"cooldown": 300
		},
        {
		"type": "SuppressionFieldAbility",
		"range": 180,
		"reload": 60,
		"y": 1,
		"color": "c0ecff",
		"orbRadius": 5,
		"orbMidScl": 0.33,
		"particles": 12,
		"particleColor": "c0ecff90",
		"particleLife": 50,
		"particleLen": -8,
		"particleSize": 2,
		"effectColor": "c0ecff",
		"applyParticleChance":0
	},
	{//死亡时产生单位
			"type": "SpawnDeathAbility",
			"unit": "奇思妙想-蛟龙-第三十四协议",
			"amount": 1,//固定数量
			"randAmount": 0//随机数量
	},
    ]
	"weapons": [
		{
			"name": "蛟龙1",
			"mirror": false,
			"x": 0,
			"y": 0,
			"reload": 80,
			"shoot": {
				"shots": 8,
				"shotDelay": 1
			},
			"shootSound": "missile",
			"rotate": true,
			"rotateSpeed": 4,
			"xRand": 6,
			"inaccuracy": 6,
			"bullet": {
				"type": "MissileBulletType",
				"damage": 52,
				"shootEffect": "none",
				"smokeEffect": "none",
				"splashDamageRadius": 35,
				"splashDamage": 52,
				"lightningDamage": 13,
				"lightning": 2,
				"lightningLength": 10,
				"hitEffect": "flakExplosionBig",
				"despawnEffect": "flakExplosion",
				"width": 8,
				"height": 9,
				"speed": 4.5,
				"lifetime": 70
			}
		},
		{
			"name": "巫妖1",
			"reload": 6,
			"shake": 2,
			"rotate": true,
			"rotateSpeed": 6.5,
			"x": 17.5,
			"y": -16.5,
			"shootX": 0,
			"shootY": 7,
			"inaccuracy": 0,
			"shootSound": "shootBig",
			"alternate": true,
			"ejectEffect": "casing3",
			"bullet": {
				"damage": 75,
				"pierce": true,
				"pierceCap": 2,
				"speed": 8,
				"lifetime": 35,
				"shootEffect": "shootBig",
				"width": 13,
				"height": 18
			}
		},
		{
			"name": "死神1",
			"reload": 30,
			"shoot": {
				"shots": 3,
				"shotDelay": 4
			},
			"shootY": 9,
			"x": 11,
			"y": 17,
			"rotate": true,
			"rotateSpeed": 3,
			"shootSound": "shoot",
			"shake": 1,
			"ejectEffect": "casing3",
			"bullet": {
				"type": "BasicBulletType",
				"speed": 6,
				"lifetime": 60,
				"width": 10,
				"height": 12,
				"damage": 20,
				"status": "blasted",
				"statusDuration": 120,
				"shootEffect": "shootBig",
				"splashDamageRadius": 40,
				"splashDamage": 88,
				"hitEffect": "flakExplosionBig",
				"despawnEffect": "flakExplosionBig",
				"ammoMultiplier": 6,
				"lightningDamage": 14,
				"lightning": 2,
				"lightningLength": 7
			}
		},
			{
			"name": "死神1",
			"reload": 30,
			"shoot": {
				"shots": 3,
				"shotDelay": 4
			},
			"shootY": 9,
			"x": 11,
			"y": 17,
			"rotate": true,
			"rotateSpeed": 3,
			"shootSound": "shoot",
			"shake": 1,
			"ejectEffect": "casing3",
			"bullet": {
				"type": "BasicBulletType",
				"speed": 6,
				"lifetime": 60,
				"width": 10,
				"height": 12,
				"damage": 20,
				"status": "blasted",
				"statusDuration": 120,
				"shootEffect": "shootBig",
				"splashDamageRadius": 40,
				"splashDamage": 88,
				"hitEffect": "flakExplosionBig",
				"despawnEffect": "flakExplosionBig",
				"ammoMultiplier": 6,
				"lightningDamage": 14,
				"lightning": 2,
				"lightningLength": 7
			}
		},
		{
			"name": "死神1",
			"reload": 30,
			"shoot": {
				"shots": 3,
				"shotDelay": 4
			},
			"shootY": 9,
			"x": 11,
			"y": -17,
			"rotate": true,
			"rotateSpeed": 3,
			"shootSound": "shoot",
			"shake": 1,
			"ejectEffect": "casing3",
			"bullet": {
				"type": "BasicBulletType",
				"speed": 6,
				"lifetime": 60,
				"width": 10,
				"height": 12,
				"damage": 20,
				"status": "blasted",
				"statusDuration": 120,
				"shootEffect": "shootBig",
				"splashDamageRadius": 40,
				"splashDamage": 88,
				"hitEffect": "flakExplosionBig",
				"despawnEffect": "flakExplosionBig",
				"ammoMultiplier": 6,
				"lightningDamage": 14,
				"lightning": 2,
				"lightningLength": 7
			}
		},	
			{
			"name": "死神2",
			"reload": 40,
			"x": 10,
			"y": 5,
			"shootY": 9,
			"rotate": true,
			"rotateSpeed": 1.5,
			"inaccuracy": 0,
			"alternate": true,
			"shake": 3,
			"shootSound": "laser",
			"bullet": {
				"type": "LaserBulletType",
				"damage": 255,
				"sideAngle": 20,
				"sideWidth": 1,
				"sideLength": 88,
				"smokeEffect": "bigShockwave",
				"colors": [
					"D86E56FF",
					"FFA05CFF",
					"FFFFFF"
				],
				"width": 25,
				"length": 360,
				"status": "melting",
				"statusDuration": 90
			}
		},
			{
			"name": "死神2",
			"reload": 40,
			"x": 10,
			"y": -5,
			"shootY": 9,
			"rotate": true,
			"rotateSpeed": 1.5,
			"inaccuracy": 0,
			"alternate": true,
			"shake": 3,
			"shootSound": "laser",
			"bullet": {
				"type": "LaserBulletType",
				"damage": 255,
				"sideAngle": 20,
				"sideWidth": 1,
				"sideLength": 88,
				"smokeEffect": "bigShockwave",
				"colors": [
					"D86E56FF",
					"FFA05CFF",
					"FFFFFF"
				],
				"width": 25,
				"length": 360,
				"status": "melting",
				"statusDuration": 90
			}
		}
	]
}