{
    "description": "可以存储更多电量。",
    "requirements": [
        { "amount": 60, "item": "原晶体" },
        { "amount": 120, "item": "铅线圈" },
        { "amount": 80, "item": "能量合金" },
        { "amount": 40, "item": "silicon" },
        { "amount": 20, "item": "塑料" }
    ],
    "consumes": {
    	"powerBuffered": 350000
    },
    "size": 3,
    "type": "Battery",
    "research": "battery-large",
    "category": "power"
}


/*
        batteryLarge = new Battery("battery-large"){{
            requirements(Category.power, with(Items.titanium, 20, Items.lead, 40, Items.silicon, 20));
            size = 3;
            consumes.powerBuffered(50000f);
        }};*/