{
	"type":"ForceProjector",
	"name": "国防超盾",
	"description": "适用于敌人基地 盾容大",
	"health": 15240,//HP
	"size": 3,
	"radius": 32768,//r
	"shieldHealth": 2000,//盾容
	"phaseUseTime": 0.41666,
	"phaseRadiusBoost": 10,//加速倍数
	"basePowerDraw": 1,
	"cooldownNormal":16.66665,
	"cooldownLiquid":10,
	"cooldownBrokenBase":112.5,
	"buildCostMultiplier":0.1,//建造时间倍数
	"consumes":{
	    "power":20,//耗电量
		"items":{
			"items":[
				{"item":"铀块","amount": 20}
			],
			"booster":true,
			"optional":true
		}
	},
	"requirements": [
	{ "item": "钨", "amount": 800 },
	{ "item": "铁", "amount": 6000 },
	{ "item": "铝合金", "amount": 1250 },
	{ "item": "钛合金", "amount":299 }
	],
	"category":"effect",
	"research":"全图保护器"
}