{
	"name": "大门",
	"description": "反射激光,并且可以建造在液体上,还能在单位靠近后自动打开。",
	"type": "AutoDoor",
	"health": 3200,
	"size": 2,
	"armor":8
	"absorbLasers":true,
	"placeableLiquid": true
	"requirements": [
	{ "item": "塑钢", "amount": 32} 
	{ "item": "纯钛钢", "amount": 32} 
	],
	"category": "defense",
	"researchCostMultiplier": 0.2,
        "research": {
	"parent":"门"
	"objectives": [
            {
				"type": "SectorComplete",
				"preset": "前哨基地"
			}
	]
	}
	    "researchCostMultiplier": 0.2,
}