{
    // 是否预生成玩家基地（false表示玩家需要从头建造）
    "prebuildBase": false,
    
    // 是否允许敌人波次攻击（true表示开启敌人进攻）
    "allowWaves": true,
    
    // 是否允许模拟敌人波次（用于测试）
    "allowWaveSimulation": true,
    
    // 敌人核心是否替换现有建筑生成（true表示敌人会占用玩家建筑）
    "enemyCoreSpawnReplace": true,
    
    // 玩家初始核心建筑类型
    "defaultCore": "Z核心",
    
    // 是否允许发射蓝图（跨星球传输建造方案）
    "allowLaunchSchematics": true,
    
    // 是否允许发射装备套装（跨星球运输物资）
    "allowLaunchLoadout": true,
    
    // 星球是否可见（false则隐藏）
    "visible": true,
    
    // 是否启用泛光特效（false关闭可提升性能）
    "bloom": false,
    
    // 失败时是否清除当前区域（false保留建筑残骸）
    "clearSectorOnLose": false,
    
    // 是否潮汐锁定（永远同一面朝向恒星）
    "tidalLock": false,
    
    "bloom": true, //是否开启bloom渲染
    
	"visible": true, //是否显示
	
	"hasAtmosphere": true, //是否有大气层
	
	"atmosphereColor": "7457ce", //大气层颜色
	
    // 星球显示名称
    "localizedName": "埃特拉普",
    
    // 地形生成器类型（Serpulo标准生成器）
    "generator": "SerpuloPlanetGenerator",
    
    // 星球图标颜色（RGBA格式）
    "iconColor": "8B9BB4FF",
    
    // 轨道半径（数值越大离恒星越远）
    "orbitRadius": 95,
    
    // 是否有大气层视觉效果
    "hasAtmosphere": true,
    
    // 是否动态更新光照（影响昼夜效果）
    "updateLighting": true,
    
    // 大气层内圈半径比例
    "atmosphereRadIn": 0.04,
    
    // 大气层外圈半径比例
    "atmosphereRadOut": 0.08,
    
    // 大气层颜色（RGBA格式）
    "atmosphereColor": "8B9BB4FF",
    
    // 是否显示运行轨道线
    "drawOrbit": true,
    
    // 星球是否可被玩家访问
    "accessible": true,
    
    // 是否始终解锁（无需研究）
    "alwaysUnlocked": true,
    
    // 地图生成随机种子（相同种子生成相同地形）
    "sectorSeed": 2,
    
    // 玩家初始区域编号
    "startSector": 2,
    
    // 区域地图尺寸系数（越大区域面积越大）
    "sectorSize": 3.3,
    
    // 是否允许区域被敌人入侵
    "allowSectorInvasion": true,
    
    // 是否允许发射到编号区域（false限制发射点）
    "allowLaunchToNumbered": false,
    
    // 星球物理大小（1.0为标准尺寸）
    "radius": 1.1,
    
    // 轨道间距（防止行星轨道重叠）
    "orbitSpacing": 2,

    // 云层效果配置组
    "cloudMesh": {
        // 云层算法类型（六边形网格）
        "type": "HexSkyMesh",
        
        // 所属星球名称（需与主配置一致）
        "planet": "埃特拉普",
        
        // 随机种子（影响云层形状）
        "seed": 2,
        
        // 云层移动速度（0=静止）
        "speed": 0.9,
        
        // 云层覆盖半径比例
        "radius": 0.13,
        
        // 云层细分精度（值越高细节越多）
        "divisions": 7,
        
        // 云层颜色（RGBA格式）
        "color": "8B9BB4FF",
        
        // 噪声八度数（影响云层复杂度）
        "octaves": 3,
        
        // 噪声持久度（影响细节锐度）
        "persistence": 1,
        
        // 噪声比例系数
        "scl": 2,
        
        // 生成阈值（0-1，影响云量密度）
        "thresh": 0.50
    },

    // 地形网格配置组
	"mesh": { //行星的网格，仅支持NoiseMesh
		"type": "NoiseMesh",
		"planet": "赛普罗",
		"seed": 6,//种子
		"divisions": 6, //表面精细度
		"color1": "8CAAE8FF",
		"color2":"8B9BB4FF"
		"radius": 1,//半径
		"octaves": 3,//
		"persistence": 0.8,
		"scale": 1,//大小
		"mag": 1.5
    },

    // 环绕的恒星/母星ID
    "parent": "sun",
    
    // 所属恒星系ID
    "solarSystem": "sun",
    
}