{
    // 是否预生成玩家基地（false表示玩家需要从头建造）
    "prebuildBase": false,
    
    // 是否允许敌人波次攻击（true表示开启敌人进攻）
    "allowWaves": true,
    
    "updateLighting": true  // 是否更新光照
    
    // 是否允许模拟敌人波次（用于测试）
    "allowWaveSimulation": true,
    
    // 敌人核心是否替换现有建筑生成（true表示敌人会占用玩家建筑）
    "enemyCoreSpawnReplace": true,
    
    // 玩家初始核心建筑类型
    "defaultCore": "断层核心",
    
    // 是否允许发射蓝图（跨星球传输建造方案）
    "allowLaunchSchematics": true,
    
    // 是否允许发射装备套装（跨星球运输物资）
    "allowLaunchLoadout": false,
    
    // 星球是否可见（false则隐藏）
    "visible": true,
    
    // 是否启用泛光特效（false关闭可提升性能）
    "bloom": true,
    
    // 失败时是否清除当前区域（false保留建筑残骸）
    "clearSectorOnLose": false,
    
    // 是否潮汐锁定（永远同一面朝向恒星）
    "tidalLock": false,
    
    "bloom": true, //是否开启bloom渲染
    
	"visible": true, //是否显示
	
	"hasAtmosphere": true, //是否有大气层
	
	"atmosphereColor": "5EAB75FF", //大气层颜色
	
    // 星球显示名称
    "localizedName": "埃特拉普",
    
    // 地形生成器类型（Serpulo标准生成器）
    "generator": "SerpuloPlanetGenerator",
    
    // 星球图标颜色（RGBA格式）
    "iconColor": "8B9BB4FF",
    
    // 轨道半径（数值越大离恒星越远）
    "orbitRadius": 38.8,
    
    // 是否有大气层视觉效果
    "hasAtmosphere": true,
    
    // 大气层内圈半径比例
    "atmosphereRadIn": 0.13,
    
    // 大气层外圈半径比例
    "atmosphereRadOut": 0.32,
    
    // 大气层颜色（RGBA格式）
    "atmosphereColor": "5EAB75FF",
    
    // 是否显示运行轨道线
    "drawOrbit": true,
    
    // 星球是否可被玩家访问
    "accessible": true,
    
    // 是否始终解锁（无需研究）
    "alwaysUnlocked": true,
    
    // 地图生成随机种子（相同种子生成相同地形）
    "sectorSeed": 12,
    
"startSector": 12  // 起始扇区

"sectorSize": 2 // 扇区大小

    // 是否允许区域被敌人入侵
    "allowSectorInvasion": true,
    
    // 是否允许发射到编号区域（false限制发射点）
    "allowLaunchToNumbered": false,
    
    // 星球物理大小（1.0为标准尺寸）
    "radius": 0.93,
    
    // 轨道间距（防止行星轨道重叠）
    "orbitSpacing": 2,
    
    "orbitTime": 3600,                // 公转
    "rotateTime": 600,                // 自转

    // 云层效果配置组
    "cloudMesh": [
        {
        // 云层算法类型（六边形网格）
        "type": "HexSkyMesh",
        // 所属星球名称
        "planet": "埃特拉普",
        // 随机种子（影响云层形状）
        "seed": 2,
        // 云层移动速度（0=静止）
        "speed": 0.9,
        // 云层覆盖半径比例
        "radius": 0.185,
        // 云层细分精度（值越高细节越多）
        "divisions": 7,
        // 云层颜色（RGBA格式）
        "color": "e8effa88",
        // 噪声八度数（影响云层复杂度）
        "octaves": 3,
        // 噪声持久度（影响细节锐度）
        "persistence": 1,
        // 噪声比例系数
        "scl": 2,
        // 生成阈值（0-1，影响云量密度）
        "thresh": 0.56
        },
        {
        // 云层算法类型（六边形网格）
        "type": "HexSkyMesh",
        // 所属星球名称
        "planet": "埃特拉普",
        // 随机种子（影响云层形状）
        "seed": 3182,
        // 云层移动速度（0=静止）
        "speed": 0.86,
        // 云层覆盖半径比例
        "radius": 0.218,
        
        // 云层细分精度（值越高细节越多）
        "divisions": 6.8,
        // 云层颜色（RGBA格式）
        "color": "BBA284A5",
        // 噪声八度数（影响云层复杂度）
        "octaves": 2.6,
        // 噪声持久度（影响细节锐度）
        "persistence": 1,
        // 噪声比例系数
        "scl": 1,
        // 生成阈值（0-1，影响云量密度）
        "thresh": 0.425
        },
        {
        // 云层算法类型（六边形网格）
        "type": "HexSkyMesh",
        // 所属星球名称
        "planet": "埃特拉普",
        // 随机种子（影响云层形状）
        "seed": 142,
        // 云层移动速度（0=静止）
        "speed": 0.56,
        // 云层覆盖半径比例
        "radius": 0.198,
        
        // 云层细分精度（值越高细节越多）
        "divisions": 5.3,
        // 云层颜色（RGBA格式）
        "color": "196B72C3",
        // 噪声八度数（影响云层复杂度）
        "octaves": 2.5,
        // 噪声持久度（影响细节锐度）
        "persistence": 1,
        // 噪声比例系数
        "scl": 1,
        // 生成阈值（0-1，影响云量密度）
        "thresh": 0.4
        },
        //没事就套娃用的
        ]

    // 地形网格配置组
	"mesh": [
	{ //行星的网格，仅支持NoiseMesh
		"type": "NoiseMesh",
		"planet": "埃特拉普",
		"seed": 1165,//种子
		"divisions": 5.75, //表面精细度
		"color1": "8CAAE8FF",
		"color2":"8B9BB4FF"
		"radius": 0.86,//半径
		"octaves": 3,
		"persistence": 0.8,
		"scale": 1,//大小
		"mag": 1.5
    },
    { //行星的网格，仅支持NoiseMesh
		"type": "NoiseMesh",
		"planet": "埃特拉普",
		"seed": 665,//种子
		"divisions": 5.8, //表面精细度
		"color1": "6E7080FF",
		"color2":"9CA86BFF"
		"radius": 0.8513,//半径
		"octaves": 3,
		"persistence": 0.8,
		"scale": 1.1,//大小
		"mag": 1.5
    },
    ],
    // 环绕的恒星/母星ID
    "parent": "sun",
    
    // 所属恒星系ID
    "solarSystem": "sun",
    
}