{
	"type": "flying",/*种类 */
	"name": "B系原型机",/*名称，它叫什么名字！ */
	"description": "模组第二个单位",/*描述，简介！ */
	"ammoCapacity": 20,/*弹药容量 */
    "ammoResupplyAmount":5,/*弹药补给倍率 */
    "research":"A系原型机"
    "speed": 3.5,/*速度 */
	"flying": true,/*能否飞行，true为能飞 */
	"turnCursor":false,/*转动光标 */
	"engineOffset": 3,/*发动机偏移 */
	"engineSize": 2,/*发动机大小 */
    "hitSize": 10,/*被击中大小，你的大小 */
    "targetAir":true,/*目标航空 */
    "health": 500,/*血量 */
    "armor": 10,/*装甲 */
    "mineSpeed": 5,/*挖矿速度 1=100% */
    "mineTier": 2,/*挖矿等级，你可以挖什么矿 */
    "buildSpeed": 2,/*构建速度 1=100%*/
    "rotateSpeed": 2,/*转速，旋转的速度 */
    "itemCapacity": 30,/*容量，字面意思 */
    "commandLimit": 10,/*命令限制，能让多少单位跟着你！ */
    "rotateShooting": true,/*旋转射击，是否旋转射击 */
    "abilities": [/*能力（如力场防御等） */
        {
    "type":"ForceFieldAbility",/*类型:力场能力 */
    "radius": 32,/*半径大小，按8/格算！ */
    "regen": 2,/*再生，力场回血的速度，别过高！ */
    "max": 120,/*力场血量上限 */
    "cooldown": 60,}/*冷却时间，力场打没了之后重新出现的时间 */
    ],/*如果不用可以删除！别告诉我删都不会删！ */
    	"weapons":[ 
    	{"name":"炮台3",/*贴图的名字 */
	"x":4,"y":0,/*位置 x为上下y为左右 */
	"mirror":true,/*镜像，是否对称 */
	"reload":5,/*重新装弹速度 */
	"rotate": true,/*是否旋转 */
	"rotateSpeed":1,/*旋转速度 */
	"shootEffect":"shootSmall",/*射击效果 */
	"shootSound":"shoot",/*射击声 */
	"bullet":{
	"type":"LaserBoltBulletType",/*子弹类型 */
	"damage": 35,/*伤害 */
	"frontColor":"#84F491",/*子弹颜色 正面颜色*/
	"backColor":"#84F491",/*背景色 */
	"width": 1,/*子弹宽度 */
	"height": 10,/*子弹长度 */
	"speed": 10,/*子弹速度 */
	"lifetime":10,/*子弹血量 */
	"reloadTime": 25,//攻击范围
	"lifetime":30,//存在时间，帧
	"buildingDamageMultiplier":2/*对建筑物伤害/乘数 */
	"homingPower":0.00,//追踪力度
      "homingRange":0,//追踪范围，8/格
	} 	
	},
    ]
}