{
	"type": "flying",/*种类 */
	"name": "oh no (1)",/*名称，它叫什么名字！ */
	"description": "oh[red] no[blue]",/*描述，简介！ */
	"ammoCapacity": 20,/*弹药容量 */
    "ammoResupplyAmount":5,/*弹药补给倍率 */
    "speed": 2.6,/*速度 */
	"flying": false,/*能否飞行，true为能飞 */
	"turnCursor":false,/*转动光标 */
	"engineOffset": 3,/*发动机偏移 */
	"engineSize": 2,/*发动机大小 */
    "hitSize": 10,/*被击中大小，你的大小 */
    "targetAir":false,/*目标航空 */
    "health": 100000,/*血量 */
    "armor": 10,/*装甲 */
    "mineSpeed": 10000,/*挖矿速度 1=100% */
    "mineTier": 10,/*挖矿等级，你可以挖什么矿 */
    "buildSpeed": 10000,/*构建速度 1=100%*/
    "rotateSpeed": 2,/*转速，旋转的速度 */
    "itemCapacity": 100000,/*容量，字面意思 */
    "commandLimit": 10,/*命令限制，能让多少单位跟着你！ */
    "rotateShooting": true,/*旋转射击，是否旋转射击 */

}