{
	"type": "flying",/*种类 */
	"name": "废案",/*名称，它叫什么名字！ */
	"description": "oh[red] no[blue]",/*描述，简介！ */
	"ammoCapacity": 20,/*弹药容量 */
    "ammoResupplyAmount":5,/*弹药补给倍率 */
    "speed": 2.6,/*速度 */
	"flying": true,/*能否飞行，true为能飞 */
	"turnCursor":false,/*转动光标 */
	"engineOffset": 3,/*发动机偏移 */
	"engineSize": 2,/*发动机大小 */
    "hitSize": 10,/*被击中大小，你的大小 */
    "targetAir":false,/*目标航空 */
    "health": 250,/*血量 */
    "armor": 10,/*装甲 */
    "mineSpeed": 10000,/*挖矿速度 1=100% */
    "mineTier": 10,/*挖矿等级，你可以挖什么矿 */
    "buildSpeed": 10000,/*构建速度 1=100%*/
    "rotateSpeed": 20,/*转速，旋转的速度 */
    "itemCapacity": 100000,/*容量，字面意思 */
    "commandLimit": 10,/*命令限制，能让多少单位跟着你！ */
    "rotateShooting": true,/*旋转射击，是否旋转射击 */
  	
  	"weapons":[ 
    	{"name":"废案炮台1",/*贴图的名字 */
	"x":0,"y":0,/*位置 x为上下y为左右 */
	"mirror":true,/*镜像，是否对称 */
	"reload":1,/*重新装弹速度 */
	"rotate": true,/*是否旋转 */
	"shootEffect":"shootSmall",/*射击效果 */
	"shootSound":"shoot",/*射击声 */
	"bullet":{
	"type":"LaserBoltBulletType",/*子弹类型 */
	"damage": 1,/*伤害 */
	"frontColor":"#84F491",/*子弹颜色 正面颜色*/
	"backColor":"#84F491",/*背景色 */
	"width": 1,/*子弹宽度 */
	"height": 10,/*子弹长度 */
	"speed": 10,/*子弹速度 */
	"lifetime":10,/*子弹血量 */
	"reloadTime": 1000,//攻击范围
	"lifetime":0,//存在时间，帧
	"buildingDamageMultiplier":2/*对建筑物伤害/乘数 */
	"homingPower":0.00,//追踪力度
      "homingRange":0,//追踪范围，8/格
	} 	
	},
	    	{"name":"废案炮台1",/*贴图的名字 */
	"x":0,"y":0,/*位置 x为上下y为左右 */
	"mirror":true,/*镜像，是否对称 */
	"reload":1,/*重新装弹速度 */
	"rotate": true,/*是否旋转 */
	"shootEffect":"shootSmall",/*射击效果 */
	"shootSound":"shoot",/*射击声 */
	"bullet":{
	"type":"LaserBoltBulletType",/*子弹类型 */
	"damage": 1,/*伤害 */
	"frontColor":"#84F491",/*子弹颜色 正面颜色*/
	"backColor":"#84F491",/*背景色 */
	"width": 1,/*子弹宽度 */
	"height": 10,/*子弹长度 */
	"speed": 10,/*子弹速度 */
	"lifetime":10,/*子弹血量 */
	"reloadTime": 1000,//攻击范围
	"lifetime":2,//存在时间，帧
	"buildingDamageMultiplier":2/*对建筑物伤害/乘数 */
	"homingPower":0.00,//追踪力度
      "homingRange":0,//追踪范围，8/格
	} 	
	},
	    	{"name":"废案炮台1",/*贴图的名字 */
	"x":0,"y":0,/*位置 x为上下y为左右 */
	"mirror":true,/*镜像，是否对称 */
	"reload":1,/*重新装弹速度 */
	"rotate": true,/*是否旋转 */
	"shootEffect":"shootSmall",/*射击效果 */
	"shootSound":"shoot",/*射击声 */
	"bullet":{
	"type":"LaserBoltBulletType",/*子弹类型 */
	"damage": 1,/*伤害 */
	"frontColor":"#84F491",/*子弹颜色 正面颜色*/
	"backColor":"#84F491",/*背景色 */
	"width": 1,/*子弹宽度 */
	"height": 10,/*子弹长度 */
	"speed": 10,/*子弹速度 */
	"lifetime":10,/*子弹血量 */
	"reloadTime": 1000,//攻击范围
	"lifetime":2,//存在时间，帧
	"buildingDamageMultiplier":2/*对建筑物伤害/乘数 */
	"homingPower":0.00,//追踪力度
      "homingRange":0,//追踪范围，8/格
	} 	
	},
    ]
}