{
  "type": "Reconstructor",
  "category": "units",
  "size": 3,
  "requirements": [ "aluminium/300","lead/120","silicon/90" ],
  "consumes": {
    "power": 3,
    "items": [ "silicon/40","graphite/40" ]
  },
  "constructTime": 600,
  "upgrades": [
    [ "dagger","mace" ],
    [ "flare","horizon" ],
    [ "risso","minke" ],
    [ "nova","pulsar" ],
    [ "mono","poly" ],
    [ "retusa","oxynoe" ],
    [ "crawler","atrax" ]
  ],
  "research": {
    "parent": "ground-fabricator",
    "objectives": [
      {
        "type": "OnSector",
        "preset": "carbon-relics"
      }
    ]
  },
  "researchCostMultiplier": 0.1,
  //"regionSuffix": "-rail"
}