{
  "type": "Reconstructor",
  "category": "units",
  "size": 3,
  "requirements": [ "aluminium/90","lead/80","silicon/75","cobalt/55" ],
  "consumes": {
    "power": 5
  },
  "constructTime": 1200,
  "upgrades": [
    [ "blade","lance" ],
    [ "aurora","test" ],
    [ "stardust","test" ],
    [ "point","test" ],
    [ "hammer","hoe" ],
    [ "plasma","prominence" ],
    [ "vortex","astrologe" ],
    [ "line","test" ]
  ],
  "research": {
    "parent": "junior-refabricator",
    "objectives": [
      {
        "type": "SectorComplete",
        "preset": "unit-laboratory"
      }
    ]
  },
  "researchCostMultiplier": 0.5
}