{
  "type": "Reconstructor",
  "category": "units",
  "size": 3,
  "requirements": [ "aluminium/220","graphite/110","silicon/90" ],
  "consumes": {
    "power": 2.75,
    "items": [ "silicon/40","graphite/20","chromium/20" ]
  },
  "constructTime": 600,
  "upgrades": [
    [ "smarb","mider" ]
  ],
  "research": {
    "parent": "junior-hovership-reconstructor",
    "objectives": [
      {
        "type": "OnSector",
        "preset": "fort-port"
      }
    ]
  },
  "researchCostMultiplier": 0.1,
  //"regionSuffix": "-rail"
}