{
  "type": "UnitCargoLoader",
  "buildTime": 900,
  "unitType": "lambda-tether",
  "category": "units",
  "size": 2,
  "consumes": {
    "power": 1.5,
    "liquids": [ "chlorine/0.0666666667" ]
  },
  "research": {
    "parent": "platform-theta",
    "objectives": [
      "isomorphic-core-foundation",
      "ground-factory"
    ]
  },
  "itemCapacity": 1,
  "hasLiquids": true,
  "liquidCapacity": 20,
  "hasItems": false,
  "requirements": [ "aluminium/100","silicon/150","graphite/50" ],
  "polySides": 4,
  "polyRadius": 5,
  "polyStroke": 1
}