{
  "type": "UnitFactory",
  "category": "units",
  "requirements": [ "lead/140","silicon/210","thorium/80" ],
  "size": 3,
  "shownPlanets": [ "serpulo","cyclant" ],
  "research": {
    "parent": "naval-fabricator",
    "objectives": [ 
      {
        "type": "OnSector",
        "preset": "thorium-hacienda"
      }
    ]
  },
  "plans": [
    {
      "unit": "thorium-blaster",
      "time": 3000,
      "requirements": [ "silicon/40","lead/40","thorium/180" ]
    },
    {
      "unit": "thorium-bomber",
      "time": 3000,
      "requirements": [ "silicon/40","graphite/50","thorium/140" ]
    },
    {
      "unit": "fly-laser-drill",
      "time": 600,
      "requirements": [ "graphite/30","silicon/50","titanium/30" ]
    },
    {
      "unit": "wide-fortress",
      "time": 4200,
      "requirements": [ "silicon/240","graphite/80","titanium/160","metaglass/80" ]
    },
    {
      "unit": "duplicator",
      "time": 4800,
      "requirements": [ "silicon/150","graphite/50","warp-nucleus/10" ]
    }
  ],
  "consumes": {
    "power": 3.25
  },
  //"regionSuffix": "-rail"
}