{
  "type": "UnitAssembler",
  "requirements": [ "lead/2800","silicon/2000","cobalt/1500","thorium/1000","surge-alloy/1000","phase-fabric/650" ],
  "category": "units",
  "researchCostMultiplier": 0.2,
  "research": {
    "parent": "super-assembler",
    "objectives": [
      {
        "type": "OnSector",
        "preset": "nuclear-powerplant"
      },
      {
        "type": "OnSector",
        "preset": "ruins"
      }
    ]
  },
  "size": 7,
  "droneType": "assembly-drone-ve",
  "plans": [
    {
      "unit": "ray",
      "time": 8400,
      "requirements": [ 
        "ve-ballistic/1",
        "ve-ultra-assemble-pack/5"
      ]
    },
    {
      "unit": "corona",
      "time": 9000,
      "requirements": [ 
        "ve-solar/1",
        "ve-ultra-assemble-pack/5"
      ]
    },
    {
      "unit": "universe",
      "time": 10800,
      "requirements": [
        "ve-nebula/1",
        "ve-ultra-assemble-pack/5"
      ]
    },
    {
      "unit": "meta",
      "time": 12000,
      "requirements": [ 
        "ve-square/1",
        "ve-ultra-assemble-pack/5"
      ]
    }
  ],
  "areaSize": 17,
  "consumes": {
    "power": 14,
    "liquids": [ "chlorine/0.4" ]
  }
  "itemCapacity": 3600,
  "hasItems": true
}