{
	"type":"ItemTurret",//类型:消耗物品的炮塔
	"name":"双管2型",//名字
    "description":"前期炮台。",//介绍
	"size":1,//物品面积
	"health":1000,//建筑血量
	"ammoPerShot":1,//？
	"range":240,//攻击范围
	"reload":10,//攻击速度（每多少帧射击一次）(一秒60帧)
	"inaccuracy":2,//误差(度)
	"consumes":{
	"coolant":{
	"amount": 0.3,//消耗量(实际消耗量=这里写的Ⅹ60)
    "optional": true//是否为强化效果，否将作为弹药，是将作为冷却液
    },
    }
	                  "ammoPerShot":1,//？
	                  "ammoUseEffect": "casing2",//？
	"rotatespeed":3,//旋转速度
	"maxAmmo":30,//最大弹药
	"targetAir":true//攻击天空
	"targetGround":true,//攻击地面
	"coolantMultiplier":2,
	"heatColor":"#FF0000",
	"ammoTypes":{
     "copper": {//消耗的弹药
     "reloadMultiplier":2,//射击速率
	"speed": 8,//子弹速度（输入数字×8）
	"damage": 20,//伤害
	"knockback":0,//击退
	"lifetime":35,//弹药存在时间（帧）
	"width": 4,//子弹宽度
	"height": 6,//子弹长度
	"ammoMultiplier":2,//装填倍数
	"shootEffect": "shootBig" 	//特效
	}
     "graphite": {//消耗的弹药
     "reloadMultiplier":2,//射击速率
	"speed": 8,//子弹速度（输入数字×8）
	"damage": 35,//伤害
	"knockback":0,//击退
	"lifetime":35,//弹药存在时间（帧）
	"width": 5,//子弹宽度
	"height": 6,//子弹长度
	"ammoMultiplier":5,//装填倍数
	"shootEffect": "freezing" 	//特效
	}
     "silicon": {//消耗的弹药
     "reloadMultiplier":2,//射击速率
	"speed": 8,//子弹速度（输入数字×8）
	"damage": 40,//伤害
	"knockback":0,//击退
	"lifetime":35,//弹药存在时间（帧）
	"width": 5,//子弹宽度
	"height": 7,//子弹长度
	"ammoMultiplier":5,//装填倍数
	"shootEffect": "shootBig" 	//特效
	}
},
	"requirements": [
	{ "item": "copper", "amount":50 },//造价
	{ "item": "lead", "amount":25 },
	"建筑废料/75"
	],
	"research":"临时炮台"
	"category": "turret",//类型
}