{
	"type":"ItemTurret",
	"name":"极光",
    "description":"《我在像素工厂里玩东方》",
	"size":3,//物品面积
	"health":2500,//建筑血量
	"ammoPerShot":1,
	"range":320,//攻击范围
		"recoil":4,//后坐力,
	"reload":30,//60：0.1每秒一个
	"inaccuracy":0,//误差
	                  "ammoPerShot":1,
		"shoot": {
		"type": "ShootSpread",
		"shots": 15,
		"spread": 40
			"barrels":[
        0,0,-10,
    ]
	},
	                      "consumes": {
        "coolant": {
            "amount": 0.75,
            "optional": true
        }
    },
	"rotatespeed":25,//旋转速度
	"maxAmmo":40,//最大弹药
	"targetAir":true//攻击天空
	"targetGround":true,//攻击地面
	"coolantMultiplier":2,
	"heatColor":"#FF0000",
			"shootSound":"shotgun",
	"ammoTypes":{
	     "thorium": {
	       "type":"ShrapnelBulletType"
     "damage": 95
      "length":320
	 "reloadMultiplier":0.8
	// "fromColor":"CB8EBFFF"
            "toColor": "CB8EBFFF",
            "shootEffect": "thoriumShoot",
            "smokeEffect": "thoriumShoot"
     "ammoMultiplier": 5
}
     "titanium": {
	       "type":"ShrapnelBulletType"
     "damage": 65
      "length":320
	 "reloadMultiplier":1
	 "fromColor":"9DB2FAFF"
     "ammoMultiplier": 4
}
}
	    
	"requirements": [
		{ "item": "copper", "amount":165 },
		"graphite/125"
		"thorium/100"
		"硅芯片/50"
	],
	"category": "turret",
	"research":"风暴"
	
}