{

	"type":"PowerTurret",
	"name":"穿透",
    "description":"可以穿透。",
	"size":2,//物品面积
	"health":1900,//建筑血量
	"range":444,//攻击范围
	"reload":90,//60：0.1每秒一个
		"recoil":2,//后坐力,
	"inaccuracy":0,//误差
	    "recoilTime": 40,//归位时间
	"cooldownTime": 100,//冷却时间
	"minWarmup": 0.90,//展开到百分之多少的时候开始射击
	

	                      "consumes": {
	                          
        "power": 15,

        "coolant": {
            "amount": 0.2,
            "optional": true
        }
    },
	"rotateSpeed":3,//旋转速度
	"targetAir":false//攻击天空
	"targetGround":true,//攻击地面
	"coolantMultiplier":2,
	

	
	"heatColor":"#FF0000",
			"shootSound":"laserblast",
	

	"shootType": {
		"type": "LaserBulletType",
		"damage": 250,
		"length": 450,
		"lifetime": 21,
		                "pierceCap":10000,
		"shootEffect": {
			"type": "ParticleEffect",
			"line": true,
			"particles": 12,
			"lifetime": 20,
			"length": 450,
			"cone": 30,
			"lenFrom": 6,
			"lenTo": 6,
			"strokeFrom": 3,
			"strokeTo": 0,
			"interp": "fastSlow",
			//"lightColor": "FF5845",
		//	"colorFrom": "FFDCD8",
		//	"colorTo": "FF5845"
		},

		"hitSize": 4,
		"drawSize": 400,
		"ammoMultiplier": 1,
	
		"statusDuration": 30,
		"hitEffect": {
			"type": "ParticleEffect",
			"line": true,
			"particles": 10,
			"lifetime": 20,
			"length": 450,
			"cone": -360,
			"lenFrom": 6,
			"lenTo": 6,
			"strokeFrom": 3,
			"strokeTo": 0,
			//"lightColor": "FF5845",
			//"colorFrom": "FFDCD8",
		//	"colorTo": "FF5845"
		},
		"despawnEffect": "none"
	},




    "shootEffect":{"type": "ParticleEffect",
    "particles": 4,
    "length":450,
    "baseLength": 0,
    "lifetime": 13,
    "line": true,
    "lenFrom":8,
    "lenTo":18,
    "strokeFrom": 2,
    "strokeTo": 0,
        "cone": 20},

	"requirements": [
		"lead/70"
		"silicon/40"
		"硅芯片/30"
		"graphite/40"
		"建筑废料/85"
	],
	"category": "turret",
	"research":"双管2型"
	

}