{
"details":"更换装甲模板 优化通讯系统 武器升级！携带两门大炮，正面战斗力强劲！ 携带弧形护盾！",
"armor": 30,
"health": 25600,
//"range": 300,
"abilities": [
	{
		"type": "ShieldArcAbility",
		"radius": 25,
		"width": 19,
		"max": 4500,
		"regen": 5,
		"cooldown": 90,
		"angle": 250,
		"angleOffset": 0
	},
 ]
"weapons": [
	{
		"name": "蛟龙1",
		"mirror": false,
		"x": 0,
		"y": 0,
		"reload": 100,
		"shoot": {
			"shots": 10,
			"shotDelay": 5
		},
		"shootSound": "missile",
		"rotate": true,
		"rotateSpeed": 4,
		"xRand": 6,
		"inaccuracy": 6,
		"bullet": {
					 	"type": "MissileBulletType",
			"damage": 120,
			"shootEffect": "none",
			"smokeEffect": "none",
			"splashDamageRadius": 49,
			"lightningLength": 56,
			"hitEffect": "flakExplosionBig",
			"despawnEffect": "flakExplosion",
			"width": 8,
			"height": 9,
			"speed": 6,
			"lifetime": 50
		}
		
			"hitEffect": {
			"type": "MultiEffect",
			"effects": [
				{
					"type": "ParticleEffect",
					"particles": 50,
					"sizeFrom": 7,
					"sizeTo": 1,
					"length": 3,
					"baseLength": 2,
					"lifetime": 90,
					"colorFrom": "ffffff",
					"colorTo": "ffffff"
				},
				{
					"type": "WaveEffect",
					"lifetime": 90,
					"sizeFrom": 1,
					"sizeTo": 80,
					"strokeFrom": 6,
					"strokeTo": 15,
					"colorFrom": "ffffff",
					"colorTo": "ffffff"
				}
			]
	       }
	       }
	{
		"name": "蛟1",
		"reload": 50,
		"shake": 5,
		"shoot": {
			"shots": 3,
			"shotDelay": 5
		} 
		"recoil": 7,
		"x": 15.7,
		"shootX": 0,
		"shootY": 11,
		"rotate": true,
		"top": false,
		"inaccuracy": 1.5,
		"shootSound": "artillery",
		"alternate": true,
		"ejectEffect": "casing4",
		"bullet": {
			"status": "blasted",
			"damage": 48,
			"pierceArmor": true,
			"pierce": true,
			"pierceCap": 2,
			"speed": 13,
			"lifetime": 24.5,
			"shootEffect": "shootBig",
			"smokeEffect": "shootBigSmoke",
			"width": 16,
			"height": 37,
			"hitSound": "explosion",
			"hitEffect": "flakExplosion",
			"fragBullets": 4,
			"fragRandomSpread": 20,
			"fragBullet": {
				"damage": 14.5,
				"width": 9,
				"height": 16,
				"pierce": true,
				"pierceBuilding": true,
				"pierceCap": 4,
				"speed": 16,
				"lifetime": 15,
				"hitSound": "explosion",
				"hitEffect": "flakExplosion",
				"splashDamage": 12,
				"splashDamageRadius": 20
			}
	
		}
	
	
	"hitEffect": {
			"type": "MultiEffect",
			"effects": [
				{
					"type": "ParticleEffect",
					"particles": 50,
					"sizeFrom": 7,
					"sizeTo": 1,
					"length": 3,
					"baseLength": 2,
					"lifetime": 90,
					"colorFrom": "ffffff",
					"colorTo": "ffffff"
				},
				{
					"type": "WaveEffect",
					"lifetime": 90,
					"sizeFrom": 1,
					"sizeTo": 80,
					"strokeFrom": 6,
					"strokeTo": 15,
					"colorFrom": "ffffff",
					"colorTo": "ffffff"
				}
			]
	       }
        }
        ]
        
}    