{
	"type": "Reconstructor",
	"name": "单位重构厂",
	"description": "将输入的单位升级重构成更加强力的t2",
    "health":1000,
    "squareSprite": false,
	"size":3,
	"liquidCapacity":180,
	"requirements": [
"metaglass/100"
"碲/200"
"锂/100"
"titanium/50"
"silicon/100"
	],
	"consumes":{
		"power":12.5,
		"items": {
		"items": [
	{"item":"silicon","amount":20}
	{"item":"metaglass","amount":30}
	]
	}
	"liquid":
	{"liquid":"nitrogen", "amount": 0.3 }
	},
	"upgrades":[
        ["蜉蝣","鲦鱼"]
        ["朴刀","利刃"]
        ["波涌","海潮"]
        ["愚鸠","博鹰"]
        ["血影","血舞"]
        ["凿子","衡仪"]
	],
	"constructTime":2500
 "parent":"海军构建厂"
 "research":{
 "objectives":[
 			 {
 "type": "OnSector",
 "preset":"横断丘壑"
 }
 ]
	"requirements":[
"一级科技/3000",
"二级科技/300",
	],
	}
	"category":"units",
	
}