{
	"type": "Battery",
    "name": "Large Thorium Battery",
	"description": "Stores power in times of surplus energy. Outputs power in times of deficit. Higher capacity than a Large Battery.",
    "category": "power",
    "health": 1440,
    "size": 3,
    "consumes": {
      "powerBuffered": "250000.0"
      },
    "BuildVisibility": "shown",
    "requirements": [
        {"item": "lead", "amount": 40},
        {"item": "titanium", "amount": 20},
        {"item": "silicon", "amount": 20},
        {"item": "thorium", "amount": 30}
    ],
    "research": "battery-large"
}