{
	"name": "大型铅墙",//名字
	"description": "真的太铅墙了",//介绍
	"type": "Wall",//类型
	"health":1200,//血量
	"size":2 ,//边长
	"requirements": [
		{ "item": "lead", "amount":24}
	],
	"category": "defense",//不能改
	"research": {
	"parent": "c0铅墙"//科技树前置
	"requirements": [//研究花费
	"lead/180",
	]	},
"absorbLasers":false,//吸收激光（塑钢墙同款）
"deflect": false,//反弹子弹
"chanceDeflect":0,//反弹概率（1=1%）
"lightningChance":0//放电概率（1=100%）
"lightningDamage":0//闪电伤害
"lightningLength":0//闪电长度（1=0.5格）
}