{
	"name": "大型石英墙",//名字
	"description": "石英的重量，令人安息",//介绍
	"type": "Wall",//类型
	"health":2000,//血量
	"size":2 ,//边长
	"requirements": [
		{ "item": "石英", "amount":24}
	],
	"category": "defense",//不能改
	"research": {
	"parent": "c2石英墙"//科技树前置
	"requirements": [//研究花费
	"石英/480",
	]	},
"absorbLasers":false,//吸收激光（塑钢墙同款）
"deflect": false,//反弹子弹
"chanceDeflect":0,//反弹概率（1=1%）
"lightningChance":0//放电概率（1=100%）
"lightningDamage":0//闪电伤害
"lightningLength":0//闪电长度（1=0.5格）
}