{
	"name": "大型铥墙",//名字
	"description": "挡激光专用",//介绍
	"type": "Wall",//类型
	"health":1600,//血量
	"size":2 ,//边长
	"requirements": [
		{ "item": "铥", "amount":24}
	],
	"category": "defense",//不能改
	"research": "c4铥墙"//科技树位置（此为铜墙）
"absorbLasers":true,//吸收激光（塑钢墙同款）
"deflect": false,//反弹子弹
"chanceDeflect":0,//反弹概率（1=1%）
"lightningChance":0//放电概率（1=100%）
"lightningDamage":0//闪电伤害
"lightningLength":0//闪电长度（1=0.5格）
}