{
"type":"GenericCrafter",
"name":"结晶反应器",
"health":625,
"outputItem":{"item":"结晶体","amount":3},
"size":3,
"hasLiquids":true,
"hasItems":true,
"liquidCapacity":30,
"drawer":{
	"type":"DrawMulti",
	"drawers":[
		{"type":"DrawRegion","suffix":"-bottom"},
		{"type":"DrawLiquidTile","drawLiquid":"oil"},
		{"type":"DrawDefault"},
    ]
},
"consumes":{
	"liquid":{"liquid":"oil","amount":0.0667},
	"items":{"items":[{"item":"silicon","amount":2}]}
	"power":4
},
"requirements":[
	{"item":"黑曜石","amount":125},
	{"item":"炎岩","amount":25},
	{"item":"silicon","amount":75},
]
"category":"crafting",
"research":"石油压榨机",
}