{
	"type": "PowerTurret",
	"name": "router-turret",
	"description": "-router-router-router-",
	"health": 15000,
	"size": 3
	"reloadTime": 180,
	"range": 400,
	"shots":1
	"shootSound":"高射炮"
	"ejectEffect":"casing3"
	"inaccuracy": 0,
	"rotatespeed": 8
	"powerUse":100
	"buildCostMultiplier":0.75
	"shootType":{
			"shootSound":"高射炮",
			"sprite":"繁星-router",
			"speed": 8
			"damage":500
			"splashDamage":300
			"splashDamageRadius":50
			"knockback":50
			"width":80
			"height":80
			"smokeEffect": "shootSmallSmoke",
			"hitEffect":"explosion"
			"despawnEffect":"explosion"
			"frontColor":"FFFFFF",
			"homingPower":1
  	"homingRange":800
			"keepVelocity":true,
			"lifetime": 60
			"shrinkY":0
			"spin":12
	 	"fragBullets":5
   "fragBullet":{
  	"sprite":"繁星-router",
			"speed": 8
			"damage":250
			"splashDamage":150
			"splashDamageRadius":40
			"knockback":25
			"width":40
			"height":40
			"smokeEffect": "shootSmallSmoke"
			"hitEffect":"explosion"
			"despawnEffect":"explosion"
			"frontColor":"FFFFFF",
			"homingPower":1
  	"homingRange":800
			"keepVelocity":true,
			"lifetime": 120
			"shrinkY":0
			"spin":12
			"fragBullets":5
   "fragBullet":{
  	"sprite":"繁星-router",
			"speed": 8
			"damage":100
			"splashDamage":80
			"splashDamageRadius":30
			"knockback":10
			"width":20
			"height":20
			"smokeEffect": "shootSmallSmoke",
			"hitEffect":"explosion"
			"despawnEffect":"explosion"
			"frontColor":"FFFFFF",
			"homingPower":1
  	"homingRange":800
			"keepVelocity":true,
			"lifetime": 240
			"shrinkY":0
			"spin":12
			"fragBullets":5
   "fragBullet":{
  	"sprite":"繁星-router",
			"speed": 8
			"damage":50
			"splashDamage":30
			"splashDamageRadius":20
			"tileDamageMultiplier":0.75
			"knockback":5
			"width":10
			"height":10
			"smokeEffect": "shootSmallSmoke",
			"hitEffect":"explosion"
			"despawnEffect":"explosion"
			"frontColor":"FFFFFF",
			"homingPower":1
  	"homingRange":800
			"keepVelocity":true,
			"lifetime": 480
			"shrinkY":0
			"spin":12
			}
   }
   }
		}
	"requirements": [
		{ "item": "金属", "amount":114514 },
	],
	"category": "turret",
	"buildVisibility":sandboxOnly
}