{
	"name": "X1制导导弹",
	"description": "一款使用化学引擎的制导导弹，能够持续追踪其目标直到化学燃料耗尽",
	"health": 3000,
	"size": 3,
	"reloadTime": 300,
	"range": 440,
	"shots": 1,
	"shotWidth":2,
	"inaccuracy": 0,
	"rotatespeed": 4
	"maxAmmo":3
	"shootSound":"导弹",
	"requirements": [
		{ "item": "金属", "amount":240 },
		{ "item": "B76钢", "amount": 200 },
		{ "item": "精炼硅", "amount":300 },
		{ "item": "计算芯片", "amount":200 },
		{ "item": "星核", "amount":80 },
	],
	"category": "turret",
	"research": "C3-4"
}