{
	"name":"中子炮",
	"description":"脉冲炮的升级版本，通过发射高能中子束来破坏敌人装甲",
	"size":2,
	"health":2000,
	"range":300
	"reloadTime":7.5
	"inaccuracy":0,
	"rotatespeed":6
	"powerUse":4
	"shootSound":"lasershoot",
	"heatColor":"43CD80"
	"buildCostMultiplier":0.75
	"requirements": [
		{ "item":"金属","amount":175},
		{ "item":"精炼硅", "amount":120 },
		{ "item":"晶体","amount":100},
		{ "item":"计算芯片","amount":80},
	],
	"category": "turret",
	"research": "A3-4",
}