{
	"type":"PointDefenseTurret",
	"name":"哨兵点防御",
	"description":"自动式点防御系统，会自动拦截射程内的敌方射线，子弹，导弹和炮弹碎片，对激光和闪电无能为力
拦截激光伤害:25",
	"size":1
	"health":400,
	"range":100,
	"hasPower":true,
	"rotatespeed":10
	"shootLength":0
	"bulletDamage":25,
	"buildCostMultiplier":0.75
	"reloadTime":60,
	"shootSound":"点防"
	"consumes":{
		"power":1
	},
	"requirements":[
		{ "item": "金属", "amount": 40}
		{ "item": "晶体", "amount": 25 }
		{ "item": "计算芯片", "amount": 25 }
	],
	"category":"turret",
	"research": "A3-15"
}