{
	"type": "itemTurret",
	"name": "哨戒机枪",
	"description":"一座高斯机枪，通过高斯线圈快速弹射高速弹丸",
	"health": 1600,
	"size": 2,
	"reloadTime": 3,
	"range": 220
	"shots": 1,
	"inaccuracy": 7.5
	"rotatespeed": 6,
	"maxAmmo":200
	"ejectEffect":"casing1"
	"ammoTypes": {
			"矿物": {
			"speed": 5,
			"damage": 15
			"tileDamageMultiplier":0.5
			"width": 6,
			"height": 6,
			"shootEffect": "shootSmall",
			"smokeEffect": "shootSmallSmoke",
			"reloadMultiplier":1.0
			"ammoMultiplier": 20
			"keepVelocity":true,
			"lifetime": 49
			"shrinkY":0
			}
			"金属": {
			"speed": 5,
			"damage": 20
			"tileDamageMultiplier":0.5
			"width": 6,
			"height": 6,
			"shootEffect": "shootSmall",
			"smokeEffect": "shootSmallSmoke",
			"reloadMultiplier":1.0,
			"ammoMultiplier": 20
			"keepVelocity":true,
			"lifetime": 49
			"shrinkY":0
			}
			"B76钢": {
			"speed": 5,
			"damage": 28
			"tileDamageMultiplier":0.75
			"width": 6,
			"height": 6,
			"shootEffect": "shootSmall",
			"smokeEffect": "shootSmallSmoke",
			"reloadMultiplier":1.0,
			"ammoMultiplier": 20
			"keepVelocity":true,
			"lifetime": 49
			"shrinkY":0
			}
	},
	"requirements": [
		{ "item": "矿物", "amount": 150 },
		{ "item": "精炼硅", "amount":50 }
	],
	"category": "turret",
	"research": "C2-7"
}