{
	"type":"PowerTurret",
	"name":"弧光",
	"description":"此武器发射的能量弧速度极慢，但能够穿透所有敌方单位
特殊:无视护甲",
	"size":2,
	"health":1500,
	"range":240,
	"reloadTime":80,
	"inaccuracy":0,
	"rotatespeed":5,
	"powerUse":5
	"shootSound":"能量波",
	"shootType":{
	"type":"BasicBulletType"
		"sounds":"missile",
			"pierce":true
	"speed": 2,
	"lifetime": 160,
		"sprite":"繁星-冲击波",
 "backColor":"1e90ff",
 "frontColor":"abdbff",
 "shootEffect": "none",
			"smokeEffect": "none",
			"hitEffect":"none"
			"despawnEffect":"none"
	"width": 30,
	"shrinkY":0
			"height": 30,
			"damage":45
			"tileDamageMultiplier":2
}
	"requirements": [
		{ "item":"金属","amount":150},
		{ "item":"精炼硅","amount":120},
		{ "item": "晶体", "amount":80 },
		{ "item": "计算芯片", "amount": 50 }
	],
	"category": "turret",
	"research": "A3-5",
}