{
"type": "PowerTurret",
"name": "泰瑟炮",
"description":"双联电击炮塔，使用高频高压电流摧毁敌人",
"reloadTime":4
"rotateSpeed":6
"powerUse":20
"range":300
"shootEffect":"lightningShoot"
"shots": 2
"spread":8
"alternate":true
"size":3
"health":3000
"shootSound":"spark"
"shootType":{
"type":"LightningBulletType"
"lightningLength":44
"damage":50
"collidesAir": true
}
	"requirements": [
		{ "item": "B76钢","amount":240},
		{ "item": "精炼硅","amount":350},
		{ "item": "光子晶体","amount":150}
		{ "item": "计算芯片", "amount": 150}
		{ "item": "星核", "amount":80 },
	],
	"category": "turret",
	"research": "A4-16"
}