{
	"type": "itemTurret",
	"name": "物质加速炮",
	"description": "此类电磁弹射器使用磁铁将穿甲弹丸回旋加速到极高的速度",
	"health": 1200,
	"size": 2
	"reloadTime": 120,
	"range": 320,
	"shots": 1,
	"shootSound":"shotgun",
	"coolEffect":"none"
	"heatColor":00E5EE
	"inaccuracy": 0,
	"rotatespeed": 6
	"maxAmmo":10
	"buildCostMultiplier":0.75
	"ammoTypes": {
			"矿物": {
			"sprite":"繁星-鱼雷",
			"backColor":"1e90ff",
   "frontColor":"abdbff",
			"shrinkY":0
			"speed": 12
			"damage": 200,
			"tileDamageMultiplier":1.25
			"knockback":50
			"width": 6
			"height": 12
			"reloadMultiplier":1,
			"ammoMultiplier": 2
			"keepVelocity":true,
			"lifetime": 28
			"shootEffect": "none",
			"smokeEffect": "lightningShoot",
			"hitEffect":"lightningShoot"
			"despawnEffect":"lightningShoot"
		},
			"金属": {
			"sprite":"繁星-鱼雷",
			"backColor":"1e90ff",
   "frontColor":"abdbff",
			"shrinkY":0
			"speed": 12
			"damage": 350,
			"tileDamageMultiplier":1.25
			"knockback":100
			"width": 6
			"height": 12
			"reloadMultiplier":1,
			"ammoMultiplier": 2
			"keepVelocity":true,
			"lifetime": 28
			"shootEffect": "none",
			"smokeEffect": "lightningShoot",
			"hitEffect":"lightningShoot"
			"despawnEffect":"lightningShoot"
		},
			"B76钢": {
			"sprite":"繁星-鱼雷",
			"backColor":"1e90ff",
   "frontColor":"abdbff",
			"shrinkY":0
			"speed": 12
			"damage": 500,
			"tileDamageMultiplier":1.25
			"knockback":150
			"width": 6
			"height": 12
			"reloadMultiplier":1,
			"ammoMultiplier": 2
			"keepVelocity":true,
			"lifetime": 28
			"shootEffect": "none",
			"smokeEffect": "lightningShoot",
			"hitEffect":"lightningShoot"
			"despawnEffect":"lightningShoot"
		},
	},
	"requirements": [
		{ "item": "金属", "amount":120 },
		{ "item": "磁体", "amount":80 },
		{ "item": "计算芯片", "amount":40 },
	],
	"category": "turret",
	"research": "C2-6"
}