{
	"type":"PowerTurret",
	"name":"离子炮",
	"description":"强大的速射炮塔，发射可穿透敌人的高速离子流
特殊:无视护甲",
	"size":3,
	"health":3500,
	"range":320,
	"reload":6
	"inaccuracy":3,
	"rotatespeed":5,
	"powerUse":8
		"shootSound":"离子束",
		"heatColor":"1E90FF"
		"buildCostMultiplier":0.75
	"shootType":{
	"Bullet":"BasicBulletType"
		"sounds":"pew",
		"pierce":true
	"speed": 12,
	"lifetime": 28
	"sprite":"繁星-激光",
 "backColor":"1e90ff",
 "frontColor":"abdbff",
	"width": 8,
	"knockback":1
	 "shootEffect": "none",
			"smokeEffect": "lightningShoot",
			"hitEffect":"hitLancer"
			"despawnEffect":"hitLancer"
	"shrinkY":0,
		"height": 40,
		"damage":80
}
	"requirements": [
		{ "item": "B76钢","amount":200},
		{ "item": "纳米材料", "amount":100 },
		{ "item": "精炼硅","amount":240},
		{ "item": "光子晶体","amount":120}
		{ "item": "计算芯片", "amount": 150}
		{ "item": "星核", "amount":80 },
	],
	"category": "turret",
	"research": "A4-5",
}