{
	"type":"PowerTurret",
	"name":"等离子晦光炮",
	"description":"这个先进的反护盾武器会发射无法击中单位和建筑，但能对护盾造成严重伤害的等离子晦光团",
	"details":"护盾都是纸"
	"size":3
	"health":3500,
	"range":400,
	"reloadTime":40
	"inaccuracy":0,
	"shootSound":"missile",
	"rotatespeed":5,
	"shootEffect":"lancerLaserCharge",
	"smokeEffect": "lightningShoot",
	"powerUse":10
	"shootType":{
	"type":"MissileBulletType"
  	"sprite":"繁星-晦光",
			"homingPower":0
			"shrinkY":0
			"collides":false,       
   "collidesTiles":false,
   "collidesAir":false,
   "backColor":"7ac6ff",
   "frontColor":"abdbff",
   "trailColor":"abdbff"
			"speed": 4
			"damage":1800
			"width": 15,
			"height": 15,
			"keepVelocity":true,
			"lifetime": 106
			"despawnEffect":"hitLancer"
	}
	"requirements": [
		{ "item": "金属", "amount": 240 },
		{ "item": "B76钢", "amount": 180 },
		{ "item": "精炼硅", "amount": 240 }
		{ "item": "晶体", "amount": 150 }
		{ "item": "烯晶", "amount": 150}
		{ "item": "计算芯片", "amount": 150}
	],
	"category": "turret",
	"research": "A5-5",
}