{
	"type":"PowerTurret",
	"name":"重型质子鱼雷发射器",
	"description":"投射能对一群敌人造成伤害的重型质子鱼雷",
	"size":4,
	"health":6000,
	"range":400,
	"reloadTime":60,
	"inaccuracy":0,
	"rotatespeed":4
	"heatColor":FFFFFF
	"powerUse":15
	"shootSound":"鱼雷",
	"shootType":{
	"Bullet":"BasicBulletType"
		"sounds":"pew",
 	"speed": 4
 	"lifetime": 110,
 	"sprite":"繁星-鱼雷",
  "backColor":"FFFFFF7D"
  "frontColor":"EBEBEB8A"
 	"width": 32
	 "shootEffect": "shockwave",
		"smokeEffect": "none",
		"hitEffect":"shockwave"
	 "despawnEffect":"shockwave"
	 "shrinkY":0,
		"height": 32
		"damage":300
		"splashDamage":550,
		"splashDamageRadius":60,
		"knockback":100
}
	"requirements": [
		{ "item":"金属","amount":300},
		{ "item":"B76钢", "amount":200 },
		{ "item":"精炼硅", "amount":300 },
		{ "item":"晶体","amount":200},
		{ "item": "聚合物", "amount": 150}
		{ "item":"计算芯片","amount":100}
	],
	"category": "turret",
	"research": "A4-4",
}