{
	"type": "ItemTurret",
	"name": "链式机枪",
	"description": "简单便宜的基本型机枪",
	"details":"刮痧很有一套"
	"health": 300,
	"size": 1,
	"reloadTime": 60,
	"range": 200,
	"shots": 8,
	"burstSpacing":4
	"inaccuracy": 5
	"rotatespeed": 8
	"maxAmmo":80
	"ejectEffect":"casing1"
	"shootSound":"机枪",
	"alwaysUnlocked":true,
	"buildCostMultiplier":0.75
	"ammoTypes": {
			"矿物": {
			"speed": 5,
			"damage": 9
			"tileDamageMultiplier":0.5
			"width": 5
			"height": 7
			"shootEffect": "shootSmall",
			"smokeEffect": "shootSmallSmoke",
			"ammoMultiplier": 16,
			"keepVelocity":true,
			"lifetime": 44
			"shrinkY":0
		},
		"金属": {
			"speed": 5,
			"damage": 14
			"tileDamageMultiplier":0.5
			"width": 5
			"height": 7
			"shootEffect": "shootSmall",
			"smokeEffect": "shootSmallSmoke",
			"ammoMultiplier": 16,
			"keepVelocity":true,
			"lifetime":44
			"shrinkY":0
		},
		"B76钢": {
			"speed": 5,
			"damage": 21
			"tileDamageMultiplier":0.75
			"width": 5
			"height": 7
			"shootEffect": "shootSmall",
			"smokeEffect": "shootSmallSmoke",
			"ammoMultiplier": 16,
			"keepVelocity":true,
			"lifetime":44
			"shrinkY":0
			},
	},
	"requirements": [
		{ "item": "矿物", "amount": 50 },
	],
	"category": "turret",
	"research": "C1-2"
}