{
	"name":"防空射线",
	"description":"高效摧毁敌对空中单位",
	"size":2,
	"health":1500,
	"range":320,
	"reloadTime":10,
	"inaccuracy":0,
	"targetGround":false,
	"rotatespeed":6,
	"powerUse":5
	"shootSound":"lasershoot",
	"buildCostMultiplier":0.75
	"requirements": [
		{ "item": "金属", "amount": 150 },
		{ "item": "精炼硅", "amount": 150 },
		{ "item": "晶体", "amount": 100 },
		{ "item": "计算芯片", "amount": 80 }
	],
	"category": "turret",
	"research": "小型防空射线",
}