{
	"type": "ItemTurret",
	"name": "防空炮",
	"description": "专用的对空炮塔，利用高斯线圈向空中敌人弹射炮弹",
	"health": 1500,
	"size": 2,
	"reloadTime": 30,
	"range": 320,
	"shots": 2
	"spread":3
	"shootSound":"shootBig",
	"alternate":true
	"targetGround":false,
	"targetAir":true
	"inaccuracy": 0,
	"rotatespeed": 6,
	"maxAmmo":24
	"ejectEffect":"casing3"
	"buildCostMultiplier":0.75
	"ammoTypes": {
			"炮弹": {
			"speed": 8
			"damage":50
			"splashDamage":90
			"splashDamageRadius":28
			"knockback":7
			"width": 10,
			"height": 12,
			"smokeEffect": "shootSmallSmoke",
			"hitEffect":"explosion"
			"despawnEffect":"explosion"
			"trailEffect": "missileTrail",
			"ammoMultiplier": 3,
			"keepVelocity":true,
			"collidesTiles":false
			"collidesGround":false
			"lifetime": 44
			"shrinkY":0
		}
	},
	"requirements": [
		{ "item": "金属", "amount": 150 },
		{ "item": "B76钢", "amount": 100 },
		{ "item": "精炼硅", "amount": 120 },
		{ "item": "计算芯片", "amount": 80 }
	],
	"category": "turret",
	"research": "小型防空炮"
}