{
	"type": "itemTurret",
	"name": "霰弹炮",
	"description": "基本武器，一次性发射大量短程霰弹",
	"health": 500,
	"size": 1,
	"reloadTime": 90,
	"targetAir":false
	"range": 120,
	"shots": 20,
	"inaccuracy": 15
	"rotatespeed": 8
	"maxAmmo":80
	"ejectEffect":"casing2"
	"alwaysUnlocked":true,
	"ammoTypes": {
			"矿物": {
			"speed": 5,
			"damage": 14
			"width": 5
			"height": 7
			"tileDamageMultiplier":0.75
			"shootEffect": "shootSmall",
			"smokeEffect": "shootSmallSmoke",
			"collidesAir":false,
			"ammoMultiplier": 20,
			"keepVelocity":true,
			"lifetime": 34
			"shrinkY":0
			"knockback":1
		},
		"金属": {
			"speed": 5,
			"damage": 20
			"width": 5
			"height": 7
			"tileDamageMultiplier":0.75
			"shootEffect": "shootSmall",
			"smokeEffect": "shootSmallSmoke",
			"collidesAir":false,
			"ammoMultiplier": 20,
			"keepVelocity":true,
			"lifetime":34
			"shrinkY":0
			"knockback":1
		},
		"B76钢": {
			"speed": 5,
			"damage": 30
			"width": 5
			"tileDamageMultiplier":0.9
			"height": 7
			"shootEffect": "shootSmall",
			"smokeEffect": "shootSmallSmoke",
			"collidesAir":false,
			"ammoMultiplier": 20,
			"keepVelocity":true,
			"lifetime":34
			"shrinkY":0
			"knockback":1
			},
	},
	"requirements": [
		{ "item": "矿物", "amount": 50 },
	],
	"category": "turret",
	"research": "C1-2"
}