{
	"type":"payload",
	"payloadCapacity":256,
	"pickupUnits":false,
	"vulnerableWithPayloads":true,

	"controller":"BuilderAI",
	"flying":true,
	"accel":0.1,"drag":0.05,
	"engineSize":2.25,
	"engineOffset":7.5,
	"trailLength":4,
	"faceTarget":true,
	"outlineColor":"2E2F34FF",

	"name":"脉序",
	"description":"配备激光修复系统，能够保卫枢纽核心",
	"research":"acab枢纽核心",

	"fogRadius":0,
	"isEnemy":false,
	"targetable":false,
	"hittable":false,
	"rotateSpeed":6,
	"speed":6,
	"lowAltitude":true,
	"health":960,
	"hitSize":13.25,
	"itemCapacity":80,
	"coreUnitDock":true,

	"mineWalls":true,
	"mineFloor":true,
	"mineSpeed":8,
	"mineTier":4,

	"buildSpeed":4,
	"weapons":[
	{"name":"faab脉序1",
		"type":"RepairBeamWeapon",
		"x":-7,"y":0,
		"shootY":6,
		"rotationLimit":30,
		"rotateSpeed":1,
		"rotate":true,
		"rotateSpeed":8,
		"mirror":true,
		"layerOffset":-0.001,
		"widthSinMag":0.11,
		"reload":10,
		"beamWidth":0.7,
		"shootCone":40,
		"repairSpeed":7,
		"fractionRepairSpeed":0.2,
		"laserColor":"FFD37FFF",
		"healColor":"FFD37FFF",
		"targetUnits":false,
		"targetBuildings":true,
		"autoTarget":false,
		"controllable":true,
		"bullet":{
		"maxRange":90
	}	}
]
}