{
	"type":"payload",
	"payloadCapacity":256,
	"pickupUnits":false,
	"vulnerableWithPayloads":true,

	"controller":"BuilderAI",
	"flying":true,
	"accel":0.1,"drag":0.05,
	"engineSize":2.25,
	"engineOffset":7.5,
		"isEnemy":false,
	"targetable":false,
	"hittable":false,
	"trailLength":4,
	"faceTarget":true,

	"name":"宙枢",
	"description":"配备激光修复系统，能够保卫界穹核心",
	"research":"acac界穹核心",

	"fogRadius":0,
	"rotateSpeed":6,
	"speed":6.5,
	"lowAltitude":true,
	"health":1440,
	"hitSize":18,
	"itemCapacity":100,
	"coreUnitDock":true,

	"mineWalls":true,
	"mineFloor":true,
	"mineSpeed":10,
	"mineTier":4,

	"buildSpeed":5,
	"weapons":[
	{"name":"faac宙枢1",
		"type":"RepairBeamWeapon",
		"x":-13.5,"y":-0.25,
		"shootY":7,
		"rotationLimit":30,
		"rotateSpeed":1,
		"rotate":true,
		"rotateSpeed":8,
		"mirror":true,
		"layerOffset":-0.001,
		"widthSinMag":0.11,
		"reload":10,
		"beamWidth":0.7,
		"shootCone":40,
		"repairSpeed":6,
		"fractionRepairSpeed":0.2,
		"laserColor":"FFD37FFF",
		"healColor":"FFD37FFF",
		"targetUnits":false,
		"targetBuildings":true,
		"autoTarget":false,
		"controllable":true,
		"bullet":{
		"maxRange":120
	}	}
	
]
}