{
    "type": "Reconstructor",
    "name": "初级重构厂",
    "description": "将输入的单位升级为二级单位。",
    "category": "units",
/*    "research": {
        "parent": "bjaa机甲制造厂",
        "objectives": [
            {
                "type": "OnSector",
                "preset": "ba砾石峡谷"
            }
        ]
    },*/
    "requirements": [
        "铁/120",
        "镍/100",
        "silicon/140",
        "graphite/140"
    ],
    "constructTime": 600,
    "health": 1360,
    "size": 3,
    "consumes": {
        "power": 7,
        "items": {
            "items": [
                "graphite/100",
                "silicon/100"
            ]
        }
    },
    "upgrades": [
        [
            "abaa立案",
            "abab调查"
        ],
        [
            "abba修缮",
            "abbb整备"
        ],
        [
            "acaa星尘",
            "acab星涌"
        ],
        [
            "adaa行步",
            "adab步伐"
        ],
        [
            "afaa移云",
            "afab逐月"
        ]
    ]
}