{
	//"type": "flying",
	"speed": 2.2,
	"armor": 5,
	"buildSpeed": 1, //建造速度
	"drag": 0.01,
	"hitSize": 14,
	"health": 450,
	"itemCapacity": 35,
	"range": 50,
	"engineOffset": 7,
	"flying": true,
	
	"mineTier": 2,
	"mineSpeed": 2.2,
	"weapons": [
		{
			"controllable": false,
			"autoTarget": true, //被动开火
			"reload": 15,
			"rotate": true,
			"shootSound": "shootSnap",
			"alternate": true,
			"bullet": {
				"type": "BasicBulletType",
				"width": 7,
				"damage": 25,
				"speed": 3,
				"height": 9,
				"lifetime": 70,
				"buildingDamageMultiplier": 0.01,
				"shootEffect": "shootSmall",
				"smokeEffect": "shootSmallSmoke"
			}
		}
	],
	//"research": "1kuangji"
}