{
	"name": "氦3矿井",
	"description": "从地下钻探氦3",
	"itemCapacity": 20,
	"size": 2,
	"health":400,
	"hasItems": true,
	"craftTime":60,
	"buildCostMultiplier":0.75
	"consumes": {
	"power":2
	}
	"craftEffect": "pulverizeMedium",
	"outputItem": {"item": "氦3", "amount": 1},
	"requirements": [
		{ "item": "金属","amount":150 },
		{ "item": "B76钢", "amount":120 },
		{ "item": "精炼硅", "amount": 120 }
		{ "item": "晶体", "amount": 80 }
	],
	"category": "production",
	"research":"A4-15"
}
