{
"type": "Drill",
"name":"高能热射线钻头"
"description":"利用高能量热射线穿透岩石"
"size": 4
"health": 1500
"tier": 5
"drillTime":220
	"ambientSound": "ThermalRayDrill",
	"ambientSoundVolume": 0.25
"rotateSpeed":5
"drawRim":true,
"consumes": {
"power": 5
  "liquid": {
    "liquid": "water"
    "amount": 0.25
    "optional":true
    }
},
"requirements": [
{"item": "B76钢", "amount":120 }
{"item": "晶体", "amount":200 }
{ "item": "聚合物", "amount": 100}
{"item": "烯晶", "amount":80 }
{"item": "计算芯片", "amount":80 }
],
"category": "production",
"research":"热射线钻头"
}