{
	"type":"legs",
	"legMoveSpace":1,
	"legMaxLength":1.1,
	"legMinLength":0.2,
	"legLengthScl":0.96,
	"legForwardScl":1.1,
	"legPhysicsLayer":false,
	"legGroupSize":4,
	"legCount":6,
	"legExtension":-2,
	"legContinuousMove":true,
	"lockLegBase":true,
	"rippleScale":0.2,
	"legBaseOffset":5,
	"legLength":9,
	"hovering":true,
	"flying":false,
	"outlineColor":"2E2F34FF",

	"name":"吸积",
	"description":"向敌人发射爆破弹。\n可跨越大多数地形。"

	"research":{"parent":"crawler-manufacturer",
	"requirements":[
	"forgotten-crystals/100",
	"silicon/160"
	]	},

	"immunities":[
	"sapped",
	"wulfrum-amplify"
	],

	"speed":0.8,
	"hitSize":14,
	"health":730,
	"faceTarget":true,
	"armor":3,
	"drag":0.4,
	"range":152,
	"targetAir":false,
	"rotateSpeed":3,
	"weapons":[
		{"name":"accretion-weapon",
		"mirror":false,
		"x":0,"y":0,
		"shootY":2,
		"shootSound":"shockBlast",
		"reload":60,
		"recoil":0,
		"heatColor":"BF92F9FF",
		"cooldownTime":60,

		"parts":[
		{"type":"RegionPart",
		"suffix":"-blade",
		"moveRot":-22,
		"mirror":true,
		"heatColor":"BF92F9FF",
		"progress":{
		"type":"warmup",
		"op":"blend",
		"other":"reload",
		"amount":0.5
		}	},

		{"type":"shapePart",
		"hollow":true,
		"circle":true,
		"y":3,
		"layer":110,
		"color":"BF92F9FF",
		"stroke":0,
		"strokeTo":1,
		"radiusTo":3,
		"radius":3
		},
		{"type":"HaloPart",
		"y":3,
		"radius":2,
		"tri":true,
		"layer":110,
		"color":"BF92F9FF",
		"haloRotateSpeed":-1,
		"haloRadius":3,
		"haloRadiusTo":3,
		"stroke":0,
		"strokeTo":2,
		"shapes":2,
		"triLengthTo":3,
		"triLength":0
		},
		{"type":"HaloPart",
		"y":3,
		"radius":2,
		"tri":true,
		"layer":110,
		"color":"BF92F9FF",
		"haloRotateSpeed":1,
		"haloRadius":3,
		"haloRadiusTo":3,
		"stroke":0,
		"strokeTo":2,
		"shapes":2,
		"triLengthTo":3,
		"triLength":0
		}	],

		"bullet":{
		"type":"ArtilleryBulletType",
		"sprite":"calamity-none",
		"frontColor":"665C9FFF",
		"backColor":"BF92F9FF",
		"width":15,"height":15,
		"shrinkY":0,"shrinkX":0,
		"speed":4,
		"lifetime":38,
		"damage":30,
		"splashDamageRadius":24,
		"splashDamage":28,
		"collidesAir":false,
		"recoil":0.5,

		"trailColor":"BF92F9FF",
		"trailParam":2,
		"trailWidth":2,"trailLength":8,
		"trailEffect":"none",

		"parts":[
		{"type":"FlarePart",
		"y":0,
		"rotation":86,
		"color1":"BF92F9FF",
		"stroke":5,
		"radius":0,
		"radiusTo":12
		"progress":{
		"type":"warmup",
		"op":"blend",
		"other":"reload",
		"amount":0.1
	}	}	],

	"shootEffect":{
		"type":"multiEffect",
		"effects":[
		{"type":"WaveEffect",
		"lifetime":25,
		"sizeFrom":0,
		"sizeTo":20,
		"strokeFrom":3.5,
		"strokeTo":0,
		"colorFrom":"665C9FFF",
		"colorTo":"BF92F9FF"},
		{
		"type":"ParticleEffect",
		"particles":9,
		"length":40,
		"lifetime":48,
		"interp":"circleOut",
		"sizeInterp":"pow5Out",
		"cone":360,
		"colorFrom":"665C9FFF",
		"colorTo":"BF92F9FF",
		"sizeFrom":5.5,
		"sizeTo":0
		}	]	},

	"hitEffect":{
		"type":"multiEffect",
		"effects":[
		{"type":"WaveEffect",
		"lifetime":25,
		"sizeFrom":0,
		"sizeTo":20,
		"strokeFrom":3.5,
		"strokeTo":0,
		"colorFrom":"665C9FFF",
		"colorTo":"BF92F9FF"},
		{
		"type":"ParticleEffect",
		"region":"calamity-prism",
		"particles":9,
		"length":40,
		"lifetime":48,
		"interp":"circleOut",
		"sizeInterp":"pow5Out",
		"cone":360,
		"colorFrom":"665C9FFF",
		"colorTo":"BF92F9FF",
		"sizeFrom":4.5,
		"sizeTo":0
		}	]	}
		}	}	]
}
