{
"localizedName": "工业区0032",
	"description": "昔日繁荣的爆炸物工程，如今成为了一片废墟。\n研究这里的科技，制造强大的爆炸混合物。",
	"overrideLaunchDefaults": true,//进度覆盖
	//"details":"[purple]生物危害",
    "planet":"serpulo"
    "sector": 65
    "captureWave":26
    "difficulty":3
    //"alwaysUnlocked": true,
    "research": {
		"parent": "超限工艺-fungalPass",
		"objectives": [
		"steam-generator"
			{
				"type": "SectorComplete",
				"preset": "超限工艺-fungalPass"
			}
			]}
}