{
"localizedName": "真菌通道",
	"description": "一边是高山，另一边是孢子丛生的平原。\n这里有一个敌方的小型侦察基地。\n\n不过现在已经被摧毁。",
	//"details":"两[yellow]面[red]包[white]夹[blue]芝士",
    "planet":"serpulo"
    "overrideLaunchDefaults": true,//进度覆盖
    "sector":223
    "difficulty":4
    //"alwaysUnlocked": true,
    "research": {
		"parent": "超限工艺-craters",
		"objectives": [
		"core-foundation"
            {
				"type": "SectorComplete",
				"preset": "超限工艺-污染小道"
			}
			]}
}