{
"localizedName": "遗迹海岸",
	"description": "穿过荒地就是海滩。\n这里曾经有一条海岸防线，但现在已所剩无几。\n一些基础的防御建筑还完好无损，除此之外都变成了废墟。\n\n继续向外扩张并研究科技。",
	"details":"波浪+电炮",
    "planet":"serpulo"
    "overrideLaunchDefaults": true,//进度覆盖
    "sector":97
    "difficulty":3
    //"alwaysUnlocked": true,
    "research": {
		"parent": "超限工艺-saltflats",
		"objectives": [
		"kiln"
			{
				"type": "SectorComplete",
				"preset": "超限工艺-facility32m"
			}
			]}
}