{
"localizedName": "盐碱荒滩",
	"description": "盐碱荒滩，位于沙漠的边缘地带，几乎没有什么资源。\n敌人在这里建立了一个资源存储区。\n\n摧毁他们的核心，片甲不留。",
	//"details":"[yellow]物流中心，启动！",
    "planet":"serpulo"//母星名字。
    "overrideLaunchDefaults": true,//进度覆盖
    "sector":41//区块坐标
    "difficulty":5
    "research": {
		"parent": "超限工艺-fungalPass",
		"objectives": [
		"poly"
		"horizon"
		"atrax"
		"mace"
			{
				"type": "SectorComplete",
				"preset": "超限工艺-fungalPass"
			}
			]}
	/*"TeamRule":{
 "team": "blue"
}
"teams":{
 "team": blue
}*/
//"defaultTeam":"blue"
}