{
	"type": "Drill",
	"name":"金钢钻头",
    "description": "二级钻头，可以采掘镉。",
    "health":160,
    "itemCapacity":15,
    "tier":3,
    "drillTime":340,
    "size": 3,
    "group":"drills",
    "hasLiquids": true,
	"alwaysUnlocked":false,
	"liquidCapacity":18,
    "drawMineItem":true,
    "drillEffect": "mineHuge",
    "updateEffect":"pulverizeRed",
    "drawRim":true,
    "heatColor":"FF5511",
    "rotateSpeed": 6,
    "warmupSpeed": 0.02,
	"consumes": {
	    "power":0.5,
		"liquid": {
			"liquid":"water",
			"amount":0.08,
			"booster": true,
			"optional": true
		}
	},
    "requirements": [
        { "item": "silicon", "amount":40},
        { "item": "氮化硅", "amount":35},
        { "item": "金刚石", "amount":30}
    ],
    "research": "ap-气压钻头",
    "category": "production"
}