{
"type": "mech",
"name": "王座",
"description": "发射燃烧弹，喷吐火焰和石油进行燃烧并发射火束",
    "speed": 0.6,
    "hitSize": 42,
    "mechLandShake":2
	"boostMultiplier":2
	"engineOffset": 24,
	"engineSize": 7,
    "immunities": [
"燃烧"
"burning"
"油浸"
],
"ammoType":{
"type":"PowerAmmoType",
"totalPower":2200},
"ammoCapacity": 700
    "ammoResupplyAmount":1,/*弹药补给倍率 */
    "health": 112000,
    "armor": 160,
    "drag": 0.2,
    "rotateSpeed": 1,
        "targetAir":true,  
    "targetGround":true,
    "hovering": true,
    "faceTarget": true,
    "canBoost": true,
    "itemCapacity": 40,
    "abilities": [
    {
	"type": "SpawnDeathAbility",
			"unit": "自爆2",
			"amount": 1,
			"randAmount":0
	}
    {
"type": "StatusFieldAbility",
"duration": 60,
"reload": 30,
"range": 120,
"applyEffect": "none",
"activeEffect": {
"type": "WaveEffect",
"lifetime": 10,
"sizeFrom": 120,
"sizeTo": 120,
"strokeFrom": 8,
"strokeTo": 0,
"colorFrom": "FF6666FF",
"colorTo": "FFA3A3FF"
},
"effect": "战争律动"
},
        {"type": "ShieldArcAbility",
        "radius": 30,
        "width": 20,
        "max": 10000,
        "regen": 12,
        "cooldown": 60,
        "angle": 130,
        "angleOffset": 0
        },
        {"type": "ShieldArcAbility",
        "radius": 40,
        "width": 10,
        "y":10
        "max": 5000,
        "regen": 12,
        "cooldown": 60,
        "angle": 200,
        "angleOffset": 0
        },
]
"weapons":[
{
"name": "none",
"x":30,
"y":14
"reload": 300,
"shootY": 9,
"mirror": false,
"top": false,
"rotate": false,
"rotationLimit": 13,
"shootSound": "torch",
"alwaysContinuous": true,
"shoot": {
                "type": "ShootHelix",
                "shotDelay": 1.36,
                "shots": 3
         },
"cooldownTime": 300,
"heatColor":"FF4040",
"bullet": {
"type": "ContinuousFlameBulletType",
"recoil": 0.01,
"pierceBuilding": false,
"colors":["F33304A0","F33304B8","FEAF1FCC","FCBE11","FEFF5F"],
"lightColor":"FCBE11",
"flareColor":"FEAF1F",
"length": 300,
"lifetime": 8,
"knockback": 2.5,
"statusDuration": 600,
"status": "燃烧",
"damage": 166.6666667,
"incendAmount": 1,
"incendSpread": 8,
"incendChance": 0.2,
"makeFire": true,
"shootEffect": {
"type": "ParticleEffect",
"particles": 4,
"sizeFrom":3.3,
"sizeTo":0,
"interp":"pow10Out",
"sizeInterp":"pow5In",
"length": 165
"baseLength": 0,
"lifetime": 32,
"colorFrom": "f8ad42",
"colorTo": "F33304B8",
"cone": 13
"lenTo": 8,
"length": 158,
"baseLength": 0,
"lifetime": 12,
"colorFrom": "FFFFFF",
"colorTo": "FFE176FF",
"cone": 10
},
"hitEffect":{
"type":"MultiEffect",
"effects":[
{"type": "ParticleEffect",
"particles": 2,
"line": true,
"strokeFrom": 1.3,
"strokeTo": 0,
"lenFrom": 8,
"lenTo": 8,
"length": 158,
"baseLength": 0,
"lifetime": 15,
"colorFrom": "f8ad42",
"colorTo": "FFE176FF",
"cone": 23},
{"type": "ParticleEffect",
"particles": 4,
"lifetime": 10,
"sizeFrom": 3,
"sizeTo": 0,
"colorFrom": "FF8C00",
"colorTo": "FF8C00"}
]},
"despawnEffect": "none"
} }
{
			"name": "王座1",
			"reload": 5.5,
			"shake": 3,
			"recoil": 2,
			"x": 0,
			"y": 0,
			"shootY": 8,
			"rotate": false,
			"top": false,
			"inaccuracy": 3,
			"shootSound": "flame",
			"alternate": true, 
			"mirror":false
			"ejectEffect": "casing4",
			"shootCone": 35,
			"shoot": {
				"type":"ShootMulti",
                "type": "ShootHelix",
                "shotDelay": 1.36,
                "shots": 3
                "spread":0
                "type": "ShootBarrel",
                "barrels": [
			30,14,0,
		                  ]
				"source":{},
				"dest":[
			{"type":"ShootHelix",
			"scl":8,
			"mag":4,
			"shots":3},
			{"type":"ShootHelix",
			"scl":8,
			"mag":4,
			"firstShotDelay":3,
			"shots":3}
					]},
			"bullet": {
				"type": "BulletType",
				"lifetime": 12.5,
				"speed": 25,
				"knockback": 1.66,
				"damage": 100,
				"splashDamage": 500,
				"splashDamageRadius": 26
				"hitSize":56,
				"incendAmount": 3,
				"incendSpread": 8,
				"incendChance": 0.2,
				"hittable": false,
				"absorbable": false,
				"pierce": true,
				"makeFire": true,
				"pierceBuilding": true,
				"pierceArmor":true,
				"reflectable":false,
				"shootEffect": {
					"type": "MultiEffect",
					"effects": [
						{
							"type": "ParticleEffect",
							"particles": 10,
							"baseLength": 0,
							"length": 300,
							"lifetime": 46,
							"interp": "pow10Out",
							"sizeInterp":"pow5In",
							"sizeFrom": 6,
							"sizeTo": 0,
							"colorFrom": "FF5B5B",
							"colorTo": "FF5B5B",
							"cone": 10
						},
						{
							"type": "ParticleEffect",
							"particles": 10,
							"line": true,
							"strokeFrom": 1.9,
							"strokeTo": 0,
							"lenFrom": 24,
							"lenTo": 8,
							"length": 324,
							"baseLength": 0,
							"lifetime": 16,
							"colorFrom": "FFFFFF",
							"colorTo": "FFE176FF",
							"cone": 10
						}
					]
				},
				"smokeEffect": {
					"type": "ParticleEffect",
					"particles": 9,
					"baseLength": 0,
					"length": 230,
					"startDelay": 10,
					"lifetime": 55,
					"layer": 99,
					"interp": "pow10Out",
					"sizeInterp": "pow5In",
					"sizeFrom": 8,
					"sizeTo": 0,
					"colorFrom": "FF5B5BA8",
					"colorTo": "585858A8",
					"cone": 13
				},
				"hitEffect":{
					"type": "MultiEffect",
					"effects": [
						{
							"type": "ParticleEffect",
							"particles": 3,
							"baseLength": 0,
							"length": 16,
							"lifetime": 20,
							"interp": "pow10Out",
							"sizeInterp": "pow5In",
							"sizeFrom": 6,
							"sizeTo": 0,
							"colorFrom": "FF5B5B",
							"colorTo": "585858A8"
						},
						{
							"type": "ParticleEffect",
							"particles": 6,
							"line": true,
							"strokeFrom": 3,
							"strokeTo": 0,
							"lenFrom": 8,
							"lenTo": 24,
							"length": 54,
							"baseLength": 10,
							"interp": "pow5Out",
							"sizeInterp": "pow5In",
							"lifetime": 22,
							"colorFrom": "FFFFFF",
							"colorTo": "FFE176FF",
							"cone": 20
						}
					]},
				"despawnEffect": "none",
				"statusDuration": 600,
				"status": "燃烧"
			}
		},
		{
			"name": "none",
			"reload": 0.6,
			"recoil": 2,
			"x": 0,
			"y": 0,
			"shootY": 8,
			"mirror":false
			"rotate": false,
			"inaccuracy": 8,
			"shootSound": "flame",
			"alternate": true,
			"shootCone": 35,
			"xRand":6,
			"shoot": {
				"shots": 6,
				"shotDelay":2
				"type": "ShootHelix",
                "shotDelay": 1.36,
                "shots": 3
                "spread":0
                "type": "ShootBarrel",
                "barrels": [
			30,14,0,
		                  ]
			},
			"bullet": {
				"hitSize": 35,
				"reflectable":false,
				"type": "LiquidBulletType",
				"layer":98,
				"puddleRange":22,
				"puddleAmount":10,
				"puddleSize": 16,
				"hitEffect": {
					"type": "ParticleEffect",
					"particles": 3,
					"interp": "pow5Out",
					"sizeFrom": 5,
					"sizeTo": 0,
					"length": 15,
					"baseLength": 0,
					"lifetime": 18,
					"colorFrom": "313131",
					"colorTo": "313131",
					"cone": 360
				},
				"orbSize": 6.62,
				"liquid": "硝化甘油",
				"status": "油浸",
				"statusDuration": 600,
				"lifetime": 25,
				"speed": 12,
				"knockback": 1.3,
				"absorbable": false,
				"damage": 2,
				"splashDamage": 28,
				"splashDamageRadius": 26
			}
		},
{"name": "none",
"reload": 750,
"shootStatusDuration":770,
"shootStatus":"开火",
"x": 0,  "y": 0,
"shootY":21,
"rotate": false,
"rotateSpeed":6.3,
"recoil":0,
"mirror":false,
"inaccuracy": 0,
"shootCone":30,
"shootSound":"missileLarge",
"shake":8.6,
"alternate": true,
"shoot":{
    "type":"ShootSpread",
    "shots":10,
    "spread": 0
    "shotDelay": 0,
"type": "ShootBarrel",
"barrels": [
			-30,14,0,
		                  ]
},
"bullet":{
"type":"MissileBulletType",
"splashDamage":4000,
"splashDamageRadius":48,
"sprite":"星耀光棱-导弹2",
"width":12,  "height":50,
"speed":2, "lifetime":200,
"homingRange": 250,
"homingDelay":55,
"homingPower": 0.1,
"keepVelocity":false,
"drag":-0.03,
"pierceArmor": true,
"hittable":false,
"absorbable":false,
"frontColor":"FFFFFF",
"backColor":"EEC591",
"shrinkY":0,
"hitSound":"titanExplosion",
"hitSoundVolume":6,
"hitShake":8,
"hitEffect":{"type": "MultiEffect",
"effects": [
{"type": "ParticleEffect",
"particles": 8,
"sizeFrom": 8,
"sizeTo": 0,
"length": 55,
"baseLength": 8,
"interp": "pow10Out",
"sizeInterp": "pow5In",
"lifetime": 85,
"colorFrom": "EEC59180",
"colorTo": "EEC591",
"cone": 360},
{"type": "ParticleEffect",
"particles": 1,
"sizeFrom": 0,
"sizeTo": 45,
"length": 0,
"baseLength": 0,
"lifetime": 8,
"colorFrom": "EEC591",
"colorTo": "EEC591",
"cone": 360},
{"type": "ParticleEffect",
"particles": 1,
"sizeFrom": 45,
"sizeTo": 0,
"length": 0,
"baseLength": 0,
"lifetime": 9,
"startDelay":8.5,
"colorFrom": "EEC591",
"colorTo": "EEC591",
"cone": 360},
{"type": "ParticleEffect",
"particles": 32,
"line":true,
"interp": "pow10Out",
"sizeInterp":"pow10In",
"strokeFrom": 1.33,
"strokeTo": 0,
"lenFrom": 35,
"lenTo": 0,
"length": 40,
"baseLength": 30,
"lifetime": 16,
"colorFrom": "EEC591",
"colorTo": "EEC591",
"cone": 360
},
{"type": "WaveEffect",
"lifetime": 16,
"sizeFrom": 5,
"sizeTo": 60,
"strokeFrom":11,
"strokeTo":0,
"colorFrom":"EEC591",
"colorTo": "EEC591"}]},
"shootEffect":{
"type": "ParticleEffect",
"particles": 9,
"interp": "pow5Out",
"sizeInterp": "pow5In",
"sizeFrom": 6,
"sizeTo": 0,
"length": 38,
"baseLength": 0,
"lifetime": 65,
"colorFrom": "EEC591",
"colorTo": "EEC59180",
"cone": 22},
"smokeEffect":"none",
"despawnEffect":{
"type": "ParticleEffect",
"particles": 1,
"sizeInterp":"pow10In",
"sizeFrom": 60,
"sizeTo": 0,
"length": 0,
"baseLength": 0,
"lifetime": 105,
"colorFrom": "EEC591",
"colorTo": "EEC591",
"cone": 360},
"trailChance": 1,
"trailRotation": true,
"trailLength": 10,
"trailWidth": 2,
"trailColor": "EEC591",
"trailEffect":{
"type": "MultiEffect",
"effects": [
{"type": "ParticleEffect",
"particles": 3,
"sizeFrom": 3,
"sizeTo": 0,
"length": -50,
"lifetime": 60,
"interp": "pow5Out",
"sizeInterp":"pow5In",
"colorFrom": "EEC591A8",
"colorTo": "EEC591A8",
"cone": 19},
{"type": "ParticleEffect",
"particles": 3,
"lenFrom": 35,
"lenTo": 0,
"strokeFrom": 1,
"strokeTo": 1,
"line": true,
"baseLength":16,
"length": -70,
"lifetime": 15,
"interp": "pow5Out",
"colorFrom": "EEC591",
"colorTo": "EEC591",
"cone": 16}
]}
}
    }
{ "name": "王座2",
"reload": 60,   
    "x": 0,  "y": 0,
    "shoot":{
    "type":"ShootSpread",
    "shots":5,
        "spread":0
        "type": "ShootBarrel",
        "barrels": [
-30,14,0,
]
},
"shake":3,
"recoil":1,
    "rotate": false,
    "top":false
    "mirror":false
    "inaccuracy": 5,
"shootSound": "plasmadrop",
"velocityRnd":0.15,
"bullet":{
    "damage":200,
    "splashDamage":500,
    "splashDamageRadius":144,
    "hitShake":8,
    "hitSize":90,
"status":"燃烧",
"hitSound":"plasmaboom",
    "statusDuration":600,
    "shootEffect":"none",
"smokeEffect": "none",
    "width":13,  "height":20,
    "hitEffect":{"type":"MultiEffect",
"effects": [
{"type": "ParticleEffect",
    "particles": 15,
    "sizeFrom": 12,"sizeTo": 0,
    "length": 150,
    "baseLength":35,
    "lifetime": 45,
    "colorFrom": "FFA75CFF",
    "colorTo": "ffffff",
    "cone": 360},
    {"type": "ParticleEffect",
    "particles": 1,
    "sizeFrom": 130,"sizeTo": 0,
    "length": 0,
    "baseLength":0,
    "lifetime": 65,
    "colorFrom": "FFA75C50",
    "colorTo": "FF5B5B00",
    "cone": 360}
    ,
    {"type": "WaveEffect",
    "lifetime": 19,
    "sizeFrom": 2,"sizeTo": 145,
    "strokeFrom":8,"strokeTo":0,
    "colorFrom":"FFA75CFF",
    "colorTo": "FFA75CFF"}]},
    "despawnEffect":"none",
    "sprite":"missile-large",
    "shrinkX":0.1,
    "shrinkY":0.2,
    "speed": 150,
    "lifetime": 20,
    "drag": 0.1,
    "backColor":"FFA75CFF",
    "frontColor":"FFFFFF", 
    "trailLength":9,
    "trailWidth":2,
    "trailColor":"FFA75CFF"
 } }
 {
            "rotateSpeed": 2,
            "name": "none",
            "layerOffset": -0.01,
            "recoil": 5,
            "x": 0,
            "y": 0,
            "top": false,
            "mirror": false,
            "rotate": false,
            "reload": 50,
            "shootSound": "malignShoot",
            "shots": 1,
            "inaccuracy": 0,
            "alternate": true,
            "ignoreRotation": false,
            "shoot": {
                "type": "ShootHelix",
                "mag": 1,
                "scl": 3
                "shots":1,
                "spread":0
                "type": "ShootBarrel",
                "barrels": [
-20,10,0,
]
            },
            "bullet": {
                "type": "BasicBulletType",
                "hitSound": "plasmaboom",
                "smokeEffect": "instBomb",
                "despawnEffect": "instBomb",
                "trailLength": 15,
                "trailWidth": 7,
                "trailColor": "FFD37FFF",
                "speed": 10,
                "splashDamageRadius": 40,
                "splashDamage": 200,
                "lifetime": 200,
                "damage": 200,
                "statusDuration":600,
                "status":"燃烧",
                "width": 20,
                "shrinkY": 0,
                "height": 30,
                "backColor": "FFA75CFF",
                "frontColor": "FFA75C50",
                "hitColor": "FFA75C50",
                "color": "FFA75CFF",
                "fragBullets": 3,
                "fragBullet": {
                    "type": "BasicBulletType",
                    "weaveScale": 2,
                    "weaveMag": 5,
                    "hitSound": "plasmaboom",
                    "despawnEffect": "instBomb",
                    "statusDuration":600,
                    "status":"燃烧",
                    "speed": 5,
                    "damage": 65,
                    "splashDamageRadius": 20,
                    "splashDamage": 65,
                    "homingRange": 40,
                    "homingPower": 0.3,
                    "lifetime": 30,
                    "height": 30,
                    "width": 30,
                    "backColor": "FFA75CFF",
                    "frontColor": "FFA75C50",
                    "hitColor": "FFA75C50",
                    "color": "FFA75CFF",
                    "trailLength": 10,
                    "trailWidth": 5,
                    "trailColor": "FFD37FFF"
                }
            }
        },
        {
            "rotateSpeed": 2,
            "name": "王座3",
            "recoil": 10,
            "x": 0,
            "y": 0,
            "top": false,
            "mirror": false,
            "rotate": false,
            "reload": 50,
            "shootSound": "malignShoot",
            "shots": 1,
            "inaccuracy": 0,
            "alternate": true,
            "ignoreRotation": false,
            "shoot": {
                "type": "ShootHelix",
                "mag": 1,
                "scl": 3
                "shots":1,
                "spread":0
                "type": "ShootBarrel",
                "barrels": [
			12,5,0,
		]
            },
            "bullet": {
                "type": "BasicBulletType",
                "hitSound": "plasmaboom",
                "smokeEffect": "instBomb",
                "despawnEffect": "instBomb",
                "trailLength": 15,
                "trailWidth": 7,
                "trailColor": "FFD37FFF",
                "speed": 6,
                "splashDamageRadius": 40,
                "splashDamage": 200,
                "lifetime": 200,
                "damage": 200,
                "statusDuration":600,
                "status":"燃烧",
                "width": 20,
                "shrinkY": 0,
                "height": 30,
                "backColor": "FFA75CFF",
                "frontColor": "FFA75C50",
                "hitColor": "FFA75C50",
                "color": "FFA75CFF",
                "fragBullets": 3,
                "fragBullet": {
                    "type": "BasicBulletType",
                    "weaveScale": 2,
                    "weaveMag": 5,
                    "hitSound": "plasmaboom",
                    "despawnEffect": "instBomb",
                    "statusDuration":600,
                    "status":"燃烧",
                    "speed": 5,
                    "damage": 65,
                    "splashDamageRadius": 20,
                    "splashDamage": 65,
                    "homingRange": 40,
                    "homingPower": 0.3,
                    "lifetime": 30,
                    "height": 30,
                    "width": 30,
                    "backColor": "FFA75CFF",
                    "frontColor": "FFA75C50",
                    "hitColor": "FFA75C50",
                    "color": "FFA75CFF",
                    "trailLength": 10,
                    "trailWidth": 5,
                    "trailColor": "FFD37FFF"
                }
            }
        },
        {
            "rotateSpeed": 2,
            "name": "王座4",
            "recoil": 1,
            "x": 0,
            "y": 0,
            "top": false,
            "mirror": false,
            "rotate": false,
            "reload": 2,
            "shootSound": "malignShoot",
            "shots": 1,
            "inaccuracy": 5,
            "alternate": true,
            "ignoreRotation": false,
            "shoot": {
                "type": "ShootHelix",
                "mag": 1,
                "scl": 3
                "shots":1,
                "spread":0
                "type": "ShootBarrel",
                "barrels": [
			-12,5,0,
		                  ]
            },
            "bullet": {
            "speed": 10,
	        "pierceCap":3,
	        "knockback": 0.25,
	        "height":16
	        "width":16
	        "hitColor":"FFD5CFFF"
	        "trailColor":"FFD5CFFF"
	        "backColor":"FFD5CFFF"
	        "hitEffect":"hitBulletColor"
	        "despawnEffect":"hitBulletColor"
            "sprite":"mine-bullet"
	        "backSprite":"large-bomb-back"
	        "collidesGround":false
	        "collidesTiles":false
	        "velocityRnd":0.11
	        "frontColor":"FFFFFF"
	        "trailChance":0.44
			"damage": 50,
			"lifetime":60,
			"rotationOffset":90
			"trailRotation":true
			"trailEffect":"disperseTrail"
			"shootEffect": "shootBig2"
			"smokeEffect":"shootSmokeDisperse"
			"statusDuration":5
			"status": "脆裂",
			"fragBullets": 4,
            "fragBullet": {
            "speed": 10,
            "pierceCap":3,
            "knockback": 0.25,
	        "height":10
	        "width":10
            "sprite":"mine-bullet"
	        "backSprite":"large-bomb-back"
	        "collidesGround":false
	        "collidesTiles":false
	        "velocityRnd":0.11
	        "frontColor":"FFFFFF"
	        "trailChance":0.44
			"damage": 10,
			"lifetime":4,
			"rotationOffset":90
			"reloadMultiplier": 1.4,
			"trailRotation":true
			"trailEffect":"disperseTrail"
			"shootEffect": "shootBig2"
			"smokeEffect":"shootSmokeDisperse"
            },	    },
            }
]
      "category": "power",
                "research": {
"parent":"巨型兵种生产工厂"
"objectives": [
            {
"type": "SectorComplete",
"preset": "世界另一端"
}
]
},
         "researchCostMultiplier": 10,
}