{
 "name": "全球行动",
 "displayName": "全球行动",
 "author":"BB38L",
 "description": "本模组战役难度较高，建议通关双星或做好存档工作再进行挑战\n modQQ群:722844627 欢迎各位大佬加入讨论\n-------------------------\n_______________\n模组简报;\n \n提高了原版所有单位的血量护甲移速\n以及修改了部分单位的能力;武器等等\n新增了T-5系列的坦克\nT-4系列陆军\nT-4系列的空军）\n新增了部分工厂，物品，发电，炮台\n（贴图或许不好看，但迟早会进行优化，目前处于起步阶段，大部分贴图都是进行过重画的）\n--------------\n更新日志
\n-----钻头----- 
\n​新钻头---硬质钻井
​
\n​----单位----
\n​修复了灵浪的贴图问题
\n​新增单位-海顶
\n​新增单位-松骨
\n​海神-增强​
​
​\n---工厂---
\n​调整了高效硅炉的生产
\n​-----炮塔----
\n​提高了扫荡的弹药利用率
​



",
 "minGameVersion": 145,
// "Java":true,
//"main":"mxLibs.mxLibs",
// "main": "XD.XD"
 "version": "1.06"
}