{
	"size": 2,
	"name":"圣光",
	"description":"自动修复受损建筑，不会攻击敌人",
	"type":"PowerTurret",
	"health": 820,
	"reload": 20,
	"range": 240,
	"inaccuracy": 0,
	"shots" : 2,
	"targetAir" : false, 
	"targetGround" : false,
	"targetHealing": true,
	"shootCone" : 2,
	"spread" : 4,
	"recoil" : 0,
	"restitution" : 0.04, 
	"rotateSpeed": 8,
	"shootSound" : "lasershoot",
	"consumes": {
	     "power": 4,
	     "coolant": {
           "amount": 0.2,
           "optional": true
           		"coolantMultiplier":3	
          }
    },
	"hasPower" : true,
	"liquidCapacity": 20,
	"shootType" : {
      "type" : "LaserBoltBulletType",
      "speed":8,
      "lifetime":48,
      "width":2,
      "height":8,
      "ammoMultiplier": 1, 
      "healPercent": 2,
      "backColor":"98FFA9FF",
      "collidesAir":true,
      "collidesGround": true,
      "collidesTeam":true,
      "damage": 0,
      },
	"requirements": [
		{ "item": "纯硅晶", "amount": 60},
		{ "item": "铝", "amount": 60},
		{ "item": "锡", "amount": 40}
		{ "item": "锂", "amount": 40},
	],
	"category": "turret",
		"research": {
		"parent": "集束",
		"objectives": [
				"大型修理器"
    ],
	},
}