{
	"type": "PowerTurret",
	"size": 5,
	"name":"[#ff0000]天道[]·[#008cff]湛蓝",
	"description":"耗电巨大，威力也大",
	"health":600000,
	"reload":400,
	"range":1200,
	    "coolantMultiplier":0.4
	// "hasItems":true,
	// "maxAmmo":300,
		"drawer": {
		"type": "DrawTurret",
		"parts": [
					{
				"type": "RegionPart",
				"suffix": "-左",
				"under": true,
				"mirror": false,
				"moveX": -3.5,
				"moveY": 0,
                "heatColor": "FF7055FF",			//  "moveRot": 45	
			},
			{
				"type": "RegionPart",
				"suffix": "-右",//后缀
				"under": true,//在不在下面
				"mirror": false,//镜像
				"moveX": 3.5,//横向移动
				"moveY": 0,//纵向移动
                "heatColor": "FF7055FF",//过热颜色
               // "moveRot": -45//转动角度
			},
				{
				"type": "RegionPart",
				"suffix": "-左1",
				"under": true,
				"mirror": false,
				"moveX": -1.5,
				"moveY": -4,
                "heatColor": "FF7055FF"	,		//  "moveRot": 45	
			},
			{
				"type": "RegionPart",
				"suffix": "-右1",//后缀
				"under": true,//在不在下面
				"mirror": false,//镜像
				"moveX": 1.5,//横向移动
				"moveY": -4//纵向移动
                "heatColor": "FF7055FF"//过热颜色
               // "moveRot": -45//转动角度
			},
		]
	},
	"ammoUseEffect":"none",
	"targetAir" : true, 
	"shootShake":18,
	 "placeableLiquid": true
	"targetGround" : true,
	"recoilAmount" : 8,
	"ammoPerShot":50,
	"rotateSpeed": 1.5,
	"shootSound" : "missile",
		"requirements": [
		{ "item": "铝钢", "amount": 3000},
		{ "item": "固态能", "amount": 2600},
		{ "item": "金辉合金", "amount": 1500}
		{ "item": "次代合晶", "amount": 900},
        { "item": "超代合晶", "amount": 100},		
        { "item": "终代合晶", "amount": 10},		
	],
	"shootEffect": {
		"type": "multiEffect",
			"lifetime": 60,
			"effects": [
				{
            "type": "WaveEffect"
            "sizeFrom": 220
            "sizeTo": 0
            "lifetime":90
            "sides":0
            "colorFrom": "0091FFFF"
            "colorTo": "0091FFFF"
            "strokeFrom":4
            "strokeTo": 0
            }
				{
            "type": "WaveEffect"
            "sizeFrom": 280
            "sizeTo": 0
            "lifetime":90
            "sides":1
            "colorFrom": "0091FFFF"
            "colorTo": "0091FFFF"
            "strokeFrom":4
            "strokeTo": 0
            }
			{
            "type": "WaveEffect"
            "sizeFrom": 240
            "sizeTo": 0
            "lifetime":90
            "sides":2
            "colorFrom": "0091FFFF"
            "colorTo": "0091FFFF"
            "strokeFrom":4
            "strokeTo": 0
            }
            {
            "type": "WaveEffect"
            "sizeFrom": 200
            "sizeTo": 0
            "lifetime":90
            "sides":3
            "colorFrom": "0091FFFF"
            "colorTo": "0091FFFF"
            "strokeFrom": 4
            "strokeTo": 0
            }
            {
            "type": "WaveEffect"
            "sizeFrom": 160
            "sizeTo": 0
            "lifetime":90
            "sides":4
            "colorFrom": "0091FFFF"
            "colorTo": "0091FFFF"
            "strokeFrom": 4
            "strokeTo": 0
            }
            {
            "type": "WaveEffect"
            "sizeFrom": 120
            "sizeTo": 0
            "lifetime":90
            "sides":5
            "colorFrom": "0091FFFF"
            "colorTo": "0091FFFF"
            "strokeFrom": 4
            "strokeTo": 0
            }
            {
            "type": "WaveEffect"
            "sizeFrom": 80
            "sizeTo": 0
            "lifetime":90
            "sides":6
            "colorFrom": "0091FFFF"
            "colorTo": "0091FFFF"
            "strokeFrom": 4
            "strokeTo": 0
            }
            {
            "type": "ParticleEffect",
            "particles": 24,
            "sizeFrom": 16,
            "sizeTo": 0,
            "length": 48,
            "baseLength": 25,
            "lifetime": 40,
            "colorFrom": "0091FFFF",
            "colorTo": "0091FFFF",
            "cone":360
            }
            /*
            {
"type":"ParticleEffect",
"lifetime": 60,"offsetX":-7,
"colorFrom":"4791FFFF",//开始时颜色
"colorTo":"92BAF6FF",//结束时颜色
"particles":10,//粒子数量
"randLength":true,//兰德长度？
"cone":360,//粒子扩散角度
"length":-56,//粒子移动长度
"baseLength":56,//粒子在一定长度内出现
"useRotation":true,//使用旋转
"line":false,//形状为方形
"sizeFrom":4,//圆形从开始大小//粒子大小？？
"sizeTo":0,//圆形至结尾大小
}*/
			]
		},
	"consumes": {
    "power":8000
    "coolant":{

           "amount":1,
           
           "optional":true}
    },
	"shootType":{
	    "type": "BasicBulletType",
		"sprite": "合晶工业-天道",
		"height":120,
		"width":120,
		"speed": 10,
		"damage":3000,
		"lifetime":600,
		"spin": 16,
		    "shrinkY": 0,
            "shrinkX": 0,
		   "absorbable":false,//受力墙影响
			"pierceCap":5,//穿透数
		"pierceBuilding":true,//穿透建筑
		"homingPower": 0.08,
		"homingRange":2600,
		"frontColor": "0091FFFF",
		"backColor": "0091FFFF",
		"lightRadius":240,
		"despawnShake": 18,
		"trailLength": 40,
		"trailWidth": 8,
		"trailColor": "0091FFFF",
		"pierce":true
		"hitEffect": {
		"type": "multiEffect",
		"effects": [
		{
            "type": "WaveEffect"
            "sizeFrom": 280
            "sizeTo": 0
            "lifetime":90
            "sides":3
            "colorFrom": "0091FFFF"
            "colorTo": "0091FFFF"
            "strokeFrom": 4
            "strokeTo": 0
            }
            {
            "type": "WaveEffect"
            "sizeFrom": 240
            "sizeTo": 0
            "lifetime":90
            "sides":4
            "colorFrom": "0091FFFF"
            "colorTo": "0091FFFF"
            "strokeFrom": 4
            "strokeTo": 0
            }
            {
            "type": "WaveEffect"
            "sizeFrom": 200
            "sizeTo": 0
            "lifetime":90
            "sides":5
            "colorFrom": "0091FFFF"
            "colorTo": "0091FFFF"
            "strokeFrom": 4
            "strokeTo": 0
            }
            {
			"type": "ParticleEffect",
			"particles": 25,
			"length": 80,
			"baseLength": 8,
			"lifetime": 40,
			"interp": "circleOut",
			"sizeFrom": 24,
			"sizeTo": 8,
			"colorFrom": "0091FFFF",
			"colorTo": "0091FFFF"
			}
			    /*
            {
"type":"ParticleEffect",
"lifetime": 60,"offsetX":-7,
"colorFrom":"4791FFFF",//开始时颜色
"colorTo":"92BAF6FF",//结束时颜色
"particles":10,//粒子数量
"randLength":true,//兰德长度？
"cone":360,//粒子扩散角度
"length":-56,//粒子移动长度
"baseLength":56,//粒子在一定长度内出现
"useRotation":true,//使用旋转
"line":false,//形状为方形
"sizeFrom":4,//圆形从开始大小//粒子大小？？
"sizeTo":0,//圆形至结尾大小
}*/
			{
			"type": "ParticleEffect",
			"particles": 30,
			"length": 80,
			"baseLength": 8,
			"lifetime": 40,
			"interp": "circleOut",
			"sizeFrom": 32,
			"sizeTo": 12,
			"colorFrom": "0091FFFF",
			"colorTo": "0091FFFF"
			},		
		]}
		"fragBullets":6,
		"fragBullet": {
		"type": "BasicBulletType",
		"sprite": "合晶工业-天道",
		"damage":1500,
		"frontColor": "0091FFFF",
		"backColor": "0091FFFF",
		"lifetime":250,
		"speed": 8,
		"height": 60,
		"width": 60,
		    "shrinkY": 0,
            "shrinkX": 0,
		"spin":4,
		 "lightningDamage":500,
         "lightning":5,
         "lightningLength":20,  
              "lightningColor":"0091FFFF",   
		// "pierceBuilding":true,//穿透建筑
		// "drag":-0.01,
		"homingPower": 0.8,
		"homingRange":800,
		"pierce":true
		"despawnEffect": {
			"type": "multiEffect",
			"effects": [
				{
            "type": "WaveEffect"
            "sizeFrom": 90
            "sizeTo": 0
            "lifetime":90
            "sides":6
            "colorFrom": "0091FFFF"
            "colorTo": "0091FFFF"
            "strokeFrom":4
            "strokeTo": 0
            }
					{
            "type": "WaveEffect"
            "sizeFrom": 120
            "sizeTo": 0
            "lifetime":90
            "sides":5
            "colorFrom": "0091FFFF"
            "colorTo": "0091FFFF"
            "strokeFrom":4
            "strokeTo": 0
            }
            		{
            "type": "WaveEffect"
            "sizeFrom": 130
            "sizeTo": 0
            "lifetime":90
            "sides":3
            "colorFrom": "0091FFFF"
            "colorTo": "0091FFFF"
            "strokeFrom":4
            "strokeTo": 0
            }
			{
			"type": "ParticleEffect",
			"particles": 1,
			"sizeFrom": 40,
			"sizeTo": 0,
			"length": 0,
			"spin": 2,
			"layer": 110,
			"interp": "swing",
			"lifetime": 45,
			"lightColor": "0091FFFF",
			"colorFrom": "0091FFFF",
			"colorTo": "0091FFFF"
			},
			]
			}
		"chargeEffect": {
			"type": "MultiEffect",
			"lifetime": 60,
			"effects": [
				{
					"type": "ParticleEffect",
					"particles": 20,
					"lenFrom": 20,
					"lenTo": 0,
					"strokeFrom": 8,
					"strokeTo": 8,
					"line": true,
					"length": 80,
					"baseLength": -80,
					"lifetime": 60,
					"colorFrom": "0091FFFF",
					"colorTo": "0091FFFF",
					"cone": 360
				},
				{
					"type": "ParticleEffect",
					"particles": 8,
					"sizeFrom": 0,
					"sizeTo": 32,
					"length": 0,
					"baseLength": -0,
					"lifetime": 60,
					"colorFrom": "0091FFFF",
					"colorTo": "0091FFFF",
					"cone": 360
				}
				/*
            {
"type":"ParticleEffect",
"lifetime": 60,"offsetX":-7,
"colorFrom":"4791FFFF",//开始时颜色
"colorTo":"92BAF6FF",//结束时颜色
"particles":10,//粒子数量
"randLength":true,//兰德长度？
"cone":360,//粒子扩散角度
"length":-56,//粒子移动长度
"baseLength":56,//粒子在一定长度内出现
"useRotation":true,//使用旋转
"line":false,//形状为方形
"sizeFrom":4,//圆形从开始大小//粒子大小？？
"sizeTo":0,//圆形至结尾大小
}*/
			]
			}			
            }
	}
	    
        

	"category": "turret",
"research": {
		"parent": "穿越ll型",
		"objectives": [
      {
				"type": "SectorComplete",
				"preset": "规则"
			},
    ],
	},
	   // "buildVisibility":"sandboxOnly",
}