{
   "type": "ItemTurret",
    "name": "[#55b2ff]宪[#ffff00]令",
    "description": "…",
    "shootSound": "shotgun",
    "health":2125,
    //血量
    "reload":45,
    "size": 3,
    //尺寸
    		"ammoPerShot":3,//射击一次消耗子弹
	"shoot":{
		"type":"ShootSpread",
		"spread": 15
		    	// "barrels":3,
		//炮口数量
		 "shots":5
	}
    "shootCone":25,
    "recoil": 3,
    	   "consumes":{
	     // "power": 2, 
	 "coolant": {
           "amount": 0.3,
           "optional": true
          }
	}
    "maxAmmo":25
    "rotateSpeed": 1,
    //炮台转动速度
    "ammoPerShot": 1,
    "heatColor":"turretHeat",
    "range": 180,
    //射程
    "ammoTypes": {
        "金": {
            "type": "ShrapnelBulletType",
            "damage": 158,
            "length": 190,
            "reloadMultiplier": 0.8,
            "fromColor": "#ffff00",
            "ammoMultiplier": 3
        },
        "铝钢": {
            "type": "ShrapnelBulletType",
            "status":"freezing",
            "damage": 130,
            "length": 190,
            "reloadMultiplier": 1.1,
            "ammoMultiplier":5,
            "fromColor": "#00ffff",
            //"incendChance": 0.5,
            // "incendAmount": 3
        },
        "锡": {
            "type": "ShrapnelBulletType",
            "status":"shocked",
            "damage": 88,
            "length": 190,
               "status":"短路",
            "reloadMultiplier": 1.5,
            "ammoMultiplier": 3,
            "fromColor": "#00ffff",
            //"incendChance": 1.5,
            //"incendAmount": 1,
            "knockback": 0.8
        }
                "铀": {
            "type": "ShrapnelBulletType",
           "status":"shocked",
            "damage": 140,
            "length": 190,
               "status":"burning",
            "reloadMultiplier": 1,
            "ammoMultiplier": 3,
            "colors":["#d9d9d9","#fffffff"],
            //"incendChance": 1.5,
            //"incendAmount": 1,
            "knockback": 0.8
        }
    },
    "requirements": [
        "铝/300",
        "锡/220",
        "纯硅晶/175",
         "金/175",  
                 "塑胶/75",   
    ],
    "category": "turret",
    "research": "突围"
}