{
	 "type": "LiquidTurret",
	"name": "巨浪",
	"description": "向敌人喷射牛逼液体流，使用水做弹药时能够自动灭火。",
	"health":600,
	"size":3,
	"armor":8,
	"reload":2,
	"range":240,
	"recoil":0,
	"outlineColor":"212121",
	//轮廓颜色
	"shootSound":"shootLiquid",
	"inaccuracy":3,
	//子弹偏移
	"maxAmmo":60,
		"drawer": {
		"type": "DrawTurret",
		"parts": [
			/*{
				"type": "RegionPart",
				"suffix": "-l",
				"under": true,
				"mirror": false,
				"moveX": -5.5,
				"moveY": 0
                "heatColor": "FF7055FF"			  "moveRot": 45	
			},
			{
				"type": "RegionPart",
				"suffix": "-r",//后缀
				"under": true,//在不在下面
				"mirror": false,//镜像
				"moveX": 5.5,//横向移动
				"moveY": 0//纵向移动
                "heatColor": "FF7055FF"//过热颜色
                "moveRot": -45//转动角度
			},*/
					{
				"type": "RegionPart",
				"suffix": "-l1",
				"under": false,
				"mirror": false,
				"moveX": 3,
				"moveY": 0
                "heatColor": "FF7055FF"			//  "moveRot": 45	
			},
			{
				"type": "RegionPart",
				"suffix": "-r1",//后缀
				"under": false,//在不在下面
				"mirror": false,//镜像
				"moveX": -3,//横向移动
				"moveY": 0//纵向移动
                "heatColor": "FF7055FF"//过热颜色
               // "moveRot": -45//转动角度
			},
		]
	},
	/*"drawer": {
        "type": "DrawMulti",
        "drawers": [
            {
                "type": "DrawTurret",
                "parts": [
                    {
                        "type": "RegionPart",
                        "mirror":false,
                        //镜像
                        "x": 0,
                        "y": 0,
                        "suffix": "-炮管",
                        "layer": 50,
                        "moveX": 0,
                        "moveY": 5,
                        "heatColor": "FF7055FF"
                    }
                    ]
            }
        ]
    },*/
	"ammoTypes": {
	  "oil":{
    "type": "LiquidBulletType",
    "liquid": "oil",
    "lifetime":60,
    "speed":4, 
    "puddleSize":8,
    "orbSize":4,
    "knockback":1,
    "statusDuration":60,
	"status":"burning",	
	"hitEffect":"flakExplosion",
	"damage": 0.1
    },
    "water":{
    "type": "LiquidBulletType",
    "liquid": "water",
    "lifetime":60,
    "speed":4,
    "puddleSize":8,
    "orbSize":4,
    "knockback":1,
    "statusDuration":600,
	"status":"wet",	
	"damage": 0.1
    },   
    "slag":{
    "type": "LiquidBulletType",
    "liquid": "slag",
    "lifetime":60,
    "speed":4,
    "puddleSize":8,
    "orbSize":4,
    "knockback":1,
    "statusDuration":600,
	"status":"melting",	
	"damage": 3
    },
    "cryofluid":{
    "type": "LiquidBulletType",
    "liquid": "cryofluid",
    "lifetime":60,
    "speed":4,
    "puddleSize":8,
    "orbSize":4,
    "statusDuration":600,
    "knockback":1,
    "statusDuration":600,
	"status":"freezing",	
	"damage": 0.1
    }
       "能量流体":{
    "type": "LiquidBulletType",
    "liquid": "能量流体",
    "lifetime":60,
    "speed":4,
    "puddleSize":8,
    "orbSize":4,
    "statusDuration":600,
    "knockback":1,
    "statusDuration":600,
	"status":"overdrive",	
	"damage": 0.1
    }
	},
	"requirements": [
	    "铝/140",
	    "锂/180",
	    "有机玻璃/200"
	    "废晶/150"
	    "铀/80"
	],
	"category": "turret",
	"research": "涓涓"
}