{
    "name":"扩散",
    "description":"将物质以自身为中心向外扩散",
    "type":"ItemTurret",
    "reload":120,
    "health":1280,
    "recoilAmount":0,
    	"recoil":0,//后坐力,
    "rotateSpeed":0,
    "shootCone":360,
    "range":300,
    "cooldown":0.015,
    		"ammoPerShot":5,
    "size":2,
	"shoot": {
    "type": "shootBarrel",
    "shots": 360,//炮口数量
    "barrels": [
    0,0,0,
    0,0,5,
    0,0,10,
    0,0,15,
    0,0,20,
    0,0,25,
    0,0,30,
    0,0,35,
    0,0,40,
    0,0,45,
    0,0,50,
    0,0,55,
    0,0,60,
    0,0,65
    0,0,70
    0,0,75,
    0,0,80,
    0,0,85,
    0,0,90,
    0,0,95
    0,0,100
    0,0,105,
    0,0,110
    0,0,115
    0,0,120
    0,0,125
    0,0,130,
    0,0,135,
    0,0,140,
    0,0,145
    0,0,150,
    0,0,155
    0,0,160
    0,0,165,
    0,0,170
    0,0,175
    0,0,180,
    0,0,-5,
    0,0,-10,
    0,0,-15,
    0,0,-20,
    0,0,-25,
    0,0,-30,
    0,0,-35,
    0,0,-40,
    0,0,-45,
    0,0,-50,
    0,0,-55,
    0,0,-60,
    0,0,-65
    0,0,-70
    0,0,-75,
    0,0,-80,
    0,0,-85,
    0,0,-90,
    0,0,-95
    0,0,-100
    0,0,-105,
    0,0,-110
    0,0,-115
    0,0,-120
    0,0,-125
    0,0,-130,
    0,0,-135,
    0,0,-140,
    0,0,-145
    0,0,-150,
    0,0,-155
    0,0,-160
    0,0,-165,
    0,0,-170
    0,0,-175
    0,0,-180,
    ],//炮口位置（左右，前后，倾斜）
    "shotDelay":0,
}
    "inaccuracy":0,
    		"drawer": {
		"type": "DrawTurret",
		"parts": [
					{
				"type": "RegionPart",
				"suffix": "-ys",
				"under": false,
				"mirror": false,
				"moveX": 1.5,
				"moveY": 1.5
                "heatColor": "FF7055FF"			//  "moveRot": 45	
			},
			{
				"type": "RegionPart",
				"suffix": "-yx",//后缀
				"under": false,//在不在下面
				"mirror": false,//镜像
				"moveX": 1.5,//横向移动
				"moveY": -1.5//纵向移动
                "heatColor": "FF7055FF"//过热颜色
               // "moveRot": -45//转动角度
			},
				{
				"type": "RegionPart",
				"suffix": "-zx",//后缀
				"under": false,//在不在下面
				"mirror": false,//镜像
				"moveX": -1.5,//横向移动
				"moveY": -1.5//纵向移动
                "heatColor": "FF7055FF"//过热颜色
               // "moveRot": -45//转动角度
			},
				{
				"type": "RegionPart",
				"suffix": "-zs",//后缀
				"under": false,//在不在下面
				"mirror": false,//镜像
				"moveX": -1.5,//横向移动
				"moveY": 1.5//纵向移动
                "heatColor": "FF7055FF"//过热颜色
               // "moveRot": -45//转动角度
			},
		]
	},
    "targetAir":true,
    "targetGround":true,
    "maxAmmo":10,
    "ammoTypes":{
        "碳单质":{
    "speed":5,
    "status":"burning",
    "height":16,
    "width":96,
    "pierce":true,
    		"pierceCap":4,
    "lifetime":65,
    "knockback":1,
    "ammoMultiplier":1,
    "damage":15,
    "hitEffect":"hitLiquid",
    "despawnEffect":"none",
    "shootEffect":"none",
    "smokeEffect":"none",
    "incendChance":0,
       "backColor":"FF0000FF",
			//子弹边缘颜色
			"frontColor":"FF0000FF",
			//子弹中心颜色
    //"lightningColor":"FFFF00",
    //"lightning":1,
    //"lightningLength":3,
    //"lightningDamage":5,
        },
           "铝钢":{
    "speed":5,
    "status":"短路",
    "height":16,
    "width":96,
    "pierce":true,
    "lifetime":65,
    "knockback":1.2,
    "ammoMultiplier":1,
    "damage":20,
    		"pierceCap":5,
    "hitEffect":"hitLiquid",
    "despawnEffect":"none",
    "shootEffect":"none",
    "smokeEffect":"none",
    "incendChance":0,
       "backColor":"#00ffff",
			//子弹边缘颜色
			"frontColor":"#00ffff",
			//子弹中心颜色
    //"lightningColor":"FFFF00",
    //"lightning":1,
    //"lightningLength":3,
    //"lightningDamage":5,
        },
          "塑胶":{
    "speed":5,
//    "status":"短路",
    "height":16,
    "width":96,
    "pierce":true,
    "lifetime":65,
    "knockback":1.2,
    "ammoMultiplier":1,
    "damage":28,
    		"pierceCap":4,
    "hitEffect":"hitLiquid",
    "despawnEffect":"none",
    "shootEffect":"none",
    "smokeEffect":"none",
    "incendChance":0,
       "backColor":"#25e79d",
			//子弹边缘颜色
			"frontColor":"#25e79d",
			//子弹中心颜色
    //"lightningColor":"FFFF00",
    //"lightning":1,
    //"lightningLength":3,
    //"lightningDamage":5,
    		"fragBullets":2,
			"fragBullet":{
			    "type":"BasicBulletType",
			    "width":1,
			    "height":1,
			    "pierce":true,
			    "pierceCap":2,
			    "lifetime":15,
			    "speed":8,
			    	"homingPower":0.8,
			    "damage":15,
			    "backColor":"#25e79d",
			    //子弹边缘颜色
			    "frontColor":"#25e79d",
			    //子弹中心颜色
			    "hitEffect":"none",
			    "despawnEffect":"none",
			    }
        },
    },
    "consumes":{
     		 "coolant": {
           "amount": 0.2,
           "optional": true
          }
    }
    "requirements":[
        "铝/200",
        "锡/160",
        "纯硅晶/130",
        "铝钢/200",
        "有机玻璃/180"
        ],
        "category":"turret",
        "research":"突进ll型",
        "shootSound":"lasershoot",
    
}
