{
	"type":"ItemTurret",
	"name":"流星",
    "description":"远程炮塔，攻击远处敌人",
	"size":1,//物品面积
	"health":530,//建筑血量
	"ammoPerShot":1,
	"range":260,//攻击范围
	"reload":60,//60：0.1每秒一个
	"inaccuracy":0,//误差
	                  "ammoPerShot":1,
	                  "ammoUseEffect": "casing2",
	                      "consumes": {
        "coolant": {
            "amount": 0.1,
            "optional": true
        }
    },
	"rotatespeed":1,//旋转速度
	"maxAmmo":10,//最大弹药
	"targetAir":false//攻击天空
	"targetGround":true,//攻击地面
	"coolantMultiplier":2,
	"heatColor":"#FF0000",
			"shootSound":"bang",
	"ammoTypes":{
					"铝": {
						"type":"ArtilleryBulletType",
		    "reloadMultiplier":1,
			"speed": 3,
			"knockback":1,
			"lifetime":80,
			"width": 8,
			"height": 13,
					"ammoMultiplier":2,
			"shootEffect": "shootBig" 	
	
				    "splashDamageRadius":20,
	    "splashDamage":25,	},
	    		"碳单质": {
						"type":"ArtilleryBulletType",
		    "reloadMultiplier":1,
			"speed": 3,
			                    "status":"burning",
			                            "makeFire":true,
        //制造火焰
        "incendChance":0.5,
        //引火概率
        "incendSpread":1,
        //燃烧蔓延
        "incendAmount":10
        //引火数量
			"knockback":1,
			"lifetime":80,
			"width": 8,
			"height": 13,
					"ammoMultiplier":2,
			"shootEffect": "shootBig" 	
	
				    "splashDamageRadius":30,
	    "splashDamage":42,	},
	    
	    	"粗硅晶": {
						"type":"ArtilleryBulletType",
		    "reloadMultiplier":1.2,
			"speed": 3,
			"knockback":1,
			"lifetime":90,
			"width": 8,
			    "homingPower":0.03,
	  	"homingRange":40,	   
			"height": 13,
					"ammoMultiplier":3,
			"shootEffect": "shootBig" 	
	
				    "splashDamageRadius":20,
	    "splashDamage":53,	},
	    
	},
	"requirements": [
		{ "item": "铝", "amount":30 },
		"粗硅晶/25"
	],
	"category": "turret",
	"research": {
		"parent": "多管炮",
	},
	
}