{
	"type": "PowerTurret",
	"name": "电踪",
	"description": "发射闪电导弹……",
	"targetAir":true,
	//是否攻击空军
	"targetGround":true,
	//是否攻击地面目标
	"health":1200,
	//生命值
	"size":2,
	//尺寸
	"inaccuracy":15,
	//子弹偏移度
	"reload":15,
	//射速
	"hasPower":true,
	//是否用电
	"shootSound":"missile",
	//音效
	"consumes":{
		"power":6.25
			 "coolant": {
           "amount": 0.2,
           "optional": true
          }
	}
	"rotateSpeed":25,
	//炮台转动速度
	"range":220,
	//射程
	"xRand":4,
	"shoot":{
    	"type":"ShootAlternate",
    	"barrels":3,
		//炮口数量
		"spread":5,
		//炮口间距设定
		"shots":2
    }
	"shootCone":1,
	"shootType":{
	"type":"MissileBulletType",
	"damage":16,
	//伤害
	"status":"electrified",
	"splashDamageRadius":22,
	"splashDamage":28,
	"width":5,
	"height":15,
	"pierce":false,
	"speed":6,
	"lifetime":38,
	"homingPower":0.8,
	//追踪力度
	"hitEffect":"flakExplosion",
	//子弹击中特效
	"trailColor":"00DDDD",
	//尾迹颜色
	"backColor":"00BBFF",
	"frontColor":"00DDDD",
	"recoil":4
	                                "lightningDamage":13,
                "lightning":1,
                "lightningLength":15,
	},
	"requirements": [
		{ "item": "锡", "amount": 100 },
		{ "item": "锂", "amount": 180 },
		{ "item": "纯硅晶", "amount": 50 },
	],
	"category": "turret",
	// "research": "电压"
		"research": {
		"parent": "电子防空炮",
		
		"objectives": [
      {
				"type": "SectorComplete",
				"preset": "狭窄基地"
			},
    ],
    
	},
	}
