{
    "type": "PowerTurret",
    "Name": "重光(单发)",
    "description": "三段激光合一，射程超强化。",
    "size":3,
    "health":3800,
    "range":700,
    "reload":120,
    	"coolantMultiplier":0.4
    "shootSound":"laser",
    "rotateSpeed":4,
    "shake":1.5,
    "shoot":{
    	"type":"ShootAlternate",
    	"barrels":1,
		//炮口数量
	
		 "shots":1
    }
    //炮口数量
    "targetAir":true,
    //是否攻击空军
    "targetGround": true,
    //是否攻击地面单位
    "recoil": 4,
    "consumes":{
		"power":80
			 "coolant": {
           "amount": 1,
           "optional": true
          }
	}
    "shootType": {
        "type": "LaserBulletType",
        "length":720,
        "width":20,
        "hitSize":10,
        "damage":250,
        "hitEffect":"hitLancer",
        "hitSize":7,
           "buildingDamageMultiplier":0.01,
        "colors":["FF0000FF", "FF0000FF"],
        		//"status": "烈性燃烧",
        "ammoMultiplier":1,
        "knockback":0.36,
        "shootEffect":"lancerLaserShoot",
        "smokeEffect":"lancerLaserCharge",
        "collidesAir":true,
        //是否能攻击到空中单位
     
       
	   }
    "requirements": [
       { "item": "铝", "amount": 200}
	    { "item": "锂", "amount":200}
	
		{ "item": "纯硅晶", "amount":150},
			{ "item": "废晶", "amount": 120},
			{ "item": "金", "amount": 240},
				{ "item": "金辉合金", "amount": 80},
			{ "item": "次代合晶", "amount": 10},		
    ],
    "category": "turret",
   	"research": {
		"parent": "奇瑟炮",
	},
}
