{
	// "type":"ItemTurret",
	"name":"震天",
    "description":"向敌方战机发射高射炮弹",
    "details":"这个炮的子弹可以碰撞地面的单位和建筑，所以在前期可以手操这个炮打敌人。"
	"size":2,//物品面积
	"health":550,//建筑血量
	"ammoPerShot":1,
	"range":210,//攻击范围
	"reload":50,//60：0.1每秒一个
	"inaccuracy":5,//误差
	                  "ammoPerShot":1,
	                  "ammoUseEffect": "casing1",
	                      "consumes": {
        "coolant": {
            "amount": 0.2,
            "optional": true
        }
    },
	"rotatespeed":2,//旋转速度
	"maxAmmo":15,//最大弹药
	"targetAir":true//攻击天空
	"targetGround":false,//攻击地面
	"coolantMultiplier":2,
		"shootSound":"防空",
	"heatColor":"#FF0000",
	    "shoot": {
        "shots": 3,
        "shotDelay": 4,
        "type": "ShootBarrel",
        "barrels": [
        0,0,0,
        ]
    },
	"ammoTypes":{
		"铝": {
		    "reloadMultiplier":1.5,
			"speed": 6,
			"damage": 6,
			"knockback":0.2,
			"lifetime":32,
			"width": 6,
			"height": 9,
			"ammoMultiplier":10,
			"shootEffect": "shootBig" 	
			 "splashDamageRadius":15,
	       "splashDamage":30,	},
							"粗硅晶": {
		    "reloadMultiplier":1.2,
			"speed": 7,
			"damage": 6,
			"lifetime":35,
			"width": 6,
			"height": 9,
			"shootEffect": "shootBig" 		
						    "splashDamageRadius":15,
	    "splashDamage":47,
	                    "fragBullets": 5,
            "fragBullet": {
                "speed": 1.2,
                "damage": 16,
                "lifetime": 30
            },
	    },
	    		"纯硅晶": {
		    "reloadMultiplier":1.4,
			"speed": 7,
			"damage": 16,
			"lifetime":35,
			"width": 6,
			"height": 9,
			"shootEffect": "shootBig" 		
						    "splashDamageRadius":15,
	    "splashDamage":45,
	                    "fragBullets": 3,
            "fragBullet": {
                "speed": 6.2,
                "damage": 16,
                "lifetime": 6
                                    "fragBullets": 2,
            "fragBullet": {
                "speed": 6.2,
                "damage": 16,
                "lifetime": 10
                "splashDamageRadius":25,
	    "splashDamage":30,
            },
            },
	    },
            		"锂": {
		
			"speed": 6,
			"damage": 6,
			"knockback":0.2,
			"lifetime":35,
			"width": 6,
			"height": 9,
			"ammoMultiplier":8,
			"shootEffect": "shootBig" 	
				    "splashDamageRadius":20,
	    "splashDamage":38,	},
	},
	"requirements": [
	{ "item": "铝", "amount":120 },
		{ "item": "锂", "amount":85 }
	],
	"category": "turret",
	"research":{
		"parent":"单管炮"
		   "requirements":[
        "铝/500",
        "锂/500"
        ]
	}
}