{
	"type":"ItemTurret",
	"name":"龙卷",
    "description":"如龙卷风一般。",
   // "details":"古有合金气旋，",
	"size":3,//物品面积
	"health":5000,//建筑血量
	"ammoPerShot":2.5,
	"range":450,//攻击范围
	"reload":9,//60：0.1每秒一个
	"inaccuracy":3,//误差
	"recoil": 1,
	"ammoUseEffect": "casing2",
	"rotatespeed":1,//旋转速度
	"maxAmmo":80,//最大弹药
	"targetAir":true//攻击天空
	"targetGround":true,//攻击地面
	"canOverdrive": true,
	"coolantMultiplier":3,
	"heatColor":"#FF0000",
	"consumes": {
        "coolant": {
            "amount": 0.4,
            "optional": true
        }
    },
	"shoot":{
	"shots":1,
	"shotDelay":2,
	}
	"ammoTypes":{
	       "纯硅晶":{
	        "speed": 9,
			"damage": 58,
			"reloadMultiplier":1,
			"lifetime":55,
			"width": 8,
			"height": 10,
			"ammoMultiplier":5,
			"splashDamageRadius":33,
            "splashDamage":54,
			"despawnEffect":"flakExplosionBig",
    	    "hitEffect":"flakExplosionBig",
        	"smokeEffect":"shootBigSmoke"
			"shootEffect": "shootBig" 		
		 
					"fragBullets":2,
			"fragBullet":{
	"speed":3,
	"lifetime":15
	"damage":35
	"width":5,"height":8,
	"drag":0.01,
	"shrinkX":0,"shrinkY":1,
	"despawnEffect":"none",
	}
			},
	       "金":{
	        "speed": 9,
			"damage": 90,
			"reloadMultiplier":1,
			"lifetime":55,
			"width": 8,
			"height": 10,
			"ammoMultiplier":5,
			"splashDamageRadius":33,
            "splashDamage":54,
            "frontColor":"FFF902FF"
			"despawnEffect":"flakExplosionBig",
    	    "hitEffect":"flakExplosionBig",
        	"smokeEffect":"shootBigSmoke"
			"shootEffect": "shootBig" 		
		 
					"fragBullets":2,
			"fragBullet":{
	"speed":3,
	"lifetime":15
	"damage":45
	"width":5,"height":8,
	"drag":0.01,
	"shrinkX":0,"shrinkY":1,
	"despawnEffect":"none",
	            "frontColor":"FFF902FF"
	}
			},		
	       "铀":{
	        "speed": 9,
			"damage": 75,
			"reloadMultiplier":1,
			"lifetime":55,
			"width": 8,
			"height": 10,
			"ammoMultiplier":5,
			"splashDamageRadius":33,
            "splashDamage":58,
            "stutas":"burning"
			"despawnEffect":"flakExplosionBig",
    	    "hitEffect":"flakExplosionBig",
        	"smokeEffect":"shootBigSmoke"
			"shootEffect": "shootBig" 		
		 
					"fragBullets":2,
			"fragBullet":{
	"speed":3,
	"lifetime":15
	"damage":45
	"width":5,"height":8,
	"drag":0.01,
	"shrinkX":0,"shrinkY":1,
	"despawnEffect":"none",
	}
			},		
			"固态能":{
	        "speed": 9,
			"damage":56,
			"reloadMultiplier":2,
			"lifetime":55,
			"width": 8,
			"height": 10
			                   /*  "lightningDamage":15,
                "lightning":6,
                "lightningLength":15,     */     // "status":"blasted",
			"ammoMultiplier":7,
			"splashDamageRadius":30,
            "splashDamage":50,
			"despawnEffect":"flakExplosionBig",
    	    "hitEffect":"flakExplosionBig",
        	"smokeEffect":"shootBigSmoke"
			"shootEffect": "shootBig"
			"status":"短路",
			// "backColor":"FF6B54",
            "frontColor":"EEC900", 
            		"fragBullets":1,
			"fragBullet":{
    "type": "ShrapnelBulletType",
            "status":"shocked",
            "damage": 30,
            "length": 80,
            "fromColor": "EEC900",
            //"incendChance": 1.5,
            //"incendAmount": 1,
            "knockback": 1.2
	}		}
				"金辉合金":{
	        "speed": 9,
			"damage":92,
			"reloadMultiplier":2,
			"lifetime":55,
			"width": 8,
			"height": 10
			                   /*  "lightningDamage":15,
                "lightning":6,
                "lightningLength":15,     */     // "status":"blasted",
			"ammoMultiplier":7,
			"splashDamageRadius":30,
            "splashDamage":80,
			"despawnEffect":"flakExplosionBig",
    	    "hitEffect":"flakExplosionBig",
        	"smokeEffect":"shootBigSmoke"
			"shootEffect": "shootBig"
			"status":"短路",
			// "backColor":"FF6B54",
            "frontColor":"EEC900", 
            		"fragBullets":2,
			"fragBullet":{
    "type": "ShrapnelBulletType",
            "status":"shocked",
            "damage": 80,
            "length": 80,
            "fromColor": "EEC900",
            //"incendChance": 1.5,
            //"incendAmount": 1,
            "knockback": 1.2
	}
	},	
				"初代合晶":{
	        "speed": 9,
			"damage":126,
			"reloadMultiplier":2,
			"lifetime":55,
			"width": 8,
			"height": 10
			                     "lightningDamage":15,
                "lightning":6,
                "lightningLength":15,          // "status":"blasted",
			"ammoMultiplier":7,
			"splashDamageRadius":30,
            "splashDamage":60,
			"despawnEffect":"flakExplosionBig",
    	    "hitEffect":"flakExplosionBig",
        	"smokeEffect":"shootBigSmoke"
			"shootEffect": "shootBig"
			"status":"shocked",
			// "backColor":"FF6B54",
            "frontColor":"EEC900", 
            		"fragBullets":3,
			"fragBullet":{
    "type": "ShrapnelBulletType",
            "status":"shocked",
            "damage": 80,
            "length": 80,
            "fromColor": "EEC900",
            //"incendChance": 1.5,
            //"incendAmount": 1,
            "knockback": 1.2
	}
	},		
	},	

	
	"requirements": [
		{ "item": "金", "amount":200 },
		{ "item": "赤金", "amount":125 },
		{ "item": "塑胶", "amount":80 },
		"固态能/180"
		"金辉合金/260"
	],
	"category": "turret",
"research":{
         "depth":4,//科技树空间间隔
         "parent":"气卷",//前置科技需求节点
         // "content":"",//可解锁的研究内容
         // "requirements":[],//解锁需求
         // "finishedRequirements":[],//已消耗的解锁物品需求
         // "objectives":"",//额外研究需求目标
         //"children":"突围",//前置需求节点
         }
}