{
	"requirements": [
		{ "amount": 4000, "item": "plan晶体" },
		{ "amount": 3900, "item": "plan异能晶体" },
		{ "amount": 3800, "item": "plan零能晶体" },
		{ "amount": 2000, "item": "混凝土" },
		{ "amount": 2000, "item": "熟石灰" },
		{ "amount": 2000, "item": "大理石" },
		{ "amount": 2000, "item": "方解石" },
		{ "amount": 3400, "item": "水泥" },
		{ "amount": 3500, "item": "纯水泥" },
		{ "amount": 4500, "item": "铁锭" },
		{ "amount": 4400, "item": "铝锭" },
		{ "amount": 4300, "item": "金" },
		{ "amount": 4200, "item": "钬锭" },
		{ "amount": 9000, "item": "铜板" },
		{ "amount": 7000, "item": "Heavy_Lead_Slab" },
		{ "amount": 6000, "item": "钛板" },
		{ "amount": 13000, "item": "远古合金" },
		{ "amount": 8400, "item": "生命晶体" },
		{ "amount": 6000, "item": "工业废料罐" },
		{ "amount": 1300, "item": "深渊之骨" },
		{ "amount": 5000, "item": "塑钢板" },
		{ "amount": 4000, "item": "塑料" },
		{ "item": "surge-alloy", "amount": 14000 }
	],
	"shootSound": "轨道炮射击",
	"maxAmmo": 5,
	"ammoTypes": {
		"plan异能晶体": {
		"type": "PointBulletType",
		
		"splashDamageRadius": 400,
		"splashDamage": 100274,
		
		"shootEffect": "instShoot",
		"hitEffect": "flakExplosionBig",
		"smokeEffect": "smokeCloud",
		"trailEffect": "instTrail",
		"despawnEffect": "instBomb",
		"trailSpacing": 5,
		"lifetime": 200,
		"damage": 70000,
		"drawSize": 60,
		"makeFire": true,
		"buildingDamageMultiplier": 9900,
		
		"speed": 500,
		"hitShake": 5,
		"ammoMultiplier": 1,
		"pierce": true,
		
		"lightningColor": "FBFF00FF",
		"lightningDamage": 68000,
		"lightning": 12,
		"lightningLength": 25,
		"lightningAngle": 2,
		"lightningCone": 360,
			
			"incendAmount": 100,
			"incendSpread": 80,
			"incendChance": 100,
			
			"fragBullets": 2,
			"fragBullet": {
				"type": "RailBulletType",
				
				"width": 10,
				"length": 20,
				"speed": 6,
				
				"damage": 80000,
				"splashDamageRadius": 120,
				"splashDamage": 6200,
				"despawnEffect": "none",
				"hitEffect": "flakExplosionBig",
				"hitSize": 2,
				"drawSize": 10,
				"lifetime": 40,
				"incendAmount": 80,
				"incendSpread": 30,
				"incendChance": 100,
				"lightColor": "FF2C2CFF",
				"keepVelocity": false,
				"collides": false,
				"hittable": false,
				"absorbable": false,
				"pierce": true,
				
				"lightningColor": "FBFF00FF",
				"lightningDamage": 60000,
				"lightning": 6,
				"lightningLength": 16,
				
				"fragBullets": 3,
				"fragBullet": {
					"type": "RailBulletType",
					"damage": 32000,
					"speed": 5,
					
					"lightningColor": "FBFF00FF",
					"lightningDamage": 18000,
					"lightning": 3,
					"lightningLength": 8,
					
					"splashDamageRadius": 120,
					"splashDamage": 2000,
					"knockback": 0.5,
					"lifetime": 120,
					"bulletWidth": 20,
					"bulletHeight": 20,
					"frageBullets": 1,
					"frageBullet": {
						"type": "RailBulletType",
						"damage": 32000,
						"speed": 6,
						"lifetime": 30,
						"lightningColor": "FBFF00FF",
						"lightningDamage": 16000,
						"lightning": 3,
						"lightningLength": 8,
						"frageBullets": 1,
						"frageBullet": {
							"type": "RailBulletType",
							"damage": 6000,
							"speed": 10,
							"lifetime": 50,
							"lightningColor": "FBFF00FF",
							"lightningDamage": 3000,
							"lightning": 3,
							"lightningLength": 8,
							"frageBullets": 1,
							"fuageBullet": {
								"type": "RailBulletType",
								"damage": 5000,
								"speed": 12,
								"lifetime": 100,
								"lightningColor": "FBFF00FF",
								"lightningDamage": 2500,
								"lightning": 3,
								"lightningLength": 8,
								"frageBullets": 1,
								"frageBullet": {
									"damage": 1200,
									"speed": 14,
									"lifetime": 150,
									"type": "RailBulletType",
									"lightningColor": "FBFF00FF",
									"lightningDamage": 500,
									"lightning": 3,
									"lightningLength": 8,
									"frageBullets": 2,
									"frageBullet": {
										"type": "liquidBulletType",
										"liquid": "oil",
										"damage": 300,
										"speed": 0,
										"lightningColor": "FBFF00FF",
										"lightningDamage": 6000,
										"lightning": 3,
										"lightningLength": 8,
										"splashDamageRadius": 120,
										"splashDamage": 300,
										"knockback": 0.5,
										"lifetime": 200,
										"drag": 0.8,
										"bulletWidth": 20,
										"bulletHeight": 20
									}
								}
							}
						}
					}
				}
			}
		}
	},
	"rotateSpeed": 0.5,
	"sequenceNum": 0.1,
	"reload": 5,
	"ammoUseEffect": "casing3Double",
	"recoilAmount": 6,
	"restitution": 0.005,
	"recoil": 8,
	"cooldown": 0.08,
	"shootShake": 3,
	"size": 8,
	"coolantMultiplier": 1,
	"health": 4300,
	"coolantUsage": 0.8,
	"consumes": {
		"power": 1800
	},
	"category": "turret",
	"range": 1800,
	"research": "聚灭",
	"description": "
	口径即是真理，射程亦是如此。
	世上并无完美之物，它也是。它的充能时间很长，这能给敌军很大的生存几率。
	不要被事物的表面现象所迷惑，它虽有庞大的身躯但弹仓只寥寥五个之有。
	[red]如果五颗子弹和上百条闪电全命中的话会造成上千亿的伤害。[]
	————————————————————————————
	[yellow]它会留下大片的火海，会对[MDY]的终端核心留下延迟CD。
[white]通[][yellow]俗[][red]来[][green]说[][blue]它[][white]会[][yellow]令[][red]你[][green]的[][blue]手[][white]机[][yellow]卡[][red]顿[][green]一[][blue]会[][white]，
[][yellow]如[][red]果[][green]不[][blue]出[][white]意[][yellow]外[][red]的[][green]话[][blue]，
[][white]一[][yellow]会[][red]就[][green]会[][blue]恢[][white]复[][yellow]的[][red]，
[][green]请[][blue]不[][white]要[][yellow]担[][red]心[][green]！[][blue]！[][white]！[]",
	"ammoPerShot": 5,
	"type": "ItemTurret",
	"heatColor": "FF9000FF",
	
	"shots": 5,
	"alternate":false,
	"shootCone": 5,
	"spread": 4,
		"reload": 96,
	"rebuildable": false,
	"baseExplosiveness": 800
}


/*
				    public ContinuousLaserBulletType(float damage){
        super(0.001f, damage);

        hitEffect = Fx.hitMeltdown;
        despawnEffect = Fx.none;
        hitSize = 4;
        drawSize = 420f;
        lifetime = 16f;
        hitColor = colors[2];
        incendAmount = 1;
        incendSpread = 5;
        incendChance = 0.4f;
        lightColor = Color.orange;
        keepVelocity = false;
        collides = false;
        pierce = true;
        hittable = false;
        absorbable = false;
    }

/*
        waterShot = new LiquidBulletType(Liquids.water){{
            knockback = 0.7f;
        }};

        cryoShot = new LiquidBulletType(Liquids.cryofluid){{

        }};

        slagShot = new LiquidBulletType(Liquids.slag){{
            damage = 4;
            drag = 0.03f;
        }};

        oilShot = new LiquidBulletType(Liquids.oil){{
            drag = 0.03f;
        }};

/*
        duo = new ItemTurret("duo"){{
            requirements(Category.turret, with(Items.copper, 35), true);
            ammo(
            Items.copper, Bullets.standardCopper,
            Items.graphite, Bullets.standardDense,
            Items.pyratite, Bullets.standardIncendiary,
            Items.silicon, Bullets.standardHoming
            );

            spread = 4f;
            shots = 2;
            alternate = true;
            reloadTime = 20f;
            restitution = 0.03f;
            range = 100;
            shootCone = 15f;
            ammoUseEffect = Fx.casing1;
            health = 250;
            inaccuracy = 2f;
            rotateSpeed = 10f;
        }};







/*
package mindustry.entities.bullet;

import arc.math.geom.*;
import arc.util.*;
import mindustry.*;
import mindustry.entities.*;
import mindustry.gen.*;

public class PointBulletType extends BulletType{
     private static float cdist = 0f;
     private static Unit result;

     public float trailSpacing = 10f;

     public PointBulletType(){
         scaleVelocity = true;
         lifetime = 100f;
         collides = false;
         keepVelocity = false;
         backMove = false;
     }

    @Override
    public void init(Bullet b){
        super.init(b);

        float px = b.x + b.lifetime * b.vel.x,
            py = b.y + b.lifetime * b.vel.y,
            rot = b.rotation();

        Geometry.iterateLine(0f, b.x, b.y, px, py, trailSpacing, (x, y) -> {
            trailEffect.at(x, y, rot);
        });

        b.time = b.lifetime;
        b.set(px, py);

        //calculate hit entity

        cdist = 0f;
        result = null;
        float range = 1f;

        Units.nearbyEnemies(b.team, px - range, py - range, range*2f, range*2f, e -> {
            if(e.dead()) return;

            e.hitbox(Tmp.r1);
            if(!Tmp.r1.contains(px, py)) return;

            float dst = e.dst(px, py) - e.hitSize;
            if((result == null || dst < cdist)){
                result = e;
                cdist = dst;
            }
        });

        if(result != null){
            b.collision(result, px, py);
        }else{
            Building build = Vars.world.buildWorld(px, py);
            if(build != null && build.team != b.team){
                build.collision(b);
            }
        }

        b.remove();

        b.vel.setZero();
    }
}
/*
        foreshadow = new ItemTurret("foreshadow"){{
            float brange = range = 500f;

            requirements(Category.turret, with(Items.copper, 1000, Items.metaglass, 600, Items.surgeAlloy, 300, Items.plastanium, 200, Items.silicon, 600));
            ammo(
            Items.surgeAlloy, new PointBulletType(){{
                shootEffect = Fx.instShoot;
                hitEffect = Fx.instHit;
                smokeEffect = Fx.smokeCloud;
                trailEffect = Fx.instTrail;
                despawnEffect = Fx.instBomb;
                trailSpacing = 20f;
                damage = 1350;
                tileDamageMultiplier = 0.3f;
                speed = brange;
                hitShake = 6f;
                ammoMultiplier = 1f;
		"shootEffect": "instShoot",
		"hitEffect": "instHit",
		"smokeEffect": "smokeCloud",
		"trailEffect": "instTrail",
		"despawnEffect": "instBomb",
		"trailSpacing": 15,
		"damage": 300,
		"tileDamageMultiplier": 0.5,
		"range": 500,
		"speed": 500,
		"hitShake": 3,
		"ammoMultiplier": 1
                }
                
                
            }}
            );



            rotateSpeed = 2.5f;
            reloadTime = 200f;
            ammoUseEffect = Fx.casing3Double;
            recoilAmount = 5f;
            restitution = 0.009f;
            cooldown = 0.009f;
            shootShake = 4f;
            shots = 1;
            size = 4;
            shootCone = 2f;
            shootSound = Sounds.railgun;
            unitSort = (u, x, y) -> -u.maxHealth;
            
            coolantMultiplier = 0.2f;
	"rotateSpeed": 1,
	"reloadTime": 230,
	"ammoUseEffect": "casing3Double",
	"recoilAmount": 6,
	"restitution": 0.008,
	"cooldown": 0.008,
	"shootShake": 3,
	"size": 2,
	"shootCone": 2,
	"coolantMultiplier": 0.2,
	"health": 450,
	"coolantUsage": 0.5,
	"consumes": {
		"powerCond": 1.2
	}
            health = 150 * size * size;
            coolantUsage = 1f;

            consumes.powerCond(10f, TurretBuild::isActive);
        }};