{
	"type": "ThermalGenerator",
	"name": "喷口轮机",
	"description": "放置在硅烷喷口上，燃烧硅烷以产生电力",
	"size": 3,
	"health": 460,
	"powerProduction": 1.5,
    "drawer": {
        "type": "DrawMulti",
        "drawers": [
            {
                "type": "DrawRegion",
                "suffix": "-bottom"
            },
            "DrawDefault",
            "DrawWarmupRegion",
            {
                "type": "DrawRegion",
                "suffix": "-rotator",
                "rotateSpeed": 2
            },
            {
                "type": "DrawRegion",
                "suffix": "-rotator",
                "rotateSpeed": -2,
                "rotation": 45
            },
            {
                "type": "DrawRegion",
                "suffix": "-top"
            },
        ]
    },
    "generateEffect": {
        "type": "ParticleEffect",
        "particles": 5,
        "sizeFrom": 3,
        "sizeTo": 0,
        "length": 5,
        "baseLength": 5,
        "lifetime": 50,
        "colorFrom": "ffffff80",
        "colorTo": "ffffff80"
    },
	"requirements": [
	"titanium/300",
	"lead/200",
	"metaglass/200",
	"graphite/140",
	"silicon/140",
	"thorium/100",
	],
    "displayEfficiencyScale":0.112
    "displayEfficiency":false
    "minEfficiency":8
	"ambientSound":"hum",
	"attribute": "steam",
	"category": "power",
	"research": "行星际发射器"

}