{
	"name": "火箭引擎",
	"description": "高效高功率火箭引擎，使用火箭燃料发电。需要按比例地输入氧气与燃料。实际燃料流量小于通道流量会降低效率，氧气与燃料偏离比例会降低效率，排气口有建筑遮挡会降低效率。注意:排气口堵塞将会引发爆炸，排气口附近的建筑会受到伤害。",
	"size": 3,
	"rotate":true
	"health": 600,
	"hasPower": true,
    "hasLiquids": true,
	"liquidCapacity": 120,
	"powerProduction":80,
	"requirements": [
		{ "item": "钨", "amount":200 },
		{ "item": "铀", "amount":100 },
		{"item":"graphite","amount":300},
		{"item":"silicon","amount":200},
		{"item":"芯片","amount":80},
	],
	"category": "power",
	"research": "航空引擎"
}
