{
	"name": "诱变反应堆",
	"description": "在激光诱导下，瘤液与羰基硫在相织布表面发生复杂的生化反应，放出紫外线并产生成分未知的毒泥浆。\n多方块结构，无法直接建造",
	"details":"叠氮代pk-pai瘤质在硫化后产生的单线态氮退化成三线态氮时，将放出中频紫外线"
	"size": 5,
	"type": "ConsumeGenerator",
	"health": 2000,
	"liquidCapacity":180,
	"itemCapacity": 100,
	"hasItems": true,
	"hasLiquids": true,
	"outputsPower": true
	"hasPower": true
	"lightColor": "FFFFFF",
	"explosionPuddles":10
	"explosionPuddleRange":240
	"explosionPuddleLiquid":"neoplasm"
	"explosionPuddleAmount":1000
	"explosionShake":5,
	"explosionShakeDuration":200,
	"explosionRadius":20,
	"explosionDamage":500,
	"explodeSound":"DBZ1",
	"explodeEffect": {
	"type": "MultiEffect",
	"effects": [
	{
			"type": "WaveEffect",
			"lifetime":120,
			"sizeFrom": 0,
			"sizeTo":400,
			"strokeFrom":20,
			"strokeTo": 0,
			"colorFrom": "EEC59170",
			"colorTo": "00ff0070"
		},
	{"type": "ParticleEffect",
	"particles": 40,
	"interp": "pow10Out",
	"sizeInterp": "pow5In",
	"sizeFrom":20,
	"sizeTo": 0,
	"length": 250,
	"baseLength": 0,
	"lifetime": 1200,
	"colorFrom": "DEDEDE70",
	"colorTo": "eec59170",
	"cone": 360
		},
		]	},
  /*  "drawer": {
        "type": "DrawMulti",
        "drawers": [
            {
                "type": "DrawRegion",
                "suffix": "-bottom"
            },
            {
                "type": "DrawRegion",
                "suffix": "-侧"
            },
			{
		        "type":"DrawLiquidTile",
		        "drawLiquid":"cryofluid"
		    },
            {
                "type":"DrawRegion",
                "suffix":"-rotator1",
                "rotateSpeed":-0.5
            }
            "DrawDefault",
            "DrawWarmupRegion",
            {
                "type": "DrawRegion",
                "suffix": "-rotator2",
                "rotateSpeed":-2
            },
            {
                "type": "DrawRegion",
                "suffix": "-rotator3",
                "rotateSpeed": 1.5,
                "rotation": 45
            },
            {
                "type": "DrawRegion",
                "suffix": "-top"
            },
        ]
    },*/
    	"powerProduction":8
    	"explodeOnFull":true
	"consumes":{
		"liquids": {
		    "liquids":[
		    	{"liquid": "neoplasm","amount":1}
		        {"liquid": "羰基硫","amount" : 0.5}
		        {"liquid": "water","amount":0.5}
	        ]
},
		"items":{
		    "items":[
		        {"item":"phase-fabric","amount":1},
	        ]
		}
	}
	"outputLiquid":{"liquid":"毒泥浆","amount":1}
	"requirements": [
		"lead/280",
		"graphite/160",
		"metaglass/40",
		"芯片/500"
		"phase-fabric/320",
		"钨/480"
		"塑料/320",
		"铀/1080"
	],
	"category": "power",
	"research": {
		"parent": "thorium-reactor",
		"objectives": [
			{
				"type": "SectorComplete",
				"preset": "coastline"
			}
		]
	}
}