{
	"type":"ItemTurret",
	"name":"流星",
    "description":"快速发射追踪性子弹，需要快速装填弹药，需要氰气",
	"size":4,
	"health":2100,
	"consumes": {
	    "power":12
	    "liquid": "cyanogen/2.5"
		"coolant": {
			"amount": 0.4,
			"optional": true
		}
	},
	"ammoPerShot":1,
	"range":300,
	"reload":4.5
	"inaccuracy":10,//误差
	                  "ammoPerShot":1,
	                  "ammoUseEffect": "none",
	"shoot": {
		"shots": 1,
	},
	"rotatespeed":2,
	"shake":1
	"shootSound":"pew"
	"maxAmmo":50,
	"targetAir":false
	"targetGround":true,
	"coolantMultiplier":0.6,
	"heatColor":"#FF0000",
    "smokeEffect":{
				"type": "ParticleEffect",
				"region": "社会主义工业化-菱形",
				"particles": 6,
				"sizeFrom": 4,
				"sizeTo": 0,
				"length": -35,
				"lifetime": 60,
				"interp": "pow10Out",
				"sizeInterp": "pow5In",
				"colorFrom": "ff7fdbA0",
				"colorTo": "ff7fdb60"
				"cone":45
			},
	"shootEffect":{
		"type": "MultiEffect",
		"effects": [
			{
				"type": "ParticleEffect",
				"particles": 2,
				"line": true,
				"lenFrom": 43,
				"lenTo": 0,
				"strokeFrom": 3.36,
				"strokeTo": 0,
				"interp": "pow10Out",
				"length": 93,
				"baseLength": 0,
				"lifetime": 85,
				"colorFrom": "ff7fdb",
				"colorTo": "ff7fdb80",
				"cone": 13
			}
            {
				"type": "ParticleEffect",
				"region": "社会主义工业化-菱形",
				"particles": 6,
				"sizeFrom": 4,
				"sizeTo": 0,
				"length": 25,
				"lifetime": 60,
				"interp": "pow10Out",
				"sizeInterp": "pow5In",
				"colorFrom": "ff7fdbA0",
				"colorTo": "ff7fdb60"
				"cone":-30
			},
{
			"type": "WaveEffect",
			"lifetime": 30,
			"sizeFrom": 20,
			"sizeTo": 20,
			"strokeFrom": 2,
			"strokeTo": 2,
			"colorFrom": "ff7fdbA0",
			"colorTo": "ff7fdb00"
		},
		]
	}
	"ammoTypes": {
		"亚稳定合金": {
			"type": "BasicBulletType",
			"ammoMultiplier": 1,
			"trailColor": "ff7fdb",
		    "trailLength":180,
		    "trailWidth": 1.8,
			"speed": 18,
			"lifetime": 25,
			"width": 1,
			"height": 1,
			"status": "弱化",
			"statusDuration": 60,
			"smokeEffect": "shootBigSmoke",
			"splashDamageRadius": 45,
			"splashDamage":1,
			"knockback": 1.3,
			"hitEffect": {
				"type": "ParticleEffect",
				"region": "社会主义工业化-菱形",
				"particles": 15,
				"sizeFrom": 4,
				"sizeTo": 0,
				"length": 15,
				"lifetime": 40,
				"interp": "pow10Out",
				"sizeInterp": "pow5In",
				"colorFrom": "ff7fdbC0",
				"colorTo": "ff7fdb80"
			},
		    "despawnEffect":"none"
			"despawnEffect": {
				"type": "ParticleEffect",
				"region": "社会主义工业化-菱形",
				"particles": 5,
				"sizeFrom": 2.5,
				"sizeTo": 0,
				"length": 10,
				"lifetime": 30,
				"interp": "pow10Out",
				"sizeInterp": "pow5In",
				"colorFrom": "ff7fdbC0",
				"colorTo": "ff7fdb80"
			},
		},
	},
	"requirements": [
		"lead/350"
	],
	"category": "turret",
	"research":"冰川"
}