{
     "type":"BurstTurret",
     "name":"怒涌",
     "health":2000,
     "shotWidth":4.5,
     "size":4,
     "description": "草率的图片。",
     "targetAir":true,
     "burstSpacing": 2,
     "targetGround":true,
     "collidesTiles":false,
     "rotatespeed": 10,
     "spread": 100,
     "recoil": 5,
     "shots": 10,
     "inaccuracy":10,
     "maxAmmo":100,
     "reload":200,
     "range":300,
     "ammo": {
       "graphite": {
        "type":"ArtilleryBulletType",
        "collidesTiles":false,
        "collides":true,
        "collidesAir":true,
	    "bulletShrink":0.5,
	    "speed":8,
		"pierce":false,
		"bulletWidth": 12,
		"bulletHeight": 30,
		"lifetime":100,
        "backColor":"ffd280",			
        "frontColor":"ffd280",
		"heatColor":"ffd280",
		"trailColor":"ff4500",
        "hitShake": 1,
        "splashDamage":30,
        "damage":150,
        "splashDamageRadius":20,
        "ammoMultiplier": 2,
    	"trailEffect": "missileTrail",
	    "smokeEffect": "shootSmallFlame",
	    "hitEffect":"flakExplosion",
	    "homingPower": 15,
        "homingRange": 250
		},
	},
	"requirements": [
		{ "item": "copper", "amount": 2500 }
		{ "item": "thorium", "amount": 800 }
	],
	"category": "turret",
}


