{
	"type": "LaserTurret",
	"name": "星辰",
	"description": "遍地是",
	"targetAir": true,
	"targetGround": true,
	"health": 2500,
	"size": 2,
	"reload": 2
	"shots":200
	"inaccuracy":50
	"shootCone": 20,
	"shootType": "arc"
	"rotateSpeed": 2.2,
	"powerUse": 25.0,
	"range": 125,
	"shootShake": 3
	"firingMoveFract": 1
	"shootDuration":1
	"recoil": 50,

	 "backColor":"ffff00"
     "frontColor":"ffff00"
	"requirements": [
		{ "item": "thorium", "amount": 1500 },
		{ "item": "copper", "amount": 1000 },
		{ "item": "graphite", "amount": 400 },
		{ "item": "silicon", "amount": 300 }
	],
	"category": "turret"
}