{
	"type": "naval",
	"name": "长枪",
	"description": "攻击附近的敌人，提供建造功能。",
	"speed":1.6,
	"drag":0.03,
		"hitSize":14
		"health":750
	"accel":0.4
	"rotateSpeed":3.6,
	"trailLength":20
	"buildSpeed": 1.2,
	"rotateShooting":true
	"armor":2,
"weapons": [
		{
		"rotate":true,
			"name":"1"
            "top": true
			"y":-5,
		    "reload":15,
			"inaccuracy":6
			"shootSound": "lasershoot",
		    "bullet": {
			"type": "LaserBoltBulletType",
			"lifetime": 60,
			"healPercent":2.5
			"speed":3
	        "collidesAir":true
			"damage": 20
			 "collidesTeam":true
		},
		}
		
		{
		"mirror":false
		"rotate":true,
			"name":"2"
            "top": true
			"x":0,
			"y":5,
		    "reload":10,
			"inaccuracy":6
			"shootSound": "lasershoot",
		    "bullet": {
			"type": "LaserBoltBulletType",
			"lifetime": 30,
			"backColor":"00FF7F"
			"healPercent":1
			"speed":5
	        "collidesAir":true
			"damage": 10
			 "collidesTeam":true
		},
		}
		
		]
"research":"aa-标枪"
}

