{
	"type": "mech",
	"name": "Omega",
	"description": "一种装甲厚重的机甲，用于在前线攻击。它的护甲
	可以阻挡高大90%的伤害。",
	"drillPower":2,
	"speed":0.5,
	"mass":4,
	"health":350,
	"shake":4,
	"canBoost":true,
	"hitSize":10
	"itemCapacity":80,
	"engineColor": "84f491"
	"buildSpeed": 1.5,
	"mineTier":2,
	"mineSpeed":1.5
"weapons": [
		{
		"name":"导弹群"
		"length":1.5,
		"recoil":4,
		"reload":25,
		"shots":4,
		"shake": 1,
		"shootSound": "shootBig",
		"inaccuracy":20,
		"bullet": {
		"speed":3
		"lifetime":60
			"type": "MissileBulletType",
			"width": 8,
			"homingRange":60,
			"damage":0
			"hitEffect":"blastExplosion"
			"splashDamageRadius":20,
			"splashDamage":20,
			"weaveScale": 8,
			"weaveMag":2,
		},
		}
	]
"research":"f-Omega-原型机"
}

