{
	"type": "mech",
	"name": "混沌者",
	"description": "",
	"speed":0.3,
	"drag":0.4,
	"mass":5, 
	"hitSize":30
		"targetGround":true
	"targetAir":true
	"rotatespeed":0.06,
	"health":7500,
	"top": false
	"rotateSpeed": 2,
"occlusion": 0
	"itemCapacity":50,
	"mineTier":2,
	"mineSpeed":1.5
	
	"weapons":[
	{
	"name":"融化"
	"length":8
	"reload":50
	"recoil":3
	"top": true
	"shootX":10
	"shootY":10
	"shake":2
	"shootSound":"shootBig"
	"spacing":4
	"x": 6
	"shots":4
	"itemOffsetY":5
	"shotDelay":5
    "bullet":{
	"speed":4
	
	"type":"BasicBulletType"
	"hitEffect":"blastExplosion"
	"lifetime":"60"
		"width": 20,
	"height": 15,
	"damage":0
	"splashDamage":33
      "lightning" :4
            "lightningLength" :10
              "lightningDamage":15
	}
	},
	]
"research":"h-堡垒"
}

