{
	"type": "mech",
	"name": "根除",
	"description": "",
	"speed":0.20,
	"drag":0.4,
	"mass":5, 
	"hitSize":35
	"rotateSpeed": 0.5,
	"health":65000,
	"weapons":[
	{
	"name":"根除"
	"length":13
	"x":20
	"y":-2
	"reload":15.5
	"top":true
	"alternate":true
	"recoil":3
	"shootY":13
	"shake":2
	"shootSound":"shootBig"
	"inaccuracy":3
	"shots":4
	"spacing":0
	"shotDelay":2
    "bullet":{
	"type":"BasicBulletType"
	"speed":8
	"damage":120
	"lifetime":40
	"width": 20,
	"height": 30,
	"shootEffect":"shootBig"
	"pierceBuilding":true
	"pierceCap":6
	}
	},
	]
"research":"i-混沌者"
}

