{
	"type": "flying",
	"name": "融火",
	"description": "攻击附近的所有敌人。发射密集的子弹和
	一颗强大的分裂子弹。",
	"speed":3.5,
	"drag":0.016,
	"mechStepParticles":true
	"targetFlag":"reactor"
	"rotateSpeed":2.5
	"lowAltitude":true
	"baseRotateSpeed":3
	"hitSize":30
		"accel":0.01
		 "rotateWeapon": false,
		"hovering":false,
	"mass":4,
	"turnCursor":false,
	"health":6000,
	"itemCapacity":60,
	"engineColor": "84f491"
	"engineOffset":7
	"flying":true
	"engineSize ": 20,
    "isCounted":false,

	"mineSpeed":1.5
	"weapons": [
		{
		"name":"焰火"
		"length":1.5,
		"shadow":1,
    "shootY": 7
		"reload":3,
		"occlusion":9
		"inaccuracy":10
		"rotate":true,
		"top": true
			"shootSound": "shootSnap",
		"alternate":true,
		"bullet": {
			"type": "BasicBulletType",
			"width": 10,
			"height": 15,
			"speed":4
			"lifetime":35
			"shrinkX": 0
	        "shrinkY": 0
			"frontColor":"feb380"
			"backColor":"ea8878"
			"incendChance":0.3,
	"incendAmount":2,
			"damage": 12
			"hitEffect": "flakExplosion",
			"shootEffect": "none",
			"smokeEffect": "none",
			
		},
		}
				{
		"name":"踪刺"
		"length":1.5,
		"reload":50,
			"shootX":-5
			"mirror":false
			"rotate":true,
			"inaccuracy":6
			"shootSound": "shootBig",
            "top": true
		"bullet": {
			"type": "BasicBulletType",
			"width": 15,
			"height": 20,
			"speed":5
			"lifetime":30
			"incendChance":0.3,
	    "incendAmount":2,
			"damage": 25
			"hitEffect": "flakExplosion",
			"shootEffect": "none",
			"smokeEffect": "none",
			"fragLifeMin":0.2,
		"fragLifeMax":1.5
		"fragBullet":{
		"fragBullets":6,
				"type":"MissileBulletType",
				"speed": 3
				"lifetime": 30,
				"homingRange":60,
				"width": 20,
				"height": 20,
				"splashDamage": 10,
				"splashDamageRadius": 23,
			"despawnEffect":"flakExplosion"
			
			
			
		},
		}
		}
	]

	

"research":"m-赤魂"
}

