{
	"type": "flying",
	"name": "亡神",
	"description": "",
		"health":100000,
	"speed":1.0,
	"drag":0.005,
	"mechStepParticles":false
	"targetFlag":"reactor"
	"rotateSpeed":0.5
	"baseRotateSpeed":3
	"hitSize":70
		"accel":0.01
		"lowAltitude":true
		 "rotateWeapon": true,
		"hovering":false,
	"mass":4,
	"itemCapacity":60,
	"engineColor": "84f491"
	"engineOffset":46
	"flying":true
	"engineSize": 10,
    "isCounted":false,

	"mineSpeed":1.5
	"weapons": [
	{
		"mirror":false,
		"rotate":true,
		"x":20
		"y":-10
        "name":"撕裂"
            "top": true
		    "reload":35, 
            "shootSound": "shotgun",
			"rotateSpeed":2
			"shake":4,
			"shadow":12,
			"recoil":5,
			"spacing":20
		    "bullet": {
			"type": "BasicBulletType",
			"status":"shocked"
			"speed":7
			"lifetime": 40,
			"width":30
		    "height":50
	        "collidesAir":true
"shootEffect":"sparkShoot"
"damage":100
"backColor":"87CEFA"
"frontColor":"87CEFA"
	 	 "fragBullets":9,
	 "fragLifeMin":0.2,
		"fragLifeMax":0.4
		"fragBullet":{
		"fragBullets":9,
				"type":"BasicBulletType",
				"speed": 12
				"lifetime": 30,
				"width": 10,
				"height": 30,
			  "pierceCap":6
			  "pierceBuilding":true
			  "damage":20
			  "status":"shocked"
"backColor":"87CEFA"
"frontColor":"87CEFA"
}
		},
		}
		
			{
		"mirror":false,
		"rotate":true,
		"x":-20
		"y":-10
        "name":"撕裂"
            "top": true
		    "reload":55, 
            "shootSound": "shotgun",
			"rotateSpeed":2
			"shake":4,
			"shadow":12,
			"recoil":5,
			"spacing":20
		    "bullet": {
			"type": "BasicBulletType",
			  "status":"shocked"
			"speed":7
			"lifetime": 40,
			"width":30
		    "height":50
	        "collidesAir":true
"shootEffect":"sparkShoot"
"damage":100
"status":"wet"
"backColor":"4876FF"
"frontColor":"87CEFA"
	 	 "fragBullets":9,
	 "fragLifeMin":0.2,
		"fragLifeMax":0.4
		"fragBullet":{
		"fragBullets":9,
				"type":"BasicBulletType",
				"speed": 12
				"lifetime": 30,
				"width": 10,
				"height": 30,
			  "pierceCap":6
			  "pierceBuilding":true
			  "damage":20
"status":"wet"
"backColor":"4876FF"
"frontColor":"87CEFA"
}
		},
		}
		
	]

	

"research":"o-死神"
}

