{
  "type":"Separator",
  "name":"淘沙机",
  "description":"把沙子中所含的矿物淘出来",
  "health":750,
  "spinnerSpeed":3
  "liquidCapacity":50,
  "itemCapacity":30,
  "size":2,
  "craftTime":12,
  "results":[
  {"item":"thorium","amount":5}
  {"item":"铀","amount":5}
  {"item":"火石矿","amount":5}
  {"item":"绯红之石","amount":5}
  {"item":"银","amount":5}
  {"item":"copper","amount":5}
  {"item":"lead","amount":5}
  {"item":"coal","amount":5}
  {"item":"titanium","amount":5}
  ],
  "consumes":{
    "power":4,
    "items": [
    "sand/1"]
    "liquid":{
      "liquid":"water",
      "amount":0.10,
    },
  }
  "requirements":[
  {"item":"银","amount":200}
  {"item":"silicon","amount":150}
  {"item":"thorium","amount":100}
  {"item":"copper","amount":200}  
  ],
 "category":"crafting",
 "research":"精炼炉"
	"drawer": {
		"type": "DrawMulti",
		"drawers": [
			"DrawDefault",
            {
                "type": "DrawLiquidRegion",
                "drawLiquid": "water"
                "suffix": "-liquid"
            },
			{
				"type": "DrawRegion",
				"suffix": "-rotator",
				"spinSprite": true,
				"rotateSpeed": 12
			},
			{
				"type": "DrawRegion",
				"suffix": "-top"
			}
		]
	},
}
