{
	"type": "GenericCrafter",
	"name": "能量反应器制造机",
	"health": 2650,
	"outputItem": "能量反应器/1",
	"size": 3,
	"hasPower": true,
	"hasLiquids": false,
	"hasItems": true,
	"craftTime": 1200,
	"itemCapacity": 440,
	"drawer": {
		"type": "DrawMulti",
		"drawers": [
			{
				"type": "DrawRegion",
				"suffix": "-bottom"
			},
			{
				"type": "DrawFade",
				"scale": 1.13,
				"alpha": 0.99
			},
			"DrawWeave",
			"DrawDefault"
		]
	},
	"consumes": {
		"power": 15,
		"items": [
			"相位石/100",
			"绯红之石/150",
			"铀/300",
			"化钢/200"
		]
	},
	"requirements": [
		"化钢/200",
		"裂位合金/80",
		"绯红合金/220",
		"黑核/25"
	],
	"category": "crafting",
	"ambientSound": "techloop",
	"ambientSoundVolume": 0.35,
	"research": {
		"parent": "精炼炉",
		"objectives": [
			{
				"type": "SectorComplete",
				"preset": "残破废墟"
			}
		]
	}
}