{
"type": "ItemTurret",
    "name": "碎裂",
    "description": "小型版撕裂，要比撕裂攻击范围小。支持多种弹药",
    "health": 1250,
    "size": 2,
    "reload": 30,
    "range": 145,//8=1格
    "maxAmmo": 30,
    "recoilTime": 20,
    "recoil": 5,
    "category": "turret",
    "shake": 0,
    "targetGround": true,
    "targetAir": true,
    "inaccuracy": 0,
    "rotateSpeed": 10,
    "shootY": 5,
    "shootSound": "shootAlt",
    //"consumes": {
   //     "coolant": {
    //        "amount": 0.2,
     //       "optional": true
   //     }
    //},
    "ammoTypes": {
        "beryllium": {
            "speed": 8,//
            "damage": 72,//单位伤害
            "lifetime": 20,
            "width": 2,
            "height": 4,
            "ammoMultiplier": 2,
            "shootEffect": "shootBig",
            "trailColor": "3A8F64FF",
            "trailWidth": 2,
            "trailLength": 12,
            "hitColor": "3A8F64FF",
            "buildingDamageMultiplier": 0.25
        },
        "tungsten": {
            "speed": 8,
            "damage": 86,
            "lifetime": 20,
            "width": 3,
            "height": 5,
            "pierceCap": 2,
            "reloadMultiplier": 1.3,
            "ammoMultiplier": 3,
            "shootEffect": "shootBig",
            "trailColor": "A0B0C8FF",
            "trailWidth": 2,
            "despawnEffect": "none",
            "trailLength": 12,
            "hitColor": "A0B0C8FF",
            "buildingDamageMultiplier": 0.25
        },
        "褐铁": {
            "speed": 8,
            "damage": 98.5,
            "lifetime": 20,
            "width": 2,
            "height": 4,
            "ammoMultiplier": 2,
            "shootEffect": "shootBig",
            "trailColor": "BC5452FF",
            "trailWidth": 2,
            "trailLength": 12,
            "hitColor": "BC5452FF",
            "buildingDamageMultiplier": 0.25,
            "despawnEffect": "none",
            "statusDuration": 3600,
         //   "status": ""//子弹的附属的属性
        },
        "silicon": {
            "speed": 8,
            "damage": 62.62,
            "lifetime": 20,
            "width": 3,
            "height": 5,
            "reloadMultiplier": 1,
            "ammoMultiplier": 3,
            "shootEffect": "shootBig",
            "hitSound": "malignShoot",
            "trailColor": "3A3A50FF",
            "trailWidth": 2,
            "despawnEffect": "none",
            "trailLength": 12,
            "hitColor": "3A3A50FF",
            "buildingDamageMultiplier": 0.25,
            "fragOnHit": true,
            "fragRandomSpread": 0,
            "fragBullets": 1,
            "fragVelocityMin": 1,

            }
   },
    "requirements": [
        "beryllium/50",
        "graphite/50",
        "silicon/30"
    ],
    "alwaysUnlocked": true,
    "research": "breach",
    "researchCostMultiplier": 0.01
}