{
	"type": "PowerTurret",
	"name": "寒光",
	"description": "超限集团研发出的极端强大的激光炮，强大的光束能够给以敌人致命打击，对空对地，攻击速度极慢。\n \n[blue][超限技术炮台]",
	"targetAir": true,
	"targetGround": true,
	"health": 4280,
	"size": 5
	"shootSound":"shockBlast",
	"shake":12,
	"inaccuracy": 0
	"recoil": 6
	"recoilTime":10
	"coolantMultiplier": 1.25
	"liquidCapacity": 1000,
	"shoot":{
	"shots": 92
        "shotDelay": 0
        "type": "ShootBarrel",
        "barrels": [
        0,10,0,
        0,10,45,
        0,10,-45,
        
        0,70,0,
        0,70,45,
        0,70,-45,
        0,70,135,
        0,70,-135,
        
        0,130,0,
        0,130,45,
        0,130,-45,
        0,130,135,
        0,130,-135,
        
        0,190,0,
        0,190,45,
        0,190,-45,
        0,190,135,
        0,190,-135,
        
        0,250,0,
        0,250,45,
        0,250,-45,
        0,250,135,
        0,250,-135,
        
        0,310,0,
        0,310,45,
        0,310,-45,
        0,310,135,
        0,310,-135,
        
        0,370,0,
        0,370,45,
        0,370,-45,
        0,370,135,
        0,370,-135,
        
        0,430,0,
        0,430,45,
        0,430,-45,
        0,430,135,
        0,430,-135,
        
        0,490,0,
        0,490,45,
        0,490,-45,
        0,490,135,
        0,490,-135,
        
        0,550,0,
        0,550,45,
        0,550,-45,
        0,550,135,
        0,550,-135,
        
        
        0,40,0,
        0,40,45,
        0,40,-45,
        0,40,135,
        0,40,-135,
        
        0,100,0,
        0,100,45,
        0,100,-45,
        0,100,135,
        0,100,-135,
        
        0,160,0,
        0,160,45,
        0,160,-45,
        0,160,135,
        0,160,-135,
        
        0,220,0,
        0,220,45,
        0,220,-45,
        0,220,135,
        0,220,-135,
        
        0,280,0,
        0,280,45,
        0,280,-45,
        0,280,135,
        0,280,-135,
        
        0,340,0,
        0,340,45,
        0,340,-45,
        0,340,135,
        0,340,-135,
        
        0,400,0,
        0,400,45,
        0,400,-45,
        0,400,135,
        0,400,-135,
        
        0,460,0,
        0,460,45,
        0,460,-45,
        0,460,135,
        0,460,-135,
        
        0,520,0,
        0,520,45,
        0,520,-45,
        0,520,135,
        0,520,-135,
        ]}
		"drawer": {
    "type": "DrawMulti",
    "drawers": [
    {"type": "DrawTurret",
    "parts": [
    {"type": "RegionPart",
        "mirror": true,
        "x": -4,
        "y": 0,
        "suffix": "-1",
        "layer": 50,
        "moveX": 4,
        "moveY": 0
        "moveRot":0
        "under":true
        "progress": {
        "type": "smoothReload"
        "op": "compress"
        "start": 0.2
        "end": 0.3
      }
        }          
    ]}
    ]},
	"shootType": {	
	"type": "LaserBulletType",
	"chargeEffect":{
		"type":"MultiEffect",
		"effects":["lancerLaserCharge","lancerLaserChargeBegin"]
	},
	"status": "量子锁定",
			"statusDuration": 120,
	//"pierceBuilding": true,
		"collidesGround":true,
			"collidesAir":true,
	"shootEffect": "none",
	"hitEffect": "none",
	"despawnEffect": "none"
	"smokeEffect": "none"
	"despawnSound":"none",
	"damage": 130,
	//"buildingDamageMultiplier":0.35,
	"pierce": true
	"width": 16,	"length": 60,
	"lifetime": 40
	"knockback":30
	"buildingDamageMultiplier":0,
	"fragBullets":3
	"fragBullet": {
	"type" : "BasicBulletType",
	"splashDamageRadius":64
	"splashDamage":0.01
    "trailColor":"FF8C0000",
	"frontColor":"FFD70000",
	"backColor":"FF8C0000",
	"width": 2,
	"height": 8,
	"speed": 0,
	"lifetime": 1,
	"status": "freezing",
			"statusDuration": 600,
	//"pierceBuilding": true,
		"collidesGround":true,
			"collidesAir":true,
	"damage": 0,
	"buildingDamageMultiplier":0,
	"pierce": true
	"width": 2,	"length": 60,
	"lifetime": 20
	"shootEffect": "none",
	"hitEffect": "none",
	"despawnEffect": "none"
	"smokeEffect": "none"
	"despawnSound":"none",
	}
	}
	   "consumes": {
		"power":46.6,//耗电
	"coolant":{"amount":3.2,"optional":true}  
		},
	"reload": 1200,//发射间隔
	"rotateSpeed": 3,//炮台转速
	"range": 600,
	"category": "turret",
	    /*"research": {
	"parent":"BAAsAT2AA色散"
	"objectives": [
            {
				"type": "SectorComplete",
				"preset": "冰冷山区"
			}
	]
	}*/
	"requirements": [
{ "item": "metaglass", "amount": 660 }
{"item": "thorium", "amount": 320}
{"item": "1绝缘钢", "amount": 280  },
{"item": "1集成电路", "amount": 560  },
{"item": "0铜铅合金", "amount": 520  },
{ "item": "titanium", "amount": 680 }
{ "item": "2高能芯片", "amount":280},
	]
	"researchCostMultiplier": 0.5
}
