{
    "health": 1560,
	"canBoost": false,
    "armor":15,
    "range": 320,
    "mechFrontSway":0.5,
    "speed":0.53,
    "weapons": [
		{
            "name":"1artillery-freezing",
            "mirror":false,
            "ejectEffect":"casing2",
			"shake":3.7,
            "recoil":4,
			"reload": 60,
			    "x": -9,
			    "y": 1,
			    "rotate": false,
			    "inaccuracy": 0,
			    "alternate": false,
				"top":false,
                "shootSound":"artillery",
			"bullet": {
                "type":"ArtilleryBulletType",
                "buildingDamageMultiplier":1.1,
                "knockback":0.1,
                "status": "freezing",
                "statusDuration":180,
                "collides":true,
                "collidesTiles":true,
				"damage":45,
                "splashDamageRadius":70,
                "splashDamage":80,
                "speed": 4,
				"lifetime": 80,
                "width": 14,
				"height": 14,
                "backColor":"6ecdec",

                "despawnEffect": {
                    "type": "MultiEffect",
                    "effects": [
                        {
                            "type": "WaveEffect",
                            "lifetime": 60,
                            "sizeFrom": 14,
                            "sizeTo": 0,
                            "strokeFrom": 5,
                            "strokeTo": 1,
                            "colorFrom": "8abfd0",
                            "colorTo": "FFFFFF"
                        },
                        {
                            "type": "WaveEffect",
                            "startDelay": 0,
                            "lifetime": 72,
                            "sizeFrom": 68,
                            "sizeTo": 54,
                            "interp":"circleOut",
                            "strokeFrom": 8,
                            "strokeTo": 0,
                            "colorFrom": "8abfd0",
                            "colorTo": "6ecdec"
                        },
                        {
                            "type": "ParticleEffect",
                            "particles": 1,
                            "interp": "pow10Out",
                            "sizeInterp": "pow5In",
                            "sizeFrom": 72,
                            "sizeTo": 72,
                            "length": 0,
                            "baseLength": 0,
                            "lifetime": 2,
                            "colorFrom": "FFFFFF",
                            "colorTo": "FFFFFF70"
                        }]}
                
			}
		},
        {
            "name":"2artillery-blasted",
            "mirror":false,
            "ejectEffect":"casing2",
            "recoil":4,
			"shake":3.7,
			"reload": 60,
			    "x": 9,
			    "y": 1,
			    "rotate": false,
			    "inaccuracy": 0,
			    "alternate": true,
				"top":false,
                "shoot":{
                    "firstShotDelay":9
                },
                "shootSound":"artillery",
			"bullet": {
                "type":"ArtilleryBulletType",
                "buildingDamageMultiplier":1.1,
                "knockback":1,
                "status": "blasted",
                "collides":true,
                "collidesTiles":true,
				"damage": 57,
                "splashDamageRadius":48,
                "splashDamage":100,
                "speed": 4.2,
				"lifetime": 76.2,
                "width": 17,
				"height": 17,
                "backColor":"ff785e",
                "despawnEffect": {
                    "type": "MultiEffect",
                    "effects": [
                        {
                            "type": "WaveEffect",
                            "lifetime": 60,
                            "sizeFrom": 14,
                            "sizeTo": 0,
                            "strokeFrom": 5,
                            "strokeTo": 1,
                            "colorFrom": "ff785e",
                            "colorTo": "ffc454"
                        },
                        {
                            "type": "WaveEffect",
                            "startDelay": 0,
                            "lifetime": 60,
                            "sizeFrom": 48,
                            "sizeTo": 46,
                            "interp":"circleOut",
                            "strokeFrom": 8,
                            "strokeTo": 0,
                            "colorFrom": "ff785e",
                            "colorTo": "ff785e"
                        },
                        {
                            "type": "ParticleEffect",
                            "particles": 1,
                            "interp": "pow10Out",
                            "sizeInterp": "pow5In",
                            "sizeFrom": 48,
                            "sizeTo": 48,
                            "length": 0,
                            "baseLength": 0,
                            "lifetime": 2,
                            "colorFrom": "FFFFFF",
                            "colorTo": "FFFFFF70"
                        }]}
			}
		}
	]
}