{
	"type": "HeatProducer",
	"name": "固态燃烧室",
	"description": "将易燃物质燃烧，从而转化为热量。",
	"health": 450,//生命值
	"size": 2,
	"hasLiquids": true,
	"hasPower": false,//*是否需要电力
	"hasItems": true,
	"heatOutput":10,
	"liquidCapacity": 20,/*液体容量*/
	"consumes": {
		"items": [
			"graphite/1"
		],
		"liquid": "ozone/0.02"        
	},
	"requirements": [
	"graphite/30",
	"silicon/30",
	"oxide/20",
//	"surge-alloy/90"
	],
	"category": "crafting",
"research": {"parent": "slag-incinerator"/*科技树前置*/}
}