{
	"name":"高热碳化物终端",
	"type":"HeatCrafter",/*类型，目前本人就会这一个*/
	"description": "利用高温将钨和石墨融合成碳化物，产量较大。",
	"itemCapacity":48,/*物品容量，数字都能改别的*/
	"health":850,//血量
	"size":4,/*最高16，不然会崩*/
	"hasPower": true,/*是否需要电*/
	"hasLiquids": false,/*是否需要液体*/
	"hasItems": true,/*是否需要物品*/
	"craftTime":60,
	"updateEffect": "smeltsmoke",
	"drawer":{
		"type":"DrawMulti",//动画叠加（管他呢加上
		"drawers":[
			{
				"type": "DrawRegion",//贴图
				"suffix": "-bottom"//后缀
			},
            "DrawDefault",//绘制本体（就是啥后缀都没有的那个
			{
				"type":"DrawFlame",//类似硅厂的火焰
				"flameColor":"ffe3d0"//火焰颜色
			}
		]},
	"heatRequirement":20,
	"consumes": {
		"power":3.5,/*游戏里会乘60*/
		"items": {
			"items": [
				{ "item": "tungsten", "amount": 4 },
				{ "item": "graphite", "amount": 8 },/*需要的材料*/
			]
}
	},
  	"liquidCapacity": 40,/*液体容量*/
	"outputItem": { "item": "carbide", "amount": 3 },/*输出的物品*/
	"requirements": [
		{ "item": "thorium", "amount": 200 },
        { "item": "graphite", "amount": 225},
		{ "item": "silicon", "amount": 275 },
		{ "item": "carbide", "amount": 175 },
		{ "item": "tungsten", "amount": 150}/*建造所用物品*///和研究花费
	],
	"ambientSound":"smelter",
	"ambientSoundVolume":0.09,
	"category": "crafting",
	"research": "carbide-crucible",/*前置研究*/
	"idleSound": "respawning",
	"idleSoundVolume": 0.5
}