{
  "type": "GenericCrafter",
  "name": "活钢液化器",
  "description": "通过使用与活钢软化器相同数量的资源，制造出更多的活钢液",
  "size": 3,
  "health": 285,
  "hasPower": true,
  "hasItems": true,
  "hasLiquids": false,
  "craftTime": 50,
  "craftEffect": "smeltsmoke",
  "updateEffect": "smeltsmoke",
  "consumes": {
    "power": 1.4,
    "items": {
      "items": [
        "living-steel/2"
      ]
    },
    "liquid": "oil/0.6"
  },
  "requirements": [
    {
      "item": "copper",
      "amount": 460
    },
    {
      "item": "lead",
      "amount": 320
    },
    {
      "item": "titanium",
      "amount": 145
    },
    {
      "item": "living-steel",
      "amount": 100
    }
  ],
  "category": "crafting",
  "research": "living-steel-liquifier",
  "outputLiquid": "living-steel-liquid/0.4",
  "drawer": {
    "type": "DrawMulti",
    "drawers": [
      {
        "type": "DrawDefault" 
      },
      {
        "type": "DrawCrucibleFlame",
        "flameColor": "61615b",
        "midColor": "313131"
      }
    ]
  }
}
