{
	"type": "Separator",
	"name": "分离机",
	"description": "分离废料中的矿物,并用水冷却定型矿物,更容易分离出钛。",
	"results": [
{"item": "铜", "amount": 2},
{ "item": "铅", "amount": 2}
{ "item": "石墨", "amount": 2}
{ "item": "铁矿石", "amount": 2}
{ "item": "铝矿石", "amount": 2}
{ "item": "金矿", "amount": 1}
{ "item": "钛", "amount": 5}	],
	"size": 2,
	"itemCapacity": 10,
	"hasPower": true,
	"hasItems": true,
	"hasLiquids": true,
	"liquidCapacity": 60,
	"craftTime": 6,
	"drawer": {
        "type": "DrawMulti",
        "drawers": [
            {
                "type": "DrawRegion",
                "suffix": "-bottom"
            },
            {
                "type": "DrawLiquidTile",
                "drawLiquid": "矿渣"
            },
            "DrawDefault",
            {
                "type": "DrawRegion",
                "suffix": "-转",
                "rotateSpeed":10
            },
        ]
    },  
	"consumes": {
		"power": 10,
		"liquids": [
		{ "liquid": "矿渣", "amount": 1 }
		 {"liquid": "水", "amount": 0.1 }
		]
	},
	"requirements": [
	{ "item": "铝", "amount": 100 },
	{ "item": "纯钛钢", "amount": 30 },
	{ "item": "钍", "amount": 30 },
	{ "item": "硅", "amount": 20 }
	{ "item": "塑钢", "amount": 20 }
	{ "item": "电力核心", "amount": 1 }
	],
	"category": "crafting",
	"research": {
	"parent":"粉碎机"
	"objectives": [
            {
				"type": "SectorComplete",
				"preset": "破碎火山"
			}
	]
	}
}
