{
	"type": "GenericCrafter",
	"name": " 多重压缩机",
	"health": 800,
	"description": "石墨快乐屋",
		"updateEffect": "pulverizeSmall",
	"outputItem": { "item": "石墨", "amount": 4 },
	"alwaysUnlocked": false,
	"size": 3,
	"hasPower": false,
	"hasLiquids": false,
	"hasItems": true,
	"craftTime": 110,
	"itemCapacity": 15,
	"consumes": {
    "items": {	 "items": [
    { "item": "煤炭", "amount": 5}
 	]
  } },
"requirements": [
	{ "item": "铅", "amount": 80 },
	{ "item": "钛钢", "amount": 80 },
	{ "item": "铜", "amount": 70 },
	],
	"category": "crafting",
	"researchCostMultiplier": 0.2,
	    "canOverdrive": true,
	    "research": {
	"parent":"石墨压缩机"
	"objectives": [
            {
				"type": "SectorComplete",
				"preset": "熔岩丘陵"
			}
	]
	}
}