{
	"type": "Separator",
	"name": "大型分离机",
	"description": "快速分离废料中的矿物,并用水冷却定型矿物,更容易分离出钛。",
	"results": [
{"item": "铜", "amount": 8},
{ "item": "铅", "amount": 8}
{ "item": "石墨", "amount": 8}
{ "item": "铁矿石", "amount": 8}
{ "item": "铝矿石", "amount": 8}
{ "item": "金矿", "amount": 2}
{ "item": "硅", "amount": 2}
{ "item": "纯钢", "amount": 1 }
{ "item": "纯钛钢", "amount": 1}
{ "item": "钛钢", "amount": 2}
{ "item": "钢", "amount": 3}
{ "item": "铁", "amount": 5}
{ "item": "钍", "amount": 6}
{ "item": "钛", "amount": 40}	],
	"size": 4,
	"itemCapacity": 10,
	"hasPower": true,
	"hasItems": true,
	"hasLiquids": true,
	"liquidCapacity": 500,
	"craftTime": 1.5,
	"drawer": {
        "type": "DrawMulti",
        "drawers": [
            {
                "type": "DrawRegion",
                "suffix": "-bottom"
            },
            {
                "type": "DrawLiquidTile",
                "drawLiquid": "矿渣"
            },
            "DrawDefault",
            {
                "type": "DrawRegion",
                "suffix": "-转",
                "rotateSpeed":15
            },
            {
				"type": "DrawRegion",
				"suffix": "-top"
			}
        ]
    },  
	"consumes": {
		"power": 20,
	    "items": {
      "items": [
          { "item": "废料", "amount": 2 },
      ]
    }	
		"liquids": [{ "liquid": "矿渣", "amount": 10 }
		 {"liquid": "水", "amount": 1 }
		]
	},
	"requirements": [
	{ "item": "铝", "amount": 400 },
	{ "item": "纯钛钢", "amount": 120 },
	{ "item": "钍", "amount": 120 },
	{ "item": "硅", "amount": 80 }
	{ "item": "塑钢", "amount": 80 }
	{ "item": "电力核心", "amount": 4 }
	],
	"category": "crafting",
	"research": {
	"parent":"分离机"
	"objectives": [
            {
				"type": "SectorComplete",
				"preset": "破碎火山"
			}
	]
	}
}
