{
  // 设备名称
  "name": "大型钛钢混合厂",
  // 设备类型
  "type": "GenericCrafter",
  // 设备介绍
  "description": "更快的生产速度",
  // 物品容量
  "itemCapacity": 20,
  // 能量容量，0为不需要能源
  "powerCapacity": -500,
  // 健康值
  "health": 1400,
  // 大小
  "size": 4,
  // 是否需要能源
  "hasPower": false,
  // 是否需要液体
  "hasLiquids": false,
  // 是否需要物品
  "hasItems": true,
        "drawer": {
        "type": "DrawMulti",
        "drawers": [
            {
                "type": "DrawRegion",
                "suffix": "-bottom"
            },
            {
                "type": "DrawGlowRegion",
                "suffix": "-1qwq",
                "color": "E19B4FFF"
            }
            "DrawDefault",
			"DrawFlame"
        ]
    }
  // 制造时间，60为1秒
  "craftTime": 90,
  // 消耗的资源
  "consumes": {
    // 能量消耗
    "power": 20,
    // 物品消耗列表
    "items": {
      "items": [
        // 消耗的物品和数量
        { "item": "钛", "amount": 5 },
          { "item": "钢", "amount": 3 },
      ]
    }
  },
  // 制造的产出物品和数量
  "outputItem": { "item": "钛钢", "amount": 3 },
  // 制造设备所需的资源列表
  "requirements": [
    { "item": "纯钛钢", "amount": 50 }
    { "item": "纯钢", "amount": 100 },
    { "item": "铝", "amount": 300 },
  ],
  // 设备分类
  "category": "crafting",
  // 研究条件
  "research": "core-shard",
  // 空闲时的音效
  "idleSound": "respawning",
  // 空闲时音效的音量
  "idleSoundVolume": 0.5
      "category": "crafting",
      "researchCostMultiplier": 0.2,
      "category": "crafting",
    "updateEffect": "pulverizeMedium",
        "research": {
	"parent":"钛钢混合厂"
	"objectives": [
            {
				"type": "SectorComplete",
				"preset": "世界另一端"
			}
	]
	}
}
