{
  // 设备名称
  "name": "大型废料提炼厂",
  // 设备类型
  "type": "GenericCrafter",
  // 设备介绍
  "description": "将大量废料加工成矿渣。",
  // 物品容量
  "itemCapacity": 20,
  // 能量容量，0为不需要能源
  "powerCapacity": -500,
  // 健康值
  "health": 1200,
  // 大小
  "size": 3,
  // 是否需要能源
  "hasPower": true,
  // 是否需要液体
  "hasLiquids": true,
    "drawer": {
        "type": "DrawMulti",
        "drawers": [
            {
                "type": "DrawRegion",
                "suffix": "-bottom"
            },
            {
                "type": "DrawLiquidTile",
                "drawLiquid": "矿渣"
            },
            "DrawDefault"
        ]
    },
  // 是否需要物品
  "hasItems": true,
  // 制造时间，60为1秒
  "craftTime": 30,
  // 更新特效
  "updateEffect": "none",
  // 消耗的资源
  "consumes": {
    // 能量消耗
    "power": 5,
    // 物品消耗列表
	"items": {
      "items": [
        // 消耗的物品和数量
        { "item": "废料", "amount": 10 },
      ]
    }
  },
  // 制造的产出物品和数量
    "liquidCapacity": 100,
    	"outputLiquid": {"liquid": "矿渣", "amount": 0.375},
  // 制造设备所需的资源列表
  "requirements": [
    { "item": "铝", "amount": 700 }
    { "item": "钛钢", "amount": 100 },
    { "item": "动能核心", "amount": 20 },
       { "item": "硅", "amount": 100 },
  ],
  // 设备分类
  "category": "crafting",
  // 研究条件
  "research": "core-shard",
  // 空闲时的音效
  "idleSound": "respawning",
  // 空闲时音效的音量
  "idleSoundVolume": 0.5
        "category": "crafting",
      "researchCostMultiplier": 0.2,
        "research": {
	"parent":"废料提炼厂"
	"objectives": [
            {
				"type": "SectorComplete",
				"preset": "凛冬寒霜"
			}
	]
	}
}