{
  // 设备名称
  "name": "孢子培养机",
  // 设备类型
  "type": "AttributeCrafter",
  // 设备介绍
  "description": "培养孢子的机器",
  // 物品容量
  "itemCapacity": 20,
  // 能量容量，0为不需要能源
  "powerCapacity": -500,
  // 健康值
  "health": 800,
  // 大小
  "size": 2,
  // 是否需要能源
  "hasPower": true,
  "maxBoost":2
  "attribute": "spores",
    "powerProduction": 5,
    "maxHeatBoost": 5,
  // 是否需要液体
  "hasLiquids": true,
    "drawer": {
        "type": "DrawMulti",
        "drawers": [
            {
                "type": "DrawRegion",
                "suffix": "-bottom"
            },
            {
                "type": "DrawLiquidTile",
                "drawLiquid": "水"
            },
            "DrawDefault"
            "DrawCultivator"
            {
                "type": "DrawRegion",
                "suffix": "-top"
            },
        ]
    },
  // 是否需要物品
  "hasItems": true,
  // 制造时间，60为1秒
  "craftTime": 30,
  // 更新特效
  "updateEffect": "none",
  // 消耗的资源
  "consumes": {
    // 能量消耗
    "power": 2,
    // 物品消耗列表
    "liquid": 
	{"liquid": "水", "amount": 0.5 } 
  },
  // 制造的产出物品和数量
    "liquidCapacity": 100,
    "outputItem": { "item": "孢子荚", "amount": 2 },
  // 制造设备所需的资源列表
  "requirements": [
    { "item": "铝", "amount": 100 }
    { "item": "钛", "amount": 100 },
    { "item": "纯钢", "amount": 20 },
       { "item": "硅", "amount": 50 },
  ],
  // 设备分类
  "category": "crafting",
  // 研究条件
  "research": "core-shard",
  // 空闲时的音效
  "idleSound": "respawning",
  // 空闲时音效的音量
  "idleSoundVolume": 0.5
        "category": "crafting",
      "researchCostMultiplier": 0.2,
        "research": {
	"parent":"抽水机"
	"objectives": [
            {
				"type": "SectorComplete",
				"preset": "萃取前哨"
			}
	]
	}
}