{
	"type": "GenericCrafter",
	"name": "废料制造机",
		"updateEffect": "smoke",
	"craftEffect": "steam",
	"description": "将物体变成废料",
	"health": 150,
	"outputItem": { "item": "废料", "amount": 2 },
    "drawer": {
        "type": "DrawMulti",
        "drawers": [
            "DrawDefault",
            {
                "type": "DrawRegion",
                "suffix": "-转",
                "spinSprite": true,
                "rotateSpeed": 4
            },
            {
                "type": "DrawRegion",
                "suffix": "-顶"
            }
        ]
    },
	"itemCapacity": 10,
	"size": 2,
    "hasItems": true,
	"solid": true,
	"outputsLiquid": true,
	"craftTime": 9,
	"consumes": {
	"power":9
		"itemRadioactive": { "minRadioactivity": 0.00 }
		},
	"requirements": [
	{ "item": "钢", "amount": 80 },
	{ "item": "钛", "amount": 20},
	],
	"category": "crafting",
      "researchCostMultiplier": 0.2,
        "research": {
	"parent":"粉碎机"
	"objectives": [
            {
				"type": "SectorComplete",
				"preset": "初次相遇"
			}
	]
	}
}