{
	"name": "提纯工厂",
	"description": "提纯一切",
	"health": 1000,
	"size": 5,
	"hasPower": true,
	"hasItems": true,
	"hasLiquids":true,
	"liquidCapacity":120,
			"drawer":{
        "type":"DrawMulti",
        "drawers":[
            "DrawDefault",
			"DrawFlame"
            ]
    },
	"requirements": [
 	{ "item": "钛钢", "amount": 200 },
 	{ "item": "钢", "amount":200 },
	{ "item": "硅", "amount": 100 }
	{ "item": "铝", "amount": 100 }
	],
	"category": "crafting",
        "research": {
	"parent":"钛钢混合厂"
	"objectives": [
            {
				"type": "SectorComplete",
				"preset": "初次相遇"
			}
	]
	}
}
