{
  // 设备名称
  "name": "极速冷凝弹混合器",
  // 设备类型
  "type": "GenericCrafter",
  // 设备介绍
  "description": "凛冬将至",
  // 物品容量
  "itemCapacity": 20,
  // 能量容量，0为不需要能源
  "powerCapacity": -300,
  // 健康值
  "health": 1000,
  // 大小
  "size": 2,
  // 是否需要能源
  "hasPower": false,
  // 是否需要液体
  "hasLiquids": false.,
  // 是否需要物品
  "hasItems": true,
  // 制造时间，60为1秒
  "craftTime": 90,
  // 更新特效
  "updateEffect": "none",
    // 物品消耗列表
    	"consumes": {
    	"power": 3,
	"liquids":[
    		{"liquid":"液氮","amount":0.1},
    	]
	"items": {
      "items": [
        // 消耗的物品和数量
        { "item": "塑钢", "amount": 4},
        { "item": "冷凝弹", "amount": 1},
      ]
    }
    }
  // 制造的产出物品和数量
  "outputItem": { "item": "极速冷凝弹", "amount": 3 },
  // 制造设备所需的资源列表
  "requirements": [
    { "item": "铝", "amount": 400 }
    { "item": "钛钢", "amount": 50 },
    { "item": "塑钢", "amount": 100 }
  ],
  // 设备分类
  "category": "crafting",
  // 研究条件
  "research": "core-shard",
  // 空闲时的音效
  "idleSound": "respawning",
  // 空闲时音效的音量
  "idleSoundVolume": 0.5
      "category": "crafting",
    "research": "硫化物混合器",
        "research": {
	"parent":"硫化物混合器"
	"objectives": [
            {
				"type": "SectorComplete",
				"preset": "凛冬寒霜"
			}
	]
	}
}