{
  // 设备名称
  "name": "煤炭离心机",
  // 设备类型
  "type": "GenericCrafter",
  // 设备介绍
  "description": "我要煤炭！",
  		"updateEffect": "pulverizeSmall",
  // 物品容量
  "itemCapacity": 50,
  // 能量容量，0为不需要能源
  "powerCapacity": -100,
  // 健康值
  "health": 500,
  // 大小
  "size": 2,
  // 是否需要能源
  "hasPower": false,
  // 是否需要液体
  "hasLiquids": false,
  // 是否需要物品
  "hasItems": true,
  // 制造时间，60为1秒
  "craftTime": 30,
  // 更新特效
  // 消耗的资源
  "consumes": {
    // 能量消耗
    "power": 8.3333333,
    // 物品消耗列表
    "liquids":[
    		{"liquid":"石油","amount":1},
    	]
  },
  // 制造的产出物品和数量
  "outputItem": { "item": "煤炭", "amount": 4 },
  // 制造设备所需的资源列表
  "requirements": [
    { "item": "铜", "amount": 60 }
    { "item": "铅", "amount": 100 },
    { "item": "硅", "amount": 100 },
    { "item": "塑钢", "amount": 20 },
  ],
  // 设备分类
  "category": "crafting",
  // 研究条件
  "research": "core-shard",
  // 空闲时的音效
  "idleSound": "respawning",
  // 空闲时音效的音量
  "idleSoundVolume": 0.5
      "category": "crafting",
      "researchCostMultiplier": 0.2,
        "research": {
	"parent":"粉碎机"
	"objectives": [
            {
				"type": "SectorComplete",
				"preset": "腐蚀泥沼"
			}
	]
	}
}
