{
  // 设备名称
  "name": "相织布编织器",
  // 设备类型
  "type": "GenericCrafter",
  // 设备介绍
  "description": "护盾时代",
  // 物品容量
  "itemCapacity": 50,
  // 能量容量，0为不需要能源
  "powerCapacity": -100,
  // 健康值
  "health": 2400,
  // 大小
  "size": 3,
  // 是否需要能源
  "hasPower": false,
  // 是否需要液体
  "hasLiquids": false,
  // 是否需要物品
  "hasItems": true,
	"drawer": {
		"type": "DrawMulti",
		"drawers": [
			"DrawWeave",
			"DrawDefault",
			{
				"type": "DrawPulseShape",
				"color": "FFD59E",
				"stroke": 1,
				"timeScl": 120,
				"minStroke": 0,
				"layer": 110,
				"square": false
			}
		]
	},
    	"updateEffect": {
		"type": "WaveEffect",
		"sides": 6,
		"lifetime": 60,
		"sizeFrom": 0,
		"sizeTo": 9,
		"strokeFrom": 2,
		"strokeTo": 0,
		"rotation": 90,
		"colorFrom": "FFF1D2",
		"colorTo": "FFD197"
	},
  // 制造时间，60为1秒
  "craftTime": 60,
  // 更新特效
  "updateEffect": "none",
  // 消耗的资源
  "consumes": {
    // 能量消耗
    "power":16.6666667,
    // 物品消耗列表
    "items": {
      "items": [
        // 消耗的物品和数量
        { "item": "钍", "amount": 4 },
          { "item": "沙", "amount": 10 },
      ]
    }
  },
  // 制造的产出物品和数量
  "outputItem": { "item": "相织布", "amount": 1 },
  // 制造设备所需的资源列表
  "requirements": [
    { "item": "铜", "amount": 100 }
    { "item": "石墨", "amount": 40 },
     { "item": "铁", "amount": 10 }
      { "item": "硅", "amount": 40 }
    { "item": "铅", "amount": 80},
  ],
  // 设备分类
  "category": "crafting",
  // 研究条件
  "research": "core-shard",
  // 空闲时的音效
  "idleSound": "respawning",
  // 空闲时音效的音量
  "idleSoundVolume": 0.5
      "category": "crafting",
    "research": {
	"parent":"重型窑炉"
"objectives": [
            {
				"type": "SectorComplete",
				"preset": "微风群岛"
			}
	]
	}
    "researchCostMultiplier": 1
}
