{
	"type": "GenericCrafter",
	"name": " 石墨压缩机",
	"health": 300,
	"description": "石墨快乐屋",
		"updateEffect": "pulverizeSmall",
	"outputItem": { "item": "石墨", "amount": 1 },
	"alwaysUnlocked": false,
	"size": 2,
	"hasPower": false,
	"hasLiquids": false,
	"hasItems": true,
	"craftTime": 90,
	"itemCapacity": 15,
	"consumes": {
    "items": {	 "items": [
    { "item": "煤炭", "amount": 2}
 	]
  } },
"requirements": [
	{ "item": "铅", "amount": 80 },
	{ "item": "铜", "amount": 70 },
	],
	"category": "crafting",
	"research": "初代核心"
	"researchCostMultiplier": 0.2,
	    "canOverdrive": true,
}