{
  // 设备名称
  "name": "铝矿加工厂",
  // 设备类型
  "type": "GenericCrafter",
  // 设备介绍
  "description": "古代哪有这玩意？我去真有而且还自带光刻胶！（作者懒得弄光刻胶了）",
  // 物品容量
  "itemCapacity": 20,
  // 能量容量，0为不需要能源
  "powerCapacity": -100,
  // 健康值
  "health": 600,
  // 大小
  "size": 2,
  // 是否需要能源
  "hasPower": false,
  // 是否需要液体
  "hasLiquids": false,
  // 是否需要物品
  "hasItems": true,
  		"drawer":{
        "type":"DrawMulti",
        "drawers":[
            "DrawDefault",
			"DrawFlame"
            ]
    },
  // 制造时间，60为1秒
  "craftTime": 60,
  // 消耗的资源
  "consumes": {
    // 能量消耗
    "power": 2,
    // 物品消耗列表
    "liquid": 
	{"liquid": "水", "amount": 0.1 } 
	"items": {
      "items": [
        // 消耗的物品和数量
        { "item": "铝矿石", "amount": 1 },
      ]
    }
  },
  // 制造的产出物品和数量
  "outputItem": { "item": "铝", "amount": 1 },
  // 制造设备所需的资源列表
  "requirements": [
    { "item": "铜", "amount": 100 }
    { "item": "铅", "amount": 50 },
        { "item": "铁", "amount": 50 }
        { "item": "硅", "amount": 20 }
  ],
  // 设备分类
  "category": "crafting",
  // 研究条件
  "research": "core-shard",
  // 空闲时的音效
  "idleSound": "respawning",
  // 空闲时音效的音量
  "idleSoundVolume": 0.5
      "category": "crafting",
    "research": "铸铁厂",
        "research": {
	"parent":"铸铁厂"
	"objectives": [
            {
				"type": "SectorComplete",
				"preset": "零号地区"
			}
	]
	}
}