{
  // 设备名称
  "name": "铸铁厂",
  // 设备类型
  "type": "GenericCrafter",
  // 设备介绍
  "description": "铁器时代",
  // 物品容量
  "itemCapacity": 20,
  // 能量容量，0为不需要能源
  "powerCapacity": -100,
  // 健康值
  "health": 200,
  // 大小
  "size": 2,
  // 是否需要能源
  "hasPower": false,
  // 是否需要液体
  "hasLiquids": false,
  // 是否需要物品
  "hasItems": true,
  		"drawer":{
        "type":"DrawMulti",
        "drawers":[
            "DrawDefault",
			"DrawFlame"
            ]
    },
  // 制造时间，60为1秒
  "craftTime": 40,
  // 更新特效
  "updateEffect": "none",
  // 消耗的资源
  "consumes": {
    // 能量消耗
    "power": 2,
    // 物品消耗列表
    "liquid": 
	{"liquid": "水", "amount": 0.1 } 
	"items": {
      "items": [
        // 消耗的物品和数量
        { "item": "焦炭", "amount": 2 },
        { "item": "铁矿石", "amount": 1 }
      ]
    }
  },
  // 制造的产出物品和数量
  "outputItem": { "item": "铁", "amount": 1 },
  // 制造设备所需的资源列表
  "requirements": [
    { "item": "铜", "amount": 50 }
    { "item": "铅", "amount": 20 },
       { "item": "硅", "amount": 20 },
  ],
  // 设备分类
  "category": "crafting",
  // 研究条件
  "research": "core-shard",
  // 空闲时的音效
  "idleSound": "respawning",
  // 空闲时音效的音量
  "idleSoundVolume": 0.5
        "category": "crafting",
      "researchCostMultiplier": 0.2,
        "research": {
	"parent":"硅冶炼厂"
	"objectives": [
            {
				"type": "SectorComplete",
				"preset": "零号地区"
			}
	]
	}
}