{
	"type": "ItemTurret",
	"name": "陨星",
	"health": 17650,
	"size": 5,
	"reload": 980,
	"fogRadiusMultiplier": 0.16,
	"range": 1440,
	"maxAmmo": 20,
	"recoilTime": 180,
	"recoil": 8,
	"canOverdrive": false,
	"cooldownTime": 200,
	"shake": 35,
	"shootSound": "DBZ1",
	"ammoUseEffect": "casing3Double",
	"shootEffect": {
		"type": "WaveEffect",
		"lifetime": 15,
		"sizeFrom": 0,
		"sizeTo": 200,
		"strokeFrom": 3,
		"strokeTo": 0,
		"colorFrom": "FFFFFF",
		"colorTo": "FFFFFF"
	},
	"targetGround": true,
	"targetAir": true,
	"inaccuracy": 20,
	"rotateSpeed": 2,
	"ammoPerShot": 20,
	"ammoTypes": {
		"镄": {
			"type": "BasicBulletType",
			"ammoMultiplier": 1,
			"speed": 25,
			"drag": 0.017,
			"lifetime": 90,
			"width": 23,
			"height": 45,
			"damage": 58200,
			"pierce": true,
			"pierceBuilding": false,
			"trailChance": 1,
			"trailInterval": 24,
			"trailRotation": true,
			"trailEffect": "instTrail",
			"hitSound": "shotgun",
			"shootEffect": {
				"type": "WaveEffect",
				"lifetime": 15,
				"sizeFrom": 0,
				"sizeTo": 200,
				"strokeFrom": 3,
				"strokeTo": 0,
				"colorFrom": "FFFFFF",
				"colorTo": "FFFFFF"
			},
			"smokeEffect": {
				"type": "ParticleEffect",
				"particles": 17,
				"sizeFrom": 11,
				"sizeTo": 0,
				"lifetime": 120,
				"interp": "pow10Out",
				"sizeInterp": "pow3In",
				"baseLength": 0,
				"length": 45,
				"cone": 16,
				"colorFrom": "EEC591A8",
				"colorTo": "FFFFFF80"
			},
			"hitEffect": "instHit",
			"despawnEffect": "none"
		}
	},
	"buildVisibility": "sandboxOnly",
	"category": "turret"
}