{
    "name":"钢化玻璃导管",
    "description": "强大的管道",
    "health":900,
	"size":1,
	"drawLiquidLight":true,
	"targetable":true,
	"hasLiquids":true,
    "liquidCapacity":10,
	"leakResistance":10,
	"floating":true,
    "requirements": [
		{"item": "Al","amount":4},
		{"item": "ghbl","amount":10},
		{"item":"普通科技点","amount":60}
	],
	"category": "liquid",
	"research":{
	"parent":"ghbl-Plant",
    "requirements":[
		{"item": "Al","amount":40},
		{"item": "ghbl","amount":100}
	]}
}