{
	"name":"增强质量驱动",
	"description":"增强版质驱",
	"size":3,
	"health":3000,
	"hasPower":true,
	"hasLiquids":false,
	"hasItems":true,
	"itemCapacity":250,
	"range":580,
	"reloadTime":240,
	"bulletLifetime":300,
	"rotateSpeed":0.04,
	"shootEffect":"shootBig2",
	"smokeEffect":"shootBigSmoke2",
	"receiveEffect":"mineBig",
	"shootSound":"shootBig",
	"consumes":{
		"power":10.0,
	},
	"requirements":[
		{"item":"Fe","amount":500},
		{"item":"Al","amount":250},
		{"item":"Ti+","amount":100},
		{"item":"普通科技点","amount":540}
	],
	"category":"distribution",
	"research":{
	"parent":"Ti+Plant",
    "requirements":[
		{"item":"Fe","amount":5000},
		{"item":"Al","amount":2500},
		{"item":"Ti+","amount":1000}
	]}
}