{
	"type": "SolidPump",//建筑类型
	"name": "大型抽水机",//名称
	"description": "[#FECB6DFF]拥有比普通的抽水机更多的出水量。",//介绍
	"health": 220,//生命值
	"size": 3,//边长大小
	"attribute": "water",
	"result": "water",//泵出的液体
	"pumpAmount": 0.15,//每秒泵送出来的液体量
	"hasPower": true,//可以有电力
	"hasLiquids": true,//可以有液体
	"canOverdrive": true,//是否被超速
	"liquidCapacity": 60,//液体容量
	"rotateSpeed": 1.2,//旋转速度
	"consumes": {//消耗所需条件
		"power": 2.0,//消耗电力 (代码内1等于游戏里*60电力)
	},
	"requirements": [//建造消耗需求
		"copper/54",//铜
		"lead/54",//铅
		"metaglass/60",//钢化玻璃
		"titanium/40",//钛
		"graphite/40"//石墨
	],
	"category": "production",//菜单栏分类
	"research": {//科技树位置研究前置
		"parent": "water-extractor"
		"objectives": [//研究前提条件
			{
				"type": "OnSector",
				"preset": "tarFields"
			}
		]
	}
}