{
	"type": "SolidPump",//建筑类型
	"name": "大型石油钻井",//名称
	"description": "[#FECB6DFF]",//介绍
	"health": 600,//生命值
	"size": 4,//边长大小
	"hasPower": true,//可以有电力
	"hasItems": true,//可以有物品
	"hasLiquids": true,//可以有液体
	"canOverdrive": true,//是否被超速
	"placeableLiquid": false,//可以建造在液体上
	"itemCapacity": 15,//物品容量
	"liquidCapacity": 60,//液体容量
	"rotateSpeed": 1.0,//旋转速度
	"updateEffect": "formsmoke",//生产特效
	//"baseEfficiency": 0.75,
	"attribute": "oil",
	"result": "oil",//泵出的液体
	"pumpAmount": 0.8,//每秒泵送出来的液体量
	"consumes": {//消耗所需条件
		"power": 3.5,//消耗电力 (代码内1等于游戏里*60电力)
		"items": {//物品类型
			"items": [//消耗量 (代码1等于游戏*1物品, 工厂一次消耗多少物品就填写多少数)
				"sand/3"//沙
			]
		},
		"liquid": {//液体类型
			"liquid": "water",//水
			"amount": 0.4//消耗量 (代码内1等于游戏里*60液体)
		}
	},
	"requirements": [//建造消耗需求
		"copper/250",//铜
		"lead/210",//铅
		"thorium/210",//钍
		"titanium/120",//钛
		"silicon/120"//硅
	],
	"category": "production",//菜单栏分类
	"research": {//科技树位置研究前置
		"parent": "oil-extractor"
		"objectives": [//研究前提条件
			{
				"type": "SectorComplete",
				"preset": "tarFields"
			}
		]
	}
}