{
	"type": "Drill",//建筑类型
	"name": "强化机械钻头",//名称
	"description": "[#FECB6DFF]加强版的机械钻头，比普通的机械钻头挖得更快。",//介绍
	"health": 180,//生命值
	"size": 2,//边长大小
	"tier": 2.5,//挖掘等级
	"hasItems": true,//可以有物品
	"hasLiquids": true,//可以有液体
	"canOverdrive": true,//是否被超速
	"itemCapacity": 15,//物品容量
	"liquidCapacity": 5,//液体容量
	"liquidBoostIntensity": 1.2,//液体给予的增幅强度
	"hardnessDrillMultiplier": 45,//钻头硬度倍率 (数字的变化会让钻头能挖掘的每种矿物数量都不一样, 数值越高级别较高的矿物会挖得越少, 相反则会更多)
	"buildCostMultiplier": 1.5,//建筑构造时间花费倍率
	"researchCostMultiplier": 1.5,//科技树研究费用倍率
	"warmupSpeed": 0.1,//升温速度 (数字越小, 启动越慢)
	"rotateSpeed": 2.5,//旋转速度
	"drillTime": 300,//挖掘时间 (游戏内为基础钻探速度, 数值越高挖的越慢)
	"drillEffect": "mineHuge",//钻头特效
	"updateEffect": "mineBig",//生产特效
	"drawRim": true,//钻头开采时会出现的高亮显示的区域
	"drawMineItem": true,//钻头开采时绘制top显示的矿物
	"consumes": {//消耗所需条件
		"liquid": {//液体类型
			"liquid": "water",//水
			"amount": 0.05,//消耗量 (代码内1等于游戏里*60液体)
			"booster": true,//没有液体也会工作
			"optional": true//可以额外强化
		}
	},
	"requirements": [//建造消耗需求
		"copper/8",//铜
		"lead/8",//铅
		"graphite/2"//石墨
	],
	"category": "production",//菜单栏分类
	"research": "pneumatic-drill"//科技树位置研究前置
}