{
	"type": "SolidPump",//建筑类型
	"name": "矿渣汲取器",//名称
	"description": "[#FECB6DFF]",//介绍
	"health": 260,//生命值
	"size": 3,//边长大小
	"attribute": "slag",
	"result": "slag",//泵出的液体
	"pumpAmount": 0.8,//每秒泵送出来的液体量
	"hasPower": true,//可以有电力
	"hasLiquids": true,//可以有液体
	"canOverdrive": true,//是否被超速
	"liquidCapacity": 80,//液体容量
	"rotateSpeed": 1.2,//旋转速度
	"updateEffect": "smeltsmoke",//生产特效
	"consumes": {//消耗所需条件
		"power": 1.8,//消耗电力 (代码内1等于游戏里*60电力)
	},
	"requirements": [//建造消耗需求
		"copper/30",//铜
		"lead/30",//铅
		"metaglass/40",//钢化玻璃
		"titanium/35",//钛
		"graphite/25"//石墨
	],
	"category": "production",//菜单栏分类
	"research": {//科技树位置研究前置
		"parent": "laser-drill"
		"objectives": [//研究前提条件
			{
				"type": "OnSector",
				"preset": "windsweptIslands"
			},
			{
				"type": "OnSector",
				"preset": "stainedMountains"
			}
		]
	}
}