{
"type":"flying",
//"template":"MissileUnitType",
"name":"破空原核",
"speed":0
//"lifetime":300
"rotateSpeed":0
"loopSoundVolume":0.03,
"hidden":false,
//"missileAccelTime":30,
//"homingDelay":0
"hitSize":28
"health":50000
"fogRadius":8
"engineColor":"99ceff",
"engineLayer":0
"engineOffset":0
"engineSize":5
"maxRange":50000
"weapons":[
{
"name":"黑洞",
"x":0
"reload":300
"mirror":false
"rotate":true,
"shake":20
"shootSound":"cannon"
"shootOnDeath":true,
"shootCone":360
"minWarmup":0.86,
"warmupMaintainTime":5000
"shootWarmupSpeed":0.01
"shootEffect":{
"type":"MultiEffect",
"effects":[
{
"type":"ParticleEffect",
"particles":1
"line":true,
"strokeFrom":28
"strokeTo":20
"lenFrom":1200
"lenTo":1200
"interp":"pow10Out"
"length":1200
"baseLength":-1200
"lifetime":62
"colorFrom":"99ecff",
"colorTo":"99e0ff00",
"cone":0
},
]
}
"parts":[
{
"type":"RegionPart",
"mirror":false
"x":0
"y":0,
"suffix":"-1",
"progress":"reload",
"moveX":4//改变位置
"moveY":4
"under":true
}
{
"type":"RegionPart",
"mirror":false
"x":0
"y":0,
"suffix":"-2",
"progress":"reload",
"moveX":-4//改变位置
"moveY":4
"under":true
}
{
"type":"RegionPart",
"mirror":false
"x":0
"y":0,
"suffix":"-3",
"progress":"reload",
"moveX":4//改变位置
"moveY":-4
"under":true
}
{
"type":"RegionPart",
"mirror":false
"x":0
"y":0,
"suffix":"-4",
"progress":"reload",
"moveX":-4//改变位置
"moveY":-4
"under":true
}
]
"chargeEffect":{
"type":"MultiEffect",
"effects":[
{
"type":"ParticleEffect"
"particles":1
"interp":"pow10Out"
"sizeInterp":"pow5In"
"sizeFrom":8
"sizeTo":0
"lenFrom":0
"lenTo":0
"length":0
"baseLength":0
"randLength":false
"lifetime":180
"colorFrom":"c0ecff"
"colorTo":"99ecff"
}
{
"type":"WaveEffect",
"lifetime":180
"sizeFrom":80
"sizeTo":0
"strokeFrom":0
"strokeTo":8
"startDelay":0
"colorFrom":"99ecff",
"colorTo":"ffffff00"
}
]
}
"bullet":{
"spawnUnit":"破空"
"killShooter":true,
}
}
]
}