{
	"type": "missile",
	"template": "MissileUnitType",
	"speed": 0,
	"lifetime":320
	"missileAccelTime": 30,
	"homingDelay":30
	"maxRange":160
	"name": "近卫",
	"speed":0
	"darge":1
	"rotateSpeed": 0
	"logicControllable": false,
	"playerControllable": false,
	"useUnitCap": false,
	"isEnemy": false,
	"physics": false,
	"allowedInPayloads": false,
	"hidden": true,
	"targetGround":true
	"targetAir":true
		"immunities": [
		"burning","freezing","melting",
		"disarmed","sapped","slow",
		"tarred","unmoving","辅助"
		"全面强化","短路","不稳定态"
		"熔断","融熔","崩坏","紊乱",
		"极寒","净化","wet","裂相"
		"spore-slowed","corroded",
	],
	"abilities": [
	    {
			"type":"ShieldArcAbility",
			"radius":22
			"width":6
			"max":100
			"regen":2
			"cooldown":0
			"angle":60
			"whenShooting": false
		}
		{
			"type": "ShieldArcAbility",
			"radius": 22
			"width": 6,
			"max": 100
			"regen": 2
			"cooldown":0
			"angle":60
			"angleOffset":120
			"whenShooting": false
		}
		{
			"type": "ShieldArcAbility",
			"radius": 22
			"width": 6,
			"max": 100
			"regen": 2
			"cooldown":0
			"angle":60
			"angleOffset":-120
			"whenShooting": false
		},
	],
	"ammoCapacity": 30,
	"hitSize": 16
	"flying": true,
	"faceTarget": false,
	"health":800000000
	"engineOffset": 0,
	"engineSize": 0,
    "weapons":[
    	{
			"name": "近卫1",
			"type": "RepairBeamWeapon",
			"x": 0,
			"y": 0
			"shootY":0
			"beamWidth":1
			"mirror":false
			"repairSpeed":6
			"bullet": {
				"maxRange":160
			}
			}
    {
			"name": "近卫2",
			"reload":40
			"shake": 2
			"recoil": 5
			"x":0
			"y":0
			"top":false
			"shoot": {
		    "shots": 4
	    	"shotDelay":8
	        }
			"shootX": 0
			"shootY":0
			"rotate":true
			"top": false,
			"inaccuracy":3
			"shootSound": "shootBig",
			"alternate": true,
			"ejectEffect": "casing4",
			"shootStatus":"blasted"
			"shootCone":2
			"bullet": {
				"damage":72
				"pierce": true
				"pierceArmor": true,
				"speed":8
				"lifetime":20
				"backColor": "eec591",
				"frontColor": "ffffff",
				"width":8
				"height":12
		    }  
        }
    ]
}