{
	"type": "missile",
	"template": "MissileUnitType",
	"name": "青空导弹",
	"speed":16.25
	"lifetime":122
	"rotateSpeed":5
	"loopSoundVolume": 0.03,
	"hidden": true,
	"missileAccelTime": 30,
	"homingDelay":20
	"hitSize":10
	"health":28888
	"fogRadius":8
	"engineColor": "99ceff",
	"engineLayer": 108
	"engineOffset":8
	"engineSize":2.5
	"maxRange":50
	"abilities": [
		{
			"type": "MoveEffectAbility",
			"effect": {
				"type": "ParticleEffect",
				"particles": 1
				"sizeFrom":6
				"sizeTo": 0,
			    "interp":"pow5Out",
				"sizeInterp":"pow10In",
				"length":82
				"baseLength": 2,
				"lifetime": 93
				"colorFrom": "99ceff99",
				"colorTo": "cbcbcb20",
				"cone": 30
			}
			"interval":0.3
			"rotateEffect": true,
			"y": -17.5
		}
	]
	"weapons": [
		{
			"name": "爆",
			"x": 0
			"reload":10
			"mirror": true
			"rotate": true,
			"shake":20
			"shootSound": "boom"
			"shootOnDeath": true,
			"shootCone": 360
			"bullet": {
				"collides":false,
				"instantDisappear": true,
				"ammoMultiplier":1
				"hitSound": "largeCannon",
				"killShooter": true,
				"splashDamageRadius":210
				"splashDamage":4250
				"priceArmor":true
				"status":"裂相"
				"statusDuration":100
				"hitShake":20
				"shootEffect": "none",
				"smokeEffect": "none",
				"despawnEffect": "none",
				"hitColor":"99ceff",
				"hitEffect": {
					"type": "MultiEffect",
					"effects": [
						"titanExplosion",
						"titanSmoke",
						{
							"type": "WaveEffect",
							"lifetime": 42
							"sizeFrom": 3
							"sizeTo": 200
							"strokeFrom": 16
							"strokeTo": 0,
							"colorFrom": "99ceff",
							"colorTo": "99e0ff00"
						}
						{
							"type": "WaveEffect",
							"lifetime": 48
							"sizeFrom": 3
							"sizeTo": 256
							"layer":50
							"strokeFrom": 5
							"strokeTo": 18,
							"colorFrom": "ffffff80",
							"colorTo": "ffffff00"
						}
						{
							"type": "ParticleEffect",
				            "particles": 18
				            "sizeFrom":4
				            "sizeTo": 0,
				             "interp":"pow5Out",
				             "sizeInterp":"pow10In",
		               		 "length":220
				             "baseLength": 2,
				             "lifetime":126
				             "colorFrom": "99ceff",
				             "colorTo": "99ecff00",
			            }
			            {
							"type": "ParticleEffect",
				            "particles":1
				            "sizeFrom":200
				            "sizeTo":0
		               		 "length":0
				             "baseLength":0
				             "lifetime":15
				             "colorFrom": "99ceff80",
				             "colorTo": "99ecff00",
			            }
					]
				}
			"fragBullets":1
			"fragBullet": {
			"speed":0
			"lifetime":0
			"width":0
			"height":0
			"knockback":22
			"splashDamageRadius":188
			"splashDamage":508.75
			"status":"崩坏"
			"statusDuration":120
			"hitEffect":{
					"type": "WaveEffect",
					"lifetime":18
					"sizeFrom":5
					"sizeTo":142
					"strokeFrom":6
					"strokeTo": 0,
					"colorFrom": "99ecff",
					"colorTo": "99e0ff00"
				}
			"fragBullets":1
			"fragBullet": {
			"speed":0
			"lifetime":0
			"width":0
			"height":0
			"knockback":12
			"splashDamageRadius":260
			"splashDamage":335.25
			"status":"融熔"
			"statusDuration":80
			"hitEffect":{
					"type": "WaveEffect",
					"lifetime":26
					"sizeFrom":5
					"sizeTo":188
					"strokeFrom":6
					"strokeTo": 10,
					"colorFrom": "99ecff",
					"colorTo": "99e0ff00"
				}
			}
			}
			}
		}
	]
}