{
    "type": "ConsumeGenerator",
	"name": "燃油发电机",
	"description": "输入油进行发电",
	"health": 320,
	"size": 3,
	"buildCostMultiplier":1,
	"hasPower": true,
	"hasLiquids": true,
	"hasItems": false,
	"squareSprite": false,
	"generateEffect": "smeltsmoke",
    "squareSprite":"false"
    "drawer": {
        "type": "DrawMulti",
        "drawers": [
            "DrawDefault",
            {
                "type": "DrawRegion",
                "suffix": "-转0",
                "rotateSpeed":12,
                "rotation":0
            },
            "DrawWarmupRegion",
            {"type": "DrawLiquidRegion",
            "drawLiquid": "oil"}
        ]
    },
	"consumes": {
		"liquid": {
			"liquid": "oil",
			"amount": 0.1
		}
	},
    "requirements": [
   	{ "item": "幻钢", "amount":40},
   	{ "item": "titanium", "amount":20},
   	{ "item": "silicon", "amount": 80 }
	],
	"category": "power",
	"research": "幻钢节点",
	"itemCapacity":0, //物品容量
	"liquidCapacity":20, //液体容量
	"itemDuration": 90,//生产时间
	"powerProduction": 8, //输出电量
	
}