{
    "type": "ConsumeGenerator",
    "name": "超速涡轮发电机",
    "description": "以超高速度旋转，发电量巨大",
    "size": 2,
    "health": 800,
    "hasLiquids": true,
    "hasItems": true,
    "itemDuration": 60,
    "powerProduction": 32,
    "itemCapacity": 20,
    "liquidCapacity": 100,
    "drawer": {
        "type": "DrawMulti",
        "drawers": [
            "DrawDefault",
            {
                "type": "DrawRegion",
                "suffix": "-转0",
                "rotateSpeed":32,
                "rotation":0
            },
            {
                "type": "DrawRegion",
                "suffix": "-转1",
                "rotateSpeed":-32,
                "rotation":0
            },
            "DrawWarmupRegion",
            {"type": "DrawLiquidRegion",
            "drawLiquid": "water"}
        ]
    },
    "generateEffect": "generatespark",
    "consumes": {
        "itemFlammable":{},
        "liquid": "water/0.32"
    },
    "requirements": [
        {
            "item": "幻钛钢",
            "amount": 80
        },
        {
            "item": "有机玻璃",
            "amount": 40
        },
        {
            "item": "玄晶",
            "amount": 20
        },
        {
            "item": "silicon",
            "amount": 120
        },
        {
            "item": "玄钢",
            "amount": 40
        }
    ],
    "ambientSound": "smelter",
    "ambientSoundVolume": 0.1,
    "category": "power",
    "research": "幻钛钢节点"
}