{
    // === 单位基础属性 ===
    "type": "flying",
    "name": "裂阳",                      // 单位显示名称
    "description": "",          // 单位描述文
    "ammoCapacity": 30,                  // 弹药容量（需消耗弹药类物品）
    "ammoResupplyAmount": 5,             // 每次弹药补充量
    "speed": 0.5,                          // 移动速度（格/秒）
    "accel":0.07,        //加速度
    "drag": 0.02,                        // 移动阻力
    "flying": true,                      // 是否为飞行单位（无视地形）
    "turnCursor":  true,                 // 是否始终朝向鼠标（false=按移动方向转向）
    "engineOffset": 0,                   // 引擎粒子发射器偏移量（尾部距离）
    "engineSize": 0,                     // 引擎粒子大小
    "hitSize": 85,                        // 单位碰撞体积（直径）
    "targetAir": true,                   // 能否攻击空中单位
    "targetGround": true,                // 能否攻击地面单位
    "health": 38500,                       // 基础生命值
    "armor": 28,                          // 护甲值（减伤用）
    "rotateSpeed": 0.7,                   // 转向速度（度/帧）
    "itemCapacity": 280,                  // 物品携带容量（格）
    "commandLimit": 0,                   // 最大指令队列（0=无限制）
    "rotateShooting": true,              // 是否朝向射击目标
"targetGround": true,//攻击地面
			"targetAir": true,//攻击天空
			"hitBuildings": true,//攻击建筑
			"hitUnits": true,//攻击单位
    "lowAltitude": true,                 // 是否低空飞行
  "engines": [
    {
      "x": 0,
      "y": -48,
      "radius": 8,
      "rotation": -90
    },
    
    {
      "x": 16.5,
      "y": -46.5,
      "radius": 4.5,
      "rotation": -90
    },
    {
    "x": -16.5,        // 圆心的x
    "y": -46.5,       // 圆心的 y
    "radius": 4.5,    // 圆的半径 
    "rotation": -90 // 旋转角度
    }
  ]
    "weapons": [
        // 主武器
        {
            "mirror": false,  // 不镜像
            "top": true,  // 位于单位顶部
            "rotate": true,  // 是否可以旋转
            "rotationLimit": 30,//旋转最大角度
            "rotateSpeed": 1.5,//旋转速度
            "x": 0,  // X轴位置
            "y": 0,  // Y轴位置
            "shootY": 5,  // 射击Y偏移
            "reload": 50,  // 装弹时间
            "recoil": 1.6,  // 后坐力
            "inaccuracy": 0.8,  // 射击散布
            "layer": 50,  // 渲染层级
            "bullet": {
                "type": "BasicBulletType",
                "recoil": 1.7,             // 子弹后坐力
                "width": 7.5,  // 子弹宽度
                "height": 9.5,  // 子弹高度
                "damage": 30,  // 伤害值
                "speed": 4.5,  // 子弹速度
                "lifetime": 38,  // 存在时间
                "frontColor": "FFD8A9FF",  // 弹头颜色
                "backColor": "FFDA95FF"  // 弹尾颜色
                "trailLength": 5,            // 拖尾长度
                "trailWidth": 2,             // 拖尾宽度
                "trailColor": "FFD8A9FF",      // 拖尾颜色
            }
                "smokeEffect":"shootBigSmoke",
                "hitEffect": "hitBulletColor",  //命中效果
                "despawnEffect": "hitBulletColor",  //消失效果
    },
    ]
}