{
    "type": "ItemTurret",  // 定义这是一个物品型炮塔
    "name": "炉心",  // 炮塔名称
    "description":"骗你的其实是测试动画",
    "health": 450,  // 生命值
    "size": 4,  // 占用2x2格
    "range": 70,  // 射程210
    "reload": 40,  // 装填时间40帧
    "maxAmmo": 25,  // 最大弹药容量
    "shoot": {  // 射击参数
        "shots": 15,  // 每次射击
        "shotDelay": 2  // 每发间隔3帧
    },
    "ammoPerShot": 0.5,  // 每次射击基础消耗1弹药
    "targetGround": true,  // 可攻击地面目标
    "targetAir": true,  // 可攻击空中目标
    "inaccuracy": 1.5,  // 散布
    "shootSound": "flame",  // 射击音效
    "shootY": 3.3,//位置偏移  参考撕裂
    "ammoTypes": {  // 三种弹药配置
        "copper": {  // 铜弹
                "type": "BulletType",
                "lifetime": 8,       // 子弹存在时间（秒）
                "speed": 8,           // 子弹飞行速度
                "damage": 20,         // 单发伤害
                "incendAmount": 8,    // 点燃敌方单位的燃烧层数
                "incendSpread": 1,    // 火焰扩散范围
                "incendChance": 0.45,  // 点燃概率（45%）
                "pierce": true,       // 是否穿透敌人
                "makeFire": true,     // 是否在地面生成火焰
                "status": "burning",  // 附加状态（燃烧）
                "statusDuration": 420, // 状态持续时间（帧）
                "shootEffect": "shootPyraFlame",  // 射击特效
                "despawnEffect": "none" // 子弹消失特效
        },
    },
    "rotateSpeed": 5,  // 炮塔旋转速度
    "requirements": [  // 建造所需材料
    ],
    "category": "turret",  // 分类为炮塔
    "drawer": {  // 复杂绘制配置
        "type": "DrawMulti",  // 复合绘制器
        "drawers": [
            {
                "type": "DrawTurret",
                "parts": [
                    {
                        "type": "RegionPart",  // 副炮部分
                        "mirror": true,  // 镜像渲染
                        "x": 0,
                        "y": 0,
                        "suffix": "-2",  // 使用-2后缀的纹理
                        "moveX": 2.5,  // X轴偏移
                        "moveY": -3.5,
                        "moveRot": 0,  // 旋转偏移
                        "layer": 49.9,
                    },
                    {
                        "type": "RegionPart",  // 副炮部分
                        "mirror": true,  // 镜像渲染
                        "x": 0,
                        "y": 0,
                        "suffix": "-1",  // 使用-2后缀的纹理
                        "moveX": 4,  // X轴偏移
                        "moveY": -2.5,
                        "moveRot": 0,  // 旋转偏移
                        "layer": 49.9,
                    }
                ]
            }
        ]
    }
}
    