{
    "type":"BeamDrill",
    "name":"沙璃墙钻",
	"description":"沙璃出品又硬又好",
	"details":"沙璃科技公司",
	"size":2,
	"health":1500,
	"tier":10,
	"drillTime":60,
	"range":210,//激光可穿过战争迷雾距离
	"fogRadius":1,//探战争迷雾的视野距离
	"optionalBoostIntensity":2.5,
	"consumes": {
	"power":0.2,  
	"liquid":{
       "liquid":"water",
       "amount": 0.0333333333333,
       "booster": true,
       "optional": true,
    }
	}
	"requirements":[
                "沙璃/20",
    ]
	"itemCapacity":20,
	"liquidCapacity":10,
	"research": 
    {"parent":"plasma-bore",
    "requirements":[
                "沙璃/1500",
    ]   
    }
    "hasItems": true,
    "hasLiquids": true,
    "category":"production",
    "buildVisibility":"shown",
    "planet": "erekir",//所属星球
}
//