{
	"type": "ItemTurret",
	"name": "不祥",
	"description": "狙击轨道炮，精准打击伤害高
    	(贴图by Mr.世纪灯泡)",
	"health": 2460,
	"size": 3,
	"reload":1600,
	"range": 350
		"maxAmmo":175,
    "ammoPerShot": 5,
	"consumes": {
	"power": 16,
	"coolant":{"amount":2.1,"optional":true}  
		},
	"shoot":{
		"shots":1
	    "shotDelay":50,
		"type":"ShootAlternate",
		"shootY":3,
	},
	"recoil":3,
    "recoilTime": 30
		"shootSound":"bolt",
	"ammoUseEffect": "casing2Double",
	"inaccuracy": 0,
	"rotateSpeed": 4,
	"shake":1,
	"ammoTypes": {
			"钨":{
			"sprite":"无尽奇点-尖刺",
	    "speed": 50  
	    "lifetime":7
		"width": 18,"height": 18,
		"shootEffect": "shootSmall",
		"pierceArmor": true,
			"ammoMultiplier":1,
			"status": "脆裂",
			"statusDuration": 240,
		"damage":646,
        "ammoMultiplier":1,
        "fragLifeMin":0.1,
        "backColor":"A0B0C9",
        			"frontColor":"A0B0C9"
        			"trailLength":12
        "trailWidth":1.5,
    "trailColor":"A0B0C9",
    "collidesAir": true
    "collidesGround": true,
			}
			"钍":{
			"sprite":"无尽奇点-尖刺",
	    "reloadMultiplier":1.3,
	    "collidesAir": true
    "collidesGround": true,
	    "speed": 50
	    "lifetime":10
		"width": 20,"height": 20,
		"rangeChange": 150
		"shootEffect": "shootSmall",
			"ammoMultiplier":2,
			"status": "破甲",
			"statusDuration": 300
		"damage":1362,
        "ammoMultiplier":2
        "fragLifeMin":0.1,
        "backColor":"F9A3C6",
        			"frontColor":"F9A3C6"
        			"trailLength":18
        "trailWidth":3,
    "trailColor":"F9A3C6",}
    "碳化钨":{
    "collidesAir": true
    "collidesGround": true,
	    "sprite":"无尽奇点-尖刺",
	    "speed": 50
	    "lifetime":7
		"width": 24,"height": 24
		"shootEffect": "shootSmall",
		"pierceArmor": true,
			"ammoMultiplier":1,
			"status": "破甲",
			"statusDuration": 240,
        "ammoMultiplier":1,
        "fragLifeMin":0.1,
        "backColor":"89769a",
        			"frontColor":"89769a"
        			"trailLength":12
        "trailWidth":1.5,
    "trailColor":"89769a",
    "splashDamageRadius": 26
				"splashDamage": 372,
				"damage":646,
			}
			}
	"requirements": [
{ "item": "钍", "amount": 165 }
{ "item": "钛", "amount": 250 }
{ "item": "碳化钨", "amount": 120 }
{ "item": "碳钢", "amount": 285 }
{ "item": "铍", "amount": 285 }
{ "item": "钨", "amount": 385 }
	],
	"category": "turret",
	"research": {
        "parent": "革新",
        "objectives": [
           "浪涌" 
        ]
    }
	    "researchCostMultiplier": 0.1
	        "canOverdrive": false
}