{
	"type": "ItemTurret",
	"name": "恶兆",
	"description": "大型狙击轨道炮，精准打击伤害高，合金作为子弹时有闪电溅射
    	(贴图by Mr.世纪灯泡)",
	"health": 4860,
	"size": 4,
	"reload":1600,
	"range": 540
		"maxAmmo":175,
    "ammoPerShot": 5,
	"consumes": {
	"power": 16,
	"coolant":{"amount":4,"optional":true}  
		},
	"shoot":{
		"shots":1
	    "shotDelay":50,
		"type":"ShootAlternate",
		"shootY":3,
	},
	"recoil":3,
    "recoilTime": 60
		"shootSound":"missileLarge",
	"ammoUseEffect": "casing2Double",
	"inaccuracy": 0,
	"rotateSpeed": 4,
	"shake":1,
	"ammoTypes": {
    "碳化钨":{
    "hitEffect": "instHit",
			"smokeEffect": "smokeCloud",
    "collidesAir": true
    "collidesGround": true,
	    "sprite":"无尽奇点-尖刺",
	    "speed": 60
	    "lifetime":9
		"width": 24,"height": 24
		"shootEffect": "shootSmall",
		"pierceArmor": true,
			"ammoMultiplier":1,
			"status": "破甲",
			"statusDuration": 240,
        "ammoMultiplier":1,
        "fragLifeMin":0.1,
        "backColor":"ffffff",
        			"frontColor":"ffffff"
        			"trailLength":69
        "trailWidth":6
    "trailColor":"ffffff",
				"damage":1656,
			}
			"巨浪合金":{
			"hitEffect": "instHit",
			"smokeEffect": "smokeCloud",
    "collidesAir": true
    "collidesGround": true,
	    "sprite":"无尽奇点-尖刺",
	    "rangeChange": 60
	    "speed": 60
	    "lifetime":10
		"width": 26,"height": 26
		"shootEffect": "shootSmall",
		"pierceArmor": true,
			"ammoMultiplier":1,
			"status": "破甲",
			"statusDuration": 240,
        "ammoMultiplier":1,
        "fragLifeMin":0.1,
        "backColor":"FFF4BE",
        			"frontColor":"FFF4BE"
        			"trailLength":60
        "trailWidth":9
    "trailColor":"FFF4BE",
    "splashDamageRadius": 26
				"splashDamage": 372,
				"damage":646,
				"fragBullets": 3,
			"fragBullet": {
			"speed": 3,  
	    "lifetime":10,
		"width": 8,"height": 8,
		"damage":6
		"shootEffect": "shootSmall",
		"splashDamageRadius":20,
		"splashDamage":22,
        "ammoMultiplier":4,
        "backColor": "FFFFFFFF",
				"frontColor": "FFFFFFFF",
        "fragLifeMin":0.1,
            "lightningDamage":23,
            "lightningColor": "FFFFFFFF",
    "lightning":3
    "lightningLength":5
    "fragBullets": 3,
       },
			}
			}
	"requirements": [
{ "item": "钍", "amount": 565 }
{ "item": "巨浪合金", "amount": 250 }
{ "item": "碳化钨", "amount": 100 }
{ "item": "波动合金", "amount": 360 }
{ "item": "铍", "amount": 285 }
{ "item": "钨", "amount": 385 }
	],
	"category": "turret",
	"research": {
	"parent":"不祥"
	"objectives": [
            {
				"type": "OnSector",
				"preset": "冲击区0078"
			}
	]
	}
	    "researchCostMultiplier": 1
	        "canOverdrive": false
}