{
	"type": "ItemTurret",
	"name": "散播",
	"description": "超级霰弹枪，扩散范围广，贯穿前方敌人，可以对空
	
	(贴图by Mr.世纪灯泡)",
	"health": 1620,
	"size": 3,
	"reload":90,
	"range": 150
	"accurateDelay":true,
		"targetGround": true,
	"targetAir": true,
	"moveWhileCharging": false,
	"recoil":6,
    "recoilTime": 90,//后坐力恢复时间
	"drawer": {
    "type": "DrawMulti",
    "drawers": [
    {"type": "DrawTurret",
    "parts": [
    {"type": "RegionPart",
        "mirror": false,
        "x": 0,
        "y": 0,
        "suffix": "3",
        "layer": 50,
        "moveX": 0,
        "moveY": 9
        }
        {"type": "RegionPart",
        "mirror": true,
        "x": 0,
        "y": 0,
        "suffix": "2",
        "layer": 50,
        "moveX": -3
        "moveY": 0
        }
    {"type": "RegionPart",
        "mirror": true,
        "x": 0,
        "y": 0,
        "suffix": "1",
        "layer": 50,
        "moveX": 5,
        "moveY": -6
        }          
        {"type": "RegionPart",
        "mirror": true,
        "x": 0,
        "y": 0,
        "suffix": "4",
        "layer": 50,
        "moveX": -2,
        "moveY": 8
        }         
        {"type": "RegionPart",
        "mirror": true,
        "x": 0,
        "y": 0,
        "suffix": "5",
        "layer": 50,
        "moveX": 5,
        "moveY": 0
        }        
    ]}
    ]},
	"consumes": {
	"coolant":{"amount":1.2,"optional":true}  
		},
	"shoot":{
		"shots":7
	    "shotDelay":0,
	},
		"ammoTypes": {
			"铍":{
	    "reloadMultiplier":0.6,
	    "speed": 5,  
	    "lifetime":30,
		"width": 12,"height": 18,
		"shootEffect": "shootSmall",
		"pierceArmor": true,
			"ammoMultiplier":1,
			"status": "脆裂",
			"statusDuration": 130,
			"pierceBuilding": true,
		"damage":69
		"pierceCap": 3,
        "ammoMultiplier":1,
        "knockback":0.1
        "fragLifeMin":0.1,
        "backColor":"3a8f64",
        			"frontColor":"3a8f64"
        			"trailLength":8
        "trailWidth":1.5,
    "trailColor":"3a8f64",
			}
			"钨":{
	    "reloadMultiplier":0.9,
	    "speed": 5,  
	    "lifetime":30,
		"width": 12,"height": 18,
		"shootEffect": "shootSmall",
		"pierceArmor": true,
			"ammoMultiplier":1,
			"status": "脆裂",
			"pierceCap": 4
			"statusDuration": 130,
			"pierceBuilding": true,
		"damage":99
        "ammoMultiplier":1,
        "fragLifeMin":0.1,
        "knockback":0.1
        "backColor":"A0B0C9",
        			"frontColor":"A0B0C9"
        			"trailLength":8
        "trailWidth":1.5,
    "trailColor":"A0B0C9",
			}
			"钍":{
	    "reloadMultiplier":1.3,
	    "speed": 5,  
	    "lifetime":35,
		"width": 14,"height": 20,
		"rangeChange": 25
		"shootEffect": "shootSmall",
		"pierceArmor": true,
			"ammoMultiplier":2,
			"status": "破甲",
			"statusDuration": 130,
			"pierceBuilding": true,
			"knockback":0.2,
		"damage":135
        "ammoMultiplier":2
        "pierceCap": 5
        "fragLifeMin":0.1,
        "backColor":"F9A3C6",
        			"frontColor":"F9A3C6"
        			"trailLength":9
        "trailWidth":1.5,
    "trailColor":"F9A3C6",
			}
			"爆炸混合物":{
	    "reloadMultiplier":1.3
	   "speed": 5,  
	    "lifetime":30,
		"width": 12,"height": 18,
		"shootEffect": "shootSmall",
		"pierceArmor": true,
			"ammoMultiplier":2,
			"status": "破甲",
			"splashDamageRadius":11,
		"splashDamage":66
			"statusDuration": 130,
		"damage":31,
        "ammoMultiplier":1,
        "fragLifeMin":0.1,
        "knockback":0.2,
        "backColor":"FFAA5F",
        			"frontColor":"FFAA5F"
        			"trailLength":8
        "trailWidth":1.5,
    "trailColor":"FFAA5F",
			}
	}, 
	"shootSound":"missileSmall",
	"shootEffect":"steam",
	"smokeEffect": "steam",
	"inaccuracy": 15
	"rotateSpeed": 4,
	"shake":1, 
	"requirements": [
	{ "item": "碳钢", "amount": 125 }
{ "item": "铍", "amount": 175 }
{ "item": "波动合金", "amount": 165 }
{ "item": "硅晶玻璃", "amount": 95 }
{ "item": "钍", "amount": 95 }
	],
	"category": "turret",
		"research": {
        "parent": "革新",
        "objectives": [
           "炸雷" 
        ]
    }
	    "researchCostMultiplier": 1,
	        "canOverdrive": false,
}