{
	"type": "ItemTurret",
	"name": "猎空",
	"description": "发射多枚子母弹，子弹会自动飘浮到空中攻击空中单位，需要一定强大的后勤
	   
    	(贴图by Mr.世纪灯泡)",
	"health": 2460,
	"size": 3,
	"reload":160,
	"range": 300,
		"maxAmmo":175,
    "ammoPerShot": 5,
	"consumes": {
	"coolant":{"amount":1.4,"optional":true}  
		},
	"shoot":{
		"shots":4,
	    "shotDelay":40,
		"type":"ShootAlternate",
		"shootY":3,
		"barrels":2,
		"spread":8
	},
	"ammoUseEffect": "casing2Double",
	"inaccuracy": 4
	"rotateSpeed": 4,
	"shake":1,
	"ammoTypes": {
			"铍":{
	    "reloadMultiplier":0.3,
	    "speed": 6,  
	    "lifetime":50,
		"width": 12,"height": 18,
		"damage":9
		"shootEffect": "shootSmall",
		"splashDamageRadius":15,
		"splashDamage":53,
        "ammoMultiplier":1,
        "fragLifeMin":0.1,
        "backColor":"3a8f64",
        			"frontColor":"3a8f64"
        			"trailLength":8
        "trailWidth":1.5,
    "trailColor":"3a8f64",
			"fragBullets": 3,
			"fragBullet": {
				"despawnEffect": "flakExplosionBig",
				"width": 12,
				"height": 12,
				"backColor": "3a8f64",
				"frontColor": "3a8f64",
				"damage": 0
				"lifetime": 20,
				"speed": 1.5
			"fragBullets": 1,
			"collidesAir": false
        "collidesGround": false
			"fragBullet": {
				"despawnEffect": "flakExplosionBig",
				"width": 12,
				"height": 12,
				"backColor": "3a8f64",
				"frontColor": "3a8f64",
				"damage": 11,
				"splashDamageRadius": 20,
				"splashDamage": 66,
				"lifetime": 120,
				"speed": 0
			}}}
        "硅晶玻璃":{
	    "reloadMultiplier":1.2,
	    "speed": 10,  
	    "lifetime":41,
		"width": 12,"height": 18,
		"damage":6
		"rangeChange": 100
		"shootEffect": "shootSmall",
		"splashDamageRadius":25,
		"splashDamage":42,
        "ammoMultiplier":5,
        "fragLifeMin":0.1,
        "backColor":"ffffffff",
			"frontColor":"ffffffff"
			"trailWidth":1.5,
			"trailLength":8
    "trailColor":"ffffffff",
			"fragBullets": 13,
			"homingRange": 40,
            "homingPower": 0.1,
			"fragBullet": {
				"despawnEffect": "flakExplosionBig",
				"width": 12,
				"height": 12,
				"backColor": "ffffffff",
				"frontColor": "ffffffff",
				"damage": 0
				"lifetime": 20,
				"speed": 1.5
			"fragBullets": 1,
			"collidesAir": false
        "collidesGround": false
			"fragBullet": {
				"despawnEffect": "flakExplosionBig",
				"width": 12,
				"height": 12,
				"backColor": "ffffffff",
				"frontColor": "ffffffff",
				"damage": 11,
				"splashDamageRadius": 20,
				"splashDamage": 26,
				"lifetime": 120,
				"speed": 0
			}}}
	    "硫": {
	    "reloadMultiplier":1
			"speed": 10,
			"damage": 13,
			"lifetime":35,
			"width": 12,
			"height": 18,
					"splashDamageRadius":25,
		"splashDamage":63,
	    "makeFire":true,
	    "rangeChange": 50
			"ammoMultiplier":2,
			"shootEffect":"shootSmall",
			"status":"融化",
	     	"statusDuration":90,	
	     	"backColor":"FFD700",
			"frontColor":"ffffff"
			"trailWidth":1.5,
			"trailLength":8
    "trailColor":"ffffffff",
			"fragBullets": 10,
			"fragBullet": {
				"despawnEffect": "flakExplosionBig",
				"width": 12,
				"height": 12,
				"backColor": "FFD700",
				"frontColor": "ffffffff",
				"damage": 0
				"lifetime": 20,
				"speed": 1.5
			"fragBullets": 1,
			"collidesAir": false
        "collidesGround": false
			"fragBullet": {
				"despawnEffect": "flakExplosionBig",
				"width": 12,
				"height": 12,
				"backColor": "ffffffff",
				"frontColor": "ffffffff",
				"damage": 11,
				"splashDamageRadius": 20,
				"splashDamage": 26,
				"lifetime": 120,
				"speed": 0
				"shootEffect":"shootSmall",
			"status":"燃烧",
			}}
	    },
	    "钨": {
	    "reloadMultiplier":1
			"speed": 7.5,
			"damage": 13,
			"lifetime":50,
			"width": 12,
			"height": 18,
					"splashDamageRadius":25,
		"splashDamage":77,
	    "makeFire":true,
	    "rangeChange": 75
			"ammoMultiplier":4,
			"shootEffect":"shootSmall",
			"status":"脆裂",
	     	"statusDuration":360,	
	     	"backColor":"768a9a",
			"frontColor":"768a9a"
			"trailWidth":1.5,
			"trailLength":8
    "trailColor":"768a9a",
			"fragBullets": 7,
			"fragBullet": {
				"despawnEffect": "flakExplosionBig",
				"width": 12,
				"height": 12,
				"backColor": "768a9a",
				"frontColor": "ffffffff",
				"damage": 0
				"lifetime": 20,
				"speed": 1.5
			"fragBullets": 1,
			"collidesAir": false
        "collidesGround": false
			"fragBullet": {
				"despawnEffect": "flakExplosionBig",
				"width": 12,
				"height": 12,
				"backColor": "768a9a",
				"frontColor": "ffffffff",
				"damage": 11,
				"splashDamageRadius": 20,
				"splashDamage": 56,
				"lifetime": 120,
				"speed": 0
				"status":"脆裂",
	     	"statusDuration":120,	
			}}
	    },
	}, 
	"requirements": [
{ "item": "铜", "amount": 465 }
{ "item": "铅", "amount": 350 }
{ "item": "碳钢", "amount": 185 }
{ "item": "铍", "amount": 285 }
{ "item": "钨", "amount": 385 }
	],
	"category": "turret",
	"research": {
        "parent": "革新",
        "objectives": [
           "气旋" 
        ]
    }
	    "researchCostMultiplier": 1
	        "canOverdrive": false
}