{
	"name": "濒临基础型工程机甲",
	"description": "比初始原版机甲建造的快一点点而已",
	"speed": 1.0,
	"drag":0.15,
	"mass":1.2,
	"buildPower": 20,
	"engineColor": "9900ff",
	"engineSize":2,
	"flying": true,
	"health": 60000,
	"weaponOffsetX": 0,
	"weapon": {
		"name": "u"
        "length": 2,
		"reload": 30,
    	"range": 500,
		"alternate": true,
		 "bullet":{
               "speed": 6,
               "damage": 10000,
               "backColor":"0000ff",
			   "fontColor":"0000ff",
			   "heatColor":"0000ff",
			   "trailColor":"0000ff",
               "bulletWidth": 5,
               "bulletHeight": 12}
		}
	}
