{
	"type": "ItemTurret",
	"name": "退散",
	"description": "超限集团在研究炮台时的突发奇想，最终研发的这种武装霰弹枪，扩散范围广，击退前方敌人，可以对空，最强的击退，但不可否认的是伤害极为刮痧\n \n[blue][超限技术炮台]",
	"health": 1620,
	"targetable":false
	"destructible":true
	"solid":false
	"size": 3,
	"reload":60,
	"range": 150
	"accurateDelay":true,
		"targetGround": true,
	"targetAir": true,
	"moveWhileCharging": false,
	"recoil":6,
	"liquidCapacity": 100,
	"ammoPerShot": 2
    "recoilTime": 90,//后坐力恢复时间
	"drawer": {
    "type": "DrawMulti",
    "drawers": [
    {"type": "DrawTurret",
    "parts": [
    {"type": "RegionPart",
        "mirror": true,
        "x": 0,
        "y": 0,
        "suffix": "-a",
        "layer": 50,
        "moveX": -5,
        "moveY": 0
        "moveRot":60
        "progress":"reload",
        "under":true
        }          
    ]}
    ]},
	"consumes": {
	"coolant":{"amount":0.6,"optional":true}  
		},
		"coolantMultiplier": 1.25,
	"shoot":{
		"shots":28
	    "shotDelay":0,
	},
		"ammoTypes": {
			"plastanium":{
	   // "reloadMultiplier":1
	    "speed": 5,  
	    "lifetime":25,
		"width": 3,"height": 4.5,
		"shootEffect": "shootSmall",
			"ammoMultiplier":1,
			"status": "tarred",
			"statusDuration": 130,
		"damage":3
        "ammoMultiplier":1,
        "backColor":"3a8f64",
        			"frontColor":"3a8f64"
        			"trailLength":5
        "trailWidth":0.5,
    "trailColor":"3a8f64",
     "knockback":1.5
       "fragLifeMin":0
        "fragRandomSpread":10
				"fragBullets": 3
			"fragBullet": {
		"speed": 5,  
	    "lifetime":10,
		"width": 1.5,"height": 1.25,
		"shootEffect": "shootSmall",
			"ammoMultiplier":1,
			"status": "tarred",
			"statusDuration": 30
		"damage":1
        "backColor":"3a8f64",
        			"frontColor":"3a8f64"
        			"trailLength":2.5
        "trailWidth":0.25,
    "trailColor":"3a8f64",
     "knockback":0.5
			}
			}
			"graphite":{
	    "reloadMultiplier":0.9,
	    "speed": 5,  
	    "lifetime":30,
		"width": 3,"height": 4.5,
		"shootEffect": "shootSmall",
			"ammoMultiplier":1,
		"damage":7
        "ammoMultiplier":1,
        "fragLifeMin":0.1,
        "backColor":"A0B0C9",
        			"frontColor":"A0B0C9"
        			"trailLength":5
        "trailWidth":0.5,
    "trailColor":"A0B0C9",
     "knockback":0.5
			}
			"thorium":{
	    "reloadMultiplier":1.3,
	    "speed": 5,  
	    "lifetime":35,
		"width": 3.5,"height": 5,
		"rangeChange": 25
		"shootEffect": "shootSmall",
			"ammoMultiplier":4
			"status": "破甲",
			"statusDuration": 130,
			"pierceBuilding": true,
			"knockback":1.5
		"damage":9
        "ammoMultiplier":2
        "pierceCap": 5
        "fragLifeMin":0.1,
        "backColor":"F9A3C6",
        			"frontColor":"F9A3C6"
        			"trailLength":5
        "trailWidth":4
    "trailColor":"F9A3C6",
			}
			"blast-compound":{
	    "reloadMultiplier":0.5
	   "speed": 5,  
	    "lifetime":30,
		"width": 3,"height": 4.5,
		"shootEffect": "shootSmall",
			"ammoMultiplier":2,
			"status": "blasted",
			"splashDamageRadius":25,
		"splashDamage":6
			"statusDuration": 30,
		"damage":1
        "ammoMultiplier":1,
        "fragLifeMin":0.1,
        "knockback":3
        "backColor":"FFAA5F",
        			"frontColor":"FFAA5F"
        			"trailLength":5
        "trailWidth":7.5
    "trailColor":"FFAA5F",
			}
	},
	"shootSound":"missileSmall",
	"shootEffect":"steam",
	"smokeEffect": "steam",
	"inaccuracy": 30
	"rotateSpeed": 2
	"shake":1, 
	"requirements": [
	{ "item": "copper", "amount": 140 }
{ "item": "titanium", "amount": 105 }
{ "item": "graphite", "amount": 50 }
{ "item": "0铜铅合金", "amount": 65 }
	],
	"category": "turret",
		"research": {
	"parent":"BAAsAT2B重击"
	"objectives": [
            {
				"type": "SectorComplete",
				"preset": "fungalPass"
			}
	]
	}
	"researchCostMultiplier": 0.5
}