{
	"name": "瘟疫",
	"description":"这场瘟疫过于危险,请谨慎点我们可没有魔法"
	"type": "ParticleWeather",
	"particleRegion": "circle-small",
	"color": "333333",
	"noiseColor": "460081",
	"noisePath": "fog",
	"drawNoise": false,
	"sizeMax": 2,
	"sizeMin": 2,
	"density": 3000,
	"statusGround": true,
	"useWindVector": false,
	"sound": "spark",
	"soundVol": 0,
	"soundVolMin": 0,
	"soundVolOscMag": 0,
	"soundVolOscScl": 0,
	"statusDuration": 60,
	"status": "疫病"
}
/*星渊:瘟疫魔女会不会出现呢？等等，喵露露？莉莉亚？ 你们怎么也在这？？？