{
    "type":"NuclearReactor",
    "name":"煤炭反应堆",
    "description":"燃烧煤炭获取电力，如果降温用的水不足，将会发生剧烈爆炸
[red]耗水量与面板不符，谨慎使用
     

贴图by 绒绒",
    "size":3,
    "health":1580,
    "hasPower":true,
    "hasLiquids":true,
    "hasItems":true,
    "outputsPower": true,
    "itemCapacity":30,
    "liquidCapacity":160,
    "powerProduction":23,
    "itemDuration":480,
    "heating":0.02,
    "fuelItem":"coal",
    "consumes":{
    "items": {"items": ["coal/5"]}
             "liquid": {
            "liquid": "water",
            "amount": 0.0025
        }}
    "requirements":[
        {"item":"copper","amount":120},
        { "item": "lead", "amount": 90 }
        {"item":"钛晶玻璃","amount":135}
        { "item": "silicon", "amount": 155 }
        ],//建造需求
        	"destroyBullet": {
            "type":"BasicBulletType",
            "width": 0,
            "height": 0,
            "speed": 0,
            "lifetime": 5,
            "hitShake": 20,
            "hitSound": "largeExplosion",
            "despawnEffect": "none",
            "hitEffect": "none",
            "splashDamageRadius": 40,
            "splashDamage": 1500},
        "category":"power",//类别
        "research": "steam-generator"//研究前置
         "researchCostMultiplier": 1.0,
             "canOverdrive": true,
}