{
  "type": "ImpactReactor",
  "name": "电磁合金反应炉",
  "description": "使用大量电力与冷冻液驱动电磁合金，在启动后被破坏将会发生大爆炸",
  "requirements": [
    "lead/860",
    "silicon/630",
    "thorium/515",
    "plastanium/320",
    "电磁合金/185",
    "钛晶玻璃/430"
  ]
  "size": 4
  "health": 1830
  "powerProduction": 249.5
  "itemDuration": 240
  "ambientSound": "pulse"
  "ambientSoundVolume": 0.07
  "category": "power"
  "consumes": {
    "power": 31.5
	"liquid":"cryofluid/0.35",
	"items": ["电磁合金/2"]
  },
"research": {
"objectives": [
{"type": "SectorComplete",//占领地图
		"preset": "崎岖山道"},
		]
	"parent": "impact-reactor"//科技树前置
	},
  	"explosionShake": 12,
	"explosionShakeDuration": 180,
	"explosionRadius": 30,
	"explosionDamage": 14500,
	"fuelItem": "电磁合金"
	"explodeSound": "爆炸",
}