{
	"type": "ThermalGenerator",
	"name": "高效热能发电机",
	"description": "更高效的提取热量中的电力",
	"size": 3,
	"health": 695,
	"powerProduction": 3.45,
	"generateEffect": "redgeneratespark",
	"effectChance": 0.08,
	"drawer": {
		"type": "DrawMulti",
		"drawers": [
			"DrawDefault",
			{
				"type": "DrawFade",
				"scale": 10
			}
		]
	},
	"requirements": [
		"graphite/285",
		"metaglass/170",
		"钛晶玻璃/260",
		"thorium/195"
	],
	"floating": true,
	"ambientSound": "hum",
	"attribute": "heat",
	"category": "power",
	"research": "thermal-generator"
}