{
	"name": "庞然巨物",
	"description": "这是一座雪原上的孤城，终年积雪。但敌人并没有因此而减弱攻势。/n利用好[blue]雷光炮[]和全新研制的[blue]融合炮[]抵御攻击！
	指挥部：不要低估你的老对手，这是一场战争！",
	"loadout": "basicFoundation",
    "startingItems": [
    	{"item": "copper", "amount": 1000},
    	{"item": "lead", "amount": 1000},
    	{"item": "graphite", "amount": 300},
    	{"item": "silicon", "amount": 300},
    	{"item": "thorium", "amount": 300},
    	{"item": "食品工厂-铝", "amount": 500}
    	],
    "conditionWave": 10,
    "launchPeriod": 10,
    "requirements": [
    	{

    		"type": "ZoneWave",
    		"zone": "食品工厂-冰雪消融", 
			"wave": 50
		}
		{"type": "unlock","block": "食品工厂-融合炮"},
		{"type": "unlock","block": "食品工厂-晶状合金加工厂"}
    ],
    "resources": ["copper", "lead", "食品工厂-铝", "sand","coal","titanium","thorium"]
}
