{
  "type": "UnitFactory",
  "name": "单位打印机",
  "description": "使用铜打印单位",
  "health": 1000,
  "size": 3,
  //"consumes": {"power": 0 },
  "plans":[
    {
      "unit": "dagger",
      "time": 1800,
      "requirements": [
      {"item": "copper","amount": 20}
    ]},
    {
      "unit": "crawler",
      "time": 900,
      "requirements": [
      {"item": "copper", "amount": 15}
    ]},
    {
      "unit": "nova",
      "time": 2700,
      "requirements":[
      {"item": "copper", "amount": 30}
    ]},
    {
      "unit": "flare",
      "time": 1800,
      "requirements":[
      {"item": "copper", "amount": 20}
    ]},
    {
      "unit": "mono",
      "time": 2700,
      "requirements":[{"item": "copper", "amount": 25}
    ]}
  ],
  "requirements": [
    {"item": "copper", "amount": 200},
    {"item": "lead", "amount": 200},
    {"item": "silicon", "amount": 100}
  ],
  "category": "units",
  "research": "combustion-generator"
}