{
	"type": "GenericCrafter",
	"name": "[orange]大型铜凝炼机",
	"description": "我不信一个图会连铜都这么缺\n不然你也不会用这玩意",
	"health":200,
	"itemCapacity":20,
	"outputItem": {"item": "copper","amount":2},
	"size":2,
	"hasPower": true,
	"craftTime":150,
	"updateEffect": "smeltsmoke",
	"consumes": {
		"power":0.5,
	},
	"requirements": [
		{ "item": "copper", "amount":40 },
	],
	"category": "crafting",
	"research": "zza铜凝炼机",
	"idleSound": "respawning",
	"idleSoundVolume": 0.1
}
