{
"type":"PowerTurret",
"name":"流光",
"description":"“还玩像素工厂吗”",
"chargeTime": 30,
"chargeMaxDelay": 30,
"chargeEffects": 7,
"powerUse":10,
"heatColor":"FF0000",
"range":240,
"chargeEffect":"lancerLaserChargeBegin",
"chargeBeginEffect":"lancerLaserCharge",
"recoilAmount":2,
"targetAir":false,
"size":2,
"health":350,
"shootSound":"流光",
"shootType":
{
"type": "ArtilleryBulletType",
"hitEffect": "plasticExplosionFlak",
"knockback": 0.8,
"lifetime": 40,
"speed": 6,
"width": 20,
"height": 20,
"collidesTiles": false,
"splashDamageRadius": 40,
"splashDamage": 100,
"reloadMultiplier": 0.2,
"homingPower": 0.1,
"homingRange": 50,
"backColor": "97F2FFAA",
"frontColor": "00A1FFAA",
"fragBullets":3,
"fragBullet":
{
"type": "ArtilleryBulletType",
"hitEffect": "plasticExplosionFlak",
"knockback": 0.8,
"lifetime": 60,
"speed": 2,
"width": 10,
"height": 10,
"collidesTiles": false,
"splashDamageRadius": 20,
"splashDamage": 50,
"homingPower": 0.2,
"homingRange": 50,
"backColor": "97F2FFAA",
"frontColor": "00A1FFAA",
"fragBullets":2,
"fragBullet":
{
"type" : "LightningBulletType",
"damage": 10,
"lightningLength": 15,
"collidesAir": false,
"fragBullets":1,
"fragBullet":
{
"type": "BasicBulletType",
"lifetime": 30,
"speed": 2,
"bulletWidth": 10,
"bulletHeight": 10,
"damage": 5,
"frontColor": "ffffff00",
"backColor": "ffffff00",
"homingPower": 1,
"homingRange": 50,
"hitEffect": "shockwave",
}
}
}
}
"requirements":[
{ "item": "metaglass","amount":80 },
{ "item": "lead", "amount": 160 },
{ "item": "silicon", "amount": 80 },
{ "item": "铁", "amount": 20 }
{ "item": "钛合金", "amount": 15 },
],
"category":"turret",
"research":"空气炮",
}