{
    "type": "PowerTurret",
    "name": "空气炮",
    "description": "极高的射速，对对方施加冰冻效果，降低对方护甲及移速
对高装甲单位无效",
    "health": "580",
    "size": "2",
    "heatColor":"FFFFFF00",
    "shootEffect":"lancerLaserCharge",
    "smokeEffect":"none",
    "shotWidth":4.5,
    "shootSound":"none",
	"reloadTime":4,
	"range": 240,
	"shots": "1",
	"spread": "4",
	"recoil": "1",
	"rotatespeed": "6",
	"targetAir": "true",
	"targetGround": "true",
	"powerUse": "8",
	"shootType":
	   {
        "type": "BasicBulletType",
        "lifetime": 24,
        "speed": 10,
        "bulletWidth": 10,
        "bulletHeight": 10,
        "damage": 20,
        "frontColor": "ffffff00",
        "backColor": "ffffff00",
        "status": "freezing",
        "homingPower": 60,
        "homingRange": 60,
        "hitEffect": "shockwave",
   }
   	"requirements": [
		{ "item": "铁", "amount": 100 }
		{ "item": "metaglass", "amount": 50 }
		{ "item": "lead", "amount": 100 }
	],
	"category": "turret",
	"research": "邪祟"
}