{
 "name":"铬金传送带",//内容物名称
 "type":"StackConveyor",//种类
 "description":"打包大量物品并传输，它的运输效率慢，但比较坚硬，适合前线运输",//内容物描述
 "size":1,//大小
 "health":3000,//方块基础血量
 "category": "distribution",//类别
 "itemCapacity":50
 "requirements":[
  {"item":"铬","amount":10}
   ,{"item":"surge-alloy","amount":5}
  ],//建造消耗的材料
 "speed":0.07,//传送带速度
 "rebuildable":true,//是否能重建
 "research":"钛合金传送带",//科技树：传送带
}