{
	"name": "双管·神",
	"description": "双管之神，攻击模式多样\n\n\n\n[red]领域展开，坐杀尖刀！！！",
	"details": "铜：快速射击破片子弹\n石墨：发射重型狙击弹\n硅：发射小型追踪导弹\n硫：发射大号导弹\n钍：重机枪\n相织布：召唤强化双管进行攻击",
	"health": 100000,
	"size": 1,
	"reload": 2400,
	"range": 0,
	"maxAmmo": 1024,
	"recoilTime": 10,
	"recoil": 1,
	"consumeAmmoOnce": false,
	"ammoPerShot": 32,
	"shoot":{
		"type":"ShootAlternate",
		"barrels":2,
		"spread":6
	},
	"shake": 1.5,
	"liquidCapacity": 900,
	"targetGround": true,
	"targetAir": true,
	"inaccuracy": 0,
	"shootCone": 180,
	"rotateSpeed": 15,
	"consumes": {
		"coolant": {
			"amount": 0.2,
			"optional": true
		}
	},
	"ammoTypes": {
		"copper": {
			"rangeChange":675,
			"speed": 15,
			"damage": 242,
			"knockback": 1.4,
			"pierce": true,
			"pierceCap": 6,
			"lifetime": 45,
			"width": 4,
			"height": 5,
			"reloadMultiplier": 1200,
			"ammoMultiplier": 64			
			"trailColor": "e3e4d4FF",
            		"shrinkY":0,"shrinkX":0,
              		"backColor":"e3e4d4FF",
              		"frontColor":"e3e4d4FF", 
              		"trailLength": 6,
              		"trailWidth": 5,
			"fragBullets":3,               
			 "fragVelocityMax": 1.2,
                	"fragVelocityMin": 0.5,
                	"fragAngle": 0,
                	"fragRandomSpread": 50,
          		"status": "scared",
          		"statusDuration":180
			 "fragBullet": {
				"speed": 4,
				"damage": 47,
				"pierce": true,
				"pierceCap": 7,
				"lifetime": 30,
				"width": 4,
				"height": 5
	          		"status": "scared",
        	  		"statusDuration":40
			}
		},
		"graphite": {
			"rangeChange":2000,
			"speed": 50,
			"damage": 37140,
			"knockback": 84,
			"pierce": true,
			"lifetime": 40,
			"width": 12,
			"height": 38,
			"reloadMultiplier": 7,
			"ammoMultiplier": 8,              
			"trailColor": "e3e4d4FF",
            		"shrinkY":0,"shrinkX":0,
              		"backColor":"e3e4d4FF",
              		"frontColor":"e3e4d4FF", 
              		"trailLength": 60,
              		"trailWidth": 12,
          		"status": "scared",
          		"statusDuration":600
                  	"bulletInterval":70,
                  	"intervalBullets": 7,
                  	"intervalRandomSpread": 20,
                  	"intervalBullet": {
				"speed": 27,
				"damage": 13350,
				"knockback": 42,
				"pierce": true,
				"pierceCap": 18,
				"lifetime": 30,
				"width": 6,
				"height": 19,      
				"trailColor": "e3e4d4FF",
        	    		"shrinkY":0,"shrinkX":0,
              			"backColor":"e3e4d4FF",
              			"frontColor":"e3e4d4FF", 
              			"trailLength": 25,
              			"trailWidth": 5,
          			"status": "scared",
          			"statusDuration":360
			}
		},
		"silicon": {
			"speed": 3,
			"damage": 13,
			"reloadMultiplier": 1.5,
			"lifetime": 60,
			"width": 6,
			"height": 11,
			"homingRange": 80,
			"homingPower": 0.08,
			"ammoMultiplier": 5
		}
		"phase-fabric": {
			"reloadMultiplier": 2,
			"speed": 0,
			"rangeChange":1200,
			"damage": 0,
			"lifetime": 1,
	              	"fragLifeMax": 4,
	              	"fragLifeMin": 0.5,
                  	"fragRandomSpread": 80,
			"fragBullets":36,
   		        "width":0,	"height":0,
   		        "collides":false,
        		"hittable": false,
			"absorbable": false,
              		"fragBullet": {
				"speed": 2,
				"damage": 0,
				"lifetime": 60,
	              		"fragLifeMax": 4,
   		        	"width":0,	"height":0,
   		        	"collides":false,
        			"hittable": false,
				"absorbable": false,
                	 	"fragRandomSpread": 360,
				"fragBullets":1,
				"fragBullet":{
					"speed":0,
					"damage": 0,
					"lifetime": 2,
                		  	"fragRandomSpread": 0,
					"fragBullets": 1,
   				        "width":0,	"height":0,
   				        "collides":false,
        				"hittable": false,
					"absorbable": false,
            				"fragVelocityMax": 1.3,
            				"fragVelocityMin": 0.5,
					"fragBullet":{            //炮台本身(行进阶段)
						"speed":15,
	  			            	"drag": 0.05,
						"damage": 1800,
						"lifetime": 200,
   					        "width":8,	"height":8,
						"sprite":"push-duoG",
        					"hittable": false,
						"absorbable": false,
						"fragBullets":1,
	            				"fragVelocityMax": 1,
        	    				"fragVelocityMin": 1,
						"fragBullet":{         //炮台射击状态
							"speed":0.05,
							"damage": 0,
							"lifetime": 1000,
   					        	"width":8,	"height":8,
							"sprite":"push-duoG",
   					        	"collides":false,
        						"hittable": false,
							"absorbable": false,
              						"homingRange": 840,
              						"homingPower": 99999999,
      				        		"bulletInterval":4,
							"intervalBullets": 2,
              						"intervalRandomSpread": 5,
							"intervalBullet":{            //炮弹
								"speed": 7,
								"damage": 88,
								"pierce": true,
								"pierceCap": 3,
								"knockback": 0.5,
								"lifetime": 120,
								"width": 10,
								"height": 12,
							}	
						}
					}
				}
			}
		}

	},
	"requirements": [
		{
			"item": "copper",
			"amount": 99999
		}
	],
	"category": "turret",
	"research": "core-shard1"
}