{
"type":"ConsumeGenerator",
"name": "沙子发电机",
    "description": "可以用沙子发电",
    "size": 1,
    "health": 150
    "hasLiquids": false
   	"hasItems": true,
   	"itemCapacity": 50
    "powerProduction": 1.5
    "buildCostMultiplier":0.75
"consumes": {
     "items":{
        "items": [
        {"item": "sand","amount": 1}
        ]}
    },
    "requirements": [
  { "item":"silicon", "amount":20 }
  {"item":"copper","amount":45}
    ],
    "category": "power",
    "research": "发电机"
}