{
	"type":"PowerTurret",
	"name":"引力陷阱",
	"description":"一个较为复杂的陷阱，如果附近有敌人则会触发引力陷阱将附近的敌人聚在一块",
	"size":3,
	"health":4200,
	"insulated": true,
	"canOverdrive": false,
	"absorbLasers":true,
	"range": 180,
	"breakable":false,
	"rebuildable": false,
	"rotateSpeed":99
	"recoil":6,//后坐力,
	"reload":180,
	"maxAmmo":30,//最大弹药
	 "ammoPerShot":10,
			    "consumes": {
        }
	"category":"effect",
	"research": "强化地雷",
	"reloadTime":600,
	"restitution":5.6,
	"ammoUseEffect":"casing3Double",
	"recoilAmount":10,
	"cooldown":20,
	"shootShake":24,
	"collidesTiles": false,
	"shootY": 2,
	"shoot":{
		"shots":1,
	},
	"shootSound":"shotgun",
  "shootType": {
	"killShooter": true,
	"hittable": false,
	"absorbable": false,
    "type": "BasicBulletType",
    "sprite": "circle-bullet",
    "lightRadius": 80,
    "lightColor": "BF92F8FF",
    "speed": 6,
    "hitSound": "plasmaboom",
    "lifetime": 0,
    "damage": 4,
    "shrinkX": 0,
    "shrinkY": 0,
    "scaleVelocity": true,
    "splashDamage": 2,
    "splashDamageRadius": 80,
    "height": 25,
    "width": 25,
    "trailColor": "BF92F8FF",
    "trailLength": 10,
    "trailWidth": 4.5,
    "ammoMultiplier": 4,
    "frontColor": "000000FF",
    "backColor": "BF92F8FF",
    "shootEffect": "shootBig",
    "hitEffect": {
      "type": "multiEffect",
      "layer": "110.001",
      "effects": [
        {
          "type": "ParticleEffect",
          "particles": 10,
          "offset": 100,
          "sizeFrom": 0,
          "sizeTo": 8,
          "length": 100,
          "baseLength": -100,
          "interp": "pow3In",
          "sizeInterp": "pow5Out",
          "lifetime": 40,
          "colorFrom": "BF92F800",
          "colorTo": "BF92F8FF"
        },
        {
          "type": "ParticleEffect",
          "particles": 10,
          "offset": 100,
          "sizeFrom": 1,
          "sizeTo": 3,
          "length": 150,
          "baseLength": -150,
          "interp": "pow3In",
          "sizeInterp": "pow5Out",
          "lifetime": 50,
          "colorFrom": "BF92F800",
          "colorTo": "BF92F8FF"
        },
        {
          "type": "ParticleEffect",
          "particles": 10,
          "offset": 100,
          "sizeFrom": 1,
          "sizeTo": 3,
          "length": 200,
          "baseLength": -200,
          "interp": "pow3In",
          "sizeInterp": "pow5Out",
          "lifetime": 60,
          "colorFrom": "BF92F800",
          "colorTo": "BF92F8FF"
        },
        {
          "type": "ParticleEffect",
          "particles": 10,
          "offset": 100,
          "sizeFrom": 1,
          "sizeTo": 3,
          "length": 250,
          "baseLength": -250,
          "interp": "pow3In",
          "sizeInterp": "pow5Out",
          "lifetime": 70,
          "colorFrom": "BF92F800",
          "colorTo": "BF92F8FF"
        },
        {
          "type": "ParticleEffect",
          "particles": 10,
          "offset": 100,
          "sizeFrom": 1,
          "sizeTo": 3,
          "length": 300,
          "baseLength": -300,
          "interp": "pow3In",
          "sizeInterp": "pow5Out",
          "lifetime": 80,
          "colorFrom": "BF92F800",
          "colorTo": "BF92F8FF"
        },
        {
          "type": "ParticleEffect",
          "particles": 45,
          "offset": 100,
          "sizeFrom": 1,
          "sizeTo": 3,
          "length": 350,
          "baseLength": -350,
          "interp": "pow3In",
          "sizeInterp": "pow5Out",
          "lifetime": 90,
          "colorFrom": "BF92F800",
          "colorTo": "BF92F8FF"
        },
        {
          "type": "ParticleEffect",
          "particles": 1,
          "sizeFrom": 30,
          "sizeTo": 0,
          "length": 0,
          "interp": "swingIn",
          "lifetime": 90,
          "layer": 109,
          "colorFrom": "BF92F890",
          "colorTo": "BF92F890"
        },
        {
          "type": "ParticleEffect",
          "particles": 1,
          "sizeFrom": 20,
          "sizeTo": 0,
          "length": 0,
          "interp": "swingIn",
          "lifetime": 90,
          "layer": 109,
          "colorFrom": "BF92F8FF",
          "colorTo": "BF92F8FF"
        },
        {
          "type": "ParticleEffect",
          "particles": 1,
          "sizeFrom": 12,
          "sizeTo": 0,
          "interp": "swingIn",
          "length": 0,
          "lifetime": 90,
          "colorFrom": "000000FF",
          "colorTo": "000000FF"
        }
      ]
    },
    "despawnEffect": "none",
    "lightning": 1,
    "lightningLength": 2,
    "lightningType": {
      "type": "BulletType",
      "collides": false,
      "hittable": false,
      "absorbable": false,
      "speed": 0,
      "lifetime": 1,
      "hitEffect": "none",
      "fragBullets": 110,
      "fragLifeMin": 0.01,
      "fragBullet": {
        "type": "BulletType",
        "speed": 0,
        "damage": 0,
        "lifetime": 80,
        "collides": false,
        "absorbable": false,
        "hittable": false,
        "lightning": 1,
        "lightningDamage": 5,
        "lightningLength": 9,
        "lightningLengthRand": 17,
        "lightningColor": "BF92F8FF",
        "splashDamage": 3,
        "splashDamageRadius": 80,
        "knockback": -5,
        "lightRadius": 0,
        "hitEffect": "none",
        "keepVelocity": false,
        "despawnEffect": "none",
        "fragBullets": 25,
        "fragBullet": {
          "type": "SapBulletType",
          "damage": 0,
          "knockback": -5,
          "lifetime": 0,
          "pierce": true,
          "length": 140,
          "width": 0,
          "lightColor": "00000000",
          "hitEffect": "none",
          "status": "none",
          "statusDuration": 100
        }
      }
    }
  },
	"coolantMultiplier":4
	"requirements":[
	    "化钢/60",
	     "silicon/100",
	     "相位石/300",
		 "绯红合金/30", ],

}