{
	"type": "ShockMine",
	"name": "强化地雷",
	"size": 1,
	"hasShadow":false,
	"underBullets": true,
	"health": 120,
	"tileDamage": 30,
	"damage": 42,
	"shots": 2,
	"length": 12,
	"tendrils": 6,
	"lightningColor": "FFE18F",
	"destroyBullet": {
		"type": "BasicBulletType",
		"damage": 30,
		"statusDuration": 720,
		"splashDamageRadius": 50,
		"splashDamage": 16,
		"sprite": "circle-bullet",
		"frontColor": "FFFFFF",
		"backColor": "FFE18F",
		"width": 4,
		"height": 4,
		"hitSound": "plasmaboom",
		"despawnEffect": {
			"type": "MultiEffect",
			"effects": [
				{
					"type": "WaveEffect",
					"lifetime": 8,
					"sizeFrom": 0,
					"sizeTo": 50,
					"strokeFrom": 3,
					"strokeTo": 1,
					"colorFrom": "25C9AB",
					"colorTo": "FFE18F"
				},
				{
					"type": "ParticleEffect",
					"particles": 23,
					"line": true,
					"lenFrom": 10,
					"lenTo": 0,
					"strokeFrom": 1.2,
					"strokeTo": 0.8,
					"interp": "fastSlow",
					"sizeInterp": "pow3In",
					"length": 45,
					"baseLength": 8,
					"lifetime": 35,
					"colorFrom": "FFE18F",
					"colorTo": "FFE18Fd0"
				}
			]
		},
		"hitEffect": "none",
		"collidesAir": false,
		"collides": false,
		"hittable": false,
		"absorbable": false,
		"instantDisappear": true,
		"speed": 0
	},
	"category": "effect",
	"research": "恐惧",
	"requirements": [
		"titanium/15",
		"silicon/2"
	]
}