{
  "name": "空辅T2",
  "description": "无法攻击但能帮助玩家建造",
  "template": "ErekirUnitType",
  "flying": true,
  "speed": 2.4,
  "drag": 0.2,
  "accel": 0.2,
  "hitSize": 14,
  "health": 1440,
  "researchCostMultiplier": 0,
  "research": "d2-plane-refabricator",
  "requiresUnlock": false,
  "itemCapacity": 30,
  "buildSpeed": 0.1,
  "buildRange": 120,
  "lowAltitude": true,
  "engines": [
    {
      "x": 4.5
      "y": -6
      "radius": 3
    },
    {
      "x": -4.5
      "y": -6
      "radius": 3
      "rotation": 180,
    },
  ],
  "engineColor": "77debc",
  "abilities": [
    {
      "type": "RepairFieldAbility",
      "range": 40,
      "amount": 50,
      "reload": 80,
    }
  ]
}
