{
  "name": "空军T3",
  "description": "更加强悍，装备2门中型火炮和2支小型电击步枪",
  "template": "ErekirUnitType",
  "flying": true,
  "speed": 1.1,
  "drag": 0.1,
  "accel": 0.1,
  "rotateSpeed": 3,
  "hitSize": 28,
  "health": 2080,
  "research": "a3-secondary-refabricator",
  "researchCostMultiplier": 0,
  "weapons": [
    {
      "name": "e3-glance-lightning",
      "top": true,
      "reload": 40,
      "mirror": true,
      "alternate": false,
      "x": 7,
      "y": 7,
      "shootSound": "blaster",
      "bullet": {
        "type": "basicBulletType",
        "sprite": "bullet",
        "damage": 50,
        "pierceBuilding": true,
        "pierce": false,
        "trailColor": "8c84e4",
        "trailLength": 32,
        "trailWidth": 1.5,
        "shootEffect": {
          "type": "ParticleEffect",
          "region": "circle",
          "particles": 6,
          "cone": 40,
          "lengthOffset": 32,
          "sizeFrom": 2,
          "sizeTo": 0,
          "lifetime": 60,
          "lightColor": "cac4f5",
          "colorFrom": "cac4f5",
          "colorTo": "8c84e4",
        },
        "despawnEffect": {
          "type": "ParticleEffect",
          "region": "circle",
          "particles": 12,
          "lengthOffset": 24,
          "sizeFrom": 4,
          "sizeTo": 0,
          "lifetime": 40,
          "lightColor": "cac4f5",
          "colorFrom": "cac4f5",
          "colorTo": "8c84e4",
        },
        "hitEffect": {
          "type": "ParticleEffect",
          "region": "circle",
          "particles": 12,
          "lengthOffset": 24,
          "sizeFrom": 4,
          "sizeTo": 0,
          "lifetime": 40,
          "lightColor": "cac4f5",
          "colorFrom": "cac4f5",
          "colorTo": "8c84e4",
        },
        "speed": 2,
        "shrinkY": 0,
        "shrinkX": 0,
        "width": 3,
        "height": 3,
        "lifetime": 120,
        "lightColor": "cac4f5",
        "colorFrom": "cac4f5",
        "colorTo": "8c84e4",
        "fragBullets": 6,
        "fragBullet": {
          "type": "LightningBulletType",
          "collidesAir": true,
          "damage": 5,
          "lightningColor": "cac4f5",
          "lightningLength": 4,
          "lightningLengthRand": 7,
          "lightning": 6,
        }
      }
    },
    {
      "name": "e3-glance-cannon",
      "top": true,
      "reload": 120,
      "mirror": true,
      "alternate": true,
      "x": 8,
      "y": 0,
      "shoot": {
        "shots": 3,
        "shotDelay": 15
      },
      "shootSound": "blaster",
      "bullet": {
        "type": "basicBulletType",
        "sprite": "bullet",
        "damage": 30,
        "splashDamage": 30,
        "splashDamageRadius": 24,
        "pierceBuilding": false,
        "pierce": false,
        "trailColor": "8c84e4",
        "trailLength": 32,
        "trailWidth": 3,
        "shootEffect": {
          "type": "ParticleEffect",
          "line": true,
          "particles": 6,
          "cone": 40,
          "lengthOffset": 32,
          "sizeFrom": 2,
          "sizeTo": 0,
          "lifetime": 60,
          "lightColor": "cac4f5",
          "colorFrom": "cac4f5",
          "colorTo": "8c84e4",
        },
        "despawnEffect": {
          "type": "ParticleEffect",
          "region": "circle",
          "particles": 12,
          "lengthOffset": 24,
          "sizeFrom": 8,
          "sizeTo": 4,
          "lifetime": 40,
          "lightColor": "cac4f5",
          "colorFrom": "cac4f5",
          "colorTo": "8c84e4",
        },
        "hitEffect": {
          "type": "ParticleEffect",
          "region": "circle",
          "particles": 12,
          "lengthOffset": 24,
          "sizeFrom": 8,
          "sizeTo": 4,
          "lifetime": 40,
          "lightColor": "cac4f5",
          "colorFrom": "cac4f5",
          "colorTo": "8c84e4",
        },
        "speed": 1,
        "shrinkY": 0,
        "shrinkX": 0,
        "weaveMag": 3,
        "weaveScl": 3,
        "width": 10,
        "height": 14,
        "lifetime": 280,
        "lightColor": "cac4f5",
        "colorFrom": "cac4f5",
        "colorTo": "8c84e4",
      }
    }
  ]
}
