{
    "name":"一级拂尘工厂", 
	"type": "UnitFactory",
	"description":"拂尘科技有限公司特供", 
	"size": 3,
    "health":300,
	"requirements": [

		{"item": "titanium", "amount": 100}
        {"item": "thorium", "amount": 60}
		{"item": "silicon", "amount": 80}
	],
	"plans": [

		{
			"unit": "空袭",
			"requirements": [

				{"item": "titanium", "amount": 30}
				{"item": "silicon", "amount": 25}
			],
			"time": 900,
		}
	],
	
	"consumes": {
		"power": 3,
	},
	
	"category": "units",
	"research": "ground-factory"
	"alwaysUnlocked": true,
}