{
    "name":"废料三级兵厂", 
	"type": "UnitFactory",
	"description":"废料:你相信神吗", 
	"size": 5,
    "health":800,
	"requirements": [

		{"item": "titanium", "amount": 275}
		{"item": "thorium", "amount": 200}
		{"item": "石英", "amount": 270}
        {"item": "lead", "amount": 300}
		{"item": "silicon", "amount": 270}
	],
	"plans": [
		{
			"unit": "fortress",
			"requirements": [
            {"item": "scrap", "amount": 550}
			],
			"time": 2400,
		}
		{
			"unit": "quasar",
			"requirements": [
            {"item": "scrap", "amount": 620}
			],
			"time": 2400,
		}
		{
			"unit": "spiroct",
			"requirements": [
            {"item": "scrap", "amount": 545}
			],
			"time": 2400,
		}
		{
			"unit": "zenith",
			"requirements": [
            {"item": "scrap", "amount": 545}
			],
			"time": 2400,
		}
		{
			"unit": "mega",
			"requirements": [
            {"item": "scrap", "amount": 585}
			],
			"time": 2400,
		}
		{
			"unit": "bryde",
			"requirements": [
            {"item": "scrap", "amount": 600}
			],
			"time": 2400,
		}
		{
			"unit": "cyerce",
			"requirements": [
            {"item": "scrap", "amount": 610}
			],
			"time": 2400,
		}				
	]	
	"consumes": {
		"power": 7,
	},
	
	"category": "units",
	"research": "废料二级兵厂"
	"alwaysUnlocked": true,
}