{
    "type": "Pump",
    "category": "liquid",
    "name": "流体泵",
    "description": "泵送液体，需要电力。",
    "details": "",
    "research": {
        "parent": "adaa液体导管",
        "requirements": [
            "铁/350",
            "锡/400",
            "镍/200"
        ]
    },
    "requirements": [
        "铁/35",
        "锡/40",
        "镍/20"
    ],
    "consumes": {
        "power": 0.5
    },
    "size": 2,
    "health": 680,
    "pumpAmount": 0.25,
    "liquidCapacity": 30
}