{
	"name": "小型质量驱动器",
	"description": "短距离发送物品包，收集一定物品后将其发射到另一个微型质量驱动器中。\n \n[blue][超限技术物流装置]",
	"type": "MassDriver",
	"size": 1,
	"hasItems": true,
	"itemCapacity": 24,
	"reload": 100,
	"range": 136,
	"consumes": {
		"power": 0.5
	},
	"requirements": [
	{ "item": "0铜铅合金", "amount": 45 },
	{ "item": "silicon", "amount": 35 },
	{ "item": "titanium", "amount": 60},
	],
	"research": {
	"parent":"BAAsCA1铜铅合金带传送带"
	"objectives": [
            {
				"type": "SectorComplete",
				"preset": "冰冷山区"
			}
	]
	}
	"category": "distribution"
}