{
	"type": "ItemBridge",
	"name": "合成传送带桥",
	"description": "远距离传送物品，更快，更远\n \n[blue][超限技术物流装置]",
	"health": 160,
	"range": 6,
    "transportTime":1,	
    "speed": 0.8
    "bufferCapacity":20
    "arrowPeriod":0.45
    "arrowTimeScl":1.375
	"requirements": [
	{ "item": "0铜铅合金", "amount": 4 },
	{ "amount": 3, "item": "titanium" }
	{ "item": "copper", "amount":10},
   { "item": "lead", "amount":10}
	],
	"category": "distribution",	
	"research": {
	"parent":"BAAsCA1铜铅合金带传送带"
	"objectives": [
            {
				"type": "SectorComplete",
				"preset": "冰冷山区"
			}
	]
	}
	"researchCostMultiplier": 0.2,
	"hasPower": false,
	    "canOverdrive": false,
}