{
	"type": "GenericCrafter",
	"name": "大型圣物分解",
	"description": "",
	"details":""
	"liquidOutputDirections": [1,0.2,3,2]
	"outputItems":["spore-pod/27","scrap/27","coal/27","titanium/27","纯白结晶碎片/3",]//产出
	"outputLiquids":["water/0.65","slag/0.65","oil/0.65","cryofluid/0.65",],
	"size":4,//建筑大小
	"health":600,//血量
	"hasPower": true,
	"hasLiquids": true,
	"hasItems": true,
	"rotate":true,
	"craftTime":360,
	"itemCapacity":100,//容量
	"liquidCapacity":100,
	"updateEffect":"smeltsmoke",
	"consumes": {
    "power":2.1,
    "liquids":{
        "liquids":[
    ]
    }
    "items":{
          "items":[
                "高级纯净圣物/1",
	]
    }
    }
    "requirements": [
                "copper/500",
                "沙璃/500",
	],//建造材料
	"category": "crafting",
	"research": 
    {"parent":"小型圣物分解",
    "requirements":[
                "copper/1000",
                "沙璃/1500",
                "物液奇点/35",
    ]   
    }
	"canOverdrive": true,
	"drawer":{
    "type":"DrawMulti",
    "drawers":[
    "DrawDefault",
    "DrawFlame"
    ]
    }
}
//"物液奇点/60",