{
	"type": "GenericCrafter",
	"name": "纯白结晶复原机",
	"description": "将纯白结晶复原",
	"details":""
	"outputItems":["纯白结晶/1",]//产出
	"size":2,//建筑大小
	"health":300,//血量
	"craftTime":300,//÷60
	"itemCapacity": 29,//容量
	"liquidCapacity":0,
	"consumes": {
	"power":2.1,
    "items":{
          "items":[
	            "纯白结晶碎片/9",
	]
	}
	}
    "requirements": [
                "copper/10",
                "silicon/1000",
                "沙璃/500",
	],//建造材料
    "category": "effect",
	"research":"小型圣物分解"
	"updateEffect":"smeltsmoke",
	"canOverdrive": true,
	"hasPower": true,
	"hasLiquids": false,
	"hasItems": true,
}