{	
"createWreck":false
"createScorch":false
"isEnemy":true
"envDisabled":0
"name":"匿藏"
"description":"",
"type":"legs"
"speed":0.45
"drag":0.10
"hitSize":40
"rotateSpeed":3
"health":18000
"armor":20
"legStraightness":0.3
"stepShake":2
"maxRange":280,
"legCount":6
"legLength":50
"lockLegBase":true
"legContinuousMove":true
"legExtension":-6
"legBaseOffset":6
"legMaxLength":1.5
"legMinLength":0.75
"legLengthScl":1
"legForwardScl":1
"legGroupSize":3
"rippleScale":0.2

"legMoveSpace":1
"allowLegStep":true
"hovering":true
"legPhysicsLayer":false

"shadowElevation":0.1
"groundLayer":74
"targetAir":true
"research":""
	"weapons": [
	{"length":1.5,
		"reload":90,
		"rotate":false,
		"shootSound": "shootSnap",
		"alternate":true,
		"name":"AE型"
		"mirror":false
        "top": true
	    "y":12,
	    "x":0,
	    "shoot": {
		"type":"ShootSpread",
	    "shots":5,
	    "spread":5
			},
	"bullet":{
	"type":"ShrapnelBulletType",
	"colors":["84F491FF" "84F491FF" "FFFFFFFF"]
		    "length":80,
			"damage": 140,
			"knockback":0.5,
			"lifetime":20,
			"pierce":true,
			"shootEffect": "shootSmall"
			"fragBullet": {
    	    "type":"LightningBulletType",
            "hitEffect":"hitLancer",
            "despawnEffect":"none",
            "lightningLength":8,
            "lightningColor":"84F491FF",
            "lifetime":10,
            "drawSize":16,
	        "damage":10}
	        "hitEffect":{"type": "MultiEffect",
	        "effects": [
            {"type": "WaveEffect",
            "lifetime": 12,
            "sizeFrom": 1,
            "sizeTo": 28,
            "strokeFrom":7,
            "strokeTo": 0,
            "colorFrom": "84F491FF",
            "colorTo": "FFFFFFFF"}
            {"type": "WaveEffect",
            "lifetime": 18,
            "sizeFrom": 1,
            "sizeTo": 45,
            "strokeFrom":7,
            "strokeTo": 0,
            "colorFrom": "84F491FF",
            "colorTo": "FFFFFFFF"}
            ]}	
		}
		}
		{"length":1.5,
		"reload":1,
		"rotate":true,
		"shootSound": "shootSnap",
		"alternate":true,
		"name":"AE型"
		"mirror":true
        "top": true
	    "y":8,
	    "x":12,
	    "shoot": {
	    "shots":2,
			},
	"bullet":{
	"type":"RailBulletType",
	"drag": 0.05,
	"damage": 420,
	"pirece":true,
	"lifetime":40,
	"width":0,"length":80,
	"hitSize":10,
	"shootEffect": {
"type": "MultiEffect",
"lifetime": 20,
"effects": 
[{"type": "ParticleEffect",
"cone": 12,
"particles": 12,
"interp": "pow3Out",
"sizeInterp": "pow5In",
"lifetime": 25,
"length": 120,
"colorFrom": "84F491FF",
"colorTo": "84F491FF",
"sizeFrom": 4,
"sizeTo": 0},
{"type": "ParticleEffect",
"cone": 8,
"particles": 12,
"interp": "pow3Out",
"sizeInterp": "pow5In",
"lifetime": 25,
"length": 60,
"colorFrom": "84F491FF",
"colorTo": "84F491FF",
"sizeFrom": 3,
"sizeTo": 0}]},
	"hitEffect":"hitFlameSmall",
	"despawnEffect":"none"},
		}
		{"length":1.5,
		"reload":40,
		"rotate":true,
		"shootSound": "shootSnap",
		"alternate":true,
		"name":"AC型"
		"mirror":true
        "top": true
	    "y":0,
	    "x":16,
	    "shoot": {
	    "shots":3,
			},
	"bullet":{
	"type": "ArtilleryBulletType",
            "collidesAir":true,
			"splashDamageRadius": 40,
			"splashDamage":96,
			"speed":10,
			"damage":96,
			"width": 10,
			"height": 15,
			"trailEffect": "despawn",
			"smokeEffect": "none",
			"lifetime":90,
			"knockback":0.5,
			"trailColor":"84F491FF",
            "backColor":"84F491FF",
            "frontColor":"FFFFFFFF",
            "trailLength":10
            "trailWidth":5
            "fragBullets":3,//破片弹数量
"fragVelocityMin":0.8,//破片最小速度
"fragVelocityMax":2.2,//破片最大速度
"fragBullet":{
"type":"ArtilleryBulletType",//基础子弹
"width":5,
"height":7.5,
"smokeEffect":"shootBigSmoke2",//烟雾效果
"hitEffect":{"type": "MultiEffect",
	        "effects": [
            {"type": "WaveEffect",
            "lifetime": 12,
            "sizeFrom": 1,
            "sizeTo": 10,
            "strokeFrom":7,
            "strokeTo": 0,
            "colorFrom": "84F491FF",
            "colorTo": "FFFFFFFF"}]}
"lightColor":"84F491FF",//颜色
"lightOpacity":0.6,//光不透明度
"frontColor":"84F491FF",
"backColor":"84F491FF",
"knockback":0.4,//击退力
"splashDamage":16,//范围伤害
"damage":24,
"splashDamageRadius":24,//伤害范围
"lifetime":30,//存在时间，帧
},
            "hitEffect":{"type": "MultiEffect",
	        "effects": [
            {"type": "WaveEffect",
            "lifetime": 12,
            "sizeFrom": 1,
            "sizeTo": 28,
            "strokeFrom":7,
            "strokeTo": 0,
            "colorFrom": "84F491FF",
            "colorTo": "FFFFFFFF"}
            {"type": "WaveEffect",
            "lifetime": 18,
            "sizeFrom": 1,
            "sizeTo": 45,
            "strokeFrom":7,
            "strokeTo": 0,
            "colorFrom": "84F491FF",
            "colorTo": "FFFFFFFF"}
            ]}	
		}
		}		
	]
}