{
	"type": "flying",
	"name": "天将",
	"description": "顾名思义",
	"speed":1.8,
	"drag":0.06,
	"hitSize":24
	"mass":25,
	"turnCursor":false,
	"health":1200,
    "armor":150,
	"itemCapacity":70,
	"engineColor": "FFD37FFF"
	"cellTrnsY":1,
	"flying":true
	"engineSize ": 5,
    "isCounted":false,
    "abilities": [
        {
    "type":"ForceFieldAbility",/*类型:力场能力 */
    "radius": 32,/*半径大小，按8/格算！ */
    "regen": 0.02,/*再生，力场回血的速度，别过高！ */
    "max": 250,/*力场血量上限 */
    "cooldown": 900,}/*冷却时间，力场打没了之后重新出现的时间 */
    {
			"type": "RepairFieldAbility",
			"amount": 50,
			"reload":240
			"range":48
			"healEffect":"heal"
			"activeEffect":"healWaveDynamic"
			"wasHealed":"false"
		}
    ],
	"weapons": [
        {
        "length":1.5,
		"reload":30,
		"rotate":false,
		"shootSound": "shootSnap",
		"alternate":true,
		"name":"小激光"
		"mirror":false
        "top": true
	    "y":8,
	    "x":0,         
        "bullet":{
        "type": "LaserBulletType",
		"hitEffect": "hitMeltdown",
		"length":125
		"lifetime": 45,
		"damage": 45,
		"width": 15,
	    "colors":["6974C4FF" "6974C4FF" "A4B8FAFF"]
		"largeHit":"true"
		"lightColor":"F0FFFF"
        },
        }
        {"name":"A型",/*贴图的名字 */
	"x":8,"y":0,/*位置 x为上下y为左右 */
	"mirror":"true",/*镜像，是否对称 */
	"reload":20,/*重新装弹速度 */
	"rotate": "true",/*是否旋转 */
	"rotateSpeed":4,/*旋转速度 */
	"shootEffect":"shootSmall",/*射击效果 */
	"shootSound":"shoot",/*射击声 */
	"bullet":{
	"type":"ArtilleryBulletType",/*子弹类型 */
	"damage":55,/*伤害 */
	"frontColor":"A4B8FAFF",/*子弹颜色 正面颜色*/
	"backColor":"6974C4FF",/*背景色 */
	"width": 12,/*子弹宽度 */
	"height": 18,/*子弹长度 */
	"speed": 8,/*子弹速度 */
	"lifetime":60,//存在时间，帧
    }  
	},
	]
"research":""
}