{
	"type": "flying",
	"name": "天戟",
	"description": "顾名思义",
	"speed":1.2,
	"drag":0.06,
	"hitSize":32
	"mass":40,
	"turnCursor":false,
	"health":12000,
    "armor":150,
	"itemCapacity":170,
	"engineColor": "FFD37FFF"
	"cellTrnsY":1,
	"flying":true
	"engineSize ": 5,
    "isCounted":false,
    "abilities": [
        {
    "type":"ForceFieldAbility",/*类型:力场能力 */
    "radius": 88,/*半径大小，按8/格算！ */
    "regen": 0.1,/*再生，力场回血的速度，别过高！ */
    "max": 800,/*力场血量上限 */
    "cooldown": 600,}/*冷却时间，力场打没了之后重新出现的时间 */
    {
			"type": "RepairFieldAbility",
			"amount": 100,
			"reload":240
			"range":80
			"healEffect":"heal"
			"activeEffect":"healWaveDynamic"
			"wasHealed":"false"
		}
    ],
	"weapons": [
        {
        "length":1.5,
		"reload":35,
		"rotate":false,
		"shootSound": "shootSnap",
		"alternate":true,
		"name":"小激光"
		"mirror":true
        "top": true
	    "y":8,
	    "x":8,
	    "shootEffect":{
        "type":"ParticleEffect",
        "lifetime":20,
        "particles":12,
        "length":20,
        "cone":30,
        "colorFrom":"6974C4FF",
        "colorTo":"FFFFFFFF",
        "sizeFrom":4,
        "sizeTo":0
    },   
        "bullet":{
        "type": "LaserBulletType",
		"hitEffect": "hitMeltdown",
		"length":200
		"lifetime": 25,
		"damage": 65,
		"width": 30,
		"shake":1,
	    "colors":["6974C4FF" "6974C4FF" "FFFFFFFF"]
		"largeHit":"true"
		"lightColor":"F0FFFF"
		"status":"electrified",
		"fragBullet": {
    	"type":"LightningBulletType",
        "despawnEffect":"none",
        "lightningLength":12,
        "lightningColor":"6974C4FF",
        "lifetime":10,
        "drawSize":10,
	    "damage":20}
		"hitEffect":{"type": "MultiEffect",
	        "effects": [
            {"type": "WaveEffect",
            "lifetime": 12,
            "sizeFrom": 1,
            "sizeTo": 28,
            "strokeFrom":7,
            "strokeTo": 0,
            "colorFrom": "6974C4FF",
            "colorTo": "FFFFFFFF"}
            {"type": "WaveEffect",
            "lifetime": 18,
            "sizeFrom": 1,
            "sizeTo": 45,
            "strokeFrom":7,
            "strokeTo": 0,
            "colorFrom": "6974C4FF",
            "colorTo": "FFFFFFFF"}
            ]}        	          
        },
        }
        {
        "length":1.5,
		"reload":600,
		"rotate":false,
		"shootSound": "shootSnap",
		"alternate":true,
		"name":"B型"
		"mirror":false
        "top": true
	    "y":12,
	    "x":0,
	    "continuous":true,
    "cooldownTime":180,
	    "shootEffect":{
    "type":"ParticleEffect",
    "lifetime":30,
    "particles":22,
    "length":40,
    "cone":60,
    "colorFrom":"6974C4FF",
    "colorTo":"FFFFFFFF",
    "sizeFrom":4,
    "sizeTo":0
    },         
        "bullet":{
    "type":"ContinuousLaserBulletType",
    "damage":250,
    "width":10,"length":350,
    "colors":["6974C4FF", "6974C4FF", "FFFFFF"],
    "hitEffect":{"type": "ParticleEffect",
    "particles": 6,
    "sizeFrom": 12,
    "sizeTo": 0,
    "line":true,
    "length": 85,
    "baseLength": 0,
    "colorFrom": "6974C4FF",
    "colorTo": "6974C4FF",
    "cone": 60},
    "lifetime":300,
    "shake":4,
    "despawnEffect":"smokeCloud",
    "smokeEffect":"none",
    "chargeEffect":{"type": "WaveEffect",
    "sizeFrom": 100,
    "sizeTo": 10,
    "strokeFrom": 0,
    "strokeTo": 9,
    "colorFrom": "6974C4FF",
    "colorTo": "FFFFFFFF"},
    "incendChance":0.1,
    "incendSpread":6,
    "incendAmount":1
	}
	},   
    {
        "length":1.5,
		"reload":1,
		"inaccuracy":2.5,
		"rotate":true,
		"shootSound": "shootSnap",
		"alternate":true,
		"name":"D型"
		"mirror":true
        "top": true
	    "y":2,
	    "x":8,         
        "bullet":{
        "type":"MissileBulletType"
            "sprite":"missile-large"
            "homingPower":5,
            "speed":10
            "width":6,
            "height":9,
            "drag":-0.0025,
            "homingRange":120,
            "keepVelocity":false,
            "trailLength":8
            "trailWidth":4
            "trailEffect":"despawn"
            "damage":35
            "splashDamage":32
            "splashDamageRadius":40
            "lifetime":30,
            "trailColor":"6974C4FF",
            "backColor":"6974C4FF",
            "frontColor":"FFFFFFFF",
            "status":"electrified",
            "hitEffect":{"type": "MultiEffect",
	        "effects": [
            {"type": "WaveEffect",
            "lifetime": 12,
            "sizeFrom": 1,
            "sizeTo": 28,
            "strokeFrom":7,
            "strokeTo": 0,
            "colorFrom": "6974C4FF",
            "colorTo": "FFFFFFFF"}
            {"type": "WaveEffect",
            "lifetime": 18,
            "sizeFrom": 1,
            "sizeTo": 45,
            "strokeFrom":7,
            "strokeTo": 0,
            "colorFrom": "6974C4FF",
            "colorTo": "FFFFFFFF"}
            ]}        	          
        },
        }
        {
        "length":1.5,
		"reload":60,
		"rotate":true,
		"shootSound": "shootSnap",
		"alternate":true,
		"name":"E型"
		"mirror":true
        "top": true
	    "y":-8,
	    "x":12,
        "bullet":{
		"damage": 140,
		"lifetime": 90,
		"speed": 6,
		"height": 30,
		"width": 30,
		"shake":2
		"chargeEffect": {
			"type": "MultiEffect",
			"effects": [
				"lancerLaserCharge",
				"lancerLaserChargeBegin"
			]
		},
		"shootEffect": "lancerLaserShoot",
		"status": "freezing",
		"statusDuration": 120,
		"frontColor": "FFFFFFFF",
		"backColor": "6974C4FF",
		"trailColor": "6974C4FF",
		"trailParam": 5,
		"trailLength": 10,
		"trailWidth": 5,
		"trailInterval": 10,
		"trailRotation": true,
		"trailEffect": "trailFade",
		"hitEffect":{"type": "MultiEffect",
	        "effects": [
            {"type": "WaveEffect",
            "lifetime": 12,
            "sizeFrom": 1,
            "sizeTo": 38,
            "strokeFrom":7,
            "strokeTo": 0,
            "colorFrom": "6974C4FF",
            "colorTo": "FFFFFFFF"}
            {"type": "WaveEffect",
            "lifetime": 18,
            "sizeFrom": 1,
            "sizeTo": 55,
            "strokeFrom":7,
            "strokeTo": 0,
            "colorFrom": "6974C4FF",
            "colorTo": "FFFFFFFF"}
            ]} 
		"despawnEffect": {
			"type": "ExplosionEffect",
			"sparkColor": "6974C4FF",
			"smokeColor": "6974C4FF",
			"waveColor": "6974C4FF",
			"waveStroke": 4.0,
			"waveRad": 16.0,
			"waveLife": 15.0,
			"sparks": 5,
			"sparkRad": 16.0,
			"sparkLen": 5.0,
			"sparkStroke": 4.0
		},
		"splashDamage": 50,
		"splashDamageRadius": 40
        }
        }
	]
"research":""
}