{	
"createWreck":false
"createScorch":false
"isEnemy":true
"envDisabled":0
"name":"潜伏"
"description":"",
"type":"legs"
"speed":1
"drag":0.10
"hitSize":12
"rotateSpeed":3
"health":800
"armor":5
"legStraightness":0.3
"stepShake":0
//"immunities":["xx"]
"maxRange":280,
"legCount":4
"legLength":6
"lockLegBase":true
"legContinuousMove":true
"legExtension":-6
"legBaseOffset":6
"legMaxLength":1.1
"legMinLength":0.8
"legLengthScl":0.95
"legForwardScl":0.9
"legGroupSize":3
"rippleScale":0.2

"legMoveSpace":3
"allowLegStep":true
"hovering":true
"legPhysicsLayer":false

"shadowElevation":0.1
"groundLayer":74
"targetAir":true
"research":""
	"weapons": [
		{
			"name": "AA型",
			"x": 5,
			"y": 0,
			"shake": 0,
			"top": false,
			"shoot": {
				"shots": 3,
			},
			"reload": 40,
			"recoil": 1,
			"ejectEffect": "casing1",
			"shootSound": "shoot",
			"bullet": {
				"damage": 9,
				"speed": 6,
				"lifetime": 40,
			}
		}
		{
			"name": "AB型",
			"x": 0,
			"y": 4,
			"shake": 0,
			"top": false,
			"mirror":false
			"shoot": {
				"shots": 2,
				"shotDelay": 5
			},
			"reload": 60,
			"recoil": 1,
			"ejectEffect": "casing1",
			"shootSound": "shoot",
				"bullet": {
		"type":"LightningBulletType",
         "hitEffect":"hitLancer",
         "despawnEffect":"none",
         "lightningLength":12,
         "lightningColor":"84F491FF",
         "lifetime":30,
         "drawSize":20,
	     "damage":18,
			}
		}
	]
}