{
	"type": "mech",
	"name": "爬行",
	"description": "",
	"research": "",
	"health": 280,
	"armor": 6,
	"speed": 1.75,
	"rotateSpeed": 5,
	"lowAltitude": false,
	"canBoost": true,
	"boostMultiplier": 4,
	"engineOffset": 5,
	"engineSize": 4,
	"range": 160,
	"mechLandShake": 2,
	"riseSpeed": 0.05,
	"mechFrontSway": 0.55,
	"hitSize": 9,
	"weapons": [
		{
			"name": "AA型",
			"x": 5,
			"y": 0,
			"shake": 0,
			"top": false,
			"shoot": {
				"shots": 3,
			},
			"reload": 40,
			"recoil": 1,
			"ejectEffect": "casing1",
			"shootSound": "shoot",
			"bullet": {
				"damage": 9,
				"speed": 6,
				"lifetime": 40,
			}
		}
	]
} 