{
	"type": "flying",
	"name": "空袭",
	"description": "顾名思义",
	"speed":4,
	"drag":0.06,
	"hitSize":12
	"mass":12,
	"turnCursor":false,
	"health":450,
	"itemCapacity":50,
	"engineColor": "FFD37FFF"
	"cellTrnsY":5,
	"flying":true
	"engineSize ": 3,
    "isCounted":false,
	"weapons": [
		{
		"length":1.5,
		"reload":20,
		"rotate":true,
			"shootSound": "shootSnap",
		"alternate":true,
		"bullet": {
		"type":"LightningBulletType",
         "hitEffect":"hitLancer",
         "despawnEffect":"none",
         "lightningLength":12,
         "lightningColor":"A4B8FAFF",
         "lifetime":30,
         "drawSize":20,
	     "damage":25,
			
		},
		}
	]
"research":""
}