{	
"createWreck":false
"createScorch":false
"isEnemy":true
"envDisabled":0
"name":"隐藏"
"description":"",
"type":"legs"
"speed":0.7
"drag":0.10
"hitSize":18
"rotateSpeed":3
"health":1600
"armor":10
"legStraightness":0.3
"stepShake":0
"maxRange":280,
"legCount":4
"legLength":12
"lockLegBase":true
"legContinuousMove":true
"legExtension":-6
"legBaseOffset":6
"legMaxLength":1.1
"legMinLength":0.8
"legLengthScl":0.95
"legForwardScl":0.9
"legGroupSize":3
"rippleScale":0.2

"legMoveSpace":3
"allowLegStep":true
"hovering":true
"legPhysicsLayer":false

"shadowElevation":0.1
"groundLayer":74
"targetAir":true
"research":""
	"weapons": [
	{"length":1.5,
		"reload":60,
		"rotate":false,
		"shootSound": "shootSnap",
		"alternate":true,
		"name":"AC型"
		"mirror":true
        "top": true
	    "y":8,
	    "x":8,
	    "shoot": {
				"shots": 8,
				"shotDelay": 5
			},
	"bullet":{
	"type":"BasicBulletType",
    "frontColor":"FFFFFFFF",
    "backColor":"84F491FF",
    "trailColor":"84F491FF",
    "trailLength":15,
    "trailInterval":4,
    "width":10,
    "height":10,
    "lightColor":"84F491FF",
    "lifetime":40,
    "speed":8,
    "shootEffect":{
        "type":"WaveEffect",
        "lifetime":15,
        "sizeFrom":6,
        "sizeTo":4,
        "colorFrom":"84F491FF",
        "colorTo":"84F491FF",
        "strokeFrom":1,
        "strokeTo":1
        },
    "damage":75,
    "drag":-0.011,
    "pierce":true,
    "pierceBuilding":true,
    "pierceCap":3,
    "trailEffect":"none",
    "smokeEffect":"none",
    "hitEffect":{"type": "MultiEffect",
	        "effects": [
            {"type": "WaveEffect",
            "lifetime": 12,
            "sizeFrom": 1,
            "sizeTo": 28,
            "strokeFrom":7,
            "strokeTo": 0,
            "colorFrom": "84F491FF",
            "colorTo": "FFFFFFFF"}
            {"type": "WaveEffect",
            "lifetime": 18,
            "sizeFrom": 1,
            "sizeTo": 45,
            "strokeFrom":7,
            "strokeTo": 0,
            "colorFrom": "84F491FF",
            "colorTo": "FFFFFFFF"}
            ]}        	          
    "despawnEffect":{
        "type":"MultiEffect",
        "effects":[
        {
        "type":"WaveEffect",
        "lifetime":30,
        "sizeFrom":8,
        "sizeTo":6,
        "colorFrom":"84F491FF",
        "colorTo":"84F491FF",
        "strokeFrom":1,
        "strokeTo":1
        },
        {
        "type":"ParticleEffect",
        "colorFrom":"84F491FF",
        "colorTo":"84F491FF",
        "line":true,
        "cone":360,
        "strokeTo":1,
        "strokeFrom":1,
        "lenTo":4,
        "length":10,
        "lifetime":30
        }]},
		}
		}
		{
        "length":1.5,
		"reload":50,
		"rotate":false,
		"shootSound": "shootSnap",
		"alternate":true,
		"name":"AD型"
		"mirror":false
        "top": true
	    "y":4,
	    "x":0,         
        "bullet":{
        "type": "LaserBulletType",
		"length":220
		"lifetime": 20,
		"damage": 85,
		"width": 25,
	    "colors":["84F491FF" "84F491FF" "FFFFFFFF"]
		"largeHit":"true"
		"lightColor":"FFFFFFFF"
		"hitEffect":{"type": "MultiEffect",
	        "effects": [
            {"type": "WaveEffect",
            "lifetime": 12,
            "sizeFrom": 1,
            "sizeTo": 28,
            "strokeFrom":7,
            "strokeTo": 0,
            "colorFrom": "84F491FF",
            "colorTo": "FFFFFFFF"}
            {"type": "WaveEffect",
            "lifetime": 18,
            "sizeFrom": 1,
            "sizeTo": 45,
            "strokeFrom":7,
            "strokeTo": 0,
            "colorFrom": "84F491FF",
            "colorTo": "FFFFFFFF"}
            ]}        	          
        },}
	]
}