{
    "type": "payload",
    "name":"框架"
    "payloadCapacity": 1844
    "description": "能够通过强大的磁力将地面的单位吸附上来，运载比自身体积还大的单位，同时拥有较快的移动速度，但没有攻击力。\n\n[blue][超限技术特种作战单元]",
    "immunities": [
		"wet","spore-slowed","tarred","甲板损坏"
	],
    "speed": 1.8
    "hitSize": 24
    "health": 1640,
    	"rotateSpeed": 2.5
    	"ammoType":"copper",
	"ammoCapacity": 300,
        "targetAir":false,  
    "targetGround":true,
    "faceTarget": false,
		"circleTarget": true,
    "flying": true,
    "armor":12
    "targetFlags":["turret","core"],
    "engineColor": "c0ecff",
	"trailColor": "1878BF",
	"engineLayer": 100,
	"engineSize": 3.1,
	"engineOffset": 6,
	"trailLength": 18,
	"trailWidth": 2,
	"itemCapacity": 125
	"parts":[
	{
			"type": "HoverPart",//悬浮特效
			"layerOffset": -1,//图层偏移
			"mirror": true,//镜像对称
			"x": 0,//X位置
			"y": 0,//Y位置
			"radius": 40,//大小
			"color": "c0ecff",//颜色
			"phase": 0,//相位，初始角度
			"circles": 12,//圈子界限
			"stroke": 1,//粗细
			"minStroke": 0//最小粗细
		}
		{
			"type": "ShapePart",
			"colorTo":"c0ecff",
			"color": "c0ecff",
			"layer":110,
			"stroke": 2,
			"strokeTo": 2,
			"circle": true,
			"hollow": true,
			"radius": 8
			"radiusTo": 8
			"x": 0,    "y": 0,
},
{
			"type": "ShapePart",
			"colorTo":"c0ecff",
			"color": "c0ecff",
			"layer":110,
			"stroke": 2,
			"strokeTo": 2,
			"circle": true,
			"hollow": false
			"radius": 4
			"radiusTo": 4
			"x": 0,    "y": 0,
},
{
		"type": "HaloPart",
		"rotateSpeed":0
		"sides": 3,
		"shapes": 4,
		"color": "c0ecff",
		"colorTo":"c0ecff",
		"layer":110,
		"tri": true,
		"radius": 4
		"radiusTo": 4,
		"triLength": 4,
		"triLengthTo":4,
		
		"haloRadius": 4,
		"haloRadiusTo": 4,
		"haloRotation": 0,
		"haloRotateSpeed": 3
    }
		]
    "weapons": [
   {
		    "name": "框架"
			"x": 0
			"y": 0
			"reload": 180
			"shootY": 0,
			"mirror": true
			"rotate": false,
			"rotateSpeed": 0,
			"useAmmo": false,
			"alwaysShooting": true,
			"ejectEffect":"none",
	        "shootSound":"none",
			"recoil": 0,
			"showStatSprite": false
			"parts":[
        	    {
                    "type":"RegionPart",
                    "mirror":false,
                    "x":0,"y":0,
                    "suffix":"-框"
                    "layer":120,
                    "moveX":0,
                    "moveY":0
                    "moveRot":360
                    "outline": false,
                    "progress":"reload",
                }
                {
                    "type":"RegionPart",
                    "mirror":false,
                    "x":0,"y":0,
                    "suffix":"-框"
                    "layer":120,
                    "moveX":0,
                    "moveY":0
                    "moveRot":-360
                    "outline": false,
                    "progress":"reload",
                }
            ]
			"bullet": {
                "type": "BombBulletType",
                "splashDamageRadius": 0,
                "splashDamage": 0,
                "speed": 0,
                "lifetime": 0
                "knockback": 0
                "shootEffect": "none",
				"hitEffect": "none",
				"despawnEffect": "none"
				"smokeEffect": "none"
				"hitSound":"none",
			}
		}
    ]
 /*  "research": {
	"parent":"uAABT1I掠影"
	"objectives": [
            {
				"type": "SectorComplete",
				"preset": "saltflats"
			}
	]
	}*/
}