{
	"type": "GenericCrafter",
	"size": 3,
	"itemCapacity": 36,
	"liquidCapacity": 36,
	"consumes": {
		"power": 3.6,
		"items": [
			"titanium/3"
		],
		"liquid": "water/1"
	},
	"updateEffect": "freezing",
	"craftTime": 60,
	"outputLiquid": "cryofluid/1",
	"requirements": [
		"铱板/70",
		"metaglass/40",
		"silicon/60",
		"plastanium/35"
	],
	"drawer": {
		"type": "DrawMulti",
		"drawers": [
			{
				"type": "DrawRegion",
				"suffix": "-bottom"
			},
			{
				"type": "DrawLiquidTile",
				"drawLiquid": "water"
			},
			{
				"type": "DrawLiquidTile",
				"drawLiquid": "cryofluid"
			},
			"DrawDefault",
			{
				"type": "DrawGlowRegion",
				"alpha": 1,
				"glowScale": 5,
				"color": "0097F5"
			}
		]
	},
	"category": "crafting",
	"research": "cryofluid-mixer"
}