{
	// "type": "ItemTurret",
	//炮塔类型有: 
	"name": "单管炮",
	"description": "基础小炮台。",
	"health": 160,
	"size": 1,
	 "shots":2
	"reload":30,
	//装弹时间，越小越快(60为1秒)
	"range": 80,
	//射程(半径,8代表一格)
	"inaccuracy":0,
	//子弹偏转度
	"recoil":3,
			"drawer": {
		"type": "DrawTurret",
		"parts": [
					{
				"type": "RegionPart",
				"suffix": "-左",
				"under": false,
				"mirror": false,
				"moveX": 0.3,
				"moveY": 0
                "heatColor": "FF7055FF"			//  "moveRot": 45	
			},
			{
				"type": "RegionPart",
				"suffix": "-右",//后缀
				"under": false,//在不在下面
				"mirror": false,//镜像
				"moveX": -0.3,//横向移动
				"moveY": 0//纵向移动
                "heatColor": "FF7055FF"//过热颜色
               // "moveRot": -45//转动角度
			},
		]
	},
	   "consumes":{
	 "coolant": {
           "amount": 0.1,
           "optional": true
          }
	}
	//后坐力
	"alternate":true,
	//炮口是否轮流射击
	"shoot":1
	"rotateSpeed":5,
	//炮台转动速度
	"maxAmmo":20,
	//弹药量
	"alwaysUnlocked":false,
	//科技树里是否默认解锁
	"ammoTypes": {
		"铝": {
		    //铜
			"speed":6,
			"damage":15,
			"reloadMultiplier":1.2,
			"ammoMultiplier":4,
			"width":5,
			"height":8,
			"inaccuracy":3,
			"smokeEffect": "none",
			"lifetime":20 
		}
		"锂": {
		    //铅
			"speed":6,
			"damage":18,
			"reloadMultiplier":1,
			"ammoMultiplier":4,
			"width":5,
			"height":8,
			"inaccuracy":2,
			"smokeEffect": "none",
			"lifetime":20
		},
		}
	"requirements": [
	    "铝/30" ,
	],
	"category": "turret",
	"research": {
		"parent": "基础核心",
    "requirements":[
        "铝/70",
        ]
	},

}