{
	 "type": "ItemTurret",
	//炮塔类型有: 
	"name": "天道·审判",
	"description": "向敌人发射审判之镖",
	"health": 200000,
	"size": 8,
	"reload":300,
	//装弹时间，越小越快(60为1秒)
	"range": 450,
	//射程(半径,8代表一格)
	"inaccuracy":0,
	//子弹偏转度
	"recoil":3,
	"coolantMultiplier":0.2
			"drawer": {
		"type": "DrawTurret",
		"parts": [
					{
                "type": "ShapePart",
                "progress": "reload",
                "color": "6F80E8FF",
                "stroke": 5,
                "strokeTo": 5,
                "circle": true,
                "hollow": true,
                "radius": 200,
                "radiusTo": 300,
                "layer": 110
            },
		{
                "type": "ShapePart",
                "progress": "reload",
                "color": "6F80E8FF",
                "stroke": 5,
                "strokeTo": 5,
                "circle": true,
                "hollow": true,
                "radius": 200,
                "radiusTo": 0,
                "layer": 110
            },
            {
                "type": "HaloPart",
                "progress": {
                    "type": "reload",
                    "op": "delay",
                    "amount": 0
                },
                "rotateSpeed": 0,
                "sides": 3,
                "shapes": 12,
                "color": "6F80E8FF",
                "tri": true,
                "hollow": true,
                "radius": 53,
                "radiusTo": 0,
                "triLength": 50,
                "triLengthTo": 0,
                "haloRadius": 200,
                "haloRotation": 90,
                "haloRotateSpeed": 1.4,
                "layer": 110
            },
           
               {
                "type": "HaloPart",
                "progress": {
                    "type": "reload",
                    "op": "delay",
                    "amount": 0
                },
                "rotateSpeed": 0,
                "shapeRotation": 180,
                "sides": 6,
                "shapes": 12,
                "color": "6F80E8FF",
                "tri": true,
                "hollow": true,
                "stroke": 0,
                "strokeTo": 0,
                "radius": 53,
                "radiusTo": 0,
                "triLength": 50,
                "triLengthTo": 0,
                "haloRadius": 200,
                "haloRotation": 45,
                "haloRotateSpeed": -1,
                "layer": 110
            },
		]
	},
	   "consumes":{
	 "coolant": {
           "amount": 3,
           "optional": true
          }
	}
	//后坐力
	"rotateSpeed":1
	//炮台转动速度
	"maxAmmo":80,
	//弹药量
	"alwaysUnlocked":false,
	//科技树里是否默认解锁
	"ammoTypes": {
		"超代合晶": {
		    //铜
			"speed":8,
			"damage":1600,
			"reloadMultiplier":1.2,
			"ammoMultiplier":4,
			"width":50,
			"height":50,
			 "drag":0.02,
			    "absorbable":false,//受力墙影响
			"smokeEffect": "none",
			"lifetime":600
			"sprite": "测试-天道子弹",
			"spin": 16,
			"pierce":true,
		    "knockback": 4
		    "shrinkY": 0,
            "shrinkX": 0,
            	"bulletInterval":5
			//传播型破片子弹的生成时间间隔
			"intervalRandomSpread":50
			//传播型破片子弹随机传播
			"intervalBullets":2
			//传播型破片子弹数量
			"intervalAngle":0
			//破片子弹角度
			"intervalSpread":0
			//破片子弹间隔
			"fragBullets":20
			//破片子弹总数
        "intervalBullet": {
       	"speed":5.8,
			"damage":900,
			"reloadMultiplier":1.2,
			"ammoMultiplier":4,
			"width":12,
			"height":12,
			 "drag":0.03,
			"smokeEffect": "none",
			"lifetime":600
			"sprite": "测试-天道子弹",
			"spin": 10,
			   "absorbable":false,//受力墙影响
			"pierce":true,
		    "knockback": 15
		    "shrinkY": 0,
            "shrinkX": 0,
          /*    "bulletInterval":0,
        "intervalBullets": 1,
        "intervalRandomSpread": 360,
        "intervalSpread": 360,
        "intervalAngle": 0,
        "intervalBullet": {
         "type":"LightningBulletType",
    "damage":240,
    "lightningLength":8,
	"ammoMultiplier":1,
    "collidesAir": true
"lightningColor": "6F80E8FF",
        },*/
        },
		}
		}
	"requirements": [
	    "铝/50000"
	    "纯硅晶/30000"
	    "塑胶/12000"
	    "赤金/15000"
	    "金辉合金/12000"
	    "初代合晶/8000"
	    "次代合晶/5000"
	    "超代合晶/2000"
	    "终代合晶/800"
	],
	"category": "turret",
	"research": {
		"parent": "",
	},

}