{
    //"type": "PowerTurret",
    "Name": "奇瑟炮",
    "description": "快速充能并向单位发射强力能量束，可直接攻击空军，能量束可对空军造成伤害。",
    "size":2,
    "health":1800,
    "range":200,
    "reload":40,
    "shootSound":"laser",
    "rotateSpeed":4,
    "shake":1.5,
    "shoot":{
    	"type":"ShootAlternate",
    	"barrels":2,
		//炮口数量
		"spread":5,
		//炮口间距设定
    }
    //炮口数量
    "targetAir":true,
    //是否攻击空军
    "targetGround": true,
    //是否攻击地面单位
    "recoil": 4,
    "consumes":{
		"power":33.33333333333
			 "coolant": {
           "amount": 0.4,
           "optional": true
          }
	}
    "shootType": {
        "type": "LaserBulletType",
        "length":210,
        "width":18,
        "hitSize":10,
        "damage":200,
        "hitEffect":"hitLancer",
        "hitSize":7,
        "ammoMultiplier":1,
        "knockback":0.36,
        "shootEffect":"lancerLaserShoot",
        "smokeEffect":"lancerLaserCharge",
        "collidesAir":true,
        //是否能攻击到空中单位
        "sideAngle":15,
        "sideWidth":0,
        "sideLength":0
    },
    "requirements": [
        "铝/400",
        "锂/550",
        "废晶/200",
        "粗硅晶/260",
    ],
    "category": "turret",
   	"research": {
		"parent": "集束",
		"objectives": [
      {
				"type": "SectorComplete",
				"preset": "炮台研究所"
			},
    ],
	},
}
