{
     "type":"ItemTurret",
     "name":"星原", 
     "description":"大型炮塔，向远处的敌人射出一大簇弹药。
     "health":3250,
	     "size":3,
	     	"reload": 90,//装填速度
		   "targetAir":false,
     "targetGround":true,
	 "rotateSpeed":5
	 "range":350,
	 "shootSound":"artillery"
	 "recoil": 2,
	 "knockback": 6,
	 "inaccuracy": 6,
	 "shots": 2,
	 	 "velocityInaccuracy":0.1
		 "ammoUseEffect":"lightningShoot"
		 	"maxAmmo":50,//弹夹容量
		 	"ammoPerShot":3,//射击一次消耗子弹
		 
	 "ammoTypes": {
	     "炸药": {
	       "type":"ArtilleryBulletType"
		   "speed":5
		   "lifetime":200
     "width": 20
                   "status":"blasted",
     "height": 40
	 "hitEffect":"plasticExplosionFlak"
	 "splashDamageRadius":73,
	   "splashDamage":84,
	 "reloadMultiplier":0.8
	 "frontColor":"FF6A6A"
     "reloadMultiplier":1.2
	 "fragBullets":9,
     "ammoMultiplier": 2
	 "fragLifeMin":0.2,
		"fragLifeMax":1.5
		"fragBullet":{
		"fragBullets":6,
				"type":"ArtilleryBulletType",
				"speed": 3
				"lifetime": 40,
			              "status":"blasted",	
				"width": 20,
				"height": 20,
				 	"homingPower":0.8,
				"splashDamage": 60,
				"splashDamageRadius": 35,
			"despawnEffect":"plasticExplosionFlak"
			  "frontColor":"FF8247"
}

}

"磷": {
	       "type":"ArtilleryBulletType"
		  "speed":5
		   "lifetime":200
     "width": 20
     "height": 30
                                 "makeFire":true,
        //制造火焰
        "incendChance":0.5,
        //引火概率
        "incendSpread":1,
        //燃烧蔓延
        "incendAmount":10
        //引火数量
	 "hitEffect":"plasticExplosionFlak"
	 "splashDamageRadius":43,
	   "splashDamage": 121,
	 "frontColor":"FFFACD"
	 "reloadMultiplier":1.4
	 "fragBullets":3,
     "ammoMultiplier": 3
	 "fragLifeMin":0.3,
		"fragLifeMax":1
		"fragBullet":{
		"fragBullets":3,
				"type":"ArtilleryBulletType",
				"speed": 3
				"lifetime": 40,
				                            "makeFire":true,
        //制造火焰
        "incendChance":0.5,
        //引火概率
        "incendSpread":1,
        //燃烧蔓延
        "incendAmount":10
        //引火数量
         	"homingPower":0.8,
				"width": 20,
				"height": 20,
				"splashDamage": 70,
				"splashDamageRadius": 20,
			"despawnEffect":"plasticExplosionFlak"
			  "frontColor":"FFFACD"
}

}


"塑胶": {
	       "type":"ArtilleryBulletType"
	  "speed":5
		   "lifetime":200
     "width": 25
     "height": 35
	 "hitEffect":"plasticExplosionFlak"
	 "splashDamageRadius":73,
	   "splashDamage":84,
	 "reloadMultiplier":0.8
	 "frontColor":"#25e79d"
     "reloadMultiplier":1.2
	 "fragBullets":18,
     "ammoMultiplier": 2
	 "fragLifeMin":0.2,
		"fragLifeMax":1.0
		"fragBullet":{
		"fragBullets":15,
				"type":"ArtilleryBulletType",
				"speed": 3
				"lifetime": 40,
				"width": 20,
				"height": 20,
				 	"homingPower":0.8,
				"splashDamage": 45,
				"splashDamageRadius": 35,
			"despawnEffect":"plasticExplosionFlak"
			  "frontColor":"#25e79d"
}




}
}


	  "requirements": [
		{ "item": "锂", "amount":500 }
		{ "item": "锡", "amount":225 }
		{ "item": "塑胶", "amount":95 }
		{ "item": "金", "amount":175 }
        { "item": "铝钢", "amount":200 }
		
	],
	"category": "turret",
	"research": "陨星"
}