{
 "type": "LiquidTurret",
	"name": "灭火器",
	"description": "灭火专用",
	"health":900,
	"size":1,
	"armor":2,
	"reload":30,
	"range":200,
	"recoil":0,
	"outlineColor":"212121",
	//轮廓颜色
	"shootSound":"shootLiquid",
	"inaccuracy":0,
	//子弹偏移
	"maxAmmo":300,
	            "liquidCapacity":300,
		"shoot": {
    "type": "shootBarrel",
    "shots": 100,//炮口数量
    "barrels": [
    0,0,0,
    0,0,5,
    0,0,10,
    0,0,15,
    0,0,20,
    0,0,25,
    0,0,30,
    0,0,35,
    0,0,40,
    0,0,45,
    0,0,50,
    0,0,55,
    0,0,60,
    0,0,65
    0,0,70
    0,0,75,
    0,0,80,
    0,0,85,
    0,0,90,
    0,0,95
    0,0,100
    0,0,105,
    0,0,110
    0,0,115
    0,0,120
    0,0,125
    0,0,130,
    0,0,135,
    0,0,140,
    0,0,145
    0,0,150,
    0,0,155
    0,0,160
    0,0,165,
    0,0,170
    0,0,175
    0,0,180,
    0,0,-5,
    0,0,-10,
    0,0,-15,
    0,0,-20,
    0,0,-25,
    0,0,-30,
    0,0,-35,
    0,0,-40,
    0,0,-45,
    0,0,-50,
    0,0,-55,
    0,0,-60,
    0,0,-65
    0,0,-70
    0,0,-75,
    0,0,-80,
    0,0,-85,
    0,0,-90,
    0,0,-95
    0,0,-100
    0,0,-105,
    0,0,-110
    0,0,-115
    0,0,-120
    0,0,-125
    0,0,-130,
    0,0,-135,
    0,0,-140,
    0,0,-145
    0,0,-150,
    0,0,-155
    0,0,-160
    0,0,-165,
    0,0,-170
    0,0,-175
    0,0,-180,
    ],//炮口位置（左右，前后，倾斜）
    "shotDelay":0,
}
	"ammoTypes": {
    "water":{
    "type": "LiquidBulletType",
    "liquid": "water",
    "lifetime":50,
    "speed":4.2,
    "puddleSize":8,
    "orbSize":4,
    "knockback":1,
    "statusDuration":600,
	"status":"wet",	
	"damage": 0.1
    },   
    	  "oil":{
    "type": "LiquidBulletType",
    "liquid": "oil",
    "lifetime":50,
    "speed":4.2, 
    "puddleSize":8,
    "orbSize":4,
    "knockback":1,
    "statusDuration":60,
	"status":"burning",	
	"hitEffect":"flakExplosion",
	"damage": 0.1
    },
    "slag":{
    "type": "LiquidBulletType",
    "liquid": "slag",
    "lifetime":50,     "speed":4.2, 
    "puddleSize":8,
    "orbSize":4,
    "knockback":1,
    "statusDuration":600,
	"status":"melting",	
	"damage": 3
    },
    "cryofluid":{
    "type": "LiquidBulletType",
    "liquid": "cryofluid",
    "lifetime":50,     "speed":4.2, 
    "puddleSize":8,
    "orbSize":4,
    "statusDuration":600,
    "knockback":1,
    "statusDuration":600,
	"status":"freezing",	
	"damage": 0.1
    }
	},
	"requirements": [
	    "纯硅晶/80",
	    "铝钢/70",
	    "有机玻璃/380"
	],
	"category": "turret",
	"research": "涓涓"
}