{
	//"type":"ItemTurret",
	"name":"灾灭",
	"description":"子弹虽贵，伤害牛逼\n名字来自花开富贵",
	"size":3,
	"health":21000,
		"buildCostMultiplier": 0.5,
		"unitSort":"strongest",//优先攻击高血量单位
	"range":650,
		"ammoPerShot":5,//射击一次消耗子弹
	"rotateSpeed":4
	"recoil":1,//后坐力,
	"reload":180,
	        "moveWhileCharging":true,
    //是否转动时也能充能
			    "consumes": {
        "power": 38,
        "coolant": {
            "amount": 1,
            "optional": true
        }
        }
	"requirements":[
	    { "item": "纯硅晶", "amount": 1200}
	    { "item": "废晶", "amount":900}
	
		{ "item": "固态能", "amount": 250},
			{ "item": "赤金", "amount": 620},
			{ "item": "金辉合金", "amount": 240},
				{ "item": "初代合晶", "amount": 120},
			{ "item": "次代合晶", "amount": 20},		
	],
	"category":"turret",
		"research": {
		"parent": "重击",
		"objectives": [
      {
				"type": "SectorComplete",
				"preset": "极地冰原"
			},
    ],
	},
	//"reloadTime":100,
	"restitution":5.6,
	"ammoUseEffect":"casing3Double",
	"recoilAmount":10,
	"cooldown":10,
	"shootShake":3,
	"shots":1,
	"shootCone":2.4,
	"ammoTypes":{
	    
	"固态能":{
	  "buildingDamageMultiplier":0.001,
        	"type":"PointBulletType",
         	"shootEffect": {
		"type": "multiEffect",
			"lifetime": 60,
			"effects": [
				{
            "type": "WaveEffect"
            "sizeFrom": 60
            "sizeTo": 0
            "lifetime":10
            "sides":0
            "colorFrom": "#ff0000"
            "colorTo": "#ff0000"
            "strokeFrom":2
            "strokeTo": 0
            }
            ]
            }
        	"hitEffect": {
		"type": "multiEffect",
			"lifetime": 60,
			"effects": [
				{
            "type": "WaveEffect"
            "sizeFrom": 60
            "sizeTo": 0
            "lifetime":20
            "sides":0
            "colorFrom": "#ff0000"
            "colorTo": "#ff0000"
            "strokeFrom":6
            "strokeTo": 0
            }
            ]
            }
        	"smokeEffect":"smokeCloud",
        //	"trailEffect":"instTrail",
        		"width":0.5,
            "despawnEffe":"instBomb",
          "backColor":"#083cd5",
            "frontColor":"#083cd5",
		     "heatColor":"#083cd5",
		     "trailColor":"#083cd5",
        	//"trailSpacing":0.5,
         	"damage":800,
        	"tileDamageMultiplier":1.9,
         	"speed":880,
        	"hitShake":3,
        	"ammoMultiplier":2
        			"trailSpacing": 0.5,
					"trailEffect": {
						"type": "ParticleEffect",
						"particles": 1,
						"length": 0,
						"baseLength": 1,
						"lifetime": 50,
						"line": true,
						"randLength": false,
						"lenFrom": 10,
						"lenTo": 10,
						"strokeFrom": 2,
						"strokeTo": 0,
						"colorFrom": "#ff0000",
						"colorTo": "#ff0000",
						"cone": 0
					},
"fragBullets":4
"fragBullet": {
"type": "PointBulletType",
"despawnEffect": "instBomb",
		"trailSpacing": 0.5,
					"trailEffect": {
						"type": "ParticleEffect",
						"particles": 1,
						"length": 0,
						"baseLength": 1,
						"lifetime": 50,
						"line": true,
						"randLength": false,
						"lenFrom": 10,
						"lenTo": 10,
						"strokeFrom": 2,
						"strokeTo": 0,
						"colorFrom": "#ff0000",
						"colorTo": "#ff0000",
						"cone": 0
					},
"speed": 40,
"lifetime":3
"splashDamage": 500,
"splashDamageRadius": 18,
	"hitEffect": {
		"type": "multiEffect",
			"lifetime": 60,
			"effects": [
				{
            "type": "WaveEffect"
            "sizeFrom": 60
            "sizeTo": 0
            "lifetime":20
            "sides":0
            "colorFrom": "#ff0000"
            "colorTo": "#ff0000"
            "strokeFrom":6
            "strokeTo": 0
            }
            ]
            }
	},},
	        "金辉合金":{
	    	  "buildingDamageMultiplier":0.001,
        	"type":"PointBulletType",
        	"shootEffect": {
		"type": "multiEffect",
			"lifetime": 60,
			"effects": [
				{
            "type": "WaveEffect"
            "sizeFrom": 60
            "sizeTo": 0
            "lifetime":10
            "sides":0
            "colorFrom": "#ff0000"
            "colorTo": "#ff0000"
            "strokeFrom":2
            "strokeTo": 0
            }
            ]
            }
	"hitEffect": {
		"type": "multiEffect",
			"lifetime": 60,
			"effects": [
				{
            "type": "WaveEffect"
            "sizeFrom": 60
            "sizeTo": 0
            "lifetime":20
            "sides":0
            "colorFrom": "#ff0000"
            "colorTo": "#ff0000"
            "strokeFrom":6
            "strokeTo": 0
            }
            ]
            }
        	"smokeEffect":"smokeCloud",
       		"trailSpacing": 0.5,
					"trailEffect": {
						"type": "ParticleEffect",
						"particles": 1,
						"length": 0,
						"baseLength": 1,
						"lifetime": 50,
						"line": true,
						"randLength": false,
						"lenFrom": 10,
						"lenTo": 10,
						"strokeFrom": 2,
						"strokeTo": 0,
						"colorFrom": "#ff0000",
						"colorTo": "#ff0000",
						"cone": 0
					},
            "despawnEffe":"instBomb",
            "backColor":"#083cd5",
            "frontColor":"#083cd5",
		    "heatColor":"#083cd5",
		     "trailColor":"#083cd5",
        	//"trailSpacing":5,
	 //   "splashDamageRadius":30,
	    "damage":1200,
        	"tileDamageMultiplier":1.9
         	"speed":880,
        	"hitShake":3,
        	"ammoMultiplier":1.2
        	
	    }
	            "初代合晶":{
	    	  "buildingDamageMultiplier":0.001,
        	"type":"PointBulletType",
          	"shootEffect": {
		"type": "multiEffect",
			"lifetime": 60,
			"effects": [
				{
            "type": "WaveEffect"
            "sizeFrom": 60
            "sizeTo": 0
            "lifetime":10
            "sides":0
            "colorFrom": "#ff0000"
            "colorTo": "#ff0000"
            "strokeFrom":2
            "strokeTo": 0
            }
            ]
            }
	"hitEffect": {
		"type": "multiEffect",
			"lifetime": 60,
			"effects": [
				{
            "type": "WaveEffect"
            "sizeFrom": 60
            "sizeTo": 0
            "lifetime":20
            "sides":0
            "colorFrom": "#ff0000"
            "colorTo": "#ff0000"
            "strokeFrom":6
            "strokeTo": 0
            }
            ]
            }
        	"smokeEffect":"smokeCloud",
        	//"trailEffect":"instTrail",
            "despawnEffe":"instBomb",
            "backColor":"#083cd5",
            "frontColor":"#083cd5",
		    "heatColor":"#083cd5",
		     "trailColor":"#083cd5",
        		"trailSpacing": 9,
					"trailEffect": {
						"type": "ParticleEffect",
						"particles": 1,
						"length": 0,
						"baseLength": 1,
						"lifetime": 50,
						"line": true,
						"randLength": false,
						"lenFrom": 10,
						"lenTo": 10,
						"strokeFrom": 2,
						"strokeTo": 0,
						"colorFrom": "#ff0000",
						"colorTo": "#ff0000",
						"cone": 0
					},
	    "splashDamageRadius":20,
	    "splashDamage":1800,
        	"tileDamageMultiplier":1.9,
         	"speed":880,
        	"hitShake":3,
        	"ammoMultiplier":1.2
        	
	    }
	            "次代合晶":{
	    	  "buildingDamageMultiplier":0.001,
        	"type":"PointBulletType",
         	"shootEffect": {
		"type": "multiEffect",
			"lifetime": 60,
			"effects": [
				{
            "type": "WaveEffect"
            "sizeFrom": 60
            "sizeTo": 0
            "lifetime":10
            "sides":0
            "colorFrom": "#ff0000"
            "colorTo": "#ff0000"
            "strokeFrom":2
            "strokeTo": 0
            }
            ]
            }
        	//"hitEffect":"instHit",
        		"hitEffect": {
		"type": "multiEffect",
			"lifetime": 60,
			"effects": [
				{
            "type": "WaveEffect"
            "sizeFrom": 60
            "sizeTo": 0
            "lifetime":20
            "sides":0
            "colorFrom": "#ff0000"
            "colorTo": "#ff0000"
            "strokeFrom":6
            "strokeTo": 0
            }
            ]
            }
        	"smokeEffect":"smokeCloud",
       // 	"trailEffect":"instTrail",
            "despawnEffe":"instBomb",
            "backColor":"#083cd5",
            "frontColor":"#083cd5",
		    "heatColor":"#083cd5",
		     "trailColor":"#083cd5",
        		"trailSpacing": 9,
					"trailEffect": {
						"type": "ParticleEffect",
						"particles": 1,
						"length": 0,
						"baseLength": 1,
						"lifetime": 50,
						"line": true,
						"randLength": false,
						"lenFrom": 10,
						"lenTo": 11,
						"strokeFrom": 2,
						"strokeTo": 0,
						"colorFrom": "#ff0000",
						"colorTo": "#ff0000",
						"cone": 0
					},
	    "splashDamageRadius":30,
	    "splashDamage":2200,
        	"tileDamageMultiplier":1.9,
         	"speed":880,
        	"hitShake":3,
        	"ammoMultiplier":3.2
        	
	    }
	},
	"coolantMultiplier":2
	
}