{
	"size": 2,
	"name":"电子机枪",
	"description":"用耗电与伤害换来射速与范围",
	"type":"PowerTurret"
	"health": 720,
	"reload": 2,
	"range": 320,
	"inaccuracy": 0,
	"shoot":{
    	"type":"ShootAlternate",
    	"barrels":3,
		//炮口数量
		"spread":2.5,
		//炮口间距设定
		"shots":3,
		//每次射出子弹数
		"shotDelay":0.5,
		//射击延迟
    },
	"targetAir" : true, 
	"targetGround" : true,
	"targetHealing": false,
	"shootCone" : 2,
	"spread" : 4,
	"recoil" : 0,
	"restitution" : 0.04, 
	"rotateSpeed": 18,
	"shootSound" : "lasershoot",
	"consumes": {
	     "power": 25,
	     "coolant": {
           "amount": 0.6,
           "optional": true
           		"coolantMultiplier":5	
          }
    },
	"hasPower" : true,
	"liquidCapacity": 30,
	"shootType" : {
      "type" : "BasicBulletType",
      "speed":8,
      "lifetime":40,
      "width":6,
      "height":10,
      "ammoMultiplier": 1, 
     // "healPercent": 2,
   //   "backColor":"98FFA9FF",
      "collidesAir":true,
      "collidesGround": true,
      "collidesTeam":false,
      "damage": 35,
      },
	"requirements": [
		{ "item": "粗硅晶", "amount": 80},
		{ "item": "纯硅晶", "amount": 30},
		{ "item": "锡", "amount": 150}
			{ "item": "铝钢", "amount": 50}
	],
	"category": "turret",
		"research": {
		"parent": "电子防空炮",
		
		"objectives": [
      {
				"type": "SectorComplete",
				"preset": "狭窄基地"
			},
    ],
    
	},
}