{
    "name": "压水式反应堆[核岛]"
    "description": "一台压水式轻水反应堆，可以配合涡轮机产生十分可观的电力\n\n[accent][--压水式反应堆使用手册--]\n[white]启动前准备\n  [lightgrey]1.将核岛连接外部电力，为反应堆内电源供电 \n  2.将核岛接入硼酸水管，打开抽水泵，打开注水器 \n  3.等待堆芯内循环硼酸水注满，关闭注水器 \n  4.将核岛接入常规水管，蒸汽输出管道，选择冷却剂方案 \n  5.向核岛内运送核燃料，选择核燃料方案，打开换料器 \n  6.等待堆芯内核燃料装载完成，关闭换料器\n[white]启动反应堆\n  [lightgrey]1.调整控制棒至合适位置\n  2.监测反应堆状态\n  3.当堆芯内燃料不足时，打开换料器补充核燃料\n[white]运行须知  \n  [lightgrey]核心温度高于 2760'C 时，核心会熔毁\n  堆芯温度高于 343'C 时，堆心里的水会沸腾\n  堆芯内压力高于 16兆帕 时，有可能蒸汽泄漏\n  堆芯内压力高于 17兆帕 时，堆芯会蒸汽爆炸\n  堆芯内核燃料无法输出时，反应堆会强制停机\n[white]控制器解释\n  [lightgrey]运行简报：反应堆当前状态的提示，点击以关闭\n  换料器：用于向核心内装填核燃料组件\n  注水器：用于向堆芯内循环补充硼酸水\n  排气阀：用于排出堆芯内淤积的蒸汽\n  抽水泵：控制核岛与外界流体的交互"
    "health": 5400
	"size": 5
	"hasPower": true
	"hasLiquids": true
	"hasItems": true
	"itemCapacity": 20
	"liquidCapacity": 800
	"canOverdrive": false
	"requirements": [
	    
	]
	"drawer":{
	    "type":"DrawMulti"
	    "drawers":[
	        {
	        "type": "DrawRegion"
            "suffix": "-bottom"
	        }
            {
            "type": "drawLiquidTile"
            "drawLiquid": "water"
            "padding": 0
            }
            {
            "type": "drawLiquidTile"
            "drawLiquid": "蒸汽"
            "padding": 0
            }
            {
            "type": "drawLiquidTile"
            "drawLiquid": "高压蒸汽"
            "padding": 0
            }
            {
            "type": "drawLiquidTile"
            "drawLiquid": "超高压蒸汽"
            "padding": 0
            }
            {
	        "type": "DrawRegion"
            "suffix": "-internal"
	        }
	        {
            "type": "drawLiquidTile"
            "drawLiquid": "硼酸水"
            "padding": 10
            }
            "DrawDefault"
	    ]
	},
	"category": "power"
}