{
    "name": "蒸汽轮机"
    "health": 680
	"size": 3
	"hasPower": true
	"hasLiquids": true
	"hasItems": true
	"liquidCapacity": 30
	"requirements": [
	
	]
	"category": "power"
	"drawer":{
	    "type":"DrawMulti",
	    "drawers":[
	    {
	    "type": "DrawRegion"
        "suffix": "-bottom"
	    }
	    {
        "type": "DrawRegion"
        "suffix": "-top"
        "rotateSpeed": 4.8
        }
	    {
        "type": "drawLiquidTile"
        "drawLiquid": "蒸汽"
        "padding": 3
        }
        {
        "type": "drawLiquidTile"
        "drawLiquid": "高压蒸汽"
        "padding": 3
        }
        {
        "type": "drawLiquidTile"
        "drawLiquid": "超高压蒸汽"
        "padding": 3
        }
	    "DrawDefault"
	    ]
	}
}