{
    "name":"凋零"
    "type": "ParticleEffect",
	"damageMultiplier":0.5
	//攻击力倍率（数值越大，攻击力越高）
	"healthMultiplier":0.1
	//血量倍率（数值越大，血量最大上限越高）
	"speedMultiplier":0.8
	//速度倍率（数值越大，移动越快）
	"reloadMultiplier":0.8
	//射速倍率（数值越大，射速越快）
	"damage":800
	//扣血速度（数值越大，扣血越快）
	"permanent":true
	//如果为ture
	//这个状态永远存在 在单位身上，除非单位死亡
	//如果为false 则没有永远存在的效果
	//如果为true，则此效果将仅与其他效果反应，无法应用
	"color":"EDC346FF"
	//状态颜色
	"effect":"none"
	//效果
	"effectChance":1
	//效果数量（数值越大,效果越多越密集）
}