{
    "type": "GenericCrafter",
    "health": 240,
    "name": "坩埚",
    "description": "生产加倍，需要水辅助降温",
    "outputItem": {
        "item": "metaglass",
        "amount": 2
    },
    "itemCapacity": 20,
    "size": 2,
    "hasPower": true,
    "hasLiquids": true,
    "hasItems": true,
    "craftTime": 30,
    "updateEffect": "none",
    "drawer": {
        "type": "DrawMulti",
        "drawers": [
            "DrawDefault",
            "DrawFlame"
        ]
    },
    "consumes": {
        "power": 1.5,
        "liquid": {
            "liquid": "water",
            "amount": 0.1,
            "booster": false
        },
        "items": {
            "items": [
                {
                    "item": "lead",
                    "amount": 2
                },
                {
                    "item": "sand",
                    "amount": 2
                }
            ]
        }
    },
    "requirements": [
        {
            "item": "copper",
            "amount": 135
        },
        {
            "item": "lead",
            "amount": 165
        },
        {
            "item": "graphite",
            "amount": 35
        },
        {
            "item": "metaglass",
            "amount": 65
        }
    ],
    "category": "crafting",
    "research": "silicon-smelter"
}