{
    "type": "GenericCrafter",
    "health": 240,
    "name": "重压机",
    "description": "生产加倍，需要水辅助降温",
    "outputItem": {
        "item": "graphite",
        "amount": 2
    },
    "itemCapacity": 20,
    "size": 2,
    "hasPower": false,
    "hasLiquids": true,
    "hasItems": true,
    "craftTime": 60,
    "updateEffect": "none",
	"drawer":{
		"type":"DrawMulti",
		"drawers":[
			{
				"type":"DrawDefault"
			},
			{
				"type":"DrawRegion",
				//这个type允许新增旋转贴图
				//当然，旋转速度设为0也可以新增静态贴图
				"suffix":"-rotator",
				//"贴图后缀"
				"rotateSpeed":2
				//贴图旋转速度
			},
			{
				"type":"DrawRegion",
				//这个type允许新增旋转贴图
				//当然，旋转速度设为0也可以新增静态贴图
				"suffix":"-top",
				//"贴图后缀"
				"rotateSpeed":0
				//贴图旋转速度
			}
		]
	}
    "consumes": {
        "liquid": {
            "liquid": "water",
            "amount": 0.1,
            "booster": false
        },
        "items": {
            "items": [
                {
                    "item": "coal",
                    "amount": 2
                }
            ]
        }
    },
    "requirements": [
        {
            "item": "copper",
            "amount": 235
        },
        {
            "item": "lead",
            "amount": 165
        },
        {
            "item": "graphite",
            "amount": 35
        }
    ],
    "category": "crafting",
    "research": "graphite-press"
}