{
    "type": "GenericCrafter",
    "health": 240,
    "name": "钻石压缩机",
    "description": "钻石!",
    "outputItem": {
        "item": "钻石",
        "amount": 1
    },
    "itemCapacity": 20,
    "size": 3,
    "hasPower": true,
    "hasLiquids": true,
    "hasItems": true,
    "craftTime": 30,
    "updateEffect": "none",
    "consumes": {
        "power": 10,
        "liquid": {
            "liquid": "water",
            "amount": 1,
            "booster": false
        },
        "items": {
            "items": [
                {
                    "item": "graphite",
                    "amount": 10
                },
            ]
        }
    },
    "requirements": [
        {
            "item": "copper",
            "amount": 135
        },
        {
            "item": "lead",
            "amount": 165
        },
        {
            "item": "graphite",
            "amount": 35
        },
        {
            "item": "metaglass",
            "amount": 65
        }
    ],
    "category": "crafting",
    "research": "silicon-smelter"
}