{
	"name": "储备油桶",
	"type": "Wall",
	"size": 1,
	"armor": -8,
	"variants": 5,
	"solid": false,
	"targetable": false,
	"underBullets": true,
	"requirements": [
		"石油桶/8"
	],
	"destroyBullet": {
		"splashDamage": 300,
		"splashDamageRadius": 50,
		"buildingDamageMultiplier": 0.05,
		"pierceArmor": true,
		"collides": false,
		"instantDisappear": true,
		"hittable": false,
		"absorbable": false,
		"status": "blasted",
		"hitSound": "explosionbig",
		"hitSoundVolume": 3,
		"hitShake": 5,
		"hitEffect": {
			"type": "MultiEffect",
			"effects": [
				"massiveExplosion",
				{
					"type": "ParticleEffect",
					"particles": 12,
					"length": 44,
					"baseLength": 10,
					"sizeFrom": 10,
					"sizeTo": 0,
					"lifetime": 65,
					"layer": 70,
					"interp": "pow10Out",
					"sizeInterp": "pow5In",
					"colorFrom": "737373",
					"colorTo": "73737350"
				},
				{
					"type": "WaveEffect",
					"interp": "circleOut",
					"lifetime": 22,
					"sizeFrom": 1,
					"sizeTo": 50,
					"strokeFrom": 8,
					"strokeTo": 0,
					"colorFrom": "d97c7c",
					"colorTo": "d97c7c"
				}
			]
		},
		"despawnEffect": {
			"type": "ParticleEffect",
			"particles": 1,
			"length": 0,
			"baseLength": 0,
			"sizeFrom": 8,
			"sizeTo": 0,
			"lifetime": 110,
			"sizeInterp": "pow3In",
			"colorFrom": "f8ad42",
			"colorTo": "f68021"
		},
		"fragBullets": 5,
		"fragBullet": {
			"type": "BasicBulletType",
			"damage": 820,
			"splashDamage": 730,
			"splashDamageRadius": 25,
			"buildingDamageMultiplier": 45.5,
			"hitSize": 16,
			"hittable": false,
			"absorbable": false,
			"pierce": true,
			"pierceArmor": true,
			"status": "tarred",
			"statusDuration": 600,
			"speed": 10,
			"lifetime": 10,
			"hitShake": 3.5,
			"width": 0,
			"height": 0,
			"trailChance": 0,
			"trailInterval": 0.12,
			"trailEffect": {
				"type": "ParticleEffect",
				"particles": 2,
				"length": 10,
				"baseLength": 0,
				"sizeFrom": 3.3,
				"sizeTo": 0,
				"lifetime": 80,
				"layer": 90,
				"interp": "fastSlow",
				"sizeInterp": "pow5In",
				"colorFrom": "f8ad42",
				"colorTo": "73737350"
			},
			"hitSound": "boom",
			"hitSoundVolume": 3,
			"hitEffect": {
				"type": "ParticleEffect",
				"particles": 4,
				"sizeFrom": 3,
				"sizeTo": 0,
				"length": 16,
				"baseLength": 0,
				"lifetime": 16,
				"colorFrom": "f8ad42",
				"colorTo": "f68021"
			},
			"despawnEffect": "blastExplosion",
			"intervalDelay": 1,
			"bulletInterval": 0.12,
			"intervalBullets": 1,
			"intervalBullet": {
				"type": "FireBulletType",
				"speed": 4,
				"lifetime": 10,
				"damage": 280,
				"splashDamage": 220,
				"splashDamageRadius": 25,
				"buildingDamageMultiplier": 45.5,
				"pierceArmor": true,
				"hitSize": 16,
				"status": "burning",
				"statusDuration": 600,
				"makeFire": true
			}
		}
	},
	"buildCostMultiplier": 0.5,
	"buildVisibility":"editorOnly",
	"category": "defense"
}