{
	"name": "液液的超绝冷冻王座喵",
	"type": "Router",
	"size": 1,
	"health": 183,
	"speed": 18.3,
	"solid": false,
	"targetable": false,
	"underBullets": true,
	"requirements": [
		"titanium/183",
		"冷冻液桶/183",
		"硅钢/183",
		"纳米核/183",
		"plastanium/183",
		"surge-alloy/183",
		"泰勒合金/183",
		"莱普合金/183",
		"一级协议/183",
		"二级协议/183",
		"三级协议/183"
	],
	"destroyBullet": {
		"type": "BasicBulletType",
		"instantDisappear": true,
		"height": 0,
		"width": 0,
		"collides": false,
		"hittable": false,
		"absorbable": false,
		"status": "freezing",
		"statusDuration": 1830,
		"splashDamageRadius": 183,
		"splashDamage": 1830,
		"hitShake": 1,
		"hitSound": "plasmaboom",
		"hitEffect": {
			"type": "MultiEffect",
			"effects": [
				{
					"type": "ParticleEffect",
					"particles": 8,
					"sizeFrom": 32,
					"sizeTo": 0,
					"length": 183,
					"baseLength": 84,
					"lifetime": 30,
					"colorFrom": "c0ecffFF",
					"colorTo": "c0ecff00"
				},
				{
					"type": "ParticleEffect",
					"particles": 30,
					"line": true,
					"strokeFrom": 4,
					"strokeTo": 0,
					"lenFrom": 24,
					"lenTo": 0,
					"length": 183,
					"baseLength": 0,
					"lifetime": 30,
					"colorFrom": "c0ecff",
					"colorTo": "c0ecff"
				},
				{
					"type": "WaveEffect",
					"lifetime": 30,
					"sizeFrom": 0,
					"sizeTo": 183,
					"strokeFrom": 4,
					"strokeTo": 0,
					"colorFrom": "c0ecff",
					"colorTo": "c0ecff"
				},
				{
					"type": "WrapEffect",
					"effect": "dynamicSpikes",
					"color": "c0ecff",
					"rotation": 183
				}
			]
		},
		"despawnEffect": "none",
		"fragBullets": 32,
		"fragBullet": {
			"type": "PointBulletType",
			"trailSpacing": 3,
			"trailEffect": {
				"type": "MultiEffect",
				"effects": [
					{
						"type": "ParticleEffect",
						"particles": 1,
						"length": 0,
						"baseLength": 1,
						"lifetime": 7.5,
						"line": true,
						"randLength": false,
						"lenFrom": 3.3,
						"lenTo": 3.3,
						"strokeFrom": 1.2,
						"strokeTo": 0,
						"colorFrom": "c0ecff",
						"colorTo": "c0ecff",
						"cone": 0
					},
					{
						"type": "ParticleEffect",
						"particles": 1,
						"sizeFrom": 1,
						"sizeTo": 0,
						"length": 0,
						"baseLength": 3,
						"lifetime": 15,
						"colorFrom": "c0ecff",
						"colorTo": "c0ecff"
					}
				]
			},
			"damage": 183,
			"lifetime": 18,
			"speed": 13,
			"splashDamageRadius": 30,
			"splashDamage": 183,
			"status": "freezing",
			"statusDuration": 183,
			"smokeEffect": "none",
			"hitSound": "explosion",
			"hitEffect": {
				"type": "MultiEffect",
				"effects": [
					{
						"type": "ParticleEffect",
						"particles": 8,
						"sizeFrom": 2,
						"sizeTo": 0,
						"length": 35,
						"baseLength": 0,
						"lifetime": 25,
						"interp": "pow5Out",
						"colorFrom": "c0ecff",
						"colorTo": "c0ecff"
					},
					{
						"type": "WaveEffect",
						"lifetime": 15,
						"sizeFrom": 1,
						"sizeTo": 30,
						"strokeFrom": 3,
						"strokeTo": 0,
						"colorFrom": "c0ecff",
						"colorTo": "c0ecff"
					}
				]
			},
			"despawnEffect": {
				"type": "ParticleEffect",
				"particles": 1,
				"sizeFrom": 4,
				"sizeTo": 0,
				"length": 0,
				"baseLength": 0,
				"lifetime": 26,
				"colorFrom": "c0ecff",
				"colorTo": "c0ecff"
			}
		}
	},
	"buildCostMultiplier": 0.183,
	"buildVisibility":"editorOnly",
	"category": "distribution"
}