{
   "type": "missile",
   "lowAltitude": true,
   "speed": 1.5,
   "deathExplosionEffect": "fallSmoke",
   "controller": "MissileAI",
   "rotateSpeed": 2,
   "lifetime": 800,
   "homingDelay": 25,
   "isEnemy": false,
   "allowedInPayloads": false,
   "playerControllable": false,
   "physics": false,
   "useUnitCap": false,
   "createWreck": false,
   "createScorch": false,
   "flying": true,
   "hidden": true,
   "health": 500,
   "hitSize": 12,
   "engineColor": "FFB90F",
   "outlineRadius": 0,
   "engineSize": 0.5,
   "trailLength": 6,
   "drawCell": false,
   "maxRange": 12,
   "trailColor": "FFB90F",
   "weapons": [
      {
         "name": "6666",
         "shootCone": 360,
         "shootOnDeath": true,
         "controllable": false,
         "shootSound": "none",
         "bullet": {
            "type": "ExplosionBulletType",
            "lifetime": 25,
            "speed": 3,
            "instantDisappear": true,
            "keepVelocity": false,
            "splashDamageRadius": 28,
            "splashDamage": 35,
            "killShooter": true,
            "despawnEffect": "formsmoke",
            "homingPower": 1,
            "homingRange": 50,
            "homingDelay": 5,
            "shootEffect": {
               "type": "WaveEffect",
               "lifetime": 28,
               "colorFrom": "FFB90F",
               "colorTo": "FFB90F",
               "lightColor": "FFB90F",
               "sizeFrom": 3,
               "sizeTo": 0,
               "lightScl": 3.0,
               "lightOpacity": 0.5,
               "strokeFrom": 2
            }
         }
      },
      {
         "name": "。？？",
         "reload": 20,
         "x": 0,
         "y": -0.5,
         "mirror": true,
         "rotate": true,
         "inaccuracy": 0,
         "alternate": true,
         "top": false,
         "ejectEffect": "casing1",
         "bullet": {
            "damage": 19,
            "speed": 8,
            "lifetime": 30,
            "width": 5,
            "height": 8,
            "homingPower": 0.055,
            "homingRange": 50,
            "homingDelay": 15
         }
      }
   ]
}