{
   "immunities": [
      "unmoving",
      "freezing"
   ],
   "research": {
      "parent": "磁动力机甲平台",
      "requirements": [
         "qwe/900"
      ]
   },
   "name": "磁动力机甲",
   "description": "俯冲并释放闪电",
   "details": "这段直接搞来饱火的json(",
   "rotateSpeed": 3.5,
   "speed": 2.5,
   "hitSize": 9,
   "flying": true,
   "armor": 2,
   "accel": 0.1,
   "drag": 0.09,
   "range": 40,
   "trailLength": 2.23,
   "trailColor": "819EFF",
   "targetAir": true,
   "circleTarget": true,
   "health": 1200,
   "engineColor": "819EFF",
   "weapons": [
      {
         "name": "11",
         "shoot": {
            "shots": 8,
            "shotDelay": 2.5
         },
         "reload": 98,
         "x": 0.55,
         "y": 0,
         "mirror": true,
         "rotate": false,
         "inaccuracy": 6,
         "ignoreRotation": true,
         "ejectEffect": "casing1",
         "shootSound": "shoot",
         "bullet": {
            "drag": 0.016,
            "damage": 9,
            "speed": 9,
            "lifetime": 10,
            "width": 5,
            "height": 8,
            "frontColor": "819EFF",
            "backColor": "819EFF"
         }
      },
      {
         "name": "11",
         "shake": 0,
         "x": 0,
         "y": 0,
         "rotateSpeed": 5,
         "reload": 8,
         "recoil": 0.2,
         "shootSound": "laser",
         "inaccuracy": 30,
         "rotate": true,
         "bullet": {
            "type": "LightningBulletType",
            "lightningColor": "819EFF",
            "hitColor": "819EFF",
            "damage": 25,
            "lightningLength": 4,
            "lightningLengthRand": 6,
            "shootEffect": "shootHeal"
         }
      }
   ]
}