{
	"health": 78000,
	"weapons":[
	{	"name": "海神1",
	"reload": 180,  
	"x": 0,  "y": 0, 
	"shootY":10,
	"cooldownTime": 90,
	"rotate": true,
	"rotateSpeed":4,
	"mirror":false,
	"inaccuracy": 0,
	"shootSound":"railgun",
	"shake":8,
	"bullet":{	
	"type":"RailBulletType",
	"buildingDamageMultiplier":0.75,
	"damage":5000,
	"pierce": true,	
	"pierceBuilding":true,
	"pierceEffect":"railHit",
	"pointEffect":"railTrail",
	"hitEffect":"massiveExplosion",
	"shootEffect":"railShoot",
	"smokeEffect":"smokeCloud",
	"pierceDamageFactor":0.75,
	"length":784,
	"despawnEffect":"bigShockwave"
	}	}
	]
}
