{
	"type": "GenericCrafter",
	"name": "重型石墨压缩机",
	"description": "
	因理有误，已清此处。
	若有所思，若有所想。
	请君反馈，至群知晓。
	641660274
	",
	"outputItem": {"item": "graphite","amount": 13 },
	"size": 3,
	"itemCapacity": 80,
	"hasPower": true,
	"hasLiquids": true,
	"hasItems": true,
	"craftTime": 40,
	"consumes": {
		"power": 6.56,
		"items": {
		    "items": [
		{"item": "coal","amount": 6 },
		{"item": "pyratite","amount": 4 }
		]
	},
	"liquid": {
	    "liquid":"纯净水",
	    "amount": 0.2
	}
},
	"requirements": [
		{ "item": "塑料", "amount": 80 },
		{ "item": "钛板", "amount": 40 },
		{ "item": "silicon", "amount": 80 },
		{ "item": "水泥", "amount": 60 }
	],
	"category": "crafting",
	"research": "原版工业类",
	"idleSound": "respawning",
	"idleSoundVolume": 0.5
}