{
    "details": "新的装甲结构与动力系统，更加可靠的纳米修复器",
    "health": 1600,
    "armor": 7,
    "speed":2.66,
    "weapons": [
        {
            "name": "幻型1",
            "reload": 22,
            "x": 8,
            "y": -6,
            "rotate": true,
            "rotateSpeed": 10,
            "inaccuracy": 0,
            "shootSound": "lasershoot",
            "bullet": {
                "type": "LaserBoltBulletType",
                "frontColor": "97FFA8FF",
                "backColor": "97FFA8FF",
                "healPercent": 6,
                "damage": 14,
                "collidesTeam": true,
                "trailLength": 3,
                "trailWidth": 1.3,
                "trailColor": "97FFA8FF",
                "speed": 8,
                "lifetime": 26,
                "width": 2,
                "height": 8
            }
        },
        {
            "name": "幻型1",
            "reload": 14,
            "x": 4,
            "y": 5,
            "rotate": true,
            "rotateSpeed": 10,
            "inaccuracy": 0,
            "shootSound": "lasershoot",
            "bullet": {
                "type": "LaserBoltBulletType",
                "frontColor": "97FFA8FF",
                "backColor": "97FFA8FF",
                "healPercent": 4,
                "damage": 11,
                "collidesTeam": true,
                "trailLength": 3,
                "trailWidth": 1.3,
                "trailColor": "97FFA8FF",
                "speed": 8,
                "lifetime": 24,
                "width": 2,
                "height": 8
            }
        }
    ]
}