{
	"type": "GenericCrafter",
	"name": "奇点孢子荚转换",
	"description": "制作物质源的材料，非常贵",
	"details":"物质源可以造物品源"
	"outputItems":["spore-pod/10000",]//产出
	"size":1,//建筑大小
	"health":210,//血量
	"craftTime":60,//÷60
	"itemCapacity":10000,//容量
	"consumes": {
    "power":16.6666666667//×60
    "items":{
          "items":[
	            "孢子荚奇点/1",
	]
	}
	}
    "requirements":[
                "copper/10",
                "物液板/10",
	],//建造材料
    "category": "logic",
	"research":"奇点巨浪合金转换",
	"planet": "Serpulo",//所属星球
	"idleSound":"respawning",
	"updateEffect":"smeltsmoke",
	"idleSoundVolume": 0.5
	"hasPower": true,
	"hasLiquids": false,
	"hasItems": true,
}
//"drawer":{
//    "type":"DrawMulti",
//    "drawers":[
//    "DrawDefault",
//    "DrawFlame"
//    ]
//    }