{
    "type": "GenericCrafter",
    "name": "传颂之物交易中心",
   	"description":"和宇宙中最神秘的存在换取最完美的能量物质",
   	"details":"[black]这群家伙缺物品不缺能量\n别想量产(除非你开无敌作弊)",
    "category": "crafting",
    "requirements": [
        "莫比乌斯合金/250","phase-fabric/3000","surge-alloy/3000","阴影合金/1500","闪耀合金/1500","贤者之石/50",
    ],
    "outputItem": "传颂之物/1",
    "craftTime": 600.00,
    "itemCapacity": 600,
    "size": 4,
    "hasPower": true,
    "hasLiquids": false,
	"drawer":{
		"type":"DrawMulti",
		"drawers":[
		"DrawDefault",
		{"type":"DrawFrames",
		"frames":10,
		"frameSpeed":60,
		"interval":30,
		"sine":false}
		]
	}
    "consumes": {
        "items": {
            "items": [
                "贤者之石/300"
            ]
        },
        "power": 2500000
    }
    "research": "贤者之石制造"

}