{
    "type": "GenericCrafter",
    "name": "超简易莫比乌斯燃料制造机",
   	"description":"用煤炭以极高的耗能合成莫比乌斯燃料",
   	"details":"意外的发现（现形象为量产版",
    "category": "crafting",
    "requirements": [
        "copper/200","lead/200","titanium/200","plastanium/100"
    ],
    "outputItem": "莫比乌斯燃料/1",
    "craftTime": 300.00,
    "itemCapacity": 200,
    "size": 2,
    "hasPower": true,
    "hasLiquids": false,
	"drawer":{
        "type":"DrawMulti",
        "drawers":[
            "DrawDefault",
    {"type":"DrawFlame",
    "flameColor":"E8EB3DFF"
    		"flameRadius": 1,
		"flameRadiusIn": 0,
		"flameRadiusMag": 1.5,
		"flameRadiusInMag": 0}
            ]
    },
    "consumes": {
        "items": {
            "items": [
                "coal/100"
            ]
        },
        "power": 1500
    }
    "research": "silicon-smelter"

}