{
	"name": "埃超",
	"description": "埃超？",
	"type": "OverdriveProjector"
	"health": 600,
	"size": 1,
	"range": 700,
	"itemCapacity":10,
	"phaseUseTime":36000,
	"reload":60,
	"speedBoost":19.0000
	"consumes": {
		"power": 2.6666666666666
        "items":{
			"items":[
				{"item":"silicon","amount":7}
			]
			"booster":true
			"optional": true
		}
	},
	"requirements": [
	              "beryllium/1000","沙璃/100",
	],
	   //"buildCostMultiplier":0.01,
	   "category": "effect",
	   "research": 
    {"parent":"radar"
    "requirements": [
                "silicon/25000",
                "beryllium/25000"
    ]   
    }
}