{
    "type": "Wall",
	"name": "终断",
	"description": "别离核心太近，不然家没了",
    "details":"",
	"size":1,
	"health":1,
	"requirements": [
	"终点/12782645"
	],
		"buildCostMultiplier":0.01,
	"category": "effect",
	"research": 
    {"parent":"无尽发电机"
    "requirements":[
	            "物液奇点/250000",
    ]   
    }
	"hasItems": false,
	"hasLiquids":false,
	"outputsPower":false,
	"canOverdrive": false,
	"alwaysUnlocked":false,
	"destroyBullet": {
        "type": "BasicBulletType",
        "splashDamageRadius": 2147483647,
        "splashDamage": 2147483647,
        "makeFire": true,
        "hitEffect": {
            "type": "WaveEffect",
            "lifetime": 40,
            "sizeFrom": 100,
            "sizeTo": 40000,
            "strokeFrom": 30,
            "strokeTo": 0,
            "colorFrom": "EEC591",
            "colorTo": "ffffffff"
        },
        "despawnEffect": {
            "type": "ParticleEffect",
            "particles": 1,
            "sizeFrom": 400,
            "sizeTo": 0,
            "length": 0,
            "baseLength": 0,
            "lifetime": 100,
            "colorFrom": "EEC591",
            "colorTo": "ffffffff",
            "cone": 400
        },
        "trailColor": "FFFFFF",
        "backColor": "FF5B5BFF",
        "frontColor": "E3E3E3",
        "width": 0,
        "height": 0,
        "speed": 0,
        "lifetime": 2,
        "hitSound": "DBZ1"
    },
}
//"explodeRadius":2147483647,	
    //"explodeDamage":2147483647,
    //"fuelItem":"blast-compound",