{
	"name": "冰湖",
	"description": "一片被冰封的湖泊。
	探索日志2:“我们发现了一片冻湖，这里还有一座废弃的钨矿场，由此，我们可以断定，这里一定有外星智慧生命。
	这里的矿藏仍然丰富，也许是什么东西让他们不得不放弃这里？”",
    "conditionWave": 20,
    "launchPeriod": 20,
        "startingItems": [
    	{"item": "copper", "amount": 600},
    	{"item": "lead", "amount": 500},
    	{"item": "titanium", "amount": 350},
    	{"item": "铁", "amount": 400},
    	{"item": "钴", "amount": 500},
    	{"item": "钢", "amount": 200},
    ],
    "requirements": [
    	{
    		"type": "ZoneWave",
    		"zone": "昏暗洞穴", 
    		"wave": 45
    	},
    	{
    		"type": "Unlock",
    		"block": "巨型钍墙"
    	},
    	{
    		"type": "Unlock",
    		"block": "火箭发射器"
    	}
    	{
    		"type": "Unlock",
    		"block": "脉冲炮"
    	}
    ],
    "resources": ["copper", "lead", "coal","scrap", "titanium","thorium","铁","钴","金","钨"]
}