{
	"name": "昏暗洞穴",
	"description": "这里黑暗无比，视线大幅受阻，你只能用灯来照亮这黑暗，小心黑暗中的敌人的偷袭！
	这里有一些金，尽可能多的采集它们。
	探索日志1:“我们在探索这个名为‘伊甸’的星球时，发现了这伊甸地下世界中的一个区域，
	这里有一些金矿，我们应该在这里建造一个哨站。”",
    "conditionWave": 15,
    "launchPeriod": 15,
        "startingItems": [
    	{"item": "copper", "amount": 450},
    	{"item": "lead", "amount": 350},
    	{"item": "titanium", "amount": 120},
    	{"item": "铁", "amount": 120},
    	{"item": "钴", "amount": 120},
    ],
    "requirements": [
    	{
    		"type": "ZoneWave",
    		"zone": "真菌山脉", 
    		"wave": 36
    	},
    	{
    		"type": "Unlock",
    		"block": "巨型钛墙"
    	},
    	{
    		"type": "Unlock",
    		"block": "氢发电机"
    	}
    	{
    		"type": "Unlock",
    		"block": "速射机枪"
    	}
    	{
    		"type": "Unlock",
    		"block": "自动炮"
    	}
    ],
    "resources": ["copper", "lead", "coal", "titanium","铁","钴","金"]
}