{
	"name": "真菌洞穴",
	"description": "一座充斥真菌孢子的地下洞穴。
	探索日志3:“我们进入了另一座洞穴，这里到处都是孢子，以及一些钨”",
    "conditionWave": 20,
    "launchPeriod": 20,
        "startingItems": [
    	{"item": "copper", "amount": 600},
    	{"item": "lead", "amount": 500},
    	{"item": "titanium", "amount": 350},
    	{"item": "铁", "amount": 400},
    	{"item": "钴", "amount": 500},
    	{"item": "钢", "amount": 200},
    ],
    "requirements": [
    	{
    		"type": "ZoneWave",
    		"zone": "昏暗洞穴", 
    		"wave": 50
    	},
    	{
    		"type": "Unlock",
    		"block": "巨型钍墙"
    	},
    	{
    		"type": "Unlock",
    		"block": "弧光"
    	}
    	{
    		"type": "Unlock",
    		"block": "导向脉冲炮"
    	}
    ],
    "resources": ["copper", "lead", "coal","scrap", "titanium","thorium","铁","钴","金","钨"]
}