{
	"name": "辐射岛",
	"description": "辐射岛充斥着可怕的辐射云，有许多放射性物质，曾经在这里的核电站早已报废。
	这里有两种新物资:铀和铪，铪是重要的能量金属。同时，这里的敌人十分危险，小心应对。
	探索日志4:“我们登陆了这充斥可怕辐射的岛屿……难以想象这里究竟是怎么成为这样的。”",
    "conditionWave": 15,
    "launchPeriod": 25,
        "startingItems": [
    	{"item": "copper", "amount": 1000},
    	{"item": "lead", "amount": 1000},
    	{"item": "titanium", "amount": 700},
    	{"item": "复合钛", "amount": 400},
    	{"item": "铁", "amount": 700},
    	{"item": "钴", "amount": 700},
    	{"item": "钢", "amount": 500},
    	{"item": "钨", "amount": 240},
    ],
    "requirements": [
    	{
    		"type": "ZoneWave",
    		"zone": "冰湖", 
    		"wave": 40
    	},
    	{
    		"type": "ZoneWave",
    		"zone": "真菌洞穴", 
    		"wave": 40
    	},
    	{
    		"type": "Unlock",
    		"block": "磁共振力场"
    	},
    	{
    		"type": "Unlock",
    		"block": "粒子加速器"
    	}
    	{
    		"type": "Unlock",
    		"block": "导弹发射器"
    	}
    ],
    "resources": ["copper", "lead", "coal","scrap", "titanium","thorium","铀","铁","钴","金","钨","铪"]
}