{
    "type": "ShockMine",
    "name": "磁爆地雷",
    "description": "为了应对集团那群神出鬼没的部队，我们对原本的电弧地雷加以改进，最终制造出了mark2版 这小玩意定能让集团那些鬼玩意死在它恐怖的爆炸之下\n——.——————————.————————————————0078实战日志\n这小玩意可惜不算太成功，成本过大，且结构过于复杂导致布置时间较长最好是在他们未察觉下布置。\n[red][泽塔议会地雷]"
"details":"昂贵而可怕",
    "health": 900,
    "hasShadow":false
    "requirements": [
        { "item": "thorium", "amount": 85 },
        { "item": "lead", "amount": 200 }
	{ "item": "silicon", "amount": 165 },
	{ "item":"surge-alloy","amount": 120},
	{"item":"phase-fabric","amount":65}
    ],
    "category": "effect",
    "cooldown": 240,//冷却时间
    "tileDamage": 100,//地雷得到的伤害
    "damage": 103,//闪电的伤害
    "length": 5,//闪电长度
    "tendrils": 10,//踩中触发攻击次数
    "shots": 3,//子弹发射数量
    "teamAlpha": 0.8,//队伍贴图透明度
    "research": {
	"parent":"BA0s泽塔议会"
	"objectives": [
            {
				"type": "SectorComplete",
				"preset": "热力带"
			}
	]
	}
}