{
  "name": "墙壁采石场",
  "description": "更大的墙壁粉碎机，需要水",
  "type": "WallCrafter",
  "hasPower": true,
  "hasLiquids": true,
  "liquidCapacity": 40,
  "consumes": {
    "power": 0.25,
    "liquids": [
      "water/0.1"
    ]
  },
  "output": "sand",
  "attribute": "sand",
  "size": 3,
  "tier": 4,
  "drillTime": 30,
  "requirements": [
    "silicon/180",
    "beryllium/180",
    "static-compound/60",
    "surge-alloy/30",
    "oxide/60"
  ],
  "category": "production",
  "research": "cliff-crusher"
}
