{
   "type": "GenericCrafter",
   "health": 2850,
   "size": 3,
   "hasPower": true,
   "hasLiquids": true,
   "hasItems": true,
   "craftTime": 70,
   "itemCapacity": 50,
   "liquidCapacity": 500,
   "drawer": {
      "type": "DrawMulti",
      "drawers": [
         "DrawDefault",
         {
            "type": "DrawWarmupRegion",
            "sinMag": 0.6,
            "sinScl": 8
         },
         {
            "type": "DrawArcSmelt"
         }
      ]
   },
   "consumes": {
      "power": 18.85,
      "liquid": "water/0.9",
      "items": [
         "copper/16"
      ]
   },
   "outputItem": "铜板/4",
   "requirements": [
      "copper/180",
      "lead/70",
      "silicon/180",
      "graphite/30",
      "铅板/90"
   ],
   "category": "crafting",
   "research": {
      "parent": "铜板厂",
      "requirements": [
         "qwe/820"
      ]
   }
}