{
   "type": "GenericCrafter",
   "health": 1430,
   "size": 3,
   "hasPower": true,
   "hasLiquids": true,
   "hasItems": true,
   "craftTime": 70,
   "itemCapacity": 40,
   "liquidCapacity": 80,
   "drawer": {
      "type": "DrawMulti",
      "drawers": [
         "DrawDefault",
         {
            "type": "DrawLiquidRegion",
            "suffix": "-liquid",
            "drawLiquid": "water"
         },
         {
            "type": "DrawFlame",
            "flameColor": "69FFFAFF"
         }
      ]
   },
   "consumes": {
      "power": 2.5,
      "liquid": "water/0.12",
      "items": [
         "titanium/6"
      ]
   },
   "outputItem": "钛板/3",
   "requirements": [
      "copper/140",
      "lead/80",
      "silicon/70",
      "titanium/70"
   ],
   "category": "crafting",
   "research": {
      "parent": "铅板厂",
      "requirements": [
         "qwe/145"
      ]
   }
}