{
"name":"不稳定",
	"speedMultiplier":1.4,
    "healthMultiplier":1.75,
	"damageMultiplier": 1.3
	"reloadMultiplier": 1.3
	"buildSpeedMultiplier": 1.25
	"effectChance":1,
	"description": "使自身属性大幅度提升，并每秒扣除生命",
	"damage": 0.6,
	"transitionDamage": 0.3,
	"effect": [
     {
	    "type":"ParticleEffect"
	    "lifetime":60
	    "sizeFrom":3
	    "sizeTo":0
	    "colorFrom":"EB564BFF"
	    "colorTo":"EB564BFF"
	    "region":"虚无-闪烁",
	    "cone":120
	},
	],
}