{
    "name":"初代战争核心",
    //"type":"CoreBlock",
    "description": "初代战争核心，有一定的战斗能力，核心建造机可以对建筑造成伤害",
    "details":"初代核心的升级版。适用于推图，造价更昂贵。",
    "requirements": [
    {"amount": 4000, "item": "copper"},
    {"amount": 3000, "item": "lead"},
    {"amount": 1500, "item": "graphite"},
    {"amount": 500, "item": "silicon"},
    ],
    "unitType":"德尔塔",
    "health": 1500,
    "itemCapacity": 5000,
    "size": 3,
    "research": "奇思妙想-新纪元集团"
    "unitCapModifier": 16,
    "category": "effect"
}