{
	"name": "失灵",
	"color": "BFFFDB",
	"show": false,
	"damageMultiplier": 0.7,
	"speedMultiplier": 0.1,
	"reloadMultiplier": 0.5,
	"effectChance": 0.08,
	"effect": {
		"type": "MultiEffect",
		"effects": [
			{
				"type": "WrapEffect",
				"effect": "dynamicSpikes",
				"color": "BFFFDB",
				"rotation": 22
			},
			{
				"type": "ParticleEffect",
				"particles": 16,
				"line": true,
				"strokeFrom": 1.5,
				"strokeTo": 0,
				"lenFrom": 8,
				"lenTo": 0,
				"interp": "fastSlow",
				"sizeInterp": "pow3In",
				"length": 30,
				"baseLength": 0,
				"lifetime": 50,
				"colorFrom": "BFFFDB",
				"colorTo": "BFFFDB"
			},
			{
				"type": "ParticleEffect",
				"particles": 3,
				"length": 50,
				"lifetime": 26,
				"spin": -2,
				"interp": "pow3In",
				"region": "旅途-三角形",
				"sizeInterp": "pow5In",
				"sizeFrom": 3,
				"sizeTo": 0,
				"colorFrom": "BFFFDB",
				"colorTo": "BFFFDB"
			},
			{
				"type": "ParticleEffect",
				"particles": 3,
				"baseLength": 50,
				"length": -50,
				"lifetime": 26,
				"spin": -2,
				"interp": "pow3In",
				"region": "旅途-三角形",
				"sizeInterp": "pow5In",
				"sizeFrom": 3,
				"sizeTo": 0,
				"colorFrom": "BFFFDB",
				"colorTo": "BFFFDB"
			}
		]
	}
}