{"type": "BeamDrill"
"name": "ES光束钻墙机"
"description": "用于开采墙上的矿物，可以开采钨",
"category": "production"
"requirements": [ "铍/40","硅晶玻璃/40","硅/35" ]
"drillTime": 150
"tier": 5
"size": 2
"range": 3
"liquidBoostIntensity":1.25,//加速倍率
"research": {
    "parent": "冲击钻头"
}

"consumes": {
    "power": 1.2 /* 160 / 60 */
"liquid":{
"liquid": "水"
"amount": 0.4
"optional": true
}

}
"canOverdrive": true
	    "details":"可以承受超速所带来的负荷",
}