{"type": "BeamDrill"
"name": "强化光束钻墙机"
"description": "用于开采墙上的矿物，可以开采钍，工作需要冷却液和水",
"category": "production"
"requirements": [ "钨/60","硅晶玻璃/70","碳钢/65","铍/75" ]
"drillTime": 35
"tier": 7
"size": 2
"range": 2
"liquidBoostIntensity":1,//加速倍率
"research": {
    "parent": "冲击钻头"
}
"consumes": {
    "power": 3.2 /* 160 / 60 */
    "liquids":[
    {
        "liquid": "冷却液"
        "amount": 0.6
        "optional": true
    }
    {
        "liquid": "水"
        "amount": 1.2
    }
    ]
}
}