{
    "name":"ES爆破钻头",
    "type": "Drill",
    "description":"更快的挖矿速度，一定挖掘强度，需要电量，可以开采钨",
    "details":"原宇宙已有，研究费用降低",
    "size": 4
    "health": 660,
    "tier": 6,//挖掘等级
    "drillTime": 180,//挖掘间隔
    "liquidBoostIntensity":2,//加速倍率
    "warmupSpeed": 0.02,
	"drillEffect": "mineBig",
    "updateEffect": "mineBig",
    "rotateSpeed": 2,
    "drawMineItem": true,
    "consumes": {
    "power":2.8
        "liquid": {
            "liquid": "冷却液",
            "amount": 0.6
            "booster": true,
            "optional": true
        }
    },
    "itemCapacity": 40,//物品容量
    "liquidCapacity": 20,//液体容量
    "requirements": [	
   { "item": "铍", "amount":50},
   { "item": "钍", "amount":25}
   { "item": "硅晶玻璃", "amount":45}
   { "item": "碳钢", "amount":15}
   ],
    "category": "production",
    "research": "冲击钻头"
        "researchCostMultiplier": 0.2,
            "canOverdrive": false,
}
