{
	"name": "秃鹫级",	
	"description":"一种战争型直升机,可以大范围搜敌，极度难缠",
	"health":75,
	"speed":5.2,
	"flying":true,
	"lowAltitude":false,
	"hitSize":18,
	"engineOffset":5,
	"engineSize":1.5,
	"mineSpeed":0,
    "mineTier":0,
    "buildSpeed":0,
	"range":20000,
    "research":{
	"parent":"飞机场",
    "requirements":[
		{"item":"普通科技点","amount":2500}
	]},
	"weapons":[{
		"name": "秃鹫武器",
        "top": true,
        "reload": 8,
        "recoil": 0.85,
        "shake": 0.5,
        "ejectEffect": "shockwave",
        "shootSound": "artillery",
        "inaccuracy": 0,
        "shotDelay": 10,
        "rotate": false,
        "occlusion": 2,
        "bullet": {
            "type": "BasicBulletType",
            "width": 5,
            "damage":8,
            "height": 10,
            "lifetime": 30,
			"speed": 10,
            "shootEffect": "shootBig"    
		}
	}]
}