{
	"name": "鹰隼级",	
	"description":"专门的导弹仓能淹没敌人",
	"health":380,
	"speed":3.5,
	"flying":true,
	"lowAltitude":false,
	"hitSize":25,
	"engineOffset":5,
	"engineSize":1.5,
	"mineSpeed":0,
    "mineTier":0,
    "buildSpeed":0,
	"range":20000,
    "research":{
	"parent":"重构厂2",
    "requirements":[
		{"item":"普通科技点","amount":8000}
	]},
	"weapons":[
        {
            "name": "轻型导弹仓改",
            "reload": 20,
            "ejectEffect": "none",
            "shots": 1,
            "recoil": 0.85,
            "rotate": true,
            "shootSound": "sap",
            "rotateShooting": false,
            "bullet": {
                "type": "MissileBulletType",
                "width": 5,
                "height": 10,
                "shrinY": 0,
                "x":10,
                "drag": -0.05,
                "speed": 2.0,
                "homingRange": 45,
                "kepVelocity": false,
                "splashDamageRadius":15,
                "splashDamage": 10,
                "damage": 25,
                "lifetime": 120,
                }}     {
            "name": "轻型导弹仓改",
            "reload": 20,
            "ejectEffect": "none",
            "shots": 1,
            "recoil": 0.85,
            "rotate": true,
            "shootSound": "sap",
            "rotateShooting": false,
            "bullet": {
                "type": "MissileBulletType",
                "width": 5,
                "height": -10,
                "shrinY": 0,
                "x":10,
                "drag": -0.05,
                "speed": 2.0,
                "homingRange": 45,
                "kepVelocity": false,
                "splashDamageRadius":15,
                "splashDamage": 10,
                "damage": 25,
                "lifetime": 120,
                }}     {
            "name": "集束导弹仓群",
            "reload": 300,
            "ejectEffect": "none",
            "shots": 10,	
			"inaccuracy":10,
            "recoil": 0.85,
            "rotate": true,
            "shootSound": "sap",
            "rotateShooting": false,
            "bullet": {
                "type": "MissileBulletType",
                "width": 5,
                "height": 4,
                "shrinY": 0,
                "drag": -0.05,
                "speed": 0.6,
                "homingRange": 45,
                "kepVelocity": false,
                "splashDamageRadius":5,
                "splashDamage": 10,
                "damage": 15,
                "lifetime": 120,
                }}]
}