{
    "type": "UnitFactory",
    "category": "units",
    "itemCapacity": 80,
    "requirements": [
        "lead/300","silicon/200","copper/180","thorium/100"
    ],
    "plans": [
        {
            "unit": "thorium-crawler",
            "time": 2400.00,
            "requirements": [ "lead/30","metaglass/30","graphite/30","thorium/80","silicon/50" ]
        }
    ],
    "size": 3,
    "configurable": false,
    "research": "ground-factory",
    "consumes": {
        "power": 5
    }
}
