{
	"name": "合晶核心ll",
	"description": "",
	"itemCapacity":120000,
	"hasItems": true,
	"health": 50000,
	"unitCapModifier":64,
	"size": 6,
	//"breakable":true,
	"requirements": [	
	{ "item": "铝", "amount": 60000},
	{ "item": "锂", "amount": 80000},
	{ "item": "废晶", "amount": 40000},
	{ "item": "赤金", "amount": 20000},	
	{ "item": "铀", "amount": 25000},
	{ "item": "金辉合金", "amount": 15000},
	{ "item": "初代合晶", "amount": 8000},
	{ "item": "次代合晶", "amount": 1200},
	"超代合晶/100"
],
                       "unitType": "战栗",
"category": "effect",
	"research":"合晶核心l"
}