{
	"name": "合晶核心l",
	"description": "",
	"itemCapacity":60000,
	"hasItems": true,
	"health": 30000,
	"unitCapModifier":48,
	"size": 5,
	//"breakable":true,
	"requirements": [	
	{ "item": "铝", "amount": 25000},
	{ "item": "锂", "amount": 25000},
	{ "item": "纯硅晶", "amount": 13000},
	{ "item": "赤金", "amount": 12000},	
	{ "item": "铀", "amount": 15000},
	{ "item": "金辉合金", "amount": 5000},
	{ "item": "初代合晶", "amount": 2000},
	{ "item": "次代合晶", "amount": 300},
],
                       "unitType": "特斯拉强化机",
"category": "effect",
	"research":"核心"
}