{
    "name":"基础核心"//名字
	"description":"基础型号的核心，适用于任何星球，",//介绍
	"itemCapacity":5000,
	//容量
	"armor":3,
	"alwaysUnlocked":true,
	//开局解锁
	"hasItems": true,
	//是否可以存有物品
	"health":3000,
	//生命
	"unitCapModifier":10,
	//最大单位数量
	"unitType":"探索者",
	//出生机甲
	"size":2,
	//占地边长支持1~9对应贴图1x1=32x32像素.
	"requirements": [
	    "铝/800",
	    "锂/800",
	    ],
	    //建造消耗。
	"category": "effect",
	//菜单栏类别
	//"research": "core-nucleus"
	//科技树
}