{
"type":"GenericCrafter",
	//GenericSmelter已经删除，需要加-top贴图的需要以下结构:
	"drawer":{
		"type":"DrawMulti",
		"drawers":[
			{
				"type":"DrawDefault"
			},
			{
				"type":"DrawFlame",
				//这个type允许使用-top贴图并且拥有火焰动画
				}
				]
				}
	"name":"碳化硅工厂",
	"outputItem":"碳化硅/2",
	"itemCapacity":16,
	"health":220,
	"craftTime":120,
	"size":3,
	"consumes":{
			 "power":1,
		"items":{
			"items":[
				"graphite/3",
				"silicon/2",
			]
		}
	}
	"requirements":[
		"copper/50",
		"graphite/30",
		"metaglass/20",	
	]
	"research":"边陲哨站",
	"category":"crafting"
}
//代码来自合晶工业