{
	"type": "Drill",
	"name":"铅钻头",
    "description": "肥肠不好用啊，但可惜你前期只能用这个",
    "health":100,
    "itemCapacity":10,
    "tier":0,
    //钻头的开采等级
    "drillTime":360,
    //矿物开采耗时
    "size": 2,
    "group":"drills"
    "hasLiquids": true,
    "hasPower":false
	"alwaysUnlocked":false,
	"liquidCapacity":12,
    "drawMineItem":true,
    //是否在中心绘画所采矿物的颜色
    "drillEffect": "mineHuge",
    "updateEffect":"pulverizeRed",
//    "drawRim":true,//钻探的时候出现的高亮
    "heatColor":"FF5511",
    //开采出矿物时的颜色
    "rotateSpeed": 2,//贴图转速
    "warmupSpeed": 0.1,
    //钻头完全启动的速度(一除以(此数值*60)(单位/秒))
    "liquidBoostIntensity":1.6,
    //液体提供的加速效果
	"consumes": {
		"liquid": {
			"liquid":"water",
			"amount":0.05,
			"booster": true,
			//加速
			"optional": true
			//可选
		}
		//"items":{"items":["blast-compound/1"],},
	}
    "requirements": [
        "lead/12",
    ],
    "research": {
		"parent": "强化核心",
    "requirements":[
        "lead/6",
        ]
        }
    "category": "production"
}