{
    "name":"光子钻头",
    "type":"BeamDrill",
    "description":"挖长在墙上的矿"
    "health":255,
    "drillTime":180,
    //挖掘时间
    "tier":2,
    //挖掘等级
    "size":2,
    "armor":0,
    "range":6,
    //范围
    "fogRadius":6,
    "heatColor":"#dffff7",
    //开采时颜色
    "laserWidth":0.5,
    //激光宽度
    "liquidCapacity":10,
    //液体容量
    "itemCapacity":10,
    //物体容量
    "requirements":[
        "镍/40",
        ],
        "research": {
		"parent": "h00铅钻头",
    "requirements":[
        "镍/20",
        ]
	},
	"consumes": {
//	    "power":0.15,
"liquid": {//液体
		"liquid": "water", "amount": 0.05,//液体消耗
		"booster":true,//加速
		"optional": true//可选
		}
	},
	"optionalBoostIntensity":1.8,
	"category":"production",
}