{
	"type": "Drill",
	"name":"铥钻头",
    "description": "这玩意其实并没有什么鸟用，不能挖煤炭",
    "health":120,
    "itemCapacity":10,
    "tier":0,
    //钻头的开采等级
    "drillTime":260,
    //矿物开采耗时
    "size": 2,
    "group":"drills"
    "hasLiquids": true,
    "hasPower":false
	"alwaysUnlocked":false,
	"liquidCapacity":15,
    "drawMineItem":true,
    //是否在中心绘画所采矿物的颜色
    "drillEffect": "mineHuge",
    "updateEffect":"pulverizeRed",
//    "drawRim":true,//钻探的时候出现的高亮
    "heatColor":"FF5511",
    //开采出矿物时的颜色
    "rotateSpeed": 2.5,//贴图转速
    "warmupSpeed": 0.1,
    //钻头完全启动的速度(一除以(此数值*60)(单位/秒))
    "liquidBoostIntensity":1.6,
    //液体提供的加速效果
	"consumes": {
		"liquid": {
			"liquid":"water",
			"amount":0.05,
			"booster": true,
			//加速
			"optional": true
			//可选
		}
		//"items":{"items":["blast-compound/1"],},
	}
    "requirements": [
        "铥/6",
        "镍/12",
    ],
    "research": {
		"parent": "h00铅钻头",
    "requirements":[
        "铥/240",
        "镍/120",
        ]
        }
    "category": "production"
}