{
    "name":"铥射线钻头",
    "type":"BeamDrill",
    "description":"更快地挖长在墙上的矿"
    "health":200,
    "drillTime":110,
    //挖掘时间
    "tier":3,
    //挖掘等级
    "size":2,
    "armor":0,
    "range":7,
    //范围
    "fogRadius":6,
    "heatColor":"#A6E095",
    //开采时颜色
    "laserWidth":0.5,
    //激光宽度
    "liquidCapacity":10,
    //液体容量
    "itemCapacity":10,
    //物体容量
    "requirements":[
        "铥/20",
        "石英/20",
        ],
        "research": {
		"parent": "h03石英射线钻头",
    "requirements":[
        "铥/400",
        "石英/400",
        ]
	},
	"consumes": {
	    "power":0.3,
"liquid": {//液体
		"liquid": "water", "amount": 0.05,//液体消耗
		"booster":true,//加速
		"optional": true//可选
		}
	},
	"optionalBoostIntensity":2,
	"category":"production",
}