{
	"type": "Drill",
	"name":"碳钢钻头",
    "description": "可怜的铅终于不需要依靠挖矿机来挖了",
    "health":250,
    "itemCapacity":10,
    "tier":2,
    //钻头的开采等级
    "drillTime":180,
    //矿物开采耗时
    "size": 3,
    "group":"drills"
    "hasLiquids": true,
    "hasPower":false
	"alwaysUnlocked":false,
	"liquidCapacity":10,
    "drawMineItem":true,
    //是否在中心绘画所采矿物的颜色
    "drillEffect": "mineHuge",
    "updateEffect":"pulverizeRed",
//    "drawRim":true,//钻探的时候出现的高亮
    "heatColor":"FF5511",
    //开采出矿物时的颜色
    "rotateSpeed": 3,//贴图转速
    "warmupSpeed": 0.05,
    //钻头完全启动的速度(一除以(此数值*60)(单位/秒))
    "liquidBoostIntensity":1.6,
    //液体提供的加速效果
	"consumes": {
	"power":1
		"liquid": {
			"liquid":"water",
			"amount":0.1,
			"booster": true,
			//加速
			"optional": true
			//可选
		}
		//"items":{"items":["blast-compound/1"],},
	}
    "requirements": [
        "碳钢/18",
        "铥/12",
        "lead/12",
    ],
    "research": {
		"parent": "h05铥钻头",
/*    "requirements":[
        "lead/6",
        ]*/
        }
    "category": "production"
}