{
    "details": "安装新型火焰机炮，更换新式引擎。",
    "speed": 3.334,
    "accel": 0.09,
    "drag": 0.09,
    "targetAir": true,
    "circleTarget": true,
    "health": 160,
    "weapons": [
        {
            "name": "none",
            "reload": 13.2,
            "x": 3,
            "y": 2.5,
            "rotate": false,
            "inaccuracy": 1,
            "ignoreRotation": true,
            "alternate": true,
            "shoot": {
				"shots":2,
				"shotDelay": 4
			},
            "ejectEffect": "casing1",
            "shootSound": "shoot",
            "bullet": {
                "damage": 13,
                "speed": 4.8,
                "lifetime": 43,
                "drag":0.008,
                "status": "burning",
                "statusDuration": 96,
                "incendAmount": 1,
                "incendSpread": 20,
                "incendChance": 0.06,
                "width": 6,
                "height": 13
            }
        }
    ]
}