{
    "details": "使用小型星环导弹，修改发射方式",
    "speed": 2,
    "targetAir": true,
    "health": 1800,
    "armor": 6,
    "range": 224,
    "weapons": [
        {
            "name": "亡魂1",
            "reload": 70,
            "x": 7.5,
            "y": 0,
            "shootY": 8,
            "shoot": {
                "type": "ShootAlternate",
                "shots":4,
                "shotDelay": 2,
                "barrels": 2
            },
            "rotate": true,
            "inaccuracy": 6,
            "alternate": true,
            "ejectEffect": "casing2",
            "shootSound": "missile",
            "bullet": {
                "type": "MissileBulletType",
                "speed": 4,
                "lifetime": 56,
                "damage": 17,
                "splashDamageRadius": 27,
                "splashDamage": 27,
                "homingPower": 0.04,
                "homingRange": 60,
                "weaveScale": 4.5,
                "weaveMag": 4.5,
                "collidesTiles": "true",
                "collides": "true",
                "hitEffect": "blastExplosion"
            }
        }
    ]
}