{
	"health": 40000,
	"legSplashDamage": 88,
	"legSplashRange": 60,
	"abilities": [
		{
			"type": "ForceFieldAbility",
			"radius": 82,
			"regen": 6,
			"max": 6500,
			"cooldown": 550
		},
			{
			"type": "LiquidExplodeAbility",
			"liquid": "奇思妙想-松节油",
			"amount": 500,
			"radScale": 5.5
		},
		{
			"type": "LiquidExplodeAbility",
			"liquid": "oil",
			"amount": 525,
			"radScale": 4
		},
	],
	"weapons": [
		{
			"name": "毒蛛2",
			"top": false,
			"shootY": 3,
			"reload": 80,
			"ejectEffect": "none",
			"recoil": 1,
			"x": 0,
			"shootSound": "flame",
			"bullet": {
				"type": "ArtilleryBulletType",
				"speed": 2.5,
				"lifetime": 75,
				"collides": false,
				"width": 9,
				"height": 9,
				"recoil": 1,
				"shootEffect": "shootSmall",
				"splashDamageRadius": 25,
				"splashDamage": 15,
				"fragBullets": 65,
				"fragBullet": {
					"type": "LiquidBulletType",
					"collidesAir": false,
					"liquid": "奇思妙想-松节油",
					"lifetime": 20,
					"knockback": 0.5,
					"damage": 7.5
				}
			}
		},
		{
			"name": "毒蛊1",
			"shoot": {
				"type": "ShootSpread",
				"shots": 3,
				"spread": 13
			},
			"reload": 27,
			"x": 11,
			"y": -5,
			"shootY": 7,
			"rotate": true,
			"rotateSpeed": 2,
			"inaccuracy": 0,
			"alternate": true,
			"ejectEffect": "casing1",
			"shootSound": "shootBig",
			"shake": 4,
			"bullet": {
				"type": "ShrapnelBulletType",
				"pierceArmor": true,
				"damage": 110,
				"length": 100,
				"width": 20,
				"serrationLenScl": 7,
				"serrationSpaceOffset": 60,
				"serrationFadeOffset": 0,
				"serrations": 10,
				"serrationWidth": 6,
				"statusDuration": 60,
				"status": "sapped",
				"fromColor": "A278E31FF",
				"toColor": "665C9FFF",
				"shootEffect": {
					"type": "ParticleEffect",
					"particles": 8,
					"line": true,
					"length": 45,
					"baseLength": 0,
					"lifetime": 15,
					"colorFrom": "A278E1",
					"colorTo": "665C9FFF",
					"cone": 60
				},
				"smokeEffect": "sparkShoot"
			}
		},
		{
			"name": "血蛭1",
			"top": true,
			"shootY": 7,
			"reload": 13.5,
			"ejectEffect": "none",
			"recoil": 2,
			"x": 4,
			"y": 8,
			"shootSound": "sap",
			"rotate": true,
			"rotateSpeed": 3,
			"bullet": {
				"type": "SapBulletType",
				"pierceArmor": true,
				"shootEffect": "shootSmall",
				"lifetime": 30,
				"sapStrength": 1.35,
				"length": 60,
				"width": 0.55,
				"knockback": -1.1,
				"statusDuration": 200,
				"status": "sapped",
				"damage": 38,
				"color": "A278E1",
				"lightColor": "A278E1",
				"hitColor": "bf92f9",
				"despawnEffect": "none"
			}
		},
		{
			"name": "血蛭1",
			"top": true,
			"shootY": 4,
			"reload": 14,
			"ejectEffect": "none",
			"recoil": 2,
			"x": 9,
			"y": 6,
			"shootSound": "sap",
			"rotate": true,
			"rotateSpeed": 3,
			"bullet": {
				"type": "SapBulletType",
				"pierceArmor": true,
				"shootEffect": "shootSmall",
				"lifetime": 30,
				"sapStrength": 1.35,
				"length": 60,
				"width": 0.55,
				"knockback": -1.1,
				"statusDuration": 200,
				"status": "sapped",
				"damage": 40,
				"color": "A278E1",
				"lightColor": "A278E1",
				"hitColor": "bf92f9",
				"despawnEffect": "none"
			}
		},
		{
			"name": "天蝎1",
			"top": true,
			"shootY": 22,
			"reload": 200,
			"rotate": true,
			"rotationLimit": 80,
			"rotateSpeed": 1,
			"mirror": false,
			"ejectEffect": "casing3",
			"recoil": 10,
			"shake": 10,
			"x": 0,
			"y": -14,
			"shootSound": "artillery",
			"bullet": {
				"type": "ArtilleryBulletType",
				"shootEffect": "shootSmall",
				"smokeEffect": "shootBigSmoke2",
				"speed": 3,
				"lifetime": 98,
				"width": 25,
				"height": 25,
				"frontColor": "FFFFFF",
				"backColor": "A278E1",
				"collidesTiles": true,
				"ammoMultiplier": 4,
				"damage": 45,
				"splashDamageRadius": 80,
				"splashDamage": 92,
				"hitShake": 10,
				"lightningColor": "A278E1",
				"lightningDamage": 70,
				"lightning": 5,
				"lightningLength": 14,
				"hitEffect": {
					"type": "MultiEffect",
					"effects": [
						{
							"type": "ParticleEffect",
							"particles": 18,
							"sizeFrom": 11,
							"sizeTo": 0,
							"length": 55,
							"baseLength": 43,
							"lifetime": 35,
							"colorFrom": "A278E180",
							"colorTo": "A278E100"
						},
						{
							"type": "WaveEffect",
							"lifetime": 12,
							"sizeFrom": 1,
							"sizeTo": 80,
							"strokeFrom": 3,
							"strokeTo": 0,
							"colorFrom": "A278E1",
							"colorTo": "FFFFFF"
						}
					]
				},
				"status": "sapped",
				"statusDuration": 600,
				"despawnEffect": "none",
				"fragBullets": 16,
				"fragLifeMin": 0.3,
				"fragBullet": {
					"type": "ArtilleryBulletType",
					"speed": 2.3,
					"lifetime": 90,
					"width": 19,
					"height": 19,
					"frontColor": "FFFFFF",
					"backColor": "A278E1",
					"collidesTiles": false,
					"splashDamageRadius": 50,
					"splashDamage": 75,
					"knockback": 1,
					"hitShake": 5,
					"lightningColor": "A278E1",
					"lightningDamage": 30,
					"lightning": 3,
					"lightningLength": 7,
					"hitEffect": {
						"type": "MultiEffect",
						"effects": [
							{
								"type": "ParticleEffect",
								"particles": 18,
								"sizeFrom": 9,
								"sizeTo": 0,
								"length": 35,
								"baseLength": 23,
								"lifetime": 35,
								"colorFrom": "A278E180",
								"colorTo": "A278E100"
							},
							{
								"type": "WaveEffect",
								"lifetime": 10,
								"sizeFrom": 1,
								"sizeTo": 50,
								"strokeFrom": 2,
								"strokeTo": 0,
								"colorFrom": "A278E1",
								"colorTo": "FFFFFF"
							}
						]
					},
					"status": "sapped",
					"statusDuration": 60,
					"despawnEffect": "none"
				}
			}
		},
		{
			"name": "血蛭1",
			"top": true,
			"shootY": 7,
			"reload": 13.5,
			"ejectEffect": "none",
			"recoil": 2,
			"x": 4,
			"y": 8,
			"shootSound": "sap",
			"rotate": true,
			"rotateSpeed": 3,
			"bullet": {
				"type": "SapBulletType",
				"pierceArmor": true,
				"shootEffect": "shootSmall",
				"lifetime": 30,
				"sapStrength": 1.35,
				"length": 60,
				"width": 0.55,
				"knockback": -1.1,
				"statusDuration": 200,
				"status": "sapped",
				"damage": 38,
				"color": "A278E1",
				"lightColor": "A278E1",
				"hitColor": "bf92f9",
				"despawnEffect": "none"
			}
		},
		{
			"name": "血蛭1",
			"top": true,
			"shootY": 4,
			"reload": 14,
			"ejectEffect": "none",
			"recoil": 2,
			"x": 9,
			"y": 6,
			"shootSound": "sap",
			"rotate": true,
			"rotateSpeed": 3,
			"bullet": {
				"type": "SapBulletType",
				"pierceArmor": true,
				"shootEffect": "shootSmall",
				"lifetime": 30,
				"sapStrength": 1.35,
				"length": 60,
				"width": 0.55,
				"knockback": -1.1,
				"statusDuration": 200,
				"status": "sapped",
				"damage": 40,
				"color": "A278E1",
				"lightColor": "A278E1",
				"hitColor": "bf92f9",
				"despawnEffect": "none"
			}
		},
		{
			"name": "血蛭1",
			"top": true,
			"shootY": 4,
			"reload": 22,
			"ejectEffect": "none",
			"recoil": 2,
			"x": 14,
			"y": 0,
			"shootSound": "sap",
			"rotate": true,
			"rotateSpeed": 3,
			"bullet": {
				"type": "SapBulletType",
				"pierceArmor": true,
				"shootEffect": "shootSmall",
				"lifetime": 30,
				"sapStrength": 1.35,
				"length": 60,
				"width": 0.55,
				"knockback": -1.1,
				"statusDuration": 200,
				"status": "sapped",
				"damage": 42,
				"color": "A278E1",
				"lightColor": "A278E1",
				"hitColor": "bf92f9",
				"despawnEffect": "none"
			}
		},
		{
			"name": "毒蛊1",
			"top": true,
			"shootY": 7,
			"reload": 30,
			"ejectEffect": "casing2",
			"recoil": 3,
			"shake": 3,
			"x": 9,
			"y": -7,
			"rotate": true,
			"rotateSpeed": 2,
			"shootSound": "artillery",
			"bullet": {
				"type": "BasicBulletType",
				"shootEffect": "shootSmall",
				"smokeEffect": "shootBigSmoke2",
				"speed": 7.7,
				"lifetime": 30,
				"width": 16,
				"height": 19,
				"frontColor": "FFFFFF",
				"backColor": "A278E1",
				"trailLength": 6,
				"trailWidth": 3.3,
				"trailColor": "A278E1",
				"scaleLife": true,
				"ammoMultiplier": 4,
				"damage": 45,
				"splashDamageRadius": 80,
				"splashDamage": 75,
				"knockback": 1,
				"hitShake": 5,
				"lightningColor": "A278E1",
				"lightningDamage": 13,
				"lightning": 3,
				"lightningLength": 14,
				"hitEffect": {
					"type": "MultiEffect",
					"effects": [
						"massiveExplosion",
						{
							"type": "ParticleEffect",
							"particles": 18,
							"sizeFrom": 9,
							"sizeTo": 0,
							"length": 35,
							"baseLength": 43,
							"lifetime": 35,
							"colorFrom": "A278E180",
							"colorTo": "A278E100"
						},
						{
							"type": "WaveEffect",
							"lifetime": 10,
							"sizeFrom": 1,
							"sizeTo": 80,
							"strokeFrom": 2,
							"strokeTo": 0,
							"colorFrom": "A278E1",
							"colorTo": "FFFFFF"
						}
					]
				},
				"status": "sapped",
				"statusDuration": 180,
				"despawnEffect": "none"
			}
		},
			{
			"name": "毒蛛2",
			"top": false,
			"shootY": 3,
			"reload": 80,
			"ejectEffect": "none",
			"recoil": 1,
			"x": 0,
			"shootSound": "flame",
			"bullet": {
				"type": "ArtilleryBulletType",
				"speed": 2.5,
				"lifetime": 75,
				"collides": false,
				"width": 9,
				"height": 9,
				"recoil": 1,
				"shootEffect": "shootSmall",
				"splashDamageRadius": 25,
				"splashDamage": 15,
				"fragBullets": 55,
				"fragBullet": {
					"type": "LiquidBulletType",
					"collidesAir": false,
					"liquid": "oil",
					"lifetime": 20,
					"knockback": 0.5,
					"damage": 12.5
				}
			}
		},
	]
}