{
	"type": "flying",
	"flying": true,
	"lowAltitude": true,
   "immunities":["burning","electrified","freezing","melting","muddy","sapped","shocked","slow","unmoving","撕裂"],
	"name":"雷霆战机"
	"description":"[red]以雷霆击碎黑暗！",
	"health": 180000,
	"ammoType":"surge-alloy",
    "ammoCapacity": 1000000
	"armor":150,
	"mineSpeed": 514, 
    "mineTier": 114,  
	"hitSize": 40,
	"buildSpeed": 180,
	"engineSize": 0,
	"speed": 1.5,
	   "abilities": [
    {
    "type":"ForceFieldAbility",
    "radius": 200,
    "regen": 100,
    "max": 1919810,
    "cooldown": 1}
       {
            "type": "UnitSpawnAbility",
            "unit": "攻击小飞机",
            "spawnX": 7,
            "spawnY": -10,
            "spawnTime": 1200
        },
        {
            "type": "UnitSpawnAbility",
            "unit": "辅助小飞机",
            "spawnX": -7,
            "spawnY":-10,
            "spawnTime":1200
        },
        	{
			"type": "StatusFieldAbility",
			"effect": "雷霆之力",
			"duration": 60,
			"reload": 55,
			"range": 200,
			"applyEffect": "none",
			"activeEffect": "none"
		},
    ],
    "rotateSpeed": 2,
    "itemCapacity": 114514,
	"accel": 0.16,
	"drag": 0.08,
	"engineOffset": 0,
	"weapons": [
      {
            "name": "拦截",
            "type": "PointDefenseWeapon",
            "x": 10,
            "y": -14,
            "rotate": true,
            "shootSound": "lasercharge2",
            "recoil": 0,
            "rotateSpeed": 5,
            "reload": 0,
            "targetInterval": 6,
            "targetSwitchInterval": 6,
            "bullet": {
                "speed": 9,
                "lifetime": 60,
                "shootEffect": "sparkShoot",
                "hitEffect": "pointHit",
                "maxRange": 150,
                "damage": 200
            }
        },
            {
            "name": "导弹发射器",
            "x": -7,
            "y": 3,
            "mirror": true,
            "reload": 60,
            "shoot": {
                "shots": 48,
                "shotDelay": 1
            },
            "shootCone": 100,
            "shootSound": "missile",
            "rotate": true,
            "recoil": 1,
            "rotateSpeed": 6,
            "inaccuracy": 64,
            "bullet": {
                "type": "MissileBulletType",
                "damage": 10,
                "splashDamageRadius": 120,
                "splashDamage": 10,
                "status": "shocked",
                "statusDuration":60,
                "homingRange": 200,
                "healPercent":50
                "lightningDamage":8,
                "lightning": 6,
                "lightningLength": 13,
                "homingPower": 0.1,
                "hitEffect": "flakExplosionBig",
                "despawnEffect": "flakExplosionBig",
                "sprite": "幻境-导弹",
                "trailLength": 8,
                "trailWidth": 2,
                "trailEffect": "none",
                "trailColor": "FFFFFF",
                "backColor": "FF5B5BFF",
                "frontColor": "E3E3E3",
                "drag": -0.01,
                "width": 15,
                "height": 40,
                "speed":9,
                "lifetime": 60
            }
        },
        		{"name":"扫射导弹1",
	"x":12,"y":-8,
	"reload":120,
	"mirror":true,
	"rotate": false,
    "alternate":true,
	"rotateSpeed":0,
	"shoot":{
	"shots":44,
	"shotDelay":1,
	"type":"ShootBarrel",
	"barrels":[
        12,-8,0,
		12,-8,-9,
        12,-8,-18,     
		12,-8,-27,
		12,-8,-36,
        12,-8,-45,
        12,-8,-54,
        12,-8,-63,
        12,-8,-72,
        12,-8,-81,
        12,-8,-90,
    ]},
	"shootSound":"missile",
	"inaccuracy": 0,
	"shootCone":180,
	"bullet":{
	"type":"MissileBulletType",
	"damage":10,
	"shrinkY":0,
	"status":"shocked",
    "statusDuration":60,
	"homingRange":200,
	"homingPower": 0.2,
	"lightningDamage": 0,
    "lightning": 6,
    "lightningLength": 13,
	"splashDamageRadius":120,
	"healPercent":90
	"splashDamage":10,
    "hitEffect":"flakExplosionBig",
    "despawnEffect":"flakExplosionBig",
    "sprite":"幻境-导弹", 
    "trailLength":8,
	"trailWidth":2,
    "trailColor":"FFFFFF",
	"frontColor":"E3E3E3",
    "backColor":"FF5B5BFF",	
	"width": 15,"height": 40,
	"speed": 9,	"lifetime": 60} 	},
	      		
	      		{"name":"旋射导弹",
	"x":0,"y":0,
	"reload":180,
	"mirror":true,
	"rotate": false,
    "alternate":true,
	"rotateSpeed":0,
	"shoot":{
	"shots":160,
	"shotDelay":1,
	"type":"ShootBarrel",
	"barrels":[
        0,-5,0,
		0,-5,9,
        0,-5,18,     
		0,-5,27,
		0,-5,36,
        0,-5,45,
        0,-5,54,
        0,-5,63,
        0,-5,72,
        0,-5,81,
        0,-5,90,
        0,-5,99,
		0,-5,108,
        0,-5,117,     
		0,-5,126,
		0,-5,135,
        0,-5,144,
        0,-5,153,
        0,-5,162,
        0,-5,171,
        0,-5,180,
        0,-5,189,
		0,-5,198,
        0,-5,207,     
		0,-5,216,
		0,-5,225,
        0,-5,234,
        0,-5,243,
        0,-5,252,
        0,-5,261,
        0,-5,270,
        0,-5,279,
        0,-5,288,
		0,-5,297,
        0,-5,306,     
		0,-5,315,
		0,-5,324,
        0,-5,333,
        0,-5,342,
        0,-5,351,
        0,-5,360,
    ]},
	"shootSound":"missile",
	"inaccuracy": 0,
	"shootCone":180,
	"bullet":{
	"type":"MissileBulletType",
	"damage":10,
	"shrinkY":0,
	"status":"shocked",
    "statusDuration":60,
	"homingRange":200,
	"homingPower": 0.2,
	"lightningDamage": 8,
	"healPercent":50
    "lightning": 6,
    "lightningLength": 13,
	"splashDamageRadius":120,
	"splashDamage":10,
    "hitEffect":"flakExplosionBig",
    "despawnEffect":"flakExplosionBig",
    "sprite":"幻境-导弹", 
    "trailLength":8,
	"trailWidth":2,
    "trailColor":"FFFFFF",
	"frontColor":"E3E3E3",
    "backColor":"FF5B5BFF",	
	"width": 15,"height": 40,
	"speed": 9,	"lifetime": 60} 	},
	 
	   {
           "reload":600,
        "mirror":false,
        "shootY":0,
        "x":0,
        "y":-2,
        "rotate":false,
        "recoil":20,
        "continuous":true,
        "cooldownTime":280,
        "shootSound": "shocked",
        "bullet":{
            "type":"ContinuousLaserBulletType",
            "damage":200,
            "length":600,
            "width":3,
            "hitEffect":"none",
            "statusDuration":60,
            "drawSize":300,
            "lifetime":240,
            "shake":1,
            "despawnEffect":"smokeCloud",
            "smokeEffect":"none",
            "shootEffect":"none",
            "incendChance":1,
            "incendSpread":1,
            "healPercent":50
            "incendAmount":1,
			 "collidesTeam":true
            "colors":["3333FF","5555FF","9999FF"]
    }}
        		{"name":"撕裂导弹",
	"x":0,"y":0,
	"reload":4000,
	"mirror":false,
	"rotate": false,
    "alternate":true,
	"rotateSpeed":0,
	"shoot":{
	"shots":600,
	"shotDelay":1,
	"type":"ShootBarrel",
	"barrels":[
        12,-13,50,
        12,-13,45,
        12,-13,40,
    ]},
	"shootSound":"missile",
	"inaccuracy": 0,
	"shootCone":180,
	"bullet":{
    "hitEffect":{"type": "WaveEffect",
    "lifetime": 30,
    "sizeFrom": 0,
    "sizeTo": 100,
    "strokeFrom": 100,
    "strokeTo":200,
    "colorFrom": "FF3333",
    "colorTo": "FF3333"},
	"type":"MissileBulletType",
	"damage":20,
	"shrinkY":0,
	"status":"撕裂",
    "statusDuration":240,
	"homingRange":200,
	"homingPower": 0.1,
	"splashDamageRadius":200,
	"healPercent":50
	"splashDamage":20,
    "hitEffect":"flakExplosionBig",
    "despawnEffect":"flakExplosionBig",
    "sprite":"幻境-导弹", 
    "trailLength":5,
	"trailWidth":2,
    "trailColor":"FF3333",
	"frontColor":"FF3333",
    "backColor":"FF3333",	
	"width": 20,"height": 50,
	"speed": 9,	"lifetime": 70} 	},
	
	   		{"name":"撕裂导弹",
	"x":0,"y":0,
	"reload":4000,
	"mirror":false,
	"rotate": false,
    "alternate":true,
	"rotateSpeed":0,
	"shoot":{
	"shots":600,
	"shotDelay":1,
	"type":"ShootBarrel",
	"barrels":[
        -12,-13,-50,
        -12,-13,-45,
        -12,-13,-40,
    ]},
	"shootSound":"missile",
	"inaccuracy": 0,
	"shootCone":180,
	"bullet":{
	"hitEffect":{"type": "WaveEffect",
    "lifetime": 10,
    "sizeFrom": 0,
    "sizeTo": 100,
    "strokeFrom": 100,
    "strokeTo":200,
    "colorFrom": "FF3333",
    "colorTo": "FF3333"},
	"type":"MissileBulletType",
	"damage":20,
	"shrinkY":0,
	"status":"撕裂",
    "statusDuration":240,
	"homingRange":200,
	"homingPower": 0.1,
	"splashDamageRadius":200,
	"healPercent":50
	"splashDamage":20,
    "hitEffect":"flakExplosionBig",
    "despawnEffect":"flakExplosionBig",
    "sprite":"幻境-导弹", 
    "trailLength":5,
	"trailWidth":2,
    "trailColor":"FF3333",
	"frontColor":"FF3333",
    "backColor":"FF3333",	
	"width": 20,"height": 50,
	"speed": 9,	"lifetime": 70} 	},
    
    {
"name":"范围禁止炮",
"reload": 600,
"shootSound":"pew",
"x": 0,
"y": -10,
"rotate": true,
"bullet": {
"type": "PointBulletType",
"speed":10,
"hitSize": 1,
"pierce": true,
"splashDamage": 500,
"splashDamageRadius": 100,
"lifetime": 60,
"status":"unmoving",
"statusDuration":300,
"shootEffect":"instShoot",
"despawnEffect":"greenBomb",
"smokeEffect":"smokeCloud",
"trailEffect":"hitEmpSpark",
"hitShake": 6,
}}
]
}        