{
	"speed":0.65,
	"rotateSpeed":1.2,
	"hitSize":17.5,
	"name":"绿机甲t3",
	"health":3290,
	"description":"向敌人发射激光。",
	"armor":10,
	"type":"mech",
	"outlineColor":"2E2F34FF",

	"research":{
	"parent":"gmecht2",
	"requirements":[
	"plastanium/1600",
	"silicon/2600"
	],
	"objectives":[
	"second-refabricator"
	]	},

	"immunities":[
	"wulfrum-amplify"
	],

	"abilities":[
	{"type":"ForceFieldAbility",
	"sides":6,
	"radius":80,
	"regen":2,
	"max":3000,
	"cooldown":2000
	}	],

	"weapons":[
		{"name":"gmecht3-weapon",
		"reload":80,
		"x":13.5,"y":0,
		"mirror":true,
		"top":false,
		"alternate":true,
		"layerOffset":-0.001,
		"rotationLimit":35,
		"rotateSpeed":1,
		"rotate":true,
		"shootSound":"railgun",
		"shootY":15,
		"shootCone":45,
		"continuous":true,

		"bullet":{
		"type":"LaserBulletType",
		"length":172,
		"width":15,
		"damage":150,
		"colors":["64CF8DAA","84F491FF","F2FFF3FF"],
		"sideAngle":60,
		"sideLength":48,
		"sideWidth":1,
		"recoil":0.2,
		"pierceCap":2,
		"pierce":true,
		"pierceBuilding":true,

	"shootEffect":{
		"type":"multiEffect",
		"effects":[
		{"type":"WaveEffect",
		"lifetime":10,
		"sizeFrom":0,
		"sizeTo":15,
		"strokeFrom":1.5,
		"strokeTo":0,
		"colorFrom":"84F491FF",
		"colorTo":"62AE7FFF"
		},
		{"type":"ParticleEffect",
		"region":"calamity-prism",
		"particles":3,
		"length":40,
		"lifetime":48,
		"interp":"circleOut",
		"sizeInterp":"pow5Out",
		"cone":0,
		"colorFrom":"84F491FF",
		"colorTo":"62AE7FFF",
		"sizeFrom":5.5,
		"sizeTo":0
		}	]	},
	"hitEffect":{
		"type":"multiEffect",
		"effects":[
		{"type":"WaveEffect",
		"lifetime":25,
		"sizeFrom":0,
		"sizeTo":20,
		"strokeFrom":3.5,
		"strokeTo":0,
		"colorFrom":"84F491FF",
		"colorTo":"62AE7FFF"
		},
		{"type":"ParticleEffect",
		"region":"calamity-prism",
		"particles":9,
		"length":40,
		"lifetime":48,
		"interp":"circleOut",
		"sizeInterp":"pow5Out",
		"cone":360,
		"colorFrom":"84F491FF",
		"colorTo":"62AE7FFF",
		"sizeFrom":4.5,
		"sizeTo":0
		}	]	}
		}	}	]
}