{
    "type": "ImpactReactor",
    "size": 8,
    "name": "PLAN异能晶体反应堆",
    "health": 1280,
    "powerProduction": 466,
    "itemDuration": 180,
    "ambientSound": "pulse",
    "liquidCapacity": 120,
    "itemCapacity": 40,
    "ambientSoundVolume": 0.09,
    "description": "更合理的使用plan异晶！(或许以前是鸽子的食物)",
    "requirements": [
        { "amount": 150, "item": "plan异能晶体" },
        { "amount": 200, "item": "plan晶体" },
        { "amount": 300, "item": "phase-fabric" },
        { "amount": 400, "item": "surge-alloy" },
    ],
    "consumes": {
        "items": {
            "items": [
                { "amount": 2, "item": "plan异能晶体" },
                { "amount": 3, "item": "thorium" }
            ]
        },
        "liquid": {
            "liquid": "cryofluid",
            "amount": 0.9
        },
        "power": 55
    },
   "outputLiquid": {
	    "liquid": "工业废水",
	    "amount": 0.9
	},
    "category": "power",
    "research": "PLAN晶裂聚变反应堆"
}
















/*

        impactReactor = new ImpactReactor("impact-reactor"){{
            requirements(Category.power, with(Items.lead, 500, Items.silicon, 300, Items.graphite, 400, Items.thorium, 100, Items.surgeAlloy, 250, Items.metaglass, 250));
            size = 4;
            health = 900;
            powerProduction = 130f;
            itemDuration = 140f;
            ambientSound = Sounds.pulse;
            ambientSoundVolume = 0.07f;
    "size": 4,
    "health": 1200,
    "powerProduction": 266.6
    "itemDuration": 160
    "ambientSound": "pulse",
    "ambientSoundVolume": 0.08,

            consumes.power(25f);
            consumes.item(Items.blastCompound);
            consumes.liquid(Liquids.cryofluid, 0.25f);
        }};
    "consumes": [
        "items": {
            "items": [
                { "amount": 1, "item": "" },
                { "amount": 1, "item": "" },
                { "amount": 1, "item": "" },
            ]
        },
        "liquid": {
            "liquid": "cryofluid",
            "amount": 0.45
        },
        "power": 30
    ]

        //endregion power
        //region production
