{
    "type": "ImpactReactor",
    "size": 4,
    "name": "超临界反应堆",
    "health": 1200,
    "powerProduction": 100,
    "itemDuration": 160,
    "ambientSound": "pulse",
    "liquidCapacity": 60,
   	"itemCapacity": 25,
    "ambientSoundVolume": 0.08,
    "description": "你只需要知道这玩意比冲击NB就行。(想不出来了)",
    "requirements": [
        { "amount": 200, "item": "thorium" },
        { "amount": 100, "item": "phase-fabric" },
        { "amount": 200, "item": "surge-alloy" },
        { "amount": 100, "item": "silicon" }
    ],
    "consumes": {
        "items": {
            "items": [
                { "amount": 2, "item": "blast-compound" },
                { "amount": 2, "item": "thorium" }
            ]
        },
        "liquid": {
            "liquid": "cryofluid",
            "amount": 0.2
        },
        "power": 24
    },
   "outputLiquid": {
	    "liquid": "工业废水",
	    "amount": 0.2
	},
    "category": "power",
    "research": "thorium"
}
















/*

        impactReactor = new ImpactReactor("impact-reactor"){{
            requirements(Category.power, with(Items.lead, 500, Items.silicon, 300, Items.graphite, 400, Items.thorium, 100, Items.surgeAlloy, 250, Items.metaglass, 250));
            size = 4;
            health = 900;
            powerProduction = 130f;
            itemDuration = 140f;
            ambientSound = Sounds.pulse;
            ambientSoundVolume = 0.07f;
    "size": 4,
    "health": 1200,
    "powerProduction": 266.6
    "itemDuration": 160
    "ambientSound": "pulse",
    "ambientSoundVolume": 0.08,

            consumes.power(25f);
            consumes.item(Items.blastCompound);
            consumes.liquid(Liquids.cryofluid, 0.25f);
        }};
    "consumes": [
        "items": {
            "items": [
                { "amount": 1, "item": "" },
                { "amount": 1, "item": "" },
                { "amount": 1, "item": "" },
            ]
        },
        "liquid": {
            "liquid": "cryofluid",
            "amount": 0.45
        },
        "power": 30
    ]

        //endregion power
        //region production
