{
    "type": "ImpactReactor",
    "size": 14,
    "name": "超核临界聚变反应堆",
    "health": 8200,
    "powerProduction": 7500,
    "itemDuration": 200,
    "ambientSound": "pulse",
    "liquidCapacity": 400,
    "itemCapacity": 350,
    "ambientSoundVolume": 0.15,
    "explosionRadius": 240,
    "explosionDamage": 12000,
    "requirements": [
        { "amount": 6000, "item": "lead" },
        { "amount": 4000, "item": "metaglass" },
        { "amount": 1000, "item": "graphite" },
        { "amount": 600, "item": "titanium" },
        { "amount": 6000, "item": "thorium" },
        { "amount": 500, "item": "copper" },
        { "amount": 2000, "item": "plastanium" },
        { "amount": 700, "item": "phase-fabric" },
        { "amount": 4000, "item": "surge-alloy" },
        { "amount": 4000, "item": "silicon" },

    ],
    "baseExplosiveness": 80000,
      "outputLiquid": {
	    "liquid": "工业废水",
	    "amount": 3
	},
    "consumes": {
        "items": {
            "items": [
                { "amount": 90, "item": "thorium" },
                { "amount": 40, "item": "blast-compound" },
                { "amount": 35, "item": "pyratite" },
                { "amount": 50, "item": "plan零能晶体" }
            ]
        },
        "liquid": {
            "liquid": "cryofluid",
            "amount": 2.8
        },
        "power": 750
    },

    "category": "power",
    "description": "伟大的鸽子科学家在咕咕咕的时候发现那些废弃的[plan零能晶体]含有未知的其他能量。
    一经发现鸽子科学家们立即展开了研究，研究进行了数日，进度还是毫无进展。
    正当它们苦思冥想时有一位鸽子科学家不小心把晶体当做巧克力吞进了肚子里！
    这一举动本应是要被做成爆炒鸽子的命运，但是鸽们逐渐发现不对劲。
    [数据删除]因此获得了巨大的收获。它们发现这种晶体能量极其恐怖根据它的恐怖性我们暂且对其命名为[鸽能]。
    在发现晶体中的[鸽能]后一天整个实验立马遭到封锁，偌大的实验室一夜之间消失不见，参与其中的研究人员集体失忆。
    时隔数年，一个[数据删除]玩耍途中在一座破旧的[数据删除]里发现了当时的研究设施。
    ",
    "research": "PLAN晶裂聚变反应堆"
}
















/*

        impactReactor = new ImpactReactor("impact-reactor"){{
            requirements(Category.power, with(Items.lead, 500, Items.silicon, 300, Items.graphite, 400, Items.thorium, 100, Items.surgeAlloy, 250, Items.metaglass, 250));
            size = 4;
            health = 900;
            powerProduction = 130f;
            itemDuration = 140f;
            ambientSound = Sounds.pulse;
            ambientSoundVolume = 0.07f;
    "size": 4,
    "health": 1200,
    "powerProduction": 266.6
    "itemDuration": 160
    "ambientSound": "pulse",
    "ambientSoundVolume": 0.08,

            consumes.power(25f);
            consumes.item(Items.blastCompound);
            consumes.liquid(Liquids.cryofluid, 0.25f);
        }};
    "consumes": [
        "items": {
            "items": [
                { "amount": 1, "item": "" },
                { "amount": 1, "item": "" },
                { "amount": 1, "item": "" },
            ]
        },
        "liquid": {
            "liquid": "cryofluid",
            "amount": 0.45
        },
        "power": 30
    ]

        //endregion power
        //region production




                
                { "amount": 1, "item": "sand" },
                { "amount": 1, "item": "sand" },
                { "amount": 1, "item": "sand" },
                { "amount": 1, "item": "sand" },
                { "amount": 1, "item": "sand" },
                { "amount": 1, "item": "sand" },
                { "amount": 1, "item": "sand" },
                { "amount": 1, "item": "sand" },
                { "amount": 1, "item": "sand" },
                { "amount": 1, "item": "sand" },
                { "amount": 1, "item": "sand" },
                { "amount": 1, "item": "sand" },
                { "amount": 1, "item": "sand" },
                { "amount": 1, "item": "sand" },
                { "amount": 1, "item": "sand" },
                { "amount": 1, "item": "sand" },
                { "amount": 1, "item": "sand" },
                { "amount": 1, "item": "sand" },
                { "amount": 1, "item": "sand" },
                { "amount": 1, "item": "sand" },
                { "amount": 1, "item": "sand" },
                { "amount": 1, "item": "sand" },
                { "amount": 1, "item": "sand" },
                { "amount": 1, "item": "sand" },
                { "amount": 1, "item": "sand" },
                { "amount": 1, "item": "sand" },
                { "amount": 1, "item": "sand" },
                { "amount": 1, "item": "sand" },
                { "amount": 1, "item": "sand" },
                { "amount": 1, "item": "sand" },
                { "amount": 1, "item": "sand" },
                { "amount": 1, "item": "sand" },
                { "amount": 1, "item": "sand" },
                { "amount": 1, "item": "sand" },
                { "amount": 1, "item": "sand" },
                { "amount": 1, "item": "sand" },
                { "amount": 1, "item": "sand" },
                { "amount": 1, "item": "sand" },
                { "amount": 1, "item": "sand" },
                { "amount": 1, "item": "sand" },
                { "amount": 1, "item": "sand" },
                { "amount": 1, "item": "sand" },
                { "amount": 1, "item": "sand" },
                { "amount": 1, "item": "sand" },
                { "amount": 1, "item": "sand" },
                { "amount": 1, "item": "sand" },
                { "amount": 1, "item": "sand" },
                { "amount": 1, "item": "sand" }