{
	"name": "双管·II",
	"description": "快速向敌人发射子弹",
	"details": "相比双管更加强大...也更耗弹药",
	"health": 460,
	"size": 1,
	"reload": 10,
	"range": 150,
	"maxAmmo": 30,
	"recoilTime": 10,
	"recoil": 1,
	"shoot":{
		"type":"ShootAlternate",
		"barrels":2,
		"spread":6
	},
	"shake": 1.5,
	"liquidCapacity": 30,
	"targetGround": true,
	"targetAir": true,
	"inaccuracy": 5,
	"rotateSpeed": 15,
	"consumes": {
		"coolant": {
			"amount": 0.2,
			"optional": true
		}
	},
	"ammoTypes": {
		"copper": {
			"speed": 3,
			"damage": 9,
			"knockback": 0.5,
			"lifetime": 60,
			"width": 6,
			"height": 9,
			"ammoMultiplier": 2
		},
		"graphite": {
			"speed": 3,
			"damage": 18,
			"reloadMultiplier": 0.6,
			"lifetime": 60,
			"width": 7,
			"height": 10,
			"ammoMultiplier": 4
		},
		"silicon": {
			"speed": 3,
			"damage": 13,
			"reloadMultiplier": 1.5,
			"lifetime": 60,
			"width": 6,
			"height": 11,
			"homingRange": 80,
			"homingPower": 0.08,
			"ammoMultiplier": 5
		}
	},
	"requirements": [
		{
			"item": "copper",
			"amount": 80
		}
	],
	"category": "turret",
	"research": "core-shard1"
}