{
	"name": "双管·IV",
	"description": "以疯狂的速度向敌人发射子弹，射程显著提升，可以使用钛作为子弹，但是造价大大提高",
	"details": "双管的老爹",
	"health": 1750,
	"size": 1,
	"reload": 5,
	"range": 250,
	"maxAmmo": 80,
	"recoilTime": 10,
	"recoil": 1,
	"shoot":{
		"type":"ShootAlternate",
		"barrels":2,
		"spread":4
	},
	"shake": 1.5,
	"liquidCapacity": 30,
	"targetGround": true,
	"targetAir": true,
	"inaccuracy": 5,
	"rotateSpeed": 15,
	"consumes": {
		"coolant": {
			"amount": 0.2,
			"optional": true
		}
	},
	"ammoTypes": {
		"copper": {
			"speed": 4,
			"damage": 13,
			"knockback": 0.5,
			"lifetime": 65,
			"width": 6,
			"height": 9,
			"ammoMultiplier": 3
		},
		"titanium": {
			"speed": 4,
			"damage": 17,
			"knockback": 0.5,
			"pierce": true,
			"pierceCap": 1,
			"lifetime": 65,
			"width": 6,
			"height": 9,
			"ammoMultiplier": 5
		},
		"graphite": {
			"speed": 4,
			"damage": 35,
			"reloadMultiplier": 0.5,
			"pierce": true,
			"pierceCap": 2,
			"lifetime": 65,
			"width": 7,
			"height": 10,
			"ammoMultiplier": 5
		},
		"silicon": {
			"speed": 4,
			"damage": 15,
			"reloadMultiplier": 1.6,
			"lifetime": 65,
			"width": 6,
			"height": 11,
			"homingRange": 80,
			"homingPower": 0.08,
			"ammoMultiplier": 8
		}
	},
	"requirements": [
		{
			"item": "copper",
			"amount": 500
		}
	],
	"category": "turret",
	"research": "duo2"
}