{
	"name": "双管·VI",
	"description": "枪 林 弹 雨",
	"details": "双管的....好吧我编不下去了",
	"health": 5050,
	"size": 1,
	"reload": 2,
	"range": 400,
	"maxAmmo": 150,
	"recoilTime": 10,
	"recoil": 1,
	"shoot":{
		"type":"ShootAlternate",
		"barrels":2,
		"spread":4
	},
	"shake": 1.5,
	"liquidCapacity": 30,
	"targetGround": true,
	"targetAir": true,
	"inaccuracy": 5,
	"rotateSpeed": 15,
	"consumes": {
		"coolant": {
			"amount": 0.2,
			"optional": true
		}
	},
	"ammoTypes": {
		"copper": {
			"speed": 8,
			"damage": 19,
			"knockback": 0.5,
			"pierce": true,
			"pierceCap": 1,
			"lifetime": 50,
			"width": 6,
			"height": 9,
			"ammoMultiplier": 5
		},
		"titanium": {
			"speed": 8,
			"damage": 23,
			"knockback": 0.5,
			"pierce": true,
			"pierceCap": 2,
			"lifetime": 50,
			"width": 6,
			"height": 9,
			"ammoMultiplier": 8
		},
		"thorium": {
			"speed": 10,
			"damage": 31,
			"reloadMultiplier": 0.9,
			"pierce": true,
			"pierceCap": 2,
			"knockback": 0.5,
			"lifetime": 40,
			"width": 10,
			"height": 12,
			"ammoMultiplier":15
		},
		"graphite": {
			"speed": 8,
			"damage": 60,
			"reloadMultiplier": 0.4,
			"pierce": true,
			"pierceCap": 5,
			"lifetime": 50,
			"width": 8,
			"height": 10,
			"ammoMultiplier": 8
		},
		"silicon": {
			"speed": 5,
			"damage": 29,
			"reloadMultiplier": 1.5,
			"lifetime": 80,
			"width": 6,
			"height": 11,
			"homingRange": 80,
			"homingPower": 0.08,
			"ammoMultiplier": 12
		}
	},
	"requirements": [
		{
			"item": "copper",
			"amount": 2040
		}
	],
	"category": "turret",
	"research": "duo4"
}