{
	"type": "Pump",
	"name": "引力泵",
	"description": "泵送液体,大力出奇迹~",
	"size": 8,
	"health": 3280,
	"liquidCapacity":4000,
	"hasLiquids": true,
	"pumpAmount":10,
	"consumes": {
	"power":125
	},
	"requirements": [
		{"item": "压缩铜", "amount": 200},
		{"item": "metaglass", "amount": 1500},
		{"item": "silicon", "amount": 850},
		{ "item": "基础强化板", "amount": 960 },
		{"item": "surge-alloy", "amount": 300},
		{"item": "振波合金", "amount": 50},
	],
	"category": "liquid",
	"research": "潮汐泵"
}