{
    "name":"沙机",
    "type":"WallCrafter",
    "description":"墙壁，卒"
    "health":3000,
    "drillTime":1,
    //挖掘时间
    "size":2,
    "armor":0,
    "itemCapacity":10,
    //物体容量
    "requirements":[
        "silicon/25",
        "beryllium/20",
        ],
        "research": {
		"parent": "cliff-crusher",
    "requirements":[
        "beryllium/200",
        ]
	},
	"consumes": {
	    "power":0.25,
	    "coolant": {
	        "amount":0.05,
	        "booster": true,
	        //加速
	        "optional": true
	        //可选
	        },
	},
	"category":"production",
}