{
    "type": "ConsumeGenerator",
    "name": "铍电机",
    "description": "它一分钟发的点够我用一年了",
    "size": 2,
    "health": 3000,
    "hasLiquids": false,
    "hasItems": true,
    "itemDuration": 180,
    "powerProduction": 999,
    "itemCapacity": 10,
"drawer": {      
    	    "type": "DrawMulti",
    	        "drawers": [
    	                {
       "type": "DrawRegion",
       "suffix": "-本体"
        },
    	  {
    "type": "DrawGlowRegion",
    "suffix": "-闪光",
    "color": "B8FFA7FF"
    }
    ]
    }
    "generateEffect": "generatespark",
"consumes": {
    	"items": {
        	"items": [
            	{ "item": "beryllium","amount": 1 /*数量*/}
            ],
    	}
	},
    "requirements": [
        {
            "item": "beryllium",
            "amount": 40
        },
        {
            "item": "graphite",
            "amount": 30
        },
        {
            "item": "silicon",
            "amount": 30
        },
    ],
    "ambientSound": "smelter",
    "ambientSoundVolume": 0.06,
    "category": "power",
    "research": {
		"parent": "beam-node",
    "requirements":[
        "beryllium/120",
        "graphite/90",
        "silicon/90",
        ]
	},
}