{
  "type": "naval",
  "name": "[green]跟随",
  "description": "一艘小型海军支援舰，只配备了一台小型再生投影仪。",
  "health": 310,
  "armor": 3,
  "speed": 1.2,
  "drag": 0.14,
  "hitSize": 9,
  "accel": 0.5,
  "rotateSpeed": 5.5,
  "trailLength": 16,
  "waveTrailX": 4,
  "trailScl": 1.2,
  "faceTarget": false,
  "range": 120,
  "weapons": [],
  "weapons": [
    {
      "x": 0,
      "y": -8,
      "reload": 30,
      "mirror": false,
      "rotate": true,
      "shootSound": "spark",
      "bullet": {
        "type": "LightningBulletType",
        "damage": 1,
        "buildingDamageMultiplier": 0,
        "collidesTeam": true,
        "healAmount": 10,
        "lightningLength": 15,
        "lightningColor": "98ffa9"
      }
    }
  ],
  "research": "mod-gate-naval"
}
