{
  "type": "flying",
  "name": "[orange]野狼",
  "description": "使用激光进行攻击",
  "details": "在宇宙中，野狼通常是许多宇宙军团的主力单位，他非常便宜，在不对他造成太大影响的环境下，他们能很快摧毁敌方单位和基地，原本他只是个拦截无人机，但后来又被改造成一个浮游炮单位，但是他还是太脆弱了，为了弥补跟史一样的自保性，他之后配备了两台慢速高伤害蓝瑟激光                  虽然野狼的自保性还是跟史一样，一打就没，但是有句古话说的好，人多力量大，野狼多的时候能把一个基地平推（我没看出来他那里可以平推）这些无人机在宇宙中摧毁基地的事一点也不少见                  随着宇宙科技不断进步，野狼这种大份被取代只是时间问题，活钢诞生后，野狼也肯定会被遗弃的（话怎么这么多）",
  "speed": 3,
  "research": "mod-gate-flying",
  "flying": true,
  "health": 150,
  "armor": 1,
  "engineOffset": 5.5,
  "weapons": [
    {
      "name": "chrome-blaster",
      "reload": 90,
      "shootSound": "laser",
      "alternate": true,
      "bullet": {
        "type": "LaserBulletType",
        "damage": 30,
        "width": 15,
        "length": 180,
        "shootEffect": "shockwave",
        "colors": [
          "ec7458aa",
          "ff9c5a",
          "ffffff"
        ]
      }
    }
  ],
  "hitSize": 6
}
