{
    "type": "GenericCrafter",
    "name": "石墨转换机",
    "description": "将石墨转换硅",
    "outputItem": {
        "item": "silicon",
        "amount": 6
    },
    "size": 3,
    "itemCapacity": 20,
    "hasItems": true,
    "craftTime": 30,
    "consumes": {
        "items": {
            "items": [
                {
                    "item": "graphite",
                    "amount": 5
                }
            ]
        }
    },
    "requirements": [
        {
            "item": "copper",
            "amount": 10
        },
        {
            "item": "titanium",
            "amount": 10
        },
        {
            "item": "graphite",
            "amount": 10
        },
                {
            "item": "lead",
            "amount": 10
        }
    ],
    "category": "crafting",
    "research": "graphite-press",
    "idleSound": "respawning",
    "updateEffect": "pulverizeMedium",
    "idleSoundVolume": 0.5,
    "attribute": "oil"
}