{
    "type": "legs",
	"legCount": 4,
	"legLength": 14,
	"legForwardScl": 0.6,
	"legMoveSpace": 1.4,
	"hovering": true,
	"canDrown": false,
	"legContinuousMove": true,
	"name": "坍星",
	"speed": 1,
	"hitSize": 23,
	"ammoCapacity": 15,
	"ammoType": "graphite",
	"research": "坠星",
	"targetAir": false,
	"health": 2500,
	"armor": 80,
	"drag": 0.2,
	"rotateSpeed": 2.5,
	"faceTarget": true,
	"requirements": {
		"block": "multiplicative-reconstructor",
		"previous": "坠星"
    }
    "weapons": [
		
			{
			"name": "落星91",
			"reload": 28,
			"shake": 2,
			"shoot": {
				"shots": 1,
				"shotDelay": 4
			},
			"recoil": 5,
			"shots": 1,
			"x": 3.5,
			"y": -0.5,
			"rotate": false,
			"inaccuracy": 0,
			"alternate": true,
			"top": false,
			"ejectEffect": "casing1",
			"bullet": {
				"damage": 37,
				"speed": 25,
				"lifetime": 6,
				"width": 9,
				"height": 12
		 	}
		    
		 }, 
		 {
		    
		    
		     "shots": 2,
			 "name": "贪心3",
			 "reload": 8,
			 "x": 8.0,
			 "y": -1,
			 "rotate": false,
			 "inaccuracy": 1,
			 "alternate": true,
			 "top": false,
			 "ejectEffect": "casing1",
			 "bullet": {
				"damage": 41,
				"speed": 20,
				"lifetime": 14,
				"width": 15,
				"height": 16
			 } 
		
		
		 }
		
		
		
		
		
		
	]
	 
	 
	
}