{
	"details": "火箭导弹车,搭载集火炮台超速打击！”",
	"type": "tank",
	"name": "火箭导弹车",
	"squareShape": true,
	"omniMovement": false,
	"rotateMoveFirst": false,
"treadPullOffset": 8, // 履带牵引偏移量
  "treadRects": [ // 履带矩形区域定义
    {
      "x": 25, // x坐标
      "y": -30, // y坐标
      "width": 25, // 宽度
      "height": 51 // 高度
    }
  ],
	"rotateSpeed": 3,
	"speed": 0.8,
	"hitSize": 50,
	"ammoCapacity": 300,
	"health": 10000,
	"armor": 10,
	"research": "装甲工厂",
	"drag": 0.08,
	"accel": 0.1,
	"itemCapacity": 5,
	"faceTarget": false,
	"abilities": [
		{
			"type": "StatusFieldAbility",
			"duration": 250,
			"reload": 300,
			"range": 30,
			"applyEffect": "none",
			"activeEffect": {
				"type": "WaveEffect",
				"lifetime": 10,
				"sizeFrom": 8,
				"sizeTo": 40,
				"strokeFrom": 2,
				"strokeTo": 0,
				"colorFrom": "FFFFFF",
				"colorTo": "FFFFFF"
			},
			"effect": "overclock"
		}
	],
	"weapons": [
	
		{
			"name": "双导弹发射器",
			"reload": 350,
			"shoot": {
				"shots": 2,
				"shotDelay": 30
			},
			"x": 0,
			"y": 0,
			"rotate": true,
			"mirror":false,
			"inaccuracy": 10,
			"shootCone": 20,
			"alternate": true,
			"shootSound": "AR57",
			"shake": 5,
			"parts":[
				{
					"type": "RegionPart",
					"mirror": false,
					"suffix": "-preview",
					"progress": "reload",
					"under": true,
					"layerOffset": -0.001,
					"moveX": 0,
					"moveRot": 45
				}
			],
			"bullet": {
				"keepVelocity": false,
				"speed": 0,
				"shootEffect": "none",
				"smokeEffect": "shootSmallFlame",
				"spawnUnit": "火箭"
			}
		}
	    
	
		
	]
}