{
	"details": "火箭导弹车,搭载强化蜂巢集群打击系统，突破！ 撕裂！ 摧毁一切！.",
	"type": "tank",
	"name": "[red]暴君",
	"squareShape": true,
	"omniMovement": false,
	"rotateMoveFirst": false,
	"rotateSpeed": 0.5,
	"research": "T5",
	"speed": 1,
	"hitSize": 50,
    // 履带动画中每个履带块的移动偏移量（单位：像素）
    "treadPullOffset": 0,

    // 定义组成履带的矩形区域数组
    "treadRects": [ 
        {
            // 矩形左上角的水平坐标（单位：像素）
            "x": 120,
            
            // 矩形左上角的垂直坐标（单位：像素）
            // 负值通常表示在参考点上方
            "y": -10,
            
            // 矩形的宽度（单位：像素）
            "width": 50,
            
            // 矩形的高度（单位：像素）
            "height": 300
        }
    ]
	"ammoCapacity": 300,
	"health": 90000,
	"armor": 500,
	"drag": 0.08,
	"accel": 0.1,
	"itemCapacity": 5,
	"faceTarget": false,
    "abilities": [
        {
            "type": "RegenAbility",
            "percentAmount": 0.01 // 修正为真正的10%回血
        },
        {
            "type": "ForceFieldAbility",
            "radius": 60,
            "regen": 6,
            "max": 2000,
            "cooldown": 200
        }
    ]

       "parts": [
		{
			"type": "HaloPart",
			"sides": 6,
			"shapes": 6,
			"rotateSpeed": 0.5,
			"color": "EEC510",
			"colorTo": "FEEBB1",
			"layer":300,
			"tri": false,
			"hollow": true,
			"stroke": 0,
			"strokeTo": 2,
			"radius": 0,
			"radiusTo": 60,
			"haloRadius": 0
		},
		],
	"abilities": [
		{
			"type": "StatusFieldAbility",
			"duration": 250,
			"reload": 300,
			"range": 30,
			"applyEffect": "none",
			"activeEffect": {
				"type": "WaveEffect",
				"lifetime": 10,
				"sizeFrom": 8,
				"sizeTo": 40,
				"strokeFrom": 2,
				"strokeTo": 0,
				"colorFrom": "FFFFFF",
				"colorTo": "FFFFFF"
			},
			"effect": "overclock"
		}
	],
	"weapons": [
	
		{
			"name": "导弹大",
			"reload": 250,
			"shoot": {
				"shots": 3,
				"shotDelay": 3
			},
			"x": 27,
			"y": -38,
			"rotate": true,
			"mirror":true,
			"inaccuracy": 60,
			"rotateSpeed": 1,
			"shootCone": 10,
			"alternate": true,
			"shootSound": "MK14",
			"shake": 10,
			"parts":[
				{
					"type": "RegionPart",
					"mirror": false,
					"suffix": "-preview",
					"progress": "reload",
					"under": true,
					"layerOffset": -0.001,
					"moveX": 0,
					"moveRot": 45
				}
			],
			"bullet": {
				"keepVelocity": false,
				"speed": 0,
				"shootEffect": "none",
				"smokeEffect": "shootSmallFlame",
				"spawnUnit": "准导弹"
			}
		},
	
	    {
			"name": "重火",
			"reload": 90,
			"shake": 15,
			"shoot": {
				"shots": 5,
				"shotDelay": 3
			},
		    "recoil": 15,
			"x": 0,
			"y": -8,
			"shootX": -10,
			"shootY": 5,
			"rotate": true,
			"mirror":false,
			"top": true,
			"rotateSpeed": 0.6,
			"inaccuracy": 1,
			"shootSound": "AX50",
			"alternate": true,
			"ejectEffect": "casing4",
			"bullet": {
				"status": "blasted",
				"damage": 205,
				"pierceArmor": true,
				"pierce": true,
				"pierceCap": 10,
				"speed": 15,
				"lifetime": 30,
				"shootEffect": "shootBig",
				"smokeEffect": "shootBigSmoke",
				"width": 20,
				"height": 39,
				"hitSound": "explosion",
				"hitEffect": "flakExplosion",
				"fragBullets": 2,
				"fragRandomSpread": 30,
				"fragBullet": {
					"damage": 50,
					"width": 15,
					"height": 19,
					"pierce": true,
					"pierceBuilding": true,
					"pierceCap": 3,
					"speed": 16,
					"lifetime": 10,
					"hitSound": "explosion",
					"hitEffect": "flakExplosion",
					"splashDamage": 20,
					"splashDamageRadius": 20
				}
			}
		},
		
{
	"name": "死神23",
	"reload": 30,
	"shoot": {
		"shots": 4,
		"shotDelay": 3
	},
	"shootY": 9,
	"x": 19,
	"y": 26,
	"rotate": true,
	"rotateSpeed": 3,
	"inaccuracy": 10,
	"shootCone": 10,
	"shootSound": "HWQ",
	"shake": 1,
	"ejectEffect": "casing3",
	"bullet": {
		"type": "ContinuousLaserBulletType",
		"damage": 85.53,
		"length": 270,
		"width": 9,
		"shootEffect": "shootBig",
		"status": "blasted",
		"statusDuration": 120,
		"ammoMultiplier": 6,
	}
},


		{
			"name": "重火",
			"reload": 90,
			"shake": 15,
			"shoot": {
				"shots": 5,
				"shotDelay": 3
			},
		    "recoil": 15,
			"x": 0,
			"y": -8,
			"shootX": 10,
			"shootY": 5,
			"rotate": true,
			"mirror":false,
			"top": true,
			"rotateSpeed": 0.6,
			"inaccuracy": 1,
			"shootSound": "AX50",
			"alternate": true,
			"ejectEffect": "casing4",
			"bullet": {
				"status": "blasted",
				"damage": 205,
				"pierceArmor": true,
				"pierce": true,
				"pierceCap": 10,
				"speed": 15,
				"lifetime": 30,
				"shootEffect": "shootBig",
				"smokeEffect": "shootBigSmoke",
				"width": 20,
				"height": 39,
				"hitSound": "explosion",
				"hitEffect": "flakExplosion",
				"fragBullets": 2,
				"fragRandomSpread": 30,
				"fragBullet": {
					"damage": 50,
					"width": 15,
					"height": 19,
					"pierce": true,
					"pierceBuilding": true,
					"pierceCap": 3,
					"speed": 16,
					"lifetime": 10,
					"hitSound": "explosion",
					"hitEffect": "flakExplosion",
					"splashDamage": 20,
					"splashDamageRadius": 20
				}
			}
		}
		
	]
}