{
	"type": "legs",
	"legCount": 4,
	"legLength": 5,
	"legForwardScl": 0.6,
	"legMoveSpace": 1.4,
	"hovering": true,
	"canDrown": false,
	"legContinuousMove": true,
	"name": "落星",
	"description":" 防线杀手 ",
	"speed": 1,
	"hitSize": 18,
	"ammoCapacity": 15,
	"ammoType": "graphite",
	"targetAir": false,
	"health": 150,
	"armor": 8,
	"drag": 0.2,
	"rotateSpeed": 2.5,
	"faceTarget": true,
	"research": "落星工厂",
	/*"requirements": {
		"block": "ground-factory",
		"time": 2000,
		"requirements": [
			"silicon/30",
			"lead/25",
			"titanium/25"
		]},*/
	"weapons": [
		{
			"name": "落星91",
			"reload": 20,
			"x": 4.2,
			"y": -0.5,
			"rotate": false,
			"inaccuracy": 0,
			"alternate": true,
			"top": false,
			"ejectEffect": "casing1",
			"bullet": {
				"damage": 37,
				"speed": 25,
				"lifetime": 10,
				"width": 9,
				"height": 12
			}
		}
	]
}