{
  "type": "ItemTurret",
  "name": "飓风",
  "description": "气旋增强版",
  "health": 1905,
  "reload": 9,
  "range": 224,
  "size": 3,
  "squareSprite": false,
  "targetAir": true,
  "targetGround": true,
  "inaccuracy": 7,
  "xRand": 4,
  "recoil": 2,
  "shootSound": "shoot",
  "buildCostMultiplier": 0.2,
  "ammoTypes": {
    "metaglass": {
      "lifetime": 55,
      "speed": 4,
      "type": "FlakBulletType",
      "ammoMultiplier": 3,
      "shootEffect": "shootSmall",
      "reloadMultiplier": 0.8,
      "width": 6,
      "damage": 8,
      "height": 6,
      "hitEffect": "flakExplosion",
      "splashDamage": 42,
      "splashDamageRadius": 25,
      "fragBullets": 4,
      "fragBullet": {
        "width": 5,
        "height": 12,
        "shrinkY": 1,
        "lifetime": 20,
        "backColor": "484848",
        "frontColor": "ffffff",
        "despawnEffect": "none"
      },
      "collidesGround": true
    },
    "blast-compound": {
      "lifetime": 55,
      "speed": 4,
      "type": "FlakBulletType",
      "damage": 10,
      "ammoMultiplier": 5,
      "shootEffect": "shootBig",
      "splashDamage": 46,
      "splashDamageRadius": 60,
      "collidesGround": true,
      "status": "blasted",
      "statusDuration": 60
    },
    "plastanium": {
      "lifetime": 55,
      "speed": 4,
      "type": "FlakBulletType",
      "splashDamageRadius": 40,
      "splashDamage": 68,
      "damage": 28,
      "hitEffect": "plasticExplosion",
      "shootEffect": "shootBig",
      "collidesGround": true,
      "fragBullets": 6,
      "fragBullet": {
        "width": 10,
        "height": 12,
        "shrinkY": 1,
        "lifetime": 15,
        "despawnEffect": "none"
      }
    },
    "surge-alloy": {
      "lifetime": 55,
      "speed": 4,
      "ammoMultiplier": 5,
      "splashDamage": 82,
      "splashDamageRadius": 38,
      "lightning": 2,
      "lightningLength": 7,
      "lightningDamage": 15,
      "shootEffect": "shootBig",
      "collidesGround": true,
      "damage": 18
    },
    "steel-alloy": {
      "lifetime": 55,
      "speed": 4,
      "ammoMultiplier": 5,
      "splashDamage": 91
      "splashDamageRadius": 38,
      "lightning": 3,
      "lightningLength": 9,
      "lightningDamage": 19,
      "shootEffect": "shootBig",
      "collidesGround": true,
      "damage": 25
    }
  },
  "requirements": [
    {
      "item": "copper",
      "amount": 500
    },
    {
      "item": "titanium",
      "amount": 300
    },
    {
      "item": "plastanium",
      "amount": 150
    }
  ],
  "category": "turret",
  "research": "big-swarmer"
}
