{
  "type": "ItemTurret",
  "name": "地雷布置器",
  "description": "发射一大滩地雷，这些地雷会停留一段时间，伤害非常高",
  "health": 800,
  "reload": 300,
  "range": 200,
  "size": 3,
  "shootEffect": "none",
  "smokeEffect": "none",
  "shoot": {
    "type": "ShootAlternate",
    "shots": 3,
    "spread": 10,
    "shotDelay": 0,
    "barrels": 3
  },
  "squareSprite": false,
  "targetAir": false,
  "targetGround": true,
  "rotateSpeed": 5,
  "recoil": 1,
  "shootSound": "shoot",
  "ammoTypes": {
    "blast-compound": {
      "smokeEffect": "none",
      "shootEffect": "none",
      "speed": 10,
      "ammoMultiplier": 3,
      "height": 0,
      "type": "BasicBulletType",
      "width": 0,
      "hittable": false,
      "damage": 0,
      "lifetime": 15,
      "height": 0,
      "pierce": false,
      "collides": true,
      "knockback": 8,
      "fragBullets": 1,
      "fragBullet": {
        "type": "BasicBulletType",
        "height": 32,
        "width": 32,
        "hitSize": 32,
        "damage": 75,
        "sprite": "me-lml-mine"
        "frontColor": "d99f6b",
        "shrinkX": 0,
        "shrinkY": 0,
        "despawnEffect": "none",
        "backColor": "f3e979",
        "splashDamage": 75,
        "splashDamageRadius": 45,
        "speed": 0,
        "hittable": false,
        "collides": true,
        "pierce": false,
        "lifetime": 720,
        "status": "melting",
        "statusDuration": 240
      }
    },
    "ammo-level-3": {
      "smokeEffect": "none",
      "shootEffect": "none",
      "speed": 10,
      "ammoMultiplier": 3,
      "height": 0,
      "type": "BasicBulletType",
      "width": 0,
      "hittable": false,
      "damage": 0,
      "lifetime": 15,
      "height": 0,
      "pierce": false,
      "collides": true,
      "knockback": 8,
      "fragBullets": 1,
      "fragBullet": {
        "type": "BasicBulletType",
        "height": 32,
        "width": 32,
        "hitSize": 32,
        "damage": 90,
        "sprite": "me-lml-mine"
        "frontColor": "d99f6b",
        "shrinkX": 0,
        "shrinkY": 0,
        "despawnEffect": "none",
        "backColor": "f3e979",
        "splashDamage": 75,
        "splashDamageRadius": 45,
        "speed": 0,
        "hittable": false,
        "collides": true,
        "pierce": false,
        "lifetime": 720,
        "status": "melting",
        "statusDuration": 300
      }
    }
  },
  "requirements": [
    {
      "item": "copper",
      "amount": 180
    },
    {
      "item": "lead",
      "amount": 150
    },
    {
      "item": "graphite",
      "amount": 120
    },
    {
      "item": "silicon",
      "amount": 100
    }
  ],
  "category": "turret",
  "research": "ore-turret"
}
