{
  "type": "ItemTurret",
  "name": "核弹发射井",
  "description": "非常强大，一次就能炸死它爆炸范围内的非高等敌人，在击中修复器时修复器会宕机一段时间",
  "health": 300,
  "maxAmmo": 10,
  "reload": 3600,
  "commandable": false,
  "targetAir": false,
  "shootX": 0,
  "shootY": 0,
  "targetGround": true,
  "shootSound": "missile-silo-launch",
  "size": 3,
  "unitSort": "strongest",
  "hasLiquids": false,
  "hasPower": true,
  "consumes": {
    "power": 63.333333333333333333333333333333
  },
  "rotateSpeed": 0,
  "shootCone": 360,
  "rotate": false,
  "shootEffect": {
              "particles": 1,
              "spin": 60,
              "colorFrom": "c80000",
              "colorTo": "ff2424",
              "lifetime": 600,
            },
  "recoil": 0,
  "range": 1600,
  "inaccuracy": 0,
  "ammoTypes": {
    "nuke": {
      "speed": 0,
      "damage": 0,
      "instantDisappear": true,
      "spawnUnit": "me-nuke-missile"
    }
  },
  "requirements": [
    {
      "item": "copper",
      "amount": 6000
    },
    {
      "item": "lead",
      "amount": 5000
    },
    {
      "item": "graphite",
      "amount": 4000
    },
    {
      "item": "silicon",
      "amount": 3500
    },
    {
      "item": "plastanium",
      "amount": 2400
    },
    {
      "item": "steel-alloy",
      "amount": 1800
    }
  ],
  "category": "turret",
  "canOverdrive": false,
  "research": "sunflare"
}
