{
  "type": "ItemTurret",
  "name": "高望",
  "description": "用电和孢子夹做燃烧炸弹，但是吧，我只推荐你攻击T4和T5单位，毕竟这玩意打到目标地点最少要几秒，而且它要充能",
  "size": 3,
  "category": "turret",
  "research": "big-scatter",
  "requirements": [
    "copper/120",
    "lead/100",
    "graphite/50",
    "metaglass/65"
    "titanium/50"
  ],
  "reload": 360,
  "range": 320,
  "hasItems": true,
  "itemCapacity": 20,
  "minRange": 64,
  "accurateDelay": false,
  "targetAir": false,
  "targetGround": true,
  "scaledHealth": 110,
  "ammoUseEffect": "casing2",
  "velocityRnd": 0.2,
  "recoil": 6,
  "heatColor": "ff0000",
  "shoot": {
    "firstShotDelay": 60 
  },
  "chargeSound": "lasercharge2",
  "inaccuracy": 4,
  "consumes": {
    "coolant": {
      "amount": 0.3 
    },
    "power": 4.2
  }
  "shootSound": "largeCannon",
  "ammoTypes": {
    "spore-pod": {
      "type": "ArtilleryBulletType",
      "smokeEffect": "shootSmokeMissile",
      "width": 30,
      "height": 42,
      "speed": 1.6,
      "lifetime": 130,
      "splashDamage": 160,
      "sprite": "me-mortar-shell",
      "splashDamageRadius": 64,
      "status": "burning",
      "statusDuration": 780,
      "incendChance": 1,
      "incendSpread": 4.1,
      "incendAmount": 12,
      "makeFire": true,
      "frontColor": "9e78dc",
      "backColor": "5541b1",
      "hitColor": "9e78dc",
      "hitEffect": "blastExplosion",
      "knockback": 0.6,
      "hitSound": "largeCannon",
      "hitEffect": {
        "type": "MultiEffect",
        "effects": [
          {
            "type": "ParticleEffect",
            "particles": 24,
            "length": -40,
            "baseLength": 40,
            "sizeFrom": 8,
            "sizeTo": 2,
            "lifetime": 68,
            "colorFrom": "9e78dc",
            "colorTo": "5541b1"
          },
          {
            "type": "WaveEffect",
            "sizeFrom": 2,
            "sizeTo": 50,
            "strokeFrom": 0,
            "strokeTo": 3,
            "colorFrom": "9e78dc",
            "colorTo": "5541b1",
            "lifetime": 34
          }
        ]
      },
      "chargeEffect": {
        "type": "MultiEffect",
        "effects": [
          {
              "type": "ParticleEffect",
              "particles": 20,
              "offset": 100,
              "sizeFrom": 1,
              "sizeTo": 6,
              "length": 40,
              "baseLength": -40,
              "interp": "pow3In",
              "sizeInterp": "pow5Out",
              "lifetime": 45,
              "colorFrom": "9e78dc",
              "colorTo": "5541b1"
            },
          {
              "type": "WaveEffect",
              "lifetime": 60,
              "sizeFrom": 50,
              "sizeTo": 0,
              "interp": "pow5Out",
              "strokeFrom": 0,
              "strokeTo": 4,
              "colorFrom": "9e78dc",
              "colorTo": "5541b1" 
            },
            {
              "type": "WaveEffect",
              "lifetime": 70,
              "sizeFrom": 60,
              "sizeTo": 0,
              "interp": "pow10Out",
              "strokeFrom": 0,
              "strokeTo": 4,
              "colorFrom": "9e78dc",
              "colorTo": "5541b1"
            }
        ]
      }
    }
  }
}
