{
  "type": "ItemTurret",
  "name": "抛击",
  "description": "向敌人发射由纯矿石做的高伤害炮弹（砸死敌人是吧）",
  "health": 320,
  "size": 2,
  "category": "turret",
  "research": "sear",
  "range": 176,
  "reload": 60,
  "rotateSpeed": 4,
  "targetAir": true,
  "targetGround": true,
  "shootSound": "shootBig",
  "recoil": 1.2,
  "recoilTime": 60,
  "ammoTypes": {
    "coal": {
      "sprite": "me-coal-bullet",
      "type": "BasicBulletType",
      "speed": 3,
      "height": 16,
      "despawnHit": true,
      "lightRadius": 0,
      "pierce": true,
      "pierceCap": 4,
      "width": 16,
      "damage": 20,
      "splashDamage": 25,
      "splashDamageRadius": 16,
      "frontColor": "404040",
      "backColor": "2a2a2a",
      "ammoMultiplier": 1,
      "lifetime": 60,
      "status": "burning",
      "lightOpacity": 1,
      "statusDuration": 60,
      "makeFire": true,
      "hitEffect": {
        "type": "MultiEffect",
        "effects": [
          {
            "type": "ParticleEffect",
            "particles": 10,
            "length": 16,
            "sizeFrom": 10,
            "sizeTo": 0,
            "colorFrom": "404040",
            "colorTo": "2a2a2a",
            "interp": "pow5Out"
          },
          {
            "type": "WaveEffect",
            "sizeFrom": 0,
            "sizeTo": 18,
            "colorFrom": "404040",
            "colorTo": "2a2a2a",
          }
        ]
      },
      "despawnEffect": "none"
    },
    "graphite": {
      "sprite": "me-graphite-bullet",
      "type": "BasicBulletType",
      "speed": 3,
      "height": 16,
      "pierce": true,
      "pierceCap": 6,
      "despawnHit": true,
      "lightRadius": 0,
      "width": 16,
      "damage": 30,
      "splashDamage": 35,
      "splashDamageRadius": 24,
      "frontColor": "899bc0",
      "backColor": "626f9b",
      "lightOpacity": 1,
      "ammoMultiplier": 3,
      "lifetime": 60,
      "hitEffect": {
        "type": "MultiEffect",
        "effects": [
          {
            "type": "ParticleEffect",
            "particles": 10,
            "length": 16,
            "sizeFrom": 10,
            "sizeTo": 0,
            "colorFrom": "95abd9",
            "colorTo": "626f9b",
            "interp": "pow5Out"
          },
          {
            "type": "WaveEffect",
            "sizeFrom": 0,
            "sizeTo": 18,
            "colorFrom": "95abd9",
            "colorTo": "626f9b",
          }
        ]
      },
      "despawnEffect": "none"
    },
    "sand": {
      "sprite": "me-sand-bullet",
      "type": "BasicBulletType",
      "speed": 3,
      "height": 16,
      "despawnHit": true,
      "pierce": true,
      "pierceCap": 3,
      "width": 16,
      "lightColor": "d3ae8d",
      "lightOpacity": 1,
      "damage": 10,
      "splashDamage": 15,
      "splashDamageRadius": 8,
      "frontColor": "f7cba4",
      "backColor": "d3ae8d",
      "lifetime": 60,
      "ammoMultiplier": 1,
      "status": "muddy",
      "statusDuration": 60,
      "hitEffect": {
        "type": "MultiEffect",
        "effects": [
          {
            "type": "ParticleEffect",
            "particles": 10,
            "length": 16,
            "sizeFrom": 10,
            "sizeTo": 0,
            "colorFrom": "f7cba4",
            "colorTo": "d3ae8d",
            "interp": "pow5Out"
          },
          {
            "type": "WaveEffect",
            "sizeFrom": 0,
            "sizeTo": 18,
            "colorFrom": "f7cba4",
            "colorTo": "d3ae8d",
          }
        ]
      },
      "despawnEffect": "none"
    },
    "thorium": {
      "sprite": "me-thorium-bullet",
      "type": "BasicBulletType",
      "speed": 3,
      "height": 16,
      "despawnHit": true,
      "lightRadius": 0,
      "pierce": true,
      "pierceCap": 8,
      "width": 16,
      "damage": 50,
      "splashDamage": 55,
      "splashDamageRadius": 32,
      "frontColor": "f9a3c7",
      "backColor": "cb8ebf",
      "ammoMultiplier": 4,
      "lifetime": 60,
      "lightOpacity": 1,
      "homingPower": 0.2,
      "hitEffect": {
        "type": "MultiEffect",
        "effects": [
          {
            "type": "ParticleEffect",
            "particles": 10,
            "length": 16,
            "sizeFrom": 10,
            "sizeTo": 0,
            "colorFrom": "f9a3c7",
            "colorTo": "cb8ebf",
            "interp": "pow5Out"
          },
          {
            "type": "WaveEffect",
            "sizeFrom": 0,
            "sizeTo": 18,
            "colorFrom": "f9a3c7",
            "colorTo": "cb8ebf",
          }
        ]
      },
      "despawnEffect": "none"
    },
    "blast-compound": {
      "sprite": "me-blast-bullet",
      "type": "BasicBulletType",
      "speed": 3,
      "height": 16,
      "despawnHit": true,
      "lightRadius": 0,
      "pierce": true,
      "pierceCap": 7,
      "width": 16,
      "damage": 35,
      "splashDamage": 40,
      "splashDamageRadius": 24,
      "frontColor": "ff795e",
      "backColor": "c85c51",
      "ammoMultiplier": 1,
      "lifetime": 60,
      "status": "blasted",
      "lightOpacity": 1,
      "statusDuration": 60,
      "makeFire": true,
      "hitEffect": {
        "type": "MultiEffect",
        "effects": [
          {
            "type": "ParticleEffect",
            "particles": 10,
            "length": 16,
            "sizeFrom": 10,
            "sizeTo": 0,
            "colorFrom": "ff795e",
            "colorTo": "c85c51",
            "interp": "pow5Out"
          },
          {
            "type": "WaveEffect",
            "sizeFrom": 0,
            "sizeTo": 18,
            "colorFrom": "ff795e",
            "colorTo": "c85c51",
          }
        ]
      },
      "despawnEffect": "none"
    },
    "pyratite": {
      "sprite": "me-blast-bullet",
      "type": "BasicBulletType",
      "speed": 3,
      "height": 16,
      "despawnHit": true,
      "lightRadius": 0,
      "pierce": true,
      "pierceCap": 6,
      "width": 16,
      "damage": 30,
      "splashDamage": 35,
      "splashDamageRadius": 24,
      "frontColor": "ffaa5f",
      "backColor": "d37f47",
      "ammoMultiplier": 1,
      "lifetime": 60,
      "status": "melting",
      "lightOpacity": 1,
      "statusDuration": 60,
      "makeFire": true,
      "hitEffect": {
        "type": "MultiEffect",
        "effects": [
          {
            "type": "ParticleEffect",
            "particles": 10,
            "length": 16,
            "sizeFrom": 10,
            "sizeTo": 0,
            "colorFrom": "ffaa5f",
            "colorTo": "d37f47",
            "interp": "pow5Out"
          },
          {
            "type": "WaveEffect",
            "sizeFrom": 0,
            "sizeTo": 18,
            "colorFrom": "ffaa5f",
            "colorTo": "d37f47",
          }
        ]
      },
      "despawnEffect": "none"
    },
    "uraniumrod": {
      "sprite": "me-rod-bullet",
      "type": "BasicBulletType",
      "speed": 3,
      "height": 16,
      "despawnHit": true,
      "lightRadius": 0,
      "pierce": true,
      "pierceCap": 9,
      "spin": 1,
      "width": 16,
      "damage": 75,
      "splashDamage": 80,
      "splashDamageRadius": 24,
      "frontColor": "31d926",
      "backColor": "2cfa1f",
      "ammoMultiplier": 4,
      "lifetime": 60,
      "lightOpacity": 1,
      "hitEffect": {
        "type": "MultiEffect",
        "effects": [
          {
            "type": "ParticleEffect",
            "particles": 10,
            "length": 16,
            "sizeFrom": 10,
            "sizeTo": 0,
            "colorFrom": "2cfa1f",
            "colorTo": "31d926",
            "interp": "pow5Out"
          },
          {
            "type": "WaveEffect",
            "sizeFrom": 0,
            "sizeTo": 18,
            "colorFrom": "2cfa1f",
            "colorTo": "31d926",
          }
        ]
      },
      "despawnEffect": "none"
    }
  },
  "requirements": [
    {
      "item": "copper",
      "amount": 250
    },
    {
      "item": "lead",
      "amount": 200
    },
    {
      "item": "graphite",
      "amount": 150
    },
    {
      "item": "silicon",
      "amount": 100
    }
  ]
}
