{
  "type": "ItemTurret",
  "name": "C.B.S.T",
  "description": "全称集束导弹发射炮台，它的炮弹会炸出来小炸弹，然后造成大量伤害",
  "targetAir": true,
  "targetGround": true,
  "shoot": {
    "shots": 21
  },
  "drawer": {
    "type": "DrawTurret",
    "parts": [
      {
        "type": "RegionPart",
        "suffix": "-horn",
        "mirror": true,
        "under": true,
        "progress": "recoil",
        "moveY": -2.5,
        "moveRot": -16
      }
    ]
  },
  "reload": 240,
  "recoil": 6,
  "inaccuracy": 0,
  "size": 4,
  "health": 1000,
  "rotateSpeed": 10,
  "range": 293,
  "ammoTypes":{
    "ammo-level-1": {
    "type": "MissileBulletType",
    "height": 24,
    "width": 24,
      "lightRadius": 40,
        "lightOpacity": 0.7,
    "lightColor": "d99d73",
    "frontColor": "ffffff",
    "backColor": "d99d73",
    "trailColor": "d99d73",
    "trailChance": -1,
    "trailWidth": 6,
    "trailLength": 60,
		"speed": 2,
		"lifetime": 140,
		"collides": true,
		"damage": 40,
		"fragBullets": 10,
		"fragBullet":{
		  "type": "BasicBulletType",
      "frontColor": "ffffff",
      "backColor": "d99d73",
		  "speed": 3,
		  "damage": 15, 
  		"lifetime": 45,
		  "collides": true
      }
    },
    "ammo-level-2": {
    "type": "MissileBulletType",
    "height": 24,
    "width": 24,
      "lightRadius": 40,
        "lightOpacity": 0.7,
    "lightColor": "7575c8",
    "frontColor": "ffffff",
    "backColor": "7575c8",
    "trailColor": "7575c8",
    "trailChance": -1,
    "trailWidth": 6,
    "trailLength": 60,
		"speed": 2,
		"lifetime": 140,
		"collides": true,
		"damage": 60,
		"fragBullets": 10,
      "pierce": true,
      "pierceCap": 4,
		"fragBullet":{
		  "type": "BasicBulletType",
      "frontColor": "ffffff",
      "backColor": "7575c8",
		  "speed": 3,
		  "damage": 20, 
  		"lifetime": 45,
      "pierce": true,
      "pierceCap": 4,
		  "collides": true
      }
    },
    "ammo-level-3": {
    "type": "MissileBulletType",
    "height": 24,
    "width": 24,
      "lightRadius": 40,
        "lightOpacity": 0.7,
    "lightColor": "c85c51",
    "frontColor": "ffffff",
    "backColor": "c85c51",
    "trailColor": "c85c51",
    "trailChance": -1,
    "trailWidth": 6,
    "trailLength": 60,
		"speed": 2,
		"lifetime": 140,
		"collides": true,
		"damage": 90,
      "status": "blasted",
      "statusDuration": 60,
		"fragBullets": 10,
		"fragBullet":{
		  "type": "BasicBulletType",
      "frontColor": "ffffff",
      "backColor": "c85c51",
		  "speed": 3,
      "status": "blasted",
      "statusDuration": 60,
		  "damage": 25, 
  		"lifetime": 45,
		  "collides": true,
      }
    },
    "nano-ammo": {
     "type": "MissileBulletType",
    "height": 24,
    "width": 24,
      "lightRadius": 40,
        "lightOpacity": 0.7,
    "lightColor": "570047",
    "frontColor": "ffffff",
    "backColor": "570047",
    "trailColor": "570047",
    "trailChance": -1,
    "trailWidth": 6,
    "trailLength": 60,
		"speed": 2,
		"lifetime": 140,
		"collides": true,
		"damage": 5,
		"fragBullets": 10,
		"fragBullet":{
		  "type": "BasicBulletType",
      "frontColor": "ffffff",
      "backColor": "570047",
		  "speed": 3,
		  "status": "melting",
		  "statusDuration": 8000000,
		  "damage": 2, 
  		"lifetime": 45,
		  "collides": true
      }
    },
    "living-steel": {
     "type": "MissileBulletType",
    "height": 24,
    "width": 24,
      "lightRadius": 40,
        "lightOpacity": 0.7,
    "lightColor": "8c0291",
    "frontColor": "ffffff",
    "backColor": "8c0291",
    "trailColor": "8c0291",
    "trailChance": -1,
    "trailWidth": 6,
    "trailLength": 60,
		"speed": 2,
		"lifetime": 140,
		"collides": true,
		"damage": 30,
		"fragBullets": 10,
      "status": "sapped",
      "statusDuration": 60,
		"fragBullet":{
		  "type": "BasicBulletType",
      "frontColor": "ffffff",
      "backColor": "8c0291",
		  "speed": 3,
		  "damage": 10,
		  "status": "slow",
		  "statusDuration": 100,
  		"lifetime": 45,
      "status": "sapped",
      "statusDuration": 60,
		  "collides": true
      }
    },
    "steel-alloy": {
     "type": "MissileBulletType",
    "height": 24,
    "width": 24,
      "lightRadius": 40,
        "lightOpacity": 0.7,
    "lightColor": "ba6a83",
    "frontColor": "ffffff",
    "backColor": "ba6a83",
    "trailColor": "ba6a83",
    "trailChance": -1,
    "trailWidth": 6,
    "trailLength": 60,
		"speed": 2,
		"lifetime": 140,
		"collides": true,
		"damage": 40,
		"fragBullets": 10,
      "lightning": 3,
      "lightningLength": 8,
      "lightningDamage": 12,
      "status": "shocked",
      "statusDuration": 60,
		"fragBullet":{
		  "type": "BasicBulletType",
      "frontColor": "ffffff",
      "backColor": "ba6a83",
		  "speed": 3,
		  "damage": 14,
  		"lifetime": 45,
      "status": "shocked",
      "statusDuration": 60,
		  "collides": true
      }
    }
  },
  "category": "turret",
  "shootSound": "crush",
  "research": "sniper",
  "requirements": [
    {
      "item": "copper",
      "amount": 200
    },
    {
      "item": "lead",
      "amount": 100
    },
    {
      "item": "graphite",
      "amount": 200
    },
    {
      "item": "titanium",
      "amount": 200
    },
    {
      "item": "phase-fabric",
      "amount": 100
    }
  ]
}
