{
  "type": "ItemTurret",
  "name": "枪轨",
  "description": "高射程，高伤害，非常的牛掰就是了",
  "targetGround": true,
  "targetAir": false,
  "health": 1200,
  "size": 3,
  "inaccuracy": 0,
  "reload": 400,
  "unitSort": "strongest",
  "recoil": 6,
  "recoilTime": 300,
  "ammoUseEffect": "casing3",
  "coolantMultiplier": 1,
  "consumes": {
    "coolant": {
      "amount": 0.8 
    } 
  },
  "shootSound": "shootBig",
  "maxAmmo": 50,
  "rotateSpeed": 8,
  "range": 500,
  "ammoTypes": {
    "ammo-level-1": {
      "type": "PointBulletType",
      "trailEffect": {
        "type": "ParticleEffect",
        "particles": 16,
        "rotWithParent": true,
        "line": true,
        "length": 10,
        "colorFrom": "b8705c",
        "colorTo": "eac2a9",
        "sizeFrom": 10,
        "sizeTo": 10,
      },
      "speed": 12,
      "hitEffect": "none",
      "despawnEffect": "none"
      "damage": 300,
      "splashDamage": 300,
      "splashDamageRadius": 16,
      "ammoMultiplier": 2,
      "pierce": true,
      "pierceBuilding": true,
      "buildingDamageMultiplier": 0.2
    },
    "ammo-level-2": {
      "type": "PointBulletType",
      "trailEffect": {
        "type": "ParticleEffect",
        "particles": 16,
        "rotWithParent": true,
        "line": true,
        "length": 10,
        "colorFrom": "7575c8",
        "colorTo": "a4b8fa",
        "sizeFrom": 10,
        "sizeTo": 10
      },
      "speed": 12,
      "damage": 400,
      "splashDamage": 400,
      "splashDamageRadius": 24,
      "ammoMultiplier": 1,
      "hitEffect": "none",
      "despawnEffect": "none",
      "pierce": true,
      "pierceBuilding": true,
      "buildingDamageMultiplier": 0.2
    },
    "ammo-level-3": {
      "type": "PointBulletType",
      "trailEffect": {
        "type": "ParticleEffect",
        "particles": 16,
        "rotWithParent": true,
        "line": true,
        "length": 10,
        "colorFrom": "c85c51",
        "colorTo": "ff795e",
        "sizeFrom": 10,
        "sizeTo": 10
      },
      "speed": 12,
      "damage": 500,
      "splashDamage": 500,
      "splashDamageRadius": 24,
      "hitEffect": "none",
      "despawnEffect": "none"
      "ammoMultiplier": 1,
      "pierce": true,
      "pierceBuilding": true,
      "buildingDamageMultiplier": 0.2
    },
    "homing-ammo": {
      "type": "PointBulletType",
      "trailEffect": {
        "type": "ParticleEffect",
        "particles": 16,
        "rotWithParent": true,
        "line": true,
        "length": 10,
        "colorFrom": "cb8ebf",
        "colorTo": "f9a3c7",
        "sizeFrom": 10,
        "sizeTo": 10
      },
      "speed": 12,
      "damage": 600,
      "splashDamage": 600,
      "hitEffect": "none",
      "despawnEffect": "none"
      "splashDamageRadius": 32,
      "ammoMultiplier": 1,
      "pierce": true,
      "pierceBuilding": true,
      "buildingDamageMultiplier": 0.2
      "homingPower": 0.9
    },
    "nano-ammo": {
      "type": "PointBulletType",
      "trailEffect": {
        "type": "ParticleEffect",
        "particles": 16,
        "rotWithParent": true,
        "line": true,
        "length": 10,
        "colorFrom": "570047",
        "colorTo": "6e0268",
        "sizeFrom": 10,
        "sizeTo": 10
      },
      "speed": 12,
      "damage": 30,
      "splashDamage": 30,
      "splashDamageRadius": 24,
      "ammoMultiplier": 2,
      "pierce": true,
      "pierceBuilding": true,
      "buildingDamageMultiplier": 0.2
      "status": "melting",
      "hitEffect": "none",
        "despawnEffect": "none"
      "statusDuration": 8000000
    },
    "living-steel": {
      "type": "PointBulletType",
      "trailEffect": {
        "type": "ParticleEffect",
        "particles": 16,
        "rotWithParent": true,
        "line": true,
        "length": 10,
        "colorFrom": "6d0071",
        "colorTo": "9e78dc",
        "sizeFrom": 10,
        "sizeTo": 10
      },
      "hitEffect": "none",
      "despawnEffect": "none"
      "speed": 12,
      "damage": 600,
      "splashDamageRadius": 24,
      "splashDamage": 600,
      "pierce": true,
      "pierceBuilding": true,
      "buildingDamageMultiplier": 0.2
      "ammoMultiplier": 2,
      "status": "slow",
      "statusDuration": 250
    },
    "steel-alloy": {
      "hitEffect": "none",
      "despawnEffect": "none"
      "type": "PointBulletType",
      "trailEffect": {
        "type": "ParticleEffect",
        "particles": 16,
        "rotWithParent": true,
        "line": true,
        "length": 10,
        "colorFrom": "a3506e",
        "colorTo": "dbaf85",
        "sizeFrom": 10,
        "sizeTo": 10
      },
      "speed": 12,
      "damage": 800,
      "splashDamageRadius": 24,
      "splashDamage": 800,
      "pierce": true,
      "pierceBuilding": true,
      "buildingDamageMultiplier": 0.2
      "ammoMultiplier": 2,
      "lightning": 3,
      "lightningLength": 6,
      "lightningDamage": 20,
      "status": "shocked",
      "statusDuration": 250
    }
  },
  "requirements": [
    {
      "item": "copper",
      "amount": 255
    },
    {
      "item": "lead",
      "amount": 180
    },
    {
      "item": "titanium",
      "amount": 120
    },
    {
      "item": "plastanium",
      "amount": 55
    }
  ],
  "category": "turret",
  "research": "gattling",
  "buildVisibility": "shown"
}
