{
  "type": "ItemTurret",
  "name": "三管",
  "description": "双管炮进阶版，伤害更高，三个管子轮流射",
  "health": 500,
  "reload": 48,
  "range": 120,
  "size": 2,
  "consumes": { 
    "coolant": { 
       "amount": 0.1 
    } 
  },
  "shoot": {
    "type": "ShootAlternate",
    "shots": 3,
    "spread": 5,
    "shotDelay": 15
  },
  "researchCostMultiplier": 0.1,
  "inaccuracy": 3,
  "targetAir": true,
  "targetGround": true,
  "ammoTypes": {
    "copper": {
      "speed": 3,
      "ammoMultiplier": 3,
      "hitSize": 8,
      "type": "BasicBulletType",
      "width": 8,
      "damage": 14,
      "lifetime": 50,
      "height": 8,
    },
    "graphite": {
      "type": "BasicBulletType",
      "width": 8,
      "height": 8,
      "damage": 17,
      "lifetime": 50,
      "speed": 3,
      "hitSize": 8,
      "ammoMultiplier": 6,
    },
    "pyratite": {
      "type": "BasicBulletType",
      "height": 8,
      "width": 8,
      "damage": 16,
      "speed": 3,
      "lifetime": 50,
      "hitSize": 8,
      "ammoMultiplier": 3,
      "status": "burning",
      "statusDuration": 30
    },
    "silicon": {
      "type": "BasicBulletType",
      "height": 8,
      "width": 8,
      "damage": 18,
      "speed": 3,
      "lifetime": 50,
      "hitSize": 8,
      "ammoMultiplier": 7, 
      "homingPower": 0.9,
      "homingRange": 120
    }
  },
  "requirements": [
    {
      "item": "copper",
      "amount": 70
    },
    {
      "item": "lead",
      "amount": 35
    }
  ],
  "category": "turret",
  "research": "mod-gate-turrets",
  "drawer": {
    "type": "DrawTurret",
    "parts": [
      {
        "type": "RegionPart",
        "suffix": "-back",
        "mirror": true,
        "progress": "warmup",
        "moveX": 1.35,
        "moveY": 1.5,
        "moveRot": -22,
        "under": true,
        "moves": [
          { 
            "type": "PartMove",
            "progress": "recoil",
            "moveRot": -32,
            "moveY": -2
          }
        ]
      }
    ]
  }
}
