{
  "type": "ItemTurret",
  "name": "分道",
  "description": "可以用不同弹药射击的炮台",
  "health": 900,
  "maxAmmo": 600,
  "reload": 72,
  "range": 200,
  "ammoPerShot": 1,
  "size": 2,
  "targetAir": true,
  "targetGround": true,
  "rotateSpeed": 8,
  "shoot": {
    "shots": 3,
    "shotDelay": 0
  },
  "targetHealing": true,
  "recoil": 2,
  "shootSound": "shoot",
  "buildCostMultiplier": 0.2,
  "inaccuracy": 6,
  "ammoTypes": {
    "ammo-level-1": {
      "type": "BasicBulletType",
      "damage": 31,
      "splashDamageRadius": 5,
      "splashDamage": 2,
      "speed": 8,
      "lifetime": 25,
      "height": 10,
      "inaccuracy": 8,
      "width": 5,
      "ammoMultiplier": 2
    },
    "ammo-level-2": {
      "type": "BasicBulletType",
      "damage": 40,
      "splashDamageRadius": 10,
      "splashDamage": 8,
      "speed": 12,
      "lifetime": 25,
      "height": 10,
      "width": 5,
      "pierce": true,
      "inaccuracy": 5,
      "ammoMultiplier": 2
    },
    "ammo-level-3": {
      "type": "MissileBulletType",
      "damage": 50,
      "splashDamageRadius": 20,
      "splashDamage": 14,
      "speed": 10,
      "lifetime": 25,
      "height": 12,
      "width": 6,
      "inaccuracy": 2,
      "ammoMultiplier": 1
    },
    "heal-ammo": {
      "type": "LaserBoltBulletType",
      "shootEffect": "shootHeal",
      "damage": 0,
      "healPercent": 5,
      "collidesTeam": true,
      "backColor": "98ffa9",
      "frontColor": "ffffff",
      "speed": 5.5
    },
    "living-steel": {
      "type": "BasicBulletType",
      "damage": 40,
      "splashDamage": 8,
      "splashDamageRadius": 10,
      "speed": 8,
      "height": 12,
      "width": 6,
      "status": "slow",
      "statusDuration": 20
    },
    "nano-ammo": {
      "type": "BasicBulletType",
      "speed": 10,
      "damage": 9,
      "status": "burning",
      "statusDuration": 8000000,
      "splashDamage": 1,
      "splashDamageRadius": 1
    },
    "steel-alloy": {
      "speed": 10,
      "ammoMultiplier": 5,
      "splashDamage": 12,
      "splashDamageRadius": 14,
      "lightning": 3,
      "lightningLength": 4,
      "lightningDamage": 9,
      "shootEffect": "shootBig",
      "collidesGround": true,
      "damage": 61
    }
  },
  "requirements": [
    {
      "item": "copper",
      "amount": 400
    },
    {
      "item": "lead",
      "amount": 300
    },
    {
      "item": "titanium",
      "amount": 200
    },
    {
      "item": "plastanium",
      "amount": 100
    }
  ],
  "category": "turret",
  "research": "shotgun"
}
