{
	"name":"钨矿坑",
	"description":"挖矿生活",
	"size":2,
	"outputItem":
		{"item":"kW","amount":6},
	"consumes":{
		"power":10.5
	},
	"requirements":[
		{"item":"C90","amount":2200},
		{"item":"普通科技点","amount":240}
	],
	"hasItems":true,
	"hasPower":true,
	"outputsPower":true,
	"expanded":true,
	"craftTime":480,
	"health":850,
	"itemCapacity":500,
	"research":{
	"parent":"z-v",
    "requirements":[
		{"item":"C90","amount":22000}
	]},
	"category":"effect"
}