{
	"name":"小型镁矿坑",
	"description":"挖矿生活",
	"size":1,
	"outputItem":
		{"item":"kMg","amount":3},
	"consumes":{
		"power":2.5
	},
	"requirements":[
		{"item":"C90","amount":700},
		{"item":"普通科技点","amount":60}
	],
	"hasItems":true,
	"hasPower":true,
	"outputsPower":true,
	"expanded":true,
	"craftTime":480,
	"health":250,
	"itemCapacity":500,
	"research":{
	"parent":"z-x",
    "requirements":[
		{"item":"C90","amount":7000}
	]},
	"category":"effect"
}