{
    "type": "GroundUnit",
    "name": "地星无人探测机甲",
    "description": "地星探测未知地形的无人机甲",
    "flying":false,
    "repairSpeed": 0.5,
    "maxVelocity": 0.5,
    "boostSpeed": 0,
    "drag": 0,
    "mass": 0.5,
    "shake": 0,
    "health": 70,
    "hitSize": 6,
    "cellTrnsY": 0,
    "engineColor": "boostTo",
    "turnCursor": true,
    "canHeal": false,
    "drawCell":true,
    "drawLight":true,
    "weaponOffsetY": 5,
    "engineOffset":  5,
    "engineSize": 2.5,
    "range": 160,
    "weapon": {
        "name": "无人探测机甲炮",
        "minPlayerDist": 20 ,
        "sequenceNum": 0 ,
        "reload": 60,
        "shots": 1,
        "spacing":12,  
        "recoil": 0,
        "length": 3,
        "width": 4,
        "alternate":false,        
        "inaccuracy": 0,
        "shake": 0,
        "lengthRand": 0,
        "shotDelay": 0,    
        "ignoreRotation": false,
        "ejectEffect":"none",
        "bullet": {
            "type": "BasicBulletType",
            "speed": 1,
            "damage": 8,
            "lifetime": 180,
            "backColor":"0000ff",
			"fontColor":"0000ff",
			"heatColor":"0000ff",
			"trailColor":"0000ff",
            "bulletWidth": 1,
            "bulletHeight": 10
        }
    }
}