{
	"type": "flying",/*种类 */
	"name": "featherwit-α",/*名称，它叫什么名字！ */
	"description": "The end",/*描述，简介！ */
	"ammoCapacity": 40000,/*弹药容量 */
    "ammoResupplyAmount":5,/*弹药补给倍率 */
	"controller": "FlyingFollowAI",
	"speed": 0.42,
	"drag": 0.03,
	"accel": 0.02,
	"flying": true,/*能否飞行，true为能飞 */
	"turnCursor":false,/*转动光标 */
	"engineOffset": 42/*发动机偏移 */
	"engineSize": 12,/*发动机大小 */
    "hitSize": 33,/*被击中大小，你的大小 */
    "targetAir":"true",/*目标航空 */
    "health":123000,/*血量 */
    "armor": 80,/*装甲 */
    "outlineColor":"61636DFF"
    "mineSpeed": 0,/*挖矿速度 1=100% */
    "mineTier": 0,/*挖矿等级，你可以挖什么矿 */
    "buildSpeed": 0,/*构建速度 1=100%*/
    "rotateSpeed": 3,/*转速，旋转的速度 */
    "itemCapacity": 800,/*容量，字面意思 */
    "commandLimit": 8,/*命令限制，能让多少单位跟着你！ */
    "rotateShooting": "true",/*旋转射击，是否旋转射击 */
   	"trailLength": 1.5, //拖尾长
   	"trailColor": "FFE7BCFF",//拖尾颜色	
   	"abilities": [
	{
			"type": "ForceFieldAbility",
            "radius":120
			"regen":0.5
			"max":124000
			"cooldown":6000
				"sides": 40,
		}
  		{
  		    "type":"EnergyFieldAbility",
  		    "status":"electrified",
  		    "reload":180,
  		    //攻击间隔
  		    "statusDuration":120,
  		    //状态持续时间60:1
  		    "maxTargets":8,
  		    //最大目标1:1
  		    "range":240,
  		    //范围8:1
  		    "damage":900,
  		    "healPercent":1,
  		    //恢复百分比
  		    "color":"FFE7BCFF",
  		    "effectRadius":0.1,
  		    //尺寸
  		    "x":0,
  		    "y":-2.5,
  		}
		]
   	      "engines": [
        {
            "x": -16,
            "y": -40,
            "radius": 6,
            "rotation": -0.8
        },
        {
            "x": 16,
            "y": -40,
            "radius": 6,
            "rotation": -0.8
        },
    ],
   	}/*                bullet = new LaserBulletType(){{
                    "length":460f;
                    "damage" = 560f;
                    "width" = 75f;

                    "lifetime" = 65f;

                    lightningSpacing = 35f;
                    lightningLength = 5;
                    lightningDelay = 1.1f;
                    lightningLengthRand = 15;
                    lightningDamage = 50;
                    lightningAngleRand = 40f;
                    largeHit = true;
                    lightColor = lightningColor = Pal.heal;

                    chargeEffect = greenLaserCharge;

                    healPercent = 25f;
                    collidesTeam = true;

                    sideAngle = 15f;
                    sideWidth = 0f;
                    sideLength = 0f;
                    colors = new Color[]{Pal.heal.cpy().a(0.4f), Pal.heal, Color.white};
               }};*/