{
"type":"flying",/*种类*/
"name":"cartar",/*名称，它叫什么名字！*/
"description":"",/*描述，简介！*/
"ammoType":"lead",
"ammoCapacity":80,/*弹药容量*/
"ammoResupplyAmount":5,/*弹药补给倍率*/
//"controller":"FlyingFollowAI",
"speed":1.6,//速度
"accel":0.22,//加速度
"drag":0.017,//拖拽速度
"flying":true
"turnCursor":false,/*转动光标*/
"engineOffset":10/*发动机偏移*/
"engineSize":2.5,/*发动机大小*/
"hitSize":10,/*被击中大小，你的大小*/
"targetAir":"true",/*目标航空*/
"health":270,/*血量*/
"armor":1,/*装甲*/
"mineSpeed":0,/*挖矿速度1=100%*/
"mineTier":0,/*挖矿等级，你可以挖什么矿*/
"buildSpeed":0,/*构建速度1=100%*/
"rotateSpeed":6,/*转速，旋转的速度*/
"itemCapacity":20,/*容量，字面意思*/
"commandLimit":8,/*命令限制，能让多少单位跟着你！*/
"rotateShooting":"true",/*旋转射击，是否旋转射击*/
"trailLength":3,//拖尾长
"trailColor":"#FFC999FF",//拖尾颜色
"abilities":[
]
"engines":[
{
"x":-3,
"y":-9,
"radius":2.5,
"rotation":-0.8
},
{
"x":3,
"y":-9,
"radius":2.5,
"rotation":-0.8
},
],
"weapons":[
{
"type":"PointDefenseWeapon",
"name":"空紫1点防御",//名称
"x":0
"y":-2,
"reload":30,
"targetInterval":5,
"targetSwitchInterval":5,
"mirror":false,//镜像
"rotate":true,
"top":false,
"bullet":{
"type":"BulletType",
"shootEffect":"sparkShoot",
"hitEffect":"pointHit",
"maxRange":60,
"damage":40,
"ammoMultiplier":1,//每个物品能够
}}
{"name":"none",//名称
"x":0,"y":0,
"top":false,
"mirror":false,//镜像
"rotation":false
"reload":80,//装弹时间
//"alternate":false,
"recoil":4,
"shootSound":"laser",
"shake":0,
"inaccuracy":0,
"hitEffect":{
"type":"multiEffect",
"effects":[
{"type":"ParticleEffect",
"offset":8,
"particles":4,
"lifetime":30,
"length":10,
"interp":"circleOut",
"sizeInterp":"pow5In",
"cone":55,
"line":true,
"strokeFrom":0.8,
"strokeTo":0.8,
"lenFrom":2,
"lenTo":2,
"lightColor":"CBA3FFFF",
"colorFrom":"CBA3FFFF",
"colorTo":"CBA3FFFF"
}]}
"shootEffect":{
"type":"multiEffect",
"effects":[
{"type":"ParticleEffect",
"offset":8,
"particles":8,
"lifetime":20,
"length":32,
"interp":"circleOut",
"sizeInterp":"pow5In",
"cone":20,
"line":true,
"strokeFrom":0.8,
"strokeTo":0.8,
"lenFrom":2.5,
"lenTo":5,
"lightColor":"CBA3FFFF",
"colorFrom":"CBA3FFFF",
"colorTo":"CBA3FFFF"
}]}
"bullet":{
"type":"LaserBulletType",//基础子弹
"damage":80,
"sideAngle":30,
"sideWidth":1,
"sideLength":35,
"length":130,
"colors":[C5A4E5FF,000000FF,000000FF],//颜色
"ammoMultiplier":2,//每个物品能够
}}
]
}