{
"type":"mech",
"name":"圣星",
"description":"究极消耗王",
"research": {
"parent": "corvus",//前置（前面科技）
"objectives": [
"z00巨量级单位重构工厂"
]
}
"health":85000,//生命
"rotateSpeed":1.2,
"armor":35,
"range":480,
"speed":0.3,//速度
"hitSize":40,//尺寸
"itemCapacity":300,//背包容量
"ammoType":"thorium",
"abilities":[
	{
    "type": "ForceFieldAbility"
    "radius": 240
    "regen": 10
    "max": 40000
    "cooldown": 800
  }
  {
			"type": "RegenAbility",
			"percentAmount": 0.0025
		}
  ]
	"weapons":[
	{
        "name":"？",
        "shootSound":"laserblast",
        "chargeSound":"lasercharge",
        "top":false,
        "mirror":false,
        "shake":20,
        "x":0,"y":0,
        "shootY":5,
        "reload":600,
        "recoil":0,
        "cooldownTime":360,
        "parentizeEffects":true,
        "shootStatusDuration":110,
        "shootStatus":"slow",
        "shoot":{
            "type":"ShootPattern",
            "firstShotDelay":90
        },
    "bullet":{
        "type":"LaserBulletType",
        "length":1000,
        "damage":800,
        "splashDamage":400,
        "splashDamageRadius":40,
        "width":100,
        "lifetime":90,
        "lightningColor":"00FF7F",
        "lightningSpacing":40,
        "lightningLength":8,
        "lightningDelay":1,
        "lightningLengthRand":15,
        "lightningDamage":80,
        "lightningAngleRand":40,
        "largeHit":true,
        "sideAngle":30,
        "sideWidth":2,
        "sideLength":80,
        "colors":["97FFA890", "97FFA880", "FFFFFF"],
        "chargeEffect":"greenLaserCharge",
        "healPercent":60,
        "collidesTeam":true
    }}
	]
}
