{
	"type": "payload",
	"payloadCapacity":3844,
	"payloadLimit":8,
	"name": "碉堡",
//	"controller": "MinerAI",
	"description": "真的碉堡了",
	"speed": 0.45	
	"drag":0.05,
	"accel":0.1,
    "buildSpeed": 10,
	"rotateSpeed":1,
	"abilities":[
	{
    "type": "ForceFieldAbility"
    "radius": 240
    "regen": 10
    "max": 40000
    "cooldown": 600
  }
  {
              "type": "RepairFieldAbility",
              "range": 120,
              "amount": 1000,
              "reload": 360
  }
    {
			"type": "RegenAbility",
			"percentAmount": 0.001
		}
		{
            "type": "StatusFieldAbility",
            "duration": 400,
            "reload": 240,
            "range": 240,
            "applyEffect": "none",
            "effect":"治疗",
            "status":"治疗",
            "activeEffect": {
                "type": "WaveEffect",
                "lifetime": 30,
                "sizeFrom": 10,
                "sizeTo": 200,
                "strokeFrom": 6,
                "strokeTo": 0,
                "colorFrom": "97FFA8FF",
                "colorTo": "97FFA8FF",
                "layer": 110
            },
        },  
  ]
	"ammoCapacity": 0,
	"hitSize":80, 
	"flying": true,
	"faceTarget": true,
	"health": 110000,
	"armor":25,
	"research": {
"parent": "oct",//前置（前面科技）
"objectives": [
"z00巨量级单位重构工厂"
]
}
	    "itemCapacity": 550,
	    	"ammoType":{
	"type":"PowerAmmoType",
	"totalPower":100
	},
	"weapons": [
	{
	"name": "没有",
			"x": 0,
			"y": 0,
			"inaccuracy": 0,
			"shootCone": 360,
			"shootSound": "plasmaboom",
			"shootY": 5,
			"shake": 4,
			"rotate": true,
			"rotateSpeed": 2,
			"reload": 180,
			"cooldownTime": 40,
			"alternate": true,
			"bullet": {
			"lifetime":1,
			"speed":0
			"darg":10,
			"collidesTeam":false,
"collidesAir":false,
"collidesGround":false,
"collideFloor":false,
"collides":false,
"collideTerrain":false,
"absorbable":false,//受力墙影响
"hittable":false,//被分解
"reflectable":false,//被反弹
"damage":0,
"hitEffect":"none"
"despawnEffect":"none"
"fragBullets":4,
"fragLifeMin": 0.25,
"fragBullet":{
"type":"BombBulletType",
					"sprite": "circle-bullet",
					"shrinkY": 0,
					"hitShake": 3,
					"absorbable": false,
					"collides": false,
					"width": 2,
					"height": 2,
					"speed": 5,
					"lifetime": 20,
					"healPercent": 15,
					"timeIncrease": 3,//方块超速
					"backColor": "97FFA8FF",
					"frontColor": "ffffff",
					"mixColorTo": "ffffff",
					"hitSound": "plasmaboom",
					"buildingDamageMultiplier":0.25
					"despawnEffect": "massiveExplosion",
					"hitEffect": "greenBomb",
					"splashDamage": 200,
					"damage": 150,
					"splashDamageRadius": 50
				}
			}}
	]
}
