{
"type":"legs",
"name":"圣蝎",
"description":"t6爬爬",
"research":"toxopid",
"research": {
"parent": "toxopid",//前置（前面科技）
"objectives": [
"z00巨量级单位重构工厂"
]
}
"range":240,
"armor":16,//护甲
"range":240,
"boostMultiplier":8,
"rotateSpeed":1.6,
"speed":0.8,//速度
"drag":0.4,
"hitSize":32,//尺寸
	"legCount": 8,
	"legBaseOffset": 8,
	"legLengthScl": 0.98,
	"legPairOffset": 3,
	"legMoveSpace": 0.8,
	"legExtension": -10,
	"legLength": 100,
	"legForwardScl": 0.9,
	"legMaxLength": 1.5,
	"legMinLength": 0,
"hovering":true,
"shadowElevation":1,
"itemCapacity":300,//背包容量
"ammoType":1000,
/*"moves": [
					{
						"progress": "recoil",
						"y": -48
					}
				],*/
    "health":90000,
    "legSplashDamage":400,
    "legSplashRange":60,
    "abilities":[
	{
	"type": "SpawnDeathAbility",
			"unit": "arkyid",
			"amount": 2,
			"randAmount": 0
	}
	{
			"type": "RegenAbility",
			"percentAmount": 0.002
		}
		{ 
    "type": "UnitSpawnAbility",
    "unit": "atrax",
    "spawnX": 0,
    "spawnY": -4,
    "spawnTime": 1200
    },
	]
    "weapons":[    
    {"name": "毒蛊1",
    "shoot": {
        "type": "ShootSpread",
        "shots": 4,
        "spread": 12},
	"reload":25,     
    "x":11,  "y":-5, 
	"shootY":7,
	"rotate": true,
    "rotateSpeed":2,
    "inaccuracy": 0,
	"alternate": true,
    "ejectEffect":"casing1",
	"shootSound":"shootBig",
	"shake":6,
	"bullet":{
"type": "ShrapnelBulletType",
"damage":200,
"lifetime":15,
"length":160,
"width":20,
"serrationLenScl":7,
"serrationSpaceOffset":60,
"serrationFadeOffset":0,
"serrations":10,
"serrationWidth":6,
"statusDuration":300,
"status":"sapped",
"fromColor":"A278E31FF",
"toColor":"665C9FFF",
"shootEffect":{"type": "ParticleEffect",
    "particles": 8,
    "line":true,
    "length": 45,
    "baseLength": 0,
    "lifetime": 15,
    "colorFrom": "A278E1FF",
    "colorTo": "665C9FFF",
    "cone": 60},
    "smokeEffect": "sparkShoot"
    }},
    {"name":"天蝎1",
    "top":true,
    "shootY":22,
    "reload":100,
    "mirror":true,
    "ejectEffect":"casing3",
    "rotationLimit":80,
    "recoil":10,
    "shake":10,
    "x":16,"y":-14,
    "rotateSpeed":2,
    "shootSound":"artillery",
    "bullet":{
    "type": "ArtilleryBulletType",
    "shootEffect":"shootSmall",
    "smokeEffect":"shootBigSmoke2",
    "speed":3,
    "lifetime":85,
    "width":25,
    "height":25,
    "frontColor":"ffffff",
    "backColor":"A278E1FF",
    "collidesTiles":true,
    "ammoMultiplier":4,
	"damage": 150,
    "splashDamageRadius":100,
    "splashDamage":360,
    "knockback":3,
    "hitShake":15,
    "lightningColor":"A278E1FF",
    "lightningDamage":32,
    "lightning":6,
    "lightningLength":32,
    "hitEffect":{"type": "MultiEffect",
	"effects": [
	{"type": "ParticleEffect",
    "particles": 18,
    "sizeFrom": 11,
    "sizeTo": 0,
    "length": 55,
    "baseLength": 43,
    "lifetime": 35,
    "colorFrom": "A278E180",
    "colorTo": "A278E100",
    "cone": 360},
    {"type": "WaveEffect",
    "lifetime": 12,
    "sizeFrom": 1,
    "sizeTo": 100,
    "strokeFrom": 3.6,
    "strokeTo": 0,
    "colorFrom": "A278E1FF",
    "colorTo": "ffffff"}]},
	"status":"sapped",
    "statusDuration":600,
	"despawnEffect":"none",
	
	
	
    "fragBullets":20,
    "fragLifeMin":0.3,
    "fragBullet":{
            "type": "ArtilleryBulletType",
            "speed":2.3,
            "lifetime":90,
            "width":19,
            "height":19,
            "frontColor":"ffffff",
            "backColor":"A278E1FF",
            "collidesTiles":false,
            "damage": 48,
            "splashDamageRadius":50,
            "splashDamage":90,
            "knockback":1,
            "hitShake":7,
            "lightningColor":"A278E1FF",
            "lightningDamage":12,
            "lightning":2,
            "lightningLength":12,
            "hitEffect":{"type": "MultiEffect",
            "effects": [
            {"type": "ParticleEffect",
            "particles": 12,
            "sizeFrom": 9,
            "sizeTo": 0,
            "length": 35,
            "baseLength": 23,
            "lifetime": 35,
            "colorFrom": "A278E180",
            "colorTo": "A278E100",
            "cone": 360
            },
            {"type": "ParticleEffect",
            "particles": 1,
            "sizeFrom": 16,
            "sizeTo": 0,
            "length": 0,
            "baseLength": 0,
            "lifetime": 30,
            "interp": "swingIn",
            "colorFrom": "A278E1FF",
            "colorTo": "A278E1FF",
            "cone": 360
            },
            {"type": "WaveEffect",
            "lifetime": 10,
            "sizeFrom": 1,
            "sizeTo": 50,
            "strokeFrom": 2,
            "strokeTo": 0,
            "colorFrom": "A278E1FF",
            "colorTo": "ffffff"
            }
            ]
            },
            "status":"sapped",
            "statusDuration":60,
            "despawnEffect":"none"
            "fragBullets":1
            "fragBullet":{
"collidesTeam":false,
"collidesAir":false,
"collidesGround":false,
"collideFloor":false,
"collides":false,
"collideTerrain":false,
"absorbable":false,//受力墙影响
"hittable":false,//被分解
"reflectable":false,//被反弹
"damage":0,
"speed":0,
"lifetime":30
"hitEffect":"none"
"despawnEffect":"none"
"fragBullets":1
"fragLifeMin":0.75,
"fragBullet":{
"damage":50,
"speed":0,
"lifetime":0.1
"splashDamageRadius":80,
"splashDamage":100,
"despawnEffect":"none"
"hitShake":3,
"hitEffect":{
"type": "MultiEffect",
            "effects": [
            {"type": "ParticleEffect",
            "particles": 6,
            "sizeFrom": 6,
            "sizeTo": 0,
            "length": 70,
            "baseLength": 10,
            "lifetime": 35,
            "colorFrom": "A278E180",
            "colorTo": "A278E100",
            "cone": 360
            },
            {"type": "WaveEffect",
            "lifetime": 10,
            "sizeFrom": 1,
            "sizeTo": 80,
            "strokeFrom": 2
            "strokeTo": 0,
            "colorFrom": "A278E1FF",
            "colorTo": "ffffff"
            }
            ]
}
            }
    }}
}
}
{"name":"血蛭2",
    "top":false,
    "shootY":4,
    "reload":8,
    "ejectEffect":"none",
    "recoil":2,
    "rotate":true,
    "x":4,"y":3,
    "shootSound":"sap",
    "bullet":{
    "type": "SapBulletType",
    "shootEffect":"shootSmall",
    "lifetime":30,
    "sapStrength":0.9,
    "length":160,
    "width":0.75,
    "knockback":-2.5,
    "statusDuration":600,
	"status":"sapped",	
	"damage": 55,
    "color":"A278E1FF",
    "lightColor":"A278E1FF",
	"hitColor":"bf92f9",
	"despawnEffect":"none"
    }}
    {"name":"血蛭2",
    "top":false,
    "shootY":4,
    "reload":10,
    "ejectEffect":"none",
    "recoil":2,
    "rotate":true,
    "x":12,"y":-1,
    "shootSound":"sap",
    "bullet":{
    "type": "SapBulletType",
    "shootEffect":"shootSmall",
    "lifetime":30,
    "sapStrength":0.75,
    "length":180,
    "width":0.75,
    "knockback":-2,
    "statusDuration":600,
	"status":"sapped",	
	"damage": 50,
    "color":"A278E1FF",
    "lightColor":"A278E1FF",
	"hitColor":"bf92f9",
	"despawnEffect":"none"
    }}
    {"name":"血蛭2",
    "top":false,
    "shootY":4,
    "reload":12,
    "ejectEffect":"none",
    "recoil":2,
    "rotate":true,
    "x":18,"y":-8,
    "shootSound":"sap",
    "bullet":{
    "type": "SapBulletType",
    "shootEffect":"shootSmall",
    "lifetime":30,
    "sapStrength":0.5,
    "length":180,
    "width":0.75,
    "knockback":-1.5,
    "statusDuration":600,
	"status":"sapped",	
	"damage": 45,
    "color":"A278E1FF",
    "lightColor":"A278E1FF",
	"hitColor":"bf92f9",
	"despawnEffect":"none"
    }}
]
}