{
    "type": "UnitAssembler",
    "name": "爬行单位组装厂",
    "description": "制造爬行单位",
    "health": 1500, // 建筑生命值
    "size": 3, // 建筑尺寸（3x3）
    "droneType": "单位组装机",
    "consumes": {
        "power": 4, // 电力消耗
    },
    "areaSize": 6, //大小
    "plans": [
        {
            "unit": "断盾",
            "time": 570, // 生产所需时间
            "tier": 1, //等级
            "requirements": [
                "晶体工业-锡墙/5",
                "晶体工业-太阳板/2"
            ],
        },
    ],
    "requirements": [
        "锡/60", // 建造所需材料
        "混合重晶/25"
    ],
    "category": "units", // 建筑分类：单位生产
    "canOverdrive": true, // 超频驱动
    "researchCostMultiplier": 0.5,  // 研究成本只需30%
    "research": "断层核心",  // 前置研究项目
}