{
	"type": "GenericCrafter",
	"health": 100,
	"name": "幻钢压缩机",
	"description": "使用机械压缩幻钢，效率极低",
	"outputItem": {"item": "幻钢", "amount": 1},
	"itemCapacity": 20,
	"size": 2,
	"hasPower": true,
	"hasLiquids": false,
	"hasItems": true,
	"craftTime":120,
	"updateEffect":"smeltsmoke",
	"drawer":{
        "type":"DrawMulti",
        "drawers":[
            "DrawDefault",
			"DrawFlame"
            ]
    },
	"consumes": {
	"items": {	"items": [
	{ "item": "copper", "amount": 2 }
	{ "item": "lead", "amount": 2 }	]
		}
	},
	"requirements": [
		{ "item": "lead", "amount":50 },
		{ "item": "copper", "amount": 50 }
		],
	"category": "crafting",
	"research": "graphite-press"
}