{
  "type": "LiquidTurret",
  "name": "Shimmer",
  "description": "A fast-shooting anti-air turret that uses hydrogen as ammo.",
  "size": 3,
  "squareSprite": false,
  "targetGround": false,
  "heatProgress": "warmup",
  "heatColor": "ff0000aa",
  "drawer": {
    "type": "DrawTurret",
    "basePrefix": "reinforced-",
    "parts": [
      {
        "type": "RegionPart",
        "suffix": "-side-r",
        "progress": "warmup",
        "moveRot": 30,
        "moveX": 1,
        "moveY": -6,
      },
      {
        "type": "RegionPart",
        "suffix": "-side-l",
        "progress": "warmup",
        "moveRot": -30,
        "moveX": -1,
        "moveY": -6,
      }
    ]
  },
  "health": 1580,
  "reload": 6,
  "range": 240,
  "inaccuracy": 8,
  "recoil": 0.4,
  "rotateSpeed": 2,
  "shootSound": "sap",
  "recoils": 2,
  "ammoTypes": {
    "hydrogen": {
      "type": "basicBulletType",
        "sprite": "bullet",
        "damage": 40,
        "pierce": true,
        "shootY": -5,
        "pierceBuilding": false,
        "speed": 8,
        "shrinkY": 0,
        "shrinkX": 0,
        "width": 6,
        "height": 6,
        "trailColor": "8ca9e8",
        "trailLength": 16,
        "trailWidth": 2,
        "lifetime": 30,
        "lightColor": "d1efff",
        "colorFrom": "d1efff",
        "colorTo": "8ca9e8",
        "shootEffect": {
          "type": "MultiEffect",
          "effects": [
            {
              "type": "ParticleEffect",
              "region": "circle",
              "colorTo": "d1efff88",
              "lightColor": "8ca9e888",
              "colorFrom": "8ca9e888",
              "particles": 12,
              "sizeFrom": 4,
              "sizeTo": 1,
              "lifetime": 60,
              "lengthOffset": 6,
            },
            {
              "type": "ParticleEffect",
              "region": "circle",
              "colorTo": "d1efff88",
              "lightColor": "8ca9e888",
              "colorFrom": "8ca9e888",
              "cone": 30,
              "offsetY": 6,
              "baseRotation": 180,
              "particles": 12,
              "sizeFrom": 4,
              "sizeTo": 1,
              "lifetime": 60,
              "lengthOffset": 12,
            },
            {
              "type": "ParticleEffect",
              "region": "circle",
              "colorTo": "d1efff88",
              "lightColor": "8ca9e888",
              "colorFrom": "8ca9e888",
              "cone": 30,
              "offsetY": 6,
              "baseRotation": -135,
              "particles": 12,
              "sizeFrom": 4,
              "sizeTo": 1,
              "lifetime": 60,
              "lengthOffset": 12,
            },
            {
              "type": "ParticleEffect",
              "region": "circle",
              "colorTo": "d1efff88",
              "lightColor": "8ca9e888",
              "colorFrom": "8ca9e888",
              "cone": 30,
              "offsetY": 6,
              "baseRotation": 135,
              "particles": 12,
              "sizeFrom": 4,
              "sizeTo": 1,
              "lifetime": 60,
              "lengthOffset": 12,
            },
          ]
        },
        "hitEffect": {
          "type": "ParticleEffect",
          "region": "circle",
          "colorTo": "d1efff88",
          "lightColor": "8ca9e888",
          "colorFrom": "8ca9e888",
          "particles": 12,
          "sizeFrom": 4,
          "sizeTo": 0,
          "lifetime": 30,
          "lengthOffset": 6,
        },
        "despawnEffect": {
          "type": "ParticleEffect",
          "region": "circle",
          "colorTo": "d1efff88",
          "lightColor": "8ca9e888",
          "colorFrom": "8ca9e888",
          "particles": 12,
          "sizeFrom": 4,
          "sizeTo": 0,
          "lifetime": 30,
          "lengthOffset": 6,
        },
      }
    },
  "requirements": [
    "tungsten/250",
    "silicon/175",
    "graphite/250"
  ],
  "category": "turret",
  "research": {
    "parent": "1-alight",
    "objectives": [
      "1-alight",
      "hydrogen",
    ]
  }
}
