{
    "type": "payload"
    "name": "始末",
    "description": " 空中炮艇 ",
    "controller": "BuilderAI",
    "flying": true,
    "lowAltitude": true,
    "speed":8,
    "accel":0.2,
   " coreUnitDock":true
    //加速
   "MoveLightningAbility":true
    "drag": 0.3,
    "itemCapacity":5,
    "rotateSpeed": 5,
    "buildSpeed": 0.8,
    //建筑速度
    //"payloadCapacity":512,
	//载荷（64为1²格）
    "buildBeamOffset":3,
    "mineFloor":true,
    //能否挖地
    "mineWalls":true,
    //能否挖墙
    "mineSpeed":5,
    //挖矿速度
    "mineTier":1,
    //挖矿等级
    "engineOffset":8,
    "engineColor":"B5713EFF",
    //引擎颜色
    "trailLength":6, 
    //拖尾长
      "coreUnitDock":true
   	"trailColor": "B5713EFF",
   	//拖尾颜色
    "hitSize":10,
    "health":250,
    "armor":4,
    "envDisabled":0,
    //需要的环境
        "ammoType":{
        "type":"PowerAmmoType",
    },
    "weapons":[
       {
			"name": "落2",
			"reload": 7,
			"shootY": 7,
			"x": 6.1,
			"y": -1,
			"rotate": false ,
			"rotateSpeed": 0,
			"shootSound": "shootBig",
			"shake": 1,
			"ejectEffect": "casing3",
			"bullet": {
				"damage": 19,
				"speed": 8.5,
				"lifetime": 19,
				"smokeEffect": "shootBig",
				"width": 14,
				"height": 20
			}
		},

	  ]
}