{
    "type":"PowerSource",
    "name":"材料式电力源",
	"description":"∞电力源。",
	"details":"",
	"size":1,//建筑大小
	"health":1073741824//血量
    "maxNodes":1073741824,//连接数量
    "laserRange":650,//连接范围
    "powerProduction":1073741824,
    "requirements":["电力源顶盖/1","终点/5","电力源框架/1",]
	"category":"distribution"
	"research": 
    {"parent":"便携电力源",
    "requirements":[
                  "电力源顶盖/10","终点/0","电力源框架/10",
    ]   
    }
	"category": "power",
	"hasPower": true,
	//"buildVisibility": "sandboxOnly",
}