{
    "type": "LogicBlock",
    "range": 800,
    "instructionsPerTick": 100,
    "size": 4,
    "health": 1200,
    "name": "终端处理器",
    "liquidCapacity": 50,
    "category": "logic",
  "consumes": {
	"liquid": {
	"liquid": "cryofluid",
	"amount": 0.3,	
	}
  },
	"requirements": [
	{ "item": "plastanium", "amount": 120},
	{ "item": "thorium", "amount": 160},
	{ "item": "silicon", "amount": 150},
	{ "item": "phase-fabric", "amount": 50},
	{ "item": "surge-alloy", "amount": 40}
	],
    "description": "终端处理器:哈哈哈 我处理速度那么快!等等 好热!"
    "research": "hyper-processor",
}
