{
	"health": 1260,
	"name": "弧电硅炉",
	 "type": "GenericCrafter",
	"outputItem": 
	{ "item": "silicon", "amount":6},
	"size": 3,
	"hasPower": true,
	"hasLiquids": false,
	"hasItems": true,
	"craftTime": 75,
	"itemCapacity": 20,
	"craftEffect": "smeltsmoke",
	"consumes": {
        "power":4,
        "items": {
        	"items": [
        	 { "item": "graphite", "amount":2},
        	 { "item": "sand", "amount":6}
        	]
        }
    },
    "requirements": [
		{ "item": "graphite", "amount": 75},
		{"amount": 95, "item": "钒"},
	],
	"drawer": {
	"type": "DrawMulti",
	"drawers": [
	    {
	    "type":"DrawRegion",
	    "suffix":"-bottom"
	    },
	    {
	    "type":"DrawArcSmelt"
	    }
		"DrawDefault"
		]
	},
	"category": "crafting",
	"researchCostMultiplier":0.05,
	"research": {
		"parent": "旅途",
	}
}