{
	"type": "HeatCrafter",
	"name": "氮气收集器",
	"description": "缓慢收集大气中的氮气,需要热量",
	"health": 850,
	"hasLiquids":true,
	"outputLiquid":"nitrogen/0.1"
	"size":3,
	"hasPower": true,
	"hasItems": false,
	"heatRequirement":10
	"drawer": {
		"type": "DrawMulti",
		"drawers": [
		    {
	    "type":"DrawRegion",
	    "suffix":"-bottom"
	        }
	        {
	       "type":"DrawLiquidTile",
	    "drawLiquid":"nitrogen"
	    },
	    {
	    "type":"DrawParticles"
	    "color":"CDCDCDFF"
	    }
	    "DrawDefault",
	    {
    "type": "DrawHeatInput",
    "suffix": "-heat"
    },
              ]
		      }
"consumes": {
"power":2.5
		},
		"requirements": [
		"oxide/75",
     	"silicon/150",
     	"钒/100",
     	"锰/50"
        ],
	"category": "crafting",
	"research": "氧化发生室",
	"researchCostMultiplier":0.05
	"idleSound": "respawning",
 }
