{
	"name": "电解机",
	"type": "GenericCrafter",
	"category": "crafting",
	"description": "通过电解水来获得氢与氧",
	"consumes": {
	"power": 1.5,
	"liquid": {
	"liquid": "water","amount": 0.166666666666
	}
	},
	"liquidOutputDirections": [1, 3],
	"outputLiquids": [
	"氧气/0.0666666666666",
	"hydrogen/0.1"],
	"drawer": {
	"type": "DrawMulti",
	"drawers": [
		{
                "type": "DrawRegion",
                "suffix": "-bottom"
            },
            "DrawDefault",
			{
				"type": "DrawLiquidRegion",
				"drawLiquid": "water"
			},
		{"type": "DrawBubbles",
		"color": "C4BDF3",
		"sides": 10,
		"recurrence": 3,
		"spread": 6,
		"radius": 1.5,
		"amount": 20
		},
		"DrawRegion",
		"DrawLiquidOutputs",
		{"type": "DrawGlowRegion",
		"alpha": 0.7,
		"color": "C4BDF3",
		"glowIntensity": 0.3,
		"glowScale": 6
		}	]	}
"requirements": [
    { "item": "graphite", "amount":60}
    { "item": "silicon", "amount":75},
    { "item": "钒", "amount": 80},
    { "item": "锰", "amount": 85},
  ],
"category": "crafting",
    "research": {
	"parent":"弧电硅炉"
	"requirements":[
	{ "item": "graphite", "amount":600}
    { "item": "silicon", "amount":750},
    { "item": "钒", "amount": 800},
    { "item": "锰", "amount": 850},
	]
	}
	"health": 940,
	"rotate":true,
	"size":3,
	"hasPower": true,
	"hasLiquids": true,
	"craftTime": 60,
	"liquidCapacity": 20,
	"idleSound": "respawning",
	"idleSoundVolume": 0.5
}