{
  "type": "HeatCrafter",
  "name": "茨亚合金锻造厂",
  "description": "用高温将铬锰钒锻造为茨亚合金，因过程对温度及敏感，因此需要液氮控温",
  "health": 950,
  "itemCapacity": 40,
   "liquidCapacity": 30,
  "outputItem": {
    "item": "茨亚合金",
    "amount": 2
  },
  "size": 4,
  "hasPower": true,
  "hasItems": true,
  "craftTime": 240,
  "craftEffect": "none",
  "drawer": {
    "type": "DrawMulti",
    "drawers": [
      {
        "type": "DrawRegion",
        "suffix": "-bottom"
      },
      {
        "type": "DrawLiquidTile",
        "drawLiquid": "液氮"
      },
      {
        "type": "DrawCrucibleFlame",
        "particleRad": 12
      },
      "DrawDefault"
    ]
  },
  "consumes": {
    "power": 3,
    "items": {
      "items": [
        {
          "item": "铬",
          "amount": 4,
        }
        {
          "item": "锰",
          "amount": 4,
        }
        {
          "item": "钪",
          "amount": 2,
        }
      ]
    },
    "liquid": {
      "liquid": "液氮",
      "amount": 0.1
    }
  },
  "requirements": [
    "surge-alloy/120",
    "铬/130",
    "graphite/100",
    "silicon/100",
    "oxide/80"
  ],
  "researchCostMultiplier":0.05,
  "category": "crafting",
  "research": "合金冶炼炉",
}
