{
	"name": "电涌战机制造厂",
	"description": "一个马，梳双马尾？",
	"type": "UnitFactory",
	"unitType": "电涌战机",
	"size": 2,
	"produceTime": 730,
	"maxSpawn": 2,
	"launchVelocity": 20,
	"consumes": {
		"power": 0.5,
		"items": {
			"items": [
				{"item": "plastanium", "amount": 100},
				{"item": "surge-alloy", "amount": 100},
				{"item": "silicon", "amount": 100}
			]
		}
	},
	"category": "units",
	"research": "duo",
	"requirements": [
		{ "item": "copper", "amount": 500},
		{ "item": "surge-alloy", "amount": 500},
	    { "item": "plastanium", "amount": 500}
	]
}
