{
    "type": "ThermalGenerator",
    "name": "冷冻发电机",
    "description": "利用冷冻发电…",
        "details": "这东西用的开心就好，别追究合不合理",
    "size": 3,
    "health": 600,
    "hasPower": true,
    "hasItems": true,
    "liquidCapacity": 60,
    "generateEffect": {
        "type": "ParticleEffect",
        "particles": 2,
        "line": true,
        "strokeFrom": 2,
        "strokeTo": 0,
        "lenFrom": 5,
        "lenTo": 0,
        "length": 5,
        "baseLength": 5,
        "lifetime": 200,
        "colorFrom": "7E9CD680",
        "colorTo": "7E9CD6FF"
    },
    "attribute": "water",
    "powerProduction": 5,
    "requirements": [
        {
            "item": "copper",
            "amount": 35
        },
        {
            "item": "lead",
            "amount": 35
        },
        {
            "item": "metaglass",
            "amount": 45
        },
        {
            "item": "graphite",
            "amount": 35
        },
        {
            "item": "silicon",
            "amount": 35
        },
        "titanium/35"
    ],
    "category": "power",
    "research": "大型热能发电机",
    "drawer": {
        "type": "DrawMulti",
        "drawers": [
            "DrawDefault",
            {
                "type": "DrawFade",
                "scale": 20,
                "suffix": "-qwq"
            }
        ]
    }
}