{
    "type": "ConsumeGenerator",
    "name": "火焰发电机",
    "description": "通过燃烧易燃材料并将水转化为蒸汽来发电",
    "size": 3,
    "health": 600,
    "hasLiquids": true,
    "hasItems": true,
    "itemDuration": 60,
    "powerProduction": 54,
    "itemCapacity": 20,
    "liquidCapacity": 30,
    "drawer": {
        "type": "DrawMulti",
        "drawers": [
            "DrawDefault",
            "DrawWarmupRegion",
            {
                "type": "DrawRegion",
                "suffix": "-turbine",
                "rotateSpeed": 2
            },
            {
                "type": "DrawRegion",
                "suffix": "-turbine",
                "rotateSpeed": -2,
                "rotation": 45
            },
            {
                "type": "DrawRegion",
                "suffix": "-cap"
            },
            {
                "type": "DrawLiquidRegion",
                "drawLiquid": "water"
            }
        ]
    },
    "generateEffect": {
        "type": "ParticleEffect",
        "particles": 5,
        "sizeFrom": 3,
        "sizeTo": 0,
        "length": 5,
        "baseLength": 5,
        "lifetime": 30,
        "colorFrom": "ffffff80",
        "colorTo": "ffffff80"
    },
    "consumes": {
        "itemFlammable": {},
        "liquid": "water/0.1"
    },
    "requirements": [
                {
            "item": "copper",
            "amount": 85
        },
        {
            "item": "lead",
            "amount": 85
        },        
        {
            "item": "graphite",
            "amount": 75
        },
        {
            "item": "silicon",
            "amount": 75
        },
        "titanium/75"
    ],
    "ambientSound": "smelter",
    "ambientSoundVolume": 0.06,
    "category": "power",
    "research": "steam-generator"
}