{
"type":"GenericCrafter",
"name":"低浓血锭合成厂"//名字
"description":"将铜，铅与少量血合成为低浓血锭",//描述
"itemCapacity":10,//物品容量
"healty":1000,//生命值
"size":2,//大小
"haspower":true,
"hasLiquids":false,
"hasItems":true,
"craftTime":60,//制作时间
"consumes":{
"power":1.7,
"liquid":{"liquid":"血","amount":0.15}
"items": {
"items": [
"copper/2",
"lead/2",
]}}
"outputItem":{"item":"低浓血锭","amount":1},
"requirements":[
"copper/70",
"lead/35",
"metaglass/20",
"graphite/40",
],
"category":"crafting"
"research":"血压缩厂"
"idleSound":"respawning"
"idleSoundVolume":0.5
}