{
	//"type": "UnitAssembler",
	"name": "建造机装配工厂",
	"health": 300,
	"size": 2,
	//"liquidCapacity": 90,
	"consumes": {
		"power": 5,
	},
	"areaSize": 4,
	"plans": [
		{
			"unit": "建造者l",
			"time": 800,
			"requirements": [
				"合晶工业-锆采集者/1",
				"合晶工业-初级运输机/1"
				"合晶工业-钙采集者/1"
			]
		}
	],
	"droneType": "组装机",
	"requirements": [{ "item": "锆", "amount":200 },
		{ "item": "钙", "amount":120 },
		{ "item": "黄玉", "amount":90}],
	"research": {
		"parent": "运输机制造机",
	},
	"category": "units"
}