{
	//"type": "UnitFactory",//类型
	"category":"units",//菜单栏
	"name": "运输机制造机",//名字
	"description": "生产初级运输机",//介绍
    "hasPower": false,
	"research": {
	"parent": "锆传送带"//科技树前置
	"requirements": [//研究花费
	"锆/100",
	"钙/100"
	]	 },

	"requirements": [//建造消耗
	"锆/50"
	"钙/50",
	],
	"health":200,//血量
	"size":2,//大小

	"plans":[
		{
		 "unit": "初级运输机", 
		"time": 600, //制造时间帧
		"requirements": [//制造材料
		"锆/30",
		"钙/15"
		]	
		}
		]
}