{
	"type": "GenericCrafter",
	"name": "无尽锭制作机",
	"outputItem": "无尽之锭/1",
	"size": 4,
	"hasPower": false,
	"hasItems": false,
	"craftTime": 40,
	"itemCapacity": 1550,
	"consumes": {
		"power": 90.0
		"items": [
				"无尽催化剂/10",
			"中子锭/600",
			"水晶矩阵锭-相织布/10"
			"水晶矩阵锭-巨浪合金/10"
			"水晶矩阵锭-塑钢/10"
			"水晶矩阵锭-石墨/10"
			"水晶矩阵锭-钢化玻璃/10"
			"水晶矩阵锭-煤/10"
			"水晶矩阵锭-铜/10"
			"水晶矩阵锭-铅/10"
			"水晶矩阵锭-废料/10"
			"水晶矩阵锭-硅/10"
			"水晶矩阵锭-沙/10"
			"水晶矩阵锭-孢子荚/10"
			"水晶矩阵锭-硫化物/10"
			"水晶矩阵锭-钛/10"
			"水晶矩阵锭-钍/10"
			"水晶矩阵锭-爆炸混合物/10"
		]
	},
	"requirements": [
			"无尽催化剂/10",
		"中子锭/110",
		"水晶矩阵锭-巨浪合金/390",
		"水晶矩阵锭-钢化玻璃/900",
		"浓缩晶体/80",
	],
	"category": "crafting",
	"research": "中子融液机"
}