{
  "type": "AttributeCrafter",
  "name": "水汽集中器",
  "description": "比排气冷凝器更高效（高效个大份，一点没有，谁用谁活该）",
  "size": 3,
  "attribute": "steam",
  "minEfficiency": 0.00001,
  "baseEfficiency": 0,
  "displayEfficiency": false,
  "category": "production",
  "research": "vent-condenser",
  "requirements": [
    "graphite/45",
    "beryllium/80"
  ],
  "craftEffect": "turbinegenerate",
  "drawer": {
    "type": "DrawMulti",
    "drawers": [
      {
        "type": "DrawRegion",
        "suffix": "-bottom"
      },
      
      {
        "type": "DrawBlurSpin",
        "suffix": "-rotator",
        "rotateSpeed": 8
      },
      {
        "type": "DrawRegion",
        "suffix": "-mid"
      },
      {
        "type": "DrawDefault" 
      }
    ]
  },
  "craftTime": 120,
  "ambientSound": "hum",
  "ambientSoundVolume": 0.08,
  "hasLiquids": true,
  "boostScale": 0.111,
  "outputLiquid": "water/0.7",
  "consumes": {
    "power": 0.7 
  },
  "liquidCapacity": 80
}
