{
  "name": "计划融入",
  "author": "作者:穆蘅
  绘图1/会长，
  绘图2/shallow-smile，
  绘图3/城中渔
  校对1/s夜轩，
  测试1/本座咸鱼，
  测试2/清风，
  副手1/江边渔翁，
  参与人员1/忆了流年荒了屿，
  参与人员2/七鬼，
  参与人员3/南海有鸢",
  "description": "更新内容:
外群更新会有版本差异
/-
本模组引起可能的不适反应：
眼前精灵，头上金箍，阳衰阴盛，
发无根生，肾衰肝亏，脑中无灵，
身魂四飞，耳心阴凉，手指无力，
晨无擎天，梦中工厂，心衰脑弱。
如有发生请去就近医务所购得以下药品:
胖大海x100，薄荷糖x100，以上任意一种
顺水全食后阴凉通风处躺下等死。
/-
更新介绍：
2.8.4更新：

修改方块：
【还是面粉炮】
攻击伤害调整
--
【钛粉墨汁鸡】
输出数量调整
--
【晶慈鬼刀炮】
射击效果调整
--
【电磁重炮】
射击效果重写
（某位大佬）
--
【小型核心】
重写
--
【便携核心】
重写
------完-----
   [red]【感谢您的支持】
  【若发现有bug可联系:1416585127(作者/画师)】
  【模组群:641660274】[green]
  (加入后可以获得最新版本，蓝图，以及各种教程)
  [red]未经作者允许，禁止私自修改上传!
  []以此模组为基的模组:神话.滑稽科技.战略部队
  (发现未经允许私自修改传播者，必究)[green]
  【计划融入logo在641660274群内下载】[]
   3.0.0之前版本均为测试版
   非工作室人员禁止私自转发
   善者可联作者告知
  ",
  "version": 2.8.4合成风暴前夕
      "dependencies":["计划融入☹"]
}