{
	"type": "flying",
	"name": "圣盾使",
    "details":"搭载强大力场护盾，移动速度迟缓，伴随领域buff",
	"speed": 0.4,
	"drag": 0.1,
	"accel": 5,
	"armor":12,
	"rotateSpeed": 9,
    "controller": "FlyingFollowAI",
       "abilities": [
            {
	"type": "StatusFieldAbility",
	"duration": 600,
	"reload": 210,
	"range": 150,
	"applyEffect": "none",
	"activeEffect": "none",
	"effect": "圣盾"
		"applyEffect": {
		"type": "MultiEffect",
		"effects": [
			
			{
				"type": "WaveEffect",
				"lifetime": 140,
				"interp": "circleOut",
				"sizeFrom": 0,
				"sizeTo": 100,
				"strokeFrom": 2,
				"strokeTo": 0,
				"colorFrom": "eddc82",
				"colorTo": "eddc82"
			}
		]
            },
            }
             {
	"type": "ShieldRegenFieldAbility",
	"amount": 2560,
	"max": 22000,
	"reload": 140,
	"range": 200,
	
	"applyEffect": {
		"type": "MultiEffect",
		"effects": [
			
			{
				"type": "WaveEffect",
				"lifetime": 90,
				"interp": "circleOut",
				"sizeFrom": 0,
				"sizeTo": 200,
				"strokeFrom": 10,
				"strokeTo": 0,
				"colorFrom": "62e5ff",
				"colorTo": "62e5ff"
			}
		]
	
     }
     }
     ]
		"weapons": [
	{
	
	"name": "圣盾使1",
	"type": "RepairBeamWeapon",
	"x": 4,
	"y": 0,
	"shootY": 0,
	"beamWidth": 1,
	"mirror": true,
	"repairSpeed": 4,
	"colorFrom": "62e5ff",
	"colorTo": "62e5ff"
	"bullet": {
		"maxRange": 200
		"colorFrom": "62e5ff",
	    "colorTo": "62e5ff"
	}
    }
    	{
	
	"name": "圣盾使1",
	"type": "RepairBeamWeapon",
	"x": 2,
	"y": 0,
	"shootY": 0,
	"beamWidth": 1,
	"mirror": true,
	"colorFrom": "62e5ff",
	"colorTo": "62e5ff"
	"repairSpeed": 4,
	"bullet": {
		"maxRange": 200
		"colorFrom": "62e5ff",
	    "colorTo": "62e5ff"
	}
    }
]
   
	
    
	"ammoCapacity": 120,
	"hitSize": 38,
	"flying": true,
	"faceTarget": true,
	"drawMinimap": false,
	"health": 22000,
	"armor": 12,
	"engineOffset": 14,
	"engineSize": 7,
	"itemCapacity": 6,
    
   
 }
 
 
  