{
    "coreUnitDock": true,
    "trailLength": 2,
    "payloadCapacity": 300,
    "speed": 4.5,
    "health": 250,
    "targetGround": true,
    "name": "电子号",
    "armor": 2,
    "type": "payload",
    "description": "初级核心机，效果似乎不太好（由于科技限制。我们无法安装武器）",
    "rotateSpeed": 6,
    "ammoCapacity": 200,
    "flying": true,
    "hitSize": 20,
    "targetAir": false,
    "itemCapacity": 120,
    "engineOffset": 10,
    "engineSize": 4,
    "mineSpeed": 6,
    "mineTier": 2,
    "buildSpeed": 1.3,
    "weapons": [
    ]
}