{
	"type": "tank",
    "research":{
	"parent":"陆厂",
     }
	"name": "微雨",
	"description": "幻境的陆军——伤害高，冷却长，远程火炮，需保护",
	"squareShape":true,
    "omniMovement":false
    "rotateMoveFirst":false,
    "rotateSpeed":3,
    "speed": 1.5,
    "hitSize": 9,
    "ammoCapacity": 300,
    "health": 400,
    "armor": 2,
    "drag": 0.08,  "accel":0.1,
    "itemCapacity": 5,
    "treadPullOffset":0,
    "treadFrames":2,
    "treadRects": [
        {"x": 0,
        "y": 0,
        "width": 8,
        "height": 16,
        }],
    "faceTarget": false,
	"weapons":[
	{	"name": "陆地炮塔1",	
		"reload":240, 
		"recoil":0,
        "x": 0,  "y": 0, 
        "rotate": true,
        "mirror":false,
        "rotateSpeed":3,
        "inaccuracy": 0,
	    "ejectEffect":"smeltsmoke",
	    "shootSound": "pao",
	    "collidesAir":false,
	    "collidesGround":true,
		"alternate": false,
		"bullet":{
     	"hitEffect":{"type": "WaveEffect",
        "lifetime": 40,
        "sizeFrom": 1,
        "sizeTo": 25,
        "strokeFrom": 25,
        "strokeTo": 30,
        "colorFrom": "FF401414",
        "colorTo": "FF401414"},
	    "damage":100,
	    "sprite":"幻境-炮弹"
	    "speed":8,
		"buildingDamageMultiplier":0.7,
		"splashDamageRadius": 30,
        "splashDamage": 50,
	    "lifetime":20,
	    "width":5,	 "height":10
	}
	}
	]
}
