{
	"type": "tank",
   	"research": {
		"parent": "冷雨",
		"objectives": [
			{
				"type": "SectorComplete",
				"preset": "荧幻群山"
			}
		]
	}
	"name": "暴雨",
	"description": "超重型突击坦克，搭载了全能防御装甲和弧形护盾，发射双联高爆穿甲弹，搭载了新型防空导弹，移速稍慢，装甲超高",
    "details": "迎接狂风暴雨吧",
    "immunities":["burning","melting","wet","freezing"],
	"squareShape":true,
    "omniMovement":false
    "rotateMoveFirst":false,
    "rotateSpeed":1.2,
    "speed": 0.6,
    "hitSize": 64,
  	"ammoType":"blast-compound",
	"ammoCapacity":1600,
	"range":480,
    "health": 45000,
    "armor": 45,
    "drag": 0.08,  "accel":0.1,
    "itemCapacity": 180,
    "crushDamage":7.5,
    	"abilities": [
		{
			"type": "ShieldArcAbility",
			"whenShooting": true,
			"radius": 50,
			"width": 10,
			"max": 2000,
			"regen": 2,
			"cooldown": 120,
			"angle": 120,
			"angleOffset": 0,
		},
   ]
	"treadRects": [
		{
			"x": -86,
			"y": -108,
			"width": 42,
			"height": 112
		},
		{
			"x": -72,
			"y": -124,
			"width": 21,
			"height": 16
		},
		{
			"x": -86,
			"y": 9,
			"width": 42,
			"height": 119
		}
	],
    "faceTarget": false,
	"weapons":[
		{	"name": "暴雨炮",	
		"reload":100, 
		"recoil":10,
        "x": 0,  "y": 0, 
        "rotate": true,
        "mirror":false,
        "rotateSpeed":1,
        "inaccuracy": 0,
	    "ejectEffect":"smeltsmoke",
	    "shootSound": "largeCannon",
		"alternate": false,
	    "shoot":{
		"shots":2,
		"shotDelay":0,
		"type":"ShootBarrel",
		"barrels":[
		   -9,30,0,
		   9,30,0
		  ]
	    },
		"bullet":{
	    "type": "flakBulletType",
	    "collidesAir":false,
	    "collidesGround":true,
	    "damage":300,
	    "splashDamage": 100,
		"splashDamageRadius": 25,
	    "speed":16,
		"buildingDamageMultiplier":1.5,
		"frontColor":"FF7951FF",	
        "backColor":"FF7951FF",
        "trailLength":10,
	    "trailWidth":6,
		"hitEffect": "massiveExplosion",
	   	"pierce": true,
	    "pierceArmor": true,
	    "pierceBuilding": true,
	    "pierceCap": 2,
        "trailColor":"C85C51FF",
	    "lifetime":30,
	    "width":24,	 "height":48,
	    "status": "blasted",
        "statusDuration": 300,
        "hitSound":"explosion",
        "incendAmount": 5,
        "incendSpread": 50,
        "incendChance": 0.5,
        "makeFire":true,
	"shootEffect":{
    "type": "ParticleEffect",
    "particles": 32,
    "sizeFrom": 2,
    "sizeTo": 0,
    "length": 60,
    "baseLength": 0,
    "lifetime": 60,
    "colorFrom": "FFFFFF",
    "colorTo": "FFFFFF",
    "cone": 50} 
    "fragBullets": 5,
    "fragBullet": {
    "type": "flakBulletType",
	    "collidesAir":false,
	    "collidesGround":true,
	    "hittable":false,
        "reflectable":false,
        "collides": false,
	    "damage":150,
	    "splashDamage": 50,
		"splashDamageRadius": 25,
	    "speed":16,
		"buildingDamageMultiplier":1.5,
		"hitEffect": "massiveExplosion",
	    "pierceArmor": true,
	    "lifetime":8,
	    "width":1,	 "height":1,
	    "status": "melting",
        "statusDuration": 300,
        "hitSound":"explosion",
        "incendAmount": 2.5,
        "incendSpread": 25,
        "incendChance": 0.25,
        "makeFire":true,
    } } }
   {
			"name": "导弹发射器",
			"x": 20,
			"y": -20,
			"inaccuracy": 0,
			"mirror": true,
			"shoot": {
		    "type": "ShootAlternate",
		    "barrels": 2,
		    "spread": 8
		    "shots":10,
		    "shotDelay":2,
	        },
			"shootCone": 360,
			"shootSound": "missileLarge",
		    "rotate": true,
            "rotateSpeed":2,
			"reload": 120,
			"controllable":false,
			"autoTarget": true,
		    "alternate": false,  
			"bullet": {
				"type":"missileBulletType",
				"collidesAir":true,
	            "collidesGround":false,
				"pierce": true,	
			    "pierceCap": 2,
				"height": 16,
				"width": 8,
				"sprite": "幻境-导弹",
				"absorbable": false,
				"speed": 16,
				"drag": -0.02,
				"lifetime": 25,
				"shrinkY": 0,
				"shrinkX": 0,
			    "knockback":8,
				"homingDelay": 5,
				"homingPower": 1,
				"homingRange": 240,
				"lightningDamage": 10,
				"lightning": 2,
				"lightningLength": 10,
				"lightningLengthRand":4,
				"damage": 20,
				"splashDamageRadius": 32,
				"splashDamage": 30,
				"frontColor": "FEEBB3FF",
				"backColor": "FEEBB3FF",
				"trailLength": 6,
				"trailWidth": 2,
				"trailColor": "FEEBB3FF",
				"trailChance": 0.09,
				"trailRotation": true,
				"trailEffect": {
					"type": "ParticleEffect",
					"particles": 3,
					"sizeFrom": 3,
					"sizeTo": 0,
					"lifetime": 60,
					"interp": "pow10Out",
					"sizeInterp": "pow3In",
					"length": 24,
					"baseLength": 0,
					"colorFrom": "FEEBB3FF",
					"colorTo": "FEEBB3FF",
					"cone": 30
				},
				"shootEffect": {
					"type": "ParticleEffect",
					"particles": 9,
					"sizeFrom": 3,
					"sizeTo": 0,
					"length": 60,
					"baseLength": 6,
					"lifetime": 30,
					"colorFrom": "FEEBB3FF",
					"colorTo": "FEEBB3FF",
					"cone": 30
				},
				"smokeEffect": "none",
				"hitSound": "plasmaboom",
				"despawnEffect": "none",
				"hitShake": 8,
				"hitEffect":{
							"type":"WrapEffect",
							"effect":"dynamicSpikes",
							"color":"FEEBB3FF",
							"rotation":32
						},
				}
		},
              ] 
}
