{
	"type": "ItemTurret",//类型
	"name": "守护",//名字
	"unitSort": "weakest",
	"health": 420,//生命值
	"description": "最强单格炮塔"
	"size": 1,//大小
	"reload": 60,//射击间隔,游戏内除以60
	"range": 250,//攻击范围游戏内除以8
	"maxAmmo": 30,//弹药容量
	"recoilTime": 15,//后坐力时间?
	"recoil": 4,//后坐力大小
    "ammoPerShot":1,//单发消耗
	"consumes": {//机翻:消耗
		"coolant": {//应该是消耗液体
			"amount": 0.55,//每秒消耗数额，游戏内乘以60
			"optional": true//自选液体
		}
	},
	"shootY": 0,
	"shoot": {
		"shots": 1,//每发消耗多少子弹
		"shotDelay": 20,//开火延迟?
		"type": "ShootBarrel",
		"barrels": [
			0,11,0
		]
	},
	"ammoPerShot": 2,//无视装甲?
	"shootSound": "shotgun",//射击声音:霰弹枪
	"targetGround": true,//攻击地面
	"targetAir": true,//攻击空中
	"inaccuracy": 0,//攻击误差
	"shake": 3,//摇动大小
	"rotateSpeed": 9,//炮台旋转速度
	"ammoTypes": {//子弹类型
		"铁": {//使用子弹:钛
			"reloadMultiplier": 1,//重新加载乘数
			"width": 20,//子弹宽度
			"length": 17,//子弹长度游戏内除以8?
			"damage": 33,//应该是伤害
			"ammoMultiplier": 1//每消耗一个子弹射出多少颗子弹
			"lifetime":60
			"speed":6,
		},
		"silicon": {
			"reloadMultiplier": 3,
			"length": 20,//子弹长度游戏内除以8?
			"damage": 26,//应该是伤害
			"width": 20,
			"fromColor": "E5F0E8",//开始颜色
			"toColor": "E5F0E8",//结束颜色
			"ammoMultiplier": 3,
			"shootEffect": "thoriumShoot",//射击效果:钍射击
			"smokeEffect": "thoriumShoot"//烟雾效果后面同上
			"lifetime":60
			"speed":6,
		},
		"钢铁": {
			"reloadMultiplier": 2,
			"length": 24,
			"damage": 43,
			"width": 40,
			"fromColor": "DEDEDE",
			"toColor": "DEDEDE",
			"ammoMultiplier": 3,
			"lifetime":60
			"speed":6,
			"shootEffect": {
				"type": "ParticleEffect",
				"particles": 9,
				"line": true,
				"length": 55,
				"baseLength": 0,
				"lifetime": 15,
				"colorFrom": "DEDEDE",
				"colorTo": "DEDEDE",
				"cone": 60
			}
		}
	},
	"requirements": [
		"lead/40",
		"graphite/20",
		"钢铁/40"
	],
	"category": "turret",//分类
	"research": "钢铁"//研究前置
}