{
	"type": "UnitAssembler",
	"name": "尖刀系列组装厂",
	"description": "组装尖刀系列单位，输出单位可以直接投入战场",
	"category":"units",
	"research": {
	"parent":"型兵种生产工厂"
	"objectives": [
            {
				"type": "SectorComplete",
				"preset": "凛冬止水"
			}
	]
	}
	    "researchCostMultiplier": 10,
	        "canOverdrive": true,
	"health":8000,//血量
	"size":7,//大小
    "dronesCreated":8,
    "areaSize":14,
	"consumes":{"power":100,
	"liquid": 
	{"liquid": "冷却液", "amount": 0.2 } 	},
	"requirements": [
    { "item": "铝", "amount": 2000},
	{ "item": "石墨", "amount": 500}
	{ "item": "纯钛钢", "amount": 100}
	{ "item": "巨浪合金", "amount": 50},
    { "item": "纯钢", "amount": 300},
    { "item": "塑钢", "amount": 250},
    { "item": "动能核心", "amount": 50},	],
		"plans":[
		{
		"unit":"权杖",
		"time": 4800, //制造时间,帧
		"requirements":[
		"星耀光棱-尖刀/4",
		"星耀光棱-战锤/1",
		"星耀光棱-纳米芯片/1",
		"星耀光棱-核聚变核心/1",
		"星耀光棱-大型巨浪合金墙/10"
		]	}
		],
}