{
	"type": "UnitFactory",
	"name": "生产兵种生产工厂",
	"description": "生产所有类型的基础单位。",
    "health":1000,
	"size":3,
	"consumes":{"power":16.666666,	},
	"plans":[
	{ "unit": "机械狗", 
	"time": 600, 
	"requirements": [ 
{ "item": "硅", "amount": 10},
{ "item": "钢", "amount": 25},
{ "item": "电力核心", "amount": 1}
	]	},	
		{ "unit": "飞蚊", 
	"time": 600, 
	"requirements": [ 
{ "item": "硅", "amount": 10},
{ "item": "钢", "amount": 20},
{ "item": "钢化玻璃", "amount": 20},
{ "item": "电力核心", "amount": 1}
	]	},
	{ "unit": "影", 
	"time": 600, 
	"requirements": [ 
{ "item": "硅", "amount": 20},
{ "item": "钢", "amount": 10},
{ "item": "钢化玻璃", "amount": 20},
{ "item": "电力核心", "amount": 1}
	]	},
	],
	"requirements":[
    { "item": "铜", "amount": 200},
	{ "item": "石墨", "amount": 300},
    { "item": "铅","amount": 100},
    { "item": "铁", "amount": 200},
    { "item": "钢", "amount": 120},	],
	"category":"units",
    "researchCostMultiplier": 0,
        "research": {
	"parent":"无"
	}
	    "researchCostMultiplier": 1,
	        "canOverdrive": true,
}