{
	"type": "UnitFactory",
	"name": "轻型特种兵种生产工厂",
	"description": "生产所有类型的轻型特种单位。",
    "health":4000,
    "liquidCapacity": 200,
	"size":6,
	"consumes":{"power":50,
	"liquid": 
	{"liquid": "冷却液", "amount": 0.1 } 	},
	"plans":[
	{ "unit": "轰炸", 
	"time": 3600, 
	"requirements": [ 
{ "item": "巨浪合金", "amount": 150},
{ "item": "铝", "amount": 500},
{ "item": "动能核心", "amount": 6}
{ "item": "芯片", "amount": 2}
	]	},	
	{ "unit": "碎星", 
	"time": 3600, 
	"requirements": [ 
{ "item": "巨浪合金", "amount": 200},
{ "item": "铝", "amount": 350},
{ "item": "动能核心", "amount": 6}
{ "item": "芯片", "amount": 2}
	]	},	
	{ "unit": "江鳄", 
	"time": 3600, 
	"requirements": [ 
{ "item": "巨浪合金", "amount": 250},
{ "item": "铝", "amount": 800},
{ "item": "动能核心", "amount": 8}
{ "item": "芯片", "amount": 3}
	]	},	
	{ "unit": "罗星", 
	"time": 3600, 
	"requirements": [ 
{ "item": "巨浪合金", "amount": 250},
{ "item": "铝", "amount": 800},
{ "item": "动能核心", "amount": 8}
{ "item": "芯片", "amount": 3}
	]	},	
	],
	"requirements": [
    { "item": "铝", "amount": 2000},
	{ "item": "石墨", "amount": 500}
	{ "item": "纯钛钢", "amount": 200}
	{ "item": "巨浪合金", "amount": 50},
    { "item": "纯钢", "amount": 300},
    { "item": "塑钢", "amount": 250},
    { "item": "动能核心", "amount": 25},	],
	"category":"units",
    "researchCostMultiplier": 0,
        "research": {
	"parent":"轻型实验兵种生产工厂"
	"objectives": [
            {
				"type": "SectorComplete",
				"preset": "凛冬止水"
			}
	]
	}
	    "researchCostMultiplier": 1,
	        "canOverdrive": true,
}