{
	"type": "UnitFactory",
	"name": "轻型兵种生产工厂",
	"description": "生产所有类型的基础单位。",
    "health":1000,
	"size":3,
	"consumes":{"power":16.666666,	},
	"plans":[
	{ "unit": "尖刀", 
	"time": 900, 
	"requirements": [ 
{ "item": "硅", "amount": 20},
{ "item": "钢", "amount": 50},
{ "item": "电力核心", "amount": 1}
	]	},	
		{ "unit": "坚守", 
	"time": 1200, 
	"requirements": [ 
{ "item": "硅", "amount": 50},
{ "item": "钢", "amount": 100},
{ "item": "电力核心", "amount": 2}
	]	},	
			{ "unit": "毒爆", 
	"time": 720, 
	"requirements": [ 
{ "item": "铝", "amount": 50},
{ "item": "钢", "amount": 20},
{ "item": "爆炸混合物", "amount": 20},
{ "item": "电力核心", "amount": 1}
	]	},	
			{ "unit": "星尘", 
	"time": 1020, 
	"requirements": [ 
{ "item": "铝", "amount": 100},
{ "item": "硅", "amount": 20},
{ "item": "钢", "amount": 100},
{ "item": "电力核心", "amount": 3}
	]	},	
			{ "unit": "雏翼", 
	"time": 600, 
	"requirements": [ 
{ "item": "硅", "amount": 100},
{ "item": "钢", "amount": 50},
{ "item": "钢化玻璃", "amount": 50}
{ "item": "电力核心", "amount": 1}
	]	},
			{ "unit": "天爆", 
	"time": 720, 
	"requirements": [ 
{ "item": "铝", "amount": 50},
{ "item": "钢", "amount": 50},
{ "item": "钢化玻璃", "amount": 50},
{ "item": "爆炸混合物", "amount": 20}
{ "item": "电力核心", "amount": 1}
	]	},
			{ "unit": "独影", 
	"time": 900, 
	"requirements": [ 
{ "item": "硅", "amount": 100},
{ "item": "钢", "amount": 50},
{ "item": "钢化玻璃", "amount": 50}
{ "item": "电力核心", "amount": 2}
	]	},
	{ "unit": "溪鲫", 
	"time": 720, 
	"requirements": [ 
{ "item": "硅", "amount": 200},
{ "item": "钢", "amount": 50},
{ "item": "钢化玻璃", "amount": 100}
{ "item": "电力核心", "amount": 3}
	]	},
	{ "unit": "蜉卵", 
	"time": 720, 
	"requirements": [ 
{ "item": "铝", "amount": 100},
{ "item": "钢", "amount": 50},
{ "item": "钢化玻璃", "amount": 100}
{ "item": "电力核心", "amount": 3}
	]	},
	],
	"requirements":[
    { "item": "铜", "amount": 200},
	{ "item": "石墨", "amount": 300},
    { "item": "铅","amount": 100},
    { "item": "铁", "amount": 200},
    { "item": "钢", "amount": 120},	],
	"category":"units",
    "researchCostMultiplier": 0,
        "research": {
	"parent":"初代核心"
	"objectives": [
            {
				"type": "SectorComplete",
				"preset": "世界另一端"
			}
	]
	}
	    "researchCostMultiplier": 1,
	        "canOverdrive": true,
}