{
	"type": "UnitFactory",
	"name": "轻型特殊兵种生产工厂",
	"description": "生产所有类型的轻型特殊单位。",
    "health":2000,
    "liquidCapacity": 100,
	"size":4,
	"consumes":{"power":33.3334,
	"liquid": 
	{"liquid": "水", "amount": 1 } 	},
	"plans":[
	{ "unit": "弹药", 
	"time": 2100, 
	"requirements": [ 
{ "item": "纯钛钢", "amount": 20},
{ "item": "钛钢", "amount": 50},
{ "item": "铝", "amount": 200},
{ "item": "硅", "amount": 50},
{ "item": "爆炸混合物", "amount": 50},
{ "item": "动能核心", "amount": 2},
	]	},	
		{ "unit": "光灵", 
	"time": 2400, 
	"requirements": [ 
{ "item": "纯钛钢", "amount": 40},
{ "item": "铝", "amount": 100},
{ "item": "钛钢", "amount": 50},
{ "item": "硅", "amount": 50},
{ "item": "动能核心", "amount": 3}
	]	},	
				{ "unit": "星光", 
	"time": 2400, 
	"requirements": [ 
{ "item": "纯钛钢", "amount": 5},
{ "item": "硅", "amount": 100},
{ "item": "钛钢", "amount": 50},
{ "item": "铝", "amount": 400},
{ "item": "动能核心", "amount": 2}
	]	},
			{ "unit": "援助", 
	"time": 2100, 
	"requirements": [ 
{ "item": "纯钛钢", "amount": 10},
{ "item": "硅", "amount": 200},
{ "item": "钛钢", "amount": 50},
{ "item": "铝", "amount": 250},
{ "item": "动能核心", "amount": 2}
	]	},
	{ "unit": "青烟", 
	"time": 2100, 
	"requirements": [ 
{ "item": "纯钛钢", "amount": 10},
{ "item": "钢化玻璃", "amount": 100},
{ "item": "钛钢", "amount": 50},
{ "item": "铝", "amount": 200},
{ "item": "动能核心", "amount": 2}
	]	},
	{ "unit": "浅雾", 
	"time": 2100, 
	"requirements": [ 
{ "item": "纯钛钢", "amount": 20},
{ "item": "钢化玻璃", "amount": 100},
{ "item": "钛钢", "amount": 50},
{ "item": "铝", "amount": 250},
{ "item": "爆炸混合物", "amount": 50},
{ "item": "动能核心", "amount": 2}
	]	},
	{ "unit": "芳草", 
	"time": 2400, 
	"requirements": [ 
{ "item": "纯钛钢", "amount": 20},
{ "item": "钢化玻璃", "amount": 100},
{ "item": "钛钢", "amount": 50},
{ "item": "铝", "amount": 300},
{ "item": "动能核心", "amount": 3}
	]	},
	{ "unit": "领航", 
	"time": 2700, 
	"requirements": [ 
{ "item": "纯钛钢", "amount": 25},
{ "item": "钢化玻璃", "amount": 100},
{ "item": "钛钢", "amount": 70},
{ "item": "铝", "amount": 300},
{ "item": "动能核心", "amount": 4}
	]	},
	{ "unit": "水溪", 
	"time": 2400, 
	"requirements": [ 
{ "item": "纯钛钢", "amount": 25},
{ "item": "钢化玻璃", "amount": 100},
{ "item": "钛钢", "amount": 70},
{ "item": "铝", "amount": 250},
{ "item": "动能核心", "amount": 4}
	]	},
	]
	"requirements":[
    { "item": "纯钛钢", "amount": 200},
    { "item": "钛钢", "amount": 300},
	{ "item": "石墨", "amount": 500},
    { "item": "铝","amount": 100},
    { "item": "硅", "amount": 200},	],
	"category":"units",
        "research": {
	"parent":"轻型兵种生产工厂"
	"objectives": [
            {
				"type": "SectorComplete",
				"preset": "沙丘之谷"
			}
	]
	}
	    "researchCostMultiplier": 1,
	        "canOverdrive": true,
}