{
	"type": "UnitFactory",
	"name": "重型兵种生产工厂",
	"description": "生产所有类型的重型单位。",
    "health":4000,
    "liquidCapacity": 100,
	"size":6,
	"consumes":{"power":50,
	"liquid": 
	{"liquid": "冷却液", "amount": 0.1 } 	},
	"plans":[
	{ "unit": "战锤", 
	"time": 2400, 
	"requirements": [ 
{ "item": "巨浪合金", "amount": 40},
{ "item": "钢", "amount": 500},
{ "item": "硫化物", "amount": 100},
{ "item": "铝", "amount": 100},
{ "item": "动能核心", "amount": 3}
{ "item": "芯片", "amount": 1}
	]	},	
		{ "unit": "碉堡", 
	"time": 2800, 
	"requirements": [ 
{ "item": "巨浪合金", "amount": 40},
{ "item": "钢", "amount": 600},
{ "item": "铝", "amount": 80},
{ "item": "动能核心", "amount": 4}
{ "item": "芯片", "amount": 1}
	]	},	
			{ "unit": "哀蛊", 
	"time": 2400, 
	"requirements": [ 
{ "item": "巨浪合金", "amount": 40},
{ "item": "钢", "amount": 400},
{ "item": "铝", "amount": 200},
{ "item": "动能核心", "amount": 3}
{ "item": "芯片", "amount": 2}
	]	},
				{ "unit": "耀星", 
	"time": 3200, 
	"requirements": [ 
{ "item": "巨浪合金", "amount": 60},
{ "item": "钢", "amount": 300},
{ "item": "铝", "amount": 200},
{ "item": "动能核心", "amount": 4}
{ "item": "芯片", "amount": 1}
	]	},
					{ "unit": "天翼", 
	"time": 2400, 
	"requirements": [ 
{ "item": "巨浪合金", "amount": 40},
{ "item": "钢", "amount": 300},
{ "item": "钢化玻璃", "amount": 200},
{ "item": "铝", "amount": 150},
{ "item": "动能核心", "amount": 3}
{ "item": "芯片", "amount": 1}
	]	},
					{ "unit": "辉光", 
	"time": 2800, 
	"requirements": [ 
{ "item": "巨浪合金", "amount": 40},
{ "item": "钢", "amount": 250},
{ "item": "钢化玻璃", "amount": 200},
{ "item": "爆炸混合物", "amount": 100},
{ "item": "铝", "amount": 100},
{ "item": "动能核心", "amount": 3}
{ "item": "芯片", "amount": 1}
	]	},
					{ "unit": "鬼影", 
	"time": 3200, 
	"requirements": [ 
{ "item": "巨浪合金", "amount": 40},
{ "item": "钢", "amount": 300},
{ "item": "钢化玻璃", "amount": 100},
{ "item": "铝", "amount": 200},
{ "item": "动能核心", "amount": 4}
{ "item": "芯片", "amount": 1}
	]	},
	{ "unit": "戟鲸", 
	"time": 2400, 
	"requirements": [ 
{ "item": "巨浪合金", "amount": 60},
{ "item": "钢", "amount": 300},
{ "item": "钢化玻璃", "amount": 140},
{ "item": "铝", "amount": 200},
{ "item": "动能核心", "amount": 6}
{ "item": "芯片", "amount": 2}
	]	},
	{ "unit": "江豚", 
	"time": 2400, 
	"requirements": [ 
{ "item": "巨浪合金", "amount": 60},
{ "item": "钢", "amount": 300},
{ "item": "钢化玻璃", "amount": 100},
{ "item": "铝", "amount": 240},
{ "item": "动能核心", "amount": 6}
{ "item": "芯片", "amount": 2}
	]	},
	],
	"requirements": [
    { "item": "铝", "amount": 2000},
	{ "item": "石墨", "amount": 500}
	{ "item": "纯钛钢", "amount": 100}
	{ "item": "巨浪合金", "amount": 50},
    { "item": "纯钢", "amount": 300},
    { "item": "塑钢", "amount": 250},
    { "item": "动能核心", "amount": 25},	],
	"category":"units",
    "researchCostMultiplier": 0,
        "research": {
	"parent":"中型兵种生产工厂"
	"objectives": [
            {
				"type": "SectorComplete",
				"preset": "凛冬止水"
			}
	]
	}
	    "researchCostMultiplier": 1,
	        "canOverdrive": true,
}