{
  "name":"穹窿",
  "displayName":"穹窿",
 "author":"[blue[]]一[yellow[]]只[red[]]Z[green[]]Z[pink[]]君 [green[]]睿[yellow[]]智[blue[]]梓[pink[]]菜",
  "version":"0.05",
  "description":" \n[blue[]]模组版本“0.01”\n本模组QQ群：774757128\n频道号:r7d1i0ho13\n[white[]]以下为更新日志\n[red[]]字体颜色为黄色的全部为修复或更新失败 [green[]]0.01增加了mod简介
  \n[green[]]0.01 新增了微炬激光炮 新增了mod简介 新增了7首背景音乐 新增了尼格拉（Nigel）星球 继承了太阳系模组辅助脚本
  0.02 微调了微炬的数值
  0.03 新增了熔融坩埚 新增了热压塑钢厂
  0.04 新增锂电池
  0.05 新增了孢子复制中心
  " ,
  "minGameVersion":"142"
  "hideInBrowser": true
  "repo": "一只zz君"
}