{
  "type": "CellLiquid",
  "moveThroughBlocks": true,
  "canStayOn": ["oil"],
  "incinerable": true,
  "spreadDamage": 0,
  "capPuddles": true,
  "spreadTarget": "oil",
  "name": "活钢液",
  "description": "加了石油的活钢，扩散性非常强，就像瘤液一样，但是它不是吃水，它会吃油，所以我建议不要把带有活钢液的东西放到你的石油罐子旁边",
  "heatCapacity": 0.9,
  "explosiveness": 0.05,
  "temperature": 0.125,
  "color": "9000a4",
  "colorFrom": "6d0071",
  "colorTo": "9e78dc",
  "blockReactive": false,
  "maxSpread": 0.4,
  "viscosity": 0.6,
  "flammability": 1,
  "research": {
    "parent": "living-steel",
    "requirements": [
      {
        "item": "living-steel",
        "amount": 200
      }
    ]
  }
}
