{
	"type": "GenericCrafter",
	"name": "1号机油提取机",
	"description": "从黑色黄金中提取有需要的液体",
	"size": 2,
	"health": 150,
	"hasPower": true,
	"hasLiquids": true,
	"hasItems": true,
	"craftTime": 65,//工作时间
	"liquidCapacity": 120,//液体容量
	"updateEffect": "hitLiquid",
	"consumes": {
		"power": 1.2,
		"liquid": {
			"liquid": "oil",
			"amount": 0.12,
		}
	},
	"outputLiquid": {"liquid": "润滑机油", "amount": 22},
	"requirements": [
		{ "item": "塑材一型", "amount": 80 },
		{ "item": "塑材二型", "amount": 60 },
		{ "item": "碳钢", "amount": 50 }
	],
	"category": "crafting",
	"research": "rotary-pump",
	"idleSound": "respawning",
	"idleSoundVolume": 0.7
}