{
    "type": "UnitFactory",
	"name": "A1陆战坦克工厂",
	"description": "制造A1轻型坦克",
	"unitType": "A1陆战坦克",
	"size":4,
	"produceTime":160,
	"consumes": {
		"power":5.0,
		"items":{
			"items": [
	        {"item": "碳钢", "amount": 25 },{"item": "汽油桶", "amount": 5 }
            ]
        }
    },
 "maxSpawn":4,
	"requirements": [
	    {"item": "塑材二型", "amount": 64 },{"item": "塑材三型", "amount": 128 }	    ,{"item": "碳钢", "amount": 32 }
    ]
    "category": "units",
    "research": "wraith-factory"
}
