{
	"type": "GenericSmelter",
	"name": "NATO子弹厂",
	"description": "生产枪械所使用的强化型制式子弹",
	"health":120,
	"size": 2,
	"outputItem": {
		"item": "NATO穿甲弹", "amount": 1
	},
	"itemCapacity": 20,
	"hasPower": true,
	"hasItems": true,
	"craftTime": 260,
	"updateEffect": "producesmoke",
	"consumes": {
		"power": 4.0,
		"items": {
			"items": [
				{ "item": "一型子弹材料箱", "amount": 2 },
				{ "item": "双基火药", "amount": 5 }
			]
		},
	},
	"requirements": [
	 { "item": "lead", "amount": 120 },
		{ "item": "塑材二型", "amount": 100 },
		{ "item": "碳钢", "amount": 65 },
	],
	"category": "crafting",
	"idleSound": "shootBig",
	"idleSoundVolume": 0.5,
	"research": "大型子弹工厂"
}