{
    "type": "ItemTurret",
	"name": "UMP45",
	"description": "高命中精度，重装弹迅速，可以发射模块化弹药",
	"size": 3,
    "health": 450,
    "range": 255,
    "recoil": 2.5,
    "maxAmmo": 30,
    "reload": 8,//装弹时间
    "restitution": 8.5,// 发射间隔
    "ratateSpeed": 27,//转动速度
    "inaccuracy": 0.1,//误差
    "targetGround": true,
    "targetAir": false,
    "shots": 1,
    "ammoUseEffect": "shellEjectMedium"
    "ammo": {
        "中型标准子弹":{
			"type":"ArtilleryBulletType",
			"bulletSprite": "[white]星辰科技[]-A2"
			"damage": 140,
		    "speed": 25.5,
		    "lifetime": 10,
		    "inaccuracy": 0,
		    "pierce":false,
		    "splashDamage": 10,
		    "splashDamageRadius": 5,
		    "bulletWidth": 7,
		    "bulletHeight": 15,
		    "hitEffect":"hitBulletBig",
		    "despawnEffect":"hitLancer",
		    "ammoMultiplier": 1,
			"knockback": 8,
			"collides": true,
		    "collidesTiles": true,
		},
		"中型钢芯子弹":{
		    "type":"ArtilleryBulletType",
		    "bulletSprite": "[white]星辰科技[]-AA2"
		    "damage": 180,
		    "speed": 25.5,
		    "lifetime": 10,
		    "inaccuracy": 0,
		    "knockback": 10,
		    "pierce":true,
		    "splashDamage": 12,
		    "splashDamageRadius": 6,
		    "bulletWidth": 7,
		    "bulletHeight": 15,
		    "hitEffect":"hitBulletBig",
		    "despawnEffect":"hitLancer",
		    "ammoMultiplier": 1,
		    "collides": true,
		    "collidesTiles": true,
		    "speedMultiplier": 0.5,
		    "statusDuration": 100,
		},
    }
    "requirements": [
		{ "item": "graphite", "amount": 240 },
		{ "item": "塑材一型", "amount": 260 },
		{ "item": "塑材二型", "amount": 100 },
		{ "item": "碳钢", "amount": 120},
		
	],
	"category": "turret",
	"research": "arc"
}