{
	"type": "GenericSmelter",
	"name": "一型子弹材料箱生产机",
	"description": "生产子弹所使用的各式材料",
	"health":150,
	"size": 2,
	"outputItem": {
		"item": "一型子弹材料箱", "amount": 1
	},
	"itemCapacity": 30,
	"hasPower": true,
	"hasItems": true,
	"craftTime": 90,
	"updateEffect": "mine",
	"consumes": {
		"power": 1.5
		"items": {
			"items": [
				{ "item": "copper", "amount": 10 }
			]
		},
	},
	"requirements": [
	 { "item": "lead", "amount": 30 },
		{ "item": "silicon", "amount": 20 },
		{ "item": "塑材一型", "amount": 50 },
	],
	"category": "crafting",
	"idleSound": "shootBig",
	"idleSoundVolume": 0.5,
	"research": "kiln"
}