{
	"type":"Drill",
	"name": "一号钻机",
	"description": "工业专用钻机，使用坚固材料制作的钻头能确保其开采速度稳定",
	"size": 3,
	"health": 400,
	"tier": 5,
	"drillTime": 12,
	"hasPower":false,
	"drawMineItem":true,
	"hasItems":true,
	"hasLiquids":true,
	"liquidBoostIntensity": 2,
	"itemCapacity": 80,
	"liquidCapacity": 30,
	"consumes":{
         "liquid":{"liquid": "water","amount":0.13,   	
	    "booster": true,
    	"optional": true,
    	}
    }
	"requirements": [
		{"item": "graphite", "amount": 50},
		{"item": "塑材一型", "amount": 120},	
		{"item": "碳钢", "amount": 40}
	],
	"category": "production",
    "research":"laser-drill"
}