{
	"type":"Drill",
	"name": "二号凿岩钻机",
	"description": "采矿专用钻机，使用无刷直流电动机，使开采速度更快、更强，“挖矿的艺术”,
	"health": 700,
	"size": 4,
	"tier": 7,
	"rotateSpeed": 5,
	"drillTime": 3,
	"hasPower": true,
	"drillEffect": "mineBig",
	"heatColor":"bea8a8",
	"drawMineItem":true,
	"hasItems":true,
	"hasLiquids":true,
	"itemCapacity": 50,
	"liquidCapacity": 30,
	"liquidBoostIntensity": 3,
	"consumes":{
	    "power": 7.0,
         "liquid":{"liquid": "water","amount": 0.5,
	    "booster": true,
    	"optional": true,
    	}
    }
	"requirements": [
	    {"item": "titanium", "amount":120},
		{"item": "塑材一型", "amount":130},	
		{"item": "塑材二型", "amount":100},
		{"item": "塑材三型", "amount":80},
		{"item": "碳钢", "amount":60}
	],
	"category": "production",
    "research":"一号钻机"
}