{
	"type":"MassDriver",
	"name":"二型质量驱动器",
	"description":"收集若干物品后将其射到远处的另一个驱动器里",
	"size": 3,
	"health": 2000,
	"hasPower":true,
	"hasLiquids":false,
	"hasItems":true,
	"itemCapacity": 300,//容量
	"range": 680,//范围
	"reloadTime": 120,//装弹时间
	"rotateSpeed": 0.2,//旋转速度
	"shake": 2,//射击时摇晃
	"minDistribute": 60,//？？？
	"shootEffect":"shockwave",
	"smokeEffect":"shockwave",
	"recieveEffect":"shockwave",
	"consumes":{
		"power":3.2,
	},
	"requirements":[
	    { "item": "silicon", "amount":90},
	    { "item": "塑材一型", "amount":170},
	    { "item": "塑材二型", "amount": 120},
	    { "item": "塑材三型", "amount": 80 },
   { "item": "碳钢", "amount": 80}
   ],
	"category":"distribution",
	"research": "mass-driver",
}