{
    "type": "ItemTurret",
	"name": "伯莱塔击射炮",
	"description": "造价划算，装备轻型装甲，可以发射模块化弹药",
	"size": 2,
	"health": 200,
	"shots": 1,
	"recoil": 1,
	"range": 150,
	"maxAmmo": 15,
	"inaccuracy": 2.0,//误差
	"restitution": 30,//发射间隔
	"reload": 60,
	"targetAir": false,
	"targetGround": true,
    "rotatespeed": 35,
    "ammoUseEffect": "shellEjectMedium"
    "ammo": {
		"小型标准子弹": {
			"type":"BasicBulletType",
			"bulletSprite": "[white]星辰科技[]-A1"
			"lifetime": 10,
			"speed": 15,
			"damage": 90,
			"splashDamage": 10,
			"splashDamageRadius": 4,
			"bulletWidth": 6,
			"bulletHeight": 9,
			"hitEffect":"despawn",
			"despawnEffect":"hitLancer",
			"ammoMultiplier": 1,
			"collidesTiles": 2,
			"collidesAir": false,
			"collidesTiles": true,
			"pierce": false,
			"inaccuracy": 0.5,
			"knockback": 8,
		},
		"小型达姆子弹": {
			"type":"BasicBulletType",
			"bulletSprite": "[white]星辰科技[]-AA1"
			"lifetime": 10,
			"speed": 15,
			"damage": 80,
			"splashDamage": 9,
			"splashDamageRadius": 6,
			"bulletWidth": 6,
			"bulletHeight": 9,
			"hitEffect":"despawn",
			"despawnEffect":"hitLancer",
			"ammoMultiplier": 1,
			"collidesTiles": 3,
			"collidesAir":false,
			"collidesTiles": true,
			"pierce": false,
			"inaccuracy": 0.2,
			"knockback": 10,
			"fragBullets": 5,
			"fragBullet":{
			    "type" :"FlakBulletType",
			    "collidesTiles":true,
			    "collidesAir":true,
			    "collides":true,
			    "damage": 120,
			    "bulletWidth": 4,
			    "backColor":"abdbff",
			    "frontColor":"f0f8ff",
			    "trailColor":"abdbff",
			    "bulletHeight": 7,
			    "pierce": true,
			    "speed": 8,
			    "lifetime": 6,
			    "hitEffect": "despawn",
			},
		},
    }
    "requirements": [
		{ "item": "copper", "amount": 30  },
		{ "item": "lead", "amount": 20 },
		{ "item": "塑材一型", "amount": 20 }
	],
    "category": "turret",
	"research": "arc"
}