{
	"type": "Separator",
	"name": "塑材分离机",//名字
	"description": "从丰富的矿物中分离出塑材",//介绍
	"size": 2,//占地边长
	"health": 120,//生命
	"hasPower": true,
	"hasliquid": true,
	"hasItems": true,
	"update": true,
	"spinnerLength": 2,//转子长
	"spinnerRadius": 2,//转子半径
	"spinnerThickness": 2,//转子厚薄
	"spinnerSpeed": 2,//转子速度
	"configurable": false,
	"itemCapacity": 30,
	"updateEffect": "mineHuge",
	"craftTime": 55,//工作时间60:1
	"results": [
				{ "item": "塑材一型", "amount": 3.0},
				{ "item": "塑材二型", "amount": 2.0},
				{ "item": "塑材三型", "amount": 1.0}
		],//分离产物与物品一样
	"consumes": {
		"power":1.4,
		"liquid": {
			"liquid": "slag",
			"amount": 0.22,
		}//工作消耗液体以水为例
	},//工作消耗
	"itemCapacity": 40,//物品容量
  	"liquidCapacity": 40,//液体容量
	"requirements": [
		{ "item": "graphite", "amount": 40 },
		{ "item": "silicon", "amount": 45 },
		{ "item": "塑材一型", "amount": 50 },
	],//建造消耗,第一个""之间写矿物,第二个:后写数量.
	"category": "crafting",//游戏界面分类
	"research": "duo"//科技树前一项
}

