{
	"type": "GenericSmelter",
	"name": "塑材二型生产机",
	"description": "制造通用塑材二型，一种应用在高级领域的材料.",
 "health":86,
	"outputItem": {
		"item": "塑材二型", "amount": 1
	},
	"itemCapacity": 40,
	"size": 2,
	"hasPower": true,
	"hasItems": true,
	"craftTime": 40,
	"updateEffect": "pulverizeMedium",
	"consumes": {
		"power": 1.0
		"items": {
			"items": [
				{ "item": "lead", "amount": 10 },{ "item": "titanium", "amount": 10 }
			]
		},
	},
	"requirements": [
	 { "item": "silicon", "amount": 45 },
		{ "item": "lead", "amount": 32 },
		{ "item": "graphite", "amount": 30 },
	],
	"category": "crafting",
	"idleSound": "shootBig",
	"idleSoundVolume": 0.5,
	"research": "塑材一型生产机"
}