{
	"type": "GenericSmelter",
	"name": "塑材一型生产机",
	"description": "生产通用塑材一型，该材料用途广泛.",
 "health":64,
	"outputItem": {
		"item": "塑材一型", "amount": 1
	},
	"itemCapacity": 30,
	"size": 2,
	"hasPower": true,
	"hasItems": true,
	"craftTime": 20,
	"updateEffect": "pulverizeSmall",
	"consumes": {
		"power": 0.5
		"items": {
			"items": [
				{ "item": "copper", "amount": 6 }
			]
		},
	},
	"requirements": [
	 { "item": "copper", "amount": 45 },
		{ "item": "lead", "amount": 20 },
		{ "item": "graphite", "amount": 25 },
	],
	"category": "crafting",
	"idleSound": "shootBig",
	"idleSoundVolume": 0.5,
	"research": "kiln"
}