{
    "type":"GenericSmelter",
    "name":"塶式霰弹厂",
    "description":"生产模块化制式塶式霰弹",
    "health":240,
    "size":2,
    "itemCapacity": 20,
    "outputItem": {"item": "塶式霰弹","amount": 4},
    "hasPower":true,
    "hasItems":true,
    "craftTime": 310.0,
    "updateEffect": "formsmoke",
    "consumes": {
		"power": 2.0,
		"items": {
			"items": [
				{ "item": "一型子弹材料箱","amount": 2 },{ "item": "双基火药","amount": 1 }
			]
		}
	},
	"requirements": [
		{ "item": "graphite", "amount": 100 },
		{ "item": "塑材一型", "amount": 120 },
		{ "item": "塑材二型", "amount": 90 },
		{ "item": "碳钢", "amount": 50},
	],
	"category": "crafting",
	"idleSound": "respawning",
	"research": "鳥式霰弹厂",
	"idleSoundVolume": 0.5
}