{
    "type":"LiquidBridge", 
    "name":"复合装甲导管桥",
    "description":"先进的液体传输管道，既提升了传送速度和距离也提升了耐久度.",
    "health": 500,
    "size": 1,
    "speed": 9,
    "range": 25,
    "transportTime": 1.0, 
    "liquidCapacity": 20,
    "consumes": {
		"power": 0.6}
    "hasItem":true,
 	"requirements": [
 	    { "item": "metaglass", "amount": 30 },
 	    { "item": "titanium", "amount": 30 },
		{ "item": "silicon", "amount": 20 },
		{ "item": "塑材二型", "amount": 20 },
		{ "item": "碳钢", "amount": 20 }
	],
	"category": "liquid",
	"research": "phase-conduit"
    
}