{
    "type": "Door",
	"name": "多层耐热门",
	"description": "采用多种材料混合筑成，非常坚固大小1×1点击开门或关门",
	"health": 4000,
	"size": 1,
	"openfx": "dooropen",
	"closefx": "dooropen",
	"solid":"false",
	"solidfies":"true",
	"consumesTap":"true",
	"hitTime":5,
	"maxDamageDeflect":100,
	"requirements": [
		{ "item": "塑材一型", "amount": 6},
		{ "item": "塑材二型", "amount": 6},
		{ "item": "塑材三型", "amount": 6},
		{ "item": "碳钢", "amount": 8}
	],
	"category": "defense",
	"research": "copper-wall"
}
