{
    "type": "ItemTurret",
	"name": "导气式击射炮",
	"description": "拥有较强的装甲可以发射三种类型的模块化弹药",
	"size": 4,
	"health": 2000,
	"reload": 11,
	"shots":1,
	"buildCostMultiplier": 0.6,
	"shootSound": "shoot",
	"smokeEffect": "ballfire",
	"shootSound":"炮击",
	"ammoPerShot": 1,
	"range": 320,
	"inaccuracy": 0,
	"recoil": 4,
	"restitution": 10,
	"rotatespeed": 4,
	"shootShake": 2,
	"targetAir":true
	"maxAmmo": 30,
	"coolantMultiplier":2,
	"ammoUseEffect": "shellEjectMedium",
	"ammo": {
		"小型标准子弹": {
			"type":"BasicBulletType",
			"bulletSprite": "[white]星辰科技[]-A1"
			"lifetime": 10,
			"speed": 23,
			"damage": 150,
			"splashDamage": 12,
			"splashDamageRadius": 4,
			"bulletWidth": 5,
			"bulletHeight": 8,
			"hitEffect":"despawn",
			"despawnEffect":"hitLancer",
			"ammoMultiplier": 1,
			"collidesTiles":2,
			"collidesAir": true,
			"collidesTiles": true,
			"pierce": false,
			"incendChance": 1
			"inaccuracy": 0.5,
			"knockback": 10,
		},
		"中型标准子弹":{
			"type":"ArtilleryBulletType",
			"bulletSprite": "[white]星辰科技[]-A2"
			"damage": 240,
		    "speed": 24,
		    "lifetime": 12,
		    "inaccuracy": 0.2,
		    "pierce":true,
		    "splashDamage": 20,
		    "splashDamageRadius": 6,
		    "bulletWidth": 7,
		    "bulletHeight": 15,
		    "hitEffect":"hitBulletBig",
		    "despawnEffect":"hitLancer",
		    "ammoMultiplier": 1,
			"knockback": 12,
			"collidesTiles": 3,
			"collides": true,
			"collidesAir": false,
		    "collidesTiles": true,
		},
		"大型标准子弹":{
		    "type":"ArtilleryBulletType",
		    "bulletSprite": "[white]星辰科技[]-A3"
		    "damage": 320,
		    "speed": 25,
		    "lifetime": 13,
		    "inaccuracy": 0.2,
		    "knockback": 13,
		    "pierce":true,
		    "splashDamage": 20,
		    "splashDamageRadius": 6,
		    "bulletWidth": 8,
		    "bulletHeight": 16,
		    "hitEffect":"hitBulletBig",
		    "despawnEffect":"hitLancer",
		    "ammoMultiplier": 1,
		    "collides": true,
		    "collidesAir": true,
		    "collidesTiles": true,
		    "speedMultiplier": 0.5,
		    "statusDuration": 120,
		},
		"大型高爆穿甲子弹":{
		    "type":"ArtilleryBulletType",
		    "bulletSprite": "[white]星辰科技[]-A3"
		    "damage": 380,
		    "speed": 24,
		    "lifetime": 14,
		    "inaccuracy": 0.1,
		    "knockback": 15,
		    "pierce":true,
		    "bulletWidth": 8,
		    "bulletHeight": 16,
		    "hitEffect":"hitBulletBig",
		    "despawnEffect":"hitLancer",
		    "ammoMultiplier": 1,
		    "collidesTiles": 3,
		    "collidesTiles":true,
		    "collidesAir":true,
		    "collides":true,
		    "status":"melting",//给予效果
		    "incendChance": 8,//着火几率
		    "incendAmount": 1,//着火点数量
		    "incendSpread": 0.2,//火焰蔓延范围
		    "effect":"melting",//效果
		    "statusDuration": 90,//效果持续时
		    "fragBullets": 4,
		    "fragBullet":{
		        "type":"BombBulletType",
		        "damage": 30,
		        "speed": 12,
		        "lifetime": 5,
		        "smokeEffect":"fireSmoke",
		        "hitEffect":"shootPyraFlame",
		        "incendChance": 8,//着火几率
		        "incendAmount": 4,//着火点数量
		        "incendSpread": 0.2,//火焰蔓延范围
		        "status":"melting",//给予效果
		        "statusDuration": 40,
		        "effect":"melting",
		    }
		}
	}
	"requirements": [
		{ "item": "titanium", "amount": 330 },
		{ "item": "塑材一型", "amount": 350 },
		{ "item": "塑材二型", "amount": 200 },
		{ "item": "塑材三型", "amount": 150 },
		{ "item": "碳钢", "amount": 200 },
		
	],
	"category": "turret",
	"research": "arc"
}