{
    "type": "SolidPump",
    "name": "循环抽水机",
	"description": "采用标准立式电机，使钻头进入更深的地下水源。钻取水源，在附近没有水源时使用它",
	"size":2,
	"health":200,
	"result": "water",
	"attribute": "water",
	"liquidCapacity":30,
	"pumpAmount": 0.5,
    "rotateSpeed": 1.5,
	"consumes": {
		"power": 2
	},
	"requirements": [
		{ "item": "lead", "amount": 100 },
		{ "item": "塑材一型", "amount": 80 },
		{ "item": "碳钢", "amount":10 }
	],
	"category": "production",
	"research": "laser-drill"
}