{
	"type": "itemTurret",
	"name": "来复炮",
	"description": "中型炮塔近战防御武器，可以发射模块化弹药",
	"health": 240,
	"size": 2,
	"reload": 50,
	"range": 150,
	"recoil": 2,
	"shots":6,
	"maxAmmo": 4,
	"restitution":120,
	"itemCapacity":8
	"inaccuracy": 2,
	"shootShake": 2,
	"rotatespeed": 20,
	"targetAir":false,
	"targetGround":true
	"shootSound": "shoot",
	"shootEffect": "hitFlameSmall",
	"ammoUseEffect": "shellEjectMedium"
 "ammo": {
	  "鳥式霰弹": {
		 "speed": 15,
			"damage": 20,
				"bulletSprite": "[white]星辰科技[]-B1"
			"splashDamageRadius": 20,
			"splashDamage": 10,
			"knockback": 0.4,
			"fragBullets": 3,
   "fragBullet": {
		 "speed": 4,
			"damage": 0,
			"splashDamageRadius": 20,
			"splashDamage": 10,
			"lifetime": 8,
			"bulletWidth": 13,
			"bulletHeight": 10,
			"bulletShrink": 0.9,
			"backColor": "#FFD700",
			"frontColor": "#FFF68F"  
			"hitEffect": "shootBig",
			"collides": true,
			"keepVelocity": true,
		},
			"bulletWidth": 9,
			"bulletHeight": 10,
			"shootEffect": "shootBig",
			"smokeEffect": "shootBig",
			"hitEffect": "plasticExplosion",
			"ammoMultiplier": 1,
			"lifetime":10,
			"collides":true,
			"collidesTiles":true,
			"collidesAir":false,
			"keepVelocity":true,
			"backColor": "#FFD700",
			"frontColor": "#FFF68F"  
		}
		"塶式霰弹":{
		    "speed": 15,
		    "damage": 27,
		    "bulletSprite": "[white]星辰科技[]-B2"
			"splashDamageRadius": 23,
			"splashDamage": 14,
			"knockback": 1,
			"fragBullets": 4,
	"fragBullet": {
		 "speed": 4.4,
			"damage": 1,
			"splashDamageRadius": 20,
			"splashDamage": 10,
			"lifetime": 10,
			"bulletWidth": 12,
			"bulletHeight": 10,
			"bulletShrink": 0,
			"backColor": "#FFD700",
			"frontColor": "#FFF68F"  
			"hitEffect": "shootBig",
			"collides": true,
			"keepVelocity": true,
	    },
			"bulletWidth": 10,
			"bulletHeight": 10,
			"shootEffect": "plasticExplosion",
			"smokeEffect": "shootBig",
			"hitEffect": "plasticExplosion",
			"ammoMultiplier": 1,
			"lifetime":10,
			"collides":true,
			"collidesTiles":true,
			"collidesAir":false,
			"keepVelocity":true,
			"backColor": "#FFD700",
			"frontColor": "#FFF68F"
		},
	},
	"requirements": [
	    { "item": "塑材一型", "amount": 80 },
		{ "item": "碳钢", "amount": 25 },
		
	],
	"category": "turret",
	"research": "arc"
}
