{
	"type": "GenericCrafter",
	"name": "汽油离析机",
	"description": "从黑色黄金中提取有价值的液体",
	"itemCapacity": 20,
	"size": 1,
	"health": 140,
	"hasPower": true,
	"hasLiquids": true,
	"hasItems": true,
	"craftTime": 40,
	"liquidCapacity": 150,
	"updateEffect": "smeltsmoke",
	"consumes": {
		"power": 2.0,
		"liquid": {
			"liquid": "oil",
			"amount": 1,
		}
	},
	"outputLiquid": {"liquid": "汽油", "amount": 20},
	"requirements": [
		{ "item": "塑材一型", "amount": 60 },
		{ "item": "塑材二型", "amount": 64 },
		{ "item": "碳钢", "amount": 32 }
	],
	"category": "crafting",
	"research": "rotary-pump",
	"idleSound": "respawning",
	"idleSoundVolume": 0.5
}