{
	"type":"RepairPoint",
	"name":"激光修复塔",
	"description":"使用进行远距离修复单位",
	"health": 140,
	"size": 1,
	"hasItems":false,
	"hasPower":true,
	"hasLiquids":false,
	"powerUse": 1.8,
	"repairSpeed": 0.5,
	"repairRadius": 160,
	"craftEffect":"shockwave",
	"updateEffect":"shockwave",
	"consumes": {
		"power": 0.8},
	"requirements": [
		{ "item": "塑材一型", "amount":80},
		{"item": "塑材二型","amount":60},
		{"item": "碳钢","amount":50}
	],
	"category": "units",
	"research": "repair-point",
}