{
    "type":"LaunchPad", 
    "name":"物质发射器", 
    "description":"把多余物资送入发射器，通上电就可以更快更精准的发射资源", 
    "health":400,
    "size":3, 
    "itemCapacity":300, 
    "launchTime":123, 
    "hasPower":true, 
	"consumes": {
		"power": 6.0
	},
	"requirements": [
	    { "item": "塑材一型", "amount": 300 },
	    { "item": "塑材二型", "amount": 240 },
	    { "item": "塑材三型", "amount": 200 },
		{ "item": "碳钢", "amount": 150 },
		{ "item": "surge-alloy", "amount": 50 }
	],
	"category": "effect",
	"research": "launch-pad-large"
		
}