{
	"type":"ForceProjector",
	"name":"玄武盾",
	"description":"彩蛋，未知力量加持的盾"
	"health": 3000,
	"size": 3.5,
	"radius": 150,
	"breakage": 25000,
	"cooldown": 200,
	"cooldownBrokenBase": 1.0,
	"consumes":{
		"power": 10.0,
		"items":{
			"items":[
				{"item":"phase-fabric","amount":1},
			]
			"booster":true,
		}
	}
	"requirements":[
		{ "item":"plastanium","amount": 200},	{ "item":"塑材二型","amount": 120},
		{ "item":"塑材三型","amount": 150},
		{ "item":"陨星锭","amount": 100}
	]
	"category": "effect",
}