{
	"type": "GenericSmelter",
	"name": "碳钢制造厂",
	"description": "生产轻薄坚固耐用的碳钢",
	"size": 2,
	"health": 200,
	"outputItem": {	"item": "碳钢", "amount": 1	},
	"itemCapacity": 30,
	"hasPower": true,
	"hasItems": true,
	"craftTime": 80,
	"updateEffect": "mine",
	"consumes": {
		"power": 0.5
		"items": {
			"items": [
				{ "item": "碳", "amount": 8 }
	 		{ "item": "plastanium", "amount": 2 },
			]
		},
	},
	"requirements": [
	 { "item": "graphite", "amount": 100 },
		{ "item": "titanium", "amount": 40 },
		{ "item": "silicon", "amount": 50 },
	],
	"category": "crafting",
	"idleSound": "shootBig",
	"idleSoundVolume": 0.2,
	"research": "kiln"
}