{
    "type": "Pump",
    "name": "离心泵",
    "description": "叶轮旋转时产生的离心力来输送大量液体",
    "size": 3,
    "health": 300,
	"liquidCapacity": 300,
    "hasLiquids": true,
    "pumpAmount": 4.0,
    "consumes": {
    "power":3.0
	},
    "requirements": [
		{"item": "metaglass", "amount": 80},
		{"item": "titanium", "amount": 80},
		{"item": "塑材一型", "amount": 120},
		{"item": "塑材二型", "amount": 100},
	],
	"category": "liquid",
	"research": "thermal-pump"
}