{
	"type": "ImpactReactor",
	"name": "脉冲反应堆",
	"description": "能在很短时间使间隔内达到超临界状态，从而产生超高脉冲功率和很强的能量，并能安全可靠地多次重复运行",
	"size": 4,
	"health": 1200,
	"hasPower": true,
	"hasLiquids": true,
	"hasItems": false,
	"itemDuration": 50,
	"powerProduction": 220,
	"liquidCapacity": 60,
	"consumes": {
	    "power": 35.0,
		"liquid": {
			"liquid": "cryofluid",
			"amount": 0.25
		}
	},
	"requirements": [
	    { "item": "silicon", "amount": 120 },
		{ "item": "塑材一型", "amount": 280 },
		{ "item": "塑材二型", "amount": 250 },
		{ "item": "塑材三型", "amount": 180 },
		{ "item": "碳钢", "amount": 160 },
		{ "item": "陨星锭", "amount": 100},
	],
	"category": "power",
	"research": "impact-reactor"
}
