{
    "type": "OverdriveProjector",
	"name": "超频加速器",
	"description":"使用了最新的5G技术，使加速度更快",
	"health": 200,
	"size": 2,
	"range": 120,
	"reload": 12,
	"speedBoost": 2,
	"phaseBoost": 4,
	"consumes": {
		"power": 5.0,
        "items":{
			"items":[
					{ "item":"phase-fabric","amount": 1 }
			]
			"booster":true
			"optional": true
		}
	},
	"requirements": [
	    { "item":"塑材一型","amount": 120},
	    { "item":"塑材二型","amount": 150},
	    { "item":"塑材三型","amount": 200 },	
	    {"item":"碳钢","amount": 180}
	],
	"category":"effect",
	"research": "overdrive-projector"
}