{
	"type": "GenericSmelter",
	"name": "陨铁冶炼厂",
	"description": "生产重量中等坚固更高的标准立方陨星锭",
	"size": 2,
	"health": 220,
	"outputItem": {	"item": "陨星锭", "amount": 1	},
	"itemCapacity": 30,//容量
	"hasPower": true,//是否需要能量
	"hasItems": true,//是否需要物品
	"craftTime": 95,//工作时间
	"updateEffect": "blastsmoke",//特效
	"consumes": {
		"power": 1.2
		"items": {
			"items": [
				{ "item": "稀土", "amount": 4 },
				{ "item": "碳", "amount": 8 },
			]
		},
	},
	"requirements": [
	    { "item": "lead", "amount": 90},
	    { "item": "塑材一型", "amount": 80},
	    { "item": "塑材二型", "amount": 70},
	    { "item": "碳钢", "amount": 60 },
	],
	"category": "crafting",
	"idleSound": "shootBig",
	"idleSoundVolume": 0.4,
	"research": "碳钢制造厂"
}