{
    "type":"SolidPump",
	"name":"顿式石油钻井",
	"description":"钻开深层岩石，从地下获取石油",
	"size": 3,
	"health": 850,
    "result":"oil",
    "pumpAmount": 0.85,
    "liquidCapacity": 160,
    "rotateSpeed": 1.5,
    "attribute":"oil",
    "consumes":{
		"power": 3.0
	}
    "requirements":[
		{"item":"graphite","amount": 120},
    	{"item":"silicon","amount": 50}
		{"item":"塑材一型","amount": 140}
		{"item":"塑材二型","amount": 90},
		{"item":"碳钢","amount": 40}
	],
    "category":"production",
    "research":"循环抽水机"
}