{
	"type": "GenericSmelter",
	"name": "高爆穿甲弹工厂",
	"description": "生产枪械所使用的加强型制式子弹",
	"health":160,
	"size": 3,
	"outputItem": {
		"item": "大型高爆穿甲子弹", "amount": 1
	},
	"itemCapacity": 20,
	"hasPower": true,
	"hasItems": true,
	"craftTime": 240,
	"updateEffect": "magmasmoke",
	"consumes": {
		"power": 3.4,
		"items": {
			"items": [
			    { "item": "二型子弹材料箱", "amount": 1 },
				{ "item": "blast-compound", "amount": 1 },
				{ "item": "plastanium", "amount": 1 }
			]
		},
	},
	"requirements": [
	    { "item": "塑材一型", "amount": 140 },
		{ "item": "塑材二型", "amount": 100 },
		{ "item": "塑材三型", "amount": 80 },
		{ "item": "碳钢", "amount": 80 },
	],
	"category": "crafting",
	"idleSound": "shootBig",
	"idleSoundVolume": 0.5,
	"research": "大型子弹工厂"
}