{
    "type":"GenericSmelter",
    "name":"鳥式霰弹厂",
    "description":"生产模块化制式鳥式霰弹",
    "health":240,
    "size":2,
    "itemCapacity": 20,
    "outputItem": {"item": "鳥式霰弹","amount": 6},
    "hasPower":true,
    "hasItems":true,
    "craftTime": 300.0,
    "updateEffect": "smeltsmoke",
    "consumes": {
		"power": 1.0,
		"items": {
			"items": [
				{ "item": "一型子弹材料箱","amount": 1 },
				{ "item": "双基火药","amount": 1 }
			]
		}
	},
	"requirements": [
		{ "item": "塑材一型", "amount": 120 },
		{ "item": "塑材二型", "amount": 120 },
		{ "item": "碳钢", "amount": 50},
	],
	"category": "crafting",
	"idleSound": "respawning",
	"research": "塑材一型生产机",
	"idleSoundVolume": 0.5
}