{
	"type": "flying",
	"name": "地动诱饵",
	"speed": 0.6,
	"rotateSpeed": 0,
	"logicControllable": false,
	"playerControllable": false,
	"useUnitCap": false,
	"isEnemy": false,
	"physics": false,
	"allowedInPayloads": false,
	"hidden": true,
	"targetGround": false,
	"abilities": [
		{
			"type": "StatusFieldAbility",
			"duration": 60,
			"reload": 120,
			"range": 1,
			"applyEffect": "none",
			"activeEffect": "none",
			"effect": "拆解"
		}
	],
	"ammoType": {
		"type": "PowerAmmoType",
		"totalPower": 100
	},
	"ammoCapacity": 30,
	"hitSize": 16,
	"flying": true,
	"faceTarget": false,
	"health": 190,
	"engineOffset": 0,
	"engineSize": 0,
	"weapons": [
		{
			"name": "地动诱饵1",
			"x": 0,
			"y": 0,
			"reload": 180,
			"shoot": {
				"shots": 30,
				"shotDelay": 2
			},
			"mirror": false,
			"rotate": false,
			"shootSound": "missile",
			"inaccuracy": 360,
			"shootCone": 360,
			"bullet": {
				"type": "FlakBulletType",
				"killShooter": true,
				"damage": 115,
				"status": "slow",
				"statusDuration": 180,
				"homingRange": 300,
				"homingPower": 0.15,
				"splashDamageRadius": 35,
				"splashDamage": 25,
				"weaveMag": 4,
				"weaveScale": 4,
				"shootEffect": "none",
				"smokeEffect": "none",
				"hitEffect": {
					"type": "MultiEffect",
					"effects": [
						{
							"type": "ParticleEffect",
							"particles": 8,
							"sizeFrom": 3,
							"sizeTo": 0,
							"length": 25,
							"baseLength": 0,
							"lifetime": 25,
							"colorFrom": "c0ecff",
							"colorTo": "FFFFFF"
						},
						{
							"type": "WaveEffect",
							"lifetime": 15,
							"sizeFrom": 1,
							"sizeTo": 8,
							"strokeFrom": 8,
							"strokeTo": 0,
							"colorFrom": "c0ecff",
							"colorTo": "c0ecff"
						}
					]
				},
				"despawnEffect": {
					"type": "ParticleEffect",
					"particles": 1,
					"sizeFrom": 1,
					"sizeTo": 0,
					"length": 0,
					"baseLength": 0,
					"lifetime": 8,
					"colorFrom": "c0ecff",
					"colorTo": "FFFFFF"
				},
				"sprite": "circle-bullet",
				"trailChance": 0.1,
				"trailInterval": 1,
				"trailEffect": {
					"type": "ParticleEffect",
					"particles": 3,
					"length": 0,
					"baseLength": 0.5,
					"lifetime": 95,
					"cone": 60,
					"colorFrom": "c0ecff",
					"colorTo": "c0ecff",
					"sizeFrom": 1.3,
					"sizeTo": 0
				},
				"frontColor": "FFFFFF",
				"backColor": "c0ecff",
				"trailLength": 11,
				"trailWidth": 2,
				"trailColor": "c0ecff",
				"drag": -0.002,
				"width": 4,
				"height": 4,
				"speed": 9,
				"lifetime": 60
			}
		}
	]
}