{
    "type": "missile",
    "template": "MissileUnitType",
    "name": "天柱内爆弹",
    "armor": 48,
    "speed": 4,
    "lifetime": 200,
    "rotateSpeed": 1.6,
    "hitSize": 17,
    "health": 2240,
    "hidden": true,
    "deathSound": "explosionbig",
    "loopSoundVolume": 0.05,
    "missileAccelTime": 60,
    "homingDelay": 45,
    "engineLayer": 110,
    "engineOffset": 14,
    "engineSize": 4.5,
    "engineColor": "EEC591",
	"trailColor": "EEC591",
    "trailLength": 42,
    "targetAir": true,
    "immunities": [
        "electrified","disarmed",
		"sapped","shocked","slow","unmoving",
		"corroded","拆解","干扰",
		"绝判","崩溃"
	],
	"abilities": [
		{
			"type": "RegenAbility",
			"percentAmount": 0.01
		},
		{
			"type": "MoveEffectAbility",
			"effect": {
				"type": "ParticleEffect",
				"particles": 4,
				"sizeFrom": 6,
				"sizeTo": 0,
				"length": 44,
				"lifetime": 80,
				"layer": 91,
				"interp": "pow3Out",
				"sizeInterp": "pow10In",
				"colorFrom": "EEC591AA",
				"colorTo": "EEC59100"
			},
			"interval": 3,
			"y": -8
		},
        {
            "type": "StatusFieldAbility",
            "duration": 10,
            "reload": 25,
            "range": -1,
            "applyEffect": "none",
            "activeEffect": "none",
            "effect": "shielded"
        }
    ],
        "maxRange": 80,
        "weapons": [
            {
                "name": "自爆",
                "reload": 1,
                "shake": 6,
                "mirror": false,
                "rotate": true,
                "shootSound": "none",
                "shootOnDeath": true,
                "shootCone": 360,
                "bullet": {
                    "lifetime": 2.5,
                    "instantDisappear": true,
                    "collides": false,
                    "hitSound": "titanExplosion",
                    "hitSoundVolume": 4.5,
                    "killShooter": true,
                    "pierceArmor": true,
                    "scaledSplashDamage": true,
                    "splashDamageRadius": 96,
                    "splashDamage": 3880,
                    "buildingDamageMultiplier": 1.5,
                    "status": "绝判",
                    "statusDuration": 320,
                    "hitShake": 14,
                    "hitEffect": {
                        "type": "MultiEffect",
                        "effects":[
                            {
                                "type": "ParticleEffect",
                                "particles": 1,
                                "sizeFrom": 96,
                                "sizeTo": 72,
                                "length": 0,
                                "baseLength": 0,
                                "lifetime": 60,
                                "sizeInterp": "pow5In",
                                "colorFrom": "EEC591CC",
                                "colorTo": "EEC59100"
                            },
                            {
                                "type": "ParticleEffect",
                                "particles": 18,
                                "sizeFrom": 16,
                                "sizeTo": 0,
                                "length": 120,
                                "baseLength": 8,
                                "interp": "pow10Out",
                                "sizeInterp": "pow10In",
                                "lifetime": 90,
                                "colorFrom": "EEC59160",
                                "colorTo": "EEC591CC"
                            },
                            {
                                "type": "ExplosionEffect",
                                "lifetime": 40,
                                "waveColor": "EEC591",
                                "smokeColor": "EEC591",
                                "smokes": 32,
                                "smokeRad": 125,
                                "smokeSize": 22,
                                "smokeSizeBase": 3,
                                "waveStroke": 5,
                                "waveRad": 96,
                                "waveLife": 25
                            },
                            {
                                "type": "ParticleEffect",
                                "particles": 32,
                                "line": true,
                                "strokeFrom": 8,
                                "strokeTo": 0,
                                "interp": "pow3Out",
                                "sizeInterp": "pow5In",
                                "lenFrom": 30,
                                "lenTo": 0,
                                "length": 144,
                                "baseLength": 36,
                                "lifetime": 60,
                                "colorFrom": "EEC591",
                                "colorTo": "EEC591"
                            },
                            {
                                "type": "WaveEffect",
                                "lifetime": 40,
                                "sizeFrom": 0,
                                "sizeTo": 120,
                                "strokeFrom": 16,
                                "strokeTo": 0,
                                "interp": "pow10Out",
                                "colorFrom": "EEC591",
                                "colorTo": "EEC591"
                            }
                        ]
                    }
                }
            }
        ]
    }