{
    "type": "missile",
    "template": "MissileUnitType",
    "name": "天柱巡飞弹",
    "armor": 32,
    "speed": 6,
    "lifetime": 165,
    "hitSize": 10,
    "health": 1100,
    "hidden": true,
    "loopSoundVolume": 0.03,
    "missileAccelTime": 32,
    "homingDelay": 32,
    "engineLayer": 110,
    "engineOffset": 10,
    "engineSize": 3,
    "trailLength": 35,
    "targetAir": true,
    "immunities": [
        "electrified","disarmed",
		"sapped","shocked","slow","unmoving",
		"corroded","拆解","干扰",
		"绝判","崩溃"
	],
    "abilities": [
        {
            "type": "StatusFieldAbility",
            "duration": 10,
            "reload": 30,
            "range": -1,
            "applyEffect": "none",
            "activeEffect": "none",
            "effect": "shielded"
        }
        ],
        "maxRange": 35,
        "parts": [
            {
                "type": "RegionPart",
                "mirror": true,
                "under": true,
                "layerOffset": -0.001,
                "x": 4,
                "y": -4,
                "rotation": -45,
                "moveX": 3.5,
                "moveY": 4,
                "moveRot": 25,
                "suffix": "-翼",
                "progress":{ 
                "type": "life",
                "op":"curve",
                "interp":"pow3Out"
            }
            }
        ],
        "weapons": [
            {
                "name": "自爆",
                "reload": 1,
                "shake": 6,
                "mirror": false,
                "rotate": true,
                "shootSound": "none",
                "shootOnDeath": true,
                "shootCone": 360,
                "bullet": {
                    "lifetime": 2.5,
                    "instantDisappear": true,
                    "collides": false,
                    "hitSound": "titanExplosion",
                    "killShooter": true,
                    "pierceArmor": true,
                    "damage": 240,
                    "splashDamageRadius": 50,
                    "splashDamage": 550,
                    "buildingDamageMultiplier": 1.6,
                    "status": "崩溃",
                    "statusDuration": 90,
                    "hitShake": 8,
                    "hitEffect": {
                        "type": "ExplosionEffect",
                        "lifetime": 25,
                        "waveColor": "FEEBB3",
                        "smokeColor": "FEEBB3",
                        "smokes": 15,
                        "smokeRad": 50,
                        "smokeSize": 8,
                        "smokeSizeBase": 3,
                        "waveStroke": 5,
                        "waveRad": 60,
                        "waveLife": 20
                    }
                }
            }
        ]
    }