{
    "type": "missile",
    "template": "MissileUnitType",
    "name": "顽冥磁暴雷",
    "armor": 40,
    "speed": 7,
    "lifetime": 115,
    "rotateSpeed": 6,
    "hitSize": 10,
    "health": 960,
    "hidden": true,
    "loopSoundVolume": 0.02,
    "missileAccelTime": 20,
    "homingDelay": 20,
    "engineLayer": 110,
    "engineOffset": 1.8,
    "engineSize": 1.4,
    "engineColor": "FF5B5B",
	"trailColor": "FF5B5B",
    "trailLength": 6,
    "targetAir": true,
    "immunities": [
        "blasted","burning","electrified",
        "freezing","melting","disarmed",
        "sapped","shocked","slow",
        "tarred","unmoving","wet",
        "spore-slowed","corroded","标记","裂位标记",
        "拆解","干扰","绝判","油蚀",
        "碎解","阳电","阴电","崩溃","崩解",
        "殁火","急冻","失衡"
    ],
    "abilities": [
        {
            "type": "StatusFieldAbility",
            "duration": 10,
            "reload": 20,
            "range": -1,
            "applyEffect": "none",
            "activeEffect": "none",
            "effect": "御守"
        },
        {
            "type":"MoveLightningAbility",
            "damage": 28,
            "length": 22,
            "chance": 0.15,
            "bulletSpread":270,
            "color":"FF5B5B"
            
        }
    ],
    "parts": [
        {
            "type": "FlarePart",
            "sides":4,
            "radius": 0,
            "radiusTo": 36,
            "stroke": 2.5,
            "rotation":45,
            "y":-2,
            "color1": "FF5B5B",
            "followRotation": true,
            "progress":{ 
            "type": "life",
            "op":"curve",
            "interp":"pow3Out"
        }
        }
    ],
    "maxRange": 36,
    "weapons": [
        {
            "name": "自爆",
            "reload": 1,
            "shake": 6,
            "mirror": false,
            "rotate": true,
            "shootSound": "none",
            "shootOnDeath": true,
            "shootCone": 360,
            "bullet": {
                "lifetime": 2.5,
                "instantDisappear": true,
                "collides": false,
                "hitSound": "titanExplosion",
                "killShooter": true,
                "pierceArmor": true,
                "scaledSplashDamage": true,
                "damage": 150,
                "splashDamageRadius": 48,
                "splashDamage": 275,
                "buildingDamageMultiplier": 1.667,
                "lightning": 5,
                "lightningDamage": 68,
                "lightningLength": 15,
                "lightningLengthRand": 10,
                "lightningColor": "FF5B5B",
                "status": "碎解",
                "statusDuration": 90,
                "hitShake": 8,
                "hitEffect": {
                    "type": "WrapEffect",
                    "effect":"dynamicSpikes",
                    "color": "FF5B5B",
                    "rotation": 48
                }
            }
        }
    ]
}