{"type": "BurstDrill",
"name":"中型冲击钻",
"description": "小型的冲击钻，挤出了多余的空间。以便放出别的建筑。需要蒸汽才能运作。",
"tier":4
"health": 750,
"drillTime":370,
"arrowSpacing":3
//"heatRequirement": 30,
"itemCapacity":60
"liquidCapacity": 60,/*液体容量*/
"fogRadius":20
"shake":4.5
"arrowOffset":0
"arrowglowColor":"FCF387FF"
"glowColor":"FCF387FF"
"size":3
"research":"impact-drill"
"category":"production",
"consumes": { "power": 1.5
"liquid": {
			"liquid":"蒸汽",
			"amount":0.1,
		}
		}
		"arrows":3//是钻头上面的箭头数量
"requirements": [
        "beryllium/50",
        "graphite/50",
        "silicon/30"
    ],
"shake" : 4.5
}