{
"type":"WallCrafter",
"name":"小型墙壁粉碎机",
"description":"最小单位体积的粉碎机，不需要电力和其他液体。直接粉碎墙壁产生沙子。",
"ambientSound":"drill",
"health":80,
"size":1,
"rotateSpeed":1.5,
"drillTime":100,
"output":"sand",
"requirements":[
"beryllium/10",
//"tungsten/30",
//"silicon/30"
//"oxide/20"
],
"category":"production",
"consumes":{//运作
		"liquid": {
	"liquid": "nitrogen", "amount": 0.1,//液体消耗
		"booster":true,//加速
		"optional": true//可选
	},
	},
	  //   	} ,
"research": {
	"parent": "小型等离子钻机"//科技树前置
		}
}
