{"type": "BurstDrill",
"name":"爆裂氧化冲击钻",
"description": "一种新型的特殊钻头，使用的是氮气。(别看这个钻头是黄色的，跟巨浪合金无关)",
"tier":6
"health": 3200,
"drillTime":240,
"arrowSpacing":3
//"heatRequirement": 30,
"itemCapacity":60
"liquidCapacity": 60,/*液体容量*/
"fogRadius":20
"shake":4.5
"arrowOffset":0
"arrowglowColor":"FCF387FF"
"glowColor":"FCF387FF"
"size":5
"research":"impact-drill"
"category":"production",
"consumes": { "power": 7.5
"liquid": {
			"liquid":"ozone",
			"amount":0.1,
		}
		}
		"arrows":2//是钻头上面的箭头数量
"requirements": [
    ///    "beryllium/200",
        "tungsten/250"
        "thorium/150",
        "silicon/250"
        "oxide/40"
   //     "thorium/50"
   ///   "carbide/12"
   //     "surge-alloy/40"
    ],
"shake" : 4.5
}