{ 
     "type":"PointDefenseTurret",
     "name":"光子拦截束", 
     "description":"高能光子会破坏来袭子弹的结构，令其蒸发", 
     "health":1560,
	     "size":2,
     "rotateSpeed":10,
	 "range":300,
	 "reload":2,
	 "shootLength":20,
	 "inaccuracy": 15,
	 "bulletDamage": 100,
	 "hasPower":true
"consumes": {
		"power":12

	},
	  "requirements": [
		{ "item": "copper", "amount": 700},
		{ "item": "lead", "amount": 700},
		{ "item": "graphite", "amount": 600},
		{ "item": "silicon", "amount": 600},
		{ "item": "钛晶", "amount": 80 }
		{ "item": "离子合金", "amount": 40 }
		{ "item": "thorium", "amount": 200 },
		{ "item": "plastanium", "amount": 200 },
		{ "item": "titanium", "amount": 200 },
	],
	"category": "turret",
	"research": "segment"
	 
	 
	 
	 
	 
}
