{
	"type": "PowerTurret",
	"size": 1,
	"name":"光剑",
	"description":"小型蓝瑟炮",
	"health": 280,
	"reload": 60,
	"range": 140,
	"inaccuracy": 0,
	"shoot": {
        "type": "ShootAlternate",
        "barrels": 1,
        "spread": 0
        "shots" : 1,
    },
	"targetAir" : true, 
	"targetGround" : true,
	"recoilAmount" : 1.5,
	"restitution" : 0.04, 
	"rotateSpeed": 80,
	"shootSound" : "lasershoot",
    "consumes": {
        "power": 1.5,
        "coolant": {
            "amount": 0.1,
            "optional": true
        }
    },
	"hasPower" : true,
	"shootType" : {
		"type" : "LaserBulletType",
                   "length" : 160,
                    "damage" : 50,
                    "width" : 15,
              "despawnEffect":"none"
                    "lifetime" : 65,
              "hitEffect":"hitLancer"
             
	},
	"requirements": [
		{ "item": "copper", "amount": 70},
		{ "item": "lead", "amount": 70},
		],
	"category": "turret",
	"research": "arc"
}