{
	"type": "ItemTurret",
	"size": 1,
	"name":"双管连射机枪",
	"description":"加强双管炮，特别是射速",
	"health": 280,
	"reload": 3.5,
	"xRand" : 2,
	"maxAmmo": 100,
	"range": 150,
	"shootSound" : "shoot",
	"lifetime": 4,
	"shoot": {
        "type": "ShootAlternate",
        "barrels": 2,
        "spread": 4
        "Cone":2
        	"shots" :1,
    },
	"inaccuracy": 4,
	"rotateSpeed": 10,
	"ammoUseEffect" : "casing1",
	
	"ammoTypes": {
		"copper": {
			"type" : "BasicBulletType",
			"damage": 12,
			"height": 12,
			"width" : 7,			
			"speed": 5.0,
			"lifetime": 50,
			"ammoMultiplier": 2	,
			"smokeEffect": "shootSmallSmoke"
		},
		"graphite": {
			"type" : "BasicBulletType",
			"damage": 24,
			"height": 12,
			"width" : 7,			
			"speed": 5.0,
			"lifetime": 50,
			"ammoMultiplier": 4,
			"reloadMultiplier": 0.6,	
			"smokeEffect": "shootSmallSmoke"
		},
		"pyratite": {
			"type" : "BasicBulletType",
			"status" : "burning",
			"damage": 15,
			"height": 12,
			"width" : 7,			
			"speed": 5.0,
			"lifetime": 50,
			"ammoMultiplier": 2	,	
			"frontColor": "FEB380",
			"backColor": "EA8878",
			"smokeEffect": "shootSmallSmoke"
		},
		"silicon": {
			"type" : "MissileBulletType",
			"damage": 15,
			"height": 12,
			"width" : 7,			
			"speed": 5.0,
			"homingPower" : 0.04,
			"reloadMultiplier": 1.5,
			"lifetime": 60,
			"ammoMultiplier": 5	,
			"smokeEffect": "shootSmallSmoke"
		},
		"titanium": {
			"type" : "BasicBulletType",
			"damage": 18,
			"height": 12,
			"width" : 7,			
			"speed": 5.0,
			"lifetime": 60,
			"pierce": true,
			"ammoMultiplier": 2	,
			"reloadMultiplier": 1.2,
			"smokeEffect": "shootSmallSmoke"
		}
	},
		
	"requirements": [
		{ "item": "copper", "amount": 35 },
		{ "item": "lead", "amount": 35 },
		{ "item": "graphite", "amount":5 }
	],
	"category": "turret",
	"research": "duo"
}