{
    "type": "ItemTurret",
    "researchCostMultiplier": 8,
    "name":"歼星",
	"description":"具有击穿星球之力"
    "size": 14,
    "health": 36000,
    "range": 10000,
    "consumes": {"power": 100},
    "shoot": {
        "type": "ShootAlternate",
        "barrels": 1,
        "spread": 0
        "shots" : 1,
    },
    "burstSpacing": 10,
    "reload": 1200,
    "inaccuracy": 0,
    "ammoPerShot": 50,
    "maxAmmo": 450,
    	"buildCostMultiplier": 50
    "targetAir": true,
    "targetGround": true,
    "recoilAmount": 4,
    "shootShake": 1,
    "restitution": 0.05,
    "shootSound": "laser",
    "chargeSound": "lasercharge",
	"chargeTime" : 240,
	"chargeEffects" : 1,
	"chargeBeginEffect": {
    "type": "ParticleEffect",
    "particles": 1,
    "sizeFrom": 0,
    "sizeTo": 100,
    "length": 0,
    "lifetime": 240,
    "colorFrom": "FFFFFFFF",
    "colorTo": "FFFFFFFF",
    "cone": 360
},
	"chargeEffect": {
	    "type": "MultiEffect",
	    "lifetime": 240,
	    "effects": [
	   {     
        "type": "WaveEffect",
        "lifetime": 240,
        "sizeFrom": 0,
        "sizeTo": 120,
        "strokeFrom": 0,
        "strokeTo": 6,
        "colorFrom": "FFFFFFFF",
        "colorTo": "ffffffff"
	   },
	   {     
        "type": "WaveEffect",
        "lifetime": 60,
        "sizeFrom": 120,
        "sizeTo": 0,
        "strokeFrom": 0,
        "strokeTo": 6,
        "colorFrom": "FFFFFFFF",
        "colorTo": "ffffffff"
	   },
	   {     
        "type": "WaveEffect",
        "lifetime": 120,
        "sizeFrom": 240,
        "sizeTo": 0,
        "strokeFrom": 0,
        "strokeTo": 6,
        "colorFrom": "FFFFFFFF",
        "colorTo": "ffffffff"
	   },
	   {     
        "type": "WaveEffect",
        "lifetime": 180,
        "sizeFrom": 360,
        "sizeTo": 0,
        "strokeFrom": 0,
        "strokeTo": 6,
        "colorFrom": "FFFFFFFF",
        "colorTo": "ffffffff"
	   },
	   {     
        "type": "WaveEffect",
        "lifetime": 240,
        "sizeFrom": 480,
        "sizeTo": 0,
        "strokeFrom": 0,
        "strokeTo": 6,
        "colorFrom": "FFFFFFFF",
        "colorTo": "ffffffff"
	   },
	   {     
        "type": "WaveEffect",
        "lifetime": 240,
        "sizeFrom": 120,
        "sizeTo":120,
        "strokeFrom": 6,
        "strokeTo": 6,
        "sides":4
            "rotation":3600
        "colorFrom": "FFFFFFFF",
        "colorTo": "ffffffff"
	   },
	   {     
        "type": "WaveEffect",
        "lifetime": 240,
        "sizeFrom": 120,
        "sizeTo":120,
        "strokeFrom": 6,
        "strokeTo": 6,
        "sides":6
            "rotation":3600
        "colorFrom": "FFFFFFFF",
        "colorTo": "ffffffff"
	   },
	   {     
        "type": "WaveEffect",
        "lifetime": 240,
        "sizeFrom": 120,
        "sizeTo":120,
        "strokeFrom": 6,
        "strokeTo": 6,
        "sides":8
            "rotation":3600
        "colorFrom": "FFFFFFFF",
        "colorTo": "ffffffff"
	   },
	   {     
        "type": "WaveEffect",
        "lifetime": 240,
        "sizeFrom": 120,
        "sizeTo":120,
        "strokeFrom": 6,
        "strokeTo": 6,
        "sides":10
            "rotation":3600
        "colorFrom": "FFFFFFFF",
        "colorTo": "ffffffff"
	   },
	   {     
        "type": "WaveEffect",
        "lifetime": 240,
        "sizeFrom": 240,
        "sizeTo":240,
        "strokeFrom": 6,
        "strokeTo": 6,
        "sides":4
            "rotation":3600
        "colorFrom": "FFFFFFFF",
        "colorTo": "ffffffff"
	   },
	   {     
        "type": "WaveEffect",
        "lifetime": 240,
        "sizeFrom": 240,
        "sizeTo":240,
        "strokeFrom": 6,
        "strokeTo": 6,
        "sides":6
            "rotation":3600
        "colorFrom": "FFFFFFFF",
        "colorTo": "ffffffff"
	   },
	   {     
        "type": "WaveEffect",
        "lifetime": 240,
        "sizeFrom": 240,
        "sizeTo":240,
        "strokeFrom": 6,
        "strokeTo": 6,
        "sides":8
            "rotation":3600
        "colorFrom": "FFFFFFFF",
        "colorTo": "ffffffff"
	   },
	   {     
        "type": "WaveEffect",
        "lifetime": 240,
        "sizeFrom": 240,
        "sizeTo":240,
        "strokeFrom": 6,
        "strokeTo": 6,
        "sides":10
            "rotation":3600
        "colorFrom": "FFFFFFFF",
        "colorTo": "ffffffff"
	   },
	   {     
        "type": "WaveEffect",
        "lifetime": 240,
        "sizeFrom": 480,
        "sizeTo":480,
        "strokeFrom": 6,
        "strokeTo": 6,
        "sides":4
            "rotation":3600
        "colorFrom": "FFFFFFFF",
        "colorTo": "ffffffff"
	   },
	   {     
        "type": "WaveEffect",
        "lifetime": 240,
        "sizeFrom": 480,
        "sizeTo":480,
        "strokeFrom": 6,
        "strokeTo": 6,
        "sides":6
            "rotation":3600
        "colorFrom": "FFFFFFFF",
        "colorTo": "ffffffff"
	   },
	   {     
        "type": "WaveEffect",
        "lifetime": 240,
        "sizeFrom": 480,
        "sizeTo":480,
        "strokeFrom": 6,
        "strokeTo": 6,
        "sides":8
            "rotation":3600
        "colorFrom": "FFFFFFFF",
        "colorTo": "ffffffff"
	   },
	   {     
        "type": "WaveEffect",
        "lifetime": 240,
        "sizeFrom": 480,
        "sizeTo":480,
        "strokeFrom": 6,
        "strokeTo": 6,
        "sides":10
            "rotation":3600
        "colorFrom": "FFFFFFFF",
        "colorTo": "ffffffff"
	   },
	   {     
    "type": "ParticleEffect",
    "particles": 10,
    "sizeFrom": 100,
    "sizeTo": 0,
    "length": 45,
    "baseLength": -45,
    "lifetime": 180,
    "colorFrom": "ffffffff",
    "colorTo": "FFFFFFFF",
    "cone": 360
	   }
	   {     
    "type": "ParticleEffect",
    "particles": 10,
    "sizeFrom": 20,
    "sizeTo": 0,
    "length": 45,
    "baseLength": -45,
    "lifetime": 240,
    "colorFrom": "ffd37f",
    "colorTo": "ffd37f",
    "cone": 360
	   }
	   ]
	},
    "hasPower": true,
    "powerUse": 200000,
    "ammoTypes": {
    "超核":{
			"type" : "pointBulletType",
			"damage": 5000000,
			"lightningColor": "bbdefb",
			"lightning": 10,
			"lightningLength": 100,
			"lightningDamage": 100000,
			"ammoMultiplier": 3,
			"pierce": true,
			"speed": 10000,
			"trailSpacing": 20,
			"collidesTiles" : true,
			"buildingDamageMultiplier": 100,
			"trailColor": "90caf9",
	        "trailEffect": {
	        "type": "MultiEffect"
        "lifetime": 60
        "effects": [
          {
            "type": "WaveEffect"
            "sizeFrom": 0
            "sizeTo": 70
            "lifetime": 45
            "sides":3
            "colorFrom": "FFFFFF"
            "colorTo": "FFFFFF"
            "strokeFrom": 5
            "strokeTo": 0
          }
          {
            "type": "WaveEffect"
            "sizeFrom": 0
            "sizeTo": 70
            "lifetime": 45
            "sides":3
            "rotation":60
            "colorFrom": "FFFFFF"
            "colorTo": "FFFFFF"
            "strokeFrom": 5
            "strokeTo": 0
          }
          {
            "type": "ParticleEffect"
            "particles": 1
            "length": 120
            "region": "增强工业-wide",
            "lifetime": 45
            "sizeFrom": 1
            "sizeTo": 1
            "colorFrom": "FFFFFF"
           "colorTo": "FFFFFF"
          }
        ]
      }
	"despawnEffect": {
    "type": "WaveEffect",
    "lifetime": 120,
    "sizeFrom": 0,
    "sizeTo": 400,
    "strokeFrom": 4,
    "strokeTo": 8,
    "colorFrom": "bbdefb",
    "colorTo": "90caf9"
	        },
	"hitEffect": {
    "type": "WaveEffect",
    "lifetime": 120,
    "sizeFrom": 0,
    "sizeTo": 400,
    "strokeFrom": 4,
    "strokeTo": 8,
    "colorFrom": "bbdefb",
    "colorTo": "90caf9"
    }
},
}
    "requirements": [
		{ "item": "thorium", "amount": 2500 },
		{ "item": "plastanium", "amount": 3000 },
		{ "item": "silicon", "amount": 3000 },
		{ "item": "graphite", "amount": 3000 },
		{ "item": "titanium", "amount": 2500 },
		{ "item": "copper", "amount": 5000 },
		{ "item": "lead", "amount": 5000 }, 
		{"item":"phase-fabric","amount":1400},
		{ "item": "钛晶", "amount": 2500 }
		{ "item": "surge-alloy", "amount": 1100},
		{ "item": "离子合金", "amount": 1500 }
		{ "item": "中子合金", "amount": 500 }
		{ "item": "超核", "amount": 400 }
    ],
    "category": "turret",
    "research": "duo"
}
