{
	"type": "PowerTurret",
	"size": 2,
	"name":"破散",
	"description":"激发电子团，并高速抛射出去来攻击",
	"health": 180,
	"reload": 5,
	"range": 160,
	"inaccuracy": 8,
"shoot": {
        "type": "ShootSpread",
        "barrels": 1,
        "spread": 1
        "Cone":4
        	"shots" :4,
    },
	"targetAir" : true, 
	"targetGround" : true,
	"recoilAmount" : 1.5,
	"restitution" : 0.04, 
	"rotateSpeed": 8,
	"shootSound" : "lasershoot",
    "consumes": {
        "power": 4,
        "coolant": {
            "amount": 0.2,
            "optional": true
        }
    },
	"hasPower" : true,
	"shootType" : {
		"type" : "BasicBulletType",
		"speed": 6.0,
		"lifetime" : 40,
		"damage": 18,
		"height" : 20,
		"width" : 8,
		"hitEffect": "hitLaser",
		"despawnEffect" : "hitLaser",
		"pierce": true,
		"frontColor": "bbdefb",
		"backColor": "90caf9"
	},

	"requirements": [
		{ "item": "copper", "amount": 70},
		{ "item": "lead", "amount": 70},
		{ "item": "graphite", "amount": 60},
		{ "item": "silicon", "amount": 60}
		{ "item": "钛晶", "amount": 25 }
	],
	"category": "turret",
	"research": "arc"
}