{
	"type": "PowerTurret",
	"size": 3,
	"name":"裂光",
	"description":"阴间东西，别看伤害好像低，那都是装的。。。",
	"health": 3800,
	"reload": 60,
	"range": 640,
	"inaccuracy": 0,
	"shoot": {
        "type": "ShootAlternate",
        "barrels": 1,
        "spread": 4
        "Cone":2
        	"shots" :1,
    },
	"targetAir" : true, 
	"targetGround" : true,
	"recoilAmount" : 1.5,
	"restitution" : 0.04, 
	"rotateSpeed": 80,
	"shootSound" : "lasershoot",
    "consumes": {
        "power": 20,
        "coolant": {
            "amount": 0.2,
            "optional": true
        }
    },
	"hasPower" : true,
	"shootType" : {
		"type" : "BasicBulletType",
		"speed": 6.0,
		"lifetime" : 60,
		"damage": 120,
		"height" : 40,
		"width" : 40,
		"hitEffect": "hitLaser",
		"despawnEffect" : "hitLaser",
		"pierce": true,
		"frontColor": "bbdefb",
		"backColor": "90caf9"
		"fragBullets": 1,
		"fragBullet":{
    "type" : "FlakBulletType",
	        "damage": 50, 
            "splashDamageRadius": 40, 
            "splashDamage": 40,
            "width": 100, 
            "height": 100, 
            "speed": 0,
            "lifetime": 30, 
            "hitEffect": "plasticExplosion",
            "backColor": "8aa3f4", 
            "frontColor": "8aa3f4", 
            "reloadMultiplier": 3, 
            "ammoMultiplier": 1, 
            "collidesGround": true
            "fragBullets":8,
            "fragBullet":{
            "type":"LaserBulletType"
              "hitEffect":"hitLancer"
              "despawnEffect":"none"
              "length":144
              "width":24
              "hitSize":8
              "lifetime":24
              "drawSize":400
              "damage":120
           }
	},
	},
	"requirements": [
		{ "item": "copper", "amount": 70},
		{ "item": "lead", "amount": 70},
		{ "item": "graphite", "amount": 60},
		{ "item": "silicon", "amount": 60},
		{ "item": "钛晶", "amount": 80 }
		{ "item": "离子合金", "amount": 40 }
		{ "item": "thorium", "amount": 50 },
		{ "item": "plastanium", "amount": 60 },
		{ "item": "titanium", "amount": 50 },
	],
	"category": "turret",
	"research": "arc"
}