{
	"name": "发动机组装机",
	"description": "制造毁灭者导弹的专用发动机.",
	"type": "GenericCrafter",
	"size": 2,
		"itemCapacity": 50,
"outputItem": {"item": "导弹发动机", "amount": 1 },
	"hasItems": true,
	"craftTime": 6,
	"consumes": {
	"power": 6,
		"items": {
			"items": [
		                 { "item": "固体燃料", "amount": 1 },
		                 { "item": "thorium", "amount": 5 },
	               		]
		}
	},
	"requirements": [
		{ "item": "lead", "amount": 100 },
		{ "item": "thorium", "amount": 120 },
	],
	"category": "crafting",
 "research": "graphite-press"
 "idleSound": "respawning",
	"idleSoundVolume": 0.5,
}

