{
	"name": "核燃料工厂",
	"description": "制造铀电站的燃料.",
	"type": "GenericCrafter",
	"size": 4,
	"itemCapacity": 200,
"outputItem": {"item": "核燃料", "amount": 10 },
	"hasItems": true,
	"craftTime": 240,
	"consumes": {
	"power": 12,
		"items": {
			"items": [
		                 { "item": "铀233", "amount": 1 },
		              { "item": "lead", "amount": 50 },
		                { "item": "titanium", "amount": 40 },
		                 { "item": "钍232", "amount": 10 },
	               		]
		}
	},
	"requirements": [
		{ "item": "lead", "amount": 300 },
		{ "item": "titanium", "amount": 230 },
		{ "item": "thorium", "amount": 100 },
	],
	"category": "crafting",
 "research": "graphite-press"
 "idleSound": "respawning",
	"idleSoundVolume": 0.5,
}

