{
	"type": "GenericCrafter",
	"name": "钍熔炼厂",
	"description": "钍石原液生产工厂",
	"itemCapacity":24,
	"health":120,
	"size":2,
	"hasPower": true,
	"hasLiquids": true,
	"hasItems": true,
	"craftTime":40,
	"updateEffect": "smeltsmoke",
	"consumes": {
		"power":5,
		"items": {
			"items": [
				{ "item": "thorium", "amount": 10 }
			]
},
	},
  	"liquidCapacity": 24,
	"outputLiquid": {"liquid": "钍石原液", "amount": 5},
	"requirements": [
        { "item": "lead", "amount": 180 },
        { "item": "固体燃料", "amount": 50 },
        { "item": "graphite", "amount": 100 },
	],
	"category": "crafting",
	"research": "graphite-press",
	"idleSound": "respawning",
	"idleSoundVolume": 0.5,
}
