{
	"type": "GenericCrafter",
	"name": "奇点煤炭转换",
	"description": "将奇点转换成原材料",
	"details":"这个原来是造奇点厂"
	"outputItems":["coal/10000",]//产出
	"size":1,//建筑大小
	"health":210,//血量
	"craftTime":60,//÷60
	"itemCapacity":10000,//容量
	"consumes": {
    "power":16.6666666667//×60
    "items":{
          "items":[
	            "煤炭奇点/1",
	]
	}
	}
    "requirements": [
                "copper/10",
                "物液板/10",
	],//建造材料
    "category": "logic",
	"research":"奇点沙子转换"
	"idleSound":"respawning",
	"updateEffect":"smeltsmoke",
	"idleSoundVolume": 0.5
	"hasPower": false,
	"hasLiquids": false,
	"hasItems": true,
}
//"drawer":{
//    "type":"DrawMulti",
//    "drawers":[
//    "DrawDefault",
//    "DrawFlame"
//    ]
//    }