{
    "name": "大型抽水机",
    "type": "SolidPump",
    "description": "抽出大量地下的水，更为高级",
    "health": 1200,
    "size": 3
    "hasPower": true,
    //需求电力
    "hasLiquids": true,
    "hasItems": true,
    "craftTime": 60,
    "floating":true,
    "consumes": {
    //输入
        "power": 5
        //电力（输入数值将*60）
    },
    "liquidCapacity": 500,
    //液体容量
    "requirements": [
       { "item": "纯钛钢", "amount":50},
       { "item": "铝", "amount":200},
       { "item": "塑钢", "amount":50},
   { "item": "钢化玻璃", "amount":500},
    ],
"pumpAmount": 2.4,
"rotateSpeed": 5,
"result":"水",
"baseEfficiency": 1
"attribute": "water",
"category": "production",
"research":{
"parent":"抽水机"
	"objectives": [
            {
				"type": "SectorComplete",
				"preset": "初次相遇"
			}
			]}
        "researchCostMultiplier": 1
            "canOverdrive": true,
}