{
	"type": "BurstDrill",
	"name": "岩层冲压机",
	"description": "钻取深层矿物，[red]钻取速度略快。",
	"category": "production",//菜单栏

	"requirements": [	
   { "item": "碳化物", "amount":100},
   { "item": "铍", "amount":100},
   { "item": "钨", "amount":100},
   { "item": "金锭", "amount":100},
   { "item": "钍", "amount":100},
   { "item": "动能核心", "amount":50},
   ],
                    "research": {
	"parent":"岩层钻机"
	"objectives": [
            {
				"type": "SectorComplete",
				"preset": "炽焰峡谷"
			}
	]
	}
        "researchCostMultiplier": 0.2,
            "canOverdrive": true,
	"consumes":{//运作消耗
		"power":5//电,帧
		"liquid": {//液体
		"liquid": "氢气", "amount": 1,//液体消耗
		"booster":true,//加速
		"optional": false//可选
		}	}
	"drillEffect": "mineImpact",
	"drillTime":375,
    "liquidBoostIntensity":0.25,//加速倍率
	"size":5,
	"tier":11,
	"health": 1600,
	"hasItems": true,
	"itemCapacity": 100,
	"liquidCapacity": 60,
	"shake":6,
	"fogRadius":4,
}