{
    "name":"钛制钻机",
    "type": "Drill",
    "description":"放置在矿物上时，以缓慢的速度无限输出物品。 只能开采基本资源。 ",
    "size": 2,
    "health": 600,
    "tier": 3,//挖掘等级
    "drillTime": 100,//挖掘间隔
    "liquidBoostIntensity":1.25,//加速倍率
    "warmupSpeed": 0.02,
	"drillEffect": "mineBig",
    "updateEffect": "mineBig",
    "rotateSpeed": 2,
    "drawMineItem": true,
    "consumes": {
        "liquid": {
            "liquid": "水",
            "amount": 0.15,
            "booster": true,
            "optional": true
        }
    },
    "itemCapacity": 20,//物品容量
    "liquidCapacity": 20,//液体容量
    "requirements": [	
   { "item": "钛", "amount":20},
   ],
                    "research": {
	"parent":"铁制钻机"
	"objectives": [
            {
				"type": "SectorComplete",
				"preset": "世界另一端"
			}
	]
	}
        "researchCostMultiplier": 0.2,
            "canOverdrive": true,
            "category": "production", 
}
