{
    "name":"镭光钻机",
    "type": "Drill",
    "description":"放置在矿物上时，以极快的速度无限输出物品。 只能开采基本资源。 ",
    "size": 4,
    "health": 2000,
    "tier": 5,//挖掘等级
    "drillTime": 20,//挖掘间隔
    "liquidBoostIntensity":1.5,//加速倍率
    "warmupSpeed": 0.02,
	"drillEffect": "mineBig",
    "updateEffect": "mineBig",
    "rotateSpeed": 2,
    "drawMineItem": true,
    "consumes": {
    "power":5
        "liquid": {
            "liquid": "水",
            "amount": 0.2
            "booster": true,
            "optional": true
        }
    },
    "itemCapacity": 20,//物品容量
    "liquidCapacity": 20,//液体容量
    "requirements": [	
   { "item": "巨浪合金", "amount":20},
   { "item": "钛合金", "amount":10},
   { "item": "动能核心", "amount":20},
   ],
                    "research": {
	"parent":"镭射钻机"
	"objectives": [
            {
				"type": "SectorComplete",
				"preset": "前哨基地"
			}
	]
	}
        "researchCostMultiplier": 0.2,
            "canOverdrive": true,
            "category": "production", 
}
