{
	"name": "光华",
	"type": "LaserTurret",
	"size": 4,
	"health": 4750,
	"shootEffect": "none",
	"shootSound": "laserbig",
	"range": 240,
	"reload": 330,
	"coolantMultiplier": 1,
	//"coolantMultiplier": 0.35,
	"liquidCapacity": 30,
	"inaccuracy": 0,
	"rotateSpeed": 3.6,
	"shake": 5,
	"coolEffect": "steam",
	"targetHealing": true,
	"unitSort": "strongest",
	"cooldownTime": 180,
	"recoil": 3.5,
	"recoilTime": 60,
	"minWarmup": 0.89,
	"warmupMaintainTime": 300,
	"heatColor": "FF4040",
	"shootY": 10,
	"shootType": {
		"type": "ContinuousLaserBulletType",
		"hitEffect": {
			"type": "ParticleEffect",
			"particles": 6,
			"baseLength": 8,
			"length": 18,
			"lifetime": 10,
			"line": true,
			"lenFrom": 16,
			"lenTo": 0,
			"strokeFrom": 1.6,
			"strokeTo": 0,
			"colorFrom": "D1EFFF",
			"colorTo": "D1EFFF"
		},
		"shootEffect": {
			"type": "ParticleEffect",
			"particles": 10,
			"line": true,
			"length": 0,
			"baseLength": 0,
			"lifetime": 300,
			"colorFrom": "9BACE4FF",
			"colorTo": "9BACE4FF",
			"cone": 0
		},
		"status": "corroded",
		"statusDuration": 20,
		"incendChance": 0,
		"incendSpread": 0,
		"incendAmount": 0,
		"collidesTeam": true,
		"ammoMultiplier": 1,
		"hitSize": 8,
		"pierceArmor":true,
		"length": 224,
		"width": 6,
		"damage": 302,
		"lightColor": "76D081",
		"colors": [
			"BFCAEFA8",
			"D1EFFF80",
			"D1EFFF",
			"FFFFFF"
		],
	},
	"consumes": {
		"power": 12.5,
		"liquid": "water/0.6666666"
	},
	"shootDuration": 300,
 "requirements":[
    "铝/500",
    "silicon/400"
    "surge-alloy/300"
    "镍/400"
    "graphite/540"
    "钋/400"
  ],
  	"research": "穿云",
	"researchCostMultiplier":0.5
		"category": "turret",
}