{
	"type": "ContinuousTurret",
	"name": "刺霾",
	"description": "发射高能激光，定点打击敌人，需要打量水冷却",
	"health": 4671,
	"size": 4,
	"range": 360,
	"shootY": 7,
	"rotateSpeed": 5,
	"shootCone": 180,
	"cooldownTime": 60,
	"aimChangeSpeed": 5,
	"unitSort": "strongest",
	"liquidCapacity": 30,
	"consumes": {
		"power": 12.5,
		"liquid": "water/0.666666666666666"
	},
	"shootSound": "laser",
	"loopSoundVolume": 1,
	"loopSound": "laserbeam",
		"drawer": {
		"type": "DrawTurret",
		"parts": [
			{
				"type": "RegionPart",
				"mirror": true,
				"x": -3.5,
				"y": 0,
				"suffix": "-侧",
				"heatColor": "FFFFFF80",
				"layer": 50,
				"moveX": 3.5
			},
		]
		}
	"shootType": {
		"type": "PointLaserBulletType",
		"damage": 280,
		"sprite": "跃迁-刺霾束",
		"lifetime": 30,
		"speed": 0,
		"shake": 0.4,
		"buildingDamageMultiplier":0.1,
		"color": "FFFFFF",
		"ammoMultiplier": 1,
		"beamEffect": {
			"type": "multiEffect",
			"effects": [
				{
					"type": "ParticleEffect",
					"particles": 6,
					"lifetime": 56,
					"length": 40,
					"sizeFrom": 3.5,
					"sizeTo": 0,
					"interp": "circleOut",
					"colorFrom": "7E9CD6FF",
					"colorTo": "A8BAF2"
				},
				{
					"type": "ParticleEffect",
					"line": true,
					"particles": 5,
					"lifetime": 55,
					"length": 75,
					"cone": 360,
					"lenFrom": 8,
					"lenTo": 0,
					"colorFrom": "7E9CD6FF",
					"colorTo": "A8BAF2"
				}
			]
		},
		"damageInterval": 5,
		"status": "melting",
		"statusDuration": 30,
		"beamEffectInterval": 3,
		"beamEffectSize": 3.5,
		"oscScl": 8, //2抖动幅度
		"oscMag": 0.3 //0.3频率
	},
		"requirements": [
	{ "item": "silicon", "amount":400}
{ "item": "镍", "amount": 550}
{ "item": "graphite", "amount": 450}
{"item":"铝","amount":300}
{"item":"surge-alloy","amount":200}
	],
	"category": "turret",
"research": {
	"parent": "穿云"//科技树前置
	"requirements": [//研究花费
	"silicon/1200",
	"镍/3000"
	"graphite/2200"
	"铝/2450"
	"surge-alloy/2000"
	]
	"objectives": [
            {
				"type": "OnSector",
				"preset": "岩隙裂谷"
			}
	],	},
	        "canOverdrive": true,
}