{
	"type": "ItemTurret",//类型
	"category": "turret",//菜单栏
	"name": "匕刃",//名字
	"description": "向远处的敌人发射重弹",//介绍
    "heatColor":"DEEDFFFF"

	"requirements": [//建造消耗
	"silicon/450",
	"镍/600",
	"铝/500",	
	],

	"consumes": {//消耗
	"coolant":{"amount":0.1,"optional":true}	}//加速液体

"shoot": {
		"shots": 1,
		"shotDelay": 20,
		"type": "ShootBarrel",
		"barrels": [
			-5,0,0,
			5,0,0,
		]
	},
	"size": 3,//大小
	"health": 1800,//血量
	"rotateSpeed": 3,//转头速度
	"reload": 18.75,//装填速度
	"ammoPerShot":3,//单发消耗
	"maxAmmo":30,//弹药容量
	"liquidCapacity": 20,//液体容量
	"ammoUseEffect": "casing2Double",//子弹发射特效
	"range":360,//范围
	"inaccuracy":1,//不准确度
	"ammoTypes": {
	"铝": {
		"type": "BasicBulletType",//类型,导弹
		"damage": 120,//单体伤害
		"buildingDamageMultiplier":0.05,//对建筑的伤害倍率
		"status":"脆裂",
	"statusDuration":360,
		"speed": 16,//飞行速度
		"lifetime": 31.25,//存在时间
	    "splashDamage": 100,
		"splashDamageRadius":24,
		"backColor": "7F7F7FFF"
		"frontColor": "ACACACFF",
		"trailColor": "7F7F7FFF",
		"lightColor": "ACACACFF",
		"trailParam": 5,//尾迹参数
		"trailWidth": 4,"trailLength": 8,//尾迹宽长度
		"trailEffect": "none",//尾迹特效
		"width": 18,"height": 14,//宽长度
	"shootEffect": {//攻击特效
		"type": "ParticleEffect",
		"region":"跃迁-方",//区域贴图
		"particles": 2,//粒子数量
		"length": 40,//长度
		"lifetime": 48,//存在时间
		"interp": "circleOut",//中间部分
		"sizeInterp": "pow5Out",//大小部分
		"cone": 0,//角度
		"colorFrom": "7F7F7FFF",
		"colorTo": "ACACACFF",
		"sizeFrom": 5.5,
		"sizeTo": 0
		}
		"spawnBullets": [
			{
	"spin": 4,//子弹旋转速度
	"sprite":"跃迁-start",//子弹贴图
	"shootEffect": {//攻击特效
	"type": "multiEffect",//多种特效
	"effects": [//特效
		{"type": "ParticleEffect",
		"region":"跃迁-方",//区域贴图
		"particles": 2,//粒子数量
		"length": 40,//长度
		"lifetime": 48,//存在时间
		"interp": "circleOut",//中间部分
		"sizeInterp": "pow5Out",//大小部分
		"cone": 0,//角度
		"colorFrom": "7F7F7FFF",
		"colorTo": "ACACACFF",
		"sizeFrom": 5.5,
		"sizeTo": 0
	     }
	     {"type": "ParticleEffect",
		"region":"跃迁-方",//区域贴图
		"particles": 2,//粒子数量
		"length": 40,//长度
		"lifetime": 48,//存在时间
		"interp": "circleOut",//中间部分
		"sizeInterp": "pow5Out",//大小部分
		"cone": 60,//角度
		"colorFrom": "7F7F7FFF",
		"colorTo": "ACACACFF",
		"sizeFrom": 5.5,
		"sizeTo": 0
	     }  
	     {"type": "ParticleEffect",
		"region":"跃迁-方",//区域贴图
		"particles": 2,//粒子数量
		"length": 40,//长度
		"lifetime": 48,//存在时间
		"interp": "circleOut",//中间部分
		"sizeInterp": "pow5Out",//大小部分
		"cone": 120,//角度
		"colorFrom": "7F7F7FFF",
		"colorTo": "ACACACFF",
		"sizeFrom": 5.5,
		"sizeTo": 0
	     } 
	     {"type": "ParticleEffect",
		"region":"跃迁-方",//区域贴图
		"particles": 2,//粒子数量
		"length": 40,//长度
		"lifetime": 48,//存在时间
		"interp": "circleOut",//中间部分
		"sizeInterp": "pow5Out",//大小部分
		"cone": 180,//角度
		"colorFrom": "7F7F7FFF",
		"colorTo": "ACACACFF",
		"sizeFrom": 5.5,
		"sizeTo": 0
	     } 
	     {"type": "ParticleEffect",
		"region":"跃迁-方",//区域贴图
		"particles": 2,//粒子数量
		"length": 40,//长度
		"lifetime": 48,//存在时间
		"interp": "circleOut",//中间部分
		"sizeInterp": "pow5Out",//大小部分
		"cone": 240,//角度
		"colorFrom": "7F7F7FFF",
		"colorTo": "ACACACFF",
		"sizeFrom": 5.5,
		"sizeTo": 0
	     }
	     {"type": "ParticleEffect",
		"region":"跃迁-方",//区域贴图
		"particles": 2,//粒子数量
		"length": 40,//长度
		"lifetime": 48,//存在时间
		"interp": "circleOut",//中间部分
		"sizeInterp": "pow5Out",//大小部分
		"cone": 300,//角度
		"colorFrom": "7F7F7FFF",
		"colorTo": "ACACACFF",
		"sizeFrom": 5.5,
		"sizeTo": 0
	     } ]	}
	                "buildingDamageMultiplier":0.05,//建筑杀伤倍率
	"type":"MissileBulletType",
    "splashDamageRadius":52,
	"splashDamage":48,
    "knockback":0.7,
    "speed":16,
    "damage":32,
    "lifetime":25,
    "homingPower":0.15,
    "backColor":"7F7F7FFF",
    "frontColor":"ACACACFF", 
    "trailLength":6,
	"trailWidth":2,
    "trailColor":"7F7F7FFF",
    "trailEffect":"none",
    "homingRange": 800,
	"status":"脆裂",
	"statusDuration":360,
	"width": 14,
	"height": 14,
    "hitShake": 1,
    "ammoMultiplier": 2,
    "smokeEffect":"none",
    "hitEffect":"flakExplosionBig"
	},
				]
					}
	"铝": {
		"type": "BasicBulletType",//类型,导弹
		"damage": 120,//单体伤害
		"buildingDamageMultiplier":0.05,//对建筑的伤害倍率
		"speed": 16,//飞行速度
		"lifetime": 31.25,//存在时间
		"splashDamage":100,
		"splashDamageRadius":24,
		"backColor": "95ABD9FF"
		"frontColor": "626F9BFF",
		"trailColor": "95ABD9FF",
		"lightColor": "626F9BFF",
		"trailParam": 5,//尾迹参数
		"trailWidth": 4,"trailLength": 8,//尾迹宽长度
		"trailEffect": "none",//尾迹特效
		"width": 18,"height": 14,//宽长度
	"shootEffect": {//攻击特效
		"type": "ParticleEffect",
		"region":"跃迁-方",//区域贴图
		"particles": 2,//粒子数量
		"length": 40,//长度
		"lifetime": 48,//存在时间
		"interp": "circleOut",//中间部分
		"sizeInterp": "pow5Out",//大小部分
		"cone": 0,//角度
		"colorFrom": "95ABD9FF",
		"colorTo": "626F9BFF",
		"sizeFrom": 5.5,
		"sizeTo": 0
		}
		"spawnBullets": [
			{
	"spin": 4,//子弹旋转速度
	"sprite":"跃迁-start",//子弹贴图
	"shootEffect": {//攻击特效
	"type": "multiEffect",//多种特效
	"effects": [//特效
		{"type": "ParticleEffect",
		"region":"跃迁-方",//区域贴图
		"particles": 2,//粒子数量
		"length": 40,//长度
		"lifetime": 48,//存在时间
		"interp": "circleOut",//中间部分
		"sizeInterp": "pow5Out",//大小部分
		"cone": 0,//角度
		"colorFrom": "95ABD9FF",
		"colorTo": "626F9BFF",
		"sizeFrom": 5.5,
		"sizeTo": 0
	     }
	     {"type": "ParticleEffect",
		"region":"跃迁-方",//区域贴图
		"particles": 2,//粒子数量
		"length": 40,//长度
		"lifetime": 48,//存在时间
		"interp": "circleOut",//中间部分
		"sizeInterp": "pow5Out",//大小部分
		"cone": 60,//角度
		"colorFrom": "95ABD9FF",
		"colorTo": "626F9BFF",
		"sizeFrom": 5.5,
		"sizeTo": 0
	     }  
	     {"type": "ParticleEffect",
		"region":"跃迁-方",//区域贴图
		"particles": 2,//粒子数量
		"length": 40,//长度
		"lifetime": 48,//存在时间
		"interp": "circleOut",//中间部分
		"sizeInterp": "pow5Out",//大小部分
		"cone": 120,//角度
		"colorFrom": "95ABD9FF",
		"colorTo": "626F9BFF",
		"sizeFrom": 5.5,
		"sizeTo": 0
	     } 
	     {"type": "ParticleEffect",
		"region":"跃迁-方",//区域贴图
		"particles": 2,//粒子数量
		"length": 40,//长度
		"lifetime": 48,//存在时间
		"interp": "circleOut",//中间部分
		"sizeInterp": "pow5Out",//大小部分
		"cone": 180,//角度
		"colorFrom": "95ABD9FF",
		"colorTo": "626F9BFF",
		"sizeFrom": 5.5,
		"sizeTo": 0
	     } 
	     {"type": "ParticleEffect",
		"region":"跃迁-方",//区域贴图
		"particles": 2,//粒子数量
		"length": 40,//长度
		"lifetime": 48,//存在时间
		"interp": "circleOut",//中间部分
		"sizeInterp": "pow5Out",//大小部分
		"cone": 240,//角度
		"colorFrom": "95ABD9FF",
		"colorTo": "626F9BFF",
		"sizeFrom": 5.5,
		"sizeTo": 0
	     }
	     {"type": "ParticleEffect",
		"region":"跃迁-方",//区域贴图
		"particles": 2,//粒子数量
		"length": 40,//长度
		"lifetime": 48,//存在时间
		"interp": "circleOut",//中间部分
		"sizeInterp": "pow5Out",//大小部分
		"cone": 300,//角度
		"colorFrom": "95ABD9FF",
		"colorTo": "626F9BFF",
		"sizeFrom": 5.5,
		"sizeTo": 0
	     } ]	}
	                "buildingDamageMultiplier":0.05,//建筑杀伤倍率
	"type":"MissileBulletType",
    "splashDamageRadius":52,
	"splashDamage":48,
    "knockback":0.7,
    "speed":16,
    "damage":32,
    "lifetime":25,
    "homingPower":0.15,
    "backColor":"95ABD9FF",
    "frontColor":"626F9BFF", 
    "trailLength":6,
	"trailWidth":2,
    "trailColor":"95ABD9FF",
    "trailEffect":"none",
    "homingRange": 800,
	"width": 14,
	"height": 14,
    "hitShake": 1,
    "ammoMultiplier": 2,
    "smokeEffect":"none",
    "hitEffect":"flakExplosionBig"
	},
				]
					}
		},
				"research": {
	"parent": "并射"//科技树前置
	"requirements": [//研究花费
	"镍/3000",
	"铝/3500",
	"silicon/2950",
	"graphite/3050"
	]	
	},
}