{
	"type": "ItemTurret",
	"name": "影刃",
	"description":"发射带电射弹，对敌人发动毁灭打击，消耗很高，后勤噩梦"
	"health": 2200,
	"armor": 2,
	"size": 3,
	"reload": 10,
	"range": 288,
	"maxAmmo": 150,
	"shoot": {
	"shots": 2,
		"shotDelay": 0,
		"type": "ShootAlternate",
		"barrels": 2,
		"spread": 10
	},
	"recoilTime": 25,
	"recoil": 2.88,
		"ammoPerShot":1,//单发消耗
	"shake": 2.5,
		"drawer": {
		"type": "DrawTurret",
		"parts": [
			{
				"type": "RegionPart",
				"mirror": true,
				"suffix": "-侧",
				"under": true,
				"y": 0,
				"moveX": 0,
				"moveY": 0,
				"moveRot":0
			}
		]
	},
	"coolantMultiplier": 100,
	"consumes": {
	"power":10,
		"coolant": {
			"amount": 0.02,
			"optional": true
		}
	},
	"liquidCapacity": 30,
	"shootSound": "shootBig",
	"ammoUseEffect": "casing3",
	"targetGround": true,
	"targetAir": true,
	"shootCone": 180,
	"inaccuracy": 2,
	"rotateSpeed": 6,
	"ammoTypes": {
		"graphite": {
			"type": "BasicBulletType",
				"buildingDamageMultiplier":0.1,
			"reloadMultiplier":0.9,
			"ammoMultiplier":2,
			"speed": 13,
			"lifetime": 22.16,
			"damage": 35,
			"splashDamage": 25,
			"splashDamageRadius":16,
			"knockback": 1.1,
			"width": 8,
			"height": 13,
			"ammoMultiplier":1,
			"pierceBuilding": true,
			"pierceCap": 4,
	"lightningDamage":30,
			"lightning":4,
			"lightningLength": 8,
			"shootEffect": "shootBig",
			"smokeEffect": "shootBigSmoke",
			"hitEffect": "flakExplosion"
		},
		"silicon": {
			"type": "BasicBulletType",
			"speed": 13,
				"buildingDamageMultiplier":0.1,
			"lifetime": 22.16,
			"ammoMultiplier":2,
			"damage": 25,
			"splashDamage": 35,
			"splashDamageRadius":20,
			"knockback": 1.2,
			"width": 8,
			"height": 13,
			"ammoMultiplier":1,
			"pierceBuilding": true,
			"pierceCap": 5,
				"lightningDamage":25,
			"lightning":5,
			"lightningLength": 10,
			"shootEffect": "shootBig",
			"smokeEffect": "shootBigSmoke",
			"hitEffect": "flakExplosion"
			"homingPower": 0.18,
		},
			"surge-alloy": {
			"type": "BasicBulletType",
			"reloadMultiplier":1.5,
			"speed": 13,
			"lifetime": 22.16,
			"damage": 30,
			"splashDamage": 40,
			"splashDamageRadius":35,
			"knockback": 1.5,
			"width": 9,
			"height": 14,
			"ammoMultiplier":4,
			"pierceBuilding": true,
			"pierceCap":8,
				"lightningDamage":20,
			"lightning":8,
				"buildingDamageMultiplier":0.1,
			"lightningLength": 15,
			"shootEffect": "shootBig",
			"smokeEffect": "shootBigSmoke",
			"hitEffect": "flakExplosion"
		},
	},
	"requirements": [
		"silicon/355",
		"graphite/325",
		"镍/425",
		"铝/320"
	],
	"category": "turret",
		"research": {
	"parent": "并射"//科技树前置
	"requirements": [//研究花费
	"镍/3000",
	"铝/3500",
	"silicon/2950",
	"graphite/3050"
	]	
	},
}