{
	"type": "ItemTurret",
	"name": "挽歌",
	"health": 198500,
		"description": "本模组至高之炮台,这是雅加达科技之顶点,此炮台,攻击时的能量，但凡逸删出一丝,都会引起巨大的破坏,此一炮，贯穿寰宇",
	"size": 16,
	"reload": 12000,
	"range": 1400,
	"fogRadiusMultiplier": 0.4,
	"maxAmmo": 160,
	"heatColor": "FF7055",
	"heatRequirement": 600,
	"maxHeatEfficiency": 5,
	"cooldownTime": 230,
	"ammoPerShot": 1,
	"consumeAmmoOnce": false,
	"recoil": 6,
	"xRand": 20,
	"recoilTime": 180,
	"liquidCapacity": 180,
	"ammoUseEffect": "none",
	"canOverdrive": false,
	"unitSort": "farthest",
	"minWarmup": 0.8,
	 "drawer": {
        "type": "DrawMulti",
        "drawers": [{
            "type": "DrawTurret",
            "parts": [
            {
                        "type": "RegionPart",
                        "layer": -1,
                        "colorTo": "ffffff00",
                        "color": "8B9BB4FF",
                        "blending": "additive",
                        "outline": false,
                        "mirror": true,
                        "suffix": "-侧-head",
                        "progress": {
                            "type": "reload",
                            "op": "delay",
                            "amount": 0
                        },
                    },
                       {
                        "type": "RegionPart",
                        "layer": -1,
                        "colorTo": "ffffff00",
                        "color": "8B9BB4FF",
                        "progress": {
                            "type": "reload",
                            "op": "delay",
                            "amount": 0
                        },
                        "blending": "additive",
                        "outline": false,
                        "suffix": "-head"
                    },
                    	{
				"type": "HaloPart",
				"progress": "warmup",
				"rotateSpeed": 0,
				"shapeRotation": 0,
				"x": 96,
				"y": -20,
				"sides": 3,
				"shapes": 1,
				"color": "8B9BB4FF",
				"colorTo": "8B9BB4FF",
				"tri": true,
				"hollow": true,
				"radius": 0,
				"radiusTo": 20,
				"triLength": 60,
				"triLengthTo": 140,
				"haloRadius": 0,
				"haloRotation": -50,
				"haloRotateSpeed": 0,
				"layer": 110
			},
			{
				"type": "HaloPart",
				"progress": "warmup",
				"rotateSpeed": 0,
				"shapeRotation": 180,
				"x": 96,
				"y": -20,
				"sides": 3,
				"shapes": 1,
				"color": "8B9BB4FF",
				"colorTo": "8B9BB4FF",
				"tri": true,
				"hollow": true,
				"radius": 0,
				"radiusTo": 20,
				"triLength": 20,
				"triLengthTo": 60,
				"haloRadius": 0,
				"haloRotation": -50,
				"haloRotateSpeed": 0,
				"layer": 110
			},
			{
				"type": "HaloPart",
				"progress": "warmup",
				"rotateSpeed": 0,
				"shapeRotation": 0,
				"x": -96,
				"y": -20,
				"sides": 3,
				"shapes": 1,
				"color": "8B9BB4FF",
				"colorTo": "8B9BB4FF",
				"tri": true,
				"hollow": true,
				"radius": 0,
				"radiusTo": 20,
				"triLength": 60,
				"triLengthTo": 140,
				"haloRadius": 0,
				"haloRotation": 50,
				"haloRotateSpeed": 0,
				"layer": 110
			},
			{
				"type": "HaloPart",
				"progress": "warmup",
				"rotateSpeed": 0,
				"shapeRotation": 180,
				"x": -96,
				"y": -20,
				"sides": 3,
				"shapes": 1,
				"color": "8B9BB4FF",
				"colorTo": "8B9BB4FF",
				"tri": true,
				"hollow": true,
				"radius": 0,
				"radiusTo": 20,
				"triLength": 20,
				"triLengthTo": 60,
				"haloRadius": 0,
				"haloRotation": 50,
				"haloRotateSpeed": 0,
				"layer": 110
			},
			{
				"type": "HaloPart",
				"progress": "warmup",
				"rotateSpeed": 0,
				"shapeRotation": 0,
				"x": 80,
				"y": 16,
				"sides": 3,
				"shapes": 1,
				"color": "8B9BB4FF",
				"colorTo": "8B9BB4FF",
				"tri": true,
				"hollow": true,
				"radius": 0,
				"radiusTo": 16,
				"triLength": 60,
				"triLengthTo": 100,
				"haloRadius": 0,
				"haloRotation": -30,
				"haloRotateSpeed": 0,
				"layer": 110
			},
			{
				"type": "HaloPart",
				"progress": "warmup",
				"rotateSpeed": 0,
				"shapeRotation": 180,
				"x": 80,
				"y": 16,
				"sides": 3,
				"shapes": 1,
				"color": "8B9BB4FF",
				"colorTo": "8B9BB4FF",
				"tri": true,
				"hollow": true,
				"radius": 0,
				"radiusTo": 16,
				"triLength": 0,
				"triLengthTo": 40,
				"haloRadius": 0,
				"haloRotation": -30,
				"haloRotateSpeed": 0,
				"layer": 110
			},
			{
				"type": "HaloPart",
				"progress": "warmup",
				"rotateSpeed": 0,
				"shapeRotation": 0,
				"x": -80,
				"y": 16,
				"sides": 3,
				"shapes": 1,
				"color": "8B9BB4FF",
				"colorTo": "8B9BB4FF",
				"tri": true,
				"hollow": true,
				"radius": 0,
				"radiusTo": 16,
				"triLength": 60,
				"triLengthTo": 100,
				"haloRadius": 0,
				"haloRotation": 30,
				"haloRotateSpeed": 0,
				"layer": 110
			},
			{
				"type": "HaloPart",
				"progress": "warmup",
				"rotateSpeed": 0,
				"shapeRotation": 180,
				"x": -80,
				"y": 16,
				"sides": 3,
				"shapes": 1,
				"color": "8B9BB4FF",
				"colorTo": "8B9BB4FF",
				"tri": true,
				"hollow": true,
				"radius": 0,
				"radiusTo": 16,
				"triLength": 0,
				"triLengthTo": 40,
				"haloRadius": 0,
				"haloRotation": 30,
				"haloRotateSpeed": 0,
				"layer": 110
			},
			{
				"type": "HaloPart",
				"progress": "warmup",
				"rotateSpeed": 0,
				"shapeRotation": 0,
				"x": -124,
				"y": -48,
				"sides": 3,
				"shapes": 1,
				"color": "8B9BB4FF",
				"colorTo": "8B9BB4FF",
				"tri": true,
				"hollow": true,
				"radius": 0,
				"radiusTo": 24,
				"triLength": 80,
				"triLengthTo": 180,
				"haloRadius": 0,
				"haloRotation": 73,
				"haloRotateSpeed": 0,
				"layer": 110
			},
			{
				"type": "HaloPart",
				"progress": "warmup",
				"rotateSpeed": 0,
				"shapeRotation": 180,
				"x": -124,
				"y": -48,
				"sides": 3,
				"shapes": 1,
				"color": "8B9BB4FF",
				"colorTo": "8B9BB4FF",
				"tri": true,
				"hollow": true,
				"radius": 0,
				"radiusTo": 24,
				"triLength": 0,
				"triLengthTo": 75,
				"haloRadius": 0,
				"haloRotation": 73,
				"haloRotateSpeed": 0,
				"layer": 110
			},
			{
				"type": "HaloPart",
				"progress": "warmup",
				"rotateSpeed": 0,
				"shapeRotation": 0,
				"x": 124,
				"y": -48,
				"sides": 3,
				"shapes": 1,
				"color": "8B9BB4FF",
				"colorTo": "8B9BB4FF",
				"tri": true,
				"hollow": true,
				"radius": 0,
				"radiusTo": 24,
				"triLength": 80,
				"triLengthTo": 180,
				"haloRadius": 0,
				"haloRotation": -73,
				"haloRotateSpeed": 0,
				"layer": 110
			},
			{
				"type": "HaloPart",
				"progress": "warmup",
				"rotateSpeed": 0,
				"shapeRotation": 180,
				"x": 124,
				"y": -48,
				"sides": 3,
				"shapes": 1,
				"color": "8B9BB4FF",
				"colorTo": "8B9BB4FF",
				"tri": true,
				"hollow": true,
				"radius": 0,
				"radiusTo": 24,
				"triLength": 0,
				"triLengthTo": 75,
				"haloRadius": 0,
				"haloRotation": -73,
				"haloRotateSpeed": 0,
				"layer": 110
			}
	     ]
      }
   ]
}
	"consumes": {
		"power": 600,
		"liquid": {
			"liquid": "cryofluid",
			"amount": 3
		}
	},
	"shootSound": "plasmadrop",
	"inaccuracy": 0.5,
	"shootCone": 6,
	"shake": 5,
	"rotateSpeed": 1.3,
	"velocityRnd": 0.05,
	"ammoTypes": {
		"破位物": {
		"type": "PointBulletType",
			"damage": 65400,
			"hitSound": "DBZ1",
			"speed": 20,
			"hitShake": 32,
			"buildingDamageMultiplier": 0,
			"status": "终焉",
			"statusDuration": 75,
			"trailSpacing": 9,
			"trailEffect": {
				"type": "ParticleEffect",
				"particles": 1,
				"length": 1,
				"baseLength": 0,
				"lifetime": 50,
				"line": true,
				"randLength": false,
				"lenFrom": 10,
				"lenTo": 11,
				"strokeFrom": 20,
				"strokeTo": 0,
				"colorFrom": "8B9BB4FF",
				"colorTo": "5A6988FF",
				"cone": 0
			},
			"despawnEffect": "none",
			"shootEffect": {
				"type": "MultiEffect",
				"effects": [
					{
						"type": "WaveEffect",
						"lifetime": 10,
						"sizeFrom": 5,
						"sizeTo": 80,
						"strokeFrom": 6,
						"strokeTo": 0,
						"colorFrom": "8B9BB4FF",
						"colorTo": "5A6988FF"
					},
					{
						"type": "ParticleEffect",
						"particles": 1,
						"sizeFrom": 20,
						"sizeTo": 0,
						"length": 0,
						"baseLength": 0,
						"lifetime": 55,
						"colorFrom": "8B9BB4FF",
						"colorTo": "5A6988FF",
						"cone": 0
					}
				]
			},
			"smokeEffect": "smokeCloud",
			"hitEffect": {
				"type": "MultiEffect",
				"effects": [
					{
						"type": "WaveEffect",
						"lifetime": 15,
						"sizeFrom": 0,
						"sizeTo": 80,
						"strokeFrom": 3,
						"strokeTo": 0,
						"colorFrom": "8B9BB4FF",
						"colorTo": "5A6988FF"
					},
					{
						"type": "ParticleEffect",
						"particles": 1,
						"sizeFrom": 24,
						"sizeTo": 0,
						"length": 0,
						"baseLength": 0,
						"lifetime": 55,
						"colorFrom": "8B9BB4FF",
						"colorTo": "5A6988FF",
						"cone": 0
					}
				]
			},
			"fragRandomSpread": 365
			"fragBullets": 4,
			"fragBullet": {
				"type": "PointBulletType",
				"trailSpacing": 8,
				"status": "终焉",
				"statusDuration": 30,
				"trailEffect": {
					"type": "ParticleEffect",
					"particles": 1,
					"baseLength": 0.1,
					"length": 0.1,
					"lifetime": 22,
					"line": true,
					"randLength": false,
					"lenFrom": 9,
					"lenTo": 9,
					"strokeFrom": 8,
					"strokeTo": 0,
					"colorFrom": "8B9BB4FF",
					"colorTo": "5A6988FF",
					"cone": 0
				},
				"hitEffect": {
					"type": "ParticleEffect",
					"particles": 1,
					"sizeFrom": 9,
					"sizeTo": 0,
					"length": 0,
					"baseLength": 0,
					"lifetime": 50,
					"colorFrom": "8B9BB4FF",
					"colorTo": "5A6988FF",
					"cone": 60
				},
				"despawnEffect": {
					"type": "WaveEffect",
					"lifetime": 10,
					"sizeFrom": 0,
					"sizeTo": 40,
					"strokeFrom": 2,
					"strokeTo": 0,
					"colorFrom": "8B9BB4FF",
					"colorTo": "5A6988FF"
				},
				"hitShake": 3,
				"hitSound": "plasmaboom",
				"speed": 10,
				"lifetime": 8,
				"lightningDamage": 108,
				"lightning": 2,
				"lightningLength": 9,
				"lightningColor": "8B9BB4FF",
				"splashDamageRadius": 35,
				"splashDamage": 300,
				"fragRandomSpread": 45,
				"fragBullets": 1,
				"fragBullet": {
				"type": "BasicBulletType",
			"splashDamageRadius": 240,
			"splashDamage": 18000,
			"splashDamagePierce": true,
			"collidesTiles": false,
			"speed": 20,
			"lifetime": 5,
			"damage": 50000,
			"width": 128,
			"height": 128,
			"hitSize": 50,
			"spin": 10,
			"lightningDamage": 87,
			"lightning": 8,
			"lightningLength": 33,
			"lightningLengthRand": 20,
			"lightningColor": "5A6988FF",
			"status": "终焉",
			"statusDuration": 180,
			"sprite": "跃迁-透彻",
			"trailLength": 9,
			"trailWidth": 4,
			"shrinkY": 0,
			"shrinkX": 0,
			"hitShake": 20,
			"hitSound": "DBZ1",
			"backColor": "5A6988FF",
			"frontColor": "FFFFFF",
			"trailColor": "5A6988FF",
			"trailChance": 0,
			"trailInterval": 2,
			"trailEffect": {
				"type": "WaveEffect",
				"interp": "circleOut",
				"lifetime": 30,
				"sizeFrom": 4,
				"sizeTo": 46,
				"strokeFrom": 6,
				"strokeTo": 0,
				"colorFrom": "5A6988FF",
				"colorTo": "8B9BB4FF"
			},
			"hitEffect": {
				"type": "MultiEffect",
				"effects": [
					{
						"type": "ParticleEffect",
						"particles": 80,
						"sizeFrom": 50,
						"sizeTo": 0,
						"length": 135,
						"baseLength": 33,
						"lifetime": 35,
						"colorFrom": "5A6988FF",
						"colorTo": "FFFFFF"
					},
					{
						"type": "ParticleEffect",
						"particles": 92,
						"line": true,
						"strokeFrom": 8,
						"strokeTo": 0,
						"lenFrom": 0,
						"lenTo": 45,
						"length": 203,
						"baseLength": 53,
						"lifetime": 32,
						"colorFrom": "FFFFFF",
						"colorTo": "5A6988FF"
					},
					{
						"type": "WaveEffect",
						"lifetime": 50,
						"sizeFrom": 20,
						"sizeTo": 240,
						"strokeFrom": 45,
						"strokeTo": 0,
						"colorFrom": "5A6988FF",
						"colorTo": "FFFFFF"
					},
					{
						"type": "WaveEffect",
						"lifetime": 10,
						"sizeFrom": 1,
						"sizeTo": 78,
						"strokeFrom": 8,
						"strokeTo": 0,
						"colorFrom": "5A6988FF",
						"colorTo": "FFFFFF"
					}
				]
			},
			"shootEffect": {
				"type": "MultiEffect",
				"effects": [
					{
						"type": "ParticleEffect",
						"particles": 12,
						"line": true,
						"strokeFrom": 5,
						"strokeTo": 3,
						"lenFrom": 26,
						"lenTo": 0,
						"interp": "pow10Out",
						"sizeInterp": "pow3In",
						"length": 93,
						"baseLength": 0,
						"lifetime": 55,
						"colorFrom": "5A6988FF",
						"colorTo": "5A6988FF",
						"cone": 60
					},
					{
						"type": "ParticleEffect",
						"particles": 1,
						"sizeFrom": 8,
						"sizeTo": 80,
						"length": 0,
						"baseLength": 0,
						"lifetime": 58,
						"sizeInterp": "pow3Out",
						"colorFrom": "5A6988FF80",
						"colorTo": "FFFFFF00"
					},
					{
						"type": "WaveEffect",
						"lifetime": 20,
						"sizeFrom": 5,
						"sizeTo": 80,
						"strokeFrom": 10,
						"strokeTo": 0,
						"colorFrom": "8B9BB4FF",
						"colorTo": "5A6988FF"
					}
				]
			},
			"smokeEffect": "smokeCloud",
			"fragLifeMin": 0.3,
			"fragBullets": 2,
			"fragBullet": {
			"type": "PointBulletType",
				"trailSpacing": 10,
				"trailEffect": {
					"type": "ParticleEffect",
					"particles": 1,
					"length": 0,
					"baseLength": 1,
					"lifetime": 13,
					"line": true,
					"randLength": false,
					"lenFrom": 11,
					"lenTo": 11,
					"strokeFrom": 24,
					"strokeTo": 0,
					"sizeInterp": "pow5In",
					"colorFrom": "FEEBB3",
					"colorTo": "FEEBB3",
					"cone": 0
				},
				"lifetime": 2,
				"speed": 70,
				"splashDamage": 201600,
				"splashDamageRadius": 250,
				"shootEffect": {
					"type": "ParticleEffect",
					"particles": 1,
					"sizeFrom": 16,
					"sizeTo": 88,
					"sizeInterp": "pow10Out",
					"length": 0,
					"baseLength": 0,
					"lifetime": 180,
					"colorFrom": "FEEBB3",
					"colorTo": "FEEBB300"
				},
				"smokeEffect": "bigShockwave",
				"chargeEffect": {
					"type": "MultiEffect",
					"effects": [
						{
							"type": "ParticleEffect",
							"particles": 1,
							"sizeFrom": 100,
							"sizeTo": 16,
							"sizeInterp": "pow10Out",
							"length": 0,
							"baseLength": 0,
							"lifetime": 130,
							"colorFrom": "FEEBB300",
							"colorTo": "FEEBB3"
						},
						{
							"type": "WaveEffect",
							"lifetime": 26,
							"sizeFrom": 130,
							"sizeTo": 0,
							"strokeFrom": 2,
							"strokeTo": 6,
							"colorFrom": "FEEBB300",
							"colorTo": "FEEBB3"
						},
						{
							"type": "WaveEffect",
							"lifetime": 26,
							"sizeFrom": 130,
							"sizeTo": 0,
							"strokeFrom": 2,
							"strokeTo": 6,
							"startDelay": 32,
							"colorFrom": "FEEBB300",
							"colorTo": "FEEBB3"
						},
						{
							"type": "WaveEffect",
							"lifetime": 26,
							"sizeFrom": 130,
							"sizeTo": 0,
							"strokeFrom": 2,
							"strokeTo": 6,
							"startDelay": 48,
							"colorFrom": "FEEBB300",
							"colorTo": "FEEBB3"
						},
						{
							"type": "WaveEffect",
							"lifetime": 26,
							"sizeFrom": 130,
							"sizeTo": 0,
							"strokeFrom": 2,
							"strokeTo": 6,
							"startDelay": 64,
							"colorFrom": "FEEBB300",
							"colorTo": "FEEBB3"
						}
					]
				},
				"status": "终焉",
				"statusDuration": 96,
				"hitEffect": {
					"type": "MultiEffect",
					"effects": [
						{
							"type": "ParticleEffect",
							"particles": 1,
							"sizeFrom": 0,
							"sizeTo": 100,
							"sizeInterp": "pow5Out",
							"length": 0,
							"baseLength": 0,
							"lifetime": 70,
							"colorFrom": "FEEBB300",
							"colorTo": "FEEBB3"
						},
						{
							"type": "ParticleEffect",
							"particles": 1,
							"sizeFrom": 100,
							"sizeTo": 0,
							"sizeInterp": "pow5In",
							"length": 0,
							"baseLength": 0,
							"startDelay": 68,
							"lifetime": 33,
							"colorFrom": "FEEBB3",
							"colorTo": "FEEBB390"
						},
						{
							"type": "WaveEffect",
							"lifetime": 18,
							"sizeFrom": 0,
							"sizeTo": 135,
							"strokeFrom": 0,
							"strokeTo": 10,
							"colorFrom": "FEEBB390",
							"colorTo": "FEEBB3"
						},
						{
							"type": "WaveEffect",
							"lifetime": 70,
							"startDelay": 18,
							"sizeFrom": 135,
							"sizeTo": 135,
							"strokeFrom": 10,
							"strokeTo": 10,
							"colorFrom": "FEEBB3",
							"colorTo": "FEEBB3"
						},
						{
							"type": "WaveEffect",
							"lifetime": 8,
							"startDelay": 88,
							"sizeFrom": 135,
							"sizeTo": 0,
							"strokeFrom": 10,
							"strokeTo": 2,
							"colorFrom": "FEEBB3",
							"colorTo": "FEEBB390"
						},
						{
							"type": "ParticleEffect",
							"particles": 1,
							"sizeFrom": 0,
							"sizeTo": 45,
							"sizeInterp": "pow5Out",
							"length": 0,
							"baseLength": 0,
							"lifetime": 70,
							"layer": 120,
							"colorFrom": "00000000",
							"colorTo": "000000"
						},
						{
							"type": "ParticleEffect",
							"particles": 1,
							"sizeFrom": 45,
							"sizeTo": 0,
							"sizeInterp": "pow5In",
							"length": 0,
							"baseLength": 0,
							"startDelay": 68,
							"lifetime": 33,
							"layer": 120,
							"colorFrom": "000000",
							"colorTo": "000000"
						},
						{
							"type": "WaveEffect",
							"lifetime": 30,
							"sizeFrom": 180,
							"sizeTo": 0,
							"strokeFrom": 0,
							"strokeTo": 9,
							"colorFrom": "FEEBB390",
							"colorTo": "FEEBB3"
						},
						{
							"type": "WaveEffect",
							"lifetime": 30,
							"startDelay": 15,
							"sizeFrom": 180,
							"sizeTo": 0,
							"strokeFrom": 0,
							"strokeTo": 9,
							"colorFrom": "FEEBB390",
							"colorTo": "FEEBB3"
						},
						{
							"type": "WaveEffect",
							"lifetime": 30,
							"startDelay": 30,
							"sizeFrom": 180,
							"sizeTo": 0,
							"strokeFrom": 0,
							"strokeTo": 9,
							"colorFrom": "FEEBB390",
							"colorTo": "FEEBB3"
						}
					]
				},
				"hitSound": "laserblast",
				"despawnEffect": "none",
				"fragLifeMin": 1,
				"fragBullets": 1,
				"fragBullet": {
					"type": "BasicBulletType",
					"hittable": false,
					"collides": false,
					"absorbable": false,
					"splashDamageRadius": 175,
					"splashDamage": 28000,
					"pierceArmor": true,
					"status": "终焉",
					"statusDuration": 200,
					"speed": 0,
					"lifetime": 103,
					"sprite": "circle-bullet",
					"backColor": "FEEBB300",
					"frontColor": "FFFFFF00",
					"lightColor": "FEEBB3",
					"lightningDamage": 1870,
					"lightning": 10,
					"lightningLength": 12,
					"width": 50,
					"height": 50,
					"hitShake": 22,
					"hitSound": "explosionbig",
					"hitSoundVolume": 18,
					"hitEffect": {
						"type": "MultiEffect",
						"effects": [
							{
								"type": "ParticleEffect",
								"particles": 1,
								"sizeFrom": 0,
								"sizeTo": 175,
								"length": 0,
								"baseLength": 0,
								"sizeInterp": "pow10Out",
								"lifetime": 180,
								"colorFrom": "FEEBB3A0",
								"colorTo": "FEEBB300"
							},
							{
								"type": "ParticleEffect",
								"particles": 28,
								"sizeFrom": 28,
								"sizeTo": 0,
								"sizeInterp": "pow10In",
								"interp": "pow5Out",
								"length": 175,
								"baseLength": 0,
								"lifetime": 360,
								"colorFrom": "FEEBB380",
								"colorTo": "FEEBB350"
							},
							{
								"type": "ParticleEffect",
								"particles": 22,
								"line": true,
								"strokeFrom": 3,
								"strokeTo": 0,
								"lenFrom": 60,
								"lenTo": 0,
								"length": 200,
								"baseLength": 0,
								"lifetime": 33,
								"colorFrom": "FEEBB3",
								"colorTo": "FEEBB3"
							},
							{
								"type": "WaveEffect",
								"lifetime": 30,
								"sizeFrom": 0,
								"sizeTo": 300,
								"strokeFrom": 10,
								"strokeTo": 0,
								"colorFrom": "FEEBB3",
								"colorTo": "FEEBB3"
							},
							{
								"type": "WaveEffect",
								"lifetime": 30,
								"startDelay": 10,
								"sizeFrom": 0,
								"sizeTo": 280,
								"strokeFrom": 10,
								"strokeTo": 0,
								"colorFrom": "FEEBB3",
								"colorTo": "FEEBB3"
							},
							{
								"type": "WaveEffect",
								"lifetime": 30,
								"startDelay": 20,
								"sizeFrom": 0,
								"sizeTo": 270,
								"strokeFrom": 10,
								"strokeTo": 0,
								"colorFrom": "FEEBB3",
								"colorTo": "FEEBB3"
							}
						]
					},
					"fragBullets": 10,
					"fragLifeMin": 0.6,
					"fragLifeMax": 1.5,
					"fragAngle": 36,
					"fragBullet": {
						"type": "BasicBulletType",
						"pierceArmor": true,
						"speed": 20,
						"lifetime": 10,
						"drag": 0.06,
						"damage": 7700,
						"splashDamage": 8600,
						"lightningDamage": 300,
						"lightning": 30,
						"lightningLength": 6,
						"lightningColor": "FEEBB3",
						"backColor": "FEEBB3",
						"frontColor": "FFFFFF",
						"splashDamageRadius": 65,
						"buildingDamageMultiplier": 3.33,
						"height": 20,
						"width": 16,
						"status": "终焉",
						"statusDuration": 10,
						"sprite": "missile-large",
						"hitSound": "plasmaboom",
						"despawnEffect": "none",
						"hitEffect": {
							"type": "MultiEffect",
							"effects": [
								{
									"type": "ParticleEffect",
									"particles": 6,
									"sizeFrom": 9,
									"sizeTo": 0,
									"length": 70,
									"baseLength": 0,
									"lifetime": 60,
									"colorFrom": "FEEBB3",
									"colorTo": "FEEBB3"
								},
								{
									"type": "WaveEffect",
									"lifetime": 15,
									"sizeFrom": 0,
									"sizeTo": 66,
									"strokeFrom": 8,
									"strokeTo": 0,
									"colorFrom": "FEEBB3",
									"colorTo": "FEEBB3"
								}
							]
						}
					}
				}
			}
				}
			}
		}
	},
	"researchCostMultiplier": 0.5,
	"requirements": [
		"镍/36000",
		"铝/20000",
		"silicon/20000",
		"graphite/18000",
		"破位物/1800",
		"羲和合金/1500",
		"钋/40000"
	],
	"category": "turret",
	"research": {
		"parent": "魔神",
	}
}