{
	"type": "PowerTurret",
	"name": "梦幻",
    "description":"这个炮台的样子是作者梦出来的，因此得名梦幻",
	"health": 11800,
	"size": 5,
    "heatRequirement": 150,
	"maxHeatEfficiency": 3,
	"canOverdrive": true,
	"shootSound": "plasmadrop",
	"unitSort": "farthest",
	"shoot": {
		"type": "ShootMulti",
		"source": {
			"shots": 5,
			"shotDelay": 1.5
		},
		"dest": [
			{
				"type": "ShootHelix",
				"shots": 2,
				"scl": 4,
				"mag": 3
			},
			{
				"type": "ShootHelix",
				"firstShotDelay": 2,
				"shots": 3,
				"scl": 4,
				"mag": 5
			},
			{
				"type": "ShootHelix",
				"firstShotDelay": 2,
				"shots": 4,
				"scl": 3,
				"mag": 4
			}
		]
	},
	"shootWarmupSpeed": 0.06,
	"warmupMaintainTime": 350,
	"minWarmup": 0.88,
	"drawer": {
		"type": "DrawTurret",
		"parts": [
		{
				"type": "ShapePart",
				"progress": "reload",
				"y": 9,
				"color": "BFFFDB",
				"colorTo": "25C9AB",
				"circle": true,
				"hollow": false,
				"radius": 3,
				"radiusTo": 0,
				"layer": 110
			},
			{
				"type": "ShapePart",
				"progress": "warmup",
				"y": 9,
				"color": "BFFFDB",
				"stroke": 0.9,
				"strokeTo":1,
				"circle": true,
				"hollow": true,
				"radius": 18,
				"radiusTo": 0,
				"layer": 110
			},
			{
				"type": "HaloPart",
				"shapeRotation": 180,
				"progress": "warmup",
				"sides": 3,
				"shapes": 3,
				"y": 9,
				"color": "BFFFDB",
				"layer": 110,
				"tri": true,
				"radius": 3,
				"radiusTo": 2.2,
				"triLength": 6,
				"triLengthTo": 22,
				"haloRadius": 18,
				"haloRadiusTo": 0,
				"haloRotateSpeed": -1.2
			}
		]
	},
	"unitSort":"strongest",
	"shootY": 10,
	"heatColor": "FF404040",
	"cooldownTime": 180,
	"shake": 8,
	"inaccuracy": 16,
	"recoil": 2,
	"recoilTime": 78,
    "velocityRnd": 0.2,
	"shootType": {
		"type": "BasicBulletType",
		"speed": 2,
		"lifetime": 90,
		"drag": -0.019,
		"status": "干扰",
		"statusDuration": 66,
		"homingDelay": 33,
		"homingPower": 0.0422,
		"homingRange": 60,
		"pierceArmor": true,
		"damage": 168,
		"splashDamageRadius": 126,
		"splashDamage": 256,
		"ammoMultiplier": 1,
		"sprite": "circle-bullet",
		"shrinkY": 0,
		"parts": [
			{
				"type": "HaloPart",
				"rotateSpeed": 0,
				"shapeRotation": 0,
				"sides": 3,
				"shapes": 3,
				"color": "BFFFDB",
				"colorTo": "BFFFDB",
				"tri": true,
				"hollow": true,
				"radius": 6,
				"radiusTo": 3,
				"triLength": 45,
				"triLengthTo": 0,
				"haloRadius": 0,
				"haloRotation": 0,
				"haloRotateSpeed": -4.33,
				"layer": 110
			}
		],
		"trailLength": 20,
		"trailWidth": 4,
		"trailColor": "BFFFDB",
		"frontColor": "FFFFFF",
		"backColor": "BFFFDB",
		"width": 10,
		"height": 10,
		"lightningDamage": 113,
		"lightning": 4,
		"lightningLength": 7,
		"lightningColor": "BFFFDB",
		"hitSound": "plasmaboom",
		"despawnEffect": {
			"type": "ParticleEffect",
			"particles": 1,
			"sizeFrom": 40,
			"sizeTo": 40,
			"length": 0,
			"baseLength": 0,
			"lifetime": 45,
			"colorFrom": "FFFFFF80",
			"colorTo": "BFFFDB00"
		},
		"hitEffect": {
			"type": "ExplosionEffect",
			"lifetime": 48,
			"waveStroke": 6,
			"waveLife": 22,
			"waveRadBase": 6,
			"waveColor": "BFFFDB",
			"waveRad": 70,
			"smokes": 7,
			"smokeColor": "BFFFDB80",
			"sparkColor": "BFFFDB",
			"sparks": 5,
			"sparkRad": 75,
			"sparkStroke": 2,
			"sparkLen": 16
		},
		}
	"shootEffect": {
		"type": "ParticleEffect",
		"particles": 3,
		"sizeFrom": 3,
		"sizeTo": 0,
		"interp": "pow5Out",
		"sizeInterp": "pow5In",
		"length": 53,
		"baseLength": 0,
		"lifetime": 55,
		"colorFrom": "BFFFDB",
		"colorTo": "BFFFDB",
		"cone": 20
	},
	"smokeEffect": {
		"type": "WaveEffect",
		"lifetime": 20,
		"sizeFrom": 0,
		"sizeTo": 60,
		"strokeFrom": 2,
		"strokeTo": 0,
		"colorFrom": "BFFFDB",
		"colorTo": "BFFFDB88"
	},
	"smokeEffect": "none",
	"consumes": {
		"power": 36,
		"liquid": {
			"liquid": "cryofluid",
			"amount": 1
		}
	},
	"liquidCapacity": 60,
	"reload":600,
	"rotateSpeed": 1.32,
	"range": 416,
	"category": "turret",
	"research": {
		"parent": "穿云",
	},
	"requirements": [
		"镍/900",
		"铝/1100",
		"钋/900",
		"羲和合金/300",
		"surge-alloy/600"
		"silicon/900"
		"graphite/1000"
	]
		"researchCostMultiplier": 0.5,
}