{
	"type": "PowerTurret",
	"name": "穿云",
	"description": "发射聚能激光激光，贯穿前方敌人，可以对空",
	"health": 1247,
	"size": 3,
	"reload":60,
	"range": 280,
	"accurateDelay":true,
		"targetGround": true,
	"targetAir": true,
	"moveWhileCharging": false,
	"recoil":4,
    "recoilTime": 90,//后坐力恢复时间
    	"drawer": {
		"type": "DrawTurret",
				"parts": [
			{
				"type": "RegionPart",
				"mirror": true,
				"suffix": "-侧",
				"heatProgress": "warmup",
				"heatColor": "FFFFFF65",
				"moveX": 2.5,
				"moveY": 1,
				"moveRot": -20
				"layer": 50,
			},
			]
		}
	"consumes": {
	"power":15
	"coolant":{"amount":0.3,"optional":true}  
		},
	"shoot":{
		"type":"ShootPattern",
		"firstShotDelay":15
	},
		"shootType": {
	"type": "LaserBulletType",
	"chargeEffect":{
	"type":"MultiEffect",
	"effects":["lancerLaserCharge","lancerLaserChargeBegin"]
	},
	"status": "干扰",
			"statusDuration": 120,
	"pierceBuilding": true,
		"collidesGround":true,
			"collidesAir":true,
	"status": "干扰",
	"lightningSpacing":25,
	"lightningLength":6,
	"lightningDelay":0.6,
	"lightningLengthRand":1,
	"lightningAngleRand":8,
	"lightningDamage":100,
	"lightningColor":"FFFFFF",
	"damage": 650,
	"buildingDamageMultiplier":0.1,
	"pierceDamageFactor":0.4
	"ammoMultiplier":1,
	"pierceCap":25
	"width": 28,	"length": 280,
	"lifetime": 30
	"collidesAir": true
	},
	"shootSound":"laser",
    "chargeSound":"lasercharge2",
	"shootEffect":"lancerLaserShoot",
	"smokeEffect": "bigShockwave",
	"inaccuracy": 0,
	"rotateSpeed": 4,
	"shake":1, 
	"requirements": [
	{ "item": "silicon", "amount":400}
{ "item": "镍", "amount": 550}
{ "item": "graphite", "amount": 450}
{"item":"铝","amount":300}
	],
	"category": "turret",
"research": {
	"parent": "洞雾"//科技树前置
	"requirements": [//研究花费
	"silicon/1200",
	"镍/3000"
	"graphite/2200"
	"铝/2450"
	]
	"objectives": [
//		"",//研究xx
	]	},
	        "canOverdrive": true,
}