{
	"name": "铁矿区",
	"description": "敌方的部队突破了防线，原指挥官被撤职。现在，你是新的指挥官，抵挡敌军直到我方主力部队撤退。在这里的铁资源十分丰富",
	"loadout": "basicFoundation",
    "startingItems": [
    	{"item": "copper", "amount": 400},
    	{"item": "lead", "amount": 100},
    	{"item": "冰霜", "amount": 50},
    	{"item": "silicon", "amount": 100}
    	],
    "conditionWave": 20,
    "launchPeriod": 20,
    "requirements": [
    	{

    		"type": "ZoneWave",
    		"zone": "ruinousShores", 
			"wave": 40
		}
		{"type": "unlock","block": "精炼厂"},
		{"type": "unlock","block": "投射炮"},
		{"type": "unlock","block": "水泥混合机"}
    ],
    "resources": ["copper", "lead", "铁矿石", "sand","coal","titanium","thorium","scrap","结晶物质"]
}
