{
	"name": "霜冻",
	"description": "火山喷发使得前线出现了缺口，敌人的陆军因为被巨石阻拦，所以很久才能到达。防御住，我们会尽快让你撤离",
	"loadout": "basicFoundation",
    "startingItems": [
    	{"item": "copper", "amount": 1000},
    	{"item": "lead", "amount": 1000},
    	{"item": "冰霜", "amount": 200},
    	{"item": "silicon", "amount": 200}
    	{"item": "铁", "amount": 200}
    	],
    "conditionWave": 5,
    "launchPeriod": 7,
    "requirements": [
    	{

    		"type": "ZoneWave",
    		"zone": "冰川", 
			"wave": 40
		}
		{"type": "unlock","block": "重型轨道炮"},
		{"type": "unlock","block": "相位机"},
		{"type": "unlock","block": "净水机"}
    ],
    "resources": ["copper", "lead", "铁矿石", "sand","coal","titanium","thorium","结晶物质"]
}
