{
	"type":"PowerTurret",
	"name":"离子轨道炮",
    "description":"充能并发射一个高能能量球，在沿途分裂出散弹",
	"size":4,
	"health":3250,
	"ammoPerShot":200,
	"range":300,
	"reload":150,
	"inaccuracy":0,
	"ammoPerShot":1,
	"ammoUseEffect": "casing2",
	"rotateSpeed":11,
	"maxAmmo":20,
	"targetAir":false
	"targetGround":true,
	"coolantMultiplier":2,
	"shootSound":"missile",
	"heatColor":"#45cef5",
	"shootType": {
		"type": "BasicBulletType",
		"damage": 90,
		"status": "腐蚀",
		"statusDuration": 18,
		"lifetime":100,
		"speed": 3,
		"width": 50,
		"height": 50,
		"hitSize": 40,
		"frontColor": "FFFFFF",
		"backColor": "FEEBB3",
		"trailLength": 8,
		"trailWidth": 3.6,
		"trailColor": "FEEBB3",
		"ammoMultiplier": 10,
		"hitSound": "lasercharge2",
		"despawnEffect": "none",
		"smokeEffect": "smokeCloud",
			"intervalBullets": 10,
            "intervalRandomSpread":45,
            "intervalBullet":{
            "pierceCap":1,
            "type":"BasicBulletType",
			"speed": 2,
			"damage":10,
			"lifetime":240,
			"width": 5,
			"sprite":"贴图"
            "backColor":"45cef5",
            "frontColor":"E3E3E3", 
            "trailLength": 4,
            "trailWidth": 2,
            "trailColor": "45cef5FF",
			"height": 5,
            "splashDamageRadius":24,
	        "splashDamage":33,
	        "drag": 0.005
            }
	},
	"requirements": [
        {"item": "graphite","amount": 300},//石墨X300
        {"item": "silicon", "amount": 250},//硅X
        {"item": "titanium", "amount": 120},
        { "item": "plastanium", "amount":20},
    ],//造价
	"category": "turret",//类型
	"research":"冲击波炮"//科技树位置，duo为双管
}