
{
    "name":"力墙映射",
    "description":"大范围的保护友方建筑\n[cyan]力墙投影：不是，这才第几关？",
        "health": 230,
        "size": 2,
        "armor":2,
        "radius": 116,
        "cooldownNormal": 0.5,
	    "cooldownLiquid": 2.5,
	    "cooldownBrokenBase": 0.25,
        "liquidCapacity": 600,
        "phaseRadiusBoost": 0,
        "phaseShieldBoost": 0,
        "consumes": {
            "power": 4
        },
        "squareSprite": false,
	    "canOverdrive": true,
        "shieldHealth": 300,
        "requirements": [
            "lead/100",
            "Stannum/80",
            "Bronze/75",
            "silicon/60"
        ],
        "category": "defense"
    
}