{
    "type": "GenericCrafter", // 类型，表示这是一个通用制造类建筑
    "name": "塑钢台", // 建筑名称
    "description": "煤炭代替石油\n是哪个睿智想出来的？", // 建筑描述
    "outputItem": "plastanium/2", // 输出物品，格式为物品名称/数量
    "size": 2, // 建筑大小（边长）
    "hasPower": true, // 是否消耗电力
    "hasItems": true, // 是否需要输入物品
    "craftTime": 60, // 制造时间（单位为刻，1秒=60刻）
    "itemCapacity": 40, // 物品容量
    "drawer": { // 绘图设置
        "type": "DrawMulti", // 使用多层绘制
        "drawers": [
            "DrawDefault", // 默认绘制
            {
                "type": "DrawFlame", // 绘制火焰效果
                "flameColor": "e3e3c3" // 火焰颜色
            }
        ]
    },
    "craftEffect": "smeltsmoke", // 制造时产生的特效
    "consumes": { // 消耗资源
        "power": 1.5, // 消耗电力（单位为每秒1.5单位电力）
        "items": [ // 消耗物品
            "coal/5", // 煤
            "titanium/2" // 钛
        ]
    },
    "requirements": [ // 建造需求
        "copper/25", //铜
        "graphite/10"//石墨
    ],
    "category": "crafting", // 分类为制造类建筑
    "ambientSound": "smelter", // 环境音效
    "research": "塑钢熔炼厂" // 研究解锁名称
}
