{
    "type": "GenericCrafter", // 类型，表示这是一个通用制造类建筑
    "name": "大型窑炉", // 建筑名称
"description": "其实是把5个窑炉合在一起变大型窑炉了",
"squareSprite": false,
    // 不使用方形精灵  我也不知道 翻译是这样的
    "size": 4, // 建筑大小（边长）
    "health": 1820,  // 生命值
    "hasPower": true, // 是否消耗电力
    "hasItems": true, // 是否需要输入物品
    "craftTime": 80, // 制造时间（单位为刻，1秒=60刻）
    "itemCapacity": 40, // 物品容量
    "craftEffect": "formsmoke", // 制造时产生的特效
    "consumes": { // 消耗资源
        "power": 1.4, // 消耗电力（单位为每秒1.5单位电力）
        "items": [ // 消耗
            { "item": "sand","amount": 6 },
            { "item": "lead","amount": 6 },
        ]
    },
      "outputItem": "metaglass/5", // 输出物品
    "requirements": [ // 建造需求
        { "item": "copper","amount": 30 },
        { "item": "silicon","amount": 40 },
        { "item": "graphite","amount": 25 },
    ],
    "category": "crafting", // 分类为制造类建筑
    "ambientSound": "smelter", // 环境音效
    "research": "kiln" // 研究前段
    
    "drawer": { // 绘图设置
        "type": "DrawMulti", // 使用多层绘制
        "drawers": [
            "DrawDefault", // 默认绘制
            {
                "type": "DrawFlame", // 绘制火焰效果
                "flameColor": "E48B8BFF" // 火焰颜色
            }
        ]
    },
}
