{
	"type": "GenericCrafter",
	"name": "晶体制造厂",
	"description": "沙子做出来的...？",//介绍
	"outputItem": "晶体/3",
	"size": 2,
	"hasPower": true,
	"hasItems": true,
	"craftTime":  135,
	"itemCapacity": 65,
	"drawer": {
		"type": "DrawMulti",
		"drawers": [
			"DrawDefault",
			{
				"type": "DrawFlame",
				"flameColor": "e1e4c8"
			}
		]
	},
	"craftEffect": "smeltsmoke",
	"consumes": {
	    "power":1.5,
		"items": [
			"sand/5",
		]
	},
	"requirements": [
		"graphite/15",
	],
	"category": "crafting",
	"ambientSound": "smelter",
	"alwaysUnlocked":true,
    "research": "晶体工业"
}