{
	"type": "GenericCrafter",
	"name": "石墨制造机",
	"description": "五个煤炭出四个石墨，实在是太豪赤了",
	"health":120,
	"itemCapacity":40,
	"outputItem": {"item": "graphite","amount":4},
	"size":3,
	"hasPower": false,
	"hasItems": true,
	"craftTime":50,//60:1
	 "craftTime": 90, // 制造时间（单位为刻，1秒=60刻）
	"drawer":{
        "type":"crafting",
        "drawers":[
            "DrawDefault",
            "DrawFlame"
            ]
    },
	"updateEffect": "smeltsmoke",
	"consumes": {
		"items": {
			"items": [
				{ "item": "coal", "amount":5 }
			]
		}
	},
	"requirements": [
		{ "item": "copper", "amount":25}
		{ "item": "lead", "amount":30}
	],
	"category": "crafting",
	"research": "塑钢熔炼厂",
	"idleSound": "respawning",
}