{
    "type": "GenericCrafter", // 工厂类型
    "name": "石墨解压机", // 建筑名称
    "description": "倒反天罡！", // 描述
    "health": 500, // 生命值
    "itemCapacity": 60, // 物品容量
    "outputItem": {"item": "coal","amount":3}, // 输出物品
    "size": 3, // 占地大小（3x3）
    "hasPower": false, // 不需要电力
    "hasItems": true, // 需要物品输入
    "craftTime": 70, // 制造时间（单位为刻，1秒=60刻）
    "drawer": {
        "type": "crafting",
        "drawers": [
            "DrawDefault", // 默认绘制
            "DrawFlame" // 火焰特效
        ]
    },
    "updateEffect": "smoke", // 制造时的特效（这里是烟雾）
    "consumes": {
        "items": {
            "items": [
                {"item": "graphite","amount":1}, // 输入物品
      
            ]
        }
    },
    "requirements": [ // 建造需求
        { "item": "copper", "amount": 50 }
        { "item":"silicon","amount":25}
    ],
    "category": "crafting", // 分类
    "research": "石墨制造机" // 解锁科技
}
//用AI整的