{
	"type": "GenericCrafter",
	"name": "硅压缩机",
	"outputItem": "silicon/7",
	"description": "变成电磁炉了",
	"size": 4,
	"hasPower": true,
	"hasLiquids": true,
	"hasItems": true,
	"craftTime": 80,
	"itemCapacity": 40,
	"liquidCapacity": 30,
	"drawer": {
    "type": "DrawMulti",  // 使用复合绘图器组合多个绘制层
    "drawers": [          // 按从下到上的顺序定义各图层
        // 1. 底部结构层
        {
            "type": "DrawRegion",   // 绘制建筑基础纹理
            "suffix": "-bottom"    // 使用"-bottom"后缀的纹理图片
            // 说明：这是建筑最底层的静态结构，通常为机械底座
        },

        // 2. 液体层（氢）
        {
            "type": "DrawLiquidRegion",
            "drawLiquid": "hydrogen",  // 指定绘制液态氢
            "color": "A5D8FFFF",       // (可选)覆盖默认颜色：浅蓝+不透明
            "lightColor": "6EC8FF80"   // (可选)发光效果：亮蓝+50%透明
            // 说明：液体容器效果，color/lightColor可调整视觉风格
        },

        // 3. 核心火焰特效
        {
            "type": "DrawCrucibleFlame",  // 熔炉火焰特效绘制器
            // 颜色配置
            "midColor": "8CAAE8FF",
            "flameColor": "8CAAE8FF",
            "circleSpace": 0,
            "circleStroke": 0,
            
            // 粒子系统
            "particles": 200,         // 同时存在的最大粒子数
            "particleLife": 120,       // 粒子存活时长（帧数）
            "particleRad": 8,       // 粒子散布范围半径
            "particleSize": 4.5,      // 粒子显示大小
            "rotateScl": 4.5
            // 旋转动画速度系数
            
            /* 火焰工作原理：
               1. 基础火焰形状由flameRad确定
               2. 通过radiusScl/Mag产生动态波动
               3. particles会在规定半径(particleRad)内随机生成
               4. 颜色从midColor向flameColor渐变
            */
        },

        // 4. 默认层（必须保留）
        "DrawDefault"  
        // 说明：自动绘制物品输入/输出、电力状态等基础元素
    ]
},
	
	"craftEffect": "none",
	
	"consumes": {
		"power": 3,
		"liquid": "water/0.05",
		"items": [
			"sand/3",
			"graphite/5"
		]
	},
	
	"requirements": [
		"graphite/65"
	],
	
	"ambientSound": "smelter",
	"category": "crafting",
	"research": "晶体工业"
}