{
	"type": "GenericCrafter",
	"name": "铜粉碎机",
	"description": "地图没有沙子的情况下，可以用铜打成沙子？",
	"health":110,
	"itemCapacity":40,
	"outputItem": {"item": "sand","amount":3 },
	"size":2,
	"hasPower": false,
	"hasItems": true,
	"craftTime":50,//60:1
	 "craftTime": 52, // 制造时间（单位为刻，1秒=60刻）
	"drawer":{
        "type":"crafting",
        "drawers":[
            "DrawDefault",
            "DrawFlame"
            ]
    },
	"updateEffect": "smeltsmoke",
	"consumes": {
		"items": {
			"items": [
				{ "item": "copper", "amount":2 }
			]
		}
	},
	"requirements": [
		{ "item": "copper", "amount":5}
	],
	"category": "crafting",
	"research": "晶体工业",
	"idleSound": "respawning",
}