{
	"name": "低温抽取机",
	"type": "SolidPump",
	"health": 310,
	"description": "利用低温将抽取上来的水变为冷却液"
	"size": 2,
	"hasPower": true,
	"hasLiquids": true,
	"liquidCapacity": 30,
	"requirements": [
		"copper/180",
		"silicon/115",
		"metaglass/90",
		"钛晶玻璃/85",
	],
	"consumes": {
		"power": 3.2
	},
	"pumpAmount": 0.16,
	"rotateSpeed": 1.45,
	"result": "cryofluid",
	"baseEfficiency": 1,
	"attribute": "water",
	"category": "production",
	"research": "water-extractor"
}
