{
	"name": "爆破钻机",
	"type": "BurstDrill",
	"health": 3480,
	"size": 5,
	"description":"放置在矿物上时，以缓慢的速度无限输出物品，需要冷却液来降温。"
	"tier": 5,
	"arrowOffset": 0,
	"arrowSpacing": 0.5,
	"arrows": 12,
	"itemCapacity": 50,
	"liquidCapacity": 120,
	"drawRim": true,
	"hasItems": true,
	"drillTime": 45,
	"drillEffect": {
		"type": "MultiEffect",
		"effects": [
			{
				"type": "ParticleEffect",
				"particles": 5,
				"sizeFrom": 19,
				"sizeTo": 0,
				"interp": "fastSlow",
				"length": 35,
				"baseLength": 8,
				"lifetime": 55,
				"colorFrom": "737373",
				"colorTo": "737373",
				"cone": 360
			},
			{
				"type": "ParticleEffect",
				"particles": 20,
				"line": true,
				"length": 43,
				"baseLength": 3,
				"lifetime": 20,
				"colorFrom": "FFFFFF",
				"colorTo": "FFE176",
				"cone": 360
			},
			{
				"type": "ParticleEffect",
				"particles": 1,
				"sizeFrom": 0,
				"sizeTo": 38,
				"length": 0,
				"baseLength": 0,
				"lifetime": 14,
				"colorFrom": "FFFFFF80",
				"colorTo": "FFFFFF00",
				"cone": 360
			},
			{
				"type": "WaveEffect",
				"lifetime": 14,
				"sizeFrom": 0,
				"sizeTo": 38,
				"strokeFrom": 2,
				"strokeTo": 0,
				"colorFrom": "FFFFFF",
				"colorTo": "FFFFFF00"
			}
		]
	},
	"consumes": {
		"power": 8.6,
		"liquid": {
			"liquid": "cryofluid",
			"amount": 0.2
		}
	},
	"requirements": [
		"titanium/425",
		"copper/320",
		"silicon/285",
		"thorium/185",
		"钛晶玻璃/155"
	],
	"category": "production",
	"research": {
	"parent":"laser-drill"
	"objectives": [
	{
				"type": "SectorComplete",
				"preset": "崎岖山道"
			}
		]
	}
}