{
	"name": "离子切割钻",
	"type": "Drill",
	"description":"可挖掘更硬的矿物，用水降温来达到满效",
	"size": 3,
	"tier": 8,
	"health": 740,
	"rotateSpeed": 2,
	"warmupSpeed": 0.06,
	"itemCapacity": 15,
	"liquidCapacity": 20,
	"canOverdrive": false,
	"hasItems": true,
	"drillTime": 40,
	"drillEffect": "mineBig",
	"updateEffect": "mineBig",
	"liquidBoostIntensity": 1.6,
	"hardnessDrillMultiplier": 40,
	"consumes": {
		"power": 8.4,
		"liquid": {
			"liquid": "water",
			"amount": 0.34,
			"booster": true,
			"optional": true
		}
	},
	"requirements": [
		"copper/180",
		"graphite/85",
		"silicon/60",
		"钛晶玻璃/120",
		"thorium/115"
	],
	"category": "production",
	"research": "激光钻机"
}