{
    "name": "电解机",
    "type": "GenericCrafter",
    "category": "crafting",
    "description": "将水电解为氢和臭氧气体。",
    "consumes": {
        "power": 4,
        "liquid": {
            "liquid": "water",
            "amount": 0.5
        }
    },
    "liquidOutputDirections": [ 1, 3 ],
    "outputLiquids": [
        "ozone/0.3333333333",
        "hydrogen/0.6666666666"
    ],
    "drawer": {
        "type": "DrawMulti",
        "drawers": [
            {
                "type": "DrawRegion",
                "suffix": "-bottom"
            },
            {
                "type": "DrawLiquidTile",
                "drawLiquid": "water"
            },
            {
                "type": "DrawBubbles",
                "color": "2C2C2C",
                "sides": 10,
                "recurrence": 3,
                "spread": 6,
                "radius": 1.5,
                "amount": 20
            },
            "DrawRegion",
            "DrawLiquidOutputs",
            {
                "type": "DrawGlowRegion",
                "alpha": 0.7,
                "color": "C4BDF3",
                "glowIntensity": 0.3,
                "glowScale": 6
            }
        ]
    },
    "research": {
        "parent": "afaa硅冶炼炉",
        "requirements": [
            "铁/600",
            "镍/450",
            "graphite/300",
            "silicon/600"
        ],
        "objectives": []
    },
    "requirements": [
        "铁/60",
        "镍/45",
        "graphite/30",
        "silicon/60"
    ],
    "itemCapacity": 20,
    "health": 900,
    "rotate": true,
    "size": 3,
    "hasPower": true,
    "hasLiquids": true,
    "craftTime": 9.6,
    "liquidCapacity": 90
}