{
    "name": "钢冶炼厂",
    "type": "GenericCrafter",
    "size": 3,
    "itemCapacity": 30,
    "description": "将铁和镍熔炼为钢。",
    "details": "百炼成钢",
    "consumes": {
        "power": 4,
        "items": {
            "items": [
                "铁/5",
                "镍/3"
            ]
        }
    },
    "updateEffect": "burning",
    "updateEffectChance": 0.1,
    "craftTime": 90,
    "outputItem": "钢/3",
    "requirements": [
        "铁/35",
        "镍/100",
        "graphite/75",
        "silicon/60"
    ],
    "drawer": {
        "type": "DrawMulti",
        "drawers": [
            "DrawDefault",
            {
                "type": "DrawFlame",
                "flameColor": "CCCCCCFF"
            }
        ]
    },
    "category": "crafting",
    "research": "afaa硅冶炼炉"
}