{
    "type": "GenericCrafter",
    "name": "冷冻液混合机",
    "description": "使用先进的技术将水和冰混合制成冷冻液。",
    "size": 3,
    "itemCapacity": 60,
    "liquidCapacity": 120,
    "consumes": {
        "power": 6,
        "items": {
            "items": [
                "冰/3"
            ]
        },
        "liquid": "water/0.5"
    },
    "updateEffect": "freezing",
    "craftTime": 30,
    "outputLiquid": "cryofluid/0.5",
    "requirements": [
        "镍/140",
        "铝/60",
        "silicon/40"
    ],
    "drawer": {
        "type": "DrawMulti",
        "drawers": [
            {
                "type": "DrawRegion",
                "suffix": "-bottom"
            },
            {
                "type": "DrawLiquidTile",
                "drawLiquid": "water"
            },
            {
                "type": "DrawLiquidTile",
                "drawLiquid": "cryofluid"
            },
            "DrawDefault",
            {
                "type": "DrawGlowRegion",
                "alpha": 1,
                "glowScale": 5,
                "color": "0097F5"
            }
        ]
    },
    "category": "crafting",
    "research": {
        "parent": "afda冰块制造厂",
        "objectives": [
            {
                "type": "SectorComplete",
                "preset": "ab陨星平原"
            }
        ]
    }
}