{
    "name": "血肉提纯机",
    "description": "将血水中的残缺血肉细胞从血水中分离出来并将它们聚合在一起。该过程需要大量电力。",
    "type": "GenericCrafter",
    "size": 3,
    "hasLiquids": true,
    "squareSprite": false,
    "ignoreLiquidFullness": true
    "itemCapacity": 40,
    "liquidCapacity": 240,
    "consumes": {
        "power": 12,
        "liquids": {
            "liquids": [
                "血水/0.75"
            ]
        }
    },
    "craftTime": 60,
    "outputItem": "生物组织/2",
    "outputLiquid": "water/0.5",
    "requirements": [
        "镍/85",
        "graphite/340",
        "铝/25",
        "钢/155"
    ],
    "drawer": {
        "type": "DrawMulti",
        "drawers": [
            {
                "type": "DrawRegion",
                "suffix": "-bottom"
            },
            {
                "type": "DrawLiquidRegion",
                "drawLiquid": "血水"
            },
            {
                "type": "DrawLiquidRegion",
                "drawLiquid": "water"
            },
            {
                "type": "DrawCultivator",
                "plantColor": "D75B6E",
                "plantColorLight": "E78F92",
                "bottomColor": "474747",
                "bubbles": 12,
                "sides": 16,
                "strokeMin": 0,
                "spread": 5,
                "timeScl": 90,
                "recurrence": 8,
                "radius": 4
            },
            "DrawDefault",
            {
                "type": "DrawRegion",
                "suffix": "-top"
            },
            {
                "type": "DrawParticles",
                "color": "E78F92",
                "alpha": 0.6,
                "particles": 15,
                "particleLife": 300,
                "particleRad": 16,
                "particleSize": 2,
                "fadeMargin": 0,
                "rotateScl": 360,
                "reverse": true
            }
        ]
    },
    "category": "crafting",
    "research": {
        "parent": "afba电解机",
        "objectives": [
            "afga冷冻液混合机"
        ]
    }
}