{
  "type": "HeatConductor", // 单元类型为 "HeatConductor"，表示热传导器。
  	"description": "传输热能",
  "name": "热量传输机", // 热传导器名称为 "heat-redirector"。
  "requirements": [
	"graphite/15",
	"silicon/20"
  ],
  "size": 1, // 尺寸
  "drawer": {
    "type": "DrawMulti", // 绘制器类型为 "DrawMulti"，表示多个绘制器的组合。
    "drawers": [
      { "type": "DrawDefault" }, // 默认绘制器。
      { "type": "DrawHeatOutput" }, // 热输出绘制器。
      { "type": "DrawHeatInput", "suffix": "-heat" } // 热输入绘制器，区域名称后加上 "-heat" 后缀。
    ]
  },
  "regionRotated1": 1 // 区域旋转 1，表示顺时针旋转 90 度。
  "category": "crafting",
  "research" : "agaa电制热机",
}