{
    "type": "UnitCargoLoader",
    "description": "建造货运无人机。\n无人机通过需求自动将物品分配到单位物流卸载平台。",
    "name": "单位物流装载平台",
    "size": 2,
    "health": 340,
    "itemCapacity": 200,
    "buildTime": 600,
    "unitType": "manifold",
    "consumes": {
        "power": 1,
        "liquid": {
            "liquid": "slag",
            "amount": 0.3
        }
    },
    "requirements": [
        {
            "item": "titanium",
            "amount": 75
        },
        {
            "item": "thorium",
            "amount": 35
        },
        {
            "item": "高频芯片",
            "amount": 25
        }
    ],
    "category": "distribution",
    "research": "mass-driver"
}