{
    "type": "UnitAssembler",
    "name": "巨构单位构建厂",
    "description": "使用单位将方块放入\n需要大量电力和蓝冻液",
    "health": 6520,
    "size": 9,
    "droneType": "武装建造机",
    "liquidCapacity": 240,
    "consumes": {
        "power": 50,
        "liquid": {
            "liquid": "蓝冻液",
            "amount": 2
        }
    },
    "areaSize": 32,
    "plans": [
        {
            "unit": "寻猎者",
            "time": 60000,
            "requirements": [
                "蓝钢工业-泰坦转盘式标枪导弹系统/2",
                "蓝钢工业-转盘式标枪导弹系统/16",
                "蓝钢工业-防空导弹系统/2",
                "蓝钢工业-蓝屏/5",
                "蓝钢工业-蓝钢电池/2",
                "蓝钢工业-增强力墙场/1",
                "vault/2",
                "蓝钢工业-大型普勒合金墙/32"
            ]
        }
    ],
    "requirements": [
        "蓝钢/2600",
        "普勒合金/2100",
        "copper/1700",
        "lead/1700",
        "thorium/1500",
        "silicon/1300",
        "plastanium/1300",
        "phase-fabric/800"
    ],
    "category": "units",
    "canOverdrive": false,
    "research": "ground-factory",
    "details": "不喜欢写这东西…"
}