{
"name":"强化抽水机" ,
"description":"探掘地下水",
"type": "SolidPump",
"health": 750,
"size": 2,
"floating":true,
"hasPower": true,
"hasLiquids": true,
"liquidCapacity": 600,
	"requirements": [
	    {"item": "copper", "amount": 240},
	    {"item": "lead", "amount": 320},
		{"item": "graphite", "amount": 350},
		{"item": "metaglass", "amount": 260},
		
],
"consumes": { "power":1.8},
"pumpAmount": 0.62,
"rotateSpeed": 1.3,
"result":"water",
"baseEfficiency": 1,
"attribute": "water",
"category": "production",
"research": "water-extractor"
}