{
"name":"强化石油深井" ,
"description":"能够下掘石油",
"type": "SolidPump",
"health": 1250,
"size": 3,
"floating":true,
"hasPower": true,
"hasLiquids": true,
"liquidCapacity": 600,
	"requirements": [
	    {"item": "copper", "amount": 155},
		{"item": "graphite", "amount": 90},
		{"item": "metaglass", "amount":85},
		{"item": "titanium", "amount":120}
],
"consumes": { "power": 2.8},
"pumpAmount": 1,
"rotateSpeed": 1.3,
"result":"oil",
"baseEfficiency": 1,
"attribute": "oil",
"category": "production",
"research": "oil extractor"
}