{
  "type":"Separator",
  "name":"深层钍钻机",
  "description":"比浅层矿机挖掘深度更深 专门生产钍矿",
  "health":1350,
  "spinnerSpeed":4
  "liquidCapacity":60,
  "itemCapacity":100,
  "size":3,
  "craftTime":6,
  "results":[
  {"item":"thorium","amount":10}
  ],
  "consumes":{
    "power":7.5,
    "liquid":{
      "liquid":"water",
      "amount":0.75,
    },
  }
  "requirements":[
  { "item": "高级强化板", "amount":100},
  {"item":"thorium","amount":350}
  { "item": "copper", "amount":300},
   { "item": "lead", "amount":240}
  ],
 "category":"production",
 "research":"钍钻机"
}
