{
  "type":"Separator",
  "name":"深层铜钻机",
  "description":"比浅层矿机挖掘深度更深 专门生产铜矿",
  "health":900,
  "spinnerSpeed":3
  "liquidCapacity":60,
  "itemCapacity":100,
  "size":3,
  "craftTime":6,
  "results":[
  {"item":"copper","amount":10}
  ],
  "consumes":{
    "power":5,
    "liquid":{
      "liquid":"water",
      "amount":0.5,
    },
  }
  "requirements":[
  { "item": "copper", "amount":450},
   { "item": "lead", "amount":160}
  { "item": "高级强化板", "amount":100},
  ],
 "category":"production",
 "research":"铜钻机"
}
