{
  "type":"Separator",
  "name":"浅层煤钻机",
  "description":"比通常矿机挖掘深度更深 专门生产煤矿",
  "health":300,
  "spinnerSpeed":3
  "liquidCapacity":50,
  "itemCapacity":100,
  "size":2,
  "craftTime":30,
  "results":[
  {"item":"coal","amount":10}
  ],
  "consumes":{
    "power":1,
    "liquid":{
      "liquid":"water",
      "amount":0,
    },
  }
  "requirements":[
  { "item": "基础强化板", "amount":50},
  {"item":"coal","amount":50}
  { "item": "copper", "amount":40},
   { "item": "lead", "amount":32}
  ],
 "category":"production",
 "research":"铅钻机"
}
