{
"name":"迷你抽水机" ,
"description":"一个迷你的抽水机，用于需水量不大的时候",
"type": "SolidPump",
"health": 180,
"size": 1,
"floating":true,
"hasPower": true,
"hasLiquids": true,
"liquidCapacity": 100,
	"requirements": [
	    {"item": "copper", "amount": 60},
	    {"item": "lead", "amount": 80},
		{"item": "graphite", "amount": 85},
		{"item": "metaglass", "amount": 75},
		
],
"consumes": { "power": 0.5},
"pumpAmount": 0.15,
"rotateSpeed": 1,
"result":"water",
"baseEfficiency": 1,
"attribute": "water",
"category": "production",
"research": "water-extractor"
}