{
        "range":1080,
        "ammoTypes": {
            "surge-alloy": {
			"type": "PointBulletType",
			"hitEffect": "instHit",
			"smokeEffect": "smokeCloud",
			"trailEffect": "instTrail",
			"despawnEffect": "instBomb",
			"damage": 1450,
			"hitShake": 6,
			"ammoMultiplier": 1,
			"speed": 200,
			"lifetime": 60,
			"shootEffect": "instShoot",
			"buildingDamageMultiplier": 0.3
		    },
		    "砖块": {
		    "type": "PointBulletType",
			"smokeEffect": "smokeCloud",
			"status":"sapped",
			"trailEffect": "instTrail",
			"despawnEffect": "instBomb",
            "damage":20000,
            "lifetime":60,
	        "reloadMultiplier":0.2,
			"hitShake": 6,
			"ammoMultiplier": 1,
			"lightningDamage": 2000,
			"lightning":5,
			"lightningLength": 20,
			"shootEffect": "instShoot",
			"buildingDamageMultiplier": 0.3
			"color":"FFFF91FF"
			"width":75,
				    "hitEffect": {
					"type": "MultiEffect",
					"effects": [
					{
							"type": "WaveEffect",
							"lifetime": 10,
							"sizeFrom": 0,
							"sizeTo": 60,
							"strokeFrom": 0,
							"strokeTo": 2,
						"colorFrom":"FFFF91FF",
							"colorTo": "FFFF91FF"
						},
						{
							"type": "ParticleEffect",
							"particles": 8,
							"sizeFrom": 4,
							"sizeTo": 0,
							"length": 60,
							"baseLength": 0,
							"interp": "pow10Out",
							"sizeInterp": "pow10In",
							"lifetime": 10,
						   "colorFrom":"FFFF91FF",
							"colorTo": "FFFF91FF"
						},
		        	]
				}
		    "fragBullets":1,
		    "fragRandomSpread":0,
            "fragBullet":{
			"type": "LaserBulletType",
			"absorbable": false,
			"hitEffect": "instHit",
			"smokeEffect": "smokeCloud",
			"status":"sapped",
			"trailEffect": "instTrail",
			"despawnEffect": "instBomb",
	        "length":480,
            "damage":10000,
            "width":75,
            "lifetime":60,
            "hitEffect":"none"
	        "reloadMultiplier":0.2,
			"hitShake": 6,
			"ammoMultiplier": 1,
			"lightningDamage": 2000,
			"lightning":5,
			"lightningLength": 20,
			"lifetime": 60,
			"shootEffect": "instShoot",
			"buildingDamageMultiplier": 0.3
			"colors":[
			"FFFF91FF",
			"FFFF91FF",
			"FFFF91FF"
			]
		    "fragBullets":5,
            "fragBullet":{
            "damage":2500
            "pierceCap": 2,
            "splashDamageRadius":100,
	        "splashDamage":25000,
	        "colorFrom":"FFFF91FF"
	        "colorTo":"FFFF91FF"
            "type":"BasicBulletType"
            "hitSound":"plasmaboom",
	        "width":20,
	        "height":20,	
	        "frontColor":"FFFF91FF",
            "backColor":"FFFF91FF",
            "trailLength":6,
	        "trailWidth":3,
            "trailColor":"FFFFFF",
            "speed":4,
	        "lifetime": 60,
    "fragBullets":4,
    "fragBullet":{
    "type": "LaserBulletType",
    "hitSound":"laser",
    "damage":1000,
    "lightningSpacing":10,
	"lightningLength":4,
	"lightningDelay":0.4,
	"lightningLengthRand":2,
	"lightningAngleRand":4,
	"lightningDamage":100,
    "lightningColor":"FFFF91FF"
    "collidesTeam":true,
    "hitEffect":"none",
    "despawnEffect":"none",
    "colors":["FFFF91FF", "FFFF91FF", "FFFF91FF"],
    "width":16, 
    "length":150,
    "lifetime":10,}}}
    }
    }
}