{
    "type":"Conveyor"
	"name":"未知传送带",
	"description":"向前运输物品。",
	"health":40,
	"armor":2
	"requirements": [
	    "错误/1",
	    ]
		"research": {
		"parent": "错误",
    "requirements":[
        "错误/20",
        ]
	},
	"category": "distribution",
	"speed":105,
	"displayedSpeed":0,
	//显示的速度
		"bridgeReplacement":"铜传送带桥",//默认桥
    "junctionReplacement":"铜连接器",//默认交叉器
	"placeableLiquid":false,
	//能否在液体上构建
	"requiresWater":false,
	//是否只能在水上
}