{
	"name": "大导弹",
	"type": "missile",
	"template": "MissileUnitType",
	"description": "大导弹",
	"health": 2000,
	"armor": 6,
	"speed": 10,
	"lifetime": 180,
	"maxRange": 6,
	"rotateSpeed": 1.2,
	"engineColor": "FEB380",
	"trailColor": "FEB380",
	"engineLayer": 100,
	"engineSize": 3.1,
	"engineOffset": 6,
	"trailLength": 18,
	"missileAccelTime": 60,
	"lowAltitude": true,
	"fogRadius": 8,
	"outlineColor": "6E7080FF",
"despawnEffect":{
	"type": "WaveEffect",
	"lifetime": 40,
	"sizeFrom": 40,
	"sizeTo": 480,
	"strokeFrom":30,
	"strokeTo": 0,
	"colorFrom": "EEC591",
	"colorTo": "ffffffff"
   },
"shootEffect":{
	"type": "MultiEffect",
	"effects": [
{
"type": "ParticleEffect",
"particles": 22,
"interp":"fastSlow",
"sizeFrom":12,
"sizeTo":0,
"length": 105,
"baseLength": 0,
"lifetime": 103,
"colorFrom": "EEC591FF",
"colorTo": "ffffff",
"cone": 40
},
{
"type": "WaveEffect",
"lifetime": 10,
"sizeFrom": 0,
"sizeTo": 30,
"strokeFrom": 3,
"strokeTo": 0,
"colorFrom": "EEC591",
"colorTo": "ffffff"
}
	]
},
	"parts":[
		{"type": "HaloPart",
		"sides": 3,"shapes": 3,
		"y":10,
		"color": "EEC591",
		"colorTo":"FF5B5B",
		"tri": true,
		"radius": 8,
		"radiusTo": 8,
		"triLength": 10,
		"triLengthTo": 15,
		"haloRadius": 30,
		"haloRadiusTo": 60,
		"haloRotateSpeed": 2},
		{"type": "HaloPart",
		"shapeRotation":180,
		"sides": 3,"shapes": 3,
		"y":10,
		"color": "EEC591",
		"colorTo":"FF5B5B",
		"tri": true,
		"radius": 8,
		"radiusTo": 8,
		"triLength": 8,
		"triLengthTo": 48,
		"haloRadius": 30,
		"haloRadiusTo": 60,
		"haloRotateSpeed": 2}]
	"weapons": [
		{
			"shootCone": 360,
			"mirror": false,
			"reload": 1,
			"shake": 10,
			"shootOnDeath": true,
			"shootSound": "plasmaboom",
			"bullet": {
			"hitEffect":{"type": "MultiEffect",
	"effects": [
		{"type": "ParticleEffect",
		"particles": 1,
		"sizeFrom": 80,
		"sizeTo": 360,
		"sizeInterp": "pow5Out",
		"length": 0,"baseLength": 0,
		"lifetime": 25.5,
		"colorFrom": "EEC591",
		"colorTo": "EEC59188",
		"cone": 360},
		{"type": "ParticleEffect",
		"particles": 1,
		"sizeFrom": 360,
		"sizeTo": 0,
		"sizeInterp": "pow10In",
		"length": 0,"baseLength": 0,
		"startDelay":25,
		"lifetime": 125,
		"colorFrom": "EEC59188",
		"colorTo": "EEC59188",
		"cone": 360},
		{"type": "ParticleEffect",
		"particles": 43,
		"sizeFrom": 33,
		"sizeTo": 0,
		"length": 360,
		"baseLength": 8,
		"startDelay":22,
		"interp": "pow10Out",
		"sizeInterp": "pow10In",
		"lifetime": 185,
		"colorFrom": "EEC59180",
		"colorTo": "EEC591AA",
		"cone": 360},
		{"type": "ParticleEffect",
			"particles": 102,
			"line": true,
			"strokeFrom": 5.2,
			"strokeTo": 0,
			"interp": "pow5Out",
			"sizeInterp": "pow5In",
			"lenFrom": 104,
			"lenTo": 0,
			"length": 480,
			"baseLength": 64,
			"lifetime": 25,
			"colorFrom": "EEC591",
			"colorTo": "EEC591",
			"cone": 360},
		{"type": "WaveEffect",
		"lifetime": 10,
		"sizeFrom": 0,
		"sizeTo": 450,
		"strokeFrom":30,
		"strokeTo":12,
		"colorFrom":"EEC591",
		"colorTo": "EEC59180"},
		{"type": "WaveEffect",
		"lifetime": 45,
		"sizeFrom": 0,
		"sizeTo": 399,
		"strokeFrom":25,
		"strokeTo":0,
		"colorFrom":"EEC591FF",
		"colorTo": "EEC591FF"},
		{"type": "WaveEffect",
		"startDelay":8,
		"lifetime": 45,
		"sizeFrom": 0,
		"sizeTo": 399,
		"strokeFrom":25,
		"strokeTo":0,
		"colorFrom":"EEC591FF",
		"colorTo": "EEC591FF"},
		{"type": "WaveEffect",
		"startDelay":15,
		"lifetime": 45,
		"sizeFrom": 0,
		"sizeTo": 399,
		"strokeFrom":25,
		"strokeTo":0,
		"colorFrom":"EEC591FF",
		"colorTo": "EEC591FF"}
	]},
	"hitShake":50,
			"type": "ExplosionBulletType",
	"damage":1000,
	"splashDamageRadius":380,
	"splashDamage":4000,
	"status":"脆裂",
	"statusDuration":1800,
	"buildingDamageMultiplier":2.3,
	"collides":false,
	"absorbable":false,
	"incendAmount": 75,
	"incendSpread": 160,
	"incendChance": 1,
				"smokeEffect": "bigShockwave",
"makeFire":true,
"pierce": true,
"pierceBuilding":true,
	"scaleLife": true,
	"trailLength":35,
	"trailWidth":3,
	"trailColor":"EEC591",
	"trailChance": 0,
	"trailInterval": 3,
	"trailEffect":{
		"type": "ParticleEffect",
		"particles": 4,
		"sizeFrom": 6,
		"sizeTo": 0,
		"lifetime": 105,
		"interp": "pow10Out",
		"sizeInterp": "pow5In",
		"baseLength": 0,
		"cone":20,
		"length": -55,
		"colorFrom": "EEC591",
		"colorTo": "FFFFFF80",
		"layer":110},
		"trailRotation": true,
	"backColor":"FF5B5B",
	"frontColor":"EEC591",
	"shrinkY":0,
	"homingDelay": 155,
	"homingRange": 180,
	"homingPower": 0.02,
	"hitSoundVolume":6,
	"hitSound":"DBZ1",
		}
		}
	],
}