{
"lifetime": 5,//存在时间,1/帧
"range":9999,
"type":"missile",//飞船
"flying":false,
"name":"自爆透明",
"description":""
"research":"无",//科技树上级
"template": "MissileUnitType",
    "hovering":true,
            "drag":0.07,
            "speed":0,
            "rotateSpeed":0,
            "accel":0.09,
            	"engineSize":0
            "health":1,
            "armor":0,
            "hitSize":0.1,
            "engineOffset":0,
            "engineSize":0,
            "itemCapacity":0,
            "faceTarget": true,
            "useEngineElevation":false,
            "targetAir": false,
        "weapons":[	{
			"x": 0,
			"reload": 180,
			"mirror": false,
			"shootCone": 360,
			"shootOnDeath": true,
			"shootSound": "largeCannon",
			"bullet": {
			"killShooter": true,
				"damage": 0,
				"speed": 8,
				"lifetime": 8,
				"collides": false,
				"hittable": false,
				"incendAmount": 96,
				"incendSpread": 96,
				"splashDamage": 80000,
				"splashDamageRadius": 576,
				"instantDisappear": true,
				"shootEffect": "none",
				"hitEffect": "pulverize",
				"despawnEffect": {
					"type": "multiEffect",
					"effects": [
						{
							"type": "ParticleEffect",
							"lifetime": 320,
							"particles": 12,
							"sizeFrom": 16,
							"sizeTo": 0,
							"cone": 360,
							"length": 624,
							"baseLength": 35,
							"interp": "pow10Out",
							"sizeInterp": "pow10In",
							"colorFrom": "C1BEFAFF",
							"colorTo": "837DE8FF"
						},
						{
							"type": "ParticleEffect",
							"lifetime": 293,
							"particles": 11,
							"sizeFrom": 16,
							"sizeTo": 0,
							"cone": 360,
							"length": 624,
							"baseLength": 35,
							"interp": "pow10Out",
							"sizeInterp": "pow10In",
							"colorFrom": "C1BEFAFF",
							"colorTo": "837DE8FF"
						},
						{
							"type": "ParticleEffect",
							"lifetime": 222,
							"particles": 17,
							"sizeFrom": 12,
							"sizeTo": 0,
							"cone": 360,
							"length": 488,
							"baseLength": 23,
							"interp": "pow10Out",
							"sizeInterp": "pow10In",
							"colorFrom": "C1BEFAFF",
							"colorTo": "837DE8FF"
						},
						{
							"type": "ParticleEffect",
							"lifetime": 150,
							"particles": 13,
							"sizeFrom": 8,
							"sizeTo": 0,
							"cone": 360,
							"length": 480,
							"baseLength": 11,
							"interp": "pow5Out",
							"sizeInterp": "pow5In",
							"colorFrom": "C1BEFAFF",
							"colorTo": "837DE8FF"
						},
						{
							"type": "ExplosionEffect",
							"sparkColor": "C1BEFAFF",
							"smokeColor": "C1BEFAFF",
							"lifetime": 108,
							"smokes": 30,
							"smokeSize": 13,
							"smokeSizeBase": 0.6,
							"smokeRad": 112,
							"waveLife": 30,
							"waveStroke": 2,
							"waveRad": 183,
							"waveRadBase": 2,
							"sparkRad": 192,
							"sparkLen": 13,
							"sparkStroke": 4,
							"sparks": 40
						}
					]
				}
			}
		},],
}