{
	"name": "龙炎导弹",
	"type": "missile",
	"template": "MissileUnitType",
	"description": "龙炎导弹",
	"health": 1000,
	"armor": 10,
	"speed": 3,
	"lifetime": 300,
	"maxRange": 6,
	"rotateSpeed": 1.2,
	"engineColor": "FEB380",
	"trailColor": "FEB380",
	"engineLayer": 100,
	"engineSize": 3.1,
	"engineOffset": 6,
	"trailLength": 18,
	"missileAccelTime": 60,
	"lowAltitude": true,
	"fogRadius": 8,
	"outlineColor": "6E7080FF",
	"weapons": [
		{
			"shootCone": 360,
			"mirror": false,
			"reload": 1,
			"shake": 10,
			"shootOnDeath": true,
			"shootSound": "plasmaboom",
			"bullet": {
				"collidesGround": false,
	            "collidesAir": true
				"type": "ExplosionBulletType",
				"hitColor": "FFB381FF",
				"splashDamage": 300,
				"buildingDamageMultiplier": 0.1,
				"splashDamageRadius": 32,
				"despawnShake": 3,
				"fragBullets": 5,
	            "fragOnHit":false
                "fragRandomSpread":0
                "fragSpread":10
                "fragBullets":5
                "fragVelocityMin":1
				"status": "融化",
			    "statusDuration": 300,
			    "incendChance": 0.5,
			    "incendSpread": 20,
			    "incendAmount": 5,
			    "damage": 300
				"fragBullet": {
				"despawnEffect": "flakExplosionBig",
				"buildingDamageMultiplier": 0.1,
				"width": 8,
				"height": 9,
				"backColor": "FFFFFFFF",
				"frontColor": "FFFFFFFF",
				"splashDamageRadius": 32,
				"splashDamage": 30,
				"inaccuracy": 2,
				"status": "破甲",
			    "statusDuration": 120,
				"lifetime": 20,
				"speed": 0.5
			}
		}
		}
	],
}