{
    "speed": 1,
    "hitSize": 11.25,
    "name": "修缮",
    "health": 680,
    "description": "发射能量弹幕攻击敌人并修复己方建筑。能够助推。",
    "armor": 6,
    "range": 164,
    "type": "mech",
    "engineOffset": 5,
	"engineSize": 2,
	"canBoost": true,
    "research": {
        "parent": "bjaa机甲制造厂",
        "objectives": [
            "bjaa机甲制造厂"
        ]
    },
    "weapons": [
        {
            "name": "abba修缮1",
            "reload": 15,
            "x": -5.25,
            "y": 0,
            "mirror": true,
            "top": false,
            "alternate": false,
            "shootCone": 45,
            "layerOffset": -0.001,
            "rotationLimit": 35,
            "rotateSpeed": 1,
            "rotate": true,
            "bullet": {
                "damage": 15,
                "speed": 6,
                "lifetime": 29,
                "shrinkY": 0,
                "shrinkX": 0,
                "width": 4,
                "height": 10,
                "frontColor": "73FFAEFF",
                "backColor": "57D993FF",
                "healPercent": 5,
                "collidesTeam": true,
                "trailChance": 1,
                "trailRotation": true,
                "trailEffect": {
                    "type": "ParticleEffect",
                    "particles": 1,
                    "length": 0,
                    "lifetime": 20,
                    "sizeFrom": 3,
                    "colorFrom": "73FFAEFF",
                    "colorTo": "57D993FF"
                },
                "shootEffect": {
                    "type": "multiEffect",
                    "effects": [
                        {
                            "type": "WaveEffect",
                            "lifetime": 10,
                            "sizeFrom": 0,
                            "sizeTo": 15,
                            "strokeFrom": 1.5,
                            "strokeTo": 0,
                            "colorFrom": "73FFAEFF",
                            "colorTo": "57D993FF"
                        },
                        {
                            "type": "ParticleEffect",
                            "region": "狐冥-方",
                            "particles": 3,
                            "length": 40,
                            "lifetime": 48,
                            "interp": "circleOut",
                            "sizeInterp": "pow5Out",
                            "cone": 0,
                            "colorFrom": "73FFAEFF",
                            "colorTo": "57D993FF",
                            "sizeFrom": 5.5,
                            "sizeTo": 0
                        }
                    ]
                },
                "hitEffect": {
                    "type": "multiEffect",
                    "effects": [
                        {
                            "type": "WaveEffect",
                            "lifetime": 25,
                            "sizeFrom": 0,
                            "sizeTo": 20,
                            "strokeFrom": 3.5,
                            "strokeTo": 0,
                            "colorFrom": "73FFAEFF",
                            "colorTo": "57D993FF"
                        },
                        {
                            "type": "ParticleEffect",
                            "region": "狐冥-方",
                            "particles": 9,
                            "length": 40,
                            "lifetime": 48,
                            "interp": "circleOut",
                            "sizeInterp": "pow5Out",
                            "cone": 360,
                            "colorFrom": "73FFAEFF",
                            "colorTo": "57D993FF",
                            "sizeFrom": 4.5,
                            "sizeTo": 0
                        }
                    ]
                }
            }
        }
    ],
    "abilities": [
        {
            "type": "RepairFieldAbility",
            "amount": 30,
            "reload": 300,
            "range": 48,
            "parentizeEffects": true
        }
    ]
}