{
    "speed": 0.8,
    "hitSize": 16,
    "name": "整备",
    "health": 1520,
    "description": "喷射火焰攻击敌人并修复己方建筑。能够助推。",
    "armor": 10,
    "range": 60,
    "type": "mech",
    "canBoost": true,
    "engineOffset": 7,
	"engineSize": 4,
    "research": {
        "parent": "abba修缮",
        "objectives": [
            "abba修缮"
        ]
    },
    "weapons": [
        {
            "name": "abbb整备1",
            "layerOffset": -0.001,
            "rotationLimit": 25,
            "x": -6.75,
            "y": -2.5,
            "reload": 40,
            "top": false,
            "mirror": true,
            "alternate": true,
            "shootY": 5.5,
            "shoot": {
                "type": "shootPattern",
                "shotDelay": 4,
                "shots": 3
            },
            "recoil": 0,
            "rotate": true,
            "inaccuracy": 7,
            "shootSound": "flame",
            "shootCone": 15,
            "bullet": {
                "type": "BasicBulletType",
                "collidesAir": true,
                "speed": 5,
                "damage": 28,
                "width": 0.1,
                "height": 0.1,
                "healPercent": 3,
                "collidesTeam": true,
                "shootEffect": {
                    "type": "ParticleEffect",
                    "particles": 30,
                    "sizeFrom": 5,
                    "sizeTo": 0,
                    "length": 80,
                    "lifetime": 25,
                    "interp": "circleOut",
                    "lightColor": "57D993FF",
                    "colorFrom": "73FFAEFF",
                    "colorTo": "57D993FF",
                    "cone": 10
                },
                "smokeEffect": "none",
                "lifetime": 15,
                "despawnEffect": "none",
                "hittable": false,
                "reflectable": false,
                "hitEffect": {
                    "type": "ParticleEffect",
                    "line": true,
                    "particles": 5,
                    "lifetime": 60,
                    "interp": "circleOut",
                    "length": 50,
                    "cone": -30,
                    "lenFrom": 5,
                    "lenTo": 0,
                    "colorFrom": "73FFAEFF",
                    "colorTo": "57D993FF"
                },
                "pierce": true,
                "incendAmount": 5
            }
        }
    ],
    "abilities": [
        {
            "type": "ShieldRegenFieldAbility",
            "amount": 30,
            "max": 90,
            "reload": 240,
            "range": 56
        }
    ]
}