{
    "speed": 0.7,
    "hitSize": 25.5,
    "name": "缓解",
    "health": 3460,
    "description": "使用焰矛攻击敌人并修复己方建筑。能够助推。拥有护盾。",
    "armor": 16,
    "range": 120,
    "type": "mech",
    "canBoost": true,
    "engineOffset": 10,
    "engineSize": 7,
    "research": {
        "parent": "abbb整备",
        "objectives": [
            "abbb整备"
        ]
    },
    "weapons": [
        {
            "name": "abbc缓解1",
            "x": -13.75,
            "y": 0.5,
            "top": false,
            "rotate": true,
            "rotateSpeed": 1,
            "layerOffset": -0.001,
            "recoil": 0,
            "reload": 60,
            "shootY": 11,
            "shootX": -2,
            "alternate": false,
            "rotationLimit": 35,
            "alwaysContinuous": true,
            "continuous": true,
            "shootSound": "torch",
            "bullet": {
                "type": "ContinuousFlameBulletType",
                "colors": [
                    "73FFAEFF",
                    "73FFAEFF",
                    "57D993FF",
                    "50A385FF",
                    "FFFFFFFF"
                ],
                "damage": 4.1666666666,
                "flareWidth": 0,
                "flareLength": 0,
                "flareColor": "FF5845FF",
                "width": 5,
                "pierceArmor": true,
                "pierceCap": 6,
                "divisions": 20,
                "length": 100,
                "status": "melting",
                "statusDuration": 60,
                "healPercent": 2,
                "collidesTeam": true,
                "hitEffect": {
                    "type": "ParticleEffect",
                    "line": true,
                    "particles": 8,
                    "lifetime": 25,
                    "length": 65,
                    "cone": -360,
                    "lenFrom": 7,
                    "lenTo": 1,
                    "colorFrom": "ff4848",
                    "colorTo": "d70a2b"
                },
                "drawSize": 660
            }
        }
    ],
    "abilities": [
        {
            "type": "StatusFieldAbility",
            "effect": "增幅",
            "duration": 240,
            "reload": 600,
            "range": 80,
            "activeEffect": "none"
        },
        {
            "type": "ForceFieldAbility",
            "sides": 4,
            "radius": 80,
            "regen": 0.5,
            "max": 1600,
            "cooldown": 600
        }
    ]
}