{
    "speed": 0.5,
    "rotateSpeed": 0.56,
    "hitSize": 68,
    "name": "救赎",
    "health": 18200,
    "description": "",
    "armor": 40,
    "range": 350,
    "type": "mech",
    "canBoost": true,
    "engineOffset": 23,
    "engineSize": 15,
    "research": {
//        "parent": "abbd疗愈"
    },
    "immunities": [
        "unmoving"
    ],
    "weapons": [
        {
            "name": "abbe救赎1",
            "layerOffset": -0.001,
            "reload": 90,
            "x": -30.75,
            "y": 9.75,
            "shootY": 30,
            "rotate": true,
            "alternate": true,
            "rotateSpeed": 1,
            "rotationLimit": 30,
            "shake": 1,
            "shootSound": "railgun",
            "shoot": {
                "type": "ShootSpread",
                "shots": 5,
                "spread": 10,
                "shotDelay": 5
            },
            "bullet": {
                "type": "PointBulletType",
                "trailEffect": {
                    "type": "ParticleEffect",
                    "particles": 1,
                    "length": 0,
                    "baseLength": 1,
                    "lifetime": 10,
                    "line": true,
                    "randLength": false,
                    "lenFrom": 10,
                    "lenTo": 10,
                    "strokeFrom": 3.5,
                    "strokeTo": 0,
                    "colorFrom": "73FFAEFF",
                    "colorTo": "73FFAEFF",
                    "cone": 0
                },
                "trailSpacing": 9,
                "smokeEffect": "bigShockwave",
                "shootEffect": {
                    "type": "ParticleEffect",
                    "particles": 1,
                    "sizeFrom": 7,
                    "sizeTo": 0,
                    "length": 0,
                    "baseLength": 0,
                    "lifetime": 11,
                    "colorFrom": "F3E979B3",
                    "colorTo": "F3E979B3",
                    "cone": 360
                },
                "speed": 20,
                "lifetime": 16,
                "splashDamageRadius": 80,
                "splashDamage": 400,
                "status": "electrified",
                "statusDuration": 120,
                "hitShake": 1,
                "hitSound": "plasmaboom",
                "hitEffect": {
                    "type": "MultiEffect",
                    "effects": [
                        {
                            "type": "ParticleEffect",
                            "particles": 9,
                            "sizeFrom": 15,
                            "sizeTo": 0,
                            "length": 20,
                            "baseLength": 28,
                            "lifetime": 25,
                            "colorFrom": "F3E979B380",
                            "colorTo": "F3E979B300",
                            "cone": 360
                        },
                        {
                            "type": "ParticleEffect",
                            "particles": 22,
                            "line": true,
                            "strokeFrom": 2,
                            "strokeTo": 0,
                            "lenFrom": 32,
                            "lenTo": 0,
                            "length": 83,
                            "baseLength": 0,
                            "lifetime": 22,
                            "colorFrom": "73FFAEFF",
                            "colorTo": "73FFAEFF",
                            "cone": 360
                        },
                        {
                            "type": "WaveEffect",
                            "lifetime": 15,
                            "sizeFrom": 0,
                            "sizeTo": 52,
                            "strokeFrom": 5,
                            "strokeTo": 0,
                            "colorFrom": "73FFAEFF",
                            "colorTo": "73FFAEFF"
                        },
                        {
                            "type": "ParticleEffect",
                            "particles": 1,
                            "sizeFrom": 8,
                            "sizeTo": 0,
                            "length": 0,
                            "baseLength": 0,
                            "lifetime": 35,
                            "colorFrom": "F3E979B3",
                            "colorTo": "F3E979B3",
                            "cone": 360
                        }
                    ]
                },
                "despawnEffect": "none",
                "fragBullets": 3,
                "fragBullet": {
                    "type": "PointBulletType",
                    "trailSpacing": 9,
                    "trailEffect": {
                        "type": "ParticleEffect",
                        "particles": 1,
                        "length": 0,
                        "baseLength": 1,
                        "lifetime": 8,
                        "line": true,
                        "randLength": false,
                        "lenFrom": 10,
                        "lenTo": 10,
                        "strokeFrom": 2,
                        "strokeTo": 0,
                        "colorFrom": "73FFAEFF",
                        "colorTo": "73FFAEFF",
                        "cone": 0
                    },
                    "lifetime": 10,
                    "speed": 15,
                    "splashDamageRadius": 32,
                    "splashDamage": 400,
                    "hitShake": 2,
                    "hitSound": "laser",
                    "hitEffect": {
                        "type": "MultiEffect",
                        "effects": [
                            {
                                "type": "ParticleEffect",
                                "particles": 1,
                                "sizeFrom": 5,
                                "sizeTo": 0,
                                "length": 0,
                                "baseLength": 0,
                                "lifetime": 11,
                                "colorFrom": "F3E979B3",
                                "colorTo": "F3E979B3",
                                "cone": 360
                            },
                            {
                                "type": "ParticleEffect",
                                "particles": 22,
                                "line": true,
                                "strokeFrom": 1,
                                "strokeTo": 0,
                                "lenFrom": 18,
                                "lenTo": 0,
                                "length": 33,
                                "baseLength": 2,
                                "lifetime": 10,
                                "colorFrom": "73FFAEFF",
                                "colorTo": "73FFAEFF",
                                "cone": 360
                            }
                        ]
                    },
                    "despawnEffect": "none"
                }
            }
        }
    ]
}