{
  "type": "HeatCrafter",
  "health":1200,
  "size":4,
  "itemCapacity":10,
  "rotateDraw":false,
  "craftTime":120,
  "liquidCapacity":20,
  "heatRequirement":12,
  "maxEfficiency": 2,
  "craftEffect":{
    "type": "MultiEffect",
    "lifetime": 120,
    "effects": [
      {
        "type": "RadialEffect",
        "effect":"surgeCruciSmoke",
        "rotationSpacing": 90,
        "rotationOffset":0,
        "lengthOffset":0,
        "color": "8cd992",
        "amount":10
      }
    ]
  },
  "outputItem": {"item": "Thoristal","amount":2 },
  "consumes": {
    "power": 4,
    "liquid": {"liquid":"Neon","amount":0.06666666666666666666666666666667,"booster":false},
    "items": {
      "items": [
        { "item": "Berystal", "amount": 2 },
        { "item": "surge-alloy", "amount": 1 },
        { "item": "thorium", "amount": 3 }
      ]
    }
  },

  "requirements": [
    { "item": "beryllium", "amount": 120},
    { "item": "graphite", "amount": 120},
    { "item": "tungsten", "amount": 180},
    { "item": "Berystal", "amount": 180},
    { "item": "surge-alloy", "amount": 80},
    { "item": "silicon", "amount": 140}
  ],
  "category": "crafting",
  "research": "High-temperatureCrystallizationCrucible"
}