{
	"type":"GenericCrafter",
	"size":3,
	"outputItem":{"item":"silicon","amount":30},
	"consumes":{
		"power":12,
		"items":{
			"items":[
				{"item":"sand","amount":30},
				{"item": "pyratite", "amount":2},
				{"item":"coal","amount":10}
				]
			}
		},
	"requirements":[
		{"item":"copper","amount":600},
		{"item":"lead","amount":400},
		{"item":"致密金属块","amount":240},
		{"item": "强化合金块", "amount": 120},
		{"item": "plastanium", "amount": 300},
		{"item":"silicon","amount":400}
		],
	"craftTime":60,
	"health":2000,
	"itemCapacity":80,
	"research":"压缩硅厂",
	"category":"crafting"
}