{
	"type": "GenericCrafter",
	"health":800,
	"updateEffect": "smeltsmoke",
	"outputLiquid": {
		"liquid": "冷冻胶体", "amount":1
		},
	"itemCapacity":20,
	"drawer":{
		"type":"DrawMulti",
		"drawers":[
		{"type":"DrawDefault"},
		{"type":"DrawFlame"}
		]
	},
	"size":4,
	"hasPower": true,
	"liquidCapacity":600,
	"hasliquid": true,
	"hasItems": true,
	"craftTime":120,
	"consumes": {
	    "power":20,
		"liquid": {
			"liquid": "cryofluid", "amount":0.5
		},
		"items":{
			"items":[
		{"item": "titanium" , "amount":3}
				]
			}
	},
	"requirements": [
		{ "item": "强化合金块", "amount":120},
		{ "item": "致密金属块", "amount":240},
		{ "item": "titanium", "amount":480},
		{ "item": "plastanium", "amount":320},
		{ "item": "silicon", "amount":280}
	],
	"category": "crafting",
	"idleSound": "respawning",
	"idleSoundVolume": 0.5,
	"research": "压缩冷冻液工厂"
}