{
	"type": "GenericCrafter",
	"health": 600,
	"itemCapacity": 40,
	"outputItem": {"item": "scrap","amount": 20},
	"size": 2,
	"hasPower": true,
	"hasItems": true,
	"hasLiquids": true,
	"liquidCapacity":300,
	"craftTime": 60,
	"updateEffect": "smeltsmoke",
	"consumes":{
	"liquid":{"liquid":"slag","amount":1},
	"power": 2,
		"items":{
			"items":[
				{"item":"sand","amount": 4}
			]
		}
	},
	"requirements": [
		{"item":"copper","amount": 120},
		{"item":"lead", "amount": 120},
		{"item":"titanium","amount": 80},
		{"item":"致密金属块","amount": 80}
	],
	"category": "crafting",
	"research":"压缩熔炉",
	"drawer":{
		"type":"DrawMulti",
		"drawers":[
		{"type":"DrawDefault"},
		{"type":"DrawFlame"}
		]
	}
}