{
	"type": "GenericCrafter",
	"health": 400,
	"itemCapacity": 40,
	"outputItem": {"item": "metaglass","amount":10},
	"size": 3,
	"hasPower": true,
	"hasItems": true,
	"hasLiquids": false,
	"craftTime": 60,
	"updateEffect": "smeltsmoke",
	"consumes":{
	    "power": 3,
			"items":{
		    	"items":[
		        {"item":"sand","amount":8},
				{"item":"lead","amount":8}
				]
			}
	},
	"requirements": [
		{"item": "copper", "amount":240},
		{"item": "graphite", "amount":120},
		{"item": "lead", "amount": 120},
		{"item": "致密金属块", "amount":120}
					],
	"flameColor":"#33ffff",
	"category": "crafting",
	"research":"kiln",
	"drawer":{
		"type":"DrawMulti",
		"drawers":[
		{"type":"DrawDefault"},
		{"type":"DrawFlame"}
		]
	}
}