{
	"type": "GenericCrafter",
	"health": 600,
	"itemCapacity": 20,
	"outputItem": {"item": "浓缩炸药","amount": 2},
	"size": 3,
	"hasPower": true,
	"liquidCapacity":300
	"hasItems": true,
	"hasLiquids": true,
	"craftTime": 60,
	"updateEffect": "smeltsmoke",
	"consumes":{
	"liquid":{"liquid":"oil","amount":0.25},
	"power": 5,
		"items":{
			"items":[
				{"item":"blast-compound","amount": 4},
			]
		}
	},
	"requirements": [
		{"item": "copper", "amount": 200},
		{"item": "silicon", "amount": 100},
		{"item":"titanium","amount": 150},
		{"item":"致密金属块","amount": 120}
	],
	"category": "crafting",
	"research":"压缩爆炸混合厂"
}