{
	"type": "PowerTurret",
	"name": "后者",
	"description": "发射麻痹能量弹",
	"details": "暂时的贴图",
	"targetAir": true,
	"targetGround": true,
	"health": 300,
	"size": 1, 
	"shootSound":"bolt",
	"shake":0.1,
	"inaccuracy": 0,
	"recoil": 2,
	"recoilTime":20,
	"shootType": {
	"type" : "BasicBulletType",
	"damage": 15,
	"frontColor":"FFFFFF",
	"backColor":"FFFFFF",
	"width": 8,
	"height": 8,
	"status":"electrified",
	"statusDuration":60,
	"speed": 4,"lifetime": 30,
	"ammoMultiplier":1,
	"hitEffect": {     
        "type": "WaveEffect",
        "lifetime": 10,
        "sizeFrom": 0,
        "sizeTo": 5,
        "strokeFrom": 0,
        "strokeTo": 1,
        "colorFrom": "FFFFFF",
        "colorTo": "FFFFFF"
	   },
	    "despawnEffect": {     
        "type": "WaveEffect",
        "lifetime": 10,
        "sizeFrom": 0,
        "sizeTo": 5,
        "strokeFrom": 0,
        "strokeTo": 1,
        "colorFrom": "FFFFFF",
        "colorTo": "FFFFFF"
	   },
	"shootEffect": {     
    "type": "ParticleEffect",
    "particles": 3,
    "sizeFrom": 1.5,
    "sizeTo": 0,
    "length": 15,
    "baseLength": 0,
    "lifetime": 30,
    "colorFrom": "FFFFFF",
    "colorTo": "FFFFFF",
    "cone": 50
	   } },
	   "consumes": {"power":1.5,
		"coolant":{"amount":0.1,"optional":true}  
			},
	"reload": 15,
	"rotateSpeed": 10,
	"range": 120,
	"category": "turret",
	"research": "齐管炮",
	"requirements": [
	{ "item": "幻钢", "amount":20},
	]
}
