{
	"type": "ItemTurret",
	"name": "寻天",
	"description": "高级导弹发射井，发射高级导弹",
	"health": 3280,
	"size": 4,
	"reload": 600,
	"range": 1600,
	"customShadow": false,
	"maxAmmo": 80,
	"recoil": 0,
	"shootY": 0,
    "cooldownTime": 120,
	"solid": false,
	"underBullets": true,
	"drawer": {
		"type": "DrawTurret",
		"parts": [
			{
				"type": "RegionPart",
				"mirror": false,
				"x": 0,
				"y": 0,
				"suffix": "-1",
				"moveX":6,
				"moveY":6,
				"laver":110,
			},
		    {
				"type": "RegionPart",
				"mirror": false,
				"x": 0,
				"y": 0,
				"suffix": "-2",
				"moveX": -6,
				"moveY": -6,
			    "laver":110,
			},
		 {
				"type": "RegionPart",
				"mirror": false,
				"x": 0,
				"y": 0,
				"suffix": "-3",
				"moveX":-6,
				"moveY":6,
				"laver":110,
			},
		    {
				"type": "RegionPart",
				"mirror": false,
				"x": 0,
				"y": 0,
				"suffix": "-4",
				"moveX": 6,
				"moveY": -6,
			    "laver":110,
			},
		]
	},
	"shoot": {
		"shots": 8,
		"shotDelay": 30,
		"type": "ShootBarrel",
		"barrels": [
		8,8,0,
		-8,8,0,
		-8,-8,0,
		8,-8,0,
		]
	},
	"ammoUseEffect":{
				"type": "ParticleEffect",
				"particles": 32,
				"sizeFrom": 8,
				"sizeTo": 0,
				"length": 120,
				"lifetime": 60,
				"lightOpacity": 0,
				"colorFrom": "FFFFFFFF",
				"colorTo": "FFFFFFFF",
			},
	"canOverdrive": false,
	"consumes": {
		"power": 20
	},
	"shootSound": "missileLarge",
	"targetGround": true,
	"targetAir": true,
	"inaccuracy": 0,
	"shootCone": 360,
	"shake": 4,
	"rotateSpeed": 0,
	"ammoPerShot": 16,
	"ammoTypes": {
		"翼石": {
			"splashDamageRadius": 32,
			"splashDamage": 120,
			"knockback": 6,
			"speed": 16,
			"damage": 120,
			"lifetime": 100,
			"homingPower": 1,
			"sprite": "幻境-大导弹",
			"frontColor":"9C88C3FF",
            "backColor":"9C88C3FF",	
			"trailColor": "9C88C3FF",
			"trailEffect": "none",
			"homingDelay": 12,
			"homingRange": 2400,
			"width": 16,
			"height": 32,
			"hitShake": 1,
			"ammoMultiplier": 1,
			"smokeEffect": "shootSmallFlame",
			"hitEffect": "flakExplosionBig"
			"status": "shocked",
			"statusDuration": 600,
            "lightningDamage": 30,
            "lightning": 3,
            "lightningLength": 18,
            "lightningColor":"9C88C3FF"
            "pierce": true,	
	        "pierceBuilding":true,
	        "pierceCap":2,
	        "trailLength": 12,
				"trailWidth": 4,
				"trailColor": "9C88C3FF",
				"trailChance": 0.09,
				"trailRotation": true,
				"trailEffect": {
					"type": "ParticleEffect",
					"particles": 3,
					"sizeFrom": 3,
					"sizeTo": 0,
					"lifetime": 60,
					"interp": "pow10Out",
					"sizeInterp": "pow3In",
					"length": 24,
					"baseLength": 0,
					"colorFrom": "9C88C3FF",
					"colorTo": "9C88C3FF",
					"cone": 30
				},
	      "hitSound":"spark",
		},	
			"surge-alloy": {
			"splashDamageRadius": 32,
			"splashDamage": 320,
			"knockback": 8,
			"speed": 16,
			"damage": 320,
			"lifetime": 100,
			"homingPower": 1,
			"sprite": "幻境-大导弹",
			"frontColor":"FEEBB3FF",
            "backColor":"FEEBB3FF",	
			"trailColor": "FEEBB3FF",
			"trailEffect": "none",
			"homingDelay": 8,
			"homingRange": 2400,
			"width": 16,
			"height": 32,
			"hitShake": 1,
			"ammoMultiplier": 1,
			"smokeEffect": "shootSmallFlame",
			"hitEffect": "flakExplosionBig"
			"status": "shocked",
			"statusDuration": 600,
            "lightningDamage": 40,
            "lightning": 4,
            "lightningLength": 24,
            "lightningColor":"FEEBB3FF"
            "pierce": true,	
	        "pierceBuilding":true,
	        "pierceCap":3,
	        "trailLength": 12,
				"trailWidth": 4,
				"trailColor": "FEEBB3FF",
				"trailChance": 0.09,
				"trailRotation": true,
				"trailEffect": {
					"type": "ParticleEffect",
					"particles": 3,
					"sizeFrom": 3,
					"sizeTo": 0,
					"lifetime": 60,
					"interp": "pow10Out",
					"sizeInterp": "pow3In",
					"length": 24,
					"baseLength": 0,
					"colorFrom": "FEEBB3FF",
					"colorTo": "FEEBB3FF",
					"cone": 30
				},
	       "hitSound":"spark",
		},	
			"荧羽石": {
			"splashDamageRadius": 64,
			"splashDamage": 480,
			"knockback": 10,
			"speed": 16,
			"damage": 480,
			"lifetime": 100,
			"homingPower": 1,
			"sprite": "幻境-大导弹",
			"frontColor":"CCCEDBFF",
            "backColor":"CCCEDBFF",	
			"trailColor": "CCCEDBFF",
			"trailEffect": "none",
			"homingDelay": 4,
			"homingRange": 2400,
			"width": 16,
			"height": 32,
			"hitShake": 1,
			"ammoMultiplier": 1,
			"smokeEffect": "shootSmallFlame",
			"hitEffect": "flakExplosionBig"
			"status": "电磁干扰",
			"statusDuration": 600,
            "pierce": true,	
	        "pierceBuilding":true,
	        "pierceCap":4,
	        "trailLength": 12,
				"trailWidth": 4,
				"trailColor": "CCCEDBFF",
				"trailChance": 0.09,
				"trailRotation": true,
				"trailEffect": {
					"type": "ParticleEffect",
					"particles": 3,
					"sizeFrom": 3,
					"sizeTo": 0,
					"lifetime": 60,
					"interp": "pow10Out",
					"sizeInterp": "pow3In",
					"length": 24,
					"baseLength": 0,
					"colorFrom": "CCCEDBFF",
					"colorTo": "CCCEDBFF",
					"cone": 30
				},
	       "hitSound":"plasmaboom",
	       	"hitEffect":{
							"type":"WrapEffect",
							"effect":"dynamicSpikes",
							"color":"CCCEDBFF",
							"rotation":64
						},
		},	
	},
	"requirements": [
		"翼石/160",
		"荧羽石/100"
		"surge-alloy/140"
		"玄钢/120",
		"silicon/240"
		"玄钢/150"
		"翼精金属/80"
	],
	"category": "turret",
   "research": {
	"parent": "光降"
	"objectives":[
	{
	"type": "SectorComplete",
	"preset":"普里港口"
	}
  ]
}
}