{
	"type": "ItemTurret",
	"name": "幻冥",
	"description":"超远程定点打击单个目标",
	"health": 15000,
	"armor": 30,
	"size": 5,
	"reload": 240,
	"range": 1440,
	"maxAmmo": 50,
	"shootCone": 32,
	"recoilTime": 240,
	"canOverdrive": false,
	"recoil": 5,
	"cooldownTime": 240,
	"coolantMultiplier": 0.96,
	"unitSort": "strongest",
	"ammoPerShot": 5,
	 "drawer": {
        "type": "DrawMulti",
        "drawers": [{
            "type": "DrawTurret",
            "parts": [
			{
				"type": "RegionPart",
				"suffix": "-伸l",
				"under": true,
				"moveY": 4,
			},
			{
				"type": "RegionPart",
				"suffix": "-伸r",
				"under": true,
				"moveY": 4,
			},
				{
				"type": "HaloPart",
				"sides": 4,
				"shapes": 1,
				"y":-16,
				"color": "FEEBB3FF",
				"colorTo": "FEEBB3FF",
				"tri": false,
				"hollow": true,
				"stroke": 0,
				"strokeTo": 1,
				"radius": 0,
				"radiusTo": 12,
				"haloRadius": 0
				"haloRotateSpeed":-3,
				"layer":110,
			},
	        	{
				"type": "HaloPart",
				"sides": 4,
				"shapes": 1,
				"y":-16,
				"color": "FEEBB3FF",
				"colorTo": "FEEBB3FF",
				"tri": false,
				"hollow": true,
				"stroke": 0,
				"strokeTo": 1,
				"radius": 0,
				"radiusTo": 12,
				"haloRadius": 0
				"haloRotateSpeed":3,
				"layer":110,
			},
			{
				"type": "HaloPart",
				"sides": 4,
				"shapes": 1,
				"y":-16,
				"color": "FEEBB3FF",
				"colorTo": "FEEBB3FF",
				"tri": false,
				"hollow": true,
				"stroke": 0,
				"strokeTo": 1,
				"radius": 0,
				"radiusTo": 6,
				"haloRadius": 0
				"haloRotateSpeed":-3,
				"layer":110,
			},
	        	{
				"type": "HaloPart",
				"sides": 4,
				"shapes": 1,
				"y":-16,
				"color": "FEEBB3FF",
				"colorTo": "FEEBB3FF",
				"tri": false,
				"hollow": true,
				"stroke": 0,
				"strokeTo": 1,
				"radius": 0,
				"radiusTo": 6,
				"haloRadius": 0
				"haloRotateSpeed":3,
				"layer":110,
			},
		   ]
	   },
    ]
}
	"ammoUseEffect":"none",
	"targetGround": true,
	"targetAir": true,
	"consumes": {
	"power":90,
		"coolant": {
			"amount": 1.5,
			"optional": true
		}
	},
	"ammoTypes": {
	"surge-alloy": {
            "type": "PointBulletType",
             "hitEffect":{
           	"type": "ParticleEffect",
			"particles": 1,
			"sizeFrom": 24,
			"sizeTo": 0,
			"length": 0,
			"baseLength": 0,
			"lifetime": 30,
			"colorFrom": "FCF387FF",
			"colorTo": "D99F6BFF",
			"cone": 60
            }
            "despawnEffect":"none",
            "damage": 1600,
           "frontColor": "FCF387FF",
           "backColor": "D99F6BFF",
            "trailSpacing": 9,
            "lightningDamage":60,
			"lightning": 15,
			"lightningLength": 30,
			"hitSound":"spark",
              "trailEffect": {
                "type": "ParticleEffect",
                "particles": 1,
                "length":1,
                "baseLength": 0,
                "lifetime": 30,
                "line": true,
                "randLength": false,
                "lenFrom": 15,
                "lenTo": 15,
                "strokeFrom": 12,
                "strokeTo": 0,
                "colorFrom": "FCF387FF",
                "colorTo": "D99F6BFF",
                "cone": 0
                }
            "width": 0,
            "height": 0,
            "ammoMultiplier": 1,
            "speed": 100,
            "lifetime":1.44,
            "buildingDamageMultiplier":1
            } 
        "幻荧合金": {
            "type": "PointBulletType",
             "hitEffect":{
           	"type": "ParticleEffect",
			"particles": 1,
			"sizeFrom": 24,
			"sizeTo": 0,
			"length": 0,
			"baseLength": 0,
			"lifetime": 30,
			"colorFrom": "6569C9FF",
			"colorTo": "D1EFFFFF",
			"cone": 60
            }
            "despawnEffect":"none",
            "damage": 3200,
           "frontColor": "6569C9FF",
           "backColor": "D1EFFFFF",
           "trailSpacing": 9,
           "hitSound":"plasmaboom",
              "trailEffect": {
                "type": "ParticleEffect",
                "particles": 1,
                "length":1,
                "baseLength": 0,
                "lifetime": 30,
                "line": true,
                "randLength": false,
                "lenFrom": 15,
                "lenTo": 15,
                "strokeFrom": 12,
                "strokeTo": 0,
                "colorFrom": "6569C9FF",
                "colorTo": "D1EFFFFF",
                "cone": 0
                }
            "width": 0,
            "height": 0,
            "ammoMultiplier": 1,
            "speed": 100,
            "lifetime":1.44,
			"fragBullets": 8,
			"fragBullet": {
			  "type": "PointBulletType",
             "hitEffect":{
           	"type": "ParticleEffect",
			"particles": 1,
			"sizeFrom": 12,
			"sizeTo": 0,
			"length": 0,
			"baseLength": 0,
			"lifetime": 30,
			"colorFrom": "6569C9FF",
			"colorTo": "D1EFFFFF",
			"cone": 60
            }
            "despawnEffect":"none",
           "frontColor": "6569C9FF",
           "backColor": "D1EFFFFF",
            "trailSpacing": 9,
             "hitSound":"plasmaboom",
              "trailEffect": {
                "type": "ParticleEffect",
                "particles": 1,
                "length":1,
                "baseLength": 0,
                "lifetime": 30,
                "line": true,
                "randLength": false,
                "lenFrom": 8,
                "lenTo": 8,
                "strokeFrom": 6,
                "strokeTo": 0,
               	"colorFrom": "6569C9FF",
			    "colorTo": "D1EFFFFF",
                "cone": 0
                }
            "width": 0,
            "height": 0,
            "ammoMultiplier": 1,
            "speed": 100,
            "lifetime":1.44,
            "splashDamageRadius": 24,
			"splashDamage": 400,
		    "fragBullets": 4,
			"fragBullet": {
			  "type": "PointBulletType",
             "hitEffect":{
           	"type": "ParticleEffect",
			"particles": 1,
			"sizeFrom": 12,
			"sizeTo": 0,
			"length": 0,
			"baseLength": 0,
			"lifetime": 30,
			"colorFrom": "6569C9FF",
			"colorTo": "D1EFFFFF",
			"cone": 60
            }
            "despawnEffect":"none",
           "frontColor": "6569C9FF",
           "backColor": "D1EFFFFF",
            "trailSpacing": 9,
             "hitSound":"plasmaboom",
              "trailEffect": {
                "type": "ParticleEffect",
                "particles": 1,
                "length":1,
                "baseLength": 0,
                "lifetime": 30,
                "line": true,
                "randLength": false,
                "lenFrom": 8,
                "lenTo": 8,
                "strokeFrom": 6,
                "strokeTo": 0,
               	"colorFrom": "6569C9FF",
			    "colorTo": "D1EFFFFF",
                "cone": 0
                }
            "width": 0,
            "height": 0,
            "ammoMultiplier": 1,
            "speed": 100,
            "lifetime":1.44,
            "splashDamageRadius": 24,
			"splashDamage": 400,
			"fragBullets": 2,
			"fragBullet": {
			  "type": "PointBulletType",
             "hitEffect":{
           	"type": "ParticleEffect",
			"particles": 1,
			"sizeFrom": 12,
			"sizeTo": 0,
			"length": 0,
			"baseLength": 0,
			"lifetime": 30,
			"colorFrom": "6569C9FF",
			"colorTo": "D1EFFFFF",
			"cone": 60
            }
            "despawnEffect":"none",
           "frontColor": "6569C9FF",
           "backColor": "D1EFFFFF",
            "trailSpacing": 9,
            "hitSound":"plasmaboom",
              "trailEffect": {
                "type": "ParticleEffect",
                "particles": 1,
                "length":1,
                "baseLength": 0,
                "lifetime": 30,
                "line": true,
                "randLength": false,
                "lenFrom": 8,
                "lenTo": 8,
                "strokeFrom": 6,
                "strokeTo": 0,
               	"colorFrom": "6569C9FF",
			    "colorTo": "D1EFFFFF",
                "cone": 0
                }
            "width": 0,
            "height": 0,
            "ammoMultiplier": 1,
            "speed": 100,
            "lifetime":1.44,
            "splashDamageRadius": 24,
			"splashDamage": 400,
            } 
          } 
        } 
      }
      	"荧羽石": {
            "type": "PointBulletType",
           	"hitEffect": {
					"type": "MultiEffect",
					"effects": [
							{
							"type": "WaveEffect",
							"lifetime": 30,
							"sizeFrom": 0,
							"sizeTo": 180,
							"strokeFrom": 0,
							"strokeTo": 5,
						    "colorFrom": "CCCEDBFF",
                            "colorTo": "CCCEDBFF",
						},
						{
							"type": "ParticleEffect",
							"particles": 48,
							"sizeFrom": 16,
							"sizeTo": 0,
							"length": 180,
							"baseLength": 0,
							"lifetime": 30,
							"colorFrom": "CCCEDBFF",
                            "colorTo": "CCCEDBFF",
						},
						{
							"type": "ParticleEffect",
							"particles": 48,
							"line": true,
							"strokeFrom": 9,
							"strokeTo": 0,
							"lenFrom": 24,
							"lenTo": 0,
							"strokeFrom": 12,
                            "strokeTo": 0,
							"length": 180,
							"baseLength": 0,
							"lifetime": 30,
						    "colorFrom": "CCCEDBFF",
                            "colorTo": "CCCEDBFF",
						} 
					]
				},
            "despawnEffect":"none",
            "damage": 2200,
           "frontColor": "CCCEDBFF",
           "backColor": "CCCEDBFF",
            "trailSpacing": 9,
		      "hitSound":"plasmaboom",
              "trailEffect": {
                "type": "ParticleEffect",
                "particles": 1,
                "length":1,
                "baseLength": 0,
                "lifetime": 30,
                "line": true,
                "randLength": false,
                "lenFrom": 15,
                "lenTo": 15,
                "strokeFrom": 12,
                "strokeTo": 0,
                "colorFrom": "CCCEDBFF",
                "colorTo": "CCCEDBFF",
                "cone": 0
                }
            "width": 0,
            "height": 0,
            "ammoMultiplier": 1,
            "speed": 100,
            "lifetime":1.44,
            "buildingDamageMultiplier":1
            "splashDamageRadius": 180,
            "splashDamage": 1000,
            } 
    }
	"liquidCapacity": 240,
	"inaccuracy": 0,
	"shake": 20,
	"shootSound": "shockBlast",
	"rotateSpeed": 2,
    "requirements": [
		"晶碳/120",
		"幻荧合金/230",
		"翼精金属/210",
		"有机玻璃/300",
		"荧羽石/160",
		"幻钛钢/310",
	    "surge-alloy/180",
	    "plastanium/240"
	    "silicon/405"
	    "玄钢/320"
	    ]
	"category": "turret",
"research": {
	"parent": "云霄"
	"objectives":[
	{
	"type": "SectorComplete",
	"preset":"交叉冰谷"
	}
  ]
}
}