{
	"type": "PowerTurret",
	"name": "幽境",
	"description": "创造一个小型黑洞",
	"targetAir": true,
	"targetGround": true,
	"armor": 24,
	"health": 24000,
	"size": 6,
	"shake": 60,
	"inaccuracy":0,
	"recoil": 12,
	"cooldownTime": 360,
	"liquidCapacity": 120,
	"canOverdrive": false,
	"recoilTime": 360,
	"reload": 2400,
	"rotateSpeed": 0.9,
	"range": 1680,
    "shootSound":"corexplode",
	"shootEffect": {
		"type": "ParticleEffect",
		"particles": 60,
		"sizeFrom": 6,
		"sizeTo": 0,
		"length": 60,
		"baseLength": 0,
		"lifetime": 60,
		"colorFrom": "CCCEDBFF",
		"colorTo": "CCCEDBFF",
		"cone": 30
	},
	 "coolantMultiplier": 0.94,
	 "drawer": {
        "type": "DrawMulti",
        "drawers": [{
            "type": "DrawTurret",
            "parts": [
            	{
						"type": "HaloPart",
						"y":-24,
						"sides": 3,
						"shapes": 4,
						"color": "FEEBB3FF",
						"colorTo": "FEEBB3FF",
						"tri": true,
						"radius": 0,
						"radiusTo": 8,
						"triLength": 0,
						"triLengthTo": 8,
						"haloRadius": 0,
						"haloRadiusTo":7,
						"haloRotateSpeed": 1
						}
						{
							"type": "HaloPart",
							"y":-24,
							"sides": 8,
							"shapes": 1,
							"rotateSpeed": -2,
							"color": "FEEBB3FF",
							"colorTo": "FEEBB3FF",
							"tri": false,
							"hollow": true,
							"stroke": 0,
							"strokeTo": 2,
							"radius": 0,
							"radiusTo": 6,
							"haloRadius": 0
			    }
			   {
				"type": "HaloPart",
				"sides": 4,
				"shapes": 1,
				"y":24,
				"color": "CCCEDBFF",
				"colorTo": "CCCEDBFF",
				"tri": false,
				"hollow": true,
				"stroke": 0,
				"strokeTo": 1,
				"radius": 0,
				"radiusTo": 8,
				"haloRadius": 0
				"haloRotateSpeed":-3,
				"layer":110,
			},
	        	{
				"type": "HaloPart",
				"sides": 4,
				"shapes": 1,
				"y":24,
				"color": "CCCEDBFF",
				"colorTo": "CCCEDBFF",
				"tri": false,
				"hollow": true,
				"stroke": 0,
				"strokeTo": 1,
				"radius": 0,
				"radiusTo": 8,
				"haloRadius": 0
				"haloRotateSpeed":3,
				"layer":110,
			},  {
				"type": "HaloPart",
				"sides": 4,
				"shapes": 1,
				"y":24,
				"color": "CCCEDBFF",
				"colorTo": "CCCEDBFF",
				"tri": false,
				"hollow": true,
				"stroke": 0,
				"strokeTo": 1,
				"radius": 0,
				"radiusTo": 16,
				"haloRadius": 0
				"haloRotateSpeed":-3,
				"layer":110,
			},
	        	{
				"type": "HaloPart",
				"sides": 4,
				"shapes": 1,
				"y":24,
				"color": "CCCEDBFF",
				"colorTo": "CCCEDBFF",
				"tri": false,
				"hollow": true,
				"stroke": 0,
				"strokeTo": 1,
				"radius": 0,
				"radiusTo": 16,
				"haloRadius": 0
				"haloRotateSpeed":3,
				"layer":110,
			},{
				"type": "ShapePart",
				"progress": "reload",
			    "y":24,
				"color": "000000",
				"circle": true,
				"hollow": false,
				"radius": 6,
				"radiusTo":0,
				"layer": 120
			}
		   ]
	      }
         ]
        }
	"shootType": {
	"parts":[{
	"type": "ShapePart",
	"color": "000000",
	"circle": true,
	"hollow": false,
	"radius": 6,
	"radiusTo": 160,
    "layer": 120
	}],
	"knockback": -128,
    "hittable":false,
    "reflectable":false,
    "damage":1800,
    "splashDamage":3200,
    "splashDamageRadius":160, 
    "buildingDamageMultiplier":1,
    "speed":16, "lifetime":105,
    "frontColor":"000000FF",	
    "backColor":"000000FF",
    "trailLength":0,
	"trailWidth":0,
    "trailColor":"97B5EDFF",
	"hitSound":"laserblast",
    "width":8,	 "height":8,
    "despawnEffect":"none",
    "hitShake": 120,
     "hitEffect": {
					"type": "MultiEffect",
					"effects": [
						{
								"type": "WaveEffect",
								"lifetime": 290,
								"sizeFrom": 160,
								"sizeTo": 160,
								"strokeFrom": 16,
								"strokeTo": 16,
								"colorFrom": "CCCEDBFF",
								"colorTo": "CCCEDBFF"
							},
							{
								"type": "WaveEffect",
								"lifetime": 10,
								"startDelay": 290,
								"sizeFrom": 160,
								"sizeTo": 0,
								"strokeFrom": 16,
								"strokeTo": 0,
								"colorFrom": "CCCEDBFF",
								"colorTo": "CCCEDBFF"
							},
							{
							"type": "ParticleEffect",
							"particles": 1,
							"sizeFrom": 160,
							"sizeTo": 160,
							"sizeInterp": "pow5Out",
							"length": 0,
							"baseLength": 0,
							"lifetime": 290,
							"layer": 120,
							"colorFrom": "000000FF",
							"colorTo": "000000FF"
						},
						{
							"type": "ParticleEffect",
							"particles": 1,
							"sizeFrom": 160,
							"sizeTo": 0,
							"sizeInterp": "pow5In",
							"length": 0,
							"baseLength": 0,
							"startDelay": 290,
							"lifetime": 10,
							"layer": 120,
							"colorFrom": "000000FF",
							"colorTo": "000000FF"
						},
					]
				}
    "fragBullets": 1,
    "fragBullet": {
            "hittable":false,
            "reflectable":false,
           	"collides": false,
			"absorbable": false,
            "pierce":true,
            "pierceBuilding":true,
	    	"speed": 0,
            "damage": 1,
            "frontColor":"000000FF",	
            "backColor":"000000FF",
            "lifetime": 300,
            "width": 1,
            "height": 1,
    "fragBullets": 1,
    "fragBullet": {
            "hittable":false,
            "reflectable":false,
           	"collides": false,
			"absorbable": false,
            "pierce":true,
            "pierceBuilding":true,
	    	"speed": 0,
            "damage": 1,
            "frontColor":"000000FF",	
            "backColor":"000000FF",
            "lifetime": 1,
            "width": 1,
            "height": 1,
            	"fragBullets": 1,
			  	"fragBullet": {
			  	"width": 0,
				"height": 0,
				"lifetime":0,
				"speed": 0,
			    "hittable":false,
                "reflectable":false,
                "collides": false,
                "absorbable": false,
				"pierce": true,
				"pierceBuilding":true,
				"hitSound":"explosionbig",
				"hitSoundVolume": 100,
				"splashDamageRadius": 480,
				"damage": 3200,
				"splashDamage":6400,
				"knockback": 320,
				"hitShake": 120,
			"hitEffect": {
		"type": "MultiEffect",
		"effects": [
		{
		 "type": "WaveEffect",
        "lifetime": 120,
        "sizeFrom": 0,
        "sizeTo":480,
        "strokeFrom": 8,
        "strokeTo": 0,
     	"colorFrom": "ECECECFF",
		"colorTo": "ECECECFF",
          }
        {
        "type": "ParticleEffect",
		"particles": 96,
		"sizeFrom": 12,
		"sizeTo": 0,
		"length": 480,
		"baseLength": 0,
		"lifetime": 120,
	    "colorFrom": "ECECECFF",
		"colorTo": "ECECECFF"
		},
		{
		"type": "ParticleEffect",
		"particles": 96,
		"line": true,
		"strokeFrom": 12,
		"strokeTo": 0,
		"lenFrom": 32,
	    "lenTo": 0,
		"length": 480,
		"baseLength": 0,
		"lifetime": 120,
		"colorFrom": "ECECECFF",
	    "colorTo": "ECECECFF"
	               }
		         ]          
	           }
            	"fragBullets": 10,
			  	"fragBullet": {
			  	"width": 0,
				"height": 0,
				"lifetime":30,
				"speed": 8,
			    "hittable":false,
                "reflectable":false,
                "collides": false,
                "absorbable": false,
				"pierce": true,
				"pierceBuilding":true,
				"hitSound":"plasmaboom",
				"hitSoundVolume": 100,
				"splashDamageRadius": 240,
				"damage": 1600,
				"splashDamage":3200,
				"knockback": 160,
			    "hitShake": 60,
			"hitEffect": {
		"type": "MultiEffect",
		"effects": [
		{
		 "type": "WaveEffect",
        "lifetime": 60,
        "sizeFrom": 0,
        "sizeTo": 240,
        "strokeFrom": 6,
        "strokeTo": 0,
     	"colorFrom": "ECECECFF",
		"colorTo": "ECECECFF",
          }
        {
        "type": "ParticleEffect",
		"particles": 48,
		"sizeFrom": 6,
		"sizeTo": 0,
		"length": 240,
		"baseLength": 0,
		"lifetime": 60,
	    "colorFrom": "ECECECFF",
		"colorTo": "ECECECFF"
		},
		{
		"type": "ParticleEffect",
		"particles": 48,
		"line": true,
		"strokeFrom": 6,
		"strokeTo": 0,
		"lenFrom": 24,
	    "lenTo": 0,
		"length": 240,
		"baseLength": 0,
		"lifetime": 60,
		"colorFrom": "ECECECFF",
	    "colorTo": "ECECECFF"
	               }
		         ]          
	           }
	           	"fragBullets": 5,
			  	"fragBullet": {
			  	"width": 0,
				"height": 0,
				"lifetime":15,
				"speed": 8,
			    "hittable":false,
                "reflectable":false,
                "collides": false,
                "absorbable": false,
				"pierce": true,
				"pierceBuilding":true,
				"hitSound":"plasmaboom",
				"hitSoundVolume": 100,
				"splashDamageRadius": 120,
				"damage": 800,
				"splashDamage":1600,
				"knockback": 80,
			    "hitShake": 30,
			"hitEffect": {
		"type": "MultiEffect",
		"effects": [
		{
		 "type": "WaveEffect",
        "lifetime": 30,
        "sizeFrom": 0,
        "sizeTo": 120,
        "strokeFrom": 3,
        "strokeTo": 0,
     	"colorFrom": "ECECECFF",
		"colorTo": "ECECECFF",
          }
        {
        "type": "ParticleEffect",
		"particles": 24,
		"sizeFrom": 3,
		"sizeTo": 0,
		"length": 120,
		"baseLength": 0,
		"lifetime": 30,
	    "colorFrom": "ECECECFF",
		"colorTo": "ECECECFF"
		},
		{
		"type": "ParticleEffect",
		"particles": 24,
		"line": true,
		"strokeFrom": 3,
		"strokeTo": 0,
		"lenFrom": 12,
	    "lenTo": 0,
		"length": 120,
		"baseLength": 0,
		"lifetime": 30,
		"colorFrom": "ECECECFF",
	    "colorTo": "ECECECFF"
	               }
		         ]          
	           }
	            	"fragBullets": 2,
			  	"fragBullet": {
			  	"width": 0,
				"height": 0,
				"lifetime":7.5,
				"speed": 8,
			    "hittable":false,
                "reflectable":false,
                "collides": false,
                "absorbable": false,
				"pierce": true,
				"pierceBuilding":true,
				"hitSound":"plasmaboom",
				"hitSoundVolume": 100,
				"splashDamageRadius": 60,
				"damage": 640,
				"splashDamage":800,
				"knockback": 40,
			    "hitShake": 30,
			"hitEffect": {
		"type": "MultiEffect",
		"effects": [
		{
		 "type": "WaveEffect",
        "lifetime": 15,
        "sizeFrom": 0,
        "sizeTo": 60,
        "strokeFrom": 1.5,
        "strokeTo": 0,
     	"colorFrom": "ECECECFF",
		"colorTo": "ECECECFF",
          }
        {
        "type": "ParticleEffect",
		"particles": 12,
		"sizeFrom": 1.5,
		"sizeTo": 0,
		"length": 60,
		"baseLength": 0,
		"lifetime": 15,
	    "colorFrom": "ECECECFF",
		"colorTo": "ECECECFF"
		},
		{
		"type": "ParticleEffect",
		"particles": 12,
		"line": true,
		"strokeFrom": 1.5,
		"strokeTo": 0,
		"lenFrom": 6,
	    "lenTo": 0,
		"length": 60,
		"baseLength": 0,
		"lifetime": 15,
		"colorFrom": "ECECECFF",
	    "colorTo": "ECECECFF"
	              }
		        ]          
	          }
	        }
	      }
	    }
	  }
    }
    "intervalBullets":1,
        "bulletInterval":5,
        "intervalBullet":{
        "knockback": -256,
       "pierce":true,
       "pierceBuilding":true,
        "hittable":false,
        "reflectable":false,
        "splashDamage":1500,
        "splashDamageRadius":320, 
            "frontColor":"97B5EDFF",	
            "backColor":"000000FF",
	    	"speed": 0,
            "damage": 1,
            "hitSize":0,
            "lifetime": 0,
            "width": 0,
            "height": 0,
            "hitSound":"BZ",
            "despawnEffect":"none",
            "hitShake": 30,
            "status": "电磁紊乱",
		    "statusDuration": 180,
            "hitEffect": {	"type": "WaveEffect",
								"lifetime": 30,
								"sizeFrom": 320,
								"sizeTo": 0,
								"strokeFrom": 16,
								"strokeTo": 0,
								"colorFrom": "CCCEDBFF",
								"colorTo": "CCCEDBFF"
         }
	  }
  }
}
	"consumes": {
		"power": 240,
		"coolant": {
			"amount": 1.2,
			"optional": true
		}
	},
	"category": "turret",
      "research": {
	"parent": "阴霾"
	"objectives":[
	{
	"type": "SectorComplete",
	"preset":"荧幻群山"
	}
  ]
}
	"requirements": [
		"晶碳/480",
		"幻荧合金/520",
		"翼精金属/840",
		"有机玻璃/1200",
		"荧羽石/640",
		"幻钛钢/1240",
		"纳米能量丝/420",
	    "surge-alloy/720",
	    "plastanium/960"
	    "silicon/1620"
	    "phase-fabric/910"
	]
}