{
	"type": "PowerTurret",
	"name": "星灵",
	"description": "发射大型冲击能量弹",
	"moveWhileCharging": false,
	"targetAir": true,
	"targetGround": true,
	"health": 2400,
	"armor":6,
	"size": 3, 
	"shootSound":"laser",
    "chargeSound":"lasercharge2",
	"shake":4,
	"inaccuracy": 0,
	"recoil": 15,
	"recoilTime":60,
		"shoot":{
            "type":"ShootPattern",
            "firstShotDelay":80
        },
	"shootType": {
	"type" : "BasicBulletType",
	"damage": 550,
	"splashDamageRadius":48,
	"splashDamage":250,
	"width": 24,
	"height": 24,
    "trailLength":9,
	"trailWidth":3,
    "trailColor":"FEEBB3FF",
	"frontColor":"FEEBB3FF",
    "backColor":"FEEBB3FF",	
	"speed": 8,"lifetime": 45,
	"hitSound":"plasmaboom",
	"ammoMultiplier":1,
    "knockback": 48,
      "fragBullets": 3,
             	"fragBullet": {
	            "damage":160,
	            "shrinkY":0,
	            "homingRange":180,
	            "homingPower": 0.2,
	            "splashDamageRadius":24,
	            "spin":1,
	            "splashDamage":60,
	            "hittable":false,
                "reflectable":false,
            	"hitSound":"plasmaboom",
            	"spin":8,
         "hitEffect": {     
        "type": "WaveEffect",
        "lifetime": 10,
        "sizeFrom": 0,
        "sizeTo": 24,
        "strokeFrom": 0,
        "strokeTo": 3,
        "colorFrom": "FEEBB3FF",
        "colorTo": "FEEBB3FF"
	   },
                "sprite":"幻境-复", 
                "trailLength":8,
	            "trailWidth":4,
                "trailColor":"FEEBB3FF",
	            "frontColor":"FEEBB3FF",
                "backColor":"FEEBB3FF",	
	            "width": 32,"height": 32,
             	"speed": 8,	"lifetime":40
             	"knockback": 24,
                }
        "chargeEffect":{"type": "MultiEffect",
        "effects": [
       {"type": "WaveEffect",
        "lifetime": 80,
        "sizeFrom": 60,
        "sizeTo": 0,
        "strokeFrom": 0,
        "strokeTo": 3,
        "colorFrom": "FEEBB3FF",
        "colorTo": "FEEBB3FF"},
        {
            "type": "ParticleEffect",
            "particles": 15,
            "baseLength": 20,
            "length":-20,
            "lifetime": 80,
            "line": true,
            "lenFrom": 15,
            "lenTo":0,
            "strokeFrom": 1,
            "strokeTo": 1,
            "colorFrom": "FEEBB3FF",
            "colorTo": "FEEBB3FF",
            "cone":360 }
              {"type": "WaveEffect",
        "lifetime": 80,
        "sizeFrom": 80,
        "sizeTo": 0,
        "strokeFrom": 0,
        "strokeTo": 4,
        "colorFrom": "FEEBB3FF",
        "colorTo": "FEEBB3FF"},
        {
            "type": "ParticleEffect",
            "particles": 20,
            "baseLength": 25,
            "length":-25,
            "lifetime": 80,
            "line": true,
            "lenFrom": 30,
            "lenTo":0,
            "strokeFrom": 2,
            "strokeTo": 2,
            "colorFrom": "FEEBB3FF",
            "colorTo": "FEEBB3FF",
            "cone":360 }
        ]},
	"hitEffect": {     
        "type": "WaveEffect",
        "lifetime": 20,
        "sizeFrom": 0,
        "sizeTo": 48,
        "strokeFrom": 0,
        "strokeTo": 3,
        "colorFrom": "FEEBB3FF",
        "colorTo": "FEEBB3FF"
	   },
	    "despawnEffect": {     
        "type": "WaveEffect",
        "lifetime": 20,
        "sizeFrom": 0,
        "sizeTo": 48,
        "strokeFrom": 0,
        "strokeTo": 3,
        "colorFrom": "FEEBB3FF",
        "colorTo": "FEEBB3FF"
	   },
	"shootEffect": {     
    "type": "ParticleEffect",
    "particles": 8,
    "sizeFrom": 4,
    "sizeTo": 0,
    "length": 40,
    "baseLength": 0,
    "lifetime": 40,
    "colorFrom": "FEEBB3FF",
    "colorTo": "FEEBB3FF",
    "cone": 50
	   } }
	   "consumes": {"power":15,
		"coolant":{"amount":0.3,"optional":true}  
			},
	"reload": 600,
	"rotateSpeed": 4,
	"range": 360,
	"category": "turret",
	"research": "彗星",
	"requirements": [
	{ "item": "玄晶", "amount":90},
	{ "item": "幻钛钢", "amount":150},
	{ "item": "幻钢", "amount":90},
	{ "item": "有机玻璃", "amount":60},
	]
}
