{
	"type": "ItemTurret",
	"name": "星落",
	"description":"超远距离发射各种弹药",
	"health": 18000,
	"armor": 30,
	"size": 5,
	"reload": 1500,
	"range": 1280,
	"shootCone": 32,
	"recoilTime": 360,
	"heatColor": "FFFFFFFF"
	"canOverdrive": false,
	"recoil": 5,
	"cooldownTime": 180,
	"coolantMultiplier": 0.95,
	"ammoPerShot": 80,
	"itemCapacity": 160,
	"maxAmmo": 160,
    "shoot": {
		"shots": 140,
		"shotDelay": 2,
		"type": "ShootBarrel",
		"barrels": [
			2,0,0
			-2,0,0
			6,0,0
			-6,0,0
			12,0,0
			-12,0,0
			18,0,0
			-18,0,0
		]
	},
	 "drawer": {
        "type": "DrawMulti",
        "drawers": [{
            "type": "DrawTurret",
            "parts": [
           	{
				"type": "RegionPart",
				"mirror": false,
				"x": 0,
				"y": 0,
				"suffix": "-l",
				"layer": 50,
				"moveX": -3.6,
				"moveY": 0,
				"heatColor": "FFFFFFFF"
			},{
				"type": "RegionPart",
				"mirror": false,
				"x": 0,
				"y": 0,
				"suffix": "-r",
				"layer": 50,
				"moveX": 3.6,
				"moveY": 0,
				"heatColor": "FFFFFFFF"
			},
				{
				"type": "HaloPart",
				"sides": 4,
				"shapes": 1,
				"y":-16,
				"color": "FEEBB3FF",
				"colorTo": "FEEBB3FF",
				"tri": false,
				"hollow": true,
				"stroke": 0,
				"strokeTo": 1,
				"radius": 0,
				"radiusTo": 8,
				"haloRadius": 0
				"haloRotateSpeed":-1,
				"layer":110,
			},
	        	{
				"type": "HaloPart",
				"sides": 4,
				"shapes": 1,
				"y":-16,
				"color": "FEEBB3FF",
				"colorTo": "FEEBB3FF",
				"tri": false,
				"hollow": true,
				"stroke": 0,
				"strokeTo": 1,
				"radius": 0,
				"radiusTo": 6,
				"haloRadius": 0
				"haloRotateSpeed":1,
				"layer":110,
			},
				{
						"type": "HaloPart",
						"sides": 3,
						"shapes": 4,
						"y":-16
						"color": "FEEBB3FF",
						"colorTo": "FEEBB3FF",
						"tri": true,
						"radius": 0,
						"radiusTo": 5,
						"triLength": 0,
						"triLengthTo": 10,
						"haloRadius": 0,
						"haloRadiusTo":8,
						"haloRotateSpeed": 2
				}
		   ]
	   },
    ]
}
	"ammoUseEffect":"none",
	"targetGround": true,
	"targetAir": true,
	"consumes": {
	"power":140,
		"coolant": {
			"amount": 1.5,
			"optional": true
		}
	},
	"ammoTypes": {
		"荧羽石": {
		"speed": 32,
		"damage": 250,
	    "splashDamageRadius": 50,
		"splashDamage": 500,
		"lifetime": 40,
		"width": 64,
		"height": 64,
		"spin":5,
		"ammoMultiplier": 1,
		"reloadMultiplier": 0.9,
		"knockback":5,
	    "frontColor": "ECECECFF",
        "backColor": "ECECECFF",
	    "trailLength":4,
	    "trailWidth":4,
        "trailColor":"ECECECFF",
       	"sprite":"幻境-十字星",  
       	"hitSound": "plasmaboom",
       		"hitEffect": {
		"type": "MultiEffect",
		"effects": [
		{
		 "type": "WaveEffect",
        "lifetime": 30,
        "sizeFrom": 0,
        "sizeTo": 400,
        "strokeFrom": 2,
        "strokeTo": 0,
     	"colorFrom": "ECECECFF",
		"colorTo": "ECECECFF",
          }
        {
        "type": "ParticleEffect",
		"particles": 40,
		"sizeFrom": 4,
		"sizeTo": 0,
		"length": 400,
		"baseLength": 0,
		"lifetime": 30,
	    "colorFrom": "ECECECFF",
		"colorTo": "ECECECFF"
		},
		{
		"type": "ParticleEffect",
		"particles": 40,
		"line": true,
		"strokeFrom": 4,
		"strokeTo": 0,
		"lenFrom": 40,
	    "lenTo": 0,
		"length": 400,
		"baseLength": 0,
		"lifetime": 30,
		"colorFrom": "ECECECFF",
	    "colorTo": "ECECECFF"
	               }
	           {
	    "effect": "dynamicSpikes",
        "rotation": 100,
        "color": "ECECECFF",
        "type": "WrapEffect"
         }
		         ]          
	           }
        "shootEffect": {
		"type": "ParticleEffect",
		"particles": 15,
		"sizeFrom": 7.5,
		"sizeTo": 0,
		"length": 48,
		"baseLength": 0,
		"lifetime": 20,
		"colorFrom": "ECECECFF",
		"colorTo": "ECECECFF",
		"cone": 30
	},
	    "fragBullets": 1,
			"fragBullet": {
		"speed": 32,
		"damage": 125,
	    "splashDamageRadius": 25,
		"splashDamage": 250,
		"lifetime": 8,
		"width": 1,
		"height": 1,
		"knockback":2.5,
		"status": "电磁干扰",
		"statusDuration": 150,
	    "frontColor": "ECECECFF",
        "backColor": "ECECECFF",
        "hittable":false,
        "reflectable":false,
      	"collides": false,
       	"sprite":"幻境-十字星",  
       	"hitSound": "plasmaboom",
       		"hitEffect": {
		"type": "MultiEffect",
		"effects": [
		{
		 "type": "WaveEffect",
        "lifetime": 30,
        "sizeFrom": 0,
        "sizeTo": 200,
        "strokeFrom": 1,
        "strokeTo": 0,
     	"colorFrom": "ECECECFF",
		"colorTo": "ECECECFF",
          }
        {
        "type": "ParticleEffect",
		"particles": 20,
		"sizeFrom": 20,
		"sizeTo": 0,
		"length": 200,
		"baseLength": 0,
		"lifetime": 30,
	    "colorFrom": "ECECECFF",
		"colorTo": "ECECECFF"
		},
		{
		"type": "ParticleEffect",
		"particles": 20,
		"line": true,
		"strokeFrom": 2,
		"strokeTo": 0,
		"lenFrom": 20,
	    "lenTo": 0,
		"length": 200,
		"baseLength": 0,
		"lifetime": 30,
		"colorFrom": "ECECECFF",
	    "colorTo": "ECECECFF"
	               }
	      {
	    "effect": "dynamicSpikes",
        "rotation": 50,
        "color": "ECECECFF",
        "type": "WrapEffect"
                  }
		       ]          
	       }
	   },
	}
           "幻荧合金": {
            "speed": 40,
            "damage": 750,
            "pierce":true,
            "knockback":20,
            "pierceBuilding":true,
            "reloadMultiplier": 1,
            "lifetime": 32,
            "width": 16,
            "height": 48,
            "ammoMultiplier": 1,
            "frontColor": "6569C9FF",
            "backColor": "6569C9FF",
            "trailLength": 6,
			"trailWidth": 2,
		 	"trailColor": "6569C9FF",
		    "status": "slow",
		    "statusDuration": 150,
		    "hitSound":"lasercharge2",
		    "shootEffect": {
		    "type": "ParticleEffect",
	     	"particles": 15,
	     	"sizeFrom": 7.5,
		    "sizeTo": 0,
		    "length": 48,
		    "baseLength":0,
		    "lifetime": 20,
		    "colorFrom": "6569C9FF",
	     	"colorTo": "6569C9FF",
	     	"cone": 30
	        },
	        "hitEffect": {
            "type": "WaveEffect",
            "lifetime": 30,
            "sizeFrom": 25,
            "sizeTo": 0,
            "strokeFrom": 3,
            "strokeTo": 0,
            "colorFrom": "6569C9FF",
            "colorTo": "6569C9FF"
        },
      },
}
	"inaccuracy":0,
	"shake": 15,
	"shootSound": "plasmadrop",
	"rotateSpeed": 1.5,
    "requirements": [
	    "晶碳/240",
		"幻荧合金/390",
		"翼精金属/645",
		"有机玻璃/900",
		"荧羽石/480",
		"幻钛钢/930",
	    "surge-alloy/540",
	    "plastanium/720"
	    "silicon/1215"
	    ]
	"category": "turret",
"research": {
	"parent": "沧龙"
	"objectives":[
	{
	"type": "SectorComplete",
	"preset":"寂静盆地"
	}
  ]
}
}