{
	"type": "PowerTurret",
	"name": "星辰",
	"description": "发射大型爆破能量弹",
	"moveWhileCharging": false,
	"targetAir": true,
	"targetGround": true,
	"health": 4800,
	"armor":12,
	"size": 4, 
    "shootSound":"laserblast",
    "chargeSound":"lasercharge",
	"shake":4,
	"inaccuracy": 0,
	"recoil": 20,
	"recoilTime":120,
		"shoot":{
            "type":"ShootPattern",
            "firstShotDelay":100
        },
	"shootType": {
	"type" : "BasicBulletType",
	"damage": 1400,
	"splashDamageRadius":40,
	"splashDamage":700,
	"width": 32,
	"height": 32,
    "trailLength":10,
	"trailWidth":5,
    "trailColor":"FEEBB3FF",
	"frontColor":"FEEBB3FF",
    "backColor":"FEEBB3FF",	
	"speed": 8,"lifetime": 80,
	"hitSound":"plasmaboom",
	"ammoMultiplier":1,
	"knockback": 96,
    "pierce":true,
    "pierceBuilding":true,
        "intervalBullets":10,
        "bulletInterval":5,
        "intervalBullet":{	
        "type" : "BasicBulletType",
	"damage": 140,
	"splashDamageRadius":20,
	"splashDamage":140,
	"width": 0,
	"height": 0,
	"frontColor":"FEEBB3FF",
    "backColor":"FEEBB3FF",	
	"speed": 8,"lifetime": 4,
	"hitSound":"plasmaboom",
	"ammoMultiplier":1, 
	"hitEffect":{
            "effect": "dynamicSpikes",
            "rotation": 20,
            "color": "FEEBB3FF",
            "type": "WrapEffect"}
            }
        "chargeEffect":{"type": "MultiEffect",
        "effects": [
       {"type": "WaveEffect",
        "lifetime": 100,
        "sizeFrom": 60,
        "sizeTo": 0,
        "strokeFrom": 0,
        "strokeTo": 3,
        "colorFrom": "FEEBB3FF",
        "colorTo": "FEEBB3FF"},
        {
            "type": "ParticleEffect",
            "particles": 15,
            "baseLength": 20,
            "length":-20,
            "lifetime": 100,
            "line": true,
            "lenFrom": 15,
            "lenTo":0,
            "strokeFrom": 1,
            "strokeTo": 1,
            "colorFrom": "FEEBB3FF",
            "colorTo": "FEEBB3FF",
            "cone":360 }
              {"type": "WaveEffect",
        "lifetime": 100,
        "sizeFrom": 80,
        "sizeTo": 0,
        "strokeFrom": 0,
        "strokeTo": 4,
        "colorFrom": "FEEBB3FF",
        "colorTo": "FEEBB3FF"},
        {
            "type": "ParticleEffect",
            "particles": 20,
            "baseLength": 25,
            "length":-25,
            "lifetime": 100,
            "line": true,
            "lenFrom": 30,
            "lenTo":0,
            "strokeFrom": 2,
            "strokeTo": 2,
            "colorFrom": "FEEBB3FF",
            "colorTo": "FEEBB3FF",
            "cone":360 }
                    {"type": "WaveEffect",
        "lifetime": 100,
        "sizeFrom": 100,
        "sizeTo": 0,
        "strokeFrom": 0,
        "strokeTo": 5,
        "colorFrom": "FEEBB3FF",
        "colorTo": "FEEBB3FF"},
        {
            "type": "ParticleEffect",
            "particles": 40,
            "baseLength": 30,
            "length":-30,
            "lifetime": 100,
            "line": true,
            "lenFrom": 60,
            "lenTo":0,
            "strokeFrom": 3,
            "strokeTo": 3,
            "colorFrom": "FEEBB3FF",
            "colorTo": "FEEBB3FF",
            "cone":360 }
        ]},
    "hitEffect":{
            "effect": "dynamicSpikes",
            "rotation": 40,
            "color": "FEEBB3FF",
            "type": "WrapEffect"}
	"shootEffect": {     
    "type": "ParticleEffect",
    "particles": 16,
    "sizeFrom": 5,
    "sizeTo": 0,
    "length": 50,
    "baseLength": 0,
    "lifetime": 60,
    "colorFrom": "FEEBB3FF",
    "colorTo": "FEEBB3FF",
    "cone": 50
	   } }
	   "consumes": {"power":32,
		"coolant":{"amount":0.4,"optional":true}  
			},
	"reload": 1200,
	"rotateSpeed": 2,
	"range": 640,
	"category": "turret",
    "research": {
	"parent": "星灵"
	"objectives":[
	{
	"type": "SectorComplete",
	"preset":"深幽丛林"
	}
  ]
}
	"requirements": [
	{ "item": "翼石", "amount":260},
	{ "item": "plastanium", "amount":220},
	{ "item": "荧羽石", "amount":60},
	{ "item": "surge-alloy", "amount":180},
	{ "item": "玄钢", "amount":150},
	]
}