{
	"type": "ItemTurret",
	"name": "曙光",
	"description": "最先进的火力炮塔，能够发射多种弹药",
	"health": 12000,
	"armor": 30,
	"size": 5,
	"reload": 10,
	"range": 600,
	"maxAmmo": 100,
	"shootCone": 32,
	"recoilTime": 120,
	"canOverdrive": false,
	"recoil": 2,
	"cooldownTime": 120,
	"coolantMultiplier": 0.98,
	 "drawer": {
        "type": "DrawMulti",
        "drawers": [{
            "type": "DrawTurret",
            "parts": [
			{
				"type": "RegionPart",
				"suffix": "-管l",
				"under": true,
				"recoilIndex": 0,
				"moveY": -5,
				"progress": "recoil",
				"heatProgress": "recoil"
			},
			{
				"type": "RegionPart",
				"suffix": "-管r",
				"under": true,
				"recoilIndex": 1,
				"moveY": -5,
				"progress": "recoil",
				"heatProgress": "recoil"
			}
            	{
						"type": "HaloPart",
						"y":-16,
						"sides": 3,
						"shapes": 4,
						"color": "FEEBB3FF",
						"colorTo": "FEEBB3FF",
						"tri": true,
						"radius": 0,
						"radiusTo": 10,
						"triLength": 0,
						"triLengthTo": 10,
						"haloRadius": 0,
						"haloRadiusTo":8,
						"haloRotateSpeed": 2
						}
						{
							"type": "HaloPart",
							"y":-16,
							"sides": 4,
							"shapes": 1,
							"rotateSpeed": 1,
							"color": "FEEBB3FF",
							"colorTo": "FEEBB3FF",
							"tri": false,
							"hollow": true,
							"stroke": 0,
							"strokeTo": 1,
							"radius": 0,
							"radiusTo": 4,
							"haloRadius": 0
			    }
			   	{
							"type": "HaloPart",
							"y":-16,
							"sides": 4,
							"shapes": 1,
							"rotateSpeed": -1,
							"color": "FEEBB3FF",
							"colorTo": "FEEBB3FF",
							"tri": false,
							"hollow": true,
							"stroke": 0,
							"strokeTo": 1,
							"radius": 0,
							"radiusTo": 8,
							"haloRadius": 0
			  }
		   ]
	   },
    ]
}
	"recoils": 2,
	"shoot": {
		"type": "ShootAlternate",
		"barrels": 2,
		"spread": 16
	},
	"ammoUseEffect":"casing4",
	"targetGround": true,
	"targetAir": true,
	"ammoTypes": {
		"thorium": {
			"speed": 16,
			"damage": 320,
			"lifetime": 37.5,
			"width": 24,
			"height": 48,
			"ammoMultiplier": 1,
			"reloadMultiplier": 1,
			"knockback":9,
			"pierce": true,	
			"frontColor": "CB8EBFFF",
            "backColor": "F9A3C7FF",
	        "pierceBuilding":true,
	        "trailLength":8,
	        "trailWidth":6,
            "trailColor":"F9A3C7FF",
            "pierceArmor": true,
	        "shootEffect": {     
            "type": "ParticleEffect",
            "particles": 12,
            "sizeFrom": 4,
            "sizeTo": 0,
            "length": 50,
            "baseLength": 0,
            "lifetime": 20,
            "colorFrom": "CB8EBFFF",
            "colorTo": "CB8EBFFF",
            "cone": 50
	   } },
	   	"幻钢": {
			"speed": 16,
			"damage": 120,
			"lifetime": 37.5,
			"width": 24,
			"height": 48,
			"ammoMultiplier": 2,
			"reloadMultiplier": 2,
			"knockback":3,
			"pierce": true,	
			"pierceCap": 1,
			"frontColor": "97B5EDFF",
            "backColor": "97B5EDFF",
	        "pierceBuilding":true,
	        "trailLength":8,
	        "trailWidth":6,
            "trailColor":"97B5EDFF",
            "pierceArmor": true,
	        "shootEffect": {     
            "type": "ParticleEffect",
            "particles": 10,
            "sizeFrom": 4,
            "sizeTo": 0,
            "length": 50,
            "baseLength": 0,
            "lifetime": 20,
            "colorFrom": "97B5EDFF",
            "colorTo": "97B5EDFF",
            "cone": 50
	   } },
	    	"幻钛钢": {
			"speed": 16,
			"damage": 180,
			"lifetime": 37.5,
			"width": 24,
			"height": 48,
			"ammoMultiplier": 1,
			"reloadMultiplier": 1.2,
			"knockback":6,
			"pierce": true,	
			"pierceCap": 2,
			"frontColor": "46649AFF",
            "backColor": "46649AFF",
	        "pierceBuilding":true,
	        "trailLength":8,
	        "trailWidth":6,
            "trailColor":"46649AFF",
            "pierceArmor": true,
	        "shootEffect": {     
            "type": "ParticleEffect",
            "particles": 10,
            "sizeFrom": 4,
            "sizeTo": 0,
            "length": 60,
            "baseLength": 0,
            "lifetime": 20,
            "colorFrom": "46649AFF",
            "colorTo": "46649AFF",
            "cone": 50
	   } },
	    	"有机玻璃": {
			"speed": 16,
			"damage": 50,
			"lifetime": 37.5,
			"width": 12,
			"height": 24,
			"ammoMultiplier": 1,
			"reloadMultiplier": 0.8,
			"knockback":2,
			"pierce": true,	
			"frontColor": "2A2A2AFF",
            "backColor": "404040FF",
	        "pierceBuilding":true,
	        "trailLength":6,
	        "trailWidth":3,
            "trailColor":"2A2A2AFF",
	        "shootEffect": {     
            "type": "ParticleEffect",
            "particles": 10,
            "sizeFrom": 4,
            "sizeTo": 0,
            "length": 50,
            "baseLength": 0,
            "lifetime": 20,
            "colorFrom": "404040FF",
            "colorTo": "404040FF",
            "cone": 50
	   } 
	    "fragBullets": 16,
			"fragBullet": {
				"width": 6,
				"height": 12,
				"damage": 25,
				"lifetime": 8,
				"speed": 32,
				"pierce": true,	
                "pierceBuilding":true,
                "pierceArmor": true,
	        	"frontColor": "2A2A2AFF",
                "backColor": "404040FF",
                "knockback":2,
                "trailLength": 3,
		     	"trailWidth": 1,
			    "trailColor": "404040FF",
				"hitEffect": "none",
			    "despawnEffect":"none"
			}
	   },
	     "surge-alloy": {
			"speed": 16,
			"damage": 250,
			"lifetime": 37.5,
			"width": 24,
			"height": 48,
			"ammoMultiplier": 1,
			"reloadMultiplier": 0.9,
			"knockback":12,
			"pierce": true,	
			"pierceCap": 6,
		    "frontColor":"FEEBB3FF",
            "backColor": "FEEBB3FF",
	        "pierceBuilding":true,
	        "trailLength":8,
	        "trailWidth":6,
            "trailColor":"FEEBB3FF",
            "pierceArmor": true,
            "lightningDamage": 30,
            "lightning": 6,
            "lightningLength": 30,
            "splashDamageRadius": 30,
            "splashDamage": 150,
            "hitSound":"spark",
	        "shootEffect": {     
            "type": "ParticleEffect",
            "particles": 20,
            "sizeFrom": 4,
            "sizeTo": 0,
            "length": 60,
            "baseLength": 0,
            "lifetime": 20,
            "colorFrom": "FEEBB3FF",
            "colorTo": "FEEBB3FF",
            "cone": 50
	   } },
	  	"荧羽石": {
			"speed": 16,
			"damage": 560,
			"lifetime": 37.5,
			"width": 24,
			"height": 48,
			"ammoMultiplier": 1,
			"reloadMultiplier":0.75,
		    "frontColor": "CCCEDBFF",
			"backColor": "CCCEDBFF",
	        "trailLength":8,
	        "trailWidth":6,
            "trailColor":"ECECECFF",
            "splashDamageRadius": 120,
            "splashDamage": 640,
            "hitSound":"plasmaboom",
            "pierceArmor": true,
            "knockback":15,
	        "shootEffect": {     
            "type": "ParticleEffect",
            "particles": 12,
            "sizeFrom": 4,
            "sizeTo": 0,
            "length": 60,
            "baseLength": 0,
            "lifetime": 20,
            "colorFrom": "CCCEDBFF",
            "colorTo": "CCCEDBFF",
            "cone": 50
           }
           		"hitEffect": {
					"type": "MultiEffect",
					"effects": [
							{
							"type": "WaveEffect",
							"lifetime": 25,
							"sizeFrom": 0,
							"sizeTo": 120,
							"strokeFrom": 0,
							"strokeTo": 5,
						    "colorFrom": "CCCEDBFF",
                            "colorTo": "CCCEDBFF",
						},
						{
							"type": "ParticleEffect",
							"particles": 24,
							"sizeFrom": 6,
							"sizeTo": 0,
							"length": 64,
							"baseLength": 64,
							"lifetime": 30,
							"interp": "pow10Out",
							"sizeInterp": "pow10In",
							"colorFrom": "CCCEDBFF",
                            "colorTo": "CCCEDBFF",
						},
						{
							"type": "ParticleEffect",
							"particles": 24,
							"line": true,
							"strokeFrom": 6,
							"strokeTo": 0,
							"lenFrom": 12,
							"lenTo": 0,
							"length": 64,
							"baseLength": 64,
							"lifetime": 30,
							"interp": "pow5Out",
							"sizeInterp": "pow5In",
						    "colorFrom": "CCCEDBFF",
                            "colorTo": "CCCEDBFF",
						} 
					]
				},
            }
	    }
	"consumes": {
		"coolant": {
			"amount": 1,
			"optional": true
		}
	},
	"liquidCapacity": 180,
	"inaccuracy": 0,
	"shake": 10,
	"shootSound": "shootBig",
	"rotateSpeed": 2.5,
    "requirements": [
		"幻荧合金/220",
		"翼精金属/360",
		"有机玻璃/520",
		"荧羽石/240",
		"幻钛钢/540",
	    "surge-alloy/280",
	    "玄钢/480"
	    ]
	"category": "turret",
"research": {
	"parent": "弹雨"
	"objectives":[
	{
	"type": "SectorComplete",
	"preset":"普里港口"
	}
  ]
}
}