{
    "type": "ItemTurret",
    "name": "浪潮",
    "description": "近距离霰弹枪",
    "health": 2200,
    "size": 3,
    "reload": 180,
    "range": 320,
    "maxAmmo": 50,
    "recoilTime":120,
    "recoil": 4,
    "shake": 2,
    "liquidCapacity": 40,
    "ammoUseEffect": "casing4",
    "ammoPerShot": 5,
    "shootSound":"pao",
    "targetGround": true,
    "targetAir": false,
    "inaccuracy": 30,
    "rotateSpeed": 3,
       "shoot": {
		"shots": 30,
		"shotDelay": 0.2,
		"type": "ShootBarrel",
		"barrels": [
			0,0,0
		]
	},
    "consumes": {
        "coolant": {
            "amount": 0.4,
            "optional": true
        }
    },
    "ammoTypes": {
             "graphite": {
	         "speed":8,
	         "lifetime":40,
	         "width":16,"height":16,
	         "collidesTiles":false,
	         "damage":30,
	         "knockback": 1,
             "hitEffect": "blastExplosion",
             "splashDamageRadius":24,
             "splashDamage":33
        },
            "silicon": {
			"damage": 33,
			"lifetime": 40,
			"speed": 8,
			"width": 16,
			"height": 16,
			"knockback": 1,
			"homingPower": 0.03,
			"homingRange": 90,
			"splashDamage": 33,
			"splashDamageRadius": 24
		},
			"plastanium": {
			"damage": 45,
			"lifetime": 40,
			"speed": 8,
			"width": 16,
			"height": 16,
			"knockback": 1.2,
			"frontColor": "FFFAC6",
			"backColor": "D8D97F",
			"splashDamage": 45,
			"splashDamageRadius": 32,
			"hitEffect": "plasticExplosion",
			"fragBullets": 16,
			"fragBullet": {
				"damage": 22.5,
				"speed": 2
				"width": 8,
				"height": 8,
				"lifetime": 10,
				"frontColor": "FFFAC6",
				"backColor": "D8D97F",
				"hitEffect": "none",
				"despawnEffect": "none",
				"splashDamage": 22.5,
				"splashDamageRadius": 16
			}
		},
			"blast-compound": {
			"damage": 55,
			"lifetime": 40,
			"speed": 8,
			"width": 16,
			"height": 16,
			"knockback": 1.5,
			"status": "blasted",
			"statusDuration": 60,
			"splashDamage": 55,
			"splashDamageRadius": 40,
			"frontColor": "FFD2AE",
			"backColor": "E58956",
			"hitEffect": "blastExplosion"
		},
			"pyratite": {
			"damage": 45,
			"lifetime": 40,
			"speed": 8,
			"width": 16,
			"height": 16,
			"knockback": 1.4,
			"splashDamage": 45,
			"splashDamageRadius": 36,
			"makeFire": true,
			"incendAmount": 6,
			"status": "burning",
			"statusDuration": 360,
			"frontColor": "F8AD42",
			"backColor": "F68021",
			"hitEffect": "blastExplosion"
    },
             "荧羽石": {
	         "speed":8,
	         "lifetime":40,
	         "width":16,"height":16,
	         "collidesTiles":false,
	         "damage":160,
	         "knockback": 1,
             "hitEffect": "blastExplosion",
             "frontColor": "CCCEDBFF",
			 "backColor": "ECECECFF",
             "splashDamageRadius":25,
             "splashDamage":80
             	"hitEffect":{
                "effect": "dynamicSpikes",
                "rotation": 25,
                "color": "ECECECFF",
                "type": "WrapEffect"}
       }
     }
    "requirements": [{
        "item": "幻钢",
        "amount": 300
    }, {
        "item": "graphite",
        "amount": 200
    }, {
        "item": "titanium",
        "amount": 150
    }  {
        "item": "幻钛钢",
        "amount": 150
    },  {
        "item": "翼石",
        "amount": 100
    },  
    ],
    "category": "turret",
    "research": "火箭发射器"
}