{
    "type": "PowerTurret",
    "name": "罗灵",
    "description": "快速发射激光爆破弹",
    "health": 4000,
    "size": 4,
    "armor":8
    "reload": 15,
    "range": 400,
    "recoilTime": 30,
    "recoil": 6,
	"shake":30,
    "liquidCapacity": 60,
    "shootSound": "malignShoot",
    "targetGround": true,
    "targetAir": true,
    "inaccuracy": 30,
    "rotateSpeed": 1,
    	 "drawer": {
        "type": "DrawMulti",
        "drawers": [{
            "type": "DrawTurret",
            "parts": [
             {
				"type": "HaloPart",
				"sides": 4,
				"shapes": 1,
				"y":16,
				"color": "FEEBB3FF",
				"colorTo": "FEEBB3FF",
				"tri": false,
				"hollow": true,
				"stroke": 0,
				"strokeTo": 1,
				"radius": 0,
				"radiusTo": 4,
				"haloRadius": 0
				"haloRotateSpeed":-2,
				"layer":110,
			},
	        	{
				"type": "HaloPart",
				"sides": 4,
				"shapes": 1,
				"y":16,
				"color": "FEEBB3FF",
				"colorTo": "FEEBB3FF",
				"tri": false,
				"hollow": true,
				"stroke": 0,
				"strokeTo": 1,
				"radius": 0,
				"radiusTo": 4,
				"haloRadius": 0
				"haloRotateSpeed":2,
				"layer":110,
	    }
      ]
    }
  ]
}
    "shoot":{
    "type": "ShootHelix",
    "mag": 3
    "scl": 3
    },
    "consumes": {
      "power":30,
        "coolant": {
          "amount": 0.4,
            "optional": true
        }
    },
    "shootType": {
        "sprite":"幻境-复"
	    "spin":2,
        "damage": 40,
        "frontColor": "FEEBB3FF",
        "backColor": "FEEBB3FF",
        "trailLength": 5,
        "trailWidth": 5,
        "trailColor": "FEEBB3FF",
        "width": 24,
        "height": 24,    
        "speed": 8,
        "lifetime": 50,
        "ammoMultiplier": 1,
        "homingRange": 160,
        "homingPower": 0.2,
        "shootEffect": {
        "type": "ParticleEffect",
        "particles": 12,
        "sizeFrom": 6,
        "sizeTo": 0,
        "length": 12,
        "baseLength": 0,
        "lifetime": 9,
        "colorFrom": "FEEBB3FF",
        "colorTo": "FEEBB3FF",
        "cone": 30
        },
    "fragBullets": 1,
    "fragSpread": 0,
    "fragVelocityMin": 0,
    "fragRandomSpread": 0,
    "fragBullet": {
    "type": "LaserBulletType",	
    "lifetime":30,
    "lightningColor":"FEEBB3FF"
    "lightningSpacing":24,
	"lightningLength":4,
	"lightningDelay":0.8,
	"lightningLengthRand":6,
	"lightningAngleRand":6,
	"lightningDamage":10,
    "damage":90,
    "colors":["FEEBB3FF", "FEEBB3FF", "FEEBB3FF"],
    "width":32,	 "length":168
      "fragBullets": 1,
		"fragBullet": {
        "type":"LightningBulletType",
        "damage":10,
        "lightning":5
        "lightningLength":10,
        "lightningLengthRand":15,
    } } }
    "requirements": [
        {
            "item": "有机玻璃",
            "amount": 400
        },
        {
            "item": "翼精金属",
            "amount": 250
        },
        {
            "item": "surge-alloy",
            "amount": 200
        }
        {
            "item": "silicon",
            "amount":600
        }
        {
            "item": "plastanium",
            "amount": 300
        }
        {
            "item": "荧羽石",
            "amount": 200
        }
    ],
    "category": "turret",
  "research": {
	"parent": "星辰"
	"objectives":[
	{
	"type": "SectorComplete",
	"preset":"凛冬冰谷"
	}
  ]
}
}