{
	"type": "PowerTurret",
	"name": "阴影",
	"description": "一种高新的技术，耗能少，威力大的武器",
	"moveWhileCharging": false,
	"targetAir": true,
	"targetGround": true,
	"health": 3200,
	"armor":12,
	"size": 3, 
	"shootSound":"shotgun",
    "chargeSound":"lasercharge2",
	"shake":6,
	"inaccuracy": 0,
	"recoil": 6,
	"recoilTime":30,
		"shoot":{
            "type":"ShootPattern",
            "firstShotDelay":120
        },
	"shootType": {
	"type" : "BasicBulletType",
	"damage": 400,
	"splashDamageRadius":120,
	"splashDamage":500,
	"frontColor":"FEEBB3FF",
	"backColor":"FEEBB3FF",
	"width": 24,
	"height": 48,
	"status":"slow",
	"statusDuration":180,
    "trailLength":8,
	"trailWidth":6,
    "trailColor":"F2FF9C",
	"frontColor":"F2FF9C",
    "backColor":"F2FF9C80",	
	"speed": 16,"lifetime": 26.25,
	"hitSound":"BZ",
	"ammoMultiplier":1,
		 "chargeEffect":{"type": "MultiEffect",
        "effects": [
    {"type": "WaveEffect",
        "lifetime": 120,
        "sizeFrom": 48,
        "sizeTo": 0,
        "strokeFrom": 0,
        "strokeTo": 3,
       	"colorFrom": "F2FF9C",
		"colorTo": "F2FF9C80",}
        {
            "type": "ParticleEffect",
            "particles": 18,
            "baseLength": 24,
            "length":-48,
            "lifetime": 120,
            "line": true,
            "lenFrom": 4,
            "lenTo":0,
            "strokeFrom": 2,
            "strokeTo": 2,
         	"colorFrom": "F2FF9C",
			"colorTo": "F2FF9C80",
            "cone":360 }
            	{
							"type": "ParticleEffect",
							"particles": 18,
							"sizeFrom": 8,
							"sizeTo": 0,
							"length": -48,
							"baseLength": 24,
							"lifetime": 120,
						  	"colorFrom": "F2FF9C",
					        "colorTo": "F2FF9C80",
						},
        ]},
	"hitEffect": {
		"type": "MultiEffect",
					"effects": [
				{
			"type": "ParticleEffect",
			"particles": 24,
			"region": "幻境-X",
			"interp": "pow10Out",
			"sizeInterp": "pow10In",
			"sizeFrom": 12,
			"sizeTo": 0,
			"length": 120,
			"baseLength": 0,
			"lifetime": 30,
		  	"colorFrom": "F2FF9C",
		    "colorTo": "F2FF9C80",
		},
			{
			"type": "ParticleEffect",
			"particles": 24,
			"region": "幻境-复",
			"interp": "pow10Out",
			"sizeInterp": "pow10In",
			"sizeFrom": 16,
			"sizeTo": 0,
			"length": 120,
			"baseLength": 0,
			"lifetime": 30,
	      	"colorFrom": "F2FF9C",
			"colorTo": "F2FF9C80",
		},
		 {
		 "type": "WaveEffect",
        "lifetime": 15,
        "sizeFrom": 0,
        "sizeTo": 120,
        "strokeFrom": 0,
        "strokeTo": 3,
     	"colorFrom": "F2FF9C",
		"colorTo": "F2FF9C80",
          }
        ]
     }
	    "despawnEffect":"none",
	"shootEffect": {  
	  		"type": "MultiEffect",
					"effects": [
					{
    "type": "ParticleEffect",
    "particles": 30,
    "sizeFrom": 8,
    "sizeTo": 0,
    "length": 48,
    "baseLength": 0,
    "lifetime": 30,
 	"colorFrom": "F2FF9C",
	"colorTo": "F2FF9C80",
    "cone": 50
	   }   
	   {
	   "type": "WaveEffect",
        "lifetime": 15,
        "sizeFrom": 0,
        "sizeTo": 48,
        "strokeFrom": 0,
        "strokeTo": 2,
     	"colorFrom": "F2FF9C",
		"colorTo": "F2FF9C80",
	   }
	 ]
   }
 }
	   "consumes": {"power":15,
		"coolant":{"amount":0.3,"optional":true}  
			},
	"reload": 420,
	"rotateSpeed": 3,
	"range": 420,
	"category": "turret",
	"research": "彗星",
	"requirements": [
	{ "item": "有机玻璃", "amount":120},
	{ "item": "幻钛钢", "amount":60},
	{ "item": "玄晶", "amount":90},
	{ "item": "silicon", "amount":150},
	{ "item": "plastanium", "amount":45},
	]
}
