{
    // 基础单位属性
    "name": "堡    垒", // 单位名称
    "description": "《大堡垒》", // 单位描述
    "type": "mech", // 单位类型（机甲）
    "health": 2850, // 生命值
    "armor": 12, // 护甲值（减伤用）
    "speed": 0.35, // 移动速度
    "accel": 0.4, // 加速度
    "drag": 0.1, // 移动阻力
    "hitSize": 18, // 碰撞体积
    "rotateSpeed": 1.8, // 旋转速度
    "targetAir": true, // 能否对空
    "targetGround": true, // 能否对地
    "canBoost": false, // 是否可冲刺
    "researchCostMultiplier": 0.3,
	"research": "复合单位制造厂"
"mechFrontSway": 1.5, //机械前摇
"mechStepParticles": true, //机械步粒子
"mechStepShake": 0.25, //机械步摇
    "weapons": [  // 武器配置
        {
        "name":"堡    垒2",
            "rotate": false,  // 是否可以旋转
            "mirror": true,  // 是否镜像
            "top": false,// 是否位于单位顶部
            "shootY":8,
            "x": 34.5,  // 武器在机甲上的X坐标
            "y": 0,  // 武器在机甲上的Y坐标
            "reload": 50,  // 重新装填时间
            "recoil": 1,  // 后坐力
            "inaccuracy": 0,  // 射击不精度
            "shake": 2.7,//射击震动强度
            "shootSound": "artillery", // 射击音效
            "hitSound":"titanExplosion"
            "bullet": {  // 子弹配置
                "type": "ArtilleryBulletType",
                  // 子弹类型为普通子弹
                  "width": 25, // 子弹宽度
                "height": 18, // 子弹高度
                "damage": 38,  // 伤害值
            "splashDamageRadius": 32,    // 爆炸范围
            "splashDamage": 340,         // 范围伤害
                "speed": 3.5,  // 子弹速度
                "lifetime": 130 // 子弹存活时间
                "status": "blasted",  // 附加状态
                "frontColor": "FFECC8FF",      // 弹头颜色（带透明度）
                "backColor": "FFDA95FF",       // 弹尾颜色
                "despawnEffect": { // 子弹消失特效
                    "type": "multiEffect", // 复合特效
                    "effects": [
                        {
                            "type": "flakExplosionBig",
                            "particles": 1, // 粒子数量
                            "length": 0, // 喷射距离
                            "colorFrom": "FFECC8FF", // 起始颜色
                            "colorTo": "FFDA95FF" // 结束颜色
                        }
                    ]
                },
            }
        }
    ],
"loopSound":"神秘宽体",
}