{
	"type": "ItemTurret",
	"name": "单位强化基站",
	"size": 4,
	"health": 1600,
	"range": 50,
	"recoil": 0,
	"shootY": 0,
	"shootCone": 360,
	"shake": 1,
	"rotateSpeed": 0,
	"shootSound": "wave",
	"alwaysShooting": true,
	"playerControllable": false,
	"canOverdrive": false,
	"reload": 900,
	"ammoPerShot": 40,
	"maxAmmo": 200,
	"drawer": {
		"type": "drawTurret",
		"parts": [
			{
				"type": "ShapePart",
				"sides": 4,
				"hollow": true,
				"progress": "warmup",
				"color": "98FFA9",
				"stroke": 2.5,
				"radius": 48,
				"rotateSpeed": -0.25,
				"layer": 110
			},
			{
				"type": "ShapePart",
				"sides": 4,
				"hollow": true,
				"progress": "warmup",
				"color": "98FFA9",
				"stroke": 2.5,
				"radius": 48,
				"rotateSpeed": 0.25,
				"layer": 110
			}
		]
	},
	"consumes": {
		"power": 24
	},
	"ammoTypes": {
		"phase-fabric": {
			"type": "BasicBulletType",
			"hitEffect": "none",
			"despawnEffect": "none",
			"hitSound": "none",
			"collides": false,
			"hittable": false,
			"absorbable": false,
			"instantDisappear": true,
			"speed": 0,
			"rangeChange": 190,
			"shootEffect": {
				"type": "WaveEffect",
				"sides": 6,
				"sizeFrom": 0,
				"sizeTo": 64,
				"strokeFrom": 5,
				"strokeTo": 0,
				"interp": "circleOut",
				"lifetime": 60,
				"colorFrom": "FEEBB3",
				"colorTo": "EEC591"
			},
			"spawnUnit": "盾中介"
		},
		"纳米核": {
			"type": "BasicBulletType",
			"hitEffect": "none",
			"despawnEffect": "none",
			"hitSound": "none",
			"collides": false,
			"hittable": false,
			"absorbable": false,
			"instantDisappear": true,
			"reloadMultiplier": 0.75,
			"speed": 0,
			"rangeChange": 190,
			"shootEffect": {
				"type": "WaveEffect",
				"sides": 4,
				"sizeFrom": 0,
				"sizeTo": 64,
				"strokeFrom": 5,
				"strokeTo": 0,
				"interp": "circleOut",
				"lifetime": 60,
				"colorFrom": "97FFA8",
				"colorTo": "97FFA8AA"
			},
			"spawnUnit": "修复中介"
		},
		"裂位能": {
			"type": "BasicBulletType",
			"hitEffect": "none",
			"despawnEffect": "none",
			"hitSound": "none",
			"collides": false,
			"hittable": false,
			"absorbable": false,
			"instantDisappear": true,
			"speed": 0,
			"rangeChange": 190,
			"shootEffect": {
				"type": "WaveEffect",
				"sides": 6,
				"sizeFrom": 0,
				"sizeTo": 64,
				"strokeFrom": 5,
				"strokeTo": 0,
				"interp": "circleOut",
				"lifetime": 60,
				"colorFrom": "EEC591",
				"colorTo": "EEC591"
			},
			"spawnUnit": "强化中介"
		}
	},
	"requirements": [
		"phase-fabric/800",
		"thorium/800",
		"铬/600",
		"纳米核/450",
		"泰勒合金/500",
		"二级协议/5",
		"三级协议/2"
	],
	"category": "units",
	"research": {
		"parent": "维护站"
	}
}