{
	"type": "UnitAssembler",
	"name": "悬浮战争工厂",
	"health": 3600,
	"size": 6,
	"liquidCapacity": 120,
	"consumes": {
		"power": 20
	},
	"areaSize": 10,
	"plans": [
		{
			"unit": "竭泽",
			"time": 4200,
			"requirements": [
				"饱和火力-基础收容块/6"
			],
			"liquidReq":[
				"cryofluid/0.6"
			]
		},
		{
			"unit": "电鳄",
			"time": 12000,
			"requirements": [
				"饱和火力-基础收容块/8",
				"饱和火力-裂位收容块/1",
				"饱和火力-装甲收容块/1"
			],
			"liquidReq":[
				"cryofluid/1.5"
			]
		}
	],
	"droneType": "组装机",
	"requirements": [
		"thorium/500",
		"plastanium/300",
		"硅钢/400",
		"纳米核/200",
		"二级协议/1"
	],
	//"research": {"parent": "特种工厂","objectives": [{"type": "SectorComplete","preset": "雷师殿"}]}，
	"category": "units"
}