{
	"type": "Constructor",
	"name": "载荷组装器",
	"health": 1200,
	"canOverdrive": false,
	"minBlockSize": 2,
	"maxBlockSize": 4,
	"size": 6,
	"buildSpeed": 0.8,
	"liquidCapacity": 30,
	"filter":["基础收容块","裂位收容块","装甲收容块"],
	"consumes": {
		"power": 8
	},
	"requirements": [
		"silicon/320",
		"phase-fabric/350",
		"硅钢/600",
		"thorium/400",
		"纳米核/150",
		"二级协议/1"
	],
	"category": "units",
	"research": {
		"parent": "电鳄装配厂"
	}
}