{
"name":"埃普西隆"
"type": "payload",
"pickupUnits": true,
"payloadCapacity": 2304,
"rotateSpeed": 10,
"envDisabled":0
"researchCostMultiplier":20
"research":"eee"
"description":"我是简介"
"drag":0.07
"speed":4.5
"accel":0.2
"health":7800
"flying":true
"armor":10
"hitSize":42
"engineOffset":9
"engineSize":4.3
"itemCapacity":450
"buildRange": 333,
"buildSpeed": 4.5,
"buildBeamOffset": 16

"itemOffsetY": 1,
"mineSpeed": 11,
"mineTier": 4,
"mineRange": 70,
"lightRadius": 60,
"lightColor": "97FFA8",

"immunities":["burning","melting"]
	"abilities": [
		{
			"type": "ShieldArcAbility",
			"radius":35
			"width": 15,
			"max": 600,
			"regen": 15,
			"cooldown": 36,
			"angle":721 ,
			"angleOffset": 0
		},
		{
			"type": "ArmorPlateAbility",
			"healthMultiplier":1.2
		}
	        {
			"type": "ForceFieldAbility",
			"radius": 40,
			"regen": 53,
			"sides": 4,
			"rotation": 45,
			"max": 800,
			"cooldown":600
            }
{
			"type": "ForceFieldAbility",
			"radius": 40,
			"regen": 53,
			"sides": 4,
			"max": 800,
			"cooldown": 600
}    
    ]
    "weapons":[
    {
            "name": "未知激光",
            "x": 0,
            "y": 0,
            "rotate": true,
            "shootSound": "lasercharge2",
            "recoil": 0,
            "rotateSpeed": 1.5,
            "reload": 10,
            "targetInterval": 4,
            "targetSwitchInterval": 4,
            "bullet": {
                "type": "PointLaserBulletType",
                "damage": 600,
                "sprite": "这是一个模组-wide",
                "lifetime": 30,
                "speed": 0,
                "shake": 0.4,
                "buildingDamageMultiplier": 0.5,
                "color": "F3E979FF",
                "ammoMultiplier": 1,
                "beamEffect": {
                    "type": "multiEffect",
                    "effects": [
                        {
                            "type": "ParticleEffect",
                            "particles": 6,
                            "lifetime": 56,
                            "length": 40,
                            "sizeFrom": 3.5,
                            "sizeTo": 0,
                            "interp": "circleOut",
                            "colorFrom": "F3E979FF",
                            "colorTo": "F3E979FF"
                        },
                        {
                            "type": "ParticleEffect",
                            "line": true,
                            "particles": 5,
                            "lifetime": 55,
                            "length": 75,
                            "cone": 360,
                            "lenFrom": 8,
                            "lenTo": 0,
                            "colorFrom": "F3E979FF",
                            "colorTo": "F3E979FF"
                        }
                    ]
                },
                "damageInterval": 5,
                "beamEffectInterval": 3,
                "beamEffectSize": 3.5,
                "oscScl": 8,
                "oscMag": 0.3
            }
        }
{
            "name":"左机炮"
            "y":-1
            "x":8
            "shootY":3
            "ejectEffect":"casing1"
            "reload":0.88
            "recoil":2
            "shake":0.1
            "shootSound":"shoot"
            "rotatle":false
            "top":false
            "bullet":{
                "type":
"BasicBulletType"
                "damage":11.4514
"buildingDamageMultiplier":0.8
                "width":10
                "height":10
                "lifetime":64
                "speed":10
                "shootEffect":
"shootSmallSmoke"
        "hitColor": "bf92f9",
        "despawnColor": "bf92f9",
        "trailColor": "bf92f9",
        "frontColor": "ffffff",
        "trailWidth": 1.5,
        "trailLength": 5,
                }
          }
{
            "name":"右机炮"
            "y":-1
            "x":8
            "shootY":3
            "ejectEffect":"casing1"
            "reload":0.88
            "recoil":2
            "shake":0.1
            "shootSound":"shoot"
            "rotatle":false
            "top":false
            "bullet":{
                "type":
"BasicBulletType"
                "damage":11.4514
"buildingDamageMultiplier":0.8
                "width":10
                "height":10
                "lifetime":64
                "speed":10
                "shootEffect":
"shootSmallSmoke"
        "hitColor": "bf92f9",
        "despawnColor": "bf92f9",
        "trailColor": "bf92f9",
        "frontColor": "ffffff",
        "trailWidth": 1.5,
        "trailLength": 5,
                }
          }
{
			"name": "激光",
			"mirror": false,
			"top": false,
			"shake": 3,
			"rotate": false,
			"x": 0,
			"y": 0,
			"shootY": 7,
			"recoil": 0,
			"reload": 40,
			"shootSound": "laser",
			"continuous": true,
			"bullet": {
				"type": "LaserBulletType",
				"damage": 666.66666,
				"buildingDamageMultiplier": 0.5,
				"shootEffect": {
					"type": "ParticleEffect",
					"particles": 5,
					"line": true,
					"strokeFrom": 2,
					"strokeTo": 0,
					"lenFrom": 20,
					"lenTo": 0,
					"length": 50,
					"baseLength": 0,
					"lifetime": 30,
					"colorFrom": "FEEBB3",
					"colorTo": "FFFFFF",
					"cone": 30
				},
				"status": "melting",
				"statusDuration": 600,
				"sideAngle": 135,
				"sideWidth": 1,
				"sideLength": 55,
				"colors": [
					"FEEBB390",
					"FEEBB3",
					"FFFFFF"
				],
				"lifetime": 30,
				"width": 38,
				"length": 380
			}
		}
		    {
			"name": "弹",
			"x": 14,
			"y": -3,
			"reload": 42,
			"mirror": true,
			"rotate": false,
			"alternate": true,
			"rotateSpeed": 0,
			"shoot": {
				"shots": 8,
				"shotDelay": 2,
				"type": "ShootBarrel",
				"barrels": [
				    0,1,-25
					0,1,-30,
					1,0,-35,
					2,-4,-40,
					2,-4,-40,
					1,0,-35,
					0,1,-30
					0,1,-25
				]},
			"shootSound": "missile",
			"inaccuracy": 2,
			"shootCone": 180,
			"bullet": {
				"type": "MissileBulletType",
				"damage": 66,
				"keepVelocity": false,
				"buildingDamageMultiplier": 0.5,
				"status": "blasted",
				"statusDuration": 60,
				"homingDelay": 6,
				"homingRange": 80,
				"homingPower": 1,
				"splashDamageRadius": 45,
				"splashDamage": 45,
				"hitEffect": "flakExplosionBig",
				"despawnEffect": "flakExplosionBig",
				"sprite": "导",
				"trailLength": 8,
				"trailWidth": 0.8,
				"trailColor": "FFFFFF",
				"frontColor": "E3E3E3",
				"backColor": "FF5B5B",
				"drag": -0.012,
				"shrinkY": 0,
				"width": 5,"height": 16,
				"speed": 11,"lifetime": 60
			}
		},
          ]
"research":"copper"
}