{
"name":"再临"
"type": "payload",
"envDisabled":0
"research":"none"
"description":"[red]??? 未 知 ???"
"drag":0.08
"speed":6
"accel":0.2
"health":"2.1e37"
"dpsEstimate":"2.1e37"
"flying":true
"armor":10
"drawcell":false
"hitSize":35
"engineOffset":0
"engineSize":0
"itemCapacity":10000
"buildRange":9999
"buildSpeed": 10000
"buildBeamOffset": 0
"itemOffsetY": 0
"mineSpeed":9999
"mineTier": 9999
"mineRange": 9999
"lightRadius":1000
"lightColor": "97FFA8",
"pickupUnits": true,
"payloadCapacity": 921680
"rotateSpeed": 0
"immunities":[
"burning","freezing","melting"
"disarmed","sapped","slow",
"tarred","unmoving","短路","不稳定态"
"熔断","融熔","裂相","崩坏","紊乱",
"极寒","净化""wet""spore-slowed"
"corroded","衰变","时空停滞"
]
"abilities": [
{
        "type": "RegenAbility",
        "percentAmount":10000
}
		{	
		"type":"StatusFieldAbility",
		"duration":3000
		"reload": 720
		"range":50
		"applyEffect": "none",
		"effect": "全面强化",
		}
		{	
		"type":"StatusFieldAbility",
		"duration":3000
		"reload": 720
		"range":50
		"applyEffect": "none",
		"effect": "空之域",
		}
		{	
		"type":"StatusFieldAbility",
		"duration":3000
		"reload": 720
		"range":50
		"applyEffect": "none",
		"effect": "辅助",
		}
		{	
		"type":"StatusFieldAbility",
		"duration":3000
		"reload": 600
		"range":50
		"applyEffect": "none",
		"effect": "神域",
		}
			{
			"type": "EnergyFieldAbility",
			"damage": 11500
			"reload": 0.1
			"range": 80
			"healPercent":10000
			"rotateSpeed":2
			}
			{
			"type": "EnergyFieldAbility",
			"damage": 11500
			"reload": 0.1
			"range": 80
			"healPercent":10000
			"rotateSpeed":-2
			}
		/*{
			"type": "ForceFieldAbility",
			"radius": 17.5
			"regen": 999999
			"sides": 135
			"max":1000000000
			"cooldown":2
		}
		{
			"type": "ForceFieldAbility",
			"radius": 17
			"regen": 999999
			"sides": 135
			"rotation": 45,
			"max":1000000000
			"cooldown":2
		}*/
]
    "weapons":[
    	{
			"name": "修复1",
			"type": "RepairBeamWeapon",
			"x": 0,
			"y": 0
			"shootY": 6,
			"beamWidth": 0.8,
			"mirror": true,
			"repairSpeed": 600
			"bullet": {
				"maxRange":300
			}
			}
		{
			"name": "点防",
			"type": "PointDefenseWeapon",
			"x": 0,
			"y":0
			"rotate": true,
			"shootSound": "lasercharge2",
			"recoil": 0,
			"rotateSpeed":1145
			"reload":0.1
			"targetInterval": 0.1
			"targetSwitchInterval":0.1
			"shoot": {
				"shots":18
			},
			"bullet": {
				"speed": 180
				"lifetime": 10
				"shootEffect": "none",
				"maxRange": 400
				"damage": 500
			}
		},
{
			"name": "激光",
		    "rotate": true
			"mirror": false,
			"top": false,
			"shake": 3
			"shootY": 14,
			"x": 0,
			"y": 0,
			"reload":1
			"recoil": 0,
			"parentizeEffects": true,
			"shoot": {
				"type": "ShootPattern",
				"firstShotDelay": 0
			},
			"chargeSound": "lasercharge2",
			"shootSound": "beam",
			"continuous": true,
			"cooldownTime":100
			"bullet": {
				"type": "ContinuousLaserBulletType",
				"hitEffect": {
					"type": "ParticleEffect",
					"particles": 6,
					"baseLength": 8,
					"length": 18,
					"lifetime": 10,
					"line": true,
					"lenFrom": 16,
					"lenTo": 0,
					"strokeFrom": 1.6,
					"strokeTo": 0,
					"colorFrom": "c0ceff",
					"colorTo": "99ceff"
				},
				"shootEffect": {
					"type": "ParticleEffect",
					"particles": 3,
					"baseLength": 8,
					"length": 38,
					"lifetime": 20
					"line": true,
					"lenFrom": 12,
					"lenTo": 0,
					"strokeFrom": 1,
					"strokeTo": 0,
					"colorFrom": "c0ceff",
					"colorTo": "c0ceff",
					"cone": 60
				},
				"smokeEffect": "none",
				"status": "熔断",
				"statusDuration": 1200
				"collidesTeam": true,
				"pierceArmor": true,
				"pierceBuild": true,
				"healPercent": 180
				"ammoMultiplier": 1,
				"length":6800
				"damage":83333333.33333333334
				"lifetime": 1200
				"colors": [
					"99ecff99",
					"c0ecffef",
					"FFFFFF"
				],
				"chargeEffect": {
					"type": "MultiEffect",
					"effects": [
						{
							"type": "WaveEffect",
							"lifetime": 40,
							"sizeFrom": 90,
							"sizeTo": 0,
							"strokeFrom": 0,
							"strokeTo": 8,
							"interp":"circleIn",
							"colorFrom": "c0ceff",
							"colorTo": "c0ceff"
						},
						{
							"type": "ParticleEffect",
							"particles": 33,
							"baseLength": -80,
							"length": 80,
							"lifetime": 40,
							"line": true,
							"lenFrom": 0,
							"lenTo": 10,
							"strokeFrom": 1,
							"strokeTo": 1.5,
							"interp":"pow5In",
							"sizeInterp": "pow3Out",
							"colorFrom": "FFFFFF",
							"colorTo": "99ceff"
						}
					]
				},
				"incendChance": 0.1,
				"incendSpread": 8,
				"incendAmount": 1
			}
		}
{
			"name": "中心",
			"x":0
			"y":0
			"mirror": true
			"shootY": 3.5,
			"reload":1
			"rotate": true
			"shootCone": 20
			"recoil": 0,
			"shootSound": "none",
			"heatColor": "c0ecff",
			"cooldownTime": 20,
			"parts": [
			{
				"type": "ShapePart",
				"progress": "warmup",
				"y": 3.6
				"color": "c0ecff",
				"circle": true,
				"hollow":false
				"radius": 4.5
				"radiusTo": 4.5
				"layer": 103
			},
			],
			"bullet": {
			    "type": "BasicBulletType",
                "recoil": 0
                "damage": 0
                "speed": 0
                "lifetime": 0
                "width": 0
                "hitSize": 0
                "height": 0
        }
    }
    {
			"name":"青空主炮2",
			"reload":12
			"x":0,
			"shootY":0
			"shoot":{
				"shots":4
				"shotDelay":12
			},
			"shake":0,
			"rotate":true,
			"mirror":false,
			"cooldownTime":0,
			"inaccuracy":8,
			"shootSound":"cannon",
			"recoil":0,
			"bullet":{
				"type":"PointBulletType",
				"healPercent":0,
				"damage":00,
				"lifetime":18,
				"speed":124,
				"hitSound":"none",
				"despawnEffect":{
					"type":"ParticleEffect",
					"particles":1,
					"sizeFrom":16,
					"sizeTo":10,
					"length":0,
					"baseLength":0,
					"lifetime":60,
					"colorFrom":"99ecff",
					"colorTo":"99ecff00",
					"cone":0
				},
				"smokeEffect":"none",
				"hitEffect":{
					"type":"WaveEffect",
					"lifetime":54,
					"sizeFrom":100,
					"sizeTo":0,
					"strokeFrom":4,
					"strokeTo":1,
					"colorFrom":"99ecff80",
					"colorTo":"99ecff"
				},
				"trailSpacing":8,
				"trailEffect":"none",
				"fragBullets":1,
				"fragAngle":180,
				"fragRandomSpread":40,
				"fragVelocityMax":1,
				"fragVelocityMin":1,
				"fragBullet":{
					"type":"PointBulletType",
					"damage":2000
					"lifetime":150,
					"speed":15,
					"trailEffect":"none",
					"hitEffect":"none",
					"despawnEffect":{
						"type":"MultiEffect",
						"effects":[
							{
								"type":"ParticleEffect",
								"particles":1,
								"sizeFrom":0,
								"sizeTo":80,
								"length":0,
								"baseLength":0,
								"lifetime":20,
								"colorFrom":"99ecff",
								"colorTo":"FFFFFF00"
							},
							{
								"type":"ParticleEffect",
								"particles":12,
								"line":true,
								"strokeFrom":8,
								"strokeTo":0,
								"lenFrom":46,
								"lenTo":0,
								"length":-103,
								"baseLength":10,
								"lifetime":30,
								"colorFrom":"99ecff",
								"colorTo":"99ecff",
								"cone":60
							},
							{
								"type":"WaveEffect",
								"lifetime":20,
								"sizeFrom":0,
								"sizeTo":180,
								"strokeFrom":4,
								"strokeTo":0,
								"colorFrom":"99ecff",
								"colorTo":"99ecff"
							}
						]
					},
					"fragBullets":1,
					"fragAngle":180,
					"fragRandomSpread":5,
					"fragVelocityMax":1.3,
					"fragVelocityMin":0.9,
					"fragBullet":{
				"type": "EmpBulletType",
				"timeIncrease":1
				"powerDamageScl": 1.5
				"unitDamageScl":0.8
				"hitUnits": true,
				"scaleLife": true,
						"speed":15,
						"drag":-0.00883
						"splashDamageRadius":180
						"splashDamage":128000
						"scaledSplashDamage":true,
						"buildingDamageMultiplier":1.25,
						"lifetime":83
						"spin":4.5,
						"healPercent":18,
						"shrinkX":0.4,
						"shrinkY":0.4,
						"width":140,
						"height":140,
						"trailLength":40,
						"trailWidth":5,
						"trailColor":"99ecff",
						"trailChance":0.8,
						"trailEffect":{
							"type":"ParticleEffect",
							"particles":2
							"region":"这是一个模组-菱形",
							"sizeFrom":8
							"sizeTo":28
							"length":84
							"baseLength":0,
							"lifetime":42
							"colorFrom":"99ecff",
							"colorTo":"99ecff00"
						},
						"hitShake":41
						"status":"融熔",
						"statusDuration":4200
						"hitShake":34
						"collides":false,
						"pierce":true,
						"pierceBuilding":true,
"sprite":"circle-bullet",
"parts":[
{
"type":"HaloPart",
"sides":3,
"shapes":4
"color":"99e0ffea",
"colorTo":"99e9ff",
"layer":108
"tri":true,
"progress":"reload",
"radius":10
"radiusTo":0
"triLength":78
"triLengthTo":0
"haloRadius":0,
"haloRotation":0,
"haloRotateSpeed":1.23
}
{
"type":"HaloPart",
"sides":3,
"shapes":4
"color":"99e0ffea",
"colorTo":"99e9ff",
"layer":108
"tri":true,
"progress":"reload",
"radius":4.5
"radiusTo":0
"triLength":42
"triLengthTo":0
"haloRadius":0,
"haloRotation":0,
"under":true
"haloRotateSpeed":-1.92
}
]
						"backColor":"99ecff00",
						"frontColor":"99ecff00",
						"hitSound":"DBZ1",
						"hitSoundVelocit":6
						"hitEffect":{
							"type":"MultiEffect",
							"effects":[
								{
									"type":"ParticleEffect",
									"particles":40,
									"line":true,
									"strokeFrom":16,
									"strokeTo":0,
									"lenFrom":85,
									"lenTo":0,
									"length":280,
									"baseLength":45,
									"lifetime":42,
									"colorFrom":"99ecff",
									"colorTo":"99ecff"
								},
								{
									"type":"ParticleEffect",
									"particles":22,
									"sizeFrom":34,
									"sizeTo":0,
									"length":283,
									"baseLength":4,
									"lifetime":62,
									"colorFrom":"99ecff85",
									"colorTo":"99ecff30"
								},
								{
									"type":"ParticleEffect",
									"particles":28,
									"sizeFrom":28,
									"startDelay":26
									"sizeTo":0,
									"length":241,
									"baseLength":4,
									"lifetime":42,
									"colorFrom":"99ecff88",
									"colorTo":"99ecff40"
								},
								{
									"type":"ParticleEffect",
									"particles":1,
									"sizeFrom":220,
									"sizeTo":18,
									"length":0,
									"baseLength":0,
									"lifetime":40,
									"colorFrom":"99ecff90",
									"colorTo":"99ecff00"
								},
								{
									"type":"WaveEffect",
									"lifetime":15,
									"sizeFrom":0,
									"sizeTo":268,
									"strokeFrom":19,
									"strokeTo":0,
									"colorFrom":"99ecff",
									"colorTo":"99ecff80"
								}
									{
									"type":"WaveEffect",
									"lifetime":18,
									"sizeFrom":0,
									"sizeTo":328,
									"strokeFrom":22,
									"strokeTo":0,
									"colorFrom":"99ecff",
									"colorTo":"99ecff40"
								}
							]
						},
				"fragBullets":1,
				"fragVelocityMax":0
				"fragVelocityMin":0,
				"fragLifeMax":0
				"fragBullet":{
					"damage":80300,
					"lifetime":0
					"speed":0,
					"status":"裂相"
"statusDuration":3000
					"trailEffect":"none",
					"hitEffect":"none",
					"hitShake":38
					"hitSound":"largeCannon"
					"hitSoundVelocit":8
					"despawnEffect":{
						"type":"MultiEffect",
						"effects":[
						{
						"type":"ParticleEffect",
						"particles":14,
						"sizeFrom":24,
						"startDelay":26
						"sizeTo":0,
						"length":241,
						"baseLength":4,
						"lifetime":42,
						"colorFrom":"99ecff90",
						"colorTo":"99ecff00"
						},
						]
						}
				"fragBullets":54
				"fragVelocityMax":2
				"fragVelocityMin":0.2
				"fragLifeMax":0
				"fragBullet":{
				"collides":false
"type":"BasicBulletType",
"splashDamageRadius":80
"splashDamage":9805
"splashDamagePierce":true,
"collidesTiles":false,
"collidesTeam":false,
"collides":false
"collideTerriaain":false
"pierceArmor":true
"pierce":true
"speed":22
"drag":0.025
"lifetime":20
"width":12
"height":12
"hitSize":12
"spin":8
"status":"崩坏"
"statusDuration":3000
"hitShake":4
"sprite":"circle-bullet",
					"trailEffect":"none",
					"hitEffect":"none",
					"hitSound":"boom"
					"despawnEffect":{
						"type":"MultiEffect",
						"effects":[
						{
						"type":"ParticleEffect",
						"particles":1,
						"sizeFrom":18
						"startDelay":0
						"sizeTo":0,
						"length":0,
						"baseLength":0,
						"lifetime":42,
						"colorFrom":"99ecff90",
						"colorTo":"99ecff30"
						},
						{
									"type":"WaveEffect",
									"lifetime":14,
									"sizeFrom":0,
									"sizeTo":72,
									"strokeFrom":9,
									"strokeTo":0,
									"colorFrom":"99ecff99",
									"colorTo":"99ecff20"
								}
						]
						}
					}
					}
				}
			}
		}
	}
]
"parts": [
				{
					"type": "ShapePart",
					"progress": "warmup",
					"color": "c0ecff",
					"layer": 100
					"circle": true,
					"hollow": false,
					"radius": 20,
					"radiusTo": 20,
					"x": 0
					"y": 0
				}
				{
					"type": "ShapePart",
					"progress": "warmup",
					"color": "c0ecff",
					"layer": 101
					"circle": true,
					"hollow": true,
					"radius": 35,
					"radiusTo": 25,
					"x": 0,
					"y": 0
				}
				{
					"type": "ShapePart",
					"progress": "warmup",
					"color": "c0ecff",
					"layer": 101
					"circle": true,
					"hollow": true,
					"radius": 35,
					"radiusTo": 50,
					"x": 0,
					"y": 0
				}
				{
					"type": "ShapePart",
					"rotateSpeed":1
					"progress": "warmup",
					"color": "c0ecff",
					"layer": 101
					"triangle": true,
					"hollow": true,
					"radius": 45,
					"radiusTo":45,
					"x": 0,
					"y": 0
				}
			    {
					"type": "ShapePart",
					"rotateSpeed":-1
					"progress": "warmup",
					"color": "c0ecff",
					"layer":101
				    "sides":3
				    "shapes":2
				    "tri":true
				    "stroke":5
				    "strokeTo":6
				    "radius":30
				    "triLenght":60
				    "haloRotation":22.5
				    "haloRotateSpeed":1
				}
			{
				"type": "ShapePart",
				"progress": "warmup",
				"y": 0
				"color":"c0ecff"
				"circle": true,
				"hollow": false,
				"radius": 0,
				"radiusTo": 6,
				"layer": 101
			},
			{
				"type": "HaloPart",
				"progress": "warmup",
				"y": 0
				"rotateSpeed": 0,
				"sides": 3,
				"shapes": 2
				"color":"c0ecff"
				"tri": true,
				"hollow": true,
				"stroke": 0,
				"strokeTo": 0.1,
				"radius": 15
				"radiusTo": 0,
				"triLength": 100,
				"triLengthTo": 0,
				"haloRadius": 30,
				"haloRotation": 0,
				"haloRotateSpeed": -1.8
				"layer": 102.1
			}
			{
	"type":"HaloPart",
	"progress":"warmup",
	"shapeRotation":180
	"y":0,
	"sides":3,
	"shapes":2,
	"color":"c0ecff",
	"colorTo":"c0ecff",
	"tri":true,
	"hollow":true,
	"radius":15
	"radiusTo":0
	"triLength":15
	"triLengthTo":15
	"haloRadius":30
"haloRotation":180
	"haloRotateSpeed": -1.8
	"layer": 102.1
}
		    {
				"type": "HaloPart",
				"progress": "warmup",
				"y": 0
				"rotateSpeed": 0,
				"sides": 3,
				"shapes": 2
				"color":"c0ecff"
				"tri": true,
				"hollow": true,
				"stroke": 0,
				"strokeTo": 0.1,
				"radius": 24,
				"radiusTo": 0,
				"triLength": 160,
				"triLengthTo": 80
				"haloRadius": 50,
				"haloRotation": 0,
				"haloRotateSpeed": 1.8
				"layer": 101
			}
			{
				"type": "HaloPart",
				"progress": "warmup",
				"y": 0
				"rotateSpeed": 0,
				"sides": 3,
				"shapes": 2
				"color":"000000ff"
				"tri": true,
				"hollow": true,
				"stroke": 0,
				"strokeTo": 0.1,
				"radius": 24,
				"radiusTo": 12
				"triLength": 30,
				"triLengthTo": 40
				"haloRadius": 50,
				"haloRotation": 0,
				"haloRotateSpeed": 1.8
				"layer": 102
			}
			
		    {
					"type": "ShapePart",
					"progress": "warmup",
					"color": "000000ff",
					"layer": 102
					"circle": true,
					"hollow": false,
					"radius": 13.5
					"radiusTo": 13.5
					"x": 0,
					"y": 0
				}
			{
				"type": "HaloPart",
				"progress": "warmup",
				"y": 0
				"rotateSpeed": 0,
				"sides": 3,
				"shapes": 2
				"color":"c0ecff"
				"tri": true,
				"hollow": true,
				"stroke": 0,
				"strokeTo": 0.1,
				"radius": 18
				"radiusTo": 10
				"triLength": 30
				"triLengthTo": 170
				"haloRadius":18
				"haloRotation": 0,
				"haloRotateSpeed": 1.8
				"layer": 101
			}
]
		"effects": [
			{
				"type": "ParticleEffect",
				"particles": 1,
				"baseLength": 25,
				"length": 35,
				"lifetime": 60,
				"spin": 5,
				"interp": "fastSlow",
				"sizeInterp":"pow3In",
				"sizeFrom": 3
				"sizeTo": 0
				"colorFrom": "c0ecff",
				"colorTo": "c0ecff"
			},
			{
				"type": "ParticleEffect",
				"particles": 8
				"baseLength": 0,
				"length": 260
				"lifetime": 100
				"sizeFrom": 5
				"sizeTo": 0,
				"interp": "fastSlow",
				"colorFrom": "c0ecff",
				"colorTo": "99e0ff"
			}
		]
"research":""
}