{
"name":"喷火机甲"
"type": "legs",
"rotateSpeed": 2
"envDisabled":0
"researchCostMultiplier":20
"research":"reign"
    "mechStepParticles":true,
    "stepShake":0.3
	"speed":0.5
	"legSplashDamage": 285
	"legSplashRange": 22
	"legCount": 4
	"legMoveSpace": 1.2
	"legExtension": -8,
	"legBaseOffset": 0,
	"legLength": 25
	"legForwardScl": 0.7,
	"rippleScale": 1,
	"hovering": true,
	"allowLegStep": true,
	"canBoost": false
	"range": 480
    "rippleScale": 0.2
    "shadowElevation": 0.8,
"description":"“高贵的AOE伤害”"
"accel":0.2
"health":68000
"flying":false
"armor":60
"hitSize":60
"itemCapacity":40
"immunities":["burning","electrified",
		"melting","disarmed",
		"sapped","shocked","slow",
		"corroded","unmoving","freezing"]
	"abilities": [
		{
			"type": "ShieldArcAbility",
			"radius":42
			"width": 8
			"max": 800
			"regen": 15,
			"cooldown": 60
			"angle":148
			"angleOffset": 0
		},
		{
			"type": "ArmorPlateAbility",
			"healthMultiplier":1.5
		}
{
        "type": "RegenAbility",
        "percentAmount": 0.001
}
    ]
	"weapons":[
        {
    		"name": "喷火1",
    		"reload":9
    		"mirror":true
    		"x":6,
    		"y":9
    		"shootY":7,
    		"shoot":{
    			"shots":7
    			"shotDelay":0
    		}
    		"recoil":3
    		"rotate":false,
			"inaccuracy":7.5
    		"shootSound": "flame",
    		"shootCone": 6,
    		"top":false,
			"bullet": {
    			"type": "BasicBulletType",
    			"collidesAir": true,
    			"speed": 12
    			"damage":28
    			"width": 0.5,
    			"height": 1,
    			"status":"electrified"
    			"shootEffect": {
    				"type": "ParticleEffect",
    				"particles": 30,
    				"sizeFrom": 4
    				"sizeTo": 0,
    				"length": 200
    				"lifetime": 62
                    "interp": "circleOut",
                    "colorFrom": "ff5e00",
                    "colorTo": "ff833b",
                    "cone": 6
                },
                "smokeEffect": "none",
                "lifetime": 42,
                "despawnEffect": "none",
                "hittable": false,
                "reflectable": false,
				"pierce": true,
				"makeFire":true
    			}
    		}
    	]
    }