{
	"type": "tank",
	"name": "地煞"
	"description":"装甲厚重但灵活,主炮向敌人发射高爆破片穿甲弹,子弹无视力墙场\n对建筑有奇效"
	"dpsEstimate": 0,
	"healColor":"99e0ff",
	"squareShape": true,
	"hovering": true,
	"omniMovement": false,
	"rotateMoveFirst": false,
	"itemCapacity":350
	"speed": 1.8
	"rotateSpeed": 4.5
	"crushDamage": 90,
	"hitSize": 32
	"immunities": [
		"blasted","burning","electrified",
		"freezing","melting","disarmed",
		"sapped","shocked","slow",
		"tarred","unmoving","wet",
		"spore-slowed","corroded"
	],
	"ammoCapacity": 999999999
	"health": 69880
	"armor": 108
	"accel": 0.098
	"drag": 0.075
	"drownTimeMultiplier":99999999999
	"faceTarget": false,
	"treadPullOffset":10
	"treadFrames":64
	"treadRects": [
		{
			"x":40
			"y":-15
			"width":30
			"height":100
		}
	]
	"abilities": [
			{	"type":"StatusFieldAbility",
			"duration":3000
			"reload": 720
			"range":32
			"applyEffect": "none",
			"effect": "overclock",
			}
	]
	"weapons":[
	{
			"name":"主炮",
			"reload":95
			"x": 0,
			"y": 0,
			"shootY":12
			"shootX":0
			"cooldownTime": 95
			"rotate": true,
			"top":true,
			"rotateSpeed": 3
			"recoil": 2
			"recoilTime":45
			"mirror":false
			"inaccuracy": 0,
			"shootSound": "largeExplosion",
			"shake": 3
		"shoot":{
		"firstShotDelay": 52
		"shots": 2
		"shotDelay": 40
		"type": "ShootAlternate",
		"barrels": 2
		"spread":8.4
		"cooldownTime": 95
			}
			"bullet":{
	    	"speed": 45
	        "buildingDamageMultiplier":2.5
			"damage": 675
			"knockback":3
			"lifetime":15
			"splashDamage": 285
			"splashDamageRadius":45
			"width": 13
			"height": 26
			"ammoMultiplier":1
			"shootEffect": "shootBig"
			"lightning":4
			"lightningLength":6
			"lightningDamage":320
			"hitSound":"boom"
			"absorbable":false
		    "pierceArmor": true,
			"fragBullets":5
		    "fragLifeMin":0.08
		    "fragLifeMax":0.18
		    "fragBullet": {
		    "speed": 5
			"damage": 45
			"knockback":1.3
			"splashDamage":50
			"splashDamageRadius":10
			"width": 5
			"height": 8
			"hitSound":"boom"
			"hitEffect": {
			"type": "WaveEffect",
			"lifetime": 20
			"sizeFrom": 0
			"sizeTo": 20
			"strokeFrom": 30,
			"strokeTo": 0,
			"interp": "circleOut",
			"colorFrom": "FFFFFF",
			"colorTo": "eec591be"
		            }
		        }
			}
	"parts": [
				{
					"type": "RegionPart",
					"mirror": true
					"x": 0
					"y": 0,
					"suffix": "-管1",
					"progress": "recoil",
					"under":false
					"moveY": -1.2
				    "moves":[
						{"progress":"recoil",
						"y":-1.5}
						]
				}
				{
					"type": "RegionPart",
					"mirror": true
					"x": 0,
					"y": 0,
					"suffix": "-管",
					"progress": "warmup",
					"heatProgress": "recoil",
					"under": true
					"moveY": 8
					"moves":[
						{"progress":"recoil",
						"y":-5}
				    ]
			    }
		    ]
		}
	]
}