{
  "name":"爬爬堆"
  "type": "legs",
  "speed": 1.2,
  "drag": 0.1,
  "hitSize": 12,
  "rotateSpeed": 4,
  "health": 680,
  "armor": 6,
  "legStraightness": 0.3,
  "stepShake": 0,
  "legCount": 6,
  "legLength": 9,
  "lockLegBase": true,
  "legContinuousMove": true,
  "legExtension": -2,
  "legBaseOffset": 2,
  "legMaxLength": 1.1,
  "legMinLength": 0.2,
  "legLengthScl": 0.96,
  "legForwardScl": 1.1,
  "legGroupSize": 3,
  "rippleScale": 0.2,
  "legMoveSpace": 1,
  "allowLegStep": true,
  "hovering": true,
  "legPhysicsLayer": false,
  "shadowElevation": 0.1,
  "groundLayer": 75,
  "targetAir":true,
  "itemCapacity": 30,
  "immunities": [ "freezing" ],
  "outlineColor": "2d2f39",
  "deathSound": "none",
  "loopSound": "hum",
  "loopSoundVolume": 0.18,
  "research": {
    "parent": "crawler",
    "objectives": [ "crawler","thorium-reactor","ground-factory" ]
  },
  "deathExplosionEffect": "none",
  "canDrown": false,
  "abilities": [
    {
      "type": "LiquidRegenAbility",
      "liquid": "cryofluid",
      "regenPerSlurp": 2.4,
      "slurpSpeed": 4.8,
      "slurpEffectChance": 0.8,
      "slurpEffect": "freezing"
    }
  ],
  "weapons": [
{
	    "name":"爆"
		"shootSound": "explosionbig",
        "chargeEffect": "smeltsmoke",
		"alternate": true,
		"reload":216000000
        "shootCone": 180,
		"ejectEffect": "none",
		"shootOnDeath": true
		"shoot": {
		    "shots": 2
	    	"shotDelay":5
	        }
		"bullet": {
		"instantDisappear": true,
		"killShooter": true,
        "hittable": false,
        "makeFire": true,
        "collidesAir": true
		"instantDisappear": true,
		"collides": false,
		"hittable": false,
		"absorbable": false,
		"hitSound": "plasmaboom",
		"width": 16,
		"height": 16,
		"sprite": "circle-bullet",
		"shrinkY": 0,
		"hitShake": 6,
		"backColor": "eec591",
		"frontColor": "FFFFFF",
		"hitEffect": {
			"type": "MultiEffect",
			"effects": [
				{
					"type": "WrapEffect",
					"effect": "dynamicSpikes",
					"color": "eec591",
					"rotation":420
				},
				{
					"type": "ParticleEffect",
					"particles": 20,
					"sizeFrom": 10,
					"sizeTo": 0,
					"length": 180
					"baseLength": 0,
					"lifetime": 35,
					"colorFrom": "eec591",
					"colorTo": "FFFFFF"
				},
				{
					"type": "WaveEffect",
					"lifetime": 30,
					"sizeFrom": 0,
					"sizeTo":340
					"strokeFrom": 11,
					"strokeTo": 0,
					"colorFrom": "eec591",
					"colorTo": "FFFFFF"
				},
				{
					"type": "WaveEffect",
					"lifetime": 10,
					"sizeFrom": 1,
					"sizeTo":420
					"strokeFrom": 8,
					"strokeTo": 0,
					"colorFrom": "eec591",
					"colorTo": "FFFFFF"
				}
			]
		},
		"despawnEffect": {
			"type": "ParticleEffect",
			"particles":15
			"line": true,
			"strokeFrom": 6,
			"strokeTo": 0,
			"lenFrom":420
			"lenTo": 0,
			"length": 1,
			"baseLength": 3,
			"lifetime": 22,
			"colorFrom": "FFFFFF",
			"colorTo": "FFD197"
		}
		"lightningDamage":620
		"lightning":18
		"lightningLength":48
		"lightningLengthRand":9
		"lightningColor": "eec591",
		"status": "崩坏",
		"damage":6200
		"statusDuration":600
		"splashDamageRadius":390
		"splashDamage":8300
		"fragBullets":1
		"fragLifeMin":0
		"fragLifeMax":0
	    "fragBullet":{
		"sprite":"none"
		"damage":4030
		"splashDamage":2000
		"splashDamageRadius":600
		"type": "BasicBulletType",
		"hitEffect": {
			"type": "WrapEffect",
			"effect": "dynamicSpikes",
			"color": "eec591ec",
			"rotation":120
			"pierce": true
		    "pierceBuilding": true,
				},
				"despawnEffect": "none",
				"hitSound": "boom",
				"status": "熔断"
				"statusDuration":60
				"width": 5
				"height":5
				"sprite": "circle-bullet",
				"speed":0
				"lifetime":0
				"pierceArmor": true,
				"hittable": false,
				"splashDamageRadius":20
			    "splashDamage":20
			    "fragBullets":74
		        "fragLifeMin":0
		        "fragLifeMax":3.5
				"fragBullet":{
				"sprite":"none"
				"damage":200
				"splashDamage":180
				"splashDamageRadius":80
				"type": "BasicBulletType",
				"hitEffect": {
				"type": "WrapEffect",
				"effect": "dynamicSpikes",
				"color": "eec591ec",
				"rotation":80
				"pierce": true
		        "pierceBuilding": true,
				},
				"despawnEffect": "none",
				"hitSound": "boom",
				"status": "熔断"
				"statusDuration":60
				"width": 5
				"height":5
				"sprite": "circle-bullet",
				"speed":14
				"lifetime":8.5
				"pierceArmor": true,
				"hittable": false,
				"splashDamageRadius":20
			    "splashDamage":20
	            "fragBullets":3
		        "fragLifeMin":0.1
		        "fragLifeMax":0.6
				"fragBullet":{
				"sprite":"none"
				"damage":100
				"splashDamage":120
				"splashDamageRadius":50
				"type": "BasicBulletType",
				"hitEffect": {
				"type": "WrapEffect",
				"effect": "dynamicSpikes",
				"color": "eec591ec",
				"rotation":80
				"pierce": true
		        "pierceBuilding": true,
				},
				"despawnEffect": "none",
				"hitSound": "boom",
				"status": "burning"
				"statusDuration":600
				"width": 5
				"height":5
				"sprite": "circle-bullet",
				"speed":10
				"lifetime":6
				"pierceArmor": true,
				"hittable": false,
				"splashDamageRadius":20
			    "splashDamage":20
	            }
	        }
	    }
	}
}
  ]
"research":"tppd"
}