{
"name":"辰曦"
"type": "payload",
"envDisabled":0
"researchCostMultiplier":1
"research":"eee"
"description":""
"drag":0.07
"speed":2
"accel":0.2
"health":780000
"flying":true
"armor":188
"hitSize":200
"engineOffset":80
"engineSize":23
"itemCapacity":450
"buildRange": 333,
"buildSpeed": 25,
"buildBeamOffset": 16
"itemOffsetY": 1,
"mineSpeed": 11,
"mineTier": 4,
"mineRange": 70,
"lightRadius": 60,
"lightColor": "97FFA8",

"pickupUnits": true,
"payloadCapacity": 9216,
"rotateSpeed": 0.7,

"immunities":["burning","electrified",
		"melting","disarmed",
		"sapped","shocked","slow",
		"corroded"]
	"abilities": [
		{
			"type": "ShieldArcAbility",
			"radius":35
			"width": 30,
			"max": 6000,
			"regen": 150,
			"cooldown": 120,
			"angle":721 ,
			"angleOffset": 0
		},
		{
			"type": "ArmorPlateAbility",
			"healthMultiplier":1.2
		}
	        {
			"type": "ForceFieldAbility",
			"radius": 200,
			"regen": 53,
			"sides": 4,
			"rotation": 45,
			"max": 8000,
			"cooldown":600
            }
{
			"type": "ForceFieldAbility",
			"radius": 200,
			"regen": 53,
			"sides": 4,
			"max": 8000,
			"cooldown": 600
}    
    ]
    "weapons":[
{
            "name":"左"
            "y":-1
            "x":8
            "shootY":3
            "ejectEffect":"casing1"
            "reload":0.88
            "recoil":2
            "shake":0.1
            "shootSound":"shoot"
            "rotatle":false
            "top":false
            "bullet":{
                "type":
"BasicBulletType"
                "damage":11.4514
"buildingDamageMultiplier":0.8
                "width":10
                "height":10
                "lifetime":64
                "speed":10
                "shootEffect":
"shootSmallSmoke"
        "hitColor": "bf92f9",
        "despawnColor": "bf92f9",
        "trailColor": "bf92f9",
        "frontColor": "ffffff",
        "trailWidth": 1.5,
        "trailLength": 5,
                }
          }
{
            "name":"右"
            "y":-1
            "x":8
            "shootY":3
            "ejectEffect":"casing1"
            "reload":0.88
            "recoil":2
            "shake":0.1
            "shootSound":"shoot"
            "rotatle":false
            "top":false
            "bullet":{
                "type":
"BasicBulletType"
                "damage":11.4514
"buildingDamageMultiplier":0.8
                "width":10
                "height":10
                "lifetime":64
                "speed":10
                "shootEffect":
"shootSmallSmoke"
        "hitColor": "bf92f9",
        "despawnColor": "bf92f9",
        "trailColor": "bf92f9",
        "frontColor": "ffffff",
        "trailWidth": 1.5,
        "trailLength": 5,
                }
          }
{
			"name": "中心",
			"x": 0,
			"mirror": false,
			"shootY": 7,
			"reload": 300,
			"rotate": false,
			"shootCone": 15,
			"recoil": 5,
			"heatColor": "c0ecff",
			"cooldownTime": 20,
			"shoot": {
				"type": "ShootPattern",
				"firstShotDelay": 7.5
			},
			"parts": [
				{
					"type": "ShapePart",
					"progress": "warmup",
					"color": "c0ecff",
					"layer": 100,
					"circle": true,
					"hollow": false,
					"radius": 30,
					"radiusTo": 15,
					"x": 0,
					"y": -40
				}
			],
			"shake": 3,
			"rotate": false,
			"x": 0,
			"y": 0,
			"shootSound": "laser",
			"continuous": true,
			"bullet": {
				"type": "LaserBulletType",
				"damage": 6666.6666,
				"buildingDamageMultiplier": 0.1,
				"shootEffect": {
					"type": "ParticleEffect",
					"particles": 12,
					"line": true,
					"strokeFrom": 2,
					"strokeTo": 0,
					"lenFrom": 20,
					"lenTo": 0,
					"length": 50,
					"baseLength": 0,
					"lifetime": 30,
					"colorFrom": "FEEBB3",
					"colorTo": "FFFFFF",
					"cone": 30
				},
				"status": "melting",
				"statusDuration": 600,
				"sideAngle": 135,
				"sideWidth": 1,
				"sideLength": 55,
				"colors": [
					"FEEBB390",
					"FEEBB3",
					"FFFFFF"
				],
				"lifetime": 30,
				"width": 50,
				"length": 450
			}
		}
		    {
			"name": "弹",
			"x": 14,
			"y": -3,
			"reload": 52,
			"mirror": true,
			"rotate": false,
			"alternate": true,
			"rotateSpeed": 0,
			"shoot": {
				"shots": 12,
				"shotDelay": 2,
				"type": "ShootBarrel",
				"barrels": [
				    0,1,-40
					0,1,-50,
					1,0,-60,
					2,-4,-70,
					2,-4,-70,
					1,0,-60,
					0,1,-50
					0,1,-40
				]},
			"shootSound": "missile",
			"inaccuracy": 2,
			"shootCone": 180,
			"bullet": {
				"type": "MissileBulletType",
				"damage": 66,
				"keepVelocity": false,
				"buildingDamageMultiplier": 0.5,
				"status": "blasted",
				"statusDuration": 60,
				"homingDelay": 6,
				"homingRange": 80,
				"homingPower": 1,
				"splashDamageRadius": 45,
				"splashDamage": 45,
				"hitEffect": "flakExplosionBig",
				"despawnEffect": "flakExplosionBig",
				"sprite": "导",
				"trailLength": 8,
				"trailWidth": 0.8,
				"trailColor": "FFFFFF",
				"frontColor": "E3E3E3",
				"backColor": "FF5B5B",
				"drag": -0.012,
				"shrinkY": 0,
				"width": 5,"height": 16,
				"speed": 11,"lifetime": 60
		}
		}
        ]
"research":"graphite"
}