{
  "root": [
    {
      "planet":"ET",
      "items": ["scrap", "copper", "lead", "graphite", "coal", "titanium", "thorium", "silicon", "plastanium", "phase-fabric", "surge-alloy",   "sand", "blast-compound", "pyratite", "metaglass","氢氧化钠","铝土","铝合金","硅钢片","氮化镓","氧化镓","铟","纳",
 ],
      "liquids": ["water","slag","oil","cryofluid","nitrogen","氯气","乙烯","页岩气","原油","天然气","重油","燃料","淡气",
],
      "units": [
        "dagger","mace","fortress","secepter","regin",
        "nova","pulsar","quasar","vela","corvus",
        "crawler","atrax","spiroct","arkyid","toxopid",
        "flare","horizon","zenith","antumbra","eclipse",
        "mono","poly","mega","quad","oct",
        "risso","minke","bryde","sei","omura",
        "retusa","oxynoe","cyerce","aegires","navanax","引导"
      ]
    }
        {
      "planet":"LIG",
      "items": ["scrap", "copper", "lead", "graphite", "coal", "titanium", "thorium", "silicon", "plastanium", "phase-fabric", "surge-alloy",   "sand", "blast-compound", "pyratite", "metaglass","氢氧化钠","铝土","铝合金","硅钢片","氮化镓","氧化镓","铟","纳",
 ],
      "liquids": ["water","slag","oil","cryofluid","nitrogen","氯气","乙烯","页岩气","原油","天然气","重油","燃料","淡气"
],
      "units": [
        "dagger","mace","fortress","secepter","regin",
        "nova","pulsar","quasar","vela","corvus",
        "crawler","atrax","spiroct","arkyid","toxopid",
        "flare","horizon","zenith","antumbra","eclipse",
        "mono","poly","mega","quad","oct",
        "risso","minke","bryde","sei","omura",
        "retusa","oxynoe","cyerce","aegires","navanax","引导"
      ]
    }
  ]
}