{
    "type": "CellLiquid",
    
    
    
    "research": {
		"root": true
	},
    "alwaysUnlocked":true,
    
    
    
    "moveThroughBlocks": true,
    "incinerable": true,
    "capPuddles": true,
    "colorFrom": "241629FF",
    "colorTo": "1D0326FF",
    "color": "241629FF",
    
    "spreadDamage": 0.5,
    "maxSpread": 3,
    "spreadConversion": 115,
    "cells": 16,
    
	"heatCapacity": 2,
    "temperature": 2,
    "viscosity": 1.15,
    "flammability": 2,
    "explosiveness": 2,
    "spreadTarget": "water",
    "name": "凋亡流体",
	"details": "可怕的流体，仿佛要吞噬万物一般…一旦被泄露将会永无休止的扩散，并且极其危险。
	或许你有一些解决办法，如果没有的话…
	[black]你将会终结于此。"
}