{
    "type": "Floor",
    "name": "浅硫酸",
	"damageTaken":0,
		"speedMultiplier":0.9
	//单位在这个单位上的速度倍率
	"statusDuration":0,	
	"isLiquid": true,
	"liquidDrop":"硫酸"
	"variants":3
	"liquidMultiplier": 1,
			"status":"重度腐蚀"//液体buff
"statusDuration":50//液体buff持续时间
    "variants":0,
    "cacheLayer": "water",
    "albedo": 0.9,
    //反照率
    "shallow":true,//浅水
    "cacheLayer":"water",
    "isLiquid": true,
    "placeableOn":true,
    //是否能放置方块
    "supportsOverlay":true
}