{
    "type": "Floor",
    "name": "深水",
	"damageTaken":0,
		"speedMultiplier":0.7
	//单位在这个单位上的速度倍率
	"statusDuration":0,	
	"isLiquid": true,
	"liquidDrop":"水"
	"variants":3
	"drownTime":360
	"liquidMultiplier": 2,
	"status":"潮湿"//液体buff
"statusDuration":180//液体buff持续时间
    "variants":0,
    "cacheLayer": "water",
    "albedo": 0.9,
    //反照率
    "shallow":false,//浅水
    "cacheLayer":"water",
    "isLiquid": true,
    "placeableOn":true,
    //是否能放置方块
    "supportsOverlay":true
}