{
  "type":"CoreBlock",//方块类别
  "name":"超代核心",//名字
  "description":"由爱克斯保护",//简介
  "details":"次代的一个分支",
  "alwaysUnlocked":false,//科技树默认解锁 
  "squareSprite": false,  // 不使用方形精灵
  "size":4,//尺寸
  "health":5200,//血量
  "itemCapacity":11000,//物品容量
  "unitCapModifier":30,//该核心所增加的单位上限
  "requirements": [
		"copper/4000",
		"lead/2000",
		"graphite/400",
			"silicon/500",
	    ],
  "unitType":"爱克斯",//单位
  "category":"effect",//建造栏分类
  "research":"杂交科技"
}