{
	"type":"BeamNode",
	"name": "电力结点",  // 名称
  // 分类：电力
  "category": "power",

  // 建造所需资源
  "requirements": [
  "锡/25",
  ],
"research":"锡燃烧发电机",
  // 耗电配置（缓冲电量2000）
  "consumes": {
    "powerBuffered": 1000
  },

  // 基础属性
  "size": 1,          // 占地1x1
  "health": 250,       // 生命值250
  "range": 13,         // 作用范围
  "fogRadius": 3,      // 战争迷雾半径1

  // 电力特性
  "hasPower": true,    // 具有电力功能
  "outputsPower": true, // 可输出电力
  "consumesPower": true, // 需消耗电力

  // 颜色配置
  "laserColor1": "FFFFFFFF",  // 颜色
  "laserColor2": "89E3EDFF"
}