{
    "details": "参考“巫妖”的导弹发射方案并将其分配到两台发射器上，避免了单轮伤害过低或武器冷却过长从而陷入窘境。\n得益于原型机“巫妖”积攒下的大量实验数据，此机型日益完善\n“是个护甲值小于14的单位都不想被它拍一轮”",
    "health": 20000,
    "speed":0.856,
    "rotateSpeed":2.2,
    "fogRadius": 27,
    "weapons": [
        {
            "name": "巫妖1",
            "reload": 9,
            "shootY": 7,
            "x": 10,
            "y": 0,
            "rotate": true,
            "rotateSpeed": 1.8,
            "shootSound": "shootBig",
            "shake": 1,
            "ejectEffect": "casing3",
            "bullet": {
                "damage": 80,
                "speed": 8,
                "lifetime": 32.5,
                "smokeEffect": "shootBig",
                "width": 14,
                "height": 20
            }
        },
        {
            "name": "巫妖2",
            "reload": 90,
            "x": 18,
            "y": 8,
            "shootY": 5,
            "shoot": {
                "shots": 8,
                "shotDelay": 1
            },
            "rotate": true,
            "inaccuracy": 9,
            "alternate": true,
            "velocityRnd": 0.08,
            "shootSound": "missile",
            "ejectEffect": "casing1",
            "bullet": {
                "type": "MissileBulletType",
                "damage": 15,
                "splashDamageRadius": 28,
                "splashDamage": 35,
                "status": "blasted",
                "homingPower": 0.025,
                "homingRange": 60,
                "hitEffect": "blastExplosion",
                "despawnEffect": "blastExplosion",
                "smokeEffect": "none",
                "speed": 3.3,
                "drag": -0.004,
                "lifetime": 59,
                "weaveScale": 6,
                "weaveMag": 2,
                "width": 8,
                "height": 8
            }
        },
                {
            "name": "巫妖2",
            "reload": 120,
            "x": 18,
            "y": -8,
            "shootY": 5,
            "shoot": {
                "shots": 8,
                "shotDelay": 1
            },
            "rotate": true,
            "inaccuracy": 9,
            "alternate": true,
            "velocityRnd": 0.08,
            "shootSound": "missile",
            "ejectEffect": "casing1",
            "bullet": {
                "type": "MissileBulletType",
                "damage": 24,
                "splashDamageRadius": 33,
                "splashDamage": 52,
                "status": "blasted",
                "homingPower": 0.025,
                "homingRange": 60,
                "hitEffect": "blastExplosion",
                "despawnEffect": "blastExplosion",
                "smokeEffect": "none",
                "speed": 3,
                "drag": -0.006,
                "lifetime": 67,
                "weaveScale": 6,
                "weaveMag": 2,
                "width": 8,
                "height": 8
            }
        }
    ]
}