{
	"health": 320,
	"details": "强化船体结构，换装二型鱼雷发射器",
	"weapons": [
		{
			"name": "灾星2",
			"type": "RepairBeamWeapon",
			"x": 0,
			"y": -5.5,
			"shootY": 6,
			"beamWidth": 0.88,
			"mirror": false,
			"repairSpeed": 0.88,
			"bullet": {
				"maxRange": 130
			}
		},
		{
			"name": "新星1",
			"reload": 40,
			"x": 4.5,
			"y": -3.5,
			"shoot": {
				"shots": 2,
				"shotDelay": 8
			},
			"rotate": true,
			"rotateSpeed": 5,
			"shootY": 4.5,
			"inaccuracy": 0,
			"alternate": true,
			"shootSound": "lasershoot",
			"bullet": {
				"type": "LaserBoltBulletType",
				"frontColor": "FFFFFF",
				"backColor": "98FFA9",
				"healPercent": 5.5,
				"damage": 12,
				"collidesTeam": true,
				"speed": 7.5,
				"lifetime": 22,
				"width": 2,
				"height": 8
			}
		},
		{
			"name": "潜螺1",
			"mirror": false,
			"reload": 90,
			"x": 0,
			"y": 0,
			"shoot": {
				"shotDelay": 10,
				"shots": 3
			},
			"shootCone": 30,
			"shootSound": "mineDeploy",
			"rotate": true,
			"rotateSpeed": 8,
			"inaccuracy": 15,
			"bullet": {
				"type": "BasicBulletType",
				"damage": 2,
				"splashDamageRadius": 32,
				"splashDamage": 40,
				"weaveMag": 5,
				"weaveScale": 4,
				"homingRange": 250,
				"homingDelay": 8,
				"homingPower": 0.05,
				"absorbable": false,
				"collidesAir": false,
				"collideFloor": true,
				"shootEffect": "none",
				"smokeEffect": "none",
				"hitSound": "plasmaboom",
				"hitEffect": {
					"type": "MultiEffect",
					"effects": [
						"blastExplosion",
						"greenCloud"
					]
				},
				"despawnEffect": "none",
				"sprite": "mine-bullet",
				"healPercent": 4,
				"trailLength": 8,
				"trailWidth": 3,
				"trailColor": "98FFA9",
				"backColor": "98FFA9",
				"frontColor": "FFFFFF",
				"trailRotation": true,
				"hitSize": 22,
				"shrinkX": 0,
				"shrinkY": 0,
				"maxRange": 86,
				"width": 10,
				"height": 10,
				"speed": 5,
				"lifetime": 32
			}
		}
	]
}