{
	"type": "naval",
	"name": "罗汉",
	"speed": 0.58,
	"rotateSpeed": 0.86,
	"immunities": [
		"electrified",
		"unmoving",
		"修复",
		"干扰",
		"disarmed"
	],
	"ammoType": {
		"type": "PowerAmmoType",
		"totalPower": 50000
	},
	"ammoCapacity": 300,
	"hitSize": 90,
	"trailLength": 160,
	"waveTrailX": 29.5,
	"waveTrailY": -40,
	"trailScl": 5,
	"health": 154000,
	"buildSpeed": 5,
	"armor": 42,
	"abilities": [
		{
			"type": "StatusFieldAbility",
			"duration": 200,
			"reload": 180,
			"range": 160,
			"applyEffect": "none",
			"activeEffect": {
				"type": "WaveEffect",
				"interp": "circleOut",
				"lifetime": 45,
				"sizeFrom": 0,
				"sizeTo": 160,
				"strokeFrom": 22,
				"strokeTo": 1,
				"colorFrom": "97FFA8",
				"colorTo": "97FFA8"
			},
			"effect": "修复"
		},
		{
			"type": "ForceFieldAbility",
			"radius": 190,
			"max": 12000,
			"regen": 35,
			"cooldown": 1450
		}
	],
	"researchCostMultiplier": 0,
	"research": {
		"parent": "navanax",
		"objectives": [
			{
				"type": "SectorComplete",
				"preset": "火山岛"
			}
		]
	},
	"forceMultiTarget": true,
	"weapons": [
		{
			"name": "罗汉2",
			"x": 0,
			"y": -12.25,
			"shootCone": 20,
			"shootSound": "laser",
			"shootY": 10,
			"rotate": true,
			"rotateSpeed": 2,
			"reload": 110,
			"cooldownTime": 40,
			"layerOffset": 0.1,
			"mirror": false,
			"parts": [
				{
					"type": "RegionPart",
					"mirror": false,
					"suffix": "-管",
					"progress": "recoil",
					"under": true,
					"moveY": -2
				}
			],
			"shoot":{
				"shots": 3,
				"shotDelay": 12
			},
			"bullet": {
				"type": "BasicBulletType",
				"height": 35,
				"width": 18,
				"shrinkY": 0,
				"sprite": "饱和火力-透彻",
				"healPercent": 20,
				"speed": 15,
				"lifetime": 32.8,
				"damage": 332,
				"pierceArmor": true,
				"reflectable": false,
				"absorbable": false,
				"pierce": true,
				"knockback": 32,
				"splashDamageRadius": 78,
				"splashDamage": 167,
				"collidesTeam": true,
				"status": "干扰",
				"statusDuration": 70,
				"frontColor": "97FFA8",
				"backColor": "97FFA8",
				"trailColor" :"97FFA8",
				"trailLength": 20,
				"trailWidth" : 2.5,
				"trailChance": 0.6,
				"trailEffect": "hitEmpSpark",
				"shootEffect": {
					"type": "ParticleEffect",
					"particles": 5,
					"line": true,
					"strokeFrom": 3,
					"strokeTo": 0,
					"lenFrom": 12,
					"lenTo": 0,
					"length": 45,
					"baseLength": 0,
					"lifetime": 35,
					"colorFrom": "97FFA8",
					"colorTo": "FFFFFF",
					"cone": 60
				},
				"smokeEffect": "none",
				"hitSound": "plasmaboom",
				"despawnEffect": "none",
				"hitEffect": {
					"type": "MultiEffect",
					"effects": [
						{
							"type": "ParticleEffect",
							"particles": 23,
							"line": true,
							"strokeFrom": 4,
							"strokeTo": 0,
							"lenFrom": 22,
							"lenTo": 0,
							"length": 80,
							"baseLength": 0,
							"lifetime": 40,
							"interp": "circleOut",
							"colorFrom": "97FFA8",
							"colorTo": "97FFA8"
						},
						{
							"type": "ParticleEffect",
							"particles": 8,
							"line": true,
							"strokeFrom": 4,
							"strokeTo": 0,
							"lenFrom": 22,
							"lenTo": 0,
							"length": 80,
							"baseLength": 0,
							"lifetime": 16,
							"interp": "circleOut",
							"sizeInterp": "circleOut",
							"colorFrom": "97FFA8",
							"colorTo": "97FFA8",
							"cone": 15
						},
						{
							"type": "WaveEffect",
							"lifetime": 16,
							"sizeFrom": 0,
							"sizeTo": 80,
							"strokeFrom": 6,
							"strokeTo": 0,
							"colorFrom": "97FFA8",
							"colorTo": "97FFA8"
						}
					]
				}
			}
		},
		{
			"name": "罗汉1",
			"x": 25.75,
			"y": -1,
			"shootCone": 60,
			"shootSound": "laser",
			"shootY": 5,
			"shake": 4,
			"rotate": true,
			"rotateSpeed": 2,
			"reload": 120,
			"alternate": true,
			"bullet": {
				"type": "EmpBulletType",
				"sprite": "饱和火力-海胆",
				"width": 66,
				"height": 66,
				"spin": 3.34,
				"shrinkY": 0,
				"shrinkX": 0,
				"hitSize": 36,
				"healPercent": 25,
				"speed": 7,
				"lifetime": 70,
				"reflectable": false,
				"absorbable": false,
				"pierce": true,
				"pierceBuilding": true,
				"pierceCap": 2,
				"hitShake": 8,
				"damage": 156,
				"radius": 160,
				"splashDamageRadius": 92,
				"splashDamage": 282,
				"timeIncrease": 3.75,
				"powerDamageScl": 3,
				"powerSclDecrease": 0.01,
				"unitDamageScl": 1.25,
				"hitUnits": true,
				"scaleLife": true,
				"status": "electrified",
				"statusDuration": 300,
				"frontColor": "97FFA8",
				"backColor": "97FFA8",
				"trailLength": 16,
				"trailWidth": 4,
				"trailColor": "97FFA8",
				"shootEffect": {
					"type": "ParticleEffect",
					"particles": 5,
					"sizeFrom": 3,
					"sizeTo": 0,
					"length": 45,
					"baseLength": 0,
					"lifetime": 35,
					"colorFrom": "97FFA8",
					"colorTo": "FFFFFF",
					"cone": 60
				},
				"smokeEffect": "none",
				"hitSound": "plasmaboom",
				"despawnEffect": {
					"type": "WaveEffect",
					"lifetime": 45,
					"sizeFrom": 150,
					"sizeTo": 160,
					"strokeFrom": 6,
					"strokeTo": 0,
					"colorFrom": "97FFA8",
					"colorTo": "97FFA8"
				},
				"hitEffect": {
					"type": "MultiEffect",
					"effects": [
						{
							"type": "ParticleEffect",
							"particles": 10,
							"sizeFrom": 20,
							"sizeTo": 0,
							"length": 50,
							"baseLength": 130,
							"lifetime": 35,
							"colorFrom": "97FFA880",
							"colorTo": "FFFFFF"
						},
						{
							"type": "ParticleEffect",
							"particles": 1,
							"sizeFrom": 160,
							"sizeTo": 160,
							"length": 0,
							"baseLength": 0,
							"lifetime": 15,
							"colorFrom": "97FFA880",
							"colorTo": "97FFA800"
						},
						{
							"type": "ParticleEffect",
							"particles": 1,
							"baseLength": 3,
							"length": -3,
							"lifetime": 45,
							"spin": 3.34,
							"interp": "fastSlow",
							"region": "饱和火力-星",
							"sizeFrom": 130,
							"sizeTo": 0,
							"colorFrom": "97FFA8",
							"colorTo": "FFFFFF"
						}
					]
				},
				"bulletInterval": 6,
				"intervalBullets": 2,
				"intervalBullet": {
					"type": "EmpBulletType",
					"sprite": "饱和火力-海胆",
					"hitSound": "spark",
					"healPercent": 2,
					"speed": 0,
					"instantDisappear": true,
					"reflectable": false,
					"hittable": false,
					"absorbable": false,
					"hitShake": 8,
					"damage": 24,
					"splashDamageRadius": 24,
					"splashDamage": 8,
					"radius": 100,
					"timeIncrease": 1.5,
					"powerDamageScl": 1.5,
					"powerSclDecrease": 0.8,
					"unitDamageScl": 2,
					"hitUnits": true,
					"scaleLife": true,
					"status": "拆解",
					"statusDuration": 30,
					"frontColor": "97FFA8",
					"backColor": "97FFA8",
					"despawnEffect": "none",
					"hitEffect": {
						"type": "ParticleEffect",
						"particles": 14,
						"line": true,
						"length": 80,
						"baseLength": 0,
						"lifetime": 35,
						"colorFrom": "97FFA8",
						"colorTo": "FFFFFF"
					}
				}
			}
		},
		{
			"name": "罗汉1",
			"x": -16.75,
			"y": -31.25,
			"shootCone": 60,
			"shootSound": "laser",
			"shootY": 5,
			"shake": 4,
			"rotate": true,
			"rotateSpeed": 2,
			"reload": 120,
			"alternate": true,
			"shoot":{
				"firstShotDelay": 40
			},
			"bullet": {
				"type": "EmpBulletType",
				"sprite": "饱和火力-海胆",
				"width": 66,
				"height": 66,
				"spin": 3.34,
				"shrinkY": 0,
				"shrinkX": 0,
				"hitSize": 36,
				"healPercent": 25,
				"speed": 7,
				"lifetime": 70,
				"reflectable": false,
				"absorbable": false,
				"pierce": true,
				"pierceBuilding": true,
				"pierceCap": 2,
				"hitShake": 8,
				"damage": 156,
				"radius": 160,
				"splashDamageRadius": 92,
				"splashDamage": 282,
				"timeIncrease": 3.75,
				"powerDamageScl": 3,
				"powerSclDecrease": 0.01,
				"unitDamageScl": 1.25,
				"hitUnits": true,
				"scaleLife": true,
				"status": "electrified",
				"statusDuration": 300,
				"frontColor": "97FFA8",
				"backColor": "97FFA8",
				"trailLength": 16,
				"trailWidth": 4,
				"trailColor": "97FFA8",
				"shootEffect": {
					"type": "ParticleEffect",
					"particles": 5,
					"sizeFrom": 3,
					"sizeTo": 0,
					"length": 45,
					"baseLength": 0,
					"lifetime": 35,
					"colorFrom": "97FFA8",
					"colorTo": "FFFFFF",
					"cone": 60
				},
				"smokeEffect": "none",
				"hitSound": "plasmaboom",
				"despawnEffect": {
					"type": "WaveEffect",
					"lifetime": 45,
					"sizeFrom": 150,
					"sizeTo": 160,
					"strokeFrom": 6,
					"strokeTo": 0,
					"colorFrom": "97FFA8",
					"colorTo": "97FFA8"
				},
				"hitEffect": {
					"type": "MultiEffect",
					"effects": [
						{
							"type": "ParticleEffect",
							"particles": 10,
							"sizeFrom": 20,
							"sizeTo": 0,
							"length": 50,
							"baseLength": 130,
							"lifetime": 35,
							"colorFrom": "97FFA880",
							"colorTo": "FFFFFF"
						},
						{
							"type": "ParticleEffect",
							"particles": 1,
							"sizeFrom": 160,
							"sizeTo": 160,
							"length": 0,
							"baseLength": 0,
							"lifetime": 15,
							"colorFrom": "97FFA880",
							"colorTo": "97FFA800"
						},
						{
							"type": "ParticleEffect",
							"particles": 1,
							"baseLength": 3,
							"length": -3,
							"lifetime": 45,
							"spin": 3.34,
							"interp": "fastSlow",
							"region": "饱和火力-星",
							"sizeFrom": 130,
							"sizeTo": 0,
							"colorFrom": "97FFA8",
							"colorTo": "FFFFFF"
						}
					]
				},
				"bulletInterval": 6,
				"intervalBullets": 2,
				"intervalBullet": {
					"type": "EmpBulletType",
					"sprite": "饱和火力-海胆",
					"hitSound": "spark",
					"healPercent": 2,
					"speed": 0,
					"instantDisappear": true,
					"reflectable": false,
					"hittable": false,
					"absorbable": false,
					"hitShake": 8,
					"damage": 24,
					"splashDamageRadius": 24,
					"splashDamage": 8,
					"radius": 100,
					"timeIncrease": 1.5,
					"powerDamageScl": 1.5,
					"powerSclDecrease": 0.8,
					"unitDamageScl": 2,
					"hitUnits": true,
					"scaleLife": true,
					"status": "拆解",
					"statusDuration": 30,
					"frontColor": "97FFA8",
					"backColor": "97FFA8",
					"despawnEffect": "none",
					"hitEffect": {
						"type": "ParticleEffect",
						"particles": 14,
						"line": true,
						"length": 80,
						"baseLength": 0,
						"lifetime": 35,
						"colorFrom": "97FFA8",
						"colorTo": "FFFFFF"
					}
				}
			}
		},
		{
			"name": "罗汉1",
			"x": 13.25,
			"y": 28.25,
			"shootCone": 60,
			"shootSound": "laser",
			"shootY": 5,
			"shake": 4,
			"rotate": true,
			"rotateSpeed": 2,
			"reload": 120,
			"alternate": true,
			"shoot":{
				"firstShotDelay": 80
			},
			"bullet": {
				"type": "EmpBulletType",
				"sprite": "饱和火力-海胆",
				"width": 66,
				"height": 66,
				"spin": 3.34,
				"shrinkY": 0,
				"shrinkX": 0,
				"hitSize": 36,
				"healPercent": 25,
				"speed": 7,
				"lifetime": 70,
				"reflectable": false,
				"absorbable": false,
				"pierce": true,
				"pierceBuilding": true,
				"pierceCap": 2,
				"hitShake": 8,
				"damage": 156,
				"radius": 160,
				"splashDamageRadius": 92,
				"splashDamage": 282,
				"timeIncrease": 3.75,
				"powerDamageScl": 3,
				"powerSclDecrease": 0.01,
				"unitDamageScl": 1.25,
				"hitUnits": true,
				"scaleLife": true,
				"status": "electrified",
				"statusDuration": 300,
				"frontColor": "97FFA8",
				"backColor": "97FFA8",
				"trailLength": 16,
				"trailWidth": 4,
				"trailColor": "97FFA8",
				"shootEffect": {
					"type": "ParticleEffect",
					"particles": 5,
					"sizeFrom": 3,
					"sizeTo": 0,
					"length": 45,
					"baseLength": 0,
					"lifetime": 35,
					"colorFrom": "97FFA8",
					"colorTo": "FFFFFF",
					"cone": 60
				},
				"smokeEffect": "none",
				"hitSound": "plasmaboom",
				"despawnEffect": {
					"type": "WaveEffect",
					"lifetime": 45,
					"sizeFrom": 150,
					"sizeTo": 160,
					"strokeFrom": 6,
					"strokeTo": 0,
					"colorFrom": "97FFA8",
					"colorTo": "97FFA8"
				},
				"hitEffect": {
					"type": "MultiEffect",
					"effects": [
						{
							"type": "ParticleEffect",
							"particles": 10,
							"sizeFrom": 20,
							"sizeTo": 0,
							"length": 50,
							"baseLength": 130,
							"lifetime": 35,
							"colorFrom": "97FFA880",
							"colorTo": "FFFFFF"
						},
						{
							"type": "ParticleEffect",
							"particles": 1,
							"sizeFrom": 160,
							"sizeTo": 160,
							"length": 0,
							"baseLength": 0,
							"lifetime": 15,
							"colorFrom": "97FFA880",
							"colorTo": "97FFA800"
						},
						{
							"type": "ParticleEffect",
							"particles": 1,
							"baseLength": 3,
							"length": -3,
							"lifetime": 45,
							"spin": 3.34,
							"interp": "fastSlow",
							"region": "饱和火力-星",
							"sizeFrom": 130,
							"sizeTo": 0,
							"colorFrom": "97FFA8",
							"colorTo": "FFFFFF"
						}
					]
				},
				"bulletInterval": 6,
				"intervalBullets": 2,
				"intervalBullet": {
					"type": "EmpBulletType",
					"sprite": "饱和火力-海胆",
					"hitSound": "spark",
					"healPercent": 2,
					"speed": 0,
					"instantDisappear": true,
					"reflectable": false,
					"hittable": false,
					"absorbable": false,
					"hitShake": 8,
					"damage": 24,
					"splashDamageRadius": 24,
					"splashDamage": 8,
					"radius": 100,
					"timeIncrease": 1.5,
					"powerDamageScl": 1.5,
					"powerSclDecrease": 0.8,
					"unitDamageScl": 2,
					"hitUnits": true,
					"scaleLife": true,
					"status": "拆解",
					"statusDuration": 30,
					"frontColor": "97FFA8",
					"backColor": "97FFA8",
					"despawnEffect": "none",
					"hitEffect": {
						"type": "ParticleEffect",
						"particles": 14,
						"line": true,
						"length": 80,
						"baseLength": 0,
						"lifetime": 35,
						"colorFrom": "97FFA8",
						"colorTo": "FFFFFF"
					}
				}
			}
		},
		{
			"name": "玄武1",
			"type": "PointDefenseWeapon",
			"x": -31,
			"y": -36.75,
			"rotate": true,
			"recoil": 0,
			"rotateSpeed": 12,
			"reload": 7.5,
			"targetInterval": 8,
			"targetSwitchInterval": 8,
			"bullet": {
				"speed": 26,
				"lifetime": 10,
				"shootEffect": "sparkShoot",
				"hitEffect": "pointHit",
				"maxRange": 260,
				"damage": 96
			}
		}
	]
}