{
    "type":"missile",
    "controller": "MissileAI",//ai
    //"template": "MissileUnitType",
    "flying":"true"
    "maxRange":15
	"lowAltitude": false,
	"speed": 8,//飞行速度
	"deathExplosionEffect":"none",//爆炸特效
	"flying": true,//可以飞行
	"rotateSpeed": 20,//转头速度
	"lifetime": 150,//存在时间,1/帧
	"homingDelay":0,//跟踪延迟
	"playerControllable": false,//玩家可以操控
	"hidden": true,//隐藏单位
	"health": 1000,//血量
	"hitSize": 12,//大小
	"createWreck": false,//可以击落
	"createScorch": false,//可以燃烧
	"useUnitCap":false,//占用人口
	"itemCapacity":0,//物品容量
	"circleTarget":true//环形攻击路径
	"engineSize":1,//引擎尺寸
    "engineOffset":7,//引擎偏移
    "armor":15,//护甲
       "pierce":true,
          "pierceBuilding":true,
		"abilities": [
		{
			"type": "MoveLightningAbility",
		   "Color":"#55b2ff",
		           "length": 35,
        //射击命中时生成闪电的长度
      //  "lightningDamage":0.1,
        		"chance":3,
        	//	"x":6
        		"damage":50
        //闪电伤害
			}
		{
			"type": "MoveLightningAbility",
		   "Color":"#55b2ff",
		           "length": 23,
        //射击命中时生成闪电的长度
      //  "lightningDamage":0.1,
        		"chance":3,
        	//	"x":6
        		"damage":50
        //闪电伤害
			}
	]
}