{
    "type":"missile",
    "controller": "MissileAI",//ai
    "maxRange":25
	"lowAltitude": true,
	"speed": 5,//飞行速度
	"deathExplosionEffect":"none",//爆炸特效
	"flying": true,//可以飞行
	"rotateSpeed": 2.3,//转头速度
	"lifetime": 100,//存在时间,1/帧
	"homingDelay":10,//跟踪延迟
	"playerControllable": false,//玩家可以操控
	"hidden": true,//隐藏单位
	"health": 4000,//血量
	"hitSize": 20,//大小
	"targetable":false
	"createWreck":false
	"createScorch":false
	"drawCell":false,
	"useUnitCap":false,//占用人口
	"itemCapacity":0,//物品容量
	"circleTarget":false//环形攻击路径
	"engineSize":0,//引擎尺寸
    "engineOffset":0,//引擎偏移
    "armor":500,//护甲
    	 "parts": [
  {
"type": "HaloPart",
"y": 0,
"radius": 4.6,
   "shapeRotation": 180,
"tri": true,
"layer": 110,
"color": "99F8FFFF",
"haloRotateSpeed": -7,
"haloRadius": 17.5,
"haloRadiusTo": 17.5,
"stroke": 5,
"strokeTo": 5,
"shapes": 2,
"triLengthTo": 20,
"triLength": 20
}
  {
"type": "HaloPart",
"y": 0,
"radius": 4.6,
   "shapeRotation": 0,
"tri": true,
"layer": 110,
"color": "99F8FFFF",
"haloRotateSpeed": -7,
"haloRadius": 17.5,
"haloRadiusTo": 17.5,
"stroke": 5,
"strokeTo": 5,
"shapes": 2,
"triLengthTo": 20,
"triLength": 20
}
 {
"type": "HaloPart",
"y": 0,
"radius": 4.6,
   "shapeRotation": 180,
"tri": true,
"layer": 290,
"color": "99F8FFFF",
"haloRotateSpeed": 7,
"haloRadius": 17.5,
"haloRadiusTo": 17.5,
"stroke": 5,
"strokeTo": 5,
"shapes": 2,
"triLengthTo": 20,
"triLength": 20
}
  {
"type": "HaloPart",
"y": 0,
"radius": 4.6,
   "shapeRotation": 0,
"tri": true,
"layer": 290,
"color": "99F8FFFF",
"haloRotateSpeed": 7,
"haloRadius": 17.5,
"haloRadiusTo": 17.5,
"stroke": 5,
"strokeTo": 5,
"shapes": 2,
"triLengthTo": 20,
"triLength": 20
}
,]
	"weapons": [
		{
		"name":""
			"reload": 1,
			"mirror": false,
			"shootCone": 360,
			"shootOnDeath": true,
			"shootSound": "none",
			"bullet": {
					"killShooter": true,
			"collides":false,
				"instantDisappear": true,
         	"splashDamageRadius": 50,
			"splashDamage": 180,
            "speed":0,
            "width":0
            "height":0,
            "hitShake":6
            "lifetime":1,
    		"hitEffect": {
				"type": "MultiEffect",
					"lifetime": 20,
				"effects": [
					{
						"type": "ParticleEffect",
						"particles": 1,
						"sizeFrom": 0,
						"sizeTo": 38,
						"length": 0,
						"baseLength": 0,
						"lifetime": 20,
						"colorFrom": "99F8FFFF",
						"colorTo": "FFFFFF",
						"cone": 360
					},
					{
						"type": "ParticleEffect",
						"particles": 22,
						"line": true,
					    "sizeFrom": 10,
				        "sizeTo": 10,
						"lenFrom": 18,
						"lenTo": 18,
						"length": 100,
						"baseLength": 2,
						"lifetime": 20,
						"colorFrom": "99F8FFFF",
						"colorTo": "FFFFFF",
						"cone": 360
					}
					{
                    "type": "WaveEffect"
                    "sizeFrom": 100
                    "sizeTo": 0
                    "lifetime":20
                    "sides":0
                    "colorFrom": "99F8FFFF"
                    "colorTo": "FFFFFF"
                    "strokeFrom":0
                    "strokeTo": 3
                    }
                    	{
                    "type": "WaveEffect"
                    "sizeFrom": 120
                    "sizeTo": 0
                    "lifetime":20
                    "sides":0
                    "colorFrom": "99F8FFFF"
                    "colorTo": "FFFFFF"
                    "strokeFrom":0
                    "strokeTo": 3
                    }
				]
			},
		}
	}
],
"abilities": [
{
			"type": "MoveEffectAbility",
			"y": -4,
			"interval": 2,
			"rotation": 180,
			"rotateEffect": true,
			"effect": {
				"type": "ParticleEffect",
				"particles": 3,
				"sizeFrom": 3,
				"sizeTo": 1,
				"length": 30,
				"lifetime": 30,
				"lightOpacity": 0,
				"interp": "circleOut",
				"sizeInterp": "pow5In",
				"colorFrom": "99F8FFFF",
				"colorTo": "74C2E8FF",
				"cone": 9
			}
		}
		 {
	"type": "SpawnDeathAbility",
			"unit": "边境导弹1",
			"amount": 1
	}
	]
}