{

	"type":"GenericCrafter",
	"name":"钛矿井",
	"outputItems":["titanium/1"],
	"itemCapacity":20,
	"drawer":{
		"type":"DrawMulti",
		"drawers":[
			{
				"type":"DrawDefault"
			},
			{
				"type":"DrawRegion",
				//这个type允许新增旋转贴图
				//当然，旋转速度设为0也可以新增静态贴图
				"suffix":"-rotator",
				//"贴图后缀"
				"rotateSpeed":2
				//贴图旋转速度
			}
		]
	}
	"group":"drills"
	"health":450,
	"craftTime":600,
	"placeableLiquid":true,
	"requiresWater":false,
	"hasItems":true,
	"hasLiquids":false,
	"hasPower":false,
	"description":"能从地下开采出矿物，效率缓慢"
	"size":2,
	"requirements":[
		"titanium/60"
	],
	"research":"煤矿井",
	"category":"production"
}