{
    "name":"青铜熔炼机",
    "description":"熔炼铜和部分锡熔炼为青铜锭\n[cyan]你是说 你冰冻森林时期有了堪比钛的东西？",
    "itemCapacity":10,
    "health":160,
    "size":2,
    "hasPower": true,
    "hasLiquids": false,
    "hasItems": true,
    "category":"crafting",

    "craftEffect": "smeltsmoke",
    "drawer":{
        "type":"DrawMulti",
        "drawers": [
			"DrawDefault",
			{
				"type": "DrawFlame",
				"flameColor": "ffd9a8"
			}
		]
    },


    "outputItem":"Bronze/2",
     "craftTime": 132,
     "consumes":{
        "power":1.5,
        "items":[
            "copper/2",
            "Stannum/1"
       ]
    },


    "requirements": [
		"copper/50",
		"Stannum/50",
        "graphite/20"
	]

}
