{
    "name":"青铜熔炼厂",
    "description":"更优良的配比和技术，加快生产青铜的效率\n[cyan]我们做青铜的前提就是需要青铜，你还是无法摆脱熔炼机的",
    "itemCapacity":15,
    "health":360,
    "size":3,
    "hasPower": true,
    "hasLiquids": false,
    "hasItems": true,
    "category":"crafting",

    "craftEffect": "smeltsmoke",
    "drawer":{
        "type":"DrawMulti",
        "drawers": [
			"DrawDefault",
			{
				"type": "DrawFlame",
				"flameColor": "ffd9a8"
			}
		]
    },


    "outputItem":"Bronze/3",
     "craftTime": 70,
     "consumes":{
        "power":2.8,
        "items":[
            "copper/3",
            "Stannum/2"
       ]
    },


    "requirements": [
		"Bronze/100",
		"Stannum/80",
    "lead/80",
    "graphite/60"
	]

}
