{

//它不需要type

"name":"亚砜协议"//名字

"description":"本模组三大科技线。"//简介

"details":"他那跟黄符一样的的应用方式…。"//最后面的小字，具体见孢子荚，以上方块也能用

/*这个石墨烯指粒子物理的作者，他经常说他自己是个伞兵*/

"hardness":1//用于光耀的发电机这个不好讲，以后再讲吧（

"cost":5//一个这个物品增加的建造时间（用在建造材料）

 "color": "919FE7", //16进制的颜色，是个正经的画图软件都会显示，这是黑色，这个影响在物品源，分类器上的颜色显示

 "radioactivity": 0.19, //放射性，有这个就能扔进RTG里，发电量看放射性大小

 "explosiveness": 0.12, //爆炸性，有这个的话，扔进发电机里会对发电机造成伤害

 "flammability": 0.252//燃烧性，大于0.2会可以扔进火力发电机和涡轮发电机里

//以上1为百分之100，可以超过百分之100，孢子荚就是燃烧性大于100％

 "charge": 0.05//放电性，具体可以看巨浪合金

//以上是物品的全部
"buildCost":2
"research":"亚砜协议合成器"
}