{

//它不需要type

"name":"明月协议"//名字

"description":"用于启动与授权建造一些高级科技的武器与装置的许可证，但后续有人的偷窃并且售卖给我们的敌人，因此造成了大量破坏，以及资源损失，因此有了明月协议2.0，明月协议2.0是明月协议1.0的升级版，他对许可证进行了加密，只有在用的时候才会被解密，到146年，绝大部分的高科技设施都支持明月协议2.0，但仍有部分老旧设施依旧只支持明月协议1.0，因为明月协议2.0被加密过，因此无法直接被塞入机器或装置内使用，需要破解，增加了游戏难度，但毋庸置疑的是，他有效的防止了倒卖(ps:明月协议2.0就是现在你看到的明月协议.json。)"//简介

"details":"高科技的敲门砖。"//最后面的小字，具体见孢子荚，以上方块也能用

/*这个石墨烯指粒子物理的作者，他经常说他自己是个伞兵*/

"hardness":1//用于光耀的发电机这个不好讲，以后再讲吧（

"cost":0//一个这个物品增加的建造时间（用在建造材料）

 "color": "919FE7", //16进制的颜色，是个正经的画图软件都会显示，这是黑色，这个影响在物品源，分类器上的颜色显示

 "radioactivity": 0//放射性，有这个就能扔进RTG里，发电量看放射性大小

 "explosiveness": 0//爆炸性，有这个的话，扔进发电机里会对发电机造成伤害

 "flammability": 0//燃烧性，大于0.2会可以扔进火力发电机和涡轮发电机里

//以上1为百分之100，可以超过百分之100，孢子荚就是燃烧性大于100％

 "charge": 0.1//放电性，具体可以看巨浪合金

//以上是物品的全部
"buildCost":0
"research":"亚砜协议"
}