{
	"mesh": [
	{
	    "type": "noiseMesh",
		"planet": "pole",
		"seed": 64,
		"divisions": 6,
		"color1": "87ceeb",
		"color2": "ffffff",
		"color3": "7B68EE",
		"color4": "ffffff",
		"radius": 1.25,
		"octaves": 20,
		"persistence": 3.6,
		"scale": 3.6,
		"mag": 0
	}
	],
	"cloudMesh": [
	{ //用于云的网格
		"type": "HexSkyMesh",
		"planet": "pole",
		"seed": 64, //用于云生成的种子
		"speed": 2.80, //云的移动速度
		"radius": 0.12, //云球半径
		"divisions": 6, //云的规模，越大六边形越多
		"color": "87ceeba8",
		"octaves": 4, //噪声属性
		"persistence": 0.75, //噪声属性
		"scl": 1, //噪音尺度
		"thresh": 0.5 //噪声的最大数量阈值
	},
	{
	"type": "HexSkyMesh",
		"planet": "pole",
		"seed": 42, //用于云生成的种子
		"speed": 0.90, //云的移动速度
		"radius": 0.18, //云球半径
		"divisions": 6, //云的规模，越大六边形越多
		"color": "ffffff64",
		"octaves": 4, //噪声属性
		"persistence": 0.7, //噪声属性
		"scl": 0.1,
	    "thresh": 0.45 //噪声的最大数量阈值
	},
	{
	"type": "HexSkyMesh",
		"planet": "pole",
		"seed": 42, //用于云生成的种子
		"speed": 0.90, //云的移动速度
		"radius": 0.13, //云球半径
		"divisions": 6, //云的规模，越大六边形越多
		"color": "87ceebc2",
		"octaves": 4, //噪声属性
		"persistence": 0.7, //噪声属性
		"scl": 0.1,
	    "thresh": 0.45 //噪声的最大数量阈值
	}
	/*{ //云层的网格设置
		"type": "NoiseMesh",
		"planet": "pole", //行星名称
		"seed": 64, //随机种子
		"divisions": 6, //网格表面的细分程度
		"color1": "ffffff",
		"color2": "87ceeb",
		"radius": 1.26, //云层半径
		"octaves": 20, //噪音层数
		"persistence": 0.7, //持久性
		"scale": 2, //尺度
		"mag": 0.28 //大小
	}*/
	],
	"generator": {
		"min": 1, //小行星数量
		"max": 3,
		"octaves": 20, //噪音特性
		"persistence": 3,
		"scale": 30,
		"mag": 1.5,
		"thresh": 10,
		"foct": 3,
		"fmag": 200,
		"fscl": 50,
		"fper": 50,
		"radMin": 200,
		"radMax": 400,
		"stoneChance": 0.15,
		"iceChance": 0.9,
		"carbonChance": 0.1,
		"berylChance": 0.05,
		"ferricChance": 0.1
	},
	"orbitRadius": 0,
	"orbitSpacing": 0, //父（this）和卫星之间的间距
	"radius": 1.23, //星球半径
	"sectorSize": 4, //区块大小
	"minZoom": 0.6, //最小缩放
	"drawOrbit": false, //是否绘制轨道
	"hasAtmosphere": true,
	"atmosphereRadIn": -0.02,
	"atmosphereRadOut": 0.18,
	"accessible": true, //是否可以登陆
	"tidalLock": false,
	"allowLaunchSchematics": true, //允许核心蓝图
	"alwaysUnlocked": true,
    "allowSectorInvasion": true, //存在区块入侵
	"updateLighting": true, //昼夜循环
	"sectorSeed": 429, //生成器的种子。 如果-1，则为小行星
	"bloom": true, //是否开启bloom渲染
	"visible": true, //是否显示
	"atmosphereColor": "C0C6FF64", //大气层颜色
	"icon": "planet", //左上角显示的行星图标的颜色
	"iconColor": "7c4b80", //左上角显示的行星图标的颜色
    "startSector": 0, //开始区块的序号
	"allowWaveSimulation": true, //在后台时是否模拟波次
    "allowLaunchLoadout": true, //允许选择落地资源
    "launchCapacityMultiplier": 0.75, //选择核心蓝图时核心能容纳的物品数量关于其实际数量的倍数。
	"clearSectorOnLose": false, //区块丢失时是否重置区块
	"allowWaves": true, //区块丢失时是否重置波次
	"landCloudColor": "7B68EE",
	"allowLaunchToNumbered": true,
	"defaultCore": "beginning-camp", //星球默认核心
	"parent": "pole-aux", //星球绕什么公转
	"solarSystem": "sun", //星系系统
	"hiddenItems": [
	  "copper", "lead", "metaglass", "graphite", "coal", "titanium", "thorium", "scrap", "plastanium", "phase-fabric", "surge-alloy", "spore-pod", "blast-compound", "pyratite", "beryllium", "tungsten", "oxide", "carbide", "fissile-matter", "dormant-cyst"
	]
	/*"hiddenLiquids": [
	  "arkycite", "gallium", "cyanogen", "neoplasm", "nitrogen", "hydrogen", "ozone"
	]*/
}