{
	"cloudMesh": [
	{ //用于云的网格
		"type": "HexSkyMesh",
		"planet": "ziYuan-aux",
		"seed": 64, //用于云生成的种子
		"speed": 0, //云的移动速度
		"radius": 0.067, //云球半径
		"divisions": 5, //云的规模，越大六边形越多
		"color": "ffffff64",
		"octaves": 4, //噪声属性
		"persistence": 0.9, //噪声属性
		"scl": 3, //噪音尺度
		"thresh": 0.5 //噪声的最大数量阈值
	},
	{ //用于云的网格
		"type": "HexSkyMesh",
		"planet": "ziYuan-aux",
		"seed": 64, //用于云生成的种子
		"speed": 0, //云的移动速度
		"radius": 0.066, //云球半径
		"divisions": 5, //云的规模，越大六边形越多
		"color": "ffffff64",
		"octaves": 4, //噪声属性
		"persistence": 0.9, //噪声属性
		"scl": 3, //噪音尺度
		"thresh": 0.5 //噪声的最大数量阈值
	},
	{ //用于云的网格
		"type": "HexSkyMesh",
		"planet": "ziYuan-aux",
		"seed": 42, //用于云生成的种子
		"speed": 0, //云的移动速度
		"radius": 0.065, //云球半径
		"divisions": 5, //云的规模，越大六边形越多
		"color": "7B68EE64",
		"octaves": 4, //噪声属性
		"persistence": 0.9, //噪声属性
		"scl": 3, //噪音尺度
		"thresh": 0.48 //噪声的最大数量阈值
	},
	{ //用于云的网格
		"type": "HexSkyMesh",
		"planet": "ziYuan-aux",
		"seed": 31, //用于云生成的种子
		"speed": 0, //云的移动速度
		"radius": 0.064, //云球半径
		"divisions": 5, //云的规模，越大六边形越多
		"color": "7B68EE",
		"octaves": 4, //噪声属性
		"persistence": 0.9, //噪声属性
		"scl": 3, //噪音尺度
		"thresh": 0.48 //噪声的最大数量阈值
	},
	{ //用于云的网格
		"type": "HexSkyMesh",
		"planet": "ziYuan-aux",
		"seed": 20, //用于云生成的种子
		"speed": 0, //云的移动速度
		"radius": 0.063, //云球半径
		"divisions": 5, //云的规模，越大六边形越多
		"color": "6aa2bf",
		"octaves": 4, //噪声属性
		"persistence": 0.9, //噪声属性
		"scl": 3, //噪音尺度
		"thresh": 0.40 //噪声的最大数量阈值
	}
	],
	"orbitRadius": 18,
	"orbitSpacing": 0, //父（this）和卫星之间的间距
	"radius": 0.8, //星球半径
	"minZoom": 0.85, //最小缩放
	"drawOrbit": true, //是否绘制轨道
	"hasAtmosphere": false,
	"accessible": false, //是否可以登陆
	"tidalLock": true,
	"alwaysUnlocked": false,
    "allowSectorInvasion": true, //存在区块入侵
	"updateLighting": true, //昼夜循环
	"sectorSeed": 429, //生成器的种子。 如果-1，则为小行星
	"bloom": false, //是否开启bloom渲染
	"visible": true, //是否显示
	"parent": "pole", //星球绕什么公转
	"solarSystem": "sun" //星系系统
}