{
"type":"material",//物品类型

"name":"水晶矩阵锭-钍",
"description":"……",//描述
"details ":"……",//一些物品的下面一行灰字
"color":"FF86EFFF",//颜色（在分类器其中的颜色）源代码不是这么写的懒得改颜色了
"explosiveness":1,//爆炸值
"flammability":0,//可燃性
"radioactivity":7,//放射性
"hardness":5,//硬度
"charge":0//放电性
"cost":0,//成本
"frames":5,
"alwaysUnlocked": false ,//是否始终解锁
"research":"钍矩阵"//解锁研究
}