{
"type":"material",//物品类型

"name":"水晶矩阵锭-塑钢",
"description":"……",//描述
"details ":"……",//一些物品的下面一行灰字
"color":"90FF90FF",//颜色（在分类器其中的颜色）源代码不是这么写的懒得改颜色了
"explosiveness":0,//爆炸值
"flammability":0,//可燃性
"radioactivity":0,//放射性
"hardness":12,//硬度
"charge":0//放电性
"cost":0,//成本
"frames":5,
"alwaysUnlocked": false ,//是否始终解锁
"research":"塑钢矩阵"//解锁研究
}