{
"name":"冷冻滩溪",
	"description": "这片崎岖山落地带是旧时战争的部分遗迹。\n遗留着些许科技，占领它并研究遗留在这里的科技。",//这都不知道是吧
	"planet": "serpulo",//行星
	"sector": 1,//所在的该星球区
	"difficulty": 2,//显示的难度 
//	"research":"craters",//你可以换成另一种形式的 我使用的是焦油田
	
		"research": {
		"parent": "craters",
		"objectives": [
			{
				"type": "SectorComplete",
				"preset": "craters"
			}
		]
	},
	
	    "captureWave": 25,
//占领所需波数 也可以直接不用
	
   "allowWaves": true
//是否允许波次类型 
}