{
"type": "CoreBlock",
"itemCapacity": 40000,
"unitType":"A-Edas",
"health": 52000,
"size": 8,
"buildCostMultiplier":100
"unitCapModifier":30
"requirements": [
"thorium/4000",
"plastanium/5000",
"silicon/3500",
"graphite/3000",
"titanium/6300",
"copper/8000",
"phase-fabric/3000",
"surge-alloy/2000",
"esilicon-crystal/2800",
"dmatter-alloy/1800",
"bantimatter/1000",
],
"category": "effect"
"research": {
"parent": "core-nucleus",
"objectives": [
{"type": "SectorComplete",
"preset": "planetaryTerminal"
}]},
}