{
"type": "OverdriveProjector",
"health": 480,
"size": 1,
"range": 16,
"phaseRangeBoost":40,
"speedBoostPhase":1,
"speedBoost": 2.75,
"hasBoost":true,
"useTime":60,
"consumes": {
"power": 3,
"items":{"items":[
{"item":"phase-fabric","amount":1}],
"booster":true,
"optional":true
}
},
"requirements": [
{ "item":"silicon","amount":140},
{ "item":"esilicon-crystal","amount":150},
{ "item":"surge-alloy","amount":100},
{ "item": "fcarbon-fibre", "amount":140 } ,
{ "item":"dmatter-alloy","amount":80}
],
"category": "effect",
"research":"overdrive-dome"
}