{
"type": "MendProjector",
"health": 450,
"size": 1,
"range": 16,
"reload": 60,
"healPercent": 20,
"phaseBoost":10,
"phaseRangeBoost":0,
"canOverdrive": false,
"consumes":{
"power": 3,
"items":{"items":[
{"item":"phase-fabric","amount":1}
],
"booster":true,
"optional":true
}},
"requirements": [
{ "item":"titanium","amount":120},
{ "item":"plastanium","amount":120},
{ "item":"surge-alloy","amount":100},
{ "item":"dmatter-alloy","amount":80},
{ "item":"esilicon-crystal","amount":150}
],
"category": "effect",
"research":"mend-projector"
}