{
"type": "OverdriveProjector",
"health": 980,
"size": 2,
"range": 120,
"phaseRangeBoost":40,
"speedBoostPhase":1,
"speedBoost": 3,
"hasBoost":true,
"useTime":60,
"consumes": {
"power": 5,
    "items":{"items":[
{"item":"chengjin","amount":1}],
"booster":true,
"optional":true
}},
"requirements": [
{ "item":"silicon","amount":110},
{ "item":"phase-fabric","amount":180},
{ "item":"esilicon-crystal","amount":150},
{ "item":"surge-alloy","amount":120},
{ "item": "fcarbon-fibre", "amount":240 } ,
{ "item":"chengjin","amount":80}
],
"category": "effect",
"research":"fa6"
}