{
	"damageMultiplier":1,
	"healthMultiplier":0.9,
	"speedMultiplier":0.9,
	"damage":0.5,
	"color":"C2FF43FF",//颜色
	"effect": {
		"type": "ParticleEffect",
		"particles":4,//粒子数量
		"length":10,//长度
		"lifetime":30,//存在时间
		"interp": "circleOut",//中间部分
		"sizeInterp": "pow5Out",
		"cone":360,
		"colorFrom": "8CEA57FF",
		"colorTo": "F8FF6DFF",
		"sizeFrom":4,
		"sizeTo":0
		}
	"transitionDamage":10,
	"affinities":[
		"shocked",
		],

	"effectChance":0.1,
}
