{
	"damageMultiplier":2,
	"healthMultiplier":1.5,
	"speedMultiplier":1.2,
	"reloadMultiplier":1.1,
	"damage":-0.16666666666666,
	"color":"C2FF43FF",
	"permanent":true,
	"effect":{
		"type":"MultiEffect",
		"effects":[
		{"type":"WrapEffect",
		"effect":"colorSparkBig",
		"color":"BAFFF9FF",
		"rotation":0
		},
		{"type":"WrapEffect",
		"effect":"colorSparkBig",
		"color":"BAFFF9FF",
		"rotation":90
		},
		{"type":"WrapEffect",
		"effect":"colorSparkBig",
		"color":"BAFFF9FF",
		"rotation":180
		},
		{"type":"WrapEffect",
		"effect":"colorSparkBig",
		"color":"BAFFF9FF",
		"rotation":270
		}	]	},
	"effectChance":0.005,
}