{
	"type": "GenericCrafter",
	"health": 1200,
	"name": "培养皿",
	"description": "将虚空液进行特殊培养，从而获得一种有机物",
	"outputItem":  {"item": "虚空质", "amount": 1	},
	"itemCapacity": 10,
	"liquidCapacity": 30,
	"size": 2,
	"hasPower": true,
	"hasLiquids": true,
	"hasItems": true,
	"craftTime": 300,
	"updateEffect": "none",
	"craftEffect": "smeltsmoke",
    "drawer": {
        "type": "DrawMulti",
        "drawers": [
            "DrawDefault",
            "DrawCultivator",
            {
	        "type": "DrawLiquidTile",
	        "drawLiquid": "虚空液",
	        "drawLiquidLight": true
            },
            {
                "type": "DrawRegion",
                "suffix": "-top"
            }
        ]
    },
	"consumes": {
		"power": 10.5,
		"liquid": {
			"liquid": "虚空液",
			"amount": "1.2"
		}
	},
	"requirements": [
		"虚空石/150"
		"虚空精华/200"
		"虚铁/350"
	],
	"category": "crafting",
	"ambientSound": "smelter",
	"research": "凝聚器"
}