{
	"type": "GenericCrafter",
	"health": 1200,
	"name": "虚空钢炼制厂",
	"description": "将虚空石炼制成虚空钢",
	"outputItem": "虚空钢/3",
	"itemCapacity": 20,
	"size": 3,
	"hasPower": true,
	"hasLiquids": false,
	"hasItems": true,
	"craftTime": 120,
	"updateEffect": "none",
	"craftEffect": "smeltsmoke",
	"drawer": {
		"type": "DrawMulti",
		"drawers": [
			"DrawDefault",
			{
				"type": "DrawFlame",
				"flameRadius": 0,
				"flameRadiusIn": 0,
				"flameRadiusMag": 0,
				"flameRadiusInMag": 0
			}
		]
	},
	"consumes": {
		"power": 3.5,
			"items": [
				"虚铁/10",
				"虚空精华/5"
			]
		
	},
	"requirements": [
		"虚空石/500",
		"虚空精华/250",
		"虚铁/200"
	],
	"category": "crafting",
	"ambientSound": "smelter",
	"research": {
	"parent": "凝聚器"//科技树前置
	"objectives": [
	]	},
}