{
	"name": "电阻",
	"description": "为使通过用电器的电流不超过额定值或实际工作需要的规定值，以保证用电器的正常工作，通常可在电路中串联一个可变电阻。当改变这个电阻的大小时，电流的大小也随之改变。我们把这种可以限制电流大小的电阻叫做限流电阻。如在可调光台灯的电路中，为了控制灯泡的亮度，也可在电路中接入一个限流电阻，通过调节接入电阻的大小，来控制电路中电流的大小，从而控制灯泡的亮度当在电路的干路上需同时接入几个额定电流不同的用电器时，可以在额定电流较小的用电器两端并联接入一个电阻，这个电阻的作用是“分流”。例如：有甲、乙两个灯泡，额定电流分别是0.2A和0.4A，显然两灯泡不能直接串联接入同一电路。但若我们在甲灯两端并联一个合适的分流电阻则当开关S闭合时，甲、乙两灯便都能正常工作了一般用电器上都标有额定电压值，若电源比用电器的额定电压高，则不可把用电器直接接在电源上。在这种情况下，可给用电器串接一个合适阻值的电阻，让它分担一部分电压，用电器便能在额定电压下工作。我们称这样的电阻为分压电阻电流通过电阻时，会把电能全部（或部分）转化为内能。用来把电能转化为内能的用电器叫电热器。如电烙铁、电炉、电饭煲、取暖器等等",
	
	"cost":1,
	"color": "222250FF",
	"alwaysUnlocked":false,   
	"hardness":"2",
	"radioactivity": 0.1,
	"explosiveness": 0.1,
	"flammability": 0.1,
	"research": "锂"
}
