{
	"name": "超能钻头",
	"description":"可以采集任何矿物"
	"type": "Drill",
	"size": 1,
	"updateEffect": "smeltsmoke",
	"health": 200,
	"tier": 100,
	"drillTime": 550,
	"canOverdrive": true,
	"warmupSpeed": 0.25,
	"drillEffect": "none",
	"updateEffect": "none",
	"rotateSpeed": 50,
	"drawMineItem": false,
	"itemCapacity": 225,
	"liquidCapacity": 5,
	"requirements": [
		"次元锭/6",
		"copper/20",
		"lead/8",
	],
	"category": "production",
	"research":"次元锭",
}
/*星渊:可以挖掘任何矿石？这个可太好了