{
	"type": "flying",
	"name": "Lv5挖矿机",
	"description": "能挖矿，修理……",
	"speed":2.5,
	"rotateSpeed":1,
	"flying":true,
	"health":45550,
	"armor":40 ,
	"hitSize":48,
	"engineOffset":25,
	"engineSize":7,
	"lowAltitude":true,
	//低空
	"payloadCapacity":1600,
	//载荷（64为1²格）
	"itemCapacity":300,
	//物品容量
	"mineSpeed":12,
	//挖矿速度
    "mineTier":5,
    	"mineRange": 250,
   	"buildRange": 288,	
    //挖矿等级:0沙、废料；1铜、铅；2煤；3钛；4钍
    "mineItems":["铝","锂","碳单质","锡","金","铀","赤金"],
    "buildSpeed":10,
    //建筑速率
    "buildBeamOffset":5,
    //建筑波束偏移
   // "immunities":[
       // "基因崩溃",
       // "孢子抑制",
        //"触礁",
      //  ],
	"weapons":[
	{	"name": "虎鲨导弹",	
		"reload": 26, 
        "x": 8,  "y": 8,  
		"shoot":{
			"shots":4,
			"shotDelay":6},
        "rotate": true,
        "shootY":6,
        "top":true,
        "inaccuracy": 0,
        "alternate": false, 
		"shootSound": "lasershoot",
		"bullet":{	
	"type":"LaserBoltBulletType",
	    "frontColor":"FFFFFF",	
	    "backColor":"97FFA8FF",	
	    "healPercent":6,
	    "damage":85,
	    "collidesTeam":true,
	    "speed":7, "lifetime":24,
	    "width":2,	 "height":8	}	}
	    	{	"name": "虎鲨导弹",	
		"reload": 26, 
        "x": 10,  "y": -14,  
		"shoot":{
			"shots":4,
			"shotDelay":6},
        "rotate": true,
        "shootY":6,
        "top":true,
        "inaccuracy": 0,
        "alternate": false, 
		"shootSound": "lasershoot",
		"bullet":{	
	"type":"LaserBoltBulletType",
	    "frontColor":"FFFFFF",	
	    "backColor":"97FFA8FF",	
	    "healPercent":6,
	    "damage":85,
	    "collidesTeam":true,
	    "speed":7, "lifetime":24,
	    "width":2,	 "height":8	}	}
	    ]
    "research":"Lv4挖矿机",
}
