{
    "type":"Fracker",
	"size": 3,
	"health": 2000,
    "result":"oil",
    "pumpAmount":1.51,
    "liquidCapacity":600,
    "rotateSpeed":2,
    "attribute":"oil",
    "craftTime": 60,
    "consumes":{
		"power":75
		"items": {
            "items": [
                {"item": "sand","amount":4}
            ]
        }
	}
    "requirements":[
		{"item":"graphite","amount":600},
    	{"item":"silicon","amount": 400},
    	{"item":"copper","amount": 600},
		{"item":"lead","amount":600},
		{"item":"thorium","amount": 400},
		{"item":"致密金属块","amount":240}
		{"item":"强化合金块","amount":120}
	],
    "category":"production",
    "research":"压缩石油钻井"
}