{
	"type":"Drill",
	"size":1
	"health":100
	"drawRim":false,
	"tier":4
	"drillTime":108
	"itemCapacity":40
	"liquidCapacity":60
	"rotateSpeed":3
	"drawMineltem": false,
	"warmupSpeed": 0.02,
	"idleSound":"DrillBit",
	"drillEffect": "none",
    "updateEffect": "none",
	"idleSoundVolume": 0.5
	"liquidBoostIntensity":1.414213562373,
	"consumes":{
		"liquid":{
			"liquid":"water",
			"amount":0.025
			"optional":true,
			}
	},
	"requirements":[
		{"item":"copper","amount":20},
		{"item":"graphite","amount":10},
		{"item":"titanium","amount":20},
		{"item":"silicon","amount":10},
		{"item":"致密金属块","amount":40},
		],
	"category": "production",
	"research":"pneumatic-drill"
	}