{
	"type": "SolidPump",
	"pumpAmount":1.51,
	"result":"water",
	"health":800,
	"size":1,
	"rotatespeed":30,
	"hasPower":true,
	"liquidCapacity":300
	"hasLiquids":true,
	"updateEffect":"smeltsmoke",
	"consumes":{
		"power":10
	},
	"requirements":[
		{ "item":"copper","amount":300},
	    { "item":"lead","amount":300},
		{ "item":"metaglass","amount":200},
		{ "item":"致密金属块","amount":80}
		{"item":"强化合金块","amount":40}
	],
	"category":"production",
	"research":"压缩抽水机",
	"idleSound":"respawning",
	"idleSoundVolume": 0.6
}