{
	"type": "SolidPump",
	"pumpAmount":0.51,
	"result":"water",
	"health":300,
	"size":1,
	"rotatespeed":30,
	"hasPower":true,
	"liquidCapacity":300
	"hasLiquids":true,
	"updateEffect":"smeltsmoke",
	"consumes":{
		"power":8
	},
	"requirements":[
		{ "item":"copper","amount":180},
	    { "item":"lead","amount":220},
		{ "item":"metaglass","amount":150},
		{ "item":"致密金属块","amount":40}
	],
	"category":"production",
	"research":"water-extractor",
	"idleSound":"respawning",
	"idleSoundVolume": 0.6
}