{
	"type": "SolidPump",
	"pumpAmount":0.11,
	"result":"water",
	"health":80,
	"size":1,
	"rotatespeed":20,
	"hasPower":true,
	"liquidCapacity":30
	"hasLiquids":true,
	"updateEffect":"smeltsmoke",
	"consumes":{
		"power":1.65
	},
	"requirements":[
		{ "item":"copper","amount":60},
	    { "item":"lead","amount":40},
		{ "item":"metaglass","amount":20},
		{ "item":"graphite","amount":30}
	],
	"category":"production",
	"research":"water-extractor",
	"idleSound":"respawning",
	"idleSoundVolume": 0.6
}