{
	"type": "flying",
	"name": "扫荡者",
	"description": "向附近的地面敌人发射海量导弹，每颗导弹中包含大量矿渣溶液，对建筑造成毁灭性打击。",
			"immunities": [
		
		"自毁"
	],
	"speed": 1.5
	"drag":0.05,"accel":0.1,
	"rotateSpeed":1.15,
	"targetFlags":["battery","turret","core"],
	"ammoType":{
	"type":"PowerAmmoType",
	"totalPower":100},
	"ammoCapacity": 300,
	    "health": 10540,
	"hitSize":22, 
	"flying": true,
	"armor":22
	"engineOffset": 6,
	"engineSize": 3,
	"itemCapacity": 0,
		"weapons":[
		{	"name": "无",	
		"reload":4
        "x": 0,  "y": 0, 
        "rotate": true,
        "mirror":false,
        "rotateSpeed":28,
        "inaccuracy": 0
		"shootSound": "missile",
		"rotateSpeed": 0,//炮台转头速度
		"alternate": true,
		"ejectEffect":"casing1",
		"bullet":{
			"sprite":"missile",
			"splashDamageRadius":35,
	"splashDamage":5
	    "damage":2
	    "speed":3,
	    "buildingDamageMultiplier":5.0,
	    "weaveMag":2,
	"weaveScale":4,
	    "lifetime":50,
	    "weaveMag":8
	"weaveScale":8
	    "width":7,	 "height":10
	    "status":"融化",
	"statusDuration":240,
	"makeFire":true,
	"fragBullets": 8,
	"fragRandomSpread": 12,
			"fragBullet": {
				"type": "LiquidBulletType",
	"liquid": "矿渣",
	"speed": 2.34,
	"lifetime":6,
	"buildingDamageMultiplier":2.0,
	"knockback":0.3,
	"statusDuration":120,
	"status":"融化",
	"damage": 7.5
	"makeFire":true,
	"fragBullets": 8,
	"fragRandomSpread": 12,
			"fragBullet": {
				"type": "LiquidBulletType",
	"liquid": "矿渣",
	"speed": 2.34,
	"lifetime":2
	"buildingDamageMultiplier":2.0,
	"knockback":0.3,
	"statusDuration":120,
	"status":"融化",
	"damage": 1.5
	"makeFire":true,"fragBullets": 8,
	"fragRandomSpread": 12,
			"fragBullet": {
				"type": "LiquidBulletType",
	"liquid": "矿渣",
	"speed": 2.34,
	"lifetime":2
	"buildingDamageMultiplier":2.0,
	"knockback":0.3,
	"statusDuration":120,
	"status":"融化",
	"damage": 0.5
	"makeFire":true,
	"fragBullets": 8,
	"fragRandomSpread": 12,
			"fragBullet": {
				"type": "LiquidBulletType",
	"liquid": "矿渣",
	"speed": 2.34,
	"lifetime":2
	"knockback":0.3,
	"statusDuration":120,
	"status":"融化",
	"damage": 0.05
	"makeFire":true,
	"fragBullets": 8,
	"fragRandomSpread": 12,
			"fragBullet": {
				"type": "LiquidBulletType",
	"liquid": "矿渣",
	"speed": 2.34,
	"lifetime":2
	"knockback":0.3,
	"statusDuration":120,
	"status":"融化",
	"damage": 0
	"makeFire":true,}}}}}
			}
	}
	{	"name": "无",	
		"reload":4
        "x": 0,  "y": 0, 
        "rotate": true,
        "mirror":false,
        "rotateSpeed":28,
        "inaccuracy": 0
		"shootSound": "missile",
		"rotateSpeed": 0,//炮台转头速度
		"alternate": true,
		"ejectEffect":"casing1",
		"bullet":{
			"sprite":"missile",
			"splashDamageRadius":35,
	"splashDamage":5
	    "damage":2
	    "speed":3,
	    "buildingDamageMultiplier":5.0,
	    "weaveMag":2,
	"weaveScale":4,
	    "lifetime":50,
	    "weaveMag":8
	"weaveScale":4
	    "width":7,	 "height":10
	    "status":"融化",
	"statusDuration":240,
	"makeFire":true,
	"fragBullets": 8,
	"fragRandomSpread": 12,
			"fragBullet": {
				"type": "LiquidBulletType",
	"liquid": "矿渣",
	"speed": 2.34,
	"lifetime":6,
	"buildingDamageMultiplier":2.0,
	"knockback":0.3,
	"statusDuration":120,
	"status":"融化",
	"damage": 7.5
	"makeFire":true,
	"fragBullets": 8,
	"fragRandomSpread": 12,
			"fragBullet": {
				"type": "LiquidBulletType",
	"liquid": "矿渣",
	"speed": 2.34,
	"lifetime":2
	"buildingDamageMultiplier":2.0,
	"knockback":0.3,
	"statusDuration":120,
	"status":"融化",
	"damage": 1.5
	"makeFire":true,"fragBullets": 8,
	"fragRandomSpread": 12,
			"fragBullet": {
				"type": "LiquidBulletType",
	"liquid": "矿渣",
	"speed": 2.34,
	"lifetime":2
	"buildingDamageMultiplier":2.0,
	"knockback":0.3,
	"statusDuration":120,
	"status":"融化",
	"damage": 0.5
	"makeFire":true,
	"fragBullets": 8,
	"fragRandomSpread": 12,
			"fragBullet": {
				"type": "LiquidBulletType",
	"liquid": "矿渣",
	"speed": 2.34,
	"lifetime":2
	"knockback":0.3,
	"statusDuration":120,
	"status":"融化",
	"damage": 0.05
	"makeFire":true,
	"fragBullets": 8,
	"fragRandomSpread": 12,
			"fragBullet": {
				"type": "LiquidBulletType",
	"liquid": "矿渣",
	"speed": 2.34,
	"lifetime":2
	"knockback":0.3,
	"statusDuration":120,
	"status":"融化",
	"damage": 0
	"makeFire":true,}}}}}
			}}
			{	"name": "无",	
		"reload":4
        "x": 0,  "y": 0, 
        "rotate": true,
        "mirror":false,
        "rotateSpeed":28,
        "inaccuracy": 0
		"shootSound": "missile",
		"rotateSpeed": 0,//炮台转头速度
		"alternate": true,
		"ejectEffect":"casing1",
		"bullet":{
			"sprite":"missile",
			"splashDamageRadius":35,
	"splashDamage":5
	    "damage":2
	    "speed":3,
	    "buildingDamageMultiplier":5.0,
	    "weaveMag":2,
	"weaveScale":4,
	    "lifetime":50,
	    "weaveMag":8
	"weaveScale":12
	    "width":7,	 "height":10
	    "status":"融化",
	"statusDuration":240,
	"makeFire":true,
	"fragBullets": 8,
	"fragRandomSpread": 12,
			"fragBullet": {
				"type": "LiquidBulletType",
	"liquid": "矿渣",
	"speed": 2.34,
	"lifetime":6,
	"buildingDamageMultiplier":2.0,
	"knockback":0.3,
	"statusDuration":120,
	"status":"融化",
	"damage": 7.5
	"makeFire":true,
	"fragBullets": 8,
	"fragRandomSpread": 12,
			"fragBullet": {
				"type": "LiquidBulletType",
	"liquid": "矿渣",
	"speed": 2.34,
	"lifetime":2
	"buildingDamageMultiplier":2.0,
	"knockback":0.3,
	"statusDuration":120,
	"status":"融化",
	"damage": 1.5
	"makeFire":true,"fragBullets": 8,
	"fragRandomSpread": 12,
			"fragBullet": {
				"type": "LiquidBulletType",
	"liquid": "矿渣",
	"speed": 2.34,
	"lifetime":2
	"buildingDamageMultiplier":2.0,
	"knockback":0.3,
	"statusDuration":120,
	"status":"融化",
	"damage": 0.5
	"makeFire":true,
	"fragBullets": 8,
	"fragRandomSpread": 12,
			"fragBullet": {
				"type": "LiquidBulletType",
	"liquid": "矿渣",
	"speed": 2.34,
	"lifetime":2
	"knockback":0.3,
	"statusDuration":120,
	"status":"融化",
	"damage": 0.05
	"makeFire":true,
	"fragBullets": 8,
	"fragRandomSpread": 12,
			"fragBullet": {
				"type": "LiquidBulletType",
	"liquid": "矿渣",
	"speed": 2.34,
	"lifetime":2
	"knockback":0.3,
	"statusDuration":120,
	"status":"融化",
	"damage": 0
	"makeFire":true,}}}}}
			}
	}
		{	"name": "无",	
		"reload":360
        "x": 0,  "y": 0, 
        "rotate": true,
        "mirror":false,
        "rotateSpeed":28,
        "inaccuracy": 60
		"shootSound": "missile",
		"rotateSpeed": 0,//炮台转头速度
		"alternate": true,
		"shoot":{
			"shots":22
			"shotDelay":0
		},
		"ejectEffect":"casing1",
		"bullet":{
			"sprite":"missile",
			"splashDamageRadius":35,
	"splashDamage":22
	    "damage":3
	    "speed":3,
	    "buildingDamageMultiplier":5.0,
	    "weaveMag":2,
	"weaveScale":4,
	    "lifetime":50,
	    "width":7,	 "height":10
	    "status":"融化",
	"statusDuration":240,
	"makeFire":true,
	"fragBullets": 8,
	"fragRandomSpread": 12,
			"fragBullet": {
				"type": "LiquidBulletType",
	"liquid": "矿渣",
	"speed": 2.34,
	"lifetime":6,
	"buildingDamageMultiplier":2.0,
	"knockback":0.3,
	"statusDuration":120,
	"status":"融化",
	"damage": 7.5
	"makeFire":true,
	"fragBullets": 8,
	"fragRandomSpread": 12,
			"fragBullet": {
				"type": "LiquidBulletType",
	"liquid": "矿渣",
	"speed": 2.34,
	"lifetime":2
	"buildingDamageMultiplier":2.0,
	"knockback":0.3,
	"statusDuration":120,
	"status":"融化",
	"damage": 1.5
	"makeFire":true,"fragBullets": 8,
	"fragRandomSpread": 12,
			"fragBullet": {
				"type": "LiquidBulletType",
	"liquid": "矿渣",
	"speed": 2.34,
	"lifetime":2
	"buildingDamageMultiplier":2.0,
	"knockback":0.3,
	"statusDuration":120,
	"status":"融化",
	"damage": 0.5
	"makeFire":true,
	"fragBullets": 8,
	"fragRandomSpread": 12,
			"fragBullet": {
				"type": "LiquidBulletType",
	"liquid": "矿渣",
	"speed": 2.34,
	"lifetime":2
	"knockback":0.3,
	"statusDuration":120,
	"status":"融化",
	"damage": 0.05
	"makeFire":true,
	"fragBullets": 8,
	"fragRandomSpread": 12,
			"fragBullet": {
				"type": "LiquidBulletType",
	"liquid": "矿渣",
	"speed": 2.34,
	"lifetime":2
	"knockback":0.3,
	"statusDuration":120,
	"status":"融化",
	"damage": 0
	"makeFire":true,}}}}}
			}
	}
]
  //  "researchCostMultiplier": 0.2,
	//"details":"原宇宙已有，研究费用降低",
}
