{
     "type":"GenericSmelter",
     "name":"LZ板合成厂",
     "description":"将钍与塑钢混合压缩为LZ板",
     "outputItem": 
    { "item": "LZ板", "amount": 2},
	"size":3
	"hasPower": true,
	"hasLiquids": false,
	"hasItems": true,
	"craftTime": 100
	"updateEffect": "smeltsmoke",
	"consumes": {
		"power": 10
		"items":{
		"items":[
		{"item":"thorium","amount":1}
		{"item":"plastanium","amount":1}
		]
	}
}
        "requirements":[
		{ "item": "copper", "amount": 150 }
		{"item":"lead","amount":200}
		{"item":"plastanium","amount":25}
		{"item":"silicon","amount":25}
		{ "item": "神之遗骸", "amount": 50 }
	],
	"category": "crafting"
"idleSoundVolume":0.5
"research": "duo"
}
	