{
     "type":"GenericSmelter",
     "name":"再生铁车间",
     "description":"将虚无板与罐装净水混合为再生铁",
     "outputItem": 
    { "item": "再生铁", "amount": 2},
	"size":4
	"hasPower": true,
	"hasLiquids": false,
	"hasItems": true,
	"craftTime": 100
	"updateEffect": "smeltsmoke",
	"consumes": {
		"power": 2
		"items":{
		"items":[
		{"item":"融合铁","amount":1}
		{"item":"罐装净水","amount":1}
		]
	}
}
        "requirements":[
		{ "item": "copper", "amount": 150 }
		{"item":"lead","amount":200}
		{"item":"plastanium","amount":25}
		{"item":"silicon","amount":25}
		{ "item": "神之遗骸", "amount": 50 }
	],
	"category": "crafting"
"idleSoundVolume":0.5
"research": "duo"
}
	