{
"type": "BurstTurret",
	"name": "冰霜炮塔",
	"description": "消耗冰，发射使敌人减速的炮弹",
	"health":1000
	"size":2
	"heatcolor":"87CEFA",
	"shootEffect":"lancerLaserShoot"
	"smokeEffect":"shellEjectBig"
	"ammoUseEffect":"lancerLaserShootSmoke"
	"shootSound":"boom"
	"ammoPershot":2
	"range":100
	"reload":3
	"inaccuracy":1
	"shots":1
	"spread":10
	"recoil":1
	"cooldown":3
	"MaxAmmo":1
	"ammo":{
	"冰":{
	"lifetime":10
	"speed":10
	"damage":200
	"hitSize":1
	"drag":0
	"pierce":false
	"hitEffect":"shellEjectSmall"
	"despawnEffect":"shootPyraFlame"
	"hitsound":"boom"
	"status":"freezing"
	"statusDuration":600
}
}	
	"booster":true
	"optional":true
	"requirements": [
		{ "item": "copper", "amount": 100 
		}
		{ "item": "silicon", "amount": 50 }
		{ "item": "神之遗骸", "amount": 50 }
	],
	"category": "turret",
	"research": "duo"
 }