{
	"type": "chargeTurret",
	"name": "奥丁电子束发射器",
	"description": "蓄力一段时间连续输出电电流攻击敌人",
	"targetAir": true,
	"targetGround": true,
	"health": 4800,
	"size": 2,
	"shots":10
	"cooldown":100
	"inaccuracy":3,
	"chargeTime": 3,
    "chargeMaxDelay":1000,
    "chargeEffects": 3,
	"recoil": 0,
	"hasPower": true,
	"shootSound" : "激光-1",
	"shootEffect": "lancerLaserShoot",
    "smokeEffect": "lightningShoot",
    "chargeEffect": "lancerLaserCharge",
    "chargeBeginEffect": "lancerLaserChargeBegin",
	"powerUse": 5,
	"rotateSpeed": 5,
	"range": 150,
	"shootType": "arc"
	"requirements": [
		{ "item": "graphite", "amount": 50 },
		{ "item": "silicon", "amount": 100 }
		{ "item": "copper", "amount": 200 }
		{ "item": "lead", "amount": 200 }	
	],
		"category": "turret",//
	"research": "duo"//科技树前一项默认双管炮
}