{
     "type":"GenericSmelter",
     "name":"改良融合铁工厂",
     "description":"改良了技术后可以用矿渣代替原来的材料但是需求量极大",
     "outputItem": { "item": "融合铁", "amount":2},
	"size":4
	"hasPower": true,
	"hasLiquids": true
	"hasItems": true,
	"craftTime": 50
	"updateEffect": "smeltsmoke",
	"consumes": {
		"power": 10
        "liquid": {
           "liquid": "slag",
           "amount": 0.1
       }
	}
        "requirements":[
		{ "item": "metaglass", "amount": 200 },
		{ "item": "copper", "amount": 300 }
		{"item":"lead","amount":400}
		{"item":"plastanium","amount":25}
		{"item":"融合铁","amount":50}
	],
	"category": "crafting"
"idleSoundVolume":0.5
"research": "duo"
}
	