{
     "type":"GenericSmelter",
     "name":"欧米伽压缩铁工厂",
     "description":"将LZ板，巨浪合金，融合铁压缩成欧米伽压缩铁",
     "outputItem": { "item": "欧米伽压缩铁", "amount": 1},
	"size":3
	"hasPower": true,
	"hasLiquids": false,
	"hasItems": true,
	"craftTime": 20
	"updateEffect": "smeltsmoke",
	"consumes": {
		"power":40
		"items":{
		"items":[
		{"item":"LZ板","amount":2}
		{"item":"融合铁","amount":2}
		{ "item": "surge-alloy", "amount": 1 },
		]
	}
}
        "requirements": [
		{ "item": "metaglass", "amount": 200 },
		{ "item": "copper", "amount": 500}
		{"item":"lead","amount":400}
		{"item":"plastanium","amount":50}
		{"item":"thorium","amount":100}
		{"item":"silicon","amount":100}	
		{"item":"融合铁","amount":50}
		{ "item": "神之遗骸中合物", "amount": 150 }	
	],
	"category": "crafting"
"idleSoundVolume":0.5
"research": "duo"
}
	