{
	"type": "LaserTurret",
	"name": "波塞冬巨炮",
	"description": "射出一个半圆形的电磁场炮台",
	"targetAir": true,
	"targetGround": true,
	"health": 2500,
	"size": 4,
	"reload": 2
	"shots":50
	"inaccuracy":50
	"shootCone": 20,
	"shootType": "arc"
	"rotateSpeed": 2.2,
	"powerUse": 100.0,
	"range": 150.5,
	"shootShake": 3
	"firingMoveFract": 0.5
	"shootDuration":1
	"recoil": 50,
	"shootEffect": "shootBigSmoke2",
	 "backColor":"00ffff"
     "frontColor":"00ffff"
	"requirements": [
		{ "item": "surge-alloy", "amount": 325 },
		{ "item": "坚冰核心", "amount": 65 },
		{ "item": "神之遗骸", "amount": 200 },
		{ "item": "silicon", "amount": 300 }
		{ "item": "融合铁", "amount": 100 }
		{ "item": "LZ板", "amount": 150 }
	],
	"category": "turret"
	"research":"duo"
}