{ 
    "type":"LiquidTurret"
    "name":"浪涛炮"
    "description":"一种距离极远发射高压水柱进行攻击的炮"
    "shootEffect":"bubble"
    "smokeEffect":"freezing"
    "shootSound":"boom"
    "ammoPerShot":1
    "range":1000
    "health":900
    "reload":0
    "inaccauracy":300
    "shots":1
    "shotCone":1
    "spread":1
    "ammo":{
    "cryofluid":{
    "type":"LiquidBulletType"
    "damage":10
    "status":"freezing"
    "liquid":"cryofluid"
    "lifetime":300
    "speed":6
    }
    "water":{
    "type":"LiquidBulletType"
    "damage":10
    "status":"wet"
    "liquid":"water"
    "lifetime":300
    "speed":6
    }
    }
    "requirements": [
		{ "item": "冰", "amount": 250 },
		{ "item": "神之遗骸中合物", "amount": 150 }
		{ "item": "融合铁", "amount": 30 }
		{ "item": "LZ板", "amount": 50 }
		{ "item": "surge-alloy", "amount": 25 },
	],
    "research": "duo"
    "category":"turret"
    "size":2
    }
    