{
     "type":"Separator"
     "name":"神之血重组机"
     "description":"在神之血中重组各种材料，不包括其它mod产物"
     "health":200
     "size":2
     "results": [{"item":"plastanium","amount":3}
     {"item":"phase-fabric","amount":3}
     {"item":"metaglass","amount":3}
     {"item":"graphite","amount":3}
     {"item":"pyratite","amount":3}
     {"item":"silicon","amount":3}
     {"item":"surge-alloy","amount":3}
     {"item":"LZ板","amount":3}
     {"item":"融合铁","amount":3}
     {"item":"欧米伽压缩铁","amount":3}
     {"item":"blast-compound","amount":3}
     {"item":"压缩炸药","amount":3}
     {"item":"spore-pod","amount":3}]
     "consumes":{
     "power":10
     "liquid": {
           "liquid": "liquid-神之血",
           "amount": 2.0
       }
   }
   "requirements": [
		{ "item": "surge-alloy", "amount": 50 },
		{ "item": "神之遗骸中合物", "amount": 100 }
	    {"item":"silicon","amount":200}
	    {"item":"融合铁","amount":100}
	    {"item":"LZ板","amount":30}
	]
	"category":"crafting"
	"research":"duo"
}