{
"name": "虚空能压缩工厂",
"description": "制造虚空能",
"size": 2,
"health": 360,
"update": true,
"solid": true,
"hasItems": true,
"configurable": false,
"craftTime": 45
"consumes": {
 "power": 3.5,
"items": {
			"items": [
				{ "item": "融合铁", "amount": 3 },
				{ "item": "LZ板", "amount": 1 },
				{ "item": "thorium", "amount": 3 },
			]
},
		"liquid": {
			"liquid": "water",
			"amount": 0.135
		}
	},
  	"liquidCapacity": 24,
	"outputItem": { "item": "虚空能", "amount": 2 }
	"requirements": [
		{ "item": "融合铁", "amount": 80 },
		{ "item": "graphite", "amount": 60 }
        { "item": "metaglass", "amount": 45 },
		{ "item": "lead", "amount": 100 },
		{ "item": "坚冰核心", "amount": 55 },
		{ "item": "thorium", "amount": 65 }
	],
	"category": "crafting",
	"research": "duo",
	"idleSound": "respawning",
	"idleSoundVolume": 0.5
}
	
	