{
	"name": "裂变",
	"description": "数据洪流",
	"health": 1250,
	"size": 4,
	"shots": 1,
	"shotWidth": 3.75,
	"reload": 200,
	"range": 264,
	"ammoUseEffect": "shootBigSmoke2",
	"inaccuracy": 0,
	"rotatespeed": 5,
	"requirements": [
        { "item": "lead", "amount": 1000 }
		{ "item": "plastanium", "amount": 150 }
		{ "item": "graphite", "amount": 1750 }
		{ "item": "surge-alloy", "amount": 200 }
		{ "item": "融合铁", "amount": 60 }
		{ "item": "thorium", "amount": 180 }
	],
	"category": "turret",
	"research": "duo"
}