{
     "type":"ArtilleryTurret",
     "name":"巨浪连射炮", //名字
     "description":"子弹形式较多还可以防空简直万金油", //介绍
     "health":1000,//生命
     "size":2,//占地边长支持1~9对应贴图1x1=32x32像素.,//是否攻击空中true是,false否
     "targetGround":true
     "targetAir":true
     "rotatespeed":2 ,//旋转速度
     "cooldown":20,//冷却
     "recoil":2 ,//后坐力
     "restitution":2,//回复原位速度
     "shots":100 ,//一次打几发
     "inaccuracy":2 ,//误差
     "maxAmmo":20,//弹仓默认30
     "reload":20,//装弹时间比例60:1
     "range":150,//范围
     "ammo": {
		"blast-compound": {
       "splashDamageRadius":10,//溅射范围
	   "splashDamage":15,//范围伤害
	   "speed":3 ,//子弹飞行速度
		"damage":60 ,//伤害
		"hitSize":4 ,//碰撞箱默认4
		"reloadMultiplier":10 ,//装弹速率
		"recoil": 2, //额外后坐力
		"knockback":0.1 ,//被击中单位降速
		"lifetime":60,//子弹存在时间比例60:1
		"incendChance":100 ,//产生火焰概
		"ammoMultiplier":2//子弹乘数就是一个物品打几发
		}
		"pyratite": {
       "splashDamageRadius":10//溅射范围
	   "splashDamage":15//范围伤害
	   "speed":5 ,//子弹飞行速度
		"damage":55 ,//伤害
		"hitSize":3 ,//碰撞箱默认4
		"reloadMultiplier":5 ,//装弹速率
		"recoil": 2, //额外后坐力
		"knockback":0.1 ,//被击中单位降速
		"lifetime":60,//子弹存在时间比例60:1
		"incendChance":100 ,//产生火焰概率
		"ammoMultiplier":2 //子弹乘数就是一个物品打几发
  }//矿物名
        "metaglass":{
        "speed":5 ,//子弹飞行速度
		"damage":5 ,//伤害
		"hitSize":3 ,//碰撞箱默认4
		"reloadMultiplier":5 ,//装弹速率
		"recoil": 2, //额外后坐力
		"knockback":0.1 ,//被击中单位降速
		"lifetime":60,//子弹存在时间比例60:1
		"ammoMultiplier":20
		}
		"欧米伽压缩铁":{
        "speed":5 ,//子弹飞行速度
		"damage":100 ,//伤害
		"hitSize":3 ,//碰撞箱默认4
		"reloadMultiplier":50 ,//装弹速率
		"recoil": 2, //额外后坐力
		"knockback":0.1 ,//被击中单位降速
		"lifetime":1000,//子弹存在时间比例60:1
		"incendChance":100 ,//产生火焰概率
		"ammoMultiplier":1
		}
		"融合铁":{
        "speed":5 ,//子弹飞行速度
		"damage":30 ,//伤害
		"hitSize":3 ,//碰撞箱默认4
		"reloadMultiplier":1 ,//装弹速率
		"recoil": 2, //额外后坐力
		"knockback":0.1 ,//被击中单位降速
		"lifetime":60,//子弹存在时间比例60:1
		"ammoMultiplier":3
		}
		"冰":{
        "speed":5 ,//子弹飞行速度
		"damage":1 ,//伤害
		"hitSize":3 ,//碰撞箱默认4
		"reloadMultiplier":100 ,//装弹速率
		"recoil": 2, //额外后坐力
		"knockback":0.1 ,//被击中单位降速
		"lifetime":100,//子弹存在时间比例60:1
		"ammoMultiplier":100
		"backColor":"abdbff",
	"bulletShrink":0.6,
	"frontColor":"f0f8ff",
	"heatColor":"abdbff",
    "trailColor":"abdbff",
		}
		"copper":{
		"speed":3 ,//子弹飞行速度
		"damage":5 ,//伤害
		"hitSize":3 ,//碰撞箱默认4
		"reloadMultiplier":100 ,//装弹速率
		"recoil": 2, //额外后坐力
		"knockback":0.1 ,//被击中单位降速
		"lifetime":100,//子弹存在时间比例60:1
		"ammoMultiplier":1
		}   
}
       "requirements": [
		{ "item": "神之遗骸中合物", "amount": 100 },
		{ "item": "融合铁", "amount": 50 }
		{ "item": "欧米伽压缩铁", "amount": 20 }
		{ "item": "surge-alloy", "amount": 40 },
		{ "item": "copper", "amount": 400 },
		{ "item": "silicon", "amount": 45 },
	    {"item":"lead","amount":200}
	],
	"category": "turret",//
	"research": "duo"//科技树前一项默认双管炮
}
	