{
    "type": "ImpactReactor",
    "name": "原生遗骸发电机",
    "description": "利用遗骸的能量输出电力",
    "size": 5,
    "health": 5000,
   	"liquidCapacity":60 ,
    "hasLiquids": true,
   	"hasItems": true,
  	"itemCapacity": 10,
    "powerProduction": 270,
    "consumes": {
    "power": 50,
    "items": {
        "items": [ 
            { "amount": 5, "item": "神之遗骸" }
        ],
    },
    "liquid": {
        "liquid": "cryofluid",
        "amount": 0.25
    }
}
    "requirements": [
		{"item": "titanium", "amount": 300},
  {"item": "thorium", "amount": 200},
  {"item": "surge-alloy", "amount": 50},
  { "item": "LZ板", "amount": 50 }
  { "item": "神之遗骸中合物", "amount": 50 }
  { "item": "融合铁", "amount": 50 }
	],
	"category": "power",
	"research": "duo"
}