{
    "type":"LiquidTurret"
    "name":"扩散水炮"
    "description":"消耗大量水，发射一堆水束，伤害极高，装弹非常长有湿水效果"
    "size":2
    "shootEffect":"shellEjectBig"
    "ammoUseEffect":"missileTrail"
    "shootSound":"fire"
    "range":300
    "ammPerShot":1000
    "shots":50
    "reload":200
    "liquidCapacity":1000
    "ammo":{
    "water":{
             "ammoMultiplier":1
             "type":"LiquidBulletType"
             "damage":50
             "speed":5
             "pierce":true
             "hitEffect":"explosion"
             "hitSound":"boom"
             "status":"wet"
             "liquid":"water"
             }
     "cryofluid":{
    "type":"LiquidBulletType"
    "damage":40
    "status":"freezing"
    "liquid":"cryofluid"
    "speed":6
    }
    }
             "hasLiquid":true
             "booster":true
	"optional":true
     "requirements": [
		{ "item": "神之遗骸中合物", "amount": 150 },
		{ "item": "神之遗骸", "amount": 100 }
		{ "item": "融合铁", "amount": 50 }
		{ "item": "LZ板", "amount": 10 }
	],
	"category": "turret",
	"research": "duo"
	}
	
             
             
             