{
    "name":"boss"
    "description":""
	"damageMultiplier":2,
	//攻击力倍率（数值越大，攻击力越高）
	"healthMultiplier":4,
	//血量倍率（数值越大，血量最大上限越高）
	"speedMultiplier":1.2,
	//速度倍率（数值越大，移动越快）
	"reloadMultiplier":1.8,
	//射速倍率（数值越大，射速越快）
	"permanent":true,
	"damage":-0.25,
	//如果为ture
	//这个状态永远存在于此单位身上，除非单位死亡
	//如果为false 则没有永远存在的效果
	"reactive":false,
	//如果为true，则此效果将仅与其他效果反应无法应用
	"color":"9BFF5DFF",
	//效果数量（数值越大,效果越多越密集）
}