{
    "name":"攻I"
    "description":"  ”"
	"damageMultiplier":1.5,
	//攻击力倍率（数值越大，攻击力越高）
	"healthMultiplier":1,
	//血量倍率（数值越大，血量最大上限越高）
	"speedMultiplier":1,
	//速度倍率（数值越大，移动越快）
	"reloadMultiplier":1,
	//射速倍率（数值越大，射速越快）
	"damage":0,
	//每1/60秒扣血速度（负数为回血）
	"permanent":true,
	//如果为ture
	//这个状态永远存在于此单位身上，除非单位死亡
	//如果为false 则没有永远存在的效果
	"reactive":false,
	//如果为true，则此效果将仅与其他效果反应无法应用
	"color":"9BFF5DFF",
	//状态颜色
	"effect": {
	    "type":"WaveEffect"
	    "lifetime":15
	    "sizeFrom":0
	    "sizeTo":3
	    "colorFrom":"9BFF5DFF"
	    "colorTo":"9BFF5DFF"
		"region":"古代科技-棱",//贴图
	},
	"effectChance":0.18,
	//效果数量（数值越大,效果越多越密集）
}