{
    "name":"极冻"
    "description":"  ”。"
	"damageMultiplier":0.9,
	//攻击力倍率（数值越大，攻击力越高）
	"healthMultiplier":0.95,
	//血量倍率（数值越大，血量最大上限越高）
	"speedMultiplier":0.55,
	//速度倍率（数值越大，移动越快）
	"reloadMultiplier":0.8,
	//射速倍率（数值越大，射速越快）
	"damage":0.25,
	//每1/60秒扣血速度（负数为回血）
	"permanent":false,
	//如果为ture
	//这个状态永远存在于此单位身上，除非单位死亡
	//如果为false 则没有永远存在的效果
	"reactive":false,
	//如果为true，则此效果将仅与其他效果反应无法应用
	"color":"FFD37FFF",
	//状态颜色
	"effect": {
	    "type":"WaveEffect"
	    "lifetime":15
	    "sizeFrom":0
	    "sizeTo":3
	    "colorFrom":"FFD37FFF"
	    "colorTo":"FFD37FFF"
	},
	"effectChance":0.18,
	//效果数量（数值越大,效果越多越密集）
}