{
	"type": "GenericCrafter",//类型
	"category": "crafting",//菜单栏
	"description": "炼制硅晶玻璃",//介绍
	"name": "电冶窑炉",//名字

	"drawer":{"type":"DrawMulti",
	"drawers":["DrawDefault",
	"DrawFlame"]	}

	"research": {
	"parent": "fb-01蒸汽发电机"//科技树前置
	"requirements": [//研究花费
	"铁/120",
	"锡/120",
	]	},

	"requirements": [//建造消耗
	"铁/50",
	"锡/50",
	],

	"consumes": {"power": 3,
	"items": {
		"items": [
		  "铁/2"
		  "影沙/5"
		  "碳晶/2"
		]	}
	}

	"outputItems": [
	"硅晶玻璃/2",
	],

	"size": 3,
	"health": 1230,
	"itemCapacity": 40,
	"hasPower": true,
	"hasLiquids": false,
	"hasItems": true,
	"craftTime": 60,
	"updateEffect":"none",
	"idleSound": "respawning",
	"idleSoundVolume": 0.5
}