{
	"type": "GenericCrafter",
	"health": 900,
	"name": "钢熔炼炉",
	"description": "炼制钢",
	"drawer": {
		"type": "DrawMulti",
		"drawers": [
			"DrawDefault",
			{
				"type": "DrawFlame",
				"flameColor": "CCCCCCFF"
			}
		]
	},

	"outputItem": {
	"item": "钢", "amount": 1
	},
	"research": {
		"parent": "aa-01电冶窑炉",
		},
	"itemCapacity": 20,
	"size": 3,
	"hasPower": true,
	"hasLiquids": false,
	"hasItems": true,
	"craftTime": 45,
	"consumes": {
	"power": 4,
	"liquid": { "liquid": "water", "amount": 0.1 },
	"items": {
		"items": [
	{ "item": "铁", "amount": 2 },
	{ "item": "锡", "amount": 2}		]	}	},
	"requirements": [
	{ "item": "铁", "amount": 75 },
	{ "item": "硅晶玻璃", "amount": 30 },
	{ "item": "锡", "amount": 75 },
	],
	"ambientSound":"smelter",
	"category": "crafting"
}