{"name": "相织合成机",
"health": 1080,
	"type": "GenericCrafter",
	"size": 3,
	"itemCapacity": 30,
	"consumes": {
		"power": 6,
		"items": {
			"items": [
				"钍/4",
				"影沙/6",
				"碳晶/2"
			]
		}
	},
	"updateEffect": {
		"type": "WaveEffect",
		"sides": 6,
		"lifetime": 60,
		"sizeFrom": 0,
		"sizeTo": 9,
		"strokeFrom": 2,
		"strokeTo": 0,
		"rotation": 90,
		"colorFrom": "FFF1D2",
		"colorTo": "FFD197"
	},
	"craftTime": 120,
	"outputItem": "裂位物/4",
	"requirements": [
		"钍/75",
		"钢/225",
		"硅晶玻璃/225",
	],
	"drawer": {
		"type": "DrawMulti",
		"drawers": [
			{
				"type": "DrawRegion",
				"suffix": "-bottom"
			},
			"DrawWeave",
			"DrawDefault",
			{
				"type": "DrawPulseShape",
				"color": "FFD59E",
				"stroke": 1,
				"timeScl": 120,
				"minStroke": 0,
				"layer": 110,
				"square": false
			}
		]
	},
	"ambientSound": "techloop",
	"ambientSoundVolume": 0.05,
	"category": "crafting",
	"research": "ac-01高压冲铸炉"
}