{
	"type": "GenericCrafter",
	"health": 1980,
	"name": "合金冶炼炉",
	"description": "炼制合金",
	"drawer": {
		"type": "DrawMulti",
		"drawers": [
			"DrawDefault",
			{
				"type": "DrawFlame",
				"flameColor": "CCCCCCFF"
			}
		]
	},

	"outputItem": {
	"item": "阴影合金", "amount": 1
	},
	"research": {
		"parent": "ac-01高压冲铸炉",
		},
	"itemCapacity": 30,
	"size": 4,
	"hasPower": true,
	"hasLiquids": false,
	"hasItems": true,
	"craftTime": 45,
	"consumes": {
	"power": 6,
	"liquid": { "liquid": "影液", "amount": 0.5 },
	"items": {
		"items": [
		"钢/3"
		"硅晶玻璃/3"
		"钨/4"
		]	}	},
	"requirements": [
	{ "item": "钢", "amount": 325 },
	{ "item": "硅晶玻璃", "amount": 435 },
	{ "item": "铝", "amount": 240 },
	{ "item": "钍", "amount": 180 },
	],
	"ambientSound":"smelter",
	"category": "crafting"
}