{
	"type": "ItemTurret",
	"name": "爆竹",
	"description": "爆竹声中t5除，弹风送暖如屠肃",
	"details": "[red]也被称为BOSS杀器",
	"health": 1145,
	"size": 5,
	"reload":10,
	"inaccuracy":30,
	"consumes": {
        "coolant": {
            "amount": 10,
            "optional": true
        }
    },
	"range": 4180,
    "maxAmmo":36,
    		"shootSound":"ohno",
	"recoil": 2,
	"shoot":{
	    "shots":18,
	    "shotDelay":3,
        "type":"ShootBarrel",
        "barrels":[
           0,10,0,
           -4,10,0,
           4,10,0,
            -8,10,0,
           8,10,0,
           -10,10,0,
           10,10,0,
          ]
	},
	"ammoPerShot":1,
	"shootY":0,
	"ammoUseEffect": "none",
	"targetGround":true,
	"targetAir":true,
	"minRange":80,
    "liquidCapacity": 1200,
  //  "inaccuracy": 2,
	"shootCone":30,
	"shake":3,
	"rotateSpeed":1,
	"velocityRnd": "0.15",
	"ammoTypes": {
	
	"ohno物":{
	"splashDamageRadius":20,
	"splashDamage":1145,
	"damage":3600,
    "explodeRange":500,
    "speed":20,
    "lifetime":200,
    "speed": 21,
    "pierce": true,
    "pierceArmor":true,
    "pierceCap": 1145,
    "sprite":"ohno科技-336",
    "backColor":"B0C4DE",
    "frontColor":"E3E3E3", 
    "trailEffect":"smoke",
	"width": 10,"height": 80, 
	"keepVelocity":false,
    "hitShake": 1,
    "smokeEffect":"shootSmallFlame",
    "hitEffect":"flakExplosionBig"
	}, 
    },
	"requirements": [
		{ "item": "ohno物", "amount": 1000}
				{ "item": "copper", "amount": 150  },
		{ "item": "lead", "amount": 200 },	
		{ "item": "titanium", "amount": 150  },
		{ "item": "silicon", "amount": 200  },
		{ "item": "thorium", "amount": 250  },
	],
	"category": "turret",
	"research": "ohno物"
	"drawer":{"type":"DrawMulti",
"drawers":[{"type":"DrawTurret",
"parts":[
               {"type":"RegionPart",
    "mirror":false,
    "x":2,"y":0,
    "suffix":"-f",
    "layer":49.9,
    "moveX":3,
    "moveY":0
    	"under": true
    	},
    	      {"type":"RegionPart",
    "mirror":false,
    "x":-2,"y":0,
    "suffix":"-e",
    "layer":49.9,
    "moveX":-3,
    "moveY":0
    	"under": true
    	},
    ]}]},
}