{
  "name": "矿渣扩散塔",
  "description": "ohno.",
  "size": 3,
  "shoot": {
    "type": "ShootSpread",
    "shots": 10,
    "spread": 1
  },
  "range": 250,
  "reload": 1,
  "shootSound": "pew",
  "shootCone": 360,
    "shootX": 0,
    "shootY": 0,
  "shootEffect": {
    "type": "ParticleEffect",
    "colorFrom": "ffad00",
    "colorTo": "ffbb08",
    "cone": 360,
    "lifetime": 50
  },
  "shoot": {
    "type": "ShootSpread",
    "shots": 100,
    "spread": 5
  },
  "ammoTypes": {
    "slag": {
      "type": "LiquidBulletType",
      "damage": 5,
      "lifetime": 60,
      "knockback": 0,
      "liquid": "slag"
    }
  },
  "rotateSpeed": 200,
  "targetAir": true,
  "targetGround": true,
  "recoil": 0,
  "requirements": [
    {
      "item": "copper",
      "amount": 50
    },
    {
      "item": "graphite",
      "amount": 20
    },
    {
      "item": "metaglass",
      "amount": 15
    }
  ],
  "category": "turret",
  "type": "LiquidTurret",
  "health": 200,
  "research": "coppet"
}
