{
	"name": "ohno投影",
	"description": "超级加速！！！",//介绍
	"type": "OverdriveProjector"
	"health": 114514,//生命
	"size": 2,//占地边长支持1~9对应贴图1x1=32x32像素.
	"range": 200,//范围
	"speedBoostPhase": 0.5,//加速加成
	"useTime": 360//使用一个物品加成时间
	"phaseRangeBoost": 114,// 加速范围百分比
	"speedBoost": 6,//加成倍率格式1.0
	"consumes": {
		"power": 4.7,//工作能量消耗,比例1:60
        "items":{
			"items":[
				{"item":"ohno物","amount":1}
			]
			"booster":true
			"optional": true
		}
	},
	"requirements": [
		{ "item": "ohno物", "amount":2 }
		{ "item": "核射物plus", "amount":1}
	]
	"category": "effect",
	"research":"ohno厂"
}