{
	"type": "Reconstructor",
	"name": "ohnoT2工厂",
	"description": "从T1升到T2",
    "health":380,
	"size":3,
		"buildCostMultiplier":0.75
			"consumes":{
				"power":2.8
	"items": {	
	"items": [
		{ "item": "ohno物", "amount":2 },
		]
		}
		},
	"upgrades":[
		["t1ohno","t2ohno"],
		["ohni","ohni2"],
		
    ],
	"constructTime":600,
	"requirements": [{ "item": "copper", "amount":1 },
		{ "item": "copper", "amount":2 },],
	"category":"units",
	"buildVisibility":"shown",
	"research":"ohno构建厂"
}