{

	"type":"ItemTurret",
	"name":"ohno火焰",
    "description":"火焰plus版",
	"size":1,//物品面积
	"health":410,//建筑血量
	"ammoPerShot":1,
	"range":730,//攻击范围
	"reload":0.3,//60：0.1每秒一个
		"recoil":0,//后坐力,
	"inaccuracy":0,//误差
	                  "ammoPerShot":1,
	                      "consumes": {
        "coolant": {
            "amount": 0.1,
            "optional": true
        }
    },
	"rotateSpeed":10,//旋转速度
	"maxAmmo":20,//最大弹药
	"targetAir":true//攻击天空
	"targetGround":true,//攻击地面
	"coolantMultiplier":2,
	

	
	"heatColor":"#0067FF",
			"shootSound":"flame",
	"ammoTypes":{
	
					"coal": {
						"type":"BulletType",
		    "reloadMultiplier":1,
			"speed": 67,
			"status":"burning",
	    "statusDuration":240,
			"lifetime":15,

			            "pierce": true,
			                        "hittable": false,
            "keepVelocity": false,
					"ammoMultiplier":3,
			"shootEffect": "shootBig" 	
						"damage": 320,
			            "shootEffect": {
                "type": "MultiEffect",
                "effects": [
                    {
                        "type": "ParticleEffect",
                        "particles": 60,
                        "sizeTo": 0,
                        "sizeFrom": 3,
                        "colorTo": "1B6EDB",
                        "colorFrom": "55E1FF",
                        
                        "cone": 5,
                        
                    "length": 730,
                    
                        "lifetime": 30,
                        "layer": 101,
                        "interp": "circleOut",
                        "sizeInterp": "pow2In"
                    },
                    
                                     {
                        "type": "ParticleEffect",
                        "particles": 18,
                        "sizeTo": 1,
                        "sizeFrom": 3,
                        
                        "colorTo": "1F5B6C",
                        
                        "colorFrom": "1B62DB",
                       
                       
                        "cone": 15,
                        "length": 730,
                        "lifetime": 30,
                        "layer": 100,
                        "interp": "circleOut",
                    }   
                    
                    
                ]
            },
			
		            "despawnEffect": "none",
            "hitEffect": "hitFlameSmall"
				    	},
	},
	"requirements": [
		{ "item": "copper", "amount":1 },
	],
	"category": "turret",
	"research":"ohno物"
	

}