{
	"type": "Reconstructor",
	"name": "ohnoT3工厂",
	"description": "从T2升到T3",
    "health":380,
	"size":5,
		"buildCostMultiplier":1.5
			"consumes":{
				"power":2.8
	"items": {	
	"items": [
		{ "item": "ohno物", "amount":3 },
		]
		}
		},
	"upgrades":[
		["t2ohno","t3ohno"],
		["ohni2","ohni3"],
    ],
	"constructTime":600,
	"requirements": [{ "item": "copper", "amount":1 },
		{ "item": "copper", "amount":2 },],
	"category":"units",
	"buildVisibility":"shown",
	"research":"ohnoT2工厂"
}