{
	"type": "UnitFactory",
	"name": "修复机厂",
	"description": "首",
    "health":380,
	"size":3,
	"consumes":{
		"power":1.7
	},
	"plans":[
   			{ "unit": "修复机", "time": 1200,
	"requirements": [
				{"item": "ohno物", "amount": 10}
				{"item": "silicon", "amount": 10}
    ]},
    ],
	"requirements": [
		{ "item": "copper", "amount":50 },
		{ "item": "ohno物", "amount":10 },
		],
	"category":"units",
	"buildVisibility":"shown",
	"research":"ohno物"
	"alwaysUnlocked": true,
}