{
	"type": "GenericCrafter",
	"name": "大型ohno厂",
	"description": "大型ohno工厂",
	"health":650,
	"itemCapacity":20,
	"outputItem": {"item": "ohno物","amount":20 },
	"size":3,
	"hasPower": true,
	"hasItems": true,
	"craftTime":60,
	"consumes": {
		"power":1,
		"items": {
			"items": [
				{ "item": "copper", "amount":1},
			]
		}
	},
	"requirements": [
		{ "item": "copper", "amount":2 },
	],
				"drawer":{
        "type":"DrawMulti",
        "drawers":[
            "DrawDefault",
            "DrawFlame"
            ]
    },
	"category": "crafting",
	"research": "ohno厂",
	"idleSound": "respawning",
	"idleSoundVolume": 0.2
}
