{
	"type": "GenericCrafter",
	"name": "钍厂",
	"description": "ohno工厂",
	"health":250,
	"itemCapacity":20,
	"outputItem": {"item": "thorium","amount":10 },
	"size":2,
	"hasPower": false,
	"hasItems": true,
	"craftTime":60,
	"consumes": {
		"power":1,
		"items": {
			"items": [
				{ "item": "ohno物", "amount":1},
			]
		}
	},
	"requirements": [
		{ "item": "ohno物", "amount":1 },
	],
				"drawer":{
        "type":"DrawMulti",
        "drawers":[
            "DrawDefault",
            "DrawFlame"
            ]
    },
	"category": "crafting",
	"research": "copper",
	"idleSound": "respawning",
	"idleSoundVolume": 0.2
}
