{
	"name":"大型废料墙",
	"description":"保护己方建筑，挡下敌方炮弹",
	"details":"难绷，怎么还加血量的"
	"health":1900,
	"size":3,
	"armor":0,
	"group":"walls"
	"placeableLiquid":false,//可放在液体池上，接口可通用于物流之类
	"insulated":true,//阻挡电力节点自动连接（存疑
	"absorbLasers":false,//吸收激光
	"deflect" :false,//反弹子弹
	"chanceDeflect":0,//反弹概率
	"lightningChance":0,//反弹闪电
	"lightningDamage":0,	//闪电伤害
	"lightningLength":0,//闪电长度
	"lightningLengthRand":0,//未知
	"requirements": [
	"废料/54"
	],
	"category": "defense",
			"research": {
		"parent": "中型废料墙",
		"requirements":[
		"废料/900",
		]
		"objectives": [
	{
		"type": "SectorComplete",
		"preset": "废墟古城"
	}
	]
	}
}
