{
	"type": "ItemTurret",
	"name": "叕管",
	"health": 500,//生命
	"size": 1,//大小
	"reload": 30,//发射速度
	"range": 300,//范围
	"ammoPerShot": 2,
	"maxAmmo":20,//最大弹药量
	"consumes": {
		"coolant": {
			"amount": 0.1,
			"optional": true
		}
	},
	"shoot": {
		"shots": 1,
		"shotDelay": 0,
		"type": "ShootBarrel",
		"barrels": [
		    2,-1,0,
			-2,-1,0,
		]
	},
	"ammoUseEffect": "casing1",//子弹退膛
	"inaccuracy": 2,
	"rotateSpeed": 5,//旋转速度
	"shake": 1,//画面震动
	"ammoTypes": {
		"copper": {
			"speed": 8,
			"damage": 19,
			"lifetime": 38,
			"width": 6,
			"height": 8,
			"ammoMultiplier": 1,
			"shootEffect": "shootSmall"
		},
		"silicon": {
			"speed": 8,
			"damage": 21,
			"reloadMultiplier": 1.6,
			"lifetime": 40,
			"width": 6,
			"height": 8,
			"shootEffect": "shootSmall",
			"homingRange": 40,
			"homingPower": 0.03,
			"ammoMultiplier": 3
		}
		"graphite": {
			"speed": 8,
			"damage": 30,
			"reloadMultiplier": 0.8,
			"lifetime": 38,
			"width": 8,
			"height": 10,
			"shootEffect": "shootSmall",
			"ammoMultiplier": 2
		}
		}
	"researchCostMultiplier": 0.5,
	"requirements": [
		{"item": "copper",
		"amount": 35},
		{"item": "lead",
		"amount": 25}
	],
	"category": "turret",
	"research": "duo"
}