{
	"type":"ItemTurret",
	"name":"雹灾",
    "description":"远程炮塔，攻击远处敌人",
	"size":1,//物品面积
	"health":510,//建筑血量
	"ammoPerShot":1,
	"range":400,//攻击范围
	"reload":70,//60：0.1每秒一个
	"inaccuracy":0,//误差
	"ammoPerShot":1,
	"ammoUseEffect": "casing2",
	"consumes": {
        "coolant": {
            "amount": 0.1,
            "optional": true
        }
    },
	"rotatespeed":1,//旋转速度
	"maxAmmo":10,//最大弹药
	"targetAir":false//攻击天空
	"targetGround":true,//攻击地面
	"coolantMultiplier":2,
	"heatColor":"#FF0000",
	"shootSound":"bang",
	"ammoTypes":{
		    "graphite": {
			"type":"ArtilleryBulletType",
		    "reloadMultiplier":0.8,
			"speed": 4,
			"knockback":1,
			"lifetime":120,
			"width": 10,
			"height": 16,
			"ammoMultiplier":2,
			"shootEffect": "shootBig" 	
			"splashDamageRadius":20,
	        "splashDamage":33,
	        "fragBullets":5,
            "fragBullet":{
            "type":"ArtilleryBulletType",
			"speed": 1,
			"lifetime":60,
			"width": 8,
			"height": 13,
			"splashDamageRadius":20,
	        "splashDamage":10,
            }
	        }
	    	"silicon": {
			"type":"ArtilleryBulletType",
		    "reloadMultiplier":1.2,
			"speed": 4,
			"knockback":1,
			"lifetime":120,
			"width": 8,
			"homingPower":0.03,
	      	"homingRange":40,	   
			"height": 13,
			"ammoMultiplier":3,
			"shootEffect": "shootBig"
		    "splashDamageRadius":20,
	        "splashDamage":33,
	        "fragBullets":5,
            "fragBullet":{
            "type":"ArtilleryBulletType",
			"speed": 1,
			"lifetime":60,
			"width": 8,
			"height": 13,
			"splashDamageRadius":20,
	        "splashDamage":10,
            }
	        },
	    	"pyratite": {
			"type":"ArtilleryBulletType",
		    "reloadMultiplier":1,
			"speed": 4,
			"knockback":1,
			"lifetime":120,
			"width": 8,
			"height": 13,
			"ammoMultiplier":4,
			"shootEffect": "shootBig" 	
		    "status":"burning",
	        "statusDuration":780,
	  	    "homingRange":40,
	  	    "ammoMultiplier":2,
			"splashDamageRadius":20,
	        "splashDamage":45,
	        "fragBullets":5,
            "fragBullet":{
            "type":"ArtilleryBulletType",
			"speed": 1,
			"lifetime":60,
			"width": 8,
			"height": 13,
			"splashDamageRadius":20,
	        "splashDamage":10,
            }
	        },
            "blast-compound": {
			"type":"ArtilleryBulletType",
		    "reloadMultiplier":1,
			"speed": 4,
			"knockback":1,
			"lifetime":120,
			"width": 8,
			"height": 13,
			"ammoMultiplier":4,
			"shootEffect": "shootBig" 	
		    "status":"blasted",
	        "statusDuration":280,
	  	    "homingRange":40,
	  	    "ammoMultiplier":2,
			"splashDamageRadius":40,
	        "splashDamage":45,
	        "fragBullets":5,
            "fragBullet":{
            "type":"ArtilleryBulletType",
			"speed": 1,
			"lifetime":60,
			"width": 8,
			"height": 13,
			"splashDamageRadius":20,
	        "splashDamage":10,
            }
	        },
	        },
	"requirements": [
		{ "item": "copper", "amount":100 },
		"graphite/60"
		"lead/50"
	],
	"category": "turret",
	"research":"hail"
	
}