{
	"type": "LiquidTurret",
	"name": "浪水",
	"description": "向敌人喷射液体流，使用水作弹药时能够自动灭火",
	"health": 1000,
	"size": 2,
	"reload":5,
	"recoil":0,//后坐力,
	"range":180,
	"recoilTime":10,
	"targetGround":true,
	"targetAir":true,
	"inaccuracy": 6,//误差
	"rotateSpeed": 9,
	"velocityRnd": "0.1",
	"liquidCapacity": 40,
	"ammoTypes": {
    "water":{
    "type": "LiquidBulletType",
    "liquid": "water",
    "lifetime":30,
    "speed":5,
    "puddleSize":6,
    "orbSize":3,
    "knockback":1.7,
    "statusDuration":240,
	"status":"wet",	
	"damage": 0.2
    },   
    "oil":{
    "type": "LiquidBulletType",
    "liquid": "oil",
    "lifetime":40,
    "speed":5,
    "puddleSize":6,
    "orbSize":3,
    "knockback":1.3,
    "statusDuration":240,
	"status":"tarred",	
    "incendAmount": 1,
    "incendSpread": 1,
    "incendChance": 1
    	"damage": 0.2
    },
    "slag":{
    "type": "LiquidBulletType",
    "liquid": "slag",
    "lifetime":40,
    "speed":5,
    "puddleSize":6,
    "orbSize":3,
    "knockback":1.3,
    "statusDuration":240,
	"status":"melting",	
		"damage": 4.75
    },
    "cryofluid":{
    "type": "LiquidBulletType",
    "liquid": "cryofluid",
    "lifetime":40,
    "speed":5,
    "puddleSize":6,
    "orbSize":3,
    "knockback":1.3,
    "statusDuration":240,
	"status":"freezing",	 
		"damage": 0.2
    }
},
	"requirements": [
    "lead/200"
	{ "item": "metaglass", "amount": 100 },
	"thorium/80"
	"graphite/100"

	],
	"category": "turret",
	"research": "wave"
	}