{

	"type":"PowerTurret",
	"name":"瑟缩",
    "description":"向地面敌人发射电弧",
	"size":2,//物品面积
	"health":900,//建筑血量
	"range":225,//攻击范围
	"reload":110,//60：0.1每秒一个
	"recoil":2,//后坐力,
	"inaccuracy":0,//误差
	"recoilTime": 40,//归位时间
	"cooldownTime": 100,//冷却时间
	"minWarmup": 0.90,//展开到百分之多少的时候开始射击
	"consumes": {
        "power": 16,
        "coolant": {
            "amount": 0.2,
            "optional": true
        }
    },
	"rotateSpeed":3,//旋转速度
	"targetAir":false//攻击天空
	"targetGround":true,//攻击地面
	"coolantMultiplier":2,
	"heatColor":"#FF0000",
	"shootSound":"laser",
		"shoot": {
		"shots": 3,
		"shotDelay": 0,
		"type": "ShootBarrel",
		"barrels": [
		    0,0,8,
		    0,0,0,
			0,0,-8,
		]
	},
	"shootType": {
		"type": "LaserBulletType",
		"damage": 140,
		"length": 230,
		"lifetime": 21,
		"pierceCap":1,
		"shootEffect": {
			"type": "ParticleEffect",
			"line": true,
			"particles": 12,
			"lifetime": 20,
			"length": 45,
			"cone": 30,
			"lenFrom": 6,
			"lenTo": 6,
			"strokeFrom": 3,
			"strokeTo": 0,
			"interp": "fastSlow",
			//"lightColor": "FF5845",
		//	"colorFrom": "FFDCD8",
		//	"colorTo": "FF5845"
		},
		"hitSize": 4,
		"drawSize": 400,
		"ammoMultiplier": 1,
		"statusDuration": 30,
		"hitEffect": {
			"type": "ParticleEffect",
			"line": true,
			"particles": 10,
			"lifetime": 20,
			"length": 75,
			"cone": -360,
			"lenFrom": 6,
			"lenTo": 6,
			"strokeFrom": 3,
			"strokeTo": 0,
			//"lightColor": "FF5845",
			//"colorFrom": "FFDCD8",
		//	"colorTo": "FF5845"
		},
		"despawnEffect": "none"
	},
    "shootEffect":{"type": "ParticleEffect",
    "particles": 4,
    "length":45,
    "baseLength": 0,
    "lifetime": 13,
    "line": true,
    "lenFrom":8,
    "lenTo":18,
    "strokeFrom": 2,
    "strokeTo": 0,
    "cone": 20},
	"requirements": [
		{ "item": "copper", "amount":80 },
		"lead/100"
		"titanium/40"
		"silicon/70"
	],
	"category": "turret",
	"research":"lancer"
}