{
    "type": "ItemTurret",
    "name": "齐聚",
    "description": "大管齐射，稍微有误差",
    "health": 700,
    "size": 2,
    "reload": 32,
    "range": 310,
    "maxAmmo": 30,
    "restitution": 0.05,
    "recoil": 1,
    "consumes": {
        "coolant": {
            "amount": 0.1,
            "optional": true
        }
    },
    "shoot": {
        "shots": 6,
        "shotDelay": 3
    },
    "shake": 1.1,
    "liquidCapacity": 30,
    "ammoUseEffect": "casing2",
    "shootSound":"shootBig",
    "targetGround": true,
    "targetAir": true,
    "inaccuracy": 1,
    "rotateSpeed": 5,
    "ammoTypes": {
    	"thorium": {
		    "pierceCap":1,
		    "reloadMultiplier":0.8,
			"speed": 5,
			"damage": 30,
			"knockback":0.1,
			"lifetime":60,
			"width": 8,
			"height":10,
			"ammoMultiplier":5,
			"shootEffect": "shootBig" 		
			},
			"copper": {
		    "reloadMultiplier":1,
			"speed": 7.5,
			"damage": 12,
			"lifetime":60,
			"width": 8,
			"height":10,
			"shootEffect": "shootBig" 		
			},
				"graphite": {
		    "reloadMultiplier":1,
			"speed": 7.5,
			"damage": 23,
			"lifetime":60,
			"width": 8,
			"height":10,
			"ammoMultiplier":4,
			"shootEffect": "shootBig" 		
			},
			"silicon": {
		    "reloadMultiplier":1.2,
			"speed": 7.5,
			"damage": 18,
			"knockback":0.2,
			"lifetime":60,
			"width": 8,
			"height":10,
			"ammoMultiplier":5,
			"shootEffect": "shootBig" 	
			"homingPower":0.03,
	       	"homingRange":40,	   	
	  	},
	  		"pyratite": {
		    "reloadMultiplier":1,
			"speed": 5,
			"damage": 18,
			"lifetime":60,
			"width": 8,
			"height":10,
			"ammoMultiplier":5,
			"shootEffect": "shootBig" 	
			"status":"burning",
	       "statusDuration":360,	
	       },
    },
    "requirements": [
           {
            "item": "lead",
            "amount": 60
        },
                {
            "item": "graphite",
            "amount": 50
        },
                {
            "item": "titanium",
            "amount": 90
        },
                {
            "item": "copper",
            "amount": 100
        },
    ],
    "alwaysReplace": false,
    "category": "turret",
    "research": "salvo"
}