{
	"type":"ItemTurret",
	"name":"雷明",
    "description":"近距离炮塔\n向敌人发射三发近距离穿透性激光子弹",
	"size":3,//物品面积
	"health":1590,//建筑血量
	"ammoPerShot":2,
	"range":200,//攻击范围
	"recoil":4,//后坐力,
	"reload":30,//60：0.1每秒一个
	"inaccuracy":0,//误差
	"ammoPerShot":2,
		"shoot": {
		"type": "ShootSpread",
		"shots": 5,
		"spread": 15
	    },
	"consumes": {
        "coolant": {
            "amount": 0.75,
            "optional": true
        }
    },
	"rotatespeed":2,//旋转速度
	"maxAmmo":20,//最大弹药
	"targetAir":true//攻击天空
	"targetGround":true,//攻击地面
	"coolantMultiplier":2,
	"heatColor":"#FF0000",
	"shootSound":"shotgun",
	"ammoTypes":{
	 "thorium": {
     "type":"ShrapnelBulletType"
     "damage": 110
     "length":220
	 "reloadMultiplier":0.8
     "toColor": "CB8EBFFF",
     "shootEffect": "thoriumShoot",
     "smokeEffect": "thoriumShoot"
     "ammoMultiplier": 5
}
     "titanium": {
	 "type":"ShrapnelBulletType"
     "damage": 75
     "length":200
	 "reloadMultiplier":1
	 "fromColor":"9DB2FAFF"
     "ammoMultiplier": 4
}
     "火药": {
	 "type":"ShrapnelBulletType"
     "damage": 10
     "length":320
	 "reloadMultiplier":1
	 "fromColor":"FF9000FF"
     "ammoMultiplier": 4
     "status":"burning",//属性:燃烧
	 "statusDuration":600,//属性时间:240(60为1秒)
}
}
	    
	"requirements": [
		"graphite/205"
		"thorium/220"
		"copper/100"
		"lead/20"
	],
	"category": "turret",
	"research":"fuse"
	
}