{
	"type":"ItemTurret",
	"name":"冰涌",
    "description":"远程炮塔，发射密集的抛射子弹打敌人",
	"size":3,//物品面积
	"health":1280,//建筑血量
	"ammoPerShot":2,
	"recoil":4,//后坐力,
	"recoilTime": 50,
	"velocityRnd": 0.4,//散射
	"range":400,//攻击范围
	"reload":60,//60：0.1每秒一个
	"inaccuracy":10,//误差
	"ammoPerShot":3,
	"ammoUseEffect": "casing3",
	"consumes": {
        "coolant": {
            "amount": 0.5,
            "optional": true
        }
    },
        "shoot": {
        "shots": 23
    },
	"rotateSpeed":1.6,//旋转速度
	"maxAmmo":20,//最大弹药
	"targetAir":false//攻击天空
	"targetGround":true,//攻击地面
	"coolantMultiplier":2,
	"heatColor":"#FF0000",
	"shootSound":"artillery",
	"ammoTypes":{
			"graphite": {
			"type":"ArtilleryBulletType",
		    "reloadMultiplier":1,
			"speed": 3,
			"knockback":0.8,
			"lifetime":100,
			"width": 9,
			"height": 15,
			"ammoMultiplier":2,
			"shootEffect": "shootBig" 	 
			"splashDamageRadius":20,
	        "splashDamage":33,	},
	    	"silicon": {
			"type":"ArtilleryBulletType",
		    "reloadMultiplier":1,
			"speed": 3,
			"knockback":0.8,
			"lifetime":100,
			"width": 9,
			"homingPower":0.03,
	     	"homingRange":40,	   
			"height": 15,
			"ammoMultiplier":3,
			"shootEffect": "shootBig" 	
			"splashDamageRadius":20,
	        "splashDamage":33,	
	        },
	    	"pyratite": {
			"type":"ArtilleryBulletType",
		    "reloadMultiplier":1,
			"speed": 3,
			"knockback":0.8,
			"lifetime":100,
			"width": 9,
			"height": 15,
			"shootEffect": "shootBig" 	
	     	"status":"burning",
	        "statusDuration":720,
	      	"homingRange":40,	   //追踪
	      	"ammoMultiplier":4,
			"splashDamageRadius":20,
	        "splashDamage":45,	
	        },
	        "plastanium": {
			"type":"ArtilleryBulletType",
		    "reloadMultiplier":1,
			"speed": 3,
			"knockback":1,
			"lifetime":100,
			"width": 9,
			"height": 15,
			"shootEffect": "shootBig" 	
	  	    "homingRange":40,	   
	  	    "ammoMultiplier":2,
			"splashDamageRadius":26,
	        "splashDamage":45,	
	        "backColor":"9CB664FF"
            "frontColor":"CBD97FFF"
            "hitColor":"9CB664FF"
	        "fragBullets": 10,
            "fragBullet": {
                "speed": 0.4,
                "damage": 10,
                "lifetime": 15
            },},
	      	"blast-compound": {
			"type":"ArtilleryBulletType",
		    "reloadMultiplier":1,
			"speed": 3,
			"knockback":0.8,
			"lifetime":100,
			"width": 9,
			"height": 15,
			"shootEffect": "shootBig" 	
	        "homingRange":40,	   
	        "ammoMultiplier":4,
	        "splashDamageRadius":35,
	        "splashDamage":55,	
	        "status":"blasted",
         	"statusDuration":30,
         	},  
	    	"火药": {
			"type":"ArtilleryBulletType",
		    "reloadMultiplier":1,
			"speed": 3,
			"knockback":0.8,
			"lifetime":100,
			"width": 9,
			"height": 15,
			"shootEffect": "shootBig" 	
	     	"status":"burning",
	        "statusDuration":600,
	      	"ammoMultiplier":4,
			"splashDamageRadius":10,
	        "splashDamage":45,	
	        },
	},
	"requirements": [
		{ "item": "copper", "amount":200 },
		"graphite/235"
		"titanium/160"
		"lead/50"
	],
	"category": "turret",
	"research":"ripple"
	
}