{
  "type":"ConsumeGenerator"
   "name": "土豆发电机",
   "description": "烧土豆长大的",
   "size": 2,//方块是几乘几
   "health":300,//血量
   "powerProduction":100,//1=60(发电量)
      "consumes": {
		"liquid":{"liquid":"water","amount":0.5},//1=60
        "items": {
            "items": [
                {"item": "PTRLB","amount": 1}//一次消耗几个
            ]
        }
    },
   "itemCapacity":30,//物品容量
   "liquidCapacity":40,//液体容量
  "requirements": [
  "lead/400","silicon/40","钢铁/40","thorium/400"
   ],
   "research":"高效涡轮发电机"//科技树位置
   "category": "power"//物品显示类别,
  "hasItems": true,//是否需要物品
  "hasliquids": true
  "canOverdrive":true,//是否可以超速
}
//感谢七彩工业的写过的模板