{
	"type": "ConsumeGenerator",
	"name": "大型涡轮发电机",
	"description": "更大更强再创辉煌",
	"size": 3,
	"health":520,
	"hasLiquids": true,
	"hasItems": true,
	"itemDuration": 100,
	"consumes":{
		"liquid":{"liquid":"water","amount":0.4},//1=60	
       "itemFlammable":{}},
	"powerProduction": 12,
	"itemCapacity": 12,
	"requirements": [
	    { "item": "钢铁", "amount": 100},
	    { "item": "基础电路板", "amount": 50 },	  
		{ "item": "graphite", "amount": 300 }
	    { "item": "silicon", "amount": 100},	
	],
	"category": "power",
	"research": "高效涡轮发电机"
}
