{
    "name":"改良核心",
    "type":"CoreBlock",
    "description": "基地的核心。 一旦被摧毁，此区块就会丢失。 
    (贴图by Mr.世纪灯泡)",
    "requirements": [
    {"amount": 4000, "item": "钢"},
    {"amount": 2000, "item": "硅晶玻璃"},
     {"amount": 1500, "item": "碳钢"},
      {"amount": 1000, "item": "波动合金"},
    ],
    "unitType":"泽塔",
    "health": 4000,
    "armor":3,
    "itemCapacity": 8000,
    "size": 3,
    "unitCapModifier": 28,
    "category": "effect"
    "research": {
        "root":true,
        "name": "ES塞普罗-第二阶段(测试中，平衡未调整)"
       "planet":"ES赛普罗",
       "objectives": [
            {
				"type": "SectorComplete",
				"preset": "ES海军要塞"
			}
	]
        },
            "canOverdrive": false,
            "researchCostMultiplier": 0,
}