{
    "name":"进阶核心",
    "type":"CoreBlock",
    "description": "基地的核心。 一旦被摧毁，此区块就会丢失。 
    (贴图by Mr.世纪灯泡)",
    "requirements": [
    {"amount": 4000, "item": "碳化钨"},
    {"amount": 2000, "item": "钍"},
     {"amount": 3500, "item": "碳钢"},
      {"amount": 1000, "item": "巨浪合金"},
    ],
    "unitType":"伽马",
    "health": 8000,
    "armor":16
    "itemCapacity": 16000,
    "size": 4
    "unitCapModifier": 32,
    "category": "effect"
    "research": {
       "parent":"改良核心",
       "objectives": [
            {
				"type": "SectorComplete",
				"preset": "物流旧区"
			}
	]
        },
            "canOverdrive": false,
            "researchCostMultiplier": 1
}