{
	"type": "naval",
	"name": " ES浅螺(电鳗)",
	"description": "发射聚能电光弹和重型水雷导弹，周期性的向周围发射火焰弹",
	"details":"原宇宙已有，研究费用降低",
		"immunities": [
		"潮湿"
		"冰冻"
		"自毁"
		"腐蚀"
	],
	"speed":0.4,
	"rotateSpeed":3,
	"ammoType":{
	"type":"PowerAmmoType",
	"totalPower":100},
	"ammoCapacity": 60,
    "trailLength":24,
    "waveTrailX":0,
    "waveTrailY":-6,
    "trailScl":2,
	"hitSize":22, 
	"health": 1360,
	"armor":8,
	"faceTarget": false,
	    "abilities": [/*能力（如力场防御等） */
        {
        "type": "RepairFieldAbility"
        "amount":256
        "reload": 120
        "range": 88
    }]
	"weapons":[
	{	"name": "电鳗1",	
		"reload":30,
        "x": 0,  "y": 1.2, 
        "inaccuracy": 5,
        "shootSound": "flame",
		"shoot":{
			"shots":1,
			"shotDelay":0
		},
		"rotate": true,
		"rotateSpeed":1,
		"alternate": true,
		"ejectEffect":"casing1",
		"bullet":{
		"frontColor":"FFFFFF",	
		"backColor":"97FFA8FF",	
	    "damage":12,	  
	    "speed":2,
	    "lifetime":70,
	"splashDamageRadius":25,
	"splashDamage":15,
	    "width":15,	 "height":15
	    	"status":"燃烧",
	"statusDuration":180,
	"makeFire":true,
	}	}
		{	"name": "新星1",	
		"reload": 45, 
		"x": 3,  "y": 0,  
		"shoot":{
			"shots":2,
			"shotDelay":22.5},
		"rotate": true,
		"rotateSpeed":1,
		"shootY":4.5,
		"top":false,
		"inaccuracy": 0,
		"alternate": false, 
		"pierceBuilding": true,
		"shootSound": "lasershoot",
		"bullet":{	
	"type":"LaserBoltBulletType",
		"frontColor":"FFFFFF",	
		"backColor":"97FFA8FF",	
		"damage":7,
		"pierceCap": 1,
		"pierceArmor": true,
		"healPercent": 0.5,
				            "lightningDamage":4,
    "lightning":3,
    "lightningLength":4
		"speed":7.6, "lifetime":24,
		"width":1.5,	 "height":4	}	}
	{"name":"无",
    "mirror":false,
	"reload":300,
	"x":0, "y":0,
	"shoot": {
			"shots":4,
			"shotDelay":0
		"type": "ShootBarrel",
		},
	"shootCone":360,
	"shootSound":"mineDeploy",
	"ignoreRotation":true,
	"rotate": true,
	"rotateSpeed":0,
	"inaccuracy":8,
	"bullet":{
	"damage": 33,
	"splashDamageRadius":15,
	"splashDamage":99,
	"homingRange": 300,
	"homingDelay":8,
	"homingPower": 0.1,
	"absorbable":false,
	"collidesAir":false,
	"collideFloor":true,
	"shootEffect":"none",
	"smokeEffect":"none",
	"hitEffect":"flakExplosionBig",
	"hitSound":"explosion",
	"despawnEffect":"flakExplosionBig",
    "sprite":"missile",  
    "trailLength":6,
	"trailWidth":1.2,
	"trailColor":"596ab8",
    "backColor":"596ab8",
    "frontColor":"ffffff",
	"trailChance": 1,
	"trailInterval": 2,
		"trailEffect": {
			"type": "ParticleEffect",
			"particles": 3,
			"sizeFrom": 1,
			"sizeTo": 3,
			"lifetime": 45,
			"interp": "pow10Out",
			"baseLength": 3,
			"cone":30,
			"length": -35,
			"colorFrom": "596ab8",
			"colorTo": "596ab800"
		},
	"trailRotation": true,
    "width": 8,	"height": 20,
	"speed": 2,	"lifetime": 112.5 }}
	]
	"research": {
	"parent":"潜螺"
	"objectives": [
            {
				"type": "SectorComplete",
				"preset": "ES海军要塞"
			}
	]
	}
	"researchCostMultiplier": 0.2,
}