{
	"type": "UnitFactory",
	"name": "基础单位构建工厂",
	"description": "生产娇小可爱的单位。",
    "health":320,
	"size":3,
	"consumes":{
		"power":5.0
	},
	"plans":[
		{ "unit": "曙光", "time": 600, "requirements": [ 
            { "item": "copper", "amount": 20},
            { "item": "sand", "amount": 60},
			{ "item": "石膏", "amount": 60}
			]
	},
		{ "unit": "黎明", "time": 1200, "requirements": [ 
            { "item": "铜板", "amount": 100},
            { "item": "石膏", "amount": 20},
			{ "item": "silicon", "amount": 50}
			]
	},
		{ "unit": "月神", "time": 666, "requirements": [ 
            { "item": "scrap", "amount": 44 },
            { "item": "钛板", "amount": 44 },
            { "item": "silicon", "amount": 44 },
			{ "item": "塑钢板", "amount": 60 }
	   	]
	},
		{ "unit": "珍珠", "time": 1200, "requirements": [ 
            { "item": "纯水泥", "amount": 120},
            { "item": "铜板", "amount": 250},
			{ "item": "钛板", "amount": 350},
            { "item": "lead", "amount": 150},
			{ "item": "塑料", "amount": 1000}
	   	]
	}
	],
	"requirements": [
            { "item": "lead", "amount": 60},
            { "item": "铜板", "amount": 50},
            { "item": "copper", "amount": 150},
			{ "item": "钛板", "amount": 60}
		],
	"category":"units",
	"research":"单位类"
}