{
	"type": "GenericCrafter",
	"outputLiquid":"列位流体/0.2"
	"hasLiquids": true,
		"health": 1000,
	"size": 3,
	"hasPower": true,
	"hasLiquids": true,
		"drawer":{
	    "type":"DrawMulti",
	    "drawers":[
	    {
	    "type":"DrawRegion",
	    "suffix":"-bottom"
	    },
	    {
	       "type":"DrawLiquidRegion",
	    "drawLiquid":"列位流体"
	    },
	    "DrawDefault"
	]},
	"craftTime": 120,
    "liquidCapacity": 60,
	"consumes": {
    "power":3,
    "items": {
	"items": [
	{ "item": "列位石", "amount": 2 }
	]
	}
    "liquid":
{"liquid": "water", "amount": 0.3 }
    }
"requirements": [
    "thorium/690"
    "列位石/135"
	"泰特希合金/10",
	],
	"category": "crafting",
	"research":"相位互化器"
	
}