{
	"type": "ItemBridge",
	"name": "传送带桥",
	"description": "如假包换的纯正塞普罗桥带",
	"details":"有用",
	"health": 160,
	"range": 5,
    "transportTime":1,	
    "speed": 0.2,
    "displayedSpeed": 26
	"requirements": [
		{ "item": "铜", "amount": 1},
		{ "item": "铅", "amount": 1},
		{ "item": "铝", "amount": 3},
	],
	"category": "distribution",	
	"research": "连接器"
	"researchCostMultiplier": 0.2,
	"hasPower": false,
	    "canOverdrive": false,
}