{
	"type": "GenericCrafter",
	"health": 220,
	"name": "中空煤厂",
	"description": "将煤炭变为蜂窝煤炭",
	"outputItem": {
	"item": "中空煤", "amount": 1
	},
	"itemCapacity":4,
	"size": 1,
	"hasPower": true,
	"hasLiquids": false,
	"hasItems": true,
	"craftTime": 30,
	"craftEffect":"pulverizeSmall",
	"consumes": {
	"power": 0.2,
	"items": {
		"items": [
	{ "item": "coal", "amount": 1 },
			]	},}
	"requirements": [
	{ "item": "copper", "amount": 18 },
	{ "item": "lead", "amount": 20 },
	{ "item": "graphite", "amount": 10 },
	],
	"category": "crafting",
	"research": "silicon-crucible"
 }