{
	"name":"冲击塔",
	"description":"使用电力会产生震爆波，破坏和摧毁范围内敌人炮弹",
	"type": "ShockwaveTower",
	"health":1200,
	"size":3,
	"armor":2,
	"range":240,
	//范围
	"reload":220,
	//射速
	"conductivePower":true,
	//传导电力
	"group":"walls",
	"bulletDamage":220,
	"consumes":{
	    "power":7.5,
	},
	    "shootEffect":"none",
	    "buildingDamageMultiplier":0,
	"category": "effect",
	"research": "segment"
    "requirements":[
        "copper/115"
        "lead/140"
        "titanium/120"
        "thorium/60"
        "silicon/80"
        "plastanium/110"
        "基础芯片/60",
        ],
}
