{
	"type": "PowerTurret",
	"name": "原力",
	"description":"对付空军的好东西\n消耗电力 ",
	"targetAir": true,
	"targetGround": false,
	"health": 650,
	"size": 2,
	"shootSound": "激光2",
	"shake": 0.2,
	"inaccuracy": 3,
	"recoil": 2,
	"recoilTime": 24,
	"shootType": {
		"type": "BasicBulletType",
		"collidesAir":true,//碰空
		"collidesGround":false,//碰地
		"damage": 8,
		"frontColor": "87CEEB",
		"backColor": "87CEEB",
		"width": 4,
		"height": 8,	   
		"trailLength": 1,
		"trailWidth": 1.3,
		"trailColor": "87CEEB",
        "pierceCap":1,
		"status": "melting",
		"statusDuration": 180,
		"speed": 20,
		"lifetime": 10,
		"ammoMultiplier": 1,
		"hitEffect": {
			"type": "WaveEffect",
			"lifetime": 8,
			"sizeFrom": 0,
			"sizeTo": 8,
			"strokeFrom": 1,
			"strokeTo": 0,
			"colorFrom": "FFFFFF",
			"colorTo": "87CEEB"
		},
		"despawnEffect": {
			"type": "WaveEffect",
			"lifetime": 8,
			"sizeFrom": 0,
			"sizeTo": 8,
			"strokeFrom": 1,
			"strokeTo": 0,
			"colorFrom": "FFFFFF",
			"colorTo": "87CEEB"
		}
	},
	"shootEffect": {//炮口特效
		"type": "ParticleEffect",
		"region":"古代科技-棱",//贴图
		"particles": 2,//数量
		"length": 40,//长度
		"lifetime": 48,//存在时间
		"interp": "circleOut",
		"sizeInterp": "pow5Out",
		"cone": 0,//角度
		"colorFrom": "87CEEB",
		"colorTo": "87CEEB",
		"sizeFrom": 5.5,
		"sizeTo": 0
		}
	"consumes": {
		"power": 3,
		"coolant": {
			"amount": 0.2,
			"optional": true
		}
	},
	"reload": 8,
	"rotateSpeed": 13,
	"range": 200,
	"category": "turret",
	"research": "arc",
	"requirements": [
		{
			"item": "lead",
			"amount": 95
		},
				{
			"item": "titanium",
			"amount": 35
		},
		{
			"item": "silicon",
			"amount": 60
		}
	]
}