{
    "type": "LiquidTurret",
    "name": "喷发",
    "description": "一次性发射大量流体弹幕具有一定冲击性\n可放置在液体上 ",
    "health": 420,
    "size": 2,
    "reload": 55,
    "range": 175,
    "recoil": 1.5,
   "placeableLiquid":true,
    "targetGround": true,
    "targetAir": true,
    "inaccuracy": 3,
    "rotateSpeed": 8,
    "liquidCapacity": 20,
    "shootEffect":"none",
        "drawer":{
        "type":"DrawTurret",
        "parts":[
            {
                "type":"RegionPart",
                "suffix":"-上",
                "moveX":0,
                "moveY":-1,
                "under": true,
                "x":0,
                "y":1
            }
            {
                "type":"RegionPart",
                "suffix":"-下",
                "moveX":0,
                "moveY":1,
                "under": true,
                "x":0,
               "y":-1
            }
        ]
    }
    	  	"shoot": {
		"shots": 9,
		"shotDelay": 0,
		"type": "ShootBarrel",
		"spread": 3
        "type":"ShootBarrel",
        "barrels":[
        0,0,-5,
        0,0,-10,
        0,0,-15,
        0,0,-20,
        0,0,0,
        0,0,5,
        0,0,10,
        0,0,15,
        0,0,20,
        ]
		}
    "ammoTypes": {
        "water": {
            "type": "LiquidBulletType",
            "liquid": "water",
            "lifetime": 25,
            "knockback": 1.2,
            "statusDuration": 120,
            "status": "wet"
            "speed": 6.5,
        }
        "oil": {
            "type": "LiquidBulletType",
            "liquid": "oil",
            "lifetime": 25,
            "knockback": 1.2,
            "statusDuration": 120,
            "status": "tarred"
            "speed": 6.5,
        }
    },
    "requirements": [
        {
            "item": "lead",
            "amount": 75
        },
        {
            "item": "copper",
            "amount": 35
        },
        {
            "item": "metaglass",
            "amount": 40
        },
    ],
    "category": "turret",
    "research": "灭火器"
}