{
	"name": "爆炸地雷",
	"description": "触碰时造成半径为2.5的小范围爆炸",
	"type": "ShockMine",
	"hasShadow":false,
	"health":200
	"damage": 0,
	"splashDamage": 0,
	"splashDamageRadius": 0,
	"tileDamage":200
	"length":0
	"tendrils":0
	"size":1,
    "baseExplosiveness":8,
	"requirements": [
	{ "item": "blast-compound", "amount":2 }
	{ "item": "titanium", "amount":8 }
	{ "item": "silicon", "amount":2 }
	],
	"category": "effect",
  	"research": "shock-mine"
 "destroyBullet":{
"instantDisappear":true,
"damage":0,
"splashDamage":260,
"splashDamageRadius":20,
"buildingDamageMultiplier":0.1,
"despawnEffect":{
"type":"ExplosionEffect",
"lifetime":30//存在时间
"startDelay":0,//延时
"waveColor":"FFFFFF",//圆环颜色
"waveLife":10,//圆环存在时间/有上限，很短
"waveStroke":6,//圆环宽度
"waveRad":24,//圆环扩散范围
"waveRadBase":3,//圆环直径
}
}}