{
	"type": "ItemTurret",
	"size": 3,
	//平方
	"name":"夜明",
	"description":"重型导弹炮塔",
	"health":1420,
	//血量
	"reload":40,
	//射速
	"inaccuracy" :1,
	//子弹偏移
	"rotateSpeed":2,
	//炮台转动速度
	"recoil":4,
	//后坐力
	"range":192,
	//范围8/一个方块 
	"xRand":8,
	"maxAmmo":120,
	   //容量
    	  	"shoot": {
		"shots": 3,
		"shotDelay": 0,
		"type": "ShootBarrel",
        "barrels":[
        0,4,0,
        0,8,0,
        0,12,0,
        0,-4,0,
        0,-8,0, 
        0,-12,0,
        ]
		}
	"consumes": {
		"coolant": {
			"amount": 0.1,
			"optional": true
		}
	},
	   "buildingDamageMultiplier":0.35
	"shootSound":"missile",
            "ammoTypes": {
                "plastanium": {//这里填写物品
                   "type" : "MissileBulletType",
                    "width":7,
                    //子弹宽度
                    "height":24,
                    //子弹长度
                    "damage":35,
                     "status":"burning",
            "statusDuration": 240,
                    "speed":4,
                    "lifetime":48,
                    "homingPower":0.5,
                    //追踪力度
                    "ammoMultiplier":1,
                    "shrinkY":0,
                    "drag":-0.01,
                    "splashDamageRadius":8,
                    //范围伤害的范围
                    "splashDamage":20,
                    //范围伤害的伤害
                    "lightningDamage":0,
                    //闪电伤害
                    "lightning":0,
                    //闪电数量
            "lightningLength":0,
                    //闪电长度
                    "backColor":"F5FAB8FF",
			//子弹边缘颜色
			"frontColor":"F5FAB8FF",
			//子弹中心颜色
			"trailColor":"CBD97FFF",
			//尾迹颜色
			"hitEffect":"massiveExplosion",
			//击中特效
			"statusDuration":240,
			"trailLength": 6,//拖尾长度
            "trailWidth": 2.5,//拖位宽度
                "sprite":"古代科技-导弹",
                                "homingPower":0.3,
            "ammoMultiplier": 2,
                },
		
                "surge-alloy": {//这里填写物品
                    "type" : "MissileBulletType",
               "statusDuration": 240,
                    "reloadMultiplier": 1,
                    "width":7,
                    //子弹宽度
                    "height":24,
                    //子弹长度
                    "damage":50,
                    "speed":4,
                    "lifetime":48,
                    "homingPower":0.4,
                    //追踪力度
                    "ammoMultiplier":10,
                    "shrinkY":0,
                    "drag":-0.01,
                    "splashDamageRadius":16,
                    //范围伤害的范围
                    "splashDamage":30,
                    //范围伤害的伤害
                    "lightningDamage":0,
                    //闪电伤害
                    "lightning":3,
                    //闪电数量
            "lightningLength":12,
                    //闪电长度
                    "backColor":"FFF79CFF",
			//子弹边缘颜色
			"frontColor":"FFF79CFF",
			//子弹中心颜色
			"trailColor":"E6CD6BFF",
			//尾迹颜色
			"hitEffect":"massiveExplosion",
			//击中特效
			"status":"freezing",
			"statusDuration":240,
			"trailLength": 9,//拖尾长度
            "trailWidth": 2.5,//拖位宽度
            "ammoMultiplier": 2,
            "sprite":"古代科技-导弹",
                    "homingPower":0.3,
                },
		},
	"requirements": [
	"copper/180"
	"lead/160"
	"titanium/140"
	"graphite/120"
	"silicon/110"
	"plastanium/30"
	"脉冲钢/20"
	],
	"category": "turret",
	"research": "cyclone"
}