{
"type": "GenericCrafter",
"name": "大型冷冻液混合机",
"health": 420,
"size": 3,
"itemCapacity": 15,
"outputLiquid": 
{
"liquid": "cryofluid","amount": 0.5
},
"drawer": {
"type": "DrawMulti",
"drawers": [
{
"type": "DrawRegion",
"suffix": "-bottom"
},
{
"type": "DrawLiquidRegion",
"drawLiquid": "cryofluid"
"suffix": "-top"
},
			"DrawDefault"
		]
	},
	"hasItems": true,
	"hasLiquids": true,
	"outputsLiquid": true,
	"hasPower": true,
"liquidCapacity": 72,
	"updateEffect": "freezing",
	"consumes": {
"power": 4.2,
		"items": [
			"titanium/1"
		],
		"liquid": "water/0.5"
	},
	"requirements": [
		"thorium/150",
	    "titanium/80",
		"metaglass/40",
		"silicon/40",
	],
	"category": "crafting",
	"research": "cryofluid-mixer"
}