{
	"name": "大型立场投影仪",
	"description": "创造大型立场墙",
	"type": "ForceProjector",
	"health":980 ,
	"size":4,
	"radius":160,
	"phaseUseTime": 180
	"phaseRadiusBoost": 25//"buildCostMultiplier": 0.8,
	"basePowerDraw": 1.0
	"itemCapacity": 10,
	"shieldHealth":12250,
	"cooldownNormal":1.75,
	"cooldownLiquid":1.4,
	"cooldownBrokenBase":0.3,
"phaseShieldBoost":250
	"consumes":{
		"power":13,
		"coolant": {
			"amount": 0.25,
			"optional": true
		}
		"items": {
			"items": [
				"silicon/1"
			],
			"booster": true,
			"optional": true
		}
	},
	"requirements": [
	{ "item": "titanium", "amount": 210 }
		{ "item": "silicon", "amount": 190 }
		{ "item": "lead", "amount": 260 }
		{ "item": "thorium", "amount": 200 }
		"phase-fabric/140"
        "plastanium/140"
        "基础芯片/80", 
        "闪耀芯片/40", 
	],
	"category": "effect",
	"research":"护盾投影"
}