{
	"type": "PowerTurret",
	"name": "大型逻辑雷达",
	"description":"",
	"targetAir": true,
	"targetGround": true,
	"health": 800,
	"size": 2,
	"shootSound": "none",
	"shake": 0,
	"inaccuracy": 0,
	"recoil": 0,
	"recoilTime": 0,
	"shootType": {
		"damage": 0,
		"instantDisappear":true,
	    "hitEffect":"none"
		"despawnEffect":"none",
		"shootEffect":"none"
	}
	"consumes": {
		"power": 0.25,
	},
	"reload": 0,
	"rotateSpeed": 4,
	"range": 600,
	"category": "logic",
	"research": "逻辑雷达",
	"requirements": [
		{
			"item": "lead",
			"amount": 86
		},
		{
			"item": "titanium",
			"amount": 34
		},
		{
			"item": "graphite",
			"amount": 46
		},
		{
			"item": "silicon",
			"amount": 48
		}
		"基础芯片/12", 
	]
}