{
	"name":"行星际硬光装甲",
	"description":"保护您免疫一切伤害\n拥有极高的装甲，由于其特殊的物理性质同时也可绝缘激光和自发生成一层覆盖墙的立场\n同时也可构建在液体上",
	"type": "ShieldWall",
	"health":12660,
	"size":2,
	"consumesPower":0.2
	"outputsPower":true,
	"hasPower":true,
	"placeableLiquid":true,
	"insulated":true
	"absorbLasers":true,
	"chanceDeflect":24,
	"armor":8,
	"shieldHealth":2300,
	"breakCooldown":3200,
	"regenSpeed":3,
	"shieldRadius":2,
	"requirements": [
		"darkmatter/36",
		"Darkwideenergy/40"
	],
	"category": "defense",
	"research": "大型脉冲墙"
}