{
    "type":"ItemTurret",
    "name":"天网",
    "description": "高射击速度的防空炮\n可使用一级产物弹药对拥有护盾的目标造成大量伤害\n[yellow]三根穿甲塑钢弹"
    "health":1420,
    "size":3,
    "reload":30,
    "range":288,
    "maxAmmo":50,
    "recoilTime":20,
    "recoil":3,
    "shake":0.5,
	"inaccuracy":4,
    "targetGround":false,
    "targetAir":true,
    "inaccuracy":0,
    "rotateSpeed":10,
    "shootY": 5,
	  	"shoot": {
		"shots": 3,
		"shotDelay": 4,
		"type": "ShootBarrel",
		"spread": 3
        "type":"ShootBarrel",
        "barrels":[
        -9,0,0,
        9,0,0,
        ]
		}
        "drawer":{
        "type":"DrawTurret",
        "parts":[
            {
                "type":"RegionPart",
                "suffix":"-左",
                "moveX":-2,
                "moveY":0,
                "x":1,
                "y":0
            }
            {
                "type":"RegionPart",
                "suffix":"-右",
                "moveX":2,
                "moveY":0,
                "x":-1,
                "y":0
            }
        ]
    }
    "consumes": {
	     "coolant": {
           "amount": 0.2,
           "optional": true
          }
    },
    "ammoTypes": {
    		"graphite": {
            "speed":12,
            "damage":28,
            "reloadMultiplier":0.85,
            "lifetime":24,
            "width":8,
            "height":12,
            "collidesGround":false,
            "pierceArmor":true,
            "shootEffect": "shootBig"
            "hitColor" : "FFE3B0FF",
            "homingPower":0.05,
            "splashDamageRadius":12,
            //范围伤害的范围
            "splashDamage":28,
            //范围伤害的伤害
     "hitEffect":"flakExplosion",//子弹命中
	 "despawnEffect":"flakExplosion",//too
	 "statusDuration": 120,
     "status": "减速"
            	"shootEffect": {//炮口特效
		"type": "ParticleEffect",
		"region":"古代科技-六形",//贴图
		"particles": 2,//数量
		"length": 25,//长度
		"lifetime": 48,//存在时间
		"interp": "circleOut",
		"sizeInterp": "pow5Out",
		"cone": 0,//角度
		"colorFrom": "FFE3B0FF",
		"colorTo": "FFE3B0FF",
		"sizeFrom": 5.5,
		"sizeTo": 0
		}}
		"titanium": {
            "speed":12,
            "damage":25,
            "lifetime":24,
            "width":8,
            "height":12,
            "collidesGround":false,
            "pierceArmor":true,
            "shootEffect": "shootBig"
            "hitColor" : "D0DAFDFF",
            "homingPower":0.05,
            "splashDamageRadius":12,
            //范围伤害的范围
            "splashDamage":20,
            //范围伤害的伤害
     "hitEffect":"flakExplosion",//子弹命中
	 "despawnEffect":"flakExplosion",//too
	 "statusDuration": 120,
     "status": "减速"
            	"shootEffect": {//炮口特效
		"type": "ParticleEffect",
		"region":"古代科技-六形",//贴图
		"particles": 2,//数量
		"length": 25,//长度
		"lifetime": 48,//存在时间
		"interp": "circleOut",
		"sizeInterp": "pow5Out",
		"cone": 0,//角度
		"colorFrom": "D0DAFDFF",
		"colorTo": "D0DAFDFF",
		"sizeFrom": 5.5,
		"sizeTo": 0
		}
        }
        "plastanium": {
            "speed":12,
            "damage":30,
            "lifetime":24,
            "width":8,
            "height":12,
            "reloadMultiplier":0.9,
            "shootEffect": "shootBig"
            "hitColor" : "FCFFD9FF",
            "collidesGround":false,
            "pierceArmor":true,
			"homingPower":0.05,
			"fragBullets":4,
            "splashDamageRadius":12,
            //范围伤害的范围
            "splashDamage":30,
            //范围伤害的伤害
     "hitEffect":"plasticExplosion",//子弹命中
	 "despawnEffect":"plasticExplosion",//too
	 "statusDuration": 120,
     "status": "减速"
			"fragBullet":{
			    "type":"BasicBulletType",
			    "width":9,
			    "height":3,
			    "lifetime":6,
			    "speed":5.5,
			    "damage":5,
			    "backColor":"FCFFD9FF",
			    //子弹边缘颜色
			    "frontColor":"FCFFD9FF",
			    //子弹中心颜色
			    "hitEffect":"none",
			    "despawnEffect":"none",
			  }
            	"shootEffect": {//炮口特效
		"type": "ParticleEffect",
		"region":"古代科技-六形",//贴图
		"particles": 2,//数量
		"length": 25,//长度
		"lifetime": 48,//存在时间
		"interp": "circleOut",
		"sizeInterp": "pow5Out",
		"cone": 0,//角度
		"colorFrom": "FCFFD9FF",
		"colorTo": "FCFFD9FF",
		"sizeFrom": 5.5,
		"sizeTo": 0
		}}
        "thorium": {
            "speed":12,
            "damage":40,
            "lifetime":24,
            "width":8,
            "height":12,
            "reloadMultiplier":0.85,
            "shootEffect": "shootBig"
            "hitColor" : "EFCEF3FF",
            "collidesGround":false,
            "pierceArmor":true,
			"homingPower":0.05,
            "splashDamageRadius":12,
            //范围伤害的范围
            "pierceArmor":true,
            "splashDamage":40,
            //范围伤害的伤害
     "hitEffect":"flakExplosion",//子弹命中
	 "despawnEffect":"flakExplosion",//too
	 "statusDuration": 120,
     "status": "减速"
            	"shootEffect": {//炮口特效
		"type": "ParticleEffect",
		"region":"古代科技-六形",//贴图
		"particles": 2,//数量
		"length": 25,//长度
		"lifetime": 48,//存在时间
		"interp": "circleOut",
		"sizeInterp": "pow5Out",
		"cone": 0,//角度
		"colorFrom": "EFCEF3FF",
		"colorTo": "EFCEF3FF",
		"sizeFrom": 5.5,
		"sizeTo": 0
		}}
    }
    "requirements": [
        "titanium/180",
        "lead/145",
        "graphite/90"
        "基础芯片/65"
    ],
    "alwaysUnlocked":false,
    "category":"turret",
    "research":"cyclone"
    "researchCostMultiplier": 20,

}