{
	"type": "GenericCrafter",
	"health": 1280,
	"name": "巨浪合金合成厂",
	"description": "使用塑钢 冷冻液 硅 快速合成合金",
	"itemCapacity": 24,
	"size": 3,
	"hasPower": true,
	"hasLiquids": false,
	"hasItems": true,
	"craftTime": 90,
	"drawer":{
"type":"DrawMulti",
"drawers":[
"DrawDefault",
"DrawFlame",
]}
	"outputItem":
	{"item": "surge-alloy","amount":5},
"consumes": {
"power": 14.5,
"liquid":{"liquid":"cryofluid","amount":0.15},
"items": {		
"items": [
{ "item": "thorium", "amount": 2 }
{ "item": "silicon", "amount": 2 }
{ "item": "plastanium", "amount": 2 }
	]
	}}
	"requirements": [
		{ "item": "titanium", "amount": 160}
		{ "item": "silicon", "amount": 85}	
		{ "item": "copper", "amount": 225}	
	    { "item": "lead", "amount": 160}	
	    { "item": "plastanium", "amount": 125}	
	    { "item": "thorium", "amount": 140}	
	    { "item": "surge-alloy", "amount": 80}	
        { "item": "glass-alloy", "amount": 40}	
        "基础芯片/80"
		],
	"category": "crafting",
	"research": "alloy-smelter",
}