{
    "type": "ForceProjector",
    "name": "投影脉冲墙",
    "description": "终极防御块\n创建小型护盾场，可阻止抛射攻击，可阻挡激光",
    "health": 4280,
    "flashHit":true,
	"chanceDeflect":16,
    "size": 2,
    "sides": 4,
    "radius": 26,
    "shieldRotation": 45,
    "shieldHealth": 1200,
    "cooldownNormal": 1,
    "cooldownBrokenBase": 2,
    "insulated":true
	"absorbLasers":true,
    "consumeCoolant":false,
    "hasLiquids":false,
    "coolantConsumption":0,
    "liquidCapacity":0,
    "requirements": [
         {
            "item": "plastanium",
            "amount": 12
        },
        {
            "item": "脉冲钢",
            "amount": 24
        },
        {
            "item": "silicon",
            "amount": 12
        }
    ],
    "category": "defense",
    "research": "大型脉冲墙"
}