{ 
     "type":"PointDefenseTurret",
     "name":"护卫", 
    "description": "[sky]使用小脉冲激光快速轰击敌人子弹",
     "health":250,
	     "size":1,
     "rotateSpeed":20,
	 "range":100,
	 "retargetTime":2
	 "reload":2,
	 "shootLength":10,
	 "inaccuracy": 0,
	 "bulletDamage": 1,
	 "hasPower":true
	 "acceptCoolant":true
	 	 "coolantMultiplier":4
	 "color":"E1E8FFFF"
	 "speed":10
"consumes": {
		"power":1.8

	},
	  "requirements": [
	    { "item": "lead", "amount":25 }
	    { "item": "titanium", "amount":15 }
		{ "item": "silicon", "amount":20 }
	],
	"category": "turret",
	"research": "parallax"
}