{
    "type": "PayloadDeconstructor",
    "name": "拆解器",
    "description": "来源于喵喵怪(作者已允许)",
    "size": 3,
    "solid": false,
    "health": 1200,
    "itemCapacity": 500,
    "maxPayloadSize": 2.5,
    "consumes": {
        "power": 3
    },
    "requirements": [
        {
            "item": "copper",
            "amount": 70
        },
        {
            "item": "lead",
            "amount": 50
        },
        {
            "item": "titanium",
            "amount": 35
        },
        {
            "item": "silicon",
            "amount": 25
        }
    ],
    "category": "units",
    "research": "构造器"
}