{
    "type": "Constructor",
    "name": "构造器",
    "description": "构造1x1至2x2 大小的方块。",
    "size": 3,
    "health": 1200,
	"buildSpeed": 1.2,
	"minBlockSize": 1,
	"maxBlockSize": 2,
    "consumes": {
        "power": 1.5
    },
    "requirements": [
        {
            "item": "copper",
            "amount": 70
        },
        {
            "item": "lead",
            "amount": 50
        },
        {
            "item": "titanium",
            "amount": 35
        },
    ],
    "category": "units",
    "research": "运输带"
}