{
    "type": "LiquidTurret",
    "name": "灭火器",
    "description": "汝之灭火器，寰宇也\n这个小东西可是你开启所有水上战争支点的重要物品",
    "health": 240,
    "size": 1,
    "reload": 35,
    "range": 75,
    "recoil": 0,
    "targetGround": true,
    "targetAir": true,
    "inaccuracy": 3,
    "rotateSpeed": 8,
    "liquidCapacity": 20,
    "shootEffect":"none",
    	  	"shoot": {
		"shots": 72,
		"shotDelay": 0,
		"type": "ShootBarrel",
		"spread": 3
        "type":"ShootBarrel",
        "barrels":[
        0,0,5,
        0,0,10,
        0,0,15,
        0,0,20,
        0,0,25,
        0,0,30,
        0,0,35,
        0,0,45,
        0,0,50,
        0,0,55,
        0,0,60,
        0,0,65,
        0,0,70,
        0,0,75,
        0,0,80,
        0,0,85,
        0,0,90,
        0,0,95,
        0,0,100,
        0,0,105,
        0,0,110,
        0,0,115,
        0,0,120,
        0,0,125,
        0,0,135,
        0,0,140,
        0,0,145,
        0,0,150,
        0,0,155,
        0,0,160,
        0,0,165,
        0,0,170,
        0,0,175,
        0,0,180,
        0,0,185,
        0,0,190,
        0,0,195,
        0,0,200,
        0,0,205,
        0,0,210,
        0,0,215,
        0,0,220,
        0,0,225,
        0,0,230,
        0,0,235,
        0,0,240,
        0,0,245,
        0,0,250,
        0,0,255,
        0,0,260,
        0,0,265,
        0,0,270,
        0,0,275,
        0,0,280,
        0,0,285,
        0,0,290,
        0,0,295,
        0,0,300,
        0,0,305,
        0,0,310,
        0,0,315,
        0,0,220,
        0,0,325,
        0,0,330,
        0,0,335,
        0,0,340,
        0,0,345,
        0,0,350,
        0,0,350,
        0,0,360,
        ]
		}
    "ammoTypes": {
        "water": {
            "type": "LiquidBulletType",
            "liquid": "water",
            "lifetime": 20,
            "knockback": 0.7,
            "statusDuration": 30,
            "status": "wet"
            "speed": 3.25,
        }
    },
    "requirements": [
        {
            "item": "lead",
            "amount": 60
        },
        {
            "item": "metaglass",
            "amount": 30
        },
    ],
    "category": "effect",
    "research": "duo"
}