{
"type":"PowerTurret",//种类
"name":"灾厄",//名称
"description":"指尖跃动之电光！"
"health":3000,//生命
"size":4,//大小
"category":"turret",//菜单栏
"research":"foreshadow",//科技树前一项
"shootSound":"laserblast",//声效
"ammoPerShot":1,//单发消耗
"heatColor":"ab3400",
"cooldownTime":350,
    "rotateSpeed": 2,
"range":640,//射程，8/格
"reload":540,//装弹时间，1/帧
"moveWhileCharging":false,//移动
"accurateDelay":false,//准确延迟
"shoot":{"shots":1,"firstShotDelay":80,},
"coolantMultiplier":0.4,//液体加速百分比
"liquidCapacity":60,//液体容量
"targetAir":true,//对空
"targetGround":true,//对地
"consumes":{"power":40,
"coolant":{"amount":1,"optional":true,}},/*耗电*/
"hasPower":true,//用电
"requirements":[
{"item":"silicon","amount":1250}
{"item":"titanium","amount":850}
{"item":"plastanium","amount":1250}
{"item":"surge-alloy","amount":350}
{"item":"phase-fabric","amount":350}
{"item":"脉冲钢","amount":200}
],//建造消耗
"shootType":{
"type":"LaserBulletType",
"chargeEffect":"none",//充能效果
"chargeColor":"FCF27FFF"
"colors":[FCF27FFF,FCF27FFF,FCF27FFF],//颜色
"length":640,//长度
"damage":5680,//伤害
"ammoMultiplier":1,//每个物品能够
"width":75,//宽度
"despawnEffect":"none"//子弹消失特效
"lifetime":65,//持续时间
"hitEffect":"none"//打击特效
"hitColor":"FCF27FFF",//打击颜色
}
	"shootEffect": {//炮口特效
		"type": "ParticleEffect",
		"region":"古代科技-棱",//贴图
		"particles": 2,//数量
		"length": 68,//长度内出现
		"lifetime": 48,//存在时间
		"interp": "circleOut",
		"sizeInterp": "pow5Out",
		"cone": 0,//角度
		"colorFrom": "FCF27FFF",
		"colorTo": "FCF27FFF",
		"sizeFrom": 9,
		"sizeTo": 0
		}
"details":"死光α",
}