{
"type":"ConsumeGenerator",
"name":"热流发电机",
"description":"使用液体温差产生电力",
"health":1240,
"size":3,
"warmupSpeed":0.01,
"ambientSound":"smelter",
"generateEffect":"fuelburn",
"drawer":{
"type":"DrawMulti",
"drawers":[
{"type":"DrawRegion",
"suffix":"-bottom"},
{"type":"DrawLiquidRegion",
"drawLiquid":"slag",
"suffix" : "-s"},
{"type":"DrawLiquidRegion",
"drawLiquid":"water",
"suffix" : "-w"},
"DrawDefault"]},
"itemCapacity":0,
"liquidCapacity":60,
"hasPower":true,
"hasLiquids":true,
"hasItems":false,
"itemDuration":180,
"powerProduction":12.5,
"consumes":{
"liquids":[{"liquid":"slag","amount":0.4},
{"liquid":"water","amount":0.6}]
},
"category":"power",
"research":"thermal-generator",
"rebuildable":true,
"requirements":[
{"item":"copper","amount":70},
{"item":"lead","amount":65},
{"item":"metaglass","amount":30},
{"item":"titanium","amount":45},
{"item":"silicon","amount":60}
"基础芯片/35"   ]
}
