{
"type":"Wall",
"name":"煤炭墙",
"description":"保护己方建筑，挡下敌方炮弹。
被摧毁时燃烧",
"health":320,
"size":1,
"armor":-4,
"requirements":[
{"item":"coal","amount":6}],
"category":"defense",
"research":"copper-wall",
"destroyBullet":{
"instantDisappear":true,
"damage":0,
	"fragBullets":1,
    "fragBullet":{
	"type":"BasicBulletType",
	"collides":false,
    "hittable":false,
    "absorbable":false,
	"makeFire":true,
	"pierce": true,
	"pierceBuilding":true,
	"damage":0,
	"instantDisappear":true,
	"incendAmount":2,//燃烧量(?
	"incendSpread":10,//燃烧传播速度
	"incendChance":10,//燃烧概率
	"fragBullets":1,
	"fragBullet": {
	"type": "LiquidBulletType",
	"buildingDamageMultiplier": 0.3,
	"liquid": "oil",
	"lifetime": 0,
	"knockback": 1.8,
	"speed": 0,
	"damage": 0.5
			},
    	}
    }
}