{
	"type": "GenericCrafter",
	"health": 1220,
	"name": "爆冶硅厂",
	"description": "使用爆炸混合物爆冶硅",
		"drawer":{
"type":"DrawMulti",
"drawers":[
"DrawDefault",
"DrawFlame",
]}
	"outputItem": {
	"item": "silicon", "amount": 12
	},
	"itemCapacity":36,
	"size": 4,
	"hasPower": true,
	"hasLiquids": false,
	"hasItems": true,
	"craftTime": 90,
	"consumes": {
	"power": 8,
	"items": {
		"items": [
	{ "item": "sand", "amount": 12 },
	{ "item": "blast-compound", "amount": 1 },
			]	},}
	"requirements": [
	{ "item": "copper", "amount": 180 },
	{ "item": "lead", "amount": 140 },
	{ "item": "titanium", "amount": 100 },
	{ "item": "thorium", "amount": 250 },
	{ "item": "silicon", "amount": 120 },
	{ "item": "plastanium", "amount": 120 }
	"glass-alloy/68",
	"基础芯片/60", 
	],
	"category": "crafting",
	"research": "silicon-crucible"
 }