{
 "name":"玻璃钢带",//内容物名称
 "type":"StackConveyor",//种类
 "description":"将物品打包运输",//内容物描述
 "details":"塑钢是不是这把你打的有问题？"
 "size":1,
 "health":165,
 "category": "distribution",//类别
"displayedSpeed":60,
 "requirements":[
  {"item":"graphite","amount":2}
  {"item":"silicon","amount":1}
  {"item":"glass-alloy","amount":1}
  "基础芯片/1", 
  ],//建造消耗的材料
  "hasPower": true,
  "conductivePower":true,
  "consumes": {"power":0.0166666666667}
 "itemCapacity":15,//物品容量
 "insulated":false,//绝缘
 "speed":0.0625,//传送带速度
 "rebuildable":true,//是否能重建
 "hasPower":true,
"consumesPower":true,
"conductivePower":true,
"outputsPower":true,
"consumes":{"powerBuffered":20}
	"research": {
		"parent": "plastanium-conveyor",
		"objectives": [
        "glass-alloy"
        "基础芯片"
    ]
}
}