{
"type":"Battery",
"name":"超级电容器",
"description":"利用巨浪合金充能的特性与相位布的空间特性储存电网多余电力,在电网供电不足时放电\n[red]你家电容库爆了",
"health":300,
"size":1,
"drawer":false,
"hasPower":true,
"consumesPower":true,
"outputsPower":true,
"consumes":{"powerBuffered":50000}
"requirements":[
{"item":"surge-alloy","amount":10},
{"item":"plastanium","amount":15},
{"item":"silicon","amount":34},
{"item":"phase-fabric","amount":8},
],
"category":"power",
"research":"大型装甲电池",
}
