{
	"type": "PowerTurret",
	"name": "自爆破片弹",
	"description":"向周围发射一次性的破片，可以伤害友军",
	"targetAir": true,
	"targetGround": true,
	"health": 250,
	"size": 1,
	"shootType": {
	"killShooter": true,
	"hittable":false,
	"absorbable":false,
	"instantDisappear":true,
	"hitSound": "shootAltLong",
	"ammoMultiplier": 1,
	"type": "BasicBulletType",
	"speed": 0,
	"lifetime": 1,
	"shootEffect":"none",
	"smokeEffect":"none",
	"damage":0,
	},
	"consumes": {
		"power": 0,
		"coolant": {
			"amount": 0.2,
			"optional": true
		}
	},
	"rotateSpeed": 999,
	"range": 36,
	"category": "effect",
	"research": "燃烧弹",
"destroyBullet":{
"instantDisappear":true,
"damage":0,
			"fragBullets":8,
			"fragBullet":{
			    "type":"BasicBulletType",
			    "width":9,
			    "height":3,
			    "lifetime":10,
			    "speed":4,
			    "damage":40,
			    "backColor":"9DAEFFFF",
			    //子弹边缘颜色
			    "frontColor":"A2AEECFF",
			    //子弹中心颜色
			    "hitEffect":"none",
			    "despawnEffect":"none",
			  }
    	}
	"requirements": [
		{
			"item": "lead",
			"amount": 20
		},
		{
			"item": "titanium",
			"amount": 30
		},
	]
}