{
    "type": "ContinuousTurret",
    "name": "耀光",
    "description": "向目标点发射激光
    \n[red]忆科技兴繁之年，念极热流光之刃，立铁墨霾之剑，为是耀光",
    "details":" BYD什么界限",
    "health": 1200,
    "size": 5,
    "category": "turret",
    "research": "meltdown",
    "canOverdrive": false,
    "range": 400,
    "rotateSpeed": 3,
    "aimChangeSpeed": 3,
    "targetInterval": 0,
    "shootCone": 360,
    "unitSort": "strongest",
    "shootSound": "none",
    "loopSound": "laserbeam",
    "loopSoundVolume": 1,
    	   	"drawer": {
		"type": "DrawTurret"
		"parts": [
			{
				"type": "HaloPart",
				"hollow": false,//空心
				"mirror": false,
				"tri": true,//三角形
				"x": 0,
				"y": 12,
				"shapeRotation": 0,//图形初始角度
				"moveX": 0,
				"moveY": 0,
				"shapeMoveRot": 0,
				"shapes": 2,//围绕个数
				"sides": 5,//边数
				"radius": 0,//半径/粗细
				"radiusTo": 3,
				"stroke": 2,//粗细
				"strokeTo": -1,
				"triLength": 8,//初始长度
				"triLengthTo": -1,//最终长度
				"haloRadius": 12,//围绕半径
				"haloRadiusTo": -1,//最终围绕半径
				"haloRotateSpeed": 0.8,//公转速度
				"haloRotation": 0,//环初始角度
				"rotateSpeed": 0,//自转速度
				"color": "#FFD37FFF",
				"layer": 110
			},
						{
				"type": "HaloPart",
				"hollow": false,//空心
				"mirror": false,
				"tri": true,//三角形
				"x": 0,
				"y": 12,
				"shapeRotation": 0,//图形初始角度
				"moveX": 0,
				"moveY": 0,
				"shapeMoveRot": 0,
				"shapes": 2,//围绕个数
				"sides": 5,//边数
				"radius": 0,//半径/粗细
				"radiusTo": 3,
				"stroke": 2,//粗细
				"strokeTo": -1,
				"triLength": 8,//初始长度
				"triLengthTo": -1,//最终长度
				"haloRadius": 12,//围绕半径
				"haloRadiusTo": -1,//最终围绕半径
				"haloRotateSpeed": -0.8,//公转速度
				"haloRotation": 180,//环初始角度
				"rotateSpeed": 0,//自转速度
				"color": "#FFD37FFF",
				"layer": 110
			},
						{
				"type": "HaloPart",
				"hollow": false,//空心
				"mirror": false,
				"tri": true,//三角形
				"x": 0,
				"y": 12,
				"shapeRotation": 180,//图形初始角度
				"moveX": 0,
				"moveY": 0,
				"shapeMoveRot": 0,
				"shapes": 2,//围绕个数
				"sides": 5,//边数
				"radius": 0,//半径/粗细
				"radiusTo": 3,
				"stroke": 2,//粗细
				"strokeTo": -1,
				"triLength": 8,//初始长度
				"triLengthTo": -1,//最终长度
				"haloRadius": 12,//围绕半径
				"haloRadiusTo": -1,//最终围绕半径
				"haloRotateSpeed": 0.8,//公转速度
				"haloRotation": 0,//环初始角度
				"rotateSpeed": 0,//自转速度
				"color": "#FFD37FFF",
				"layer": 110
			},
						{
				"type": "HaloPart",
				"hollow": false,//空心
				"mirror": false,
				"tri": true,//三角形
				"x": 0,
				"y": 12,
				"shapeRotation": 180,//图形初始角度
				"moveX": 0,
				"moveY": 0,
				"shapeMoveRot": 0,
				"shapes": 2,//围绕个数
				"sides": 5,//边数
				"radius": 0,//半径/粗细
				"radiusTo": 3,
				"stroke": 2,//粗细
				"strokeTo": -1,
				"triLength": 8,//初始长度
				"triLengthTo": -1,//最终长度
				"haloRadius": 12,//围绕半径
				"haloRadiusTo": -1,//最终围绕半径
				"haloRotateSpeed": -0.8,//公转速度
				"haloRotation": 180,//环初始角度
				"rotateSpeed": 0,//自转速度
				"color": "#FFD37FFF",
				"layer": 110
			},
		]
	}
    "consumes": {
        "power": 9.5
    },
    "requirements": [
        {
            "item": "copper",
            "amount": 185
        },
        {
            "item": "lead",
            "amount": 165
        },
        {
            "item": "titanium",
            "amount": 140
        },
        {
            "item": "thorium",
            "amount": 80
        },
        {
            "item": "metaglass",
            "amount": 120
        },
        {
            "item": "graphite",
            "amount": 120
        }
        {
            "item": "silicon",
            "amount": 180
        }
                {
            "item": "脉冲钢",
            "amount": 120
        }
    ],
    "shootType": {
        "type": "PointLaserBulletType",
        "damage": 30,
        "color": "#FFD37FFF",
        "hitColor": "#FFD37FFF",
        "buildingDamageMultiplier": 0.3,
        "splashDamage": 36,
        "splashDamageRadius": 32,
        "damageInterval": 6,
        "ammoMultiplier": 1
    }
}