{
 "name":"立场传送带",//内容物名称
 "type":"StackConveyor",//种类
 "description":"",//内容物描述
 "details":""
 "size":1,
 "health":500,
 "category": "distribution",//类别
"displayedSpeed":288,
 "requirements":[
  {"item":"graphite","amount":2}
  {"item":"silicon","amount":2}
  {"item":"脉冲钢","amount":3}
  "基础芯片/4"
  ],//建造消耗的材料
  "hasPower": true,
  "conductivePower":true,
    "consumes": {"power":0.0166666666667}
 "itemCapacity":70,//物品容量
 "insulated":false,//绝缘
 "speed":0.12,//传送带速度
 "rebuildable":true,//是否能重建
 	"hasPower":true,
"consumesPower":true,
"conductivePower":true,
"outputsPower":true,
"consumes":{"powerBuffered":800}
	"research": {
		"parent": "电荷传送带",
		"objectives": [
        "脉冲钢"
    ]
}
}