{
	"type": "ItemTurret",
	"name": "蛋形喷火器",
	"health": 860,
	"size": 2,
	"reload": 2,
	"range": 70.4,
	"maxAmmo": 40,
	"shootSound": "flame",
	"targetGround": true,
	"targetAir": true,
	"rotateSpeed": 8,
	"consumes": {
		"power": 1
	},
	"recoil": 2,
	"recoilTime": 105,
	"cooldownTime": 105,
	"heatColor": "f68021",
	"shootY": 3.5,
	"ammoTypes": {
		"pyratite": {
			"type": "BulletType",
			"damage": 58,
			"hitSize": 10,
			"pierceBuilding": true,
			"hittable": false,
			"absorbable": false,
			"pierce": true,
			"status": "装甲弱化",
			"statusDuration": 360,
			"speed": 8,
			"lifetime": 8.8,
			"ammoMultiplier": 6,
	        "buildingDamageMultiplier":0.25
			"shootEffect": {
				"type": "ParticleEffect",
				"particles": 13,
				"lifetime": 26,
				"sizeFrom": 1.34,
				"sizeTo": 0,
				"interp": "pow5Out",
				"sizeInterp": "pow10In",
				"length": 82,
				"baseLength": 0,
				"colorFrom": "79CCD2FF",
				"colorTo": "f68021A8",
				"cone": 12
			},
			"smokeEffect": {
				"type": "ParticleEffect",
				"particles": 3,
				"line": true,
				"strokeFrom": 1.8,
				"strokeTo": 0,
				"lenFrom": 20,
				"lenTo": 8,
				"length": 89,
				"baseLength": 0,
				"lifetime": 12,
				"colorFrom": "FFFFFF",
				"colorTo": "FFE176",
				"cone": 10
			},
			"hitEffect": {
				"type": "MultiEffect",
				"effects": [
					{
						"type": "ParticleEffect",
						"particles": 2,
						"line": true,
						"strokeFrom": 1.3,
						"strokeTo": 0,
						"lenFrom": 8,
						"lenTo": 8,
						"length": 91,
						"baseLength": 0,
						"lifetime": 15,
						"colorFrom": "6FA7D4FF",
						"colorTo": "FFE176",
						"cone": 23
					},
					{
						"type": "ParticleEffect",
						"particles": 4,
						"lifetime": 10,
						"sizeFrom": 3,
						"sizeTo": 0,
						"colorFrom": "79CCD2FF",
						"colorTo": "FF8C00"
					}
				]
			},
			"despawnEffect": "none"
		},
	},
	"requirements": [
		"copper/180",
		"lead/120",
		"graphite/80",
		"silicon/50"
	],
	"category": "turret",
	"research": "scorch"
}