{
	"type": "PowerTurret",
	"name": "辉光",
	"description": "小型激光炮塔",
	"health": 380,
	"size": 1,
	"range": 104,
	"reload": 80,
	"cooldownTime": 350,
	"chargeTime":60,
	"recoil": 2,
	"recoilTime": 80,
	"shootY": 4,
	"shootCone": 3,
	"rotateSpeed": 5,
	"minWarmup": 0.9,
	"shootWarmupSpeed": 0.08,
	"consumes": {
		"power": 3.5,
		"coolant": {
			"amount": 0.3,
			"optional": true
		}
	},
	"liquidCapacity": 40,
	"moveWhileCharging": false,
	"shootSound": "laser",
	"shootEffect":"lancerLaserShoot",
	"shootType": {
		"type": "LaserBulletType",
		"damage":30,
		"length": 104,
		"lifetime": 21,
		"hitSize": 4,
		"drawSize": 350,
        "pierceCap":1,
		"ammoMultiplier": 1,
		"hitEffect": "hitLancer",
		"despawnEffect": "none"
		"status":"shocked"
        "buildingDamageMultiplier":0.25,}
        "shootEffect": {//炮口特效
		"type": "ParticleEffect",
		"region":"古代科技-棱",//贴图
		"particles": 2,//数量
		"length": 40,//长度
		"lifetime": 48,//存在时间
		"interp": "circleOut",
		"sizeInterp": "pow5Out",
		"cone": 180,//角度
		"colorFrom": "EDF1FFFF",
		"colorTo": "EDF1FFFF",
		"sizeFrom": 7,
		"sizeTo": 0
		}
	"requirements": [
		"lead/20",
		"copper/14",
		"graphite/20",
		"silicon/10"
	],
	"category": "turret",
	"research": "arc"
}