{
"type": "ImpactReactor",
"name": "钍聚变堆",
"description": "[yellow]使用了来自喵子的神秘能量",
"size": 4,
"health": 4500,
"itemCapacity": 60,
"liquidCapacity":90,
"hasLiquids": true,
"hasItems": true,
"itemDuration":120,
"outputsPower": true,
"powerProduction": 160,
"drawer": {
"type": "DrawMulti",
"drawers": [
{
"type": "DrawRegion",
"suffix": "-bottom"
}
{
"type": "DrawPlasma",
"plasma1": "E6F6FFFF",
"plasma2": "B4E5FFFF"
}
"DrawDefault"
]}
	"consumes": {
    	"power":32.5,
    	"liquid":{
    		"liquid":"cryofluid","amount": 0.8
    	},
    	"items": {
        	"items": [
            	{ "item": "thorium",
            	"amount": 2 /*数量*/}
            ],
    	}
	},
	"requirements": [
		"silicon/1480",
		"metaglass/900",
		"copper/2380",
		"lead/2200",
		"titanium/1200",
		"thorium/800",
		"surge-alloy/350",
		"基础芯片/600"
        ],
        "category": "power",
        "research":"大型钍反应堆"
}