{
"type":"Drill",
"name":"钛金钻头",
"description":"对矿物进行开采，采矿速度比气动钻头更快",
"health":240,
"rotateSpeed":2.8,
"liquidCapacity":5,
"size":2,
"tier":3,
"drillTime":340,
"requirements":[
{"item":"copper","amount":24},
{"item":"titanium","amount":16},
{"item":"graphite","amount":14},  ]
"consumes":{
"liquid":{"liquid":"water","amount":0.07000001,
"booster":true,"optional":true,    }   },
"liquidBoostIntensity":1.6,
"category":"production",
"research":"pneumatic-drill",
}