{
"name":"钻井平台" ,
"description":"用高压强钻碎地壳后直接抽取石油",
"type": "SolidPump",
"health": 680,
"size": 3,
"floating":true,
"hasPower": true,
"hasLiquids": true,
"liquidCapacity": 120,
	"requirements": [
		{"item": "lead", "amount":120}
	    {"item": "silicon", "amount": 140},
		{"item": "graphite", "amount": 80},
		{"item": "metaglass", "amount":75},
		{"item": "plastanium", "amount":40}
		"基础芯片/60"
],
"consumes": { "power": 12.5},
"pumpAmount": 0.5,
"rotateSpeed": 1.3,
"result":"oil",
"baseEfficiency": 1,
"attribute": "oil",
"category": "production",
"research": "oil-extractor"
}