{
	"type": "GenericCrafter",
	"name": "闪耀芯片覆盖机",
    "description":"使用巨浪合金重构基础芯片"
	"health": 980,
	"outputItem": "闪耀芯片/3",
	"size": 3,
	"hasPower": true,
	"hasLiquids": false,
	"hasItems": true,
	"craftTime": 60,
	"itemCapacity": 10,
	"drawer": {
		"type": "DrawMulti",
		"drawers": [
			{
				"type": "DrawRegion",
				"suffix": "-bottom"
			},
			{
				"type": "DrawFade",
				"scale": 1.13,
				"alpha": 0.99
			},
//			"DrawWeave",
			"DrawDefault"
		]
	},
	"consumes": {
		"power": 8,
		"items": [
			"surge-alloy/1",
			"基础芯片/2"
		]
	},
	"requirements": [
	    "surge-alloy/40",
		"thorium/70",
		"lead/80",
		"silicon/60",
		"graphite/60"
		"基础芯片/70"
		"plastanium/60",
	],
	"category": "crafting",
	"ambientSound": "techloop",
	"ambientSoundVolume": 0.35,
	"research":"芯片打印机"
}