{
"type":"CoreBlock",
"name":"雷霆核心",
"description":"专精辅助的四代核心",
"unitType":"重生",
"unitCapModifier":64,
"armor":20,
"health":26000,
"size":6,
"itemCapacity":80000,
"insulated":true
"absorbLasers":true,
	 	"requirements": [
		"copper/10000",
		"lead/10000",
		"thorium/6000"
		"silicon/8000"
		"基础芯片/6000"
		"metaglass/6000"
		{"item":"plastanium","amount":2000},
{"item":"glass-alloy","amount":1500},
	],
"researchCostMultiplier":50,
"category":"effect",
"research":"core-nucleus",
}