{
	"type": "GenericCrafter",
	"health": 420,
	"name": "高温窑炉",
	"description": "使用硫化物制造钢化玻璃",
		"drawer":{
"type":"DrawMulti",
"drawers":[
"DrawDefault",
"DrawFlame",
]}
	"outputItem": {
	"item": "metaglass", "amount": 5
	},
	"itemCapacity":20,
	"size": 3,
	"hasPower": true,
	"hasLiquids": false,
	"hasItems": true,
	"craftTime": 60,
	"consumes": {
	"power": 3,
	"items": {
		"items": [
	{ "item": "lead", "amount": 4 },
	{ "item": "sand", "amount": 6 },
	{ "item": "pyratite", "amount": 1 },
			]	},}
	"requirements": [
	{ "item": "copper", "amount": 110 },
	{ "item": "lead", "amount": 90 },
	{ "item": "titanium", "amount": 40 },
	{ "item": "silicon", "amount": 40 },
	{ "item": "graphite", "amount": 65 },
	],
	"category": "crafting",
	"research": "kiln"
 }