{
	"type":"BurstTurret",
	"name":"加农",
	"description":"终极炮塔。浪涌的升级版。向远处的敌人发射炮弹。群体伤害极高。",
	"size":4,
	"health":2860,
	"ammoPerShot":1,
	"range":220,
	"reload":90,
	"inaccuracy":5,
	"shots":1,
	"ammoUseEffect": "shellEjectBig",
	"shootEffect":"shootBig",
	"smokeEffect":"shootSmallSmoke",
	"shootSound":"cannon",
	"rotatespeed":10,
	"maxAmmo":10,
	"targetAir":false,
	"targetGround":true,
	"coolantMultiplier":10,
	"burstSpacing":10,
	"ammo":{
		"shell":{
			"type":"ArtilleryBulletType",
			"bulletWidth":15,
			"bulletHeight":15,
			"speed":8,
			"damage":150,
			"lifetime":120,
			"ammoMultiplier":1,
			"inaccuracy":0,
			"hitSize":15,
			"collidesTiles":true,
			"collidesTeam":false,
			"collidesAir":true,
			"collides":true,
			"keepVelocity":true,
			"hitEffect":"flakExplosionBig",
			"splashDamage":250,
			"splashDamageRadius":40,
			"trailEffect":"artilleryTrail",
			"drag":0.03,
			"bulletShrink":0.4
		}
	},
	"requirements": [
		{ "item":"iron","amount":325},
		{ "item":"brass","amount":500},
		{ "item":"bronze","amount":500},
		{ "item":"surge-alloy","amount":100},
	],
	"category": "turret",
	"research": "ripple"
}