{
	"type": "itemTurret",
	"name": "分散",
	"description": "大型炮塔，一次发射多发弹药。对群体敌人十分有效。",
	"health": 900,
	"size": 3,
	"cooldown":1,
	"reload": 60,
	"range": 120,
	"shots": 18,
	"ammoUseEffect": "shellEjectSmall",
	"shootEffect":"shootBig",
	"smokeEffect":"shootBigSmoke2",
	"shootSound":"none",
	"inaccuracy": 10,
	"rotatespeed": 5,
	"maxAmmo":90,
	"ammo": {
		"shotgun-strip": {
			"speed": 10,
			"lifetime": 15,
			"damage": 30,
			"bulletWidth": 10,
			"bulletHeight": 10,
			"shootEffect": "shootSmall",
			"smokeEffect": "shootSmallSmoke",
			"reloadMultiplier":1,
			"ammoMultiplier": 24,
			"keepVelocity":true,
			"hitsize": 3,
			"hitEffect":"hitBulletBig"
		},
		"incendiary-shotgun-strip": {
			"speed": 10,
			"lifetime": 15,
			"damage": 35,
			"bulletWidth": 15,
			"bulletHeight": 15,
			"shootEffect": "shootSmall",
			"smokeEffect": "shootSmallSmoke",
			"reloadMultiplier":1,
			"ammoMultiplier": 24,
			"keepVelocity":true,
			"hitsize": 3,
			"status": "burning",
			"hitEffect":"hitBulletBig"
		}
	},
	"requirements": [
		{ "item": "iron", "amount": 160  },
		{ "item": "brass", "amount": 120 },
		{ "item": "titanium", "amount": 80 }
	],
	"category": "turret",
	"research": "sentry"
}