{
	"type":"BurstTurret",
	"name":"哨兵",
	"description":"中型炮塔，向敌人以较快的速度射出子弹。",
	"size":2,
	"health":1000,
	"ammoPerShot":1,
	"range":150,
	"reload":15,
	"inaccuracy":2,
	"ammoUseEffect": "shellEjectMedium",
	"shootEffect":"shootSmall",
	"smokeEffect":"shootSmallSmoke",
	"shootSound":"none",
	"shots":1,
	"rotatespeed":5,
	"maxAmmo":20,
	"targetAir":true,
	"targetGround":true,
	"coolantMultiplier":10,
	"burstSpacing":10,
	"ammo":{
		"cartridge-clip":{
			"type":"BasicBulletType",
			"bulletWidth":3,
			"bulletHeight":15,
			"speed":8,
			"damage":15,
			"ammoMultiplier":4,
			"inaccuracy":0,
			"hitSize":5,
			"collidesTiles":true,
			"collidesTeam":false,
			"collidesAir":true,
			"collides":true,
			"keepVelocity":true,
			"hitEffect":"hitBulletBig"
		},
		"armour-piercing-cartridge-clip":{
			"type":"BasicBulletType",
			"bulletWidth":4,
			"bulletHeight":20,
			"speed":7,
			"damage":30,
			"ammoMultiplier":4,
			"inaccuracy":0,
			"hitSize":8,
			"collidesTiles":true,
			"collidesTeam":false,
			"collidesAir":true,
			"collides":true,
			"keepVelocity":true,
			"hitEffect":"hitBulletBig"
		},
		"depleted-uranium-cartridge-clip":{
			"type":"BasicBulletType",
			"bulletWidth":5,
			"bulletHeight":25,
			"speed":6,
			"damage":60,
			"ammoMultiplier":4,
			"inaccuracy":0,
			"hitSize":8,
			"collidesTiles":true,
			"collidesTeam":false,
			"collidesAir":true,
			"collides":true,
			"keepVelocity":true,
			"hitEffect":"hitBulletBig"
		}
	},
	"requirements": [
		{ "item":"aluminium","amount":80},
		{ "item":"tin","amount":40},
		{ "item":"steel","amount":70},
		{ "item":"titanium","amount":60}
	],
	"category": "turret",
	"research": "vanguard",
}