{
    "type": "GenericCrafter",
    "name": "升级钍分解机",
    "description": "将升级钍分解",
    "outputItem": {
        "item": "thorium",
        "amount": 4
    },
    "size": 3,
    "itemCapacity": 20,
    "hasItems": true,
    "craftTime": 30,
    "consumes": {
        "items": {
            "items": [
                {
                    "item": "升级钍",
                    "amount": 2
                }
            ]
        }
    },
    "requirements": [
        {
            "item": "copper",
            "amount": 10
        },
        {
            "item": "titanium",
            "amount": 10
        },
        {
            "item": "graphite",
            "amount": 10
        },
                {
            "item": "lead",
            "amount": 10
        }
    ],
    "category": "crafting",
	"ambientSound": "smelter",
	"research": "钍升级机"
}