{
	"name": "序章1",
	"description": "这是一颗陨落的行星，收集星核，赢得后续的胜利.",
	"loadout": "bXNjaAB4nGNgYmBiZGDJS8xNZWB/tmDH0/3NhowMSs9mzH++ctezjhlPdnW+bO99vnfd884O3WfTp7/o2ABRxcDAwMgABwBc/B4N",
    "startingItems": [
    	{"item": "copper", "amount": 1},
    ],
    "conditionWave": 10,
    "launchPeriod": 5,
    "requirements": [
    	{
    		"type": "ZoneWave",
    		"zone": "desolateRift", 
    		"wave": 3
    	},
    	{
    		"type": "Unlock",
    		"block": "kiln"
    	}
    	{
    		"type": "Unlock",
    		"block": "solar-panel"
    	}
    ],
    "resources": ["copper"]
}
