{
	"type":"Reconstructor",
	"name":"低级单位改造工厂",
	"description":"将输入的单位改造为另一种形态……",
 	"health":360,
	"size":3,
	"consumes":{
		"power":3.5,
		"items": {
			"items": [
			 	{ "item": "silicon", "amount":30},
				{ "item": "graphite", "amount":45 },
				{ "item":"titanium", "amount":75},
				]
		}
		//"liquid":{
			//"liquid":"water",
			//"amount":2
		//}
	},
	//升级单位消耗的资源(电力，液体，固体均为可选)
	"upgrades":[
 		["mono","蜂鸟"],
 		["poly","幻影"],
 		["尖刀S","尖刀SG"],
    ],
	"constructTime":600,
	//建造时间
	"requirements": [
 		{ "item": "graphite", "amount":75},
		{ "item": "silicon", "amount":50},
		{ "item": "lead", "amount":250},
	],
	"category":"units",
	"research":"additive-reconstructor"
}