{
	"name": "阿兰达单位构建工厂",
	"description": "生产从阿兰达舰队遗迹当中了解到的单位……",
	"details":"因不可抗力原因，其自身以及所生产的单位的部分重要材料只能以铧金代替……"
    "health":6350,
	"size":11,
	"consumes":{
		"power":50
	},
	"plans":[
		{ "unit": "歼星", "time": 30000,"requirements": [ 
            { "item": "铧金", "amount": 1350},
            { "item": "silicon", "amount": 3500},
			{ "item": "surge-alloy", "amount": 500},
			{ "item": "plastanium", "amount": 2000},
			{ "item": "phase-fabric", "amount": "650"}
			{ "item": "thorium", "amount": 6000}
			]
	},
	{ "unit": "天河", "time": 42000, "requirements": [ 
            { "item": "铧金", "amount": 1850},
            { "item": "silicon", "amount": 6000},
			{ "item": "surge-alloy", "amount": 950},
			{ "item": "plastanium", "amount": 4000},
			{ "item": "phase-fabric", "amount": "500"},
			{ "item": "thorium", "amount": 8000},
			{ "item": "metaglass", "amount": 7000},
			]
	},
	],
	"requirements": [
            { "item": "铧金", "amount": 500},
            { "item": "lead", "amount": 5000},
            { "item": "titanium", "amount": 1500},
			{ "item": "silicon", "amount": 3500},
			{ "item": "plastanium", "amount": 1500},
			{ "item":"thorium", "amount": 2000},
			{ "item": "surge-alloy", "amount": 500},
			{ "item": "phase-fabric", "amount": 250}
		],
	"category":"units",
}