{
	"type": "Conveyor",
	"name": "真空管道",
    "description": "利用负压进行移动物品",
	"health": 110,
	"baseExplosiveness": 5,
	"hasShadow": true,
	"destroyBullet": {
		"type": "PointBulletType",
		"hitShake": 2,
		"splashDamageRadius": 25,
		"splashDamage": 30,
		"status": "unmoving",
		"statusDuration": 30,
		"speed": 0,
		"lifetime": 2,
		"collides": false,
		"despawnEffect": {
			"type": "WaveEffect",
			"lifetime": 10,
			"sizeFrom": 0,
			"sizeTo": 30,
			"strokeFrom": 3,
			"strokeTo": 0,
			"colorFrom": "FFDEAD",
			"colorTo": "FFDEAD"
		},
		"hitEffect": "none"
	},
	"requirements": [
		"赤铜/1"
	],
	"researchCostMultiplier": 1,
	"category": "distribution",
	"research": "简易传送带",
	"bridgeReplacement": "phase-conveyor",
	"junctionReplacement": "inverted-sorter",
	"speed": 0.25,
	"displayedSpeed": 15
}