{
    "name":"雪地",
    "type":"Floor",
    "variants":3,
    //贴图数量
    "speedMultiplier":0.95,
    //单位在上面的速率
    "dragMultiplier":0.9,
    //地板减速倍率
    "damageTaken":0,
    //单位在上面受到的伤害
    "hasShadow":false,
    //是否有阴影
    "hidden":false,//隐藏
//    "status":"spore-slowed",
//    "statusDuration":12,//效果的持续时间
    "attributes":{
            "heat":0,
            "spores":0,
            "water":0,
            "oil":0,
    },//地板属性
}