{
"type":"RegenProjector"
"name":"修复投影仪"
"description":"修复附近受损建筑"
	"hasLiquids": true,
"healPercent": 0.33,
"drawer": {
    "type": "DrawMulti",
    "drawers": [
      {
        "type": "DrawRegion",
        "suffix": "-bottom"
      },
       "DrawDefault"
      {
        "type": "DrawGlowRegion",
        "color": "D1EFFFFF"
      },
    ]
  },
"size":3
 "requirements": [
    "tungsten/10"
    "silicon/20"
  ]
    "research": "铋墙",
 "category": "effect",
"baseColor":"6569C9FF"
"health":200
"range":15
 "consumes": {
		"power": 1.5,
}
}