{
    "name":"完全掌握"
    //"description":"有效抑制孢兽的恢复并对其造成伤害。",
    "damageMultiplier":1.2,
	//攻击力倍率（数值越大，攻击力越高）
	"healthMultiplier":1.2,
	//血量倍率（数值越大，血量最大上限越高）
	"speedMultiplier":1.2,
	//速度倍率（数值越大，移动越快）
	"reloadMultiplier":1.2,
	//射速倍率（数值越大，射速越快）
	"damage":-0.2,
	//每1/60秒扣血速度（负数为回血）
	"permanent":false,
	//如果为ture
	//这个状态永远存在于此单位身上，除非单位死亡
	//如果为false 则没有永远存在的效果
	"reactive":false,
	//如果为true，则此效果将仅与其他效果反应无法应用
	"color":"6B4ECAFF",
	//状态颜色
	"disarm":false,
	//是否解除武装
	"show":true,
	//是否显示
	"effect": {
	    "type":"ParticleEffect"
	    "particles":1
	    "length":0
	    "lifetime":38
	    "sizeFrom":1
	    "sizeTo":3
	    "colorFrom":"71EB9AFF"
	    "colorTo":"47CC7DFF"
	}
	"effectChance":1
	//效果数量（数值越大,效果越多越密集）
}