{
	"type": "flying",
	"name": "锆采集者",
	"description": "自动开采锆并运回核心中",
	"speed":1.5,
		"drawCell":false,
    "defaultController": "MinerAI",
	"rotateSpeed":2,
	"flying":true,
	"health":100,
	"armor":2 ,
	"hitSize":10,
	"engineOffset":3,
	"engineSize":2,
	"lowAltitude":true,
	//低空
	//"payloadCapacity":1600,
	//载荷（64为1²格）
	"itemCapacity":15,
	//物品容量
	"mineSpeed":1.5,
	//挖矿速度
    "mineTier":1,
    //挖矿等级:0沙、废料；1铜、铅；2煤；3钛；4钍
    "mineItems":["锆"],
    //"buildSpeed":0.5,
    //建筑速率
    //"buildBeamOffset":27,
    //建筑波束偏移
   // "immunities":[
       // "基因崩溃",
       // "孢子抑制",
        //"触礁",
      //  ],
 	"research": {
	"parent": "锆采集工厂"//科技树前置
	"requirements": [//研究花费
	"锆/30",
	]	 },
}
