{
	"type": "GenericCrafter",
	"name": "大型塑料冶炼厂",
	"description": "使用更先进的技术制造塑料。",
	"details": "",
	"liquidCapacity": 120,
	"outputItem": {"item": "塑料", "amount": 9 },
	"size": 4,
	"hasPower": true,
	"hasLiquids": true,
	"hasItems": true,
	"itemCapacity": 40,
	"craftTime": 55,
	"consumes": {
	    "power": 5.9,
	    "items": {
        "items": [
        { "item": "spore-pod", "amount": 3 }
        ]
	},
		"liquid": {
		"liquid": "oil",
		"amount": 0.15
		}
},
	"requirements": [
		{ "item": "铜板", "amount": 85 },
		{ "item": "Heavy_Lead_Slab", "amount": 75 },
		{ "item": "钛板", "amount": 35 },
		{ "item": "塑钢板", "amount": 50 },
		{ "item": "塑料", "amount": 150 },
		{ "item": "metaglass", "amount": 120 }
	],	
"drawer":[
	    {
	        "type":"DrawDefault"
	    },
	    {
	        "item": "DrawMulti"
	    },
	    {
            "type": "DrawFlame",
            "flameRadius": 4.8,
            "flameRadiusIn": 2.8,
            "flameRadiusScl": 5,
            "flameRadiusMag": 2,
            "flameRadiusInMag": 1,
            "flameColor": "D4D4D4FF"
	    }
	],
	"category": "crafting",
	"alwaysUnlocked": true,
	"research": "塑料制造厂"
    "craftEffect":"formsmoke"
	"updateEffect":"smeltsmoke"
	"updateEffectChance":0.1
}
