{
	"type": "GenericSmelter",
	"name": "Forge S200-Titanium Plus",
	"description": "Upgrades Tithorium to Super Tithorium.",
	"health": 5000,
	"itemCapacity": 40,
	"outputItem": {"item": "super-tithorium", "amount": 1},
	"size": 3,
	"hasPower": true,
	"hasItems": true,
	"craftTime": 120,
	"updateEffect": "smeltsmoke",
	"consumes": {
		"power": 2.8,
		"items": {
			"items": [
				{ "item": "tithorium", "amount": 3 },
				{ "item": "thorium", "amount": 20 }
			]
		}
	},
	"requirements": [
		{ "item": "tithorium", "amount": 30 },
		{ "item": "titanium", "amount": 120 },
		{ "item": "silicon", "amount": 75 },
		{ "item": "dark-steel", "amount": 100 }
	],
	"category": "crafting",
	"idleSound": "respawning",
	"idleSoundVolume": 0.5
	"research": "forge-1"
}
