{
	"name":"地层侵彻装置",
	"type":"BurstDrill",
	"description":"侵袭地下。"
	"details":"我入，我入，我入入入"
	"size":4,
	"health":1920,//每格120
	"tier":6,
	"drillTime":30,
	"drillEffect":"mineBig",
	"updateEffect":"mineBig",
	"drawMineItem":true,
	"consumes": {
	    "power":20
	},
	"hasItem":true,
	"itemCapacity":100,
	"hasLiquid":false,
	"requirements":[
		"lead/200","silicon/160"
		"graphite/150","titanium/120",
		"thorium/150"
	],
	"category":"production",
	"research":"复深杆钻头-2",
	"buildCostMultiplier":0.5
	"researchCostMultiplier":0.7
}