{
   "type":"GenericCrafter",
   "name":"基因培养中枢",
   "description":"转基因培养技术的前沿作品之一，此为后勤生产款。分层温室的结构令内部面积获得提升。",
   "health":14700,//每格300
   "armor":25,
   "size":7,
   "craftTime":6,
   "hasItem":true,
   "itemCapacity":1600,
   "hasLuquid":true,
   "luquidCapacity":1200,
   "hasPower":true,
   "consumes":{
       "power":80,
       "liquid":{
           "liquid":"water",
           "amount":2
       },
       "items":[
       "spore-pod/5",
       "碳水化合物/2",
       "氨基酸/2"
       ]
   },
   "requirements":[
       "lead/3200","titanium/1600",
       "thorium/1500","surge-alloy/1300",
       "phase-fabric/1250","钨/800",
       "钍铅钢/1000","铀/800"
   ],
   "outputItem":"spore-pod/30",
   "category": "production",
   "research": "cultivator",
   "buildCostMultiplier":0.4
} 