{
	"name": "多螺杆钻头",
	"type": "Drill",
	"description":"多螺杆开采矿物，前期矿产必备。造价相对高昂，但在效率面前可以舍弃。"
	"size": 2,
	"health": 160,//每格40
	"tier": 2,
	"drillTime": 100,
	"hardnessDrillMultiplier": 0.8,
	"liquidBoostIntensity": 1.5,
	"canOverdrive": true,
	"warmupSpeed": 0.02,
	"drillEffect": "mineBig",
	"updateEffect": "mineBig",
	"rotateSpeed": 5,
	"drawMineItem": true,
	"consumes": {
		"liquid": {
			"liquid": "water",
			"amount": 0.2,
			"booster": true,
			"optional": true
		}
	},
	"itemCapacity": 30,
	"liquidCapacity": 36,
	"requirements": [
		"copper/55",
		"lead/30",
		"graphite/20"
	],
	"category": "production",
	"research": "mechanical-drill",
	"buildCostMultiplier":0.5
	"researchCostMuptiplier":0.6
}