{
	"name": "通能油井",
	"type": "SolidPump",
	"health": 4000,//每格160
	"size": 5,
	"floating": true,
	"hasPower": true,
	"hasLiquids": true,
	"liquidCapacity": 3000,
	"requirements": [
		"lead/1750","titanium/1750",
		"metaglass/800",
		"silicon/1500","thorium/1250",
		"surge-alloy/500",
		"phase-fabric/500"
		"铀/500""石墨烯/250"
	],
	"consumes": {
		"power": 40
	},
	"pumpAmount": 5,
	"rotateSpeed": 8,
	"result": "oil",
	"baseEfficiency": 1,
	"attribute": "oil",
	"category": "production",
	"research": "通能取水节点",
	"buildCostMultiplier":0.5
}