{
	"name": "钻矿渣机",
	"type": "AttributeCrafter",
	"description":"精细化科技产物，缓慢地从地下钻探矿渣"
	"health":300,//每格300
	"size":1,
	"hasPower": true,
	"hasLiquids": true,
	"liquidCapacity": 60,
	"requirements": [
		"lead/10","titanium/30",
		"metaglass/10","silicon/10"
	],
	"consumes": {
		"power":2
	},
	"outputLiquid":"slag/0.5",
	"rotateSpeed": -0.5,
	"baseEfficiency":0.4,
	"attribute": "heat",
	"category": "production",
	"research": "water-extractor",
	"buildCostMultiplier":0.8
}