{
	"type": "flying",
	"name": "应变者T4",
	"mass": 30,
	"description": "打击中距离的敌人
	向敌人发射充能弹，适合打击敌方坚固防线",
	"speed": 4.0,	
	"drag":0.02,"accel":0.02,
	"rotateSpeed":8,
	"ammoCapacity": 800,
    "ammoResupplyAmount":4,
	"hitSize":27, 
	"buildSpeed": 0,
	"engineColor": "#FFD54F",
	"flying": true,
	"health": 8300,
	"armor":8,
	"engineOffset": 13,
	"engineSize": 5,
	"research": "3变",  
	"rotateShooting": false,
	"weapons":[ {
		"name": "落雷",
        "x": -9,  "y": 8,
	    "reload": 28,
	    "rotate": true,
	    "rotateSpeed":7,
		"shootSound": "laser",
		"alternate": true,
		"bullet":{
		    "type":"BasicBulletType",
		    "damage":25,
		    "hitTiles":true,
		    "collides":true,
		    "speed":8,   
		    "lightningDamage":18,
        	"lightning":3,
        	"lightningLength":10,
		    "lifetime":30,
		    "splashDamage":18,
	        "splashDamageRadius":30,	
	        "width":13,
	        "height":13,
            "hitEffect":"explosion",
            
            "despawnEffect":"explosion"
    }},
    {	"name": "落雷",
        "x":12,  "y": -8,
	    "reload": 23,
	    "rotate": true,
	    "rotateSpeed":7,
		"shootSound": "laser",
		"alternate": true,
		"bullet":{
		    "type":"BasicBulletType",
		    "damage":25,
		    "hitTiles":true,
		    "collides":true,
		    "speed":8,   
		    "lightningDamage":18,
        	"lightning":3,
        	"lightningLength":10,
		    "lifetime":30,
		    "splashDamage":18,
	        "splashDamageRadius":30,	
	        "width":13,
	        "height":13,
	        
            "hitEffect":"explosion",
            "despawnEffect":"explosion"
    }}
    ]
}
