{
    "type": "payload",
    "flying": true,
    "name": "工蜂",
    "controller": "DefenderAI",
    "description": "次代辅助型飞行生物，可以辅助建造并修复附近的单位，也可以发射修复子弹修复建筑。",
    "research": "次代培养机",
    "hitSize": 15,
    "engineOffset": 9,
    "engineSize": 3,
    "speed": 2,
    "health": 600,
    "itemCapacity": 60,
    "payloadCapacity": 256,
    "mineSpeed": 4,
    "mineTier": 2,
    "buildSpeed": 1,
    "lowAltitude": true,
    "drag": 0.05,
    "outlineColor": "2C2A35FF",
    "mineItems": [
        "copper",
        "lead",
        "graphite",
        "钴"
    ],
    "abilities": [
        {
            "type": "RegenAbility",
            "percentAmount": 0.025
        },
        {
            "type": "StatusFieldAbility",
            "duration": 361,
            "reload": 360,
            "range": 80,
            "effect": "overclock"
        }
    ],
    "weapons": [
        {
            "name": "工蜂-barrel",
            "reload": 30,
            "x": 0,
            "y": 3,
            "rotate": true,
            "inaccuracy": 0,
            "mirror": false,
            "shootSound": "missile",
            "bullet": {
                "type": "LaserBoltBulletType",
                "speed": 5,
                "lifetime": 32,
                "width": 2,
                "height": 8,
                "ammoMultiplier": 1,
                "healPercent": 3,
                "backColor": "98FFA9FF",
                "collidesGround": true,
                "collidesTeam": true,
                "damage": 12,
                "pierceCap": 3
            }
        },
        {
            "type": "RepairBeamWeapon",
            "repairSpeed": 0.5,
            "mirror": false
        }
    ]
}