{
    "type": "payload",
    "flying": true,
    "name": "幼蜂",
    "controller": "MinerAI",
    "description": "初代辅助型飞行生物，可以挖矿并送回核心，也可用于侦查敌军或治疗友军。",
    "research": "初代培养机",
    "hitSize": 8,
    "engineOffset": 5,
    "speed": 3,
    "health": 120,
    "itemCapacity": 30,
    "payloadCapacity": 64,
    "mineSpeed": 3,
    "mineTier": 2,
    "fogRadius": 35,
    "buildSpeed": 0.7,
    "lowAltitude": true,
    "drag": 0.05,
    "mineItems": [
        "copper",
        "lead",
        "graphite",
        "钴"
    ],
    "outlineColor": "2C2A35FF",
    "abilities": [
        {
            "type": "RegenAbility",
            "percentAmount": 0.03
        },
        {
            "type": "ForceFieldAbility",
            "radius": "8",
            "regen": 0.1,
            "max": "50",
            "cooldown": "600"
        }
    ]
}