{
    "type": "payload",
    "flying": true,
    "name": "雄蜂",
    "controller": "DefenderAI",
    "description": "终代辅助型飞行单位，可以辅助建造并修复附近的单位，也可以发射修复子弹修复建筑。拥有大型力场护盾。",
    "research": "终代培养机",
    "hitSize": 20,
    "speed": 1.6,
    "health": 3000,
    "itemCapacity": 100,
    "payloadCapacity": 576,
    "mineSpeed": 5,
    "mineTier": 3,
    "buildSpeed": 1.5,
    "lowAltitude": true,
    "drag": 0.05,
    "outlineColor": "2C2A35FF",
    "researchCostMultiplier": 0.5,
    "engines": [
        {
            "x": -4,
            "y": -12,
            "radius": 3,
            "rotation": -90
        },
        {
            "x": 4,
            "y": -12,
            "radius": 3,
            "rotation": -90
        }
    ],
    "mineItems": [
        "copper",
        "lead",
        "graphite",
        "钴",
        "镉"
    ],
    "abilities": [
        {
            "type": "RegenAbility",
            "percentAmount": 0.02
        },
        {
            "type": "ForceFieldAbility",
            "radius": "100",
            "regen": 0.5,
            "max": "800",
            "cooldown": "600"
        }
    ],
    "weapons": [
        {
            "name": "蜂后-weapon",
            "reload": 15,
            "x": 7,
            "y": 4,
            "inaccuracy": 0,
            "recoil": 3,
            "alternate": false,
            "shootSound": "lasershoot",
            "layerOffset": -0.00001,
            "bullet": {
                "type": "LaserBoltBulletType",
                "speed": 5,
                "lifetime": 32,
                "width": 2,
                "height": 8,
                "ammoMultiplier": 1,
                "healPercent": 3,
                "backColor": "98FFA9FF",
                "collidesGround": true,
                "collidesTeam": true,
                "damage": 25,
                "pierceCap": 3
            }
        },
        {
            "type": "RepairBeamWeapon",
            "repairSpeed": 0.5,
            "mirror": false
        }
    ]
}