{
    "health": 860,
    "details": "新的能量供应系统，点防御装置功率提升，离子火焰喷射器向攻城方面特化，新增放电能力\n不能放电的电鳗也敢称自己为电鳗？\n我看你像个Spiderman！",
    "range": 70,
    "weapons": [
        {
            "name": "玄武1",
            "type": "PointDefenseWeapon",
            "x": 0,
            "y": -1,
            "mirror": false,
            "rotate": true,
            "recoil": 0,
            "rotateSpeed": 10,
            "reload": 7.5,
            "targetInterval": 7,
            "targetSwitchInterval": 7,
            "bullet": {
                "shootEffect": "sparkShoot",
                "hitEffect": "pointHit",
                "maxRange": 130,
                "damage": 18
            }
        },
        {
            "name": "电鳗1",
            "x": 4.5,
            "y": 6.5,
            "reload": 7.2,
            "shootY": 2,
            "rotate": true,
            "rotateSpeed": 6,
            "inaccuracy": 10,
            "alternate": true,
            "top": false,
            "shootSound": "flame",
            "ejectEffect": "none",
            "cooldownTime": 120,
            "bullet": {
                "type": "BulletType",
                "collidesTeam": true,
                "healPercent": 3,
                "speed": 10,
                "lifetime": 7,
                "knockback": 0.5,
                "hitSize": 7,
                "damage": 32,
                "pierce": true,
                "pierceBuilding": true,
                "pierceCap": 5,
                "smokeEffect": {
                    "type": "ParticleEffect",
                    "particles": 5,
                    "line": true,
                    "strokeFrom": 1.4,
                    "strokeTo": 0.2,
                    "lenFrom": 18,
                    "lenTo": 10,
                    "length": 78,
                    "baseLength": 0,
                    "lifetime": 12,
                    "colorFrom": "97ffa8",
                    "colorTo": "97ffa8",
                    "cone": 11
                },
                "hitEffect": {
                    "type": "ParticleEffect",
                    "particles": 4,
                    "lifetime": 10,
                    "sizeFrom": 3,
                    "sizeTo": 0,
                    "colorFrom": "97ffa8",
                    "colorTo": "97ffa8"
                },
                "despawnEffect": "none",
                "statusDuration": 300,
                "status": "burning"
            }
        },
        {
            "name": "电鳗2",
            "reload": 540,
            "x": 0,
            "y": 0,
            "mirror": false,
            "shootCone": 360,
            "rotate": false,
            "controllable": false,
            "autoTarget": true,
            "inaccuracy": 360,
            "shootY": 0,
            "shoot": {
                "type": "ShootPattern",
                "firstShotDelay": 24,
                "shots": 10
            },
            "shootStatusDuration": 24,
            "shootStatus": "unmoving",
            "chargeSound": "lasercharge2",
            "shake": 2.2,
            "shootSound": "spark",
            "bullet": {
                "type": "LightningBulletType",
                "damage": 23,
                "chargeEffect": {
                    "type": "WaveEffect",
                    "lifetime": 23,
                    "sizeFrom": 26,
                    "sizeTo": 0,
                    "strokeFrom": 0,
                    "strokeTo": 8,
                    "colorFrom": "7CF389",
                    "colorTo": "7CF389"
                },
                "lightningColor": "97FFA8FF",
                "hitColor": "97FFA8FF",
                "lightningLength": 8,
                "lightningLengthRand": 18,
                "shootEffect": "shootHeal",
                "smokeEffect": "none",
                "healPercent": 2,
                "collidesTeam": true,
                "hitEffect": "hitLancer",
                "despawnEffect": "none",
                "status": "shocked"
            }
        }
    ]
}