{
  "type":"OverdriveProjector",//种类
  "name":"加固版微型超速",//名称
  "description":"erekir第一个超速，体型微小，效率低，受制于erekir的环境影响，如果没有材料的突破可能，该超速及唯一超速",//描述
  "reload":600,//速度加成间隔
  "phaseRangeBoost":80,//加速速度加成范围增加
  "range":80,//速度加成范围
  "speedBoost":1.5,//速度加成
  "speedBoostPhase":0.5,//加速速度加成倍数
  "useTime":600,//加速时间
  "health":120,//生命
  "itemCapacity":10,//物品容量
  "size":1,//大小
  "hasPower":true,//是否需要能量
  "hasItems":true,//是否需要物品
  "consumes":{
    "power":0.4,//消耗的能量
    "items":{
      "items":[
      {"item":"graphite","amount":10}
      ],//生产消耗的材料
      "booster":true,//是否当做加速物品
      "optional":true,//是否当做加速物品
    }
  }
  "requirements":[
  {"item":"beryllium","amount":100}
    {"item":"graphite","amount":50}
      {"item":"silicon","amount":30}
  ],//建造消耗的材料
  "category":"effect",//游戏界面分类
  "research":/*core-bastion*/"beam-node",//科技树前一项
  "rebuildable":true,//是否能重建
  "buildCostMultiplier":0.8,//建造时间倍率
}