{
  "type": "unitFactory",
  "name": "初级单位工厂",
  "description": "制造一些小单位，这些T1单位可进一步升级",
  "size": 3,
  "consumes": {
    "power": 1.2
  },
  "plans": [
    {
      "unit": "seed",
      "requirements": [
        "lead/30",
        "silicon/30"
      ],
      "time": 2400
    },
    {
      "unit": "lancer-drone",
      "requirements": [
        "lead/15",
        "silicon/15"
      ],
      "time": 1200
    },
    {
      "unit": "mela",
      "requirements": [
        "silicon/30",
        "metaglass/45"
      ],
      "time": 3000
    },
    {
      "unit": "apis",
      "requirements": [
        "lead/15",
        "silicon/15"
      ],
      "time": 1200
    },
    {
      "unit": "alba",
      "requirements": [
        "silicon/25",
        "metaglass/30",
        "titanium/25"
      ],
      "time": 3600
    },
    {
      "unit": "annax",
      "requirements": [
        "scrap/40",
        "silicon/30",
        "lead/20"
      ],
      "time": 2400
    },
    {
      "unit": "sambuca",
      "requirements": [
        "silicon/40",
        "lead/30",
        "titanium/20"
      ],
      "time": 3000
    },
    {
      "unit": "aedes",
      "requirements": [
        "silicon/30",
        "lead/20",
        "graphite/20"
      ],
      "time": 1600
    }
  ],
  "requirements": [
    "copper/90",
    "lead/110",
    "silicon/40",
    "metaglass/60"
  ],
  "category": "units",
  "research": "mod-gate-factories"
}
