{
    "type": "Reconstructor",
    "name": "进步级单位重构工厂",
    "description": "将单位升级至最后一级（T4）",
    "health": 7200,
    "size": 13,
    "constructTime": 21600,
    "upgrades": [
        ["plant", "corax"],
        ["kestrel", "sps"],
        ["arnux", "japonica"],
        ["ducalis", "hive"],
        ["aestiva", "altaic"],
        ["auratus", "test"],
        ["springald", "onager"],
        ["onirion", "culiseta"]
    ],
    "consumes": {
        "power": 30,
        "liquid": {
          "liquid": "neutron-fluid",
          "amount": 0.8
        },
        "items": {
            "items": [
              "silicon/800",
                "living-steel/600",
                "plastanium/660",
                "surge-alloy/550",
                "phase-fabric/450"
            ]
        }
    },
    "requirements": [
      "living-steel/2000",
        "thorium/1500",
        "silicon/3800",
        "plastanium/700",
        "phase-fabric/700",
        "surge-alloy/920"
    ],
    "category": "units",
    "research": "advanced-reassembly-chamber"
 }
