{"type": "ThermalGenerator",
"name": "地热反应堆",
"description": "效率海星",
"size": 3,
"health": 800,
"itemCapacity": 5,
"liquidCapacity": 100,
"generateEffect":"reactorsmoke"
"floating":true,
"hasLiquids": false,
"hasItems": true,
"liquidBoostIntensity":100.0,
"powerProduction": 7,
"booster":true,
"requirements": [
{"item": "titanium", "amount": 150},
{"item": "lead", "amount": 150},
{"item": "silicon", "amount": 120},
{"item": "thorium", "amount": 120}
{"item": "metaglass", "amount":100}
],
"category": "power",
"research": "thermal-generator"}