{
"type": "ConsumeGenerator"
,"name": "大型火力发电机",
"description": "前期巨好用",
"size": 2,
"minItemEfficiency":1,
"health": 300,
"itemCapacity": 30,
"hasLiquids": false,
"hasItems": true,
"powerProduction": 3,
"consumes": {
    "items": {
     "items": [
      { "item": "coal","amount": 1 }
     ]
    }
},
"requirements": [
            {"item": "lead","amount": 40},
            {"item": "copper","amount": 50},
            {"item": "titanium","amount": 30},
                ],
                "category": "power",
                "research":"combustion-generator",
                "itemDuration":40,
"drawer": {
	"type": "DrawMulti",
	"drawers": [
	 "DrawDefault",
		{
		 "type" : "DrawParticles",
		 "color" : "D86E56FF",
		 "alpha" : 0.6,
		 "particles" : 30,
		 "particleLife" : 60,
		 "particleRad" : 8,
		 "particleSize" : 2,
		 "fadeMargin" : 0.5,
		 "rotateScl" : 4,
		"reverse" : false
	},
		 "DrawFlame",
	]
},
}