{
"type": "ConsumeGenerator"
,"name": "废料发电机",
"description": "废料，永远的神",
"size": 3,
"minItemEfficiency":1,
"health": 500,
"itemCapacity": 30,
"hasLiquids": false,
"hasItems": true,
"powerProduction": 10
,"consumes": {
    "items": {
     "items": [
      { "item": "scrap","amount": 1 }
     ]
    }
},
"requirements": [
            {"item": "石英","amount": 50},
            {"item": "lead","amount": 70},
            {"item": "silicon","amount": 60},
            {"item": "titanium","amount": 50},
                ],
                "category": "power",
                "research":"combustion-generator",
                "itemDuration":60,
"drawer": {
	"type": "DrawMulti",
	"drawers": [
	 "DrawDefault",
		{
		 "type" : "DrawParticles",
		 "color" : "D86E56FF",
		 "alpha" : 0.6,
		 "particles" : 30,
		 "particleLife" : 60,
		 "particleRad" : 8,
		 "particleSize" : 2,
		 "fadeMargin" : 0.5,
		 "rotateScl" : 4,
		"reverse" : false
	},
		 "DrawFlame",
	]
},
}