       {
    "type": "ImpactReactor",
    "name": "燃烧反应堆",
    "description": "燃起来啦!",
    "health":2500,
	"size":4,
	"hasPower": true,
	"hasLiquid": true,
	"canOverdrive":true
	"itemCapacity": 15,
	"plasmas":1,
	"warmupSpeed":0.005,
    "liquidCapacity":300 ,
	"powerProduction":450,
	"itemDuration": 180
	"consumes": {
	"power":80
		"liquid": { "liquid": "oil", "amount": 0.35}
		"items": {
			"items": [
				{ "item": "火盐", "amount": 1}
			]
		}

}

    "requirements": [
	    {"item": "thorium", "amount":200 }
	    {"item": "silicon", "amount":250 }
		{"item": "石英", "amount":300 }
        {"item": "titanium", "amount":250 }
        {"item": "surge-alloy", "amount":500 }
		{"item": "phase-fabric", "amount":400 }
	],
	"category": "power",
	"research": "impact-reactor"
}