{
    "type": "NuclearReactor",
    "name": "相织反应堆",
    "description": "用相织物发电",
    "size": 3,
	"health":1200 ,
	"hasItems": true,
	"hasLiquids":true,
	"liquidCapacity": 100,
	"itemCapacity":50,
	"outputsPower":true,
	"powerProduction":110,
	"itemDuration": 120,
	"explosionRadius":233,	
    "explosionDamage":23333,
	"consumes": {
"liquid": {"liquid":"cryofluid","amount":0.2}
		"items": {
			"items": [
				{ "item": "phase-fabric", "amount": 1 }
				{ "item": "thorium", "amount": 3 }
			]
		}
	},

    "requirements": [
	    {"item": "titanium", "amount":80 } 
		{"item": "silicon", "amount":150 }
		{"item": "metaglass", "amount":100 }
		{"item": "thorium", "amount":120 }
		{"item": "surge-alloy", "amount":100 }
		{"item": "phase-fabric", "amount":60 }
		
	],
	"category": "power",
	"research": "thorium-reactor"
} 