       
{
    "type": "ImpactReactor",
    "name": "铀冲击反应堆",
    "description": "这玩意特别能冲[doge]",
    "health":2500,
	"size":4,
	"hasPower": true,
	"hasLiquid": true,
	"canOverdrive":true
	"itemCapacity": 15,
	"plasmas":1,
	"warmupSpeed":0.002,
"liquidCapacity":300 ,
	"powerProduction": 1500,
	"itemDuration": 180
	"consumes": {
	"power":300
		"liquid": { "liquid": "工业重水", "amount": 0.5}
		"items": {
			"items": [
				{ "item": "铀", "amount": 1}
			]
		}

}

    "requirements": [
	    {"item": "锇合金", "amount":200 }
	    {"item": "重工业塑钢", "amount":300 }
		{"item": "石英", "amount":500 }
        {"item": "钻石晶体", "amount":250 }
	],
	"category": "power",
	"research": "impact-reactor"
}