{
    "type": "NuclearReactor",
    "name": "高级钍反应堆",
    "description": "更高级的钍反",
    "size": 3,
	"health":1200 ,
	"hasItems": true,
	"hasLiquids":true,
	"liquidCapacity": 100,
	"itemCapacity":50,
	"outputsPower":true,
	"powerProduction": 90,
	"itemDuration": 60,
	"explosionRadius":160,	
    "explosionDamage":12000,
	"consumes": {
"liquid": {"liquid":"cryofluid","amount":0.1}
		"items": {
			"items": [
				{ "item": "thorium", "amount": 1 }
			]
		}
	},

    "requirements": [
	    {"item": "titanium", "amount":120 } 
		{"item": "silicon", "amount":150 }
		{"item": "metaglass", "amount":120 }
		{"item": "thorium", "amount":140 }
		{"item": "surge-alloy", "amount":80 }
		
	],
	"category": "power",
	"research": "thorium-reactor"
} 