{
	  "name": "大型晶体墙",//名字
	"description": "2.0版紫不拉几",//介绍
	"type": "Wall",//类型
	"health":8000,//血量
	"size":2,//边长
	"requirements": [
	{ "item": "晶体", "amount":40}
	{ "item": "graphite", "amount":30}
	],
	"category": "defense",//不能改
	"research": "晶体墙"//科技树位置
 "absorbLasers":true,//吸收激光（塑钢墙同款）
 "deflect": false,//反弹子弹
 "chanceDeflect":100,//反弹概率（1=1%）
 "lightningChance":0.75//放电概率（1=100%）
 "lightningDamage":100//闪电伤害
 "lightningLength":10//闪电长度（1=?格）
}