{
	  "name": "晶体墙",//名字
	"description": "紫不拉几的",//介绍
	"type": "Wall",//类型
	"health":1800,//血量
	"size":1,//边长
	"requirements": [{ "item": "晶体", "amount":30}],
	"category": "defense",//不能改
	"research": "晶体制造厂"//科技树位置
 "absorbLasers":true,//吸收激光（塑钢墙同款）
 "deflect": false,//反弹子弹
 "chanceDeflect":65,//反弹概率（1=1%）
 "lightningChance":0.5//放电概率（1=100%）
 "lightningDamage":60//闪电伤害
 "lightningLength":7//闪电长度（1=?格）
}