{
    "type": "tank",//类型，写在js里了故此处不写
    "name":"威慑"
    "description":"二级坦克单位，喷吐炽热的烧烤光束点燃范围内的所有敌人。",//介绍
    "details":""
	"research": "震颤",//科技树前置
    "squareShape":true//方形影子
    "omniMovement":false//同时移动（诡异漂移）
    "rotateMoveFirst":false//机械转动移动
    "rotateSpeed":1.5//履带速度
    "envDisabled":0
    "speed":0.4//速度
    "hitSize":16//碰撞箱
    "treadPullOffset":3//履带拉力
    "rotateSpeed":3.2//转头速度
    "health":550
    "armor":6
    "range":90//攻击距离
    "itemCapacity":20//物品容量
    "singleTarget": false,//只有一个目标
    "immunities":[
        "burning"
        ],//免疫效果
	"weapons": [//武器
		{"name": "威慑武器",//武器贴图
		"mirror": false,
		"rotate": true,//转向
		"rotateSpeed": 2,
		"x":0,"y":0,//位置
		"top": true,//旋转
		"alternate":false,//多炮口射击
		"shootCone":40,
        "recoil":1.5,
        "shake":0.025,
        "reload":180,
        "continuous": true,
        "firingMoveFract":0.5,
        "shootDuration":240,
        "shootSound":"laserbig",
        "loopSound":"beam",
		"bullet": {//子弹
			"type": "ContinuousLaserBulletType",//类型
		"damage":2.5//伤害每1/12秒
		"pierceArmor":true,/*穿甲*/
		"width": 4,
		"lifetime": 220,
		"length":80,
        "hitEffect":"hitMeltdown",
        "hitColor":"meltdownHit",
        "status":"melting",
        "statusDuration":1600,
        "drawSize":20,
        "incendChance":0.02,
        "incendSpread":2,
        "incendAmount":1
			}
				}
				]
}