{
    "type": "tank",//类型，写在js里了故此处不写
    "name":"炼狱"
    "description":"最高等级坦克，发射一枚延迟性熔岩榴弹，在命中的两秒后引发强烈的爆破。",//介绍
    "drownTimeMultiplier":4,//淹死时间
    "details":"BURNING IN HELL!!!"
	"research": "熔浆",//科技树前置
    "squareShape":true//方形影子
    "omniMovement":false//同时移动（诡异漂移）
    "rotateMoveFirst":false//机械转动移动
    "rotateSpeed":8//履带速度
    "envDisabled":0
    "speed":0.2//速度
    "hitSize":45//碰撞箱
    "treadPullOffset":3//履带拉力
    "rotateSpeed":0.6//转头速度
    "health":3800
    "armor":12
    "range":232//攻击距离
    "itemCapacity":40//物品容量
    "singleTarget": false,//只有一个目标
    "crushDamage":0.7,//碾压伤害
    "immunities":[
        "burning"
        "melting"
        ],//免疫效果
	"weapons": [//武器
		{"name": "炼狱武器",//武器贴图
		"mirror": false,
		"rotate": true,//转向
		"rotateSpeed": 0.8,
		"x":0,"y":0,//位置
		"top": true,//旋转
		"alternate":false,//多炮口射击
		"shootCone":30,
        "recoil":2,
        "shake":8,
        "reload":145,
        "inaccuracy":2.5,//不准确度
        "chargeSound":"spray"
        "shootSound":"largeCannon",//射姬音效
        "cooldownTime":145,
        "parentizeEffects":true,
"shoot":{
	"firstShotDelay":145,
	},
    "parts":[
{"type":"RegionPart",
"mirror":true,//是否镜像显示
"x":0,"y":0,//起始位置
"top":false,
"suffix":"-中","moveX":0,"moveY":-2,
"layer":89,
"moveRot":0,//移动圈数
},
{"type":"RegionPart",
"mirror":true,//是否镜像显示
"x":0,"y":0,//起始位置
"top":false,
"suffix":"-左","moveX":-1.5,"moveY":-2,
"layer":89,
"moveRot":0,//移动圈数
"progress":"recoil"},
{"type":"RegionPart",
"mirror":false,//是否镜像显示
"x":0,"y":0,//起始位置
"top":false,
"suffix":"-后","moveX":0,"moveY":-3,
"layer":89,
"moveRot":0,//移动圈数
"moves": [
	{
		"progress":"recoil",
		"moveX":0,"moveY":-1,
	}
]}
],
		"bullet": {//子弹
		"shootEffect":"shootTitan",
        "smokeEffect":"shootSmokeTitan"
		"shootSound":"largeCannon",//射姬音效
	"chargeEffect":{//蓄力特效
        "type":"multiEffect",
"effects":[
{
"type":"WaveEffect",
"lifetime": 145,
"colorFrom":"D69862FF",//颜色从
"colorTo":"F2D46FFF",//颜色至
"lightColor":"D69862FF",//浅色
"sizeFrom":20,//开始时圆环直径
"sizeTo":0,//结束时圆环直径
"lightScl":5.0,//轻量级
"lightOpacity":0.5,//光不透明
"strokeFrom":0,//开始时圆形宽度
"strokeTo":3,//结束时圆环宽度
"offsetX":-4//偏转x
}
{
"type":"WaveEffect",
"lifetime": 145,
"colorFrom":"D69862FF",//颜色从
"colorTo":"F2D46FFF",//颜色至
"lightColor":"D69862FF",//浅色
"sizeFrom":12,//开始时圆环直径
"sizeTo":0,//结束时圆环直径
"lightScl":5.0,//轻量级
"lightOpacity":0.5,//光不透明
"strokeFrom":0,//开始时圆形宽度
"strokeTo":2,//结束时圆环宽度
"offsetX":-4//偏转x
}
]},
	"type":"BasicBulletType",//子弹类型
	"sprite":"large-orb",//子弹贴图
	"damage":80,//单体伤害
	"splashDamageRadius":32,		         "splashDamage":20,//范围伤害
	"knockback":-4,//击退
			"speed":8,//速度
			"width":12,"height":16,//宽长度
			"lifetime":30,//存在时间
			"smokeEffect": "massiveExplosion",//烟雾特效
		"trailLength":28,
	    "trailWidth":5,
        "trailColor":"D69862FF",
        "backColor":"D69862FF",
        "frontColor":"F2D46FFF"
        "hitSound":"spellLoop"
	"hitEffect":{
        "type":"multiEffect",
"effects":[
{
"type":"WaveEffect",
"lifetime": 120,
"colorFrom":"C77C3AFF",//颜色从
"colorTo":"DACE4CFF0",//颜色至
"lightColor":"C77C3AFF",//浅色
"sizeFrom":6,//开始时圆环直径
"sizeTo":24,//结束时圆环直径
"lightScl":5.0,//轻量级
"lightOpacity":0.5,//光不透明
"strokeFrom":3,//开始时圆形宽度
"strokeTo":0,//结束时圆环宽度
"offsetX":0//偏转x
},
{
"type":"WaveEffect",
"lifetime": 80,
"colorFrom":"C77C3AFF",//颜色从
"colorTo":"DACE4CFF0",//颜色至
"lightColor":"C77C3AFF",//浅色
"sizeFrom":12,//开始时圆环直径
"sizeTo":24,//结束时圆环直径
"lightScl":5.0,//轻量级
"lightOpacity":0.5,//光不透明
"strokeFrom":3,//开始时圆形宽度
"strokeTo":0,//结束时圆环宽度
"offsetX":0//偏转x
},
{
"type":"WaveEffect",
"lifetime": 160,
"colorFrom":"C77C3AFF",//颜色从
"colorTo":"DACE4CFF0",//颜色至
"lightColor":"C77C3AFF",//浅色
"sizeFrom":0,//开始时圆环直径
"sizeTo":24,//结束时圆环直径
"lightScl":5.0,//轻量级
"lightOpacity":0.5,//光不透明
"strokeFrom":3,//开始时圆形宽度
"strokeTo":0,//结束时圆环宽度
"offsetX":0//偏转x
},
{
"type":"WaveEffect",
"lifetime": 120,
"colorFrom":"D69862FF90",//颜色从
"colorTo":"F2D46FFF9000",//颜色至
"lightColor":"D69862FF90",//浅色
"sizeFrom":0,//开始时圆环直径
"sizeTo":0,//结束时圆环直径
"lightScl":5.0,//轻量级
"lightOpacity":0.5,//光不透明
"strokeFrom":24,//开始时圆形宽度
"strokeTo":0,//结束时圆环宽度
"offsetX":0//偏转x
}
]},
		"status":"unmoving",
		"statusDuration":90,
		"hitShake":10,
	"fragBullets": 1,
			"fragBullet": {
				"type": "BulletType",
				"splashDamageRadius":32,
				"splashDamage": 0,
				"damage": 0,
				"lifetime": 110,
				"speed": 0,
				"collides": false,
				"hittable": false,
				"absorbable": false,
				"reflectable": false,
				"despawnEffect": "none",
				"status": "melting",
				"statusDuration":240,
				"makeFire":"true"//着火
				"fragBullets": 4,
				"fragOnHit":false,//击中时分裂
			"fragBullet":{
					"type": "BombBulletType",
					"hitShake":10,
				"splashDamageRadius":48,		      "splashDamage":120,//范围伤害
				"knockback":12,//击退
					"speed": 0,
					"lifetime": 0,
					"hitEffect": "none",
					"hitSound":"largeCannon",//射姬音效
					"fragBullets":4,
	"fragRandomSpread":360,//随机分裂角度
	"fragVelocityMin":1.2,//最小分裂弹速度
	"fragVelocityMax":0.8,//最大分裂弹速
"fragBullet":{"type":
	"BasicBulletType",		"splashDamageRadius":12,			"splashDamage":8,//范围伤害
  "damage":12,
  "pierce":true,//穿透
  "pierceBuilding":true//穿透建筑
  "pierceCap":2,//穿透数量
  "width":6,"height":6,//宽长度
  "trailLength": 8,//尾迹长
  "trailWidth": 2,//尾迹宽
  "speed": 6,
  "lifetime":32
  "trailColor":"FEB380FF",
  "backColor":"EA8878FF",
  "frontColor":"FEB380FF"
  "homingDelay":2,//跟踪延迟
  "homingRange":80,//跟踪半径
  "homingPower":0.04,//跟踪力度（1=3000度）
  "status":"melting",
          "statusDuration":120,
  },
					"despawnEffect":{
  	"type":"multiEffect",
"effects":[
{
"type":"WaveEffect",
"lifetime": 36,
"colorFrom":"C77C3AFF",//颜色从
"colorTo":"DACE4CFF",//颜色至
"lightColor":"C77C3AFF",//浅色
"sizeFrom":0,//开始时圆环直径
"sizeTo":24,//结束时圆环直径
"lightScl":5.0,//轻量级
"lightOpacity":0.5,//光不透明
"strokeFrom":3,//开始时圆形宽度
"strokeTo":0,//结束时圆环宽度
"offsetX":0//偏转x
}
{
		"type": "ParticleEffect",
		"particles": 15,
		"sizeFrom": 20,
		"sizeTo": 0,
		"length": 100,
		"lifetime": 120,
		"interp": "circleOut",
		"colorFrom": "D69862FF50",
		"colorTo": "D69862FF00",
		"cone": 360
},
{
"type": "ExplosionEffect",
"smokeColor":"4f5555",//烟雾颜色
"sparkColor":"ffce7b",//火花颜色
"sparkStroke":4,//火花宽
"sparkRad":64,//火花半径
"sparkLen":8,//长度
"smokeSize":12,//烟雾大小
"smokeSizeBase":8,//烟雾开始大小
"smokeRad":64,//烟雾半径
"smokes":8,//烟雾数
"sparks":8,//火花数
				},
]}
					"status": "blasted",
					"statusDuration":240,
				}
			}
			"bulletInterval":4,//分裂间隔
                "intervalRandomSpread":0,//随机角度
                "intervalBullets":4,//分裂子弹数
                "intervalAngle":-180,//分裂起始角度
                "intervalSpread":0,//分裂角度（建立在起始角度基础之上，所有分裂子弹的角度总和）
                "fragVelocityMin":1,//分裂弹最小速度
                "fragVelocityMax":1,//分裂弹最大速度
        "intervalBullet":{//分裂出的子弹
    "weaveMag":8//摆动频率
	"weaveScale":3//摆动规模
    "damage":14,
"type":"BasicBulletType",
"speed":4,"lifetime":18,
 "hitEffect":"blastExplosion",
 "despawnEffect":"none",
          "trailLength":6,
	      "trailWidth":2,
          "trailColor":"D69862FF",
          "backColor":"D69862FF",
          "frontColor":"F2D46FFF"
 },
			}
				}
				]
}