{
    "type": "tank",//类型
    "name":"熔浆"
    "description":"三级坦克单位，喷吐集束流光弹，点燃并融化敌人。",//介绍
    "details":""
	"research": {
	"parent": "威慑"//科技树前置
	"objectives":[
	{
	"type": "SectorComplete",//占领地图
	"preset":"野性之心-滚烫洞窟"//地图名
	},
	]},
	"drownTimeMultiplier":2,//淹死时间
    "squareShape":true//方形影子
    "omniMovement":false//同时移动（诡异漂移）
    "rotateMoveFirst":false//机械转动移动
    "rotateSpeed":1.2//履带速度
    "envDisabled":0
    "speed":0.3//速度
    "hitSize":29//碰撞箱
    "treadPullOffset":3//履带拉力
    "rotateSpeed":2.2//转头速度
    "health":1500
    "armor":8
    "itemCapacity":20//物品容量
    "singleTarget": true,//只有一个目标
    "immunities":[
        "burning"
        "melting"
        ],//免疫效果
	"weapons": [//武器
		{"name": "熔浆武器",//武器贴图
		"mirror": false,
		"rotate": true,//转向
		"rotateSpeed": 2.4,
		"x":0,"y":0,//位置
		"shootY":-2
		"top": true,//旋转
		"alternate":false,//多炮口射击
		"shootCone":15,
        "recoil":1.5,
        "shake":2,
        "reload":120,
        "inaccuracy":3,//不准确度
        "shootSound":"bigshot",//射姬音效
		"bullet": {//子弹
		"shootEffect":"shootTitan",
        "smokeEffect":"shootSmokeTitan"
	"type":"BasicBulletType",//子弹类型
	"damage":48,//单体伤害
	"splashDamageRadius":24,		         "splashDamage":48,//范围伤害
	"knockback":2,//击退
			"speed":4,//速度
			"width":16,"height":16,//宽长度
			"lifetime":38,//存在时间
			//"makeFire":"true"//着火
			"status":"melting",
          "statusDuration":240,
			"hitEffect":"massiveExplosion",
	"trailLength":16,
	"trailWidth":4,
    "trailColor":"FEB380FF",
    "backColor":"EA8878FF",
    "frontColor":"FEB380FF"
    "bulletInterval":6,//分裂间隔
    "intervalRandomSpread":2,//随机角度
    "intervalBullets":2,//分裂子弹数
    "intervalAngle":180,//分裂起始角度
    "intervalSpread":180,//分裂角度（建立在起始角度基础之上，所有分裂子弹的角度总和）
    "fragVelocityMin":1,//分裂弹最小速度
    "fragVelocityMax":1,//分裂弹最大速度
    "intervalBullet":{//分裂出的子弹
"type":"BasicBulletType",		"splashDamageRadius":12,			"splashDamage":18,//范围伤害
  "damage":18,
  "width":6,"height":6,//宽长度
  "trailLength": 8,//尾迹长
  "trailWidth": 2,//尾迹宽
  "speed": 6,
  "lifetime":9
  "despawnEffect":"none"
  "hitEffect":"none"
  "trailColor":"FEB380FF",
  "backColor":"EA8878FF",
  "frontColor":"FEB380FF"
  "pierce":true,
  "pierceCap":2,
  "pierceBuilding":true,//穿透建筑
  "status":"melting",
          "statusDuration":120,
 },
    "fragBullets":4,
	"fragRandomSpread":90,//随机分裂角度
	"fragVelocityMin":1.2,//最小分裂弹速度
	"fragVelocityMax":0.8,//最大分裂弹速
"fragBullet":{"type":
	"BasicBulletType",		"splashDamageRadius":12,			"splashDamage":18,//范围伤害
  "damage":18,
  "pierce":true,//穿透
  "pierceBuilding":true//穿透建筑
  "pierceCap":2,//穿透数量
  "width":6,"height":6,//宽长度
  "trailLength": 8,//尾迹长
  "trailWidth": 2,//尾迹宽
  "speed": 6,
  "lifetime":18
  "trailColor":"FEB380FF",
  "backColor":"EA8878FF",
  "frontColor":"FEB380FF"
  "homingDelay":2,//跟踪延迟
  "homingRange":80,//跟踪半径
  "homingPower":0.04,//跟踪力度（1=3000度）
  "status":"melting",
          "statusDuration":120,
  },
    "despawnEffect":{
  	"type":"multiEffect",
"effects":[
{
"type": "ExplosionEffect",
"sparkColor":"FEB380FF",//火花颜色
"sparkStroke":3,//火花宽
"sparkRad":36,//火花半径
"sparkLen":8,//长度
"sparks":8,//火花数
				},
{
"type":"WaveEffect",
"lifetime": 18,
"colorFrom":"FEB380FF",//颜色从
"colorTo":"FEB380FF",//颜色至
"lightColor":"FEB380FF",//浅色
"sizeFrom":0,//开始时圆环直径
"sizeTo":24,//结束时圆环直径
"lightScl":5.0,//轻量级
"lightOpacity":0.5,//光不透明
"strokeFrom":0,//开始时圆形宽度
"strokeTo":1.5,//结束时圆环宽度
"offsetX":0//偏转x
}
]}
			}
				}
				]
}