{
    "type": "tank",//类型，写在js里了故此处不写
    "name":"震颤"
    "description":"初级坦克单位，擅长攻击较远的目标。",//介绍
    "details":"舒克舒克，我是贝塔，收到请回答。"
	"research": "h3-重械单位工厂",//科技树前置
    "squareShape":true//方形影子
    "omniMovement":false//同时移动（诡异漂移）
    "rotateMoveFirst":false//机械转动移动
    "rotateSpeed":1.5//履带速度
    "envDisabled":0
    "speed":0.5//速度
    "hitSize":12//碰撞箱
    "treadPullOffset":3//履带拉力
    "rotateSpeed":3.5//转头速度
    "health":220
    "armor":4
    "range":160//攻击距离
    "itemCapacity":20//物品容量
    "singleTarget": false,//只有一个目标
	"weapons": [//武器
		{"name": "震颤武器",//武器贴图
		"knockBack":2,
		"mirror": false,
		"rotate": true,//转向
		"rotateSpeed": 1.8,
		"shootSound": "bang",
		"reload":120,//攻速
		"x":0,"y":0,//位置
		"top": true,//旋转
		"alternate":false,//多炮口射击
		"inaccuracy":3,//不准确度
		"ejectEffect": "casing1",//抛壳特效
		"bullet": {//子弹
			"type": "BasicBulletType",//类型
			"damage":35,//单体伤害
			"speed":8,//速度
			"width":8,"height":12,//宽长度
			"lifetime":18,//存在时间
			"trailLength":5,
	      "trailWidth":3,
			"smokeEffect": "shootSmallSmoke",//烟雾特效
			"bulletInterval":6,//分裂间隔
                "intervalRandomSpread":5,//随机角度
                "intervalBullets":1,//分裂子弹数
                "intervalAngle":0,//分裂起始角度
                "intervalSpread":0,//分裂角度（建立在起始角度基础之上，所有分裂子弹的角度总和）
                "fragVelocityMin":3,//分裂弹最小速度
                "fragVelocityMax":5,//分裂弹最大速度
        "intervalBullet":{//分裂出的子弹
              "damage":10,
"type":"BasicBulletType",
"speed":4,"lifetime":18,
 "hitSound":"none",
           "trailLength":3,
	      "trailWidth":2,
          "trailColor":"D69862FF",
           "backColor":"D69862FF",
          "frontColor":"F2E770FF"
 },
			"shootEffect": "shootBig"}
				}
				]
}