{
    "localizedName": "普兰则尔",
    "generator": "SerpuloPlanetGenerator",
    "parent": "Daina",
    "iconColor": "004545",
    "orbitRadius": 70,
    "hasAtmosphere": true,
    "updateLighting": false,
    "atmosphereRadIn": 0.02,
    "atmosphereRadOut": 0.2,
    "atmosphereColor": "004545",
    "autoAssignPlanet": true,
    "prebuildBase": false,
    "drawOrbit": true,
    "accessible": true,
    "alwaysUnlocked": true,
    "allowSelfSectorLaunch": false,
    "defaultCore": "core-shard",
    "sectorSeed": 690,
    "startSector": 32,
    "sectorSize": 3,
    "clearSectorOnLose": true,
    "allowSectorInvasion": true,
    "allowLaunchToNumbered": false,
    "radius": 0.9,
    "orbitSpacing": 25,
    "cloudMesh": [
        {
            "type": "HexSkyMesh",
            "planet": "Planzer",
            "seed": 2,
            "speed": 0.3,
            "radius": 0.13,
            "divisions": 5,
            "color": "45454550",
            "octaves": 2,
            "persistence": 0.42,
            "scl": 1,
            "thresh": 0.43
        },
        {
            "type": "HexSkyMesh",
            "planet": "Planzer",
            "seed": 2.5,
            "speed": 0.15,
            "radius": 0.14,
            "divisions": 5,
            "color": "000000C0",
            "octaves": 2,
            "persistence": 0.42,
            "scl": 1.2,
            "thresh": 0.4
        },
        {
            "type": "HexSkyMesh",
            "planet": "Planzer",
            "seed": 3,
            "speed": 0.6,
            "radius": 0.15,
            "divisions": 5,
            "color": "000000C0",
            "octaves": 2,
            "persistence": 0.42,
            "scl": 1.2,
            "thresh": 0.45
        }
    ],
    "mesh": {
        "type": "MultiMesh",
        "meshes": [
            {
                "type": "NoiseMesh",
                "planet": "Planzer",
                "seed": 155,
                "color1": "727FE1",
                "color2": "727FE1",
                "divisions": 4,
                "radius": 0.8,
                "octaves": 8,
                "persistence": 0.1,
                "scale": 0.1,
                "mag": 0.5
            },
            {
                "type": "NoiseMesh",
                "planet": "Planzer",
                "seed": 27676,
                "color1": "A0F19B",
                "color2": "A0F19B",
                "divisions": 5,
                "radius": 0.79,
                "octaves": 2,
                "persistence": 0.5,
                "scale": 1.2,
                "mag": 0.45
            },
            {
                "type": "NoiseMesh",
                "planet": "Planzer",
                "seed": 27676,
                "color1": "A0F19B",
                "color2": "A0F19B",
                "divisions": 6,
                "radius": 0.79,
                "octaves": 4,
                "persistence": 0.45,
                "scale": 1.8,
                "mag": 0.6
            },
            {
                "type": "NoiseMesh",
                "planet": "Planzer",
                "seed": 776,
                "color1": "FFFFFF",
                "color2": "636363",
                "divisions": 7,
                "radius": 0.45,
                "octaves": 8,
                "persistence": 0.6,
                "scale": 0.6,
                "mag": 7
            },
            {
                "type": "NoiseMesh",
                "planet": "Planzer",
                "seed": 122,
                "color1": "F5CA5D",
                "color2": "F5CA5D",
                "divisions": 5,
                "radius": 0.67,
                "octaves": 4,
                "persistence": 0.4,
                "scale": 0.5,
                "mag": 1.8
            },
            {
                "type": "NoiseMesh",
                "planet": "Planzer",
                "seed": 3882,
                "color1": "000000FF",
                "color2": "000000FF",
                "divisions": 8,
                "radius": 0.54,
                "octaves": 12,
                "persistence": 0.9,
                "scale": 0.2,
                "mag": 5.3
            }
        ]
    },
    "orbitalParent": "Daina",
    "solarSystem": "Daina",
    "hiddenItems": []
}