{
	"type": "flying",
	"name": "耀光",
	"description":"向正前方发射五段激光，穿透能力极为恐怖"
	"ammoType": "放射物混合物",
	"ammoCapacity": 10,
	"speed": 2.3,
	"drag": 0.2,
	"accel": 0.2,
	"flying": true,
    
	"hitSize": 16,
	"faceTarget": true,
	"lowAltitude": true,
	"health": 350,
	"armor": 1,
   "ammoPerShot":1,//弹药射击
	"rotateSpeed": 4,

        "weapons": [
	{
	     
		"name": "耀光1"
		"reload": 220,
		"x": 0,
        "y": 0,
		"shoot": {
	    "shots": 7,
	   "shotDelay": 5
	   "barrels":[
	   0.0
	   ]
       },
        "rotate": true,
        "rotateSpeed": 4,
        "shootSound": "shotgun",//雷光声
        "shake": 1,
        "ejectEffect": "casing1",
        
        "bullet": {
       	"recoil": 0.5,//后做力
       	"frontColor": "C2BFFBFF",
		"backColor": "C2BFFBFF",
        "type":"ShrapnelBulletType"
	    "speed": 1,
	    "lifetime": 20,
	    "width": 2,
    	"height": 5,
            "damage": 40,
           "shootSound": "shotgun",
          
            "shootEffect": {        
				"type": "WaveEffect",
				"lifetime": 10,
				"sizeFrom": 1,
				"sizeTo": 5,
				"strokeFrom": 2,
				"strokeTo": 0,
				"colorFrom": "C2BFFBFF",
				"colorTo": "C2BFFBFF"
},
           
           	"hitEffect": {
			"type": "MultiEffect",
			"effects": [
				{
					"type": "ParticleEffect",
					"particles": 5,
					"line": true,
					"sizeFrom": 30,
					"sizeTo": 0,
					"length": 30,
					"baseLength": 25,
					"lifetime": 15,
					"colorFrom": "C2BFFBFF",
					"colorTo": "C2BFFBFF"
				},
				{
					"type": "WaveEffect",
					"lifetime": 20,
					
					"sizeFrom": 10,
					"sizeTo": 0,
					"strokeFrom": 5,
					"strokeTo": 0,
					"colorFrom": "C2BFFBFF",
					"colorTo": "C2BFFBFF"
				}
              ]
      }
           }
             "parts": [
	{
		"type": "RegionPart",
		"mirror": true,
		"suffix": "-中",
		"under": true,
		"moveY": 0,
		"heatProgress": "recoil",                                                                           
		"progress": "recoil"
	}
]

           }
           ]
           
            	"research": {
		"parent": "T-A1",
		"objectives": [
			{
				"type": "SectorComplete",
				"preset": "搁浅滩"
			}
		]
	}
            }