{
	"type": "flying",
	"name": "突刺",
	"description":"交替发射激光"
	"ammoType": "放射物混合物",
	"ammoCapacity": 10,
	"speed": 1.9,
	"drag": 0.15,
	"accel": 0.2,
	"flying": true,
    
	"hitSize": 20,
	"faceTarget": true,
	"lowAltitude": true,
	"health": 850,
	"armor": 2,
   "ammoPerShot":1,//弹药射击
	"rotateSpeed": 4,
	
	"engineOffset": 8,
	"engineSize": 5,
      		

        "weapons": [
	{
	     
		"name": "突刺1"
		"reload": 45,
		"x": 4,
        "y": 4.5,
		"shoot": {
	    "shots": 2,
	   "shotDelay": 12
       },
        "rotate": true,
        "rotateSpeed": 4,
        "shootSound": "shotgun",//雷光声
        "shake": 1,
        "ejectEffect": "casing3",
        
        "bullet": {
       	"recoil": 0.001,//后做力
       	"frontColor": "C2BFFBFF",
		"backColor": "C2BFFBFF",
        "type":"ShrapnelBulletType"
	    "speed": 2,
	    "lifetime": 40,
	    "width": 4,
    	"height": 9,
            "damage": 120,
         
          
             "despawnEffect":{
			   
  "type": "MultiEffect",
"effects": [ 

{
    "type": "ParticleEffect",
    "particles": 5,
    "line": true,
    "strokeFrom": 5,
    "strokeTo": 0,
    "lenFrom": 10,
    "lenTo": 0,
    "length": -100,
    "baseLength": 4,
    "lifetime": 15,
    "colorFrom": "C2BFFBFF",
    "colorTo": "C2BFFBFF",
    },
{
    "type": "WaveEffect",
    "lifetime": 15,
    "sizeFrom": 0,
    "sizeTo": 10,
    "strokeFrom": 1,
    "strokeTo": 0,
    "colorFrom": "C2BFFBFF",
    "colorTo": "C2BFFBFF"
    }
]
},
          
            "shootEffect": {        
				"type": "WaveEffect",
				"lifetime": 10,
				"sizeFrom": 1,
				"sizeTo": 5,
				"strokeFrom": 2,
				"strokeTo": 0,
				"colorFrom": "C2BFFBFF",
				"colorTo": "C2BFFBFF"
},
           
           	"hitEffect": {
			"type": "MultiEffect",
			"effects": [
				{
					"type": "ParticleEffect",
					"particles": 5,
					"line": true,
					"sizeFrom": 30,
					"sizeTo": 0,
					"length": 30,
					"baseLength": 25,
					"lifetime": 15,
					"colorFrom": "C2BFFBFF",
					"colorTo": "C2BFFBFF"
				},
				{
					"type": "WaveEffect",
					"lifetime": 20,
					
					"sizeFrom": 10,
					"sizeTo": 0,
					"strokeFrom": 5,
					"strokeTo": 0,
					"colorFrom": "C2BFFBFF",
					"colorTo": "C2BFFBFF"
				}
              ]
      }
           }

           }
           ]
            	"research": {
		"parent": "空1",
		"objectives": [
			{
				"type": "SectorComplete",
				"preset": "搁浅滩"
			}
		]
	}
           
           }
           
           