{
	"type": "flying",
	"name": "流逝",

	"description":"三引擎驱动，向正前方发射多枚导弹，并引起火灾"
	"ammoType": "放射物混合物",
	"ammoCapacity": 10,
	"speed": 1.0,
	"drag": 0.33,
	"accel": 0.5,
	"flying": true,
   	"lowAltitude": true,
	"hitSize": 42,
	"faceTarget": true,
	"rotateSpeed": 1.5,//旋转速度
	"health": 23800,
	"armor": 18,
   "ammoPerShot":1,//弹药射击
	//"rotateSpeed": 4,  //转向速度
	"engineOffset": 15,  //引擎偏移量
	"engineSize": 5,  //引擎大小
      		
	"engines": [
	{
		"x": 15,
		"y": -15,
		"radius": 3, //半径
		"rotation": -45, //旋转角度
	},
	{
		"x": -15,
		"y": -15,
		"radius": 3,
		"rotation": -45,
	},

	]

        "weapons": [
	{
	     
		"name": "流逝1"	
		"reload": 360,
		"x": 7.5,
        "y": 5,
       	"rotateSpeed": 3,
		"shoot": {
	    "shots": 2,
	   "shotDelay": 16
       },
        "rotate": true,
        "rotateSpeed": 3.5,//转向速度
        "shootSound": "missile",//苍穹导弹声
        "shake": 1,
        "ejectEffect": "casing3",
        
        "bullet": {               
        "type":"MissileBulletType",
       	"recoil": 0,//后做力
       	"frontColor": "C2BFFBFF",
		"backColor": "C2BFFBFF",
	    "speed": 12,
	    "lifetime": 25,
	    "width": 16,
    	"height": 23,
         "damage": 60,
         	"splashDamage": 230,
			"splashDamageRadius": 45,
            
                 "trailEffect": {
        "type": "ParticleEffect",
        "particles": 3,
       	"frontColor": "C2BFFBFF",
       	"backColor": "C2BFFBFF",
        "interp": "pow10Out",
        "sizeInterp": "pow10In",
	    "region":"全球行动-颗粒1",
        "sizeFrom": 8,
        "sizeTo": 3,
        "length": 20,
        "baseLength": 0,
        "lifetime": 25,
        "colorFrom": "C2BFFBFF",
        "colorTo": "C2BFFBFF"
    },
            

           	"hitEffect": {
			"type": "MultiEffect",
			"effects": [
				{
					"type": "ParticleEffect",
					"particles": 5,
					"line": true,
					"sizeFrom": 30,
					"sizeTo": 0,
					"length": 30,
					"baseLength": 25,
					"lifetime": 15,
					"colorFrom": "C2BFFBFF",
					"colorTo": "C2BFFBFF"
				},
				{
					"type": "WaveEffect",
					"lifetime": 20,
					
					"sizeFrom": 10,
					"sizeTo": 0,
					"strokeFrom": 5,
					"strokeTo": 0,
					"colorFrom": "C2BFFBFF",
					"colorTo": "C2BFFBFF"
				}
              ]
      }


          
            "shootEffect": {        
				"type": "WaveEffect",
				"lifetime": 10,
				"sizeFrom": 1,
				"sizeTo": 5,
				"strokeFrom": 2,
				"strokeTo": 0,
				"colorFrom": "C2BFFBFF",
				"colorTo": "C2BFFBFF"
},
           
           	"hitEffect": {
			"type": "MultiEffect",
			"effects": [
				{
					"type": "ParticleEffect",
					"particles": 5,
					"line": true,
					"sizeFrom": 30,
					"sizeTo": 0,
					"length": 30,
					"baseLength": 25,
					"lifetime": 15,
					"colorFrom": "C2BFFBFF",
					"colorTo": "C2BFFBFF"
				},
			
              ]
      }
           }
      	
           }
           
           	
	
          
          
          
          {
	"name": "炸1",
	"reload":230,
	//"lowAltitude": false,
	"x": 0,
	"y": 0,
	"shoot": {
		"shots": 2,
		"shotDelay": 25,
	},
   // "sprite":"全球行动-导弹1",
      "rotateSpeed": 2,//转向速度
	"ignoreRotation": true,
	"rotate": true,
	"mirror": false,
	"shootCone": 180, //射锥
	"shootSound": "missileSmall",
	"bullet": {
		//"type": "BasicBulletType",
		"layer": 60,//图层高度
		"collides": true,
		//"pierce": true,//这两位掌管着穿透（p
		//"pierceBuilding": true,
		//"sprite": "missile-large",
	   "sprite":"全球行动-导弹1",
	
		"hitSound": "explosionbig",//击中音效
		//"hitSound": "plasmaboom",
		"width": 22,
		"height": 25,
		"hitShake": 3,//屏幕抖动
		//"frontColor": "FFFFFF",
		//"backColor": "FF8C00",		
		"speed": 5.5,
	    "drag": 0,
	     "accel": 30,
		"lifetime": 65,
		"makeFire": true,  //生火
		"status": "burning",
		"statusDuration": 600,
		"incendAmount": 3,		
		"damage": 176,
		"splashDamageRadius": 60,
		"splashDamage": 483,
		"shootEffect": "flakExplosionBig",
		"smokeEffect": "flakExplosionBig",
		"despawnEffect": "flakExplosionBig",
		     //"hitEffect": "massiveExplosion",
		     "hitEffect":"flakExplosionBig", 
            "despawnEffect": "flakExplosionBig", 
		     
		  	"trailLength": 30,//拖尾长度//这3是拖尾
		      "trailWidth": 1.3,//拖尾宽度
	       	"trailColor": "878787",
		     
		     
         // "keepVelocity": false,//这几个都是投弹
            //  "spin": 0,
            //  "shrinkX": 0.1,
            //  "shrinkY": 0.1,
             //  "speed": 0,
             //  "collides": false,
          
 	"hitEffect": {
			"type": "MultiEffect",
			"effects": [
				{
					"type": "ParticleEffect",
					"particles": 6,			
					"sizeFrom": 8,
					"sizeTo": 0,
					"length": -80,
					"baseLength": 8,
					"lifetime": 35,
					"colorFrom": "C2BFFBFF",
					"colorTo": "C2BFFBFF"
				},
				{
					"type": "WaveEffect",
					"lifetime": 40,
					
					"sizeFrom": 0,
					"sizeTo": 40,
					"strokeFrom": 2,
					"strokeTo": 0,
					"colorFrom": "C2BFFBFF",
					"colorTo": "C2BFFBFF"
				}
				{
					"type": "ParticleEffect",
					"particles": 3,
		        "region":"全球行动-三角形",
					"sizeFrom": 0,
					"sizeTo": 9,
					"length": -100,
					"baseLength": 6,
					"lifetime": 35,
					"colorFrom": "C2BFFBFF",
					"colorTo": "C2BFFBFF"
				},
				
				{
					"type": "ParticleEffect",
					"particles": 8,
					"sizeFrom": 8,
					"sizeTo": 0,
					"length": -100,
					"baseLength": 5,
					"lifetime": 35,
					"colorFrom": "C2BFFBFF",
					"colorTo": "C2BFFBFF"
				},
					{
					"type": "ParticleEffect",
					"lifetime": 36,
					"particles": 6,
		        "region":"全球行动-三角形0",
					"sizeFrom": 15,
					"sizeTo": 0,
					"strokeFrom": 15,
					"length": -130,
					"baseLength": 10,
					"strokeTo": 0,
					"colorFrom": "C2BFFBFF",
					"colorTo": "C2BFFBFF"
				}
			
              ]
      }
              "trailEffect": {
					"type": "ParticleEffect",
					"particles": 5,
					"sizeFrom": 20,
					"sizeTo": 0,
					"length": 0,
					"baseLength": 10,
					"lifetime": 26,
					"colorFrom": "878787",
					"colorTo": "878787"
				},
           }
           }
           ]
           	"research": {
		"parent": "空3",
		"objectives": [
			{
				"type": "SectorComplete",
				"preset": "冰原壁垒"
			}
		]
	}
}
            