{
	"name": "活化纳米流体",
	"type": "CellLiquid",
	"moveThroughBlocks": true,
	"alwaysUnlocked": false,
	"blockReactive": true,
	"capPuddles": false,
	"coolant": false,
	"cells": 12,
	"canStayOn": ["water","cryofluid","oil","slag"],
	"spreadTarget": "cryofluid",
	"particleSpacing": 10,
	"particleEffect": {
		"type": "ParticleEffect",
		"particles": 5,
		"baseLength": 1,
		"length": 13,
		"region": "饱和火力-菱形",
		"sizeInterp":"pow5In",
		"lifetime": 22,
		"sizeFrom": 1,
		"sizeTo": 0,
		"colorFrom": "96E6A0",
		"colorTo": "62AE7F"
	},
	"lightColor": "7FD489BF",
	"color": "7FD489",
	"effect": "干扰",
	"temperature": 0.5,
	"heatCapacity": 0,
	"viscosity": 0.1,
	"maxSpread": 1.5,
	"spreadConversion": 1.5,
	"spreadDamage": 0.375,
	"removeScaling": 0.8,
	"research": "纳米流体",
	"colorFrom": "96E6A0",
	"colorTo": "62AE7F"
}