{
	"type": "Drill",
	"name":"次代钻头",
    "description": "初代钻头改良 效率提高 ",
    "health":1050,
    "itemCapacity":100,
    "tier":5,
    //钻头的开采等级
    "drillTime":110,
    //矿物开采耗时
    "size":4,
    "armor":10
    "group":"drills"
    "hasLiquids": true,
	"alwaysUnlocked":false,
	"liquidCapacity":15,
    "drawMineItem":true,
    //是否在中心绘画所采矿物的颜色
    "drillEffect": "mineHuge",
    "updateEffect":"pulverizeRed",
    "heatColor":"FF5511",
    //开采出矿物时的颜色
    "rotateSpeed": 5,//贴图转速
    "warmupSpeed": 1,
    //钻头完全启动的速度(一除以(此数值*60)(单位/秒))
    "liquidBoostIntensity":1.88,
    //液体提供的加速效果
	"consumes": {
	    "power":3.5,
		"liquid": {
			"liquid":"water",
			"amount":0.15,
			"booster": true,
			//加速
			"optional": true
			//可选
		}
		//"items":{"items":["blast-compound/1"],},
	}
    "requirements": [
        "压缩铅/500",
        "压缩钛/200",
        "压缩硅/280",
        "压缩石墨/330"
        "压缩巨浪合金/280"
        "压缩相织布/150"
        "压缩塑钢/225"
    ],
	"research": {
		"parent": "初代钻头",
		"objectives": [
      {
				"type": "SectorComplete",
				"preset": "军事港口"
			},
    ],
	},
    "category": "production"
}