{
	"type": "Drill",
	"name":"铜钻头",
    "description": "最基础的压缩铜钻头 ，没有任何特点 ",
    "health":80,
    "itemCapacity":10,
    "tier":2,
    //钻头的开采等级
    "drillTime":500,
    //矿物开采耗时
    "size":2,
    "armor":2,
    "group":"drills"
    "hasLiquids": true,
	"alwaysUnlocked":false,
	"liquidCapacity":18,
    "drawMineItem":true,
    //是否在中心绘画所采矿物的颜色
    "drillEffect": "mine",
    "updateEffect":"lightningCharge",
    "drawRim":false,
    "heatColor":"#71d5ff",
    //开采出矿物时的颜色
    "rotateSpeed":2,//贴图转速
    "warmupSpeed":0.005,
    //钻头完全启动的速度(一除以(此数值*60)(单位/秒))
    "liquidBoostIntensity":1.85,
    //液体提供的加速效果
		"consumes": {
		"liquid": {
			"liquid": "water", 
			"amount": 0.1,
			"booster": true,
			"optional": true
		}
	},
   	"requirements": [
	    "压缩铜/10",
	    ]
		"research": {
		"parent": "初代核心",
    "requirements":[
        "压缩铜/30",
        ]
	},
    "category": "production"
}