{
	"type": "ItemTurret",
	"name": "T-31防空炮",
	"description": "T-31防空炮可以有效的对空，利用绝缘晶体的反电能力可以让敌方空军瘫痪",
	"health": 1250,
	"size": 3,
	"reload":50,//射速
	"range": 750,//射程
    "maxAmmo":21,//最大弹药量
    "ammoPerShot": 3,
	"recoil": 3,
	"canOverdrive": true,
    	"consumes": {"power": 2.5,
        "coolant":{"amount":0.01,"optional":true}  
                },//这个应该是增益效果，可选择加或不加
	"shootSound":"DD1",
	"targetGround":false,//有此处可以看出，他是个防空炮
	"targetAir":true,
    "hasLiquids": true,//你要用液体吗？
    "inaccuracy": 0,//误差，用于增大血压
	"shootCone":5,
	"shake":1,
	"rotateSpeed":3,//转动速度
	"ammoTypes": {
	"plastanium":{
    "type":"FlakBulletType",
    "splashDamageRadius":64,//范围伤害半径
    "splashDamage":20,//范围伤害
    "damage":30,//子弹本体伤害
    "status":"freezing",//子弹击中效果(此处为冰冻)
    "statusDuration":180,//效果持续时间
    "hitSize":10,
    "hitSound":"explosionbig",
    "speed":7,//子弹飞行速度
    "lifetime":125,	//子弹存在时间
    "homingPower":0.06,//子弹跟踪力度
    "homingRange": 120,	 //子弹跟踪的范围
    "width": 12,
    "height": 50,
    "sprite":"ct-聚能炮弹",//贴图，请自行修改
    "backColor":"5757C1FF",
    "trailLength":3,//子弹发射时会产生轨迹，此处是轨迹的长度
	"trailWidth":1.5,//同上，此处是轨迹的宽度
    "trailColor":"FFFFFF",//轨迹颜色
    "trailChance":1,//追踪的几率
    "trailInterval":16,//追踪的间隔时间
	"trailEffect": {
	"type": "ParticleEffect",//这一长串的效果都是这个轨迹的粒子效果，纯纯好看而已
	"particles": 3,
	"length": 16,
	"baseLength": 9,
	"lifetime": 45,
	"cone": 360,
	"colorFrom": "E3E3E380",
	"colorTo": "E3E3E380",
	"sizeFrom": 3,
	"sizeTo": 0
	},
	"hitShake":2,//对单位的击退
    "ammoMultiplier":4,//一个物品顶几个炮弹
    "reloadMultiplier":1.7,//装填的速度只要大于一，就是增加
    "smokeEffect":"shootSmallFlame",
	"hitEffect":{"type": "MultiEffect",//此处是对下列效果的定义
	"effects": [
	{"type": "ParticleEffect",
    "particles": 18,
    "sizeFrom": 10,
    "sizeTo": 0,
    "length": 35,
    "baseLength": 43,
    "lifetime": 35,
    "colorFrom": "737373FF",
    "colorTo": "737373FF",
    "cone": 360},
	{"type": "ParticleEffect",
    "particles": 32,
    "line":true,
    "sizeFrom": 9,
    "sizeTo": 0,
    "length": 43,
    "baseLength": 33,
    "lifetime": 22,
    "colorFrom": "FFFFFF",
    "colorTo": "FFE176FF",
    "cone": 360},
    {"type": "WaveEffect",
    "lifetime": 15,
    "sizeFrom": 1,
    "sizeTo": 70,
    "strokeFrom": 8,
    "strokeTo": 0,
    "colorFrom": "FFE176FF",
    "colorTo": "ffffff"}]}},//以上均为炮弹发射时的粒子效果，删去便可
    
    
     "绝缘晶体":{
    "type":"FlakBulletType",
    "lightningDamage":50,//闪电的伤害
    "lightning":3,//会激发出多少条闪电
    "lightningLength":6,//这条闪电的宽度
    "splashDamageRadius":20,//范围伤害的范围
    "splashDamage":60,//范围伤害的伤害
    "damage":150,//炮弹单体伤害
    "status":"blasted",//击中效果：爆炸
    "statusDuration": 180,//爆炸这个效果的持续时间
    "speed": 7,//炮弹飞行速度
    "hitSize":10,
    "homingPower":0.1,
    "homingRange": 120,
    "lifetime":115, 
    "hitSound":"explosion",
    "width": 12,"height": 50,
    "ammoMultiplier":6,//一个物品能生产六个炮弹
    "hitShake":3,
    "sprite":"ct-聚能炮弹",//炮弹贴图，你自己手改吧
    "backColor":"FFD37FFF",
    "trailLength":3,
	"trailWidth":1.5,
    "trailColor":"FFFFFF",
    "trailChance":1,
    "trailInterval":16,
	"trailEffect": {
	"type": "ParticleEffect",
	"particles": 3,
	"length": 16,
	"baseLength": 9,
	"lifetime": 45,
	"cone": 360,
	"colorFrom": "E3E3E380",
	"colorTo": "E3E3E380",
	"sizeFrom": 3,
	"sizeTo": 0
	},
	"shootEffect": "shootSmallFlame",
    	"hitEffect":{"type": "MultiEffect",
	"effects": [//从此处起，为粒子效果
	{"type": "ParticleEffect",
    "particles": 10,
    "sizeFrom": 10,
    "sizeTo": 0,
    "length": 5,
    "baseLength": 33,
    "lifetime": 35,
    "colorFrom": "737373FF",
    "colorTo": "737373FF",
    "cone": 360},
	{"type": "ParticleEffect",
    "particles": 12,
    "line":true,
    "sizeFrom": 9,
    "sizeTo": 0,
    "length": 13,
    "baseLength": 43,
    "lifetime": 22,
    "colorFrom": "EEEE00",
    "colorTo": "FFE176FF",
    "cone": 360},
    {"type": "WaveEffect",
    "lifetime": 10,
    "sizeFrom": 1,
    "sizeTo": 43,
    "strokeFrom": 8,
    "strokeTo": 0,
    "colorFrom": "EEEE00",
    "colorTo": "ffffff"}]},//以上均为粒子效果，可删去
    }
    
    
    },
	"requirements": [
		{ "item": "绝缘晶体", "amount":860 },
		{ "item": "silicon", "amount": 350  },
		{ "item": "plastanium", "amount": 350  }
	],
	"drawer": {
		"type": "DrawTurret",
        "parts": [
             {"type":"RegionPart",
    "mirror":false,
    "progress": {
        "type": "reload",
        "op": "delay",
        "amount": 0.2	},
    "x":0,"y":6.5,
    "suffix":"-animation",
    "layer":49.9,
    "moveX":0,
    "moveY":-8
    }
        ]        
}
	"category": "turret"
	}