{
	"type": "GenericCrafter",
	"name": "冰晶液冷冻器",
	"description": "将冰晶冻结形成冰晶液",
	"drawer":{
	    "type":"DrawMulti",
	    "drawers":[
	    {
	    "type":"DrawRegion",
	    "suffix":"-bottom"
	    },
	    {
	       "type":"DrawLiquidTile",
	    "drawLiquid":"冰晶液"
	    },
	    "DrawDefault"
	]},
	"health":200,
	"outputLiquid": {
		"liquid": "冰晶液", "amount":0.5
	},
	"itemCapacity":180,
	"liquidCapacity":180,
	"size": 2,
	"hasPower": true,
	"hasliquid": true,
	"hasItems": true,
	"craftTime": 30,
	"consumes": {
	"power":2,
		"liquid": {
			"liquid": "water", "amount":1
		},
		"items":{
			"items":[
		{"item": "冰晶" , "amount":1},
				]
			}
	},
	"requirements": [
		{"item":"titanium","amount":300},
		{"item":"lead","amount":300},
		{ "item": "基础强化板", "amount":150 },
		{ "item": "silicon", "amount":200}
	],
	"category": "crafting",
	"idleSound": "respawning",
	"idleSoundVolume": 0.5
	"research": "冰晶凝结器"
}