{
	"type": "GenericCrafter",
	"health": 800,
	"name": "冰晶升华厂",
	"description": "将冷冻液凝结为冰晶",
	"drawer":{
        "type":"DrawMulti",
        "drawers":[
            "DrawDefault",
			"DrawFlame"
            ]
    },
	"outputItem": {
	"item": "冰晶", "amount": 3},
	"itemCapacity": 100,
	"liquidCapacity": 120,
	"size":3,
	"hasPower": true,
	"hasLiquids": true,
	"hasItems": true,
	"craftTime": 40,
	"updateEffect": "none",
	"consumes": {
	"power":4,
	"liquid":{
			"liquid":"cryofluid",
			"amount":4
			"booster":false
		},
		"items":{
			"items":[
	{"item":"压缩钛","amount":5},
				]
			}
	},
	"requirements": [
		{ "item": "基础强化板", "amount": 340 },
		{ "item": "冰晶", "amount":50}
		{ "item": "lead", "amount":220 },
		{ "item": "titanium", "amount":500 },
		{ "item": "silicon", "amount":500}
		],
	"category": "crafting",
	"research": "冰晶凝结器",
	"idleSound": "respawning",
	"idleSoundVolume": 0.5
}