{
	"type": "GenericCrafter",
	"health": 160,
	"name": "定式压缩机_煤",
	"description": "只能压缩煤的压缩机",
	"outputItem": {
	"item": "压缩煤", "amount": 1},
	"drawer":{
        "type":"DrawMulti",
        "drawers":[
            "DrawDefault",
			"DrawFlame"
            ]
    },
	"itemCapacity": 200,
	"size":3,
	"hasPower": true
	"hasItems": true,
	"craftTime":10,
	"updateEffect": "none",
	"consumes": {
	"power":0.5,
		"items":{
			"items":[
				{"item":"coal","amount":10}
				]
			}
	},
	"requirements": [
		 { "item": "压缩铜", "amount":20 },
		{ "item": "压缩铅", "amount":20 },
		],
	"category": "crafting",
	"research": "机械压缩机",
	"idleSound": "respawning",
	"idleSoundVolume": 0.5
}