{
	"type": "GenericCrafter",
	"health": 1600,
	"name": "振波合金冶炼炉",
	"description": "生产振波合金",
	"outputItem": {
	"item": "振波合金", "amount": 1},
	"drawer":{
        "type":"DrawMulti",
        "drawers":[
            "DrawDefault",
			"DrawFlame"
            ]
    },
	"itemCapacity": 30,
	"size":3,
	"hasPower": true
	"hasItems": true,
	"craftTime": 135,
	"updateEffect": "none",
	"consumes": {
	"power":8.4,
		"items":{
			"items":[
				{"item":"高级强化板","amount":5},
				{"item":"星陨石","amount":3},
				{"item":"phase-fabric","amount":2}
				]
			}
	},
	"requirements": [
		{ "item": "thorium", "amount":180 },
		{"item":"烈焰强化板","amount":120},
	    {"item":"phase-fabric","amount":150},
		{"item":"plastanium","amount":150 }
		{ "item": "lead", "amount": 160 },
		{ "item": "高级强化板", "amount": 160 },
		{ "item": "surge-alloy", "amount":250}
		],
	"category": "crafting",
	"research": "高级强化板工厂",
	"idleSound": "respawning",
	"idleSoundVolume": 0.5
}