{
	"type": "GenericCrafter",
	"health": 1600,
	"name": "高级强化板工厂",
	"description": "生产高级强化板",
	"outputItem": {
	"item": "高级强化板", "amount": 2},
	"drawer":{
        "type":"DrawMulti",
        "drawers":[
            "DrawDefault",
			"DrawFlame"
            ]
    },
	"itemCapacity": 30,
	"size":3,
	"hasPower": true,
	"hasItems": true,
	"craftTime": 90,
	"updateEffect": "none",
	"consumes": {
	"power":4.5,
		"items":{
			"items":[
				{"item":"基础强化板","amount":9},
				{"item":"surge-alloy","amount":5},
				{"item":"plastanium","amount":8}
				]
			}
	},
	"requirements": [
		{ "item": "lead", "amount": 380 },
		{ "item": "titanium", "amount": 250 },
		{"item":"surge-alloy","amount":130},
		{"item":"plastanium","amount":180}
		{ "item": "thorium", "amount": 150 },
		{ "item": "基础强化板", "amount":350 },
		{ "item": "silicon", "amount":250}
		],
	"category": "crafting",
	"research": "基础强化板工厂",
	"idleSound": "respawning",
	"idleSoundVolume": 0.5
}