{
    "name":"气胸钻头",
    "type": "Drill",
    "description":"改进版的气动钻头",
    "size": 3,
    "health": 360,
    "tier": 3,
    "drillTime": 200,   
    "liquidBoostIntensity":2,
    "canOverdrive": true,
    "warmupSpeed": 0.03,
	"drillEffect": "mineBig",
    "updateEffect": "mineBig",
    "rotateSpeed": 5,
    "drawMineItem": true,
    "consumes": {
        "liquid": {
            "liquid": "water",
            "amount": 0.2,
            "booster": true,
            "optional": true
        }
    },
    "itemCapacity": 15,
    "liquidCapacity": 40,
    "requirements": [	
   { "item": "copper", "amount":36},
   { "item": "lead", "amount":15},
   { "item": "graphite", "amount":23}
   ],
    "category": "production",
    "research": "pneumatic-drill"
}
