{
    "name":"铜铅钻头",
    "type": "Drill",
    "description":"开局初期就能用",
    "size": 2
    "health": 150,
    "tier": 3,
    "drillTime": 425,   
    "liquidBoostIntensity":1.1,
    "canOverdrive": true,
    "warmupSpeed": 0.03,
	"drillEffect": "mineBig",
    "updateEffect": "mineBig",
    "rotateSpeed": 3,
    "drawMineItem": true,
    "consumes": {
        "liquid": {
            "liquid": "water",
            "amount": 0.2,
            "booster": true,
            "optional": true
        }
    },
    "itemCapacity": 10,
    "liquidCapacity": 8,
    "requirements": [	
   { "item": "copper", "amount":12},
   { "item": "lead", "amount":8},
   ],
    "category": "production",
    "research": "mechanical-drill"
}