{
		"immunities": [
"wet","spore-slowed","tarred","shocked","freezing","蜂群","甲板损坏"
	],
	"name": "海燕",
	"type": "missile",
	"template": "MissileUnitType",
	"engineOffset": 3,
	"hitSize": 8
	"engineSize": 3,
	"health": 1380,
	"armor": 6,
	"speed": 0.5,
	"lifetime": 1200,
	"rotateSpeed": 2.5,
	"engineOffset": 0,
	"missileAccelTime": 60,
	"abilities": [
        {
        "type": "RepairFieldAbility"
        "amount":120
        "reload": 50
        "range": 120
    }
    {"type":"ArmorPlateAbility",
	"healthMultiplier":2}
    ],
	"weapons": [
	{
		    "name": "雨"
			"x": 0
			"y": 0
			"reload": 40
			"shootY": 0,
			"mirror": true
			"rotate": false,
			"rotateSpeed": 0,
			"useAmmo": false,
			"alwaysShooting": true,
			"ejectEffect":"none",
	        "shootSound":"none",
			"recoil": 0,
			"showStatSprite": false
			"parts":[
        	    {
                    "type":"RegionPart",
                    "mirror":false,
                    "x":0,"y":0,
                    "suffix":"燕翼"
                    "layer":120,
                    "moveX":0,
                    "moveY":0
                    "moveRot":360
                    "outline": false,
                    "progress":"reload",
                }
            ]
			"bullet": {
                "type": "BombBulletType",
                "splashDamageRadius": 0,
                "splashDamage": 0,
                "speed": 0,
                "lifetime": 0
                "knockback": 0
                "shootEffect": "none",
				"hitEffect": "none",
				"despawnEffect": "none"
				"smokeEffect": "none"
				"hitSound":"none",
			}
		}
		{
		    "name": "雨"
			"x": 0
			"y": 0
			"reload": 40
			"shootY": 0,
			"mirror": true
			"rotate": false,
			"rotateSpeed": 0,
			"useAmmo": false,
			"alwaysShooting": true,
			"ejectEffect":"none",
	        "shootSound":"none",
			"recoil": 0,
			"showStatSprite": false
			"rotationLimit": 45
			"parts":[
        	    {
                    "type":"RegionPart",
                    "mirror":false,
                    "x":0,"y":0,
                    "suffix":"燕翼"
                    "layer":120,
                    "moveX":0,
                    "moveY":0
                    "moveRot":360
                    "outline": false,
                    "progress":"reload",
                }
            ]
			"bullet": {
                "type": "BombBulletType",
                "splashDamageRadius": 0,
                "splashDamage": 0,
                "speed": 0,
                "lifetime": 0
                "knockback": 0
                "shootEffect": "none",
				"hitEffect": "none",
				"despawnEffect": "none"
				"smokeEffect": "none"
				"hitSound":"none",
			}
		}
	{	"name": "无",	
		"reload":20,
        "x": 0,  "y": 0, 
        "rotate": true,
        "inaccuracy": 0,
        "shootStatusDuration": 40,//发射时给自己的状态时间
	"shootStatus": "静止",//发射时给自己的状态
		"rotateSpeed": 999
		"shoot":{
			"shots":1,
		},
		"shootSound": "pew",
		"rotateSpeed": 5,//炮台转头速度
		"alternate": true,
		"ejectEffect":"casing1",
		"bullet":{
	    "damage":16,	  
	    "speed":3,
	    "lifetime":55,
	    "width":7,	 "height":10
	}	}
	{	"name": "无",	
		//"minShootVelocity": 1.5,
		"reload": 120 
	"shoot":{
	"shots":12},
		"x": 0,  "y": 0,
		//"ignoreRotation":true,
		"rotate": true,
			"rotateSpeed": 99999
		"shootCone":360,
		"inaccuracy": 360,
		"mirror": false,
		"shootSound": "missile",
		"bullet":{   
	"splashDamage":22,
	"splashDamageRadius":32,
	"status":"burning",
	"speed":3
	"lifetime":90,
	"width":1,	 "height":3,
	"hitEffect":"flakExplosion",
	"despawnEffect":"flakExplosion"
	"sprite":"missile-back",
            "homingRange": 120,
            "homingPower": 0.1,
            "homingDelay":7
            "trailLength":3
    "trailWidth":0.5,
    "trailColor":"1878BF",
    "backColor":"c0ecff",
    "frontColor":"c0ecff"
	}	}
	],
}