{
    "type": "UnitFactory",
    "category": "units",
    "name": "飞船制造厂",
    "description": "生产飞船单位，输出单位可以直接投入战场或再次升级。",
    "research": {
        "parent": "aiab机甲制造厂",
        "requirements": [
            "铁/300",
            "锡/300",
            "镍/400",
            "silicon/400"
        ]
    },
    "requirements": [
        "铁/75",
        "锡/75",
        "镍/100",
        "silicon/100"
    ],
    "consumes": {
        "power": 3
    },
    "health": 1480,
    "size": 3,
    "plans": [
        {
            "unit": "ffaa移云",
            "time": 1200,
            "requirements": [
                "锡/40",
                "graphite/20",
                "silicon/20"
            ]
        }
    ]
}