{
	"type": "tank",
	"name": "星河",
"description": "拥有一组T3单位工厂,可发射持续性激光治疗友方建筑",
	"details":"[green]警告:该单位本体战斗力弱，注意保护",  
    "canBoost": false,
    "canDrown":false,
   "omniMovement":false,
    "rotateMoveFirst":true,
    "speed":1.2,
    "hitSize": 28,
    "ammoType":{
	"type":"PowerAmmoType",
	"totalPower":180},
    "ammoCapacity": 180,
    "targetAir":true,
    "health": 12500,
    "armor": 12,
    "drag": 0.08,  "accel":0.05,
    "mineSpeed": 1.5,
    "mineTier": 4,
    "buildSpeed": 1.5,
   
    "rotateSpeed": 5,
    "itemCapacity": 180,
	"research": "星辰",	
	 "abilities": [
	         {
              "type": "mindustry.entities.abilities.RepairFieldAbility",
              "range":90,
              "amount":120,
              "reload":120
            }
	 {   "type": "UnitSpawnAbility",
    "unit": "zenith",
    "spawnX": -28,
    "spawnY": 0,
    "spawnTime": 1900},
{   "type": "UnitSpawnAbility",
    "unit": "spiroct",
    "spawnX": 28,
    "spawnY": 0,
    "spawnTime": 1900},
	 {   "type": "UnitSpawnAbility",
    "unit": "fortress",
    "spawnX": 0,
    "spawnY": 28,
    "spawnTime": 1900},]
     	"weapons":[
     	{
     	
	"mirror": true,
 "shooY": 0,
 "shooX": 0,
 "rotate": true,
 "x": 6,
 "y": 8,
 "rotateSpeed": 5,
 "reload": 10,
 "recoil": 1,
 "inaccuracy": 0,
 "occlusion": 1,
 "width": 3,
"bullet":{
   "type": "LaserBoltBulletType",
            "lifetime": 60,
            "speed":5,
            "damage":20,
            "healPercent":25,
            "width":3,
            "collidesTeam": "true",
            "backColor": "32FF00A0",
            "frontColor": "FFFFFFA0",
            "status":"干扰",
           },}
           {"reload": 60,     
           "name": "小激光",	
		"shots":2,	"shotDelay":6,
        "x": 7,  "y": -1, 
        "rotate": true,
		"top":true,
		"recoil":4,
        "inaccuracy": 0,   
		"alternate": true,  
		"shootshake":3,
		"shootSound":"laser",
		"shake":2,
	"shootEffect": "bigShockwave",
		"bullet":{
"type": "LaserBulletType",	
"status":"干扰",
"healPercent":16,   
"damage":30,
"collidesTeam":true,
"colors":["7CF389FF", "97FFA8FF", "FFFFFF"],
"width":18,	 "height":250},},
{
 "name": "维修激光",
 "x": 0,
 "y": 12,
   "mirror": false,
  "alternate": false,
  "top": true,
  "shake": 0.5,
  "reload": 180,
  "recoil": 2,
  "rotate": true,
  "shootY": 9,
  "rotateSpeed": 2.9,
    "shootSound": "beam",
    "continuous": true,
    "cooldownTime": 180,
"bullet": {
    "type": "ContinuousLaserBulletType",
    "damage":2,
    "length": 200,
    "width":8,
    "hitEffect": {
    "type": "ParticleEffect",
    "line": true,
    "particles": 5,
    "lifetime": 10,
    "offset": 6,
    "length": 35,
    "cone": -360,
    "lenFrom": 10,
    "lenTo": 0,
    "colorFrom": "FFFFFFFF",
    "colorTo": "C2FF70FF"
    },
    "drawSize": 300,
    "lifetime": 180,
    "shake": 1,
    "status":"干扰",
    "despawnEffect": "smokeCloud",
    "smokeEffect": "smokeCloud",
    "colors":["77D336FF", "C2FF70FF", "FFFFFFFF"],
    "shootEffect": {
    "type": "WaveEffect",
    "lifetime": 20,
    "sizeFrom": 0,
    "sizeTo": 30,
    "strokeFrom": 0,
    "strokeTo": 2,
    "colorTo": "77D336FF",
    "colorFrom": "C2FF70FF"
    "healPercent":2,   
   "collidesTeam":true,
           }
           },
           },
	    ]
}
