{
	"type": "Pump",//建筑类型
	"name": "潮汐泵",//名称
	"description": "[#FECB6DFF]终级液泵。",//介绍
	"health": 640,//生命值
	"size": 4,//边长大小
	"hasPower": true,//可以有电力
	"hasLiquids": true,//可以有液体
	"liquidCapacity": 80,//液体容量
	"canOverdrive": false,//是否被超速
	"pumpAmount": 0.3,//每秒泵送出来的液体量
	"consumes": {//消耗所需条件
		"power": 3.0,//消耗电力 (代码内1等于游戏里*60电力)
	},
	"drawer": {//绘制层
		"type": "DrawMulti",
		"drawers": [//多绘制
			"DrawPumpLiquid",
			"DrawDefault"
		]
	},
	//"squareSprite": false,
	"placeableLiquid": true,//可以建造在液体上
	"buildCostMultiplier": 0.7,//建筑构造时间花费倍率
	"requirements": [//建造消耗需求
		"copper/120",//铜
		"thorium/80",//钍
		"metaglass/150",//钢化玻璃
		"titanium/96",//钛
		"graphite/60",//石墨
		"silicon/100"//硅
	],
	"category": "liquid",//菜单栏分类
	"research": {
		"parent": "thermal-pump"
	}//科技树位置研究前置
}