{
	"type": "Conduit",//建筑类型
	"name": "硅制导管",//名称
	"description": "[#FECB6DFF]传输速度比普通导管要快一点。",//介绍
	"health": 55,//生命值
	"size": 1,//边长大小
	"hasPower": false,//可以有电力
	"hasLiquids": true,//可以有液体
	"liquidCapacity": 15,//液体容量
	"liquidPressure": 2,//输送液体的速度
	//"displayFlow": false,
	"canOverdrive": false,//是否被超速
	"placeableLiquid": true,//可以建造在液体上
	"bridgeReplacement": "bridge-conduit",//默认自动链接的桥梁
	"junctionReplacement": "liquid-junction",//默认自动链接的交叉器
	"buildCostMultiplier": 0.8,//建筑构造时间花费倍率
	"requirements": [//建造消耗需求
		"metaglass/8",//钢化玻璃
		"graphite/6",//石墨
		"silicon/2",//硅
	],
	"category": "liquid",//菜单栏分类
	"research": {//科技树位置研究前置
		"parent": "conduit"
		"objectives": [//研究前提条件
			{
				"type": "SectorComplete",
				"preset": "craters"
			}
		]
	}
}