{
    "type": "ItemTurret",
    "name": "忍者",
    "description": "他可以像扔手里剑一样快速攻击，仅对空。",
    "details": "忍者总是沉默不语，他一味地把武器扔向高处，当别人问起他，他说；“...”",
    "size": 3,
    "health": 1000,
    "ammoPerShot": 1,
    "range": 320,
    "reloadTime": 20,
    "inaccuracy": 6,
    "rotatespeed": 6,
    "maxAmmo": 60,
    "shootSound": "shoot",
    "targetAir": true,
    "targetGround": false,
    "recoil": 1,
    "recoils": 2,
    "shootCone": 35,
    "reload": 3.5,
    "consumes": {
        "coolant": {
            "amount": 0.1,
            "optional": true
        }
    },
    "shoot": {
        "type": "ShootAlternate",
        "barrels": 3,
        "spread": 4
    },
    "ammoUseEffect": "casing2",
    "ammoTypes": {
        "钛剑": {
            "collidesGround" : false,
            "speed": 7,
            "damage": 13.75,
            "lifetime": 45,
            "width": 12,
            "height": 15,
            "ammoMultiplier": 10,
            "splashDamage": 5,
            "splashDamageRadius": 45,
            "knockback": 1.2,
            "shootEffect": {
                "type": "ParticleEffect",
                "particles": 3,
                "sizeFrom": 2,
                "sizeTo": 0,
                "length": 20,
                "baseLength": 0,
                "lifetime": 30,
                "colorFrom": "c6e9fd",
                "colorTo": "c6e9fd",
                "cone": 30
            },
            "sprite": "sakura-fall-手里剑弹",
            "reloadMultiplier": 1.3
        },
        "樱花剑": {
            "collidesGround" : false,
            "speed": 8,
            "damage": 16.5,
            "lifetime": 45,
            "width": 12,
            "height": 15,
            "ammoMultiplier": 10,
            "splashDamage": 10,
            "splashDamageRadius": 55,
            "knockback": 1.2,
            "shootEffect": {
                "type": "ParticleEffect",
                "particles": 3,
                "sizeFrom": 2,
                "sizeTo": 0,
                "length": 20,
                "baseLength": 0,
                "lifetime": 30,
                "colorFrom": "fec9ef",
                "colorTo": "fec9ef",
                "cone": 30
            },
            "sprite": "sakura-fall-手里剑弹",
            "reloadMultiplier": 1.5
        },
        "樱花武士刀": {
            "collidesGround" : false,
            "speed": 8,
            "damage": 18,
            "lifetime": 45,
            "width": 12,
            "height": 15,
            "ammoMultiplier": 12,
            "splashDamage": 15,
            "splashDamageRadius": 75,
            "knockback": 1.2,
            "shootEffect": {
                "type": "ParticleEffect",
                "particles": 3,
                "sizeFrom": 2,
                "sizeTo": 0,
                "length": 20,
                "baseLength": 0,
                "lifetime": 30,
                "colorFrom": "fec9ef",
                "colorTo": "fec9ef",
                "cone": 30
            },
            "sprite": "sakura-fall-手里剑弹",
            "reloadMultiplier": 1.5
        },
        "合金手里剑": {
            "collidesGround" : false,
            "speed": 8,
            "damage": 23,
            "lifetime": 45,
            "width": 12,
            "height": 15,
            "ammoMultiplier": 12,
            "splashDamage": 20,
            "splashDamageRadius": 75,
            "knockback": 1.2,
            "shootEffect": {
                "type": "ParticleEffect",
                "particles": 3,
                "sizeFrom": 2,
                "sizeTo": 0,
                "length": 20,
                "baseLength": 0,
                "lifetime": 30,
                "colorFrom": "f3e979",
                "colorTo": "f3e979",
                "cone": 30
            },
            "lightning": 1,
            "lightningLength": 6,
            "sprite": "sakura-fall-手里剑弹",
            "reloadMultiplier": 1.7
        }
    },
    "requirements": [
        {
            "item": "copper",
            "amount": 150
        },
            {
            "item": "metaglass",
            "amount": 70
        },
        {
            "item": "钛剑",
            "amount": 70
        },
        {
            "item": "silicon",
            "amount": 70
        }
    ],
    "research": "scatter",
    "category": "turret"
}