{
    "type": "PowerTurret",
    "name": "樱色",
    "description": "职业雷系魔法选手，消耗巨量电力，闪电拥有5伤害。",
    "details": "樱色作为魔法学院的优秀毕业生，总是能以擅长的雷系法术帮助队友，每次吃饭时她总是吃掉很多，有时候，她可能打的不是很准。\n骇浪是她的好姐妹.",
    "health": 1600,
    "size": 2,
    "accurateDelay": true,
    "moveWhileCharging": false,
    "targetAir": false,
    "targetGround": true,
    "shoot": {
        "barrels": 1,
        "type": "ShootPattern",
        "firstShotDelay": 40
    },
    "shootType": {
        "type": "LaserBulletType",
        "chargeEffect": {
            "type": "MultiEffect",
            "effects": [
                {
                    "type": "ParticleEffect",
                    "particles": 1,
                    "sizeFrom": 0,
                    "sizeTo": 5,
                    "length": 0,
                    "baseLength": 0,
                    "lifetime": 40,
                    "colorFrom": "ff78cb",
                    "colorTo": "ff78cb"
                },
                {
                    "type": "ParticleEffect",
                    "particles": 1,
                    "startDelay": 40,
                    "sizeFrom": 5,
                    "sizeTo": 15,
                    "length": 0,
                    "baseLength": 0,
                    "lifetime": 20,
                    "colorFrom": "ff78cb",
                    "colorTo": "FF78CB00"
                },
                {
                    "type": "ParticleEffect",
                    "particles": 10,
                    "length": -50,
                    "baseLength": 50,
                    "lifetime": 30,
                    "line": true,
                    "lenFrom": 6,
                    "lenTo": 0,
                    "strokeFrom": 2,
                    "strokeTo": 0,
                    "cone": 90,
                    "colorFrom": "ff78cb",
                    "colorTo": "ff78cb"
                }
            ]
        },
        "collidesAir": false,
        "despawnEffect": "none",
        "lightningSpacing": 4,
        "lightningLength": 5,
        "lightningDelay": 1,
        "lightningLengthRand": 6,
        "lightningAngleRand": 6,
        "lightningDamage": 5,
        "lightningColor": "ff78cb",
        "damage": 255,
        "colors": [
            "ff78cb",
            "ff78cb",
            "ff78cb"
        ],
        "buildingDamageMultiplier": 0.5,
        "ammoMultiplier": 1,
        "width": 25,
        "length": 235,
        "lifetime": 80
    },
    "consumes": {
        "power": 15,
        "coolant": {
            "amount": 0.06,
            "optional": true
        }
    },
    "reload": 80,
    "shootSound": "laser",
    "chargeSound": "lasercharge2",
    "shootEffect": "lancerLaserShoot",
    "range": 235,
    "requirements": [
        "lead/220",
		"钛剑/60",
		"樱花剑/60",
        "silicon/50",
        "thorium/15"
    ],
    "category": "turret",
    "research": "lancer"
}