{
    "type": "ItemTurret",
    "name": "武士",
    "description": "他需要一把武士刀",
    "details": "武士对剑士扔武器的行为感到惊讶，直到他也扔了一把武士刀出去。",
    "size": 3,
    "health": 1200,
    "ammoPerShot": 1,
    "range": 200,
    "reloadTime": 180,
    "inaccuracy": 1,
    "rotatespeed": 2,
    "maxAmmo": 40,
    "shootSound": "malignShoot",
    "targetAir": true,
    "targetGround": true,
    "shootCone": 25,
    "consumes": {
        "coolant": {
            "amount": 0.1,
            "optional": true
        }
    },
    "shoot": {
        "shots": 2,
        "type": "ShootAlternate",
        "barrels": 1,
        "spread": 6.5
    },
    "ammoUseEffect": "casing2",
    "ammoTypes": {
        "樱花武士刀": {
            "speed": 6,
            "damage": 36,
            "lifetime": 40,
            "width": 15,
            "height": 18,
            "ammoMultiplier": 5,
            "pierce": true,
            "pierceCap": 3,
            "collidesGround" : true,
            "splashDamage": 25,
            "splashDamageRadius": 30,
            "shootEffect": {
                "type": "ParticleEffect",
                "particles": 3,
                "sizeFrom": 3,
                "sizeTo": 0,
                "length": 20,
                "baseLength": 0,
                "lifetime": 25,
                "colorFrom": "fec9ef",
                "colorTo": "fec9ef",
                "cone": 20
            },
            "sprite": "sakura-fall-武士弹",
            "reloadMultiplier": 0.5,
            "rangeChange": 68
        },
        "合金武士刀": {
            "speed": 8,
            "damage": 19,
            "lifetime": 32,
            "width": 15,
            "height": 18,
            "ammoMultiplier": 5,
            "pierce": true,
            "pierceCap": 3,
            "collidesGround" : true,
            "shootEffect": {
                "type": "ParticleEffect",
                "particles": 3,
                "sizeFrom": 3,
                "sizeTo": 0,
                "length": 20,
                "baseLength": 0,
                "lifetime": 30,
                "colorFrom": "f3e979",
                "colorTo": "f3e979",
                "cone": 20
            },
            "lightning": 2,
            "lightningLength": 13,
            "sprite": "sakura-fall-武士弹",
            "reloadMultiplier": 0.2,
            "rangeChange": 88
        },
        "樱花剑": {
            "speed": 4,
            "damage": 25,
            "lifetime": 46,
            "width": 15,
            "height": 18,
            "ammoMultiplier": 4,
            "pierce": true,
            "pierceCap": 3,
            "splashDamage": 16,
            "splashDamageRadius": 16,
            "shootEffect": {
                "type": "ParticleEffect",
                "particles": 3,
                "sizeFrom": 3,
                "sizeTo": 0,
                "length": 20,
                "baseLength": 0,
                "lifetime": 25,
                "colorFrom": "fec9ef",
                "colorTo": "fec9ef",
                "cone": 20
            },
            "sprite": "sakura-fall-剑弹",
            "reloadMultiplier": 0.9
        }
    },
    "requirements": [
        {
            "item": "武士刀模板",
            "amount": 100
        },
        {
            "item": "copper",
            "amount": 100
        },
        {
            "item": "graphite",
            "amount": 40
        },
        {
            "item": "钛剑",
            "amount":85
        }
    ],
    "category": "turret",
    "research": "salvo",
    "drawer": {
        "type": "DrawTurret",
        "parts": [
            {
                "type": "RegionPart",
                "mirror": false,
                "recoilIndex": 0,
                "x": 0,
                "y": 0,
                "suffix": "-1",
                "layer": 49.99,
                "moveX": 0,
                "moveY": 0,
                "under": true,
                "progress": "recoil",
                "moves": [
                    {
                        "progress": "recoil",
                        "y": -2.5
                    }
                ]
            },
            {
                "type": "RegionPart",
                "mirror": false,
                "recoilIndex": 1,
                "x": 0,
                "y": 0,
                "suffix": "-3",
                "layer": 49.99,
                "moveX": 0,
                "moveY": 0,
                "under": false,
                "progress": "recoil",
                "moves": [
                    {
                        "progress": "recoil",
                        "y": 0
                    }
                ]
            }
        ]
}
}