{
    "type": "LiquidTurret",
    "name": "骇浪",
    "description": "职业水系魔法选手,开火需要消耗大量液体.",
    "details": "在魔法学院的时候,她总是因为攻击力太低被其他同学欺负,直到她遇到樱色.\n樱色告诉她,她拥有能提高队友攻击力的能力,并给她起了骇浪这个称号.\n骇浪作为辅助职业成名已经是很多年后的事情了.",
    "health": 1850,
    "size": 3,
    "reload": 1,
    "recoil": 0.7,
    "range": 304,
    "recoilTime": 5,
    "targetGround": true,
    "targetAir": true,
    "inaccuracy": 6,
    "rotateSpeed": 30,
    "velocityRnd": "0.1",
    "liquidCapacity": 60,
    "ammoTypes": {
        "water": {
            "type": "LiquidBulletType",
            "liquid": "water",
            "lifetime": 26,
            "speed": 15,
            "puddleSize": 12,
            "orbSize": 6,
            "knockback": 1.5,
            "statusDuration": 360,
            "status": "wet",
            "damage": 6
        },
        "cryofluid": {
            "type": "LiquidBulletType",
            "liquid": "cryofluid",
            "lifetime": 28,
            "speed": 12,
            "puddleSize": 12,
            "orbSize": 6,
            "knockback": 1.3,
            "statusDuration": 360,
            "status": "freezing",
            "damage": 4.5
        },
        "樱花茶": {
            "type": "LiquidBulletType",
            "liquid": "樱花茶",
            "lifetime": 26,
            "speed": 12,
            "puddleSize": 10,
            "orbSize": 5,
            "knockback": 1.5,
            "statusDuration": 360,
            "status": "wet",
            "damage": 10,
            "collidesGround" : true,
            "fragBullets": 5,
			"fragBullet": {
				"despawnEffect": "none",
				"width": 12,
				"height": 10,
				"shrinkY": 1,
				"damage": 2,
                "status": "freezing",
				"lifetime": 16,
				"backColor": "FFB6C1",
				"frontColor": "FFB6C1",
				"speed": 3
			}
        },
        "茉莉花茶": {
            "type": "LiquidBulletType",
            "liquid": "茉莉花茶",
            "lifetime": 26,
            "speed": 12,
            "puddleSize": 10,
            "orbSize": 5,
            "knockback": 1.5,
            "statusDuration": 360,
            "status": "freezing",
            "damage": 13,
            "collidesGround" : true,
            "fragBullets": 5,
			"fragBullet": {
				"despawnEffect": "none",
				"width": 12,
				"height": 10,
				"shrinkY": 1,
				"damage": 2,
                "status": "freezing",
				"lifetime": 16,
				"backColor": "e0f5d0",
				"frontColor": "e0f5d0",
				"speed": 3
			}
        }
    },
	"requirements": 
	[
		{ "item": "lead", "amount": 200 },
		{ "item": "titanium", "amount": 75 },
		{ "item": "thorium", "amount": 50 },
		{ "item": "metaglass", "amount": 150 },
		{ "item": "钛剑", "amount": 25 }
    ],
    "category": "turret",
    "research": "tsunami"
}