{
    "type":"ContinuousTurret",
	"name": "聚焦MKII",
	"description": "优化透镜结构，提升了射程和伤害",
	"size": 3,
	"shootY": 3
	"health": 650,
	"category": "turret",
	"shootSound": "none"
   	"research": {
	"parent": "sa-聚焦"//科技树前置
	"objectives": [
		"sa-光能强化I",//研究xx
		
		]	},
    "unitSort": "strongest"//优先攻击血量高单位
	"range": 300,
	"targetAir":true,
	"targetGround":true,
	"rotateSpeed": 1.22,
/*	"drawer": {
        "type": "DrawMulti",
        "drawers": [
            {
                "type": "DrawTurret",
                "parts": [
           {
           "type":"RegionPart",
    "mirror":true,
    "x":0,"y":0,
    "suffix":"-2",
    "layer":50,
    "moveX":3,
    "moveY":-3,
    "moveRot":20
    },
    {
    "type":"RegionPart",
    "mirror":false,
    "x":0,"y":0,
    "suffix":"-1",
    "layer":50,
    "moveX":0,
    "moveY":-4
    "moveRot":0
            "progress":"recoil"
    },
    ]
          }
             ]
       }*/
	"consumes":{
	"power":0.8
	"liquid": 
	{"liquid": "water", "amount": 0.2 }
	},
	"shootType":{
	"type":
	"PointLaserBulletType"
	"damage":40
	}
"requirements":[
"sa-钴/210",
"sa-致密合金/160",
"silicon/250",
"矩阵II/1"
],
        }