{
    "type":"ItemTurret",
    "name":"脉冲",
    "description": "电磁弹射炮台，通过磁力推动钴造成大量伤害"
    "health":550
    "size":3
    "category": "turret",
    "reload":25
    "range":160
    "shootY":-0.2
    "shootSound": "shootAlt"
    "targetGround":true
    "targetAir":true
/*    	"drawer":{//特效
	"type":"drawTurret",//贴图移动
	"parts": [
		{"type": "RegionPart",
		"suffix": "-a",
		"heatProgress": "warmup",
		"mirror": true,
		"moveX": -4,
		"moveY": -4,
		"moveRot": 0
		"progress":"recoil"
		}	]	}*/

      "consumes": {
    "power": 1.5,
  },
    "requirements": [
        "sa-钴/150",
        "silicon/130",
    ],
    "ammoTypes":{
    "sa-钴":{
    "type":"BasicBulletType",
    "frontColor" :"6E7080FF",
    "backColor":"A0B0C8FF",
    "hitColor" :"A0B0C8FF",
    "trailLength":12,
    "trailWidth":3,
    "trailColor":"6E7080FF",
    "speed":6,
    "damage":50,
    "lifetime":35,
    "width":6,
    "height":6,
    "pierceCap":2
    "pierce":true
    "knockback":2
    }
    }
    "research":"电磁学"
    }
    
    