{
    "type":"ItemTurret",
    "name":"脉冲MKIII",
    "description": "再次强化后的脉冲。可以进行快速三连发，同时射程提升了。"
    "health":1280
    "size":3
    "category": "turret",
    "reload":20
    "range":250
    "shootY":-0.2
    "shootSound": "shootAlt"
    "inaccuracy": 2,
    "targetGround":true
    "targetAir":true
    	"shoot":{
	    "shots":3,
	    "shotDelay":5
	},
/*    	"drawer":{//特效
	"type":"drawTurret",//贴图移动
	"parts": [
		{"type": "RegionPart",
		"suffix": "-a",
		"heatProgress": "warmup",
		"mirror": true,
		"moveX": -4,
		"moveY": -4,
		"moveRot": 0
		"progress":"recoil"
		}	]	}*/

      "consumes": {
    "power": 1.7,
  },
    "requirements": [
        "titanium/230"
        "sa-致密合金/350",
        "silicon/550",
        "矩阵III/1"
        "矩阵II/2"
    ],
    "ammoTypes":{
    "sa-钴":{
    "type":"BasicBulletType",
    "frontColor" :"6E7080FF",
    "backColor":"A0B0C8FF",
    "hitColor" :"A0B0C8FF",
    "trailLength":12,
    "trailWidth":3,
    "trailColor":"6E7080FF",
    "speed":6,
    "damage":65,
    "lifetime":42,
    "width":6,
    "height":6,
    "pierceCap":2
    "pierce":true
    "knockback":2
    }
        "sa-致密合金":{
    "type":"BasicBulletType",
    "frontColor" :"6E7080FF",
    "backColor":"A0B0C8FF",
    "hitColor" :"A0B0C8FF",
    "trailLength":12,
    "trailWidth":3,
    "trailColor":"6E7080FF",
    "speed":6,
    "damage":85,
    "lifetime":42,
    "width":6,
    "height":6,
    "pierceCap":5
    "pierce":true
    "knockback":4
    }
    }
       	"research": {
	"parent": "sa-脉冲MKII"//科技树前置
	"objectives": [
		"动能强化II",//研究xx
		
		]	},
    }
    
    