{
	"type": "PowerTurret",
	"name": "霰雪MKII",
	"description": "强化后的霰雪，提升了射速以及分裂弹射程数量",
	"health": 1900,
	"maxAmmo": 7,//最大弹药数
	"size":3,
	"reload": 50,//发射间隔
	"range": 192,
	"shake": 1.2,
	"heatColor":"76D081"
/*	"drawer":{"type":"DrawTurret",
    "parts":[
       {"type":"RegionPart",
    "mirror":true,//是否开启镜像
    "x":0,"y":0,//初始位置
    "suffix":"-1"//,贴图后缀
    "layer":50,//层，49-110
    "moveX":-2,//改变位置
    "moveY":0
    }
    ]
    },*/
	"inaccuracy": 0,
	"shake": 1,
	"canOverdrive": true,//可以被加速
	"targetAir":true,//攻击天空
	"targetGround":true,//攻击地面
	"rotateSpeed": 12,
	"shake":1,
	"shootSound":"shootAltLong",
  "consumes": {
    "power": 3,
    "liquid": {
      "liquid": "sa-甲烷",
      "amount": 0.5
    }
  },
	"ammoPerShot":1,
	"shootType": {
"type":"ArtilleryBulletType",//基础子弹
"width":8,"height":8,
"hitEffect":"blastExplosion",
"knockback":0.8,
"speed":1,"lifetime":190,
"splashDamage":135,
"splashDamageRadius":45,
"backColor":"7A8CDCFF",
"frontColor":"8AA3F4FF",
"damage":155,
"reloadMultiplier":1,
    "fragBullets":10,
		"fragBullet": {
			"type": "PointBulletType",
			"trailEffect": "none",
			"hitEffect": "flakExplosion",
			"despawnEffect": "flakExplosion",
			"splashDamageRadius": 16,
			"splashDamage": 40,
			"status": "blasted",
			"statusDuration": 30,
			"speed": 40,
			"lifetime":2
			    "trailEffect": {//飞行特效
                    "type": "ParticleEffect",
                    "particles": 1,
                    "length": 0,
                    "baseLength": 1,
                    "lifetime": 13,
                    "line": true,
                    "randLength": false,//随机长度
                    "lenFrom": 10,//长度
                    "lenTo": 10,
                    "strokeFrom": 3,
                    "strokeTo": 0,
                    "colorFrom": "8AA3F4FF",
                    "colorTo": "7A8CDCFF",
                    "cone": 0
        }
		}
	}
	"requirements": [
{ "item":"silicon","amount":355},
{ "item":"sa-致密合金","amount":110},
{ "item":"titanium","amount":135},
{ "item":"矩阵II","amount":1},
],
	"category": "turret",
	   	"research": {
	"parent": "sa-霰雪"//科技树前置
	"objectives": [
		"动能强化II",//研究xx
		
		]	},
}