{
	"type": "Drill",
	"name":"焦聚钻头",
    "description": "用高效的焦聚激光替代高能激光",
    "health":400,
    "itemCapacity":50,
    "tier":4,
    //钻头的开采等级
    "drillTime":160,
    //矿物开采耗时，值越高越慢
    "size": 3,
    "group":"drills"
    "haspower":true
    "hasLiquids": true,
	"alwaysUnlocked":false,
	"liquidCapacity":20,
    "drawMineItem":true,
    //是否在中心绘画所采矿物的颜色
    "drillEffect": "mineHuge",
    "updateEffect":"pulverizeRed",
    "drawRim":false,
    "heatColor":"FF5511",
    //开采出矿物时的颜色
    "rotateSpeed": 4,//贴图转速
    "warmupSpeed": 0.3,
    //钻头完全启动的速度(一除以(此数值*60)(单位/秒))
    "liquidBoostIntensity":1.5,
    //液体提供的加速效果    
	"consumes": {
	    "power":1.5,
		"liquid": {
			"liquid":"water",
			"amount":0.1,
			"booster": true,
			//加速
			"optional": true
			//可选
		}
		//"items":{"items":["blast-compound/1"],},
	}
	    "buildCostMultiplier":0.5,
    //建筑速度倍率（越大建的越慢）
    "requirements": [
        { "item": "graphite", "amount":40},
        { "item": "silicon", "amount":40},        
        { "item": "钢铁", "amount":50},
        { "item": "基础电路板", "amount":10}
    ],
    "research": "钢铁钻头",
    "category": "production"
}