{
	"type": "AttributeCrafter",
	"name": "固化器",
	"description": "将魔素固化来封存能量",
	"outputItem": "魔晶/1",
	"liquidCapacity": 120,
	"health":3000
	"legacyReadWarmup": true,
	"attribute": "steam",
	"category": "crafting",
	"size": 3,
	"craftTime": 300,
	"maxBoost": 3,
	"consumes": {
		"power": 4,
		"liquid": "魔素/0.6"
	},
	"research": {
		"parent": "魔能之核",
		"requirements": [
			"魔晶/0"
		]
	},
	"drawer": {
		"type": "DrawMulti",
		"drawers": [
			{
				"type": "DrawRegion",
				"suffix": "-bottom"
			},
			{
				"type": "DrawLiquidTile",
				"drawLiquid": "魔素"
			},
			"DrawCultivator",
			"DrawDefault"
		]
	},
	"requirements": [
"魔晶/10"
	]
}