{
	"name":"大型活性墙",
	"description":"保护己方建筑，挡下敌方炮弹。\n受到攻击时有概率释放电弧，或将少数子弹反弹。",
	"type":"Wall",
	"health":5600,
	"armor":5
	"size":2,
	"group":"walls",
	"buildCostMultiplier":10,
	"chanceDeflect":7,
	//反射率
	"lightningColor":"9E78DCFF"
	//闪电颜色
	"lightningChance":0.3,
	//产生闪电概率
	"lightningDamage":5,
	//闪电伤害
	"lightningLength":16,
	//闪电长度
	"requirements": [
	    "躁动的孢子/3",
	    "锺/4",
	    "silicon/1"
	    ],
	"category": "defense",
	"research": "活性墙"
}

