{
    "name":"束能墙"
	"type":"ShieldWall",
	"description":"保护己方建筑，挡下敌方炮弹与激光。\n能够创建一个力场，吸收或反弹部分炮弹。\n可以传导并储存电力。"
	"health":2500,
	"size":1,
	"armor":30,
	"hasPower":true,
	"consumesPower": true,
	"outputsPower": true,
	"consumes":{
	    "powerBuffered":1500,
	},
	"chanceDeflect":10,
	//反射率
	"shieldHealth":1500,
	//盾容
	"regenSpeed":2.5,
	//护盾再生速度
	"breakCooldown":600,
	//护盾破碎后的冷却
	"conductivePower":true,
	//传导电力
	"absorbLasers":true,
	//吸收激光
	"crushDamageMultiplier": 1,
	"requirements": [
		"铧/5",
		"silicon/3",
		"phase-fabric/3",
	],
	"category": "defense",
	"research": {
		"parent":"斥焰墙",
    "requirements":[
        "铧/200",
        "silicon/120"
        "phase-fabric/120"
        ]
    },
}