{
	"name":"爆炸反应墙",
	"description":"保护己方建筑，挡下敌方炮弹。\n受大多数子弹攻击时有概率将其反弹。\n被摧毁时会发生爆炸,对范围内所有单位造成少量伤害。",
	"type": "Wall",
	"health":1500,
	"size":1,
	"armor":6,
	"flashHit":true,
	"chanceDeflect":25,
	//反射率
	//"absorbLasers":true,
	//吸收激光
	//"insulated":true,
	//绝缘
	"group":"walls"
	"requirements": [
	    "锺/2"
	    "phase-fabric/4",
	    "锬/3"
	    ],
	    "destroyBullet":{
	    //死亡子弹
	    "type":"BasicBulletType",
	    "sprite":"clear"
	    //子弹贴图：无
	    "smokeEffect":"none",
	    "trailEffect":"none",
	    "lifetime":0,
	    "speed":0,
	    "splashDamageRadius":24,
	    "splashDamage":80,
	    "status":"锬中毒"
	    "statusDuration":600,
	    "trailChance":0,
	    "despawnEffect":"none",
	    "hitEffect":{
	    "type":"MultiEffect"
	    "effects":[
	        {
	            "type":"WaveEffect"
		        "lifetime":40,
		        "sizeFrom":20
		        //从多大
		        "sizeTo":24
		        //到多大
		        "strokeFrom":1,
		        //从多宽
		        "strokeTo": 0,
		        //到多宽
		        "colorFrom":"#ffb039"
		        "colorTo":"#ffb039"
            },
	        {
                            "type": "ParticleEffect",
                            "particles":4,
                            "length":25,
                            "lifetime":1200,
                            "sizeFrom":1,
                            "sizeTo":0.5,
                            "region": "星界探索-烟雾",
                            "colorFrom": "#ffb039",
                            "colorTo": "#ffb039"
                            "interp":"circleOut",
                            "cone":360,
	        }
	        {
                            "type": "ParticleEffect",
                            "particles":3,
                            "length":25,
                            "lifetime":240,
                            "sizeFrom":1.5,
                            "sizeTo":1,
                            "region": "星界探索-烟雾",
                            "colorFrom": "#ffb039",
                            "colorTo": "#ffb039"
                            "interp":"circleOut",
                            "cone":360,
	        }
	        {
                            "type": "ParticleEffect",
                            "particles":1,
                            "length":25,
                            "lifetime":360,
                            "sizeFrom":2,
                            "sizeTo":1,
                            "region": "星界探索-烟雾",
                            "colorFrom": "#ffb039",
                            "colorTo": "#ffb039"
                            "interp":"circleOut",
                            "cone":360,
	        }
                        ]
            }
	    "shootEffect":"none",
	    "buildingDamageMultiplier":0,
	}
	"category": "defense",
	"research": {
		"parent":"自愈墙",
    "requirements":[
        "锺/100",
        "锬/120"
        "phase-fabric/160"
        ],
    },
}
