{
	"type": "GenericCrafter",
	"name": "无限纯白交换",
	"description": "一个液体源获得无限纯白",
	"details":""
	"outputLiquids":["纯白/35791394.1167",],//产出
	"size":2,//建筑大小
	"health":50,//血量
	"craftTime":600,//÷60
	"itemCapacity":1,//容量
	"liquidCapacity":2147483647,
	"consumes": {
    "power":16.6666666667//×60
    "liquids" : {
        "liquids" : [
              "不纯白/8.33333333333",
        ]
}
    "items":{
          "items":[
	            "终点/3",
	]
	}
	}
    "requirements": [
                "copper/10",
                "物液板/50"
	],//建造材料
    "category": "liquid",
	"research":""
	"updateEffect":"smeltsmoke",
	"canOverdrive": false,
	"hasPower": true,
	"hasLiquids": true,
	"hasItems": true,
}