{
	"type": "PowerTurret",//类型
	"category": "turret",//菜单栏
	"name": "壁垒",//名字
	"description": "需要消耗电量和制造一连串毁灭性的大爆炸，爆炸伤害递减，拥有极高的生命值",//介绍
	"research":"hara熔毁"//前置科技树
	"alwaysUnlocked":false,//科技树默认解锁
	"requirements": [
	{ "item":"钛晶玻璃","amount":960},
	{"item":"plastanium","amount":890},
	{ "item":"phase-fabric","amount":760},
	{ "item":"silicon","amount":1350},
	{ "item":"surge-alloy","amount":790},	],
	"shoot": {
    "type": "shootBarrel",
    "shots": 1,//每轮发射数量
    "barrels": [0,24,0],//炮口位置（左右，前后，倾斜）
    "firstShotDelay":0
}
"armor": 23,
"recoil": 5,
	"size": 5,//大小
	"shake":10,//屏幕震动
	"health": 34800,//血量
	"accurateDelay": false,//预判
	"rotateSpeed": 1.7,//转头速度
	"reload": 60,//装填速度
	"ammoUseEffect": "none",//子弹抛壳特效
	"shootSound": "artillery",//发射音效
	"range": 220,//范围
	"inaccuracy":0,//不准确度
	"consumes": {//消耗
    "power": 19,
		}
	"shootType":{
	"type" : "BasicBulletType",
	"pierce": true,
	"splashDamageRadius":64,		         "splashDamage":1000,//范围伤害
	"damage": 0,//伤害
	"shake":6,//屏幕震动
	"speed": 0,//子弹速度
	"knockback":0,//击退
	"lifetime":0,//子弹存在时间，帧
	"width":0,	"height":0,//宽长度
	"pierce":true,//穿透
	"updateEffect": "none",//更新特效
	"shootEffect": "none",//射姬特效
	"status":"blasted"//施加效果
	"fragBullets":1,
	"fragOnHit":false,//击中时分裂
	"pierce": true,
	"fragRandomSpread":0,//随机分裂角度
	"fragSpread":180,//分裂角度
	"fragVelocityMin":1,//最小分裂弹速度
	"fragVelocityMax":1,//最大分裂弹速
	"hitEffect":
  	{
					"type": "ExplosionEffect",
					"waveColor":"BF92F9FF",//波浪颜色
					"smokeColor":"4f5555",//烟雾颜色
					"sparkColor":"B882FFFF",//火花颜色
					//下面都是数
					"waveLife": 24,//波浪存在时间
					"waveStroke":4,//波形宽度
					"waveRad":48,//波浪半径
					"waveRadBase":16,//波浪开始的半径
					"sparkStroke":4,//火花宽
					"sparkRad":64,//火花半径
					"sparkLen":8,//长度
					"smokeSize":12,//烟雾大小
					"smokeSizeBase":8,//烟雾开始大小
					"smokeRad":64,//烟雾半径
					"smokes":12,//烟雾数
					"sparks":8,//火花数
				},
	"fragBullet":{"type"://分裂弹1号
		"BasicBulletType",		
		"pierce": true,
		"splashDamageRadius":64,			"splashDamage":850,//范围伤害
  "damage":0,
  "speed": 6,
  "lifetime":10.5
  "width":0,	"height":0,//宽长度
  "pierce":true,//穿透
  "status":"blasted"//施加效果
  "hitEffect":
  	{
					"type": "ExplosionEffect",
					"waveColor":"BF92F9FF",//波浪颜色
					"smokeColor":"4f5555",//烟雾颜色
					"sparkColor":"B882FFFF",//火花颜色
					//下面都是数
					"waveLife": 24,//波浪存在时间
					"waveStroke":4,//波形宽度
					"waveRad":48,//波浪半径
					"waveRadBase":16,//波浪开始的半径
					"sparkStroke":4,//火花宽
					"sparkRad":64,//火花半径
					"sparkLen":8,//长度
					"smokeSize":12,//烟雾大小
					"smokeSizeBase":8,//烟雾开始大小
					"smokeRad":64,//烟雾半径
					"smokes":12,//烟雾数
					"sparks":8,//火花数
				},
  "fragBullets":1,
  "fragOnHit":false,//击中时分裂
  "fragRandomSpread":0,//随机分裂角度
	"fragSpread":180,//分裂角度
	"fragVelocityMin":1,//最小分裂弹速度
	"fragVelocityMax":1,//最大分裂弹速
	"fragBullet":{"type"://分裂弹2号
		"BasicBulletType",		"splashDamageRadius":64,			
		"pierce":true,//穿透
		"splashDamage":700,//范围伤害
  "damage":0,
  "speed": 6, 
  "lifetime":10.5,
  "width":0,	"height":0,//宽长度
  "status":"blasted"//施加效果
  "hitEffect":
  	{
					"type": "ExplosionEffect",
					"waveColor":"BF92F9FF",//波浪颜色
					"smokeColor":"4f5555",//烟雾颜色
					"sparkColor":"B882FFFF",//火花颜色
					//下面都是数
					"waveLife": 24,//波浪存在时间
					"waveStroke":4,//波形宽度
					"waveRad":48,//波浪半径
					"waveRadBase":16,//波浪开始的半径
					"sparkStroke":4,//火花宽
					"sparkRad":64,//火花半径
					"sparkLen":8,//长度
					"smokeSize":12,//烟雾大小
					"smokeSizeBase":8,//烟雾开始大小
					"smokeRad":64,//烟雾半径
					"smokes":12,//烟雾数
					"sparks":8,//火花数
				}
				"fragBullets":1,
  "fragOnHit":false,//击中时分裂
  "fragRandomSpread":0,//随机分裂角度
	"fragSpread":180,//分裂角度
	"fragVelocityMin":1,//最小分裂弹速度
	"fragVelocityMax":1,//最大分裂弹速
				"fragBullet":{"type"://分裂弹3号
		"BasicBulletType",		"splashDamageRadius":64,			
		"pierce":true,//穿透
		"splashDamage":550,//范围伤害
  "damage":0,
  "speed": 6, 
  "lifetime":10.5,
  "width":0,	"height":0,//宽长度
  "pierce":true,//穿透
  "status":"blasted"//施加效果
  "hitEffect":
  	{
					"type": "ExplosionEffect",
					"waveColor":"BF92F9FF",//波浪颜色
					"smokeColor":"4f5555",//烟雾颜色
					"sparkColor":"B882FFFF",//火花颜色
					//下面都是数
					"waveLife": 24,//波浪存在时间
					"waveStroke":4,//波形宽度
					"waveRad":48,//波浪半径
					"waveRadBase":16,//波浪开始的半径
					"sparkStroke":4,//火花宽
					"sparkRad":64,//火花半径
					"sparkLen":8,//长度
					"smokeSize":12,//烟雾大小
					"smokeSizeBase":8,//烟雾开始大小
					"smokeRad":64,//烟雾半径
					"smokes":12,//烟雾数
					"sparks":8,//火花数
				}
}
}
}
}
			}