{
	"type": "ItemTurret",
	"name": "惩戒",
	"description": "蓄力一段时间后释放大量导弹攻击敌人",
	"health": 3300,
	"size": 4,
	"reload": 600,
	"fogRadiusMultiplier": 0.4,
	"range": 670,
	"maxAmmo": 120,
	"heatColor": "FFD197",
	"canOverdrive": true,
	"recoil": 1.5,
	"minWarmup": 0.8,
	"shootWarmupSpeed": 0.05,
	"unitSort": "farthest",
	"shoot": {
		"shots": 120,
		"shotDelay": 1
	},
	"ammoPerShot": 60,
	"ammoUseEffect": "none",
	"shootSound": "cannon",
	"targetGround": true,
	"targetAir": true,
	"shootY": 6,
	"xRand": 8,
	"minRange": 240,
	"coolantMultiplier": 0.5,
	"liquidCapacity": 80,
	"consumes": {
		"power": 53.6,
		"coolant": {
			"amount": 1.5,
			"optional": true
		}
	},
	"inaccuracy": 20,
	"shootCone": 15,
	"shake": 1,
	"rotateSpeed": 2,
	"velocityRnd": 0.05,
	"ammoTypes": {
		"电磁合金": {
			"type": "MissileBulletType",
			"width": 12,
			"height": 60,
			"speed": 15,
			"weaveMag": 2,
			"weaveScale": 3,
			"lifetime": 43,
			"homingDelay": 10,
			"homingPower": 0.08,
			"homingRange": 80,
			"ammoMultiplier": 6,
			"trailLength": 11,
			"trailWidth": 3,
			"trailColor": "FEEBB3",
			"shrinkY": 0,
			"shrinkX": 0,
			"backColor": "FEEBB3",
			"frontColor": "FEEBB3",
			"hitShake": 4,
			"hitEffect": {
				"type": "MultiEffect",
				"effects": [
					{
						"type": "ParticleEffect",
						"particles": 3,
						"sizeFrom": 11,
						"sizeTo": 0,
						"length": 38,
						"baseLength": 20,
						"lifetime": 25,
						"colorFrom": "FFFFFF80",
						"colorTo": "FEEBB3"
					},
					{
						"type": "WaveEffect",
						"lifetime": 15,
						"sizeFrom": 1,
						"sizeTo": 48,
						"strokeFrom": 3,
						"strokeTo": 0,
						"colorFrom": "FFFFFF",
						"colorTo": "FFFFFF"
					}
				]
			},
			"hitSound": "explosion",
			"despawnEffect": "none",
			"shootEffect": "none",
			"smokeEffect": {
				"type": "ParticleEffect",
				"particles": 5,
				"sizeFrom": 4,
				"sizeTo": 0,
				"length": 45,
				"baseLength": 0,
				"lifetime": 25,
				"colorFrom": "FEEBB3",
				"colorTo": "FFFFFF",
				"cone": 30
			},
			"damage": 70,
			"lightningDamage": 40,
			"lightning": 4,
			"lightningLength": 10,
			"lightningLengthRand": 4,
			"splashDamageRadius": 48,
			"splashDamage": 120
		}
	}
	"requirements": [
		"graphite/540",
		"plastanium/1350",
		"钛晶玻璃/850",
		"电磁合金/135"
	],
	"researchCostMultiplier": 0.5,
	"category": "turret",
	"research": {
		"parent": "壁垒",
		"objectives": [
			{
				"type": "OnSector",
				"preset": "黄沙埋骨"
			}
		]
	}
}