{
	"type": "ItemTurret",
	"name": "旋风",
	"description": "快速向敌人发射子弹
	
贴图by 世纪灯泡",
	"health": 3140,
	"size": 4,
	"reload": 6,
	"range": 255,
	"maxAmmo": 35,
	"recoils": 2,
	"shoot":{
		"type":"ShootAlternate",
		"barrels":3,
		"spread":3
	},
	"liquidCapacity": 30,
	"targetGround": true,
	"targetAir": true,
	"inaccuracy": 10,
	"rotateSpeed": 12,
	"consumes": {
		"coolant": {
			"amount": 1.0,
			"optional": true
		}
	},
	"ammoTypes": {
		"metaglass": {
			"type": "FlakBulletType",
			"ammoMultiplier": 2,
			"reloadMultiplier": 0.85,
			"width": 6,
			"height": 8,
			"speed": 5,
			"lifetime": 50,
			"damage": 12,
			"splashDamage": 58,
			"splashDamageRadius": 25,
			"hitEffect": "flakExplosion",
			"fragBullets": 4,
			"fragBullet": {
				"type": "BasicBulletType",
				"despawnEffect": "none",
				"width": 5,
				"height": 12,
				"shrinkY": 1,
				"damage": 17,
				"lifetime": 20,
				"backColor": "E3E3E3",
				"frontColor": "FFFFFF",
				"speed": 3
			},
			"explodeRange": 20,
			"collidesGround": true
		},
		"blast-compound": {
			"type": "FlakBulletType",
			"ammoMultiplier": 5,
			"width": 6.5,
			"height": 8.5,
			"shootEffect": "shootBig",
			"speed": 5,
			"lifetime": 50,
			"damage": 14,
			"status": "blasted",
			"statusDuration": 60,
			"splashDamage": 78,
			"splashDamageRadius": 60,
			"hitEffect": "flakExplosionBig",
			"explodeRange": 20,
			"collidesGround": true
		},
		"plastanium": {
			"type": "FlakBulletType",
			"ammoMultiplier": 4,
			"shootEffect": "shootBig",
			"speed": 5,
			"lifetime": 50,
			"damage": 14,
			"backColor": "d8d97f",
			"frontColor": "fffac6",
			"status": "blasted",
			"statusDuration": 60,
			"splashDamage": 37.5,
			"splashDamageRadius": 68,
			"hitEffect": "plasticExplosion",
			"fragBullets": 6,
			"fragBullet": {
				"despawnEffect": "none",
				"width": 10,
				"height": 12,
				"shrinkY": 1,
				"damage": 17,
				"lifetime": 15,
				"backColor": "d8d97f",
				"frontColor": "fffac6",
				"speed": 2.5
			},
			"explodeRange": 20,
			"collidesGround": true
		},
		"surge-alloy": {
			"type": "FlakBulletType",
			"speed": 5,
			"lifetime": 55,
			"width": 9,
			"height": 10,
			"damage": 13,
			"shootEffect": "shootBig",
			"splashDamageRadius": 38,
			"splashDamage": 75,
			"lightningDamage": 21,
			"lightning": 3,
			"lightningLength": 9,
			"ammoMultiplier": 5,
			"explodeRange": 20,
			"collidesGround": true
		},
		"钛晶玻璃": {
			"type": "FlakBulletType",
			"ammoMultiplier": 4,
			"shootEffect": "shootBig",
			"speed": 5,
			"lifetime": 50,
			"damage": 9,
			"backColor": "7595D2FF",
			"frontColor": "7595D2FF",
			"status": "blasted",
			"statusDuration": 60,
			"splashDamage": 28.5,
			"splashDamageRadius": 30,
			"hitEffect": "plasticExplosion",
			"fragBullets": 18,
			"fragBullet": {
				"despawnEffect": "none",
				"width": 10,
				"height": 12,
				"shrinkY": 1,
				"damage": 15.75,
				"lifetime": 15,
				"backColor": "7595D2FF",
				"frontColor": "7595D2FF",
				"speed": 2.5
			},
			"explodeRange": 20,
			"collidesGround": true
		},
		"电磁合金": {
			"type": "FlakBulletType",
			"speed": 5,
			"lifetime": 55,
			"width": 9,
			"height": 10,
			"damage": 23,
			"shootEffect": "shootBig",
			"splashDamageRadius": 38,
			"splashDamage": 128,
			"lightningDamage": 31,
			"lightning": 5,
			"lightningLength": 10,
			"ammoMultiplier": 3,
			"explodeRange": 20,
			"collidesGround": true
		}
	},
	"requirements": [
	        { "item": "copper", "amount":165},
		{ "item": "titanium", "amount":190}  ,
		 { "item": "钛晶玻璃", "amount":120},
		{ "item": "plastanium", "amount":145},
		{ "item": "silicon", "amount":255}
		],
	"category": "turret",
	"research": "cyclone"
    "drawer": {
		"type": "DrawTurret",
		"parts": [
			{
				"type": "RegionPart",
				"suffix": "-左管",
				"under": true,
				"recoilIndex": -1,
				"moves": [
					{
						"progress": "recoil",
						"y": -0.75
					}
				],
				"heatProgress": "recoil"
			},
			{
				"type": "RegionPart",
				"suffix": "-右管",
				"under": true,
				"recoilIndex": 0,
				"moves": [
					{
						"progress": "recoil",
						"y": -0.75
					}
				],
				"heatProgress": "recoil"
			},
			{
				"type": "RegionPart",
				"suffix": "-中管",
				"under": true,
				"recoilIndex": 1,
				"moves": [
					{
						"progress": "recoil",
						"y": -0.75
					}
				],
				"heatProgress": "recoil"
			}
		]
	},
}