{
	"type": "ItemTurret",
	"name": "落星",
	"description": "威力较大的远距离轨道炮，使用大量电力与少量冷却液与电磁合金即可发射",
	"health": 2450,
	"size": 4,
	"reload": 300,
	"fogRadiusMultiplier":0.3,
	"range": 880,
	"maxAmmo": 20,
	"recoilTime": 30,
	"recoil": 3,
	"consumes": {
	"power": 38.4,
	"liquid": "cryofluid/0.23"
	}
	"canOverdrive": true,
	"cooldownTime": 200,
	"shake": 35,
	"shootSound": "release",
	"ammoUseEffect": "casing3Double",
	"shootEffect":{
		"type": "WaveEffect",
		"lifetime": 15,
		"sizeFrom": 0,
		"sizeTo": 200,
		"strokeFrom": 3,
		"strokeTo": 0,
		"colorFrom": "FCF387FF",
		"colorTo": "FCF387FF"
	},
	"targetGround": true,
	"targetAir": true,
	"rotateSpeed": 2.4,
	"ammoPerShot": 10,
	"ammoTypes": {
		"电磁合金": {
			"type": "BasicBulletType",
			"ammoMultiplier": 5,
			"speed": 25,
			"sprite": "一个原版拓展-星",
			"spin": 10,
			"backColor": "FCF387FF",
			"frontColor": "FCF387FF",
			"drag": 0.017,
			"lifetime": 60,
			"width": 70,
			"height": 70,
			"damage": 4780,
			"lightningDamage": 150,
                        "lightning": 6,
                        "lightningLength": 15,
			"pierce": true,
			"pierceBuilding": true,
			"trailChance": 1,
			"trailInterval": 24,
			"trailRotation": true,
			"trailEffect": "instTrail",
			"hitSound": "shotgun",
			"smokeEffect":{
				"type": "ParticleEffect",
				"particles": 17,
				"sizeFrom": 11,
				"sizeTo": 0,
				"lifetime": 120,
				"interp": "pow10Out",
				"sizeInterp": "pow3In",
				"baseLength": 0,
				"length": 45,
				"cone": 16,
				"colorFrom": "FCF387FF",
				"colorTo": "FCF387FF"
			},
			"hitEffect": "instHit",
			"despawnEffect": "none"
		}
	},
	"requirements": [
		"copper/1850",
		"graphite/980",
		"plastanium/1125",
		"thorium/1530",
		"surge-alloy/950",
		"电磁合金/870",
		"钛晶玻璃/1350"
	],
	"category": "turret"
	"research": {
	"parent":"foreshadow"
	"objectives": [
	{
				"type": "SectorComplete",
				"preset": "坠星之地"
			}
		]
	}
}