{
	"type": "PowerTurret",
	"name": " 褪去",
	"description": "发射穿透性子弹",
	"health": 1380,
	"size": 3,
	"reload":5,
	"range": 285
	"accurateDelay":true,
		"targetGround": true,
	"targetAir": true,
	"moveWhileCharging": true,
	"consumes": {
	"power":6.4
	"coolant":{"amount":0.4,"optional":true}  
		},
	"shoot": {
		"type": "ShootAlternate",
		"barrels": 3,
		"spread": 2
	},
		"shootType": {
	"type": "BasicBulletType",//类型,导弹
		"damage": 25,//单体伤害
		"speed": 18,//飞行速度
		"lifetime": 15,//存在时间
		"pierce": true,
		"backColor": "BC5452FF"
		"frontColor": "BC5452FF",
//尾迹
		"trailColor": "FEB380FF",
		"lightColor": "FEB380FF",
		"trailParam": 5,//尾迹参数
		"trailWidth": 1,"trailLength": 8,//尾迹宽长度
		"trailEffect": "none",//尾迹特效
		"width": 2,"height": 15,//宽长度
	},
	"shootSound":"laser",
    "chargeSound":"lasercharge2",
	"smokeEffect": "none",
	"inaccuracy": 2,
	"rotateSpeed": 4,
	"shake":1, 
	"requirements": [
{ "item": "copper", "amount": 195 }
{ "item": "钛晶玻璃", "amount": 235 }
{ "item": "titanium", "amount": 95 }
{ "item": "metaglass", "amount": 120 }
	],
	"category": "turret",
		"research": {
	"parent":"lancer"
	}
	    "researchCostMultiplier": 1,
	        "canOverdrive": true,
}