{
	"type": "ItemTurret",
	"name": "重型双管",
	"description": "快速向敌人发射子弹
	
贴图by 绒绒",
	"health": 760,
	"size": 2,
	"reload": 15,
	"range": 152,
	"maxAmmo": 30,
	"recoils": 2,
	"shoot":{
		"type":"ShootAlternate",
		"barrels":2,
		"spread":6
	},
	"liquidCapacity": 30,
	"targetGround": true,
	"targetAir": true,
	"inaccuracy": 5,
	"rotateSpeed": 12,
	"consumes": {
		"coolant": {
			"amount": 0.2,
			"optional": true
		}
	},
	"ammoTypes": {
		"copper": {
			"speed": 3.5,
			"damage": 13,
			"knockback": 0.5,
			"lifetime": 60,
			"width": 10,
			"height": 13,
			"ammoMultiplier": 2
		},
		"graphite": {
			"speed": 3.5,
			"damage": 24,
			"reloadMultiplier": 0.65,
			"lifetime": 60,
			"width": 11,
			"height": 14,
			"ammoMultiplier": 4
		},
		"silicon": {
			"speed": 3.5,
			"damage": 17,
			"reloadMultiplier": 1.6,
			"lifetime": 60,
			"width": 10,
			"height": 15,
			"homingRange": 80,
			"homingPower": 0.08,
			"ammoMultiplier": 5
		}
	},
	"requirements": [
	        { "item": "copper", "amount":95},
		{ "item": "lead", "amount":40}  ],
	"category": "turret",
	"research": "duo"
    "drawer": {
		"type": "DrawTurret",
		"parts": [
			{
				"type": "RegionPart",
				"suffix": "-左",
				"under": true,
				"recoilIndex": 0,
				"moves": [
					{
						"progress": "recoil",
						"y": -2
					}
				],
				"heatProgress": "recoil"
			},
			{
				"type": "RegionPart",
				"suffix": "-右",
				"under": true,
				"recoilIndex": 1,
				"moves": [
					{
						"progress": "recoil",
						"y": -2
					}
				],
				"heatProgress": "recoil"
			}
		]
	},
}