{
	"type": "ItemTurret",
	"name": " 重型冰雹",
	"description": "向远距离地面敌人发射榴弹",
	"health": 790,
	"size": 2,
	"reload": 35,
	"shootSound": "artillery",
	"shake": 1.7,
	"consumes": {
		"coolant": {
			"amount": 0.2,
			"optional": true
		}
	},
	"shoot": {
		"shotDelay": 40
		"barrels":2,
		"spread":12
	},
	"targetGround": true,
	"targetAir": false,
	"range": 280,
	"recoilTime": 30,
	"recoil": 2,
	"maxAmmo":45,
	"ammoUseEffect": "casing3",
	"rotateSpeed": 6,
	"ammoPerShot": 2,
	"ammoTypes": {
		"silicon": {
			"type": "ArtilleryBulletType",
			"speed": 5,
			"reloadMultiplier": 1.4,
			"lifetime": 90,
			"width": 15,
			"knockback": 1,
			"height": 15,
			"shootEffect": "shootBig",
			"homingRange": 40,
			"homingPower": 0.1,
			"splashDamageRadius": 30,
			"splashDamage": 42,
			"hitEffect": "explosion",
			"despawnEffect": "explosion"		},
		"graphite": {
			"type": "ArtilleryBulletType",
			"speed": 5,
			"lifetime": 87,
			"width": 15,
			"height": 15,
			"knockback": 1,
			"shootEffect": "shootBig",
			"splashDamageRadius": 30,
			"splashDamage": 42,
			"makeFire": true,
			"hitEffect": "explosion",
			"despawnEffect": "explosion"
		},
		"pyratite": {
			"type": "ArtilleryBulletType",
			"speed": 5,
			"lifetime": 87,
			"width": 15,
			"height": 15,
			"knockback": 1,
			"backColor": "FF8C00",
			"frontColor": "FFB90F",
			"shootEffect": "shootBig",
			"splashDamageRadius": 25,
			"splashDamage": 62,
			"makeFire": true,
			"status": "burning",
			"statusDuration": 300,
			"hitEffect": "explosion",
			"despawnEffect": "explosion"
	 }
	},
	"requirements": [
		{
			"item": "copper",
			"amount": 105
		},
		{
			"item": "graphite",
			"amount": 40
		}
	],
	"category": "turret",
	"research": "hail"
	    "researchCostMultiplier": 1,
	        "canOverdrive": true,
}