{

	"type":"PowerTurret",
	"name":"重型电弧",
    "description":"向地面敌人发射电弧",
	"size":2,//物品面积
	"health":570,//建筑血量
	"range":120,//攻击范围
	"reload":15,//60：0.1每秒一个
		"recoil":2,//后坐力,
	"inaccuracy":0,//误差
	
	                      "consumes": {
	                          
        "power": 4,

        "coolant": {
            "amount": 0.2,
            "optional": true
        }
    },
	"rotateSpeed":3,//旋转速度
	"targetAir":false//攻击天空
	"targetGround":true,//攻击地面
	"coolantMultiplier":2,
	

	
	"heatColor":"#FF0000",
			"shootSound":"spark",
	
    "shootType":{
    
    
    
    "type":"LightningBulletType",
    "damage":35,
    "lightningLength":40,
	"ammoMultiplier":1,
    "collidesAir": true
    },

    "shootEffect":{"type": "ParticleEffect",
    "particles": 4,
    "length":45,
    "baseLength": 0,
    "lifetime": 13,
    "line": true,
    "lenFrom":14,
    "lenTo":23,
    "strokeFrom": 2,
    "strokeTo": 0,
        "cone": 20},

	"requirements": [
		{ "item": "copper", "amount":70 },
	        { "item": "lead", "amount":110 },
	],
	"category": "turret",
	"research":"arc"
	

}