{
	"type": "ItemTurret",
	"name": "雷击",
	"description":"发射数道光刺拆解敌人，近距离效果极佳 ",
	"unitSort": "weakest",
	"health": 1730,
	"size": 3,
	"reload": 85,
	"range": 180,
	"maxAmmo": 48,
	"recoilTime": 30,
	"recoil": 3,
	"consumes": {
		"coolant": {
			"amount": 0.4,
			"optional": true
		}
	},
	"shootY": 3.5,
	"shoot": {
		"shots": 8,
		"type": "ShootSpread",
		"spread": 2.5
	},
	"ammoPerShot": 6,
	"shootSound": "shotgun",
	"targetGround": true,
	"targetAir": true,
	"shake": 3,
	"shootCone": 20,
	"rotateSpeed": 9,
	"ammoTypes": {
		"titanium": {
			"type": "ShrapnelBulletType",
			"reloadMultiplier": 1.2,
			"width": 25,
			"length": 175,
			"damage": 125,
			"ammoMultiplier": 2
		},
		"thorium": {
			"type": "ShrapnelBulletType",
			"reloadMultiplier": 1,
			"rangeChange": 10,
			"length": 175,
			"damage": 150,
			"width": 25,
			"fromColor": "f9a3c7",
			"toColor": "f9a3c7",
			"ammoMultiplier": 4,
			"shootEffect": "thoriumShoot",
			"smokeEffect": "thoriumShoot"
		}
	},
	"requirements": [
		"graphite/135",
		"钛晶玻璃/230",
		"thorium/175"
	],
	"category": "turret",
	"research": "fuse"
}