{
	"health": 400,
	"mineSpeed": 13,
	"mineTier": 2,
	"buildSpeed": 2.75,
	"speed": 5.75,
	"trailLength":8, 
	"faceTarget": false,
	"deathSound": "空军-死亡1"//单位死亡后音效
	"weapons": [
{
			"name": "B枪",
			"reload": 20,
			"x": 2.5,
			"y": 1,
			"rotate": true,
			"inaccuracy": 0,
			"shootSound": "pew",
			"alternate": true,
			"ejectEffect": "casing1",
			"shoot": {//攻击
			"shots": 5,//攻击次数
			"shotDelay": 5//攻击间隔
			},
			"bullet": {
				"buildingDamageMultiplier": 0.01,
				"damage": 14,
				"speed": 3.5,
				"lifetime": 80,
				"width": 7,
				"height": 10
			}
		}
	]
}