{
	"health": 600,
	"mineSpeed": 18,
	"mineTier": 3,
	"buildSpeed": 3.75,
	"speed": 6.8,
	"trailLength":8, 
	"deathSound": "空军-死亡1"//单位死亡后音效
	"drag": 0.08,
	"weapons": [
		{
			"name": "伽马1",
			"reload": 10,
			"x": -3.5,
			"y": 3.5,
			"rotate": false,
			"top": false,
			"inaccuracy": 0,
			"shootSound": "shoot",
			"alternate": true,
			"ejectEffect": "casing2",
			"shoot": {//攻击
			"shots": 3,//攻击次数
			"shotDelay": 3//攻击间隔
			},
			"bullet": {
				"buildingDamageMultiplier": 0.01,
				"damage": 13,
				"backColor": "FF8C00",
				"frontColor": "FFB90F",
				"status": "burning",
				"statusDuration": 600,
				"speed": 5,
				"lifetime": 50,
				"width": 8,
				"height": 13
			}
		}
	]
}