{
	"type": "flying",
	"name":"伊塔",
	"description": "终端核心的捍卫核心机，具有强大的保护装置以及再生系统，伤害较高",
	"speed": 7.75,
	"accel":0.21,
	"drag": 0.03,
	"trailLength":8, //拖尾长
	"rotateSpeed":9,
	"ammoType":"titanium",
	"ammoCapacity": 300,
	"hitSize":18, 
	"buildSpeed":4.55
	"flying": true,
	"health":2280,
	"armor":28
	"itemCapacity":320
	"mineTier":4
	"mineSpeed":42
	"deathSound": "空军-死亡1"//单位死亡后音效
	"engineOffset": 8,
	"engineSize": 4, 
	"abilities": [
	{
        "type": "RepairFieldAbility"
        "amount":66
        "reload": 20
        "range": 80
    }
        {
        "type": "ShieldRegenFieldAbility",
        "amount": 66.0,
        "max": 1080,
        "reload": 25
        "range": 28.0,
    }
    {
    "type":"ForceFieldAbility",
    "radius": 150
    "regen": 4.75
    "max": 2880
    "cooldown": 720,}
    ]
	"weapons": [
       {
            "name": "伊塔-机枪",
            "reload":1
            "x":0
            "y":0
             "inaccuracy": 5,
            "shootSound":"pew",
            "ejectEffect": "casing1",
            "rotate": false
			"baseRotation":0
			"shootCone":15
		    "rotationLimit": 0
		    "mirror": true
            "bullet": {
    "type":"BasicBulletType",
    "speed": 10
    "lifetime":42
	"width": 8
	"height": 12
	"damage":22
    "hitSize":4
    "buildingDamageMultiplier":0.01
    "collidesAir": true
    }}
    {
            "name": "光束",
            "reload": 184
            "x":0
            "y":0
             "inaccuracy": 0
            "shootSound":"laser",
            "ejectEffect": "casing1",
            "rotate": false
			"baseRotation":0
			"shootCone":90
		    "rotationLimit": 0
		    "mirror": true,
    "bullet":{
		"sprite":"missile-large",
			"speed":14
			"damage": 128
			"lifetime":37.5,
			"width": 9, 			
			"height":16
			"trailLength":12
	"trailWidth":3
			"splashDamageRadius":35,
		"splashDamage":88
	    "makeFire":true,
			"shootEffect":"shootSmall",
	     	"buildingDamageMultiplier":0.01
	}}
		{
			"name": "伊塔-导弹",
			"reload": 55,
			"x": 8,
			"y": -12,
			"shootY": 6,
			"shoot": {
				"shots": 10,
				"shotDelay": 3
				"type":"ShootBarrel",//攻击方位
				"barrels": [
				0,0,5
				0,0,10
				0,0,15
				0,0,20
				0,0,25
				0,0,30
				0,0,35
				0,0,40
				0,0,45
				0,0,50
				]
			},
			"rotate": false,
			"inaccuracy": 10,
			"alternate": true,
			"shootSound": "missile",
			"ejectEffect": "casing1",
			"bullet": {
				"type": "MissileBulletType",
				"damage": 28,
				"splashDamageRadius": 35,
				"splashDamage": 47,
				"homingDelay": 20,
				"status": "blasted",
				"hitEffect": "flakExplosionBig",
				"buildingDamageMultiplier":0.01,
				"despawnEffect": "flakExplosionBig",
				"smokeEffect": "none",
				"speed": 7,
				"lifetime": 60,
				"width": 7,
				"height": 8
			}
		},
    ]
}
