{
"type":"mech",
"name":"艾格兰突击者",
"description":"向敌人发射孢子导弹",
"research":"",
"speed":1,//速度
"mechSideSway":1,//偏移
"hitSize":8,//尺寸
"health":750,//生命
"armor":2.5,//护甲
"itemCapacity":30,//背包容量
"range":24,//范围
	    "immunities": [
        "侵蚀",
        ],//状态豁免
           "abilities": [//特殊能力
    {"type": "RegenAbility",//自回复
	"percentAmount": 0.05},//每帧自回复血量百分比
	]
    	"weapons":[ 
   	{
	"x":0,"y":-1,//武器位置，y为上下x为左右
	"mirror":false,//对不对称
	"reload":120,//攻击间隔，10=3发/秒
	"rotate": true,//能旋转吗
	"rotationLimit":25,//旋转限制
	"top": false,
	"shootEffect":"none",//武器开火效果
	"shootSound":"喷",//武器开火声
    "shootSoundVolume":2.15
    "inaccuracy": 360,
    "shoot":{
        "shots":1
    },
	"bullet":{
      "spawnUnit": "孢子导弹",
      "instantDisappear": true,}} ] }