{
	"type":"mech",//类型
	"name": "血灾",//名字
	"description":"一级猩红单位，利用武器喷出火焰对敌人造成伤害",//介绍
"research":{
	"parent": "none",

},
	"rotateSpeed":5,//转身速度
	"hitSize":12,//大小
	"health": 960,//血量
	"armor":1,//防御
	"speed":1.35,//速度
	"targetAir": true,//攻击空军
	"abilities":[
	{
	"type": "RegenAbility",//自我修复
	"percentAmount": 0.02,//修复百分比
	}	],
	"immunities":[
        "burning"
        "melting"
        ],//免疫效果
	"weapons": [//武器
		{"name": "fgaa血灾1",//武器贴图
		"parts":[
{"type":"RegionPart",
"mirror":true,//是否镜像显示
"x":5,"y":0,//起始位置
"suffix":"-右","layer":60,"moveX":-0.5,"moveY":4,
"moveRot":30,//移动度数
"progress":"recoil"
}
],
		"shoot": {
    "type": "shootBarrel",
    "shots": 1,//炮口数
    }
		"shootCone":10,
        "inaccuracy":0,//不准确度
		"mirror":false
		"reload":120,//攻速
		"top": false,//旋转
		"recoil":-2,//后坐力
		"x":0,"y":0,//位置
		"shootX":0
		"shootY":5
		"shootSound": "flame",
		"bullet": {//子弹
		"pierce":true,//穿透
		"makeFire":true,
		"pierceBuilding":true//穿透建筑
			"type": "BasicBulletType",//类型
			"collidesAir": true,
			"damage":80,//单体伤害
			"speed":7,//速度
			"width":2,"height":2,//宽长度
			"lifetime":5,//存在时间
			"backColor":" F25555FF",
			//子弹边缘颜色
			"frontColor":"AD263BFF",
			//子弹中心颜色
			"status":"burning",
          "statusDuration":180,
			"hitEffect":{
  	"type":"multiEffect",
"effects":[
{
"type": "ExplosionEffect",
"sparkColor":"F25555FF",//火花颜色
"sparkStroke":2.2,//火花宽
"sparkRad":14,//火花半径
"sparkLen":8,//长度
"sparks":4,//火花数
				},
]}
			"despawnEffect":"none"
		"smokeEffect":{
		"type": "ParticleEffect",
		"particles": 8,
		"sizeFrom": 4,
		"sizeTo": 0,
		"length": 96,
		"lifetime": 40,
		"interp": "circleOut",
		"colorFrom": "F25555FF",
		"colorTo": "AD263BFF",
		"cone": 25},
			"shootEffect":"none"
}
},
]
}