{
	"type":"mech",//类型
	"name": "堕魇",//名字
	"description":"四级猩红单位，利用武器喷出火焰对敌人造成伤害，同时装配有三个护盾系统",//介绍
	"research": "",//科技树前置
	"rotateSpeed":5,//转身速度
	"hitSize":36,//大小
	"health": 12240,//血量
	"armor":4,//防御
	"speed":1.1,//速度
	"targetAir": true,//攻击空军
		"outlineColor": "1F1F1F",
	"abilities":[
	{
	"type": "RegenAbility",//自我修复
	"percentAmount": 0.06,//修复百分比
	}	
	{
			"type": "ShieldRegenFieldAbility",
			"amount": 200,
			"max": 1000,
			"reload": 60,
			"range": 64,
			"activeEffect": {
				"type": "WaveEffect",
				"lifetime": 20,
				"sizeFrom": 16,
				"sizeTo": 64,
				"strokeFrom": 10,
				"strokeTo": 0,
				"colorFrom": "FF5547FF",
				"colorTo": "FF5547FF"
			},
			"applyEffect": {
				"type": "WaveEffect",
				"lifetime": 60,
				"sides": 6,
				"sizeFrom": 24,
				"sizeTo": 0,
				"strokeFrom": 0,
				"strokeTo": 3,
				"interp": "exp10Out",
				"colorFrom": "FF5547FF",
				"colorTo": "FF5547FF"
			}
		}
],
	"immunities":[
        "burning"
        "melting"
        ],//免疫效果
	"weapons": [//武器
		{"name": "fgad堕魇1",//武器贴图
		"parts":[
{"type":"RegionPart",
"mirror":true,//是否镜像显示
"x":15.25,"y":0,//起始位置
"suffix":"-右","layer":60,"moveX":-0.5,"moveY":4,
"moveRot":30,//移动度数
"progress":"recoil"
}
],
		"shoot": {
    "type": "shootBarrel",
    "shots": 7,//炮口数
    }
		"shootCone":10,
        "inaccuracy":3,//不准确度
		"mirror":false
		"reload":180,//攻速
		"top": false,//旋转
		"recoil":-2,//后坐力
		"x":0,"y":0,//位置
		"shootX":0
		"shootY":6
		"shootSound": "flame",
		"bullet": {//子弹
		"pierce":true,//穿透
		"makeFire":true,
		"pierceBuilding":true//穿透建筑
			"type": "BasicBulletType",//类型
			"collidesAir": true,
			"damage":280,//单体伤害
			"speed":8,//速度
			"width":2,"height":2,//宽长度
			"lifetime":5.5,//存在时间
			"backColor":" F25555FF",
			//子弹边缘颜色
			"frontColor":"AD263BFF",
			//子弹中心颜色
			"status":"burning",
          "statusDuration":180,
			"hitEffect":{
  	"type":"multiEffect",
"effects":[
{
"type": "ExplosionEffect",
"sparkColor":"F25555FF",//火花颜色
"sparkStroke":3.6,//火花宽
"sparkRad":24,//火花半径
"sparkLen":16,//长度
"sparks":5,//火花数
				},
]}
			"despawnEffect":"none"
		"smokeEffect":{
		"type": "ParticleEffect",
		"particles": 8,
		"sizeFrom": 5,
		"sizeTo": 0,
		"length": 146,
		"lifetime": 45,
		"interp": "circleOut",
		"colorFrom": "F25555FF",
		"colorTo": "AD263BFF",
		"cone": 25},
			"shootEffect":"none"
}
},
]
}