{
	"type":"mech",//空军
	"faceTarget": true,//攻击转头
	"circleTarget": true,//绕圈攻击
	"omniMovement": true,//无处不在
	"rotateMoveFirst": true,//转弯优先
	"flying":false,//飞行
	"accel": 0.2,"drag": 0.1,//加速，惯性
	"outlineColor": "1F1F1F",
	"speed":1,
	"hitSize":48.25,
	"name": "宿主",
	"health": 28320,
	"description":"",
	"armor":4,
	"drawCell": false,//画队伍

	"immunities": [//免疫
	"blasted",	"burning",	"electrified",	"freezing",	"melting",	"shocked",	"tarred",	"unmoving",	"wet",	"spore-slowed",
	],

	"abilities":[
	{
	"type": "RegenAbility",//自我修复
	"percentAmount": 0.075,//修复百分比
	}	],

	"weapons": [
		{"name": "fgae宿主-weapon",
		"reload":90,//攻速
		"shootCone": 180,
		"x":24.5,"y":3.75,//武器位置
		"mirror":true,//镜像
		"top":false,//上部图层
		"shootX": 0,"shootY": 7,
		"layerOffset": -0.001,//图层偏移
		"recoil": 0,//后坐力
		"shake": 0.5,//震动
		"rotationLimit": 30,//旋转限制
		"rotateSpeed": 1,//旋转速度
		"rotate": true,//旋转
		"inaccuracy":2,//不准确度
		"shootSound": "宿主",//发射音效
		"shoot":{"firstShotDelay":60,//前摇
		}

		"parts": [
		{"type": "RegionPart",
		"suffix": "-right", //
		"moveRot": 75,//旋转移动
		"progress": "recoil",
		"outline":true,

		"children":[
		{"type": "RegionPart",
		"suffix": "-knife",//
		"layerOffset": -0.002,//图层偏移
		"top":false,//上部图层
		"x": 0,"y": 11.5,
		"moveRot": 165,//旋转移动
/*		"moves": [
		{"type": "PartMove",//块移动
		"Rotation": 30,//武器角度
		}	]*/	}
		]	}	]

		"bullet": {
		"absorbable": false,
		"splashDamage": 400,
		"splashDamagePierce": true,
		"splashDamageRadius": 32,
		"damage": 400,
		"speed": 16,
		"lifetime":10,
	"sprite": "冥痕json-剑气",//子弹贴图
		"shrinkY": 0,"shrinkX": 0,//子弹变形程度
		"width":72,"height":72,//子弹宽长度
		"frontColor": "F25555FF",//中心颜色
		"backColor": "AD263BFF",//边缘颜色
		"pierce":true,//穿透
		"pierceBuilding":true//穿透建筑
		"trailChance": 1,
		"trailRotation": true,
		"trailEffect": {
		"type": "ParticleEffect",
		"particles": 2,
		"length": 72,
		"lifetime": 10,
		"sizeFrom": 16,
		"colorFrom": "F25555FF",//中心颜色
		"colorTo": "AD263BFF",//边缘颜色
		"region": "冥痕json-剑气-effect"},
	"shootEffect": {//攻击特效
		"type": "multiEffect",//多种特效
		"effects": [//特效
		{"type": "WaveEffect",
		"region": "冥痕json-方",//区域贴图
		"lifetime": 10,//存在时间
		"sizeFrom": 0,
		"sizeTo": 15,
		"strokeFrom": 1.5,
		"strokeTo": 0,
		"colorFrom": "F25555FF",
		"colorTo": "AD263BFF"},
		{
		"type": "ParticleEffect",
		"region":"冥痕json-方",//区域贴图
		"particles": 3,//粒子数量
		"length": 40,//长度
		"lifetime": 48,//存在时间
		"interp": "circleOut",//中间部分
		"sizeInterp": "pow5Out",//大小部分
		"cone": 0,//角度
		"colorFrom": "F25555FF",
		"colorTo": "AD263BFF",
		"sizeFrom": 5.5,
		"sizeTo": 0
		}	]	}
	"hitEffect": {//碰撞特效
		"type": "multiEffect",//多种特效
		"effects": [//特效
		{"type": "WaveEffect",
		"region": "冥痕json-方",//区域贴图
		"lifetime": 25,//存在时间
		"sizeFrom": 0,
		"sizeTo": 20,
		"strokeFrom": 3.5,
		"strokeTo": 0,
		"colorFrom": "F25555FF",
		"colorTo": "AD263BFF"},
		{
		"type": "ParticleEffect",
		"region": "冥痕json-方",//区域贴图
		"particles": 9,//粒子数量
		"length": 40,//长度
		"lifetime": 48,//存在时间
		"interp": "circleOut",//中间部分
		"sizeInterp": "pow5Out",//大小部分
		"cone": 360,//角度
		"colorFrom": "F25555FF",
		"colorTo": "AD263BFF",
		"sizeFrom": 4.5,
		"sizeTo": 0
		}	]	}
		}	}
		
	]
	"research":{
	"parent": "",
},
}