{"name":"血舞",
"description":"一级猩红空军单位，向前突进并发射吸血激光造成伤害，死亡时留下血水，拥有较强的机动性",//介绍	
	"outlineColor": "1F1F1F",
"lowAltitude": true,
	"flying": true,
	"type": "flying",
	"health": 860,
	"armor": 3,
	"hitSize": 9,
	"speed": 2,
	"drag": 0.1,
	"rotateSpeed": 20,
	"engineOffset": 6,
	"engineSize": 2.5,
	"trailLength": 4,
	"weapons": [
			{
			"x": 0,
			"y": 3,
			"shootY": 0,
			"reload": 8,
			"rotate": false,
			"shootCone": 45,
			"alternate": false,
			"shootSound": "sap",
			"bullet": {
				"type": "SapBulletType",
				"damage": 20,
				"length": 40,
				"sapStrength": 1.5,
				"color": "F25555FF",
				"hitColor": "F25555FF",
				"status": "sapped",
				"statusDuration": 30,
				"recoil": -3,
				"knockback": -4,
				"shootEffect": "shootSmall"
			}
		},
	],
	"abilities": [
		{
			"type": "LiquidExplodeAbility",
			"liquid": "血水",
			"amount": 3, //数量
			"radAmountScale": 5, //数量倍率
			"radScale": 1, //范围倍率
			"noiseMag": 6.5, //液体坑数量上限倍率
			"noiseScl": 5 //液体坑数量下限(?)
		}
	]
}