{"name":"血魇",
"description":"五级猩红空军单位，向前突进并发射持续激光造成伤害，攻击时移速增加，拥有护盾系统，同时能为周围队友提供自愈效果，死亡时分裂为血爆",//介绍
	"type": "flying",
	"health": 21800,
	"armor": 8,
	"hitSize": 40,
	"speed": 1.2,
	"drag": 0.1,
	"rotateSpeed": 14,
	"engineOffset": 6,
	"engineSize": 5,
	"trailLength": 4,
	"engines": [
		{
			"x": -10.5,
			"y": -26.5,
			"radius": 8,
			"rotation": -65
		},
		{
			"x":10.5,
			"y": 26.5,
			"radius": 8,
			"rotation": 115
		}
	],
	"weapons": [
	{
			"x": 0,
			"y":-8,
			"reload": 300,
			"mirror": false,
			"shootY": 0,
			"shootCone": 360,
			"baseRotation": 0,
			"cooldownTime": 145,
			"shootSound": "laserbeam",
			"alwaysContinuous": true,
			"bullet": {
			"pierceBuilding":true//穿透建筑
  "pierce":true,//穿透
  "pierceCap":4,//穿透数
				"type": "ContinuousFlameBulletType",
				"colors": [
					"FF58458C",
					"FF5845B2",
					"FF5845CC",
					"FF6666",
					"FFDCD8CC"
				],
				"damage": 200,
				"lifetime": 60,
				"length": 360,
				"width": 7,
				"recoil": -0.5,
				"drawFlare": false,
				"hitEffect": {
					"type": "ParticleEffect",
					"line": true,
					"particles": 7,
					"lifetime": 15,
					"length": 65,
					"cone": -360,
					"strokeFrom": 2.5,
					"strokeTo": 0,
					"lenFrom": 8,
					"lenTo": 0,
					"colorFrom": "FF5845",
					"colorTo": "FF6666"
				}
			}
		},
	{
			"x": -15.75,
			"y": -15.5,
			"baseRotation": -55,
			"shootY": 0,
			"reload": 300,
			"rotate": true,
			"mirror": false,
			"rotateSpeed": 1,
			"shootCone": 20,
			"useAmmo": false,
			"rotationLimit": 20,
			"alwaysShooting": true,
			"alwaysContinuous": true,
			"shootSound": "laserbeam",
			"bullet": {
				"type": "ContinuousFlameBulletType",
				"colors": [
					"FF58458C",
					"FF5845B2",
					"FF5845CC",
					"FF8663",
					"FFDCD8CC"
				],
				"damage": 10,
				"lifetime": 60,
				"length": -40,
				"width": 2,
				"recoil": 0,
				"drawFlare": false,
				"hitEffect": {
					"type": "ParticleEffect",
					"particles": 3,
					"lifetime": 15,
					"line": true,
					"strokeFrom": 2.5,
					"strokeTo": 0,
					"lenFrom": 8,
					"lenTo": 0,
					"length": 21,
					"cone": 360,
					"colorFrom": "FF5845",
					"colorTo": "FF8663"
				}
			}
		},
		{
			"x": 15.75,
			"y": -15.5,
			"baseRotation": 55,
			"shootY": 0,
			"reload": 300,
			"rotate": true,
			"mirror": false,
			"rotateSpeed": 1,
			"shootCone": 20,
			"useAmmo": false,
			"rotationLimit": 20,
			"alwaysShooting": true,
			"alwaysContinuous": true,
			"shootSound": "laserbeam",
			"bullet": {
				"type": "ContinuousFlameBulletType",
				"colors": [
					"FF58458C",
					"FF5845B2",
					"FF5845CC",
					"FF8663",
					"FFDCD8CC"
				],
				"damage": 10,
				"lifetime": 60,
				"length": -40,
				"width": 2,
				"recoil": 0,
				"drawFlare": false,
				"hitEffect": {
					"type": "ParticleEffect",
					"particles": 3,
					"lifetime": 15,
					"line": true,
					"strokeFrom": 2.5,
					"strokeTo": 0,
					"lenFrom": 8,
					"lenTo": 0,
					"length": 21,
					"cone": 360,
					"colorFrom": "FF5845",
					"colorTo": "FF8663"
				}
			}
		},
		{
			"x": -9.75,
			"y": -24.25,
			"baseRotation": -35,
			"shootY": 0,
			"reload": 300,
			"rotate": true,
			"mirror": false,
			"rotateSpeed": 1,
			"shootCone": 20,
			"useAmmo": false,
			"rotationLimit": 20,
			"alwaysShooting": true,
			"alwaysContinuous": true,
			"shootSound": "laserbeam",
			"bullet": {
				"type": "ContinuousFlameBulletType",
				"colors": [
					"FF58458C",
					"FF5845B2",
					"FF5845CC",
					"FF8663",
					"FFDCD8CC"
				],
				"damage": 10,
				"lifetime": 60,
				"length": -40,
				"width": 2,
				"recoil": 0,
				"drawFlare": false,
				"hitEffect": {
					"type": "ParticleEffect",
					"particles": 3,
					"lifetime": 15,
					"line": true,
					"strokeFrom": 2.5,
					"strokeTo": 0,
					"lenFrom": 8,
					"lenTo": 0,
					"length": 21,
					"cone": 360,
					"colorFrom": "FF5845",
					"colorTo": "FF8663"
				}
			}
		},
		{
			"x": 9.75,
			"y": -24.25,
			"baseRotation": 35,
			"shootY": 0,
			"reload": 300,
			"rotate": true,
			"mirror": false,
			"rotateSpeed": 1,
			"shootCone": 20,
			"useAmmo": false,
			"rotationLimit": 20,
			"alwaysShooting": true,
			"alwaysContinuous": true,
			"shootSound": "laserbeam",
			"bullet": {
				"type": "ContinuousFlameBulletType",
				"colors": [
					"FF58458C",
					"FF5845B2",
					"FF5845CC",
					"FF8663",
					"FFDCD8CC"
				],
				"damage": 10,
				"lifetime": 60,
				"length": -40,
				"width": 2,
				"recoil": 0,
				"drawFlare": false,
				"hitEffect": {
					"type": "ParticleEffect",
					"particles": 3,
					"lifetime": 15,
					"line": true,
					"strokeFrom": 2.5,
					"strokeTo": 0,
					"lenFrom": 8,
					"lenTo": 0,
					"length": 21,
					"cone": 360,
					"colorFrom": "FF5845",
					"colorTo": "FF8663"
				}
			}
		},
		{
			"x": 0,
			"y": -25,
			"baseRotation": -180,
			"shootY": 0,
			"reload": 300,
			"rotate": true,
			"mirror": false,
			"rotateSpeed": 1,
			"shootCone": 20,
			"useAmmo": false,
			"rotationLimit": 20,
			"alwaysShooting": true,
			"alwaysContinuous": true,
			"shootSound": "laserbeam",
			"bullet": {
				"type": "ContinuousFlameBulletType",
				"colors": [
					"FF58458C",
					"FF5845B2",
					"FF5845CC",
					"FF8663",
					"FFDCD8CC"
				],
				"damage": 10,
				"lifetime": 60,
				"length": 40,
				"width": 2,
				"recoil": 0,
				"drawFlare": false,
				"hitEffect": {
					"type": "ParticleEffect",
					"particles": 3,
					"lifetime": 15,
					"line": true,
					"strokeFrom": 2.5,
					"strokeTo": 0,
					"lenFrom": 8,
					"lenTo": 0,
					"length": 21,
					"cone": 360,
					"colorFrom": "FF5845",
					"colorTo": "FF8663"
				}
			}
		},
	],
	"abilities": [
	{"type":"ForceFieldAbility",//力墙场
	"radius":80//范围
	"regen":2//再生值
	"max":2000//最大值
	"cooldown":600//冷却
	}
	{
			"type": "SpawnDeathAbility",
			"unit": "fgbd血爆",
			"amount": 1
		},
	]
}