{
	"type": "naval",
	"name": "血鳍",
	"description": "二级猩红海军单位，发射炮弹攻击敌人，中心配备裂解系统",
	"speed":1.35,
		"outlineColor": "1F1F1F",
	"rotateSpeed":2.5,
	"trailLength":18,
	"waveTrailX":0,
	"waveTrailY":-6,
	"trailScl":2,
	"hitSize":18, 
	"health":2680,
	"armor":9,
	"faceTarget": false,
	"research": "",
	"weapons":[ 
			{
			"type": "PointDefenseWeapon",
			"x": 0,
			"y": 0,
			"mirror": false,
			"rotate": true,
			"recoil": 0,
			"rotateSpeed": 99,
			"reload": 15,
			"targetInterval": 10,
			"targetSwitchInterval": 10,
			"bullet": {
				"shootEffect": "sparkShoot",
				"hitEffect": "pointHit",
				"maxRange": 280,
				"damage": 20
			}
		},
		{
			"name": "fgcb血鳍1",
			"reload": 60,
				"mirror":false,
			"x": 0,
			"y": 0,
			"rotate": true,
			"inaccuracy": 0,
			"shake": 1,
			"recoil": 4,
			"shootY": 3,
			"top": true,
			"ejectEffect": "casing3",
			"shootSound": "artillery",
			"bullet": {
				"type": "ArtilleryBulletType",
				"recoil": 0.3,
				"homingRange": 40,
				"homingPower": 0.1,
				"homingDelay": 27,
				"collides": true,
				"collidesTiles": false,
				"collidesAir": true,
				"status": "blasted",
				"damage": 80,
				"speed": 7,
				"lifetime": 40,
				"knockback": 19,
				"hitSound": "explosion",
				"hitEffect": "flakExplosionBig",
				"despawnEffect": "blastExplosion",
				"shootEffect": "shootBig2",
				"smokeEffect": "shootBigSmoke",
				"splashDamage": 80,
				"splashDamageRadius": 45,
				"width": 12,
				"height": 16
			}
		}
]
}