{
	"type": "naval",
	"name": "屠溟",
	"description": "五级猩红海军单位，拥有绝对的火力压制",
	"speed":1.1,
		"outlineColor": "1F1F1F",
	"rotateSpeed":2.6,
	"trailLength":24,
	"waveTrailX":0,
	"waveTrailY":-6,
	"trailScl":2,
	"hitSize":68, 
	"health": 30000,
	"armor":20,
	"faceTarget": false,
	"research": "",
	"range":390,
	"weapons":[ 
		{
			"shoot": {
		"type": "ShootMulti",
		"source": {
			"type": "ShootHelix",
			"scl": 3,
			"mag": 0.75
		},
		"dest": [
			{
				"type": "ShootHelix",
				"mag": 3,
				"scl": 0.75
			}
		]
	},
			"name": "fgce屠溟1",
			"x": 0,
			"y": 0,
			"reload": 240,
			"recoil": 8,
			"rotate": true,
			"rotationLimit":60,
			"rotateSpeed": 1.5,
			"shootCone": 30,
			"cooldownTime": 60,
			"shootSound": "撕裂发射",
			"bullet": {
		"damage": 480,
		"lifetime": 34,
		"speed": 12,
		"shrinkY": 8,
		"height": 32,
		"width": 26,
		"ammoMultiplier": 1
		"shootEffect": {
			"type": "multiEffect",
			"effects": [
				{
					"type": "ParticleEffect",
					"particles": 18,
					"sizeFrom": 6,
					"sizeTo": 0,
					"length": 70,
					"lifetime": 30,
					"interp": "sineOut",
					"sizeInterp": "sineIn",
					"colorFrom": "E78F92FF",
					"colorTo": "BF3E47FF",
					"cone": 15
				},
				{
					"type": "WaveEffect",
					"lifetime": 30,
					"sides": 0,
					"sizeFrom": 0,
					"sizeTo": 40,
					"strokeFrom": 4,
					"strokeTo": 0,
					"colorFrom": "E78F92FF",
					"colorTo": "BF3E47FF"
				}
			]
		},
		"frontColor": "BF3E47FF",
		"backColor": "E78F92FF",
		"pierceCap": 3,
		"pierceBuilding": true,
		"splashDamage": 300,
		"splashDamageRadius": 80,
		"trailColor": "E78F92FF",
		"trailLength": 24,
		"trailWidth": 3,
		"trailSinScl": 0.75,
		"trailSinMag": 1.5,
		"hitShake": 3,
		"despawnShake": 4,
		"knockback": 2,
		"hitEffect": {
			"type": "multiEffect",
			"effects": [
				{
					"type": "WaveEffect",
					"lifetime": 20,
					"sizeFrom": 0,
					"sizeTo": 65,
					"strokeFrom": 4,
					"strokeTo": 0,
					"lightColor": "E78F92FF",
					"colorFrom": "E78F92FF",
					"colorTo": "BF3E47FF"
				},
				{
					"type": "ParticleEffect",
					"line": true,
					"particles": 11,
					"lifetime": 30,
					"length": 85,
					"baseLength": 20,
					"cone": -360,
					"lenFrom": 7,
					"lenTo": 0,
					"interp": "exp10In",
					"colorFrom": "E78F92FF",
					"colorTo": "BF3E47FF"
				}
			]
		},
		"despawnEffect": {
			"type": "multiEffect",
			"effects": [
				{
					"type": "ParticleEffect",
					"particles": 1,
					"sizeFrom": 45,
					"sizeTo": 0,
					"length": 0,
					"interp": "bounceOut",
					"lifetime": 60,
					"layer": 110,
					"region": "冥痕json-star",
					"lightColor": "E78F92FF",
					"colorFrom": "E78F92FF",
					"colorTo": "BF3E47FF",
					"layer": 110
				},
				{
					"type": "WaveEffect",
					"lifetime": 20,
					"sizeFrom": 0,
					"sizeTo": 65,
					"strokeFrom": 4,
					"strokeTo": 0,
					"interp": "elasticOut",
					"lightColor": "E78F92FF",
					"colorFrom": "E78F92FF",
					"colorTo": "BF3E47FF"
				},
				{
					"type": "ParticleEffect",
					"line": true,
					"particles": 11,
					"lifetime": 30,
					"length": 85,
					"baseLength": 20,
					"cone": -360,
					"lenFrom": 7,
					"lenTo": 0,
					"interp": "exp10In",
					"colorFrom": "E78F92FF",
					"colorTo": "BF3E47FF"
				}
			]
		},
		"lightning": 4,
		"lightningDamage": 60,
		"lightningColor": "E78F92FF",
		"lightningCone": 360,
		"lightningLength": 12,
		"lightningLengthRand": 0
	},
		},
	{
		"shootCone": 20,
"name": "fgce屠溟2",
"top": true,
"mirror": true,
"x": 20.25,
"y": -6.75,
"cooldownTime": 80,
	"rotateSpeed":2,
"rotate": true,
"shootY": 1,
"shootX": 0,
"reload": 30,
"recoils": 3,
"recoil": 0,
"shake": 1.5,
"ejectEffect": "none",
"shootSound": "mediumCannon",
"shoot": {
"type": "ShootMulti",
"source": {
"type": "ShootBarrel",
"barrels": [
 0, 0, 0,
-0, 0, 0,
 0, 0, 0,
-0, 0, 0
]
},
"dest": [
{
"type": "ShootHelix",
"scl": 2.7, 
"mag": 2,
"shots" : 2
}
]
},
"bullet": { 
"type": "basicBulletType",
"sprite": "missile-large",
"hitEffect": {
"type": "MultiEffect",
"effects": ["sapExplosion", "circleColorSpark"]
},
"intervalBullets": 3,
"intervalRandomSpread": 50,
"intervalBullet": {
"type": "LightningBulletType",
"lightningColor": "E78F92FF",
"buildingDamageMultiplier": 0.8,
"damage": 70,
"lightningLength": 8
},
"hitColor": "E78F92FF",
"lifetime": 30,
"speed": 13,
"status": "血腥之瞳",
"statusDuration": 60,
"width": 15,
"height": 25,
"despawnHit": true,
"shootEffect": {
"type": "MultiEffect",
"effects": ["explosion", "colorSparkBig"]
},
"shrinkY": 0,
"shrinkX": 0,
"damage": 120,
"trailLength": 10,
"trailWidth": 4.5,
"trailColor": "E78F92FF",
"backColor": "E78F92FF",
"frontColor": "BF3E47FF"
}
}
	{
			"name": "fgce屠溟3",
			"x": 22.25,
			"y": 17.25,
			"reload": 60,
			"recoil": 2,
			"rotate": true,
			"rotateSpeed": 3.5,
			"shootCone": 15,
			"cooldownTime": 60,
			"shootSound": "laser",
			"bullet": {
				"type": "LaserBulletType",
				"damage": 225,
				"lifetime": 15,
				"length": 320,
				"width": 24,
				"colors": [
					"DE4136",
					"FF5845",
					"FF6666"
				],
				"status": "血腥之瞳",
				"statusDuration": 60,
				"hitEffect": "hitLancer",
				"despawnEffect": "none"
			}
		},
			{
			"name": "fgce屠溟3",
			"x": -22.25,
			"y": 17.25,
			"reload": 60,
			"recoil": 2,
			"rotate": true,
			"rotateSpeed": 3.5,
			"shootCone": 15,
			"cooldownTime": 60,
			"shootSound": "laser",
			"bullet": {
				"type": "LaserBulletType",
				"damage": 225,
				"lifetime": 15,
				"length": 320,
				"width": 24,
				"colors": [
					"DE4136",
					"FF5845",
					"FF6666"
				],
				"status": "血腥之瞳",
				"statusDuration": 60,
				"hitEffect": "hitLancer",
				"despawnEffect": "none"
			}
		},
	{
"name": "fgce屠溟3",
"shootCone": 45,
"alternate": true,
"mirror": true,
"top": true,
"x": 27.25,
"y": -24.75,
"rotate": true,
"rotateSpeed": 2,
"layerOffset": 2,
"reload": 120,
"recoil": 3.5,
"minWarmup": 0.85,
"smoothReloadSpeed": 0.08,
"shootWarmupSpeed": 0.02,

"shoot": {
"type": "ShootSpread",
"shots": 3,
"spread": 10
},
"shootSound": "laser",
"bullet": {
"type": "basicBulletType",
"spawnUnit": "冥痕json-导弹2"
}
},
]
}