{
    "name":"冲击爆破钻",
    "type": "Drill",
    "description":"高能爆破钻头",
    "size": 5,
    "health": 500,
    "tier": 6,
    "drillTime": 68,   
    "liquidBoostIntensity":1.7,
    "canOverdrive": true,
    "warmupSpeed": 0.02,
	"drillEffect": "mineBig",
    "updateEffect": "mineBig",
    "rotateSpeed": 4,
    "drawMineItem": true,
    "consumes": {
    	"power":4.5,
        "liquid": {
            "liquid": "water",
            "amount": 0.1,
            "booster": true,
            "optional": true
        }
    },
    "itemCapacity": 30,
    "liquidCapacity": 5,
    "requirements": [	
   { "item": "thorium", "amount":75},
   { "item": "硅合金钢", "amount":35},
   { "item": "钛合金", "amount":45}
   { "item": "copper", "amount":45}
   { "item": "titanium", "amount":65}
   { "item": "钛金", "amount":45}
   ],
    "category": "production",
    "research": "blast-drill"
}
