{
    "name":"气压钻头",
    "type": "Drill",
    "description":"大气压强 新能源",
    "size": 4,
    "health": 400,
    "tier": 3,
    "drillTime": 200,   
    "liquidBoostIntensity":1.6,
    "canOverdrive": true,
    "warmupSpeed": 0.02,
	"drillEffect": "mineBig",
    "updateEffect": "mineBig",
    "rotateSpeed": 2,
    "drawMineItem": true,
    "consumes": {
        "liquid": {
            "liquid": "water",
            "amount": 0.1,
            "booster": true,
            "optional": true
        }
    },
    "itemCapacity": 20,
    "liquidCapacity": 5,
    "requirements": [	
   { "item": "copper", "amount":45},
   { "item": "lead", "amount":45},
   { "item": "graphite", "amount":45}
   ],
    "category": "production",
    "research": "pneumatic-drill"
}
