{
	"size": 8,
	"health": 9800,
	"range": 450,
	"reload": 80,
	"coolantMultiplier": 2,
	"shootCone": 30,
	"powerUse": 120,
	"shootShake": 2,
	"recoil": 4,
	"localizedName": "质子撞击炮",
	"description": "发射几对球，相互碰撞形成爆炸\n范围大，攻击效果炫酷",
	"hasPower": true,
	"hasLiquids": true,
	"rotatespeed": 1.9,
	"heatColor": "FF4040",
	"cooldown": 0.009,
	"expanded": true,
	"liquidCapacity":20,
	"consumes": {
		"liquid": {
			"liquid": "O2y",
			"booster":true,
			"optional":false,
			"update": false,
			"amount": 0.2
		}
	},
	"requirements": [
		{ "item":"Fe-C","amount":28000},
		{ "item":"Mg-Al","amount":13000},
		{ "item":"Ti+","amount":7600},
		{ "item":"C60","amount":4800},
		{ "item":"xvx-ai","amount":1000},
		{ "item":"xvx-nqwz","amount":100}
	],
	"category": "turret",
	"research": "xvx-hdfsj"
}