{
	"localizedName": "黑洞引力攻击器",
	"description": "利用能量聚合,发射黑洞引力弹，进行吸引敌人",
	"health": 5000,
	"size": 4,
	"reload": 120,
	"coolantMultiplier":1,
	"shootCone": 40,
	"hasPower": true,
	"range": 200,
	"heatColor": "FFFF00",
	"ammoUseEffect": "none",
	"rotatespeed": 4.3,
	"recoil": 2,
	"powerUse": 15,
	"hasPower": true,
	"targetAir": true,
	"cooldown": 0.012,
	"liquidCapacity":180,
	"consumes": {
		"liquid": {
			"liquid": "H2y",
			"booster":true,
			"optional":false,
			"update": false,
			"amount": 1.8
		}
	},
	"requirements": [
		{"item": "Mg-Al","amount": 2500},
        {"item": "Fe-C","amount": 5000},
        {"item": "Ti+","amount": 1000},
        {"item": "Fe","amount": 8000},
        {"item": "Inverse-mass","amount": 15}
	],
	"category": "turret",
	"research": "fz"
}