{
	"localizedName": "万能炮",
	"description": "任何物品都能放入变成子弹,攻击力和其他参数看物品怎么样\n[不过应该没有人会把巨型核弹扔进来当子弹吧]",
	"health": 9999,
	"size": 8,
	"reload": 3.25,
	"range": 430,
	"recoil": 4.2,
	"restitution": 0.1,
	"coolantMultiplier": 0.84,
	"ammoUseEffect": "none",
	"shootCone": 18,
	"shootSound": "shootBig",
	"rotatespeed": 3.7,
	"inaccuracy": 1.1,
	"requirements": [
		{"item":"W","amount":25000},
		{"item":"Fe-C","amount":10000},
		{"item":"Mg-Al","amount":6000},
		{"item":"Ti+","amount":2500},
		{"item":"xvx-ai","amount":50},
		{"item":"xvx-nqwz","amount":5},
		{"item":"Inverse-mass","amount":1}
	],
	"category": "turret",
	"research": "w-boson"
}