{
	"localizedName": "彩虹分裂散射塔",
	"description": "比彩虹炮更炫酷!",
	"health": 6400,
	"size": 6,
	"reload": 390,
	"coolantMultiplier": 5,
	"shootCone": 50,
	"hasPower": true,
	"hasLiquids": true,
	"range": 320,
	"ammoUseEffect": "none",
	"rotatespeed": 0.6,
	"recoil": 4.3,
	"powerUse": 165,
	"hasPower": true,
	"targetAir": true,
	"shootSound": "laser",
	"liquidCapacity":150,
	"consumes": {
		"liquid": {
			"liquid": "O2y",
			"booster":true,
			"optional":false,
			"update":false,
			"amount": 1.5
		}
	},
	"requirements": [
		{"item": "C60","amount": 5200},
        {"item": "Mg-Al","amount": 9500},
        {"item": "Ti+","amount": 4600},
        {"item": "xvx-ai","amount": 180}
		{"item": "xvx-nqwz","amount": 45}
	],
	"category": "turret",
	"research": "rainbow-road"
}