{
    "type":"BeamNode",
    "name":"ES大型铍集束节点",
    "description": "能够支持远程传送电力，但是方向单一，同时能储存大量电量",
    "size":3,
    "health":960,
    "range":36
	"hasPower":true,
	"consumesPower": true,
	"research": "铍能量节点" // 研究项目为核心节点
	"placeableLiquid": true, // 可以放置液体
	"laserColor1": "ffd37f"
	"laserColor2": "678ffb"
	"consumes":{
	    "powerBuffered": 50000
	    },
	"outputsPower": true,
    "requirements": [
        {"item":"铍","amount":36},
        {"item":"硅晶玻璃","amount":48},
        {"item":"石墨","amount":48},
        {"item":"钨","amount":18},
        ],
        "category":"power"
        "canOverdrive": true
	    "details":"可以承受超速所带来的负荷",
}