{
  "type": "BeamDrill",
  "name": "小型等离子钻机",
  "description": "仅占一格的等离子钻机，在压缩了体积的同时保留了其原本的挖掘效率",
  "size": 1,
  "category": "production",
  "research": "plasma-bore",
  "requirements": [
    "beryllium/60"    
    "graphite/40"  
  ],
  "tier": 3,
  "range": 4,
  "drillTime": 80,
  "fogRadius": 2,
 "consumes": {
    "power": 0.15,
    "liquid": {
      "liquid": "hydrogen",
      "amount": 0.0014,
      "optional": true,
      "booster": true
    }
  }
} 
