{"type": "BurstDrill",
"name":"小型冲击钻头",
"description": "拥有了更小占地面积的同时保留了其原本的开采效率",
"tier":6 
"research": "impact-drill",
"drillTime":405,
"arrowSpacing":3
"blockedItem":"thorium"
"itemCapacity":100
"fogRadius":20
"drillEffect":{
        "type":"MultiEffect",
        "effects":
        [
                        {
              "type": "ParticleEffect",
              "lifetime": 120,
              "region":"化学工业-正菱形"
              "particles": 5,
              "sizeFrom": 12,
              "sizeTo":0,
              "colorFrom": "ffa987ff",
              "colorTo": "ffa987ff",
              "baseLength": 16,
              "length": 80
              "useRotation": true
              "spin":0
	"cone" : 360,
	"sizeInterp": "pow5Out",
            }
            {
                "type":"WaveEffect",
                "lifetime":80,
                "sizeFrom":4,
                "sizeTo":30,
                "strokeFrom":4,
                "strokeTo":0,
                "colorFrom":"ffa987ff",
                "colorTo":"ffa987ff"
	"interp": "pow5Out",
            },
            {
                "type":"ParticleEffect",
                "line":true,
                "lifetime":50,
                "baseLength":5,
                "length":10,
                "lenFrom":10,
                "lenTo":0,
                "strokeFrom":1,
                "strokeTo":0,
                "colorFrom":"ffa987ff",
                "colorTo":"ffa987ff"
	"interp": "pow5In",
            }
        ]
    
}
"shake":1
"arrowOffset":0
"alwaysUnlocked":true,
"size":3
"category":"production",
"consumes":{ 
    "power": 2.66 
       "liquid": {
      "liquid": "water",   
      "amount": 0.2,
		}
    
}
		"arrows":1
"requirements": [
        "beryllium/120",
        "graphite/90",
        "silicon/100"
    ],
    }