{
	"type": "AttributeCrafter",
	"name": "硫磺提炼器",
	"health": 360,
	"attribute": "steam",
  "minEfficiency": 8,
  "baseEfficiency": 0,
  "displayEfficiency": false,
	"description": "从炎热的喷口收集气态硫单质并冷却提纯以高效生产硫磺",
	"outputItem": {
	"item": "硫", "amount": 2
	},
	"itemCapacity": 30,
	"size": 3,
	"craftEffect": "smeltsmoke",
  "drawer": {
    "type": "DrawMulti",
    "drawers": [
      {
        "type": "DrawRegion",
        "suffix": "-b"
      },
      
      {
        "type": "DrawBlurSpin",
        "suffix": "-r",
        "rotateSpeed": 8
      },
      {
        "type": "DrawDefault" 
      }
    ]
  },
	"hasItems": true,
	"hasLiquids": false,
	"outputsLiquid": true,
	"hasPower": true,  
	"craftEffect": "turbinegenerate",
	"craftEffect": "generatespark",
	"updateEffect": "pulverizeSmall",
	"craftTime": 20,
	"consumes": {
		"power": 1,
	}
	    

	"requirements": [
	{ "item": "graphite", "amount": 60 },
	{ "item": "silicon", "amount": 80 },
	{ "item": "beryllium", "amount": 100},
	],
	"category": "production",
	"research": "silicon-arc-furnace"
}