{
	"type": "UnitFactory",
	"name": "特种工厂",
	"size":5,
	"details": "新的装甲结构与动力系统。使用铀加钛合金加特种钢钢的复合材料加上大型核反应堆以及面临的新型困难，做出的新的改进",
	"consumes": {
		"power": 32,
		"liquid": "急冻液/1"
	},
		"plans":[
    { "unit": "尖刃", 
	"time":108, 
	"requirements": [
		"电子管/10","钢铁/20",
		"电动机/4","齿轮/4"
	]},
	{ "unit": "王刃", 
	"time":108, 
	"requirements": [
		       "火药/20",
				"钢铁/100",
				"电子管/30",
				"graphite/45",
				"copper/50",
					"电动机/8"
					"齿轮/8"
	]},
	{ "unit": "辅刃", 
	"time":208, 
	"requirements": [
		"电子管/18","钢铁/30",
		"电动机/7","齿轮/8","copper/55"
	]}
		{ "unit": "星空", 
	"time":108, 
	"requirements": [
		"电子管/8","钢铁/20",
		"电动机/5","齿轮/10"
	]},
	{ "unit": "辅主", 
	"time":258, 
	"requirements": [
		"电子管/12","钢铁/15",
		"电动机/8","齿轮/8"
	]},
	{ "unit": "采矿机", 
	"time":238, 
	"requirements": [
		"电子管/7","钢铁/10",
		"电动机/5","齿轮/20"
	]},
	{ "unit": "搬运机", 
	"time":100, 
	"requirements": [
		"电子管/10","钢铁/15",
		"电动机/10","齿轮/30"
	]}
	{ "unit": "林艇", 
	"time":1208, 
	"requirements": [
		"晶体管/20","钢铁/80",
		"电动机/50","齿轮/30",
		"火药/20"
	]},
	]
	"requirements": [
		"精炼钢/4000",
		"芯片/8000",
		"graphite/2500",
		"引擎/1500",
		"红宝石/2400",
		"铀/3200",
		"copper/8000",
		"titanium/3000",
	],
	"category": "units",
	"buildVisibility": "shown",
	"researchCostMultiplier": 0,
	"research": {
		"parent": "升级工厂二",
	}
}