{
	"type": "UnitAssembler",
	"name": "轻型型护卫舰组装厂",
	"size": 12,
	"liquidCapacity": 120,
	"consumes": {
		"power": 3800,
		"liquid": {
			"liquid": "急冻液",
			"amount": 10
		}
	},
	"areaSize": 28,
	"plans": [
		{
			"unit": "轻型护卫舰",
			"time": 31800,
			"requirements": [
				"xh-倾爆/4",
				"xh-奔涌/20",
				"xj-小型解裂/8",
				"swarmer/8",
				"foreshadow/8",
				"xh-激光发生器/4",
				"xh-实验型激光炮/4",
				"xh-大型钛化钨钢墙/100",
				"xh-大型炭织布墙/20"
			]
		}
	],
	"droneType": "组装无人机",
	"requirements": [
		"铀/8000",
		"silicon/6000",
		"超导体/5000",
		"plastanium/5000",
		"红宝石/3000",
		"钛化钨钢/3000",
		"芯片/2000",
		"集成电路/900"
	],
	"category": "units",
	"canOverdrive": false,
	"research": "来世"
}