{
	"type": "missile",
	"template": "MissileUnitType",
	"outlineColor":"383848",
	"name": "极影",
	"immunities": [
		"burning","freezing","melting",
		"disarmed","sapped","slow",
		"tarred","unmoving","wet",
		"spore-slowed","corroded",
	],
	"homingDelay": 90,
	"speed": 6,
	"lifetime": 350,
	"rotateSpeed": 3,
	"loopSoundVolume": 0.03,
	"deathSound": "explosionbig",
	"hidden": true,
	"missileAccelTime": 160,
	"hitSize": 5,
	"health": 500,
	"armor": 35,
	"fogRadius": 8,
	"engineColor": "84F491",
	"trailColor": "84F491FF",
	"trailLength": 35,
	"engineLayer": 110,
	"engineOffset": 8,
	"engineSize": 4,
	"maxRange": 30,
	"abilities": [
		{
			"type": "MoveEffectAbility",
			"effect": {
				"type": "ParticleEffect",
				"sizeFrom": 3,
				"sizeTo": 10,
				"length": 32,
				"baseLength": 0,
				"lifetime": 33,
				"colorFrom": "84F491",
				"colorTo": "E3E3E300",
				"cone": 28
			},
			"interval": 3,
			"rotateEffect": true,
			"y": -8,
			"color": "84F491"
		}
	],
	"weapons": [
		        {
            "reload": 30,
            "mirror": false,
            "shootY": 3,
            "x": 0,
            "y": 0,
            "rotate": true,
            "rotateSpeed":999
            "recoil": 0,
            "shots": 1,
            "continuous": true,
            "cooldownTime": 240,
            "shootSound": "laserblast",
            "bullet": {
                "type": "ContinuousLaserBulletType",
                "damage": 40,
                "length": 300,
                "width": 7,
                "drawSize": 300,
                "lifetime": 80,
                "shake": 1,
                "despawnEffect": "smokeCloud",
                "smokeEffect": "none",
                "shootEffect": "none",
                "incendChance": 1,
                "incendSpread": 1,
                "incendAmount": 1,
                "healPercent": 1,
                "collidesTeam": true,
                "colors": [
                    "84F491",
                    "84F491",
                    "84F491"
                ],
                "hitEffect": {
                    "type": "ParticleEffect",
                    "particles": 8,
                    "sizeFrom": 9,
                    "sizeTo": 0,
                    "line": true,
                    "length": 85,
                    "baseLength": 0,
                    "lifetime": 25,
                    "colorFrom": "84F491FF",
                    "colorTo": "84F491",
                    "cone": 80
                }
            }
        },
	]
}