{
	"name":"病毒研究站",
	"description":"研究病毒",
	"size":4,
	"flameColor":"ADFF2F",
	"outputItem":
		{"item":"bd","amount":6},
	"consumes":{
		"power":25.0,
		"items":{
			"items":[
				{"item":"xvx-nqwz","amount":6},
				{"item":"U","amount":25},
				{"item":"O2","amount":65}
			]
		}
	},
	"requirements":[
		{"item":"Fe-C","amount":500},
		{"item":"Mg-Al","amount":350},
		{"item":"xvx-ai","amount":10},
		{"item":"普通科技点","amount":960}
	],
	"hasItems":true,
	"craftTime":60,
	"health":1200,
	"itemCapacity":200,
	"research":{
	"parent":"xvx-ai-Plant",
    "requirements":[
		{"item":"Fe-C","amount":5000},
		{"item":"Mg-Al","amount":3500},
		{"item":"xvx-ai","amount":100}
	]},
	"category":"crafting"
}