{
	"name":"金刚石冶炼厂",
	"description":"金刚石生产工厂",
	"size":4,
	"outputItem":
		{"item":"C60","amount":1},
	"consumes":{
		"power":7.5,
		"items":{
			"items":[
				{"item":"sand","amount":1},
				{"item":"C90","amount":5}
				]
			}
		},
	"requirements":[
		{"item":"Mg-Al","amount":450},
		{"item":"Fe-C","amount":600},
		{"item":"普通科技点","amount":960}
		],
	"hasItems":true,
	"craftTime":120,
	"health":2000,
	"itemCapacity":30,
	"research":{
	"parent":"C90-Plant",
    "requirements":[
		{"item":"Mg-Al","amount":4500},
		{"item":"Fe-C","amount":6000}
	]},
	"category":"crafting"
}