{
	"name":"进阶级精炼碳合成工厂",
	"description":"通过煤和石墨来合成C90精炼碳",
	"size":4,
	"outputItem":
		{"item":"C90","amount":8},
	"consumes":{
		"power":10.5,
		"items":{
			"items":[
				{"item":"coal","amount":8},
				{"item":"graphite","amount":6}
				]
			}
		},
	"requirements":[
		{"item":"xvx-ai","amount":10},
		{"item":"Fe","amount":4500},
		{"item":"普通科技点","amount":960}
		],
	"hasItems":true,
	"craftTime":5,
	"health":2400,
	"itemCapacity":100,
	"category":"crafting",
	"research":{
	"parent":"C90-Plant",
    "requirements":[
		{"item":"xvx-ai","amount":100},
		{"item":"Fe","amount":45000}
	]}
}