{
	"name":"精炼碳合成工厂",
	"description":"通过煤和石墨来合成C90精炼碳",
	"size":3,
	"outputItem":
		{"item":"C90","amount":2},
	"consumes":{
		"power":3.0,
		"items":{
			"items":[
				{"item":"coal","amount":3},
				{"item":"graphite","amount":2}
				]
			}
		},
	"requirements":[
		{"item":"Fe","amount":450},
		{"item":"普通科技点","amount":540}
		],
	"hasItems":true,
	"craftTime":15,
	"health":1280,
	"itemCapacity":30,
	"category":"crafting",
	"research":{
	"parent":"schxckj",
    "requirements":[
		{"item":"Fe","amount":4500}
	]}
}