{
	"name":"压缩精炼碳工厂",
	"description":"压缩精炼碳生产工厂",
	"size":4,
	"outputItem":
		{"item":"C902","amount":1},
	"consumes":{
		"power":7.5,
		"items":{
			"items":[
				{"item":"C90","amount":5},
				{"item":"U","amount":1}
				]
			}
		},
	"requirements":[
		{"item":"Mg-Al","amount":600},
		{"item":"Fe-C","amount":1200},
		{"item":"普通科技点","amount":960}
		],
	"hasItems":true,
	"craftTime":1,
	"health":1700,
	"itemCapacity":100,
	"research":{
	"parent":"C90-Plant",
    "requirements":[
		{"item":"Mg-Al","amount":6000},
		{"item":"Fe-C","amount":12000}
	]},
	"category":"crafting"
}