{
	"name":"进阶级精钢冶炼厂",
	"description":"钢铁是怎样炼成的？",
	"size":3,
	"outputItem":
		{"item":"Fe-C","amount":4},
	"consumes":{
		"items":{
			"items":[
				{"item":"coal","amount":5},
				{"item":"Fe","amount":8}
				]
			}
		},
	"requirements":[
		{"item":"Fe","amount":6500},
		{"item":"xvx-ai","amount":10},
		{"item":"普通科技点","amount":540}
		],
	"hasItems":true,
	"craftTime":15,
	"health":1500,
	"itemCapacity":100,
	"research":{
	"parent":"Fe-C-Plant",
    "requirements":[
		{"item":"Fe","amount":65000},
		{"item":"xvx-ai","amount":100}
	]},
	"category":"crafting"
}