{
	"name":"强化玻璃制作工厂",
	"description":"制造强化玻璃",
	"flameColor":"FF0000",
	"size":2,
	"outputItem":
		{"item":"ghbl","amount":1},
	"consumes":{
		"power":1.0,
		"items":{
			"items":[
				{"item":"Fe-C","amount":6},
				{"item":"metaglass","amount":3}
				]
			}
		},
	"requirements":[
		{"item":"Mg","amount":600},
		{"item":"Fe-C","amount":300},
		{"item":"普通科技点","amount":240}
	],
	"hasItems":true,
	"craftTime":50,
	"health":500,
	"itemCapacity":35,
	"research":{
	"parent":"Fe-C-Plant",
    "requirements":[
		{"item":"Mg","amount":6000},
		{"item":"Fe-C","amount":3000}
	]},
	"category":"crafting"
}