{
	"name":"进阶级钛合金工厂",
	"description":"生产钛合金",
	"size":5,
	"outputItem":
		{"item":"Ti+","amount":4},
	"consumes":{
		"power":30.5,
		"items":{
			"items":[
				{"item":"Fe","amount":3},
				{"item":"titanium","amount":9}
				]
			}
		},
	"requirements":[
		{"item":"Fe-C","amount":9000},
		{"item":"xvx-ai","amount":35},
		{"item":"Mg-Al","amount":4500},
		{"item":"普通科技点","amount":1500}
		],
	"hasItems":true,
	"craftTime":45,
	"health":2500,
	"itemCapacity":100,
	"research":{
	"parent":"Ti+Plant",
    "requirements":[
		{"item":"Fe-C","amount":90000},
		{"item":"xvx-ai","amount":350},
		{"item":"Mg-Al","amount":45000}
	]},
	"category":"crafting"
}