{
	"name":"铀精炼厂",
	"description":"提炼铀-235",
	"size":3,
	"outputItem":
		{"item":"U-235","amount":1},
	"consumes":{
		"power":7.5,
		"items":{
			"items":[
				{"item":"U","amount":5}
			]
		}
	},
	"requirements":[
		{"item":"Fe-C","amount":1500},
		{"item":"Mg-Al","amount":900},
		{"item":"Ti+","amount":650},
		{"item":"普通科技点","amount":540}
	],
	"hasItems":true,
	"craftTime":260,
	"health":2200,
	"itemCapacity":30,
	"research":{
	"parent":"C60-Plant",
    "requirements":[
		{"item":"Fe-C","amount":15000},
		{"item":"Mg-Al","amount":9000},
		{"item":"Ti+","amount":6500}
	]},
	"category":"crafting"
}