{
  "type": "PowerTurret", // 炮塔类型：强力炮塔（PowerTurret）
  "name": "光影", // 炮塔名称：glow（暂译“辉光炮塔”）
  "drawer":{
  "type":"DrawTurret",
    "parts":[
    {
    "type":"RegionPart",//贴图运动：动画特效
    "mirror":false,//是否开启镜像
    "x":0,"y":0,//初始位置
	"under": true,
    "suffix":"-主炮",//,贴图后缀
    "moveX":0,//改变位置
    "moveY":-9,//同上
    "moveRot": 0,//是旋转角度
    "progress":"recoil",//移动类型（"warmup":蓄力,"recoil":开火
    "heatProgress": "recoil",//过热类型（"warmup":蓄力,"recoil":开火
    "heatColor":"F3E97990"//过热颜色
    },
    ],
    },
    "requirements": [ // 建造所需材料
        { "item": "titanium", "amount":120}, // 精致石墨：20个
                { "item": "silicon", "amount":90}, // 精致石墨：20个
                     { "item": "copper", "amount":150}, // 精致石墨：20个
                          { "item": "metaglass", "amount":70}, // 精致石墨：20个
    ],
        "description": "轻型恶兆\n竟然不消耗物品",  // 功能描述：充能后向空中目标发射强力能量束
    "category": "turret", // 建筑分类：防御塔（归类到防御塔建造菜单）
  "size": 3, // 炮塔尺寸：3格（游戏内单位，尺寸越大占用格子越多）
  "health": 1100, // 生命值：1450点
  "range": 280, // 攻击范围：268单位（决定炮塔能攻击到的最远距离）
  "reload": 180, // 装填时间：45帧（数值越小，射速越快，游戏通常以60帧为1秒）
  "rotateSpeed": 1, // 旋转速度：1.8单位/帧（决定炮塔转向追踪目标的快慢）
  	"research": "杂交科技",
	"researchCostMultiplier": 0.45,
  "targetGround": true, // 是否攻击地面目标：是
  "targetAir": true, // 是否攻击空中目标：是
  "inaccuracy": 0.1, // 攻击偏差：0（完全精准，无弹道偏移）
  "coolantMultiplier": 0.7, // 冷却剂倍率：0.7（数值越小，冷却剂消耗越少或冷却速度越快）
  "shootEffect": "lancerLaserShoot", // 射击特效：使用“lancerLaserShoot”（长矛激光射击）特效
  "smokeEffect": "blastExplosion", // 烟雾特效：无（射击/受损时不产生烟雾）
  "shootSound": "光影", // 射击音效：使用“shockBlast”（冲击爆炸）音效
      "consumes": {  // 资源消耗系统
       "power":15,  // 基础电力消耗(漏了逗号已修复)
       },
  "shootType": { // 子弹类型配置：点射子弹（PointBulletType）
    "type": "PointBulletType",
    "lifetime": 70, // 子弹存活时间：68帧（决定子弹能飞行的最大时长）
    "speed": 5.5, // 子弹速度：7单位/帧（速度越快，子弹飞行越远、到达目标越快）
    "damage": 200, // 基础伤害：420点（命中目标时造成的核心伤害）
    "splashDamage": 180, // 溅射伤害：210点（子弹命中后，对周围目标造成的范围伤害）
    "splashDamageRadius": 80, // 溅射伤害半径：50单位（溅射伤害覆盖的范围大小）
    "pierce": true, // 是否穿透目标：是（可穿过多个敌方单位）
    "pierceBuilding": true, // 是否穿透建筑：是（可穿过敌方建筑）
    "absorbable": false, // 是否可被吸收：否（敌方无法通过技能吸收该子弹）
    "hittable": false, // 是否可被击中：否（敌方无法通过攻击摧毁该子弹）
    "reflectable": false, // 是否可被反射：否（敌方无法反射该子弹）
    "hitEffect": { // 命中特效配置：粒子特效（ParticleEffect）
      "type": "ParticleEffect",
      "particles": 12, // 粒子数量：12个（特效包含的粒子总数）
      "line": true, // 是否为线型粒子：是（粒子呈线条状）
      "length": 60, // 粒子长度：60单位
      "sizeFrom": 58, // 粒子初始大小：58单位
      "sizeTo": 6, // 粒子最终大小：6单位（粒子随时间缩小）
      "strokeFrom": 4, // 粒子初始线宽：4单位
      "strokeTo": 2, // 粒子最终线宽：2单位（线宽随时间变窄）
      "colorFrom": "F2E878B9", // 粒子初始颜色：#a9d8ff（浅蓝色）
      "colorTo": "F2E878B9" // 粒子最终颜色：#757fcb（蓝紫色）
    },
    "despawnHit": true, // 命中后是否消失：是（子弹命中目标后立即消失）
    "trailChance": 1, // 轨迹生成概率：1（100%生成子弹飞行轨迹）
    "trailColor": "F2E878B9", // 轨迹颜色：#a9d8ff（浅蓝色）
    "trailEffect": { // 轨迹特效配置：粒子特效（ParticleEffect）
      "type": "ParticleEffect",
      "particles": 21, // 粒子数量：11个
      "line": true, // 是否为线型粒子：是
      "length": 20, // 粒子长度：20单位
      "sizeFrom": 4, // 粒子初始大小：4单位
      "sizeTo": 0, // 粒子最终大小：0单位（粒子随时间完全消失）
      "strokeFrom": 3, // 粒子初始线宽：3单位
      "strokeTo": 0, // 粒子最终线宽：0单位（线宽随时间消失）
      "colorFrom": "F2E878B9", // 粒子初始颜色：#a9d8ff（浅蓝色）
      "colorTo": "F2E878B9" // 粒子最终颜色：#757fcb（蓝紫色）
    },
    "fragBullets": 4, // 分裂子弹数量：4个（主子弹命中/消失时，会分裂出4个次级子弹）
    "fragRandomSpread": 360, // 分裂扩散角度：360度（分裂子弹向全方位随机扩散）
    "fragBullet": { // 分裂子弹配置：破片子弹（ShrapnelBulletType）
      "type": "ShrapnelBulletType",
      "length": 12, // 子弹长度：12单位
      "width": 5, // 子弹宽度：5单位
      "serrations": 0, // 锯齿数量：0（子弹边缘无锯齿）
      "lifetime": 18, // 子弹存活时间：18帧
      "damage": 65, // 基础伤害：65点
      "toColor": "F2E878B9", // 子弹最终颜色：#757fcb（蓝紫色）
      "shootEffect": "blastExplosion", // 分裂时射击特效：无
      "smokeEffect": "blastExplosion", // 分裂时烟雾特效：无
      "pierceCap": 10 // 最大穿透次数：4次（可穿透4个目标后消失）
    },
  },
}
