{
	"type": "Reconstructor",
	"name": "T1单位快速升级工厂",
	"description": "使用t1单位快速升级装置，将从T1快速的升级到T2。",
    "health":450,
	"size":3,
		"buildCostMultiplier":0.75
			"consumes":{
				"power": 1
	"items": {	
	"items": [
		{ "item": "T1单位快速升级装置", "amount":1 },
		]
		}
		},
	"upgrades":[
		["flare","horizon"],
		["mono","poly"],
		["crawler","atrax"]
		["dagger","mace"]
		["nova","pulsar"]
    ],
	"constructTime":10,
	"requirements": [{ "item": "copper", "amount":200 },
		{ "item": "lead", "amount":120 },
		{ "item": "silicon", "amount":90}
		"硅芯片/45"
		"titanium/75"
		],
	"category":"units",
	"buildVisibility":"shown",
	"research":"T1单位恢复工厂"
}