{
	"type": "ItemTurret",//类型
	"category": "turret",//菜单栏
	"name": "裂芯",//名字
	"description": "利用易碎物品发射分裂子弹的基础防御塔。",//介绍
	"details":"每一颗裂开的心背后都有一个失落的灵魂。",
	"research":"先遣核心"//前置科技树
	"alwaysUnlocked":true,//科技树默认解锁
	"drawer": {
	"type": "drawTurret"},
	"requirements": [
	{ "item":"copper","amount":40}	],
	"size": 2,//大小
	"health": 500,//血量
	"rotateSpeed": 8,//转头速度
	"maxAmmo":20,//弹药容量
	"reload": 30,//装填速度
	"ammoPerShot":1,//单发消耗
	"shootSound": "shootAlt",//发射音效
	"range": 120,//范围
	"inaccuracy":5,//不准确度
	"coolantMultiplier":3,//冷却剂加速倍率（常规加速倍率为：该值*冷却剂消耗＝0.5）
	"shoot":{"shots":1,//每轮子弹
		"shotDelay":2}//子弹间隔
	"consumes": {//消耗
	"coolant":{"amount":0.1666666667,"optional":true}	}//加速液体
	"ammoTypes": {
		"铁矿石": {//铁矿石
			"sprite":"circle-bullet",//子弹贴图
			"knockback":1.5,
			"spin": 0,//子弹旋转速度
			"shrinkY": 0,"shrinkX": 0,//子弹变形程度
			"damage": 10,
			"speed": 5,
			"lifetime":20,
			"hitEffect":"explosion"//击中特效
			"trailLength": 4,//尾迹长
            "trailWidth": 5,//尾迹宽
            "trailColor":"ffce7b",//尾迹颜色
            "trailRotation":true,//尾迹拥有方向
            "trailEffect":"disperseTrail",
            "trailInterval" :3,//尾迹特效间隔
			"fragBullets":2,
			"fragRandomSpread":0,//随机分裂角度
			"fragSpread":45,//分裂角度
			"fragAngle":0,//分裂起始角度，
			"fragVelocityMin":0.5,//最小分裂弹速度
	    "fragVelocityMax":0.5,//最大分裂弹速
		"fragBullet":{"type":
		"BasicBulletType",		"splashDamageRadius":16,			"splashDamage":5,//范围伤害
  "damage":5,
  "trailEffect":"missileTrail",
  "trailInterval" :8,//尾迹特效间隔
  "trailChance": 0.05,//尾迹出现概率
  "trailLength": 2,//尾迹长
  "trailWidth": 1.5,//尾迹宽
  "trailColor":"ffce7b",//尾迹颜色
  "speed": 4.16,
  "drag": 0.01,//每帧减速
  "lifetime":16},
			"width":8,	"height":10,//宽长度
			"ammoMultiplier":1,
			"shootEffect": "shootSmall"},
		"scrap": {//废料
		"type":"BasicBulletType",
			"sprite":"circle-bullet",//子弹贴图
			"knockback":2,
			"spin": 0,//子弹旋转速度
			"shrinkY": 0,"shrinkX": 0,//子弹变形程度
			"damage": 15,
			"speed": 5,
			"lifetime":24,
			"hitEffect":"explosion"//击中特效
			"trailChance": 0.75,//尾迹出现概率
			"trailLength": 4,//尾迹长
            "trailWidth": 5,//尾迹宽
            "trailColor":"ffce7b",//尾迹颜色
            "trailRotation":true,//尾迹拥有方向
            "trailEffect":"disperseTrail",
            "trailInterval" :3,//尾迹特效间隔
			"fragBullets":4,
			"fragRandomSpread":0,//随机分裂角度
			"fragSpread":90,//分裂角度
			"fragAngle":45,//分裂起始角度
			"fragVelocityMin":0.5,//最小分裂弹速度
	    "fragVelocityMax":0.5,//最大分裂弹速
			"fragBullet":{			"type":"BasicBulletType",		"splashDamageRadius":16,			"splashDamage":10,
			"speed": 2.12,
			"drag": 0.01,//每帧减速
			"trailChance": 0.05,//尾迹出现概率
			"trailLength": 2,//尾迹长
            "trailWidth": 4,//尾迹宽
            "trailColor":"ffce7b",//尾迹颜色
            "trailEffect":"missileTrail",
            "trailInterval" :8,//尾迹特效间隔
			"lifetime":12,
			"damage":2},
			"width":8,	"height":10,//宽长度
			"ammoMultiplier":1,
			"shootEffect":"shootSmall"}
		"sand": {//沙
		"type":"BasicBulletType",
			"sprite":"circle-bullet",//子弹贴图
			"knockback":1.5,
			"spin": 0,//子弹旋转速度
			"shrinkY": 0,"shrinkX": 0,//子弹变形程度
			"damage": 12,
			"speed": 5,
			"lifetime":24,
			"hitEffect":"explosion"//击中特效
			"trailChance": 0.75,//尾迹出现概率
			"trailLength": 4,//尾迹长
            "trailWidth": 5,//尾迹宽
            "trailColor":"D3AE8DFF20",//尾迹颜色
            "trailRotation":true,//尾迹拥有方向
            "trailEffect":"disperseTrail",
            "trailInterval" :3,//尾迹特效间隔
			"fragBullets":6,
			"fragRandomSpread":0,//随机分裂角度
			"fragSpread":15,//分裂角度
			"fragAngle":7.5,//分裂起始角度
			"fragVelocityMin":0.5,//最小分裂弹速度
	    "fragVelocityMax":0.5,//最大分裂弹速
			"fragBullet":{			"type":"BasicBulletType",		"splashDamageRadius":16,			"splashDamage":2,
			"speed": 2.12,
			"drag": 0.01,//每帧减速
			"trailChance": 0.05,//尾迹出现概率
			"trailLength": 2,//尾迹长
            "trailWidth": 4,//尾迹宽
            "trailColor":"D3AE8DFF20",//尾迹颜色
            "trailEffect":"missileTrail",
            "trailInterval" :8,//尾迹特效间隔
			"lifetime":24,
			"damage":4},
			"width":8,	"height":10,//宽长度
			"ammoMultiplier":1,
			"shootEffect":"shootSmall"}
		"metaglass":{//玻璃
		"type":"BasicBulletType",
			"sprite":"circle-bullet",//子弹贴图
			"knockback":0.75,
			"spin": 0,//子弹旋转速度
			"shrinkY": 0,"shrinkX": 0,//子弹变形程度
			"damage": 18,
			"speed": 5,
			"lifetime":24,
			"hitEffect":"explosion"//击中特效
			"trailLength": 4,//尾迹长
            "trailWidth": 5,//尾迹宽
            "trailColor":"feeeed",//尾迹颜色
            "trailRotation":true,//尾迹拥有方向
            "trailEffect":"disperseTrail",
            "trailInterval" :3,//尾迹特效间隔
			"fragBullets":6,
			"fragRandomSpread":0,//随机分裂角度
			"fragSpread":60,//分裂角度
			"fragAngle":30,//分裂起始角度
			"fragVelocityMin":0.5,//最小分裂弹速度
	    "fragVelocityMax":0.5,//最大分裂弹速
			"fragBullet":{			"type":"BasicBulletType",			"splashDamageRadius":16,			"splashDamage":6,
			"damage":2
			"trailChance": 0.05,//尾迹出现概率
			"trailLength": 2,//尾迹长
            "trailWidth": 2,//尾迹宽
            "trailColor":"feeeed",//尾迹颜色
            "trailEffect":"missileTrail",
            "trailInterval" :8,//尾迹特效间隔
			"speed": 3.18,
			"drag": 0.01,//每帧减速
			"lifetime":18},
			"width":8,	"height":10,//宽长度
			"ammoMultiplier":2,
			"shootEffect": "shootSmall"}
		}}
