{
	"type": "ItemTurret",/*种类 */
	"name": "削除",/*名称 */
	"description": "叉状散射炮台，同时发射三枚高伤害子弹。对近距离目标尤其有效。",/*描述 */
	"details":"什么？削除居然不是大型激光塔吗？",
	"drawer": {
	"type": "drawTurret"},
	"health": 1500,/*血量 */
	"size": 3,/*大小 */
	"range": 112,/*攻击范围 8/格 */
	"reload": 36,//装填速度
	"inaccuracy": 0.5,/*误差 1=1度 */
	"rotateSpeed": 5,/*旋转速度 */
	"maxAmmo":30,//弹夹容量
	"ammoPerShot":3,//射击一次消耗子弹
	"coolantMultiplier":2.5,//冷却剂加速倍率
	"shootSound" : "bolt",
	"shake":0.75
	"shoot": {
    "type": "shootBarrel",
    "shots": 3,//炮口数
    "barrels": [-10,-4,15,0,-2,0,10,-4,-15],//三个炮口的位置（左右，前后，倾斜）
    },
    "consumes": {//消耗
	"coolant":{"amount":0.2,"optional":true}	}//加速液体
	"ammoTypes": {
        "钢铁": {/*子弹种类（铜、钍等物品,填英文） */
			"type":"basicBulletType"
			"speed": 8,/*子弹飞行速度 */
			"damage": 30,/*伤害 */
			"lifetime":32,/*子弹存在时间/帧 */
			"width": 48,/*子弹贴图宽 */
			"height": 64,/*同上，长 */
			"ammoMultiplier":5,/*一个物品补充多少子弹 */
			"knockback":5,//击退力
			"sprite":"野性之心-angle",//子弹贴图
			"pierce":false,//是否穿透单位
			"drag":0.06,//子弹每帧减速。
			//初始速度为*speed*，每秒减60*drag的速度。
			"backColor":"4e72b8",
			//子弹边缘颜色
			"frontColor":"afb4db",
			//子弹中心颜色
			"shootEffect": "colorSparkBig"
			"despawnEffect":"none",
	"trailChance": 0.5,
	"trailRotation": true,
	"trailEffect": {
	"type": "ParticleEffect",
	"particles": 1,
	"length": 0,
	"lifetime": 18,
	"sizeFrom": 6,
	"sizeTo":0.5,
	"region": "野性之心-deltarune",
	"colorFrom": "afb4db",
	"colorTo": "afb4db"},
					},/*射击效果 */
		"silicon": {/*子弹种类（铜、钍等物品,填英文） */
			"type":"basicBulletType"
			"speed": 8,/*子弹飞行速度 */
			"damage": 25,/*伤害 */
			"lifetime":32,/*子弹存在时间/帧 */
			"width": 48,/*子弹贴图宽 */
			"height": 64,/*同上，长 */
			"ammoMultiplier":5,/*一个物品补充多少子弹 */
			"knockback":2.5,//击退力
			"homingRange":32,//跟踪半径
	        "homingPower":0.05,//跟踪力度（1=3000度）
			"sprite":"野性之心-angle",//子弹贴图
			"pierce":false,//是否穿透单位
			"drag":0.06,//子弹每帧减速。
			//初始速度为*speed*，每秒减60*drag的速度。
			"backColor":"4e72b8",
			//子弹边缘颜色
			"frontColor":"afb4db",
			//子弹中心颜色
			"shootEffect": "colorSparkBig"
			"despawnEffect":"none",
	"trailChance": 0.5,
	"trailRotation": true,
	"trailEffect": {
	"type": "ParticleEffect",
	"particles": 1,
	"length": 0,
	"lifetime": 18,
	"sizeFrom": 6,
	"sizeTo":0.5,
	"region": "野性之心-deltarune",
	"colorFrom": "afb4db",
	"colorTo": "afb4db"},	},/*射击效果 */
		"thorium": {/*子弹种类（铜、钍等物品,填英文） */
			"type":"basicBulletType"
			"speed": 8,/*子弹飞行速度 */
			"reloadMultiplier": 0.8,//射速比例
			"damage": 45,/*伤害 */
			"lifetime":32,/*子弹存在时间/帧 */
			"width": 48,/*子弹贴图宽 */
			"height": 64,/*同上，长 */
			"ammoMultiplier":3,/*一个物品补充多少子弹 */
			"knockback":8,//击退力
			"sprite":"野性之心-angle",//子弹贴图
			"pierce":false,//是否穿透单位
			"drag":0.06,//子弹每帧减速。
			//初始速度为*speed*，每秒减60*drag的速度。
			"backColor":"feeeed",
			//子弹边缘颜色
			"frontColor":"f7acbc",
			//子弹中心颜色
			"shootEffect": "colorSparkBig"
			"despawnEffect":"none",
			"pierce":true,
			"pierceCap":2,//穿透数
			"pierceBuilding":true,//穿透建筑
	"trailChance": 0.5,
	"trailRotation": true,
	"trailEffect": {
	"type": "ParticleEffect",
	"particles": 1,
	"length": 0,
	"lifetime": 18,
	"sizeFrom": 6,
	"sizeTo":0.5,
	"region": "野性之心-deltarune",
	"colorFrom": "feeeed",
	"colorTo": "f7acbc"},	}/*射击效果 */
	},
	"requirements": [
		{ "item": "钢铁", "amount": 60 },
		{ "item": "silicon", "amount": 60}
	],/*建造需求物品 */
	"category": "turret",/*分类 */
	"research": "c-追迹"//科技树前置
}