{
	"type": "ItemTurret",//类型
	"category": "turret",//菜单栏
	"name": "极点",//名字
	"description": "冷冻炮塔，发射一轮强力并带有减速效果的的冰锥，每次接触敌人都会分裂出更小的冰片。",//介绍
	"details":"Ice to meet you",
	"research": {
	"parent": "f-凌泉"//科技树前置
	},
	"alwaysUnlocked":false,//科技树默认解锁
	"drawer": {
	"type": "drawTurret"},
	"requirements": [
	{"item":"钢铁","amount":120}
	{ "item":"graphite","amount":80},
	],
	"size": 3,//大小
	"health": 1200,//血量
	"rotateSpeed": 6,//转头速度
	"maxAmmo":25,//弹药容量
	"liquidCapacity":40,//液体容量
	"reload": 120,//装填速度
	"ammoPerShot":3,//单发消耗
	"ammoUseEffect": "none",//子弹发射特效
	"targetAir":true,
	//是否攻击空军
	"targetGround":true,
	//是否攻击地面目标
	"range": 228,//范围
	"inaccuracy":9,//不准确度
	"shoot": {
    "type": "shootBarrel",
    "shots": 5,//每轮发射数量
    "shotDelay":3,
}
	"consumes": {//消耗
	"liquid": "water/0.3333333333"
	}//加速液体
	"drawer":{"type":"DrawMulti",
"drawers":[{"type":"DrawTurret",
"parts":[
{"type":"RegionPart",
"mirror":false,//是否镜像显示
"under":true,
"x":0,"y":0,//起始位置
"suffix":"-后","layer":-0.5,"moveX":0,"moveY":-3,
"moveRot":0,//移动度数
"progress":"recoil"
}
{"type":"RegionPart",
"mirror":false,//是否镜像显示
"top":false,
"x":0,"y":0,//起始位置
"suffix":"-左","layer":0,"moveX":0,"moveY":-1,
"moveRot":0,//移动度数
"progress":"recoil"
}
{"type":"RegionPart",
"mirror":false,//是否镜像显示
"top":false,
"x":0,"y":0,//起始位置
"suffix":"-右","layer":0,"moveX":0,"moveY":-1,
"moveRot":0,//移动度数
"progress":"recoil"
}
{"type":"RegionPart",
"mirror":false,//是否镜像显示
"top":false,
"x":0,"y":0,//起始位置
"suffix":"-中","layer":0,"moveX":0,"moveY":2,
"moveRot":0,//移动度数
"progress":"recoil"
}
]}]}
	"ammoTypes": {
		"graphite": {//石墨
			"sprite":"野性之心-0",//子弹贴图
			"spin": 0,//子弹旋转速度
			"shrinkY": 0,"shrinkX": 0,//子弹变形程度
			"damage": 17,
			"speed": 6,
			"lifetime":36,
			"width":8,	"height":12,//宽长度
			"ammoMultiplier":2,
			//"reloadMultiplier":1,//攻击速度
			"backColor":"afdfe4",
			//子弹边缘颜色
			"frontColor":"afdfe4",
			//子弹中心颜色
			"trailLength": 6,
            "trailWidth": 4,
			"trailColor":"afdfe4",//尾迹颜色
			"hitSound": "ice"
			"status":"ice",
		    "statusDuration": 240,
		    "fragOnHit":true,//击中时分裂
			"shootEffect":{
"type":"ParticleEffect",
"region": "野性之心-x",
"lifetime": 36,"offsetX":0,
"colorFrom":"afdfe4",//开始时颜色
"colorTo":"afdfe4",//结束时颜色
"particles":3,//粒子数量
"randLength":true,//兰德长度？
"cone":24,//粒子扩散角度
"length":80,//粒子移动长度
"baseLength":0,//粒子在一定长度内出现
"useRotation":true,//使用旋转
"line":false,//形状为方形
"sizeFrom":6,//圆形从开始大小//粒子大小？？
"sizeTo":0,//圆形至结尾大小}
},
            "trailRotation":true,//尾迹拥有方向
            "trailEffect":"disperseTrail",
            "trailInterval" :3,//尾迹特效间隔
			"fragBullets":3,
			"fragRandomSpread":360,//随机分裂角度
			"fragSpread":120,//分裂角度
			"fragAngle":0,//分裂起始角度，
			"fragVelocityMin":1.25,//最小分裂弹速度
	    "fragVelocityMax":0.75,//最大分裂弹速
"despawnEffect":{
"type":"ParticleEffect",
"region": "野性之心-x",
"lifetime": 36,"offsetX":0,
"colorFrom":"afdfe4",//开始时颜色
"colorTo":"afdfe4",//结束时颜色
"particles":6,//粒子数量
"randLength":true,//兰德长度？
"cone":360,//粒子扩散角度
"length":32,//粒子移动长度
"baseLength":0,//粒子在一定长度内出现
"useRotation":true,//使用旋转
"line":false,//形状为方形
"sizeFrom":6,//圆形从开始大小//粒子大小？？
"sizeTo":0,//圆形至结尾大小}
},
"hitEffect":"none",
		"fragBullet":{"type":
		"BasicBulletType",
    "damage":8,
    "speed": 6,
	"lifetime":6,
	"width":7,	"height":9,//宽长度
	"backColor":"afdfe4",//子弹边缘颜色
	"frontColor":"afdfe4",//子弹中心颜色
	"trailLength": 3,
    "trailWidth": 2,
	"trailColor":"afdfe4",//尾迹颜色
	"homingDelay":0,//跟踪延迟
	"homingRange":40,//跟踪半径
	"homingPower":20,//跟踪力度（1=3000度
	"hitSound": "ice"
	"hitEffect":"none",
	"status": "ice",
	"statusDuration": 120,
	"despawnEffect":{
"type":"ParticleEffect",
"region": "野性之心-x",
"lifetime": 36,"offsetX":0,
"colorFrom":"afdfe4",//开始时颜色
"colorTo":"afdfe4",//结束时颜色
"particles":3,//粒子数量
"randLength":true,//兰德长度？
"cone":360,//粒子扩散角度
"length":32,//粒子移动长度
"baseLength":0,//粒子在一定长度内出现
"useRotation":true,//使用旋转
"line":false,//形状为方形
"sizeFrom":6,//圆形从开始大小//粒子大小？？
"sizeTo":0,//圆形至结尾大小}
},
  },
			},
			}}