{
    "type": "ItemTurret",
    "name": "绝响",
   	"description": "远距离火箭发射器，一次性发射四枚可被击落的爆破火箭弹。",
   	"details":"把他们炸上天！",
    "size": 3,
    "health": 1200,
    "range":304,
    "shoot": {
    "type": "shootBarrel",
    "shots": 4,//炮口数量
    "barrels": [-4,-3.5,0,4,-3.5,0],//炮口位置（左右，前后，倾斜）
    "spread": 0,//角度
    "shotDelay":10,
    "firstShotDelay":24,
}
    "reload":240,//攻击速度
    "restitution":false, //补偿
    "inaccuracy":10,//散射角度
    "targetAir": true,//攻击空中目标
    "targetGround": true,//攻击地面目标
    "shootSound":"missileSmall",
    "shake":2,//屏幕震动
   	"rotateSpeed":5,//转动速度
   	"maxAmmo":24,//弹夹容量
   	"ammoPerShot":6,//射击一次消耗子弹
    "recoilAmount":1,
    "restitution":0.05,
    "coolantMultiplier":2,//冷却剂加速倍率
    "minWarmup": 0.96,
	"shootWarmupSpeed": 0.06,
    "consumes": {//消耗
	"coolant":{"amount":0.25,"optional":true}	}//加速液体
"ammoTypes": {
  "pyratite":{
         "spawnUnit": "野性之心-绝响导弹",
			"speed":0,
			"shootEffect": "shootBig"
         },
  "metaglass":{
          "spawnUnit": "野性之心-绝响导弹2",
			"speed":0,
			"shootEffect": "shootBig"
         },
  "凝胶":{
          "spawnUnit": "野性之心-绝响导弹3",
			"speed":0,
			"shootEffect": "shootBig"
         },
	     },
    "requirements":[
    { "item": "钢铁", "amount": 150 }
    {"item": "金", "amount": 80},
	{ "item": "silicon", "amount": 80 },
	{ "item": "plastanium", "amount": 150 },
    ],
    "category": "turret",
    "research": {
	"parent": "g-骤雨"//科技树前置
	},
}