{
	"type": "ItemTurret",/*种类 */
	"name": "收割",/*名称 */
	"description": "大型霰弹炮，只接收高级金属作为弹药。发射能爆裂出激光贯穿敌人的大型光棱。",/*描述 */
	"details":"收割，现在开始。",
	"drawer": {
	"type": "drawTurret"},
	"health": 2600,/*血量 */
	"size": 4,/*大小 */
	"range": 152,/*攻击范围 8/格 */
	"reload": 92,//装填速度
	"inaccuracy": 1,/*误差 1=1度 */
	"rotateSpeed": 3,/*旋转速度 */
	"maxAmmo":30,//弹夹容量
	"ammoPerShot":7,//射击一次消耗子弹
	"shootSound" : "shootSmite",
	"shake":0.75
	"coolantMultiplier":1.5,//冷却剂加速倍率
	"shoot": {
    "type": "shootBarrel",
    "shots": 7,//炮口数
    "barrels": [-12,-16,45,-8,-16,30,-4,-16,15,0,-16,0,4,-16,-15,8,-16,-30,12,-16,-45],//三个炮口的位置（左右，前后，倾斜）
    },
    "consumes": {//消耗
	"coolant":{"amount":0.333333,"optional":true}	}//加速液体
"drawer":{"type":"DrawMulti",
"drawers":[{"type":"DrawTurret",
"parts":[
{"type":"RegionPart",
"mirror":false,//是否镜像显示
"x":0,"y":0,//起始位置
"under":false,
"suffix":"-左","layer":0,"moveX":-2,"moveY":-2,
"moveRot":45,//移动圈数
"progress":"recoil"
}
{"type":"RegionPart",
"mirror":false,//是否镜像显示
"x":0,"y":0,//起始位置
"under":false,
"suffix":"-右","layer":0,"moveX":2,"moveY":-2,
"moveRot":-45,//移动圈数
"progress":"recoil"
}
]}]}
	"ammoTypes": {
        "plastanium": {/*子弹种类（铜、钍等物品,填英文） */
			"type":"basicBulletType"
			"speed": 9,/*子弹飞行速度 */
			"drag":0.05,//子弹每帧减速。
			"damage": 100,/*伤害 */
			"lifetime":36,/*子弹存在时间/帧 */
			"width": 24,/*子弹贴图宽 */
			"height": 64,/*同上，长 */
			"ammoMultiplier":3,/*一个物品补充多少子弹 */
			"knockback":2,//击退力
			"sprite":"野性之心-shuttle",//子弹贴图
			"pierce":true,//是否穿透单位
			"pierceBuilding":true,//穿透建筑
			"backColor":"bed742",
			//子弹边缘颜色
			"frontColor":"abc88b",
			//子弹中心颜色
			"shootEffect":
{
"type":"ParticleEffect",
"lifetime": 60,
"line":true,//形状为方形
"colorFrom":"abc88b",//开始时颜色
"colorTo":"abc88b",//结束时颜色
"particles":8,//粒子数量
"randLength":true,//随机长度
"cone":25,//粒子扩散角度
"length":90,//粒子移动长度
"baseLength":0.25,//粒子在一定长度内出现
"useRotation":true,//使用旋转
"sizeFrom":20,//圆形从开始大小//粒子大小？？
"sizeTo":20,//圆形至结尾大小}
}
			"despawnEffect":"none",
	"fragBullets":1,
	"fragOnHit":false,//击中时分裂
	"fragRandomSpread":0,//随机分裂角度
	"fragAngle":180,//分裂角度
	"fragVelocityMin":1,//最小分裂弹速度
	"fragVelocityMax":1,//最大分裂弹速
	"fragBullet":{
"type" : "LaserBulletType",
            "length" :80,
            "pierce":true,
			"pierceCap":6,
			"pierceBuilding":true,//穿透建筑
            "damage" :100,
            "width": 24,
            "lifetime": 60,
            "sideWidth":2,//侧光宽度
            "sideLength":9,//侧光长度
                    "colors": [
			"bed742",
			"abc88b",
			"abc88b"
		],}
 "hitSound":"lasershoot",
 "trailLength": 12,//尾迹长
    "trailWidth": 5,//尾迹宽
    "trailColor":"abc88b",//尾迹颜色
	"trailChance": 0.5,
	"trailRotation": true,
	"trailEffect": {
	"type": "ParticleEffect",
	"particles": 1,
	"length": 6,
	"lifetime": 18,
	"sizeFrom": 7,
	"sizeTo":1,
	"region": "野性之心-shuttle",
	"colorFrom": "abc88b",
	"colorTo": "abc88b"},
	},
	"光合合金": {/*子弹种类（铜、钍等物品,填英文） */
			"type":"basicBulletType"
			"speed": 9,/*子弹飞行速度 */
			"drag":0.05,//子弹每帧减速。
			"damage": 120,/*伤害 */
			"lifetime":36,/*子弹存在时间/帧 */
			"width": 24,/*子弹贴图宽 */
			"height": 64,/*同上，长 */
			"ammoMultiplier":3,/*一个物品补充多少子弹 */
			"knockback":2,//击退力
			"sprite":"野性之心-shuttle",//子弹贴图
			"pierce":true,//是否穿透单位
			"pierceBuilding":true,//穿透建筑
			"backColor":"bed742",
			//子弹边缘颜色
			"frontColor":"abc88b",
			//子弹中心颜色
			"shootEffect":
{
"type":"ParticleEffect",
"lifetime": 60,
"line":true,//形状为方形
"colorFrom":"88CB4EFF",//开始时颜色
"colorTo":"88CB4EFF",//结束时颜色
"particles":8,//粒子数量
"randLength":true,//随机长度
"cone":25,//粒子扩散角度
"length":90,//粒子移动长度
"baseLength":0.25,//粒子在一定长度内出现
"useRotation":true,//使用旋转
"sizeFrom":20,//圆形从开始大小//粒子大小？？
"sizeTo":20,//圆形至结尾大小}
}
			"despawnEffect":"none",
	"fragBullets":4,
	"fragOnHit":false,//击中时分裂
	"fragRandomSpread":0,//随机分裂角度
	"fragSpread":90,
	"fragAngle":45,//分裂角度
	"fragVelocityMin":1,//最小分裂弹速度
	"fragVelocityMax":1,//最大分裂弹速
	"fragBullet":{
"type" : "LaserBulletType",
            "length" :36,
            "pierce":true,
			"pierceCap":6,
			"pierceBuilding":true,//穿透建筑
            "damage" :25,
            "width": 18,
            "lifetime": 60,
            "sideWidth":2,//侧光宽度
            "sideLength":9,//侧光长度
                    "colors": [
			"72AF3EFF",
			"88CB4EFF",
			"9DDF64FF"
		],}
 "hitSound":"lasershoot",
 "trailLength": 12,//尾迹长
    "trailWidth": 5,//尾迹宽
    "trailColor":"88CB4EFF",//尾迹颜色
	"trailChance": 0.5,
	"trailRotation": true,
	"trailEffect": {
	"type": "ParticleEffect",
	"particles": 1,
	"length": 6,
	"lifetime": 18,
	"sizeFrom": 7,
	"sizeTo":1,
	"region": "野性之心-shuttle",
	"colorFrom": "88CB4EFF",
	"colorTo": "88CB4EFF"},
	},
	"surge-alloy": {/*子弹种类（铜、钍等物品,填英文） */
			"type":"basicBulletType"
			"speed": 9,/*子弹飞行速度 */
			"drag":0.05,//子弹每帧减速。
			"damage": 160,/*伤害 */
			"lifetime":36,/*子弹存在时间/帧 */
			"width": 24,/*子弹贴图宽 */
			"height": 64,/*同上，长 */
			"ammoMultiplier":3,/*一个物品补充多少子弹 */
			"knockback":2,//击退力
			"sprite":"野性之心-shuttle",//子弹贴图
			"pierce":true,//是否穿透单位
			"pierceBuilding":true,//穿透建筑
			"backColor":"ffe600",
			//子弹边缘颜色
			"frontColor":"fcf16e",
			//子弹中心颜色
			"shootEffect":
{
"type":"ParticleEffect",
"lifetime": 60,
"line":true,//形状为方形
"colorFrom":"fcf16e",//开始时颜色
"colorTo":"fcf16e",//结束时颜色
"particles":8,//粒子数量
"randLength":true,//随机长度
"cone":25,//粒子扩散角度
"length":90,//粒子移动长度
"baseLength":0.25,//粒子在一定长度内出现
"useRotation":true,//使用旋转
"sizeFrom":20,//圆形从开始大小//粒子大小？？
"sizeTo":20,//圆形至结尾大小}
}
			"despawnEffect":"none",
	"intervalBullets": 2,/*数量间隔子弹*/
"bulletInterval":9,/*子弹间隔*/
"intervalRandomSpread": 5,/*间隔随机传播*/
"intervalSpread": 90,/*间隔排列*/
"intervalAngle": 180,/*间隔角*/
"intervalBullet": {
"targetAir" : true, //对空
"type":"LightningBulletType",
"despawnSound":"spark",
"damage":12,
"pierceArmor":false,/*穿甲*/
"lightningLength":9,
"lightningLengthRand":2,
"lightningColor":"FFF5BFFF"/*闪电颜色*/
}
	"fragBullets":4,
	"fragOnHit":false,//击中时分裂
	"fragRandomSpread":5,//随机分裂角度
	"fragSpread":90,
	"fragAngle":45,//分裂角度
	"fragVelocityMin":1,//最小分裂弹速度
	"fragVelocityMax":1,//最大分裂弹速
	"fragBullet":{
	"type": "LightningBulletType", // 弹药类型（闪电型）
    "despawnSound": "spark", // 消失声音
    "damage": 25, // 伤害值
    "pierceArmor": true, // 是否穿透护甲
    "lightningLength": 16, // 闪电长度
    "lightningLengthRand": 2, // 闪电长度随机范围
    "lightningColor": "FFF5BFFF" // 闪电颜色
	}
 "hitSound":"lasershoot",
 "trailLength": 12,//尾迹长
    "trailWidth": 5,//尾迹宽
    "trailColor":"fcf16e",//尾迹颜色
	"trailChance": 0.5,
	"trailRotation": true,
	"trailEffect": {
	"type": "ParticleEffect",
	"particles": 1,
	"length": 6,
	"lifetime": 18,
	"sizeFrom": 7,
	"sizeTo":1,
	"region": "野性之心-shuttle",
	"colorFrom": "fcf16e",
	"colorTo": "fcf16e"},
	},
	},
	"requirements": [
		{ "item": "钢铁", "amount": 300 },
		{ "item": "silicon", "amount": 200}
		{ "item": "plastanium", "amount": 150}
	],/*建造需求物品 */
	"category": "turret",/*分类 */
	"research": "e-削除"//科技树前置
}