{
	"name": "勘探钻头",
	"description": "终极钻头，通过刚玉材料大大提高了挖掘效率。",
	"type": "Drill",
	"size": 4,
	"tier": 5,
	"drillTime":80,
	"drillEffect":"mineHuge",	
	"drawMineItem":true,
	"liquidBoostIntensity":1.5,
	"drawRim":true,
	"itemCapacity":15,
	"liquidCapacity":20,
	"rotateSpeed":5.6,
	"warmupSpeed":0.02,
	"research":"blast-drill",
	"consumes": {
		"power": 4.0,
		"liquid": {"liquid":"acid","amount":0.1,"optional":true}
	},
	"requirements": [
		{ "item": "steel", "amount":120},
		{ "item": "brass", "amount":150},
		{ "item": "bronze", "amount":100},
		{ "item": "corundum", "amount":60}
	],
	"category": "production"
}