{
	"type":"Cultivator",
	"name":"盐分萃取机",
	"description":"用水从地表含盐量较高的孢子中萃取盐。生产效率较慢。",
	"health":100,
	"size":2,
	"requirements": [
		{ "item": "lead", "amount":120},
		{ "item": "brass", "amount":80},
		{ "item": "silicon", "amount":60},
	],
	"consumes":{
		"liquid":{
			"liquid":"water",
			"amount":0.12
		},
		 "power":0.5
	},
	"craftTime":300,
	"outputItem":{ "item": "salt", "amount":1},
	"plantColor":"ADADAD",
	"plantColorLight":"D0D0D0",
	"hasItems":true,
	"hasLiquid":true,
	"hasPower":true,
	"category":"production",
	"research":"cultivator"
}