{
	"type": "flying",
	"name": "拾英级",
	"description": "",
	"speed": 1.39,	
	"drag":0.05,"accel":0.1,
	"rotateSpeed":1,
	"ammoType":{
	"type":"PowerAmmoType",
	"totalPower":100},
	"ammoCapacity": 300,
	    "health": 12500,
	"hitSize":12, 
	"flying": true,
	"faceTarget": true,
	"armor":6000,
	"engineOffset": 0
	"engineSize": 15,
	"itemCapacity": 0,
	"abilities": [
        {
        "type": "RepairFieldAbility"
        "amount":1
        "reload": 15
        "range": 0.1
    }]
		"weapons":[
{
		"targetAir" :true,
	"targetGround": false,
			"name": "激光炮",
			"reload":4.8,
			"recoil": 0,
			"x": 0,
			"y": -6,
			"rotate": true,
			"rotateSpeed": 5,
			"mirror": true,
			"inaccuracy": 0,
			//"ejectEffect": "lightningShoot",
			"shootSound": "无",
			"alternate": true,
			"shoot":{
		"firstShotDelay":30
	},
			"bullet": {
			"type": "PointBulletType",
			//"smokeEffect": "lightningShoot",
			"trailEffect": {
				"type": "ParticleEffect",
				"particles": 1,
				"baseLength": 0,
				"lifetime": 5,
				"line": true,
				"randLength": false,
				"lenFrom": 11,
				"lenTo": 11,
				"strokeFrom": 7,
				"strokeTo": 0,
				"colorFrom": "DEEDFFFF",
				"colorTo": "DEEDFFFF",
				"cone": 0
			},
			"collidesAir": true
    "collidesGround": true,
			"damage":90
			"trailSpacing": 8,
			"hitShake": 6,
			"speed": 7,
			"pierceArmor": true,
			"lifetime": 40,
			}
		"recoil":0
		}
	{	"name": "无",	
		"reload": 120, 
		"targetAir" :true,
	"targetGround": true,
	"shoot":{
	"shots":3,
	"shotDelay":60},
		"x": 1,  "y": 8,
		"rotate": false,
		"shootCone":12,
		"inaccuracy": 0,
		"mirror": true,
		"shootSound": "无",
		"bullet":{
		"collidesAir": true
    "collidesGround": true,
	    "sprite":"missile",
			"splashDamageRadius":15,
	"splashDamage":90,	  
	    "speed":3,
	    "lifetime":60,
	    "width":10,	 "height":10
	    "homingRange": 8,
            "homingPower": 0.5,
	}}
	{	"name": "无",	
		"reload": 120, 
		"targetAir" :true,
	"targetGround": true,
	"shoot":{
	"shots":3,
	"shotDelay":60},
		"x": 3,  "y": 6,
		"rotate": false,
		"shootCone":12,
		"inaccuracy": 0,
		"mirror": true,
		"shootSound": "无",
		"bullet":{
		"collidesAir": true
    "collidesGround": true,
	    "sprite":"missile",
			"splashDamageRadius":15,
	"splashDamage":90,	  
	    "speed":3,
	    "lifetime":60,
	    "width":10,	 "height":10
	    "homingRange": 8,
            "homingPower": 0.5,
	}}
	{	"name": "无",	
		"reload": 120, 
		"targetAir" :true,
	"targetGround": true,
	"shoot":{
	"shots":3,
	"shotDelay":60},
		"x": 5,  "y": 4,
		"rotate": false,
		"shootCone":12,
		"inaccuracy": 0,
		"mirror": true,
		"shootSound": "无",
		"bullet":{
		"collidesAir": true
    "collidesGround": true,
	    "sprite":"missile",
			"splashDamageRadius":15,
	"splashDamage":90,	  
	    "speed":3,
	    "lifetime":60,
	    "width":10,	 "height":10
	    "homingRange": 8,
            "homingPower": 0.5,
	}}
	]
    "research": {
	"parent":""
	}
	"researchCostMultiplier": 0.4,
}
