{
	"type": "flying",
	"name": "浮游",
	"description": "",
	"speed": 1,	
	"drag":0.05,"accel":0.1,
	"rotateSpeed":1,
	"ammoType":{
	"type":"PowerAmmoType",
	"totalPower":100},
	"ammoCapacity": 300,
	    "health": 10500,
	"hitSize":8, 
	"flying": true,
	"faceTarget": true
	"itemCapacity": 0,
	"engineOffset": 0
	"engineSize": 0
		"weapons":[{
		"targetAir" :true,
	"targetGround": false,
			"name": "激光炮",
			"reload":4.8,
			"recoil": 0,
			"x": 0,
			"y": -4,
			"rotate": true,
			"rotateSpeed": 5,
			"mirror": true,
			"inaccuracy": 0,
			//"ejectEffect": "lightningShoot",
			"shootSound": "无",
			"alternate": true,
			"shoot":{
		"firstShotDelay":30
	},
			"bullet": {
			"type": "PointBulletType",
			//"smokeEffect": "lightningShoot",
			"trailEffect": {
				"type": "ParticleEffect",
				"particles": 1,
				"baseLength": 0,
				"lifetime": 5,
				"line": true,
				"randLength": false,
				"lenFrom": 11,
				"lenTo": 11,
				"strokeFrom": 7,
				"strokeTo": 0,
				"colorFrom": "DEEDFFFF",
				"colorTo": "DEEDFFFF",
				"cone": 0
			},
			"collidesAir": true
    "collidesGround": true,
			"damage":25
			"trailSpacing": 8,
			"hitShake": 6,
			"speed": 7,
			"pierceArmor": true,
			"lifetime": 40,
			}
		"recoil":0
		}
]
"research": "",
    "researchCostMultiplier": 1
}
