{
	"type": "Conveyor",
	"name": "荧羽传送带",
	"description": "利用荧羽石的能量进行运输，如果被摧毁，能量将会溢出，产生无法逆转的损失，单位将会感到撕裂般的痛苦",
	"health": 100,
	"requirements": [
	{"item": "玄钢", "amount": 2},
	{"item": "有机玻璃", "amount":2},
	{"item": "荧羽石", "amount": 1}
	],
	  "destroyBullet": {
        "pierce": true,
        "splashDamageRadius":50,
        "pierceBuilding":true,
        "hittable":false,
        "reflectable":false,
        "status":"撕裂",
        "statusDuration": 514,
        "splashDamage":114,
        "despawnEffect":"none",
        "width": 0,
        "height": 0,
        "speed": 0,
        "lifetime": 1,
        "hitSound": "BZ"
      	"hitEffect":{
        "effect": "dynamicSpikes",
        "rotation": 50,
        "color": "ECECECEFF",
        "type": "WrapEffect"} }
	"category":"distribution",
	"research":"幻钛钢传送带",
	"speed":1,
	"displayedSpeed": 100,
	"itemCapacity":6,
}