{
    "type": "ItemBridge",
    "name": "荧羽传送带桥",
    "description": "更远更快",
    "health": 240,
    "range": 24,
    "transportTime": 1,
    "hasPower": true,
    "consumes":{
    "power":1
    }
    "requirements": [
       {
            "item": "幻钛钢",
            "amount": 15
        },
        {
            "item": "silicon",
            "amount": 30
        },
        {
            "item": "荧羽石",
            "amount": 5
        },
    ],
    "category": "distribution",
    "research": "幻钢带桥"
}