{
	"name": "小型质量驱动器",
	"description": "短距离发送物品包，将其发射到另一个微型质量驱动器中。\n \n[green][纪元技术物流装置]",
	"type": "MassDriver",
	"size": 1,
	"hasItems": true,
	"itemCapacity": 24,
	"reload": 100,
	"range": 136,
	"consumes": {
		"power": 0.5
	},
	"requirements": [
	{ "item": "奇思妙想-铜钛合金", "amount": 45 },
	{ "item": "silicon", "amount": 35 },
	{ "item": "titanium", "amount": 60},
	],
	"research": {
	"parent":"奇思妙想-铅带"
	"objectives": [
            {
				"type": "SectorComplete",
				"preset": "saltFlats"
			}
	]
	}
	"category": "distribution"
}