{
	"type": "ItemBridge",
	"name": "钻石带桥",
	"description": "远距离传送物品，更快，更远",
	"health": 160,
	"range": 40,
    "transportTime":1,	
    "displayedSpeed": 480
    "consumes": {"power": 0.5},
	"requirements": [
	{ "item": "titanium", "amount": 25 },
	{ "item": "silicon", "amount": 16 },
	{ "item": "phase-fabric", "amount":  10},
	{ "amount": 5, "item": "钻石" }
	{"item": "二级建筑许可"，"amount": 10}
	{ "amount": 120, "item": "plastanium" }
	],
	"category": "distribution",	
	"research": "phase-conveyor"
}