{
	"type": "missile",//类型,导弹
	"controller": "MissileAI",//AI,导弹AI
	"lowAltitude": false,
	"speed": 3.5,//飞行速度
	"rotateSpeed": 9,//转头速度
	"lifetime": 100,//存在时间,1/帧
	"isEnemy": false,//是敌方
	"allowedInPayloads": false,//
	"playerControllable": false,//玩家可以操控
	"physics": false,//治疗？
	"useUnitCap": false,//
	"createWreck": false,//有坠落时间
	"createScorch": false,//可以燃烧
	"flying": true,//可以飞行
	"hidden": false,//隐藏单位
	"health": 180,//血量
	"hitSize": 2,//大小
	"outlineRadius": 0,//边框厚度
	"engineSize": 1,//引擎大小
	"engineLayer": 110,//引擎层数
	"drawCell": false,//画队伍
	"maxRange": 15,//最大范围
	"trailColor": "6994A2FF",//尾迹颜色
	"frontColor": "ECF8FFFF",//中心颜色
	"backColor": "33383FFF",//边缘颜色
	"colorFrom": "ECF8FFFF",
	"colorTo": "33383FFF",
	    "envDisabled": "2"//星球
	"trailLength": 32,//尾迹长度
	    "abilities": [/*能力（如力场防御等） */
        {
    "type":"ForceFieldAbility",/*类型:力场能力 */
    "radius":20,/*半径大小，按8/格算！ */
    "regen": 1,/*再生，力场回血的速度，别过高！ */
    "max": 160,/*力场血量上限 */
    "cooldown": 9000,}/*冷却时间，力场打没了之后重新出现的时间 */
    {"type":"RegenAbility",//自愈
"percentAmount":0,
"amount":0.05,
}
    ]
	"weapons": [
	{"name": "none",
	"shootCone": 360,
	"shootOnDeath": true,
	"controllable": true,
	"shootSound": "none",
	"bullet": {
	"type": "ExplosionBulletType",
	"instantDisappear": true,
	"width": 0,"height": 0,
	"keepVelocity": false,
	"buildingDamageMultiplier":0.8//对建筑伤害增加
	"splashDamageRadius":40,//伤害范围
	"splashDamage":120,//范围伤害
	"killShooter": true,
	"hitEffect": {
	"type": "multiEffect",
	"effects": [
	{"type": "WaveEffect",
	"lifetime": 15,
	"sizeFrom": 0,
	"sizeTo": 30,
	"strokeFrom": 7.5,
	"strokeTo": 0,
	"colorFrom": "A1FB46FF",
	"colorTo": "D0FFA0FF"
	},
	{"type": "ParticleEffect",
	"offset": 30,
	"particles": 10,
	"lifetime": 20,
	"length": 50,
	"interp": "circleOut",
	"sizeInterp": "pow5In",
	"cone": -360,
	"line": true,
	"strokeFrom": 1.5,
	"strokeTo": 1.5,
	"lenFrom": 5,
	"lenTo": 5,
	"lightColor": "D0FFA0FF",
	"colorFrom": "A1FB46FF",
	"colorTo": "D0FFA0FF"
	},
	{"type": "ParticleEffect",
	"offset": 30,
	"particles": 10,
	"lifetime": 25,
	"length": 30,
	"interp": "circleOut",
	"sizeInterp": "pow5In",
	"cone": -360,
	"line": true,
	"strokeFrom": 1.5,
	"strokeTo": 1.5,
	"lenFrom": 7,
	"lenTo": 7,
	"lightColor": "D0FFA0FF",
	"colorFrom": "A1FB46FF",
	"colorTo": "D0FFA0FF"
	}	
	]	
	    
	}
	}	
	}	
	]
}
