{
	"name": "超速天穹",
	//名字
	"description": "以更快的速度提高附近建筑的工作效率，通过“相织布”和“巨浪合金”来启动",
	//介绍
	"type": "OverdriveProjector"
	//方块类型
	"health": 900,
	"size": 4,
	//方块大小
	"range":320,
	//加速范围
	"speedBoost":1.5,
	//基础加速(倍)
	"hasBoost":true
	//可增长(这行完全没有用)
	"speedBoostPhase":2.75,
	"useTime": 60
	//使用时间
	"phaseRangeBoost": 0,
	     "itemCapacity":10,//物品容量
     		"canOverdrive": false,
     		//可加速
    "consumes": {
		"power":16,
        "items":{
			"items":[   
			{"item":"surge-alloy","amount":1 }
			{"item":"phase-fabric","amount":1 },	
			]//使用物品
                "booster":false
			    "optional": false
			    //可选(是不是不需要这玩意也能驱动)
		}
	},
	"requirements": [
		{ "item": "lead", "amount":950}
        { "item": "titanium", "amount":320}
        { "item": "silicon", "amount":780}
        { "item": "plastanium", "amount":580 },
        { "item": "surge-alloy", "amount":360 },
	]//建造需要
	"category": "effect",//分类
	"research":"overdrive-dome"//科技树
}