{
  "name": "电荷",
  "description": "只对空中单位有效",
  "size": 1,
  "range": 130,
  "reload": 20,
  "shootSound": "spark",
  "shootCone": 30,
  "shootType": {
    "type": "LightningBulletType",
    "lightningLength": 16,
    "damage": 10
  },
  "rotateSpeed": 100,
  "consumes": {
    "power": 3.5,
    "coolant": {
      "amount": 0.1 
    }
  },
  "targetAir": true,
  "targetGround": false,
  "heatColor": "ff0000",
  "shootEffect": "lightningShoot",
  "recoil": 1,
  "requirements": [
    {
      "item": "copper",
      "amount": 150
    },
    {
      "item": "lead",
      "amount": 150
    },
    {
      "item": "graphite",
      "amount": 20
    }
  ],
  "category": "turret",
  "type": "PowerTurret",
  "health": 320,
  "research": "mod-gate-turrets"
}
