{
  "name": "闪电",
  "description": "射速快了点，范围多了点",
  "size": 1,
  "range": 130,
  "reload": 13,
  "shootSound": "spark",
  "shootCone": 30,
  "shootType": {
    "type": "LightningBulletType",
    "lightningLength": 18,
    "damage": 4
  },
  "rotateSpeed": 100,
  "consumes": {
    "power": 4,
    "coolant": {
      "amount": 0.1 
    }
  },
  "targetAir": false,
  "targetGround": true,
  "heatColor": "ff0000",
  "shootEffect": "lightningShoot",
  "recoil": 0.5,
  "requirements": [
    {
      "item": "copper",
      "amount": 150
    },
    {
      "item": "lead",
      "amount": 150
    },
    {
      "item": "silicon",
      "amount": 20
    }
  ],
  "category": "turret",
  "type": "PowerTurret",
  "health": 420,
  "research": "air-arc"
}
