{
    "type": "PowerTurret",
    "name": "矛士",
    "description": "非常牛掰，赶紧把你其他对地炮台扔掉换这个",
    "size": 5,
    "health": 2850,
    "reload": 200,
    "heatColor": "ff795e"
    "range": 240,
    "shootCone": 0.08,
    "recoil": 0.7,
    "rotateSpeed": 10,
    "targetAir": false,
    "shootSound": "cavalry-shoot",
    "consumes": {
      "power": 32
    },
    "hasPower": true,
    "displayAmmoMultiplier": false,
    "recoil": 3,
    "recoilTime": 180,
    "shake": 1.1,
    "shootEffect": {
        "type": "MultiEffect",
        "effects": [
            {
                "type": "WaveEffect",
                "colorFrom": "66B1FF",
                "colorTo": "E4FDFF",
                "sizeFrom": 10,
                "sizeTo": 0,
                "lifetime": 199
            }
        ]
    },
    "shootType": {
        "type": "BasicBulletType",
        "speed": 5,
        "spin": 8,
        "pierce": true
        "lifetime": 48,
        "frontColor": "E4FDFF",
        "backColor": "66B1FF",
        "trailColor": "66B1FF",
        "damage": 1880,
        "homingPower": 0.10,
        "despawnHit": false,
        "despawnShake": 0.03,
        "homingRange": 150,
        "width": 25,
        "height": 20,
        "hitSize": 25,
        "shrinkY": 0,
        "hittable": false,
        "shrinkX": 0,
        "absorbable": false,
        "reflectable": false,
        "status": "burning",
        "statusDuration": 200,
        "status": "shocked",
        "statusDuration": 200,
        "lightning": 6,
        "lightningCone": 360,
        "lightningLength": 6,
        "lightningDamage": 145
        "hitEffect": {
            "type": "MultiEffect",
            "effects": [
                {
                    "type": "WaveEffect",
                    "colorFrom": "E4FDFF",
                    "colorTo": "66B1FF",
                    "sizeFrom": 25,
                    "sizeTo": 0
                },
                {
                    "type": "WaveEffect",
                    "colorFrom": "66B1FF",
                    "colorTo": "E4FDFF",
                    "sizeFrom": 0,
                    "sizeTo": 12.5
                }
            ]
        }
    },
    "requirements": [
        "copper/1500",
        "lead/500",
        "graphite/600",
        "silicon/550",
        "surge-alloy/575"
    ],
    "category": "turret",
    "research": "mega-meltdown"
}
