{
"name":"冷却液抽取机" ,
"description":"能够从深处掘少量冷却液",
"type": "SolidPump",
"health": 350,
"size": 3,
"floating":true,
"hasPower": true,
"hasLiquids": true,
"liquidCapacity": 20,
	"requirements": [
	    {"item": "copper", "amount": 85},
		{"item": "graphite", "amount": 90},
		{ "item": "silicon", "amount": 80 }
		{"item": "metaglass", "amount":85},
		{"item": "plastanium", "amount":45}
],
"consumes": { "power": 8},
"pumpAmount": 0.055,
"rotateSpeed": 0.75,
"result":"cryofluid",
"baseEfficiency": 0.5,
"attribute": "water",
"category": "production",
//"research": "water-extractor"
}