{
    "name": "大型抽水机",
    "type": "SolidPump",
    "description": "用巨大动力抽出地下的水，用石墨过滤以保证工业上水一定的纯净度。",
    "itemCapacity": 12,
    "health": 500,
    "size": 3,
    "hasPower": true,
    //需求电力
    "hasLiquids": true,
    "hasItems": true,
    "craftTime": 60,
    "floating":true,
    "consumes": {
    //输入
        "power": 12
        //电力（输入数值将*60）
    },
    "liquidCapacity": 24,
    //液体容量
    "requirements": [
    //建造需求
        {
            "item": "copper",
            //物品:铜
            "amount": 75
            //需求数量
        },
        {
            "item": "metaglass",
            //物品:玻璃
            "amount": 55
            //需求数量
        },
        {
            "item": "silicon",
            //物品:硅
            "amount": 85
            //需求数量
        },
        {
            "item": "lead",
            //物品:铅
            "amount": 125
            //需求数量
        }
        { "amount": 250, "item": "graphite" }
        { "amount": 140, "item": "titanium" }
    ],
"pumpAmount": 0.4,
"rotateSpeed": 2,
"result":"water",
"baseEfficiency": 1,
"attribute": "water",
"category": "production",
//"research": "water-extractor"
}