{
"name":"石油抽取机" ,
"description":"能够从深处掘少量石油",
"type": "SolidPump",
"health": 350,
"size": 2,
"floating":true,
"hasPower": true,
"hasLiquids": true,
"liquidCapacity": 20,
	"requirements": [
	    {"item": "copper", "amount": 85},
		{"item": "graphite", "amount": 90},
		{ "item": "silicon", "amount": 80 }
		{"item": "metaglass", "amount":85},
		{"item": "plastanium", "amount":15}
],
"consumes": { "power": 5},
"pumpAmount": 0.055,
"rotateSpeed": 0.75,
"result":"oil",
"baseEfficiency": 0.7,
"attribute": "oil",
"category": "production",
//"research": "water-extractor"
}