{
    //"type":"Conveyor"
	"name":"合金管道",
	"description":"合金材质使它可以更加快速的运输物品",
	"details":"四倍速！这可以创造很高的运力",
	"health":100,
	"armor":2,
	"requirements": [
	    "金/1",
	    "铁/1",
	    "安山合金/1"
	    ]
		"research": {
		"parent": "黄铜管道",
		"requirements": [
			"金/1000",
			"铁/1000",
			"安山合金/1000"
		]
		"objectives": [
			{
				"type": "SectorComplete",
				"preset": "卫星前哨"
			},
		],
	},
	"category": "distribution",
	"speed":3,
	"bridgeReplacement":"合金运输桥",//默认桥
    "junctionReplacement":"合金交叉器",//默认交叉器
	"placeableLiquid":true,
	//能否在液体上构建
	"requiresWater":false,
	//是否只能在水上
}