{
//	"type": "ItemBridge",//类型,带桥
	"size":1,//平方大小
	"range":9,//范围
	"category": "distribution",//菜单栏
	"name": "合金运输桥",//名字
	"description": "跨越地形向前运输物品",//介绍
	"research": {
	"parent":"合金管道"
	"requirements":[
        "金/120",
        "铁/120"
        ]//前置科技树
        }
	"alwaysUnlocked":false,//科技树默认解锁
	"health":120//血量
	"hasPower": false,
	"itemCapacity":25,
	"arrowSpacing":8,
    "bufferCapacity":20,
	"requirements": [//建造消耗
		"金/3"
		"铁/3"
	],
	"transportTime": 3,//运输速度
}