{
	//"type": "OverflowGate",//类型,溢流门
	"size":1,//平方大小
	"invert":false,//反向
	"category": "distribution",//菜单栏
	"name": "废料溢流门",//名字
	"description": "当前方已经填满则向侧面运输物品",//介绍
	"details":"根据母星的反物质溢流门做的猴版溢流门，但速度好像都一样，让我一度怀疑母星是不是大材小用"
	"research": "废料交叉器"//前置科技树
	"alwaysUnlocked":false,//科技树默认解锁
	"health":40//血量
	//"regionRotated":1,//区域旋转
	"requirements": [//建造消耗
		{ "item":"废料","amount":2},
		 ]
}