{
    //"type":"Conveyor"
	"name":"废料传送带",
	"description":"由废料制成的传送带，便宜量大，但由于材料限制，只能以极慢的速度向前运输物品",
	"details":"前文明留下的科技之一，这说明了前文明的衰亡及其当时科技的落后和科技链的断裂",
	"health":20,
	"armor":2,
	"requirements": [
	    "废料/1",
	    ]
		"research": {
		"parent": "一阶废料核心",
    "requirements":[
        "废料/20",
        ]
	},
	"category": "distribution",
	"speed":0.05,
	"displayedSpeed":3,
	//显示的速度
		"bridgeReplacement":"废料运输桥",//默认桥
    "junctionReplacement":"废料交叉器",//默认交叉器
	"placeableLiquid":true,
	//能否在液体上构建
	"requiresWater":false,
	//是否只能在水上
}