{
//	"type": "Sorter",//类型,分类器
	"size":1,//平方大小
	"invert":true,//反向
	"category": "distribution",//菜单栏
	"name": "废料反向分类器",//名字
	"description": "将选中的物品向两侧输出，否则直接通过",//介绍
	"details":"交叉器的平替"
	"research": {
	"parent":"废料分类器",
	"requirements":[
        "废料/20",
        ]//前置科技树
        }
	"alwaysUnlocked":false,//科技树默认解锁
	"health":40,//血量
	//"regionRotated":1,//区域旋转
	"solid":false,//实体
	"center":true,
	"requirements": [//建造消耗
		"废料/2"
		]
	"speed": 0.05,//运输速度
	"displayedSpeed":3,//显示速度
}