{
	//"type": "Sorter",//类型,溢流门
	"size":1,//平方大小
	"invert":false,//反向
	"category": "distribution",//菜单栏
	"name": "废料分类器",//名字
	"description": "只允许选中的物品通过，否则向两侧输出",//介绍
	"details":""
	"research": "废料交叉器"//前置科技树
	"alwaysUnlocked":false,//科技树默认解锁
	"health":40//血量
	//"regionRotated":1,//区域旋转
	"solid":false,//实体
	"center":true,
	"requirements": [//建造消耗
		"废料/2"
		]
	"speed": 0.05,//运输速度
	"displayedSpeed":3,//显示速度
}