{
//	"type": "ItemBridge",//类型,带桥
	"size":1,//平方大小
	"range":7,//范围
	"category": "distribution",//菜单栏
	"name": "黄铜运输桥",//名字
	"description": "跨越地形向前运输物品",//介绍
	"research": {
	"parent":"黄铜管道"
	"requirements":[
        "黄铜/120",
        "铁/120"
        ]//前置科技树
        }
	"alwaysUnlocked":false,//科技树默认解锁
	"health":120//血量
	"hasPower": false,
	"itemCapacity":25,
	"arrowSpacing":8,
    "bufferCapacity":20,
	"requirements": [//建造消耗
		"黄铜/3"
		"铁/3"
			],
	"transportTime": 6,//运输速度
}