{
	"name":"高压",
	"description":"由特殊工艺制造的高压船免疫融化和燃烧"
	"hitSize":10,
	//碰撞箱大小
	"type":"ErekirUnitType"
	//埃里克尔单位类型
    "rotateSpeed":1.3,
    //转身速度
    "itemCapacity":0,
    //载货量
    "canDrown":false,
    //能否被深水淹死
    "buildSpeed":2,
    //建筑速率
    "top":false,
    "type":"naval"
    //海军
    "lowAltitude":true,
    //阴影绘制
    "speed":0.6,
    //移动速度
    "health":450,
    //血量
    "armor":5,
    //装甲
    "trailLength":12,
    //划出的水迹长度 8:1
    "envDisabled": "2",
    "waveTrailX":5,
    "waveTrailY":-5,
    "trailScl":1,
    "immunities":[
        "burning",
        "melting",
        ],
	"weapons":[
		{
		    "name":"高压脉冲炮"
			"mirror":false,
			"x":0,
			"y":0,
			"reload":120,
			"shootSound":"lasershoot",
			"alternate":false
			"ejectEffect":"none"		
			"recoil":2,
			"shoot":{
				"shots":2,
				"shotDelay":25
			}
			"rotate":true,
			"bullet":{
    		"type":"LaserBoltBulletType"
    	    "damage":15,
			"splashDamage":8,
			"splashDamageRadius":60
			"speed":7,
		    "lifetime":30,
		    "width":7,
		    "length":8,
    	    "collidesTeam":true
    		"frontColor":"C3FFD6FF"
    		"healPercent":8
    		"backColor":"61FF93FF"
				}
				}
				]
				"research":"极船制造厂"
				}
		