{
	"type":"tank",//类型
	"name":"压制",//名字
	"description":"向敌人快速发射伤害较低的弹药，而且越打越快。",//介绍
	"details":"“火力压制”"
	"squareShape":true//方形影子
	"omniMovement":false//同时移动（诡异漂移）
	"rotateMoveFirst":false//机械转动移动
	"rotateSpeed":2//履带速度
	"treadPullOffset":2//履带拉力
	"rotateSpeed":3.6//转头速度
	"research":"磐岩",//科技树前置
	"health":655,//血量
	"armor":4,//防御
	"speed":0.55,//速度
	"hitSize":12,
	"itemCapacity":0,//物品容量
	"range":160
	"weapons":[{//武器
		"name":"压制炮",//武器贴图
		"mirror":false
		"rotate": true,//转向
		"rotateSpeed":7,//转向速度
		"reload":90,//攻速
		"x":0,"y":0,//位置
		"shootX":-0
		"shootY":-0.08
		"top": false,//旋转
		"ejectEffect":"casing1",//攻击特效
		"shootSound":"shoot"
"shoot":{
    "type":"shootBarrel",
    "shots":7,
    "shotDelay":40,
}
		"bullet": {//子弹
			"type":"BasicBulletType",//类型
			"inaccuracy":2,//不准确度
			"damage":11,//单体伤害
			"speed":4.5,//速度
			"trailLength": 6,//尾迹长
            "trailWidth": 2,//尾迹宽
            "trailColor":"ffce7b",//尾迹颜色
			"width":10,"height":10,//宽长度
			"lifetime":33,//存在时间
			"backColor":"ffce7b",
			//子弹边缘颜色
			"frontColor":"FFF7DDFF",
			//子弹中心颜色
			"shootEffect":"shootSmall"}}]
}