{
	"type": "UnitFactory",
	"name": "后勤舰船坞",
	"description": "一座小型船坞，用于生产小型后勤船只",
 "health":2500,
 "size":3
 "buildCostMultiplier":0.75
	"consumes":{
	"power":15
	},
	"plans":[
		{ "unit": "拾荒者级", "time": 2400, "requirements": [
		{ "item": "金属", "amount": 80 }
		{ "item": "晶体", "amount": 50 }
		{ "item": "计算芯片", "amount": 50 }
		] },
		{ "unit": "调停者级", "time": 2400, "requirements": [
		{ "item": "金属", "amount": 80 }
		{ "item": "晶体", "amount": 50 }
		{ "item": "计算芯片", "amount": 50 }
		] },
		{ "unit": "耐特恒罗级", "time": 2400, "requirements": [
		{ "item": "金属", "amount": 80 }
		{ "item": "晶体", "amount": 50 }
		{ "item": "计算芯片", "amount": 50 }
		] },
    ],
	"requirements": [
		{ "item": "金属", "amount": 350}
		{ "item": "B76钢", "amount": 240 }
		{ "item": "晶体", "amount": 240 }
		{ "item": "计算芯片", "amount": 240 }
	],
	"category":"units",
	"research":"C2-3"
}