{
	"type": "UnitFactory",
	"name": "机库",
	"description": "一座战斗机机库，用于生产各类战斗机和无人机",
 "health":2000,
 "size":3
 "buildCostMultiplier":0.75
	"consumes":{
	"power":10
	},
	"plans":[
 	{ "unit": "雷霆I型", "time": 300, "requirements": [
 	] },
		{ "unit": "赤凰战机", "time": 1200, "requirements": [
		{ "item": "金属", "amount": 50 }
		{ "item": "晶体", "amount": 30 }
		{ "item": "计算芯片", "amount": 30 }
		] },
		{ "unit": "雷云战机", "time": 1200, "requirements": [
		{ "item": "金属", "amount": 50 }
		{ "item": "晶体", "amount": 30 }
		{ "item": "计算芯片", "amount": 30 }
		] },
    ],
	"requirements": [
		{ "item": "金属", "amount": 240}
		{ "item": "B76钢", "amount": 175 }
		{ "item": "晶体", "amount": 175 }
		{ "item": "计算芯片", "amount": 175 }
	],
	"category":"units",
	"research":"C2-14"
}