{
	"type": "UnitFactory",
	"name": "驱逐舰船坞",
	"description": "一座小型船坞，用于生产驱逐舰级船只"
 "health":15000,
 "size":5
 "buildCostMultiplier":0.75
	"consumes":{
	"power":50
	},
	"plans":[
		{ "unit": "泰龙级", "time": 5400, "requirements": [
		{ "item": "金属", "amount": 240}
		{ "item": "B76钢", "amount": 150 }
		{ "item": "晶体", "amount": 150 }
		{ "item": "聚合物", "amount": 150 }
		{ "item": "计算芯片", "amount": 150 }
		] },
		{ "unit": "远征级", "time": 5400, "requirements": [
		{ "item": "金属", "amount": 240}
		{ "item": "B76钢", "amount": 150 }
		{ "item": "晶体", "amount": 150 }
		{ "item": "聚合物", "amount": 150 }
		{ "item": "计算芯片", "amount": 150 }
		] },
		{ "unit": "毒液级", "time": 5400, "requirements": [
		{ "item": "金属", "amount": 240}
		{ "item": "B76钢", "amount": 150 }
		{ "item": "晶体", "amount": 150 }
		{ "item": "聚合物", "amount": 150 }
		{ "item": "计算芯片", "amount": 150 }
		] },
		{ "unit": "大刀级", "time": 5400, "requirements": [
		{ "item": "金属", "amount": 240}
		{ "item": "B76钢", "amount": 150 }
		{ "item": "晶体", "amount": 150 }
		{ "item": "聚合物", "amount": 150 }
		{ "item": "计算芯片", "amount": 150 }
  ] },
    ],
	"requirements": [
		{ "item": "金属", "amount": 750}
		{ "item": "B76钢", "amount": 500 }
		{ "item": "纳米材料", "amount": 250 }
		{ "item": "晶体", "amount": 450 }
		{ "item": "聚合物", "amount": 450 }
		{ "item": "计算芯片", "amount": 450 }
		{ "item": "星核", "amount": 300}
			
	],
	"category":"units",
	"research":"C3-1"
}