{
    "health": 2100,
    "armor": 9,
    "details": "增程弹药与集束分裂弹头，使用小型“星环”导弹\nbyd还想把你那破防线修在核心旁边呢？信不信你鲸爷两炮给你秒了",
    "abilities": [
        {
            "type": "ShieldRegenFieldAbility",
            "amount": 35,
            "max": 100,
            "reload": 240,
            "range": 120,
            "activeEffect": {
                "type": "WaveEffect",
                "lifetime": 35,
                "sizeFrom": 16,
                "sizeTo": 240,
                "strokeFrom": 10,
                "strokeTo": 0,
                "colorFrom": "76D0810A",
                "colorTo": "76D08100"
            }
        }
    ],
    "weapons": [
        {
            "name": "死神1",
            "reload": 94.6,
            "x": 0,
            "y": -3.5,
            "shootY": 8,
            "recoil": 0,
            "mirror": false,
            "rotate": true,
            "rotateSpeed": 2.5,
            "inaccuracy": 0,
            "shake": 2,
            "ejectEffect": "casing3",
            "shootSound": "artillery",
            "bullet": {
                "type": "ArtilleryBulletType",
                "speed": 4.2,
                "lifetime": 80,
                "knockback": 1.6,
                "status": "blasted",
                "hitEffect": "massiveExplosion",
                "despawnEffect": "flakExplosionBig",
                "smokeEffect": "shootBig",
                "damage": 40,
                "splashDamage": 83,
                "splashDamageRadius": 47,
                "buildingDamageMultiplier": 1.5,
                "width": 12,
                "height": 16,
                "fragBullets": 4,
                "fragLifeMin": 0.2,
                "fragVelocityMin": 0.7,
                "fragBullet": {
                    "type": "ArtilleryBulletType",
                    "despawnEffect": "massiveExplosion",
                    "status": "blasted",
                    "width": 8,
                    "height": 9,
                    "splashDamageRadius": 30,
                    "splashDamage": 34,
                    "damage": 15,
                    "buildingDamageMultiplier": 1.5,
                    "lifetime": 24,
                    "speed": 1.1
                }
            }
        },
        {
            "name": "巫妖2",
            "reload": 27,
            "shootY": 6,
            "x": 8.5,
            "y": -9,
            "rotate": true,
            "rotateSpeed": 8,
            "shoot": {
				"shots":2,
				"shotDelay": 2
			},
            "inaccuracy": 5,
            "ejectEffect": "casing2",
            "shootSound": "missile",
            "alternate": true,
            "bullet": {
                "type": "MissileBulletType",
                "speed": 5.4,
                "lifetime": 48,
                "damage": 17,
                "splashDamageRadius": 27,
                "splashDamage": 27,
                "homingPower": 0.04,
                "homingRange": 60,
                "weaveScale": 4.5,
                "weaveMag": 4.5,
                "collidesTiles": "true",
                "collides": "true",
                "hitEffect": "blastExplosion"
            }
        }
    ]
}