{
    "health": 45000,
    "armor": 20,
    "rotateSpeed": 1,
    "details": "使用新型轨道炮，加装鱼雷发射器，安装护盾发生器，更快构建星辉单位",
    "abilities": [
        {
            "type": "ShieldRegenFieldAbility",
            "amount": 60,
            "max": 240,
            "reload": 180,
            "range": 140,
            "activeEffect": {
                "type": "WaveEffect",
                "lifetime": 35,
                "sizeFrom": 0,
                "sizeTo": 140,
                "strokeFrom": 10,
                "strokeTo": 0,
                "colorFrom": "76D0810A",
                "colorTo": "76D08100"
            }
        },
        {
            "type": "UnitSpawnAbility",
            "unit": "flare",
            "spawnX": 19.25,
            "spawnY": -31.75,
            "spawnTime": 600
        },
        {
            "type": "UnitSpawnAbility",
            "unit": "flare",
            "spawnX": -19.25,
            "spawnY": -31.75,
            "spawnTime": 600
        }
    ],
    "weapons": [
        {
            "name": "海神轨道炮",
            "reload": 155,
            "x": 0,
            "y": 0,
            "shootY": 10,
            "cooldownTime": 90,
            "rotate": true,
            "rotateSpeed": 4,
            "mirror": false,
            "inaccuracy": 0,
            "shoot": {
				"shots":2,
				"shotDelay": 5
			},
            "shootSound": "railgun",
            "shake": 8,
            "bullet": {
                "type": "RailBulletType",
                "damage": 1350,
                "pierce": true,
                "pierceBuilding": true,
                "pierceEffect": "railHit",
                "pointEffect": "railTrail",
                "hitEffect": "massiveExplosion",
                "shootEffect": "railShoot",
                "smokeEffect": "smokeCloud",
                "pierceDamageFactor": 0.2,
                "length": 624,
                "despawnEffect": "bigShockwave"
            }
        },
        {
            "name": "潜螺1",
            "mirror": false,
            "reload": 105,
            "x": 0,
            "y": 0,
            "shoot": {
                "shotDelay": 6,
                "shots": 4
            },
            "shootCone": 30,
            "shootSound": "mineDeploy",
            "rotate": true,
            "rotateSpeed": 8,
            "inaccuracy": 15,
            "velocityRnd": 0.05,
            "bullet": {
                "type": "BasicBulletType",
                "damage": 33,
                "splashDamageRadius": 43,
                "splashDamage": 97,
                "weaveMag": 5,
                "weaveScale": 4,
                "homingRange": 300,
                "homingDelay": 8,
                "homingPower": 0.12,
                "absorbable": false,
                "collidesAir": false,
                "collideFloor": true,
                "shootEffect": "none",
                "smokeEffect": "none",
                "hitSound": "plasmaboom",
                "hitEffect": "flakExplosionBig",
                "despawnEffect": "none",
                "sprite": "mine-bullet",
                "trailLength": 8,
                "trailWidth": 3,
                "trailRotation": true,
                "hitSize": 26,
                "shrinkX": 0,
                "shrinkY": 0,
                "width": 16,
                "height": 16,
                "drag": -0.024,
                "speed": 3.8,
                "lifetime": 52
            }
        }
    ]
}