
{
    "type": "ItemTurret",  // 实体类型：物品炮塔（定义该建筑为可放置的炮塔类物品）
    "name": "发散",    // 炮塔名称：游戏内显示的中文名称
    "description": "一个酷似冰雹的炮塔",  // 描述：游戏内对该炮塔的功能/特性说明
    "health": 400,         // 生命值：炮塔的耐久度，降至0时被摧毁
    "size": 1,             // 尺寸：炮塔占地面积（1格，单位为游戏内格子）
    "range": 280,         // 射程：炮塔可攻击的最大距离（单位为游戏内距离单位）
    "reload": 100,          // 装填时间：每次攻击间隔的冷却时间（单位为游戏内时间单位）
    "maxAmmo": 30,         // 最大弹药量：炮塔可储备的弹药上限
    "shootSound": "发散",  // 射击音效：攻击时播放的音效文件名
    "consumes": {
        "coolant": {
            // 消耗冷却剂的量为0.2
            "amount": 0.1,
            // 可选择是否消耗（非必须消耗）
            "optional": false
        }
    },
    "shoot": {             // 射击参数：单次攻击的子弹配置
        "shots": 2,       // 单次发射数量：每次攻击发射40发子弹
        "shotDelay": 30    // 子弹间隔：发射的25发子弹无时间间隔（瞬间齐射）
    },
    "ammoUseEffect": "casing2",  // 弹药使用特效：发射时生成名为“casing2”的弹壳f落特效
    "ammoPerShot": 5,            // 每发消耗弹药：每次攻击（40发子弹）共消耗2单位弹药
    "targetGround": true,        // 地面目标：可攻击地面敌人
    "targetAir": false,           // 空中目标：可攻击空中敌人（即全地形攻击）
    "inaccuracy": 2,            // 攻击散布：子弹弹道的随机偏移程度（数值越高越不准）
    "ammoTypes": {               // 弹药类型配置：不同弹药对应不同的子弹属性
        "精致石墨": {                // 适配弹药1：石头（使用该弹药时的子弹设定）
            "type": "BasicBulletType",  // 子弹类型：基础物理子弹（受物理规则影响）
            "speed": 4,                 // 子弹速度：飞行速度（单位为游戏内速度单位）
            "damage": 35,               // 单发伤害：每发子弹造成13点伤害
            "knockback": 0.5,           // 击退力度：命中敌人时造成的击退效果强度
            "lifetime": 60,           // 子弹寿命：子弹飞行11.6单位时间后消失（未命中时）
            "width": 10,                // 子弹宽度：碰撞判定与视觉的宽度（单位为像素）
            "height": 13,               // 子弹高度：碰撞判定与视觉的高度（单位为像素）
            "recoil": 2,              // 后坐力：发射时对炮塔产生的后坐力（影响炮塔旋转稳定性）
            "hitColor": "6BA0F5CD",     // 命中颜色：子弹命中目标时的闪光颜色（ARGB格式，此处为白色）
            "trailColor": "6BA0F5CD",   // 弹道轨迹颜色：子弹飞行时留下的轨迹颜色（紫色系）
            "trailWidth": 3,            // 轨迹宽度：弹道轨迹的像素宽度
            "trailLength": 4,           // 轨迹长度：弹道轨迹保留的帧数/段数
            "frontColor": "476584CD",   // 子弹前端颜色：子弹视觉效果的前端颜色（白色）
            "backColor": "476584CD",    // 子弹后端颜色：子弹视觉效果的后端颜色（紫色系）
            "hitEffect": "lightningShoot",        // 命中特效：子弹命中时无额外特效
            "despawnEffect":"burning",  // 消失特效：子弹未命中消失时，生成“燃烧”特效
            "shootEffect":"overdriven"  // 射击特效：发射时生成“过载”风格的视觉特效
        },
        "劣质硅": {                // 适配弹药1：石头（使用该弹药时的子弹设定）
            "type": "BasicBulletType",  // 子弹类型：基础物理子弹（受物理规则影响）
            "speed": 4,                 // 子弹速度：飞行速度（单位为游戏内速度单位）
            "damage": 25,               // 单发伤害：每发子弹造成13点伤害
            "knockback": 0.5,           // 击退力度：命中敌人时造成的击退效果强度
            "lifetime": 80,           // 子弹寿命：子弹飞行11.6单位时间后消失（未命中时）
            "width": 10,                // 子弹宽度：碰撞判定与视觉的宽度（单位为像素）
            "height": 13,               // 子弹高度：碰撞判定与视觉的高度（单位为像素
            "recoil": 1,              // 后坐力：发射时对炮塔产生的后坐力（影响炮塔旋转稳定性）
            "hitColor": "6BA0F5CD",     // 命中颜色：子弹命中目标时的闪光颜色（ARGB格式，此处为白色）
            "trailColor": "6BA0F5CD",   // 弹道轨迹颜色：子弹飞行时留下的轨迹颜色（紫色系）
            "trailWidth": 3,            // 轨迹宽度：弹道轨迹的像素宽度
            "trailLength": 4,           // 轨迹长度：弹道轨迹保留的帧数/段数
            "frontColor": "476584CD",   // 子弹前端颜色：子弹视觉效果的前端颜色（白色）
            "backColor": "476584CD",    // 子弹后端颜色：子弹视觉效果的后端颜色（紫色系）
            "hitEffect": "lightningShoot",        // 命中特效：子弹命中时无额外特效
            "despawnEffect":"burning",  // 消失特效：子弹未命中消失时，生成“燃烧”特效
            "shootEffect":"overdriven"  // 射击特效：发射时生成“过载”风格的视觉特效
        },}
    "rotateSpeed": 2,            // 旋转速度：炮塔追踪敌人时的转向速度（数值越高转向越快）
    "requirements": [            // 建造需求：制作该炮塔需要的材料
        {"item": "青铜矿石", "amount": 35},   // 材料1：15单位石头
        {"item": "劣质硅", "amount": 25} // 材料2：5单位回忆碎片
    ],
    "category": "turret",        // 分类：属于“炮塔”类别（游戏内用于归类显示）
    "researchCostMultiplier": 0.3,  // 研发成本倍率：解锁该炮塔的研发资源消耗为基础值的0.3倍（低成本研发）
    "research": "冰封盆地"       // 研发前提：需要先解锁“回忆碎片”相关的研发项目，才能研发该炮塔
}