
{
    "type": "ItemTurret",
    "name": "撕破",
    "description": "为应对敌方大量先头部队，撕破采用全新技术，内部炸药发射时令子弹破裂成大量弹片，以大范围攻击敌方单位，以减缓敌方对我方的数量压制",
"health": 450,  // 生命值
    "size": 2,  // 占用2x2格
    "range": 180,  // 射程
    "reload": 50,  // 装填时间
    "maxAmmo": 40,  // 最大弹药容
    // 射击参数
    "shoot": {  
        "shots": 10,  // 每次射击2发
        "shotDelay": 1  // 每发间隔2.7帧
    },
    // 弹药系统
    "targetGround": true,  // 可攻击地面目标
    "targetAir": true,  // 可攻击空中目标
    "inaccuracy": 20,  // 散布3.5度
    "shootSound": "撕破",  // 音效
    
    // 弹药类型配置
 "ammoTypes": {  // 弹药类型定义容器
    	"青铜矿石": {
		"speed": 5,
            "damage": 15,
            "lifetime": 30,
            "width": 3,
            "height": 3,
            "ammoMultiplier": 1,
            "shootEffect": "lancerLaserCharge",
            "trailColor": "8ED783FF",
            "trailWidth": 4,
            "trailLength": 12,
            "hitColor": "8ED783FF",
            "buildingDamageMultiplier": 4
		    "pierceArmor" : true,
		    // 能够穿透建筑物
            "pierceBuilding": true,
            // 穿透次数为 6
            "pierce": 6,
            "pierce": true,
			"pierceBuilding": true,
			"pierceCap": 4,
		},
    "劣质硅": {
                "type": "ArtilleryBulletType",  // 炮弹类型（可越过障碍）
                "damage": 27,      // 直接命中伤害
                "speed": 4,        // 飞行速度
                "lifetime": 270,    // 存在时间（帧）
                "width": 11,       // 碰撞宽度
                "height": 11,      // 碰撞高度
                "splashDamageRadius": 24,  // 爆炸半径
                "splashDamage": 29,        // 爆炸伤害
    },//子弹复制粘贴就行了  记得改名字   
      "精致石墨": {
                "type": "ArtilleryBulletType",  // 炮弹类型（可越过障碍）
                "damage": 38,      // 直接命中伤害
                "speed": 5,        // 飞行速度
                "lifetime": 250,    // 存在时间（帧）
                "width": 11,       // 碰撞宽度
                "height": 11,      // 碰撞高度
                "splashDamageRadius": 34,  // 爆炸半径
                "splashDamage": 30,        // 爆炸伤害
    },//子弹复制粘贴就行了  记得改名字   
		},
    // 其他属性
    "rotateSpeed": 1.8,  // 炮塔旋转速度2.5
    "requirements": [  // 建造所需材料
        {"item": "青铜矿石", "amount":65},
    ],
    "category": "turret",  // 分类为炮塔
    "researchCostMultiplier": 0.3,  // 研究成本只需30%
    "research": "寒风哨站",  // 前置研究项
    // 绘制配置
    "drawer": {
        "type": "DrawMulti",  // 复合绘制器
        "drawers": [
            {
                "type": "DrawTurret",
                "parts": [
                    {
                        "type": "RegionPart",  // 主炮部分
                        "mirror": false,
                        "x": 0,
                        "y": 0,
                        "suffix": "-1",  // 使用-1后缀的纹理
                        "heatProgress": "recoil",  // 后坐力热效果
                        "heatColor": "#8080FF",  // 淡蓝色热效
                        "progress": "reload",  // 装填动画
                        "moveX": 0,
                        "moveY": 0.2,
                        "moveRot": 0
                    },
                    {
                        "type": "RegionPart",  // 副炮部分
                        "mirror": false,  // 镜像渲染
                        "x": 0,
                        "y": 0.2,
                        "suffix": "-2",  // 使用-2后缀的纹理
                        "moveX": 0,  // X轴偏移
                        "moveY": -0.3,  // Y轴偏移（向上）
                        "moveRot": 0, // 转偏移
                    },
                ],
            },
        ],
    },
}
//ai整的  或者其他模组😅