{
    "type": "ItemTurret",  // 定义这是一个物品型炮塔
    "name": "爆散",  // 炮塔名称
    "description": "基于分裂上改良射击误差，令子弹更集中，其改良型的弹片有效打击前期普通空中单位[red]高射炮放平，军事法庭，这个炮塔其实也可以对地",  // 带颜色代码和彩蛋的描述
    "health": 300,  // 生命值
    "size": 2,  // 占用2x2格
    "range": 200.00,  // 射程210
    "reload": 31,  // 装填时间40帧
    "maxAmmo": 25,  // 最大弹药容量
    "consumes": {  // 消耗系统
        "coolant": {  // 冷却液消耗（可选）
            "amount": 0.4,
            "optional": true
        }
    },
    "ammoTypes":{  // 弹药类型配置总对象，用于定义游戏中不同种类的弹药属性
	 	"青铜矿石":{  // 以“plastanium（塑型钢，游戏内虚构材质）”命名的弹药配置
        "type":"FlakBulletType",  // 弹药基础类型：高射炮子弹类型（具备 fragmentation 碎片分裂特性）
        "speed": 6,  // 子弹飞行速度（数值越高，飞行越快）
        "damage": 5,  // 子弹直接命中目标时造成的基础伤害
        "ammoMultiplier": 4,  // 弹药数量倍率（可能影响单次发射的弹药总量或储备换算）
        "splashDamageRadius": 5,  // 子弹爆炸/命中后的溅射伤害范围（半径单位，范围内目标会受溅射伤害）
        "splashDamage": 40.0,  // 溅射范围内造成的伤害值（通常低于直接命中伤害）
        "collides":true,  // 子弹是否与其他实体（如敌方单位、友方单位）发生碰撞
        "collidesGround":false,  // 子弹是否与地面发生碰撞（碰撞后可能触发爆炸/停止飞行）
        "hitSize":4,  // 子弹的碰撞判定尺寸（数值越大，越容易命中目标）

        "fragBullets": 16,  // 该高射炮子弹命中/爆炸后分裂出的碎片子弹数量
        "fragBullet": {  // 分裂出的“碎片子弹”具体属性配置
        "type": "BasicBulletType",  // 碎片子弹类型：基础子弹类型（无额外特殊效果，仅直线飞行）
        "speed": 2,  // 碎片子弹飞行速度（低于母弹，数值为3）
        "damage": 10,  // 碎片子弹直接命中的基础伤害
        "width": 10.00,  // 碎片子弹的宽度（视觉与碰撞判定尺寸相关）
        "height": 12.00,  // 碎片子弹的高度（视觉与碰撞判定尺寸相关）
        "shrinkY": 1.00,  // 碎片子弹在飞行过程中Y轴方向的收缩倍率（1.00表示无收缩）
        "lifetime": 15.00  // 碎片子弹的存活时间（单位通常为游戏帧/秒，超时后子弹消失）
    },
    },
    "劣质硅":{  // 以“plastanium（塑型钢，游戏内虚构材质）”命名的弹药配置
        "type":"FlakBulletType",  // 弹药基础类型：高射炮子弹类型（具备 fragmentation 碎片分裂特性）
        "speed": 5,  // 子弹飞行速度（数值越高，飞行越快）
        "damage": 10,  // 子弹直接命中目标时造成的基础伤害
        "ammoMultiplier": 4,  // 弹药数量倍率（可能影响单次发射的弹药总量或储备换算）
        "splashDamageRadius": 15,  // 子弹爆炸/命中后的溅射伤害范围（半径单位，范围内目标会受溅射伤害）
        "splashDamage": 10.0,  // 溅射范围内造成的伤害值（通常低于直接命中伤害）
        "collides":true,  // 子弹是否与其他实体（如敌方单位、友方单位）发生碰撞
        "collidesGround":false,  // 子弹是否与地面发生碰撞（碰撞后可能触发爆炸/停止飞行）
        "hitSize":6,  // 子弹的碰撞判定尺寸（数值越大，越容易命中目标）

        "fragBullets": 16,  // 该高射炮子弹命中/爆炸后分裂出的碎片子弹数量
        "fragBullet": {  // 分裂出的“碎片子弹”具体属性配置
        "type": "BasicBulletType",  // 碎片子弹类型：基础子弹类型（无额外特殊效果，仅直线飞行）
        "speed": 4,  // 碎片子弹飞行速度（低于母弹，数值为3）
        "damage": 15,  // 碎片子弹直接命中的基础伤害
        "width": 10.00,  // 碎片子弹的宽度（视觉与碰撞判定尺寸相关）
        "height": 12.00,  // 碎片子弹的高度（视觉与碰撞判定尺寸相关）
        "shrinkY": 1.00,  // 碎片子弹在飞行过程中Y轴方向的收缩倍率（1.00表示无收缩）
        "lifetime": 15.00  // 碎片子弹的存活时间（单位通常为游戏帧/秒，超时后子弹消失）
    },
    },
    "精致石墨":{  // 以“plastanium（塑型钢，游戏内虚构材质）”命名的弹药配置
        "type":"FlakBulletType",  // 弹药基础类型：高射炮子弹类型（具备 fragmentation 碎片分裂特性）
        "speed": 8,  // 子弹飞行速度（数值越高，飞行越快）
        "damage": 20,  // 子弹直接命中目标时造成的基础伤害
        "ammoMultiplier": 4,  // 弹药数量倍率（可能影响单次发射的弹药总量或储备换算）
        "splashDamageRadius": 20,  // 子弹爆炸/命中后的溅射伤害范围（半径单位，范围内目标会受溅射伤害）
        "splashDamage": 20.0,  // 溅射范围内造成的伤害值（通常低于直接命中伤害）
        "collides":true,  // 子弹是否与其他实体（如敌方单位、友方单位）发生碰撞
        "collidesGround":false,  // 子弹是否与地面发生碰撞（碰撞后可能触发爆炸/停止飞行）
        "hitSize":6,  // 子弹的碰撞判定尺寸（数值越大，越容易命中目标）

        "fragBullets": 22,  // 该高射炮子弹命中/爆炸后分裂出的碎片子弹数量
        "fragBullet": {  // 分裂出的“碎片子弹”具体属性配置
        "type": "BasicBulletType",  // 碎片子弹类型：基础子弹类型（无额外特殊效果，仅直线飞行）
        "speed": 4,  // 碎片子弹飞行速度（低于母弹，数值为3）
        "damage": 15,  // 碎片子弹直接命中的基础伤害
        "width": 10.00,  // 碎片子弹的宽度（视觉与碰撞判定尺寸相关）
        "height": 12.00,  // 碎片子弹的高度（视觉与碰撞判定尺寸相关）
        "shrinkY": 1.00,  // 碎片子弹在飞行过程中Y轴方向的收缩倍率（1.00表示无收缩）
        "lifetime": 15.00  // 碎片子弹的存活时间（单位通常为游戏帧/秒，超时后子弹消失）
    },
    },}
    "shoot": {  // 射击参数
        "shots": 2,  // 每次射击
        "shotDelay": 10 // 每发间隔3帧
    },
    "ammoUseEffect": "casing2",  // 弹壳抛射效果
    "ammoPerShot": 10,  // 每次射击基础消耗1弹药
    "targetGround": false,  // 可攻击地面目标
    "targetAir": true,  // 可攻击空中目标
    "inaccuracy": 1.5,  // 散布
    "shootSound": "爆散",  // 射击音效
    "rotateSpeed": 4.5,  // 炮塔旋转速度
    "requirements": [  // 建造所需材料
        {"item": "青铜矿石", "amount": 55}, // 铜25
                {"item": "劣质硅", "amount": 40}  // 铜25
    ],
    "category": "turret",  // 分类为炮塔
    "researchCostMultiplier": 0.3,  // 研究成本只需30%
    "research": "冰封盆地",  // 前置研究项目
}
    