{
    "type": "CoreBlock",
    "buildVisibility": "shown",
    "name": "枢纽核心",
    "category": "effect",
    "description": "基地的核心。 装甲优良。 容量比前哨核心更大。",
    "details": "",
    "size": 5,
    "health": 20000,
    "armor": 8,
    "itemCapacity": 20000,
    "hasItems": true,
    "unitCapModifier": 20,
    "unitType": "faab脉序",
    "requirements": [
        "铁/8000",
        "锡/7000",
        "铝/5000",
        "silicon/7000",
        "钢/6000"
    ],
    "research": {
        "parent": "acaa前哨核心",
        "objectives": [
            "acaa前哨核心",
            {
                "type": "SectorComplete",
                "preset": "ac蜿蜒地带"
            }
        ]
    }
}