{
"name": "轮月",
"description": "配备了大型导弹发射器的飞行单位",
"type": "flying",
"armor": 7,
"commandLimit": 6,
"speed": 0.45,
"rotateSpeed": 2.8
"hitSize":34
"lowAltitude": true,
"flying": true,
"turnCursor":true,
"faceTarget": true,
"health": 7000,
"range": 3,
"engineOffset":28
"engineSize":6.4
"weapons": [
{
"name": "轮月1",
"x": 23,
"y": 0,
"shootY": 2
"reload": 140,
"alternate": true,
"top": true,
"rotate": true,
"rotateSpeed": 4,
"xRand":4
"minRange":0.5
"shootSound": "missile",
"shoot": {
"shots":10,
"shotDelay":2
},
"bullet": {
"type":"MissileBulletType"
"speed":6
"lifetime":40
"damage":12
"width": 10
"height": 14
"homingPower":0.068
"homingRange":52
"splashDamageRadius":26
"splashDamage":20
"hitEffect":{
"type": "ExplosionEffect",
"lifetime": 56, 
"waveColor": "FFFDCE50",
"smokeColor": "FFFDCE50",
"sparkColor": "DEDDB150",
"waveLife": 20,
"waveRadBase": 0,
"waveRad": 26
"sparkRad": 32
"smokeSize": 3,
"smokeSizeBase": 1,
"smokeRad": 28,
"smokes": 5,
"sparks": 8
}
}
}
{
"name": "轮月2",
"x": 18,
"y": 14,
"shootY": 8
"reload": 220,
"alternate": true,
"top": true,
"rotate": true,
"rotateSpeed": 4,
"shootSound": "missile",
"predictTarget": false,
"shoot": {
"shots":2,
"shotDelay":18
},
"bullet": {
"spawnUnit": "月相"
}
}
]
}