{
"name": "鳐鱼",
"description": "标准的海上辅助单位，发射带有闪电场的导弹和电磁信号弹辅助我方单位",
"type": "naval",
"buildSpeed":4.5
"trailLength":28,
"trailX":0,
"trailY":-8,
"trailScl":2.8,
"armor": 12,
"commandLimit": 6,
"speed": 0.45,
"rotateSpeed": 0.8
"hitSize":36
"flying": false,
"health": 7600,
"range": 2.5,
"squareShape":true
"omniMovement":false
"rotateMoveFirst":true
"weapons": [
{
"name": "鳐鱼2",
"x": 20,
"y": -10,
"shootY": 12
"reload": 200,
"alternate": true,
"top": true,
"rotate": true,
"rotateSpeed": 2.2,
"shootSound": "missile",
"predictTarget": false,
"shoot": {
"shots":3,
"shotDelay":12
},
"bullet": {
"spawnUnit": "阴云"
}
}
{
"name": "鳐鱼1",
"x": 12,
"y": 14,
"shootY": 6
"reload": 120,
"restitution":0.08,
"cooldown":0.46,
"mirror": true,
"alternate": true,
"top": true,
"rotate": true,
"rotateSpeed": 2.5,
"inaccuracy": 0,
"shootSound": "sap",
"shoot": {
"type":"ShootSpread"
"shots":1,
	}
"bullet": {
"type":"EmpBulletType"
"backColor":"B5FDA4FF"
"frontColor":"B5FDA4FF"
"speed":4
"lifetime":70
"damage":46
"healPercent": 16,
"collidesTeam": true,
"width": 16
"height": 16
"radius":100
"timeIncrease":3
"timeDuration":1200
"unitDamageScl":0.52
"homingPower":0.068
"homingRange":52
"splashDamage":82
"splashDamageRadius":36
"status":"electrified"
"statusDuration":660
"trailChance": -1
"trailWidth": 4
"trailLength": 18
"trailColor": "B5FDA4FF"
"hitEffect":{
    "type": "WaveEffect"
    "lifetime": 8
    "sizeFrom": 0
    "sizeTo": 36
    "colorFrom": "B5FDA4FF"
    "colorTo": "B5FDA4FF"
    "strokeFrom":4
    "strokeTo":1
    "rotation":0
    "sides":14
    }
"fragBullets": 7
    "fragBullet": {
    "type":"EmpBulletType"
    "backColor":"B5FDA4FF"
    "frontColor":"B5FDA4FF"
    "speed":3
    "lifetime":36
    "homingPower":0.068
    "homingRange":42
    "splashDamageRadius":18
    "splashDamage":38
    "damage":32
    "healPercent": 5,
    "collidesTeam": true,
    "width": 8
    "height": 12
    "radius":50
    "timeIncrease":2.5
    "timeDuration":500
    "unitDamageScl":0.58
    "status":"electrified"
    "statusDuration":320
    "trailChance": -1
    "trailWidth": 4
    "trailLength": 18
    "trailColor": "B5FDA4FF"
    "hitEffect":{
"type": "WaveEffect"
"lifetime": 8
"sizeFrom": 0
"sizeTo": 18
"colorFrom": "B5FDA4FF"
"colorTo": "B5FDA4FF"
"strokeFrom":3
"strokeTo":1.2
"rotation":0
"sides":14
    }
    }
}
}
]
}