{
"name": "复兴",
"description": "拥有较高装甲以及修复立场的飞行单位，配备了闪电立场和大型激光发生器",
"type": "flying",
"buildSpeed":8
"buildSpeed":5.8
"armor": 12,
"commandLimit": 6,
"speed": 0.42,
"rotateSpeed": 2.5
"hitSize":42
"lowAltitude": true,
"flying": true,
"turnCursor":true,
"faceTarget": true,
"health": 18200,
"range": 3,
"engineOffset":32
"engineSize":8.4
"weapons": [
{
"name": "遗迹1",
"x": 25,
"y": -8,
"shootY": 6
"reload": 120,
"alternate": true,
"top": true,
"rotate": true,
"rotateSpeed": 3,
"shootSound": "sap",
"shoot": {
"shots":1,
},
"bullet": {
"type":"EmpBulletType"
"backColor":"B5FDA4FF"
"frontColor":"B5FDA4FF"
"speed":6
"lifetime":40
"damage":54
"healPercent": 12,
"collidesTeam": true,
"width": 16
"height": 16
"radius":120
"timeIncrease":3
"timeDuration":660
"unitDamageScl":0.65
"homingPower":0.068
"homingRange":52
"splashDamage":82
"splashDamageRadius":36
"status":"electrified"
"statusDuration":520
"trailChance": -1
"trailWidth": 4
"trailLength": 18
"trailColor": "B5FDA4FF"
"hitEffect":{
    "type": "WaveEffect"
    "lifetime": 8
    "sizeFrom": 0
    "sizeTo": 36
    "colorFrom": "B5FDA4FF"
    "colorTo": "B5FDA4FF"
    "strokeFrom":4
    "strokeTo":1
    "rotation":0
    "sides":14
    }
"fragBullets": 7
    "fragBullet": {
    "type":"EmpBulletType"
    "backColor":"B5FDA4FF"
    "frontColor":"B5FDA4FF"
    "speed":3
    "lifetime":36
    "homingPower":0.068
    "homingRange":42
    "splashDamageRadius":18
    "splashDamage":38
    "damage":32
    "healPercent": 5,
    "collidesTeam": true,
    "width": 8
    "height": 12
    "radius":50
    "timeIncrease":2.5
    "timeDuration":500
    "unitDamageScl":0.58
    "status":"electrified"
    "statusDuration":320
    "trailChance": -1
    "trailWidth": 4
    "trailLength": 18
    "trailColor": "B5FDA4FF"
    "hitEffect":{
"type": "WaveEffect"
"lifetime": 8
"sizeFrom": 0
"sizeTo": 18
"colorFrom": "B5FDA4FF"
"colorTo": "B5FDA4FF"
"strokeFrom":3
"strokeTo":1.2
"rotation":0
"sides":14
    }
    }
}
}
{
"name": "复兴2",
"x": 0,
"y": 0,
"shootY": 2
"reload": 600,
"alternate": true,
"top": true,
"chargeSound": "lasercharge",
"shootSound": "laserblast",
"shoot": {
"shots":1,
"firstShotDelay":100
},
"bullet": {
"type":"LaserBulletType",
"colors":["C9FFBCD3", "B5FDA4FF", "DEF8D8FF"],
"healPercent": 25,
"collidesTeam": true,
"damage":1200,
"width":24
"sideAngle":17,
"sideWidth":6
"sideLength":48
"length":360
"shootEffect": "shockwave"
}
}
]
"abilities": [
{
"type": "EnergyFieldAbility",
"blinkSize":0.8
"damage": 22,
"reload": 126,
"range": 160
"cooldown": 160
"maxTargets":35
"healPercent":5.5
"color":"B5FDA4FF"
},
{
"type": "RepairFieldAbility",
"range": 120,
"amount": 420,
"reload": 200
},
]
}