{
"name": "遗迹",
"description": "拥有一定装甲以及修复立场的飞行单位，配备了闪电立场",
"type": "flying",
"armor": 7,
"commandLimit": 6,
"speed": 0.45,
"rotateSpeed": 2.5
"hitSize":36
"lowAltitude": true,
"flying": true,
"turnCursor":true,
"faceTarget": true,
"health": 6200,
"range": 3,
"engineOffset":21
"engineSize":7.2
"weapons": [
{
"name": "遗迹1",
"x": 24,
"y": 0,
"shootY": 6
"reload": 160,
"alternate": true,
"top": true,
"rotate": true,
"rotateSpeed": 3,
"shootSound": "sap",
"shoot": {
"shots":1,
},
"bullet": {
"type":"EmpBulletType"
"backColor":"B5FDA4FF"
"frontColor":"B5FDA4FF"
"speed":6
"lifetime":40
"damage":42
"healPercent": 12,
"collidesTeam": true,
"width": 16
"height": 16
"radius":120
"timeIncrease":3
"timeDuration":660
"unitDamageScl":0.65
"homingPower":0.068
"homingRange":52
"splashDamage":63
"splashDamageRadius":32
"status":"electrified"
"statusDuration":520
"trailChance": -1
"trailWidth": 4
"trailLength": 18
"trailColor": "B5FDA4FF"
"hitEffect":{
    "type": "WaveEffect"
    "lifetime": 8
    "sizeFrom": 0
    "sizeTo": 32
    "colorFrom": "B5FDA4FF"
    "colorTo": "B5FDA4FF"
    "strokeFrom":4
    "strokeTo":1
    "rotation":0
    "sides":14
    }
"fragBullets": 7
    "fragBullet": {
    "type":"EmpBulletType"
    "backColor":"B5FDA4FF"
    "frontColor":"B5FDA4FF"
    "speed":3
    "lifetime":36
    "homingPower":0.068
    "homingRange":42
    "splashDamageRadius":18
    "splashDamage":32
    "damage":24
    "healPercent": 5,
    "collidesTeam": true,
    "width": 8
    "height": 12
    "radius":50
    "timeIncrease":2.5
    "timeDuration":500
    "unitDamageScl":0.58
    "status":"electrified"
    "statusDuration":320
    "trailChance": -1
    "trailWidth": 4
    "trailLength": 8
    "trailColor": "B5FDA4FF"
    "hitEffect":{
        "type": "WaveEffect"
        "lifetime": 8
        "sizeFrom": 0
        "sizeTo": 18
        "colorFrom": "B5FDA4FF"
        "colorTo": "B5FDA4FF"
        "strokeFrom":3
        "strokeTo":1.2
        "rotation":0
        "sides":14
    }
    }
}
}
]
"abilities": [
{
"type": "RepairFieldAbility",
"range": 90,
"amount": 320,
"reload": 280
},
{
"type": "EnergyFieldAbility",
"damage": 16,
"reload": 126,
"range": 180
"cooldown": 90
"maxTargets":20
"healPercent":4.25
"color":"B5FDA4FF"
},
]
}