{
"name": "闪辉",
"description": "经过特殊改装的耀星机甲，装配了单位制作车间和大型修复器",
"type": "mech",
"armor": 8,
"commandLimit": 6,
"speed": 0.35,
"rotateSpeed": 2
"hitSize":24
"flying": false,
"health": 8000,
"range": 3,
"buildSpeed":5
"weapons": [
{
"name": "闪辉1",
"x": 23,
"y": 0,
"shootY": 8
"reload": 30,
"alternate": true,
"top": false,
"rotate": true,
"rotateSpeed": 4,
"inaccuracy": 0,
"shootSound": "laser",
"shoot": {
"type":"ShootSpread"
	"shots":1,
	}
"bullet": {
"type":"LaserBulletType",
"colors":["C9FFBCD3", "B5FDA4FF", "DEF8D8FF"],
"collidesTeam": true,
"healPercent": 15,
"damage":58,
"sideAngle":17,
"sideWidth":2
"sideLength":48
"length":180
"shootEffect": "shockwave"
}
}
]
"abilities": [
{
"type": "RepairFieldAbility",
"range": 80,
"amount": 220,
"reload": 240
},
{
"type": "UnitSpawnAbility",
"spawnX": -13.5,
"spawnY": -4,
"unit": "pulsar",
"spawnTime": 680
},
{
"type": "UnitSpawnAbility",
"spawnX": 13.5,
"spawnY": -4,
"unit": "pulsar",
"spawnTime": 680
},
]
}