{
"name": "天牛",
"description": "血蛭的改良升级版本，拥有更强大的防御性\n每秒吸血1125别被他近身了",
"type":"legs",
"armor": 8,
"commandLimit": 6,
"speed": 0.4,
"rotateSpeed": 1.5
"hitSize":26
"flying": false,
"health": 8400,
"legCount":6
"legLength":45
"legMoveSpace":1
"rippleScale":1.2
"legSplashDamage":32
"legSplashRange":36
"allowLegStep":true
"weapons": [
{
"name": "天牛1",
"x": 5,
"y": 8,
"shootY": 8
"reload": 12,
"alternate": true,
"top": true,
"rotate": true,
"rotateSpeed": 3.3,
"inaccuracy": 0,
"shootSound": "sap",
"shoot": {
"type":"ShootSpread"
"shots":1,
}
"bullet": {
"type":"SapBulletType"
"length":80
"sapStrength":2.5
"damage":30
"lightOpacity":0.8
"lightColor":"A278E1FF"
"color":"A278E1FF"
"status":"sapped"
"statusDuration":300
}
}
{
"name": "天牛1",
"x": 12,
"y": 4,
"shootY": 8
"reload": 15,
"alternate": true,
"top": true,
"rotate": true,
"rotateSpeed": 3.3,
"inaccuracy": 0,
"shootSound": "sap",
"shoot": {
"type":"ShootSpread"
"shots":1,
}
"bullet": {
"type":"SapBulletType"
"length":80
"sapStrength":2.5
"damage":30
"lightOpacity":0.8
"lightColor":"A278E1FF"
"color":"A278E1FF"
"status":"sapped"
"statusDuration":340
}
}
{
"name": "天牛1",
"x": 16,
"y": 2,
"shootY": 8
"reload": 10,
"alternate": true,
"top": true,
"rotate": true,
"rotateSpeed": 3.3,
"inaccuracy": 0,
"shootSound": "sap",
"shoot": {
"type":"ShootSpread"
"shots":1,
}
"bullet": {
"type":"SapBulletType"
"length":80
"sapStrength":2.5
"damage":30
"lightOpacity":0.8
"lightColor":"A278E1FF"
"color":"A278E1FF"
"status":"sapped"
"statusDuration":200
}
}
{
"name": "天牛2",
"x": 8,
"y": -12,
"shootY": 8
"reload": 220,
"alternate": true,
"top": true,
"inaccuracy": 0,
"shootSound": "shotgun",
"shoot": {
"type":"ShootSpread"
"shots":3,
	}
"bullet": {
"damage": 160,
"width": 8,
"type": "ShrapnelBulletType",
"length": 140,
"serrations": 2
"fromColor": "A278E1FF",
"toColor": "A278E1FF",
"shootEffect": "hitMeltdown",
"hitEffect": "hitMeltdown",
}
}
]
"abilities": [
{
"type": "ForceFieldAbility",
"radius": 60,
"regen": 0.2,
"max": 1200
"cooldown": 120
},
]
}