{
"type":"ItemTurret",
	"name":"叕叕管炮",
    "description":"输出嘎嘎高，耗弹嘎嘎快",
	"size":2,//物品面积
	"health":700,//建筑血量
	"ammoPerShot":1,
	"range":160,//攻击范围
	"reload":3.75,//攻击速度
	"inaccuracy":1,//误差
	                  "ammoPerShot":1,
	                  "ammoUseEffect": "casing2",
	"rotatespeed":1.2,//旋转速度
	"maxAmmo":20,//最大弹药
	"targetAir":true//攻击天空
	"targetGround":true,//攻击地面
	"coolantMultiplier":2,
	"heatColor":"#FF0000",
	    "shoot": {
        "shots": 1,//每发出子弹数
        "shotDelay": 0,
        "type": "ShootBarrel",
        "barrels": [
        -6.5,-2,0,
        -4.5,-1,0,
        -3,0,0,
        -2,0,0,
        2,0,0,
        3,0,0,
        4.5,-1,0,
        6.5,-2,0,
        ]
    },
    "consumes": {
        "coolant": {
            "amount": 0.2,
            "optional": true
        }
    },
	"ammoTypes":{
	"copper":{//铜子弹
"type":"BasicBulletType",//基础子弹
"width":7,//子弹宽
"height":9,//子弹长
"lifetime":60,//存在时间，帧
"speed":3.5,//初速度
"damage":11,//伤害
"ammoMultiplier":2,}

			"lead": {
		                "pierceCap":1,
		    "reloadMultiplier":1.2,//攻击速率
			"speed": 3.5,
			"damage": 7,//伤害
			"fragBullets":2,
            "fragBullet":{
            "speed":0.8,
            "damage":3.5,   
            "lifetime":15 
        },
			"knockback":0.05,//击退
			"lifetime":50,
			"width": 6,
			"height": 9,
			"ammoMultiplier":1,//装填倍数
			"shootEffect": "shootBig" 		},
			
			"graphite":{//石墨子弹
"type":"BasicBulletType",//基础子弹
"width":9,//子弹宽
"height":12,//子弹长
"lifetime":60,//存在时间，帧
"speed":3.5,//初速度
"damage":23,//伤害
"reloadMultiplier":0.6,
"ammoMultiplier":4,}

"silicon":{//硅子弹
"type":"BasicBulletType",//基础子弹
"width":7,//子弹宽
"height":9,//子弹长
"lifetime":60,//存在时间，帧
"speed":3.5,//初速度
"damage":15,//伤害
"homingPower":0.1,
"reloadMultiplier":1.5,
"ammoMultiplier":5,}
},
	"requirements": [
		{ "item": "copper", "amount":180 },
	],
	"category": "turret",
	"research":"叒叒管炮"
	"alwaysUnlocked":false,
}