{
	"type": "MendProjector",
	"name": "中型加速器",
    "description": "将一定区域内的物体加速",
		"type": "OverdriveProjector",
    "health": 1700,
    "size": 3,
    "range": 400,
    "speedBoost": 2,
    "hasBoost": true,
    "speedBoostPhase": 0.25,
    "useTime": 300,
    "phaseRangeBoost": 80,
    "itemCapacity": 10,
    "liquidCapacity": 20,
    "canOverdrive": false,
		"consumes": {
		"power":30,
        "items":{
			"items":[
				{"item":"钛","amount":5}
			],
			"booster":true,
			"optional": true
		}
		}
	"requirements": [
		{ "item": "纯钛钢", "amount":100},
		{ "item": "铝", "amount":100},
		{ "item": "塑钢", "amount":200},
		{ "item": "硅", "amount":80},
	],
	"category": "effect",
        "research": {
	"parent":"加速器"
	"objectives": [
            {
				"type": "SectorComplete",
				"preset": "前哨基地"
			}
	]
	}
	"researchCostMultiplier": 1,
	"canOverdrive": true
}