{
    "type": "ForceProjector",
    "name": "初代护盾发射器",
    "description": "发出护盾",
    "health": 2000,
    "size": 3,
    "radius": 150,
    "canOverdrive": true,
    "shieldHealth": 6000,
    "phaseUseTime": 30,
    "phaseRadiusBoost": 25
    "cooldownNormal": 25,
    "cooldownLiquid": 2,
    "cooldownBrokenBase": 0.35,
    "liquidCapacity": 100,
    "itemCapacity": 20,
    "consumes": {
        "power": 83.3333333,
        "items": {
            "items": [
                {
                    "item": "钍",
                    "amount": 2
                }
            ],
        }
    },
    "requirements": [
        { "item": "钍", "amount": 200 }
    { "item": "石墨", "amount": 200 },
     { "item": "钛合金", "amount": 50 }
      { "item": "硅", "amount": 200 }
    { "item": "铝", "amount": 250},
    { "item": "钽", "amount": 500},
    ],
    "category": "effect"
    "research": {
	"parent":"修复器"
"objectives": [
            {
				"type": "SectorComplete",
				"preset": "微风群岛"
			}
	]
	}
    "researchCostMultiplier": 1
}