{
	"type": "Radar",
	"health":800,
	"name": "小型雷达",
    "description": "用与探索未知区域。",
	"size":1
	"outlineColor":"4a4b53"
	"fogRadius":35,
	"consumes": {
		"power":1.666666666667
		}
	"requirements": [
		{ "item": "硅", "amount":100},
		{ "item": "铝", "amount":200},
		{ "item": "石墨", "amount":60},
		{ "item": "铁", "amount":80},
	],
	"category": "effect",
        "research": {
	"parent":"修复器"
	"objectives": [
            {
				"type": "SectorComplete",
				"preset": "沙垄戈壁"
			}
	]
	}
	"researchCostMultiplier": 1,
	"canOverdrive": true
}