{
  "type": "BuildTurret",
  "name": "小型建造塔",
  "description": "用于前线的战损修复与辅助建造，建造速度一般",
  "buildCostMultiplier": 0.5,//建造时间
  "requirements": [
		{ "item": "硅", "amount":750},
		{ "item": "铝", "amount":500},
		{ "item": "石墨", "amount":500},
		{ "item": "金锭", "amount":80},
	],
	"category": "effect",
        "research": {
	"parent":"修复器"
	"objectives": [
            {
				"type": "SectorComplete",
				"preset": "前哨基地"
			}
	]
	}
	"researchCostMultiplier": 1,
	"canOverdrive": true
  "size": 3,
  "range": 400,
  "buildSpeed": 1.5,
  "health":1500,
  "consumes": {
    "power": 10,
    "liquid": "冷却液/0.16667"
}
}