{
    "type":"LaunchPad", 
    "name":"次代发射台", 
    "description":"将货物发射至指定区块。", 
    "health":2400,
    "size":4, 
    "itemCapacity":400, 
    "launchTime":900,
    "hasPower":true, 
    "consumes": {
        "power": 16.6666667
    },
	"requirements": [
		{ "item": "塑钢", "amount": 500 },
		{ "item": "钛合金", "amount": 100 }
		{ "item": "巨浪合金", "amount": 200 },
		{ "item": "铝", "amount": 500 }
		{ "item": "钽", "amount": 500 }
		],
	"category": "effect",
"research": {
	"parent":"初代发射台"
	"objectives": [
            {
				"type": "SectorComplete",
				"preset": "微风群岛"
			}
	]
	}
	"researchCostMultiplier": 1,
	"canOverdrive": true
}