{
"type": "ShockMine",
	"health":600,
	"name": "爆破地雷",
    "description": "当敌方踩踏之后造成巨额伤害,并且自己也会被摧毁,[red]但敌人无法选中。",
	"size":1
	"range":8,
	"reload":8,
	"hasShadow":false
	"damage":40
	"splashDamageRadius":80,
	"splashDamage":30,
	"tileDamage":600
	"length":10
	"tendrils":20
	"underBullets": true,//不碰撞子弹
	"destructible":true, //可破坏的
    "solid":false, //立体的
    "targetable":false, //可命中
    "hasShadow":false, //阴影
	"requirements": [
		{ "item": "纯钢", "amount":60},
		{ "item": "铝", "amount":60},
		{ "item": "爆炸混合物", "amount":5},
		{ "item": "铜", "amount":100},
	],
	"category": "effect",
        "research": {
	"parent":"电击地雷"
	"objectives": [
            {
				"type": "SectorComplete",
				"preset": "凛冬止水"
			}
	]
	}
	"researchCostMultiplier": 1,
	"canOverdrive": false
}