{
    "type": "ItemTurret",
	"name": "云霞生产工厂",
	"description": "制造云霞单位",
	"health": 1080,
	"size": 4,
	"reload":600,
	"range": 999999999999999
		"targetGround": true
	"targetAir": true,
		"maxAmmo":1500,
    "ammoPerShot": 750,
	"shoot":{
		"shots":1,
	    "shotDelay":30,
		"type":"ShootAlternate",
		"shootY":3,
		"barrels":4,
		"spread":4.5
	},
	"ammoUseEffect": "casing2Double",
	"shootSound":"respawn",
	"inaccuracy": 7,
	"rotateSpeed": 0,
	"shake":1,
	"ammoTypes": {
        "芯片": {
	         "type": "BasicBulletType",
             "spawnUnit": "防御",
		 }
	}, 
	"requirements": [
{ "item": "钛钢", "amount": 125 }
{ "item": "钛", "amount": 175 }
	],
	"category": "turret",
	    "researchCostMultiplier": 2,
	        "canOverdrive": false,
}