{
	"playerControllable":false,
	"name": "紊乱",
	"description": "发出电磁波干扰敌方机甲。",
	"details": "一型超武,拥有强大的控制能力",
	"heatColor":"83D6F2FF",//炮口颜色
	"health": 20000,
	"armor":20
	"size":10,
	"reload": 1200,
	"targetGround":true,
	"targetAir":true,
	"canOverdrive": false,
	"range": 4000,
	"recoil":0,
	"customShadow":false,
	"shootY":0,
	"shootSound": "wave",
	"inaccuracy":0,
	"rotateSpeed":0,
	"shootCone":360,
	"ammoUseEffect":{
		"type": "WaveEffect",
		"lifetime": 100,
		"sizeFrom": 0,
		"sizeTo": 4000,
		"strokeFrom": 5,
		"strokeTo": 0,
		"colorFrom": "FFFFFF",
		"colorTo": "ffffff"},
	"consumes": {
		"power":1666.66667},
	"shootType": {
	"type":"BasicBulletType",
	"damage":0,
	"speed": 0,
	"instantDisappear":true,
	"ammoMultiplier": 1,
	"shootEffect":{
		"type": "WaveEffect",
		"lifetime": 100,
		"startDelay":15,
		"sizeFrom": 0,
		"sizeTo": 4000,
		"strokeFrom": 5,
		"strokeTo": 0,
		"colorFrom": "FFFFFF80",
		"colorTo": "ffffff80"},
	"smokeEffect":{
		"type": "WaveEffect",
		"lifetime": 100,
		"startDelay":30,
		"sizeFrom": 0,
		"sizeTo": 4000,
		"strokeFrom": 5,
		"strokeTo": 0,
		"colorFrom": "FFFFFF80",
		"colorTo": "ffffff80"},
	"splashDamageRadius":4000,
	"splashDamage":0.1,
	"buildingDamageMultiplier":0,
	"hitEffect":"none",
	"despawnEffect":"none",
	"statusDuration":450,
	"status":"瘫痪"
	},
	"requirements": [
		{ "item": "纯钛钢", "amount":2000},
		{ "item": "铝", "amount":10000},
		{ "item": "动能核心", "amount":1000},
		{ "item": "硅", "amount":10000},
		{ "item": "巨浪合金", "amount":1000},
		{ "item": "纯钢", "amount":5000},
		{ "item": "钛合金", "amount":500},
		{ "item": "金锭", "amount":5000},
	],
	"category": "effect",
        "research": {
	"parent":"无"
	"objectives": [
            {
				"type": "SectorComplete",
				"preset": "世界另一端"
			}
	]
	}
	"researchCostMultiplier": 1,
	"canOverdrive": false
}