{
"type": "ShockMine",
	"health":500,
	"name": "脉冲地雷",
    "description": "当敌方踩踏之后造成伤害,并且不会使自己扣血,[red]敌人也无法选中。",
	"size":1
	"range":8,
	"reload":8,
	"hasShadow":false
	"damage":30
	"tileDamage":0
	"length":10
	"tendrils":4
	"underBullets": true,//不碰撞子弹
	"destructible":true, //可破坏的
    "solid":false, //立体的
    "targetable":false, //可命中
    "hasShadow":false, //阴影
	"requirements": [
		{ "item": "纯钢", "amount":40},
		{ "item": "铝", "amount":40},
		{ "item": "动能核心", "amount":1},
		{ "item": "铜", "amount":80},
	],
	"category": "effect",
        "research": {
	"parent":"电击地雷"
	"objectives": [
            {
				"type": "SectorComplete",
				"preset": "凛冬止水"
			}
	]
	}
	"researchCostMultiplier": 1,
	"canOverdrive": false
}