{
    "type": "MassDriver",
    "name": "质量驱动器",
    "description": "把物品抛掷过去",
    "requirements": [
        { "item": "金锭", "amount": 100 },
        { "item": "钍", "amount": 100 },
        { "item": "钛", "amount": 250 },
        { "item": "铝",
"amount":200}
    ],
    "size": 3,
    "itemCapacity": 250,
    //物品容量
    "range": 800,
    //范围
    "minDistribute":100,
    //最小发射容量
    "reload":60,
    //重载时间
    "bulletSpeed":10,
    //子弹飞行速度
    "rotateSpeed":10,
    //转动速度
    "shootEffect":"shieldWave",
    //射击特效
    "smokeEffect":"pointHit",
    //射击时炮口特效
    "receiveEffect":"pointHit",
    //接收方的特效
    "category": "effect",
    "consumes": {
        "power":50
    },
    "research": {
	"parent":"容器"
"objectives": [
            {
				"type": "SectorComplete",
				"preset": "微风群岛"
			}
	]
	}
    "researchCostMultiplier": 1
}