{
	"name": "晶核钻机",
	"description": "更快挖掘",
	"type": "Drill",
	"size": 3,
	"tier": 16,
	"drillTime": 58,
	"consumes": {
		"power": 35.0,
				"liquid": {
			"liquid": "water",
			"amount": 0.2,
			"booster": true,
			"optional": true
		}
	},
	"requirements": [
		{ "item": "纯水泥", "amount": 200 },
		{ "item": "紫晶", "amount": 100 },
		{ "item": "PW芯片", "amount": 50 },
		{ "item": "原晶体", "amount": 15 }
	],
	"category": "production",
	"research": "初级晶体钻机"
}
