{
   "type":"UnitAssembler",
   "name": "飞船构建终端",
   "description": "利用输入的方块组装高级飞船单位，可以通过添加基本装配场模块来增加输出等级",
   "canOverdrive": false,
   "health":8800,
   "size":7,
   "requirements":
		    [
		    "thorium/1000"
		    "silicon/3500"
		    "oxide/1000"
		    "carbide/300"
		    "列位石/1000"
		    ]
   "consumes":{
       "power":100,
       "liquid": {"liquid": "列位流体", "amount":3 }
   },
   "areaSize":20,
   "plans":[
       {
           "unit":"disrupt",
           "time":7500,
           "requirements":[
        "avert/3",
        "埃里克尔更多设备-巨型铍墙/16",
           ]
       }
       {
           "unit":"悲悯",
           "time":18500,
           "requirements":[
        "obviate/5",
        "埃里克尔更多设备-星火/10",
           ]
       }
   ],
	"category":"units",
	"research": {
		"parent": "列位混合器",
		"requirements":
		    [
		    "thorium/7000"
		    "silicon/15000"
		    "oxide/6000"
		    "列位石/300"
		    ]
		"objectives": [
            {
				"type": "OnSector",
				"preset": "MEE风化山脉"
			}
			]}
}