{
	"type": "GenericCrafter",
	"name": "临界液体厂",
	"health": 1360,
    "outputLiquid": "临界液体/5",
	"size": 3,
	"hasItems": true,
	"hasLiquids": true,
	"outputsLiquid": true,
	"hasPower": true,
	"liquidCapacity": 60,
	"craftTime": 10,
	"powerProduction": 1,
		"drawer": {
		"type": "DrawMulti",
		"drawers": [
			{
				"type": "DrawRegion",
				"suffix": "-bottom"
			},
			"DrawDefault",
			{
				"type": "DrawLiquidRegion",
				"drawLiquid": "临界液体"
			},
		]
	},
	"consumes": {
		"liquid": "cryofluid/6"
		"items": [
		"coal/1"
		"copper/1"
		"lead/1"
		"thorium/1"
		"titanium/1"
		"sand/1"
		]
	},
	"requirements": [
		"lead/30",
		"copper/50",
		"silicon/15",
		"metaglass/15",
		"surge-alloy/10",
		"航空芯片/5",
	],
	"category": "crafting",
	"research": "cryofluid-mixer"
}