{
	"type": "GenericCrafter",
	"name": "充源能量",
	"health": 124500,
	"outputItem": "宏电合金/1",
	"size": 4,
	"hasPower": true,
	"hasLiquids": false,
	"hasItems": true,
	"craftTime": 600,
	"itemCapacity": 2,
	"drawer": {
		"type": "DrawMulti",
		"drawers": [
			"DrawDefault",
			"DrawFlame"
		]
	},
	"craftEffect": "smeltsmoke",
	"consumes": {
		"power": 12500,
		"items": [
			"surge-alloy/1",
		]
	},
	"requirements": [
		"surge-alloy/8000",
		"copper/6500",
		"lead/1000",
		"航空芯片/5",
	],
	"category": "crafting",
	"ambientSound": "smelter",
	"research": "alloy-smelter"
}