{
	"type": "GenericCrafter",
	"name": "古能源厂",
	"health": 12450,
	"outputItem": "古能源/1",
	"size": 5,
	"hasPower": true,
	"hasLiquids": false,
	"hasItems": true,
	"craftTime": 300,
	"itemCapacity": 30,
	"drawer": {
		"type": "DrawMulti",
		"drawers": [
			{
				"type": "DrawArcSmelt",
				"flameColor": "88A4FFFF",
				"midColor": "6F80E8FF",
				"flameRad": 2, //中心圆大小
				"circleSpace": 2.6, //中心圆环大小
				"circleStroke": 1.5, //中心圆环粗细
				"flameRadiusScl": 3, //中心抖动频率（越大越慢）
				"flameRadiusMag": 0.3, //中心抖动幅度
				"alpha": 0.68, //粒子透明度
				"particles": 180, //粒子数量
				"particleLife": 90, //粒子存在时间
				"particleLen": 3, //粒子长度
				"particleRad": 36, //粒子运动长度
				"particleStroke": 1.1, //粒子粗细
				"drawCenter": true,
				"blending": "additive"
			},
			"DrawDefault",
			{
				"type": "DrawParticles",
				"color": "88A4FFFF",
				"alpha": 0.6,
				"particles": 60,
				"particleLife": 60,
				"particleRad": 60,
				"particleSize": 4,
				"fadeMargin": 0.25,
				"rotateScl": 3.6,
				"blending": "additive",
				"particleSizeInterp": "linear"
			},
		]
	},
	"craftEffect": "smeltsmoke",
	"consumes": {
		"power": 1250,
		"items": [
		    "titanium/15",
		    "phase-fabric/10",
			"surge-alloy/5",
			"宏电合金/1",
		]
	},
	"requirements": [
		"surge-alloy/1000",
		"copper/5500",
		"lead/1000",
		"phase-fabric/500",
		"宏电合金/100",
		"航空芯片/5",
		"普通芯片/5",
	],
	"category": "crafting",
	"ambientSound": "smelter",
	"research": "充源能量"
}