{
	"type": "GenericCrafter",
	"name": "火硅熔炉",
	"health": 500,
	"outputItem": "silicon/10",
	"size": 3,
	"hasPower": false,
	"hasItems": true,
	"craftTime": 300,
	"itemCapacity": 30,
	"liquidCapacity": 20,
	"craftEffect": "smeltsmoke",
	"drawer":{
        "type":"DrawMulti",
        "drawers":[
            "DrawFlame"
            "DrawDefault",
            ]
    },
	"consumes": {
		"items": [
		"coal/5",
		"sand/15"
		]
	},
	"requirements": [
		"silicon/30",
		"copper/25",
		"lead/20",
	],
	"category": "crafting",
	"ambientSound": "smelter",
	"research": "blast-mixer"
}