{
	"type": "GenericCrafter",
	"name": "航空片制造厂",
	"health": 1245,
	"outputItem": "航空芯片/4",
	"size": 2,
	"hasPower": true,
	"hasLiquids": false,
	"hasItems": true,
	"craftTime": 240,
	"itemCapacity": 16,
	"drawer": {
		"type": "DrawMulti",
		"drawers": [
			"DrawDefault",
			{
				"type": "DrawFlame",
				"flameRadius": 0,
				"flameRadiusIn": 0,
				"flameRadiusMag": 0,
				"flameRadiusInMag": 0,
				"flameColor": "F2E770"
			}
		]
	},
	"craftEffect": "smeltsmoke",
	"consumes": {
		"power": 2,
		"items": [
		    "普通芯片/4",
		    "surge-alloy/1",
		]
	},
	"requirements": [
		"copper/200",
		"lead/100",
		"silicon/50",
		"titanium/25",
		"surge-alloy/10",
	],
	"category": "crafting",
	"ambientSound": "smelter",
	"research": "普通级芯片制造厂",
}