{
	"type": "GenericCrafter",
	"name": "蒸汽机",
	"health": 360,
    "outputLiquid": "蒸汽/0.5",
	"size": 2,
	"hasItems": true,
	"hasLiquids": true,
	"outputsLiquid": true,
	"hasPower": true,
	"liquidCapacity": 60,
	"craftTime": 60,
	"powerProduction": 1,
		"drawer": {
		"type": "DrawMulti",
		"drawers": [
			{
				"type": "DrawRegion",
				"suffix": "-bottom"
			},
			"DrawDefault",
			{
				"type": "DrawLiquidRegion",
				"drawLiquid": "water"
			},
			{
				"type": "DrawRegion",
				"suffix": "-转1",
				"spinSprite": true,
				"rotateSpeed": 5
			},
			{
				"type": "DrawRegion",
				"suffix": "-转2",
				"spinSprite": true,
				"rotateSpeed": -8
			},
			{
				"type": "DrawRegion",
				"suffix": "-top"
			},
		]
	},
	"consumes": {
		"liquid": "water/0.5"
		"items": [
		"coal/5"
		]
	},
	"requirements": [
		"lead/30",
		"copper/50",
		"silicon/15",
		"metaglass/15",
	],
	"category": "crafting",
	"research": "cryofluid-mixer"
}