{
    "type": "UnitCargoLoader",
    "name": "货物无人机装载机",
    "description": "在每个地点建造一架货运无人机。这些无人机会根据其设定的筛选条件自动将物品分配到卸货点。",

    "size": 3,
    "health": 300,

    "unitType": "genm",
    "itemCapacity": 100,
    "separateItemCapacity": true,
    "requirements": 
    [
		"lead/200",
		"titanium/275",
		"silicon/160"
	],
    "category": "distribution",

    "buildTime": 300,

    "hasItems": true,
    "hasPower": true,
    "hasLiquids": flase,
    "consumes":
    {
        "power": 2,
        "liquid": "water/0.2"
  }
    research: {
  parent: mass-driver
  requirements: [
    lead/700
    silicon/300
    titanium/600
    surge-alloy/300
  ]
}
}
