{
                "type":"CoreBlock",
	"name": "堡垒核心",
	"description": "高级核心，超高血量，超高防御",
	"itemCapacity": 60000,
	"hasItems": true,
	"health": 75000,
	"unitType":"lambda",
                "armor": 14,
	"breakable":true,
	"buildCostMultiplier":0.3,
	"unitCapModifier":28,
	"requirements": [
		{ "item":"copper", "amount": 19000 },
		{ "item":"lead", "amount": 22000 },
		{ "item":"metaglass","amount":28000},
		{ "item":"titanium","amount":14000},
		{ "item":"thorium","amount":11000},
		{ "item":"silicon","amount":16000},
	],
	"category": "effect"
	"size": 6,
	"research": "core-nucleus",
}