{
	"name": "据点核心",
	"description": "可在任意地方建立据点基地",
	"itemCapacity": 4000,
	"hasItems": true,
	"health": 4000,
                "armor": 4,
	"size": 3,
	"breakable":true,
	"buildCostMultiplier":1,
	"unitCapModifier":4,
                "separateItemCapacity": true,
	"requirements": [
		{ "item":"copper", "amount": 4200 },
		{ "item":"lead", "amount": 4000 },
		{ "item":"titanium","amount":2500},
		{ "item":"silicon","amount":2300},
	],
	"category": "effect",
	"research": "stronghold-core",
}