{
	"type": "Duct",//类型
	"category": "distribution",//菜单栏
	"name": "物品轨道",//名字
	"description": "向前运输物品",//介绍

	"alwaysUnlocked":true,//科技树默认解锁
	"research": {
	"parent": "acaa前哨核心"}//科技树前置

	"requirements": [//建造消耗
	"铁/1"],

	"size":1,//平方大小
	"health":400//血量
	"solid":false,//实体
	"underBullets":true,//子弹下面
	"speed": 2.7,//运输速度＝60÷speed
	"itemCapacity":1,//物品容量
	"displayedSpeed":20,//显示速度
	"bridgeReplacement": "aaga物品轨道桥"//自动连接的桥
}