{
	"type": "DuctBridge",//类型,自连桥
	"range":6,//范围
	"category": "distribution",//菜单栏
	"name": "物品轨道桥",//名字
	"description": "可跨过六格区域向前运输物品并会自动连接所对的物品轨道桥节点",//介绍

	"research": {
	"parent": "aada轨道路由器"//科技树前置
	"requirements": [//研究花费
	"铁/120"
	"graphite/100"],
	},

	"requirements": [
	"graphite/10"//建造消耗
	"铁/12"
	],

	"size":1,//平方大小
	"health":400//血量
	"solid":false,//实体
	"speed": 2.5,//运输速度＝60÷speed
	"itemCapacity":10,//物品容量
	"displayedSpeed":24,//显示速度
}