{
	"type": "ItemBridge",//类型,带桥
	"size":1,//平方大小
	"range":6,//范围
	"category": "distribution",//菜单栏
	"name": "强化传送带桥",//名字
	"description": "跨越地形向前运输物品",//介绍
	"research": "aaga物品轨道桥"//前置科技树
	"alwaysUnlocked":false,//科技树默认解锁
	"health":1200//血量
	"hasPower": false,
	"itemCapacity":10,
	"arrowSpacing":5,
    "bufferCapacity":21,
    "squareSprite": false,
	"requirements": [//建造消耗
		{ "item":"钢","amount":2},
		{"item":"铁","amount":5}	],
	"transportTime": 3,//运输速度
	"speed": 5,
}