{
	"type": "DirectionalUnloader",//类型
	"category": "distribution",//菜单栏
	"name": "轨道装卸器",//名字
	"description": "从容器中取出物品",//介绍

	"research": {
	"parent": "aaga物品轨道桥"//科技树前置
	"requirements": [//研究花费
	"镍/400",
	"graphite/600",
	"silicon/400"],
	},

	"requirements": [
	"graphite/6",
	"silicon/6"//建造消耗
	"镍/4",
	],

	"size":1,//平方大小
	"health":400//血量
	"regionRotated": 1,//区域旋转
	"solid":false,//实体
	"speed": 2,
	"underBullets":true,//子弹下面
}
