{
    "type": "MassDriver",
    "name": "资源发射器",
    "description": "远距离物品传输建筑",
    "health":1680,
    "shootEffect":"none"
    "smokeEffect":"none"
    "receiveEffect":"none"
    "requirements": [
    "silicon/250",
        "镍/225",
        "铝/175",
        "钢/150"
    ],
    "research": {
		"parent": "aaga物品轨道桥",
	},
    "size":3,
    "reload": 360,
    //重载时间
    "rotateSpeed": 1.25,//转头速度
    "itemCapacity":100,
    //物品容量
    "range": 480,
    //范围
    "damage": 75,//单体伤害
    "bulletSpeed":16,
    //子弹飞行速度
    	"lifetime":30,
    "consumes": {
        "power": 5,
    },
}