{
	"type": "GenericCrafter",
	"name": "氰气提取器",
	"description": "从塞普罗的大气中提取氰气，但是有一点毒",
	"health": 160,
	"outputLiquid": {"liquid": "cyanogen", "amount": 0.2},
	"itemCapacity": 0,
	"size": 2,
	"drawer":{
	    "type":"DrawMulti",
	    "drawers":[
	    {
	    "type":"DrawRegion",
	    "suffix":"-bottom"
	    },
	    {
	    "type":"DrawLiquidTile",
	    "drawLiquid":"hydrogen"
	    },
	    "DrawDefault"
	]},
    "hasItems": false,
	"hasLiquids": true,
	"solid": true,
	"outputsLiquid": true,
	"hasPower": true,
	"liquidCapacity": 360,
	"craftTime": 90,
	"updateEffect": "none",
	"consumes": {
		"power": 1
	},
	"requirements": [
	{"item": "graphite", "amount": 30},
	{"item": "silicon", "amount": 40},
	{"item": "绝缘晶体","amount":50}
	],
	"category": "production",
	"research": "water-extractor",
	"idleSound": "respawning",
	"idleSoundVolume": 0.5
}