{
	"type": "legs",
	"legCount": 4,
	"legLength": 18,
	"legForwardScl": 0.6,
	"legMoveSpace": 1.4,
	"description": "能够发射强大的激光炮，可以踩过建筑，带两个能量炮辅助攻击",
				"immunities": [
		"腐蚀"
		"燃烧"
		"融化"
		"潮湿"
		"自毁"
	],
	"abilities": [
	{
        "type": "RepairFieldAbility"
        "amount":655
        "reload": 120
        "range": 48
    }
		{
			"type": "ForceFieldAbility",
			"sides": 8,
			"radius": 48,
			"max": 1200,
			"regen": 2,
			"cooldown": 240
		}
	],
			"ammoType":{
	"type":"PowerAmmoType",
	"totalPower":2200},
	"ammoCapacity": 700
    "ammoResupplyAmount":1,/*弹药补给倍率 */
	"hovering": true,
	"canDrown": false,
	"name": "ES行星(星耀)",
	"canBoost": false,
	"speed": 0.95,
	"hitSize": 12,
	"health": 8640,
	"armor": 15,
	"drag": 0.2,
	"rotateSpeed": 2.5,
	"itemCapacity": 50,
	"faceTarget": true,
	"weapons": [
	{
			"name": "无",
			"reload": 300,
			"x": 0
			"y": 3
			"rotate": false,
			"top": false,
			"recoil": 4,
			"inaccuracy": 0,
			"alternate": true,
			"mirror":false,
			"shootSound": "laser",
			"shake": 2,
			"bullet": {
			"type": "LaserBulletType",
	"chargeEffect":{
		"type":"MultiEffect",
		"effects":["lancerLaserCharge","lancerLaserChargeBegin"]
	},
	"colors": ["7CF38990","97FFA880","FFFFFF"],
	"status": "脆裂",
			"statusDuration": 330,
	"pierceBuilding": true,
		"collidesGround":true,
			"collidesAir":true,
	"despawnEffect":"none",
	"lightningSpacing":25,
	"lightningLength":6,
	"lightningDelay":0.6,
	"lightningLengthRand":1,
	"lightningAngleRand":8,
	"lightningDamage":66,
	"lightningColor":"7CF38990",
	"damage": 624,
	"pierceDamageFactor":0.4
	"ammoMultiplier":1,
	"pierceCap": 8,
	"width": 28,	"length": 280,
	"lifetime": 30,
	"collidesAir": true
			}
		}
		{	"name": "星耀1",	
		"reload": 30, 
		"x": 6,  "y": 0,  
		"shoot":{
			"shots":2,
			"shotDelay":15},
		"rotate": true,
		"shootY":4.5,
		"top":false,
		"inaccuracy": 0,
		"alternate": false, 
		"shootSound": "lasershoot",
		"bullet":{	
	"type":"LaserBoltBulletType",
		"frontColor":"FFFFFF",	
		"backColor":"97FFA8FF",	
		"damage":35,
		"pierceArmor": true,
		            "lightningDamage":11,
    "lightning":3,
    "lightningLength":12
		"speed":5, "lifetime":48,
		"width":8,	 "height":8	}	}]
}