{
"type":"mech",
"name":"痛击",
"description":"低配王座（）\n痛只因",
"research":{
"parent": "z01疾行",//前置（前面科技）
"objectives": [
"z06倍乘级碳钢单位重构工厂"
]
}
"health":2500,//生命
"armor":10,
"range":240,
"speed":0.55,//速度
"hitSize":16,//尺寸
"itemCapacity":50,//背包容量
"mineTier": 3,
"mineSpeed": 6,
"ammoType":"graphite",
"boostSpeed": 1.5
"canBoost": true, //助推
"abilities":[
	{
    "type": "ForceFieldAbility"
    "radius": 80
    "regen": 1
    "max": 800
    "cooldown": 160
  }
  {
			"type": "RegenAbility",
			"percentAmount": 0.003
		}
  {
              "type": "RepairFieldAbility",
              "range": 60,
              "amount": 50,
              "reload": 240
        }
  ]
"weapons":[
{
"name":"missiles-mount",
  "x":4.5
  "y":0
  "shake":2.4,
  "shootY":0
  "top": true
  "rotate":false
  "reload": 60
  "shootSound":"shootBig",
  "ejectEffect":"casing1"
  "shots": 1,
  "inaccuracy":0
  "alternate":true,
  "ignoreRotation": false,
/*  "shoot":{
  "shots":1,
  "shotDelay":3,
  }*/
  "bullet":{
"type":"LaserBulletType",//基础子弹
"damage":50,
"sideAngle":15,
"sideWidth":5,
"sideLength":5,
"length":160,
"pierceCap":3,
//"collidesAir":false,
//"collidesGround":true,
//"buildingDamageMultiplier":0.25,
//"recoil": 1.2,
"colors":["FF7040FF","FFCD98FF","FFFFFFFF"],//颜色
}
}
{
"name":"z02痛击1",
  "x":10
  "y":0
  "shake":1.2,
  "shootY":0
  "top": true
  "rotate":false
  "reload": 25
  "shootSound":"shootBig",
  "ejectEffect":"casing1"
  "shots": 1,
  "inaccuracy":0
  "alternate":true,
  "ignoreRotation": false,
"bullet":{
               "speed": 7.5
               "lifetime": 30
               "damage":16
               "width": 8
               "shrinkY":0
               "height": 12
        "splashDamage":30,
"splashDamageRadius":24,
"despawnEffect":"flakExplosionBig",
	    "hitEffect":"flakExplosionBig",
	"smokeEffect":"shootBigSmoke"
	"pierceCap":3,
               "fragBullets":3,
			"fragRandomSpread":10,//随机分裂角度
			"fragSpread":0,//分裂角度
			"fragAngle":0,//分裂起始角度
			"fragVelocityMin":0.8,//最小分裂弹速度
	    "fragVelocityMax":1.2,//最大分裂弹速
	    "fragBullet":{
	           "speed": 4.5
               "lifetime": 15
               "damage":8
               "splashDamage":8,
"splashDamageRadius":12,
"despawnEffect":"flakExplosionBig",
	    "hitEffect":"flakExplosionBig",
	"smokeEffect":"shootBigSmoke"
	"pierceCap":1
               "width": 4.5
               "shrinkY":0
               "height": 4.5
}
}
}
]
}