{
"type":"mech",
"name":"屠杀",
"description":"不要被预估DPS骗了，这玩意比原版陆攻t4还弱（）",
"research":{
"parent": "z02痛击",//前置（前面科技）
"objectives": [
"z07多幂级碳钢单位重构工厂"
],
}
"health":22000,//生命
"armor":12,
"range":320,
"speed":0.5,//速度
"hitSize":20,//尺寸
//"buildSpeed": 2,
"itemCapacity":80,//背包容量
"ammoType":"graphite",
"canBoost": false, //助推
"boostSpeed": 1.5
"abilities":[
	{
    "type": "ForceFieldAbility"
    "radius": 100
    "regen": 3
    "max": 5000
    "cooldown": 320
  }
  {
              "type": "RepairFieldAbility",
              "range": 75,
              "amount": 100,
              "reload": 300
  }
  {
			"type": "RegenAbility",
			"percentAmount": 0.004
		}
  { 
    "type": "UnitSpawnAbility",
    "unit": "z00游行",
    "spawnX": 0,
    "spawnY": 0,
    "spawnTime": 3600
    },
  ]
"weapons":[
{
"name":"missiles-mount",
  "x":4.5
  "y":0
  "shake":3.2,
  "shootY":0
  "top": true
  "rotate":false
  "reload": 45
  "shootSound":"shootBig",
  "ejectEffect":"casing1"
  "shots": 1,
  "inaccuracy":0
  "alternate":true,
  "ignoreRotation": false,
/*  "shoot":{
  "shots":1,
  "shotDelay":3,
  }*/
  "bullet":{
"type":"LaserBulletType",//基础子弹
"damage":100,
"sideAngle":20,
"sideWidth":7,
"sideLength":7,
"length":280,
"pierceCap":5,
//"collidesAir":false,
//"collidesGround":true,
//"buildingDamageMultiplier":0.25,
//"recoil": 1.2,
"colors":["FF7040FF","FFCD98FF","FFFFFFFF"],//颜色
}
}
{
"name":"large-weapon",
  "x":6
  "y":0
  "shootY":4
  "top": true
  "rotate":false
  "reload": 60
  "shootSound":"shootBig",
  "ejectEffect":"casing1"
  "shots": 1,
  "inaccuracy":0
  "alternate":true,
  "ignoreRotation": false,
  "shoot":{
  "shots":6,
  "shotDelay":2,
  }
  "bullet":{
               "speed": 5
               "lifetime": 60
               "damage":25
               "width": 9
               "shrinkY":0
               "height": 12
               "lightningColor":"FFE865FF",
        //闪电颜色
        "lightning": 2,
        //射击命中时生成闪电数量
        "lightningLength": 8,
        //射击命中时生成闪电的长度
        "lightningDamage":10,
        //闪电伤害
}
}
{
	"name":"artillery",
	"mirror":true,
  "x":8
  "y":0
  "shootY":4
  "top": true
  "rotate":false
  "reload": 60
  "shootSound":"shootBig",
  "ejectEffect":"shootBig"
  "shots": 1,
  "inaccuracy":0
  "alternate":true,
  "ignoreRotation": false,
  "targetAir":true//攻击天空
	"targetGround":true,//攻击地面
  "shoot": {
        "shots": 1,
        "shotDelay": 0
    }
  "bullet":{
"type":"ArtilleryBulletType",
"trailColor":"FFE4AA"
"width":18,//子弹宽
"height":18,//子弹长
"lifetime":60,//存在时间，帧
"speed":5,//初速度
"ammoMultiplier":3,
"damage":18,
"splashDamageRadius":34.4,
"splashDamage":60
"despawnEffect":"flakExplosionBig",
	    "hitEffect":"flakExplosionBig",
	"smokeEffect":"shootBigSmoke"
	"fragBullets":8,
	"fragBullet":{
	"type":"ArtilleryBulletType",
	"trailColor":"FFE4AA"
    "width":8,//子弹宽
    "height":8,//子弹长
    "lifetime":60,//存在时间，帧
    "speed":1.5,//初速度
	"despawnEffect":"flakExplosionBig",
    "hitEffect":"flakExplosionBig",
	"smokeEffect":"shootBigSmoke"
	"splashDamageRadius":34.4,
    "splashDamage":35
	}
}
},
]
}