{
    "type": "legs",
    "name": "锥刺",
    "description": "初代近战生物，快速撕咬敌人。",
    "outlineColor": "291B1BFF",
    "speed": 1,
    "drag": 0.11,
    "hitSize": 9,
    "rotateSpeed": 3,
    "health": 320,
    "legStraightness": 0.3,
    "legCount": 6,
    "legLength": 8,
    "lockLegBase": true,
    "legContinuousMove": true,
    "legExtension": -2,
    "legBaseOffset": 2,
    "legMaxLength": 1.1,
    "legMinLength": 0.2,
    "legLengthScl": 0.96,
    "legForwardScl": 1.1,
    "legGroupSize": 3,
    "rippleScale": 0.2,
    "legMoveSpace": 1,
    "allowLegStep": false,
    "hovering": true,
    "legPhysicsLayer": true,
    "shadowElevation": 0.1,
    "groundLayer": 74,
    "researchCostMultiplier": 0.3,
    "abilities": [
        {
            "type": "RegenAbility",
            "percentAmount": 0.03
        },
        {
            "type": "LiquidExplodeAbility",
            "liquid": "neoplasm",
            "amount": 60,
            "radAmountScale": 1,
            "radScale": 1,
            "noiseMag": 10,
            "noiseScl": 5
        },
        {
            "type": "LiquidRegenAbility",
            "liquid": "neoplasm",
            "slurpEffect": "neoplasmHeal"
        }
    ],
    "weapons": [
        {
            "mirror": false,
            "x": 0,
            "y": 6,
            "shootY": 4,
            "reload": 30,
            "recoil": 0,
            "layerOffset": -0.00001,
            "shootSound": "shootAlt",
            "bullet": {
                "type": "BasicBulletType",
                "recoil": -1,
                "damage": 80,
                "pierce": true,
                "pierceBuilding": false,
                "speed": 10,
                "lifetime": 3,
                "width": 0,
                "hitSize": 10,
                "height": 0,
                "shootEffect": "none",
                "smokeEffect": "none",
                "hitEffect": {
                    "type": "ParticleEffect",
                    "line": "true",
                    "particles": 5,
                    "sizeFrom": 3,
                    "sizeTo": 0,
                    "length": 10,
                    "baseLength": 2,
                    "lifetime": 10,
                    "colorFrom": "F78826FF",
                    "colorTo": "ffffff00",
                    "cone": 20
                }
            }
        },
        {
            "mirror": false,
            "x": 0,
            "y": 0,
            "shootY": 4,
            "reload": 30,
            "shootSound": "none",
            "shoot": {
                "type": "ShootPattern",
                "firstShotDelay": 5
            },
            "bullet": {
                "type": "BasicBulletType",
                "recoil": 1,
                "damage": 0,
                "pierce": true,
                "pierceBuilding": false,
                "speed": 10,
                "lifetime": 3,
                "width": 0,
                "hitSize": 10,
                "height": 0,
                "shootEffect": "none",
                "smokeEffect": "none",
                "hitEffect": "none"
            }
        }
    ]
}