{
    "type": "ThermalGenerator",
    "category": "power",
    "name": "能量提取机",
    "description": "当放置在喷口上时产生电力。",
    "ambientSound": "hum",
    "ambientSoundVolume": 0.06,
    "generateEffect": "turbinegenerate",
    "effectChance": 0.04,
    "drawer": {
        "type": "DrawMulti",
        "drawers": [
            {
                "type": "DrawRegion",
                "suffix": "-bottom"
            },
            {
                "type": "DrawBlurSpin",
                "suffix": "-rotator"
            },
            "DrawDefault"
        ]
    },
    "research": {
        "requirements": [
            "铁/30",
            "graphite/20"
        ],
        "parent": "acaa前哨核心"
    },
    "requirements": [
        "铁/30",
        "graphite/20"
    ],
    "size": 3,
    "attribute": "steam",
    "fogRadius": "3",
    "health": 1120,
    "floating": false,
    "powerProduction": 0.5555555555,
    "displayEfficiency": false,
    "minEfficiency": 8.9999,
    "displayEfficiencyScale": 0.1111111111111
}