{
    "type": "ConsumeGenerator",
    "name": "化合发电机",
    "description": "将臭氧固化后与氢气进行光化学反应放出能量。",
    "health": 1080,
    "size": 3,
    "hasLiquids": true,
    "consumes": {
        "liquids": [
            "ozone/0.1666666666",
            "hydrogen/0.3333333333"
        ]
    },
    "requirements": [
        "镍/30",
        "graphite/25",
        "silicon/40"
    ],
    "category": "power",
    "research": "aeaa能量提取机",
    "placeableLiquid": true,
    "warmupSpeed": 0.7,
    "liquidCapacity": 60,
    "powerProduction": 10,
    "drawer": {
        "type": "DrawMulti",
        "drawers": [
            {
                "type": "DrawRegion",
                "suffix": "-bottom"
            },
            {
                "type": "DrawLiquidRegion",
                "drawLiquid": "hydrogen"
            },
            "DrawDefault",
            {
                "type": "DrawGlowRegion",
                "color": "D1EFFFC7"
            }
        ]
    }
}