{
    "type": "NuclearReactor",
    "name": "生化反应皿",
    "description": "利用氢气稳定住冰块中的气体来发电。稍有不慎就会发生剧烈爆炸。",
    "details": "This is A nuke",
    "size": 3,
    "health": 1680,
    "itemCapacity": 30,
    "liquidCapacity": 30,
    "hasLiquids": true,
    "hasItems": true,
    "itemDuration": 240,
    "powerProduction": 30,
    "rebuildable": false,
    "fuelItem": "冰",
    "consumes": {
        "liquid": {
            "liquid": "hydrogen",
            "amount": 0.1333333333
        },
        "items": {
            "items": [
                "冰/3",
            ],
            "optional": false
        }
    },
    "requirements": [
        "铁/200",
        "锡/100",
        "镍/100",
        "铝/120",
        "silicon/200"
    ],
    "explosionRadius": 12,
    "explosionDamage": 2400,
    "category": "power",
    "research": "aeab化合发电机"
}