{
    "type": "ImpactReactor",
    "health": 3600,
    "description": "利用氢气、煤炭与冰块直接产生的能量去发电。但是需要大量电力去启动。",
    "name": "聚变反应堆",
    "size": 4,
    "lightColor": "EBFFFEFF",
    "explosionRadius": 30,
    "explosionDamage": 3600,
    "hasLiquids": true,
    "itemDuration": 120,
    "warmupSpeed": 0.00055,
    "powerProduction": 85,
    "itemCapacity": 60,
    "liquidCapacity": 90,
    "drawer": {
        "type": "DrawMulti",
        "drawers": [
            {
                "type": "DrawRegion",
                "suffix": "-bottom"
            },
            {
                "type": "DrawParticles",
                "color": "66B1FFFF",
                "alpha": 0.4,
                "blending": "additive",
                "particleSize": 5,
                "reverse": true,
                "particleRad": 12,
                "particles": 36,
                "fadeMargin": 1,
                "rotateScl": 7,
                "particleLife": 60
            },
            {
                "type": "DrawParticles",
                "color": "66B1FFFF",
                "alpha": 0.4,
                "reverse": true,
                "blending": "additive",
                "particleSize": 7,
                "particleRad": 12,
                "particles": 36,
                "fadeMargin": 1,
                "rotateScl": 7,
                "particleLife": 80
            },
            {
                "type": "DrawPlasma",
                "suffix": "-plasma-",
                "plasma1": "DEEDFFFF",
                "plasma2": "BCCEE3FF"
            },
            {
                "type": "DrawDefault"
            },
            {
                "type": "DrawGlowRegion",
                "suffix": "-glow",
                "color": "66B1FF90"
            }
        ]
    },
    "consumes": {
        "power": 10,
        "items": {
            "items": [
                "coal/6",
                "冰/2"
            ]
        },
        "liquids": [
            "hydrogen/0.6"
        ]
    },
    "requirements": [
        "锡/150",
        "镍/500",
        "graphite/460",
        "铝/600",
        "silicon/380",
        "海棱晶/160"
    ],
    "category": "power",
    "research": {
        "parent": "aeac生化反应皿",
        "objectives": [
            {
                "type": "OnSector",
                "preset": "ac蜿蜒地带"
            }
        ]
    },
    "ambientSound": "hum",
    "ambientSoundVolume": 0.85
}