{
	"type":"NuclearReactor",//核弹type，自带热量接口，需要贴图-top和-lights
	"name":"相织反应堆",
	"description": "通过相织能催化分解臭氧分子释放化学能发电，仅排放微量无害热能",
	"details":"",
	"size":5,//大小
	"health":3480,
	"itemCapacity":60,//物品容量
	"liquidCapacity":60,//液体容量
	"hasLiquids":true,//可添加液体
	"hasItems":true,//可添加物品
	"itemDuration":180,//生产时间
	"powerProduction":145,//产能（*60）
	"rebuildable":false,//自动重建
	"fuelItem": "相织能",
	"consumes": {//消耗
    	"liquid":{//消耗液体
    		"liquid":"ozone","amount":0.48,
    	}, 
    	"items": {//消耗物品 
        	"items": [
            	{ "item": "相织能",
            	"amount":1}
            ],"optional":false,//可选
    	}
	},
	"requirements": [
	"silicon/520",//材料
		"锡/350"
		"钢/340"
		"海棱晶/240"
		"phase-fabric/160",
		],
        "explosionRadius":12,
        //爆炸半径
        "explosionDamage":2400,
        //爆炸伤害
        "category": "power",//在菜单的那里，power是电力类
        "research":"aeac生化反应皿"//科技树，在什么东西的后面，原版要英文
}