{
    "type": "BeamNode",
    "category": "power",
    "name": "能量节点",
    "description": "向其他互相垂直的节点传输电力。 存储少量电力。",
    "research": {
        "parent": "aeaa能量提取机",
        "requirements": [
            "铁/20"
        ]
    },
    "requirements": [
        "铁/10"
    ],
    "consumes": {
        "powerBuffered": 3000
    },
    "size": 1,
    "health": 250,
    "range": 12,
    "fogRadius": 1,
    "hasPower": true,
    "outputsPower": true,
    "consumesPower": true,
    "laserColor2": "F7E97EFF"
}