{
    "type": "RegenProjector",
    "category": "effect",
    "name": "修复终端",
    "description": "持续修复周围范围内的建筑。需要消耗臭氧和电力。",
    "research": {
        "parent": "aceb构造修巩塔",
        "objectives": [
            "acga空间流逝器"
        ]
    },
    "requirements": [
        "graphite/400",
        "铝/300",
        "silicon/400",
        "海棱晶/300",
        "phase-fabric/200"
    ],
    "consumes": {
        "power": 10
        "liquid": {
            "liquid": "ozone",
            "amount": "0.1666666666"
        }
    },
    "size": 4,
    "health": 3600,
    "range": 80,
    "liquidCapacity": 60,
    "healPercent": 0.25
}