{
    "type": "ForceProjector",
    "category": "effect",
    "name": "护盾节点",
    "description": "在自身周围创建一个方形力场。保护范围内的建筑和单位。",
    "health": 1000,
    "armor": 5,
    "size": 1,
    "radius": 63,
    "sides": 4,
    "shieldRotation": 45,
    "shieldHealth": 1000,
    "cooldownNormal": 0.8333333333,
    "cooldownBrokenBase": 3.3333333333,
    "hasPower": false,
    "hasLiquids": false,
    "absorbEffect": {
        "type": "ParticleEffect",
        "particles": 1,
        "sizeFrom": 5,
        "sizeTo": 0,
        "length": 0,
        "baseLength": 0,
        "lifetime": 180,
        "colorFrom": "C0ECFFFF",
        "colorTo": "C0ECFFFF"
    },
    "research": {
        "parent": "acea维修节点",
        "objectives": [
            "acea维修节点"
        ]
    },
    "requirements": [
        "铁/80",
        "graphite/80"
    ]
}