{
    "name": "量子驱动装置",
    "description": "增加以自身为圆心大范围内方块的时间流逝速度，需要持续供给相织能，大幅度提高方块工作效率。",
    "type": "OverdriveProjector",
    "health": 3800,
    "size": 4,
    "range": 320,
    "useTime": 300,
    "phaseRangeBoost": 0,
    "speedBoostPhase": 0,
    "speedBoost": 3.5,
    "itemCapacity": 20,
    "liquidCapacity": 30,
    "hasBoost": false,
    "canOverdrive": false,
    "consumes": {
        "power": 12,
        "liquid": {
            "liquid": "ozone",
            "amount": "0.3333333333"
        },
        "items": {
            "items": [
                {
                    "item": "相织能",
                    "amount": 2
                }
            ],
            "booster": false,
            "optional": false
        }
    },
    "requirements": [
        "graphite/300",
        "silicon/300",
        "钢/250",
        "海棱晶/200",
        "phase-fabric/250"
    ],
    "category": "effect",
    "research": "acga空间流逝器"
}