{
	"type": "GenericCrafter",
	"name": "纯水电解机",
	"description": "将水直接电解为氢气和臭氧...不需要过滤？",
	"size": 3,
	"health": 560,
	"craftTime": 10,
	"rotate": true,
	"invertFlip": true,
	"liquidCapacity": 50,
	"regionRotated1": 3,

	"requirements": [
                { "item": "graphite", "amount": 65},
                { "item": "titanium", "amount": 120},
                { "item": "silicon", "amount": 80},
                { "item": "plastanium", "amount": 120},
                { "item": "metaglass", "amount": 120}
    ],
    "outputLiquids":[

        {"liquid": "ozone","amount":0.495},
		{"liquid": "hydrogen","amount":1.5}
		],

	"consumes": {
		"power":5,
		"liquid": {"liquid":"water","amount":1,"booster":false},
		"items": {"item": "scrap", "amount": 2 }				
	},

    "liquidOutputDirections": [1,3],
    "ambientSound": "electricHum",
    "ambientSoundVolume": 0.08,
	"category": "crafting",
	"research": "spore-press"
	}