{
	"type": "GenericCrafter",
	"name": "临界磁织布机",
	"description": "在临界高温的情况下利用磁力将材料快速编织成相织布",
	"size":3 ,
	"health":500,
	"liquidCapacity": 36,
	"itemCapacity": 32,
	"hasPower": true,
    "hasLiquids": true,
    "hasItems": true,
    "craftTime": 45,
    "ambientSound": "techloop",
    "ambientSoundVolume": 1,
    "buildCostMultiplier": 0.7,

	"requirements": [
		{"item": "graphite", "amount":250 },
		{"item": "silicon", "amount":200 },
		{"item": "titanium", "amount":300 },
		{"item": "plastanium", "amount":175 },
		{"item": "thorium", "amount":135 }

	],

	"consumes": {
        "power": 10,
        "items": {
		"items": [
				{ "item": "thorium", "amount": 6 },
                { "item": "pyratite", "amount": 4 }				
			]
		},
        "liquid": "cryofluid/0.1"
    },

    "drawer":{
    	"type":"DrawMulti",
    	"drawers":[
    		{
    	"type":"DrawRegion",
		"suffix":"-bottom"
	},
	    {"type":"DrawWeave"},
	    {"type":"DrawDefault"}
    	]
    },

	"outputItem": {"item": "phase-fabric", "amount": 4},

	"category": "crafting",
	"research":"phase-weaver"
}