{
	"type": "LiquidConverter",
	"type": "AttributeCrafter",
	"name": "高压冷却厂",
	"description": "高效率的生成冷冻液",
	"size": 3,
	"health":260 ,
	"liquidCapacity": 72,
	"itemCapacity": 12,
    "craftTime": 60,
    "attribute": "water",
    "boostScale": 0.278,

    "hasPower" : true,
    "hasItems" : true,
    "hasLiquids" : true,
    "rotate" : false,
    "solid" : true,
    "outputsLiquid" : true,
    
	"requirements": [
		{"item": "titanium", "amount":100 },
		{"item": "silicon", "amount":80 },
		{"item": "plastanium", "amount":65 }
	],
	"consumes": {
        "power": 2.5,
        "liquid": {"liquid":"water","amount":0.3 },
        "items": {
	    "items": [
	    { "item": "titanium", "amount": 3 }	]	}
    },

    "drawer":{
		"type":"DrawMulti",
		"drawers":[
		{
		"type":"DrawRegion",
		"suffix":"-bottom"
		},
		{
		 "type":"DrawLiquidTile",
		"drawLiquid":"cryofluid"
		},

		"DrawDefault"
	]},

    "outputLiquid": {"liquid": "cryofluid", "amount": 0.8},

	"category": "crafting",
	"research": "cryofluid-mixer"
}