{
	"type": "GenericCrafter",
	"name": "塑钢冲压机",
	"description": "大型塑钢压缩机，能够同时生产更多的塑钢",
    "category": "crafting",
    "size": 3,
    "health": 500,
    "itemCapacity": 20,
    "liquidCapacity": 90,
    "craftTime": 60,
    "hasPower": true,
    "hasItems": true,
    "hasLiquids" : true,
    "requirements": [
        { "item": "titanium", "amount": 140},
        { "item": "silicon", "amount": 120},
        { "item": "plastanium", "amount": 100},
        { "item": "graphite", "amount": 200},

       ],

    "drawer":{
        "type":"DrawMulti",
        "drawers":[
        {
        "type":"DrawRegion",
        "suffix":"-bottom"
        },
        {
           "type":"DrawLiquidTile",
        "drawLiquid":"oil"
        },

        "DrawDefault"
    ]},
    
    "consumes": {
        "power": 5.0,
        "liquid": {"liquid":"oil","amount":0.75 },
        "items": {
        "items": [
        { "item": "titanium", "amount": 8 } ]   }
    },

    "outputItem": {"item": "plastanium","amount":6 },

    "craftEffect": "formsmoke",
    "updateEffect": "plasticburn",

    "research": "plastanium-compressor"
}