{
	"name": "仲裁者",
	"description": "（飓风联盟军科技）在鹰眼和守护者研究出后，联盟军一直没有远程打击武器，在科技的进步下，不能被淘汰，仲裁，就是补全飓风没有远程打击的缺陷（现在的科技已经淘汰许多武器，这个世界就是弱肉强食，唯有强大，才能生存\n贴图鸣谢:烎",
	"targetAir": true,
	"targetGround": true,
	"burstSpacing": 2,
	"health": 1600,
	"size": 2,
	"reload": 230,
	"inaccuracy": 0,
	"chargeTime": 0.1,
    "chargeMaxDelay":60,
    "chargeEffects": 18,
	"recoil": 2,
	"hasPower": true,
	"shootSound": "zhong",
	"shootEffect": "shellEjectSmall",
    "smokeEffect": "shootSmallSmoke",
	"powerUse": 2.5,
	"rotateSpeed": 18,
	"range":390,
	"requirements": [
		{ "item": "silver", "amount": 100 },
        { "item": "copper", "amount": 100 },
        { "item": "electrum", "amount": 50 },
		{ "item": "silicon", "amount": 100}
	],
	"category": "turret",
	"research": "shouhu"
	}