{
	"name": "钼提取器",
	"description": "从荒漠之花中提取出钼，",
	"health": 150,
	"size": 2,
	"itemCapacity": 60,
	"hasItems": true,
	"hasLiquids": false,
	"hasPower": true,
	"craftTime": 300,
	"outputItem": {"item": "mu", "amount": 1 },
	"consumes": {
			"items": {
				"items": [
					{ "item": "huangmo", "amount": 3 },
			]
		},
		"power":{
			"usage":3.5,
			"capacity": 400
		}
	},
	"requirements": [
		{"item": "huangmo", "amount": 80 },
		{"item": "silver", "amount": 50 },
		{"item": "thorium", "amount": 60 }
	],
	"category": "crafting",
	"research": "electrum-forge"
}