{
	"name": "敌军军警报器",
	"description": "侦测范围出现敌军会发出警报",
	"type": "PowerTurret",
	"size": 2,
	"health": 500,
	"canOverdrive":false,
	"shootEffect":"none",
	"smokeEffect":"none",
	"ammoUseEffect":"none",
	"shootSound":"kongjb",
    "idleSoundVolume":30,
    "outlineIcon":false,
	"range": 1000,
	"reload":260,
	"inaccuracy": 0,
    "recoil": 0,
	"rotatespeed": 0,
	"shootCone":360,
    "coolEffect":"none",
	"powerUse": 0.4,
	"shootType": {
		"type":"BasicBulletType",
		"bulletSprite":"科技革命-jingbao",
		"hitEffect":"none",
		"despawnEffect":"none",
		"shootEffect":"none",
		"smokeEffect":"none",
		"hitSound":"none",
		"lifetime": 0,
		"speed": 0,
		"damage":0
		},
	"requirements": [
		{ "item": "silver", "amount": 8 }
	],
	"category": "effect",
	"research": "xiaoji"
}