
{
    "name": "力墙二代",
    "description":"更强悍的投影力墙",
    "type": "ForceProjector",
	"health": 3000,
	"phaseUseTime":400,
	"phaseRadiusBoost":90,
	"radius":160,
	"breakage":800,
	"cooldownNormal":1.9,
	"cooldownLiquid":1.7,
	"cooldownBrokenBase":0.5,
	"basePowerDraw":0.3,
    "size": 4,
    "consumes":{
		"power": 15,
		"items":{
			"items":[
				{"item":"electrum","amount": 2}
			],
			"booster":true
		}
	},
    "requirements": 
    [

        { "item": "electrum", "amount": 500 }

	],
	"category": "effect",
	"research": "electrum-vault"
	}