{
	"name": "纳米融合厂",
	"description": "用高端材料融合的纳米材料，有着极强的利用价值。",
	"health": 250,
	"size": 5,
	"itemCapacity": 60,
	"hasItems": true,
	"hasLiquids": false,
	"hasPower": true,
	"activeSound": "neng1",
	"flameColor": "ffd37f",
	"craftTime": 150,
	"outputItem": {"item": "Nanocore", "amount": 1 },
	"consumes": {
			"items": {
				"items": [
					{ "item": "phase-fabric", "amount": 4 },
					{ "item": "plastanium", "amount": 5 },
					{ "item": "surge-alloy", "amount": 3 }
			]
		},
		"power":{
			"usage": 10,
			"capacity": 400
		}
	},
	"requirements": [
		{"item": "surge-alloy", "amount": 100 },
		{"item": "phase-fabric", "amount": 300 },
		{"item": "plastanium", "amount": 300 }
	],
	"category": "crafting",
	"research": "alloy-smelter",
	"idleSoundVolume":16
}