{
	"name": "骑士工厂",
	"description": "（艾格尼丝自由军科技）新型战争机器 配备了最新的脉冲武器",
	"type": "UnitFactory",
	"unitType": "qishi",
	"size": 3,
	"produceTime": 850,
	"consumes": {
		"power": 7.0,
		"items": {
			"items": [
	 { "item": "silicon", "amount": 30 },
  {"item": "titanium", "amount": 20 }]
  }
 },
 "maxSpawn": 3,
	"category": "units",
	"research": "wraith-factory",
	"requirements": [
	{ "item": "silicon", "amount": 100 },
  { "item": "surge-alloy", "amount": 100 },
  { "item": "thorium", "amount": 200 }
  ]
	}
