
{
	"name": "迅猛龙",
	"description": "（艾格尼丝自由军科技）这是艾格尼丝在激光科技上的重大成就，用了特殊材料和特殊晶体让炮塔能高频率输出激光但承受的住高温，迅猛和致命……",
	"targetAir": true,
	"targetGround": true,
	"burstSpacing": 2,
	"outlineIcon":false,
	"health": 1800,
	"size": 2,
	"reload": 14,
	"inaccuracy": 0,
	"chargeTime": 0.5,
    "chargeMaxDelay":60,
    "chargeEffects": 18,
	"recoil": 3,
	"hasPower": true,
	"shootSound":"xiaojiyy",
    "smokeEffect": "shootSmallSmoke",
	"powerUse": 4,
	"rotateSpeed": 15,
	"range": 260,
	"requirements": [
		{ "item": "silver", "amount": 70 },
        { "item": "copper", "amount": 80 },
        { "item": "electrum", "amount": 50 },
		{ "item": "silicon", "amount": 80}
	],
	"category": "turret",
	"research": "lancer"
	}