{
	"type": "GenericCrafter",
	"name": "压缩巨浪合金工厂",
	"description": "制造压缩巨浪合金。",
	"health":850,
	"itemCapacity":10,
	    "liquidCapacity":30,
	"outputItem": {"item": "压缩巨浪合金","amount":5},
	"size":4,
	"hasPower": true,
	"hasItems": true,
	"craftTime":110,
	"consumes": {
		"power":2.5,
		"items": {
			"items": [
				{ "item": "压缩铜", "amount":2},
				{ "item": "压缩铅", "amount":3},
				{ "item": "压缩硅", "amount":3},
				{ "item": "压缩钛", "amount":2},
			]
		}
	},
	"requirements": [
		{ "item": "压缩铅", "amount":100 },
		{ "item": "压缩铜", "amount":105 }
		{ "item": "铱", "amount":105 }
		{ "item": "压缩硅", "amount":250 }	
		{ "item": "压缩相织布", "amount":100 }	
	],
			"drawer":{
		"type":"DrawMulti",
		"drawers":[
			{
				"type":"DrawDefault"
			}
				
			{
				"type":"DrawFlame",
				//这个type允许使用-top贴图并且拥有火焰动画
				}
				]
				}
	"category": "crafting",
	"research": "相织布厂",
		"research": {
		"parent": "相织布厂",
		"objectives": [
      {
				"type": "SectorComplete",
				"preset": "山区"
			},
    ],
	},
}
