{
	"type": "flyingUnit",
	"name": "'时空之魂'战用tardis",
	"description": "不满300米的长度对战用星舰来说可是相当少见的，但对战用tardis却是绰绰有余，足以将大火力与高防御，高机动兼顾。              全长：240米（60象素）     武器：时空抹除器             防护：100000.",
	"speed": 3.0,
	"maxVelocity":3.0, 
	"flying": true,
	"hitsize": 10,
	"health": 100000,
	"rotateWeapon": true,
	"engineOffset": 50.5,
	"engineSize":0,
	"mass":48,
    "rotateSpeed": 4.5,
    "maxRotateSpeed": 4.5,
    "weaponOffsetX": 100,
	"range": 1820,
	"weapon": {
		"name": "时空抺除器",
        "length": 2,
		"reload": 180,
    	"range": 1820,
    	"shots":1,
    	"inaccuracy":0,
		"alternate": true,
		 "bullet":{
		    "type":"BasicBulletType",
			"speed": 15,
			"damage": 100000,
			"pierce":true, 
            "collides":false,
    		"bulletSprite":"星空战争重置版-blaster",
			"bulletWidth": 15,
			"bulletHeight": 50,
			"trailEffect": "nuclearShockwave",
			"smokeEffect": "bigShockwave",
			"ammoMultiplier": 1,
			"lifetime":6000,
			"backColor":"0000ff",
			"fontColor":"0000f4",
			"heatColor":"0000f4",
			"trailColor":"0000fC",
             }
	}
}
