{
"name":"***抽水机" ,
"description":"[数据缺失]",
"type": "SolidPump",
"health": 80,
"size": 2,
"floating":false,
"hasLiquids": true,
"hasPower":true
"liquidCapacity": 40,
	"requirements": [
	    {"item": "copper", "amount": 15},
	    {"item": "lead", "amount": 15},
	    {"item": "graphite", "amount": 14},
	    {"item": "metaglass", "amount": 14}
],
"consumes":{
    "power":0.625
},
"pumpAmount": 0.9,
"rotateSpeed": 0.75,
"result":"water",
"baseEfficiency": 0.5,
"attribute": "water",
"category": "production",
"research": "water-extractor"
"alwaysUnlocked":false,
"details":"在[数据缺失]时期的研发出的抽水机。"
}