{
"name":"鬼力抽水机" ,
"description":"别问了，还是从碳钢工业超抄过来的。",
"type": "SolidPump",
"health": 100,
"size": 2,
"floating":false,
"hasLiquids": true,
"hasPower":false
"liquidCapacity": 14,
	"requirements": [
	    {"item": "copper", "amount": 30},
	    {"item": "lead", "amount": 40},
	    {"item": "graphite", "amount": 25},
],
"pumpAmount": 0.09,
"rotateSpeed": 0.75,
"result":"water",
"baseEfficiency": 1,
"attribute": "water",
"category": "production",
"research": "pneumatic-drill"
"alwaysUnlocked":false,
"details":"你说这么肆无忌惮的抄(碳钢工业)代码真的不会遭报应吗？"
}