{
 "type": "Separator",
 "name": "普通筛网",
 "description": "在冷却岩浆中进行筛矿.",
 "liquidCapacity": 50,
 "size": 2,
 "hasPower": "true",
 "hasLiquids": "true",
 "hasItems": "true",
 "craftTime": 10,
 "results": [
   { "item": "iron-ingot","amount": 1 },
   { "item": "gold-ingot","amount": 1 },
 ],
 "consumes": {
   "power": 0.2,
   "liquid": {
     "liquid": "lava",
     "amount": 0.11
   },
 },
 "requirements": [
  { "item": "copper","amount": 15 },
  { "item": "cobblestone","amount": 10 },
 ],
 "category": "crafting"
 "research": "coal-centrifuge"
}
