{
	"name": "加速火把",
   "description": "普通加速，由于没有红石（懒）所以需要电的驱动."
	"type": "OverdriveProjector",
	"health": 12,
	"size": 1,
	"range": 25,
	"reload": 90,
	"speedBoost": 4,
	"consumes": {
		"power": 0.5,
        "items":{
			"items":[
				{"item":"coal","amount":1}
			]
			"booster":true
			"optional": true
		}
	},
	"requirements": [
		{ "item":"diamond","amount": 4 },
		{ "item": "iron-ingot", "amount": 20 },
		{ "item": "silicon", "amount": 25 },
		{ "item": "gold-ingot", "amount": 16 },
		{ "item": "graphite", "amount": 25 }
	],
	"category":"effect",
	"research":"overdrive-projector"
}