{
	"type":"ForceProjector"
	"name":"结构方块"
	"description":"我的结构方块居然是力墙？别说了小问号，我也有很多朋友."
	"health": 214748,
	"size": 2,
	"radius": 100,
	"color": "ab82ff",
	"breakage": 2147483647,
	"hasPower":true,
	"cooldown": 120,
	"cooldownNormal": 15,
	"basePowerDraw":0.5,
	"cooldownBrokenBase": 30
	"consumes":{
		"power":1
		"items":{
			"items":[
				{"item":"bedrock","amount":1}
			]
			"booster":true,
			"optional":true
		}
	}
	"requirements":[
		{ "item":"titanium","amount":200}
		{ "item":"silicon","amount":200}
		{ "item":"surge-alloy","amount":100}
		{ "item":"bedrock","amount":30}
	]
	"category":"defense"
	"research":"force-projector"
}