{
 "type": "Separator",
 "name": "虚空采矿机",
 "description": "在虚无之中采矿，需要水的协助（冷却液过凉会导致钻头无法运行<一本正经的胡说八道>），我的世界模组？忘了，不过这个有三个型号，懒，就做一个.",
 "liquidCapacity": 50,
 "itemCapacity":20
 "size": 3,
 "hasPower": "true",
 "hasLiquids": "true",
 "hasItems": "true",
 "craftTime": 0.5,
 "results": [
   { "item": "copper", "amount": 5 },
   { "item": "lead", "amount": 5 },
   { "item": "titanium", "amount": 5 },
   { "item": "thorium", "amount": 4 },
   { "item": "cobblestone", "amount": 10 },
   { "item": "iron-ingot","amount": 4 },
   { "item": "gold-ingot","amount": 3 },
   { "item": "diamond","amount": 2 },
   { "item": "emerald","amount": 2 },
   { "item": "龙尘", "amount": 1 },
 ],
 "consumes": {
   "power": 3,
   "liquid": {
     "liquid": "water",
     "amount": 0.25,
   },
 },
 "requirements": [
  { "item": "copper","amount": 150 },
  { "item": "diamond","amount": 45 },
  { "item": "emerald","amount": 30 },
  { "item": "龙尘", "amount": 28 },
 ],
 "category": "production"
 "research": "blast-drill"
}
