{ 
    // 名称为 "大型甲墙"
    "name":"大型甲墙",
    // 类型为 "RegenProjector"，可能表示一种回血投射器
    "type":"RegenProjector",
    // 描述为 "可以自动回血的生物墙"
    "description":"可以自动回血的生物墙",
    // 作用范围为 1
    "range":1,
    // 所属分组为 "walls"，可能表示墙类别
    "group":"walls",
    // 回血百分比为 0.01
    "healPercent":0.01,
    // 不具有电力相关功能
    "hasPower":false,
    // 生命值为 6000
    "health":6000,
    // 尺寸大小为 2
    "size":2,
    // 可以过载，为真
    "canOverdrive":true,
    // 基础颜色为 "F6BB64FF"
    "baseColor":"F6BB64FF",
    // 制作所需物品
    "requirements":[
        { "item": "营养块", "amount": 61 }
    ],
    // 所属类别为 "defense"，可能表示防御类别
    "category":"defense",
    // 研究需求为 "血墙"
    "research":"血墙"
}
