{
    "name": "进军",
    "description": "发射威力巨大的子弹攻击敌人",
    "type": "tank",
    "template": "TankUnitType",
    "health": 20600,
    "armor": 48,
    "hitSize": 84,
    "speed": 0.6,
    "accel": 0.1,
    "drag": 0.08,
    "rotateSpeed": 0.54,
    "treadRects": [
        {
            "x": -150,
            "y": 70,
            "width": 50,
            "height": 110
        },
        {
            "x": -150,
            "y": -180,
            "width": 50,
            "height": 140
        }
    ],
    "hovering": true,
    "faceTarget": false,
    "rotateMoveFirst": false,
    "treadFrames": 20,
    "crushDamage": 20,
    "treadPullOffset": 1,
    "immunities": [
        "unmoving"
    ],
    "weapons": [
        {
            "name": "adae进军2",
            "x": -32.25,
            "y": 9.5,
            "recoil": 3,
            "mirror": false,
            "shake": 3,
            "shootY": 9,
            "reload": 60,
            "inaccuracy": 5,
            "shootCone": 10,
            "shoot": {
                "type": "ShootAlternate",
                "shots": 3,
                "spread": 8,
                "shotDelay": 5
            },
            "rotate": true,
            "rotateSpeed": 3,
            "rotationLimit": 120,
            "cooldownTime": 85,
            "shootSound": "cannon",
            "ejectEffect": "casing4",
            "bullet": {
                "damage": 80,
                "lifetime": 16,
                "speed": 20,
                "shrinkY": 0,
                "width": 16,
                "height": 16,
                "weaveMag": 1,
                "weaveScale": 4,
                "trailLength": 12,
                "trailWidth": 3.2,
                "trailColor": "DEEDFFFF",
                "hitColor": "DEEDFFFF",
                "absorbable": false,
                "reflectable": false,
                "splashDamage": 120,
                "splashDamageRadius": 48,
                "shootEffect": {
                    "type": "ParticleEffect",
                    "particles": 3,
                    "lifetime": 25,
                    "sizeFrom": 3,
                    "sizeTo": 0,
                    "cone": 15,
                    "length": 33,
                    "colorFrom": "DEEDFFFF",
                    "colorTo": "BCCEE3FF"
                },
                "smokeEffect": "shootSmokeSquare",
                "trailChance": 0.25,
                "trailEffect": {
                    "type": "ParticleEffect",
                    "particles": 1,
                    "lifetime": 25,
                    "sizeFrom": 3,
                    "sizeTo": 0,
                    "cone": 360,
                    "length": 23,
                    "sizeInterp": "pow10In",
                    "colorFrom": "DEEDFFFF",
                    "colorTo": "BCCEE3FF"
                },
                "hitShake": 8,
                "hitSound": "plasmaboom",
                "despawnEffect": "none",
                "hitEffect": {
                    "type": "MultiEffect",
                    "effects": [
                        {
                            "type": "ParticleEffect",
                            "region": "blank",
                            "particles": 3,
                            "lifetime": 33,
                            "sizeFrom": 5,
                            "sizeTo": 0,
                            "cone": 360,
                            "offset": 45,
                            "length": 55,
                            "baseLength": 33,
                            "interp": "pow5Out",
                            "sizeInterp": "pow10In",
                            "colorFrom": "DEEDFFFF",
                            "colorTo": "BCCEE3FF"
                        },
                        {
                            "type": "ParticleEffect",
                            "lifetime": 33,
                            "particles": 9,
                            "line": true,
                            "strokeFrom": 2,
                            "lenFrom": 11,
                            "lenTo": 0,
                            "cone": 360,
                            "length": 80,
                            "colorFrom": "DEEDFFFF",
                            "colorTo": "BCCEE3FF"
                        },
                        {
                            "type": "WaveEffect",
                            "lifetime": 15,
                            "sizeTo": 80,
                            "strokeFrom": 4,
                            "colorFrom": "BCCEE3FF",
                            "colorTo": "DEEDFFFF"
                        },
                        "hitSquaresColor"
                    ]
                }
            }
        },
        {
            "name": "adae进军2",
            "x": 32,
            "y": -8.75,
            "recoil": 3,
            "mirror": false,
            "shake": 3,
            "shootY": 9,
            "reload": 60,
            "inaccuracy": 5,
            "shootCone": 10,
            "shoot": {
                "type": "ShootAlternate",
                "shots": 3,
                "spread": 8,
                "shotDelay": 5
            },
            "rotate": true,
            "rotateSpeed": 3,
            "rotationLimit": 120,
            "cooldownTime": 85,
            "shootSound": "cannon",
            "ejectEffect": "casing4",
            "bullet": {
                "damage": 80,
                "lifetime": 16,
                "speed": 20,
                "shrinkY": 0,
                "width": 16,
                "height": 16,
                "weaveMag": 1,
                "weaveScale": 4,
                "trailLength": 12,
                "trailWidth": 3.2,
                "trailColor": "DEEDFFFF",
                "hitColor": "DEEDFFFF",
                "absorbable": false,
                "reflectable": false,
                "splashDamage": 120,
                "splashDamageRadius": 48,
                "shootEffect": {
                    "type": "ParticleEffect",
                    "particles": 3,
                    "lifetime": 25,
                    "sizeFrom": 3,
                    "sizeTo": 0,
                    "cone": 15,
                    "length": 33,
                    "colorFrom": "DEEDFFFF",
                    "colorTo": "BCCEE3FF"
                },
                "smokeEffect": "shootSmokeSquare",
                "trailChance": 0.25,
                "trailEffect": {
                    "type": "ParticleEffect",
                    "particles": 1,
                    "lifetime": 25,
                    "sizeFrom": 3,
                    "sizeTo": 0,
                    "cone": 360,
                    "length": 23,
                    "sizeInterp": "pow10In",
                    "colorFrom": "DEEDFFFF",
                    "colorTo": "BCCEE3FF"
                },
                "hitShake": 8,
                "hitSound": "plasmaboom",
                "despawnEffect": "none",
                "hitEffect": {
                    "type": "MultiEffect",
                    "effects": [
                        {
                            "type": "ParticleEffect",
                            "region": "blank",
                            "particles": 3,
                            "lifetime": 33,
                            "sizeFrom": 5,
                            "sizeTo": 0,
                            "cone": 360,
                            "offset": 45,
                            "length": 55,
                            "baseLength": 33,
                            "interp": "pow5Out",
                            "sizeInterp": "pow10In",
                            "colorFrom": "DEEDFFFF",
                            "colorTo": "BCCEE3FF"
                        },
                        {
                            "type": "ParticleEffect",
                            "lifetime": 33,
                            "particles": 9,
                            "line": true,
                            "strokeFrom": 2,
                            "lenFrom": 11,
                            "lenTo": 0,
                            "cone": 360,
                            "length": 80,
                            "colorFrom": "DEEDFFFF",
                            "colorTo": "BCCEE3FF"
                        },
                        {
                            "type": "WaveEffect",
                            "lifetime": 15,
                            "sizeTo": 80,
                            "strokeFrom": 4,
                            "colorFrom": "BCCEE3FF",
                            "colorTo": "DEEDFFFF"
                        },
                        "hitSquaresColor"
                    ]
                }
            }
        },
        {
            "name": "adae进军2",
            "x": -32,
            "y": -8.75,
            "recoil": 3,
            "mirror": false,
            "shake": 3,
            "shootY": 9,
            "reload": 60,
            "inaccuracy": 5,
            "shootCone": 10,
            "shoot": {
                "type": "ShootAlternate",
                "shots": 3,
                "spread": 8,
                "shotDelay": 5
            },
            "rotate": true,
            "rotateSpeed": 3,
            "rotationLimit": 120,
            "cooldownTime": 85,
            "shootSound": "cannon",
            "ejectEffect": "casing4",
            "bullet": {
                "damage": 80,
                "lifetime": 16,
                "speed": 20,
                "shrinkY": 0,
                "width": 16,
                "height": 16,
                "weaveMag": 1,
                "weaveScale": 4,
                "trailLength": 12,
                "trailWidth": 3.2,
                "trailColor": "DEEDFFFF",
                "hitColor": "DEEDFFFF",
                "absorbable": false,
                "reflectable": false,
                "splashDamage": 120,
                "splashDamageRadius": 48,
                "shootEffect": {
                    "type": "ParticleEffect",
                    "particles": 3,
                    "lifetime": 25,
                    "sizeFrom": 3,
                    "sizeTo": 0,
                    "cone": 15,
                    "length": 33,
                    "colorFrom": "DEEDFFFF",
                    "colorTo": "BCCEE3FF"
                },
                "smokeEffect": "shootSmokeSquare",
                "trailChance": 0.25,
                "trailEffect": {
                    "type": "ParticleEffect",
                    "particles": 1,
                    "lifetime": 25,
                    "sizeFrom": 3,
                    "sizeTo": 0,
                    "cone": 360,
                    "length": 23,
                    "sizeInterp": "pow10In",
                    "colorFrom": "DEEDFFFF",
                    "colorTo": "BCCEE3FF"
                },
                "hitShake": 8,
                "hitSound": "plasmaboom",
                "despawnEffect": "none",
                "hitEffect": {
                    "type": "MultiEffect",
                    "effects": [
                        {
                            "type": "ParticleEffect",
                            "region": "blank",
                            "particles": 3,
                            "lifetime": 33,
                            "sizeFrom": 5,
                            "sizeTo": 0,
                            "cone": 360,
                            "offset": 45,
                            "length": 55,
                            "baseLength": 33,
                            "interp": "pow5Out",
                            "sizeInterp": "pow10In",
                            "colorFrom": "DEEDFFFF",
                            "colorTo": "BCCEE3FF"
                        },
                        {
                            "type": "ParticleEffect",
                            "lifetime": 33,
                            "particles": 9,
                            "line": true,
                            "strokeFrom": 2,
                            "lenFrom": 11,
                            "lenTo": 0,
                            "cone": 360,
                            "length": 80,
                            "colorFrom": "DEEDFFFF",
                            "colorTo": "BCCEE3FF"
                        },
                        {
                            "type": "WaveEffect",
                            "lifetime": 15,
                            "sizeTo": 80,
                            "strokeFrom": 4,
                            "colorFrom": "BCCEE3FF",
                            "colorTo": "DEEDFFFF"
                        },
                        "hitSquaresColor"
                    ]
                }
            }
        },
        {
            "name": "adae进军2",
            "x": 32.25,
            "y": 9.5,
            "recoil": 3,
            "mirror": false,
            "shake": 3,
            "shootY": 9,
            "reload": 60,
            "inaccuracy": 5,
            "shootCone": 10,
            "shoot": {
                "type": "ShootAlternate",
                "shots": 3,
                "spread": 8,
                "shotDelay": 5
            },
            "rotate": true,
            "rotateSpeed": 3,
            "rotationLimit": 120,
            "cooldownTime": 85,
            "shootSound": "cannon",
            "ejectEffect": "casing4",
            "bullet": {
                "damage": 80,
                "lifetime": 16,
                "speed": 20,
                "shrinkY": 0,
                "width": 16,
                "height": 16,
                "weaveMag": 1,
                "weaveScale": 4,
                "trailLength": 12,
                "trailWidth": 3.2,
                "trailColor": "DEEDFFFF",
                "hitColor": "DEEDFFFF",
                "absorbable": false,
                "reflectable": false,
                "splashDamage": 120,
                "splashDamageRadius": 48,
                "shootEffect": {
                    "type": "ParticleEffect",
                    "particles": 3,
                    "lifetime": 25,
                    "sizeFrom": 3,
                    "sizeTo": 0,
                    "cone": 15,
                    "length": 33,
                    "colorFrom": "DEEDFFFF",
                    "colorTo": "BCCEE3FF"
                },
                "smokeEffect": "shootSmokeSquare",
                "trailChance": 0.25,
                "trailEffect": {
                    "type": "ParticleEffect",
                    "particles": 1,
                    "lifetime": 25,
                    "sizeFrom": 3,
                    "sizeTo": 0,
                    "cone": 360,
                    "length": 23,
                    "sizeInterp": "pow10In",
                    "colorFrom": "DEEDFFFF",
                    "colorTo": "BCCEE3FF"
                },
                "hitShake": 8,
                "hitSound": "plasmaboom",
                "despawnEffect": "none",
                "hitEffect": {
                    "type": "MultiEffect",
                    "effects": [
                        {
                            "type": "ParticleEffect",
                            "region": "blank",
                            "particles": 3,
                            "lifetime": 33,
                            "sizeFrom": 5,
                            "sizeTo": 0,
                            "cone": 360,
                            "offset": 45,
                            "length": 55,
                            "baseLength": 33,
                            "interp": "pow5Out",
                            "sizeInterp": "pow10In",
                            "colorFrom": "DEEDFFFF",
                            "colorTo": "BCCEE3FF"
                        },
                        {
                            "type": "ParticleEffect",
                            "lifetime": 33,
                            "particles": 9,
                            "line": true,
                            "strokeFrom": 2,
                            "lenFrom": 11,
                            "lenTo": 0,
                            "cone": 360,
                            "length": 80,
                            "colorFrom": "DEEDFFFF",
                            "colorTo": "BCCEE3FF"
                        },
                        {
                            "type": "WaveEffect",
                            "lifetime": 15,
                            "sizeTo": 80,
                            "strokeFrom": 4,
                            "colorFrom": "BCCEE3FF",
                            "colorTo": "DEEDFFFF"
                        },
                        "hitSquaresColor"
                    ]
                }
            }
        },
        {
            "name": "adae进军1",
            "x": 0,
            "recoil": 8,
            "shake": 20,
            "shootY": 64,
            "reload": 360,
            "shootCone": 1,
            "mirror": false,
            "rotate": true,
            "rotateSpeed": 1,
            "layerOffset": 0.01,
            "cooldownTime": 300,
            "shootSound": "撕裂发射",
            "bullet": {
                "damage": 120,
                "lifetime": 18,
                "speed": 20,
                "shrinkY": 0,
                "width": 32,
                "height": 32,
                "trailLength": 12,
                "trailWidth": 6.4,
                "trailColor": "DEEDFFFF",
                "absorbable": false,
                "reflectable": false,
                "splashDamage": 120,
                "splashDamageRadius": 240,
                "shootEffect": {
                    "type": "MultiEffect",
                    "effects": [
                        {
                            "type": "ParticleEffect",
                            "followParent": false,
                            "particles": 12,
                            "lifetime": 25,
                            "line": true,
                            "strokeFrom": 5,
                            "lenFrom": 24,
                            "lenTo": 0,
                            "cone": 30,
                            "length": 109,
                            "colorFrom": "DEEDFFFF",
                            "colorTo": "BCCEE3FF"
                        },
                        {
                            "type": "WaveEffect",
                            "lifetime": 10,
                            "sizeFrom": 5,
                            "sizeTo": 80,
                            "strokeFrom": 3,
                            "strokeTo": 0,
                            "colorFrom": "DEEDFFFF",
                            "colorTo": "BCCEE3FF"
                        }
                    ]
                },
                "smokeEffect": {
                    "type": "MultiEffect",
                    "effects": [
                        {
                            "type": "ParticleEffect",
                            "followParent": false,
                            "particles": 23,
                            "lifetime": 125,
                            "sizeFrom": 8,
                            "sizeTo": 0,
                            "cone": 30,
                            "length": 60,
                            "interp": "pow10Out",
                            "sizeInterp": "pow10In",
                            "colorFrom": "DEEDFFFF",
                            "colorTo": "DEEDFFFF"
                        },
                        "smokeCloud"
                    ]
                },
                "trailChance": 1,
                "trailEffect": {
                    "type": "ParticleEffect",
                    "region": "blank",
                    "particles": 1,
                    "lifetime": 55,
                    "sizeFrom": 3,
                    "sizeTo": 0,
                    "cone": 360,
                    "length": 43,
                    "offset": 45,
                    "sizeInterp": "pow5In",
                    "colorFrom": "DEEDFFFF",
                    "colorTo": "BCCEE3FF"
                },
                "hitShake": 20,
                "hitSound": "plasmaboom",
                "despawnEffect": "none",
                "hitEffect": {
                    "type": "MultiEffect",
                    "effects": [
                        {
                            "type": "ParticleEffect",
                            "particles": 23,
                            "lifetime": 145,
                            "sizeFrom": 24,
                            "sizeTo": 0,
                            "cone": 360,
                            "length": 135,
                            "baseLength": 33,
                            "interp": "pow10Out",
                            "sizeInterp": "pow10In",
                            "colorFrom": "BCCEE3FF",
                            "colorTo": "DEEDFFFF"
                        },
                        {
                            "type": "ParticleEffect",
                            "particles": 19,
                            "lifetime": 32,
                            "line": true,
                            "strokeFrom": 8,
                            "lenFrom": 23,
                            "lenTo": 0,
                            "cone": 360,
                            "length": 193,
                            "baseLength": 47,
                            "colorFrom": "DEEDFFFF",
                            "colorTo": "BCCEE3FF"
                        },
                        {
                            "type": "WaveEffect",
                            "lifetime": 15,
                            "sizeFrom": 20,
                            "sizeTo": 240,
                            "strokeFrom": 12,
                            "strokeTo": 0,
                            "colorFrom": "BCCEE3FF",
                            "colorTo": "DEEDFFFF"
                        }
                    ]
                },
                "parts": [
                    {
                        "type": "HaloPart",
                        "tri": true,
                        "shapes": 2,
                        "radius": 6,
                        "triLength": 64,
                        "haloRadius": 64,
                        "haloRotation": 90,
                        "color": "BCCEE3FF",
                        "layer": 110
                    },
                    {
                        "type": "HaloPart",
                        "tri": true,
                        "shapeRotation": 180,
                        "shapes": 2,
                        "radius": 6,
                        "triLength": 16,
                        "haloRadius": 64,
                        "haloRotation": 90,
                        "color": "BCCEE3FF",
                        "layer": 110
                    },
                    {
                        "type": "ShapePart",
                        "hollow": true,
                        "sides": 4,
                        "radius": 24,
                        "stroke": 2,
                        "color": "BCCEE3FF",
                        "layer": 110
                    },
                    {
                        "type": "ShapePart",
                        "hollow": true,
                        "sides": 4,
                        "radius": 42,
                        "stroke": 2,
                        "color": "BCCEE3FF",
                        "layer": 110
                    }
                ],
                "fragBullets": 4,
                "fragLifeMin": 0.2,
                "fragVelocityMin": 1,
                "fragBullet": {
                    "type": "BulletType",
                    "damage": 120,
                    "lifetime": 30,
                    "speed": 4,
                    "splashDamage": 120,
                    "splashDamageRadius": 80,
                    "hitShake": 8,
                    "hitSound": "laser",
                    "hitEffect": {
                        "type": "MultiEffect",
                        "effects": [
                            {
                                "type": "ParticleEffect",
                                "particles": 11,
                                "lifetime": 121,
                                "sizeFrom": 8,
                                "sizeTo": 0,
                                "cone": 360,
                                "length": 56,
                                "baseLength": 15,
                                "interp": "pow10Out",
                                "sizeInterp": "pow10In",
                                "colorFrom": "BCCEE3FF",
                                "colorTo": "DEEDFFFF"
                            },
                            {
                                "type": "ParticleEffect",
                                "particles": 19,
                                "lifetime": 33,
                                "line": true,
                                "strokeFrom": 5,
                                "lenFrom": 29,
                                "lenTo": 0,
                                "cone": 360,
                                "length": 147,
                                "baseLength": 33,
                                "colorFrom": "BCCEE3FF",
                                "colorTo": "DEEDFFFF"
                            },
                            {
                                "type": "WaveEffect",
                                "lifetime": 15,
                                "sizeFrom": 5,
                                "sizeTo": 180,
                                "strokeFrom": 9,
                                "strokeTo": 0,
                                "colorFrom": "BCCEE3FF",
                                "colorTo": "DEEDFFFF"
                            }
                        ]
                    },
                    "despawnEffect": "none",
                    "fragBullets": 3,
                    "fragLifeMin": 0.2,
                    "fragVelocityMin": 1,
                    "fragBullet": {
                        "type": "BulletType",
                        "damage": 120,
                        "lifetime": 30,
                        "speed": 4,
                        "hitShake": 4,
                        "hitSound": "laser",
                        "hitEffect": {
                            "type": "MultiEffect",
                            "effects": [
                                {
                                    "type": "ParticleEffect",
                                    "particles": 5,
                                    "lifetime": 97,
                                    "sizeFrom": 6,
                                    "sizeTo": 0,
                                    "cone": 360,
                                    "length": 46,
                                    "baseLength": 5,
                                    "interp": "pow10Out",
                                    "sizeInterp": "pow10In",
                                    "colorFrom": "BCCEE3FF",
                                    "colorTo": "DEEDFFFF"
                                },
                                {
                                    "type": "ParticleEffect",
                                    "particles": 13,
                                    "lifetime": 33,
                                    "line": true,
                                    "strokeFrom": 4,
                                    "lenFrom": 23,
                                    "lenTo": 0,
                                    "cone": 360,
                                    "length": 100,
                                    "baseLength": 20,
                                    "colorFrom": "DEEDFFFF",
                                    "colorTo": "BCCEE3FF"
                                },
                                {
                                    "type": "WaveEffect",
                                    "lifetime": 15,
                                    "sizeFrom": 0,
                                    "sizeTo": 120,
                                    "strokeFrom": 6,
                                    "strokeTo": 0,
                                    "colorFrom": "BCCEE3FF",
                                    "colorTo": "DEEDFFFF"
                                }
                            ]
                        },
                        "despawnEffect": "none",
                        "splashDamage": 100,
                        "splashDamageRadius": 40,
                        "fragBullets": 7,
                        "fragLifeMin": 0.2,
                        "fragVelocityMin": 1,
                        "fragBullet": {
                            "type": "BulletType",
                            "damage": 20,
                            "lifetime": 20,
                            "speed": 4,
                            "splashDamage": 20,
                            "splashDamageRadius": 20,
                            "hitShake": 2,
                            "hitEffect": {
                                "type": "MultiEffect",
                                "effects": [
                                    {
                                        "type": "ParticleEffect",
                                        "particles": 2,
                                        "lifetime": 73,
                                        "sizeFrom": 4,
                                        "sizeTo": 0,
                                        "cone": 360,
                                        "length": 26,
                                        "interp": "pow10Out",
                                        "sizeInterp": "pow10In",
                                        "colorFrom": "BCCEE3FF",
                                        "colorTo": "DEEDFFFF"
                                    },
                                    {
                                        "type": "ParticleEffect",
                                        "lifetime": 33,
                                        "particles": 8,
                                        "line": true,
                                        "strokeFrom": 3,
                                        "lenFrom": 17,
                                        "lenTo": 0,
                                        "cone": 360,
                                        "length": 47,
                                        "baseLength": 13,
                                        "colorFrom": "BCCEE3FF",
                                        "colorTo": "DEEDFFFF"
                                    },
                                    {
                                        "type": "WaveEffect",
                                        "lifetime": 15,
                                        "sizeFrom": 0,
                                        "sizeTo": 60,
                                        "strokeFrom": 3,
                                        "strokeTo": 0,
                                        "colorFrom": "BCCEE3FF",
                                        "colorTo": "DEEDFFFF"
                                    }
                                ]
                            },
                            "despawnEffect": "none"
                        }
                    }
                }
            },
            "parts": [
                {
                    "type": "RegionPart",
                    "progress": "recoil",
                    "suffix": "-shot",
                    "under": true,
                    "moveY": -10
                }
            ]
        }
    ],
    "abilities": [
        {
            "type": "ShieldRegenFieldAbility",
            "amount": 300,
            "max": 3000,
            "reload": 90,
            "range": 80,
            "activeEffect": {
                "type": "WaveEffect",
                "lifetime": 25,
                "sizeFrom": 16,
                "sizeTo": 80,
                "strokeFrom": 10,
                "strokeTo": 0,
                "colorFrom": "DEEDFFFF",
                "colorTo": "DEEDFFFF"
            },
            "applyEffect": {
                "type": "WaveEffect",
                "lifetime": 60,
                "sides": 6,
                "sizeFrom": 24,
                "sizeTo": 0,
                "strokeFrom": 0,
                "strokeTo": 3,
                "interp": "exp10Out",
                "colorFrom": "DEEDFFFF",
                "colorTo": "DEEDFFFF"
            }
        }
    ]
}