{
	"type": "GenericCrafter",
	"name": "净水厂",
	"description": "利用活性炭分离泥浆中的杂质",
	"health":700
	"outputLiquid":{"liquid":"water","amount":0.3}
	"itemCapacity":30
	"size":3,
    "hasItems": true,
	"hasLiquids": true,
	"solid": true,
	"outputsLiquid": true,
	"hasPower":false
	"liquidCapacity":180
	"craftTime":50
	"consumes": {
	"power":3
			"items": {
		    "items": ["焦炭/2"]
	},
	"liquids":{"liquids":["泥浆/0.5"]}
		},
	
"drawer":{
	    "type":"DrawMulti",
	    "drawers":[
	        {"type":"DrawCircle"
	    "color":"ff6060ff"
	    "strokeMax":2.5
	    "radius":2.5
	    "amount":4
	    "x":8.5
	    "y":8.5
	    }
	    {"type":"DrawCircle"
	    "color":"ff6060ff"
	    "strokeMax":2.5
	    "radius":2.5
	    "amount":4
	    "x":-8.5
	    "y":8.5
	    }
	    {"type":"DrawCircle"
	    "color":"ff6060ff"
	    "strokeMax":2.5
	    "radius":2.5
	    "amount":4
	    "x":8.5
	    "y":-8.5
	    }
	    {"type":"DrawCircle"
	    "color":"ff6060ff"
	    "strokeMax":2.5
	    "radius":2.5
	    "amount":4
	    "x":-8.5
	    "y":-8.5
	    }
	    {
	    "type":"DrawRegion",
	    "suffix":"-bottom"
	    },
	    {
	       "type":"DrawLiquidTile",
	    "drawLiquid":"泥浆"
	    },
	    {
	       "type":"DrawLiquidTile",
	    "drawLiquid":"water"
	    },
	    "DrawDefault"
	    {
	    "type":"DrawRegion"
	    "spinSprite":true
	    "rotateSpeed":4
	    "suffix":"-rotator"
	    }
	    {"type":"DrawRegion"
	     "suffix":"-top"
	     "layer":50.02
	    }
	]}
	"requirements": [
	],
	"category": "crafting",
	//"research": "copper"
}