{
	"type": "GenericCrafter",
	"name": "氦分离机",
	"description": "分离空气中的氦"
	"outputLiquids":["氦/0.1",],
	"size": 3,
	"hasPower": true,
	"hasItems":false
	"craftTime":120
	"liquidCapacity":100
	"hasItems":false
	"consumes": {
	    "power":2.5
		"liquids": {
		    "liquids": [
	 	{"liquid": "压缩空气","amount":0.5}
		]
	},
},
"drawer":{
	    "type":"DrawMulti",
	    "drawers":[
	    {
	    "type":"DrawRegion",
	    "suffix":"-bottom"
	    },
	    {
	       "type":"DrawLiquidTile",
	    "drawLiquid":"氦"
	                "padLeft":9
	    "padRight":9
	    "padTop":9
	    "padBottom":9
	    }
	          { "type":"DrawLiquidTile",
	    "drawLiquid":"压缩空气"
	    "padRight":14.5
	        "padTop":3
	    "padBottom":3
	    }
	              { "type":"DrawLiquidTile",
	    "drawLiquid":"压缩空气"
	    "padLeft":14.5
	            "padTop":3
	    "padBottom":3
	    }
	    "DrawDefault"
	]},
	"requirements": [
	],
	"category": "crafting",
	//"research": "graphite-press",
	"idleSound": "respawning",
	//"updateEffect": "smeltsmoke"
	"idleSoundVolume": 0.8
	"health":800
}