{
	"type": "GenericCrafter",
	"name": "浓缩结晶器",
	"description": "浓缩海水结晶获取重晶石",
	"health":820,
	"outputItem": {"item": "重晶石", "amount":1},
	"itemCapacity":30
	"size":2
	"hasLiquids": true,
	"hasPower": true,
	"liquidCapacity":100
	"craftTime":40
	"consumes": {
		"power":3
	"liquid": 
	{"liquid": "盐卤水", "amount": 0.41666666666666}
		},
"drawer":{
	    "type":"DrawMulti",
	    "drawers":[
	    {
	    "type":"DrawRegion",
	    "suffix":"-bottom"
	    },
	    {
	       "type":"DrawLiquidTile",
	    "drawLiquid":"water"
	    },
	        {
	       "type":"DrawLiquidTile",
	    "drawLiquid":"盐卤水"
	    },
	    "DrawDefault"
	]},
	"requirements": [
	],
	"category": "crafting",
}