{
	"type": "GenericCrafter",
	"name": "烧灼混合器",
	"description": "",
	"health":1200
	"outputLiquid":{"liquid":"烧灼液","amount":0.5}
	"itemCapacity":30
	"size":3,
    "hasItems": true,
	"hasLiquids": true,
	"solid": true,
	"outputsLiquid": true,
	"hasPower":false
	"liquidCapacity":100
	"craftTime":20
	"craftEffect":
		{"type":"ParticleEffect"
	"colorFrom":"F98F4AFF"
	"colorTo":"F98F4AFF"
	"sizeFrom":3
	"sizeTo":0
	"length":10
	}
	"consumes": {
	"power":3
	"liquids":{"liquids":["磺基重油/0.5","neoplasm/0.333333333"]}
		},
	
"drawer":{
	    "type":"DrawMulti",
	    "drawers":[
	    "DrawDefault"
	        {
	    "type":"DrawRegion",
	    "suffix":"-bottom"
	    "layer":20
	    },
	            {
	    "type":"DrawRegion",
	    "suffix":"-top"
	    "layer":30.02
	    },
	    {"type":"DrawPistons"
	    "sides":8
	    "sinScl":5
	    "sinMag":2.75
	    "layer":29.99
	    }
	        {"type":"DrawGlowRegion"
	    "color":"BF6F39FF"
	    }
	]}
	"requirements": [
	],
	"category": "crafting",
	//"research": "copper"
}