{
		"type": "GenericCrafter",
	"name": "菌丝培养仪",
	"description":"恒温条件下培养泥浆中的真菌",
	"health":600
	"outputItem": {"item": "真菌云母", "amount":1},
	"itemCapacity":20
	"liquidCapacity":60
	"size":2
    "hasItems": true,
	"hasLiquids": true,
	"solid": true,
	"hasPower": true,
	"craftTime":100
	"drawer":{
	    "type":"DrawMulti",
	    "drawers":[
	    {
	    "type":"DrawRegion",
	    "suffix":"-bottom"
	    "layer":29
	    },]}
	"consumes": {
		"power":2
	"liquid":"泥浆/0.3333333333"
		},
	"requirements": [
	],
	"category": "crafting",
	"research": "copper"
}