{
    "type": "MendProjector",
    "consumes": {
    },
    "name": "焰菌孢子墙",
    "description": "每隔五秒自动恢复自身10%的血量。",
    "size": 2,
    "reload": 300,
    
    "range": 0.00001,
    "lightRadius": 0.000001,
    "phaseBoost": 0.000001,
    "phaseRangeBoost": 0.000001,
    
    "healPercent": 10,
    "health": 3840,
    "hasPower": false,
    "hasItems": false,
    "emitLight": false,
    "solid": true,
    
    "baseColor": "B95353",
    "phaseColor": "B95353",
    

    
	"category": "defense",
	"research":"duo",
    "requirements": [
        {
            "item": "flame_spore",
            "amount": 20
        }
    ]
}

/*
        mendProjector = new MendProjector("mend-projector"){{
            requirements(Category.effect, with(Items.lead, 100, Items.titanium, 25, Items.silicon, 40, Items.copper, 50));
            consumePower(1.5f);
            size = 2;
            reload = 250f;
            range = 85f;
            healPercent = 11f;
            phaseBoost = 15f;
            scaledHealth = 80;
            consumeItem(Items.phaseFabric).boost();
        }};
public class MendProjector extends Block{
    public final int timerUse = timers++;
    public Color baseColor = Color.valueOf("84f491");
    public Color phaseColor = baseColor;
    public @Load("@-top") TextureRegion topRegion;
    public float reload = 250f;
    public float range = 60f;
    public float healPercent = 12f;
    public float phaseBoost = 12f;
    public float phaseRangeBoost = 50f;
    public float useTime = 400f;

    public MendProjector(String name){
        super(name);
        solid = true;
        update = true;
        group = BlockGroup.projectors;
        hasPower = true;
        hasItems = true;
        emitLight = true;
        lightRadius = 50f;
        suppressable = true;
        envEnabled |= Env.space;
    }*/