{
	"type": "ItemTurret",//类型
	"category": "turret",//菜单栏
	"name": "贯透",//名字
	"description": "步枪型防御塔，发射能穿透多个目标的子弹。",//介绍
	"research":"a-裂芯"//前置科技树
	"alwaysUnlocked":true,//科技树默认解锁
	"drawer": {
	"type": "drawTurret"},
	"requirements": [
	{ "item":"copper","amount":60},{"item":"钢铁","amount":20}	],
	"size": 2,//大小
	"health": 400,//血量
	"rotateSpeed": 6,//转头速度
	"maxAmmo":12,//弹药容量
	"reload": 60,//装填速度
	"ammoPerShot":1,//单发消耗
	"ammoUseEffect": "casing3",//子抛壳特效
	"shootEffect": "sparkShoot",//射击特效
	"shootSound": "shotgun",//发射音效
	"range": 176,//范围
	"inaccuracy":2,//不准确度
	"consumes": {//消耗
	"coolant":{"amount":0.1,"optional":true}	}//加速液体
	"ammoTypes": {
		"copper": {//铜
			"sprite":"bullet",//子弹贴图
			"spin": 0,//子弹旋转速度
			"shrinkY": 0,"shrinkX": 0,//子弹变形程度
			"damage": 16,
			"speed": 10,
			"lifetime":17.6,
			"pierce":true,
			"pierceCap":2,//穿透数
			"pierceBuilding":true,//穿透建筑
			"width":14,	"height":18,//宽长度
			"trailLength": 9,//尾迹长
            "trailWidth": 2.4,//尾迹宽
            "trailColor":"ffce7b",//尾迹颜色
			"ammoMultiplier":1,
			"shootEffect": "shootSmall"},
		"钢铁": {//钢铁
			"sprite":"bullet",//子弹贴图
			"spin": 0,//子弹旋转速度
			"shrinkY": 0,"shrinkX": 0,//子弹变形程度
			"damage": 24,
			"speed": 10,
			"lifetime":17.6,
			"backColor":"74787c",
			//子弹边缘颜色
			"frontColor":"a1a3a6",
			//子弹中心颜色
			"pierce":true,
			"pierceCap":3,
			"pierceBuilding":true,//穿透建筑
			"width":10,	"height":12,//宽长度
			"trailLength": 9,//尾迹长
            "trailWidth": 2.4,//尾迹宽
            "trailColor":"ffce7b",//尾迹颜色
			"ammoMultiplier":1,
			"shootEffect": "shootSmall"},
		"graphite": {//石墨
			"sprite":"bullet",//子弹贴图
			"spin": 0,//子弹旋转速度
			"shrinkY": 0,"shrinkX": 0,//子弹变形程度
			"damage": 42,
			"speed": 10,
			"lifetime":17.6,
			"pierce":true,
			"pierceCap":4,
			"pierceBuilding":true,//穿透建筑
			"backColor":"4e72b8",
			//子弹边缘颜色
			"frontColor":"afb4db",
			//子弹中心颜色
			"width":15,	"height":18,//宽长度
			"trailLength": 12,//尾迹长
            "trailWidth": 3,//尾迹宽
            "trailColor":"afb4db",//尾迹颜色
			"ammoMultiplier":2,
			"reloadMultiplier": 0.6,
			"shootEffect": "shootSmall"},
		"plastanium": {//塑钢
			"sprite":"bullet",//子弹贴图
			"spin": 0,//子弹旋转速度
			"shrinkY": 0,"shrinkX": 0,//子弹变形程度
			"damage": 48,
			"backColor":"bed742",
			//子弹边缘颜色
			"frontColor":"abc88b",
			//子弹中心颜色
			"speed": 10,
			"lifetime":17.6,
			"trailLength": 9,//尾迹长
            "trailWidth": 2.4,//尾迹宽
            "trailColor":"bed742",//尾迹颜色
			"fragBullets":2,
			"fragRandomSpread":0,//随机分裂角度
			"fragSpread":180,//分裂角度
			"fragAngle":90,//分裂起始角度
			"fragOnHit":true,//击中时分裂
			"fragVelocityMin":0.5,//最小分裂弹速度
	    "fragVelocityMax":0.5,//最小分裂弹速
			"fragBullet":{			"type":"BasicBulletType",			"splashDamageRadius":16,			"splashDamage":15,//范围伤害
  "damage":15,
  "speed": 4,
  "backColor":"bed742",
//子弹边缘颜色
  "frontColor":"abc88b",
//子弹中心颜色
"trailLength": 9,//尾迹长
            "trailWidth": 2,//尾迹宽
            "trailColor":"bed742",//尾迹颜色
  "lifetime":12,}
  "reloadMultiplier":1
			"pierce":true,
			"pierceCap":8,
			"pierceBuilding":true,//穿透建筑
			"width":15,	"height":18,//宽长度
			"ammoMultiplier":4,
			"shootEffect": "shootSmall"}
			}}