{
	"type": "ItemTurret",//类型
	"category": "turret",//菜单栏
	"name": "骤雨",//名字
	"description": "重型机枪塔，拥有无比恐怖的射击速度。",//介绍
	"research": {
	"parent": "b-贯透"//科技树前置
	"researchCostMultiplier": 0.5//研究消耗倍率
	"objectives":[
	{
	"type": "SectorComplete",//占领地图
	"preset":"野性之心-遗落前哨"//地图名
	},
	]
	},
	"alwaysUnlocked":false,//科技树默认解锁
	"drawer": {
	"type": "drawTurret"},
	"requirements": [
	{ "item":"thorium","amount":60},
	{"item":"钢铁","amount":60},
	{"item":"graphite","amount":60},
	{ "item":"copper","amount":120}
	],
	"size": 3,//大小
	"health": 1500,//血量
	"rotateSpeed": 3,//转头速度
	"maxAmmo":80,//弹药容量
	"reload": 5,//装填速度
	"ammoPerShot":1,//单发消耗
	"range": 184,//范围
	"shake":0.8,//屏幕震动
	"inaccuracy":4,//不准确度
	"xRand":4,/*子弹发的间距/栗子：2=双管 */
	"consumes": {//消耗
	"coolant":{"amount":0.1,"optional":true}	}//加速液体
"drawer":{"type":"DrawMulti",
"drawers":[{"type":"DrawTurret",
"parts":[
/*{"type":"RegionPart",
"mirror":false,//是否镜像显示
"top":false,
"x":0,"y":0,//起始位置
"suffix":"-左","layer":0,"moveX":-2,"moveY":-4,
"moveRot":0,//移动度数
"progress":"warmup"
}
{"type":"RegionPart",
"mirror":false,//是否镜像显示
"top":false,
"x":0,"y":0,//起始位置
"suffix":"-右","layer":0,"moveX":2,"moveY":-4,
"moveRot":0,//移动度数
"progress":"warmup"
}*/
{"type":"RegionPart",
"mirror":false,//是否镜像显示
"top":false,
"under":true,
"x":0,"y":0,//起始位置
"suffix":"-inner","layer":.0,"moveX":0,"moveY":-2,
"progress":"recoil"
}
]}]}
	"ammoTypes": {
		"钢铁": {
			"sprite":"野性之心-square",//子弹贴图
			"spin": 0,//子弹旋转速度
			"shrinkY": 0,"shrinkX": 0,//子弹变形程度
			"backColor":"fffffb",
            "frontColor":"d3c6a6",
			"damage": 9,
			"speed": 10,
			"lifetime":18,
			"width":4,	"height":10,//宽长度
			"ammoMultiplier":8,
			"trailLength": 4,//尾迹长
            "trailWidth": 1,//尾迹宽
            "trailColor":"d3c6a6",//尾迹颜色
			"shootEffect": "shootBig"},
		"metaglass": {
		"sprite":"野性之心-square",//子弹贴图
			"spin": 0,//子弹旋转速度
			"shrinkY": 0,"shrinkX": 0,//子弹变形程度
			"damage": 12,
			"speed": 10,
			"lifetime":18,
			"ammoMultiplier":12,
			"fragBullets":3,
			"trailLength": 4,//尾迹长
            "trailWidth": 1,//尾迹宽
            "trailColor":"fffffb",//尾迹颜色
            "hitColor":"fffffb",
			"fragBullet":{			"type":"BasicBulletType",			"splashDamageRadius":16,			"splashDamage":3,//范围伤害
  "width":3,	"height":6,//宽长度
  "damage":3,
  "speed": 8,
  "lifetime":4
  "hitColor":"fffffb",
  }
  "reloadMultiplier":1
			"width":4,	"height":10,//宽长度
			"shootEffect": "shootBig"
			},
		/*"surge-alloy": {//合金
			"sprite":"bullet",//子弹贴图
			"spin": 0,//子弹旋转速度
			"shrinkY": 0,"shrinkX": 0,//子弹变形程度
			"damage": 18,
			"speed": 10,
			"lifetime":17.6,
			"backColor":"ffe600",
			//子弹边缘颜色
			"frontColor":"fcf16e",
			//子弹中心颜色
			"width":2,	"height":10,//宽长度
			"ammoMultiplier":25,
			"status":"shocked",
			"lightningColor":"FFFF33",
			//闪电颜色
			"lightning": 2,
			//射击命中时生成闪电数量
			"lightningLength":5,
			//射击命中时生成闪电的长度
			"lightningDamage":12,
        //闪电伤害
			"shootEffect": "shootBig"},*/
		"plastanium": {//塑钢
			"sprite":"野性之心-square",//子弹贴图
			"spin": 0,//子弹旋转速度
			"shrinkY": 0,"shrinkX": 0,//子弹变形程度
			"damage": 15,
			"backColor":"bed742",
			//子弹边缘颜色
			"frontColor":"bed742",
			//子弹中心颜色
			"speed": 10,
			"lifetime":18,
			"ammoMultiplier":16,
			"fragBullets":2,
			"trailLength": 4,//尾迹长
            "trailWidth": 1,//尾迹宽
            "trailColor":"bed742",//尾迹颜色
            "hitColor":"bed742",
			"fragBullet":{			"type":"BasicBulletType",			"splashDamageRadius":16,			"splashDamage":5,//范围伤害
  "damage":4,
  "width":3,	"height":6,//宽长度
  "backColor":"bed742",
			//子弹边缘颜色
			"frontColor":"bed742",
			//子弹中心颜色
  "speed": 8,
  "lifetime":5
  "trailLength": 2,//尾迹长
  "trailWidth": 1,//尾迹宽
  "trailColor":"bed742",//尾迹颜色
  "hitColor":"bed742",
  }
  "reloadMultiplier":1
			"width":4,	"height":10,//宽长度
			"shootEffect": "shootBig"}
			}}