{
	"type": "ItemTurret",/*种类 */
	"name": "星陨",/*名称 */
	"description": "磁轨狙击炮塔，以高导电性材料作为弹药。\n优先瞄准高生命值目标。",/*描述 */
	"details":"流星划过，又一位契约者离开了这个世界……",
	"buildCostMultiplier": 0.4,
	"health": 1600,/*血量 */
	"size": 3,/*大小 */
	"reloadTime": 0,//格重新加载时间
	"range": 304,/*攻击范围 8/格 */
	"reload": 180,//装填速度
	"inaccuracy": 0,/*误差 1=1度 */
	"rotateSpeed": 0.9,/*旋转速度 */
	"maxAmmo":24,//弹夹容量
	"accurateDelay": false,
	"ammoPerShot":6,//射击一次消耗子弹
	"unitSort":"strongest",//优先攻击高血量单位
	"shootSound" : "bigshot",
	"restitution" : false, //补偿
    "consumes": {//消耗
    "power": 12,
	"coolant":{"amount":0.1,"optional":true}	}//加速液体
	"hasPower" : true,//可储存能量
	"shake":4,//屏幕震动
	"alternate":true,
	//多炮口射击
	"shoot": {
    "type": "shootBarrel",
    "shots": 3,//炮口数量
    "barrels": [-8,0,0,0,0,0,8,0,0],//炮口位置
    "spread": 0,//角度
    "firstShotDelay":90
}
	"category": "turret",//菜单分类
	"research": {
	"parent": "b-贯透"//科技树前置
	"objectives":[
	{
	"type": "SectorComplete",//占领地图
	"preset":"野性之心-遗落前哨"//地图名
	},
	]
	},
	"requirements": [
	{ "item":"silicon","amount":160}
	{ "item":"钢铁","amount":240}
	{ "item":"金","amount":240},
	{"item":"奥利哈钢","amount":160}	],
	"ammoTypes": {
		"金": {
		"pierceArmor":true,//穿甲
			"sprite":"野性之心-angle",//子弹贴图
			"spin": 0,//子弹旋转速度
			"shrinkY": 0,"shrinkX": 0,//子弹变形程度
			"damage": 70,
			"speed": 24,
			"lifetime":12.5,
			"pierce":true,//穿透
			"pierceCap":5,//穿透数
			"pierceBuilding":true,//穿透建筑
			"buildingDamageMultiplier":0.25,//建筑杀伤倍率
			"width":16,	"height":72,//宽长度
			"ammoMultiplier":1,
			"knockback":4,//击退力
			"backColor":"ffe600",
			//子弹边缘颜色
			"frontColor":"fcf16e",
			//子弹中心颜色
			"shootEffect": "shootBig"
			"despawnEffect":"formsmoke",},
		"surge-alloy": {//巨浪合金子弹
		"pierceArmor":true,//穿甲
			"sprite":"野性之心-angle",//子弹贴图
			"spin": 0,//子弹旋转速度
			"shrinkY": 0,"shrinkX": 0,//子弹变形程度
			"damage": 120,
			"speed": 24,
			"lifetime":12.5,
			"pierce":true,//穿透
			"pierceCap":10,//穿透数
			"pierceBuilding":true,//穿透建筑
			"buildingDamageMultiplier":0.25,//建筑杀伤倍率
			"width":16,	"height":72,//宽长度
			"ammoMultiplier":6,
			"knockback":6,//击退力
			"backColor":"ffe600",
			//子弹边缘颜色
			"frontColor":"fcf16e",
			//子弹中心颜色
			"shootEffect": "shootBig",
			"despawnEffect":"formsmoke",
    "fragBullets":1,
"fragBullet": {
"type":"LightningBulletType",
//"despawnSound":"spark",
"damage":8,
"status":"shocked",
"lightningLength":8,
"lightningLengthRand":8,
"lightningColor":"FFFFAA",//闪电颜色
"hitEffect":"hitLancer"
}
			}
			},
"drawer":{"type":"DrawTurret",
    "parts": [//部分
		{"type":"HaloPart",//类型,光环
		/*"progress":{
		"type":"charge",//类型,指向
		"op": "delay",//
		"amount": 0.1},//*/
		"tri": true,
		"color": "FFFFAA",
		"shapes": 1,//外形
		"triLength": 0,//长度
		"triLengthTo": 288,//最大长度
		"radius": 3,//半径
		"mirror": true,//镜像
		"under": true,//在炮台贴图下面
		"sides": 10,//一侧
		"stroke": 0,//
		"strokeTo": 3,//
		"shapeRotation": 0,
		"haloRotation": 0,
		"layer": 110,
		"x": 9,"y": -5//位置,原点为炮台中心
		}
		//轨道装饰
/*		{"type": "HaloPart",//类型,光环
		"progress": {
		"type": "charge",//类型,指向
		"op": "delay",
		"amount": 0.5},
		"color": "FFFFAA",
		"tri": true,
		"mirror": true,//镜像
		"shapes": 1,//外形
		"triLength": 0,//长度
		"triLengthTo": 15.5,//最大长度
		"radius": 3,//半径
		"shapeRotation": 0,
		"haloRotation": -90,
		"layer": 110,
		"x": -10,"y": 60//位置,原点为炮台中心
		},
		{"type": "HaloPart",//类型,光环
		"progress": {
		"type": "charge",//类型,指向
		"op": "delay",
		"amount": 0.6},
		"color": "FFFFAA",
		"tri": true,
		"mirror": true,//镜像
		"shapes": 1,//外形
		"triLength": 0,//长度
		"triLengthTo": 15.5,//最大长度
		"radius": 2,//半径
		"shapeRotation": 0,
		"haloRotation": -90,
		"layer": 110,
		"x": -10,"y": 130//位置,原点为炮台中心
		},
		{"type": "HaloPart",//类型,光环
		"progress": {
		"type": "charge",//类型,指向
		"op": "delay",
		"amount": 0.7},
		"color": "FFFFAA",
		"tri": true,
		"mirror": true,//镜像
		"shapes": 1,//外形
		"triLength": 0,//长度
		"triLengthTo": 15.5,//最大长度
		"radius": 1,//半径
		"shapeRotation": 0,
		"haloRotation": -90,
		"layer": 110,
		"x": -10,"y": 200//位置,原点为炮台中心
		},*/
		//箭头
		{"type": "HaloPart",//类型,光环
		"progress": {
		"type": "charge",//类型,指向
		"op": "delay",
		"amount": 0.1},
		"color": "FFFFAA",//颜色
		"tri": true,
		"shapes": 1,//外形
		"triLength": 0,//长度
		"triLengthTo": 10,//最大长度
		"radius": 10,//半径
		"shapeRotation": 0,
		"haloRotation": 0,
		"layer": 110,//
		"x": 0,"y": 8//位置,原点为炮台中心
		},
		{"type": "HaloPart",//类型,光环
		"progress": {
		"type": "charge",//类型,指向
		"op": "delay",
		"amount": 0.2},
		"color": "FFFFAA",//颜色
		"tri": true,
		"shapes": 1,//外形
		"triLength": 0,//长度
		"triLengthTo": 10,//最大长度
		"radius": 10,//半径
		"shapeRotation": 0,
		"haloRotation": 0,
		"layer": 110,//
		"x": 0,"y": 28//位置,原点为炮台中心
		},
		{"type": "HaloPart",//类型,光环
		"progress": {
		"type": "charge",//类型,指向
		"op": "delay",
		"amount": 0.3},
		"color": "FFFFAA",//颜色
		"tri": true,
		"shapes": 1,//外形
		"triLength": 0,//长度
		"triLengthTo": 10,//最大长度
		"radius": 10,//半径
		"shapeRotation": 0,
		"haloRotation": 0,
		"layer": 110,//
		"x": 0,"y": 48//位置,原点为炮台中心
		},
		{"type": "HaloPart",//类型,光环
		"progress": {
		"type": "charge",//类型,指向
		"op": "delay",
		"amount": 0.4},
		"color": "FFFFAA",//颜色
		"tri": true,
		"shapes": 1,//外形
		"triLength": 0,//长度
		"triLengthTo": 10,//最大长度
		"radius": 10,//半径
		"shapeRotation": 0,
		"haloRotation": 0,
		"layer": 110,//
		"x": 0,"y": 68//位置,原点为炮台中心
		}
		{"type": "HaloPart",//类型,光环
		"progress": {
		"type": "charge",//类型,指向
		"op": "delay",
		"amount": 0.5},
		"color": "FFFFAA",//颜色
		"tri": true,
		"shapes": 1,//外形
		"triLength": 0,//长度
		"triLengthTo": 10,//最大长度
		"radius": 10,//半径
		"shapeRotation": 0,
		"haloRotation": 0,
		"layer": 110,//
		"x": 0,"y": 88//位置,原点为炮台中心
		}
		{"type": "HaloPart",//类型,光环
		"progress": {
		"type": "charge",//类型,指向
		"op": "delay",
		"amount": 0.6},
		"color": "FFFFAA",//颜色
		"tri": true,
		"shapes": 1,//外形
		"triLength": 0,//长度
		"triLengthTo": 10,//最大长度
		"radius": 10,//半径
		"shapeRotation": 0,
		"haloRotation": 0,
		"layer": 110,//
		"x": 0,"y": 108//位置,原点为炮台中心
		}
		{"type": "HaloPart",//类型,光环
		"progress": {
		"type": "charge",//类型,指向
		"op": "delay",
		"amount": 0.7},
		"color": "FFFFAA",//颜色
		"tri": true,
		"shapes": 1,//外形
		"triLength": 0,//长度
		"triLengthTo": 10,//最大长度
		"radius": 10,//半径
		"shapeRotation": 0,
		"haloRotation": 0,
		"layer": 110,//
		"x": 0,"y": 128//位置,原点为炮台中心
		},
		{"type": "HaloPart",//类型,光环
		"progress": {
		"type": "charge",//类型,指向
		"op": "delay",
		"amount": 0.8},
		"color": "FFFFAA",//颜色
		"tri": true,
		"shapes": 1,//外形
		"triLength": 0,//长度
		"triLengthTo": 10,//最大长度
		"radius": 10,//半径
		"shapeRotation": 0,
		"haloRotation": 0,
		"layer": 110,//
		"x": 0,"y": 148//位置,原点为炮台中心
		},
		{"type": "HaloPart",//类型,光环
		"progress": {
		"type": "charge",//类型,指向
		"op": "delay",
		"amount": 0.9},
		"color": "FFFFAA",//颜色
		"tri": true,
		"shapes": 1,//外形
		"triLength": 0,//长度
		"triLengthTo": 10,//最大长度
		"radius": 10,//半径
		"shapeRotation": 0,
		"haloRotation": 0,
		"layer": 110,//
		"x": 0,"y": 168//位置,原点为炮台中心
		}	]
		}
}