{
	"type": "ItemTurret",//类型
	"category": "turret",//菜单栏
	"name": "缭乱",//名字
	"description": "扩散性等离子步枪，各项能力均衡。\n能将不同类型的弹药转化为华丽的射线。",//介绍
	"details":"千↘↗华↗↘缭↘乱↗"
	"research":"g-骤雨"//前置科技树
	"alwaysUnlocked":false,//科技树默认解锁
	"size": 4,//大小
	"health": 1760,//血量
	"rotateSpeed": 4,//转头速度
	"maxAmmo":48,//弹药容量
	"reload": 45,//装填速度
	"ammoPerShot":4,//单发消耗
	"ammoUseEffect": "none",//子弹抛壳特效
	"shootSound": "sap",//发射音效
	"hitEffect":"none"//击中特效
	"range": 200,//范围（除以8）
	"inaccuracy":0,//不准确度
	"shake":0,//屏幕震动
	"shoot":{
	"type":"ShootHelix"//螺旋弹
"scl":4//幅度
"mag":2//频率
"shots":2,
    "barrels": [-4,0,0,4,0,-0],//炮口位置（左右，前后，倾斜）
		},
	"drawer":{"type":"DrawMulti",
"drawers":[{"type":"DrawTurret",
"parts":[
{"type":"RegionPart",
"mirror":false,//是否镜像显示
"x":0,"y":0,//起始位置
"suffix":"-左","layer":60,"moveX":-6,"moveY":-4,
"moveRot":0,//移动圈数
}
{"type":"RegionPart",
"mirror":false,//是否镜像显示
"x":0,"y":0,//起始位置
"suffix":"-右","layer":60,"moveX":6,"moveY":-4,
"moveRot":-0,//移动圈数
}
]}]}
	"consumes": {//消耗
	"coolant":{"amount":0.1,"optional":true}	}//加速液体
	"ammoTypes": {
		"copper": {//铜
			"sprite":"bullet",//子弹贴图
			"spin": 0,//子弹旋转速度
			"shrinkY": 0,"shrinkX": 0,//子弹变形程度
			"damage": 18,
			"speed": 4,
			"lifetime":50,
			"backColor":"dea32c",
			//子弹边缘颜色
			"frontColor":"ffce7b",
			//子弹中心颜色
			"pierce":true,
			"pierceCap":3,
			"pierceBuilding":true,//穿透建筑
			"width":16,	"height":9,//宽长度
			"trailLength": 12,//尾迹长
            "trailWidth": 4,//尾迹宽
            "trailColor":"ffce7b",//尾迹颜色
            "bulletInterval":2,//分裂间隔
                "intervalRandomSpread":0,//随机角度
                "intervalBullets":1,//分裂子弹数
                "intervalAngle":0,//分裂起始角度
                "intervalSpread":6,//分裂角度（建立在起始角度基础之上，所有分裂子弹的角度总和）
                "fragVelocityMin":3,
                "fragVelocityMax":3,
        "intervalBullet":{//分裂出的子弹
              "damage":3,
"type":"BasicBulletType",
"speed":3,"lifetime":24,
 "hitSound":"none",
           "trailLength":6,
	      "trailWidth":2,
          "trailColor":"D69862FF",
           "backColor":"D69862FF",
          "frontColor":"F2E770FF"
          "despawnEffect":"none",
 },
			"ammoMultiplier":1,
			"shootEffect": "shootBig2"},
		"graphite": {//石墨
			"sprite":"bullet",//子弹贴图
			"spin": 0,//子弹旋转速度
			"shrinkY": 0,"shrinkX": 0,//子弹变形程度
			"damage": 32,
			"speed": 4,
			"lifetime":50,
			"backColor":"90d7ec",
			//子弹边缘颜色
			"frontColor":"33a3dc",
			//子弹中心颜色
			"reloadMultiplier": 0.6,//攻速倍率
			"pierce":true,
			"pierceCap":5,
			"pierceBuilding":true,//穿透建筑
			"width":16,	"height":9,//宽长度
			"trailLength": 12,//尾迹长
            "trailWidth": 4,//尾迹宽
            "trailColor":"afdfe4",//尾迹颜色
            "despawnEffect":"freezing",
        "status":"ice",
        "statusDuration":180,
            "bulletInterval":3,
                "intervalRandomSpread":0,
                "intervalBullets":2,
                "intervalAngle":0,
                "intervalSpread":45,
                "fragVelocityMin":3,
                "fragVelocityMax":3,
        "intervalBullet":{
              "damage":4,
"type":"BasicBulletType",
"speed":3,"lifetime":24,
 "hitSound":"none",
 "status":"freezing",
 "statusDuration":120,
          "trailLength":6,
	      "trailWidth":2,
          "trailColor":"afdfe4",
          "backColor":"afdfe4",
          "frontColor":"76becc",
          "despawnEffect":"freezing",
 },
			"ammoMultiplier":1,
			"shootEffect": "shootBig"},
		"thorium": {//钍
			"sprite":"bullet",//子弹贴图
			"spin": 0,//子弹旋转速度
			"shrinkY": 0,"shrinkX": 0,//子弹变形程度
			"damage": 44,
			"speed": 4,
			"lifetime":50,
			"pierce":true,
			"pierceCap":5,
			"pierceBuilding":true,//穿透建筑
			"backColor":"feeeed",
			//子弹边缘颜色
			"frontColor":"f7acbc",
			//子弹中心颜色
			"width":16,	"height":9,//宽长度
			"trailLength": 12,//尾迹长
            "trailWidth": 4,//尾迹宽
            "trailColor":"f7acbc",//尾迹颜色
            "bulletInterval":11,//分裂间隔
                "intervalRandomSpread":0,//随机角度
                "intervalBullets":5,//分裂子弹数
                "intervalAngle":36,//分裂起始角度
                "intervalSpread":72,//分裂角度（建立在起始角度基础之上，所有分裂子弹的角度总和）
                "fragVelocityMin":3,
                "fragVelocityMax":3,
                "despawnEffect":"none",
        "intervalBullet":{
              "damage":8,
"type":"BasicBulletType",
"speed":1,"lifetime":48,
"drag":0.05,//子弹每帧减速。
 "hitSound":"none",
 "status":"sapped",
        "statusDuration":240,
           "trailLength":6,
	      "trailWidth":1.6,
          "trailColor":"feeeed",
           "backColor":"feeeed",
          "frontColor":"f7acbc"
          "despawnEffect": {
		"type": "ParticleEffect",
		"particles": 1,
		"sizeFrom": 0,
		"sizeTo": 1,
		"length": 0,
		"lifetime": 18,
		"interp": "circleOut",
		"colorFrom": "feeeed",
		"colorTo": "f7acbc",
		"cone": 360},
 },
			"ammoMultiplier":1,
			"reloadMultiplier": 0.6,
			"shootEffect": "shootBig"},
		"凝胶": {//胶
			"sprite":"bullet",//子弹贴图
			"spin": 0,//子弹旋转速度
			"shrinkY": 0,"shrinkX": 0,//子弹变形程度
			"damage": 36,
			"backColor":"a3cf62",
			//子弹边缘颜色
			"frontColor":"7fb80e",
			//子弹中心颜色
			"speed": 4,
			"lifetime":50,
			"pierce":true,
			"pierceCap":5,
			"pierceBuilding":true,//穿透建筑
			"width":16,	"height":9,//宽长度
			"trailLength": 12,//尾迹长
            "trailWidth": 4,//尾迹宽
            "trailColor":"a3cf62",//尾迹颜色
            "status":"spore-slowed",
        "statusDuration":480,
            "bulletInterval":2,//分裂间隔
                "intervalRandomSpread":3,//随机角度
                "intervalBullets":1,//分裂子弹数
                "intervalAngle":180,//分裂起始角度
                "intervalSpread":0,//分裂角度（建立在起始角度基础之上，所有分裂子弹的角度总和）
                "fragVelocityMin":3,
                "fragVelocityMax":3,
                "despawnEffect":"none",
        "intervalBullet":{
              "damage":3,
"type":"BasicBulletType",
"speed":3,"lifetime":24,
 "hitSound":"none",
 "status":"poison",
        "statusDuration":120,
           "trailLength":6,
	      "trailWidth":2,
          "trailColor":"a3cf62",
           "backColor":"a3cf62",
          "frontColor":"7fb80e",
          "despawnEffect": {
		"type": "ParticleEffect",
		"particles": 1,
		"sizeFrom": 0,
		"sizeTo": 1,
		"length": 16,
		"lifetime": 18,
		"interp": "circleOut",
		"colorFrom": "a3cf62",
		"colorTo": "7fb80e",
		"cone": 360},
 },
			"ammoMultiplier":2,
			"reloadMultiplier": 0.6,
			"shootEffect": "shootBig"},
		"surge-alloy": {//合金
			"sprite":"bullet",//子弹贴图
			"spin": 0,//子弹旋转速度
			"shrinkY": 0,"shrinkX": 0,//子弹变形程度
			"damage": 56,
			"speed": 4,
			"lifetime":50,
			"pierce":true,
			"pierceCap":5,
			"pierceBuilding":true,//穿透建筑
			"backColor":"ffe600",
			//子弹边缘颜色
			"frontColor":"ffd400",
			//子弹中心颜色
			"width":16,	"height":9,//宽长
			"trailLength": 12,//尾迹长
            "trailWidth": 4,//尾迹宽
            "trailColor":"fcf16e",//尾迹颜色
        "status":"shocked",
            "bulletInterval":4,//分裂间隔
                "intervalRandomSpread":0,//随机角度
                "intervalBullets":1,//分裂子弹数
                "intervalAngle":0,//分裂起始角度
                "intervalSpread":0,//分裂角度（建立在起始角度基础之上，所有分裂子弹的角度总和）
                "fragVelocityMin":3,
                "fragVelocityMax":3,
                "despawnEffect":"none",
        "intervalBullet":{
              "damage":8,
"type" : "LaserBulletType",
                   "length" : 40,
                   "pierce":true,
			"pierceCap":5,
			"pierceBuilding":true,//穿透建筑
                    "damage" : 6,
                    "width" : 8,
                    "lifetime" : 8,
                    "colors": [
			"fcf16e",
			"ffe600",
			"ffd400"
		],
 "hitSound":"none",
          "trailColor":"D69862FF",
           "backColor":"D69862FF",
          "frontColor":"F2E770FF"
 },
			"ammoMultiplier":4,
			"shootEffect": "shootBig"},
			}
	"requirements": [
	{ "item":"奥利哈钢","amount":360},
	{ "item":"thorium","amount":250},
	{"item":"钢铁","amount":400},
	{ "item":"plastanium","amount":200},
	{ "item":"surge-alloy","amount":120},
		],
			}