{
	"type": "PowerTurret",//类型
	"category": "turret",//菜单栏
	"name": "焦土",//名字
	"description": "终极防御塔，发射一连串毁灭性爆破弹幕压制敌人。\n需要消耗数量庞大的液体来启动。",//介绍
	"research": {
	"parent": "e-炎爆"//科技树前置
	"objectives":[
	{
	"type": "SectorComplete",//占领地图
	"preset":"野性之心-熔火核心"//地图名
	},
	]
	},
	"alwaysUnlocked":false,//科技树默认解锁
	"requirements": [
	{ "item":"钢铁","amount":445},{"item":"金","amount":445},{ "item":"surge-alloy","amount":200},{ "item":"silicon","amount":200},{ "item":"plastanium","amount":320},	],
	"shoot": {
    "type": "shootBarrel",
    "shots": 16,//每轮发射数量
    "barrels": [
    2,0,0
    -2,0,0
    6,0,0
    -6,0,0
    10,0,0
    -10,0,0
    14,0,0
    -14,0,0
    ],//炮口位置（左右，前后，倾斜）
    "firstShotDelay":90
    "shotDelay":2
}
	"size": 5,//大小
	"shake":12,//屏幕震动
	"health": 3600,//血量
	"accurateDelay": false,//预判
	"rotateSpeed": 0.8,//转头速度
	"reload": 60,//装填速度
	"shootCone":15,
	"ammoUseEffect": "none",//子弹抛壳特效
	"shootSound": "焦土",//发射音效
	"range": 256,//范围
	"inaccuracy":3,//不准确度
	"minWarmup": 0.96,
	"shootWarmupSpeed": 0.03,
	"cooldownTime": 120,
	"liquidCapacity": 88,
	"consumes": {//消耗
    "power": 18,
    "liquid": "slag/1.1"
		}
	"drawer":{"type":"DrawTurret",
    "parts": [//部分
    {"type":"RegionPart",
"mirror":false,//是否镜像显示
"x":0,"y":0,//起始位置
"under":true,
"suffix":"-左","layer":-1,"moveX":-0.7,"moveY":-3,
"moveRot":0,//移动圈数
"progress":"warmup"
}
{"type":"RegionPart",
"mirror":false,//是否镜像显示
"x":0,"y":0,//起始位置
"under":true,
"suffix":"-右","layer":-1,"moveX":0.7,"moveY":-3,
"moveRot":-0,//移动圈数
"progress":"warmup"
}
{"type": "HaloPart",//类型,光环
		"progress":"warmup"
		"color": "FF9C5A",//颜色
		"tri": true,
		"mirror": true,
		"shapes": 1,//外形
		"triLength": 0,//长度
		"triLengthTo": 25,//最大长度
		"radius": 5,//半径
		"shapeRotation": 0,
		"haloRotation": 0,
		"layer": 110,//
		"x": 9,"y": -4//位置,原点为炮台中心
		},
{"type": "HaloPart",//类型,光环
		"progress":"warmup"
		"color": "FF9C5A",//颜色
		"tri": true,
		"mirror": true,
		"shapes": 1,//外形
		"triLength": 0,//长度
		"triLengthTo": 6,//最大长度
		"radius": 5,//半径
		"shapeRotation": 180,
		"haloRotation": 0,
		"layer": 110,//
		"x": 9,"y": -4//位置,原点为炮台中心
		},
{"type": "HaloPart",//类型,光环
		"progress":"warmup"
		"color": "FF9C5A",//颜色
		"tri": true,
		"mirror": true,
		"shapes": 1,//外形
		"triLength": 0,//长度
		"triLengthTo": 32,//最大长度
		"radius": 7,//半径
		"shapeRotation": 0,
		"haloRotation": 0,
		"layer": 110,//
		"x": 18,"y": -16//位置,原点为炮台中心
		},
{"type": "HaloPart",//类型,光环
		"progress":"warmup"
		"color": "FF9C5A",//颜色
		"tri": true,
		"mirror": true,
		"shapes": 1,//外形
		"triLength": 0,//长度
		"triLengthTo": 8,//最大长度
		"radius": 7,//半径
		"shapeRotation": 180,
		"haloRotation": 0,
		"layer": 110,//
		"x": 18,"y": -16//位置,原点为炮台中心
		},
]
		}
	"shootType": {
		"sprite": "野性之心-square",
		"damage": 32,
		"lifetime": 60,
		"speed": 4,
		"drag": -0.002,
		"knockback": 4,
		"shrinkY": 0,
		"shake": 5,
		"width": 20,
		"height": 20,
		"splashDamage": 32,
		"splashDamageRadius": 15,
		"buildingDamageMultiplier": 0.5,
		"status": "melting",
		"statusDuration": 480,
		"backColor": "EC7458",
		"frontColor": "FF9C5A",
		"hitEffect": "circleColorSpark",
		"despawnEffect":{
		"type": "WaveEffect",
		"lifetime": 24,
		"colorFrom": "FF9C5A",
		"colorTo": "FF9C5A50",
		"lightColor": "FF9C5A",
		"sizeFrom": 15,
		"sizeTo": 4,
		"lightScl": 3.0,
		"lightOpacity": 0.5,
		"strokeFrom": 2
					},
		"hitSound": "artillery",
		"hitColor": "FF9C5A",
		"trailLength": 0,
		"trailWidth": 0,
		"trailColor": "FF9C5A",
		"trailRotation": false,
		"trailChance": 0.8,
		"trailEffect": {
			"type": "ParticleEffect",
			"particles": 1,
			"length": 16,
			"lifetime": 48,
			"sizeFrom": 5,
			"sizeTo": 1,
			"region": "野性之心-0",
			"colorFrom": "EC7458",
			"colorTo": "FF9C5A"
		},
		"shootEffect": {
			"type": "ParticleEffect",
			"particles": 4,
			"sizeFrom": 6,
			"sizeTo": 0,
			"length": 60,
			"lifetime": 120,
			"interp": "circleOut",
			"colorFrom": "EC7458",
			"colorTo": "FF9C5A",
			"cone": 20
		}
	}
}