{
	"type": "ItemTurret",//类型
	"category": "turret",//菜单栏
	"name": "裁决",//名字
	"description": "强大的激光光束会快速将敌人撕成碎片。每当激光束击中一个敌人，额外的新星还会迸射而出。",//介绍
	"category": "turret",//菜单分类
	"research": {
	"parent": "h-星陨"//科技树前置
	"objectives":[
	{
	"type": "SectorComplete",//占领地图
	"preset":"野性之心-放射性采集基地"//地图名
	},
	]
	},
	"alwaysUnlocked":false,//科技树默认解锁
	"requirements": [
	{ "item":"surge-alloy","amount":80},{ "item":"phase-fabric","amount":180},{ "item":"plastanium","amount":200},	],
	"shoot": {
    "type": "shootBarrel",
    "shots": 1,//每轮发射数量
    "firstShotDelay":60
    "shotDelay":2
}
	"size": 4,//大小
	"shake":8,//屏幕震动
	"health": 2400,//血量
	"accurateDelay": false,//预判
	"rotateSpeed": 2,//转头速度
	"reload": 180,//装填速度
	"maxAmmo":30,//弹药容量
	"ammoPerShot":5,//单发消耗
	"shootCone":10,
	"ammoUseEffect": "none",//子弹抛壳特效
	"shootSound": "laserblast",//发射音效
	"range": 180,//范围
	"inaccuracy":0,//不准确度
	"minWarmup": 0.96,
	"shootWarmupSpeed": 0.08,
	"cooldownTime": 120,
	"shootY":-2.5
	"consumes": {//消耗
    "power": 6.6666666666,
		}
	"drawer":{"type":"DrawTurret",
    "parts": [//部分
{
				"type": "ShapePart",
				"y": 0,
				"circle": true,
				"hollow": true,
				"radius": 6,
				"stroke": 0,
				"strokeTo": 2,
				"color": "fcf16e",
				"colorTo": "fcf16e",
				"layer": 110
			}
]
		}
	"ammoTypes": {
	"surge-alloy": {
	"type" : "LaserBulletType",
		"collidesAir": true,//碰撞飞机
                   "recoil":2,
                   "length": 188,
                    "damage": 105,
                    "width": 30,
                    "lifetime": 64,
                    "pierce":true,//穿透
                    "pierceCap":12,//穿透数
			"pierceBuilding":true,//穿透建筑
            "hitColor":"fcf16e"
            "hitEffect": {"type":"multiEffect",
"effects":[
"hitLancer",
{"type":"WaveEffect",
"lifetime": 36,
"colorFrom":"fcf16e",//颜色从
"colorTo":"fcf16e70",//颜色至
"lightColor":"fcf16e",//浅色
"sizeFrom":0,//开始时圆环直径
"sizeTo":20,//结束时圆环直径
"lightScl":5.0,//轻量级
"lightOpacity":0.5,//光不透明
"strokeFrom":5,//开始时圆形宽度
"strokeTo":0,//结束时圆环宽度
"offsetX":0//偏转x
},{
"type": "ParticleEffect",
"particles": 4,
"length": 40,
"lifetime": 45,
"sizeFrom": 10,
"sizeTo": 0,
"region": "野性之心-square",
"colorFrom": "fcf16e",
"colorTo": "ffffff"
		}]}
            "sideAngle":90,
			"colors": [
			"fcf16e",
			"fcf16e",
			"fffffb"
		]
	"fragBullets":4,
	"fragOnHit":true,//击中时分裂
	"fragRandomSpread":360,//随机分裂角度
	"fragSpread":90,//分裂角度
	"fragAngle":0,//分裂起始角度，
	"fragBullet":{			"type":"BasicBulletType",
  "sprite": "野性之心-shuttle",
		"damage": 38,
		"pierce":true,//穿透
        "pierceCap":2,//穿透数
		"pierceBuilding":true,//穿透建筑
		"homingDelay":15,//跟踪延迟
          "homingRange":150,//跟踪半径
	      "homingPower":0.12,//跟踪力度（1=3000度）
		"lifetime": 72,
		"speed": 3,
		"width": 15,
		"height": 24,
		"backColor": "fcf16e",
		"frontColor": "fcf16e",
		"despawnEffect": "none",
		"hitEffect":"sparkShoot"
		"hitColor":"fcf16e"
		"hitSound": "none",
		"trailLength": 20,
		"trailWidth": 3,
		"trailColor": "fcf16e",
  }
	}
	}
	}