{
	"type": "GroundUnit",
	"name": "短手战士",
	"description": "短距离攻击士兵",
	"maxVelocity": 0.45,
	"speed": 0.2,
	"drag": 0.4,
	"mass": 9,
	"rotatespeed": 0.07,
	"baseRotateSpeed": 0.01,
	"hitsizeTile": 15,
	"hitsize": 40,
	"health": 10000,
	"range": 120,
	"attackLength": 120,
	"rotateWeapon": false,
	"targetAir": false,
	"weapon": {
		"name": "mortar-equip",
		"length": 30,
		"width": 30,
		"alternate": true,
		"reload": 70,
		"ejectEffect": "none",
		"shootSound": "shootBig",
		"bullet": {
			"type": "ArtilleryBulletType",
			"collidesTiles": true,
			"collidesAir": false,
			"collides": true,
			"speed": 6,
			"inaccuracy": 1.5,
			"damage": 10,
			"lifetime": 30,
			"bulletWidth": 13,
			"bulletHeight": 18,
			"bulletShrink": 0,
			"hitSize": 10,
			"hitEffect": "spawnShockwave",
			"hitEffect": "explosion",
			"knockback": 3,
			"splashDamage": 180,
			"splashDamageRadius": 80,
		}
	}
}