{
	"type":"FlyingUnit",
	"name": "航母小飞机",
	"description": "航母上的小飞机",
	"flying": true,
	"maxVelocity": 1.7,
	"speed": 0.35,
	"drag": 0.03,
	"mass": 1.9,
	"rotatespeed": 0.17,
	"health": 220,
	"range": 125,
	"shootCone": 7,
	"rotateWeapon": false,
	"weapon": {
		"name": "rapid-equip",
		"alternate": true,
		"reload": 5,
		"ejectEffect": "shellEjectSmall",
		"inaccuracy": 1,
		"bullet": {
			"type": "BasicBulletType",
			"speed": 5.9,
			"damage": 8.3,
			"lifetime": 35,
			"bulletWidth": 4,
			"bulletHeight": 15,
			"keepVelocity": false
		}
	}
}