{
	"type": "HoverUnit",
	"name": "毁灭者",
	"description": "BOSS级。魔晶:18940",
	"speed": 0.001,
	"flying": true,
	"hitsize": 50,
	"health": 40000,
	"rotateWeapon": true,
	"engineOffset":13,
	"shootCone":1,
	"engineSize":5,
	"mass":50,
	"range":450,
	"weapon": {
		"reload":120,
		"ignoreRotation":true,
		"shots":2,
		"spacing":10,
		"velocityRnd": 0,
		"alternate": true,
		"lengthRand": 2,
		"bullet":{
			"speed":2.5,
			"type":"MissileBulletType",
			"hitShake":5,
			"homingPower":1,
			"homingRange":500,
			"backColor":"FF4040",
			"frontColor":"FF4040",
			"trailColor":"FF4040",
            "lifetime":800,
            "damage":800,
            "bulletWidth":8,
            "bulletHeight":24,
            "splashDamageRadius":50,
	        "splashDamage":500
		}
	}
}