{
	"type": "flyingUnit",
	"name": "纳米机器人",
	"description": "纳米机器人",
	"speed": 0.5,
	"flying": true,
	"hitsize":10,
	"health":100,
	"mass":1,
	"rotateWeapon": true,
	"engineOffset":3,
	"shootCone":10,
	"engineSize":0,
	"range":1000,
	"attackLength":30,
	"weapon": {
		"reload":30,
		"ignoreRotation":true,
		"shots":1,
		"spacing":0.1,
		"velocityRnd": 0,
		"alternate": false,
		"lengthRand": 0,
		"bullet":{
			"type":"MissileBulletType",
			"splashDamageRadius":60,
			"splashDamage":100,
			"homingPower":0,
			"homingRange":0,
			"speed":5,
			"damage":250,
			"bulletWidth":1,
			"bulletHeight":1,
            "killShooter":false,
			"lifetime":10,
            "instantDisappear":true,
			"backColor":"00FFFF",
			"fontColor":"00FFFF",
			"trailColor":"00FFFF",
		}
	}
}