{
	"type":"FlyingUnit",
	"name":"AI自动战斗机",
	"description":"AI自动战斗机。魔晶:7500",
	"health":2500,
    "maxSpeed":4,
	"mass":20,
	"speed":2,
	"boostSpeed":0.5,
	"drag":0.5,
	"engineOffset":8,
	"hitsize":15,
	"engineColor":"63B8FF",
	"engineSize":1.5,
	"flying": true,
    "itemCapacity":50,
	"weapon": {
		"shotDelay":5,
		"ignoreRotation":true,
		"inaccuracy":0,
		"spacing": 0,
		"velocityRnd":0,
		"reload":300,
		"shots":5,
		"range":320,
		"alternate":true,
		"bullet":{
			"speed":6,
			"type":"MissileBulletType",
			"hitShake":1,
			"homingPower":1,
			"homingRange":320,
			"backColor":"FF0000",
			"frontColor":"63B8FF",
			"trailColor":"FF0000",
            "lifetime":100,
            "damage":180,
            "bulletWidth":5,
            "bulletHeight":15,
            "splashDamageRadius":30,
	        "splashDamage":60
		}
	}
}