{
	"type":"GroundUnit",
	"rotateWeapon":true,
	"weaponOffsetY":0.1,
	"engineOffset":8,
	"weapon": {
		"name":"EP",
		"reload":150,
		"ignoreRotation":false,
		"shots":1,
		"spacing":0.1,
		"velocityRnd": 0,
		"alternate": true,
		"lengthRand": 1,
		"width":1,
		"length":1,
		"bullet":{
			"speed":7.5,
			"type":"MissileBulletType",
			"hitShake":0,
			"homingPower":1,
			"homingRange":30,
			"trailColor":"FFD700",
            "backColor":"FFD700"
			"frontColor":"FF4500",
            "lifetime":120,
            "damage":250,
            "bulletWidth":4,
            "bulletHeight":10,
            "splashDamageRadius":30,
	        "splashDamage":100
		}
	}
}