{
	"type":"FlyingUnit",
	"name":"巡航弹道导弹",
	"description":"巡航弹道导弹。魔晶:3700",
	"speed":7,
	"maxVelocity":7,
    "drag":0.5,
	"flying": true,
	"hitsize":10,
	"health":200,
	"rotateWeapon": false,
	"range":9999,
	"engineOffset":8,
	"engineSize":3.5,
	"mass":15,
	"rotateSpeed":0.25,
	"attackLength":8,
	"weapon": {
		"ignoreRotation": true,
		"reload":120,
    	"shots": 1,
		"alternate": false,
		"bullet":{
			"type":"BombBulletType",
			"splashDamageRadius":60,
			"splashDamage":1000,
			"speed":4,
			"damage":2500,
			"bulletWidth":1,
			"bulletHeight":1,
			"shootEffect":"nuclearcloud",
			"despawnEffect":"nuclearcloud",
			"hitEffect":"nuclearcloud"
            "killShooter":true,
			"lifetime":10,
            "instantDisappear":true,
			"backColor":"FF0000",
			"fontColor":"FF0000",
			"trailColor":"FF0000",
		}
	}
}