{
	"type": "BuilderDrone",
	"name": "建造机",
	"description": "拆迁队的一员，拆和建都很快。魔晶:570",
	"health":150,
	"speed":0.25,
	"mass":5.5,
	"flying":true,
	"canHeal":false,
	"hitsize":5,
	"engineOffset":5,
	"engineSize":1.5,
	"buildPower":50,
	"reload":30,
	"range":300,
	"attackLength":200,
	"weapon": {
	"type":"ArtilleryBulletType",
		"speed":9,
		"alternate": true,
		"hitTiles":true,
		"collidesTiles":true,
		"collidesTeam":false,
		"collidesAir":true,
		"collides":true,
		"keepVelocity":true,
		"bulletWidth":8,
		"bulletHeight":20,
		"damage":30,
		"reload":30,
		"trailEffect":"artilleryTrail",
		"bullet":"driverBolt"
	}
}