{
	"type": "RepairDrone",
	"name": "维修机",
	"description": "超级快.。魔晶:260",
	"health":150,
	"speed":0.25,
	"flying":true,
	"canHeal":true,
	"retreatPercent":2,
	"mass":6,
	"hitsize":5,
	"rotateWeapon":true,
	"engineOffset":5,
	"engineSize":1.5,
	"range":100,
	"healPercent":10,
	"weapon": {
	"type":"HealBulletType",
		"speed": 50,
		"shootEffect":"shootHeal",
		"healPercent":10,
		"backColor":"0000ff",
		"fontColor":"0000ff",
		"heatColor":"0000ff",
		"trailColor":"0000ff",
		"alternate": true,
		"bullet":"healBullet"
	}
}