{
	"type": "MinerDrone",
	"name": "进阶采矿机",
	"description": "超级快的【全部矿物都挖的变态】。魔晶:1630",
	"health":250,
	"speed":0.8,
	"flying":true,
	"canHeal":false,
	"hitsize":8,
	"mass":7,
	"engineOffset":5.5,
	"engineSize":2,
	"minePower":1000,
	"itemCapacity":3000,
	"tier":20,
	"range":100,
	"attackLength":200,
	"toMine":["copper","lead","titanium","thorium","Fe","Mg","Al","W"],
	"weapon":{
	"type":"MissileBulletType",
		"trailEffect":"artilleryTrail",
		"bulletSprite":"missile",
		"trailColor":"000000",
		"backColor":"000000",
		"frontColor":"000000",
		"hitEffect":"shockwave",
		"weaveScale":10,
		"reload":60,
		"damage":90,
		"weaveMag":10,
		"speed":10,
		"bulletWidth":8,
		"bulletHeight":20,
		"alternate": true,
		"bullet":"missileExplosive"
	}
}