{
	"type": "ItemTurret",
	"name": "MAC-10",
	"description": "我不叫乌兹！",
	"health": 1050,
	"category":"turret"
	"size": 1,
	"reload": 4.5,
	"burstSpacing": 0
	"shots":1//子弹数量
	"range": 450,
	"shootSound":"MAC-10"
    "maxAmmo": 30,//弹容
    "recoil": 2,
	"targetGround":true,
	"targetAir":true,
	"canOverdrive": false
	"inaccuracy": 1.7,
	"rotatespeed": 150,
	"ammoTypes": {
			"copper": {
            "type": "BasicBulletType",
			"speed": 17,//子弹飞行速度
			"damage": 11,//伤害
			"bulletWidth": 1,//子弹宽度
			"bulletHeight": 3,//子弹长
			"ammoMultiplier": 5,
			"lifetime": 26.5,
		},
			"钢": {
            "type": "BasicBulletType",
			"speed": 17,
			"damage": 17,
			"bulletWidth": 1,
			"bulletHeight": 3,
			"ammoMultiplier": 5,
			"lifetime":26.5,
		},
	},
	"requirements": [
		{ "item": "钢", "amount": 110 },
		{"item":"枪械零部件","amount":105},
	],
	"alwaysUnlocked":true,
	}