{
	"type": "ItemTurret",
	"name": "UMP45",
	"description": "德国佬研制的一款性能堪比步枪的冲锋枪",
	"health": 1200,
	"category":"turret"
	"size": 1,
	"reload": 5.65,
	"burstSpacing": 0
	"shots":1//子弹数量
	"range": 460,
	"shootSound":"UMP45"
    "maxAmmo": 25,//弹容
    "recoil": 2,
	"targetGround":true,
	"targetAir":true,
	"canOverdrive": false
	"inaccuracy": 1.6,
	"rotatespeed": 150,
	"ammoTypes": {
			"copper": {
            "type": "BasicBulletType",
			"speed": 17,//子弹飞行速度
			"damage": 29,//伤害
			"bulletWidth": 1,//子弹宽度
			"bulletHeight": 3,//子弹长
			"ammoMultiplier":5,
			"lifetime": 27.5,
		},
			"钢": {
            "type": "BasicBulletType",
			"speed": 17,
			"damage": 38,
			"bulletWidth": 1,
			"bulletHeight": 3,
			"ammoMultiplier": 5,
			"lifetime":27.5,
		},
	},
	"requirements": [
		{ "item": "钢", "amount": 210 },
		{"item":"枪械零部件","amount":185},
	],
	"alwaysUnlocked":true,
	}