{
  "type": "mech",
  "name": "短棍",
  "description": "就像战锤，只不过他的火焰要充能，理论上伤害也更高",
  "speed": 0.5,
  "hitSize": 10,
  "health": 550,
  "armor": 4,
  "immunities": ["burning"],
  "weapons": [
    {
      "top": false,
      "name": "cerberian-flamethrower",
      "shootSound": "torch",
      "shootY": 2,
      "reload": 180,
      "mirror": true,
      "alternate": false,
      "recoil": 1,
      "ejectEffect": "none",
      "shootY": 2,
      "continuous": true,
      "bullet": {
        "type": "ContinuousFlameBulletType",
        "drawFlare": false,
        "colors": ["043F98", "1165C1", "9CDEEB", "B7E8EB", "66BEF9"],
        "length": 44,
        "width": 2,
        "largeHit": false,
        "damageInterval": 20,
        "damage": 45,
        "lifetime": 240,
        "pierce": true,
        "pierceCap": 2,
        "despawnEffect": "none",
        "status": "burning",
        "pierceBuilding": true,
        "speed": 8,
        "pierceArmor": false
      }
    }
  ]
}
