{
  "type": "flying",
  "name": "面纱",
  "description": "就是日蚀，但是他的气旋弹变成了潜螺一样的水雷导弹，在牺牲了一些护甲的同时加了生命值和攻击力",
  "speed": 0.73333,
  "accel": 0.04,
  "drag": 0.04,
  "rotateSpeed": 1,
  "flying": true,
  "lowAltitude": true,
  "health": 40000,
  "armor": 6,
  "engineOffset": 38,
  "engineSize": 7.3,
  "hitSize": 58,
  "targetFlags": ["reactor", "battery", "core"],
  "weapons": [
    {
      "name": "cerberian-large-laser-mount",
      "shake": 4,
      "shootY": 9,
      "x": 18,
      "y": 5,
      "rotateSpeed": 2,
      "reload": 45,
      "recoil": 4,
      "shootSound": "laser",
      "rotate": true,
      "bullet": {
        "type": "LaserBulletType",
        "damage": 300,
        "sideAngle": 20,
        "sideWidth": 1.5,
        "sideLength": 80,
        "width": 25,
        "length": 230,
        "shootEffect": "shockwave",
        "colors": ["5461c5", "99a4ff", "ffffff"],
      }
    },
    {
      "name": "cerberian-large-artillery",
      "x": 11,
      "y": 27,
      "rotateSpeed": 2,
      "reload": 9,
      "shootSound": "spark",
      "rotate": true,
      "recoil": 0.5,
      "shootY": 7.25,
      "bullet": {
        "type": "MissileBulletType",
        "speed": 4,
        "damage": 32,
        "splashDamage": 66,
        "splashDamageRadius": 25,
        "collidesGround": true,
        "lifetime": 47,
        "status": "blasted",
        "statusDuration": 60,
        "homingPower": 0.2,
        "weaveMag": 4,
        "weaveScale": 4,
        "shootEffect": "shootBig2",
        "frontColor": "ffffff",
        "hitSound": "none",
        "width": 10,
        "height": 10,
        "lightColor": "8ca9e8",
        "trailColor": "8ca9e8",
        "backColor": "8ca9e8",
        "lightRadius": 40,
        "lightOpacity": 0.7,
        "trailWidth": 2.8,
        "trailLength": 20,
        "trailChance": -1,
        "despawnSound": "dullExplosion",
        "despawnEffect": "none",
        "hitEffect": {
          "type": "ExplosionEffect",
          "lifetime": 20,
          "waveStroke": 2,
          "waveColor": "8ca9e8",
          "sparkColor": "8ca9e8",
          "waveRad": 12,
          "smokeSize": 0,
          "smokeSizeBase": 0,
          "sparks": 10,
          "sparkRad": 35,
          "sparkLen": 4,
          "sparkStroke": 1.5
        }
      }
    },
    {
      "name": "cerberian-large-artillery",
      "y": -13,
      "x": 20,
      "rotateSpeed": 2,
      "reload": 9,
      "shootSound": "spark",
      "rotate": true,
      "recoil": 0.5,
      "shootY": 7.25,
      "bullet": {
        "type": "MissileBulletType",
        "speed": 4,
        "damage": 16,
        "splashDamage": 66,
        "splashDamageRadius": 25,
        "collidesGround": true,
        "lifetime": 47,
        "status": "blasted",
        "statusDuration": 60,
        "homingPower": 0.2,
        "weaveMag": 4,
        "weaveScale": 4,
        "shootEffect": "shootBig2",
        "frontColor": "ffffff",
        "hitSound": "none",
        "width": 10,
        "height": 10,
        "lightColor": "8ca9e8",
        "trailColor": "8ca9e8",
        "backColor": "8ca9e8",
        "lightRadius": 40,
        "lightOpacity": 0.7,
        "trailWidth": 2.8,
        "trailLength": 20,
        "trailChance": -1,
        "despawnSound": "dullExplosion",
        "despawnEffect": "none",
        "hitEffect": {
          "type": "ExplosionEffect",
          "lifetime": 20,
          "waveStroke": 2,
          "waveColor": "8ca9e8",
          "sparkColor": "8ca9e8",
          "waveRad": 12,
          "smokeSize": 0,
          "smokeSizeBase": 0,
          "sparks": 10,
          "sparkRad": 35,
          "sparkLen": 4,
          "sparkStroke": 1.5
        }
      }
    }
  ]
}
