{
  "type": "flying",
  "flying": true,
  "name": "眺望",
  "description": "跟天垠一样，炸弹品质比天垠好点",
  "health": 340,
  "speed": 1.65,
  "accel": 0.08,
  "drag": 0.016,
  "hitSize": 10,
  "targetAir": false,
  "engineOffset": 7.8,
  "range": 140,
  "faceTarget": false,
  "armor": 3,
  "itemCapacity": 0,
  "targetFlags": ["factory"],
  "circleTarget": true,
  "weapons": [
    {
      "minShootVelocity": 0.75,
      "x": 3,
      "shootY": 0,
      "shootCone": 180,
      "ejectEffect": "none",
      "inaccuracy": 15,
      "reload": 12,
      "ignoreRotation": true,
      "shootSound": "none",
      "bullet": {
        "type": "BombBulletType",
        "splashDamageRadius": 25,
        "splashDamage": 30,
        "width": 10,
        "height": 14,
        "hitEffect": "flakExplosion",
        "shootEffect": "none",
        "smokeEffect": "none",
        "status": "blasted",
        "statusDuration": 60,
        "fragBullets": 2,
        "fragBullet": {
          "type": "BasicBulletType",
          "speed": 2,
          "lifetime": 20,
          "damage": 2
        }
      }
    }
  ]
}
