{
  "type": "legs",
  "name": "疣蛛",
  "description": "就是毒株，但是把生命值减弱伤害提高了",
  "speed": 0.6,
  "drag": 0.4,
  "hitSize": 13,
  "rotateSpeed": 3,
  "targetAir": false,
  "health": 500,
  "immunities": ["burning", "melting"],
  "legCount": 4,
  "legLength": 9,
  "legForwardScl": 0.6,
  "legMoveSpace": 1.4,
  "hovering": true,
  "armor": 2,
  "shadowElevation": 0.2,
  "groundLayer": 74,
  "weapons": [
    {
    "top": false,
    "shootY": 3,
    "reload": 9,
    "name": "cerberian-atrax-weapon",
    "ejectEffect": "none",
    "x": 7,
    "shootSound": "flame",
    "bullet": {
      "type": "LiquidBulletType",
      "liquid": "slag",
      "damage": 30,
      "drag": 0.009,
      "speed": 2.5,
      "shootEffect": "shootSmall",
      "lifetime": 57,
      "collidesAir": false,
      "fragBullets": 2,
      "status": "burning",
      "statusDuration": 120,
      "fragBullet": {
        "type": "LiquidBulletType",
        "liquid": "slag",
        "knockback": 1.6,
        "speed": 1,
        "damage": 8,
        "lifetime": 40,
        "collidesAir": false,
        "status": "melting",
        "statusDuration": 60
      }
      }
    }
  ]
}
