{
"type":"Drill",
"name":"基础钻机",
"description":"采集低级的矿，体积小不需要任何东西。",
"health":50,
"rotateSpeed":7,
"liquidCapacity":5,
"size":1,
"tier":3,
"drillTime":280,
"requirements":[
{"item":"锌","amount":5},
]
//{"item":"graphite","amount":20},
//{"item":"silicon","amount":15},  ]
"consumes":{
//"power":0.1,
"liquid":{"liquid":"water","amount":0.000005,
"booster":true,"optional":true,    }   },
"liquidBoostIntensity":1.6,
"category":"production",
"research":"pneumatic-drill",
}