{
// "type": "UnitFactory",
"name": "特种飞机工厂",
	"description": "生产飞机……",
    "health":350,
	"size":3,
	"consumes":{
		"power":1.5
	},
	"plans":[
			{ "unit": "Lv1挖矿机", "time": 1600,"requirements": [ 
            { "item": "锂", "amount": 30},
			{ "item": "粗硅晶", "amount": 20}
			]
	},
	{ "unit": "烈空", "time": 1200, "requirements": [ 
            { "item": "铝", "amount": 10},
			{ "item": "粗硅晶", "amount": 20},
			]
	},
		{ "unit": "运输机", "time": 1400, "requirements": [ 
            { "item": "铝", "amount": 30},
			{ "item": "粗硅晶", "amount": 40},
			]
	},
	],
	"requirements": [
            { "item": "铝", "amount": 120},
            { "item": "锂", "amount": 150},
		],
	"category":"units",
	"research": "特种陆军工厂"
}