{
	"name":"坦荡",
	"description":"发射密集的追踪导弹"
	"hitSize":41,
	//碰撞箱
	// "range": 420,
    "rotateSpeed":3,
    //转身速度
    	//"details":"目标建筑：发电机。"
    "itemCapacity":10,
    //物品容量
    "mass":100000,
    "despawnDamage":100000,
    "canDrown":false,
    //能否被淹死
    "circleTarget":true,
     "forceMultiTarget":true,
    "buildSpeed":0,
    //建筑速率
    "type":"flying",
    //空军
    "flying":true,
    //是否飞行
    "speed":1.5
    //移速
    "health":36200,
    "lowAltitude":true,
    "engineSize":7.5,
    //引擎尺寸
    "engineOffset":25,
    //引擎偏移
    "armor":3,
    //护甲
    "targetFlags":["generator"]//ai攻击目标
   // "research":"特种飞机工厂",
	"weapons": [
		{
		"length":1.5,
		"reload":10,
		"rotate":true,
			"shootSound": "shootSnap",
		"alternate":false,
            "bullet": {
                "type": "MissileBulletType",
                "width": 10,
                "height": 10,
                "shrinY": 0,
                "drag": -0.01,
                "speed": 3.0,
                "homingRange": 40,
                "kepVelocity": true,
                "damage": 200,
                "lifetime": 100,
                "trailColor": "E6E6E6",
                "backColor": "F9FAC5",
                "frontColor": "FAFCB8",
                "hitEffect": "blastExplosion",
                "despawnEffect": "blastExplosion",
                "weaveScale": 3,
                "weaveMag": 4
            }
		}
		{
		"length":1.5,
		"reload":10,
		"rotate":true,
			"shootSound": "shootSnap",
		"alternate":false,
            "bullet": {
                "type": "MissileBulletType",
                "width": 10,
                "height": 10,
                "shrinY": 0,
                "drag": -0.01,
                "speed": 3.0,
                "homingRange": 40,
                "kepVelocity": true,
                "damage": 100,
                "lifetime": 100,
                "trailColor": "E6E6E6",
                "backColor": "F9FAC5",
                "frontColor": "FAFCB8",
                "hitEffect": "blastExplosion",
                "despawnEffect": "blastExplosion",
                "weaveScale": 3,
                "weaveMag": 4
            }
		}
		{
		"length":1.5,
		"reload":10,
		"rotate":true,
			"shootSound": "shootSnap",
		"alternate":false,
            "bullet": {
                "type": "MissileBulletType",
                "width": 10,
                "height": 10,
                "shrinY": 0,
                "drag": -0.01,
                "speed": 3.0,
                "homingRange": 40,
                "kepVelocity": true,
                "splashDamageRadius": 20,
                "splashDamage": 120,
                "damage": 100,
                "lifetime": 100,
                "trailColor": "E6E6E6",
                "backColor": "F9FAC5",
                "frontColor": "FAFCB8",
                "hitEffect": "blastExplosion",
                "despawnEffect": "blastExplosion",
                "weaveScale": 3,
                "weaveMag": 4
            }
		}
		{
		"length":1.5,
		"reload":10,
		"rotate":true,
			"shootSound": "shootSnap",
		"alternate":false,
            "bullet": {
                "type": "MissileBulletType",
                "width": 10,
                "height": 10,
                "shrinY": 0,
                "drag": -0.01,
                "speed": 3.0,
                "homingRange": 40,
                "kepVelocity": true,
                "splashDamageRadius": 20,
                "splashDamage": 120,
                "damage": 100,
                "lifetime": 100,
                "trailColor": "E6E6E6",
                "backColor": "F9FAC5",
                "frontColor": "FAFCB8",
                "hitEffect": "blastExplosion",
                "despawnEffect": "blastExplosion",
                "weaveScale": 3,
                "weaveMag": 4
            }
		}
		/*{
		"length":1.5,
		"reload":7,
		"rotate":true,
			"shootSound": "shootSnap",
		"alternate":true,
            "bullet": {
              "spawnUnit":"测试-降临导弹"
              		"speed": 7,
			"shootEffect": {
				"type": "MultiEffect",
				"effects": [
					{
						"type": "RadialEffect",
						"effect": "shootSmokeMissile",
						"amount": 1
					},
					{
						"type": "ParticleEffect",
						"particles": 15,
						"lifetime": 120,
						"sizeFrom": 4,
						"sizeTo": 0,
						"length": 120,
						"cone": 10,
						"interp": "pow10In",
						"sizeInterp": "pow5Out",
						"colorFrom": "FEB380AA",
						"colorTo": "FEB38000"
					}
				]
			}
            }
		}*/
	]
}