{
	"type": "UnitFactory",
	"name": "开发者工厂",
	"description": "生产开发者单位",
    "health":1,
	"size":3,
	"consumes":{},
	"plans":[
	{ "unit": "没有炮台的炮台S", 
	"time": 300, 
	"requirements": [ 
{ "item": "？", "amount": 1},
	]	}
{ "unit": "世纪灯泡1", 
	"time": 300, 
	"requirements": [ 
{ "item": "？", "amount": 1},
	]	}
{ "unit": "蓝细菌光合自养", 
	"time": 300, 
	"requirements": [ 
{ "item": "？", "amount": 1},
	]	}
	{ "unit": "pardon", 
	"time": 300, 
	"requirements": [ 
{ "item": "？", "amount": 1},
	]	}
	{ "unit": "regicide", 
	"time": 300, 
	"requirements": [ 
{ "item": "？", "amount": 1},
	]	}
	{ "unit": "斩幻星辰", 
	"time": 300, 
	"requirements": [ 
{ "item": "？", "amount": 1},
	]	}
	{ "unit": "橘猫", 
	"time": 300, 
	"requirements": [ 
{ "item": "？", "amount": 1},
	]	}
	],
	"category":"units",
    "researchCostMultiplier": 0,
        "canOverdrive": false,
        "requirements": [
	],
	        "canOverdrive": false,
}