{
	"type": "PowerTurret",
	"name": "招灾",
	"description": "我劝你不要靠近",
	"health": 10800,
	"size": 3,
	"reload":500,
	"range": 350,
		"targetGround": true,
	"targetAir": true,
		"maxAmmo":45,
    "ammoPerShot": 2,
    		"drawer": {
		"type": "DrawMulti",
    "drawers": [
    {"type": "DrawTurret",
    "parts": [
    {
                "type": "ShapePart",
                "progress": "reload",
                "color": "ffa166",
                "stroke": 0,
                "strokeTo": 10,
                "circle": true,
                "hollow": false,
                "radius": 0,
                "radiusTo": 22,
                "layer": 110
            },
    {"type": "RegionPart",
        "mirror": true,
        "under":true,
        "x": 0
        "y": 0
        "suffix": "2",
        "layer": 50,
        "moveX": 5,
        "moveY": -2
        }
        {
				"type": "RegionPart",
				"suffix": "1",
				"under":true,
				"recoilIndex": 3
				"moves": [{
						"progress": "recoil",
						"y": -3
					}],
				"heatProgress": "heat"
			},
   ]},]}
	"shoot":{
		"shots":2,
	    "shotDelay":30,
		"type":"ShootAlternate",
		"shootY":3,
		"barrels":4,
		"spread":4.5
	},
	"ammoUseEffect": "casing2Double",
	"shootSound":"respawn",
	"inaccuracy": 7,
	"rotateSpeed": 4,
	"shake":1,
	"shootType": {
	         "type": "BasicBulletType",
             "spawnUnit": "尘螨",
             "speed": 0,
		 }
	"requirements": [
{ "item": "？", "amount": 125 }
	],
	"category": "turret",
	    "researchCostMultiplier": 2,
	        "canOverdrive": false,
}