{
    "type": "ConsumeGenerator",
    "name": "春节火锅",
    "description": "准备好吃庆祝新年的火锅了吗？",
    "size": 7,
    "health": 888888,
    "hasLiquids": true,
    "hasItems": true,
    "haspower": true,
   "itemDuration": 360000
    "craftTime": 360000,
    "powerProduction": 11111.1,
    "itemCapacity": 88888,
    "liquidsCapacity": 111.1,
    "heatRequirement": 100,//所需温度
    "drawer":{
        "type":"DrawMulti",
        "drawers":[
            "DrawDefault",
			"DrawFlame"
            ]
    },
    "generateEffect": "generatespark",
    "consumes": {
     "liquid": {
            "liquid": "water",
            "amount": 1.11
        }
        "items": {
			"items": [
				{ "item": "copper", "amount": 8888 },/*需要的材料*/
				{ "item": "silicon", "amount": 8686 },
				{ "item": "titanium", "amount": 6868 },/*需要的材料*/
				{ "item": "thorium", "amount":  6666},
				{ "item": "surge-alloy", "amount": 888 },/*需要的材料*/
				{ "item": "phase-fabric", "amount": 666 },/*需要的材料*/
				{ "item": "carbide", "amount": 233 },/*需要的材料*/
			]
        },
    },
    	"destroyEffect": {
    "type": "MultiEffect",
	"effects": [
{
        "type": "ParticleEffect",
        "particles": 35,
        "line": true,
        "strokeFrom": 200,
        "strokeTo": 200,
        "lenFrom": 60,
        "lenTo": 0,
        "length": 460,
        "baseLength": 50,
        "lifetime": 120,
        "colorFrom": "FFFFFFFF",
        "colorTo": "ffffff00",
        "cone": 360
            }
        ]    },
	"destroyBullet": {
            "type":"BasicBulletType",
            "width": 0,
            "height": 0,
            "speed": 0,
            "lifetime": 1,
            "damage": 9999,
            "hitShake": 20,
            "hitSound": "nono",
            "despawnEffect": "none",
            "hitEffect": "none",
            "splashDamageRadius": 9999,
            "splashDamage": 200},
    "requirements": [
        {
            "item": "？",
            "amount": 8888
        },
    ],
    "ambientSound": "smelter",
    "ambientSoundVolume": 0.06,
    "category": "power",
    "research": "combustion-generator"
}