{
    "type": "PowerTurret",
    "name": "爆竹",
    "description": "对靠近的敌人产生巨量伤害,同时自己也会报废\nby nan",
    "health": 150,
    "shootCone":360,
    "category":"defense"
    "shootY": 0
    "size": 1,
    "reload": 60
    "canOverdrive": false,
    "range": 40,
    "rebuildable":false,
    "inaccuracy": 0,
    "rotateSpeed": 0,
    "shootSound": "none",
    "shootType": {
         "type": "BombBulletType",
        //"statusDuration": 60,
        //        "status": "新年快乐"
        "splashDamageRadius": 40,
        "splashDamage": 2024,//自己调伤害
        "instantDisappear": true,
        "killShooter": true,
        "hittable": false,
        "collidesAir": true
        "hitSound": "largeExplosion",
        "shootEffect": "none"
    }
    "requirements": [
        {
            "item": "blast-compound",
            "amount": 150
        }
        {
            "item": "铜钱",
            "amount": 150
        }
    ]
    "destroyEffect":{
        "type": "ExplosionEffect",
        "smokeSize": 6
        "waveRad": 45
        "smokeRad": 40
    }
    //"research":"byd别为难我，我选择困难症"
    //记得把上面的注释取消这样才有科技树
}