{
    "type":"PowerNode",
    "name":"T2 power node",
    "description": "",
    "details":"",
    "size":1,
    "health":200,
    "maxNodes":15,
    "laserRange":8,
    "research":"battery",
	"hasPower":true,
	"consumesPower": true,
	"consumes":{
	    "powerBuffered": 2000
	    },	
	"outputsPower": true,
    "requirements": [
        {"item":"thorium","amount":2}
        {"item":"copper","amount":3}
        {"item":"lead","amount":3}
        {"item":"chip","amount":3}
        ],
        "category":"power"
    "research":"power-node-large"
}