{
	"type": "ItemTurret",
	"name": "冰晶覆盖炮",
	"description": "将一整颗冰晶发射出去,在命中的时候解体以形成冰冻液浪潮"
	"details":"《手动灭火器》",
	"health": 5000,//生命
	"size":4,//大小
	"reload":90,//装弹时间
	"range":600,//范围
	"buildCostMultiplier": 0.75,
    "maxAmmo":30,//弹仓默认30
	"restitution":0.04,
	 "consumes": {
        "coolant": {
            "amount": 0.3,
            "optional": true
        }
    },
"shoot": {
        "shots": 1,
        "shotDelay": 2
    },
	"targetGround":true,//是否攻击地面true
	"targetAir":false,//是否攻击空中
	"inaccuracy": 0,//误差
	"rotateSpeed": 4,//炮台转动速度
	"heatColor":"1EFFFC",
"hasPower" : true,
				"consumes": {"power":10}
	"ammoTypes": {
     "冰晶": {
          "type": "ArtilleryBulletType",
		"speed":10,
		"damage":50,
		"status":"freezing",
		"width":24,
		"height":24,
		"sprite": "适用扩展-冰晶弹"
		"collidesAir":true,
		"lifetime":80,
		"knockback":10,
	"backColor":"0FF4FF",
    "frontColor":"0FF4FF", 
		"splashDamageRadius":60,//溅射范围
	   "splashDamage":80,//范围伤
	"ammoMultiplier": 1,//子弹倍数
	"hitEffect": "blastExplosion"
           "hitTiles":true
           "keepVelocity":false
          "collidesTiles":false
                "collides":false
                "collidesAir":true
                "hitShake":1
                "hitSound":"explosion"
		 "fragBullets":10,
		"fragBullet":{
           "type": "BasicBulletType",
			"speed":5,
			"damage":5,
			"status":"blasted",
			"width":5,
			"length":5,
			"height":5,
			"sprite": "适用扩展-冰晶弹"
			"lifetime":10,
			"splashDamage":15
           "splashDamageRadius":60
           "hitEffect": "blastExplosion"
            "collidesAir":true
           "knockback":0.5
           	"homingRange":50,
			"homingPower":5,
					 "fragBullets":10,
		"fragBullet":{
		"type":"LiquidBulletType",
    "damage":2.2,
    "status":"freezing",
    "liquid":"cryofluid",
    "lifetime":60,
    "speed":5,
    "knockback":1
    "statusDuration":600
    "homingRange":10,
	"homingPower":0.2,
	"splashDamageRadius":60,
	"splashDamage":1
	},}
	},}
	"requirements": [
	{ "item": "copper", "amount":120 },
		{ "item": "lead", "amount":150},
		{ "item": "titanium", "amount": 180  },
		{ "item": "基础强化板", "amount": 120},
		{ "item": "冰晶", "amount": 60},
	],
	"category": "turret",
	"research": "冰晶炮"
	}