{
	"type": "ItemTurret",
	"name": "双管炮-机枪",
	"description": "双管炮的加强版",
	"health": 500,
	"size": 1,
	"reload": 30,
	"range": 120,
	"consumes": {
        "coolant": {
            "amount": 0.1,
            "optional": true
        }
    },
	"shoot":{
		"shots":4,
	    "shotDelay":3,
		"type":"ShootAlternate",
		"barrels":2,
		"spread":6
	},
	"ammoUseEffect": "casing2Double",
	"inaccuracy": 1,
	"rotateSpeed": 12,
	"shootShake":1,
	"ammoTypes": {
        "copper": {
			"speed": 5,
			"damage": 11,
			"lifetime":30,
			"width": 7,
			"height": 8,
			"ammoMultiplier":2,
			"shootEffect": "shootSmall"	},
	    "graphite":{		  
	        "reloadMultiplier":0.5,
	        "speed": 5,
			"damage": 20,
			"lifetime":30,
			"width": 7,
			"height": 8,
			"ammoMultiplier":4,
			"shootEffect": "shootSmall"	    },
	    "pyratite": {
			"speed": 5,
			"damage": 16,
			"lifetime":30,
			"width": 7,
			"height": 8,
	    "makeFire":true,
	    "splashDamage":10
           "splashDamageRadius":22
			"ammoMultiplier":5,
			"shootEffect":"shootSmall",
			"status":"burning",
	     	"statusDuration":600,	
	     	"backColor":"FFD700",
			"frontColor":"FFD700"
	    },
	    "silicon":{
	        "speed": 5.3,
			"damage": 14,
		    "reloadMultiplier":1.6,
		    "lifetime":20,
			"width": 7,
			"height": 8,
			"shootEffect": "shootSmall",
			"homingRange": 40,
            "homingPower": 0.06,
			"ammoMultiplier":5
	    }
	}, 
	"researchCostMultiplier": 0.5,
	"requirements": [
{ "item": "copper", "amount":80 }
,{ "item": "lead", "amount":30 }
	],
	"category": "turret",
	"research": "duo"
}
