{
	"type": "ItemTurret",
	"name": "双管冰雹炮",
	"description": "发射冰雹子弹的屑双管",
	"health": 500,
	"size": 1,
	"reload": 40,
	"range": 300,
	"consumes": {
        "coolant": {
            "amount": 0.1,
            "optional": true
        }
    },
	"shoot":{
		"shots":2,
	    "shotDelay":3,
		"type":"ShootAlternate",
		"barrels":2,
		"spread":6
	},
	"ammoUseEffect": "casing2Double",
	"inaccuracy": 1,
	"rotateSpeed": 12,
	"shootShake":1,
	"ammoTypes": {
        "copper": {
        "type":"ArtilleryBulletType"
       "hitEffect":"blastExplosion"
       	"splashDamage":22
        "splashDamageRadius":12
           "width":11
           "length":11
           "height":11
           "hitTiles":true
           "keepVelocity":false
           "collidesTiles":false
           "collides":false
           "collidesAir":false
           "hitShake":1
          "hitSound":"explosion"
           "bulletSprite":"shell"
           "fragBullets":6
           "knockback":0.5
			"speed":8,
			"lifetime":40,
			"ammoMultiplier":2,},
	    "graphite":{		  
	        "reloadMultiplier":0.5,
	       "type":"ArtilleryBulletType"
       "hitEffect":"blastExplosion"
       	"splashDamage":40
        "splashDamageRadius":12
           "width":11
           "length":11
           "height":11
           "hitTiles":true
           "keepVelocity":false
           "collidesTiles":false
           "collides":false
           "collidesAir":false
           "hitShake":1
          "hitSound":"explosion"
           "bulletSprite":"shell"
           "fragBullets":6
           "knockback":0.5
			"speed":8,
			"lifetime":40,
			"ammoMultiplier":4   },
	    "pyratite": {
			"type":"ArtilleryBulletType"
       "hitEffect":"blastExplosion"
       	"splashDamage":20
        "splashDamageRadius":25
           "width":11
           "length":11
           "height":11
           "hitTiles":true
           "keepVelocity":false
           "collidesTiles":false
           "collides":false
           "collidesAir":false
           "hitShake":1
          "hitSound":"explosion"
           "bulletSprite":"shell"
           "fragBullets":6
           "knockback":0.5
			"speed":8,
			"lifetime":40,
	    "makeFire":true,
			"ammoMultiplier":5,
			"status":"burning",
	     	"statusDuration":600,	
	     	"backColor":"FFD700",
			"frontColor":"FFD700"
	    },
	    "silicon":{
	        "type":"ArtilleryBulletType"
       "hitEffect":"blastExplosion"
       	"splashDamage":28
        "splashDamageRadius":12
           "width":11
           "length":11
           "height":11
           "hitTiles":true
           "keepVelocity":false
           "collidesTiles":false
           "collides":false
           "collidesAir":false
           "hitShake":1
          "hitSound":"explosion"
           "bulletSprite":"shell"
           "fragBullets":6
           "knockback":0.5
			"speed":8,
			"lifetime":40,
		    "reloadMultiplier":1.6,
			"homingRange": 40,
            "homingPower": 0.06,
			"ammoMultiplier":5
	    }
	}, 
	"researchCostMultiplier": 0.5,
	"requirements": [
{ "item": "copper", "amount":80}
,{ "item": "lead", "amount":30}
{ "item": "graphite", "amount":50}
	],
	"category": "turret",
	"research": "双管炮"
}
