{
    "type":"LiquidTurret"
    "name":"浪花"
    "description":"更小，但是更强"
    "size":1,
    "range":260
    "reload":8,
    "shoot": {
        "shots": 8,
        "shotDelay": 4
    },
    "shootEffect":"shootLiquid"
    "liquidCapacity":240,
    "inaccuracy":16,
    "ammoTypes":{
    "water":{
    "type":"LiquidBulletType"
           "liquid":"water"
           "damage":0.15
           "speed":5
           "pierce":false
           "lifetime":65
           "status":"wet"
           "bulletWidth":8
           "bulletHeight":8
           "hitSize":4
           "drawSize":40
           "hitTiles":true
           "collidesTiles":true
           "collidesTeam":false
           "collidesAir":true
           "collides":true
           "keepVelocity":true
           "fragBullets":6
           "knockback":1.5
	"ammoMultiplier":0.125
    }
    "slag":{
   "type":"LiquidBulletType"
           "liquid":"slag"
           "damage":4.7
           "speed":5
           "pierce":false
           "lifetime":65
           "status":"burning"
           "bulletWidth":8
           "bulletHeight":8
           "hitSize":4
           "drawSize":40
           "hitTiles":true
           "collidesTiles":true
           "collidesTeam":false
           "collidesAir":true
           "collides":true
           "keepVelocity":true
           "fragBullets":6
           "knockback":9
			"ammoMultiplier":0.125
    }
    "oil":{
    "type":"LiquidBulletType"
           "liquid":"oil"
           "damage":0.15
           "speed":5
           "pierce":false
           "lifetime":65
           "status":"tarred"
           "bulletWidth":8
           "bulletHeight":8
           "hitSize":4
           "drawSize":40
           "hitTiles":true
           "collidesTiles":true
           "collidesTeam":false
           "collidesAir":true
           "collides":true
           "keepVelocity":true
           "fragBullets":6
           "knockback":1
           "ammoMultiplier":0.125
    }
    "cryofluid":{
    "type":"LiquidBulletType"
           "liquid":"cryofluid"
           "damage":0.15
           "speed":5
           "pierce":false
           "lifetime":65
           "status":"freezing"
           "bulletWidth":8
           "bulletHeight":8
           "hitSize":4
           "drawSize":40
           "hitTiles":true
           "collidesTiles":true
           "collidesTeam":false
           "collidesAir":true
           "collides":true
           "keepVelocity":true
           "fragBullets":6
           "knockback":1
           "ammoMultiplier":0.125
    }}

    "requirements": [
        "lead/100",
        "metaglass/150"
    ],
    "research": "wave"
    "category":"turret"
    "buildCostMultiplier":0.5
}