{
"type":"LiquidTurret"
"name":"汪洋"
"description":"四面八方,不见敌人踪迹"
"details":"后勤:***！",
"size":8,
"range":1600
"health":38500
"reload":5,
	"shoot":{
		"shots":25,
	    "shotDelay":3,
	},
"shootEffect":"shootLiquid"
"liquidCapacity":30000,
"inaccuracy":35,
"ammoTypes":{
"water":{
"type":"LiquidBulletType",
"damage":30,
"status":"wet",
"liquid":"water",
"lifetime":200,
"speed":8,
"knockback":5
"ammoMultiplier":0.0005
"statusDuration":240
"reloadMultiplier":1
"splashDamageRadius":32,
"splashDamage":12
"puddleSize":16,
"orbSize":6,
}
"slag":{
"type":"LiquidBulletType",
"damage":600,
"status":"melting",
"liquid":"slag",
"lifetime":200,
"speed":8,
"knockback":5
"ammoMultiplier":0.0005
"statusDuration":240
"splashDamageRadius":32,
"splashDamage":200
"puddleSize":16,
"orbSize":6,
}
"oil":{
"type":"LiquidBulletType",
"damage":30,
"status":"tarred",
"liquid":"oil",
"lifetime":200,
"speed":8,
"knockback":5
"ammoMultiplier":0.0005
"statusDuration":240
"splashDamageRadius":32,
"splashDamage":12
"puddleSize":16,
"orbSize":6,
}
"cryofluid":{
"type":"LiquidBulletType",
"damage":32,
"status":"freezing",
"liquid":"cryofluid",
"lifetime":200,
"speed":8,
"knockback":5
"ammoMultiplier":0.0005
"statusDuration":240
"reloadMultiplier":1
"splashDamageRadius":32,
"splashDamage":12
"puddleSize":16,
"orbSize":6,
}
"冰晶液":{
"type":"LiquidBulletType",
"damage":600,
"status":"冰封"
"liquid":"冰晶液",
"lifetime":200,
"speed":8,
"knockback":1.5
"ammoMultiplier":0.0005
"statusDuration":240
"splashDamageRadius":64,
"splashDamage":240
"puddleSize":64,
"orbSize":8,
"reloadMultiplier":1
}
}
"requirements":[
"振波合金/350",
"高级强化板/1800",
"压缩钍/3500",
"metaglass/5000"
"titanium/9000"
"surge-alloy/5000"
"plastanium/3000"
],
"research":"冲击洪流"
"category":"turret"
"buildCostMultiplier":0.1
}