{
	"type": "ItemTurret",
	"name": "熔融晶炮",
	"description": "将熔融晶发射出去，将敌人烧成灰烬",
	"details":"军需官:为什么会有人用熔融晶当弹药啊？™不怕炸膛吗？",
	"health": 1500,//生命
	"size":2,//大小
	"reload":35,//装弹时间
	"buildCostMultiplier": 1.25,
	"range":380,//范围
    "maxAmmo":160,//弹仓默认30
	"restitution":0.04,//发射间隔
	"shoot": {
        "shots": 2,
        "shotDelay": 4
    },
	"targetGround":true,//是否攻击地面true
	"targetAir":false,//是否攻击空中
	"inaccuracy": 0,//误差
	"rotateSpeed": 3,//炮台转动速度
		"heatColor":"FFE33232",
	"ammoTypes": {
            "熔融晶": {
           "type": "ArtilleryBulletType",
			"speed":5,
			"damage":90,
			"status":"melting",
			"statusDuration":600
			"width":16,
			"length":16,
			"height":16,
			"sprite": "适用扩展-熔融晶弹"
			"lifetime":80,
			"splashDamage":50
           "splashDamageRadius":100
           "hitEffect": "blastExplosion"
           "hitTiles":true
           "keepVelocity":false
                "collidesTiles":false
                "collides":false
                "collidesAir":true
                "hitShake":1
                "hitSound":"explosion"
                "ammoMultiplier":6,
           "fragBullets":5
           "knockback":3
                "fragBullet":{
           "type": "BasicBulletType",
			"speed":5,
			"damage":5,
			"status":"burning",
			"width":5,
			"length":5,
			"height":5,
			"sprite": "适用扩展-熔融晶弹"
			"lifetime":10,
			"splashDamage":10
           "splashDamageRadius":80
            "collidesAir":true
           "knockback":0.5
           		"incendChance":1,
			"incendAmount":10,
			"incendSpread":10
           	"homingRange":50,
			"homingPower":5,
            },
	},}
	"requirements": [
		{ "item": "copper", "amount": 125 },
		{ "item": "lead", "amount": 100},
		{ "item": "titanium", "amount": 120 },
		{ "item": "基础强化板", "amount": 30},
		{ "item": "烈焰强化板", "amount": 10},
	],
	"category": "turret",
	"research": "双管冰雹炮"
}