{
"type":"PowerTurret",
"size":8,
"name":"终焉",
"description":"强大的等离子巨炮,毁灭目标周边区域"
"health":58000,
"reload":2140,
"buildCostMultiplier":0.5,
"range":2400,
"cooldownTime":1440,
"recoil":5,
"recoilTime":640,
"rotateSpeed":0.8,
"shake":18,
"shootY":12,
"shootCone":0.08,
"minWarmup":0.99,
"shootWarmupSpeed":0.08,
"unitSort":"strongest",
"consumes":{
"power":250
"coolant":{
"amount":5,
"optional":true}},
"coolantMultiplier":0.2
"shootSound":"laserblast",
"chargeSound":"lasercharge2",
"moveWhileCharging":false,
"accurateDelay":true,
"shoot":{"type":"ShootPattern",
"firstShotDelay":210},
"chargeEffects":1
"targetAir":true,
"targetGround":true,
"hasPower":true,
"shootType":{
"type":"BasicBulletType",
"speed":8,
"damage":12800,
"reflectable": false,
"absorbable": false,
"lightning": 8,
"lightningLength": 25,
"lightningDamage": 150,
"lightningLengthRand": 13,
"lightningColor": "BFFFDB",
"trailColor":"BFFFDBFF",
"trailParam":5,
"trailLength":18,
"trailWidth":10,
"trailInterval":20,
"trailRotation":true,
"trailEffect":"trailFade",
"width":80,
"height":80,
"sprite":"适用扩展-starenergy-bullet"
"spin":5
"collidesAir":true,
"lifetime":300,
"pierce":true,
"pierceBuilding":true,
"knockback":50,
"splashDamageRadius":640,
"splashDamage":12800,
"statusDuration":24000,
"frontColor":"BFFFDBFF",
"backColor":"96FFC4FF",
"status":"共振"
"fragBullets":30,
"despawnEffect":{"type":"MultiEffect",
	"effects": [
	{"type": "ParticleEffect",
    "particles": 35,
    "sizeFrom": 12,"sizeTo": 0,
    "length": 150,
    "baseLength":35,
    "lifetime": 45,
    "colorFrom": "BFFFDBFF",
    "colorTo": "ffffff",
    "cone": 360},
    {"type": "ParticleEffect",
    "particles": 1,
    "sizeFrom": 640,"sizeTo": 0,
    "length": 0,
    "baseLength":0,
    "lifetime": 65,
    "colorFrom": "BFFFDB50",
    "colorTo": "BFFFDB00",
    "cone": 360},
    {"type": "WaveEffect",
    "lifetime": 35,
    "sizeFrom": 2,"sizeTo": 640,
    "strokeFrom":18,"strokeTo":2,
    "colorFrom":"BFFFDBFF",
    "colorTo": "BFFFDBFF"}]},
"chargeEffect":{
"type":"MultiEffect",
"effects":[
{"type":"ParticleEffect",
"particles":1,
"sizeFrom":1,
"sizeTo":48,
"length":0,
"lifetime":210,
"layer":109,
"colorFrom":"BFFFDB50",
"colorTo":"BFFFDBFF",
"cone":360}
{"type":"WaveEffect",
"lifetime":30,
"sizeFrom":60,
"sizeTo":0,
"strokeFrom":2,
"strokeTo":6,
"colorFrom":"BFFFDB",
"colorTo":"BFFFDB7D"}
{"type":"WaveEffect",
"lifetime":60,
"sizeFrom":120,
"sizeTo":0,
"strokeFrom":2,
"strokeTo":6,
"colorFrom":"BFFFDB",
"colorTo":"BFFFDB7D"}
{"type":"WaveEffect",
"lifetime":90,
"sizeFrom":180,
"sizeTo":0,
"strokeFrom":2,
"strokeTo":8,
"colorFrom":"BFFFDB",
"colorTo":"BFFFDB7D"}
{"type":"WaveEffect",
"lifetime":120,
"sizeFrom":240,
"sizeTo":0,
"strokeFrom":3,
"strokeTo":12,
"colorFrom":"BFFFDB",
"colorTo":"BFFFDB7D"}
{"type":"WaveEffect",
"lifetime":135,
"sizeFrom":270,
"sizeTo":0,
"strokeFrom":2,
"strokeTo":6,
"colorFrom":"BFFFDB",
"colorTo":"BFFFDB7D"}
{"type":"WaveEffect",
"lifetime":150,
"sizeFrom":300,
"sizeTo":0,
"strokeFrom":4,
"strokeTo":15,
"colorFrom":"BFFFDB",
"colorTo":"BFFFDB7D"}
{"type":"WaveEffect",
"lifetime":160,
"sizeFrom":330,
"sizeTo":0,
"strokeFrom":4,
"strokeTo":16,
"colorFrom":"BFFFDB",
"colorTo":"BFFFDB7D"}
{"type":"WaveEffect",
"lifetime":180,
"sizeFrom":360,
"sizeTo":0,
"strokeFrom":5,
"strokeTo":18,
"colorFrom":"BFFFDB",
"colorTo":"BFFFDB7D"},]},
"hitEffect":{"type":"WaveEffect",
"lifetime":60,
"sizeFrom":0,
"sizeTo":160,
"strokeFrom":10,
"strokeTo":0,
"colorFrom":"BFFFDB",
"colorTo":"BFFFDB00",},
"bulletInterval":1,
"intervalBullets":1,
"intervalRandomSpread":30,
"intervalSpread":80,
"intervalAngle":0,
"intervalBullet":{
"fragBullets":9
"fragBullet":{
"status":"干扰"
"statusDuration":24000,
"type":"BasicBulletType",
"sprite":"适用扩展-star"
"drag":0.014
"spin":5
"damage":240,
"splashDamageRadius":48,
"knockback":1,
"splashDamage":320,
"frontColor":"BFFFDBFF",
"backColor":"96FFC4FF",
"trailColor":"BFFFDBFF",
"trailLength":4,
"trailInterval":1,
"pierce":true,
"pierceBuilding":true,
"width":32,
"height":32,
"speed":8,
"weaveScale": 6,
"weaveMag": 1,
"hitEffect": {     
        "type": "WaveEffect",
        "lifetime": 30,
        "sizeFrom": 0,
        "sizeTo":48,
        "strokeFrom": 1,
        "strokeTo": 0,
        "colorFrom": "BFFFDBFF",
        "colorTo": "96FFC4FF"
	   },
"lifetime":60
}
"hitEffect":{
"type":"MultiEffect",
"effects":[
{"type":"ParticleEffect",
"particles":10,
"sizeFrom":4,
"sizeTo":0,
"length":45,
"baseLength":9,
"lifetime":15,
"colorFrom":"BFFFDBFF",
"colorTo":"ffffff",
"cone":40},
{"type":"WaveEffect",
"lifetime":20,
"sizeFrom":2,
"sizeTo":180,
"strokeFrom":3,
"strokeTo":0,
"colorFrom":"BFFFDBFF",
"colorTo":"BFFFDBFF"}]},
"hitSound": "laser",
"status":"干扰"
"statusDuration":24000,
"hitShake":8,
"type":"BombBulletType"
"lightning":5
"lightningDamage":120
"lightningLength":24
"lightningColor": "BFFFDB",
"lietime":1,
"speed":0,
"splashDamageRadius":180,
"splashDamage":320,
"hittable":false,
"collidesAir":true
"instantDisappear":true,}
"fragBullet":{
"status":"干扰"
"statusDuration":24000,
"width":0,"height":0,
"despawnEffect":{"type":"MultiEffect",
"effects":[
{"type":"ParticleEffect",
"particles":15,
"sizeFrom":12,"sizeTo":0,
"length":150,
"baseLength":35,
"lifetime":45,
"colorFrom":"BFFFDB",
"colorTo":"BFFFDB50",
"cone":360},
{"type":"ParticleEffect",
"particles":1,
"sizeFrom":160,"sizeTo":0,
"length":0,
"baseLength":0,
"lifetime":30,
"colorFrom":"BFFFDB50",
"colorTo":"BFFFDB00",
"cone":360},
{"type":"WaveEffect",
"lifetime":20,
"sizeFrom":2,"sizeTo":160,
"strokeFrom":8,"strokeTo":0,
"colorFrom":"BFFFDBFF",
"colorTo":"BFFFDBFF"}]}
"speed":32,"lifetime":30,
"splashDamage":1800,
"splashDamageRadius":160,
"collides":false,"hitShake":12,"absorbable":false,
"fragBullets":30
"fragBullet":{
"status":"干扰"
"statusDuration":24000,
"type":"BasicBulletType",
"sprite":"适用扩展-star"
"drag":0.014
"spin":5
"damage":240,
"splashDamageRadius":48,
"knockback":1,
"splashDamage":320,
"frontColor":"BFFFDBFF",
"backColor":"96FFC4FF",
"trailColor":"BFFFDBFF",
"trailLength":4,
"trailInterval":1,
"pierce":true,
"pierceBuilding":true,
"width":32,
"height":32,
"speed":8,
"weaveScale": 6,
"weaveMag": 1,
"hitEffect": {     
        "type": "WaveEffect",
        "lifetime": 30,
        "sizeFrom": 0,
        "sizeTo":48,
        "strokeFrom": 1,
        "strokeTo": 0,
        "colorFrom": "BFFFDBFF",
        "colorTo": "96FFC4FF"
	   },
"lifetime":60
}
}
},


"drawer":{
"type":"DrawTurret",
"parts":[
{"type":"RegionPart",
"suffix":"-side2",
"heatProgress":"warmup",
"under":true,
"mirror":true,
"moveX":8,
"moveY":-1.25,
"moves":[
{"progress":"recoil",
"x":8,
"y":-1.25}],},
{"type":"RegionPart",
"suffix":"-side1",
"heatProgress":"warmup",
"under":true,
"mirror":true,
"moveX":3.75,
"moveY":2.75,
"moves":[
{"progress":"recoil",
"x":3.75,
"y":2.75}],},
{"type":"RegionPart",
"suffix":"-part",
"heatProgress":"warmup",
"under":true,},
{"type":"HaloPart",
"tri":true,
"y":-24,
"shapes":2,
"stroke":6,
"triLength":0,
"triLengthTo":24,
"haloRadius":21,
"haloRotation":90,
"color":"BFFFDB00",
"colorTo":"BFFFDB",
"layer":210},
{"type":"HaloPart",
"tri":true,
"y":-24,
"shapeRotation":180,
"shapes":2,
"stroke":6,
"triLength":0,
"triLengthTo":6,
"haloRadius":21,
"haloRotation":90,
"color":"BFFFDB00",
"colorTo":"BFFFDB",
"layer":210},
{"type":"HaloPart",
"mirror":true,
"tri":true,
"y":-24,
"shapes":2,
"stroke":3,
"triLength":0,
"triLengthTo":18,
"haloRadius":21,
"haloRotation":60,
"color":"BFFFDB00",
"colorTo":"BFFFDB",
"layer":210},
{"type":"HaloPart",
"mirror":true,
"tri":true,
"y":-24,
"shapeRotation":180,
"shapes":2,
"stroke":3,
"triLength":0,
"triLengthTo":4.5,
"haloRadius":21,
"haloRotation":60,
"color":"BFFFDB00",
"colorTo":"BFFFDB",
"layer":210},
{"type":"ShapePart",
"hollow":true,
"circle":true,
"y":-24,
"radius":6,
"stroke":0,
"strokeTo":1.6,
"color":"BFFFDB00",
"colorTo":"BFFFDB",
"layer":210},
{"type":"ShapePart",
"hollow":true,
"circle":true,
"y":-24,
"radius":12,
"stroke":0,
"strokeTo":1.6,
"color":"BFFFDB00",
"colorTo":"BFFFDB",
"layer":210},
{"type":"ShapePart",
"hollow":true,
"y":-24,
"rotation":-30,
"radius":12,
"stroke":0,
"strokeTo":1.6,
"rotateSpeed":2,
"color":"BFFFDB00",
"colorTo":"BFFFDB",
"layer":210},
{"type":"ShapePart",
"hollow":true,
"y":-24,
"rotation":150,
"radius":12,
"stroke":0,
"strokeTo":1.6,
"rotateSpeed":-2,
"color":"BFFFDB00",
"colorTo":"BFFFDB",
"layer":210},
{"type":"HaloPart",
"hollow":false,//空心
"mirror":false,
"tri":true,//是否三角形
"x":0,
"y":-24,
"shapeRotation":0,//图形初始角度
"moveX":0,
"moveY":0,
"shapeMoveRot":0,
"shapes":4,//围绕个数
"sides":3,//边数
"stroke":1,//粗细
"strokeTo":-1,
"radius":4.5,//半径/粗细
"radiusTo":-1,
"triLength":0,//初始长度
"triLengthTo":9,//最终长度
"haloRadius":18,//围绕半径
"haloRadiusTo":-1,//最终围绕半径
"haloRotateSpeed":1,
"haloRotation":0,
"rotateSpeed":0,
"color":"BFFFDB00",
"colorTo":"BFFFDB",
"layer":210},
{"type":"HaloPart",
"tri":true,
"y":-24,
"shapeRotation":180,
"shapes":4,
"radius":4.5,
"triLength":0,
"triLengthTo":2,
"haloRadius":18,
"haloRotateSpeed":1,
"color":"BFFFDB00",
"colorTo":"BFFFDB",
"layer":210},
{"type":"HaloPart",
"tri":true,
"y":-24,
"shapes":4,
"radius":4.5,
"triLength":0,
"triLengthTo":3,
"haloRadius":12,
"haloRotation":45,
"haloRotateSpeed":-1,
"color":"BFFFDB00",
"colorTo":"BFFFDB",
"layer":210},
{"type":"HaloPart",
"tri":true,
"y":-24,
"shapeRotation":180,
"shapes":4,
"radius":4.5,
"triLength":0,
"triLengthTo":1.5,
"haloRadius":11,
"haloRotation":45,
"haloRotateSpeed":-1,
"color":"BFFFDB00",
"colorTo":"BFFFDBFF",
"layer":210}]
},
"requirements":[
{"item":"压缩钍","amount":3500},
{"item":"振波合金","amount":5250},
{"item":"压缩钛","amount":3500},
{"item":"高级强化板","amount":9600},
{"item":"plastanium","amount":16000}
{"item":"surge-alloy","amount":5600}
],
"category":"turret",
"research":"贯穿"
"buildCostMultiplier":0.5
}