{
	"type": "PowerTurret",
	"size":5,
	"name":"贯穿",
	"description":"利用振波合金发生振波，携带着巨大能量摧毁所有敌人",
		"details":"清兵利器",
	"health":8200,
	"reload":280,
	"buildCostMultiplier": 0.5,
"shootShake":10,
	"range":720,
	"inaccuracy": 0,
	 "consumes": {
	 "power":24
        "coolant": {
            "amount": 2,
            "optional": true
        }
    },
    "coolantMultiplier": 0.4
	"shootSound":"laserblast",
	    "chargeSound":"lasercharge2",
	"moveWhileCharging": false,
	"accurateDelay": true,
	"shoot": {
    "type": "ShootPattern",
    "firstShotDelay": 90
    },
    "chargeEffects":1
	"targetAir" :true, 
	"targetGround" : true,
	"recoilAmount" : 1.5,
	"restitution" : 0.04, 
	"rotateSpeed": 3,
	"hasPower" : true,
	"shootType": {
            "type": "BasicBulletType",
			"speed":6,
			"damage":2400,
			"absorbable":false,
			"width":64,
			"height":64,
			"sprite": "适用扩展-低频振波"
			"collidesAir":true,
			"lifetime":300,
			    "pierce": true,	
	"pierceBuilding":true,
		"chargeEffect": {
    "type": "MultiEffect",
	"effects": [
	{   "type": "WaveEffect",
        "lifetime": 90,
        "sizeFrom": 120,
        "sizeTo": 0,
        "strokeFrom": 0,
        "strokeTo":15,
        "colorFrom": "FFFFFF",
        "colorTo": "FFFFFF"},]},
			"hitEffect":{
        "type": "WaveEffect",
        "lifetime": 60,
        "sizeFrom": 0,
        "sizeTo":64,
        "strokeFrom":10,
        "strokeTo": 0,
        "colorFrom": "FFFFFFFF",
        "colorTo": "FFFFFFFF",
        },
			
			"knockback":5,
		"splashDamageRadius":80,//溅射范围
	   "splashDamage":640,//范围伤
	   "statusDuration":2400,
        "status":"共振"
    "fragBullets":1,
"fragBullet":{
"type":"BombBulletType"
"lightning":5
"lightningDamage":32
"lightningLength":12
"lietime":1,
"speed":0,
"splashDamageRadius":80,
"splashDamage":240,
"hittable":false,
"collidesAir":true
"instantDisappear":true,}
			},
	"requirements": [
	{ "item": "压缩钍", "amount":420},
	{ "item": "振波合金", "amount":150},
	{ "item": "压缩钛", "amount":420},
	{ "item": "高级强化板", "amount":680},
	{ "item": "plastanium", "amount":650}
	{ "item": "surge-alloy", "amount":900}
	],
	"category": "turret",
	"research": "隐月"
	"buildCostMultiplier":0.5
}