{
  "type": "Reconstructor",
  "size": 11,
  "constructTime": 7800,
  "liquidCapacity": 380,
  "consumes": {
    "power": 38,
    "items": {
    "items": [
    "silicon/1550",
    "surge-alloy/1400",
    "phase-fabric/870",
    "metaglass/1200",
    "plastanium/1100",
    "fcarbon-fibre/1100",
    "esilicon-crystal/800",
    ]
    },
    "liquid": {
"liquid": "cryofluid",
"amount": 4
  },
  },
  "requirements": [
    "silicon/4850",
    "surge-alloy/1250",
    "metaglass/780",
    "lead/5300",
    "thorium/2400",
    "plastanium/890",
    "phase-fabric/1000"
  ],
  "upgrades": [
    [
      "eclipse",
      "bdt6-lieyang"
    ],
    [
      "reign",
      "bat6-dihou"
    ],
    [
      "oct",
      "bet6-fangzhou"
    ],
    [
      "omura",
      "bft6-kunlong"
    ],
    [
      "navanax",
      "bgt6-longzhu"
    ],
    [
      "corvus",
      "bbt6-miexing"
    ],
    ["toxopid",
     "bct6-anyuan"
    ],  
  ],
  "category": "units",
  "research": "tetrative-reconstructor"
}
