{
"name": "割裂",
	"health": 4500,
	"size": 3,
	"category": "turret",
	
	"targetGround": true,
	"targetAir": true,
	"inaccuracy": 5,
	"rotateSpeed": 1.3,
	"reload": 18,
	"range":200
	"shootSound": "malignShoot",
	
	"research": {
	"parent": "割裂",//科技树前置
	"requirements": [//研究花费
	"魔晶/25",
	"星辰/20"
	]
	}
	
	"requirements": [
        "星辰/30",
        "魔晶/45"
        ]
        
	"consumes": {
		"power":1.8
	},
	
	"shoot":
    {
    "type": "ShootSpread",
		"spread":2.8
		"shots": 10,
    },
    }