{
	"type": "LiquidTurret",
	"name": "观星",
	"health": 3000,
	"size": 2,
	"category": "turret",
	
	"targetGround": true,
	"targetAir": true,
	"inaccuracy": 1,
	"rotateSpeed": 1,
	"reload": 60,
	"range":210
	"shootSound": "malignShoot",
	
	"research": {
	"parent": "魔能之核",//科技树前置
	"requirements": [//研究花费
	"魔晶/25",
	"星辰/20"
	]
	}
	
	"requirements": [
        "星辰/20",
        "魔晶/25"
        ]
        
	"consumes": {
		"power":1.5
	},
	
	"shoot":
    {
    "type": "ShootHelix",
    "mag": 2
    "scl": 2
    },
    "liquidCapacity": 200,
	"ammoTypes": {
	"魔素":{
	"shootEffect": {
		"type": "WaveEffect",
		"lifetime": 5,
		"sizeFrom": 3,
		"sizeTo": 3,
		"strokeFrom": 0.5,
		"strokeTo": 0,
		"colorFrom": "ffffff",
		"colorTo": "C496FFFF"
		},
		"smokeEffect": {
        "type": "ParticleEffect",
        "particles": 5,
        "line": true,
        "strokeFrom": 1,
        "strokeTo": 1,
        "lenFrom": 5,
        "lenTo": 1,
        "length": 10,
        "baseLength": 0,
        "lifetime": 15,
        "colorFrom": "ffffff",
        "colorTo": "C496FFFF",
        "cone": 16
      },
	"type":"BasicBulletType",
	"homingPower":0.31,
    "homingDelay":4,
    "damage":240,
    "trailWidth":3,
    "lifetime":70,
    "speed":3,
    "trailLength":10,
    "trailColor": "C496FFFF",
    "frontColor" :"C496FFFF",
    "backColor":"C496FFFF",
    "hitColor" :"C496FFFF"

    "hitEffect": {
      "type": "MultiEffect",
      "effects": [
        {
          "type": "ParticleEffect",
          "interp": "circleOut",
          "sizeInterp": "pow3In",
          "particles": 1,

          "lifetime": 30,
          "baseLength": 0,
          "length": 0,
          "sizeFrom": 3,
          "sizeTo": 0,
          "colorFrom": "C496FF",
          "colorTo": "C496FF80"
        },
        {
          "type": "WaveEffect",
          "interp": "pow3Out",

          "lifetime": 30,
          "sizeFrom": 3,
          "sizeTo": 16,
          "strokeFrom": 3,
          "strokeTo": 0,
          "colorFrom": "C496FF",
          "colorTo": "C496FF"
        }
      ]
    },
    "despawnEffect": {
      "type": "MultiEffect",
      "effects": [
        {
          "type": "ParticleEffect",
          "interp": "circleOut",
          "sizeInterp": "pow3In",
          "particles": 1,

          "lifetime": 30,
          "baseLength": 0,
          "length": 0,
          "sizeFrom": 3,
          "sizeTo": 0,
          "colorFrom": "C496FF",
          "colorTo": "C496FF80"
        },
        {
          "type": "WaveEffect",
          "interp": "pow3Out",

          "lifetime": 30,
          "sizeFrom": 3,
          "sizeTo": 16,
          "strokeFrom": 3,
          "strokeTo": 0,
          "colorFrom": "C496FF",
          "colorTo": "C496FF"
        }
      ]
    },

    }
    }
    }