{
"type":"PowerTurret",
"name":"坍磁轨道炮平台",
"health":169800
"size":12
"unitSort":"strongest",
"armor":64
"reload":325
"range":2018
"coolantMultiplier":0.8
"liquidCapacity":842
"inaccuracy":0
"shootY":4
"rotateSpeed":0.81
"recoil":16
"recoilTime":108
"cooldownTime":60
"unitSort":"strongest"
"accurateDelay":false,
"shootSound":"laserblast",
"hitSoundVolume":6
"shake":21.8
"minWarmup":0.92
"warmupMaintainTime":2018
"shootWarmupSpeed":0.0062
"cooldownTime":288
"canOverdrive":false,
"consumes":{
"power":218.86
"liquid":"临界流体/3.68"
}
"drawer":{
"type":"DrawTurret",
"parts":[
{
"type":"HaloPart",
"y":4
"sides":3,
"shapes":4
"color":"99e0ffea",
"colorTo":"99e9ff",
"layer":108
"tri":true,
"progress":"reload",
"radius":10
"radiusTo":0
"triLength":78
"triLengthTo":0
"haloRadius":0,
"haloRotation":0,
"haloRotateSpeed":0.38
}
{
"type":"HaloPart",
"y":4
"sides":3,
"shapes":4
"color":"99e0ffea",
"colorTo":"99e9ff",
"layer":108
"tri":true,
"progress":"reload",
"radius":4.5
"radiusTo":0
"triLength":42
"triLengthTo":0
"haloRadius":0,
"haloRotation":0,
"haloRotateSpeed":-0.5
}
{
"type":"HaloPart",
"progress":"warmup",
"shapeRotation":90
"y":-24
"x":18
"sides":3,
"shapes":1
"color":"00000000",
"colorTo":"99e0ff",
"tri":true,
"hollow":true,
"radius":0
"radiusTo":7
"triLength":0
"triLengthTo":68
"haloRadius":28
"haloRotation":180
"haloRotateSpeed":0
"layer":110
}
{
"type":"HaloPart",
"progress":"warmup",
"shapeRotation":-90
"y":-24
"x":-18
"sides":3,
"shapes":1
"color":"00000000",
"colorTo":"99e0ff",
"tri":true,
"hollow":true,
"radius":0
"radiusTo":7
"triLength":0
"triLengthTo":68
"haloRadius":28
"haloRotation":180
"haloRotateSpeed":0
"layer":110
}
{
"type":"HaloPart",
"progress":"warmup",
"shapeRotation":90
"y":-24
"x":-18
"sides":3,
"shapes":1
"color":"00000000",
"colorTo":"99e0ff",
"tri":true,
"hollow":true,
"radius":0
"radiusTo":7
"triLength":0
"triLengthTo":6
"haloRadius":28
"haloRotation":180
"haloRotateSpeed":0
"layer":110
}
{
"type":"HaloPart",
"progress":"warmup",
"shapeRotation":-90
"y":-24
"x":18
"sides":3,
"shapes":1
"color":"00000000",
"colorTo":"99e0ff",
"tri":true,
"hollow":true,
"radius":0
"radiusTo":7
"triLength":0
"triLengthTo":6
"haloRadius":28
"haloRotation":180
"haloRotateSpeed":0
"layer":110
}
{
"type":"HaloPart",
"progress":"warmup",
"shapeRotation":0
"y":-39
"sides":3,
"shapes":3
"color":"00000000",
"colorTo":"99e0ff",
"tri":true,
"hollow":true,
"radius":28
"radiusTo":3
"triLength":0
"triLengthTo":5
"haloRadius":19
"haloRotation":180
"haloRotateSpeed":2
"layer":110
}
{
"type":"HaloPart",
"progress":"warmup",
"shapeRotation":180
"y":-39
"sides":3,
"shapes":3
"color":"00000000",
"colorTo":"99e0ff",
"tri":true,
"hollow":true,
"radius":28
"radiusTo":3
"triLength":0
"triLengthTo":8
"haloRadius":19
"haloRotation":180
"haloRotateSpeed":2
"layer":110
}
{
"type":"ShapePart",
"progress":"warmup",
"y":-39
"color":"00000000",
"colorTo":"99e0ff",
"stroke":0,
"strokeTo":3
"circle":true
"hollow":true,
"radius":0,
"radiusTo":18
"layer":110
},
{
"type":"ShapePart",
"progress":"warmup",
"y":-39
"color":"00000000",
"colorTo":"99e0ff",
"stroke":0,
"strokeTo":3
"circle":true
"hollow":true,
"radius":0,
"radiusTo":10
"layer":110
},
{
"type":"ShapePart",
"progress":"warmup",
"y":-39
"sides":3,
"color":"00000000",
"colorTo":"99e0ff",
"rotateSpeed":-2
"stroke":0,
"strokeTo":3
"circle":false,
"hollow":true,
"radius":0,
"radiusTo":13
"layer":110
},
{
"type":"RegionPart",
"mirror":false,//是否开启镜像
"under":true
"top":false
"progress":"warmup"
"x":0,"y":-10,//初始位置
"suffix":"-左上"//,贴图后缀
"moveX":0,//改变位置
"moveY":10
"moves":[
{
"progress":"recoil"
"recoilTime":38
"y":-8
"x":0
}
]
}
{
"type":"RegionPart",
"mirror":false,//是否开启镜像
"under":true
"top":false
"progress":"warmup"
"x":0,"y":-10,//初始位置
"suffix":"-右上"//,贴图后缀
"moveX":0,//改变位置
"moveY":10
"moves":[
{
"progress":"recoil"
"recoilTime":38
"y":-8
"x":0
}
]
}
{
"type":"RegionPart",
"mirror":false,//是否开启镜像
"top":false
"progress":"warmup"
"x":0,"y":-5//初始位置
"suffix":"-左"//,贴图后缀
"moveX":0,//改变位置
"moveY":4
"moves":[
{
"progress":"recoil"
"recoilTime":25
"y":-5
"x":0
}
]
}
{
"type":"RegionPart",
"mirror":false,//是否开启镜像
"top":false
"progress":"warmup"
"x":0,"y":-5,//初始位置
"suffix":"-右"//,贴图后缀
"moveX":0,//改变位置
"moveY":5
"moves":[
{
"progress":"recoil"
"recoilTime":25
"y":-4
"x":0
}
]
}
{
"type":"RegionPart",
"mirror":false,//是否开启镜像
"under":true
"progress":"warmup"
"x":0,"y":0,//初始位置
"suffix":"-右下"//,贴图后缀
"moveX":2,//改变位置
"moveY":-2
"moves":[
{
"progress":"recoil"
"recoilTime":25
"y":2
"x":-2
}
]
}
{
"type":"RegionPart",
"mirror":false,//是否开启镜像
"under":true
"progress":"warmup"
"x":0,"y":0,//初始位置
"suffix":"-左下"//,贴图后缀
"moveX":-2,//改变位置
"moveY":-2
"moves":[
{
"progress":"recoil"
"recoilTime":25
"y":2
"x":2
}
]
}
]
}
"shootEffect":{
"type":"MultiEffect",
"effects":[
{
"type":"WaveEffect",
"lifetime":22
"interp":"circleOut",
"sizeFrom":0,
"sizeTo":188
"strokeFrom":12
"strokeTo":0
"colorFrom":"c0ecff",
"colorTo":"99ecff"
}
{
"type": "ParticleEffect",
"particles":12
"line": true,
"strokeFrom":5
"strokeTo": 0
"lenFrom": 32
"lenTo": 8
"interp": "pow10Out",
"sizeInterp": "pow3In",
"length":80
"baseLength":24
"lifetime": 42
"colorFrom": "99ecff",
"colorTo": "99e0ff",
"cone": 18
},
]
}
"shootType":{
"type":"EmpBulletType",
"sprite":"circle-bullet",
"parts":[
{
"type":"HaloPart",
"sides":3,
"shapes":4
"color":"99e0ffea",
"colorTo":"99e9ff",
"layer":108
"tri":true,
"progress":"reload",
"radius":10
"radiusTo":0
"triLength":78
"triLengthTo":0
"haloRadius":0,
"haloRotation":0,
"haloRotateSpeed":0.38
}
{
"type":"HaloPart",
"sides":3,
"shapes":4
"color":"99e0ffea",
"colorTo":"99e9ff",
"layer":108
"tri":true,
"progress":"reload",
"radius":4.5
"radiusTo":0
"triLength":42
"triLengthTo":0
"haloRadius":0,
"haloRotation":0,
"haloRotateSpeed":-0.5
}
]
"width":6
"height":6
"shrinkY":0
"speed":23.5
"lifetime":38
"damage":4880
"radius":225
"splashDamageRadius":420
"splashDamage":2320
"timeIncrease":3
"powerDamageScl":2
"unitDamageScl":1.2
"hitUnits":true,
"scaleLife":true,
"status":"electrified",
"statusDuration":388
"frontColor":"99ecff",
"backColor":"99e0ff",
"trailLength":12
"trailWidth":4
"trailColor":"99e0ff",
"trailChance":0.2
"trailInterval":4
"trailEffect":{
"type":"MultiEffect",
"effects":[
{
"type":"ParticleEffect",
"particles":3
"region":"这是一个模组-菱形"
"sizeFrom":7
"sizeTo":0
"sizeInterp":"pow10In",
"interp":"pow5Out",
"length":-52
"baseLength":0,
"lifetime":60
"colorFrom":"99e0ff",
"colorTo":"99e0ff30"
"spin":2.3
"cone":18
}
]
},
"hitShake":18
"absorbable":false
"reflecctable":false
"hitSound":"lasercharge",
"hitSoundVolume":7
"shootEffect":"hitEmpSpark",
"smokeEffect":"shootBigSmoke2",
"hitSound":"plasmaboom",
"despawnEffect":{
"type":"ParticleEffect",
"particles":8
"line":true,
"strokeFrom":12
"strokeTo":8
"lenFrom":18
"lenTo":5
"length":25
"baseLength":2
"lifetime":24
"colorFrom":"99e0ff",
"colorTo":"99e0ff"
},
"hitEffect":{
"type":"MultiEffect",
"effects":[
{
"type":"ParticleEffect",
"particles":1
"region":"这是一个模组-十字星"
"sizeFrom":252
"sizeTo":20
"sizeInterp":"pow10In",
"interp":"pow5Out",
"length":0
"baseLength":0,
"lifetime":42
"colorFrom":"99ecff",
"colorTo":"99e0ff30"
"spin":3
"cone":0
}
{
"type":"ParticleEffect",
"particles":1
"sizeFrom":280
"sizeTo":0
"sizeInterp":"pow10In",
"interp":"pow5Out",
"length":0
"baseLength":0
"lifetime":38
"colorFrom":"99ecff00",
"colorTo":"c0ecff80"
"cone":0
}
{
"type":"WaveEffect",
"lifetime":42
"sizeFrom":280
"sizeTo":0
"strokeFrom":0
"strokeTo":8
"colorFrom":"99e0ff90",
"colorTo":"99e0ff20"
}
]
}
"status":"崩坏",
"statusDuration":60
"bulletInterval":3.6
"intervalBullets":1
"intervalRandomSpread":360,
"intervalSpread":0
"intervalAngle":0,
"intervalBullet":{
"absorbable":false
"reflecctable":false
"type":"BasicBulletType",
"hitSound":"explosionbig",
"hitSoundVolume":3
"status":"崩坏",
"statusDuration":60
"width":20
"height":20
"sprite":"large-bomb",
"spin":6,
"drag":1,
"shrinkX":0.2,
"shrinkY":0.2,
"hitShake":5
"backColor":"99ecff",
"frontColor":"FFFFFF",
"hitEffect":{
"type":"MultiEffect",
"effects":[
{
"type":"ParticleEffect",
"particles":1,
"sizeFrom":80,
"sizeTo":9,
"length":0,
"baseLength":0,
"lifetime":18,
"colorFrom":"c0ecff90",
"colorTo":"FFFFFF00"
},
{
"type":"ParticleEffect",
"particles":22
"interp":"fastSlow",
"sizeFrom":10,
"sizeTo":0,
"length":35,
"baseLength":120
"lifetime":35,
"colorFrom":"99ecff",
"colorTo":"FFFFFF"
},
{
"type":"WaveEffect",
"lifetime":30,
"sizeFrom":0,
"sizeTo":120
"strokeFrom":11,
"strokeTo":0,
"colorFrom":"99ecff",
"colorTo":"FFFFFF"
},
{
"type":"WaveEffect",
"lifetime":18
"sizeFrom":1,
"sizeTo":56
"strokeFrom":8,
"strokeTo":0,
"colorFrom":"99ecff",
"colorTo":"FFFFFF"
}
]
},
"collides":false,
"lightningDamage":42
"lightning":3
"lightningLength":9
"lightningLengthRand":4
"lightningColor":"99ecff",
"speed":0,
"lifetime":22
"splashDamageRadius":88
"splashDamage":128.5
}
"fragBullets":1
"fargLifeMin":2.2
"fargLifeMax":2.2
"fragVelocityMin":0
"fragVelocityMax":0
"fragBullet":{
"collides":false,
"width":0
"height":0
"shrinkY":0
"speed":0
"lifetime":18
"damage":19860
"radius":418
"splashDamageRadius":420
"splashDamage":6988
"timeIncrease":3
"powerDamageScl":2
"unitDamageScl":1.2
"hitUnits":true,
"scaleLife":true,
"status":"时空停滞",
"statusDuration":118
"frontColor":"99ecff",
"backColor":"99e0ff",
"trailLength":12
"trailWidth":4
"trailColor":"99e0ff",
"trailChance":0.2
"trailInterval":4
"trailEffect":{
"type":"MultiEffect",
"effects":[
{
"type":"ParticleEffect",
"particles":8
"region":"这是一个模组-菱形"
"sizeFrom":12
"sizeTo":0
"sizeInterp":"pow10In",
"interp":"pow5Out",
"length":62
"baseLength":20
"lifetime":60
"colorFrom":"99e0ff",
"colorTo":"99e0ff30"
"spin":2.3
"cone":18
}
]
},
"hitShake":31.5
"hitSound":"largeCannon"
"hitSoundVolume":8.2
"shootEffect":"hitEmpSpark",
"smokeEffect":"shootBigSmoke2",
"despawnEffect":{
"type":"ParticleEffect",
"particles":8
"line":true,
"strokeFrom":12
"strokeTo":8
"lenFrom":18
"lenTo":5
"length":25
"baseLength":2
"lifetime":24
"colorFrom":"99e0ff",
"colorTo":"99e0ff"
},
"hitEffect":{
"type":"MultiEffect",
"effects":[
{
"type": "ParticleEffect",
"particles":32
"line": true,
"strokeFrom":8
"strokeTo":0
"lenFrom":120
"lenTo":31
"interp": "pow10Out",
"sizeInterp": "pow3In",
"length":288
"baseLength":50
"lifetime":38
"colorFrom": "c0ecff",
"colorTo": "c0ecff",
},
{
"type":"ParticleEffect",
"particles":82
"spin":2.8
"sizeFrom":16.5
"sizeTo":0
"region":"这是一个模组-菱形"
"sizeInterp":"pow10In",
"interp":"pow5Out",
"length":225
"baseLength":40
"lifetime":152
"colorFrom":"c0ecff90",
"colorTo":"99ecff20"
}
{
"type":"ParticleEffect",
"particles":1
"region":"这是一个模组-十字星"
"sizeFrom":308
"sizeTo":20
"sizeInterp":"pow10In",
"interp":"pow5Out",
"length":0
"baseLength":0,
"lifetime":18
"colorFrom":"99ecff",
"colorTo":"99e0ff30"
"spin":7.3
"cone":0
}
{
"type":"ParticleEffect",
"particles":1
"sizeFrom":50
"sizeTo":420
"sizeInterp":"pow10In",
"interp":"pow5Out",
"length":0
"baseLength":0,
"lifetime":22
"colorFrom":"c0ecff99",
"colorTo":"99ecff00"
"cone":0
}
{
"type":"ParticleEffect",
"particles":1
"sizeFrom":300
"sizeTo":0
"sizeInterp":"pow10In",
"interp":"pow5Out",
"length":0
"baseLength":0,
"lifetime":22
"colorFrom":"c0ecff99",
"colorTo":"99ecff00"
"cone":0
}
{
"type":"WaveEffect",
"lifetime":25
"sizeFrom":0
"sizeTo":365
"strokeFrom":12
"strokeTo":0,
"colorFrom":"99e0ff",
"colorTo":"99e0ff"
}
{
"type":"WaveEffect",
"lifetime":30
"sizeFrom":0
"sizeTo":420
"strokeFrom":20
"strokeTo":0,
"colorFrom":"99e0ff",
"colorTo":"99e0ff"
}
]
}
"pierceArmor":true,
"hittable":false
"absorbable":false
"reflecctable":false
"fragBullets":21
"fragLifeMin":0.1
"fragLifeMax":2.92
"fragVelocityMin":0.1
"fragVelocityMax":1
"fragBullet":{
"status":"紊乱"
"statusDuration":325
"speed":10
"lifetime":25
"collides":false,
"width":0
"height":0
"splashDamageRadius":122
"splashDamage":986.5
"hitEffect":{
"type":"MultiEffect",
"effects":[
{
"type":"WaveEffect",
"lifetime":28
"sizeFrom":5
"sizeTo":88
"strokeFrom":3
"strokeTo":0,
"colorFrom":"99ecff",
"colorTo":"99e0ff20"
}
{
"type":"ParticleEffect",
"particles":1
"sizeFrom":20
"sizeTo":10
"interp":"pow10Out",
"sizeInterp":"pow5In",
"length":0
"baseLength":0,
"lifetime":48
"colorFrom":"99ecffbe",
"colorTo":"99e0ff10"
},
{
"type":"WaveEffect",
"lifetime":32
"sizeFrom":5
"sizeTo":102
"strokeFrom":3
"strokeTo":0,
"colorFrom":"99ecff",
"colorTo":"99e0ff20"
}
{
"type":"ParticleEffect",
"region":"这是一个模组-菱形",
"particles":5
"sizeFrom":12
"sizeTo":0,
"interp":"pow10Out",
"sizeInterp":"pow5In",
"length":60
"baseLength":0,
"lifetime":45
"colorFrom":"99ecffbe",
"colorTo":"99e0ff10"
},
]
}
"pierceArmor":true,
"hittable":false
"absorbable":false
"reflecctable":false
"fragBullets":3
"fragVelocityMin":0.1
"fragVelocityMax":0.8
"fragLifeMin":0.8
"fragLifeMax":3.3
"fragBullet":{
"type":"PointBulletType",
"trailEffect":{
"type":"ParticleEffect",
"particles":1,
"length":0,
"baseLength":5
"lifetime":10
"line":true,
"randLength":false,
"strokeFrom":22
"strokeTo":0
"colorFrom":"99ecff",
"colorTo":"99e0ff30",
"cone":0
},
"trailSpacing":7
"hitEffect":"bigShockwave",
"despawnEffect":{
"type":"MultiEffect",
"effects":[
{
"type":"ParticleEffect",
"particles":1,
"sizeFrom":82
"sizeTo":0,
"length":0,
"baseLength":0,
"lifetime":22
"colorFrom":"99ecff",
"colorTo":"99e0ff30"
},
{
"type":"WaveEffect",
"lifetime":18
"sizeFrom":8,
"sizeTo":82
"interp":"circleOut",
"strokeFrom":8
"strokeTo":0,
"colorFrom":"99ecff",
"colorTo":"99ecff"
}
]
},
"hitShake":5
"lightningDamage":188
"lightning":3
"lightningLength":18
"lightningColor":"99e0ff",
"hitSound":"plasmaboom",
"speed":8
"lifetime":32
"splashDamageRadius":220
"splashDamage":178
"status":"熔断",
"statusDuration":120
"pierceArmor":true,
"hittable":false
}
}
}
}
"researchCostMultiplier":2
"requirements":[
"铼铱合金/4650"
"拟钢/5280"
"zyhj/2680"
"绛基合金/1800"
"战争协定权限/10"
],
"category":"turret",
"research":"电离"
}