{
    "type": "GenericCrafter",
    "name": "1412巨浪合金冶炼炉",
    "description": "属于以芯片为核心的1412科技系，为1412芯片量身定做的冶炼炉，是正经的工业冶炼炉，不是本模组杂牌巨浪合金生产设施",
    "details":"严格来说1412科技不属于420计划，但可以被作为分支对待，作为420科技的下级拓扑项目，有着大量的经费，但是由于1412芯片毕竟只是单片机芯片，虽然比我们的科技还要先进几百年，但单片机就是单片机，哪怕他功能再强，也依旧是单片机，因而不被人看好，虽然每年都有大量的经费，但1412研究所每年得到的资金依旧只有整个420计划经费的6%-8%，而且作为420工程的边缘项目，被派来研究此项科技的研究员并不多，导致进展缓慢，但在这六年里，1412研究所依旧搞出了一定的成果，1412巨浪合金冶炼炉便是成果之一，但是大家依旧不看好其前景。"
    "health": 790,
    "itemCapacity": 23,
    "outputItem": {
        "item": "surge-alloy",
        "amount": 2
    },
    "liquidCapacity":115
    "outputLiquid":"slag/0.39"
    "size": 4,
    "hasPower": true,
    "hasItems": true,
    "hasLiquids":true,
    "craftTime":72 ,
    "updateEffect": "smeltsmoke",
    "consumes": {
        "power": 9,
        "items": {
            "items": [
                {
                    "item": "lead",
                    "amount": 6
                },
                {
                    "item": "copper",
                    "amount": 7
                },
                {
                    "item": "titanium",
                    "amount": 3
                },
{
                    "item": "silicon",
                    "amount": 4
                }              
            ]
        },
        "liquid": {
            "liquid": "water",
            "amount": 0.535
            }
    },
    "requirements": [
        {
            "item": "copper",
            "amount": 180
        },
        {
            "item": "lead",
            "amount": 138
        },
        {
                    "item": "titanium",
                    "amount": 69
                },
        {
                    "item": "silicon",
                    "amount": 40
                    },
                                    "metaglass/78","plastanium/21",
        {
            "item": "1412芯片",
            "amount": 4
        }
    ],
    "drawer": {
        "type": "DrawMulti",
        "drawers": [
            "DrawDefault",
            "DrawFlame"
        ]
    },
    "category": "crafting",
    "research": {
    "parent":"surge-smelter",
    	"objectives": [
         {
				"type": "SectorComplete",
				"preset": "windsweptIslands"
			}
			]
    },
    "idleSound": "respawning",
    "idleSoundVolume": 0.4
}