{
    "type": "GenericCrafter",
    "name": "1412芯片工厂",
    "description": "1412芯片生产设施，用于生产1412芯片",
    "details":"虽然说1412芯片大量用于炮塔火控与工业生产控制设备，但用量极少，除了超级武器以外，15枚都算是多的了，因此不需要大规模生产，建造三四个1412芯片工厂都算多的了"
    "health": 790,
    "itemCapacity": 23,
    "outputItem": {
        "item": "1412芯片",
        "amount": 1
    },
    "size": 3,
    "hasPower": true,
    "hasItems": true,
    "hasLiquids":false,
    "craftTime":39.6 ,
    "updateEffect": "smeltsmoke",
    "consumes": {
        "power": 2.02,
        "items": {
            "items": [               
                {
                    "item": "紫渊合金",
                    "amount": 1
                },
                {
                    "item": "titanium",
                    "amount": 2
                },
{
                    "item": "silicon",
                    "amount": 1
                }              
            ]
        },
    },
    "requirements": [
        {
            "item": "copper",
            "amount": 180
        },
        {
            "item": "lead",
            "amount": 138
        },
        {
                    "item": "graphite",
                    "amount": 60
                },
        {
                    "item": "silicon",
                    "amount": 40
                    },
"metaglass/78",
        {
            "item": "亚砜协议",
            "amount": 11
        }
    ],
    "drawer": {
        "type": "DrawMulti",
        "drawers": [
            "DrawDefault",
            "DrawFlame"
        ]
    },
    "category": "crafting",
    "research": {
    "parent":"silicon-smelter",
    	"objectives": [
         {
				"type": "OnSector",
				"preset": "windsweptIslands"
			}
			]
    },
    "idleSound": "respawning",
    "idleSoundVolume": 0.4
}