{

//copper 铜 lead 铅 coal 煤 spore-pod 孢子荚
//graphite 石墨 silicon 硅 titanium 钛 thorium 钍
//plastanium 塑钢 surge-alloy 巨浪合金 phase-fabric 相织布
//pyratite 硫 blast-compound 爆炸混合物 metaglass 钢化玻璃

	"type":"GenericCrafter",
	//如果将type改为GenericSmelter则需要一个后缀-top的发热贴图
	"name":"纤维榨汁机",
	"updateEffect":{
           "type":"multiEffect",
"effects":[
		{
"type":"ParticleEffect",
"lifetime": 36,"offsetX":0,
"colorFrom":"9DDF64FF",//开始时颜色
"colorTo":"9DDF64FF",//结束时颜色
"particles":4,//粒子数量
"randLength":true,//兰德长度？
"cone":360,//粒子扩散角度
"length":10,//粒子移动长度
"baseLength":8,//粒子在一定长度内出现
"useRotation":true,//使用旋转
//"line":true,//形状为方形
"sizeFrom":3,//圆形从开始大小//粒子大小？？
"sizeTo":0,//圆形至结尾大小}
}]},
	"liquidCapacity":40,
	"itemCapacity":25,
	"hasItems":true,
	//允许进入物资
	"hasLiquids":true,
	//允许进入液体
	"hasPower":true,
	"health": 1500,
	"description":"从大量纤维有机物中萃取精华——一种被称为精油的液体。"
	"size":3,
	"craftTime": 120,
	//生产时间60:1
	"consumes":{
		//耗电公式为：1=60
		"power":2.5,
		"items":{
			"items":[
				"纤维织物/10"
			]
		}
	    },
	"outputLiquid": "精油/0.25"
	"requirements":[
		"copper/225",
		"钢铁/75",
		"graphite/80"
	],
	"drawer":{
		"type":"DrawMulti",
		"drawers":[
			{
	            "type":"DrawRegion",
	            "suffix":"-bottom"
	        },
	        "DrawDefault",
			{
				"type":"DrawLiquidRegion",
				//这个type允许使用-liquid贴图
				"drawLiquid":"野性之心-精油"
				//-liquid贴图选用的液体颜色
			},
			{
	            "type":"DrawRegion",
	            "suffix":"-top"
	        }
		]
	},
	"research": {
	"parent": "a10-热熔器"//科技树前置
	"objectives":[
	{
	"type": "SectorComplete",//占领地图
	"preset":"野性之心-走迷宫"//地图名
	},]},
	//科技树中位于合金工厂的后面
	//加工特效，目前为石墨的特效
	"category":"crafting"
	//在建筑菜单中位于工厂子页面
	
	//turret 炮塔子页面 production 钻头子页面 
	//defense 墙子页面 power 电力子页面
	//logic 逻辑子页面 units 单位子页面
	//liquid 液体子页面 distribution 传送带子页面
	//effect 修复仪子页面
}