{

//copper 铜 lead 铅 coal 煤 spore-pod 孢子荚
//graphite 石墨 silicon 硅 titanium 钛 thorium 钍
//plastanium 塑钢 surge-alloy 巨浪合金 phase-fabric 相织布
//pyratite 硫 blast-compound 爆炸混合物 metaglass 钢化玻璃

	"type":"GenericCrafter",
	//如果将type改为GenericSmelter则需要一个后缀-top的发热贴图
	"name":"毒素蒸馏室",
	"research": {
	"parent": "a15-纤维榨汁机"//科技树前置
	"objectives":[
	{
	"type": "SectorComplete",//占领地图
	"preset":"野性之心-感染温床"//地图名
	},]},
	"buildCostMultiplier": 0.5,//建造速度倍率
	"hasItems":true,
	//允许进入物资
	"hasLiquids":true,
	//允许进入液体
	"hasPower":true,
	"squareSprite": false,
	"outputLiquid": "孢子毒素/0.15"
	"itemCapacity":25,
	"liquidCapacity":40,
	"hasItems":true,
	//允许进入物资
	"hasLiquids":true,
	//允许进入液体
	"hasPower":true,
	"health": 1600,
	"description":"利用高温技术从孢子中提取孢子毒素，一种无比致命并能汲取精油不断生长的液体。"
	"size":3,
	"craftTime":120,
	//生产时间60:1
	"consumes":{
		//耗电公式为：1=60
		"power":2.5
		"items":{
			"items":[
				"spore-pod/5"
			]
		}
	},
	"requirements":[
		"奥利哈钢/90",
		"钢铁/90",
		"graphite/150",
		"thorium/200"
	],
	"drawer":{
		"type":"DrawMulti",
		"drawers":[
		    {
	            "type":"DrawRegion",
	            "suffix":"-bottom"
	        },
			{
				"type":"DrawLiquidRegion",
				"drawLiquid":"water"
			},
			{
				"type":"DrawDefault"
			},
			{
				"type":"DrawCultivator"
			},
			{
	            "type":"DrawRegion",
	            "suffix":"-top"
	        }
		]
	},
	//"research":"c感电挖掘器",
	//科技树中位于合金工厂的后面
	//加工特效，目前为石墨的特效
	"category":"crafting"
	//在建筑菜单中位于工厂子页面
	
	//turret 炮塔子页面 production 钻头子页面 
	//defense 墙子页面 power 电力子页面
	//logic 逻辑子页面 units 单位子页面
	//liquid 液体子页面 distribution 传送带子页面
	//effect 修复仪子页面
}