{

//copper 铜 lead 铅 coal 煤 spore-pod 孢子荚
//graphite 石墨 silicon 硅 titanium 钛 thorium 钍
//plastanium 塑钢 surge-alloy 巨浪合金 phase-fabric 相织布
//pyratite 硫 blast-compound 爆炸混合物 metaglass 钢化玻璃

	"type":"GenericCrafter",
	//如果将type改为GenericSmelter则需要一个后缀-top的发热贴图
	"name":"硅晶烧结炉",
	"updateEffect": "blastsmoke",
	"liquidCapacity":60,
	"itemCapacity":30,
	"hasItems":true,
	//允许进入物资
	"hasLiquids":true,
	//允许进入液体
	"hasPower":true,
	"health": 800,
	"description":"利用高温矿渣液大量生产纯净硅。"
	"size":3,
	"craftTime": 120,
	//生产时间60:1
	"consumes":{
		//耗电公式为：1=60
		"power":5,
		"items":{
			"items":[
				"sand/10"
				"coal/5"
			]
		}
	    "liquid":{
	    "liquid": "slag",
        "amount": 0.2,
        }
	    },
	"outputItem": "silicon/12"
	"requirements":[
		"钢铁/120",
		"金/80",
		"plastanium/40",
	],
	"drawer":{
		"type":"DrawMulti",
		"drawers":[
		{
	            "type":"DrawRegion",
	            "suffix":"-bottom"
	        },
			{"type":"DrawFade"}
			{"type":"DrawRegion",
    "suffix":"-spinner"
    "rotateSpeed":6
            }
            {"type":"DrawDefault"}
		]
	},
	"research":"a4-硅晶工厂",
	//科技树中位于合金工厂的后面
	//加工特效，目前为石墨的特效
	"category":"crafting"
	//在建筑菜单中位于工厂子页面
	
	//turret 炮塔子页面 production 钻头子页面 
	//defense 墙子页面 power 电力子页面
	//logic 逻辑子页面 units 单位子页面
	//liquid 液体子页面 distribution 传送带子页面
	//effect 修复仪子页面
}