{

//copper 铜 lead 铅 coal 煤 spore-pod 孢子荚
//graphite 石墨 silicon 硅 titanium 钛 thorium 钍
//plastanium 塑钢 surge-alloy 巨浪合金 phase-fabric 相织布
//pyratite 硫 blast-compound 爆炸混合物 metaglass 钢化玻璃

	"type":"GenericCrafter",
	//如果将type改为GenericSmelter则需要一个后缀-top的发热贴图
	"name":"灼锈坩埚",
	"updateEffect": "none",
	"liquidCapacity":60,
	"itemCapacity":30,
	"hasItems":true,
	//允许进入物资
	"hasLiquids":true,
	//允许进入液体
	"hasPower":true,
	"health": 800,
	"description":"将大量铁矿石熔炼为矿渣液。"
	"size":3,
	"craftTime": 60,
	//生产时间60:1
	"consumes":{
		//耗电公式为：1=60
		"power":6.6666666667,
		"items":{
			"items":[
				"铁矿石/6"
				"silicon/4"
			]
		}
	    },
	"outputLiquid": "slag/0.5"
	"requirements":[
		"钢铁/200",
		"graphite/160",
		"phase-fabric/30",
	],
	"drawer":{
		"type":"DrawMulti",
		"drawers":[
		    {
	            "type":"DrawRegion",
	            "suffix":"-bottom"
	        },
            {
				"type":"DrawLiquidRegion",
				//这个type允许使用-liquid贴图
				"drawLiquid":"slag"
				//-liquid贴图选用的液体颜色
			},
			{"type":"DrawDefault"}
            {"type":"DrawFade"}
		]
	},
	"research":"a10-热熔器",
	//科技树中位于合金工厂的后面
	//加工特效，目前为石墨的特效
	"category":"crafting"
	//在建筑菜单中位于工厂子页面
	
	//turret 炮塔子页面 production 钻头子页面 
	//defense 墙子页面 power 电力子页面
	//logic 逻辑子页面 units 单位子页面
	//liquid 液体子页面 distribution 传送带子页面
	//effect 修复仪子页面
}