{

//copper 铜 lead 铅 coal 煤 spore-pod 孢子荚
//graphite 石墨 silicon 硅 titanium 钛 thorium 钍
//plastanium 塑钢 surge-alloy 巨浪合金 phase-fabric 相织布
//pyratite 硫 blast-compound 爆炸混合物 metaglass 钢化玻璃

	"type":"GenericCrafter",
	//如果将type改为GenericSmelter则需要一个后缀-top的发热贴图
	"name":"冷凝器",
	"updateEffect": "freezing",
	"liquidCapacity":60,
	"itemCapacity":60,
	"hasItems":true,
	//允许进入物资
	"hasLiquids":true,
	//允许进入液体
	"hasPower":true,
	"health": 800,
	"description":"利用泥沙的吸热能力，将水加工为低温冷冻液。"
	"size":3,
	"craftTime": 120,
	//生产时间60:1
	"consumes":{
		//耗电公式为：1=60
		"power":2.66666666666666666,
		"items":{
			"items":[
				"sand/8"
			]
		}
	    "liquid":{
	    "liquid": "water",
        "amount": 0.9,
        }
	    },
	"outputLiquid": "cryofluid/0.36666666666666"
	"requirements":[
	    "钢铁/60",
		"silicon/60",
		"graphite/120"
	],
	"drawer":{
		"type":"DrawMulti",
		"drawers":[
			{
				"type":"DrawDefault"
			},
			{
				"type":"DrawLiquidRegion",
				//这个type允许使用-liquid贴图
				"drawLiquid":"water"
				//-liquid贴图选用的液体颜色
			},
			{
				"type":"DrawLiquidRegion",
				//这个type允许使用-liquid贴图
				"drawLiquid":"cryofluid"
				//-liquid贴图选用的液体颜色
			},
			{
	            "type":"DrawRegion",
	            "suffix":"-top"
	        }
		]
	},
	"research":"a10-热熔器",
	//科技树中位于合金工厂的后面
	//加工特效，目前为石墨的特效
	"category":"crafting"
	//在建筑菜单中位于工厂子页面
	
	//turret 炮塔子页面 production 钻头子页面 
	//defense 墙子页面 power 电力子页面
	//logic 逻辑子页面 units 单位子页面
	//liquid 液体子页面 distribution 传送带子页面
	//effect 修复仪子页面
}