{
	"type": "legs",
	"healColor":"FF5B5B",
	"outlineColor":"383848",
	"dpsEstimate": 0,
	"drawMinimap":false,
	"lockLegBase": true,
	"legCount": 6,
	"legLength": 35,
	"legForwardScl": 0.35,
	"hovering": true,
	"canDrown": false,
	"drownTimeMultiplier": 105,
	"range":50,
	"legMoveSpace": 1,
	"legGroupSize":2,
	"allowLegStep": true,
	"legPhysicsLayer": false,
	"legSplashDamage": 108,
	"legSplashRange": 15,
	"name": "偏袒",
	"fogRadius": 30,
	"rotateSpeed": 1.88,
	"speed": 1.05,
	"hitSize": 33,
	"immunities":[
		"blasted","burning","electrified",
		"freezing","melting","disarmed",
		"sapped","shocked","slow",
		"tarred","休克","wet",
		"spore-slowed","corroded",
		"标记","裂位标记","崩溃","干扰","御守"],
	"ammoType":"裂位能",
	"ammoCapacity": 200,
	"health": 56000,
	"armor": 88,
	"drag": 0.15,
	"accel": 0.35,
	"itemCapacity": 0,
	"faceTarget": false,
	"abilities": [
		{
			"type": "ShieldArcAbility",
			"whenShooting": false,
			"radius": 6,
			"width": 8,
			"max": 3600,
			"regen": 18,
			"cooldown": 160,
			"angle": 361,
			"angleOffset": 0
		},
		{
			"type": "ShieldArcAbility",
			"whenShooting": false,
			"radius": 35,
			"width": 18,
			"max": 3600,
			"regen": 18,
			"cooldown": 160,
			"angle": 60,
			"angleOffset": 0
		},
		{
			"type": "ShieldArcAbility",
			"whenShooting": false,
			"radius": 35,
			"width": 18,
			"max": 3600,
			"regen": 18,
			"cooldown": 160,
			"angle": 60,
			"angleOffset": 120
		},
		{
			"type": "ShieldArcAbility",
			"whenShooting": false,
			"radius": 35,
			"width": 18,
			"max": 3600,
			"regen": 18,
			"cooldown": 160,
			"angle": 60,
			"angleOffset": -120
		},
		{
			"type": "StatusFieldAbility",
			"duration": 7.5,
			"reload": 5,
			"range": 240,
			"applyEffect": "none",
			"activeEffect": "none",
			"effect": "御守"
		}
	],
	"weapons": [
		{
			"name": "偏袒4",
			"reload": 15,
			"x": 0,
			"y": 4,
			"shootY": 13,
			"controllable": false,
			"autoTarget": true,
			"rotate": true,
			"rotateSpeed": 8,
			"mirror": false,
			"type": "RepairBeamWeapon",
			"beamWidth": 1.2,
			"repairSpeed": 22,
			"laserColor": "FF5B588",
			"laserTopColor": "FFFFFF",
			"bullet": {
				"maxRange": 240
			}
		},
		{
			"name": "偏袒5",
			"reload": 500,
			"shootCone": 360,
			"display": false,
			"rotate": false,
			"ejectEffect": "none",
			"shootSound": "DBZ1",
			"shootStatusDuration": 400,
			"shootStatus": "绝判",
			"mirror": false,
			"autoTarget": true,
			"controllable": false,
			"shoot": {
				"type": "ShootPattern",
				"firstShotDelay": 300
			},
			"layerOffset": 0.001,
			"minWarmup": 0.88,
			"bullet": {
				"type": "BasicBulletType",
				"scaledSplashDamage": true,
				"killShooter": true,
				"splashDamage": 22300,
				"splashDamageRadius": 225,
				"collides": false,
				"pierce": true,
				"pierceBuilding": true,
				"pierceArmor": true,
				"instantDisappear": true,
				"hittable": false,
				"absorbable": false,
				"makeFire": true,
				"hitShake": 88,
				"lifetime": 20,
				"speed": 6,
				"hitEffect": {
					"type": "MultiEffect",
					"effects": [
						{
							"type": "ParticleEffect",
							"particles": 1,
							"startDelay": 8,
							"sizeFrom": 0,
							"sizeTo": 230,
							"length": 0,
							"baseLength": 0,
							"lifetime": 9,
							"colorFrom": "FFFFFF00",
							"colorTo": "FF5B5B"
						},
						{
							"type": "ParticleEffect",
							"particles": 1,
							"startDelay": 16,
							"sizeFrom": 230,
							"sizeTo": 0,
							"length": 0,
							"baseLength": 0,
							"lifetime": 129,
							"colorFrom": "FF5B5B",
							"colorTo": "FF5B5B99"
						},
						{
							"type": "ParticleEffect",
							"particles": 23,
							"sizeFrom": 23,
							"sizeTo": 0,
							"interp": "pow10Out",
							"sizeInterp": "pow10In",
							"length": 200,
							"baseLength": 0,
							"lifetime": 185,
							"colorFrom": "FFFFFF",
							"colorTo": "FF5B588A6"
						},
						{
							"type": "ParticleEffect",
							"particles": 23,
							"sizeFrom": 23,
							"sizeTo": 0,
							"interp": "pow10Out",
							"sizeInterp": "pow10In",
							"startDelay": 30,
							"length": 225,
							"baseLength": 0,
							"lifetime": 185,
							"colorFrom": "FFFFFF",
							"colorTo": "FF5B588A6"
						},
						{
							"type": "ParticleEffect",
							"particles": 23,
							"sizeFrom": 23,
							"sizeTo": 0,
							"interp": "pow10Out",
							"sizeInterp": "pow10In",
							"startDelay": 45,
							"length": 250,
							"baseLength": 0,
							"lifetime": 185,
							"colorFrom": "FFFFFF",
							"colorTo": "FF5B588A6"
						},
						{
							"type": "ParticleEffect",
							"particles": 1,
							"baseLength": 0,
							"length": 0,
							"lifetime": 20,
							"region": "饱和火力-星",
							"sizeFrom": 350,
							"sizeTo": 0,
							"colorFrom": "FF5B5B",
							"colorTo": "FF5B5B"
						},
						{
							"type": "WaveEffect",
							"lifetime": 96,
							"sizeFrom": 0,
							"sizeTo": 250,
							"strokeFrom": 30,
							"strokeTo": 0,
							"interp": "circleOut",
							"colorFrom": "EEC591",
							"colorTo": "FF5B5B"
						},
						{
							"type": "WaveEffect",
							"lifetime": 46,
							"sizeFrom": 0,
							"sizeTo": 240,
							"strokeFrom": 25,
							"strokeTo": 0,
							"colorFrom": "EEC591",
							"colorTo": "FF5B5B"
						},
						{
							"type": "WaveEffect",
							"lifetime": 46,
							"startDelay": 11,
							"sizeFrom": 0,
							"sizeTo": 240,
							"strokeFrom": 25,
							"strokeTo": 0,
							"colorFrom": "EEC591",
							"colorTo": "FF5B5B"
						},
						{
							"type": "WaveEffect",
							"lifetime": 46,
							"startDelay": 22,
							"sizeFrom": 0,
							"sizeTo": 240,
							"strokeFrom": 25,
							"strokeTo": 0,
							"colorFrom": "EEC591",
							"colorTo": "FF5B5B"
						}
					]
				},
				"despawnEffect": {
					"type": "ExplosionEffect",
					"lifetime": 128,
					"waveStroke": 9,
					"waveLife": 20,
					"waveRadBase": 7,
					"waveColor": "FF5B588",
					"waveRad": 300,
					"smokes": 60,
					"smokeColor": "E3E3E3",
					"sparkColor": "FF5B588",
					"sparks": 73,
					"sparkRad": 350,
					"sparkStroke": 3,
					"sparkLen": 64
				},
				"hitSound": "DBZ1",
				"width": 0,
				"height": 0
			}
		},
		{
			"name": "偏袒5",
			"reload": 60,
			"shootCone": 360,
			"display": false,
			"rotate": false,
			"ejectEffect": "none",
			"shootSound": "DBZ1",
			"mirror": false,
			"shootOnDeath": true,
			"noAttack": true,
			"controllable": false,
			"autoTarget": false,
			"shoot": {
				"shots": 2
			},
			"bullet": {
				"type": "BasicBulletType",
				"scaledSplashDamage": true,
				"killShooter": true,
				"splashDamage": 22300,
				"splashDamageRadius": 225,
				"collides": false,
				"pierce": true,
				"pierceBuilding": true,
				"pierceArmor": true,
				"instantDisappear": true,
				"hittable": false,
				"absorbable": false,
				"makeFire": true,
				"hitShake": 88,
				"lifetime": 20,
				"speed": 6,
				"hitEffect": {
					"type": "MultiEffect",
					"effects": [
						{
							"type": "ParticleEffect",
							"particles": 1,
							"startDelay": 8,
							"sizeFrom": 0,
							"sizeTo": 230,
							"length": 0,
							"baseLength": 0,
							"lifetime": 9,
							"colorFrom": "FFFFFF00",
							"colorTo": "FF5B5B"
						},
						{
							"type": "ParticleEffect",
							"particles": 1,
							"startDelay": 16,
							"sizeFrom": 230,
							"sizeTo": 0,
							"length": 0,
							"baseLength": 0,
							"lifetime": 129,
							"colorFrom": "FF5B5B",
							"colorTo": "FF5B5B99"
						},
						{
							"type": "ParticleEffect",
							"particles": 23,
							"sizeFrom": 23,
							"sizeTo": 0,
							"interp": "pow10Out",
							"sizeInterp": "pow10In",
							"length": 200,
							"baseLength": 0,
							"lifetime": 185,
							"colorFrom": "FFFFFF",
							"colorTo": "FF5B588A6"
						},
						{
							"type": "ParticleEffect",
							"particles": 23,
							"sizeFrom": 23,
							"sizeTo": 0,
							"interp": "pow10Out",
							"sizeInterp": "pow10In",
							"startDelay": 30,
							"length": 225,
							"baseLength": 0,
							"lifetime": 185,
							"colorFrom": "FFFFFF",
							"colorTo": "FF5B588A6"
						},
						{
							"type": "ParticleEffect",
							"particles": 23,
							"sizeFrom": 23,
							"sizeTo": 0,
							"interp": "pow10Out",
							"sizeInterp": "pow10In",
							"startDelay": 45,
							"length": 250,
							"baseLength": 0,
							"lifetime": 185,
							"colorFrom": "FFFFFF",
							"colorTo": "FF5B588A6"
						},
						{
							"type": "WaveEffect",
							"lifetime": 96,
							"sizeFrom": 0,
							"sizeTo": 250,
							"strokeFrom": 30,
							"strokeTo": 0,
							"interp": "circleOut",
							"colorFrom": "EEC591",
							"colorTo": "FF5B5B"
						},
						{
							"type": "WaveEffect",
							"lifetime": 46,
							"sizeFrom": 0,
							"sizeTo": 240,
							"strokeFrom": 25,
							"strokeTo": 0,
							"colorFrom": "EEC591",
							"colorTo": "FF5B5B"
						},
						{
							"type": "WaveEffect",
							"lifetime": 46,
							"startDelay": 11,
							"sizeFrom": 0,
							"sizeTo": 240,
							"strokeFrom": 25,
							"strokeTo": 0,
							"colorFrom": "EEC591",
							"colorTo": "FF5B5B"
						},
						{
							"type": "WaveEffect",
							"lifetime": 46,
							"startDelay": 22,
							"sizeFrom": 0,
							"sizeTo": 240,
							"strokeFrom": 25,
							"strokeTo": 0,
							"colorFrom": "EEC591",
							"colorTo": "FF5B5B"
						}
					]
				},
				"despawnEffect": {
					"type": "ExplosionEffect",
					"lifetime": 128,
					"waveStroke": 9,
					"waveLife": 20,
					"waveRadBase": 7,
					"waveColor": "FF5B588",
					"waveRad": 300,
					"smokes": 60,
					"smokeColor": "E3E3E3",
					"sparkColor": "FF5B588",
					"sparks": 73,
					"sparkRad": 350,
					"sparkStroke": 3,
					"sparkLen": 64
				},
				"hitSound": "DBZ1",
				"width": 0,
				"height": 0
			}
		}
	]
	,
	"parts": [
		{
			"type": "ShapePart",
			"stroke": 2,
			"strokeTo": 2,
			"color": "FF5B5BAA",
			"circle": true,
			"hollow": true,
			"radius": 240,
			"radiusTo": 240,
			"layer": 120
		}
	]
}