{
	"type": "legs",
	"name": "敲门砖",
	"armor": 18,
	"speed": 1.36,
	"drag": 0.1,
	"rotateSpeed": 1.52,
	"hitSize": 18,
	"health": 3800,
	"stepShake": 0,
	"legCount": 6,
	"legLength": 19.5,
	"legGroupSize": 3,
	"lockLegBase": true,
	"legContinuousMove": true,
	"legExtension": -3,
	"legBaseOffset": 7,
	"legMaxLength": 1.1,
	"legMinLength": 0.2,
	"legLengthScl": 0.95,
	"legForwardScl": 0.9,
	"legMoveSpace": 1,
	"immunities":["sapped","unmoving","disarmed","electrified","干扰","崩溃"],
	"drownTimeMultiplier": 6,
	"hovering": true,
	"allowLegStep": true,
	"range": 410,
	"outlineColor":"383848",
	"groundLayer": 49,
	"abilities": [
		{
			"type": "StatusFieldAbility",
			"duration": 6,
			"reload": 30,
			"range": -1,
			"applyEffect": "none",
			"activeEffect": {
				"type": "WaveEffect",
				"interp": "circleOut",
				"lifetime": 10,
				"sizeFrom": 0,
				"sizeTo": 45,
				"strokeFrom": 8,
				"strokeTo": 0,
				"colorFrom": "FF5B5B22",
				"colorTo": "FF5B5B22"
			},
			"effect": "invincible"
		}
	],
	"parts":[
		{
			"type": "RegionPart",
			"mirror": true,
			"under": true,
			"layerOffset": -0.001,
			"moveX": 7,
			"moveY": -10.25,
			"moveRot": -150,
			"suffix": "-弹-展",
			"heatProgress": "warmup",
			"heatColor": "FF5B5B"
		},
		{
			"type": "RegionPart",
			"mirror": true,
			"under": true,
			"layerOffset": -0.001,
			"moveX": 8,
			"moveY": -7.25,
			"moveRot": -120,
			"suffix": "-弹-展",
			"heatProgress": "warmup",
			"heatColor": "FF5B5B"
		},
		{
			"type": "RegionPart",
			"mirror": true,
			"under": true,
			"layerOffset": -0.001,
			"moveX": 8,
			"moveY": -4.25,
			"moveRot": -90,
			"suffix": "-弹-展",
			"heatProgress": "warmup",
			"heatColor": "FF5B5B"
		}
	],
	"faceTarget": true,
	"weapons": [
		{
			"name": "敲门砖1",
			"reload": 120,
			"x": 0,
			"mirror": false,
			"rotate": false,
			"inaccuracy": 0,
			"shootCone": 4,
			"ejectEffect": "none",
			"shootSound": "missileLaunch",
			"shootStatusDuration": 180,
			"shootStatus": "slow",
			"minWarmup": 0.9,
			"shootWarmupSpeed": 0.05,
			"shoot": {
				"type": "ShootPattern",
				"firstShotDelay": 180
			},
			"parts": [{
				"type": "RegionPart",
				"mirror": true,
				"suffix": "-侧",
				"progress":"warmup",
				"moveX": 3.5,
				"moveRot": -35,
				"moves":[{
					"progress":"charge",
					"x": 0.5,
					"y": -2,
					"rot": -10
				}]
				}],
			"bullet": {
				"killShooter": true,
				"keepVelocity": false,
				"hitShake": 8,
				"speed": 0,
				"shootEffect": "massiveExplosion",
				"smokeEffect": {
					"type": "MultiEffect",
					"effects": [
						{
							"type": "ParticleEffect",
							"particles": 16,
							"sizeFrom": 9,
							"sizeTo": 0,
							"length": 65,
							"baseLength": 0,
							"lifetime": 88,
							"interp": "fastSlow",
							"sizeInterp": "slowFast",
							"colorFrom": "FF5B5B80",
							"colorTo": "FF5B5BAA"
						},
						{
							"type": "ParticleEffect",
							"particles": 36,
							"sizeFrom": 7,
							"sizeTo": 0,
							"length": -77,
							"baseLength": 0,
							"lifetime": 60,
							"interp": "pow10Out",
							"sizeInterp": "pow10In",
							"colorFrom": "FF5B5B",
							"colorTo": "FF5B5B",
							"cone": 25
						}
					]
				},
				"spawnUnit": "敲门砖-弹"
			}
		}
	]
}