{
	"type": "naval",
	"name": "沧海",
	"speed": 0.57,
	"rotateSpeed": 0.45,
	"drawMinimap": false,
	"ammoType": "裂位能",
	"ammoCapacity": 2000,
	"hitSize": 100,
	"trailLength": 120,
	"waveTrailX": 24,
	"waveTrailY": -48,
	"trailScl": 5,
	"health": 175000,
	"armor": 53,
	"immunities":[
		"blasted","burning","electrified",
		"freezing","melting","disarmed",
		"sapped","shocked","slow",
		"tarred","休克","unmoving","wet",
		"spore-slowed","corroded",
		"标记","裂位标记","崩溃","干扰"],
	//"research": {"parent":"溢裂数据库","objectives": [{"type": "SectorComplete","preset": ""}]},
	"faceTarget": true,
	"dpsEstimate": 2077.92,
	"weapons": [
		{
			"name": "饱和打击",
			"reload": 2100,
			"x": 0,
			"shootCone": 360,
			"rotate": false,
			"minWarmup": 0.96,
			"targetInterval": 120,
			"targetSwitchInterval": 60,
			"shootWarmupSpeed": 0.01,
			"shootStatusDuration": 180,
			"shootStatus": "固守",
			"shootSound": "laserCharge",
			"controllable": false,
			"autoTarget": true,
			"shoot":{
				"shots": 3,
				"shotDelay": 30
			},
			"bullet": {
				"type": "BasicBulletType",
				"damage": 0,
				"speed": 400,
				"lifetime": 1,
				"instantDisappear": true,
				"shootEffect": {
					"type": "WaveEffect",
					"interp": "circleOut",
					"lifetime": 90,
					"sizeFrom": 0,
					"sizeTo": 400,
					"strokeFrom": 10,
					"strokeTo": 0,
					"colorFrom": "FFE176",
					"colorTo": "FF5B5B"
				},
				"smokeEffect": "none",
				"splashDamageRadius": 400,
				"splashDamage": 0.1,
				"buildingDamageMultiplier": 0,
				"hitEffect": "none",
				"despawnEffect": "none",
				"statusDuration": 300,
				"status": "标记"
			}
		},
		{
			"name": "沧海1",
			"x": 28.5,
			"y": -32,
			"baseRotation": -45,
			"rotate": true,
			"rotateSpeed": 2.4,
			"alternate": false,
			"mirror": true,
			"controllable": false,
			"autoTarget": true,
			"inaccuracy": 0,
			"shootSound": "missile",
			"reload": 76,
			"shootY": 0,
			"shoot": {
				"type": "ShootBarrel",
				"barrels": [
					-3,6.5,0,
					3,6.5,0
				],
				"shots": 3,
				"shotDelay": 12
			},
			"xRand": 2,
			"bullet": {
			"type": "FlakBulletType",
			"damage": 50,
			"splashDamageRadius": 40,
			"splashDamage": 250,
			"lightningDamage": 38,
			"lightning": 5,
			"lightningLength": 2,
			"lightningLengthRand": 2,
			"lightningColor": "FF5B5B",
			"shrinkY": 0,
			"speed": 13,
			"homingDelay": 8,
			"homingPower": 0.1,
			"homingRange": 120,
			"lifetime": 44,
			"hitSound": "explosion",
			"hitSoundVolume": 5,
			"width": 13,
			"height": 46,
			"hitShake": 3,
			"sprite": "饱和火力-落雁",
			"backColor": "FF5B5B",
			"frontColor": "E3E3E3",
			"trailLength": 40,
			"trailWidth": 2,
			"trailColor": "FFFFFF88",
			"trailChance": 0.45,
			"trailEffect": {
				"type": "ParticleEffect",
				"particles": 3,
				"length": 11,
				"baseLength": 1,
				"lifetime": 45,
				"interp":"pow10Out",
				"colorFrom": "E3E3E380",
				"colorTo": "E3E3E380",
				"sizeFrom": 3,
				"sizeTo": 0
			},
			"shootEffect": "shootTitan",
			"smokeEffect": "shootPyraFlame",
			"hitEffect": {
				"type": "MultiEffect",
				"effects": [
					{
						"type": "ParticleEffect",
						"particles": 10,
						"sizeFrom": 10,
						"sizeTo": 0,
						"length": 5,
						"baseLength": 33,
						"lifetime": 35,
						"colorFrom": "FF5B5BAA",
						"colorTo": "737373"
					},
					{
						"type": "ParticleEffect",
						"particles": 12,
						"line": true,
						"sizeFrom": 9,
						"sizeTo": 0,
						"length": 13,
						"baseLength": 43,
						"lifetime": 22,
						"colorFrom": "FF5B5B",
						"colorTo": "FFE176FF"
					},
					{
						"type": "WaveEffect",
						"lifetime": 10,
						"sizeFrom": 1,
						"sizeTo": 43,
						"strokeFrom": 8,
						"strokeTo": 0,
						"colorFrom": "FF5B5B",
						"colorTo": "FFFFFF"
					}
				]
			}
		
			}
		},
		{
			"name": "沧海0",
			"x": 0,
			"y": 16,
			"display": false,
			"mirror": true,
			"reload": 40,
			"shootCone": 360,
			"shootSound": "missileSmall",
			"rotate": false,
			"controllable": false,
			"autoTarget": true,
			"inaccuracy": 90,
			"shootWarmupSpeed":0.05,
			"minWarmup":0.8,
			"shoot": {
				"shots": 2,
				"shotDelay": 12,
				"type": "ShootBarrel",
				"barrels": [
					2,12,0,
					2,8.5,0,
					2,5,0,
					4.75,1.25,0,
					4.75,6.75,0,
					2.75,0.5,0,
					2.75,-3.25,0,
					5.5,2.25,0,
					5.5,-1.5,0,
					5.5,-5,0
				]
			},
			"parts": [
				{
					"type": "RegionPart",
					"mirror": false,
					"y": 4,
					"suffix": "-盖",
					"moveX": -8,
					"outline": false,
					"color":"FFFFFF",
					"colorTo": "FFFFFF00",
					"mixColorTo": "FFFFFF",
					"mixColor": "FFFFFF00"
				}
			],
			"targetInterval": 5,
			"targetSwitchInterval": 5,
			"bullet": {
				"type": "MissileBulletType",
				"absorbable": false,
				"keepVelocity":false,
				"reflectable": false,
				"hitShake": 3,
				"damage": 75,
				"splashDamageRadius": 50,
				"splashDamage": 225,
				"buildingDamageMultiplier": 2,
				"status": "碎解",
				"statusDuration": 30,
				"homingRange": 400,
				"homingDelay": 8,
				"homingPower": 0.2,
				"shootEffect": "none",
				"smokeEffect": "shootPyraFlame",
				"hitEffect": {
					"type": "ExplosionEffect",
					"lifetime": 22,
					"waveStroke": 6,
					"waveLife": 11,
					"waveRadBase": 0,
					"waveColor": "FF5B5B",
					"waveRad": 55,
					"smokes": 12,
					"smokeColor": "E3E3E378",
					"sparkColor": "FF5B5B",
					"sparks": 11,
					"sparkRad": 55,
					"sparkStroke": 1.25,
					"sparkLen": 16
				},
				"hitSoundVolume": 5,
				"despawnEffect": "flakExplosionBig",
				"sprite": "饱和火力-导弹",
				"trailChance": 1,
				"trailEffect": {
					"type": "ParticleEffect",
					"particles": 5,
					"sizeFrom": 2.8,
					"sizeTo": 0,
					"length": -30,
					"lifetime": 20,
					"lightOpacity": 0.2,
					"interp": "circleOut",
					"sizeInterp": "pow5In",
					"colorFrom": "FFFFFF",
					"colorTo": "78787870",
					"cone": 10
				},
				"trailRotation": true,
				"backColor": "FF5B5B",
				"frontColor": "E3E3E3",
				"shrinkY": 0,
				"speed": 7,
				"drag": -0.015,
				"lifetime": 61,
				"width": 14,
				"height": 50
			}
		},
		{
			"name": "沧海0",
			"x": 0,
			"y": 16,
			"display": false,
			"mirror": true,
			"reload": 60,
			"shootCone": 360,
			"shootSound": "missile",
			"rotate": false,
			"controllable": false,
			"autoTarget": true,
			"inaccuracy": 90,
			"shootWarmupSpeed":0.05,
			"minWarmup":0.83,
			"shoot": {
				"shots": 4,
				"shotDelay": 6,
				"type": "ShootBarrel",
				"barrels": [
					-2.75,0.5,0,
					-2.75,-3.25,0,
					-5.5,2.25,0,
					-5.5,-1.5,0,
					5.5,-5,0,
					-2,12,0,
					-2,8.5,0,
					-2,5,0,
					-4.75,1.25,0,
					-4.75,6.75,0
				]
			},
			"bullet": {
				"type": "EmpBulletType",
				"hittable": false,
				"reflectable": false,
				"timeIncrease": 1,
				"buildingDamageMultiplier": 0.5,
				"powerDamageScl": 6,
				"powerSclDecrease": 0.78,
				"unitDamageScl": 1.15,
				"suppressionRange": 220,
				"suppressionDuration": 300,
				"suppressColor": "FF5B5B",
				"keepVelocity":false,
				"hitShake": 1,
				"damage": 60,
				"radius": 92,
				"status": "slow",
				"statusDuration": 8,
				"lightningDamage": 75,
				"lightning": 2,
				"lightningLength": 5,
				"lightningLengthRand": 3,
				"lightningColor": "FF5B5B",
				"splashDamageRadius": 46,
				"splashDamage": 88,
				"homingRange": 400,
				"homingDelay": 8,
				"homingPower": 0.2,
				"shootEffect": {
					"type": "WaveEffect",
					"lifetime": 35,
					"interp":"circleOut",
					"sizeFrom": 0,
					"sizeTo": 10,
					"strokeFrom": 4,
					"strokeTo": 0,
					"colorFrom": "FF5B5B",
					"colorTo": "FF5B5BAA"
				},
				"smokeEffect": "none",
				"hitPowerEffect": {
					"type": "ParticleEffect",
					"particles": 5,
					"baseLength": 0,
					"length": 50,
					"lifetime": 16,
					"line": true,
					"lenFrom": 16,
					"lenTo": 0,
					"strokeFrom": 2,
					"strokeTo": 0,
					"colorFrom": "FF5B5B",
					"colorTo": "FF5B5B"
				},
				"hitEffect": {
					"type": "WrapEffect",
					"effect": "dynamicSpikes",
					"color": "FF5B5B",
					"rotation": 50
				},
				"hitSound": "laser",
				"hitSoundVolume": 0.7,
				"despawnEffect": {
					"type": "ParticleEffect",
					"particles": 1,
					"sizeFrom": 5,
					"sizeTo": 0,
					"length": 0,
					"baseLength": 0,
					"lifetime": 50,
					"sizeInterp":"pow5In",
					"colorFrom": "FFFFFF",
					"colorTo": "FF5B5B"
				},
				"sprite": "missile-large",
				"backColor": "FF5B5B",
				"frontColor": "FFFFFF",
				"trailLength": 9,
				"trailWidth": 3,
				"trailColor": "FF5B5B",
				"trailChance": 0.06,
				"trailEffect": "circleColorSpark",
				"shrinkY": 0,
				"speed": 8,
				"drag": -0.012,
				"lifetime": 59,
				"width": 10,
				"height": 13
			}
		},

		{
			"name": "沧海0",
			"x": 0,
			"y": 32,
			"display": false,
			"reload": 240,
			"mirror": false,
			"alternate": false,
			"shoot": {
				"type": "ShootMulti",
				"source": {},
				"dest": [
					{
						"shots": 2,
						"type": "ShootAlternate",
						"barrels": 2,
						"spread": 10
					},
					{
						"firstShotDelay": 50,
						"shots": 2,
						"type": "ShootAlternate",
						"barrels": 2,
						"spread": 20
					}
				]
			},
			"shootSound": "mineDeploy",
			"rotate": true,
			"rotateSpeed": 1,
			"rotationLimit": 0.55,
			"shootCone": 0.6,
			"inaccuracy": 0,
			"bullet": {
				"type": "BasicBulletType",
				"reflectable": false,
				"damage": 280,
				"splashDamageRadius": 70,
				"splashDamage": 550,
				"buildingDamageMultiplier": 0.5,
				"pierceArmor": true,
				"hittable": false,
				"absorbable": false,
				"collidesAir": false,
				"collideFloor": true,
				"layer": 49,
				"shootEffect": "none",
				"smokeEffect": "none",
				"hitEffect": {
					"type": "MultiEffect",
					"effects": [
						{
							"type": "ParticleEffect",
							"particles": 7,
							"interp": "pow10Out",
							"sizeInterp": "pow10In",
							"sizeFrom": 9,
							"sizeTo": 0,
							"length": 80,
							"baseLength": 3,
							"lifetime": 125,
							"colorFrom": "FF5B5B",
							"colorTo": "FEEBB3"
						},
						{
							"type": "ParticleEffect",
							"particles": 9,
							"interp": "pow10Out",
							"sizeInterp": "pow10In",
							"sizeFrom": 8,
							"sizeTo": 0,
							"length": 80,
							"baseLength": 3,
							"lifetime": 105,
							"colorFrom": "FFFFFFA8",
							"colorTo": "737373FF"
						},
						{
							"type": "ParticleEffect",
							"particles": 10,
							"interp": "pow10Out",
							"sizeInterp": "pow5In",
							"sizeFrom": 9,
							"sizeTo": 0,
							"length": 68,
							"baseLength": 0,
							"lifetime": 60,
							"colorFrom": "596ab8",
							"colorTo": "596ab890"
						},
						{
							"type": "WaveEffect",
							"lifetime": 8,
							"sizeFrom": 1,
							"sizeTo": 80,
							"strokeFrom": 9,
							"strokeTo": 0,
							"colorFrom": "FFE176",
							"colorTo": "FFFFFF"
						},
						{
							"type": "WaveEffect",
							"interp": "circleOut",
							"lifetime": 22,
							"sizeFrom": 1,
							"sizeTo": 72,
							"strokeFrom": 9,
							"strokeTo": 0,
							"colorFrom": "FF5B5B",
							"colorTo": "FF5B5B"
						}
					]
				},
				"despawnEffect": "none",
				"hitShake": 12,
				"hitSound": "explosionbig",
				"hitSoundVolume": 5,
				"sprite": "饱和火力-导弹",
				"trailLength": 13,
				"trailWidth": 2.6,
				"trailColor": "FFFFFF30",
				"backColor": "596ab890",
				"frontColor": "596ab890",
				"trailChance": 1,
				"trailEffect": {
					"type": "MultiEffect",
					"effects": [
						{
							"type": "ParticleEffect",
							"particles": 3,
							"line": true,
							"interp": "pow10Out",
							"sizeInterp": "pow5In",
							"strokeFrom": 1.5,
							"strokeTo": 0,
							"lenFrom": 9,
							"lenTo": 0,
							"length": -36,
							"baseLength": 0,
							"lifetime": 16,
							"colorFrom": "FFFFFF30",
							"colorTo": "596ab8A8",
							"cone": 8
						},
						{
							"type": "ParticleEffect",
							"particles": 3,
							"sizeFrom": 6,
							"sizeTo": 0,
							"lifetime": 60,
							"interp": "pow10Out",
							"sizeInterp": "pow3In",
							"baseLength": 0,
							"length": 15,
							"colorFrom": "596ab8A8",
							"colorTo": "596ab8A8",
							"layer": 49.9
						},
						{
							"type": "ParticleEffect",
							"particles": 2,
							"region": "饱和火力-菱形",
							"sizeFrom": 4,
							"sizeTo": 2,
							"lifetime": 50,
							"interp": "circleOut",
							"sizeInterp": "pow3Out",
							"baseLength": 0,
							"length": 11,
							"colorFrom": "FFFFFF30",
							"colorTo": "FFFFFF00",
							"layer": 100
						}
					]
				},
				"trailRotation": true,
				"shrinkY": 0,
				"width": 13,
				"height": 55,
				"speed": 3,
				"drag": -0.013,
				"lifetime": 180
			}
		},
		{
			"name": "沧海4",
			"x": 16,
			"y": 16,
			"baseRotation": -45,
			"inaccuracy": 0,
			"shootCone": 5.5,
			"shootSound": "blaster",
			"shoot":{
				"type":"ShootBarrel",
				"barrels": [
					-2.25,0,0,
					2.25,0,0
				]
			},
			"shootY": 6.5,
			"recoil": 1,
			"rotate": true,
			"rotateSpeed": 7,
			"reload": 4.5,
			"alternate": false,
			"controllable": false,
			"autoTarget": true,
			"bullet": {
				"type": "RailBulletType",
				"damage": 88,
				"length": 330,
				"buildingDamageMultiplier": 1.5,
				"pierceDamageFactor": 0.4,
				"pierce": false,
				"pierceEffect": "none",
				"pointEffectSpace": 16,
				"pointEffect": {
					"type": "ParticleEffect",
					"particles": 1,
					"sizeInterp": "pow3In",
					"line": true,
					"randLength": false,
					"lenFrom": 17,
					"lenTo": 17,
					"strokeFrom": 2,
					"strokeTo": 0,
					"length": 0,
					"baseLength": 1,
					"lifetime": 10,
					"colorFrom": "FF5B5B",
					"colorTo": "FF5B5B",
					"cone": 0
				},
				"endEffect": {
					"type": "ParticleEffect",
					"sizeInterp": "pow3In",
					"particles": 1,
					"sizeFrom": 1,
					"sizeTo": 0,
					"length": 0,
					"baseLength": 0,
					"lifetime": 10,
					"colorFrom": "FF5B5B",
					"colorTo": "FF5B5B"
				},
				"smokeEffect":"none",
				"hitEffect": {
					"type": "MultiEffect",
					"effects": [
						"hitBulletColor",
						{
							"type": "ParticleEffect",
							"particles": 5,
							"strokeFrom": 2,
							"strokeTo": 0,
							"lenFrom": 16,
							"lenTo": 0,
							"line": true,
							"sizeInterp": "fastSlow",
							"interp": "circleOut",
							"length": 32,
							"baseLength": 0,
							"lifetime": 15,
							"colorFrom": "FF5B5B",
							"colorTo": "FF5B5B",
							"cone": 100
						}
					]
				},
				"hitColor": "FF5B5B"
			}
		},
		{
			"name": "沧海4",
			"x": -22,
			"y": -10,
			"baseRotation": 90,
			"inaccuracy": 0,
			"shootCone": 5.5,
			"shootSound": "blaster",
			"shoot":{
				"type":"ShootBarrel",
				"barrels": [
					-2.25,0,0,
					2.25,0,0
				]
			},
			"shootY": 6.5,
			"recoil": 1,
			"rotate": true,
			"rotateSpeed": 7,
			"reload": 4.5,
			"alternate": false,
			"controllable": false,
			"autoTarget": true,
			"bullet": {
				"type": "RailBulletType",
				"damage": 88,
				"length": 330,
				"pierceDamageFactor": 0.4,
				"buildingDamageMultiplier": 1.5,
				"pierce": false,
				"pierceEffect": "none",
				"pointEffectSpace": 16,
				"pointEffect": {
					"type": "ParticleEffect",
					"particles": 1,
					"sizeInterp": "pow3In",
					"line": true,
					"randLength": false,
					"lenFrom": 17,
					"lenTo": 17,
					"strokeFrom": 2,
					"strokeTo": 0,
					"length": 0,
					"baseLength": 1,
					"lifetime": 10,
					"colorFrom": "FF5B5B",
					"colorTo": "FF5B5B",
					"cone": 0
				},
				"endEffect": {
					"type": "ParticleEffect",
					"sizeInterp": "pow3In",
					"particles": 1,
					"sizeFrom": 1,
					"sizeTo": 0,
					"length": 0,
					"baseLength": 0,
					"lifetime": 10,
					"colorFrom": "FF5B5B",
					"colorTo": "FF5B5B"
				},
				"smokeEffect":"none",
				"hitEffect": {
					"type": "MultiEffect",
					"effects": [
						"hitBulletColor",
						{
							"type": "ParticleEffect",
							"particles": 5,
							"strokeFrom": 2,
							"strokeTo": 0,
							"lenFrom": 16,
							"lenTo": 0,
							"line": true,
							"sizeInterp": "fastSlow",
							"interp": "circleOut",
							"length": 32,
							"baseLength": 0,
							"lifetime": 15,
							"colorFrom": "FF5B5B",
							"colorTo": "FF5B5B",
							"cone": 100
						}
					]
				},
				"hitColor": "FF5B5B"
			}
		},

		{
			"name": "沧海3",
			"type": "PointDefenseWeapon",
			"display": false,
			"x": 21.5,
			"y": 32,
			"rotate": true,
			"rotateSpeed": 7,
			"mirror": true,
			"alternate": false,
			"shootY": 1.25,
			"inaccuracy": 0,
			"recoil": 1,
			"reload": 9,
			"targetInterval": 20,
			"targetSwitchInterval": 9,
			"bullet": {
				"speed": 28,
				"lifetime": 10,
				"shootEffect": "sparkShoot",
				"hitEffect": "pointHit",
				"maxRange": 280,
				"damage": 50
		}},
		{
			"name": "沧海3",
			"type": "PointDefenseWeapon",
			"x": 13,
			"y": 42.5,
			"rotate": true,
			"rotateSpeed": 7,
			"mirror": true,
			"alternate": false,
			"shootY": 1.25,
			"inaccuracy": 0,
			"recoil": 1,
			"reload": 10,
			"targetInterval": 20,
			"targetSwitchInterval": 10,
			"bullet": {
				"speed": 28,
				"lifetime": 10,
				"shootEffect": "sparkShoot",
				"hitEffect": "pointHit",
				"maxRange": 280,
				"damage": 50
		}},
		{
			"name": "沧海3",
			"type": "PointDefenseWeapon",
			"display": false,
			"x": 6,
			"y": -59,
			"rotate": true,
			"rotateSpeed": 7,
			"mirror": true,
			"alternate": false,
			"shootY": 1.25,
			"inaccuracy": 0,
			"recoil": 1,
			"reload": 7,
			"targetInterval": 20,
			"targetSwitchInterval": 7,
			"bullet": {
				"speed": 28,
				"lifetime": 10,
				"shootEffect": "sparkShoot",
				"hitEffect": "pointHit",
				"maxRange": 280,
				"damage": 36
		}},
		{
			"name": "沧海2",
			"type": "PointDefenseWeapon",
			"x": 0,
			"y": -48,
			"rotate": true,
			"rotateSpeed": 6,
			"mirror": false,
			"shootY": 15,
			"xRand": 3,
			"inaccuracy": 0,
			"shootSound": "shoot",
			"recoil": 0,
			"reload": 2,
			"targetInterval": 10,
			"targetSwitchInterval": 2,
			"bullet": {
				"speed": 32,
				"lifetime": 10,
				"shootEffect": "sparkShoot",
				"hitEffect": "pointHit",
				"maxRange": 320,
				"damage": 60
		}}
	]
}