{
    "type":"Constructor"
    "name":"构造机"
    "description":"构筑 1x1 至 4x4 大小的方块。\n需要电力与冷却液。"
    "regionSuffix":"-out"
    "hasPower":true
    "size":5
    "armor":5
    "health":5000
    "buildSpeed":5
    //建造速度
    "maxBlockSize":4
    //可造最大方块尺寸
    "minBlockSize":1
    //可造最小方块尺寸
    "consumes": {
		"power":4
		"coolant":{
		    "amount":0.1
		}
    }
    "requirements": [
    "锺/100"
    "silicon/150"
    "phase-fabric/80"
    "砛/60"
    ]
    "category":"units",
    "research":"载荷运输带"
}