{
	"type":"Drill",
	"name": "泡泡钻机",
	"description": "咕咕噜噜",
	"size":2,
	"health":120.0,
	"hasPower":false,
	"drawMineItem":true,
	"drillTime":0.009,
	"hasItems":true,
	"warmupSpeed":10000,
	"tier":200,
	"hasLiquids":true,
	"liquidBoostIntensity":8,
	"itemCapacity":800,
	"liquidCapacity":30,
	"consumes":{
         "liquid":{"liquid": "water","amount":0.08,   	
	    "booster": true,
    	"optional": true,
    	}
    }
	"requirements": [
		{"item": "thorium", "amount":100}
		{"item":"silicon","amount":160}
		{"item":"泡泡","amount":160}
	],
	"category": "production",
    "research":"泡泡制造机"
    "drawRim":true
}
//加水无敌