{
	"type": "GenericCrafter",
	"name": "高热容聚变器",
	"health": 360,
	"outputLiquid": {
		"liquid": "cryofluid",
		"amount": 0.61
	},
	"itemCapacity": 14,
	"size": 3,
	"drawer": {
		"type": "DrawMulti",
		"drawers": [
			{
				"type": "DrawRegion",
				"suffix": "-bottom"
			},
			{
				"type": "DrawLiquidTile",
				"drawLiquid": "高热容液体"
			},
			"DrawDefault"
		]
	},
	"hasItems": true,
	"hasLiquids": true,
	"outputsLiquid": true,
	"hasPower": true,
	"liquidCapacity": 60,
	"craftTime": 3,
	"updateEffect": "freezing",
	"consumes": {
		"power": 4,
		"items": [
			"titanium/2",
			"高压合金/1"
		],
		"liquid": "water/0.61"
	},
	"requirements": [
		"thorium/150",
		"metaglass/40",
		"silicon/40",
	],
	"category": "crafting",
	"research": "cryofluid-mixer"
}