{
	"type": "GenericCrafter",
	"name": "重晶混合厂",
	"description": "跟硅厂的原理一样的",//介绍
	"outputItem": "混合重晶/2",
	"size": 2,
	"hasPower": true,
	"hasItems": true,
	"squareSprite": false,
    // 不使用方形精灵  我也不知道 翻译是这样的
	"craftTime": 180,
	"itemCapacity": 35,
    "drawer": {
        "type": "crafting",
        "drawers": [
            "DrawDefault", // 默认绘制
            "DrawFlame" // 火焰特效
        ]
    },
    "updateEffect": "overdriven", // 制造时的特效
	"consumes": {
		"power": 0.5,
		"liquid": "死水/0.06",
		"items": [
			"锡/2",
		]
	},
	"requirements": [
		"锡/30",
		"紫晶/25",
	],
	"category": "crafting",
	"ambientSound": "smelter",
	"research": "断层核心"
}