{
	"type": "PowerTurret",
	"name": "冰川",
	"health": 19400,
	"armor": 20,
	"size": 8,
	"accurateDelay": false,
	"moveWhileCharging": false,
	"shake": 15,
	"inaccuracy": 0,
	"recoil": 12,
	"cooldownTime": 300,
	"liquidCapacity": 60,
	"canOverdrive": false,
	"recoilTime": 100,
	"warmupMaintainTime": 550,
	"shoot": {
		"type": "ShootPattern",
		"firstShotDelay": 100
	},
	"drawer": {
		"type": "DrawTurret",
		"parts": [
			{
				"type": "RegionPart",
				"mirror": true,
				"under": true,
				"suffix": "-侧",
				"moveX": 4,
				"moveY": 0,
				"moveRot": -25,
				"heatProgress": "heat",
				"heatColor": "FF4040",
				"moves": [{
					"progress": "recoil",
					"rot": -5,
					"y": -2
				}]
			},
			{
				"type": "RegionPart",
				"mirror": false,
				"under": true,
				"suffix": "-口",
				"y": -8,
				"moveY": 8
			},
			{
				"type": "RegionPart",
				"mirror": true,
				"suffix": "-前",
				"moveX": 2.75,
				"moveY": -2.75,
				"heatProgress": "warmup"
			}
		]
	},
	"coolantMultiplier": 0.5,
	"shootSound": "laserblast",
	"shootEffect": {
		"type": "WaveEffect",
		"lifetime": 60,
		"interp": "circleOut",
		"sizeFrom": 0,
		"sizeTo": 200,
		"strokeFrom": 9,
		"strokeTo": 0,
		"colorFrom": "FFFFFF",
		"colorTo": "c0ecff"
	},
	"chargeSound": "lasercharge",
	"shootType": {
		"chargeEffect": {
			"type": "MultiEffect",
			"effects": [
				{
					"type": "WaveEffect",
					"lifetime": 90,
					"sizeFrom": 180,
					"sizeTo": 0,
					"strokeFrom": 0,
					"strokeTo": 6,
					"colorFrom": "c0ecff",
					"colorTo": "99ecff"
				},
				{
					"type": "WaveEffect",
					"lifetime": 40,
					"startDelay": 10,
					"sizeFrom": 160,
					"sizeTo": 0,
					"strokeFrom": 0,
					"strokeTo": 6,
					"interp": "circleIn",
					"colorFrom": "c0ecff",
					"colorTo": "99ecff"
				},
				{
					"type": "WaveEffect",
					"lifetime": 40,
					"startDelay": 20,
					"sizeFrom": 140,
					"sizeTo": 0,
					"strokeFrom": 0,
					"strokeTo": 6,
					"interp": "circleIn",
					"colorFrom": "c0ecff",
					"colorTo": "99ecff"
				},
				{
					"type": "WaveEffect",
					"lifetime": 40,
					"startDelay": 30,
					"sizeFrom": 120,
					"sizeTo": 0,
					"strokeFrom": 0,
					"strokeTo": 6,
					"interp": "circleIn",
					"colorFrom": "c0ecff",
					"colorTo": "99ecff"
				},
				{
					"type": "WaveEffect",
					"lifetime": 40,
					"startDelay": 40,
					"sizeFrom": 100,
					"sizeTo": 0,
					"strokeFrom": 0,
					"strokeTo": 6,
					"interp": "circleIn",
					"colorFrom": "c0ecff",
					"colorTo": "99ecff"
				},
				{
					"type": "ParticleEffect",
					"particles": 13,
					"strokeFrom": 0,
					"strokeTo": 2,
					"line": true,
					"sizeInterp": "pow5Out",
					"interp": "pow5In",
					"lenFrom": 0,
					"lenTo": 16,
					"length": -200,
					"baseLength": 200,
					"lifetime": 90,
					"colorFrom": "c0ecff",
					"colorTo": "99ecff"
				},
				{
					"type": "ParticleEffect",
					"particles": 13,
					"strokeFrom": 0,
					"strokeTo": 2,
					"line": true,
					"sizeInterp": "pow5Out",
					"interp": "pow5In",
					"lenFrom": 0,
					"lenTo": 16,
					"length": -200,
					"baseLength": 200,
					"lifetime": 90,
					"startDelay": 4,
					"colorFrom": "c0ecff",
					"colorTo": "99ecff"
				},
				{
					"type": "ParticleEffect",
					"particles": 13,
					"strokeFrom": 0,
					"strokeTo": 2,
					"line": true,
					"sizeInterp": "pow5Out",
					"interp": "pow5In",
					"lenFrom": 0,
					"lenTo": 16,
					"length": -200,
					"baseLength": 200,
					"lifetime": 90,
					"startDelay": 8,
					"colorFrom": "c0ecff",
					"colorTo": "99ecff"
				},
				{
					"type": "ParticleEffect",
					"particles": 1,
					"sizeFrom": 0,
					"sizeTo": 12,
					"length": 0,
					"baseLength": -0,
					"lifetime": 100,
					"colorFrom": "c0ecff",
					"colorTo": "99ecff"
				},
				{
					"type": "ParticleEffect",
					"particles": 1,
					"startDelay": 88,
					"sizeFrom": 12,
					"sizeTo": 0,
					"length": 0,
					"baseLength": -0,
					"lifetime": 30,
					"sizeInterp": "pow3In",
					"colorFrom": "c0ecff",
					"colorTo": "99ecff"
				}
			]
		},
		"type": "LaserBulletType",
		"lightningSpacing": 43.5,
		"lightningDelay": 1.2,
		"lightningLength": 8,
		"lightningLengthRand": 4,
		"lightningAngleRand": 50,
		"lightningDamage": 488,
		"lightningColor": "99ecff",
		"length": 1600,
		"width": 68,
		"status":"极寒"
		"statusDuration":240
		"sideAngle": 25,
		"sideWidth": 2,
		"sideLength": 420,
		"pierceCap": 22
		"damage": 6285,
		"buildingDamageMultiplier": 0.02,
		"lifetime": 98,
		"ammoMultiplier": 1,
		"colors": [
			"c0ecff",
			"99ecff",
			"99e0ff",
			"FFFFFF"
		],
		"smokeEffect": "smokeCloud",
		"despawnEffect": {
			"type": "ParticleEffect",
			"particles": 8,
			"sizeFrom": 2.5,
			"sizeTo": 0,
			"length": 16,
			"baseLength": 0,
			"lifetime": 60,
			"interp": "pow3Out",
			"sizeInterp": "pow5In",
			"colorFrom": "c0ecff",
			"colorTo": "99ecff"
		},
		"hitEffect": {
			"type": "MultiEffect",
			"effects": [
				{
					"type": "ParticleEffect",
					"particles": 6,
					"sizeFrom": 4,
					"sizeTo": 0,
					"length": 30,
					"baseLength": 0,
					"lifetime": 60,
					"interp": "pow5Out",
					"sizeInterp": "pow5In",
					"colorFrom": "99ecff",
					"colorTo": "99ecff"
				},
				{
					"type": "ParticleEffect",
					"particles": 18,
					"strokeFrom": 1.2,
					"strokeTo": 0.8,
					"line": true,
					"lenFrom": 24,
					"lenTo": 0,
					"length": 50,
					"baseLength": -18,
					"lifetime": 22,
					"interp": "pow5Out",
					"sizeInterp": "pow5Out",
					"colorFrom": "c0ecff",
					"colorTo": "99ecff",
					"cone": 36
				}
			]
		}
	},
	"consumes": {
		"power": 180,
		"coolant": {
			"amount": 2,
			"optional": true
		}
	},
	"reload": 500,
	"rotateSpeed": 1.06,
	"fogRadiusMultiplier": 0.167,
	"range": 1500,
	"category": "turret",
	"research": {
		"parent": "",
//		"objectives": [
//			{
//				"type": "OnSector",
//				"preset": "极寒冰谷"
//			}
//		]
}
	"requirements": [
		"metaglass/1500",
		"silicon/2500",
		//"Xen-Og晶体/500"
		"铼铱合金/1500",
		"相位能/1800",
		"锎/2000"
	]
}