{
	"type": "ItemTurret"
	"name": "寒霜"
	"health": 3200
	"size": 4
	"reload":220
	"shootSound": "boom"
	"shake": 8
"drawer":{"type":"DrawTurret",
"parts":[
{"type":"RegionPart",
"mirror":false,//是否开启镜像
"progress": "warmup"
"top": false,
"x":0,"y":-0.01,//初始位置
"suffix":"-1"//,贴图后缀
"moveX":0,//改变位置
"moveY":3.1
"moves":[
{"progress":"recoil",
"y":-2}
]
}
{"type":"RegionPart"
"mirror":false
"progress": "warmup"
"under":false
"x":0,"y":0
"suffix":"-左下"
"moveX":0
"moveY":0.1
"moveRot":-5
}
{"type":"RegionPart"
"mirror":false
"progress": "warmup"
"under": false
"x":0,"y":0
"suffix":"-右下"
"moveX":0
"moveY":0.1
"moveRot":5
}
{"type":"RegionPart"
"mirror":false
"progress": "warmup"
"under": false
"x":0,"y":0
"suffix":"-左"
"moveX":0.8
"moveY":-0.2
}
{"type":"RegionPart"
"mirror":false
"progress": "warmup"
"under":false
"x":0,"y":0
"suffix":"-右"
"moveX":-0.8
"moveY":-0.2
}
	{
				"type": "HaloPart"
				"rotateSpeed": 0,
				"shapeRotation": 0,
				"x": -6,
				"y": 22,
				"sides": 3,
				"shapes": 1,
				"color": "FFFFFF",
				"colorTo": "c0ecffee",
				"tri": true,
				"hollow": true,
				"radius": 0,
				"radiusTo": 2,
				"triLength": 18,
				"triLengthTo": 188,
				"haloRadius": 0,
				"haloRotation": 0,
				"haloRotateSpeed": 0,
				"layer": 60
			},
				{
				"type": "HaloPart",
				"rotateSpeed": 0,
				"shapeRotation": 0,
				"x": 6,
				"y": 22,
				"sides": 3,
				"shapes": 1,
				"color": "FFFFFF",
				"colorTo": "c0ecffee",
				"tri": true,
				"hollow": true,
				"radius": 0,
				"radiusTo": 2,
				"triLength": 18,
				"triLengthTo": 188,
				"haloRadius": 0,
				"haloRotation": 0,
				"haloRotateSpeed": 0,
				"layer": 60
			}
]
}
		"shoot": {
		"shots": 1
		"firstShotDelay": 60
	}
				"shootEffect": {
			"type": "MultiEffect",
				"effects": [
			{
				"type": "WaveEffect",
				"lifetime": 10
				"sizeFrom": 0
				"sizeTo": 70
				"strokeFrom": 3,
				"strokeTo": 0,
				"colorFrom": "99ceff",
				"colorTo": "c0ecff"
			}
			{
				"type": "ParticleEffect",
				"particles":8
				"sizeFrom":10
				"sizeTo":0
				"length": 150
				"baseLength": 0,
				"lifetime": 30
				"colorFrom": "99ecff",
				"colorTo": "c0ecff",
				"cone": 25
			}
		]
	}
		"ammoUseEffect": {
		"type": "MultiEffect"
		"effects": [
			{
				"type": "ParticleEffect"
				"particles": 1
				"line": true
				"interp": "pow10Out"
				"sizeInterp": "pow5In"
				"strokeFrom": 8
				"strokeTo": 0
				"lenFrom": 10
				"lenTo": 0
				"length": -48
				"baseLength": -10
				"randLength": false
				"lifetime": 74
				"colorFrom": "c0ecff"
				"colorTo": "99ecff"
				"layer": 48
			}
			{
				"type": "ParticleEffect"
				"particles": 2
				"sizeFrom": 5
				"sizeTo": 0
				"interp": "pow10Out"
				"sizeInterp": "pow10In"
				"length": -60
				"baseLength": 0
				"lifetime": 85
				"colorFrom": "c0ecff"
				"colorTo": "99ecff"
				"layer": 49
			}
		]
	}
	"targetGround": true
	"targetAir": true
	"range": 614
	"recoilTime": 90
	"recoil": 9
	"ammoUseEffect": "casing2"
	"inaccuracy": 0
	"rotateSpeed": 1.8
	"ammoPerShot": 3
	"ammoTypes": {
		"低温聚合物": {
			//"type": "ArtilleryBulletType"
			"pierceArmor": true
			"damage": 980
			"sprite":"这是一个模组-透彻"
			"speed": 20,
			"lifetime": 32
			"drage":-0.04
			"frontColor": "c0ecff"
			"backColor": "99ecff"
	        "trailLength":20
	        "trailWidth":3.8
	        "status":"极寒"
	        "statusDuration": 540,
            "trailColor":"c0ecff"
			"height": 36
			"width": 17
			"lightningDamage": 150
			"lightning": 2
			"lightningcolor": "c0ecff"
			"lightningLength": 5
			"lightningLengthRand": 1
			"knockback": 4
			"shootEffect": "shootBig"
			"smokeEffect": "shootBigSmoke"
			"splashDamageRadius": 30
			"splashDamage": 180
			"hitEffect": "explosion"
			"despawnEffect": "explosion"
			"fragBullets":12
				"fragBullet": {
				"pierceArmor": true,
				"hitEffect": "blastExplosion",
				"status": "极寒",
				"statusDuration": 60,
				"width": 2,
				"height": 2,
				"backColor": "c0ecff",
				"frontColor": "99ecff",
				"damage": 15
				"scaledSplashDamage": true,
				"splashDamageRadius": 60,
				"splashDamage":30
				"lifetime": 0,
				"speed": 0
			}
		}
	}
"consumes": {
	"power":4
	"coolant": {
			"amount": 0.8
			"optional": true
	}
},
	"requirements": [
		"copper/2500"
		"graphite/275"
		"titanium/1120"
		"拟钢/800"
		"plastanium/500"
		"铼铱合金/680"
	]
	"category": "turret"
	"research": "苍峦"
}