{
	"type": "ItemTurret",
	"name": "量子风暴",
	"health": 500,
	"size": 2
	"reload": 600,
	"range": 150,
	"ammoPerShot": 2,
	"consumes": {
		"coolant": {
			"amount": 0.1,
			"optional": true
		}
	},
	"shoot": {
		"shots": 350
		"firstShotDelay": 20
		"shotDelay": 1
		"type": "ShootAlternate",
		"barrels": 4
		"spread": 3
	},
	"xRand": 0.05
	"ammoUseEffect": "casing2Double",
	"inaccuracy": 2,
	"rotateSpeed": 5,
	"shake": 0.3,
	"ammoTypes": {
		"copper": {
			"speed": 3.5
			"damage": 5
			"lifetime": 30
			"width": 7,
			"height": 8,
			"ammoMultiplier": 2,
		    "knockback":0.1
			"shootEffect": "shootSmall"
		},
		"graphite": {
			"reloadMultiplier": 0.5,
			"speed": 3.3
			"damage": 13
			"lifetime": 30
			"width": 7,
			"height": 8,
			"ammoMultiplier": 4,
			"knockback":0.15
			"shootEffect": "shootSmall"
		},
		"pyratite": {
			"speed": 3.5
			"damage": 9
			"lifetime": 30
			"width": 7,
			"height": 8,
			"makeFire": true,
			"ammoMultiplier": 2,
			"shootEffect": "shootSmall",
			"status": "burning",
			"statusDuration": 600,
			"knockback":0.2
			"frontColor":"f8ad42",
			"backColor":"f68021"
		},
		"silicon": {
			"speed": 3.8
			"damage": 8
			"reloadMultiplier": 1.6,
			"lifetime": 40
			"width": 7,
			"height": 8,
			"shootEffect": "shootSmall",
			"homingRange": 15
			"homingPower": 0.1
			"ammoMultiplier": 5
			"knockback":0.2
			"frontColor":"c0ecff",
			"backColor":"99ecff"
		}
	    "聚变能":{
	    "shotSound":"laser"
	    "type": "LaserBulletType",
		"lightningSpacing":10
		"lightningDelay":2
		"lightningLength":4
		"lightningLengthRand":1
		"lightningAngleRand":0
		"lightningDamage":2
		"lightningColor": "99ecff",
		"length": 131
		"width":8
		"status":"极寒"
		"statusDuration":1
		"sideAngle":28
		"sideWidth":1
		"sideLength":21
		"pierceArmor": true,
		"damage":7.5
		"buildingDamageMultiplier": 0.8
		"lifetime":18
		"ammoMultiplier": 1,
		"colors": [
			"99e0ff80",
			"99ecff90",
			"99ecac",
			"ffffffff"
		],
		"smokeEffect": "smokeCloud",
	}
			"高爆炸药": {
			"type": "ArtilleryBulletType",
			"pierceArmor": true,
			"speed": 3.6,
			"lifetime": 21,
			"width": 13,
			"height": 15,
			"backColor": "D85555FF",
			"frontColor": "FE7777FF",
			"damage":5
			"shootEffect": "shootBig",
			"smokeEffect": "shootBigSmoke",
			"splashDamageRadius": 22,
			"splashDamage": 9,
			"hitEffect": "flakExplosionBig",
			"despawnEffect": "flakExplosionBig",
			"ammoMultiplier": 6,
			"fragBullets": 3,
			"fragLifeMin": 0.19
		    "fragLifeMax": 0.3
			"fragBullet": {
				"pierceArmor": true,
				"hitEffect": "blastExplosion",
				"status": "blasted",
				"statusDuration": 60,
				"width": 4,
				"height": 6,
				"backColor": "D85555FF",
				"frontColor": "FE7777FF",
				"damage": 5
				"scaledSplashDamage": true,
				"splashDamageRadius": 20,
				"splashDamage":1
				"lifetime": 10,
				"speed": 1.5
			}
		}
	},
	"researchCostMultiplier": 2
	"requirements": [
	    "silicon/100"
		"copper/150",
		"lead/80"
	    "graphite/80"
	],
	"category": "turret",
	"research": "叕叕叕叕管炮"
}