{
"type": "PowerTurret",
    "name": "裂雷",
    "health": 698
    "reload":120
    "shootCone":5
    "rotateSpeed":3
    "consumes": {
        "power": 6
    },
    "targetAir": true,
    "targetGround": true,
    "range": 180,
    "shootEffect": {
        "type": "ParticleEffect",
        "particles": 4,
        "length": 45,
        "baseLength": 0,
        "lifetime": 13,
        "line": true,
        "lenFrom": 8,
        "lenTo": 18,
        "strokeFrom": 2,
        "strokeTo": 0,
        "colorFrom": "FFFFFF",
        "colorTo": "FFFFFF"
    },
    "recoil": 2,
    "size":3
    "inaccuracy":0
    "shootSound": "spark"
    "shootY": 0,
    "shootType": {
	"type": "ContinuousLaserBulletType",
	"damage":8
	"priceArmor":true
	"knockback":0.3
	"width":4
	"length": 186
	"status":"burning"
	"statusDuration":5
	"colors": [
		"99e0ff90",
		"99e0ff80",
		"99e0ff"
	],
	"hitEffect": {
		"type": "ParticleEffect",
		"particles": 5,
		"line": true,
		"strokeFrom": 2,
		"strokeTo": 0,
		"lenFrom": 18,
		"lenTo": 18,
		"length": 1,
		"baseLength": 8,
		"lifetime": 8,
		"colorFrom": "99e0ff",
		"colorTo": "99e0ff",
		"cone": 80
	},
	"lifetime":180
	"shake":0.8
	"collidesTeam": true,
	"largeHit": false,
	"despawnEffect": "smokeCloud",
	"shootEffect": "shootHeal",
	"smokeEffect": "none",
	"incendChance": 0.03,
	"incendSpread": 8,
	"incendAmount": 1
	"bulletInterval": 4
		"intervalBullets": 1,
		"intervalRandomSpread":2
		"intervalBullet":{
			"type": "LightningBulletType",
			"damage":10
			"lightningColor": "99e0ff",
			"hitColor": "99e0ff",
			"lightningLength": 19.3
			"lightningLengthRand":3
			"healPercent":1
			"collidesTeam": true,
			"hitEffect": "hitLancer",
			"despawnEffect": "none",
			"statusDuration":8
		}
    },
    "requirements": [
        "copper/150",
        "lead/120"
        "silicon/80"
    ],
    "category": "turret",
    "research": "arc"
}