{
	"type": "ItemTurret",//需要物品的炮台
	"name": "雹冰",
	"health": 500,//血量
	"size": 1,//尺寸
	"reload": 50//射速,60为1秒
	"range": 250//范围,每8为一格
	"ammoPerShot": 2,
	"ammoUseEffect": "casing3",
	"consumes": {
		"coolant": {
			"amount": 0.1//游戏中需要的液体是这个数值的60倍
			"optional": true
		}
	},
	"shoot": {
		"shots": 3//三次
		"shotDelay": 3//游戏中间隔为这个数字的60倍
		"type": "ShootAlternate",
		"barrels": 3
		"spread": 3
	},
	"xRand": 0.05
	"ammoUseEffect": "casing2Double",
	"inaccuracy": 1,//设计偏差/度
	"rotateSpeed": 12,//转向速度
	"shake": 1,//射击之后屏幕摇晃数字越大越猛
	"ammoTypes": {//弹药种类
		"copper": {
			"type": "ArtilleryBulletType",//迫击弹
			"speed": 3//子弹速度，8为1格/s
			"damage": 20,//伤害
			"lifetime": 60//子弹存在时间，60为1s
			"width": 7,//子弹宽度
			"height": 8,//长度
			"ammoMultiplier": 2//装填倍数
			"shootEffect": "shootSmall"
		},
		"graphite": {
			"type": "ArtilleryBulletType",
			"reloadMultiplier": 0.5,
			"speed": 3
			"damage": 25,
			"lifetime": 60
			"width": 7,
			"height": 8,
			"ammoMultiplier": 4,
			"shootEffect": "shootSmall"
		},
		"pyratite": {
			"type": "ArtilleryBulletType",
			"speed": 3
			"damage": 20,
			"lifetime": 60
			"width": 7,
			"height": 8,
			"makeFire": true,
			"ammoMultiplier": 2,
			"shootEffect": "shootSmall",
			"status": "burning",
			"statusDuration": 600,
			"frontColor":"f8ad42",
			"backColor":"f68021"
		},
		"silicon": {
			"type": "ArtilleryBulletType",
			"speed": 4.2
			"damage": 18,
			"reloadMultiplier": 1.6,
			"lifetime": 60
			"width": 7,
			"height": 8,
			"shootEffect": "shootSmall",
			"homingRange": 40//追踪范围，8为1格
			"homingPower": 0.1//追踪强度
			"ammoMultiplier": 5
		}
			"高爆炸药": {
			"type": "ArtilleryBulletType",
			"pierceArmor": true,
			"speed": 4,
			"lifetime": 60,
			"width":7,
			"height": 8,
			"backColor": "D85555FF",
			"frontColor": "FE7777FF",
			"damage": 19,
			"shootEffect": "shootBig",//射击特效
			"smokeEffect": "shootBigSmoke",//烟雾特效
			"splashDamageRadius": 22,//范围伤害的范围，8为一格
			"splashDamage": 41,//范围伤害的伤害
			"hitEffect": "flakExplosionBig",
			"despawnEffect": "flakExplosionBig",
			"ammoMultiplier": 6,
			"fragBullets": 5,//分裂子弹数量
			"fragLifeMin": 0.19//分裂子弹最短存在时间
		    "fragLifeMax": 0.3//最长存在时间
			"fragBullet": {//分裂子弹属性
				"pierceArmor": true,//是否穿甲
				"hitEffect": "blastExplosion",
				"status": "blasted",//可造成的buff
				"statusDuration": 30,//造成buff的持续时间每60为1秒
				"width": 4,
				"height": 6,
				"backColor": "D85555FF",
				"frontColor": "FE7777FF",
				"damage": 8,
				"scaledSplashDamage": true,
				"splashDamageRadius": 21,
				"splashDamage": 21,
				"lifetime": 12,
				"speed": 1.2
			}
		},
	},
	"researchCostMultiplier": 2//科技解说所需要物品倍率
	"requirements": [//建造需要
		{
			"item": "copper"//铜
			"amount":60//数量
		},
		{
			"item": "graphite"//石墨
			"amount": 30
		}
	],
	"category": "turret",
	"research": "duo"//duo中文是双管
}