{
	"speed":0.3,
	"rotateSpeed":0.8,
	"hitSize":45,
	"health":13000,
	"armor":45,
	"type":"mech",
	"mechStepParticles":true,
/*	"canBoost":true,
	"boostMultiplier":1.25,
	"engineOffset":15,
	"engineSize":10,
	"riseSpeed":0.1,
	"landShake":5,*/
	"outlineColor":"2E2F34FF",
	"range":570,
	"dpsEstimate":2250,
	"lowAltitude":true,

	"research":{
//	"parent":"wulfrum-armored-crawler",
	"objectives":[
	{"type":"SectorComplete",
	"preset":"HazeRavine"
	}	]	},

	"immunities":["calamity-icy","slow","wet"
	],

	"abilities":[
	{"type":"ShieldRegenFieldAbility",
		"amount":100,
		"max":1200,
		"reload":240,
		"range":280,
	"activeEffect":{
	"type":"WaveEffect",
	"lifetime":30,
	"sizeFrom":0,
	"sizeTo":280,
	"colorFrom":"FFD37FFF",
	"colorTo":"FFD37FFF"
	}	},
	{"type":"StatusFieldAbility",
		"effect":"calamity-wulfrum-amplify",
		"reload":180,
		"range":280,
		"applyEffect":"none",
	"activeEffect":{
	"type":"WaveEffect",
	"lifetime":30,
	"sizeFrom":0,
	"sizeTo":280,
	"colorFrom":"36B1DDFF",
	"colorTo":"BAFFF9FF"
	}	}	],

	"weapons":[
		{"name":"wulfrum-polar-mech-weapon",
		"reload":800,
		"x":25.25,
		"y":0,
		"mirror":true,
		"top":false,
		"alternate":true,
		"layerOffset":-0.001,
		"rotationLimit":35,
		"rotateSpeed":1,
		"rotate":true,
		"shootSound":"laser",
		"shootY":25,
		"shootCone":45,
		"inaccuracy":25,
		"shootStatus":"slow",
		"shootStatusDuration":240,

		"shoot":{
		"firstShotDelay":30,
		"shots":12,
		"shotDelay":15
		},

		"bullet":{
		"spawnUnit":"ball-lighting",
		"speed":0,
		"keepVelocity":false,
		"chargeEffect":{
		"type":"multiEffect",
		"effects":[
		"lancerLaserCharge",
		"lancerLaserChargeBegin"
		]	}
		}	},

		{"name":"wulfrum-energygun",
		"mirror":true,
		"top":true,
		"reload":90,
		"x":15.5,
		"y":-7.75,
		"shootY":6,
		"shake":2,
		"rotate":true,
		"rotationLimit":45,
		"rotateSpeed":4,
		"recoils":2,
		"soundPitchMin":1,
		"shootSound":"shootSmite",
		"shootCone":45,
		"shoot":{
		"type":"ShootSpread",
		"spread":2,
		"shots":8
		},
		"velocityRnd":1,
		"bullet":{
		"type":"basicBulletType",
		"sprite":"large-orb",
		"damage":45,
		"splashDamageRadius":12,
		"splashDamage":18,
		"speed":8,
		"lifetime":45,
		"status":"shocked",
		"shrinkY":0,
		"shrinkX":0,
		"width":12,
		"height":12,
		"frontColor":"36B1DDFF",
		"backColor":"BAFFF9FF",
		"rangeChange":-48,
		"weaveMag":4,
		"weaveScale":7,
		"homingRange":180,
		"homingDelay":15,
		"homingPower":0.075,
		"trailColor":"BAFFF9FF",
		"trailParam":2,
		"trailWidth":3,
		"trailLength":4,
		"trailRotation":true,
		"trailInterval":1,
		"trailEffect":"disperseTrail",
		"shootEffect":"lancerLaserShoot",
		"hitEffect":{
		"type":"multiEffect",
		"effects":[
		{"type":"WaveEffect",
		"lifetime":15,
		"sizeFrom":0,
		"sizeTo":30,
		"strokeFrom":7.5,
		"strokeTo":0,
		"colorFrom":"36B1DDFF",
		"colorTo":"BAFFF9FF"
		},
		{"type":"ParticleEffect",
		"offset":30,
		"particles":10,
		"lifetime":20,
		"length":50,
		"interp":"circleOut",
		"sizeInterp":"pow5In",
		"cone":-360,
		"line":true,
		"strokeFrom":1.5,
		"strokeTo":1.5,
		"lenFrom":5,
		"lenTo":0,
		"lightColor":"BAFFF9FF",
		"colorFrom":"36B1DDFF",
		"colorTo":"BAFFF9FF"
		},
		{"type":"ParticleEffect",
		"offset":30,
		"particles":10,
		"lifetime":25,
		"length":30,
		"interp":"circleOut",
		"sizeInterp":"pow5In",
		"cone":-360,
		"line":true,
		"strokeFrom":1.5,
		"strokeTo":1.5,
		"lenFrom":7,
		"lenTo":0,
		"lightColor":"BAFFF9FF",
		"colorFrom":"36B1DDFF",
		"colorTo":"BAFFF9FF"
		}	]	}
		}	},
		{"shootOnDeath":true,
		"controllable":false,
		"shootSound":"none",
		"shootCone":360,
		"bullet":{
		"collides":false,
		"instantDisappear":true,
		"hittable":false,
		"absorbable":false,
		"splashDamageRadius":24,
		"splashDamage":30,
		"hitSound":"WulfrumDeath",
		"hitSoundVolume":10,
		"keepVelocity":false,
		"despawnHit":true,
		"shootEffect":"none",
		"hitEffect":"none"
		}
		}
	]
}