{
	"faceTarget":false,
	"armor":60,
	"outlineColor":"2E2F34FF",
	"hidden": true,

	"immunities":["calamity-icy","calamity-empI","calamity-empII"
	],

	"abilities":[
	{"type": "StatusFieldAbility",
		"effect":"calamity-wulfrum-amplify",
		"reload":180,
		"range":80,
		"applyEffect": "none",
		"activeEffect": "none",
		"duration":2400
		},
		{"type":"SpawnDeathAbility",
		"unit": "wulfrum-surrounder",
		"amount":1,
		"randAmount":1
		},
		{"type":"SpawnDeathAbility",
		"unit": "wulfrum-sprinter",
		"amount":2,
		"randAmount":1
		}	],

	"weapons": [
	{"name":"none",
	"mirror":false,
	"reload":120,
	"x":0, "y":0,
	"rotate":true,
	"rotateSpeed":360,
	"inaccuracy":1,
	"shootSound":"spark",
	"cooldownTime": 20,
	"top":false,
	"layerOffset":-0.001,

	"bullet": {
	"type": "basicBulletType",
	"sprite" : "large-orb",
		"damage":60,
		"splashDamageRadius":20,
		"splashDamage":30,
		"speed":8,
		"lifetime":45,
		"status":"shocked",
		"shrinkY": 0,"shrinkX": 0,
		"width":10,"height":10,
		"frontColor": "36B1DDFF",
		"backColor": "BAFFF9FF",
		"homingRange":80,
		"homingDelay":0.5,
		"homingPower":0.01,

		"trailColor":"BAFFF9FF",
		"trailParam":2,
		"trailWidth":2,"trailLength":4,
		"trailRotation":true,
		"trailInterval" :1,
		"trailEffect":"disperseTrail",

	"shootEffect":{
		"type":"ParticleEffect",
		"line":true,
		"particles":2,
		"lifetime":12,
		"offset":50,
		"length":18,
		"cone":-60,
		"lenFrom":11,
		"lenTo":11,
	"colorFrom":"36B1DDFF",
	"colorTo":"BAFFF9FF"
		},

	"hitEffect": {
	"type": "multiEffect",
	"effects": [
	{"type": "WaveEffect",
	"lifetime": 15,
	"sizeFrom": 0,
	"sizeTo": 30,
	"strokeFrom": 7.5,
	"strokeTo": 0,
	"colorFrom":"36B1DDFF",
	"colorTo":"BAFFF9FF"
	},
	{"type": "ParticleEffect",
	"offset": 30,
	"particles": 10,
	"lifetime": 20,
	"length": 50,
	"interp": "circleOut",
	"sizeInterp": "pow5In",
	"cone": -360,
	"line": true,
	"strokeFrom": 1.5,
	"strokeTo": 1.5,
	"lenFrom": 5,
	"lenTo": 5,
	"lightColor": "BAFFF9FF",
	"colorFrom":"36B1DDFF",
	"colorTo":"BAFFF9FF"
	},
	{"type": "ParticleEffect",
	"offset": 30,
	"particles": 10,
	"lifetime": 25,
	"length": 30,
	"interp": "circleOut",
	"sizeInterp": "pow5In",
	"cone": -360,
	"line": true,
	"strokeFrom": 1.5,
	"strokeTo": 1.5,
	"lenFrom": 7,
	"lenTo": 7,
	"lightColor": "BAFFF9FF",
	"colorFrom":"36B1DDFF",
	"colorTo":"BAFFF9FF"
	}	]	}
	}	}	]
}