{
//	"speed": 0.5,	
	"health":82000,
//	"armor":18,
"weapons":[
{
 "name":"large-artillery"
 "mirror":true,	
  "x":10
  "y":12
  "shootY":4
  "top": true
  "rotate":false
  "reload": 5
  "shootSound":"pew",
  "ejectEffect":"casing1"
//  "shots": 1,
  "inaccuracy":0
  "alternate":true,
  "ignoreRotation": false,
  "bullet":{
               "speed": 10
               "lifetime": 25
               "damage":40
               "splashDamage":80,
               "splashDamageRadius":25
               "width": 12
               "shrinkY":0
               "height": 16
               "lightningColor":"FFE865FF",
        //闪电颜色
        "lightning": 1,
        //射击命中时生成闪电数量
        "lightningLength": 12,
        //射击命中时生成闪电的长度
        "lightningDamage":30,
        //闪电伤害
        "status":"blasted",
               "despawnEffect":"flakExplosionBig",
	    "hitEffect":"flakExplosionBig",
	"smokeEffect":"shootBigSmoke"
}
}
{
 "name":"large-artillery"
 "mirror":true,	
  "x":12
  "y":-10
  "shootY":4
  "top": true
  "rotate":true
  "reload": 18
  "shootSound":"pew",
  "ejectEffect":"casing1"
//  "shots": 1,
  "inaccuracy":0
  "alternate":true,
  "ignoreRotation": false,
  "bullet":{
               "speed": 11
               "lifetime": 30
               "damage":40
               "splashDamage":80,
               "splashDamageRadius":25
               "width": 8
               "shrinkY":0
               "height": 16
               "despawnEffect":"flakExplosionBig",
	    "hitEffect":"flakExplosionBig",
	"smokeEffect":"shootBigSmoke"
	"status":"blasted",
/*	"lightningColor":"FFE865FF",
        //闪电颜色
        "lightning": 4,
        //射击命中时生成闪电数量
        "lightningLength": 12,
        //射击命中时生成闪电的长度
        "lightningDamage":30,
        //闪电伤害*/
}
}
{
"name":"large-laser-mount",
"x":12,"y":-4,
"shake":2,
"top":false,
"mirror":true,//镜像
"reload":30,//装弹时间
//"alternate":false,
"recoil":4,
"shootSound":"laser",
"bullet":{
"type":"LaserBulletType",//基础子弹
"damage":200,
"sideAngle":30,
"sideWidth":7,
"sideLength":7,
"length":240,
"colors":[FFA561,FFC89E,FFE9D1,FFFFFF],//颜色
}}
]
}