{
	"type": "flying",
	"description": "增强",
	"speed": 1.5,	
	"drag":0.05,
	"accel":0.1,
	"rotateSpeed":6,
	"ammoCapacity": 0,
	"hitSize":20, 
	"flying": true,
	"faceTarget": true,
	"range":160,
	"health": 5300,
	"armor":5,
	"research": "horizon",
	    "itemCapacity": 30,
	"weapons":[ 
	{
	"name":"zenith-missiles"
	"mirror":true,
  "x":5
  "y":2
  "shootY":4
  "top": true
  "rotate":false
  "reload": 40
  "shootSound":"sap",
  "ejectEffect":"casing1"
  "inaccuracy":0
  "alternate":true,
  "ignoreRotation": false,
  "shoot":{
  "shots":5,
  "type": "ShootBarrel",
        "barrels": [
        0,0,-1 ,
        0,0,-6,
        0,0,0,
        0,0,6,
        0,0,10,
        ]
  }
  "bullet":{
               "speed": 4
               "lifetime": 40
               "damage":20
               "splashDamageRadius":24
	    "splashDamage":60
	    "homingRange":100,
	    "homingPower":0.03
               "width": 7
               "shrinkY":0
               "height": 7
               "frontColor": "FFA153",
	"backColor": "FFA153",
	"weaveMag": 1,
	"weaveScale": 1,
	"despawnEffect":"none",
	    "hitEffect":"flakExplosionBig",
	"smokeEffect":"shootBigSmoke"
}
},
	    ]
}
