{
    "type": "tank",
    "name": "水晶尖刀抛射器",
    "description": "体内生产水晶尖刀，将其打包成一个载荷，利用巨大的炮台，将其抛射出去，到达预定地点后解体，释放出水晶尖刀，拥有极强的战时支援能力能力，自身防御力，威慑力，好好利用它，让他成为你的军队一个重要力量！",
    "squareShape": true,
    "omniMovement": false,
    "rotateMoveFirst": false,
    "drownTimeMultiplier": 5,
    "speed": 0.8,
    "crushDamage": 10,
    "treadRects ": [
        {
            "x": -115,
            "y": 118,
            "width": 52,
            "height": 48
        },
        {
            "x": -118,
            "y": -160,
            "width": 79,
            "height": 144
        }
    ],
    "hitSize": 55,
    "ammoCapacity": 80,
    "targetAir": true,
    "health": 162000,
    "armor": 62,
    "drag": 0.3,
    "rotateSpeed": 1,
    "itemCapacity": 55,
    "faceTarget": false,
    "weapons": [
        {
            "name": "水晶爬虫礼包",
            "shoot": {
                "shots": 4,
                "shotDelay": 6
            },
            "minWarmup": 0.93,
            "shootWarmupSpeed": 0.05,
            "reload": 180,
            "x": 0,
            "y": 0,
            "mirror": false,
            "chargeTime": 60,
            "chargeEffect": {
                "type": "MultiEffect",
                "effects": [
                    {
                        "type": "WaveEffect",
                        "lifetime": 50,
                        "sizeFrom": 100,
                        "sizeTo": 0,
                        "colorFrom": "FF6200FF",
                        "colorTo": "FFD00000",
                        "strokeFrom": 8,
                        "strokeTo": 0
                    },
                    {
                        "type": "WaveEffect",
                        "lifetime": 40,
                        "sizeFrom": 150,
                        "sizeTo": 0,
                        "colorFrom": "FF6200FF",
                        "colorTo": "FFD00000",
                        "strokeFrom": 8,
                        "strokeTo": 0
                    },
                    {
                        "type": "WaveEffect",
                        "lifetime": 30,
                        "sizeFrom": 200,
                        "sizeTo": 0,
                        "colorFrom": "FF6200FF",
                        "colorTo": "FFD00000",
                        "strokeFrom": 8,
                        "strokeTo": 0
                    }
                ]
            },
            "rotate": false,
            "inaccuracy": 0,
            "shootCone": 60,
            "alternate": true,
            "parts": [
                {
                    "type": "RegionPart",
                    "mirror": true,
                    "suffix": "-前",
                    "under": true,
                    "moveY": -4,
                    "progress": "warmup"
                }
            ],
            "shootStatus": "unmoving",
            "shootStatusDuration": 200,
            "shootSound": "missileLaunch",
            "shake": 10,
            "bullet": {
                "keepVelocity": false,
                "speed": 0,
                "shootEffect": "none",
                "smokeEffect": "shootSmallFlame",
                "spawnUnit": "打包水晶尖刀"
            }
        }
    ]
}