{
"health":42000,
"speed":0.6,
"armor":18,
"canBoost":false,//助推
"weapons":[
	{
	"name":"mount-weapon",
	"mirror":true,
"x":6
"y":3
"shootY":4
"top":true
"rotate":false
"reload":20
"shootSound":"pew",
"ejectEffect":"casing1"
//"shots":1,
"inaccuracy":3
"alternate":true,
"ignoreRotation":false,
"shoot":{
		"shots":2,
		"shotDelay":3
	}
"bullet":{
			"speed":6
			"lifetime":30
			"damage":30
			"width":6
			"shrinkY":0
			"height":10
}
},
{
	"name":"mount-weapon",
	"mirror":true,
"x":-6
"y":-3
"shootY":4
"top":true
"rotate":false
"reload":60
"shootSound":"pew",
"ejectEffect":"casing1"
//"shots":1,
"inaccuracy":4
"alternate":true,
"ignoreRotation":false,
"shoot":{
		"shots":4,
		"shotDelay":2
	}
"bullet":{
			"speed":7.5
			"lifetime":30
			"damage":18
			"width":8
			//"shrinkY":1
			"height":16
}
},
{
	"name":"scepter-weapon",
	"mirror":true,
"x":15
"y":2
"shootY":10
"top":true
"rotate":false
"reload":10
"shake": 1.5
"shootSound":"shootBig",
"ejectEffect":"shootBig"
//"shots":1,
"inaccuracy":0
"alternate":true,
"ignoreRotation":false,
"shoot":{
		"shots":2,
		"shotDelay":5
	}
"bullet":{
			"speed":10
			"lifetime":20
			"damage":60
			"width":10
			"shrinkY":0
			"height":16
			"lightningColor":"FFE865FF",
		//闪电颜色
		"lightning":3,
		//射击命中时生成闪电数量
		"lightningLength":10,
		//射击命中时生成闪电的长度
		"lightningDamage":25,
		//闪电伤害
}
},
		]
}