{
	"type":"PowerTurret",
	"name" : "S-涩莱",
	"size":5,
	"health":25000,
	"range": 390,
	"description":"?????",
   "consumes": {
       "power": 210.0
       },
       "drawer":{
    "type":"DrawTurret",
"parts":[
    {
    "type":"ShapePart",
    "progress":0.9,
    "color":"#FFFFFF",
    "circle":true,
    "hollow":true,
    "stroke":0,
    "strokeTo":1.6,
    "radius":11,
    "layer":30,
    "y":20
    },{
    "type":"ShapePart",
    "progress":0.9,
    "rotateSpeed":-0.75,
    "color":"#FFFFFF",
    "sides":3,
    "hollow":true,
    "stroke":0,
    "strokeTo":1.6,
    "radius":8,
    "layer":30,
    "y":20
    },{
    "type":"ShapePart",
    "progress":0.9,
    "rotateSpeed":0.75,
    "color":"#FFFFFF",
    "sides":3,
    "hollow":true,
    "stroke":0,
    "strokeTo":2,
    "radius":3,
    "layer":30,
    "y":20
    },{   
    "type":"HaloPart",
    "progress":0.9,
    "color":"#FFFFFF",
    "tri":true,
    "shapes":3,
    "triLength":0,
    "triLengthTo":5,
    "radius":6,
    "haloRadius":11,
    "haloRotateSpeed":0.75,
    "shapeRotation":180,
    "haloRotation":180,
    "layer":30,
    "y":20
    },{
    "type":"HaloPart",
    "progress":0.9,
    "color":"#FFFFFF",
    "tri":true,
    "shapes":3,
    "triLength":0,
    "triLengthTo":10,
    "radius":6,
    "haloRadius":16,
    "haloRotation":180,
    "layer":30,
    "y":-15
},{
    "type":"HaloPart",
    "progress":0.9,
    "color":"#FFFFFF",
    "tri":true,
    "shapes":3,
    "triLength":0,
    "triLengthTo":3,
    "radius":6,
    "haloRadius":16,
    "shapeRotation":180,
    "haloRotation":180,
    "layer":30,
    "y":-15
    },{
    "type":"HaloPart",
    "progress":0.9,
    "color":"#FFFFFF",
    "sides":3,
    "tri":true,
    "shapes":3,
    "triLength":0,
    "triLengthTo":10,
    "shapeRotation":180,
    "radius":6,
    "haloRadius":16,
    "haloRotateSpeed":-1.5,
    "haloRotation":60,
    "layer":30,
    "y":-15
    },{
        "type":"HaloPart",
        "progress":0.9,
        "color":"#FFFFFF",
        "sides":3,
        "tri":true,
        "shapes":3,
        "triLength":0,
        "triLengthTo":4,
        "radius":6,
        "haloRadius":16,
        "haloRotateSpeed":-1.5,
        "haloRotation":60,
        "layer":30,
        "y":-15
        },{
    "type":"ShapePart",
    "progress":0.9,
    "color":"#FFFFFF",
    "circle":true,
    "hollow":true,
    "stroke":0,
    "strokeTo":2,
    "radius":10,
    "layer":30,
    "y":-15
    },{
       "type":"ShapePart",
        "progress":0.9,
        "color":"#FFFFFF",
        "sides":3,
        "rotation":90,
        "hollow":true,
        "stroke":0,
        "strokeTo":2,
        "radius":4,
        "layer":30,
        "y":-15
        },{
    "type":"HaloPart",
    "progress":0.9,
    "color":"#FFFFFF",
    "sides":3,
    "shapes":3,
    "hollow":true,
    "stroke":0,
    "strokeTo":2,
    "radius":3,
    "haloRadius":15.5,
    "haloRotateSpeed":1.5,
    "layer":30,
    "y":-15
    }
      ]  },
       "shootType" : {
        "speed": 3,
			"damage":1350,
			"lifetime" : 125,
			"pierce": "true",
			"pierceCap":5,
			"reloadMultiplier":0.5,
			"ammoMultiplier":4,
			"knockback":0.8,
			"width":25,
			"height":25,
			"sprite": "神恒之心-电磁弹",
			"inaccuracy":1,
			"lightningDamage":120,
			"lightning":5,
            "lightningLength":16,
			"smokeEffect": {
			"lifetime": 35
		},
        "shootEffect": "none",
        "hitEffect": "blastExplosion",
        "fragBullets": 8,
        "fragVelocityMin": 8,
        "fragLifeMin": 1,
	    "fragBullet": {
	    "type": "BasicBulletType",
        "frontColor": "E1FFF9FF",
        "backColor": "E1FFF9FF",
        "sprite" : "神恒之心-电子",
	    "height" : 20,
	    "width" : 20,
	    "lifetime": 100,
	    "damage" : 750,
	    "pierce": true,
	    "pierceBuilding": true,
	    "splashDamage" : 750,
	    "splashDamageRadius" : 40,	
        "hitEffect": "flakExplosion"
	    },
	    "status": {
        "name": "电子卡里",
        "localizedName": "电子卡里",
        "effectChance": 1.0,
        "damage": 550,
        "transitionDamage": 250,
        "affinities": ["wet", "shocked"],
        "effect": "absorb"
        }
        },
	"requirements": [
		{ "item": "copper", "amount": 8800},
		{ "item": "silicon", "amount": 6500 },
		{ "item": "graphite", "amount": 3600 },
		{ "item": "titanium", "amount": 6800 },
		{ "item": "lead", "amount": 8800 }, 
		{"item":"phase-fabric","amount":2850},
		{ "item": "surge-alloy", "amount": 3500}
		],
   "category": "turret",
   "research":"S.T.H"
}