{
	"localizedName": "埃星新",
	"type": "itemTurret",
	"description": "一个大型炮台，可以以高速发射大量带有特殊效果的子弹",
	"health": 7800,
	"rotateSpeed": 1,
    "coolantMultiplier": 1.0,
    "reload":10,
    "ammoUseEffect": "casing3",
    "range": 450,
    "inaccuracy": 0,
    "size":  4,
    "shootCone": 24,
    "shootSound": "shootBig",
    "shoot": {
                "shots": 2,
                "shotDelay": 6
                },
    "ammoTypes": {
        "thorium": {
        "speed": 7,
        "height": 39,
        "width": 20,
        "pierce": "true",
        "lifetime": 70,
        "damage": 650,
        "knockback": 2.0,
        "hitSize": 21,
        "frontColor": "C28590FF",
        "backColor": "A16570FF",
        "smokeEffect": {
        "type": "ParticleEffect",
        "particles": 10,
        "offset": 11,
        "sizeFrom": 5,
        "sizeTo": 0,
        "length": 170,
        "lifetime": 28,
        "colorFrom": "565656FF",
        "colorTo": "C28590FF",
        "cone": 15
        },
        "shootEffect": "none",
        "hitEffect": "blastExplosion",
        "fragBullets": 4,
        "fragVelocityMin": 4,
        "fragLifeMin": 1,
	    "fragBullet": {
	    "type": "BasicBulletType",
        "frontColor": "C28590FF",
        "backColor": "A16570FF",
	    "height" : 12,
	    "width" : 12,
	    "lifetime": 20,
	    "damage" : 500,
	    "pierce": true,
	    "pierceBuilding": true,
	    "splashDamage" : 30,
	    "splashDamageRadius" : 40,	
        "hitEffect": "flakExplosion"
	    }
        },
        "surge-alloy": {
	    "statusDuration": "300",
        "lightning": 5,
        "lightningDamage": 105,
        "lightningLength": 12,
        "lightningCone": 360,
        "lightningLengthRand": 18,
        "smokeEffect": {
        "type": "ParticleEffect",
        "particles": 10,
        "offset": 11,
        "sizeTo": 0,
        "length": 170,
        "lifetime": 28,
        "colorFrom": "565656FF",
        "colorTo": "F3E979FF",
        "cone": 15
        },
        "speed": 7,
        "height": 39,
        "width": 20,
        "lifetime": 70,
        "damage": 950,
        "knockback": 1.8,
        "hitSize": 21,
        "frontColor": "F3E979FF",
        "backColor": "ECD36FFF",
        "shootEffect": "shootBig",
        "hitEffect": "blastExplosion",
        "status": {
        "name": "连锁电击",
        "localizedName": "连锁电击",
        "reloadMultiplier": 0.9,
        "speedMultiplier": 0.9,
        "effectChance": 1.0,
        "damage": 550,
        "transitionDamage": 250,
        "affinities": ["wet", "shocked"],
        "effect": "absorb"
        }
        },
        "metaglass": {
        "type": "BasicBulletType",
        "speed": 7,
        "damage": 850,
        "knockback": 1.9,
        "hitSize": 21,
        "lifetime": 70,
        "height": 39,
        "width": 20,
        "frontColor": "FFFFFFFF",
        "backColor": "202328FF",
        "splashDamage": 48,
        "shootEffect": "shootBig",
        "splashDamageRadius": 23,
        "statusDuration": 100,
        "hitEffect": {
        "type": "WaveEffect",
        "lifetime": 25,
        "sizeFrom": 0,
        "sides": 8,
        "sizeTo": 35,
        "strokeFrom": 4,
        "strokeTo": 0,
        "colorFrom": "202328FF",
        "colorTo": "FFFFFFFF"
        },
        "despawnEffect": {
        "type": "WaveEffect",
        "lifetime": 25,
        "sizeFrom": 0,
        "sides": 8,
        "sizeTo": 35,
        "strokeFrom": 4,
        "strokeTo": 0,
        "colorFrom": "202328FF",
        "colorTo": "FFFFFFFF"
        },
        "pierce": false,
        "smokeEffect": {
        "type": "ParticleEffect",
        "particles": 10,
        "offset": 11,
        "sizeFrom": 5,
        "sizeTo": 0,
        "length": 170,
        "lifetime": 28,
        "colorFrom": "202328FF",
        "colorTo": "FFFFFF",
        "cone": 15
        },
        "status": {
        "name": "灵魂爆破",
        "localizedName": "灵魂爆破",
        "reloadMultiplier": 0.8,
        "healthMultiplier": 0.8,
        "speedMultiplier": 0.8,
        "effectChance": 0.7,
        "transitionDamage": 3,
        "affinities": [ "freezing", "blasted"],
        "effect": {
        "type": "WaveEffect",
        "lifetime": 15,
        "sizeFrom": 0,
        "sides": 8,
        "sizeTo": 5,
        "strokeFrom": 4,
        "strokeTo": 0,
        "colorFrom": "202328FF",
        "colorTo": "FFFFFFFF"
        }
        },
     	"fragBullets": 6,
		"fragBullet": {
        "type": "ShrapnelBulletType",
        "serrations": 1,
        "splashDamageRadius": 23,
        "length": 72,
        "width": 15,
        "fromColor": "FFFFFFFF",
        "toColor": "202328FF",
        "damage": 800
		}
        },
		"无能神核心": {
			"speed": 7,
			"damage":1,
			"pierce": "true",
			"pierceCap":5,
			"reloadMultiplier":0.5,
			"ammoMultiplier":4,
			"knockback":0.8,
			"width":11,
			"height":44,
			"inaccuracy":1,
			"lightningDamage":2850,
			"lightning":4,
            "lightningLength":16,
			"smokeEffect": {
			"lifetime": 35
		},
        "shootEffect": "none",
        "hitEffect": "blastExplosion",
        "fragBullets": 4,
        "fragVelocityMin": 4,
        "fragLifeMin": 1,
	    "fragBullet": {
	    "type": "BasicBulletType",
        "frontColor": "99ffff",
        "backColor": "99ffff",
	    "height" : 12,
	    "width" : 12,
	    "lifetime": 70,
	    "damage" : 1250,
	    "pierce": true,
	    "pierceBuilding": true,
	    "splashDamage" : 750,
	    "splashDamageRadius" : 40,	
        "hitEffect": "flakExplosion"
	    }
        }
    },  
	"requirements": [
        "thorium/1200",
        "surge-alloy/600",
        "titanium/1050",
        "silicon/1500",
        "plastanium/1250"
	],
	"category": "turret",
	"research": "t2气旋"
}
