{
 "name":"巨型石墨钻头",
 "type": "Drill",
 "description":"比大型石墨钻头效率更高",
 "size": 4,
 "health": 750,
 "tier": 4,
 "drillTime": 250,   
 "liquidBoostIntensity":2,
 "canOverdrive": true,
 "warmupSpeed": 0.02,
 "drillEffect": "none",
 "updateEffect": "none",
 "rotateSpeed": 2,
 "drawMineItem": false,
 "consumes": {
 "liquid": {
 "liquid": "water",
 "amount": 0.1,
 "booster": true,
 "optional": true
 }
 },
 "itemCapacity": 100,
 "liquidCapacity": 100,
 "requirements":[	
 { "item": "graphite", "amount": 300 },
 ],
 "category": "production",
 "research": "巨型铅制钻头"
}
