{
"type":"Drill",
"name":"推土机",
"description":"以较快的速度,挖取软的物品,只需少量的电能"
"details":"废料:你不要过来呀!!!"
"health":150,
"rotateSpeed":8,
"itemCapacity":15
"liquidCapacity":5,
"size":2,
"tier":0,
"drillTime":145,
"drawMineItem":true,
"consumes":{
"power":0.15,
"liquid":{
"liquid":"water","amount":0.1,
"booster":true,
"optional":true,}   
},
"requirements":[
{"item":"lead","amount":20},
{"item":"copper","amount":30},
{"item":"graphite","amount":10},  
]
"liquidBoostIntensity":1.7325,
"category":"production",
"research":"pneumatic-drill",
}