{
    "name":"幻钢钻头",
    "type": "Drill",
    "description":"比气动更快",
    "size": 2,
    "health": 180,
    "tier": 3,
    "drillTime": 180,
    "canOverdrive": true,
    "warmupSpeed": 0.02,
    "drillEffect": "none",
    "updateEffect": "none",
    "rotateSpeed": 2,
    "drawMineItem": false,
    "consumes": {
        "liquid": {
            "liquid": "water",
            "amount": 0.065,
            "booster": true,
            "optional": true
        }
    },
    "itemCapacity": 10,
    "liquidCapacity": 5,
    "requirements": [	
   { "item": "幻钢", "amount": 14 },
   { "item": "graphite", "amount": 7 }
    ],
    "category": "production",
    "research": "基座核心"
}
