{
	"type": "tank",
	"name": "坚守",
	"description": "跟紧我，别掉队了，都躲我的身后",
	"template": "ErekirUnitType",
	"squareShape": true,
	"omniMovement": false,
	"rotateMoveFirst": false,
	"rotateSpeed": 4,
	"speed": 0.75,
	"hitSize": 10,
			"ammoType":{
	"type":"PowerAmmoType",
	"totalPower":2200},
	"ammoCapacity": 700
    "ammoResupplyAmount":1,/*弹药补给倍率 */
	"health": 1000,
	"armor": 12,
	"drag": 0.08,
	"accel": 0.1,
	"itemCapacity": 5,
	"treadPullOffset": 3,
	"crushDamage":0.01
	"treadRects": [
		{
			"x": 4,
			"y": 2.75,
			"width": 2,
			"height": 4.5
		},
		{
			"x": 4,
			"y": -4.5,
			"width": 2,
			"height": 4.5
		}
	],
	"faceTarget": false,
	/*"requirements": {
		"block": "ground-factory",
		"time": 1800,
		"requirements": [
			"silicon/30",
			"lead/25",
			"titanium/25"
		]},*/
	"weapons": [
		{
			"name": "坚守火炮",
			"reload": 60,
			"recoil": 0,
			"x": 0,
			"y": 0,
			"rotate": true,
			"rotateSpeed": 20,
			"mirror": false,
			"inaccuracy": 0.5,
			"ejectEffect": "casing1",
			"shootSound": "shootBig",
			"alternate": false,
			"bullet": {
				"damage": 30,
				"speed": 1.5,
				"lifetime": 70,
				"width": 7,
				"height": 12
			}
		}
	]
   	"research": {
	"parent":"轻型兵种生产工厂"
"objectives": [
            {
				"type": "SectorComplete",
				"preset": "世界另一端"
			}
	]
	}
	 "researchCostMultiplier": 10,
}