{
	"type": "flying",
	"name":"天爆"
   	"research": {
	"parent":"轻型兵种生产工厂"
"objectives": [
            {
				"type": "SectorComplete",
				"preset": "世界另一端"
			}
	]
	}
	"researchCostMultiplier": 10
	"health": 300,
	"flying": true,
	"faceTarget": true,
	"speed": 3,
	"hitSize": 10,
	"armor": 0,
	"drag": 0.1,
	"range": 20,
	"rotateSpeed": 4,
	"groundLayer": 75,
	"stepShake": 0.2,
	"targetAir":true,  
    "targetGround":true,
	"targetFlags": [
		"reactor",
		"generator",
		"turret"
	],
	"weapons": [
		{
			"x": 0,
			"reload": 600,
			"mirror": false,
			"shootCone": 360,
			"shootSound": "largeCannon",
			"bullet": {
				"damage": 0,
				"speed": 20,
				"lifetime": 1,
				"collides": false,
				"hittable": false,
				"killShooter": true,
				"incendAmount": 15,
				"incendSpread": 15,
				"buildingDamageMultiplier":3,
				"status": "腐蚀",
				"statusDuration": 300,
				"splashDamage": 250,
				"splashDamageRadius": 30,
			}
		},
		]
}