{
	"type": "flying",
	"name": "独影",
	"description": "血量低但是能采矿",
	"speed":2,
	"rotateSpeed":5,
	"targetFlags":["generator","battery","turret","core"],
	"drag":0.05,"accel":0.1,
	"flying":true,
	"health":1400,
	"armor":5 ,
	"hitSize":18,
	"engineOffset":4,
	"engineSize":3.5,
	"lowAltitude":true,
	"mineItems":["铜","铅","钛"],
	"ammoType":{
	"type":"PowerAmmoType",
	"totalPower":15000},
	//低空
	    "abilities": [
        {
        "type": "RepairFieldAbility"
        "amount":30
        "reload": 120
        "range": 62
    }
    ],
		"weapons":[
	{	"name": "none",	
		"reload": 25, 
        "x": 5,  "y": -1,  
		"shoot":{
			"shots":2,
			"shotDelay":6},
        "rotate": false,
        "shootY":6,
        "top":false,
        "inaccuracy": 0,
        "alternate": false, 
		"shootSound": "lasershoot",
		"bullet":{	
	"type":"LaserBoltBulletType",
	    "frontColor":"FFFFFF",	
	    "backColor":"97FFA8FF",	
	    "healPercent":4,
	    "damage":10,
	    "collidesTeam":true,
	    "speed":7, "lifetime":24,
	    "width":2,	 "height":8	}	}
	    ]
	"payloadCapacity":64,
	//载荷（64为1²格）
	"itemCapacity":30,
	//物品容量
	"mineSpeed":1,
	"drawBuildBeam":true
	//挖矿速度
    "mineTier":1,
    //挖矿等级:0沙、废料；1铜、铅；2煤；3钛；4钍
    "buildSpeed":0.2,
    //建筑速率
    //"buildBeamOffset":27,
    //建筑波束偏移
   // "immunities":[
       // "基因崩溃",
       // "孢子抑制",
        //"触礁",
      //  ],
    "research": {
	"parent":"轻型兵种生产工厂"
	"objectives": [
            {
				"type": "SectorComplete",
				"preset": "世界另一端"
			}
	]
	}
	"researchCostMultiplier": 10,
	"details":"原宇宙已有，研究费用降低",
}
