{
   "type":"ShieldWall",
   "name":"大型位似墙",
   "description":"特殊的构造会让这个墙生成一个力场盾",
   "health":1850,
   "size":2,
   "requirements":[
      {"item":"相位石","amount":16},
      {"item":"silicon","amount":20}
   ],
   "canOverdrive": true,
   "outputsPower":false,
   "hasPower":false,
   "consumesPower":false,
   "conductivePower":false,
   "breakCooldown":100,
   "regenSpeed":15,
   "glowColor":"69E0C7FF",
   "glowMag":1,
   "shieldHealth":1850,
   "armor":10,
   "buildCostMultiplier":2.5
   "category":"defense",
   "research":"位似墙",
   "buildCostMultiplier":1,
}