{
   "type":"ShieldWall",
   "name":"超大型位似墙",
   "description":"特殊的构造会让这个墙生成一个力场盾",
   "health":4180,
   "size":3,
   "requirements":[
      {"item":"相位石","amount":42},
      {"item":"silicon","amount":54}
   ],
   "canOverdrive": true,
   "outputsPower":false,
   "hasPower":false,
   "consumesPower":false,
   "conductivePower":false,
   "breakCooldown":100,
   "regenSpeed":25,
   "glowColor":"69E0C7FF",
   "glowMag":1,
   "shieldHealth":4180,
   "armor":10,
   "buildCostMultiplier":2.5
   "category":"defense",
   "research":"大型位似墙",
   "buildCostMultiplier":1,
}