{
	"type":"tank",
	"template":"ErekirUnitType",
	"name":"步履",
	"description":"发射数枚电离子弹攻击敌人",

	"squareShape":true,
"crushDamage":3,
	"treadPullOffset":8,
	"singleTarget":false,
	"omniMovement":false,
	"treadRects":[
	{"x":0,"y":0,
	"width":19,"height":54
	}	],
	"targetFlags":["core"]
	
	"research":{
	"parent":"fdab步伐",
	"objectives": [
		"ajab次级重构厂",//研究xx
		]
	/*"requirements":[
	"镍/1500",
	"silicon/1500"
	]*/	},

	"armor":39,
	"hitSize":32,
	"rotateSpeed":1.6,
	"speed":0.7,
	"flying":false,
	"health":4120,
	"range":240,

	"weapons":[
{"name":"fdac步履1",
	"mirror":false,
	"x":0,"y":0,
	"rotate":true,
	"inaccuracy":1,
	"rotateSpeed":2,
	"cooldownTime":150,
	"shootY":19,
	"reload":360,
	"recoil":2,
	"top":true,
	"shootSound":"artillery",
	"shoot":{
		"type":"ShootAlternate",
		"barrels":2,
		"shots":3,
		"spread":7
		"shotDelay":8,
		},
		"bullet":{
		"type":"basicBulletType",
		"sprite":"missile-large",
		"damage":70,
		"height":16,
		"width":9,
		"shrinkX":0,
		"shrinkY":0,
		"speed":10,
		"splashDamage":32,
		"splashDamageRadius":48,
		"lifetime":24,
		"hitSound":"explosion",
		"status":"shocked",
		"statusDuration":120,

		"lightning":5,
		"lightningDamage":10,
		"lightningLength":4,
		"lightningAngle":180,
		"lightningLengthRand":5,

		"intervalRandomSpread":0,
		"intervalBullets":1,
		"bulletInterval":1,
		"intervalAngle":180,
		"intervalSpread":0,
		"fragVelocityMin":8,
		"fragVelocityMax":8,
		"despawnEffect":"none",
		"intervalBullet":{
		"damage":12,
		"type":"LightningBulletType",
		"lightningLength":3,
		"lightningLengthRand":4,
		"lightningColor":"8598BFFF",
		"lightColor":"FFFFFFFF",
		"status":"shocked",
		"statusDuration":30,
		"collidesAir":false,
		"hittable":false,
		"ammoMultiplier":1,
		"lifetime":5,
		"hitEffect":"hitLancer",
		"hitEffect":"none"
		},

		"hitEffect":{
		"type":"multiEffect",
		"effects":[
		{"type":"ParticleEffect",
		"line":true,
		"particles":15,
		"lifetime":30,
		"interp":"circleOut",
		"offset":30,
		"length":50,
		"lightColor":"ff7048",
		"strokeFrom":4,
		"strokeTo":0,
		"lenFrom":10,
		"lenTo":10,
		"colorFrom":"8598BFFF",
		"colorTo":"DEEDFFFF"
		},
		{"type":"ParticleEffect",
		"particles":16,
		"length":55,
		"baseLength":10,
		"lifetime":100,
		"lightColor":"DEEDFFFF",
		"interp":"circleOut",
		"cone":360,
		"colorFrom":"8598BFFF",
		"colorTo":"DEEDFFFF",
		"sizeFrom":6,
		"sizeTo":2
		},
		{"type":"WaveEffect",
		"lifetime":30,
		"sizeFrom":0,
		"sizeTo":40,
		"strokeFrom":3,
		"strokeTo":0,
		"colorFrom":"8598BFFF",
		"colorTo":"DEEDFFFF"
		}	]	},

		"despawnHit":true,
		"shootEffect":{
		"type":"multiEffect",
		"effects":[
		{"type":"ParticleEffect",
		"particles":15,
		"length":80,
		"lifetime":36,
		"lightColor":"ff7048",
		"cone":20,
		"colorFrom":"8598BFFF",
		"colorTo":"DEEDFFFF",
		"sizeFrom":3,
		"sizeTo":0
		},
		{"type":"ParticleEffect",
		"particles":1,
		"lifetime":10,
		"length":0,
		"region":"冥痕json-方",
		"sizeFrom":36,
		"sizeTo":0,
		"colorFrom":"8598BFFF",
		"colorTo":"DEEDFFFF"
		}	]	},

		"trailParam":5,
		"trailLength":19,
		"trailWidth":2.6,
		"trailColor":"8598BFFF",
		"frontColor":"8598BFFF",
		"backColor":"DEEDFFFF",
		}	}	]
}