{
	"type":"tank",
	"template":"ErekirUnitType",
	"squareShape":true,
	"treadFrames":14,
	"treadPullOffset":1,
	"treadRects":[
	{"x":0,"y":0,
	"width":21,"height":111
	}	],

	"omniMovement":false,
	"crushDamage":6,

	"name":"行进",
	"description":"发射远距离导弹攻击敌人"
	"research":{
	"parent":"fdac步履",
	"objectives": [
		"ajab次级重构厂",//研究xx
		]
},
"targetFlags":["core"],

	"armor":49,
	"hitSize":48,
	"rotateSpeed":1.5,
	"speed":0.7,
	"flying":false,
	"health":10420,
	"range":380,

	"weapons":[
	{"name":"fdad行进1",
	"mirror":false,
	"x":0,"y":0,
	"rotate":true,
	"inaccuracy":5,
	"rotateSpeed":2,
	"cooldownTime":210,
	"shootY":16,
	"reload":420,
	"recoil":1.5,
	"shootSound":"shockBlast",

	"shootStatus":"unmoving",
	"shootStatusDuration":120,

	"shoot":{
	"firstShotDelay":40
	"shots":6,
	"shotDelay":5
	},

	"bullet":{
		"type":"BasicBulletType",
		"spawnUnit":"冥痕json-导弹1"

	"chargeEffect":{
		"type":"multiEffect",
		"followParent":true,
		"rotWithParent":true,
		"effects":[
		"lancerLaserCharge",
		"lancerLaserChargeBegin",
	]	}

	"shootEffect":"lancerLaserShoot",

	"hitEffect":{
	"type":"multiEffect",
	"effects":[
	{"type":"WaveEffect",
	"lifetime":15,
	"sizeFrom":0,
	"sizeTo":30,
	"strokeFrom":7.5,
	"strokeTo":0,
	"colorFrom":"8598BFFF",
	"colorTo":"DEEDFFFF",
	},
	{"type":"ParticleEffect",
	"offset":30,
	"particles":10,
	"lifetime":20,
	"length":50,
	"interp":"circleOut",
	"sizeInterp":"pow5In",
	"cone":-360,
	"line":true,
	"strokeFrom":1.5,
	"strokeTo":1.5,
	"lenFrom":5,
	"lenTo":5,
	"lightColor":"DEEDFFFF",
	"colorFrom":"8598BFFF",
	"colorTo":"DEEDFFFF",
	},
	{"type":"ParticleEffect",
	"offset":30,
	"particles":10,
	"lifetime":25,
	"length":30,
	"interp":"circleOut",
	"sizeInterp":"pow5In",
	"cone":-360,
	"line":true,
	"strokeFrom":1.5,
	"strokeTo":1.5,
	"lenFrom":7,
	"lenTo":7,
	"lightColor":"DEEDFFFF",
	"colorFrom":"8598BFFF",
	"colorTo":"DEEDFFFF"
	}	]	}
	}	}	]
}