{
"name":"进军"
	"description":"发射威力巨大的子弹攻击敌人"
		"research":{
	"parent":"fdad行进",
	"objectives": [
		"fdad行进",//研究xx
		"ajbc坦克组装厂",
		]
},
	"type": "tank",
	"template": "TankUnitType",
	"health": 23600,
	"armor": 64,
	"hitSize": 84,
	"speed": 0.6,
	"accel": 0.1,
	"drag": 0.08,
	"rotateSpeed": 0.54,
	"targetFlags":["core"],
	"treadRects": [
		{
			"x": -150,
			"y": 70,
			"width": 50,
			"height": 110
		},
		{
			"x": -150,
			"y": -180,
			"width": 50,
			"height": 140
		},
	],
	"hovering": true,
	"faceTarget": false,
	"rotateMoveFirst": false,
	"treadFrames": 20,
	"crushDamage": 30,
	"treadPullOffset": 1,
	"immunities": [
		"unmoving",
	],
	"weapons": [
		{
			"name": "fdae进军2",
			"x": -32.25,
			"y": 9.5,
		"recoil": 3,
"mirror": false,
			"shake": 3,
			"shootY": 9,
			"reload": 120,
			"inaccuracy": 5,
			"shootCone": 10,
			"shoot": {
				"type": "ShootAlternate",
				"shots": 3,
				"spread": 8,
				"shotDelay": 5
			},
			"rotate": true,
			"rotateSpeed": 3,
			 
			"cooldownTime": 85,
			"shootSound": "cannon",
			"ejectEffect": "casing4",
			"bullet": {
				"damage": 80,
				"lifetime": 16,
				"speed": 20,
				"shrinkY": 0,
				"width": 16,
				"height": 16,
				"weaveMag": 1,
				"weaveScale": 4,
				"trailLength": 12,
				"trailWidth": 3.2,
				"trailColor": "DEEDFFFF,",
				"hitColor": "DEEDFFFF,",
				"absorbable": false,
				"reflectable": false,
				"splashDamage": 100,
				"splashDamageRadius": 40,
				"shootEffect": {
					"type": "ParticleEffect",
					"particles": 3,
					"lifetime": 25,
					"sizeFrom": 3,
					"sizeTo": 0,
					"cone": 15,
					"length": 33,
					"colorFrom": "DEEDFFFF,",
					"colorTo": "BCCEE3FF"
				},
				"smokeEffect": "shootSmokeSquare",
				"trailChance": 0.25,
				"trailEffect": {
					"type": "ParticleEffect",
					"particles": 1,
					"lifetime": 25,
					"sizeFrom": 3,
					"sizeTo": 0,
					"cone": 360,
					"length": 23,
					"sizeInterp": "pow10In",
					"colorFrom": "DEEDFFFF,",
					"colorTo": "BCCEE3FF"
				},
				"hitShake": 8,
				"hitSound": "plasmaboom",
				"despawnEffect": "none",
				"hitEffect": {
					"type": "MultiEffect",
					"effects": [
						{
							"type": "ParticleEffect",
							"region": "blank",
							"particles": 3,
							"lifetime": 33,
							"sizeFrom": 5,
							"sizeTo": 0,
							"cone": 360,
							"offset": 45,
							"length": 55,
							"baseLength": 33,
							"interp": "pow5Out",
							"sizeInterp": "pow10In",
							"colorFrom": "DEEDFFFF,",
							"colorTo": "BCCEE3FF"
						},
						{
							"type": "ParticleEffect",
							"lifetime": 33,
							"particles": 9,
							"line": true,
							"strokeFrom": 2,
							"lenFrom": 11,
							"lenTo": 0,
							"cone": 360,
							"length": 80,
							"colorFrom": "DEEDFFFF,",
							"colorTo": "BCCEE3FF"
						},
						{
							"type": "WaveEffect",
							"lifetime": 15,
							"sizeTo": 80,
							"strokeFrom": 4,
							"colorFrom": "BCCEE3FF",
							"colorTo": "DEEDFFFF,"
						},
						"hitSquaresColor"
					]
				}
			},
		},
		{
			"name": "fdae进军2",
			"x": 32,
			"y": -8.75,
		"recoil": 3,
"mirror": false,
			"shake": 3,
			"shootY": 9,
			"reload": 120,
			"inaccuracy": 5,
			"shootCone": 10,
			"shoot": {
				"type": "ShootAlternate",
				"shots": 3,
				"spread": 8,
				"shotDelay": 5
			},
			"rotate": true,
			"rotateSpeed": 3,
			 
			"cooldownTime": 85,
			"shootSound": "cannon",
			"ejectEffect": "casing4",
			"bullet": {
				"damage": 100,
				"lifetime": 16,
				"speed": 20,
				"shrinkY": 0,
				"width": 16,
				"height": 16,
				"weaveMag": 1,
				"weaveScale": 4,
				"trailLength": 12,
				"trailWidth": 3.2,
				"trailColor": "DEEDFFFF,",
				"hitColor": "DEEDFFFF,",
				"absorbable": false,
				"reflectable": false,
				"splashDamage": 80,
				"splashDamageRadius": 40,
				"shootEffect": {
					"type": "ParticleEffect",
					"particles": 3,
					"lifetime": 25,
					"sizeFrom": 3,
					"sizeTo": 0,
					"cone": 15,
					"length": 33,
					"colorFrom": "DEEDFFFF,",
					"colorTo": "BCCEE3FF"
				},
				"smokeEffect": "shootSmokeSquare",
				"trailChance": 0.25,
				"trailEffect": {
					"type": "ParticleEffect",
					"particles": 1,
					"lifetime": 25,
					"sizeFrom": 3,
					"sizeTo": 0,
					"cone": 360,
					"length": 23,
					"sizeInterp": "pow10In",
					"colorFrom": "DEEDFFFF,",
					"colorTo": "BCCEE3FF"
				},
				"hitShake": 8,
				"hitSound": "plasmaboom",
				"despawnEffect": "none",
				"hitEffect": {
					"type": "MultiEffect",
					"effects": [
						{
							"type": "ParticleEffect",
							"region": "blank",
							"particles": 3,
							"lifetime": 33,
							"sizeFrom": 5,
							"sizeTo": 0,
							"cone": 360,
							"offset": 45,
							"length": 55,
							"baseLength": 33,
							"interp": "pow5Out",
							"sizeInterp": "pow10In",
							"colorFrom": "DEEDFFFF,",
							"colorTo": "BCCEE3FF"
						},
						{
							"type": "ParticleEffect",
							"lifetime": 33,
							"particles": 9,
							"line": true,
							"strokeFrom": 2,
							"lenFrom": 11,
							"lenTo": 0,
							"cone": 360,
							"length": 80,
							"colorFrom": "DEEDFFFF,",
							"colorTo": "BCCEE3FF"
						},
						{
							"type": "WaveEffect",
							"lifetime": 15,
							"sizeTo": 80,
							"strokeFrom": 4,
							"colorFrom": "BCCEE3FF",
							"colorTo": "DEEDFFFF,"
						},
						"hitSquaresColor"
					]
				}
			},
		},
		{
			"name": "fdae进军2",
			"x": -32,
			"y": -8.75,
		"recoil": 3,
"mirror": false,
			"shake": 3,
			"shootY": 9,
			"reload": 120,
			"inaccuracy": 5,
			"shootCone": 10,
			"shoot": {
				"type": "ShootAlternate",
				"shots": 3,
				"spread": 8,
				"shotDelay": 5
			},
			"rotate": true,
			"rotateSpeed": 3,
			 
			"cooldownTime": 85,
			"shootSound": "cannon",
			"ejectEffect": "casing4",
			"bullet": {
				"damage": 100,
				"lifetime": 16,
				"speed": 20,
				"shrinkY": 0,
				"width": 16,
				"height": 16,
				"weaveMag": 1,
				"weaveScale": 4,
				"trailLength": 12,
				"trailWidth": 3.2,
				"trailColor": "DEEDFFFF,",
				"hitColor": "DEEDFFFF,",
				"absorbable": false,
				"reflectable": false,
				"splashDamage": 80,
				"splashDamageRadius": 40,
				"shootEffect": {
					"type": "ParticleEffect",
					"particles": 3,
					"lifetime": 25,
					"sizeFrom": 3,
					"sizeTo": 0,
					"cone": 15,
					"length": 33,
					"colorFrom": "DEEDFFFF,",
					"colorTo": "BCCEE3FF"
				},
				"smokeEffect": "shootSmokeSquare",
				"trailChance": 0.25,
				"trailEffect": {
					"type": "ParticleEffect",
					"particles": 1,
					"lifetime": 25,
					"sizeFrom": 3,
					"sizeTo": 0,
					"cone": 360,
					"length": 23,
					"sizeInterp": "pow10In",
					"colorFrom": "DEEDFFFF,",
					"colorTo": "BCCEE3FF"
				},
				"hitShake": 8,
				"hitSound": "plasmaboom",
				"despawnEffect": "none",
				"hitEffect": {
					"type": "MultiEffect",
					"effects": [
						{
							"type": "ParticleEffect",
							"region": "blank",
							"particles": 3,
							"lifetime": 33,
							"sizeFrom": 5,
							"sizeTo": 0,
							"cone": 360,
							"offset": 45,
							"length": 55,
							"baseLength": 33,
							"interp": "pow5Out",
							"sizeInterp": "pow10In",
							"colorFrom": "DEEDFFFF,",
							"colorTo": "BCCEE3FF"
						},
						{
							"type": "ParticleEffect",
							"lifetime": 33,
							"particles": 9,
							"line": true,
							"strokeFrom": 2,
							"lenFrom": 11,
							"lenTo": 0,
							"cone": 360,
							"length": 80,
							"colorFrom": "DEEDFFFF,",
							"colorTo": "BCCEE3FF"
						},
						{
							"type": "WaveEffect",
							"lifetime": 15,
							"sizeTo": 80,
							"strokeFrom": 4,
							"colorFrom": "BCCEE3FF",
							"colorTo": "DEEDFFFF,"
						},
						"hitSquaresColor"
					]
				}
			},
		},
		{
			"name": "fdae进军2",
			"x": 32.25,
			"y": 9.5,
		"recoil": 3,
"mirror": false,
			"shake": 3,
			"shootY": 9,
			"reload": 60,
			"inaccuracy": 5,
			"shootCone": 10,
			"shoot": {
				"type": "ShootAlternate",
				"shots": 3,
				"spread": 8,
				"shotDelay": 5
			},
			"rotate": true,
			"rotateSpeed": 3,
			 
			"cooldownTime": 85,
			"shootSound": "cannon",
			"ejectEffect": "casing4",
			"bullet": {
				"damage": 100,
				"lifetime": 16,
				"speed": 20,
				"shrinkY": 0,
				"width": 16,
				"height": 16,
				"weaveMag": 1,
				"weaveScale": 4,
				"trailLength": 12,
				"trailWidth": 3.2,
				"trailColor": "DEEDFFFF,",
				"hitColor": "DEEDFFFF,",
				"absorbable": false,
				"reflectable": false,
				"splashDamage": 80,
				"splashDamageRadius": 40,
				"shootEffect": {
					"type": "ParticleEffect",
					"particles": 3,
					"lifetime": 25,
					"sizeFrom": 3,
					"sizeTo": 0,
					"cone": 15,
					"length": 33,
					"colorFrom": "DEEDFFFF,",
					"colorTo": "BCCEE3FF"
				},
				"smokeEffect": "shootSmokeSquare",
				"trailChance": 0.25,
				"trailEffect": {
					"type": "ParticleEffect",
					"particles": 1,
					"lifetime": 25,
					"sizeFrom": 3,
					"sizeTo": 0,
					"cone": 360,
					"length": 23,
					"sizeInterp": "pow10In",
					"colorFrom": "DEEDFFFF,",
					"colorTo": "BCCEE3FF"
				},
				"hitShake": 8,
				"hitSound": "plasmaboom",
				"despawnEffect": "none",
				"hitEffect": {
					"type": "MultiEffect",
					"effects": [
						{
							"type": "ParticleEffect",
							"region": "blank",
							"particles": 3,
							"lifetime": 33,
							"sizeFrom": 5,
							"sizeTo": 0,
							"cone": 360,
							"offset": 45,
							"length": 55,
							"baseLength": 33,
							"interp": "pow5Out",
							"sizeInterp": "pow10In",
							"colorFrom": "DEEDFFFF,",
							"colorTo": "BCCEE3FF"
						},
						{
							"type": "ParticleEffect",
							"lifetime": 33,
							"particles": 9,
							"line": true,
							"strokeFrom": 2,
							"lenFrom": 11,
							"lenTo": 0,
							"cone": 360,
							"length": 80,
							"colorFrom": "DEEDFFFF,",
							"colorTo": "BCCEE3FF"
						},
						{
							"type": "WaveEffect",
							"lifetime": 15,
							"sizeTo": 80,
							"strokeFrom": 4,
							"colorFrom": "BCCEE3FF",
							"colorTo": "DEEDFFFF,"
						},
						"hitSquaresColor"
					]
				}
			},
		},
	{"name":"fdae进军1",
		"rotationLimit":60,
	"mirror":false,
	"x":0,"y":0,
	"rotate":true,
	"inaccuracy":1,
	"rotateSpeed":1.2,
	"cooldownTime":150,
	"shootY":45,
	"reload":180,
	"recoil":2.25,
	"top":true,
	"layerOffset":2,
	"top":true,
	"minWarmup":0.85,
	"smoothReloadSpeed":0.08,
	"shootWarmupSpeed":0.02,
	"shake":2,

		"shootSound":"largeCannon",
		"velocityRnd":0.06,
		"shake":3,
		"shoot":{
		"type":"shootPattern",
		"shots":3,
		"shotDelay":3
		},
"parts": [
				{
					"type": "RegionPart",
					"progress": "recoil",
					"suffix": "-shot",
					"under": true,
					"moveY": -10,
				},
			]
		"bullet":{
		"spawnBullets":[
		{"fragBullets":7,
		"fragRandomSpread":20,
		"fragBullet":{
		"type":"ArtilleryBulletType",
		"width":9,
		"height":13,
		"frontColor":"FFFFFF",
		"backColor":"DEEDFFFF",
		"lifetime":40,
		"speed":8,
		"damage":160,
		"shrinkX":0,"shrinkY":0,
		"recoil":2.25,

		"hitColor":"BCCEE3FF",
		"status":"破防",
		"statusDuration":120,

		"shootEffect": {
		"type": "MultiEffect",
		"effects": ["shootBig2", "shootBigSmoke"]
		},

		"despawnHit":true,
		"hitEffect":"massiveExplosion",
		"trailColor":"BCCEE3FF",
		"trailLength":10,
		"trailWidth":3
		},
		"type":"BulletType",
		"lifetime":0
		}	],

		"type":"EmpBulletType",
		"width":12,
		"height":30,
		"frontColor":"DEEDFFFF",
		"backColor":"BCCEE3FF",
		"sprite":"missile-large-back",
		"status":"破防",
		"statusDuration":60,
		"lifetime":36,
		"speed":10,
		"damage":120,
		"shrinkX":0,"shrinkY":0,
		"radius":72,
		"lightning":5,
		"lightningDamage":52,
		"lightningColor":"DEEDFFFF",
		"lightningLength":6,
		"lightningCone":360,
		"lightningLengthRand":10,
		"absorbable":false,
		"hittable":false,
		"hitShake":2,

		"hitPowerEffect":{
		"type":"ParticleEffect",
		"line":true,
		"particles":6,
		"lifetime":22,
		"length":80,
		"cone":-360,
		"lenFrom":6,
		"lenTo":6,
		"colorFrom":"FFFFFFF",
		"colorTo":"BCCEE3FF"
		},

		"hitColor":"BCCEE3FF",
		"timeIncrease":0.5,
		"powerDamageScl":0.3,
		"powerSclDecrease":0.1,
		"unitDamageScl":0.3,
		"pierceCap":3,
		"pierce":true,
		"pierceBuilding":true,

		"shootEffect": "bigShockwave",
		"smokeEffect": "shootBigSmoke",

		"hitEffect":{
		"type":"multiEffect",
		"effects":[
		{"type":"WrapEffect",
		"effect":"dynamicSpikes",
		"color":"DEEDFFFF",
		"rotation":72
		}	]	}

		"trailEffect":"none",
		"trailChance":1,
		"trailParam":5,
		"trailLength":12,
		"trailColor":"DEEDFFFF",
		"trailWidth":2.5
		}	}
	],
}