{
"name":"踏墟"
	"description":"发射威力巨大的子弹攻击敌人"
		"research":{
	"parent":"",
	"objectives": [
		"fdae进军",//研究xx
		]
},
	"type": "tank",
	"template": "TankUnitType",
	"health": 48200,
	"armor": 192,
	"hitSize": 120,
	"speed": 0.55,
	"accel": 0.1,
	"drag": 0.08,
	"rotateSpeed": 0.52,
	"treadRects": [
		{
			"x": -180,
			"y": 70,
			"width": 70,
			"height": 140
		},
		{
			"x": -180,
			"y": -180,
			"width": 70,
			"height": 140
		},
	],
	"hovering": true,
	"faceTarget": false,
	"rotateMoveFirst": false,
	"treadFrames": 30,
	"crushDamage": 50,
	"treadPullOffset": 1,
	"immunities": [
		"unmoving",
	],
	"weapons": [
	{
	"parts": [
				{
					"type": "RegionPart",
					"progress": "recoil",
					"suffix": "-shot",
					"under": true,
					"moveY": -10,
				},
			]
				"rotationLimit":60,
"name": "fdaf踏墟1",
"x": 0,
"y": 0,
"minWarmup": 0.70,
"smoothReloadSpeed": 0.08,
"shootWarmupSpeed": 0.03,
"mirror": false,
"cooldownTime": 250,
"top": true,
"reload": 180,
"rotate": true,
"layerOffset": 1,
"rotateSpeed": 0.6,
"shootY": 12.5,
"recoil": 3,
"shootSound": "desolationimpact",
	"chargeEffect": {
			"type": "MultiEffect",
			"lifetime": 80,
			"effects": [
				{
					"type": "ParticleEffect",
					"particles": 1,
					"sizeFrom": 2,
					"sizeTo": 38,
					"length": 0,
					"spin": 11,
					"lifetime": 80,
					"layer": 109,
					"region": "冥痕json-star",
					"colorFrom": "DEEDFFFF",
					"colorTo": "DEEDFFFF",
					"cone": 360
				},
				{
					"type": "WaveEffect",
					"lifetime": 70,
					"sizeFrom": 90,
					"sizeTo": 0,
					"interp": "pow5In",
					"strokeFrom": 0,
					"strokeTo": 8,
					"lightColor": "FFDCD8",
					"colorFrom": "FFDCD8",
					"colorTo": "DEEDFFFF"
				},
				{
					"type": "WaveEffect",
					"lifetime": 70,
					"sizeFrom": 70,
					"sizeTo": 0,
					"interp": "pow5In",
					"strokeFrom": 0,
					"strokeTo": 8,
					"lightColor": "FFDCD8",
					"colorFrom": "FFDCD8",
					"colorTo": "DEEDFFFF"
				}
			]
		},
"bullet": {		
"pierce":true,
			"pierceCap":10,
"type" : "LaserBulletType",
	"lifetime": 30,
		"width": 50,
"damage": 2000,
"length": 420,
		"sideAngle": 0,
		"sideWidth":0,
		"sideLength": 100,
		            "bulletInterval":0.5,//分裂间隔
                "intervalRandomSpread":0,//随机角度
                "intervalBullets":1,//分裂子弹数
                "intervalAngle":0,//分裂起始角度
                "intervalSpread":0,//分裂角度（建立在起始角度基础之上，所有分裂子弹的角度总和）
                "fragVelocityMin":3,
                "fragVelocityMax":3,
        "intervalBullet":{//分裂出的子弹
              "damage":0,
"type":"LaserBulletType",
"speed":-420,"lifetime":1,
 "hitSound":"none",
 "length": 0.1,
 	"width": 1,
          "despawnEffect":"none",
          	"lightningSpacing": 90,
		"lightningLength": 10,
		"lightningDelay": 0.5,
		"lightningLengthRand": 0.1,
		"lightningDamage": 120,
		"lightningAngleRand": 0.1,
		"lightningColor": "DEEDFFFF",
		"lightningType": {
			"damage": 300,
			"width": 6.5,
			"type": "ShrapnelBulletType",
			"lifetime": 10,
			"length": 10,
			"serrations": 0,
			"fromColor": "DEEDFFFF",
			"toColor": "DEEDFFFF",
			"hitEffect": {
				"type": "ParticleEffect",
				"line": true,
				"particles": 6,
				"offset": 20,
				"lifetime": 30,
				"length": 65,
				"baseLength": -15,
				"cone": -360,
				"lenFrom": 5,
				"lenTo": 0,
				"colorFrom": "DEEDFFFF",
				"colorTo": "BCCEE3FF"
			},
			"statusDuration": 120,
			"status": "破防"
		},
 },
	
"shootEffect": {
"type": "multiEffect",
"effects": [
{
"type": "ParticleEffect",
"particles": 7,
"sizeFrom": 6,
"sizeTo": 1,
"length": 140,
"lifetime": 20,
"interp": "circleOut",
"sizeInterp": "pow5In",
"lightColor": "DEEDFFFF",
"colorFrom": "DEEDFFFF",
"colorTo": "DEEDFFFF",
"cone": 10
},
{
"type": "WaveEffect",
"lifetime": 23,
"sizeFrom": 0,
"sizeTo": 70,
"strokeFrom": 6,
"strokeTo": 0,
"lightColor": "DEEDFFFF",
"colorFrom": "DEEDFFFF",
"colorTo": "DEEDFFFF"
},
{
"type": "WaveEffect",
"lifetime": 23,
"sizeFrom": 0,
"sizeTo": 95,
"strokeFrom": 4,
"strokeTo": 0,
"lightColor": "DEEDFFFF",
"colorFrom": "DEEDFFFF",
"colorTo": "DEEDFFFF"
},
{
"type": "ParticleEffect",
"particles": 7,
"sizeFrom": 7,
"sizeTo": 1,
"length": 100,
"lifetime": 35,
"interp": "circleOut",
"sizeInterp": "pow5In",
"lightColor": "DEEDFFFF",
"colorFrom": "DEEDFFFF",
"colorTo": "DEEDFFFF",
"cone": 15
},
{
"type": "ParticleEffect",
"particles": 7,
"sizeFrom": 6,
"sizeTo": 1.5,
"length": 110,
"lifetime": 40,
"interp": "fastSlow",
"lightColor": "DEEDFFFF",
"colorFrom": "DEEDFFFF",
"colorTo": "DEEDFFFF",
"cone": 15
},
{
"type": "ParticleEffect",
"particles": 7,
"sizeFrom": 6,
"sizeTo": 1.5,
"length": 120,
"lifetime": 30,
"interp": "fastSlow",
"lightColor": "DEEDFFFF",
"colorFrom": "DEEDFFFF",
"colorTo": "DEEDFFFF",
"cone": 10
},
{
"type": "ParticleEffect",
"offset": 30,
"particles": 6,
"lifetime": 30,
"baseLength": 65,
"length": 60,
"interp": "circleOut",
"sizeInterp": "pow5In",
"cone": -30,
"line": true,
"strokeFrom": 2,
"strokeTo": 0,
"lenFrom": 8,
"lenTo": 0,
"lightColor": "DEEDFFFF",
"colorFrom": "DEEDFFFF",
"colorTo": "DEEDFFFF"
},
{
"type": "ParticleEffect",
"particles": 1,
"sizeFrom": 80,
"sizeTo": 20,
"length": 0,
"interp": "circleOut",
"layer": 109,
"lifetime": 40,
"region": "冥痕json-tall",
"lightColor": "DEEDFFFF",
"colorFrom": "DEEDFFFF",
"colorTo": "DEEDFFFF"
}   
]   
},
"pierceEffect": {
"type": "ParticleEffect",
"particles": 14,
"lifetime": 30,
"length": 82,
"cone": 30,
"sizeFrom": 4.3,
"sizeTo": 0,
"colorFrom": "DEEDFFFF",
"colorTo": "DEEDFFFF"
},
"hitEffect": {
"type": "ParticleEffect",
"particles": 10,
"lifetime": 30,
"length": 90,
"interp": "circleOut",
"sizeInterp": "pow5In",
"cone": -30,
"line": true,
"strokeFrom": 2,
"strokeTo": 0,
"lenFrom": 8,
"lenTo": 0,
"lightColor": "DEEDFFFF",
"colorFrom": "DEEDFFFF",
"colorTo": "DEEDFFFF"
},
"pointEffectSpace": 25,
"collidesTiles" : true,
}
}
	{
			"name": "fdaf踏墟2",
			"x": 40.75,
			"y": -5.75,
			"recoil": 1,
			"shake": 3,
			"shootY": 8,
			"reload": 45,
			"shootCone": 15,
			"mirror": true,
			"rotate": true,
			"rotateSpeed": 2.5,
			"layerOffset": 0.01,
			"shootSound": "mediumCannon",
			"bullet": {
					"statusDuration": 120,
			"status": "破防"
				"type": "PointBulletType",
				"damage": 0,
				"lifetime": 8,
				"speed": 52.5,
				"ammoMultiplier": 3,
				"hitColor": "DEEDFFFF"
				"knockback": 5,
				"splashDamage":350,
				"splashDamageRadius": 64,
				"buildingDamageMultiplier": 1.5,
				"trailEffect": "none",
				"shootEffect": "shootSmokeTitan",
				"smokeEffect": "shootSmokeTitan",
				"hitShake": 8,
				"hitSound": "plasmaboom",
				"hitEffect": {
					"type": "MultiEffect",
					"effects": [
						{
							"type": "WrapEffect",
							"effect": "dynamicSpikes",
							"color": "DEEDFFFF",
							"rotation": 80
						},
						"scatheExplosion"
					]
				}
			},
}
	],
}