{
	"type": "UnitFactory",
	"name": "空军工厂",
	"description": "为了对抗敌人，夺取制空权我们需要制造飞机",
    "health":2800,
	"size":3,
	"consumes":{"power":20,}
	"plans":[
	{ "unit": "星空", 
	"time":608, 
	"requirements": [
		"电子管/8","钢铁/20",
		"电动机/5","齿轮/10"
	]},
	{ "unit": "辅主", 
	"time":608, 
	"requirements": [
		"电子管/12","钢铁/15",
		"电动机/8","齿轮/8"
	]},
	{ "unit": "采矿机", 
	"time":608, 
	"requirements": [
		"电子管/7","钢铁/10",
		"电动机/5","齿轮/20"
	]},
	{ "unit": "搬运机", 
	"time":200, 
	"requirements": [
		"电子管/10","钢铁/15",
		"电动机/10","齿轮/30"
	]}
],
	"requirements": [
    { "item": "钢铁","amount": 100},
    { "item": "电子管","amount": 30},
    { "item": "齿轮","amount": 20},
    { "item": "电动机","amount": 10},
   	],
	"category":"units",
	"research":"陆军工厂"
	}