{
	"name": "质量驱动器T-A型",
	"description": "中距离发送物品包，收集一定物品后将其发射到另一个质量驱动器T-A型中。\n \n[blue][超限技术物流装置]",
	"type": "MassDriver",
	"size": 3
	"hasItems": true,
	"itemCapacity": 140,
	"reload": 75,
	"range": 360,
	"consumes": {
		"power": 1.8
	},
	"minDistribute":30
	"bullet": {
    "type": "BasicBulletType",
        "frontColor": "1878BF",
        "backColor": "87CEEB",
        "width": 12,
        "height": 12,       
        "trailLength": 16,
        "trailWidth": 3,
        "pierceCap": 6
        "trailColor": "1878BF",
        "speed": 2,
        "lifetime": 180,
	"hitEffect": {
	"type": "ParticleEffect",
	"particles": 5,
	"line": true,
	"strokeFrom": 0.7,
	"strokeTo": 0.5,
	"lenFrom": 4,
	"lenTo": 2,
	"length": 16,
	"baseLength": 0,
	"lifetime": 18,
	"colorFrom": "87CEEB",
	"colorTo": "87CEEB"
	"interp": "pow3Out",
	"sizeInterp": "pow3In",
        "cone": 30,}
	"despawnEffect": {
	"type": "ParticleEffect",
	"particles": 5,
	"line": true,
	"strokeFrom": 0.7,
	"strokeTo": 0.5,
	"lenFrom": 4,
	"lenTo": 2,
	"length": 16,
	"baseLength": 0,
	"lifetime": 18,
	"colorFrom": "87CEEB",
	"colorTo": "87CEEB"
	"interp": "pow3Out",
	"sizeInterp": "pow3In",
        "cone": 30,}
    }
	"requirements": [
	{ "item": "0铜铅合金", "amount": 95 },
	{ "item": "silicon", "amount": 65 },
	{ "item": "titanium", "amount": 60},
	{ "item": "graphite", "amount": 70},
	],
	"research": {
	"parent":"BAAsCE1小型质量驱动器"
	"objectives": [
            {
				"type": "SectorComplete",
				"preset": "冰冷山区"
			}
	]
	}
	"category": "distribution"
}