{
    "type": "flying",
    "name":"天枭"
    "description": "重型飞行单位，较快的飞行速度，正方向有火箭炮来攻击敌方单位，两门机枪进行辅助攻击。\n\n[blue][超限技术重型空军单位]",
    "immunities": [
"wet","spore-slowed","tarred","shocked","electrified","脆裂"
	],
    "speed": 1.2
    "hitSize":18
    "health": 6980
    	"rotateSpeed": 1.8
    	"ammoType":"copper",
	"ammoCapacity": 300,
        "targetAir":false,  
    "targetGround":true,
    "flying": true,
    "armor":8
    	"maxRange": 400
    "targetFlags":["turret","battery","generator"],
    "engineColor": "c0ecff",
	"trailColor": "1878BF",
	"engineLayer": 0,
	"engineSize": 0,
	"engineOffset": 0
	"trailLength": 0,
	"trailWidth": 0,
	"itemCapacity": 25
	"abilities": [
    {
        "type": "RepairFieldAbility"
        "amount":13
        "reload": 30
        "range": 32
    }
    ]
    "weapons": [
    {
		    "name": "天枭前"
			"x": 6.5
			"y": 9
			"reload": 10,
			"shootY": 0,
			"mirror": true,
			"rotate": true,
			"rotateSpeed": 0,
			"useAmmo": false,
			"alwaysShooting": true,
			"ejectEffect":"none",
	        "shootSound":"none",
			"recoil": 0,
			"parts":[
        	    {
                    "type":"RegionPart",
                    "mirror":false,
                    "x":0,"y":0,
                    "suffix":"叶"
                    "layer":120,
                    "moveX":0,
                    "moveY":0
                    "moveRot":360
                    "outline": false,
                    "progress":"reload",
                }
            ]
			"bullet": {
                "type": "BombBulletType",
                "splashDamageRadius": 99
                "splashDamage": 0,
                "speed": 0,
                "lifetime": 0
                "knockback": 0
                "shootEffect": "none",
				"hitEffect": "none",
				"despawnEffect": "none"
				"smokeEffect": "none"
				"despawnSound":"none",
			}
		}
		{
		    "name": "天枭后"
			"x": 1.75,
			"y": -8.75
			"reload": 10,
			"shootY": 0,
			"mirror": true,
			"rotate": true,
			"rotateSpeed": 0,
			"useAmmo": false,
			"alwaysShooting": true,
			"ejectEffect":"none",
	        "shootSound":"none",
			"recoil": 0,
			"parts":[
        	    {
                    "type":"RegionPart",
                    "mirror":false,
                    "x":0,"y":0,
                    "suffix":"叶"
                    "layer":120,
                    "moveX":0,
                    "moveY":0
                    "moveRot":360
                    "outline": false,
                    "progress":"reload",
                }
            ]
			"bullet": {
                "type": "BombBulletType",
                "splashDamageRadius": 99
                "splashDamage": 0,
                "speed": 0,
                "lifetime": 0
                "knockback": 0
                "shootEffect": "none",
				"hitEffect": "none",
				"despawnEffect": "none"
				"smokeEffect": "none"
				"despawnSound":"none",
			}
		}
    {	"name": "无",	
	               	"shootCone":30,
	               	"baseRotation":0
			"rotationLimit":10,
		"reload":35
        "x": 5
         "y": 15
        "rotate": true,
        "inaccuracy": 6
		"shootSound": "missile",
		"rotateSpeed": 1
		"alternate": true,
		"mirror":true
		"ejectEffect":"casing1",
		"shoot":{
		"shots":5
	    "shotDelay":15
	},
	"shootX":0
	    "shootY":2
   "recoil": 1
   "recoils": 1
		"bullet":{
		"type":"BasicBulletType",
    "speed": 3
    "lifetime":60
	"width": 2
	"height": 6
	"damage":6,
    "hitSize":40,
    "pierceArmor": true,
    "shootEffect": "shootBig"
	"hitEffect":"flakExplosionBig",
    "despawnEffect":"flakExplosionBig",
    "trailLength":22,
	"trailWidth":2,
	"status": "破甲",
			"statusDuration": 130,
	 "trailColor":"c0ecff",
	"frontColor":"1878BF",
	"backColor":"c0ecff",
	}
	}
   {	"name": "无",	
	               	"shootCone":60
		"reload":180
        "x": 0
         "y": 6
        "rotate": false,
        "inaccuracy": 6
		"shootSound": "missile",
		"rotateSpeed": 1
		"alternate": true,
		"mirror":true
		"ejectEffect":"casing1",
		"shoot":{
		"shots":2
	    "shotDelay":30
	},
	"shootX":0
	    "shootY":2
   "recoil": 1
   "recoils": 1
		"bullet":{
		"type": "BasicBulletType",
             "spawnUnit": "火箭弹",
             "speed": 0,
			"shootEffect":"shootSmall",
	}
	}
    ]
   "research": {
	"parent":"BAAsHI净空级装配厂"
	"objectives": [
            {
				"type": "OnSector",
				"preset": "遗忘河滩"
			}
	]
	}
}