{
    "type":"ForceProjector",
    "name":"进阶力墙投影器",
    "health":1230,
    "description":"更大,更牛逼的力强投影仪"
    "requirements": [
        "thorium/200",
        "titanium/200",
        "lead/400",
        "silicon/250"
        ],
    "size":4,
    "phaseRadiusBoost":180,
    //物品加强半径
    "radius":240,
    //半径(4:1格)
    "shieldHealth":3600,
    //盾容
    "phaseUseTime":300,
    //一个物品的加强时间
    "cooldownNormal":1.75,
    //正常冷却
    "cooldownLiquid":2,
    //液体加速冷却
    "cooldownBrokenBase":0.75,
    //过载后冷却
	"consumes":{
	    "power":12,
		"items":{
			"items":[
				{"item":"phase-fabric","amount":1}
				{"item":"silicon","amount":1}
			],
			"booster":true,
		}
	},
	"category": "effect",
	"research": "force-projector"
}


/*

        forceProjector = new ForceProjector("force-projector"){{
            requirements(Category.effect, with(Items.lead, 100, Items.titanium, 75, Items.silicon, 125));
            size = 3;
            phaseRadiusBoost = 80f;
            radius = 101.7f;
            shieldHealth = 750f;
            cooldownNormal = 1.5f;
            cooldownLiquid = 1.2f;
            cooldownBrokenBase = 0.35f;

            consumes.item(Items.phaseFabric).boost();
            consumes.power(4f);
        }};