{
    "type": "Battery",
    "category": "power",
    "name": "Ultra Battery",
    "description": "Battery that better than all batteries, can contain [purple]kM of Energy",
    "buildVisibility": "shown",
    "size": 12,
    "health": 3000,
    "emptyLightColor": "#000000",
    "fullLightColor": "#ff0000",
    "consumes": {
        "powerBuffered": 1000000000
    },
    "buildCost": 1200,
    "requirements": [
        {"item": "copper","amount":2500},
        {"item": "lead","amount":2000},
        {"item": "titanium","amount":1500},
        {"item": "thorium","amount":500},
        {"item": "silicon","amount":750}
    ],
    "research": {
        "parent": "battery-large",
        "requirements": [
        {"item": "copper","amount":1500},
        {"item": "lead","amount":1000},
        {"item": "titanium","amount":500},
        {"item": "thorium","amount":50},
        {"item": "silicon","amount":75}
        ]
    }
}
