{
"type": "GenericCrafter",
"name": "Omega Cooler",
"description": "Cools Cryofluid to get omega cryofluid",
"size": 4,
"hasPower": true,
"hasLiquid": true,
"craftTime": 60,
"updateEffect": "freezing",
  "drawer":[{"type":"drawRegion","suffix":"-bottom"},
{"type":"drawLiquid","suffix":"-liquid"},
{"type":"drawWeave"},{"type":"drawDefault"}
],
"requirements": [
  {"item":"titanium","amount": 350},
  {"item":"silicon","amount": 500},
  {"item":"plastanium","amount": 150}
],
"consumes": {
  "power": 3,
  "liquid": {"liquid": "cryofluid","amount": 0.2}
},
"outputLiquid": {"liquid": "omega-cryofluid", "amount": 0.2},
"category": "crafting",
"research": "battery-big"
}
