{
	"type": "flying",
	"name": "开溜传送门",
	"description": " ",
			"immunities": [
		
		"自毁"
	],
	"speed": 0.8,	
	"drag":0.05,"accel":0.1,
	"rotateSpeed":1.15,
	"lowAltitude":true
	"ammoType":{
	"type":"PowerAmmoType",
	"totalPower":100},
	"ammoCapacity": 300,
	    "health": 2147483617,
	"hitSize":300, 
	"flying": true,
	"faceTarget": true,
	"circleTarget": true,
	"armor":2147483617,
	"engineOffset": 0
	"engineSize": 0,
	 "parts": [
{
			"type": "ShapePart",//圆圈
			"colorTo":"BF92F9",//结束时的颜色
			"color": "BF92F9",//开始时的颜色
			"layer":110,//所在图层高度
			"stroke": 7,//开始时的粗细
			"strokeTo": 7,//结束时的粗细
			"circle": true,//是否圆圈？
			"hollow": false,//是否空心
			"radius": 180,//开始时的大小
			"radiusTo": 0//结束时的大小
			"x": 0,    "y": 0,//X和y的位置
},
{
			"type": "ShapePart",//圆圈
			"colorTo":"272727",//结束时的颜色
			"color": "272727",//开始时的颜色
			"layer":110,//所在图层高度
			"stroke": 7,//开始时的粗细
			"strokeTo": 7,//结束时的粗细
			"circle": true,//是否圆圈？
			"hollow": false,//是否空心
			"radius": 20,//开始时的大小
			"radiusTo": 0//结束时的大小
			"x": 0,    "y": 0,//X和y的位置
},
{
			"type": "ShapePart",//圆圈
			"colorTo":"272727",//结束时的颜色
			"color": "272727",//开始时的颜色
			"layer":110,//所在图层高度
			"stroke": 7,//开始时的粗细
			"strokeTo": 7,//结束时的粗细
			"circle": true,//是否圆圈？
			"hollow": false,//是否空心
			"radius": 5,//开始时的大小
			"radiusTo": 0//结束时的大小
			"x": 7,    "y": 7,//X和y的位置
},
{
			"type": "ShapePart",//圆圈
			"colorTo":"272727",//结束时的颜色
			"color": "272727",//开始时的颜色
			"layer":110,//所在图层高度
			"stroke": 7,//开始时的粗细
			"strokeTo": 7,//结束时的粗细
			"circle": true,//是否圆圈？
			"hollow": false,//是否空心
			"radius": 5,//开始时的大小
			"radiusTo": 0//结束时的大小
			"x": 12,    "y": -8,//X和y的位置
},
{
			"type": "ShapePart",//圆圈
			"colorTo":"272727",//结束时的颜色
			"color": "272727",//开始时的颜色
			"layer":110,//所在图层高度
			"stroke": 7,//开始时的粗细
			"strokeTo": 7,//结束时的粗细
			"circle": true,//是否圆圈？
			"hollow": false,//是否空心
			"radius": 5,//开始时的大小
			"radiusTo": 0//结束时的大小
			"x": -27,    "y": 7,//X和y的位置
},
{
			"type": "ShapePart",//圆圈
			"colorTo":"272727",//结束时的颜色
			"color": "272727",//开始时的颜色
			"layer":110,//所在图层高度
			"stroke": 7,//开始时的粗细
			"strokeTo": 7,//结束时的粗细
			"circle": true,//是否圆圈？
			"hollow": false,//是否空心
			"radius": 5,//开始时的大小
			"radiusTo": 0//结束时的大小
			"x": -12,    "y": -7,//X和y的位置
},
{
			"type": "ShapePart",//圆圈
			"colorTo":"272727",//结束时的颜色
			"color": "272727",//开始时的颜色
			"layer":110,//所在图层高度
			"stroke": 7,//开始时的粗细
			"strokeTo": 7,//结束时的粗细
			"circle": true,//是否圆圈？
			"hollow": false,//是否空心
			"radius": 5,//开始时的大小
			"radiusTo": 0//结束时的大小
			"x": -37,    "y": -47,//X和y的位置
},
{
			"type": "ShapePart",//圆圈
			"colorTo":"ffffff",//结束时的颜色
			"color": "BF92F9",//开始时的颜色
			"layer":110,//所在图层高度
			"stroke": 22,//开始时的粗细
			"strokeTo": 12,//结束时的粗细
			"circle": true,//是否圆圈？
			"hollow": true,//是否空心
			"radius": 300,//开始时的大小
			"radiusTo": 0//结束时的大小
			"x": 0,    "y": 0,//X和y的位置
},
           {
			"type": "ShapePart",//圆圈
			"colorTo":"ffffff",//结束时的颜色
			"color": "BF92F9",//开始时的颜色
			"layer":110,//所在图层高度
			"stroke": 13,//开始时的粗细
			"strokeTo": 3,//结束时的粗细
			"circle": true,//是否圆圈？
			"hollow": true,//是否空心
			"radius": 360,//开始时的大小
			"radiusTo": 0//结束时的大小
			"x": 0,    "y": 0,//X和y的位置
},  
{
			"type": "ShapePart",//圆圈
			"colorTo":"ffffff",//结束时的颜色
			"color": "BF92F9",//开始时的颜色
			"layer":110,//所在图层高度
			"stroke": 6,//开始时的粗细
			"strokeTo": 3,//结束时的粗细
			"circle": true,//是否圆圈？
			"hollow": true,//是否空心
			"radius": 420,//开始时的大小
			"radiusTo": 0//结束时的大小
			"x": 0,    "y": 0,//X和y的位置
}
{
			"type": "ShapePart",//圆圈
			"colorTo":"272727",//结束时的颜色
			"color": "272727",//开始时的颜色
			"layer":110,//所在图层高度
			"stroke": 12,//开始时的粗细
			"strokeTo": 3,//结束时的粗细
			"circle": true,//是否圆圈？
			"hollow": true,//是否空心
			"radius": 300,//开始时的大小
			"radiusTo": 0//结束时的大小
			"x": 0,    "y": 0,//X和y的位置
},
{
			"type": "ShapePart",//圆圈
			"colorTo":"272727",//结束时的颜色
			"color": "272727",//开始时的颜色
			"layer":110,//所在图层高度
			"stroke": 6,//开始时的粗细
			"strokeTo": 1,//结束时的粗细
			"circle": true,//是否圆圈？
			"hollow": true,//是否空心
			"radius": 360,//开始时的大小
			"radiusTo": 0//结束时的大小
			"x": 0,    "y": 0,//X和y的位置
},
{
			"type": "ShapePart",//圆圈
			"colorTo":"272727",//结束时的颜色
			"color": "272727",//开始时的颜色
			"layer":110,//所在图层高度
			"stroke": 3,//开始时的粗细
			"strokeTo": 1,//结束时的粗细
			"circle": true,//是否圆圈？
			"hollow": true,//是否空心
			"radius": 420,//开始时的大小
			"radiusTo": 0//结束时的大小
			"x": 0,    "y": 0,//X和y的位置
},
    ]
	"itemCapacity": 600,
	"abilities": [
        {
        "type": "RepairFieldAbility"
        "amount":-2147483617
        "reload": 120
        "range": 1
    }
    {
        "type": "RepairFieldAbility"
        "amount":-2147483617
        "reload": 121
        "range": 1
    }
    {
        "type": "RepairFieldAbility"
        "amount":-2147483617
        "reload": 122
        "range": 1
    }
    {
        "type": "RepairFieldAbility"
        "amount":-2147483617
        "reload": 123
        "range": 1
    }
    {
        "type": "RepairFieldAbility"
        "amount":-2147483617
        "reload": 124
        "range": 1
    }
    {
        "type": "RepairFieldAbility"
        "amount":-2147483617
        "reload": 125
        "range": 1
    }
    {
        "type": "RepairFieldAbility"
        "amount":-2147483617
        "reload": 126
        "range": 1
    }
    {
        "type": "RepairFieldAbility"
        "amount":-2147483617
        "reload": 127
        "range": 1
    }
    {
        "type": "RepairFieldAbility"
        "amount":-2147483617
        "reload": 128
        "range": 1
    }
    {
        "type": "RepairFieldAbility"
        "amount":-2147483617
        "reload": 129
        "range": 1
    }
    {
        "type": "RepairFieldAbility"
        "amount":-2147483617
        "reload": 130
        "range": 1
    }
    {
        "type": "RepairFieldAbility"
        "amount":2147483616
        "reload": 1
        "range": 1
    }
    {//死亡时产生单位
			"type": "SpawnDeathAbility",
			"unit": "天昭 (1)",
			"amount": 1,//固定数量
			"randAmount": 0//随机数量
	},
    ]
}
