{
	"type": "flying",
	"name": "天昭-奇点二式",
	"description": "拥有强大的护盾防御，以及超快的自我修复，拥有至点轨道炮以及至点炸弹以及部分全新武器，近战有强大的火力网
	
	[red]上面准备有轻量火葬炮
	
	
	[purple]目前版本最终boss",
			"immunities": [
		"潮湿"
		"冰冻"
		"自毁"
		"腐蚀"
		"融化"
		"燃烧"
		"脆裂"
		"破甲"
	],
	"buildSpeed":5
	"speed": 0.5,	
	"drag":0.05,"accel":0.1,
	"rotateSpeed":0.25
	"lowAltitude":true
	"ammoType":{
	"type":"PowerAmmoType",
	"totalPower":100},
	"ammoCapacity": 300,
	    "health": 448540,
	"hitSize":132, 
	"flying": true,
	"faceTarget": true,
	"circleTarget": true,
	"armor":28,
	"engineOffset": 60
	"engineSize": 18,
"parts": [
{
			"type": "ShapePart",//圆圈
			"colorTo":"BF92F9",//结束时的颜色
			"color": "BF92F9",//开始时的颜色
			"layer":110,//所在图层高度
			"stroke": 7,//开始时的粗细
			"strokeTo": 7,//结束时的粗细
			"circle": true,//是否圆圈？
			"hollow": false,//是否空心
			"radius": 12,//开始时的大小
			"radiusTo": 12//结束时的大小
			"x": 0,    "y": 50,//X和y的位置
},
{
			"type": "ShapePart",//圆圈
			"colorTo":"BF92F9",//结束时的颜色
			"color": "BF92F9",//开始时的颜色
			"layer":110,//所在图层高度
			"stroke": 0,//开始时的粗细
			"strokeTo": 7,//结束时的粗细
			"circle": true,//是否圆圈？
			"hollow": true,//是否空心
			"radius": 25,//开始时的大小
			"radiusTo": 25//结束时的大小
			"x": 0,    "y": 50,//X和y的位置
},
{
			"type": "ShapePart",//圆圈
			"colorTo":"BF92F9",//结束时的颜色
			"color": "BF92F9",//开始时的颜色
			"layer":110,//所在图层高度
			"stroke": 0,//开始时的粗细
			"strokeTo": 3,//结束时的粗细
			"circle": true,//是否圆圈？
			"hollow": true,//是否空心
			"radius": 36,//开始时的大小
			"radiusTo": 36//结束时的大小
			"x": 0,    "y": 0,//X和y的位置
},
{
			"type": "ShapePart",//圆圈
			"colorTo":"BF92F9",//结束时的颜色
			"color": "BF92F9",//开始时的颜色
			"layer":110,//所在图层高度
			"stroke": 3,//开始时的粗细
			"strokeTo": 3,//结束时的粗细
			"circle": true,//是否圆圈？
			"hollow": false,//是否空心
			"radius": 0,//开始时的大小
			"radiusTo": 15//结束时的大小
			"x": 0,    "y": 0,//X和y的位置
},
{
			"type": "ShapePart",//圆圈
			"colorTo":"BF92F9",//结束时的颜色
			"color": "BF92F9",//开始时的颜色
			"layer":110,//所在图层高度
			"stroke": 7,//开始时的粗细
			"strokeTo": 7,//结束时的粗细
			"circle": true,//是否圆圈？
			"hollow": false,//是否空心
			"radius": 0,//开始时的大小
			"radiusTo": 7//结束时的大小
			"x": 50,    "y": 60,//X和y的位置
},
{
			"type": "ShapePart",//圆圈
			"colorTo":"BF92F9",//结束时的颜色
			"color": "BF92F9",//开始时的颜色
			"layer":110,//所在图层高度
			"stroke": 0,//开始时的粗细
			"strokeTo": 7,//结束时的粗细
			"circle": true,//是否圆圈？
			"hollow": false,//是否空心
			"radius": 0,//开始时的大小
			"radiusTo": 7//结束时的大小
			"x": -50,    "y": 60,//X和y的位置
},
{
			"type": "ShapePart",//圆圈
			"colorTo":"BF92F9",//结束时的颜色
			"color": "BF92F9",//开始时的颜色
			"layer":110,//所在图层高度
			"stroke": 0,//开始时的粗细
			"strokeTo": 7,//结束时的粗细
			"circle": true,//是否圆圈？
			"hollow": false,//是否空心
			"radius": 0,//开始时的大小
			"radiusTo": 5//结束时的大小
			"x": 120,    "y": 0,//X和y的位置
},
{
			"type": "ShapePart",//圆圈
			"colorTo":"BF92F9",//结束时的颜色
			"color": "BF92F9",//开始时的颜色
			"layer":110,//所在图层高度
			"stroke": 0,//开始时的粗细
			"strokeTo": 7,//结束时的粗细
			"circle": true,//是否圆圈？
			"hollow": false,//是否空心
			"radius": 0,//开始时的大小
			"radiusTo": 5//结束时的大小
			"x": -120,    "y": 0,//X和y的位置
},
{
			"type": "ShapePart",//圆圈
			"colorTo":"BF92F9",//结束时的颜色
			"color": "BF92F9",//开始时的颜色
			"layer":110,//所在图层高度
			"stroke": 0,//开始时的粗细
			"strokeTo": 7,//结束时的粗细
			"circle": true,//是否圆圈？
			"hollow": false,//是否空心
			"radius": 0,//开始时的大小
			"radiusTo": 5//结束时的大小
			"x": 0,    "y": 120,//X和y的位置
},
{
			"type": "ShapePart",//圆圈
			"colorTo":"BF92F9",//结束时的颜色
			"color": "BF92F9",//开始时的颜色
			"layer":110,//所在图层高度
			"stroke": 0,//开始时的粗细
			"strokeTo": 7,//结束时的粗细
			"circle": true,//是否圆圈？
			"hollow": false,//是否空心
			"radius": 0,//开始时的大小
			"radiusTo": 5//结束时的大小
			"x": 0,    "y": -120,//X和y的位置
},
{
			"type": "ShapePart",//圆圈
			"colorTo":"BF92F9",//结束时的颜色
			"color": "BF92F9",//开始时的颜色
			"layer":110,//所在图层高度
			"stroke": 0,//开始时的粗细
			"strokeTo": 7,//结束时的粗细
			"circle": true,//是否圆圈？
			"hollow": true,//是否空心
			"radius": 120,//开始时的大小
			"radiusTo": 120//结束时的大小
			"x": 0,    "y": 0,//X和y的位置
},
    ]
		"engines": [
		{	"x": 0,"y":-60,"radius": 18, "rotation": 180},
		{	"x": 0,"y":-30,"radius": 26, "rotation": 180},
        {	"x": -75,"y":-27,"radius": 18, "rotation": 45},
        {	"x": 75,"y": -27,"radius": 18, "rotation": 315}
        {	"x": -95,"y":-55,"radius": 18, "rotation": 45},
        {	"x": 95,"y": -55,"radius": 18, "rotation": 315}
 {	"x": -55,"y":-75,"radius": 9, "rotation": 180},
        {	"x": 55,"y": -75,"radius": 9, "rotation": 180}
    ],
	"itemCapacity": 600,
	"abilities": [
	{//死亡时产生单位
			"type": "SpawnDeathAbility",
			"unit": "开溜传送门2",
			"amount": 1,//固定数量
			"randAmount": 0//随机数量
	},
	{//死亡时产生单位
			"type": "SpawnDeathAbility",
			"unit": "奇点导弹B",
			"amount": 5,//固定数量
			"randAmount": 5//随机数量
	},
		 {
			"type": "ForceFieldAbility",
			"sides": 8,
			"radius": 180,
			"max": 42000,
			"regen": 2,
			"cooldown": 3600
		}
        {
        "type": "RepairFieldAbility"
        "amount":5000
        "reload": 60
        "range": 188
    }
    {
        "type": "ShieldRegenFieldAbility",
        "amount": 100.0,
        "max": 10000.0,
        "reload": 90
        "range": 88.0,
    }
    {
        "type": "EnergyFieldAbility"
        "damage": 32.0
        "reload": 1.0
        "range": 300.0
        "status": "破甲"
        "statusDuration": 360.0
        "targetGround": true
        "targetAir": true
        "hitBuildings": true
        "hitUnits": true
        "healPercent": 0.01
        "maxTargets": 1
        "useAmmo": true
        "color": "BF92F9"
    }
    {
			"type": "StatusFieldAbility",
			"duration": 1,
			"reload": 1,
			"range": 1,
			"applyEffect": "none",
			"effect": "boss"
		}
    ]
		"weapons":[
		{
			"name": "火网",
			"reload": 30,
			"x": 26
			"y": 53
			"rotate": true,
			"rotateSpeed":2.5,
			"top": false,
			"recoil": 4,
			"inaccuracy": 0,
			"alternate": true,
			"mirror":true,
			"shootSound": "laser",
			"shake": 2,
			"bullet": {
	"chargeEffect":{
		"type":"MultiEffect",
		"effects":["lancerLaserCharge","lancerLaserChargeBegin"]
	},
	"colors": ["BF92F9","BF92F9","FFFFFF"],
				"despawnEffect": "flakExplosionBig",
				"width": 15,
				"height": 15,
				"backColor": "BF92F9",
				"frontColor": "BF92F9",
				"splashDamageRadius": 32,
				"splashDamage": 66,
				"lifetime": 150,
				"speed": 1
				 "buildingDamageMultiplier":1
				 "sprite":"无尽奇点-尖刺2",
				"intervalBullets":2,
				"pierce":true
				"pierceBuilding": true,
				"status":"融化",
	"statusDuration":210,
	"makeFire":true,
	"trailWidth":3,
	"trailLength":12,
    "trailColor":"BF92F9",
	"frontColor":"BF92F9",
	"backColor":"BF92F9",
			"intervalBullet": {
			"sprite":"无尽奇点-尖刺2",
			"pierceCap": 3,
			"pierceBuilding": true,
			"backColor": "BF92F9",
				"frontColor": "BF92F9",
				"trailWidth":1.5,
	"trailLength":6,
    "trailColor":"BF92F9",
	"frontColor":"BF92F9",
	"backColor":"BF92F9",
"homingRange": 80,
"homingPower": 0.1,
	    "damage":63,	  
	    "speed":1.5,
	    "lifetime":30,
	    "width":10,	 "height":10
	    "status":"融化",
	"statusDuration":60,
	"makeFire":true,
			}
		}
			}
		{
			"name": "火网",
			"reload": 30,
			"x": 26
			"y": 66
			"rotate": true,
			"rotateSpeed":2.5,
			"top": false,
			"recoil": 4,
			"inaccuracy": 0,
			"alternate": true,
			"mirror":true,
			"shootSound": "laser",
			"shake": 2,
			"bullet": {
	"chargeEffect":{
		"type":"MultiEffect",
		"effects":["lancerLaserCharge","lancerLaserChargeBegin"]
	},
	"colors": ["BF92F9","BF92F9","FFFFFF"],
				"despawnEffect": "flakExplosionBig",
				"width": 15,
				"height": 15,
				"backColor": "BF92F9",
				"frontColor": "BF92F9",
				"splashDamageRadius": 32,
				"splashDamage": 66,
				"lifetime": 150,
				"speed": 1
				 "buildingDamageMultiplier":1
				 "sprite":"无尽奇点-尖刺2",
				"intervalBullets":2,
				"pierce":true
				"pierceBuilding": true,
				"status":"融化",
	"statusDuration":210,
	"makeFire":true,
	"trailWidth":3,
	"trailLength":12,
    "trailColor":"BF92F9",
	"frontColor":"BF92F9",
	"backColor":"BF92F9",
			"intervalBullet": {
			"sprite":"无尽奇点-尖刺2",
			"pierceCap": 3,
			"pierceBuilding": true,
			"backColor": "BF92F9",
				"frontColor": "BF92F9",
				"trailWidth":1.5,
	"trailLength":6,
    "trailColor":"BF92F9",
	"frontColor":"BF92F9",
	"backColor":"BF92F9",
"homingRange": 80,
"homingPower": 0.1,
	    "damage":63,	  
	    "speed":1.5,
	    "lifetime":30,
	    "width":10,	 "height":10
	    "status":"融化",
	"statusDuration":60,
	"makeFire":true,
			}
		}
			}
	{
			"name": "火网",
			"reload": 30,
			"x": 58
			"y": 8
		"rotate": true,
			"rotateSpeed":2.5,
			"top": false,
			"recoil": 4,
			"inaccuracy": 0,
			"alternate": true,
			"mirror":true,
			"shootSound": "laser",
			"shake": 2,
			"bullet": {
	"chargeEffect":{
		"type":"MultiEffect",
		"effects":["lancerLaserCharge","lancerLaserChargeBegin"]
	},
	"colors": ["BF92F9","BF92F9","FFFFFF"],
				"despawnEffect": "flakExplosionBig",
				"width": 15,
				"height": 15,
				"backColor": "BF92F9",
				"frontColor": "BF92F9",
				"splashDamageRadius": 32,
				"splashDamage": 66,
				"lifetime": 150,
				"speed": 1
				 "buildingDamageMultiplier":1
				 "sprite":"无尽奇点-尖刺2",
				"intervalBullets":2,
				"pierce":true
				"pierceBuilding": true,
				"status":"融化",
	"statusDuration":210,
	"makeFire":true,
	"trailWidth":3,
	"trailLength":12,
    "trailColor":"BF92F9",
	"frontColor":"BF92F9",
	"backColor":"BF92F9",
			"intervalBullet": {
			"sprite":"无尽奇点-尖刺2",
			"pierceCap": 3,
			"pierceBuilding": true,
			"backColor": "BF92F9",
				"frontColor": "BF92F9",
				"trailWidth":1.5,
	"trailLength":6,
    "trailColor":"BF92F9",
	"frontColor":"BF92F9",
	"backColor":"BF92F9",
"homingRange": 80,
"homingPower": 0.1,
	    "damage":63,	  
	    "speed":1.5,
	    "lifetime":30,
	    "width":10,	 "height":10
	    "status":"融化",
	"statusDuration":60,
	"makeFire":true,
			}
		}
		}
		{
			"name": "追陷",
			"reload": 18
			"x": 72
			"y": -2
			"rotate": true,
			"rotateSpeed":2.5,
			"top": false,
			"recoil": 4,
			"inaccuracy": 0,
			"alternate": true,
			"mirror":true,
			"shootSound": "sap",
			"shake": 2,
			"bullet": {
	"chargeEffect":{
		"type":"MultiEffect",
		"effects":["lancerLaserCharge","lancerLaserChargeBegin"]
	},
	"colors": ["BF92F9","BF92F9","FFFFFF"],
				"despawnEffect": "flakExplosionBig",
				"width": 8
				"height": 8
				"backColor": "BF92F9",
				"frontColor": "BF92F9",
				"splashDamageRadius": 12,
				"splashDamage": 66,
				"lifetime": 160,
				"speed": 2
				 "buildingDamageMultiplier":1
				 "sprite":"missile-back",
				"intervalBullets":2,
				"pierce":true
				"pierceBuilding": true,
				"status":"融化",
	"statusDuration":210,
	"makeFire":true,
	"trailWidth":3,
	"trailLength":12,
    "trailColor":"BF92F9",
	"frontColor":"BF92F9",
	"backColor":"BF92F9",
		}
			}
			{
			"name": "追陷",
			"reload": 18
			"x": 76
			"y": -2
			"rotate": true,
			"rotateSpeed":2.5,
			"top": false,
			"recoil": 4,
			"inaccuracy": 0,
			"alternate": true,
			"mirror":true,
			"shootSound": "sap",
			"shake": 2,
			"bullet": {
	"chargeEffect":{
		"type":"MultiEffect",
		"effects":["lancerLaserCharge","lancerLaserChargeBegin"]
	},
	"colors": ["BF92F9","BF92F9","FFFFFF"],
				"despawnEffect": "flakExplosionBig",
				"width": 8,
				"height": 8
				"backColor": "BF92F9",
				"frontColor": "BF92F9",
				"splashDamageRadius": 12,
				"splashDamage": 66,
				"lifetime": 160,
				"speed": 2
				 "buildingDamageMultiplier":1
				 "sprite":"missile-back",
				"intervalBullets":2,
				"pierce":true
				"pierceBuilding": true,
				"status":"融化",
	"statusDuration":210,
	"makeFire":true,
	"trailWidth":3,
	"trailLength":12,
    "trailColor":"BF92F9",
	"frontColor":"BF92F9",
	"backColor":"BF92F9",
		}
			}
			{
			"name": "追陷",
			"reload": 18
			"x": 80
			"y": -2
			"rotate": true,
			"rotateSpeed":2.5,
			"top": false,
			"recoil": 4,
			"inaccuracy": 0,
			"alternate": true,
			"mirror":true,
			"shootSound": "sap",
			"shake": 2,
			"bullet": {
	"chargeEffect":{
		"type":"MultiEffect",
		"effects":["lancerLaserCharge","lancerLaserChargeBegin"]
	},
	"colors": ["BF92F9","BF92F9","FFFFFF"],
				"despawnEffect": "flakExplosionBig",
				"width": 8
				"height": 8
				"backColor": "BF92F9",
				"frontColor": "BF92F9",
				"splashDamageRadius": 12,
				"splashDamage": 66,
				"lifetime": 160,
				"speed": 2
				 "buildingDamageMultiplier":1
				 "sprite":"missile-back",
				"intervalBullets":2,
				"pierce":true
				"pierceBuilding": true,
				"status":"融化",
	"statusDuration":210,
	"makeFire":true,
	"trailWidth":3,
	"trailLength":12,
    "trailColor":"BF92F9",
	"frontColor":"BF92F9",
	"backColor":"BF92F9",
		}
			}
		{
			"name": "破空",
			"reload": 300,
			"x": 6
			"y": -3
			"rotate": true,
			"rotateSpeed":2.5,
			"top": false,
			"recoil": 4,
			"inaccuracy": 0,
			"alternate": true,
			"mirror":true,
			"shootSound": "laser",
			"shake": 2,
			"bullet": {
	"chargeEffect":{
		"type":"MultiEffect",
		"effects":["lancerLaserCharge","lancerLaserChargeBegin"]
	},
	"colors": ["BF92F9","BF92F9","FFFFFF"],
				"despawnEffect": "flakExplosionBig",
				"width": 22
				"height": 15,
				"backColor": "BF92F9",
				"frontColor": "BF92F9",
				"splashDamageRadius": 32,
				"splashDamage": 166,
				"lifetime": 16
				"speed": 30
				 "buildingDamageMultiplier":2
				 "sprite":"无尽奇点-尖刺2",
				"status":"破甲",
	"statusDuration":210,
	"makeFire":true,
	"trailWidth":3,
	"trailLength":12,
    "trailColor":"BF92F9",
	"frontColor":"BF92F9",
	"backColor":"BF92F9",
		}}
		{
			"name": "破空",
			"reload": 300,
			"x": 72
			"y": -5
			"rotate": true,
			"rotateSpeed":2.5,
			"top": false,
			"recoil": 4,
			"inaccuracy": 0,
			"alternate": true,
			"mirror":true,
			"shootSound": "bolt",
			"shake": 2,
			"bullet": {
	"chargeEffect":{
		"type":"MultiEffect",
		"effects":["lancerLaserCharge","lancerLaserChargeBegin"]
	},
	"colors": ["BF92F9","BF92F9","FFFFFF"],
				"despawnEffect": "flakExplosionBig",
				"width": 22
				"height": 15,
				"backColor": "BF92F9",
				"frontColor": "BF92F9",
				"splashDamageRadius": 32,
				"splashDamage": 166,
				"lifetime": 16
				"speed": 30
				 "buildingDamageMultiplier":2
				 "sprite":"无尽奇点-尖刺2",
				"status":"破甲",
	"statusDuration":210,
	"makeFire":true,
	"trailWidth":3,
	"trailLength":12,
    "trailColor":"BF92F9",
	"frontColor":"BF92F9",
	"backColor":"BF92F9",
		}
			}
			{
			"name": "破空",
			"reload": 300,
			"x": 92
			"y": 9
			"rotate": true,
			"rotateSpeed":2.5,
			"top": false,
			"recoil": 4,
			"inaccuracy": 0,
			"alternate": true,
			"mirror":true,
			"shootSound": "bolt",
			"shake": 2,
			"bullet": {
	"chargeEffect":{
		"type":"MultiEffect",
		"effects":["lancerLaserCharge","lancerLaserChargeBegin"]
	},
	"colors": ["BF92F9","BF92F9","FFFFFF"],
				"despawnEffect": "flakExplosionBig",
				"width": 22
				"height": 15,
				"backColor": "BF92F9",
				"frontColor": "BF92F9",
				"splashDamageRadius": 32,
				"splashDamage": 166,
				"lifetime": 16
				"speed": 30
				 "buildingDamageMultiplier":2
				 "sprite":"无尽奇点-尖刺2",
				"status":"破甲",
	"statusDuration":210,
	"makeFire":true,
	"trailWidth":3,
	"trailLength":12,
    "trailColor":"BF92F9",
	"frontColor":"BF92F9",
	"backColor":"BF92F9",
		}}
		{
			"name": "虚握",
			"reload": 300,
			"x": 68
			"y": 36
		"rotate": true,
			"rotateSpeed":2.5,
			"top": false,
			"recoil": 4,
			"inaccuracy": 0,
			"alternate": true,
			"mirror":true,
			"shootSound": "laser",
			"shake": 2,
			"bullet": {
	"chargeEffect":{
		"type":"MultiEffect",
		"effects":["lancerLaserCharge","lancerLaserChargeBegin"]
	},
	"colors": ["BF92F9","BF92F9","272727"],
				"despawnEffect": "flakExplosionBig",
				"width": 15,
				"height": 15,
				"backColor": "272727",
				"frontColor": "BF92F9",
				"splashDamageRadius": 32,
				"splashDamage": 166,
				"lifetime": 150,
				"speed": 1
				 "buildingDamageMultiplier":1
				"intervalBullets":2,
				"pierce":true
				"pierceBuilding": true,
				"status":"融化",
	"statusDuration":210,
	"makeFire":true,
	"trailWidth":3,
	"trailLength":12,
    "trailColor":"272727",
	"frontColor":"BF92F9",
	"backColor":"BF92F9",
	"fragBullets": 1
			"fragBullet": {
				"despawnEffect": "flakExplosionBig",
				"width": 15,
				"height": 15,
				"backColor": "272727",
				"frontColor": "BF92F9",
				"splashDamageRadius": 32,
				"splashDamage": 66,
				"lifetime": 150,
				"speed": 1
				 "buildingDamageMultiplier":1
				"intervalBullets":2,
				"pierce":true
				"pierceBuilding": true,
				"status":"融化",
	"statusDuration":210,
	"makeFire":true,
	"trailWidth":3,
	"trailLength":12,
    "trailColor":"272727",
	"frontColor":"BF92F9",
	"backColor":"BF92F9",
	"fragBullets": 16
			"fragBullet": {
			"sprite":"无尽奇点-尖刺2",
			"pierceCap": 3,
			"pierceBuilding": true,
			"backColor": "BF92F9",
				"frontColor": "BF92F9",
				"trailWidth":1.5,
	"trailLength":6,
    "trailColor":"272727",
	"frontColor":"BF92F9",
	"backColor":"272727",
"homingRange": 80,
"homingPower": 0.1,
	    "damage":63,	  
	    "speed":1.5,
	    "lifetime":30,
	    "width":10,	 "height":10
	    "status":"融化",
	"statusDuration":60,
	"makeFire":true,
			}
	"intervalBullet": {
			"sprite":"无尽奇点-尖刺2",
			"pierceCap": 3,
			"pierceBuilding": true,
			"backColor": "BF92F9",
				"frontColor": "BF92F9",
				"trailWidth":1.5,
	"trailLength":6,
    "trailColor":"272727",
	"frontColor":"BF92F9",
	"backColor":"272727",
"homingRange": 80,
"homingPower": 0.1,
	    "damage":63,	  
	    "speed":1.5,
	    "lifetime":30,
	    "width":10,	 "height":10
	    "status":"融化",
	"statusDuration":60,
	"makeFire":true,
			}
			}
			"intervalBullet": {
			"sprite":"无尽奇点-尖刺2",
			"pierceCap": 3,
			"pierceBuilding": true,
			"backColor": "BF92F9",
				"frontColor": "BF92F9",
				"trailWidth":1.5,
	"trailLength":6,
    "trailColor":"272727",
	"frontColor":"BF92F9",
	"backColor":"272727",
"homingRange": 80,
"homingPower": 0.1,
	    "damage":63,	  
	    "speed":1.5,
	    "lifetime":30,
	    "width":10,	 "height":10
	    "status":"融化",
	"statusDuration":60,
	"makeFire":true,
			}
		}
		}
		{
			"name": "虚握",
			"reload": 300,
			"x": 62
			"y": 58
		"rotate": true,
			"rotateSpeed":2.5,
			"top": false,
			"recoil": 4,
			"inaccuracy": 0,
			"alternate": true,
			"mirror":true,
			"shootSound": "laser",
			"shake": 2,
			"bullet": {
	"chargeEffect":{
		"type":"MultiEffect",
		"effects":["lancerLaserCharge","lancerLaserChargeBegin"]
	},
	"colors": ["BF92F9","BF92F9","272727"],
				"despawnEffect": "flakExplosionBig",
				"width": 15,
				"height": 15,
				"backColor": "272727",
				"frontColor": "BF92F9",
				"splashDamageRadius": 32,
				"splashDamage": 166,
				"lifetime": 150,
				"speed": 1
				 "buildingDamageMultiplier":1
				"intervalBullets":2,
				"pierce":true
				"pierceBuilding": true,
				"status":"融化",
	"statusDuration":210,
	"makeFire":true,
	"trailWidth":3,
	"trailLength":12,
    "trailColor":"272727",
	"frontColor":"BF92F9",
	"backColor":"BF92F9",
	"fragBullets": 1
			"fragBullet": {
				"despawnEffect": "flakExplosionBig",
				"width": 15,
				"height": 15,
				"backColor": "272727",
				"frontColor": "BF92F9",
				"splashDamageRadius": 32,
				"splashDamage": 66,
				"lifetime": 150,
				"speed": 1
				 "buildingDamageMultiplier":1
				"intervalBullets":2,
				"pierce":true
				"pierceBuilding": true,
				"status":"融化",
	"statusDuration":210,
	"makeFire":true,
	"trailWidth":3,
	"trailLength":12,
    "trailColor":"272727",
	"frontColor":"BF92F9",
	"backColor":"BF92F9",
	"fragBullets": 16
			"fragBullet": {
			"sprite":"无尽奇点-尖刺2",
			"pierceCap": 3,
			"pierceBuilding": true,
			"backColor": "BF92F9",
				"frontColor": "BF92F9",
				"trailWidth":1.5,
	"trailLength":6,
    "trailColor":"272727",
	"frontColor":"BF92F9",
	"backColor":"272727",
"homingRange": 80,
"homingPower": 0.1,
	    "damage":63,	  
	    "speed":1.5,
	    "lifetime":30,
	    "width":10,	 "height":10
	    "status":"融化",
	"statusDuration":60,
	"makeFire":true,
			}
	"intervalBullet": {
			"sprite":"无尽奇点-尖刺2",
			"pierceCap": 3,
			"pierceBuilding": true,
			"backColor": "BF92F9",
				"frontColor": "BF92F9",
				"trailWidth":1.5,
	"trailLength":6,
    "trailColor":"272727",
	"frontColor":"BF92F9",
	"backColor":"272727",
"homingRange": 80,
"homingPower": 0.1,
	    "damage":63,	  
	    "speed":1.5,
	    "lifetime":30,
	    "width":10,	 "height":10
	    "status":"融化",
	"statusDuration":60,
	"makeFire":true,
			}
			}
			"intervalBullet": {
			"sprite":"无尽奇点-尖刺2",
			"pierceCap": 3,
			"pierceBuilding": true,
			"backColor": "BF92F9",
				"frontColor": "BF92F9",
				"trailWidth":1.5,
	"trailLength":6,
    "trailColor":"272727",
	"frontColor":"BF92F9",
	"backColor":"272727",
"homingRange": 80,
"homingPower": 0.1,
	    "damage":63,	  
	    "speed":1.5,
	    "lifetime":30,
	    "width":10,	 "height":10
	    "status":"融化",
	"statusDuration":60,
	"makeFire":true,
			}
		}
		}
		{
			"name": "虚握",
			"reload": 300,
			"x": 18
			"y": 38
		"rotate": true,
			"rotateSpeed":2.5,
			"top": false,
			"recoil": 4,
			"inaccuracy": 0,
			"alternate": true,
			"mirror":true,
			"shootSound": "laser",
			"shake": 2,
			"bullet": {
	"chargeEffect":{
		"type":"MultiEffect",
		"effects":["lancerLaserCharge","lancerLaserChargeBegin"]
	},
	"colors": ["BF92F9","BF92F9","272727"],
				"despawnEffect": "flakExplosionBig",
				"width": 15,
				"height": 15,
				"backColor": "272727",
				"frontColor": "BF92F9",
				"splashDamageRadius": 32,
				"splashDamage": 166,
				"lifetime": 150,
				"speed": 1
				 "buildingDamageMultiplier":1
				"intervalBullets":2,
				"pierce":true
				"pierceBuilding": true,
				"status":"融化",
	"statusDuration":210,
	"makeFire":true,
	"trailWidth":3,
	"trailLength":12,
    "trailColor":"272727",
	"frontColor":"BF92F9",
	"backColor":"BF92F9",
	"fragBullets": 1
			"fragBullet": {
				"despawnEffect": "flakExplosionBig",
				"width": 15,
				"height": 15,
				"backColor": "272727",
				"frontColor": "BF92F9",
				"splashDamageRadius": 32,
				"splashDamage": 66,
				"lifetime": 150,
				"speed": 1
				 "buildingDamageMultiplier":1
				"intervalBullets":2,
				"pierce":true
				"pierceBuilding": true,
				"status":"融化",
	"statusDuration":210,
	"makeFire":true,
	"trailWidth":3,
	"trailLength":12,
    "trailColor":"272727",
	"frontColor":"BF92F9",
	"backColor":"BF92F9",
	"fragBullets": 16
			"fragBullet": {
			"sprite":"无尽奇点-尖刺2",
			"pierceCap": 3,
			"pierceBuilding": true,
			"backColor": "BF92F9",
				"frontColor": "BF92F9",
				"trailWidth":1.5,
	"trailLength":6,
    "trailColor":"272727",
	"frontColor":"BF92F9",
	"backColor":"272727",
"homingRange": 80,
"homingPower": 0.1,
	    "damage":63,	  
	    "speed":1.5,
	    "lifetime":30,
	    "width":10,	 "height":10
	    "status":"融化",
	"statusDuration":60,
	"makeFire":true,
			}
	"intervalBullet": {
			"sprite":"无尽奇点-尖刺2",
			"pierceCap": 3,
			"pierceBuilding": true,
			"backColor": "BF92F9",
				"frontColor": "BF92F9",
				"trailWidth":1.5,
	"trailLength":6,
    "trailColor":"272727",
	"frontColor":"BF92F9",
	"backColor":"272727",
"homingRange": 80,
"homingPower": 0.1,
	    "damage":63,	  
	    "speed":1.5,
	    "lifetime":30,
	    "width":10,	 "height":10
	    "status":"融化",
	"statusDuration":60,
	"makeFire":true,
			}
			}
			"intervalBullet": {
			"sprite":"无尽奇点-尖刺2",
			"pierceCap": 3,
			"pierceBuilding": true,
			"backColor": "BF92F9",
				"frontColor": "BF92F9",
				"trailWidth":1.5,
	"trailLength":6,
    "trailColor":"272727",
	"frontColor":"BF92F9",
	"backColor":"272727",
"homingRange": 80,
"homingPower": 0.1,
	    "damage":63,	  
	    "speed":1.5,
	    "lifetime":30,
	    "width":10,	 "height":10
	    "status":"融化",
	"statusDuration":60,
	"makeFire":true,
			}
		}
		}
		{
			"name": "碎日",
			"reload": 500,
			"x": 72
			"y": 9
			"rotate": true,
			"rotateSpeed":2.5,
			"top": false,
			"recoil": 4,
			"inaccuracy": 0,
			"alternate": true,
			"mirror":true,
			"shootSound": "blaster",
			"shake": 2,
			"bullet": {
    "speed": 1
	    "lifetime":400
		"width": 24,"height": 24
		"damage":33
		"shootEffect": "shootSmall",
		"splashDamageRadius":32
		"splashDamage": 152,
        "backColor": "BF92F9",
				"frontColor": "BF92F9",
        "fragLifeMin":0.1,
            "lightningDamage":93,
            "lightningColor": "BF92F9",
    "lightning":12
    "lightningLength":44
    "fragBullets": 12
			"fragBullet": {
			"speed": 3,  
	    "lifetime":10,
		"width": 12,"height": 12
		"damage":6
		"shootEffect": "shootSmall",
		"splashDamageRadius":20,
		"splashDamage":22,
        "ammoMultiplier":4,
        "backColor": "BF92F9",
				"frontColor": "BF92F9",
        "fragLifeMin":0.1,
            "lightningDamage":63,
            "lightningColor": "BF92F9",
    "lightning":8
    "lightningLength":25
    "intervalBullets": 6
    "fragBullets": 3
			"fragBullet": {
			"speed": 0
	    "lifetime":30
		"width": 1,"height": 1
		"damage":6
		"shootEffect": "shootSmall",
		"splashDamageRadius":20,
		"splashDamage":22,
        "ammoMultiplier":4,
        "backColor": "BF92F9",
				"frontColor": "BF92F9",
        "fragLifeMin":0.1,
            "lightningDamage":63,
            "lightningColor": "BF92F9",
    "lightning":8
    "lightningLength":15
    "fragBullets": 1
			"fragBullet": {
			"speed": 0
	    "lifetime":30
		"width": 1,"height": 1
		"damage":6
		"shootEffect": "shootSmall",
		"splashDamageRadius":20,
		"splashDamage":22,
        "ammoMultiplier":4,
        "backColor": "BF92F9",
				"frontColor": "BF92F9",
        "fragLifeMin":0.1,
            "lightningDamage":33,
            "lightningColor": "BF92F9",
    "lightning":8
    "lightningLength":15
    "fragBullets": 1
			"fragBullet": {
			"speed": 0
	    "lifetime":30
		"width": 1,"height": 1
		"damage":6
		"shootEffect": "shootSmall",
		"splashDamageRadius":20,
		"splashDamage":22,
        "ammoMultiplier":4,
        "backColor": "BF92F9",
				"frontColor": "BF92F9",
        "fragLifeMin":0.1,
            "lightningDamage":33,
            "lightningColor": "BF92F9",
    "lightning":8
    "lightningLength":15
    "fragBullets": 1
			"fragBullet": {
			"speed": 0
	    "lifetime":30
		"width": 1,"height": 1
		"damage":6
		"shootEffect": "shootSmall",
		"splashDamageRadius":20,
		"splashDamage":22,
        "ammoMultiplier":4,
        "backColor": "BF92F9",
				"frontColor": "BF92F9",
        "fragLifeMin":0.1,
            "lightningDamage":33,
            "lightningColor": "BF92F9",
    "lightning":8
    "lightningLength":12
    "fragBullets": 1
			"fragBullet": {
			"speed": 0
	    "lifetime":30
		"width": 1,"height": 1
		"damage":6
		"shootEffect": "shootSmall",
		"splashDamageRadius":20,
		"splashDamage":22,
        "ammoMultiplier":4,
        "backColor": "BF92F9",
				"frontColor": "BF92F9",
        "fragLifeMin":0.1,
            "lightningDamage":33,
            "lightningColor": "BF92F9",
    "lightning":8
    "lightningLength":12
    "fragBullets": 1
			"fragBullet": {
			"speed": 0
	    "lifetime":30
		"width": 1,"height": 1
		"damage":6
		"shootEffect": "shootSmall",
		"splashDamageRadius":20,
		"splashDamage":22,
        "ammoMultiplier":4,
        "backColor": "BF92F9",
				"frontColor": "BF92F9",
        "fragLifeMin":0.1,
            "lightningDamage":33,
            "lightningColor": "BF92F9",
    "lightning":8
    "lightningLength":12
        "fragBullets": 1
			"fragBullet": {
			"speed": 0
	    "lifetime":30
		"width": 1,"height": 1
		"damage":6
		"shootEffect": "shootSmall",
		"splashDamageRadius":20,
		"splashDamage":22,
        "ammoMultiplier":4,
        "backColor": "BF92F9",
				"frontColor": "BF92F9",
        "fragLifeMin":0.1,
            "lightningDamage":33,
            "lightningColor": "BF92F9",
    "lightning":8
    "lightningLength":8
        "fragBullets": 1
			"fragBullet": {
			"speed": 0
	    "lifetime":30
		"width": 1,"height": 1
		"damage":6
		"shootEffect": "shootSmall",
		"splashDamageRadius":20,
		"splashDamage":22,
        "ammoMultiplier":4,
        "backColor": "BF92F9",
				"frontColor": "BF92F9",
        "fragLifeMin":0.1,
            "lightningDamage":33,
            "lightningColor": "BF92F9",
    "lightning":8
    "lightningLength":7
        "fragBullets": 1
			"fragBullet": {
			"speed": 0
	    "lifetime":30
		"width": 1,"height": 1
		"damage":6
		"shootEffect": "shootSmall",
		"splashDamageRadius":20,
		"splashDamage":22,
        "ammoMultiplier":4,
        "backColor": "BF92F9",
				"frontColor": "BF92F9",
        "fragLifeMin":0.1,
            "lightningDamage":33,
            "lightningColor": "BF92F9",
    "lightning":8
    "lightningLength":5
        "fragBullets": 1
			"fragBullet": {
			"speed": 0
	    "lifetime":30
		"width": 1,"height": 1
		"damage":6
		"shootEffect": "shootSmall",
		"splashDamageRadius":20,
		"splashDamage":22,
        "ammoMultiplier":4,
        "backColor": "BF92F9",
				"frontColor": "BF92F9",
        "fragLifeMin":0.1,
            "lightningDamage":33,
            "lightningColor": "BF92F9",
    "lightning":8
    "lightningLength":5
        "fragBullets": 1
			"fragBullet": {
			"speed": 0
	    "lifetime":30
		"width": 1,"height": 1
		"damage":6
		"shootEffect": "shootSmall",
		"splashDamageRadius":20,
		"splashDamage":22,
        "ammoMultiplier":4,
        "backColor": "BF92F9",
				"frontColor": "BF92F9",
        "fragLifeMin":0.1,
            "lightningDamage":33,
            "lightningColor": "BF92F9",
    "lightning":8
    "lightningLength":5}}}}}}}}}}}
    "intervalBullets": 6
    "intervalBullet": {
       "speed": 0
	    "lifetime":0,
		"width": 20,"height": 20
		"shootEffect": "shootSmall",
		"splashDamageRadius":20,
		"splashDamage": 12,
        "ammoMultiplier":4,
        "backColor": "BF92F9",
				"frontColor": "BF92F9",
        "fragLifeMin":0.1,
            "lightningDamage":29
            "lightningColor": "BF92F9",
    "lightning":1
    "lightningLength":16
       }
       },
       "intervalBullet": {
       "speed": 3,  
	    "lifetime":10,
		"width": 8,"height": 8,
		"damage":6
		"shootEffect": "shootSmall",
		"splashDamageRadius":20,
		"splashDamage":22,
        "ammoMultiplier":4,
        "backColor": "BF92F9",
				"frontColor": "BF92F9",
        "fragLifeMin":0.1,
            "lightningDamage":63,
            "lightningColor": "BF92F9",
    "lightning":8
    "lightningLength":5
    "intervalBullet": {
       "speed": 0
	    "lifetime":0,
		"width": 20,"height": 20
		"shootEffect": "shootSmall",
		"splashDamageRadius":20,
		"splashDamage": 12,
        "ammoMultiplier":4,
        "backColor": "BF92F9",
				"frontColor": "BF92F9",
        "fragLifeMin":0.1,
            "lightningDamage":29
            "lightningColor": "BF92F9",
    "lightning":1
    "lightningLength":16
       }
       }
       "intervalBullet": {
       "speed": 0
	    "lifetime":0,
		"width": 20,"height": 20
		"shootEffect": "shootSmall",
		"splashDamageRadius":20,
		"splashDamage": 12,
        "ammoMultiplier":4,
        "backColor": "BF92F9",
				"frontColor": "BF92F9",
        "fragLifeMin":0.1,
            "lightningDamage":29
            "lightningColor": "BF92F9",
    "lightning":1
    "lightningLength":16
       }
       }}
       {
			"name": "天崩",
			"reload": 30
			"x": 32
			"y": 8
		"rotate": true,
			"rotateSpeed":2.5,
			"top": false,
			"recoil": 4,
			"inaccuracy": 0,
			"alternate": true,
			"mirror":true,
			"shootSound": "laser",
			"shake": 2,
			"bullet": {
	"chargeEffect":{
		"type":"MultiEffect",
		"effects":["lancerLaserCharge","lancerLaserChargeBegin"]
	},
	"colors": ["BF92F9","BF92F9","FFFFFF"],
				"despawnEffect": "flakExplosionBig",
				"width": 16
				"height": 16
				"backColor": "BF92F9",
				"frontColor": "BF92F9",
				"splashDamageRadius": 62,
				"splashDamage": 166,
				"lifetime": 50,
				"speed": 6
				 "buildingDamageMultiplier":1
				"intervalBullets":3
				"pierce":true
				"pierceBuilding": true
				"status":"融化",
	"statusDuration":210,
	"makeFire":true
    "trailColor":"BF92F9",
	"frontColor":"BF92F9",
	"backColor":"BF92F9",
	"trailLength":36
	"trailWidth":6
	"fragBullets":12
        "fragBullet":{
        "sprite":"无尽奇点-尖刺2",
			"pierceCap": 7
			"pierceBuilding": true,
			"backColor": "BF92F9",
				"frontColor": "BF92F9",
				"trailWidth":1.5,
	"trailLength":6,
    "trailColor":"BF92F9",
	"frontColor":"BF92F9",
	"backColor":"BF92F9",
"homingRange": 80,
"homingPower": 0.1,
	    "damage":63,	  
	    "speed":1.5,
	    "lifetime":30,
	    "width":10,	 "height":10
	    "status":"融化",
	"statusDuration":60,
	"makeFire":true,
			}
			"intervalBullet": {
			"sprite":"无尽奇点-尖刺2",
			"pierceCap": 3,
			"pierceBuilding": true,
			"backColor": "BF92F9",
				"frontColor": "BF92F9",
				"trailWidth":1.5,
	"trailLength":6,
    "trailColor":"BF92F9",
	"frontColor":"BF92F9",
	"backColor":"BF92F9",
"homingRange": 80,
"homingPower": 0.1,
	    "damage":63,	  
	    "speed":1.5,
	    "lifetime":30,
	    "width":10,	 "height":10
	    "status":"融化",
	"statusDuration":60,
	"makeFire":true,
			}
		}
		}
		{"name": "无",	
			"shoot":{
		"shots":3
	    "shotDelay":0,
		"type":"ShootAlternate",
		"barrels":4,
		"spread":18
	},
	"ammoUseEffect": "casing2Double",
	"shootSound":"respawn",
	"reload":800,
        "x": 0,  "y": 0, 
        "rotate": false,
		"shootY":3,
        "rotateSpeed":24,
        "inaccuracy": 22
	"bullet":{
	         "type": "BasicBulletType",
             "spawnUnit": "奇点导弹B",
             "speed": 0,
             "shootEffect": {
	             "type": "MultiEffect",
  	             "effects": [
       		         {
	                 "type": "RadialEffect",
	                 "effect": "shootSmokeMissile",
	               	}
	               	]
	               	}
	               	}}
	               	{"name":"空洞",
	"x":0,"y":2
	"mirror":"false",
	"reload":2400,
	"rotate": true
	"rotateSpeed":1
	"heatColor": "BF92F9"
	"shootSound": "cannon",
	"chargeSound": "laserbeam",
	"shootStatusDuration": 600,//发射时给自己的状态时间
	"shootStatus": "静止",//发射时给自己的状态
	"shoot": {
				"type": "ShootPattern",
				"firstShotDelay": 600
			}
	"bullet":{
	"type" : "BasicBulletType",
	"damage": 862,//伤害
	"splashDamageRadius":125,
	"splashDamage":969,
	"makeFire":true,
	"barrels": 2,
	"sprite":"无尽奇点-尖刺2",
	"width": 48
	"height": 48
    "trailLength":220
	"trailWidth":16
	            "homingRange": 20,
	            	"weaveMag":4,
	"weaveScale":4,
    "homingPower": 0.03,
    "trailColor":"BF92F9",
	"frontColor":"BF92F9",
	"backColor":"BF92F9",
	"status":"破甲",
	"statusDuration":9999,
	"speed": 2
	"lifetime": 600,
		"fragBullets":22,
        "fragBullet":{
        "sprite":"无尽奇点-尖刺",
        "pierce": true,
	"type" : "BasicBulletType",
	"damage": 168,//伤害
	"splashDamageRadius":28,
	"splashDamage":99,
		"weaveMag":4,
	"weaveScale":4,
	"makeFire":true,
    "trailLength":125
	"trailWidth":12
	            "homingRange": 20,
    "homingPower": 0.01,
    "trailColor":"BF92F9",
	"frontColor":"BF92F9",
	"backColor":"BF92F9",
	"width": 16,
	"height": 16
	"status":"破甲",
	"statusDuration":360,
	"speed": 0.4166666,
	"lifetime": 150,
	"hitEffect": {
"type": "MultiEffect",
	"effects": [
	{"type": "ParticleEffect",
    "particles": 8
    "sizeFrom": 12
    "sizeTo": 0,
    "length": 17.5
    "baseLength": 5
    "lifetime": 25,
    "colorFrom": "BF92F980",
    "colorTo": "BF92F980",
    "cone": 360},
    {"type": "WaveEffect",
    "lifetime": 15,
    "sizeFrom": 1,
    "sizeTo": 32
    "strokeFrom": 4
    "strokeTo": 0,
    "colorFrom": "BF92F9",
    "colorTo": "BF92F900"}]
	},
	"despawnEffect":"none",
	"shootEffect": {     
        "type": "WaveEffect",
        "lifetime": 16,
        "sizeFrom": 1,
        "sizeTo": 32
        "strokeFrom": 4
        "strokeTo": 0,
        "colorFrom": "FFFFFF",
        "colorTo": "BF92F9"
	   }
					"intervalBullets":5,
			"intervalBullet": {
	"type" : "BasicBulletType",
	"damage": 12,//伤害
	"splashDamageRadius":16
	"splashDamage":6
	"makeFire":true,
	"barrels": 2,
    "trailLength":4,
	"trailWidth":1.5,
	            "homingRange": 20,
    "homingPower": 0.01,
    "trailColor":"BF92F9",
	"frontColor":"FFD700",
	"backColor":"BF92F9",
	"width": 2,
	"height": 8,
	"status":"burning",
	"statusDuration":120
	"speed": 0.3,
	"lifetime": 60,
	"ammoMultiplier":3,
	"hitEffect": {
"type": "MultiEffect",
	"effects": [
	{"type": "ParticleEffect",
    "particles": 8
    "sizeFrom": 3
    "sizeTo": 0,
    "length": 17.5
    "baseLength": 5
    "lifetime": 25,
    "colorFrom": "BF92F980",
    "colorTo": "BF92F980",
    "cone": 360},
    {"type": "WaveEffect",
    "lifetime": 15,
    "sizeFrom": 1,
    "sizeTo": 15
    "strokeFrom": 2
    "strokeTo": 0,
    "colorFrom": "BF92F9",
    "colorTo": "BF92F900"}]
	},
	"despawnEffect":"none",
	"shootEffect": {     
        "type": "WaveEffect",
        "lifetime": 16,
        "sizeFrom": 1,
        "sizeTo": 16
        "strokeFrom": 1
        "strokeTo": 0,
        "colorFrom": "FFFFFF",
        "colorTo": "BF92F9"
	   }
			}
	},
	"hitEffect": {
"type": "MultiEffect",
	"effects": [
	{"type": "ParticleEffect",
    "particles": 11
    "sizeFrom": 6
    "sizeTo": 0,
    "length": 17.5
    "baseLength": 5
    "lifetime": 300,
    "colorFrom": "BF92F980",
    "colorTo": "BF92F980",
    "cone": 360},
	{"type": "ParticleEffect",
    "particles": 11
    "sizeFrom": 0
    "sizeTo": 62.5
    "length": 17.5
    "baseLength": 5,
    "lifetime": 60,
    "colorFrom": "BF92F980",
    "colorTo": "BF92F980",
    "cone": 360},
    {"type": "WaveEffect",
    "lifetime": 30
    "sizeFrom": 0,
    "sizeTo": 55
    "strokeFrom": 0
    "strokeTo": 55
    "colorFrom": "BF92F9",
    "colorTo": "BF92F900"}
    {"type": "WaveEffect",
    "lifetime": 300
    "sizeFrom": 55
    "sizeTo": 55
    "strokeFrom": 55
    "strokeTo": 55
    "colorFrom": "BF92F9",
    "colorTo": "BF92F900"}
 ]
	},
	"despawnEffect":"none",
	"chargeEffect": {
        "type": "MultiEffect",
	"effects": [
	{"type": "ParticleEffect",
	    "startDelay":600
    "particles": 11
    "sizeFrom": 6
    "sizeTo": 0,
    "length": 17.5,
    "baseLength": 5
    "lifetime": 300,
    "colorFrom": "BF92F980",
    "colorTo": "BF92F980",
    "cone": 30},
    {"type": "ParticleEffect",
    "particles": 11
    "sizeFrom": 6,
    "sizeTo": 0,
    "length": 17.5,
    "baseLength": 5,
    "lifetime": 600,
    "colorFrom": "BF92F980",
    "colorTo": "BF92F980",
    "cone": 360},
    {"type": "ParticleEffect",
    "particles": 11
    "sizeFrom": 0,
    "sizeTo": 11,
    "length": 17.5,
    "baseLength": 0,
    "lifetime": 600,
    "colorFrom": "BF92F980",
    "colorTo": "BF92F980",
    "cone": 360},
    {"type": "WaveEffect",
    "lifetime": 600
    "sizeFrom": 60,
    "sizeTo": 0,
    "strokeFrom": 30
    "strokeTo": 0,
    "colorFrom": "BF92F900",
    "colorTo": "BF92F9"}
    {"type": "WaveEffect",
    "lifetime": 150
    "sizeFrom": 15
    "sizeTo": 0
    "strokeFrom": 11.25
    "strokeTo": 0,
    "colorFrom": "BF92F900",
    "colorTo": "BF92F9"}
    {"type": "WaveEffect",
    "lifetime": 300
    "sizeFrom": 45
    "sizeTo": 0
    "strokeFrom": 15
    "strokeTo": 0,
    "colorFrom": "BF92F900",
    "colorTo": "BF92F9"}]
	   }}}
	               	{"name":"奇点主炮",
	"x":0,"y":0,
	"mirror":"false",
	"reload":2400,
	"rotate": "false",
	"rotateSpeed":1,
	"heatColor": "BF92F9"
	"shootSound": "largeExplosion",
	"chargeSound": "grinding",
	"continuous": true,  // 连续射击
	"shootStatusDuration": 150,//发射时给自己的状态时间
	"shootStatus": "静止",//发射时给自己的状态
	"parentizeEffects": true,//该武器的特效跟随
	"shoot": {
				"type": "ShootPattern",
				"firstShotDelay": 150
			}
	"bullet":{
	"pierceBuilding": true,
	"pierce": true,
    			"type": "LaserBulletType",
				"lightningSpacing": 10,
				"lightningLength": 1,
				"lightningDelay": 0.98,
				"lightningLengthRand": 6,
				"lightningAngleRand": 90,
				"lightningDamage": 366,
				"lightningColor": "BF92F9",
				"length": 590,
				"width": 114,
				"sideAngle": 135,
				"sideWidth": 2,
				"sideLength": 74,
				"damage": 640,
				"lifetime": 78
				"pierceArmor": true,
				"colors": [
					"BF92F9",
					"BF92F9",
					"FFFFFF"
				],
					"chargeEffect":{//蓄力特效
		"type": "MultiEffect",
		"effects": [
		   {     
		"type": "ParticleEffect",//蓄力的能量球
		"particles": 22,
		"sizeFrom": 3,
		"sizeTo": 12,
		"length": 30,
		"baseLength": -60,
		"lifetime": 120,
		"colorFrom": "FFFFFF",
		"colorTo": "BF92F9",
		"cone": 360
		   },
		   {     
		"type": "ParticleEffect",//能量飞向能量球
		"particles": 20,
		"sizeFrom": 0,
		"sizeTo": 6,
		"length": 0,
		"baseLength": -0,
		"lifetime": 120,
		"colorFrom": "FFFFFF",
		"colorTo": "BF92F9",
		"cone": 360
		   }
		   {
                "type": "WaveEffect",
                "particles": 10,
                "sizeFrom": 84,
                "sizeTo": 0,
                "strokeFrom": 2,
                "strokeTo": 0,
                "lifetime": 80,
                "colorFrom": "ffffff",
                "colorTo": "BF92F9"
                }, 
                ]
		   }
	    }}
]
"details":"或许我必须重新省视.......",
}
