{
	"type": "ItemTurret",
	"name": "散射炮",
	"description": "双管的升级版,可以发射多颗子弹",
	"health": 140,
	"size": 1,
	"reload":27.5,
	"range": 120,
		"shoot":{
	    "type":"ShootSpread",
	    "shots":3
	},
	"inaccuracy": 1,
	"burstSpacing":3,
	"xRand":2,
	"ammoUseEffect":"casing2Double",
	"ammoPerShot":2
	"rotateSpeed": 12,
	"shootShake":1,
	"ammoTypes": {
        "copper": {
			"speed": 4.6,
			"damage": 10,
			"lifetime":48,
			"width":6,
			"height": 8,
			"ammoMultiplier":4,
			"shootEffect": "shootSmall"},
	    "graphite":{		  
	        "reloadMultiplier":0.78,
	        "speed": 4.5,
			"damage": 22,
			"lifetime":50,
			"width": 6,
			"height": 8,
			"ammoMultiplier":4,
			"shootEffect": "shootSmall"},
			
	    "pyratite": {
			"speed": 5,
			"damage": 18,
			"reloadMultiplier":0.95,
			"lifetime":58,
			"width": 6,
			"height": 8,
	        "makeFire":true,
			"ammoMultiplier":4,
			"shootEffect":"shootSmall",
			"status":"burning",
	     	"statusDuration":510,	
	     	"backColor":"ff9c71",
			"frontColor":"ff9c70"
	    },
	    
	    "silicon":{
	        "speed": 5,
			"damage": 14,
		    "reloadMultiplier":1.45,
		    "lifetime":50,
			"width": 8,
			"height": 9,
			//"shootEffect": 
			"homingRange": 30,
            "homingPower": 0.15,
			"ammoMultiplier":5
	    }
	}, 
	"researchCostMultiplier": 0.5,
	"consumes": {
        "coolant": {
            "amount": 0.125,
            "optional": true}
        }
	"requirements": [
{ "item": "copper", "amount": 35},
{ "item": "lead", "amount": 25},
{ "item": "silicon", "amount": 5}
	],
	"category": "turret",
	"research": "duo"
}
