{
"name":"静电"
"type":"PowerTurret"
"health":260
"size":1
"description":"向空中敌人连续发射小型带电子弹"
"details":"虽然是对空的炮塔,打歪的子弹也能对地面单位造成伤害(明明可以对地,怎么就不攻击了呢[doge])"
"targetAir":true,
"targetGround":false,
"hasPower":true,
"shootSound":"lasershoot",
"shake":0.1,
"inaccuracy": 0,
"recoilTime":6,
"recoil":1,
"reload":35,
"range":150
"rotateSpeed":25,
"consumes":{
	"power":2.2
	"coolant": {
        "amount": 0.12,
        "optional": true}
},
"shoot": {
    "firstShotDelay":1
    "shots":3,
    "shotDelay":5
},
"ammoUseEffect": "none",
"shootType":{
    "type":"BasicBulletType",
	"damage":5,
	"status":"shocked",
	"statusDuration":90,
	"splashDamageRadius":15,
	"splashDamage":8,
	"homingPower":0.09,
	"homingRange":32,
	"pierce":false,
	"height":9,
	"width":9,
	"speed":5,
	"lifetime":36,
	"collidesAir":true,
	"collidesGround":true,
	"buildingDamageMultiplier":0.5
    "hitSound": "plasmaboom",
    "hitEffect":"pointHit",
    "backColor":"00AAAB",
	"frontColor":"33FFFE",
},
"requirements":[
{"item":"copper","amount":15}
{"item":"lead","amount":15}
{"item":"silicon","amount":5}
{"item":"metaglass","amount":5}
]
"category": "turret",
"research":"arc"
}