{
	"type": "PowerTurret",
	"name": "电磁发射器",
	"description": "一个强大的炮"
	"health":1500,
	"ratateSpeed":1,
	"size":4,
	"reload":60,
	"range": 300,
	"targetGround":true,
	"targetAir":true,
	"ammoUseEffect": "shootSmall",
	"inaccuracy": 1,
	"rotatespeed": 10,
	"powerUse":0.0
	"shootType":{
        "type" : "BasicBulletType"
		"splashDamageRadius":8,
		"splashDamage":15,
		"speed": 6,
		"damage": 10000,
		"bulletWidth": 1,
		"bulletHeight": 5,
		"trailEffect": "shootSmall",
		"smokeEffect": "shootSmallSmoke",
		"ammoMultiplier": 10,
		"lifetime":240,
		"backColor":"0000ff",
		"fontColor":"0000ff",
		"heatColor":"0000ff",
		"trailColor":"0000ff",
	}
	"requirements": [
		{ "item": "copper", "amount": 1 }
	],
	"category": "turret",
	"research": "核心-2"
}
