{
	"type": "ItemTurret",
	"name": "濒临冲击炮",
	"health": 2500,
	"size": 4,
	"reload": 10,
	"range": 300,
	"recoil": 5,
	"shots": 150,
	"shootCone":500,
	"inaccuracy": 1,
	"rotatespeed": 5,
	"smokeEffect":"shootBigSmoke",
	"ammo": {
	    "sand": {
	    "type": "FlakBulletType",
	    "item": "sand",
	    "lifetime": 60,
		"speed": 9,
		"damage": 8000,
        "hitEffect": "flakExplosion",
		"splashDamage": 2100,
		"splashDamageRadius": 80,
		"shootEffect": "shootBigSmoke",
		"status": "tarred",
		"bulletWidth": 2,
	    "bulletHeight": 4,
		"knockback": 50.0,
		"ammoMultiplier": 5,
        "backColor": "e5e5b7",
		"frontColor": "ffffcc"
		},
},
     "requirements":[
		{ "item": "copper", "amount": 1 }
	],
	"category": "turret",
	"research": "炮"
}
