{
    "name":"超级钢",//名字
    "description":"超级钢是一种具有优异性能的新一代钢铁材料，由中锰钢发展而来，合金元素为10%锰、0.47%碳、2%铝、0.7%钒",//介绍
    "color":"737373",//物品源颜色
    "explosiveness":0,//爆炸性
    "flammability":0,//易燃性
    "radioactivity":0,//放射性
    "hardness":1,//硬度
    "charge":0//放电性
    "cost":1.2,
    "alwaysUnlocked":false,//总是解锁
    "research": "碳素钢"//科技树位置
}