{
    "name":"轨道钨芯弹",//名字
    "description":"使用钨钢制成的轨道炮弹药，该弹药为钨芯弹弹种，在轨道炮的超高弹丸初速的强化下在获取了高伤害的同时也穿甲穿透，由于过于坚硬所以无法使用普通工厂制作",//介绍
    "color":"9F9F9F",//物品源颜色
    "explosiveness":0,//爆炸性
    "flammability":0,//易燃性
    "radioactivity":0,//放射性
    "hardness":0,//硬度
    "charge":0//放电性
    "cost":2,
    "alwaysUnlocked":false,//总是解锁
    "research": "钨钢"//科技树位置
}