{
    "type": "battery",
    "name": "晶体电池l",
    "description":"储存大量能量",
    "size": 3,
    "health": 4000,
        "drawer": {//143以后电池必须加drawer
		"type": "DrawMulti",
		"drawers": [
			"DrawDefault",
			{
				"type": "DrawPower",
				"emptyLightColor": "F8C266",
				"fullLightColor": "FFFFFF"
			},
			{
				"type": "DrawRegion",
				"suffix": "-top"
			}
		]
	},
    "category": "power",
  //  "research":"ba",
    "requirements": [
        {"item": "赤金", "amount":50},
        {"item": "塑胶", "amount": 90},
        {"item": "固态能", "amount": 60},
        {"item": "初代合晶", "amount": 30},
        ],
        "consumes": {
            "powerBuffered":1000000,
            }
            "research": "大型电池"   
}