{
    "type": "ConsumeGenerator",
    "name": "火力发电机",
    "description": "利用可燃物燃烧发电。",
    "details":"低效率的燃料利用率，只有20%。",
    "size":1,
    "armor":1,
    "health":100,
    //"hasLiquids": true,
    "hasItems": true,
    "itemDuration":120,
    //发电时间
    "powerProduction":1.5,
    //发电量
    "itemCapacity":10,
    //物品容量
    "liquidCapacity":0,
    "generateEffect": "generatespark",
    "consumes": {
        "itemFlammable":{},
    },
    "requirements": [
        "铝/20",
        "锂/15",
    ],
    "drawer":{
		"type":"DrawMulti",
		"drawers":[
			{
				"type":"DrawArcSmelt"
				"particleLife":40
				"particleRad":26
				"particleColorFrom":"0091FFFF"
				"particleColorTo":"0091FFFF"
			},
			
			   
			{
				"type":"DrawCrucibleFlame"
				"particleLife":60
				"particleRad":15
				"particleSize":5
				"alpha":0.35
				"particles":18
				"particleColorFrom":"0091FFFF"
				"particleColorTo":"0091FFFF"
			},
			
			{
				"type":"DrawCells"
				"color":"0091FFFF"
				"particleColorFrom":"0091FFFF"
				"particleColorTo":"0091FFFF"
						"particles":27
						"range":20
			},
			
	
			{
				"type":"DrawWarmupRegion",
				//发热特效
			}
				{
				"type":"DrawDefault"
			},	
		]
	}
    "ambientSound": "smelter",
    "ambientSoundVolume":0.04,
    "category": "power",
    	"research": {
		"parent": "能量中枢",
		"objectives": [
        "碳单质"
    ],
   // "researchCostMultiplier":40,
	},
  //  "research": "能量中枢"
}