{
    "type": "NuclearReactor",
    "name": "铀裂变换能器",
  "description": "释放铀的能量以获得电力\n，需要持续冷冻液供给，过热或被摧毁会导致剧烈爆炸",
    "size": 3,
    "health": 3500,
    "liquidCapacity": 30,
    "itemCapacity": 20,
    "hasItems": true,
    "hasLiquids": true,
    "outputsPower": true,
    "powerProduction": 100,
    "itemDuration": 240,
    "heating":0.1,
    "lightColor": "FFFFFF",
    "explosionShake":2,
    "explosionShakeDuration":60,
    "explosionRadius": 40,
    "explosionDamage":5000,
    "explodeSound":"explosionbig",
    "fuelItem":"铀",
    "consumes": {
    "liquid": {
    "liquid": "cryofluid",
    "amount": 0.0388888888888
        },
    "items":["铀/1"]
    },
  "requirements": [
  "铝钢/200"
  "纯硅晶/350"
  "铀/150"
  "赤金/150"
  "初代合晶/80"
   ],
    "category": "power",
    "research": "磷反应堆"
}