{
"name":"GU",
"displayName":"泛用实用设备(Generic-Utilities)",
"description":"0.022+,目前开发进度:调整发展方向\n作者的话:感谢您的支持,本mod属于原版拓展mod,能改善您的游戏体验,拥有大量基于原版的物品\n如果想要获取最新版,或有一些贴图/代码/创意想要提供,请加QQ群：787733890\n「注意」：\n1.本模组可能会有一部分贴图或者代码借鉴于其它模组,但都已通过授权(EU为开源MOD)\n2.作者是个萌新,出现bug不足为奇.如有遇到请深呼吸,并加群向作者反馈bug\n3.本模组正在更新,版本之间可能会有部分数据差异,多加留意即可\n4.本模组含有少量原版修改,大多数都是为了丰富游戏体验(如:手挖沙,∮孢子苔藓地可以挖到孢子荚)\n5.本模组使用了部分模组的废稿(目前提供者1.@ybcawa2.@柏叶不是栢叶\n注:标“∮”代表可能会破坏游戏平衡的东西,需要从文件中手动解锁",
"author":"[cyan]BLUE_FAR[yellow],各路大佬提供模板和补充以及贴图",
"version":"0.022",
"hidden": false,
"minGameVersion":"138"
//QQQ W QQQ
}