{
  "type": "GenericCrafter",
  "name": "酸反应室",
  "description": "用酸液制造石油",
  "size": 2,
  "liquidCapacity": 60,
  "craftTime": 20,
  "craftEffect": "none",
  "updateEffect": "none",
  "consumes": {
    "power": 1.5,
    "liquid": "acid/0.4"
  },
  "category": "crafting",
  "research": "acid-vat",
  "outputLiquid": "oil/0.4",
  "requirements": [
    "copper/80",
    "graphite/40",
    "titanium/60"
  ],
  "drawer": {
    "type": "DrawMulti",
    "drawers": [
      {
        "type": "DrawRegion",
        "suffix": "-bottom"
      },
      {
        "type": "DrawLiquidTile",
        "drawLiquid": "acid"
      }
      {
        "type": "DrawBubbles",
        "amount": 10,
        "color": "cde03a",
        "fill": true,
        "sides": 8,
        "strokeMin": 0.7
      },
      {
        "type": "DrawDefault"
      }
    ]
  }
}
