{
  "type": "GenericCrafter",
  "name": "活钢合金冶炼厂",
  "description": "用矿渣做热源，使用铜，活钢和巨浪合金制作活钢合金",
  "outputItem": {
    "item": "steel-alloy",
    "amount": 2
  },
  "health": 740,
  "drawer": {
    "type": "DrawMulti",
    "drawers": [
      {
        "type": "DrawDefault" 
      }
      {
        "type": "DrawGlowRegion",
        "suffix": "-top",
        "color": "f1a397"
      },
      {
        "type": "DrawGlowRegion",
        "suffix": "-top2",
        "color": "dbaf85"
      }
      ]
  },
  "itemCapacity": 30,
  "size": 3,
  "craftTime": 120,
  "health": 240,
  "hasPower": true,
  "hasLiquids": true,
  "hasItems": true,
  "updateEffect": "smeltsmoke",
  "consumes": {
    "power": 7,
    "liquid": {
      "liquid": "slag",
      "amount": 0.2
    },
    "items": {
      "items": [
        {
          "item": "copper",
          "amount": 2
        },
        {
          "item": "living-steel",
          "amount": 3
        },
        {
          "item": "surge-alloy",
          "amount": 2
        }
      ]
    }
  },
  "requirements": [

    {
      "item": "copper",
      "amount": 250
    },
    {
      "item": "lead",
      "amount": 200
    },
    {
      "item": "living-steel",
      "amount": 100
    },
    {
      "item": "surge-alloy",
      "amount": 50
    }
  ],
  "category": "crafting",
  "research": "mod-gate-crafters"
}
