{
  "type": "GenericCrafter",
  "name": "混合提取机",
  "description": "用一大堆东西一次性制造出硅，石墨和玻璃",
  "category": "crafting",
  "research": "mod-gate-crafters",
  "size": 3,
  "requirements": [
    "copper/100",
    "lead/80",
    "graphite/50"
  ],
  "consumes": {
    "power": 1.2,
    "items": {
      "items": [
        "lead/1",
        "sand/3",
        "coal/4"
      ]
    }
  },
  "outputItems": [
    "graphite/1",
    "silicon/1",
    "metaglass/1"
  ],
  "craftTime": 30,
  "drawer": {
    "type": "DrawMulti",
    "drawers": [
      {
        "type": "DrawRegion",
        "suffix": "-bottom"
      },
      {
        "type": "DrawCrucibleFlame" 
      },
      {
        "type": "DrawPistons" 
      },
      {
        "type": "DrawDefault" 
      }
    ]
  }
}
