{
  "type": "GenericCrafter",
  "name": "蒸汽收集机",
  "description": "从空气中收集水分，然后把他们慢慢变成蒸汽",
  "size": 2,
  "scaledHealth": 60,
  "category": "crafting",
  "research": "mod-gate-crafters",
  "requirements": [
    "copper/60",
    "lead/35"
  ],
  "drawer": {
    "type": "DrawMulti",
    "drawers": [
      {
        "type": "DrawRegion",
        "suffix": "-bottom"
      },
      {
        "type": "DrawLiquidTile",
        "drawLiquid": "steam"
      },
      {
        "type": "DrawBubbles",
        "amount": 4,
        "fill": true,
        "color": "e9e9e9",
        "timeScl": 40
      },
      {
        "type": "DrawDefault"
      }
    ]
  },
  "outputLiquid": "steam/0.0125",
  "craftTime": 300
}
