{
	"name": "大型屏障映射场",
	"description": "创造大型方型立场墙，反弹敌人子弹，反弹成功只减少70％护盾量",
//	"type": "ForceProjector",
	"health":3480 ,
	"size":3,
	"radius":150,
	"sides": 4,
	"shieldRotation": 45,
	"shieldRotation": 45,
	"phaseUseTime": 180
	"phaseRadiusBoost": 64//"buildCostMultiplier": 0.8,
	"basePowerDraw": 1.0
	"itemCapacity": 15,
	"shieldHealth":4200,
	"cooldownNormal":3.5,
	"cooldownLiquid":1.4,
	"cooldownBrokenBase":3,
"phaseShieldBoost":250
	"consumes":{
		"power":7 ,
		"coolant": {
			"amount": 0.25,
			"optional": true
		}
		"items": {
			"items": [
				"silicon/1"
			],
			"booster": true,
			"optional": true
		}
	},
	"requirements": [
	    { "item": "beryllium", "amount": 320 }
		{ "item": "tungsten", "amount": 210 }
		{ "item": "silicon", "amount": 210 }
		{ "item": "thorium", "amount": 120 }
		{ "item": "oxide", "amount": 40 }
		{ "item": "surge-alloy", "amount": 80 }
	],
	"category": "effect",
	"research":"护盾映射"
}