{
	"type": "ItemTurret",
	"name": "弹透",
	"health": 2400,
	"size": 3,
	"reload": 2,
	"range": 120,
	"maxAmmo": 10,
	"shootSound": "flame2",
	"targetGround": true,
	"targetAir": true,
	"rotateSpeed": 8,
	"consumes": {
		"power": 8
	},
	"recoil": 2,
	"recoilTime": 105,
	"cooldownTime": 105,
	"heatColor": "FFFBC4FF",
	"shootY": 3.5,
	"ammoTypes": {
		"surge-alloy": {
			"type": "BulletType",
			"damage": 98,
			"hitSize": 10,
			"pierceBuilding": true,
			"hittable": false,
			"absorbable": false,
			"pierce": true,
			"status": "装甲弱化",
			"statusDuration": 360,
			"speed": 8,
			"lifetime": 15,
			"ammoMultiplier": 6,
	        "buildingDamageMultiplier":0.25
			"shootEffect": {
				"type": "ParticleEffect",
				"particles": 13,
				"lifetime": 26,
				"sizeFrom": 1.34,
				"sizeTo": 0,
				"interp": "pow5Out",
				"sizeInterp": "pow10In",
				"length": 82,
				"baseLength": 0,
				"colorFrom": "FFFFFFFF",
				"colorTo": "FFE176",
				"cone": 12
			},
			"smokeEffect": {
				"type": "ParticleEffect",
				"particles": 3,
				"line": true,
				"strokeFrom": 1.8,
				"strokeTo": 0,
				"lenFrom": 20,
				"lenTo": 8,
				"length": 89,
				"baseLength": 0,
				"lifetime": 12,
				"colorFrom": "FFFFFFFF",
				"colorTo": "FFE176",
				"cone": 10
			},
			"hitEffect": {
				"type": "MultiEffect",
				"effects": [
					{
						"type": "ParticleEffect",
						"particles": 2,
						"line": true,
						"strokeFrom": 1.3,
						"strokeTo": 0,
						"lenFrom": 8,
						"lenTo": 8,
						"length": 91,
						"baseLength": 0,
						"lifetime": 15,
						"colorFrom": "FFFFFFFF",
						"colorTo": "FFF788FF",
						"cone": 23
					},
					{
						"type": "ParticleEffect",
						"particles": 4,
						"lifetime": 10,
						"sizeFrom": 3,
						"sizeTo": 0,
						"colorFrom": "FFFFFFFF",
						"colorTo": "FFF788FF"
					}
				]
			},
			"despawnEffect": "none"
		},
	},
	"requirements": [
		"beryllium/180",
		"tungsten/120",
		"oxide/30",
		"silicon/120"
	],
	"category": "turret",
	"research": "sublimate"
}