{   "name":"钨再成厂"
	"type": "GenericCrafter",
	"outputItem": "瓷金/2",
	"size": 2,
	"hasPower": true,
	"hasLiquids": false,
	"hasItems": true,
	"squareSprite": false,
	"craftTime": 60,
	"itemCapacity": 20,
	"liquidCapacity": 20,
	"drawer":{
		"type":"DrawMulti",
		"drawers":[
			{
				"type": "DrawRegion",
				"suffix": "-bottom"
			},
			{
				"type":"DrawCrucibleFlame",
				"midColor":"FFFFFFFF",
				"flameColor":"87879DFF",
				"flameRad":4.45,
				"circleSpace":3,
				"flameRadiusScl":8,
				"flameRadiusMag":3,
				"circleStroke":0.6,
				"particles": 23,
				"particleLife":107,
				"particleRad":16,
				"particleSize":1.42,
				"rotateScl":1.7
			},
			"DrawDefault"
			]
	},
	"craftEffect":"none",
	"consumes": {
	"power":3,
	"items": 
	[
	"silicon/2"
    "oxide/1",
	"tungsten/2"
	]
	},
	"requirements": [
		"beryllium/86",
		"graphite/68",
		"silicon/36",
		"oxide/26",
		"tungsten/68"
	],
	"ambientSound":"smelter",
	"category": "crafting",
	"research": "silicon-arc-furnace"
}