{
//    "type":"ItemTurret",
    "name":"降临",
    "description": "为了应对突发情况专门设计的即时炮塔，应战能力并不强\n更多用于侦察基地守护"
    "health":420,
    "size":2,
    "reload":25,
    "range":160,
    "maxAmmo":50,
    "recoilTime":20,
    "recoil":3,
    "shake":0,
    "targetGround":true,
    "targetAir":true,
    "inaccuracy":0,
    "rotateSpeed":10,
    "shootY": 5,
    "shootSound": "shootAlt",
        "drawer":{
        "type":"DrawTurret",
        "parts":[
            {
                "type":"RegionPart",
                "suffix":"-左",
                "moveX":-0.5,
                "moveY":2,
                "under":false,
                "x":-1,
                "y":3
            }
                        {
                "type":"RegionPart",
                "suffix":"-中",
                "moveX":0,
                "moveY":2,
			"under": false,
                "x":0,
                "y":0
            }
            {
                "type":"RegionPart",
                "suffix":"-右",
                "moveX":0.5,
                "moveY":2,
                "under":false,
                "x":1,
                "y":3
            }
        ]
    }
    "consumes": {
	     "coolant": {
           "amount": 0.2,
           "optional": true
          }
    },
    "ammoTypes": {
        "beryllium": {
            "speed":8,
            "damage":22,
            "lifetime":20,
            "width":2,
            "height":4,
            "ammoMultiplier":2,
            "shootEffect":"shootBig"
            "trailColor":"92dd7e",
            "trailWidth":2,
            "trailLength":12,
            "hitColor" : "92dd7e",
            "buildingDamageMultiplier":0.2,
        },
        "graphite": {
            "speed":8,
            "damage":28,
            "lifetime":20,
            "width":3,
            "height":5,
            "pierceCap":3,
            "reloadMultiplier":0.85,
            "ammoMultiplier":3,
            "shootEffect": "shootBig"
            "trailColor":"95ABD9FF",
            "trailWidth":2,
            "trailLength":12,
            "hitColor" : "95ABD9FF",
            "buildingDamageMultiplier":0.2,
        }
    },
    "requirements": [
        "beryllium/70",
        "graphite/40"
    ],
    "alwaysUnlocked":false,
    "category":"turret",
    "research":"breach",
    "researchCostMultiplier": 2,
    
}