{
	"name":"铧金工业",
	"version":"2.1.8"
	"description":"
	[orange]来自作者：感谢游玩，本Mod属于半原版拓展mod，拥有大量的，基于原版的物品。
	如果想要最快获取最新版，或有什么创意想要提供，乃至反馈Bug，那么请加QQ群：
	[yellow]285250622
	[red]「注意」：[yellow]
	一、本mod内含原版修改，请谨慎与其他原版修改mod同时加载，以免造成冲突，导致游戏崩溃。
	二、本mod内含战役星球，有可能与其他mod星球产生冲突，导致游戏崩溃。
	三、本mod未完结前，数据可能每代版本都会更改，请谨慎更新。
	四、未经允许，禁止转载本Mod！",
	"author":
	"[green]绿帽子协会会长
	（QQ：34****6883）",
	"main": "dawn.Dawn",
	"minGameVersion":136
}