{
  "name":"钍铅钢生产厂",
  "type":"GenericCrafter",
  "health":8820,//180
  "armor":20,
  "size":7,
  "description":"大规模地高温高压批量铸造钍铅钢，裂变钍和相织布以获得高温高压的环境。这意味着厚实的装甲与能耗。",
  "itemCapacity":400,
  "hasItems":true,
  "hasLiquids":false
  "hasPower":true,
  "craftTime":60,
  "updateEffect":"smeltsmoke",
  "drawer": {
      "type":"DrawMulti",
          "drawers":[
              "DrawDefault",
              {
              "type":"DrawFalme",
              "flameRadius":32,
				"flameRadiusIn":8,
				"flameRadiusMag":8,
				"flameRadiusInMag":8,
				"flameColor": "FFD197"
			  }
          ]
  },
  "consumes": {
      "power":375,
      "items":[
          "thorium/105",
          "lead/100",
          "phase-fabric/5"
      ],
  },
  "outputItem":"钍铅钢/50",
  "requirements":[
    "titanium/350",
    "silicon/550","thorium/450",
    "surge-alloy/450","phase-fabric/480",
    "钨/360","铀/275",
    "硅晶/475","石墨烯/550",
    "纳米簇/350","钍铅钢/400",
    "压缩包/110"
    ],
    "category":"crafting",
    "research":"钍铅钢铸造车间",
    "idleSound":"respawning",
    "idleSoundVolume":0.8,
    "buildCostMultiplier":0.8
}