{
    "description": "建立一个储存器，可以使用卸载器取出物品，容量较小。",
    		"details":"原宇宙已有，研究费用降低",
    "requirements": [
    { "item": "电动机", "amount": 50 }
    { "item": "钢铁", "amount": 50 }
    { "item": "graphite", "amount": 50 }
   ],
    "type": "StorageBlock",
    "name": "容器",
    "size": 2,
    "itemCapacity": 240,
    "research": "钢铁厂",
    "researchCostMultiplier": 0.2,
    "category": "effect"
    "health": 250,
            "canOverdrive": false,
}