{
    "type": "flying",
    "flying": true,
    "name": "爆破钻头飞行形态",
    "controller": "MinerAI",
    "description": "爆破钻头飞行形态，可以挖矿并送回核心。",
    "research": "爆破钻头生产工厂",
    "hitSize": 32,
    "engineOffset": 5,
    "speed": 3,
    "health": 1000,
    "itemCapacity": 30,
    "mineSpeed": 3,
    "mineTier": 4,
    "fogRadius": 35,
    "buildSpeed": 0,
    "lowAltitude":true,
    "drag": 0.05,
    "mineItems":[
        "copper",
        "lead",
        "coal"
        "titanium"
        "thorium"
    ],
    "outlineColor": "2C2A35FF",
    "abilities": [
        {
            "type": "RegenAbility",
            "percentAmount": 0.03
        },
    ]
}