{
    "name": "1型装甲_城墙",
    "description": "[gold]一个标准的小型装甲,携带中型护盾",
    "research": "1型装甲_穿刺",
   "canDrown": false,
    "type": "legs",
	"speed":1,
	"hitSize":8,
	"health": 280,
	"buildSpeed":0.2,
	"faceTarget": false,
	"armor": 5,
	"drag": 0.4,
	"flying": false,
	"targetAir": true,
	"rotateSpeed":2.8,
    "legTrns": 0.6,
	"legCount": 4,
	"legMoveSpace":1.2,
	"legLength":8,
	"visualElevation": 0.2,
	"allowLegStep": true,
	"hovering": true,
		 "abilities": [
	 	 {"type":"ForceFieldAbility",
    "radius": 50,
    "regen":0.35,
    "max": 1000,
    "cooldown":60}]
	"weapons": [
		{
           	    "x":0,
           	    "y":0,
           	    "mirror":false
                "reload":40
                "shootCone":360,
                "ejectEect":"none",
                "shootSound":"explosion",
                "bullet":{ 
                    "type":"BombBulletType",
                    "hitEffect":{
          "type": "WaveEffect"
          "lifetime": 60
          "sizeFrom": 0
          "sizeTo": 50
          "colorFrom": "FFD997"
          "colorTo": "FFC946"
        }
           	    "lightning":1
           	    "lightningDamage":10
           	    "lightningLength":12
           	    	"knockback":1,
                    "lietime":5,
                    "speed":10,
                    "splashDamageRadius":50,
                    "instantDisappear":true,
                    "splashDamage":20,
                     "hittable":false,
                    "collidesAir":true
                }
            }]
}
