{
    "name": "4型装甲_城墙",
    "description": "[gold]一个标准的大型装甲,携带中型护盾",
    "research": "3型装甲_城墙"
    "canDrown": false,
    "omniMovement":false,
    "rotateMoveFirst":true,
    "type": "legs",
	"speed":0.48,
	"hitSize":30,
	"health": 12000,
	"faceTarget": false,
	"armor": 15,
	"buildSpeed":0.4,
	"drag": 0.4,
	"targetAir": true,
	"rotateSpeed":1.6,
    "legCount": 6,
    "legMoveSpace": 1,
    "legLength": 16,
    "legExtension": -10,
    "legBaseOffset": 9,
    "legTrns": 0.9,
    "landShake": 0.8,
    "legSpeed": 0.2,
    "legLengthScl": 0.96,
    "rippleScale": 2,
    "legSplashDamage": 22,
    "legSplashRange": 30,
	"visualElevation": 0.78,
	"allowLegStep": false,
	"hovering": true,
		 "abilities": [
	 	 {"type":"ForceFieldAbility",
    "radius":100,
    "regen":1.8,
    "max":50000,
    "cooldown":60}]
	"weapons": [
		{
           	    "x":0,
           	    "y":0,
           	    "mirror":false
                "reload":40
                "shootCone":360,
                "ejectEect":"none",
                "shootSound":"explosion",
                "bullet":{ 
                    "type":"BombBulletType",
                    "hitEffect":{
          "type": "WaveEffect"
          "lifetime": 60
          "sizeFrom": 0
          "sizeTo":100
          "colorFrom": "FFD997"
          "colorTo": "FFC946"
        }
           	    "lightning":3
           	    "lightningDamage":40
           	    "lightningLength":24
           	    	"knockback":8,
                    "lietime":20,
                    "speed":5,
                    "splashDamageRadius":100,
                    "instantDisappear":true,
                    "splashDamage":95,
                     "hittable":false,
                    "collidesAir":true
                }
            }]
}
