{
    "name":"墨离子钻机",
    "type":"BeamDrill",
    "description":"[yellow]更长♂\n[yellow]更强♂\n[yellow]更快♂"
    "health":255,
    "drillTime":120,
    //挖掘时间
    "tier":3,
    //挖掘等级
    "size":2,
    "armor":0,
    "range":6,
    //范围
    "fogRadius":6,
    "heatColor":"#71d5ff",
    //开采时颜色
    "laserWidth":0.5,
    //激光宽度
    "liquidCapacity":10,
    //液体容量
    "itemCapacity":10,
    //物体容量
    "requirements":[
        "beryllium/25",
        "graphite/20",
        ],
        "research": {
		"parent": "plasma-bore",
    "requirements":[
        "beryllium/100",
        "graphite/80",
        ]
	},
	"consumes": {
	    "power":0.2,
"liquid": {//液体
		"liquid": "hydrogen", "amount": 0.025,//液体消耗
		"booster":true,//加速
		"optional": true//可选
		}
	},
	"optionalBoostIntensity":2.5,
	"category":"production",
}