{
    "name":"铬离子钻机",
    "type":"BeamDrill",
    "description":"byd啥都能造离子钻机是吧"
    "health":460,
    "drillTime":60,
    //挖掘时间
    "tier":3,
    //挖掘等级
    "size":3,
    "armor":3,
    "range":8,
    //范围
    "fogRadius":6,
//    "heatColor":"#71d5ff",
    //开采时颜色
    "laserWidth":0.6,
    //激光宽度
    "liquidCapacity":10,
    //液体容量
    "itemCapacity":15,
    //物体容量
    "requirements":[
        "beryllium/40",
        "graphite/30",
        "铬/45",
        ],
        "research": {
		"parent": "a01墨离子钻机",
    "requirements":[
        "beryllium/400",
        "graphite/300",
        "铬/450",
        ]
	},
	"consumes": {
	    "power":0.5,
"liquid": {//液体
		"liquid": "hydrogen", "amount": 0.05,//液体消耗
		"booster":true,//加速
		"optional": true//可选
		}
	},
	"optionalBoostIntensity":2.4,
	"category":"production",
}