{
	"type": "GenericCrafter",
	"name": "中级硅源",
	"description": "每秒产出40个硅",
	"health":400,
	"itemCapacity":10,
	"outputItem": {"item": "silicon","amount":4},
	"size":1,
	"hasPower": true,
	"hasItems": true,
	"craftTime":6,
	"updateEffect": "none",
	"requirements": [
		{ "item": "graphite", "amount":3500 },
		{ "item": "silicon", "amount":3500 },
		{ "item": "亚铜", "amount":3500 },
		{ "item": "磁钛", "amount":3500 },
		{ "item": "青铜", "amount":3500 },
	],
	"category": "crafting",
	"research": "初级硅源",
	"idleSound": "none",
}
