{
	"type": "GenericCrafter",
	"name": "初级硅源",
	"description": "每秒产出15个硅",
	"health":300,
	"itemCapacity":10,
	"outputItem": {"item": "silicon","amount":4},
	"size":1,
	"hasPower": true,
	"hasItems": true,
	"craftTime":16,
	"updateEffect": "none",
	"requirements": [
		{ "item": "graphite", "amount":2500 },
		{ "item": "silicon", "amount":2500 },
		{ "item": "亚铜", "amount":2500 },
		{ "item": "青铜", "amount":2500 },
	],
	"category": "crafting",
	"research": "silicon-smelter",
	"idleSound": "none",
}
