{
	"name": "贝塔核心",
	"description": "阿尔法核心升级版，容量更大，装甲更厚且支持更大的后勤舰",
	"BuildVisibility":"editorOnly"
	"itemCapacity": 45000,
	"hasItems": true,
	"health": 15000,
	"unitType":"开拓者级",
	"unitCapModifier":20
			"requirements": [
		{ "item":"金属", "amount": 12000 },
		{ "item":"精炼硅", "amount": 12000 },
		{ "item":"B76钢","amount":8000},
		{ "item":"纳米材料","amount":5000},
		{ "item":"聚合物", "amount": 8000}
		{ "item":"光子晶体","amount":5000},
		{ "item":"量子芯片","amount":5000},
		{ "item":"星核","amount":5000},
	],
	"size": 4,
	"breakable":ture
	"category":"effect"
}