{
	"name": "据点核心",
	"description": "一个额外的控制核心
[red]在PVP中不可用",
	"itemCapacity": 3000,
	"hasItems": true,
	"health": 1500,
	"unitType":"gamma",
	"size": 2,
	"breakable":true,
	"buildCostMultiplier":1.5
	"unitCapModifier":5
	"requirements": [
		{ "item":"金属", "amount": 2500 },
		{ "item":"精炼硅", "amount": 2500 },
		{ "item":"B76钢","amount":2000},
		{ "item":"晶体","amount":2000},
		{ "item":"计算芯片","amount":2000},
		{ "item":"星核","amount":1000},
	],
	"category": "effect"
	"research": "A4-9",
}