{
    "type": "ItemTurret",
    "name": "Kaguya双管炮",
    "description": "最基础一级双管炮",
    "health": 1200,
    "size": 2,
    "reload": 60,
    "range": 200,
    "maxAmmo": 30,
    "recoilTime": 30,
    "recoil": 2,
    "shootY": 3,
    "rotateSpeed": 15,
    "ammoUseEffect": "casing1",
    "consumes": {
        "coolant": {
            "amount": 0.17,
            "optional": true
        }
    },
    "ammoPerShot": 2,
    "shootSound": "shootSnap",
    "targetGround": true,
    "targetAir": true,
    "inaccuracy": 2,
    "shake": 2,
    "shootCone": 15,
    "shoot": {
        "shots": 7,
        "shotDelay": 3,
        "type": "ShootAlternate",
        "barrels": 2,
        "spread": 3
    },
    "requirements": [
        "copper/140",
        "lead/60"
    ],
    "category": "turret",
    "research": {
        "parent": "duo",
        "requirements": [
            "copper/140",
            "lead/60"
        ]
    },
    "researchCostMultiplier": 1.02,
    "ammoTypes": {
        "copper": {
            "type": "BasicBulletType",
            "speed": 5,
            "damage": 10,
            "lifetime": 38.57,
            "width": 10,
            "ammoMultiplier": 2,
            "height": 13
        },
        "graphite": {
            "type": "BasicBulletType",
            "speed": 7,
            "damage": 36,
            "lifetime":38.57,
            "width": 10,
            "height": 13,
            "ammoMultiplier": 3
        },
        "silicon": {
            "type": "BasicBulletType",
            "speed": 7,
            "damage": 26,
            "lifetime": 38.57,
            "width": 10,
            "height": 12,
            "ammoMultiplier": 4,
            "homingPower": 0.45,
            "reloadMultiplier": 1.6
        }
    }
}