{
    "type": "ItemTurret",
    "name": "几时盼明月",
    "description":"明月级双管炮对更多子弹的适配"
    "category": "turret",
    "requirements": [
"相位合金/42","紫渊合金/94","钛钢/139",
        "graphite/135",
    ],
    "size":3
    "ammoTypes": {
        "copper":{
        "type":"BasicBulletType"
        "width":7
        "speed":5
        "damage":18
                   "height":9,
                    "lifetime":240
                    "ammoMultiplier": 2
        },
        "graphite": {
        "type":"BasicBulletType"
        "width":9
        "speed":7
        "damage":36
                   "height":12,
                    "lifetime":240
                    "ammoMultiplier": 4
                    "reloadMultiplier" :0.8
        },
        "pyratite": {
                "type":"BasicBulletType"
                "damage":90
                        "speed":9
                        "width":16
                        "height": 21
                        "lifetime":240
"status":"burning"
  "shootEffect": "shootBig",
  "makeFire": true,
  "pierceCap": 2,
  "pierceBuilding": true,
  "knockback": 0.6,
  "ammoMultiplier": 3,
  "splashDamage": 20,
  "splashDamageRadius": 25
  "homingRange":60//（追踪距离，8为1格）
"homingPower":0.1
"fragBullets":3
"fragSpread":45
"fragBullet":{
"type":"BasicBulletType"
                "damage":20
                        "speed":9
                        "hitSize": 5
                        "width":16
                        "height": 21
"frontColor":"lightishOrange"
"backColor":"lightOrange"
"status":"electrified"
  "hitEffect": {
    "type": "MultiEffect",
    "args": [
      "hitBulletSmall",
      "fireHit"
    ]
  }
  "shootEffect": "shootBig",
  "makeFire": true,
  "pierceCap": 2,
  "pierceBuilding": true,
  "knockback": 0.6,
  "ammoMultiplier": 3,
  "splashDamage": 10,
  "splashDamageRadius": 5
"lifetime":24
}
        }
        "silicon": {
        "type":"BasicBulletType"
        "width":7
        "speed":6
        "damage":24
                   "height":9,
                    "lifetime":240
                    "ammoMultiplier": 5
                    "reloadMultiplier" :1.5
        },
"surge-alloy":{
  "type":"MissileBulletType"
    "speed": 3.7,
    "damage":45
    "lifetime":240
    "width": 8.0,
    "height": 8.0,
    "shrinkY": 0.0,
    "splashDamageRadius": 25.0,
    "splashDamage": 35.0,
        "hitEffect": "blastExplosion",
    "despawnEffect": "blastExplosion",
        "fragBullets":1
    "fragBullet":{
      "type":"MissileBulletType"
    "speed": 3.7,
    "damage":10
    "width": 8.0,
    "height": 8.0,
    "shrinkY": 0.0,
    "splashDamageRadius": 15.0,
    "splashDamage": 5.0,
        "hitEffect": "blastExplosion",
    "despawnEffect": "blastExplosion",
      "fragBullets":1
    "fragBullet":{
"type":"LightningBulletType"
"damage":15
                "lightningLength": 25
                "collidesAir":true
"buildingDamageMultiplier":0.45
"fragBullets":1
"fragBullet":{
"type":"LightningBulletType"
"damage":5
"speed":0.0001
  "lifetime": 15,
  "hitEffect": "hitLancer",
  "despawnEffect": "none",
  "status": "shocked",
  "statusDuration": 10.0,
  "hittable": false,
  "lightColor": "FCF387FF",
  "collidesAir": true,
  "buildingDamageMultiplier": 0.25
}

    } 
    }
    },
    "plastanium": {
   "type":"flakBulletType"
        "ammoMultiplier": 6.5,
        "splashDamageRadius": 49.0,
        "splashDamage": 44.5,
        "damage":12
        "speed":4
        "fragBullet": {
            "type": "basicBulletType",  // 假设我们需要标识子弹类型

                "speed": 2.5,
                "damage": 19,
                "spriteName": "bullet",
                "width": 10.0,
                "height": 12.0,
                "shrinkY": 1.0,
                "lifetime": 25.0,
                "backColor": "plastaniumBack",  // 假设颜色值是字符串引用
                "frontColor": "plastaniumFront",
                "despawnEffect": "none"
        },
                    "fragBullets": 6
        "hitEffect": "plasticExplosion",
        "frontColor": "plastaniumFront",
        "backColor": "plastaniumBack",
        "shootEffect": "shootBig",
        "collidesGround": true,
        "explodeRange": 25.0
    },
    "thorium":{
    "type":"BasicBulletType"
    "hitSize":5,
    "width": 16,
    "height": 23
    "shootEffect":"shootBig"
    "pierceCap":2
    "pierceBuilding": true
    "knockback":0.7
    "speed":8
    "damage":100
    },
    "blast-compound":{
    "type":"BasicBulletType"
    "hitSize":7,
    "width": 18,
    "height": 26
    "shootEffect":"shootBig"
    "pierceCap":2
    "pierceBuilding": true
    "knockback":1.4,
    "speed":9.1,
    "damage":125,
    "status": "blasted",
    }
    },
    "shoot": {
        "shots": 2,//开火炮口数
        "shotDelay": 3//多个炮口之间发射延迟。
    },
    "consumes": {
        "coolant": {
            "amount": 0.205,//消耗量(实际消耗量=这里写的Ⅹ60)
            "optional": true//是否为强化效果，否将作为弹药，是将作为冷却液
        }//冷却液
    },
    "alternate": true,
    "maxAmmo":40
    "restitution": 0.03,
    "range": 440,
    "shootCone": 15.00,
    "health": 900,
    "inaccuracy": 3,
    "rotateSpeed": 10.00
        "reload": 7.5,//子弹发射间隔
            "research":"明月级双管"
}