{
"type": "ItemTurret",//类型
    "name": "天陨",//名字
    "description": "T2级冰雹炮",//介绍
    "health": 1102,//血量
    "size": 2,//炮台大小
    "reload": 27,//子弹发射间隔
    "range": 329,//自动攻击范围(10=1格)
    "recoil":2,
    "maxAmmo": 20,//最大弹药数
    "recoilTime": 30,//后坐力恢复时间
    "recoil": 1,//后坐力
"targetAir":false,
"inaccuracy":3
"shootCone": 10
"category": "turret",
    "research": "hail",
    "shootSound":"bang",
    "ammoTypes":{
  "graphite":{
  "type": "ArtilleryBulletType",
  "speed": 3.00,
    "damage": 20,
    "knockback": 1.2,
    "lifetime": 112.0,
    "width": 11.0,
    "height": 11.0,
    "collidesTiles": false,
    "splashDamageRadius": 18.75, // 这是 25f * 0.75f 的计算结果
    "splashDamage": 41.0  
},
    "silicon":{
  "type": "ArtilleryBulletType",
  "speed": 3.00,
    "damage": 20,
    "knockback": 0.8,
    "lifetime": 112.0,
    "width": 11.0,
    "height": 11.0,
    "collidesTiles": false,
    "splashDamageRadius": 18.75, // 这是 25f * 0.75f 的计算结果
    "splashDamage": 41.0  
    "reloadMultiplier":1.2
"ammoMultiplier": 3
"homingPower":0.08
"homingRange": 50
},
   "pyratite": {
  "type": "ArtilleryBulletType",
  "speed": 3.00,
    "damage": 40,
    "knockback": 1.2,
    "lifetime": 112.0,
    "width": 13.0,
    "height": 13.0,
    "collidesTiles": false,
    "splashDamageRadius": 18.75, // 这是 25f * 0.75f 的计算结果
    "splashDamage": 53.0  
"status":"burning",
"statusDuration":720,"frontColor":"lightishOrange",
"backColor":"lightOrange",
"makeFire":true,
"trailEffect":"incendTrail"
"ammoMultiplier": 4
}
    "surge-alloy": {
  "type": "ArtilleryBulletType",
  "speed": 3.00,
    "damage": 65,
    "knockback": 1.2,
    "lifetime": 193.0,
    "width": 16.0,
    "height": 16.0,
    "collidesTiles": false,
    "splashDamageRadius": 31.25, // 这是 25f * 0.75f 的计算结果
    "splashDamage": 73.0  
"status":"shocked",
"statusDuration":1200,
"ammoMultiplier": 2,
"hitEffect":"hitLancer",
"despawnEffect":"none"               
"hittable": false
},
"metaglass": {
  "type": "ArtilleryBulletType",
  "speed": 3.00,
    "damage": 10,
    "knockback": 2.2,
    "lifetime": 223.0,
    "width": 6.0,
    "height": 6.0,
    "collidesTiles": false,
    "splashDamageRadius": 22.25, // 这是 25f * 0.75f 的计算结果
    "splashDamage": 13.0  
    "collidesGround":true,
    "explodeRange":20,
    "fragBullets":4,
    "fragBullet": {
    "type": "LaserBulletType",
    "damage": 10,
    "colors": ["a9d8ff66", "a9d8ffff", "ffffffff"],
    "hitSize": 4,
    "lifetime": 16.00,
    "drawSize": 400.00,
    "collidesAir": false,
    "length": 173.00,
    "ammoMultiplier": 1.00
}
   }
    },
    "requirements":[
    "copper/30","graphite/51","lead/20","metaglass/25"     
   ],
   "consumes": {
        "coolant": {
            "amount": 0.45,//消耗量(实际消耗量=这里写的Ⅹ60)
            "optional": true//是否为强化效果，否将作为弹药，是将作为冷却液
        }//冷却液
    },
}