{
    "type": "ItemTurret",
    "name": "明月[green]",
    "description":"[#FF8000]never gonna [#4B0082]give you up！ "
"details":"[red]你确定这真的是明月级双管炮吗？"
    "category": "turret",
    "requirements": [
        "copper/140"
        "graphite/35"
    ],
    "size":2
    "ammoTypes": {
        "copper":{
        "type":"BasicBulletType"
        "width":7
        "speed":5
        "damage":18
                   "height":9,
                    "lifetime":240
                    "ammoMultiplier": 2
        },
        "graphite": {
        "type":"BasicBulletType"
        "width":9
        "speed":7
        "damage":36
                   "height":12,
                    "lifetime":240
                    "ammoMultiplier": 4
                    "reloadMultiplier" :0.8
        },
        "pyratite": {
                "type":"BasicBulletType"
                "damage":90
                        "speed":9
                        "width":16
                        "height": 21
                        "lifetime":240
"status":"burning"
  "shootEffect": "shootBig",
  "makeFire": true,
  "pierceCap": 2,
  "pierceBuilding": true,
  "knockback": 0.6,
  "ammoMultiplier": 3,
  "splashDamage": 20,
  "splashDamageRadius": 25
  "homingRange":100//（追踪距离，8为1格）
"homingPower":0.1
"fragBullets":3
"fragSpread":45
"fragBullet":{
"type":"BasicBulletType"
                "damage":20
                        "speed":9
                        "hitSize": 5
                        "width":16
                        "height": 21
"frontColor":"lightishOrange"
"backColor":"lightOrange"
"status":"freezing"
  "hitEffect": {
    "type": "MultiEffect",
    "args": [
      "hitBulletSmall",
      "fireHit"
    ]
  }
  "shootEffect": "shootBig",
  "makeFire": true,
  "pierceCap": 2,
  "pierceBuilding": true,
  "knockback": 0.6,
  "ammoMultiplier": 3,
  "splashDamage": 10,
  "splashDamageRadius": 5
"lifetime":24
}
        }
        "silicon": {
        "type":"BasicBulletType"
        "width":7
        "speed":6
        "damage":24
                   "height":9,
                    "lifetime":240
                    "ammoMultiplier": 5
                    "reloadMultiplier" :1.5
        },
    },
"shoot": {
  "spread": 5.00
}
    "alternate": true,
    "reloadTime": 5.0,
    "restitution": 0.03,
    "range": 440,
    "shootCone": 15.00,
    "health": 900,
    "inaccuracy": 0,
    "rotateSpeed": 10.00
            "research":"duo"
}