{
    "type": "PowerTurret",
    "name": "死区蓝光",
    "description": "这是从蓝钢工业抄的，你相信吗？作者相信是抄的，因为这真的是抄的。(反转介绍)",
    "details":"这是一门不算超级武器的超级武器，可以给那些T4带来永久性的创伤。"
    "targetAir": true,
    "targetGround": true,
    "health": 2665,
    "size": 5,
    "heatColor": "turretHeat",
    "shootSound": "bolt",
    "shake": 0,
    "inaccuracy": 1,
    "recoil": 2,
    "shoot": {
        "type": "ShootAlternate",
        "barrels": 2,
         "shotDelay": 0,//多个炮口之间发射延迟。
        "spread": 5
    },
    "restitution": 0.1,
    "shootType": {
        "damage": 400,
        "width":18 ,
        "type": "ShrapnelBulletType",
        "length": 600,
        "serrations": 1,
        "fromColor": "87CEEB",
        "toColor": "87CEEB"
    },
    "consumes": {
        "power": 17,
        "coolant": {
            "amount": 0.3,
            "optional": true
        }
    },
    "reload": 4,
    "rotateSpeed": 1,
    "range": 610,
    "category": "turret",
    "research": "lancer",
    "requirements": [
        {
            "item": "metaglass",
            "amount": 430
        },
        {
            "item": "plastanium",
            "amount": 638
        },
        {
            "item": "silicon",
            "amount": 300
        },
        {
            "item": "surge-alloy",
            "amount": 330
        },
        {
            "item": "紫渊合金",
            "amount": 100
        },
        {
            "item": "graphite",
            "amount": 500
        },
                {
            "item": "phase-fabric",
            "amount": 210
        }
    ]
}
