{
    "name": "灼光",
    "type": "LaserTurret",
    "details": "烧蚀什么都好，但就是时间过短，因此有了这",
    "description": "烧蚀的改进版具有更远的射程，伤害略微增加，持续时间更久",
    "size": 3,
    "health": 728,
    "shootEffect": "none",
    "shootSound": "pulse",
    "range": 320,
    "reload": 19.95,
    "liquidCapacity": 30,
    "inaccuracy": 0,
    "recoil": 2,
    "recoilTime": 80,
    "rotateSpeed": 9.4,
    "shake": 2,
    "coolEffect": "steam",
    "cooldownTime": 138,
    "consumes": {
        "power": 7.45,
        "liquid": "water/0.816"
    },
    "drawer": {
        "type": "DrawTurret",
        "parts": [
            {
                "type": "RegionPart",
                "mirror": true,
                "suffix": "-侧",
                "under": true,
                "moveX": 0.5,
                "moveY": 3,
                "moveRot": 11
            }
        ]
    },
    "minWarmup": 0.91,
    "shootDuration": 176,
    "shootType": {
        "type": "ContinuousLaserBulletType",
        "hitEffect": "hitMeltdown",
        "status": "burning",
        "statusDuration": 18,
        "pierceArmor": true,
        "width": 6.7,
        "length": 320,
        "knockback": 3,
        "damage": 25,
        "ammoMultiplier": 1,
        "spawnBullets": [
            {
                "height": 25,
                "width": 12,
                "damage": 98,
                "speed": 22,
                "lifetime": 10,
                "pierceArmor": true,
                "splashDamageRadius": 40,
                "splashDamage": 140,
                "statusDuration": 70,
                "status": "melting",
                "frontColor": "FFA05C",
                "backColor": "FFFFFF",
                "trailLength": 16,
                "trailWidth": 1.5,
                "trailColor": "FFA05C",
                "hitSound": "plasmaboom",
                "despawnEffect": "none",
                "hitEffect": {
                    "type": "ExplosionEffect",
                    "lifetime": 43,
                    "waveStroke": 6,
                    "waveLife": 22,
                    "waveRadBase": 4,
                    "waveColor": "FFA05C",
                    "waveRad": 44,
                    "smokes": 11,
                    "smokeColor": "FFA05C",
                    "sparkColor": "FFA05C",
                    "sparks": 23,
                    "sparkRad": 55,
                    "sparkStroke": 2,
                    "sparkLen": 16
                }
            }
        ]
    },
    "requirements": [
        "lead/98",
        "silicon/67",
        "metaglass/145",
        "graphite/260",
        "titanium/120",
        "亚砜协议/13",
        "copper/205"
    ],
    "category": "turret",
    "research": {
        "parent": "烧蚀",
        "objectives": [
            {
                "type": "OnSector",
                "preset": "tarFields"
            }
        ]
    }
}