{
"type": "ItemTurret",//类型
  "name": "燎原",
  "description":"星星之火可以燎原",
  "size":2 
  "category": "turret",
  "requirements": [
      { "item": "copper", "amount": 75 },
      { "item": "graphite", "amount": 40 }
      { "item": "lead", "amount": 30 }
    ],
    "maxAmmo": 30,
    	"hasPower": false,
      "hasItems": true,
  "hasLiquid":true,
  "ammoTypes": {
    "coal": {
      "type": "bulletType"
        "speed": 4,
        "damage": 33,
        "ammoMultiplier": 3,
        "hitSize": 7,
        "lifetime": 42,
        "pierce": true,
        "collidesAir": false,
        "statusDuration": 310,
        "shootEffect": "shootSmallFlame",
        "hitEffect": "hitFlameSmall",
        "despawnEffect": "none",
        "status": "burning",
        "keepVelocity": false,
        "hittable": false    
    },
    "pyratite":{ 
       "type": "bulletType"
        "speed": 7,
        "damage": 76,
        "ammoMultiplier": 6,
        "hitSize": 7,
        "lifetime": 42,
        "pierce": true,
        "collidesAir": false,
        "statusDuration": 799,
        "shootEffect": "shootPyraFlame",
        "hitEffect": "hitFlameSmall",
        "despawnEffect": "none",
        "status": "burning",
        "hittable": false      
    },
       "spore-pod":{   
       "type": "bulletType"
        "speed": 16,
        "damage":101,
        "ammoMultiplier": 4,
        "hitSize": 7,
        "lifetime": 42,
        "pierce": true,
        "collidesAir": false,
        "statusDuration": 999,
        "shootEffect": "shootPyraFlame",
        "hitEffect": "hitFlameSmall",
        "despawnEffect": "none",
        "status": "burning",
        "hittable": false     
    }    
  },
  "recoil":3,
  "reload": 4.8,
  "coolantMultiplier": 1.5,
  "range": 90,
  "shootY": 3,
  "shootCone": 50,
  "targetAir": false,
  "ammoUseEffect": "none",
  "health": 536,
  "shootSound": "flame",
  "consume":{
  "coolant": {
    "consumeRate": 0.187
  }
  },
  "research":"scorch"
}