{
"type": "ItemTurret",//类型
    "name": "电陨",//名字
    "description": "电球冰雹炮",//介绍
    "details":"和烧蚀一样，同样是占地小“伤害”小的小炮，拥有着其貌不扬的射击特效，如果不看他的代码，那么他应该和双管炮一个级别。"
    "health": 1302,//血量
    "size": 2,//炮台大小
    "reload": 140,//子弹发射间隔
    "range": 740,//自动攻击范围(10=1格)
    "recoil":2,
    "maxAmmo": 20,//最大弹药数
    "recoilTime": 30,//后坐力恢复时间
    "recoil": 1,//后坐力
"targetAir":true,
"targetGround":true, 
"inaccuracy":1
"shootCone": 10
"category": "turret",
    "research": "天陨",
    "shootSound":"bang",
    "ammoTypes":{
    "surge-alloy": {
  "type": "ArtilleryBulletType",
  "speed": 3.00,
    "damage": 75,
    "lifetime": 840,
    "width": 21.1,
    "height": 21.1,
    "collidesTiles": false,
    "splashDamageRadius": 12, // 这是 25f * 0.75f 的计算结果
    "splashDamage": 68.0  
"status":"shocked",
"statusDuration":960,
"ammoMultiplier": 3,
"hitEffect":"hitLancer",
"despawnEffect":"none"               
"hittable": true
"fragBullets":6
"fragSpread":52.5
"fragRandomSpread":12.5
"fragBullet":{
"type": "MissileBulletType",
    "speed": 3.70,
    "damage": 42,
    "width": 7.00,
    "height": 8.00,
    "shrinkY": 0.00,
    "homingPower": 0.08,
    "splashDamageRadius": 20.00,
    "splashDamage": 10.00,
    "makeFire": true,
    "ammoMultiplier": 5.00,
    "status": "wet"
    "statusDuration":960,
"homingRange":130,//（追踪距离，8为1格）
"homingPower":0.1,
"fragBullets":0
"fragBullet":{
"type": "LightningBulletType",
    "damage": 135,
    "lightningLength": 105,
    "collidesAir": true,
    "speed": 0.1
    "lightning":8
    "status":"electrified"
    "statusDuration":1260,
}
},
"absorbable":true,// （碰撞力强场）
"hittablel":true,//（是否被分解）
"reflectable":true,//（是否被相织布墙反弹）
}
},
    "requirements":[
    "plastanium/230","graphite/59",
    "lead/120","phase-fabric/39",
    "surge-alloy/90", "titanium/120",
      "silicon/126"
   ],
   "consumes": {
   "power":16
        "coolant": {
            "amount": 0.45,//消耗量(实际消耗量=这里写的Ⅹ60)
            "optional": true//是否为强化效果，否将作为弹药，是将作为冷却液
        }//冷却液
    },
}