{
   "immunities": [
      "锁住你的牛子",
      "损坏",
      "孢炎",
      "回生"
   ],
   "healColor": "F7CBB2FF",
   "health": 3850,
   "speed": 0.39,
   "drawCell": false,
   "drag": 0.08,
   "armor": 17,
   "createScorch": false,
   "deathExplosionEffect": "none",
   "flying": true,
   "rotateSpeed": 1,
   "engineSize": 0,
   "hitSize": 19,
   "weapons": [
      {
         "name": "none",
         "reload": 300,
         "top": false,
         "x": 0,
         "y": 0,
         "mirror": false,
         "rotate": true,
         "inaccuracy": 180,
         "shootSound": "building-built",
         "alternate": true,
         "rotationLimit": 35,
         "shoot": {
            "shots": 6,
            "shotDelay": 2
         },
         "bullet": {
            "sprite": "计划战争-肉雷",
            "shrinkY": 0,
            "shrinkX": 0,
            "width": 12,
            "height": 12,
            "damage": 20,
            "smokeEffect": "explosion",
            "hitEffect": "explosion",
            "lightColor": "FEBCBBFF",
            "lightOpacity": 0.5,
            "frontColor": "FEBCBBFF",
            "backColor": "FEBCBBFF",
            "knockback": 0.5,
            "splashDamage": 34,
            "splashDamageRadius": 10,
            "lifetime": 900,
            "speed": 2,
            "drag": 0.04
         }
      }
   ],
   "abilities": [
      {
         "type": "RegenAbility",
         "percentAmount": 0.005
      },
      {
         "type": "SpawnDeathAbility",
         "unit": "荒栾爬行者",
         "amount": 2,
         "randAmount": 5
      },
      {
         "type": "SpawnDeathAbility",
         "unit": "根生潺率者-分",
         "amount": 1
      },
      {
         "type": "MoveEffectAbility",
         "x": 0,
         "y": 0,
         "color": "F7CBB2FF",
         "effect": {
            "type": "MultiEffect",
            "effects": [
               {
                  "type": "Effect",
                  "colorFrom": "F7CBB2FF",
                  "colorTo": "E3684DFF",
                  "particles": 5,
                  "randLength": true,
                  "cone": 210,
                  "length": 6,
                  "baseLength": 1,
                  "offsetX": 0,
                  "offsetY": 0,
                  "lightScl": 3,
                  "lightOpacity": 0.5,
                  "lightColor": "E3684DFF",
                  "spin": 0,
                  "sizeFrom": 4,
                  "sizeTo": 0.1,
                  "region": "circle",
                  "line": false
               },
               {
                  "type": "Effect",
                  "colorFrom": "B2F4F7FF",
                  "colorTo": "4DC8E3FF",
                  "particles": 4,
                  "randLength": true,
                  "cone": 210,
                  "length": 3,
                  "baseLength": 1,
                  "offsetX": 0,
                  "offsetY": 0,
                  "lightScl": 3,
                  "lightOpacity": 0.5,
                  "lightColor": "B2F4F7FF",
                  "spin": 0,
                  "sizeFrom": 2,
                  "sizeTo": 0.1,
                  "region": "circle",
                  "line": false
               }
            ]
         },
         "display": false
      }
   ]
}