{
   "immunities": [
      "锁住你的牛子",
      "损坏",
      "孢炎",
      "回生"
   ],
   "healColor": "F7CBB2FF",
   "health": 1000,
   "speed": 0.55,
   "drawCell": false,
   "drag": 0.08,
   "armor": 1,
   "createScorch": false,
   "deathExplosionEffect": "none",
   "flying": true,
   "rotateSpeed": 4.5,
   "engineSize": 0,
   "hitSize": 10,
   "weapons": [
      {
         "name": "none",
         "reload": 10,
         "x": 0,
         "y": 2.5,
         "rotate": false,
         "top": false,
         "inaccuracy": 15,
         "shootSound": "smelter",
         "alternate": true,
         "ejectEffect": "casing2",
         "shoot": {
            "type": "ShootSpread",
            "shots": 4,
            "burstSpacing": 2,
            "xRand": 0.3,
            "shotDelay": 2,
            "spread": 1.5
         },
         "bullet": {
            "shootEffect": {
               "type": "ParticleEffect",
               "particles": 1,
               "sizeFrom": 3,
               "sizeTo": 0,
               "line": false,
               "length": 55,
               "baseLength": 0,
               "lifetime": 35,
               "colorFrom": "B95353FF",
               "colorTo": "943838FF",
               "cone": 20
            },
            "sprite": "bullet",
            "width": 4,
            "height": 4,
            "drag": 0.001,
            "backColor": "B95353FF",
            "frontColor": "943838FF",
            "speed": 2.2,
            "damage": 6.8,
            "orbSize": 5.8,
            "lifetime": 15,
            "puddleSize": 80,
            "splashDamageRadius": 6,
            "splashDamage": 0.3,
            "status": "孢炎",
            "statusDuration": 10,
            "weaveScale": 3,
            "weaveMag": -3
         }
      }
   ],
   "abilities": [
      {
         "type": "RegenAbility",
         "percentAmount": 0.01
      },
      {
         "type": "SpawnDeathAbility",
         "unit": "荒栾爬行者",
         "amount": 3
      },
      {
         "type": "MoveEffectAbility",
         "x": 0,
         "y": 0,
         "color": "F7CBB2FF",
         "effect": {
            "|type": "Effect",
            "colorFrom": "F7CBB2FF",
            "colorTo": "E3684DFF",
            "particles": 4,
            "randLength": true,
            "cone": 190,
            "length": 4,
            "baseLength": 1,
            "offsetX": 0,
            "offsetY": 0,
            "lightScl": 3,
            "lightOpacity": 0.5,
            "lightColor": "E3684DFF",
            "spin": 0,
            "sizeFrom": 3,
            "sizeTo": 0.1,
            "region": "circle",
            "line": false
         },
         "display": false
      }
   ]
}