{
   "immunities": [
      "锁住你的牛子",
      "损坏",
      "孢炎",
      "回生"
   ],
   "healColor": "F7CBB2FF",
   "health": 1900,
   "speed": 0.5,
   "drawCell": false,
   "drag": 0.08,
   "armor": 2,
   "engineSize": 0,
   "createScorch": false,
   "deathExplosionEffect": "none",
   "flying": true,
   "rotateSpeed": 2.5,
   "hitSize": 20,
   "range": 80,
   "weapons": [
      {
         "name": "none",
         "reload": 60,
         "x": 0,
         "y": 0,
         "rotate": true,
         "top": false,
         "inaccuracy": 180,
         "shootSound": "splash",
         "alternate": true,
         "ejectEffect": "casing2",
         "shoot": {
            "type": "ShootSpread",
            "shots": 4,
            "burstSpacing": 5,
            "xRand": 0.7,
            "shotDelay": 4.5,
            "spread": 3
         },
         "bullet": {
            "homingPower": 0.2,
            "homingRange": 80,
            "homingDelay": 5,
            "trailColor": "E3684DFF",
            "trailLength": 7,
            "trailWidth": 2.5,
            "shootEffect": {
               "type": "ParticleEffect",
               "particles": 1,
               "sizeFrom": 3,
               "sizeTo": 0,
               "line": false,
               "length": 55,
               "baseLength": 0,
               "lifetime": 15,
               "colorFrom": "F7CBB2FF",
               "colorTo": "E3684DFF",
               "cone": 20
            },
            "sprite": "bullet",
            "width": 6,
            "height": 6,
            "backColor": "F7CBB2FF",
            "frontColor": "E3684DFF",
            "drag": 0.001,
            "speed": 3.2,
            "damage": 4.8,
            "orbSize": 5.8,
            "lifetime": 70,
            "knockback": 2.4,
            "puddleSize": 80,
            "splashDamageRadius": 6,
            "splashDamage": 0.9,
            "status": "孢炎",
            "statusDuration": 50,
            "weaveScale": 3,
            "weaveMag": -3
         }
      }
   ],
   "abilities": [
      {
         "type": "RegenAbility",
         "percentAmount": 0.01
      },
      {
         "type": "MoveEffectAbility",
         "x": 0,
         "y": -0.5,
         "color": "F7CBB2FF",
         "effect": {
            "|type": "Effect",
            "colorFrom": "F7CBB2FF",
            "colorTo": "E3684DFF",
            "particles": 7,
            "randLength": true,
            "cone": 190,
            "length": 5,
            "baseLength": 1,
            "offsetX": 0,
            "offsetY": 0,
            "lightScl": 3,
            "lightOpacity": 0.5,
            "lightColor": "E3684DFF",
            "spin": 0,
            "sizeFrom": 1,
            "sizeTo": 0.1,
            "region": "circle",
            "line": false
         },
         "display": false
      }
   ]
}