{
   "immunities": [
      "锁住你的牛子",
      "损坏",
      "孢炎",
      "回生"
   ],
   "health": 2800,
   "speed": 0.55,
   "drawCell": false,
   "drag": 0.08,
   "armor": 6,
   "engineSize": 0,
   "createScorch": false,
   "deathExplosionEffect": "none",
   "targetPriority": 6,
   "flying": true,
   "rotateSpeed": 2.5,
   "hitSize": 15,
   "healColor": "F7CBB2FF",
   "weapons": [
      {
         "reload": 10,
         "shootSound": "sap",
         "name": "none",
         "x": 0,
         "y": 2.5,
         "rotate": false,
         "top": false,
         "inaccuracy": 25,
         "alternate": true,
         "ejectEffect": "casing2",
         "bullet": {
            "type": "SapBulletType",
            "sapStrength": 0.85,
            "length": 55,
            "damage": 40,
            "color": "F7CBB2FF",
            "lightColor": "F7CBB2FF",
            "shootEffect": "shootSmall",
            "hitColor": "F7CBB2FF",
            "despawnEffect": "none",
            "width": 0.55,
            "lifetime": 30,
            "knockback": -1
         }
      }
   ],
   "abilities": [
      {
         "type": "RegenAbility",
         "percentAmount": 0.01
      },
      {
         "type": "MoveEffectAbility",
         "x": 0,
         "y": 0,
         "color": "F7CBB2FF",
         "effect": {
            "|type": "Effect",
            "colorFrom": "F7CBB2FF",
            "colorTo": "E3684DFF",
            "particles": 4,
            "randLength": true,
            "cone": 190,
            "length": 5,
            "baseLength": 1,
            "offsetX": 0,
            "offsetY": 0,
            "lightScl": 3,
            "lightOpacity": 0.5,
            "lightColor": "E3684DFF",
            "spin": 0,
            "sizeFrom": 1,
            "sizeTo": 0.1,
            "region": "circle",
            "line": false
         },
         "display": false
      }
   ]
}