{
   "immunities": [
      "锁住你的牛子",
      "损坏",
      "孢炎",
      "回生"
   ],
   "health": 800,
   "speed": 0.45,
   "drawCell": false,
   "drag": 0.08,
   "armor": 0,
   "engineSize": 0,
   "createScorch": false,
   "deathExplosionEffect": "none",
   "flying": true,
   "rotateSpeed": 4.5,
   "healColor": "F7CBB2FF",
   "hitSize": 10,
   "weapons": [
      {
         "name": "none",
         "reload": 60,
         "x": 0,
         "y": 2.5,
         "rotate": false,
         "top": false,
         "inaccuracy": 5,
         "shootSound": "splash",
         "alternate": true,
         "ejectEffect": "casing2",
         "shoot": {
            "type": "ShootSpread",
            "shots": 3,
            "burstSpacing": 5,
            "xRand": 0.7,
            "shotDelay": 4.5,
            "spread": 1.5
         },
         "bullet": {
            "shootEffect": {
               "type": "ParticleEffect",
               "particles": 1,
               "sizeFrom": 3,
               "sizeTo": 0,
               "line": false,
               "length": 55,
               "baseLength": 0,
               "lifetime": 15,
               "colorFrom": "F7CBB2FF",
               "colorTo": "E3684DFF",
               "cone": 20
            },
            "sprite": "bullet",
            "width": 14,
            "height": 12,
            "backColor": "F7CBB2FF",
            "frontColor": "E3684DFF",
            "liquid": "残余液",
            "drag": 0.001,
            "speed": 1.2,
            "damage": 16.8,
            "orbSize": 5.8,
            "lifetime": 70,
            "knockback": 2.4,
            "puddleSize": 80,
            "splashDamageRadius": 6,
            "splashDamage": 0.9,
            "status": "孢炎",
            "statusDuration": 30,
            "weaveScale": 1,
            "weaveMag": -1,
            "fragBullets": 1,
            "fragBullet": {
               "type": "LiquidBulletType",
               "liquid": "残余液",
               "pierce": true,
               "pierceBuilding": true,
               "hittable": false,
               "laserAbsorb": false,
               "reflectable": false,
               "absorbable": false,
               "speed": 0,
               "knockback": 0,
               "puddleSize": 30,
               "orbSize": 4.5,
               "boilTime": 10
            }
         }
      }
   ],
   "abilities": [
      {
         "type": "RegenAbility",
         "percentAmount": 0.01
      },
      {
         "type": "MoveEffectAbility",
         "x": 0,
         "y": 0,
         "color": "F7CBB2FF",
         "effect": {
            "|type": "Effect",
            "colorFrom": "F7CBB2FF",
            "colorTo": "E3684DFF",
            "particles": 4,
            "randLength": true,
            "cone": 190,
            "length": 4,
            "baseLength": 1,
            "offsetX": 0,
            "offsetY": 0,
            "lightScl": 3,
            "lightOpacity": 0.5,
            "lightColor": "E3684DFF",
            "spin": 0,
            "sizeFrom": 1,
            "sizeTo": 0.1,
            "region": "circle",
            "line": false
         },
         "display": false
      }
   ]
}