{
   "immunities": [
      "锁住你的牛子",
      "损坏",
      "孢炎",
      "回生"
   ],
   "healColor": "F7CBB2FF",
   "health": 3550,
   "speed": 0.35,
   "drawCell": false,
   "drag": 0.08,
   "armor": 9,
   "circleTarget": true,
   "createScorch": false,
   "deathExplosionEffect": "none",
   "flying": true,
   "rotateSpeed": 1,
   "engineSize": 0,
   "hitSize": 15,
   "weapons": [
      {
         "name": "none",
         "x": 0,
         "y": 0,
         "top": false,
         "inaccuracy": 15,
         "shootSound": "none",
         "ejectEffect": "casing2",
         "reload": 105,
         "shoot": {
            "shots": 5,
            "shotDelay": 6
         },
         "mirror": false,
         "bullet": {
            "status": "孢炎",
            "statusDuration": 30,
            "type": "BombBulletType",
            "splashDamage": 29,
            "splashDamageRadius": 13,
            "frontColor": "FF8C8AFF",
            "backColor": "FEBCBBFF",
            "buildingDamageMultiplier": 3.2,
            "incendAmount": 1,
            "incendSpread": 16,
            "incendChance": 0.005,
            "lifetime": 30,
            "width": 10,
            "height": 10,
            "shootEffect": "none",
            "smokeEffect": "none",
            "hitEffect": "explosion",
            "despawnEffect": {
               "type": "ParticleEffect",
               "particles": 5,
               "interp": "pow10Out",
               "sizeInterp": "pow5In",
               "sizeFrom": 2,
               "sizeTo": 0,
               "length": 19,
               "baseLength": 5,
               "lifetime": 30,
               "colorFrom": "FF8C8AFF",
               "colorTo": "FEBCBBFF"
            }
         }
      },
      {
         "name": "none1",
         "x": 0,
         "y": 0,
         "top": false,
         "inaccuracy": 15,
         "shootSound": "none",
         "ejectEffect": "casing2",
         "reload": 355,
         "shoot": {
            "shots": 1,
            "shotDelay": 2
         },
         "mirror": false,
         "bullet": {
            "status": "孢炎",
            "statusDuration": 90,
            "type": "BombBulletType",
            "splashDamage": 67,
            "splashDamageRadius": 19,
            "frontColor": "FF8C8AFF",
            "backColor": "FEBCBBFF",
            "buildingDamageMultiplier": 9.2,
            "incendAmount": 1,
            "incendSpread": 16,
            "incendChance": 0.005,
            "lifetime": 30,
            "width": 15,
            "height": 15,
            "shootEffect": "none",
            "smokeEffect": "none",
            "hitEffect": "explosion",
            "despawnEffect": {
               "type": "ParticleEffect",
               "particles": 9,
               "interp": "pow10Out",
               "sizeInterp": "pow5In",
               "sizeFrom": 3,
               "sizeTo": 0,
               "length": 29,
               "baseLength": 5,
               "lifetime": 30,
               "colorFrom": "FF8C8AFF",
               "colorTo": "FEBCBBFF"
            },
            "fragBullet": {
               "type": "FireBulletType",
               "pierceArmor": true,
               "smokeEffect": "shootSmallSmoke",
               "hitEffect": "hitBulletColor",
               "lightColor": "E1F5EBFF",
               "lightOpacity": 0.5,
               "collidesAir": true,
               "collides": true,
               "splashDamage": 5,
               "splashDamageRadius": 20,
               "lifetime": 30
            },
            "fragRandomSpread": 360,
            "fragSpread": 0,
            "fragAngle": 0,
            "fragBullets": 8
         }
      }
   ],
   "abilities": [
      {
         "type": "RegenAbility",
         "percentAmount": 0.015
      },
      {
         "type": "SpawnDeathAbility",
         "unit": "骤变侍魂者",
         "amount": 2,
         "randAmount": 6
      },
      {
         "type": "MoveEffectAbility",
         "x": 0,
         "y": 0,
         "color": "F7CBB2FF",
         "effect": {
            "type": "MultiEffect",
            "effects": [
               {
                  "type": "Effect",
                  "colorFrom": "F7CBB2FF",
                  "colorTo": "E3684DFF",
                  "particles": 5,
                  "randLength": true,
                  "cone": 210,
                  "length": 6,
                  "baseLength": 1,
                  "offsetX": 0,
                  "offsetY": 0,
                  "lightScl": 3,
                  "lightOpacity": 0.5,
                  "lightColor": "E3684DFF",
                  "spin": 0,
                  "sizeFrom": 4,
                  "sizeTo": 0.1,
                  "region": "circle",
                  "line": false
               },
               {
                  "type": "Effect",
                  "colorFrom": "B2F4F7FF",
                  "colorTo": "4DC8E3FF",
                  "particles": 4,
                  "randLength": true,
                  "cone": 210,
                  "length": 3,
                  "baseLength": 1,
                  "offsetX": 0,
                  "offsetY": 0,
                  "lightScl": 3,
                  "lightOpacity": 0.5,
                  "lightColor": "B2F4F7FF",
                  "spin": 0,
                  "sizeFrom": 2,
                  "sizeTo": 0.1,
                  "region": "circle",
                  "line": false
               }
            ]
         },
         "display": false
      }
   ]
}