{
	"type": "Floor",
	"drownTime": 1,
	"status": "melting",
	"statusDuration": 39000,
	"speedMultiplier": 1,
	"dragMultiplier": 0.01,
	"variants": 3,
	"liquidDrop": "工业废水",
	"name": "工业废水湖泊",
	"placeableOn": true,
	"damageTaken": 500,
	"isLiquid": true
}

/*
        slag = new Floor("slag"){{
            drownTime = 150f;
            status = StatusEffects.melting;
            statusDuration = 240f;
            speedMultiplier = 0.19f;
            variants = 0;
            liquidDrop = Liquids.slag;
            isLiquid = true;
            cacheLayer = CacheLayer.slag;
            attributes.set(Attribute.heat, 0.85f);

            emitLight = true;
            lightRadius = 40f;
            lightColor = Color.orange.cpy().a(0.38f);
        }};
    */