{
	"research": "plan晶体实验室",
	"size": 6,
	"category": "crafting",
	"requirements": [
		{
			"amount": 500,
			"item": "缓存器"
		},
		{
			"amount": 800,
			"item": "铁锭"
		},
		{
			"amount": 800,
			"item": "铝锭"
		},
		{
			"amount": 800,
			"item": "金锭"
		},
		{
			"amount": 800,
			"item": "钬锭"
		},
		{
			"amount": 700,
			"item": "铜板"
		},
		{
			"amount": 700,
			"item": "铅板"
		},
		{
			"amount": 700,
			"item": "钛板"
		},
		{
			"amount": 750,
			"item": "塑钢板"
		},
		{
			"amount": 1000,
			"item": "塑料"
		},
		{
			"amount": 800,
			"item": "surge-alloy"
		},
		{
			"amount": 800,
			"item": "phase-fabric"
		},
		{
			"amount": 1600,
			"item": "silicon"
		}
	],
	"name": "plan晶体第二实验室",
	"description": "这个实验室里有着数万只鸽子科学家正在共同协作研究plan晶体，它们还冒着生命危险把工业废水制成罐装来减少污染。让我们为伟大的鸽子科学家，敬礼！！！
————————————————————
其他：
————————————————————
没了
	",
    "type": "Separator"
    ,
	"itemCapacity": 25
	,
	"craftTime": 40
	,
	"results": [
	    {
	        "item": "plan零能晶体",
	        "amount": 1
	        
	    }
	    ,
		{
		    "item": "钬锭"
		    ,
		    "amount": 2
		    
		}
		,
		{
		    "item": "金锭"
		    ,
		    "amount": 2
		    
		}
		,
		{
		    "item": "铝锭"
		    ,
		    "amount": 5
		    
		}
		,
		{
		    "item": "铁锭"
		    ,
		    "amount": 5
		    
		}
		,
		{
		    "item": "thorium"
		    ,
		    "amount": 6
		    
		}
		,
		{
		    "item": "scrap"
		    ,
		    "amount": 8
		    
		}
		,
		{
		    "item": "CannedIndustrialWastewater"
		    ,
		    "amount": 4
		    
		}
	],
	"consumes": {
	    "power": 16000
	    ,
	    "items": {
	        "items": [
	            {
	                "amount": 5
	                ,
	                "item": "plan晶体"
	            }
	       ]
	    }
	}
	,
		"liquid": {
			"liquid": "工业废水"
			,
			"amount": 0.19
		}
	,
  	"liquidCapacity": 114
}