{
    "type": "ImpactReactor",
    "size": 5,
    "health": 2600,
    "powerProduction": 700,
    "itemDuration": 180,
    "ambientSound": "pulse",
    "liquidCapacity": 80,
    "ambientSoundVolume": 0.08,
    "description": "通过持续压缩晶体的裂变聚变裂变反应。(俗称三相反应)能够产生高额的能量。在经过pw芯片的精准控制之下使反应的功率保持稳定。这样就能源源不断的输出稳定的能量！这玩意儿肯定比冲击强。",
    "requirements": [
        { "amount": 300, "item": "存储器" },
        { "amount": 300, "item": "缓存器" },
        { "amount": 200, "item": "PW芯片" },
        { "amount": 500, "item": "塑钢板" },
        { "amount": 100, "item": "plan晶体" },
        { "amount": 300, "item": "phase-fabric" },
        { "amount": 400, "item": "surge-alloy" },
        { "amount": 600, "item": "纯水泥" }
    ],
    "consumes": {
        "items": {
            "items": [
                { "amount": 4, "item": "blast-compound" },
                { "amount": 4, "item": "plan晶体" }
            ]
        },
        "liquid": {
            "liquid": "cryofluid",
            "amount": 0.8
        },
        "power": 55
    },
    "category": "power",
    "research": "超临界反应堆"
}
















/*

        impactReactor = new ImpactReactor("impact-reactor"){{
            requirements(Category.power, with(Items.lead, 500, Items.silicon, 300, Items.graphite, 400, Items.thorium, 100, Items.surgeAlloy, 250, Items.metaglass, 250));
            size = 4;
            health = 900;
            powerProduction = 130f;
            itemDuration = 140f;
            ambientSound = Sounds.pulse;
            ambientSoundVolume = 0.07f;
    "size": 4,
    "health": 1200,
    "powerProduction": 266.6
    "itemDuration": 160
    "ambientSound": "pulse",
    "ambientSoundVolume": 0.08,

            consumes.power(25f);
            consumes.item(Items.blastCompound);
            consumes.liquid(Liquids.cryofluid, 0.25f);
        }};
    "consumes": [
        "items": {
            "items": [
                { "amount": 1, "item": "" },
                { "amount": 1, "item": "" },
                { "amount": 1, "item": "" },
            ]
        },
        "liquid": {
            "liquid": "cryofluid",
            "amount": 0.45
        },
        "power": 30
    ]

        //endregion power
        //region production
