{
	"name": "plan晶体淬炼工厂",
	"description": "生产出来的晶体使用中指发生器。将其变为稳定的晶体，以便于储存。",
	"outputItem": {
		"item": "plan异能晶体", "amount": 2
	},
	"outputLiquid": {
	    "liquid": "工业废水", "amount": 50
	},
	"itemCapacity": 30,
	"size": 5,
	"hasPower": true,
	"hasLiquids":true,
    "hasItems": true,
	"craftTime": 80,
	"craftEffect": "none",
	"updateEffect": "smeltsmoke",
	"consumes": {
	    "power": 28.5,
		"items": {
		    "items": [
		        { "amount": 10, "item": "thorium" },
		        { "amount": 2, "item": "plan晶体" }
		    ]
		}
	},
	"requirements": [
		{ "item": "运算单元", "amount": 200 },
		{ "item": "缓存器", "amount": 300 },
		{ "item": "塑钢板", "amount": 200 },
		{ "item": "plan晶体", "amount": 300 },
		{ "item": "纯水泥", "amount": 530 },
		{ "item": "钬锭", "amount": 400 },
		{ "item": "silicon", "amount": 600 }
	],
	"category": "crafting",
	"research": "plan晶体实验室",
	"alwaysUnlocked":false,
	"idleSound": "respawning",
	"idleSoundVolume": 0.5
}