{
	"name": "plan晶体实验室",
	"description": "使用大量不稳定的材料来研究晶体。
	(不正确的原理，有更好的可以去群内反馈)",
	"outputItem": {
		"item": "plan晶体", "amount": 3
	},
	"outputLiquid": {
	    "liquid": "工业废水", "amount": 20
	},
	"itemCapacity": 50,
	"size": 3,
	"hasPower": true,
	"hasLiquids":true,
    "hasItems": true,
	"craftTime": 80,
	"craftEffect": "none",
	"updateEffect": "smeltsmoke",
	"consumes": {
	    "power": 15.5,
		"items": {
		    "items": [
		        { "amount": 4, "item": "thorium" },
		        { "amount": 6, "item": "pyratite" },
		        { "amount": 8, "item": "blast-compound" }
		    ]
		}
	},
	"requirements": [
		{ "item": "金锭", "amount": 230 },
		{ "item": "铝锭", "amount": 440 },
		{ "item": "塑钢板", "amount": 300 },
		{ "item": "钛板", "amount": 340 },
		{ "item": "纯水泥", "amount": 230 },
		{ "item": "钬锭", "amount": 300 },
		{ "item": "silicon", "amount": 120 }
	],
	"category": "crafting",
	"research": "duo",
	"alwaysUnlocked":false,
	"idleSound": "respawning",
	"idleSoundVolume": 0.5
}