{
    "type": "Separator",
	"name": "下掘机",
	"description": "深入地下挖矿，需要水来冷却",
	"itemCapacity": 32,
	"size": 2,
	"craftTime": 5,
	"results": [
				{ "item": "copper", "amount": 5},
				{ "item": "lead", "amount": 5}
		],
	"consumes": {
		"liquid": {
			"liquid": "water",
			"amount": 0.2
		}
	},
  	"liquidCapacity": 20,
	"requirements": [
		{ "item": "lead", "amount":20 },
		{ "item": "graphite", "amount":20 },
		{ "item": "copper", "amount":50 }
	],
	"category":"production",
	"research": "沙子分拣器"
}

