{
    "craftTime": 90,
    "size": 3,
    "hasLiquids": true,
    "hasPower": true,
    "hasItems": true,
    "requirements": [
        { "amount": 20, "item": "塑料" },
        { "amount": 15, "item": "钛板" },
        { "amount": 30, "item": "silicon" },
        { "amount": 40, "item": "metaglass" },
        { "amount": 20, "item": "thorium" },
        { "amount": 30, "item": "塑钢板" }
    ],
	"description": "使用黏土混合沙子来实现土培育。",
    "consumes": {
        "power": 10,
        "liquid": {
            "liquid": "water",
            "amount": 0.6
        },
		"items": {
			"items": [
				{ "item": "黏土", "amount": 3 },
	            { "item": "sand", "amount": 2 }
			]
	}
},
    "name": "大型培养机",
    "itemCapacity": 30,
    "outputItem": {
        "item": "spore-pod", "amount": 5
    },
    "type": "Cultivator",
    "category": "production",
	"research": "大型窑炉"
        
}




























        
/*
        cultivator = new Cultivator("cultivator"){{
            requirements(Category.production, with(Items.copper, 25, Items.lead, 25, Items.silicon, 10));
            outputItem = new ItemStack(Items.sporePod, 1);
            craftTime = 140;
            size = 2;
            hasLiquids = true;
            hasPower = true;
            hasItems = true;

            consumes.power(0.9f);
            consumes.liquid(Liquids.water, 0.2f);
        }};