{
    "requirements": [
        { "amount": 90, "item": "钛板" },
        { "amount": 70, "item": "铜板" },
        { "amount": 50, "item": "塑料" },
        { "amount": 80, "item": "silicon" },
        { "amount": 60, "item": "塑钢板" }
    ],
    	"research": "巨型玩意效率更快。"
    "consumes": {
        "power": 6.0,
        "liquid": {
            "liquid": "纯净水",
            "amount": 0.7
        },
        "items": {
            "items": [
                { "amount": 1, "item": "钛粉" }
            ]
        }
    },
    "outputLiquid": {
        "liquid": "cryofluid",
        "amount": 0.7
    },

    "craftTime": 110,
    "size": 3,
    "hasPower": true,
    "hasItems": true,
    "hasLiquids": true,
    "rotate": false,
    "solid": true,
    "outputsLiquid": true,
    "drawer": "DrawMixer",
    "category": "crafting",
    "type": "LiquidConverter",
    "research": "cryofluid-mixer"
}









/*
        cryofluidMixer = new LiquidConverter("cryofluid-mixer"){{
            requirements(Category.crafting, with(Items.lead, 65, Items.silicon, 40, Items.titanium, 60));
            outputLiquid = new LiquidStack(Liquids.cryofluid, 0.2f);
            craftTime = 120f;
            size = 2;
            hasPower = true;
            hasItems = true;
            hasLiquids = true;
            rotate = false;
            solid = true;
            outputsLiquid = true;
            drawer = new DrawMixer();

            consumes.power(1f);
            consumes.item(Items.titanium);
            consumes.liquid(Liquids.water, 0.2f);
        }};