{
	"type": "GenericSmelter",
	"name": "存储器制造工厂",
	"description": "注意这玩意，不是内存，也不是SD卡。它是芯片的运算缓存。",
	"outputItem": {"item": "存储器","amount": 1 },
	"size": 3,
	"itemCapacity": 60,
	"hasPower": true,
	"hasLiquids": false,
	"hasItems": true,
	"craftTime": 60,
	"updateEffect": "smeltsmoke",
	"consumes": {
		"power": 8.5,
		"items": {
		    "items": [
		{ "item": "运算单元","amount": 1 },
		{ "item": "金锭","amount": 1 },
		{ "item": "silicon","amount": 1 }
		]
	}
},
	"requirements": [
		{ "item": "塑料", "amount": 20 },
		{ "item": "metaglass", "amount": 60 },
		{ "item": "金锭", "amount": 120 },
		{ "item": "plastanium", "amount": 50 },
		{ "item": "铝锭", "amount": 60 },
		{ "item": "surge-alloy", "amount": 60 }
	],
	"category": "crafting",
	"research": "缓存器生产工厂"
}