{
    "drillTime": 450,
    "size": 1,
    "drawRim": true,
    "hasPower": false,
    "description": "你好小啊?",
    "tier": 3,
    "drawMineItem": false,
    "updateEffect": "pulverizeRed",
    "updateEffectChance": 0.001,
    "drillEffect": "mineHuge",
    "rotateSpeed": 3,
    "warmupSpeed": 0.015,
    "liquidBoostIntensity": 1.2,
    "type": "Drill",
    "hasLiquids": true,
    "canOverdrive": true,
    "hasItems": true,
    "itemCapacity": 8,
    "liquidCapacity": 10,
    "requirements": [
        { "amount": 75, "item": "铜板" },
        { "amount": 50, "item": "钛板" }
    ],
    "research": "钻机类",
    "category": "production",
    "consumes": {
		"liquid": {
			"liquid": "water",
			"amount": 0.03,
			"booster": true,
			"optional": true
		}
    }
}





//mineHuge
//pulverizeRed