{
	"description": "它拥有和“塑钢墙”一样的功能。",
	"requirements": [
		{ "amount": 15, "item": "铜板" },
		{ "amount": 15, "item": "钛板" },
		{ "amount": 15, "item": "塑钢板" }
	],
	"insulated": true,
	"absorbLasers": true,
	"category": "defense",
	"size": 1,
	"health": 1200,
	"research": "墙类",
	"type": "Wall"
}


//insulated 是否绝缘
//absorbLasers 吸收闪电
//lightningChance 闪电触发几率
//chanceDeflect 反弹几率

/*

        phaseWallLarge = new Wall("phase-wall-large"){{
            requirements(Category.defense, ItemStack.mult(phaseWall.requirements, 4));
            health = 150 * 4 * wallHealthMultiplier;
            size = 2;
            chanceDeflect = 10f;
            flashHit = true;
        }};

        plastaniumWallLarge = new Wall("plastanium-wall-large"){{
            requirements(Category.defense, ItemStack.mult(plastaniumWall.requirements, 4));
            health = 130 * wallHealthMultiplier * 4;
            size = 2;
            insulated = true;
            absorbLasers = true;
        }};

        surgeWallLarge = new Wall("surge-wall-large"){{
            requirements(Category.defense, ItemStack.mult(surgeWall.requirements, 4));
            health = 230 * 4 * wallHealthMultiplier;
            size = 2;
            lightningChance = 0.05f;
        }};
*/