{
    "requirements": [
        { "amount": 50, "item": "铜板" },
        { "amount": 60, "item": "钛板" },
        { "amount": 80, "item": "塑料" },
        { "amount": 80, "item": "水泥" },
        { "amount": 30, "item": "塑钢板" }
    ],
	"size": 3,
	"category": "crafting",
	"craftEffect": "smeltsmoke",
	"outputLiquid": {
		"liquid": "water",
		"amount": 2.8
	},
	"type": "GenericCrafter",
	"consumes": {
		"power": 2.0,
		"liquid": {
			"liquid": "工业废水",
			"amount": 0.2
		}
	},
	"liquidCapacity": 14.1,
	"ambientSound": "techloop",
	"ambientSoundVolume": 0.02,
	"drawer": "DrawWeave",
	"hasPower": true,
	"hasItem": true,
	"hasLiquid": true,
	"craftTime": 40,
	"research": "工业废水处理厂",
	"description": "
	古有一鸟，所到之处黑羽零落，寸草不生。
	携悲哀之气飞天遁地无所不能也，集天地鬼神共封之，囚其万年得此净水之职。"
	
}











/*
        phaseWeaver = new GenericCrafter("phase-weaver"){{
            requirements(Category.crafting, with(Items.silicon, 130, Items.lead, 120, Items.thorium, 75));
            craftEffect = Fx.smeltsmoke;
            outputItem = new ItemStack(Items.phaseFabric, 1);
            craftTime = 120f;
            size = 2;
            hasPower = true;
            drawer = new DrawWeave();

            ambientSound = Sounds.techloop;
            ambientSoundVolume = 0.02f;

            consumes.items(with(Items.thorium, 4, Items.sand, 10));
            consumes.power(5f);
            itemCapacity = 20;
        }};
*/