{
    "type": "Separator",
	"description": "",
	"itemCapacity": 25,
	"size": 5,
	"craftTime": 40,
	"results": [
	    { "item": "远古碎片", "amount": 1},
		{ "item": "深渊之骨", "amount": 2},
		{ "item": "放射性废料罐", "amount": 3},
		{ "item": "废金属", "amount": 4}
	],
	"consumes": {
	    "power": 38.88,
	    "items": {
        "items": [
        { "item": "CannedIndustrialWastewater", "amount": 2 }
        ],
        "optional": false
	},
		"liquid": {
			"liquid": "工业废水",
			"amount": 0.19
		}
	},
  	"liquidCapacity": 114,
    "requirements": [
        { "amount": 160, "item": "phase-fabric" },
        { "amount": 128, "item": "surge-alloy" },
        { "amount": 480, "item": "钛板" },
        { "amount": 360, "item": "塑钢板" },
        { "amount": 800, "item": "silicon" },
        { "amount": 100, "item": "plan零能晶体" },
        { "amount": 482, "item": "PW芯片" },
        { "amount": 480, "item": "钬锭" },
        { "amount": 480, "item": "金锭" },
        { "amount": 480, "item": "铁锭" },
        { "amount": 600, "item": "塑料" },
        { "amount": 400, "item": "CannedIndustrialWastewater" }
    ],
	"category":"crafting",
	"research": "工业废水处理厂"
}

