{
	"type": "GenericCrafter",
	"description": "神奇的超级离心机。可以在高速的旋转中。精准的分离出放射性物质。同时也会产生其他玩意儿。",
	"outputItem": {"item": "thorium","amount": 10 },
	"size": 4,
	"itemCapacity": 80,
	"hasPower": true,
	"hasLiquids": true,
	"hasItems": true,
	"craftTime": 50,
	"drawer": "DrawWeave",
	"ambientSound": "techloop",
	"ambientSoundVolume": 0.03,
	"updateEffect": "smeltsmoke",
	"consumes": {
	    "items": {
	        "items": [
	            { "item": "scrap", "amount": 4 },
	            { "item": "sand", "amount": 3 }
	        ]
	    },
	    "liquid": {
	        "liquid": "slag",
	        "amount": 0.12
	    },
	    "power": 4.8
	},
	"requirements": [
		{ "item": "铜板", "amount": 160 },
		{ "item": "钛板", "amount": 150 },
		{ "item": "铅板", "amount": 140 },
		{ "item": "塑钢板", "amount": 150 },
		{ "item": "塑料", "amount": 130 },
		{ "item": "metaglass", "amount": 120 },
		{ "item": "silicon", "amount": 90 },
		{ "item": "graphite", "amount": 80 }
	],
	"category": "crafting",
	"research": "原版工业类",
	"idleSound": "respawning",
	"idleSoundVolume": 0.5
}