{
	"type": "ItemTurret",
	"name": "旋风炮",
	"description": "把东西直接扔在别人脸上，你怎么感觉有点不靠谱呢？",
	"health": 450,
	"size": 1,
	"reloadTime":35,
	"range": 200,
	"shots": 4,
	"shootCone":20,
	"restitution":1,
    "heatColor":"E42525FF",
	"targetGround":true,
	"targetAir":true,
	"shootSound":"枪声",
	"ammoUseEffect": "none",
	"inaccuracy": 10,
	"rotatespeed": 15,
	"ammoTypes": {
            "sand": {
            "type": "BasicBulletType",
			"splashDamageRadius":5,
			"splashDamage":3,
			"speed": 13,
			"damage": 1.14,
			"width": 3,
			"height": 10,
			"trailEffect": "none",
			"smokeEffect": "none",
			"ammoMultiplier": 1,
			"lifetime":100,
			"backColor":"F8F565",
			"fontColor":"F8F565",
			"heatColor":"F8F565",
			"trailColor":"F8F565"
		},
			"coal": {
            "type": "BasicBulletType",
			"splashDamageRadius":50,
			"splashDamage":2,
			"speed": 3,
			"damage": 3,
			"width": 4,
			"height": 8,
			"status":"burning",
			"statusDuration":60,
			"trailEffect": "none",
			"smokeEffect": "none",
			"ammoMultiplier": 5,
			"lifetime":120,
			"backColor":"232323",
			"fontColor":"2B2B2B",
			"heatColor":"3B3B3B",
			"trailColor":"606060"
		},
			"scrap": {
            "type": "BasicBulletType",
			"splashDamageRadius":50,
			"splashDamage":2,
			"speed": 3,
			"damage": 2,
			"width": 4,
			"height": 8,
			"trailEffect": "none",
			"smokeEffect": "none",
			"ammoMultiplier": 5,
			"lifetime":120,
			"backColor":"787360",
			"fontColor":"787360",
			"heatColor":"787360",
			"trailColor":"787360"
		},
			"生料": {
            "type": "BasicBulletType",
			"splashDamageRadius":50,
			"splashDamage":2,
			"speed": 3,
			"damage": 2,
			"width": 4,
			"height": 8,
			"status":"burning",
			"statusDuration":60,
			"trailEffect": "none",
			"smokeEffect": "none",
			"ammoMultiplier": 5,
			"lifetime":120,
			"backColor":"FFFFFF",
			"fontColor":"FFFFFF",
			"heatColor":"FFFFFF",
			"trailColor":"FFFFFF"
		},
		"石膏": {
            "type": "BasicBulletType",
			"splashDamageRadius":50,
			"splashDamage":3,
			"speed": 3,
			"damage": 5,
			"width": 4,
			"height": 8,
			"status":"burning",
			"trailEffect": "none",
			"smokeEffect": "none",
			"ammoMultiplier": 1,
			"lifetime":120,
			"backColor":"DEDEDE",
			"fontColor":"DEDEDE",
			"heatColor":"DEDEDE",
			"trailColor":"DEDEDE"
		},
		"graphite": {
            "type": "BasicBulletType",
			"splashDamageRadius":1,
			"splashDamage":2,
			"speed": 3,
			"damage": 2.2,
			"width": 1,
			"height": 2,
			"trailEffect": "none",
			"smokeEffect": "none",
			"ammoMultiplier": 1,
			"lifetime":120,
			"backColor":"DEDEDE",
			"fontColor":"DEDEDE",
			"heatColor":"DEDEDE",
			"trailColor":"DEDEDE"
		},
		"spore-pod": {  
            "type": "BasicBulletType",
			"splashDamageRadius":1,
			"splashDamage":2,
			"speed": 4,
			"damage": 0.2,
			"width": 5,
			"height": 6,
			"trailEffect": "none",
			"smokeEffect": "none",
			"ammoMultiplier": 1,
			"lifetime":120,
			"backColor":"6E9BF4",
			"fontColor":"6E9BF4",
			"heatColor":"6E9BF4",
			"trailColor":"6E9BF4"
		},
		"熟料": {  
            "type": "BasicBulletType",
			"splashDamageRadius":1,
			"splashDamage":2,
			"speed": 2,
			"damage": 1.7,
			"width": 1,
			"height": 3,
			"trailEffect": "none",
			"smokeEffect": "none",
			"ammoMultiplier": 1,
			"lifetime":120,
			"backColor":"949494",
			"fontColor":"949494",
			"heatColor":"949494",
			"trailColor":"949494"
		},
		"石灰": {  
            "type": "BasicBulletType",
			"splashDamageRadius": 90,
			"splashDamage": 0.5,
			"speed": 8,
			"damage": 1.5,
			"width": 1,
			"height": 1,
			"trailEffect": "none",
			"smokeEffect": "none",
			"ammoMultiplier": 1,
			"lifetime":120,
			"backColor":"F9F9F9",
			"fontColor":"F9F9F9",
			"heatColor":"F9F9F9",
			"trailColor":"F9F9F9"
		},
		"黏土": {  
            "type": "BasicBulletType",
			"splashDamageRadius":1,
			"splashDamage":1,
			"speed": 2,
			"damage": 0.5,
			"width": 4,
			"height": 4,
			"trailEffect": "none",
			"smokeEffect": "none",
			"ammoMultiplier": 1,
			"lifetime":120,
			"backColor":"949494",
			"fontColor":"949494",
			"heatColor":"949494",
			"trailColor":"949494"
		},
		"钛粉": {  
            "type": "BasicBulletType",
			"splashDamageRadius": 40,
			"splashDamage": 0.7,
			"speed": 8,
			"damage": 1.1,
			"width": 1,
			"height": 1,
			"trailEffect": "none",
			"smokeEffect": "none",
			"ammoMultiplier": 1,
			"lifetime":120,
			"backColor":"6A97F1",
			"fontColor":"6A97F1",
			"heatColor":"6A97F1",
			"trailColor":"6A97F1"
		},
		"copper": {  
            "type": "BasicBulletType",
			"splashDamageRadius":1,
			"splashDamage":1,
			"speed": 2,
			"damage": 0.5,
			"width": 2,
			"height": 4,
			"trailEffect": "none",
			"smokeEffect": "none",
			"ammoMultiplier": 1,
			"lifetime":120,
			"backColor":"B77A76",
			"fontColor":"B77A76",
			"heatColor":"B77A76",
			"trailColor":"B77A76"
		},
		"lead": {  
            "type": "BasicBulletType",
			"splashDamageRadius": 10,
			"splashDamage": 1,
			"speed": 9,
			"damage": 0.9,
			"width": 2,
			"height": 3,
			"trailEffect": "none",
			"smokeEffect": "none",
			"ammoMultiplier": 1,
			"lifetime":120,
			"backColor":"816F92",
			"fontColor":"816F92",
			"heatColor":"816F92",
			"trailColor":"816F92"
		},
		"titanium": {  
            "type": "BasicBulletType",
			"splashDamageRadius": 2,
			"splashDamage": 1,
			"speed": 10,
			"damage": 3.2,
			"width": 2,
			"height": 3,
			"trailEffect": "none",
			"smokeEffect": "none",
			"ammoMultiplier": 1,
			"lifetime":120,
			"backColor":"6A97F1",
			"fontColor":"6A97F1",
			"heatColor":"6A97F1",
			"trailColor":"6A97F1"
		},
		"铜板": {  
            "type": "BasicBulletType",
			"splashDamageRadius":1,
			"splashDamage":1,
			"speed": 2,
			"damage": 3.5,
			"width": 2,
			"height": 4,
			"trailEffect": "none",
			"smokeEffect": "none",
			"ammoMultiplier": 1,
			"lifetime":120,
			"backColor":"B77A76",
			"fontColor":"B77A76",
			"heatColor":"B77A76",
			"trailColor":"B77A76"
		},
		"铅板": {  
            "type": "BasicBulletType",
			"splashDamageRadius": 10,
			"splashDamage": 1,
			"speed": 9,
			"damage": 1.5,
			"width": 2,
			"height": 3,
			"trailEffect": "none",
			"smokeEffect": "none",
			"ammoMultiplier": 1,
			"lifetime":120,
			"backColor":"816F92",
			"fontColor":"816F92",
			"heatColor":"816F92",
			"trailColor":"816F92"
		},
		"钛板": {  
            "type": "BasicBulletType",
			"splashDamageRadius": 2,
			"splashDamage": 1,
			"speed": 10,
			"damage": 4.3,
			"width": 2,
			"height": 3,
			"trailEffect": "none",
			"smokeEffect": "none",
			"ammoMultiplier": 1,
			"lifetime":120,
			"backColor":"6A97F1",
			"fontColor":"6A97F1",
			"heatColor":"6A97F1",
			"trailColor":"6A97F1"
		},
		"塑钢板": {  
            "type": "BasicBulletType",
			"splashDamageRadius":6,
			"splashDamage":3,
			"speed": 7,
			"damage": 6.5,
			"width": 2,
			"height": 4,
			"trailEffect": "none",
			"smokeEffect": "none",
			"ammoMultiplier": 1,
			"lifetime":120,
			"backColor":"DBF384",
			"fontColor":"DBF384",
			"heatColor":"DBF384",
			"trailColor":"DBF384"
		},
		"水泥": {  
            "type": "BasicBulletType",
			"splashDamageRadius":6,
			"splashDamage":3,
			"speed": 4,
			"damage": 9.5,
			"width": 4,
			"height": 6,
			"trailEffect": "none",
			"smokeEffect": "none",
			"ammoMultiplier": 1,
			"lifetime":120,
			"backColor":"8F8F8F",
			"fontColor":"8F8F8F",
			"heatColor":"8F8F8F",
			"trailColor":"8F8F8F"
		},
		"纯水泥": {  
            "type": "BasicBulletType",
			"splashDamageRadius": 10,
			"splashDamage": 4,
			"speed": 4,
			"damage": 10.5,
			"width": 8,
			"height": 8,
			"trailEffect": "none",
			"smokeEffect": "none",
			"ammoMultiplier": 1,
			"lifetime":120,
			"backColor":"8F8F8F",
			"fontColor":"8F8F8F",
			"heatColor":"8F8F8F",
			"trailColor":"8F8F8F"
		},
		"metaglass": {  
            "type": "BasicBulletType",
			"splashDamageRadius":120,
			"splashDamage":0.5,
			"speed": 8,
			"damage": 0.1,
			"width": 1,
			"height": 2,
			"trailEffect": "none",
			"smokeEffect": "none",
			"ammoMultiplier": 4,
			"lifetime":120,
			"backColor":"D8D8D8",
			"fontColor":"D8D8D8",
			"heatColor":"D8D8D8",
			"trailColor":"D8D8D8"
		},
		"silicon": {  
            "type": "BasicBulletType",
			"splashDamageRadius": 10,
			"splashDamage": 4,
			"speed": 6,
			"damage": 10.5,
			"width": 2,
			"height": 4,
			"trailEffect": "none",
			"smokeEffect": "none",
			"ammoMultiplier": 1,
			"lifetime":120,
			"homingPower": 10,
			"homingRange": 15,
			"backColor":"828282",
			"fontColor":"828282",
			"heatColor":"828282",
			"trailColor":"828282"
		},
		"pyratite": {  
            "type": "BasicBulletType",
			"splashDamageRadius": 2,
			"splashDamage": 1,
			"speed": 6,
			"damage": 1.5,
			"width": 2,
			"height": 2,
			"status":"burning",
			"trailEffect": "none",
			"smokeEffect": "none",
			"ammoMultiplier": 1,
			"lifetime":120,
			"backColor":"D3B26E",
			"fontColor":"D3B26E",
			"heatColor":"D3B26E",
			"trailColor":"D3B26E"
		},
		"phase-fabric": {  
            "type": "BasicBulletType",
			"splashDamageRadius":2,
			"splashDamage":0.1,
			"speed": 8,
			"damage": 1.2,
			"width": 4,
			"height": 4,
			"trailEffect": "none",
			"smokeEffect": "none",
			"ammoMultiplier": 4,
			"lifetime":120,
			"backColor":"D3B26E",
			"fontColor":"D3B26E",
			"heatColor":"D3B26E",
			"trailColor":"D3B26E"
		},
		"blast-compound": {  
            "type": "BasicBulletType",
			"splashDamageRadius": 10,
			"splashDamage": 4,
			"speed": 6,
			"damage": 5.5,
			"width": 2,
			"height": 4,
			"trailEffect": "none",
			"smokeEffect": "none",
			"ammoMultiplier": 1,
			"lifetime":120,
			"status":"burning",
			"backColor":"828282",
			"fontColor":"828282",
			"heatColor":"828282",
			"trailColor":"828282"
		},
		"surge-alloy": {  
            "type": "BasicBulletType",
			"splashDamageRadius": 10,
			"splashDamage": 3,
			"speed": 5.5,
			"damage": 12.8,
			"width": 4,
			"height": 6,
			"trailEffect": "none",
			"smokeEffect": "none",
			"ammoMultiplier": 1,
			"lifetime":120,
			"backColor":"FFD900",
			"fontColor":"FFD900",
			"heatColor":"FFD900",
			"trailColor":"FFD900",
			"lightningColor": "FBFF00FF",
			"lightningDamage": 1,
			"lightning": 1,
			"lightningLength": 4
		}
	},
	"requirements": [
		{ "item": "copper", "amount": 10 },
		{ "item": "lead", "amount": 10 },
		{ "item": "titanium", "amount": 10 },
		{ "item": "graphite", "amount": 10 },
		{ "item": "coal", "amount": 10 },
		{ "item": "sand", "amount": 10 }
	],
	"category": "turret",
	"research": "轻机枪"
}




/*

		"布": {  未完成
            "type": "BasicBulletType",
			"splashDamageRadius":2,
			"splashDamage":0.1,
			"speed": 8,
			"damage": 1.2,
			"width": 4,
			"height": 4,
			"trailEffect": "none",
			"smokeEffect": "none",
			"ammoMultiplier": 4,
			"lifetime":120,
			"backColor":"D3B26E",
			"fontColor":"D3B26E",
			"heatColor":"D3B26E",
			"trailColor":"D3B26E"
		},
		"爆炸混合物": {  未完成
            "type": "BasicBulletType",
			"splashDamageRadius": 10,
			"splashDamage": 4,
			"speed": 6,
			"damage": 5.5,
			"width": 2,
			"height": 4,
			"trailEffect": "none",
			"smokeEffect": "none",
			"ammoMultiplier": 1,
			"lifetime":120,
			"status":"burning",
			"backColor":"828282",
			"fontColor":"828282",
			"heatColor":"828282",
			"trailColor":"828282"
		},
		"巨浪合金": {  未完成
            "type": "BasicBulletType",
			"splashDamageRadius": 10,
			"splashDamage": 3,
			"speed": 5.5,
			"damage": 12.8,
			"width": 4,
			"height": 6,
			"trailEffect": "none",
			"smokeEffect": "none",
			"ammoMultiplier": 1,
			"lifetime":120,
			"backColor":"FFD900",
			"fontColor":"FFD900",
			"heatColor":"FFD900",
			"trailColor":"FFD900"
		},"trailColor":"FFD900"
		},