{
	"type": "GenericSmelter",
	"name": "水泥制造机",
	"description":"输入熟料，石膏，沙和水混合成具有放射性的水泥。",
	"details":"[yellow]生产过程中会输出[工业废水]
	<液体存储是有上限的,满了就会停止生产>
	<运输废水时切勿使用“导管”和“液体桥”>
	<可以改用“储液罐”为此我添加了“储液模块”>",
	"outputItem": {
		"item": "水泥", 
		"amount": 8
	},
	"outputLiquid": {
	    "liquid": "工业废水", 
	    "amount": 5.5
	},
	"itemCapacity": 120,
	"size": 3,
	"hasPower": true,
	"hasLiquids":true,
	"hasItems": true,
	"craftTime": 14.8,
	"updateEffect": "blastsmoke",
	"consumes": {
		"power": 12.6,
		"items": {
			"items": [
				{ "item": "熟料", "amount": 3 },
				{ "item": "石膏", "amount": 2 },
				{ "item": "sand", "amount": 2 }
			]
	},
	"liquid":{"liquid":"water","amount": 0.225} 
	},
			"requirements": [
		{ "item": "塑钢板", "amount": 80 },
		{ "item": "塑料","amount": 170 },
		{ "item": "铜板", "amount": 150 },
		{ "item": "钛板","amount": 160 }
	],
	"category": "crafting",
	"alwaysUnlocked":false,
	"research": "钛粉磨制机",
	"idleSound": "respawning",
	"idleSoundVolume": 0.5
}