{
    "type": "NuclearReactor",
    "description": "至于水泥为什么能发电，我更在意的是有没有纯水泥反应堆。毕竟那玩意只是相差一个工厂而已。",
    "requirements": [
        {
            "amount": 300, "item": "铜板"
        },
        {
            "amount": 240, "item": "钛板"
        },
        {
            "amount": 350, "item": "铅板"
        },
        {
            "amount": 150, "item": "水泥"
        }
    ],
    "research": "水泥制造机",
    "category": "power",
    "consumes": {
        "liquid": {
            "liquid": "纯净水",
            "amount": 0.06
        },
        "items": {
            "items": [
                {
                    "amount": 1,
                    "item": "水泥"
                }
            ]
        }
    },
    "ambientSound": "hum",
    "ambientSoundVolume": 0.5,
    "size": 3,
    "health": 1200,
    "itemDuration": 400,
    "powerProduction": 25,
    "heating": 0.01
}
























































/*
        thoriumReactor = new NuclearReactor("thorium-reactor"){{
            requirements(Category.power, with(Items.lead, 300, Items.silicon, 200, Items.graphite, 150, Items.thorium, 150, Items.metaglass, 50));
            ambientSound = Sounds.hum;
            ambientSoundVolume = 0.24f;
            size = 3;
            health = 700;
            itemDuration = 360f;
            powerProduction = 15f;
            consumes.item(Items.thorium);
            heating = 0.02f;
            consumes.liquid(Liquids.cryofluid, heating / coolantPower).update(false);
        }};