{
	"type": "GenericCrafter",
	"name": "沙子分拣器",
	"description": "从沙子中筛选废料.
	
		[red]它可以和“废料粉碎机”搭配形成“永动机”,但这不是bug,这是特性。[]",
	"outputItem": {"item": "scrap","amount": 5 },
	"size": 2,
	"itemCapacity": 15,
	"hasPower": false,
	"hasLiquids": false,
	"hasItems": true,
	"craftTime": 50,
	"drawer": "DrawWeave",
	"ambientSound": "techloop",
	"ambientSoundVolume": 0.03,
	"updateEffect": "smeltsmoke",
	"consumes": {
		"item": "sand"
	},
	"requirements": [
		{ "item": "铜板", "amount": 50 },
		{ "item": "钛板", "amount": 60 },
		{ "item": "塑料", "amount": 20 }
	],
	"category": "crafting",
	"research": "原版工业类",
	"idleSound": "respawning",
	"idleSoundVolume": 0.5
}