{
	"type": "GenericSmelter",
	"name": "沙子压磨机",
	"description": "用于生产石灰.",
	"outputItem": {
		"item": "石灰", "amount": 4
	},
	"itemCapacity": 10,
	"size": 2,
	"hasPower": true,
	"hasLiquids":false,
	"hasItems": true,
	"craftTime": 10,
	"updateEffect": "none",
	"consumes": {
		"power": 1.2,
		"items": {
			"items": [
				{ "item": "sand", "amount": 2 },
	            { "item": "钛粉", "amount": 1 }
			]
	}
	},
			"requirements": [
		{ "item": "silicon", "amount": 70 },
		{ "item": "塑料", "amount": 80 },
		{ "item": "钛板", "amount": 60 },
		{ "item": "铜板","amount": 50 }
	],
	"category": "crafting",
	"research": "旧工业类",
	"alwaysUnlocked": false,
	"idleSound": "respawning",
	"idleSoundVolume": 0.5
}