{
	"description": "使用新型混合搅拌机将原材料进行混合搅拌，再挤压成型。只要有足够多的数量，就可以实现量产化。不过在搅拌过程中会产生大量的工业废水。",
	"outputItem": {
		"item": "blast-compound", "amount": 40
	},
	"outputLiquid": {
	    "liquid": "工业废水", "amount": 240
	},
	"itemCapacity": 120,
	"liquidCapacity": 240,
	"size": 4,
	"hasPower": true,
	"hasLiquids":true,
    "hasItems": true,
	"craftTime": 80,
	"craftEffect": "none",
	"updateEffect": "smeltsmoke",
	"consumes": {
	    "power": 11.5,
		"items": {
		    "items": [
		        { "amount": 5, "item": "pyratite" },
		        { "amount": 3, "item": "黏土" },
		        { "amount": 4, "item": "spore-pod" }
		    ]
		},
		"liquid": {
		    "liquid": "纯净水",
		    "amount": 0.20
		}
	},
	"requirements": [
		{ "item": "铅板", "amount": 120 },
		{ "item": "钛板", "amount": 140 },
		{ "item": "塑钢板", "amount": 130 },
		{ "item": "纯水泥", "amount": 100 },
		{ "item": "运算单元", "amount": 80 },
		{ "item": "metaglass", "amount": 90 },
		{ "item": "silicon", "amount": 120 }
	],
	"category": "crafting",
	"research": "硫化物量产工厂",
	"alwaysUnlocked":false,
	"idleSound": "respawning",
	"idleSoundVolume": 0.5
}