{
    "requirements": [
        { "item": "钬锭", "amount": 1 },
        { "item": "钛板", "amount": 2 },
        { "item": "远古碎片", "amount": 1 },
        { "item": "生命晶体", "amount": 2 }
    ],
    "category":"distribution",
	"research": "高分子传送带",
	"description": "由生命组成的传送带，相比那些冰冷的机械也算有一丝温暖。不过仅限于他们愿意与你和平相处的情况下。",
    "details":"知识就是力量，生命亦是如此。",
    "health": 30,
    "speed": 0.10,
    "itemCapacity": 50,
    "type": "StackConveyor"
}