{
	"type": "GenericSmelter",
	"name": "生料生产机",
	"description": "将所有材料倒入混合式搅拌机中。持续搅拌，直至成型。随后再使用某种不可描述的东西挤出来。",
	"outputItem": {
		"item": "生料", "amount": 8
	},
	"itemCapacity": 40,
	"size": 3,
	"hasPower": true,
	"hasLiquids":false,
	"hasItems": true,
	"craftTime": 9.99,
	"updateEffect": "none",
	"consumes": {
		"power": 4.8,
		"items": {
			"items": [
				{ "item": "钛粉", "amount": 3 },
				{ "item": "石灰", "amount": 3 },
				{ "item": "黏土", "amount": 3 },
				{ "item": "石膏", "amount": 3 }
		]
	}
	},
			"requirements": [
		{ "item": "铜板", "amount": 50 }, 
		{ "item": "thorium", "amount": 30 },
		{ "item": "plastanium", "amount": 10 },
		{ "item": "塑料", "amount": 100 },
		{ "item": "钛板", "amount": 60 }
	],
	"category": "crafting",
	"alwaysUnlocked": false,
	"research": "黏土制造机",
	"idleSound": "respawning",
	"idleSoundVolume": 0.5
}