{
    "type": "GenericSmelter",
	"name": "石膏制造机",
	"description": "用于制造石膏.粘土中含有大量的无水硫。粘土中含有大量的五水硫酸钙。使用特殊的纳米纤维删除过滤出来，其他的杂质全部扔掉。所以说效率挺变态的。",
	"outputItem": {
		"item": "石膏", "amount": 8
	},
	"itemCapacity": 30,
	"size": 2,
	"hasPower": true,
	"hasLiquids":true,
	"hasItems": true,
	"craftTime": 21,
	"updateEffect": "smeltsmoke",
	"consumes": {
		"power": 4.3,
		"items": {
			"items": [
				{ "item": "黏土", "amount": 5 }
			]
	},
	"liquid":{"liquid":"water","amount": 0.3 } 
	},
			"requirements": [
		{ "item": "钛板", "amount": 90 },
		{ "item": "铅板", "amount": 80 },
		{ "item": "铜板", "amount": 70 },
		{ "item": "塑料", "amount": 60 },
		{ "item": "silicon","amount": 50 }
			],
	"category": "crafting",
	"research": "黏土制造机",
	"idleSound": "respawning",
	"idleSoundVolume": 0.5
}