{
    "category": "logic",
    "displaySize": 430,
    "description": "显示大小高达430x430像素点的泰坦显示屏，足足有十八万个像素点。但它极其昂贵的建造价格以及极长的建造时间让人们望而却步。",
    "size": 14,
    "requirements": [
        { "amount": 1200, "item": "铅板" },
        { "amount": 1200, "item": "钛板" },
        { "amount": 400, "item": "存储器" },
        { "amount": 400, "item": "运算单元" },
        { "amount": 6000, "item": "塑料" },
        { "amount": 3000, "item": "silicon" },
        { "amount": 6000, "item": "metaglass" },
        { "amount": 5000, "item": "phase-fabric" }
    ],
    "type": "LogicDisplay",
    "research": "泰坦型逻辑显示屏",
    "consumes": {
        "power": 80,
        "liquid": {
			"liquid": "cryofluid",
			"amount": 0.1,
			"booster": false,
			"optional": false
		},
		"items": {
			"items": [
				{ "item": "phase-fabric", "amount": 2 }
			]
	}
},
    "name": "终极泰坦型逻辑显示屏"
}