{
    "description": "使用先进的计算技术给每个连接目标分配到合适的位置，从而实现更强效的连接数量。其庞大的身躯能容纳多达120个能量线路。",
    "requirements": [
        { "amount": 30, "item": "钛板" },
        { "amount": 12, "item": "运算单元" },
        { "amount": 20, "item": "silicon" },
        { "amount": 10, "item": "塑料" }
    ],
    "laserRange": 60,
    "maxNodes": 120,
    "size": 3,
    "type": "PowerNode",
    "name": "能量处理塔",
    "research": "电力类",
    "category": "power"
}

