{
    "type": "ImpactReactor",
    "size": 4,
    "health": 1200,
    "powerProduction": 300,
    "itemDuration": 160,
    "ambientSound": "pulse",
    "liquidCapacity": 60,
    "ambientSoundVolume": 0.08,
    "description": "你说什么？你要把放射性物质压缩至原先的两倍，再反应。你疯了吗？这样很危险的呀！利用源源不断的爆炸持续压缩钍。这样做释放出来的能量是原先的好几倍。但是在过程中却会释放出很多的热量，需要源源不断的冷却液共计，否则将会停止运行！",
    "requirements": [
        { "amount": 300, "item": "铅板" },
        { "amount": 150, "item": "塑钢板" },
        { "amount": 450, "item": "钛板" },
        { "amount": 200, "item": "纯水泥" },
        { "amount": 200, "item": "thorium" },
        { "amount": 100, "item": "phase-fabric" },
        { "amount": 200, "item": "surge-alloy" },
        { "amount": 100, "item": "silicon" }
    ],
    "consumes": {
        "items": {
            "items": [
                { "amount": 2, "item": "blast-compound" },
                { "amount": 2, "item": "thorium" }
            ]
        },
        "liquid": {
            "liquid": "cryofluid",
            "amount": 0.20
        },
        "power": 34
    },
    "category": "power",
    "research": "电力类"
}
















/*

        impactReactor = new ImpactReactor("impact-reactor"){{
            requirements(Category.power, with(Items.lead, 500, Items.silicon, 300, Items.graphite, 400, Items.thorium, 100, Items.surgeAlloy, 250, Items.metaglass, 250));
            size = 4;
            health = 900;
            powerProduction = 130f;
            itemDuration = 140f;
            ambientSound = Sounds.pulse;
            ambientSoundVolume = 0.07f;
    "size": 4,
    "health": 1200,
    "powerProduction": 266.6
    "itemDuration": 160
    "ambientSound": "pulse",
    "ambientSoundVolume": 0.08,

            consumes.power(25f);
            consumes.item(Items.blastCompound);
            consumes.liquid(Liquids.cryofluid, 0.25f);
        }};
    "consumes": [
        "items": {
            "items": [
                { "amount": 1, "item": "" },
                { "amount": 1, "item": "" },
                { "amount": 1, "item": "" },
            ]
        },
        "liquid": {
            "liquid": "cryofluid",
            "amount": 0.45
        },
        "power": 30
    ]

        //endregion power
        //region production
