{
    "type": "ImpactReactor",
    "size": 14,
    "health": 8200000,
    "powerProduction": 200000,
    "itemDuration": 200,
    "ambientSound": "pulse",
    "liquidCapacity": 400,
    "ambientSoundVolume": 0.15,
    "explosionRadius": 240,
    "explosionDamage": 12000,
    "requirements": [
        { "amount": 6000, "item": "lead" },
        { "amount": 4000, "item": "metaglass" },
        { "amount": 1000, "item": "graphite" },
        { "amount": 6000, "item": "titanium" },
        { "amount": 6000, "item": "thorium" },
        { "amount": 0, "item": "copper" },
        { "amount": 2000, "item": "plastanium" },
        { "amount": 7000, "item": "phase-fabric" },
        { "amount": 4000, "item": "surge-alloy" },
        { "amount": 4000, "item": "silicon" },
        { "amount": 1600, "item": "铜板" },
        { "amount": 1600, "item": "铅板" },
        { "amount": 1600, "item": "钛板" },
        { "amount": 1600, "item": "塑钢板" },
        { "amount": 6000, "item": "存储器" },
        { "amount": 5000, "item": "缓存器" },
        { "amount": 5500, "item": "运算单元" },
        { "amount": 4000, "item": "PW芯片" },
        { "amount": 5500, "item": "石膏" },
        { "amount": 5700, "item": "水泥" },
        { "amount": 6000, "item": "纯水泥" }
    ],
    "baseExplosiveness": 80000,
    "consumes": {
        "items": {
            "items": [
                { "amount": 1, "item": "plan零能晶体" },
                { "amount": 1, "item": "thorium" },
                { "amount": 1, "item": "blast-compound" },
                { "amount": 1, "item": "pyratite" },
                { "amount": 1, "item": "plan晶体" },
                { "amount": 1, "item": "phase-fabric" },
                { "amount": 1, "item": "surge-alloy" },
                { "amount": 1, "item": "spore-pod" }
            ]
        },
        "liquid": {
            "liquid": "工业废水",
            "amount": 2.8
        },
        "power": 1000
    },
    "category": "power",
    "description": "使用大量的材料，将反应堆内部。引力场达到最终状态。再送入聚变材料:异能结晶。由于提高的就你这些结晶会凝聚在一起。使内部的温度达到上千万摄氏度。随后由爆炸混合物和硫化物组成的我装置打破这个稳定状态。使其开始剧烈反应。它可以产生无穷无尽的能量！"
}
















/*

        impactReactor = new ImpactReactor("impact-reactor"){{
            requirements(Category.power, with(Items.lead, 500, Items.silicon, 300, Items.graphite, 400, Items.thorium, 100, Items.surgeAlloy, 250, Items.metaglass, 250));
            size = 4;
            health = 900;
            powerProduction = 130f;
            itemDuration = 140f;
            ambientSound = Sounds.pulse;
            ambientSoundVolume = 0.07f;
    "size": 4,
    "health": 1200,
    "powerProduction": 266.6
    "itemDuration": 160
    "ambientSound": "pulse",
    "ambientSoundVolume": 0.08,

            consumes.power(25f);
            consumes.item(Items.blastCompound);
            consumes.liquid(Liquids.cryofluid, 0.25f);
        }};
    "consumes": [
        "items": {
            "items": [
                { "amount": 1, "item": "" },
                { "amount": 1, "item": "" },
                { "amount": 1, "item": "" },
            ]
        },
        "liquid": {
            "liquid": "cryofluid",
            "amount": 0.45
        },
        "power": 30
    ]

        //endregion power
        //region production




                
                { "amount": 1, "item": "sand" },
                { "amount": 1, "item": "sand" },
                { "amount": 1, "item": "sand" },
                { "amount": 1, "item": "sand" },
                { "amount": 1, "item": "sand" },
                { "amount": 1, "item": "sand" },
                { "amount": 1, "item": "sand" },
                { "amount": 1, "item": "sand" },
                { "amount": 1, "item": "sand" },
                { "amount": 1, "item": "sand" },
                { "amount": 1, "item": "sand" },
                { "amount": 1, "item": "sand" },
                { "amount": 1, "item": "sand" },
                { "amount": 1, "item": "sand" },
                { "amount": 1, "item": "sand" },
                { "amount": 1, "item": "sand" },
                { "amount": 1, "item": "sand" },
                { "amount": 1, "item": "sand" },
                { "amount": 1, "item": "sand" },
                { "amount": 1, "item": "sand" },
                { "amount": 1, "item": "sand" },
                { "amount": 1, "item": "sand" },
                { "amount": 1, "item": "sand" },
                { "amount": 1, "item": "sand" },
                { "amount": 1, "item": "sand" },
                { "amount": 1, "item": "sand" },
                { "amount": 1, "item": "sand" },
                { "amount": 1, "item": "sand" },
                { "amount": 1, "item": "sand" },
                { "amount": 1, "item": "sand" },
                { "amount": 1, "item": "sand" },
                { "amount": 1, "item": "sand" },
                { "amount": 1, "item": "sand" },
                { "amount": 1, "item": "sand" },
                { "amount": 1, "item": "sand" },
                { "amount": 1, "item": "sand" },
                { "amount": 1, "item": "sand" },
                { "amount": 1, "item": "sand" },
                { "amount": 1, "item": "sand" },
                { "amount": 1, "item": "sand" },
                { "amount": 1, "item": "sand" },
                { "amount": 1, "item": "sand" },
                { "amount": 1, "item": "sand" },
                { "amount": 1, "item": "sand" },
                { "amount": 1, "item": "sand" },
                { "amount": 1, "item": "sand" },
                { "amount": 1, "item": "sand" },
                { "amount": 1, "item": "sand" }tem": "sand" },
                { "amount": 1, "item": "sand" },
                { "amount": 1, "item": "sand" },
                { "amount": 1, "item": "sand" },
                { "amount": 1, "item": "sand" },
                { "amount": 1, "item": "sand" },
                { "amount": 1, "item": "sand" },
                { "amount": 1, "item": "sand" },
                { "amount": 1, "item": "sand" },
                { "amount": 1, "item": "sand" },
                { "amount": 1, "item": "sand" },
                { "amount": 1, "item": "sand" },
                { "amount": 1, "item": "sand" }