{
    "type": "PowerTurret",
    "name": "遗落",
	"description": "对电弧的技术进行了加强，使其拥有更强大的力量。",
    "range": 230,
    "size": 2,
    "health": 480,
    "targetAir": true,
    "shootSound": "laserblast",
    
    "shots": 2,
    "xRand": 1,
    "inaccuracy": 0.002,
    "ammoPerShot": 3,
    "ammoEjectBack": 6,
    "alternate": false,
    "spread": 1,
    
    "recoilAmount": 1.5,
    "reloadTime": 3,
    "cooldown": 0.05,
    "powerUse": 6.86,
    "shootShake": 0.05,
    "shootEffect": "lancerLaserShoot",
    "smokeEffect": "none",
    "chargeEffect": "lancerLaserCharge",
    "chargeBeginEffect": "lancerLaserChargeBegin",
    "heatColor": "AB11AB",
    "shootType": {
        "type": "LightningBulletType",
        "lightningColor": "540061",
        "hitColor": "540061",
        "hitEffect": "hitLancer",
        "lightningLength": 55,
        "despawnEffect": "none",
        "damage": 20.8,
        "hitSize": 9.8,
        "lifetime": 55,
        "drawSize": 75,
        "collidesAir": true
    },
    "requirements": [
		{ "item": "钛板", "amount": 40 },
		{ "item": "缓存器", "amount": 20 },
		{ "item": "运算单元", "amount": 20 },
		{ "item": "存储器", "amount": 20 },
		{ "item": "塑钢板", "amount": 30 }
		
	],
	"category": "turret",
	"research": "炮塔类"
	}
       
       
       
       
      
/*

    "type": "ChargeTurret",
    "name": "希子",
    "range": 175,
    "size": 4,
    "health": 480,
    "targetAir": true,
    "shootSound": "laserblast",
    "chargeTime": 70,
    "chargeMaxDelay": 35,
    "chargeEffects": 9,
    "recoilAmount": 3,
    "reloadTime": 110,
    "cooldown": 0.05,
    "powerUse": 8.5,
    "shootShake": 2,
    "shootEffect": "lancerLaserShoot",
    "smokeEffect": "none",
    "chargeEffect": "lancerLaserCharge",
    "chargeBeginEffect": "lancerLaserChargeBegin",
    "heatColor": "E344EE",
    "shootType": {
        "type": "LaserBulletType",
        "hitEffect": "hitLancer",
        "despawnEffect": "none",
        "hitSize": 6,
        "lifetime": 20,
        "drawSize": 420,
        "collidesAir": true,
    }


/*

              lancer = new ChargeTurret("lancer"){{
            requirements(Category.turret, with(Items.copper, 25, Items.lead, 50, Items.silicon, 45));
            range = 155f;
            chargeTime = 50f;
            chargeMaxDelay = 30f;
            chargeEffects = 7;
            recoilAmount = 2f;
            reloadTime = 90f;
            cooldown = 0.03f;
            powerUse = 6f;
            shootShake = 2f;
            shootEffect = Fx.lancerLaserShoot;
            smokeEffect = Fx.none;
            chargeEffect = Fx.lancerLaserCharge;
            chargeBeginEffect = Fx.lancerLaserChargeBegin;
            heatColor = Color.red;
            size = 2;
            health = 280 * size * size;
            targetAir = false;
            shootSound = Sounds.laser;
            shootType = new LaserBulletType(140){{
                colors = new Color[]{Pal.lancerLaser.cpy().mul(1f, 1f, 1f, 0.4f), Pal.lancerLaser, Color.white};
                hitEffect = Fx.hitLancer;
                despawnEffect = Fx.none;
                hitSize = 4;
                lifetime = 16f;
                drawSize = 400f;
                collidesAir = false;
            }};
        }};
        
        
/*
        meltdown = new LaserTurret("meltdown"){{
            requirements(Category.turret, with(Items.copper, 1200, Items.lead, 350, Items.graphite, 300, Items.surgeAlloy, 325, Items.silicon, 325));
            shootEffect = Fx.shootBigSmoke2;
            shootCone = 40f;
            recoilAmount = 4f;
            size = 4;
            shootShake = 2f;
            range = 190f;
            reloadTime = 90f;
            firingMoveFract = 0.5f;
            shootDuration = 220f;
            powerUse = 17f;
            shootSound = Sounds.laserbig;
            loopSound = Sounds.beam;
            loopSoundVolume = 2f;
    "shootType": {
        "type": "ContinuousLaserBulletType",
        "length": 220,
        "health": 220,
        "hitEffect": "hitMeltdown",
        "drawSize": 460,
        
        "incendChance": 0.8,
        "incendSpread": 10,
        "incendAmount": 3,
        "consumes": {
            "liquid": {
                "liquid":"water",
                "amount": 0.5
                "update": false,
            }
            
        }
    }

            shootType = new
            ContinuousLaserBulletType(70){{
                length = 200f;
                hitEffect = Fx.hitMeltdown;
                drawSize = 420f;

                incendChance = 0.4f;
                incendSpread = 5f;
                incendAmount = 1;
            }};

            health = 200 * size * size;
            consumes.add(new ConsumeLiquidFilter(liquid -> liquid.temperature <= 0.5f && liquid.flammability < 0.1f, 0.5f)).update(false);
        }};
*/