{
	"type": "ItemTurret",
	"name": "重机枪",
	"description": "马克沁重机枪？开玩笑，压根不可能是这种玩意。这德制170地空两用机枪",
	"health": 400,
	"size": 2,
	"reloadTime": 40,
	"range": 368,
    "maxAmmo":300,
    "recoil": 1.6,
	"cooldown": 7.0,
	"shots": 27,
	"ammoUseEffect": "none",
	"burstSpacing": 0.8,
	"targetGround":true,
    "heatColor":"42FA35",
	"targetAir":true,
	"inaccuracy": 10,
	"rotatespeed": 100,
	"ammoTypes": {
			"titanium": {
            "type": "BasicBulletType",
			"splashDamageRadius":10,
			"splashDamage":5,
			"speed": 10,
			"damage": 6.5,
			"bulletWidth": 1,
			"bulletHeight": 3,
			"trailEffect": "impactcloud",
			"smokeEffect": "lancerLaserChargeBegin",
			"ammoMultiplier": 4,
			"lifetime":70,
			"backColor":"63748C",
			"fontColor":"63748C",
			"heatColor":"63748C",
			"trailColor":"63748C"
		},
			"thorium": {
            "type": "BasicBulletType",
			"splashDamageRadius":5,
			"splashDamage":10,
			"speed": 9.8,
			"damage": 23.85,
			"bulletWidth": 2,
			"bulletHeight": 2,
	    	"status":"tarred",
			"trailEffect": "lancerLaserShootSmoke",
			"smokeEffect": "none",
			"ammoMultiplier": 4,
			"lifetime":70,
			"backColor":"5993E4",
			"fontColor":"4287E6",
			"heatColor":"4287E6",
			"trailColor":"4287E6"
		},
			"pyratite": {
            "type": "BasicBulletType",
			"splashDamageRadius":5,
			"splashDamage":10,
			"speed": 10,
			"damage": 5,
			"bulletWidth": 10,
			"bulletHeight": 10,
	        "status":"burning",
			"trailEffect": "lancerLaserShootSmoke",
			"smokeEffect": "none",
			"hitEffect": "shootPyraFlame",
			"ammoMultiplier": 4,
			"lifetime":70,
			"backColor":"D99A1D",
			"fontColor":"D99A1D",
			"heatColor":"D99A1D",
			"trailColor":"D99A1D"
    	}
	},
	"requirements": [
		{ "item": "水泥", "amount": 180 },
		{ "item": "钛板", "amount": 100 },
		{ "item": "塑料", "amount": 110 },
		{ "item": "塑钢板", "amount": 120 },
		{ "item": "铜板", "amount": 100 }
	],
	"category": "turret",
	"research": "轻机枪"
	}