{
	"type": "GenericCrafter",
	"name": "钛粉磨制机",
	"description": "使用水磨法把钛磨制成钛粉。",
	"outputItem": {
		"item": "钛粉", "amount": 8
	},
	"itemCapacity": 35,
	"size": 2,
	"hasPower": false,
	"hasLiquids":true,
    "hasItems": true,
	"craftTime": 40,
	"craftEffect": "pulverize",
	"updateEffect": "none",
	"drawer": "DrawRotator",
	"ambientSound": "grinding",
	"ambientSoundVolume": 0.015,
	"consumes": {
		"item": "titanium",
		"liquid": {
		    "liquid": "water",
		    "amount": 0.05
		}
	},
	"requirements": [
		{ "item": "铜板", "amount": 30 },
		{ "item": "铅板", "amount": 40 },
		{ "item": "钛板", "amount": 30 },
		{ "item": "metaglass", "amount": 60 },
		{ "item": "silicon", "amount": 20 }
	],
	"category": "crafting",
	"research": "沙子压磨机",
	"alwaysUnlocked": false,
	"idleSound": "respawning",
	"idleSoundVolume": 0.5
}



/*
            craftEffect = Fx.none;
            drawer = new DrawAnimation();
            
            drawer = new DrawRotator();