{
    "details": "Fuck！！",
    "requirements": [
        {
            "amount": 7,
            "item": "铜板"
        },
        {
            "amount": 5,
            "item": "钛板"
        },
        {
            "amount": 6,
            "item": "phase-fabric"
        },
        {
            "amount": 10,
            "item": "塑料"
        },
        {
            "amount": 4,
            "item": "metaglass"
        }
    ],
    "description": "塑料具有更强的延展性和韧性以及气密性，配合相位物可以让桥梁跨越多个方块而不失风姿。",
    "category":"liquid",
	"research": "phase-conduit",
	"hasPower": true,
	"consumes": {
	    "power": 0.6
	},
	"range": 16,
	"canOverdrive": false,
	"type": "LiquidBridge"
}