{
	"type": "GenericSmelter",
	"name": "黏土制造机",
	"description": "用于制造黏土.",
	"outputItem": {
		"item": "黏土", "amount": 5
	},
	"itemCapacity": 30,
	"size": 2,
	"hasPower": false,
	"hasLiquids":true,
		"hasItems": true,
	"craftTime": 15,
	"updateEffect": "none",
	"consumes": {
		"items": {
			"items": [
				{ "item": "sand", "amount": 3 }
			]
	},
	"liquid": { 
	    "liquid":"water",
	    "amount": 0.1
	} ,
	"power": 2.63
},
			"requirements": [
		{ "item": "塑料", "amount": 70 },
		{ "item": "silicon", "amount": 30 },
		{ "item": "titanium", "amount": 60 },
		{ "item": "copper","amount": 100 },
		{ "item": "titanium", "amount": 50 },
		{ "item": "metaglass", "amount": 31 }
			],
	"category": "crafting",
	"research": "旧工业类",
	"alwaysUnlocked": false,
	"idleSound": "respawning",
	"idleSoundVolume": 0.5
}