{
  "type": "ConsumeGenerator",
  "requirements": [ "plastanium/3" ],
  "buildCostMultiplier": 6,
  "explodeOnFull": true,
  "outputLiquid": "water/1",
  "category": "effect",
  "liquidCapacity": 1,
  "consumesPower": true,
  "rebuildable": false,
  "buildVisibility": "shown",
  "research": "mender",
  "consumes": {
    "power": 0.05
  },
  "powerProduction": 0,
  "size": 1,
  "health": 40,
  "destroyBullet": {
    "despawnSound": "wind3",
    "despawnEffect": "massiveExplosion",
    "damage": 0,
    "speed": 0,
    "lifetime": 1,
    "frontColor": "ffffff",
    "backColor": "ffffff",
    "width": 32,
    "height": 32,
    "fragBullets": 360,
    "hitSize": 1,
    "hittable": false,
    "fragSpread": 1,
    "fragRandomSpread": 0,
    "fragVelocityMin": 1,
    "fragBullet": {
      "damage": 0,
      "knockback": 16,
      "lifetime": 18,
      "speed": 5,
      "height": 32,
      "width": 32,
      "buildingDamageMultiplier": 0,
      "hitEffect": "smeltsmoke",
      "despawnEffect": "none",
      "frontColor": "ffffff",
      "backColor": "ffffff",
      "collidesTiles": false,
      "hitSize": 16,
      "collidesGround": false,
      "hittable": false,
      "reflectable": false
    }
  }
}