{	
  "type":"flying",
	"name":"阿尔法·III",
	"description":"集中强化建造和挖矿速度以及火力，速度有所降低",
	"itemCapacity":55,
	"hitSize":8,
	"canDrown":false,
	"armor":6,
	"speed":3.4,
	"drag": 0.05,
	"accel": 0.1,
	"rotateSpeed": 30,
	"health": 730,
	"mineSpeed": 10,
	"mineTier": 2,
	"flying": true,
	"faceTarget": true,
	"buildSpeed": 2.5,
	"ammoType":"copper",
	"ammoCapacity": 120,
	//"immunities":["disarmed"],
	"research":"alpha1",
	"engineOffset": 5, 
	"engineSize": 2,
	"weapons":[
	{	"name": "flyGun1",
			"reload": 8,
			"x": 2.5,
			"y": 1.5,
			"rotate": false,
			"inaccuracy": 0,
			"shootSound": "pew",
			"alternate": true,
			"ejectEffect": "casing1",
			"bullet": {
				"buildingDamageMultiplier": 0.01,
				"damage": 20,
				"speed": 4,
				"lifetime": 60,
				"width": 4,
				"height": 10
			}
			}
	]
}
