{	
  "type":"flying",
	"name":"阿尔法·IV",
	"description":"强化建造速度，增加一门修复激光炮，速度提升",
	"itemCapacity":75,
	"hitSize":8,
	"canDrown":false,
	"armor":9,
	"speed":4,
	"drag": 0.05,
	"accel": 0.1,
	"rotateSpeed": 30,
	"health": 1980,
	"mineSpeed": 12,
	"mineTier": 3,
	"flying": true,
	"faceTarget": true,
	"buildSpeed": 3.5,
	"ammoType":"copper",
	"ammoCapacity": 120,
	//"immunities":["disarmed"],
	"research":"alpha2",
	"engineOffset": 5, 
	"engineSize": 2,
	"weapons":[
	{	"name": "flyGun1",
			"reload": 10,
			"x": 2.5,
			"y": 1.5,
			"rotate": false,
			"inaccuracy": 0,
			"shootSound": "pew",
			"alternate": true,
			"ejectEffect": "casing1",
			"bullet": {
				"buildingDamageMultiplier": 0.01,
				"damage": 30,
				"speed": 4,
				"lifetime": 80,
				"width": 5,
				"height": 12
			}
    },
	{	"name": "hh1",
			"reload": 60,
			"x": 0,
			"y": -0.5,
			"rotate": true,
			"mirror":false,
      "top":true,
			"inaccuracy": 1,
			"shootSound": "missile",
			"ejectEffect": "casing1",
			"bullet": {
          "buildingDamageMultiplier": 0,
          "type":"MissileBulletType",
          "frontColor":"FFFFFF",	
          "backColor":"97FFA8",
          "trailColor":"97FFA8",
          "width":12,	 "height":15,
          "hitEffect":"none",
          "hitSound":"none",
          "despawnEffect":"none",
          "speed": 4.6,
          "damage": 128,
          "lifetime": 90.0,
          "healPercent": 8.0,
          "collidesTeam": true,
          "hittable": false,
          "reflectable": false,
          "fragBullets": 6,
          "fragVelocityMax": 1,
          "fragVelocityMin": 1,
          "fragBullet": {
              "buildingDamageMultiplier": 0,
              "type":"MissileBulletType",
              "frontColor":"FFFFFF",	
              "backColor":"97FFA8",
              "trailColor":"97FFA8",
              "width":9,	 "height":10,
              "hitEffect":"none",
              "hitSound":"none",
              "despawnEffect":"none",
              "speed": 4,
              "damage": 45,
              "lifetime": 45.0,
              "healPercent": 4.0,
              "collidesTeam": true,
              "hittable": false,
              "reflectable": false
          }
        }
			}
	]
}
