{
	"type":"mech",//类型，写在js里了故此处不写
	"name":"磐岩",//名字
	"description":"向敌人连射子弹。",//介绍
	"details":"“安如磐石”"
	"research":"黄铁",//科技树前置
	"health":265,//血量
	"armor":2,//防御
	"speed":0.8,//速度
	"hitSize":8,
	"itemCapacity":15,//物品容量
	"range":160
	"weapons":[{//武器
		"name":"磐岩炮",//武器贴图
		"mirror":true
		"reload":90,//攻速
		"x":0,"y":0,//位置
		"shootX":-4.5
		"top": false,//旋转
		"ejectEffect":"casing1",//攻击特效
		"shootSound":"shoot"
"shoot":{
    "type":"shootBarrel",
    "shots":3,
    "shotDelay":6,
}
		"bullet": {//子弹
			"type":"BasicBulletType",//类型
			"inaccuracy":7,//不准确度
			"damage":16,//单体伤害
			"speed":4.5,//速度
			"trailLength": 6,//尾迹长
            "trailWidth": 2,//尾迹宽
            "trailColor":"ffce7b",//尾迹颜色
			"width":10,"height":10,//宽长度
			"lifetime":35,//存在时间
			"backColor":"ffce7b",
			//子弹边缘颜色
			"frontColor":"FFF7DDFF",
			//子弹中心颜色
			"shootEffect":"shootSmall"}}]
}