{
"type":"payload"
"name":"德尔塔",
"description":"来源于超代核心的操控主机 配有磁电射击装置 属空中部队 可建造结构",
"controller":"BuilderAI"
"isCounted":false,
"flying":true,
"lowAltitude":true
"hovering":false
"circleTarget":true
"mineTier":4
"mineSpeed":10
"itemCapacity":100
"buildSpeed":2
"speed":3
"range":320
"hitSize":5
"health": 2000,
"armor":4
"engineOffset":7
"engineSize":2.5
"itemCapacity":30
"commandLimit":8
"ammoCapacity":100,
"ammoResupplyAmount":50,
"weapons":[
{
    "x":0
    "y":3
  "width":3
  "top": false
  "rotate":false
  "mirror": false
  "shootSound":"spark",
  "name":"滑稽"
  "reload": 60
  "shots": 2,
  "range":160
  "inaccuracy":0
  "alternate":false
  "ignoreRotation": false,
  "bullet":{
"type":"LaserBulletType"
"colors":["FAAF87FF" "EBBD86FF" "FFF0F0FF"]
 "buidingDamageMultiplier": 0.01
 "hitEffect":"hitLancer"
 "despawnEffect":"none"
 "length":288
 "width":24
 "hitSize":4
 "lifetime":12
 "drawSize":400
 "damage":50
"collidesAir": true
}
}
]
}