{
"research":{
"parent":"omura",
"requirements":[
"graphite/1220",
"surge-alloy/1000",
"plastanium/940",
"phase-fabric/850",
"copper/1240",
"lead/1240",
"esilicon-crystal/1300"
]
},
"type":"naval",
"armor":30,
"drag":0.17,
"targetAir":true,
"range":300,
"hitSize":64,
"health":68300,
"speed":0.58,
"accel":0.18,
"rotateSpeed":0.8,
"trailScl":4,
"trailLength":75,
"weapons":[
{
"name":"kunlongyouli",
"shootCone":25,
"alternate":true,
"mirror":true,
"top":true,
"y":-32,
"x":28,
"rotate":true,
"rotateSpeed":2.9,
"reload":18,
"recoil":4.5,
"shoot":{
"type":"shootPattern",
"shots":4,
"shotDelay":1
},
"shootY":8,
"inaccuracy":10,
"xRand":11,
"shootSound":"missile",
"velocityRnd":0.4,
"bullet":{
"keepVelocity":false,
"type":"MissileBulletType",
"hitEffect":"flakExplosion",
"despawnEffect":"flakExplosion",
"shootEffect":"shootBig",
"damage":60,
"speed":6,
"lifetime":60,
"homingPower":0.0567,
"homingRange":100,
"weaveScale":5,
"weaveMag":5,
"height":14,
"width":10,
"splashDamageRadius":20,
"splashDamage":38
}
},
{
"name":"kunlongzhu",
"x":0,
"y":14,
"reload":380,
"top":true,
"rotate":true,
"mirror":false,
"cooldownTime":380,
"recoil":5.5,
"rotateSpeed":1.0,
"shootY":4,
"shake":1,
"shootSound":"beam",
"ejectEffect":"none",
"chargeSound":"lasercharge2",
"continuous":true,
"bullet":{
"type":"ContinuousLaserBulletType",
"damage":65,
"width":5,
"length":300,
"drawSize":470,
"lifetime":340,
"shake":0.5,
"despawnEffect":"smokeCloud",
"smokeEffect":"smokeCloud",
"hitEffect":"hitMeltdown",
"shootEffect":"bigShockwave"
}
}
{
"name":"kunlongfu",
"top":true,
"mirror":true,
"alternate":false,
"y":0,
"x":19,
"rotate":true,
"rotateSpeed":4,
"inaccuracy":8,
"shootY":8,
"reload":4.5,
"recoil":2,
"shake":0.5,
"shoot":{
"type":"shootPattern",
"shots":1,
"shotDelay":5
},
"ejectEffect":"casing2",
"shootSound":"shoot",
"bullet":{
"type":"basicBulletType",
"hitEffect":"hitBulletSmall",
"shootEffect":"shootBig2",
"despawnEffect":"flakExplosion",
"trailParam":5,
"trailLength":13,
"trailWidth":1.5,
"knockback":0.5,
"statusDuration":80,
"status":"blasted",
"lifetime":80,
"damage":48,
"speed":4,
"width":6,
"height":10,
"splashDamage":50,
"splashDamageRadius":35
}
},
]
}
