{
    "type": "items",
    "name": "[#00caff]水晶矩阵",
    "description": "巨浪合金,废料混而成者,非其终形,犹可复压缩",
    "details": "“谁能想到这看似无用的钻石晶格，竟是通往吞金地狱的银白门钥？”\n“无数人为了门后的秘辛赌尽所有，却只是得到了一副更加沉重的担子。”\n“……但我相信，还是有足够多的人能成功，能够领略到那无穷万物背后的奥秘。”\n\n——《无尽研究手记》守护者Novic",
    "color": "00caff",
    "cost": 10,
    "hardness": 10,
    "explosiveness": 0,
    "radioactivity": 0,
    "charge": 0,
    "flammability": 0,
    "research": "无尽贪婪"
}