{
    "type": "GenericCrafter",
    "name": "解包器-矿渣",
    "description": "打包器的逆向",
	"outputLiquid": slag/1
    "size": 3,
    "itemCapacity": 240,
    "hasPower": true,
    "hasLiquids": true,
    "hasItems": true,
    "craftTime": 60,
    "consumes": {
        "power": 1,
        "items": {
            "items": [
                {
                    "item": "矿渣桶",
                    "amount": 50
                }
            ]
        },
    },
    "requirements": [
        {
            "item": "copper",
            "amount": 125
        },
        {
            "item": "lead",
            "amount": 125
        },
        {
            "item": "metaglass",
            "amount": 80
        },
        {
            "item": "silicon",
            "amount": 65
        },
        {
            "item": "titanium",
            "amount": 60
        }
    ],
    "category": "crafting",
    "research": "打包器-矿渣",
    "updateEffect": "pulverizeMedium"
}