{
	"type": "ShockMine",
	"name": "压电地雷",
	"size": 1,
	"hasShadow":false,
	"underBullets": true,
	"health": 45,
	"tileDamage": 45,
	"damage": 30,
	"length": 9,
	"tendrils": 5,
	"lightningColor": "b9c7f0",
	"destroyBullet": {
		"type": "BasicBulletType",
		"damage": 24,
		"status": "扰频",
		"statusDuration": 300,
		"splashDamageRadius": 35,
		"splashDamage": 70,
		"buildingDamageMultiplier": 0.1,
		"sprite": "circle-bullet",
		"frontColor": "FFFFFF",
		"backColor": "BFFFDB",
		"width": 4,
		"height": 4,
		"hitSound": "plasmaboom",
		"despawnEffect": {
			"type": "MultiEffect",
			"effects": [
				{
					"type": "WaveEffect",
					"lifetime": 8,
					"sizeFrom": 0,
					"sizeTo": 35,
					"strokeFrom": 2.5,
					"strokeTo": 1,
					"colorFrom": "ffffff",
					"colorTo": "b9c7f0"
				},
				{
					"type": "ParticleEffect",
					"particles": 16,
					"line": true,
					"lenFrom": 8,
					"lenTo": 0,
					"strokeFrom": 1.2,
					"strokeTo": 0.8,
					"interp": "fastSlow",
					"sizeInterp": "pow3In",
					"length": 32,
					"baseLength": 8,
					"lifetime": 30,
					"colorFrom": "ffffff",
					"colorTo": "b9c7f0"
				}
			]
		},
		"hitEffect": "none",
		"collidesAir": false,
		"collides": false,
		"hittable": false,
		"absorbable": false,
		"instantDisappear": true,
		"speed": 0
	},
	"category": "effect",
	"research": "shock-mine",
	"requirements": [
		"silicon/10",
		"晶栅/4"
	]
}