{
	// 单位重构机的类型标识
	"type": "Reconstructor",
	
	// 建筑名称（显示在游戏中）
	"name": "武器装配工厂",
	
	// 建筑占用的格数（4x4）
	"size": 4,
	
	// 液体储存容量（单位：液体单位）
	"liquidCapacity": 150,
	
	// 生产消耗资源配置
	"consumes": {
		// 修改后的电力消耗（从45提升至248）
		"power": 12,
		
		// 消耗的固体材料清单
		"items": [
			"silicon/190",  // 硅/130单位
			"赤铁/120",      // 赤铁/120单位
			"粗辉/200",      // 粗辉石/200单位
			"copper/100",   // 铜/100单位
			"石英/150"       // 石英/150单位
		],
		
		// 消耗的液体类型及速率（冷冻液/每秒1单位）
		"liquid": "cryofluid/1"
	},
	
	// 单位升级路径配置
	"upgrades": [
		["空1", "空2"],  // 第一级升级路径
		["落星", "坠星"]  // 第二级升级路径
	],
	
	// 建筑建造所需时间（单位：帧，5000帧≈83秒）
	"constructTime": 5000,
	
	// 建筑建造所需资源
	"requirements": [
		"粗辉/2300",  // 粗辉石2300单位
		"赤铁/120",   // 赤铁120单位
		"copper/750", // 铜750单位
		"石英/30"     // 石英30单位
	],
	
	// 建筑分类（属于单位生产类）
	"category": "units",
	
	// 建筑可见性（始终显示在建造菜单）
	"buildVisibility": "shown",
	
	// 研究成本系数（0表示无需研究资源）
	"researchCostMultiplier": 0,
	
	// 研究解锁条件配置
	"research": {
		// 前置研究名称
		"parent": "新式工厂",
		
		// 解锁目标条件
		"objectives": [
			{
				// 条件类型：占领特定区域
				"type": "OnSector",
				
				// 指定区域名称：山地堡垒
				"preset": "山地堡垒"
			}
		]
	}
}
