{
	"type": "UnitFactory",
	"name": "新式工厂",
	"health": 200,
	"size": 3,
	"consumes": {
		"power": 3
	},
	"plans": [
		{
			"unit": "落星",
			"time": 1980,
			"requirements": [
				"石英/100",
				"silicon/30",
				"赤铁/10",
				"密度电磁块/20"
			]
		},
		{
			"unit": "空1",
			"time": 700,
			"requirements": [
				"石英/100",
				"密度电磁块/20"
			]
		},
		

	],
	"requirements": [
		"密度电磁块/60",
		"赤铁/100",
		"石英/180",
		"粗辉/100"
	],
	"category": "units",
   "research": {
		"parent": "密度电磁块",
		"objectives": [
			{
				"type": "OnSector",
				"preset": "山地堡垒"
			}
		]
	}
}
