{
	"name":"DOV"
	"description": "等离子体气相沉积室，通过气相沉积制得超纯单晶",
	"health": 360,
	"size": 3,
	"hasPower": true,
	"hasItems": true,
	"hasLiquids":true,
    "drawer": {
        "type": "DrawMulti",
        "drawers": [
            {
                "type": "DrawRegion",
                "suffix": "-bottom"
            },
            "DrawDefault",
        ]
    },
	"liquidCapacity":240,
	"itemCapacity":30
	"requirements": [
	//{"item":"没有东西","amount":1}
 	{ "item": "塑料", "amount":150},
 	{ "item": "metaglass", "amount":100 },
	{ "item": "芯片", "amount":50 }
	{"item":"钨","amount":140}
	{"item":"graphite","amount":200}
	],
	"category": "crafting",
	"research":"超净间"

}