{
	"type": "GenericCrafter",
	"description": "在氮气的催化下高效编织相织布",	
	"name": "编织总线",
	"outputItem": {
		"item": "phase-fabric",
		"amount": 3
	},
	"itemCapacity": 30,
	"size": 3,
	"updateEffect":"steam"
	"drawer": {
		"type": "DrawMulti",
		"drawers": [
			{
				"type": "DrawRegion",
				"suffix": "-bottom"
			},
            {
                "type": "DrawRegion",
                "suffix": "-spinner",
                "rotateSpeed":1
                "rotation":45
            },
            {
                "type": "DrawRegion",
                "suffix": "-spinner",
                "rotateSpeed": -1
                "rotation":-45
            },
			"DrawDefault"
		{"type":"DrawFlame",
		"flameRadius": 0,
		"flameRadiusIn": 0,
		"flameRadiusMag": 0,
		"flameRadiusInMag": 0}
		]
	},
	"craftTime": 60,
	"consumes": {
		"power": 8,
		"items": {
			"items": [
				"thorium/6",
				"sand/10",
			]}
		"liquids": {
		    "liquids": [
		        {"liquid": "nitrogen","amount":0.25},
  	        ]
},
	},
	"requirements": [
		"塑料/300",
		"thorium/200"
		"钨/100"
		"单晶硅/150"
	],
	"ambientSound": "techloop",
	"ambientSoundVolume": 0.5,
	"category": "crafting",
	"research": "phase-weaver"
}