{
	"name": "FBLS",
	"description": "液相扩散离心机，可以从反应堆废料中离心有效成分",
	"itemCapacity":30,
	"health":1000,
	"size":4,
	"hasPower": true,
	"hasLiquids": true,
	"hasItems": true,
	//"craftTime":120,
	"craftEffect": "formsmoke",
	"updateEffect": "plasticburn",
	/*"consumes": {
		"power":12,
		"liquid": {
			"liquid": "反应堆废料",
			"amount": 0.3
		},
	},*/
  	"liquidCapacity": 120,
	/*"results": [
        {
            "item": "钚",
            "amount":2
        },
        {
            "item": "铀"
            "amount":1
        },
    ]*/
	"requirements": [
		{ "item": "titanium", "amount":400},
	    {"item":"thorium","amount":300},
	    {"item":"单晶硅","amount":200},
	    {"item":"塑料" "amount":500}
	    {"item":"芯片","amount":100}
	],
	"category": "crafting",
	"research": {
		"parent": "激光分离室",
		"objectives": [
			{
				"type": "SectorComplete",
				"preset": "辐射带"
			}
		]
	}
	"drawer": {
        "type": "DrawMulti",
        "drawers": [
            {
                "type": "drawRegion",
                "suffix": "-bottom"
            },
			{
	            "type":"DrawArcSmelt"
	        },
            {
                "type": "DrawRegion",
                "suffix": "-spinner",
                "spinSprite": true,
                "rotateSpeed": 4
            },
            {
                "type": "DrawRegion",
                "suffix": "-spinner",
                "spinSprite": true,
                "rotateSpeed": -4
            },
            "DrawDefault",
            {
                "type": "DrawLiquidRegion",
                "drawLiquid": "反应堆废料",
                "suffix": "-liquid"
            },
		{"type":"DrawFlame",
		"flameRadius": 0,
		"flameRadiusIn": 0,
		"flameRadiusMag": 0,
		"flameRadiusInMag": 0}
        ]
    }
}