{
	"name": "SILEX",
	"description": "使用激光富集低纯钚中的钚-239，需要FEL提供激光",
	"itemCapacity":10,
	"health":1000,
	"size":4,
	"hasPower": true,
	"hasItems": true,
	"craftTime":600,
	"craftEffect": "formsmoke",
	"updateEffect": "plasticburn",
	"consumes": {
		"power":3,
		"liquid":{"liquid":"六氟化钚","amount":0.125}
	},
	"outputItem": { "item": "武器级钚","amount": 1},
	"requirements": [
		{ "item": "titanium", "amount":400},
	    {"item":"塑料" "amount":600}
	    {"item":"芯片","amount":100}
	    {"item":"钻石","amount":50}
	],
	"category": "crafting",
	"research": "FBLS",
}