{
      "health": 80,
      "size":1,
      "speed": 4.5,
      "solid": "true",
      "update": "true",
      "hasItems": "true",
      "type":"Unloader",
      "confugurable": "true",
      "description": "好耶\n又可以高血压了",
      "name":"碳钢装卸器",
      "requirements": [
          {"item": "碳钢", "amount":25},
          {"item": "graphite", "amount":25},
	],
		"category": "effect",
    "research": {
	"parent": "g00铜装卸器"//科技树前置
	"requirements": [//研究花费
	"碳钢/500",
	"graphite/500",
	]	},
    "alwaysUnlocked":false,
    }