{
	"name":"进阶钚提炼厂",
	"description":"进阶提炼钚",
	"size":3,
	"outputItem":
		{"item":"Pu","amount":4},
	"consumes":{
		"power":10.0,
		"items":{
			"items":[
				{"item":"U","amount":10},
				{"item":"U-235","amount":2}
			]
		}
	},
	"requirements":[
		{"item":"Fe-C","amount":2550},
		{"item":"Mg-Al","amount":1800},
		{"item":"Ti+","amount":1200},
		{"item":"xvx-ai","amount":300},
		{"item":"普通科技点","amount":540}
	],
	"hasItems":true,
	"craftTime":300,
	"health":3500,
	"itemCapacity":50,
	"research":{
	"parent":"Pu-Plant",
    "requirements":[
		{"item":"Fe-C","amount":25500},
		{"item":"Mg-Al","amount":18000},
		{"item":"Ti+","amount":12000},
		{"item":"xvx-ai","amount":30}
	]},
	"category":"crafting"
}