{
"name":"异端级",
"description":"异端级突击护卫舰
优先攻击:任何
伤害抗性:13
护盾强度:4800
护盾恢复:240/秒
护盾重启:25秒
AI类型:线列
舰船类型:突击舰
舰船规格:护卫舰",
"flying":true,
"lowAltitude":true
"speed":2.44
"hitSize":20
"health": 15500,
"faceTarget":false
"armor":13
"engineOffset":13
"engineSize":3
"engineColor":"43CD80"
"shootSound":"pew",
"range":216
"mineSpeed":3
"mineTier":2
"itemCapacity":150
"buildSpeed":1.5
"commandLimit":8
"ammoCapacity":500,
"ammoResupplyAmount":50,
}