{
  "name":"冰霜工业",
  "author": "[#E0FFFF]js屁都没看懂的2356",
  "description":"[#D1EEEE]2180年，地球发生内乱，分成两派：“近地”“远空”。内乱造成的大战使地球的生态系统发生改变，在核辐射中生长的变异蘑菇和白树吞并了大量的城市和原生态系统。然而，地球并没有停止内乱。你是近地派的前线指挥官。在新世纪的科技加持下，要尽量抵挡远空派的前锋部队，挫败他们的进攻。用重工业加强你的防线。在核辐射菌子林中制作石油，在北极圈里采集铜和铅。最终在最初一次大战的发生地：峡谷进行最后的战斗。[#ffffff](PS：因本模组与一开始的“冰霜工业”差距较大，所以想更名为重工业，但因某些原因不能这么做:|)
  [#FFFFFF]之后的更新会在模组文件中的txt文件说明
  冰霜工业模组交流群：1097484464，欢迎来此痛打作者(滑稽)",
  "version": 正式版 0.7
  "dependencies":["冰霜工业-前置"]
}
