{
  "type":"flying",
  "flying":true,
  "name":"重兵",
  "description":"t3量子空战单位，搭载轨道炮与一对激光炮。缓慢生产杂兵单位。能够建造建筑。",
  "details":"[red]单位代号--常规作战单位A.3.[]\n其实最初是轰击在后勤被雷霆搬运的过程中走火了，直接给雷霆干废了。他们有感而发，方造此物。\n[blue]激光炮是用来防止被主炮的低射速搞死才装的...",
  "health":45500,
  "armor":74,
  "hitSize":52,
  "speed":2.5,
  "accel":0.08,
  "drag":0.08,
  "rotateSpeed":3.5,
  "ammoType":"钨",
  "ammoCapacity":260,
  "itemCapacity":150,
  "faceTarget":true,
  "fogRadius":130,
  "lightRadius":130,
  "buildSpeed":2.5,
  "buuldRange":320,
  "buildOffest":16,
  "engines":[
    {
      "x":-13,
      "y":-26,
      "radius":4,
      "rotation":-45
    },
    {
      "x":-0,
      "y":-24,
      "radius":8,
      "rotation":0
    },
    {
      "x":13,
      "y":-26,
      "radius":4,
      "rotation":45
    }
  ],
  "immunities":["freezing","melting","corroded","slow","腐朽"],
  "abilities":[
    {
      "type":"RepairFieldAbility",
      "amount":1000,
      "range":160,
      "reload":60
    },
    {
      "type":"RepairFieldAbility",
      "amount":1000,
      "range":160,
      "reload":60
    }
    {
      "type":"StatusFieldAbility",
      "effect":"宏观修复t1",
      "duration":120,
      "range":160,
      "reload":120,
      "acitveEffect":{
        "type":"MultiEffect",
        "effects":[
          {
            "type":"ParticleEffect",
            "particles":8,
            "baseLength":32,
            "length":-32,
            "spin":3,
            "region":"量子技艺-三角形",
            "lifetime":60,
            "colorFrom":"FFFFFF",
            "colorTo":"BFFFDB",
            "sizeFrom":8,
            "sizeTo":0
          },
          {
            "type":"WaveEffect",
            "lifetime":90,
            "colorFrom":"BFFFDB",
            "colorTo":"FFFFFF",
            "strokeFrom":8,
            "strokeTo":0,
            "sizeFrom":80,
            "sizeTo":80
          }
          {
            "type":"WaveEffect",
            "lifetime":90,
            "colorFrom":"BFFFDB",
            "colorTo":"FFFFFF",
            "strokeFrom":8,
            "strokeTo":0,
            "sizeFrom":120,
            "sizeTo":120
          }
        ]
      }
    },
  ],
  "weapons":[
    {
      "name":"空3-1",
      "x":8,
      "y":0,
      "reload":600,
      "inaccuracy":0
      "rotateSpeed":1,
      "rocoil":8,
      "recoilTime":48,
      "shootSound":"railgun",
      "shootSoundVolume":3,
      "shake":6,
      "bullet":{
        "damage":9600,
        "splashDamage":3500,
        "splashDamageRadius":100,
        "pierceCap":4,
        "pierceBuilding":true,
        "lifetime":26,
        "speed":40,
        "width":20,
        "height":32,
        "frontColor":"BFFFDB",
        "backColor":"FEEBB3",
        "trailColor":"FEEBB3",
        "trailWidth":2,
        "trailLength":4,
        "status":"电路受损",
        "statusDuration":600,
        "lightning":2,
        "lightningDamage":240,
        "lightningColor":"BFFFDB"
        "lightningLength":40,
        "hitSound":"plasmaboom"
      }
    },
    {
      "name":"空3-2",
      "x":16,
      "y":16,
      "mirror":true,
      "reload":300,
      "rotateSpeed":6,
      "chargeSound":"lasercharge2",
      "shootSound":"laserbig",
      "bullet":{
        "type":"ContinuousLaserBulletType",
        "damage":100,
        "width":16,
        "length":320,
        "colors":[
          "007BFF",
          "FEEBB3",
          "FFFFFF"
        ],
        "lifetime":300,
        "hitSound":"lasershoot",
        "hitEffect":{
            "type":"MultiEffect",
            "effects":[
              {
                "type":"WaveEffect",
                "lifetime":150,
                "strokeFrom":8,
                "strokeTo":0,
                "colorFrom":"BFFFDB",
                "colorTo":"FFFFFF",
                "sizeFrom":32,
                "sizeTo":32
              },
              {
                "type":"WaveEffect",
                "lifetime":150,
                "strokeFrom":8,
                "strokeTo":0,
                "colorFrom":"BFFFDB",
                "colorTo":"FFFFFF",
                "sizeFrom":64,
                "sizeTo":64
              },
              {
                "type":"WaveEffect",
                "lifetime":150,
                "strokeFrom":8,
                "strokeTo":0,
                "colorFrom":"BFFFDB",
                "colorTo":"FFFFFF",
                "sizeFrom":128,
                "sizeTo":128
              },
              {
                "type":"ParticleEffect",
                "particles":10,
                "baseLength":16,
                "length":48,
                "spin":0,
                "line":true,
                "lifetime":120,
                "strokeFrom":8,
                "strokeTo":0,
                "colorFrom":"FEEBB3",
                "colorTo":"BFFFDB"
              }
            ]
        },
        "status":"melting",
        "statusDuration":360,
        "fragBullets":1,
        "fragBullet":{
          "damage":12,
          "splashDamage":25,
          "spalshDamageRadius":20,
          "pierceCap":2,
          "knockback":2,
          "lifetime":12,
          "speed":4,
          "frag":-0.004,
          "width":4,
          "height":8,
          "frontColor":"FEEBB3",
          "backColor":"FFFFFF",
          "hitSound":"plasmaboom",
          "hitSoundVolume":0.5,
          "hitEffect":{
            "type":"MultiEffect",
            "effects":[
              {
                "type":"WaveEffect",
                "lifetime":90,
                "strokeFrom":4,
                "strokeTo":0,
                "colorFrom":"BFFFDB",
                "colorTo":"FFFFFF",
                "sizeFrom":20,
                "sizeTo":20
              },
              {
                "type":"WaveEffect",
                "lifetime":90,
                "strokeFrom":4,
                "strokeTo":0,
                "colorFrom":"BFFFDB",
                "colorTo":"FFFFFF",
                "sizeFrom":40,
                "sizeTo":40
              },
              {
                "type":"WaveEffect",
                "lifetime":90,
                "strokeFrom":4,
                "strokeTo":0,
                "colorFrom":"BFFFDB",
                "colorTo":"FFFFFF",
                "sizeFrom":80,
                "sizeTo":80
              },
              {
                "type":"ParticleEffect",
                "particles":10,
                "baseLength":16,
                "length":32,
                "spin":0,
                "line":true,
                "lifetime":60,
                "strokeFrom":4,
                "strokeTo":0,
                "colorFrom":"FFFFFF",
                "colorTo":"FFFFFF"
              }
            ]
          },
          "status":"burning",
          "statusDuration":120,
        }
      }
    }
  ]
}