{
    "type": "legs",
	"legCount": 6,
	"legLength": 30,
	"legForwardScl": 0.5,
	"legMoveSpace": 1,
	"hovering": true,
	"canDrown": false,
	"legContinuousMove": true,
	"name": "歼灭",
	"speed": 1,
	"hitSize": 29,
	"ammoCapacity": 8,
	"ammoType": "graphite",
	"targetAir": false,
	"research": "坍星",
	"health": 10000,
	"armor": 100,
	"drag": 0.2,
	"rotateSpeed": 2.5,
	"faceTarget": true,
	"requirements": {
		"block": "exponential-reconstructor",
		"previous": "坍星"
	}
	"weapons": [
		{
			"name": "王座 重机枪",
			"reload": 30,
			"shoot": {
				"shots": 10,
				"shotDelay": 2
			},
			"x": 17.5,
			"y": -1,
			"shootY": 10,
			"rotate": false,
			"inaccuracy": 3,
			"shootSound": "重武器-打击",
			"alternate": true,
			"top": false,
			"ejectEffect": "casing4",
			"shake": 3,
			"bullet": {
				"damage": 35,
				"splashDamage": 45,
				"splashDamageRadius": 35,
				"lightningDamage": 25,
				"lightning": 5,
				"lightningLength": 8,
				"lightningLengthRand": 3,
				"status": "shocked",
				"statusDuration": 60,
				"speed": 15,
				"lifetime": 16,
				"smokeEffect": "shootBig",
				"width": 10,
				"height": 15,
				"hitEffect": "flakExplosionBig",
				"despawnEffect": "flakExplosionBig"
			}
		},
		{
			"name": "权杖2",
			"reload": 10,
			"x": 10,
			"y": 7,
			"rotate": true,
			"rotateSpeed": 9,
			"inaccuracy": 0,
			"alternate": true,
			"ejectEffect": "casing1",
			"bullet": {
				"damage": 19,
				"speed": 8,
				"lifetime": 23,
				"width": 5,
				"height": 10
			}
		},
		{
			"name": "权杖2",
			"reload": 15,
			"x": 10,
			"y": -8,
			"rotate": true,
			"rotateSpeed": 9,
			"inaccuracy": 0,
			"alternate": true,
			"ejectEffect": "casing1",
			"bullet": {
				"damage": 21,
				"speed": 8,
				"lifetime": 23,
				"width": 5,
				"height": 10
			}
		}
	]
}