{
    "type": "legs",
	"legCount": 8,
	"legLength": 70,
	"legForwardScl": 1,
	"legMoveSpace": 0.8,
	"hovering": false,
	"description":" 带来强制性的毁灭与突破 ",
	"canDrown": false,
	"legContinuousMove": false,
	"name": "[red]灭世",
	"speed": 0.3,
	"hitSize": 39,
	"ammoCapacity": 8,
	"ammoType": "graphite",
	"targetAir": false,
	"research": "歼灭",
	"health": 70000,
	"armor": 200,
	"drag": 0.2,
	"rotateSpeed": 2.5,
	"faceTarget": true,
	"research": "歼灭",
	"requirements": {
		"block": "tetrative-reconstructor",
		"previous": "歼灭"
	    }
	
	"weapons": [
		{
			"name": "重炮",
			"reload": 10,
			"shake": 2,
			"shoot": {
				"shots": 3,
				"shotDelay": 2
			},
			"recoil": 5,
			"x": 25,
			"y": 0,
			"shootX": 0,
			"shootY": 11,
			"rotate": true,
			"top": false,
			"inaccuracy": 1,
			"rotateSpeed": 1
			"shootSound": "artillery",
			"alternate": true,
			"ejectEffect": "casing4",
			"bullet": {
				"status": "blasted",
				"damage": 71,
				"pierceArmor": true,
				"pierce": true,
				"pierceCap": 10,
				"speed": 15,
				"lifetime": 15.3,
				"shootEffect": "shootBig",
				"smokeEffect": "shootBigSmoke",
				"width": 13,
				"height": 34,
				"hitSound": "explosion",
				"hitEffect": "flakExplosion",
				"fragBullets": 2,
				"fragRandomSpread": 30,
				"fragBullet": {
					"damage": 33,
					"width": 10,
					"height": 10,
					"pierce": true,
					"pierceBuilding": true,
					"pierceCap": 3,
					"speed": 16,
					"lifetime": 10,
					"hitSound": "explosion",
					"hitEffect": "flakExplosion",
					"splashDamage": 19,
					"splashDamageRadius": 16
				}
			}
		},
		{
    "name": "重炮"
    "rotationLimit": 24
    "rotateSpeed": 1
    "alternate": ture
    "shootCone": 45
    "rotate": true
    "recoil": 1.5
    "shootY": 11
    "shake": 5
    "x": "19"
    "y": "-1"

    "cooldownTime": 200
    "velocityRnd": 0.2
    "inaccuracy": 5
    "reload": 450

    "chargeSound": "KK74M"
    "shootSound": "重武器-打击"
    "ejectEffect": "casing4"
"shoot": {
    "firstShotDelay": 102
    "shotDelay": 5
    "shots": 96
    }

"bullet": {
    "type": "BasicBulletType"
    "collideTerrain": false
    "pierceBuilding": true
    "despawnShake": 5
    "hittable": true
    "pierce": true
    "hitShake": 5
    "height": 33
    "width": 14

    "buildingDamageMultiplier": 0.35
    "pierceDamageFactor": 0.015

    "splashDamageRadius": 26
    "splashDamage": 54
    "lifetime": 13.5
    "pierceCap": 4
    "damage": 125
    "speed": 23.25

    "incendAmount": 21
    "incendSpread": 9
    "incendChance": 1

    "hitSound": "BT101"
    "hitEffect": "blastExplosion"
    "shootEffect": "shootBig"

    "lightColor": "fff8e8"
    "lightOpacity": 0.7
    "lightRadius": 52

    "trailColor": "f9c27a"
    "trailLength": 3.25
    "trailWidth": 2.75

"smokeEffect": [
    {
    "type": "ParticleEffect"
    "startDelay": 0
    "particles": 7
    "lifetime": 24
    "offsetX": -2
    "line": true
    "cone": 5

    "baseRotation": 0
    "baseLength": 0
    "length": 30

    "strokeFrom": 1.2
    "strokeTo": 0

    "colorFrom": f9c27a
    "colorTo": fff8e8
    },
	],
	},
	},
		
		
		
		
		{
			"name": "权杖2",
			"reload": 15,
			"x": 8,
			"y": 7,
			"rotate": true,
			"rotateSpeed": 9,
			"inaccuracy": 0,
			"alternate": true,
			"ejectEffect": "casing1",
			"bullet": {
				"damage": 30,
				"speed": 9,
				"lifetime": 30,
				"width": 10,
				"height": 20	
			}
		},
	    {"name": "权杖2",
			"reload": 10,
			"x": 18,
			"y": -9,
			"rotate": true,
			"rotateSpeed": 9,
			"inaccuracy": 0,
			"alternate": true,
			"ejectEffect": "casing1",
			"bullet": {
				"damage": 30,
				"speed": 9,
				"lifetime": 30,
				"width": 10,
				"height": 20
			}
		},
		{
			"name": "权杖2",
			"reload": 15,
			"x": 18,
			"y": -9,
			"rotate": true,
			"rotateSpeed": 9,
			"inaccuracy": 0,
			"alternate": true,
			"ejectEffect": "casing1",
			"bullet": {
				"damage": 30,
				"speed": 9,
				"lifetime": 30,
				"width": 10,
				"height": 20
	        }
	    }
	
	
	
	
	
	
	
	
	
	
	
	
	]
	
}