{
	"name":"戟鲸",
	"description":"火力覆盖"
	"hitSize":48,
	//碰撞箱大小
    "rotateSpeed":1.5,
    //转身速度
    "itemCapacity":0,
    //载货量
    "canDrown":false,
    //能否被深水淹死
    "buildSpeed":0,
    //建筑速率
    "type":"naval",
    //海军
    "lowAltitude":true,
    //阴影绘制
    "speed":0.8,
    		"immunities": [
		"潮湿"
	],
    //移动速度
    "health":8000,
    //血量
    "armor":12,
    //装甲
    "trailLength":16,
    //划出的水迹长度 8:1
    "waveTrailX":5,
    "waveTrailY":-5,
    "trailScl":1,
	"researchCostMultiplier": 10,
	"weapons":[
    {	"name": "戟鲸1",
	"reload": 190,  
	"heatProgress": "warmup",
	"heatColor": "FFA665FF"
    "x": 0,  "y": 0,
    "rotate": true,
    "rotateSpeed":2.65,
    "mirror":false,
    "inaccuracy": 0,
	"cooldownTime": 190,
    "shootSound":"artillery",
	"shake":12,
	"parts": [
				{
					"type": "RegionPart",
					"mirror": false,
					"x": 0,
					"y": 0,
					"suffix": "-glow",
					"color":"FFA665FF"
					"blending":"additive"
					"outline":false
					"mirror":false
				}
			],
	"bullet":{
    "damage":300,
    "statusDuration":160,
    "status": "破甲",
    "pierceCap":3,
    "pierce":true,
    "shootEffect":{"type": "ParticleEffect",
    "particles": 25,
    "sizeFrom": 9,"sizeTo": 0,
    "length": 85,"baseLength": 59,
    "lifetime": 35,
    "colorFrom": "FFA665FF",
    "colorTo": "ffffff",
    "cone": 70},
    "despawnEffect":"none",
	"hitEffect":{"type":"MultiEffect",
	"effects": [
	{"type": "ParticleEffect",
    "particles": 15,
    "sizeFrom": 9,"sizeTo": 0,
    "length": 85,"baseLength": 29,
    "lifetime": 25,
    "colorFrom": "FFA665FF",
    "colorTo": "ffffff",
    "cone": 360},
    {"type": "WaveEffect",
    "lifetime": 10,
    "sizeFrom": 5,"sizeTo": 80,
    "strokeFrom":9,"strokeTo":0,
    "colorFrom":"FFA665FF",
    "colorTo": "FFA665FF"}]},    
    "hitSound":"plasmaboom",
    "shrinkY":0, 
    "sprite":"星耀光棱-透彻",
    "width":18,  "height":45,
    "frontColor":"FFA665FF",	
    "backColor":"FFA665FF",
    "trailLength":9,
	"trailWidth":2,
    "trailColor":"FFA665FF",
	"speed":14,"lifetime":60,

}	}
	{
            "shoot": {
                "shots": 10,
                "shotDelay": 5,
                "alternate": false,
                "type": "ShootBarrel",
                "barrels": [
                    0,
                    0,
                    0,
                    -5,
                    0,
                    0,
                    5,
                    0,
                    0
                ]
            },
            "name": "戟鲸2",
            "x": 20,
            "y": -12,
            "rotateSpeed": 1.5,
            "top": true,
            "rotate": true,
            "reload": 60,
            "shootSound": "missile",
            "shots": 1,
            "inaccuracy": 3,
            "alternate": false,
            "ignoreRotation": false,
            "bullet": {
                "speed": 4,
                "type": "MissileBulletType",
                "hitEffect": "explosion",
                "status": "burning",
                "weaveScale": 8,
                "weaveMag": 2,
                "lifetime": 70,
                "damage": 20,
                "splashDamageRadius": 20,
                "splashDamage": 20,
                "knockback": 5,
                "homingPower": 0.2,
                "homingRange": 80,
                "width": 6,
                "shrinkY": 0,
                "height": 8
            }
        },
		{
            "name": "戟鲸3",
            "y":10,
            "x":12,
            "shootY":3,
            "reload":5,
            "alternate":true,
            "recoil":1,
            "shake": 0,
            "shootSound": "artillery",
            "rotate": true,
            "bullet": {
                "type": "BasicBulletType",
                "damage":20,
                "width":11,
                "height":15,
                "lifetime":40,
                "speed":7,
                "shootEffect": "shootSmallSmoke",
                }
            },
        ]
        "research": {
	"parent":"重型兵种生产工厂"
	"objectives": [
            {
				"type": "SectorComplete",
				"preset": "微风群岛"
			}
	]
	}
	"researchCostMultiplier": 10,
}