{
	"name":"江豚",
	"description":"治疗达人"
	"hitSize":48,
	//碰撞箱大小
    "rotateSpeed":1.5,
    //转身速度
    "itemCapacity":0,
    //载货量
    "canDrown":false,
    //能否被深水淹死
    "buildSpeed":0,
    //建筑速率
    "type":"naval",
    //海军
    "lowAltitude":true,
    //阴影绘制
    "speed":0.8,
    		"immunities": [
		"潮湿"
	],
    //移动速度
    "health":9000,
    //血量
    "armor":14,
    //装甲
    "trailLength":16,
    //划出的水迹长度 8:1
    "waveTrailX":5,
    "waveTrailY":-5,
    "trailScl":1,
	"researchCostMultiplier": 10,
	"weapons":[
    {	"name": "江豚1",
	"reload": 190,  
	"heatProgress": "warmup",
	"heatColor": "84F491FF"
    "x": 0,  "y": 0,
    "rotate": true,
    "rotateSpeed":2.65,
    "mirror":false,
    "inaccuracy": 0,
	"cooldownTime": 190,
    "shootSound":"artillery",
	"shake":12,
	"parts": [
				{
					"type": "RegionPart",
					"mirror": false,
					"x": 0,
					"y": 0,
					"suffix": "-glow",
					"color":"84F491FF"
					"blending":"additive"
					"outline":false
					"mirror":false
				}
			],
	"bullet":{
    "damage":100,
    "healPercent":100,
    "statusDuration":160,
    "status": "麻痹",
    "pierceCap":3,
    "pierce":true,
    "shootEffect":{"type": "ParticleEffect",
    "particles": 25,
    "sizeFrom": 9,"sizeTo": 0,
    "length": 85,"baseLength": 59,
    "lifetime": 35,
    "colorFrom": "84F491FF",
    "colorTo": "ffffff",
    "cone": 70},
    "despawnEffect":"none",
	"hitEffect":{"type":"MultiEffect",
	"effects": [
	{"type": "ParticleEffect",
    "particles": 15,
    "sizeFrom": 9,"sizeTo": 0,
    "length": 85,"baseLength": 29,
    "lifetime": 25,
    "colorFrom": "84F491FF",
    "colorTo": "ffffff",
    "cone": 360},
    {"type": "WaveEffect",
    "lifetime": 10,
    "sizeFrom": 5,"sizeTo": 80,
    "strokeFrom":9,"strokeTo":0,
    "colorFrom":"84F491FF",
    "colorTo": "84F491FF"}]},    
    "hitSound":"plasmaboom",
    "shrinkY":0, 
    "sprite":"星耀光棱-透彻",
    "width":18,  "height":45,
    "frontColor":"84F491FF",	
    "backColor":"84F491FF",
    "trailLength":9,
	"trailWidth":2,
    "trailColor":"84F491FF",
	"speed":14,"lifetime":60,

}	}
{
			"name": "江豚3",
			"type": "RepairBeamWeapon",
			"shootX":5,
			"x": 20,
			"y": -14,
			"shootY": 6,
			"beamWidth": 2,
			"mirror": true,
			"repairSpeed": 2,
			"healPercent":100
            "targetUnits":true,
            //目标单位
            "targetBuildings":true,
            "alternate": true,  
            "rotate": true,
            //目标建筑
            "autoTarget":true,
            "shoot":{
	    "type":"ShootSpread",
	    "shots":2,
	    "spread": 0
	    "shotDelay": 0,
		"type": "ShootBarrel",
	},
                        "repairSpeed":7,
			"bullet": {
				"maxRange": 100
			}
		},
		{
		"name":"江豚2"
		"type": "PointDefenseWeapon",
"shootY": 6,
			"beamWidth": 2,
			"x": 10,
			"y": 12,
			"mirror": true,
			"repairSpeed": 2,
            "targetUnits":true,
            "rotate": true,
            //目标单位
            "targetBuildings":true,
            //目标建筑
            "autoTarget":true,
            "reload":9
                "targetInterval":10
                "targetSwitchInterval":15
                        "repairSpeed":7,
			"bullet": {
				"maxRange": 80
				"shootEffect":"sparkShoot"
                    "hitEffect":"pointHit"
                    "maxRange":800
                    "damage":80
			}
		},
        ]
        "research": {
	"parent":"重型兵种生产工厂"
	"objectives": [
            {
				"type": "SectorComplete",
				"preset": "微风群岛"
			}
	]
	}
	"researchCostMultiplier": 10,
}