{
	"name": "铝土矿",
	"description": "一种富含铝的矿石，可以用来生产铝及其合金，这种矿石在萨伏伊尔表面各处都有分布",
	"details":"现实中铝元素在地壳中的含量是第三位，甚至比随处可见的铁还多，不过因为铝的活动性比铁要强很多，生产工艺也很复杂，所以直到19世纪铝才开始被大规模应用"
	"cost":0.8,
	"color": "CA7F00",
	"alwaysUnlocked":false,   
	"hardness":1,
	"healthScaling": 0,
	"radioactivity": 0,
	"explosiveness": 0,
	"flammability": 0,
	"research": "初级强化核心"
}
