{
    "name": "魁恶",
    "description":"?????",
    "template": "ErekirUnitType",
    "type": "tank",
    "research": {
    "parent": "conquer",
    "objectives": [
    "conquer",
    "basic-assembler-module",
    "tank-assembler"
    ],
    "requirements": [
    "beryllium/45000",
	"tungsten/35000",
	"silicon/30000",
	"thorium/33900",
	"graphite/41000",
	"oxide/28000",
	"surge-alloy/15500",
	"phase-fabric/11000",
	"carbide/5000"
    ]
    },
    "envDisabled":0,
    "faceTarget": false,
    "squareShape": true,
    "treadFrames": 184,
    "treadPullOffset": 38,
    "treadRects": [
{
    "x": 25,
    "y": -102,
    "width": 59,
    "height": 215
}
],
    "parts": [
    {
    "type": "RegionPart",
    "layer": 110,
    "colorTo": "FFD37FFF",
    "color": "FFD37FFF",
    "outline": false,
    "suffix": "-glow"
    }
    ],
    "singleTarget": false,
    "omniMovement": false,
    "hitSize" : 55,
    "speed": 0.48,
    "health": 29500,
    "armor": 60,
    "crushDamage": 105,
        "weapons": [
        {
        "name":"e-魁恶炮台1",
        "x":0,
        "y":-6,
        "mirror": false,
        "alternate": false,
        "rotate": true,
        "rotateSpeed": 0.9,
        "reload": 205,
        "shootY":5,
            "bullet": {
        "type": "basicBulletType",
        "spawnUnit": "神恒之心-e-魁恶-导弹",
        "speed": 3.70,
        "makeFire": true,
        "homingRange" : 440,
        "ammoMultiplier": 5.00,
        "backColor":"FFFFFFFF",	
        "frontColor":"FFFFFFFF",
	    "trailColor":"FFFFFFFF"
        }
        },{
        "name":"e-魁恶炮台2",
        "layerOffset":0.0001,
        "reload":12,
        "shootY":10,
        "recoil":1,
        "rotate":true,
        "rotateSpeed":1.4,
        "mirror":false,
        "shootCone":2,
        "x":16,
        "y":23,
        "cooldownTime":30,
        "shoot":"ShootAlternate",
        "bullet":{
        "type":"RailBulletType",
        "length":160,
        "damage":100,
        "pierceDamageFactor":0.8
        }
        },{
        "name":"e-魁恶炮台2",
        "layerOffset":0.0001,
        "reload":12,
        "shootY":10,
        "recoil":1,
        "rotate":true,
        "rotateSpeed":1.4,
        "mirror":false,
        "shootCone":2,
        "x":-16,
        "y":23,
        "cooldownTime":30,
        "shoot":"ShootAlternate",
        "bullet":{
        "type":"RailBulletType",
        "length":160,
        "damage":100,
        "pierceDamageFactor":0.8
        }
        }
    ]
}