{
    "name":"守护卫",
	"description":"配备激光修复系统和可建造建筑",
	"research":"GH-守子核心",
	"immunities":[
    "blasted",
    "burning",
    "electrified",
    "freezing",
    "melting",
    "muddy",
    "sapped",
    "shocked",
    "slow",
    "tarred",
    "unmoving",
    "wet",
    "spore-slowed",
    "corroded",
    "结晶徽章"
    ],
    "envDisabled":0,
	"type":"flying",
	"controller": "BuilderAI",
	"flying":true,
	"accel": 0.2,
	"drag": 0.1,
	"engineSize":5.5,
	"engineColor": "69E0C7FF",
	"engineOffset":8,
	"trailLength": 7.5,
	"trailColor": "69E0C7FF",
	"faceTarget": true,
	"outlineColor":"20202CFF",

	"fogRadius":80,
	"isEnemy": false,
	"targetable": false,
	"hittable": false,
	"rotateSpeed":2.5,
	"mineWalls":true,
	"mineFloor":true,
	"buildSpeed":1.5,
	"speed":4.5,
	"lowAltitude":true,
	"health":850,
	"hitSize":17,
	"itemCapacity":200,
	"mineSpeed":10.5,
	"mineTier":5,
	"armor":15,

	"payloadCapacity":320,
	"pickupUnits":true,
	"vulnerableWithPayloads": true,

	"weapons":[
		{"name": "RepairBeamWeapon",
		"type":"RepairBeamWeapon",
		"widthSinMag":0.05,
		"reload":50,
		"x":0,"y":7.5,
		"rotate":false,
		"beamWidth":0.7,
		"shootCone":1,
		"mirror":false,
		"repairSpeed":3,
		"fractionRepairSpeed":0.03,
		"laserColor":"69E0C7FF",
		"healColor":"69E0C7FF",
		"targetUnits":false,
		"targetBuildings":true,
		"autoTarget":false,
		"controllable":true,
		"bullet": {
		"maxRange": 80
        	}
	    }
	]
}