{
        "type": "missile",
        "name":"结晶孢子1号",
        "envDisabled":0,
        "controller": "MissileAI",
        "lowAltitude": true,
        "speed": 1.8,
        "rotateSpeed": 2.5,
        "lifetime": 600,
        "homingDelay": 5,
        "isEnemy": false,
        "allowedInPayloads": false,
        "playerControllable": false,
        "physics": false,
        "useUnitCap": false,
        "createWreck": false,
        "createScorch": false,
        "flying": true,
        "hidden": false,
        "health": 5800,
        "armor":75,
        "hitSize": 5,
        "outlineColor": "196553FF",
        "engineColor": "69E0C7FF",
        "trailColor": "69E0C7FF",
        "missileAccelTime": 15,
        "engineOffset":1,
        "engineSize": 1.5,
        "drawCell": false,
        "maxRange": 5,
        "trailLength": 0,
        "immunities":[
    "blasted",
    "burning",
    "electrified",
    "freezing",
    "melting",
    "muddy",
    "sapped",
    "shocked",
    "slow",
    "tarred",
    "unmoving",
    "wet",
    "spore-slowed",
    "corroded",
    "结晶徽章",
    "为国正骨",
    "时间加速",
    "时间逆流",
    "时间暂停",
    "国耻为杀"
    ],
        "weapons": [
            {
        "name": "结晶激光",
        "mirror": false,
        "reload":120,
        "shootCone": 280,
        "shootOnDeath": true,
        "controllable": true,
            "bullet": {
        "type": "LaserBulletType",
        "length": 300,
        "width": 18,
        "damage": 1100,
        "lifetime": 25,
        "lightColor": "ff7048",
        "sideAngle": 25,
        "sideLength": 1,
        "sideWidth": 1,
        "colors": [
          "69E0C7FF",
          "69E0C7FF",
          "FFFFFF"
        ],
        "shootEffect": {
    "type": "ParticleEffect",
    "particles": 12,
    "length": 70,
    "lifetime": 35,
    "line": true,
    "cone": 45,
    "lenFrom": 9,
    "lenTo": 9,
    "strokeFrom": 3,
    "strokeTo": 0,
    "colorFrom": "69E0C7FF",
    "colorTo": "69E0C7FF"
    },
    "hitEffect":{
        "type": "MultiEffect",
	    "effects": [
    {
        "type": "ParticleEffect",
        "particles": 6,
        "sizeFrom": 3,
        "sizeTo": 0,
        "length": 10,
        "lifetime": 55,
        "lightOpacity": 0,
        "interp": "circleOut",
        "sizeInterp": "pow5In",
        "colorFrom": "69E0C7FF",
        "colorTo": "69E0C700",
        "cone": 360
    }
        ]
            }
                }
        }
            ]
}