{
    "name": "运气",
    "description" : "海船战斗性效果一般，但它有轨道炮啊(打中概率好小...)",
    "type":"naval",
    "hitSize":20.5,
    "envDisabled":0,
    "canBoost":false,
    "speed" : 1.0,
    "rotateSpeed":2.5,
	"ammoCapacity": 50,
    "itemCapacity" : 100,
    "fogRadius": 25,
    "mineSpeed": 45,
    "buildSpeed": 3.5,
    "mineTier": 15,
    "maxRange":220,
    "outlineColor": "20202CFF",
    "health": 800,
    "armor":55,
    "research": {
	"parent": "GH-泽明兵工厂",
	"requirements": [
	"copper/30",
	"lead/200",
	"silicon/410",
	"thorium/80",
	"graphite/80",
	"titanium/80",
	"beryllium/550",
	"棱镜/210",
	"无遏板/20",
	"潜铁板/100",
	"粒子核心/75"
	    ]
	},
    "immunities":["blasted","freezing","electrified","burning","melting","muddy","sapped","shocked","slow","tarred","unmoving","wet","spore-slowed","corroded","结晶徽章"],
    "abilities": [
            {
            "type": "RegenAbility",
            "amount": 1.0
        }
    ],
    "weapons": [
	{
		"name": "运气炮塔1",
		"reload":135,
		"x":0,"y":2,
		"mirror":false,
		"top":true,
		"alternate": false,
		"shootCone": 0,
		"rotateSpeed": 2.05,
		"rotate": true,
		"bullet": {
	"type": "BasicBulletType",
	"sprite": "神恒之心-rail-star-line-0",
    "width": 20,
    "height": 20,
    "status":"electrified",
    "statusDuration": 600,
    "trailParam": 2,
    "trailLength": 18,
    "trailWidth": 4,
    "trailColor": "69E0C7FF",
    "trailChance": 0,
	"trailInterval": 2,
	"trailEffect": {
		"type": "MultiEffect",
	    "effects": [
	{
	"type": "ParticleEffect",
    "particles": 1,
    "lifetime": 25,
    "length": 0,
    "interp": "swingIn",
    "region": "神恒之心-rail-star-line",
    "sizeFrom": 20,
    "sizeTo": 0,
    "cone": 1,
    "lightColor": "69E0C7FF",
    "colorFrom": "69E0C7FF",
    "colorTo": "115C4CFF"
			},{
	    "type": "WaveEffect",
        "lifetime": 25,
        "sizeFrom": 0,
        "sizeTo": 35,
        "strokeFrom": 15,
        "strokeTo": 0,
        "colorFrom": "69E0C7FF",
        "colorTo": "69E0C7FF"
	}
	    ]
	},
	"trailRotation": true,
	"keepVelocity": false,
    "frontColor": "69E0C7FF",
    "backColor": "69E0C7FF",
    "lifetime": 75,
    "speed": 0.30,
    "damage": 350,
    "splashDamageRadius": 110,
	"splashDamage": 200,
    "drag":-0.08,
    "pierce":false,
    "pierceBuilding": false,
    "hitEffect":{
		"type": "MultiEffect",
	    "effects": [
	{
	    "type": "WaveEffect",
        "lifetime": 30,
        "sizeFrom": 0,
        "sizeTo": 150,
        "strokeFrom": 15,
        "strokeTo": 0,
        "colorFrom": "69E0C7FF",
        "colorTo": "69E0C7FF"
			},{
	    "type": "ParticleEffect",
        "particles": 15,
        "sizeFrom": 25,
        "sizeTo": 0,
        "length": 210,
        "lifetime": 60,
        "lightOpacity": 20,
        "interp": "circleOut",
        "sizeInterp": "pow5In",
        "colorFrom": "69E0C7FF",
        "colorTo": "101110FF",
        "cone": 360
	}
	    ]
	},
	"despawnEffect":{
		"type": "MultiEffect",
	    "effects": [
	{
	    "type": "WaveEffect",
        "lifetime": 30,
        "sizeFrom": 0,
        "sizeTo": 150,
        "strokeFrom": 15,
        "strokeTo": 0,
        "colorFrom": "69E0C7FF",
        "colorTo": "69E0C7FF"
			},{
	    "type": "ParticleEffect",
	    "layer":110,
        "particles": 10,
        "sizeFrom": 25,
        "sizeTo": 0,
        "length": 130,
        "lifetime": 30,
        "lightOpacity": 20,
        "interp": "circleOut",
        "sizeInterp": "pow5In",
        "colorFrom": "69E0C7FF",
        "colorTo": "69E0C7FF",
        "cone": 360
	},{
	    "type": "ParticleEffect",
	    "layer":109,
        "particles": 10,
        "sizeFrom": 25,
        "sizeTo": 0,
        "length": 130,
        "lifetime": 30,
        "lightOpacity": 20,
        "interp": "circleOut",
        "sizeInterp": "pow5In",
        "colorFrom": "36B79BFF",
        "colorTo": "36B79BFF",
        "cone": 360
	}
	    ]
	},
	"shootEffect": {
	    "type": "MultiEffect",
	    "effects": [
	{
	    "type": "ParticleEffect",
        "particles": 15,
        "sizeFrom": 10,
        "sizeTo": 0,
        "length": 70,
        "lifetime": 45,
        "lightOpacity": 20,
        "interp": "circleOut",
        "sizeInterp": "pow5In",
        "colorFrom": "69E0C7FF",
        "colorTo": "101110FF",
        "cone": 30
	}
	    ]
	}
		}
	},{
	    "name": "运气炮塔2",
		"reload":40,
		"x":0,"y":0,
		"mirror":false,
		"top":false,
		"alternate": false,
		"shootCone": 360,
		"rotate": false,
		"shootY": 5,
		"shoot": {
        "shots":3,
        "shotDelay":7
        },
		"bullet": {
        "maxRange":50,
        "backColor":"69E0C7FF",
        "frontColor":"69E0C7FF",
        "hitSize":22,
        "collidesAir":false,
        "lifetime":100,
        "speed":0.6,
        "drag":-0.03,
        "trailParam": 2,
        "trailLength": 10,
        "trailWidth": 3,
        "trailColor": "69E0C7FF",
        "collideFloor":true,
        "homingPower": 0.10,
        "homingRange": 65,
        "homingDelay": 0.15,
        "damage": 20,
        "splashDamageRadius": 45,
	    "splashDamage": 50,
	    "shootEffect":"none",
	    "despawnEffect":{
		"type": "MultiEffect",
	    "effects": [
	{
	    "type": "ParticleEffect",
        "particles": 5,
        "sizeFrom": 10,
        "sizeTo": 0,
        "length": 60,
        "lifetime": 80,
        "lightOpacity": 20,
        "interp": "circleOut",
        "sizeInterp": "pow5In",
        "colorFrom": "69E0C7FF",
        "colorTo": "101110FF",
        "cone": 360
	}
	    ]
	            },
	    "smokeEffect":"none",
	    "hitEffect":{
		"type": "MultiEffect",
	    "effects": [
	{
	    "type": "ParticleEffect",
        "particles": 5,
        "sizeFrom": 10,
        "sizeTo": 0,
        "length": 60,
        "lifetime": 80,
        "lightOpacity": 20,
        "interp": "circleOut",
        "sizeInterp": "pow5In",
        "colorFrom": "69E0C7FF",
        "colorTo": "101110FF",
        "cone": 360
	}
	    ]
	            }
		    }
	    }
	]
}