{
	"type": "tank",
	"template": "ErekirUnitType",
	"squareShape": true,
	"fogRadius": 55,
	"treadFrames":18,
	"treadPullOffset":1,
	"treadRects": [
	{
	    "x":20,
	    "y":-24,
	    "width":15,
	    "height":59
	}	
	],
    "envDisabled":0,
	"omniMovement": false,
	"outlineColor": "20202CFF",
	"crushDamage":4.5,
	"dpsEstimate":600,
	"name":"震慑",
	"description":"强化血量和护盾，增加四个小副炮的坦克",
	"research":{
	"parent": "GH-坦荡",
	"objectives": [
	"GH-光荣",
	"GH-泽明兵工厂",
	"GH-铮骨升级厂"
	    ],
	    "requirements": [
	"copper/5500",
	"lead/3000",
	"silicon/2200",
	"thorium/1600",
	"graphite/1000",
	"titanium/500",
	"beryllium/500",
	"tungsten/200",
	"棱镜/700",
	"无遏板/350",
	"潜铁板/850",
	"粒子核心/700",
	"无遏板/265"
	    ]
	},
    "mineSpeed": 55,
    "buildSpeed": 5.5,
    "mineTier": 15,
	"itemCapacity":230,
	"armor":180,
	"hitSize":30,
	"rotateSpeed":1.3,
	"speed":1.2,
	"flying": false,
	"health":2150,
	"range":295,
	"immunities": ["blasted","freezing","electrified","burning","melting","muddy","sapped","shocked","slow","tarred","unmoving","wet","spore-slowed","corroded","结晶徽章"],
	"weapons": [
	    {
	    "name": "坦荡炮塔1",
		"reload":15,
		"x":0,
		"y":1,
		"mirror":false,
		"top":true,
		"inaccuracy":1,
		"rotate": true,
		"rotateSpeed":4.5,
		"shootSound":"flame",
		"shoot": {
                "shots": 2,
                "shotDelay":5,
                "type":"ShootBarrel",
                "barrels":[
        3,3,0,
        -3,3,0
            ]
        },
		"bullet": {
		"type":"SapBulletType",
		"damage":75,
		"knockback":1.5,
		"length":220,
		"sapStrength":0.7,
		"color":"69E0C7FF",
		"lightColor":"69E0C7FF",
		"hitEffect":"hitLiquid",
		"status":"slow",
		"statusDuration": 180,
	"shootEffect": {
		"type": "ParticleEffect",
		"particles": 6,
		"length": 15,
		"lifetime": 12,
		"interp": "circleOut",
		"sizeInterp": "pow5Out",
		"cone":0,
		"colorFrom": "69E0C7FF",
		"colorTo": "69E0C7FF",
		"sizeFrom": 5.5,
		"sizeTo": 0
    }	
	    }	
	        },{
		"name": "震慑炮塔1",
		"reload":85,
		"x":8.0,"y":6,
		"mirror":true,
		"top":true,
		"alternate": true,
		"shootCone": 45,
		"rotateSpeed": 1.8,
		"rotate": true,
		"bullet": {
	"type": "BasicBulletType",
    "width": 7,
    "height": 7,
    "trailParam": 1,
    "trailLength": 10,
    "trailWidth": 2,
    "trailColor": "69E0C7FF",
    "frontColor": "69E0C7FF",
    "backColor": "69E0C7FF",
    "lifetime": 90,
    "speed": 4.5,
    "damage": 100,
    "pierce":false,
    "pierceBuilding": false,
    "shootEffect": {
	"type": "multiEffect",
	"effects": [
		{
	"type": "ParticleEffect",
    "particles": 10,
    "sizeFrom": 2,
    "sizeTo": 0,
    "length": 55,
    "lifetime": 20,
    "lightOpacity": 20,
    "interp": "circleOut",
    "sizeInterp": "pow5In",
    "colorFrom": "69E0C7FF",
    "colorTo": "69E0C7FF",
    "cone": 20
	    }
	]
	        },
	"despawnEffect": {
	"type": "MultiEffect",
	"effects": [
	{
	    "type": "ParticleEffect",
        "particles": 5,
        "sizeFrom": 2,
        "sizeTo": 0,
        "length": 20,
        "lifetime": 25,
        "lightOpacity": 15,
        "interp": "circleOut",
        "sizeInterp": "pow5In",
        "colorFrom": "69E0C7FF",
        "colorTo": "69E0C7FF",
        "cone": 360
	}
	    ]
	        },
	"hitEffect":{
    "type": "MultiEffect",
	"effects": [
    {
        "type": "ParticleEffect",
        "particles": 5,
        "sizeFrom": 2,
        "sizeTo": 0,
        "length": 20,
        "lifetime": 25,
        "lightOpacity": 15,
        "interp": "circleOut",
        "sizeInterp": "pow5In",
        "colorFrom": "69E0C7FF",
        "colorTo": "69E0C7FF",
        "cone": 360
    }
        ]
            }
	    }
	        },{
		"name": "震慑炮塔1",
		"reload":85,
		"x":7.0,"y":-7,
		"mirror":true,
		"top":true,
		"alternate": true,
		"shootCone": 45,
		"rotateSpeed": 1.8,
		"rotate": true,
		"bullet": {
	"type": "BasicBulletType",
    "width": 7,
    "height": 7,
    "trailParam": 1,
    "trailLength": 10,
    "trailWidth": 2,
    "trailColor": "69E0C7FF",
    "frontColor": "69E0C7FF",
    "backColor": "69E0C7FF",
    "lifetime": 90,
    "speed": 4.5,
    "damage": 100,
    "pierce":false,
    "pierceBuilding": false,
    "shootEffect": {
	"type": "multiEffect",
	"effects": [
		{
	"type": "ParticleEffect",
    "particles": 10,
    "sizeFrom": 2,
    "sizeTo": 0,
    "length": 55,
    "lifetime": 20,
    "lightOpacity": 20,
    "interp": "circleOut",
    "sizeInterp": "pow5In",
    "colorFrom": "69E0C7FF",
    "colorTo": "69E0C7FF",
    "cone": 20
	    }
	]
	        },
	"despawnEffect": {
	"type": "MultiEffect",
	"effects": [
	{
	    "type": "ParticleEffect",
        "particles": 5,
        "sizeFrom": 2,
        "sizeTo": 0,
        "length": 20,
        "lifetime": 25,
        "lightOpacity": 15,
        "interp": "circleOut",
        "sizeInterp": "pow5In",
        "colorFrom": "69E0C7FF",
        "colorTo": "69E0C7FF",
        "cone": 360
	}
	    ]
	        },
	"hitEffect":{
    "type": "MultiEffect",
	"effects": [
    {
        "type": "ParticleEffect",
        "particles": 5,
        "sizeFrom": 2,
        "sizeTo": 0,
        "length": 20,
        "lifetime": 25,
        "lightOpacity": 15,
        "interp": "circleOut",
        "sizeInterp": "pow5In",
        "colorFrom": "69E0C7FF",
        "colorTo": "69E0C7FF",
        "cone": 360
    }
        ]
            }
	    }
	}
	]
}