{
    "name" : "MusTert",
    "description" : "?????",
    "controller" : "MinerAI",
    "mineTier" : 10,
    "mineSpeed":30,
    "payloadCapacity" : 4,
    "buildSpeed" : 10,
    "itemCapacity" : 100,
    "immunities":["blasted","burning","electrified","freezing","melting","muddy","sapped","shocked","slow","tarred","unmoving","wet","spore-slowed","corroded"],
    "health" : 500,
    "speed": 2.5,
    "accel": 4.5,
    "drag": 12,
    "flying": true,
    "range": 65,
    "hitSize" : 2.5,
    "lowAltitude" : 2.5,
    "forceMultiTarget" : 1.5,
    "armor" : 8,
    "engineOffset" : 3.5,
    "engineSize" : 3.5,
    "engineColor": "00EEFFFF",
    "envDisabled":0,
    "weapons" : [
    {
    "type":"RepairBeamWeapon",  
    "mirror": false,
    "alternate": false,
    "rotateSpeed": 3,
    "name": "MusTert-1",
    "x": 0,
    "y": 0,
    "shootY": 1,
    "reload": 1,
    "recoil": 0,
    "shake": 1,
    "rotate": true,
    "shootSound": "laser",
    "laserColor": "3FF9FFFF",
    "controllable": false,
    "autoTarget": true,
    "beamWidth": 0.7,
    "pulseRadius": 6,
    "pulseStroke": 2,
    "repairSpeed": 10.85,
	"bullet": {
	"shootEffect": {
    "type": "ParticleEffect",
    "line": true,
    "particles": 20,
    "offset": 35,
    "lifetime": 22,
    "length": 8950,
    "cone": -360,
    "lenFrom": 5,
    "lenTo": 0,
    "colorFrom": "3FF9FFFF",
    "colorTo": "00DFE7FF"   
    },
	"maxRange": 750
	    }
	}
	],
    "abilities" : [
        {
    "type": "EnergyFieldAbility",
    "damage" : 25,
    "reload" : 350,
    "range" : 325,
    "status" : "electrified",
    "statusDuration" : 550,
    "targetGround" : true,
    "targetAir": "true",
    "hitBuildings" : true,
    "hitUnits" : true,
    "healPercent" : 40,
    "maxTargets" : 5,
    "useAmmo" : false,
    "color": "0CC380FF"
            }
    ],
    "research" : "㻰星兵工厂"
}