{
    "name" : "朝圣",
    "description" : "彩蛋",
    "mineTier" : 10,
    "mineSpeed": 4,
    "buildSpeed" : 8,
    "itemCapacity" : 300,
    "envDisabled":0,
    "immunities":["blasted","burning","electrified","freezing","melting","muddy","sapped","shocked","slow","tarred","unmoving","wet","spore-slowed","corroded","结晶徽章"],
    "health" : 350000,
    "speed": 1.1,
    "flying":true,
    "accel": 0.5,
    "drag": 0.9,
    "type": "flying",
    "omniMovement": true,
    "range": 75,
    "hitSize" : 26.5,
    "lowAltitude" : 2.5,
    "forceMultiTarget" : 1.5,
    "armor" : 150,
    "engineOffset" : 0,
    "engineSize" : 0,
    "engineColor": "89A0FF",
    "parts": [
    {
    "type": "RegionPart",
    "layer": 110,
    "colorTo": "4BF0F1FF",
    "color": "4BF0F1FF",
    "outline": false,
    "suffix": "-glow"
        }
    ],
    "weapons" : [
    {
        "name": "发动机",
        "y": -31.0,
        "x":3.5,
        "mirror": true,
        "alternate": false,
        "top": true,
        "rotate": false,
        "shootY": 0,
        "display": false,
        "shootSound": "none",
        "alwaysShooting": true,
        "alwaysContinuous": true,
        "continuous": true,
        "parentizeEffects": true,
        "bullet": {
        "width": 0,
        "height": 0,
        "frontColor": "FFFFFF",
        "backColor": "FFFFFF",
        "lifetime": 0,
        "speed": 0,
        "shootEffect":"none",
        "hitEffect":"none",
        "chargeEffect":"none",
        "smokeEffect":"none",
		"despawnEffect":{
        "type": "ParticleEffect",
        "particles": 1,
        "lifetime": 45,
        "length": 0,
        "baseLength": 0,
        "spin": 0,
        "sizeFrom": 3,
        "sizeTo": 0,
        "colorFrom": "FFFFFFFF",
        "colorTo": "FFFFFFFF",
	    "layer": 110
            }
        }
    },{
        "name": "发动机",
        "y": -27.0,
        "x":13.5,
        "mirror": true,
        "alternate": false,
        "top": true,
        "rotate": false,
        "shootY": 0,
        "display": false,
        "shootSound": "none",
        "alwaysShooting": true,
        "alwaysContinuous": true,
        "continuous": true,
        "parentizeEffects": true,
        "bullet": {
        "width": 0,
        "height": 0,
        "frontColor": "FFFFFF",
        "backColor": "FFFFFF",
        "lifetime": 0,
        "speed": 0,
        "shootEffect":"none",
        "hitEffect":"none",
        "chargeEffect":"none",
        "smokeEffect":"none",
		"despawnEffect":{
        "type": "ParticleEffect",
        "particles": 1,
        "lifetime": 45,
        "length": 0,
        "baseLength": 0,
        "spin": 0,
        "sizeFrom": 3,
        "sizeTo": 0,
        "colorFrom": "FFFFFFFF",
        "colorTo": "FFFFFFFF",
	    "layer": 110
            }
        }
    },{
        "name": "发动机",
        "y": -39.0,
        "x":16.5,
        "mirror": true,
        "alternate": false,
        "top": true,
        "rotate": false,
        "shootY": 0,
        "display": false,
        "shootSound": "none",
        "alwaysShooting": true,
        "alwaysContinuous": true,
        "continuous": true,
        "parentizeEffects": true,
        "bullet": {
        "width": 0,
        "height": 0,
        "frontColor": "FFFFFF",
        "backColor": "FFFFFF",
        "lifetime": 0,
        "speed": 0,
        "shootEffect":"none",
        "hitEffect":"none",
        "chargeEffect":"none",
        "smokeEffect":"none",
		"despawnEffect":{
        "type": "ParticleEffect",
        "particles": 1,
        "lifetime": 45,
        "length": 0,
        "baseLength": 0,
        "spin": 0,
        "sizeFrom": 3,
        "sizeTo": 0,
        "colorFrom": "FFFFFFFF",
        "colorTo": "FFFFFFFF",
	    "layer": 110
            }
        }
    },{
		"name": "技能",
		"reload":580,
		"x":0,
		"y":0,
		"mirror":false,
		"top":false,
		"alternate": false,
		"shootCone": 360,
		"rotate": false,
		"shootStatusDuration": 10,
        "shootStatus": "神恒之心-时间逆流",
        "shoot": {
		"type": "ShootPattern",
		"firstShotDelay": 120
	    },
	"bullet":{
	"width": 0,
    "height": 0,
    "frontColor": "FFFFFF",
    "backColor": "FFFFFF",
    "lifetime": 0.1,
    "speed": 0,
    "splashDamage": 850,
    "splashDamageRadius": 350,
    "status":"时间暂停",
    "statusDuration": 120,
    "chargeEffect": {
	    "type": "MultiEffect",
		"effects": [
	{
        "type": "ParticleEffect",
        "particles": 5,
        "lifetime": 120,
        "length": -85,
        "baseLength": 85,
        "spin": 0,
        "region": "神恒之心-朝圣-ob",
        "sizeFrom": 50,
        "sizeTo": 50,
        "colorFrom": "FFFFFFFF",
        "colorTo": "FFFFFF00",
	    "layer": 110
            }
                ]
	    },
	"shootEffect": {
	    "type": "MultiEffect",
		"effects": [
	{
        "type": "ParticleEffect",
        "particles": 58,
        "lifetime": 50,
        "length": 350,
        "baseLength": 5,
        "spin": 0,
        "sizeFrom": 5,
        "sizeTo": 25,
        "colorFrom": "FFFFFFFF",
        "colorTo": "FFFFFF00",
	    "layer": 110
            }
                ]
	    }
    }
		},{
            "name":"奥创激光炮",
            "y":14.5,
            "x":0,
            "shootY":2.0,
            "ejectEffect":"none",
            "shootSound": "shoot",
            "rotate":false,
            "top":true,
            "mirror":false,
            "reload":550,
            "continuous":true,
            "cooldownTime":250,
            "bullet": {
    "type":"ContinuousLaserBulletType",
    "pierceBuilding": false,
    "pierce": true,
    "damage":125,
    "width":5,"length":315,
    "layer":110,
    "colors":["FFFFFFFF","FFFFFFFF","FFFFFFFF"],
    "hitEffect":{"type": "ParticleEffect",
    "particles": 6,
    "sizeFrom": 12,
    "sizeTo": 0,
    "line":true,
    "length": 85,
    "baseLength": 0,
    "colorFrom": "FFFFFFFF",
    "colorTo": "FFFFFFFF",
    "cone": 60
    },
    "shake":4,
    "lifetime":300,
    "despawnEffect":"smokeCloud",
    "smokeEffect":"none",
    "chargeEffect":"none"
	}
        },{
		"name": "朝圣炮塔1",
		"reload":20,
		"x":21.5,
		"y":26.5,
		"mirror":true,
		"top":true,
		"alternate": true,
		"shootCone": 30,
		"rotate": true,
        "shoot": {
		    "shots": 3,
            "shotDelay":0,
            "type":"ShootBarrel",
            "barrels":[
        0,0,0,
        0,0,-3,
        0,0,3
        ]
	    },
	"bullet":{
	"width": 12,
    "height": 12,
    "trailParam": 1,
    "trailLength": 9,
    "trailWidth": 2,
    "trailColor": "8E3EEFFF",
    "frontColor": "A760FFFF",
    "backColor": "8E3EEFFF",
    "lifetime": 115,
    "speed": 4.2,
    "damage": 145,
    "hitEffect":"none",
    "chargeEffect": "none",
    "smokeEffect":"none",
    "despawnEffect":"none",
	"shootEffect": "none"
    }
		},{
		"name": "朝圣炮塔2",
		"reload":45,
		"x":23.9,
		"y":21.0,
		"mirror":true,
		"top":true,
		"alternate": false,
		"shootCone": 30,
		"rotate": true,
        "shoot": {
		    "shots": 16,
            "shotDelay":2
	    },
	"bullet":{
	"width": 10,
    "height": 10,
    "frontColor": "A760FFFF",
    "backColor": "8E3EEFFF",
    "inaccuracy":27,
    "homingRange": 50,
    "homingPower":1.25,
    "lifetime": 135,
    "speed": 4.8,
    "damage": 85,
    "hitEffect":"none",
    "chargeEffect": "none",
    "smokeEffect":"none",
    "despawnEffect":"none",
	"shootEffect": "none"
    }
		}
    ]
}