{
    "name":" 宇宙之旅-音乐 ",
    "displayName":" 宇宙回声 ",
    "author":"
   [#b4feff[]]缇娅",
    "description":"
    宇宙之旅模组的音乐都在这里
    [#b4feff[]]———————————————[white[]]
    您可以进行模组拆包来查看“注意事项”
    本模组大部分内容都是自己做的
   [white[]]作者游戏内的名称:[#fafafa[]]光[#b444f6[]](观望者)
   [white[]]你可以在[red[]]梦魇短祷[white[]]服务器里不定时的找到我(可能吧)
   与主体(宇宙之旅)一起使用达到最佳
   [#b4feff[]]———————————————[white[]]
   嗯，boss曲一股(     )味",
  "version":"3.5"
  "minGameVersion":"136"
}