{
	"type": "flying",
	"name": "军团星辉",
	"mass": 10,
	"description": "复制自身，但只产出普通星辉",
	"speed": 1,	
	"drag":0.04,	"accel":0.05,
	"rotateSpeed":8,
	"ammoCapacity": 400,
    "ammoResupplyAmount":8,
	"hitSize":12, 
	"buildSpeed": 1,
	"engineColor": "FFFFFF",
	"flying": true,
	"alwaysUnlocked": true,
	"health": 500,
	"armor":400,
	"engineOffset": 8,
	"engineSize": 4,
	"weapons":[ 
	{"name":"电击破局者",
	"x":0,"y":0,
	"reload":12,
	"rotate": false,
	"rotateSpeed":16,
	"shootEffect":"shootSmall",
	"bullet":{
	"type" : "BasicBulletType",
		"speed": 8.0,
		 "hitEffect" : "none",
		 "sprite" : "large-bomb",
		"height" : 25,
		"width" : 25,	
            "spin" : 8,
            "lifetime" : 30,
            "Damage":60
            "splashDamageRadius" : 25,
            "splashDamage" : 10,	
           "frontColor": "bbdefb",
		"backColor": "90caf9"
		"lightning": 1, 
            "lightningLength": 10,
            "lightningDamage":10
            "homingPower" : 0.3,
            "homingRange" : 100,
} 	},
],
"abilities": [
    {
    "type": "UnitSpawnAbility"
    "unit": "flare"
    "spawnX": 0
    "spawnY": 0
    "spawnTime": 600
}]
}
