{
	"type": "flying",
	"name": "工蜂",
	"description": "跑得快，效率高",
	"speed":4,
	"flying":true,
	"hitSize":10,
	"engineOffset":5,
	"engineSize":1.5,
	"itemCapacity":500,
	"cellTrnsY": 16,
	"alwaysUnlocked": true,
	"parts":[
		{
			"type": "mindustry.entities.part.HaloPart",
			"progress": "reload",
			"hollow": false,
			"mirror": false,
			"tri": true,
			"x": 0,
			"y": 3,
			"shapeRotation": 0,//图形初始角度
			"moveX": 0,
			"moveY": 0,
			"shapeMoveRot": 0,
			"shapes": 4,//围绕个数
			"sides": 4,//边数
			"stroke": 1,//粗细
			"strokeTo": -1,
			"radius": 4.5,//半径/粗细
			"radiusTo": -1,
			"triLength": 9,//初始长度
			"triLengthTo": 0,//最终长度
			"haloRadius": 10,//围绕半径
			"haloRadiusTo": -1,//最终围绕半径
			"haloRotateSpeed": 1,//公转速度
			"haloRotation": 0,//环初始角度
			"rotateSpeed": 2,//自转速度
			"color": "ffffff",
			"colorTo": "ffffff",
			"layer": 110
		},
		{
			"type": "mindustry.entities.part.HaloPart",
			"progress": "reload",
			"hollow": false,
			"mirror": false,
			"tri": true,
			"x": 0,
			"y": 3,
			"shapeRotation": 0,//图形初始角度
			"moveX": 0,
			"moveY": 0,
			"shapeMoveRot": 0,
			"shapes": 4,//围绕个数
			"sides": 4,//边数
			"stroke": 1,//粗细
			"strokeTo": -1,
			"radius": 4.5,//半径/粗细
			"radiusTo": -1,
			"triLength": 9,//初始长度
			"triLengthTo": 0,//最终长度
			"haloRadius": 10,//围绕半径
			"haloRadiusTo": -1,//最终围绕半径
			"haloRotateSpeed": -1,//公转速度
			"haloRotation": 0,//环初始角度
			"rotateSpeed": 2,//自转速度
			"color": "ffffff",
			"colorTo": "ffffff",
			"layer": 110
		},
		]
	"mineSpeed":25,
    "mineTier":1,
    "buildSpeed":1,
    "research":"duo"
    	"parent":"增强单位工厂",
	"weapon": {
		"bullet": {}
	},
	"toMine": [
		"copper",
		"lead",
	],
	}
