{
	"size": 12,
	"powerProduction": 36.856,
	"requirements": [
		{ "item": "Heavy_Lead_Slab", "amount": 240 },
		{ "item": "塑料", "amount": 160 },
		{ "item": "plan晶体", "amount": 230 },
		{ "item": "silicon", "amount": 200 },
		{ "item": "phase-fabric", "amount": 120 },
		{ "item": "surge-alloy", "amount": 140 }
	],
	"type": "SolarGenerator",
	"description": "太阳能板家族加入了游戏",
	"category": "power",
	"research": "超泰坦型晶体太阳能电池板"
"name": "无穷级太阳能晶体发电组",
}