{
    "type": "SolarGenerator",
	"name": "太阳能电池板v2",
	"description": "更强力的太阳能板",
	"size": 3,
	"health": 560,
    "powerProduction": 2.69,
	"requirements": [
		{"item": "Heavy_Lead_Slab", "amount": 30 },
		{"item": "copper", "amount": 120 },
		{"item": "graphite", "amount": 60 },
		{"item": "metaglass", "amount": 120 },
		{"item": "titanium", "amount": 40 },
		{"item": "silicon", "amount": 30 },
		{"item": "thorium", "amount": 15 }
		],
	"category": "power",
	"research": "solar-panel-large",
	"idleSound": "respawning",
	"idleSoundVolume": 0.5
}
//此工业为工业类-工业基础-板子类
