{
	"size": 10,
	"powerProduction": 30.678,
	"requirements": [
		{ "item": "Heavy_Lead_Slab", "amount": 230 },
		{ "item": "塑料", "amount": 120 },
		{ "item": "plan晶体", "amount": 190 },
		{ "item": "silicon", "amount": 190 },
		{ "item": "phase-fabric", "amount": 80 },
		{ "item": "surge-alloy", "amount": 120 }
	],
	"type": "SolarGenerator",
	"description": "太阳能板家族加入了游戏",
	"category": "power",
	"research": "泰坦型合金太阳能电池板"
"name": "超泰坦型晶体太阳能电池板",
}