{
  "localizedName": "Passing",
  "type": "Sector",
  "description": "A Malis base has formed in a resource-rich passage between an Arkycite and a Slag river. Use Ships and [yellow] Gliders [white] to conquer the territorry",
  "difficulty": 5,
  "planet": "erekir",
  "sector": 64,
  "research": {
    "parent": "presence",
    "objectives": [
      "1-simple-combustion-generator",
      "ship-fabricator",
      "1z0-drought"
      {
      "type": "SectorComplete",
      "preset": "presence",
      }
    ]
  }
}
