{
	"type": "flying",
	"name": "虚无 星辉",
	"description": "向附近的地面敌人发射标准子弹。",
			"immunities": [
		
		"自毁"
	],
	"speed": 1.6,	
	"drag":0.05,"accel":0.1,
	"rotateSpeed":10,
	"targetFlags": ["battery","core"],
	"ammoType":{
	"type":"PowerAmmoType",
	"totalPower":100},
	"ammoCapacity": 300,
	    "health": 130000,
	"hitSize":8, 
	"flying": true,
	"faceTarget": true,
	"armor":0,
	"engineOffset": 6,
	"engineSize": 3,
	"itemCapacity": 0,
		"weapons":[{	"name": "虚无 星辉1",	
		"reload":15,
        "x": 1.2,  "y": 0.8, 
        "rotate": true,
        "rotateSpeed":24,
        "inaccuracy": 0,
		"shoot":{
			"shots":2,
			"shotDelay":3
		},
		"shootSound": "pew",
		"rotateSpeed": 0,//炮台转头速度
		"alternate": true,
		"ejectEffect":"casing1",
		"bullet":{
	    "damage":4000,	  
	    "speed":3,
	    "lifetime":55,
	    "width":7,	 "height":10
	}	}
]
"research": "一阶 空兵工厂",
    "researchCostMultiplier": 0.2,
	"details":"原宇宙已有，研究费用降低",
}
