{
//blast-compound爆混coal煤copper铜graphite石墨lead铅metaglass玻璃phase-fabric布plastanium塑钢pyratite火石silicon硅surge-alloy合金thorium钍titanium钛
 "type": "ItemTurret",
 "name": "多管",
 "description": "双管炮改良版本(然鹅还是很屑)。
比原来更高的
[yellow]射速
伤害
精准度",
 "health": 250,
 "size": 1,
 "reload": 15,
 "range": 140,
 "maxAmmo": 30,
 "recoilTime": 8,
 "recoil": 1,
 "shake": 1,
 "liquidCapacity": 30,
 "ammoUseEffect": "casing2",
 "targetGround": true,
 "targetAir": true,
 "inaccuracy": 0,
 "rotateSpeed": 15,
 "consumes": {
 "coolant": {
 "amount": 0.2,
 "optional": true
 }
 },
 "ammoTypes": {
 "copper": {
 "speed": 5,
 "damage": 11,
 "knockback": 0.1,
 "lifetime": 30,
 "width": 6,
 "height": 10,
 "ammoMultiplier": 4,
 "shootEffect": "shootBig"
 },
 "graphite": {
 "speed": 4,
 "damage": 22,
 "knockback": 0.5,
 "reloadMultiplier":0.7,
 "lifetime": 36,
 "width": 10,
 "height": 14,
 "ammoMultiplier": 6,
 "shootEffect": "shootBig"
 },
 "pyratite": {
 "speed": 5,
 "damage": 16,
 "knockback": 0.2,
 "lifetime": 30,
 "width": 8,
 "height": 12,
 "ammoMultiplier": 5,
 "shootEffect": "shootBig"
 "status":"burning",	   
 "statusDuration":300,	
 },
 "silicon":{
 "speed": 5,
 "damage": 18,
 "reloadMultiplier":1.6,
 "lifetime":30,
 "width": 6,
 "height": 10,
 "shootEffect": "shootBig",
 "homingRange": 40,
 "homingPower": 0.1,
 "ammoMultiplier":6,
 },
 },
 "requirements": [
 { "item": "copper", "amount": 55}
 { "item": "graphite", "amount": 20}
 ],
 "category": "turret",
 "research": "duo"
}