{
    "type": "TractorBeamTurret",
    "name": "扰乱",
    "description": "改为了对地模式\n 比原来更高的\n [yellow]\n 血量\n 伤害",
    "health": 960,
    "size": 2,
    "rotateSpeed": 15,
    "range": 240,
    "scaledForce": 0,
    "force": 1,
    "targetGround": true,
    "targetAir": false,
    "hasPower": true,
    "damage": 2,
    "consumes": {
        "power": 6
    },
    "requirements": [
        {
            "item": "silicon",
            "amount": 350
        },
        {
            "item": "titanium",
            "amount": 260
        },
        {
            "item": "metaglass",
            "amount": 120
        },
        {
            "item": "graphite",
            "amount": 135
        }
    ],
    "category": "turret",
    "research": "WAVE2"
}