{
 "type": "ItemTurret",
 "name": "重击",
 "description": "发射子弹攻击敌人，射程极远但只对地且弹速较慢
比原来更高的
[yellow]
血量
伤害
射程",
 "details":"一炮半死，两炮瘫痪，三炮飞升",
 "health": 1280,
 "size": 3,
 "reload": 90,
 "shootSound":"shootBig",
 "shake":2,
 "consumes": {
 "coolant":{"amount":0.2,"optional":true}  
 },
 "shoot":{
 "shots":6,
 "shotDelay":1},
 "targetGround":true,
 "targetAir":false,
 "range": 360,
 "recoilTime":30,
 "recoil": 2,
 "ammoUseEffect": "casing3",
 "inaccuracy": 5,
 "rotateSpeed": 6,
 "ammoPerShot": 6,
 "ammoTypes": {
 "graphite": {
 "type":"ArtilleryBulletType",
 "ammoMultiplier": 3,
 "speed": 2,
 "lifetime":180,
 "width": 16,
 "height": 16,
 "knockback":1,
 "shootEffect": "shootBig",
 "splashDamageRadius":40,
 "splashDamage":55,
 "hitEffect":"explosion",
 "despawnEffect":"explosion"
 },
 "silicon": {
 "type":"ArtilleryBulletType",
 "speed": 2,	
 "reloadMultiplier":1.5,
 "lifetime":180,
 "width": 16,
 "knockback":0.5,
 "ammoMultiplier": 4,
 "height": 16,
 "shootEffect": "shootBig",
 "homingRange": 40,
 "homingPower": 0.1,
 "splashDamageRadius":40,
 "splashDamage":44,
 "hitEffect":"explosion",
 "despawnEffect":"explosion"	},
 "pyratite":{
 "type":"ArtilleryBulletType",
 "speed": 2,
 "lifetime":180,
 "width": 16,
 "height": 16,
 "ammoMultiplier": 6,
 "knockback":1,
 "backColor":"FF8C00",
 "frontColor":"FFB90F", 
 "shootEffect": "shootBig",
 "splashDamageRadius":40,
 "splashDamage":62,
 "makeFire":true,
 "status":"burning",
 "statusDuration":300,
 "hitEffect":"explosion",
 "despawnEffect":"explosion"
 },
 "blast-compound":{
 "type":"ArtilleryBulletType",
 "speed": 2,
 "lifetime":180,
 "width": 16,
 "height": 16,
 "status":"blasted",
 "statusDuration":120,
 "shootEffect": "shootBig",
 "splashDamageRadius":60,
 "splashDamage":55,
 "knockback":1.5,
 "hitEffect":"flakExplosionBig",
 "despawnEffect":"flakExplosionBig"
 },
 "plastanium": {
 "type":"ArtilleryBulletType",
 "ammoMultiplier": 3,
 "speed": 2,
 "lifetime":180,
 "width": 16,
 "height": 16,
 "knockback":1,
 "shootEffect": "shootBig",
 "splashDamageRadius":45,
 "splashDamage":85,
 "hitEffect":"explosion",
 "despawnEffect":"explosion"
 },
 },
 "requirements": [
 { "item": "copper", "amount": 235},
 { "item": "graphite", "amount":135},
 { "item": "titanium", "amount": 185} 
 { "item": "silicon", "amount": 175} 
 ],
 "category": "turret",
 "research": "SALVO2"
}
