{
//blast-compound爆混coal煤copper铜graphite石墨lead铅metaglass玻璃phase-fabric布plastanium塑钢pyratite火石silicon硅surge-alloy合金thorium钍titanium钛spore-pod孢子
 "type": "ItemTurret",
 "name": "焚化",
 "description": "将敌人覆盖在火焰内焚毁
比原来更高的
[yellow]伤害
攻速
[red]消耗",
 "health": 400,
 "size": 1,
 "reloadTime":3,
 "range": 60,
 "maxAmmo":120,	
 "shootSound":"flame",
 "liquidCapacity": 30,
 "targetGround":true,
 "targetAir":false,
 "rotateSpeed": 15,
 "ammoTypes": {
 "coal": {
 "type":"RailBulletType",
 "damage": 20,
 "pirece":true,
 "status":"burning",
 "statusDuration":120,
 "lifetime":20,	
 "width":0,"length":240,
 "reloadMultiplier":3,
 "hitSize":24,
 "ammoMultiplier":4,
 "shootEffect": "shootPyraFlame" ,
 "hitEffect":"hitFlameSmall",
 "despawnEffect":"none",
 }
 "pyratite": {
 "type":"RailBulletType","damage": 40,
 "pirece":true,
 "status":"burning",
 "statusDuration":600,
 "reloadMultiplier":3,
 "lifetime":60,	
 "width":0,"length":240,
 "hitSize":24,
 "ammoMultiplier":6,
 "shootEffect": "shootPyraFlame" ,
 "hitEffect":"hitFlameSmall",
 "despawnEffect":"none",
 }
 "spore-pod": {
 "type":"RailBulletType",
 "damage": 30,
 "pirece":true,
 "status":"burning",
 "statusDuration":300,
 "reloadMultiplier":3,
 "lifetime":30,	
 "width":0,"length":240,
 "hitSize":24,
 "ammoMultiplier":3,
 "shootEffect": "shootPyraFlame" ,
 "hitEffect":"hitFlameSmall",
 "despawnEffect":"none",
 }
 },
 "requirements": [
 { "item": "copper", "amount": 165 },
 { "item": "graphite", "amount": 95 }
 { "item": "silicon", "amount": 95 }
 ],
 "category": "turret",
 "research": "DUO2"
 }