{
    "type": "ItemTurret",
    "name": "恶灵",
    "description": "改进版幽灵\n\t比原来更高的\n\t[yellow]伤害\n\t血量\n\t攻速",
    "details": "后勤噩梦",
    "health": 3250,
    "armor": 10,
    "size": 4,
    "reload": 4,
    "range": 320,
    "maxAmmo": 400,
    "recoilTime": 20,
    "canOverdrive": true,
    "recoil": 4,
    "cooldownTime": 80,
    "shoot": {
        "type": "ShootAlternate",
        "barrels": 3,
        "spread": 6
    },
    "ammoUseEffect": "casing3Double",
    "ammoPerShot": 1,
    "targetGround": true,
    "targetAir": true,
    "consumes": {
        "coolant": {
            "amount": 0.2,
            "optional": true
        }
    },
    "liquidCapacity": 60,
    "inaccuracy": 0,
    "shake": 2,
    "shootSound": "shootBig",
    "rotateSpeed": 15,
    "ammoTypes": {
        "pyratite": {
            "speed": 6,
            "damage": 75,
            "splashDamageRadius": 35,
            "splashDamage": 50,
            "knockback": 1,
            "pierceArmor": true,
            "makeFire": true,
            "status": "burning",
            "statusDuration": 600,
            "lifetime": 55,
            "pierce": true,
            "pierceBuilding": true,
            "pierceCap": 4,
            "incendChance": 0.3,
            "incendSpread": 16,
            "incendAmount": 3,
            "backColor": "FF8C00",
            "frontColor": "FFB90F",
            "width": 24,
            "height": 24,
            "ammoMultiplier": 4,
            "despawnEffect": "flakExplosionBig",
            "hitEffect": "flakExplosionBig",
            "shootEffect": "shootBig",
            "smokeEffect": "shootBigSmoke"
        },
        "graphite": {
            "speed": 6,
            "damage": 105,
            "knockback": 2,
            "reloadMultiplier": 1.3,
            "lifetime": 60,
            "pierce": true,
            "pierceBuilding": true,
            "pierceCap": 4,
            "width": 24,
            "height": 24,
            "ammoMultiplier": 4,
            "shootEffect": "shootBig",
            "smokeEffect": "shootBigSmoke"
        },
        "thorium": {
            "speed": 12,
            "damage": 155,
            "lifetime": 30,
            "knockback": 2,
            "pierce": true,
            "pierceArmor": true,
            "pierceBuilding": true,
            "pierceCap": 8,
            "width": 24,
            "height": 24,
            "shootEffect": "shootBig",
            "smokeEffect": "shootBigSmoke",
            "ammoMultiplier": 5
        },
    },
    "requirements": [
        {
            "item": "copper",
            "amount": 750
        },
        {
            "item": "graphite",
            "amount": 445
        },
        {
            "item": "thorium",
            "amount": 685
        },
        {
            "item": "plastanium",
            "amount": 235
        },
        {
            "item": "silicon",
            "amount": 1050
        }
    ],
    "category": "turret",
    "research": "CYCLONE2"
}