{
//blast-compound爆混coal煤copper铜graphite石墨lead铅metaglass玻璃phase-fabric布plastanium塑钢pyratite火石silicon硅surge-alloy合金thorium钍titanium钛spore-pod孢子
    "type": "ItemTurret",
    "name": "机枪",
    "description": "精准度较高的攻击，可使用子弹种类较多，适用于前中期。",
    "details": "勤俭持家好炮塔",
    "health": 860,
    "size": 2,
    "reload": 25,
    "range": 240,
    "maxAmmo": 180,
    "recoilTime": 10,
    "recoil": 1,
    "consumes": {
        "coolant": {
            "amount": 0.2,
            "optional": true
        }
    },
    "shoot": {
        "shots": 6,
        "shotDelay": 1
    },
    "shake": 1,
    "liquidCapacity": 30,
    "ammoUseEffect": "casing2",
    "targetGround": true,
    "targetAir": true,
    "inaccuracy": 1,
    "rotateSpeed": 15,
    "ammoTypes": {
        "copper": {
            "speed": 8,
            "damage": 7,
            "knockback": 0.2,
            "lifetime": 30,
            "width": 6,
            "height": 9,
            "ammoMultiplier": 3,
            "shootEffect": "shootBig"
        },
        "lead": {
            "speed": 8,
            "damage": 8,
            "knockback": 0.3,
            "lifetime": 30,
            "width": 6,
            "height": 9,
            "ammoMultiplier": 2,
            "shootEffect": "shootBig"
        },
        "graphite": {
            "speed": 8,
            "reloadMultiplier": 0.6,
            "damage": 22,
            "knockback": 0.2,
            "lifetime": 30,
            "width": 9,
            "height": 12,
            "ammoMultiplier": 3,
            "shootEffect": "shootBig"
        },
        "metaglass": {
            "speed": 8,
            "reloadMultiplier": 0.4,
            "damage": 16,
            "knockback": 1,
            "lifetime": 30,
            "width": 6,
            "height": 9,
                        "splashDamageRadius":20,
 "splashDamage":33,
            "ammoMultiplier": 2,
            "fragBullets":3,
            "fragBullet": {
                "type": "BasicBulletType",
                "collidesAir": false,
                "despawnEffect": "none",
                "width": 2,
                "height": 2,
                "damage": 5,
                "lifetime": 20,
                "speed": 2
            },
            "shootEffect": "shootBig"
        },
        "plastanium": {
            "speed": 8,
            "reloadMultiplier": 1.1,
            "damage": 36,
            "knockback": 0.8,
            "lifetime": 30,
            "width": 6,
            "height": 9,
            "fragBullets":5,
                        "splashDamageRadius":30,
 "splashDamage":22,
            "ammoMultiplier": 5,
            "shootEffect": "shootBig"
            "fragBullet": {
                "type": "BasicBulletType",
                "collidesAir": false,
                "despawnEffect": "none",
                "width": 2,
                "height": 2,
                "damage": 12,
                "lifetime": 20,
                "speed": 2
            }
        },
        "pyratite": {
            "speed": 8,
            "reloadMultiplier": 0.6,
            "damage": 22,
            "knockback": 0.2,
            "lifetime": 30,
            "width": 9,
            "backColor":"CC6600",
            "frontColor":"FFAA33",
            "trailColor":"CC6600",
            "height": 12,
            "ammoMultiplier": 6,
            "shootEffect": "shootBig"
            "splashDamageRadius":20,
 "splashDamage":12,
            "status":"burning",
 "statusDuration":180
        },
            "thorium": {
            "speed": 8,
            "reloadMultiplier": 1,
            "damage": 32,
            "knockback": 0.8,
            "lifetime": 30,
            "width": 6,
            "height": 9,
            "ammoMultiplier": 2,
            "shootEffect": "shootBig"
        },
            "titanium": {
            "speed": 8,
            "reloadMultiplier": 1,
            "damage": 18,
            "knockback": 0.8,
            "lifetime": 30,
            "width": 6,
            "height": 9,
            "ammoMultiplier": 2,
            "shootEffect": "shootBig"
            "backColor":"FFA4B8",
            "frontColor":"FF919F",
            "trailColor":"FF7575",
            "status":"freezing",
 "statusDuration":20
        },
            "silicon": {
            "speed": 8,
            "reloadMultiplier": 1.5,
            "damage": 16,
            "knockback": 0.8,
            "homingPower":0.1,
            "lifetime": 30,
            "width": 6,
            "height": 9,
            "ammoMultiplier": 2,
            "shootEffect": "shootBig"
        },
    },
    "requirements": [
        {
            "item": "copper",
            "amount": 180
        },
        {
            "item": "graphite",
            "amount": 85
        },
        {
            "item": "lead",
            "amount": 75
        },
        {
            "item": "silicon",
            "amount": 120
        }
    ],
    "alwaysReplace": false,
    "category": "turret",
    "research": "DUO2"
}