{
    "type":"Drill",
    "name": "大型复合钻头",
    "description": "你想用就用吧",
    "details":""
    "health":2153,//血量
	"size":6,
	"tier":32767,
	"drillTime":48,
	"itemCapacity":32767,
	"liquidCapacity":5
	"rotateSpeed":25,//贴图旋转速度
	"warmupSpeed":1.73206,
	"liquidBoostIntensity":1.73206,//液体加强
	"consumes":{
	"power":5.6,
	"liquid": {
	   "liquid": "water",
	   "amount": 0.08333333333,
	   "booster": true,
	   "optional": true
    }
    },
	"requirements":[
	              "copper/200","lead/100","metaglass/60","graphite/150","titanium/90","thorium/200","silicon/150",
	],
	"research":"五合钻头",
	"hasItems": true,
	"drawMineItem":true,
	"category": "production",
	"canOverdrive": true,
	"drawRim": true,
	"liquidboost":true
}