{
    "type":"Drill",
    "name":"物液钻",
    "description": "物液奇点拆分拼凑成的钻头"
    "details":""
    "health":32767//血量
	"size":2,
	"tier":2147483647,
	"drillTime":24000,
	"itemCapacity":2147483647,
	"liquidCapacity":10,
	"rotateSpeed":0.01,
	"warmupSpeed":1944.00001769,
	"liquidBoostIntensity":1944.00001769,//液体加强
	//liquidBoostIntensity
	"consumes":{
	"liquid": {
	   "liquid": "water",
	   "amount": 0.08333333333,
	   "booster": true,
	   "optional": true
    }
    }
    "requirements":[
	            "copper/100",
	            "lead/100",
	            "scrap/100",
	            "plastanium/100",
	            "surge-alloy/100",
	            "物液奇点/10",
	]
    "buildCostMultiplier":0.0001,
	"research": 
    {"parent":"物液压缩机",
    "requirements":[
                "copper/4000",
	            "lead/4000",
	            "scrap/4000",
	            "plastanium/4000",
	            "surge-alloy/4000",
	            "物液奇点/10",
    ]   
    }
	"hasPower": false,
	"hasItems": true,
	"drawMineItem":true,
	"category": "production",
	"canOverdrive": false,
}
//60÷游戏内数据×(尺寸×尺寸)