{
	"type": "GenericCrafter", //GenericCrafter通用工厂
	"name": "高级熔炉",
	"description": "更高的温度以至于能轻松地将矿物冶炼成[blue]液态[white]。",
	"details": "粒子科技的起点。",
	"size": 2,
	"health": 400,
	"liquidCapacity": 50,
	"itemCapacity": 50,
	"hasItems": true,
	"hasPower": true,
	"craftTime": 45,
	"drawer": {
        "type": "DrawMulti",
        "drawers": [
            "DrawDefault"
            "DrawFlame"
        ]
    },
    "consumes": {
	"items": [
	    "天然铀/1"
	    ]
	},
    "outputLiquid": { "liquid": "铀熔融物","amount": 0.5},
	"requirements": [
	    "黏土/32", 
	    "玻璃/24", 
		"石头/32"
	],
	"category": "crafting",
	"research": "低级熔炉"
}