{
	"type": "ImpactReactor",
	"name": "火力冲击发电机",
	"size": 3,
	"health": 1500,
	"liquidCapacity": 100,
	"itemCapacity": 100,
	"warmupSpeed": 0.01,
	"hasItems": true,
	"hasLiquids": true,
	"outputsPower": true,
	"powerProduction": 20,
	"itemDuration": 90,
	"consumes": {
	"power": 0.0017,
		"liquid": {
			"liquid": "water",
			"amount": 0.25
		},
		"items": [
			"coal/15",
		]
	},
	"drawer": {
		"type": "DrawMulti",
		"drawers": [
			{
				"type": "DrawRegion",
				"suffix": "-bottom"
			},
			{
				"type": "DrawPlasma",
				"plasma0": "FFA566FF",
				"plasma1": "CC5A41FF",
				"plasma2": "CF6A53FF"
				"plasma3": "EA9B78FF"
			},
			"DrawDefault",
			{
				"type": "DrawLiquidRegion",
				"drawLiquid": "water"
			}
		]
	},
	"destroyBullet": {
		"type": "BasicBulletType",
		"splashDamageRadius": 140,
		"splashDamage": 100,
		"instantDisappear": true,
		"makeFire": true,
		"hitShake": 25,
		"backColor": "FF5B5B",
		"frontColor": "E3E3E3",
		"width": 0,
		"height": 0,
		"hitSound": "DBZ1",
		"hitSoundVolume": 3,
	 },
	"requirements": [
		"lead/120",
		"metaglass/100",
		"copper/200",
		"titanium/220",
	],
	"category": "power",
	"research": "steam-generator"
}