{
	"type": "flying",
	"flying":true
	"name": "严惩",
	"speed": 1.5,	
	"armor": 5,
	"drag": 0.05,	
	"targetFlags": [//优先攻击
		"generator",//发电机
		"reactor",//反应堆
		"factory"//工厂
	],
	"description": "搭载两台能量爆弹发射器和一台球状闪电发生器，球状闪电和能量爆弹可以短暂瘫痪敌方发电站",	
	"accel": 0.1,
	"rotateSpeed": 6,
	"ammoType": {
		"type": "PowerAmmoType",
		"totalPower": 800
	},
	"ammoCapacity": 120,
	"hitSize": 27,
	"faceTarget": true,
	"drawMinimap": false,
	"health": 1200,
	"engineOffset": 16,
	"engineSize":7 ,
	"itemCapacity": 0,
	"research": "辑捕",
	"weapons": [
		{
    "x": 10,
    "y": -5,
    "rotate": false,
    "mirror": true,
    "top": true,
    "reload": 10,
    "range": 140,
    "shootSound": "malignShoot",
    "ammoPerShot":2
    "bullet": {
        			"type": "EmpBulletType",
			"timeIncrease": 1.5,
			"timeDuration": 60,
			"radius": 30,
			"powerDamageScl": 1.7,
			"powerSclDecrease": 0.6,
			"unitDamageScl": 1.5,
			"damage":30,
			"speed": 10,
			"bulletWidth": 32,
			"bulletHeight": 32,
			"trailEffect": "none",
			"smokeEffect": "none",
			"status":"electrified",
	        "statusDuration":180
			"lifetime":25,
			"backColor":"7575c8",
			"fontColor":"7575c8",
			"heatColor":"7575c8",
			"trailColor":"7575c8",   
			"homingRange": 100,
	        "homingPower": 0.2,
			"hitEffect":"flakExplosionBig",
            "despawnEffect":"flakExplosionBig",
            "trailLength":8,
	        "trailWidth":2,
	        "trailColor":"7575c8ff",
			}
		},
		    	
		 	{
    "x": 0,
    "y": 0,
    "shootStatusDuration": 120
    "shootStatus": "slow"
    "rotate": false,
    "mirror": false,
    "top": true,
    "reload": 420,
    "range": 140,    	
    "parts":[



		{"type":"shapePart",
		"hollow":true,
		"circle":true,
		"y":0,
		"layer":110,
		"color":"7575c8ff",
		"stroke":1,
		"strokeTo":3,
		"radiusTo":27,
		"radius":20
		},
		{"type":"HaloPart",
		"y":0,
		"radius":2,
		"tri":true,
		"layer":110,
		"color":"7575c8ff",
		"haloRotateSpeed":-1.7,
		"haloRadius":20,
		"haloRadiusTo":27,
		"stroke":0,
		"strokeTo":5,
		"shapes":2,
		"triLengthTo":10,
		"triLength":5
		},
		{"type":"HaloPart",
		"y":0,
		"radius":2,
		"tri":true,
		"layer":110,
		"color":"7575c8ff",
		"haloRotateSpeed":1.7,
		"haloRadius":20,
		"haloRadiusTo":27,
		"stroke":0,
		"strokeTo":5,
		"shapes":2,
		"triLengthTo":10,
		"triLength":5
		}	],
    "bullet": {
    /*"chargeEffect": {
        "type": "MultiEffect",
        "effects": [
            {
              "type": "WaveEffect",
              "lifetime": 150,
              "sizeFrom": 60,
              "sizeTo": 0,
              "interp": "pow10Out",
              "strokeFrom": 0,
              "strokeTo": 4,
              "colorFrom": "a4b8fa",
              "colorTo": "7575c8"
            },
        ]
      },*/
			"type": "EmpBulletType",
			"timeIncrease": 1.5,
			"timeDuration": 600,
			"radius": 120,
			"powerDamageScl": 3,
			"powerSclDecrease": 0.3,
			"unitDamageScl": 2,
        "smokeEffect": "shootSmokeTitan",
        "hitColor": "7575c8",
        "sprite": "large-orb",
        "trailEffect": "missileTrail",
        "trailInterval": 3,
        "trailParam": 4,
        "speed": 0.5,
        "damage": 37,
        "pierce": true,
        "pierceBuilding": true,
        "pierceCap": 30,	
        "status":"electrified",
	    "statusDuration":300	
	    "homingRange": 100,
	    "homingPower": 0.2,
        "lifetime": 420,
        "width": 36,
        "height": 36,
        "backColor": "7575c8",
        "frontColor": "a4b8fa",
        "shrinkX": 0,
        "shrinkY": 0,
        "trailColor": "7575c8",
        "trailLength": 30,
        "trailWidth": 2.2,
        "despawnEffect": {
            "type": "ExplosionEffect",
            "waveColor": "7575c8",
            "smokeColor": "7575c8",
            "sparkColor": "a4b8fa",
            "waveStroke": 3,
            "waveRad": 30
        },
        "hitEffect": {
            "type": "ExplosionEffect",
            "waveColor": "7575c8",
            "smokeColor": "7575c8",
            "sparkColor": "a4b8fa",
            "waveStroke": 4,
            "waveRad": 40
        },
        "despawnSound": "spark",
        "hitSound": "spark",
          "intervalBullet": {
            "type": "LightningBulletType",
			"timeIncrease": 1.5,
			"timeDuration": 60,
			"radius": 120,	
			"powerDamageScl": 1.7,
			"powerSclDecrease": 0.6,
			"unitDamageScl": 1.5,
            "damage": 17,		
            "status":"electrified",
	        "statusDuration":360
            "lightningLength": 11,
            "hitSound": "spark",
            "despawnSound": "spark",
            "lightningColor": "7575c8"
        },
        "bulletInterval": 2,
      "intervalRandomSpread": 360,
      "intervalBullets": 4,
      "intervalAngle": 360,
      "intervalSpread": 300
    },    }
    


	]
}