{
	"type": "Wall",
	"name": "Large Composite Wall",
	"description": "Protects structures from enemy projectiles.\nReflects most bullets upon impact.\nAbsorbs lasers and electric arcs. Blocks automatic power connections.\nPeriodically releases electric arcs upon contact.",
	"envDisabled": 16,
	"category": "defense",
	"health": 7360,
	"size": 2,
	"chanceDeflect": 10,
	"flashHit": true,
	"insulated": true,
	"absorbLasers": true,
	"lightningChance": 0.1,
	"lightningDamage": 40,
	"requirements": [
		{
			"item": "item-20-composite-matter",
			"amount": 12
		}
	],
	"research": "defense-20-composite-wall"
}