{
	"type": "flying",//种类
	"name": "中子天垠",//名称
	"controller":"FighterAI",
	"description": "中子之力强行与水晶星辉混合，抛弃了自杀式的轰炸袭击，肩扛一个小导弹，能进行快速的超远距离打击，副作用也非常明显，导弹拖垮了它的飞行速度，同时因为导弹的巨大体积，使得他没有空间再安装转动轴只适用于远程辅助，血量比较脆弱，所以进化出了一个护盾来保护自己。",//描述
	"details": "你和你的掩体一样好笑"
    "speed": 1.2,//速度
	"flying": true,//能否飞行，true为能飞
	"turnCursor":true,//转动光标
	"engineOffset": 8,//发动机偏移
	"targetAir": true, //目标空气
	"targetGround":true,//对地
	"range": 68, //范围
	"faceTarget": false, //贴脸目标
	"circleTarget": true, //圈出目标（显示攻击目标）
	"engineSize": 5,//发动机大小
    "hitSize": 14,//被击中大小，你的大小
    "targetAir":true,//目标航空
    "health": 13400,//血量 
    "armor": 150,//装甲
    "mineSpeed": 0,//挖矿速度 1=100%
    "mineTier": 0,//挖矿等级，你可以挖什么矿 
    "buildSpeed": 0,//构建速度 1=100%
    "rotateSpeed": 5,//转速，旋转的速度 
    "itemCapacity": 125,//容量，字面意思 
    "rotateShooting": true,//旋转射击，是否旋转射击 
    "abilities": [
        {
        "type":"ForceFieldAbility",/*类型:力场能力 */
        "radius": 24,/*半径大小，按8/格算！ */
        "regen": 15,/*再生，力场回血的速度，别过高！ */
        "max": 1000,/*力场血量上限 */
        "cooldown": 1,}/*冷却时间，力场打没了之后重新出现的时间 */
    ],/*如果不用可以删除！别告诉我删都不会删！ */
    	"weapons":[ 
    	{
            "name": "小型追踪导弹",
            "reload": 20,
            "x": 0,
            "y": 0,
            "mirror": false,
            "rotate": false,
            "inaccuracy": 0,
            "shootCone": 60,
            "alternate": true,
            "shootSound": "missileLaunch",
            "shake": 10,
            "bullet": {
                "keepVelocity": false,
                "speed": 0,
                "shootEffect": "none",
                "smokeEffect": "shootSmallFlame",
                "spawnUnit": "小型追踪导弹"
            }
        }
    ]
}