{
//	"type":"BeamNode",
	"category":"power",
	"name":"能量节点",
	"description":"向其它互相垂直的能量节点传输电力，可存储少量电力，在电网供电不足时放电",

	"research":{
	"parent":"hydraulic-generator",
	"requirements":[
	"nickel/20"
	]	},

	"requirements":[
	"nickel/8",
	],

	"consumes":{"powerBuffered":2000},

	"size":1,
	"health":250,
	"range":10,
	"fogRadius":1,
	"hasPower":true,
	"outputsPower":true,
	"consumesPower":true,
	"laserColor1":"FFFFFFFF",
	"laserColor2":"FFE18FFF"
}