{
	"type":"ConsumeGenerator",
	"category":"power",
	"name":"火力涡轮发电机",
	"description":"利用锅炉与蒸汽轮机，经过一系列换能过程将化学能变为电能。",

	"size":3,
	"health":1060,
	"generateEffect":"lightning",
	"itemCapacity":30,
	"liquidCapacity":100,
	"hasLiquids":true,
	"powerProduction":35,

	"research":{
	"parent":"geothermal-generator",
	"requirements":[
	"tungsten/6000",
	"plastanium/3000",
	"graphite/2000",
	"silicon/3000"
	]	},

	"requirements":[
	"tungsten/60",
	"plastanium/30",
	"graphite/20",
	"silicon/30"
	],

	"drawer":{"type":"DrawMulti",
	"drawers":[
	"DrawDefault",
	{"type":"DrawRegion",
	"suffix":"-rotator",
	"rotateSpeed":9,
	"rotation":45
	},
	{"type":"DrawRegion",
	"suffix":"-cap"
	},
	"DrawWarmupRegion",
	{"type":"DrawLiquidRegion",
	"drawLiquid":"water"
	}	]	},

	"consumes":{
	"items":[
	"pyratite/2"
	],
	"liquid":"water/0.5"
	},
}