{
	"type":"GenericSmelter",
	"name":"合金锻造厂",
	"description":"用刚玉等材料将巨浪合金锻造为更为优异的海啸合金。",
	"size":3,
	"requirements":[
		{"item":"steel","amount":80},
		{"item":"brass","amount":60},
		{"item":"bronze","amount":50},
		{"item":"integrated-chip","amount":60}
	],
	"consumes":{
		"items":{
			"items":[
				{"item":"surge-alloy","amount":1},
				{"item":"corundum","amount":2}
			]
		},
		"liquid":{"liquid":"acid","amount":0.1}
	},
	"outputItem":
		{"item":"tsunami-alloy","amount":1},
	"hasItems":true,
	"craftTime":180,
	"health":150,
	"itemCapacity":10,
	"flameColor":"61D1FF",
	"craftEffect":"smeltsmoke",
	"research":"alloy-smelter",
	"category":"crafting"
}