{
	"type":"GenericCrafter",
	"name":"穿甲弹弹夹生产车间",
	"description":"用钢、子弹弹夹和电力来制作穿甲弹弹夹。",
	"size":2,
	"requirements":[
		{"item":"steel","amount":80},
		{"item":"titanium","amount":50},
		{"item":"bronze","amount":60}
	],
	"consumes":{
		"items":{
			"items":[
				{"item":"steel","amount":1},
				{"item":"cartridge-clip","amount":1}
			]
		},
		"power":1.5,
	},
	"outputItem":
		{"item":"armour-piercing-cartridge-clip","amount":1},
	"hasItems":true,
	"craftTime":90,
	"health":120,
	"itemCapacity":10,
	"research":"cartridge-clip-plant",
	"category":"crafting"
}