{
	"type":"GenericCrafter",
	"name":"电路板制造厂",
	"description":"用铜、铁和少量电力来制作电路板。",
	"size":2,
	"requirements":[
		{"item":"copper","amount":60},
		{"item":"zinc","amount":30},
		{"item":"steel","amount":50}
	],
	"consumes":{
		"items":{
			"items":[
				{"item":"copper","amount":1},
				{"item":"iron","amount":1},
			]
		},
		"power":1,
	},
	"outputItem":
		{"item":"circuit-board","amount":1},
	"hasItems":true,
	"craftTime":60,
	"health":100,
	"itemCapacity":10,
	"research":"steel-smelter",
	"category":"crafting"
}