{
	"type":"GenericSmelter",
	"name":"钢冶炼厂",
	"description":"用煤炭将铁冶炼成钢。生产效率较慢。",
	"size":2,
	"requirements":[
		{"item":"copper","amount":40},
		{"item":"aluminium","amount":30},
		{"item":"iron","amount":40},
	],
	"consumes":{
		"items":{
			"items":[
				{"item":"coal","amount":1},
				{"item":"iron","amount":2}
			]
		}
	},
	"outputItem":
		{"item":"steel","amount":1},
	"hasItems":true,
	"craftTime":90,
	"health":80,
	"itemCapacity":10,
	"flameColor":"FFED91",
	"craftEffect":"smeltsmoke",
	"research":"graphite-press",
	"category":"crafting"
}