{
	"name":"核弹发射器",
    "description":"qwq，爆炸即是艺术",
	"size":7,
	"health":20000,
	"ammoPerShot":1,
	"range":100000,
	"reloadTime":1200,
	"inaccuracy":0,
	"shots":1,
	"rotatespeed":0.5,
	"maxAmmo":5,
	"targetAir":false,
	"targetGround":true,
	"shootSound":"大导弹",
	"ammoTypes":{
		"missile4":{
			"type":"MissileBulletType",
			"trailEffect":"artilleryTrail",
			"width":30,
			"height":50,
			"speed":3,
			"damage":1000,
			"ammoMultiplier":1,
			"inaccuracy":0,
			"hitSize":30,
			"splashDamage":600,
			"splashDamageRadius":150,
			"hitEffect":"explosion",
			"bulletSprite":"missile",
			"trailColor":"FFA54F",
			"backColor":"FFA54F",
			"frontColor":"FFA54F",
			"hitTiles":true,
			"collidesTiles":true,
			"collidesTeam":false,
			"reflectable":false,
			"collidesAir":true,
			"collidesGround":true,
			"collides":true,
			"lifetime":10000,
			"keepVelocity":true,
			"fragBullets":5,
			"fragVelocityMin":2,
			"fragVelocityMax":2,
			"homingPower":0,
			"homingRange":0,
			"fragBullet":{
				"type":"MissileBulletType",
				"bulletSprite":"missile",
				"trailColor":"FFF68F",
				"backColor":"FFF68F",
				"frontColor":"FFF68F",
				"width":10,
				"height":30,
				"damage":200,
				"splashDamage":10,
				"splashDamageRadius":150,
				"explodeRange":50,
				"speed":1,
				"hitSize":10,
				"lifetime":120,
				"hitTiles":true,
				"collidesTiles":true,
				"collidesTeam":false,
				"reflectable":false,
				"collidesAir":true,
				"collidesGround":true,
				"collides":true,
				"keepVelocity":true,
				"homingPower":0,
				"homingRange":0,
				"hitEffect":"shockwave"
			}
		},
		"missile5":{
			"type":"MissileBulletType",
			"trailEffect":"missileTrail",
			"width":35,
			"height":60,
			"speed":2,
			"damage":1500,
			"ammoMultiplier":1,
			"inaccuracy":0,
			"hitSize":35,
			"splashDamage":1000,
			"splashDamageRadius":1500,
			"hitEffect":"nuclearShockwave",
			"bulletSprite":"missile",
			"trailColor":"FF3030",
			"backColor":"FF3030",
			"frontColor":"FF3030",
			"hitTiles":true,
			"collidesTiles":true,
			"collidesTeam":false,
			"reflectable":false,
			"collidesAir":true,
			"collidesGround":true,
			"collides":true,
			"lifetime":10000,
			"keepVelocity":true,
			"fragBullets":10,
			"fragVelocityMin":2,
			"fragVelocityMax":2,
			"homingPower":0,
			"homingRange":0,
			"fragBullet":{
				"type":"MissileBulletType",
				"bulletSprite":"missile",
				"trailColor":"FF4500",
				"backColor":"FF4500",
				"frontColor":"FF4500",
				"width":10,
				"height":30,
				"damage":800,
				"splashDamage":450,
				"splashDamageRadius":500,
				"explodeRange":50,
				"speed":1,
				"hitSize":10,
				"lifetime":120,
				"hitTiles":true,
				"collidesTiles":true,
				"collidesTeam":false,
				"reflectable":false,
				"collidesAir":true,
				"collidesGround":true,
				"collides":true,
				"keepVelocity":true,
				"homingPower":0,
				"homingRange":0,
				"hitEffect":"shockwave"
			}
		},
		"missile6":{
			"type":"MissileBulletType",
			"trailEffect":"missileTrail",
			"width":40,
			"height":70,
			"speed":2,
			"damage":3000,
			"ammoMultiplier":1,
			"inaccuracy":0,
			"hitSize":40,
			"splashDamage":2000,
			"splashDamageRadius":15000,
			"hitEffect":"nuclearShockwave",
			"bulletSprite":"missile",
			"trailColor":"27408B",
			"backColor":"27408B",
			"frontColor":"27408B",
			"hitTiles":true,
			"collidesTiles":true,
			"collidesTeam":false,
			"reflectable":false,
			"collidesAir":true,
			"collidesGround":true,
			"collides":true,
			"lifetime":10000,
			"keepVelocity":true,
			"fragBullets":15,
			"fragVelocityMin":2,
			"fragVelocityMax":2,
			"homingPower":0,
			"homingRange":0,
			"fragBullet":{
				"type":"MissileBulletType",
				"bulletSprite":"missile",
				"trailColor":"1E90FF",
				"backColor":"1E90FF",
				"frontColor":"1E90FF",
				"width":10,
				"height":30,
				"damage":1000,
				"splashDamage":650,
				"splashDamageRadius":1200,
				"explodeRange":50,
				"speed":1,
				"hitSize":10,
				"lifetime":120,
				"hitTiles":true,
				"collidesTiles":true,
				"collidesTeam":false,
				"reflectable":false,
				"collidesAir":true,
				"collidesGround":true,
				"collides":true,
				"keepVelocity":true,
				"homingPower":0,
				"homingRange":0,
				"hitEffect":"shockwave"
			}
		},
		"missile7":{
			"type":"MissileBulletType",
			"trailEffect":"incendTrail",
			"width":55,
			"height":90,
			"speed":1,
			"damage":850,
			"ammoMultiplier":1,
			"inaccuracy":0,
			"hitSize":55,
			"splashDamage":500,
			"splashDamageRadius":150,
			"hitEffect":"bigShockwave",
			"hitTiles":true,
			"collidesTiles":true,
			"collidesTeam":false,
			"hittable":false,
			"reflectable":false,
			"collidesAir":true,
			"collidesGround":true,
			"collides":true,
			"keepVelocity":true,
			"fragBullets":5,
			"lifetime":10000,
			"fragVelocityMin":2,
			"fragVelocityMax":2,
			"bulletSprite":"missile",
			"trailColor":"00B2EE",
			"backColor":"00B2EE",
			"frontColor":"00B2EE",
			"homingPower":0,
			"homingRange":0,
			"fragBullet":{
				"type":"MissileBulletType",
				"bulletSprite":"missile",
				"trailColor":"00FFFF",
				"backColor":"00FFFF",
				"frontColor":"00FFFF",
				"width":10,
				"height":30,
				"damage":500,
				"splashDamage":300,
				"splashDamageRadius":250,
				"explodeRange":50,
				"speed":1,
				"hitSize":10,
				"lifetime":300,
				"hitTiles":true,
				"collidesTiles":true,
				"collidesTeam":false,
				"absorbable":false,
				"reflectable":false,
				"collidesAir":true,
				"collidesGround":true,
				"collides":true,
				"keepVelocity":true,
				"hitEffect":"shockwave",
				"fragBullets":10,
				"fragVelocityMin":2,
				"fragVelocityMax":2,
				"homingPower":0,
				"homingRange":0,
				"fragBullet":{
					"type":"MissileBulletType",
					"bulletSprite":"missile",
					"backColor":"000000",
					"frontColor":"000000",
					"trailColor":"000000",
					"homingPower":0,
					"homingRange":0,
					"width":10,
					"height":30,
					"damage":300,
					"splashDamage":150,
					"splashDamageRadius":100,
					"explodeRange":50,
					"speed":1,
					"hitSize":10,
					"lifetime":120,
					"hitTiles":true,
					"collidesTiles":true,
					"collidesTeam":false,
					"reflectable":false,
					"collidesAir":true,
					"collidesGround":true,
					"collides":true,
					"keepVelocity":true,
					"hitEffect":"shockwave"
				}
			}
		}
	},
	"requirements": [
		{ "item":"Fe-C","amount":5300},
		{ "item":"Mg-Al","amount":2800},
		{ "item":"Ti+","amount":1500},
		{ "item":"C60","amount":1000},
		{ "item":"xvx-ai","amount":25},
		{"item":"普通科技点","amount":2940}
	],
	"category":"turret",
	"research":{
	"parent":"xvx-ai-Plant",
    "requirements":[
		{ "item":"Fe-C","amount":53000},
		{ "item":"Mg-Al","amount":28000},
		{ "item":"Ti+","amount":15000},
		{ "item":"C60","amount":10000},
		{ "item":"xvx-ai","amount":250}
	]}
}