{
	//"type": "ItemTurret",
	"health": 10700,
	"size": 8,
	"recoil": 8,
	"shake": 20,
	"shootY": 25,
	"range": 960,
	"reload": 600,
	"recoilTime": 100,
	"cooldownTime": 660,
	"canOverdrive": false,
	"consumes": {
		"power": 252,
		"coolant": {
			"amount": 5
		}
	},
	"shoot": {
		"firstShotDelay": 45
	},
	"maxAmmo": 60,
	"rotateSpeed": 2,
	"ammoPerShot": 30,
	"liquidCapacity": 300,
	"coolantMultiplier": 0.05,
	"minWarmup": 0.98,
	"shootWarmupSpeed": 0.04,
	"warmupMaintainTime": 300,
	"loopSound": "hum",
	"loopSoundVolume": 0.5,
	"shootSound": "shockBlast",
	"moveWhileCharging": false,
	"chargeSound": "lasercharge2",
	"ammoUseEffect": {
		"type": "MultiEffect",
		"effects": [
			{
				"type": "ParticleEffect",
				"region": "curse-of-flesh-弹壳",
				"particles": 1,
				"lifetime": 32,
				"sizeFrom": 5,
				"sizeTo": 5,
				"cone": 20,
				"length": 23,
				"baseRotation": 90,
				"randLength": false,
				"interp": "pow5Out",
				"colorFrom": "F68021",
				"colorTo": "A2A2A2C0"
			},
			{
				"type": "ParticleEffect",
				"region": "curse-of-flesh-弹壳",
				"particles": 1,
				"lifetime": 32,
				"sizeFrom": 5,
				"sizeTo": 5,
				"cone": 20,
				"length": -23,
				"baseRotation": 90,
				"randLength": false,
				"interp": "pow5Out",
				"colorFrom": "F68021",
				"colorTo": "A2A2A2C0"
			}
		]
	},
	"smokeEffect": {
		"type": "MultiEffect",
		"effects": [
			{
				"type": "ParticleEffect",
				"particles": 23,
				"lifetime": 125,
				"sizeFrom": 8,
				"sizeTo": 0,
				"length": 60,
				"interp": "pow10Out",
				"sizeInterp": "pow10In",
				"colorFrom": "707070",
				"colorTo": "707070",
				"cone": 60
			},
			"smokeCloud"
		]
	},
	"ammoTypes": {
		"surge-alloy": {
			"damage": 7930,
			"lifetime": 48,
			"speed": 20,
			"shrinkY": 0,
			"width": 32,
			"height": 32,
			"hitSize": 100,
			"ammoMultiplier": 1,
			"status": "shocked",
			"lightning": 8,
			"lightningLength": 31,
			"lightningDamage": 435,
			"lightningColor": "FCF387",
			"splashDamage": 2730,
			"splashDamageRadius": 240,
			"buildingDamageMultiplier": 0.5,
			"frontColor": "FCF387",
			"backColor": "E8D174",
			"trailColor": "FCF387",
			"trailLength": 12,
			"trailWidth": 7.5,
			"chargeEffect": {
				"type": "MultiEffect",
				"effects": [
					{
						"type": "ParticleEffect",
						"particles": 25,
						"sizeFrom": 0,
						"sizeTo": 4,
						"length": 100,
						"baseLength": -100,
						"lifetime": 40,
						"colorFrom": "E8D174",
						"colorTo": "FCF387",
						"cone": 360
					},
					{
						"type": "ParticleEffect",
						"particles": 1,
						"sizeFrom": 0,
						"sizeTo": 15,
						"length": 0,
						"lifetime": 46,
						"colorFrom": "E8D174",
						"colorTo": "FCF387",
						"cone": 360
					}
				]
			},
			"shootEffect": {
				"type": "MultiEffect",
				"effects": [
					{
						"type": "ParticleEffect",
						"particles": 12,
						"lifetime": 25,
						"line": true,
						"strokeFrom": 5,
						"strokeTo": 0,
						"lenFrom": 24,
						"lenTo": 0,
						"length": 109,
						"colorFrom": "FCF387",
						"colorTo": "E8D174",
						"cone": 30
					},
					{
						"type": "WaveEffect",
						"lifetime": 10,
						"sizeFrom": 5,
						"sizeTo": 80,
						"strokeFrom": 3,
						"strokeTo": 0,
						"colorFrom": "FCF387",
						"colorTo": "E8D174"
					}
				]
			},
			"trailChance": 1,
			"trailEffect": {
				"type": "ParticleEffect",
				"particles": 1,
				"lifetime": 55,
				"sizeFrom": 3,
				"sizeTo": 0,
				"length": 43,
				"sizeInterp": "pow5In",
				"colorFrom": "FCF387",
				"colorTo": "E8D174",
				"cone": 360
			},
			"hitShake": 20,
			"hitSound": "plasmaboom",
			"hitEffect": {
				"type": "MultiEffect",
				"effects": [
					{
						"type": "ParticleEffect",
						"particles": 23,
						"lifetime": 145,
						"sizeFrom": 24,
						"sizeTo": 0,
						"length": 135,
						"baseLength": 33,
						"interp": "pow10Out",
						"sizeInterp": "pow10In",
						"colorFrom": "E8D174",
						"colorTo": "FCF387",
						"cone": 360
					},
					{
						"type": "ParticleEffect",
						"particles": 19,
						"lifetime": 32,
						"line": true,
						"strokeFrom": 8,
						"strokeTo": 0,
						"lenFrom": 23,
						"lenTo": 0,
						"length": 243,
						"colorFrom": "FCF387",
						"colorTo": "E8D174",
						"cone": 360
					},
					{
						"type": "WaveEffect",
						"lifetime": 30,
						"sizeFrom": 20,
						"sizeTo": 240,
						"strokeFrom": 32,
						"strokeTo": 0,
						"interp": "swing",
						"colorFrom": "E8D174",
						"colorTo": "FCF387"
					}
				]
			},
			"fragBullets": 4,
			"fragLifeMin": 0.2,
			"fragVelocityMin": 1,
			"fragBullet": {
				"type": "BulletType",
				"damage": 280,
				"lifetime": 40,
				"speed": 4,
				"lightning": 3,
				"lightningLength": 17,
				"lightningDamage": 245,
				"lightningColor": "FCF387",
				"splashDamage": 730,
				"splashDamageRadius": 80,
				"hitShake": 8,
				"hitSound": "棱镜",
				"hitEffect": {
					"type": "MultiEffect",
					"effects": [
						{
							"type": "ParticleEffect",
							"particles": 11,
							"lifetime": 121,
							"sizeFrom": 8,
							"sizeTo": 0,
							"length": 66,
							"baseLength": 15,
							"interp": "pow10Out",
							"sizeInterp": "pow10In",
							"colorFrom": "E8D174",
							"colorTo": "FCF387",
							"cone": 360
						},
						{
							"type": "WaveEffect",
							"lifetime": 15,
							"sizeFrom": 5,
							"sizeTo": 80,
							"strokeFrom": 5,
							"strokeTo": 0,
							"colorFrom": "E8D174",
							"colorTo": "FCF387"
						},
						{
							"type": "ParticleEffect",
							"particles": 19,
							"lifetime": 32,
							"line": true,
							"strokeFrom": 6,
							"strokeTo": 0,
							"lenFrom": 17,
							"lenTo": 0,
							"length": 70,
							"colorFrom": "E8D174",
							"colorTo": "FCF387",
							"cone": 360
						}
					]
				},
				"despawnEffect": "none",
				"fragBullets": 3,
				"fragLifeMin": 0.2,
				"fragVelocityMin": 1,
				"fragBullet": {
					"type": "BulletType",
					"damage": 155,
					"lifetime": 30,
					"speed": 4,
					"hitShake": 4,
					"hitSound": "棱镜",
					"hitEffect": {
						"type": "MultiEffect",
						"effects": [
							{
								"type": "ParticleEffect",
								"particles": 5,
								"lifetime": 97,
								"sizeFrom": 6,
								"sizeTo": 0,
								"length": 36,
								"baseLength": 5,
								"interp": "pow10Out",
								"sizeInterp": "pow10In",
								"colorFrom": "E8D174",
								"colorTo": "FCF387",
								"cone": 360
							},
							{
								"type": "ParticleEffect",
								"particles": 13,
								"lifetime": 32,
								"line": true,
								"strokeFrom": 6,
								"strokeTo": 0,
								"lenFrom": 23,
								"lenTo": 0,
								"length": 140,
								"baseLength": 20,
								"colorFrom": "FCF387",
								"colorTo": "E8D174",
								"cone": 360
							},
							{
								"type": "WaveEffect",
								"lifetime": 10,
								"sizeFrom": 0,
								"sizeTo": 160,
								"strokeFrom": 11,
								"strokeTo": 0,
								"colorFrom": "E8D174",
								"colorTo": "FCF387"
							}
						]
					},
					"despawnEffect": "none",
					"status": "shocked",
					"splashDamage": 95,
					"splashDamageRadius": 40,
					"fragBullets": 7,
					"fragLifeMin": 0.2,
					"fragVelocityMin": 1,
					"fragBullet": {
						"type": "BulletType",
						"damage": 9,
						"lifetime": 20,
						"speed": 4,
						"status": "shocked",
						"splashDamage": 7,
						"splashDamageRadius": 20,
						"hitShake": 2,
						"hitEffect": {
							"type": "MultiEffect",
							"effects": [
								{
									"type": "ParticleEffect",
									"particles": 2,
									"lifetime": 73,
									"sizeFrom": 4,
									"sizeTo": 0,
									"length": 21,
									"interp": "pow10Out",
									"sizeInterp": "pow10In",
									"colorFrom": "E8D174",
									"colorTo": "FCF387",
									"cone": 360
								},
								{
									"type": "ParticleEffect",
									"particles": 8,
									"lifetime": 15,
									"line": true,
									"strokeFrom": 3.3,
									"strokeTo": 0,
									"lenFrom": 13,
									"lenTo": 0,
									"length": 67,
									"baseLength": 13,
									"colorFrom": "E8D174",
									"colorTo": "FCF387",
									"cone": 360
								},
								{
									"type": "WaveEffect",
									"lifetime": 10,
									"sizeFrom": 0,
									"sizeTo": 80,
									"strokeFrom": 8,
									"strokeTo": 0,
									"colorFrom": "E8D174",
									"colorTo": "FCF387"
								}
							]
						},
						"despawnEffect": "none"
					}
				}
			}
		},
		"铱板": {
			"damage": 4550,
			"lifetime": 48,
			"speed": 20,
			"shrinkY": 0,
			"width": 32,
			"height": 32,
			"hitSize": 100,
			"ammoMultiplier": 1,
			"status": "破甲",
			"statusDuration": 240,
			"splashDamage": 730,
			"splashDamageRadius": 120,
			"buildingDamageMultiplier": 0.4
			"trailColor": "F9C27A",
			"trailLength": 12,
			"trailWidth": 7.5,
			"chargeEffect": {
				"type": "MultiEffect",
				"effects": [
					{
						"type": "ParticleEffect",
						"particles": 25,
						"sizeFrom": 0,
						"sizeTo": 4,
						"length": 100,
						"baseLength": -100,
						"lifetime": 40,
						"colorFrom": "F9C27A",
						"colorTo": "F9C27A",
						"cone": 360
					},
					{
						"type": "ParticleEffect",
						"particles": 1,
						"sizeFrom": 0,
						"sizeTo": 15,
						"length": 0,
						"lifetime": 46,
						"colorFrom": "F9C27A",
						"colorTo": "F9C27A",
						"cone": 360
					}
				]
			},
			"shootEffect": {
				"type": "MultiEffect",
				"effects": [
					{
						"type": "ParticleEffect",
						"particles": 12,
						"lifetime": 25,
						"line": true,
						"strokeFrom": 5,
						"strokeTo": 0,
						"lenFrom": 24,
						"lenTo": 0,
						"length": 109,
						"colorFrom": "F9C27A",
						"colorTo": "F9C27A",
						"cone": 30
					},
					{
						"type": "WaveEffect",
						"lifetime": 10,
						"sizeFrom": 5,
						"sizeTo": 80,
						"strokeFrom": 3,
						"strokeTo": 0,
						"colorFrom": "F9C27A",
						"colorTo": "F9C27A"
					}
				]
			},
			"trailChance": 1,
			"trailEffect": {
				"type": "ParticleEffect",
				"particles": 1,
				"lifetime": 55,
				"sizeFrom": 3,
				"sizeTo": 0,
				"length": 43,
				"sizeInterp": "pow5In",
				"colorFrom": "F9C27A",
				"colorTo": "F9C27A",
				"cone": 360
			},
			"hitShake": 20,
			"hitSound": "plasmaboom",
			"hitEffect": {
				"type": "MultiEffect",
				"effects": [
					{
						"type": "ParticleEffect",
						"particles": 23,
						"lifetime": 145,
						"sizeFrom": 24,
						"sizeTo": 0,
						"length": 135,
						"baseLength": 33,
						"interp": "pow10Out",
						"sizeInterp": "pow10In",
						"colorFrom": "F9C27A",
						"colorTo": "F9C27A",
						"cone": 360
					},
					{
						"type": "ParticleEffect",
						"particles": 19,
						"lifetime": 32,
						"line": true,
						"strokeFrom": 8,
						"strokeTo": 0,
						"lenFrom": 23,
						"lenTo": 0,
						"length": 243,
						"colorFrom": "F9C27A",
						"colorTo": "F9C27A",
						"cone": 360
					},
					{
						"type": "WaveEffect",
						"lifetime": 30,
						"sizeFrom": 20,
						"sizeTo": 240,
						"strokeFrom": 32,
						"strokeTo": 0,
						"interp": "swing",
						"colorFrom": "F9C27A",
						"colorTo": "F9C27A"
					}
				]
			},
			"fragBullets": 7,
			"fragLifeMin": 0.2,
			"fragVelocityMin": 1,
			"fragBullet": {
				"type": "BulletType",
				"damage": 570,
				"lifetime": 80,
				"speed": 2,
				"splashDamage": 155,
				"splashDamageRadius": 40,
				"hitShake": 8,
				"hitSound": "棱镜",
				"hitEffect": {
					"type": "MultiEffect",
					"effects": [
						{
							"type": "ParticleEffect",
							"particles": 11,
							"lifetime": 121,
							"sizeFrom": 8,
							"sizeTo": 0,
							"length": 66,
							"baseLength": 15,
							"interp": "pow10Out",
							"sizeInterp": "pow10In",
							"colorFrom": "F9C27A",
							"colorTo": "F9C27A",
							"cone": 360
						},
						{
							"type": "WaveEffect",
							"lifetime": 15,
							"sizeFrom": 5,
							"sizeTo": 80,
							"strokeFrom": 5,
							"strokeTo": 0,
							"colorFrom": "F9C27A",
							"colorTo": "F9C27A"
						},
						{
							"type": "ParticleEffect",
							"particles": 19,
							"lifetime": 32,
							"line": true,
							"strokeFrom": 6,
							"strokeTo": 0,
							"lenFrom": 17,
							"lenTo": 0,
							"length": 70,
							"colorFrom": "F9C27A",
							"colorTo": "F9C27A",
							"cone": 360
						}
					]
				},
				"despawnEffect": "none"
			}
		}
	},
	"requirements": [
		"graphite/5600",
		"铱板/1300",
		"导能回路/1200",
		"陶钢/950",
		"surge-alloy/1100",
		"生物钢/980"
	],
	"drawer": {
		"type": "DrawTurret",
		"parts": [
			{
				"type": "RegionPart",
				"suffix": "-bottom",
				"under": true
			},
			{
				"type": "ShapePart",
				"y": 10,
				"hollow": true,
				"sides": 4,
				"radius": 2.4,
				"stroke": 0,
				"strokeTo": 0.6,
				"color": "FF5845",
				"rotateSpeed": -0.5,
				"layerOffset": -0.0001
			},
			{
				"type": "ShapePart",
				"y": 10,
				"hollow": true,
				"sides": 4,
				"radius": 4.2,
				"stroke": 0,
				"strokeTo": 0.6,
				"color": "FF5845",
				"rotateSpeed": 0.5,
				"layerOffset": -0.0001
			},
			{
				"type": "RegionPart",
				"suffix": "-front",
				"progress": {
					"type": "warmup",
					"op": "delay",
					"amount": 0.75
				},
				"heatProgress": "warmup",
				"under": true,
				"moveY": -15
			},
			{
				"type": "HaloPart",
				"tri": true,
				"y": -32,
				"shapes": 2,
				"radius": 0,
				"radiusTo": 3,
				"triLength": 32,
				"haloRadius": 30,
				"haloRotation": 90,
				"color": "FF5845",
				"layer": 110
			},
			{
				"type": "HaloPart",
				"tri": true,
				"y": -32,
				"shapeRotation": 180,
				"shapes": 2,
				"radius": 0,
				"radiusTo": 3,
				"triLength": 8,
				"haloRadius": 30,
				"haloRotation": 90,
				"color": "FF5845",
				"layer": 110
			},
			{
				"type": "ShapePart",
				"y": -32,
				"hollow": true,
				"sides": 4,
				"radius": 4.8,
				"stroke": 0,
				"strokeTo": 1.2,
				"color": "FF5845",
				"rotateSpeed": -0.5,
				"layer": 110
			},
			{
				"type": "ShapePart",
				"y": -32,
				"hollow": true,
				"sides": 4,
				"radius": 8.4,
				"stroke": 0,
				"strokeTo": 1.2,
				"color": "FF5845",
				"rotateSpeed": 0.5,
				"layer": 110
			},
			{
				"type": "ShapePart",
				"y": -32,
				"circle": true,
				"hollow": true,
				"radius": 12,
				"stroke": 0,
				"strokeTo": 1.2,
				"color": "FF5845",
				"layer": 110
			},
			{
				"type": "ShapePart",
				"y": -32,
				"circle": true,
				"hollow": true,
				"radius": 16,
				"stroke": 0,
				"strokeTo": 1.6,
				"color": "FF5845",
				"layer": 110
			},
			{
				"type": "HaloPart",
				"tri": true,
				"y": -32,
				"shapes": 4,
				"radius": 0,
				"radiusTo": 3,
				"triLength": 18,
				"haloRadius": 16,
				"haloRotateSpeed": 1,
				"color": "FF5845",
				"layer": 110
			},
			{
				"type": "HaloPart",
				"tri": true,
				"y": -32,
				"shapeRotation": 180,
				"shapes": 4,
				"radius": 0,
				"radiusTo": 3,
				"triLength": 6,
				"haloRadius": 16,
				"haloRotateSpeed": 1,
				"color": "FF5845",
				"layer": 110
			},
			{
				"type": "HaloPart",
				"tri": true,
				"y": -32,
				"shapes": 4,
				"radius": 6,
				"triLength": 0,
				"triLengthTo": 4,
				"haloRadius": 16,
				"haloRotation": 45,
				"haloRotateSpeed": -0.5,
				"color": "FF5845",
				"layer": 110
			}
		]
	},
	"category": "turret",
	"research": {
		"parent": "决断",
		"objectives": [
			"箴言",
			"终极核心"
		]
	}
}