{
	//"type": "PowerTurret",
	"size": 7,
	"recoil": 4,
	"shake": 8,
	"shootY": -4,
	"range": 800,
	"reload": 1200,
	"shootCone": 1,
	"rotateSpeed": 2,
	"minWarmup": 0.99,
	"canOverdrive": false,
	"heatColor": "F03B0E",
	"cooldownTime": 1200,
	"unitSort": "strongest",
	"shootWarmupSpeed": 0.02,
	"warmupMaintainTime": 300,
	"consumes": {
		"power": 480,
		"liquid": "cryofluid/4"
	},
	"liquidCapacity": 120,
	"shootSound": "shootSmite",
	"requirements": [
		"copper/3000",
		"graphite/2100",
		"phase-fabric/830",
		"铱板/1400",
		"导能回路/900",
		"陶钢/750",
		"生物钢/580",
		"肃正协议/8"
	],
	"category": "turret",
	"research": {
		"parent": "密匙编译器",
		"objectives": [
			{
				"type": "OnSector",
				"preset": "落日要塞"
			}
		]
	}
}