{
	//"type": "PowerTurret",
	"health": 14400,
	"armor": 7,
	"size": 7,
	"range": 600,
	"reload": 600,
	"shake": 8,
	"recoil": 8,
	"shootY": 20,
	"recoilTime": 540,
	"cooldownTime": 540,
	"rotateSpeed": 2,
	"minWarmup": 0.96,
	"shootWarmupSpeed": 0.04,
	"warmupMaintainTime": 300,
	"shoot": {
		"shots": 3,
		"shotDelay": 10,
		"firstShotDelay": 40
	},
	"consumes": {
		"power": 110,
		"coolant": {
			"amount": 1
		}
	},
	"liquidCapacity": 40,
	"canOverdrive": false,
	"coolantMultiplier": 0.25,
	"chargeSound": "lasercharge2",
	"shootSound": "月隐发射",
	"coolEffect": {
		"type": "WaveEffect",
		"sides": 4,
		"lifetime": 60,
		"sizeTo": 9,
		"strokeFrom": 2,
		"colorFrom": "A9D8FF",
		"colorTo": "66B1FF"
	},
	"shootType": {
		"type": "EmpBulletType",
		"sprite": "curse-of-flesh-shining",
		"damage": 850,
		"lifetime": 50,
		"speed": 12,
		"spin": 4,
		"width": 48,
		"height": 48,
		"shrinkY": 0,
		"hittable": false,
		"absorbable": false,
		"ammoMultiplier": 1,
		"splashDamage": 850,
		"splashDamageRadius": 160,
		"scaledSplashDamage": true,
		"splashDamagePierce": true,
		"shootEffect": {
			"type": "ParticleEffect",
			"line": true,
			"particles": 12,
			"lifetime": 20,
			"length": 45,
			"cone": 30,
			"lenFrom": 6,
			"lenTo": 6,
			"strokeFrom": 3,
			"strokeTo": 0,
			"lightColor": "66B1FF",
			"colorFrom": "A9D8FF",
			"colorTo": "66B1FF"
		},
		"hitPowerEffect": {
			"type": "ParticleEffect",
			"line": true,
			"particles": 6,
			"lifetime": 22,
			"length": 80,
			"cone": -360,
			"lenFrom": 6,
			"lenTo": 6,
			"colorFrom": "A9D8FF",
			"colorTo": "66B1FF"
		},
		"radius": 80,
		"timeIncrease": 1.5,
		"unitDamageScl": 0.5,
		"status": "连锁闪电",
		"statusDuration": 60,
		"homingPower": 0.08,
		"homingRange": 360,
		"frontColor": "A9D8FF",
		"backColor": "66B1FF",
		"trailColor": "66B1FF",
		"trailLength": 8,
		"trailWidth": 4,
		"trailInterval": 12,
		"trailChance": 1,
		"trailRotation": true,
		"trailEffect": {
			"type": "ParticleEffect",
			"line": true,
			"particles": 3,
			"lifetime": 25,
			"length": 24,
			"baseLength": 0,
			"lenFrom": 12,
			"lenTo": 0,
			"cone": 15,
			"offsetX": -15,
			"lightColor": "A9D8FF",
			"colorFrom": "66B1FF",
			"colorTo": "A9D8FF"
		},
		"fragBullets": 1,
		"fragBullet": {
			"type": "BulletType",
			"damage": 0,
			"lifetime": 1,
			"speed": 0,
			"shootEffect": {
				"type": "ParticleEffect",
				"particles": 10,
				"lifetime": 30,
				"length": 40,
				"cone": 360,
				"offset": 20,
				"sizeFrom": 4,
				"sizeTo": 0,
				"interp": "circleOut",
				"colorFrom": "A9D8FF",
				"colorTo": "66B1FF"
			},
			"collides": false,
			"hittable": false,
			"absorbable": false,
			"reflectable": false,
			"pierceArmor": true,
			"splashDamage": 600,
			"splashDamageRadius": 160,
			"status": "EMP",
			"statusDuration": 180,
			"hitEffect": {
				"type": "MultiEffect",
				"effects": [
					{
						"type": "WrapEffect",
						"effect": "dynamicSpikes",
						"color": "A9D8FF",
						"rotation": 150
					},
					{
						"type": "ParticleEffect",
						"particles": 12,
						"lifetime": 36,
						"length": 40,
						"sizeFrom": 5,
						"sizeTo": 0,
						"cone": 360,
						"interp": "circleOut",
						"colorFrom": "66B1FF",
						"colorTo": "A9D8FF"
					},
					{
						"type": "ParticleEffect",
						"particles": 6,
						"lifetime": 15,
						"length": 60,
						"baseLength": 8,
						"sizeFrom": 3,
						"sizeTo": 0,
						"cone": 360,
						"colorFrom": "66B1FF",
						"colorTo": "A9D8FF"
					},
					{
						"type": "WaveEffect",
						"lifetime": 15,
						"sizeFrom": 8,
						"sizeTo": 50,
						"strokeFrom": 2,
						"strokeTo": 0,
						"colorFrom": "66B1FF",
						"colorTo": "A9D8FF"
					}
				]
			},
			"despawnEffect": {
				"type": "MultiEffect",
				"effects": [
					{
						"type": "ParticleEffect",
						"particles": 1,
						"lifetime": 15,
						"length": 0,
						"sizeFrom": 160,
						"sizeTo": 160,
						"interp": "circleOut",
						"colorFrom": "66B1FF",
						"colorTo": "A9D8FF00"
					},
					{
						"type": "WaveEffect",
						"lifetime": 60,
						"sizeFrom": 160,
						"sizeTo": 160,
						"strokeFrom": 4,
						"strokeTo": 0,
						"colorFrom": "66B1FF",
						"colorTo": "A9D8FF"
					}
				]
			},
			"fragBullets": 8,
			"fragLifeMin": 0.5,
			"fragVelocityMin": 0.5,
			"fragBullet": {
				"sprite": "curse-of-flesh-star",
				"damage": 115,
				"lifetime": 40,
				"speed": 4,
				"spin": 8,
				"width": 15,
				"height": 15,
				"shrinkY": 0,
				"impact": true,
				"knockback": -24,
				"frontColor": "A9D8FF",
				"backColor": "66B1FF",
				"trailColor": "66B1FF",
				"trailLength": 9,
				"trailWidth": 2,
				"weaveMag": 2,
				"weaveScale": 7,
				"status": "湍能",
				"statusDuration": 60,
				"homingPower": 0.04,
				"homingRange": 160,
				"splashDamage": 85,
				"splashDamageRadius": 40,
				"hitEffect": {
					"type": "ParticleEffect",
					"particles": 1,
					"sizeFrom": 6,
					"sizeTo": 0,
					"length": 0,
					"spin": 3,
					"interp": "swing",
					"lifetime": 100,
					"region": "curse-of-flesh-star",
					"colorFrom": "66B1FF",
					"colorTo": "A9D8FF"
				},
				"despawnEffect": {
					"type": "ParticleEffect",
					"particles": 1,
					"sizeFrom": 6,
					"sizeTo": 0,
					"length": 0,
					"spin": 3,
					"interp": "swing",
					"lifetime": 100,
					"region": "curse-of-flesh-star",
					"colorFrom": "66B1FF",
					"colorTo": "A9D8FF"
				}
			}
		}
	},
	"requirements": [
		"lead/4500",
		"graphite/3600",
		"铱板/2200",
		"silicon/2400",
		"导能回路/1480",
		"陶钢/780",
		"surge-alloy/1100"
	],
	"category": "turret",
	"research": {
		"parent": "脉冲放射塔",
		"objectives": [
			"终极核心"
		]
	}
}