{
	"type": "ContinuousLiquidTurret",
	"health": 1800,
	"armor": 2,
	"size": 2,
	"range": 115,
	"recoil": 1,
	"shootCone": 10,
	"liquidConsumed": 0.2,
	"loopSound": "torch",
	"shootSound": "none",
	"loopSoundVolume": 1,
	"targetInterval": 5,
	"targetUnderBlocks": false,
	"ammoTypes": {
		"water": {
			"type": "ContinuousFlameBulletType",
			"length": 90,
			"damage": 10,
			"oscScl": 0.8,//抖动频率
			"oscMag": 0.02,//抖动幅度
			"drawFlare": true,
			"flareColor": "7A8CDC",
			"flareWidth": 3,
			"flareLength": 40,
			"lengthInterp": "slope",//火焰特效类型
			"flareInnerScl": 0.5,//内层火焰根部粗细
			"flareInnerLenScl": 0.5,//外层火焰根部粗细
			"rotateFlare": true,
			"flareRotSpeed": 1.2,
			"colors": [
				"7A8CDC8C",
				"7A8CDCB2",
				"7A8CDCCC",
				"7A8CDC",
				"FFFFFFCC"
			],
			"lengthWidthPans": [
				1.12, 1, 0.32,
				1, 1, 0.3,
				0.8, 0.9, 0.2,
				0.5, 0.8, 0.15,
				0.25, 0.7, 0.1
			]
		},
		"slag": {
			"type": "ContinuousFlameBulletType",
			"length": 120,
			"damage": 30,
			"oscScl": 0.8,
			"oscMag": 0.02,
			"status": "burning",
			"statusDuration": 30,
			"drawFlare": true,
			"flareColor": "FAAF87",
			"flareWidth": 3,
			"flareLength": 40,
			"lengthInterp": "slope",
			"flareInnerScl": 0.5,
			"flareInnerLenScl": 0.5,
			"rotateFlare": true,
			"flareRotSpeed": 1.2,
			"colors": [
				"FAAF878C",
				"FAAF87B2",
				"FAAF87CC",
				"FAAF87",
				"FFFFFFCC"
			]
		}
		"oil": {
			"type": "ContinuousFlameBulletType",
			"length": 120,
			"damage": 60,
			"oscScl": 0.8,
			"oscMag": 0.02,
			"status": "melting",
			"statusDuration": 30,
			"drawFlare": true,
			"flareColor": "FF5845",
			"flareWidth": 3,
			"flareLength": 40,
			"lengthInterp": "slope",
			"flareInnerScl": 0.5,
			"flareInnerLenScl": 0.5,
			"rotateFlare": true,
			"flareRotSpeed": 1.2,
			"colors": [
				"FF58458C",
				"FF5845B2",
				"FF5845CC",
				"FF5845",
				"FFFFFFCC"
			]
		},
		"cryofluid": {
			"type": "ContinuousFlameBulletType",
			"length": 120,
			"damage": 40,
			"oscScl": 0.8,
			"oscMag": 0.02,
			"status": "freezing",
			"statusDuration": 30,
			"drawFlare": true,
			"flareColor": "87CEEB",
			"flareWidth": 3,
			"flareLength": 40,
			"lengthInterp": "slope",
			"flareInnerScl": 0.5,
			"flareInnerLenScl": 0.5,
			"rotateFlare": true,
			"flareRotSpeed": 1.2,
			"colors": [
				"87CEEB8C",
				"87CEEBB2",
				"87CEEBCC",
				"87CEEB",
				"FFFFFFCC"
			]
		}
	},
	"requirements": [
		"copper/155",
		"metaglass/55",
		"graphite/85",
		"titanium/65"
	],
	"category": "turret",
	"research": "攫取"
}