{
	"type": "powerTurret",
	"size": 4,
	"health": 2160,
	"range": 500,
	"reload": 360,
	"shake": 4,
	"shootY": 4,
	"recoil": 4,
	"recoilTime": 180,
	"rotateSpeed": 3,
	"cooldownTime": 420,
	"outlineColor": "313131",
	"moveWhileCharging": false,
	"itemCapacity": 1,
	"consumes": {
		"power": 33.7,
		"coolant": {
			"amount": 1
		}
	},
	"coolantMultiplier": 0.5,
	"heatRequirement": 10,
	"maxHeatEfficiency": 3,
	"shoot": {
		"firstShotDelay": 80
	},
	"shootSound": "灼烧",
	"chargeSound": "lasercharge",
	"shootType": {
		"type": "LaserBulletType",
		"damage": 1750,
		"lifetime": 30,
		"length": 500,
		"width": 70,
		"ammoMultiplier": 1,
		"chargeEffect": {
			"type": "MultiEffect",
			"lifetime": 80,
			"effects": [
				{
					"type": "ParticleEffect",
					"particles": 1,
					"sizeFrom": 2,
					"sizeTo": 38,
					"length": 0,
					"spin": 11,
					"lifetime": 80,
					"layer": 109,
					"region": "curse-of-flesh-star",
					"colorFrom": "FF5845",
					"colorTo": "FF5845",
					"cone": 360
				},
				{
					"type": "WaveEffect",
					"lifetime": 70,
					"sizeFrom": 90,
					"sizeTo": 0,
					"interp": "pow5In",
					"strokeFrom": 0,
					"strokeTo": 8,
					"lightColor": "FFDCD8",
					"colorFrom": "FFDCD8",
					"colorTo": "FF5845"
				},
				{
					"type": "WaveEffect",
					"lifetime": 70,
					"sizeFrom": 70,
					"sizeTo": 0,
					"interp": "pow5In",
					"strokeFrom": 0,
					"strokeTo": 8,
					"lightColor": "FFDCD8",
					"colorFrom": "FFDCD8",
					"colorTo": "FF5845"
				}
			]
		},
		"shootEffect": {
			"type": "multiEffect",
			"effects": [
				{
					"type": "ParticleEffect",
					"line": true,
					"particles": 15,
					"offset": 20,
					"lifetime": 30,
					"length": 100,
					"baseLength": -15,
					"cone": -360,
					"lenFrom": 10,
					"lenTo": 10,
					"colorFrom": "FF5845",
					"colorTo": "FFDCD8"
				},
				{
					"type": "WaveEffect",
					"lifetime": 25,
					"sizeFrom": 0,
					"sizeTo": 75,
					"strokeFrom": 4,
					"strokeTo": 0,
					"lightColor": "FF5845",
					"colorFrom": "FF5845",
					"colorTo": "FFDCD8"
				},
				{
					"type": "ParticleEffect",
					"particles": 1,
					"sizeFrom": 35,
					"sizeTo": 0,
					"length": 0,
					"interp": "swingIn",
					"lifetime": 25,
					"region": "curse-of-flesh-star",
					"lightColor": "FF5845",
					"colorFrom": "FF5845",
					"colorTo": "FFDCD8"
				},
				{
					"type": "ParticleEffect",
					"particles": 1,
					"sizeFrom": 12,
					"sizeTo": 0,
					"length": 0,
					"interp": "swingIn",
					"lifetime": 25,
					"region": "curse-of-flesh-star",
					"lightColor": "FF5845",
					"colorFrom": "FF5845",
					"colorTo": "FFC1BB"
				}
			]
		},
		"colors": [
			"FF5845",
			"FFC1BB",
			"FFDCD8"
		],
		"sideAngle": 30,
		"sideWidth": 1.5,
		"sideLength": 100,
		"lightningSpacing": 30,
		"lightningLength": 10,
		"lightningDelay": 0.6,
		"lightningLengthRand": 0.1,
		"lightningDamage": 25,
		"lightningAngleRand": 0.1,
		"lightningColor": "FF5845",
		"lightningType": {
			"damage": 225,
			"width": 6.5,
			"type": "ShrapnelBulletType",
			"lifetime": 20,
			"length": 10,
			"serrations": 0,
			"fromColor": "FF5845",
			"toColor": "FF5845",
			"hitEffect": {
				"type": "ParticleEffect",
				"line": true,
				"particles": 6,
				"offset": 20,
				"lifetime": 30,
				"length": 65,
				"baseLength": -15,
				"cone": -360,
				"lenFrom": 5,
				"lenTo": 0,
				"colorFrom": "FF5845",
				"colorTo": "DE4136"
			},
			"statusDuration": 90,
			"status": "熔融"
		},
		"hitEffect": {
			"type": "ParticleEffect",
			"line": true,
			"particles": 15,
			"offset": 20,
			"lifetime": 30,
			"length": 65,
			"baseLength": -15,
			"cone": -360,
			"lenFrom": 9,
			"lenTo": 0,
			"colorFrom": "FF5845",
			"colorTo": "DE4136"
		},
		"status": "熔融",
		"statusDuration": 300,
		"largeHit": true,
		"lightColor": "FF5845"
	},
	"requirements": [
		"graphite/1200",
		"铱板/625",
		"plastanium/425",
		"导能回路/325",
		"陶钢/225"
	],
	"category": "turret",
	"research": "月隐"
}