{
        "name": "高能燃烧",
        "alwaysUnlocked": true,
        "applyColor": "e8d174",
        "color": "e8d174",
        "damage": 0.4,
        "effect": {
          "type": "ParticleEffect",
          "particles": 8,
          "sizeFrom": 1,
          "sizeTo": 2.7,
          "colorFrom": "e8d174",
          "colorTo": "fffab8",
          "line": true,
          "strokeFrom": 0.6,
          "strokeTo": 1
          "interp": "pow2Out"
          "sizeInterp": "pow2Out"
        },
        "affinities": ["wet"],
        "opposites": ["tarred", "freezing"],
        "reloadMultiplier": 0.85 
}
