{
    "type": "ConsumeGenerator",
    "name": "铜铅发电机",
    "description": "根据一系列复杂的原理，总之可以发电就对了",
    "size": 2,
    "health": 300,
    "hasLiquids": false,
    "hasItems": true,
    "itemDuration": 180,
    "powerProduction": 3.5,
    "itemCapacity": 10,
/*    "drawer": {
        "type": "DrawMulti",
        "drawers": [
            {
                "type": "DrawTurbines",
                "suffix": "cryofluid"
            },
            {
                "type": "DrawWarmupRegion",
                "suffix": "-bottom"
            },
            "DrawDefault"
        ]
    },*/
    "generateEffect": "generatespark",
"consumes": {
    	"items": {
        	"items": [
            	{ "item": "copper","amount": 1 /*数量*/}
            	{ "item": "lead","amount": 1 /*数量*/}
            ],
    	}
	},
    "requirements": [
        {
            "item": "压缩铜",
            "amount": 15
        },
        {
            "item": "lead",
            "amount": 40
        },
        {
            "item": "copper",
            "amount": 25
        },
    ],
    "ambientSound": "smelter",
    "ambientSoundVolume": 0.06,
    "category": "power",
    "research": "combustion-generator"
}