{
    "type": "ConsumeGenerator",
    "name": "废料发电机",
    "description": "根据一系列复杂的原理，总之可以发电就对了",
    "size": 3,
    "health": 800,
    "hasLiquids": false,
    "hasItems": true,
    "itemDuration": 20,
    "powerProduction": 50,
    "itemCapacity": 15,
    "generateEffect": "generatespark",
"consumes": {
    	"items": {
        	"items": [
            	{ "item": "scrap","amount": 1 /*数量*/}
            ],
    	}
    	"liquids": {
        	"liquids": [
            	{ "liquid": "water","amount": 0.25, /*数量*/}
            ],
    	}
	},
    "requirements": [
        {
            "item": "copper",
            "amount": 100
        },
        {
            "item": "graphite",
            "amount": 50
        },
        {
            "item": "metaglass",
            "amount": 50
        },
        {
            "item": "碳钢",
            "amount": 50
        },
    ],
    "ambientSound": "smelter",
    "ambientSoundVolume": 0.06,
    "category": "power",
    "research": "a05石墨发电机"
}