{
	"type": "ThermalGenerator",
	"name": "巨型热能发电机",
	"description": "完全利用岩浆和热地块",
	"size": 4,
	"health": 1350,
	"powerProduction": 4,
	"generateEffect":"redgeneratespark",
	"effectChance":0.08,
	"drawer":{
		"type":"DrawMulti",
		"drawers":[
			"DrawDefault",
			{"type":"DrawFade",
			"scale":10}
			]
	},
	"requirements": [
	"copper/250","lead/300",
	"metaglass/250","碳钢/200",
	"silicon/150"
	"titanium/100","低级许可证/3"
	],
	"floating": true,
	"ambientSound":"hum",
	"attribute": "heat",
	"category": "power",
	"research": "a25大型热能发电机"
}