{
    "type": "ImpactReactor",
    "name": "锘反应堆",
    "description": "发电挺高，炸了伤害也挺高",
    "size": 4,
    "health": 1200,
    "liquidCapacity": 40,
    "itemCapacity": 20,
    "warmupSpeed": 0.002,
    "hasItems": true,
    "hasLiquids": true,
    "outputsPower": true,
    "powerProduction": 100,
    "itemDuration": 150,
    "lightColor": "FFFFFF",
    "consumes": {
        "power": 10,
        "liquid": {
            "liquid": "cryofluid",
            "amount": 0.25
        },
        "items": {
            "items": [
                {
                    "item": "锘",
                    "amount": 1
                },
            ]
        }
    },
    "requirements": [
        {
            "item": "lead",
            "amount": 500
        },
        {
            "item": "silicon",
            "amount": 250
        },
        {
            "item": "锘",
            "amount": 300
        },
        {
            "item": "graphite",
            "amount": 150
        },
        {
            "item": "metaglass",
            "amount": 150
        },
        {
            "item": "低级许可证",
            "amount": 3
        },
    ],
    "category": "power",
    "research": "a03煤炭反应堆"
    "explosionRadius":40,
        //爆炸半径(格
        "explosionDamage":5000,
        //爆炸伤害
        "explodeEffect":"airBubble"
        //爆炸特效
}