{
    "type": "ItemTurret",
    "name": "雪萼",
    "description": "雪中花萼，如梅雪相映",
    "details": "截止到2025.5.3为止的最大特效武器",
    "health": 1500,
    "size": 5,
    "reload": 180,
    "inaccuracy": 0,
    "ammoPerShot": 1,
    "rotateSpeed": 2,
    "maxAmmo": 20,
    "targetAir": true,
    "targetGround": true,
    "canOverdrive": true,
    "range": 420,
    "shake": 1,
    "shootSound": "shotgun",
    "recoil": 0.5,
    "recoilTime": 45,
    "minWarmup": 0,
    "consumes": {
        "coolant": {
            "liquid": "cryofluid",
            "amount": 0.2,
            "optional": "false"
        }
    },
	"shoot":{
        "type": "shootBarrel",
	"shots":1,
    "barrels": [0,0,0,]
    }
    "ammoTypes": {
        "干冰": {
            "type": "BasicBulletType",
            "speed": 10,
            "damage": 500,
            "reloadMultiplier": 2.0,
            "status": "freezing",
            "statusDuration": 300,
            "width": 20,
            "height": 25,
            "backColor": " 00BFFFFF",
            "frontColor": "B0E2FFFF",
            "trailLength": 15,
            "despawnHit": true,
            	"bulletInterval": 2,
			"intervalBullets": 4,
			"intervalRandomSpread": 30,
			"intervalBullet": {
				"type": "BasicBulletType",
				"damage": 45,
				"knockback": 5,
				"speed": 9,
				"lifetime": 30,
				"backColor": "FFFFFF",
				"frontColor": "FFFFFF",
				"trailLength": 3,
				"trailWidth": 2,
				"trailColor": "FFFFFF",
				"width": 10,
				"height": 10,
				"despawnEffect": "none"
			}
            "trailWidt": 5,
            "trailColor": "00FFFFFF",
            "hitEffect": {
                "type": "multiEffect",
                "effects": [
                    {
                        "type": "waveEffect",
                        "lifetime": 120,
                        "sizeFrom": 0,
                        "sizeTo": 50,
                        "strokeFrom": 6,
                        "strokeTo": 0,
                        "colorFrom": "00FFFFFF",
                        "colorTo": "00FFFFFF"
                    }
                    {
                        "type": "waveEffect",
                        "lifetime": 180,
                        "sizeFrom": 0,
                        "sizeTo": 30,
                        "strokeFrom": 6,
                        "strokeTo": 0,
                        "colorFrom": "#87CEFA",
                        "colorTo": "#87CEFA"
                    }
                ]
            },
        },
    },
    "drawer": {
    "type": "DrawTurret",
    "parts": [
        {
            "type":"RegionPart",
            "mirror": false,
            "x": 0,"y":0,
            "suffix": "-转1",
            "layer": 49,
            "moveY":0
        } 
        {
            "type": "ShapePart",
            "progress": "reload",
            "color": "#C6E2FF",
            "stroke": 0,
            "strokeTo": 8,
            "circle": true,
            "hollow": true,
            "radius": 250,
            "radiusTo": 0,
            "layer": 110,
            "v": 20
        }
        {
            "type": "ShapePart",
            "progress": "reload",
            "color": "#C6E2FF",
            "stroke": 0,
            "strokeTo": 8,
            "hollow": true,
            "radius": 250,
            "radiusTo": 0,
            "layer": 110,
            "v": 20
            "sides": 5,
            "color": "#BBFFFF",
            "tri": false,
            "hollow": true,
            "rotateSpeed": 10,
            "stroke": 0,
            "strokeTo": 8,
            "radius": 5,
            "radiusTo": 0,
            "trilength": 50,
            "trilengthTo": 0,
            "haloRadius": 50,
            "haloRotation": 22.5,
            "haloRotateSpeed": 1.6,
            "layer": 110 
            "radius": 250,
            "radiusTo": 0,
            "layer": 110,
            "v": 20
        }
        {
            "type": "ShapePart",
            "progress": "reload",
            "color": "#C6E2FF",
            "stroke": 0,
            "strokeTo": 5,
            "hollow": true,
            "radius": 150,
            "radiusTo": 0,
            "layer": 110,
            "v": 20
            "sides": 5,
            "color": "#BBFFFF",
            "tri": false,
            "hollow": true,
            "rotateSpeed": 10,
            "stroke": 0,
            "strokeTo": 5,
            "radius": 5,
            "radiusTo": 0,
            "trilength": 50,
            "trilengthTo": 0,
            "haloRadius": 50,
            "haloRotation": 22.5,
            "haloRotateSpeed": 1.6,
            "layer": 110 
            "radius": 150,
            "radiusTo": 0,
            "layer": 110,
            "v": 20
        }
    ]
}
    "requirements": [
        "钛合金/150",
        "graphite/35",
        "titanium/30",
        "silicon/30"
        "精铁/300"
        "钢/650"
        "玻璃钢/800"    
        "冷冻液桶/100"  
    ],
    "category": "turret",
    "research": "霜雪"
}