{
    "type": "ItemTurret",
    "name": "霜雪",
    "description": "雪花飘落",
    "details": "不想搞代码了",
    "health": 600,
    "size": 3,
    "reload": 180,
    "inaccuracy": 20,
    "ammoPerShot": 1,
    "rotateSpeed": 5,
    "maxAmmo": 60,
    "targetAir": true,
    "targetGround": true,
    "canOverdrive": true,
    "range": 280,
    "shake": 1,
    "shootSound": "shotgun",
    "recoil": 0.5,
    "recoilTime": 45,
    "minWarmup": 0,
    "consumes": {
        "coolant": {
            "amount": 0.4,
            "optional": true
        }
    },
    "coolantMultiplier": 20,
    "drawer": {
        "type": "DrawTurret",
        "parts": [
            {
                "type": "RegionPart",
                "mirror": false,
                "x": 0,
                "y": 0,
                "suffix": "-特效1",
                "layer": 0,
                "moveY": 0
            }
        ]
    },
    "shoot": {
        "type": "ShootAlternate",
        "shots": 30,
        "shotDelay": 0
    },
    "ammoTypes": {
        "干冰": {
            "type": "BasicBulletType",
            "speed": 7,
            "damage": 65,
            "reloadMultiplier": 2.0,
            "status": "freezing",
            "statusDuration": 120,
            "width": 10,
            "height": 10,
            "backColor": " 00BFFFFF",
            "frontColor": "B0E2FFFF",
            "trailLength": 15,
            "despawnHit": true,
            "trailWidt": 5,
            "trailColor": "00FFFFFF",
            "hitEffect": {
                "type": "multiEffect",
                "effects": [
                    {
                        "type": "ParticleEffect",
                        "line": true,
                        "particles": 4,
                        "lifetime": 30,
                        "interp": "circleOut",
                        "offset": 30,
                        "length": 12,
                        "lightColor": "A4B8FAFF",
                        "strokeFrom": 2,
                        "strokeTo": 0,
                        "lenFrom": 4,
                        "lenTo": 0,
                        "colorFrom": "00FFFFFF",
                        "colorTo": "00FFFFFF"
                    },
                    {
                        "type": "waveEffect",
                        "lifetime": 30,
                        "sizeFrom": 0,
                        "sizeTo": 8,
                        "strokeFrom": 2,
                        "strokeTo": 0,
                        "colorFrom": "00FFFFFF",
                        "colorTo": "00FFFFFF"
                    }
                ]
            },
            "shootEffect": {
                "type": "ParticleEffect",
                "line": true,
                "particles": 5,
                "lifetime": 20,
                "interp": "circleOut",
                "offset": 30,
                "length": 12,
                "lightColor": "00FFFFFF",
                "strokeFrom": 2,
                "strokeTo": 0,
                "lenFrom": 5,
                "lenTo": 0,
                "colorFrom": "00FFFFFF",
                "colorTo": "00FFFFFF"
            }
        },
        "copper": {
            "type": "BasicBulletType",
            "speed": 7,
            "damage": 15,
            "lifetime": 45,
            "reloadMultiplier": 2.0,
            "status": "wet",
            "statusDuration": 120,
            "width": 10,
            "height": 10,
            "despawnHit": true,
            "backColor": " 00BFFFFF",
            "frontColor": "B0E2FFFF",
            "trailLength": 15,
            "trailWidt": 5,
            "trailColor": "00FFFFFF",
            "hitEffect": {
                "type": "multiEffect",
                "effects": [
                    {
                        "type": "ParticleEffect",
                        "line": true,
                        "particles": 4,
                        "lifetime": 30,
                        "interp": "circleOut",
                        "offset": 30,
                        "length": 12,
                        "lightColor": "A4B8FAFF",
                        "strokeFrom": 2,
                        "strokeTo": 0,
                        "lenFrom": 4,
                        "lenTo": 0,
                        "colorFrom": "00FFFFFF",
                        "colorTo": "00FFFFFF"
                    },
                    {
                        "type": "waveEffect",
                        "lifetime": 30,
                        "sizeFrom": 0,
                        "sizeTo": 8,
                        "strokeFrom": 2,
                        "strokeTo": 0,
                        "colorFrom": "00FFFFFF",
                        "colorTo": "00FFFFFF"
                    }
                ]
            },
            "shootEffect": {
                "type": "ParticleEffect",
                "line": true,
                "particles": 5,
                "lifetime": 20,
                "interp": "circleOut",
                "offset": 30,
                "length": 12,
                "lightColor": "00FFFFFF",
                "strokeFrom": 2,
                "strokeTo": 0,
                "lenFrom": 5,
                "lenTo": 0,
                "colorFrom": "00FFFFFF",
                "colorTo": "00FFFFFF"
            }
        }
    },
    "requirements": [
        "copper/90",
        "graphite/35",
        "titanium/30",
        "silicon/30"
    ],
    "category": "turret",
    "research": "降水"
}