{
    "name": "稳固",
    "description": "拥有巨额护甲，攻击时获得巨额免伤",
    "type": "tank",
    "template": "ErekirUnitType",
    "squareShape": true,
    "treadPullOffset": 8,
    "singleTarget": false,
    "omniMovement": false,
    "crushDamage": 20,
    "treadRects": [
        {
            "x": -47,
            "y": -70,
            "width": 20,
            "height": 120
        },
        {
            "x": 47,
            "y": -70,
            "width": 20,
            "height": 120
        }
    ],
    "armor": 60,
    "hitSize": 38,
    "rotateSpeed": 1.6,
    "speed": 1.1,
    "flying": false,
    "health": 9000,
    "range": 38,
    "immunities": [],
    "weapons": [
        {
            "x": 0,
            "shake": 0,
            "reload": 30,
            "mirror": false,
            "display": false,
            "useAmmo": false,
            "shootCone": 360,
            "shootSound": "none",
            "shootStatus": "稳固",
            "shootStatusDuration": 60,
            "bullet": {
                "damage": 0,
                "lifetime": 4,
                "speed": 8,
                "collidesAir": false,
                "instantDisappear": true,
                "shootEffect": "none",
                "smokeEffect": "none",
                "despawnEffect": "none",
                "hitEffect": "none"
            }
        }
    ],
    "abilities": [
        {
            "type": "ArmorPlateAbility",
            "healthMultiplier": 9
        }
    ]
}