{
    "targetAir": false,
    "targetGround": true,
    "speed": 0,
    "hitSize": 24,
    "rotateSpeed": 0,
    "name": "裂震",
    "health": 40500,
    "range": 80,
    "description": "",
    "armor": 12,
    "type": "legs",
    "immunities": [
        "unmoving"
    ],
    "weapons": [
        {
            "name": "none",
            "reload": 300,
            "x": 0,
            "y": 0,
            "rotate": false,
            "shootCone": 360,
            "ejectEffect": "none",
            "shootSound": "explosionbig",
            "mirror": false,
            "inaccuracy": 0,
            "alternate": true,
            "top": false,
            "shootOnDeath": true,
            "bullet": {
                "killShooter": false,
                "splashDamageRadius": 48,
                "instantDisappear": true,
                "collides": false,
                "splashDamage": 600,
                "speed": 1,
                "lifetime": 10,
                "hitEffect": "massiveExplosion",
                "despawnEffect": {
                    "type": "MultiEffect",
                    "effects": [
                        {
                            "type": "ParticleEffect",
                            "particles": 18,
                            "sizeFrom": 6,
                            "sizeTo": 0,
                            "length": 45,
                            "baseLength": 3,
                            "lifetime": 35,
                            "colorFrom": "737373FF",
                            "colorTo": "737373FF",
                            "cone": 360
                        },
                        {
                            "type": "ParticleEffect",
                            "particles": 32,
                            "line": true,
                            "sizeFrom": 9,
                            "sizeTo": 0,
                            "length": 53,
                            "baseLength": 20,
                            "lifetime": 22,
                            "colorFrom": "FFFFFF",
                            "colorTo": "FFE176FF",
                            "cone": 360
                        },
                        {
                            "type": "WaveEffect",
                            "lifetime": 15,
                            "sizeFrom": 0,
                            "sizeTo": 70,
                            "strokeFrom": 4,
                            "strokeTo": 0,
                            "colorFrom": "FFE176FF",
                            "colorTo": "ffffff"
                        }
                    ]
                },
                "width": 0,
                "height": 0
            }
        }
    ],
    "abilities": [
        {
            "type": "ShieldRegenFieldAbility",
            "amount": 1000,
            "max": 6000,
            "reload": 300,
            "range": 180,
            "parentizeEffects": true
        },
        {
            "type": "RepairFieldAbility",
            "amount": 6000,
            "reload": 600,
            "range": 80,
            "parentizeEffects": true
        },
        {
            "type": "SpawnDeathAbility",
            "unit": "abab调查",
            "amount": 5
        },
        {
            "type": "SpawnDeathAbility",
            "unit": "abaa立案",
            "amount": 10
        },
        {
            "type": "SpawnDeathAbility",
            "unit": "adaa行步",
            "amount": 10
        },
        {
            "type": "SpawnDeathAbility",
            "unit": "adab步伐",
            "amount": 5
        }
    ]
}