{
"name":"战斧导弹"
	"type": "missile",
	"template": "MissileUnitType",
	"health": 540,
	"armor": 3,
	"hitSize": 12,
	"speed": 8,
	"lifetime": 130,
	"maxRange": 12,
	"rotateSpeed": 2,
	"missileAccelTime": 60,
	"engineColor": "FF5547FF",
	"trailColor": "FF5547FF",
	"engineLayer": 100,
	"engineOffset": 10,
	"engineSize": 3.1,
	"trailLength": 18,
	"lowAltitude": true,
	"fogRadius": 6,
	"weapons": [
		{
			"shake": 6,
			"mirror": false,
			"shootCone": 360,
			"shootOnDeath": true,
			"shootSound": "plasmaboom",
			"bullet": {
			"statusDuration":1440,
		"status":"血腥之瞳"
				"type": "ExplosionBulletType",
				"hitColor": "FF5547FF",
				"shootEffect": {
					"type": "MultiEffect",
					"effects": [
						"massiveExplosion",
						"scatheExplosion",
						"scatheLight",
						{
							"type": "WaveEffect",
							"lifetime": 10,
							"strokeFrom": 4,
							"sizeTo": 130
						}
					]
				},
				"splashDamage": 2400,
				"splashDamageRadius": 96,
				"buildingDamageMultiplier": 0.2,
				"fragVelocityMin": 1,
				"fragSpread": 45,
				"fragRandomSpread": 0
				"fragBullets": 8,
				"fragBullet": {
					"type": "ArtilleryBulletType",
					"damage": 600,
					"speed": 3.5,
					"lifetime": 24,
					"width": 18,
					"height": 18,
					"drag": 0.02,
					"impact": true,
					"knockback": -5,
					"hitEffect": "massiveExplosion",
					"despawnEffect": "scatheSlash",
					"knockback": 0.8,
					"splashDamage": 1000,
					"splashDamageRadius": 40,
					"buildingDamageMultiplier": 0.2,
					"frontColor": "FFFFFF",
					"backColor": "FF5547FF",
					"trailColor": "FF5547FF",
					"hitColor": "FF5547FF",
					"smokeEffect": "shootBigSmoke2",
					"despawnShake": 7,
					"lightColor": "FF5547FF",
					"lightOpacity": 0.5,
					"trailLength": 20,
					"trailWidth": 3.5,
					"trailEffect": "none",
				}
			}
		}
	],
	"abilities": [
		{
			"type": "MoveEffectAbility",
			"y": -9,
			"interval": 7,
			"rotation": 180,
			"color": "FF5547FF",
			"effect": "missileTrailSmoke"
		}
	],
	"deathExplosionEffect": "massiveExplosion"
}