{
    "name": "战斧导弹",
    "type": "missile",
    "template": "MissileUnitType",
    "health": 360,
    "armor": 3,
    "hitSize": 12,
    "speed": 8,
    "lifetime": 130,
    "maxRange": 12,
    "rotateSpeed": 2,
    "missileAccelTime": 60,
    "engineColor": "FFD37FFF",
    "trailColor": "FFD37FFF",
    "engineLayer": 100,
    "engineOffset": 10,
    "engineSize": 3.1,
    "trailLength": 18,
    "lowAltitude": true,
    "fogRadius": 6,
    "weapons": [
        {
            "shake": 6,
            "mirror": false,
            "shootCone": 360,
            "shootOnDeath": true,
            "shootSound": "plasmaboom",
            "bullet": {
                "statusDuration": 720,
                "status": "freezing",
                "type": "ExplosionBulletType",
                "hitColor": "FFD37FFF",
                "shootEffect": {
                    "type": "MultiEffect",
                    "effects": [
                        "massiveExplosion",
                        "scatheExplosion",
                        "scatheLight",
                        {
                            "type": "WaveEffect",
                            "lifetime": 10,
                            "strokeFrom": 4,
                            "sizeTo": 130
                        }
                    ]
                },
                "splashDamage": 800,
                "splashDamageRadius": 96,
                "buildingDamageMultiplier": 0.2,
                "fragVelocityMin": 1,
                "fragSpread": 45,
                "fragRandomSpread": 0,
                "fragBullets": 8,
                "fragBullet": {
                    "type": "ArtilleryBulletType",
                    "damage": 150,
                    "buildingDamageMultiplier": 0.2,
                    "speed": 3.5,
                    "lifetime": 24,
                    "width": 18,
                    "height": 18,
                    "drag": 0.02,
                    "impact": true,
                    "knockback": 0.8,
                    "hitEffect": "massiveExplosion",
                    "despawnEffect": "scatheSlash",
                    "splashDamage": 250,
                    "splashDamageRadius": 40,
                    "frontColor": "FFFFFF",
                    "backColor": "FFD37FFF",
                    "trailColor": "FFD37FFF",
                    "hitColor": "FFD37FFF",
                    "smokeEffect": "shootBigSmoke2",
                    "despawnShake": 7,
                    "lightColor": "FFD37FFF",
                    "lightOpacity": 0.5,
                    "trailLength": 20,
                    "trailWidth": 3.5,
                    "trailEffect": "none"
                }
            }
        }
    ],
    "abilities": [
        {
            "type": "MoveEffectAbility",
            "y": -9,
            "interval": 7,
            "rotation": 180,
            "color": "FFD37FFF",
            "effect": "missileTrailSmoke"
        }
    ],
    "deathExplosionEffect": "massiveExplosion"
}