{
	"type": "missile",//类型,导弹
	"controller": "MissileAI",//AI,导弹AI
	"lowAltitude": false,
	"speed":2,//飞行速度
	"rotateSpeed":0.005,//转头速度
	"lifetime":120,//存在时间,1/帧
	"fogRadius":0,//探雾范围
	"isEnemy": false,//是敌人
	"allowedInPayloads": false,//
	"playerControllable": false,//玩家可以操控
	"physics":true,//治疗？
	"useUnitCap": false,//
	"createWreck": false,//可以击落
	"createScorch": false,//可以燃烧
	"flying": true,//可以飞行
	"hidden": true,//隐藏单位
	"health": 100,//血量
	"hitSize": 4,//大小
	"outlineRadius": 0,//边框厚度
	"maxRange":0,

	"engineColor": "BAFFF9FF",//引擎颜色
	"outlineRadius": 0,//边框厚度
	"engineSize":4,//引擎大小
	"engineLayer":110,//引擎层数
	"drawCell": false,//画队伍

	"targetGround":false,
	"targetAir":false,

	"abilities":[
	{"type": "RegenAbility",//自我修复
	"percentAmount":-0.01,//修复百分比
	}
	{"type":"EnergyFieldAbility",
	"x":0,"y":0,
	"damage":20,
	"reload":6,
	"range":180,
	"status":"electrified",
	"statusDuration":600,
	"hitBuildings":true,
	"hitUnits":true,
	"healPercent":0.005,
	"maxTargets":5,
	"useAmmo":false,
	"color":"BAFFF9FF",
	"sectorRad":0
	"shootSound":"none"
	"hitEffect":"none",
	}	],

	"weapons": [
		{"name": "ball lighting",
		"mirror":false,
		"shootSound": "spark",
	"shootCone": 360,
	"shootOnDeath": true,
	"controllable": true,

	"bullet": {
	"instantDisappear":false,
	"keepVelocity": false,
	"killShooter": true,
	"type": "basicBulletType",
	"sprite" : "large-orb",
		"damage":0,
		"splashDamageRadius":40,//伤害范围
		"splashDamage":32,//范围伤害
		"speed":0,
		"lifetime":60,
		"status":"shocked",
		"shrinkY": 0,"shrinkX": 0,//子弹变形程度
		"width":10,"height":10,//子弹宽长度
		"frontColor": "36B1DDFF",//中心颜色
		"backColor": "BAFFF9FF",//边缘颜色
	"collides":false
	"collidesAir":false
	"collidesGround":false

		"bulletInterval":6,
		"intervalRandomSpread":0,//角度
		"intervalAngle":0,//起始角度
		"intervalSpread":0,//分裂角度
		"intervalBullet": {
		"type":"EmpBulletType",
		"sprite" : "large-orb",
		"radius":80,//半径
		"damage":19,//单体伤害
	"instantDisappear":true,
		"shrinkY": 0,"shrinkX": 0,//子弹变形程度
		"width":12,"height":12,//子弹宽长度
		"frontColor": "36B1DDFF",//中心颜色
		"backColor": "BAFFF9FF",//边缘颜色
		"hitSound":"spark",//击中音效
	"collides":false
	"collidesAir":false
	"collidesGround":false

		"timeIncrease": 0,
		"powerDamageScl":1,
		"powerSclDecrease":1,
		"unitDamageScl": 1,

		"lightningColor": "36B1DDFF",
		"lightning": 4,
		"lightningDamage":8,
		"lightningLength": 3,
		"lightningAngle":180,//起始角度
		"lightningLengthRand": 8,

	"despawnEffect":
	{"type": "WaveEffect",
	"lifetime": 15,
	"sizeFrom":80,
	"sizeTo":80,
	"strokeFrom":3,
	"strokeTo": 0,
	"colorFrom":"36B1DDFF",
	"colorTo":"BAFFF9FF",
	},

	"chainEffect":"chainLightning",
	"applyEffect":"none",
	"hitPowerEffect":{
	"type": "multiEffect",
	"effects": [
	{"type": "WaveEffect",
	"lifetime": 15,
	"sizeFrom": 0,
	"sizeTo": 30,
	"strokeFrom": 7.5,
	"strokeTo": 0,
	"colorFrom":"36B1DDFF",
	"colorTo":"BAFFF9FF",
	},
	{"type": "ParticleEffect",
	"offset": 30,
	"particles": 10,
	"lifetime": 20,
	"length": 50,
	"interp": "circleOut",
	"sizeInterp": "pow5In",
	"cone": -360,
	"line": true,
	"strokeFrom": 1.5,
	"strokeTo": 1.5,
	"lenFrom": 5,
	"lenTo": 5,
	"lightColor": "BAFFF9FF",
	"colorFrom":"36B1DDFF",
	"colorTo":"BAFFF9FF",
	},
	{"type": "ParticleEffect",
	"offset": 30,
	"particles": 10,
	"lifetime": 25,
	"length": 30,
	"interp": "circleOut",
	"sizeInterp": "pow5In",
	"cone": -360,
	"line": true,
	"strokeFrom": 1.5,
	"strokeTo": 1.5,
	"lenFrom": 7,
	"lenTo": 7,
	"lightColor": "BAFFF9FF",
	"colorFrom":"36B1DDFF",
	"colorTo":"BAFFF9FF",
	}	]	}

	"shootEffect":"none",

	}	}	}	]
}
