{
	"type": "PowerTurret",
	"name": "型钢炮",
	"description": "实验型中子撞击炮，发射中子，击溃敌人的分子，从而产生瓦灭想象",
	"targetAir": true,
	"targetGround": true,
	"canOverdrive": false,
	"health": 5000,
	"size": 3, 
	"reload": 50,
	"shootSound":"laser",
	"shootShake":2.5,
	"inaccuracy": 3,
	"recoilAmount": 3,
	"xRand": 2,
	"consumes": 
	{"power": 14,
        "coolant":{"amount":0.6,"optional":true}  
                },
	"restitution":1,
	"recoilTime":20,
	"shootEffect":  {     
    "type": "ParticleEffect",
    "particles": 9,
    "sizeFrom": 2,
    "sizeTo": 0,
    "length": 40,
    "baseLength": 0,
    "lifetime": 30,
    "colorFrom": "E600F5FF",
    "colorTo": "FFFFFFFF",
    "cone": 50
	   },
	"smokeEffect": "bigShockwave",
	"shootType":{
	"height": 35,"width":5,
	"damage":900,
	"speed":10,"lifetime":48,
	"splashDamageRadius":40,
    "splashDamage":165,   
    "statusDuration":600,
    "status": "瓦灭",
    "homingRange": 300,
    "homingPower": 500,
	"ammoMultiplier":1,
	"buildingDamageMultiplier":8,
    "frontColor":"E600F5FF",	
    "backColor":"E600F5FF",
    "trailLength":16,
	"trailWidth":1.5,
    "trailColor":"E600F5FF",
	"hitSound":"plasmaboom",
	"despawnEffect":"instBomb",
	"hitEffect":"instBomb"	},
	"powerUse": 9,
	"reloadTime": 10,
	"rotateSpeed": 6,
	"range": 360,
	"category": "turret",
	"research": "地狱",
	"requirements": [
	    { "item": "copper", "amount": 100 },
	    { "item": "metaglass", "amount": 10 },
	    { "item": "silicon", "amount": 285 },
	    { "item": "型钢锭", "amount": 210 },
	    { "item": "精炼钢", "amount": 210 },
	]
}
