{
    "type":"PowerTurret",
    "name":"磁暴线圈", 
    "description":"通过顶部线圈击穿空气释放电弧攻击敌人", 
    "health":900,
	"reload":20,
    "shootCone":10,
    "rotateSpeed":2,
	"consumes": {"power": 4,
        "coolant":{"amount":0.6,"optional":true}  
                },
	"hasLiquids": true,
    "targetAir" :true,
	"targetGround": true,
    "range":360,
    "shootEffect":{"type": "ParticleEffect",
    "particles": 4,
    "length":45,
    "baseLength": 0,
    "lifetime": 13,
    "line": true,
    "lenFrom":8,
    "lenTo":18,
    "strokeFrom": 2,
    "strokeTo": 0,
        "colorFrom": "ffffff",
        "colorTo": "ffffff",
        "cone": 360},
    "recoil":0,
    "size":2,
    "shoot":{
	    "type":"ShootSpread",
	    "shots":4
	},
	"inaccuracy": 10,
    "shootSound":"spark",
    "shootY":0,
    "shootType":{
    "type":"LightningBulletType",
    "damage":360,
    "lightningLength":20,
	"ammoMultiplier":1,
    "collidesAir": true},
	"requirements": [
{ "item": "copper", "amount":150},
{ "item": "lead", "amount":80}
{ "item": "精炼钢", "amount":80}
],
"category": "turret",
"research": "arc"
  }