{
"type":"PowerTurret",
"name":"空中死神",
"description":"向敌方空中生物发射密集光弹",
"details":"[blue]7个炮管7倍威力[yellow]还有这个特效10分甚至9分的绚丽（喜）"
"targetAir":true,
"targetGround":false,
"health":3500,
"armor":6,
"size":4,
"shootSound":"bigshot",
"shake":0.5,
"shootCone":270,
"inaccuracy":1.2,
"recoil":3,
"cooldownTime":20,
"shootY":0,
"coolantMultiplier":1,
"velocityRnd":"0.15",
"canOverdrive":false,
"reload":8,
"xRand":1.5,
"shoot":{
"shots":21,
"shotDelay":2.5,
"type":"ShootBarrel",
"barrels":[3.5,16.25,0,-3.5,16.25,0,10,16.25,0,-10,16.25,0,4.5,22.25,0,-4.5,22.25,0,0,22.25,0,]},
"shootType":{
"type":"MissileBulletType",
"damage":85,
"sprite":"太阳系模组-穿透",
"collidesGround":true,
"speed":20,
"lifetime":36,
"drag":0.005,
"pierce":true,
"pierceArmor":true,
"pierceCap":3,
"absorbable":false,
"frontColor":"FFFF00FF",
"backColor":"000000FF",
"width":5,
"height":25,
"trailLength":2,
"trailWidth":1.3,
"trailColor":"FEEBB3FF",
"shrinkY":0,
"shootEffect":{
"type":"WaveEffect",
"lifetime":6,
"sizeFrom":1,
"sizeTo":10,
"colorFrom":"ffffff",
"colorTo":"FEEBB3FF"},
"smokeEffect":"none",
"hitEffect":{"type":"SeqEffect",
"lifetime":10,},
"despawnEffect":{"type":"SeqEffect",
"lifetime":8,},
"ammoMultiplier":1},
"consumes":{
"power":20,
"coolant":{"amount":2,"optional":true}},
"rotateSpeed":2.6,
"range":600,
"category":"turret",
"research":"scatter",
"requirements":[{"item":"copper","amount":360},{"item":"lead","amount":250},{"item":"thorium","amount":360},{"item":"silicon","amount":330},
{"item":"metaglass","amount":260},
{"item":"plastanium","amount":270},]
}