{
	"type": "UnitFactory",
	"name": "assembly station",
	"description": "",
    "health":820,
	"size":3
	"consumes":{
"power":6
}
	"plans":[
	{ "unit": "dusk", 
	"time": 1470, 
	"requirements": [
	{ "item": "lead", "amount": 40}
	{ "item": "chip", "amount": 20}
	{ "item": "titanium", "amount": 30}
	]	}
	{ "unit": "空紫1", 
	"time": 1400, 
	"requirements": [
	{ "item": "lead", "amount": 30}
	{ "item": "silicon", "amount": 30}
	{ "item": "titanium", "amount": 20}
	]	}
	]
	"requirements": [	
		{ "item": "lead", "amount": 80}
	    { "item": "silicon", "amount": 70 },
		{ "item": "graphite", "amount": 40},
        { "item": "titanium", "amount": 40 },
		],
	"category":"units",
	"research":"multiplicative-reconstructor"
}