{
//	"type": "GenericCrafter",
	"name": "流体阀",
	"description": "能够限制流体最大流量,提供单向压强,平整化流体流速",
	"health":1000,
	"rotate":true
	"size":1,
	"hasPower": true,
    "drawArrow": true
	"hasLiquids": true,
	"hasItems": false,
  	"liquidCapacity": 20,
	"requirements": [
		{"item": "copper", "amount":10},
		{"item":"lead","amount":10}
		{"item":"silicon","amount":20}
		{"item":"塑料","amount":40}
	],
	"category": "liquid",
	"research": {
		"parent": "liquid-router",
		"objectives": [
			{
				"type": "SectorComplete",
				"preset": "tarFields"
			}
		]
	}
	"idleSound": "respawning",
	"idleSoundVolume": 0.5
}