{
    "name": "大型武士墙",
    "type":"Wall",
    "description": "受击概率放电,更厚的装甲.",
    "size": 2,
    "armor": 16,
    "health": 5200,
      "requirements":[
          {
            "item": "樱花武士刀",
            "amount": 24
          },
          {
            "item": "合金武士刀",
            "amount": 24
          }
        ],
      "lightningChance": 0.3,
      "lightningDamage": 30,
      "category": "defense",
      "research": "武士墙"
    }