{
	"type": "GenericCrafter",
	"name": "合金冶炼炉大",
	"description": "先进的技术使合金的冶炼损耗降低了许多",
	"outputItem": 
	{"item": "surge-alloy", "amount":2},
	"size": 4,
	"hasPower": true,
	"hasLiquids": false,
	"hasItems": true,
	"craftTime": 60,
	"itemCapacity": 40,
	"drawer":{
        "type":"DrawMulti",
        "drawers":[
        "DrawDefault",
        "DrawFlame"
        ]
    },
	"consumes": {
    "power":3.5,
    "items": {"items": [
	"copper/1",
	"lead/1",
	"titanium/1",
    "silicon/1"
		]
  }
 },
"requirements": [
	"copper/215",
	"lead/200",
	"titanium/160",
	"thorium/120",
	"silicon/80",
	"plastanium/65"
	],
	"category": "crafting",
	"research": "alloy-smelter"
}