{
	"type": "GenericCrafter",
	"health": 360,
	"name": "大型硫混合器",
	"description": "更坚固，更大，更快速",
	"outputItem": {
	"item": "pyratite", "amount": 5
	},
	"itemCapacity": 20,
	"size": 3,
	"hasPower": true,
	"hasLiquids": false,
	"hasItems": true,
	"craftTime": 80,
	"consumes": {
	"power": 1.5,
	"items": {
		"items": [
	{ "item": "coal", "amount": 5 },
	{ "item": "lead", "amount": 10 },
	{ "item": "sand", "amount": 10 }
	]	
	}	
},
	"requirements": [
	{ "item": "copper", "amount": 100 },
	{ "item": "lead", "amount": 50 },
	{ "item": "titanium", "amount": 20 }
	],
	"category": "crafting",
	"research": "pyratite-mixer"
}