{
    "type": "GenericCrafter",
    "health": 360,
    "name": "归中编织器",
    "description": "利用裂位能发出的放射线快速制造相织物。",
    "outputItem": {
        "item": "phase-fabric",
        "amount": 3
    },
    "itemCapacity": 40,
    "size": 3,
    "updateEffect": {
        "type": "WaveEffect",
        "lifetime": 30,
        "sizeFrom": 0,
        "sizeTo": 10,
        "strokeFrom": 6,
        "strokeTo": 0,
        "colorFrom": "FFF1D2FF",
        "colorTo": "FFD197FF"
    },
    "drawer": {
        "type": "DrawMulti",
        "drawers": [
            {
                "type": "DrawRegion",
                "suffix": "-bottom"
            },
            "DrawWeave",
            "DrawDefault"
        ]
    },
    "craftTime": 60,
    "consumes": {
        "power": 6.5,
        "items": {
            "items": [
                {
                    "item": "thorium",
                    "amount": 4
                },
                {
                    "item": "sand",
                    "amount": 20
                },
                {
                    "item": "裂位能",
                    "amount": 1
                }
            ]
        }
    },
    "requirements": [
        {"item": "copper","amount":180},
        {"item": "titanium","amount":160},
        {"item": "thorium","amount": 70},
        {"item": "silicon","amount": 35},
        {"item": "裂位能","amount": 5},
        {"item": "基础架构蓝图","amount": 0}
    ],
    "category": "crafting",
    "research": "激发器"
}