{
	"type": "GenericCrafter",
	"name": "增生塑钢",
	"description": "自我繁殖（确信）",
	"details":""
	"outputItems":["plastanium/9",]//产出
	"size": 2,//建筑大小
	"health":1000,//血量
	"craftTime":540,//÷60
	"itemCapacity":1000,//容量
	"consumes": {
    "items":{
          "items":[
	            "plastanium/1",
	]
	}
	}
    "requirements":[
                "copper/10",
                "plastanium/1000",
	],//建造材料
	"buildCostMultiplier":0.0001,
    "category": "crafting",
	"research": 
    {"parent":"增生相位",
    "requirements":[
                "copper/250",
                "plastanium/15000",
    ]   
    }
	"updateEffect":"smeltsmoke",
	"canOverdrive": true,
	"hasPower": false,
	"hasLiquids": false,
	"hasItems": true,
	"update":true
}