{
	"type": "flying",
	"defaultController": "MinerAI",
	"research": "核心工厂"
	"flying": true,
	"isEnemy": false,
	"mineWalls": true,
	"health": 1600,
	"hitSize": 7.5,
	"speed": 2,
	"range": 200,
	"itemCapacity": 180,
	"engineOffset": 6,
	"mineTier": 4,
	"mineSpeed": 6,
	"weapons": [
		{
			"x": 3.5,
			"y": -2.4,
			"rotate": true,
			"rotateSpeed": 6,
			"reload": 60,
			"shootSound": "lasershoot",
			"inaccuracy": 3,
			"alternate": false,
			"bullet": {
				"type": "LaserBoltBulletType",
				"damage": 23,
				"lifetime": 28,
				"speed": 8,
				"healPercent": 2.5,
				"collidesTeam": true,
				"frontColor": "FFFFFF",
				"backColor": "98FFA9"
			}
		}
	]
}