{
    "health": 70,
    "armor":1,
    "range": 168,
    "speed":3.9,
    "weapons": [
		{
			"reload": 14,
			"rotate": false,
		    "inaccuracy": 0,
			"alternate": true,
			"top":false,
            "shootSound": "missile",
			"bullet": {
                "type": "MissileBulletType",
				"damage": 1,
				"status": "blasted",
                "splashDamageRadius":48,
                "splashDamage":13,                
                "speed": 4.2,
				"lifetime": 35,
                "width": 7,
				"height": 8
			}
		}
	]
}