{
	"type": "naval",
	"name": "鳍甲",
	"description": "特装驱逐舰，拥有一座双联鱼雷管，一座双联火炮以及一座双联防空火箭炮，移动速度很快，装甲薄弱，不定时的释放烟雾弹来掩护自己及周围友军。\n[blue][超限技术重型海上单位]",
		"immunities": [
		"wet","spore-slowed","tarred","甲板损坏"
	],
	"speed":0.62,
	"rotateSpeed":0.9
	"ammoType":{
	"type":"PowerAmmoType",
	"totalPower":100},
	"ammoCapacity": 60,
    "trailLength":24,
    "waveTrailX":0,
    "waveTrailY":-6,
    "trailScl":2,
	"hitSize":44, 
	"health": 5460,
	"armor":14,
	"faceTarget": false,
	"abilities": [
	]
	"weapons":[
{	"name": "界限炮1",	
		"reload":44,
        "x": 0
         "y": -6
        "rotate": true,
        "inaccuracy": 3
		"shootSound": "artillery",
		"rotateSpeed": 1
		"alternate": true,
			"shootCone":30,
			"rotationLimit":270,
		"ejectEffect":"casing1",
		"shootY":16
		"mirror":false
	"recoils": 2,
			"shoot":{
		"type": "ShootAlternate",
		"barrels": 2
		"spread": 4
	},
   "parts": [
   {
				"type": "RegionPart",
				"suffix": "-底",
				"layer": 73
				"y":5
			},
        {
				"type": "RegionPart",
				"suffix": "-l",
				"under":true,
				"recoilIndex": 0
				"layer": 72
				"y":5
				"moves": [{
						"progress": "recoil",
						"y": -3
					}],
				//"heatProgress": "heat"
			},
			{
				"type": "RegionPart",
				"suffix": "-r",
				"under":true,
				"recoilIndex": 1
				"layer": 72
				"y":5
				"moves": [{
						"progress": "recoil",
						"y": -3
					}],
				//"heatProgress": "heat"
			}]
   "recoil": 0
		"bullet":{
	    "speed": 6
	    "lifetime":45
		"width": 16,"height": 22,
		"collidesGround":true,
			"collidesAir":false,
		"damage":33
		"shootEffect": "shootSmall",
		"pierceArmor": true,
			"status": "破甲",
			"statusDuration": 130,
		"collidesGround":true,
			"collidesAir":true,
        "backColor":"c0ecff",
        			"frontColor":"c0ecff"
        			"trailLength":8
        "trailWidth":1.5,
    "trailColor":"c0ecff",
    "backColor": "c0ecff",
				"frontColor": "c0ecff",
        "fragLifeMin":0.8,
            "lightningDamage":9,
            "lightningColor": "c0ecff",
    "lightning":4
    "lightningLength":12
    "fragBullets":5
    	"fragBullet": {
"despawnEffect": [{
            "type": "WaveEffect",
            "lifetime": 15,
            "sizeFrom": 0,
            "sizeTo": 12,
            "strokeFrom": 0,
            "strokeTo": 36,
            "colorFrom": "c0ecff",
            "colorTo": "c0ecff00"
        }
        {
            "type": "WaveEffect",
            "lifetime": 30,
            "sizeFrom": 12,
            "sizeTo": 12,
            "strokeFrom": 24,
            "strokeTo": 24,
            "colorFrom": "c0ecff40",
            "colorTo": "c0ecff00"
        }
        {
                "type": "ParticleEffect",
                "particles": 12
                "sizeFrom": 0,
                "sizeTo": 9,
                "line": true,
                "length": 0,
                "baseLength": 36,
                "lifetime": 60,
                "colorFrom": "c0ecff",
                "colorTo": "c0ecff00",
                "cone": 60}
        {
                "type": "ParticleEffect",
                "particles": 12
                "sizeFrom": 9,
                "sizeTo": 0,
                "line": true,
                "length": 0,
                "baseLength": 36,
                "lifetime": 60,
                "colorFrom": "c0ecff",
                "colorTo": "c0ecff",
                "cone": 60}
        {
                "type": "ParticleEffect",
                "particles": 12
                "sizeFrom": 0,
                "sizeTo": 9,
                "length": 0,
                "baseLength": 36,
                "lifetime": 60,
                "colorFrom": "c0ecff",
                "colorTo": "c0ecff00",
                "cone": 60}
        {
                "type": "ParticleEffect",
                "particles": 12
                "sizeFrom": 9,
                "sizeTo": 0,
                "length": 0,
                "baseLength": 36,
                "lifetime": 60,
                "colorFrom": "c0ecff",
                "colorTo": "c0ecff",
                "cone": 60}
        ]
		"frontColor":"c0ecff"
    "trailLength":12
    "trailWidth":1.5,
    "trailColor":"c0ecff",
    "backColor":"c0ecff",
    "frontColor":"c0ecff"
		"targetair": true
	    "collidesGround":true,
			"collidesAir":false,
		"damage":3,
	    "speed":0.5
	    "splashDamageRadius":12,
	"splashDamage":13
	"knockback": 1,
	    "lifetime":60
	    "width":8,	 "height":8
	    "homingRange": 300
        "homingPower": 0.5,
    "weaveMag":2,
	"weaveScale":4,
	"makeFire":true,
            "pierceArmor": true,
            "parts": [
                    {
                        "type": "FlarePart",
                        "rotation": 0,
                        "color1": "c0ecff",
                        "stroke": 2,
                        "radius": 0,
                        "radiusTo": 12,
                        "progress": {
                            "type": "life",
                            "op": "curve",
                            "interp": "pow3Out"
                        }
                    }
                ]
	}
	        "shootEffect": [{     
        "type": "WaveEffect",
        "lifetime": 20,
        "sizeFrom": 0,
        "sizeTo": 4,
        "strokeFrom": 2,
        "strokeTo": 0,
        "colorFrom": "c0ecff",
        "colorTo": "c0ecff"
	   }
	   {     
        "type": "WaveEffect",
        "lifetime": 20,
        "sizeFrom": 1,
        "sizeTo": 1,
        "strokeFrom": 2,
        "strokeTo": 0,
        "colorFrom": "c0ecff",
        "colorTo": "c0ecff00"
	   }
	   ]
	   "despawnEffect": [{
            "type": "WaveEffect",
            "lifetime": 20,
            "sizeFrom": 0,
            "sizeTo": 12,
            "strokeFrom": 24,
            "strokeTo": 0,
            "colorFrom": "c0ecff",
            "colorTo": "c0ecff00"
        }
        {
            "type": "WaveEffect",
            "lifetime": 20,
            "sizeFrom": 2,
            "sizeTo": 2,
            "strokeFrom": 4,
            "strokeTo": 4,
            "colorFrom": "c0ecff",
            "colorTo": "c0ecff00"
        }
        ]
        "hitEffect": [{
            "type": "WaveEffect",
            "lifetime": 20,
            "sizeFrom": 0,
            "sizeTo": 12,
            "strokeFrom": 24,
            "strokeTo": 0,
            "colorFrom": "c0ecff",
            "colorTo": "c0ecff00"
        }
        {
            "type": "WaveEffect",
            "lifetime": 20,
            "sizeFrom": 2,
            "sizeTo": 2,
            "strokeFrom": 4,
            "strokeTo": 4,
            "colorFrom": "c0ecff",
            "colorTo": "c0ecff00"
        }
        ]
	}	}
	{	"name": "鳍甲1",	
	               	"shootCone":3
	               	"rotationLimit":270,
		"reload":120
        "x": 0
         "y": 11
        "rotate": true,
        "inaccuracy": 6
		"shootSound": "missile",
		"rotateSpeed": 1
		"alternate": true,
		"mirror":false
		"ejectEffect":"casing1",
		"shoot":{
		"shots":2
	    "shotDelay":35
	    "type": "ShootAlternate",
		"barrels": 2
		"spread": 9
	},
	"shootX":0
	    "shootY":2
   "recoil": 2,
   "recoils": 2,
		"bullet":{
            "trailLength":3
			"width": 16,
				"height": 24,
				"speed": 1,
				"lifetime": 300
				"damage": 620,
				"splashDamageRadius": 35,
				"splashDamage": 125,
				"absorbable": false,
				"collidesAir": false,
				"collideFloor": true,
				"hitEffect": "flakExplosionBig",
				"hitSound": "explosion",
				"despawnEffect": "flakExplosionBig",
				"sprite": "missile",
				"status": "甲板损坏",
				"statusDuration": 220,
				"trailLength": 6,
				"trailWidth": 1.2,
				"trailColor": "c0ecff",
				"backColor": "1878BF60",
				"frontColor": "1878BF60",
				"trailChance": 1,
				"trailInterval": 2,
				"trailRotation": true,
				"buildingDamageMultiplier":0.1
				"trailEffect": {
					"type": "ParticleEffect",
					"particles": 3,
					"sizeFrom": 1,
					"sizeTo": 3,
					"lifetime": 45,
					"interp": "pow10Out",
					"baseLength": 3,
					"cone": 30,
					"length": -35,
					"colorFrom": "1878BF30",
					"colorTo": "1878BF00"
	}
	}
	}
	{	"name": "无",	
	               	"shootCone":360
		"reload":3600
        "x": 0
         "y": -22
        "rotate": true,
        "inaccuracy": 6
		"shootSound": "missile",
		"rotateSpeed": 0.5
		"alternate": true,
		"mirror":false
		"alwaysShooting": true,
		"continuous": true,
		"ejectEffect":"casing1",
	"shootX":0
	    "shootY":0
   "recoil": 2,
   "recoils": 2,
		"bullet":{
		        "speed": 1
                "lifetime":999
                "width": 0,"height": 0,
                "damage":0
                "shootEffect": "none",
				"hitEffect": "none",
				"despawnEffect": "none"
				"smokeEffect": "none"
				"despawnSound":"none",
				"intervalBullets": 1
				"bulletInterval": 200
				"intervalBullet":{
		"type": "BasicBulletType",
             "spawnUnit": "烟雾",
             "speed": 0,
			"shootEffect":"shootSmall",
			"collidesGround": false
			"collidesAir": true
			"speed": 999
                "lifetime":1
                "width": 0,"height": 0,
                "damage":0
                "shootEffect": "none",
				"hitEffect": "none",
				"despawnEffect": "none"
				"smokeEffect": "none"
				"despawnSound":"none",
			}
	}
	}
	{	"name": "磐石1",	
	               	"shootCone":180
		"reload":66
        "x": 0
         "y": -22
        "rotate": true,
        "inaccuracy": 6
		"shootSound": "missile",
		"rotateSpeed": 0.5
		"alternate": true,
		"mirror":false
		"ejectEffect":"casing1",
		"shoot":{
		"shots":2
	    "shotDelay":35
	    "type": "ShootAlternate",
		"barrels": 2
		"spread": 16
	},
	"shootX":0
	    "shootY":2
   "recoil": 2,
   "recoils": 2,
		"bullet":{
		"type": "BasicBulletType",
             "spawnUnit": "火箭弹 (8)",
             "speed": 0,
			"shootEffect":"shootSmall",
			"collidesGround": false
			"collidesAir": true
	}
	}
	]
	/*"research": {
	"parent":"uAABT1N田螺"
	"objectives": [
            {
				"type": "SectorComplete",
				"preset": "遗忘河滩"
			}
	]
	}*/
	//"controller": "DefenderAI"
}