{
	"name": "核地雷",
	"description": "爆炸对全图包括队友和敌人的实体进行8000的攻击[red]冲击波无法对建筑物攻击",
	"health":10000,
	"size":4,
	"itemDuration":999999999,
	"heating":0.001,
	"smokeThreshold":0.4,
	"flashThreshold":0.7,
	"hotColor":"FF0000a3",
	"lightColor":"FFFF00",
	"explosionRadius":99999,
	"explosionDamage":8000,
	"coolantPower":5,
	"powerProduction":0,
	"baseExplosiveness":500,
	"itemCapacity":1,
	"liquidCapacity":1,
	"consumes":{
		"liquid":{"liquid":"Wa","amount":0.002},
		"items":{
			"items":[
				{"item":"Pu-239","amount":1}
			]
		}
	},
	"requirements": [
		{ "item": "U", "amount":120 },
		{ "item": "U-235", "amount": 60 },
		{ "item": "Pu-239", "amount": 10 },
		{ "item": "Pu", "amount":30},
		{ "item": "C90", "amount":290},
		{"item":"普通科技点","amount":960}
	],
	"category":null,
	"research":{
	"parent":"Pu-239-Plant"
    "requirements":[
		{ "item": "U", "amount":1200 },
		{ "item": "U-235", "amount": 600 },
		{ "item": "Pu-239", "amount": 100 },
		{ "item": "Pu", "amount":300},
		{ "item": "C90", "amount":2900}
	]}
}