{
	"name":"浮游炮",
	"description":"浮游炮",
	"burstSpacing":240,
	"health":5000,
	"size":4,
	"reloadTime":120,
	"shots":5,
	"range":50000,
	"coolantmultiplier":10,
	"coolEffect":"freezing",
	"inaccuracy":0,
	"rotatespeed":2.5,
	"shootSound":"浮游",
	"requirements": [
		{ "item": "Ti+", "amount": 320 },
        { "item": "C60", "amount": 110 },
		{ "item": "Mg-Al", "amount": 580 },
		{ "item": "xvx-ai", "amount": 1 },
		{"item":"普通科技点","amount":960}
	],
	"category": "turret",
	"research":{
	"parent":"fy-Plant",
    "requirements":[
		{ "item": "Ti+", "amount": 3200 },
        { "item": "C60", "amount": 1100 },
		{ "item": "Mg-Al", "amount": 5800 },
		{ "item": "xvx-ai", "amount": 10 }
	]}
}