{
	"name":"大型导弹发射器",
    "description":"发射大型导弹的发射器",
	"size":8,
	"health":50000,
	"ammoPerShot":1,
	"range":100000,
	"reloadTime":1800,
	"inaccuracy":0,
	"shots":1,
	"rotatespeed":0.2,
	"maxAmmo":3,
	"targetAir":true,
	"targetGround":true,
	"shootSound":"核弹",
	"requirements": [
		{ "item":"Fe-C","amount":10000},
		{ "item":"Mg-Al","amount":8800},
		{ "item":"Ti+","amount":7500},
		{ "item":"C60","amount":6000},
		{ "item":"xvx-ai","amount":100},
		{ "item":"xvx-nqwz","amount":40},
		{"item":"普通科技点","amount":3840}
	],
	"category":null,
	"research":{
	"parent":"Ahd-Plant",
    "requirements":[
		{ "item":"Fe-C","amount":100000},
		{ "item":"Mg-Al","amount":88000},
		{ "item":"Ti+","amount":75000},
		{ "item":"C60","amount":60000},
		{ "item":"xvx-ai","amount":1000},
		{ "item":"xvx-nqwz","amount":400}
	]}
}