{
	"name": "大型核心",
	"description": "会生产科技点，最多可以建造十个",
	"itemCapacity":250000,
	"hasItems": true,
	"health": 18000,
	"size": 5,
	"breakable":false,
	"unitCapModifier":35,
	"unitType":"建造机",
	"buildCostMultipler":0.000001,
	"requirements": [
		{"item":"Mg-Al","amount":1800},
		{"item":"Fe-C","amount":2000},
		{"item":"Fe","amount":3000},
		{"item":"C60","amount":200},
		{"item":"Ti+","amount":800}
	],
	"category": null,
	"research":{
	"parent":"核心",
    "requirements":[
		{"item":"Mg-Al","amount":18000},
		{"item":"Fe-C","amount":20000},
		{"item":"Fe","amount":30000},
		{"item":"C60","amount":2000},
		{"item":"Ti+","amount":8000}
	]}
}