{
	"type": "GenericCrafter",
	"name": "硫酸混合器",
	"description": "把硫和锂放入蒸汽中制造硫酸。",
	"liquidCapacity": 10,
	"outputLiquid": {"liquid": "sulphuric-acid", "amount": 24},
	"size": 2,
	"hasPower": true,
	"hasLiquids": true,
	"craftTime": 60,
	"consumes": {
		"power": 1.5,
		"items": {
			"items": [
				{ "item": "pyratite", "amount": 1 }
				{ "item": "lithium", "amount": 1 }
			]
		}
	},
	"requirements": [
		{ "item": "lead", "amount": 80 },
		{ "item": "metaglass", "amount": 60 },
		{ "item": "titanium", "amount": 50 }
	],
	"category": "crafting",
	"research": "cryofluidmixer",
}
