{
	"type": "GenericCrafter",
	"name": "苯混合机",
	"description": "从煤和石油燃烧的残渣中获得苯。",
	"liquidCapacity": 10,
	"outputLiquid": {"liquid": "benzene", "amount": 24},
	"size": 2,
	"hasPower": true,
	"hasLiquids": true,
	"hasItems": true,
	"craftTime": 120,
	"consumes": {
		"power": 1.0,
		"items": {
			"items": [
				{ "item": "coal", "amount": 1 }
			]
		},
		"liquid": {
			"liquid": "oil",
			"amount": 0.2
		}
	},
	"requirements": [
		{ "item": "lead", "amount": 70 },
		{ "item": "metaglass", "amount": 80 },
		{ "item": "titanium", "amount": 60 },
		{ "item": "silicon", "amount": 30 }
	],
	"category": "crafting",
	"research": "melter",
}
