{
	"type": "GenericCrafter",
	"name": "碳纤维压缩机",
	"description": "压缩石墨来得到碳纤维。",
	"outputItem": {"item": "carbon-fibre", "amount": 1},
	"size": 2,
	"hasPower": true,
	"hasLiquids": false,
	"hasItems": true,
	"craftTime": 60,
	"updateEffect": "smeltsmoke",
	"consumes": {
		"power": 1.0,
		"items": {
			"items": [
				{ "item": "graphite", "amount": 2 }
			]
		}
	},
	"requirements": [
		{ "item": "lead", "amount": 150 },
		{ "item": "graphite", "amount": 100 },
		{ "item": "titanium", "amount": 80 },
		{ "item": "silicon", "amount": 90 }
	],
	"category": "crafting",
	"research": "kiln",
}
