{
	"ammo": {
		"metaglass": "flakGlass",
		"blast-compound": "flakExplosive",
		"plastanium": "flakPlastic",
		"surge-alloy": "flakSurge",
		"electrum": {
		    "homingPower": 5,
		    "lifetime": 60,
		    "speed": 5,
		    "bulletWidth": 11,
            "bulletHeight": 8,
            "hitEffect": "flakExplosion",
		    "damage": 5,
			"splashDamage": 20,
			"splashDamageRadius": 34.4,
		    "smokeEffect":"shootSmallSmoke",
			"ammoMultiplier": 3,
			"backColor": "cccc00",
			"frontColor": "ffff00"
		}
	}
}
