{
	"type": "GenericSmelter",
	"name": "闪金炼制厂",
	"description": "用融化银和金砂来制造闪金。",
	"liquidCapacity": 10,
	"outputItem": {"item": "electrum", "amount": 1},
	"size": 2,
	"hasPower": true,
	"hasLiquids": true,
	"hasItems": true,
	"craftTime": 60,
	"updateEffect": "smeltsmoke",
	"consumes": {
		"power": 0.7,
		"items": {
			"items": [
				{ "item": "gold-powder", "amount": 2 }
			]
		},
		"liquid": {
			"liquid": "molten-silver",
			"amount": 0.1
		}
	},
	"requirements": [
		{ "item": "lead", "amount": 50 },
		{ "item": "thorium", "amount": 80 },
		{ "item": "silicon", "amount": 60 },
		{ "item": "silver", "amount": 50 }
	],
	"category": "crafting",
	"research": "silver-crucible",
	"idleSound": "respawning",
	"idleSoundVolume": 0.5
}
