{
	"name": "根除者机甲工厂",
	"description": "制造根除者。",
	"type": "UnitFactory",
	"unitType": "eradicator",
	"size": 4,
	"produceTime": 5000,
	"consumes": {
		"power": 10.0,
		"items": {
		    "items": [
	        {"item": "silicon", "amount": 250 },
            {"item": "phase-fabric", "amount": 150 },
            {"item": "surge-alloy", "amount": 100 },
            {"item": "tithorium", "amount": 100 }
            ]
         }
    },
 "maxSpawn": 1,
	"requirements": [
	    {"item": "thorium", "amount": 500 },
        {"item": "plastanium", "amount": 300 },
        {"item": "phase-fabric", "amount": 200 },
        {"item": "surge-alloy", "amount": 200 },
        {"item": "tithorium", "amount": 150 }
    ]
    "category": "units",
	"research": "fortress-factory",
}
