{
	"name": "暴君机甲工厂",
	"description": "制造暴君。",
	"type": "UnitFactory",
	"unitType": "eruptor",
	"size": 3,
	"produceTime": 1400,
	"consumes": {
		"power": 0.8,
		"items": {
			"items": [
			{"item": "graphite", "amount": 10 },
		    {"item": "silicon", "amount": 20 }
            ]
		}
	},
	"requirements": [
	    { "item": "lead", "amount": 70 },
		{ "item": "silicon", "amount": 60 },
		{ "item": "lithium", "amount": 50 }
	],
    "category": "units",
	"research": "titan-factory",
}
 