{
	"name": "尸鬼战机工厂",
	"description": "生产尸鬼。",
	"type": "UnitFactory",
	"unitType": "lich",
	"size": 4,
	"produceTime": 4000,
	"consumes": {
	    "power": 6.0,
		"items": {
        "items": [
	        {"item": "silicon", "amount": 150 },
	        {"item": "phase-fabric", "amount": 20 },
            {"item": "surge-alloy", "amount": 50 }
            ]
        }     
    },
 "maxSpawn": 2,
	"requirements": [
	    {"item": "thorium", "amount": 150 }
        {"item": "silicon", "amount": 300 },
        {"item": "plastanium", "amount": 250 },
        {"item": "surge-alloy", "amount": 100 }
    ]
    "category": "units",
	"research": "revenant-factory",
}
