{
	"type": "GenericCrafter",
	"name": "汞混合器",
	"description": "分离硫和铜中的汞。",
	"liquidCapacity": 10,
	"outputLiquid": {"liquid": "mercury", "amount": 24},
	"size": 2,
	"hasPower": true,
	"hasLiquids": true,
	"craftTime": 60,
	"consumes": {
		"power": 1.0,
		"items": {
			"items": [
				{ "item": "pyratite", "amount": 1 }
				{ "item": "copper", "amount": 1 }
			]
		}
	},
	"requirements": [
		{ "item": "lead", "amount": 50 },
		{ "item": "metaglass", "amount": 30 },
		{ "item": "titanium", "amount": 40 }
		{ "item": "lithium", "amount": 20 }
	],
	"category": "crafting",
	"research": "cryofluidmixer",
}
