{
	"type": "GenericSmelter",
	"name": "石英炼制厂",
	"description": "从沙子中提取石英。",
	"outputItem": {"item": "quartz", "amount": 1},
	"size": 2,
	"hasPower": true,
	"hasLiquids": false,
	"hasItems": true,
	"craftTime": 60,
	"consumes": {
		"power": 0.5,
		"items": {
			"items": [
				{ "item": "sand", "amount": 1 }
			]
		}
	},
	"requirements": [
		{ "item": "copper", "amount": 50 },
		{ "item": "lead", "amount": 40 },
		{ "item": "silicon", "amount": 10 }
	],
	"category": "crafting",
	"research": "kiln",
}
