{
	"ammo": {
		"graphite": "artilleryDense",
		"silicon": "artilleryHoming",
		"pyratite": "artlleryIncendiary",
		"blast-compound": "artilleryExplosive",
		"plastanium":"arilleryPlastic",
		"lithium": {
		    "type": "ArtilleryBulletType",
		    "item": "lithium",
		    "bulletSprite": "shell",
		    "hitEffect": "flakExplosion",
		    "speed": 4,
		    "collidesTiles": false,
		    "trailEffect": "artilleryTrail",
		    "trailColor": "cccccc",
		    "damage": 0,
		    "splashDamage": 45,
			"splashDamageRadius": 35.2,
		    "bulletWidth": 13,
		    "bulletHeight": 13,
			"ammoMultiplier": 2,
			"knockback": 0.8,
			"backColor": "cccccc",
			"frontColor": "ffffff"
		}
	}
}
