{
	"ammo": {
		"copper": "standardCopper",
		"graphite": "standardDense",
		"pyratite": "standardIncendiary",
		"silicon": "standardHoming",
		"thorium":"standardThorium",
		"silver": {
			"damage": 5,
			"lifetime": 80,
			"speed": 2.5,
			"reloadMultiplier": 2.0,
			"bulletWidth": 7,
			"bulletHeight": 9,
			"shootEffect": "shootBig",
			"smokeEffect": "shootBigSmoke",
			"ammoMultiplier": 5,
			"backColor": "bfbfbf",
			"frontColor": "ffffff"
		}
		"uranium": {
			"damage": 29,
			"lifetime": 80,
			"speed": 3,
			"bulletWidth": 10,
			"bulletHeight": 13,
			"status": "burning",
			"shootEffect": "shootBig",
			"smokeEffect": "shootBigSmoke",
			"ammoMultiplier": 2,
			"backColor": "669900",
			"frontColor": "99cc00"
		}
	}
}
