{
	"type": "GenericCrafter",
	"name": "银熔炉",
	"description": "制造融化银。",
	"liquidCapacity": 40,
	"outputLiquid": {"liquid": "molten-silver", "amount": 2.0},
	"size": 2,
	"hasPower": true,
	"hasLiquids": true,
	"craftTime": 10,
	"updateEffect": "smeltsmoke",
	"consumes": {
		"power": 0.6,
		"item": "silver"
	},
	"requirements": [
	    { "item": "copper", "amount": 80 },
		{ "item": "lead", "amount": 50 },
		{ "item": "silicon", "amount": 20 }
	],
	"category": "crafting",
	"research": "kiln",
	"idleSound": "respawning",
	"idleSoundVolume": 0.5
}
