{
	"ammo": {
		"graphite": "standardDenseBig",
		"pyratite": "standardIncendiaryBig",
		"thorium":"standardThoriumBig",
		"tithorium": {
			"damage": 80,
			"speed": 8,
			"lifetime": 45,
			"bulletWidth": 16,
			"bulletHeight": 23,
			"shootEffect": "shootBig",
			"smokeEffect": "shootBigSmoke",
			"ammoMultiplier": 2,
			"backColor": "660099",
			"frontColor": "9933cc"
		}
		"uranium": {
			"damage": 65,
			"lifetime": 45,
			"speed": 8,
			"bulletWidth": 16,
			"bulletHeight": 23,
			"status": "burning",
			"shootEffect": "shootBig",
			"smokeEffect": "shootBigSmoke",
			"ammoMultiplier": 2,
			"backColor": "669900",
			"frontColor": "99cc00"
		}
	}
}
