{
	"name": "超级超速投影仪",
	"description": "最终的超速投影仪。",
	"type": "OverdriveProjector"
	"health": 160,
	"size": 2,
	"range": 120,
	"reload": 45
	"speedBoost": 2.0,
	"consumes": {
		"power": 4.5
        "items":{
			"items":[
				{"item":"phase-fabric","amount":1}
			]
			"booster":true
			"optional": true
		}
	},
	"requirements": [
		{ "item": "silicon", "amount": 75 },
		{ "item": "plastanium", "amount": 50 },
		{ "item": "carbon-fibre", "amount": 60 },
		{ "item": "silver", "amount": 100 }
	],
	"category": "effect",
	"research":"overdrive-projector"
}