{
    "type":"LaunchPad", 
    "name":"超级发射台", 
    "description":"有更大的容量和更快的发射速度。", 
    "health":800,
    "size":4, 
    "itemCapacity":500, 
    "launchTime":5, 
    "hasPower":true, 
	"consumes": {
		"power": 4.0,
	},
	"requirements": [
	    { "item": "titanium", "amount": 350 },
	    { "item": "thorium", "amount": 200 },
	    { "item": "silicon", "amount": 300 },
		{ "item": "plastanium", "amount": 150 },
		{ "item": "phase-fabric", "amount": 100 },
		{ "item": "surge-alloy", "amount": 50 }
	]
	"category": "effect",
	"research": "launch-pad-large"
		
}