{
	"ammo": {
	    "blast-compound": "missileExplosive",
		"pyratite": "missileIncendiary",
		"surge-alloy":"missileSurge",
		"quartz": {
		    "type": "MissileBulletType",
		    "item": "quartz",
		    "bulletSprite": "shell",
		    "hitEffect": "blastExplosion",
		    "speed": 3.5,
		    "lifetime": 160,
		    "homingPower": 7,
		    "trailEffect": "missileTrail",
		    "trailColor": "ccffff",
		    "damage": 10,
		    "splashDamage": 20,
			"splashDamageRadius": 30.4,
		    "bulletWidth": 5.5,
		    "bulletHeight": 8,
			"ammoMultiplier": 2,
			"backColor": "99ffff",
			"frontColor": "ccffff"
		}
	}
}
