{
	"type": "GenericCrafter",
	"name": "铀嬗变器",
	"description": "把钍232嬗变为铀233.",
	"outputItem": {"item": "uranium", "amount": 1},
	"size": 2,
	"hasPower": true,
	"hasLiquids": false,
	"hasItems": true,
	"craftTime": 60,
	"updateEffect": "smeltsmoke",
	"consumes": {
		"power": 1.5,
		"items": {
			"items": [
				{ "item": "thorium", "amount": 1 }
			]
		}
	},
	"requirements": [
		{ "item": "lead", "amount": 300 },
		{ "item": "titanium", "amount": 150 },
		{ "item": "thorium", "amount": 120 },
		{ "item": "silicon", "amount": 100 }
		{ "item": "carbon-fibre", "amount": 50 }
	],
	"category": "crafting",
	"research": "carbon-fibre-press",
}
