{
    "type":"ContinuousLiquidTurret",
	"name": "蒸发",
	"description": "大型升华，发射三道穿甲火焰光束",
	"size": 5,
	"health": 23000,
	"category": "turret",
    "research": "sublimate"
	"range":300,
	"targetAir":true,//攻击天空
	"targetGround":true,
	"rotateSpeed": 2,
	"shoot": {
		"type": "ShootSpread",
		"spread":13
		"shots": 3
             },
	"drawer": {
        "type": "DrawMulti",
        "drawers": [

            {
                "type": "DrawTurret",
                "parts": [
    {"type":"RegionPart",
    "mirror":true,
    "x":0,"y":0,
    "suffix":"-3",
    "layer":50,
    "under":true,
    "moveX":0,
    "moveY":-4
    "moveRot":6
    },
    {"type":"RegionPart",
    "mirror":true,
    "x":0,"y":0,
    "suffix":"-1",
    "layer":50,
    "under":true,
    "moveX":2,
    "moveY":-5,
    "moveRot":3
    },
    {"type":"RegionPart",
    "mirror":false,
    "x":0,"y":0,
    "suffix":"-2",
    "layer":50,
    "under":true,
    "moveX":0,
    "moveY":-2
    "moveRot":0
    },
    ]}]},
	"ammoTypes": {
            "ozone": {
            "type":"ContinuousFlameBulletType",
            "damage": 630,
            "knockback":1
            "reloadMultiplier": 0.5,
                "width":6
			    "height":38,
			    "range":300,
			    "length": 200
			    "prieceCap":5
			    }
			    "cyanogen": {
            "type":"ContinuousFlameBulletType"
            "buildingDamageMultiplier":0.3,
            "flareColor":"89e8b6"
            "damage":712,
            "knockback":2
            "prieceCap":6
                "width":3.2,
			    "height":20
			    "rangeChange":50
			    "length": 202
			"colors":["5EC1BFFF","5EC1BFFF","89e8b6","FFFFFF"],
			    }}
			   "requirements":[
"oxide/800",
"silicon/400"
"thorium/200"
],
        }