{
	"type": "ForceProjector",
	"name": "守护",
	"health": 790,
	"size": 2,
	"description":"生成一个力墙场，保护己方建筑"
	"radius": 220,
	"canOverdrive": false,
	"shieldHealth": 5300,
	"phaseRadiusBoost": 0,
	"cooldownNormal": 5,
	"cooldownLiquid": 6,
	"cooldownBrokenBase": 1,
	"coolantConsumption": 0.2,
	"absorbEffect": {
		"type": "ParticleEffect",
		"particles": 1,
		"sizeFrom": 0,
		"sizeTo": 13,
		"length": 0,
		"baseLength": 0,
		"sizeInterp": "pow10Out",
		"lifetime": 20,
		"layer": 120,
		"colorFrom": "000000",
		"colorTo": "00000000"
	},
	"consumes": {
		"power": 10
	},
	"requirements": [
		"metaglass/200",
		"silicon/240",
		"copper/90",
		"钛晶玻璃/80"
	],
	"itemCapacity": 1,
	"research": "mend-projector",
	"category": "effect"
}