{
	"type":"ItemTurret",
	"name":"迷你蜂巢",
    "description":"蜂巢他儿子来了\n不怎么耗弹，造价也便宜，适合大规模使用",
    "details":"不要紧张，这是作者因为怕背不得历史而加的东西\n1842年8月，清政府与英国签订中英《南京条约》，条约内容如下:\n开放广州、福州、厦门、宁波、上海五处为通商口岸;割香港岛给英国;赔款2100万银元;英商进出口货物应纳税款必须经过双方协议",
	"size":1,//物品面积
	"health":260,//建筑血量
	"ammoPerShot":1,
	"range":160,//攻击范围
	"reload":60,//60：0.1每秒一个
	"inaccuracy":5,//误差
	                  "ammoPerShot":1,
	                  "ammoUseEffect": "casing2",
	"rotatespeed":3,//旋转速度
	"maxAmmo":20,//最大弹药
	"targetAir":true//攻击天空
	"targetGround":true,//攻击地面
		"canOverdrive": true,
		"shootSound":"missile",
	"coolantMultiplier":5,
	"heatColor":"#FF0000",
	"consumes": {
        "coolant": {
            "amount": 0.1,
            "optional": true
        }
    },
	"shoot":{
	"shots":2,
	"shotDelay":5,
	}
	"ammoTypes":{
	"copper": {
					"frontColor":"FFE4AA",
            "backColor":"FF9F69",
						"type":"MissileBulletType",
							"damage": 8,
			"speed": 3,
			"lifetime":60,
			"width": 5,
			"height": 8,
			"shootEffect": "shootBig" 	
			"ammoMultiplier":4,
				    "splashDamageRadius":12,
	    "splashDamage":15,	
    "homingPower":0.05,
	  	"homingRange":40,
	  	"hitEffect":{
    	    "type": "MultiEffect",
					"effects": [
{
        "type": "WaveEffect",
        "lifetime": 10,
        "sizeFrom": 1,
        "sizeTo": 12,
        "strokeFrom": 1,
        "strokeTo": 0,
        "colorFrom": "FF9F69",
        "colorTo": "FFE4AA"
    }
                        {
							"type": "ParticleEffect",
							"particles": 4,
							"sizeFrom": 1.5,
							"sizeTo": 2,
							"length": 16,
							"baseLength": 4,
							"lifetime": 20,
							"colorFrom": "FF9F69FF",
							"colorTo": "FF9F6900",
							"cone": 360
						},
        {
		"type": "ParticleEffect",
    "particles": 4,
    "length":16,
    "baseLength": 0,
    "lifetime": 20,
    "line": true,
    "lenFrom":3,
    "lenTo":0,
    "strokeFrom": 0.75,
    "strokeTo": 0.75,
        "cone": 360
        "colorFrom":"FF9F69FF",
        "colorTo":"FF9F69FF",
        }
						]
						}
	  		   	   },
	  		   	   "graphite": {
					"frontColor":"FFE4AA",
            "backColor":"FF9F69",
						"type":"MissileBulletType",
							"damage": 10,
			"speed": 3,
			"lifetime":60,
			"width": 5,
			"height": 8,
			"shootEffect": "shootBig" 	
			"ammoMultiplier":4,
				    "splashDamageRadius":12,
	    "splashDamage":20,	
    "homingPower":0.05,
	  	"homingRange":40,
	  	"hitEffect":{
    	    "type": "MultiEffect",
					"effects": [
{
        "type": "WaveEffect",
        "lifetime": 10,
        "sizeFrom": 1,
        "sizeTo": 12,
        "strokeFrom": 1,
        "strokeTo": 0,
        "colorFrom": "FF9F69",
        "colorTo": "FFE4AA"
    }
                        {
							"type": "ParticleEffect",
							"particles": 4,
							"sizeFrom": 1.5,
							"sizeTo": 2,
							"length": 16,
							"baseLength": 4,
							"lifetime": 20,
							"colorFrom": "FF9F69FF",
							"colorTo": "FF9F6900",
							"cone": 360
						},
        {
		"type": "ParticleEffect",
    "particles": 4,
    "length":16,
    "baseLength": 0,
    "lifetime": 20,
    "line": true,
    "lenFrom":3,
    "lenTo":0,
    "strokeFrom": 0.75,
    "strokeTo": 0.75,
        "cone": 360
        "colorFrom":"FF9F69FF",
        "colorTo":"FF9F69FF",
        }
						]
						}
	  		   	   },
	  		   	   "pyratite": {
					"frontColor":"FFE4AA",
            "backColor":"FF9F69",
						"type":"MissileBulletType",
							"damage": 8,
			"speed": 3,
			"lifetime":60,
			"width": 5,
			"height": 8,
			"shootEffect": "shootBig" 	
			"ammoMultiplier":5,
				    "splashDamageRadius":18,
	    "splashDamage":24,	
    "homingPower":0.05,
	  	"homingRange":40,
	  	"hitEffect":{
    	    "type": "MultiEffect",
					"effects": [
{
        "type": "WaveEffect",
        "lifetime": 10,
        "sizeFrom": 1,
        "sizeTo": 18,
        "strokeFrom": 1,
        "strokeTo": 0,
        "colorFrom": "FF9F69",
        "colorTo": "FFE4AA"
    }
                        {
							"type": "ParticleEffect",
							"particles": 4,
							"sizeFrom": 1.5,
							"sizeTo": 2,
							"length": 20,
							"baseLength": 4,
							"lifetime": 20,
							"colorFrom": "FF9F69FF",
							"colorTo": "FF9F6900",
							"cone": 360
						},
        {
		"type": "ParticleEffect",
    "particles": 4,
    "length":24,
    "baseLength": 0,
    "lifetime": 20,
    "line": true,
    "lenFrom":3,
    "lenTo":0,
    "strokeFrom": 0.75,
    "strokeTo": 0.75,
        "cone": 360
        "colorFrom":"FF9F69FF",
        "colorTo":"FF9F69FF",
        }
						]
						}
	  		   	   },
	  		   	   "碳钢": {
					"frontColor":"FFE4AA",
            "backColor":"FF9F69",
						"type":"MissileBulletType",
							"damage": 10,
			"speed": 3,
			"lifetime":60,
			"width": 5,
			"height": 8,
			"shootEffect": "shootBig" 	
			"ammoMultiplier":4,
				    "splashDamageRadius":12,
	    "splashDamage":15,	
	    "lightningDamage": 8,
"lightning": 1,
"lightningLength": 6
"status":"shocked",
    "homingPower":0.05,
	  	"homingRange":40,
	  	"hitEffect":{
    	    "type": "MultiEffect",
					"effects": [
{
        "type": "WaveEffect",
        "lifetime": 10,
        "sizeFrom": 1,
        "sizeTo": 12,
        "strokeFrom": 1,
        "strokeTo": 0,
        "colorFrom": "FF9F69",
        "colorTo": "FFE4AA"
    }
                        {
							"type": "ParticleEffect",
							"particles": 4,
							"sizeFrom": 1.5,
							"sizeTo": 2,
							"length": 16,
							"baseLength": 4,
							"lifetime": 20,
							"colorFrom": "FF9F69FF",
							"colorTo": "FF9F6900",
							"cone": 360
						},
        {
		"type": "ParticleEffect",
    "particles": 4,
    "length":16,
    "baseLength": 0,
    "lifetime": 20,
    "line": true,
    "lenFrom":3,
    "lenTo":0,
    "strokeFrom": 0.75,
    "strokeTo": 0.75,
        "cone": 360
        "colorFrom":"FF9F69FF",
        "colorTo":"FF9F69FF",
        }
						]
						}
	  		   	   },
	}
	"requirements": [
		{ "item": "钢化铅", "amount":20 },
		{ "item": "copper", "amount":20 },
		{ "item": "graphite", "amount":10 },
	],
	"category": "turret",
	"research":{
	"parent":"a001爆破"
	"objectives": [
            {
				"type": "SectorComplete",
				"preset": "groundZero"
			}
	]
	}
}