{
	"type":"ItemTurret",
	"name":"火炮",
    "description":"优点:射程远\n缺点:造价高弹耗高",
    "details":"不要紧张，这是作者因为怕背不得历史而加的东西\n1843年，英国又强迫清政府签订《虎门条约》，从中获得了领事裁判权、片面最惠国待遇和在通商口岸租地建房的权利\n1844年，清政府被迫与美国、法国分别签订了中美《望厦条约》和中法《黄埔条约》，扩大了侵略权益",
	"size":1,//物品面积
	"health":260,//建筑血量
	"ammoPerShot":1,
	"range":192,//攻击范围
	"reload":50,//60：0.1每秒一个
	"inaccuracy":4//误差
	"recoil": 3,
	"shake":2,
	                  "ammoPerShot":2,
	                  "ammoUseEffect": "casing2",
	                  "shootSound":"shootBig",
	"rotatespeed":2,//旋转速度
	"maxAmmo":30,//最大弹药
	"targetAir":false//攻击天空
	"targetGround":true,//攻击地面
		"canOverdrive": true,
	"coolantMultiplier":6,
	"heatColor":"A3D5FF8D",
	"consumes": {
        "coolant": {
            "amount": 0.1,
            "optional": true
        }
    },
	"shoot":{
	"shots":3,
	"shotDelay":3,
	}
	"ammoTypes":{
	"压缩铜": {
			"type":"ArtilleryBulletType",
"frontColor":"D99D73FF",
"backColor":"D99D73FF",
"trailColor":"D99D73FF",
		    "reloadMultiplier":1,
			"speed": 3,
			"damage": 8,
			"knockback":1,
			"lifetime":60,
			"width": 7,
			"height": 7,
			"ammoMultiplier":1,
			"splashDamageRadius":20,
"splashDamage":25,
"collidesAir":false,
"despawnEffect":"none",
    	    "hitEffect":{
    	    "type": "MultiEffect",
					"effects": [
{
        "type": "WaveEffect",
        "lifetime": 10,
        "sizeFrom": 1,
        "sizeTo": 20,
        "strokeFrom": 2,
        "strokeTo": 0,
//        "colorFrom": "FF7B7B",
        "colorTo": "9BCFFF"
    }
                        {
							"type": "ParticleEffect",
							"particles": 4,
							"sizeFrom": 4,
							"sizeTo": 0,
							"length": 28,
							"baseLength": 2,
							"lifetime": 20,
//							"colorFrom": "B8F8FF",
							"colorTo": "pow2In",
							"cone": 360
						},
						{
							"type": "ParticleEffect",
							"particles": 6,
							"sizeFrom": 1,
							"sizeTo": 0,
							"length": 48,
							"baseLength": 2,
							"lifetime": 15,
//							"colorFrom": "B8F8FF",
							"colorTo": "pow2In",
							"cone": 360
						},
						]
						}
	"smokeEffect":"shootBigSmoke"
			"shootEffect": "shootBig" 		}
			"graphite": {
			"type":"ArtilleryBulletType",
"frontColor":"9BCFFF",
"backColor":"9BCFFF",
"trailColor":"9BCFFF",
		    "reloadMultiplier":1,
			"speed": 3,
			"damage": 8,
			"knockback":1,
			"lifetime":60,
			"width": 8,
			"height": 8,
			"ammoMultiplier":1,
			"splashDamageRadius":20,
"splashDamage":30,
"collidesAir":false,
"despawnEffect":"none",
    	    "hitEffect":{
    	    "type": "MultiEffect",
					"effects": [
{
        "type": "WaveEffect",
        "lifetime": 10,
        "sizeFrom": 1,
        "sizeTo": 20,
        "strokeFrom": 2,
        "strokeTo": 0,
//        "colorFrom": "FF7B7B",
        "colorTo": "9BCFFF"
    }
                        {
							"type": "ParticleEffect",
							"particles": 4,
							"sizeFrom": 4,
							"sizeTo": 0,
							"length": 28,
							"baseLength": 2,
							"lifetime": 20,
//							"colorFrom": "B8F8FF",
							"colorTo": "pow2In",
							"cone": 360
						},
						{
							"type": "ParticleEffect",
							"particles": 6,
							"sizeFrom": 1,
							"sizeTo": 0,
							"length": 48,
							"baseLength": 2,
							"lifetime": 15,
//							"colorFrom": "B8F8FF",
							"colorTo": "pow2In",
							"cone": 360
						},
						]
						}
	"smokeEffect":"shootBigSmoke"
			"shootEffect": "shootBig" 		}
			"pyratite": {
		"type":"ArtilleryBulletType",
"frontColor":"FFE4AA",
"backColor":"FF9F69",
"trailColor":"FF9F69",
		    "reloadMultiplier":1,
			"speed": 3,
			"damage": 8,
			"knockback":1,
			"lifetime":60,
			"width": 8,
			"height": 8,
			"ammoMultiplier":1,
			"splashDamageRadius":20,
"splashDamage":45,
"collidesAir":false,
"despawnEffect":"none",
"status":"burning",
"statusDuration":480,
"hitShake":1.6,
    	    "hitEffect":{
    	    "type": "MultiEffect",
					"effects": [
{
        "type": "WaveEffect",
        "lifetime": 10,
        "sizeFrom": 1,
        "sizeTo": 20,
        "strokeFrom": 2,
        "strokeTo": 0,
//        "colorFrom": "FF7B7B",
        "colorTo": "FF9F69"
    }
                        {
							"type": "ParticleEffect",
							"particles": 4,
							"sizeFrom": 4,
							"sizeTo": 0,
							"length": 28,
							"baseLength": 2,
							"lifetime": 20,
//							"colorFrom": "B8F8FF",
							"colorTo": "pow2In",
							"cone": 360
						},
						{
							"type": "ParticleEffect",
							"particles": 6,
							"sizeFrom": 1,
							"sizeTo": 0,
							"length": 48,
							"baseLength": 2,
							"lifetime": 15,
//							"colorFrom": "B8F8FF",
							"colorTo": "pow2In",
							"cone": 360
						},
						]
						}
	"smokeEffect":"shootBigSmoke"
			"shootEffect": "shootBig" 		}
			"silicon": {
			"type":"ArtilleryBulletType",
"frontColor":"AEAEAE",
"backColor":"AEAEAE",
"trailColor":"AEAEAE",
		    "reloadMultiplier":1,
			"speed": 3,
			"damage": 8,
			"knockback":1,
			"lifetime":60,
			"width": 8,
			"height": 8,
			"ammoMultiplier":1,
			"splashDamageRadius":20,
			"collidesAir":false,
"splashDamage":24,
"homingRange":80,
"homingPower":0.015,
"despawnEffect":"none",
"hitShake":1.6,
    	    "hitEffect":{
    	    "type": "MultiEffect",
					"effects": [
{
        "type": "WaveEffect",
        "lifetime": 10,
        "sizeFrom": 1,
        "sizeTo": 20
        "strokeFrom": 2,
        "strokeTo": 0,
//        "colorFrom": "FF7B7B",
        "colorTo": "AEAEAE"
    }
                        {
							"type": "ParticleEffect",
							"particles": 4,
							"sizeFrom": 4,
							"sizeTo": 0,
							"length": 28,
							"baseLength": 2,
							"lifetime": 20,
//							"colorFrom": "B8F8FF",
							"colorTo": "pow2In",
							"cone": 360
						},
						{
							"type": "ParticleEffect",
							"particles": 6,
							"sizeFrom": 1,
							"sizeTo": 0,
							"length": 48,
							"baseLength": 2,
							"lifetime": 15,
//							"colorFrom": "B8F8FF",
							"colorTo": "pow2In",
							"cone": 360
						},
						]
						}
	"smokeEffect":"shootBigSmoke"
			"shootEffect": "shootBig" 		}
	},
	"requirements": [
		{ "item": "压缩铜", "amount":40 },
		{ "item": "lead", "amount":25 },
		{ "item": "graphite", "amount":40 },
	],
	"category": "turret",
	"research":{
	"parent":"hail"
	"objectives": [
            {
				"type": "SectorComplete",
				"preset": "groundZero"
			}
	]
	}
}