{
	"type":"ItemTurret",
	"name":"加农炮",
    "description":"齐射，齐射你怎么了",
	"size":2,//物品面积
	"health":900,//建筑血量
//	"ammoPerShot":3,
	"range":256,//攻击范围
	"reload":180,//60：0.1每秒一个
	"inaccuracy":0//误差
	"recoil": 4,
	"shake":4,
	                  "ammoPerShot":2,
	                  "ammoUseEffect": "casing2",
	                  "shootSound":"shootBig",
	"rotateSpeed":2,//旋转速度
	"maxAmmo":40,//最大弹药
	"targetAir":false//攻击天空
	"targetGround":true,//攻击地面
		"canOverdrive": true,
	"coolantMultiplier":3,
	"heatColor":"FF6B54FF",
	"consumes": {
        "coolant": {
            "amount": 0.25,
            "optional": true
        }
    },
	"shoot":{
	"shots":1,
	"shotDelay":0,
	}
	"ammoTypes":{
			"graphite": {
			"type":"ArtilleryBulletType",
            "frontColor":"9BCFFF",
            "backColor":"9BCFFF",
            "trailColor":"9BCFFF",
		    "reloadMultiplier":1,
			"speed": 2,
			"damage": 20,
			"knockback":1,
			"lifetime":120,
			"width": 16,
			"height": 19,
			"ammoMultiplier":1,
			"splashDamageRadius":40,
            "splashDamage":120,
            "collidesAir":false,
            "hitShake":4,
			"despawnEffect":"flakExplosionBig",
    	    "hitEffect":"flakExplosionBig",
        	"smokeEffect":"shootBigSmoke"
			"shootEffect": "shootBig" 		
			"fragBullets":8,
			"fragLifeMin":0.6,
			"fragBullet":{
			"type":"ArtilleryBulletType",
			"speed": 2.4,
			"lifetime":60,
			"damage": 8,
			"despawnEffect":"flakExplosionBig",
	        "hitEffect":"flakExplosionBig",
	        "splashDamageRadius":24,
            "splashDamage":32,
            "width": 8,
			"height": 8,
			"collidesAir":false,
            "hitShake":1,
			"frontColor":"9BCFFF",
            "backColor":"9BCFFF",
            "trailColor":"9BCFFF",
            "fragBullets":6,
        	"fragBullet":{
        	"frontColor":"9BCFFF",
            "backColor":"9BCFFF",
        	"speed":5.5,
        	"lifetime":12
        	"damage":10
        	"width":5,"height":8,
        	"drag":0.01,
        	"shrinkX":0,"shrinkY":1,
        	"despawnEffect":"none",
        	"hitEffect":"none",
        	"collidesAir":false,
        	}
			}
			}
			"pyratite": {
			"type":"ArtilleryBulletType",
            "frontColor":"FFE4AA",
            "backColor":"FF9F69",
            "trailColor":"FF9F69",
    	    "status":"blasted",
		    "reloadMultiplier":1,
			"speed": 2,
			"damage": 20,
			"knockback":1,
			"lifetime":120,
			"width": 16,
			"height": 19,
			"ammoMultiplier":1,
			"splashDamageRadius":40,
            "splashDamage":160,
            "collidesAir":false,
            "hitShake":4,
			"despawnEffect":"flakExplosionBig",
    	    "hitEffect":"flakExplosionBig",
        	"smokeEffect":"shootBigSmoke"
			"shootEffect": "shootBig" 
			"status":"burning",
            "statusDuration":600,		
			"fragBullets":8,
			"fragLifeMin":0.6,
			"fragBullet":{
			"type":"ArtilleryBulletType",
			"status":"blasted",
			"speed": 2.4,
			"lifetime":60,
			"damage": 8,
			"despawnEffect":"flakExplosionBig",
	        "hitEffect":"flakExplosionBig",
	        "splashDamageRadius":32,
            "splashDamage":42,
            "width": 8,
			"height": 8,
			"frontColor":"FFE4AA",
            "backColor":"FF9F69",
            "trailColor":"FF9F69",
            "status":"burning",
            "statusDuration":240,
            "collidesAir":false,
            "hitShake":1,
			}
			}
			"blast-compound": {
			"type":"ArtilleryBulletType",
            "backColor":"FF6B54",
            "frontColor":"FF9F67", 
    	    "trailColor":"FF6B54",
    	    "status":"blasted",
		    "reloadMultiplier":1,
			"speed": 2,
			"damage": 20,
			"knockback":1,
			"lifetime":120,
			"width": 16,
			"height": 19,
			"ammoMultiplier":1,
			"splashDamageRadius":52,
            "splashDamage":200,
            "collidesAir":false,
            "hitShake":4,
			"despawnEffect":"flakExplosionBig",
    	    "hitEffect":"flakExplosionBig",
        	"smokeEffect":"shootBigSmoke"
			"shootEffect": "shootBig" 		
			"fragBullets":9,
			"fragLifeMin":0.6,
			"fragBullet":{
			"type":"ArtilleryBulletType",
			"status":"blasted",
			"speed": 2.4,
			"lifetime":60,
			"damage": 8,
			"despawnEffect":"flakExplosionBig",
	        "hitEffect":"flakExplosionBig",
	        "splashDamageRadius":32,
            "splashDamage":50,
            "width": 8,
			"height": 8,
			"backColor":"FF6B54",
            "frontColor":"FF9F67", 
    	    "trailColor":"FF6B54",
    	    "collidesAir":false,
            "hitShake":1,
			}
			}
	},
	"requirements": [
		{ "item": "copper", "amount":80 },
		{ "item": "lead", "amount":50 },
		{ "item": "钢化铅", "amount":80 },
		{ "item": "碳钢", "amount":80 },
	],
	"category": "turret",
	"research":"a006火炮"
}