{
	"type":"ItemTurret",
	"name":"重型机枪",
    "description":"突突突",
	"size":3,//物品面积
	"health":2000,//建筑血量
	"ammoPerShot":1,
	"range":200,//攻击范围
	"reload":15,//60：0.1每秒一个
	"inaccuracy":5,//误差
	                  "ammoPerShot":1,
	                  "ammoUseEffect": "casing2",
	"shootSound":"shootBig",
	"shake":1,
	"rotatespeed":2,//旋转速度
	"maxAmmo":15,//最大弹药
	"targetAir":true//攻击天空
	"targetGround":true,//攻击地面
		"canOverdrive": true,
	"coolantMultiplier":2,
	"heatColor":"#FF0000",
	"consumes": {
        "coolant": {
            "amount": 0.25,
            "optional": true
        }
    },
	"shoot":{
	"shots":3,
	"shotDelay":3,
	}
	"ammoTypes":{
		"copper": {
		    "reloadMultiplier":1,
			"speed": 8,
			"damage": 24,
			"knockback":0.1,
			"lifetime":25,
			"width": 8,
			"height": 10,
			"ammoMultiplier":4,
			"shootEffect": "shootBig"
//			"pierceCap":2,
			 }
			 "钢化铅": {
		    "reloadMultiplier":0.8,
			"speed": 8,
			"damage": 26,
			"knockback":0.1,
			"lifetime":25,
			"width": 8,
			"height": 10,
			"ammoMultiplier":4,
			"shootEffect": "shootBig"
			"pierceCap":2,
			 }
			 "graphite": {
		    "reloadMultiplier":0.75,
			"speed": 8,
			"damage": 38,
			"knockback":0.1,
			"lifetime":25,
			"width": 10,
			"height": 12
			"ammoMultiplier":4,
			"shootEffect": "shootBig"
//			"pierceCap":2,
			 }
			 "thorium": {
		    "reloadMultiplier":1,
			"speed": 8,
			"damage": 44,
			"knockback":0.1,
			"lifetime":25,
			"width": 10,
			"height": 12,
			"ammoMultiplier":5,
			"shootEffect": "shootBig"
			"pierceCap":2,
			 }
			 "锘": {
		    "reloadMultiplier":0.8,
			"speed": 8,
			"damage": 30,
			"knockback":0.1,
			"lifetime":25,
			"width": 10,
			"height": 12,
			"ammoMultiplier":5,
			"shootEffect": "shootBig"
			"pierceCap":2,
			"status":"锘中毒"
            "statusDuration": 360//状态持续时间
			 }
			 "pyratite": {
		    "reloadMultiplier":1,
			"speed": 8,
			"damage": 41,
			"knockback":0.1,
			"lifetime":25,
			"width": 8,
			"height": 10,
			"ammoMultiplier":5,
			"shootEffect": "shootBig"
			"shootEffect": "shootBig" 
			"backColor":"FF6B54",
"frontColor":"FF9F67", 
"status":"burning",
"statusDuration":480,
			 }
	},
	"requirements": [
		{ "item": "copper", "amount":250 },
		{ "item": "钢化铅", "amount":150 },
		{ "item": "graphite", "amount":200 },
		{ "item": "碳钢", "amount":200 },
		{ "item": "低级许可证", "amount":2 },
	],
	"category": "turret",
	"research": {
	"parent": "a001爆破"//科技树前置
	"objectives": [
"低级许可证"
]
	"requirements": [//研究花费
	"copper/1400",
	"钢化铅/1000",
	"graphite/1000",
	"碳钢/1500"
	]	},
}