{
	"type":"ItemTurret",
	"name":"气碴",
    "description":"混爆伤害高，十倍烈火刀刀爆",
    "details":"气旋：我记得我没有弟弟",
	"size":3,//物品面积
	"health":2000,//建筑血量
	"ammoPerShot":1,
	"range":180,//攻击范围
	"reload":15,//60：0.1每秒一个
	"inaccuracy":10,//误差
	"recoil": 4,
	                  "ammoUseEffect": "casing2",
	"rotatespeed":2,//旋转速度
	"maxAmmo":30,//最大弹药
	"targetAir":true//攻击天空
	"targetGround":true,//攻击地面
		"canOverdrive": true,
	"coolantMultiplier":5,
	"heatColor":"#FF0000",
	"consumes": {
        "coolant": {
            "amount": 0.3,
            "optional": true
        }
    },
	"shoot":{
	"shots":2,
	"shotDelay":5,
	"type": "ShootBarrel",
        "barrels": [
        0,0,0,
        -3,0,0,
        3,0,0,
        ]
	}
	"ammoTypes":{
	       "silicon":{
	        "speed": 4,
			"damage": 5,
			"reloadMultiplier":1,
			"lifetime":45,
			"width": 8,
			"height": 10,
			"ammoMultiplier":3,
			"splashDamageRadius":28,
            "splashDamage":24,
			"despawnEffect":"none",
    	    "hitEffect":{
    	    "type": "MultiEffect",
					"effects": [
{
        "type": "WaveEffect",
        "lifetime": 10,
        "sizeFrom": 1,
        "sizeTo": 28,
        "strokeFrom": 2,
        "strokeTo": 0,
//        "colorFrom": "FF7B7B",
        "color": "ffffff"
    }
                        {
							"type": "ParticleEffect",
							"particles": 4,
							"sizeFrom": 4,
							"sizeTo": 0,
							"length": 32,
							"baseLength": 2,
							"lifetime": 20,
//							"colorFrom": "B8F8FF",
							"color": "pow2In",
							"cone": 360
						},
						{
							"type": "ParticleEffect",
							"particles": 6,
							"sizeFrom": 1,
							"sizeTo": 0,
							"length": 56,
							"baseLength": 2,
							"lifetime": 15,
//							"colorFrom": "B8F8FF",
							"color": "pow2In",
							"cone": 360
						},
						{
		"type": "ParticleEffect",
    "particles": 4,
    "length":48,
    "baseLength": 0,
    "lifetime": 15,
    "line": true,
    "lenFrom":4,
    "lenTo":0,
    "strokeFrom": 1,
    "strokeTo": 1,
        "cone": 360
        "colorFrom":"FFE4AAFF",
        "colorTo":"FF9F69FF",
        }
						]
						}
        	"smokeEffect":"shootBigSmoke"
			"shootEffect": "shootBig" 		
			"homingRange":80,
			"homingPower":0.02
//			"ammoMultiplier":5
			},
			"metaglass":{
	        "speed": 4,
			"damage": 5,
			"reloadMultiplier":0.8,
			"lifetime":45,
			"width": 8,
			"height": 10,
			"ammoMultiplier":3,
			"splashDamageRadius":24,
            "splashDamage":20,
			"despawnEffect":"none",
//    	    "hitEffect":"none"
        	"smokeEffect":"shootBigSmoke"
			"shootEffect": "shootBig" 	
			"frontColor":"FFFFFF"	
			"backColor":"FFFFFF"	
			"fragBullets":4,
			"fragBullet":{
	"speed":2,
	"lifetime":15
	"damage":10
	"width":5,"height":8,
	"drag":0.01,
	"shrinkX":0,"shrinkY":1,
	"despawnEffect":"none",
	"hitEffect":"none",
	"frontColor":"FFFFFF",
    "backColor":"FFFFFF",
//    "ammoMultiplier":5
	}
	}
	"钢化铅":{
	        "speed": 4,
			"damage": 5,
			"reloadMultiplier":1,
			"lifetime":45,
			"width": 8,
			"height": 10,
			"ammoMultiplier":2,
			"splashDamageRadius":24,
            "splashDamage":20,
			"despawnEffect":"none",
    	    "hitEffect":{
    	    "type": "MultiEffect",
					"effects": [
{
        "type": "WaveEffect",
        "lifetime": 10,
        "sizeFrom": 1,
        "sizeTo": 24,
        "strokeFrom": 2,
        "strokeTo": 0,
//        "colorFrom": "FF7B7B",
        "color": "ffffff"
    }
                        {
							"type": "ParticleEffect",
							"particles": 4,
							"sizeFrom": 4,
							"sizeTo": 0,
							"length": 32,
							"baseLength": 2,
							"lifetime": 20,
//							"colorFrom": "B8F8FF",
							"color": "pow2In",
							"cone": 360
						},
						{
							"type": "ParticleEffect",
							"particles": 6,
							"sizeFrom": 1,
							"sizeTo": 0,
							"length": 56,
							"baseLength": 2,
							"lifetime": 15,
//							"colorFrom": "B8F8FF",
							"color": "pow2In",
							"cone": 360
						},
						{
		"type": "ParticleEffect",
    "particles": 4,
    "length":48,
    "baseLength": 0,
    "lifetime": 15,
    "line": true,
    "lenFrom":4,
    "lenTo":0,
    "strokeFrom": 1,
    "strokeTo": 1,
        "cone": 360
        "colorFrom":"FFE4AAFF",
        "colorTo":"FF9F69FF",
        }
						]
						}
        	"smokeEffect":"shootBigSmoke"
			"shootEffect": "shootBig" 
			"frontColor":"DFD0FF"	
			"backColor":"DFD0FF"			
			"fragBullets":3,
			"fragBullet":{
	"speed":2.5,
	"lifetime":15
	"damage":13
	"width":5,"height":8,
	"drag":0.01,
	"shrinkX":0,"shrinkY":1,
	"despawnEffect":"none",
	"hitEffect":"none",
	"frontColor":"DFD0FF",
    "backColor":"DFD0FF",
	}		
//	"ammoMultiplier":5
	},	
	"碳钢":{
	        "speed": 4,
			"damage": 5,
			"reloadMultiplier":1,
			"lifetime":45,
			"width": 8,
			"height": 10,
			"ammoMultiplier":3,
			"splashDamageRadius":24,
            "splashDamage":25,
            "lightningDamage": 8,
"lightning": 1,
"lightningLength": 6
"status":"shocked",
			"despawnEffect":"none",
    	    "hitEffect":{
    	    "type": "MultiEffect",
					"effects": [
{
        "type": "WaveEffect",
        "lifetime": 10,
        "sizeFrom": 1,
        "sizeTo": 24,
        "strokeFrom": 2,
        "strokeTo": 0,
//        "colorFrom": "FF7B7B",
        "colorTo": "FFE4AAFF"
    }
                        {
							"type": "ParticleEffect",
							"particles": 4,
							"sizeFrom": 4,
							"sizeTo": 0,
							"length": 32,
							"baseLength": 2,
							"lifetime": 20,
//							"colorFrom": "B8F8FF",
							"color": "pow2In",
							"cone": 360
						},
						{
							"type": "ParticleEffect",
							"particles": 6,
							"sizeFrom": 1,
							"sizeTo": 0,
							"length": 56,
							"baseLength": 2,
							"lifetime": 15,
//							"colorFrom": "B8F8FF",
							"color": "pow2In",
							"cone": 360
						},
						{
		"type": "ParticleEffect",
    "particles": 4,
    "length":48,
    "baseLength": 0,
    "lifetime": 15,
    "line": true,
    "lenFrom":4,
    "lenTo":0,
    "strokeFrom": 1,
    "strokeTo": 1,
        "cone": 360
        "colorFrom":"FFE4AAFF",
        "colorTo":"FF9F69FF",
        }
						]
						}
        	"smokeEffect":"shootBigSmoke"
			"shootEffect": "shootBig" 	
			"frontColor":"C6DAEE",
            "backColor":"C6DAEE",	
			"fragBullets":3,
			"fragBullet":{
	"speed":2.2,
	"lifetime":15
	"damage":10
	"width":5,"height":8,
	"drag":0.01,
	"shrinkX":0,"shrinkY":1,
	"despawnEffect":"none",
	"hitEffect":"none",
	"frontColor":"C6DAEE",
    "backColor":"C6DAEE",
	}		
//	"ammoMultiplier":4
	},	
	"plastanium":{
	        "speed": 4,
			"damage": 5,
			"reloadMultiplier":1,
			"lifetime":45,
			"width": 8,
			"height": 10,
			"ammoMultiplier":4,
			"splashDamageRadius":36,
            "splashDamage":28,
			"despawnEffect":"none",
    	    "hitEffect":{
    	    "type": "MultiEffect",
					"effects": [
{
        "type": "WaveEffect",
        "lifetime": 10,
        "sizeFrom": 1,
        "sizeTo": 36,
        "strokeFrom": 2,
        "strokeTo": 0,
//        "colorFrom": "FF7B7B",
        "color": "ffffff"
    }
                        {
							"type": "ParticleEffect",
							"particles": 4,
							"sizeFrom": 4,
							"sizeTo": 0,
							"length": 32,
							"baseLength": 2,
							"lifetime": 20,
//							"colorFrom": "B8F8FF",
							"color": "pow2In",
							"cone": 360
						},
						{
							"type": "ParticleEffect",
							"particles": 6,
							"sizeFrom": 1.5,
							"sizeTo": 0,
							"length": 56,
							"baseLength": 2,
							"lifetime": 15,
//							"colorFrom": "B8F8FF",
							"color": "pow2In",
							"cone": 360
						},
						{
		"type": "ParticleEffect",
    "particles": 4,
    "length":48,
    "baseLength": 0,
    "lifetime": 15,
    "line": true,
    "lenFrom":4,
    "lenTo":0,
    "strokeFrom": 1,
    "strokeTo": 1,
        "cone": 360
        "colorFrom":"FFE4AAFF",
        "colorTo":"FF9F69FF",
        }
						]
						}
        	"smokeEffect":"shootBigSmoke"
			"shootEffect": "shootBig" 	
			"frontColor":"EDF3A9"	
			"backColor":"EDF3A9"		
			"fragBullets":6,
			"fragBullet":{
	"speed":2,
	"lifetime":15
	"damage":9
	"width":5,"height":8,
	"drag":0.01,
	"shrinkX":0,"shrinkY":1,
	"despawnEffect":"none",
	"hitEffect":"none",
	"frontColor":"EDF3A9"	
	"backColor":"EDF3A9"	
	}		
//	"ammoMultiplier":6
	},	
	"blast-compound":{
	        "speed": 4,
			"damage": 5,
			"reloadMultiplier":1,
			"lifetime":45,
			"width": 8,
			"height": 10
			"ammoMultiplier":3,
			"splashDamageRadius":48,
            "splashDamage":28,
			"despawnEffect":"none",
    	    "hitEffect":{
    	    "type": "MultiEffect",
					"effects": [
{
        "type": "WaveEffect",
        "lifetime": 10,
        "sizeFrom": 1,
        "sizeTo": 48,
        "strokeFrom": 2,
        "strokeTo": 0,
//        "colorFrom": "FF7B7B",
        "color": "ffffff"
    }
                        {
							"type": "ParticleEffect",
							"particles": 4,
							"sizeFrom": 4,
							"sizeTo": 0,
							"length": 32,
							"baseLength": 2,
							"lifetime": 20,
//							"colorFrom": "B8F8FF",
							"color": "pow2In",
							"cone": 360
						},
						{
							"type": "ParticleEffect",
							"particles": 6,
							"sizeFrom": 1.5,
							"sizeTo": 0,
							"length": 56,
							"baseLength": 2,
							"lifetime": 15,
//							"colorFrom": "B8F8FF",
							"color": "pow2In",
							"cone": 360
						},
						{
		"type": "ParticleEffect",
    "particles": 4,
    "length":48,
    "baseLength": 0,
    "lifetime": 15,
    "line": true,
    "lenFrom":4,
    "lenTo":0,
    "strokeFrom": 1,
    "strokeTo": 1,
        "cone": 360
        "colorFrom":"FFE4AAFF",
        "colorTo":"FF9F69FF",
        }
						]
						}
        	"smokeEffect":"shootBigSmoke"
			"shootEffect": "shootBig"
			"status":"blasted",
			"backColor":"FF6B54",
            "frontColor":"FF9F67", 
//            "ammoMultiplier":5
	},
	}
	"requirements": [
		{ "item": "copper", "amount":200 },
		{ "item": "graphite", "amount":150 },
		{ "item": "silicon", "amount":80 },
		{ "item": "低级许可证", "amount":2 },
	],
	"category": "turret",
"research": {
	"parent": "hail"//科技树前置
	"objectives": [
"低级许可证"
]
	"requirements": [//研究花费
	"copper/2000",
	"graphite/1250",
	"silicon/800"
	]	},
}