{
	"type":"ItemTurret",
	"name":"散射",
    "description":"咻咻咻\nboomboomboom",
	"size":3,//物品面积
	"health":1900,//建筑血量
	"ammoPerShot":2,
	"range":320,//攻击范围
	"reload":8,//60：0.1每秒一个
	"inaccuracy":25,//误差
	                  "ammoPerShot":1,
	                  "ammoUseEffect": "casing2",
	"rotatespeed":3,//旋转速度
	"maxAmmo":30,//最大弹药
	"targetAir":true//攻击天空
	"targetGround":true,//攻击地面
		"canOverdrive": true,
	"coolantMultiplier":2.5,
	"shootSound":"missile"
	"shootCone":15,
	"heatColor":"#FF0000",
	"consumes": {
        "coolant": {
            "amount": 0.25,
            "optional": true
        }
    },
	"shoot":{
	"shots":1,
	"shotDelay":2,
	}
	"ammoTypes":{
  "silicon":{
	        "frontColor":"FFE4AA",
            "backColor":"FF9F69",
            "trailColor":"FF9F69",
	        "speed": 8,
			"damage": 16,
			"reloadMultiplier":1,
			"lifetime":37.5,
			"width": 10,
			"height": 12,
			"shootEffect": "shootBig"
			"ammoMultiplier":3
			"splashDamageRadius":16,
"splashDamage":30,
"homingRange":160,
"homingPower":0.04,
//"status":"blasted",
	"smokeEffect":"shootBigSmoke"
//"collidesGround":false,
"buildingDamageMultiplier":0.25,
			"fragBullets":3,
	"fragBullet":{
	"frontColor":"FFE4AA",
    "backColor":"FF9F69",
    "trailColor":"FF9F69",
	"speed":6,
	"lifetime":20
	"damage":10
	"width":5,"height":8,
"homingRange":40,
    "homingPower":0.025,
//	"collidesAir":false,
	"shrinkX":1,"shrinkY":1,
	"despawnEffect":"none",
	"hitEffect":"none",
//	"collidesGround":false,
"buildingDamageMultiplier":0.25,
	"trailChance": 0.2
	"trailEffect":{
      	    "type": "MultiEffect",
					"effects": [
{
"type": "ParticleEffect",
"particles": 1,
"line": false,
"length": 0,
"baseLength": 0,
"lifetime": 20,
"colorFrom": "FFE4AAFF",
"colorTo": "FFE4AA00",
"cone": 360
"sizeFrom":2,//圆形从开始大小//粒子大小？？
"sizeTo":0,//圆形至结尾大小
"offsetX":0,
},
    ]
  }
  }
  "trailChance": 0.5
	"trailEffect":{
      	    "type": "MultiEffect",
					"effects": [
{
"type": "ParticleEffect",
"particles": 1,
"line": false,
"length": 0,
"baseLength": 0,
"lifetime": 20,
"colorFrom": "FFE4AAFF",
"colorTo": "FFE4AA00",
"cone": 360
"sizeFrom":4,//圆形从开始大小//粒子大小？？
"sizeTo":0,//圆形至结尾大小
"offsetX":0,
},
    ]
  }
  }
  "plastanium":{
	        "frontColor":"EDF3A9FF",
            "backColor":"FFFFFFFF",
            "trailColor":"EDF3A9FF",
	        "speed": 8,
			"damage": 10,
			"reloadMultiplier":1.2,
			"lifetime":37.5,
			"width": 10,
			"height": 12,
			"shootEffect": "shootBig"
			"ammoMultiplier":4
			"splashDamageRadius":16,
"splashDamage":20,
"homingRange":160,
"homingPower":0.04,
//"status":"blasted",
	"smokeEffect":"shootBigSmoke"
//"collidesGround":false,
"buildingDamageMultiplier":0.25,
			"fragBullets":7,
	"fragBullet":{
	"frontColor":"EDF3A9FF",
    "backColor":"FFFFFFFF",
    "trailColor":"EDF3A9FF",
	"speed":6,
	"lifetime":20
	"damage":16
	"width":5,"height":8,
	"homingRange":32,
    "homingPower":0.015,
//	"collidesAir":false,
	"shrinkX":1,"shrinkY":1,
	"despawnEffect":"none",
	"hitEffect":"none",
//	"collidesGround":false,
"buildingDamageMultiplier":0.25,
	"trailChance": 0.2
	"trailEffect":{
      	    "type": "MultiEffect",
					"effects": [
{
"type": "ParticleEffect",
"particles": 1,
"line": false,
"length": 0,
"baseLength": 0,
"lifetime": 20,
"colorFrom": "EDF3A9FF",
"colorTo": "EDF3A900",
"cone": 360
"sizeFrom":2,//圆形从开始大小//粒子大小？？
"sizeTo":0,//圆形至结尾大小
"offsetX":0,
},
    ]
  }
  }
  "trailChance": 0.5
	"trailEffect":{
      	    "type": "MultiEffect",
					"effects": [
{
"type": "ParticleEffect",
"particles": 1,
"line": false,
"length": 0,
"baseLength": 0,
"lifetime": 20,
"colorFrom": "EDF3A9FF",
"colorTo": "EDF3A900",
"cone": 360
"sizeFrom":4,//圆形从开始大小//粒子大小？？
"sizeTo":0,//圆形至结尾大小
"offsetX":0,
},
    ]
  }
  }
  "pyratite":{
"frontColor":"FFE4AA",
"backColor":"FF9F69",
"trailColor":"FF9F69",
	        "speed": 8,
			"damage": 16,
			"reloadMultiplier":0.8,
			"lifetime":37.5,
			"width": 14,
			"height": 18,
			"shootEffect": "shootBig"
			"ammoMultiplier":4
			"splashDamageRadius":20,
"splashDamage":35,
"homingRange":160,
"homingPower":0.025,
//"status":"blasted",
"status":"burning",
"statusDuration":480,
	"smokeEffect":"shootBigSmoke"
//"collidesGround":false,
"buildingDamageMultiplier":0.25,
			"fragBullets":3,
	"fragBullet":{
	"frontColor":"EDF3A9FF",
    "backColor":"FFFFFFFF",
    "trailColor":"EDF3A9FF",
	"speed":6,
	"lifetime":20
	"damage":10
	"splashDamageRadius":6,
"splashDamage":8,
	"width":8,"height":12,
	"homingRange":24,
    "homingPower":0.01,
//	"collidesAir":false,
	"shrinkX":1,"shrinkY":1,
	"despawnEffect":"none",
	"hitEffect":"none",
//	"collidesGround":false,
"status":"burning",
"statusDuration":480,
"buildingDamageMultiplier":0.25,
	"trailChance": 0.2
	"trailEffect":{
      	    "type": "MultiEffect",
					"effects": [
{
"type": "ParticleEffect",
"particles": 1,
"line": false,
"length": 0,
"baseLength": 0,
"lifetime": 20,
"colorFrom": "FFE4AAFF",
"colorTo": "FFE4AA00",
"cone": 360
"sizeFrom":2,//圆形从开始大小//粒子大小？？
"sizeTo":0,//圆形至结尾大小
"offsetX":0,
},
    ]
  }
  }
  "trailChance": 0.5
	"trailEffect":{
      	    "type": "MultiEffect",
					"effects": [
{
"type": "ParticleEffect",
"particles": 1,
"line": false,
"length": 0,
"baseLength": 0,
"lifetime": 20,
"colorFrom": "FFE4AAFF",
"colorTo": "FFE4AA00",
"cone": 360
"sizeFrom":4,//圆形从开始大小//粒子大小？？
"sizeTo":0,//圆形至结尾大小
"offsetX":0,
},
    ]
  }
  }
	},
"requirements": [
		{ "item": "copper", "amount":250 },
		{ "item": "titanium", "amount":100 },
		{ "item": "graphite", "amount":200 },
		{ "item": "碳钢", "amount":250 },
		{ "item": "低级许可证", "amount":2 },
	],
	"category": "turret",
	"research": {
	"parent": "scatter"//科技树前置
	"objectives": [
"低级许可证"
]
	"requirements": [//研究花费
	"copper/2500",
	"titanium/1000",
	"graphite/2000",
	"碳钢/2000"
	]	},
	"drawer":{
	"type":"DrawMulti",
"drawers":[
{"type":"DrawTurret",
"parts":[
    {
				"type": "ShapePart",
				"x": 0
				"y": 10
				"circle": true,
				"hollow": true,
				"radius": 0,
				"stroke": 0,
				"strokeTo": 4,
				"colorFrom": "FFCAABFF",
				"colorTo": "FF9F69FF",
				"layer": 110
			},
			{
				"type": "HaloPart",
				"tri": true,
				"y": 10
				"shapes": 4,
				"radius": 6,
				"triLength": 0,
				"triLengthTo": 1.5,
				"haloRadius": 2,
				"haloRotation": 0,
				"haloRotateSpeed": -0.5,
				"colorFrom": "FFCAABFF",
				"colorTo": "FF9F69FF",
				"layer": 110
			}
			]}]}
}