{
	"type":"ItemTurret",
	"name":"喷发",
    "description":"这是这个时期可以造出来的东西吗",
    "details":"rua---boom----",
	"size":4,//物品面积
	"health":3500,//建筑血量
	"ammoPerShot":4,
	"range":180,//攻击范围
	"reload":60,//60：0.1每秒一个
	"shootSound":"shotgun",
	"inaccuracy":40,//误差
	"recoil": 7.5,
	"shake": 7.5
	                  "ammoUseEffect": "casing2",
	"rotatespeed":2,//旋转速度
	"maxAmmo":30,//最大弹药
	"targetAir":true//攻击天空
	"targetGround":true,//攻击地面
		"canOverdrive": true,
	"coolantMultiplier":2.5,
	"heatColor":"#FF0000",
	"shootCone":10,
	"consumes": {
        "coolant": {
            "amount": 0.5,
            "optional": true
        }
    },
	"shoot":{
	"shots":10,
	"shotDelay":0,
/*	"type": "ShootBarrel",
        "barrels": [
        0,0,0,
        -3,0,0,
        3,0,0,
        ]*/
	}
	"ammoTypes":{
"metaglass":{
"damage":50,
"splashDamageRadius":32,
"splashDamage":60,
"speed":8,
"lifetime":20,
"frontColor":"FFFFFFFF",
"backColor":"FFFFFFFF",
"trailColor":"FFFFFFFF",
"trailLength": 4,
"trailWidth": 2,
"width":8,
"height":12,
"hitShake": 3,
"homingRange":80,
"homingPower":0.075
"ammoMultiplier":4
"reloadMultiplier":0.75,
"fragBullets":1,
			"fragRandomSpread":25,//随机分裂角度
			"fragSpread":0,//分裂角度
			"fragAngle":0,//分裂起始角度
			"fragVelocityMin":0.85,//最小分裂弹速度
	    "fragVelocityMax":1.15,//最大分裂弹速
	    "fragBullet":{
	    "damage":20,
"splashDamageRadius":12,
"splashDamage":15,
"speed":6,
"lifetime":7.5,
"frontColor":"FFFFFFFF",
"backColor":"FFFFFFFF",
"trailColor":"FFFFFFFF",
"trailLength": 2,
"trailWidth": 1,
"width":4,
"height":6,
"hitShake": 1,
//"homingRange":80,
//"homingPower":0.075
//"ammoMultiplier":4
//"reloadMultiplier":0.75,
"hitEffect":{
    	    "type": "MultiEffect",
					"effects": [
				        {
							"type": "ParticleEffect",
							"particles": 1
							"sizeFrom": 8,
							"sizeTo": 0,
							"length": 0,
							"baseLength": 0,
							"lifetime": 30,
							"colorFrom": "FFFFFFFF",
							"colorTo": "FFFFFFFF",
							"cone": 360
						},
						{
							"type": "ParticleEffect",
							"particles": 2,
							"sizeFrom": 3,
							"sizeTo": 0,
							"length": 24,
							"baseLength": 0,
							"lifetime": 20,
							"colorFrom": "FFFFFFFF",
							"colorTo": "FFFFFFFF",
							"cone": 360
						},
						]
						}
	    }
"hitEffect":{
    	    "type": "MultiEffect",
					"effects": [
				        {
							"type": "ParticleEffect",
							"particles": 1
							"sizeFrom": 16,
							"sizeTo": 0,
							"length": 0,
							"baseLength": 0,
							"lifetime": 30,
							"colorFrom": "FFFFFFFF",
							"colorTo": "FFFFFFFF",
							"cone": 360
						},
						{
							"type": "ParticleEffect",
							"particles": 3,
							"sizeFrom": 5,
							"sizeTo": 0,
							"length": 40,
							"baseLength": 0,
							"lifetime": 30,
							"colorFrom": "FFFFFFFF",
							"colorTo": "FFFFFFFF",
							"cone": 360
						},
						{
		"type": "ParticleEffect",
    "particles": 3,
    "length":-20,
    "baseLength": 20,
    "lifetime": 30,
    "line": true,
    "lenFrom":32,
    "lenTo":0,
    "strokeFrom": 4,
    "strokeTo": 1,
        "cone": 360
        "colorFrom":"FFFFFFFF",
        "colorTo":"FFFFFFFF",
        }
						]
						}
}
"graphite":{
"damage":40,
"splashDamageRadius":32,
"splashDamage":70,
"speed":8,
"lifetime":20,
"frontColor":"9BCFFFFF",
"backColor":"FFFFFFFF",
"trailColor":"9BCFFFFF",
"trailLength": 4,
"trailWidth": 2,
"width":8,
"height":12,
"hitShake": 3,
"homingRange":80,
"homingPower":0.075
"ammoMultiplier":4
"reloadMultiplier":0.8
"hitEffect":{
    	    "type": "MultiEffect",
					"effects": [
				        {
							"type": "ParticleEffect",
							"particles": 1
							"sizeFrom": 16,
							"sizeTo": 0,
							"length": 0,
							"baseLength": 0,
							"lifetime": 20,
							"colorFrom": "9BCFFFFF",
							"colorTo": "9BCFFFFF",
							"cone": 360
						},
						{
							"type": "ParticleEffect",
							"particles": 3,
							"sizeFrom": 5,
							"sizeTo": 0,
							"length": 40,
							"baseLength": 0,
							"lifetime": 30,
							"colorFrom": "9BCFFFFF",
							"colorTo": "9BCFFFFF",
							"cone": 360
						},
						{
		"type": "ParticleEffect",
    "particles": 3,
    "length":-20,
    "baseLength": 20,
    "lifetime": 30,
    "line": true,
    "lenFrom":32,
    "lenTo":0,
    "strokeFrom": 4,
    "strokeTo": 1,
        "cone": 360
        "colorFrom":"9BCFFFFF",
        "colorTo":"9BCFFFFF",
        }
						]
						}
}
"blast-compound":{
"damage":20,
"splashDamageRadius":48,
"splashDamage":90,
"speed":8,
"lifetime":20,
"frontColor":"FF9F67FF", 
"backColor":"FF6B54FF",
"trailColor":"FF9F67FF", 
"trailLength": 4,
"trailWidth": 2,
"width":8,
"height":12,
"hitShake": 3,
"homingRange":80,
"homingPower":0.075
"ammoMultiplier":4
"reloadMultiplier":0.8
"hitEffect":{
    	    "type": "MultiEffect",
					"effects": [
				        {
							"type": "ParticleEffect",
							"particles": 1
							"sizeFrom": 24,
							"sizeTo": 0,
							"length": 0,
							"baseLength": 0,
							"lifetime": 20,
							"colorFrom": "FF9F67FF",
							"colorTo": "FF6B54FF",
							"cone": 360
						},
						{
							"type": "ParticleEffect",
							"particles": 3,
							"sizeFrom": 5,
							"sizeTo": 0,
							"length": 56,
							"baseLength": 0,
							"lifetime": 30,
							"colorFrom": "FF9F67FF",
							"colorTo": "FF6B54FF",
							"cone": 360
						},
						{
		"type": "ParticleEffect",
    "particles": 3,
    "length":-28,
    "baseLength": 28,
    "lifetime": 30,
    "line": true,
    "lenFrom":40,
    "lenTo":0,
    "strokeFrom": 6,
    "strokeTo": 1,
        "cone": 360
        "colorFrom":"FF9F67FF",
        "colorTo":"FF6B54FF",
        }
						]
						}
}
"plastanium":{
"damage":40,
"splashDamageRadius":40,
"splashDamage":60,
"speed":8,
"lifetime":20,
"frontColor":"EDF3A9FF",
"backColor":"FFFFFFFF",
"trailColor":"EDF3A9FF",
"trailLength": 4,
"trailWidth": 2,
"width":8,
"height":12,
"hitShake": 3,
"homingRange":80,
"homingPower":0.075
"ammoMultiplier":4
"reloadMultiplier":1
"fragBullets":1,
			"fragRandomSpread":25,//随机分裂角度
			"fragSpread":0,//分裂角度
			"fragAngle":0,//分裂起始角度
			"fragVelocityMin":0.85,//最小分裂弹速度
	    "fragVelocityMax":1.15,//最大分裂弹速
	    "fragBullet":{
	    "damage":15,
"splashDamageRadius":16,
"splashDamage":20,
"speed":6,
"lifetime":7.5,
"frontColor":"EDF3A9FF",
"backColor":"FFFFFFFF",
"trailColor":"EDF3A9FF",
"trailLength": 2,
"trailWidth": 1,
"width":4,
"height":6,
"hitShake": 1,
//"homingRange":80,
//"homingPower":0.075
//"ammoMultiplier":4
//"reloadMultiplier":0.75,
"hitEffect":{
    	    "type": "MultiEffect",
					"effects": [
				        {
							"type": "ParticleEffect",
							"particles": 1
							"sizeFrom": 10,
							"sizeTo": 0,
							"length": 0,
							"baseLength": 0,
							"lifetime": 30,
							"colorFrom": "EDF3A9FF",
							"colorTo": "EDF3A9FF",
							"cone": 360
						},
						{
							"type": "ParticleEffect",
							"particles": 2,
							"sizeFrom": 3,
							"sizeTo": 0,
							"length": 28,
							"baseLength": 0,
							"lifetime": 20,
							"colorFrom": "EDF3A9FF",
							"colorTo": "EDF3A9FF",
							"cone": 360
						},
						]
						}
	    }
"hitEffect":{
    	    "type": "MultiEffect",
					"effects": [
				        {
							"type": "ParticleEffect",
							"particles": 1
							"sizeFrom": 20,
							"sizeTo": 0,
							"length": 0,
							"baseLength": 0,
							"lifetime": 20,
							"colorFrom": "EDF3A9FF",
							"colorTo": "EDF3A9FF",
							"cone": 360
						},
						{
							"type": "ParticleEffect",
							"particles": 3,
							"sizeFrom": 5,
							"sizeTo": 0,
							"length": 48,
							"baseLength": 0,
							"lifetime": 30,
							"colorFrom": "EDF3A9FF",
							"colorTo": "EDF3A9FF",
							"cone": 360
						},
						{
		"type": "ParticleEffect",
    "particles": 3,
    "length":-24,
    "baseLength": 24,
    "lifetime": 30,
    "line": true,
    "lenFrom":32,
    "lenTo":0,
    "strokeFrom": 4,
    "strokeTo": 1,
        "cone": 360
        "colorFrom":"EDF3A9FF",
        "colorTo":"EDF3A9FF",
        }
						]
						}
}
"碳钢":{
"damage":35,
"splashDamageRadius":32,
"splashDamage":55,
"status":"shocked",
"speed":8,
"lifetime":20,
"frontColor":"77BDFFFF",
"backColor":"FFFFFFFF",
"trailColor":"77BDFFFF",
"trailLength": 4,
"trailWidth": 2,
"width":8,
"height":12,
"hitShake": 3,
"homingRange":80,
"homingPower":0.075
"ammoMultiplier":3
"reloadMultiplier":0.75
"fragBullets":1,
			"fragRandomSpread":25,//随机分裂角度
			"fragSpread":0,//分裂角度
			"fragAngle":0,//分裂起始角度
			"fragVelocityMin":0.85,//最小分裂弹速度
	    "fragVelocityMax":1.15,//最大分裂弹速
	    "fragBullet":{
	    "damage":10,
"splashDamageRadius":12,
"splashDamage":15,
"speed":6,
"lifetime":7.5,
"frontColor":"77BDFFFF",
"backColor":"FFFFFFFF",
"trailColor":"77BDFFFF",
"trailLength": 2,
"trailWidth": 1,
"width":4,
"height":6,
"hitShake": 1,
//"homingRange":80,
//"homingPower":0.075
//"ammoMultiplier":4
//"reloadMultiplier":0.75,
"hitEffect":{
    	    "type": "MultiEffect",
					"effects": [
				        {
							"type": "ParticleEffect",
							"particles": 1
							"sizeFrom": 8,
							"sizeTo": 0,
							"length": 0,
							"baseLength": 0,
							"lifetime": 20,
							"colorFrom": "77BDFFFF",
							"colorTo": "77BDFFFF",
							"cone": 360
						},
						{
							"type": "ParticleEffect",
							"particles": 2,
							"sizeFrom": 3,
							"sizeTo": 0,
							"length": 24,
							"baseLength": 0,
							"lifetime": 20,
							"colorFrom": "77BDFFFF",
							"colorTo": "77BDFFFF",
							"cone": 360
						},
						]
						}
	    }
"hitEffect":{
    	    "type": "MultiEffect",
					"effects": [
				        {
							"type": "ParticleEffect",
							"particles": 1
							"sizeFrom": 16,
							"sizeTo": 0,
							"length": 0,
							"baseLength": 0,
							"lifetime": 30,
							"colorFrom": "77BDFFFF",
							"colorTo": "77BDFFFF",
							"cone": 360
						},
						{
							"type": "ParticleEffect",
							"particles": 3,
							"sizeFrom": 5,
							"sizeTo": 0,
							"length": 40,
							"baseLength": 0,
							"lifetime": 30,
							"colorFrom": "77BDFFFF",
							"colorTo": "77BDFFFF",
							"cone": 360
						},
						{
		"type": "ParticleEffect",
    "particles": 3,
    "length":-20,
    "baseLength": 20,
    "lifetime": 30,
    "line": true,
    "lenFrom":32,
    "lenTo":0,
    "strokeFrom": 4,
    "strokeTo": 1,
        "cone": 360
        "colorFrom":"77BDFFFF",
        "colorTo":"77BDFFFF",
        }
						]
						}
}
	}
	"requirements": [
		{ "item": "copper", "amount":250 },
		{ "item": "graphite", "amount":125 },
		{ "item": "silicon", "amount":160 },
		{ "item": "titanium", "amount":120 },
		{ "item": "低级许可证", "amount":8 },
	],
	"category": "turret",
"research": {
	"parent": "a018气碴"//科技树前置
	"objectives": [
"低级许可证"
]
	"requirements": [//研究花费
	"copper/2000",
	"graphite/1250",
	"silicon/1600",
	"titanium/1200"
	]	},
}