{
    "type": "PowerTurret",
    "name": "雷爆",
    "description": "你看不到子弹轨迹，✓8",
    "targetAir": true,
    "targetGround": true,
    "health": 3000,
    "size": 4,
    "heatColor": "FF7B7B",
    "shake": 20,
    "inaccuracy": 0,
    "recoil":0 ,
    "shootSound":"mus_sfx_eyeflash"
        "reload": 180
    "rotateSpeed": 0.75,
    "range": 280,
    "shootCone":360,
    "category": "turret",
    "research": {
	"parent": "a019散射"//科技树前置
	"objectives": [
"低级许可证"
]
	"requirements": [//研究花费
	"plastanium/5000",
	"surge-alloy/7500",
	"graphite/10000",
	"silicon/5000"
	"锘/4000",
	]	},
    "restitution": 1,
    "shoot":{
    "shots":1,
    "shotDelay":0,
    "firstShotDelay":0
    }
    "shootType": {
"type" : "pointBulletType",
"damage": 0,
"speed": 300,
"height": 0,
"width": 0,
"trailEffect": "none",
"despawnEffect": "none",
"smokeEffect": "none",
"hitEffect": "none",
"buildingDamageMultiplier":0.1,
"status": "shocked",
"statusDuration": 300,
"fragBullets": 8,
"fragVelocityMin":0.5,//最小分裂弹速度
"fragVelocityMax":1.25,//最大分裂弹速
"fragLifeMin":0.5,
"fragBullet":{
//"type" : "pointBulletType",
"drag":0.1,
"lifetime":60,
"damage": 0,
"speed": 15,
"height": 0,
"width": 0,
"homingRange":240,
"homingPower":10,
"homingDelay":30,
"trailEffect": "none",
"despawnEffect": "none",
"smokeEffect": "none",
"hitEffect": "none",
"collidesTeam":false,
"collidesAir":false,
"collidesGround":false,
"collideFloor":false,
"collides":false,
"collideTerrain":false,
"absorbable":false,//受力墙影响
"hittable":false,//被分解
"reflectable":false,//被反弹
"fragBullets": 1,
"fragBullet":{
"lifetime":15,
"damage": 0,
"speed": 25,
"height": 0,
"width": 0,
"splashDamageRadius":80,
"splashDamage":400,
"lightningDamage": 50,
"lightning": 8,
"lightningLength": 40,
}
"despawnEffect":{
"type":"multiEffect",
"effects":[
{
"type":"ParticleEffect",
"lifetime": 30,"offsetX":0,
"colorFrom":"FCF387FF",//开始时颜色
"colorTo":"FCF387FF",//结束时颜色
"particles":1,//粒子数量
"randLength":true,//兰德长度？
"cone":0,//粒子扩散角度
"length":0,//粒子移动长度
"baseLength":0,//粒子在一定长度内出现
"useRotation":true,//使用旋转
"line":false,//形状为方形
"sizeFrom":0,//圆形从开始大小//粒子大小？？
"sizeTo":80,//圆形至结尾大小
"interp": "swingIn",
}
{
"type":"ParticleEffect",
"lifetime": 30,"offsetX":0,
"colorFrom":"FCF387FF",//开始时颜色
"colorTo":"FCF387FF",//结束时颜色
"particles":1,//粒子数量
"randLength":true,//兰德长度？
"cone":0,//粒子扩散角度
"length":0,//粒子移动长度
"baseLength":0,//粒子在一定长度内出现
"useRotation":true,//使用旋转
"line":false,//形状为方形
"sizeFrom":79,//圆形从开始大小//粒子大小？？
"sizeTo":0,//圆形至结尾大小
"startDelay":29,
"interp": "swingIn",
}
{
"type":"ParticleEffect",
"lifetime": 50,"offsetX":0,
"colorFrom":"FCF387FF",//开始时颜色
"colorTo":"FCF38700",//结束时颜色
"particles":1,//粒子数量
"randLength":true,//兰德长度？
"cone":0,//粒子扩散角度
"length":0,//粒子移动长度
"baseLength":0,//粒子在一定长度内出现
"useRotation":true,//使用旋转
"line":false,//形状为方形
"sizeFrom":32,//圆形从开始大小//粒子大小？？
"sizeTo":0,//圆形至结尾大小
"startDelay":30,
}
{
"type":"ParticleEffect",
"lifetime": 60,"offsetX":0,
"colorFrom":"FCF387FF",//开始时颜色
"colorTo":"FCF38700",//结束时颜色
"particles":12,//粒子数量
"randLength":true,//兰德长度？
"cone":360,//粒子扩散角度
"length":0,//粒子移动长度
"baseLength":120,//粒子在一定长度内出现
"useRotation":true,//使用旋转
"line":false,//形状为方形
"sizeFrom":12,//圆形从开始大小//粒子大小？？
"sizeTo":0,//圆形至结尾大小
"interp": "swingIn",
}
]
}
}
    },
    "coolantMultiplier":1,
    "consumes": {
        "power": 50,
        "coolant": {
            "amount": 1,
            "optional": true
        }
    },
"requirements": [
		{ "item": "thorium", "amount":114514 },
		{ "item": "graphite", "amount":300 },
		{ "item": "silicon", "amount":200 },
		{ "item": "锘", "amount":200 },
		{ "item": "低级许可证", "amount":15 },
	],
	"category": "turret",
}