{
	"type":"PowerTurret",
	"name":"热散",
    "description":"破盾小能手\n爆杀t3以下",
	"size":4,//物品面积
	"health":2600,//建筑血量
	"range":360,//攻击范围
	"reload":30,//60：0.1每秒一个
	"inaccuracy":25,//误差
	                  "ammoPerShot":1,
	                  "ammoUseEffect": "casing2",
	"rotatespeed":2,//旋转速度
	"targetAir":true//攻击天空
	"targetGround":true,//攻击地面
		"canOverdrive": true,
	"coolantMultiplier":2,
	"shootSound":"shootBig"
	"shootCone":15,
	"heatColor":"#FF0000",
	"consumes": {
	"power":15,
        "coolant": {
            "amount": 0.5,
            "optional": true
        }
    },
	"shoot":{
	"shots":2,
	"shotDelay":5,
	}
	"shootType":{
	        "frontColor":"FFE4AA",
            "backColor":"FF9F69",
            "trailColor":"FF9F69",
	        "speed": 10,
			"damage": 20,
			"reloadMultiplier":1,
			"lifetime":40,
			"width": 20,
			"height": 25,
			"shootEffect": "shootBig"
			"splashDamageRadius":40,
"splashDamage":30,
"homingRange":120,
"homingPower":0.025,
"status":"blasted",
	"smokeEffect":"shootBigSmoke"
//"collidesGround":false,
"buildingDamageMultiplier":0.125,
			"fragBullets":8,
	"fragBullet":{
	"frontColor":"FFE4AA",
    "backColor":"FF9F69",
    "trailColor":"FF9F69",
	"speed":6,
	"lifetime":40
	"damage":18
	"width":10,"height":15,
	"homingRange":32,
"homingPower":0.01,
//	"collidesAir":false,
	"shrinkX":1,"shrinkY":1,
	"despawnEffect":"none",
	"hitEffect":"none",
//	"collidesGround":false,
"buildingDamageMultiplier":0.125,
	"trailChance": 0.2
	"trailEffect":{
      	    "type": "MultiEffect",
					"effects": [
{
"type": "ParticleEffect",
"particles": 1,
"line": false,
"length": 0,
"baseLength": 4,
"lifetime": 10,
"colorFrom": "FFE4AAFF",
"colorTo": "FFE4AA00",
"cone": 360
"sizeFrom":2,//圆形从开始大小//粒子大小？？
"sizeTo":0,//圆形至结尾大小
"offsetX":0,
},
    ]
  }
  }
  "trailChance": 0.5
	"trailEffect":{
      	    "type": "MultiEffect",
					"effects": [
{
"type": "ParticleEffect",
"particles": 1,
"line": false,
"length": 0,
"baseLength": 8,
"lifetime": 20,
"colorFrom": "FFE4AAFF",
"colorTo": "FFE4AA00",
"cone": 360
"sizeFrom":6,//圆形从开始大小//粒子大小？？
"sizeTo":0,//圆形至结尾大小
"offsetX":0,
},
]
  }
  }
"requirements": [
		{ "item": "plastanium", "amount":150 },
		{ "item": "titanium", "amount":150 },
		{ "item": "graphite", "amount":300 },
		{ "item": "碳钢", "amount":300 },
		{ "item": "低级许可证", "amount":5 },
	],
	"category": "turret",
	"research": {
	"parent": "a19散射"//科技树前置
	"objectives": [
"低级许可证"
]
	"requirements": [//研究花费
	"plastanium/4500",
	"titanium/4500",
	"graphite/9000",
	"碳钢/9000"
	]	},
	"drawer":{
	"type":"DrawMulti",
"drawers":[
{"type":"DrawTurret",
"parts":[
    {
				"type": "ShapePart",
				"x": 0
				"y": 10
				"circle": true,
				"hollow": true,
				"radius": 0,
				"stroke": 0,
				"strokeTo": 8,
				"colorFrom": "FFCAABFF",
				"colorTo": "FF9F69FF",
				"layer": 110
			},
			{
				"type": "HaloPart",
				"tri": true,
				"y": 10
				"shapes": 2,
				"radius": 12,
				"triLength": 0,
				"triLengthTo": 3,
				"haloRadius": 4,
				"haloRotation": 0,
				"haloRotateSpeed": -0.4,
				"colorFrom": "FFCAABFF",
				"colorTo": "FF9F69FF",
				"layer": 110
			}
			{
				"type": "HaloPart",
				"tri": true,
				"y": 10
				"shapes": 2,
				"radius": 12,
				"triLength": 0,
				"triLengthTo": 3,
				"haloRadius": 4,
				"haloRotation": 0,
				"haloRotateSpeed": 0.4,
				"colorFrom": "FFCAABFF",
				"colorTo": "FF9F69FF",
				"layer": 110
			}
			]}]}
}