{
    "type": "PowerTurret",
    "name": "审判",
    "description": "*今天是多么美好的一天啊\n鸟儿在绽放，鲜花在歌唱\n在这样的一天里，像你这样的孩子......\n[red]应  当  在  地  狱  里  焚  烧。。",
    "targetAir": true,
    "targetGround": true,
    "health": 8500,
    "size": 6,
    "heatColor": "FF7B7B",
    "shake": 10,
    "inaccuracy": 0,
    "recoil":0 ,
    "shootSound":"none"
    "ammoUseEffect":"none"
    "smokeEffect":"none"
    "reload": 90
    "rotateSpeed": 1000,
    "range": 320,
    "shootCone":360,
    "category": "turret",
    "research": {
	"parent": "a026双星"//科技树前置
	"objectives": [
"低级许可证"
]
	"requirements": [//研究花费
	"plastanium/5000",
	"surge-alloy/7500",
	"graphite/10000",
	"silicon/5000"
	"锘/4000",
	]	},
    "restitution": 1,
    "shoot":{
    "shots":1,
    "shotDelay":0,
    "firstShotDelay":0
    }
    "shootType": {
"type" : "pointBulletType",
"damage": 0,
"speed": 300,
"height": 0.1,
"width": 0.1,
"trailEffect": "none",
"despawnEffect": "none",
"smokeEffect": "none",
"hitEffect": "none",
"splashDamageRadius":120,
"splashDamage":200,
"buildingDamageMultiplier":0.1,
"hitSound":"mus_sfx_eyeflash"
"status": "审判",
"statusDuration": 600,
"fragBullets": 20,
"fragVelocityMin":0.5,//最小分裂弹速度
"fragVelocityMax":1.25,//最大分裂弹速
"fragLifeMin":0.5,
"fragBullet":{
//"type" : "pointBulletType",
"splashDamageRadius":1,
"splashDamage":0,
"hitShake":4.5,
"drag":0.1,
"lifetime":60,
"damage": 0,
"speed": 20,
"height": 0.1,
"width": 0.1,
"homingRange":240,
"homingPower":10,
"homingDelay":30,
"hitShake":4,
"trailEffect": "none",
"despawnEffect": "none",
"smokeEffect": "none",
"hitEffect": "none",
"collidesTeam":false,
"collidesAir":false,
"collidesGround":false,
"collideFloor":false,
"collides":false,
"collideTerrain":false,
"absorbable":false,//受力墙影响
"hittable":false,//被分解
"reflectable":false,//被反弹
"hitSound":"准备",
"status": "审判",
"statusDuration": 600,
"fragRandomSpread":0,//随机分裂角度
"fragSpread":0,//分裂角度
"fragAngle":180,//分裂起始角度
"fragBullets": 1,
"fragBullet":{
"type":"LaserBulletType",
"damage":60,
"sideAngle":0,
"sideWidth":0,
"sideLength":0
"length":240,
"pierce":true
//"collidesAir":false,
//"collidesGround":true,
"buildingDamageMultiplier":0.1,
"status": "审判",
"statusDuration": 600,
//"recoil": 1.2,
"colors":["FFDCD8FF","FFDCD8FF","FFFFFFFF"],//颜色
}
}
"despawnEffect":{
"type":"multiEffect",
"effects":[
{
"type":"ParticleEffect",
"lifetime": 30,"offsetX":0,
"colorFrom":"FFDCD8FF",//开始时颜色
"colorTo":"FFDCD8FF",//结束时颜色
"particles":1,//粒子数量
"randLength":true,//兰德长度？
"cone":0,//粒子扩散角度
"length":0,//粒子移动长度
"baseLength":0,//粒子在一定长度内出现
"useRotation":true,//使用旋转
"line":false,//形状为方形
"sizeFrom":0,//圆形从开始大小//粒子大小？？
"sizeTo":16,//圆形至结尾大小
"interp": "swingIn",
}
{
"type":"ParticleEffect",
"lifetime": 30,"offsetX":0,
"colorFrom":"FFDCD8FF",//开始时颜色
"colorTo":"FFDCD8FF",//结束时颜色
"particles":1,//粒子数量
"randLength":true,//兰德长度？
"cone":0,//粒子扩散角度
"length":0,//粒子移动长度
"baseLength":0,//粒子在一定长度内出现
"useRotation":true,//使用旋转
"line":false,//形状为方形
"sizeFrom":16,//圆形从开始大小//粒子大小？？
"sizeTo":0,//圆形至结尾大小
"startDelay":29,
"interp": "swingIn",
}
{
"type":"ParticleEffect",
"lifetime": 10,"offsetX":0,
"colorFrom":"FFDCD8FF",//开始时颜色
"colorTo":"FFDCD800",//结束时颜色
"particles":1,//粒子数量
"randLength":true,//兰德长度？
"cone":0,//粒子扩散角度
"length":0,//粒子移动长度
"baseLength":0,//粒子在一定长度内出现
"useRotation":true,//使用旋转
"line":false,//形状为方形
"sizeFrom":16,//圆形从开始大小//粒子大小？？
"sizeTo":0,//圆形至结尾大小
"startDelay":30,
}
{
"type":"ParticleEffect",
"lifetime": 60,"offsetX":0,
"colorFrom":"FFDCD8FF",//开始时颜色
"colorTo":"FFDCD800",//结束时颜色
"particles":12,//粒子数量
"randLength":true,//兰德长度？
"cone":360,//粒子扩散角度
"length":0,//粒子移动长度
"baseLength":120,//粒子在一定长度内出现
"useRotation":true,//使用旋转
"line":false,//形状为方形
"sizeFrom":3,//圆形从开始大小//粒子大小？？
"sizeTo":0,//圆形至结尾大小
"interp": "swingIn",
}
]
}
    },
    "coolantMultiplier":2,
    "consumes": {
        "power": 60,
        "coolant": {
            "amount": 0.5,
            "optional": true
        }
    },
"requirements": [
		{ "item": "plastanium", "amount":500 },
		{ "item": "surge-alloy", "amount":750 },
		{ "item": "graphite", "amount":1000 },
//		{ "item": "归零合金", "amount":750 },
		{ "item": "silicon", "amount":500 },
		{ "item": "锘", "amount":400 },
		{ "item": "低级许可证", "amount":25 },
	],
	"category": "turret",
}