{
    "type": "ItemTurret",
    "name": "黑洞",
    "description": "适合控制单位",
    "targetAir": true,
    "targetGround": true,
    "moveWhileCharging": false,
    "health": 6888,
    "size": 5,
    "heatColor": "600000",
    "shake": 15
    "inaccuracy": 0,
    "recoil":8 ,
    "shootSound":"swordappea"
        "reload": 2100,
        "maxAmmo":100,//最大弹药
    "rotateSpeed": 1,
    "range": 480,
    "ammoPerShot": 50
    "category": "turret",
    "restitution": 0.1,
    "shoot":{
    "shots":1,
    "shotDelay":0,
    "firstShotDelay":90
    }
    "ammoTypes": {
    "归零合金":{
//    "shootY":-8,
"type":"ArtilleryBulletType",
"frontColor":"600000",
"backColor":"000000",
"trailColor":"600000",
		    "reloadMultiplier":1,
			"speed": 3,
			"knockback":0,
			"lifetime":120,
			"width": 40,
			"height": 46,
			"ammoMultiplier":1,
			"splashDamageRadius":100,
"splashDamage":800,
"damage":15000
"buildingDamageMultiplier":0.1,
"hitShake":20,
"collidesAir":true,
"bulletInterval":10,//分裂间隔
                "intervalRandomSpread":360,//随机角度
                "intervalBullets":6,//分裂子弹数
                "intervalAngle":0,//分裂起始角度
                "intervalSpread":0,//分裂角度（建立在起始角度基础之上，所有分裂子弹的角度总和）
                "fragVelocityMin":1,
                "fragVelocityMax":1,
        "intervalBullet":{//分裂出的子弹
        "buildingDamageMultiplier":0.1,
        "type":"LaserBulletType",//基础子弹
"damage":150,
"sideAngle":20,
"sideWidth":10,
"sideLength":10,
"length":80,
"pierceCap":114514
//"collidesAir":false,
//"collidesGround":true,
//"buildingDamageMultiplier":0.25,
//"recoil": 1.2,
"colors":["FF7040FF","FFCD98FF","FFFFFFFF"],//颜色
        }
        
        
"despawnEffect":"instBomb",
"chargeEffect":{/*开火特效*/
"type":"multiEffect",
"effects":[
{
"type":"ParticleEffect",
"lifetime": 90,"offsetX":0,
"colorFrom":"600000",//开始时颜色
"colorTo":"600000",//结束时颜色
"particles":10,//粒子数量
"randLength":true,//兰德长度？
"cone":360,//粒子扩散角度
"length":-20,//粒子移动长度
"baseLength":40,//粒子在一定长度内出现
"useRotation":true,//使用旋转
"line":false,//形状为方形
"sizeFrom":1.25,//圆形从开始大小//粒子大小？？
"sizeTo":0,//圆形至结尾大小}
}
{
"type":"ParticleEffect",
"lifetime": 90,"offsetX":0,
"colorFrom":"600000",//开始时颜色
"colorTo":"600000",//结束时颜色
"particles":10,//粒子数量
"randLength":true,//兰德长度？
"cone":360,//粒子扩散角度
"length":-56,//粒子移动长度
"baseLength":56,//粒子在一定长度内出现
"useRotation":true,//使用旋转
"line":false,//形状为方形
"sizeFrom":2.5,//圆形从开始大小//粒子大小？？
"sizeTo":0,//圆形至结尾大小
}
{
"type":"ParticleEffect",
"lifetime": 90,"offsetX":0,
"colorFrom":"600000",//开始时颜色
"colorTo":"600000",//结束时颜色
"particles":1,//粒子数量
"randLength":true,//兰德长度？
"cone":0,//粒子扩散角度
"length":0,//粒子移动长度
"baseLength":1,//粒子在一定长度内出现
"useRotation":true,//使用旋转
"line":false,//形状为方形
"sizeFrom":0,//圆形从开始大小//粒子大小？？
"sizeTo":8,//圆形至结尾大小
}
{
"type":"WaveEffect",
"lifetime": 50,
"colorFrom":"600000",//颜色从
"colorTo":"600000",//颜色至
"lightColor":"FFB4B4",//浅色
"sizeFrom":48,//开始时圆环直径
"sizeTo":0,//结束时圆环直径
"lightScl":3.0,//轻量级
"lightOpacity":0.5,//光不透明
"sides":-1,//双方//效果不明
"rotation":-1,//回转//效果不明
"strokeFrom":0,//开始时圆形宽度
"strokeTo":2,//结束时圆环宽度
//"interp":linear,//插值
//"lightInterp":reverse,//插值
"offsetX":0,//偏转x
"offsetY":0//偏转y
"startDelay":0,//开始延迟
}
{
"type":"WaveEffect",
"lifetime": 50,
"colorFrom":"600000",//颜色从
"colorTo":"600000",//颜色至
"lightColor":"FFB4B4",//浅色
"sizeFrom":48,//开始时圆环直径
"sizeTo":0,//结束时圆环直径
"lightScl":3.0,//轻量级
"lightOpacity":0.5,//光不透明
"sides":-1,//双方//效果不明
"rotation":-1,//回转//效果不明
"strokeFrom":0,//开始时圆形宽度
"strokeTo":2,//结束时圆环宽度
//"interp":linear,//插值
//"lightInterp":reverse,//插值
"offsetX":0,//偏转x
"offsetY":0//偏转y
"startDelay":20,//开始延迟
}
{
"type":"WaveEffect",
"lifetime": 50,
"colorFrom":"600000",//颜色从
"colorTo":"600000",//颜色至
"lightColor":"FFB4B4",//浅色
"sizeFrom":48,//开始时圆环直径
"sizeTo":0,//结束时圆环直径
"lightScl":3.0,//轻量级
"lightOpacity":0.5,//光不透明
"sides":-1,//双方//效果不明
"rotation":-1,//回转//效果不明
"strokeFrom":0,//开始时圆形宽度
"strokeTo":2,//结束时圆环宽度
//"interp":linear,//插值
//"lightInterp":reverse,//插值
"offsetX":0,//偏转x
"offsetY":0//偏转y
"startDelay":40,//开始延迟
}
]
}



"shootEffect": {
"type":"multiEffect",
"effects":[
{
"type": "ParticleEffect",
"particles": 8,
"line": true,
"strokeFrom": 3,
"strokeTo": 0,
"lenFrom": 12,
"lenTo": 0,
"length": 35,
"baseLength": 3,
"lifetime": 15,
"colorFrom": "600000",
"colorTo": "600000",
"cone": 60
},
]
}



"hitEffect":{
"type": "MultiEffect",
"effects": [
    {
        "type": "ParticleEffect",
        "particles": 8,
        "sizeFrom": 8,
        "sizeTo": 0,
        "length": 55,
        "baseLength": 33,
        "lifetime": 30,
        "colorFrom": "600000",
        "colorTo": "600000",
        "cone": 360
    },
    {
        "type": "ParticleEffect",
        "particles": 20,
        "line": true,
        "sizeFrom": 4,
        "sizeTo": 0,
        "length": 73,
        "baseLength": 13,
        "lifetime": 22,
        "colorFrom": "600000",
        "colorTo": "600000",
        "cone": 360
    },
    {
        "type": "WaveEffect",
        "lifetime": 15,
        "sizeFrom": 1,
        "sizeTo": 100,
        "strokeFrom": 6,
        "strokeTo": 0,
        "colorFrom": "600000",
        "colorTo": "ffffff"
    }
/*    
    
    {
					"type": "ParticleEffect",
					"particles": 1,
					"sizeFrom": 200
					"sizeTo": 200,
					"length": 0,
					"spin": 1.5,
					"lifetime": 340,
					"layer": 108,
					"region": "碳钢工业-子弹1",
					"colorFrom": "600000",
					"colorTo": "600000",
					"cone": 360
	},
	{
					"type": "ParticleEffect",
					"particles": 1,
					"sizeFrom": 200
					"sizeTo": 205,
					"length": 0,
					"spin": 1.5,
					"lifetime": 340,
					"layer": 108.1,
					"region": "碳钢工业-子弹1",
					"colorFrom": "000000",
					"colorTo": "000000",
					"cone": 360
	},*/
    
    
    {//1
					"type": "ParticleEffect",
					"particles": 1,
					"sizeFrom": 5
					"sizeTo": 45,
					"length": 0,
					"spin": 2,
					"lifetime": 30,
					"layer": 109,
					"region": "碳钢工业-子弹1",
					"colorFrom": "600000",
					"colorTo": "600000",
					"cone": 360
					"interp": "swingIn",
	},
	{//2
					"type": "ParticleEffect",
					"particles": 1,
					"sizeFrom": 0,
					"sizeTo": 42,
					"length": 0,
					"spin": 2,
					"lifetime": 30,
					"layer": 109.1,
					"region": "碳钢工业-子弹1",
					"colorFrom": "000000",
					"colorTo": "000000",
					"cone": 360
					"startDelay":0,//开始延迟
					"interp": "swingIn",
	},
	{//3
					"type": "ParticleEffect",
					"particles": 1,
					"sizeFrom": 45.2
					"sizeTo": 60,
					"length": 0,
					"spin": 1,
					"lifetime": 242,
					"layer": 109.2,
					"region": "碳钢工业-子弹1",
					"colorFrom": "600000",
					"colorTo": "600000",
					"cone": 360
					"startDelay":28,//开始延迟
					"interp": "swingIn",
	},
	{//4
					"type": "ParticleEffect",
					"particles": 1,
					"sizeFrom": 41.7,
					"sizeTo": 58,
					"length": 0,
					"spin": 1,
					"lifetime": 242,
					"layer": 109.3,
					"region": "碳钢工业-子弹1",
					"colorFrom": "000000",
					"colorTo": "000000",
					"cone": 360
					"startDelay":28,//开始延迟
					"interp": "swingIn",
	},
	{//5
					"type": "ParticleEffect",
					"particles": 1,
					"sizeFrom": 61.5
					"sizeTo": 0,
					"length": 0,
					"spin": 2,
					"lifetime": 30,
					"layer": 109.4,
					"region": "碳钢工业-子弹1",
					"colorFrom": "600000",
					"colorTo": "600000",
					"cone": 360
					"startDelay":269,//开始延迟
					"interp": "swingIn",
	},
	{//6
					"type": "ParticleEffect",
					"particles": 1,
					"sizeFrom": 59.5,
					"sizeTo": 0,
					"length": 0,
					"spin": 2,
					"lifetime": 30,
					"layer": 109.5,
					"region": "碳钢工业-子弹1",
					"colorFrom": "000000",
					"colorTo": "000000",
					"cone": 360
					"startDelay":269,//开始延迟
					"interp": "swingIn",
	},
]
}


"fragBullets":1,
"fragBullet":{
"collidesTeam":false,
"collidesAir":false,
"collidesGround":false,
"collideFloor":false,
"collides":false,
"collideTerrain":false,
"absorbable":false,//受力墙影响
"hittable":false,//被分解
"reflectable":false,//被反弹
"damage":0,
"speed":0,
"lifetime":300
"hitEffect":"none"
"despawnEffect":"none"
"frontColor":"000000",
"backColor":"820000",
"trailChance": 0.25
	"trailEffect":{
      	    "type": "MultiEffect",
					"effects": [
{
"type": "ParticleEffect",
"particles": 1,
"line": false,
//"strokeFrom": 3,
//"strokeTo": 0,
//"lenFrom": 12,
//"lenTo": 0,
"length": 32,
"baseLength": 240,
"lifetime": 60,
"colorFrom": "820000",
"colorTo": "000000",
"cone": 360
"sizeFrom":40,//圆形从开始大小//粒子大小？？
"sizeTo":20,//圆形至结尾大小
"offsetX":0,
"spin":10
"layer":107
},
{
"type": "ParticleEffect",
"particles": 1,
"line": false,
//"strokeFrom": 3,
//"strokeTo": 0,
//"lenFrom": 12,
//"lenTo": 0,
"length": 60,
"baseLength": 280,
"lifetime": 60,
"colorFrom": "000000",
"colorTo": "820000",
"cone": 360
"sizeFrom":40,//圆形从开始大小//粒子大小？？
"sizeTo":20,//圆形至结尾大小
"offsetX":0,
"spin":10
"layer":107
},
{
"type": "ParticleEffect",
"particles": 1,
"line": true,
"strokeFrom": 30,
"strokeTo": 15,
"lenFrom": 15,
"lenTo": 7.5,
"length": 32,
"baseLength": 240,
"lifetime": 60,
"colorFrom": "820000",
"colorTo": "000000",
"cone": 360
//"sizeFrom":15,//圆形从开始大小//粒子大小？？
//"sizeTo":0,//圆形至结尾大小
"offsetX":0,
"spin":10
"layer":107
},
{
"type": "ParticleEffect",
"particles": 1,
"line": true,
"strokeFrom": 30,
"strokeTo": 15,
"lenFrom": 15,
"lenTo": 7.5,
"length": 60,
"baseLength": 200,
"lifetime": 60,
"colorFrom": "000000",
"colorTo": "820000",
"cone": 360
//"sizeFrom":15,//圆形从开始大小//粒子大小？？
//"sizeTo":0,//圆形至结尾大小
"offsetX":0,
"spin":10
"layer":107
},
    ]
  }

                "bulletInterval":1,//分裂间隔
                "intervalRandomSpread":360,//随机角度
                "intervalBullets":2,//分裂子弹数
                "intervalAngle":0,//分裂起始角度
                "intervalSpread":0,//分裂角度（建立在起始角度基础之上，所有分裂子弹的角度总和）
                "fragVelocityMin":0.75,
                "fragVelocityMax":1.25,
        "intervalBullet":{//分裂出的子弹
        "trailChance": 0.2
	"trailEffect":{
      	    "type": "MultiEffect",
					"effects": [
{
"type": "ParticleEffect",
"particles": 1,
"line": false,
//"strokeFrom": 3,
//"strokeTo": 0,
//"lenFrom": 12,
//"lenTo": 0,
"length": 0,
"baseLength": 0,
"lifetime": 60,
"colorFrom": "820000",
"colorTo": "000000",
"cone": 360
"sizeFrom":15,//圆形从开始大小//粒子大小？？
"sizeTo":5,//圆形至结尾大小
"offsetX":0,
"spin":10
"layer":106
},
    ]
  }
        "hitSound":"spearappear"
"damage":35,
"buildingDamageMultiplier":0.2,
"hitShake":10,
"type":"BasicBulletType",
"speed":6,"lifetime":45,
"drag":0.015,
"knockback":-7.5,
"hitSound":"none",
"frontColor":"000000",
"backColor":"820000",
"trailColor":"820000",
"homingRange":40,
"homingPower":0.008,
"width": 12,
"height": 12,
"trailLength": 4,
"trailWidth": 4,
"hitEffect":"none"
"despawnEffect":"none"
"pierceCap":20,
"splashDamageRadius":1,
"splashDamage":1,
},
"fragBullets":1,
"fragBullet":{
"collidesTeam":false,
//"collidesAir":false,
//"collidesGround":false,
"collideFloor":false,
"collides":false,
"collideTerrain":false,
"absorbable":false,//受力墙影响
"hittable":false,//被分解
"reflectable":false,//被反弹
"damage":0,
"speed":0,
"lifetime":1
"hitShake":50
"hitEffect":"none",
"despawnEffect":{
    	    "type": "MultiEffect",
					"effects": [
{
        "type": "WaveEffect",
        "lifetime": 20,
        "sizeFrom": 1,
        "sizeTo": 160,
        "strokeFrom": 20,
        "strokeTo": 0,
"colorFrom":"FF0000FF",//颜色从
"colorTo":"FF0000FF",//颜色至
    }
    ]
    }
"frontColor":"000000",
"backColor":"820000",
"splashDamageRadius":160,
"splashDamage":2000,
"fragBullets":1,
"fragBullet":{
"collidesTeam":false,
"collidesAir":false,
"collidesGround":false,
"collideFloor":false,
"collides":false,
"collideTerrain":false,
"absorbable":false,//受力墙影响
"hittable":false,//被分解
"reflectable":false,//被反弹
"damage":0,
"speed":0,
"lifetime":60
"hitShake":20
"hitEffect":"none",
"despawnEffect":"none"
"frontColor":"000000",
"backColor":"820000",
"splashDamageRadius":1
"splashDamage":1,
}
}
}
}
}
    "coolantMultiplier":1,
    "consumes": {
        "power": 100,
        "coolant": {
            "amount": 0.4,
            "optional": true
        }
    },
"requirements": [
		{ "item": "copper", "amount":1000 },
		{ "item": "graphite", "amount":500 },
		{ "item": "surge-alloy", "amount":750 },
		{ "item": "phase-fabric", "amount":300 },
		{ "item": "锘", "amount":500 },
		{ "item": "silicon", "amount":750 },
		{ "item": "低级许可证", "amount":40 },
	],
	"category": "turret",
	"research": {
	"parent": "a028审判"//科技树前置
	"objectives": [
"低级许可证"
]
	"requirements": [//研究花费
	"copper/10000",
	"graphite/500",
	"surge-alloy/7500",
	"phase-fabric/3000"
	"锘/5000",
	"silicon/7500",
	]	},
	"drawer":{"type":"DrawMulti",
"drawers":[{"type":"DrawTurret",
"parts":[
{"type":"RegionPart",
"mirror":false,//是否镜像显示
"x":0,"y":0,//起始位置
"suffix":"-左","layer":60.1,"moveX":-5,"moveY":-2,
"moveRot":0.1,//移动圈数
}
{"type":"RegionPart",
"mirror":false,//是否镜像显示
"x":0,"y":0,//起始位置
"suffix":"-右","layer":60.1,"moveX":5,"moveY":-2,
"moveRot":-0.1,//移动圈数
}



{
				"type": "HaloPart",
				"tri": true,
				"y": -16,
				"shapes": 2,
				"stroke": 6,
				"triLength": 0,
				"triLengthTo": 16,
				"haloRadius": 15,
				"haloRotation": 90,
				"color": "FFDCD800",
				"colorTo": "FF5845",
				"layer": 110
			},
			{
				"type": "HaloPart",
				"tri": true,
				"y": -16,
				"shapeRotation": 180,
				"shapes": 2,
				"stroke": 6,
				"triLength": 0,
				"triLengthTo": 4,
				"haloRadius": 15,
				"haloRotation": 90,
				"color": "FFDCD800",
				"colorTo": "FF5845",
				"layer": 110
			},
			{
				"type": "ShapePart",
				"y": -16,
				"circle": true,
				"hollow": true,
				"radius": 4,
				"stroke": 0,
				"strokeTo": 1,
				"color": "FFDCD8",
				"colorTo": "FF5845",
				"layer": 110
			},
			{
				"type": "ShapePart",
				"y": -16,
				"circle": true,
				"hollow": true,
				"radius": 8,
				"stroke": 0,
				"strokeTo": 1,
				"color": "FFDCD8",
				"colorTo": "FF5845",
				"layer": 110
			},
			{
				"type": "HaloPart",
				"hollow": false,//空心
				"mirror": false,
				"tri": true,//是否三角形
				"x": 0,
				"y": -16,
				"shapeRotation": 0,//图形初始角度
				"moveX": 0,
				"moveY": 0,
				"shapeMoveRot": 0,
				"shapes": 4,//围绕个数
				"sides": 5,//边数
				"radius": 3,//半径/粗细
				"radiusTo": -1,
				"stroke": 1,//粗细
				"strokeTo": -1,
				"triLength": 0,//初始长度
				"triLengthTo": 6,//最终长度
				"haloRadius": 12,//围绕半径
				"haloRadiusTo": -1,//最终围绕半径
				"haloRotateSpeed": 1,//公转速度
				"haloRotation": 0,//环初始角度
				"rotateSpeed": 0,//自转速度
				"color": "FFDCD800",
				"colorTo": "FF5845",
				"layer": 110
			},
			{
				"type": "HaloPart",
				"tri": true,
				"x": 24,
				"y": 4,
				"shapeRotation": 180,
				"shapes": 4,
				"radius": 5,
				"triLength": 0,
				"triLengthTo": 1,
				"haloRadius": 8,
				"haloRotateSpeed": 1,
				"color": "FFDCD800",
				"colorTo": "FF5845",
				"layer": 110
			},
			{
				"type": "ShapePart",
				"x": 24
				"y": 4
				"circle": true,
				"hollow": true,
				"radius": 6,
				"stroke": 0,
				"strokeTo": 1,
				"color": "FFDCD8",
				"colorTo": "FF5845",
				"layer": 110
			},
			{
				"type": "ShapePart",
				"x": 24
				"y": 4
				"circle": true,
				"hollow": true,
				"radius": 3,
				"stroke": 0,
				"strokeTo": 1,
				"color": "FFDCD8",
				"colorTo": "FF5845",
				"layer": 110
			},
			{
				"type": "HaloPart",
				"tri": true,
				"x": -24,
				"y": 4,
				"shapeRotation": 180,
				"shapes": 4,
				"radius": 5,
				"triLength": 0,
				"triLengthTo": 1,
				"haloRadius": 8,
				"haloRotateSpeed": 1,
				"color": "FFDCD800",
				"colorTo": "FF5845",
				"layer": 110
			},
			{
				"type": "ShapePart",
				"x": -24
				"y": 4
				"circle": true,
				"hollow": true,
				"radius": 6,
				"stroke": 0,
				"strokeTo": 1,
				"color": "FFDCD8",
				"colorTo": "FF5845",
				"layer": 110
			},
			{
				"type": "ShapePart",
				"x": -24
				"y": 4
				"circle": true,
				"hollow": true,
				"radius": 3,
				"stroke": 0,
				"strokeTo": 1,
				"color": "FFDCD8",
				"colorTo": "FF5845",
				"layer": 110
			},
			{
				"type": "HaloPart",
				"tri": true,
				"y": -16,
				"shapeRotation": 180,
				"shapes": 4,
				"radius": 3,
				"triLength": 0,
				"triLengthTo": 1,
				"haloRadius": 12,
				"haloRotateSpeed": 1,
				"color": "FFDCD800",
				"colorTo": "FF5845",
				"layer": 110
			},
			{
				"type": "HaloPart",
				"tri": true,
				"y": -16,
				"shapes": 4,
				"radius": 3,
				"triLength": 0,
				"triLengthTo": 2,
				"haloRadius": 8,
				"haloRotation": 45,
				"haloRotateSpeed": -1,
				"color": "FFDCD800",
				"colorTo": "FF5845",
				"layer": 110
			}
]}]}

}