{
	"type": "flying",
	"name": "[purple]暗夜",
	"description": "e",
	"speed": 2,	
	"drag":0.05,
	"accel":0.1,
	"rotateSpeed":7,
	"ammoCapacity": 0,
	"hitSize":15, 
	"flying": true,
	"faceTarget": true,
	"range":240,
	"health": 1000,
	"armor":4,
	"engineOffset": 2,
	"engineSize": 0.5,
	"abilities":[
	{
    "type": "ForceFieldAbility"
    "radius": 18
    "regen": 0.08
    "max": 300
    "cooldown": 180
  }
  ]
	"research": "黑夜",
	    "itemCapacity": 20,
	    	"ammoType":{
	"type":"PowerAmmoType",
	"totalPower":100},
	"weapons":[ 
{
"name":"暗夜1",
			"x": 4,
			"y": -3,
			"recoil": 0,
			"shootY": 2,
			"reload": 70,
			"mirror": true,
			"shootSound": "plasmadrop",
			"bullet": {
			"fragBullets":3,
			"fragBullet":{
			"type": "BasicBulletType",
				"damage": 24,
				"splashDamage": 16,
				"splashDamageRadius": 8,//飞溅伤害半径
				"status": "shocked",
					"statusDuration": 30//状态持续时间
				"speed": 1,
				"lifetime": 120,//存在时间
				"knockback": 0.5,
				"shrinkY": 0,
				"width": 4,
				"height": 4,
				"hitEffect": "none",
				"despawnEffect": {
					"type": "MultiEffect",
					"effects": [
						{
							"type": "ParticleEffect",
							"particles": 13,
							"sizeFrom": 4,
							"sizeTo": 0,
							"length": 32.5,
							"baseLength": 8,
							"lifetime": 25,
							"colorFrom": "F3E979",
							"colorTo": "FEEBB3",
							"cone": 40
						},
						{
							"type": "WaveEffect",
							"lifetime": 18,
							"sizeFrom": 1,
							"sizeTo": 22.5,
							"strokeFrom": 3,
							"strokeTo": 0,
							"colorFrom": "F3E979",
							"colorTo": "FEEBB3"
						}
					]
				},
				"hitSound": "plasmaboom",
				"sprite": "circle-bullet",
				"trailLength": 10
				"trailWidth": 3,
				"trailColor": "F3E979",
				"frontColor": "FEEBB3",
				"backColor": "F3E979",
				"pierce": true,
				"bulletInterval": 15,
				"intervalBullets": 2,
				"intervalRandomSpread": 360,
				"intervalSpread": 15,
				"intervalAngle": 0,
				"intervalBullet": {
					"type": "LightningBulletType",
					"damage": 4,
					"lightningColor": "FEEBB3FA0",
					"hitColor": "FEEBB3A0",
					"lightningLength": 5,
					"lightningLengthRand": 2,
					"hitEffect": "hitLancer",
					"despawnEffect": "none",
					"status": "shocked",
					"statusDuration": 120//状态持续时间
				}
			}
				"type": "BasicBulletType",
				"damage": 40,
				"splashDamage": 40,
				"splashDamageRadius": 16,//飞溅伤害半径
				"status": "shocked",
					"statusDuration": 180//状态持续时间
				"speed": 2,
				"lifetime": 120,//存在时间
				"knockback": 0.5,
				"shrinkY": 0,
				"width": 8,
				"height": 8,
				"hitEffect": "none",
				"despawnEffect": {
					"type": "MultiEffect",
					"effects": [
						{
							"type": "ParticleEffect",
							"particles": 13,
							"sizeFrom": 4,
							"sizeTo": 0,
							"length": 32.5,
							"baseLength": 8,
							"lifetime": 25,
							"colorFrom": "F3E979",
							"colorTo": "FEEBB3",
							"cone": 40
						},
						{
							"type": "WaveEffect",
							"lifetime": 18,
							"sizeFrom": 1,
							"sizeTo": 45,
							"strokeFrom": 3,
							"strokeTo": 0,
							"colorFrom": "F3E979",
							"colorTo": "FEEBB3"
						}
					]
				},
				"hitSound": "plasmaboom",
				"sprite": "circle-bullet",
				"trailLength": 20
				"trailWidth": 6,
				"trailColor": "F3E979",
				"frontColor": "FEEBB3",
				"backColor": "F3E979",
				"pierce": true,
				"bulletInterval": 9,
				"intervalBullets": 2,
				"intervalRandomSpread": 360,
				"intervalSpread": 6,
				"intervalAngle": 0,
				"intervalBullet": {
					"type": "LightningBulletType",
					"damage": 10,
					"lightningColor": "FEEBB3FA0",
					"hitColor": "FEEBB3A0",
					"lightningLength": 10,
					"lightningLengthRand": 2,
					"hitEffect": "hitLancer",
					"despawnEffect": "none",
					"status": "shocked",
					"statusDuration": 100//状态持续时间
				}
			}
		}
	    ]
}
