{
	"type": "flying",
	"name": "[red]月蚀",
	"description": "月蚀之时",
	"speed": 0.5,	
	"drag":0.05,
	"accel":0.1,
	"rotateSpeed":1.5,
	"ammoCapacity": 0,
	"hitSize":60, 
	"flying": true,
	"faceTarget": true,
	"range":480,
	"health": 140000,
	"armor":20,
	"engineOffset": 2,
	"engineSize": 0.5,
	"abilities":[
	{
    "type": "ForceFieldAbility"
    "radius": 240
    "regen": 6
    "max": 50000
    "cooldown": 1400
  }
  ]
	"research": "月遣",
	    "itemCapacity": 70,
	    	"ammoType":{
	"type":"PowerAmmoType",
	"totalPower":100},
	"weapons":[ 
{
"name":"暗夜1",
			"x": 18,
			"y": 0,
			"recoil": 0,
			"shootY": 2,
			"reload": 180,
			"mirror": true,
			"shootSound": "plasmadrop",
			"bullet": {
			"fragBullets":6,
			"fragBullet":{
			"type": "BasicBulletType",
				"damage": 150,
				"splashDamage": 150,
				"splashDamageRadius": 24,//飞溅伤害半径
				"status": "月蚀",
					"statusDuration": 240//状态持续时间
				"speed": 2.4,
				"lifetime": 140,//存在时间
				"knockback": 0.5,
				"shrinkY": 0,
				"width": 10,
				"height": 10,
				"hitEffect": "none",
				"despawnEffect": {
					"type": "MultiEffect",
					"effects": [
						{
							"type": "ParticleEffect",
							"particles": 13,
							"sizeFrom": 4,
							"sizeTo": 0,
							"length": 40,
							"baseLength": 8,
							"lifetime": 25,
							"colorFrom": "6469F9",
							"colorTo": "6469F9",
							"cone": 40
						},
						{
							"type": "WaveEffect",
							"lifetime": 18,
							"sizeFrom": 1,
							"sizeTo": 30,
							"strokeFrom": 3,
							"strokeTo": 0,
							"colorFrom": "6469F9",
							"colorTo": "6469F9"
						}
					]
				},
				"hitSound": "plasmaboom",
				"sprite": "circle-bullet",
				"trailLength": 15
				"trailWidth": 5,
				"trailColor": "6469F9",
				"frontColor": "6469F9",
				"backColor": "6469F9",
				"pierce": true,
				"pierceBuilding":true,//穿透建筑
                "pierceCap":2,//穿透数量
				"bulletInterval": 12,
				"intervalBullets": 2,
				"intervalRandomSpread": 360,
				"intervalSpread": 10,
				"intervalAngle": 0,
				"intervalBullet": {
					"type": "LightningBulletType",
					"damage": 40,
					"lightningColor": "FEEBB3FA0",
					"hitColor": "FEEBB3A0",
					"lightningLength": 13,
					"lightningLengthRand": 3,
					"hitEffect": "hitLancer",
					"despawnEffect": "none",
					"status": "月蚀",
					"statusDuration": 180//状态持续时间
				}
			}
				"type": "BasicBulletType",
				"damage": 140,
				"splashDamage": 140,
				"splashDamageRadius": 32,//飞溅伤害半径
				"status": "月蚀",
					"statusDuration": 400//状态持续时间
				"speed": 3.5,
				"lifetime": 140,//存在时间
				"knockback": 0.5,
				"shrinkY": 0,
				"width": 20,
				"height": 20,
				"hitEffect": "none",
				"despawnEffect": {
					"type": "MultiEffect",
					"effects": [
						{
							"type": "ParticleEffect",
							"particles": 13,
							"sizeFrom": 4,
							"sizeTo": 0,
							"length": 40,
							"baseLength": 8,
							"lifetime": 25,
							"colorFrom": "454CFF",
							"colorTo": "454CFF",
							"cone": 40
						},
						{
							"type": "WaveEffect",
							"lifetime": 18,
							"sizeFrom": 1,
							"sizeTo": 60,
							"strokeFrom": 3,
							"strokeTo": 0,
							"colorFrom": "454CFF",
							"colorTo": "454CFF"
						}
					]
				},
				"hitSound": "plasmaboom",
				"sprite": "circle-bullet",
				"trailLength": 40
				"trailWidth": 15,
				"trailColor": "454CFF",
				"frontColor": "454CFF",
				"backColor": "454CFF",
				"pierce": true,
				"bulletInterval": 8,
				"intervalBullets": 3,
				"pierceBuilding":true,//穿透建筑
                "pierceCap":5,//穿透数量
				"intervalRandomSpread": 360,
				"intervalSpread": 5,
				"intervalAngle": 0,
				"intervalBullet": {
					"type": "LightningBulletType",
					"damage": 40,
					"lightningColor": "FEEBB3FA0",
					"hitColor": "FEEBB3A0",
					"lightningLength": 24,
					"lightningLengthRand": 4,
					"hitEffect": "hitLancer",
					"despawnEffect": "none",
					"status": "月蚀",
					"statusDuration": 300//状态持续时间
				}
			}
		}
		{
			"x": 0,
			"y": 0,
			"recoil": 0,
			"shootY": 2,
			"reload": 45,
			"mirror": true,
			"shootSound": "plasmadrop",
			"bullet": {
				"type": "BasicBulletType",
				"damage": 50,
				"splashDamage": 50,
				"splashDamageRadius": 16,//飞溅伤害半径
				"status": "月蚀",
					"statusDuration": 240//状态持续时间
				"speed": 3.5,
				"lifetime": 120,//存在时间
				"knockback": 0.5,
				"shrinkY": 0,
				"width": 10,
				"height": 10,
				"hitEffect": "none",
				"despawnEffect": {
					"type": "MultiEffect",
					"effects": [
						{
							"type": "ParticleEffect",
							"particles": 13,
							"sizeFrom": 4,
							"sizeTo": 0,
							"length": 32.5,
							"baseLength": 8,
							"lifetime": 25,
							"colorFrom": "7C80FF",
							"colorTo": "7C80FF",
							"cone": 40
						},
						{
							"type": "WaveEffect",
							"lifetime": 18,
							"sizeFrom": 1,
							"sizeTo": 45,
							"strokeFrom": 3,
							"strokeTo": 0,
							"colorFrom": "7C80FF",
							"colorTo": "7C80FF"
						}
					]
				},
				"hitSound": "plasmaboom",
				"sprite": "circle-bullet",
				"trailLength": 20
				"trailWidth": 6,
				"trailColor": "7C80FF",
				"frontColor": "7C80FF",
				"backColor": "7C80FF",
				"pierce": true,
				"bulletInterval": 12,
				"intervalBullets": 2,
				"intervalRandomSpread": 360,
				"intervalSpread": 6,
				"intervalAngle": 0,
				"intervalBullet": {
					"type": "LightningBulletType",
					"damage": 100,
					"lightningColor": "FEEBB3FA0",
					"hitColor": "FEEBB3A0",
					"lightningLength": 12,
					"lightningLengthRand": 2,
					"hitEffect": "hitLancer",
					"despawnEffect": "none",
					"status": "月蚀",
					"statusDuration": 160//状态持续时间
				}
			}
		}
		{
"x":18,"y":10,
"shake":2,
"top":false,
"mirror":true,//镜像
"reload":90,//装弹时间
//"alternate":false,
"recoil":4,
"shootSound":"laser",
"bullet":{
"type":"LaserBulletType",//基础子弹
"damage":360,
"sideAngle":30,
"sideWidth":7,
"sideLength":35,
"length":480,
"colors":[6469F9,6469F9,6469F9],//颜色
"ammoMultiplier":1,//每个物品能够
"status": "freezing",
"statusDuration": 480,
"status": "月蚀",
"statusDuration": 480,
}}


{
"x":0,"y":15,
"shake":2.2,
"ejectEffect":"none",
"recoil":2.5,
"top":false,
"reload":150,//装弹时间
"shootSound":"spark",
"bullet":{
"type":"BasicBulletType",//基础子弹
"sprite":"circle-bullet",//子弹贴图
"frontColor":"8A76FF",
"backColor":"8A76FF",
"reloadMultiplier":1,//装弹速度倍率
"status": "月蚀",
"statusDuration": 300//状态持续时间
"pierce":true,//穿透
"pierceBuilding":true,//穿透建筑
"pierceCap":5,//穿透数量
"laserAbsorb":true,//被塑钢吸收
"absorbable":true,//受力墙影响
"hittable":true,//被分解
"reflectable":true,//被反弹
"homingPower":0.01,//追踪力度
"homingRange":120,//追踪范围，8/格
"lifetime":150,//存在时间，帧
"speed":3,
"damage":100,//伤害
"splashDamage":300,//范围伤害
"splashDamageRadius":32,//范围伤害距离
"lightningDamage":40,//闪电伤害
"lightning":20,//闪电数量
"lightningLength":20,//长度？
"lightningColor":"D1EFFF"//闪电颜色
"shrinkX":0,"shrinkY":0,
"height":40,"width":40,
"hitSize":40,//子弹碰撞箱大小
}}
	    ]
}
