{
	"type": "flying",
	"name": "[blue]永夜",
	"description": "永夜",
	"speed": 1.5,	
	"drag":0.05,
	"accel":0.1,
	"rotateSpeed":5,
	"ammoCapacity": 0,
	"hitSize":24, 
	"flying": true,
	"faceTarget": true,
	"range":320,
	"health": 8000,
	"armor":4,
	"engineOffset": 2,
	"engineSize": 0.5,
	"abilities":[
	{
    "type": "ForceFieldAbility"
    "radius": 50
    "regen": 0.14
    "max": 2000
    "cooldown": 240
  }
  ]
	"research": "暗夜",
	    "itemCapacity": 40,
	    	"ammoType":{
	"type":"PowerAmmoType",
	"totalPower":100},
	"weapons":[ 
{
"name":"暗夜1",
			"x": 6,
			"y": 0,
			"recoil": 0,
			"shootY": 2,
			"reload": 80,
			"mirror": true,
			"shootSound": "plasmadrop",
			"bullet": {
			"fragBullets":5,
			"fragBullet":{
			"type": "BasicBulletType",
				"damage": 40,
				"splashDamage": 30,
				"splashDamageRadius": 16,//飞溅伤害半径
				"status": "shocked",
					"statusDuration": 60//状态持续时间
				"speed": 1.4,
				"lifetime": 120,//存在时间
				"knockback": 0.5,
				"shrinkY": 0,
				"width": 7,
				"height": 7,
				"hitEffect": "none",
				"despawnEffect": {
					"type": "MultiEffect",
					"effects": [
						{
							"type": "ParticleEffect",
							"particles": 13,
							"sizeFrom": 4,
							"sizeTo": 0,
							"length": 40,
							"baseLength": 8,
							"lifetime": 25,
							"colorFrom": "6469F9",
							"colorTo": "6469F9",
							"cone": 40
						},
						{
							"type": "WaveEffect",
							"lifetime": 18,
							"sizeFrom": 1,
							"sizeTo": 30,
							"strokeFrom": 3,
							"strokeTo": 0,
							"colorFrom": "6469F9",
							"colorTo": "6469F9"
						}
					]
				},
				"hitSound": "plasmaboom",
				"sprite": "circle-bullet",
				"trailLength": 15
				"trailWidth": 5,
				"trailColor": "6469F9",
				"frontColor": "6469F9",
				"backColor": "6469F9",
				"pierce": true,
				"bulletInterval": 15,
				"intervalBullets": 2,
				"intervalRandomSpread": 360,
				"intervalSpread": 10,
				"intervalAngle": 0,
				"intervalBullet": {
					"type": "LightningBulletType",
					"damage": 8,
					"lightningColor": "FEEBB3FA0",
					"hitColor": "FEEBB3A0",
					"lightningLength": 8,
					"lightningLengthRand": 2,
					"hitEffect": "hitLancer",
					"despawnEffect": "none",
					"status": "shocked",
					"statusDuration": 180//状态持续时间
				}
			}
				"type": "BasicBulletType",
				"damage": 80,
				"splashDamage": 65,
				"splashDamageRadius": 24,//飞溅伤害半径
				"status": "shocked",
					"statusDuration": 280//状态持续时间
				"speed": 2.5,
				"lifetime": 120,//存在时间
				"knockback": 0.5,
				"shrinkY": 0,
				"width": 16,
				"height": 16,
				"hitEffect": "none",
				"despawnEffect": {
					"type": "MultiEffect",
					"effects": [
						{
							"type": "ParticleEffect",
							"particles": 13,
							"sizeFrom": 4,
							"sizeTo": 0,
							"length": 40,
							"baseLength": 8,
							"lifetime": 25,
							"colorFrom": "454CFF",
							"colorTo": "454CFF",
							"cone": 40
						},
						{
							"type": "WaveEffect",
							"lifetime": 18,
							"sizeFrom": 1,
							"sizeTo": 60,
							"strokeFrom": 3,
							"strokeTo": 0,
							"colorFrom": "454CFF",
							"colorTo": "454CFF"
						}
					]
				},
				"hitSound": "plasmaboom",
				"sprite": "circle-bullet",
				"trailLength": 30
				"trailWidth": 10,
				"trailColor": "454CFF",
				"frontColor": "454CFF",
				"backColor": "454CFF",
				"pierce": true,
				"bulletInterval": 9,
				"intervalBullets": 3,
				"intervalRandomSpread": 360,
				"intervalSpread": 5,
				"intervalAngle": 0,
				"intervalBullet": {
					"type": "LightningBulletType",
					"damage": 20,
					"lightningColor": "FEEBB3FA0",
					"hitColor": "FEEBB3A0",
					"lightningLength": 15,
					"lightningLengthRand": 3,
					"hitEffect": "hitLancer",
					"despawnEffect": "none",
					"status": "shocked",
					"statusDuration": 180//状态持续时间
				}
			}
		}
		{
			"x": 0,
			"y": 0,
			"recoil": 0,
			"shootY": 2,
			"reload": 30,
			"mirror": true,
			"shootSound": "plasmadrop",
			"bullet": {
				"type": "BasicBulletType",
				"damage": 40,
				"splashDamage": 30,
				"splashDamageRadius": 16,//飞溅伤害半径
				"status": "shocked",
					"statusDuration": 120//状态持续时间
				"speed": 3,
				"lifetime": 80,//存在时间
				"knockback": 0.5,
				"shrinkY": 0,
				"width": 10,
				"height": 10,
				"hitEffect": "none",
				"despawnEffect": {
					"type": "MultiEffect",
					"effects": [
						{
							"type": "ParticleEffect",
							"particles": 13,
							"sizeFrom": 4,
							"sizeTo": 0,
							"length": 32.5,
							"baseLength": 8,
							"lifetime": 25,
							"colorFrom": "7C80FF",
							"colorTo": "7C80FF",
							"cone": 40
						},
						{
							"type": "WaveEffect",
							"lifetime": 18,
							"sizeFrom": 1,
							"sizeTo": 45,
							"strokeFrom": 3,
							"strokeTo": 0,
							"colorFrom": "7C80FF",
							"colorTo": "7C80FF"
						}
					]
				},
				"hitSound": "plasmaboom",
				"sprite": "circle-bullet",
				"trailLength": 20
				"trailWidth": 6,
				"trailColor": "7C80FF",
				"frontColor": "7C80FF",
				"backColor": "7C80FF",
				"pierce": true,
				"bulletInterval": 12,
				"intervalBullets": 2,
				"intervalRandomSpread": 360,
				"intervalSpread": 6,
				"intervalAngle": 0,
				"intervalBullet": {
					"type": "LightningBulletType",
					"damage": 12,
					"lightningColor": "FEEBB3FA0",
					"hitColor": "FEEBB3A0",
					"lightningLength": 8,
					"lightningLengthRand": 2,
					"hitEffect": "hitLancer",
					"despawnEffect": "none",
					"status": "shocked",
					"statusDuration": 120//状态持续时间
				}
			}
		}
	    ]
}
