{
	"type": "flying",
	"name": "[brown]黑夜",
	"description": "范围伤害，而且远程",
	"speed": 2.6,	
	"drag":0.05,
	"accel":0.1,
	"rotateSpeed":10,
	"ammoCapacity": 0,
	"hitSize":10, 
	"flying": true,
	"faceTarget": true,
	"range":160,
	"health": 450,
	"armor":4,
	"engineOffset": 2,
	"engineSize": 0.5,
	"abilities":[
	{
    "type": "ForceFieldAbility"
    "radius": 12
    "regen": 0.06
    "max": 120
    "cooldown": 140
  }
  ]
	"research": "黄昏",
	    "itemCapacity": 5,
	    	"ammoType":{
	"type":"PowerAmmoType",
	"totalPower":100},
	"weapons":[ 
	{
			"x": 4,
			"y": 0,
			"recoil": 0,
			"shootY": 2,
			"reload": 90,
			"mirror": true,
			"shootSound": "plasmadrop",
			"bullet": {
				"type": "BasicBulletType",
				"damage": 30,
				"splashDamage": 20,
				"splashDamageRadius": 12,//飞溅伤害半径
				"status": "shocked",
					"statusDuration": 120//状态持续时间
				"speed": 1.4,
				"lifetime": 100,//存在时间
				"knockback": 0.5,
				"shrinkY": 0,
				"width": 8,
				"height": 8,
				"hitEffect": "none",
				"despawnEffect": {
					"type": "MultiEffect",
					"effects": [
						{
							"type": "ParticleEffect",
							"particles": 13,
							"sizeFrom": 4,
							"sizeTo": 0,
							"length": 32.5,
							"baseLength": 8,
							"lifetime": 25,
							"colorFrom": "F3E979",
							"colorTo": "FEEBB3",
							"cone": 40
						},
						{
							"type": "WaveEffect",
							"lifetime": 18,
							"sizeFrom": 1,
							"sizeTo": 45,
							"strokeFrom": 3,
							"strokeTo": 0,
							"colorFrom": "F3E979",
							"colorTo": "FEEBB3"
						}
					]
				},
				"hitSound": "plasmaboom",
				"sprite": "circle-bullet",
				"trailLength": 20
				"trailWidth": 6,
				"trailColor": "F3E979",
				"frontColor": "FEEBB3",
				"backColor": "F3E979",
				"pierce": true,
				"bulletInterval": 12,
				"intervalBullets": 2,
				"intervalRandomSpread": 360,
				"intervalSpread": 6,
				"intervalAngle": 0,
				"intervalBullet": {
					"type": "LightningBulletType",
					"damage": 6,
					"lightningColor": "FEEBB3FA0",
					"hitColor": "FEEBB3A0",
					"lightningLength": 6,
					"lightningLengthRand": 2,
					"hitEffect": "hitLancer",
					"despawnEffect": "none",
					"status": "shocked",
					"statusDuration": 60//状态持续时间
				}
			}
		}
	    ]
}
