{
	"type": "mech",
	"name": "怪物",
	"description": "爬行动物的终点，人工的造物",
	"details":"它渴望血肉......", 
   
    "speed": 0.5,    "lightColor": "b71c1c",
    "hitSize": 45,
    "health": 52000,
    "armor": 0,
    "rotateSpeed": 3.9,
    "faceTarget": true, 
    "canDrown":false,
    "itemCapacity": 1000,
	"research": "",  
	
	"weapons":[
        {
			"name": "速射",
			"x": 0,
			"y": 8,
			"rotate":false,
            "mirror":true,
			"targetInterval": 5,
			"targetSwitchInterval": 5,
			"recoil": 1,
			"reload": 3,
			"shootCone": 15,
			"shootSound": "flame",
			"bullet": {
				"damage": 85,
				"pierce": true,
				"pierceBuilding": true,
				"hittable": false,
				"reflectable": false,
				"speed": 8,
				"lifetime": 20,
				"frontColor": "00000000",
				"backColor": "00000000",
				"lightColor": "b71c1c",
				"shootEffect": {
					"type": "MultiEffect",
					"lifetime": 25,
					"effects": [
						{
							"type": "ParticleEffect",
							"cone": 12,
							"particles": 12,
							"interp": "pow3Out",
							"sizeInterp": "pow5In",
							"lifetime": 25,
							"length": 120,
							"colorFrom": "FFDCD8",
							"colorTo": "FF5845",
							"sizeFrom": 4,
							"sizeTo": 0
						},
						{
							"type": "ParticleEffect",
							"cone": 8,
							"particles": 12,
							"interp": "pow3Out",
							"sizeInterp": "pow5In",
							"lifetime": 25,
							"length": 60,
							"colorFrom": "FF5845",
							"colorTo": "3F3F3F",
							"sizeFrom": 3,
							"sizeTo": 0
						}
					]
				},
				"hitEffect": "none",
				"despawnEffect": "none"
			}
		}
	]}