{
	"type": "legs",
	"name": "碉堡",
	"description": "实验性战斗堡垒，装载六门改进充能炮，削弱周围敌方单位，拥有建筑能力",
	"details":"值得依赖", 
	   "legCount": 7,
       "legLength": 52,
	   "legBaseLength": 1,
	   "legMoveSpace":1.4,
	   "hovering":true,
       "allowLegStep": true,
	   "legBaseOffset" : 6,
	   "legMaxLength":75,
	
	   "stepShake":1,
	   "lightRadius":140,
	   "legSpeed": 1.0 ,
	   "drownTimeMultiplier" : 5 ,
	   "rippleScale":3 ,
	   
	   "visualElevation": 1,
	   "legExtension" : 0,
	   "legTrns": 0.6,
	   "abilities": [
        { "type": "StatusFieldAbility",
            "duration": 200,
            "reload": 120,
            "range": 800,
            "applyEffect":"none",
            "activeEffect":{ 
                "type": "WaveEffect",
                        "lifetime": 200,
                        "sizeFrom": 20,
                        "sizeTo": 800,
                        "strokeFrom": 15,
                        "strokeTo": 0,
                        "colorFrom": "606dbd",
                        "colorTo": "88a4ff"
                    },
            "effect":"safe"},
    {"type": "ShieldArcAbility",
                "radius": 50,
                "width": 20,
                "max": 4000,
                "regen": 8,
                "cooldown": 500,
                "angle": 360,
                "angleOffset": 0
    },
    {"type":"ArmorPlateAbility",
    "healthMultiplier":1.00001}
        ],
    "canBoost": false,
	"ammoType":"surge-alloy",
	"ammoCapacity": 600,
    "speed": 0.5,
    "hitSize": 55,
    "targetAir":true,
    "health": 86000,
    "armor": 380,
    "mineSpeed": 0,
    "mineTier": 0,
    "buildSpeed": 7,
    "rotateSpeed": 0.5,
    "itemCapacity": 2600,
    "faceTarget": false,
	"research": "",
	"weapons":[
	{	"name": "200fire",	
		"reload": 230, 
		"y": 8.85,
		"x": 20, 
		"top":true,
		"rotate": true,
		"rotateSpeed":5,
		"shootY": 8,  
		"shoot":{
			"shots":2,
			"shotDelay":5},
        "inaccuracy": 1,
		"shootSound": "200fire",
		"alternate": true,
		"bullet":{
"type":"BasicBulletType",	    
"lightningDamage":42,
"lightning":3,
"lightningLength":15,
"hitEffect":{"type":"MultiEffect",
	"effects": [
	{"type": "ParticleEffect",
    "particles": 23,
    "line": true,
    "strokeFrom": 5,"strokeTo": 0,
    "lenFrom": 20,"lenTo": 0,
    "length": 80,
    "baseLength":0,
    "lifetime": 30,
    "colorFrom": "97FFA8",
    "colorTo": "97FFA8",
    "cone": 360},
    {"type": "WaveEffect",
    "lifetime": 25,
    "sizeFrom": 0,"sizeTo": 80,
    "strokeFrom":6,"strokeTo":0,
    "colorFrom":"97FFA8FF",
    "colorTo": "97FFA8FF"}]},
"smokeEffect": "shootBig",
"despawnEffect": "instBomb",
"hitSound":"plasmaboom",
		    "damage":90,
		    "collides":true,
		    "speed":6,
		    "lifetime":35,
		    "splashDamage":85,
	        "splashDamageRadius":35,
	        "width":13,"height":13
            }	},
			{	"name": "200fire",	
				"reload": 230, 
				"y": 18.85,
				"x": 25, 
				"top":true,
				"rotate": true,
				"rotateSpeed":5,
				"shootY": 8,  
				"shoot":{
					"shots":2,
					"shotDelay":5},
				"inaccuracy": 1,
				"shootSound": "200fire",
				"alternate": true,
				"bullet":{
		"type":"BasicBulletType",	    
		"lightningDamage":42,
		"lightning":3,
		"lightningLength":15,
		"hitEffect":{"type":"MultiEffect",
			"effects": [
			{"type": "ParticleEffect",
			"particles": 23,
			"line": true,
			"strokeFrom": 5,"strokeTo": 0,
			"lenFrom": 20,"lenTo": 0,
			"length": 80,
			"baseLength":0,
			"lifetime": 30,
			"colorFrom": "97FFA8",
			"colorTo": "97FFA8",
			"cone": 360},
			{"type": "WaveEffect",
			"lifetime": 25,
			"sizeFrom": 0,"sizeTo": 80,
			"strokeFrom":6,"strokeTo":0,
			"colorFrom":"97FFA8FF",
			"colorTo": "97FFA8FF"}]},
		"smokeEffect": "shootBig",
		"despawnEffect": "instBomb",
		"hitSound":"plasmaboom",
					"damage":90,
					"collides":true,
					"speed":6,
					"lifetime":35,
					"splashDamage":85,
					"splashDamageRadius":35,
					"width":13,"height":13
					}	},
			{	"name": "200water",	
				"reload": 930, 
				"y": -18.85,
				"x": -27, 
				"top":true,
				"mirror":true,
				"rotate": true,
				"rotateSpeed":5,
				"shootY": 8,  
				"shoot":{
					"shots":1,
					"shotDelay":500},
				"inaccuracy": 1,
				"shootSound": "200fire",
				"alternate": true,
				"bullet":{
		"type":"BasicBulletType",	    
		"trailLength":23,
		"hitShake":11,
		"Shake":11,
		"trailColor":"88a4ff",
		"trailWidth":4,
		"smokeEffect": "shootBig",
		"despawnEffect": {"type":"MultiEffect",
			"effects": [
		
				{"type": "WaveEffect",
					"lifetime": 140,
					"sizeFrom": 200,
					"sizeTo": 200,
					"strokeFrom": 3,
					"strokeTo": 1.6,
					"colorFrom": "606dbd",
					"colorTo": "88a4ff" }]},
		"hitEffect":{"type":"MultiEffect",
			"effects": [
		
				{"type": "WaveEffect",
					"lifetime": 140,
					"sizeFrom": 200,
					"sizeTo": 200,
					"strokeFrom": 3,
					"strokeTo": 1.6,
					"colorFrom": "606dbd",
					"colorTo": "88a4ff" }]},
		"hitSound":"plasmaboom",
		"fragBullets":17,
        "fragVelocityMax":1.1,
        "fragVelocityMin":1,
        "fragBullet":{ 
			"damage":150,
			"collides":true,
			"Shake":11,
			"shrinkX":0,
			"backColor":"97FFA8FF",
			"frontColor":"ffffff",
			"mixColorTo":"ffffff",
			"shrinkY":0,
			"sprite":"circle-bullet",
			"speed":3,
			"lifetime":105,
			"pierce": true,
			"pierceBuilding":true,
			"pierceCap":5,
			"drag":0.03,
			"splashDamage":85,
			
			"splashDamageRadius":235,
			"width":13,"height":13
              ,         
			"fragBullets":2,
    "fragLifeMax":2,
    "fragLifeMin":0,
    "fragBullet":{
		"Shake":11,
        "type": "LaserBulletType",
        "healPercent":3,
        "damage":55,
        "status":"shocked",
        "statusDuration":10,
        "collidesTeam":true,
        "hitEffect":"none",
        "despawnEffect":"none",
        "colors":["88a4ff", "606dbd", "FFFFFF"],
        "width":12, "length":96,
        "lifetime":20
    }
		             },
					"damage":90,
					"collides":true,
					"speed":4,
					"lifetime":135,
					"splashDamage":85,
					"splashDamageRadius":235,
					"width":23,"height":43
					}	},

		
		{
			"name": "kknnnmnm",	
			"reload": 120, 
			"y": 0,
			"x": 0, 
			"top":true,
			"mirror":false,
			"rotate": true,
			"shootCone":360,
			"bullet":
			{
				"statusDuration":100,
				"status":"wounded",
				"type":"BasicBulletType",
				"splashDamage":5,
				"splashDamageRadius":800,
				"speed": 0
			}

		}
	
	]
}
