{
    "type":"missile",
    "template":"MissileUnitType",
    "name":"单刀",
	"health": 80000000000000000000000,
	"hitSize": 7,
	"armor":1145141919810,
	"speed": 3.6,
	"lifetime": 1500,
	"maxRange": 10,
	"rotateSpeed": 2.5,
	"missileAccelTime": 800,
	"engineColor": "FF5845",
	"trailColor": "FF5845",
	"engineLayer": 110,
	"engineOffset": 0,
	"engineSize": 2.3,
	
	"trailLength": 10,
	"traiColor":"89D989",
	"trailEffect":
	{
	  "type":"WaveEffect",
	  "sizeFrom":3,
	  "sizeTo":1,
	  "strokeFrom":2,
	  "strokeTo":1,
	  "lifetime":8,
	  "colorFrom":"4b9386",
	  "colorTo":"FFFFFF"
	},
	"lowAltitude": true,
	"weapons": [
		{   
			"status":"wither",
			"x":0,
			"y":0,
			"parts":[
                {
             "type": "HaloPart",
             "progress": "warmup",
             "y":0,
             "color": "a3e1e3",
          
             "shapeRotation":180,
         
             "stroke": 1,
             "strokeTo": 1,
             "circle":false,
             "mirror":false,
             "hollow": false,
             "radius": 5,
             "tri": true,
             "sides": 3,
             "triLength": 5,
             "triLengthTo": 5,
             "radiusTo": 1,
            "shapes":4,
            "haloRadius": 3,
            "haloRotation": 0,
            "haloRotateSpeed":5,
             "layer": 110
                },
                {
             "type": "HaloPart",
             "progress": "warmup",
             "y":0,"x":0,
             "color": "a3e1e3",
             "stroke": 1,
             "strokeTo": 1,
             "circle":false,
             "mirror":false,
             "hollow": false,
             "radius": 5,
             "tri": true,
             "sides": 3,
           
             "triLength": 9,
             "triLengthTo": 9,
             "radiusTo": 1,
             "layer": 110,           
            "shapes":4,
            "haloRadius": 3,
            "haloRotation": 0,
            "haloRotateSpeed":5
                }
            ],
			"statusDuration":46,
			"shootCone": 360,
			"shootOnDeath": true,
			"mirror":false,
			"controllable": true,
			"shootSound": "none",
			"bullet": {
				"type": "ExplosionBulletType",
				"instantDisappear": true,
				"keepVelocity": false,
				"killShooter": true,
				
				"splashDamageRadius": 55,
				"splashDamage": 100,
				"hitEffect": {
					"type": "multiEffect",
					"effects": [
						{
							"type": "WaveEffect",
							"lifetime": 15,
							"sizeFrom": 0,
							"sizeTo": 30,
							"strokeFrom": 7.5,
							"strokeTo": 0,
							"colorFrom": "FFDCD8",
							"colorTo": "4b9386"
						},
						{
							"type": "ParticleEffect",
							"offset": 30,
							"particles": 10,
							"lifetime": 20,
							"length": 50,
							"interp": "circleOut",
							"sizeInterp": "pow5In",
							"cone": -360,
							"line": true,
							"strokeFrom": 1.5,
							"strokeTo": 1.5,
							"lenFrom": 5,
							"lenTo": 5,
							"lightColor": "4b9386",
							"colorFrom": "FFDCD8",
							"colorTo": "4b9386"
						}
					]
				}
			}
		}
	],
	"abilities": [
		{
			"type": "MoveEffectAbility",
			"effect": {
				"type": "ParticleEffect",
				"particles": 4,
				"sizeFrom": 4,
				"sizeTo": 1,
				"length": 30,
				"lifetime": 30,
				"lightOpacity": 0,
				"interp": "circleOut",
				"sizeInterp": "pow5In",
				"colorFrom": "89D989",
				"colorTo": "4b9386",
				"cone": 9
			},
			"interval": 2,
			"y": -8,
			"rotateEffect": true,
			"rotation": 180
		}
	]
}