{
	"type": "flying",
	"name": "炻",
	"description": "燃烧碎裂，只留灰烬",
	"details":"高端的美食往往只需要简单的烹饪~", 
    "canBoost": false, 
    "flying": true,
    "speed": 1.3,
    "hitSize": 35,
    "health": 50000,
    "armor": 180, 
    "mass":350,
    "engineSize": 18,
    "engineOffset": 36,
    "mechStepShake":2,
    "baserotateSpeed":4,
    "forceMultiTarget":true,
    "rotateSpeed": 3.5,
    "rotateShooting": true, 
    "lowAltitude":true,
    "itemCapacity": 10,
	"research": "horizon",  
    "weapons":
    [
      { "name":"qunbai" ,
        "shake":1,
        "rotate":false,	
   "rotateSpeed":5,
        "x":-40,"y":5,
        "shootY":15,"shootX":-30,
        "reload":20,
        "width":108,"height":152,
        "shoot":{
          "shots":3,
          "shotDelay":4,
          "type":"ShootBarrel"
          },
        "shootSound":"laser",
       
        "bullet":{
          "type": "MissileBulletType",
          "reloadMultiplier":1.3,
          "speed": 12,
          "damage": 80,
         
          "knockback":2.5,
          "lifetime":35,
          "width":30,"height":60,
          "ammoMultiplier":6,
         
          "splashDamage":40,
          "splashDamageRedius":1200,
         
          "pierce":true,
          "trailColor":"ffea63",
         
      "incendAmount":1}},

      {
           "name":"qunwei" ,
           "reloadMultiplier":0.1,
        "rotate":false,	
      
      "alternate": false,
      "x":25,"y":27.0,
      "reload":290,
      "width":128,"height":256,
      "shootY":37.5, 
      "shootSound":"laserbig",
      "continuous":true,
      "cooldownTime":290,
      "inaccuracy": 0,
	"recoil": 3,
	"rotateSpeed": 9,
	"shake": 5,
	"coolEffect":"steam",
	"cooldown":0.00,
      "bullet":{
      "type":"ContinuousLaserBulletType",
      "damage":123,
      "status":"melting",
      "statusDuration":600,
     
      "width":8,"length":640,
      "colors":["915337", "ffea63", "ffea63"],
      "hitEffect":{"type": "ParticleEffect",
      "particles": 15,
      "sizeFrom": 9,
      "sizeTo": 0,
      "length": 85,
      "baseLength": 0,
      "lifetime": 60,
      "colorFrom": "ffea63",
      "colorTo": "ffea63",
      "cone": 80},
      "lifetime":160,
      "shake":7,
      "despawnEffect":"smokeCloud",
      "smokeEffect":"none",
    
      "incendChance":1,
      "incendSpread":8,
      "incendAmount":1}},

      {
        "name":"qunshen" ,
     "shake":1,
   "rotate":true,	
   "rotateSpeed":5,
   "mirror":false,
 
   "xRand":8,
   "alternate": false,
   "x":0,"y":-3,
   "shoot":{
    "shots":5,
    "shotDelay":6,
    "type":"ShootBarrel",
    "barrels":[
        7,7,-45,
        -7,7,45,
        -8,0,35,
        8,0,-35,
        0,8,0
        
    ]	},
   "reload":20,
   "shootY":-50.5,
   "width":200,"height":125,
   "shootSound":"laser",
   "continuous":true,
   "cooldownTime":600,
   "bullet":{
    "type": "BasicBulletType",
          "reloadMultiplier":1.9,
          "speed": 10,
          "damage": 59,
          "makeFire":true,
          "knockback":2.5,
          
          "lifetime":60,
          "width":16,"height":64,
          "ammoMultiplier":6,
          "homingPower":0.09,
          "smokeEffect":"shootSmokeSquareBig",
          "shootEffect":"shootBigColor",
          "homingRange":170,
          "splashDamage":80,
          "lightColor":"ffea63",
          "hitColor":"ffea63",
          "waveStroke":2,
          "waveColor":"ffea63",
          "waveRad":5,
          "splashDamageRedius":290,
          "trailLength":20,
          "trailWidth":2,
          "sparks":5,
          "sparkRad":20,
          "sparkLen":6,
          "sparkStroke":2,
          "pierce":true,
          "trailColor":"ffea63",
          "sprite":"尘土-tunshi",
   "incendAmount":1,
   "fragBullets":4,
	"fragVelocityMax":1,
	"fragVelocityMin":1,
	"fragBullet":
  {
    "type": "BasicBulletType",
    "reloadMultiplier":1.9,
    "speed": 10,
    "damage": 55,
    "makeFire":true,
    "knockback":2.5,
    
    "lifetime":60,
    "width":16,"height":64,
    "ammoMultiplier":6,
    "homingPower":0.09,
    "smokeEffect":"shootSmokeSquareBig",
    "shootEffect":"shootBigColor",
    "homingRange":170,
    "splashDamage":80,
    "lightColor":"ffea63",
    "hitColor":"ffea63",
    "waveStroke":2,
    "waveColor":"ffea63",
    "waveRad":5,
    "splashDamageRedius":290,
    "trailLength":20,
    "trailWidth":2,
    "sparks":5,
    "sparkRad":20,
    "sparkLen":6,
    "sparkStroke":2,
    "pierce":true,
    "trailColor":"ffea63",
    "sprite":"尘土-tunshi"
  }
  }
}





 












      ]
}