{
	"type": "flying",
	"name":"幻象",
	"description": "更为强大的幻形，能够发射轻型修复导弹，更加高效的修复以及建造能力。\n\n[orange][全位算体支援部队]",
	"details":"所以他是幻形还是巨象",
"immunities": [
		"shocked","electrified","slow","freezing","burning","spore-slowed","脆裂","甲板损坏"
	],
	"allowedInPayloads":false
	"speed": 3
	"accel":0.05,"drag":0.03,
	"rotateSpeed":25,
	"ammoType":"titanium",
	"ammoCapacity": 300,
	"hitSize":15, 
	"flying": true
	"health":680,
	"armor":5
	"buildSpeed":3.5
	"engineOffset": 6,
	"engineSize": 3, 
	"itemCapacity": 120
	"abilities": [
	{
	"type": "RegenAbility",
	"amount": 0.25
	},
	{
        "type": "RepairFieldAbility"
        "amount":12
        "reload": 30
        "range": 48
    }]
    "weapons": [
	{	"name": "无",	
		//"minShootVelocity": 1.5,
		"reload": 3 
		"x": 0,  "y": 0,
		//"ignoreRotation":true,
		"rotate": true,
			"rotateSpeed": 0
		"shootCone":30,
		"inaccuracy": 10,
		"mirror": false,
		"shootSound": "missile",
		"bullet":{   
	"splashDamage":6,
	"splashDamageRadius":48,
	"speed":6
	"lifetime":30,
	"width":1,	 "height":3,
	"hitEffect":"flakExplosion",
	"despawnEffect":"flakExplosion"
	"sprite":"missile-back",
	"healPercent":1
	 "collidesTeam":true,
            "homingRange": 20,
            "homingPower": 0.1,
            "homingDelay":1
            "trailLength":3
    "trailWidth":0.5,
    "trailColor":"7CF38990",
    "backColor":"97FFA880",
    "frontColor":"FFFFFF"
    "buildingDamageMultiplier":0.1
	}	}
    ]
    "research": {
	"parent":"BA1sHA精锐工厂"
	}
	"researchCostMultiplier": 0,
	"UnitCommand": "rebuildCommand",
}
