{
	// "type":"SolidPump",
	"name":"中型抽水机",
	"description": "廉价的地下抽水装置，仅消耗微量电力",
	"size":2,
	"hasPower": true,
	"hasLiquids":true,
	"consumes":{
	"power":0.15
	}
	"health":800,
	"pumpAmount":0.125,//每帧泵量
	"baseEfficiency": 0.1,//基础效率
	"result":"水",//所泵液体
	"rotateSpeed":3,//贴图转速
	"attribute":"水",//地形加成
	"liquidCapacity":15,
	"requirements": [
	"黄铜/20"
	"铁/20"
		],
	"category": "production",
	"research": {
		"parent": "水钻机"
		"objectives": [
        "科技_工业"
    ],
    "requirements": [
	"黄铜/200"
	"铁/200"
		],
	}
}