{
	//"type": "drill",
	"name":"充能钻头",
    "description": "炫！金，闪瞎狗眼！",
    "details":"与24k金狗眼同一材质"
    "health":600,
    "itemCapacity":10,
    "tier":3,
    //钻头的开采等级
    "drillTime":300,
    //矿物开采耗时
    "size":3,
    "armor":2,
    "group":"drills"
    "hasLiquids": true,
	"alwaysUnlocked":false,
	"liquidCapacity":18,
    "drawMineItem":true,
    //是否在中心绘画所采矿物的颜色
    "drillEffect": "mine",
    "updateEffect":"lightningCharge",
    "drawRim":false,
    "heatColor":"#71d5ff",
    //开采出矿物时的颜色
    "rotateSpeed":5,//贴图转速
    "warmupSpeed":0.25,
    //钻头完全启动的速度(一除以(此数值*60)(单位/秒))
    "liquidBoostIntensity":1.6,
    //液体提供的加速效果
		"consumes": {
		"liquid": {
			"liquid": "水", 
			"amount": 0.1,
			"booster": true,
			"optional": true
		}
	},
   	"requirements": [
	    "金/40",
	    "钢/30",
	    ]
		"research": {
		"parent": "黄铜钻头",
    "requirements":[
        "金/200",
        "钢/150"
        ]
	},
    "category": "production"
}