{
	"name":"原型钻头",
    "description": "便宜量大的钻头，但便宜的结果是效率极低",
    "details":"前文明留下的科技之一，上面似乎写着几个字符，但文字的刻痕早已模糊不清"
    "health":200,
    "itemCapacity":10,
    "tier":1,
    //钻头的开采等级
    "drillTime":500,
    //矿物开采耗时
    "size":1,
    "armor":2,
    "group":"drills"
    "hasLiquids": true,
	"alwaysUnlocked":false,
	"liquidCapacity":18,
    "drawMineItem":true,
    //是否在中心绘画所采矿物的颜色
    "drillEffect": "mine",
    "updateEffect":"lightningCharge",
    "drawRim":false,
    "heatColor":"#71d5ff",
    //开采出矿物时的颜色
    "rotateSpeed":3,//贴图转速
    "warmupSpeed":1,
    //钻头完全启动的速度(一除以(此数值*60)(单位/秒))
    "liquidBoostIntensity":1.25,
    //液体提供的加速效果
		"consumes": {
		"liquid": {
			"liquid": "水", 
			"amount": 0.1,
			"booster": true,
			"optional": true
		}
	},
   	"requirements": [
	    "废料/10",
	    ]
		"research": {
		"parent": "一阶废料核心",
    "requirements":[
        "废料/30",
        ]
	},
    "category": "production"
}