{
	// "type":"SolidPump",
	"drawer":{
		"type":"DrawMulti",
		"drawers": [
			"DrawDefault",
			{
				"type":"DrawDefault"
			},
			{
				"type":"DrawLiquidRegion",
				"drawLiquid":"石油"
				"suffix":"-油"
			},
			{
				"type": "DrawRegion",
				"suffix": "-转",
				"spinSprite": true,
				"rotateSpeed": 0.6
			},//
			{
				"type": "DrawRegion",
				"suffix": "-顶",
			},//
		]
	}
	"name":"石油钻井",
	"description": "点头yes摇头no，碰到石油gogogo",
	"size":3,
	"hasPower": true,
	"hasLiquids":true,
	"hasItems":true,
	"consumes":{
		"power":1.5
		"items":{
			"items":[
				"废沙/2",
			]
		}
		"liquids":{
	"liquids":[
	"水/0.025"
	]
	}
	}
	"health":800,
	"craftTime":60,
	"outputLiquid":"石油/0.1",
	"liquidCapacity":15,
	"requirements": [
	"黄铜/40"
	"铁/40"
		],
	"category": "production",
	"research": {
		"parent": "水钻机"
			"objectives": [
			"科技_工业"
		],
		"requirements": [
			"黄铜/400"
			"铁/400"
		],
	}
}