{
	//"type": "drill",
	"name":"高能挖掘器",
	"description": "特化钻头，可以用于开采墙上的矿物",
	"details":"帝国O5-647y的UPETN-0xffaf66标准造物"
	"health":600,
	"size":2,
	"itemCapacity":10,
	"drillTime": 120, // 钻孔所需的基础时间
	"range": 5, // 钻孔可覆盖的范围
	"tier": 2, // 钻孔等级，决定可开采资源的硬度上限
	"laserWidth": 0.65, // 激光的宽度
	"warmupSpeed":0.5,
	//钻头完全启动的速度(一除以(此数值*60)(单位/秒))
	"liquidBoostIntensity":1.5,
	//液体提供的加速效果
		"consumes": {
		"power":0.2,
		"liquid": {
			"liquid": "水", 
			"amount": 0.1,
			"booster": true,
			"optional": true
		}
	},
   	"requirements": [
		"黄铜/20",
		"铁/15"
		]
		"research": {
		"parent": "黄铜钻头",
		"requirements":[
			"黄铜/200",
			"铁/150"
		],
		"objectives": [
			{
				"type": "OnSector",
				"preset": "对峙狭廊"
			},
		],
	},
	"category": "production"
}