{
	"type": "TractorBeamTurret",
	"name": "耀斑",
	"description": "。。。",
	"targetAir": true,
	"targetGround": true,
	"health":2400,
	"size": 4, 
	"heatColor":"turretHeat",
	"shootShake":0.5,
	"damage": 85,
	"status":"burning",
	"statusDuration":180,
	"splashDamageRadius":25,
	"splashDamage":55,
	"consumes": {
		"power":34
		},
	"rotateSpeed": 1,
	"range": 500,
	"laserWidth":1,
	
	"force":0,
	"category": "turret",
	"research": "极光",
	"requirements": [
	{ "item": "lead", "amount":55}
	]
}
