{
"type":"material",//物品类型

"name":"孢子荚矩阵",
"description":"将孢子荚加工得到的物品。",//描述
"details ":"……",//一些物品的下面一行灰字
 "color": "971FE0FF",//颜色（在分类器其中的颜色）源代码不是这么写的懒得改颜色了
"explosiveness":0,//爆炸值
"flammability":4.6,//可燃性
"radioactivity":0,//放射性
"hardness":10,//硬度
"cost":0,//成本
"alwaysUnlocked": false ,//是否始终解锁
"research":"spore-pod"//解锁研究
}