{
"type":"material",//物品类型

"name":"巨浪合金矩阵",
"description":"将巨浪合金加工得到的物品。",//描述
"details ":"……",//一些物品的下面一行灰字
"color":"F7F700FF",//颜色（在分类器其中的颜色）源代码不是这么写的懒得改颜色了
"explosiveness":0,//爆炸值
"flammability":0,//可燃性
"radioactivity":0,//放射性
"hardness":10,//硬度
"charge":3//放电性
"cost":0,//成本
"alwaysUnlocked": false ,//是否始终解锁
"research":"surge-alloy"//解锁研究
}