{
    "type":"CellLiquid",
	"name":"临界流体",
	"description":"三相点极近的流体，对列位流体有特异吞噬性，可用于列位流体泄露处理",
	"color":"b8fff940",
	"gas":false,
	"moveThroughBlocks":true,
	"spreadTarget":"列位流体",
	//可以通过液体传播
	"blockReactive":false,
	//建筑阻拦
	"flammability":0,
	//燃烧性
	"temperature":-3.5
	//液体温度
	"heatCapacity":0.8,
	"viscosity":0.12,
	//粘稠度
	"explosiveness":0,
	"boilPoint":2
}