{
  "type":"MendProjector",
   "name": "大记忆合金墙",
  	"description": "能够抵御非常强大的攻击，同时也能范围修复（影响附近建筑，使其受到增益）",
  "health": 8000,
  "reload":30,
  "range":15,
  "phaseRangeBoost":0,
  "buildCostMultiplier":5
  "healPercent":5,
  "size":2,
  "phaseBoost":0,
  "hasPower":false
  	"requirements": [
		{ "item": "记忆金属", "amount":24 },
		{"item":"silicon","amount":40}
	],
	"category": "defense",
	"research": "小记忆合金墙"
  "rebuildable":true,
  "insulated":true,
}