{
    "type": "ImpactReactor",
    "name":"热核反应堆"
    "description": "利用核聚变发电，比核裂变反应堆更高效也更安全"
    "size": 6,
    "health": 5000,
   	"liquidCapacity":100 ,
    "hasLiquids": true,
   	"hasItems": true,
  	"itemCapacity": 50,
    "powerProduction": 300,
    "consumes": {
    "power": 50,
    "items": {
        "items": [ 
            
            {"item": "重核", "amount":2 }
        ],
    },
    "liquid": {
        "liquid": "液态氮",
        "amount": 0.25
    }
},
    "requirements": [
		{ "item": "metaglass", "amount": 300 },
  	{ "item": "记忆金属", "amount": 600 },
   { "item": "粒子防护板","amount": 100},
   { "item": "混合板", "amount": 550 },
   { "item": "plastanium", "amount": 180 },
		{ "item": "graphite", "amount": 150 },
		{ "item": "silicon", "amount": 250 },
		{ "item": "graphite", "amount": 300 },
   { "item": "titanium", "amount": 300 } 
	],
	"category": "power",
	"research": "核反应堆"
}
