{
	"name": "机械文明",
    "author": "
[gold]<Machine-Civilization               机械文明>
<挖掘I运输I打包I冶炼I能源I投递I转换I防御I分离>[]

chancy晨曦，寒霜-冰（原名病毒）合作出品


新：
新增工厂-
紫水晶分解机-分解紫水晶获取硅晶

工厂调整-
电解池，石油分解池生产时间调为1秒
部分工厂贴图轻改
部分工厂数据轻改
",
    "description": "
目标：数据库中保存着全部科技，再次建设
机械文明，展现机械文明的荣耀，我们要重
建机械核心!

[red]转载本mod注明出处[]
[red]未经允许，禁随意修改[]
[red]尊重作者，尊重劳动[]

[gold]欢迎游玩本mod！[]

chancy晨曦QQ：1620048417
mod交流群：1039956630
mod服务器：m.tiexiu.xyz:30005
有什么问题或建议可以联系我",
	"dependencies":[],
	"version": 1.11
}
