{
	"name":"镁铝合金工厂",
	"description":"制造镁铝合金",
	"size":3,
	"outputItem":
		{"item":"Mg-Al","amount":1},
	"consumes":{
		"power":4.0,
		"items":{
			"items":[
				{"item":"Mg","amount":2},
				{"item":"Al","amount":1}
				]
			}
		},
	"requirements":[
		{"item":"Mg","amount":600},
		{"item":"Fe-C","amount":250},
		{"item":"普通科技点","amount":540}
		],
	"hasItems":true,
	"craftTime":100,
	"health":1250,
	"itemCapacity":30,
	"research":{
	"parent":"Fe-C-Plant",
    "requirements":[
		{"item":"Mg","amount":6000},
		{"item":"Fe-C","amount":2500}
	]},
	"category":"crafting"
}