{
    "name": "扭曲物质制作厂",
	"description": "物质制作厂",
	"size":4,
	"flameColor":"BA55D3",
	"outputItem":
		{"item":"xvx-nqwz","amount":3},
	"consumes":{
		"power":2.0,
		"items":{
			"items":[
				{"item":"ice","amount":10},
				{"item":"C90","amount":20},
				{"item":"xvx-ai","amount":1},
				{"item":"Pu-239","amount":5}
			]
		}
	},
	"requirements": [
		{"item":"Mg-Al","amount":3000},
		{"item":"Fe-C","amount":8000},
		{"item":"Ti+","amount":1000},
		{"item":"C60","amount":500},
		{"item":"普通科技点","amount":960}
	],
	"research":{
	"parent":"xvx-ai-Plant",
    "requirements":[
		{"item":"Mg-Al","amount":30000},
		{"item":"Fe-C","amount":80000},
		{"item":"Ti+","amount":10000},
		{"item":"C60","amount":5000}
	]},
	"category":"crafting",
	"craftTime":480,
	"itemCapacity":200,
	"health":10000,
	"update":true,
	"solid":true,
	"hasPower":true,
	"hasItems":true,
	"rotate":false,
	"hasLiquid":true
}