{
	"type": "GenericCrafter",
	"name":"铁厂"
	"description": "制作铁",
	"health": 250,
	"itemCapacity": 10
	"outputItem": {"item": "铁","amount": 1},
	"size": 2,
	"hasPower": true,
	"hasItems": false,
	"craftTime": 300
	"updateEffect": "none",
	"drawer":{
        "type":"DrawMulti",
        "drawers":[
            "DrawDefault",
			"DrawFlame"
            ]
    },
	"buildCostMultiplier":0.75
	"consumes": {
		"power": 2.5
		"items": {
			"items": [
				{ "item":"铁矿石","amount":2}
			]
		}
	},
	"requirements": [
		{ "item": "copper", "amount": 60}
		{"item":"lead","amount":45}
		{ "item":"titanium","amount":35}
	]
	"category": "crafting",
 "research":"工厂"
}