{
    "type": "GenericCrafter",
    "health": 500,
    "name": "钛制硫化物混合器",
    "description": "需要大量电，不需要沙子",
    "outputItem": {
        "item": "pyratite",
        "amount": 2
    },
    "itemCapacity": 40,
    "size": 2,
    "hasPower": true,
    "hasItems": true,
    "craftTime": 12,
    "updateEffect": "none",
    "drawer": {
        "type": "DrawMulti",
        "drawers": [
            "DrawDefault",
            "DrawFlame"
        ]
    },
    "consumes": {
        "power": 12,
        "items": {
            "items": [
                {
                    "item": "coal",
                    "amount": 2
                }
            ]
        }
    },
    "requirements": [
        {
            "item": "titanium",
            "amount": 60
        }
    ],
    "category": "crafting",
    "research": "硅制硫化物混合器"
}