{
    "type": "tank",//类型
    "name":"破坏"
    "description":"强大的陆地单位，发射爆破性矿渣子弹。\n专为摧毁建筑设计，用来对付单位时不能保证命中率。",//介绍
	"details":"",
	"research": {
	"parent": "开拓"//科技树前置
	"objectives":[
	{
	"type": "SectorComplete",//占领地图
	"preset":"野性之心-放射性采集基地"//地图名
	},
	]},
    "squareShape":false//方形影子
    "omniMovement":false//同时移动（诡异漂移）
    "drownTimeMultiplier":2,//淹死时间
    "rotateMoveFirst":true//履带先移动
    "rotateSpeed":1//履带速度
    "envDisabled":0
    "speed":0.6//速度
    "hitSize":26//碰撞箱
    "treadPullOffset":3//履带拉力
    "rotateSpeed":3//转头速度
    "health":1200
    "armor":3
    "range":160
    "itemCapacity":20//物品容量
    "singleTarget": false,//只有一个目标
    "immunities": [
        "melting",
        "burning"
        ],//状态豁免
	"weapons": [//武器
		{"name": "破坏武器",//武器贴图
		"mirror": false,
		"x":0,"y":0,//位置
		"rotateSpeed":3//转头速度
		"shake":1,
		"rotate": true,//转向
		"shootSound" : "shootBig",
		"reload":30,//攻速
		"top": true,//旋转
		"ejectEffect": "casing2Double",//抛壳特效
		"inaccuracy":4,//不准确度
		"alternate":false,//轮流射击
		"shootCone":30,
		"shoot": {
    "type": "shootBarrel",
    "shots": 2,//射击数量
    "barrels": [-10,8,0,10,8,0],//炮口位置（左右，前后，偏角）
	"shotDelay": 0//连射间隔
}
		"bullet": {//子弹
			"type": "BasicBulletType",//类型
			"sprite":"large-orb",//子弹贴图
			"hitEffect": "blastExplosion",
			"knockback":0.8,//击退力
			"damage":24,//单体伤害
			"speed":8,//速度
			"width":12,"height":24,//宽长度
			"lifetime":20,//存在时间
			"shootEffect": "shootBig",//攻击特效
			"smokeEffect": "shootBigSmoke",//烟雾特效
			"splashDamageRadius": 24,//伤害范围
			"splashDamage": 28,//范围伤害
            "trailWidth":0,
            "trailLength":0,
            "trailColor":"faa755",//尾迹颜色
            "trailEffect":"missileTrail",
            "trailInterval" :3,//尾迹特效间隔
            "trailParam" :4,//尾迹特效大小
            "status":"melting",
            "statusDuration": 240//效果时长
		"fragBullets":8,
		"fragBullet":{
            "type":"LiquidBulletType",//液体子弹类型
	        "liquid":"slag",
	        "puddleSize":64,//水坑大小
        	"damage": 0,//伤害
	        "speed": 0,//子弹速度
	        "knockback":0,//击退
	        "lifetime":0.1,//子弹存在时间，帧
            "colors":["4e72b8", "426ab3", "2b4490"],//子弹颜色，从外到内
	        "pierce":false,//穿透
	        "hitEffect": "none",//打姬特效
	        "updateEffect": "railTrail",//更新特效
	        "shootEffect": "instShoot",//射姬特效
	        "status":"melting"//施加效果
	        "statusDuration": 60//效果时长
	        }
			}	}	],
}