{
    "type": "StorageBlock",
    "category": "effect",
    "research": "vault",
    "requirements": [
        {
            "item": "titanium",
            "amount": 450
        },
        {
            "item": "thorium",
            "amount": 250
        },
        {
            "item": "混凝土",
            "amount": 80
        }
    ],
    "size": 4,
    "description": "在仓库的基础上进行了升级，可以存储更多的物品。其他方面与仓库保持一致。",
    "name": "扩容仓库",
    "itemCapacity": 4000,
    "scaledHealth": 80,
    "coreMerge": true
}
//此方块儿为工业类-新工业类-建材类
