{
	"name":"超级加速器",
	"description":"2级达",
	"baseColor":"aaffee",
	"phaseColor":"00ffff",
	"health":5000,
	"size":4,
	"range":280,
	"reload":30,
	"speedBoost":20.0,
	"speedBoostPhase":5,
	"useTime":120,
	"phaseRangeBoost":50,
	"hasItems":true,
	"hasPower":true,
	"hasLiquids":true,
	"liquidCapacity":80,
	"consumes": {
		"power":25.0,
        "liquid": {
			"liquid":"yj", 
			"amount":0.06,
			"optional":true,
			"booster":true
			
		}
	},
	"requirements":[
		{"item":"Mg-Al","amount":2000},
		{"item":"Fe-C","amount":3000},
		{"item":"Ti+","amount":900},
		{"item":"U-235","amount":180},
		{"item":"普通科技点","amount":960}
	],
	"research":{
	"parent":"cs",
    "requirements":[
		{"item":"Mg-Al","amount":20000},
		{"item":"Fe-C","amount":30000},
		{"item":"Ti+","amount":9000},
		{"item":"U-235","amount":1800}
	]},
	"category":"effect"
}