{
	"name":"加速器",
	"description":"1级达",
	"baseColor":"aaffee",
	"phaseColor":"00ffff",
	"health":2500,
	"size":2,
	"range":150,
	"reload":60,
	"speedBoost":12.0,
	"speedBoostPhase":2,
	"useTime":300,
	"phaseRangeBoost":20,
	"hasItems":true,
	"hasPower":true,
	"hasLiquids":true,
	"liquidCapacity":60,
	"consumes": {
		"power":12.0,
        "liquid": {
			"liquid":"yj", 
			"amount":0.04,
			"optional":true,
			"booster":true
		}
	},
	"requirements":[
		{"item":"Mg-Al","amount":1000},
		{"item":"Fe-C","amount":1500},
		{"item":"Ti+","amount":500},
		{"item":"Fe","amount":1800},
		{"item":"普通科技点","amount":240}
	],
	"research":{
	"parent":"Pu-239-Plant",
    "requirements":[
		{"item":"Mg-Al","amount":10000},
		{"item":"Fe-C","amount":15000},
		{"item":"Ti+","amount":5000},
		{"item":"Fe","amount":18000}
	]},
	"category":"effect"
}