{
    "name": "时空扩张加速器",
    "description": "宇宙级加速器",
    "baseColor":"9f88ff",
	"phaseColor":"9955ff",
    "health": 2500,
    "size": 2,
    "range": 30,
    "reload": 60,
    "speedBoost": 100,
	"hasItems":false,
	"hasPower":false,
	"hasLiquids":false,
	"speedBoostPhase":1000,
	"phaseRangeBoost":100,
	"useTime":120,
	"consumes":{
		"items":{
			"items":[
				{"item":"xvx-nqwz","amount":1}
			],
			"booster":true,
			"optional":true
		}
	}
    "requirements": [
        {
            "item": "Mg-Al",
            "amount": 10000
        },
        {
            "item": "Fe-C",
            "amount": 15000
        },
        {
            "item": "Ti+",
            "amount": 500
        },
        {
            "item": "Fe",
            "amount": 1800
        },
        {
            "item": "Inverse-mass",
            "amount": 30
        },
		{"item":"普通科技点","amount":240}
    ],
	"research":{
	"parent":"fz",
    "requirements":[
		{"item": "Mg-Al","amount": 100000},
        {"item": "Fe-C","amount": 150000},
        {"item": "Ti+","amount": 5000},
        {"item": "Fe","amount": 18000},
        {"item": "Inverse-mass","amount": 300}
	]},
    "category": "effect"
}