{
	"name":"终极修复投影仪",
	"description":"终极版",
	"health":8500,
	"size":4,
	"range":300,
	"reload":200,
	"baseColor":"99ff99",
	"phaseColor":"00ff00",
	"healPercent":200,
	"phaseBoost":400,
	"phaseRangeBoost":80,
	"useTime":60,
	"hasItems":true,
	"hasPower":true,
	"hasLiquids":true,
	"liquidCapacity":100,
	"consumes":{
		"power":35.0,
		"liquid": {
			"liquid":"yj", 
			"amount":0.1,
			"optional":true,
			"booster":true
		}
	},
	"requirements": [
		{"item":"Mg-Al","amount":3000},
		{"item":"U-235","amount":500},
		{"item":"Ti+","amount":1000},
		{"item":"Pu","amount":50},
		{"item":"普通科技点","amount":960}
	],
	"research":{
	"parent":"xf",
    "requirements":[
		{"item":"Mg-Al","amount":30000},
		{"item":"U-235","amount":5000},
		{"item":"Ti+","amount":10000},
		{"item":"Pu","amount":500}
	]},
	"category": "effect"
}