{
	"name": "贝塔",
	"description": "‘护家’时代开启的正式宣告",
    "details":"居者将一致对外，坚决保卫于蓝星之上的主权",
    "type": "ItemTurret",
	"size": 4,
	"health": 9090,
	"range": 250,
	"reloadTime":5,
	"liquidCapacity": 120,
    "shootSound":"laser",
	"inaccuracy": 0,
	"recoilAmount": 3,
	"research":"2dai",
	"poweruse":20,
    "drawer":{"type":"DrawMulti",
        "drawers":[{"type":"DrawTurret",
        "parts":[
            {"type":"RegionPart",
            "mirror":false,
            "x":7,"y":6,
            "suffix":"-p",
            "layer":50,
            "moveX":-6,
            "moveY":4,
            "heatColor": "89D989"
            
            },
            {"type":"RegionPart",
                "mirror":false,
                "x":-7,"y":6,
                "suffix":"-o",
                "layer":50,
                "moveX":6,
                "moveY":4 ,
                "heatColor": "89D989"
                
                },{
                    "type": "ShapePart",
                    "progress": "warmup",
                    "y":15,"x":-10,
                    "sides": 3,
                    "color": "ffa565",
                    "rotateSpeed":2,
                    "stroke": 0,
                    "strokeTo": 1,
                    "circle": false,
                    "hollow": true,
                    "radius": 0,
                    "radiusTo": 5,
                    "layer": 49
                },
                {
                    "type": "ShapePart",
                    "progress": "warmup",
                    "y":15,"x":-10,
                    "color": "ffa565",
                    "stroke": 0,
                    "strokeTo": 1,
                    "circle": true,
                    "hollow": true,
                    "radius": 0,
                    "radiusTo": 6,
                    "layer": 49
                },
                {
                    "type": "ShapePart",
                    "progress": "warmup",
                    "y":15,"x":10,
                    "sides": 3,
                    "color": "ffa565",
                    "rotateSpeed":2,
                    "stroke": 0,
                    "strokeTo": 1,
                    "circle": false,
                    "hollow": true,
                    "radius": 0,
                    "radiusTo": 5,
                    "layer": 33
                },
                {
                    "type": "ShapePart",
                    "progress": "warmup",
                    "y":15,"x":10,
                    "color": "ffa565",
                    "stroke": 0,
                    "strokeTo": 1,
                    "circle": true,
                    "hollow": true,
                    "radius": 0,
                    "radiusTo": 6,
                    "layer": 33
                }
          
            ]}]},
            "shoot":{
                "shots":4,
              
                "type":"ShootBarrel",
                "barrels":[
                   -17.5,2,-30,
                   -13.5,2,30,
                   17.5,2,30,
                   13.5,2,-30      
                             ]	},
	"rotateSpeed": 9,
	"shootShake": 1,
	"cooldown":0.03,
    "mirror":true,
   "recoil":5,
   "Color":"89D989",
   "restitution":0.02,
   "speed":60,
   "shootCone":8,
   "xRand":0,
   "targetAir":true,
   "targetGround":true,
   "shootLength":20,
   
   "ammoTypes":{
    "titanium":{
            "type": "MissileBulletType",
            "reloadMultiplier":3.3,
            "speed": -4,
            "damage": 20,
            "shootSound":"wind",
            "makeFire":false,
            "knockback":2.5,
            "lifetime":90,
            "width":6,"height":6,
            "ammoMultiplier":6,
            "homingDelay":19,
            "pierce": true,
            "pierceCap":3,
            "pierceBuilding":false,
            "homingPower":0.35,
            "homingRange":1700,
            "splashDamage":7,
            "splashDamageRedius":90,
            "trailLength":7,
            "trailWidth":1,
            "trailColor":"ffd59e",
            "shrinkX":0,
            "shrinkY":0,
            "sprite":"尘土-bloom",
            "spin": 9,
            "frontColor":"ffffff","backColor":"b0b9c0",
            "fragBullets":4,
		"fragVelocityMax":1,
		"fragVelocityMin":1,
        "fragSpread":90,
        "fragRandomSpread":0,
		"fragBullet":{
        "type":"LaserBulletType",
	    "lifetime":10,
      	"damage":20.00,
          "sideAngle":0,
          "sideWidth":0,"sideLength":0,
 	     "width": 16,"length": 10
        }
        
        },
        "tiandingding":
        {
            "reloadMultiplier":0.1,
            "speed": 15,
            "damage": 60,
            "makeFire":true,
            "knockback":2.5,
            "lifetime":25,
            "width":16,"height":64,
            "ammoMultiplier":6,
            "homingPower":0.09,
            "homingRange":70,
            "weaveMag":3,
            "weaveScale":10,
            "trailEffect":"heal",
            "trailLength":20,
			"trailWidth":5,
            "shootEffect":"flakExplosionBig",
			"trailColor":"ffa565",
            "shootCone":10,
            "splashDamage":60,
            "splashDamageRedius":900,
            "hitEffect": {
                "type": "MultiEffect",
                "effects": [
                   
                    {
                        "type": "WaveEffect",
                        "lifetime": 12,
                        "sizeFrom": 0,
                        "sizeTo": 80,
                        "strokeFrom": 15,
                        "strokeTo": 0,
                        "colorFrom": "FFFFFF",
                        "colorTo": "FFFFFF"
                    },
                    {
                        "type": "WaveEffect",
                        "lifetime": 10,
                        "sizeFrom": 8,
                        "sizeTo": 70,
                        "strokeFrom": 8,
                        "strokeTo": 0,
                        "colorFrom": "89D989",
                        "colorTo": "FFFFFF"
                    }, {
                        "type": "flakExplosionBig",
                        "lifetime": 8,
                        "sizeFrom": 0,
                        "sizeTo": 10,
                        "strokeFrom": 15,
                        "strokeTo": 0,
                        "colorFrom": "FFFFFF",
                        "colorTo": "FFFFFF"
                    }
                ]
           
        },
        "fragBullets":2,"fragVelocityMax":0.1,
        "fragVelocityMin":0.1,
        "fragBullet":{
            "type": "MissileBulletType",
            "reloadMultiplier":1.3,
            "speed": 8,
            "damage": 40,
            "makeFire":true,
            "knockback":2.5,
            "lifetime":30,
            "width":16,"height":64,
            "ammoMultiplier":6,
            "homingPower":10.5,
            "homingRange":70,
            "splashDamage":35,
            "splashDamageRedius":90,
            "trailLength":10,
            "trailWidth":2,
            "pierce":true,
            "trailColor":"ffa565",
            "sprite":"尘土-tunshi",
            "fragBullets":2,
		"fragVelocityMax":0.1,
		"fragVelocityMin":0.1,
		"fragBullet":{
        "type":"LaserBulletType",
	    "lifetime":10,
      	"damage":52.00,
          "homingPower":0.09,
          "homingRange":7000,
 	     "width": 16,"length": 40,
          "colors":["d06c53", "f19683", "ffffff"],
         "fragBullets":2,"fragVelocityMax":0.1,
         "fragVelocityMin":0.1,
         "fragBullet":{
             "type": "MissileBulletType",
             "reloadMultiplier":1.3,
             "speed": 8,
             "damage": 40,
             "makeFire":true,
             "knockback":2.5,
             "lifetime":30,
             
             "width":16,"height":64,
             "ammoMultiplier":6,
             "homingPower":50,
             "homingRange":7,
             "splashDamage":50,
             "splashDamageRedius":90,
             "trailLength":10,
             "trailWidth":2,
             "pierce":true,
             "trailColor":"ffa565",
             "sprite":"尘土-tunshi"
        }

        }
        }
    },
    "Vanadium-alloy":
    {
        "type":"LaserBulletType",
        "lifetime":10,
        "damage":100.00,
        "tileDamageMultiplier":2.0,
        "reloadMultiplier":0.09,
         "width": 20,"length": 1400,
         "sideAngle":80,
         "sideWidth":13,"sideLength":800,
        "colors":["d06c53", "f19683", "ffffff"]
    }
       


},
"consumes": {
    "power": 60},
 "category": "turret",
 "requirements": [
     { "item": "titanium", "amount":180},
     { "item": "surge-alloy", "amount": 120 },
     { "item": "lead", "amount": 250 },
     { "item": "tiandingding", "amount": 1 }
    
 ]}