{
    "name":"基础型炮台",//名称
    "type":"ItemTurret",//种类
    "description": "现代炮之鼻祖",
   
    "size":1,//尺寸
    "requirements":[{"item": "copper", "amount":200 }],//建材
    "research": "duo",
    "category":"turret",//菜单栏
    "health":4320,
	"reloadTime":5,
	"range": 115,
    "maxAmmo":30,
	"restitution":0.05,
	"canOverdrive": false,
	"coolantMultiplier":0.4,
	"recoilAmount":4,
	"cooldown": 0.005,
	"shoot":{
		"shots":1,//发射的子弹数量
        "type":"ShootSpread"
	
	},
	"ammoUseEffect": "casing3",//抛壳
	"ammoPerShot": 1,
	"targetGround":true,
	"targetAir":true,
	"coolantUsage":6,   
	"liquidCapacity": 360,
	"inaccuracy": 3.5,
	"shootShake":3,
	"shootSound": "shootBig",
	"rotateSpeed": 8.5,
    "ammoTypes": {
        "coal": {
            "speed": 10,
            "damage":5,	
            "splashDamageRadius":35,
            "splashDamage":10,
            "knockback":2,
            "makeFire":true,
            "status":"burning",
               "statusDuration":600,
            "lifetime":10,
            "pierce": true,	
            "pierceBuilding":true,
            "pierceCap":4,
            "incendChance":0.3,
            "incendSpread":16,
            "incendAmount":3,
            "width": 12,"height": 18,
            "ammoMultiplier":6,	
            "despawnEffect":"flakExplosionBig",
            "hitEffect":"flakExplosionBig",
        "shootEffect": "shootBig",
        "smokeEffect":"shootBigSmoke"
         
    }
   }
}

