{
    "name":"脉冲",
    "type":"PowerTurret",
    "description": "小型清杂炮塔",
   
    "size":3,
    "requirements":[
        {"item": "titanium", "amount":40 },
        {"item": "phase-fabric", "amount":20 },
        {"item": "plastanium", "amount":30 }
    ],
    "research": "lancer",
    "category":"turret",
    "health":1520,
	"reloadTime":5,
	"range": 315,
    "maxAmmo":30,
	"restitution":0.05,
	"canOverdrive": false,
	"coolantMultiplier":0.4,
	"recoilAmount":4,
	"cooldown": 0.005,
	"shoot":{
		"shots":1,
        "type":"ShootSpread"
	
	},
	
    "consumes": {"power":7
                    },
	"ammoPerShot": 1,
	"targetGround":true,
	"targetAir":true,
	"coolantUsage":6,   
	"liquidCapacity": 360,
	"inaccuracy": 3.5,
	"shootShake":3,
    "hitEffect":"WaveEffect",
	"shootSound": "shootBig",
	"rotateSpeed": 8.5,
    "shootType": {
       
            "type":"BasicBulletType",
            "damage": 45,
            "splashDamage": 35,
            "splashDamageRadius": 20,
            "height": 14,
            "width": 12,
            "speed": 11,
            "drag": -0.01,
            "lifetime": 20,
            "frontColor": "FEEBB3",
            "backColor": "F3E979",
            "trailColor": "F3E979",
            "trailLength": 24,
            "trailWidth": 2,
            "trailSinScl": 0.7853981625,
            "trailSinMag": 1.570796325,
            "homingPower": 0.06,
            "homingRange": 160,
            "pierce": true,
            "pierceCap": 4,
            "reflectable": false,
            "absorbable": false
    
   }
}

