{
	"type": "payload",
	"payloadCapacity": 5184,
	"name": "庇护",
	"controller": "FlyingFollowAI",
	"speed": 1.11,
	"drag": 0.03,
	"accel": 0.02,
	"rotateSpeed": 1,
	"deathSound": "大型空军-死亡2"//单位死亡后音效
	"immunities": [
		"burning",
		"electrified",
		"freezing",
		"unmoving",
	
	],
	"ammoType": {
		"type": "PowerAmmoType",
		"totalPower": 8000
	},
	"hitSize": 58,
	"buildSpeed": 8,
	"buildBeamOffset": 11,
	"flying": true,
	"health": 68000,
	"armor": 28,
	"engineOffset": 45,
	"engineSize": 15,
		"abilities": [
		{
			"type": "ForceFieldAbility",
			"sides": 3,
			"radius": 180,
			"rotation": 0,
			"max": 10000,
			"regen": 4.2,
			"cooldown": 330
			}
			{
			"type": "ForceFieldAbility",
			"sides": 3,
			"radius": 180,
			"rotation": 180,
			"max": 10000,
			"regen": 4.2,
			"cooldown": 330
			}
			{
			"type": "StatusFieldAbility",
			"duration": 130,
			"reload": 140,
			"range": 160,
			"applyEffect": "none",
			"activeEffect": {
				"type": "WaveEffect",
				"lifetime": 30,
				"sizeFrom": 120,
				"sizeTo": 30,
				"strokeFrom": 3,
				"strokeTo": 0,
				"colorFrom": "97FFA8",
				"colorTo": "ffffff"
			},
			"effect": "修复"
		}
	],
	"weapons": [
					{
			"name": "none",
			"x": 5,
			"y": 12,
			"reload": 300,
			"rotate": false,
			"top":true,
			"alternate": true,
			"inaccuracy": 0,
			"shootCone": 30,
			"shootSound": "lasershoot",
			"bullet": {
				"frontColor": "FFFFFF",
				"backColor": "97FFA8",
				"sprite":"重蹈覆辙-箭头"
				"healPercent": 2,
				"damage": 108,
				"pierceBuilding": true,
				"pierce": true,
				"pierceCap": 15,
				"collidesTeam":true
				"speed": 15,
				"lifetime": 33,
				"trailLength": 30,
			    "trailWidth": 5,
		     	"trailColor": "97FFA8",
				"width": 4,
				"height": 4
			"bulletInterval": 3,
			"intervalBullets": 1,
			"intervalRandomSpread": 60,
			"intervalBullet": {
			"sprite": "large-bomb",
				"width": 1,
				"height": 1,
				"maxRange": 0.4,
				"backColor": "97FFA8",
				"frontColor": "ffffff",
				"mixColorTo": "ffffff",
				"hitSound": "plasmaboom",
				"hitShake": 8,
				"collidesAir": false,
				"lifetime": 60,
				"absorbable": false,
				"despawnEffect": {
					"type": "MultiEffect",
					"effects": [
						{
							"type": "ParticleEffect",
							"particles": 19,
							"sizeFrom": 9,
							"sizeTo": 0,
							"length": 80,
							"baseLength": 8,
							"lifetime": 30,
							"colorFrom": "97FFA8",
							"colorTo": "ffffff"
						},
						{
							"type": "WaveEffect",
							"lifetime": 25,
							"sizeFrom": 8,
							"sizeTo": 130,
							"strokeFrom": 6,
							"strokeTo": 0,
							"colorFrom": "97FFA8",
							"colorTo": "ffffff"
						}
					]
				},
				"hitEffect": "massiveExplosion",
				"keepVelocity": false,
				"spin": 6,
				"shrinkX": -31,
				"shrinkY": -31,
				"speed": 0.1,
				"collides": false,
				"healPercent": 10,
				"trailLength": 20,
			    "trailWidth": 0.5,
		     	"trailColor": "97FFA8",
				"splashDamage": 500,
				"splashDamageRadius": 120,
			}
			}
		}
		{
			"name": "青1",
			"type": "PointDefenseWeapon",
			"x": 7,
			"y": -30,
			"mirror": false,
			"rotate": true,
			"recoil": 0,
			"rotateSpeed": 15,
			"reload": 7,
			"targetInterval": 13,
			"targetSwitchInterval": 13,
			"bullet": {
				"shootEffect": "sparkShoot",
				"hitEffect": "pointHit",
				"maxRange": 250,
				"damage": 160
			}
			}
			{
			"name": "青1",
			"type": "PointDefenseWeapon",
			"x": -7,
			"y": -30,
			"mirror": false,
			"rotate": true,
			"recoil": 0,
			"rotateSpeed": 15,
			"reload": 7,
			"targetInterval": 13,
			"targetSwitchInterval": 13,
			"bullet": {
				"shootEffect": "sparkShoot",
				"hitEffect": "pointHit",
				"maxRange": 250,
				"damage": 160
			}
			}
			{
			"name": "青1",
			"type": "PointDefenseWeapon",
			"x": 9,
			"y": 30,
			"mirror": false,
			"rotate": true,
			"recoil": 0,
			"rotateSpeed": 15,
			"reload": 7,
			"targetInterval": 13,
			"targetSwitchInterval": 13,
			"bullet": {
				"shootEffect": "sparkShoot",
				"hitEffect": "pointHit",
				"maxRange": 250,
				"damage": 160
			}
			}
			{
			"name": "青1",
			"type": "PointDefenseWeapon",
			"x": -9,
			"y": 30,
			"mirror": false,
			"rotate": true,
			"recoil": 0,
			"rotateSpeed": 15,
			"reload": 7,
			"targetInterval": 13,
			"targetSwitchInterval": 13,
			"bullet": {
				"shootEffect": "sparkShoot",
				"hitEffect": "pointHit",
				"maxRange": 250,
				"damage": 160
			}
			}
						{
			"name": "none",
			"x": 0,
			"y": 19,
			"reload": 50,
			"rotate": false,
			"top":true,
			"shootY": 7,
			"mirror": false,
	"shoot":{
	"shots":10,
	"shotDelay":5,
	"type":"ShootBarrel",
	"barrels":[
        0,0,-40,
        0,0,-35,
        0,0,-30,
        0,0,-25,
         0,0,-20,
        0,0,-15,
        0,0,-10,
        0,0,-5,
         0,0,40,
        0,0,35,
        0,0,30,
        0,0,25,
         0,0,20,
        0,0,15,
        0,0,10,
        0,0,5,
    ]	},
			"alternate": true,
			"inaccuracy": 0,
			"shootCone": 30,
			"shootSound": "lasershoot",
			"bullet": {
				"frontColor": "FFFFFF",
				"backColor": "97FFA8",
				"sprite":"重蹈覆辙-箭头"
				"healPercent": 2,
				"damage": 250,
				"pierceBuilding": true,
				"pierce": true,
				"pierceCap": 4,
				"collidesTeam":true
				"speed": 15,
				"lifetime": 33,
				"trailLength": 10,
			    "trailWidth": 5,
		     	"trailColor": "97FFA8",
				"width": 4,
				"height": 4
				}
				}
				{
			"name": "none",
			"x": 0,
			"y": 0,
			"reload": 220,
			"rotate": false,
			"top":true,
			"shootY": 0,
			"mirror": false,
	"shoot":{
	"shots":12,
	"shotDelay":2,
	"type":"ShootBarrel",
     },
			"alternate": true,
			"inaccuracy": 360,
			"shootCone": 30,
			"shootSound": "lasershoot",
			"bullet": {
            "sprite": "large-bomb",
				"width": 1,
				"height": 1,
				"maxRange": 0.4,
				"backColor": "97FFA8",
				"frontColor": "ffffff",
				"mixColorTo": "ffffff",
				"hitSound": "plasmaboom",
				"hitShake": 8,
				"collidesAir": false,
				"lifetime": 55,
				"absorbable": false,
				"despawnEffect": {
					"type": "MultiEffect",
					"effects": [
						{
							"type": "ParticleEffect",
							"particles": 19,
							"sizeFrom": 9,
							"sizeTo": 0,
							"length": 80,
							"baseLength": 8,
							"lifetime": 30,
							"colorFrom": "97FFA8",
							"colorTo": "ffffff"
						},
						{
							"type": "WaveEffect",
							"lifetime": 25,
							"sizeFrom": 8,
							"sizeTo": 100,
							"strokeFrom": 6,
							"strokeTo": 0,
							"colorFrom": "97FFA8",
							"colorTo": "ffffff"
						}
					]
				},
				"hitEffect": "massiveExplosion",
				"keepVelocity": false,
				"spin": 6,
				"shrinkX": -31,
				"shrinkY": -31,
				"speed": 3,
				"collides": false,
				"healPercent": 10,
				"trailLength": 20,
			    "trailWidth": 2,
		     	"trailColor": "97FFA8",
				"splashDamage": 500,
				"splashDamageRadius": 120,
				}
				}
	]
			"parts": [
		{
			"type": "ShapePart",
			"x": 0,
			"y": 27,
			"stroke": 19,
			"strokeTo": 19,
			"color": "97FFA8",
			"circle": true,
			"hollow": true,
			"radius": 1,
			"radiusTo": 1,
			"layer": 110
		},
		{
			"type": "HaloPart",
			"x": 0,
			"y": 27,
			"rotateSpeed": 0,
			"shapeRotation": 0,
			"sides": 3,
			"shapes": 4,
			"color": "97FFA8",
			"tri": true,
			"hollow": true,
			"stroke": 1,
			"strokeTo": 0.5,
			"radius": 20,
			"radiusTo": 20,
			"triLength": 26,
			"triLengthTo": 26,
			"haloRadius": 8,
			"haloRotation": 0,
			"haloRotateSpeed": -0.4,
			"layer": 90
		}
		{
			"type": "HaloPart",
			"x": 0,
			"y": 27,
			"rotateSpeed": 0,
			"shapeRotation": 180,
			"sides": 3,
			"shapes": 4,
			"color": "97FFA8",
			"tri": true,
			"hollow": true,
			"stroke": 1,
			"strokeTo": 1,
			"radius": 20,
			"radiusTo": 20,
			"triLength": 26,
			"triLengthTo": 26,
			"haloRadius": 4,
			"haloRotation": 0,
			"haloRotateSpeed": -0.4,
			"layer": 90
		}
		{
				"type": "ShapePart",
				"x": 0,
			    "y": 27,
				"progress": "warmup",
				"sides": 4,
				"color": "97FFA8",
				"rotateSpeed": 0,
				"stroke": 2,
				"strokeTo": 2,
				"circle": false,
				"hollow": true,
				"radius": 15,
				"radiusTo": 27,
				"layer": 110
			},
					{
				"type": "ShapePart",
				"x": 0,
			    "y": 27,
				"progress": "warmup",
				"sides": 20,
				"color": "97FFA8",
				"rotateSpeed": -1,
				"stroke": 0.5,
				"strokeTo": 0.5,
				"circle": false,
				"hollow": true,
				"radius": 10,
				"radiusTo": 10,
				"layer": 110
			},
					{
				"type": "ShapePart",
				"x": 0,
			    "y": 27,
				"progress": "warmup",
				"sides": 20,
				"color": "97FFA8",
				"rotateSpeed": 1,
				"stroke": 0.5,
				"strokeTo": 0.5,
				"circle": false,
				"hollow": true,
				"radius": 10,
				"radiusTo": 10,
				"layer": 110
			},
	]
	"research":"oct"
}