{
	"type": "naval",
	"name": "怆溟",
	"speed": 0.7,
	"rotateSpeed": 0.73,
	"ammoType": "surge-alloy",
	"ammoCapacity": 1200,
	"hitSize": 80,
	"trailLength": 80,
	"waveTrailX": 30,
	"waveTrailY": -35,
	"trailScl": 4.5,
	"health": 53800,
	"armor": 28,
	"faceTarget": false,
	"deathSound": "大型陆军-死亡"//单位死亡后音效
	"abilities": [
	{
"type": "UnitSpawnAbility",//单位建造厂
"unit": "zenith",//生产单位
//例如星辉就在引号里写flare
"spawnX": 0,//生产X坐标
"spawnY": -35,//生产Y坐标
"spawnTime": 1800//生产时间60：1
},
]
	"weapons": [
		{
			"name": "怆溟-聚变爆破",
			"reload": 840,
			"y": -8,
			"x": 0,
			"mirror": false,
			"shootSound": "release",
			"chargeSound": "lasercharge",
			"shake": 18,
			"inaccuracy": 0,
			"rotate": true,
			"rotateSpeed": 1.25,
			"continuous": true,
			"shootStatusDuration": 130,
			"shootStatus": "unmoving",
			"parentizeEffects": true,
			"shoot": {
				"type": "ShootPattern",
				"firstShotDelay": 130
			},
			"bullet": {
				"type": "PointBulletType",
				"trailSpacing": 10,
				"trailEffect": {
					"type": "ParticleEffect",
					"particles": 1,
					"length": 0,
					"baseLength": 1,
					"lifetime": 13,
					"line": true,
					"randLength": false,
					"lenFrom": 11,
					"lenTo": 11,
					"strokeFrom": 24,
					"strokeTo": 0,
					"sizeInterp": "pow5In",
					"colorFrom": "FEEBB3",
					"colorTo": "FEEBB3",
					"cone": 0
				},
				"lifetime": 12,
				"speed": 80,
				"splashDamage": 2680,
				"splashDamageRadius": 100,
				"shootEffect": {
					"type": "ParticleEffect",
					"particles": 1,
					"sizeFrom": 16,
					"sizeTo": 88,
					"sizeInterp": "pow10Out",
					"length": 0,
					"baseLength": 0,
					"lifetime": 180,
					"colorFrom": "FEEBB3",
					"colorTo": "FEEBB300"
				},
				"smokeEffect": "bigShockwave",
				"chargeEffect": {
					"type": "MultiEffect",
					"effects": [
						{
							"type": "ParticleEffect",
							"particles": 1,
							"sizeFrom": 100,
							"sizeTo": 16,
							"sizeInterp": "pow10Out",
							"length": 0,
							"baseLength": 0,
							"lifetime": 130,
							"colorFrom": "FEEBB300",
							"colorTo": "FEEBB3"
						},
						{
							"type": "WaveEffect",
							"lifetime": 26,
							"sizeFrom": 130,
							"sizeTo": 0,
							"strokeFrom": 2,
							"strokeTo": 6,
							"colorFrom": "FEEBB300",
							"colorTo": "FEEBB3"
						},
						{
							"type": "WaveEffect",
							"lifetime": 26,
							"sizeFrom": 130,
							"sizeTo": 0,
							"strokeFrom": 2,
							"strokeTo": 6,
							"startDelay": 32,
							"colorFrom": "FEEBB300",
							"colorTo": "FEEBB3"
						},
						{
							"type": "WaveEffect",
							"lifetime": 26,
							"sizeFrom": 130,
							"sizeTo": 0,
							"strokeFrom": 2,
							"strokeTo": 6,
							"startDelay": 48,
							"colorFrom": "FEEBB300",
							"colorTo": "FEEBB3"
						},
						{
							"type": "WaveEffect",
							"lifetime": 26,
							"sizeFrom": 130,
							"sizeTo": 0,
							"strokeFrom": 2,
							"strokeTo": 6,
							"startDelay": 64,
							"colorFrom": "FEEBB300",
							"colorTo": "FEEBB3"
						}
					]
				},
				"hitEffect": {
					"type": "MultiEffect",
					"effects": [
						{
							"type": "ParticleEffect",
							"particles": 1,
							"sizeFrom": 0,
							"sizeTo": 100,
							"sizeInterp": "pow5Out",
							"length": 0,
							"baseLength": 0,
							"lifetime": 70,
							"colorFrom": "FEEBB300",
							"colorTo": "FEEBB3"
						},
						{
							"type": "ParticleEffect",
							"particles": 1,
							"sizeFrom": 100,
							"sizeTo": 0,
							"sizeInterp": "pow5In",
							"length": 0,
							"baseLength": 0,
							"startDelay": 68,
							"lifetime": 33,
							"colorFrom": "FEEBB3",
							"colorTo": "FEEBB390"
						},
						{
							"type": "WaveEffect",
							"lifetime": 18,
							"sizeFrom": 0,
							"sizeTo": 135,
							"strokeFrom": 0,
							"strokeTo": 10,
							"colorFrom": "FEEBB390",
							"colorTo": "FEEBB3"
						},
						{
							"type": "WaveEffect",
							"lifetime": 70,
							"startDelay": 18,
							"sizeFrom": 135,
							"sizeTo": 135,
							"strokeFrom": 10,
							"strokeTo": 10,
							"colorFrom": "FEEBB3",
							"colorTo": "FEEBB3"
						},
						{
							"type": "WaveEffect",
							"lifetime": 8,
							"startDelay": 88,
							"sizeFrom": 135,
							"sizeTo": 0,
							"strokeFrom": 10,
							"strokeTo": 2,
							"colorFrom": "FEEBB3",
							"colorTo": "FEEBB390"
						},
						{
							"type": "ParticleEffect",
							"particles": 1,
							"sizeFrom": 0,
							"sizeTo": 45,
							"sizeInterp": "pow5Out",
							"length": 0,
							"baseLength": 0,
							"lifetime": 70,
							"layer": 120,
							"colorFrom": "00000000",
							"colorTo": "000000"
						},
						{
							"type": "ParticleEffect",
							"particles": 1,
							"sizeFrom": 45,
							"sizeTo": 0,
							"sizeInterp": "pow5In",
							"length": 0,
							"baseLength": 0,
							"startDelay": 68,
							"lifetime": 33,
							"layer": 120,
							"colorFrom": "000000",
							"colorTo": "000000"
						},
						{
							"type": "WaveEffect",
							"lifetime": 30,
							"sizeFrom": 180,
							"sizeTo": 0,
							"strokeFrom": 0,
							"strokeTo": 9,
							"colorFrom": "FEEBB390",
							"colorTo": "FEEBB3"
						},
						{
							"type": "WaveEffect",
							"lifetime": 30,
							"startDelay": 15,
							"sizeFrom": 180,
							"sizeTo": 0,
							"strokeFrom": 0,
							"strokeTo": 9,
							"colorFrom": "FEEBB390",
							"colorTo": "FEEBB3"
						},
						{
							"type": "WaveEffect",
							"lifetime": 30,
							"startDelay": 30,
							"sizeFrom": 180,
							"sizeTo": 0,
							"strokeFrom": 0,
							"strokeTo": 9,
							"colorFrom": "FEEBB390",
							"colorTo": "FEEBB3"
						}
					]
				},
				"hitSound": "release",
				"despawnEffect": "none",
				"fragLifeMin": 1,
				"fragBullets": 1,
				"fragBullet": {
					"type": "BasicBulletType",
					"hittable": false,
					"collides": false,
					"absorbable": false,
					"splashDamageRadius": 175,
					"splashDamage": 2800,
					"pierceArmor": true,
					"speed": 0,
					"lifetime": 103,
					"sprite": "circle-bullet",
					"backColor": "FEEBB300",
					"frontColor": "FFFFFF00",
					"lightColor": "FEEBB3",
					"lightningDamage": 187,
					"lightning": 1,
					"lightningLength": 7,
					"width": 50,
					"height": 50,
					"hitShake": 22,
					"hitSound": "反应堆",
					"hitSoundVolume": 18,
					"hitEffect": {
						"type": "MultiEffect",
						"effects": [
							{
								"type": "ParticleEffect",
								"particles": 1,
								"sizeFrom": 0,
								"sizeTo": 175,
								"length": 0,
								"baseLength": 0,
								"sizeInterp": "pow10Out",
								"lifetime": 180,
								"colorFrom": "FEEBB3A0",
								"colorTo": "FEEBB300"
							},
							{
								"type": "ParticleEffect",
								"particles": 28,
								"sizeFrom": 28,
								"sizeTo": 0,
								"sizeInterp": "pow10In",
								"interp": "pow5Out",
								"length": 175,
								"baseLength": 0,
								"lifetime": 360,
								"colorFrom": "FEEBB380",
								"colorTo": "FEEBB350"
							},
							{
								"type": "ParticleEffect",
								"particles": 22,
								"line": true,
								"strokeFrom": 3,
								"strokeTo": 0,
								"lenFrom": 60,
								"lenTo": 0,
								"length": 200,
								"baseLength": 0,
								"lifetime": 33,
								"colorFrom": "FEEBB3",
								"colorTo": "FEEBB3"
							},
							{
								"type": "WaveEffect",
								"lifetime": 30,
								"sizeFrom": 0,
								"sizeTo": 300,
								"strokeFrom": 10,
								"strokeTo": 0,
								"colorFrom": "FEEBB3",
								"colorTo": "FEEBB3"
							},
							{
								"type": "WaveEffect",
								"lifetime": 30,
								"startDelay": 10,
								"sizeFrom": 0,
								"sizeTo": 280,
								"strokeFrom": 10,
								"strokeTo": 0,
								"colorFrom": "FEEBB3",
								"colorTo": "FEEBB3"
							},
							{
								"type": "WaveEffect",
								"lifetime": 30,
								"startDelay": 20,
								"sizeFrom": 0,
								"sizeTo": 270,
								"strokeFrom": 10,
								"strokeTo": 0,
								"colorFrom": "FEEBB3",
								"colorTo": "FEEBB3"
							}
						]
					},
					"fragBullets": 37,
					"fragLifeMin": 0.6,
					"fragLifeMax": 1.5,
					"fragAngle": 36,
					"fragBullet": {
						"type": "BasicBulletType",
						"pierceArmor": true,
						"speed": 20,
						"lifetime": 10,
						"drag": 0.06,
						"damage": 77,
						"splashDamage": 86,
						"lightningDamage": 30,
						"lightning": 3,
						"lightningLength": 6,
						"lightningColor": "FEEBB3",
						"backColor": "FEEBB3",
						"frontColor": "FFFFFF",
						"splashDamageRadius": 65,
						"buildingDamageMultiplier": 3.33,
						"height": 20,
						"width": 16,
						"sprite": "missile-large",
						"hitSound": "plasmaboom",
						"despawnEffect": "none",
						"hitEffect": {
							"type": "MultiEffect",
							"effects": [
								{
									"type": "ParticleEffect",
									"particles": 6,
									"sizeFrom": 9,
									"sizeTo": 0,
									"length": 70,
									"baseLength": 0,
									"lifetime": 60,
									"colorFrom": "FEEBB3",
									"colorTo": "FEEBB3"
								},
								{
									"type": "WaveEffect",
									"lifetime": 15,
									"sizeFrom": 0,
									"sizeTo": 66,
									"strokeFrom": 8,
									"strokeTo": 0,
									"colorFrom": "FEEBB3",
									"colorTo": "FEEBB3"
								}
							]
						}
					}
				}
			},
			"minWarmup": 0.88,
			"shootWarmupSpeed": 0.08,
			"parts": [
				{
					"type": "ShapePart",
					"stroke": 1.5,
					"strokeTo": 1.5,
					"color": "FEEBB3",
					"circle": true,
					"hollow": true,
					"radius": 35,
					"radiusTo": 35,
					"layer": 89.9
				},
				{
					"type": "ShapePart",
					"stroke": 0,
					"strokeTo": 2,
					"color": "FEEBB3",
					"circle": true,
					"hollow": true,
					"radius": 35,
					"radiusTo": 35,
					"layer": 110
				},
				{
					"type": "ShapePart",
					"y": 0,
					"progress": "reload",
					"moveY": -44,
					"color": "FEEBB3",
					"circle": true,
					"hollow": false,
					"radius": 10,
					"radiusTo": 0,
					"layer": 110
				},
				{
					"type": "ShapePart",
					"x": 0,
					"y": 0,
					"progress": "reload",
					"moveX": 32,
					"moveY": -28,
					"color": "FEEBB3",
					"circle": true,
					"hollow": false,
					"radius": 8,
					"radiusTo": 0,
					"layer": 89.9
				},
				{
					"type": "ShapePart",
					"x": 0,
					"y": 0,
					"progress": "reload",
					"moveX": -32,
					"moveY": -28,
					"color": "FEEBB3",
					"circle": true,
					"hollow": false,
					"radius": 8,
					"radiusTo": 0,
					"layer": 89.9
				}
			]
		},
		{
			"name": "怆溟-导弹储存",
			"reload": 180,
			"x": 28,
			"y": -12,
			"rotate": false,
			"inaccuracy": 0,
			"shootCone": 60,
			"alternate": true,
			"shootSound": "missileLaunch",
			"shake": 5,
			"parts":[
				{
					"type": "RegionPart",
					"mirror": false,
					"suffix": "-preview",
					"progress": "reload",
					"under": true,
					"layerOffset": -0.001,
					"moveX": -20,
					"moveRot": 45
				}
			],
			"bullet": {
				"keepVelocity": false,
				"speed": 0,
				"shootEffect": "none",
				"smokeEffect": "shootSmallFlame",
				"spawnUnit": "怆溟-导弹"
			}
		},
		{
			"name": "蜂群",
			"mirror": true,
			"x": 25,
			"y": -40,
			"reload": 25,
			"shoot": {
				"shots": 8,
				"shotDelay": 1
			},
			"shootSound": "missile",
			"rotate": true,
			"rotateSpeed": 4,
			"xRand": 6,
			"inaccuracy": 6,
			"bullet": {
				"type": "MissileBulletType",
				"damage": 105,
				"shootEffect": "none",
				"smokeEffect": "none",
				"splashDamageRadius": 35,
				"splashDamage": 88,
				"lightningDamage": 13,
				"lightning": 2,
				"lightningLength": 9,
				"lightningLengthRand": 3,
				"hitEffect": "flakExplosionBig",
				"despawnEffect": "flakExplosion",
				"width": 8,
				"height": 9,
				"speed": 4.5,
				"lifetime": 70
			}
		},
	]
	"research": "omura"
}