{
	"type": "legs",
	"name": "螳螂",
	"armor": 18,
	"speed": 0.69,
	"rotateSpeed": 1.02,
	"hitSize": 48,
	"health": 48500,
	"legPairOffset": 3,
	"legExtension": -30,
	"legBaseOffset": 8,
	"stepShake": 1.2,
	"legCount": 10,
	"legLength": 100,
	"legMoveSpace": 1,
	"rippleScale": 1.6,
	"legSplashDamage": 88,
	"legSplashRange": 46,
	"drownTimeMultiplier": 3,
	"hovering": true,
	"deathSound": "大型陆军-死亡"//单位死亡后音效
	"weapons": [
		{
			"name": "螳螂-双联主炮",
			"top": false,
			"shootY": 22,
			"reload": 120,
			"rotate": true,
			"rotationLimit": 50,
			"rotateSpeed": 1,
			"mirror": true,
			"ejectEffect": "casing3",
			"recoil": 10,
			"shake": 10,
			"x": -22,
			"y": 0,
			"shootSound": "artillery",
			"soundPitchMin": 0.7,//最小音量
                      "soundPitchMax": 0.8,//最大音量
                      "shoot": {//攻击
                      "shots": 3,//攻击次数
                      "shotDelay": 10//攻击间隔
			                },
			"bullet": {
				"type": "ArtilleryBulletType",
				"shootEffect": "shootSmall",
				"smokeEffect": "shootBigSmoke2",
				"speed": 3,
				"lifetime": 122,
				"width": 20,
				"height": 20,
				"frontColor": "ffffff",
				"backColor": "A278E1",
				"damage": 432,
				"splashDamageRadius": 80,
				"splashDamage": 202,
				"statusDuration": 60,
				"status": "sapped",
				"hitShake": 10,
				"hitEffect": {
					"type": "MultiEffect",
					"effects": [
						{
							"type": "ParticleEffect",
							"particles": 18,
							"sizeFrom": 11,
							"sizeTo": 0,
							"length": 45,
							"baseLength": 43,
							"lifetime": 35,
							"colorFrom": "53555EC0",
							"colorTo": "53555EC0"
						},
						{
							"type": "WaveEffect",
							"lifetime": 12,
							"sizeFrom": 1,
							"sizeTo": 60,
							"strokeFrom": 3,
							"strokeTo": 0,
							"colorFrom": "A278E1",
							"colorTo": "ffffff"
						}
					]
				}
				"despawnEffect": "none",
				"fragBullets": 10,
				"fragLifeMin": 0.3,
				"fragBullet": {
					"type": "ArtilleryBulletType",
					"speed": 4,
					"lifetime": 50,
					"width": 17,
					"height": 17,
					"frontColor": "ffffff",
					"backColor": "A278E1",
					"collidesTiles": false,
					"splashDamageRadius": 60,
					"splashDamage": 255,
					"knockback": 5,
					"hitShake": 5,
					"hitEffect": {
						"type": "MultiEffect",
						"effects": [
							{
								"type": "ParticleEffect",
								"particles": 18,
								"sizeFrom": 9,
								"sizeTo": 0,
								"length": 25,
								"baseLength": 23,
								"lifetime": 35,
								"colorFrom": "53555EC0",
								"colorTo": "53555E90"
							},
							{
								"type": "WaveEffect",
								"lifetime": 10,
								"sizeFrom": 1,
								"sizeTo": 40,
								"strokeFrom": 2,
								"strokeTo": 0,
								"colorFrom": "A278E1",
								"colorTo": "ffffff"
							}
						]
					},
				}
			}
	        }
	{
	               "name": "螳螂-雷光",
			"reload": 37,
			"x": 0,
			"y": -12,
			"rotationLimit": 50,
			"shootY": 23,
			"rotate": true,
			"rotateSpeed": 1,
			"inaccuracy": 0,
			"mirror": false,
			"shootSound": "shotgun",
			"shake": 5,
			"recoil": 5,
			"shoot": {
				"type": "ShootSpread",
				"shots": 3,
				"spread": 10
			},
			"bullet": {
				"type": "ShrapnelBulletType",
				"damage": 680,
				"lifetime": 15,
				"length": 150,
				"width": 16,
				"pierceArmor": true,
				"serrationLenScl": 8,
				"serrationSpaceOffset": 60,
				"serrationFadeOffset": 0,
				"serrations": 14,
				"serrationWidth": 8,
				"statusDuration": 300,
				"status": "sapped",
				"fromColor": "A278E31FF",
				"toColor": "665C9FFF",
				"shootEffect": {
					"type": "ParticleEffect",
					"particles": 19,
					"sizeFrom": 9,
					"sizeTo": 0,
					"line": true,
					"length": 55,
					"baseLength": 0,
					"lifetime": 15,
					"colorFrom": "A278E1",
					"colorTo": "665C9FFF",
					"cone": 60
				},
				"smokeEffect": "bigShockwave"
			}
       }
       {
      "name": "螳螂-激光",
      "y": 8,
      "x": 0,
      "shootY": 10.5,
      "ejectEffect": "none",
      "rotate": false,
      "alternate": false,
      "mirror": true,
      "shots": 1,
      "reload": 185,
      "recoil": 2,
      "shake": 0.1,
      "shootCone": 20,
      "cooldownTime": 98,
      "heatColor": "79F2EEFF",
      "shootSound": "激光",
      "chargeSound": "laserblast",
      "continuous": true,
      "bullet": {
        "type": "ContinuousLaserBulletType",
        "damage": 80,//伤害1：12
        "width": 3.25,
        "length": 220,//激光射程
        "drawSize": 310,
        "lifetime": 300,
        "shake": 0.5,
        "despawnEffect": "smokeCloud",
        "smokeEffect": "smokeCloud",
        "largeHit": true,
        "status": "sapped",
        "statusDuration": 50,
        "colors": [
          "8a73c6AA",
          "665C9Fff",
          "BF92F9FF",
          "ffffff"
        ],
        "hitEffect": {
          "type": "ParticleEffect",
          "line": true,
          "particles": 5,
          "lifetime": 15,
          "length": 35,
          "cone": -360,
          "lenFrom": 8,
          "lenTo": 0,
          "colorFrom": "FFFFFF",
          "colorTo": "BF92F9FF"
        },
        "shootEffect": {
          "type": "ParticleEffect",
          "line": true,
          "particles": 12,
          "offset": 55,
          "lifetime": 13,
          "length": 35,
          "cone": -30,
          "lenFrom": 10,
          "lenTo": 0,
          "colorFrom": "FFFFFF",
          "colorTo": "BF92F9FF"
        }
      }
    },
	]
	"research":"toxopid"
}