{
  "type": "coreBlock",
  "name": "Axis",
  "description": "A heavily armored core with larger unit and item capacities.",
  "health": 11000,
  "size": 6,
  "requirements": [ //find later
    {"item": "copper", "amount": 10000},
    {"item": "lead", "amount": 10000},
    {"item": "silicon", "amount": 8000},
    {"item": "thorium", "amount": 4000},
    {"item": "surge-alloy", "amount": 1000}
  ],
  "itemCapacity": 20000, 
  "unitCapModifier": 50,
  "unitType": "frigate", //find later
  "category": "effect",
  "research": "core-nucleus"
}
