{//by Cassius
   "type":"ItemTurret",
   "name":"XT-近防炮",
   "description":"向射程内的敌人倾泻弹火，拥有极高的射速。需要电力。",
   "detail":"拦截导弹和近距离单位的好手，但至于射程……不具优势",
   "health":3600,//400
   "armor":16,
   "size":3,
   "maxAmmo":200,
   "ammoPerShot":4,
   "range":200,//25
   "reload":3,
   "inaccuracy":0,
   "targetGround":true,
   "targetAir":true,
   "rotateSpeed":16,
   "ammoUseEffect":"casing2",
   "shake":8,
   "recoil":4,
   "recoilTime":10,
   "consumes":{
     "power":17,
     "coolant":{
       "amount":1.5,
       "optional":true,
     }
   },
   "coolantMultiplier":2,
   "shoot":{
     "shots":4,
     "shotDelay":0.5,
     "type": "ShootAlternate"
	 "barrels":2,
	 "spread":8
   },
   "ammoTypes":{
     "lead":{
       "ammoMultiplier":1,
       "pierceCap":2,
       "damage":20,
       "splashDamage":10,
       "splashDamageRadius":8,
       "lifetime":5,
       "speed":40,
       "width":10,
       "length":15,
     },
     "silicon":{
       "ammoMultiplier":1,
       "pierceCap":2,
       "damage":25,
       "splashDamage":15,
       "splashDamageRadius":12,
       "lifetime":6,
       "speed":40,
       "homingRange":80,
       "homingPower":0.16,
       "homingDelay":10,
       "width":10,
       "length":15,
     },
     "titanium":{
       "ammoMultiplier":1,
       "pierceCap":3,
       "damage":25,
       "splashDamage":20,
       "splashDamageRadius":12,
       "lifetime":6,
       "speed":40,
       "width":10,
       "length":15,
     },
     "thorium":{
       "ammoMultiplier":1,
       "pierceCap":4,
       "damage":30,
       "splashDamage":20,
       "splashDamageRadius":24,
       "lifetime":6,
       "speed":40,
       "width":10,
       "length":15
     },
     "surge-alloy":{
       "ammoMultiplier":2,
       "pierceCap":4,
       "damage":35,
       "splashDamage":25,
       "splashDamageRadius":16,
       "lifetime":6,
       "speed":40,
       "lightning":2,
       "lightningDamage":5,
       "lightningLength":4,
       "width":10,
       "length":15,
     },
     "钨":{
       "ammoMultiplier":1,
       "pierceCap":4,
       "damage":35,
       "splashDamage":20,
       "splashDamageRadius":16,
       "lifetime":6,
       "speed":40,
       "status":"腐朽",
       "suatusDuration":"30",
       "width":10,
       "length":15,
     },
   }
   "requirements":[
     "lead/120","graphite/100",
     "silicon/150","metaglass/80",
     "titanium/150","钨/120"
   ],
   "category":"turret",
   "research":"兼具",
   "buildCostMultiplier":0.5
}