{//by 黄奕翔
	"type":"ItemTurret",
	"name":"兼具",
    "description":"小口径动能弹发射器。设计灵活，造价低廉，仅配备钛墙便可快速形成牢固的阵地。快速形成对轻型单位的巨大威胁。可以使用多种弹药。",
    "details":"量子炮塔的起点……"
	"size":2,
	"health":1040,//260
    "armor":4,
	"ammoPerShot":2,
	"range":320,//40
	"reload":15,
	"inaccuracy":2,
    "ammoUseEffect": "casing2",
	"rotateSpeed":5,
	"maxAmmo":40,
	"targetAir":true
	"targetGround":true,
	"shoot":{
	  "shots":2,
	  "shotDelay":7.5
	},
	"consumes":{
	  "coolant":{
	  "amount":0.3,
	  "optional":true
	  }
	},
	"coolantMultiplier":2,
	"heatColor":"FF4500",
	"ammoTypes":{
		"copper":{
			"speed":20,
			"damage":16,
			"splashDamage":5,
			"splashDamageRadius":4,
			"lifetime":16,
			"width":8,
			"height":12,
			"ammoMultiplier":2
		}
		"lead":{
		    "reloadMultiplier":0.95,
			"speed":20,
			"damage":20,
			"knockback":2,
			"splashDamage":10,
			"splashDamageRadius":4,
			"lifetime":16,
			"width":8,
			"height":12,
			"ammoMultiplier":2,
			"fragBullets":8,
			    "fragBullet":{
			       "damage":5,
			       "speed":16,
			       "lifeTime":2,
				}
		}
		"silicon": {
		    "pierceCap":2,
		    "reloadMultiplier":1.25,
			"speed": 20,
			"damage":22,
			"knockback":2,
			"splashDamage":5,
			"splashDamageRadius":8,
			"lifetime":16,
			"width":8,
			"height":12,
			"homingRange":30,
			"homingPower":0.16,
			"homingDelay":10,
			"ammoMultiplier":4
		}
		"titanium": {
		    "pierceCap":2,
		    "reloadMultiplier":1.5,
			"speed": 20,
			"damage":22,
			"knockback":3,
			"splashDamage":8,
			"splashDamageRadius":8,
			"lifetime":16,
			"width":8,
			"height":12,
			"homingRange":60,
			"homingPower":0.16,
			"homingDelay":10,
			"ammoMultiplier":3
		}
		"thorium": {
		    "pierceCap":2,
		    "reloadMultiplier":1.5,
			"speed": 20,
			"damage":32,
			"knockback":4,
			"splashDamage":15,
			"splashDamageRadius":16,
			"lifetime":16,
			"width":8,
			"height":12,
			"homingRange":60,
			"homingPower":0.16,
			"homingDelay":10,
			"ammoMultiplier":4
		}
		"graphite": {
		    "reloadMultiplier":0.9,
			"speed": 20,
			"knockback":8,
			"damage":26,
			"splashDamage":15,
			"splashDamageRadius":16,
			"lifetime":16,
			"width":8,
			"height":12,
			"ammoMultiplier":2
		},
		"plastanium":{
		  "ammoMultiplier":4,
		  "reloadMultiplier":1.4,
		  "picrceCap":3,
		  "damage":20,
		  "splashDamage":20,
		  "splashDamageRadius":16,
		  "buildingDamageMultiplier":1.2,
		  "knockback":3,
		  "lifetime":16,
		  "speed":20,
		  "width":8,
		  "heigth":12,
		  "fragBullets":1,
		  "fragRandomSpread":15,
		  "fragBullet":{
		    "splashDamage":10,
		    "splashDamageRadius":24,
		    "lifetime":6,
		    "speed":8,
		    "drag":0.05,
		    "width":4,
		    "heigth":4,
		    "status":"腐朽",
		    "statusDuration":30
		    "fragBullets":4,
		    "fragRandomSpread":45,
		    "fragBullet":{
		      "splashDamage":4,
		      "splashDamageRadius":32,
		      "knockback":10,
		      "lifetime":4,
		      "speed":8,
		      "drag":0.1,
		      "width":4,
		      "heigth":4,
		    }
		  }
		}
},
	"requirements": [
		"copper/160",
		"lead/60",
		"graphite/50",
		"titanium/80"
	],
	"category": "turret",
	"research":"duo",
	"buildCostMultiplier":0.8,
	"researchCostMultiplier":0.5
}