{//by Cassius
	"type":"ItemTurret",//类型:消耗物品的炮塔
	"name":"冲击",//名字
   "description":"发射远程动能穿甲弹。拥有强大的杀伤能力。装甲厚重，在同等档次的炮塔中生存能力较强。射程远，射速较低。",//介绍
	"size":2,//物品面积
	"health":3400,//每格850
    "armor":55
	"ammoPerShot":32,//每次攻击消耗弹药数量
	"range":1800,//攻击范围，8为1格
	"reload":240,//攻击速度（每多少帧射击一次）(一秒60帧)
	"inaccuracy":0,//误差(度）
  "ammoUseEffect": "casing3",//开火特效
	"rotateSpeed":0.5,//旋转速度
	"maxAmmo":512,//最大弹药
	"targetAir":true//索敌天空
	"targetGround":true,//索敌地面
	"consumes":{
	  "power":300,
	  "coolant":{
	  "amount":2,
	  "opyional":true,
	    }
	  }
	"coolantMultiplier":3,//液体加速倍率
	"heatColor":"#FF0000",
	"ammoTypes":{
		"钨": {//消耗的弹药
		               "pierceCap":8,//穿透数量，不能填0
		    "reloadMultiplier":1,//射击速率
			"speed": 22,//子弹速度（输入数字×8）
			"damage": 2250,//伤害
			"knockback":255,//击退
			"lifetime":100,//弹药存在时间（帧）
			"sprite":"量子技艺-导弹",
			"width": 20,//子弹宽度
			"height": 40,//子弹长度
			"ammoMultiplier":1,//装填倍数
			"shootEffect": "shootBig", 	//特效
			  "fragBullets":5,//分裂数
			    "fragBullet":{
		   	       "picrceCap":3,//穿透+1
			       "damage":250,
			       "speed":10 ,
			       "lifeTime":36,
			    }
				}
			"铀": {//消耗的弹药
		               "pierceCap":6,//穿透数量，不能填0
		    "reloadMultiplier":1.5,//射击速率
			"speed": 23,//子弹速度（输入数字×8）
			"damage": 4750,//伤害
			"knockback":75,//击退
			"lifetime":100,//弹药存在时间（帧）
			"width":15,//子弹宽度
			"height":40,//子弹长度
			"ammoMultiplier":1,//装填倍数
			"shootEffect": "shootBig" 	//特效
				}
			"放射性合金": {//消耗的弹药
		               "pierceCap":16,//穿透数量，不能填0
		    "reloadMultiplier":2.5,//射击速率
			"speed": 28,//子弹速度（输入数字×8）
			"damage": 7750,//伤害
			"knockback":175,//击退
				"splashDamage":1250,
			    "splashDamageRadius":128,
			"lifetime":225,//弹药存在时间（帧）
			"width":15,//子弹宽度
			"height":40,//子弹长度
			"homingRange": 60,
			"homingPower": 0.32,
			"ammoMultiplier":1,//装填倍数
			"shootEffect": "shootBig" 	//特效
				}
			"纳米簇":{
			    "pierceCap":8,
			"reloadMultiplier":1.5,
			"speed":22,
			"damage":2750,
			"knockback":575,
			    "splashDamage":2750,
			    "splashDamageRadius":64,
			"lifeTime":275,
			"width":15,
			"height":30,
			"ammoMultiplier":1,//装填倍数
			"shootEffect": "shootBig" 	//特效
			"homingRange":30,
			"homingPower":0.48,
			"fragBullets":45,//分裂数
			    "fragBullet":{
		   	       "picrceCap":16,//穿透+1
			       "damage":250,
			       "speed":10,
			       "splashDamage":550,
			       "splashDamageRadius":4,
			       "lifeTime":36,
			       "homingRange":30,
			       "homingpower":0.48,}
			}
}
	"requirements": [
	  "lead/512","silicon/1024",
	  "镭/1024",
	  "钨/512","铀/512",
	],
	"category": "turret",//类型
	"research":"兼具",
	"buildCostMultiplier":0.5
}