{
  "name":"公理",
  "description":"[gold]公理之下，我们展开最公正的审判\n[white]击杀敌人立即重新装填，同时获得生命上限以及攻击加成",
  "details": "遇到移动的尸体，试试退出再重进吧~~~",
  "hidden": true,
  "size" : 6,
  "health" : 4650,
  "reload" : 200,
  "range": 400,
  "rotateSpeed":8,

  "inaccuracy":16,
  "shoot": {
    "shots": 3,
    "shotDelay" : 20,
  },



  "category":"turret",
  "requirements":[
    "graphite/1250",
    "silicon/650",
    "surge-alloy/1250",
    "列位石/2050",
    "埃里克尔更多设备-泰特希合金/1000"
  ]
}