{
  "type":"ItemTurret",
  "name": "共振",
  "description": "高级炮台之一，发射球状闪电，电击敌人，使其瘫痪"
  "health": 6250
  "shootSound": "shootSmite"
  "size": 5
  "category": "turret",
"chargeSound":"lasercharge",
  "canOverdrive": false,
"shoot":{
"firstShotDelay":90
    }
  "research": "熔渣",
  "reload": 200
  "range": 540
  "shootY": -1
  "targetGround": true
  "targetAir": true
   "requirements": [
	"tungsten/300",
	"thorium/460"
	"列位石/150",
	"phase-fabric/300"
	],
	
"drawer": {
    "type": "DrawMulti",
    "drawers": [
      {
        "type": "DrawTurret",
        "parts": [
        {
          "type": "HaloPart",
          "shapes": 4,
          "tri": true,
          "y": -22,

          "haloRotation": 180,
          "radius": 0,
          "radiusTo": 5,
          "triLength": 4,
          "triLengthTo": 4,
          "haloRadius": 16,
          "haloRadiusTo": 5,
          "haloRotateSpeed": 2.4,
          "color": "E8D174FF",
          "layer":110,
          "colorTo": "E8D174FF",
          "progress": "warmup"
        },
        {
		"type":"ShapePart",
		"y": -22,
		"circle":true,
		"hollow":true,
		"radius":0,
		"radiusTo":5,
		"stroke":0,
		"strokeTo":1
		"layer":110,
		"color":"E8D174FF"
		},
		{
				"type": "HaloPart",
				"progress": {
					"type": "warmup",
					"op": "delay",
					"amount": 0.3
				},
				"rotateSpeed": 0,
				"shapeRotation": 0,
				"y": 20,
				"sides": 3,
				"shapes": 1,
				"color": "ffffff",
				"colorTo": "E8D174FF",
				"tri": true,
				"radius": 0,
				"radiusTo": 16,
				"triLength": 600,
				"triLengthTo": 4,
				"haloRadius": 0,
				"haloRotateSpeed": 0,
				"layer": 110
			},
				{
				"type": "HaloPart",
				"progress": {
					"type": "warmup",
					"op": "delay",
					"amount": 0.3
				},
				"rotateSpeed": 0,
				"shapeRotation": 0,
				"y": 32,
				"sides": 3,
				"shapes": 1,
				"color": "ffffff",
				"colorTo": "E8D174FF",
				"tri": true,
				"radius": 0,
				"radiusTo": 16,
				"triLength": 100,
				"triLengthTo": 4,
				"haloRadius": 0,
				"haloRotateSpeed": 0,
				"layer": 110
			},
				{
				"type": "HaloPart",
				"progress": {
					"type": "warmup",
					"op": "delay",
					"amount": 0.3
				},
				"rotateSpeed": 0,
				"shapeRotation": 0,
				"y": 44,
				"sides": 3,
				"shapes": 1,
				"color": "ffffff",
				"colorTo": "E8D174FF",
				"tri": true,
				"radius": 0,
				"radiusTo": 16,
				"triLength": 100,
				"triLengthTo": 4,
				"haloRadius": 0,
				"haloRotateSpeed": 0,
				"layer": 110
			},
        {
          "type": "HaloPart",
          "shapes": 2,
          "tri": true,
          "y": -22,

          "radius": 0,
          "radiusTo": 8,
          "triLength": 18,
          "triLengthTo": 10,
          "haloRadius": 10,
          "haloRadiusTo": 20,
          "haloRotation":90
          "haloRotateSpeed": 0,
          "color": "ffffff",
          "colorTo": "E8D174FF",
          "layer":110,
          "progress": "warmup"
        }
        {
          "type": "HaloPart",
          "shapes": 2,
          "tri": true,
          "y": -22,

          "radius": 0,
          "radiusTo": 8,
          "triLength": 10,
          "triLengthTo": 2,
          "haloRadius": 10,
          "haloRadiusTo": 20,
          "haloRotation":90
          "shapeRotation":180
          "haloRotateSpeed": 0,
          "color": "E8D174FF",
          "colorTo": "E8D174FF",
          "layer":110,
          "progress": "warmup"
        }
      ],
      }
      ]
      }

 "ammoTypes": {
 "列位石":
 {
 
 "chargeEffect":{
    "type": "MultiEffect",
    		"effects": [
        		{     
        		"type": "ParticleEffect",
        		"region":"埃里克尔更多设备-弩箭横"
        		"particles": 1,
        		"sizeFrom": 1,
        		"sizeTo": 25,
        		"length": 0
        		"lifetime": 92
        		"baseLength": 0
        		"colorFrom": "FFFFFF",
        		"colorTo": "E8D174FF",
       		    },
       		    	{     
        		"type": "ParticleEffect",
        		"region":"埃里克尔更多设备-星"
        		"particles": 1,
        		"sizeFrom": 30,
        		"sizeTo": 0,
        		"length": 0,
        		"lifetime": 90
        		"baseLength": 0
        		"colorFrom": "FFFFFF",
        		"colorTo": "E8D174FF",
        		"useRotation": true
        		"spin":10
       		    },
    		    {
                "type":"WaveEffect",
                "lifetime":90
                "sizeFrom":5,
                "sizeTo":0,
                "strokeFrom":1
                "strokeTo":1
                "colorFrom":"ffffff",
                "colorTo":"E8D174FF"
            },
            {
                "type":"WaveEffect",
                "lifetime":90
                "sizeFrom":30,
                "sizeTo":5
                "strokeFrom":1
                "strokeTo":1
                "colorFrom":"ffffff",
                "colorTo":"E8D174FF"
            },
            {
                "type":"WaveEffect",
                "lifetime":90
                "sizeFrom":10,
                "sizeTo":5
                "strokeFrom":1
                "strokeTo":1
                "colorFrom":"ffffff",
                "colorTo":"E8D174FF"
            },
   		    ]
}
 
 "type"  : "BasicBulletType",
"lifetime" : 360,
"speed" : 1.5,

"sprite" : "circle",
"height" : 12,
"width" : 12,
"shrinkY": 0,

"frontColor" : "E8D174",
"backColor" : "E8D174", 
"trailColor" : "E8D174",
"trailLength" : 0,
"trailWidth" : 1.6,

"damage" : 850,
"pierce" : true,
"pierceBuilding" : true,
"buildingDamageMultiplier" : 0.15,

"status" : "disarmed",
"statusDuration" : 60,

"bulletInterval" : 10,
"intervalBullets" : 4,
"intervalAngle" : 0,
"intervalSpread" : 0,
"intervalRandomSpread": 360,
"intervalBullet" : {
  "instantDisappear": true,

  "despawnEffect" :{
    "type" : "ParticleEffect",
    "particles": 1,
    "cone":0,
    "lifetime" : 20,

    "baseLength" : 0,
    "length" : 0,
    "sizeFrom" : 12,
    "sizeTo" : 0,
    "colorFrom" : "E8D174",
    "colorTo": "E8D174",
  },
  
  "fragBullets": 1,
  "fragVelocityMax": 1,
  "fragVelocityMin": 1,
  "fragBullet": {
    "type" : "PointBulletType",
    "lifetime" : 8
    "speed" : 10,
    "trailSpacing":8,
    "trailRotation":true,
    "trailEffect" :{
      "type" : "ParticleEffect",
      "particles": 1,
      "cone":0,
    "lifetime" : 20,

    "baseLength" : 0.1,
    "length" : 0.1,
    "lenFrom" : 9,
    "lenTo" : 9,
    "strokeFrom" : 4,
    "strokeTo" : 0,
    "colorFrom" : "E8D174",
    "colorTo": "E8D174",

    "line": true,
    "randLength" : false,
  },
  
  "despawnEffect" :{
    "type": "MultiEffect",
    "effects": [
      {
        "type" : "ParticleEffect",
        "particles": 1,
        "cone":0,
        "lifetime" : 20,

        "baseLength" : 0,
        "length" : 0,
        "sizeFrom" : 6,
        "sizeTo" : 0,
        "colorFrom" : "E8D174",
        "colorTo": "E8D174",
      },
      {
        "type" : "WaveEffect",
        "lifetime" : 20,

        "sizeFrom" : 48,
        "sizeTo" : 48,
        "strokeFrom": 3,
        "strokeTo": 0,
        "colorFrom" : "E8D174",
        "colorTo": "E8D174",
      }
    ]
  },
  
  "collides" : false,
  "absorable" : false,

  "hitShake": 5,
  "hitSound": "plasmaboom",

  "damage" : 240,
  "splashDamage" : 500,
  "splashDamageRadius" : 48,
  "buildingDamageMultiplier" : 0.3,

  "status" : "disarmed",
  "statusDuration" : 60,
  }
}
}
}
}