{
    "type":"ContinuousLiquidTurret",
	"name": "凌日",
	"description": "通过在高压环境燃烧氢气，喷出一道高温高压火焰燃烧敌人",
	"size": 6,
	"health": 10000,
	"category": "turret",
    "research": "庆典"
	"range":340,
	"targetAir":true,//攻击天空
	"targetGround":true,
	"rotateSpeed": 2,
	"requirements":[
    "graphite/1250",
    "silicon/650",
    "surge-alloy/1250",
    "列位石/2050",
    "埃里克尔更多设备-泰特希合金/1000"
  ]
"shoot":{
"firstShotDelay":50
    }
	"ammoTypes": {
            "hydrogen": {
            "chargeEffect":{
    "type": "MultiEffect",
    		"effects": [
       		    	{     
        		"type": "ParticleEffect",
        		"region":"埃里克尔更多设备-星"
        		"particles": 1,
        		"sizeFrom": 30,
        		"sizeTo": 0,
        		"length": 0,
        		"lifetime": 50
        		"baseLength": 0
        		"colorFrom": "FFFFFF",
        		"colorTo": "BBD4F4FF",
        		"drag": -0.07,
        		"useRotation": true
        		"spin":-10
       		    },
       		    {     
        		"type": "ParticleEffect",
        		"particles": 5,
        		"sizeFrom": 3,
        		"sizeTo": 3,
        		"length": 50,
        		"lifetime": 20
        		"baseLength": 0
        		"colorFrom": "FFFFFF",
        		"colorTo": "BBD4F4FF",
        		"useRotation": true
        		"spin":-10
        		"interp": "pow5Out",
       		    },
    		    {
                "type":"WaveEffect",
                "lifetime":30
                "sizeFrom":0,
                "sizeTo":15,
                "strokeFrom":1
                "strokeTo":1
                "colorFrom":"ffffff",
                "colorTo":"BBD4F4FF"
                "interp": "pow5Out",
            },
   		    ]
}
            "type":"ContinuousFlameBulletType",
            "damage": 120,
            "buildingDamageMultiplier":0.3,
            "knockback":3
                "width":7
			    "height":38,
			    "length": 230
			    "prieceCap":6
			    "flareColor":"BBD4F4FF"
			    "colors":["6569C9FF","909FDFFF","BBD4F4FF","D1EFFFFF"],
			    }
			    }
			    }