{
  "type":"ItemTurret",
  "name": "庆典",
  "description": "高级炮台之一，发射彩色烟花导弹打击空中敌人。[red]新年快乐！"
  "health": 13250
  "shootSound": "shootBig"
  "size": 6
  "category": "turret",
  "canOverdrive": false,
	"research": {
		"parent": "共振",
		"requirements":
		    [
		    "thorium/9000"
		    "埃里克尔更多设备-泰特希合金/4000"
		    "silicon/20000"
		    "oxide/10000"
		    "列位石/10000"
		    ]
		    }
  "reload": 150
  "range": 660
  "targetGround": false
  "targetAir": true
  "shoot":{
"firstShotDelay":55
    }
   "requirements": [
	"埃里克尔更多设备-泰特希合金/200",
	"thorium/1260"
	"列位石/300",
	"phase-fabric/300"
	],
	   "drawer": {
    "type": "DrawMulti",
    "drawers": [
      {
        "type": "DrawTurret",
        "parts": [
          {
            "type": "RegionPart",
            "mirror": false,
            "heatColor": "FF705580",
            "x": 0,
            "y": 0,
            "suffix": "-箭头",
            "moveX": 0,
            "moveY": -3,
            "heatProgress": "recoil",
          },
          {
            "type": "RegionPart",
            "mirror": true,
            "heatColor": "FF705580",
            "x": 0,
            "y": 0,
            "suffix": "-侧",
            "moveX": 0,
            "moveY": -5,
            "moveRot": -5
            "heatProgress": "recoil",
          },
          {
            "type": "RegionPart",
            "mirror": true,
            "heatColor": "FF705580",
            "x": 0,
            "y": 0,
            "suffix": "-后",
            "moveX": -2,
            "moveY": -3.7,
            "moveRot": 0
            "heatProgress": "recoil",
          },
          {
            "type": "RegionPart",
            "mirror": false,
            "x": 0,
            "y": 0,
            "suffix": "-后2",
            "moveX": 0,
            "moveY": -3,
            "moveRot": 0
            "heatColor": "FF705580",
            "under":true
            "heatProgress": "recoil",
          },
        ]
      }
    ]
  }
	"ammoTypes": {
	        "列位石": {
	"shootEffect":{
    "type": "MultiEffect",
    		"effects": [
       		    	{     
        		"type": "ParticleEffect",
        		"region":"埃里克尔更多设备-菱形1"
        		"particles": 1,
        		"sizeFrom": 0,
        		"sizeTo": 10,
        		"length": 0,
        		"lifetime":60
        		"baseLength": 0
        		"colorFrom": "FFFFFF",
        		"colorTo": "ff8590",
        		"useRotation": true
        		"spin":10
       		    },
       		    	{     
        		"type": "ParticleEffect",
        		"line": true,
        		"particles": 10,
        		"sizeFrom": 0,
        		"sizeTo": 9,
        		"length": 20,
        		"lifetime": 55
        		"baseLength": 0
        		"colorFrom": "FFFFFF",
        		"colorTo": "ff8590",
       		    },
       		    	{     
        		"type": "ParticleEffect",
        		"line": true,
        		"particles": 10,
        		"sizeFrom": 0,
        		"sizeTo": 10,
        		"length": 10,
        		"lifetime": 55
        		"baseLength": 40
        		"colorFrom": "FFFFFF",
        		"colorTo": "ffffff",
       		    },
       		    	{     
        		"type": "ParticleEffect",
        		"particles": 10,
        		"sizeFrom": 5,
        		"sizeTo": 0,
        		"length": 30,
        		"lifetime": 55
        		"baseLength": 0
        		"colorFrom": "FFFFFF",
        		"colorTo": "ff8590",
       		    },
    		    {
                "type":"WaveEffect",
                "lifetime":30
                "sizeFrom":0,
                "sizeTo":10,
                "strokeFrom":1
                "strokeTo":1
                "colorFrom":"ffffff",
                "colorTo":"ff8590"
            },
            {
                "type":"WaveEffect",
                "lifetime":30
                "sizeFrom":0,
                "sizeTo":30
                "strokeFrom":1
                "strokeTo":1
                "colorFrom":"ffffff",
                "colorTo":"ff8590"
            },
            {
                "type":"WaveEffect",
                "lifetime":30
                "sizeFrom":40,
                "sizeTo":2
                "strokeFrom":1
                "strokeTo":1
                "colorFrom":"ffffff",
                "colorTo":"ff8590"
            },
   		    ]
}
          "damage":128,
          "hitEffect": {
          "type": "ParticleEffect",
          "particles": 10
          "strokeFrom": 2,
          "strokeTo": 1,
          "lenFrom": 26,
          "lenTo": 5,
          "length": 40,
          "baseLength": 10,
          "lifetime": 90,
          "colorFrom": "FFFFFF",
          "colorTo": "ff8590",
          "cone": 360
        }
"sprite":"large-orb"
"speed":6.5,
"collidesGround":false,
"fragBullets":1
"trailColor":"ff8590"//红
"trailLength":10,
"trailWidth":5
"lifetime":100,
"fragBullet":{
"damage":85,        "hitEffect": {
          "type": "ParticleEffect",
          "particles": 10
          "strokeFrom": 2,
          "strokeTo": 1,
          "lenFrom": 26,
          "lenTo": 5,
          "length": 40,
          "baseLength": 10,
          "lifetime": 90,
          "colorFrom": "FFFFFF",
          "colorTo": "F61000FF",
          "cone": 360
        }
"lifetime":1
"speed":1
"spawnBullets":[
{"damage":168,
"pierceArmor" : true,
        "hitEffect": {
          "type": "ParticleEffect",
          "particles": 10
          "strokeFrom": 2,
          "strokeTo": 1,
          "lenFrom": 26,
          "lenTo": 5,
          "length": 40,
          "baseLength": 10,
          "lifetime": 90,
          "colorFrom": "FFFFFF",
          "colorTo": "F61000FF",
          "cone": 360
        }
"speed":4,
"collidesGround":false,
"type":"MissileBulletType",
"lifetime":1,
"fragBullets":15
"trailColor":"F61000FF"//红
"trailLength":10,
"homingRange":100,
"homingPower":0.2,
"trailWidth":2,
"weaveScale": 5,
"weaveMag": 2,
"fragBullet":{
"damage":168,
"pierceArmor" : true,
        "hitEffect": {
          "type": "ParticleEffect",
          "particles": 10
          "strokeFrom": 2,
          "strokeTo": 1,
          "lenFrom": 26,
          "lenTo": 5,
          "length": 40,
          "baseLength": 10,
          "lifetime": 90,
          "colorFrom": "FFFFFF",
          "colorTo": "F61000FF",
          "cone": 360
        }
"backColor": "F61000FF",
"frontColor": "F61000FF",
"lifetime":50,
"RadomLifeTime":60
"RadomLifeTime":60
"sprite":"large-orb"
"speed":4,
"collidesGround":false,
"type":"MissileBulletType",
"trailColor":"F61000FF"//红
"trailLength":10,
"homingRange":100,
"homingPower":0.2,
"trailWidth":2,
"weaveScale": 5,
"weaveMag": 2,
}}
{"damage":168,
"pierceArmor" : true,
        "hitEffect": {
          "type": "ParticleEffect",
          "particles": 10
          "strokeFrom": 2,
          "strokeTo": 1,
          "lenFrom": 26,
          "lenTo": 5,
          "length": 40,
          "baseLength": 10,
          "lifetime": 90,
          "colorFrom": "FFFFFF",
          "colorTo": "F61000FF",
          "cone": 360
        }
"speed":4,
"collidesGround":false,
"type":"MissileBulletType",
"lifetime":1,
"fragBullets":15
"trailColor":"F7E97EFF"//黄
"trailLength":10,
"homingRange":100,
"homingPower":0.2,
"trailWidth":2,
"weaveScale": 5,
"weaveMag": 2,
"fragBullet":{
"damage":168,
"pierceArmor" : true,
        "hitEffect": {
          "type": "ParticleEffect",
          "particles": 10
          "strokeFrom": 2,
          "strokeTo": 1,
          "lenFrom": 26,
          "lenTo": 5,
          "length": 40,
          "baseLength": 10,
          "lifetime": 90,
          "colorFrom": "FFFFFF",
          "colorTo": "F61000FF",
          "cone": 360
        }
"backColor": "F7E97EFF",
"frontColor": "F7E97EFF","lifetime":50,
"sprite":"large-orb"
"speed":4,
"collidesGround":false,
"type":"MissileBulletType",
"trailColor":"F7E97EFF"//黄
"trailLength":10,
"homingRange":100,
"homingPower":0.2,
"trailWidth":2,
"weaveScale": 5,
"weaveMag": 2,
}}
{"damage":168,
"pierceArmor" : true,
        "hitEffect": {
          "type": "ParticleEffect",
          "particles": 10
          "strokeFrom": 2,
          "strokeTo": 1,
          "lenFrom": 26,
          "lenTo": 5,
          "length": 40,
          "baseLength": 10,
          "lifetime": 90,
          "colorFrom": "FFFFFF",
          "colorTo": "F61000FF",
          "cone": 360
        }
"speed":4,
"collidesGround":false,
"type":"MissileBulletType",
"lifetime":1,
"fragBullets":15
"trailColor":"E34047FF"//橙
"trailLength":10,
"homingRange":100,
"homingPower":0.2,
"trailWidth":2,
"weaveScale": 5,
"weaveMag": 2,
"fragBullet":{
"damage":168,
"pierceArmor" : true,
        "hitEffect": {
          "type": "ParticleEffect",
          "particles": 10
          "strokeFrom": 2,
          "strokeTo": 1,
          "lenFrom": 26,
          "lenTo": 5,
          "length": 40,
          "baseLength": 10,
          "lifetime": 90,
          "colorFrom": "FFFFFF",
          "colorTo": "F61000FF",
          "cone": 360
        }
            "backColor": "E34047FF",
            "frontColor": "E34047FF","lifetime":50,
"sprite":"large-orb"
"speed":4,
"collidesGround":false,
"type":"MissileBulletType",
"trailColor":"E34047FF"//橙
"trailLength":10,
"homingRange":100,
"homingPower":0.2,
"trailWidth":2,
"weaveScale": 5,
"weaveMag": 2,
}}
{"damage":168,
"pierceArmor" : true,
        "hitEffect": {
          "type": "ParticleEffect",
          "particles": 10
          "strokeFrom": 2,
          "strokeTo": 1,
          "lenFrom": 26,
          "lenTo": 5,
          "length": 40,
          "baseLength": 10,
          "lifetime": 90,
          "colorFrom": "FFFFFF",
          "colorTo": "F61000FF",
          "cone": 360
        }
"speed":4,
"collidesGround":false,
"type":"MissileBulletType",
"lifetime":1,
"fragBullets":15
"trailColor":"77BD7AFF"//绿
"trailLength":10,
"homingRange":100,
"homingPower":0.2,
"trailWidth":2,
"weaveScale": 5,
"weaveMag": 2,
"fragBullet":{
"damage":168,
"pierceArmor" : true,
        "hitEffect": {
          "type": "ParticleEffect",
          "particles": 10
          "strokeFrom": 2,
          "strokeTo": 1,
          "lenFrom": 26,
          "lenTo": 5,
          "length": 40,
          "baseLength": 10,
          "lifetime": 90,
          "colorFrom": "FFFFFF",
          "colorTo": "F61000FF",
          "cone": 360
        }
            "backColor": "77BD7AFF",
            "frontColor": "77BD7AFF","lifetime":50,
"RadomLifeTime":60
"sprite":"large-orb"
"speed":4,
"collidesGround":false,
"type":"MissileBulletType",
"trailColor":"77BD7AFF"//绿
"trailLength":10,
"homingRange":100,
"homingPower":0.2,
"trailWidth":2,
"weaveScale": 5,
"weaveMag": 2,
}}
{"damage":168,
"pierceArmor" : true,
        "hitEffect": {
          "type": "ParticleEffect",
          "particles": 10
          "strokeFrom": 2,
          "strokeTo": 1,
          "lenFrom": 26,
          "lenTo": 5,
          "length": 40,
          "baseLength": 10,
          "lifetime": 90,
          "colorFrom": "FFFFFF",
          "colorTo": "F61000FF",
          "cone": 360
        }
"speed":4,
"collidesGround":false,
"type":"MissileBulletType",
"lifetime":1,
"fragBullets":15
"trailColor":"A9D4D6FF"//青
"trailLength":10,
"homingRange":100,
"homingPower":0.2,
"trailWidth":2,
"weaveScale": 5,
"weaveMag": 2,
"fragBullet":{
"damage":168,
"pierceArmor" : true,
        "hitEffect": {
          "type": "ParticleEffect",
          "particles": 10
          "strokeFrom": 2,
          "strokeTo": 1,
          "lenFrom": 26,
          "lenTo": 5,
          "length": 40,
          "baseLength": 10,
          "lifetime": 90,
          "colorFrom": "FFFFFF",
          "colorTo": "F61000FF",
          "cone": 360
        }
            "backColor": "A9D4D6FF",
            "frontColor": "A9D4D6FF","lifetime":50,
"RadomLifeTime":60
"sprite":"large-orb"
"speed":4,
"collidesGround":false,
"type":"MissileBulletType",
"trailColor":"A9D4D6FF"//青
"trailLength":10,
"homingRange":100,
"homingPower":0.2,
"trailWidth":2,
"weaveScale": 5,
"weaveMag": 2,
}}
{"damage":168,
"pierceArmor" : true,
        "hitEffect": {
          "type": "ParticleEffect",
          "particles": 10
          "strokeFrom": 2,
          "strokeTo": 1,
          "lenFrom": 26,
          "lenTo": 5,
          "length": 40,
          "baseLength": 10,
          "lifetime": 90,
          "colorFrom": "FFFFFF",
          "colorTo": "F61000FF",
          "cone": 360
        }
"speed":4,
"collidesGround":false,
"type":"MissileBulletType",
"lifetime":1,
"fragBullets":15
"trailColor":"D1EFFFFF"//蓝
"trailLength":10,
"homingRange":100,
"homingPower":0.2,
"trailWidth":2,
"weaveScale": 5,
"weaveMag": 2,
"fragBullet":{
"damage":85,        "hitEffect": {
          "type": "ParticleEffect",
          "particles": 10
          "strokeFrom": 2,
          "strokeTo": 1,
          "lenFrom": 26,
          "lenTo": 5,
          "length": 40,
          "baseLength": 10,
          "lifetime": 90,
          "colorFrom": "FFFFFF",
          "colorTo": "F61000FF",
          "cone": 360
        }
"backColor": "D1EFFFFF",
"frontColor": "D1EFFFFF","lifetime":50,
"RadomLifeTime":60
"sprite":"large-orb"
"speed":4,
"collidesGround":false,
"type":"MissileBulletType",
"trailColor":"D1EFFFFF"//蓝
"trailLength":10,
"homingRange":100,
"homingPower":0.2,
"trailWidth":2,
"weaveScale": 5,
"weaveMag": 2,
}}
{"damage":168,
"pierceArmor" : true,
        "hitEffect": {
          "type": "ParticleEffect",
          "particles": 10
          "strokeFrom": 2,
          "strokeTo": 1,
          "lenFrom": 26,
          "lenTo": 5,
          "length": 40,
          "baseLength": 10,
          "lifetime": 90,
          "colorFrom": "FFFFFF",
          "colorTo": "F61000FF",
          "cone": 360
        }
"speed":4,
"collidesGround":false,
"type":"MissileBulletType",
"lifetime":1,
"fragBullets":15
"trailColor":"C9A5C8FF"//紫
"trailLength":10,
"homingRange":100,
"homingPower":0.2,
"trailWidth":2,
"weaveScale": 5,
"weaveMag": 2,
"fragBullet":{
"damage":85,        "hitEffect": {
          "type": "ParticleEffect",
          "particles": 10
          "strokeFrom": 2,
          "strokeTo": 1,
          "lenFrom": 26,
          "lenTo": 5,
          "length": 40,
          "baseLength": 10,
          "lifetime": 90,
          "colorFrom": "FFFFFF",
          "colorTo": "F61000FF",
          "cone": 360
        }
"backColor": "C9A5C8FF",
"frontColor": "C9A5C8FF",
"lifetime":50,
"RadomLifeTime":60
"sprite":"large-orb"
"speed":4,
"collidesGround":false,
"type":"MissileBulletType",
"trailColor":"C9A5C8FF"//紫
"trailLength":10,
"homingRange":100,
"homingPower":0.2,
"trailWidth":2,
"weaveScale": 5,
"weaveMag": 2,
}}
]
}
}
            }
            }