{
  "type": "LiquidTurret",
  "name": "熔渣",
  "description": "高级炮台之一，长距离喷火器，利用极高的温度融化敌人，[red]让他们成为熔渣！"
  "liquidCapacity": 400,
  "health": 7250
  "size": 5
  "firstShootDelay":50
  "canOverdrive": false,
  "shoot": {
        "type": "ShootSpread",
        "shots": 10
        "spread": 0.2
      },
      "ejectEffect": "none",
      "inaccuracy": 2
  "category": "turret",
  "research": "MEE-埃里克尔",
  "reload": 6
  "range": 220
  "shootY": 30
   "drawer": {
    "type": "DrawMulti",
    "drawers": [
      {
        "type": "DrawTurret",
        "parts": [
          {
            "type": "RegionPart",
            "mirror": true,
            "x": 0,
            "y": 0,
            "suffix": "-侧",
            "moveX": 0,
            "moveY": 5,
            "moveRot": -1
          },
          {
            "type": "RegionPart",
            "mirror": true,
            "x": 0,
            "y": 0,
            "suffix": "-前",
            "moveX": 1,
            "moveY": 5,
            "moveRot": 1
          },
          {
            "type": "RegionPart",
            "mirror": false,
            "x": 0,
            "y": 0,
            "suffix": "-炮口",
            "moveX": 0,
            "moveY": 5,
            "moveRot": 0
            "heatColor": "FF705580",
            "under":true
          },
        ]
      }
    ]
  }
  "shootSound": "flame",
  "targetGround": true
  "targetAir": true
  "requirements": [
	"tungsten/300",
	"thorium/460"
	"列位石/150",
	"phase-fabric/300"
	],
	"consumes": {
    "power":7,
    }
    "shootEffect": {
          "type": "multiEffect",
          "layer": 110,
          "effects": [
            {
              "type": "ParticleEffect",
              "particles": 4,
              "sizeFrom": 6,
              "sizeTo": 1,
              "length": 330,
              "lifetime": 25,
              "lightColor": "FF5845FF",
              "colorFrom": "ffffff",
              "colorTo": "FF5845FF",
              "cone": 9
            },
            {
              "type": "ParticleEffect",
              "particles": 4,
              "sizeFrom": 5,
              "sizeTo": 2,
              "length": 340,
              "lifetime": 30,
              "lightColor": "4B4B4BFF",
              "colorFrom": "4B4B4BFF",
              "colorTo": "4B4B4BFF",
              "cone": 10
            },
            {
              "type": "ParticleEffect",
              "particles": 4,
              "sizeFrom": 7,
              "sizeTo": 4,
              "length": 350,
              "lifetime": 35,
              "lightColor": "E34047FF",
              "colorFrom": "ffffff",
              "colorTo": "E34047FF",
              "cone": 11
            },
            {
              "type": "ParticleEffect",
              "particles": 4,
              "sizeFrom": 6,
              "sizeTo": 3,
              "length": 350,
              "lifetime": 55,
              "lightColor": "343434FF",
              "colorFrom": "343434FF",
              "colorTo": "343434FF",
              "cone": 12
            }
          ]
        },
  "ammoTypes":{
    "hydrogen":{
        "type": "BulletType",
        "status": "melting",
	    "statusDuration": 5550,
        "buildingDamageMultiplier":0.1,
        "circle": true,
        "shrinkY": 0.04,
        "shrinkX": 0.04,
        "collides": true,
        "radius": 4,
        "pierce": true,
        "damage": 100,
        "pierceArmor": false,
        "speed":21,
        "lifetime":10.5
        "despawnEffect": "none",
        "hitEffect": {
          "type": "ParticleEffect",
          "particles": 10
          "strokeFrom": 2,
          "strokeTo": 1,
          "lenFrom": 26,
          "lenTo": 5,
          "length": 20,
          "baseLength": 2,
          "lifetime": 90,
          "colorFrom": "FFFFFF",
          "colorTo": "9E172CFF",
          "cone": 360
        }
        }
        }
  }