{
	"type":"ArmoredConduit",
	"category":"liquid",
	"name":"装甲流体导管",
	"description":"向前输送流体，侧面不接受非装甲导管的输入，不会泄露导管内的流体。与泵或其它导管联合使用。",

	"research":{
	"parent":"fluid-pipeline-bridge",
	"requirements":[
	"tungsten/150",
	"metaglass/50"
	]	},

	"requirements":[
	"tungsten/3",
	"metaglass/1"
	],

	"health":250,
	"liquidCapacity":20,
	"liquidPressure":1,
	"bridgeReplacement":"fluid-pipeline-bridge",
	"junctionReplacement":"fluid-pipeline-connector"
}