{
    "name": "第二代复合石墨墙",
    "description": "更加先进的科技！", 
    "health": 6000,
    "armor":18,
    "size": 3,
    "itemCapacity": 800,
    "unitCapModifier": 5,
    "liquidCapacity":4000,
    "requirements": [
        "graphite/40","thorium/18","phase-fabric/14","lead/12","plastanium/18","surge-alloy/12","芯片/5"
    ],
    //"buildVisibility": "debugOnly"
    "category": "defense",
    "unitType": "alpha",
    "research":"复合石墨墙",
    "placeableLiquid":true,
    "chanceDeflect":14,
    "flashHit": true,
"insulated":false,
    "absorbLasers":true,
    "outputsPower":true,
"hasPower":true,
"consumesPower":true,
"conductivePower": true,
    "lightningChance":0.2,
    "lightningDamage":40,
    "lightningLength":34.4,
    "chanceDeflect":0.1,
    "consumes":{
    "powerBuffered":4500,
    "power":0.081
    }   
}/*chanceDeflect