{"type": "powerTurret","name": "c-磁球",
"description": "发射电磁球有效杀伤大量敌人。",
"targetAir":true,"targetGround":true,
//是否攻击空军//是否攻击地面目标
"health":450,"size":3,"reload":180,"hasPower":true,
//生命值//尺寸//攻击间隔//是否用电
"chargeSound":"lasercharge",//音效
"shootSound":"none",
"despawnSound":"none",
"hitSound":"none",
"rotateSpeed":3,"range":200,//炮台转动速度//射程
"shootY":6,//炮口位置
"consumes":{"power":12,
}//消耗
"shoot":{"firstShotDelay":62,},
"drawer":{"type":"DrawMulti",
"drawers":[{"type":"DrawTurret",
"parts":[
{"type":"RegionPart",
"mirror":false,//是否镜像显示
"x":-7,"y":0,//起始位置
"suffix":"-左","layer":60,"moveX":-2,"moveY":0,
"moveRot":0,//移动圈数
}
{"type":"RegionPart",
"mirror":false,//是否镜像显示
"x":7,"y":0,//起始位置
"suffix":"-右","layer":60,"moveX":2,"moveY":0,
"moveRot":-0,//移动圈数
}
]}]}
"shootType":{
"chargeEffect":{/*开火特效*/
"type":"multiEffect",
"effects":[
{
"type":"ParticleEffect",
"lifetime": 90,"offsetX":-7,
"colorFrom":"4791FFFF",//开始时颜色
"colorTo":"92BAF6FF",//结束时颜色
"particles":10,//粒子数量
"randLength":true,//兰德长度？
"cone":360,//粒子扩散角度
"length":-20,//粒子移动长度
"baseLength":40,//粒子在一定长度内出现
"useRotation":true,//使用旋转
"line":false,//形状为方形
"sizeFrom":2,//圆形从开始大小//粒子大小？？
"sizeTo":0,//圆形至结尾大小}
}
{
"type":"ParticleEffect",
"lifetime": 90,"offsetX":-7,
"colorFrom":"4791FFFF",//开始时颜色
"colorTo":"92BAF6FF",//结束时颜色
"particles":10,//粒子数量
"randLength":true,//兰德长度？
"cone":360,//粒子扩散角度
"length":-56,//粒子移动长度
"baseLength":56,//粒子在一定长度内出现
"useRotation":true,//使用旋转
"line":false,//形状为方形
"sizeFrom":4,//圆形从开始大小//粒子大小？？
"sizeTo":0,//圆形至结尾大小
}
{
"type":"ParticleEffect",
"lifetime": 90,"offsetX":-7,
"colorFrom":"aae7ff",//开始时颜色
"colorTo":"aae7ff",//结束时颜色
"particles":1,//粒子数量
"randLength":true,//兰德长度？
"cone":00,//粒子扩散角度
"length":0,//粒子移动长度
"baseLength":1,//粒子在一定长度内出现
"useRotation":true,//使用旋转
"line":false,//形状为方形
"sizeFrom":0,//圆形从开始大小//粒子大小？？
"sizeTo":10,//圆形至结尾大小
}
{
"type":"WaveEffect",
"lifetime": 90,
"colorFrom":"aae7ff",//颜色从
"colorTo":"aae7ff",//颜色至
"lightColor":"8ef0ff",//浅色
"sizeFrom":0,//开始时圆环直径
"sizeTo":1,//结束时圆环直径
"lightScl":3.0,//轻量级
"lightOpacity":0.5,//光不透明
"sides":-1,//双方//效果不明
"rotation":-1,//回转//效果不明
"strokeFrom":0,//开始时圆形宽度
"strokeTo":1,//结束时圆环宽度
//"interp":linear,//插值
//"lightInterp":reverse,//插值
"offsetX":0.0,//偏转x
"offsetY":0.0//偏转y
}
{
"type":"WaveEffect",
"lifetime": 90,
"colorFrom":"aae7ff",//颜色从
"colorTo":"aae7ff",//颜色至
"lightColor":"8ef0ff",//浅色
"sizeFrom":7,//开始时圆环直径
"sizeTo":7,//结束时圆环直径
"lightScl":3.0,//轻量级
"lightOpacity":0.5,//光不透明
"sides":-1,//双方//效果不明
"rotation":-1,//回转//效果不明
"strokeFrom":0,//开始时圆形宽度
"strokeTo":10,//结束时圆环宽度
//"interp":linear,//插值
//"lightInterp":reverse,//插值
"offsetX":0.0,//偏转x
"offsetY":0.0//偏转y
"startDelay":10,//开始延迟
}
{
"type":"WaveEffect",
"lifetime": 70,
"colorFrom":"8ef0ff",//颜色从
"colorTo":"8ef0ff",//颜色至
"lightColor":"71d6ff",//浅色
"sizeFrom":10,//开始时圆环直径
"sizeTo":10,//结束时圆环直径
"lightScl":3.0,//轻量级
"lightOpacity":0.5,//光不透明
"sides":-1,//双方//效果不明
"rotation":-1,//回转//效果不明
"strokeFrom":0,//开始时圆形宽度
"strokeTo":8,//结束时圆环宽度
//"interp":linear,//插值
//"lightInterp":reverse,//插值
"offsetX":0.0,//偏转x
"offsetY":0.0//偏转y
"startDelay":20,//开始延迟
}
{
"type":"WaveEffect",
"lifetime": 40,
"colorFrom":"71d6ff",//颜色从
"colorTo":"71d6ff",//颜色至
"lightColor":"55b4ff",//浅色
"sizeFrom":26,//开始时圆环直径
"sizeTo":26,//结束时圆环直径
"lightScl":3.0,//轻量级
"lightOpacity":0.5,//光不透明
"sides":-1,//双方//效果不明
"rotation":-1,//回转//效果不明
"strokeFrom":0,//开始时圆形宽度
"strokeTo":4,//结束时圆环宽度
//"interp":linear,//插值
//"lightInterp":reverse,//插值
"offsetX":0.0,//偏转x
"offsetY":0.0//偏转y
"startDelay":40,//开始延迟
}
{
"type":"WaveEffect",
"lifetime": 50,
"colorFrom":"78A9F3FF",//颜色从
"colorTo":"92BAF6FF",//颜色至
"lightColor":"ABCCFFFF",//浅色
"sizeFrom":32,//开始时圆环直径
"sizeTo":0,//结束时圆环直径
"lightScl":3.0,//轻量级
"lightOpacity":0.5,//光不透明
"sides":-1,//双方//效果不明
"rotation":-1,//回转//效果不明
"strokeFrom":2,//开始时圆形宽度
"strokeTo":0,//结束时圆环宽度
//"interp":linear,//插值
//"lightInterp":reverse,//插值
"offsetX":-7,//偏转x
"offsetY":0//偏转y
}
{
"type":"WaveEffect",
"lifetime": 50,
"colorFrom":"78A9F3FF",//颜色从
"colorTo":"92BAF6FF",//颜色至
"lightColor":"ABCCFFFF",//浅色
"sizeFrom":32,//开始时圆环直径
"sizeTo":0,//结束时圆环直径
"lightScl":3.0,//轻量级
"lightOpacity":0.5,//光不透明
"sides":-1,//双方//效果不明
"rotation":-1,//回转//效果不明
"strokeFrom":2,//开始时圆形宽度
"strokeTo":0,//结束时圆环宽度
//"interp":linear,//插值
//"lightInterp":reverse,//插值
"offsetX":-7.0,//偏转x
"offsetY":0//偏转y
"startDelay":10,//开始延迟
}
{
"type":"WaveEffect",
"lifetime": 50,
"colorFrom":"78A9F3FF",//颜色从
"colorTo":"92BAF6FF",//颜色至
"lightColor":"ABCCFFFF",//浅色
"sizeFrom":32,//开始时圆环直径
"sizeTo":0,//结束时圆环直径
"lightScl":3.0,//轻量级
"lightOpacity":0.5,//光不透明
"sides":-1,//双方//效果不明
"rotation":-1,//回转//效果不明
"strokeFrom":2,//开始时圆形宽度
"strokeTo":0,//结束时圆环宽度
//"interp":linear,//插值
//"lightInterp":reverse,//插值
"offsetX":-7.0,//偏转x
"offsetY":0//偏转y
"startDelay":20,//开始延迟
}
{
"type":"WaveEffect",
"lifetime": 50,
"colorFrom":"78A9F3FF",//颜色从
"colorTo":"92BAF6FF",//颜色至
"lightColor":"ABCCFFFF",//浅色
"sizeFrom":32,//开始时圆环直径
"sizeTo":0,//结束时圆环直径
"lightScl":3.0,//轻量级
"lightOpacity":0.5,//光不透明
"sides":-1,//双方//效果不明
"rotation":-1,//回转//效果不明
"strokeFrom":2,//开始时圆形宽度
"strokeTo":0,//结束时圆环宽度
//"interp":linear,//插值
//"lightInterp":reverse,//插值
"offsetX":-7.0,//偏转x
"offsetY":0//偏转y
"startDelay":30,//开始延迟
}

]}
"sprite":"particle"//贴图/模组名-贴图名
"type":"MissileBulletType",
"damage":14,
//伤害
//"status":"",//状态
"splashDamageRadius":8,//飞溅伤害半径。
"splashDamage":9,//飞溅损坏。
"width":32,"height":32,
//宽度//高度
"pierce":false,"speed":1,"lifetime":320,
//未知//速度//时间
"homingRange":176,"homingPower":0.1,
//范围，追踪力度
"pierce":true,//穿透
"pierceArmor":true,/*穿甲*/
"pierceBuilding":true,//穿透建筑
"absorbable":false,//受力墙影响
"hittable":false,//被分解
"reflectable":false,//被反弹
"sprite":"particle"//贴图/模组名-贴图名
"type":"MissileBulletType",
"targetAir" : true, //对空
//伤害
//"status":"",//状态
"splashDamageRadius":8,//飞溅伤害半径。
"splashDamage":10,//飞溅损坏。
"width":32,"height":32,
//宽度//高度
"pierce":false,"speed":1,"lifetime":256,
//未知//速度//时间
"homingRange":176,"homingPower":0.1,
//范围，追踪力度
"pierce":true,//穿透
"pierceArmor":false,/*穿甲*/
"pierceBuilding":true,//穿透建筑
"absorbable":false,//受力墙影响
"hittable":false,//被分解
"reflectable":false,//被反弹
"despawnEffect":{
"type":"multiEffect",
"effects":[
{
"type":"WaveEffect",
"lifetime": 20,
"colorFrom":"92D9FFFF",//颜色从
"colorTo":"53C3FFFF",//颜色至
"lightColor":"39ACEAFF",//浅色
"sizeFrom":0,//开始时圆环直径
"sizeTo":32,//结束时圆环直径
"lightScl":3.0,//轻量级
"lightOpacity":0.5,//光不透明
"sides":-1,//双方//效果不明
"rotation":-1,//回转//效果不明
"strokeFrom":0,//开始时圆形宽度
"strokeTo":2,//结束时圆环宽度
//"interp":linear,//插值
//"lightInterp":reverse,//插值
"offsetX":0.0,//偏转x
"offsetY":0.0//偏转y
"startDelay":5,//开始延迟
}
{
"type":"ParticleEffect",
"lifetime": 20,
"colorFrom":"92D9FFFF",//开始时颜色
"colorTo":"53C3FFFF",//结束时颜色
"particles":20,//粒子数量
"randLength":true,//兰德长度？
"cone":360,//粒子扩散角度
"length":40,//粒子移动长度
"baseLength":40,//粒子在一定长度内出现
"useRotation":true,//使用旋转
"line":false,//形状为方形
"sizeFrom":0,//圆形从开始大小//粒子大小？？
"sizeTo":2,//圆形至结尾大小
"startDelay":2,//开始延迟
}
]}
"hitEffect":"none",//子弹击中特效
"trailEffect":"none",
//"trailColor":"#ff6f55",//尾迹颜色
"backColor":"52A7F7FF","frontColor":"82EFFDFF",
//背面景色。//正面颜色。
"recoil":2,
"intervalBullets": 5,/*数量间隔子弹*/
"bulletInterval":10,/*子弹间隔间隔子弹*/
"intervalRandomSpread": 360,/*间隔随机传播*/
"intervalSpread": 16,/*间隔排列*/
"intervalAngle": 120,/*间隔角*/
"intervalBullet": {
"targetAir" : true, //对空
"type":"LightningBulletType",
"despawnSound":"spark",
"damage":13,
"pierceArmor":true,/*穿甲*/
"lightningLength":8,
"lightningLengthRand":1,
"lightningColor":"74BCFFFF"/*闪电颜色*/
"buildingDamageMultiplier":0.25,/*对建筑倍率*/
}
	},
"requirements": [
{ "item": "亚铜", "amount": 120 },
{ "item": "钢铁", "amount": 120 },
{ "item": "钴蓝合金", "amount": 50 },
{ "item": "copper", "amount": 280 },
{ "item": "silicon", "amount": 120 },
{ "item": "graphite", "amount": 140 },],
"category": "turret","research": "b-进化"
}
//以下可删