{

	"type":"PowerTurret",
	"name":"i-进阶",
    "description":"这尿分叉打的到谁() 近战堪比雷光",
	"size":3,//物品面积
	"health":550,//建筑血量
	"range":240,//攻击范围
	"reload":95,//60：0.1每秒一个
		"recoil":2,//后坐力,
	"inaccuracy":0,//误差
	    "recoilTime": 95,//归位时间
	"cooldownTime": 100,//冷却时间
	"minWarmup": 0.90,//展开到百分之多少的时候开始射击
	
	"burstSpacing":0,/*连射间隔 */
	"alternate":true,
	//多炮口射击
	"shoot": {
    "type": "shootBarrel",
    "shots": 4,//炮口数
    "barrels": [0,0,5,0,0,2.5,0,0,-2.5,0,0,-5],//三个炮口的位置（左右，前后，倾斜）
    "spread": 0//炮口角度
    },
	                      "consumes": {
	                          
        "power": 7,

        "coolant": {
            "amount": 0.1,
            "optional": true
        }
    },
	"rotateSpeed":4,//旋转速度
	"targetAir":true//攻击天空
	"targetGround":true,//攻击地面
	"coolantMultiplier":2,
	

	
	"heatColor":"#FF0000",
			"shootSound":"laser",
	

	"shootType": {
		"type": "LaserBulletType",
		"damage": 70,
		"length": 240,
		"lifetime": 30,
		                "pierceCap":7,
		"shootEffect": {
			"type": "ParticleEffect",
			"line": true,
			"particles": 12,
			"lifetime": 20,
			"length": 45,
			"cone": 30,
			"lenFrom": 6,
			"lenTo": 6,
			"strokeFrom": 3,
			"strokeTo": 0,
			"interp": "fastSlow",
			"lightColor": "FF5845",
			"colorFrom": "FFDCD8",
		"colorTo": "FF5845"
		},

		"hitSize": 8,
		"drawSize": 400,
		"ammoMultiplier": 1,
	
		"statusDuration": 30,
		"hitEffect": {
			"type": "ParticleEffect",
			"line": true,
			"particles": 10,
			"lifetime": 20,
			"length": 75,
			"cone": -360,
			"lenFrom": 6,
			"lenTo": 6,
			"strokeFrom": 3,
			"strokeTo": 0,
			"lightColor": "FF5845",
			"colorFrom": "FFDCD8",
			"colorTo": "FF5845"
		},
		"despawnEffect": "none"
	},




    "shootEffect":{"type": "ParticleEffect",
    "particles": 4,
    "length":45,
    "baseLength": 0,
    "lifetime": 13,
    "line": true,
    "lenFrom":8,
    "lenTo":18,
    "strokeFrom": 2,
    "strokeTo": 0,
        "cone": 20},

	"requirements": [
		{ "item": "copper", "amount":350 },
		"lead/300"
		"titanium/150"
		"silicon/150"
			"亚铜/250"
			{ "item": "graphite", "amount":150}
				"磁钛/50"
				"钢铁/200"
					"钴蓝合金/100"
	],
	"category": "turret",
	"research":"b-进化"
	

}