{
	"type": "GenericCrafter",
	"name": "巨型硅冶炼厂",
	"description": "只因效率还是不够，所以巨型硅厂诞生了",
	"health":800,
	"itemCapacity":200,
	"outputItem": {"item": "silicon","amount":30},
	"size":4,
	"hasPower": true,
	"hasItems": true,
	"craftTime":100,
	"updateEffect": "smeltsmoke",
	"consumes": {
		"power":8,
		"items": {
			"items": [
				{ "item": "coal", "amount":24 },//煤炭
				{ "item": "sand", "amount":56 }//沙子
			]
		}
	},
	"requirements": [
		{ "item": "graphite", "amount":80 },
		{ "item": "copper", "amount":160 },
		{ "item": "lead", "amount":80 },
		{ "item": "青铜", "amount":120 },
		{ "item": "亚铜", "amount":80 },
	],
	"category": "crafting",
	"research": "大型硅冶炼厂",
	"idleSound": "respawning",
	"idleSoundVolume": 0.4
}