{
	"type": "GenericCrafter",
	"name": "巨型石墨压缩机",
	"description": "只因效率不够，所以巨型石墨厂诞生了",
	"health":900,
	"itemCapacity":160,
	"liquidCapacity":12,
	"outputItem": {"item": "graphite","amount":36},
	"size":4,
	"hasPower": true,
	"hasItems": true,
	"hasLiquids": true,
	"craftTime":100,
	"updateEffect": "smeltsmoke",
	"consumes": {
		"power":5,
		"items": {
			"items": [
				{ "item": "coal", "amount":60 },//煤炭
			]
		}
	},
	"requirements": [
		{ "item": "copper", "amount":120 },
		{ "item": "lead", "amount":80 },
		{ "item": "青铜", "amount":80 },
		{ "item": "graphite", "amount":80 },
	],
	"category": "crafting",
	"research": "大型石墨压缩机",
	"idleSound": "respawning",
	"idleSoundVolume": 0.4
}
