{
	"type": "GenericCrafter",
	"name": "电解硅工厂二代",
	"description": "效率再提升",
	"health":900,
	"itemCapacity":64,
	"outputItem": {"item": "silicon","amount":8},
	"size":3,
	"hasPower": true,
	"craftTime":45,
		"consumes": {//物品需求
		"power":4,
		"items": {
			"items": [
		{ "item": "sand", "amount":16 },//沙子
			]
		}
		}
	"updateEffect": "none",
	"requirements": [
		{ "item": "silicon", "amount":150 },
		{ "item": "基础合金", "amount":350 },
		{ "item": "钴蓝合金", "amount":200 },
	],
	"category": "crafting",
	"research": "电解硅工厂",
	"idleSound": "none",
}