{
   "requirements": [
  "钛板/320",
  "塑料/120",
  "silicon/100",
  "phase-fabric/50",
 // "surge-allou/500"

   ],
   "type": "MendProjector",
//   "name": "修理穹罩投影器",
//   "description": "能够精确的对方块受损部位进行皇家级的医疗服务。",
   "size": 3,
   "reload": 150,
   "range": 360,
   "healPercent": 15,
   "phaseBoost": 20,
   "category": "effect",
   "consumes": {
      "power": 20,
      "liquid": {
         "liquid": "cryofluid",
         "amount": 0.2,
         "booster": false,
         "optional": false
      },
      "items": {
         "items": [
            {
               "item": "塑料",
               "amount": 5
            }
         ]
      }
   },
   "health": 1300,
  
   "research": {
      "parent": "基础工业类",
      "requirements": [
         "qwe/320"
      ]
   }
}