{
	"type": "ItemBridge",
	"name": "ES传送带桥",
	"description": "远距离传送物品，更快",
	"details":"原宇宙已有，研究费用降低",
	"health": 160,
	"range": 5,
    "transportTime":1,	
    "speed": 0.18,
    "displayedSpeed": 26.1
	"requirements": [
	{ "item": "铅", "amount": 8 },
	{ "item": "铜", "amount": 10 },
	{ "amount": 3, "item": "石墨" }
	],
	"category": "distribution",	
	"research": "铜路由器"
	"researchCostMultiplier": 0.2,
	"hasPower": false,
	    "canOverdrive": false,
}