{
	"name": "微型质量驱动器",
	"description": "短距离发送物品包，收集一定物品后将其发射到另一个微型质量驱动器中。
	
		(贴图by Mr.世纪灯泡)",
	"type": "MassDriver",
	"size": 1,
	"hasItems": true,
	"itemCapacity": 20,
	"reload": 60,
	"range": 140,
	"consumes": {
		"power": 1
	},
	"requirements": [
	{ "item": "石墨", "amount": 65 },
	{ "item": "硅晶玻璃", "amount": 15 },
	{ "item": "钛", "amount": 40},
	],
	"research": "铜路由器",
	"category": "distribution"
		    "researchCostMultiplier": 3,
	        "canOverdrive": false,
}