{
	"type": "Conveyor",
	"name": "ES铜传送带",
	"description": "速度较慢，但在前期的动力不错。",
	"details":"从残破的核心中提取出的建筑数据，免费研究",
	"health": 120,
	"requirements": [
		{ "item": "铜", "amount": 1} 
	],
	"category": "distribution",
	"research": {
		"parent": "初代核心",
		"objectives": [
            {
				"type": "OnSector",
				"preset": "ES零号地区"
			}
			]}
			"details":"从残破的核心中提取出的建筑数据，免费研究",
			"researchCostMultiplier": 0,
	"speed": 0.06,
	"displayedSpeed": 8.7
	    "researchCostMultiplier": 0,
	        "canOverdrive": false,
}