{
    "name": "小型复合式钢化玻璃墙",
    "description": "虽然它更结实了，但.......这帖图是什么玩意",
    "type": "Wall",
    "health": 900,
    "armor": 4,
    "size": 1,
    "requirements": [
        {
            "item": "玻璃钢",
            "amount": 2
        },
        {
            "item": "铁",
            "amount": 2
        },
    ],
    "lightningChance": 1,
    "lightningDamage": 1,
    "category": "defense",
    "research": "复合式钢化玻璃墙"
}