{
	"type": "UnitFactory",
	"name": "组装车间",
	"health": 560,
	"size": 5,
	"consumes": {
		"power": 1.5,
		"liquid": "cryofluid/0.1"
	},
	"plans": [
		{
			"unit": "弥散",
			"time": 1200,
			"requirements": [
	            "基本集成电路/5",
	            "铝/20",
	            "碳素钢/50",
	            "钛合金/80"
			]
		},
	    {
			"unit": "破解",
			"time": 1000,
			"requirements": [
	            "基本集成电路/7",
	            "铝/30",
	            "碳素钢/30",
	            "钛合金/50"
			]
		},
	],
	"requirements": [
		"钛合金/360",
		"基本集成电路/40",
		"铝/150",
		"碳素钢/100",
	],
	"category": "units",
	"research": "ground-factory"
}