{
  "name": "Inch",
  "description": "A small walker-type unit with 2 weak shotguns",
  "template": "ErekirUnitType",
  "type": "mech",
  "outlineColor": "2e2f34",
  "flying": false,
  "speed": 1.2,
  "hitSize": 10,
  "researchCostMultiplier": 0,
  "health": 720,
  "research": "a0-walker-fabricator",
  "requiresUnlock": false,
  "weapons": [
    {
      "name": "a1-inch-shotgun",
      "top": true,
      "y": 0,
      "reload": 60,
      "x": 6,
      "mirror": true,
      "alternate": false,
      "shootSound": "shotgun",
      "bullet": {
        "type": "basicBulletType",
        "sprite": "circle",
        "damage": 10,
        "pierceBuilding": false,
        "pierce": false,
        "trailColor": "f7c749",
        "trailLength": 12,
        "trailWidth": 2,
        "speed": 3,
        "shrinkY": 0,
        "shrinkX": 0,
        "width": 3,
        "height": 3,
        "lifetime": 40,
        "lightColor": "f1ffa9",
        "colorFrom": "f1ffa9",
        "colorTo": "f7c749",
        "fragBullets": 3,
        "fragRandomSpread": 0,
        "fragSpread": 10,
        "fragBullet": {
          "type": "basicBulletType",
          "sprite": "circle",
          "damage": 5,
          "pierce": true,
          "pierceBuilding": true,
          "speed": 5,
          "lifetime": 15,
          "shrinkY": 0,
          "shrinkX": 0,
          "width": 2,
          "height": 2,
          "trailColor": "f7c749",
          "trailLength": 6,
          "trailWidth": 1,
        }
      }
    }
  ]
}
