{
  "name": "Vision",
  "description": "A larger flying offense unit",
  "template": "ErekirUnitType",
  "flying": true,
  "speed": 1.7,
  "drag": 0.1,
  "accel": 0.1,
  "rotateSpeed": 3,
  "hitSize": 20,
  "health": 1220,
  "research": "e2-jet-refabricator",
  "researchCostMultiplier": 0,
  "parts": [
    {
      "type": "RegionPart",
      "suffix": "-blade-l",
      "progress": "recoil",
      "moveX": -2,
    },
    {
      "type": "RegionPart",
      "suffix": "-blade-r",
      "progress": "recoil",
      "moveX": 2,
    },
  ],
  "weapons": [
    {
      "name": "e2-vision-weapon",
      "top": true,
      "reload": 120,
      "mirror": false,
      "x": 0,
      "y": -2,
      "shoot": {
        "shots": 5,
        "shotDelay": 10
      },
      "shootSound": "malignShoot",
      "bullet": {
        "type": "basicBulletType",
        "sprite": "bullet",
        "damage": 30,
        "pierceBuilding": false,
        "pierce": false,
        "trailColor": "8c84e4",
        "trailLength": 12,
        "trailWidth": 2,
        "trailChance": 1,
        "trailEffect": {
          "type": "ParticleEffect",
          "region": "circle",
          "particles": 4,
          "baseRotation": 180,
          "cone": 40,
          "lengthOffset": 6,
          "sizeFrom": 4,
          "sizeTo": 0,
          "lifetime": 40,
          "lightColor": "cac4f5",
          "colorFrom": "cac4f5",
          "colorTo": "8c84e4",
        },
        "shootEffect": {
          "type": "ParticleEffect",
          "region": "circle",
          "particles": 6,
          "cone": 40,
          "lengthOffset": 12,
          "sizeFrom": 8,
          "sizeTo": 0,
          "lifetime": 80,
          "lightColor": "cac4f5",
          "colorFrom": "cac4f5",
          "colorTo": "8c84e4",
        },
        "despawnEffect": {
          "type": "ParticleEffect",
          "region": "circle",
          "particles": 12,
          "lengthOffset": 12,
          "sizeFrom": 8,
          "sizeTo": 0,
          "lifetime": 80,
          "lightColor": "cac4f5",
          "colorFrom": "cac4f5",
          "colorTo": "8c84e4",
        },
        "hitEffect": {
          "type": "ParticleEffect",
          "region": "circle",
          "particles": 12,
          "lengthOffset": 12,
          "sizeFrom": 8,
          "sizeTo": 0,
          "lifetime": 80,
          "lightColor": "cac4f5",
          "colorFrom": "cac4f5",
          "colorTo": "8c84e4",
        },
        "speed": 4,
        "shrinkY": 0,
        "shrinkX": 0,
        "width": 2,
        "height": 4,
        "lifetime": 80,
        "lightColor": "cac4f5",
        "colorFrom": "cac4f5",
        "colorTo": "8c84e4",
      }
    }
  ]
}
