{
  "name": "Dissapear",
  "description": "A larger Glider armed with a laser rifle that shatters into several electric bolts on hit. Can only move above liquid surfaces.",
  "template": "ErekirUnitType",
  "naval": true,
  "hitSize": 14,
  "type": "naval",
  "speed": 0.8,
  "flying": false,
  "health": 1360,
  "faceTarget": false,
  "researchCostMultiplier": 0,
  "research": "f2-glider-refabricator",
  "requiresUnlock": false,
  "targetAir": true,
  "immunities": [
    "melting"
  ],
  "weapons": [
    {
      "name": "f2-dissapear-rifle",
      "top": true,
      "rotate": true,
      "reload": 150,
      "y": 0,
      "x": 0,
      "inaccuracy": 0,
      "mirror": false,
      "shootSound": "bolt",
      "bullet": {
        "type": "BasicBulletType",
        "sprite": "bullet",
        "speed": 1.2,
        "width": 8,
        "height": 14,
        "lifetime": 120,
        "damage": 64,
        "frontColor": "a4c08a",
        "backColor": "a4c08a",
        "lightColor": "ddefcc",
        "trailColor": "a4c08a",
        "trailWidth": 2,
        "trailLength": 72,
        "pierce": false,
        "pierceBuilding": true,
        "shootEffect": {
          "type": "ParticleEffect",
          "region": "circle",
          "colorTo": "a4c08a88",
          "lightColor": "ddefcc88",
          "colorFrom": "a4c08a88",
          "cone": 30,
          "particles": 6,
          "sizeFrom": 3,
          "sizeTo": 0,
          "lifetime": 30,
          "lengthOffset": 8,
        },
        "hitEffect": {
          "type": "ParticleEffect",
          "region": "circle",
          "colorTo": "a4c08a88",
          "lightColor": "ddefcc88",
          "colorFrom": "a4c08a88",
          "particles": 12,
          "sizeFrom": 5,
          "sizeTo": 0,
          "lifetime": 40,
          "lengthOffset": 32,
        },
        "despawnEffect": {
          "type": "ParticleEffect",
          "region": "circle",
          "colorTo": "a4c08a88",
          "lightColor": "ddefcc88",
          "colorFrom": "a4c08a88",
          "particles": 12,
          "sizeFrom": 5,
          "sizeTo": 0,
          "lifetime": 40,
          "lengthOffset": 32,
        },
        "fragBullets": 3,
        "fragBullet": {
          "type": "ShrapnelBulletType",
          "serrations": 0,
          "width": 5,
          "length": 8,
          "lifetime": 30,
          "damage": 16,
          "frontColor": "a4c08a",
          "backColor": "a4c08a",
          "lightColor": "ddefcc",
          "pierce": true,
          "pierceBuilding": false,
        }
      }
    }
  ]
}
