{
	"name": "巨型超速穹顶",
	//名字
	"description": "更nb的超速投影器",
	//介绍
	"type": "OverdriveProjector"
	//方块类型
	"health": 900,
	"size": 4,
	//方块大小
	"range":320,
	//加速范围
	"speedBoost":2,
	//基础加速(倍)
	"hasBoost":true
	//可增长(这行完全没有用)
//    "speedBoostPhase":1 ,
	"useTime": 60
	//使用时间
	"phaseRangeBoost": 0,
	     "itemCapacity":10,//物品容量
     		"canOverdrive": false,
     		//可加速
    "consumes": {
		"power":16,
        "items":{
			"items":[   
			{"item":"surge-alloy","amount":1 }
			{"item":"phase-fabric","amount":1 },	
			]//使用物品
                "booster":false
			    "optional": false
			    //可选(是不是不需要这玩意也能驱动)
		}
	},
	"requirements": [
		{ "item": "lead", "amount":350}
        { "item": "titanium", "amount":200}
        { "item": "silicon", "amount":200}
        { "item": "plastanium", "amount":120 },
        { "item": "归零合金", "amount":180 },
	]//建造需要
	"category": "effect",//分类
	"research":"overdrive-dome"//科技树
}