{
	"name": "爆炸装甲",
	"type": "Wall",
	"armor": 36,
	"health": 3600,
	"size": 1,
	"insulated": true,
	"absorbLasers": true,
	"requirements": [
		"锶/8",
		"波纹钢/6"
	],
	"destroyBullet": {
		"splashDamage": 300,
		"splashDamageRadius": 50,
		"buildingDamageMultiplier": 0.3,
		"collides": false,
		"instantDisappear": true,
		"pierceArmor": true,
		"hittable": false,
		"absorbable": false,
		"status": "blasted",
		"hitSound": "explosionbig",
		"hitSoundVolume": 3,
		"hitShake": 4,
		"hitEffect": {
			"type": "MultiEffect",
			"effects": [
				{
					"type": "ParticleEffect",
					"particles": 12,
					"length": 44,
					"baseLength": 10,
					"sizeFrom": 10,
					"sizeTo": 0,
					"lifetime": 65,
					"layer": 70,
					"interp": "pow10Out",
					"sizeInterp": "pow5In",
					"colorFrom": "737373",
					"colorTo": "73737350"
				},
				{
					"type": "WaveEffect",
					"interp": "circleOut",
					"lifetime": 22,
					"sizeFrom": 1,
					"sizeTo": 50,
					"strokeFrom": 8,
					"strokeTo": 0,
					"colorFrom": "d97c7c",
					"colorTo": "d97c7c"
				}
			]
		},
		"fragBullets": 6,
		"fragBullet": {
			"pierceArmor": true,
			"hitEffect": "none",
			"width": 9,
			"height": 10,
			"damage": 60,
			"knockback": 5,
			"lifetime": 6,
			"speed": 21
		}
	},
	"category": "defense",
	"research": "钢质墙大"
}