{
	"name": "电弧钻头",
	"type": "Drill",
	"size": 3,
	"tier": 4,
	"health": 600,
	"rotateSpeed": -15,
	"hasItems": true,
	"drillTime": 300,
	"hardnessDrillMultiplier": 20,
	"consumes": {
	"power":3
		"liquid": {
			"liquid": "water",
			"amount": 1
            "boost":false
            "optional": false
		}
	},
	"requirements": [
"碲/6"
	],
	"category": "production",
"research": {
	"parent": "气压钻头"//科技树前置
	"requirements": [//研究花费
	"一级科技/135"
	]
	"objectives":[
 		 {
  "type": "OnSector",
  "preset":"双子海峡"  }]
		}
"requirements": [
        "碲/35",
        "silicon/30"
        "锂/40"
    ],
}