{
	"type": "Reconstructor",
	"name": "数增级装甲重构台",
	"description": "将装甲型单位升级",
    "health":360,
	"size":3,
	"consumes":{
		"power":3
		"items": {
			"items": [
	    {"item":"silicon","amount":50},
		{"item":"graphite","amount":50},
		]}
	},
	"upgrades":[
		["1型装甲_穿刺","2型装甲_穿刺"]
		["1型装甲_护理","2型装甲_护理"]
		["1型装甲_城墙","2型装甲_城墙"]
    ],
	"constructTime":900,
	"requirements": [{"item": "copper", "amount":250},
	                 {"item": "lead", "amount":150},
	                 {"item":"silicon","amount":240}
	                 {"item": "基础强化板", "amount":100},
	                 ],
	"category":"units",
	"buildVisibility":"shown",
	"research":"additive-reconstructor"
}