{
	"type": "Reconstructor",
	"name": "倍乘级EX重构台",
	"description": "起初EX单位被设计为增加难度,现在改为大幅减少难度",
    "health":1200,
	"size":5,
	"consumes":{
		"power":10
		"items": {
			"items": [
	    {"item":"silicon","amount":500},
	    {"item":"metaglass","amount":160},
	    {"item":"基础强化板","amount":240}
	     {"item":"烈焰强化板","amount":150}
		{"item":"压缩钛","amount":48},
		]}
	},
	"upgrades":[
		["毒蝥","血蜚"]
		["巨锤","战斧"]
		["星辰","星河"]
    ],
	"constructTime":3600,
	"requirements": [{"item": "压缩钛", "amount":420},
	                 {"item": "压缩铅", "amount": 280},
	                 {"item": "压缩钍", "amount": 260},
	                 {"item":"silicon","amount":1800}
	                 {"item": "基础强化板", "amount":900},
	                 ],
	"category":"units",
	"buildVisibility":"shown",
	"research":"multiplicative-reconstructor"
}