{
	"type": "Reconstructor",
	"name": "多幂EX单位重构台",
	"description": "你以为我是T4吗,其实我是T6嗒",
    "health":3035,
    "liquidCapacity": 5400,
	"size":7,
	"consumes":{
		"power":20
				"liquid": 
	{"liquid": "冰晶液", "amount":1}
		"items": {
			"items": [
	    {"item":"silicon","amount":3000},
	    {"item":"压缩钛","amount":280},
	    {"item":"基础强化板","amount":850}
	    {"item": "高级强化板", "amount":800}
	    {"item":"烈焰强化板","amount":580}
		{"item":"plastanium","amount":2200},
		]}
	},
	"upgrades":[
		["血蜚","蚀蛊"]
		["战斧","长戟"]
		["星河","星海"]
    ],
	"constructTime":10800,
	"requirements": [{"item": "plastanium", "amount":800},
	{"item": "phase-fabric", "amount":1400}
	                 {"item": "压缩铅", "amount":800},
	                 {"item": "压缩钛", "amount":800},
	                 {"item": "压缩钍", "amount":245}
	                 {"item":"silicon","amount":2000}
	                 {"item": "高级强化板", "amount":500},
	                 ],
	"category":"units",
	"buildVisibility":"shown",
	"research":"exponential-reconstructor",
}