{
	"type": "Reconstructor",
	"name": "多幂级装甲重构台",
	"description": "将装甲型单位升级",
    "health":3035,
	"size":7,
	"consumes":{
		"power":13
		"items": {
			"items": [
	    {"item":"silicon","amount":950},
		{"item":"压缩钛","amount":85},
		{"item": "plastanium","amount":700},
		 {"item": "基础强化板", "amount":225},
		 {"item": "烈焰强化板", "amount":100},
		]}
	},
	"upgrades":[
		["3型装甲_穿刺","4型装甲_穿刺"]
		["3型装甲_护理","4型装甲_护理"]
		["3型装甲_城墙","4型装甲_城墙"]
    ],
	"constructTime":5400,
	"requirements": [{"item": "压缩铅", "amount":250},
	                 {"item": "压缩钛", "amount":250},
	                 {"item":"压缩钍","amount":100}
	                {"item": "plastanium","amount":500},
	               	{"item": "phase-fabric", "amount":600}
	                 {"item":"silicon","amount":1000}
	                 {"item": "基础强化板", "amount":1250},
	                 ],
	"category":"units",
	"buildVisibility":"shown",
	"research":"multiplicative-reconstructor"
}