{
	"type": "UnitFactory",
	"name": "EX单位工厂",
	"description": "生产EX单位",
    "health":360,
	"size":3,
	"consumes":{
		"power":2
	},
	"plans":[	{ "unit": "飞虫", "time": 2400, "requirements": [	{"item":"silicon","amount":50},{"item":"压缩煤","amount":10}]}
	{ "unit": "利刃", "time": 3000, "requirements": [	{"item":"silicon","amount":90},{"item":"压缩铅","amount":10}]}
	{ "unit": "星光", "time": 3600, "requirements": [	{"item":"silicon","amount":120},{"item":"压缩铅","amount":10},{ "item": "压缩钛", "amount":10},]}

	],
	"requirements": [
	{"item":"压缩铜","amount":20}
	{"item":"压缩铅","amount":48}
	{"item":"基础强化板","amount":80}
	{"item":"silicon","amount":160}
	],
	"category":"units",
	"research":"构建工厂"
}