{
	"name": "低级熔炉",
	"description": "将沙子烧制成玻璃，黏土烧制成砖头。",
	"details": "燃料烧完了才输出的屑",
	"size": 1,
	"health": 100,
	//"liquidCapacity": 50,
	"itemCapacity": 50,
	"hasItems": true,
	"hasPower": false,
	//"craftTime": 180,
	"drawer": {
        "type": "DrawMulti",
        "drawers": [
            "DrawDefault", 
            {
		        "type":"DrawFlame",          //火焰效果调节
		        "flameRadius": 0,            //火焰半径
		        "flameRadiusIn": 0,          //火焰内半径
		        "flameRadiusMag": 0,       //火焰半径幅度
		        "flameRadiusInMag": 0     //火焰内半径幅度
		    }
        ]
    },
	"requirements": [
		"石头/8"
	],
	"category": "crafting",
	"researchCostMultiplier": 0.5,
	"research": {
	    "parent": "粒子"
	    "requirements": [
		"石头/8"
	    ]
	}
}