{
	//"type": "GenericCrafter", //GenericCrafter通用工厂
	"name": "玻璃处理厂",
	"description": "将玻璃压制、磨制成各式各样的形状，或者是通过添加一些材料使它们在某方面表现得更强。",
	"size": 3,
	"health": 650,
	//"liquidCapacity": 50,
	"itemCapacity": 230,
	"hasItems": true,
	"hasPower": true,
	//"outputsPower": false,
	"requirements": [
		"铁/400",
		"silicon/230", 
		"芯片/50",
		"锡/160", 
		"工业铜锭/230", 
		"显示单元/20"
	],
	"researchCostMultiplier": 0.5,
	"category": "crafting",
	"research": "低级熔炉"
}