{
	//"type": "GenericCrafter", //GenericCrafter通用工厂
	"name": "电弧高炉",
	"description": "更高的温度以至于能轻松地将矿物冶炼成[blue]液态[white]。",
	"details": "粒子科技的起点。",
	"size": 2,
	"health": 400,
	"liquidCapacity": 150,
	"itemCapacity": 150,
	"hasItems": true,
	"hasPower": true,
	//"craftTime": 300,
	"drawer": {
        "type": "DrawMulti",
        "drawers": [
            "DrawDefault"
            "DrawFlame"
        ]
    },
	"requirements": [
	    "砖头/30", 
	    "玻璃/24", 
		"石头/62",
		"铁/24", 
		"工业铜锭/30"
	],
	"researchCostMultiplier": 0.2,
	"category": "crafting",
	"research": {
		"parent": "低级熔炉"
	},
}