{
	"type": "Separator", //GenericCrafter通用工厂
	"name": "离心机",
	"description": "将一些矿物熔融物通过离心力将大量杂质分离。利于矿物的提纯，以获取当前需要的材料。",
	"size": 3,
	"health": 1200,
	"liquidCapacity": 50,
	//"itemCapacity": 50,
	"hasItems": true,
	"hasPower": true,
	"craftTime": 125,
	"drawer": {
        "type": "DrawMulti",
        "drawers": [
            "DrawDefault"
            {
                "type":"DrawRegion",
                "suffix":"-离心转盘",
                "rotateSpeed":40
                "spinSprite":true
            }
        ]
    },
	"consumes": {
	"power": 50
	"liquid": {"liquid": "铀熔融物", "amount": 0.5}
	},
    "results": [
        {"item": "铀-238", "amount": 1}, 
        {"item": "铀-235", "amount": 1}
    ],
	"requirements": [
	    "芯片/5", 
	    "显示单元/30",
		"lead/70",
		"玻璃/20",
		"silicon/60",
		"铁/50"
	],
	"researchCostMultiplier": 0.8,
	"category": "crafting",
	"research": "电弧高炉"
}