{
	"name": "粒子发生器",
	//"type": "Separator",
	"description": "在充满反射面的球型仓内通过用高能光子轰击物质的形式发生更多新粒子",
	"size": 4,
	"health": 3600,
	//"liquidCapacity": 50,
	"itemCapacity": 50,
	"hasItems": true,
	"hasPower": true,
	//"craftTime": 2400,
	/*"consumes": {
	    "power": 3500 //*60
	},
    "results": [
        {"item": "原子", "amount": 1},
        {"item": "分子", "amount": 1.2},
        {"item": "夸克", "amount": 0.08},
        {"item": "胶子", "amount": 0.04},
        {"item": "上帝粒子", "amount": 0.012},
        {"item": "中子", "amount": 0.4},
        {"item": "质子", "amount": 0.4},
    ],*/
	"requirements": [
	    "芯片/320", 
	    "显示单元/960",
	    "磁铁/210",
		"lead/60",
		"玻璃/360",
		"silicon/600",
		"反射面/600",
		"锡/600",
		"铁/600"
	],
	"category": "crafting",
	"research": "芯片", 
	"researchCostMultiplier": 0.6,
	"drawer": {
        "type": "DrawMulti",
        "drawers": [
            "DrawDefault"
            {
                "type":"DrawRegion",
                "suffix":"-top",
                "rotateSpeed":2
                "spinSprite":true
            }
        ]
    }
}