{
	"type": "ItemBridge",//类型,自连桥
	"range":4,//范围
	"name": "轨道地下桥",//名字
	"description": "跨越任何地形传输物品",//介绍
	"placeableLiquid": true
	"hasPower": false,//有电
	"outputsPower": false,//输出电力
	"consumesPower": false,//消耗电力

		"research": {
	"parent": "轨道分流器",//科技树前置
	"requirements": [//研究花费
	"魔晶/5",
	]
	}

	"requirements": [//建造消耗
	"魔晶/3"
],

	"size":1,//平方大小
	"health":100//血量
	"speed": 0.8,//运输速度＝60÷speed
	"itemCapacity":5,//物品容量
}