{
"localizedName": "冲击区0078(半成品)",
	"description": "最初进入这个星系的星际运输船，残骸留在了这里。\n\n尽量回收可以利用的资源，研究科技。[write]\n\n\n\n似乎哪里变得不一样了\n\n[blue](by 没有炮台的炮台s 改)",
	"details":"[yellow]天 堂 制 造",
    "planet":"serpulo"
    "overrideLaunchDefaults": true,//进度覆盖
    "sector":0
    "captureWave":50
    "difficulty":5
    //"alwaysUnlocked": true,
    "research": {
		"parent": "超限工艺-tarFields",
		"objectives": [
		"敬请期待"
		"敬请期待1"
		//"kiln"
			{
				"type": "SectorComplete",
				"preset": "超限工艺-tarFields"
			}
			]}
}