{
"localizedName": "裂谷交界(半成品)",
	"description": "荒芜裂谷的前段，寒冷而资源丰富，临近敌人基地使得这里极度危险\n\n[blue](by 蓝细菌光合自养 做)",
	"details":".........",
    "planet":"serpulo"//母星名字。
    "overrideLaunchDefaults": true,//进度覆盖
    "sector":0
    "difficulty":7
     "captureWave":80
    "research": {
		"parent": "超限工艺-overgrowth",
		"objectives": [
		"敬请期待"
		"敬请期待1"
			{
				"type": "SectorComplete",
				"preset": "超限工艺-overgrowth"
			}
			]}
}