{
"localizedName": "遗忘河滩(半成品)",
	"description": "偏远地区，尚未开发的地带，也因此保留了丰富的矿产，不过超限集团的基地临近此处。\n\n[green](by 没有炮台的炮台s 作)",
	"details":".............",
    "planet":"serpulo"//母星名字。
    "overrideLaunchDefaults": true,//进度覆盖
    "sector":0
    "difficulty":6
    "research": {
		"parent": "超限工艺-coastline",
		"objectives": [
		"敬请期待"
		"敬请期待1"
            {
				"type": "SectorComplete",
				"preset": "超限工艺-冰冷山区"
			}
			{
				"type": "SectorComplete",
				"preset": "超限工艺-coastline"
			}
			 {
				"type": "SectorComplete",
				"preset": "超限工艺-overgrowth"
			}
			]}
}