{
"name": "战争",
"description": "标准坦克类兵种，拥有极高护甲，配备强大的火炮和增幅立场",
"type": "tank",
"armor": 10,
"commandLimit": 6,
"speed": 0.65,
"rotateSpeed": 3
"hitSize":18
"treadFrames":24
"health": 10000,
"treadFrames":20
"treadPullOffset":4
"rippleScale":1.2
"squareShape":true
"omniMovement":false
"rotateMoveFirst":true
"weapons": [
{
"name": "战争1",
"x": 0,
"y": 0,
"shootY": 8
"reload": 130,
"alternate": true,
"rotate": true,
"mirror": false,
"top": true,
"rotateSpeed": 2.5,
"inaccuracy": 0,
"shootSound": "artillery",
"shoot": {
"type":"ShootSpread"
	"shots":1,
	}
"bullet": {
"type":"BasicBulletType"
"backColor":"FDFFCBFF"
"frontColor":"FDFFCBFF"
"speed":6
"lifetime":50
"damage":120
"width": 16
"height": 22
"splashDamage":86
"splashDamageRadius":36
"pierce": true,
"pierceBuilding": true
"pierceCap": 3,
"trailChance": -1
"trailWidth": 6
"trailLength": 20
"trailColor": "FDFFCBFF"
"hitEffect":{
"type": "ExplosionEffect",
"lifetime": 42,
"waveColor": "FDFFCBFF",
"smokeColor": "A39F8DFF",
"sparkColor": "FDFFCBFF",
"waveLife": 20,
"waveRadBase": 0,
"waveRad": 36,
"sparkRad": 36
"smokeSize": 4.3,
"smokeSizeBase": 1.2,
"smokeRad": 36,
"smokes": 8,
"sparks": 16
}
"intervalBullets":1
"bulletInterval":10
"intervalBullet":{
"type":"artilleryBulletType"
"speed":0
"width": 6
"height": 8
"splashDamageRadius":20
"splashDamage":38
"hitEffect":{
"type": "ExplosionEffect",
"lifetime": 30,
"waveColor": "FFFDCEFF",
"smokeColor": "FFFDCEFF",
"sparkColor": "DEDDB1FF",
"waveLife": 12,
"waveRadBase": 0,
"waveRad": 20,
"sparkRad": 20
"smokeSize": 4,
"smokeSizeBase": 0,
"smokeRad": 24,
"smokes": 3,
"sparks": 6
}
}
}
}
{
"name": "爆发2",
"x": 10,
"y": 8,
"shootY": 2
"reload": 10,
"alternate": true,
"rotate": true,
"top": true,
"rotateSpeed": 4,
"inaccuracy": 3,
"shootSound": "shootSnap",
"shoot": {
"type":"ShootSpread"
	"shots":1,
	}
"bullet": {
"type":"BasicBulletType"
"speed":4
"lifetime":50
"damage":22
"width": 8
"height": 16
}
}
]
"abilities": [
{
"type": "StatusFieldAbility",
"duration": 360,
"reload": 220,
"range": 42
"effect": "overclock"
},
]
}