{
"name": "冲突",
"description": "小型坦克类兵种，拥有较高护甲",
"type": "tank",
"armor": 4,
"commandLimit": 6,
"speed": 0.75,
"rotateSpeed": 3
"hitSize":8
"treadFrames":18
"health": 250,
"range": 140,
"treadFrames":18
"treadPullOffset":2
"rippleScale":1.2
"squareShape":true
"omniMovement":false
"rotateMoveFirst":true
"weapons": [
{
"name": "冲突1",
"x": 0,
"y": 0,
"shootY": 2
"reload": 80,
"alternate": true,
"rotate": true,
"mirror": false,
"top": true,
"rotateSpeed": 4,
"inaccuracy": 0,
"shootSound": "artillery",
"shoot": {
"type":"ShootSpread"
	"shots":1,
	}
"bullet": {
"type":"artilleryBulletType"
"speed":4
"width": 6
"height": 8
"splashDamageRadius":14
"splashDamage":24
"hitEffect":{
"type": "ExplosionEffect",
"lifetime": 30,
"waveColor": "FFFDCEFF",
"smokeColor": "FFFDCEFF",
"sparkColor": "DEDDB1FF",
"waveLife": 12,
"waveRadBase": 0,
"waveRad": 14,
"sparkRad": 4
"smokeSize": 4,
"smokeSizeBase": 0,
"smokeRad": 14,
"smokes": 3,
"sparks": 6
}
}
}
]
}