{
    // 单位类型：坦克（使用履带移动）
    "type": "tank",
    "template": "ErekirUnitType",
    // 基础属性
    "name": "体反",
    "description": "WC，是野生喷火坦克！",
    "details": "它其实是战锤？",
    "health": 1250,          // 生命值
    "armor": 35,            // 护甲值（减免%伤害）
    "hitSize": 14,          // 碰撞箱大小（像素）
    "speed": 0.9,           // 移动速度
    "drag": 0.4,            // 移动阻力（值越大减速越快）
    "rotateSpeed": 1,     // 车身旋转速度（弧度/秒）
 "singleTarget": false, // 是否单目标攻击
  "omniMovement": false, // 是否全向移动
  "rotateMoveFirst": true, // 移动前先转向
   "flying": false, // 是否为飞行单位
    "immunities": [ // 免疫效果列表
    "burning", // 免疫燃烧
    "blasted" // 免疫爆炸
  ],
	//这是坦克履带！！！
  "treadPullOffset": 8,
  "treadRects": [
    {
      "x": 7,
      "y": -26,
      "width": 14,
      "height": 51
    }
  ],
    // 武器配置
    "weapons": [
        {
            "name": "体反c",
            "reload": 12,               // 装弹时间（帧）
            "rotateSpeed": 1.6,
            "shootY": 6,               // 子弹发射高度偏移（像素）
            "x": 0,
            "y": 0,            // 武器相对车身位置
            "rotate": true,            // 武器是否独立旋转（炮塔）
            "alternate": false,         // 是否交替射击（双管）
            "shootSound": "flame",     // 射击音效
            "shoot": {
                "shots": 2            // 每次射击发射的子弹数
            },
            // 子弹属性
            "bullet": {
                "type": "BulletType",
                "lifetime": 8,       // 子弹存在时间（秒）
                "speed": 8,           // 子弹飞行速度
                "damage": 20,         // 单发伤害
                "incendAmount": 8,    // 点燃敌方单位的燃烧层数
                "incendSpread": 1,    // 火焰扩散范围
                "incendChance": 0.45,  // 点燃概率（45%）
                "pierce": true,       // 是否穿透敌人
                "makeFire": true,     // 是否在地面生成火焰
                "status": "burning",  // 附加状态（燃烧）
                "statusDuration": 420, // 状态持续时间（帧）
                "shootEffect": "shootPyraFlame",  // 射击特效
                "despawnEffect": "none" // 子弹消失特效
            }
        }
    ],
    
    // 弹药配置
    "ammoType": "graphite", // 弹药类型（石墨）
    "ammoCapacity": 10      // 弹药容量
    "researchCostMultiplier": 0.2,
	"research": "crystal打印厂"
}