{
    // ========== 【核心属性】 ========== //
    "type": "legs",                // 单位类型：多足步行单位（蜘蛛/机械腿类型）
    "name": "吞噬",                // 单位显示名称（红色文字）
    "research":"toxopid",//技术位置
    // ===== 【目标类型】 ===== //
    "targetAir": true,             // 能攻击空中单位
    "targetGround": true,          // 能攻击地面单位

    // ========== 【移动系统】 ========== //
    "speed": 0.45,                 // 移动速度（较慢，单位：格/秒）
    "drag": 0.2,                   // 移动惯性系数（值越小滑行越长）
    "rotateSpeed": 0.4,            // 身体转向速度（较低，显得笨重）
    "hovering": true,              // 悬停模式（无视地形高度差）
    "faceTarget": true,            // 单位本体始终面向攻击目标（类似炮塔）

    // ========== 【战斗属性】 ========== //
    "health": 38800,               // 生命
    "armor": 28,                   // 护甲
    "hitSize": 37.5,               // 碰撞判定半径（37.5像素）
    "canDrown": false,             // 免疫溺水伤害（可水中作战）

    // ========== 【弹药系统】 ========== //
    "ammoType": "晶体",            // 使用特殊弹药类型
    "ammoCapacity": 35,            // 弹药容量（需配合武器消耗）

    // ========== 【武器系统】 ========== //
    "weapons": [
          {
            "mirror": false,  // 不镜像
            "top": true,  // 位于单位顶部
            "rotate": true,  // 是否可以旋转
            "rotationLimit": 30,//旋转最大角度
            "rotateSpeed": 1.5,//旋转速度
            "x": 0,  // X轴位置
            "y": 0,  // Y轴位置
            "shootY": 5,  // 射击Y偏移
            "reload": 50,  // 装弹时间
            "recoil": 1.6,  // 后坐力
            "inaccuracy": 0.8,  // 射击散布
            "layer": 50,  // 渲染层级
            "bullet": {
                "type": "BasicBulletType",
                "width": 7.5,  // 子弹宽度
                "height": 9.5,  // 子弹高度
                "damage": 30,  // 伤害值
                "speed": 4.5,  // 子弹速度
                "lifetime": 38,  // 存在时间
                "frontColor": "FFD8A9FF",  // 弹头颜色
                "backColor": "FFDA95FF"  // 弹尾颜色
                "trailLength": 5,            // 拖尾长度
                "trailWidth": 2,             // 拖尾宽度
                "trailColor": "FFD8A9FF",      // 拖尾颜色
            }
                "shootEffect":{//射击效果
                    "type": "multiEffect",     // 复合特效
                    "effects": [
                        {
                "type":"shootBig",
                "sizeFrom": 28,         // 初始大小
                "sizeTo": 0,            // 最终大小
                        },
                ]
                },
                "smokeEffect":"shootBigSmoke",
                "hitEffect": "hitBulletColor",  //命中效果
                "despawnEffect": "hitBulletColor",  //消失效果
    }
  ],

    // ========== 【腿部系统】 ========== //
    "legSplashDamage": 8000,       // 踏步造成范围伤害
    "legSplashRange": 28,         // 踏步伤害范围
    "allowLegStep": true,         // 启用踏步动画效果
     "legCount": 6, // 腿部数量 - 6条腿 
       "legMoveSpace": 0.9, // 腿部移动间距 - 0.9单位
    "legPairOffset": 4, // 腿部配对偏移 - 4单位
     "legLength": 82.5, // 腿部长度 - 82.5单位
      "legExtension": -4.5, // 腿部伸展度 - -4.5单位（收缩状态）
       "legBaseOffset": 5.7, // 腿部基础偏移 - 5.7单位
        "stepShake": 1, // 步伐震动强度 - 1单位 
      "legLengthScl": 1, // 腿部长度比例 - 1:1 
   "canDrown": false // 是否淹死 - 否 
}