{
  "name": "重装体",
  "description": "发射2发能量弹，对敌方进行攻击",
  "researchCostMultiplier": 0.3,
  "research": "体反",
  
  "template": "ErekirUnitType",
  "type": "tank",                // 单位类型：坦克（地面单位）
  "armor": 24,                   // 高护甲值，抗打击能力强
  "hitSize": 18,                 // 较大的碰撞体积（易被击中）
  "squareShape": true,           // 方形碰撞箱（简化碰撞检测）
  "singleTarget": false,         // 可攻击多个目标（AOE 或溅射）
  "omniMovement": false,         // 非全向移动（需旋转后才能移动）
  "rotateMoveFirst": true,       // 移动前先旋转（更真实的坦克行为）
  "rotateSpeed": 1.3,            // 旋转速度（较慢，体现重型单位）
  "speed": 0.6,                  // 移动速度（极慢，平衡高血量）
  "flying": false,               // 地面单位
  "health": 3550,                // 超高生命值
"crushDamage":12,


 "treadPullOffset": 8,
  "treadRects": [
    {
      "x": 20,
      "y": -30,
      "width": 18,
      "height": 67
    }
  ],

  "weapons": [
    {
      "name": "管体",            // 武器名称
      "mirror": false,           // 不对称设计
      "top": true,               // 武器位于单位顶部
      "x": 0, "y": 0,            // 武器中心位置
      "layerOffset": 3,          // 图层偏移（渲染层次）
      "rotate": true,            // 武器可独立旋转
      "inaccuracy": 3,           // 射击散布角度（小幅随机偏移）
      "rotateSpeed": 2.7,          // 武器旋转速度（较快瞄准）
      "shootY": 9,               // 射击高度偏移（炮口位置）
      "reload": 70,              // 装弹时间
      "recoil": 1.8,             // 后坐力效果
      "shootSound": "M4A1",  // 射击音效
      "shoot": {
                "shots": 2, // 每次射击发射
              "shotDelay": 6 // 连发间隔
            },
            "bullet": {  // 子弹配置
                "type": "BasicBulletType",
                  // 子弹类型为普通子弹
                  "width": 8, // 子弹宽度
                "height": 12, // 子弹高度
                "damage": 45,  // 子弹伤害
                "speed": 7,  // 子弹速度
                "lifetime": 28  // 子弹存活时间
            "trailColor": "E5A13BFF", // 子弹轨迹颜色
            "trailWidth": 3, // 子弹轨迹宽度
            "trailLength": 3, // 子弹轨迹长度
            
            "lightningDamage": 165, // 闪电伤害
                "lightning": 3, // 闪电数
                "lightningLength": 13, // 闪电长度
                "lightningLengthRand": 2, // 长度随机变化
            }
      "parts": [ // 武器部件
        {
          "type": "RegionPart", // 区域部件类型
          "suffix": "-1", // 后缀名
          "layer": -2, // 图层
          "mirror": false, // 是否镜像
          "outline": true, // 轮廓
        },
        {
          "type": "RegionPart", // 区域部件类型
          "suffix": "-前", // 后缀名(炮管)
          "under": true, // 在下方显示
          "moves": [ // 移动动画
            {
              "type": "PartMove", // 部件移动类型
              "progress": "recoil", // 后坐力动画
              "y": -1.5 // y轴移动距离
            }
          ]
        }
      ],
    }
  ]
}