{
    "type": "ConsumeGenerator",
    "name": "T2火力发电机",
    "description": "利用可燃物燃烧发电。",
    "size":1,
    "armor":1,
    "health":300,
    //"hasLiquids": true,
    "hasItems": true,
    "itemDuration":90,
    //发电时间
    "powerProduction":4,
    //发电量
    "itemCapacity":15,
    //物品容量
    "liquidCapacity":0,
    "generateEffect": "generatespark",
    "consumes": {
        "itemFlammable":{},
    },
    "requirements": [
        "铝/60",
        "锂/65",
        "粗硅晶/35",    
           "锡/45",     
    ],
    "drawer":{
		"type":"DrawMulti",
		"drawers":[
			{
				"type":"DrawDefault"
			},
			{
				"type":"DrawWarmupRegion",
				//发热特效
			}
		]
	}
    "ambientSound": "smelter",
    "ambientSoundVolume":0.04,
    "category": "power",
    "research": "火力发电机"
}