{
    "type":"PowerNode",
    "name":"大型能量中枢",
    "description":"向连接的其他节点输送电力，也能从相邻的建筑接收电力或输送。",
    "size":2,
     "laserColor1":"#00c7fc",//有电时激光颜色
    "laserColor2":"#0031fc",//没电时激光颜色
    "health":300,
    "maxNodes":12,
    "armor":1,
    "laserRange":18,
	"hasPower":true,
	// "consumesPower": true,
	// "outputsPower": true,
    "requirements": [
        "锂/3",
        "铝/3",
         "锡/3",
        ],
        "research":"能量中枢",
        "category":"power"
}