{
	"type": "ImpactReactor",
	"name": "温差变压器",
	"description": "使用磷与冷冻液的巨大温差发电",
	"size":3,
	"health":2200,
	"liquidCapacity":60,
	"hasLiquids":true,
	"hasItems":true,
	"drawLiquidLight":true,
	"itemDuration":180,
	"plasma0":"0091FFFF",
    "plasma1":"0091FFFF",
	"plasma2":"0091FFFF",
    "plasma3":"0091FFFF",
    "lightColor":"1173EB75",
	"powerProduction":95,
	"warmupSpeed":0.001,
	"consumes": {
    	"power":20,
    	"liquid":{
    		"liquid":"cryofluid","amount":0.25,
    	},
    		"items": {
        	"items": [
            	{"item": "磷","amount":2},
            ],"optional": false
    	}
	},
	"requirements": [
	    "有机玻璃/200",
		"纯硅晶/240",
		"废晶/120",
		"金/100",
		"锂/220",
		"铝钢/120"
        ],
        "category": "power",//在菜单的那里，power是电力类
        "research":"磷反应堆"//科技树，在什么东西的后面，原版要英文
}