{
	 "type": "ImpactReactor",
	"name": "矿渣发电机",
	"description": "利用矿渣的热能发电，需要感电启动……",
	"health": 460,
	"size": 2,
	"buildCostMultiplier":1,
	"hasPower": true,
	"hasLiquids": true,
	"consumes": {
		"power":0,
		"liquid": {
			"liquid": "slag",
			"amount": 0.2
		}
	},
    "requirements": [
    "铝/150",
    "锂/125",
    "有机玻璃/75",
    "纯硅晶/65",
    "锡/60"
	],
	"category": "power",
	"research": "水力发电机",
	"placeableLiquid":true,
	"itemCapacity":0, //物品容量
	"liquidCapacity":40, //液体容量
	"itemDuration": 150,//生产时间
	"warmupSpeed": 0.08, //启动时间。
	"explosionRadius":30, //爆炸半径
	"explosionDamage":100, //爆炸伤害
	"explodeEffect":"shockwave",//爆炸特效
	"powerProduction": 10, //输出电量
}