{
	"type": "naval",
	"name": "游鱼",
	"speed": 1,
	"rotateSpeed": 4,
	"hitSize": 10,
	"health": 220,
	"armor": 3,
	"trailLength": 20
	"research": "海军车间"
  "description": "海军单位，发射跟踪导弹攻击敌人",
  "research": {
	"parent": "海军车间"//科技树前置
	"requirements": [//研究花费
	"silicon/30"
	"graphite/7",
	]
	"objectives":[
 		 {
  "type": "OnSector",
  "preset":"碎裂污湖"  }]
	},
  "immunities": [
  "辐射"
],
  "abilities":[{
   			"type": "RepairFieldAbility",
    		"amount":10,
    		"range":1,
    		"reload":100,
  		}]
  		"weapons": [{
      "name": "澪鲨导弹"
      "mirror": false,
      "y": -4,
      "x": 0,
      "inaccuracy": 16,
	  "shootSound": "missile",
      "rotate": true,
      "recoil": 2,
      "reload": 32,
      	"shoot":{
	    "type":"ShootAlternate",
    	"barrels":2,
		"spread":0.3
		"shotDelay":6
		"shots":4
    }
    	"bullet":{
	"type":"MissileBulletType",
	"drag": -0.02,
	"weaveScale": 5,
    "weaveMag": 3,
	"homingPower":0.3,
    "damage":17,
    "lifetime":30,
    "speed":5,
    "trailColor": "8473E6FF",
	"frontColor":"8473E6FF"
	    "toColor":"8473E6FF"
	    "backColor":"8473E6FF"
	    "hitColor":"8473E6FF"
    "hitEffect": {
          "type": "ParticleEffect",
          "region":"苍穹征途-菱形"
          "particles": 10
          "strokeFrom": 5,
          "strokeTo": 5,
          "lenFrom": 26,
          "lenTo": 10,
          "length": 10,
          "baseLength": 10,
          "lifetime": 90,
          "colorFrom": "FFFFFF",
          "colorTo": "8473E6FF",
          "cone": 360
        }
        "despawnEffect":
        {
          "type": "ParticleEffect",
          "region":"苍穹征途-菱形"
          "particles": 10
          "strokeFrom": 5,
          "strokeTo": 5,
          "lenFrom": 26,
          "lenTo": 10,
          "length": 10,
          "baseLength": 10,
          "lifetime": 90,
          "colorFrom": "FFFFFF",
          "colorTo": "8473E6FF",
          "cone": 360
        }
        }
    }
    ]
    }