{
	"type":"GroundUnit",
	"name": "突击",
	"description": "撕入敌人内部，大肆破坏",
	"maxVelocity": 1.1,
	"speed":0.2,
	"drag":0.4,
	"hitsize":8,
	"mass":1.75,
	"health":274,
	"weapon": {
		"name": "突击-武器",
		"length": 1.5,
		"reload": 28,
		"alternate": true,
		"ejectEffect":"shellEjectSmall",
		"bullet": {
				"type":"BasicBulletType",
				"damage":6,
				"speed":2.5,
				"bulletWidth": 7,
                "bulletHeight": 9,
                "lifetime":60,
          	  "smokeEffect":"shootSmallSmoke",
       	     "ammoMultiplier":2,
                "shootEffect":"shootSmall"
		}
	}
}
