{
	"type":"FlyingUnit",
	"name": "阻断",
	"description": "其名阻断，突破阻断！",
	"speed": 0.2,
	"maxVelocity":1.4,
	"drag":0.01,
	"mass":3,
	"targetAir":false,
	"flying": true,
	"health":722,
	"range":140,
	"engineOffset":7.8,
	"weapon": {
		"name": "阻断-武器",
		"length": 0,
		"width":2,
		"reload": 12,
		"alternate": true,
		"ejectEffect":"none",
		"velocityRnd":1,
		"inaccuracy":40,
		"ignoreRotation":true,
		"shootSound":"none",
		"bullet": {
				"type":"BombBulletType",
				"splashDamage":6.6,
				"splashDamageRadius":2.5,
				"bulletWidth": 9,
                "bulletHeight": 13,
          	  "hitEffect":"flakExplosion",
       	     "shootEffect":"none",
       		 "smokeEffect":"none"
		}
	}
}
