{
	"type": "GenericCrafter",//不能改
	"name": "铜压缩机",//名字
	"description": "5个铜可以压缩成2个压缩铜，妈妈再也不用担心我前期铜太多了",//介绍
	"health":160,//血量
	"itemCapacity":10,//物品容量
	"outputItem": {"item": "压缩铜","amount":2},//产出
	"size":2,//边长
	"hasItems": true,//不能改
	"craftTime":120,//产出时间（单位:帧）（一秒60帧）
	"updateEffect":"smeltsmoke"
	"consumes": {//物品需求
		"items": {
			"items": [
				{ "item": "copper",/*种类*/ "amount":5 /*数量*/},
			]
		}
	},
	"requirements": [
		{ "item": "copper", "amount":100 },
		{ "item": "lead", "amount":50 },
		//制造需求
	],
	"category": "crafting",//不能改
	"research": {
	"parent": "a0钢化铅压缩机"//科技树前置
	"requirements": [//研究花费
	"copper/300",
	"lead/150",
	]	},
	"idleSound": "respawning",//音效
	"idleSoundVolume": 0.2//音效声音倍率
	"alwaysUnlocked":false,
}
