{
	"type": "GenericCrafter",//不能改
	"name": "锘提炼机",//名字
	"description": "钛+钍=锘",//介绍
	"health":300,//血量
	"itemCapacity":10,//物品容量
	"outputItem": {"item": "锘","amount":1},//产出
	"size":3,//边长
	"hasItems": true,//不能改
	"craftTime":60,//产出时间（单位:帧）（一秒60帧）
	"updateEffect":"smeltsmoke"
	"consumes": {//物品需求
	"power":3,
		"items": {
			"items": [
				{ "item": "titanium",/*种类*/ "amount":1 /*数量*/},
				{ "item": "thorium", "amount":2 }
			]
		}
	},
	"requirements": [
		{ "item": "copper", "amount":75 },
		{ "item": "lead", "amount":100 },
		{ "item": "titanium", "amount":50 },
		{ "item": "碳钢", "amount":75 },
		//制造需求
	],
	"category": "crafting",//不能改
	"research": "a1碳钢压缩机",//科技树位置
	"idleSound": "respawning",//音效
	"idleSoundVolume": 0.4//音效声音倍率
	"alwaysUnlocked":false,
}
