{
	"type": "GenericCrafter",//不能改
	"name": "强化合金冶炼厂",//名字
	"description": "太棒了，我逐渐理解一切",//介绍
	"health":500,//血量
	"itemCapacity":40,//物品容量
	"outputItem": {"item": "surge-alloy","amount":4},//产出
	"size":3,//边长
	"hasItems": true,//不能改
	"craftTime":60,//产出时间（单位:帧）（一秒60帧）
	"updateEffect":"smeltsmoke"
	"consumes": {//物品需求
	"power":5,
		"items": {
			"items": [
				{ "item": "copper", "amount":10 }
				{ "item": "lead", "amount":12 }
				{ "item": "titanium", "amount":6 }
				{ "item": "silicon", "amount":10 }
			]
		}
	},
	"requirements": [
		{ "item": "lead", "amount":80 },
		{ "item": "thorium", "amount":70 },
		{ "item": "silicon", "amount":80 },
		{ "item": "phase-fabric", "amount":40 },
		//制造需求
	],
	"category": "crafting",//不能改
	"research": "surge-smelter",//科技树位置
	"idleSound": "respawning",//音效
	"idleSoundVolume": 0.4//音效声音倍率
	"alwaysUnlocked":false,
	"drawer":{
        "type":"DrawMulti",
        "drawers":[
            "DrawDefault",
            "DrawFlame"
            ]
    },
}
