{
	"type": "GenericCrafter",//不能改
	"name": "审核机",//名字
	"description": "你需要许可证才可以造东西\n60秒审核出一个许可证\nb动静:什么审核机",//介绍
	"health":500,//血量
	"itemCapacity":10,//物品容量
	"outputItem": {"item": "低级许可证","amount":1},//产出
	"size":3,//边长
	"hasItems": true,//不能改
	"craftTime":3600,//产出时间（单位:帧）（一秒60帧）
	"updateEffect":"smeltsmoke"
	"consumes": {//物品需求
"power":15,
	},
	"requirements": [
		{ "item": "copper", "amount":200 },
		{ "item": "titanium", "amount":200 },
		{ "item": "graphite", "amount":200 },
		//制造需求
	],
	"category": "crafting",//不能改
	"research": "graphite-press",//科技树位置
	"idleSound": "none",//音效
//	"idleSoundVolume": 0.4//音效声音倍率
	"alwaysUnlocked":false,
}
