{
	"type": "GenericCrafter",
	"name": "硅熔制厂",
	"description": "[yellow]*但是这并不能改变你硅零的结果",
	"health":460,
	"itemCapacity":30,
	"outputItem": {"item": "silicon","amount":7},
	"size":3,
	"hasPower": true,
	"hasItems": true,
	"craftTime":45,
	"updateEffect": "smeltsmoke",
	"consumes": {
		"power":4,
		"items": {
			"items": [
				{ "item": "coal", "amount":6 },//煤炭
				{ "item": "sand", "amount":12 },//沙子
			]
		}
		"liquids":{
		    "liquids":[
		    {"liquid":"water","amount":0.1 }
		            ]
		        }
	},
	"requirements": [
		{ "item": "graphite", "amount":40 },
		{ "item": "copper", "amount":80 },
		{ "item": "lead", "amount":60 },
		{ "item": "钢化铅", "amount":60 },
	],
	"category": "crafting",
	"research": "silicon-smelter",
	"idleSound": "respawning",
	"idleSoundVolume": 0.4
	"drawer":{
        "type":"DrawMulti",
        "drawers":[
            "DrawDefault",
            "DrawFlame"
            ]
    },
}
