{
    "craftTime": 120,
    	"health": 300,
    "size": 3,
    "hasLiquids": true,
    "hasPower": true,
    "hasItems": true,
    "drawer":"DrawCultivator",
    "requirements": [
    { "amount": 100, "item": "lead" },
    { "amount": 110, "item": "silicon" },
    { "amount": 50, "item": "metaglass" }
    ],
	"description": "有这个还要什么自行车",
		"liquidCapacity":120,
		"consumes": {
		"power":8,
    "liquid": {
    "liquid": "water",
    "amount": 1
    },
}
    "drawer":{
	    "type":"DrawMulti",
	    "drawers":[
	        "DrawDefault",
            "DrawCultivator",
	        {
	            "type":"DrawRegion",
	            "suffix":"-top"
	        }
	        ]
	},
"itemCapacity":36,
    "name": "大型培养机",
    "outputItem": {"item": "spore-pod", "amount": 12 },
	"attribute": "spores",
    "type": "AttributeCrafter",
    "category": "production",
	"research": "cultivator",
	"idleSound": "machine",
	"idleSoundVolume": 0.2}