{
    "type": "GenericCrafter",
    "health": 180,
    "name": "煤炭压缩机",
    "description": "石油能变成煤炭，煤炭也能变石油，肥肠合理",
	"outputLiquid": {"liquid": "oil","amount":0.1},
    "itemCapacity": 15,
    "size": 2,
    "updateEffect": "freezing",
"drawer": {
        "type": "DrawMulti",
        "drawers": [
            {
	       "type":"DrawLiquidTile",
	    "drawLiquid":"oil"
	    },
	    {
        "type":"DrawFlame",
        "flameRadiusIn":2.5,
        "flameRadius":4.5
        }
	    "DrawDefault",
        ]
    },
    "craftTime": 60,
    "consumes": {
        "power": 2,
        "items": {
            "items": [
                {
                    "item": "coal",
                    "amount": 2
                },
            ]
        }
    },
    "requirements": [
        {
            "item": "lead",
            "amount": 30
        },
        {
            "item": "graphite",
            "amount": 40
        },
        {
            "item": "压缩铜",
            "amount": 40
        },
    ],
    "ambientSound":"techloop",
    "category": "crafting",
    "research": "coal-centrifuge"
}