{
//Basic
    "type":"GenericCrafter"
    "name": "Air Liquefier: Methane"
    "description": "Liquefies air to get liquefied gas. \nLiquefies methane."
    "size":2
//Crafting
    "outputLiquid": {"liquid": "liquid-methane-ch4", "amount": 5},
	
    "craftTime": 60,
	
    "hasLiquids": true
	
    "hasPower": true,
    "consumes":{
         "power": 0.6
    }
//Requirement
    "requirements":[
        {"item": "copper", "amount":25}
        {"item": "graphite", "amount":30}
        {"item": "sn-fe-alloy", "amount":20}        
    ]
//Classification
    "research":"copper-tin-drill"
    "category":"crafting"
}