{
//Basic
    "type":"GenericCrafter"
    "name": "Depth Mine: Lead"
    "description": "Mines items under the ground. Ignores shallow water."
    "size":3
   	"updateEffect": "smeltsmoke",
//Crafting
    "outputItem": {"item": "lead", "amount": 1},
	
    "craftTime": 60,
	
    "hasLiquids": false
	
    "hasPower": true,
    "consumes":{
    "power": 0.5
    }
//Requirement
    "requirements":[
        {"item": "copper", "amount":80}
        {"item": "tin-sn", "amount":35}
        {"item": "iron-fe", "amount":35}        
    ]
//Classification
    "research":"copper-tin-drill"
    "category":"production"
}