{
//Basic
    "type":"GenericSmelter"
    "name": "Electric Foundry: Sn-Fe Alloy"
    "description": "Uses power and coal to melt items into other items. \nSmelts iron and tin into Sn-Fe Alloy."
    "size":3
//Crafting
    "outputItem": {"item": "sn-fe-alloy", "amount": 1},
	
    "craftTime": 58,
	
    "hasLiquids": false
	
    "hasPower": false,
    "flameColor":"d0a128"
    "consumes":{
    "power": 0.3
    		"items": {
    		
			"items": [
    		
		   { "item": "iron-fe", "amount": 1},
		          { "item": "tin-sn", "amount": 1},   
    		
		   { "item": "coal", "amount": 1},
    		
			]
		
    		}
    }
//Requirement
    "requirements":[
        {"item": "lead", "amount":75}
        {"item": "graphite", "amount":65}
        {"item": "steel-c-fe", "amount":50}        
    ]
//Classification
    "research":"foundry1"
    "category":"crafting"
}