{
//Basic
    "type":"GenericSmelter"
    "name": "Electric Foundry: Coptitanzincium"
    "description": "Uses power and coal to melt items into other items. \nSmelts copper, titanium and zinc into coptitanzincium."
    "size":3
//Crafting
    "outputItem": {"item": "coptitanzincium", "amount": 1},
	
    "craftTime": 58,
	
    "hasLiquids": false
	
    "hasPower": true,
    "flameColor":"6183b2"
    "consumes":{
    "power": 0.4
    		"items": {
    		
			"items": [
    		
		   { "item": "copper", "amount": 1},   
    		
		   { "item": "titanium", "amount": 1}, 		
       		   { "item": "zinc-zn", "amount": 1},   
		          { "item": "coal", "amount": 1},
    		
			]
		
    		}
    }
//Requirement
    "requirements":[
        {"item": "lead", "amount":75}
        {"item": "graphite", "amount":65}
        {"item": "steel-c-fe", "amount":50}        
    ]
//Classification
    "research":"foundry2"
    "category":"crafting"
}