{
//基本
	"name": "Kangaroo",
	"description": "A small bounce turret. Use elastic force to attack. Has double barrels",
	"type": "DoubleTurret",
	"health": 530,
	"size": 1,
//制造
 "hasItems":true
 "itemCapacity": 25
//发射
"targetGround": true
"targetAir": true
"reload": 35
"range": 140
"inaccuracy": 20
"rotatespeed": 4
"shots": 2
"ammo": {
  "copper": "standardCopper"
  "graphite": "standardDense"
  "silicon": "standardHoming"
  "iron-fe": "standardMechSmall"
  "pyratite": "standardIncendiary"
		}
//材料
	"requirements": [
		{ "item": "tin-sn", "amount": 30 },
		{ "item": "copper", "amount": 25 }
	],
//分类和科技树
	"category": "turret",
 "research": "duo"
}


