{
//Basic
    "type":"GenericCrafter"
    "name": "Metal Converter: Iron-2"
    "description": "Convert metal into other metal. \nConverts lead to iron."
    "size":2
    "updateEffect": "smeltsmoke",
//Crafting
    "outputItem": {"item": "iron-fe", "amount": 1},
	
    "craftTime": 55,
	
    "hasLiquids": false
	
    "hasPower": false,
    "consumes":{
    		"items": {
    		
			"items": [
    		
		   { "item": "lead", "amount": 1},
    		
			]
		
    		}
    }
//Requirement
    "requirements":[
        {"item": "copper", "amount":100}
        {"item": "sn-fe-alloy", "amount":60}  
    ]
//Classification
    "research":"copper-tin-drill"
    "category":"crafting"
}