{
//基本
	"name": "Mitochondrion Generator",
	"description": "Mitochondria.",
	"type": "SingleTypeGenerator",
	"size": 2,
//制造
 "powerProduction": 15,
 "hasLiquids":true
	"hasItems": true,
	"craftTime": 400,
	 "itemDuration": 240,
		"consumes": {
		"items": {
			"items": [
				{ "item": "glucose-c6h12o6", "amount": 1},
			]
		}
				"liquid": {
			"liquid": "water",	"amount": 0.05
		}
	},
//材料
	"requirements": [
		{ "item": "coptitanzincium", "amount": 50 },
		{ "item": "tungsten-w", "amount": 40 },
		{ "item": "silicon", "amount": 60 },
		{ "item": "dna", "amount": 6 },
	],
//分类和科技树
	"category": "power",
 "research": "frozcouple-generator"
}


