{
	"name": "Photosynthesis Greenhouse",
	"description": "Cultivates plants. Uses the photosynthesis to make starch.",
	"type": "Cultivator",
	"size": 4,
 "outputItem": {"item": "starch", "amount": 1},
 "plantColor":d6e28e
 "plantColorLight":d6e28e
	"hasPower": true,
	"hasItems": true,
	"craftTime": 300,
	"consumes": {
	"power": 0.03,
		"liquid":  {
		                "liquid": "liquid-nitrogen-n",
		                "amount": 0.20,
		   }
//		"items": {
//			"items": [
//		   { "item": "", "amount": 1 },
//			]
//		}
	},
	"requirements": [
		{ "item": "copper", "amount": 50 },
		{ "item": "graphite", "amount": 30 },
		{ "item": "steel-c-fe", "amount": 35 },
	],
	"category": "production",
 "research": "cultivator"
}


