
{
	"type": "Separator",
	"name": "Pulse Mine",
	"description": "Finds and mines minerals on everywhere. Better than depth mine but needs water to rotate the drill.",
	"itemCapacity": 30,
	"size": 3,
	"craftTime": 28,
	"updateEffect": "smeltsmoke",
	"results": [
				{ "item": "copper", "amount": 1.2},
				{ "item": "lead", "amount": 1.2},
				{ "item": "titanium", "amount": 1},
				{ "item": "coal", "amount": 1},
				{ "item": "calcium-ca", "amount": 1},
				{ "item": "tin-sn", "amount": 1.2},
				{ "item": "iron-fe", "amount": 1.2},
				{ "item": "tungsten-w", "amount": 1},
				{ "item": "zinc-zn", "amount": 1},
		],
	"consumes": {
		"power":1.0,
		"liquid": {
			"liquid": "water",
			"amount": 0.3
		}
	},
  	"liquidCapacity": 60,
	"requirements": [
		{ "item": "copper", "amount": 55},
		{ "item": "silicon", "amount": 40},
		{ "item": "sn-fe-alloy", "amount": 45},
		{ "item": "tungsten-w", "amount": 50},
	],
	"category": "production",
	"research": "laser-drill"
}