{
	"type": "PowerTurret",
	"name": "天花",
	"health": 6700,
	"description": "将水分子间隙压缩至紧密，在将密集的水分子发射出去，宛如天花一般洒向敌人，有启动时间，需要大量电力支持"
	"size": 4,
	"minWarmup": 0.7,
	"shootWarmupSpeed": 0.01,
	"heatColor": "BFFFDB80",
	"shootSound": "release",
	"canOverdrive": false,
	"reload": 150,
	"range": 650,
	"recoilTime": 20,
	"recoil": 1,
	"targetGround": true,
	"targetAir": true,
	"inaccuracy": 0,
	"rotateSpeed": 4,
			"consumes": {
	"power": 90,
	"liquid": {
		"amount": "2",
		"liquid":"water"
	}
},
"shoot": {
		"shots": 1,
		"shotDelay": 50
		
		}
	
		"drawer": {
		"type": "DrawTurret",
		"parts": [
			{
				"type": "RegionPart",
				"mirror": false,
				"under": true,
				"suffix": "-前左",
		        "heatProgress": "warmup",
                "heatColor": "FF404080",
				"moveY": 0
				"moveX": -3
			},
				{
				"type": "RegionPart",
				"mirror": false,
				"under": true,
				"suffix": "-前右",
				"heatProgress": "warmup",
                "heatColor": "FF404080",
				"moveY": 0
				"moveX": 3
			},
			     {
	            "type": "RegionPart",
	            "mirror": false,
	            "under": true,
	            "suffix": "-中",
            	"progress": "recoil",
            	"heatProgress": "recoil",
            	"moveY": -20
                }
			
			
			
		]
		}
	
	"liquidCapacity": 300,
	"shootType": {
	
	"type": "fragbullet",
	"lifetime": 37,
	"speed": 20,
	"puddleSize": 6,
	"orbSize": 9,
	"knockback": 30,
	"statusDuration": 700,
	  "width": 46,
	  "height": 64,
	"status": "wet",
	"damage": 1
	"trailColor": "0038ff",
       "frontColor": "0038ff",
       "backColor": "0038ff",
	"splashDamageRadius": 110,
		"splashDamage": 1,
	/*"fragBullets": 10,
      "fragRandomSpread": 30,
      "hitSound": "plasmaboom",
      "fragBullet": {
	  "width": 5,
	  "height": 7,
      "damage": 1,
      "status": "wet",
	  "lifetime": 40,
	  "speed": 1
	  	"splashDamageRadius": 60,
		"splashDamage": 1,
       */
     
	"hitEffect": {
			"type": "MultiEffect",
			"effects": [
				
				{
				"type": "ParticleEffect",
				"particles": 50,
				"line": true,
				"strokeFrom": 16,
				"strokeTo": 0,
				"lenFrom": 0,
				"lenTo": 25,
				"length": 150,
				"baseLength": 42,
				"lifetime": "0038ff",
				"colorTo": "0038ff",
},
			{
				"type": "ParticleEffect",
				"particles": 92,
				"line": true,
				"strokeFrom": 8,
				"strokeTo": 0,
				"lenFrom": 0,
				"lenTo": 45,
				"length": 100,
				"baseLength": 25,
				"lifetime": "0038ff",
				"colorTo": "0038ff",
},
			]
	
			}
			     
	"hitEffect": {
			"type": "MultiEffect",
			"effects": [
				{
				"type": "ParticleEffect",
				"particles": 30,
				"line": true,
				"strokeFrom": 32,
				"strokeTo": 0,
				"lenFrom": 0,
				"lenTo": 53,
				"length": 230,
				"baseLength": 50,
				"lifetime": "0038ff",
				"colorTo": "0038ff",
},
			
			]
	
			
			
			}

	
	
	
           "shootEffect": {
	"type": "MultiEffect",
	    "effects": [
				{
					"type": "ParticleEffect",
					"lifetime": 50,
					"interp": "circleOut",
					"sizeFrom": 1,
					"sizeTo": 5,
					"strokeFrom": 9,
					"strokeTo": 0,
					"colorFrom": "0038ff",
					"colorTo": "0038ff"
				}
                
         {
	         "type": "WaveEffect",
	        "particles": 100,
            "baseLength": 1,
            "length": 1,
            "lifetime": 10,
	        "line": true,
	        "lenFrom": 1,
	        "lenTo": 2,
	        "strokeFrom": 1
	        "strokeTo": 5,
            "colorFrom": "0038ff",
	        "colorTo": "0038ff"
           }, 
           	{
				"type": "ParticleEffect",
				"particles": 15,
				"line": true,
				"strokeFrom": 0,
				"strokeTo": 0,
				"lenFrom": 0,
				"lenTo": 45,
				"length": 23,
				"baseLength": 8,
				"lifetime": "0038ff",
				"colorTo": "0038ff",
},
           
           
         ]
         }
         
     
	"hitEffect": {
			"type": "MultiEffect",
			"effects": [
					
			{
				"type": "ParticleEffect",
				"particles": 92,
				"line": true,
				"strokeFrom": 4,
				"strokeTo": 0,
				"lenFrom": 0,
				"lenTo": 30,
				"length": 59,
				"baseLength": 23,
				"lifetime": "0038ff",
				"colorTo": "0038ff",
},
			{
				"type": "ParticleEffect",
				"particles": 92,
				"line": true,
				"strokeFrom": 8,
				"strokeTo": 0,
				"lenFrom": 0,
				"lenTo": 45,
				"length": 100,
				"baseLength": 25,
				"lifetime": "0038ff",
				"colorTo": "0038ff",
},
]		
			}
			
			
	

},



      "requirements":[
        "压缩钢/80"
        "silicon/300"
        "thorium/250"
        "plastanium/150"
        "metaglass/300"
        "电工钢/200"
      ]
     
  "category": "turret",
   "research":"倾泻"
}
