   {
       "type":"ItemTurret",
       "name":"箭雨",
       "description":"向前方发送多种类型导弹",
      "details": "为了应对各式各样的敌军，我们有必要研制出一款廉价对群效果不错的炮台",
       "scaledHealth": 0,
        "armor": 0,
        "size": 2,
        "ammoPerShot": 1,
        "health":750,
      "reload": 15,//炮台开火速率，数字越大越慢
       "range": 170,
       	"shootSound": "missile",
             "maxAmmo": 60,
             "shoot": {
                 "type":"shootAlternate",
                 "barrels":2,
                 "spread":10
              }   
         "coolantMultiplier": 1.25,
         "liquidCapacity": 60,
         "inaccuracy": 3,
           "shake": 3,
        "rotateSpeed": 8,//炮台旋转速度
      "consumes": {
	"coolant": {
		"amount": 0.5,
		"optional": true
	}
}
        
    "ammoTypes": {      
       
	   "graphite": {
       "type":"BasicBulletType"
  	  "sprite": "missile-large",			
		"speed": 5,
		"lifetime": 36,
		"damage": 4,
		"splashDamageRadius": 29,
		"splashDamage": 12,
		"backColor": "e0cdd9fc",
		"frontColor": "e0cdd9fc",
		"knockback": 0,
		"reloadMultiplier": 1,
		"status": "freezing",//状态冻结
		"statusDuration": 7,//时间
		"pierceCap": 1,
		"hitSize": 5,
		"width": 4,
		"height": 6,	    
		"hitSound": "explosion",//爆炸//撞击声
		"ammoMultiplier": 5,		
	},
		  "pyratite": {
  	"type": "MissileBulletType",  
    "shootSound": "missile",
    "sprite": "missile-large",    	
		"speed": 5,
		"lifetime": 36,
		"damage": 15,
		"splashDamageRadius": 30,
		"splashDamage": 22,
		"makeFire": true,
		"status": "burning",//状态燃烧
		"statusDuration": 160,//时间
		"reloadMultiplier": 1,//攻速加成
		"backColor": "FFB570FF",
		"frontColor": "FFB570FF",
		"hitSize": 1,
		"width": 5,
		"height": 8,
		"ammoMultiplier": 5,
		"shootEffect": "shootBig",//射击效果//烟雾
		"smokeEffect": "shootBigSmoke"//爆炸效果//烟雾
			"hitSound": "explosion",//爆炸//撞击声
	},

	  "blast-compound": {
  	"type": "MissileBulletType",  			          "shootSound": "missile",
      "sprite": "missile-large",
		"speed": 5,
		"lifetime": 36,
		"damage": 26,
		"splashDamageRadius": 42,
		"splashDamage": 31,
		"makeFire": true,
		"status": "blasted",//状态爆炸
		"statusDuration": 80,//时间
		"reloadMultiplier": 1,//攻速加成
		"backColor": "EB564BFF",
		"frontColor": "EB564BFF",
		"hitSize": 1,
		"width": 5,
		"height": 8,
		"ammoMultiplier": 7,
		"shootEffect": "shootBig",//射击效果//烟雾
		"smokeEffect": "shootBigSmoke"//爆炸效果//烟雾
			"hitSound": "explosion",//爆炸//撞击声
	},
	       "metaglass":{       
       "type":"BasicBulletType"	
        "sprite": "missile-large",	
		"damage": 3,
		"splashDamageRadius":25,
		"splashDamage": 8,
		"speed": 5,
		"lifetime": 36,
		"width": 4,
		"height": 6,
		"knockback":2,
		"backColor": "aeb4c8fc",
		"frontColor": "aeb4c8fc",
		"ammoMultiplier": 5,
		"reloadMultiplier": 1,//攻速加成//1+100%
	
			"hitSound": "explosion",//爆炸//撞击声	  
 "fragBullets": 3,	
 	"fragSpread":20,//分裂角度
    "fragAngle":0,//分裂起始角度，
      "fragBullet": {
	 "knockback":0.5,
	  "width": 4,
	  "height": 6,
      "damage": 1,
      	"splashDamageRadius": 19,
		"splashDamage": 8,
	   "lifetime": 40,
	   "speed": 1,
	
	}
	
	}
    
   },
    
    
   
      "requirements":[
{"item":"titanium","amount":30},
          "graphite/45"
          "copper/95"
          
        
       ]
  "category": "turret",
   "research":"驱逐"
   }
   