   {
       "type":"ItemTurret",
       "name":"领域",
       "description":"专业对空",
      "details": "搭载单管机炮，类似于近防炮恐怖的转速，和恐怖的耗弹率以及强大火力的压倒性逼退敌军（牺牲了弹容量换取了极致的射速）.......",
       "scaledHealth": 500,
        "armor": 4,
        "size": 3,
        "health":2200,
       "ammoPerShot": 2,
      "reload": 10,
      "targetAir":"true",
      "targetGround": "on",
     "consumes": {
	"coolant": {
		"amount": 1.5,
		"optional": true
	}
	}
"coolantMultiplier": 0.5,
       "range": 400,
             "maxAmmo": 18,
             "shoot": {
                 "type":"shootAlternate",
                 "barrels":1,
                 "spread":10
              }   
         "coolantMultiplier": 1.25,
         "liquidCapacity": 60,
         "inaccuracy": 3,
           "shake": 3,
        "rotateSpeed": 1.5,//炮台转速
        "shootSound":"shootBig",
      	"drawer": {
		"type": "DrawTurret",
		"parts": [
			{
				"type": "RegionPart",
				"suffix": "-热",
				"layerOffset": -0,
				"heatLayerOffset": -0.001,
				"under": true,
				"heatProgress": "warmup",
				"heatColor": "D85555A0",
				"progress": "recoil",
				"moveY": 0
			},
				{
				"type": "RegionPart",
				"suffix": "-口",
				"under": true,
				"recoilIndex": 0,
				"heatProgress": "warmup",
				"heatColor": "D85555A0",
				"moves": [
					{
						"progress": "recoil",
						"y": -1
					}
				],
				"heatProgress": "recoil"
			},
			]
			},
        

       "ammoTypes": {
	   "graphite": {
		"type": "BasicBulletType",
		"speed": 10,
		"lifetime": 40,
		"damage": 45,
		"knockback": 0,
		"reloadMultiplier": 4,
		"pierce": true,
		"pierceCap": 2,
		"hitSize": 5,
		"width": 15,
		"height": 16,
		"ammoMultiplier": 6,
		"shootEffect": "shootBig",
		"smokeEffect": "shootBigSmoke"
	},
	"thorium": {
		"type": "BasicBulletType",
		"speed": 7,
		"lifetime": 60,
		"damage": 56,

		"knockback": 0,
        "reloadMultiplier":4,
	//	"pierce": true,
		//"pierceArmor": true,
		//"pierceBuilding":true,
        "ammoMultiplier":5,
		"pierceCap": 2,
		"hitSize": 5,
		"width": 16,
		"height": 18,
		"shootEffect": "shootBig",
		"smokeEffect": "shootBigSmoke"
	},
	  "pyratite": {
		"speed": 11,
		"lifetime": 36,
		"damage": 40,
		"splashDamageRadius": 41,
		"splashDamage": 86,
		"makeFire": true,
		"status": "burning",
		"statusDuration": 200,
		"reloadMultiplier": 4,
		"incendChance": 0.3,
		"incendSpread": 16,
		"incendAmount": 3,
		"backColor": "FF8C00",
		"frontColor": "FFB90F",
		"hitSize": 5,
		"width": 13,
		"height": 15,
		"ammoMultiplier": 6,
		"shootEffect": "shootBig",
		"smokeEffect": "shootBigSmoke"
	},
            "scrap": {
	"type": "BasicBulletType",
	"speed": 11,
	"lifetime": 36,
	"damage": 25,
	"knockback": 0,
	"reloadMultiplier": 6,
	"pierce": true,
	"pierceCap": 1,
	"hitSize": 5,
	"width": 10,
	"height": 10,
	"ammoMultiplier": 4,
	"shootEffect": "shootBig",
	"smokeEffect": "shootBigSmoke"
}
    
    },
    
    
   
      "requirements":[
{"item":"titanium","amount":90},
        "metaglass/180"
        "graphite/120"
        //"thorium/60"
      "铁/135"
      ]
  "category": "turret",
   "research":"扫荡"
}