{
    "type": "ForceProjector",
    "name": "亚辛重盾",
    "description": "比防护力场更先进一级科技",
    "details":"420技术应用典范，让护盾的更加轻量化，占地更小，功耗更小"
    "health": 350,
    "size": 3,
    "radius": 192,
    "canOverdrive": false,   
    "shieldHealth":768,
    "phaseUseTime": 335,
    "phaseRadiusBoost": 110,
    "cooldownNormal": 2.1,
    "cooldownLiquid": 1,
    "cooldownBrokenBase": 0.33,
    "phaseShieldBoost":230
    "liquidCapacity": 100,
    "itemCapacity": 10,
    "consumes": {
        "power": 1.72,
        "items": {
            "items": [
                {
                    "item": "phase-fabric",
                    "amount": 2
                }
            ],
            "booster": true,
            "optional": true
        }
    },
    "requirements": [
        {
            "item": "metaglass",
            "amount": 50
        },
        {
            "item": "lead",
            "amount": 50
        },
        {
            "item": "phase-fabric",
            "amount": 70
        },
        {
            "item": "silicon",
            "amount": 80
        },
        {
            "item": "titanium",
            "amount": 90
        },
        {
            "item": "plastanium",
            "amount": 100
        }
    ],
    "research": "force-projector",
    "category": "effect"
}