{
    "type":"LaunchPad", 
    "name":"内燃发射台", 
    "description":"虽然说相比普通的发射台，多出了需要加注水和石油的需求，但是更快的冷却速度和更大的装载容量让他比普通的发射台更加强力", 
    "health":514,
    "size":3, 
    "itemCapacity":490, 
    "launchTime":962,
    "liquidCapacity":396,
    "hasPower":true, 
    "hasLiquids":true,
    "consumes": {
        "power":2.1,
        "liquids": [
        "oil/0.045",
        "water/0.24"
        ]
    },
	"requirements": [
	{ "item": "titanium", "amount": 150 },
	{ "item": "lead", "amount": 200 },
	{ "item": "metaglass", "amount": 100 },
        { "item": "copper", "amount": 220 },
        { "item": "graphite", "amount":145}
        { "item": "silicon", "amount": 90 },
		],
	"category": "effect",
	"research":"distributor"
	"buildVisibility":"campaignOnly",
}