{
	"description": "为什么不可以独立自主，为什么紫渊合金没有自己的核心！！！",
	"research": {		
		"name": "紫渊合金"
		},
	"requirements": [
	{"amount": 110, "item": "紫渊合金"},
	{"amount": 4400, "item": "copper"},
	{"amount": 1000, "item": "silicon"},
	{"amount": 2000, "item": "lead"},
	{"amount": 500, "item": "titanium"},
	{"amount": 400, "item": "graphite"}
	],
	"unitType": "紫渊",
	"armor":28,
	"health": 10000,
	"itemCapacity": 18900,
	"size": 6,
	"unitCapModifier": 40,
	"category": "effect"
}
