{
	"name": "ES质量驱动器",
	"description": "中距离发送物品包，收集一定物品后将其发射到另一个质量驱动器中",
	"type": "MassDriver",
	"size": 3,
	"hasItems": true,
	"itemCapacity": 120,
	"reload": 60,
	"range": 320,
	"consumes": {
		"power": 1
	},
	"requirements": [
	{ "item": "碳钢", "amount": 65 },
	{ "item": "钨", "amount": 65 },
	{ "item": "铍", "amount": 65 },
	],
	"research": {
	"parent":"铍轨道桥"
	"objectives": [
            {
				"type": "OnSector",
				"preset": "物流旧区"
			}
	]
	}
	"category": "distribution"
		    "researchCostMultiplier": 1,
	        "canOverdrive": true
}