{
	"name": "大型极固墙",
	"description": "抵挡敌人的攻击动能",
	"type": "Wall",
	"health":7000 ,
	"armor":50,
	"size":2,
	"insulated":false,
	"destroyBullet":{ 
	
			"width": 30,	"height":30,
			"hitShake": 6,
			"damage":20,
			"sprite":"circle-bullet",  
			"shrinkY":0,
			"speed":0,
			"lifetime":60,
			"type":"BasicBulletType",
			"liquid": "slag",
			"collides":false,
			"hitEffect":"none",
			"frontColor":"FFFFFF",
			"backColor":"97FFA8FF",
			"shootEffect":"none",
			"smokeEffect":"none",
			"bulletInterval": 3,
			"intervalBullets": 19,
			"intervalRandomSpread": 360,
			"intervalSpread": 0,
			"intervalAngle": 0,
			"intervalVelocityMax":1,
			"intervalVelocityMin":0.1,
			"intervalBullet":{
			"type": "LiquidBulletType",
			"liquid": "slag",
			"knockback":-2.5,
			"chargeEffect": {
				"type": "MultiEffect",
				"effects": [
					"lancerLaserCharge",
					"lancerLaserChargeBegin"
				]
			},
			"shootEffect": "lancerLaserShoot",
		
			"speed":7,
			"lifetime":5,
			"pierce": true,
			"pierceBuilding":true,
			"healPercent":5,
			"collidesTeam":true,
			"damage": 29,
			"smokeEffect":"smokeCloud"
	
		},
	},
	"absorbLasers":false,
	"requirements": [
		{ "item": "surge-alloy", "amount": 10},
		{ "item": "Polyalloys", "amount": 8}
		
	],
	"category": "defense",
	"research": "thorium-wall"
}