{
    "type": "ImpactReactor",
    "name": "核电站",
    "description": "利用铀235发电，需要冷冻液降温",
    "size":3,
    "health":1200,
    "liquidCapacity":30,
    "itemCapacity": 60,
    "warmupSpeed": 1,
    "hasItems": true,
    "hasLiquids": true,
    "outputsPower": true,
    "powerProduction": 50,
    "itemDuration": 120,
    "lightColor": "FFFFFF",
    "consumes": {
        "power": 5,
        "liquid": {
            "liquid": "cryofluid",
            "amount": 0.5
        },
        "items": {
            "items": [
                {
                    "item": "铀235",
                    "amount": 1
                },
            ]
        }
    },
    "requirements": [
        {
            "item": "lead",
            "amount": 500
        },
        {
            "item": "silicon",
            "amount": 250
        },
        {
            "item": "thorium",
            "amount": 300
        },
        {
            "item": "graphite",
            "amount": 150
        },
        {
            "item": "metaglass",
            "amount": 150
        },
        {
            "item": "钛铅合金",
            "amount": 300
        },
    ],
    "category": "power",
    "research": "thorium-reactor"
    "explosionRadius":120,
        //爆炸半径
        "explosionDamage":5000,
        //爆炸伤害
        "explodeEffect":"airBubble"
        //爆炸特效
}