{
	"type": "GenericCrafter",
	"name": "源玻璃熔炼厂",
	"description": "源类盖子",
	"details":""
	"outputItems":["源玻璃板/1",]//产出
	"size":2,//建筑大小
	"health":600,//血量
	"craftTime":480,//÷60
	"itemCapacity":50,//容量
	"consumes": {
    "power":4.33333333333,//×60
    "items":{
          "items":[
	            "沙璃/21","物液奇点/1",
	]
	}
	}
    "requirements":[
                "copper/20",
                "物液板/20",
	],//建造材料
    "category": "crafting",
	"research":"便携式电力源",
	"idleSound":"respawning",
	"updateEffect":"smeltsmoke",
	"idleSoundVolume": 0.5
	"hasPower": true,
	"hasLiquids": false,
	"hasItems": true,
}