{
	"name": "波动合金墙",
	"description": "硬，被攻击时有概率释放闪电。
	
	(贴图by Mr.世纪灯泡)",
	"type": "Wall",
	"health": 800,
		"armor": 7
	"size": 1,
	"absorbLasers":true,
    "lightningChance":0.1/*方块放电几率*/
    "lightningDamage":22/*方块放电伤害*/
    "lightningLength":8/*方块放电长度*/
	"requirements": [
	{ "item": "硅晶玻璃", "amount": 4} 
	{ "item": "波动合金", "amount": 4}
	],
	"category": "defense",
	"research": "大型钢墙"
	 "researchCostMultiplier": 1,
}