{
	"name": "ES铜墙",
	"description": "初代墙",
	"details":"原宇宙已有，研究费用降低",
	"type": "Wall",
	"health": 300,
	"size": 1,
	"requirements": [
	{ "item": "铜", "amount": 8} 
	],
	"category": "defense",
	"research": {
		"parent": "初代核心",
		"objectives": [
            {
				"type": "OnSector",
				"preset": "ES零号地区"
			}
			]}
			"details":"从残破的核心中提取出的建筑数据，免费研究",
			"researchCostMultiplier": 0
	    "researchCostMultiplier": 0.2,
}