{
	"type": "GenericCrafter",
	"name": "冷冻液冲压机",
	"description": "水，锡，制成冷冻液",
	"health": 180,
	"outputLiquid": {"liquid": "cryofluid", "amount": 0.4},
	"itemCapacity": 10,
	"size": 2,
    "hasItems": true,
	"hasLiquids": true,
	"solid": true,
	"outputsLiquid": true,
	"hasPower": true,
	"liquidCapacity": 48,
	"craftTime": 130,
	"consumes": {
		"power": 1.3,
	"items": {
	"items": [
	{ "item": "锡", "amount": 1 }	]	},
	"liquid": 
	{"liquid": "water", "amount": 0.4}
		},
"drawer":{
	    "type":"DrawMulti",
	    "drawers":[
	    {
	    "type":"DrawRegion",
	    "suffix":"-bottom"
	    },
	    {
	       "type":"DrawLiquidTile",
	    "drawLiquid":"cryofluid"
	    },
	    "DrawDefault"
	]},
	"updateEffect": "freezing",
	"requirements": [
	{ "item": "锂", "amount": 85 },
	{ "item": "锡", "amount": 60},
	{ "item": "粗硅晶", "amount": 130 },
	],
	"category": "crafting",
	"research": "矿渣熔炼机"
}