{
	//原版液体 water水 cryofluid冷却液 slag矿渣 oil石油
	"type":"GenericCrafter",
	"name":"凝能晶压缩机",
	"outputItem":"凝能晶/1"
	"drawer":{
		"type":"DrawMulti",
		"drawers":[
			{
	            "type":"DrawRegion",
	            "suffix":"-bottom"
	        }
			{
				"type":"DrawDefault"
			},
			{
				"type":"DrawWeave",
			}
		]
	}
	"craftEffect":"shieldApply",
	"itemCapacity":20,
   "liquidCapacity":30,
	"hasLiquids":true,
	"craftTime":80,
	"health":620,
	"description":"制造凝能晶"
	"size":3,
	"consumes":{
		"power":40,
		"items":{
			"items":[
				"固态能/3",
			]
		}
			"liquid": 
	{"liquid": "能量流体", "amount": 0.4}
	}
	"requirements":[
		"废晶/140",
		"赤金/30",
		"初代合晶/60",
		"纯硅晶/80",
		"固态能/40"
		
	]
//	"research":"硅提纯机",
		"research": {
		"parent": "能量流体混合器",
		"objectives": [
      {
				"type": "SectorComplete",
				"preset": "跌宕裂谷"
			},
    ],
	},
	"category":"crafting"
	
}