{
	//原版液体 water水 cryofluid冷却液 slag矿渣 oil石油
	"type":"GenericCrafter",
	"name":"塑胶压缩机",
	"outputItem":"塑胶/2"
	"drawer":{
		"type":"DrawMulti",
		"drawers":[
			{
	            "type":"DrawRegion",
	            "suffix":"-bottom"
	        }
			{
				"type":"DrawDefault"
			},
			{
				"type":"DrawWeave",
			}
		]
	}
	"craftEffect":"shieldApply",
	"itemCapacity":20,
	"hasLiquids":false,
	"craftTime":50,
	"health":420,
	"description":"生产塑胶……"
	"size":2,
	"consumes":{
		"power":5,
		"items":{
			"items":[
				"铝钢/3",
			]
		}
			"liquid": 
	{"liquid": "oil", "amount": 0.3}
	}
	"requirements":[
		"锂/140",
		"金/30",
		"锡/60",
		"纯硅晶/80"
	]
//	"research":"硅提纯机",
		"research": {
		"parent": "铝钢工厂",
		"objectives": [
      {
				"type": "SectorComplete",
				"preset": "洄流"
			},
    ],
	},
	"category":"crafting"
	
}