{
"type":"GenericCrafter",
	//GenericSmelter已经删除，需要加-top贴图的需要以下结构:
	"drawer":{
		"type":"DrawMulti",
		"drawers":[
			{
				"type":"DrawDefault"
			},
			{
				"type":"DrawFlame",
				//这个type允许使用-top贴图并且拥有火焰动画
				}
				]
				}
	"name":"有机玻璃机",
	"outputItem":"有机玻璃/1",
	"itemCapacity":10,
	"health":130,
	"craftTime":80,
	"description":"把锂制成有机玻璃……"
	"size":2,
	"consumes":{
			 "power":1.5,
		"items":{
			"items":[
				"锂/2",
			]
		}
	}
	"requirements":[
		"铝/40",
		"锂/65"
		"粗硅晶/15",	
	]
	"research":"硅粗制机",
	"category":"crafting"
}