{
	"type": "GenericCrafter",
	"name": "石油压缩机",
	"description": "油藻压缩成石油",
	"outputLiquid": { "liquid": "oil", "amount": 0.35},
"drawer":{
	    "type":"DrawMulti",
	    "drawers":[
	    {
				"type":"DrawLiquidRegion",
				//这个type允许使用-liquid贴图
				"drawLiquid":"oil"
				//-liquid贴图选用的液体颜色
			},
	    "DrawDefault"
	    	{"type": "DrawRegion",
	"suffix": "-top"}
	]},
		"health": 420,
	"size": 2,
	"hasPower": true,
	"hasLiquids": true,
	"hasItems": true,
	"craftTime": 20,
	"itemCapacity": 10,
    "liquidCapacity": 60,
	"consumes": {
    "power":0.84,
    "items": {
	 "items": [
	    { "item": "油藻", "amount": 1}
	]
  }
 },
"requirements": [
	"锂/35"
		{"item": "纯硅晶","amount":30}
		{"item": "锡","amount":30}
	],
	"category": "crafting",
	"research": "培养基"
}