{
	"type": "GenericCrafter",
   "description": "将废料转化为矿渣",
	"name": "矿渣熔炼机",
	"outputLiquid": { "liquid": "slag", "amount": 0.3},
	"size": 1,
	"hasPower": true,
	"hasLiquids": true,
	"hasItems": true,
	"craftTime": 10,
	"itemCapacity": 10,
    "liquidCapacity": 10,
	"updateEffect": "smeltsmoke",
	"consumes": {
    "power":1.1,
    "items": {
	 "items": [
	    { "item": "废渣", "amount": 1}
	]
  }
 },
"requirements": [
		{"item": "铝", "amount": 30},	
		{ "item": "锂", "amount": 30 },
		{"item": "粗硅晶","amount":45}
	],
				"drawer":{
        "type":"DrawMulti",
        "drawers":[
            "DrawDefault",
		{
				"type":"DrawLiquidRegion",
				//这个type允许使用-liquid贴图
				"drawLiquid":"slag"
				//-liquid贴图选用的液体颜色
			},
            ]
    },
	"category": "crafting",
	"research": "焚化炉",
	"idleSound": "respawning",
	"idleSoundVolume": 0.5
}