{
"type":"GenericCrafter",
	//GenericSmelter已经删除，需要加-top贴图的需要以下结构:
	"name":"磷提炼机",
	"outputItem":"磷/1",
	"itemCapacity":20,
	"health":160,
	"craftTime":80,
	"description":"将铝，锂打磨成分混入碳单质制作磷……"
	"size":2,
		"updateEffect": "mineBig",
	"consumes":{
			 "power":0.8,
		"items":{
			"items":[
				"铝/2",
				"碳单质/3",
						"锂/2",
			]
		}
	}
	"requirements":[
		"铝/80",
		"锂/65"
		"锡/30",
		"粗硅晶/50",	
	]
	"research":"硅粗制机",
	"category":"crafting"
}