{
	"type": "GenericCrafter",
	"name": "铝钢重压机",
	"description": "高效制作铝钢",
	"health": 980,
	"itemCapacity": 20,
	"size": 3,
	 "outputItem":"铝钢/5",
    "hasItems": true,
	"hasLiquids": true,
	"solid": true,
	"outputsLiquid": true,
	"hasPower": true,
	"liquidCapacity": 48,
	"craftTime": 120,
	"consumes": {
		"power": 2.5,
	"items": {
	"items": [
	{ "item": "锡", "amount": 5 }
	{ "item": "铝", "amount": 4 }	]	},
	"liquid": 
	{"liquid": "water", "amount": 0.4}
		},
"drawer":{
	    "type":"DrawMulti",
	    "drawers":[
	    {
				"type":"DrawLiquidRegion",
				//这个type允许使用-liquid贴图
				"drawLiquid":"water"
				//-liquid贴图选用的液体颜色
			},
	    {
	       "type":"DrawLiquidTile",
	    "drawLiquid":"cryofluid"
	    },
	    "DrawDefault"
	]},
	"updateEffect": "freezing",
	"requirements": [
	{ "item": "纯硅晶", "amount": 85 },
	{ "item": "锡", "amount": 260},
	{ "item": "铝钢", "amount": 130 },
	{ "item": "铀", "amount": 60 },
	],
	"category": "crafting",
	"research": "铝钢工厂"
}