{
	"type":"ConsumeGenerator",
	"name":"水力堆",
	"description": "利用水流发电。\n会不断积水，不排出将会造成中规模爆炸。",
	"details":"别阻止我发电！",
	"size":2,
	"explodeOnFull":true,
	"rebuildable":"false"
	"health":450,
	"liquidCapacity":200,
	"placeableLiquid":true,
	"requiresWater":true,
	"hasLiquids":true,
	"powerProduction":3,
	"outputsLiquid": true,
	"outputLiquid":"water/0.3",
	"spinnerSpeed":5,
	"requirements": [
		"钛板/50",
		"铜板/20",
		],
	"drawer":
	{
	"type":"DrawMulti"
	"drawers":[
    "DrawDefault",
    {
    "type":"DrawLiquidRegion",
    "drawLiquid":"water"
    },
    {
    
    "type":"DrawRegion",
    "suffix":"-spinner"
    "rotateSpeed":5   
    "spinSprite": true,
    },
    {
	"type":"DrawRegion",
	"suffix":"-top"
	        }
    ]}
        "explosionRadius":10,
        "explosionDamage":300,
      	"explodeEffect": {
		"type": "MultiEffect",
		"effects": [
			{
				"type": "WaveEffect",
				"lifetime": 50,
				"sizeFrom": 0,
				"sizeTo": 100,
				"strokeFrom": 18,
				"strokeTo": 0,
				"colorFrom": "67D6E7FF",
				"colorTo": "49BFD1FF"
			},
			{
				"type": "ParticleEffect",
				"particles": 25,
				"interp": "pow10Out",
				"sizeInterp": "pow5In",
				"sizeFrom": 24,
				"sizeTo": 0,
				"length": 80,
				"baseLength": 0,
				"lifetime": 320,
				"colorFrom": "67D6E7FF",
				"colorTo": "67D6E7FF"
			},
			{
				"type": "ParticleEffect",
				"particles": 30,
				"interp": "pow10Out",
				"sizeInterp": "pow5In",
				"sizeFrom": 20,
				"sizeTo": 0,
				"length": 130,
				"baseLength": 0,
				"lifetime": 140,
			}
]
}
        "category": "power"
        "research": {
	"parent": "sand"
	"requirements": [
	"copper/150",
	]	},
}