{
    "type": "GenericCrafter",
    "requirements": [
        {
            "item": "copper",
            "amount": 160
        },
        {
            "item": "metaglass",
            "amount": 90
        },
        {
            "item": "titanium",
            "amount": 90
        },
        {
            "item": "lead",
            "amount": 80
        },
        {
            "item": "graphite",
            "amount": 30
        }
    ],
	"hasPower": true,
	"hasItems": true,
	"hasLiquids": true,
	"itemCapacity": 40,
	"liquidCapacity": 600,
	"craftTime": 45,
	"category": "crafting",
	"research":"异种工业类",
	"updateEffect": "explosion",
   "outputLiquid": {"liquid": "flame_spore_liquid", "amount": 2.44 },
	"consumes": {
	    "items": {
	        "items": [
	
	            {
	                "item": "graphite",
	                "amount": 1
	            }
	            {
	                "item": "spore-pod",
	                "amount": 2
	            }
	            {
	                "item": "pyratite",
	                "amount": 1
	            }     
	        ]
	    },
	    "power": 4.99,
	    "liquid": {
	        "liquid": "oil",
	        "amount": 1
	    }
	},
	"size": 4,

	"description": "通过一系列复杂的反应制造孢夜",
	"name": "孢液制造厂",
	"ambientSound": "grinding",
	"ambientSoundVolume": 0.015,
		"drawer":[
	    {
	        "type":"DrawDefault"
	    },
	    {
	        "type": "DrawLiquidTile",
	        "drawLiquid": "flame_spore_liquid",
	        "drawLiquidLight": true
	    },
	    {
	        "type": "DrawLiquidTile",
	        "drawLiquid": "flame_spore_liquid",
	        "drawLiquidLight": true
	    },
	    {
	        "type":"DrawRegion",
	        "suffix": "-rotator",
	        "spinSprite": true,
	        "rotateSpeed": 2
	    },
	    {
	        "type":"DrawRegion",
	        "suffix": "-top"
	    }
	]
}