{
	"type": "flying",/*种类 */
	"name": "剑向",/*名称，它叫什么名字！ */
	"description": "未知",/*描述，简介！ */
	"ammoCapacity": 100,/*弹药容量 */
    "ammoResupplyAmount":5,/*弹药补给倍率 */
    "speed": 2.4,/*速度 */
	"flying": true,/*能否飞行，true为能飞 */
	"turnCursor":false,/*转动光标 */
	"engineOffset": 0,/*发动机偏移 */
	"engineSize": 2,/*发动机大小 */
    "hitSize": 12,/*被击中大小，你的大小 */
    "targetAir":"false",/*目标航空 */
    "health": 280,/*血量 */
    "armor": 1,/*装甲 */
    "mineSpeed": 0,/*挖矿速度 1=100% */
    "mineTier": 0,/*挖矿等级，你可以挖什么矿 */
    "buildSpeed": 0,/*构建速度 1=100%*/
    "rotateSpeed": 4,/*转速，旋转的速度 */
    "itemCapacity": 40,/*容量，字面意思 */
    "commandLimit": 8,/*命令限制，能让多少单位跟着你！ */
    "rotateShooting": "true",/*旋转射击，是否旋转射击 */
   	"trailLength": 32, //拖尾长
   	"trailColor": "FF5954FF",//拖尾颜色	
    	"weapons":[         	{"name":"none",//名称
"x":0,"y":6,
"shake":2,
"top":false,
"mirror":true,//镜像
"reload":60,//装弹时间
//"alternate":false,
"recoil":4,
"spawnUnit":"red导弹",
"shootEffect":"shootBig",
"rangeChange":40,
"reloadMultiplier":2,
"ammoMultiplier":1,
	"shoot":{
	"shots":2,
	"shotDelay":1,
    "type":"ShootPattern",
    "firstShotDelay":4},
}	 	
	,
    ]
	"research":"lead"
}