{
	"type": "flying",/*种类 */
	"name": "冰雕",/*名称，它叫什么名字！ */
	"description": "水下单位",/*描述，简介！ */
	"ammoCapacity": 100,/*弹药容量 */
    "ammoResupplyAmount":5,/*弹药补给倍率 */
    "speed": 1.2,/*速度 */
    "accel":0.3,//加速度
    "drag":0.0305,//拖拽速度
	"flying": true,/*能否飞行，true为能飞 */
	"turnCursor":false,/*转动光标 */
	"engineOffset": 0,/*发动机偏移 */
	"engineSize": 0,/*发动机大小 */
    "hitSize": 14,/*被击中大小，你的大小 */
    "targetAir":"false",/*目标航空 */
    "health": 430,/*血量 */
    "armor": 2,/*装甲 */
    "mineSpeed": 1.2,/*挖矿速度 1=100% */
    "mineTier": 2,/*挖矿等级，你可以挖什么矿 */
    "buildSpeed": 1,/*构建速度 1=100%*/
    "rotateSpeed": 14,/*转速，旋转的速度 */
    "itemCapacity": 40,/*容量，字面意思 */
    "commandLimit": 8,/*命令限制，能让多少单位跟着你！ */
    "rotateShooting": "true",/*旋转射击，是否旋转射击 */
    "abilities": [/*能力（如力场防御等） */
        {
    "type":"ForceFieldAbility",/*类型:力场能力 */
    "radius": 30,/*半径大小，按8/格算！ */
    "regen": 0.3,/*再生，力场回血的速度，别过高！ */
    "max": 240,/*力场血量上限 */
    "cooldown": 1200,}/*冷却时间，力场打没了之后重新出现的时间 */
    ],/*如果不用可以删除！别告诉我删都不会删！ */
        "weapons":[{
"name":"none",//名称
"x":0,"y":0,
"reload":140,//装弹时间
"ejectEffect":"none",
"shootSound":"explosion",
"mirror":false,//镜像
	"range":400,
	"shoot":{
    "shots":1
	"shotDelay":5,
}
"bullet":{
	"type":"FlakBulletType",
	"speed":0,
	"keepVelocity":false,
	"collidesGround":false,
	"smokeEffect":"none",
	"hitEffect":"none",
	"despawnEffect":"none",
	"makeFire":true
	"spawnUnit": "小型鱼雷"
	}}]
    	"research":"lead"
}