{
	"type": "flying",/*种类 */
	"name": "圆舞曲",/*名称，它叫什么名字！ */
	"description": "修改发射系统",/*描述，简介！ */
	"ammoCapacity": 100,/*弹药容量 */
    "ammoResupplyAmount":5,/*弹药补给倍率 */
    "speed": 0.9,/*速度 */
	"flying": true,/*能否飞行，true为能飞 */
	"turnCursor":false,/*转动光标 */
	"engineOffset": 22,/*发动机偏移 */
	"engineSize": 4,/*发动机大小 */
    "hitSize": 30,/*被击中大小，你的大小 */
    "targetAir":"true",/*目标航空 */
    "health": 1800,/*血量 */
    "armor": 6,/*装甲 */
    "mineSpeed": 0,/*挖矿速度 1=100% */
    "mineTier": 0,/*挖矿等级，你可以挖什么矿 */
    "envDisabled": "2"//星球
    "accel":0.22,//加速度
    "drag":0.0285,//拖拽速度
    "buildSpeed": 0,/*构建速度 1=100%*/
    "rotateSpeed": 6,/*转速，旋转的速度 */
    "itemCapacity": 40,/*容量，字面意思 */
    "commandLimit": 8,/*命令限制，能让多少单位跟着你！ */    
    "trailLength": 32, //拖尾长
   	"trailColor": "CDEDFFFF",//拖尾颜色
    "rotateShooting": "true",/*旋转射击，是否旋转射击 */    
    "abilities": [
    	        {
            "type": "UnitSpawnAbility",
            "unit": "悬浮",
            "spawnX": 0,
            "spawnY": -2,
            "spawnTime": 3800
        }]
    "weapons":[{
"name":"none",//名称
"x":0,"y":0,
"reload":80,//装弹时间
"ejectEffect":"none",
"shootSound":"explosion",
"mirror":false,//镜像
	"range":200,
"bullet":{
"type":"BasicBulletType",//基础子弹
"ammoMultiplier":1,//每个物品能够
"damage":120,//伤害
"speed":5,
"hitSound":"explosion",
"hitEffect":"pulverize",
"rangeOverride":30,
"splashDamage":40,
"splashDamageRadius":24,
"collides":true,
"collidesAir":true,
"hittable":true,
"collidesTiles":true,
"fragBullets":3,//破片弹数
"fragSpread":20,
	"width": 16,/*子弹宽度 */
	"height": 24,/*子弹长度 */
	"lifetime":30,/*子弹血量 */
	"reloadTime": 60,//攻击范围
	"lifetime":40,//存在时间，帧
	"frontColor":"CDEDFFFF",/*子弹颜色 正面颜色*/
	"backColor":"CDEDFFFF",/*背景色 */
	 "trailLength": 32, //拖尾长
   	"trailColor": "CDEDFFFF",//拖尾颜色
"fragBullet":{
"type":"ShrapnelBulletType",//基础子弹
"length":48,//长度
"damage":20,//伤害
}}}]
    	"research":"lead"
}