{
	"type": "mech",/*种类 */
	"name": "城墙",/*名称，它叫什么名字！ */
	"description": "向敌人发射大额量激光 ",/*描述，简介！ */
	"ammoCapacity": 120,/*弹药容量 */
    "ammoResupplyAmount":15,/*弹药补给倍率 */
    "speed": 0.7,/*速度 */
	"flying": false,/*能否飞行，true为能飞 */
    "hitSize": 14,/*被击中大小，你的大小 */
    "targetAir":"true",/*目标航空 */
    "health": 820,/*血量 */
    "armor": 3,/*装甲 */
    "rotateSpeed": 5,/*转速，旋转的速度 */
    "itemCapacity": 40,/*容量，字面意思 */
    "commandLimit": 0,/*命令限制，能让多少
    单位跟着你！ */
    "mechFrontSway":0.1,
    "mechSideSway":0.4,
    "rotateShooting": "true",/*旋转射击，是否旋转射击 */
    	"weapons":[ 
    	{"name":"none",//名称
"x":6.5,"y":0,
"shake":2,
"top":false,
"mirror":true,//镜像
"reload":15,//装弹时间
//"alternate":false,
"recoil":4,
"shootSound":"laser",
"bullet":{
"type":"LaserBulletType",//基础子弹
"damage":70,
"sideAngle":30,
"sideWidth":1,
"sideLength":35,
"length":160,
"colors":[DED486FF,DED486FF,DED486FF],//颜色
"ammoMultiplier":2,//每个物品能够
}}	 	
	,
    ]
	"research":"lead"
}