{
    "type":"legs",
    "name":"钍 墙",
    "description":"太牛逼了 ",
    "details":"爱了爱了 "
    "hitSize":8,
    "outlineColor":"00000000"
    "hovering":true,
    "drawShields":false,
    "allowLegStep":true,
    "groundLayer":71,
    //高度
    "health":400,
    "armor":2,
    "speed":0.8,
    "rotateSpeed":2,
    "buildSpeed":0,
    //建筑速度
    "legCount":4,
    //腿数
    "legLength":4,
    //最大腿长
    "legBaseOffset":2,
    //腿根部偏移
    "legExtension":2,
    //腿部各段长短
    "legMoveSpace":2,
    //腿运动幅度
    "legSplashDamage":1,
    //踩踏范围伤害
    "legSplashRange":2,
    //踩踏范围伤害的范围
    "rippleScale":0.1,
    //踩踏特效范围
    "legLengthScl":4,
    //腿部最大伸缩
    //弹药类型
    "drawBody":true,
    //显示身体
	"drawCell":false,
	//是否显示Cell,
}