{
"type":"legs",
"name":"工程",
"description":"...",
"health":600,//生命
"armor":4,//护甲
"boostMultiplier":1.6,
"rotateSpeed":3,
"speed":0.4,//速度
"drag":0.4,
"hitSize":13,//尺寸
"legCount":4,
"legLength":9,
"legForwardScl":0.6,
"legMoveSpace":1.4,
"hovering":true,
"shadowElevation":0.2,
"envDisabled": "2"//星球
"itemCapacity":20,//背包容量
"ammoType":1000,
"coreUnitDock":true,
"mining":true,//挖矿
"mineWalls":true,//挖墙
"mineFloor":true,//挖地
"mineSpeed":3,//挖矿速度
"mineTier":3,//挖矿等级
"buildSpeed":1,//建筑倍率
"weapons":[
{"name": "建筑器",//建筑
		"type":"BuildWeapon",//建筑
		"outlineColor": "2E2F34FF",//边框颜色
		"x":1,"y":0,//
		"shootY":6,//
		"rotate":true,//转头
		"rotateSpeed":3,//转头速度
		"mirror":false,//镜像
		"layerOffset":-0.001,//
		"buildSpeed":1,//建筑倍率
}
{
"name":"none",//名称
"x":0,"y":0,
"shootY":4,
"shake":0,
"ejectEffect":"none",
"recoil":1,
"top":false,
"reload":8,//装弹时间
"shootSound":"sap",
"bullet":{
"type":"SapBulletType",//基础子弹
"sapStrength":0.25,
"length":40,
"damage":25,
"shootEffect":"shootSmall",
"hitColor":"D1EFFFFF",
"color":"D1EFFFFF",
"despawnEffect":"none",
"width":0.54,
"lifetime":25,
//"knockback":-1.24,
"pierceBuilding":true,//穿透建筑
"laserAbsorb":true,//被塑钢吸收
"pierce":true,//穿透
}}
]}
