{
	"type": "flying",/*种类 */
	"name": "幽谷",/*名称，它叫什么名字！ */
	"description": "辅助为生的单位，拥有大额量护盾 ",/*描述，简介！ */
	"ammoCapacity": 100,/*弹药容量 */
    "ammoResupplyAmount":5,/*弹药补给倍率 */
    "speed": 2,/*速度 */
	"flying": true,/*能否飞行，true为能飞 */
	"turnCursor":false,/*转动光标 */
	"engineOffset": 0,/*发动机偏移 */
	"engineSize": 1,/*发动机大小 */
    "hitSize": 8,/*被击中大小，你的大小 */
    "targetAir":"false",/*目标航空 */
    "health": 420,/*血量 */
    "armor": 1,/*装甲 */
    "mineSpeed": 0,/*挖矿速度 1=100% */
    "mineTier": 0,/*挖矿等级，你可以挖什么矿 */
    "buildSpeed": 0.2,/*构建速度 1=100%*/
    "rotateSpeed": 4,/*转速，旋转的速度 */
    "itemCapacity": 35,/*容量，字面意思 */
    "commandLimit": 8,/*命令限制，能让多少单位跟着你！ */
    "rotateShooting": "true",/*旋转射击，是否旋转射击 */
       	"trailLength": 32, //拖尾长
   	"trailColor": "CB84EEFF",//拖尾颜色
    "abilities": [/*能力（如力场防御等） */
        {
    "type":"ForceFieldAbility",/*类型:力场能力 */
    "radius": 96,/*半径大小，按8/格算！ */
    "regen": 1.2,/*再生，力场回血的速度，别过高！ */
    "max": 1460,/*力场血量上限 */
    "cooldown": 2400,}/*冷却时间，力场打没了之后重新出现的时间 */
    ]
    	"research":"lead"
    ,}
  