{
	"type": "flying",/*种类 */
	"name": "月光",/*名称，它叫什么名字！ */
	"description": "挖矿机器？  ",/*描述，简介！ */
	"ammoCapacity": 100,/*弹药容量 */
    "ammoResupplyAmount":5,/*弹药补给倍率 */
    "speed": 2,/*速度 */
	"flying": true,/*能否飞行，true为能飞 */
	"turnCursor":false,/*转动光标 */
	"engineOffset": 0,/*发动机偏移 */
	"engineSize": 1,/*发动机大小 */
    "hitSize": 8,/*被击中大小，你的大小 */
    "targetAir":"false",/*目标航空 */
    "health": 180,/*血量 */
    "armor": 1,/*装甲 */
    "mineSpeed": 3.5,/*挖矿速度 1=100% */
    "mineTier": 3,/*挖矿等级，你可以挖什么矿 */
    "buildSpeed": 0,/*构建速度 1=100%*/
    "rotateSpeed": 4,/*转速，旋转的速度 */
    "itemCapacity": 40,/*容量，字面意思 */
    "commandLimit": 8,/*命令限制，能让多少单位跟着你！ */
    "rotateShooting": "true",
    /*旋转射击，是否旋转射击 */
   "mineWalls": true,//挖墙
   	"trailLength": 16, //拖尾长
   	"trailColor": "FCF27FFF",//拖尾颜色
    "abilities": [/*能力（如力场防御等） */
        {
    "type":"ForceFieldAbility",/*类型:力场能力 */
    "radius": 30,/*半径大小，按8/格算！ */
    "regen": 0.2,/*再生，力场回血的速度，别过高！ */
    "max": 60,/*力场血量上限 */
    "cooldown": 1200,}/*冷却时间，力场打没了之后重新出现的时间 */
    ],/*如果不用可以删除！别告诉我删都不会删！ */ 	
    	"weapons":[         	{"name":"none",//名称
"x":0,"y":0,
"shake":2,
"top":false,
"mirror":false,//镜像
"reload":120,//装弹时间
//"alternate":false,
"recoil":4,
"shootSound":"laser",
"bullet":{
"type":"LaserBulletType",//基础子弹
"damage":20,
"sideAngle":30,
"sideWidth":1,
"sideLength":35,
"length":40,
"colors":[A4B8FAFF,A4B8FAFF,A4B8FAFF],//颜色
"ammoMultiplier":2,//每个物品能够
}}	 	
	,
    ]
	"research":"lead"
}