{
	"type": "flying",/*种类 */
	"name": "梦境",/*名称，它叫什么名字！ */
	"description": "辅助建造空军单位 ",/*描述，简介！ */
	"ammoCapacity": 100,/*弹药容量 */
    "ammoResupplyAmount":5,/*弹药补给倍率 */
    "speed": 4,/*速度 */
	"flying": true,/*能否飞行，true为能飞 */
	"turnCursor":false,/*转动光标 */
	"engineOffset": 0,/*发动机偏移 */
	"engineSize": 2,/*发动机大小 */
    "hitSize": 8,/*被击中大小，你的大小 */
    "targetAir":"false",/*目标航空 */
    "health": 250,/*血量 */
    "armor": 1,/*装甲 */
    "mineSpeed": 0,/*挖矿速度 1=100% */
    "mineTier": 0,/*挖矿等级，你可以挖什么矿 */
    "buildSpeed": 1,/*构建速度 1=100%*/
    "rotateSpeed": 4,/*转速，旋转的速度 */
    "itemCapacity": 15,/*容量，字面意思 */
    "commandLimit": 8,/*命令限制，能让多少单位跟着你！ */    
    "trailLength": 32, //拖尾长
   	"trailColor": "EDF3A9FF",//拖尾颜色
    "rotateShooting": "true",/*旋转射击，是否旋转射击 */
    "abilities": [/*能力（如力场防御等） */
        {
    "type":"ForceFieldAbility",/*类型:力场能力 */
    "radius": 30,/*半径大小，按8/格算！ */
    "regen": 0.3,/*再生，力场回血的速度，别过高！ */
    "max": 120,/*力场血量上限 */
    "cooldown": 1200,}/*冷却时间，力场打没了之后重新出现的时间 */
    ],/*如果不用可以删除！别告诉我删都不会删！ */
    	"research":"lead"
}