{
    "type": "payload"
    "name": "永辉"
    "controller": "BuilderAI",
    "coreUnitDock": true,
    "isEnemy": true,
    "envDisabled": 0,
    "targetable": true,
    "hittable": true,
    "targetPriority": -2,
    "flying": true,
    "lowAltitude": false,
    "speed": 7.5,
    "accel": 0.08,
    "drag": 0.08,
    "itemCapacity": 500,
    "rotateSpeed": 15,
    "buildSpeed": 5,
     "engineColor":"#DDFFF8FF",
    //引擎颜色
    "payloadCapacity": 256,
    "buildBeamOffset": 8,
    "mineFloor": true,
    "mineWalls": true,
    "mineHardnessScaling": false
    "mineSpeed": 10,
    "mineTier": 10,
    "engineOffset": 7.5,
    "engineSize": 3.4
    "trailLength": 6, 
    "trailColor": "#DDFFF8FF",
   	//拖尾颜色
    "hitSize": 12,
    "health": 1320,
    "armor": 12,
        "abilities": [/*能力（如力场防御等） */
    {"type":"RegenAbility",//自愈
"percentAmount":0.25,
"amount":0.5,
        }
{"type":"ShieldArcAbility",//弧盾
"radius":17,
"regen":0.5,
"max":680,
"cooldown":1200,
"angle":180,
"whenShooting":true,
"width":6,
"drawArc":true,
}
{"type":"ShieldArcAbility",//弧盾
"radius":17,
"regen":0.5,
"max":680,
"cooldown":1200,
"angle":180,
"whenShooting":true,
"width":6,
"drawArc":true,
}
{"type":"ShieldArcAbility",//弧盾
"radius":17,
"regen":0.5,
"max":680,
"cooldown":1200,
"angle":180,
"whenShooting":true,
"width":6,
"drawArc":true,
}
{"type":"ShieldArcAbility",//弧盾
"radius":17,
"regen":0.5,
"max":680,
"cooldown":1200,
"angle":180,
"whenShooting":true,
"width":6,
"drawArc":true,
}
{"type":"ShieldArcAbility",//弧盾
"radius":17,
"regen":0.5,
"max":680,
"cooldown":1200,
"angle":180,
"whenShooting":true,
"width":6,
"drawArc":true,
}
{"type":"ShieldArcAbility",//弧盾
"radius":17,
"regen":0.5,
"max":680,
"cooldown":1200,
"angle":180,
"whenShooting":true,
"width":6,
"drawArc":true,
}
{"type":"ShieldArcAbility",//弧盾
"radius":17,
"regen":0.5,
"max":680,
"cooldown":1200,
"angle":180,
"whenShooting":true,
"width":6,
"drawArc":true,
}
{"type":"ShieldArcAbility",//弧盾
"radius":17,
"regen":0.5,
"max":680,
"cooldown":1200,
"angle":180,
"whenShooting":true,
"width":6,
"drawArc":true,
}
{"type":"ShieldArcAbility",//弧盾
"radius":17,
"regen":0.5,
"max":680,
"cooldown":1200,
"angle":180,
"whenShooting":true,
"width":6,
"drawArc":true,
}
{"type":"ShieldArcAbility",//弧盾
"radius":17,
"regen":0.5,
"max":680,
"cooldown":1200,
"angle":180,
"whenShooting":true,
"width":6,
"drawArc":true,
}
    ],
    
    "engines": [
        {
            "x": 6.75,
            "y": -3.25,
            "radius": 2.7,
            "rotation": 315
        },
        {
            "x": -6.75,
            "y": -3.25,
            "radius": 2.7,
            "rotation": -120
        },
    ],
    "ammoType":{
        "type":"PowerAmmoType",
    },
    "weapons":[
        {
            "type":"RepairBeamWeapon",
            "y":0,
            "x":6,
            "shootY":0,
            "reload":5,
            "recoil":0,
            "beamWidth":0.7,
            "repairSpeed":3.5,
            "fractionRepairSpeed":0.05,
            "shootCone":15,
            "targetUnits":false,
            "targetBuildings":true,
            "autoTarget":false,
            "controllable":true,
            "shake":0,
            "rotate":false,
            "mirror":true,
            "laserColor":"DDFFF8FF"
            "healColor":"#DDFFF8FF",
            "bullet": {
                "maxRange":120,
                }
            },
        ]
        "engineColor":"#DDFFF8FF",
    //引擎颜色
}