{
	"type": "tank",
	"name": "猎豹",
	"description": "搭载双门机枪，以及高容量弹鼓",
	"details":"。", 
	"squareShape":true,
    "omniMovement":false,
    "rotateMoveFirst":true,
    "rotateSpeed":3,
    "speed": 2.8,
    "hitSize": 9.5,
    "ammoCapacity": 300,
    "health": 350,
    "armor": 3,
    "drag": 0.08,  "accel":0.05,
    "itemCapacity": 5,
    "treadPullOffset":3,
    "treadRects": [
	{"x": 4,
	"y": 2.75,
	"width": 2,
	"height": 4.5
	},
	{"x": 4,
	"y": -4.5,
	"width": 2,
	"height": 4.5
	}
	],
    "faceTarget": false,
	"research": "nova",	
	"abilities": [
{ "type": "StatusFieldAbility",
    "duration": 250,
    "reload": 300,
    "range": 30,
    "applyEffect":"none",
    "activeEffect":{"type": "WaveEffect",
    "lifetime": 10,
    "sizeFrom":8,
    "sizeTo": 40,
    "strokeFrom": 2,
    "strokeTo": 0,
    "colorFrom": "ffffff",
    "colorTo": "ffffff"},
    "effect":"overclock"  }	  ],
	"weapons":[
	{	"name": "none",	
		"reload": 180, 
		"recoil":0,
        "x":2,  "y": 0, 
        "rotate": true,
        "rotateSpeed":15,
        "mirror":true,
        "inaccuracy": 0.5,
	"ejectEffect":"casing1",
	"shootSound": "shoot",
		"alternate": true,
			 "shoot":{
            "shots":24,
            "shotDelay":3
		"bullet":{
	    "damage":8,
	    "speed":12,
		"buildingDamageMultiplier":0.6,
	    "lifetime":22,
	    "width":2,	 "height":15
        },
	}
	}
	]
}
