{
	"type": "flying",/*种类 */
	"name": "突击",/*名称，它叫什么名字！ */
	"description": "专门攻击的核心机",/*描述，简介！ */
	"ammoCapacity": 100,/*弹药容量 */
    "ammoResupplyAmount":5,/*弹药补给倍率 */
    "speed": 2.4,/*速度 */
    "accel":0.16,//加速度
"drag":0.04,//
	"flying": true,/*能否飞行，true为能飞 */
	"turnCursor":false,/*转动光标 */
	"engineOffset": 0,/*发动机偏移 */
	"engineSize": 2,/*发动机大小 */
    "hitSize": 12,/*被击中大小，你的大小 */
    "targetAir":"false",/*目标航空 */
    "health": 280,/*血量 */
    "armor": 1,/*装甲 */
    "mineSpeed": 0,/*挖矿速度 1=100% */
    "mineTier": 0,/*挖矿等级，你可以挖什么矿 */
    "buildSpeed": 0.75,/*构建速度 1=100%*/
    "rotateSpeed": 6,/*转速，旋转的速度 */
    "itemCapacity": 40,/*容量，字面意思 */
    "commandLimit": 8,/*命令限制，能让多少单位跟着你！ */
    "rotateShooting": "true",/*旋转射击，是否旋转射击 */
   	"trailLength": 32, //拖尾长
   	"trailColor": "FFD37FFF",//拖尾颜色	
    	"weapons":[         	{"name":"none",//名称
"x":0,"y":0,
"shake":2,
"top":false,
"mirror":true,//镜像
"reload":40,//装弹时间
//"alternate":false,
"recoil":4,
"shootSound":"laser",
"bullet":{
"type":"LaserBulletType",//基础子弹
"damage":24,
"sideAngle":30,
"sideWidth":1,
"sideLength":35,
"length":130,
"colors":[FFD37FFF,FFD37FFF,FFFFFFFF],//颜色
"ammoMultiplier":2,//每个物品能够
}}	 	
	,
    ]
	"research":"lead"
}