{
"name":"T100悬浮坦克",
"description":"银河联邦悬浮坦克，拥有强大的防御能力，其特化离子炮能够击穿敌人建筑并造成范围伤害
优先攻击:核心
伤害抗性:20
护盾强度:8000
护盾恢复:405/秒
护盾重启:25秒",
"flying":false,
"speed":1.5
"hitSize":20
"health": 15000,
"armor":20
"mechStepParticles":false
"mechStepShake":0
"canDrown":false
"mechFrontSway":0
"mechSideSway":0
"faceTarget":false
"itemCapacity":200
"commandLimit":8
"ammoCapacity":500,
"ammoResupplyAmount":50,
"research":{
   "parent":"兵工厂",
   "requirements":[
	 {"item":"科研3","amount":5000}
]}
"weapons":[{
  "name":"攻城离子炮"
  "x":0
  "y":0
  "top": true
  "rotate":true
  "rotateSpeed":4
 	"shootEffect": "none",
 	"smokeEffect": "lightningShoot",
 	"width":0
 	"shootSound" : "laser",
  "reload": 40,
  "shots": 1,
  "inaccuracy":0
  "alternate":true,
  "mirror":false
  "ignoreRotation": false,
  "bullet":{
               "shootEffect": "none",
              	"smokeEffect": "lightningShoot",
              	"hitEffect":"shockwave"
	            		"despawnEffect":"shockwave"
	            		"sprite":"繁星-矛子弹",
	            		"pierce":true
	            		"pierceBuilding":true
	            		"pierceCap":5
               "speed": 10,
               "lifetime": 32,
               "damage":80
               "splashDamage":120
               "knockback":10
		             "splashDamageRadius":32,
               "backColor":"1e90ff",
               "frontColor":"abdbff",
               "width": 16,
               "height": 16,
               "shrinkY":0
}
}
{
  "name":"电击线圈"
  "x":10
  "y":7
  "top":true
  "rotate":true
  "shootSound":"spark",
  "reload": 10
  "shots": 1,
  "inaccuracy":0
  "alternate":false
  "ignoreRotation": true
  "bullet":{
"type":"LightningBulletType"
"lightningLength":25
"damage":35
"collidesAir": true
}
}
]
}