{
	"name": "拾荒者级",
	"description": "银河联邦后勤舰，一种采矿用舰船，能够迅速采集矿物并撤离
优先攻击:任何
伤害抗性:10
护盾强度:3000
护盾恢复:150/秒
护盾重启:25秒
舰船类型:采矿舰
舰船规格:护卫舰"
	"speed": 2.24
	"flying": true,
	"lowAltitude":true
	"hitSize":20
	"health": 5000,
	"armor":10
	"range":96
	"isCounted":true
	"mineSpeed":6.5
	"mineTier":3
	"mineItems":[
		"金属",
		"硅矿石",
	],
	"itemCapacity":200
	"engineOffset":14
	"engineSize":4
	"commandLimit":8
"ammoCapacity":500,
"ammoResupplyAmount":50,
"research":{
"parent":"护卫舰船坞",
"requirements":[
{"item":"科研3","amount":5000}
]}
	"weapons":[
	{
	 "name":"采矿激光"
	 "x":0
  "y":7
	 "top": false
  "rotate":false
	"shootSound" : "laser",
	"shootEffect": "none",
 "smokeEffect": "none",
 	"width":0
  "reload": 60
  "shots": 1,
  "range":60
  "inaccuracy":0
  "mirror":false
  "ignoreRotation": false,
	"bullet":{
	"type":"LaserBulletType"
 "hitEffect":"hitLancer"
 "despawnEffect":"none"
 "length":180
 "width":15
 "hitSize":4
 "lifetime":12
 "drawSize":400
	"damage":100
	}
}
]
}
