{
"name":"创世纪级",
"description":"创世纪级战斗护卫舰，它是联邦护卫舰中装甲最厚的一个，同时它也有着不凡的火力，其散射导弹能够轻易摧毁小型目标
优先攻击:任何
伤害抗性:20
护盾强度:8000
护盾恢复:405/秒
护盾重启:25秒
AI类型:线列
舰船类型:战斗舰
舰船规格:护卫舰",
"flying":true,
"lowAltitude":true
"speed":2.24
"hitSize":20
"health": 15000,
"armor":20
"engineOffset":15.5
"engineSize":3.6
"shootSound":"missile",
"range":240
"mineSpeed":3
"mineTier":2
"itemCapacity":150
"buildSpeed":1.5
"commandLimit":8
"ammoCapacity":500,
"ammoResupplyAmount":50,
	  "research":{
   "parent":"护卫舰船坞",
   "requirements":[
	 {"item":"科研3","amount":5000}
]}
"weapons":[
{
  "name":"散射导弹"
  "x":9
  "y":1
  "top": false
  "rotate":false
  "shootSound":"missile",
  "reload": 30,
  "shots": 3
  "inaccuracy":0
  "spacing":17.5
  "alternate":true
  "mirror": true
  "ignoreRotation":false
  "bullet":{
               "speed": 3,
               "shootEffect":none
               "type":"MissileBulletType"
               "trailColor":FF8247
               "hitEffect":"explosion"
              	"sprite":"繁星-导弹a",
	            		"knockback":10
	            		"homingPower":114514,
	            		"homingRange":128
		            	"shrinkY":0
               "status":"burning"
               "lifetime": 95
               "damage":75
               "splashDamageRadius": 32,
			            "splashDamage":125,
               "width": 10,
               "height": 18,
}
}
]
}