{
"name":"启示级",
"description":"启示级战斗巡洋舰
优先攻击:任何
伤害抗性:38
护盾强度:30000
护盾恢复:1500/秒
护盾重启:25秒
AI类型:线列
舰船类型:战斗舰
舰船规格:巡洋舰",
"flying":true,
"lowAltitude":true
"speed":1.75
"hitSize":35
"health": 60000,
"armor":38
"rotateSpeed":5
"engineOffset":27
"engineSize":6.5
"range":300
"mineSpeed":7.5
"mineTier":3
"itemCapacity":600
"buildSpeed":3
"commandLimit":8
"ammoCapacity":500,
"ammoResupplyAmount":50,
	  "research":{
   "parent":"巡洋舰船坞",
   "requirements":[
	 {"item":"科研3","amount":120000}
	 {"item":"科研31","amount":80000}
]}
"weapons":[{
  "name":"导弹炮塔"
  "x":0
  "y":-15
  "top": false
  "rotate":true
  "rotateSpeed":6
  "reload":80
  "shootSound":"missile",
  "shots": 8
  "inaccuracy":8
  "occlusion":20
  "shootY":2
  "recoil":4
  "spacing":10
  "shake":3
  "velocityRnd":0.4
  "xRand":8
  "shotDelay":3
  "mirror":false
  "alternate":true,
  "ignoreRotation": false
  "spacing":0
  "bullet":{
               "speed": 4
               "type":"MissileBulletType"
               "hitEffect":"explosion"
               "status":"burning"
               "lifetime": 83
               "damage":80
               "splashDamageRadius": 32,
			            "splashDamage":80
			            "knockback":12.5
			            "homingPower":1
			            "homingRange":128
               "width": 10
               "shrinkY":0
               "height": 15
}
}
{  
  "name":"导弹炮塔"
  "x":0
  "y":2
  "top": false
  "rotate":true
  "rotateSpeed":4
  "reload":80
  "shootSound":"missile",
  "shots": 8
  "inaccuracy":8
  "occlusion":20
  "shootY":2
  "recoil":4
  "spacing":10
  "shake":3
  "velocityRnd":0.4
  "xRand":8
  "shotDelay":3
  "mirror":false
  "alternate":true,
  "ignoreRotation": false
  "spacing":0
  "bullet":{
               "speed": 4
               "type":"MissileBulletType"
               "hitEffect":"explosion"
               "status":"burning"
               "lifetime": 83
               "damage":80
               "splashDamageRadius": 32,
			            "splashDamage":80
			            "knockback":12.5
			            "homingPower":1
			            "homingRange":128
               "width": 10
               "shrinkY":0
               "height": 15
}
}
{
  "name":"垂直发射系统"
  "x":12
  "y":-4
  "top": false
  "rotate":true
  "rotateSpeed":114514
  "reload":120
  "shootSound":"missile",
  "shots":6
  "inaccuracy":4
  "occlusion":15
  "shootY":-1
  "velocityRnd":0
  "xRand":4
  "shotDelay":3
  "mirror":true
  "alternate":false
  "ignoreRotation": false
  "spacing":0
  "bullet":{
               "speed": 6
               "type":"MissileBulletType"
               "sprite":"繁星-导弹a",
               "hitEffect":"explosion"
               "status":"burning"
               "lifetime": 55
               "damage":100
               "splashDamageRadius": 36,
			            "splashDamage":175
			            "knockback":20
			            "homingPower":1
			            "homingRange":200
               "width": 10
               "shrinkY":0
               "height": 18
}
}
{
	 "name":"粒子光矛"
	 "x":0
  "y":24
	 "top": false
  "rotate":false
	"shootEffect": "none",
 "smokeEffect": "none",
 	"width":0
  "reload": 60
  "shots": 1,
  "inaccuracy":0
  "shootSound":"光矛",
  "mirror":false
  "ignoreRotation": false,
	"bullet":{
	"type":"LaserBulletType"
 "hitEffect":"hitLancer"
 "despawnEffect":"none"
 "length":340
	"shootSound":"光矛",
 "width":40
 "hitSize":5
 "lifetime":20
 "drawSize":400
	"damage":500
	}
}
]
}