{
"name":"奔袭者",
"description":"MG1600“奔袭者”机甲，有着高机动性的同时也有着足以无视弱火力的装甲，装备的霞弹炮让其在近程作战中有着相当大的优势
优先攻击:核心
伤害抗性:8",
"details":" Super冲脸人，纳米墙都给你干碎"
"flying":false,
"speed":2
"hitSize":12
"health": 4800,
"armor":8
"itemCapacity":80
"mechFrontSway":0.55
"commandLimit":6
"ammoCapacity":500,
"ammoResupplyAmount":50,
"research":{
   "parent":"劫掠者",
   "requirements":[
	 {"item":"科研3","amount":3500}
]}
"weapons":[{
  "name":"铅雨"
  "x":9
  "y":1
  "shootY":2
  "top": false
  "rotate":false
  "width":8
  "shootSound":"shootBig",
  "ejectEffect":"casing2",
  "reload": 24
  "shots": 15
  "range":80
  "spacing":7
  "alternate":true,
  "ignoreRotation": false,
  "bullet":{
               "speed": 6
               "shootSound":"shootBig",
               "lifetime": 15
               "damage":22
               "width": 7,
               "beight": 10,
               "shrinkY":0
               "knockback":2.5
}
}
]
}