{
"name":"开拓者级",
"description":"开拓者级多功能后勤舰，集建造，采矿，维修，运输于一体的多功能舰船
伤害抗性:15
护盾强度:6000
护盾恢复:300/秒
护盾重启:25秒
修复场修复量:300
修复场范围:12.5格
修复场冷却:3秒
舰船类型:后勤舰
舰船规格:护卫舰",
"flying":true,
"lowAltitude":true
"speed":2.5
"hitSize":20
"armor":15
"health":9800,
"engineOffset":12
"engineSize":3.5
"engineColor":"66CD00"
"shootSound":"pew",
"mineTier":4
"mineSpeed":10
"itemCapacity":500
"buildSpeed":5
"canHeal": true,
"ammoCapacity":500,
"ammoResupplyAmount":50,
"alwaysUnlocked":true,
"weapons":[{
  "name":"维修机枪B61"
  "x":0
  "y":13
  "top": false
  "rotate":false
  "mirror":false
  "shootSound":"lasershoot",
  "width":10
  "shots": 20
  "reload":180
   "shootEffect": "shootHeal",
			"smokeEffect": "hitLaser",
			"ejectEffect":"none"
  "range":240
  "inaccuracy":10
  "spacing":0
  "shotDelay":2
  "alternate":false,
  "ignoreRotation": false,
  "bullet":{
               "type":"LaserBoltBulletType"
               "speed": 8,
               "lifetime": 35
               "damage":30
               "collidesTeam":true
               "backColor":"9CFFA3"
               "frontColor":"C4FFC8"
               "healPercent":2
               "shrinkY":0
               "width": 3,
               "height": 6
               "knockback":1
}
}
{
  "name":"维修能量球A14"
  "x":8
  "y":-1
  "top": false
  "rotate":false
  "shootSound":"lasershoot",
  "width":10
  "shots": 1,
  "reload":15
   "shootEffect": "shootHeal",
			"smokeEffect": "hitLaser",
			"ejectEffect":"none"
  "range":240
  "inaccuracy":0
  "alternate":false,
  "ignoreRotation": false,
  "bullet":{
               "speed": 6
               "type":"MissileBulletType"
               "lifetime": 50
               "damage":70
               "shootEffect": "shootHeal",
            			"smokeEffect": "hitLaser",
            			"hitEffect":"hitLaser"
               "collidesTeam":true
               "backColor":"9CFFA3"
               "frontColor":"C4FFC8"
               "trailColor":"C4FFC8"
               "healPercent":6
               "shrinkY":0
               "homingPower":1
			            "homingRange":100
			            "knockback":3
			            "sprite":"繁星-鱼雷",
               "width": 8
               "height": 8
}
}
]
}