{
"name":"泰龙级",
"description":"泰龙级突击驱逐舰，更大的舰体带来的是不可避免的速度下降和更厚的装甲，装备的四座脉冲射线炮能在短时间内造成大量伤害
优先攻击:任何
伤害抗性:25
护盾强度:12000
护盾恢复:600/秒
护盾重启:25秒
AI类型:线列
舰船类型:突击舰
舰船规格:驱逐舰",
"flying":true,
"lowAltitude":true
"speed":2.24
"hitSize":25
"health": 22000,
"faceTarget":false
"armor":25
"engineOffset":20
"engineSize":4.5
"engineColor":"43CD80"
"range":216
"mineSpeed":5
"mineTier":3
"itemCapacity":300
"buildSpeed":2.5
"commandLimit":8
"ammoCapacity":500,
"ammoResupplyAmount":50,
	  "research":{
   "parent":"驱逐舰船坞",
   "requirements":[
	 {"item":"科研3","amount":20000}
]}
}