{
"name":"混沌者",
"description":"AT44“混沌者”机甲，携带两门大型破片炮和四座小型机枪，作战能力强大
伤害抗性:15
护盾强度:6000
护盾恢复:300/秒
护盾重启:25秒
优先攻击:核心",
"flying":false,
"speed":1.2
"hitSize":20
"health": 10000,
"armor":15
"itemCapacity":120
"rotateSpeed":2.1
"mechFrontSway":1
"mechStepParticles":true
"mechStepShake":0.15
"canDrown":false
"commandLimit":8
"ammoCapacity":500,
"ammoResupplyAmount":50,
"research":{
   "parent":"兵工厂",
   "requirements":[
	 {"item":"科研3","amount":5000}
]}
"weapons":[
{
"name":"破片大炮"
"top": false
"rotate":false
"x":16
"y":1
"reload": 15
"shootY":8
"recoil":5
"shake":2
"shootSound":"bang"
"ejectEffect":"casing3"
"bullet":{
               "speed": 8
               "lifetime": 38
               "damage":80
               "splashDamage":100
               "splashDamageRadius": 32
               "hitEffect":"explosion"
               "width": 16
               "shrinkY":0
               "height": 16
               "knockback":15
               "fragBullets":5
               "fragBullet":{
   "speed": 6,
			"damage": 20,
			"knockback":5
			"width": 7
			"height": 7
			"keepVelocity":true,
			"lifetime": 9
			"sprite":"繁星-破片",
			"shrinkY":0
}
}
}
{
  "name":"B1机枪塔"
  "x":8.5
  "y":6
  "top": true
  "rotate":true
  "reload": 8
  "shootSound":"机枪",
  "shots": 1,
  "inaccuracy":0
  "alternate":true,
  "ignoreRotation": true,
  "bullet":{
               "speed": 6
               "lifetime": 35
               "damage":20
               "width": 7
               "shrinkY":0
               "height": 7
}
}
{
  "name":"B1机枪塔"
  "x":8.5
  "y":-7
  "top": true
  "rotate":true
  "reload": 10
  "shootSound":"机枪",
  "shots": 1,
  "inaccuracy":0
  "alternate":true,
  "ignoreRotation": true,
  "bullet":{
               "speed": 6
               "lifetime": 35
               "damage":20
               "width": 7
               "shrinkY":0
               "height": 7
}
}
]
}