{
"name":"调停者级"
"description":"银河联邦后勤舰，会自主寻找并修理需要修理的建筑。
优先攻击:任何
伤害抗性:8
护盾强度:1500
护盾恢复:75/秒
护盾重启:25秒
舰船类型:后勤舰
舰船规格:轻型护卫舰"
	"speed": 2.4
	"flying": true,
	"lowAltitude":true
	"health": 3000,
	"armor":8
	"range": 80
	"hitSize":15
	"rotateSpeed": 1
 "maxVelocity":2.5
	"engineOffset": 10
	"engineSize":3.5
 "canHeal": true,
 "itemCapacity":80
 "commandLimit":6
"ammoCapacity":500,
"ammoResupplyAmount":50,
"research":{
"parent":"后勤舰船坞",
"requirements":[
{"item":"科研3","amount":5000}
]}
"weapons":[
{
  "name":"维修射线A43型"
  "top": false
  "rotate":false
  "shootSound":"lasershoot",
  "width":0
  "shots":1
  "reload":10
   "shootEffect": "shootHeal",
			"smokeEffect": "hitLaser",
			"ejectEffect":"none"
  "range":320
  "inaccuracy":0
  "mirror":false
  "ignoreRotation": false,
  "spacing":0
  "bullet":{
               "type":"LaserBoltBulletType"
               "speed": 8,
               "lifetime": 30,
               "damage":40
               "healPercent":5
               "collidesTeam":true
               "backColor":"9CFFA3"
               "frontColor":"C4FFC8"
               "shrinkY":0
               "width": 12,
               "height": 20,
}
}
]
}