{
"name":"远征级",
"description":"远征级战斗驱逐舰，搭载了一座速射导弹炮塔和两个导弹发射器，其舰首的小型光矛能够洞穿任何没有镜面装甲的防线
优先攻击:任何
伤害抗性:30
护盾强度:15000
护盾恢复:750/秒
护盾重启:25秒
AI类型:线列
舰船类型:战斗舰
舰船规格:驱逐舰",
"flying":true,
"lowAltitude":true
"speed":2
"hitSize":25
"health": 27000,
"armor":30
"rotateSpeed":6.6
"engineOffset":18
"engineSize":4.5
"range":280
"mineSpeed":5
"mineTier":3
"itemCapacity":300
"buildSpeed":2.5
"commandLimit":8
"ammoCapacity":500,
"ammoResupplyAmount":50,
	  "research":{
   "parent":"驱逐舰船坞",
   "requirements":[
	 {"item":"科研3","amount":20000}
]}
"weapons":[{
  "name":"导弹炮塔"
  "x":0
  "y":-5
  "top": false
  "rotate":true
  "rotateSpeed":4
  "reload":7.5
  "shootSound":"missile",
  "shots": 1
  "inaccuracy":5
  "occlusion":20
  "shootY":2
  "shake":3
  "velocityRnd":0.4
  "xRand":8
  "mirror":false
  "alternate":true,
  "ignoreRotation": false
  "bullet":{
               "speed": 3
               "type":"MissileBulletType"
               "hitEffect":"explosion"
               "status":"burning"
               "sprite":"繁星-导弹a",
               "lifetime": 110
               "damage":80
               "splashDamageRadius": 32,
			            "splashDamage":140
			            "knockback":12
			            "homingPower":1
			            "homingRange":128
               "width": 10
               "shrinkY":0
               "height": 12
}
}
{
  "name":"导弹发射器"
  "x":7
  "y":8
  "top": true
  "rotate":false
  "reload": 10
  "shootSound":"missile",
  "shots": 1
  "inaccuracy":3
  "alternate":false,
  "ignoreRotation": false,
  "bullet":{
               "speed": 4
               "type":"MissileBulletType"
               "hitEffect":"explosion"
               "status":"burning"
               "weaveScale":8
               "weaveMag":2
               "lifetime": 70
               "damage":65
               "splashDamageRadius": 28,
			            "splashDamage":80
			            "knockback":5
			            "homingPower":0.2
			            "homingRange":80
               "width": 6
               "shrinkY":0
               "height": 8
}
}
{
	 "name":"小型粒子光矛"
	 "x":0
  "y":13
	 "top": false
  "rotate":false
	"shootEffect": "none",
 "smokeEffect": "none",
 	"width":0
  "reload": 60
  "shots": 1,
  "inaccuracy":0
  "shootSound":"光矛",
  "mirror":false
  "ignoreRotation": false,
	"bullet":{
	"type":"LaserBulletType"
 "hitEffect":"hitLancer"
 "despawnEffect":"none"
 "length":300
	"shootSound":"光矛",
 "width":24
 "hitSize":4
 "lifetime":12
 "drawSize":400
	"damage":250
	}
}
]
}