{
"name":"长弓级II型",
"description":"长弓级长程打击护卫舰MkII，其防御能力相较前代有所提升，且加装了两座近防脉冲射线炮，优化的火控系统则增加了其主炮的开火速率
优先攻击:炮塔
伤害抗性:11
护盾强度:6000
护盾恢复:300/秒
护盾重启:25秒
AI类型:狙击
舰船类型:打击舰
舰船规格:护卫舰",
"flying":true,
"lowAltitude":true
"speed":1.98
"hitSize":20
"health": 9800,
"armor":11
"engineOffset":13.5
"engineSize":3.6
"weaponOffsetY":100
"range":400
"mineSpeed":3.5
"mineTier":2
"itemCapacity":250
"buildSpeed":1.75
"commandLimit":8
"ammoCapacity":500,
"ammoResupplyAmount":50,
"attackLength":400
	  "research":{
   "parent":"护卫舰改装船坞I",
   "requirements":[
	 {"item":"科研3","amount":12000}
]}
}