{
"name":"雷霆I型",
"description":"银河联邦无人机，相比传统战斗机更小、更快但也更脆弱，常被用作骚扰、吸引火力和对抗敌方无人机
优先攻击:任何
舰船类型:战斗机
舰船规格:无人机",
"details":"带我一个吧，我跑的可快了"
"flying":true,
"lowAltitude":true
"hovering":false
"circleTarget":true
"speed":5.22
"range":320
"hitSize":5
"health": 40,
"engineOffset":-1
"engineSize":1
"itemCapacity":5
"commandLimit":10
"ammoCapacity":500,
"ammoResupplyAmount":50,
	  "research":{
   "parent":"机库",
   "requirements":[
	 {"item":"科研3","amount":500}
]}
"weapons":[{
  "name":"机枪"
  "x":0
  "y":0
  "top": false
  "rotate":false
  "reload": 10,
  "shootSound":"机枪",
  "ejectEffect":"casing1"
  "shots": 1,
  "inaccuracy":0
  "mirror":false
  "alternate":true,
  "ignoreRotation": false,
  "bullet":{
               "speed": 6
               "lifetime": 24,
               "damage":12
               "width": 6
               "shrinkY":0
               "height": 6
}
}
]
}