{
"name":"鹞级",
"description":"鹞级突击护卫舰，它的轻质合金装甲能让其在保持敏捷的同时又不失防御能力，其特化脉冲射线炮能轻易摧毁较弱小的敌人
优先攻击:任何
伤害抗性:16
护盾强度:7200
护盾恢复:360/秒
护盾重启:25秒
AI类型:线列
舰船类型:突击舰
舰船规格:护卫舰",
"flying":true,
"lowAltitude":true
"speed":2.5
"hitSize":20
"health": 13800,
"faceTarget":false
"armor":16
"engineOffset":14
"engineSize":3.5
"engineColor":"43CD80"
"shootSound":"pew",
"range":216
"mineSpeed":3
"mineTier":2
"itemCapacity":150
"buildSpeed":1.5
"commandLimit":8
"ammoCapacity":500,
"ammoResupplyAmount":50,
	  "research":{
   "parent":"护卫舰船坞",
   "requirements":[
	 {"item":"科研3","amount":5000}
]}
}