{
    "name":"三叉戟",
    "description":"根据弹药向地面敌人发射各种类型的弹道导弹。"
    "squareSprite": false,
	"type": "ItemTurret",
	"health":3200,
	"size":3,
	"armor":3
	"range":1600,
	"reload":600,
	"cooldownTime":300,
	"outlineColor":"212121",
	//轮廓颜色
	"ammoPerShot":40,
	//每发消耗多少弹药
	"unitSort":"strongest",
	//优先瞄准单位:最强的
	//"targetAir":false,
	//对空
	"shake":3,
	"shootCone":0.02,
	"minWarmup":0.99,
	"shootWarmupSpeed": 0.08,
	"rotateSpeed": 2,
	"liquidCapacity":120,
	"maxAmmo":80,
	//弹容量
	"shootSound": "三叉戟导弹发射",
	"consumes": {
		"power":15,
		"coolant": {
			"amount": 1,
			"optional": true
		}
	},
	"coolantMultiplier":0.5,
	"ammoTypes": {
	    "silicon": {
			"spawnUnit": "三叉戟导弹-硅",
			"speed": 7,
			"shootEffect": {
				"type": "MultiEffect",
				"effects": [
					{
						"type": "RadialEffect",
						"effect": "shootSmokeMissile",
						"amount": 1
					},
					{
						"type": "ParticleEffect",
						"particles": 45,
						"lifetime": 180,
						"sizeFrom": 4,
						"sizeTo": 0,
						"length": 120,
						"cone": 10,
						"interp": "pow10In",
						"sizeInterp": "pow5Out",
						"colorFrom": "FEB380AA",
						"colorTo": "FEB38000"
					}
				]
			}
		}
		"锬": {
			"spawnUnit": "三叉戟导弹-锬",
			"speed": 7,
			"shootEffect": {
				"type": "MultiEffect",
				"effects": [
					{
						"type": "RadialEffect",
						"effect": "shootSmokeMissile",
						"amount": 1
					},
					{
						"type": "ParticleEffect",
						"particles": 45,
						"lifetime": 180,
						"sizeFrom": 4,
						"sizeTo": 0,
						"length": 120,
						"cone": 10,
						"interp": "pow10In",
						"sizeInterp": "pow5Out",
						"colorFrom": "FEB380AA",
						"colorTo": "FEB38000"
					}
				]
			}
		}
		"铫": {
			"spawnUnit": "三叉戟导弹-铫",
			"speed": 7,
			"shootEffect": {
				"type": "MultiEffect",
				"effects": [
					{
						"type": "RadialEffect",
						"effect": "shootSmokeMissile",
						"amount": 1
					},
					{
						"type": "ParticleEffect",
						"particles": 45,
						"lifetime": 180,
						"sizeFrom": 4,
						"sizeTo": 0,
						"length": 120,
						"cone": 10,
						"interp": "pow10In",
						"sizeInterp": "pow5Out",
						"colorFrom": "FEB380AA",
						"colorTo": "FEB38000"
					}
				]
			}
		}
		"反物质": {
			"spawnUnit": "三叉戟导弹-反物质",
			"speed": 7,
			"shootEffect": {
				"type": "MultiEffect",
				"effects": [
					{
						"type": "RadialEffect",
						"effect": "shootSmokeMissile",
						"amount": 1
					},
					{
						"type": "ParticleEffect",
						"particles": 45,
						"lifetime": 180,
						"sizeFrom": 4,
						"sizeTo": 0,
						"length": 120,
						"cone": 10,
						"interp": "pow10In",
						"sizeInterp": "pow5Out",
						"colorFrom": "FEB380AA",
						"colorTo": "FEB38000"
					}
				]
			}
		}
	},
	"requirements": [
		"锺/350",
		"斥焰合金/200",
		"silicon/300",
		"graphite/500"
	],
	"drawer": {
		"type": "DrawTurret",
		"parts": [
			{
				"type": "RegionPart",
				"suffix": "-missile",
				"progress": "reload",
				"outline": false,
				"under": true,
				"moveY": -2,
				"color": "FFFFFF",
				"colorTo": "FFFFFF00",
				"mixColor": "FFFFFF00",
				"mixColorTo": "FFFFFF"
			},
			{
				"type": "RegionPart",
				"suffix": "-shot",
				"under": true,
				"mirror": true,
				"moveX": 2.25,
				"moveY": -1.75
			},
			{
				"type": "RegionPart",
				"suffix": "-glow",
				"heatProgress": "warmup",
				"drawRegion": false,
				"heatColor": "F03B0E"
			}
		]
	},
	"category": "turret",
	"research": {
		"parent": "飞戟",
        "requirements":[
            "锺/14000",
            "silicon/12000"
            "graphite/20000",
            "斥焰合金/8000"
            ]
		},
}