{
	"type": "ItemTurret",
	//炮塔类型
	"name": "剑戟",
	"squareSprite": false,
	"description": "交替向敌人发射子弹。",
	"health":2000,
	"armor":2,
	"size": 2,
	"reload":8,
	//射速
	"outlineColor":"212121",
	//轮廓颜色
	"shootSound":"shootBig",
	"shoot":{
		"type":"ShootAlternate",
		//"alternate":true,
		"barrels":2,
		//炮口数量
		"spread":5,
		//炮口间距设定
		"shots":1,
		//每次射出子弹数
		},
		"consumes":{
		"coolant": {
            //冷却剂
            "amount": 0.2,
            "optional": true
        },
	},
	"liquidCapacity":24,
	"coolantMultiplier":2.5,
	//液体加速百分比
    "coolEffect":"none",
    //液体加速特效
	"ammoPerShot":1,
	"shake":1,
	//屏幕晃动
	"range": 220,
	//范围（8:1)
	"inaccuracy": 5,
	//子弹偏移度
	"recoil":2,
	//后坐力
	"rotateSpeed":6,
	//炮台转动速度
	"maxAmmo":30,
	//装弹容量
	"ammoUseEffect":"casing1",
	"buildCostMultiplier":1,
	//建造时间倍速
	"ammoTypes": {
		"graphite": {
		    //石墨子弹
			"speed": 6,
			//速度
			"damage":40,
			"pierce":false,
			//是否穿透
			"inaccuracy":-4,
			//额外偏移度
			"pierceBuilding":false,
			//是否穿透建筑
			//"pierceCap":3,
			"reloadMultiplier":1.4,
			//射速增加
			"ammoMultiplier":2,
			//"knockback":0.7,
			//击退
			"width":10
			//宽
			"height":12
			//高
			"smokeEffect": "shootSmallSmoke",
			"lifetime": 40
			//存在时间
		},
		"thorium": {
			"speed":6.2,
			//速度
			"damage":58,
			"pierce":true,
			//是否穿透
			"pierceBuilding":true,
			//穿透建筑
			"pierceDamageFactor":0.5,
			//穿透建筑倍率
			"inaccuracy":-2,
			//额外偏移度
			"rangeChange":40,
			//射程改变
			"pierceCap":2,
			"reloadMultiplier":1,
			//射速增加
			"ammoMultiplier":2,
			"knockback":0.2,
			//击退
			"width":10
			//宽
			"height":12
			//高
			"smokeEffect": "shootSmallSmoke",
			"lifetime":45
			//存在时间
		},
		"锺": {
			"speed": 8,
			//速度
			"damage":70,
			"rangeChange":80,
			//射程改变
			"inaccuracy":-5,
			//额外偏移度
			"pierce":true,
			//是否穿透
			"pierceBuilding":true,
			//是否穿透建筑
			"pierceDamageFactor":0.5,
			//穿透建筑伤害倍率
			"pierceCap":4,
			//穿透数量
			"buildingDamageMultiplier":0.7,
			//对建筑伤害倍率
			"reloadMultiplier":0.4,
			//射速增加
			"ammoMultiplier":2,
			"knockback":0.5,
			//击退
			"width":10
			//宽
			"height":12
			//高
			"smokeEffect": "shootSmallSmoke",
			"lifetime": 40
			//存在时间
		},
		"锬": {
			"speed":7,
			//速度
			"damage":46,
			"status":"锬中毒",
			"statusDuration":600,
			//状态持续时间
			"pierce":true,
			//是否穿透
			"makeFire":true,
			//制造火焰
			"pierceBuilding":true,
			//是否穿透建筑
			"pierceCap":1,
			"buildingDamageMultiplier":1.5,
			//对建筑伤害倍率
			"reloadMultiplier":0.8,
			//射速增加
			"rangeChange":40,
			//射程改变
			"ammoMultiplier":2,
			//"knockback":0.7,
			//击退
			"fragBullets":3,
			"fragBullet":{
			    "type":"BasicBulletType",
			    "width":7,
			    "height":2.5,
			    //"pierce":true,
			    //"pierceCap":5,
			    "lifetime":6,
			    "speed":4,
			    "damage":8,
			    "status":"burning",
			    "statusDuration":240,
			    "hitEffect":"none",
			    "despawnEffect":"none",
			}
			"width":10
			//宽
			"height":12
			//高
			"smokeEffect": "shootSmallSmoke",
			"lifetime":40
			//存在时间
		},
	},
	"requirements": [
	    "锺/150" ,
	    "graphite/90",
	    "silicon/40",
	    "thorium/80"
	],
	"research":"镭射"
	"category": "turret",
}