{
    "name":"定位基站",
    "squareSprite": false,
    "description":"[red]PC端无法使用。\n为星体空间站的武器系统提供定位，使其可以攻击你屏幕中间的位置。\n[red]注意，它的攻击是无差别的！\n且在停止攻击时请取消武器选择，否则它会在冷却完毕后直接攻击！[]"
    "size":3,
    "health":900,
    "armor":3
    "outlineColor":"00000000"
    "category":"turret",
    "rotate":false,
    //旋转
    "canOverdrive":false,
    //能否超频
    "solid":true,
    "requirements":[
        "锺/210",
        "graphite/120",
        "silicon/300",
        "phase-fabric/60"
        ],
    "research": {
		"parent": "探测基站",
    "researchCostMultiplier":40,
	},
}