{
    "type": "ContinuousLiquidTurret",
    "name": "幻灭",
    "squareSprite": false,
    "description": "持续的向附近敌人发射崩坏光束。",
    "health":5400,
    //血量
    "reload":120,
    //攻击间隔
    "size":5,
    //尺寸
    "shake":2
    "shootY":-1.8
    "armor":25,
    "shootSound":"none",
    //射击音效
    "loopSound":"beam"
    //回音音效
    "loopSoundVolume":1.7
    //回音音量
    "firingMoveFract":2,
    //射击时转动速度
    "shootCone":230,
    //（数值越大激光越尖）
    "recoil":1.3,
    //基础后坐力
    "rotateSpeed":5,
    //炮台转动速度
    "outlineColor":"212121",
	//轮廓颜色
	"consumes":{
		"power":212.5
	},
    "range":600,
    //瞄准射程(半径)(单位为8/格)
    "liquidCapacity":300,
    "liquidConsumed":2.5
    //液体消耗
    /*"drawer": {
		"type": "DrawTurret",
		"parts": [
			{
				"type": "RegionPart",
				"suffix": "-左",
				"under": true,
				"mirror": false,
				"moveX": -4.2,
				"moveY": -2.2
				"moveRot":-45
			},
			{
				"type": "RegionPart",
				"suffix": "-右",
				"under": true,
				"mirror": false,
				"moveX": 4.2,
				"moveY": -2.2
				"moveRot":45
			},
			{
				"type": "RegionPart",
				"suffix": "-左1",
				"under": true,
				"mirror": false,
				"moveX": 2.5,
				"moveY": 0.8
				"moveRot":45
			},
			{
				"type": "RegionPart",
				"suffix": "-右1",
				"under": true,
				"mirror": false,
				"moveX": -2.5,
				"moveY": 0.8
				"moveRot":-45
			},
		]
    }*/
    "ammoTypes":{
        "water": {
            "type": "ContinuousLaserBulletType",
            "status":"崩坏",
            "statusDuration":300,
            "damage":555.5,
            "length":620,
            "drawSize":420
            "lightColor":"333333FF"
            //发光颜色
            "hitColor":"333333FF"
            //击中颜色
            "width":6,
            //宽度
            "colors":[
            "121212",
            "1C1C1CFF",
            "242424FF"
            "333333FF"
            "4C4C4CFF"
            ],
            "incendChance":1,
            //引火概率
            "incendSpread":1,
            //燃烧蔓延
            "incendAmount":1
            //引火数量
            "knockback":1
            "fragBullets":1
				"fragBullet":{
"type": "LaserBulletType",
        "length":50,
        "width":4,
        "hitSize":10,
        "damage":666,
        "lifetime":10
        "status":"崩坏"
        "lightningSpacing":5,
        //闪电间距
        "lightningLength":1,
        //闪电长度
        "lightningDelay":0.05
        //闪电延迟
        "lightningLengthRand":1,
        //闪电长度范围倍率
        "lightningDamage":88,
        //闪电伤害
        "lightningColor":"121212"
        "lightningAngleRand":60,
        "hitEffect":"none",
        "ammoMultiplier":1,
        "knockback":0.2,
        "pierce":true
        "shootEffect":"none",
        "smokeEffect":"none",
        "collidesAir":true,
        //是否能攻击到空中单位
        "sideAngle":10,
        "sideWidth":0.09,
        "sideLength":2.9
        "colors":[
            "121212",
            "1C1C1CFF",
            "242424FF"
            "333333FF"
            "4C4C4CFF"
            ],
				}
        }
        "砛溶液": {
            "type": "ContinuousLaserBulletType",
            "status":"崩坏",
            "statusDuration":480,
            "damage":740,
            "length":825,
            "drawSize":460
            "rangeChange":200
            "lightColor":"333333FF"
            //发光颜色
            "hitColor":"333333FF"
            //击中颜色
            "width":8
            //宽度
            "colors":[
            "121212",
            "1C1C1CFF",
            "242424FF"
            "333333FF"
            "4C4C4CFF"
            ],
            "incendChance":1,
            //引火概率
            "incendSpread":1,
            //燃烧蔓延
            "incendAmount":1
            //引火数量
            "knockback":1.5
            "fragBullets":1
				"fragBullet":{
"type": "LaserBulletType",
        "length":80,
        "width":6,
        "hitSize":10,
        "damage":888,
        "lifetime":14
        "status":"崩坏"
        "lightningSpacing":5,
        //闪电间距
        "lightningLength":1.5,
        //闪电长度
        "lightningDelay":0.04
        //闪电延迟
        "lightningLengthRand":1,
        //闪电长度范围倍率
        "lightningDamage":88,
        //闪电伤害
        "lightningColor":"121212"
        "lightningAngleRand":20,
        "hitEffect":"none",
        "ammoMultiplier":1,
        "knockback":0.3,
        "pierce":true
        "shootEffect":"none",
        "smokeEffect":"none",
        "collidesAir":true,
        //是否能攻击到空中单位
        "sideAngle":12,
        "sideWidth":0.12,
        "sideLength":3.6
        "colors":[
            "121212",
            "1C1C1CFF",
            "242424FF"
            "333333FF"
            "4C4C4CFF"
            ],
				}
        }
    }
    "requirements": [
        "铧/600"
        "锺/1400"
        "反物质/300"
        "phase-fabric/240"
        "斥焰合金/800"
        "silicon/1000"
    ],
    "category": "turret",
    "research": {
		"parent": "泯灭",
		/*"objectives": [
		    "中级数理化"
		    "高级文化"
    ]*/
    "researchCostMultiplier":40,
	},
}