{
    "type": "ItemTurret",
    "name": "标枪",
    "squareSprite": false,
    "description": "对敌人发射一道道无法拦截的激光束。",
    "shootSound": "光束音效",
    "health":2400,
    //血量
    "reload":20,
    "size": 2,
    "armor":2
    "recoil":1,
    "maxAmmo":10,
    "outlineColor":"212121",
	//轮廓颜色
	"shootCone":180,
	"heatColor": "#E63F00",
    "ammoPerShot": 1,
    "range":240,
    "consumes":{
		"coolant": {
            //冷却剂
            "amount": 0.4,
            "optional": true
        },
	},
	"liquidCapacity":48,
	"coolantMultiplier":1.25,
	//液体加速百分比
    "ammoTypes": {
        "锺": {
            "type": "ContinuousLaserBulletType",
            //"status":"melting",
            "splashDamageRadius":8,
            //范围伤害的范围
            "splashDamage":120,
            //范围伤害
            "speed":20,
            "width":3,
            "hitSize":8
            "lightOpacity":10,
            "lightRadius":10,
            "lifetime":13,
            "length":25,
            "colors":["2F333CFF","3D414CFF","4D505AFF"],
            //激光颜色(由外侧到内侧)
            "knockback":0.5,
            "pierce":true,
            "shootEffect":"shootSmall",
            "smokeEffect":"lancerLaserShootSmoke",
            "chargeEffect":"lancerLaserChargeBegin",
            "despawnEffect":"hitMeltdown",
            "buildingDamageMultiplier":1,
        },
        "thorium": {
            "type": "ContinuousLaserBulletType",
            "status":"melting",
            "splashDamageRadius":10,
            //范围伤害的范围
            "splashDamage":200,
            //范围伤害
            "speed":20,
            "width":3,
            "hitSize":8
            "lightOpacity":10,
            "lightRadius":10,
            "lifetime":13,
            "length":25,
            "colors":["CB8EBFFF","F9A3C7FF"],
            //激光颜色(由外侧到内侧)
            "knockback":0.6,
            "pierce":true,
            "shootEffect":"shootSmall",
            "smokeEffect":"lancerLaserShootSmoke",
            "chargeEffect":"lancerLaserChargeBegin",
            "despawnEffect":"hitMeltdown",
            "buildingDamageMultiplier":1,
            },
        "锬": {
            "type": "ContinuousLaserBulletType",
            "status":"锬中毒",
			"statusDuration":900,
			//状态持续时间
            "splashDamageRadius":20,
            //范围伤害的范围
            "splashDamage":300,
            //范围伤害
            "colors":["AF3A30FF","DF824DFF","F6BB64FF"],
            //激光颜色(由外侧到内侧)
            "knockback":0.5,
            "speed":20,
            "width":3,
            "hitSize":8
            "lightOpacity":10,
            "lightRadius":10,
            "lifetime":13,
            "length":25,
            "pierce":true,
            "shootEffect":"shootSmall",
            "smokeEffect":"lancerLaserShootSmoke",
            "chargeEffect":"lancerLaserChargeBegin",
            "despawnEffect":"hitMeltdown",
            "buildingDamageMultiplier":1,
            },
        "phase-fabric": {
            "type": "ContinuousLaserBulletType",
            "status":"melting",
            "splashDamageRadius":14,
            //范围伤害的范围
            "splashDamage":240,
            //范围伤害
            "colors":["F19583FF","FFD59EFF","FFF3D6FF"],
            //激光颜色(由外侧到内侧)
            "knockback":0.6,
            "speed":20,
            "width":3,
            "hitSize":8
            "lightOpacity":10,
            "lightRadius":10,
            "lifetime":13,
            "length":25,
            "damage":6.5,
            "pierce":true,
            "shootEffect":"shootSmall",
            "smokeEffect":"lancerLaserShootSmoke",
            "chargeEffect":"lancerLaserChargeBegin",
            "despawnEffect":"hitMeltdown",
            "buildingDamageMultiplier":1,
            },
    }
    "requirements": [
        "斥焰合金/80",
        "锺/120",
        "silicon/120",
        "phase-fabric/80"
    ],
    "category": "turret",
    	"research": {
		"parent": "溶解",
        "researchCostMultiplier":40
		},
}