{
    "type": "LaserTurret",
    "name": "溶解",
    "squareSprite": false,
    "description": "充能并向附近敌人发射持续的水性激光束。需要水。",
    "health":1800,
    //血量
    "reload":60,
    //攻击间隔
    "size": 2,
    //尺寸
    "armor":2,
    "shootSound":"溶解音效",
    //音效
    "shootCone":180,
    //（数值越大激光越尖）
    "recoil": 2,
    //基础后坐力
    "rotateSpeed":5,
    //炮台转动速度
    "outlineColor":"212121",
	//轮廓颜色
	"consumes":{
		"power":5,
		"liquid": {
            "liquid":"water"
            "amount": 0.25,
            "optional": true
        },
	},
    "shootDuration":380,
    //射击持续时间
    "heatColor": "E63F00",
    //射击时过热的颜色(可以用十六进制颜色代替)
    "range": 140,
    //射程(半径)(单位为8/格)
    "shootType": {
        "type": "ContinuousLaserBulletType",
        //持续的激光
        "status":"wet",
        "damage": 27.5,
        "length": 150,
        "drawSize":120,
        //?
        "width":4,
        //宽度
        "colors":["33CCFF","77DDFF","CCEEFF","FFFFFF"]
        //激光颜色(由外侧到内侧)
        "makeFire":false,
        //制造火焰
        "incendChance":0,
        //引火概率
        "incendSpread":0,
        //燃烧蔓延
        "incendAmount":0
        //引火数量
        //"lightningColor":"CCEEFF",
        //闪电颜色
        //"lightning": 3,
        //射击命中时生成闪电数量
        //"lightningLength": 7.5,
        //射击命中时生成闪电的长度
        //"lightningDamage":30,
        //闪电伤害
        "knockback":0.5,
        "hitEffect":"hitLaserBlast"
        "hitColor":"77DDFF"
        }
    "requirements": [
        "锺/140"
        "graphite/80",
        "砛/50"
        "silicon/120"
    ],
    "category": "turret",
    	"research":"镭射"
}