{
    "type": "LaserTurret",
    "name": "裂解",
    "squareSprite": false,
    "description": "充能并向附近敌人发射持续的激光束。需要冷却液。",
    "health":3100,
    //血量
    "reload":90,
    //攻击间隔
    "size": 3,
    //尺寸
    "shake":2
    "armor":3,
    "shootSound":"laserbig",
    //射击音效
    "loopSound":"beam"
    //回音音效
    "firingMoveFract":0.5,
    //射击时转动速度
    "shootCone":230,
    //（数值越大激光越尖）
    "recoil": 2,
    //基础后坐力
    "rotateSpeed":5,
    //炮台转动速度
    "outlineColor":"212121",
	//轮廓颜色
	"consumes":{
		"power":12.5,
		"coolant": {
            //冷却剂
            "amount": 0.5,
            "optional": true
        },
	},
    "shootDuration":230,
    //射击持续时间
    "heatColor": "E63F00",
    //射击时过热的颜色(可以用十六进制颜色代替)
    "range": 210,
    //瞄准射程(半径)(单位为8/格)
    "shootType": {
        "type": "ContinuousLaserBulletType",
        //持续的激光
        "status":"锬中毒",
        "statusDuration":900,
        "damage": 55.5,
        "length": 220,
        "drawSize":180,
        //?
        "width":5,
        //宽度
        "colors":["FFB380AA","FFB3808B","FFB3806D","FFFFFF"],
        "incendChance":0.4,
        //引火概率
        "incendSpread":5,
        //燃烧蔓延
        "incendAmount":1
        //引火数量
        "knockback":0.5
        }
    "requirements": [
        "锺/300"
        "锬/160",
        "斥焰合金/120"
        "silicon/160"
    ],
    "category": "turret",
    "research":"溶解"
}