{
	"type": "OverflowDuct",//类型,溢流门
	"invert":false,//反向
	"category": "distribution",//菜单栏
	"name": "溢流阀",//名字
	"description": "优先向前方输入物品",//介绍

	"research": {
	"parent": "路由阀"//科技树前置
	"requirements": [//研究花费
	"钒/300"
	"graphite/300"
	],
		},

	"requirements": [//建造消耗
	"钒/9"
	"graphite/9"
	],

	"size":1,//平方大小
	"health":100//血量
	"regionRotated":1,//区域旋转
	"solid":false,//实体
	"underBullets":true,//子弹下面
	"speed": 2.7,//运输速度＝60÷speed
	"itemCapacity":1,//物品容量
	"displayedSpeed":20,//显示速度
}