{
	"type": "DuctBridge",//类型,自连桥
	"range":6,//范围
	"category": "distribution",//菜单栏
	"name": "物品传送带桥",//名字
	"description": "可跨过六格内的任何地形与建筑物传输物品",//介绍

	"research": {
	"parent": "路由阀"//科技树前置
	"requirements": [//研究花费
	"钒/200"
	"graphite/120"],
	},

	"requirements": [//建造消耗
	"钒/20"
	"graphite/12"],

	"size":1,//平方大小
	"health":110//血量
	"solid":false,//实体
	"speed": 2.5,//运输速度＝60÷speed
	"itemCapacity":10,//物品容量
	"displayedSpeed":20,//显示速度
}