{
	"type": "flying",
	"name": "horizon",//t2空军
	"description": "增强",
	"speed": 1.5,	
	"drag":0.05,"accel":0.1,
	"rotateSpeed":10,
	"ammoCapacity": 0,
	"hitSize":10, 
	"flying": true,
	"faceTarget": true,
		"targetGround":true,
		"circleTarget":true,
			"turnCursor":false,
				"rotateShooting": false,	
			"targetAir":false,
	"health":500 ,
	"armor":3,
	"engineOffset": 8,
	"engineSize": 2,
	"research": "flare",
	    "itemCapacity": 0,
	    	"ammoType":{
	"type":"PowerAmmoType",
	"totalPower":100},
	"weapons":[ 
	{
	"shoot":{
	"shots":3,
	"shotDealy":8,
	}
	"minShootVelocity": 0.5,
	"x":0,	"y":0,	
	"reload":30,
	"rotate":false,
	"shootSound": "artillery",
	"shots":1,
	"shootCone": 360,
	"ejectEffect": "none",
	"alternate":false,
	"inaccuracy":0,
	"bullet": {
	"type": "BombBulletType",
	"sprite":"missile-large",
	"width":6 ,"height": 10,
	"drag":0,  "shrinkY":0,
	//"buildingDamageMultiplier":0.5,
	"lightningDamage":30,
	"lightningLength":0,
	"splashDamageRadius":30,
	"splashDamage":50,
	"damage":50,
	"hitEffect": "flakExplosionBig"
		}	}
		
	    ]
}
