{
	"type": "flying",
	"description": "增强",
	"speed": 1.2,	
	"drag":0.05,
	"accel":0.1,
	"rotateSpeed":6,
	"ammoCapacity": 0,
	"hitSize":20, 
	"flying": true,
	"faceTarget": true,
	"range":160,
	"health": 1000,
	"armor":5,
	"research": "horizon",
	    "itemCapacity": 30,
	"weapons":[ 
	{
	"name":"zenith-missiles"
	"mirror":true,
  "x":5
  "y":2
  "shootY":4
  "top": true
  "rotate":false
  "reload": 30
  "shootSound":"sap",
  "hitSound":"explision",
  "ejectEffect":"casing1"
  "shots": 2,
  "inaccuracy":5
  "alternate":true,
  "ignoreRotation": false,
  "shoot":{
  "shots":3,
  "shootDelay":0,
  "type": "ShootBarrel",
        "barrels": [
        0,0,0,
        0,0,-4,
        0,0,4,
        ]
        }
  "bullet":{
               "speed": 4
               "lifetime": 40
               "damage":24
               "splashDamageRadius":30
	    "splashDamage":40
	    "homingRange":80,
	    "homingPower":0.05
               "width": 7
               "shrinkY":0
               "height": 7
               "frontColor": "FFA153",
	"backColor": "FFA153",
	"weaveMag": 1,
	"weaveScale": 1,
	"despawnEffect":"flakExplosionBig",
	    "hitEffect":"flakExplosionBig",
	"smokeEffect":"shootBigSmoke"
}
},
	    ]
}
