{
    "type":"itemTurret",
	"name": "星火",
	"description": "狂射5秒钟，充能半小时",
	"size": 3,
	"health": 6514,
	"category": "turret",
    "research": "烈焰"
	"range": 500,
	"targetAir":true,//攻击天空
	"targetGround":true,
	"reload":3000,
	"rotateSpeed": 3,
	"burstSpacing":400,/*连射间隔 */
	"shootSound":"导弹发射"
	"requirements": [
	"silicon/300"
	"黑曜石/300"
	"金刚石/100"
	],
	"shoot":{
    	"type":"ShootAlternate",
    	"barrels":4,
		//炮口数量
		"spread":6,
		//炮口间距设定
		"shots":200
        "shotDelay": 10//单次射击间隔
    }
	"ammoTypes": {
	"surge-alloy":{
	"type":"BasicBulletType"
	"speed": 50,
	"sprite":"sun-星火导弹"
        "lifetime": 30,

"intervalBullets": 3
"bulletInterval": 1
"intervalBullet": {
"type": "BasicBulletType"
                "damage": 10,
                "lifetime": 35
                "sprite":"sun-星火分裂子弹"
                "homingRange":100,
                "lifetime": 300
                "speed": 1,
    "trailEffect":{
    "type":"ParticleEffect",
    "region":"sun-星火特效",
    "lifetime":24,
    "particles":5,
    "baseLength":0,
    "length":20,
    "sizeFrom":10,
    "sizeTo":0,
    "colorFrom":"FFE600",
    "colorTo":"FF8100",
    "trailChance":0.8,
    "cone":360
    },
	"homingPower":20
	"width": 20,
        "length":46
        "trailLength": 1,
        "trailWidth": 2,
            },
	"homingRange":100,
	"homingPower":30
        "lifetime": 10,
        "damage": 100,
        "width": 30,
        "length":36
        "height": -50,
        "trailLength": 3,
        "trailWidth": 2,
	}
	}
	}
	