{
	"type": "LiquidTurret",
	"name": "激流",
	"description": "向敌人(建筑)喷射液体",
	"health": 700,
	"size":2,
	"reload":3,
	"range":174,
	"shootSound":"shootLiquid",
	"inaccuracy": 20,
	"maxAmmo":10,
	"ammoTypes": {
		"water":{
			"type":"LiquidBulletType"
			"liquid":"water"
			"speed": 3,
			"status":"wet",
			"statusDuration":480,
			"ammoMultiplier":0.5,
			"knockback":1.34,
			"orbSize":7,
			"drag":0.01,
			"lifetime":38
		},
		"slag":{
			"liquid":"slag"
			"type":"LiquidBulletType"
			"speed": 3,
			"status":"melting",
			"statusDuration":480,
			"damage":5,
			"ammoMultiplier":0.5,
			"knockback":0.67,
			"orbSize":7,
			"drag":0.01,
			"lifetime":40
		},
	},
	"requirements": [
		"黑曜石/25",
		"silicon/75",
	],
	"category": "turret",
	"research": "耀光"
}