{
"type":"ItemTurret",
"name":"烈焰",
"recoil": 0,
"size":2,
"reload": 3.3334,
"range": 64,
"shootCone": 30,
"targetAir": false,
"ammoUseEffect":"none",
"health": 400,
"shootSound": "flame",
"category":"turret",
"research": "耀光"
"requirements": [
	"黑曜石/75",
	"炎岩/50"
	"silicon/15",
],
"ammoTypes":{
    "炎岩":{
        "type":"BulletType"
		"speed": 4,
		"damage": 23,
		"hitSize": 7,
		"lifetime": 18,
		"pierce": true,
		"collidesAir": false,
		"hitEffect": "hitFlameSmall",
		"despawnEffect": "none",
		"status": "burning",
		"keepVelocity": false,
		"hittable": false,
		"ammoMultiplier": 4,
		"statusDuration": 480,
		"shootEffect": "shootSmallFlame",
    }
}
}