{
    "type": "ItemTurret",
    "name":"碎星"
    "description":"他太超模了！！！"
    "size": 3,
    "health":500,
    "reload":90,
    "rotateSpeed": 3,
    "range": 500,
    "category":"turret",
    "requirements": [
        "金刚石/300",
        "黑曜石/200",
        "silicon/300"
    ],
    "targetAir":false,
    "targetGround":true,
    "research":"锋芒"
    "consumes":{
	"power":6
	},
    "drawer":{
    "type":"DrawTurret",
    "parts":[{
    "type":"HaloPart",
    "mirror":false,
    "hollow":true,
    "tri":true,
    "x":0,
    "y":-5,
    "shapes":10,
    "sides":10,
    "radius":10,
    "strok":5,
    "strokTo":-3,
    "triLength":1,
    "haloRadius":6,
    "haloRadiusTo":7,
    "haloRotateSpeed":5,
    "colorForm":"CBFDFF",
    "colorTo":"CBFDFF",
    "layer":110
    },
    ],
    },
    "fragBullets":3
    "ammoTypes": {
               "结晶体": {
            "type": "ArtilleryBulletType",
            "damage": 0,
            "speed":3
            "fragBullets":3
            "fragBullet": {
           "reload":30,"type":"ContinuousFlameBulletType"
           "speed":0
         "fragBullets":10,
                "lifetime": 65
            "damage": 0.5,
            "splashDamageRadius":18,
                    "splashDamage":5,
                        "fragBullets":5
                    "fragBullet":{
"type":"LaserBulletType"
"backColor":"FF9600FF"
"frontColor":"FF9600FF"
"lifetime":90
"damage":14
"healPercent": 16,
"collidesTeam": true,
"width": 20
"height": 16
"radius":60
"status":"electrified"
"statusDuration":5
}
       }
            }
            }
            }