{
	"type":"ItemTurret",
	"name":"耀光",
	"description":"简单便宜的基本型机枪",
	"details":"刮痧很有一套"
	"health":960,
	"size":2,
	"reload":30,
	"range":200,
	"shoot":{
	    "shots":4
	    "shotDelay":4
	}
	"inaccuracy":1
	"velocityInaccuracy":0
	"rotatespeed":8
	"maxAmmo":20
	"ejectEffect":"casing1"
	"shootSound":"shootBig",
	"alwaysUnlocked":false
	"buildCostMultiplier":0.75
	"ammoTypes":{
		"黑曜石":{
		"speed":4,
		"damage":15
		"width":7
		"height":7
		"shootEffect":"shootSmall",
		"smokeEffect":"shootSmallSmoke",
		"ammoMultiplier":3
		"keepVelocity":true,
		"lifetime":55
		"shrinkY":0
		},
		"炎岩":{
		"speed":4,
		"damage":17
		"width":7
		"height":7
		"shootEffect":"shootSmall",
		"smokeEffect":"shootSmallSmoke",
		"ammoMultiplier":5
		"reloadMultiplier":1.2
		"keepVelocity":true,
		"lifetime":55
		"shrinkY":0
		"status":"burning",
		"statusDuration": 600,
		"frontColor": "ede892",
		"backColor":"d9c668",
		},
		"silicon":{
		    "type":"BasicBulletType"
		    "speed":3,
		    "damage":15,
            "width":7,
            "height":9,
            "homingPower":0.1,
            "reloadMultiplier":1.5,
            "ammoMultiplier":5,
            "lifetime":65
        },
        "真菌": {
		 	"type":"BasicBulletType"
			"speed":4,
			"status":"寄生",
			"statusDuration":480,
			"damage":17,
			"ammoMultiplier":2,
			"knockback":3,
			"lifetime":45,
			"reloadMultiplier":0.5
		},
	},
	"requirements":[
		{"item":"黑曜石","amount":75},
		{"item":"silicon","amount":50},
	],
	"category":"turret",
	"research":"floater"
}