{
"type":"ContinuousLiquidTurret",
"name":"聚焦",
"liquidConsumed":0.2,
"range": 140,
"shootY": 4,
"size": 3,
"loopSound":"torch",
"shootSound":"none",
"loopSoundVolume":3,
"category":"turret",
"requirements":[
	{"item":"黑曜石","amount":75},
	{"item":"silicon","amount":50},
	{"item":"金刚石","amount":15}
]
"ammoTypes":{
	"hydrogen":{
	    "type":"ContinuousFlameBulletType",
		"damage": 12,
		"length": 140,
		"knockback": 1,
		"pierceCap": 3,
	
		"colors":[
			"5fd4ff8d",
			"85d6f4b3",
			"a2dcf1cd",
			"c4e4f0",
			"ffffff"
		],
		"flareColor":"5fd4ff8d",
		"lightColor":"5fd4ff8d",
		"hitColor":"5fd4ff8d",
	}
}
"research":"烈焰"
}