{
    "type": "PowerTurret",
    "name": "重力发生器",
    "description": "生成强重力，吸住敌人单位！",
    "size": 3,
    "health": 3000,
    "hasShadow": false,
    "targetable": false,
    "solid":false,
    "recoil":0,//后坐力,
    "rotateSpeed": 0,
    "range":12
    "targetAir":true//攻击天空
	"targetGround":true,//攻击地面
    "shootSound": "titanExplosion",
    "shootCone":360
	"shootType": {
        "type": "basicBulletType",
        "reload":10
        "splashDamage":0,
        "splashDamageRadius":12,
        "shootEffect":"none"
        "hitEffect":"none"
        "despawnEffect":"none"
        "damage": 0,
        "speed": 0
        "lifetime":0.1
        "killShooter":false,
        "status": "缓慢II",
        "statusDuration":12,
    },
    "requirements": [
        {
            "item": "silicon",
            "amount": 300
        },
        {
            "item": "金刚石",
            "amount": 100
        }
    ],
    "canOverdrive":false,//是否可以超速
    "category": "effect",
    "research": "耀光"
}