{
	"type": "ItemTurret",
	"name": "尾针",
	"description": "超限集团在探索武器的过程中研发出了长距离导弹，尽管这一类导弹可以直接被实体弹药所攻击，但是这也让其导弹有了更大的装弹量，能够对敌人造成更高的伤害\n \n[blue][超限技术炮台]",
	"underBullets":true
	"health": 4080,
	"targetable":false
	"destructible":true
	"solid":false
	"size": 3,
	"reload":300,
	"range": 500,
		"targetGround": true,
	"targetAir": true,
		"maxAmmo":30
    "ammoPerShot": 2
    "rotateSpeed": 0
     "shootX":0
	    "shootY":0
    "shootCone":360
    "coolantMultiplier": 1.25,
    "liquidCapacity": 100,
     "minWarmup": 0.99
	"consumes": {
	"power": 8.8
       "coolant":{"amount":0.4,"optional":true}  
		},
	"shoot":{
		"shots":6
	},
	  		"drawer": {
		"type": "DrawMulti",
    "drawers": [
    {"type": "DrawTurret",
    "parts": [
        {"type": "RegionPart",
        "mirror": true,
        "under":true,
        "x": 0
        "y": 0
        "suffix": "-盖",
        "layer": 50,
        "moveX": 8
        "moveY": 0
        }
			]
			}
			]
   },
	"ammoUseEffect": "casing2Double",
	"shootSound":"respawn",
	"inaccuracy": 360
	"shake":1,
	"ammoTypes": {
        "metaglass": {
	         "type": "BasicBulletType",
             "spawnUnit": "尾针导弹",
             "speed": 0,
		 }
		 "pyratite": {
	         "type": "BasicBulletType",
             "spawnUnit": "尾针导弹 (1)",
             "speed": 0,
		 }
		 "graphite": {
	         "type": "BasicBulletType",
             "spawnUnit": "尾针导弹 (2)",
             "speed": 0,
		 }
	}, 
	"requirements": [
{"item": "0铜铅合金", "amount": 120  },
        { "item": "copper","amount": 270 },
        { "item": "lead","amount": 320 },
        { "item": "silicon", "amount": 180 }
        { "item": "titanium", "amount": 220 }
	],
	"category": "turret",
	"research": {
	"parent":"BAAsAT2B重击"
	"objectives": [
            {
				"type": "SectorComplete",
				"preset": "冰冷山区"
			}
	]
	}
	    "researchCostMultiplier": 2,
}