{
	"type": "PowerTurret",
	"name": "星雨",
	"description": "为了更加有效的反击小型敌人，超限集团发明出了这种专门针对低护甲的小型敌人的炮台，通过聚集能量打击敌人，其能量子弹外部的强磁场会自动搜寻周围的单位，使其可以更为有效地打击轻型单位，但是只对地，并且充能时间长\n \n[blue][超限技术炮台]",
	"targetAir": false,
	"targetGround": true,
	"health": 1680,
	"size": 3,
	"shootSound":"激光",
	"shake":2,
	"inaccuracy": 5
	"recoil": 6
	"recoilTime":10
	"coolantMultiplier": 4.5
	"liquidCapacity": 100,
	"shoot":{
		"shots":18
	    "shotDelay":10
		"type":"ShootAlternate",
		"barrels":3,
		"spread":6
	},
	"shootType": {	
	"type" : "BasicBulletType",
	"damage": 25,//伤害
	"splashDamageRadius":45,
	"splashDamage":55,
    "trailLength":4,
    "homingRange": 80,
    "homingPower": 0.2,
    "homingDelay":5
	"trailWidth":1.5,
	"collidesAir": false
    "trailColor":"87CEEB",
	"frontColor":"87CEEB",
	"backColor":"87CEEB",
	"width": 8,
	"height": 26,
	"statusDuration":180,
	"speed": 20,
	"lifetime": 10,
	"ammoMultiplier":3,
	"hitEffect": {
"type": "MultiEffect",
	"effects": [
	{"type": "ParticleEffect",
    "particles": 16,
    "sizeFrom": 6,
    "sizeTo": 0,
    "length": 35,
    "baseLength": 10,
    "lifetime": 25,
    "colorFrom": "FFFFFF",
    "colorTo": "87CEEB",
    "cone": 360},
    {"type": "WaveEffect",
    "lifetime": 15,
    "sizeFrom": 1,
    "sizeTo": 30,
    "strokeFrom": 3,
    "strokeTo": 0,
    "colorFrom": "FFFFFF",
    "colorTo": "87CEEB"}]
	},
	"despawnEffect":"none",
	"shootEffect": {     
        "type": "WaveEffect",
        "lifetime": 16,
        "sizeFrom": 1,
        "sizeTo": 32,
        "strokeFrom": 2,
        "strokeTo": 0,
        "colorFrom": "FFFFFF",
        "colorTo": "87CEEB"
	   }
	},
	   "consumes": {
		"power":6,//耗电
	"coolant":{"amount":0.2,"optional":true}  
		},
	"reload": 400,//发射间隔
	"rotateSpeed": 12,//炮台转速
	"range": 200,
	"category": "turret",
	    "research": {
	"parent":"BAAsAT2AA色散"
	"objectives": [
            {
				"type": "SectorComplete",
				"preset": "冰冷山区"
			}
	]
	}
	"requirements": [
	{ "item": "copper", "amount": 120 }
	{ "item": "lead", "amount":140},
	{ "item": "0铜铅合金", "amount":50},
	{ "item": "graphite", "amount":60},
	{ "item": "titanium", "amount": 60 }
	{ "item": "1集成电路", "amount": 20}
	{ "item": "metaglass", "amount": 80 }
	]
	"researchCostMultiplier": 0.5
}
