{
	"name": "后勤单位工厂",
	"description":"建造后勤的单位",
	"details": "建没有用东西的垃圾工厂（小声bb）",
    "health":450,
	"size":3,
	"consumes":{
		"power":5.0
	},
	"plans":[
		{ "unit": "建造机", "time": 60, "requirements": [
	    {"item":"xvx-ai","amount":3},
		{"item":"Ti+","amount":25}
		]},
		{ "unit": "采矿机", "time": 70, "requirements": [
		{"item":"xvx-ai","amount":1},
		{"item":"Ti+","amount":10}
		]},
		{ "unit": "进阶采矿机", "time": 80, "requirements": [
		{"item":"xvx-ai","amount":5},
		{"item":"Ti+","amount":50}
		]},
		{ "unit": "维修机", "time": 90, "requirements": [
		{"item":"xvx-ai","amount":2},
		{"item":"Ti+","amount":30}
		]},
		{ "unit": "ax", "time": 100, "requirements": [
		{"item":"xvx-ai","amount":50},
		{"item":"Ti+","amount":500}
		]}
    ],
	"requirements": [
		{ "item": "C60", "amount":500},
		{ "item": "Mg-Al", "amount":2800},
		{ "item": "xvx-ai", "amount":15},
		{ "item": "普通科技点", "amount":540}
	],
	"itemCapacity":500,
	"category":"units",
	"research":{
	"parent":"xvx-ai-Plant",
    "requirements":[
		{ "item": "C60", "amount":5000},
		{ "item": "Mg-Al", "amount":28000},
		{ "item": "xvx-ai", "amount":150}
	]}
}