{
	"type": "GenericCrafter",
	"name": "中子态素压缩机-巨浪合金",
	"outputItem": "巨浪合金奇点/1",
	"size": 3,
	"hasPower": false,
	"hasItems": false,
	"craftTime": 200,
	"itemCapacity": 100050,
	"consumes": {
		"power": 7.4
		"items": [
			"surge-alloy/100000",
		]
	},
	"requirements": [
		"中子锭/300",
		"水晶矩阵锭-硅/210",
		"水晶矩阵锭-巨浪合金/30",
		"水晶矩阵锭-塑钢/90",
		"silicon/800",
	],
	"category": "crafting",
	"research": "中子锭压缩器"
}