{
"name":"脆裂",
	"damage": 0.1,
	"speedMultiplier":0.7,
	"reloadMultiplier":0.85,
	"effectChance":0.6,
	"healthMultiplier":1,
		"description": "看看就好了，json代码目前还不支持两种buff混合反应，以后我们会尽可能把此问题解决",
	"opposites": [
	"融化"
	],
	"transitionDamage": 6,
	"affinities": [
	"燃烧"
	"潮湿"
	"腐蚀"
	],
	"effect":{	"type": "ParticleEffect",
	"particles": 1,  
	"baseLength": 10,
	"length":8,
	"lifetime": 20,
	"sizeFrom": 1,
	"sizeTo": 0,
	"colorFrom": " FFFFFFFF",
	"colorTo": " FFFFFFFF",
	"cone":360 }
}
