{
"name":"过热",
	"damage": 1.2,
	"speedMultiplier":1.2,
	"effectChance":0.6,
		"description": "看看就好了，json代码目前还不支持两种buff混合反应，以后我们会尽可能把此问题解决",
	"opposites": [
	"冰冻"
	"潮湿"
	],
	"transitionDamage": 1.2,
	"affinities": [
	],
	"effect":{	"type": "ParticleEffect",
	"particles": 1,  
	"baseLength": 10,
	"length":8,
	"lifetime": 20,
	"sizeFrom": 1,
	"sizeTo": 0,
	"colorFrom": "FEB380FF",
	"colorTo": "BC5452FF",
	"cone":360 }
}
