{
    "type": "impactReactor",
    "name": "Black Hole Generator",
    "description": "Uses copper to make a singularity, then uses that singularity to make power. \n[red]Note: requires ridiculously large amounts of copper.",
    "size": 3,
    "powerProduction": 150,
    "itemCapacity": 100,
    "hasLiquids": false,
    "itemDuration": 10,
    "drawer":[
        {"type":"drawRegion","suffix":"-bottom"},
        {"type":"drawPlasma","plasma1": "ffffff","plasma2": "6b4474ff","suffix":"-plasma-"},
        {"type":"drawDefault"}
    ],
    "requirements": [
        {"item": "copper", "amount": 2000},
        {"item": "metaglass", "amount": 1000},
        {"item": "silicon", "amount": 500}
    ],
    "consumes": {
        "power": 20,
        "items": {
            "items": [
                {"item": "copper", "amount": 10}
            ]
        }
    },
    "research": "thorium-reactor",
    "category": "power"
}
