{
	"type": "NuclearReactor",
	"name": "镁热发电厂",
	"description":"利用镁热效应产生的高额热量发电,需要冷冻液冷却"
	"size": 3,
	"health": 860,
	"liquidCapacity": 36,
	"itemCapacity": 30,
	"hasItems": true,
	"hasLiquids": true,
	"outputsPower": true,
	"powerProduction": 10,
	"itemDuration": 600,
	"lightColor": "FFFFFF",
	"explosionShake": 9,
	"explosionShakeDuration": 120,
	"explosionRadius": 28,
	"explosionDamage": 1200,
	"explodeSound": "boom",
	"fuelItem": "镁"
	"heating": 0.06,
	"coolantPower": 3,
		"explodeEffect": {
		"type": "MultiEffect",
		"effects": [
			{
				"type": "WaveEffect",
				"lifetime": 600,
				"sizeFrom": 0,
				"sizeTo": 160,
				"strokeFrom": 18,
				"strokeTo": 0,
				"colorFrom": "D8D8D8",
				"colorTo": "FFFFFF"
			}
		]
	},
	"consumes": {
		"liquid":"cryofluid/0.08",
		"items": ["镁/1"]
	},
	"buildCostMultiplier": 0.88,
	"requirements": [
		"copper/300",
		"graphite/120",
		"metaglass/80",
		"titanium/120",
		"镁/140"
	],
	"category": "power",
	"research": "边陲哨站"
}