{
	"speed":0.3,
	"rotateSpeed":0.8,
	"hitSize":45,
	"name":"钨钢极地机甲",
	"health":13000,
	"description":"搭载特斯拉加农炮，发射大量特斯拉球状闪电，电击途经范围内的建筑与单位，在范围内的两个或多个球状闪电会互相连接。",
	"details":"旧时，极地海洋下方出现了一个虫洞，可怖的巨兽从虫洞下方出现，极地居民拼死反抗，但每一次战斗都死伤惨重。终于，机械师与魔法师们联合制造了许多巨大的战斗机甲，取得一次又一次的胜利。",

	"armor":45,
	"type":"mech",
	"mechStepParticles":true,
/*	"canBoost":true,
	"boostMultiplier":1.25,
	"engineOffset":15,
	"engineSize":10,
	"riseSpeed":0.1,
	"landShake":5,*/
	"outlineColor":"2E2F34FF",//边框颜色
	"range":570,
	"dpsEstimate":2250,
	"lowAltitude":true,

	"research":{
	"parent":"wulfrum-armored-crawler",
	"objectives":[
	{"type":"SectorComplete",
	"preset":"HazeRavine"
	}	]	},

	"immunities":["calamity-icy","slow","wet"
	],

	"abilities":[
	{"type":"ShieldRegenFieldAbility",
		"amount":100,
		"max":1200,
		"reload":240,
		"range":280,
	"activeEffect":{
	"type":"WaveEffect"
	"lifetime":30
	"sizeFrom":0
	"sizeTo":280
	"colorFrom":"FFD37FFF",
	"colorTo":"FFD37FFF",
	}	},
	{"type":"StatusFieldAbility",
		"effect":"calamity-wulfrum-amplify",
		"reload":180,
		"range":280,
		"applyEffect":"none",
	"activeEffect":{
	"type":"WaveEffect"
	"lifetime":30
	"sizeFrom":0
	"sizeTo":280
	"colorFrom":"36B1DDFF",
	"colorTo":"BAFFF9FF",
	}	}	],

	"weapons":[
		{"name":"wulfrum-polar-mech-weapon",
		"reload":800,
		"x":25.25,"y":0,
		"mirror":true,
		"top":false,
		"alternate":true,
		"layerOffset":-0.001,//图层偏移
		"rotationLimit":35,//旋转限制
		"rotateSpeed":1,//旋转速度
		"rotate":true,//旋转
		"shootSound":"laser",
		"shootY":25,
		"shootCone":45,
		"inaccuracy":25,
		"shootStatus":"slow",
		"shootStatusDuration":240,

	"shoot":{
	"firstShotDelay":30,
	"shots":12,
	"shotDelay":15
	},

		"bullet":{
		"type":"EmpBulletType",
		"spawnUnit":"calamity-ball-lighting"
	"collidesAir":false
	"collidesGround":false,
		"pierce":true,
		"pierceBuilding":true,
	"keepVelocity":false,

		"timeIncrease":0,
		"powerDamageScl":1,
		"powerSclDecrease":1,
		"unitDamageScl":1,

	"chargeEffect":{
		"type":"multiEffect",
		"effects":[
		"lancerLaserCharge",
		"lancerLaserChargeBegin",
		]	}

	"hitEffect":{
	"type":"multiEffect",
	"effects":[
	{"type":"WaveEffect",
	"lifetime":15,
	"sizeFrom":0,
	"sizeTo":30,
	"strokeFrom":7.5,
	"strokeTo":0,
	"colorFrom":"36B1DDFF",
	"colorTo":"BAFFF9FF",
	},
	{"type":"ParticleEffect",
	"offset":30,
	"particles":10,
	"lifetime":20,
	"length":50,
	"interp":"circleOut",
	"sizeInterp":"pow5In",
	"cone":-360,
	"line":true,
	"strokeFrom":1.5,
	"strokeTo":1.5,
	"lenFrom":5,
	"lenTo":5,
	"lightColor":"BAFFF9FF",
	"colorFrom":"36B1DDFF",
	"colorTo":"BAFFF9FF",
	},
	{"type":"ParticleEffect",
	"offset":30,
	"particles":10,
	"lifetime":25,
	"length":30,
	"interp":"circleOut",
	"sizeInterp":"pow5In",
	"cone":-360,
	"line":true,
	"strokeFrom":1.5,
	"strokeTo":1.5,
	"lenFrom":7,
	"lenTo":7,
	"lightColor":"BAFFF9FF",
	"colorFrom":"36B1DDFF",
	"colorTo":"BAFFF9FF",
	}	]	}
	}	},

		{"name":"wulfrum-energygun",
		"layerOffset":1,
		"mirror":true,
		"top":true,
		"reload":90,
		"x":15.5,"y":-7.75,
		"shootY":6,
		"shake":2,
		"rotate":true,
		"rotationLimit":45,
		"rotateSpeed":4,
		"recoils":2,
		"soundPitchMin":1,
		"shootSound":"shootSmite",
		"shootCone":45,

		"bullet":{
		"type":"BulletType",
		"lifetime":0
		"fragBullets":8,
		"fragRandomSpread":15,
		"fragBullet":{
	"type":"basicBulletType",
	"sprite":"large-orb",
		"damage":45,
		"splashDamageRadius":12,
		"splashDamage":18,
		"speed":8,
		"lifetime":45,
		"status":"shocked",
		"shrinkY":0,"shrinkX":0,
		"width":12,"height":12,
		"frontColor":"36B1DDFF",
		"backColor":"BAFFF9FF",
		"rangeChange":-48,
		"weaveMag":4,
		"weaveScale":7,

		"homingRange":180,
		"homingDelay":15,
		"homingPower":0.075,

		"trailColor":"BAFFF9FF",
		"trailParam":2,
		"trailWidth":3,"trailLength":4,
		"trailRotation":true,
		"trailInterval":1,
		"trailEffect":"disperseTrail",
		"reloadMultiplier":40,

	"shootEffect":"lancerLaserShoot",

	"hitEffect":{
	"type":"multiEffect",
	"effects":[
	{"type":"WaveEffect",
	"lifetime":15,
	"sizeFrom":0,
	"sizeTo":30,
	"strokeFrom":7.5,
	"strokeTo":0,
	"colorFrom":"36B1DDFF",
	"colorTo":"BAFFF9FF"
	},
	{"type":"ParticleEffect",
	"offset":30,
	"particles":10,
	"lifetime":20,
	"length":50,
	"interp":"circleOut",
	"sizeInterp":"pow5In",
	"cone":-360,
	"line":true,
	"strokeFrom":1.5,
	"strokeTo":1.5,
	"lenFrom":5,
	"lenTo":0,
	"lightColor":"BAFFF9FF",
	"colorFrom":"36B1DDFF",
	"colorTo":"BAFFF9FF"
	},
	{"type":"ParticleEffect",
	"offset":30,
	"particles":10,
	"lifetime":25,
	"length":30,
	"interp":"circleOut",
	"sizeInterp":"pow5In",
	"cone":-360,
	"line":true,
	"strokeFrom":1.5,
	"strokeTo":1.5,
	"lenFrom":7,
	"lenTo":0,
	"lightColor":"BAFFF9FF",
	"colorFrom":"36B1DDFF",
	"colorTo":"BAFFF9FF"
	}	]	}	}
		}	}	]
}