{ 
"ammoTypes": {
		   "water": {
	       "type":"ContinuousFlameBulletType"
		       "damage": 20
		   "length":130
		   "knockback":6
		   "pierceCap":1
		   "buildingDamageMultiplier":0.3
		   "length":150
		   "rangeChange":30
		   "colors":["87CEFA" "87CEFA" "87CEFA" "F0FFFF"]
		   "flareColor":"87CEFA"
		   "lightColor":"87CEFA" 
}

		   "arkycite": {
	       "type":"ContinuousFlameBulletType"
		       "damage": 15
		   "length":130
		   "knockback":8
		   "pierceCap":1
		   "length":190
		   "rangeChange":60
		   "buildingDamageMultiplier":0.3
		   "colors":["b9dd82" "b9dd82" "b9dd82" "F0FFFF"]
		   "flareColor":"b9dd82"
		   "lightColor":"b9dd82" 
}

		   "slag": {
	       "type":"ContinuousFlameBulletType"
		   		   "status":"burning",
		   "statusDuration":180,
		       "damage": 30
		   "length":130
		   "knockback":1
		   "pierceCap":1
		   "length":180
		   "rangeChange":60
		   "buildingDamageMultiplier":0.3
		   "colors":["ffcd66" "ffcd66" "ffcd66" "F0FFFF"]
		   "flareColor":"ffcd66"
		   "lightColor":"ffcd66" 
}

		   "ozone": {
	       "type":"ContinuousFlameBulletType"
		       "damage": 45
		   "length":130
		   "knockback":1
		   "pierceCap":2
		   "buildingDamageMultiplier":0.3
		   "colors":["eb7abe" "e189f5" "907ef7" "91a4ff"]
}
		   "cyanogen": {
	       "type":"ContinuousFlameBulletType"
		       "damage": 105
		   "length":200
		   "rangeChange":70
		   "knockback":2
		   "pierceCap":3
		   "buildingDamageMultiplier":0.3
		   "colors":["465ab8" "66a6d2" "89e8b6" "cafcbe"]
		   "flareColor":"89e8b6"
		   "lightColor":"89e8b6" 
}
		   "hydrogen": {
	       "type":"ContinuousFlameBulletType"
		       "damage": 35
		   "length":130
		   "knockback":6
		   "pierceCap":3
		   "buildingDamageMultiplier":0.5
		   "length":180
		   "rangeChange":30
		   "colors":["C2E5FCFF" "C2E5FCFF" "C2E5FCFF" "F0FFFF"]
		   "flareColor":"C2E5FCFF"
		   "lightColor":"C2E5FCFF" 
}
		   "nitrogen": {
	       "type":"ContinuousFlameBulletType"
		       "damage": 25
		   "length":130
		   "knockback":6
		   "pierceCap":2
		   "buildingDamageMultiplier":0.5
		   "length":200
		   "rangeChange":30
		   "colors":["EAEAEAFF" "EAEAEAFF" "EAEAEAFF" "F0FFFF"]
		   "flareColor":"EAEAEAFF"
		   "lightColor":"EAEAEAFF" 
}
		   "neoplasm": {
	       "type":"ContinuousFlameBulletType"
		       "damage": 35
		   "length":160
		   "knockback":8
		   "pierceCap":2
		   "buildingDamageMultiplier":0.5
		   "length":200
		   "rangeChange":30
		   "colors":["DE5A4EFF" "DE5A4EFF" "DE5A4EFF" "F0FFFF"]
		   "flareColor":"DE5A4EFF"
		   "lightColor":"DE5A4EFF" 
		  }
		  		   "cryofluid": {
	       "type":"ContinuousFlameBulletType"
		   "damage": 20
		   "length":130
		   "knockback":8
		   "pierceCap":1
		   "length":190
		   "rangeChange":60
		   "buildingDamageMultiplier":0.3
		   "colors":["9FFFFDFF" "9FFFFDFF" "CEEEEEFF" "FFFFFFFF"]
		   "flareColor":"9FFFFDFF"
		   "lightColor":"9FFFFDFF" 
}

}}
