{
	"name": "屏障映射场",
	"description": "创造小型方型立场墙，反弹敌人子弹，反弹成功只减少70％护盾量",
//	"type": "ForceProjector",
	"health":480 ,
	"size":2,
	"radius":75,
	"sides": 4,
	"shieldRotation": 45,
	"phaseUseTime": 180
	"phaseRadiusBoost": 25//"buildCostMultiplier": 0.8,
	"basePowerDraw": 1.0
	"itemCapacity": 10,
	"shieldHealth":1250,
	"cooldownNormal":1.75,
	"cooldownLiquid":1.4,
	"cooldownBrokenBase":1,
"phaseShieldBoost":250
	"consumes":{
		"power":3.0 ,
		"coolant": {
			"amount": 0.25,
			"optional": true
		}
		"items": {
			"items": [
				"silicon/1"
			],
			"booster": true,
			"optional": true
		}
	},
	"requirements": [
	{ "item": "beryllium", "amount": 140 }
	{ "item": "tungsten", "amount": 80 }
	{ "item": "silicon", "amount": 110 }
	{ "item": "oxide", "amount": 20 }
	],
	"category": "effect",
	"research":"regen-projector"
}