{
    "name":"脉冲管道",
    //名子
    "type":"Duct",
    //类
    "description":"可以在液体上，速度更快"
    //筒介
    "health":100,
    //血
    "armor":1,
    //甲
    "size":1,
    //平方
    "speed":2.5,
    //速度
    "itemCapacity":1,
   //数量
    "placeableLiquid":true,
    //能否在液体上
    "bridgeReplacement": "脉冲管道桥"
	"junctionReplacement":"脉冲管道交叉器"
    "category": "distribution",
    "requirements": [
        "graphite/1",
	    "tungsten/1",
		],//建造需求
"research":"duct"//研究
}