{
"name":"弧光"
"description":"装备激光切割机,对建筑效果不佳"
"hovering":true
"rotateSpeed":3.6
"accel":0.09
"health":4800
"armor":12
"engineSize":3.2
"hitSize":38
"useEngineElection":false
"ammoCapacity":120//弹药容量
"controller":"FlyingAI"
"drag":0.07
"speed":1.6
"itemCapacity":80
"fogRadius":30
"immunities":["shocked"],
"abilities":[
]
"weapons":[
{"name":"弧光1"
"reload":70
"x":0
"y":0
"shootX":0
"shootY":0
"recoil":3
"inaccuracy":0
"mirror":false
"top":true
"rotate":false
"shootSound":"laser"
"bullet":{"type":"LaserBulletType"
"damage":300
"pierce":true
"pierceCap":3
"pierceArmor":true
"length":200
"buildingDamageMultiplier":0.2
"lifetime":10}
}
{"name":"弧光2"
"reload":12
"mirror":true
"x":8
"y":-8
"shootX":8
"shootY":-8
"rotateSpeed":3
"autoTarget":true
"predictTarget":false
"controllable":false
"targetBuildings":false
"bullet":{"type":"PointBulletType"
"damage":22
"lifetime":1
"speed":180
"buildingDamageMultiplier":0.2

"trailEffect":{
            "type":"ParticleEffect",
            "colorFrom":"FFFFFFFF",//开始时颜色
            "colorTo":"FFFFFFFF",//结束时颜色
            "particles":1,//粒子数量
            "lifetime":15,//存在时间
            "cone":0,//粒子扩散角度
            "length":1,//粒子移动长度
            "baseLength":0,//粒子在一定长度内出现
            "line":true,//形状为方形
            "strokeFrom":0.6,//开始时宽度
            "strokeTo":0,//结束时宽度
            "lenFrom":14,//开始时长度
            "lenTo":14,/*结束时长度*/}
}
}
]
}