{
"name":"白矮星",
"description":"重型驱逐舰,装备高速穿甲火炮",
"speed":1.6//速度
"accel":0.3,//加速度
"drag":0.05,//拖曳
"isEnemy":true,//被计算敌人
"ammoCapacity":300//弹药容量
"abilities":[
]
"hitSize":40//尺寸
"flying":true,//是否是飞行单位
"health":5280,//生命
"armor":15,//护甲
"itemCapacity":100
"fogRadius":32
"controller":"FlyingAI"
"weapons":[
{"name":"白矮星1"
"x":0
"y":0
"rotateSpeed":4
"mirror":false
"reload":5
"targetAir":false
	"inaccuracy":3
"bullet":{
"damage":50
"pierceArmor":true
"speed":12
"lifetime":20
"width":1.5
"height":12
"sprite":"tr-十字弹"
"trailLength":6
"trailWidth":1.2
"trailColor":"FFFFFFFF"
"status":"压制"
}
}
{"name":"白矮星2"
"x":8
"y":-3
"rotateSpeed":6
"mirror":true
"reload":10
"targetAir":false
	"inaccuracy":3
"bullet":{
"damage":55
"pierceArmor":true
"speed":12
"lifetime":16
"width":1.2
"height":8
"sprite":"tr-十字弹"
"trailLength":6
"trailWidth":1
"trailColor":"FFFFFFFF"
}
}
]

}