{
	"name": "燃煤轮机",
	"description": "燃烧易燃固体发电",
	"size": 3,
	"health": 360,
	"hasPower": true,
	"hasItems": true,
	"itemCapacity": 20,
	"itemDuration":60
	"powerProduction":12.5
	"updateEffect": "reactorsmoke",
	"explodeEffect":"blastExplosion",
	"consumes":{
	    "itemFlammable":{},
	    "liquid": "water/0.2"
	},
    "drawer": {
        "type": "DrawMulti",
        "drawers": [
            {
                "type": "DrawRegion",
                "suffix": "-bottom"
            },
            {
                "type": "DrawPlasma",
                "suffix": "-plasma-",
                "plasma1": "f69b2c7f",
            },
            {
                "type": "DrawDefault"
            },
        ]
    },
	"liquidCapacity": 120,
	"requirements": [
		{ "item": "塑料", "amount":200 },
		{ "item": "lead", "amount":200 },
		{"item":"graphite","amount":100},
		{"item":"silicon","amount":100},
		{"item":"titanium","amount":150},
	],
	"category": "power",
	"research": "steam-generator"
}
