{
    "name": "航空引擎",
    "configurable": true,
    "description": "涡扇发动机，通过燃油的爆燃推动涡扇发电，调节流量以调节效率",
    "size": 3,
    "health": 700,
	"hasPower": true,
    "hasLiquids": true,
    "powerProduction":45
	"liquidCapacity": 120,
	"ambientSound": "missileTrail",
	"ambientSoundVolume": 5,
    "drawer": {
        "type": "DrawMulti",
        "drawers": [
            "DrawDefault",
            "DrawWarmupRegion",
            {
                "type": "DrawRegion",
                "suffix": "-rotator4",
                "rotateSpeed": 20
            },
            {
                "type":"DrawRegion",
                "suffix":"-rotator4",
                "rotateSpeed":26
                "rotation":45
            }
            {
                "type": "DrawRegion",
                "suffix": "-rotator3",
                "rotateSpeed": 30,
            },
            {
                "type":"DrawRegion",
                "suffix":"-rotator2",
                "rotateSpeed":-30
                "rotation":45
            }
            {
                "type":"DrawRegion",
                "suffix":"-rotator2",
                "rotateSpeed":-30
                "rotation":45
            }
            {
                "type":"DrawRegion",
                "suffix":"-rotator3",
                "rotateSpeed":30
                "rotation":45
            }
            {
                "type":"DrawRegion",
                "suffix":"-rotator1",
                "rotateSpeed":40
                "spinSprite":true
            }
            {
                "type": "DrawRegion",
                "suffix": "-top"
            },
            {
                "type":"DrawRegion",
                "suffix":"-top1",
                "rotateSpeed":40
            }
        ]
    },
	"requirements": [
		{ "item": "钨", "amount":250 },
		{ "item": "thorium", "amount":150 },
		{"item":"graphite","amount":300},
		{"item":"单晶硅","amount":100},
		{"item":"titanium","amount":200},
		{"item":"铱","amount":50}
	],
    "research": "燃气轮机"
    "category": "power",
}
