{
	"name": "铀反应堆",
	"description": "从易裂变的铀中获取大量能量。本身并不会发出电能，需要将高压蒸汽通入蒸汽轮机中才能获取电能。务必及时转移高压蒸汽，否则反应堆将熔毁并剧烈爆炸",
	"details":"不要让切尔诺贝利事故重演"
	"size": 3,
	"type": "ConsumeGenerator",
	"health": 2000,
	"liquidCapacity": 2400,
	"explodeOnFull":true
	"itemCapacity": 100,
	"hasItems": true,
	"hasLiquids": true,
	"outputsPower": false
	"hasPower": false
	"lightColor": "FFFFFF",
	"explosionPuddles":300
	"explosionPuddleRange":240
	"explosionPuddleLiquid":"反应堆废料"
	"explosionPuddleAmount":500
	"explosionShake":15,
	"explosionShakeDuration":200,
	"explosionRadius": 40,
	"explosionDamage":10000,
	"explodeSound":"DBZ1",
	"explodeEffect": {
	"type": "MultiEffect",
	"effects": [
	{
			"type": "WaveEffect",
			"lifetime":120,
			"sizeFrom": 0,
			"sizeTo":640,
			"strokeFrom":48,
			"strokeTo": 0,
			"colorFrom": "EEC591",
			"colorTo": "ffffffff"
		},
	{"type": "ParticleEffect",
	"particles": 60,
	"interp": "pow10Out",
	"sizeInterp": "pow5In",
	"sizeFrom":90,
	"sizeTo": 0,
	"length": 800,
	"baseLength": 0,
	"lifetime":250,
	"colorFrom": "DEDEDE70",
	"colorTo": "DEDEDE70",
	"cone": 360
		},
	{"type": "ParticleEffect",
	"particles": 40,
	"interp": "pow10Out",
	"sizeInterp": "pow5In",
	"sizeFrom": 60,
	"sizeTo": 0,
	"length": 360,
	"baseLength": 0,
	"lifetime": 500,
	"colorFrom": "DEDEDE70",
	"colorTo": "DEDEDE70",
	"cone": 360
		},
	{"type": "ParticleEffect",
	"particles": 25,
	"interp": "pow10Out",
	"sizeInterp": "pow5In",
	"sizeFrom":30,
	"sizeTo": 0,
	"length": 250,
	"baseLength": 0,
	"lifetime": 1200,
	"colorFrom": "DEDEDE70",
	"colorTo": "DEDEDE70",
	"cone": 360
		},
		]	},
    "drawer": {
        "type": "DrawMulti",
        "drawers": [
            {
                "type": "DrawRegion",
                "suffix": "-bottom"
            },
            {
                "type": "DrawRegion",
                "suffix": "-侧"
            },
			{
		        "type":"DrawLiquidTile",
		        "drawLiquid":"cryofluid"
		    },
            {
                "type":"DrawRegion",
                "suffix":"-rotator1",
                "rotateSpeed":-0.5
            }
            "DrawDefault",
            "DrawWarmupRegion",
            {
                "type": "DrawRegion",
                "suffix": "-rotator2",
                "rotateSpeed":-2
            },
            {
                "type": "DrawRegion",
                "suffix": "-rotator3",
                "rotateSpeed": 1.5,
                "rotation": 45
            },
            {
                "type": "DrawRegion",
                "suffix": "-top"
            },
        ]
    },
	"consumes":{
	    	"liquid": {
			"liquid": "cryofluid",
			"amount":1
		},
		"items":{
		    "items":[
		        {"item":"铀","amount":1},
	        ]
		}
	}
	"outputLiquid":{"liquid":"高压蒸汽","amount":2}
	"requirements": [
		"lead/500",
		"graphite/300",
		"metaglass/100",
		"铱/50",
		"单晶硅/200"
		"塑料/200",
		"铀/50"
	],
	"category": "power",
	"research": {
		"parent": "thorium-reactor",
		"objectives": [
			{
				"type": "SectorComplete",
				"preset": "coastline"
			}
		]
	}
}