{
    "name": "风力发电机",
    "description": "使用风力进行发电。风会被一定范围内的固体方块阻挡。发电效率与阻挡量成负相关。",
    "size": 3,
    "health": 1500,
    "powerProduction": 3,
    "outputsPower": true,
	"drawer": {
		"type": "DrawMulti",
		"drawers": [
		    "DrawDefault"
		    {
                "type":"DrawRegion",
                "suffix":"-叶片",
                "rotateSpeed":3
                "spinSprite":true
            }
			{
			    "type": "DrawRegion",
				"suffix": "-top",
				"layer": 81
			}
		]
	}
    "consumes": {
    /*    "liquids":{
            "liquids":["燃油/1"]
        }*/
    }
	"requirements": [
		{ "item": "copper", "amount":150 },
		{ "item": "titanium", "amount":250 },
		{"item":"silicon","amount":150},
		{"item":"塑料","amount":100},
		{"item":"lead","amount":100},
	],
    "research": "燃气轮机"
    "category": "power",
}