{
"type":"flying"
"name":"牺牲",
"description":"冲向敌人并自毁。"
"speed":4,
"accel":0.1,
"drag":0.08,
"health":300,
"engineOffset":5.75,
"flying":true,
"hitSize":9,
"itemCapacity":20,
"engineSize":2.5
"range":8
"weapons":[
{
"shootOnDeath":true,
"reload":24,
"shootCone":180,
"ejectEffect":"none",
"shootSound":"explosion",
"mirror":false,
"bullet":{
"collidesTiles":false,
"hitSound":"explosion",
"rangeOverride":30,
"hitEffect":"pulverize",
"speed":0,
"splashDamageRadius":45,
"instantDisappear":true,
"splashDamage":125,
"killShooter":true,
"hittable":false,
"collidesAir":true,
}
}
]
"research":"奉献"
}