{
    "name":"并行硅冶炼厂",
    "type":"GenericCrafter"
    "description":"使用并行冶炼技术，高效提纯沙中的硅晶体",
    "health":400,
    "size":3,
    "outputItem":"silicon/4",
    "craftTime":90,
    "category":"crafting",
    "itemCapacity":25,
    "hasPower":true,
    "hasItems":true,
    "hasLiquids":false,
    "craftEffect": "smeltsmoke",
    "ambientSound":"smelter",
    "ambientSoundVolume":0.1,
    "consumes":{
        "power":2.5,
        "items":["sand/6", "coal/4"]
    },
    "requirements":[
        "graphite/30",
        "copper/65",
        "lead/30"
    ],
    "research":"silicon-smelter",
    "drawer":{
        "type":"DrawMulti",
        "drawers":[
            "DrawDefault",
            "DrawFlame"
        ]
    }
}