{
	"type": "GenericCrafter",
	"name": "制冰机",
	"description": "消耗雪和电制作冰块",
	"itemCapacity": 50,
	"outputItem": {
		"item": "冰块",
		"amount": 1
	},
	"size": 2,
	//	"flameColor": "#97FFFF",
	"hasPower": true,
	"hasLiquids": false,
	"hasItems": true,
	"craftTime": 44.5,
	"updateEffect": "smeltsmoke",
	"consumes": {
		"power": 1,
		"items": {
			"items": [
				{
					"item": "雪",
					"amount": 5
				}
			]
		}
	},
	"drawer": {
		"type": "DrawFlame",
		"flameColor": "#97FFFF"
	},
	"requirements": [
		{
			"item": "雪",
			"amount": 300
		},
		{
			"item": "lead",
			"amount": 80
		},
		{
			"item": "titanium",
			"amount": 50
		}
	],
	"category": "crafting",
	"loopSound": "respawning",
	"loopSoundVolume": 0.5,
	"research": "vault"
}