{
	"type": "GenericCrafter",
	"name": "砒霜工厂",
	"description": "需要电 从水中提取出砒霜.",
    "itemCapacity":50,
	"outputItem": { "item": "砒霜", "amount": 1},
	"size":3,
//	"flameColor":"#97FFFF",
	"drawer": {
		"type": "DrawFlame",
		flameColor: "#97FFFF"
	},
	"hasPower": true,
	"hasLiquids": true,
	"hasItems": true,
	"craftTime": 28,
	"updateEffect": "smeltsmoke",
	"consumes": {
		"power": 1
  "liquid": {
        "liquid": "water",
        "amount": 0.05
    }
},
	"requirements": [
		{ "item": "copper", "amount": 50 },
	    { "item": "lead", "amount": 200 },
		{ "item": "titanium", "amount": 100 },
		
			]
	"category": "crafting",
	"loopSound": "respawning",
	"loopSoundVolume": 0.5
	"research": "vault"
}