{
	"type": "GenericCrafter",
	"name": "聚能砒霜液态工厂",
	"description": "转换固态聚能砒霜为液态", 
	"itemCapacity": 20,
	"liquidCapacity": 120,
	"outputLiquid": {"liquid": "聚能砒霜液", "amount":6},
	"size": 2,
	"health":1000,
	"hasPower": true,
	"hasLiquids": true,
	"hasItems": true,
	"craftTime":4,
	"consumes": {
	 "power":3.0 ,
		"items":{
			"items":[
				{"item":"聚能砒霜","amount":1}
				]
			}
		},
	"requirements": [
	    { "item": "冰晶体", "amount": 100}
		{"item": "聚能砒霜", "amount":100}
	],
	"category": "crafting",		
	"research":"聚能砒霜工厂"
}
