{
	"type": "GenericCrafter",
	"name": "钻石压缩机",
	"description": "压缩煤炭出钻石",
	"itemCapacity":180 ,
	"outputItem": { "item": "钻石", "amount": 1},
	"size":3,
//	"flameColor": "#97FFFF",
	"drawer": {
		"type": "DrawFlame",
		flameColor: "#97FFFF"
	},
	"hasPower": true,
	"hasLiquids": false,
	"hasItems": true,
	"craftTime": 44.5,
	"updateEffect": "smeltsmoke",
	"consumes": {
		"power": 1,
		"items": {
			"items":  [
		{ "item": "coal", "amount": 90 }
		]
		}
	},
	"requirements": [
		{ "item": "雪", "amount": 300 },
	    { "item": "冰块", "amount": 80 },
		{ "item": "titanium", "amount": 50 }
		
			],
	"category": "crafting",
	"loopSound": "respawning",
	"loopSoundVolume": 0.5,
	"research": "vault"
}