{
"type":"ItemTurret",
	"name":"追迹",
    "description":"锐角拐弯，是水滴！",
	"size":2,//物品面积
	"health":500,//建筑血量
	"ammoPerShot":1,
	"moveWhileCharging": false,
	"shake":0.5
	"range":160,//攻击范围
	"reload":60,//60：0.1每秒一个
	"inaccuracy":60,//误差
	"shootSound":"laser",
	                  "ammoUseEffect": "casing2",
	"rotatespeed":2,//旋转速度
	"maxAmmo":10,//最大弹药
	"targetAir":true//攻击天空
	"targetGround":true,//攻击地面
		"canOverdrive": false,
	"coolantMultiplier":6,
	"heatColor":"#FFC5A4FF",
	"consumes": {
	"power":0.5,
        "coolant": {
            "amount": 0.1,
            "optional": true
        }
    },
    "requirements": [
		{ "item": "镍", "amount":50 },
		{ "item": "lead", "amount":30 },
	],
	"category": "turret",
	"research": {
	"parent": "强化核心"//科技树前置
	"requirements": [//研究花费
	"镍/50",
	"lead/30",
	]
	}
	"shootY":4
"shoot":{
"shots":3,
"shotDelay":3,
}
    "ammoTypes": {
    "镍":{
    "speed": 4,
			"damage": 20,
			"reloadMultiplier":1.2,
			"lifetime":45,
			"width": 6,
			"height": 6
			"shootEffect": "shootBig"
			"ammoMultiplier":3
//			"pierceCap":2,
			"trailLength": 5,
        "trailWidth": 1.5,
        "hitEffect":"flakExplosionBig"
        "frontColor": "BBFFEEFF",
        "backColor": "FFFFFFFF",
        "trailColor": "BBFFEEFF",
        "status": "burning",
		"statusDuration": 120,
        "homingRange":80,
        "homingPower":1
        "homingDelay":20
        "hitShake":0.25
"hitEffect": {/*击中特效*/
"type":"multiEffect",
"effects":[
{
			"type": "ParticleEffect",
			"line": true,
			"particles": 6,
			"lifetime": 20,
			"length": 30,
			"cone": 30,
			"lenFrom": 4,
			"lenTo": 4,
			"strokeFrom": 1.5,
			"strokeTo": 0,
			//"lightColor": "FF5845",
			//"colorFrom": "FFDCD8",
		//	"colorTo": "FF5845"
		},
		]
		}
		"shootEffect":{/*开火特效*/
"type":"multiEffect",
"effects":[
{
		"type": "ParticleEffect",
    "particles": 2,
    "length":20,
    "baseLength": 0,
    "lifetime": 15,
    "line": true,
    "lenFrom":4,
    "lenTo":8,
    "strokeFrom": 2,
    "strokeTo": 0,
        "cone": 40
        },
]
}
//"recoil": 1.2,
    },
    
    "lead":{
    "speed": 4,
			"damage": 15,
			"reloadMultiplier":1,
			"lifetime":45,
			"width": 6,
			"height": 6
			"shootEffect": "shootBig"
			"ammoMultiplier":3
			"pierceCap":2,
			"trailLength": 5,
        "trailWidth": 1.5,
        "hitEffect":"flakExplosionBig"
        "frontColor": "AB99D3FF",
        "backColor": "FFFFFFFF",
        "trailColor": "AB99D3FF",
        "homingRange":80,
        "homingPower":1
        "homingDelay":20
        "hitShake":0.25
"hitEffect": {/*击中特效*/
"type":"multiEffect",
"effects":[
{
			"type": "ParticleEffect",
			"line": true,
			"particles": 6,
			"lifetime": 20,
			"length": 30,
			"cone": 30,
			"lenFrom": 4,
			"lenTo": 4,
			"strokeFrom": 1.5,
			"strokeTo": 0,
			//"lightColor": "FF5845",
			//"colorFrom": "FFDCD8",
		//	"colorTo": "FF5845"
		},
		]
		}
		"shootEffect":{/*开火特效*/
"type":"multiEffect",
"effects":[
{
		"type": "ParticleEffect",
    "particles": 2,
    "length":20,
    "baseLength": 0,
    "lifetime": 15,
    "line": true,
    "lenFrom":4,
    "lenTo":8,
    "strokeFrom": 2,
    "strokeTo": 0,
        "cone": 40
        },
]
}
//"recoil": 1.2,
    },
    
    "钢化铅":{
    "speed": 4,
			"damage": 28,
			"reloadMultiplier":0.9,
			"lifetime":45,
			"width": 8,
			"height": 8
			"shootEffect": "shootBig"
			"ammoMultiplier":3
			"pierceCap":2,
			"trailLength": 5,
        "trailWidth": 2
        "hitEffect":"flakExplosionBig"
        "frontColor": "AB99D3FF",
        "backColor": "FFFFFFFF",
        "trailColor": "AB99D3FF",
        "homingRange":80,
        "homingPower":1
        "homingDelay":20
        "hitShake":0.25
"hitEffect": {/*击中特效*/
"type":"multiEffect",
"effects":[
{
			"type": "ParticleEffect",
			"line": true,
			"particles": 6,
			"lifetime": 20,
			"length": 30,
			"cone": 30,
			"lenFrom": 4,
			"lenTo": 4,
			"strokeFrom": 1.5,
			"strokeTo": 0,
			//"lightColor": "FF5845",
			//"colorFrom": "FFDCD8",
		//	"colorTo": "FF5845"
		},
		]
		}
		"shootEffect":{/*开火特效*/
"type":"multiEffect",
"effects":[
{
		"type": "ParticleEffect",
    "particles": 2,
    "length":20,
    "baseLength": 0,
    "lifetime": 15,
    "line": true,
    "lenFrom":4,
    "lenTo":8,
    "strokeFrom": 2,
    "strokeTo": 0,
        "cone": 40
        },
]
}
//"recoil": 1.2,
    },
}
}