{
"type":"ItemTurret",
	"name":"蓄能",
    "description":"芜↗（高级蓄力音效）\nbiu！(高级发射音效)\n伤害高，但是命中率感人",
	"size":3,//物品面积
	"health":1200,//建筑血量
	"ammoPerShot":1,
	"moveWhileCharging": false,
	"shake":2
	"range":180,//攻击范围
	"reload":180,//60：0.1每秒一个
	"inaccuracy":0,//误差
	"shootSound":"laser",
	                  "ammoUseEffect": "casing2",
	"rotatespeed":2,//旋转速度
	"maxAmmo":10,//最大弹药
	"targetAir":true//攻击天空
	"targetGround":true,//攻击地面
		"canOverdrive": false,
	"coolantMultiplier":4,
	"heatColor":"#FFC5A4FF",
	"consumes": {
	"power":2,
        "coolant": {
            "amount": 0.25,
            "optional": true
        }
    },
    "requirements": [
		{ "item": "镍", "amount":75 },
		{ "item": "lead", "amount":75 },
		{ "item": "钢化铅", "amount":50 },
	],
	"category": "turret",
	"research": {
	"parent": "a000追迹"//科技树前置
	"requirements": [//研究花费
	"镍/300",
	"lead/300",
	"钢化铅/200",
	]
	}
	"shootY":1
"shoot":{
"firstShotDelay":45,
}
    "ammoTypes": {
    "镍":{
    "speed": 4,
			"damage": 125,
			"reloadMultiplier":1.1,
			"lifetime":45,
			"width": 12,
			"height": 12
			"shootEffect": "shootBig"
			"ammoMultiplier":1
//			"pierceCap":2,
			"trailLength": 5,
        "trailWidth": 3,
        "hitEffect":"flakExplosionBig"
        "frontColor": "BBFFEEFF",
        "backColor": "FFFFFFFF",
        "trailColor": "BBFFEEFF",
        "splashDamageRadius":32,
        "splashDamage":200,
        "status": "burning",
		"statusDuration": 180,
        "homingRange":40,
        "homingPower":0.01
        "hitShake":2
        "buildingDamageMultiplier":0.25,
    "chargeEffect":{/*开火特效*/
"type":"multiEffect",
"effects":[
{
			"type": "ParticleEffect",
//			"line": true,
			"particles": 1,
			"lifetime": 45,
			"length": 0,
			"cone": 0,
			"sizeFrom": 0,
			"sizeTo": 3,
//			"lenFrom": 0,
//			"lenTo": 0,
//			"strokeFrom": 3,
//			"strokeTo": 0,
			"colorTo": "BBFFEEFF",
			"offsetX":5
		},
		{
		"type": "ParticleEffect",
    "particles": 3,
    "length":-10,
    "baseLength": 9,
    "lifetime": 40,
    "line": true,
    "lenFrom":6,
    "lenTo":0,
    "strokeFrom": 1.5,
    "strokeTo": 1.5,
        "cone": 50
        "colorFrom":"BBFFEEFF",
        "colorTo":"FFFFFFFF",
        "offsetX":5
        }
        {
		"type": "ParticleEffect",
    "particles": 3,
    "length":-15,
    "baseLength": 14,
    "lifetime": 40,
    "line": true,
    "lenFrom":8,
    "lenTo":0,
    "strokeFrom": 2,
    "strokeTo": 1.5,
        "cone": 50
        "colorFrom":"BBFFEEFF",
        "colorTo":"FFFFFFFF",
        "offsetX":5
        }
        {
"type":"WaveEffect",
"lifetime": 45,
"colorFrom":"BBFFEEFF",//颜色从
"colorTo":"BBFFEEFF",//颜色至
"lightColor":"BBFFEEFF",//浅色
"sizeFrom":24,//开始时圆环直径
"sizeTo":0,//结束时圆环直径
"lightScl":3.0,//轻量级
"lightOpacity":0.5,//光不透明
"sides":-1,//双方//效果不明
"rotation":-1,//回转//效果不明
"strokeFrom":0,//开始时圆形宽度
"strokeTo":1.5,//结束时圆环宽度
//"interp":linear,//插值
//"lightInterp":reverse,//插值
"offsetX":5,//偏转x
"offsetY":0//偏转y
"startDelay":0,//开始延迟
}
]
}

"hitEffect": {/*击中特效*/
"type":"multiEffect",
"effects":[
{
			"type": "ParticleEffect",
			"line": true,
			"particles": 6,
			"lifetime": 20,
			"length": 30,
			"cone": 360,
			"lenFrom": 4,
			"lenTo": 4,
			"strokeFrom": 1.5,
			"strokeTo": 0,
			//"lightColor": "FF5845",
			//"colorFrom": "FFDCD8",
		//	"colorTo": "FF5845"
		},
		{
"type":"WaveEffect",
"lifetime": 15,
"colorFrom":"BBFFEEFF",//颜色从
"colorTo":"BBFFEEFF",//颜色至
"lightColor":"BBFFEEFF",//浅色
"sizeFrom":0,//开始时圆环直径
"sizeTo":32,//结束时圆环直径
"lightScl":3.0,//轻量级
"lightOpacity":0.5,//光不透明
"sides":-1,//双方//效果不明
"rotation":-1,//回转//效果不明
"strokeFrom":2.5,//开始时圆形宽度
"strokeTo":0,//结束时圆环宽度
//"interp":linear,//插值
//"lightInterp":reverse,//插值
"offsetX":0,//偏转x
"offsetY":0//偏转y
"startDelay":0,//开始延迟
}
		]
		}
		"shootEffect":{/*开火特效*/
"type":"multiEffect",
"effects":[
{
		"type": "ParticleEffect",
    "particles": 4,
    "length":20,
    "baseLength": 0,
    "lifetime": 15,
    "line": true,
    "lenFrom":4,
    "lenTo":8,
    "strokeFrom": 2,
    "strokeTo": 0,
        "cone": 40
        },
        {
"type":"WaveEffect",
"lifetime": 15,
"colorFrom":"BBFFEEFF",//颜色从
"colorTo":"BBFFEEFF",//颜色至
"lightColor":"BBFFEEFF",//浅色
"sizeFrom":0,//开始时圆环直径
"sizeTo":16,//结束时圆环直径
"lightScl":3.0,//轻量级
"lightOpacity":0.5,//光不透明
"sides":-1,//双方//效果不明
"rotation":-1,//回转//效果不明
"strokeFrom":2.5,//开始时圆形宽度
"strokeTo":0,//结束时圆环宽度
//"interp":linear,//插值
//"lightInterp":reverse,//插值
"offsetX":5,//偏转x
"offsetY":0//偏转y
"startDelay":0,//开始延迟
}
]
}
"despawnEffect":{/*子弹消失特效*/
"type":"multiEffect",
"effects":[
{
"type":"WaveEffect",
"lifetime": 15,
"colorFrom":"BBFFEEFF",//颜色从
"colorTo":"BBFFEEFF",//颜色至
"lightColor":"BBFFEEFF",//浅色
"sizeFrom":0,//开始时圆环直径
"sizeTo":32,//结束时圆环直径
"lightScl":3.0,//轻量级
"lightOpacity":0.5,//光不透明
"sides":-1,//双方//效果不明
"rotation":-1,//回转//效果不明
"strokeFrom":2.5,//开始时圆形宽度
"strokeTo":0,//结束时圆环宽度
//"interp":linear,//插值
//"lightInterp":reverse,//插值
"offsetX":0,//偏转x
"offsetY":0//偏转y
"startDelay":0,//开始延迟
}
]
}
//"recoil": 1.2,
    },
    
    
    
    
    
    
    "lead":{
    "speed": 4,
			"damage": 100,
			"reloadMultiplier":1,
			"lifetime":45,
			"width": 12,
			"height": 12
			"shootEffect": "shootBig"
			"ammoMultiplier":1
//			"pierceCap":2,
			"trailLength": 5,
        "trailWidth": 3,
        "hitEffect":"flakExplosionBig"
        "frontColor": "AB99D3FF",
        "backColor": "AB99D3FF",
        "trailColor": "AB99D3FF",
        "splashDamageRadius":32,
        "splashDamage":125,
        "homingRange":40,
        "homingPower":0.01
        "hitShake":2
        "buildingDamageMultiplier":0.25,
        "fragBullets":2,
			"fragRandomSpread":25,//随机分裂角度
			"fragSpread":0,//分裂角度
			"fragAngle":0,//分裂起始角度
			"fragVelocityMin":0.85,//最小分裂弹速度
	    "fragVelocityMax":1.15,//最大分裂弹速
	    "fragBullet":{
	    "speed": 3,
			"damage": 25,
			"reloadMultiplier":1,
			"lifetime":15,
			"width": 6,
			"height": 6
			"shootEffect": "shootBig"
//			"ammoMultiplier":1
//			"pierceCap":2,
			"trailLength": 2.5,
        "trailWidth": 1.5,
        "hitEffect":"none"
        "frontColor": "AB99D3FF",
        "backColor": "FFFFFFFF",
        "trailColor": "AB99D3FF",
        "splashDamageRadius":12,
        "splashDamage":45,
//        "homingRange":40,
//        "homingPower":0.01
        "hitShake":0.75
        "buildingDamageMultiplier":0.25,
        "despawnEffect":{/*子弹消失特效*/
"type":"multiEffect",
"effects":[
{
"type":"WaveEffect",
"lifetime": 10,
"colorFrom":"AB99D3FF",//颜色从
"colorTo":"AB99D3FF",//颜色至
"lightColor":"AB99D3FF",//浅色
"sizeFrom":0,//开始时圆环直径
"sizeTo":12,//结束时圆环直径
"lightScl":3.0,//轻量级
"lightOpacity":0.5,//光不透明
"sides":-1,//双方//效果不明
"rotation":-1,//回转//效果不明
"strokeFrom":1,//开始时圆形宽度
"strokeTo":0,//结束时圆环宽度
//"interp":linear,//插值
//"lightInterp":reverse,//插值
"offsetX":0,//偏转x
"offsetY":0//偏转y
"startDelay":0,//开始延迟
}
]
}
	    }
    "chargeEffect":{/*开火特效*/
"type":"multiEffect",
"effects":[
{
			"type": "ParticleEffect",
//			"line": true,
			"particles": 1,
			"lifetime": 45,
			"length": 0,
			"cone": 0,
			"sizeFrom": 0,
			"sizeTo": 3,
//			"lenFrom": 0,
//			"lenTo": 0,
//			"strokeFrom": 3,
//			"strokeTo": 0,
			"colorTo": "AB99D3FF",
			"offsetX":5
		},
		{
		"type": "ParticleEffect",
    "particles": 3,
    "length":-10,
    "baseLength": 9,
    "lifetime": 40,
    "line": true,
    "lenFrom":6,
    "lenTo":0,
    "strokeFrom": 1.5,
    "strokeTo": 1.5,
        "cone": 50
        "colorFrom":"AB99D3FF",
        "colorTo":"FFFFFFFF",
        "offsetX":5
        }
        {
		"type": "ParticleEffect",
    "particles": 3,
    "length":-15,
    "baseLength": 14,
    "lifetime": 40,
    "line": true,
    "lenFrom":8,
    "lenTo":0,
    "strokeFrom": 2,
    "strokeTo": 1.5,
        "cone": 50
        "colorFrom":"AB99D3FF",
        "colorTo":"FFFFFFFF",
        "offsetX":5
        }
        {
"type":"WaveEffect",
"lifetime": 45,
"colorFrom":"AB99D3FF",//颜色从
"colorTo":"AB99D3FF",//颜色至
"lightColor":"AB99D3FF",//浅色
"sizeFrom":24,//开始时圆环直径
"sizeTo":0,//结束时圆环直径
"lightScl":3.0,//轻量级
"lightOpacity":0.5,//光不透明
"sides":-1,//双方//效果不明
"rotation":-1,//回转//效果不明
"strokeFrom":0,//开始时圆形宽度
"strokeTo":1.5,//结束时圆环宽度
//"interp":linear,//插值
//"lightInterp":reverse,//插值
"offsetX":5,//偏转x
"offsetY":0//偏转y
"startDelay":0,//开始延迟
}
]
}

"hitEffect": {/*击中特效*/
"type":"multiEffect",
"effects":[
{
			"type": "ParticleEffect",
			"line": true,
			"particles": 6,
			"lifetime": 20,
			"length": 30,
			"cone": 360,
			"lenFrom": 4,
			"lenTo": 4,
			"strokeFrom": 1.5,
			"strokeTo": 0,
			//"lightColor": "FF5845",
			//"colorFrom": "FFDCD8",
		//	"colorTo": "FF5845"
		},
		{
"type":"WaveEffect",
"lifetime": 15,
"colorFrom":"AB99D3FF",//颜色从
"colorTo":"AB99D3FF",//颜色至
"lightColor":"AB99D3FF",//浅色
"sizeFrom":0,//开始时圆环直径
"sizeTo":32,//结束时圆环直径
"lightScl":3.0,//轻量级
"lightOpacity":0.5,//光不透明
"sides":-1,//双方//效果不明
"rotation":-1,//回转//效果不明
"strokeFrom":2.5,//开始时圆形宽度
"strokeTo":0,//结束时圆环宽度
//"interp":linear,//插值
//"lightInterp":reverse,//插值
"offsetX":0,//偏转x
"offsetY":0//偏转y
"startDelay":0,//开始延迟
}
		]
		}
		"shootEffect":{/*开火特效*/
"type":"multiEffect",
"effects":[
{
		"type": "ParticleEffect",
    "particles": 4,
    "length":20,
    "baseLength": 0,
    "lifetime": 15,
    "line": true,
    "lenFrom":4,
    "lenTo":8,
    "strokeFrom": 2,
    "strokeTo": 0,
        "cone": 40
        },
        {
"type":"WaveEffect",
"lifetime": 15,
"colorFrom":"AB99D3FF",//颜色从
"colorTo":"AB99D3FF",//颜色至
"lightColor":"AB99D3FF",//浅色
"sizeFrom":0,//开始时圆环直径
"sizeTo":16,//结束时圆环直径
"lightScl":3.0,//轻量级
"lightOpacity":0.5,//光不透明
"sides":-1,//双方//效果不明
"rotation":-1,//回转//效果不明
"strokeFrom":2.5,//开始时圆形宽度
"strokeTo":0,//结束时圆环宽度
//"interp":linear,//插值
//"lightInterp":reverse,//插值
"offsetX":5,//偏转x
"offsetY":0//偏转y
"startDelay":0,//开始延迟
}
]
}
"despawnEffect":{/*子弹消失特效*/
"type":"multiEffect",
"effects":[
{
"type":"WaveEffect",
"lifetime": 15,
"colorFrom":"AB99D3FF",//颜色从
"colorTo":"AB99D3FF",//颜色至
"lightColor":"AB99D3FF",//浅色
"sizeFrom":0,//开始时圆环直径
"sizeTo":32,//结束时圆环直径
"lightScl":3.0,//轻量级
"lightOpacity":0.5,//光不透明
"sides":-1,//双方//效果不明
"rotation":-1,//回转//效果不明
"strokeFrom":2.5,//开始时圆形宽度
"strokeTo":0,//结束时圆环宽度
//"interp":linear,//插值
//"lightInterp":reverse,//插值
"offsetX":0,//偏转x
"offsetY":0//偏转y
"startDelay":0,//开始延迟
}
]
}
//"recoil": 1.2,
    },
    
    
    
    
    
    
    "铥":{
    "speed": 4,
			"damage": 100,
			"reloadMultiplier":0.8,
			"lifetime":45,
			"width": 12,
			"height": 12
			"shootEffect": "shootBig"
			"ammoMultiplier":1
//			"pierceCap":2,
			"trailLength": 5,
        "trailWidth": 3,
        "hitEffect":"flakExplosionBig"
        "frontColor": "A6E095FF",
        "backColor": "A6E095FF",
        "trailColor": "A6E095FF",
        "splashDamageRadius":32,
        "splashDamage":160,
        "homingRange":40,
        "homingPower":0.01
        "hitShake":2
        "buildingDamageMultiplier":0.25,
        "status":"铥中毒"
        "statusDuration": 360//状态持续时间
        "fragBullets":3,
			"fragRandomSpread":25,//随机分裂角度
			"fragSpread":0,//分裂角度
			"fragAngle":0,//分裂起始角度
			"fragVelocityMin":0.85,//最小分裂弹速度
	    "fragVelocityMax":1.15,//最大分裂弹速
	    "fragBullet":{
	    "speed": 3,
			"damage": 25,
			"reloadMultiplier":1,
			"lifetime":15,
			"width": 6,
			"height": 6
			"shootEffect": "shootBig"
//			"ammoMultiplier":1
//			"pierceCap":2,
			"trailLength": 2.5,
        "trailWidth": 1.5,
        "hitEffect":"none"
        "frontColor": "A6E095FF",
        "backColor": "FFFFFFFF",
        "trailColor": "A6E095FF",
        "splashDamageRadius":12,
        "splashDamage":60,
//        "homingRange":40,
//        "homingPower":0.01
        "hitShake":0.75
        "buildingDamageMultiplier":0.25,
        "status":"铥中毒"
        "statusDuration": 240//状态持续时间
        "despawnEffect":{/*子弹消失特效*/
"type":"multiEffect",
"effects":[
{
"type":"WaveEffect",
"lifetime": 10,
"colorFrom":"A6E095FF",//颜色从
"colorTo":"A6E095FF",//颜色至
"lightColor":"A6E095FF",//浅色
"sizeFrom":0,//开始时圆环直径
"sizeTo":12,//结束时圆环直径
"lightScl":3.0,//轻量级
"lightOpacity":0.5,//光不透明
"sides":-1,//双方//效果不明
"rotation":-1,//回转//效果不明
"strokeFrom":1,//开始时圆形宽度
"strokeTo":0,//结束时圆环宽度
//"interp":linear,//插值
//"lightInterp":reverse,//插值
"offsetX":0,//偏转x
"offsetY":0//偏转y
"startDelay":0,//开始延迟
}
]
}
	    }
    "chargeEffect":{/*开火特效*/
"type":"multiEffect",
"effects":[
{
			"type": "ParticleEffect",
//			"line": true,
			"particles": 1,
			"lifetime": 45,
			"length": 0,
			"cone": 0,
			"sizeFrom": 0,
			"sizeTo": 3,
//			"lenFrom": 0,
//			"lenTo": 0,
//			"strokeFrom": 3,
//			"strokeTo": 0,
			"colorTo": "A6E095FF",
			"offsetX":5
		},
		{
		"type": "ParticleEffect",
    "particles": 3,
    "length":-10,
    "baseLength": 9,
    "lifetime": 40,
    "line": true,
    "lenFrom":6,
    "lenTo":0,
    "strokeFrom": 1.5,
    "strokeTo": 1.5,
        "cone": 50
        "colorFrom":"A6E095FF",
        "colorTo":"FFFFFFFF",
        "offsetX":5
        }
        {
		"type": "ParticleEffect",
    "particles": 3,
    "length":-15,
    "baseLength": 14,
    "lifetime": 40,
    "line": true,
    "lenFrom":8,
    "lenTo":0,
    "strokeFrom": 2,
    "strokeTo": 1.5,
        "cone": 50
        "colorFrom":"A6E095FF",
        "colorTo":"FFFFFFFF",
        "offsetX":5
        }
        {
"type":"WaveEffect",
"lifetime": 45,
"colorFrom":"A6E095FF",//颜色从
"colorTo":"A6E095FF",//颜色至
"lightColor":"A6E095FF",//浅色
"sizeFrom":24,//开始时圆环直径
"sizeTo":0,//结束时圆环直径
"lightScl":3.0,//轻量级
"lightOpacity":0.5,//光不透明
"sides":-1,//双方//效果不明
"rotation":-1,//回转//效果不明
"strokeFrom":0,//开始时圆形宽度
"strokeTo":1.5,//结束时圆环宽度
//"interp":linear,//插值
//"lightInterp":reverse,//插值
"offsetX":5,//偏转x
"offsetY":0//偏转y
"startDelay":0,//开始延迟
}
]
}

"hitEffect": {/*击中特效*/
"type":"multiEffect",
"effects":[
{
			"type": "ParticleEffect",
			"line": true,
			"particles": 6,
			"lifetime": 20,
			"length": 30,
			"cone": 360,
			"lenFrom": 4,
			"lenTo": 4,
			"strokeFrom": 1.5,
			"strokeTo": 0,
			//"lightColor": "FF5845",
			//"colorFrom": "FFDCD8",
		//	"colorTo": "FF5845"
		},
		{
"type":"WaveEffect",
"lifetime": 15,
"colorFrom":"A6E095FF",//颜色从
"colorTo":"A6E095FF",//颜色至
"lightColor":"A6E095FF",//浅色
"sizeFrom":0,//开始时圆环直径
"sizeTo":32,//结束时圆环直径
"lightScl":3.0,//轻量级
"lightOpacity":0.5,//光不透明
"sides":-1,//双方//效果不明
"rotation":-1,//回转//效果不明
"strokeFrom":2.5,//开始时圆形宽度
"strokeTo":0,//结束时圆环宽度
//"interp":linear,//插值
//"lightInterp":reverse,//插值
"offsetX":0,//偏转x
"offsetY":0//偏转y
"startDelay":0,//开始延迟
}
		]
		}
		"shootEffect":{/*开火特效*/
"type":"multiEffect",
"effects":[
{
		"type": "ParticleEffect",
    "particles": 4,
    "length":20,
    "baseLength": 0,
    "lifetime": 15,
    "line": true,
    "lenFrom":4,
    "lenTo":8,
    "strokeFrom": 2,
    "strokeTo": 0,
        "cone": 40
        },
        {
"type":"WaveEffect",
"lifetime": 15,
"colorFrom":"A6E095FF",//颜色从
"colorTo":"A6E095FF",//颜色至
"lightColor":"A6E095FF",//浅色
"sizeFrom":0,//开始时圆环直径
"sizeTo":16,//结束时圆环直径
"lightScl":3.0,//轻量级
"lightOpacity":0.5,//光不透明
"sides":-1,//双方//效果不明
"rotation":-1,//回转//效果不明
"strokeFrom":2.5,//开始时圆形宽度
"strokeTo":0,//结束时圆环宽度
//"interp":linear,//插值
//"lightInterp":reverse,//插值
"offsetX":5,//偏转x
"offsetY":0//偏转y
"startDelay":0,//开始延迟
}
]
}
"despawnEffect":{/*子弹消失特效*/
"type":"multiEffect",
"effects":[
{
"type":"WaveEffect",
"lifetime": 15,
"colorFrom":"A6E095FF",//颜色从
"colorTo":"A6E095FF",//颜色至
"lightColor":"A6E095FF",//浅色
"sizeFrom":0,//开始时圆环直径
"sizeTo":32,//结束时圆环直径
"lightScl":3.0,//轻量级
"lightOpacity":0.5,//光不透明
"sides":-1,//双方//效果不明
"rotation":-1,//回转//效果不明
"strokeFrom":2.5,//开始时圆形宽度
"strokeTo":0,//结束时圆环宽度
//"interp":linear,//插值
//"lightInterp":reverse,//插值
"offsetX":0,//偏转x
"offsetY":0//偏转y
"startDelay":0,//开始延迟
}
]
}
//"recoil": 1.2,
    },
    
    
    
    
    
    
    "钢化铅":{
    "speed": 5,
			"damage": 150,
			"reloadMultiplier":0.9,
			"lifetime":36,
			"width": 14,
			"height": 14
			"shootEffect": "shootBig"
			"ammoMultiplier":1
//			"pierceCap":2,
			"trailLength": 5,
        "trailWidth": 3.4,
        "hitEffect":"flakExplosionBig"
        "frontColor": "AB99D3FF",
        "backColor": "AB99D3FF",
        "trailColor": "AB99D3FF",
        "splashDamageRadius":32,
        "splashDamage":150,
        "homingRange":40,
        "homingPower":0.01
        "hitShake":2
        "buildingDamageMultiplier":0.25,
        "fragBullets":3,
			"fragRandomSpread":25,//随机分裂角度
			"fragSpread":0,//分裂角度
			"fragAngle":0,//分裂起始角度
			"fragVelocityMin":0.85,//最小分裂弹速度
	    "fragVelocityMax":1.15,//最大分裂弹速
	    "fragBullet":{
	    "speed": 4,
			"damage": 50,
			"reloadMultiplier":1,
			"lifetime":15,
			"width": 6,
			"height": 6
			"shootEffect": "shootBig"
//			"ammoMultiplier":1
//			"pierceCap":2,
			"trailLength": 2.5,
        "trailWidth": 1.5,
        "hitEffect":"none"
        "frontColor": "AB99D3FF",
        "backColor": "FFFFFFFF",
        "trailColor": "AB99D3FF",
        "splashDamageRadius":12,
        "splashDamage":45,
//        "homingRange":40,
//        "homingPower":0.01
        "hitShake":0.75
        "buildingDamageMultiplier":0.25,
        "despawnEffect":{/*子弹消失特效*/
"type":"multiEffect",
"effects":[
{
"type":"WaveEffect",
"lifetime": 10,
"colorFrom":"AB99D3FF",//颜色从
"colorTo":"AB99D3FF",//颜色至
"lightColor":"AB99D3FF",//浅色
"sizeFrom":0,//开始时圆环直径
"sizeTo":12,//结束时圆环直径
"lightScl":3.0,//轻量级
"lightOpacity":0.5,//光不透明
"sides":-1,//双方//效果不明
"rotation":-1,//回转//效果不明
"strokeFrom":1,//开始时圆形宽度
"strokeTo":0,//结束时圆环宽度
//"interp":linear,//插值
//"lightInterp":reverse,//插值
"offsetX":0,//偏转x
"offsetY":0//偏转y
"startDelay":0,//开始延迟
}
]
}
	    }
    "chargeEffect":{/*开火特效*/
"type":"multiEffect",
"effects":[
{
			"type": "ParticleEffect",
//			"line": true,
			"particles": 1,
			"lifetime": 45,
			"length": 0,
			"cone": 0,
			"sizeFrom": 0,
			"sizeTo": 3,
//			"lenFrom": 0,
//			"lenTo": 0,
//			"strokeFrom": 3,
//			"strokeTo": 0,
			"colorTo": "AB99D3FF",
			"offsetX":5
		},
		{
		"type": "ParticleEffect",
    "particles": 3,
    "length":-10,
    "baseLength": 9,
    "lifetime": 40,
    "line": true,
    "lenFrom":6,
    "lenTo":0,
    "strokeFrom": 1.5,
    "strokeTo": 1.5,
        "cone": 50
        "colorFrom":"AB99D3FF",
        "colorTo":"FFFFFFFF",
        "offsetX":5
        }
        {
		"type": "ParticleEffect",
    "particles": 3,
    "length":-15,
    "baseLength": 14,
    "lifetime": 40,
    "line": true,
    "lenFrom":8,
    "lenTo":0,
    "strokeFrom": 2,
    "strokeTo": 1.5,
        "cone": 50
        "colorFrom":"AB99D3FF",
        "colorTo":"FFFFFFFF",
        "offsetX":5
        }
        {
"type":"WaveEffect",
"lifetime": 45,
"colorFrom":"AB99D3FF",//颜色从
"colorTo":"AB99D3FF",//颜色至
"lightColor":"AB99D3FF",//浅色
"sizeFrom":24,//开始时圆环直径
"sizeTo":0,//结束时圆环直径
"lightScl":3.0,//轻量级
"lightOpacity":0.5,//光不透明
"sides":-1,//双方//效果不明
"rotation":-1,//回转//效果不明
"strokeFrom":0,//开始时圆形宽度
"strokeTo":1.5,//结束时圆环宽度
//"interp":linear,//插值
//"lightInterp":reverse,//插值
"offsetX":5,//偏转x
"offsetY":0//偏转y
"startDelay":0,//开始延迟
}
]
}

"hitEffect": {/*击中特效*/
"type":"multiEffect",
"effects":[
{
			"type": "ParticleEffect",
			"line": true,
			"particles": 6,
			"lifetime": 20,
			"length": 30,
			"cone": 360,
			"lenFrom": 4,
			"lenTo": 4,
			"strokeFrom": 1.5,
			"strokeTo": 0,
			//"lightColor": "FF5845",
			//"colorFrom": "FFDCD8",
		//	"colorTo": "FF5845"
		},
		{
"type":"WaveEffect",
"lifetime": 15,
"colorFrom":"AB99D3FF",//颜色从
"colorTo":"AB99D3FF",//颜色至
"lightColor":"AB99D3FF",//浅色
"sizeFrom":0,//开始时圆环直径
"sizeTo":32,//结束时圆环直径
"lightScl":3.0,//轻量级
"lightOpacity":0.5,//光不透明
"sides":-1,//双方//效果不明
"rotation":-1,//回转//效果不明
"strokeFrom":2.5,//开始时圆形宽度
"strokeTo":0,//结束时圆环宽度
//"interp":linear,//插值
//"lightInterp":reverse,//插值
"offsetX":0,//偏转x
"offsetY":0//偏转y
"startDelay":0,//开始延迟
}
		]
		}
		"shootEffect":{/*开火特效*/
"type":"multiEffect",
"effects":[
{
		"type": "ParticleEffect",
    "particles": 4,
    "length":20,
    "baseLength": 0,
    "lifetime": 15,
    "line": true,
    "lenFrom":4,
    "lenTo":8,
    "strokeFrom": 2,
    "strokeTo": 0,
        "cone": 40
        },
        {
"type":"WaveEffect",
"lifetime": 15,
"colorFrom":"AB99D3FF",//颜色从
"colorTo":"AB99D3FF",//颜色至
"lightColor":"AB99D3FF",//浅色
"sizeFrom":0,//开始时圆环直径
"sizeTo":16,//结束时圆环直径
"lightScl":3.0,//轻量级
"lightOpacity":0.5,//光不透明
"sides":-1,//双方//效果不明
"rotation":-1,//回转//效果不明
"strokeFrom":2.5,//开始时圆形宽度
"strokeTo":0,//结束时圆环宽度
//"interp":linear,//插值
//"lightInterp":reverse,//插值
"offsetX":5,//偏转x
"offsetY":0//偏转y
"startDelay":0,//开始延迟
}
]
}
"despawnEffect":{/*子弹消失特效*/
"type":"multiEffect",
"effects":[
{
"type":"WaveEffect",
"lifetime": 15,
"colorFrom":"AB99D3FF",//颜色从
"colorTo":"AB99D3FF",//颜色至
"lightColor":"AB99D3FF",//浅色
"sizeFrom":0,//开始时圆环直径
"sizeTo":32,//结束时圆环直径
"lightScl":3.0,//轻量级
"lightOpacity":0.5,//光不透明
"sides":-1,//双方//效果不明
"rotation":-1,//回转//效果不明
"strokeFrom":2.5,//开始时圆形宽度
"strokeTo":0,//结束时圆环宽度
//"interp":linear,//插值
//"lightInterp":reverse,//插值
"offsetX":0,//偏转x
"offsetY":0//偏转y
"startDelay":0,//开始延迟
}
]
}
//"recoil": 1.2,
    },
    }
}