{
"type":"ItemTurret",
	"name":"铥蜂",
    "description":"蜂巢，蜂巢你又怎么了\n看似强化版蜂巢，实则就是削弱",
	"size":2,//物品面积
	"health":700,//建筑血量
	"ammoPerShot":1,
	"shake":0.75
	"range":240,//攻击范围
	"reload":50,//60：0.1每秒一个
	"inaccuracy":5,//误差
	"shootSound":"missile",
	                  "ammoUseEffect": "casing2",
	"rotatespeed":2,//旋转速度
	"maxAmmo":20,//最大弹药
	"targetAir":true//攻击天空
	"targetGround":true,//攻击地面
		"canOverdrive": false,
	"coolantMultiplier":5,
	"heatColor":"#FFC5A4FF",
	"consumes": {
//	"power":2,
        "coolant": {
            "amount": 0.2,
            "optional": true
        }
    },
    "requirements": [
		{ "item": "镍", "amount":25 },
		{ "item": "lead", "amount":50 },
		{ "item": "铥", "amount":70 },
	],
	"category": "turret",
	"research": {
	"parent": "a002焚熙"//科技树前置
	"requirements": [//研究花费
	"镍/300",
	"lead/600",
	"铥/840",
	]
	}
	"shootY":6
"shoot":{
"shots":2
"shotDelay":5,
"type":"ShootBarrel",
"barrels":[
-7,0,0,
-4,0,0,
-2,0,0,
2,0,0,
4,0,0,
7,0,0,
]
}
	"ammoTypes":{
					"铥": {
					"frontColor":"A6E095FF",
            "backColor":"A6E095FF",
						"type":"MissileBulletType",
							"damage": 16,
							"trailColor":"A6E095FF"
			"speed": 3,
			"lifetime":85,
			"width": 6,
			"height": 10,
			"reloadMultiplier":0.8,
			"status":"铥中毒"
        "statusDuration": 240//状态持续时间
			"shootEffect": "shootBig" 	
			"ammoMultiplier":5,
				    "splashDamageRadius":32,
	    "splashDamage":24,	
//	    "lightningDamage": 12,
//"lightning": 2,
//"lightningLength": 10
    "homingPower":0.03,
	  	"homingRange":40,
	  	"hitEffect":{
    	    "type": "MultiEffect",
					"effects": [
{
        "type": "WaveEffect",
        "lifetime": 15,
        "sizeFrom": 1,
        "sizeTo": 32,
        "strokeFrom": 2,
        "strokeTo": 0,
        "colorFrom": "A6E095FF",
        "colorTo": "FFFFFFFF"
    }
                        {
							"type": "ParticleEffect",
							"particles": 3,
							"sizeFrom": 5,
							"sizeTo": 0,
							"length": 40,
							"baseLength": 0,
							"lifetime": 20,
							"colorFrom": "A6E095FF",
							"colorTo": "A6E095FF",
							"cone": 360
						},
						{
							"type": "ParticleEffect",
							"particles": 3,
							"sizeFrom": 2,
							"sizeTo": 0,
							"length": 48,
							"baseLength": 0,
							"lifetime": 20,
							"colorFrom": "A6E095FF",
							"colorTo": "A6E095FF",
							"cone": 360
						},
						{
		"type": "ParticleEffect",
    "particles": 3,
    "length":48,
    "baseLength": 0,
    "lifetime": 15,
    "line": true,
    "lenFrom":4,
    "lenTo":0,
    "strokeFrom": 1,
    "strokeTo": 1,
        "cone": 360
        "colorFrom":"A6E095FF",
        "colorTo":"A6E095FF",
        }
        {
		"type": "ParticleEffect",
    "particles": 3,
    "length":56,
    "baseLength": 0,
    "lifetime": 20,
    "line": true,
    "lenFrom":5,
    "lenTo":0,
    "strokeFrom": 1,
    "strokeTo": 1,
        "cone": 360
        "colorFrom":"A6E095FF",
        "colorTo":"A6E095FF",
        }
						]
						}
//	  	"status":"shocked",
	  		   	   },
	  		   	   
	  		   	   
	  		   	   
	  		   	   "lead": {
					"frontColor":"AB99D3FF",
            "backColor":"AB99D3FF",
						"type":"MissileBulletType",
							"damage": 10,
							"trailColor":"AB99D3FF"
			"speed": 3,
			"lifetime":85,
			"width": 6,
			"height": 10,
			"shootEffect": "shootBig" 	
			"ammoMultiplier":4,
			"reloadMultiplier":1.2,
				    "splashDamageRadius":24,
	    "splashDamage":17,	
//	    "lightningDamage": 12,
//"lightning": 2,
//"lightningLength": 10
    "homingPower":0.03,
	  	"homingRange":40,
	  	"hitEffect":{
    	    "type": "MultiEffect",
					"effects": [
{
        "type": "WaveEffect",
        "lifetime": 15,
        "sizeFrom": 1,
        "sizeTo": 25,
        "strokeFrom": 2,
        "strokeTo": 0,
        "colorFrom": "AB99D3FF",
        "colorTo": "FFFFFFFF"
    }
                        {
							"type": "ParticleEffect",
							"particles": 3,
							"sizeFrom": 5,
							"sizeTo": 0,
							"length": 32,
							"baseLength": 0,
							"lifetime": 20,
							"colorFrom": "AB99D3FF",
							"colorTo": "AB99D3FF",
							"cone": 360
						},
						{
							"type": "ParticleEffect",
							"particles": 3,
							"sizeFrom": 2,
							"sizeTo": 0,
							"length": 40,
							"baseLength": 0,
							"lifetime": 20,
							"colorFrom": "AB99D3FF",
							"colorTo": "AB99D3FF",
							"cone": 360
						},
						{
		"type": "ParticleEffect",
    "particles": 3,
    "length":40,
    "baseLength": 0,
    "lifetime": 15,
    "line": true,
    "lenFrom":4,
    "lenTo":0,
    "strokeFrom": 1,
    "strokeTo": 1,
        "cone": 360
        "colorFrom":"AB99D3FF",
        "colorTo":"AB99D3FF",
        }
        {
		"type": "ParticleEffect",
    "particles": 3,
    "length":48,
    "baseLength": 0,
    "lifetime": 20,
    "line": true,
    "lenFrom":5,
    "lenTo":0,
    "strokeFrom": 1,
    "strokeTo": 1,
        "cone": 360
        "colorFrom":"AB99D3FF",
        "colorTo":"AB99D3FF",
        }
						]
						}
//	  	"status":"shocked",
	  		   	   },
	  		   	   "titanium": {
					"frontColor":"A4B8FAFF",
            "backColor":"A4B8FAFF",
						"type":"MissileBulletType",
							"damage": 20,
							"trailColor":"A4B8FAFF"
			"speed": 3,
			"lifetime":85,
			"width": 6,
			"height": 10,
			"reloadMultiplier":1,
			"shootEffect": "shootBig" 	
			"ammoMultiplier":5,
				    "splashDamageRadius":24,
	    "splashDamage":24,	
//	    "lightningDamage": 12,
//"lightning": 2,
//"lightningLength": 10
    "homingPower":0.03,
	  	"homingRange":40,
	  	"hitEffect":{
    	    "type": "MultiEffect",
					"effects": [
{
        "type": "WaveEffect",
        "lifetime": 15,
        "sizeFrom": 1,
        "sizeTo": 25,
        "strokeFrom": 2,
        "strokeTo": 0,
        "colorFrom": "A4B8FAFF",
        "colorTo": "FFFFFFFF"
    }
                        {
							"type": "ParticleEffect",
							"particles": 3,
							"sizeFrom": 5,
							"sizeTo": 0,
							"length": 32,
							"baseLength": 0,
							"lifetime": 20,
							"colorFrom": "A4B8FAFF",
							"colorTo": "A4B8FAFF",
							"cone": 360
						},
						{
							"type": "ParticleEffect",
							"particles": 3,
							"sizeFrom": 2,
							"sizeTo": 0,
							"length": 40,
							"baseLength": 0,
							"lifetime": 20,
							"colorFrom": "A4B8FAFF",
							"colorTo": "A4B8FAFF",
							"cone": 360
						},
						{
		"type": "ParticleEffect",
    "particles": 3,
    "length":40,
    "baseLength": 0,
    "lifetime": 15,
    "line": true,
    "lenFrom":4,
    "lenTo":0,
    "strokeFrom": 1,
    "strokeTo": 1,
        "cone": 360
        "colorFrom":"A4B8FAFF",
        "colorTo":"A4B8FAFF",
        }
        {
		"type": "ParticleEffect",
    "particles": 3,
    "length":48,
    "baseLength": 0,
    "lifetime": 20,
    "line": true,
    "lenFrom":5,
    "lenTo":0,
    "strokeFrom": 1,
    "strokeTo": 1,
        "cone": 360
        "colorFrom":"A4B8FAFF",
        "colorTo":"A4B8FAFF",
        }
						]
						}
//	  	"status":"shocked",
	  		   	   },
	  		   	   
	  		   	   
	  		   	   
	  		   	   
	  		   	   
	  		   	   "石墨烯": {
					"frontColor":"95ABD9FF",
            "backColor":"95ABD9FF",
						"type":"MissileBulletType",
							"damage": 20,
							"trailColor":"95ABD9FF"
			"speed": 3,
			"lifetime":85,
			"width": 6,
			"height": 10,
			"shootEffect": "shootBig" 	
			"ammoMultiplier":4,
			"reloadMultiplier":0.8,
				    "splashDamageRadius":24,
	    "splashDamage":30,	
//	    "lightningDamage": 12,
//"lightning": 2,
//"lightningLength": 10
    "homingPower":0.03,
	  	"homingRange":40,
	  	"hitEffect":{
    	    "type": "MultiEffect",
					"effects": [
{
        "type": "WaveEffect",
        "lifetime": 15,
        "sizeFrom": 1,
        "sizeTo": 25,
        "strokeFrom": 2,
        "strokeTo": 0,
        "colorFrom": "95ABD9FF",
        "colorTo": "FFFFFFFF"
    }
                        {
							"type": "ParticleEffect",
							"particles": 3,
							"sizeFrom": 5,
							"sizeTo": 0,
							"length": 32,
							"baseLength": 0,
							"lifetime": 20,
							"colorFrom": "95ABD9FF",
							"colorTo": "95ABD9FF",
							"cone": 360
						},
						{
							"type": "ParticleEffect",
							"particles": 3,
							"sizeFrom": 2,
							"sizeTo": 0,
							"length": 40,
							"baseLength": 0,
							"lifetime": 20,
							"colorFrom": "95ABD9FF",
							"colorTo": "95ABD9FF",
							"cone": 360
						},
						{
		"type": "ParticleEffect",
    "particles": 3,
    "length":40,
    "baseLength": 0,
    "lifetime": 15,
    "line": true,
    "lenFrom":4,
    "lenTo":0,
    "strokeFrom": 1,
    "strokeTo": 1,
        "cone": 360
        "colorFrom":"95ABD9FF",
        "colorTo":"95ABD9FF",
        }
        {
		"type": "ParticleEffect",
    "particles": 3,
    "length":48,
    "baseLength": 0,
    "lifetime": 20,
    "line": true,
    "lenFrom":5,
    "lenTo":0,
    "strokeFrom": 1,
    "strokeTo": 1,
        "cone": 360
        "colorFrom":"95ABD9FF",
        "colorTo":"95ABD9FF",
        }
						]
						}
//	  	"status":"shocked",
	  		   	   },
	  		   	   }
}