{
	"type":"ItemTurret",
	"name":"熔焰",
    "description":"煤炭伤害高，十倍烈火刀刀爆",
	"size":2,//物品面积
	"health":996,//建筑血量
	"ammoPerShot":1,
	"range":80,//攻击范围
	"reload":5,//60：0.1每秒一个
		"recoil":0,//后坐力,
	"inaccuracy":0,//误差
	                  "ammoPerShot":1,
	                      "consumes": {
        "coolant": {
            "amount": 0.1,
            "optional": true
        }
    },
	"rotateSpeed":3.5,//旋转速度
	"maxAmmo":20,//最大弹药
	"targetAir":false//攻击天空
	"targetGround":true,//攻击地面
	"coolantMultiplier":2,
	

	
	"heatColor":"#FF0000",
			"shootSound":"flame",
	"ammoTypes":{
	"镍": {
						"type":"BulletType",
		    "reloadMultiplier":1,
			"speed": 7,
			"lifetime":15,
"reloadMultiplier":1,
			            "pierce": true,
			            "pierceBuilding": true,
			                        "hittable": false,
            "keepVelocity": false,
					"ammoMultiplier":4,
			"shootEffect": "shootBig" 	
						"damage": 25,
			            "shootEffect": {
                "type": "MultiEffect",
                "effects": [
                    {
                        "type": "ParticleEffect",
                        "particles": 15,
                        "sizeTo": 0,
                        "sizeFrom": 2.5,
                        "colorTo": "db661c",
                        "colorFrom": "BBFFEEFF",
                        
                        "cone": 5,
                        
                    "length": 60,
                    
                        "lifetime": 30,
                        "layer": 101,
                        "interp": "circleOut",
                        "sizeInterp": "pow2In"
                    },
                    {
                        "type": "ParticleEffect",
                        "particles": 24,
                        "sizeTo": 0,
                        "sizeFrom": 3,
                        "colorTo": "db661c",
                        "colorFrom": "BBFFEEFF",
                        
                        "cone": 5,
                        
                    "length": 80,
                    
                        "lifetime": 30,
                        "layer": 101,
                        "interp": "circleOut",
                        "sizeInterp": "pow2In"
                    },
                    
                                     {
                        "type": "ParticleEffect",
                        "particles": 12,
                        "sizeTo": 1,
                        "sizeFrom": 3,
                        
                        "colorTo": "454545ff",
                        
                        "colorFrom": "BBFFEEFF",
                       
                       
                        "cone": 15,
                        "length": 100,
                        "lifetime": 30,
                        "layer": 100,
                        "interp": "circleOut",
                    }   
                    
                    
                ]
            },
			
		            "despawnEffect": "none",
            "hitEffect": "hitFlameSmall"
				    	},
	
	
	
	
	
					"coal": {
//						"type":"FireBulletType",
		    "reloadMultiplier":1,
			"speed": 7,
			"status":"burning",
	    "statusDuration":240,
			"lifetime":15,
//    "radius":9,
//    "velMin":0.6,
//    "velMax":2.6,
//    "fireTrailChance":0.04
//    "trailEffect2":"ballfire"
//    "fireEffectChance":0.1,
//    "fireEffectChance2":0.1,
    "colorFrom":"ffb855"
    "colorTo":"db661c"
//    "colorMid":"454545ff"
			            "pierce": true,
			            "pierceBuilding": true,
			                        "hittable": false,
            "keepVelocity": false,
					"ammoMultiplier":3,
			"shootEffect": "shootBig" 	
						"damage": 48,
			            "shootEffect": {
                "type": "MultiEffect",
                "effects": [
                    {
                        "type": "ParticleEffect",
                        "particles": 15,
                        "sizeTo": 0,
                        "sizeFrom": 2.5,
                        "colorTo": "db661c",
                        "colorFrom": "ffb855",
                        
                        "cone": 5,
                        
                    "length": 60,
                    
                        "lifetime": 30,
                        "layer": 101,
                        "interp": "circleOut",
                        "sizeInterp": "pow2In"
                    },
                    {
                        "type": "ParticleEffect",
                        "particles": 24,
                        "sizeTo": 0,
                        "sizeFrom": 3,
                        "colorTo": "db661c",
                        "colorFrom": "ffb855",
                        
                        "cone": 5,
                        
                    "length": 80,
                    
                        "lifetime": 30,
                        "layer": 101,
                        "interp": "circleOut",
                        "sizeInterp": "pow2In"
                    },
                    
                                     {
                        "type": "ParticleEffect",
                        "particles": 12,
                        "sizeTo": 1,
                        "sizeFrom": 3,
                        
                        "colorTo": "454545ff",
                        
                        "colorFrom": "db661c",
                       
                       
                        "cone": 15,
                        "length": 100,
                        "lifetime": 30,
                        "layer": 100,
                        "interp": "circleOut",
                    }   
                    
                    
                ]
            },
			
		            "despawnEffect": "none",
            "hitEffect": "hitFlameSmall"
				    	},
				    	
				    	
				    	
				    	
				    	"铥": {
						"type":"BulletType",
		    "reloadMultiplier":1,
			"speed": 7,
			"status":"铥中毒",
	    "statusDuration":300,
			"lifetime":15,
"reloadMultiplier":0.8,
			            "pierce": true,
			            "pierceBuilding": true,
			                        "hittable": false,
            "keepVelocity": false,
					"ammoMultiplier":4,
			"shootEffect": "shootBig" 	
						"damage": 35,
			            "shootEffect": {
                "type": "MultiEffect",
                "effects": [
                    {
                        "type": "ParticleEffect",
                        "particles": 15,
                        "sizeTo": 0,
                        "sizeFrom": 2.5,
                        "colorTo": "db661c",
                        "colorFrom": "A6E095FF",
                        
                        "cone": 5,
                        
                    "length": 60,
                    
                        "lifetime": 30,
                        "layer": 101,
                        "interp": "circleOut",
                        "sizeInterp": "pow2In"
                    },
                    {
                        "type": "ParticleEffect",
                        "particles": 24,
                        "sizeTo": 0,
                        "sizeFrom": 3,
                        "colorTo": "db661c",
                        "colorFrom": "A6E095FF",
                        
                        "cone": 5,
                        
                    "length": 80,
                    
                        "lifetime": 30,
                        "layer": 101,
                        "interp": "circleOut",
                        "sizeInterp": "pow2In"
                    },
                    
                                     {
                        "type": "ParticleEffect",
                        "particles": 12,
                        "sizeTo": 1,
                        "sizeFrom": 3,
                        
                        "colorTo": "454545ff",
                        
                        "colorFrom": "A6E095FF",
                       
                       
                        "cone": 15,
                        "length": 100,
                        "lifetime": 30,
                        "layer": 100,
                        "interp": "circleOut",
                    }   
                    
                    
                ]
            },
			
		            "despawnEffect": "none",
            "hitEffect": "hitFlameSmall"
				    	},
	},
	"requirements": [
		{ "item": "镍", "amount":50 },
		{ "item": "铥", "amount":50 },
		{ "item": "石英", "amount":50 },
	],
	"category": "turret",
	"research":{
	"parent": "a004逝影"//科技树前置
	"requirements": [//研究花费
	"镍/1000",
	"铥/1000",
	"石英/1000",
	]
	}
}