{
"type":"PowerTurret",
	"name":"碎裂",
    "description":"芜↗（高级蓄力音效）\nbiu！(高级发射音效)",
	"size":4,//物品面积
	"health":2000,//建筑血量
//	"ammoPerShot":2,
	"shake":8
	"range":280,//攻击范围
	"reload":240,//60：0.1每秒一个
	"inaccuracy":0,//误差
	"shootSound":"laser",
	                  "ammoUseEffect": "casing2",
	"rotatespeed":2,//旋转速度
	"maxAmmo":10,//最大弹药
	"targetAir":true//攻击天空
	"targetGround":true,//攻击地面
		"canOverdrive": false,
	"coolantMultiplier":2,
	"heatColor":"#FFC5A4FF",
	"consumes": {
	"power":10,
        "coolant": {
            "amount": 0.35,
            "optional": true
        }
    },
    "requirements": [
		{ "item": "镍", "amount":400 },
		{ "item": "lead", "amount":200 },
		{ "item": "铥", "amount":300 },
		{ "item": "石墨烯", "amount":300 },
	],
	"category": "turret",
	"research": {
	"parent": "a005旁稷"//科技树前置
	"requirements": [//研究花费
	"镍/4000",
	"lead/2000",
	"铥/3000",
	"石墨烯/3000",
	]
	}
	"shootY":1
"shoot":{
"firstShotDelay":0,
}
    "shootType": {
    "speed": 5,
			"damage": 200,
			"reloadMultiplier":1.1,
			"lifetime":60,
			"width": 16,
			"height": 16
			"shootEffect": "shootBig"
			"ammoMultiplier":1
//			"pierceCap":2,
			"trailLength": 16,
        "trailWidth": 4,
        "hitEffect":"flakExplosionBig"
        "frontColor": "BBFFEEFF",
        "backColor": "FFFFFFFF",
        "trailColor": "BBFFEEFF",
        "splashDamageRadius":60,
        "splashDamage":300,
        "homingRange":40,
        "homingPower":0.01
        "hitShake":12
        "bulletInterval":2,//分裂间隔
                "intervalRandomSpread":0,//随机角度
                "intervalBullets":1,//分裂子弹数
                "intervalAngle":0,//分裂起始角度
                "intervalSpread":0,//分裂角度（建立在起始角度基础之上，所有分裂子弹的角度总和）
                "fragVelocityMin":1,
                "fragVelocityMax":1,
        "intervalBullet":{//分裂出的子弹
        "type":"LaserBulletType",//基础子弹
"damage":30,
"sideAngle":0,
"sideWidth":0
"sideLength":0,
"length":80,
"pierce":true
"pierceBuilding":true
"colors":["FFDCD8FF","FFDCD8FF","FFFFFFFF"],//颜色
        }
"hitEffect": {/*击中特效*/
"type":"multiEffect",
"effects":[
{
			"type": "ParticleEffect",
//			"line": true,
			"particles": 1,
			"lifetime": 20,
			"length": 30,
			"cone": 360,
			"sizeFrom": 60,
			"sizeTo": 60,
//			"strokeFrom": 1.5,
//			"strokeTo": 0,
			//"lightColor": "FF5845",
			"colorFrom": "FFDCD8FF",
			"colorTo": "FF584500"
		},
		]
		}
"despawnEffect":"none"
"fragBullets":5,
"fragRandomSpread":25,//随机分裂角度
"fragSpread":360,//分裂角度
"fragAngle":0,//分裂起始角度
"fragVelocityMin":1,//最小分裂弹速度
"fragVelocityMax":1,//最大分裂弹速
	"fragBullet":{
	"type":"LaserBulletType",//基础子弹
"damage":50,
"sideAngle":5,
"sideWidth":5,
"sideLength":5
"length":120,
"pierceCap":5,
//"collidesAir":false,
//"collidesGround":true,
//"buildingDamageMultiplier":0.25,
//"recoil": 1.2,
"colors":["FFDCD8FF","FFDCD8FF","FFFFFFFF"],//颜色
	}
	"shootEffect":{/*开火特效*/
"type":"multiEffect",
"effects":[
{
		"type": "ParticleEffect",
    "particles": 4,
    "length":45,
    "baseLength": 0,
    "lifetime": 13,
    "line": true,
    "lenFrom":8,
    "lenTo":18,
    "strokeFrom": 2,
    "strokeTo": 0,
        "cone": 20
        "colorFrom":"FFDCD8FF",
        "colorTo":"FFDCD800",
        },
]
}
    }
}