{
    "type": "StackConveyor",
    "name": "紫渊合金打包传送带",
    "health": 285,
    "requirements": [
        "lead/2",
        "silicon/1",
        "紫渊合金/1",
        "copper/2"
    ],
    "category": "distribution",
    "research": {
        "parent": "plastanium-conveyor",
        "requirements": [
            "lead/40",
            "silicon/10",
            "紫渊合金/6",
            "copper/30"
        ],
        "objectives": [
            {
                "type": "SectorComplete",
                "preset": "groundZero"
            },
            {
                "type": "SectorComplete",
                "preset": "craters"
            },
            {
                "type": "SectorComplete",
                "preset": "windsweptIslands"
            },
            {
                "type": "OnSector",
                "preset": "stainedMountains"
            },
            {
                "type": "OnSector",
                "preset": "saltFlats"
            },
            {
                "type": "OnSector",
                "preset": "fungalPass"
            },
            {
                "type": "OnSector",
                "preset": "extractionOutpost"
            },
            {
                "type": "OnSector",
                "preset": "coastline"
            }
        ]
    },
    "speed": 0.09,
    "itemCapacity": 54,
    "outputRouter": false,
    "hasPower": true,
    "consumesPower": true,
    "conductivePower": true,
    "underBullets": true,
    "baseEfficiency": 1,
    "consumes": {
        "power": 0.04085,
        "liquid": {
            "liquid": "water",
            "amount": 0.02,
            "booster": true,
            "optional": true
        }
    },
    "coolantMultiplier": 2,
    "liquidCapacity": 16,
    "hasLiquid": true,
    "insulated": false
}