{
    "requirements": [
        {
            "item": "lead",
            "amount": 15
        },
        {
            "item": "titanium",
            "amount": 30
        },
        {
            "item": "graphite",
            "amount": 5
        }
    ],
    "health": 400,
    "consumes": {
        "power": 0.5
    },
	"category": "crafting",
	"research":"incinerator",
	
	
	"description": "除了装甲的提升跟普通焚化炉无异。",
	"type": "Incinerator",
	"name": "装甲焚化炉"
}