{
  "name": "氰加热器",
  "description": "利用氰气产生大量热量",
  "type": "HeatProducer",
  "drawer": {
    "type": "DrawMulti",
    "drawers": [
      {
        "type": "DrawRegion",
        "suffix": "-bottom",
      },
      {
        "type": "DrawLiquidTile",
        "drawLiquid": "cyanogen",
        "alpha": 1,
      },
      {
        "type": "DrawDefault",
      },
      {
        "type": "DrawGlowRegion",
        "color": "fdb380"
      },
      {
        "type": "DrawHeatOutput"
      }
    ]
  }
  "requirements": [
    "beryllium/120",
    "carbide/120",
    "tungsten/120",
    "static-compound/60",
    "oxide/60",
  ],
  "size": 3,
  "heatOutput": 20,
  "regionRotated1": 1,
  "ambientSound": "hum",
  "itemCapacity": "10",
  "consumes": {
    "liquids": [
      "cyanogen/0.0166"
    ]
  },
  "research": "slag-heater",
  "category": "crafting",
  "craftTime": "60",
}
