{

//copper 铜 lead 铅 coal 煤 spore-pod 孢子荚
//graphite 石墨 silicon 硅 titanium 钛 thorium 钍
//plastanium 塑钢 surge-alloy 巨浪合金 phase-fabric 相织布
//pyratite 硫 blast-compound 爆炸混合物 metaglass 钢化玻璃

	"type":"GenericCrafter",
	"name":"大型粉碎机",
	"outputItem":"sand/10",
	"itemCapacity":40,
	"drawer":{
		"type":"DrawMulti",
		"drawers":[
			{
				"type":"DrawDefault"
			},
			{
				"type":"DrawRegion",
				//这个type允许新增旋转贴图
				//当然，旋转速度设为0也可以新增静态贴图
				"suffix":"-rotator",
				//"贴图后缀"
				"rotateSpeed":2
				//贴图旋转速度
			},
			{
				"type":"DrawRegion",
				"suffix":"-top"
			}
		]
	}
	"updateEffect":"pulverizeSmall",
	"craftEffect":"pulverize",
	"ambientSound":"grinding",
	//环境音效
	"ambientSoundVolume":0.035,
	//环境音效音量
	"health":160,
	"craftTime":75,
	//生产时间60:1
	"description":"更快速高效的将废料粉碎成细沙。"
	"size":2,
	"consumes":{
		"power":1.5,
		"items":{
			"items":[
				"scrap/9",
			]
		}
	}
	"requirements":[
		"lead/60",
		"titanium/30",
		"copper/50",
	],
	"research":"pulverizer",
	"category":"crafting"
}