{

//copper 铜 lead 铅 coal 煤 spore-pod 孢子荚
//graphite 石墨 silicon 硅 titanium 钛 thorium 钍
//plastanium 塑钢 surge-alloy 巨浪合金 phase-fabric 相织布
//pyratite 硫 blast-compound 爆炸混合物 metaglass 钢化玻璃

	"name":"孢子躁动厂",
	"outputItem":"躁动孢子/1",
	"itemCapacity":10,
	"drawer":{
		"type":"DrawMulti",
		"drawers":[
			{
	            "type":"DrawRegion",
	            "suffix":"-bottom"
	        },
			{
				"type":"DrawDefault"
			},
			{
				"type":"DrawWeave",
			}
		]
	}
	"health":220,
	"craftTime":50,
	//生产时间60:1
	"description":"让孢子躁动起来……"
	"size":2,
	"consumes":{
		"power":0.5,
		"items":{
			"items":[
				"spore-pod/1",
				"sand/1",
			]
		}
	}
	"requirements":[
		"titanium/10",
		"metaglass/15",
		"lead/30"
	]
	"category":"production"
}