{
	"type":"Separator",
	"name":"超解机",
	"description":"高效率的产生高级物质，需要大量电力……",
	"health":800,
	"size":3,
	"itemCapacity":45,
	"liquidCapacity":45,
	"hasItems":true,
	//允许进入物资
	"spinnerSpeed":18,
	//转子转速
	"hasLiquids":true,
	//允许进入液体
	"hasPower":true,
	//允许并入电网
	"craftTime":8,
	//生产速度
	"results":["titanium/12","thorium/6","graphite/6","plastanium/3","phase-fabric/1","metaglass/8"],
	//出货比例
	"consumes":{
		"power":15
		"items":{
			"items":[
				"scrap/1",
			]
		}
		"liquid":{
			"liquid":"slag",
			"amount":0.125,
		}
	}
	"requirements":[
		"titanium/300",
		"silicon/200",
		"铧金/60",
		"thorium/85"
	]
	"research":"disassembler",
	"category":"crafting"
}