{

//copper 铜 lead 铅 coal 煤 spore-pod 孢子荚
//graphite 石墨 silicon 硅 titanium 钛 thorium 钍
//plastanium 塑钢 surge-alloy 巨浪合金 phase-fabric 相织布
//pyratite 硫 blast-compound 爆炸混合物 metaglass 钢化玻璃

	"type":"GenericCrafter",
	//GenericSmelter已经删除，需要加-top贴图的需要以下结构:
	"drawer":{
		"type":"DrawMulti",
		"drawers":[
			{
				"type":"DrawDefault"
			},
			{
				"type":"DrawFlame"
				//这个type允许使用-top贴图
				"color":"ffef99"
			}
		]
	}
	"name":"铧能硅炉",
	"outputItem":"silicon/5",
	"itemCapacity":60,
	"health":820,
	"craftTime":46,
	//生产时间
	"description":"利用了铧金的能量，只需要电力维持运转就能高效产硅……"
	"size":3,
	"consumes":{
		"power":3.5,
		//耗电公式为：1=60
		"items":{
			"items":[
				"sand/5",
			]
		}
	}
	"requirements":[
		"铧金/150",
		"titanium/120",
		"graphite/80",
		"metaglass/65",
		"lead/180",
		"plastanium/55"
	]
	"research":"silicon-crucible",
	//科技树中位于合金工厂的后面
	//加工特效，目前为石墨的特效
	"category":"crafting"
	//在建筑菜单中位于工厂子页面
	
	//turret 炮塔子页面 production 钻头子页面 
	//defense 墙子页面 power 电力子页面
	//logic 逻辑子页面 units 单位子页面
	//liquid 液体子页面 distribution 传送带子页面
	//effect 修复仪子页面
}