{

//copper 铜 lead 铅 coal 煤 spore-pod 孢子荚
//graphite 石墨 silicon 硅 titanium 钛 thorium 钍
//plastanium 塑钢 surge-alloy 巨浪合金 phase-fabric 相织布
//pyratite 硫 blast-compound 爆炸混合物 metaglass 钢化玻璃

	"type":"GenericCrafter",
	//GenericSmelter已经删除，需要加-top贴图的需要以下结构:
	"drawer":{
		"type":"DrawMulti",
		"drawers":[
			{
	            "type":"DrawRegion",
	            "suffix":"-bottom",
	        },
			{
				"type":"DrawDefault"
			},
			{
				"type":"DrawFlame"
				//这个type允许使用-top贴图并添加火焰特效
				"color":"ffef99"
			},
			{
				"type":"DrawWeave"
			}
		]
	}
	"name":"铧金工厂",
	"outputItem":"铧金/1",
	//"outputLiquid":"污水/1.5",
	"itemCapacity":60,
	"health":700,
	"craftTime":60,
	"updateEffect":"none",
	"craftEffect":"spawn",
	"description":"物质在其中被轰击后压缩成铧金，需要大量电力……"
	"size":3,
	"consumes":{
		"power":25,
		//"liquid":{"liquid":"cryofluid", "amount":0.085}
		"items":{
			"items":[
				"thorium/4",
				"titanium/6",
				"plastanium/3",
				"lead/5"
			]
		}
	}
	"requirements":[
		"plastanium/60",
		"titanium/100",
		"surge-alloy/80",
		"metaglass/120",
		"lead/200"
	]
	"research":"alloy-smelter",
	//科技树中位于合金工厂的后面
	//加工特效，目前为石墨的特效
	"category":"crafting"
	//在建筑菜单中位于工厂子页面
	
	//turret 炮塔子页面 production 钻头子页面 
	//defense 墙子页面 power 电力子页面
	//logic 逻辑子页面 units 单位子页面
	//liquid 液体子页面 distribution 传送带子页面
	//effect 修复仪子页面
}