{

//copper 铜 lead 铅 coal 煤 spore-pod 孢子荚
//graphite 石墨 silicon 硅 titanium 钛 thorium 钍
//plastanium 塑钢 surge-alloy 巨浪合金 phase-fabric 相织布
//pyratite 硫 blast-compound 爆炸混合物 metaglass 钢化玻璃

	"type":"GenericCrafter",
	//GenericSmelter已经删除，需要加-top贴图的需要以下结构:
	"drawer":{
		"type":"DrawMulti",
		"drawers":[
			{
				"type":"DrawDefault"
			},
			{
				"type":"DrawFlame"
				//这个type允许使用-top贴图并且会产生火焰特效
			}
		]
	}
	"name":"高精窑炉",
	"outputItem":"metaglass/1",
	"itemCapacity":6,
	"health":120,
	"craftTime":20,
	//生产时间
	"description":"体积更小，产速更快，但电力消耗更高……"
	"size":1,
	"consumes":{
		"power":0.9,
		//耗电公式为：1=60
		"items":{
			"items":[
				"sand/1",
				"lead/1"
			]
		}
	}
	"requirements":[
		"copper/30",
		"lead/15",
		"graphite/15"
		"titanium/10"
	]
	"research":"kiln",
	"category":"crafting"
	//在建筑菜单中位于工厂子页面
	
	//turret 炮塔子页面 production 钻头子页面 
	//defense 墙子页面 power 电力子页面
	//logic 逻辑子页面 units 单位子页面
	//liquid 液体子页面 distribution 传送带子页面
	//effect 修复仪子页面
}