{
 "name":"钍制钻头",
 "type": "Drill",
 "description":"请输入文本",
 "size": 2,
 "health": 400,
 "tier": 6,
 "drillTime":240,
 "liquidBoostIntensity":2,
 "canOverdrive": true,
 "warmupSpeed": 0.02,
 "drillEffect": "none",
 "updateEffect": "none",
 "rotateSpeed": 2,
 "drawMineItem": false,
 "consumes": {
 "liquid": {
 "liquid": "water",
 "amount": 0.05,
 "booster": true,
 "optional": true
 }
 },
 "itemCapacity": 10,
 "liquidCapacity": 10,
 "requirements":[	
 { "item": "thorium", "amount": 12 },
 { "item": "beryllium", "amount": 0 },
 ],
 "category": "production",
 "research": "钍ed"
}
