{
    "type": "UnitFactory",
    "category": "units",
    "name": "机甲制造厂",
    "description": "生产机甲单位，输出单位可以直接投入战场或再次升级。",
    "research": {
        "parent": "bhaa前哨核心",
        "requirements": [
            "铁/300",
            "graphite/360",
            "silicon/300"
        ]
    },
    "requirements": [
        "铁/100",
        "graphite/120",
        "silicon/100"
    ],
    "consumes": {
        "power": 3
    },
    "health": 1360,
    "size": 3,
    "plans": [
        {
            "unit": "abaa立案",
            "time": 1200,
            "requirements": [
                "铁/30",
                "graphite/30",
                "silicon/30"
            ]
        },
        {
            "unit": "abba修缮",
            "time": 1200,
            "requirements": [
                "锡/40",
                "镍/40",
                "graphite/40",
                "silicon/40"
            ]
        }
    ]
}