{
    "type": "UnitFactory",
    "category": "units",
    "name": "蜘蛛制造厂",
    "description": "生产蜘蛛单位，输出单位可以直接投入战场或再次升级。",
    "research": {
        "parent": "bjaa机甲制造厂",
        "requirements": [
            "铁/300",
            "graphite/360",
            "silicon/300"
        ]
    },
    "requirements": [
        "铁/200",
        "graphite/120",
        "silicon/90"
    ],
    "consumes": {
        "power": 3
    },
    "health": 1360,
    "size": 3,
    "plans": [
        {
            "unit": "acaa星尘",
            "time": 1200,
            "requirements": [
                "铁/40",
                "镍/40",
                "silicon/40"
            ]
        }
    ]
}