{
	"type": "UnitAssemblerModule",
	"name":"下位装配模块"
	"description":"当放置在构造边界旁边时，增加输出等级。 需要电力。\n可以用作载荷输入。"
	"size":5,
	"health":2500
	"armor":25
	"tier":1,
	"consumes": {
		"power":25
	}
	"requirements": [
	    "铧/300"
	    "phase-fabric/550",
	    "铫/600",
	    "斥焰合金/600"
	],
	"category": "units",
	"research": {
		"parent": "重装强攻机组装厂",
		/*"objectives": [
		    "中级数理化"
		    "中级文化"
		    "低级生物"
		],*/
		"researchCostMultiplier":40,
	}
	"destroyBullet":{
	    //死亡子弹
	    "type":"BasicBulletType",
	    "sprite":"clear"
	    //子弹贴图：无
	    "smokeEffect":"none",
	    "trailEffect":"none",
	    "lifetime":0,
	    "speed":0,
	    "splashDamageRadius":192,
	    "splashDamage":5000,
	    "trailChance":0,
	    "despawnEffect":"none",
	    "hitEffect":{
	    "type":"MultiEffect"
	    "effects":[
	        {
	            "type":"WaveEffect"
		        "lifetime":40,
		        "sizeFrom":20
		        //从多大
		        "sizeTo":192
		        //到多大
		        "strokeFrom":3,
		        //从多宽
		        "strokeTo": 0,
		        //到多宽
		        "colorFrom":"8161BEFF"
		        "colorTo":"8161BEFF"
            },
	        {
                            "type": "ParticleEffect",
                            "particles":8,
                            "length":200,
                            "lifetime":120,
                            "sizeFrom":5,
                            "sizeTo":2.5,
                            "region": "星界探索-烟雾",
                            "colorFrom": "8161BEFF",
                            "colorTo": "8161BEFF"
                            "interp":"circleOut",
                            "cone":360,
	        }
	        {
                            "type": "ParticleEffect",
                            "particles":5,
                            "length":200,
                            "lifetime":180,
                            "sizeFrom":7.5,
                            "sizeTo":5,
                            "region": "星界探索-烟雾",
                            "colorFrom": "8161BEFF",
                            "colorTo": "8161BEFF"
                            "interp":"circleOut",
                            "cone":360,
	        }
	        {
                            "type": "ParticleEffect",
                            "particles":2,
                            "length":200,
                            "lifetime":240,
                            "sizeFrom":10,
                            "sizeTo":5,
                            "region": "星界探索-烟雾",
                            "colorFrom": "8161BEFF",
                            "colorTo": "8161BEFF"
                            "interp":"circleOut",
                            "cone":360,
	        }
                        ]
            }
	    "shootEffect":"none",
	    "buildingDamageMultiplier":1,
	}
}