{
    "squareSprite": false,
	"name":"单位维修中心"
	"type": "RepairTower",
		"description":"修复范围内的所有单位，需要砛溶液冷却。"
	"size":3,
	"health":900,
	"armor":3
	"itemCapacity":10,
	"liquidCapacity":30,
	"consumes": {
		"power":9,
		"liquid":{
		    "liquid":"砛溶液"
		    "amount":0.25,
		}
	},
	"craftTime":180,
	"range":800,
	//范围(8:1)
	"healAmount":12.5,
	//每帧治疗量
	"circleColor":"73FFAE",
	//命中单位身上那部分的颜色
	"glowColor":"73FFAE7B",
	//发光颜色
	"circleSpeed":140,
	//速度
	"circleStroke":5,
	//粗细
	"squareRad":5,
	//大小
	"squareSpinScl":1.2,
	//转速
	"glowMag":0.5,
	//幅度
	"glowScl":12,
	//频率
	"requirements": [
	    "锺/180",
	    "斥焰合金/100",
	    "silicon/240",
	    "phase-fabric/120"
	],
	"category": "units",
	"research": {
		"parent":"单位维修站",
    "requirements":[
        "锺/7200",
        "silicon/9600",
        "斥焰合金/100"
        "phase-fabric/480"
        ]
	},
}