{
    "squareSprite": false,
	"name":"单位维修站"
	"type": "RepairTower",
		"description":"修复范围内的所有单位，需要冷却液。"
	"size":2,
	"health":400,
	"armor":2
	"itemCapacity":10,
	"liquidCapacity":10,
	"consumes": {
		"power":4,
		"coolant":{
		    "amount":0.15,
		}
	},
	"phaseUseTime":180
	"range":200,
	//范围(8:1)
	"healAmount":5,
	//每帧治疗量
	"circleColor":"73FFAE",
	//命中单位身上那部分的颜色
	"glowColor":"73FFAE7B",
	//发光颜色
	"circleSpeed":140,
	//速度
	"circleStroke":3,
	//粗细
	"squareRad":3,
	//大小
	"squareSpinScl":1.2,
	//转速
	"glowMag":0.5,
	//幅度
	"glowScl":12,
	//频率
	"requirements": [
	    "锺/120",
	    "砛/60",
	    "silicon/100",
	    "phase-fabric/60"
	],
	"category": "units",
	"research": {
	    "parent":"单位维修点",
    "requirements":[
        "锺/4800",
        "砛/2400",
        "silicon/4000",
        "phase-fabric/2400"
        ]
	},
}