{
	"type":"Reconstructor",
	"name":"征服级单位重构工厂",
	"description":"将开拓级单位重构为征服级，需要冷却液。",
 	"health":1500,
	"size":5,
	"armor":5,
	"liquidCapacity":150,
	"consumes":{
		"power":12,
		"items": {
			"items": [
			    "锺/600",
			    "graphite/800"
			    "silicon/500",
			    "斥焰合金/150"
				]
		}
		"coolant":{
		    "amount":0.5,
		}
	},
	//升级单位消耗的资源(电力，液体，固体均为可选)
	"upgrades":[
 		["奇袭","突袭"]
 		["耀焰","魔焰"]
 		["影梭","超影"]
 		["百灵","飞鹏"]
 		["速型","铸型"]
    ],
	"constructTime":4500,
	//建造时间
	"requirements": [
	    "锺/600",
	    "graphite/400",
	    "silicon/500",
	    "phase-fabric/250"
	    "斥焰合金/200"
	],
	"research": {
		"parent": "开拓级单位重构工厂",
		/*"objectives":[
		    "初级数理化"
		    "低级文化"
		    ]*/
		"researchCostMultiplier":40,
		//研究消耗倍率
    },
	"category":"units",
}