{
    "name":"战舰组装厂"
	"type": "UnitAssembler",
	"description":"通过输入单位与方块组装统治级、主宰级、毁灭级的战舰单位。\n可以通过添加装配模块增加装配等级。"
	"health":2500
	"size":5,
	"armor":25,
	"itemCapacity":0,
	"liquidCapacity":900,
	"consumes": {
		"power":90,
		"liquid": "砛溶液/3"
	},
	"plans": [
		{
			"unit": "虚影",
			"time": 3600,
			"requirements": [
				"星界探索-影梭/5",
				"星界探索-银梭/3",
				"星界探索-大型爆炸反应墙/22"
				"星界探索-大型斥焰墙/18"
				"星界探索-大型束能墙/8"
				"星界探索-热流/2"
			]
		}
	],
	"areaSize":21,
	//"droneType": "工蜂",
	//"droneConstructTime": 450,
	"requirements": [
	    "锺/1000",
	    "graphite/800",
	    "silicon/800",
	    "斥焰合金/600"
	    "铧/200",
	],
	"category": "units",
	"research": {
		"parent": "重装强攻机组装厂",
		/*"objectives": [
		    "中级文化"
		    "中级数理化"
		],*/
		"researchCostMultiplier":40,
	}
}