{
    "type": "UnitFactory",
	"name": "武装机构建厂",
	"description":"生产探索级武装单位。",
    "health":900,
	"size":3,
	"armor":3,
	//"spawnEffect":"none"
	//生产特效
	"consumes":{
		"power":2.5,
	},
	"plans":[
	    {
	        "unit": "奔袭",
	        "time": 1800,
	        "requirements": [
	            "锺/40",
	            "silicon/20",
	            "graphite/20"
	            ]
	    },
	    {
	        "unit": "热焰",
	        "time": 2400,
	        "requirements": [
	            "锺/40",
	            "silicon/40",
	            "锬/20"
			]
	    },
	    {
	        "unit": "银梭",
	        "time": 3000,
	        "requirements": [
	            "锺/50",
	            "silicon/50",
	            "thorium/40"
			]
	    },
	],
	"requirements": [
	    "silicon/250"
	    "graphite/100",
	    "锺/150",
		],
		"research":"工程机构建厂",
		"category":"units",
}