{
    "name":"重装特攻机组装厂"
	"type": "UnitAssembler",
	"description":"通过输入单位与方块组装统治级、主宰级、毁灭级的特攻单位。\n可以通过添加装配模块增加装配等级。"
	"health":2500
	"size":5,
	"armor":25,
	"itemCapacity":0,
	"liquidCapacity":1200,
	"consumes": {
		"power":80,
		"liquid": "砛溶液/4"
	},
	"plans": [
		{
			"unit": "雾魔",
			"time": 4200,
			"requirements": [
				"星界探索-热焰/8",
				"星界探索-大型爆炸反应墙/24"
				"星界探索-大型斥焰墙/16"
				"星界探索-大型自愈墙/12"
				"星界探索-束能墙/12"
				"星界探索-单位维修点/6"
				"星界探索-裂解/4"
			]
		}
	],
	"areaSize":21,
	//"droneType": "工蜂",
	//"droneConstructTime": 450,
	"requirements": [
	    "锺/1000",
	    "graphite/800",
	    "silicon/800",
	    "斥焰合金/600"
	    "铧/200",
	],
	"category": "units",
	"research": {
		"parent": "重装强攻机组装厂",
		/*"objectives": [
		    "低级文化"
		    "中级数理化"
		    "中级生物"
		],*/
		"researchCostMultiplier":40,
	}
}