{
    "type":"GenericCrafter",
    "name":"B-工厂",
    "description":"制造B–合金的工厂。",
    "health":"420",
    "size":"3",
    consumes:{power:5.50,//电力消耗，1＝60
    items:[
       "surge-alloy/1",
       "phase-fabric/1",
       ]
       }//输入物品
    "outputItem":"B_合金/1"//输出物品
    "hasPower":true,//允许使用电力
    "itemCapacity":25,//物品容量
    "requirements":[
       "lead/150",
       "thorium/100",
       "silicon/150",
       "plastanium/80",
       "phase-fabric/60",
       "surge-alloy/60"
       ],//建造所需
    "craftTime":90,//生产时间，60＝1秒
    "category":"crafting",
    "research":"silicon-smelter",
    }