{
"type": "multicraft.MultiCrafter"
"name":"advanced kiln"
"health":600
"size":2
"itemCapacity":10,
"liquidCapacity":0
	"drawer": {
		"type": "DrawMulti",
		"drawers": [
			"DrawDefault"
		    "DrawFlame",
		]
	},
"craftEffect":"smeltsmoke"
 "recipes": [
      {
       "input": {
          "power": 1.2
          "items": [
{"item":"lead","amount":2},
{"item":"sand","amount":2},
          ]
        },
        "output": {
        "items": [
            "metaglass/3",
        ],
        },
        "craftTime": 60
        },
        {
        "input": {
           "power": 2.4
          "items": [
       {"item":"dj-boron","amount":1},
       {"item":"sand","amount":2},
        ]},
        "output": {
          "items": [
            "dj-borosilicate-glass/2",
        ],
        },
        "craftTime": 90
      }
    ]
"requirements":[
{"item":"lead","amount":60},
{"item":"titanium","amount":45},
{"item":"silicon","amount":30},
{"item":"graphite","amount":30},
"dj-chip/24", 
"dj-E/8"
"dj-AS/8"
],
"researchCost":[
{"item":"lead","amount":600},
{"item":"titanium","amount":450},
{"item":"silicon","amount":300},
{"item":"graphite","amount":300},
"dj-chip/240", 
"dj-E/10000"
"dj-AS/10000"
],
	"category":"crafting"
"research":"kiln",
	
	}