{
	"type": "GenericCrafter",
	"name": "photoetching machine",
    "description":"抛弃旧时代的工艺，使用打印技术制造芯片，使用的材料比原生产方式更少，生产的流程更简便、可模块化 "
	"health": 480,
	"outputItem": "chip/3",
	"size": 2,
	"hasPower": true,
	"hasLiquids": false,
	"hasItems": true,
	"craftTime": 90,
	"itemCapacity": 10,
	"drawer": {
		"type": "DrawMulti",
		"drawers": [
			{
				"type": "DrawRegion",
				"suffix": "-bottom"
			},
			{
				"type": "DrawFade",
				"scale": 1.13,
				"alpha": 0.99
			},
//			"DrawWeave",
			"DrawDefault"
		]
	},
	"consumes": {
		"power": 2,
		"items": [
			"titanium/2",
			"silicon/1"
		]
	},
	"requirements": [
		"titanium/40",
		"lead/40",
		"silicon/30",
		"graphite/20"
	],
	"category": "crafting",
	"ambientSound": "techloop",
	"ambientSoundVolume": 0.35,
	"research":"experimental-machine"
}