{
    "name": "2级机械钻头",
    "type": "Drill",
    "description": "改进后的机械钻头，但效率依旧垃圾，也就只能在0号地区发挥一些作用了",
    "details": "科技悲哀",
    "size": 2,
    "health": 180,
    "tier": 3,
    "drillTime": 446.25,
    "liquidBoostIntensity": 1.5,
    "canOverdrive": true,
    "warmupSpeed": 0.03,
    "drillEffect": "mineBig",
    "updateEffect": "mineBig",
    "rotateSpeed": 2.5,
    "drawMineItem": true,
    "consumes": {
        "liquid": {
            "liquid": "water",
            "amount": 0.1,
            "booster": true,
            "optional": true
        }
    },
    "itemCapacity": 8,
    "liquidCapacity": 20,
    "requirements": [
        {
            "item": "copper",
            "amount": 12
        },
        {
            "item": "lead",
            "amount": 6
        }
    ],
    "category": "production",
    "research": "mechanical-drill"
}