{
    "type": "BeamDrill",
    "name": "中型光束钻头",
    "description": "大型光束钻头都有了，来个中型，不过分吧？",
    "size": 3,
    "tier": 5,
    "forRadius": 4,
    "health": 726,
    "hasPower": true,
    "hasLiquids": true,
    "liquidCapacity": 15,
    "itemCapacity": 15,
    "hasItems": true,
    "range": 6,
    "drillTime": 125,
    "laserWidth": 0.68,
    "consumes": {
        "power": 0.35,
                "liquids": [
            {
                "liquids": "water",
                "amount": 0.165
            }
        ],
        "liquid": {
            "liquid": "hydrogen",
            "amount": 0.006,
            "optional": true,
            "booster": true
        }
    },
    "optionalBoostIntensity": 3,
    "requirements": [
        "beryllium/40",
        "silicon/45",
        "oxide/13",
        "tungsten/35",
        "graphite/35"
    ],
    "category": "production",
    "research": {
        "parent": "plasma-bore",
        "objectives": [
            {
                "type": "OnSector",
                "preset": "atlas"
            }
        ]
    }
}