{
    "name": "复合石墨钻头",
    "type": "Drill",
    "description": "比气动钻头更先进的钻头，具有更快的钻探速度，是激光钻头良好的下位替代品",
    "details": "不要问为什么不能挖钍，因为没有钛，搞不定钍，它太硬了！",
    "hasPower": true,
    "size": 2,
    "health": 320,
    "tier": 3,
    "drillTime": 87.6,
    "liquidBoostIntensity": 1.2,
    "canOverdrive": true,
    "warmupSpeed": 0.06,
    "drillEffect": "mine",
    "updateEffect": "pulverizeSmall",
    "rotateSpeed": 2,
    "drawMineItem": true,
    "consumes": {
        "power": 0.326,
        "liquid": {
            "liquid": "water",
            "amount": 0.07,
            "booster": true,
            "optional": true
        }
    },
    "itemCapacity": 12,
    "liquidCapacity": 21,
    "requirements": [
        "graphite/15",
        "copper/16",
        "silicon/5",
        "metaglass/6",
        "lead/7"
    ],
    "category": "production",
    "research": "pneumatic-drill"
}