{
    "description": "比原版抽水机效率更高一级的抽水机，相比于原版抽水机更大！更强！更可靠！性价比更高！随着我们领地的不断扩张，我们未来将会不可避免的要在沙漠等干旱地区中进行工业建设，届时我们将会面临大面积的工业生产缺水问题，也正是在这样的问题下，大型抽水机应运而生，随着该项科技在干旱地区的大面积部署，未来我们将会有希望彻底解决干旱地区用水问题",
    "details": "[yellow]外 星 科 技 ？ …",
    "result": "water",
    "pumpAmount": 0.75,
    "attribute": "water",
    "size": 3,
    "liquidCapacity": 200,
    "rotateSpeed": 9.52,
    "category": "production",
    "research": "water-extractor",
    "hasPower": true,
    "hasLiquids": true,
    "itemCapacity": 5,
    "baseEfficiency": 1,
    "health": 354,
    "requirements": [
        "copper/68",
        "lead/68",
        "钛铅合金/29",
        "metaglass/60",
        "graphite/53",
        "芯片/10",
        "titanium/30"
    ]
}