{
    "name": "王进喜石油钻井",
    "description": "由大庆油田设备研究所研发出来的新一代石油钻井，相较于原版更加强大！更加优秀！",
    "details": "这是真的吗？怎么感觉更像是《Never Gonna Give You Up》(你被骗了)？难道是我的错觉吗？…",
    "outputLiquid": "oil/1.2",
    "consumes": {
        "power": 6.6,        
	"items": [
	"graphite/2"
	]
        "liquid": "water/0.46875"
    },
    "craftTime": 150,
    "floating": true,
    "type": "AttributeCrafter",
    "research": "oil-extractor",
    "attribute": "oil",
    "category": "production",
    "health": 720,
    "size": 3,
    "hasItems": true,
    "hasPower": true,
    "hasLiquids": true,
    "itemCapacity": 15,
    "liquidCapacity": 60,
    "boostScale": 0.11,
    "craftEffect": "turbinegenerate",
    "group": "liquids",
    "result": "oil",
    "updateEffect": "pulverize",
    "updateEffectChance": 0.05,
    "ambientSound": "hum",
    "ambientSoundVolume": 0.06,
    "minEfficiency": 0.09,
    "baseEfficiency": 0,
    "displayEfficiency": false,
    "drawer": {
        "type": "DrawMulti",
        "drawers": [
            {
                "type": "DrawRegion",
                "suffix": "-mid"
            },
            {
                "type": "DrawLiquidTile",
                "drawLiquid": "oil"
            },
            {
                "type": "DrawRegion",
                "suffix": "-bottom"
            },
            {
                "type": "DrawBlurSpin",
                "suffix": "-rotator"
                "rotateSpeed":6
            },
            "DrawDefault"
        ]
    },
    "requirements": [
        "芯片/12",
        "titanium/125",
        "lead/230",
        "graphite/280",
        "copper/250",
        "钛铅合金/40",
        "plastanium/30",
        "metaglass/60"
    ]
}