{
    "type":"PowerNode",
    "name":"大型镍电力节",
    "description": "更肉了",
    "size":2,
    "health":500,
    "maxNodes":25,
    "laserRange":15,
    "hasPower":true,
	"consumesPower": true,
	"outputsPower": true,
    "consumes":{
    "powerBuffered": 1250
    },
    "research": {
		"parent": "a00镍电力节",
    "requirements":[
        "镍/200",
        "铥/100",
        "石墨烯/60",
        ]
	},
    "requirements": [
        {"item":"镍","amount":10},
        {"item":"铥","amount":5},
        {"item":"石墨烯","amount":3},
        ],
        "category":"power"
}