{
    "type": "ItemTurret", // 炮塔类型：物品消耗型（需装弹药才能打）
    "name": "坍缩", // 炮塔名称
    "description": "充磁合金所锻造的量子机炮，通过电磁充能快速激发", // 功能描述
    "health": 3000, // 基础生命值（越高越抗打）
    "armor": 50, // 护甲值（越高减伤越多）
    "size": 8, // 占地面积（单位：游戏格子）
    "reload": 2, // 基础装填时间（越小射速越快）
    "range": 500, // 最大攻击射程（越远能打越远的敌人）
    "maxAmmo": 50, 
    "maxAmmo": 450, // 最大弹药储备（满弹时最多能连续打多少次）
    "smokeEffect": { // 烟雾特效（射击/闲置时的粒子烟雾）
        "type": "ParticleEffect", // 特效类型：粒子效果
        "particles": 2, // 单次生成粒子数：2个
        "line": true, // 是否线性粒子：true=线条状
        "interp": "circleOut", // 粒子速度曲线：先快后慢
        "sizeInterp": "circleOut", // 粒子缩放曲线：先快后慢
        "lenFrom": 10, // 粒子初始长度
        "lenTo": 0, // 粒子最终长度（消失前变0）
        "strokeFrom": 4, // 粒子初始粗细
        "strokeTo": 0, // 粒子最终粗细（消失前变0）
        "length": 120, // 粒子扩散范围
        "lifetime": 60, // 粒子存活时间（单位：帧，越大停留越久）
        "colorFrom": "BCEDFFFF", // 粒子初始颜色（浅蓝色）
        "colorTo": "BCEDFFFF", // 粒子最终颜色（不变）
        "cone": 30 // 粒子扩散角度（40度，越大越散）
    },
    "shoot": { // 攻击模式配置
        "type": "ShootAlternate", // 攻击类型：多炮管交替射击
        "barrels": 2, // 炮管数量：2个（轮流开火，射速快）
        "spread": 24, // 炮管散布角度（10度，越大子弹越散）
        "recoil": 8 // 单炮管后坐力：8（每根炮管射击时带动抖动，关键）
    },
    "recoil": 3, // 炮塔整体后坐力：12（射击时整体抖动，强度关键）
    "recoilRecovery": 0.05, // 后坐力恢复速度：0.15（抖动后缓慢回正，不突兀）
    "consumes": { // 资源消耗（运行/攻击要的资源）
        "power": 10, // 每秒耗电：10单位（必须持续供电）
    },
    "liquidCapacity": 60, // 冷却液储存容量：最多存60单位
    "shootSound": "HWQ", // 攻击音效（调用游戏内"HWQ"音效）
    "ammoUseEffect": "casing3", // 弹药使用特效（如弹壳掉落，调用"casing3"）
    "targetGround": true, // 是否打地面目标：true=能打
    "targetAir": true, // 是否打空中目标：true=能打（对空对地两用）
    "shootCone": 180, // 攻击角度范围：180度（半圆弧，无死角）
    "inaccuracy": 3, // 攻击偏差（3=精度较好，越小越准）
    "rotateSpeed": 3, // 炮塔转向速度（3=瞄准移动敌人较快）
    "ammoTypes": { // 适配弹药（只有装这些弹药才能打）
        "充磁合金": { // 弹药名称（游戏内需有"充磁合金"物品）
            "type": "BasicBulletType", // 弹丸类型：基础物理弹丸
            "reloadMultiplier": 1, // 装填倍率（1=不改变射速）
            "speed": 24, // 弹丸飞行速度（越大飞得越快）
            "lifetime": 19.53, // 弹丸存活时间（单位：帧，和速度决定飞行距离）
            "damage": 290.948, // 弹丸基础伤害（单发打多少血）
            "splashDamage": 40.648, // 弹丸溅射伤害（命中后周围敌人掉血）
            "splashDamageRadius": 12, // 溅射范围（单位：格子，越大波及越广）
            "knockback": 0.5, // 弹丸击退力度（越大敌人被推越远）
            "width": 15.6, // 弹丸碰撞宽度（越大越容易命中）
            "height": 30.99, // 弹丸碰撞高度（越大越容易命中）
            "ammoMultiplier": 3, // 弹药倍率（1个"充磁合金"变3发子弹）
            "shootEffect": "shootBig", // 发射闪光特效（调用"shootBig"）
            "smokeEffect": "shootBigSmoke", // 发射烟雾特效（调用"shootBigSmoke"）
            "hitEffect": "flakExplosion", // 命中爆炸特效（调用"flakExplosion"）
            "backColor": "BCEDFFFF", // 弹丸背景色（浅蓝色）
            "frontColor": "BCEDFFFF", // 弹丸边缘色（浅蓝色）
            "trailColor": "BCEDFFFF" // 弹丸尾迹色（浅蓝色）
        }
    },
    "requirements": [ // 建造所需材料（格式：材料名/数量）
        "titanium/500", // 钛：500个
        "metaglass/500", // 元玻璃：500个
        "copper/1500", // 铜：1500个
        "graphite/500", // 石墨：500个
        "plastanium/500", // 塑料合金：500个
        "surge-alloy/500", // 脉冲合金：500个
        "密度电磁块/900", // 密度电磁块：900个
        "钢/900", // 钢：900个
        "充磁合金/1500" // 充磁合金：1500个
    ],
    "category": "turret", // 分类（归到建造菜单的"炮塔"类，好找）
    "research": "参魁" // 解锁条件（先完成"参魁"研究才能造）
}

