{
	"type": "ItemTurret",
	"name": "霰弹枪",
	"health": 500,
	"size": 2,
	"reload":50
	"range":80
	"ammoPerShot": 5,
	"consumes": {
		"coolant": {
			"amount": 0.1,
		    "targetGround": faise,
		}
	},
	"shoot": {
		"shots": 10
		"shotDelay": 0
		"type": "ShootAlternate",
		"barrels": 3
		"shootSound": "artillery",
		"spread": 3
	},
	"xRand": 0.05
	"ammoUseEffect": "casing3Double",
	"inaccuracy": 25,
	"rotateSpeed": 12,
	"shake": 5,
	"ammoTypes": {
		"copper": {
			"speed": 5
			"damage": 13,
			"lifetime": 18
			"width": 7,
			"height": 8,
			"ammoMultiplier": 2,
		    "shootSound": "shootBig",
		},
	
	},
	"researchCostMultiplier": 0.5,
	"requirements": [
		
     "copper/50"
	 "graphite/5"
	 "密度电磁块/60"
		
	],
	"category": "turret",
	"research": "滑动石英炮"
}
