{
	"type": "ItemTurret",
	"name": "死灵",
	"health": 500,
	"size": 4,
	"reload": 21
	"range": 350
	"ammoPerShot": 20,
	"consumes": {
		"coolant": {
			"amount": 2,
			"optional": true
		}
	},
	"shoot": {
		"shots": 6
		"shotDelay": 1
		"type": "ShootAlternate",
		"barrels": 3
		"spread": 3
	},
	"xRand": 0.05
	"ammoUseEffect": "casing3Double",
	"inaccuracy": 1,
	"rotateSpeed": 5,
	"shake": 1,
	"shootSound": "artillery",
	"ammoTypes": {
		"plastanium": {
			"speed": 10
			"damage": 120,
			"lifetime": 35
			"width": 24,
			"height": 31,
			"ammoMultiplier": 5,
		    "shootSound": "shootBig",
		},
		"密度电磁块": {
			"reloadMultiplier": 1,
			"speed": 10
			"damage": 129,
			"lifetime": 39
			"width": 24,
			"height": 31,
			"ammoMultiplier": 5,
			"shootSound": "shootBig",
		}
	},

        "requirements": [
		"copper/1000",
		"graphite/300",
		"plastanium/240",
		"surge-alloy/300",
	            ],
		
	
	"category": "turret",
	"research": "聚合机枪"
}