{
    "type": "ItemTurret",
	//炮塔类型有: 
	"name": "滑动石英炮",
	"description": " 类似滑膛炮 ",
	"health": 360,
			"ammoPerShot":1,//射击一次消耗子弹
	"size": 2,
	"shoot":{
    	"type":"ShootAlternate",
    	"barrels":2,
		//炮口数量
		"spread":1.5,
		//炮口间距设定
		"shots":3,
		//每次射出子弹数
		"shotDelay":2,
		//射击延迟
    },
	"reload":30,
	//装弹时间，越小越快(60为1秒)
	"range": 150,
	//射程(半径,8代表一格)
	"inaccuracy":0,
	//子弹偏转度

	//后坐力
	"alternate":true,
	//炮口是否轮流射击
	"rotateSpeed":5,
	//炮台转动速度
	"maxAmmo":60,
	//弹药量
	"alwaysUnlocked":true,
	//科技树里是否默认解锁
	"ammoTypes": {
		"石英": {
		    //铜
			"speed": 6,
			"damage":25,
			"reloadMultiplier":2.2,
			"ammoMultiplier":4,
			"width":8,
			"height":14,
			"inaccuracy":3,
			"smokeEffect": "pulverizeRed",
			"lifetime":25
		}
		"赤铁": {
			"speed":9,
			"damage":45,
			"reloadMultiplier":1,
			"ammoMultiplier":4,
			"width":14,
			"height":8,
			"inaccuracy":2,
			"smokeEffect": "pulverizeRed",
			"lifetime":18
		},
	
		}
	"requirements": [
	    "赤铁/30" ,
	    "石英/60",
	    "粗辉/45",
	],
	"category": "turret",
	"research": {
		"parent": "k1核心",
	
  
	},
}