{
    "type": "ItemTurret", 
    "name": "破晓", 
    "description": "发射威力巨大、快速充能的炮弹", 
    "health": 4500, 
    "armor": 5, 
    "size": 8, 
    "reload": 120, 
    "shootSound": "AX50", 
    "range": 3000, 
    "maxAmmo": 50, 
    "drawer": { // 活动件核心配置（修复后炮管可动）
        "type": "DrawTurret",
        "parts": [
            {
                "type": "RegionPart",
                "mirror": false,
                "suffix": "-破晓炮管", // 关键：需确保游戏内有对应炮管纹理（如"破晓-炮管"）
                "progress": "recoil", // 活动触发源：绑定后坐力（射击时必动）
                "moveY": -4, // 基础位移：炮管初始向上偏移1单位
                "moveYTo": 1, // 新增：射击时炮管向后移动8单位（后坐力效果，活动关键）
                "rotate": 0, // 基础角度：炮管初始无旋转
                "rotateTo": 2, // 新增：射击时炮管轻微上抬2度（模拟后坐力倾斜，更真实）
                "layer": 50, // 新增：绘制层级（高于炮塔主体，避免被遮挡）
                "weaponIndex": 0, // 新增：绑定0号武器（与攻击逻辑联动）
                "recoilIndex": 0 // 新增：绑定0号后坐力计数器（触发活动件位移）
            }
        ]
    },
    "smokeEffect": {
        "type": "ParticleEffect",
        "particles": 10,
        "line": true,
        "interp": "circleOut",
        "sizeInterp": "circleOut",
        "lenFrom": 15,
        "lenTo": 0,
        "strokeFrom": 8,
        "strokeTo": 0,
        "length": 60,
        "lifetime": 20,
        "colorFrom": "BCEDFFFF",
        "colorTo": "BCEDFFFF",
        "cone": 70
    },
    "shoot": {
        "shots": 15,
        "shotDelay": 3,
        "recoil": 15 // 新增：单轮射击后坐力（15=强度适中，触发炮管活动的核心动力）
    },
    "recoil": 3, // 新增：炮塔整体后坐力（强化活动件触发反馈）
    "recoilRecovery": 0.05, // 新增：后坐力恢复速度（0.05=缓慢回正，活动效果更持久）
    "liquidCapacity": 30, 
    "ammoUseEffect": "casing3", 
    "targetGround": false, 
    "targetAir": true, 
    "shootCone": 180, 
    "inaccuracy": 3, 
    "rotateSpeed": 8, 
    "ammoTypes": {
        "充磁合金": {
            "type": "BasicBulletType",
            "reloadMultiplier": 0.7,
            "speed": 75.67,
            "lifetime": 35.93,
            "damage": 596.948,
            "splashDamage": 40.648,
            "splashDamageRadius": 13,
            "knockback": 0.25,
            "width": 19.6,
            "height": 85.99,
            "ammoMultiplier": 3,
            "shootEffect": "shootBig",
            "smokeEffect": "shootBigSmoke",
            "hitEffect": "flakExplosion",
            "backColor": "BCEDFFFF",
            "frontColor": "BCEDFFFF",
            "trailColor": "BCEDFFFF",
            "collidesGround": false
        }
    },
    "requirements": [ // 修复重复材料，避免建造逻辑报错
        "titanium/210",
        "metaglass/500",
        "copper/1500",
        "graphite/1500",
        "plastanium/930", // 合并重复的"plastanium"（900+30）
        "surge-alloy/900",
        "密度电磁块/1500",
        "钢/200",
        "充磁合金/2500"
    ],
    "category": "turret", 
    "research": "光" 
}
