{
    "type": "ItemTurret",
	//炮塔类型有: 
	"name": "聚合双药机枪",
	"description": " 全自动散弹机枪！一次发射两枚弹头。 ",
	"health": 400,
			"ammoPerShot":2,//射击一次消耗子弹
	"size": 2,
	"shoot":{
    	"type":"ShootAlternate",
    	"barrels":2,
		//炮口数量
		"spread":1.6,
		//炮口间距设定
		"shots":2,
		//每次射出子弹数
		"shotDelay":0,
		//射击延迟
    },
	"reload":10,
	//装弹时间，越小越快(60为1秒)
	"range": 160,
	//射程(半径,8代表一格)
	"inaccuracy":3,
	//子弹偏转度

	//后坐力
	"alternate":true,
	//炮口是否轮流射击
	"rotateSpeed":5,
	//炮台转动速度
	"maxAmmo":90,
	//弹药量
	"alwaysUnlocked":false,
	//科技树里是否默认解锁
	"ammoTypes": {
		"石英": {
		    //铜
			"speed": 6,
			"damage":25,
			"reloadMultiplier":2.2,
			"ammoMultiplier":4,
			"width":8,
			"height":14,
			"inaccuracy":3,
			"smokeEffect": "pulverizeRed",
			"lifetime":25
		}
	
		}
	"requirements": [
	    "copper/60" ,
	    "赤铁/35" ,
	    "石英/50",
	    "粗辉/20",
	],
	"category": "turret",
	"research": {
		"parent": "滑动石英炮",
	
  
	},
}