{

	//"type":"PowerTurret",
	"name":"伏特",
    "description":"向地面敌人发射电弧",
	"size":1,//边长
	"health":280,//建筑血量
	"range":80,//攻击范围，单位为1/8格
	"reload":30,//装弹时间(igt)
	"recoil":2,//后坐力,
	"inaccuracy":0,//误差
	"drawer": {
		"type": "DrawTurret",
		"basePrefix": "RC-",
	}
	"consumes": {
        "power": 2,
        "coolant": {//加速
            "amount": 0.3,
            "optional": true//游戏自己判断液体可用性
        }
    },
	"rotateSpeed":5,//旋转速度
	"targetAir":false//攻击天空单位
	"targetGround":true,//攻击地面单位
	"coolantMultiplier":2,
	"heatColor":"#ffffff",//开火色
	"shootSound":"spark",
	"shootType":
	{
    "type":"LightningBulletType",//子弹类型
    "damage":20,//伤害
    "lightningLength":20,//闪电长
	"ammoMultiplier":1,//弹药加成
    "collidesAir": false//是否可以误伤敌方空军单位
    "status":"none",
    },
    "shootEffect":{
    "type": "ParticleEffect",//粒子效果
    "particles": 4,//分支？
    "length":45,//射线长度
    "baseLength": 0,
    "lifetime": 13,//消失时间
    "line": true,
    "lenFrom":8,
    "lenTo":18,
    "strokeFrom": 2,
    "strokeTo": 0,
    "cone": 20
    },
	"requirements": [
		"铁/50",
		"安山合金/10"
	],
	"category": "turret",
	"research":"安山合金双管炮"
}