{
	// "type": "ItemTurret",
	//炮塔类型有: 
	"name": "开端",
	"description": "开始的炮台，梦的起始点",
	"details":"一切从此开始，一切从此落幕"
	"health": 100,
	"size": 1,
	"shots":3
	"reload":15,
	//装弹时间，越小越快(60为1秒)
	"range": 80,
	//射程(半径,8代表一格)
	"inaccuracy":0,
	//子弹偏转度
	"recoil":0,
	   "consumes":{
	 "coolant": {
           "amount": 0.1,
           "optional": true
          }
	}
	"drawer": {
		"type": "DrawTurret",
		"basePrefix": "RC-",
	}
	//后坐力
	"alternate":true,
	//炮口是否轮流射击
		"shoot":{
    	"type":"ShootAlternate",
    	"barrels":1,
		//炮口数量
		"spread":0.5,
		//炮口间距设定
		"shots":3,
    }
	"rotateSpeed":5,
	//炮台转动速度
	"maxAmmo":20,
	//弹药量
	"alwaysUnlocked":false,
	//科技树里是否默认解锁
	"ammoTypes": {
		"废料": {
		    //铜
			"speed":4,
			"damage":4,
			"reloadMultiplier":1,
			"ammoMultiplier":5,
			"width":5,
			"height":8,
			"inaccuracy":0,
			"smokeEffect": "none",
			"lifetime":20 
		}
		"粗铜": {
		    //铅
			"speed":4,
			"damage":6,
			"reloadMultiplier":1.5,
			"ammoMultiplier":4,
			"width":5,
			"height":8,
			"inaccuracy":2,
			"smokeEffect": "none",
			"lifetime":20
		},
	}
	"requirements": [
	    "废料/30" ,
	],
	"category": "turret",
	"research": {
		"parent": "一阶废料核心",
		"requirements":[
			"废料/15",
		]
	},

}