{
	//"type": "PowerTurret",
	"Name": "护卫",
	"description": "",
	"size":2,
	"health":300,//血量
	"range":200,//视野范围（8：1格）
	"reload":20,//攻击后的冷却，如厄兆的冷却比较明显
	"shootSound":"shoot",//攻击音效，参考源码内的音效
	"rotateSpeed":4.5,//帧旋转角度
	"shake":1.5,//屏幕摇晃（存疑）
	"shoot":{
		"type":"ShootAlternate",
		"barrels":1,
		//炮口数量
		"spread":0,
		//炮口间距设定
	}
	//炮口数量
	"targetAir":true,
	//是否攻击空军
	"targetGround": true,
	//是否攻击地面单位
	"recoil": 1,
	//炮台后坐力，厄兆比较明显
	"heatRequirement":10
	"maxHeatEfficiency":3
	"consumes":{
		"power":5//用电
	}
	"shootType": {
		"type": "BasicBulletType",
		"damage": 80,
		"lifetime": 20,
		"speed": 10,
		"width": 5,
		"height": 8,
		"hitSize": 4,//扩散范围
		"ammoMultiplier": 1,
	}
	"requirements": [
		"铁/200",
		"安山合金/550",
	],
	"drawer": {
		"type": "DrawTurret",
		"basePrefix": "RC-",
		"parts":[
			{
				"type": "ShapePart",
				"color": "A42727FF",
				"stroke": 1,
				"y":-6
				"strokeTo": 1,
				"circle": true,
				"hollow": true,
				"radius": 5,
				"radiusTo": 5,
				"layer": 110
			},
			{
				"type": "HaloPart",
				"progress":{//我不道啊
					"type": "reload",
					"op": "delay",
					"amount": 0//炮台射击不重置特效(0关闭1启动)
				},
				"rotateSpeed": 0,//自转速度
				"shapes": 5,//围绕旋转的图形数量
				"color": "A42727FF",//特效颜色
				"tri": true,//是否为三角形
				"stroke": 5,//围绕旋转的图形线条的粗细
				"x":0
				"y":-6
				"triHeight": 4,
				"triHeightTo": 4,
				"triLength": 4,//三角形底边长度
				"triLengthTo": 4,//重置时底边长度
				"haloRadius": 3,//图像围绕旋转半径
				"haloRotation": 0,//起始角度
				"haloRotateSpeed": 0.3,//图形旋转速度
				"haloRadius": 2.5,//图像围绕旋转半径
				"layer": 110//图层渲染顺序
			},
		]
	}
	"category": "turret",//建筑类别：炮台
	"research": {//父级研究项及其它前置条件
		"parent": "伏特"
		"requirements": [
			"铁/400",
			"安山合金/1100",
		],
				"objectives": [
		{
		"type": "SectorComplete",
		"preset": "落日要塞"
		}
		]
	},
}
