{
	// "type": "ItemTurret",
	"name": "破败",
	"description": "可防空攻地",
	"details":"战争研发部研发的武器从未让我们失望，强大的火力注定了它大量的耗能"
	"health": 160,
	"size": 2,
	"shots":3,
	"reload":8,
	//装弹时间，越小越快(60为1秒)
	"range": 240,
	//射程(半径,8代表一格)
	"inaccuracy":4,
	//子弹偏转度
	"recoil":0,
	"consumes":{
		"power":6
		"coolant": {
			"amount": 0.1,
			"optional": true
		}
	}
	"drawer": {
		"type": "DrawTurret",
		"basePrefix": "RC-",
		"parts":[
			{
				"type":"RegionPart",
				"suffix":"-mid",
				"progress":"recoil",
				"under":false,
				"moveY":-1.25
			}
		]
	}
	//后坐力
	"alternate":true,
	//炮口是否轮流射击
		"shoot":{
    	"type":"ShootAlternate",
    	"barrels":1,
		//炮口数量
		"spread":0,
		//炮口间距设定
		"shots":3,
    }
	"rotateSpeed":5,
	//炮台转动速度
	"maxAmmo":10,
	//弹药量
	"alwaysUnlocked":false,
	//科技树里是否默认解锁
	"ammoTypes": {
		"铁": {
			//铜
			"speed":5,
			"damage":15,
			"reloadMultiplier":1,
			"ammoMultiplier":4,
			"width":5,
			"height":8,
			"inaccuracy":4,
			"smokeEffect": "none",
			"lifetime":48
		}
		"安山合金": {
		    //铅
			"speed":7,
			"damage":30,
			"reloadMultiplier":0.8,
			"ammoMultiplier":3,
			"width":5,
			"height":8,
			"inaccuracy":6,
			"smokeEffect": "none",
			"lifetime":40
			"rangeChange":40,
			"reload":4,
		}
	}
	"requirements": [
		"铁/300",
		"安山合金/100",
		"黄铜/100"
	],
	"category": "turret",
	"research": {
		"parent": "护卫",
		"objectives": [
			{
				"type": "SectorComplete",
				"preset": "卫星前哨"
			}
		]
		"requirements":[
			"铁/300",
			"安山合金/100",
			"黄铜/100"
		]
	}
}