{
	//"type": "PowerTurret",
	"Name": "粉碎",
	"description": "粉碎敌人的装甲，粉碎的火力从不令我们失望，有望成为剿灭敌人的利器",
	"size":3,
	"health":300,//血量
	"range":240,//视野范围（8：1格）
	"reload":180,//攻击后的冷却，如厄兆的冷却比较明显
	"shootSound":"mediumCannon",//攻击音效，参考源码内的音效
	"rotateSpeed":4,//帧旋转角度
	"shake":1.5,//屏幕摇晃（存疑）
	"shoot":{
		"type":"ShootAlternate",
		"barrels":1,
		//炮口数量
		"spread":0,
		//炮口间距设定
	}
	//炮口数量
	"targetAir":true,
	//是否攻击空军
	"targetGround": false,
	//是否攻击地面单位
	"recoil": 1,
	//炮台后坐力，厄兆比较明显
	"consumes":{
		"power":150//用电
	}
	"shootType": {
		"type": "ArtilleryBulletType",
		"damage": 450,
		"lifetime": 80,
		"speed": 3,
		"width": 16,
		"height": 16,
		"splashDamageRadius":32,//溅射半径
		"splashDamage":160,//溅射伤害
		"ammoMultiplier": 1,
		"collidesAir":true
		"collidesGround":false
		"hitSound":"titanExplosion"
	}
	"requirements": [
		"铁/200",
		"安山合金/550",
	],
	"drawer": {
		"type": "DrawTurret",
		"basePrefix": "RC-",
		"parts":[
			{
				"type":"RegionPart",
				"suffix":"-t",
				"progress":"recoil",
				"under":false,
				"moveY":-3,
				"heatColor":"C4FFDE"
			}
		]
	}
	"category": "turret",//建筑类别：炮台
	"research": {//父级研究项及其它前置条件
		"parent": "护卫"
		"requirements": [
			"铁/400",
			"安山合金/1100",
		],
				"objectives": [
		{
		"type": "SectorComplete",
		"preset": "落日要塞"
		}
		]
	},
}
