{
	"name": "驱逐",
	"health": 1500,
	"size": 3,
	"reload": 0.6,
	"range": 300,
	"recoilTime": 1,
	"recoil": 0.5,
	"targetAir": true,
	"inaccuracy": 0,
	"rotateSpeed": 7.5,
	"shoot":{
		"type":"ShootAlternate",
		"barrels":1,
		//炮口数量
		"spread":0,
		//炮口间距设定
	}
	"drawer": {
		"type": "DrawTurret",
		"basePrefix": "RC-",
	}
	"consumes": {
		"power": 5
	},
	"liquidCapacity": 200,
	"ammoTypes": {
		"水": {
			"type": "LiquidBulletType",
			"liquid": "水",
			"lifetime": 30,
			"speed": 10,
			"puddleSize": 6,
			"orbSize": 5,
			"knockback": 1,
			//"healPercent": 5,
			//"collidesTeam": true,//攻击己方
			"damage": 0.5
		},
		"熔液": {
			"type": "LiquidBulletType",
			"liquid": "熔液",
			"lifetime": 30,
			"speed": 10,
			"puddleSize": 6,
			"orbSize": 5,
			"knockback": 1,
			//"healPercent": 5,
			//"collidesTeam": true,//攻击己方
			"status": "火蚀",
			"statusDuration": 90,//效果存在时间
			"damage": 3
			"ammoMultiplier": 1,
		},
	},
	"requirements": [
		"铁/500",
		"安山合金/500"
		"钢化玻璃/100"
	],
	"category": "turret",
	"research": {
		"parent": "护卫",
		"objectives": [
			{
				"type": "SectorComplete",
				"preset": "落日要塞"
			}
		]
		"requirements": [
			"铁/5000",
			"安山合金/5000"
			"钢化玻璃/1000"
		],
	}
}