{
	// "type": "ItemTurret",
	//炮塔类型有: 
	"name": "黄铜双管炮",
	"description": "好用的前期炮台",
	"details":"一种特别便宜的小炮台，敌方极度喜欢拿来防御"
	"health": 160,
	"size": 1,
	"shots":2
	"reload":10,
	//装弹时间，越小越快(60为1秒)
	"range": 80,
	//射程(半径,8代表一格)
	"inaccuracy":0,
	//子弹偏转度
	"recoil":0,
	   "consumes":{
	 "coolant": {
           "amount": 0.1,
           "optional": true
          }
	}
	"drawer": {
		"type": "DrawTurret",
		"basePrefix": "RC-",
	}
	//后坐力
	"alternate":true,
	//炮口是否轮流射击
		"shoot":{
    	"type":"ShootAlternate",
    	"barrels":2,
		//炮口数量
		"spread":0.5,
		//炮口间距设定
		"shots":1,
    }
	"rotateSpeed":5,
	//炮台转动速度
	"maxAmmo":20,
	//弹药量
	"alwaysUnlocked":false,
	//科技树里是否默认解锁
	"ammoTypes": {
		"铁": {
			"speed":4,
			"damage":15,
			"reloadMultiplier":2,
			"ammoMultiplier":1,
			"width":5,
			"height":8,
			"inaccuracy":2,
			"smokeEffect": "none",
			"lifetime":20 
		},
		"黄铜": {
			"speed":4,
			"damage":10,
			"reloadMultiplier":2,
			"ammoMultiplier":2,
			"width":5,
			"height":8,
			"inaccuracy":2,
			"smokeEffect": "none",
			"lifetime":20 
		},
		"安山岩": {
			"speed":4,
			"damage":8,
			"reloadMultiplier":2,
			"ammoMultiplier":3,
			"width":5,
			"height":8,
			"inaccuracy":2,
			"smokeEffect": "none",
			"lifetime":20 
		},
	}
	"requirements": [
	    "黄铜/40" ,
	],
	"category": "turret",
	"research": {
		"parent": "开端",
		"requirements":[
			"黄铜/20",
		]
	}
}