{
	"type": "ItemTurret",
	"name": "熄灭",
	"health": 2300,
	"size": 4,
	"reload": 60,
	"range": 290,
	"maxAmmo": 30,
	"liquidCapacity": 360,
	"consumes": {
		"liquid": {
			"liquid": "二氧化碳",
			"amount": 0.5
		}
	},
	"drawer": {
		"type": "DrawTurret",
		"parts": [
			{
				"type": "RegionPart",
				"mirror": false,
				"progress": {
					"type": "reload",
					"op": "delay",
					"amount": 0.2
				},
				"x": 0,
				"y": 0,
				"suffix": "-1",
				"under": true,
				"moveX": 0,
				"moveY": 6.5
			}
		]
	},
	"shake": 2,
	"recoil": 0,
	"recoilTime": 0,
	"shootSound": "artillery",
	"inaccuracy": 0,
	"rotateSpeed": 6,
	"ammoPerShot": 2,
	"ammoUseEffect": "none",
	"ammoTypes": {
		"虚空精华": {
			"type": "BasicBulletType",
			"scaleLife": true,
			"hitSize": 30,
			"splashDamageRadius": 30,
			"splashDamage": 33,
			"speed": 12,
			"lifetime": 24,
			"damage": 33,
			"sprite": "missile-large",
			"backColor": "0D0C11",
			"frontColor": "ffffff",
			"trailLength": 6,
			"trailWidth": 2,
			"trailColor": "0D0C11",
			"knockback": 35,
			"width": 12,
			"height": 20,
			"ammoMultiplier": 1,
			"fragRandomSpread": 30,
			"fragBullets": 120,
			"fragBullet": {
				"type": "LiquidBulletType",
				"orbSize": 5,
				"liquid": "二氧化碳",
				"speed": 12,
				"lifetime": 20,
				"knockback": 1.7,
				"pierce": true,
				"damage": 0.4
			},
			"shootEffect": {
				"type": "ParticleEffect",
				"particles": 6,
				"sizeFrom": 3,
				"sizeTo": 0,
				"length": 35,
				"baseLength": 0,
				"lifetime": 18,
				"colorFrom": "ffffff",
				"colorTo": "ffffff",
				"cone": 60
			},
			"despawnEffect": "none",
			"hitEffect": {
				"type": "MultiEffect",
				"effects": [
					{
						"type": "ParticleEffect",
						"particles": 12,
						"line": true,
						"length": 27,
						"baseLength": 8,
						"lifetime": 22,
						"colorFrom": "FFFFFF",
						"colorTo": "ffffff"
					},
					{
						"type": "WaveEffect",
						"lifetime": 10,
						"sizeFrom": 1,
						"sizeTo": 35,
						"strokeFrom": 4,
						"strokeTo": 0,
						"colorFrom": "ffffff",
						"colorTo": "ffffff"
					}
				]
			}
		},
	},
	"requirements": [
		{
			"item": "虚空石",
			"amount": 120
		},
		{
			"item": "虚空质",
			"amount": 60
		}
	],
	"category": "turret",
	"research": "悔恨"
}