{
	"type": "naval",
	"name": "急修",
	"mechStepParticles": true,
	"rotateSpeed": 5,//旋转速度
	"rotateMoveFirst": true,
	"speed": 2,//速度
	"hitSize": 9.5,//大小
	"ammoCapacity": 450,
	"health": 1000,//血量
	"armor": 5,//护甲
	"drag": 1,
	"accel": 1,
	"itemCapacity": 5,
	"faceTarget": true,
	"research": "钢铁",
		"abilities": [
		{
			"type": "ForceFieldAbility",
			"sides": 4,
			"radius": 93,
			"max": 1000,
			"regen": 1,
			"cooldown": 2500
		},
		{
            "type": "StatusFieldAbility",
            "duration": 300,
            "reload": 200,
            "range": 90,
            "applyEffect": "none",
            "activeEffect": {
                "type": "WaveEffect",
                "lifetime": 300,
                "sizeFrom": 10,
                "sizeTo": 5,
                "strokeFrom": 1.3,
                "strokeTo": 0,
                "colorFrom": "97FFA8",
                "colorTo": "97FFA800"
            },
            "effect": "极速超频"
        },
	],
	"weapons": [
            {
			"name": "零修-1",
			"x": 4,
			"y": 1,
			"rotate": true,
			"rotateSpeed": 4,
			"inaccuracy": 1,
			"shootSound": "missile",
			"reload": 32,
			"bullet": {
				"type": "BasicBulletType",
				"height": 16,
				"width": 10,
				"damage": 55,
				"shrinkY": 0,
				"weaveScale": 8,
				"weaveMag": 1,
				"keepVelocity": false,
				"absorbable": false,
				"homingDelay": 50,
				"homingPower": 0.08,
				"homingRange": 80,
				"splashDamageRadius": 35,
				"splashDamage": 45,
				"sprite": "missile-large",
				"frontColor": "FFFFFF",
				"backColor": "97FFA8",
				"collidesTeam": true,
				"healPercent": 2.8,
				"trailLength": 46,
				"trailWidth": 2,
				"trailColor": "97FFA8",
				"speed": 1,
				"lifetime": 100,
				"drag": -0.017,
				"hitEffect": {
					"type": "ExplosionEffect",
					"lifetime": 28,
					"waveStroke": 6,
					"waveLife": 10,
					"waveRadBase": 7,
					"waveColor": "97FFA8",
					"waveRad": 30,
					"smokes": 6,
					"smokeColor": "FFFFFF",
					"sparkColor": "97FFA8",
					"sparks": 6,
					"sparkRad": 35,
					"sparkStroke": 1.5,
					"sparkLen": 4
				},
				"smokeEffect": "none",
				"hitSound": "plasmaboom",
				"fragBullets": 7,
				"fragVelocityMin": 0.3,
					"status": "电磁干扰",
					"statusDuration": 5
				}
			}
			{
			"name": "急修-1",
			"reload": 10.2,
			"shootY": 2,
			"rotate": true,
			"inaccuracy": 0,
			"alternate": true,
			"top": false,
			"shootSound": "flame",
			"ejectEffect": "none",
			"shoot": {
				"shots": 1
			},
			"cooldownTime": 120,
			"bullet": {
				"type": "BulletType",
				"lifetime": 6,
				"speed": 11,
				"knockback": 0.42,
				"damage": 9.6,
				"ammoMultiplier": 3,
				"incendAmount": 1,
				"incendSpread": 8,
				"incendChance": 0.2,
				"hittable": false,
				"absorbable": false,
				"pierce": true,
				"makeFire": true,
				"pierceBuilding": true,
				"pierceCap": 6,
				"shootEffect": "shootPyraFlame",
				"smokeEffect": {
					"type": "ParticleEffect",
					"particles": 9,
					"line": true,
					"strokeFrom": 1.2,
					"strokeTo": 0,
					"lenFrom": 16,
					"lenTo": 8,
					"length": 76,
					"baseLength": 0,
					"lifetime": 12,
					"colorFrom": "49FF00FF",
					"colorTo": "49FF00FF",
					"cone": 10
				},
				"hitEffect": {
					"type": "ParticleEffect",
					"particles": 4,
					"lifetime": 10,
					"sizeFrom": 3,
					"sizeTo": 0,
					"colorFrom": "49FF00FF",
					"colorTo": "49FF00FF"
				},
				"despawnEffect": "none",
			}
		},
		{
        	"name":"解裂",
        	"type":"PointDefenseWeapon",
        	"x":0,
	        "y":1,
        	"rotate": true,
        	"shootSound":"lasercharge2",
        	"recoil":0,
        	"rotateSpeed":2,
            "reload":0.3,
            "targetInterval":10,
            "targetSwitchInterval":5,
            "bullet":{
            "maxRange":230,
            "damage":25
            }
        }
	]
	"research":"零修"//科技树位置，duo为双管
 }