{
	"type": "naval",
	"name": "抢修",
	"mechStepParticles": true,
	"rotateSpeed": 5,//旋转速度
	"rotateMoveFirst": true,
	"speed": 1.5,//速度
	"hitSize": 9.5,//大小
	"ammoCapacity": 450,
	"health": 2100,//血量
	"armor": 12,//护甲
	"drag": 1,
	"accel": 1,
	"itemCapacity": 5,
	"faceTarget": true,
		"abilities": [
		{
			"type": "ForceFieldAbility",
			"sides": 4,
			"radius": 93,
			"max": 2000,
			"regen": 1.4,
			"cooldown": 2500
		},
	],
	"weapons": [
            {
			"name": "零修-1",
			"x": -8,
			"y": -8,
			"rotate": true,
			"rotateSpeed": 4,
			"inaccuracy": 1,
			"shootSound": "missile",
			"reload": 32,
			"bullet": {
				"type": "BasicBulletType",
				"height": 19,
				"width": 13,
				"damage": 55,
				"shrinkY": 0,
				"weaveScale": 8,
				"weaveMag": 1,
				"keepVelocity": false,
				"absorbable": false,
				"homingDelay": 50,
				"homingPower": 0.08,
				"homingRange": 80,
				"splashDamageRadius": 35,
				"splashDamage": 45,
				"sprite": "missile-large",
				"frontColor": "FFFFFF",
				"backColor": "97FFA8",
				"collidesTeam": true,
				"healPercent": 2.8,
				"trailLength": 46,
				"trailWidth": 2,
				"trailColor": "97FFA8",
				"speed": 1,
				"lifetime": 100,
				"drag": -0.017,
				"hitEffect": {
					"type": "ExplosionEffect",
					"lifetime": 28,
					"waveStroke": 6,
					"waveLife": 10,
					"waveRadBase": 7,
					"waveColor": "97FFA8",
					"waveRad": 30,
					"smokes": 6,
					"smokeColor": "FFFFFF",
					"sparkColor": "97FFA8",
					"sparks": 6,
					"sparkRad": 35,
					"sparkStroke": 1.5,
					"sparkLen": 4
				},
				"smokeEffect": "none",
				"hitSound": "plasmaboom",
				"fragBullets": 7,
				"fragVelocityMin": 0.3,
					"status": "电磁干扰",
					"statusDuration": 5
				}
			}
			{
			"name": "零修-1",
			"x": 8,
			"y": 8,
			"rotate": true,
			"rotateSpeed": 4,
			"inaccuracy": 1,
			"shootSound": "missile",
			"reload": 32,
			"bullet": {
				"type": "BasicBulletType",
				"height": 20,
				"width": 18,
				"damage": 55,
				"shrinkY": 0,
				"weaveScale": 8,
				"weaveMag": 1,
				"keepVelocity": false,
				"absorbable": false,
				"homingDelay": 50,
				"homingPower": 0.08,
				"homingRange": 80,
				"splashDamageRadius": 35,
				"splashDamage": 45,
				"sprite": "missile-large",
				"frontColor": "FFFFFF",
				"backColor": "97FFA8",
				"collidesTeam": true,
				"healPercent": 2.8,
				"trailLength": 36,
				"trailWidth": 2,
				"trailColor": "97FFA8",
				"speed": 1,
				"lifetime": 100,
				"drag": -0.017,
				"hitEffect": {
					"type": "ExplosionEffect",
					"lifetime": 28,
					"waveStroke": 6,
					"waveLife": 10,
					"waveRadBase": 7,
					"waveColor": "97FFA8",
					"waveRad": 30,
					"smokes": 6,
					"smokeColor": "FFFFFF",
					"sparkColor": "97FFA8",
					"sparks": 6,
					"sparkRad": 35,
					"sparkStroke": 1.5,
					"sparkLen": 4
				},
				"smokeEffect": "none",
				"hitSound": "plasmaboom",
				"fragBullets": 7,
				"fragVelocityMin": 0.3,
					"status": "电磁干扰",
					"statusDuration": 5
				}
			}
			            {
			"name": "零修-1",
			"x": 8,
			"y": -8,
			"rotate": true,
			"rotateSpeed": 4,
			"inaccuracy": 1,
			"shootSound": "missile",
			"reload": 32,
			"bullet": {
				"type": "BasicBulletType",
				"height": 20,
				"width": 14,
				"damage": 55,
				"shrinkY": 0,
				"weaveScale": 8,
				"weaveMag": 1,
				"keepVelocity": false,
				"absorbable": false,
				"homingDelay": 50,
				"homingPower": 0.08,
				"homingRange": 80,
				"splashDamageRadius": 35,
				"splashDamage": 45,
				"sprite": "missile-large",
				"frontColor": "FFFFFF",
				"backColor": "97FFA8",
				"collidesTeam": true,
				"healPercent": 2.8,
				"trailLength": 46,
				"trailWidth": 2,
				"trailColor": "97FFA8",
				"speed": 1,
				"lifetime": 100,
				"drag": -0.017,
				"hitEffect": {
					"type": "ExplosionEffect",
					"lifetime": 28,
					"waveStroke": 6,
					"waveLife": 10,
					"waveRadBase": 7,
					"waveColor": "97FFA8",
					"waveRad": 30,
					"smokes": 6,
					"smokeColor": "FFFFFF",
					"sparkColor": "97FFA8",
					"sparks": 6,
					"sparkRad": 35,
					"sparkStroke": 1.5,
					"sparkLen": 4
				},
				"smokeEffect": "none",
				"hitSound": "plasmaboom",
				"fragBullets": 7,
				"fragVelocityMin": 0.3,
					"status": "电磁干扰",
					"statusDuration": 5
				}
			}
		            {
			"name": "零修-1",
			"x": -8,
			"y": -8,
			"rotate": true,
			"rotateSpeed": 4,
			"inaccuracy": 1,
			"shootSound": "missile",
			"reload": 32,
			"bullet": {
				"type": "BasicBulletType",
				"height": 20,
				"width": 16,
				"damage": 55,
				"shrinkY": 0,
				"weaveScale": 8,
				"weaveMag": 1,
				"keepVelocity": false,
				"absorbable": false,
				"homingDelay": 50,
				"homingPower": 0.08,
				"homingRange": 80,
				"splashDamageRadius": 35,
				"splashDamage": 45,
				"sprite": "missile-large",
				"frontColor": "FFFFFF",
				"backColor": "97FFA8",
				"collidesTeam": true,
				"healPercent": 2.8,
				"trailLength": 46,
				"trailWidth": 2,
				"trailColor": "97FFA8",
				"speed": 1,
				"lifetime": 100,
				"drag": -0.017,
				"hitEffect": {
					"type": "ExplosionEffect",
					"lifetime": 28,
					"waveStroke": 6,
					"waveLife": 10,
					"waveRadBase": 7,
					"waveColor": "97FFA8",
					"waveRad": 30,
					"smokes": 6,
					"smokeColor": "FFFFFF",
					"sparkColor": "97FFA8",
					"sparks": 6,
					"sparkRad": 35,
					"sparkStroke": 1.5,
					"sparkLen": 4
				},
				"smokeEffect": "none",
				"hitSound": "plasmaboom",
				"fragBullets": 7,
				"fragVelocityMin": 0.3,
					"status": "电磁干扰",
					"statusDuration": 5
				}
			}
		{
        	"name":"解裂",
        	"type":"PointDefenseWeapon",
        	"x":0,
	        "y":1,
        	"rotate": true,
        	"shootSound":"lasercharge2",
        	"recoil":0,
        	"rotateSpeed":2,
            "reload":2,
            "targetInterval":10,
            "targetSwitchInterval":5,
            "bullet":{
            "maxRange":230,
            "damage":40
            }
        }
        {
        	"name":"解裂",
        	"type":"PointDefenseWeapon",
        	"x":0,
	        "y":-1,
        	"rotate": true,
        	"shootSound":"lasercharge2",
        	"recoil":0,
        	"rotateSpeed":2,
            "reload":5,
            "targetInterval":10,
            "targetSwitchInterval":5,
            "bullet":{
            "maxRange":230,
            "damage":40
            }
        }
	]
	"research":"急修"//科技树位置，duo为双管
 }