{
	"type": "naval",
	"name": "林艇",
	"mechStepParticles": true,
	"rotateSpeed": 3,//旋转速度
	"rotateMoveFirst": true,
	"speed": 2,//速度
	"hitSize": 9.5,//大小
	"ammoCapacity": 450,
	"health": 600,//血量
	"armor": 5,//护甲
	"drag": 1,
	"accel": 1,
	"itemCapacity": 5,
	"faceTarget": true,
	"research": "钢铁",
	"weapons": [
				{
			"name": "林艇-1",
			"reload": 60,
			"x": 0,
			"y": 0,
			"rotate": true,
			"rotateSpeed": 2,
			"inaccuracy": 2,
			"shake": 1.7,
			"recoil": 1,
			"top": false,
			"alternate": true,
			"ejectEffect": "casing3",
			"shootSound": "bang",
			"bullet": {
				"type": "ArtilleryBulletType",
				"damage": 32,
				"speed": 3,
				"lifetime": 50,
				"collides": true,
				"collidesTiles": false,
				"knockback": 0.1,
				"hitSound": "explosion",
				"hitEffect": "flakExplosionBig",
				"despawnEffect": "none",
				"splashDamage": 20,
				"splashDamageRadius": 20,
				"width": 11,
				"height": 12
				"buildingDamageMultiplier": 1,
			}
			"shoot": {
		        "spread": 0
	         	"shotDelay":1,
	         	"shots": 2,
	         	"barrels": 1,
	         	}
		}, 
	                 {
            "name": "林艇-3",
            "x": 0,
            "y": 0,
            "shootX": -0.8,
            "shootY": -2,
            "mirror": true,
            "reload": 115,
            "shootCone": 200,
            "shootSound": "DD1",
            "rotate": false,
            "recoil": 0,
            "inaccuracy": 0,
            "cooldownTime": 180,
              "shoot": {
				"shots": 4,
				"shotDelay": 9,
				"type": "ShootBarrel",
                    "barrels": [
                     36.5,0,-45
                     36.5,0,-45
                     36.5,0,-45
                     36.5,0,-45
                    ]
                      }
            "bullet": {
                "type": "MissileBulletType",
                "damage": 20,
                "splashDamageRadius": 30,
                "splashDamage": 10,
                "homingRange": 250,
                "homingDelay": 1,
                "homingPower": 0.52,
                "shootEffect": "none",
                "hitEffect": "flakExplosionBig",
                "despawnEffect": "flakExplosionBig",
                "trailLength": 8,
                "trailWidth": 1.2,
                "trailEffect": "none",
                "trailColor": "FFFFFF",
                "backColor": "88a8e3",
                "frontColor": "b9c7f0",
                "speed": 3.96,
                "lifetime": 50,
                "drag": -0.0257,
                "width": 9,
                "height": 38
            }
        },
	]
	"research":"海军工厂"//科技树位置，duo为双管
 }