{
    "type": "flying",
    "name": "文竹",
    "description": "次代进攻生物，发射燃烧导弹。",
    "outlineColor": "2C2A35FF",
    "speed": 2.5,
    "drag": 0.05,
    "accel": 0.06,
    "rotateSpeed": 6,
    "ammoCapacity": 30,
    "hitSize": 16,
    "buildSpeed": 0,
    "flying": true,
    "health": 550,
    "armor": 2,
    "engineOffset": 7,
    "lowAltitude": true,
    "research": "次代培养机",
    "abilities": [
        {
            "type": "RegenAbility",
            "percentAmount": 0.025
        }
    ],
    "weapons": [
        {
            "name": "文竹-barrel",
            "reload": 30,
            "x": 2.8,
            "y": 5.2,
            "rotate": true,
            "inaccuracy": 5,
            "velocityRnd": 0.2,
            "shootSound": "missile",
            "bullet": {
                "type": "MissileBulletType",
                "width": 8,
                "height": 8,
                "shrinkY": 0,
                "drag": -0.003,
                "homingRange": 60,
                "keepVelocity": false,
                "splashDamageRadius": 24,
                "splashDamage": 35,
                "lifetime": 40,
                "speed": 4,
                "hitEffect": "blastExplosion",
                "despawnEffect": "blastExplosion",
                "weaveScale": 6,
                "weaveMag": 1,
                "trailWidth": 2,
                "trailLength": 8,
                "incendAmount": 1,
                "incendChance": 1
            }
        }
    ],
    "parts": [
        {
            "type": "RegionPart",
            "mirror": true,
            "x": 0,
            "y": 0,
            "suffix": "-side",
            "moveX": 0,
            "moveY": 0,
            "moveRot": 30,
            "outline": false,
            "progress": {
                "type": "smoothReload",
                "op": "sin",
                "offset": 20,
                "scl": 1,
                "mag": 1
            }
        }
    ]
}