{
"name": "石英晶体",
"description": "由于正压电效应受到挤压会放电。可以通过天然矿石开采，但存量较少，所以一般都用晶体培养机培养。",
"color": "E3EFF7",
"alwaysUnlocked":false,
"radioactivity": 0.15,//放射性
"charge": 3,//放电性
"explosiveness": 0,//爆炸性
"flammability": 0,//可燃性
"hardness":1//挖掘等级，原版最高4级
"cost": 1.5,
//"frames": 10,
"research": "duo"
/*"details": "[C0EBD7]石英晶体受到挤压放电的原理基于其独特的晶体结构和正压电效应：[]


[red]1. [7DDBF6]石英晶体的结构特性[]

石英（SiO₂）是一种单晶体，具有非中心对称的六角锥体结构。其晶胞由硅氧四面体构成，正负电荷中心在未受外力时重合，整体呈电中性。石英的各向异性决定了其三个主轴的物理特性不同：

电轴（x轴）：垂直于光轴（z轴），沿此轴施加机械应力时，会在晶体表面产生电荷（压电效应主要沿此轴发生）。
机械轴（y轴）：仅产生机械变形，不直接产生电荷。
光轴（z轴）：沿此轴受力不会产生压电效应。

 
[red]2. [7DDBF6]挤压放电的机理（正压电效应）[]

当外力沿**电轴（x轴）或机械轴（y轴）**挤压石英晶体时，晶胞发生变形，导致正负电荷中心分离，打破原有的电中性平衡，产生极化现象。具体过程如下：

晶格变形：外力使硅氧四面体结构扭曲，正离子（Si⁴+）和负离子（O²⁻）的相对位置偏移。
电荷分离：变形导致x轴两表面分别积累等量异号电荷（如x轴正方向带正电，负方向带负电）。

电荷释放：若在表面镀电极并连接电路，电荷会通过导线流动形成电流，实现机械能向电能的转换。

电荷量与外力关系：产生的电荷量（Q）与施加的力（F）成正比，公式为 Q = d \cdot F，其中d为压电常数（石英的d₁₁约为2.3×10⁻¹² C/N）。


[red]3. [7DDBF6]方向性与压电效应类型[]

纵向压电效应：沿电轴（x轴）施加拉力或压力时，电荷在x轴表面产生。

横向压电效应：沿机械轴（y轴）施加力时，电荷仍出现在x轴表面，但极性与受力方向相关。

反向性：若外力方向改变（如压缩改为拉伸），电荷极性也随之反转。",*/
}
