{
	"type": "SolidPump",
	"name":"埃里克尔抽水机",
	"description": "你还在为在埃里克尔没有水而发愁吗？使用这个吧，用了马上就有水了",
	"size": 2,
  "health": 400,
   	"liquidCapacity":600,
    "hasLiquids": true,
    "pumpAmount":0.6,
    "attribute":"water",
    "buildCostMultiplier":0.75,
        "consumes": {
    "power":4.5
	},
	"requirements": [
		{"item": "graphite","amount": 120},
		{ "item": "silicon", "amount": 150},
		{"item": "beryllium", "amount":190}
	],
	"category": "production",
	"research": "beryllium"
}