{
	"type": "forceProjector",
    "name":"埃里克尔防御力场",
	"description": "放心吧，盾容量很厚，不用担心破盾，而且成本很低，不用担心损失",
	"health": 3000,
	"size": 1,
	"itemCapacity": 10,
	"consumes": {
		"power": 10,
		"items": {
			"items": [
				{ "item": "silicon", "amount": 1}
			],
			"booster": true,
			"optional": true
		}
	},
	"radius": 160,
	"shieldHealth": 4500,
	"phaseUseTime": 900,
	"phaseRadiusBoost":150,
	"phaseShieldBoost": 56000,
	"cooldownNormal": 0.5,
	"cooldownLiquid": 0.2,
	"cooldownBrokenBase": 1.5,
	"requirements": [
		{ "item": "silicon", "amount":20},
			{"item": "graphite","amount": 12},
		{"item": "beryllium", "amount":19}
	],
	"category": "effect",
	"research": "beryllium"
}