{
    "type": "GenericCrafter",
    "name":"钍爆硅场",
    "category": "crafting",
    "requirements": [
        "graphite/780","metaglass/1800","surge-alloy/180","plastanium/1500","silicon/940","thorium/160"
    ],
    "outputItem": "silicon/1500",
    "craftTime": 48.00,
    "size": 4,
    "hasPower": true,
    "hasLiquids": true,
    "drawer": {
        "type": "DrawSmelter",
        "flameColor": "ffef99"
    },
    "consumes": {
        "items": {
            "items": [
                "blast-compound/3","sand/1000","thorium/5","surge-alloy/4","silicon/6"
            ]
        },
        "power": 40.00,
          "liquid":{
          "liquid":"cryofluid",
           "amount":0.6
           }
    },
    "research":"siliconCrucible"
}