{
	"type": "mendProjector",
	"name": "修理器",
	"description": "定期修复建筑\n硅晶可以提升性能",
	"health":120,
	"size": 1,
	"buildCostMultiplier": 1,
	"reload": 600,
	"range": 45,
	"healPercent": 6,
	"itemCapacity": 10,
	"phaseBoost": 10,
	"phaseRangeBoost": 15,
			"canOverdrive": false,
	"consumes": {
		"power": 0.48,
		"items": {
			"items": [
				"粗硅晶/1",
			],
			"optional": true,
			"booster": true
		}
	},
	"requirements": [
	"铝/25"
	"锂/30"
	],
	"category": "effect",
	"research": "能量中枢"
}