{
	"name": "初代合晶超速仪",
	"description": "提高附近方块的工作效率\n可使用金辉合金来提高加速倍数",//介绍
	"type": "OverdriveProjector"
	"health": 1350,//生命
	"size": 3,//占地边长支持1~9对应贴图1x1=32x32像素.
	"range": 220,//范围
	"speedBoostPhase": 1.6,//加速加成
	"useTime": 120//使用一个物品加成时间
	"phaseRangeBoost": 45,// 加速范围百分比
	"speedBoost": 1.8,//加成倍率格式1.0
	"consumes": {
		"power": 18,//工作能量消耗,比例1:60
        "items":{
			"items":[
				{"item":"金辉合金","amount":1}
			]
			"booster":true
			"optional": true
		}
	},
	"requirements": [
		{ "item": "固态能", "amount":65 }
		{ "item": "铝钢", "amount":45}
		{ "item": "纯硅晶", "amount":45 }
		"塑胶/85"
		"初代合晶/35"
	]
	"category": "effect",
	"research":"超速投射器"
	 	"research": {
		"parent": "超速投射器",
		
		"objectives": [
      {
				"type": "SectorComplete",
				"preset": "暗流"
			},
    ],
	},
}