{
    // "type":"ForceProjector",
    "name":"力墙发生场",
    "health":1720,
    "description":"生成一个六边形的力墙\n保护建筑或核心。"
	"requirements": [
"锂/100"
"铝钢/75"
"废晶/125"
	],
    "size":3,
    "radius":120,
    //半径(4:1格)
    "shieldHealth":1200,
    //盾容
    	// "coolant":{"amount":0.5,"optional":true}	}//加速液体
       "solid":true,
    "phaseRadiusBoost":80,
    //物品加强半径
    // "radius":240,
    //半径(4:1格)
    // "shieldHealth":3600,
    //盾容
    "phaseShieldBoost":1200,
    //加强盾容
    "phaseUseTime":400,
    //一个物品的加强时间
    "cooldownNormal":1.75,
    //正常冷却
    "cooldownLiquid":1.85,
    //液体加速冷却
    "cooldownBrokenBase":0.75,
    //过载后冷却
	"consumes":{
	    "power":10,
	},
	"category": "effect",
		"research": {
		"parent": "小型力墙",
		"objectives": [
      {
				"type": "SectorComplete",
				"preset": "冰谷"
			},
    ],
	},
}


/*

        forceProjector = new ForceProjector("force-projector"){{
            requirements(Category.effect, with(Items.lead, 100, Items.titanium, 75, Items.silicon, 125));
            size = 3;
            phaseRadiusBoost = 80f;
            radius = 101.7f;
            shieldHealth = 750f;
            cooldownNormal = 1.5f;
            cooldownLiquid = 1.2f;
            cooldownBrokenBase = 0.35f;

            consumes.item(Items.phaseFabric).boost();
            consumes.power(4f);
        }};