{
    // "type":"ForceProjector",
    "name":"大型力墙",
    "health":1720,
    "description":"生成一个六边形的力墙\n保护建筑或核心。"
	"requirements": [
	"锂/800"
"纯硅晶/500"
"初代合晶/75"
"固态能/125"
	],
    "size":5,
    "radius":450,
    //半径(4:1格)
    "shieldHealth":30000,
    //盾容
    	// "coolant":{"amount":0.5,"optional":true}	}//加速液体
       "solid":true,
    "phaseRadiusBoost":120,
    //物品加强半径
    // "radius":240,
    //半径(4:1格)
    // "shieldHealth":3600,
    //盾容
    "phaseShieldBoost":15000,
    //加强盾容
    "phaseUseTime":400,
    //一个物品的加强时间
    "cooldownNormal":10,
    //正常冷却
    "cooldownLiquid":15,
    //液体加速冷却
    "cooldownBrokenBase":6.5,
    //过载后冷却
	"consumes":{
	    "power":80,
	},
	"category": "effect",
		"research": {
		"parent": "力墙发生场",
	
	},
}


/*

        forceProjector = new ForceProjector("force-projector"){{
            requirements(Category.effect, with(Items.lead, 100, Items.titanium, 75, Items.silicon, 125));
            size = 3;
            phaseRadiusBoost = 80f;
            radius = 101.7f;
            shieldHealth = 750f;
            cooldownNormal = 1.5f;
            cooldownLiquid = 1.2f;
            cooldownBrokenBase = 0.35f;

            consumes.item(Items.phaseFabric).boost();
            consumes.power(4f);
        }};