{
	"name": "超速天穹",
	"description": "提高附近方块的工作效率\n需要初代合晶和能量流体",//介绍
	"type": "OverdriveProjector"
	"health": 5650,//生命
	"size": 5,//占地边长支持1~9对应贴图1x1=32x32像素.
	"range": 250,//范围
	"speedBoostPhase": 2,//加速加成
	"useTime": 180//使用一个物品加成时间
	"phaseRangeBoost": 50,// 加速范围百分比
	"speedBoost": 1.8,//加成倍率格式1.0
	"consumes": {
		"power": 38,//工作能量消耗,比例1:60
        "items":{
			"items":[
				{"item":"初代合晶","amount":1}
			]
			"booster":true
			"optional": false
		}
			"liquid": {
			"liquid": "能量流体", 
			"amount": 0.2,
			"booster": true,
			"optional": false
		}
	},
	"requirements": [
		{ "item": "固态能", "amount":65 }
		{ "item": "铀", "amount":45}
		{ "item": "纯硅晶", "amount":45 }
		"赤金/85"
		"次代合晶/35"
	]
	"category": "effect",
	//*"research":"超速投射器"
	 	"research": {
		"parent": "初代合晶超速仪",
	},
}