{
	"type": "flying",
	"research": {
		"parent": "核心工厂",
		"objectives": [
			{
				"type": "SectorComplete",
				"preset": "impact0078"
			}
		]
	},
	"researchCostMultiplier": 40,
	"flying": true,
	"health": 5800000,
	"armor": 63,
	"hitSize": 92,
	"range": 480,
	"speed": 1,
	"rotateSpeed": 2,
	"engineSize": 0,
	"engineOffset": 44.25,
	"faceTarget": false,
	"lowAltitude": true,
	"ammoType": "thorium",
	"ammoCapacity": 900,
	"outlineColor": "1F1F1F",
	"immunities": [
		"burning",
		"melting",
		"blasted",
		"wet",
		"freezing",
		"spore-slowed",
		"slow",
		"tarred",
		"muddy",
		"sapped",
		"electrified",
		"unmoving",
		"熔融",
		"EMP",
		"不稳定能量"
	],
	"targetFlags": [
		"reactor",
		"generator",
		"battery",
		"factory"
	],
	"weapons": [
		{
			"name": "无畏脉冲",
			"x": 0,
			"reload": 1200,
			"shake": 8,
			"recoil": 0,
			"shootY": 0,
			"shoot": {
				"shots": 3,
				"shotDelay": 30,
				"firstShotDelay": 40
			},
			"mirror": false,
			"shootCone": 360,
			"cooldownTime": 1080,
			"chargeSound": "lasercharge2",
			"shootSound": "laserblast",
			"bullet": {
				"type": "EmpBulletType",
				"damage": 0,
				"lifetime": 30,
				"speed": 12,
				"collides": false,
				"hittable": false,
				"absorbable": false,
				"reflectable": false,
				"pierceArmor": true,
				"shootEffect": "none",
				"instantDisappear": true,
				"radius": 480,
				"timeIncrease": 1,
				"unitDamageScl": 1,
				"powerDamageScl": 0,
				"powerSclDecrease": 0,
				"hitColor": "FF5845",
				"status": "EMP",
				"statusDuration": 300,
				"splashDamage": 1000,
				"splashDamageRadius": 480,
				"hitPowerEffect": {
					"type": "ParticleEffect",
					"line": true,
					"particles": 6,
					"lifetime": 22,
					"length": 120,
					"cone": 360,
					"lenFrom": 6,
					"lenTo": 6,
					"colorFrom": "FF6666",
					"colorTo": "FF5845"
				},
				"hitEffect": {
					"type": "MultiEffect",
					"lifetime": 120,
					"effects": [
						{
							"type": "ParticleEffect",
							"particles": 12,
							"length": 40,
							"lifetime": 36,
							"cone": 360,
							"sizeFrom": 5,
							"sizeTo": 0,
							"interp": "circleOut",
							"colorFrom": "FF6666",
							"colorTo": "FF5845"
						},
						{
							"type": "ParticleEffect",
							"particles": 6,
							"lifetime": 9,
							"sizeFrom": 3,
							"sizeTo": 0,
							"length": 60,
							"baseLength": 8,
							"cone": 20,
							"colorFrom": "FF6666",
							"colorTo": "FF5845"
						},
						{
							"type": "WaveEffect",
							"lifetime": 10,
							"sizeFrom": 8,
							"sizeTo": 50,
							"strokeFrom": 2,
							"strokeTo": 0,
							"colorFrom": "FF6666",
							"colorTo": "FF5845"
						}
					]
				},
				"despawnEffect": {
					"type": "MultiEffect",
					"lifetime": 120,
					"effects": [
						{
							"type": "ParticleEffect",
							"particles": 1,
							"length": 0,
							"lifetime": 15,
							"sizeFrom": 480,
							"sizeTo": 480,
							"colorFrom": "FF584580",
							"colorTo": "FF666600"
						},
						{
							"type": "WaveEffect",
							"lifetime": 60,
							"sizeFrom": 480,
							"sizeTo": 480,
							"strokeFrom": 4,
							"strokeTo": 0,
							"colorFrom": "FF5845",
							"colorTo": "FF6666"
						}
					]
				}
			},
			"parts": [
				{
					"type": "RegionPart",
					"suffix": "-glow",
					"mirror": true,
					"heatProgress": {
						"type": "warmup",
						"op": "sin",
						"offset": 30,
						"scl": 20,
						"mag": 0.6
					},
					"color": "FF9C5AC0",
					"heatColor": "F03B0E"
				},
				{
					"type": "RegionPart",
					"suffix": "-glow1",
					"mirror": true,
					"heatProgress": {
						"type": "warmup",
						"op": "sin",
						"offset": 20,
						"scl": 20,
						"mag": 0.6
					},
					"color": "FF9C5AC0",
					"heatColor": "F03B0E"
				},
				{
					"type": "RegionPart",
					"suffix": "-glow2",
					"mirror": true,
					"heatProgress": {
						"type": "warmup",
						"op": "sin",
						"offset": 10,
						"scl": 20,
						"mag": 0.6
					},
					"color": "FF9C5AC0",
					"heatColor": "F03B0E"
				}
			]
		},
		{
			"name": "无畏炮",
			"x": 20.75,
			"y": -3.25,
			"reload": 180,
			"shoot": {
				"shots": 4,
				"shotDelay": 10
			},
			"shootY": 8,
			"rotate": true,
			"rotateSpeed": 1,
			"shootCone": 15,
			"cooldownTime": 90,
			"layerOffset": 0.01,
			"minWarmup": 0.99,
			"shootWarmupSpeed": 0.06,
			"shootSound": "月隐发射",
			"bullet": {
				"type": "EmpBulletType",
				"sprite": "circle-bullet",
				"damage": 32500000,
				"lifetime": 40,
				"speed": 12,
				"width": 12,
				"height": 12,
				"shrinkY": 0,
				"scaleLife": true,
				"absorbable": false,
				"frontColor": "FF6666",
				"backColor": "FF5845",
				"splashDamage": 125,
				"splashDamageRadius": 120,
				"shootEffect": {
					"type": "ParticleEffect",
					"line": true,
					"particles": 12,
					"lifetime": 20,
					"length": 45,
					"cone": 30,
					"lenFrom": 6,
					"lenTo": 6,
					"strokeFrom": 3,
					"strokeTo": 0,
					"lightColor": "FF5845",
					"colorFrom": "FFDCD8",
					"colorTo": "FF5845"
				},
				"hitPowerEffect": {
					"type": "ParticleEffect",
					"line": true,
					"particles": 6,
					"lifetime": 22,
					"length": 120,
					"cone": -360,
					"lenFrom": 6,
					"lenTo": 6,
					"colorFrom": "FF6666",
					"colorTo": "FF5845"
				},
				"radius": 120,
				"timeIncrease": 1.5,
				"unitDamageScl": 0.5,
				"status": "连锁闪电",
				"statusDuration": 60,
				"homingPower": 0.08,
				"homingRange": 240,
				"suppressionRange": 120,
				"suppressionDuration": 600,
				"suppressionEffectChance": 100,
				"trailColor": "FF5845",
				"trailLength": 5,
				"trailWidth": 4,
				"trailInterval": 12,
				"trailChance": 1,
				"trailRotation": true,
				"trailEffect": {
					"type": "ParticleEffect",
					"line": true,
					"particles": 3,
					"lifetime": 25,
					"length": 24,
					"baseLength": 0,
					"lenFrom": 12,
					"lenTo": 0,
					"cone": 15,
					"offsetX": -15,
					"lightColor": "FF6666",
					"colorFrom": "FF5845",
					"colorTo": "FF6666"
				},
				"hitEffect": {
					"type": "multiEffect",
					"effects": [
						{
							"type": "WrapEffect",
							"effect": "dynamicSpikes",
							"color": "FF5845",
							"rotation": 120
						},
						{
							"type": "ParticleEffect",
							"particles": 1,
							"lifetime": 60,
							"length": 0,
							"sizeFrom": 12,
							"sizeTo": 0,
							"colorFrom": "FF5845",
							"colorTo": "FF6666"
						},
						{
							"type": "ParticleEffect",
							"particles": 1,
							"length": 0,
							"lifetime": 15,
							"sizeFrom": 120,
							"sizeTo": 120,
							"interp": "circle",
							"colorFrom": "FF5845",
							"colorTo": "FF666600"
						},
						{
							"type": "WaveEffect",
							"lifetime": 60,
							"sizeFrom": 120,
							"sizeTo": 120,
							"strokeFrom": 4,
							"strokeTo": 0,
							"colorFrom": "FF5845",
							"colorTo": "FF6666"
						}
					]
				},
				"despawnEffect": "none",
				"fragBullets": 8,
				"fragLifeMin": 0.5,
				"fragVelocityMin": 0.5,
				"fragBullet": {
					"sprite": "curse-of-flesh-star",
					"damage": 31500,
					"lifetime": 40,
					"speed": 4,
					"spin": 8,
					"shrinkX": 0,
					"shrinkY": 0,
					"height": 15,
					"width": 15,
					"impact": true,
					"knockback": -24,
					"frontColor": "FF6666",
					"backColor": "FF5845",
					"weaveMag": 2,
					"weaveScale": 7,
					"trailColor": "FF5845",
					"trailParam": 5,
					"trailLength": 9,
					"trailWidth": 2,
					"status": "熔融",
					"statusDuration": 60,
					"homingPower": 0.04,
					"homingRange": 160,
					"splashDamage": 85,
					"splashDamageRadius": 40,
					"hitEffect": {
						"type": "ParticleEffect",
						"particles": 1,
						"sizeFrom": 6,
						"sizeTo": 0,
						"length": 0,
						"spin": 3,
						"interp": "swing",
						"lifetime": 100,
						"region": "curse-of-flesh-star",
						"colorFrom": "FF5845",
						"colorTo": "FF5845"
					},
					"despawnEffect": {
						"type": "ParticleEffect",
						"particles": 1,
						"sizeFrom": 6,
						"sizeTo": 0,
						"length": 0,
						"spin": 3,
						"interp": "swing",
						"lifetime": 100,
						"region": "curse-of-flesh-star",
						"colorFrom": "FF5845",
						"colorTo": "FF5845"
					}
				}
			},
			"parts": [
				{
					"type": "RegionPart",
					"suffix": "-barrel",
					"mirror": true,
					"under": true,
					"moveY": 7.25,
					"moves": [
						{
							"progress": "recoil",
							"y": -1
						}
					],
					"children": [
						{
							"type": "RegionPart",
							"suffix": "-top",
							"mirror": true,
							"under": true,
							"x": 0.25,
							"moveY": 6,
							"layerOffset": -0.0001
						}
					]
				}
			]
		},
		{
			"name": "黑棘近防",
			"x": 15.5,
			"y": 56,
			"reload": 90,
			"shoot": {
				"shots": 3,
				"shotDelay": 15
			},
			"recoil": 2,
			"rotate": true,
			"rotateSpeed": 3,
			"shootCone": 15,
			"cooldownTime": 60,
			"shootSound": "laser",
			"bullet": {
				"type": "LaserBulletType",
				"damage": 22500,
				"lifetime": 15,
				"length": 320,
				"width": 24,
				"colors": [
					"DE4136",
					"FF5845",
					"FF6666"
				],
				"status": "熔融",
				"statusDuration": 60,
				"hitEffect": "hitLancer",
				"despawnEffect": "none"
			}
		},
		{
			"name": "黑棘近防",
			"x": 21.75,
			"y": 40,
			"reload": 90,
			"shoot": {
				"shots": 3,
				"shotDelay": 15
			},
			"recoil": 2,
			"rotate": true,
			"rotateSpeed": 3,
			"shootCone": 15,
			"cooldownTime": 60,
			"shootSound": "laser",
			"bullet": {
				"type": "LaserBulletType",
				"damage": 32500,
				"lifetime": 15,
				"length": 320,
				"width": 24,
				"colors": [
					"DE4136",
					"FF5845",
					"FF6666"
				],
				"status": "熔融",
				"statusDuration": 60,
				"hitEffect": "hitLancer",
				"despawnEffect": "none"
			}
		},
		{
			"name": "风暴近防",
			"x": 16.75,
			"y": -29.25,
			"reload": 90,
			"shoot": {
				"shots": 2,
				"shotDelay": 15,
				"firstShotDelay": 55
			},
			"recoil": 2,
			"recoilTime": 210,
			"shake": 5,
			"shootCone": 5,
			"rotate": true,
			"rotateSpeed": 2,
			"cooldownTime": 210,
			"chargeSound": "月隐蓄力",
			"shootSound": "月隐发射",
			"bullet": {
				"type": "LaserBulletType",
				"damage": 22500,
				"lifetime": 15,
				"length": 360,
				"width": 32,
				"colors": [
					"DE4136",
					"FF5845",
					"FF6666"
				],
				"status": "熔融",
				"statusDuration": 60,
				"hitEffect": "hitLancer",
				"despawnEffect": "none"
			}
		},
		{
			"type": "PointDefenseWeapon",
			"x": 0,
			"y": -31.75,
			"recoil": 0,
			"reload": 6,
			"rotate": true
			"rotateSpeed": 20,
			"shootSound": "lasershoot",
			"targetInterval": 6,
			"targetSwitchInterval": 6,
			"bullet": {
				"maxRange": 320,
				"damage": 325,
				"lifetime": 8,
				"speed": 20,
				"shootEffect": "sparkShoot",
				"hitEffect": "pointHit"
			}
		},
		{
			"x": 0,
			"y": -44.25,
			"reload": 300,
			"mirror": false,
			"shootY": 0,
			"baseRotation": 180,
			"useAmmo": false,
			"alwaysShooting": true,
			"alwaysContinuous": true,
			"shootSound": "none",
			"bullet": {
				"type": "ContinuousFlameBulletType",
				"colors": [
					"FF58458C",
					"FF5845B2",
					"FF5845CC",
					"FF8663",
					"FF8663CC"
				],
				"damage": 20,
				"lifetime": 30,
				"length": 45,
				"width": 3,
				"drawFlare": false,
				"status": "熔融",
				"statusDuration": 150,
				"hitEffect": {
					"type": "ParticleEffect",
					"line": true,
					"particles": 7,
					"lifetime": 15,
					"length": 65,
					"cone": -360,
					"strokeFrom": 2.5,
					"strokeTo": 0,
					"lenFrom": 8,
					"lenTo": 0,
					"colorFrom": "FF5845",
					"colorTo": "FF6666"
				}
			}
		},
		{
			"name": "折跃",
			"x": 0,
			"shoot": {
				"firstShotDelay": 120
			},
			"shake": 0,
			"reload": 1800,
			"shootCone": 1,
			"mirror": false,
			"display": false,
			"useAmmo": false,
			"aiControllable": false,
			"chargeSound": "lasercharge",
			"shootSound": "能量释放",
			"shootStatus": "过热",
			"shootStatusDuration": 121,
			"bullet": {
				"damage": 0,
				"lifetime": 60,
				"speed": 8,
				"recoil": -320,
				"collides": false,
				"collidesAir": false,
				"collidesGround": false,
				"instantDisappear": true,
				"shootEffect": "none",
				"smokeEffect": "none",
				"despawnEffect": "none",
				"hitEffect": "none"
			},
			"parts": [
				{
					"type": "RegionPart",
					"suffix": "-arrow",
					"mirror": true,
					"outline": false,
					"progress": {
						"type": "warmup",
						"op": "absin",
						"scl": 20,
						"mag": 1
					},
					"growProgress": "smoothReload",
					"x": -68,
					"y": 68,
					"moveX": 11,
					"moveY": -11,
					"growX": -1,
					"growY": -1,
					"rotation": -135,
					"layer": 110,
					"color": "FFD37F"
				},
				{
					"type": "RegionPart",
					"suffix": "-arrow",
					"mirror": true,
					"outline": false,
					"progress": {
						"type": "warmup",
						"op": "absin",
						"scl": 20,
						"mag": 1
					},
					"growProgress": "smoothReload",
					"x": 68,
					"y": -68,
					"moveX": -11,
					"moveY": 11,
					"growX": -1,
					"growY": -1,
					"rotation": 45,
					"layer": 110,
					"color": "FFD37F"
				},
				{
					"type": "shapePart",
					"progress": "smoothReload",
					"circle": true,
					"hollow": true,
					"radius": 72,
					"stroke": 3,
					"strokeTo": 0,
					"layer": 110,
					"color": "FFD37F"
				}
			]
		}
	],
	"fallSpeed": 0.003333333333,
	"fallEffect": {
		"type": "ParticleEffect",
		"line": true,
		"particles": 2,
		"length": 0.01,
		"lifetime": 30,
		"colorTo": "FF584550",
		"strokeFrom": 2,
		"strokeTo": 0,
		"lenFrom": 14,
		"lenTo": 14
	},
	"fallEngineEffect": {
		"type": "MultiEffect",
		"effects": [
			{
				"type": "ParticleEffect",
				"particles": 5,
				"length": 6,
				"baseLength": 6,
				"lifetime": 50,
				"interp": "pow3Out",
				"sizeInterp": "pow5In",
				"cone": -30,
				"offset": 30,
				"colorFrom": "787878",
				"colorTo": "787878",
				"sizeFrom": 5,
				"sizeTo": 0
			},
			{
				"type": "ParticleEffect",
				"particles": 3,
				"length": 10,
				"baseLength": 10,
				"lifetime": 45,
				"interp": "pow3Out",
				"sizeInterp": "pow5In",
				"cone": -30,
				"offset": 30,
				"colorFrom": "FF6666",
				"colorTo": "FF5845AA",
				"sizeFrom": 3.5,
				"sizeTo": 0
			}
		]
	},
	"deathExplosionEffect": {
		"type": "MultiEffect",
		"lifetime": 500,
		"effects": [
			{
				"type": "ParticleEffect",
				"particles": 200,
				"length": 220,
				"baseLength": 40,
				"lifetime": 500,
				"sizeFrom": 24,
				"sizeTo": 0,
				"colorFrom": "FF5845",
				"colorTo": "FF584575"
			},
			{
				"type": "ParticleEffect",
				"lightOpacity": 0,
				"particles": 100,
				"length": 200,
				"lifetime": 500,
				"sizeFrom": 32,
				"sizeTo": 0,
				"colorFrom": "787878",
				"colorTo": "78787875",
				"sizeInterp": "pow5In"
			},
			{
				"type": "ParticleEffect",
				"particles": 40,
				"line": true,
				"lifetime": 180,
				"length": 450,
				"lenFrom": 20,
				"lenTo": 0,
				"strokeFrom": 12,
				"strokeTo": 0,
				"colorTo": "FF6666"
			},
			{
				"type": "WaveEffect",
				"lifetime": 90,
				"sizeFrom": 0,
				"sizeTo": 260,
				"strokeFrom": 25,
				"strokeTo": 0,
				"colorTo": "FF584550"
			}
		]
	}
}