{
		"immunities": [
	],
	"name": "阿尔法聚变导弹",
	"type": "missile",
	"template": "MissileUnitType",
	"description": "导弹",
	"health": 6200
	"armor": 33
	"speed": 3
	"lifetime": 240
	"maxRange": 18,
	"rotateSpeed": 2.4
	"engineColor": "ffffffff",
	"trailColor": "ffffffff",
	"engineLayer": 100,
	"engineSize": 3.1,
	"engineOffset": 6,
	"trailLength": 22
	"missileAccelTime": 0
	"lowAltitude": true,
	"fogRadius": 8,
	"outlineColor": "ffffffff",
	"weapons": [
		{
			"shootCone": 360,
			"mirror": false,
			"reload": 1,
			"shake": 10,
			"shootOnDeath": true,
			"shootSound": "plasmaboom",
			"bullet": {
				"collidesGround": true
	"collidesAir": true
				"type": "ExplosionBulletType",
				"hitColor": "ffffffff",
				"splashDamage": 6800
				"splashDamageRadius": 192
				"despawnShake": 3,
				"fragVelocityMin": 4
				"buildingDamageMultiplier":2
				"shootEffect": {
        "type": "MultiEffect",
	"effects": [{"type": "ParticleEffect",
    "particles": 1
    "sizeFrom": 192
    "sizeTo": 92
    "length": 0
    "baseLength": 0
    "lifetime": 20
    "colorFrom": "ffffff60",
    "colorTo": "ffffff00",
    "cone": 360},
    {"type": "ParticleEffect",
    "particles": 1
    "sizeFrom": 64
    "sizeTo": 160
    "length": 0
    "baseLength": 0
    "lifetime": 56
    "colorFrom": "ffffff60",
    "colorTo": "ffffff00",
    "cone": 360},
    {"type": "ParticleEffect",
    "particles": 32
    "sizeFrom": 12
    "sizeTo": 20
    "length": 16
    "baseLength": 0
    "lifetime": 90
    "colorFrom": "ffeda640",
    "colorTo": "ffeda600",
    "cone": 360},
     {"type": "WaveEffect",
    "startDelay":30
    "lifetime": 36
    "sizeFrom": 64
    "sizeTo": 256
    "strokeFrom": 12
    "strokeTo": 0
    "colorFrom": "ffffff",
    "colorTo": "ffffff00"}
    ]
    }
		}
		}
	],
}