{

//copper 铜 lead 铅 coal 煤 spore-pod 孢子荚
//graphite 石墨 silicon 硅 titanium 钛 thorium 钍
//plastanium 塑钢 surge-alloy 巨浪合金 phase-fabric 相织布
//pyratite 硫 blast-compound 爆炸混合物 metaglass 钢化玻璃

	"type":"GenericCrafter",
	//GenericSmelter已经删除，需要加-top贴图的需要以下结构:
	"drawer":{
		"type":"DrawMulti",
		"drawers":[
			{
				"type":"DrawDefault"
			},
			{
				"type":"DrawFlame",
				//这个type允许使用-top贴图
				//并且会有火焰特效
			},
		]
	}
	"name":"合金爆冶厂",
	"outputItem":"surge-alloy/10",
	"outputLiquid":"污水/0.027",
	"itemCapacity":120,
	"liquidCapacity":120,
	"health":820,
	"craftTime":120,
	//生产时间
	"description":"在熔炼时加入爆炸物加快冶炼进度，需要冷冻液冷却。"
	"size":4,
	"armor":20,
	"updateEffect":"hitMeltdown"
	"craftEffect":{
	    "type":"MultiEffect"
	    "effects":[
	        {
	            "type":"WaveEffect"
		        "lifetime":30
		        "sizeFrom":0
		        "sizeTo":16
		        "colorFrom":"FFC491FF"
		        "colorTo":"FFC491FF"
            },
            {
		        "type": "WaveEffect"
		        "lifetime":60
		        "sizeFrom":0
		        "sizeTo":30
		        "colorFrom": "FFC491FF"
		        "colorTo": "FFC491FF"
            },
            {
		        "type": "WaveEffect"
		        "lifetime":45
		        "sizeFrom":24
		        "sizeTo":0
		        "colorFrom": "FFC491FF"
		        "colorTo": "FFC491FF"
            },
            {
                            "type": "ParticleEffect",
                            "particles": 1,
                            "length": 0,
                            "lifetime":25,
                            "sizeFrom":14,
                            "sizeTo":0,
                            "region": "星界探索-合金爆冶厂-0",
                            "colorFrom": "FFC491FF",
                            "colorTo": "FFC491FF"
	        }
                        ]
            }
	"consumes":{
		"power":12,
		"liquid":{"liquid":"cryofluid", "amount":0.25}
		"items":{
			"items":[
				"copper/24",
				"lead/30",
				"titanium/15",
				"silicon/24",
				"blast-compound/2"
			]
		},
	}
	"requirements":[
		"铧/80",
		"titanium/120",
		"silicon/160",
		"thorium/90",
		"lead/180",
		"plastanium/40"
	]
	"research":"alloy-smelter",
	//科技树中位于合金工厂的后面
	//加工特效，目前为石墨的特效
	"category":"crafting"
	//在建筑菜单中位于工厂子页面
	
	//turret 炮塔子页面 production 钻头子页面 
	//defense 墙子页面 power 电力子页面
	//logic 逻辑子页面 units 单位子页面
	//liquid 液体子页面 distribution 传送带子页面
	//effect 修复仪子页面
}