{
	//原版液体 water水 cryofluid冷却液 slag矿渣 oil石油
	"type":"GenericCrafter",
	"name":"塑钢光压机",
	"outputItem":"plastanium/2"
	"drawer":{
		"type":"DrawMulti",
		"drawers":[
			{
	            "type":"DrawRegion",
	            "suffix":"-bottom"
	        }
			{
				"type":"DrawDefault"
			},
			{
				"type":"DrawWeave",
			}
		]
	}
	"craftEffect":"shieldApply",
	"itemCapacity":30,
	"hasLiquids":false,
	"craftTime":50,
	"health":420,
	"description":"采用更好的技术生产塑钢。"
	"size":2,
	"consumes":{
		"power":5,
		"items":{
			"items":[
				"titanium/3",
				"coal/4",
			]
		}
	}
	"requirements":[
		"lead/140",
		"thorium/100",
		"titanium/150",
		"silicon/100"
	]
	"research":"plastanium-compressor",
	"category":"crafting"
	
}