{
	//原版液体 water水 cryofluid冷却液 slag矿渣 oil石油
	"type":"GenericCrafter",
	"name":"大型相织布编织器",
	"outputItem":"phase-fabric/3"
	"drawer":{
		"type":"DrawMulti",
		"drawers":[
			{
	            "type":"DrawRegion",
	            "suffix":"-bottom"
	        }
			{
				"type":"DrawDefault"
			},
			{
				"type":"DrawWeave",
			}
		]
	}
	"craftEffect":"shieldApply",
	"itemCapacity":60,
	"hasLiquids":false,
	"craftTime":90,
	"health":420,
	"ambientSound":"techloop",
	//环境音效
	"ambientSoundVolume":0.03,
	//环境音效音量
	"description":"更加高效的生产相织布。"
	"size":3,
	"consumes":{
		"power":12.5,
		"items":{
			"items":[
				"thorium/9",
				"sand/24",
			]
		}
	}
	"requirements":[
		"lead/350",
		"thorium/200",
		"plastanium/100",
		"silicon/150"
	]
	"research":"phase-weaver",
	"category":"crafting"
	
}