{

//copper 铜 lead 铅 coal 煤 spore-pod 孢子荚
//graphite 石墨 silicon 硅 titanium 钛 thorium 钍
//plastanium 塑钢 surge-alloy 巨浪合金 phase-fabric 相织布
//pyratite 硫 blast-compound 爆炸混合物 metaglass 钢化玻璃

	"type":"GenericCrafter",
	//如果将type改为GenericSmelter则需要一个后缀-top的发热贴图
	"name":"气冷多位压缩机",
	"outputItem":"graphite/50",
	"itemCapacity":300,
	"drawer":{
		"type":"DrawMulti",
		"drawers":[
			{
				"type":"DrawDefault"
			},
			{
				"type":"DrawRegion",
				//这个type允许新增旋转贴图
				//当然，旋转速度设为0也可以新增静态贴图
				"suffix":"-rotator",
				//"贴图后缀"
				"rotateSpeed":2
				//贴图旋转速度
			},
			{
	            "type":"DrawRegion",
	            "suffix":"-top"
	        }
		]
	}
	"updateEffect":"pulverizeSmall",
	"craftEffect":"shieldApply",
	"health":300,
	"craftTime":420,
	//生产时间60:1
	"description":"减少不必要的消耗，以大量电力为代价高效生产……"
	"size":3,
	"consumes":{
		"power":7.5,
		//耗电公式为：1=60
		"items":{
			"items":[
				"coal/60",
			]
		}
	}
	"requirements":[
		"silicon/120",
		"lead/150",
		"titanium/180",
		"thorium/50",
	],
	"research":"multi-press",
	//科技树中位于合金工厂的后面
	//加工特效，目前为石墨的特效
	"category":"crafting"
	//在建筑菜单中位于工厂子页面
	
	//turret 炮塔子页面 production 钻头子页面 
	//defense 墙子页面 power 电力子页面
	//logic 逻辑子页面 units 单位子页面
	//liquid 液体子页面 distribution 传送带子页面
	//effect 修复仪子页面
}