{
	"type":"Separator",
	"name":"超解机",
	"description":"高效率的产生高级物质，需要大量电力。",
	"health":800,
	"size":3,
	"armor":15,
	"itemCapacity":45,
	"liquidCapacity":45,
	"hasItems":true,
	//允许进入物资
	"drawer":{
		"type":"DrawMulti",
		"drawers":[
			{
				"type":"DrawDefault"
			},
			{
				"type":"DrawLiquidRegion",
				//这个type允许使用-liquid贴图
				"drawLiquid":"slag"
				//-liquid贴图选用的液体颜色
			},
			{
				"type":"DrawRegion",
				//这个type允许新增旋转贴图
				//当然，旋转速度设为0也可以新增静态贴图
				"suffix":"-rotator",
				//"贴图后缀"
				"rotateSpeed":15
				//贴图旋转速度
			},
			{
				"type":"DrawRegion",
				"suffix":"-top"
			}
		]
	}
	"hasLiquids":true,
	//允许进入液体
	"hasPower":true,
	//允许并入电网
	"craftTime":8,
	//生产速度
	"results":["titanium/12","thorium/6","graphite/6","plastanium/3","phase-fabric/1","metaglass/8"],
	//出货比例
	"consumes":{
		"power":15
		"items":{
			"items":[
				"scrap/1",
			]
		}
		"liquid":{
			"liquid":"slag",
			"amount":0.125,
		}
	}
	"requirements":[
		"titanium/300",
		"silicon/200",
		"铧/60",
		"thorium/85"
	]
	"research":"disassembler",
	"category":"crafting"
}