{
	"type": "ItemTurret",//类型
	"name": "强化恶兆",//名字:多管炮
	"health": 4800,//生命值
	"size": 5,//大小
	"reload": 120,//射速=60÷真实射速
	"range": 750,//自动攻击范围=range值÷8
	"ammoPerShot": 1//发射一次需要多少弹药
 "targetAir":true,//瞄准空军
 "targetGround":true,//瞄准陆军
 "hasPower": true,//是否需要用到电力,是；false:否
 "hasLiquids": true,//工厂是否需要用到液体,是；false:否
 "liquidCapacity": 270//液容
 "coolantMultiplier": 0.64//液体加速倍率
	"consumes": {//消耗
	"power": 15//耗电量
	"coolant": {//冷却液体
 "amount": 1.5,//数量
	"optional": true//是否当做加速液体:true是/false否
	},
	},
	"shoot": {//射击模式设置
	"shots": 1,//一次性发射子弹的数量
	"shotDelay": 1,//射击间隔
	"type": "ShootAlternate",//类型:射击交替
 "barrels": 1,//炮口数量
	"spread": 0//炮口间距
	},
	"xRand": 1,//每发子弹之间的距离
 "ammoUseEffect":"none",//换弹特效
 "coolEffect":"none",//液体加速特效
	"inaccuracy": 1,//射击误差
	"rotateSpeed": 4,//旋转速度
	"shake": 1,//震动程度
	"recoil":6,//后坐力
	"maxAmmo":30,//弹夹容量
	"ammoTypes": {//可用弹药
	"surge-alloy": {//合金
	"type" : "pointBulletType",//子弹类型:恶兆
	"damage": 1800,//伤害
	"shootEffect": "instShoot",//该子弹射击特效
	"lightning": 5,//电弧分裂数
	"lightningLength": 8,//电弧长度
	"lightningDamage": 90,//电弧伤害
	"ammoMultiplier": 1,//一个物品变几个弹药
	"speed": 600,//子弹速度
	"lifetime": 1.25,//弹药存在时间
	"hitShake": 7,//击中震动
	"trailSpacing": 20,//拖尾特效间隔
	"collidesTiles" : true,//对地伤害
	"collidesAir": true//对空中有伤害
	"smokeEffect": "smokeCloud",//射击烟雾特效
	"buildingDamageMultiplier": 0.10,//打建筑伤害倍率
	"trailEffect": "instTrail",//拖尾特效
	"despawnEffect": "instBomb",//消失特效
	"hitEffect":"instHit"//击中特效
 },
	},
	"requirements": [//建材
	"thorium/1200"//钛
	"graphite/300"//石墨
	"metaglass/750"//玻璃
	"silicon/750"//硅
	"plastanium/350"//塑钢
	"surge-alloy/450"//合金
	],
 "canOverdrive":true,//超频是否应用
 "shootSound":"railgun",//射击音效
 "heatColor":FF3000FF,//过热颜色
	"category": "turret",//游戏内分类:炮台
	"research": {//科技
 "parent": "foreshadow",//前置科技
 "objectives": [
 {
	"type": "SectorComplete",
	"preset": "nuclearComplex"//地区
	}
	]
 }
}
/*物品:
copper铜/D99D73FF/B8705CFF
lead铅/AB99D3FF/6F687EFF
metaglass玻璃/EBEEF5FF/D0D0E0FF
graphite石墨/95ABD9FF/626F9BFF
sand沙/
coal煤/
titanium钛/919FE7FF/7575C8FF
thorium钍/F9A3C7FF/CB8EBFFF
scrap废料/9B928BFF/666666FF
silicon硅/767A84FF/3A3A50FF
plastanium塑钢/CBD97FFF/9CB664FF
phase-fabric相织布/FFD59EFF/F19583FF
surge-alloy浪涌合金/E8D174FF/D99F6BFF
spore-pod孢子/
blast-compound爆炸物/FF795EFF/C85C51FF
pyratite硫化物/FFAA5FFF/D37F47FF

液体:
水:water
矿渣:slag
石油:oil
冷冻液:cryofluid
方解液:arkycite
镓:gallium(隐藏液体)