{
	"name": "孢子峡谷",
	"description": "我们从那里出来了……这里是一片孢子地！我想我们可以休整一会",
	"loadout": "basicNucleus",
    "startingItems": [
    	{"item": "copper", "amount": 400},
    	{"item": "lead", "amount": 400},
    	{"item": "titanium", "amount": 100},
    	{"item": "graphite", "amount": 40}
    ],
    "conditionWave": 20,
    "launchPeriod": 10,
    "requirements": [
    	{
    		"type": "ZoneWave",
    		"zone": "血色山谷", 
    		"wave": 40
    	},
    ],
    "resources": ["copper", "titanium", "lead", "铁", "sand", "thorium","coal","星源"]
}
