{
	"name": "血色山谷",
	"description": "这里不知道是什么地方……我只希望我们能逃出这片诡异的沙漠",
	"loadout": "basicNucleus",
    "startingItems": [
    	{"item": "copper", "amount": 400},
    	{"item": "lead", "amount": 400},
    	{"item": "titanium", "amount": 100},
    	{"item": "graphite", "amount": 40}
    ],
    "conditionWave": 20,
    "launchPeriod": 10,
    "requirements": [
    	{
    		"type": "ZoneWave",
    		"zone": "铁殇", 
    		"wave": 30
    	},
    ],
    "resources": ["copper", "titanium", "lead", "铁", "sand", "thorium","coal"]
}
