{
	"name": "铁殇",
	"description": "指挥官！我们发现了一处堡垒，他们对我们充满着敌意！",
	"loadout": "basicNucleus",
    "startingItems": [
    	{"item": "copper", "amount": 400},
    	{"item": "lead", "amount": 400},
    	{"item": "titanium", "amount": 100},
    	{"item": "graphite", "amount": 40}
    ],
    "conditionWave": 30,
    "launchPeriod": 5,
    "requirements": [
    	{
    		"type": "ZoneWave",
    		"zone": "铁殇", 
    		"wave": 10
    	},
    ],
    "resources": ["copper", "titanium", "lead", "铁", "sand", "thorium","coal"]
}
