{
"type": "flying",  // 类型为飞行器
"name": "噩梦",  // 名称为噩梦
"description": "御枪术？",  // 简介
"ammoCapacity": 100,  // 弹药容量为100
"speed": 3,  // 速度
"flying": true,  // 能够飞行
"payloadCapacity": 128,  // 载荷容量为128
"engineOffset": 7,  // 发动机偏移
"engineSize": 2,  // 发动机大小为2
"hitSize": 16,  // 被击中大小为16
"targetAir": true,  // 目标为航空单位
"health": 3000,  // 血量为3000
"armor": 100,  // 装甲为100
"rotateSpeed": 1.5,  // 转速为1.5
"itemCapacity": 10000,  // 容量为10000
"abilities": [  // 能力列表
{
"type": "ForceFieldAbility",  // 类型为力场能力
"radius": 64,  // 力场半径为64
"regen": 114,  // 力场回血速度为114
"max": 114514,  // 力场血量上限为114514
"cooldown": 10  // 冷却时间为10
}
],
"weapons": [
{
"name": "炮1",  // 武器名称为炮1
"mirror": false,  // 不进行镜像
"top": true,  // 在最上层显示
"shake": 4,  // 震动程度为4
"x": 20,  // x轴偏移
"y": 0,  // y轴偏移
"reload": 360,  // 重新加载时间为50
"continuous": true,  // 连续射击
"cooldownTime": 360,  // 冷却时间为600
"rotate": false,  // 不旋转
"chargeSound": "lasercharge",  // 充能音效为lasercharge
"shootSound": "laserblast",  // 射击音效为laserblast
"bullet": {
"type": "LaserBulletType",  // 子弹类型为激光子弹
"damage": 2500,  // 伤害值为2500
"width": 50,  // 宽度为50
"length": 500,  // 长度为500
"statusDuration": 120,  // 状态持续时间为120
"status": "electrified",  // 状态类型为electrified
"colors": ["97FFA8FF", "97FFA8FF", "FFFFFF"],  // 颜色数组
"healPercent": 5,  // 治疗百分比为5
"hitEffect": {
"type": "ParticleEffect",  // 命中效果为粒子效果
"particles": 6,  // 粒子数量为6
"sizeFrom": 9,  // 尺寸从9开始
"sizeTo": 0,  // 尺寸到0结束
"line": true,  // 命中效果为线性
"length": 174,  // 长度为174
"baseLength": 0,  // 基础长度为0
"sapStrength": 14,  // sap强度为14
"lifetime": 5,  // 生命周期为5
"colorFrom": "97FFA8FF",  // 颜色从97FFA8FF开始
"colorTo": "97FFA8FF",  // 颜色到97FFA8FF结束
"cone": 80  // 锥度为80
},
"lifetime": 88,  // 存在时间为88
"hitShake": 2,  // 命中震动程度为2
"despawnEffect": "smokeCloud",  // 离开后效果为烟雾云
"smokeEffect": "none",  // 烟雾效果为无
"chargeEffect": {
"type": "WaveEffect",  // 充能效果为波浪效果
"lifetime": 89,  // 生命周期为89
"sizeFrom": 100,  // 尺寸从100开始
"sizeTo": 0,  // 尺寸到0结束
"strokeFrom": 0,  // 描边从0开始
"strokeTo": 9,  // 描边到9结束
"colorFrom": "97FFA8FF",  // 颜色从97FFA8FF开始
"colorTo": "97FFA8FF"  // 颜色到97FFA8FF结束
},
"incendChance": 0.1,  // 点燃几率为0.1
"incendSpread": 8,  // 点燃蔓延范围为8
"incendAmount": 1  // 点燃数量为1
}
},
{
"name": "炮1",  // 武器名称为炮1
"mirror": false,  // 不进行镜像
"top": true,  // 在最上层显示
"shake": 4,  // 震动程度为4
"x": -20,  // x轴偏移
"y": 0,  // y轴偏移
"reload": 360,  // 重新加载时间为50
"continuous": true,  // 连续射击
"cooldownTime": 360,  // 冷却时间为600
"rotate": false,  // 不旋转
"chargeSound": "lasercharge",  // 充能音效为lasercharge
"shootSound": "laserblast",  // 射击音效为laserblast
"bullet": {
"type": "LaserBulletType",  // 子弹类型为激光子弹
"damage": 2500,  // 伤害值为2500
"width": 50,  // 宽度为50
"length": 500,  // 长度为500
"statusDuration": 120,  // 状态持续时间为120
"status": "electrified",  // 状态类型为electrified
"colors": ["97FFA8FF", "97FFA8FF", "FFFFFF"],  // 颜色数组
"healPercent": 5,  // 治疗百分比为5
"hitEffect": {
"type": "ParticleEffect",  // 命中效果为粒子效果
"particles": 6,  // 粒子数量为6
"sizeFrom": 9,  // 尺寸从9开始
"sizeTo": 0,  // 尺寸到0结束
"line": true,  // 命中效果为线性
"length": 174,  // 长度为174
"baseLength": 0,  // 基础长度为0
"sapStrength": 14,  // sap强度为14
"lifetime": 5,  // 生命周期为5
"colorFrom": "97FFA8FF",  // 颜色从97FFA8FF开始
"colorTo": "97FFA8FF",  // 颜色到97FFA8FF结束
"cone": 80  // 锥度为80
},
"lifetime": 88,  // 存在时间为88
"hitShake": 2,  // 命中震动程度为2
"despawnEffect": "smokeCloud",  // 离开后效果为烟雾云
"smokeEffect": "none",  // 烟雾效果为无
"chargeEffect": {
"type": "WaveEffect",  // 充能效果为波浪效果
"lifetime": 89,  // 生命周期为89
"sizeFrom": 100,  // 尺寸从100开始
"sizeTo": 0,  // 尺寸到0结束
"strokeFrom": 0,  // 描边从0开始
"strokeTo": 9,  // 描边到9结束
"colorFrom": "97FFA8FF",  // 颜色从97FFA8FF开始
"colorTo": "97FFA8FF"  // 颜色到97FFA8FF结束
},
"incendChance": 0.1,  // 点燃几率为0.1
"incendSpread": 8,  // 点燃蔓延范围为8
"incendAmount": 1  // 点燃数量为1
}
}
]
}