{
	"name": "T1单位快速升级装置补给箱",//名字
	"description": "补给T1单位快速升级装置的箱子",//介绍
	"type": "Wall",//类型
	"health":36000000,//血量
	"size":2 ,//边长
	"requirements": [
	{ "item": "T1单位快速升级装置", "amount": 200}//造价
	],
	"category": "defense",//不能改
"absorbLasers":true,//吸收激光（塑钢墙同款）
"deflect": false,//反弹子弹
"chanceDeflect":0,//反弹概率（1=1%）
"lightningChance":0//放电概率（1=100%）
"lightningDamage":0//闪电伤害
"lightningLength":0//闪电长度（1=?格）
}