{
//"type":"GenericCrafter",
	//GenericSmelter已经删除，需要加-top贴图的需要以下结构:
	"drawer":{
		"type":"DrawMulti",
		"drawers": [
			{
			"type":"DrawRegion",
			"suffix":"-bottom"
			},
			{
			"type":"DrawLiquidRegion",
			"drawLiquid":"水"
			"suffix":"-水"
			},
			"DrawDefault",
		]
				}
	"name":"储能厂",
	"outputLiquid":"熔液/0.1",
	"health":800,
	"hasLiquids":true,
	"liquidCapacity":60,
		// "speedBoostPhase": 0.5,//加速加成
	"craftTime":60,//制作时间，1为1/60秒
	"description":"将热能加诸己身，化作熔液"
	"size":2,
	"consumes":{
		"power":2
		"liquids":{
			"liquids":[
				"水/0.1",
			]
		}
	}
	"heatRequirement": 6,
	"maxEfficiency": 5,
	"requirements":[
		"铁/100",
		"黄铜/100"
	]
	"research":"冶炼厂",
	"category":"crafting"
}