{
//"type":"GenericCrafter",
	//GenericSmelter已经删除，需要加-top贴图的需要以下结构:
	"name":"复合熔铸厂",
	"hasLiquids":true,
	"hasItems":true,
	"itemCapacity":20,
	"health":800,
	"description":"研究需要不短的时间，不要着急"
	"details":"随着工程需要的科技越来越多，我们需要大量的资料来辅佐工作"
	"size":2,
	"requirements":[
		"黄铜/200",
		"钢/200"
		"安山合金/200"
		"钢化玻璃/200"
	]
	"research": {
		"parent": "锻钢厂",
		"requirements":[
		"黄铜/2000",
		"钢/2000"
		"安山合金/2000"
		"钢化玻璃/2000"
		]
		"objectives": [
			/*{
				"type": "SectorComplete",
				"preset": "废墟古城"
			}*/
			"玻璃熔炼厂"
			"科技_工业"
		]
	}
	"category":"crafting"
}