{
//"type":"GenericCrafter",
	//GenericSmelter已经删除，需要加-top贴图的需要以下结构:
	"drawer":{
		"type":"DrawMulti",
		"drawers": [
			"DrawDefault",
			{
				"type": "DrawFlame",
				"flameRadius": 0,
				"flameRadiusIn": 0,
				"flameRadiusMag": 0,
				"flameRadiusInMag": 0
			}
		]
				}
	"name":"热熔机",
	"outputItem":"安山合金/1",
	"itemCapacity":10,
	"health":800,
		// "speedBoostPhase": 0.5,//加速加成
	"craftTime":45,//制作时间，1为1/60秒
	"description":"机械时代的基础，安山岩和铁融合为安山合金"
	"details":"致敬:MC机械动力mod，作者的小彩蛋"
	"size":2,
	"consumes":{
		"items":{
			"items":[
				"安山岩/2",
				"铁/2",
			]
		}
	}
	"requirements":[
		"铁/10",
		"黄铜/10"
	]
	"research":"冶炼厂",
	"category":"crafting"
}