{
	"name": "猩红藻培养仪",
	"description": "培养前文明的产物——猩红藻的机器",
	"details":"致敬:泰拉瑞亚",
	"group":"drills",
	"health": 800,
	"outputItem": "猩红藻/1",
	"itemCapacity": 20,
	"size": 2,
    "hasItems": true,
	"hasLiquids": true,
	"solid": true,
	"outputsLiquid": true,
	"hasPower": true,
	"liquidCapacity": 240,
	"craftTime": 160,
	"consumes": {
		"power": 0.75,
	"liquid": 
	{"liquid": "水", "amount": 0.2}
		},
"drawer":{
	    "type":"DrawMulti",
	    "drawers":[
	    {
	    "type":"DrawRegion",
	    "suffix":"-bottom"
	    },
	    {
	       "type":"DrawLiquidRegion",
	    "drawLiquid":"水"
	      "suffix":"-水"
	    },
	    "DrawDefault"
	]},
	"updateEffect": "freezing",
	"requirements": [
	"铁/40"
	"安山合金/80"
	],
	"category": "crafting",
		"research": {
		"parent": "冷却机",
				"objectives": [
    {
		"type": "SectorComplete",
		"preset": "废墟古城"
	}
	]
	}
/*		"research": {
		"parent": "父级",
				"objectives": [
    {
		"type": "SectorComplete",
		"preset": "地图名"
	}
	]
	}*/
}