{
//"type":"GenericCrafter",
	//GenericSmelter已经删除，需要加-top贴图的需要以下结构:
	"drawer":{
		"type":"DrawMulti",
		"drawers": [
			"DrawDefault",
			{
				"type": "DrawFlame",
				"flameRadius": 0,
				"flameRadiusIn": 0,
				"flameRadiusMag": 0,
				"flameRadiusInMag": 0
			}
		]
				}
	"itemCapacity":20,
	"name":"电弧炉",
	"hasItems":true,
	"outputItem":"钢/3",
	"health":800,
		// "speedBoostPhase": 0.5,//加速加成
	"craftTime":15,//制作时间，1为1/60秒
	"description":"强力的钢生产建筑，更快速"
	"details":""
	"size":5,
	"consumes":{
	"power":1
		"items":{
			"items":[
				"猩红藻/2",
				"铁/1"
				"废沙/2"
			]
		}
	}
	"requirements":[
		"铁/75",
		"安山合金/45"
		"钢/100"
		"黄铜/50"
		"金/20"
	]
	"category":"crafting"
}