{
//"type":"GenericCrafter",
	//GenericSmelter已经删除，需要加-top贴图的需要以下结构:
	"drawer":{
		"type":"DrawMulti",
		"drawers": [
			"DrawDefault",
			{
				"type": "DrawFlame",
				"flameRadius": 0,
				"flameRadiusIn": 0,
				"flameRadiusMag": 0,
				"flameRadiusInMag": 0
			}
		]
				}
	"itemCapacity":10,
	"name":"粉碎机",
	"hasPower":true,
	"hasItems":true,
	"outputItem":"废沙/1",
	"health":200,
		// "speedBoostPhase": 0.5,//加速加成
	"craftTime":30,//制作时间，1为1/60秒
	"description":"粉碎废料变为废沙"
	"details":""
	"size":1,
	"consumes":{
	"power":0.1
		"items":{
			"items":[
				"废料/1",
			]
		}
	}
	"requirements":[
		"废料/50",
	]
	"research":"冷却机",
	"category":"crafting"
}