{
//"type":"GenericCrafter",
	//GenericSmelter已经删除，需要加-top贴图的需要以下结构:
/*	"drawer":{
		"type":"DrawMulti",
			"DrawDefault",//顶层，没有后缀
		]
	}*/
	"name":"虫蚀工厂3x",
	"hasItems":true,
	"itemCapacity":60,
	"hasLiquids":true,
	"liquidCapacity":40,
	"health":1800,
	"description":"多功能特殊混合物工厂！\n[#808080]鬼知道它是怎么运作的"
	"size":3,
	"category":"crafting",
	"buildVisibility":"sandboxOnly"
	"conductivePower":true,
	"consumes": {
		"powerBuffered":30,
	}
}