{
//"type":"GenericCrafter",
	//GenericSmelter已经删除，需要加-top贴图的需要以下结构:
	"drawer":{
		"type":"DrawMulti",
		"drawers": [
			{
				"type": "DrawRegion",
				"suffix": "-底",//底座
			},//底层，后缀-底
			{
				"type": "DrawRegion",
				"suffix": "-转",//转轮
				"spinSprite": true,
				"rotateSpeed": 6//一秒转一圈
			},
			{
				"type": "DrawRegion",
				"suffix": "-转",//转轮
				"spinSprite": true,
				"x": 2.75,
				"y": 2.75,
				"rotation": 22.5
				"rotateSpeed": -6//一秒转一圈
			},
			{
				"type": "DrawRegion",
				"suffix": "-转",//转轮
				"spinSprite": true,
				"x": -2.75,
				"y": 2.75,
				"rotation": 22.5
				"rotateSpeed": -6//一秒转一圈
			},
			{
				"type": "DrawRegion",
				"suffix": "-转",//转轮
				"spinSprite": true,
				"x": 2.75,
				"y": -2.75,
				"rotation": 22.5
				"rotateSpeed": -6//一秒转一圈
			},
			{
				"type": "DrawRegion",
				"suffix": "-转",//转轮
				"spinSprite": true,
				"x": -2.75,
				"y": -2.75,
				"rotation": 22.5
				"rotateSpeed": -6//一秒转一圈
			},//中层，后缀-转
			"DrawDefault",//顶层，没有后缀
		]
	}
	"itemCapacity":20,
	"name":"辊压机",
	"hasItems":true,
	"health":800,
		// "speedBoostPhase": 0.5,//加速加成
	"craftTime":120,//制作时间，1为1/60秒
	"description":"将材料压扁以建造更精密的建筑"
	"details":"被看扁了呢~"
	"size":2,
	"requirements":[
		"钢/50",
		"铁/100"
		"金/150"
	]
	"research": {
		"parent": "冷却机",
		"requirements":[
			"钢/500",
			"铁/1000"
			"金/1500"
		]
		"objectives": [
			{
				"type": "SectorComplete",
				"preset": "卫星前哨"
			}
		]
	}
	"category":"crafting"
}