{
//"type":"GenericCrafter",
	//GenericSmelter已经删除，需要加-top贴图的需要以下结构:
	"drawer":{
		"type":"DrawMulti",
		"drawers": [
			"DrawDefault",
			{
				"type": "DrawFlame",
				"flameRadius": 0,
				"flameRadiusIn": 0,
				"flameRadiusMag": 0,
				"flameRadiusInMag": 0
			}
		]
				}
	"liquidCapacity":60,
	"itemCapacity":10,
	"name":"锻钢厂",
	"hasLiquids":true,
	"hasItems":true,
	"outputItem":"钢/1",
	"health":800,
		// "speedBoostPhase": 0.5,//加速加成
	"craftTime":30,//制作时间，1为1/60秒
	"description":"铁躯，铸钢，以蓝制青——佚名[帝历238年(开元16年)]"
	"details":""
	"size":2,
	"consumes":{
	"power":0.5
	"liquid":"水/0.2"
		"items":{
			"items":[
				"废沙/1",
				"铁/1"
			]
		}
	}
	"requirements":[
		"铁/50",
		"安山合金/45"
	]
	"research":"粉碎机",
	"category":"crafting"
}