{
    "type": "PowerNode",
    "name": "低压电线杆",
    "description": "连接线路，运输低压电力。",
    "details": "大街上随处可见的杆子，但是这个好像是铁做的杆？",
    "size": 1,
    "health": 120,
    "maxNodes": 10,
    "laserRange": 5,
    "hasPower": true,
    "consumesPower": true,
    "outputsPower": true,
    "consumes": {
        "powerBuffered": 50
    },
    "requirements": [
        "铁/20",
        "铜线/10"
    ],
    "category": "power",
    "research": "粒子"
}