{
	"type": "GenericCrafter",
	"name": "巨号塑钢厂",
	"description": "进行分子重构筑生产塑钢",
	"outputItem": { "item": "plastanium", "amount":10},
	"size":3,
	"hasPower": true,
	"hasLiquids": true,
	"hasItems": true,
	"craftTime": 60,
	"itemCapacity":30,
	"liquidCapacity": 50,
	    "craftEffect" : "formsmoke",
    "updateEffect" : "plasticburn",
	"consumes": {
    "power":4,
    "liquids":[
	{
	"liquid":"oil",
	"amount":1.85,
	"booster":false	
	},
	{
	"liquid":"water",
	"amount":0.3,
	"booster":false	
	},
	]
    "items": {
	 "items": [
	    { "item": "titanium", "amount": 15 }
	    ]
  }
 },
"requirements": [
		{"item": "lead", "amount": 190},
		{ "item": "graphite", "amount": 190},
		{"item": "silicon","amount":120 },	
		{"item": "titanium","amount":65}
	],
	"category": "crafting",
	"research": "plastanium-compressor",
	"idleSound": "respawning",
	"idleSoundVolume": 0.4
}