{
    "name":"巨型硅厂",/*内容物名称*/
    "type":"GenericCrafter"
    "description":"利用氧气做助燃剂，冶炼大量的煤炭和沙子,它能高效的产出硅",/*内容物描述*/
    "size":3
    "acceptsItems":true,/*可接受物品*/
    "solid":true,/*是实体*/
    "itemCapacity":80,/*方块物品容量*/
    "consumesPower":true,/*可消耗电量*/
    "hasPower":true,/*方块可容电*/
    "rotate":false,/*可否旋转*/
    "liquidCapacity":50
    "craftTime":120,/*工厂加工时间*/
    "flameColor":"0xFF7684",/*加工火焰颜色*/
    "consumes":{
        "power":12,/*能量数*/
                "liquid": 
             {  "liquid":"ozone","amount":0.45,"booster":false}
        "items":[
        
            {"item":"coal","amount":20,/*物品/液体的数量*//*物品名称*/}
            {"item":"sand","amount":40,/*物品/液体的数量*//*物品名称*/}
            {"item":"pyratite","amount":5,/*物品/液体的数量*//*物品名称*/}          
                ]
	
        
    },/*生产消耗材料*/
    "attribute": "heat",
    "booster":false,
    "floating":true,
    "drawer":{
        "type":"DrawMulti",
        "drawers":[
            "DrawDefault",
            "DrawFlame"
            ]
    },
    "outputItem":{"item":"silicon","amount":25},
    "requirements":[
    {"item":"copper","amount":325,}
    {"item":"lead","amount":315,}
    {"item":"铬","amount":150,}
    {"item":"graphite","amount":20},
    ]
    /*消耗物品*/
    "category":"crafting",
    "research": "silicon-crucible",
    "updateEffect":"smeltsmoke"
}