{
	"type": "GenericCrafter"
	"name": "液氧合成仪",
	"description": "使用冷却液和氧气合成液氧",
	"health":500,
	"size":2,
	"liquidCapacity":50,
	"hasPower": true,
	//"rotate":true
	"boostScale":0.05,
    "craftTime": 120,
    "drawer":{
		"type": "DrawMulti",
		"drawers":[
	        {
                "type": "DrawRegion",
                "suffix": "-bottom"
            },
            {
                "type": "DrawLiquidTile",
                "drawLiquid": "ozone",
            },
            {
                "type": "DrawLiquidTile",
                "drawLiquid": "液氧",
                "drawLiquidLight":true
            },
	        "DrawDefault"
            ]
            }
//  "regionRotated1":3
    "consumes": {
		"power": 1.3,
        "liquids": [
        {"liquid":"ozone","amount":0.5,}
        ]
	},
	"outputLiquids":[
	{"liquid":"液氧","amount":0.3,}
	]
	"requirements": [
		{ "item": "lead", "amount": 100 },
	    { "item": "graphite", "amount": 65 }
	     {"item":"metaglass","amount":100,}
	      {"item":"silicon","amount":125,}
	]

    "category": "crafting",
    "research": "cryofluid-mixer",
	}