{
	"type": "GenericCrafter"
	"name": "液氮制造器",
	"description": "使用冷却液和氮气合成液氮",
	"health":500,
	"size":2,
	"liquidCapacity":50
	"hasPower": true,
	//"rotate":true
	"boostScale":0.05,
    "craftTime": 120,
//  "regionRotated1":3
    "consumes": {
		"power": 1.3,
        "liquids": [
        {"liquid":"nitrogen","amount":0.6,}
        {"liquid":"cryofluid","amount":0.6,}
        ]
	},
	"outputLiquids":
	[
	  {"liquid":"液氮","amount":0.5,}
	]
	"drawer":{
		"type": "DrawMulti",
		"drawers":[
	        {
                "type": "DrawRegion",
                "suffix": "-bottom"
            },
            {
                "type": "DrawLiquidTile",
                "drawLiquid": "nitrogen",
            },
            {
                "type": "DrawLiquidTile",
                "drawLiquid": "液氮",
                "drawLiquidLight":true
            },
	        "DrawDefault"
            ]
            }
            "updateEffect": "freezing",
	"requirements": [
	    {"item": "silicon", "amount": 120},
		{ "item": "lead", "amount": 60 },
		{ "item": "metaglass", "amount": 100 },
	    { "item": "graphite", "amount": 65 }
	]

    "category": "crafting",
	"research": "cryofluid-mixer",
	}