{
    "name":"白钢生产厂",/*内容物名称*/
    "type":"GenericCrafter"
    "description":"使用液氮和坚硬的铬和金刚万在高压环境下制作出来的极冷的金属",/*内容物描述*/
    "size":4
    "acceptsItems":true,/*可接受物品*/
    "solid":true,/*是实体*/
    "itemCapacity":20,/*方块物品容量*/
    "consumesPower":true,/*可消耗电量*/
    "hasPower":true,/*方块可容电*/
    "rotate":false,/*可否旋转*/
    "liquidCapacity":50
    "craftTime":90,/*工厂加工时间*/
    "flameColor":"0xFF7684",/*加工火焰颜色*/
    "consumes":{
        "power":12,/*能量数*/
                "liquid": 
             {  "liquid":"液氮","amount":0.5}
        "items":[
        
            {"item":"铬","amount":5,/*物品/液体的数量*//*物品名称*/}    
             {"item":"锂","amount":7,/*物品/液体的数量*//*物品名称*/}
                
                ]
	
        
    },/*生产消耗材料*/
    "drawer":{
        "type":"DrawMulti",
        "drawers":[
            "DrawDefault",
            "DrawFlame"
            ]
            }
    "outputItem":{"item":"白钢","amount":7},
    
    "requirements":[
    {"item":"silicon","amount":235,}
    {"item":"钛合金","amount":215,}
    {"item":"铬","amount":80,}
    ]
    /*消耗物品*/
    "category":"crafting",
    "research":"巨型石墨厂"
}