{
    "name":"碳钢液压机",/*内容物名称*/
    "type":"GenericCrafter"
    "description":"使用铬,铁，硅，在高压低温环境下，压成碳钢，需要液氧",/*内容物描述*/
    "size":4
    "acceptsItems":true,/*可接受物品*/
    "solid":true,/*是实体*/
    "itemCapacity":20,/*方块物品容量*/
    "consumesPower":true,/*可消耗电量*/
    "hasPower":true,/*方块可容电*/
    "rotate":false,/*可否旋转*/
    "liquidCapacity":50
    "craftTime":90,/*工厂加工时间*/
    "flameColor":"0xFF7684",/*加工火焰颜色*/
    "consumes":{
        "power":5,/*能量数*/
                "liquids":[
           {"liquid":"液氧","amount":0.5,
           "booster":false}
           ]
        "items":[
        
            {"item":"铬","amount":5,/*物品/液体的数量*//*物品名称*/}
            {"item":"graphite","amount":5,}
            {"item":"coal","amount":2}
                ]
	
    },/*生产消耗材料*/
    "drawer":{
        "type":"DrawMulti",
        "drawers":[
            "DrawDefault",
            "DrawFlame"
            ]
    },
    "outputItem":{"item":"碳钢","amount":7},
    
    "requirements":[
    {"item":"silicon","amount":100,}
    {"item":"graphite","amount":100,}
    { "item": "钛合金", "amount": 80 }
    {"item":"metaglass","amount":80,/*物品/液体的数量*//*物品名称*/}
    ]
    /*消耗物品*/
    "category":"crafting",
    "research":"钛合金制作厂"
}