{
    "type": "Separator",
	"description": "",
	"itemCapacity": 25,
	"size": 5,
	"craftTime": 40,
	"results": [
	    { "item": "远古碎片", "amount": 1},
		{ "item": "深渊之骨", "amount": 2},
		{ "item": "废金属", "amount": 4},
	],
	"consumes": {
	    "power": 9.88,
	    "items": {
        "items": [
        { "item": "工业废料罐", "amount": 2 }
        ],
        "optional": false
	},
		"liquid": {
			"liquid": "工业废水",
			"amount": 0.19
		}
	},
  	"liquidCapacity": 114,
    "requirements": [
        { "amount": 160, "item": "phase-fabric" },
        { "amount": 128, "item": "surge-alloy" },
        { "amount": 800, "item": "silicon" },
        { "amount": 100, "item": "plan零能晶体" },
        { "amount": 480, "item": "钬锭" },
        { "amount": 480, "item": "金" },
        { "amount": 480, "item": "铁锭" },
    ],
	"category":"crafting",
	"research": "工业废水罐装厂"
		"drawer":[
	    {
	        "type":"DrawDefault"
	    },
	    {
	        "type": "DrawLiquidTile",
	        "drawLiquid": "工业废水",
	        "drawLiquidLight": true
	    },
	    {
	        "type":"DrawRegion",
	        "suffix": "-rotator1",
	        "spinSprite": true,
	        "rotateSpeed": 1
	    },
	    {
	        "type":"DrawRegion",
	        "suffix": "-rotator2",
	        "spinSprite": true,
	        "rotateSpeed": -1
	    },	    
	    {
	        "type":"DrawRegion",
	        "suffix": "-top"
	    }
	]
}

