{
	"type": "GenericCrafter",
	"name": "流体处理厂",
	"description": "以生命迸发之姿活化凋亡流体",
	"liquidCapacity": 50,
	"outputItem": {"item": "深渊之骨", "amount": 1},
	"outputLiquid":{ "liquid": "生命流体", "amount":0.3 },
	"size": 3,
	"hasPower": true,
	"hasLiquids": true,
	"hasItems": true,
	"craftTime": 95,
	"consumes": {
		"power": 4.6,

		"liquid": {
			"liquid": "凋亡流体",
			"amount": 0.4
		}
	},
	"requirements": [
		{ "item": "生命晶体", "amount": 10 },
		{ "item": "thorium", "amount": 90 },
		{ "item": "thorium", "amount": 80 }
	],
	"category": "crafting",
	"research": "生命晶体研究室"
	"drawer":[
	    {
	        "type":"DrawDefault"
	    },
        {
            "type": "DrawLiquidRegion",
            "drawLiquid": "生命流体",
            "suffix": "-liquid"    
        },
	]

}

