{
	"type": "GenericCrafter",
    "requirements": [
        { "amount": 80, "item": "钛板" },
        { "amount": 40, "item": "Heavy_Lead_Slab" },
        { "amount": 90, "item": "铜板" },
        { "amount": 70, "item": "塑料" },
        { "amount": 80, "item": "silicon" }
    ],
    "consumes": {
        "power": 3.0,
        "liquid": {
            "liquid": "water",
            "amount": 0.2
        },
        "items": {
            "items": [
                { "amount": 2, "item": "coal" }
            ]
        }
    },
    "outputLiquid": {
        "liquid": "纯净水",
        "amount": 0.2
    },

    "craftTime": 150,
    "size": 2,
    "hasPower": true,
    "hasItems": true,
    "hasLiquids": true,
    "rotate": false,
    "solid": true,
    "category": "crafting",
    "research": "water"
    	"drawer":[
    {
	        "type":"DrawDefault"
	    },
	    {
            "type": "DrawRegion",
             "suffix": "-top"   
	    },
	    {
				"type":"DrawLiquidRegion",
				"drawLiquid":"纯净水"
				"drawLiquidLight":true,
	    }
	]
}