{
	"type": "flying",/*种类 */
	"name": "天启",/*名称，它叫什么名字！ */
	"description": "保卫四代核心，战斗能力极强",/*描述，简介！ */
	"ammoCapacity": 100,/*弹药容量 */
    "ammoResupplyAmount":5,//弹药补给倍率 
	"playerControllable": true,//玩家可以操控
    "speed": 3,
    "accel": 0.05,
    "drag": 0.05,
	"flying": true,/*能否飞行，true为能飞 */
	"engineOffset": 3,/*发动机偏移 */
	"engineSize": 2,/*发动机大小 */
    "hitSize": 12,/*被击中大小，你的大小 */
    "health": 800,/*血量 */
    "armor": 10,/*装甲 */
    "mineSpeed": 7,/*挖矿速度 1=100% */
    "mineTier": 4/*挖矿等级，你可以挖什么矿 */
    "buildSpeed": 1.5,/*构建速度 1=100%*/
    "rotateSpeed": 4,/*转速，旋转的速度 */
    "itemCapacity": 50,/*容量，字面意思 */
    "commandLimit": 8,/*命令限制，能让多少单位跟着你！ */
    "trailLength": 4, //拖尾长
   	"trailColor": "#FF4747FF",//拖尾颜色
    "rotateShooting": "true",/*旋转射击，是否旋转射击 */
    "abilities": [
	{
			"type": "ForceFieldAbility",
            "radius":40
			"regen":0.5
			"max":2020
			"cooldown":1600
				"sides": 180,
		}
{"type":"RegenAbility",//自愈
"percentAmount":0.1,
"amount":0.5,
}
]
       "engines": [
        {
            "x": 0,
            "y": -6,
            "radius": 2.8,
            "rotation": -0.8
        },
    ],
        "weapons":[
    		{
			"name":"large-artillery",
			//武器贴图的名字
			"top":true
			"mirror":false,
			"x":0,
			"y":0,
			"shootSound":"missile",
			"reload":20,
			"recoil":0,
			//后坐力
			"bullet":{
	"type":"FlakBulletType",
	"speed":0,
	"keepVelocity":false,
	"collidesGround":false,
	"smokeEffect":"none",
	"hitEffect":"none",
	"despawnEffect":"none",
	"makeFire":true
	"spawnUnit": "导弹"
				}}
{
    		"name": "artillery",
    		"reload":15,
    		"mirror": true,
			"top":true
    		"x":3.5,
    		"y":0,
    		"shootY":1,
    		"shoot":{
    			"shots":2,
    			"shotDelay":3,
    		}
	"bullet": {	
    "type":"missileBulletType",/*子弹类型 */
	"damage":21,/*伤害 */
	"frontColor":"FFDE00",/*子弹颜色 正面颜色*/
	"backColor":"FF4E00",/*背景色 */
	"width": 1,/*子弹宽度 */
	"height": 1,/*子弹长度 */
	"speed": 5,/*子弹速度 */
	"lifetime":10,/*子弹血量 */
	"reloadTime": 0,//攻击范围
	"lifetime":36,//存在时间，帧
	"buildingDamageMultiplier":1
			"trailLength": 4,//拖尾长度
            "trailWidth": 2.5,//拖位宽度
            "trailColor": "D6966AFF",//拖尾
 
    			}}]
}