{
	"type": "flying",/*种类 */
	"name": "朝夕",/*名称，它叫什么名字！ */
	"description": "专精与战争辅助",/*描述，简介！ *
	"ammoCapacity": 100,/*弹药容量 */
    "ammoResupplyAmount":5, 
     "accel":0.6,//加速度
    "drag":0.04,//拖拽速度
    "speed": 3.2,/*速度 */
	"flying": true,/*能否飞行，true为能飞 */
	"turnCursor":false,/*转动光标 */
	"engineOffset": 12,/*发动机偏移 */
	"engineSize": 8,/*发动机大小 */
    "hitSize": 54,/*被击中大小，你的大小 */
    "targetAir":"false",/*目标航空 */
    "health": 1480,/*血量 */
    "armor": 3,/*装甲 */
    "mineSpeed": 8,/*挖矿速度 1=100% */
    "mineTier": 4,/*挖矿等级，你可以挖什么矿 */
    "buildSpeed": 2,/*构建速度 1=100%*/
    "rotateSpeed": 4,/*转速，旋转的速度 */
    "itemCapacity": 90,/*容量，字面意思 */
    "commandLimit": 8,/*命令限制，能让多少单位跟着你！ */
    "rotateShooting": "true",/*旋转射击，是否旋转射击 */
       	"trailLength": 3.5, //拖尾长
   	"trailColor": "ABFAB5FF",//拖尾颜色	
"abilities": [
{"type":"RegenAbility",//自愈
"percentAmount":0.1,
"amount":0.2,
}]
    	"research":"日暮"
    	"weapons":[
    	{//治愈射线
"type":"RepairBeamWeapon",
"name":"Weapon",
"widthSinMag":0.11,
"reload":10,
"rotate":false,
"beamWidth":0.7,
//"aimDst":0,
"shootCone":5,
"mirror":true,
"repairSpeed":2,
"fractionRepairSpeed":0.2,
"targetUnits":false,
"targetBuildings":true,
"autoTarget":false,
"controllable":true,
"x":2,"y":3,
"laserColor":"ABFAB5FF",
"laserTopColor":"FFFFFF",
"shootY":4,
"bullet":{
"maxRange":64,
"ammoMultiplier":1,//每个物品能够
}}
{"name":"none",//修复
		"type":"RepairBeamWeapon",
		"x":6,"y":2,
		"shootY":0,//
		"rotateSpeed": 1,//旋转速度
		"rotate": true,//旋转
		"rotateSpeed":6,//转头速度
		"mirror":true,//镜像
		"layerOffset":-0.001,//
		"widthSinMag":0.11,
		"reload":25,
		"beamWidth":0.7,
		"aimDst":0,
		"repairSpeed":1,//一次治疗血量
		"fractionRepairSpeed":0.05,//百分比治疗加速倍率
		"laserColor":"84F491FF",//激光颜色
		"healColor":"84F491FF",//治愈颜色
		"targetUnits":true,//碰撞单位
		"targetBuildings":false,//碰撞建筑
		"autoTarget":true
		"bullet":{
		"maxRange":32,
	}}
]
}