{
	"name":"银梭",
	"description":"从一个拥有超合金的上古文明中挖出来的..."
	"hitSize":12,
	//碰撞箱
    "rotateSpeed":6,
    //转身速度
    "itemCapacity":10,
    //物品容量
    "canDrown":false,
    //能否被淹死
    "buildSpeed":0,
    //建筑速率
    "type":"flying",
    //空军
    "flying":true,
    //是否飞行
    "speed": 2.8,
    "accel": 0.06,
    "drag": 0.04,
    "health":125,
    "lowAltitude":true,
    "engineSize":2.5,
    //引擎尺寸
    "engineOffset":7,
    //引擎偏移
    "armor":1,
    //护甲
    "trailLength": 3, 
    "trailColor": "#E69DFFFF",
    "engineColor":"#E69DFFFF",
    "research":"星辉生成平台",
	"weapons":[
		{
			"name":"空军导弹",
			//武器贴图的名字
			"top":false,
			"mirror":true,
			"x":5.3,
			"y":2.5,
			"shootSound":"missile",
			"reload":20,
			"recoil":0,
			//后坐力
			"bullet":{
	"type":"FlakBulletType",
	"speed":0,
	"keepVelocity":false,
	"collidesGround":false,
	"smokeEffect":"none",
	"hitEffect":"none",
	"despawnEffect":"none",
	"makeFire":true
	"spawnUnit": "导弹"
				}
		},
        ]
}