{
	"name":"吸收墙",
	"description":"保护己方建筑，挡下敌方炮弹。\n拥有吸收激光光束的能力。",
	"details":"塑钢经过特殊处理便能产生复杂的晶体结构，通过干扰光的通路来阻碍光线武器。当然，这样做的代价是墙壁的质地会变脆，就像塑钢做的一样脆。",
	"type": "Wall",
	"health":2000,
	"size":2,
	"armor":0,
	"group":"walls"
	"insulated":false
	"absorbLasers":true,
	"buildCostMultiplier": 4,
	"requirements": [
		{ "item": "钢铁", "amount": 12 },
		{ "item": "plastanium", "amount": 12 },
	],
	"category": "defense",
	"research": {
	"parent": "g核子方块"//科技树前置
		},
}
