{ 
    "name":"光合合金墙",
    "type":"MendProjector",
    "description":"保护己方建筑，挡下敌方炮弹。\n可以缓慢地自我修复。"
    "reload":300,
    //修复速度
    "range":6,
    //修复范围
    "group":"walls"
    //方块组别：墙
    "healPercent":5,
    //修复百分比
    "phaseBoost":0,
    //加速百分比
    "hasPower":false,
    "phaseRangeBoost":0,
    //加速范围百分比
    "health":2000,
    //血量
    "size":2
    //大小
    "canOverdrive":false,
    //能否超频
    "buildCostMultiplier":3,
    //建筑速度倍率
    "requirements":[
        "光合合金/24",
        ],
    "category":"defense",
    "research":"e纤维篱",
}