{
	"name":"三合一墙",
	"description":"保护己方建筑，挡下敌方炮弹。\n反射敌方子弹，吸收敌方激光，还能释放电能还击！",
	"type": "Wall",
	"health":1200,
	"size":2,
	"armor":0,
	"group":"walls"
	"insulated":true,//绝缘
	"chanceDeflect":20,//反射概率
	"absorbLasers":true,//吸收激光
	"lightningChance":0.25,
	//产生闪电概率
	"lightningDamage":18,
	//闪电伤害
	"lightningLength":12,
	//闪电长度
	"buildCostMultiplier": 4,
	"requirements": [
		{ "item": "金", "amount": 12 },
		{ "item": "phase-fabric", "amount": 12 },
		{ "item": "plastanium", "amount": 12 }
	],
	"category": "defense",
	/*"research": {
	"parent": "反射墙"//科技树前置
		},*/
}
