{
	"name":"虫蚀铁墙",
	"description":"被孢子异虫侵蚀的铁墙，在被摧毁后施放其中的蛀虫。",
	"variants": 5//贴图数量
	"type": "Wall",
	"health":2000,
	"size":2,
	"armor":2,
	"group":"walls"
	"insulated":false
	"absorbLasers":false
	"destroyBullet":{
	"speed":0,
	"lifetime":0,
	"damage":0,
	"despawnEffect":{
	"type":"multiEffect",
"effects":[
  	{
					"type": "ExplosionEffect",
					"smokeColor":"bed74295",//烟雾颜色
					"smokeSize":15,//烟雾大小
					"smokeSizeBase":2,//烟雾开始大小
					"smokeRad":64,//烟雾半径
					"smokes":8,//烟雾数
				},
		{
					"type": "ExplosionEffect",
					"smokeColor":"9E78DCFF90",//烟雾颜色
					"smokeSize":8,//烟雾大小
					"smokeSizeBase":2,//烟雾开始大小
					"smokeRad":64,//烟雾半径
					"smokes":6,//烟雾数
				},
	]
	}
	"fragBullets":4,
	"fragBullet":{
	    "spawnUnit": "野性之心-巢虫",
			"shootSound":"none",
			"speed":0,
			"shootEffect": "none"
		}
	}
}
