{
//	"type":"UnitCargoLoader",
	"category":"distribution",
	"name":"单位物流平台",
	"description":"建造货运飞船。\n向此平台输入物品，无人机会将对应物品运输至指定的卸载点。",
	"health":1540,
	"size":3,
	"itemCapacity":300,
	"hasPower":true,
	"buildTime":480,
	"conductivePower":true,
	"squareSprite":false,
	"unitType":"manifold",

	"research":{
	"parent":"track-unloader",
	"requirements":[
	"chromium/4000",
	"surge-alloy/3000",
	"silicon/6000"
	]	},

	"requirements":[
	"chromium/80",
	"surge-alloy/60",
	"silicon/120"
	],

	"consumes":{"power":0.2,
	"liquids":[
	"nitrogen/0.125"
	]	}
}
