{
	"type": "GenericCrafter",
	"name": "增生硫",
	"description": "无法加速需要配比多",
	"details":""
	"outputItems":["pyratite/10",]//产出
	"size": 2,//建筑大小
	"health":1000,//血量
	"craftTime":360,//÷60
	"itemCapacity":1000,//容量
	"consumes": {
    "items":{
          "items":[
	            "pyratite/1",
	]
	}
	}
    "requirements":[
                "copper/10","pyratite/200",
	],//建造材料
	"buildCostMultiplier":0.0001,
    "category": "crafting",
	"research": 
    {"parent":"增生孢子",
    "requirements":[
                  "pyratite/7000",
    ]   
    }
	"updateEffect":"smeltsmoke",
	"canOverdrive": true,
	"hasPower": false,
	"hasLiquids": false,
	"hasItems": true,
	"update":true
}