{
	"type": "GenericCrafter",
	"name": "增生孢子",
	"description": "建筑自带水，所以可以繁殖。",
	"details":""
	"outputItems":["spore-pod/10",]//产出
	"size": 2,//建筑大小
	"health":1000,//血量
	"craftTime":360,//÷60
	"itemCapacity":1000,//容量
	"consumes": {
    "items":{
          "items":[
	            "spore-pod/1",
	]
	}
	}
    "requirements":[
                "copper/10","spore-pod/400",
	],//建造材料
	"buildCostMultiplier":0.0001,
    "category": "liquid",
	"research": 
    {"parent":"增生硅",
    "requirements":[
                  "spore-pod/9000",
    ]   
    }
	"updateEffect":"smeltsmoke",
	"canOverdrive": true,
	"hasPower": false,
	"hasLiquids": false,
	"hasItems": true,
	"update":true
}