{
	"type": "GenericCrafter",
	"name": "增生玻璃",
	"description": "自我繁殖（确信）",
	"details":"农业大亨"
	"outputItems":["metaglass/10",]//产出
	"size": 2,//建筑大小
	"health":1000,//血量
	"craftTime":360,//÷60
	"itemCapacity":1000,//容量
	"consumes": {
    "items":{
          "items":[
	            "metaglass/1",
	]
	}
	}
    "requirements":[
                "copper/10","metaglass/500",
	],//建造材料
	"buildCostMultiplier":0.0001,
    "category":"crafting",
	"research": 
    {"parent":"增生凭证",
    "requirements":[
                "metaglass/10000",
    ]
    
	//"root":true,//根（创建科技树）
	//"planet": "serpulo",//所属星球
	//"name":"增生农业"
	}
	"updateEffect":"smeltsmoke",
	"canOverdrive": true,
	"hasPower": false,
	"hasLiquids": false,
	"hasItems": true,
	"update":true
}