{
    "type": "flying",
    "name": "游隼",
    "description": "空中辅助单位，抛射定时炸弹，在爆炸前修复友军而后爆炸伤害敌军",
 "flying":true
 "health":800
 "rotateMoveFirst": true,
 "circleTarget": true,
 "faceTarget": true,
 "speed": 1.5,
 "hitSize": 25
 "armor": 7.5
 "parts": [
		{
			"type": "FlarePart",
			"layer":110
		"progress": {//移动
		"type":"warmup",
		"op":"blend",
		"other":"reload",
		"amount":0.6
	}
			"color1": "84F491FF",
			"stroke": 4,//三角形宽
			"radius": 15,//三角形长
			"radiusTo": 20//三角形最大长度
		}
	]
 "weapons": [
 {
            "name": "愚鸠武器",
            "mirror": true,
            "x": 0
            "y": 0,
            "reload": 60,
            "recoil": 0,
            "shootSound": "bigshot",
            "shootStatusDuration":60,
            "shootStatus":"缓慢1",
            "inaccuracy": 1
     	"shoot":{
		"shotDelay":5
		"shots":8
    }
            "bullet":{
"type": "LaserBoltBulletType",
"shootEffect":"shootHeal",
"targetBuildings":true
"collidesTeam": true,
"hitEffect": {
"type":"ExplosionEffect",
                    "waveColor":"84F491FF",
                    "smokeColor":"84F491FF",
                    "sparkColor":"000000"
}
"despawnEffect":{
"type":"ExplosionEffect",
                    "waveColor":"84F491FF",
                    "smokeColor":"84F491FF",
                    "sparkColor":"000000"
}
	    "trailColor":"84F491FF"
	    "width":1
	    "height":1
	    "speed":3
	    "damage":10
	    "splashDamageRadius": 3
	    "backColor":"84F491FF"
	    "hitColor":"84F491FF"
	    "lifetime":40
	    "healPercent": 2
	    "frontColor":"84F491FF"
	    "toColor":"84F491FF"
	    "trailWidth":1
	    "trailLength":4
    }
    }
 {
        "shootStatusDuration":60,
        "shootStatus":"slow",
            "mirror": false,
            "name":"游隼武器"
            "x": 0,
            "y": 0,
            "rotate":true
            "reload": 200,
            "shootSound": "missile",
            "bullet":{
"spawnUnit": "假炸弹"
"targetBuildings":true
"collidesTeam": true,
	"healPercent":0
            }
            }
 ]
 }