{
	"type": "UnitFactory",
	"name": "实验工厂",
	"description": "制 造 R W 实 验 级 单 位",
    "health":3200,
	"size":4,
		"unitCapModifier": 5
	"plans":[
	{"unit":"实验坦克",
	"time": 4998,
	"requirements": [ 
{ "item": "钱", "amount": 200}
{ "item": "水晶", "amount": 120},
	]
	},
	{"unit":"火蜂战机",
	"time": 4998,
	"requirements": [ 
{ "item": "钱", "amount": 200},
{ "item": "水晶", "amount": 100},
	]
	},
	{"unit":"鹦鹉螺号",
	"time": 3330,
	"requirements": [ 
{ "item": "钱", "amount": 300},
{ "item": "水晶", "amount": 150},
	]
	},
	{"unit":"实悬浮坦克",
	"time": 4998,
	"requirements": [ 
{ "item": "钱", "amount": 350},
{ "item": "水晶", "amount": 175},
	]
	},
	{"unit":"飞行堡垒",
	"time": 4998,
	"requirements": [ 
{ "item": "钱", "amount": 500},
{ "item": "水晶", "amount": 250},
	]
	},
	{"unit":"蜘蛛",
	"time": 4998,
	"requirements": [ 
{ "item": "钱", "amount": 2000},
{ "item": "水晶", "amount": 500},
	]
	},
	]
	"requirements": [
    { "item": "钱", "amount": 200},
    { "item": "水晶", "amount": 90},],
	"category":"units",
	"research":"机械工厂2"
	 "researchCostMultiplier": 2
	 "canOverdrive": false,
	 "hasShadow":false
}