{
	"type": "UnitFactory",
	"name": "工厂T1",
	"description": "制造Q.B坦克类单位",
    "health":1200,
	"size":3,
		"unitCapModifier": 1
	"plans":[
	{"unit":"Q.B坦克",
	"time": 500,
	"requirements": [ 
{ "item": "钱", "amount": 350},
	]
	}
	{"unit":"低能坦克",
	"time": 500,
	"requirements": [ 
{ "item": "钱", "amount": 700},
	]
	}
	]
	"requirements": [
    { "item": "钱", "amount": 70},],
	"category":"units",
	"research":"基地堡垒"
	 "researchCostMultiplier": 0
	 "canOverdrive": false,
	 "hasShadow":false
}