{
	"type": "UnitFactory",
	"name": "机械工厂t2",
	"description": "制造RW高价机甲类单位",
    "health":3100,
	"size":3,
		"unitCapModifier": 1
	"plans":[
	{"unit":"建造者",
	"time": 500,
	"requirements": [ 
{ "item": "钱", "amount": 50},
	]
	},
	{"unit":"小机甲",
	"time": 828,
	"requirements": [ 
{ "item": "钱", "amount": 60},
	]
	},
	{"unit":"防空机甲",
	"time": 588,
	"requirements": [ 
{ "item": "钱", "amount": 90},
	]
	},
	{"unit":"机械师",
	"time": 1248,
	"requirements": [ 
{ "item": "钱", "amount": 150},
{ "item": "水晶", "amount": 35},
	]
	},
	{"unit":"火炮机甲",
	"time": 1662,
	"requirements": [ 
{ "item": "钱", "amount": 140},
	]
	},
	{"unit":"机枪机甲",
	"time": 1662,
	"requirements": [ 
{ "item": "钱", "amount": 50},
{ "item": "水晶", "amount": 45},
	]
	},
	{"unit":"等离子机甲",
	"time": 1662,
	"requirements": [ 
{ "item": "钱", "amount": 150},
{ "item": "水晶", "amount": 55},
	]
	},
	{"unit":"特斯拉",
	"time": 1662,
	"requirements": [ 
{ "item": "钱", "amount": 170},
{ "item": "水晶", "amount": 35},
	]
	},
	{"unit":"重防空机甲",
	"time": 1662,
	"requirements": [ 
{ "item": "钱", "amount": 150},
{ "item": "水晶", "amount": 70},
	]
	},
	{"unit":"喷火机甲",
	"time": 1998,
	"requirements": [ 
{ "item": "钱", "amount": 200},
{ "item": "水晶", "amount": 100},
	]
	},
	]
	"requirements": [
    { "item": "钱", "amount": 500},],
	"category":"units",
	"research":"陆军工厂"
	 "researchCostMultiplier": 0.2
	 "canOverdrive": false,
	 "hasShadow":false
}