{
	"type": "UnitFactory",
	"name": "海军工厂t2",
	"description": "制造RW海军单位",
    "health":1000,
	"size":3,
	"unitCapModifier": 1
		"requiresWater":true,
	"plans":[
	{"unit":"海建",
	"time": 999,
	"requirements": [ 
{ "item": "钱", "amount": 50},
	]
	},
	{"unit":"机枪艇",
	"time": 297,
	"requirements": [ 
{ "item": "钱", "amount":  30},
	]
	},
	{"unit":"导弹舰",
	"time": 999,
	"requirements": [ 
{ "item": "钱", "amount": 90},
	]
	},
	{"unit":"战列舰",
	"time": 999,
	"requirements": [ 
{ "item": "钱", "amount": 150},
	]
	},
	{"unit":"重战列舰",
	"time": 2496,
	"requirements": [ 
{ "item": "钱", "amount": 600},
	]
	},
	{"unit":"防空舰",
	"time": 2496,
	"requirements": [ 
{ "item": "钱", "amount": 350},
	]
	},
	{"unit":"重导弹舰",
	"time": 2496,
	"requirements": [ 
{ "item": "钱", "amount": 300},
{ "item": "水晶", "amount": 150},
	]
	},
	{"unit":"鹦鹉螺号",
	"time": 3330,
	"requirements": [ 
{ "item": "钱", "amount": 300},
{ "item": "水晶", "amount": 150},
	]
	},
	{"unit":"航母",
	"time": 3846,
	"requirements": [ 
{ "item": "钱", "amount": 500},
{ "item": "水晶", "amount": 250},
	]
	},
	]
	"requirements": [
    { "item": "钱", "amount": 100},],
	"category":"units",
	"research":"海军工厂"
	 "researchCostMultiplier": 0.8
	 "canOverdrive": false,
"hasShadow":false
}