{
	"type": "UnitFactory",
	"name": "空军工厂t1",
	"description": "制造RW空军单位",
    "health":1000,
	"size":3,
		"unitCapModifier": 1
	"plans":[
	{"unit":"蚊子",
	"time": 330,
	"requirements": [ 
{ "item": "钱", "amount": 25},
	]
	},
	{"unit":"拦截机",
	"time": 506,
	"requirements": [ 
{ "item": "钱", "amount": 60},
	]
	},
	]
	"requirements": [
    { "item": "钱", "amount": 100},],
	"category":"units",
	"research":"陆军工厂"
	 "researchCostMultiplier": 0.5
	 "canOverdrive": false,
	 "hasShadow":false
}