{
	"type": "UnitFactory",
	"name": "陆军工厂t1",
	"description": "制造RW坦克类单位",
    "health":1200,
	"size":3,
		"unitCapModifier": 1
	"plans":[
	{"unit":"坦克",
	"time": 500,
	"requirements": [ 
{ "item": "钱", "amount": 35},
	]
	}
	{"unit":"侦查",
	"time": 666,
	"requirements": [ 
{ "item": "钱", "amount": 70},
	]
	}
	{"unit":"建造者",
	"time": 500,
	"requirements": [ 
{ "item": "钱", "amount": 50},
	]
	},
	{"unit":"小悬",
	"time": 498
	"requirements": [ 
{ "item": "钱", "amount": 45},
	]
	},
	{"unit":"自行火炮",
	"time": 710,
	"requirements": [ 
{ "item": "钱", "amount": 90},
	]
	},
	]
	"requirements": [
    { "item": "钱", "amount": 70},],
	"category":"units",
	"research":"指挥中心"
	 "researchCostMultiplier": 0
	 "canOverdrive": false,
	 "hasShadow":false
}