{
	"name": "合金治炼厂",
	"description": "基础合金治炼厂",
	"health":200,
	"itemCapacity":30,
	"liquidCapacity":150,	
	"size":2,
	"hasPower": true,
	"hasItems": true,
	"hasliquid": true,
	"requirements": [
		{ "item": "copper", "amount":50 },
		{ "item": "lead", "amount":50},
	]//就一个接液体的，你指望用什么高级材料？
/*	"drawer":{
        "type":"DrawMulti",
        "drawers":[
            "DrawDefault",
            ]
    },*/
	"category": "crafting",
	"research": "初级核心",
}
