{
	"type": "GenericCrafter",
	"name": "普通电路板制作厂",
	"description": "制作普通电路板",
	"health":250,
	"itemCapacity":20,
	"outputItem": {"item": "电路板","amount":2 },
	"size":2,
	"hasPower": true,
	"hasItems": true,
	"craftTime":60,
	"consumes": {
		"power":2,
		"items": {
			"items": [
				{ "item": "titanium", "amount":2},
				{ "item": "plastanium", "amount":2},
			]
		}
	},
	"requirements": [
		{ "item": "lead", "amount":120 },
		{ "item": "titanium", "amount":80 },
		{ "item": "silicon", "amount":80},
	],
				"drawer":{
        "type":"DrawMulti",
        "drawers":[
            "DrawDefault",
            "DrawFlame"
            ]
    },
	"category": "crafting",
	"research": "合金治炼厂",
	"idleSound": "respawning",
	"idleSoundVolume": 0.2
}
