{
	"type": "GenericCrafter",
	"name": "速硅",
	"description": "速硅",
	"details":"速制科技有限公司"
	"outputItems":["silicon/5",]//产出
	"size":2,//建筑大小
	"health":1000,//血量
	"craftTime":12,//÷60
	"itemCapacity":80,//容量
	"consumes": {
    "power":4,//×60
    "items":{
          "items":[
	            "sand/6",
	]
	}
	}
    "requirements":[
                  "graphite/750",
	],//建造材料
    "category": "crafting",
	"research":
    {"parent":"速石墨",
    "requirements":[
                "copper/5000"
                "graphite/10000",
    ]   
    }
	"idleSound":"respawning",
	"updateEffect":"smeltsmoke",
	"idleSoundVolume": 0.5
	"hasPower": true,
	"hasLiquids": false,
	"hasItems": true,
    "buildCostMultiplier":0.001,
}
//"drawer":{
//    "type":"DrawMulti",
//    "drawers":[
//    "DrawDefault",
//    "DrawFlame"
//    ]
//    }