{
	"type": "GenericSmelter",
	"name": "蓝煤塑",
	"description": "物理老师开心的死2",
	"outputItem": { "item": "plastanium", "amount": 10},
	"size": 1, 
	"health":50,
	"itemCapacity": 50,
	"hasPower": false,
	"hasLiquids": false,
	"hasItems": true,
	"craftTime": 6,
	"updateEffect": "smeltsmoke",
	"consumes": {
   "items": {
	 "items": [
	{ "item": "coal", "amount": 5 }
	]
  }
 },
	"requirements": [
	{ "item": "plastanium", "amount": 10},
	{ "item": "金核锭", "amount": 5 }
	],
	"category": "crafting",
	"research": "小偷",
	"idleSound": "respawning",
	"idleSoundVolume": 0.5
}