[
  {
    "ID": "Default",
    "Template": "Story"
  },
  {
    "ID": "EmploymentVerification",
    "Template": "SpecialDishes"
  },
  {
    "ID": "Discord",
    "Template": "DoAction",
    "Data": {
      "YesAction": "OpenLink",
      "Link": "@link"
    },
    "IconPath": "discord",
    "Chance": 750
  },
  {
    "ID": "UpdateECHO",
    "IconPath": "update-icon",
    "Template": "Update",
    "Data": {
      "ActionA": "UpdateCyberIO",
      "ActionC": "SkipThisUpdate"
    },
    "Condition": "CheckUpdate"
  },
  {
    "ID": "ResearchProject",
    "Condition": "SpecialDishes",
    "IconPath": "welcome-holo-project"
  },
  {
    "ID": "TheSHIP"
  },
  {
    "ID": "ECHO"
  },
  {
    "ID": "NewBrains",
    "IconPath": "heimdall"
  },
  {
    "ID": "AdBlock",
    "Template": "DoAction",
    "IconPath": "ad-block",
    "Data": {
      "NoAction": "StopReceiveWelcome"
    },
    "Chance": 300
  },
  {
    "ID": "404NotFound",
    "Template": "PlainText",
    "Condition": "SettingsReq",
    "Data": {
      "FontSize": 1.2,
      "ShowPoliteWelcome": false,
      "CExpression": "@ClickWelcomeTimes > 5 && @ShouldShowWelcome"
    },
    "Chance": 200
  },
  {
    "ID": "OhNo",
    "IconPath": "@error",
    "Data": {
      "ShowPoliteWelcome": false
    },
    "Chance": 200
  },
  {
    "ID": "RateUs",
    "Template": "RateStar",
    "Data": {
      "StarNumber": 5,
      "InactiveStarIconPath": "star-inactive",
      "ActiveStarIconPath": "star",
      "StarSize": 60.0
    },
    "Chance": 200
  },
  {
    "ID": "ErekirDetected",
    "Condition": "SpecialDishes",
    "IconPath": "spec-erekir"
  },
  {
    "ID": "SetOutErekir",
    "Condition": "SettingsReq",
    "IconPath": "spec-erekir",
    "Template": "DoAction",
    "Data": {
      "ShowPoliteWelcome": true,
      "CExpression": "@ContentSpecific == vanilla && @ShouldShowWelcome",
      "YesAction": "Navigation",
      "Locator": "/CyberIO/ContentSpecific"
    }
  },
  {
    "ID": "CyberionForErekir",
    "Condition": "SettingsReq",
    "IconPath": "cyberion-for-erekir",
    "Data": {
      "ShowPoliteWelcome": true,
      "CExpression": "@ContentSpecific == erekir && @ShouldShowWelcome"
    }
  }
]