{
	"type":"CoreBlock",
	"category":"effect",
	"buildVisibility":"shown",
	"name":"轴线核心",
	"description":"多功能中枢指挥机构，可进行资源存储与核心机建造。\n获取区块控制权的基础。",

	"research":{
	"parent":"origin-core",
	"requirements":[
	"chromium/3000",
	"uranium/1000",
	"silicon/2000"
	]	},

	"requirements":[
	"chromium/3000",
	"uranium/2000",
	"silicon/2000"
	],

	"buildCostMultiplier":0.107,
	"size":6,
	"health":14000,
	"armor":24,
	"itemCapacity":10000,
	"unitCapModifier":20,
	"unitType":"axis",
	"squareSprite":false
}