{
	"name": "修理机基地",
	"description": "制造4架修理机，修复受损的方块",
	"type": "UnitFactory",
	"unitType": "修理机",
	"size": 1,
	"health":420,
	"produceTime": 180,
	"consumes": {
		"power": 2.0,
		"items": {
			"items":[
			{"item": "红钻", "amount": 10},							{"item": "银", "amount": 10},
			{"item": "钢", "amount": 40}
			]
		}
	},
	 "maxSpawn": 4,
	"category": "units",
	"research":"基础采矿机工厂",
	"requirements": [
		{ "item": "机械文明-钥匙-作者-chancy晨曦-病毒", "amount": 0 },
		{ "item": "钢", "amount": 70 },
		{ "item": "银", "amount": 40 },
		{ "item": "红钻", "amount": 40 }
	]
}
