{
	"name": "初级芯片组装机",
	"description": "把钢，银，塑料组合成初级芯片",
	"itemCapacity": 6,
	"outputItem": {"item": "初级芯片", "amount": 1},
	"size": 2,
	"hasPower": true,
	"hasLiquids": false,
	"hasItems": true,
	"craftTime": 180,
	"craftEffect": "smeltsmoke",
	"consumes": {
		"power": 10.0,
		"items":{
			"items":[
				{"item":"银","amount":2},
				{"item":"塑料","amount":3},
				{"item":"钢","amount":1}
			]
		}
	},
	"requirements": [
		{"item":"机械文明-钥匙-作者-chancy晨曦-病毒","amount":0},
		{ "item": "紫水晶", "amount": 2 },
		{ "item": "钢", "amount": 2 }
	],
	"category": "upgrade",
	"research":"斯特林发电机"
}
