{
	"type": "LaunchPad",
	"name": "资源发射台",
	"description": "利用能源，将资源转换成信息簇发射到方舟上以供利用.
ps：主控智能因为缺少能源而锁死数据库，只要我们能提供足够的资源就能修补方舟，解锁对应的科技。",
	"health":3200,
	"size":4,
	"itemCapacity":275,
	"launchTime":20,
	"hasPower":true,
    "consumes":{
		"power":2.0
	},
	"requirements": [
		{"item":"机械文明-钥匙-作者-chancy晨曦-病毒","amount":0},
		{ "item": "高级芯片", "amount": 6},
		{ "item": "永磁体", "amount": 400 },
		{ "item": "稳态分子", "amount": 400 }
	],
	"category": "effect",
	"research": "内部物品生成器"
}
