{
	"name": "基础工程机甲平台",
	"description": "双击切换为基础工程机甲，具有较快的建造速度",
	"type": "MechPad",
	"mech": "工程机甲200",
	"size": 2,
	"health":840,
	"buildTime":180,
	"consumes": {
		"power": 2
	},
	"category": "upgrade",
	"research": "基础采矿机工厂",
	"requirements": [
		{"item":"机械文明-钥匙-作者-chancy晨曦-病毒","amount":0},
		{ "item": "紫水晶", "amount": 200 },
		{ "item": "钢", "amount": 300 },
		{ "item": "红钻", "amount": 200 },
		{ "item": "初级芯片", "amount": 20 }
	]
}
