{
	"type": "GenericSmelter",
	"name": "塑料合成机",
	"description": "用电能把碳和氢合成为塑料", 
	"itemCapacity": 8,
	"outputItem": {"item": "塑料", "amount": 1},
	"size": 2,
	"health":840,
	"hasPower": true,
	"hasLiquids": false,
	"hasItems": true,
	"craftTime":60,
	"craftEffect": "formsmoke",
	"consumes": {
		"power": 2.0,
		"items":{
			"items":[
					{"item":"碳","amount":2}
					{"item":"氢","amount":4}
			]
		},
	},
	"requirements": [
		{"item":"机械文明-钥匙-作者-chancy晨曦-病毒","amount":0},
		{ "item": "银", "amount": 90},
		{ "item": "钢", "amount": 120}
	],
	"category": "crafting",		
	"research":"电解池"
}
