{
	"type":"SolidPump",
	"name":"地下水钻探机",
	"description":"钻开地表获取地下水
ps：告诉你一个秘密，'冰雪地'下有水哦~",
    "requirements":[
		{"item":"机械文明-钥匙-作者-chancy晨曦-病毒","amount":0},
    	{"item":"银","amount": 20 }
		{"item":"红钻","amount": 10 }
		{"item":"钢","amount": 70}
	],
    "result":"water",
    "pumpAmount":0.202,
    
    "size":1,
    "health":420,
    "liquidCapacity":24,
    "rotateSpeed":1.4,
    "attribute":"water",
    "consumes":{
		"power":1.0
	}
    "category":"production",
    "research":"钢钻头"
}
        
        