{
	"type": "GenericCrafter",
	"name": "水打包",
	"description": "把水打包成水包，方便运输", 
	"itemCapacity": 12,
	"liquidCapacity": 72,
	"outputItem": {"item": "水包", "amount": 1},
	"size": 1,
	"health":210,
	"hasPower": false,
	"hasLiquids": true,
	"hasItems": true,
	"craftTime":12,
	"craftEffect": "none",
	"consumes": {
		"liquid":{
		"liquid":"water","amount":0.6
},
	},
	"requirements": [
		{"item":"机械文明-钥匙-作者-chancy晨曦-病毒","amount":0},
		{ "item": "lead", "amount": 25},
		{ "item": "磁体", "amount": 25},
		{ "item": "银", "amount": 25},
		{ "item": "钢", "amount": 30}
	],
	"category": "liquid",		
	"research":"抽水机"
}
