{
	"type": "GenericCrafter",
	"name": "液氢打包",
	"description": "把液氢打包成液氢包，方便运输", 
	"itemCapacity": 12,
	"liquidCapacity": 72,
	"outputItem": {"item": "液氢包", "amount": 1},
	"size": 1,
	"health":900,
	"hasPower": false,
	"hasLiquids": true,
	"hasItems": true,
	"craftTime":12,
	"craftEffect": "none",
	"consumes": {
		"liquid":{
		"liquid":"液氢","amount":0.6
},
	},
	"requirements": [
		{"item":"机械文明-钥匙-作者-chancy晨曦-病毒","amount":0},
		{ "item": "lead", "amount": 75},
		{ "item": "永磁体", "amount": 75},
		{ "item": "硅晶", "amount": 75},
		{ "item": "钢", "amount": 90}
	],
	"category": "liquid",		
	"research":"抽油机"
}
