{
	"type": "GenericCrafter",
	"name": "石油分解池",
	"description": "通过电解石油获取大量碳", 
	"itemCapacity": 72,
	"liquidCapacity": 18,
	"outputItem": {"item": "碳", "amount": 12},
	"size": 2,
	"hasPower": true,
	"hasLiquids": true,
	"hasItems": true,
	"craftTime":60,
	"craftEffect": "pulverizeMedium",
	"consumes": {
		"power": 6.0,
		"liquid":{
		"liquid":"oil","amount":0.05
},
	},
	"requirements": [
		{"item":"机械文明-钥匙-作者-chancy晨曦-病毒","amount":0},
		{ "item": "银", "amount": 80},
		{ "item": "钨", "amount": 80},
		{ "item": "钚", "amount": 70}
	],
	"category": "crafting",		
	"research":"电解池"
}
