{
	"type": "GenericCrafter",
	"name": "碳收集器",
	"description": "收集空气中的碳，速度较低",
	"itemCapacity": 10,
	"size": 1,
	"health":140,
	"alwaysUnlocked":true,
	"hasItems": true,
	"craftTime": 60,
	"craftEffect": "pulverizeMedium",
	"outputItem": {"item": "碳", "amount": 1},
	"requirements": [
		{"item":"机械文明-钥匙-作者-chancy晨曦-病毒","amount":0},
		{ "item": "钨", "amount":30 },
		{ "item": "铁", "amount": 40 }
	],
	"category": "crafting",
	"research":"机械文明_小型核心"
}
