{
	"type":"GenericCrafter",
	"name": "紫水晶分解机",
	"description": "消耗能源，将紫水晶的强电子对分离，获取硅晶单质", 
	"itemCapacity": 12,
	"liquidCapacity": 48,
	"outputItem": {"item": "硅晶", "amount": 6},
	"size": 2,
	"health":630,
	"hasPower": true,
	"hasLiquids": true,
	"hasItems": true,
	"craftTime":360,
	"craftEffect": "plasticburn",
	"updateEffect":"plasticburn",
	"consumes": {
		"power": 40.0,
		"liquid":{
		"liquid":"water","amount":0.4
		},
		"items":{
			"items":[
				{"item":"紫水晶","amount":1}
			]
		}
	},
	"requirements": [
		{"item":"机械文明-钥匙-作者-chancy晨曦-病毒","amount":0},
		{ "item": "银", "amount": 80},
		{ "item": "紫水晶", "amount": 10},
		{ "item": "lead", "amount": 40},
		{ "item": "钢", "amount": 40}
	],
	"category": "crafting",		
	"research":"钢冶炼厂"
}
