{	
	"type": "Drill",
	"name": "红钻钻头",
	"description": "红钻是一种坚硬的矿石，由其作为钻头可以开采放射性矿物
ps：钻头下面覆盖的矿有限，单位时间无法挖掘更多矿物，计算机的调控加速无效",
	"health":1350,
	"size": 2,
	"tier": 4,
	"itemCapacity": 12,
	"liquidCapacity": 12,
	"drillTime": 92,
	"consumes": {
		"power":10.0,
		"liquid": {
			"liquid": "water", 
			"amount": 0.15,
			"booster": true,
			"optional":true
		}
	},
	"requirements": [
		{"item":"机械文明-钥匙-作者-chancy晨曦-病毒","amount":0},
		{ "item": "钢", "amount": 90},
		{ "item": "红钻", "amount": 30}
	],
	"category": "production",
	"research":"钢钻头"
}
