{
	"type": "GenericCrafter",
	"name": "转换器-钛-钢",
	"description": "适配原版资源，把钛换成钢",
	"itemCapacity": 60,
	"size": 1,
	"health":10,
	"hasItems": true,
	"craftTime": 4,
	"craftEffect": "none",
	"outputItem": {"item": "钢", "amount": 2},
	"consumes": {
		"items":{
			"items":[
					{"item":"titanium","amount":1}
			]
		},
	},
	"requirements": [
		{"item":"机械文明-钥匙-作者-chancy晨曦-病毒","amount":0},
		{"item":"钢","amount":1}
	],
	"category": "crafting",
	"research":"转换器-石墨-煤"
}
