{
	"type": "GenericCrafter",
	"name": "转换器-煤-紫水晶",
	"description": "适配原版资源，把煤换成紫水晶",
	"itemCapacity": 60,
	"size": 1,
	"health":10,
	"hasItems": true,
	"craftTime": 1,
	"craftEffect": "none",
	"outputItem": {"item": "紫水晶", "amount": 1},
	"consumes": {
		"items":{
			"items":[
					{"item":"coal","amount":1}
			]
		},
	},
	"requirements": [
		{"item":"机械文明-钥匙-作者-chancy晨曦-病毒","amount":0},
		{"item":"铁","amount":1}
	],
	"category": "crafting",
	"research":"转换器-铅-银"
}
