{
	"type": "GenericSmelter",
	"name": "钢冶炼厂",
	"description": "依托基础材料，向着高级材料进发！",
	"itemCapacity": 12,
	"health":200,
	"size": 2,
	"hasPower": true,
	"hasItems": true,
	"craftTime": 120,
	"craftEffect": "pulverizeMedium",
	"outputItem": {"item": "钢", "amount": 3},
	"consumes": {
		"power": 0.4,
		"items":{
			"items":[
				{"item":"碳","amount":1},
				{"item":"铁","amount":6}
			]
		}
	},
	"requirements": [
		{"item":"机械文明-钥匙-作者-chancy晨曦-病毒","amount":0},
		{ "item": "铁", "amount": 40 },
		{ "item": "银", "amount": 60 }
	],
	"category": "crafting",
	"research":"碳收集器"
}
