{
    "type":"ChargeTurret",
	"name":"闪电",
	"description":"能源炮塔，消耗能源发射子弹，子弹可以直线aoe",
    "requirements": [
		{ "item": "钢", "amount": 100 },
		{ "item": "lead", "amount": 50 },
		{ "item": "银", "amount": 46 }
	],
            "shootType":{
            "damage":425,
        	"speed": 20.0,
        	"lifetime":12,
        	"pierce":true,
			"bulletWidth": 8,
			"bulletHeight": 16,
			"ammoMultiplier": 2
			},
            "health":1370,
            "size":1,
            "targetGround":true,
            "targetAir":true,
            "range":224,
            "reload":120,
            "recoil":0.4,
            "powerUse":8.0,
            "smokeEffect":"none",
            "chargeEffect":"lancerLaserCharge",
            "chargeBeginEffect":"none",
            
            "category":"turret",
            "research":"尖刺"
}