{
	"name":"[red]修复墙",
	"description":"可以自己修复回血的墙",
	"conveyorPlacement":true,
	"health":20000,
	"size":3,
	"range":10,
	"reload":1,
	"baseColor":"bbffee",
	"phaseColor":"bbffee",
	"healPercent":1,
	"phaseBoost":0,
	"phaseRangeBoost":0,
	"hasItems":false,
	"hasPower":false,
	"hasLiquids":false,
	"requirements": [
		{"item":"Mg-Al","amount":2500},
		{"item":"Fe-C","amount":3000},
		{"item":"Ti+","amount":1000},
		{"item":"xvx-ai","amount":30},
		{"item":"xvx-nqwz","amount":15},
		{"item":"U-235","amount":80},
		{"item":"普通科技点","amount":540}
	],
	"research":{
	"parent":"xfq-z",
    "requirements":[
		{"item":"Mg-Al","amount":25000},
		{"item":"Fe-C","amount":30000},
		{"item":"Ti+","amount":10000},
		{"item":"xvx-ai","amount":300},
		{"item":"xvx-nqwz","amount":150},
		{"item":"U-235","amount":800}
	]},
	"category": "defense"
}