{
	"name":"小型修复墙",
	"description":"可以自己修复回血的墙",
	"conveyorPlacement":true,
	"health":3000,
	"size":1,
	"range":3,
	"reload":30,
	"baseColor":"bbffee",
	"phaseColor":"bbffee",
	"healPercent":1,
	"phaseBoost":0,
	"phaseRangeBoost":0,
	"hasItems":false,
	"hasPower":false,
	"hasLiquids":false,
	"requirements": [
		{"item":"Mg-Al","amount":100},
		{"item":"Fe-C","amount":200},
		{"item":"Ti+","amount":50},
		{"item":"xvx-ai","amount":3},
		{"item":"xvx-nqwz","amount":1},
		{"item":"U-235","amount":10},
		{"item":"普通科技点","amount":60}
	],
	"research":{
	"parent":"U-235-Plant",
    "requirements":[
		{"item":"Mg-Al","amount":1000},
		{"item":"Fe-C","amount":2000},
		{"item":"Ti+","amount":500},
		{"item":"xvx-ai","amount":30},
		{"item":"xvx-nqwz","amount":10},
		{"item":"U-235","amount":100}
	]},
	"category": "defense"
}