{
    // 基础单位属性
    "name": "地帝", // 单位名称
    "description": "3.0-原型机", // 单位描述
    "research":"reign",//科技树的位置
    "type": "mech", // 单位类型（机甲）
    "health": 72500, // 生命值
    "armor": 32, // 护甲值（减伤用）
    "speed": 0.42, // 移动速度
    "accel": 0.3, // 加速度
    "drag": 0.07, // 移动阻力
    "hitSize": 44.5, // 碰撞体积
    "rotateSpeed": 1.1, // 旋转速度
    "targetAir": true, // 能否对空
    "targetGround": true, // 能否对地
    "canBoost": false, // 是否可冲刺
    "researchCostMultiplier": 0.2,
    	"abilities":[
        {
            "type": "RegenAbility",         // 被动回血能力
            "percentAmount": 0.002       // 每秒恢复
        },
	],
	  "weapons": [
  ],
}