{
    "type": "PowerTurret",
    "name": "要你命三千特供版",
    "description": "致谢于用户 CY-NC-814 提供的求解器特效！",
    "size": 4,
    //"BuildVisibility":"sandboxOnly",
    "shake": 0, 
    "health": 12900,
    "range": 9000,//除以8
    "reload": 0,
    "recoil": 4,
    "heatColor": "FF3333",//heatColor
    "inaccuracy": 0,//错误
    "recoilTime": 1,//反冲时间
    "cooldownTime": 1,//冷却时间
    //"sandboxOnly":true,
    "minWarmup": 0,
	"shootSound":"laserblast"
    "shoot": {
        "type": "ShootPattern",
        "firstShotDelay":20
    },
    "drawer": {
		"type": "DrawTurret",
		"basePrefix": "要你命三干特供版-",
		"parts":[
			{
				"type": "HaloPart",
				"progress":{//我不道啊
					"type": "warmup",
					"op": "delay",
					"amount": 0//炮台射击不重置特效(0关闭1启动)
				}
					"hollow": true //是否为空心（空心用线条绘制，实心用填充绘制）
				"shapes": 1 //形状上形状的数量
				"sides": 6 //多边形的边数（tri为false时生效）
				"radius": 0 //形状的基础半径
				"radiusTo": 8 //目标半径（≥0时随进度从radius过渡到该值）
				"stroke": 0 //线条宽度（仅空心时生效）
				"strokeTo": 2 //目标线条宽度（≥0时随进度从stroke过渡到该值，仅空心时生效）
				"haloRadiusTo": 10 //形状目标半径（≥0时随进度从haloRadius过渡到该值）
				"y": 0 //形状中心的基础Y坐标
				"moveY": 3.5 //随进度变化的Y位移增量
				"shapeMoveRot": 0 //随进度变化的形状旋转增量
				"rotateSpeed": 2 //形状自身的旋转速度
				"color": "FFE26200" //基础颜色
				"colorTo": "FFE262FF" //目标颜色（非null时随进度从color过渡到该色）
				"layer": 110 //绘制层级（控制渲染顺序，>0时生效）
				"layerOffset": 0 //层级偏移量（在当前层级基础上增加的偏移值）
			},
			{
				"type": "HaloPart",
				"progress":{//我不道啊
					"type": "warmup",
					"op": "delay",
					"amount": 0//炮台射击不重置特效(0关闭1启动)
				}
				"shapes": 1 //形状上形状的数量
				"sides": 6 //多边形的边数（tri为false时生效）
				"radius": 0 //形状的基础半径
				"radiusTo": 5.25 //目标半径（≥0时随进度从radius过渡到该值）
				"haloRadius": 0 //形状的基础半径（形状围绕的中心到形状的距离）
				"haloRadiusTo": 10 //形状目标半径（≥0时随进度从haloRadius过渡到该值）
				"y": 0
				"moveY": 3.5 //随进度变化的Y位移增量
				"shapeMoveRot": 0 //随进度变化的形状旋转增量
				"rotateSpeed": 2 //形状自身的旋转速度
				"color": "FFE26200" //基础颜色
				"colorTo": "FFE262FF" //目标颜色（非null时随进度从color过渡到该色）
				"layer": 110 //绘制层级（控制渲染顺序，>0时生效）
				"layerOffset": 0 //层级偏移量（在当前层级基础上增加的偏移值）
			},
			{
				"type": "HaloPart",
				"progress":{//我不道啊
					"type": "warmup",
					"op": "delay",
					"amount": 0//炮台射击不重置特效(0关闭1启动)
				}
				"tri": true //是否绘制三角形（false则为多边形）
				"shapes": 3 //光环上形状的数量
				"triLength": 0 //三角形的长度（tri为true时生效）
				"triLengthTo": 20 //三角形目标长度（≥0时随进度从triLength过渡，tri为true时生效）
				"radius": 0 //形状的基础半径
				"radiusTo": 3 //目标半径（≥0时随进度从radius过渡到该值）
				"haloRadius": 0 //光环的基础半径（形状围绕的中心到形状的距离）
				"haloRadiusTo": 7 //光环目标半径（≥0时随进度从haloRadius过渡到该值）
				"shapeRotation": 0 //形状的基础旋转角度
				"moveY": 13 //随进度变化的Y位移增量
				"haloRotateSpeed": 2 //光环整体的旋转速度（形状围绕中心旋转的速度）
				"color": "FFE26200" //基础颜色
				"colorTo": "FFE262FF" //目标颜色（非null时随进度从color过渡到该色）
				"layer": 110 //绘制层级（控制渲染顺序，>0时生效）
				"layerOffset": 0 //层级偏移量（在当前层级基础上增加的偏移值）
			},
			{
				"type": "HaloPart",
				"progress":{//我不道啊
					"type": "warmup",
					"op": "delay",
					"amount": 0//炮台射击不重置特效(0关闭1启动)
				}
				"tri": true //是否绘制三角形（false则为多边形）
				"shapes": 3 //光环上形状的数量
				"triLength": 0 //三角形的长度（tri为true时生效）
				"triLengthTo": 7 //三角形目标长度（≥0时随进度从triLength过渡，tri为true时生效）
				"radius": 0 //形状的基础半径
				"radiusTo": 9 //目标半径（≥0时随进度从radius过渡到该值）
				"haloRadius": 0 //光环的基础半径（形状围绕的中心到形状的距离）
				"haloRadiusTo": 20 //光环目标半径（≥0时随进度从haloRadius过渡到该值）
				"shapeRotation": 0 //形状的基础旋转角度
				"y": 0
				"moveY": 13 //随进度变化的Y位移增量
				"haloRotateSpeed": 2 //光环整体的旋转速度（形状围绕中心旋转的速度）
				"color": "FFE26200" //基础颜色
				"colorTo": "FFE262FF" //目标颜色（非null时随进度从color过渡到该色）
				"layer": 110 //绘制层级（控制渲染顺序，>0时生效）
				"layerOffset": 0 //层级偏移量（在当前层级基础上增加的偏移值）
			},
		]
	}
    "consumes": {
        "power": 600,
    },
    "rotateSpeed": 1.5,
    "targetAir": true,
    "coolantMultiplier": 2,
    "shootType": {
        "chargeEffect": {
            "type": "MultiEffect",
            "effects": [
                {
                    "type": "ParticleEffect", 
                    "particles": 12, //粒子特效
                    "line": true, //线状
                    "strokeFrom": 4, //笔画从…
                    "strokeTo": 0, //笔画到…
                    "lenFrom": 15, //从...借
                    "lenTo": 0, //借给…
                    "length": -35, //长度
                    "baseLength": 30, //基础长度
                    "lifetime": 20, //存在时间
                    "cone":180, //圆锥体
                    "colorFrom": "33ff33", //颜色从…
                    "colorTo": "33ff33" //颜色至…
                }
                {
                    "type": "ParticleEffect",
                    "particles": 38,
                    "line": true,
                    "strokeFrom": 2,
                    "strokeTo": 0,
                    "lenFrom": 10,
                    "lenTo": 0,
                    "length": -30,
                    "baseLength": 30,
                    "lifetime": 20,
                    "cone":180,
                    "colorFrom": "33ff33",
                    "colorTo": "33ff33"
                }
                {
                    "type": "WaveEffect",//火花颜色
                    "lifetime": 20,
                    "sizeFrom": 80,
                    "sizeTo": 0,
                    "strokeFrom": 0,
                    "strokeTo": 2,
                    "colorFrom": "FFFFFF",
                    "colorTo": "FEEBB3FF"
                },
            ]
        }
        "colors": [
            "33ff33",
            "63ff63"
            //光柱颜色
        ],
        "type": "LaserBulletType",
        "damage": 86200,
        "length": 700,
        "lifetime":60,
        "width":50
        "pierce":true,
        "shootEffect": {
            "type": "ParticleEffect",
            "line": true,
            "particles": 12,
            "lifetime":50,
            "length": 45,
            "cone": 30,
            "lenFrom": 6,
            "lenTo": 6,
            "strokeFrom": 3,
            "strokeTo": 0,
            "interp": "fastSlow",
            "colorFrom": "00FF00",
            "colorTo": "FFFFFF"
        },
        "hitSize": 4,
        "drawSize": 400,
        "ammoMultiplier": 1,
        "statusDuration": 30,
        "hitEffect": {
            "type": "ParticleEffect",
            "line": true,
            "particles": 10,
            "lifetime": 100,
            "length": 75,
            "cone": -360,
            "lenFrom": 6,
            "lenTo": 6,
            "strokeFrom": 3,
            "strokeTo": 0,
            "colorFrom": "000000",
            "colorTo": "000000"
        },
    },
    "shootEffect": {
//发射光粒
        "colorFrom": "FFFFFF",
        "colorTo": "FFFFFF",
        "type": "ParticleEffect",
        "particles": 20,
        "length":100,
        "baseLength": 0,
        "lifetime":20,
        "line": true,
        "lenFrom": 20,
        "lenTo": 40,
        "strokeFrom": 5,
        "strokeTo": 0,
        "cone": 90
    },
    "requirements": [
        "silicon/45", 
	    "graphite/325", 
	    "titanium/40", 
	    "plastanium/200", 
	    "metaglass/40", 
	    "beryllium/50", 
		"铁/350", 
		"锡/275", 
		"芯片/20", 
		"反射面/320", 
		"凸透镜/60", 
		"高导铀线/20", 
		"磁铁/20", 
		"虚无之物/1"
    ],
    "category": "turret",
    "research": "增强光子收敛器"
}