{
	"name": "大型钛金墙",//名字
	"description": "生命值很高"//介绍
	"type": "Wall",//类型
	"health":5120,//血量
	"size":2 ,//边长
	"requirements": [
		{ "item": "钛金", "amount":24}
			{ "item": "钛合金", "amount":24}
	],
	"category": "defense",//不能改
	"research": "钛金墙"//科技树位置（此为铜墙）
"absorbLasers":false,//吸收激光（塑钢墙同款）
"deflect": false,//反弹子弹
"chanceDeflect":0,//反弹概率（1=1%）
"lightningChance":0//放电概率（1=100%）
"lightningDamage":0//闪电伤害
"lightningLength":0//闪电长度（1=0.5格）
}