{
    "type": "ItemTurret",
    "name": "breaking",
    "description": "各类打击系统已就绪，等待打击目标出现。",
    "details": "若使用的弹类过多，可能会导致卡弹情况",
    "health": 1450,
    "size": 3,
    "category": "turret",
    "research": "scratches",
    "cooldownTime": 180,
    "shootSound": "plasmaboom",
    "range": 200,
    "reload": 120,
    "inaccuracy": 0,
    "targetInterval": 0,
    "velocityRnd": -0.01,
    "shoot": {
        "shots": 1,
        "shotDelay": 0
    },
    "targetAir": true,
    "targetGround": true,
    "maxAmmo": 80,
    "ammoPerShot": 4,
    "recoil": 4,
    "recoilTime": 40,
    "consumes": {
        "power": 8,
        "coolant": {
            "amount": 0.3,
            "optional": true
        }
    },
    "hasPower": true,
    "requirements": [
        {
            "item": "titanium",
            "amount": 225
        },
        {
            "item": "thorium",
            "amount": 155
        },
        {
            "item": "plastanium",
            "amount": 90
        },
        {
            "item": "高频芯片",
            "amount": 75
        }
    ],
    "ammoTypes": {
        "metaglass": {
            "type": "LaserBulletType",
            "colors": [
                "ec7458",
                "ec7458",
                "ff9c5a"
            ],
            "hitShake": 1,
            "length": 200,
            "damage": 85,
            "pierceCap": 6,
            "reloadMultiplier": 5,
            "ammoMultiplier": 2,
            "width": 15,
            "despawnEffect": "none",
            "lifetime": 15,
            "hitEffect": "none",
            "hitColor": "84F491"
        },
        "graphite": {
            "type": "BasicBulletType",
            "frontColor": "b2c6d2",
            "backColor": "b2c6d2",
            "shrinkX": 0,
            "shrinkY": 0,
//            "rangeChange": 80,
            "width": 6,
            "height": 12,
            "shootEffect": "shootBig",
            "lifetime": 0,
            "speed": 0,
            "reloadMultiplier": 2,
            "damage": 0,
            "ammoMultiplier": 2,
//            "pierceCap": 3,
//            "pierce": true,
//            "pierceBuilding": true,




            "fragBullets": 10,
            "fragVelocityMin": 6.25,
            "fragVelocityMax": 6.25,
            "fragRandomSpread": 0,
            "fragSpread": 2,
            "fragBullet": {
                "type": "BasicBulletType",
//                "pierceArmor": true,
                "damage": 25,
                "knockback": 2.5,
//                "splashDamage": 20,
//                "splashDamageRadius": 40,
                "buildingDamageMultiplier": 0.3,
                "lifetime": 32,
                "reflectable": false,
                "absorbable": false,
                "hitSize": 5,
                "width": 9,
                "height": 15,
                "frontColor": "b2c6d2",
                "backColor": "b2c6d2",
                "trailColor": "b2c6d2",
                "trailWidth": 2,
                "trailLength": 5,
                "homingPower": 0.0025,
                "homingRange": 200,
                             }


/*            "spawnBullets": [
                {
                    "type": "BasicBulletType",
                    "frontColor": "b2c6d2",
                    "backColor": "b2c6d2",
                    "shrinkX": 0,
                    "shrinkY": 0,
                    "width": 6,
                    "height": 9,
                    "shootEffect": "shootBig",
                    "lifetime": 40,
                    "speed": 4,
                    "drag": -0.01,
                    "damage": 50,
                    "pierceCap": 3,
                    "pierce": true,
                    "pierceBuilding": true
                }
            ]*/
        },
        "titanium": {
            "type": "BasicBulletType",
            "frontColor": "8da1e3",
            "backColor": "8da1e3",
            "trailColor": "8da1e3",
            "trailWidth": 1,
            "trailLength": 6,
            "shrinkX": 0,
            "shrinkY": 0,
            "rangeChange": 80,
            "width": 6,
            "height": 12,
            "shootEffect": "shootBig",
            "pierceArmor": true,
            "lifetime": 40,
            "speed": 7,
            "reloadMultiplier": 2,
            "damage": 60,
            "ammoMultiplier": 2,
            "pierceCap": 3,
            "pierce": true,
            "pierceBuilding": true,
            "spawnBullets": [
                {
                    "type": "BasicBulletType",
                    "frontColor": "8da1e3",
                    "backColor": "8da1e3",
                    "trailColor": "8da1e3",
                    "trailWidth": 1,
                    "trailLength": 6,
                    "shrinkX": 0,
                    "shrinkY": 0,
                    "width": 6,
                    "height": 9,
                    "shootEffect": "shootBig",
                    "pierceArmor": true,
                    "lifetime": 40,
                    "speed": 5.5,
                    "drag": -0.01,
                    "damage": 50,
                    "pierceCap": 3,
                    "pierce": true,
                    "pierceBuilding": true
                },
                {
                    "type": "BasicBulletType",
                    "frontColor": "8da1e3",
                    "backColor": "8da1e3",
                     "trailColor": "8da1e3",
                    "trailWidth": 1,
                    "trailLength": 6,
                    "shrinkX": 0,
                    "shrinkY": 0,
                    "width": 6,
                    "height": 9,
                    "shootEffect": "shootBig",
                    "pierceArmor": true,
                    "lifetime": 40,
                    "speed": 4.5,
                    "drag": -0.02,
                    "damage": 40,
                    "pierceCap": 3,
                    "pierce": true,
                    "pierceBuilding": true
                },
                {
                    "type": "BasicBulletType",
                    "frontColor": "8da1e3",
                    "backColor": "8da1e3",
                     "trailColor": "8da1e3",
                    "trailWidth": 1,
                    "trailLength": 6,
                    "weaveRandom": false,
                    "weaveScale": 10,
                    "weaveMag": 1,
                    "shrinkX": 0,
                    "shrinkY": 0,
                    "width": 6,
                    "height": 9,
                    "shootEffect": "shootBig",
                    "pierceArmor": true,
                    "lifetime": 50,
                    "speed": 6,
                    "damage": 20
                },
                {
                    "type": "BasicBulletType",
                    "frontColor": "8da1e3",
                    "backColor": "8da1e3",
                     "trailColor": "8da1e3",
                    "trailWidth": 1,
                    "trailLength": 6,
                    "weaveRandom": false,
                    "weaveScale": 10,
                    "weaveMag": -1,
                    "shrinkX": 0,
                    "shrinkY": 0,
                    "width": 6,
                    "height": 9,
                    "shootEffect": "shootBig",
                    "pierceArmor": true,
                    "lifetime": 50,
                    "speed": 6,
                    "damage": 20
                },
                {
                    "type": "BasicBulletType",
                    "frontColor": "8da1e3",
                    "backColor": "8da1e3",
                     "trailColor": "8da1e3",
                    "trailWidth": 1,
                    "trailLength": 6,
                    "weaveRandom": false,
                    "weaveScale": 10,
                    "weaveMag": 0.5,
                    "shrinkX": 0,
                    "shrinkY": 0,
                    "width": 6,
                    "height": 9,
                    "shootEffect": "shootBig",
                    "pierceArmor": true,
                    "lifetime": 35,
                    "speed": 8,
                    "damage": 30
                },
                {
                    "type": "BasicBulletType",
                    "frontColor": "8da1e3",
                    "backColor": "8da1e3",
                     "trailColor": "8da1e3",
                    "trailWidth": 1,
                    "trailLength": 6,
                    "weaveRandom": false,
                    "weaveScale": 10,
                    "weaveMag": -0.5,
                    "shrinkX": 0,
                    "shrinkY": 0,
                    "width": 6,
                    "height": 9,
                    "shootEffect": "shootBig",
                    "pierceArmor": true,
                    "lifetime": 35,
                    "speed": 8,
                    "damage": 30
                }
            ]
        },
        "thorium": {
            "type": "ShrapnelBulletType",
            "shootEffect": "thoriumShoot",
            "smokeEffect": "thoriumShoot",
            "hitShake": 1,
            "lifetime": 20,
            "length": 280,
            "damage": 175,
            "pierceCap": 8,
            "buildingDamageMultiplier": 0.5,
            "rangeChange": 80,
            "ammoMultiplier": 1,
            "reloadMultiplier": 2.5,
            "fromColor": "f9a3c7",
            "toColor": "F9ADD1"
        },
        "silicon": {
            "spawnUnit": "硅导弹",
            "shootEffect": "shootBig",
            "speed": 0,
            "rangeChange": 40,
            "reloadMultiplier": 2,
            "ammoMultiplier": 2
        },
        "plastanium": {
            "type": "BasicBulletType",
            "sprite": "missile-large",
            "frontColor": "feb380",
            "backColor": "feb380",
            "width": 7.5,
            "height": 13,
            "trailLength": 8,
            "trailWidth": 2.8,
            "shootEffect": "shootTitan",
            "lifetime": 48,
            "speed": 5,
            "inaccuracy": 0.5,
            "rangeChange": 80,
            "damage": 35,
            "splashDamage": 35,
            "splashDamageRadius": 48,
            "reloadMultiplier": 1,
            "ammoMultiplier": 2,
            "despawnEffect": "blastExplosion",
            "hitEffect": "blastExplosion",
            "smokeEffect": "shootSmokeTitan",
            "buildingDamageMultiplier": 0.5,
            "fragBullets": 16,
            "fragVelocityMin": 5,
            "fragVelocityMax": 5,
            "fragRandomSpread": 0,
            "fragSpread": 5,
            "fragBullet": {
                "type": "BasicBulletType",
                "trailLength": 6,
                "trailWidth": 1.7,
                "width": 5,
                "height": 7,
                "frontColor": "feb380",
                "backColor": "feb380",
                "sprite": "missile-large",
                "despawnEffect": "blastExplosion",
                "hitEffect": "blastExplosion",
                "damage": 35,
                "buildingDamageMultiplier": 0.4,
                "lifetime": 15,
                "pierceCap": 3,
                "pierce": true,
                "pierceBuilding": false
            }
        },
        "phase-fabric": {
            "type": "BasicBulletType",
            "sprite": "large-orb-back",
            "frontColor": "f3e979",
            "backColor": "f3e979",
            "shrinkX": 0,
            "shrinkY": 0,
            "width": 14,
            "height": 14,
            "trailColor": "f3e979",
            "trailWidth": 3,
            "trailLength": 6,
            "despawnSound": "dullExplosion",
            "shootEffect": "shootBig",
            "trailEffect": "none",
            "lifetime": 64,
            "speed": 5,
            "inaccuracy": 0.5,
            "reloadMultiplier": 1,
            "rangeChange": 120,
            "pierceArmor": true,
            "damage": 12.5,
            "splashDamage": 37.5,
            "splashDamageRadius": 40,
            "hittable": false,
            "reflectable": false,
            "absorbable": false,
            "buildingDamageMultiplier": 0.4,
            "homingPower": 0.0125,
            "homingRange": 80,
            "ammoMultiplier": 2,
            "despawnEffect": {
                "type": "ExplosionEffect",
                "waveColor": "f3e979",
                "smokeColor": "454545",
                "sparkColor": "665c9f",
                "waveStroke": 4,
                "waveRad": 40
            },
            "hitEffect": {
                "type": "ExplosionEffect",
                "waveColor": "f3e979",
                "smokeColor": "454545",
                "sparkColor": "665c9f",
                "waveStroke": 4,
                "waveRad": 40
            },
            "fragBullets": 15,
            "fragVelocityMin": 3,
            "fragVelocityMax": 5,
            "fragRandomSpread": 360,
            "fragBullet": {
                "type": "BasicBulletType",
                "pierceArmor": true,
                "damage": 5,
                "splashDamage": 20,
                "splashDamageRadius": 40,
                "buildingDamageMultiplier": 0.3,
                "lifetime": 30,
                "reflectable": false,
                "absorbable": false,
                "hitSize": 5,
                "width": 9,
                "height": 15,
                "frontColor": "FFFFFF",
                "backColor": "f3e979",
                "trailColor": "f3e979",
                "trailWidth": 2,
                "trailLength": 5,
                "homingPower": 0.35,
                "homingRange": 200,
                "hitEffect": {
                    "type": "WaveEffect",
                    "colorFrom": "f3e979",
                    "colorTo": "f3e979",
                    "sizeTo": 4,
                    "strokeFrom": 4,
                    "lifetime": 10
                },
                "despawnEffect": {
                    "type": "WaveEffect",
                    "colorFrom": "f3e979",
                    "colorTo": "f3e979",
                    "sizeTo": 4,
                    "strokeFrom": 4,
                    "lifetime": 10
                }
            },
            "intervalRandomSpread": 20,
            "intervalSpread": 60,
            "intervalAngle": -180,
            "intervalBullets": 2,
            "bulletInterval": 4,
            "intervalBullet": {
                "type": "BasicBulletType",
                "lifetime": 50,
                "speed": 4,
                "pierceArmor": true,
                "damage": 10,
                "splashDamage": 5,
                "splashDamageRadius": 40,
                "buildingDamageMultiplier": 0.4,
                "hitSize": 5,
                "width": 9,
                "height": 15,
                "frontColor": "FFFFFF",
                "backColor": "f3e979",
                "trailColor": "f3e979",
                "trailWidth": 2,
                "trailLength": 5,
                "homingPower": 0.35,
                "homingRange": 200,
                "reflectable": false,
                "hitEffect": {
                    "type": "WaveEffect",
                    "colorFrom": "f3e979",
                    "colorTo": "f3e979",
                    "sizeTo": 4,
                    "strokeFrom": 4,
                    "lifetime": 10
                },
                "despawnEffect": {
                    "type": "WaveEffect",
                    "colorFrom": "f3e979",
                    "colorTo": "f3e979",
                    "sizeTo": 4,
                    "strokeFrom": 4,
                    "lifetime": 10
                }
            }
        },
        "surge-alloy": {
            "type": "RailBulletType",
            "hitShake": 2,
            "shootEffect": "railShoot",
            "pointEffect": "railTrail",
            "length": 360,
            "ammoMultiplier": 4,
            "pointEffectSpace": 45,
            "pierceEffect": "railHit",
            "hitEffect": "massiveExplosion",
            "smokeEffect": "shootBig2",
            "buildingDamageMultiplier": 0.3,
            "damage": 450,
            "pierceDamageFactor": 0.1,
            "rangeChange": 160,
            "status": "shocked"
        },
        "blast-compound": {
            "type": "PointBulletType",
            "trailSpacing": 20,
            "rangeChange": 80,
            "damage": 20,
            "splashDamage": 150,
            "splashDamageRadius": 80,
            "buildingDamageMultiplier": 0.3,
            "speed": 500,
            "hitShake": 1,
            "ammoMultiplier": 4,
            "reloadMultiplier": 3,
            "status": "blasted",
            "lifetime": 96,
            "shootEffect": {
                "type": "multiEffect",
                "lifetime": 40,
                "effects": [
                    {
                        "type": "ParticleEffect",
                        "colorFrom": "CE7458",
                        "colorTo": "CE7458",
                        "particles": 25,
                        "lifetime": 15,
                        "cone": 45,
                        "length": 70,
                        "baseLength": 0,
                        "line": true,
                        "strokeFrom": 2,
                        "strokeTo": 0,
                        "lenFrom": 4,
                        "lenTo": 16
                    }
                ]
            },
            "hitEffect": {
                "type": "multiEffect",
                "lifetime": 40,
                "effects": [
                    {
                        "type": "ExplosionEffect",
                        "lifetime": 40,
                        "waveColor": "CE7458C8",
                        "smokeColor": "CE7458C8",
                        "sparkColor": "CE7458C8",
                        "waveLife": 10,
                        "waveStroke": 4,
                        "waveRad": 100,
                        "waveRadBase": 6,
                        "sparkStroke": 2,
                        "sparkRad": 120,
                        "sparkLen": 16,
                        "smokeSize": 25,
                        "smokeSizeBase": 0,
                        "smokeRad": 80,
                        "smokes": 22,
                        "sparks": 25
                    },
                    {
                        "type": "ExplosionEffect",
                        "lifetime": 40,
                        "waveColor": "CE7458",
                        "smokeColor": "CE7458",
                        "sparkColor": "CE7458",
                        "waveLife": 15,
                        "waveStroke": 4,
                        "waveRad": 100,
                        "waveRadBase": 6,
                        "sparkStroke": 2,
                        "sparkRad": 120,
                        "sparkLen": 16,
                        "smokeSize": 30,
                        "smokeSizeBase": 0,
                        "smokeRad": 80,
                        "smokes": 12,
                        "sparks": 16
                    }
                ]
            },
            "smokeEffect": "smokeCloud",
            "trailEffect": {
                "type": "multiEffect",
                "lifetime": 40,
                "effects": [
                    {
                        "type": "ParticleEffect",
                        "colorFrom": "CE7458",
                        "colorTo": "CE7458",
                        "particles": 1,
                        "lifetime": 10,
                        "offset": 0,
                        "offsetX": 0,
                        "offsetY": 0,
                        "cone": 0,
                        "length": 1,
                        "baseLength": 0,
                        "line": true,
                        "strokeFrom": 5,
                        "strokeTo": 3,
                        "lenFrom": 32,
                        "lenTo": 32
                    },
                    {
                        "type": "ParticleEffect",
                        "colorFrom": "CE7458C8",
                        "colorTo": "CE7458C8",
                        "particles": 6,
                        "lifetime": 15,
                        "offset": 45,
                        "offsetX": 0,
                        "offsetY": 0,
                        "cone": 30,
                        "length": -60,
                        "baseLength": 0,
                        "line": true,
                        "strokeFrom": 2,
                        "strokeTo": 0,
                        "lenFrom": 2,
                        "lenTo": 8
                    }
                ]
            }
        },
        "pyratite": {
            "type": "ArtilleryBulletType",
            "frontColor": "f8ad42",
            "backColor": "f68021",
            "width": 15,
            "height": 25,
            "despawnSound": "bang",
            "hitSound": "titanExplosion",
            "shootEffect": "shootBig",
            "trailColor": "f8ad42",
            "trailWidth": 4.5,
            "trailLength": 15,
            "lifetime": 56,
            "speed": 5,
            "inaccuracy": 0.5,
            "reloadMultiplier": 1,
            "rangeChange": 80,
            "damage": 60,
            "buildingDamageMultiplier": 0.4,
            "ammoMultiplier": 2,
            "collidesAir": true,
            "collidesTiles": true,
            "collides": true,
            "makeFire": true,
            "splashDamage": 90,
            "splashDamageRadius": 48,
            "status": "burning",
            "despawnEffect": {
                "type": "ExplosionEffect",
                "lifetime": 35,
                "waveColor": "f68021",
                "smokeColor": "f68021cc",
                "sparkColor": "f68021",
                "waveLife": 55,
                "waveStroke": 6,
                "waveRad": 60,
                "waveRadBase": 10,
                "sparkStroke": 5,
                "sparkRad": 80,
                "sparkLen": 20,
                "smokeSize": 14,
                "smokeSizeBase": 0,
                "smokeRad": 60,
                "smokes": 6,
                "sparks": 6
            },
            "hitEffect": {
                "type": "ExplosionEffect",
                "lifetime": 35,
                "waveColor": "f68021",
                "smokeColor": "f68021cc",
                "sparkColor": "f68021",
                "waveLife": 55,
                "waveStroke": 6,
                "waveRad": 60,
                "waveRadBase": 10,
                "sparkStroke": 5,
                "sparkRad": 80,
                "sparkLen": 20,
                "smokeSize": 14,
                "smokeSizeBase": 0,
                "smokeRad": 60,
                "smokes": 6,
                "sparks": 6
            },
            "fragBullets": 6,
            "fragVelocityMin": 1.5,
            "fragVelocityMax": 1.5,
            "fragSpread": 60,
            "fragRandomSpread": 0,
            "fragBullet": {
                "type": "ArtilleryBulletType",
                "trailEffect": "none",
                "buildingDamageMultiplier": 0.3,
                "damage": 10,
                "splashDamage": 60,
                "splashDamageRadius": 48,
                "status": "burning",
                "collidesAir": true,
                "makeFire": true,
                "despawnSound": "bang",
                "hitSound": "titanExplosion",
                "lifetime": 10,
                "despawnEffect": {
                    "type": "ExplosionEffect",
                    "lifetime": 35,
                    "waveColor": "f68021",
                    "smokeColor": "f68021cc",
                    "sparkColor": "f68021",
                    "waveLife": 55,
                    "waveStroke": 6,
                    "waveRad": 60,
                    "waveRadBase": 10,
                    "sparkStroke": 5,
                    "sparkRad": 80,
                    "sparkLen": 20,
                    "smokeSize": 14,
                    "smokeSizeBase": 0,
                    "smokeRad": 60,
                    "smokes": 3,
                    "sparks": 3
                },
                "hitEffect": {
                    "type": "ExplosionEffect",
                    "lifetime": 35,
                    "waveColor": "f68021",
                    "smokeColor": "f68021cc",
                    "sparkColor": "f68021",
                    "waveLife": 55,
                    "waveStroke": 6,
                    "waveRad": 60,
                    "waveRadBase": 10,
                    "sparkStroke": 5,
                    "sparkRad": 80,
                    "sparkLen": 20,
                    "smokeSize": 14,
                    "smokeSizeBase": 0,
                    "smokeRad": 60,
                    "smokes": 3,
                    "sparks": 3
                }
            }
        },
        "电能结晶": {
            "type": "BasicBulletType",
            "sprite": "circle-bullet",
            "frontColor": "B3FFFF",
            "backColor": "B3FFFF",
            "shrinkX": 0,
            "shrinkY": 0,
            "height": 6,
            "width": 6,
            "pierce": true,
            "pierceBuilding": true,
            "absorbable": false,
            "hittable": false,
            "reflectable": false,
            "lifetime": 110,
            "speed": 2,
            "drag": -0.01,
            "rangeChange": 200,
            "buildingDamageMultiplier": 0.25,
            "pierceCap": 10,
            "damage": 45,
            "lightningDamage": 35,
            "lightning": 4,
            "lightningLength": 7,
            "lightningColor": "CCFFFF",
            "status": "shocked",
            "ammoMultiplier": 4,
            "reloadMultiplier": 1,
            "homingPower": 0.03,
            "homingRange": 80,
            "trailColor": "B3FFFF",
            "trailWidth": 3,
            "trailLength": 12,
            "intervalBullets": 1,
            "bulletInterval": 2,
            "intervalBullet": {
                "type": "LightningBulletType",
                "despawnSound": "spark",
                "damage": 25,
                "ammoMultiplier": 1,
                "lightningLength": 5,
                "lightningColor": "B3FFFF",
                "buildingDamageMultiplier": 0.25
            }
        }
    }
}