{
    "type": "ContinuousLiquidTurret",
    "name": "burners",
    "description": "将液体雾化喷出燃烧敌人。",
    "health": 360,
    "size": 1,
    "category": "turret",
    "research": "wave",
    "buildCostMultiplier": 1,
    "recoil": 0,
    "canOverdrive": false,
    "liquidConsumed": 0.3333333333,
    "range": 152,
    "loopSound": "fire",
    "loopSoundVolume": 7,
    "targetInterval": 0,
    "shootCone": 180,
    "requirements": [
        {
            "item": "titanium",
            "amount": 45
        },
        {
            "item": "graphite",
            "amount": 20
        }
    ],
    "ammoTypes": {
        "oil": {
            "type": "ContinuousFlameBulletType",
            "length": 148,
            "damage": 20,
            "oscScl": 1.2,
            "oscMag": 0.01,
            "divisions": 2,
            "drawFlare": false,
            "pierceBuilding": false,
            "lengthInterp": "slope",
            "rotateFlare": false,
            "pierceArmor": false,
            "laserAbsorb": false,
            "hitEffect": "none",
            "makeFire": true,
            "status": "burning",
            "statusDuration": 300,
            "colors": [
                "465AB8",
                "66A6D2",
                "8AC1E6",
                "ACDBFA",
                "FFFFFF"
            ],
            "lengthWidthPans": [
                1,
                1.3,
                0.32,
                0.88,
                1,
                0.3,
                0.76,
                0.9,
                0.2,
                0.64,
                0.8,
                0.15,
                0.52,
                0.7,
                0.1
            ]
        }
    }
}