{
"type":"ItemTurret",//种类
"name":"charge",//名称
"description":"向附近的敌人发射一条近距离穿透性爆炸子弹。",//描述
"health":1200,//生命
"size":2,//大小
"category":"turret",//菜单栏
"research":"storm",//科技树前一项
"heatColor":"turretHeat",//特效
"shootSound":"shotgun",//声效
"range":96,//射程，8/格
"reload":24,//装弹时间，1/帧
"rotateSpeed":10,//炮台转速
"consumes":{
"coolant":{"amount":0.2,"optional":true}},
"maxAmmo":30,//弹容量
"requirements":[
{"item":"copper","amount":75}
{"item":"titanium","amount":45}
{"item":"graphite","amount":45}
],//建造消耗
"ammoTypes":{
"graphite":{
"type":"ShrapnelBulletType",//基础子弹
"length":96,//长度
"damage":44,//伤害
"ammoMultiplier":4,//每个物品能够
"reloadMultiplier":1.3,//装弹速度倍率
"fromColor":"b2c6d2",
"toColor":"B2C6D2",},
"titanium":{
"type":"ShrapnelBulletType",//基础子弹
"length":96,//长度
"damage":66,//伤害
"ammoMultiplier":4,//每个物品能够
"fromColor":"8da1e3",//子弹颜色
"toColor":"97ABED",},
"thorium":{
"type":"ShrapnelBulletType",//基础子弹
"length":96,//长度
"damage":105,//伤害
"ammoMultiplier":4,//每个物品能够
"fromColor":"f9a3c7",//子弹颜色
"toColor":"F9ADD1",
"reloadMultiplier":0.7,}
},
}