{
    "type": "ItemTurret",
    "name": "riot",
    "description": "这一击将贯穿星辰。",
    "health": 2200,
    "size": 3,
    "category": "turret",
    "research": "fuse",
    "shootSound": "shotgun",
    "heatColor": "ab3400",
    "ammoPerShot": 1,
    "range": 180,
    "reload": 35,
    "shoot": {
        "shots": 3,
        "shotDelay": 30
    },
    "maxAmmo": 30,
    "ammoEjectBack": 3,
    "rotateSpeed": 10,
    "targetAir": true,
    "targetGround": true,
    "coolantMultiplier":2,//液体加速百分比
    "consumes": {
        "coolant": {
            "amount": 0.5,
            "optional": true
        }
    },
    "requirements": [
        {
            "item": "titanium",
            "amount": 375
        },
        {
            "item": "thorium",
            "amount": 275
        },
        {
            "item": "高频芯片",
            "amount": 175
        },
        {
            "item": "surge-alloy",
            "amount": 175
        }
    ],
    "ammoTypes": {
        "graphite": {
            "type": "ShrapnelBulletType",
            "length": 190,
            "damage": 44,
            "lifetime": 15,
            "ammoMultiplier": 4,
            "reloadMultiplier": 1.6,
            "fromColor": "b2c6d2",
            "toColor": "B2C6D2"
        },
        "titanium": {
            "type": "ShrapnelBulletType",
            "length": 190,
            "damage": 66,
            "lifetime": 15,
            "ammoMultiplier": 4,
            "reloadMultiplier": 1.3,
            "fromColor": "8da1e3",
            "toColor": "97ABED"
        },
        "thorium": {
            "type": "ShrapnelBulletType",
            "length": 190,
            "damage": 105,
            "lifetime": 15,
            "ammoMultiplier": 4,
            "fromColor": "f9a3c7",
            "toColor": "F9ADD1",
            "shootEffect": "thoriumShoot",
            "smokeEffect": "thoriumShoot",
            "reloadMultiplier": 1
        },
        "surge-alloy": {
            "type": "ShrapnelBulletType",
            "length": 190,
            "damage": 144,
            "lifetime": 15,
            "ammoMultiplier": 4,
            "reloadMultiplier": 0.7,
            "fromColor": "f3e979",
            "toColor": "FDF383",
            
            "lightning":4,//闪电数量
            "lightningLength":8,//闪电长度
            "lightningDamage":10,//闪电伤害
            
            "status": "shocked"
        }
    }
}