{
"type":"PowerTurret",
"name":"san",
"description":"发射能制退敌人的波形攻击，并造成少量伤害。",
"details":"我的好兄弟去哪了？"
"playerControllable":false,
"health":1300,
"size":2,
"category":"turret",
"research":"parallax",
"range":160,
"reload":24,
"shoot":{"type":"ShootSpread",
"shots":16,"spread":2.8125,},
"recoil":2.5,
"rotateSpeed":10,
"shootSound":"lasershoot",
"consumes":{"power":6,
"coolant":{"amount":0.2,"optional":true}},
"requirements":[
{"item":"copper","amount":100},
{"item":"lead","amount":100},
{"item":"titanium","amount":75},
{"item":"高频芯片","amount":50},    ],
"shootType":{
"type":"BasicBulletType",
"status":"结构失稳",
"ammoMultiplier":1,
"shrinkX":-4.5,
"shrinkY":0,
"width":5,
"height":5,
"frontColor":"#80FFFF",
"backColor":"#80FFFF",
"despawnEffect":"none",
"lifetime":64,
"speed":2.5,
"damage":2.5,
"knockback":1,
"buildingDamageMultiplier":0,
"pierce":true,
"pierceBuilding":true,
"absorbable":false,
"hittable":false,
"reflectable":false,
"hitSize":7.5,
"hitEffect":"none",},
}