{
    "type": "ItemTurret",
    "name": "scratches",
    "description": "快速地向敌人发射子弹。",
    "details": "来着卜萝的贴图哦。",
    "health": 1860,
    "size": 3,
    "category": "turret",
    "research": "salvo",
    "shootSound": "missile",
    "range": 208,
    "rotateSpeed": 3,
    "reload": 8,
    "targetInterval": 5,
    
    /*

"warmupMaintainTime":30,
"minWarmup":0.9,
"shootWarmupSpeed":0.1,
"linearWarmup":false,

*/
    
    "shoot": {
        "type": "ShootPattern",
        "shots": 1,
        "shotDelay": 1
    },
    "targetAir": true,
    "targetGround": true,
    "maxAmmo": 60,
    "consumeAmmoOnce": false,
    "consumes": {
        "coolant": {
            "amount": 0.2,
            "optional": true
        }
    },
    "requirements": [
        {
            "item": "titanium",
            "amount": 135
        },
        {
            "item": "thorium",
            "amount": 65
        },
        {
            "item": "高频芯片",
            "amount": 35
        }
    ],
    "ammoTypes": {
        "copper": {
            "type": "PointBulletType",
            "trailEffect": {
                "type": "ParticleEffect",
                "colorFrom": "d99d73",
                "colorTo": "d99d73",
                "particles": 1,
                "lifetime": 10,
                "cone": 0,
                "length": 1,
                "baseLength": 0,
                "line": true,
                "strokeFrom": 0.5,
                "strokeTo": 0,
                "lenFrom": 14,
                "lenTo": 14
            },
            "speed": 225,
            "hitEffect": "none",
            "smokeEffect": "none",
            "damage": 24,
            "buildingDamageMultiplier": 0.01,
            "pierceDamageFactor": 1,
            "ammoMultiplier": 3,
            "reloadMultiplier": 1
        },
        "lead": {
            "type": "PointBulletType",
            "trailEffect": {
                "type": "ParticleEffect",
                "colorFrom": "8c7fa9",
                "colorTo": "8c7fa9",
                "particles": 1,
                "lifetime": 10,
                "cone": 0,
                "length": 1,
                "baseLength": 0,
                "line": true,
                "strokeFrom": 0.5,
                "strokeTo": 0,
                "lenFrom": 14,
                "lenTo": 14
            },
            "speed": 225,
            "hitEffect": "none",
            "smokeEffect": "none",
            "damage": 22,
            "buildingDamageMultiplier": 0.01,
            "pierceDamageFactor": 1,
            "ammoMultiplier": 3,
            "reloadMultiplier": 1
        },
        "graphite": {
            "type": "PointBulletType",
            "trailEffect": {
                "type": "ParticleEffect",
                "colorFrom": "b2c6d2",
                "colorTo": "b2c6d2",
                "particles": 1,
                "lifetime": 10,
                "cone": 0,
                "length": 1,
                "baseLength": 0,
                "line": true,
                "strokeFrom": 0.5,
                "strokeTo": 0,
                "lenFrom": 14,
                "lenTo": 14
            },
            "speed": 225,
            "hitEffect": "none",
            "smokeEffect": "none",
            "damage": 26,
            "buildingDamageMultiplier": 0.01,
            "pierceDamageFactor": 1,
            "ammoMultiplier": 3,
            "reloadMultiplier": 1
        },
        "silicon": {
            "type": "PointBulletType",
            "trailEffect": {
                "type": "ParticleEffect",
                "colorFrom": "2A3140",
                "colorTo": "2A3140",
                "particles": 1,
                "lifetime": 10,
                "cone": 0,
                "length": 1,
                "baseLength": 0,
                "line": true,
                "strokeFrom": 0.5,
                "strokeTo": 0,
                "lenFrom": 14,
                "lenTo": 14
            },
            "speed": 225,
            "hitEffect": "none",
            "smokeEffect": "none",
            "damage": 21,
            "buildingDamageMultiplier": 0.01,
            "pierceDamageFactor": 1,
            "ammoMultiplier": 3,
            "reloadMultiplier": 1.3
        },
        "titanium": {
            "type": "PointBulletType",
            "trailEffect": {
                "type": "ParticleEffect",
                "colorFrom": "8da1e3",
                "colorTo": "8da1e3",
                "particles": 1,
                "lifetime": 10,
                "cone": 0,
                "length": 1,
                "baseLength": 0,
                "line": true,
                "strokeFrom": 0.5,
                "strokeTo": 0,
                "lenFrom": 14,
                "lenTo": 14
            },
            "speed": 225,
            "hitEffect": "none",
            "smokeEffect": "none",
            "damage": 28,
            "buildingDamageMultiplier": 0.01,
            "pierceDamageFactor": 1,
            "ammoMultiplier": 3,
            "reloadMultiplier": 1
        },
        "thorium": {
            "type": "PointBulletType",
            "trailEffect": {
                "type": "ParticleEffect",
                "colorFrom": "f9a3c7",
                "colorTo": "f9a3c7",
                "particles": 1,
                "lifetime": 10,
                "cone": 0,
                "length": 1,
                "baseLength": 0,
                "line": true,
                "strokeFrom": 0.5,
                "strokeTo": 0.5,
                "lenFrom": 14,
                "lenTo": 14
            },
            "speed": 225,
            "hitEffect": "none",
            "smokeEffect": "none",
            "damage": 38,
            "buildingDamageMultiplier": 0.01,
            "pierceDamageFactor": 1,
            "ammoMultiplier": 3
        }
    }
}