{
"type":"ItemTurret",//种类
"name":"storm",//名称
"description":"向附近的敌人喷射大量穿透护甲的高能粒子。",//描述
"health":2100,//生命
"size":3,//大小
"category":"turret",//菜单栏
"research":"切割",//科技树前一项
"shootSound":"cannon",
"shootEffect":"shootBigColor",
"smokeEffect":"shootSmokeSquareSparse",
"range":152,
"reload":30,//装弹时间，1/帧
"shootCone":180,
"consumes":{
"coolant":{"amount":0.1,"optional":true}},
"shoot":{"shots":15,"shotDelay":0,}
"inaccuracy":10,//射击误差
"targetInterval":1,
"shootCone":75,
"velocityRnd":0.15,//子弹随机减速
"maxAmmo":30,//弹容量
"recoil":5,//后坐
"recoilTime":50,//后坐恢复
"requirements":[
{"item":"copper","amount":120}
{"item":"lead","amount":90}
{"item":"graphite","amount":45}
],//建造消耗

"researchCost":[
{"item":"copper","amount":400}
{"item":"lead","amount":300}
{"item":"graphite","amount":150}
]

"ammoTypes":{

"sand":{                //沙子
"type":"BasicBulletType",//基础子弹
"shootEffect":"shootBig",
"lifetime":40,//存在时间，帧
"speed":3.75,//初速度
"damage":3.5,//伤害
"pierceArmor":true,/*穿甲*/
"knockback":0.5,//击退力

"trailWidth":6,
"trailLength":3,

"hitEffect":"hitSquaresColor",
"despawnEffect":"hitSquaresColor",

"ammoMultiplier":1,//每个物品能够
"reloadMultiplier":1,/*装弹速度倍率*/}

"scrap":{             //废料
"type":"BasicBulletType",//基础子弹
"shootEffect":"shootBig",
"lifetime":40,//存在时间，帧
"speed":3.75,//初速度
"damage":4.5,//伤害
"pierceArmor":true,/*穿甲*/
"knockback":0.75,//击退力

"trailWidth":6,
"trailLength":3,

"hitEffect":"hitSquaresColor",
"despawnEffect":"hitSquaresColor",

"ammoMultiplier":1,//每个物品能够
"reloadMultiplier":1,/*装弹速度倍率*/}

"graphite":{                //石墨
"type":"BasicBulletType",//基础子弹
"shootEffect":"shootBig",
"lifetime":40,//存在时间，帧
"speed":3.75,//初速度
"damage":5.5,//伤害
"pierceArmor":true,/*穿甲*/
"knockback":1,//击退力

"trailWidth":6,
"trailLength":3,

"hitEffect":"hitSquaresColor",
"despawnEffect":"hitSquaresColor",

"ammoMultiplier":1,//每个物品能够
"reloadMultiplier":1,/*装弹速度倍率*/}

"titanium":{                //钛
"type":"BasicBulletType",//基础子弹
"shootEffect":"shootBig",
"lifetime":40,//存在时间，帧
"speed":3.75,//初速度
"damage":6.5,//伤害
"pierceCap":2,//穿透个数
"pierce":true,//穿透
"pierceArmor":true,/*穿甲*/
"knockback":1,//击退力

"trailWidth":6,
"trailLength":3,

"hitEffect":"hitSquaresColor",
"despawnEffect":"hitSquaresColor",

"ammoMultiplier":1,//每个物品能够
"reloadMultiplier":1,/*装弹速度倍率*/}

"thorium":{                 //钍
"type":"BasicBulletType",//基础子弹
"shootEffect":"shootBig",
"lifetime":40,//存在时间，帧
"speed":3.75,//初速度
"damage":7.5,//伤害
"pierceCap":3,//穿透个数
"pierce":true,//穿透
"pierceArmor":true,/*穿甲*/
"knockback":1,//击退力

"trailWidth":6,
"trailLength":3,

"hitEffect":"hitSquaresColor",
"despawnEffect":"hitSquaresColor",

"ammoMultiplier":1,//每个物品能够
"reloadMultiplier":1,/*装弹速度倍率*/}

"surge-alloy":{             //合金
"type":"BasicBulletType",//基础子弹
"shootEffect":"shootBig",
"lifetime":40,//存在时间，帧
"speed":3.75,//初速度
"damage":7,//伤害
"lightning":2,//闪电数量
"lightningLength":1,//闪电长度
"lightningDamage":7,//闪电伤害
"status":"shocked",//击中给予状态
"pierceArmor":true,/*穿甲*/
"knockback":1,//击退力

"trailWidth":6,
"trailLength":3,

"hitEffect":"hitSquaresColor",
"despawnEffect":"hitSquaresColor",

"ammoMultiplier":1,//每个物品能够
"reloadMultiplier":1,/*装弹速度倍率*/}

}
}