{
"type":"LiquidTurret",//种类
"name":"torrent",//名称
"description":"向敌人喷射高压的液体流，不能灭火。",//描述
"health":2400,//生命
"size":3,//大小
"liquidCapacity":30,//液体容量
"placeableLiquid":true,//是否在水里
"category":"turret",//菜单栏
"research":"tsunami",//科技树前一项
"buildCostMultiplier":1,//建造时间倍率
"shootSound":"missile",//声效
"range":230,//射程，8/格
"reload":12,//装弹时间，1/帧
"extinguish":false,
"ammoPerShot":6,//单发消耗
"targetInterval":1,
"consumes":{"power":7.5,},/*耗电*/
"requirements":[
{"item":"titanium","amount":275}
{"item":"thorium","amount":175}
{"item":"plastanium","amount":125}
{"item":"高频芯片","amount":75}
],//建造消耗
"ammoTypes":{

"water":{//水
"type":"RailBulletType",//基础子弹
"length":264,
"pointEffectSpace":8,
"pierceEffect":"none",
"hitEffect":"none",
"smokeEffect":"none",
"damage":30,
"buildingDamageMultiplier":0.3,
"pierceArmor":true,/*穿甲*/
"knockback":0.5,//击退力
"pierceDamageFactor":0,
"ammoMultiplier":0.2,
"displayAmmoMultiplier":false,
"reloadMultiplier":1.2,
"status":"wet",//击中给予状态
"statusDuration":480,
"fragBullets":5,//破片弹数量
"fragRandomSpread":0,//随机分裂角度
"fragSpread":12,//指定分裂角度
"fragVelocityMin":0.5,//破片最小速度
"fragVelocityMax":0.5,//破片最大速度
"fragBullet":{
"type":"LiquidBulletType",
"liquid":"water",
"lifetime":10,
"puddleSize":8,
"orbSize":4,
"ammoMultiplier":1,
"status":"wet",//击中给予状态
"statusDuration":480,
"damage":1,
"knockback":0.25,//击退力
}
"pointEffect":{
"type":"ParticleEffect",
"colorFrom":"596ab8",//开始时颜色
"colorTo":"596ab8",//结束时颜色
"particles":1,//粒子数量
"lifetime":10,//存在时间
"cone":0,//粒子扩散角度
"length":1,//粒子移动长度
"baseLength":0,//粒子在一定长度内出现
"line":true,//形状为方形
"strokeFrom":1.5,//开始时宽度
"strokeTo":0.5,//结束时宽度
"lenFrom":8,//开始时长度
"lenTo":8,/*结束时长度*/}
}

"slag":{//矿液
"type":"RailBulletType",//基础子弹
"length":264,
"pointEffectSpace":8,
"pierceEffect":"none",
"hitEffect":"none",
"smokeEffect":"none",
"damage":55,
"buildingDamageMultiplier":0.3,
"pierceArmor":true,/*穿甲*/
"knockback":0.5,//击退力
"pierceDamageFactor":0,
"ammoMultiplier":0.2,
"displayAmmoMultiplier":false,
"status":"melting",//击中给予状态
"statusDuration":480,
"fragBullets":4,//破片弹数量
"fragRandomSpread":0,//随机分裂角度
"fragSpread":12,//指定分裂角度
"fragVelocityMin":0.5,//破片最小速度
"fragVelocityMax":0.5,//破片最大速度
"fragBullet":{
"type":"LiquidBulletType",
"liquid":"slag",
"lifetime":10,
"puddleSize":8,
"orbSize":4,
"ammoMultiplier":1,
"status":"melting",//击中给予状态
"statusDuration":480,
"damage":2.5,
"pierceArmor":true,/*穿甲*/
"knockback":0.25,//击退力
}
"pointEffect":{
"type":"ParticleEffect",
"colorFrom":"ffa166",//开始时颜色
"colorTo":"ffa166",//结束时颜色
"particles":1,//粒子数量
"lifetime":10,//存在时间
"cone":0,//粒子扩散角度
"length":1,//粒子移动长度
"baseLength":0,//粒子在一定长度内出现
"line":true,//形状为方形
"strokeFrom":1.5,//开始时宽度
"strokeTo":0.5,//结束时宽度
"lenFrom":8,//开始时长度
"lenTo":8,/*结束时长度*/}
}

"cryofluid":{//冷却液
"type":"RailBulletType",//基础子弹
"length":264,
"pointEffectSpace":8,
"pierceEffect":"none",
"hitEffect":"none",
"smokeEffect":"none",
"damage":35,
"buildingDamageMultiplier":0.3,
"pierceArmor":true,/*穿甲*/
"knockback":0.5,//击退力
"pierceDamageFactor":0,
"ammoMultiplier":0.2,
"displayAmmoMultiplier":false,
"reloadMultiplier":1.45,
"status":"freezing",//击中给予状态
"statusDuration":480,
"fragBullets":5,//破片弹数量
"fragRandomSpread":0,//随机分裂角度
"fragSpread":12,//指定分裂角度
"fragVelocityMin":0.5,//破片最小速度
"fragVelocityMax":0.5,//破片最大速度
"fragBullet":{
"type":"LiquidBulletType",
"liquid":"cryofluid",
"lifetime":10,
"puddleSize":8,
"orbSize":4,
"ammoMultiplier":1,
"status":"freezing",//击中给予状态
"statusDuration":480,
"damage":1,
"knockback":0.25,//击退力
}
"pointEffect":{
"type":"ParticleEffect",
"colorFrom":"6ecdec",//开始时颜色
"colorTo":"6ecdec",//结束时颜色
"particles":1,//粒子数量
"lifetime":10,//存在时间
"cone":0,//粒子扩散角度
"length":1,//粒子移动长度
"baseLength":0,//粒子在一定长度内出现
"line":true,//形状为方形
"strokeFrom":1.5,//开始时宽度
"strokeTo":0.5,//结束时宽度
"lenFrom":8,//开始时长度
"lenTo":8,/*结束时长度*/}
}

"oil":{//石油
"type":"RailBulletType",//基础子弹
"length":264,
"pointEffectSpace":8,
"pierceEffect":"none",
"hitEffect":"none",
"smokeEffect":"none",
"damage":30,
"buildingDamageMultiplier":0.3,
"pierceArmor":true,/*穿甲*/
"knockback":0.5,//击退力
"pierceDamageFactor":0,
"ammoMultiplier":0.2,
"displayAmmoMultiplier":false,
"status":"tarred",//击中给予状态
"statusDuration":480,
"fragBullets":5,//破片弹数量
"fragRandomSpread":0,//随机分裂角度
"fragSpread":12,//指定分裂角度
"fragVelocityMin":0.5,//破片最小速度
"fragVelocityMax":0.5,//破片最大速度
"fragBullet":{
"type":"LiquidBulletType",
"liquid":"oil",
"lifetime":10,
"puddleSize":8,
"orbSize":4,
"ammoMultiplier":1,
"status":"tarred",//击中给予状态
"statusDuration":480,
"damage":1,
"knockback":0.25,//击退力
"layer":70,
}
"pointEffect":{
"type":"ParticleEffect",
"colorFrom":"313131",//开始时颜色
"colorTo":"313131",//结束时颜色
"particles":1,//粒子数量
"lifetime":10,//存在时间
"cone":0,//粒子扩散角度
"length":1,//粒子移动长度
"baseLength":0,//粒子在一定长度内出现
"line":true,//形状为方形
"strokeFrom":1.5,//开始时宽度
"strokeTo":0.5,//结束时宽度
"lenFrom":8,//开始时长度
"layer":70,
"lenTo":8,/*结束时长度*/}
}

}}