{
"type":"PowerTurret",//种类
"name":"天蝎炮",//名称
"description":"向敌人发射大型带电集束炮弹。
别问它为什么在这里，也别问它在这里干什么。",//描述
"health":22000,//生命
"size":5,//大小
"category":"turret",//菜单栏
"research":"weapons-cyerce",//科技树前一项
"buildCostMultiplier":1,//建造时间倍率
"heatColor":"turretHeat",//过热特效
"shootSound":"artillery",//声效
"ammoPerShot":1,//单发消耗
"range":240,//射程，8/格
"heatColor":"ab3400",//过热特效
"reload":210,//装弹时间，1/帧
"coolantMultiplier":0.4,//液体加速百分比
"liquidCapacity":60,//液体容量
"recoil":10//反冲
"rotateSpeed":1,//炮台转速
"xRand":0,//射击偏转
"maxAmmo":30,//弹容量
"targetAir":true,//对空
"targetGround":true,//对地
"consumes":{"power":25,},/*耗电*/
"hasPower":true,//用电
"requirements":[
{"item":"silicon","amount":2050}
{"item":"titanium","amount":850}
{"item":"plastanium","amount":1250}
{"item":"surge-alloy","amount":500}
{"item":"phase-fabric","amount":350}
],//建造消耗
"shootType":{
"type":"ArtilleryBulletType",
"ammoMultiplier":1,//每个物品能够
"collides":true,//开启碰撞
"collidesTiles":true,
"collidesAir":true,//与空军碰撞
"damage":50,//伤害
"width":25,
"height":25,
"shrinkY":0.5,
"smokeEffect":"shootBigSmoke2",//烟雾效果
"hitEffect":"sapExplosion",//打击特效
"lightColor":"BF92F9",//颜色
"lightOpacity":0.5,//光不透明度
"lifetime":80,//存在时间，帧
"speed":3,//初速度
"status":"sapped",//击中给予状态
"statusDuration":600,//状态持续时间，
"despawnEffect":"none"//子弹消失特效
"lightning":5,//闪电数量
"lightningLength":20,//闪电长度
"lightningDamage":50,//闪电伤害
"lightningColor":"BF92F9"//闪电颜色
"frontColor":"#BF92F9",
"backColor":"#BF92F9",
"knockback":0.7,//击退力
"splashDamage":75,//范围伤害
"splashDamageRadius":80,//范围伤害
"fragBullets":9,//破片弹数量
"fragVelocityMin":0.3,//破片最小速度
"fragVelocityMax":2.3,//破片最大速度
"fragBullet":{
"type":"ArtilleryBulletType",//基础子弹
"width":20,
"height":20,
"smokeEffect":"shootBigSmoke2",//烟雾效果
"hitEffect":"sapExplosion",//打击特效
"lightColor":"BF92F9",//颜色
"lightOpacity":0.5,//光不透明度
"collidesAir":true,//与空军碰撞
"collides":false,//开启碰撞
"lightning":2,//闪电数量
"lightningDamage":30,//闪电伤害
"lightningLength":5,//闪电长度
"lightningColor":"BF92F9"//闪电颜色
"frontColor":"#BF92F9",
"backColor":"#BF92F9",
"knockback":0.8,//击退力
"splashDamage":40,//范围伤害
"splashDamageRadius":70,//伤害范围
"status":"sapped",//击中给予状态
"statusDuration":600,//状态持续时间，
"lifetime":90,//存在时间，帧
},
}
"details":"每建筑一个天蝎炮就有一个天蝎失去它的腿。
那么它们的腿又去哪了呢？",
}