{
"type":"ItemTurret",//种类
"name":"暗雷",//名称
"description":"充能并向附近的敌人发射一枚缓慢推进的球形闪电。",//描述
"health":6250,//生命
"size":5,//大小
"category":"turret",//菜单栏
"research":"双生",//科技前项
"rebuildable":true,//是否能重建
"shootSound":"plasmaboom",//声效
"chargeSound":"lasercharge",//
"drawer":{
"type":"DrawTurret",
"parts":[
{"type":"RegionPart",
"suffix":"-A",
"heatProgress":"warmup",
"progress":"warmup",
"mirror":false,
"moveX":0,"moveY":4,
"moveRot":0,
"under":true,
"heatColor":"f03b0e",
"x":0,"y":0},
{"type":"RegionPart",
"suffix":"-B",
"heatProgress":"warmup",
"progress":"warmup",
"mirror":false,
"moveX":0,"moveY":6,
"moveRot":0,
"under":true,
"heatColor":"f03b0e",
"x":0,"y":0}
]},
"solid":true,//是否是固体
"targetable":true,//是否受到单位攻击
"canOverdrive":true,//超频是否应用
"coolantMultiplier":3,//液体加速百分比
"buildCostMultiplier":1,//建造时间倍率
"ammoPerShot":5,//单发消耗
"range":616,//射程，8/格
"reload":240,//装弹时间，1/帧
"moveWhileCharging":false,//移动
"accurateDelay":false,//准确延迟
"shoot":{
"shots":1,//子弹数
"firstShotDelay":100,
},
"recoil":2,//后坐力
"rotateSpeed":1,//炮台转速
"xRand":0,//射击偏转
"targetAir":true,//对空
"targetGround":true,//对地
"maxAmmo":50,//弹容量
"consumes":{
"power":41.666666666,
"coolant":{
"amount":1,
"optional":true}}
"coolantMultiplier":0.4,

"requirements":[
{"item":"titanium","amount":1300}
{"item":"thorium","amount":750}
{"item":"plastanium","amount":250}
{"item":"surge-alloy","amount":650}
{"item":"高频芯片","amount":400}
{"item":"电能结晶","amount":150}
],//建造消耗
"ammoTypes":{
"电能结晶":{
"chargeEffect":{/*开火特效*/
"type":"multiEffect",
"lifetime":100//存在时间
"effects":[
{"type":"ParticleEffect",
"colorFrom":"B3FFFF",//开始时颜色
"colorTo":"CCFFFF",//结束时颜色
"particles":20,//粒子数量
"lifetime":25//存在时间
"randLength":true,
"cone":360,//粒子扩散角度
"length":-25,//粒子移动长度
"baseLength":25,//粒子在一定长度内出现
"useRotation":true,//使用旋转
"line":false,//形状为方形
"sizeFrom":2,//圆形从开始大小
"sizeTo":0.5,/*圆形至结尾大小*/}
{"type":"ParticleEffect",
"colorFrom":"B3FFFF",//开始时颜色
"colorTo":"CCFFFF",//结束时颜色
"particles":20,//粒子数量
"lifetime":50//存在时间
"randLength":true,
"cone":360,//粒子扩散角度
"length":-35,//粒子移动长度
"baseLength":35,//粒子在一定长度内出现
"useRotation":true,//使用旋转
"line":false,//形状为方形
"sizeFrom":2,//圆形从开始大小
"sizeTo":1,/*圆形至结尾大小*/}
{"type":"ParticleEffect",
"colorFrom":"B3FFFF",//开始时颜色
"colorTo":"CCFFFF",//结束时颜色
"particles":20,//粒子数量
"lifetime":75//存在时间
"randLength":true,
"cone":360,//粒子扩散角度
"length":-25,//粒子移动长度
"baseLength":25,//粒子在一定长度内出现
"useRotation":true,//使用旋转
"line":false,//形状为方形
"sizeFrom":2,//圆形从开始大小
"sizeTo":1.5,/*圆形至结尾大小*/}
{"type":"ParticleEffect",
"colorFrom":"B3FFFF",//开始时颜色
"colorTo":"CCFFFF",//结束时颜色
"particles":20,//粒子数量
"lifetime":100//存在时间
"randLength":true,
"cone":360,//粒子扩散角度
"length":-35,//粒子移动长度
"baseLength":35,//粒子在一定长度内出现
"useRotation":true,//使用旋转
"line":false,//形状为方形
"sizeFrom":2,//圆形从开始大小
"sizeTo":2,/*圆形至结尾大小*/}
{"type":"ParticleEffect",
"colorFrom":"B3FFFF",//开始时颜色
"colorTo":"CCFFFF",//结束时颜色
"particles":1,//粒子数量
"lifetime":100//存在时间
"randLength":true,
"cone":0,//粒子扩散角度
"length":0,//粒子移动长度
"baseLength":0,//粒子在一定长度内出现
"sizeFrom":1,//圆形从开始大小
"sizeTo":8,//圆形至结尾大小
"useRotation":true,//使用旋转
"region":"circle",/*使用贴图*/}
{"type":"WaveEffect",
"lifetime":100//存在时间
"colorFrom":"B3FFFF",//颜色从
"colorTo":"CCFFFF",//颜色至
"sizeFrom":40,//开始时圆环直径
"sizeTo":0,//结束时圆环直径
"strokeFrom":1,//开始时圆形宽度
"strokeTo":8,/*结束时圆环宽度*/}]}
"despawnEffect":{
"type":"multiEffect",
"lifetime":90,//存在时间
"effects":[
{"type":"ParticleEffect",
"colorFrom":"B3FFFF",//开始时颜色
"colorTo":"#00000000",//结束时颜色
"particles":1,//粒子数量
"lifetime":90//存在时间
"randLength":true,
"cone":0,//粒子扩散角度
"length":0,//粒子移动长度
"baseLength":0,//粒子在一定长度内出现
"useRotation":true,//使用旋转
"line":false,//形状为方形
"sizeFrom":7,//圆形从开始大小
"sizeTo":0,/*圆形至结尾大小*/}
{"type":"WaveEffect",
"lifetime":90//存在时间
"colorFrom":"B3FFFF",//颜色从
"colorTo":"#00000000",//颜色至
"sizeFrom":7,//开始时圆环直径
"sizeTo":40,//结束时圆环直径
"strokeFrom":4,//开始时圆形宽度
"strokeTo":0,/*结束时圆环宽度*/}]}
"hitEffect":{"type":"ParticleEffect",
"colorFrom":"B3FFFF",//开始时颜色
"colorTo":"CCFFFF",//结束时颜色
"particles":50,//粒子数量
"lifetime":30//存在时间
"randLength":true,
"cone":360,//粒子扩散角度
"length":30,//粒子移动长度
"baseLength":5,//粒子在一定长度内出现
"useRotation":true,//使用旋转
"line":true,//形状为方形
"strokeFrom":2,//开始时宽度
"strokeTo":0,//结束时宽度
"lenFrom":4,//开始时长度
"lenTo":8,/*结束时长度*/}
"type":"BasicBulletType",//基础子弹
"sprite":"large-orb-back",//子弹贴图
"frontColor":"#B3FFFF",
"backColor":"#CCFFFF",
"reloadMultiplier":1,//装弹速度倍率
"makeFire":true,//点燃
"pierce":true,//穿透
"pierceBuilding":false,//穿透建筑
"absorbable":false,//受力墙影响
"hittable":false,//被分解
"reflectable":false,//被反弹
"homingPower":0.0075,//追踪力度
"homingRange":240,//追踪范围，8/格
"lifetime":616,//存在时间，帧
"speed":1,"drag":0,//子弹速度/每帧减速
"damage":100,//伤害
"pierceArmor":true,/*穿甲*/
"splashDamage":50,//范围伤害
"splashDamageRadius":40,//范围伤害距离
"status":"electrified",//击中给予状态
"lightningDamage":50,//闪电伤害
"lightning":6,//闪电数量
"lightningLength":6,//长度？
"lightningLengthRand":6,//光照
"lightningColor":"CCFFFF"//闪电颜色
"ammoMultiplier":1,//每个物品能够
"shrinkX":0,"shrinkY":0,
"height":20,"width":20,
"hitSize":20,//子弹碰撞箱大小
"intervalBullets":6,//数量间隔子弹
"bulletInterval":4,//子弹间隔间隔子弹
"intervalBullet":{
"type":"LightningBulletType",
//"despawnSound":"spark",
"damage":50,
"pierceArmor":true,/*穿甲*/
"ammoMultiplier":1,
"lightningLength":6,
"lightningLengthRand":6,
"lightningColor":"CCFFFF"//闪电颜色
"buildingDamageMultiplier":0.25,//对建筑倍率
}}}
"details":"歼灭开始",
}