{
"type":"PowerTurret",//种类
"name":"死星炮",//名称
"description":"发射巨大的爆发激光束，摧毁敌人并修复友方建筑。
别问它为什么在这里，也别问它在这里干什么。",//描述
"health":18000,//生命
"size":6,//大小
"category":"turret",//菜单栏
"research":"weapons-cyerce",//科技树前一项
"shootSound":"laserblast",//声效
"ammoPerShot":1,//单发消耗
"heatColor":"ab3400",
"cooldownTime":350,
"range":456,//射程，8/格
"reload":350,//装弹时间，1/帧
"moveWhileCharging":false,//移动
"accurateDelay":false,//准确延迟
"shoot":{"shots":1,"firstShotDelay":80,},
"coolantMultiplier":0.4,//液体加速百分比
"liquidCapacity":60,//液体容量
"targetAir":true,//对空
"targetGround":true,//对地
"consumes":{"power":25,
"coolant":{"amount":1,"optional":true,}},/*耗电*/
"hasPower":true,//用电
"requirements":[
{"item":"silicon","amount":2050}
{"item":"titanium","amount":850}
{"item":"plastanium","amount":1250}
{"item":"surge-alloy","amount":500}
{"item":"phase-fabric","amount":350}
],//建造消耗
"shootType":{
"type":"LaserBulletType",
"chargeEffect":"greenLaserCharge",//充能效果
"colors":[84F491,84F491,84F491],//颜色
"length":460,//长度
"damage":560,//伤害
"ammoMultiplier":1,//每个物品能够
"healPercent":25,//治疗百分比
"width":75,//宽度
"despawnEffect":"none"//子弹消失特效
"lifetime":65,//持续时间
"hitEffect":"none"//打击特效
"lightningSpacing":35,//闪电间隔
"lightningLength":5,//闪电长度
"lightningDelay":1.1,//闪电持续时间
"lightningLengthRand":15,
"lightningDamage":50,//闪电伤害
"lightningAngleRand":40,//闪电角度
"lightningColor":"84F491"//闪电颜色
"hitColor":"84F491",//打击颜色
}
"details":"每建筑一个死星炮就有一个死星失去它的腿。
那么它们的腿又去哪了呢？",
}