{
"type":"PowerTurret",
"name":"龙王炮",
"description":"发射大型电磁爆弹，对敌人电网造成显著破坏并修复友方建筑。
别问它为什么在这里，也别问它在这里干什么。",
"health":20000,
"size":4,
"category":"turret",
//"research":"龙王副炮",//科技树前一项
"shootSound":"laser",
"heatColor":"ab3400",
"cooldownTime":55,
"range":296,
"reload":130,
"liquidCapacity":60,
"ammoEjectBack":0,
"recoil":4,
"shake":3,
"rotateSpeed":2,
"targetAir":true,
"targetGround":true,
"consumes":{"power":18,
"coolant":{"amount":1,"optional":true,}}
"coolantMultiplier":0.4,//液体加速百分比
"hasPower":true,//用电
"requirements":[
{"item":"silicon","amount":2050}
{"item":"titanium","amount":850}
{"item":"plastanium","amount":1250}
{"item":"surge-alloy","amount":500}
{"item":"phase-fabric","amount":350}
],//建造消耗
"shootType":{
"ammoMultiplier":1,//每个物品能够
"type":"EmpBulletType",
"sprite":"circle-bullet",
"lifetime":60,//存在时间，帧
"speed":5,//初速度
"lightOpacity":0.7,
"unitDamageScl":0.8,
"scaleLife":true,//攻击指定地点
"homingPower":0.1,//追踪力度
"homingRange":80,//追踪范围，8/格
"shrinkX":0,"shrinkY":0,
"height":12,"width":12,//长度/宽度
"damage":60,//伤害
"splashDamage":70,//范围伤害
"splashDamageRadius":100,//伤害范围
"healPercent":20,//治疗百分比
"hitSound":"plasmaboom",//子弹击中音效
"backColor":"84F491",
"hitColor":"84F491",
"lightColor":"84F491",
"lightRadius":70,
"shootEffect":"hitEmpSpark",//射击特效
"smokeEffect":"shootBigSmoke2",//烟雾效果
"trailColor":"84F491",//拖尾颜色
"trailRotation":true,//子弹旋转
"trailLength":20,//拖尾长度
"trailWidth":6,//拖尾宽度
//"trailInterval":3,
"status":"electrified",//击中给予状态
//"status":"shielded",//击中给予状态
"statusDuration":480,//状态持续时间，
"timeIncrease":3,//加速效果
"timeDuration":1200,//加速时间
"powerDamageScl":3,
"hitShake":4,
"trailRotation":true,
"hitPowerEffect":"hitEmpSpark",//击中效果
}
"details":"无限延期。",
}