{
	"type": "GenericCrafter",
	"name": "矿渣压缩机",
	"description": "制作永恒奇点的材料",
	"details":"谢谢流星",
	"outputItems":["矿渣奇点/1",]//产出
	"size":2,//建筑大小
	"health":210,//血量
	"craftTime":1800,//÷60
	"itemCapacity":1073741824,//容量
	"liquidCapacity":1500,
	"consumes": {
    "power":83.333333333333//×60
    "liquids":{
        "liquids":[
              "slag/25",
        ]
},
	}
    "requirements": [
                "copper/10",
                "物液板/10",
	],//建造材料
	"buildCostMultiplier":0.0001,
    "category": "liquid",
	"research":"水压缩机",
	"idleSound":"respawning",
	"updateEffect":"smeltsmoke",
	"idleSoundVolume": 0.5
	"hasPower": true,
	"hasLiquids": true,
	"hasItems": true,
}
//"drawer":{
//    "type":"DrawMulti",
//    "drawers":[
//    "DrawDefault",
//    "DrawFlame"
//    ]
//    }