{
   "type":"UnitAssembler",
   "canOverdrive": false,
   "health":8800,
   "size":7,
   "requirements":
		    [
		    "thorium/1000"
		    "silicon/3500"
		    "oxide/1000"
		    "carbide/300"
		    "列位石/1000"
		    ]
   "consumes":{
       "power":100,
       "liquid": {"liquid": "列位流体", "amount":3 }
   },
   "areaSize":20,
   "plans":[
       {
           "unit":"disrupt",
           "time":7500,
           "requirements":[
        "avert/4",
        "mee-巨型铍墙/25",
           ]
       }
       {
           "unit":"悲悯",
           "time":18500,
           "requirements":[
        "obviate/5",
        "mee-星火/15",
           ]
       }
   ],
	"category":"units",
	"research": {
		"parent": "列位混合器",
		"requirements":
		    [
		    "thorium/7000"
		    "silicon/15000"
		    "oxide/6000"
		    "列位石/300"
		    ]
		"objectives": [
            {
				"type": "OnSector",
				"preset": "瘤蚀裂谷"
			}
			]}
}