{
	"health":180,
	"weapons":[ 
		{
			"name":"large-artillery",
			"x":0,
			"y":-3.5,
			"reload":60,
			"mirror":false,
			"recoil":5,
			"rotate":true,
			"rotateSpeed":1.7,
			"shootSound":"artillery",
			"shootY":7,
			"shadow":13,
			"shake":5,
			"bullet":{
				"type":"ArtilleryBulletType",
				"splashDamageRadius":32,
				"splashDamage":75,
				"knockback":0.8,
				"trailMult":0.8,
				"hitEffect":"blastExplosion",
				"despawnEffect":"blastExplosion",
				"speed":3.2,
				"damage":75,
				"lifetime":6000,
				"width": 15,	"height":15.5
			}
		}
	]
}
