{
	"weapons":[ 
	{
		"x":8.5,"y":-1.5,
		"reload":5,
		"name":"spiroct-weapon",
		"shootY":4,
		"recoil":2,
		"rotate":true,
		"shootSound":"sap",
		"bullet":{
			"type":"SapBulletType",
            "knockback":-3,
            "shootEffect":"shootSmall",
            "lifetime":35,
             "damage":70,
			 "color":"bf92f9",
	        "width": 0.54,	
			"length":75,
			"sapStrength":"0.4"
            
		}
	},
	{
		"x":4,"y":3,
		"reload":3,
		"name":"mount-purple-weapon",
		"shootY":4,
		"recoil":2,
		"rotate":true,
		"shootSound":"sap",
		"bullet":{
			"type":"SapBulletType",
            "knockback":-3,
            "shootEffect":"shootSmall",
            "lifetime":35,
             "damage":50,
			 "color":"bf92f9",
	        "width": 0.54,	
			"length":40,
			"sapStrength":"0.4"
            
		}
	}

	]
}
