{
	//"health": 120,
	"description": "朝敌人发射真.蜂巢导弹群",
	"weapons":[ 
	{
		"name":"zenith-missiles",
		"x":7,
		"rotate":true,
		"reload":40,
		"shake":1,
		"shots":15,
		"inaccuracy":11,
		"velocityRnd":0.3,
		"shootSound":"missile",
		
		"bullet":{
			"type":"MissileBulletType",
            "splashDamageRadius":16,
            "splashDamage":27,
			"drag":-0.005,
			"keepVelocity":false,
			"homingRange":60,
			"hitEffect":"blastExplosion",
			"despawnEffect":"blastExplosion",
            "speed":3,
			"damage":14,
			"lifetime":50,
			"weaveScale":6,
	        "width": 8,	"height":8,
			"weaveMag":1
		}
	}


	]
}
