{
    "type": "RegenProjector",
    "category": "effect",
    "name": "维修节点",
    "description": "持续修复周围小范围内的建筑。",
    "research": {
        "parent": "bcaa探测雷达",
        "requirements": [
            "镍/240",
            "graphite/240",
            "silicon/240"
        ]
    },
    "requirements": [
        "镍/60",
        "graphite/60",
        "silicon/60"
    ],
    "hasPower": false,
    "size": 1,
    "health": 400,
    "range": 10,
    "healPercent": 0.0166666666
}