{
    "type": "RegenProjector",
    "category": "effect",
    "name": "构造修巩塔",
    "description": "持续修复周围范围内的建筑。需要消耗电力。",
    "research": {
        "parent": "bcba维修节点",
        "objectives": [
            {
                "type": "SectorComplete",
                "preset": "ac冥域峡隙"
            }
        ]
    },
    "requirements": [
        "graphite/180",
        "铝/260",
        "silicon/180"
    ],
    "consumes": {
        "power": 5
    },
    "size": 3,
    "health": 1800,
    "range": 40,
    "healPercent": 0.0833333333
}