{
    "type": "ForceProjector",
    "category": "effect",
    "name": "能量释放器",
    "description": "在自身周围创建一个方形力场。保护范围内的建筑和单位。",
    "health": 3000,
    "armor": 10,
    "size": 3,
    "sides": 4,
    "shieldRotation": 45,
    "radius": 232.7,
    "shieldHealth": 10000,
    "cooldownNormal": 3.3333333333,
    "cooldownLiquid": 2,
    "liquidCapacity": 120,
    "cooldownBrokenBase": 8.3333333333,
    "hasPower": true,
    "hasLiquids": true,
    "absorbEffect": {
        "type": "ParticleEffect",
        "particles": 1,
        "sizeFrom": 5,
        "sizeTo": 0,
        "length": 0,
        "baseLength": 0,
        "lifetime": 180,
        "colorFrom": "C0ECFFFF",
        "colorTo": "C0ECFFFF"
    },
    "consumes": {
        "power": 7
    },
    "research": {
        "parent": "bcca护盾节点",
        "objectives": [
            {
                "type": "SectorComplete",
                "preset": "ac冥域峡隙"
            }
        ]
    },
    "requirements": [
        "铁/220",
        "graphite/380",
        "铝/280",
        "silicon/280"
    ]
}