{
    "planet":"端点星"//母星名字。
    "localizedName":"万里银滩"
	"description": "赤道大洋东部大洋的海岸，绵延万里。敌人在此处建立了漫长的防线，只为了防守这里的一条煤矿脉————端点星最大的煤矿脉",
    "sector": 16//区块坐标
    //"captureWave":25//胜利波次
    "difficulty":4//难度1一5
    "research": {
		"parent": "无垠城市",
		"objectives": [
            {
				"type": "SectorComplete",
				"preset": "无垠城市"
			}
			]}
}