{

	"deathExplosionEffect":"none",
    "weapons": [
        {
            "name":"顽冥1",
            "reload": 200,
            "y": -19,
            "x": 0,
            "shootY": 23.5,
            "layerOffset":0.01,
            "rotate": true,
            "mirror":false,
            "rotateSpeed": 1.2,
            "shake": 3.6,
            "shootSound": "railgun",
            "bullet": {
                "type": "ArtilleryBulletType",
                "splashDamageRadius": 120,
                "splashDamage": 1200,
                "scaledSplashDamage": true,
                "scaleLife": true,
                "sprite": "large-orb",
                "lifetime": 24,
                "speed": 20,
                "width": 24,
                "height": 24,
                "shrinkX": 0,
                "shrinkY": 0,
                "hitShake": 28,
                "backColor": "FF5B5B",
                "frontColor": "FFFFFF",
                "reflectable": false,
                "hittable": false,
                "absorbable": false,
                "collidesAir": true,
                "trailChance": 0,
                "trailInterval":2,
                "trailEffect": {
                    "type":"MultiEffect",
                    "effects":[
                        {
                            "type": "WaveEffect",
                            "interp":"circleOut",
                            "lifetime": 20,
                            "sizeFrom": 4,
                            "sizeTo": 20,
                            "strokeFrom": 2,
                            "strokeTo": 0,
                            "colorFrom": "FF5B5B",
                            "colorTo": "FF5B5B"
                        },
                        {
                            "type":"ParticleEffect",
                            "particles":7,
                            "line":true,
                            "strokeFrom":3,
                            "strokeTo":0,
                            "lenFrom":12,
                            "lenTo":16,
                            "length":24,
                            "baseLength":0,
                            "lifetime":20,
                            "colorFrom": "FF5B5B",
                            "colorTo": "FF5B5B"
                        }
                    ]
                    
                },
                "trailLength": 20,
                "trailWidth": 6,
                "trailColor": "FF5B5B",
                "bulletInterval": 3,
                "intervalBullets": 1,
                "intervalBullet": {
                    "type": "EmpBulletType",
                    "sprite": "饱和火力-海胆",
                    "hitSound": "spark",
                    "speed": 0,
                    "instantDisappear": true,
                    "reflectable": false,
                    "hittable": false,
                    "absorbable": false,
                    "pierceArmor": true,
                    "damage": 280,
                    "fragBullets": 8,
                    "fragBullet":{
                        "type": "LightningBulletType",
                        "status": "shocked",
                        "hitColor": "FF5B5B",
                        "hitEffect": "hitBulletColor",
                        "despawnEffect": "none",
                        "lightningColor": "FF5B5B",
                        "hitSound": "spark",
                        "damage": 120,
                        "lightningLength": 10,
                        "lightningLengthRand": 4,
                        "lightningType": {
                            "instantDisappear": true,
                            "lightning": 2,
                            "lightningDamage": 32,
                            "lightningLength": 2,
                            "lightningLengthRand": 2,
                            "hittable": false,
                            "hitColor": "FF5B5B",
                            "hitEffect": "hitBulletColor",
                            "despawnEffect": "none",
                            "lightningColor": "FF5B5B",
                            "hitSound": "spark",
                            "status": "shocked"
                        }
                    },
                    "timeIncrease": 1,
                    "powerDamageScl": 1.5,
                    "powerSclDecrease": 0.67,
                    "unitDamageScl": 1.25,
                    "radius": 100,
                    "hitUnits": true,
                    "scaleLife": true,
                    "status": "shocked",
                    "frontColor": "FF5B5B",
                    "backColor": "FF5B5B",
                    "despawnEffect": "none",
                    "hitPowerEffect": {
                        "type": "ParticleEffect",
                        "particles": 12,
                        "line": true,
                        "length": 72,
                        "baseLength": 12,
                        "lifetime": 24,
                        "colorFrom": "FF5B5B",
                        "colorTo": "FFFFFF"
                    },
                    "applyEffect": "none"
                },
                "despawnEffect": {
                    "type": "MultiEffect",
                    "effects": [
                        {
                            "type": "WaveEffect",
                            "lifetime": 15,
                            "sizeFrom": 0,
                            "sizeTo": 200,
                            "interp":"pow10Out",
                            "strokeFrom": 2,
                            "strokeTo": 5,
                            "colorFrom": "FF5B5BAA",
                            "colorTo": "FF5B5B"
                        },
                        {
                            "type": "WaveEffect",
                            "startDelay": 14,
                            "lifetime": 81,
                            "sizeFrom": 200,
                            "sizeTo": 210,
                            "interp":"pow10In",
                            "strokeFrom": 5,
                            "strokeTo": 0,
                            "colorFrom": "FF5B5B",
                            "colorTo": "FF5B5B00"
                        }
                    ]
                },
                "hitEffect": {
                    "type": "MultiEffect",
                    "effects": [
                        {
                            "type": "WaveEffect",
                            "lifetime": 45,
                            "sizeFrom": 0,
                            "sizeTo": 200,
                            "strokeFrom": 12,
                            "strokeTo": 0,
                            "colorFrom": "FF5B5B",
                            "colorTo": "FF5B5BAA"
                        },
                        {
                            "type": "ParticleEffect",
                            "particles": 1,
                            "sizeFrom": 200,
                            "sizeTo": 0,
                            "sizeInterp": "pow5In",
                            "length": 0,
                            "baseLength": 0,
                            "lifetime": 60,
                            "colorFrom": "FF5B5BAA",
                            "colorTo": "FF5B5B00"
                        },
                        {
                            "type": "ParticleEffect",
                            "region":"饱和火力-菱形",
                            "particles": 24,
                            "sizeFrom": 20,
                            "interp": "pow3Out",
                            "sizeInterp": "fastSlow",
                            "sizeTo": 0,
                            "length": 200,
                            "baseLength": 0,
                            "lifetime": 120,
                            "colorFrom": "FF5B5B",
                            "colorTo": "FF5B5BAA"
                        },
                        {
                            "type": "ParticleEffect",
                            "particles": 18,
                            "sizeFrom": 16,
                            "sizeTo": 0,
                            "interp": "pow10Out",
                            "sizeInterp": "pow5In",
                            "length": 200,
                            "baseLength": 0,
                            "lifetime": 120,
                            "colorFrom": "FF5B5B",
                            "colorTo": "FF5B5B99"
                        }
                    ]
                },
                "fragLifeMin": 0.5,
                "fragBullets": 40,
                "fragBullet": {
                    "width": 0,
                    "height": 0,
                    "collides": false,
                    "hittable": false,
                    "absorbable": false,
                    "status": "饱和火力-碎解",
                    "statusDuration": 120,
                    "hitEffect": { 
                    "type": "MultiEffect",
                    "effects": [
                        {            
                        "type": "ParticleEffect",
                        "particles": 1,
                        "sizeFrom": 18,
                        "sizeTo": 0,
                        "length": 0,
                        "baseLength": 0,
                        "lifetime": 30,
                        "colorFrom": "FF5B5BAA",
                        "colorTo": "FF5B5B00"
                    },
                    {            
                    "type": "ParticleEffect",
                    "region":"饱和火力-菱形",
                    "particles": 4,
                    "sizeFrom": 10,
                    "interp": "pow5Out",
                    "sizeInterp": "fastSlow",
                    "sizeTo": 0,
                    "length": 48,
                    "baseLength": 0,
                    "lifetime": 72,
                    "colorFrom": "FF5B5B",
                    "colorTo": "FF5B5BAA"
                } 
            ]
        },
        "despawnEffect": {
            "type": "WaveEffect",
            "lifetime": 20,
            "sizeFrom": 0,
            "sizeTo": 40,
            "strokeFrom": 2,
            "strokeTo": 0,
            "colorFrom": "FF5B5B",
            "colorTo": "FF5B5B"                       
        },
        "hitShake": 3,
        "hitSound": "plasmaboom",
        "speed": 2.5,
        "lifetime": 80,
        "lightningDamage": 152,
        "lightning": 8,
        "lightningLength": 12,
        "lightningColor": "FF5B5B",
        "lightningType": {
            "instantDisappear": true,
            "lightning": 1,
            "lightningDamage": 42,
            "lightningLength": 2,
            "lightningLengthRand": 2,
            "hittable": false,
            "hitColor": "FF5B5B",
            "hitEffect": "hitBulletColor",
            "despawnEffect": "none",
            "lightningColor": "FF5B5B",
            "hitSound": "spark",
            "status": "shocked"
        },
        "splashDamageRadius": 40,
        "splashDamage": 275,
        "buildingDamageMultiplier": 0.7,
        "scaledSplashDamage": true
    }
}
},
{
    "name":"顽冥-磁暴",
    "reload": 600,
    "y": 0,
    "x": 0,
    "shootY": 23.5,
    "shootCone": 360,
    "rotate": false,
    "controllable": false,
    "autoTarget": true,
    "rotateSpeed": 1.2,
    "shake": 3.6,
    "shootSound": "railgun",
    "bullet": {
        "type": "BasicBulletType",
        "damage": 0,
        "speed": 200,
        "lifetime": 1,
        "instantDisappear": true,
        "shootEffect": {           
        "type": "WaveEffect",
        "lifetime": 90,
        "sizeFrom": 0,
        "sizeTo": 200,
        "interp":"pow5Out",
        "strokeFrom": 12,
        "strokeTo": 0,
        "colorFrom": "FF5B5B",
        "colorTo": "FF5B5BAA"
        
    },
    "smokeEffect": "none",
    "splashDamageRadius": 200,
    "splashDamage": 0.1,
    "splashDamagePierce": true,
    "buildingDamageMultiplier": 0,
    "hitEffect": "none",
    "despawnEffect": "none",
    "statusDuration": 720,
    "status": "饱和火力-虚弱"
}
},
{
    "name":"顽冥-雷场",
    "rotate": false,
    "baseRotation": 120,
    "x": -23.75,
    "y": -25.5,
    "shootSound": "missileSmall",
    "shootWarmupSpeed": 0.096,
    "minWarmup": 0.98,
    "recoil": 0,
    "shootY": 5.25,
    "reload": 120,
    "shootCone": 360,
    "shoot": {
        "type": "ShootBarrel",
        "barrels": [
            -2,6,0,
            2,6,0
        ],
        "shots": 5,
        "shotDelay": 10
    },
    "bullet": {
        "keepVelocity": false,
        "speed": 0,
        "maxRange": 480,
        "shootEffect": "shootTitan",
        "smokeEffect": "shootBigSmoke",
        "spawnUnit": "饱和火力-顽冥-雷"
    } 
},
{
    "name":"顽冥2",
    "x": 20,
    "y": 14,
    "shootSound": "lancerLaserShoot",
    "rotate": true,
    "rotateSpeed": 3,
    "recoil": 0.5,
    "shootY": 5,
    "reload": 45,
    "controllable": false,
    "autoTarget": true,
    "shoot": {
        "firstShotDelay": 10,
        "shots": 3,
        "shotDelay": 10
    },
    "bullet": {       
    "type": "LaserBulletType",
    "collidesAir": true,
    "pierceArmor": true,
    "despawnEffect": "none",
    "lightningSpacing": 22,
    "lightningLength": 7,
    "lightningDelay": 0.5,
    "lightningLengthRand": 1,
    "lightningAngleRand": 15,
    "lightningDamage": 36,
    "lightningColor": "FF5B5B",
    "colors": [
        "C93B3BFF",
        "FF5B5BFF",
        "FFFFFF"
    ],
    "damage": 342,
    "lifesteal": 0.4,
    "width": 12,
    "length": 360,
    "lifetime": 24
} 
		},
		{
			"name": "偏袒5",
			"reload": 60,
			"shootCone": 360,
			"display": false,
			"rotate": false,
			"ejectEffect": "none",
			"shootSound": "DBZ1",
			"mirror": false,
			"shootOnDeath": true,
			"noAttack": true,
			"controllable": false,
			"autoTarget": false,
			"shoot": {
				"shots": 2
			},
			"bullet": {
				"type": "BasicBulletType",
				"hitSound": "DBZ1",
				"scaledSplashDamage": true,
				"killShooter": true,
				"splashDamage": 7300,
				"splashDamageRadius": 225,
				"collides": false,
				"pierce": true,
				"pierceBuilding": true,
				"pierceArmor": true,
				"instantDisappear": true,
				"hittable": false,
				"absorbable": false,
				"makeFire": true,
				"hitShake": 88,
				"lifetime": 20,
				"speed": 6,
				"hitEffect": {
					"type": "MultiEffect",
					"effects": [
						{
							"type": "ParticleEffect",
							"particles": 1,
							"startDelay": 8,
							"sizeFrom": 0,
							"sizeTo": 230,
							"length": 0,
							"baseLength": 0,
							"lifetime": 9,
							"colorFrom": "FFFFFF00",
							"colorTo": "FF5B5B"
						},
						{
							"type": "ParticleEffect",
							"particles": 1,
							"startDelay": 16,
							"sizeFrom": 230,
							"sizeTo": 0,
							"length": 0,
							"baseLength": 0,
							"lifetime": 129,
							"colorFrom": "FF5B5B",
							"colorTo": "FF5B5B99"
						},
						{
							"type": "ParticleEffect",
							"particles": 23,
							"sizeFrom": 23,
							"sizeTo": 0,
							"interp": "pow10Out",
							"sizeInterp": "pow10In",
							"length": 200,
							"baseLength": 0,
							"lifetime": 185,
							"colorFrom": "FFFFFF",
							"colorTo": "FF5B588A6"
						},
						{
							"type": "ParticleEffect",
							"particles": 23,
							"sizeFrom": 23,
							"sizeTo": 0,
							"interp": "pow10Out",
							"sizeInterp": "pow10In",
							"startDelay": 30,
							"length": 225,
							"baseLength": 0,
							"lifetime": 185,
							"colorFrom": "FFFFFF",
							"colorTo": "FF5B588A6"
						},
						{
							"type": "ParticleEffect",
							"particles": 23,
							"sizeFrom": 23,
							"sizeTo": 0,
							"interp": "pow10Out",
							"sizeInterp": "pow10In",
							"startDelay": 45,
							"length": 250,
							"baseLength": 0,
							"lifetime": 185,
							"colorFrom": "FFFFFF",
							"colorTo": "FF5B588A6"
						},
						{
							"type": "WaveEffect",
							"lifetime": 96,
							"sizeFrom": 0,
							"sizeTo": 250,
							"strokeFrom": 30,
							"strokeTo": 0,
							"interp": "circleOut",
							"colorFrom": "EEC591",
							"colorTo": "FF5B5B"
						},
						{
							"type": "WaveEffect",
							"lifetime": 46,
							"sizeFrom": 0,
							"sizeTo": 240,
							"strokeFrom": 25,
							"strokeTo": 0,
							"colorFrom": "EEC591",
							"colorTo": "FF5B5B"
						},
						{
							"type": "WaveEffect",
							"lifetime": 46,
							"startDelay": 11,
							"sizeFrom": 0,
							"sizeTo": 240,
							"strokeFrom": 25,
							"strokeTo": 0,
							"colorFrom": "EEC591",
							"colorTo": "FF5B5B"
						},
						{
							"type": "WaveEffect",
							"lifetime": 46,
							"startDelay": 22,
							"sizeFrom": 0,
							"sizeTo": 240,
							"strokeFrom": 25,
							"strokeTo": 0,
							"colorFrom": "EEC591",
							"colorTo": "FF5B5B"
						}
					]
				},
				"despawnEffect": {
					"type": "ExplosionEffect",
					"lifetime": 128,
					"waveStroke": 9,
					"waveLife": 20,
					"waveRadBase": 7,
					"waveColor": "FF5B588",
					"waveRad": 300,
					"smokes": 60,
					"smokeColor": "E3E3E3",
					"sparkColor": "FF5B588",
					"sparks": 73,
					"sparkRad": 350,
					"sparkStroke": 3,
					"sparkLen": 64
				},
				"hitSound": "DBZ1",
				"width": 0,
				"height": 0
			}
		}
	{"name":"none",
		"x":0,"y":0,
		"shootY":32,
		"mirror":false,
		"alternate":false,
		"baseRotation":180,
		"shootCone":360,
		"rotate":false,
		"recoil":0,
		"shootSound":"none",
		"alwaysShooting":true,
		"alwaysContinuous":true,

		"bullet":{
		"type":"ContinuousFlameBulletType",
		"colors":["F33304A0","F33304B8","FEAF1FCC","FCBE11","FEFF5F"],
		"damage":3,
		"width":20,"length":100,
		"drawFlare":false,
		"recoil":0.2,
	}	}	]
}