{
	"deathExplosionEffect":"none",

	"weapons": [
		{
			"name": "雷炮1",
			"x": 24,
			"y": -11,
			"reload": 20,
			"shootStatus": "shielded",
			"shootStatusDuration": 60,
			"inaccuracy": 10,
			"rotate": true,
			"layerOffset": -20,
			"shootSound": "laser",
			"shootY": 6,
			"bullet": {
				"type": "BasicBulletType",
				"speed": 11,
				"lifetime": 33,
				"width": 14,
				"height": 18,
				"frontColor": "FF5B5B",
				"backColor": "FF5B5B",
				"trailLength": 11,
				"trailWidth": 3,
				"trailColor": "FF5B5BA0",
				"hitShake": 4,
				"trailInterval": 1,
				"trailRotation": true,
				"trailEffect": {
					"type": "ParticleEffect",
					"particles": 3,
					"interp": "pow10Out",
					"line": true,
					"lenFrom": 18,
					"lenTo": 0,
					"strokeFrom": 1.5,
					"strokeTo": 1,
					"length": -45,
					"baseLength": 0,
					"lifetime": 40,
					"colorFrom": "FF5B5B",
					"colorTo": "FF5B5B",
					"cone": 13
				},
				"shootEffect": "shootBig2",
				"smokeEffect": {
					"type": "ParticleEffect",
					"particles": 9,
					"interp": "pow5Out",
					"sizeFrom": 3,
					"sizeTo": 0,
					"length": 45,
					"baseLength": 0,
					"lifetime": 30,
					"colorFrom": "FF5B5B",
					"colorTo": "FF5B5B",
					"cone": 13
				},
				"hitSound": "DBZ1",
				"hitSoundPitch": 4,
				"hitSoundVolume": 0.5,
				"hitEffect": {
					"type": "MultiEffect",
					"effects": [
						{
							"type": "ExplosionEffect",
							"lifetime": 28,
							"waveStroke": 6,
							"waveLife": 16,
							"waveRadBase": 3,
							"waveColor": "FF5B5B",
							"waveRad": 50,
							"smokes": 0,
							"sparkColor": "FF5B5B",
							"sparks": 10,
							"sparkRad": 50,
							"sparkStroke": 1.5,
							"sparkLen": 4
						},
						{
							"type": "ParticleEffect",
							"particles": 5,
							"sizeFrom": 5,
							"sizeTo": 0,
							"length": 38,
							"baseLength": 8,
							"interp": "circleOut",
							"sizeInterp": "circleOut",
							"lifetime": 28,
							"colorFrom": "FF5B5B",
							"colorTo": "E3E3E3"
						}
					]
				},
				"despawnEffect": "none",
				"damage": 28,
				"splashDamageRadius": 45,
				"splashDamage": 56,
				"status": "饱和火力-碎解",
				"statusDuration": 60,
				"pierceArmor": true,
				"hittable":false,
				"absorbable":false,
				"lightningColor": "FF5B5B",
				"lightningDamage": 48,
				"lightning": 2,
				"lightningLength": 8,
				"lightningLengthRand": 8,
				"fragBullets": 5,
				"fragRandomSpread": 0,
				"fragSpread": 12,
				"fragBullet": {
					"type": "LightningBulletType",
					"status": "slow",
					"statusDuration": 60,
					"hitColor": "FF5B5B",
					"hitEffect": "hitLancer",
					"despawnEffect": "none",
					"lightningColor": "FF5B5B",
					"hitSound": "spark",
					"damage": 38,
					"lightning": 1,
					"lightningLength": 16,
					"lightningLengthRand": 8,
					"lightningType": {
						"instantDisappear": true,
						"lightningDamage": 15,
						"lightningLength": 4,
						"lightningLengthRand": 2,
						"collidesTeam": true,
						"hittable": false,
						"hitColor": "FF5B5B",
						"hitEffect": "hitLancer",
						"despawnEffect": "none",
						"lightningColor": "FF5B5B",
						"hitSound": "spark",
						"status": "shocked"
					}
				}
			}
		},
		{
			"name": "雷炮2",
			"x": 0,
			"reload": 200,
			"recoil": 0,
			"heatColor": "FF5555",
			"cooldownTime": 160,
			"inaccuracy": 0,
			"rotate": false,
			"mirror":false,
			"shootSound": "laserblast",
			"shootY": 10,
			"shoot": {
				"type": "ShootPattern",
				"firstShotDelay": 30
			},
			"bullet": {
				"shootEffect": {
					"type": "ParticleEffect",
					"particles": 14 ,
					"sizeFrom": 5,
					"sizeTo": 0,
					"interp": "pow5Out",
					"sizeInterp": "pow5In",
					"length": 52,
					"baseLength": 0,
					"lifetime": 45,
					"colorFrom": "FF5B5B",
					"colorTo": "FF5B5B",
					"cone": 48
				},
				"type": "BasicBulletType",
				"damage": 125,
				"splashDamageRadius": 72,
				"splashDamage": 96,
				"buildingDamageMultiplier": 3,
				"lightningDamage": 50,
				"lightning": 4,
				"lightningLength": 9,
				"lightningLengthRand": 3,
				"lightningColor": "FF5B5B",
				"speed": 3,
				"status": "饱和火力-碎解",
				"statusDuration": 90,
				"lifetime": 144,
				"pierce": true,
				"pierceArmor": true,
				"hittable":false,
				"absorbable":false,
				"homingRange": 120,
				"homingDelay": 40,
				"homingPower": 0.015,
				"width": 38,
				"height": 38,
				"spin": 10,
				"shrinkX": 0,
				"shrinkY": 0,
				"ammoMultiplier": 6,
				"sprite": "mine-bullet",
				"backColor": "FF5B5B",
				"frontColor": "FFFFFF",
				"trailChance": 1,
				"trailEffect": {
					"type": "ParticleEffect",
					"particles": 4,
					"length": 10,
					"baseLength": 3,
					"lifetime": 60,
					"interp": "pow10Out",
					"sizeInterp": "pow5In",
					"colorFrom": "FF5B5B70",
					"colorTo": "FF5B5B70",
					"sizeFrom": 2.3,
					"sizeTo": 0
				},
				"chargeEffect": {
					"type":"MultiEffect",
					"effects":[
						{
							"type": "WaveEffect",
							"interp":"circleOut",
							"lifetime": 30,
							"sizeFrom": 50,
							"sizeTo": 0,
							"strokeFrom": 0,
							"strokeTo": 3,
							"colorFrom": "FF5B5B90",
							"colorTo": "FF5B5B"
						},
						{
							"type": "ParticleEffect",
							"particles": 12,
							"strokeFrom": 6,
							"strokeTo": 0,
							"line": true,
							"interp": "pow5In",
							"sizeInterp": "pow5Out",
							"lenFrom": 6,
							"lenTo": 0,
							"length": 80,
							"baseLength": -40,
							"lifetime": 30,
							"colorFrom": "FF5B5B90",
							"colorTo": "FF5B5B"
						}
					]
				},
				"smokeEffect": {
					"type": "ParticleEffect",
					"particles": 20,
					"line": true,
					"strokeFrom": 2,
					"strokeTo": 0,
					"lenFrom": 16,
					"lenTo": 8,
					"length": 36,
					"baseLength": 3,
					"lifetime": 12,
					"colorFrom": "FFE176",
					"colorTo": "FFE176",
					"cone": 40
				},
				"hitShake": 5,
				"hitSound": "plasmaboom",
				"hitSoundVolume": 3,
				"hitEffect": {
					"type": "MultiEffect",
					"effects": [
						{
							"type": "ParticleEffect",
							"particles": 23,
							"sizeFrom": 8,
							"sizeTo": 0,
							"length": 60,
							"baseLength": 25,
							"lifetime": 55,
							"colorFrom": "FF5B5B",
							"colorTo": "ffffff"
						},
						{
							"type": "WaveEffect",
							"lifetime": 18,
							"sizeFrom": 1,
							"sizeTo": 80,
							"strokeFrom": 6,
							"strokeTo": 0,
							"colorFrom": "FF5B5B",
							"colorTo": "FFFFFF"
						}
					]
				},
				"despawnEffect": "none",
				"bulletInterval": 3,
				"intervalBullets": 2,
				"intervalBullet": {
					"type": "LightningBulletType",
					"status": "shocked",
					"hitColor": "FF5B5B",
					"hitEffect": "hitLancer",
					"despawnEffect": "none",
					"lightningColor": "FF5B5B",
					"hitSound": "spark",
					"damage": 42,
					"lightningLength": 8,
					"lightningLengthRand": 5,
					"lightningType": {
						"instantDisappear": true,
						"lightning": 2,
						"lightningDamage": 20,
						"lightningLength": 0,
						"lightningLengthRand": 3,
						"collidesTeam": true,
						"hittable": false,
						"hitColor": "FF5B5B",
						"hitEffect": "hitLancer",
						"despawnEffect": "none",
						"lightningColor": "FF5B5B",
						"hitSound": "spark",
						"status": "shocked"
					}
				},
				"fragBullets": 3,
				"fragLifeMin": 0.8,
				"fragBullet":{
					"smokeEffect": "none",
					"despawnEffect": "none",
					"hitEffect": {
						"type": "MultiEffect",
						"effects": [
							{
								"type": "ParticleEffect",
								"particles": 9,
								"sizeFrom": 8,
								"sizeTo": 0,
								"length": 65,
								"baseLength": 9,
								"lifetime": 15,
								"colorFrom": "FF5B5B",
								"colorTo": "FFFFFF",
								"cone": 40
							},
							{
								"type": "WaveEffect",
								"lifetime": 10,
								"sizeFrom": 2,
								"sizeTo": 40,
								"strokeFrom": 5,
								"strokeTo": 0,
								"colorFrom": "FF5B5B",
								"colorTo": "FF5B5B"
							}
						]
					},
					"hitSound": "plasmaboom",
					"shrinkY": 0,
					"width": 32,
					"height": 32,
					"spin": 20,
					"hitSize": 18,
					"sprite": "large-bomb",
					"frontColor": "FFFFFF",
					"backColor": "FF5B5B",
					"trailLength": 13,
					"trailWidth": 4,
					"trailColor": "FF5B5B",
					"speed": 2.5,
					"lifetime": 40,
					"drag": -0.05,
					"damage": 40,
					"splashDamageRadius": 30,
					"splashDamage": 20,
					"homingRange": 50,
					"homingDelay": 5,
					"homingPower": 0.1,
					"pierce": true,
					"pierceBuilding": true,
					"pierceCap": 3,
					"buildingDamageMultiplier":1.67,
					"status": "饱和火力-碎解",
					"statusDuration": 20,
					"bulletInterval": 5,
					"intervalBullets": 4,
					"intervalRandomSpread": 360,
					"intervalSpread": 16,
					"intervalAngle": 0,
					"intervalBullet": {
						"type": "LightningBulletType",
						"damage": 20,
						"lightningColor": "FF5B5BFAA",
						"hitColor": "FF5B5BAA",
						"lightningLength": 5,
						"lightningLengthRand": 4,
						"hitEffect": "hitLancer",
						"despawnEffect": "none",
						"status": "shocked",
						"statusDuration": 10
					}
				}	
			}
		},
		{
			"name": "偏袒5",
			"reload": 60,
			"shootCone": 360,
			"display": false,
			"rotate": false,
			"ejectEffect": "none",
			"shootSound": "DBZ1",
			"mirror": false,
			"shootOnDeath": true,
			"noAttack": true,
			"controllable": false,
			"autoTarget": false,
			"shoot": {
				"shots": 2
			},
			"bullet": {
				"type": "BasicBulletType",
				"hitSound": "DBZ1",
				"scaledSplashDamage": true,
				"killShooter": true,
				"splashDamage": 7300,
				"splashDamageRadius": 225,
				"collides": false,
				"pierce": true,
				"pierceBuilding": true,
				"pierceArmor": true,
				"instantDisappear": true,
				"hittable": false,
				"absorbable": false,
				"makeFire": true,
				"hitShake": 88,
				"lifetime": 20,
				"speed": 6,
				"hitEffect": {
					"type": "MultiEffect",
					"effects": [
						{
							"type": "ParticleEffect",
							"particles": 1,
							"startDelay": 8,
							"sizeFrom": 0,
							"sizeTo": 230,
							"length": 0,
							"baseLength": 0,
							"lifetime": 9,
							"colorFrom": "FFFFFF00",
							"colorTo": "FF5B5B"
						},
						{
							"type": "ParticleEffect",
							"particles": 1,
							"startDelay": 16,
							"sizeFrom": 230,
							"sizeTo": 0,
							"length": 0,
							"baseLength": 0,
							"lifetime": 129,
							"colorFrom": "FF5B5B",
							"colorTo": "FF5B5B99"
						},
						{
							"type": "ParticleEffect",
							"particles": 23,
							"sizeFrom": 23,
							"sizeTo": 0,
							"interp": "pow10Out",
							"sizeInterp": "pow10In",
							"length": 200,
							"baseLength": 0,
							"lifetime": 185,
							"colorFrom": "FFFFFF",
							"colorTo": "FF5B588A6"
						},
						{
							"type": "ParticleEffect",
							"particles": 23,
							"sizeFrom": 23,
							"sizeTo": 0,
							"interp": "pow10Out",
							"sizeInterp": "pow10In",
							"startDelay": 30,
							"length": 225,
							"baseLength": 0,
							"lifetime": 185,
							"colorFrom": "FFFFFF",
							"colorTo": "FF5B588A6"
						},
						{
							"type": "ParticleEffect",
							"particles": 23,
							"sizeFrom": 23,
							"sizeTo": 0,
							"interp": "pow10Out",
							"sizeInterp": "pow10In",
							"startDelay": 45,
							"length": 250,
							"baseLength": 0,
							"lifetime": 185,
							"colorFrom": "FFFFFF",
							"colorTo": "FF5B588A6"
						},
						{
							"type": "WaveEffect",
							"lifetime": 96,
							"sizeFrom": 0,
							"sizeTo": 250,
							"strokeFrom": 30,
							"strokeTo": 0,
							"interp": "circleOut",
							"colorFrom": "EEC591",
							"colorTo": "FF5B5B"
						},
						{
							"type": "WaveEffect",
							"lifetime": 46,
							"sizeFrom": 0,
							"sizeTo": 240,
							"strokeFrom": 25,
							"strokeTo": 0,
							"colorFrom": "EEC591",
							"colorTo": "FF5B5B"
						},
						{
							"type": "WaveEffect",
							"lifetime": 46,
							"startDelay": 11,
							"sizeFrom": 0,
							"sizeTo": 240,
							"strokeFrom": 25,
							"strokeTo": 0,
							"colorFrom": "EEC591",
							"colorTo": "FF5B5B"
						},
						{
							"type": "WaveEffect",
							"lifetime": 46,
							"startDelay": 22,
							"sizeFrom": 0,
							"sizeTo": 240,
							"strokeFrom": 25,
							"strokeTo": 0,
							"colorFrom": "EEC591",
							"colorTo": "FF5B5B"
						}
					]
				},
				"despawnEffect": {
					"type": "ExplosionEffect",
					"lifetime": 128,
					"waveStroke": 9,
					"waveLife": 20,
					"waveRadBase": 7,
					"waveColor": "FF5B588",
					"waveRad": 300,
					"smokes": 60,
					"smokeColor": "E3E3E3",
					"sparkColor": "FF5B588",
					"sparks": 73,
					"sparkRad": 350,
					"sparkStroke": 3,
					"sparkLen": 64
				},
				"hitSound": "DBZ1",
				"width": 0,
				"height": 0
			}
		}
	]
}