{

	"deathExplosionEffect":"none",
	"weapons": [
		{
			"name": "偏袒2",
			"reload": 208.12,
			"shootStatusDuration": 219.12,
			"shootStatus": "饱和火力-强攻",
			"x": 0,
			"y": 0,
			"cooldownTime": 130,
			"rotate": true,
			"rotateSpeed": 2.3,
			"recoil": 3,
			"mirror": false,
			"inaccuracy": 0,
			"shootSound": "mediumCannon",
			"shake": 8.6,
			"parts": [
				{
					"type": "RegionPart",
					"mirror": true,
					"x": 0,
					"y": 0,
					"suffix": "-管",
					"progress": "recoil",
					"heatProgress": "recoil",
					"under": true,
					"moveY": -4
				}
			],
			"shootY": 29,
			"bullet": {
				"damage": 104,
				"splashDamage": 300,
				"splashDamageRadius": 66,
				"lightningColor": "EEC591",
				"lightningDamage": 87,
				"lightning": 3,
				"lightningLength": 9,
				"lightningLengthRand": 15,
				"buildingDamageMultiplier": 5.25,
				"sprite": "missile-large",
				"width": 10,
				"height": 20,
				"speed": 9,
				"lifetime": 43,
				"drag": -0.016,
				"pierceArmor": true,
				"hittable": false,
				"absorbable": false,
				"reflectable": false,
				"status": "饱和火力-崩溃",
				"statusDuration": 206,
				"frontColor": "FFFFFF",
				"backColor": "EEC591",
				"trailLength": 10,
				"trailWidth": 4,
				"trailColor": "EEC591",
				"shrinkY": 0,
				"hitSound": "explosion",
				"hitSoundVolume": 6,
				"hitShake": 8,
				"hitEffect": {
					"type": "MultiEffect",
					"effects": [
						{
							"type": "ParticleEffect",
							"particles": 13,
							"sizeFrom": 8,
							"sizeTo": 0,
							"length": 60,
							"baseLength": 8,
							"interp": "pow10Out",
							"sizeInterp": "pow5In",
							"lifetime": 95,
							"colorFrom": "EEC59180",
							"colorTo": "EEC591"
						},
						{
							"type": "WaveEffect",
							"lifetime": 26,
							"sizeFrom": 5,
							"sizeTo": 70,
							"strokeFrom": 8,
							"strokeTo": 0,
							"colorFrom": "EEC591",
							"colorTo": "EEC591"
						},
						{
							"type": "WaveEffect",
							"lifetime": 26,
							"sizeFrom": 5,
							"sizeTo": 90,
							"strokeFrom": 11,
							"strokeTo": 0,
							"colorFrom": "EEC591",
							"colorTo": "EEC591"
						}
					]
				},
				"shootEffect": {
					"type": "ParticleEffect",
					"particles": 9,
					"interp": "pow5Out",
					"sizeInterp": "pow5In",
					"sizeFrom": 6,
					"sizeTo": 0,
					"length": 30,
					"baseLength": 0,
					"lifetime": 65,
					"colorFrom": "EEC591",
					"colorTo": "EEC59180",
					"cone": 18
				},
				"smokeEffect": {
					"type": "WaveEffect",
					"lifetime": 28,
					"sizeFrom": 0,
					"sizeTo": 30,
					"strokeFrom": 3,
					"strokeTo": 0,
					"colorFrom": "EEC591",
					"colorTo": "EEC591"
				},
				"despawnEffect": {
					"type": "ParticleEffect",
					"particles": 1,
					"sizeInterp": "pow5Out",
					"sizeFrom": 0,
					"sizeTo": 60,
					"length": 0,
					"baseLength": 0,
					"lifetime": 95,
					"colorFrom": "EEC591",
					"colorTo": "EEC59100"
				}
			},
			"ejectEffect": {
				"type": "MultiEffect",
				"effects": [
					{
						"type": "ParticleEffect",
						"particles": 12,
						"sizeFrom": 13,
						"sizeTo": 0,
						"length": 60,
						"baseLength": 0,
						"interp": "pow10Out",
						"sizeInterp": "pow5In",
						"layer": 60,
						"lifetime": 95,
						"colorFrom": "73737390",
						"colorTo": "73737390"
					},
					{
						"type": "WaveEffect",
						"lifetime": 18,
						"sizeFrom": 0,
						"sizeTo": 70,
						"strokeFrom": 48,
						"strokeTo": 16,
						"layer": 60,
						"interp": "circleOut",
						"colorFrom": "FFFFFF",
						"colorTo": "FFFFFF10"
					}
				]
			}
		},
		{
			"name": "偏袒5",
			"reload": 60,
			"shootCone": 360,
			"display": false,
			"rotate": false,
			"ejectEffect": "none",
			"shootSound": "DBZ1",
			"mirror": false,
			"shootOnDeath": true,
			"noAttack": true,
			"controllable": false,
			"autoTarget": false,
			"shoot": {
				"shots": 2
			},
			"bullet": {
				"type": "BasicBulletType",
				"hitSound": "DBZ1",
				"scaledSplashDamage": true,
				"killShooter": true,
				"splashDamage": 3300,
				"splashDamageRadius": 225,
				"collides": false,
				"pierce": true,
				"pierceBuilding": true,
				"pierceArmor": true,
				"instantDisappear": true,
				"hittable": false,
				"absorbable": false,
				"makeFire": true,
				"hitShake": 88,
				"lifetime": 20,
				"speed": 6,
				"hitEffect": {
					"type": "MultiEffect",
					"effects": [
						{
							"type": "ParticleEffect",
							"particles": 1,
							"startDelay": 8,
							"sizeFrom": 0,
							"sizeTo": 230,
							"length": 0,
							"baseLength": 0,
							"lifetime": 9,
							"colorFrom": "FFFFFF00",
							"colorTo": "FF5B5B"
						},
						{
							"type": "ParticleEffect",
							"particles": 1,
							"startDelay": 16,
							"sizeFrom": 230,
							"sizeTo": 0,
							"length": 0,
							"baseLength": 0,
							"lifetime": 129,
							"colorFrom": "FF5B5B",
							"colorTo": "FF5B5B99"
						},
						{
							"type": "ParticleEffect",
							"particles": 23,
							"sizeFrom": 23,
							"sizeTo": 0,
							"interp": "pow10Out",
							"sizeInterp": "pow10In",
							"length": 200,
							"baseLength": 0,
							"lifetime": 185,
							"colorFrom": "FFFFFF",
							"colorTo": "FF5B588A6"
						},
						{
							"type": "ParticleEffect",
							"particles": 23,
							"sizeFrom": 23,
							"sizeTo": 0,
							"interp": "pow10Out",
							"sizeInterp": "pow10In",
							"startDelay": 30,
							"length": 225,
							"baseLength": 0,
							"lifetime": 185,
							"colorFrom": "FFFFFF",
							"colorTo": "FF5B588A6"
						},
						{
							"type": "ParticleEffect",
							"particles": 23,
							"sizeFrom": 23,
							"sizeTo": 0,
							"interp": "pow10Out",
							"sizeInterp": "pow10In",
							"startDelay": 45,
							"length": 250,
							"baseLength": 0,
							"lifetime": 185,
							"colorFrom": "FFFFFF",
							"colorTo": "FF5B588A6"
						},
						{
							"type": "WaveEffect",
							"lifetime": 96,
							"sizeFrom": 0,
							"sizeTo": 250,
							"strokeFrom": 30,
							"strokeTo": 0,
							"interp": "circleOut",
							"colorFrom": "EEC591",
							"colorTo": "FF5B5B"
						},
						{
							"type": "WaveEffect",
							"lifetime": 46,
							"sizeFrom": 0,
							"sizeTo": 240,
							"strokeFrom": 25,
							"strokeTo": 0,
							"colorFrom": "EEC591",
							"colorTo": "FF5B5B"
						},
						{
							"type": "WaveEffect",
							"lifetime": 46,
							"startDelay": 11,
							"sizeFrom": 0,
							"sizeTo": 240,
							"strokeFrom": 25,
							"strokeTo": 0,
							"colorFrom": "EEC591",
							"colorTo": "FF5B5B"
						},
						{
							"type": "WaveEffect",
							"lifetime": 46,
							"startDelay": 22,
							"sizeFrom": 0,
							"sizeTo": 240,
							"strokeFrom": 25,
							"strokeTo": 0,
							"colorFrom": "EEC591",
							"colorTo": "FF5B5B"
						}
					]
				},
				"despawnEffect": {
					"type": "ExplosionEffect",
					"lifetime": 128,
					"waveStroke": 9,
					"waveLife": 20,
					"waveRadBase": 7,
					"waveColor": "FF5B588",
					"waveRad": 300,
					"smokes": 60,
					"smokeColor": "E3E3E3",
					"sparkColor": "FF5B588",
					"sparks": 73,
					"sparkRad": 350,
					"sparkStroke": 3,
					"sparkLen": 64
				},
				"hitSound": "DBZ1",
				"width": 0,
				"height": 0
			}
		}
	{"name":"none",
		"x":0,"y":0,
		"shootY":32,
		"mirror":false,
		"alternate":false,
		"baseRotation":180,
		"shootCone":360,
		"rotate":false,
		"recoil":0,
		"shootSound":"none",
		"alwaysShooting":true,
		"alwaysContinuous":true,

		"bullet":{
		"type":"ContinuousFlameBulletType",
		"colors":["F33304A0","F33304B8","FEAF1FCC","FCBE11","FEFF5F"],
		"damage":3,
		"width":10,"length":40,
		"drawFlare":false,
		"recoil":0.5,
	}	}	]
}