{

	"deathExplosionEffect":"none",
	"weapons": [
		{
			"name": "神渎1",
			"reload": 5.5,
			"shake": 3,
			"recoil": 2,
			"x": 52,
			"y": 0,
			"shootX":-1,
			"shootY": 48,
			"rotate": false,
			"top": false,
			"inaccuracy": 3,
			"shootSound": "flame",
			"alternate": true,
			"ejectEffect": "casing4",
			"shootCone": 35,
			"shoot": {
				"type":"ShootMulti",
				"source":{},
				"dest":[
			{"type":"ShootHelix",
			"scl":8,
			"mag":4,
			"shots":3},
			{"type":"ShootHelix",
			"scl":8,
			"mag":4,
			"firstShotDelay":3,
			"shots":3}
					]},
			"bullet": {
				"type": "BulletType",
				"lifetime": 12,
				"speed": 21,
				"knockback": 1,
				"damage": 210,
				"hitSize":56,
				"incendAmount": 3,
				"incendSpread": 8,
				"incendChance": 0.2,
				"hittable": false,
				"absorbable": false,
				"pierce": true,
				"makeFire": true,
				"pierceBuilding": true,
				"pierceArmor":true,
				"reflectable":false,
				"shootEffect": {
					"type": "MultiEffect",
					"effects": [
						{
							"type": "ParticleEffect",
							"particles": 10,
							"baseLength": 0,
							"length": 200,
							"lifetime": 46,
							"interp": "pow10Out",
							"sizeInterp":"pow5In",
							"sizeFrom": 6,
							"sizeTo": 0,
							"colorFrom": "FF5B5B",
							"colorTo": "FF5B5B",
							"cone": 10
						},
						{
							"type": "ParticleEffect",
							"particles": 10,
							"line": true,
							"strokeFrom": 1.9,
							"strokeTo": 0,
							"lenFrom": 24,
							"lenTo": 8,
							"length": 224,
							"baseLength": 0,
							"lifetime": 16,
							"colorFrom": "FFFFFF",
							"colorTo": "FFE176FF",
							"cone": 10
						}
					]
				},
				"smokeEffect": {
					"type": "ParticleEffect",
					"particles": 9,
					"baseLength": 0,
					"length": 230,
					"startDelay": 10,
					"lifetime": 55,
					"layer": 99,
					"interp": "pow10Out",
					"sizeInterp": "pow5In",
					"sizeFrom": 8,
					"sizeTo": 0,
					"colorFrom": "FF5B5BA8",
					"colorTo": "585858A8",
					"cone": 13
				},
				"hitEffect":{
					"type": "MultiEffect",
					"effects": [
						{
							"type": "ParticleEffect",
							"particles": 3,
							"baseLength": 0,
							"length": 16,
							"lifetime": 20,
							"interp": "pow10Out",
							"sizeInterp": "pow5In",
							"sizeFrom": 6,
							"sizeTo": 0,
							"colorFrom": "FF5B5B",
							"colorTo": "585858A8"
						},
						{
							"type": "ParticleEffect",
							"particles": 6,
							"line": true,
							"strokeFrom": 3,
							"strokeTo": 0,
							"lenFrom": 8,
							"lenTo": 24,
							"length": 54,
							"baseLength": 10,
							"interp": "pow5Out",
							"sizeInterp": "pow5In",
							"lifetime": 22,
							"colorFrom": "FFFFFF",
							"colorTo": "FFE176FF",
							"cone": 20
						}
					]},
				"despawnEffect": "none",
				"statusDuration": 600,
				"status": "饱和火力-殁火"
			}
		},
		{
			"name": "神渎2",
			"display": false,
			"reload": 0.6,
			"recoil": 2,
			"x": 51,
			"y": 0,
			"shootY": 48,
			"rotate": false,
			"inaccuracy": 8,
			"shootSound": "torch",
			"soundPitchMin": 1.8,
			"soundPitchMax": 1.8,
			"alternate": true,
			"shootCone": 35,
			"xRand":6,
			"shoot": {
				"shots": 6,
				"shotDelay":2
			},
			"bullet": {
				"hitSize": 35,
				"reflectable":false,
				"type": "LiquidBulletType",
				"layer":98,
				"puddleRange":22,
				"puddleAmount":10,
				"puddleSize": 16,
				"hitEffect": {
					"type": "ParticleEffect",
					"particles": 3,
					"interp": "pow5Out",
					"sizeFrom": 5,
					"sizeTo": 0,
					"length": 15,
					"baseLength": 0,
					"lifetime": 18,
					"colorFrom": "313131",
					"colorTo": "313131"
				},
				"orbSize": 6.62,
				"liquid": "饱和火力-硝化重油",
				"status": "饱和火力-油蚀",
				"statusDuration": 600,
				"lifetime": 25,
				"speed": 12,
				"knockback": 1.3,
				"absorbable": false,
				"damage": 3.86,
				"splashDamage": 28,
				"splashDamageRadius": 26
			}
		},
		{
			"name": "神渎0",
			"display": false,
			"reload": 550,
			"x": 0,
			"y": 19,
			"shootStatusDuration": 96,
			"shootStatus": "饱和火力-强攻",
			"shoot": {
				"type": "ShootPattern",
				"firstShotDelay": 86
			},
			"shake": 2,
			"recoil": 2,
			"rotate": false,
			"mirror": false,
			"shootSound": "titanExplosion",
			"inaccuracy": 0,
			"bullet": {
				"type": "BasicBulletType",
				"chargeEffect": {
					"type": "MultiEffect",
					"effects": [
						{
							"type": "WaveEffect",
							"lifetime": 54,
							"sizeFrom": 90,
							"sizeTo": 20,
							"strokeFrom": 0,
							"strokeTo": 8,
							"colorFrom": "FFFFFF",
							"colorTo": "FF5B5B"
						},
						{
							"type": "ParticleEffect",
							"particles": 1,
							"baseLength": 0,
							"length": 0,
							"lifetime": 86,
							"sizeFrom": 0,
							"sizeTo": 20,
							"colorFrom": "FF5B5B",
							"colorTo": "FF5B5B"
						},
						{
							"type": "ParticleEffect",
							"particles": 1,
							"startDelay": 86,
							"baseLength": 0,
							"length": 0,
							"lifetime": 33,
							"sizeFrom": 20,
							"sizeTo": 80,
							"sizeInterp": "pow10Out",
							"colorFrom": "FF5B5B",
							"colorTo": "FF5B5B00"
						},
						{
							"type": "ParticleEffect",
							"particles": 10,
							"baseLength": 96,
							"length": -96,
							"lifetime": 36,
							"interp": "pow5In",
							"sizeInterp": "pow10Out",
							"sizeFrom": 0,
							"sizeTo": 8,
							"colorFrom": "FF5B5B",
							"colorTo": "FF5B5B"
						},
						{
							"type": "ParticleEffect",
							"particles": 10,
							"baseLength": 96,
							"length": -96,
							"lifetime": 36,
							"startDelay": 10,
							"interp": "pow5In",
							"sizeInterp": "pow10Out",
							"sizeFrom": 0,
							"sizeTo": 8,
							"colorFrom": "FF5B5B",
							"colorTo": "FF5B5B"
						},
						{
							"type": "ParticleEffect",
							"particles": 10,
							"baseLength": 96,
							"length": -96,
							"lifetime": 36,
							"startDelay": 20,
							"interp": "pow5In",
							"sizeInterp": "pow10Out",
							"sizeFrom": 0,
							"sizeTo": 8,
							"colorFrom": "FF5B5B",
							"colorTo": "FF5B5B"
						},
						{
							"type": "ParticleEffect",
							"particles": 10,
							"baseLength": 96,
							"length": -96,
							"lifetime": 36,
							"startDelay": 30,
							"interp": "pow5In",
							"sizeInterp": "pow10Out",
							"sizeFrom": 0,
							"sizeTo": 8,
							"colorFrom": "FF5B5B",
							"colorTo": "FF5B5B"
						},
						{
							"type": "ParticleEffect",
							"particles": 10,
							"baseLength": 96,
							"length": -96,
							"lifetime": 36,
							"startDelay": 40,
							"interp": "pow5In",
							"sizeInterp": "pow10Out",
							"sizeFrom": 0,
							"sizeTo": 8,
							"colorFrom": "FF5B5B",
							"colorTo": "FF5B5B"
						}
					]
				},
				"damage": 21600,
				"splashDamage": 2160,
				"splashDamageRadius": 340,
				"absorbable": false,
				"reflectable":false,
				"status": "饱和火力-殁火",
				"statusDuration": 4800,
				"speed": 4,
				"drag": -0.0175,
				"lifetime": 98,
				"hitShake": 25,
				"width": 23,
				"height": 23,
				"sprite": "circle-bullet",
				"backColor": "FF5B5BAA",
				"frontColor": "FF5B5B",
				"hitSoundVolume": 12,
				"hitSound": "explosionbig",
				"makeFire": true,
				"pierceArmor":true,
				"shrinkY": 0,
				"trailChance": 1,
				"trailInterval": 1,
				"trailEffect": {
					"type": "MultiEffect",
					"effects": [
						{
							"type": "ParticleEffect",
							"particles": 6,
							"baseLength": 0,
							"length": 24,
							"lifetime": 19,
							"layer": 110,
							"sizeInterp": "fastSlow",
							"sizeFrom": 7,
							"sizeTo": 0,
							"colorFrom": "FF5B5B",
							"colorTo": "FF5B5B"
						},
						{
							"type": "ParticleEffect",
							"particles": 3,
							"baseLength": 0,
							"length": 24,
							"lifetime": 60,
							"layer": 80,
							"interp": "pow10Out",
							"sizeInterp": "pow10Out",
							"sizeFrom": 3,
							"sizeTo": 10,
							"colorFrom": "FF5B5B",
							"colorTo": "58585800"
						}
					]
				},
				"shootEffect": {
					"type": "ParticleEffect",
					"particles": 26,
					"lifetime": 86,
					"sizeFrom": 5,
					"sizeTo": 0,
					"interp": "pow10Out",
					"sizeInterp": "pow10In",
					"length": 58,
					"baseLength": 0,
					"colorFrom": "FF5B5B",
					"colorTo": "FF5B5B",
					"cone": 18
				},
				"smokeEffect": {
					"type": "ParticleEffect",
					"particles": 26,
					"layer": 99,
					"sizeFrom": 8,
					"sizeTo": 0,
					"length": 86,
					"baseLength": 0,
					"interp": "pow10Out",
					"sizeInterp": "pow10In",
					"lifetime": 82,
					"colorFrom": "FF5B5BA8",
					"colorTo": "585858A8",
					"cone": 20
				},
				"hitEffect": {
					"type": "MultiEffect",
					"effects": [
						{
							"type": "ParticleEffect",
							"particles": 1,
							"sizeFrom": 0,
							"sizeTo": 116,
							"length": 0,
							"baseLength": 0,
							"sizeInterp": "pow10Out",
							"lifetime": 69,
							"colorFrom": "FF5B5B",
							"colorTo": "FF5B5B00"
						},
						{
							"type": "ParticleEffect",
							"particles": 19,
							"sizeFrom": 18,
							"sizeTo": 0,
							"interp": "pow10Out",
							"sizeInterp": "pow10In",
							"length": 190,
							"baseLength": 0,
							"lifetime": 185,
							"colorFrom": "FFFFFF",
							"colorTo": "FF5B5BA6"
						},
						{
							"type": "ParticleEffect",
							"particles": 19,
							"sizeFrom": 18,
							"sizeTo": 0,
							"interp": "pow10Out",
							"sizeInterp": "pow10In",
							"startDelay": 16,
							"length": 200,
							"baseLength": 0,
							"lifetime": 185,
							"colorFrom": "FFFFFF",
							"colorTo": "FF5B5BA6"
						},
						{
							"type": "ParticleEffect",
							"particles": 19,
							"sizeFrom": 18,
							"sizeTo": 0,
							"interp": "pow10Out",
							"sizeInterp": "pow10In",
							"startDelay": 32,
							"length": 220,
							"baseLength": 0,
							"lifetime": 185,
							"colorFrom": "FFFFFF",
							"colorTo": "FF5B5BA6"
						},
						{
							"type": "WaveEffect",
							"lifetime": 18,
							"sizeFrom": 0,
							"sizeTo": 340,
							"strokeFrom": 90,
							"strokeTo": 36,
							"interp": "circleOut",
							"colorFrom": "FF5B5B80",
							"colorTo": "FF5B5B00"
						},
						{
							"type": "WaveEffect",
							"lifetime": 36,
							"sizeFrom": 0,
							"sizeTo": 150,
							"strokeFrom": 30,
							"strokeTo": 0,
							"interp": "circleOut",
							"colorFrom": "FF5B5B",
							"colorTo": "FF5B5B"
						}
					]
				},
				"despawnEffect": "none",
				"bulletInterval": 0.25,
				"intervalBullets": 2,
				"intervalBullet": {
					"type": "FireBulletType",
					"speed": 8,
					"lifetime": 8,
					"damage": 88,
					"status": "burning",
					"statusDuration": 600,
					"makeFire": true
				},
				"fragBullets":45,
				"fragVelocityMin": 0.8,
				"fragLifeMin":0.8,
				"fragLifeMax":1.3,
				"fragBullet":{
					"type": "BasicBulletType",
					"splashDamage": 88,
					"splashDamageRadius": 36,
					"makeFire": true,
					"collides":false,
					"absorbable":false,
					"pierce": true,
					"status": "tarred",
					"statusDuration": 480,
					"speed": 3.5,
					"lifetime": 64,
					"hitShake": 0.5,
					"width": 10,
					"height": 10,
					"sprite":"circle-bullet",
					"frontColor":"FF5B5B",
					"backColor":"FF5B5BAA",
					"hitSound": "explosion",
					"hitEffect":{
						"type":"MultiEffect",
						"effects":[
						{"type": "ParticleEffect",
							"particles":6,
							"sizeFrom": 6,
							"sizeTo": 0,
							"length": 36,
							"baseLength": 0,
							"lifetime": 22,
							"colorFrom": "FF5B5B",
							"colorTo": "FF5B5BAA"},
						{
							"type": "WaveEffect",
							"lifetime": 9,
							"sizeFrom": 0,
							"sizeTo": 36,
							"strokeFrom":8,
							"strokeTo": 0,
							"colorFrom": "FF5B5B",
							"colorTo": "FF5B5B"
						}
						]},
					"despawnEffect": "blastExplosion",
					"bulletInterval": 0.3,
					"intervalBullets": 1,
					"intervalBullet": {
						"type": "FireBulletType",
						"speed": 8,
						"lifetime": 8,
						"damage": 28,
						"status": "饱和火力-殁火",
						"statusDuration": 480,
						"makeFire": true
					}
				}
			}
		},
		{
			"name": "偏袒5",
			"reload": 60,
			"shootCone": 360,
			"display": false,
			"rotate": false,
			"ejectEffect": "none",
			"shootSound": "DBZ1",
			"mirror": false,
			"shootOnDeath": true,
			"noAttack": true,
			"controllable": false,
			"autoTarget": false,
			"shoot": {
				"shots": 2
			},
			"bullet": {
				"type": "BasicBulletType",
				"hitSound": "DBZ1",
				"scaledSplashDamage": true,
				"killShooter": true,
				"splashDamage": 7300,
				"splashDamageRadius": 225,
				"collides": false,
				"pierce": true,
				"pierceBuilding": true,
				"pierceArmor": true,
				"instantDisappear": true,
				"hittable": false,
				"absorbable": false,
				"makeFire": true,
				"hitShake": 88,
				"lifetime": 20,
				"speed": 6,
				"hitEffect": {
					"type": "MultiEffect",
					"effects": [
						{
							"type": "ParticleEffect",
							"particles": 1,
							"startDelay": 8,
							"sizeFrom": 0,
							"sizeTo": 230,
							"length": 0,
							"baseLength": 0,
							"lifetime": 9,
							"colorFrom": "FFFFFF00",
							"colorTo": "FF5B5B"
						},
						{
							"type": "ParticleEffect",
							"particles": 1,
							"startDelay": 16,
							"sizeFrom": 230,
							"sizeTo": 0,
							"length": 0,
							"baseLength": 0,
							"lifetime": 129,
							"colorFrom": "FF5B5B",
							"colorTo": "FF5B5B99"
						},
						{
							"type": "ParticleEffect",
							"particles": 23,
							"sizeFrom": 23,
							"sizeTo": 0,
							"interp": "pow10Out",
							"sizeInterp": "pow10In",
							"length": 200,
							"baseLength": 0,
							"lifetime": 185,
							"colorFrom": "FFFFFF",
							"colorTo": "FF5B588A6"
						},
						{
							"type": "ParticleEffect",
							"particles": 23,
							"sizeFrom": 23,
							"sizeTo": 0,
							"interp": "pow10Out",
							"sizeInterp": "pow10In",
							"startDelay": 30,
							"length": 225,
							"baseLength": 0,
							"lifetime": 185,
							"colorFrom": "FFFFFF",
							"colorTo": "FF5B588A6"
						},
						{
							"type": "ParticleEffect",
							"particles": 23,
							"sizeFrom": 23,
							"sizeTo": 0,
							"interp": "pow10Out",
							"sizeInterp": "pow10In",
							"startDelay": 45,
							"length": 250,
							"baseLength": 0,
							"lifetime": 185,
							"colorFrom": "FFFFFF",
							"colorTo": "FF5B588A6"
						},
						{
							"type": "WaveEffect",
							"lifetime": 96,
							"sizeFrom": 0,
							"sizeTo": 250,
							"strokeFrom": 30,
							"strokeTo": 0,
							"interp": "circleOut",
							"colorFrom": "EEC591",
							"colorTo": "FF5B5B"
						},
						{
							"type": "WaveEffect",
							"lifetime": 46,
							"sizeFrom": 0,
							"sizeTo": 240,
							"strokeFrom": 25,
							"strokeTo": 0,
							"colorFrom": "EEC591",
							"colorTo": "FF5B5B"
						},
						{
							"type": "WaveEffect",
							"lifetime": 46,
							"startDelay": 11,
							"sizeFrom": 0,
							"sizeTo": 240,
							"strokeFrom": 25,
							"strokeTo": 0,
							"colorFrom": "EEC591",
							"colorTo": "FF5B5B"
						},
						{
							"type": "WaveEffect",
							"lifetime": 46,
							"startDelay": 22,
							"sizeFrom": 0,
							"sizeTo": 240,
							"strokeFrom": 25,
							"strokeTo": 0,
							"colorFrom": "EEC591",
							"colorTo": "FF5B5B"
						}
					]
				},
				"despawnEffect": {
					"type": "ExplosionEffect",
					"lifetime": 128,
					"waveStroke": 9,
					"waveLife": 20,
					"waveRadBase": 7,
					"waveColor": "FF5B588",
					"waveRad": 300,
					"smokes": 60,
					"smokeColor": "E3E3E3",
					"sparkColor": "FF5B588",
					"sparks": 73,
					"sparkRad": 350,
					"sparkStroke": 3,
					"sparkLen": 64
				},
				"hitSound": "DBZ1",
				"width": 0,
				"height": 0
			}
		}
	{"name":"none",
		"x":0,"y":0,
		"shootY":32,
		"mirror":false,
		"alternate":false,
		"baseRotation":180,
		"shootCone":360,
		"rotate":false,
		"recoil":0,
		"shootSound":"none",
		"alwaysShooting":true,
		"alwaysContinuous":true,

		"bullet":{
		"type":"ContinuousFlameBulletType",
		"colors":["F33304A0","F33304B8","FEAF1FCC","FCBE11","FEFF5F"],
		"damage":3,
		"width":20,"length":100,
		"drawFlare":false,
		"recoil":0.5,
	}	}	]
}