{
    "health":2100,
"targetAir":false,
	"weapons":[
	{	"name": "堡垒1",	
		"reload": 60, 
        "x": 9,  "y": 1, 
        "rotate": false,
        "inaccuracy": 0,
        "shake":2,
		"top":false,
		"alternate": true, 
	"ejectEffect":"casing3",
	"shootSound": "artillery",
	"bullet":{
    "type":"ArtilleryBulletType",
	    "damage":55,	  
	    "speed":2,
	    "lifetime":120,	
	    "collides": true,
        "collidesTiles" : true,
	    "knockback":9,   
"hitEffect":"flakExplosionBig",
"despawnEffect":"flakExplosionBig",
"smokeEffect":"shootBig",
	    "splashDamage":105,
	    "splashDamageRadius":35,
	    "width":14,	 "height":18	}	}
	]
}
