{
    "armor":22,   
    "rotateSpeed": 1.6,
    "health":42000,
	"weapons":[
	{	"name": "王座1",
	"reload":55, 
	"shake":3,
	"shoot":{
	    "shots":4,
	    "shotDelay":3
	},
	"recoil":5,
    "x": 21.5,  "y": 1,    
    "shootX":0, "shootY":11,
    "rotate": false,
    "top":false,
    "inaccuracy": 1,
	"shootSound": "artillery",
	"alternate": true,
	"ejectEffect":"casing4",
	"bullet":{
    "damage":105,  
   	"pierce": true,	
	"pierceCap":10,
    "speed":10,
    "lifetime":40,
    "shootEffect":"shootBig", 
    "smokeEffect":"shootBigSmoke",
    "width":15,	 "height":30,
    "hitEffect":"flakExplosion",
	"despawnEffect":"flakExplosion",
	    "fragBullets":4,
	    "fragRandomSpread":30,
        "fragBullet":{
        "width":10, "height":10,
        "pierce":true,
        "pierceBuilding":true,
        "pierceCap":3,
        "speed":16,
        "lifetime":10,
        "hitEffect":"flakExplosion",
        "splashDamage":25,
        "splashDamageRadius":16
	}}	},
	{"name":"王座2",
	 "x":8,"y":-8,
	 "reload":80,	
	 "rotate": true,
	 "rotateSpeed":9,
	 "shoot":{	    
		"type":"ShootSpread",
	    "shots":5,
		"spread":0},
	 "alternate":true,
	 "shootSound":"missile",
	 "inaccuracy": 15,
	 "shootCone":30,
	"bullet":{
	"type":"MissileBulletType",
	"damage": 45,
	"splashDamageRadius":45,
	"splashDamage":45,
    "hitEffect":"flakExplosionBig",
    "despawnEffect":"flakExplosionBig",
	"width": 9,	"height": 20,
	"speed": 8,	"lifetime": 30	} 	}
	]
}
