{
"type":"GroundUnit"
"name":"僵尸",
"description":"尖刀升级版，成规模出现时非常可怕。",
"flying":false,
"repairSpeed":0.4 ,
"maxVelocity": 1.2,
"mass":2.5
"hitsize":10
"health": 400,
"weapon":{
  "name":"僵尸炮"
  "ejectEffect":"shootSmallSmoke",
  "reload": 20,
  "shots": 1,
  "range":128
  "inaccuracy":0
  "length":10,
  "alternate":true,
  "ignoreRotation": false,
  "bullet":{
               "speed": 3,
               "lifetime": 60,
               "damage":17,              
               "backColor":"43CD80",
               "bulletWidth": 8,
               "bulletHeight": 8,
}
}
}