{
"type":"GroundUnit"
"name":"君主",
"description":"暴君升级版，其辐射霰弹炮可对敌人造成巨大伤害。",
"flying":false,
"repairSpeed":0.36 ,
"maxVelocity": 1.1,
"mass":12
"hitsize":15
"health": 2200,
"targetAir":false
"weapon":{
  "name":"君主炮"
  "width":8
  "shootSound":"artillery",
  "ejectEffect":"shootSmallSmoke",
  "reload": 80,
  "shots": 8,
  "range":120
  "inaccuracy":25
  "length":10,
  "alternate":true,
  "ignoreRotation": false,
  "bullet":{
               "speed": 3,
               "shootSound":"artillery",
               "lifetime": 40,
               "damage":16,              
               "backColor":"43CD80",
               "bulletWidth": 8,
               "bulletHeight": 8,
}
}
}