{
"type":"hoverUnit"
"name":"尸鬼",
"description":"巫妖升级版，发射重型辐射导弹攻击敌人。",
"flying":true,
"repairSpeed":0.2 ,
"maxVelocity": 0.8
"mass":25
"hitsize":40
"health": 21000,
"engineOffset":21
"engineSize":5.3
"engineColor":"43CD80"
"shootSound":"missile",
"weapon":{
  "name":"尸鬼炮"
  "ejectEffect":"shootBigSmoke",
  "shootSound":"missile",
  "width":23
  "reload":75,
  "shots": 6,
  "homingPower":2,
  "range":200
  "inaccuracy":6
  "length":10,
  "alternate":true,
  "ignoreRotation": false,
  "bullet":{
               "speed": 4,
               "type":"MissileBulletType"
               "trailColor":43CD80
               "hitEffect":"explosion"
               "homingRange":40
              	"homingPower":2,
               "status":"burning"
               "lifetime": 56,
               "damage":35,              
               "splashDamageRadius": 28,
			            "tileDamage":80,
               "backColor":"43CD80",
               "bulletWidth": 16,
               "bulletHeight": 23,
}
}
}