{
"type":"hoverUnit"
"name":"幽冥",
"description":"带有两门大型激光炮，能对敌人造成大量伤害。",
"flying":true,
"repairSpeed":0.4 ,
"maxVelocity": 1.0
"mass":15
"hitsize":20
"health": 9500,
"engineOffset":12
"engineSize":3
"engineColor":"43CD80"
"shootSound":"pew",
"weapon":{
  "name":"幽冥激光"
  "shootSound":"pew",
  "width":9
  "reload": 10,
  "shots": 1,
  "homingPower":1,
  "range":200
  "inaccuracy":6
  "length":10,
  "alternate":true,
  "ignoreRotation": false,
  "bullet":{
               "speed": 8,
               "homingRange":24
              	"homingPower":1,
               "lifetime": 30,
               "damage":75,              
               "backColor":"1e90ff",
              "frontColor":"abdbff",
              "bulletSprite":"银河传说-激光",
               "bulletWidth": 20,
               "bulletHeight": 20,
}
}
}