{
"type":"GroundUnit"
"name":"斗士",
"description":"混沌者升级版，装备重型辐射机枪，可对敌人造成严重伤害。",
"flying":false,
"repairSpeed":0.24 ,
"maxVelocity": 0.9,
"mass":25
"hitsize":20
"health": 11200,
"weapon":{
  "name":"斗士炮"
  "ejectEffect":"shootBigSmoke",
  "width":17
  "shootSound":"shootBig",
  "reload": 15,
  "shots": 1,
  "range":280
  "inaccuracy":0
  "length":10,
  "alternate":true,
  "ignoreRotation": false,
  "bullet":{
               "speed": 6,
               "lifetime": 55,
               "damage":120,              
               "backColor":"43CD80",
               "bulletWidth": 16,
               "bulletHeight": 16,
}
}
}