{
"type":"hoverUnit"
"name":"绝望",
"description":"死神升级版，它强大的战斗力会让所有敌人绝望。",
"flying":true,
"repairSpeed":0.1 ,
"maxVelocity": 0.7
"mass":50
"hitsize":50
"health": 35700,
"engineOffset":40
"engineSize":7.3
"engineColor":"43CD80"
"shootSound":"missile",
"weapon":{
  "name":"绝望炮"
  "ejectEffect":"shootBigSmoke",
  "shootSound":"shootBig",
  "width":32
  "reload": 15,
  "shots": 1,
  "range":288
  "inaccuracy":0
  "length":10,
  "alternate":true,
  "ignoreRotation": false,
  "bullet":{
               "speed": 6,
               "status":"burning"
               "lifetime": 52,
               "damage":300,              
               "backColor":"43CD80",
               "bulletWidth": 25,
               "bulletHeight": 25,
}
}
}