{
"type":"GroundUnit"
"name":"肃清者",
"description":"根除者升级版，装备重型辐射齐射炮，强大的战斗力使它可以轻轻松松将敌人全数歼灭。",
"flying":false,
"repairSpeed":0.2 ,
"maxVelocity": 0.8,
"mass":50
"hitsize":25
"health": 29800,
"weapon":{
  "name":"肃清炮"
  "ejectEffect":"shootBigSmoke",
  "width":24
  "shootSound":"shootBig",
  "reload": 60,
  "shots": 4,
  "shotDelay":3
  "range":320
  "inaccuracy":0
  "length":10,
  "alternate":true,
  "ignoreRotation": false,
  "bullet":{
               "speed": 6,
               "lifetime": 60,
               "damage":200,              
               "backColor":"43CD80",
               "bulletWidth": 25,
               "bulletHeight": 25,
}
}
}