{
    "type": "GroundUnit",
    "name": "A1陆战坦克",
	"description": "装备轻型装甲、V8发动机，速度适中",
	"health": 1500,
    "hitsize": 12,//碰撞箱默认4
    "attackLength": 320,
    "collides": true,//碰撞
    "hitsizeTile": 10,//？？
    "maxVelocity": 0.6,//最大速度
    "rotatespeed": 0.05,//旋转速度
    "baseRotateSpeed": 0.02,//基本旋转速度
    "range": 350,//范围
    "mass": 10,//质量
    "rotateWeapon":false,
    "flying":false,//飞行
    "weapon":{
        "name": "75口径滑膛炮",
        "length": 8,//长度
        "recoil":3.85,//后坐力
        "reload": 150,//装弹时间
        "range": 550,//范围
        "shots": 1,//一次打几发
        "width":0//两根炮管的间隔
        "restitution": 160,//发射间隔
        "inaccuracy": 0.5,//误差
        "velocityRnd": 0.25,//速度
        "velocityInaccuracy":0.1,//速度
        "attackLength":1100,//攻击长度
        "alternate":true,//是否两根炮管交替射击
        "bullet":{
            "speed": 5.0, //子弹速度 
            "damage": 150,//伤害
            "width": 20.0,//子弹宽
            "Bullet":"ArtilleryBulletType",//子弹类型 
            "splashDamage": 20,//溅射伤害
            "splashDamageRadius": 6 ,//溅射范围
            "backColor": "ffd280",//子弹前面颜色
            "fontColor":"ffd280",//子弹后面颜色
            "shootSound": "width",//发射声音 
            "heatColor":"ffd280",//过热颜色 
            "trailColor":"ffd280",//尾迹颜色
            "ejectEffect":"shootBigSmoke2"
            "trailEffect": "smoke",//尾迹效果
            "smokeEffect": "smoke",//冒烟效果
            "hitEffect":"hitLancer",//命中效果
        }
    }
}