{
    "type": "revenant"
    "name": "B-1战略轰炸机",
	"description": "B1轰炸机装备高强度复合装甲，高抗击，高生存率，高载弹量。对地打击利器。",
	"health": 2300,
	"speed": 0.2,
	"flying": true,
	"hitsize": 15,
	"rotatespeed": 0.8,
	"baseRotateSpeed":0.7,
	"rotateWeapon": true,
	"engineOffset": 20,
	"engineSize":4,
	"range": 360,
	"mass": 1,
    "weapon": {
		"name": "热追踪导弹",
        "length": 2,
        "lifetime": 100,
		"reload": 120,
		"shots": 4,
    	"restitution": 180,
    	"inaccuracy": 0.1,
    	"shootSound":"missile",
 	    "velocityInaccuracy":0.2,
        "ejectEffect":"shootSmallSmoke",
    	"range": 220,
        "attackLength": 280,
		"alternate": true,
		 "bullet":{
               "speed": 5,
               "type":"MissileBulletType"
               "damage":160,            
			   "splashDamage":24,
			   "splashDamageRadius": 20,
               "backColor":"#A3A3A3",
			   "fontColor":"#D6D6D6",
			   "heatColor":"ffd280",
			   "trailColor":"ffd280",
               "trailEffect": "pulverize",
	           "smokeEffect": "fuelburn",
	           "hitEffect":"absorb",
	           "bulletWidth": 6,
               "bulletHeight": 24.5,
               "homingPower": 1,
               "homingRange": 60,
        }
	}
}
    
    
    
    
    
    
    