{
	"type": "HoverUnit",
	"name": "翼龙",
	"description": "轻型拦截机，具备持续打击能力，机动能力很强"
	"health": 900
	"mass":100,
	"hitsize": 14,
	"speed":0.2,
	"rotatespeed": 0.03,
	"baseRotateSpeed":0.1,
	"drag": 0,
	"range":200,
    "engineColor": "#FFD54F",
    "engineOffset": 10,
	"engineSize":4,
    "flying": true,
    "rotateWeapon":true,
    "weaponOffsetX": -4,
	"weapon": {
		"name": ".50口径机枪"
		"range": 50,
		"reload": 30,
		"shots": 2,
		"shootSound":"shoot",
    	"restitution":2,
    	"inaccuracy": 2,
    	"alternate": true,
    	"attackLength": 120,
		 "bullet":{
		       "type":"BasicBulletType",
               "speed": 4,
               "lifetime": 60,
               "damage": 60,
               "bulletShrink": 0,
               "bulletHeight": 10,
               "bulletWidth": 10,
               "backColor": "FFD700",
               "fontColor": "FFC125",
	           "hitEffect":"blockExplosion",
	           "despawnEffect":"blockExplosion",
	   }
	}
}
