{
	"name":"TT10内置硅厂",
	"type":"GenericCrafter",
	"description": "以T公司奇点「TT10」所改进出来的新式硅厂，其内置了小范围的TT10加速。虽然速度提升了，但是占地没变大，而且电力性能比更高了",
	"researchCostMultiplier":1,
	"itemCapacity":300,
	"health":5000,
	"size":3,
	"hasPower": true,
	"hasLiquids": false,
	"hasItems": true,
	"craftTime":300,
	"updateEffect": "smeltsmoke",
	"drawer":{
		"type":"DrawMulti",
		"drawers":[
		{"type":"DrawDefault"},
		{"type":"DrawFrames",
		"frames":11,
		"frameSpeed":330,
		"sine":true}
		]
		},
	"consumes": {
		"power":130,
		"items": {
			"items": [
				{ "item": "coal", "amount":75},
				{ "item": "sand", "amount":75}
			]
}
	},
	"outputItem": { "item": "silicon", "amount":150},
	
	"requirements": [
		{ "item": "copper", "amount": 100 },
		{ "item": "metaglass", "amount": 70 },
		{ "item": "lead", "amount": 125 },
		{ "item": "plastanium", "amount":200},        
		{ "item": "固态时间", "amount":400},		
		{ "item": "silicon", "amount":400},
		{ "item": "thorium", "amount":200},
		{ "item": "titanium", "amount":300}
	],
		"flameColor":"#F7E743",
	"category": "crafting",
	"idleSound": "respawning",
	"idleSoundVolume": 0.5,
	"research": "固态时间"
}