{
	"name":"固态时间压缩机",
	"type":"GenericCrafter",
	"description": "利用奇点技术将液态的时间压缩为固态",
	"health":5000,
	"size":2,
	"hasPower": true,
	"hasLiquids": true,
	"hasItems": true,
	"craftTime":65,
	"updateEffect": "smeltsmoke",
	"drawer":{
			"type":"DrawMulti",
			"drawers":[
		{"type":"DrawDefault"},
		{"type":"DrawFrames", 
		"frame":4,
		"frameSpeed":4.6828,
		"sine":true}
		]
		},
	"consumes": {
		"power":5,
		"liquid": {
			"liquid": "液态时间",
			"amount":0.0168
		}
	},
  	"liquidCapacity": 600,
	"itemCapacity": 60,
	"outputItem": { "item": "固态时间", "amount": 1 } ,
	
	"requirements": [
		{ "item": "copper", "amount": 100 },
        { "item": "metaglass", "amount": 70 },
		{ "item": "silicon", "amount": 200 },
		{ "item": "lead", "amount": 125 }
	],
	"category": "crafting",
	"research": "液态时间",
	"idleSound": "respawning",
	"idleSoundVolume": 0.5
}