{
	"name":"心灵具像化设施",
	"type":"GenericCrafter",
	"description": "利用脑啡肽以L公司奇点技术-“心灵具像化”制造“EGO碎片”",
	"itemCapacity":20,
	"health":5000,
	"size":3,
	"hasPower": true,
	"hasLiquids": true,
	"hasItems": true,
	"craftTime":65,
	"updateEffect": "smeltsmoke",
	"drawer":{
		"type":"DrawMulti",
		"drawers":[
		{"type":"DrawDefault"},
		{"type":"DrawFrames",
		"frameCount":6,
		"frameSpeed":10,
		"sine":true}
		]
		},
	"consumes": {
		"power":100,
		"items": {
			"items": [
				{ "item": "surge-alloy", "amount": 3 }
			]
},
		"liquid": {
			"liquid": "脑啡肽",
			"amount": 0.6
		}
	},
  	"liquidCapacity": 600,
	"outputItem": { "item": "EGO碎片", "amount": 5 },
	
	"requirements": [
		{ "item": "copper", "amount": 100 },
        { "item": "metaglass", "amount": 70 },
		{ "item": "silicon", "amount": 200 },
		{ "item": "lead", "amount": 125 }
	],
		"flameColor":"#33ffff",
	"category": "crafting",
	"idleSound": "respawning",
	"idleSoundVolume": 0.5,
	"research": "脑啡肽"
}