{
	"name":"机器人制造车间",
	"type":"GenericCrafter",
	"description": "K公司奇点技术",
	"itemCapacity":20,
	
	"health":5000,
	"size":3,
	"hasPower": true,
	"hasLiquids": false,
	"hasItems": true,
	
	"craftTime":65,
	"updateEffect": "none",
	"consumes": {
		"power":5,
		"items": {
			"items": [
				{ "item": "surge-alloy", "amount": 3 },
			{"item":"lead","amount":2},
			{ "item": "妖灵", "amount": 1 },
			{ "item": "silicon", "amount": 5}
			]
},
		"liquid": {
			"liquid": "water",
			"amount": 0.5
		}
	},
  	"liquidCapacity": 600,
	"outputItem": { "item": "纳米机器人", "amount": 1 },
	
	"requirements": [
		{ "item": "copper", "amount": 100 },
        { "item": "metaglass", "amount": 70 },
		{ "item": "silicon", "amount": 200 },
		{ "item": "lead", "amount": 125 }
	],
	"category": "crafting",
	"research": "EGO碎片",
	"idleSound": "respawning",
	"idleSoundVolume": 0.5
}