{
    "type":"NuclearReactor",
    "name": "核弹",
    "description": "是个彩蛋，放一个妖灵试试？试试就逝世！",
    "size":2,
    "consumes": {
		"liquid":{"liquid":"water","amount":0.01},
        "items": {
            "items": [
                {"item": "妖灵","amount":1}
            ]
        }
    },
    "requirements": [
        {"item": "妖灵","amount":1}
    ],
    "health":1800,
	"liquidCapacity":1.5,
    "powerProduction":0.01,
    "itemDuration":2100000000,
    "itemCapacity":5,
	"canOverdrive":false,
    "hasItems": true,
	"heating":0.005,
	"smokeThreshold":0.4,
	"flashThreshold":0.6,
	"ambientSound":"hum",
    "ambientSoundVolume":0.14,
	"research":"妖灵",
	"explosionRadius":210000000,
	"explosionDamage":210000,
	"baseExplosiveness":210000,
    "category":"effect",
    	"fuelItem": "妖灵"
}