{
	"name":"空间展开机",
	"type":"GenericCrafter",
	"description": "W公司购买的奇点技术，可以打开空间裂口",
	"health":5000,
	"size":3,
	"hasPower": true,
	"hasLiquids": false,
	"hasItems": true,
	"craftTime":65,
	"updateEffect": "smeltsmoke",
	"drawer":{
		"type":"DrawMulti",
		"drawers":[
		{"type":"DrawDefault"},
		{"type":"DrawFrames",
		"frameCount":3,
		"frameSpeed":1.5,
		"sine":true
		}
		]
		},
	"consumes": {
		"power":1
	},
	"itemCapacity": 60,
	"outputItem": { "item": "空间裂口", "amount": 5 },
	
	"requirements": [
		{ "item": "copper", "amount": 100 },
        { "item": "metaglass", "amount": 70 },
		{ "item": "silicon", "amount": 200 },
		{ "item": "lead", "amount": 125 }
	],
	"category": "crafting",
	"research": "TT10",
	"idleSound": "respawning",
	"idleSoundVolume": 0.5
}