{
	"name":"量子稳态机",
	"type":"GenericCrafter",
	"description": "利用液态时间使得光子量子的纠缠性趋于稳定，与相织布和硅作为底层制成光量子计算芯片",
	"itemCapacity":20,
	"health":5000,
	"size":4,
	"hasPower": true,
	"hasLiquids": false,
	"hasItems": true,
	"craftTime":65,
	"updateEffect": "none",
    "drawer":{
        "type":"DrawMulti",
        "drawers":[
    {"type":"DrawDefault"},
    {"type":"DrawFrames", 
    "frame":8,
    "frameSpeed":16,
    "sine":true}
    ]
    },
	"consumes": {
		"power":5,
		"items": {
			"items": [
				{ "item": "phase-fabric", "amount":5},
				{"item":"silicon","amount":3}
			]
},
		"liquid": {
			"liquid": "液态时间",
			"amount": 1
		}
	},
  	"liquidCapacity": 600,
	"outputItem": { "item": "量子芯片", "amount": 1 },
	
	"requirements": [
		{ "item": "copper", "amount": 100 },
        { "item": "metaglass", "amount": 70 },
		{ "item": "silicon", "amount": 200 },
		{ "item": "lead", "amount": 125 }
	],
	"category": "crafting",
	"research": "液态时间",
	"idleSound": "respawning",
	"idleSoundVolume": 0.5
}