{

//copper 铜 lead 铅 coal 煤 spore-pod 孢子荚
//graphite 石墨 silicon 硅 titanium 钛 thorium 钍
//plastanium 塑钢 surge-alloy 巨浪合金 phase-fabric 相织布
//pyratite 硫 blast-compound 爆炸混合物 metaglass 钢化玻璃

	"type":"GenericCrafter",
	//如果将type改为GenericSmelter则需要一个后缀-top的发热贴图
	"name":"电弧冶铁炉",
    "updateEffect": "blastsmoke",
	"outputItem":"钢铁/4",
	"itemCapacity":20,
	"health":800,
	"craftTime":60,
	//生产时间60:1
	"description":"利用电能将二氧化碳直接固定入铁矿石，冶炼为高纯度钢材。"
	"details":"赞美交流电！",
	"size":3,
	"consumes":{
		"power":2.5,
		//耗电公式为：1=60
		"items":{
			"items":[
				"铁矿石/6",
			]
		}
	}
	"requirements":[
	    "copper/120"
		"钢铁/80",
		"metaglass/40"
		"graphite/40"
	]
	"drawer":{
		"type":"DrawMulti",
		"drawers":[
		{"type":"DrawDefault"},
		{"type":"DrawFade"}
		]}//发光特效
	"research": {
	"parent": "a1-高炉"//科技树前置
	"objectives":[
	{
	"type": "SectorComplete",//占领地图
	"preset":"野性之心-湍流河谷"//地图名
	},
	]
	},
	//科技树中位于合金工厂的后面
	//加工特效，目前为石墨的特效
	"category":"crafting"
	//在建筑菜单中位于工厂子页面
	
	
	//turret 炮塔子页面 production 钻头子页面 
	//defense 墙子页面 power 电力子页面
	//logic 逻辑子页面 units 单位子页面
	//liquid 液体子页面 distribution 传送带子页面
	//effect 修复仪子页面
}