{

//copper 铜 lead 铅 coal 煤 spore-pod 孢子荚
//graphite 石墨 silicon 硅 titanium 钛 thorium 钍
//plastanium 塑钢 surge-alloy 巨浪合金 phase-fabric 相织布
//pyratite 硫 blast-compound 爆炸混合物 metaglass 钢化玻璃

	"type":"GenericCrafter",
	//如果将type改为GenericSmelter则需要一个后缀-top的发热贴图
	"name":"硅晶工厂",
    "updateEffect": "none",
    "outputItems":["metaglass/1","silicon/4"],//多重出料
	"itemCapacity":20,
	"health":640,
	"craftTime":120,
	//生产时间60:1
	"description":"同时生产硅和少量钢化玻璃。"
	"size":3,
	"consumes":{
		"power":0.8333333333,
		//耗电公式为1=60
		"items":{
			"items":[
				"coal/4",
				"sand/8"
			]
		}
	}
	"requirements":[
		"钢铁/80",
		"copper/80"
	]
	"drawer":{
		"type":"DrawMulti",
		"drawers":[
		{"type":"DrawDefault"},
		{"type":"DrawFlame"}
		]//发光特效
	}
	"lightColor":"ffccff"
	"research": {
	"parent": "a3-石墨切割机"//科技树前置
	"requirements": [//研究花费
	"钢铁/200",
	"copper/200"
	]	},
	//科技树中位于合金工厂的后面
	//加工特效，目前为石墨的特效
	"category":"crafting"
	//在建筑菜单中位于工厂子页面
	
	
	//turret 炮塔子页面 production 钻头子页面 
	//defense 墙子页面 power 电力子页面
	//logic 逻辑子页面 units 单位子页面
	//liquid 液体子页面 distribution 传送带子页面
	//effect 修复仪子页面
}