{

//copper 铜 lead 铅 coal 煤 spore-pod 孢子荚
//graphite 石墨 silicon 硅 titanium 钛 thorium 钍
//plastanium 塑钢 surge-alloy 巨浪合金 phase-fabric 相织布
//pyratite 硫 blast-compound 爆炸混合物 metaglass 钢化玻璃

	"type":"GenericCrafter",
	//如果将type改为GenericSmelter则需要一个后缀-top的发热贴图
	"name":"焦化炉",
	"updateEffect": "none",
	"outputItem": "coal/1"
	"itemCapacity":10,
	"health": 300,
	"description":"焚烧纤维物来获取煤炭。"
	"size":2,
	"craftTime": 30,
	//生产时间60:1
	"consumes":{
		//耗电公式为：1=60
		"items":{
			"items":[
				"纤维织物/3"
			]
		}
	}
	"requirements":[
		"copper/30",
		"graphite/30"
	]
	"drawer":{
		"type":"DrawMulti",
		"drawers":[
		{"type":"DrawDefault"},
		{"type":"DrawFade"}
		]},//发光特效
		"research": {
	"parent": "b1-热熔器"//科技树前置
	"objectives":[
	{
	"type": "SectorComplete",//占领地图
	"preset":"野性之心-河流两侧"//地图名
	},
	]},
	//科技树中位于合金工厂的后面
	//加工特效，目前为石墨的特效
	"category":"crafting"
	//在建筑菜单中位于工厂子页面
	
	//turret 炮塔子页面 production 钻头子页面 
	//defense 墙子页面 power 电力子页面
	//logic 逻辑子页面 units 单位子页面
	//liquid 液体子页面 distribution 传送带子页面
	//effect 修复仪子页面
}