{

//copper 铜 lead 铅 coal 煤 spore-pod 孢子荚
//graphite 石墨 silicon 硅 titanium 钛 thorium 钍
//plastanium 塑钢 surge-alloy 巨浪合金 phase-fabric 相织布
//pyratite 硫 blast-compound 爆炸混合物 metaglass 钢化玻璃

	"type":"Separator",
	//如果将type改为GenericSmelter则需要一个后缀-top的发热贴图
	"name":"多重离合机",
	"itemCapacity":20,
	"liquidCapacity":10,
	"hasItems":true,
	//允许进入物资
	"hasLiquids":true,
	//允许进入液体
	"hasPower":true,
	//允许并入电网
	"outputsLiquid": true,
	//显示内部液体
	"health": 1200,
	"description":"从矿渣液中提炼铁和其它资源。\n主要是铁。"
	"size":3,
	"craftTime": 15,
	//生产时间60:1
	"results":["sand/2","钢铁/5","金/4","thorium/3"],
	//出货比例
	"consumes":{
		//耗电公式为：1=60
		"power":3.333333333,
		"liquid": {
	   "liquid": "slag", "amount": 0.2
	   }
	}
	"requirements":[
		"钢铁/160",
		"graphite/120"
		"silicon/120",
		"plastanium/40"
	]
	"drawer"://特效
	{
	"type":"DrawMulti"
	"drawers":[
    "DrawDefault",
    {"type":"DrawLiquidRegion",
    "drawLiquid":"slag"
    }
    {"type":"DrawRegion",
    "suffix":"-spinner"
    "rotateSpeed":5
    }
    {"type":"DrawRegion",
    "suffix":"-top"
    }
    ]}
	"research": {
	"parent": "b3-提炼机"//科技树前置
	"objectives":[
	{
	"type": "SectorComplete",//占领地图
	"preset":"野性之心-废渣浅滩"//地图名
	},
	]
	},
	//科技树中位于高炉的后面
	"category":"crafting"
	//在建筑菜单中位于工厂子页面
	//turret 炮塔子页面 production 钻头子页面 
	//defense 墙子页面 power 电力子页面
	//logic 逻辑子页面 units 单位子页面
	//liquid 液体子页面 distribution 传送带子页面
	//effect 修复仪子页面
}