{

//copper 铜 lead 铅 coal 煤 spore-pod 孢子荚
//graphite 石墨 silicon 硅 titanium 钛 thorium 钍
//plastanium 塑钢 surge-alloy 巨浪合金 phase-fabric 相织布
//pyratite 硫 blast-compound 爆炸混合物 metaglass 钢化玻璃

	"type":"GenericCrafter",
	//如果将type改为GenericSmelter则需要一个后缀-top的发热贴图
	"name":"魔钢锻炉",
    "updateEffect": "dynamicSpikes",
	"outputItem":"奥利哈钢/1",
	"itemCapacity":10,
	"health":1200,
	"craftTime":60,
	//生产时间60:1
	"description":"通过精炼铜与金矿石来制造奥利哈钢，需要消耗液态水。"
	"details":"来自太古时期工匠的配方，只需两种金属在特定温度的流体下的锻造便能诞生拥有奇妙性质的魔性金属“奥利哈钢”，这一制造流程至今未被改变。",
	"size":3,
	"consumes":{
		"power":2,
		//耗电公式为：1=60
		"items":{
			"items":[
				"copper/3",
				"金/2",
			]
		}
		"liquid":{
	    "liquid": "water",
        "amount": 0.3333333333333,
        }
	}
	"requirements":[
		"钢铁/80",
		"金/80",
		"graphite/80"
	]
	"drawer":{
		"type":"DrawMulti",
		"drawers":[
		{"type":"DrawDefault"},
		{"type":"DrawFade"}
		]}//发光特效
	"research": {
	"parent": "a2-电弧冶铁炉"//科技树前置
	"objectives":[
	{
	"type": "SectorComplete",//占领地图
	"preset":"野性之心-魔钢锻造厂"//地图名
	},
	]
	},
	//科技树中位于合金工厂的后面
	//加工特效，目前为石墨的特效
	"category":"crafting"
	//在建筑菜单中位于工厂子页面
	
	
	//turret 炮塔子页面 production 钻头子页面 
	//defense 墙子页面 power 电力子页面
	//logic 逻辑子页面 units 单位子页面
	//liquid 液体子页面 distribution 传送带子页面
	//effect 修复仪子页面
}