{

//copper 铜 lead 铅 coal 煤 spore-pod 孢子荚
//graphite 石墨 silicon 硅 titanium 钛 thorium 钍
//plastanium 塑钢 surge-alloy 巨浪合金 phase-fabric 相织布
//pyratite 硫 blast-compound 爆炸混合物 metaglass 钢化玻璃

	"type":"GenericCrafter",
	//如果将type改为GenericSmelter则需要一个后缀-top的发热贴图
	"name":"硫化加工厂",
    "updateEffect": "none",
	"outputItem":"pyratite/2",
	"itemCapacity":20,
	"health":900,
	"craftTime":60,
	//生产时间60:1
	"description":"从天然硫铁矿中提取并生产用于炮塔装填的可燃性硫化物。"
	"details":"",
	"size":3,
	"consumes":{
		"power":4.1666666666,
		//耗电公式为：1=60
		"items":{
			"items":[
			    "coal/3",
				"sand/3",
				"铁矿石/3",
			]
		}
	}
	"requirements":[
		"钢铁/100",
		"金/100",
		"graphite/100"
	]
	"drawer":{
		"type":"DrawMulti",
		"drawers":[
			{"type":"DrawDefault"}
			{"type":"DrawFade"}
		]
	},
	"research": {
	"parent": "a4-硅晶工厂"//科技树前置
	},
	"category":"crafting"
}