{

//copper 铜 lead 铅 coal 煤 spore-pod 孢子荚
//graphite 石墨 silicon 硅 titanium 钛 thorium 钍
//plastanium 塑钢 surge-alloy 巨浪合金 phase-fabric 相织布
//pyratite 硫 blast-compound 爆炸混合物 metaglass 钢化玻璃

	"type":"GenericCrafter",
	//如果将type改为GenericSmelter则需要一个后缀-top的发热贴图
	"name":"孢子榨汁机",
	"updateEffect": "oily",
	"outputLiquid": "oil/0.8333333333"
	"itemCapacity":10,
	"liquidCapacity":60,
	"hasItems":true,
	//允许进入物资
	"hasLiquids":true,
	//允许进入液体
	"hasPower":true,
	"health": 1200,
	"description":"榨取孢子中蕴藏的石油资源。"
	"size":3,
	"craftTime": 15,
	//生产时间60:1
	"consumes":{
		//耗电公式为：1=60
		"power":1.666666667,
	    "items":{
			"items":[
				"spore-pod/1"
			]
		}
	},
	"requirements":[
	    "钢铁/80"
		"silicon/60",
		"奥利哈钢/60",
	],
	"drawer":{
		"type":"DrawMulti",
		"drawers":[
		    {
	            "type":"DrawRegion",
	            "suffix":"-bottom"
	        },
	        "DrawDefault",
			{
				"type":"DrawLiquidRegion",
				//这个type允许使用-liquid贴图
				"drawLiquid":"oil"
				//-liquid贴图选用的液体颜色
			},
			{
	            "type":"DrawRegion",
	            "suffix":"-top"
	        }
		]
	},
	"research": {
	"parent": "e1-纤维榨汁机"//科技树前置
	"objectives":[
	{
	"type": "SectorComplete",//占领地图
	"preset":"野性之心-感染温床"//地图名
	},
	]
	},
	//科技树中位于合金工厂的后面
	"category":"crafting"
	//在建筑菜单中位于工厂子页面
	
	//turret 炮塔子页面 production 钻头子页面 
	//defense 墙子页面 power 电力子页面
	//logic 逻辑子页面 units 单位子页面
	//liquid 液体子页面 distribution 传送带子页面
	//effect 修复仪子页面
}