{
	"type": "flying",
	"flying":true,
	"accel": 0.05,"drag": 0.05,
	"name": "百灵",
	"description":"配备建造系统，自动重建被毁建筑，搭载单位修复器",
	"details":"负责维护工厂或实验室的运行，并可以对防御单位提供辅助",

	"research": {
	"parent":"primary-machine-manufacturer",
	"requirements": [
	"chromium/5000"
	"silicon/4000",
	]
	"objectives": [
	"tank-manufacturer",
	]	},

	"immunities":[
	"wulfrum-amplify"
	],

	"buildSpeed":0.5,

	"hitSize":22.5,
	"engineSize":2.75,
	"engineOffset":8.75,
	"trailLength":3,
	"speed":1.85,
	"health":1085,
	"itemCapacity":30,
	"armor":3,

	"weapons": [
		{"name": "lark-repair-beam",
		"type":"RepairBeamWeapon",
		"x":4.75,"y":-4,
		"shootY":1,
		"beamWidth": 0.5,
		"mirror": true,
		"repairSpeed":2,
		"bullet": {
		"maxRange":96
		}	}	]
}