{
	"localizedName": "菲兰克顿", //行星的本地化名称
	"mesh": {  //行星的网格设置，使用NoiseMesh类型
		"type": "NoiseMesh",
		"planet": "菲兰克顿", //行星名称
		"seed": 1, //随机种子
		"divisions": 5, //网格表面的细分程度
		"color1": "#f9f4dc", //颜色1
		"color2": "#fcd337", //颜色2
		"color3": "#f2e6ce", //颜色3
		"radius": 1.5, //行星半径
		"octaves": 5, //噪音层数
		"persistence": 1, //持久性
		"scale": 1, //尺度
		"mag": 1 //大小
	},
	"cloudMesh": { //云层的网格设置
		"type": "NoiseMesh",
		"planet": "菲兰克顿", //行星名称
		"seed": 0.1, //随机种子
		"divisions": 1, //网格表面的细分程度
		"color": "#f2e6ce", //颜色
		"radius": 1, //云层半径
		"octaves": 1, //噪音层数
		"persistence": 0.8, //持久性
		"scale": 1, //尺度
		"mag": 1 //大小
	},
	"generator": { //生成器设置
		"min": 2, //小行星数量的最小值
		"max": 5, //小行星数量的最大值
		"octaves": 2, //噪音层数
		"persistence": 0.4, //持久性
		"scale": 30, //尺度
		"mag": 0.4, //大小
		"thresh": 1, //阈值
		"foct": 3, //噪声特性
		"fmag": 0.5, //噪声大小
		"fscl": 50, //噪声尺度
		"fper": 0.6, //噪声持久性
		"radMin": 0, //小行星半径的最小值
		"radMax": 0, //小行星半径的最大值
		"stoneChance": 0, //石头地板的概率
		"iceChance": 1, //冰地形生成的几率
		"carbonChance": 0, //碳地形生成的几率
		"berylChance": 0, //绿柱石地形生成的几率
		"ferricChance": 0 //铁地形生成的几率
	},
	"orbitSpacing": 15, //父行星和卫星之间的轨道间距
	"radius": 0.9, //行星半径
	"sectorSize": 1, //区块大小
	"minZoom": 0.99, //最小缩放比例
	"drawOrbit": true, //是否绘制轨道
	"atmosphereRadIn": 0, //大气层内半径
	"atmosphereRadOut": 0.3, //大气层外半径
	"accessible": true, //是否可以登陆
	"tidalLock": true, //是否恒定潮汐锁定
	"allowLaunchSchematics": true, //是否允许核心蓝图
	"alwaysUnlocked": true, //是否始终解锁
	"allowSectorInvasion": true, //是否允许区块入侵
	"updateLighting": true, //是否更新光照
	"sectorSeed": 1, //生成器的种子。如果为-1，则使用小行星
	"bloom": true, //是否开启bloom渲染
	"visible": true, //是否可见
	"hasAtmosphere": true, //是否拥有大气层
	"atmosphereColor": "#f9f4dc", //大气层颜色
	"icon": "planet", //左上角显示的图标文件
	"iconColor": "7457ce", //左上角显示的行星图标颜色
	"startSector": 32, //开始区块的序号
	"allowWaveSimulation": true, //在后台模拟波次
	"allowLaunchLoadout": true, //是否允许选择落地资源
	"launchCapacityMultiplier": 1, //核心蓝图能容纳的物品数量与实际数量的倍数
	"clearSectorOnLose": true, //区块丢失时是否重置区块
	"allowWaves": true, //区块丢失时是否重置波次
	"defaultCore": "星际核心", //默认行星核心
	"parent": "一", //绕行的父行星
	"solarSystem": "一", //所属的太阳系
	"launchCandidates": [], //可前往的行星列表（可能不适用，因为星际加速器仍然不工作）
	"hiddenItems": [] //隐藏的物品列表
}
