{
	"health":700,//血量
	"armor": 2
	"size":1 ,//边长
	"requirements": [
		{ "item": "copper", "amount":3}
		{ "item": "graphite", "amount":3}
	],
	"category": "defense",//不能改
	"research": {
	"parent": "copper-wall"//科技树前置
	"requirements": [//研究花费
	"copper/150",
	"graphite/150",
	]	},
"absorbLasers":false,//吸收激光（塑钢墙同款）
"chanceDeflect":0,//反弹概率（1=1%）
"lightningChance":0//放电概率（1=100%）
"lightningDamage":0//闪电伤害
"lightningLength":0//闪电长度（1=0.5格）
}