{
   "immunities": [
      "生物毒性-1",
      "生物毒性-2",
      "生物毒性-3",
      "亡祭"
   ],
   "type": "flying",
   "armor": 4,
   "createScorch": false,
   "faceTarget": true,
   "circleTarget": true,
   "omniMovement": true,
   "rotateMoveFirst": true,
   "flying": true,
   "accel": 0.4,
   "rotateSpeed": 3,
   "drag": 0.2,
   "dpsEstimate": 80,
   "range": 130,
   "hitSize": 8,
   "trailLength": 3,
   "speed": 4.6,
   "health": 1300,
   "healColor": "323232FF",
   "weapons": [
      {
         "name": "冲刺",
         "x": 0,
         "y": 0,
         "mirror": false,
         "shootSound": "none",
         "reload": 25,
         "shoot": {
            "shots": 3,
            "shotDelay": 1
         },
         "bullet": {
            "type": "RailBulletType",
            "damage": 36,
            "pierceDamageFactor": 0,
            "length": 80,
            "recoil": -20,
            "shootEffect": "none",
            "smokeEffect": "none"
         }
      }
   ]
}