{
   "immunities": [
      "生物毒性-1",
      "生物毒性-2",
      "生物毒性-3",
      "freezing",
      "锁住你的牛子",
      "辐射损伤",
      "孢炎",
      "损坏",
      "酸蚀",
      "强酸蚀",
      "根除者威名",
      "灵液",
      "溶解之兆",
      "亡祭"
   ],
//  "type": "flying",
   "armor": 96,
   "engineSize": 6,
   "flying": true,
   "createScorch": false,
   "faceTarget": true,
   "circleTarget": true,
   "omniMovement": true,
   "rotateMoveFirst": true,
   "accel": 0.4,
   "rotateSpeed": 3,
   "drag": 0.2,
   "dpsEstimate": 80,
   "range": 550,
   "hitSize": 35,
   "trailLength": 5,
   "speed": 4.8,
   "health": 64500,
   "healColor": "323232FF",
   "weapons": [
      {
         "name": "亡魂冲刺",
         "x": 0,
         "y": 0,
         "mirror": false,
         "shootSound": "none",
         "reload": 25,
         "shoot": {
            "shots": 16,
            "shotDelay": 1
         },
         "bullet": {
            "type": "RailBulletType",
            "damage": 135,
            "pierceDamageFactor": 0,
            "length": 80,
            "status": "亡祭",
            "statusDuration": 60,
            "recoil": -10,
            "shootEffect": "none",
            "smokeEffect": "none"
         }
      },
      {
         "name": "none",
         "mirror": true,
         "y": 0,
         "x": 1.3,
         "shootX": 0,
         "reload": 800,
         "shoot": {
            "shots": 9,
            "shotDelay": 2
         },
         "recoil": 0.4,
         "shootStatusDuration": 60,
         "shootStatus": "unmoving",
         "parentizeEffects": true,
         "shake": 0.2,
         "shootSound": "missileSmall",
         "rotate": true,
         "inaccuracy": 360,
         "bullet": {
            "spawnUnit": "计划战争-亡仆",
            "speed": 3
         }
      },
      {
         "name": "none",
         "mirror": true,
         "y": 0,
         "x": 1.3,
         "shootX": 0,
         "reload": 800,
         "shoot": {
            "shots": 6,
            "shotDelay": 2
         },
         "recoil": 0.4,
         "shootStatusDuration": 60,
         "shootStatus": "unmoving",
         "parentizeEffects": true,
         "shake": 0.2,
         "shootSound": "missileSmall",
         "rotate": true,
         "inaccuracy": 360,
         "bullet": {
            "spawnUnit": "计划战争-亡魂",
            "speed": 3
         }
      },
      {
         "name": "none",
         "mirror": true,
         "y": 0,
         "shoot": {
            "shots": 29,
            "shotDelay": 2
         },
         "x": 1.3,
         "shootX": 0,
         "reload": 2000,
         "recoil": 0.4,
         "shootStatusDuration": 60,
         "shootStatus": "unmoving",
         "parentizeEffects": true,
         "shake": 0.2,
         "shootSound": "missileSmall",
         "rotate": true,
         "inaccuracy": 360,
         "bullet": {
            "spawnUnit": "计划战争-小亡魂",
            "speed": 3
         }
      }
   ],
   "abilities": [
      {
         "type": "StatusFieldAbility",
         "effect": "亡祭",
         "duration": 360,
         "reload": 480,
         "range": 80
      },
      {
         "type": "RepairFieldAbility",
         "amount": 990,
         "reload": 450,
         "range": 140,
         "activeEffect": {
            "type": "ParticleEffect",
            "colorFrom": "C4C4C4FF",
            "colorTo": "323232FF",
            "particles": 60,
            "randLength": true,
            "cone": 360,
            "length": 100,
            "baseLength": 1,
            "offsetX": 0,
            "offsetY": 0,
            "lightScl": 2,
            "lightOpacity": 0.6,
            "lightColor": "C4C4C4FF",
            "spin": 0,
            "sizeFrom": 30,
            "sizeTo": 0,
            "useRotation": true,
            "offset": 0,
            "region": "circle",
            "line": false,
            "strokeFrom": 30,
            "strokeTo": 0,
            "lenFrom": 30,
            "lenTo": 0
         }
      },
      {
         "type": "RegenAbility",
         "percentAmount": 0.005
      },
      {
         "type": "MoveEffectAbility",
         "x": 0,
         "y": -2,
         "color": "C4C4C4FF",
         "effect": {
            "type": "ParticleEffect",
            "colorFrom": "C4C4C4FF",
            "colorTo": "323232FF",
            "particles": 19,
            "randLength": true,
            "cone": 190,
            "length": 19,
            "baseLength": 3,
            "offsetX": 0,
            "offsetY": 0,
            "lightScl": 3,
            "lightOpacity": 0.5,
            "lightColor": "C4C4C4FF",
            "spin": 0,
            "sizeFrom": 15,
            "sizeTo": 0.6,
            "region": "circle",
            "line": false
         },
         "display": false
      },
      {
         "type": "MoveLightningAbility",
         "minSpeed": 0,
         "maxSpeed": 0,
         "damage": 0,
         "chance": 1,
         "length": 1,
         "color": "C4C4C4FF",
         "shootSound": "none",
         "shootEffect": {
            "region": "计划战争-亡n",
            "type": "ParticleEffect",
            "particles": 1,
            "sizeFrom": 30,
            "sizeTo": 0,
            "length": 15,
            "lifetime": 15,
            "colorFrom": "C4C4C4FF",
            "colorTo": "323232FF"
         }
      }
   ]
}