{
   "parts": [
      {
         "type": "ShapePart",
         "stroke": 1,
         "strokeTo": 2,
         "color": "9EECFFFF",
         "circle": true,
         "hollow": true,
         "radius": 5,
         "radiusTo": 3,
         "layer": 110
      },
      {
         "type": "ShapePart",
         "stroke": 2.5,
         "strokeTo": 3,
         "color": "9EFFDDFF",
         "circle": true,
         "hollow": true,
         "radius": 5,
         "radiusTo": 8,
         "layer": 110
      },
      {
         "type": "ShapePart",
         "stroke": 1,
         "strokeTo": 3,
         "color": "96FFFBFF",
         "circle": true,
         "hollow": false,
         "radius": 3,
         "radiusTo": 4,
         "layer": 110
      },
      {
         "type": "HaloPart",
         "rotateSpeed": 0,
         "sides": 2,
         "shapes": 2,
         "color": "96FFFBFF",
         "tri": true,
         "hollow": false,
         "stroke": 2,
         "strokeTo": 3,
         "radius": 2,
         "radiusTo": 2,
         "triLength": 2,
         "triLengthTo": 4,
         "haloRadius": 20,
         "haloRotation": 1,
         "haloRotateSpeed": 2,
         "layer": 80
      },
      {
         "type": "HaloPart",
         "rotateSpeed": 0,
         "sides": 2,
         "shapes": 2,
         "color": "96FFFBFF",
         "tri": true,
         "hollow": false,
         "stroke": 2,
         "strokeTo": 3,
         "radius": 2,
         "radiusTo": 2,
         "triLength": 2,
         "triLengthTo": 4,
         "haloRadius": 20,
         "haloRotation": 1,
         "haloRotateSpeed": -2,
         "layer": 80
      }
   ],
   "type": "flying",
   "speed": 2.55,
   "drag": 0.05,
   "accel": 0.04,
   "flying": true,
   "engineOffset": 46,
   "engineSize": 0,
   "hitSize": 10,
   "faceTarget": true,
   "lowAltitude": true,
   "health": 900,
   "armor": 25,
   "rotateSpeed": 1.1415926535,
   "drawCell": false,
   "drawBody": false,
   "lightRadius": 125,
   "abilities": [
      {
         "type": "RegenAbility",
         "percentAmount": 0.01
      }
   ],
   "weapons": [
      {
         "name": "防守",
         "type": "PointDefenseWeapon",
         "x": 0,
         "y": 0,
         "rotate": true,
         "recoil": 0,
         "rotateSpeed": 19,
         "reload": 3,
         "targetInterval": 6,
         "targetSwitchInterval": 6,
         "bullet": {
            "speed": 10,
            "lifetime": 35,
            "shootEffect": "sparkShoot",
            "hitEffect": "pointHit",
            "maxRange": 50,
            "damage": 90
         }
      }
   ]
}