{
	"type": "GenericCrafter",
	"name": "速布",
	"description": "更快的制布",
	"details":"速制科技有限公司"
	"outputItems":["phase-fabric/2",]//产出
	"size":2,//建筑大小
	"health":1000,//血量
	"craftTime":24,//÷60
	"itemCapacity":50,//容量
	"consumes": {
    "power":4,//×60
    "items":{
          "items":[
	            "thorium/3","sand/7",
	]
	}
	}
    "requirements":[
                  "lead/60","thorium/38","silicon/65",
	],//建造材料
    "category": "crafting",
	"research":
    {"parent":"速硅",
    "requirements":[
                  "lead/60",
                  "thorium/38",
                  "silicon/65",
                  "phase-fabric/100",
    ]   
    }
	"idleSound":"respawning",
	"updateEffect":"smeltsmoke",
	"idleSoundVolume": 0.5
	"hasPower": true,
	"hasLiquids": false,
	"hasItems": true,
    "buildCostMultiplier":0.001,
}
//"drawer":{
//    "type":"DrawMulti",
//    "drawers":[
//    "DrawDefault",
//    "DrawFlame"
//    ]
//    }