{
	"type": "GenericCrafter",
	"name": "速石墨",
	"description": "速石墨",
	"details":"速制科技有限公司"
	"outputItems":["graphite/3",]//产出
	"size":2,//建筑大小
	"health":1000,//血量
	"craftTime":12,//÷60
	"itemCapacity":60,//容量
	"consumes":{
    "power":3.6,//×60
    "items":{
          "items":[
	            "coal/4",
	]
	}
	}
    "requirements":[
                  "graphite/755",
	],//建造材料
    "category": "crafting",
	"research":
    {"parent":"平民科技协议",
    "requirements":[
                  "copper/5000"
                  "graphite/10000",
    ]   
    }
	"idleSound":"respawning",
	"updateEffect":"smeltsmoke",
	"idleSoundVolume": 0.5
	"hasPower": true,
	"hasLiquids": false,
	"hasItems": true,
    "buildCostMultiplier":0.001,
}
//"drawer":{
//    "type":"DrawMulti",
//    "drawers":[
//    "DrawDefault",
//    "DrawFlame"
//    ]
//    }