{
    "type": "tank",//类型，写在js里了故此处不写
    "name":"先锋"
    "description":"高机动性陆地单位，发射标准子弹攻击。",//介绍
	"details":"飙车不规范，亲人两行泪。"
	"research": "基本单位工厂",//科技树前置
    "squareShape":false//方形影子
    "omniMovement":true//同时移动（诡异漂移）
    "rotateMoveFirst":false//机械转动移动
    "rotateSpeed":1.3//履带速度
    "envDisabled":0
    "speed":1.15//速度
    "hitSize":10//碰撞箱
    "treadPullOffset":3//履带拉力
    "rotateSpeed":3.5//转头速度
    "health":160
    "armor":0
    "range":72
    "itemCapacity":20//物品容量
    "singleTarget": false,//只有一个目标
	"weapons": [//武器
		{"name": "先锋武器",//武器贴图
		"shake":0.5,
		"reload":8,//攻速
		"x":3,"y":0,//位置
		"shootX":1
		"top": false,//旋转
		"ejectEffect": "casing1",//攻击特效
		"inaccuracy":1,//不准确度
		"bullet": {//子弹
			"type": "BasicBulletType",//类型
			"damage":6,//单体伤害
			"speed":5,//速度
			"width":5,"height":12,//宽长度
			"lifetime":27.5,//存在时间
			"shootEffect": "shootSmall",//攻击特效
			"smokeEffect": "shootSmallSmoke",//烟雾特效
			"ammoMultiplier": 2}	}	]//子弹装填速度
}