{
    "type": "tank",//类型，写在js里了故此处不写
    "name":"开拓"
    "description":"二级陆地单位，使用霰弹枪造成大规模破坏。\n另配有一把能灵活旋转的轻武器，能攻击其他方向的敌人了。",//介绍
    "details":"摩托为什么能原地转弯？\n别问，问就是车技。"
	"research": "先锋",//科技树前置
    "squareShape":false//方形影子
    "omniMovement":true//同时移动（诡异漂移）
    "rotateMoveFirst":false//机械转动移动
    "rotateSpeed":1.5//履带速度
    "envDisabled":0
    "speed":0.9//速度
    "hitSize":12//碰撞箱
    "treadPullOffset":3//履带拉力
    "rotateSpeed":3.5//转头速度
    "health":560//血量
    "armor":0//护甲
    "range":56//攻击距离
    "itemCapacity":20//物品容量
    "singleTarget": true,//只有一个目标
	"weapons": [//武器
		{"name": "开拓武器",//武器贴图
		"mirror": true,
		"rotate": false,//转向
		"reload":24,//攻速
		"x":6,"y":0,//位置
		"top": true,//旋转
		"alternate":true,//轮流射击
		"inaccuracy":30,//不准确度
	"shoot": {
    "type": "shootBarrel",
    "shots": 6,
    "spread": 6
}
		"ejectEffect": "casing1",//攻击特效
		"bullet": {//子弹
			"type": "BasicBulletType",//类型
			"sprite":"野性之心-square",//子弹贴图
			"damage":16,//单体伤害
			"speed":8,//速度
			"width":4,"height":10,//宽长度
			"lifetime":8,//存在时间
			"shootEffect": "shootSmall",//攻击特效
			"smokeEffect": "shootSmallSmoke",//烟雾特效
			"ammoMultiplier": 2}	}
			{"name": "开拓武器2",//武器贴图
		"shootSound" : "shootAlt",
		"mirror": false,
		"rotate": true,//转向
		"rotateSpeed": 12,
		"reload":72,//攻速
		"x":0,"y":0,//位置
		"top": true,//旋转
		"inaccuracy":4,//不准确度
		"shoot":{"shots":3,//每轮子弹
		"shotDelay":3}//子弹间隔
		"ejectEffect": "casing1",//攻击特效
		"bullet": {//子弹
			"type": "BasicBulletType",//类型
			"damage":6,//单体伤害
			"speed":5,//速度
			"width":5,"height":10,//宽长度
			"lifetime":27.5,//存在时间
			"shootEffect": "shootSmall",//攻击特效
			"smokeEffect": "shootSmallSmoke",//烟雾特效
			"ammoMultiplier": 2}	}
				]
}