{
    "type": "tank",//类型，写在js里了故此处不写
    "name":"灼灭"
    "description":"究极陆地单位，喷吐火舌的同时发射强大的镭射导弹。",//介绍
	"details":"死吧，虫子！",
	"research": "破坏",//科技树前置
    "squareShape":false//方形影子
    "omniMovement":false//同时移动（诡异漂移）
    "drownTimeMultiplier":2,//淹死时间
    "rotateMoveFirst":false//履带先移动
    "rotateSpeed":1//履带速度
    "envDisabled":0
    "speed":0.4//速度
    "hitSize":35//碰撞箱
    "treadPullOffset":3//履带拉力
    "rotateSpeed":1//转头速度
    "health":4850,
    "armor":5
    "range":192,
    "itemCapacity":60//物品容量
    "singleTarget": false,//只有一个目标
    "immunities": [
        "melting",
        "burning"
        ],//状态豁免
	"weapons": [//武器
		{"name": "灼灭武器",//武器贴图
		"range":192,
		"shake":1.5,
		"rotateSpeed":3//转头速度
		"rotate": true,//转向
		"shootSound" : "shootBig",
		"reload":10,//攻速
		"x":0,"y":0,//位置
		"top": true,//旋转
		"ejectEffect": "none",//抛壳特效
		"alternate":false,//轮流射击
		"shoot": {
    "type": "shootBarrel",
    "shots": 1,//炮口数量
    "barrels": [-20,12,0,20,12,0],//炮口位置（左右，前后，偏角）
    "spread": 0//角度
}
		"bullet": {//子弹
			"type": "BasicBulletType",//类型
			"sprite":"missile-large",//子弹贴图
			"hitEffect": "massiveExplosion",
			"damage":26,//单体伤害
			"knockback":0.8,//击退力
			"speed":8,//速度
			"width":12,"height":20,//宽长度
			"lifetime":25,//存在时间
			"shootEffect": "shootBig",//攻击特效
			"smokeEffect": "shootBigSmoke",//烟雾特效
			"splashDamageRadius": 28,//伤害范围
			"splashDamage": 18,//范围伤害
			"status":"blasted",//附加效果
            /*"statusDuration": 60//效果时长*/
            "trailWidth":4,
            "trailLength":12,
            "trailColor":"faa755",//尾迹颜色
            "homingRange":80,//跟踪半径
	        "homingPower":0.06,//跟踪力度（1=3000度）
	    "fragRandomSpread":0,//分裂角度
	    "fragSpread":90,//分裂角度
		"fragBullets":4,
		"fragBullet":{
		"type" : "LaserBulletType",
                   "length" : 18,
                    "damage" : 12,
                    "width" : 12,
                    "lifetime" : 12,
                    "pierce":true,//穿透
                    "sideAngle":45,
			"pierceCap":4,//穿透数量
            "hitEffect":"hitLancer"
			"colors": [
			"f58220",
			"faa755",
			"fab27b"
		],}
			}	},
	{"name": "空",//武器贴图
		"rotateSpeed":0//转头速度
		"rotate": false,//转向
		"x":0,"y":0,//位置
		"ejectEffect": "none",//抛壳特效
		"reload": 6,//装填速度
    	"range": 142,//范围
	    "shootCone":45,
    	"shootSound":"flame",
	"bullet": {
		"type": "BasicBulletType",
		"collidesAir": true,
		"speed": 12,
		"damage":16,
		"knockback":0.4,//击退力
		"width": 0.1,"height": 0.1,
		"smokeEffect": "none",
		"lifetime": 8,
		"despawnEffect": "none",
		"hittable": false,
		"reflectable": false,
		"pierce": true,
		"incendAmount": 5
	"shootEffect": {
		"type": "ParticleEffect",
		"particles": 30,
		"sizeFrom": 5,
		"sizeTo": 0,
		"length": 160,
		"lifetime": 45,
		"interp": "circleOut",
		"colorFrom": "faa755",
		"colorTo": "f47920",
		"cone": 20},
	"hitEffect": {
		"type": "ParticleEffect",
		"particles": 15,
		"sizeFrom": 5,
		"sizeTo": 0,
		"length": 20,
		"lifetime": 15,
		"interp": "circleOut",
		"colorFrom": "f47920",
		"colorTo": "ffce7b",
		"cone": 360
	}	}
	    }
		]
}