{
	"type": "GenericCrafter",
	"health": 200,
	"name": "窑炉",
	"description": "将沙和铅熔炼成钢化玻璃",
	"outputItem": {"item": "metaglass", "amount": 5},
	"itemCapacity": 20,
	"size": 2,
	"hasPower": true,
	"hasLiquids": false,
	"hasItems": true,
	"craftTime": 40,
	"updateEffect": "mineBig",
	"consumes": {
	"power": 0.9
	"items": {	"items": [
	{ "item": "lead", "amount": 2 },
	{ "item": "sand", "amount": 2 },
		]
		}
	},
	"requirements": [
		{ "item": "copper", "amount": 30 },
		"lead/25"
		"建筑废料/50"
		"graphite/20"
		],
		    "drawer":{
        "type":"DrawMulti",
        "drawers":[
            "DrawDefault",
            "DrawFlame"
            ]
    },
	    "category": "crafting",
        "research": "TL-硅冶炼厂"
	"idleSound": "respawning",
	"idleSoundVolume": 0.2
}