{
    "type": "hover",
    "flying": false,
    "hovering": true,
    "name": "浮云",
    "rotateSpeed": 1.8,
    "canDrown":false,
    "speed": 1.5,
    "accel": 0.08,
    "drag": 0.07,
    "hitSize": 38,
    "trailLength": 45,
    "waveTrailX": 12,
    "waveTrailY": -23,
    "trailScl": 3,
    "ammoType": {
        "type": "PowerAmmoType",
        "totalPower": 12000
    },
    "ammoCapacity": 50,
    "health": 11200,
    "armor": 15,
    "itemCapacity": 0,
    "faceTarget": true,
    "abilities": [
        {
            "type": "ShieldRegenFieldAbility",
            "amount": 100,
            "max": 1200,
            "reload": 120,
            "range": 40,
            "applyEffect": "none",
            "activeEffect": {
                "type": "WaveEffect",
                "interp": "circleOut",
                "lifetime": 45,
                "sides":6,
                "sizeTo": 65,
                "strokeFrom": 6,
                "strokeTo": 0,
                "colorFrom": "FEEBB3",
                "colorTo": "FEEBB3"
            }
        },
        {
            "type": "MoveEffectAbility",
            "minVelocity": 0,
            "interval": 10,
            "effect": {
                "type": "MultiEffect",
                "effects": [
                    {
                        "type": "ParticleEffect",
                        "particles": 12,
                        "sizeFrom": 3,
                        "sizeTo": 0,
                        "lifetime": 30,
                        "interp": "pow5Out",
                        "sizeInterp": "pow5In",
                        "baseLength": 0,
                        "length": 30,
                        "layer": 60,
                        "colorFrom": "FEEBB3A8",
                        "colorTo": "E3E3E380"
                    },
                    {
                        "type": "ParticleEffect",
                        "particles": 2,
                        "sizeFrom": 9,
                        "sizeTo": 0,
                        "lifetime": 30,
                        "interp": "pow5Out",
                        "sizeInterp": "pow5In",
                        "baseLength": 0,
                        "length": 29,
                        "layer": 60,
                        "colorFrom": "FEEBB3A8",
                        "colorTo": "E3E3E380"
                    }
                ]
            }
        }
    ],
    "parts": [
        {
            "type": "HoverPart",
            "layerOffset": -1,
            "sides": 6,
            "mirror": false,
            "radius": 40,
            "color": "FEEBB3",
            "phase": 300,
            "circles": 4,
            "stroke": 6,
            "minStroke": 0.2
        }
    ],
    "researchCostMultiplier": 0.5,
	"research": {
		"parent": "电鳄装配厂"/*,
		"objectives": [
			{
				"type": "Research",
				"content": "长弓"
			}
		]*/
	},
    "weapons": [
        {
			"name": "轰炸1",
			"reload": 250,
			"x": 0,
			"y": 0,
			"rotate": true,
			"mirror": false,
			"alternate": false,
			"rotateSpeed": 1.5,
			"minWarmup": 0.93,
			"shootWarmupSpeed": 0.05,
			"parts": [
				{
					"type": "RegionPart",
					"mirror": true,
					"suffix": "-前",
					"under": true,
					"moveY": -4,
					"progress": "warmup"
				}
			],
			"shoot": {
				"shots": 100,
				"shotDelay": 1.5
			},
			"xRand": 4,
			"inaccuracy": 6,
			"shootSound": "missile",
			"shootStatus": "饱和火力-重载",
			"shootStatusDuration": 200,
			"velocityRnd": 0.1,
			"bullet": {
				"type": "ArtilleryBulletType",
				"sprite": "饱和火力-导弹",
				"backColor": "FF7055",
				"frontColor": "E3E3E3",
				"width": 8,
				"height": 45,
				"trailChance": 0,
				"trailInterval": 1,
				"trailEffect": {
					"type": "ParticleEffect",
					"particles": 3,
					"length": 30,
					"baseLength": 0,
					"sizeInterp": "pow5In",
					"lifetime": 10,
					"colorFrom": "E3E3E3",
					"colorTo": "E3E3E380",
					"sizeFrom": 2.6,
					"sizeTo": 0,
					"cone": 8
				},
				"trailRotation": true,
				"splashDamage": 85,
				"splashDamageRadius": 45,
				"buildingDamageMultiplier": 2,
				"collides": false,
				"status": "blasted",
				"shootEffect": "shootSmallFlame",
				"smokeEffect": {
					"type": "ParticleEffect",
					"particles": 9,
					"interp": "pow10Out",
					"sizeInterp": "pow10In",
					"sizeFrom": 6,
					"sizeTo": 0,
					"length": -58,
					"baseLength": -20,
					"lifetime": 42,
					"colorFrom": "73737390",
					"colorTo": "73737390",
					"cone": 40,
					"layer": 49
				},
				"speed": 12,
				"lifetime": 43.5,
				"hitShake": 2,
				"hitSound": "explosion",
				"hitEffect": {
					"type": "MultiEffect",
					"effects": [
						{
							"type": "ParticleEffect",
							"particles": 8,
							"sizeFrom": 10,
							"sizeTo": 0,
							"length": 35,
							"baseLength": 33,
							"lifetime": 35,
							"colorFrom": "737373FF",
							"colorTo": "737373FF"
						},
						{
							"type": "ParticleEffect",
							"particles": 12,
							"line": true,
							"strokeFrom": 2,
							"strokeTo": 0,
							"lenFrom": 16,
							"lenTo": 8,
							"length": 66,
							"baseLength": 3,
							"lifetime": 12,
							"colorFrom": "FFFFFF",
							"colorTo": "FFE176FF"
						},
						{
							"type": "ParticleEffect",
							"particles": 1,
							"sizeFrom": 0,
							"sizeTo": 45,
							"length": 0,
							"baseLength": 0,
							"sizeInterp": "pow5Out",
							"lifetime": 12,
							"layer": 50,
							"colorFrom": "FFFFFF88",
							"colorTo": "73737300"
						},
						{
							"type": "WaveEffect",
							"lifetime": 10,
							"sizeFrom": 0,
							"sizeTo": 48,
							"interp": "circleOut",
							"strokeFrom": 15,
							"strokeTo": 0,
							"layer": 50,
							"colorFrom": "FFFFFF",
							"colorTo": "737373A8"
						}
					]
				},
				"despawnEffect": "flakExplosionBig"
			}
		}
        {
            "name":"竭泽2",
            "x":12,
            "y":6,
            "reload":10,
            "rotate":true,
            "rotateSpeed":6,
            "shootCone":5,
            "shootSound":"sap",
            "soundPitchMin":0.5,
            "soundPitchMax":0.5,
            "recoil":1,
            "bullet":{
                "type":"LaserBulletType",
                "damage":45,
                "buildingDamageMultiplier": 1.25,
                "lifesteal":0.4,
                "pierceArmor":true,
                "status":"饱和火力-崩溃",
                "statusDuration":12,
                "width":8,
                "lifetime":20,
                "length":180,
                "sideWidth":1.4,
                "sideLength":18,
                "smokeEffect": "none",
                "shootEffect": "shootSmallColor",
                "colors": [
                    "FEEBB390",
                    "FEEBB380",
                    "FFFFFF"
                ],
                "hitEffect":"hitLaserColor",
                "hitColor":"FEEBB3"
            }
        },
        {
            "name":"竭泽2",
            "x":-17.5,
            "y":-6,
            "reload":12,
            "rotate":true,
            "rotateSpeed":6,
            "shootCone":5,
            "shootSound":"sap",
            "soundPitchMin":0.5,
            "soundPitchMax":0.5,
            "recoil":1,
            "bullet":{
                "type":"LaserBulletType",
                "damage":50,
                "buildingDamageMultiplier": 1.25,
                "lifesteal":0.4,
                "pierceArmor":true,
                "status":"饱和火力-崩溃",
                "statusDuration":12,
                "width":8,
                "lifetime":20,
                "length":180,
                "sideWidth":1.4,
                "sideLength":18,
                "smokeEffect": "none",
                "shootEffect": "shootSmallColor",
                "colors": [
                    "FEEBB390",
                    "FEEBB380",
                    "FFFFFF"
                ],
                "hitEffect":"hitLaserColor",
                "hitColor":"FEEBB3"
            }
        }
    ]
}