{
	"type": "naval",
	"name": "错位滕王",
	"speed": 0.58,
	"rotateSpeed": 0.75,
	"ammoType": "饱和火力-裂位能",
	"ammoCapacity": 200,
	"hitSize": 80,
	"trailLength": 160,
	"waveTrailX": 25,
	"waveTrailY": -46,
	"trailScl": 5,
	"health": 158000,
	"armor": 48,
	"faceTarget": false,
	"research": "omura",
	"weapons": [
		{
			"name": "蛟龙1",
			"x": 17,
			"y": -29,
			"reload": 30,
			"shootCone": 60,
			"shoot": {
				"type": "ShootSpread",
				"shots": 5,
				"spread": 8
			},
			"shootSound": "missile",
			"rotate": true,
			"rotateSpeed": 4,
			"inaccuracy": 6,
			"xRand": 6,
			"autoTarget": true,
			"bullet": {
				"type": "MissileBulletType",
				"damage": 70,
				"splashDamageRadius": 45,
				"splashDamage": 96,
				"homingDelay": 15,
				"homingRange": 60,
				"homingPower": 0.35,
				"shootEffect": "shootBig2",
				"smokeEffect": "shootSmallFlame",
				"hitEffect": "flakExplosionBig",
				"hitSound": "explosion",
				"trailLength": 9,
				"trailWidth": 2.5,
				"width": 12,
				"height": 13,
				"speed": 6,
				"lifetime": 78.5
			}
		},
		{
			"name": "蛟龙1",
			"x": -32,
			"y": -40,
			"reload": 54,
			"shootCone": 60,
			"shoot": {
				"shots": 5,
				"shotDelay": 2
			},
			"shootSound": "missile",
			"rotate": true,
			"rotateSpeed": 4,
			"inaccuracy": 10,
			"xRand": 6,
			"autoTarget": true,
			"bullet": {
				"type": "MissileBulletType",
				"damage": 84,
				"splashDamageRadius": 42,
				"splashDamage": 45,
				"homingDelay": 38.5,
				"homingRange": 60,
				"homingPower": 0.4,
				"shootEffect": "shootBig2",
				"smokeEffect": "shootSmallFlame",
				"hitEffect": "plasticExplosion",
				"hitSound": "explosion",
				"trailLength": 9,
				"trailWidth": 2.5,
				"width": 12,
				"height": 13,
				"speed": 8,
				"lifetime": 58.5,
				"frontColor": "cbd97f",
				"fragBullets": 8,
				"fragBullet": {
					"despawnEffect": "none",
					"speed": 2.8,
					"damage": 36,
					"width": 10,
					"height": 12,
					"shrinkY": 1,
					"lifetime": 15,
					"backColor": "d8d97f",
					"frontColor": "fffac6"
				}
			}
		},
		{
			"name": "错位",
			"reload": 160,
			"x": 0,
			"y": 0,
			"rotate": true,
			"rotateSpeed": 2.65,
			"mirror": false,
			"inaccuracy": 0,
			"recoil": 12,
			"cooldownTime": 160,
			"shootSound": "release",
			"shake": 12,
			"bullet": {
				"type": "BasicBulletType",
				"hittable": false,
				"damage": 1280,
				"pierce": true,
				"shootEffect": {
					"type": "ParticleEffect",
					"particles": 15,
					"sizeFrom": 16,
					"sizeTo": 0,
					"length": 85,
					"baseLength": 9,
					"lifetime": 15,
					"colorFrom": "EEC591",
					"colorTo": "EEC591",
					"cone": 40
				},
				"despawnEffect": "none",
				"hitEffect": {
					"type": "MultiEffect",
					"effects": [
						{
							"type": "ParticleEffect",
							"particles": 15,
							"sizeFrom": 9,
							"sizeTo": 0,
							"length": 85,
							"baseLength": 9,
							"lifetime": 15,
							"colorFrom": "EEC591",
							"colorTo": "FFFFFF",
							"cone": 70
						},
						{
							"type": "WaveEffect",
							"lifetime": 10,
							"sizeFrom": 5,
							"sizeTo": 80,
							"strokeFrom": 9,
							"strokeTo": 0,
							"colorFrom": "EEC591",
							"colorTo": "EEC591"
						}
					]
				},
				"hitSound": "plasmaboom",
				"shrinkY": 0,
				"sprite": "饱和火力-透彻",
				"width": 16,
				"height": 40,
				"frontColor": "EEC591",
				"backColor": "EEC591",
				"trailLength": 10,
				"trailWidth": 3,
				"trailColor": "EEC591",
				"bulletInterval": 0.5,
				"intervalBullets": 1,
				"intervalRandomSpread": 60,
				"intervalSpread": 8,
				"intervalAngle": 0,
				"intervalBullet": {
					"type": "BasicBulletType",
					"hitEffect": {
						"type": "MultiEffect",
						"effects": [
							{
								"type": "ParticleEffect",
								"particles": 8,
								"sizeFrom": 6,
								"sizeTo": 0,
								"length": 55,
								"baseLength": 9,
								"lifetime": 15,
								"colorFrom": "EEC591",
								"colorTo": "FFFFFF",
								"cone": 40
							},
							{
								"type": "WaveEffect",
								"lifetime": 10,
								"sizeFrom": 6,
								"sizeTo": 50,
								"strokeFrom": 6,
								"strokeTo": 0,
								"colorFrom": "EEC591",
								"colorTo": "EEC591"
							}
						]
					},
					"despawnEffect": "instBomb",
					"hitSoundVolume": 0.15,
					"hitSound": "plasmaboom",
					"width": 0,
					"height": 0,
					"damage": 36,
					"collides": false,
					"splashDamageRadius": 52,
					"splashDamage": 60,
					"pierceArmor": true,
					"lifetime": 30,
					"speed": 0.5,
					"lightningColor": "EEC591",
					"lightningDamage": 13,
					"lightning": 4,
					"lightningLength": 4
				},
				"speed": 16,
				"lifetime": 52.5,
				"status": "饱和火力-崩溃",
				"statusDuration": 320,
				"splashDamageRadius": 80,
				"splashDamage": 170,
				"ammoMultiplier": 1,
				"fragRandomSpread": 0,
				"fragBullets": 1,
				"fragBullet": {
					"type": "BasicBulletType",
					"pierce": true,
					"hitEffect": {
						"type": "MultiEffect",
						"effects": [
							{
								"type": "ParticleEffect",
								"particles": 8,
								"sizeFrom": 6,
								"sizeTo": 0,
								"length": 55,
								"baseLength": 9,
								"lifetime": 15,
								"colorFrom": "EEC591",
								"colorTo": "FFFFFF",
								"cone": 40
							},
							{
								"type": "WaveEffect",
								"lifetime": 10,
								"sizeFrom": 6,
								"sizeTo": 50,
								"strokeFrom": 6,
								"strokeTo": 0,
								"colorFrom": "EEC591",
								"colorTo": "EEC591"
							}
						]
					},
					"despawnEffect": "instBomb",
					"hitSound": "plasmaboom",
					"width": 0,
					"height": 0,
					"damage": 60,
					"collides": true,
					"splashDamageRadius": 52,
					"splashDamage": 60,
					"pierceArmor": true,
					"lifetime": 9,
					"speed": 4,
					"lightningColor": "EEC591",
					"lightningDamage": 22,
					"lightning": 3,
					"lightningLength": 6,
					"lightningLengthRand": 6,
					"fragRandomSpread": 0,
					"fragBullets": 1,
					"fragBullet": {
						"type": "BasicBulletType",
						"pierce": true,
						"hitEffect": {
							"type": "MultiEffect",
							"effects": [
								{
									"type": "ParticleEffect",
									"particles": 8,
									"sizeFrom": 6,
									"sizeTo": 0,
									"length": 55,
									"baseLength": 9,
									"lifetime": 15,
									"colorFrom": "EEC591",
									"colorTo": "FFFFFF",
									"cone": 40
								},
								{
									"type": "WaveEffect",
									"lifetime": 10,
									"sizeFrom": 6,
									"sizeTo": 50,
									"strokeFrom": 6,
									"strokeTo": 0,
									"colorFrom": "EEC591",
									"colorTo": "EEC591"
								}
							]
						},
						"despawnEffect": "instBomb",
						"hitSound": "plasmaboom",
						"width": 0,
						"height": 0,
						"damage": 60,
						"collides": true,
						"splashDamageRadius": 52,
						"splashDamage": 60,
						"pierceArmor": true,
						"lifetime": 9,
						"speed": 4,
						"lightningColor": "EEC591",
						"lightningDamage": 22,
						"lightning": 3,
						"lightningLength": 6,
						"lightningLengthRand": 6,
						"fragRandomSpread": 0,
						"fragBullets": 1,
						"fragBullet": {
							"type": "BasicBulletType",
							"pierce": true,
							"hitEffect": {
								"type": "MultiEffect",
								"effects": [
									{
										"type": "ParticleEffect",
										"particles": 8,
										"sizeFrom": 6,
										"sizeTo": 0,
										"length": 55,
										"baseLength": 9,
										"lifetime": 15,
										"colorFrom": "EEC591",
										"colorTo": "FFFFFF",
										"cone": 40
									},
									{
										"type": "WaveEffect",
										"lifetime": 10,
										"sizeFrom": 6,
										"sizeTo": 50,
										"strokeFrom": 6,
										"strokeTo": 0,
										"colorFrom": "EEC591",
										"colorTo": "EEC591"
									}
								]
							},
							"despawnEffect": "instBomb",
							"hitSound": "plasmaboom",
							"width": 0,
							"height": 0,
							"damage": 60,
							"collides": true,
							"splashDamageRadius": 52,
							"splashDamage": 60,
							"pierceArmor": true,
							"lifetime": 9,
							"speed": 4,
							"lightningColor": "EEC591",
							"lightningDamage": 22,
							"lightning": 3,
							"lightningLength": 6,
							"lightningLengthRand": 6,
							"fragRandomSpread": 0,
							"fragBullets": 1,
							"fragBullet": {
								"type": "BasicBulletType",
								"hitEffect": {
									"type": "MultiEffect",
									"effects": [
										{
											"type": "ParticleEffect",
											"particles": 8,
											"sizeFrom": 6,
											"sizeTo": 0,
											"length": 55,
											"baseLength": 9,
											"lifetime": 15,
											"colorFrom": "EEC591",
											"colorTo": "FFFFFF",
											"cone": 40
										},
										{
											"type": "WaveEffect",
											"lifetime": 10,
											"sizeFrom": 6,
											"sizeTo": 50,
											"strokeFrom": 6,
											"strokeTo": 0,
											"colorFrom": "EEC591",
											"colorTo": "EEC591"
										}
									]
								},
								"despawnEffect": "instBomb",
								"hitSound": "plasmaboom",
								"width": 0,
								"height": 0,
								"damage": 60,
								"collides": true,
								"splashDamageRadius": 52,
								"splashDamage": 60,
								"pierceArmor": true,
								"lifetime": 9,
								"speed": 4,
								"lightningColor": "EEC591",
								"lightningDamage": 22,
								"lightning": 3,
								"lightningLength": 6,
								"lightningLengthRand": 6,
								"fragRandomSpread": 0,
								"fragBullets": 1,
								"fragBullet": {
									"type": "BasicBulletType",
									"hitEffect": {
										"type": "MultiEffect",
										"effects": [
											{
												"type": "ParticleEffect",
												"particles": 8,
												"sizeFrom": 6,
												"sizeTo": 0,
												"length": 55,
												"baseLength": 9,
												"lifetime": 15,
												"colorFrom": "EEC591",
												"colorTo": "FFFFFF",
												"cone": 40
											},
											{
												"type": "WaveEffect",
												"lifetime": 10,
												"sizeFrom": 6,
												"sizeTo": 50,
												"strokeFrom": 6,
												"strokeTo": 0,
												"colorFrom": "EEC591",
												"colorTo": "EEC591"
											}
										]
									},
									"despawnEffect": "instBomb",
									"hitSound": "plasmaboom",
									"width": 0,
									"height": 0,
									"damage": 60,
									"collides": true,
									"splashDamageRadius": 52,
									"splashDamage": 60,
									"pierceArmor": true,
									"lifetime": 9,
									"speed": 4,
									"lightningColor": "EEC591",
									"lightningDamage": 22,
									"lightning": 3,
									"lightningLength": 6,
									"lightningLengthRand": 6,
									"fragRandomSpread": 0,
									"fragBullets": 1,
									"fragBullet": {
										"type": "BasicBulletType",
										"hitEffect": {
											"type": "MultiEffect",
											"effects": [
												{
													"type": "ParticleEffect",
													"particles": 8,
													"sizeFrom": 6,
													"sizeTo": 0,
													"length": 55,
													"baseLength": 9,
													"lifetime": 15,
													"colorFrom": "EEC591",
													"colorTo": "FFFFFF",
													"cone": 40
												},
												{
													"type": "WaveEffect",
													"lifetime": 10,
													"sizeFrom": 6,
													"sizeTo": 50,
													"strokeFrom": 6,
													"strokeTo": 0,
													"colorFrom": "EEC591",
													"colorTo": "EEC591"
												}
											]
										},
										"despawnEffect": "instBomb",
										"hitSound": "plasmaboom",
										"width": 0,
										"height": 0,
										"damage": 60,
										"collides": true,
										"splashDamageRadius": 52,
										"splashDamage": 60,
										"pierceArmor": true,
										"lifetime": 9,
										"speed": 4,
										"lightningColor": "EEC591",
										"lightningDamage": 22,
										"lightning": 3,
										"lightningLength": 6,
										"lightningLengthRand": 6,
										"fragRandomSpread": 0,
										"fragBullets": 1,
										"fragBullet": {
											"type": "BasicBulletType",
											"hitEffect": {
												"type": "MultiEffect",
												"effects": [
													{
														"type": "ParticleEffect",
														"particles": 8,
														"sizeFrom": 6,
														"sizeTo": 0,
														"length": 55,
														"baseLength": 9,
														"lifetime": 15,
														"colorFrom": "EEC591",
														"colorTo": "FFFFFF",
														"cone": 40
													},
													{
														"type": "WaveEffect",
														"lifetime": 10,
														"sizeFrom": 6,
														"sizeTo": 50,
														"strokeFrom": 6,
														"strokeTo": 0,
														"colorFrom": "EEC591",
														"colorTo": "EEC591"
													}
												]
											},
											"despawnEffect": "instBomb",
											"hitSound": "plasmaboom",
											"width": 0,
											"height": 0,
											"damage": 60,
											"collides": true,
											"splashDamageRadius": 52,
											"splashDamage": 60,
											"pierceArmor": true,
											"lifetime": 9,
											"speed": 4,
											"lightningColor": "EEC591",
											"lightningDamage": 22,
											"lightning": 3,
											"lightningLength": 6,
											"lightningLengthRand": 6,
											"fragRandomSpread": 0,
											"fragBullets": 1,
											"fragBullet": {
												"type": "BasicBulletType",
												"hitEffect": {
													"type": "MultiEffect",
													"effects": [
														{
															"type": "ParticleEffect",
															"particles": 8,
															"sizeFrom": 6,
															"sizeTo": 0,
															"length": 55,
															"baseLength": 9,
															"lifetime": 15,
															"colorFrom": "EEC591",
															"colorTo": "FFFFFF",
															"cone": 40
														},
														{
															"type": "WaveEffect",
															"lifetime": 10,
															"sizeFrom": 6,
															"sizeTo": 50,
															"strokeFrom": 6,
															"strokeTo": 0,
															"colorFrom": "EEC591",
															"colorTo": "EEC591"
														}
													]
												},
												"despawnEffect": "instBomb",
												"hitSound": "plasmaboom",
												"width": 0,
												"height": 0,
												"damage": 60,
												"collides": true,
												"splashDamageRadius": 52,
												"splashDamage": 60,
												"pierceArmor": true,
												"lifetime": 9,
												"speed": 4,
												"lightningColor": "EEC591",
												"lightningDamage": 22,
												"lightning": 3,
												"lightningLength": 6,
												"lightningLengthRand": 6,
												"fragRandomSpread": 0,
												"fragBullets": 1,
												"fragBullet": {
													"type": "BasicBulletType",
													"hitEffect": {
														"type": "MultiEffect",
														"effects": [
															{
																"type": "ParticleEffect",
																"particles": 8,
																"sizeFrom": 6,
																"sizeTo": 0,
																"length": 55,
																"baseLength": 9,
																"lifetime": 15,
																"colorFrom": "EEC591",
																"colorTo": "FFFFFF",
																"cone": 40
															},
															{
																"type": "WaveEffect",
																"lifetime": 10,
																"sizeFrom": 6,
																"sizeTo": 50,
																"strokeFrom": 6,
																"strokeTo": 0,
																"colorFrom": "EEC591",
																"colorTo": "EEC591"
															}
														]
													},
													"despawnEffect": "instBomb",
													"hitSound": "plasmaboom",
													"width": 0,
													"height": 0,
													"damage": 60,
													"collides": true,
													"splashDamageRadius": 52,
													"splashDamage": 60,
													"pierceArmor": true,
													"lifetime": 9,
													"speed": 4,
													"lightningColor": "EEC591",
													"lightningDamage": 22,
													"lightning": 3,
													"lightningLength": 6,
													"lightningLengthRand": 6,
													"fragRandomSpread": 0,
													"fragBullets": 1,
													"fragBullet": {
														"type": "BasicBulletType",
														"hitEffect": {
															"type": "MultiEffect",
															"effects": [
																{
																	"type": "ParticleEffect",
																	"particles": 8,
																	"sizeFrom": 6,
																	"sizeTo": 0,
																	"length": 55,
																	"baseLength": 9,
																	"lifetime": 15,
																	"colorFrom": "EEC591",
																	"colorTo": "FFFFFF",
																	"cone": 40
																},
																{
																	"type": "WaveEffect",
																	"lifetime": 10,
																	"sizeFrom": 6,
																	"sizeTo": 50,
																	"strokeFrom": 6,
																	"strokeTo": 0,
																	"colorFrom": "EEC591",
																	"colorTo": "EEC591"
																}
															]
														},
														"despawnEffect": "instBomb",
														"hitSound": "plasmaboom",
														"width": 0,
														"height": 0,
														"damage": 60,
														"collides": true,
														"splashDamageRadius": 52,
														"splashDamage": 60,
														"pierceArmor": true,
														"lifetime": 9,
														"speed": 4,
														"lightningColor": "EEC591",
														"lightningDamage": 22,
														"lightning": 3,
														"lightningLength": 6,
														"lightningLengthRand": 6
													}
												}
											}
										}
									}
								}
							}
						}
					}
				}
			}
		}
	]
}