{
	"health": 4800,
	"armor": 32,
	"abilities": [
		{
			"type": "ShieldArcAbility",
			"radius": 30,
			"width": 6,
			"max": 3200,
			"regen": 32,
			"cooldown": 60,
			"angle": 80,
			"angleOffset": 100
		},
		{
			"type": "ShieldArcAbility",
			"radius": 30,
			"width": 6,
			"max": 3200,
			"regen": 32,
			"cooldown": 60,
			"angle": 80,
			"angleOffset": -100
		},
		{
			"type": "StatusFieldAbility",
			"duration": 660,
			"reload": 300,
			"range": -1,
			"applyEffect":"none",
			"activeEffect": {
				"type": "WaveEffect",
				"lifetime": 32,
				"sizeFrom": 0,
				"sizeTo": 16,
				"interp":"circleOut",
				"strokeFrom": 2,
				"strokeTo": 0,
				"colorFrom": "FFFFFF",
				"colorTo": "FF5B5B"
			},
			"effect": "饱和火力-强攻"
		}
	]
}