{
	"name": "强化修复器",
	"description": "高速修复",
	"type": "MendProjector",
	"health":1200,
	"size":3,
	"range":300,
	"reload":30,
	"healPercent":10,
	"consumes": {
		"power": 10,
        "items":{
			"items":[
				{"item":"高级强化板","amount":0.05}
			]
			"booster":true
			"optional": true
		}
	},
	"requirements": [
        { "item":"压缩钛","amount":300},
		{ "item":"压缩铅","amount":300},
		{ "item":"高级强化板","amount":60},
	{"item":"基础强化板","amount":250}
	],
	"category": "effect",
	"research":"mender",

}