{
"name":"小型防护立场"
"description":"小型的立场防御"
"type":"ForceProjector"
"health":2560
"size":1
"hasItems":true
"research":"护盾发生器"
"canOverdrive": true,
"radius":40
"shieldHealth":1000
"breakage":120
"cooldownNormal":0.8,
"cooldownLiquid":0.8,
"cooldownBrokenBase":5,
"phaseRadiusBoost":20,
"basePowerDraw":1.0,
"consumes":{
"power":1,
"items":{
"items":[
				{
"item":"基础强化板","amount":0.5
				}
			]
			"booster":true
"optional":true
		}
}
"requirements":[		
{ "item": "压缩钛", "amount":45},
{ "item":"压缩铅","amount":14},
{ "item":"基础强化板","amount":20}]
"category": "effect"
}