{
	"type": "CoreBlock",
	"name": "终焉核心",
	"description": "最终的核心",
	"itemCapacity":50000,
	"hasItems": true,
			"hasPower": true,
	"consumesPower": true,
	"outputsPower": true,
		"consumes":{
	"powerBuffered": 50000
	},
	"health": 51200,
	"size":6,
	"unitCapModifier":45,
	"breakable":true,
	"category": "effect",
	"research":"终端核心"
	"unitType":"卡帕",
		"requirements": [
		"压缩铜/5000",
		"压缩铅/5000",
		"压缩钍/5000",
		"silicon/25000",
		"高级强化板/5000",
		"烈焰强化板/6000",
		"基础强化板/10000",
	],
}