{
	"type":"PowerTurret"
	"name":"特斯拉线圈"
	"description": "范围电击周围的敌人，短暂瘫痪他们的动力系统，有效半径15格"
	"targetGround": true,
	"health":800,	
	"targetAir":true,
	"rotateSpeed":0,
	"shootCone":360,
	"drag":0,
	"cooldown":30,
	"recoil": 0,
	"restitution": 0,
	"heatColor": "FF0000",
	"inaccuracy": 0,
	"burstSpacing":3,
	"reload":120,
	"range":120,
	"consumes": {
		"coolant":{"amount":0.2,"optional":true}  
		"power":5
			},
	"size":2,
	"chargeTime":60,
	"chargeMaxDelay":5,
	"chargeEffects":10,
	"buildCostMultiplier":1,
	"coolantMultiplier":1,
	"hasPower": true,
	"shootSound" : "电弧2",
	"shootEffect": "none",
	"smokeEffect": "none",
	"chargeEffect": "none",
	"chargeBeginEffect": "none",
		"shootType":{
                    "type": "BasicBulletType",
                    "splashDamageRadius":140,
	    "splashDamage":200,
                    "width": 1,
                "damage":10
                    "height": 1,
                    "lifetime": 0.0001,
                    "speed": 0.0001,
                    "shootEffect": "none",
			"status":"unmoving",
	"statusDuration":75
		}
	"requirements": [
		{ "item": "copper", "amount":400},
		{ "item": "lead", "amount":240},
		{ "item": "titanium", "amount":160}
		{ "item":"致密金属块","amount":80},
	],
	"category": "turret",
	"research":"起电机"
}