{
	"type": "ItemTurret",
	"health": 4000,
	"size": 3,
	"reload":60
	"range": 400,
    "maxAmmo":50,
	"restitution":0.1,
	"recoilAmount":2,
	"shots": 1,
	"shootSound":"shotgun",
	"xRand": 0.1,
	"ammoPerShot":2,
	"targetGround":true,
	"targetAir":true,
	"consumes": {
		"coolant":{"amount":0.2,"optional":true}  
			},
	"inaccuracy": 0,
	"spacing":60,
	"shootShake":5,
	"shootCone":5,
	"rotateSpeed": 9,
	"ammoTypes": {
		"浓缩钍燃料": {
		    "type": "ShrapnelBulletType",
		    "reloadMultiplier":1,
            "width": 20,
            "length": 600,
			"damage": 1200,
			"ammoMultiplier":2,	
			"pierce":true
			"status":"radio2",
	"statusDuration":1200
   }
  "thorium": {
		    "type": "ShrapnelBulletType",
		    "reloadMultiplier":1,
            "width": 20,
            "length": 500,
			"damage": 400,
			"ammoMultiplier":1,	
			"pierce":true
			"status":"radio1",
	"statusDuration": 600
   }
    },
	"requirements": [
		{ "item": "lead", "amount": 800 },
		{ "item": "graphite", "amount": 600 },
		{ "item": "titanium", "amount": 400 },
		{ "item": "致密金属块", "amount": 480 },
		{ "item": "强化合金块", "amount": 240 },
		{ "item": "thorium", "amount": 400 }
	],
	"category": "turret",
	"research": "fuse"
	}