{
	"type":"PowerTurret"
	"targetGround": true,
	"health":600,	
	"targetAir":true,
	"rotatespeed":2,
	"drag":10,
	"cooldown":30,
	"recoil": 0,
	"restitution": 2,
	"heatColor": "FF0000",
	"inaccuracy": 0,
	"burstSpacing":3,
	"reload":240,
	"shots": 4,
	"range":320,
	"consumes":{
		"power":5
		"coolant":{"amount":0.2,"optional":true}
		},
	"size":2,
	"chargeTime":60,
	"chargeMaxDelay":5,
	"chargeEffects":10,
	"buildCostMultiplier":1,
	"coolantMultiplier":2,
	"hasPower": true,
	"shootSound" : "电弧1",
	"shootEffect": "lancerLaserShoot",
	"smokeEffect": "lightningShoot",
	"chargeEffect": "lancerLaserCharge",
	"chargeBeginEffect": "lancerLaserChargeBegin",
		"shootType":{
			"type":"LightningBulletType"
			"hitEffect":"hitLancer"
			"despawnEffect":"none"
			"lightningLength":80,
			"width":8
			"lifetime":60
			"drawSize":400
			"damage":320
			"status":"short-circuit",
	"statusDuration":120
		}
	"requirements": [
		{ "item": "copper", "amount":400},
		{ "item": "lead", "amount":320},
		{ "item": "plastanium", "amount":80},
		{ "item": "silicon", "amount":160}
		{ "item":"致密金属块","amount":80},
	],
	"category": "turret",
	"research":"arc"
}