{
	"name": "热量传输器",
	"description": "热能，泰尔克罗先祖自7.3亿年前诞生，在约7.298亿年前学会了使用火焰，等他们真正掌握了热的威能，已经到了4.6亿年前，在3.79266亿年前，我们抛弃了火焰，电磁武器，激光武器，甚至更强大的天基武器都已经退伍，迎接我们的，是高能物理的无上威能，凌驾于世间一切物理规则的至高帝皇",
	"health": 100,
	"requirements": [
	"黄铜/3"
	"铁/3"
	],
	"size": 1,
	"category": "crafting",
	"group": "heat",
	"drawer": {
		"type": "DrawMulti",
		"drawers": [
			"DrawDefault",
			{
			"type":"DrawHeatOutput"
			},
			{
			"type": "DrawHeatInput",
			"suffix":"-heat"
			}
		]
	},
	"regionRotated1": 1
		"research": {
	"parent":"熔液制热机",
		"requirements":[
			"黄铜/300",
			"铁/300"
		]//前置科技树
	}
}