{
//	"speed": 2,	
	"health": 260
	"weapons":[ 
	{
	"mirror":true,
  "x":3
  "y":1
  "shootY":4
  "top": true
  "rotate":false
  "reload": 15
  "shootSound":"pew",
  "ejectEffect":"casing1"
  "shots": 1,
  "inaccuracy":0
  "alternate":true,
  "ignoreRotation": false,
  "shoot":{
  "shots":1,
  "shotDelay":3,
  }
  "bullet":{
               "speed": 6
               "lifetime": 22.5
               "damage":18
               "width": 2
               "shrinkY":0
               "height": 6
}
},
	    ]
}
