
{
    "type": "items",  // 物品类型标识，表明该资源归类为“物品”类，用于系统区分资源属性
    "name": "青铜矿石",  // 物品名称，直观展示资源的基础身份
    "description": "一种赛普拉随处可见的资源\n用作建筑材料",  // 物品基础描述：1. 说明资源的获取难度（赛普罗地区常见）；2. 明确核心用途（建筑材料）
    "details": "赛普拉的铜矿，不过由于年代久远，早已氧化",  // 物品细节补充：解释“青铜矿石”的本质（赛普罗地区的铜矿）及特性成因（年代久导致氧化）
    "color": "66FFE374",  // 物品颜色代码（十六进制），用于游戏内资源的视觉呈现，决定矿石在画面中的显示色彩
    "cost": 1,  // 物品基础成本/价值参数，可能对应游戏内获取该资源所需消耗（如能量、货币）或交易定价
    "hardness": 0,  // 物品硬度属性，数值为0表示该矿石硬度极低，开采时无需高硬度工具即可获取
    "explosiveness": 0,  // 物品爆炸属性，数值为0表示该矿石无任何爆炸性，不会因碰撞、攻击等触发爆炸
    "radioactivity": 0,  // 物品放射性属性，数值为0表示该矿石无放射性，不会对周围环境或角色产生辐射伤害
    "charge": 0.5,  // 物品电荷/能量属性，数值0.5表示矿石含有少量基础能量，可能用于后续能量相关加工或使用
    "flammability": 0,  // 物品易燃性属性，数值为0表示该矿石完全不可燃，不会因高温、明火等被点燃
    "research":"寒风哨站"  // 物品解锁关联项，表明需先研究“先驱者核心”这一科技/道具，才能解锁青铜矿石的获取、使用或加工权限
}