{
    "type": "PayloadDeconstructor",
    "name": "星舰材料拆解器",
    "description": "拆解方块和单位，返还100%资源",
    "size": 5,
    "solid": false,
    "health": 5000,
    "itemCapacity": 1000,
    "maxPayloadSize":5,
    "consumes": {
        "power": 5
    },
    "requirements": [
         {
            "item": "silicon",
            "amount": 300
        },
        {
            "item": "幻钛钢",
            "amount": 150
        },
        {
            "item": "有机玻璃",
            "amount": 200
        },
        {
            "item": "翼石",
            "amount": 80
        }
    ],
    "category": "units",
    "research": "星舰材料构造器"
}