{
    name: Tau平台
	"description": '''
    "一种可自由建造拆除的Tau机甲平台
    区块机甲平台和核心总上限：99"
    '''
	"research": {
		"root":true,
		},
        underBullets: true,
	"requirements": [
	{"amount": 90, "item": "silicon"},
	{"amount": 100, "item": "graphite"},
    {"amount": 10, "item": "phase-fabric"},
	],
	"unitType": "tau",
	"alwaysUnlocked": false,
	"armor": 10,
	"health": 460
	"itemCapacity": 0,
	"size": 2
	"unitCapModifier": 1,
	"category": "effect"
	research: core-shard
}