{
    name: Javelin平台
	"description": '''
    "一种可自由建造拆除的Javelin机甲平台
    区块机甲平台和核心总上限：99"
    '''
	"research": {
		"root":true,
		},
        underBullets: true,
requirements: [
    silicon/70
    graphite/100
    titanium/30
]
    squareSprite: false
	"unitType": "javelin-ship",
	"alwaysUnlocked": false,
	"armor": 10,
	"health": 2000,
	"itemCapacity": 0,
	"size": 2
	"unitCapModifier": 1,
	"category": "effect"
	research: core-shard
}