{
    name: Alpha平台
	"description": '''
    "一种可自由建造拆除的Alpha机甲平台
    区块机甲平台和核心总上限：99"
    '''
	"research": {
		"root": true
		},
        underBullets: true,
        collidesUnit: false
	"requirements": [
	{"amount": 10, "item": "silicon"},
	{"amount": 20, "item": "graphite"},
	],
    squareSprite: false
	"unitType": "alpha-mech",
	"alwaysUnlocked": false,
	placeable: false
	"armor": 10,
	"health": 200
	"itemCapacity": 0,
	"size": 2
	"unitCapModifier": 1,
	"category": "effect"
	research: core-shard
}