{
    name: Glaive平台
	"description": '''
    "一种可自由建造拆除的Glaive机甲平台
    区块机甲平台和核心总上限：99"
    '''
	"research": {
		"root":true,
		},
        underBullets: true,
	"requirements": [
	{"amount": 100, "item": "silicon"},
	{"amount": 200, "item": "graphite"},
    {"amount": 10, "item": "surge-alloy"},
    {"amount": 30, "item": "thorium"},
	],
    squareSprite: false
	"unitType": "glaive",
	"alwaysUnlocked": false,
	"armor": 10,
	"health": 1500,
	"itemCapacity": 0,
	"size": 3,
	"unitCapModifier": 1,
	"category": "effect"
	research: core-shard
}