{
	"name": "Lambda 机甲平台",
	"description": "允许将当前的机甲替换为一款空中电击机甲。\n站在上面并点一下执行切换。",
	"type":"MechPad",
	"mech":"lambda",
	"size":3,
	"consumes": {
		"power":1.0
	},
	"category":"upgrade",
	"research":"omega-mech-pad",
	"requirements": [
		{ "item": "steel", "amount":500},
		{ "item": "integrated-chip", "amount":300},
		{ "item": "corundum", "amount":400},
		{ "item": "brass", "amount":600},
		{ "item": "surge-alloy", "amount":300},
		{ "item": "tsunami-alloy", "amount":200},
	]
}