{
	"type":"HeatCrafter",
	"category":"crafting",

	"drawer":{"type":"DrawMulti",
	"drawers":[
	{"type":"DrawRegion",
	"suffix":"-bottom"
	},
	{"type":"DrawPistons",
	"sinMag":1
	},
	{"type":"DrawLiquidRegion",
	"drawLiquid":"nitrogen"
	},
	"DrawDefault",
	]	},

	"consumes":{
	"power":5,
	"items":{"items":[
	"osmiridiumine/5",
	"lithium/3"
	]	}
	"liquid":{
	"liquid":"nitrogen","amount":0.3,
	}	},
	"heatRequirement":8,

//	"itemsOutputDirections":[1,3],
	"outputItems":["iridium/2","osmium/2"],

	"research":{
	"parent":"nitride-extractor",
	"requirements":[
	"uranium/5000",
	"plastanium/3000",
	"silicon/6000"
	]	},

	"requirements":[
	"uranium/50",
	"plastanium/30",
	"silicon/60"
	],

	"health":1240,
	"size":3,
	"hasPower":true,
	"hasLiquids":true,
	"hasItems":true,
	"itemCapacity":60,
	"liquidCapacity":120,
	"craftTime":120,
	"craftEffect":"smeltsmoke"
}