{
    "shake": 1,
    "name": "暗蓝爆破钻头",
    "type": "BurstDrill",
    "description": "爆炸采集",
    "health": 2080,
    "size": 3,
    "tier": 8,
    "arrowOffset": 0,
    "arrowSpacing": 0,
    "arrows": 0,
    "itemCapacity": 90,
    "hasLiquids": false,
    "drawRim": true,
    "hasItems": true,
    "drillTime": 10,
    "drillEffect": {
        "type": "WaveEffect",
        "lifetime": 10,
        "sizeFrom": 0,
        "sizeTo": 20,
        "strokeFrom": 10,
        "strokeTo": 0,
        "colorFrom": "3A446680",
        "colorTo": "3A4466FF"
    },
    "requirements": [
        {
            "item": "暗蓝石",
            "amount": 500
        }
    ],
    "category": "production",
    "research": "暗蓝钻头"
}