{
    "type":"PowerNode",
    "name":"大型装甲电力节点",
    "description":"更高级的装甲电力节点……                    常用于战况强烈的前线。",
    "size":2,
    "health":2800,
    "maxNodes":15,
    "laserRange":15,
    "research":"装甲电力节点",
	"hasPower":true,
	"consumesPower": true,
	"outputsPower": true,
	"consumes":{
	    "powerBuffered":18000
	    },
    "requirements": [
        "silicon/20",
        "thorium/18",
        "titanium/36",
        "graphite/20",
        ],
        "category":"power"
}