{
	"type": "ThermalGenerator",
	"name": "孢子发电机",
	"description": "当放置于孢子地形时会发电，造价便宜但性能一般……",
	"size":2,
	"health":150,
    "generateEffect":"reactorsmoke"
	"attribute":"spores"
	"powerProduction":3.5,
	"requirements": [
		{"item":"metaglass","amount":20},
    	{"item":"silicon","amount":30},    
		{"item":"graphite","amount":20},    
		{"item":"lead","amount":40},   
		{"item":"躁动孢子","amount":30},
	],
	"category": "power",
	"research": "小型孢子发电机"
}
