{
	"type": "ImpactReactor",
	"name": "氘反应堆",
	"description": "可控的核聚变，但需要大量电力预热……",
	"size":4,
	"health":2200,
	"liquidCapacity":180,
	"hasLiquids":true,
	"hasItems":false,
	"drawLiquidLight":true,
	"itemDuration":180,
	//"plasma1":"1173EB75",
    //"plasma2":"02408BEB",
    "lightColor":"1173EB75",
	"powerProduction":122.5,
	"warmupSpeed":0.001,
	"consumes": {
    	"power":47.5,
    	"liquid":{
    		"liquid":"water","amount":0.75,
    	},
	},
	"requirements": [
	    "metaglass/600",
		"silicon/240",
		"graphite/480",
		"铧金/120",
		"titanium/300",
		"lead/520",
		"surge-alloy/120"
        ],
        "category": "power",//在菜单的那里，power是电力类
        "research":"铧钍反应堆"//科技树，在什么东西的后面，原版要英文
}