{
    "type":"PowerNode",
    "name":"铧塑电力节点",
    "description":"用于前线作战的电力节点，优秀的结构与材料让它能够储存电力，甚至在不阻碍节点自动连接的情况下吸收激光与电弧。
可在液体上构建。",
    "size":1,
    "health":1800,
    "maxNodes":18,
    "laserRange":13,
    "research":"装甲电力节点",
	"hasPower":true,
	"consumesPower": true,
	"outputsPower": true,
	"absorbLasers":true,
	"placeableLiquid":true,
	"consumes":{
	    "powerBuffered":9000
	    },
    "requirements": [
        "silicon/10",
        "graphite/8",
        "metaglass/20",
        "plastanium/3",
        "铧金/6",
        ],
        "category":"power"
}