{
    "type":"PowerNode",
    "name":"铧金电力塔",
    "description":"用于远程连接的电力节点，并能储蓄部分电力……",
    "size":2,
    "health":720,
    "maxNodes":10,
    "laserRange":90,
    "research":"surge-tower",
	"hasPower":true,
	"consumesPower": true,
	"outputsPower": true,
	"consumes":{
	    "powerBuffered":8000
	    },
    "requirements": [
        {"item":"silicon","amount":40},
        {"item":"铧金","amount":7},
        {"item":"lead","amount":50},
        {"item":"titanium","amount":25}
        ],
        "category":"power"
}