{
	"type": "ItemTurret",
	"name": "天网",
	"description": "发射多枚子母弹，子弹会自动飘浮到空中攻击空中单位，需要一定强大的后勤。\n[red][泽塔议会炮台]",
	"health": 2460,
	"size": 3,
	"reload":56,
	"range": 270,
	"targetAir":true
	"targetGround":false,
		"maxAmmo":80,
    "ammoPerShot": 4,
	"consumes": {
	"coolant":{"amount":1.4,"optional":true}  
		},
	"shoot":{
		"shots":2,
	    "shotDelay":20,
		"type":"ShootAlternate",
		"shootY":3,
		"barrels":2,
		"spread":8
	},
	"ammoUseEffect": "casing2Double",
	"inaccuracy": 4
	"rotateSpeed": 4,
	"shake":1,
	"ammoTypes": {
	"lead": {
	    "reloadMultiplier":1
			"speed": 6,
			"damage": 3,
			"lifetime":45,
			"width": 12,
			"height": 18,
					"splashDamageRadius":42,
		"splashDamage":45,
	    "makeFire":true,
			"ammoMultiplier":2,
			"shootEffect":"shootSmall",
			
	     	"statusDuration":360,	
	     	"backColor":"768a9a",
			"frontColor":"768a9a"
			"trailWidth":1.5,
			"trailLength":8
			"collidesGround": false
    "trailColor":"768a9a",
			"fragBullets": 7,
			"fragBullet": {
				"despawnEffect": "flakExplosionBig",
				"width": 12,
				"height": 12,
				"backColor": "768a9a",
				"frontColor": "ffffffff",
				"damage": 0
				"lifetime": 20,
				"speed": 1.5
			"fragBullets": 1,
			"collidesAir": false
        "collidesGround": false
			"fragBullet": {
				"despawnEffect": "flakExplosionBig",
				"width": 12,
				"height": 12,
				"backColor": "768a9a",
				"frontColor": "ffffffff",
				"damage": 1,
				"splashDamageRadius": 20,
				"splashDamage": 18,
				"lifetime": 120,
				"speed": 0
				
	     	"statusDuration":120,	
	     	"collidesGround": false
			}}
	    },
        "metaglass":{
	    "reloadMultiplier":1.2,
	    "speed": 10,  
	    "lifetime":34.5,
		"width": 12,"height": 18,
		"damage":5
		"rangeChange": 75
		"shootEffect": "shootSmall",
		"splashDamageRadius":62,
		"splashDamage":52,
        "ammoMultiplier":5,
        "fragLifeMin":0.1,
        "backColor":"b9c9df",
			"frontColor":"ffffffff"
			"trailWidth":1.5,
			"trailLength":8
    "trailColor":"ffffffff",
    "collidesGround": false
			"fragBullets": 13,
			"fragBullet": {
				"despawnEffect": "flakExplosionBig",
				"width": 12,
				"height": 12,
				"backColor": "b9c9df",
				"frontColor": "ffffffff",
				"damage": 0
				"lifetime": 20,
				"speed": 1.5
			"fragBullets": 1,
			"collidesAir": false
        "collidesGround": false
			"fragBullet": {
				"despawnEffect": "flakExplosionBig",
				"width": 12,
				"height": 12,
				"backColor": "b9c9df",
				"frontColor": "ffffffff",
				"damage": 4,
				"collidesGround": false
				"splashDamageRadius": 20,
				"splashDamage": 32,
				"lifetime": 120,
				"speed": 0
			}}}
			"graphite": {
	    "reloadMultiplier":0.8
			"speed": 10,
			"damage": 88,
			"lifetime":27,
			"width": 12,
			"height": 18,
			"ammoMultiplier":5
			"shootEffect":"shootSmall",
	     	"backColor":"7d89d8",
			"frontColor":"dae1ee"
			"trailWidth":1.5,
			"trailLength":8
    "trailColor":"ffffffff",
    "collidesGround": false
			"fragBullets": 6,
			"fragBullet": {
				"despawnEffect": "flakExplosionBig",
				"width": 12,
				"height": 12,
				"backColor": "7d89d8",
				"frontColor": "dae1ee",
				"damage": 0
				"lifetime": 20,
				"speed": 1.5
			"fragBullets": 1,
			"collidesAir": false
        "collidesGround": false
			"fragBullet": {
				"despawnEffect": "flakExplosionBig",
				"width": 12,
				"height": 12,
				"backColor": "7d89d8",
				"frontColor": "dae1ee",
				"collidesGround": false
				"damage": 44,
				"lifetime": 120,
				"speed": 0
				"shootEffect":"shootSmall",
			}}
	    },
	    "pyratite": {
	    "reloadMultiplier":1
			"speed": 10,
			"damage": 4,
			"lifetime":32,
			"width": 12,
			"height": 18,
	    "makeFire":true,
	    "splashDamageRadius": 32,
				"splashDamage": 72,
	    "rangeChange": 50
			"ammoMultiplier":3,
			"shootEffect":"shootSmall",
			"status":"burning",
	     	"statusDuration":90,	
	     	"backColor":"FFA95F",
			"frontColor":"FFA95F"
			"trailWidth":1.5,
			"trailLength":8
    "trailColor":"FFA95F",
    "collidesGround": false
			"fragBullets": 10,
			"fragBullet": {
				"despawnEffect": "flakExplosionBig",
				"width": 12,
				"height": 12,
				"backColor": "FFA95F",
				"frontColor": "FFA95F",
				"damage": 0
				"lifetime": 20,
				"speed": 1.5
			"fragBullets": 1,
			"collidesAir": false
        "collidesGround": false
			"fragBullet": {
				"despawnEffect": "flakExplosionBig",
				"width": 12,
				"height": 12,
				"backColor": "FFA95F",
				"frontColor": "FFA95F",
				"collidesGround": false
				"damage": 11,
				"splashDamageRadius": 52,
				"splashDamage": 12,
				"lifetime": 120,
				"speed": 0
				"shootEffect":"shootSmall",
			"status":"burning",
			}}
	    },
	    
	}, 
	"requirements": [
{ "item": "metaglass", "amount": 145 }
{ "item": "plastanium", "amount": 85 }
{ "item": "graphite", "amount": 125 }
{"item": "lead", "amount": 175  },
	],
	"category": "turret",
	"research": {
        "parent":"BA0s泽塔议会"
	"objectives": [
            {
				"type": "SectorComplete",
				"preset": "超限工艺-fungalPass"
			}
	]
    }
	    "researchCostMultiplier": 1
	        "canOverdrive": false
}