{	
	
	"name": "恒星",
	"description": "...",
	"speed": 0.25,
	"hitSize": 55,
	"health": 51500,
	"drag": 0.2,
	"mass": 100,
	"type":"legs",
	"canDrown": true,
	"lowAltitude": true,
	"commandLimit": 5,
	"rotatespeed": 1,
	"flying": false,
	"legCount": 4,
	"rippleScale": 2, 
	"landShake": 2,
	"legLength": 31,
	"legTrns": 0.3,
	"armor":25,
	"legMoveSpace": 0.8,
	"legPairOffset":3,
	"legBaseOffset": 8,
	"legExtension":-20,
	"legSpeed":0.3,
	"buildSpeed":0.1,
	"immunities": [
		"burning"
	],
	"hovering":true,
	"allowLegStep":true,
	"weapons": [
		{	
			"name": "恒星激光炮",	
			"reload":180, 
			"x": 15,  "y": -15, 
			"rotate": true, 
			"mirror":true,
			"rotateSpeed":0.5,
			"shootEffect":"none",
			"shootSound": "laserblast",
			"bullet":{
				"type":"LaserBulletType",
				"sideWidth":1,
				"backColor":"665c9f",	
				"trailEffect": "none",
				"shootStatus":"unmoving",
				"shootStatusDuration":120,
				"firstShotDelay":120,
				"length":1000,
				"damage":860,
				"buildingDamageMultiplier":0.7,
				"lightningSpacing":40,
				"lightningColor":"665c9f",
				"lightningDelay":1,   
				"lightningdamage":50,
				"frontColor":"bf92f9",	
				"largeHit":true,
				"healPercent":20,
				"lifetime":30,
				"width":27,
				"hitEffect":"flakExplosionBig",
				"despawnEffect":"flakExplosionBig",
				"colors":["84f491","6dbf8b","62ae7f"]
				
			}
		},
		{	
			"name": "恒星轨道炮",	
			"reload":300, 
			"recoil":15,
			"shake":4,
			"x": 0,  "y": 0, 
			"rotate": true, 
			"mirror":false,
			"alternate": true,
			"rotateSpeed":0.5,
			"shootEffect":"none",
			"inaccuracy": 8,
			"shots":10,	
			"shotDelay":4,	
			"shootSound": "missile",
			"velocityRnd":0.1,
			"shootY":20,
			"bullet":{
				"type":"EmpBulletType",
				"backColor":"62ae7f",	
				"trailEffect": "none",
				"healPercent":10,
				"damage":126,
				"makeFire":true,
				"splashDamage":76,
				"splashDamageRadius":50,
				"buildingDamageMultiplier":0.7,   
				"frontColor":"84f491",	
				"speed":4.5,
				"lifetime":150,
				"width":40,	 "height":40,
				"hitEffect":"flakExplosionBig",
				"despawnEffect": {
					"type": "multiEffect",
					"effects": [
					{
					"type": "ParticleEffect",
					"line": true,
					"particles": 25,
					"lifetime": 30,
					"offset": 15,
					"length": 15,
					"cone": -360,
					"strokeFrom": 0,
					"strokeTo": 3.5,
					"sizeFrom": 8,
					"sizeTo": 0,
					"colorFrom": "FFFFFFFF",
					"colorTo": "C2FF70FF"
				 },
				 {
					"type": "ParticleEffect",
					"particles": 15,
					"offset": 5,
					"sizeFrom": 0,
					"sizeTo": 4,
					"region": "xsgy-三角形",
					"length": 25,
					"lifetime": 30,
					"colorFrom": "FFFFFFFF",
					"colorTo": "C2FF70FF",
					"cone": 360
				 },
				 {
					 "type": "ParticleEffect",
					 "particles": 25,
					 "sizeFrom": 7,
					 "sizeTo": 0.30,
					 "offset": 60,
					 "length": 35,
					 "lifetime": 200,
					 "colorFrom": "7e7e7e",
					 "colorTo": "464646",
					 "cone": 360
				 },
				 {
					 "type": "WaveEffect",
					 "lifetime": 60,
					 "sizeFrom": 25,
					 "sizeTo": 0,
					 "strokeFrom": 8,
					 "strokeTo": 0,
					 "colorFrom": "FFFFFFFF",
					 "colorTo": "C2FF70FF"
				 },
				 {
					 "type": "WaveEffect",
					 "lifetime": 50,
					 "sizeFrom": 0,
					 "sizeTo": 25,
					 "strokeFrom": 8,
					 "strokeTo": 0,
					 "colorFrom": "FFFFFFFF",
					 "colorTo": "C2FF70FF"
					   }
					 ]
					 },
					 "shootEffect": {
					 "type": "WaveEffect",
					 "lifetime": 20,
					 "sizeFrom": 0,
					 "sizeTo": 10,
					 "strokeFrom": 0,
					 "strokeTo": 7,
					 "colorFrom": "C2FF70FF",
					 "colorTo": "C2FF70FF"
					 },
				
			}
		}
	],
	"research": "corvus"
}