{
	"type": "ItemTurret",
	"name": "分裂导弹发射井",
	"description": "发射分裂弹头",/*描述 */
	"health": 1600,//血量
	"size": 3,
	"reload": 100,//重新装填弹药时间
	"range": 720,//攻击范围
	"customShadow": false,//自定阴影？
	"fogRadiusMultiplier": 0.4,//烟雾半径烟雾大小？
	"maxAmmo": 40,//弹夹内弹药数量
	"recoil": 0,//退缩？
	"shootY": 0,//拍摄？
    "cooldownTime": 90,//冷却时间，有可能是发射冷却
	"minWarmup": 0.8,//预热？应该是发射前预热
	"shootWarmupSpeed": 0.1,//射击预热速度？
	"warmupMaintainTime": 100,//预热保养时间？
	"solid": false,//固体？
	"underBullets": true,//在子弹之下？ 应该是发射子弹时子弹在他上面的意思
	"elevation": 0,//高程？
	"unitSort":"weakest",//单位排序？ 虚弱的？
	"drawer": {
		"type": "DrawTurret",//类型？ 牵引炮塔？
		"parts": [
			{
				"type": "RegionPart",//类型 区域部分
				"mirror": true,//镜像应该是是否对称
				"x": 8,//X轴为横轴
				"y": 8,//Y轴为纵轴
				"suffix": "-1",//后缀此处意思应该是图片后缀
				"moveX": -8,//移动x？
				"moveY": -8//移动y？
			},
			{
				"type": "RegionPart",//类型 区域部分
				"mirror": true,//镜像应该是是否对称
				"x": 8,//X轴为横轴
				"y": -8,//Y轴为纵轴
				"suffix": "-2",//后缀此处意思应该是图片后缀
				"moveX": -8,//移动x？
				"moveY": 8//移动y？
			},
			{
				"type": "RegionPart",//类型 区域部分
				"mirror": true,//镜像应该是是否对称
				"x": 8,//X轴为横轴
				"y": 0,//Y轴为纵轴
				"suffix": "-3",//后缀此处意思应该是图片后缀
				"moveX": -8,//移动x？
				"moveY": 0//移动y？
				//服了这么多重复的懒得翻译了（下面的和上面的一样，简称下同上）
			},
			{
				"type": "RegionPart",
				"mirror": false,
				"x": 0,
				"y": 8,
				"suffix": "-s",
				"moveX": 0,
				"moveY": -8
			},
			{
				"type": "RegionPart",
				"mirror": false,
				"x": 0,
				"y": -8,
				"suffix": "-x",
				"moveX": 0,
				"moveY": 8
			},
			{
				"type": "RegionPart",
				"mirror": false,
				"x": 0,
				"y": 0,
				"suffix": "-top",
				"moveX": 0,
				"moveY": 0,
				"moveRot": 720//四处走动？有可能是转动角度，行动距离，转动距离等
			}
		]//部分
	},//抽屉 应该是放置动画的地方
	"shoot": {
		"shots": 8,//这个不知道，不过意思可能是发射子弹数，也有可能是发射一次消耗子弹数，或者是发射子弹顺序从什么角度发射？经过实践说明以上的都不是（字懒得删了）
		"shotDelay": 6,//压射延迟
		"type": "ShootBarrel",//类型 射击桶
		"barrels": [
		7,7,-45,
		-7,-7,135,
		7,-7,-135,
		-7,7,45,
		-8,0,90,
		8,0,-90,
		0,8,0,
		0,-8,180
		]//枪管可能是枪管的位置
	},//拍摄
	"ammoUseEffect": {
		"type": "MultiEffect",//类型 合成效果器可能是设置射击效果
		"effects": [
			{
				"type": "ParticleEffect",//类型 粒子效果
				"particles": 8,//粒子数
				"sizeFrom": 2,//尺寸从
				"sizeTo": 1,//导致
				"length": 45,//长
				"lifetime": 30,//消失延迟
				"lightOpacity": 0,//光不透明度？
				"colorFrom": "F7F7F7FF",//颜色从
				"colorTo": "79E8D3FF",//颜色到 编辑的颜色可能是发射出现的烟雾通过实践证明以上结论是错误的
				"cone": 80//圆锥
			},
			{
				"type": "WaveEffect",//类型 波浪效应
				"lifetime": 10,//消失延迟
				"sizeFrom": 0.1,//尺寸从？此处应该为发射时的粒子
				"sizeTo": 18,//导致？
				"strokeFrom": 0,//中风从？好像是圆圈中间的部分
				"strokeTo": 0,//中风
				"colorFrom": "00F6D9FF",//颜色从
				"colorTo": "F5F700FF"//颜色到
			}
		]//形响
	},//子弹
	"canOverdrive": false,//可以超车
	"consumes": {
		"power": 3//耗电量一为60
	},//消耗什么可以射击
	"shootSound": "发射井音效",//开火音效
	"targetGround": true,//是否对地
	"targetAir": true,//是否对空
	"inaccuracy": 6,//精准度？
	"shootCone": 360,//射锥？
	"shake": 1,//可能是摇晃程度？
	"rotateSpeed": 0,//旋转速度
	"ammoPerShot": 8,//射击的子弹数量，个蛋啊应该是射击一次消耗的子弹数量
	"ammoTypes": {
	"星尘": {
			"type": "MissileBulletType",//类型 导弹弹头
			"buildingDamageMultiplier": 0.2,//对建筑物的伤害，注意这是百分比
			"speed": 8//速度
			"damage": 15,//伤害
			"ammoMultiplier": 1,//一个物品加多少子弹
			"homingDelay": 5,//归航延迟？
			"homingPower": 0.2,//跟踪力度
			"homingRange": 600,//引导距离
			"lifetime": 60,//子弹消失延迟
			"width": 13,//宽度
			"height": 44,//长度
			"hittable": false,//碰撞？
			"pierceArmor": true,//穿甲
			"status": "freezing",//给予状态
			"statusDuration": 120,//状态持续时间
			"absorbable": false,//是否可以吸收
			"sprite": "星尘工艺-增殖导弹",//子弹贴图
			"backColor": "EB564BFF",//背部颜色
			"frontColor": "FFFFEBFF",//正面颜色
			"trailLength": 17,//轨迹长
			"trailWidth": 1.7,//轨迹宽度
			"trailColor": "00F6D9FF",//轨迹颜色
			"trailEffect": "none",//拖效果 没有
		     "hitEffect": {
				"type": "MultiEffect",//类型 合成效果器
				"effects": [
					{
						"type": "ParticleEffect",//类型 粒子效果
						"particles": 5,//粒子
						"sizeFrom": 4,//尺寸从
						"sizeTo": 0,//导致
						"length": 55,//长？
						"baseLength": 9,//基线长
						"lifetime": 15,//消失延迟
						"colorFrom": "CFB53B",//颜色从
						"colorTo": "00FFFF"//颜色到
					},
					{
						"type": "WaveEffect",//类型 波浪效应
						"lifetime": 60,//存在时间
						"sizeFrom": 2,//尺寸从
						"sizeTo": 50,//导致？
						"strokeFrom": 3,//中风从
						"strokeTo": 0,//中风
						"colorFrom": "00F6D9FF",//颜色从
						"colorTo": "F5F700FF"//颜色到
					}
				]//影响
			},//撞击效果
			"despawnEffect": "instBomb",//消散效应 InST炸弹
			"shootEffect": "shootSmallFlame",//射击效果 点燃小火苗？
			"hitSound": "laser",//敲击声？ 激光？
			"splashDamageRadius": 60,//飞贱伤害半径
			"splashDamage": 20,//溅射伤害
			"fragRandomSpread": 0,//碎片随机传播
			"fragBullets": 8,//弹片子弹
			"fragBullet": {
				"hitEffect": {
					"type": "MultiEffect",//类型 效果合成器
					"effects": [
						{
							"type": "ParticleEffect",//类型 粒子效果
							"particles": 5,//粒子
							"sizeFrom": 4,//尺寸从
							"sizeTo": 0,//导致
							"length": 45,//长
							"baseLength": 9,//基线长度
							"lifetime": 20,//消失延迟
							"colorFrom": "91F0EDFF",//颜色从
							"colorTo": "F5F700FF",//颜色到
							"cone": 20//圆锥
						},
						{
							"type": "WaveEffect",//类型 波浪效果
							"lifetime": 10,//消失延迟
							"sizeFrom": 2,//尺寸从
							"sizeTo": 40,//导致
							"strokeFrom": 3,//中风从
							"strokeTo": 0,//中风
							"colorFrom": "FFFFFFFF",//颜色从
							"colorTo": "007FFF"//颜色到
						}
					]//影响
				},//碰撞效果

                "hitSound": "发射井音效",//敲击声 激光
				"buildingDamageMultiplier": 0.2,//建筑伤害倍率
		        "damage": 9,//伤害
				"collides": true,//碰撞？
				"splashDamageRadius": 45,//飞溅伤害半径
				"splashDamage": 15,//溅射伤害
				"lifetime": 40,//子弹消失延迟
				"speed": 11,//速度
				"sprite": "星尘工艺-增殖导弹",//子弹贴图
				"fragSpread":360,//分裂角度
				"width": 10,//宽度
				"height": 22,//长度
		     	"backColor": "EB564BFF",//背部颜色
			    "frontColor": "FFFFEBFF",//正面颜色
				"homingDelay": 5,//归航延迟？
		     	"homingPower": 0.1,//跟踪力度
			    "homingRange": 200,//引导距离
             	"trailLength": 4,//轨迹长
		      	"trailWidth": 1,//轨迹宽度
			    "trailColor": "00F6D9FF",//轨迹颜色
			}//手榴弹子弹意思应该是碎片子弹
		}
			},
	"requirements": [
		"lead/200",
		"graphite/100",
		"星尘/100",
		"thorium/200"
	],
	"researchCostMultiplier": 0.45,
	"category": "turret",
	"research": "星轨"
}