    {
	"name":"煜神",
	"description":"发射强大的连续磁爆弹"
	"hitSize":60,
	//碰撞箱
    "rotateSpeed":2,
    //转身速度
    "itemCapacity":150,
        "circleTarget":false,
    //物品容量
    "canDrown":false,
    //能否被淹死
    "buildSpeed":0,
    //建筑速率
    "type":"flying",
    //空军
   "forceMultiTarget" :true
    "flying":true,
    //是否飞行
    "speed":0.5,
    //移速
      "targetFlags": [
      	"core"
	],
    "health":600000,
    "lowAltitude":true,
       "engineOffset":22
       	"engineSize": 6,
    "engines": [//多引擎
   
    {
        "x": 18//横坐标
        "y": -14//纵坐标
        "radius": 3//大小
        "rotation": 0//旋转
    }
      {
        "x": -18//横坐标
        "y": -14//纵坐标
        "radius": 3.5//大小
        "rotation": 0//旋转
    }
],
    "armor":24,
    //护甲
    "research":"",
	"weapons":[
		{	"name": "煜神机炮",
	"reload":45, 
	"shake":3,
	"recoil":1,
    "x": 14,  "y": -12,    
    "shootX":0, "shootY":0,
    "rotate": false,
    "top":true,
    "inaccuracy": 0.5,
	"shootSound": "shootBig",
	"alternate": true,
	"ejectEffect":"casing4",
	"bullet":{
	   "damage":545, 
    "splashDamage":200,
      "reflectable":false,//被反弹
    "splashDamageRadius":40,
   	"pierce": true,
	"pierceBuilding":true,
    "pierceArmor": true,
	"pierceCap":3,
    "speed":8,
    "lifetime":60,
    "hitSound":"explosion",
    "shootEffect":"shootBig",
    "smokeEffect":"shootBigSmoke",
    "width":12,	 "height":20,
    "hitEffect": {
"type": "MultiEffect",
    "type": "multiEffect",
			"lifetime": 60,
			"effects": [	
   		{"type": "WaveEffect",
		"lifetime": 25,//存在时间
		"sizeFrom": 0,
		"sizeTo": 80,
		"strokeFrom": 0,
		"strokeTo": 5,
		"sides":4
		"colorFrom": "74C2E8FF",
		"colorTo": "99F8FFFF"},
			{"type": "WaveEffect",
		"lifetime": 25,//存在时间
		"sizeFrom": 0,
		"sizeTo": 60,
		"strokeFrom": 0,
		"strokeTo": 5,
		"sides":4
		"colorFrom": "74C2E8FF",
		"colorTo": "99F8FFFF"},
			{"type": "WaveEffect",
		"lifetime": 25,//存在时间
		"sizeFrom": 0,
		"sizeTo": 40,
		"strokeFrom": 0,
		"strokeTo": 5,
		"sides":4
		"colorFrom": "74C2E8FF",
		"colorTo": "99F8FFFF"},
			{"type": "WaveEffect",
		"lifetime": 25,//存在时间
		"sizeFrom": 0,
		"sizeTo": 20,
		"strokeFrom": 0,
		"strokeTo": 5,
		"sides":4
		"colorFrom": "74C2E8FF",
		"colorTo": "99F8FFFF"},
            ],
},
   /* "hitEffect":	{"type": "WaveEffect",
		"lifetime": 25,//存在时间
		"sizeFrom": 0,
		"sizeTo": 80,
		"strokeFrom": 0,
		"strokeTo": 5,
		"sides":4
		"colorFrom": "74C2E8FF",
		"colorTo": "99F8FFFF"},*/
	"despawnEffect":"flakExplosionBig"
	}}
	  {"name": "煜神机炮",
    "shoot": {
        "type": "ShootSpread",
        "shots": 5,
       		"shotDelay":3
       		},
	"reload":80,     
    "x":12,  "y":14, 
	"shootY":2,
	"rotate": true,
    "rotateSpeed":2,
    "inaccuracy": 0,
	"alternate": true,
    "ejectEffect":"casing1",
	"shootSound":"shootBig",
	"shake":2,
	"bullet":{
"type": "ShrapnelBulletType",
"damage":500,
"lifetime":30,
"length":300,
"width":15,
 	  "buildingDamageMultiplier":2,     
"serrationLenScl":3,
"serrationSpaceOffset":30,
"serrationFadeOffset":0,
"serrations":10,
"serrationWidth":3,
"statusDuration":300,
"status":"sapped",
"fromColor":"99F8FFFF",
"toColor":"99F8FFFF",
"shootEffect":{"type": "ParticleEffect",
    "particles": 10,
    "line":true,
    "length": 40,
    "baseLength": -40,
    "lifetime": 28,
    "colorFrom": "99F8FFFF",
    "colorTo": "99F8FFFF",
    "cone": 30},
    "smokeEffect": "sparkShoot"
    }},
		{"name":"煜神主炮",/*贴图的名字 */
	"x":0,"y":-1,/*位置 x为上下y为左右 */
	"mirror":false,/*镜像，是否对称 */
	"reload":1500,/*重新装弹速度 */
	"rotate": true,/*是否旋转 */
	"rotateSpeed":2,/*旋转速度 */
	//"shootEffect":"shootSmall",/*射击效果 */
	   "shootStatusDuration":300,
        "shootStatus":"unmoving",
    "shoot": {
        "type": "ShootPattern",
        "firstShotDelay": 200
    },
	"bullet":{
	"type":"PointBulletType",
	  "absorbable":false,//受力墙影响
        "hittable":false,//被分解
        "reflectable":false,//被反弹
        	"hitEffect": {
		"type": "multiEffect",
			"lifetime": 60,
			"effects": [
			{
"type": "ParticleEffect",
"particles": 1,
"sizeFrom": 280,
"sizeTo": 280,
"length": 0,
"baseLength": 0,
"lifetime": 560,
	"region":"合晶工业-阵"
"colorFrom": "99F8FFFF",
"colorTo": "99F8FFFF",
"cone": 0
}
            ]
            }
             	"despawnEffect": {
		"type": "multiEffect",
			"lifetime": 60,
			"effects": [
			{
"type": "ParticleEffect",
"particles": 1,
"sizeFrom": 280,
"sizeTo": 280,
"length": 0,
"baseLength": 0,
"lifetime": 560,
	"region":"合晶工业-阵"
"colorFrom": "99F8FFFF",
"colorTo": "99F8FFFF",
"cone": 0
}
            ]
            }
        	"smokeEffect":"smokeCloud",
        //	"trailEffect":"instTrail",
        		"width":1,
           // "despawnEffe":"instBomb",
          "backColor":"99F8FFFF",
            "frontColor":"99F8FFFF",
		     "heatColor":"99F8FFFF",
		     "trailColor":"99F8FFFF",
        	//"trailSpacing":0.5,
         	"damage":100,
        	"tileDamageMultiplier":1.9,
         	"speed":80,
         	"lifetime":8
        	"hitShake":3,
        	"ammoMultiplier":2
        			"trailSpacing": 0.5,
					"trailEffect": {
						"type": "ParticleEffect",
						"particles": 1,
						"length": 0,
						"baseLength": 1,
						"lifetime": 50,
						"line": true,
						"randLength": false,
						"lenFrom": 15,
						"lenTo": 15,
						"strokeFrom": 3.5,
						"strokeTo": 0,
						"colorFrom": "99F8FFFF",
						"colorTo": "99F8FFFF",
						"cone": 0
					},
"fragBullets":1
"fragBullet": {
    "type": "BasicBulletType",
		"sprite": "合晶工业-黑洞4",
		  "absorbable":false,//受力墙影响
        "hittable":false,//被分解
        "reflectable":false,//被反弹
		"height":180,
		"width":180,
		"speed": 0,
		"damage":1,
			"pierce":true
			//"pierceCap":5,//穿透数
		"pierceBuilding":true,//穿透建筑
		"lifetime":450,
		"spin": 12,
		"shrinkY": -1,
        "shrinkX": -1,
        "despawnEffect": {
		"type": "multiEffect",
			"lifetime": 60,
			"effects": [
			{
"type": "ParticleEffect",
"particles": 1,
"sizeFrom": 0,
"sizeTo": 80,
"length": 0,
"baseLength": 0,
"lifetime": 15,
	//"region":"合晶工业-阵"
"colorFrom": "99F8FFFF",
"colorTo": "FFFFFF",
"cone": 0
}
	{"type": "WaveEffect",
		"lifetime": 15,//存在时间
		"sizeFrom": 0,
		"sizeTo": 250,
		"strokeFrom": 0,
		"strokeTo": 5,
		"sides":4
		"colorFrom": "74C2E8FF",
		"colorTo": "99F8FFFF"},
			{"type": "WaveEffect",
		"lifetime": 15,//存在时间
		"sizeFrom": 10,
		"sizeTo": 260,
		"strokeFrom": 0,
		"strokeTo": 5,
		"sides":4
		"colorFrom": "74C2E8FF",
		"colorTo": "99F8FFFF"},
			{"type": "WaveEffect",
		"lifetime": 15,//存在时间
		"sizeFrom": 20,
		"sizeTo": 270,
		"strokeFrom": 0,
		"strokeTo": 5,
		"sides":4
		"colorFrom": "74C2E8FF",
		"colorTo": "99F8FFFF"},
            ]
            }
			/*		"pierce":true
			"pierceCap":5,//穿透数
		"pierceBuilding":true,//穿透建筑
		"homingPower": 0.08,
		"homingRange":2600,*/
		"frontColor": "5898F0FF",
		"backColor": "5898F0FF",
		"lightRadius":200,
		"despawnShake": 0,
		//"trailColor": "0091FFFF",
     "bulletInterval": 1,
        "intervalBullets": 2,
        "intervalRandomSpread": 360,
        "intervalSpread": 360,
        "intervalAngle": 0,
        "intervalBullet": {
"type": "BasicBulletType",
"width": 15,"height": 15,
"sprite": "合晶工业-八芒星",
"collidesGround": true,
"collidesAir": true,
"spin": 15,
"pierce": true,
"pierceCap": 4,
"shrinkY": 0,
"shrinkX": 0,
"shake": 8,
"backColor": "0A72F2FF",
"frontColor": "FFFFFF",
"hitEffect": {
"type": "MultiEffect",
    "type": "multiEffect",
			"lifetime": 60,
			"effects": [	
   		{"type": "WaveEffect",
		"lifetime": 60,//存在时间
		"sizeFrom": 0,
		"sizeTo": 20,
		"strokeFrom": 3.5,
		"strokeTo": 0,
		"colorFrom": "74C2E8FF",
		"colorTo": "99F8FFFF"},
		{
		"type": "ParticleEffect",
		"particles": 9,//粒子数量
		"length": 40,//长度
		"lifetime": 60,//存在时间
		"interp": "circleOut",//中间部分
		"sizeInterp": "pow5Out",//大小部分
		"cone": 360,//角度
		"colorFrom": "74C2E8FF",
		"colorTo": "99F8FFFF",
		"sizeFrom": 4.5,
		"sizeTo": 0
		}
            ],
},
"damage": 180,
"lightningDamage": 40,
"lightning": 5,
"lightningLength": 23,
"lightningColor": "99F8FFFF",
"hitSound": "plasmaboom",
"speed": 3,
"lifetime": 70,
"drag": -0.01,
"splashDamageRadius": 40,
"splashDamage": 180,
"trailLength": 10,
"trailWidth": 3,
"trailColor": "99F8FFFF"
        },////
        "fragBullets":1
"fragBullet": {
   "type": "BasicBulletType",
		"sprite": "合晶工业-四星",
		  "absorbable":false,//受力墙影响
        "hittable":false,//被分解
        "reflectable":false,//被反弹
		"height":220,
		"width":220,
		"speed": 0,
				"pierce":true
			//"pierceCap":5,//穿透数
		"pierceBuilding":true,//穿透建筑
	"splashDamageRadius": 1,
"splashDamage": 1,
		"lifetime":100,
		"spin": 15,
		"shrinkY": -1,
        "shrinkX": -1,
			/*		"pierce":true
			"pierceCap":5,//穿透数
		"pierceBuilding":true,//穿透建筑
		"homingPower": 0.08,
		"homingRange":2600,*/
		"frontColor": "0A72F2FF",
		"backColor": "0A72F2FF",
		"lightRadius":200,
		"despawnShake": 0,
		//"trailColor": "0091FFFF",
		   "fragBullets":1
"fragBullet": {
   "type": "BasicBulletType",
		//"sprite": "合晶工业-四星",
		  "absorbable":false,//受力墙影响
        "hittable":false,//被分解
        "reflectable":false,//被反弹
		"height":1,
		"width":1,
		"speed": 0,
				"pierce":true
			//"pierceCap":5,//穿透数
		"pierceBuilding":true,//穿透建筑
	"splashDamageRadius": 500,
"splashDamage": 2000,
		"lifetime":5,
		"spin": 0,
		"shrinkY": 0,
        "shrinkX": 0,
			/*		"pierce":true
			"pierceCap":5,//穿透数
		"pierceBuilding":true,//穿透建筑
		"homingPower": 0.08,
		"homingRange":2600,*/
		"frontColor": "99F8FFFF",
		"backColor": "99F8FFFF",
		"lightRadius":200,
		"despawnShake": 0,
		//"trailColor": "0091FFFF",
}
			"despawnEffect": {
		"type": "multiEffect",
			"lifetime": 60,
			"effects": [
			{
"type": "ParticleEffect",
"particles": 120,
"sizeFrom": 60,
"sizeTo": 0,
"length": 430,
"baseLength": 0,
"lifetime": 120,
	"region":"合晶工业-四星"
"colorFrom": "0A72F2FF",
"colorTo": "99F8FFFF",
"cone": 360
}
            ]
            }
}
	},
        "shoot": {
        "type": "ShootPattern",
        "firstShotDelay": 600
    },
        "chargeEffect": {
        "type": "MultiEffect",
        "effects": [
 {
"type": "WaveEffect",
"lifetime": 200,
"sides":4
"sizeFrom": 0,
"sizeTo": 200,
"strokeFrom": 9,
"strokeTo": 0,
"colorFrom": "99F8FFFF",
"colorTo": "ffffff"
},       
{
"type": "WaveEffect",
"lifetime": 200,
"sides":4
"sizeFrom": 180,
"sizeTo": 0,
"strokeFrom": 8,
"strokeTo": 0,
"colorFrom": "99F8FFFF",
"colorTo": "ffffff"
},
{
"type": "WaveEffect",
"lifetime": 200,
"sides":4
"sizeFrom": 200,
"sizeTo": 0,
"strokeFrom": 10,
"strokeTo": 0,
"colorFrom": "99F8FFFF",
"colorTo": "ffffff"
},
{
"type": "ParticleEffect",
"particles": 50,
"sizeFrom": 15,
"sizeTo": 0,
"length": -400,
"baseLength": 400,
"lifetime": 130,
	"region":"合晶工业-四星"
"colorFrom": "99F8FFFF",
"colorTo": "99F8FFFF",
"cone": 360
}
{
"type": "ParticleEffect",
"particles": 1,
"sizeFrom": 0,
"sizeTo": 12,
"length": 10,
"baseLength": 0,
"lifetime": 200,
	//"region":"合晶工业-四星"
"colorFrom": "99F8FFFF",
"colorTo": "99F8FFFF",
"cone": 0
}
        ]
    },
	} 	
	},
        ]
        	"abilities":[
    		{
			"type": "ForceFieldAbility",
    		"radius":90,
    		"sides":3
    		"rotation":0
    		"regen":5,
    		//每帧盾容回复量
    		"max":4000,
    		//盾容
    		"cooldown":160
    		//被击破后的冷却(8/1s)
		},
			{
			"type": "ForceFieldAbility",
    		"radius":90,
    		"sides":3
    		"rotation":180
    		"regen":5,
    		//每帧盾容回复量
    		"max":4000,
    		//盾容
    		"cooldown":160
    		//被击破后的冷却(8/1s)
		},
	],
}