{
	"requirements": [
		{ "amount": 200, "item": "surge-alloy" },
		{ "amount": 95, "item": "silicon" },
		{ "amount": 120, "item": "plastanium" },
		{ "amount": 180, "item": "titanium" }
	],
	"result": "water",
	"consumes": {
		"power": 6
	},
	"size": 3,
	"pumpAmount": 1,
	"liquidCapacity": 50,
	"category": "production",
	"type": "SolidPump",
	"rotateSpeed": 2,
	"research": "water-extractor",
	"description": "除了极快的速度之外还有亮瞎眼的金色外观 ",
	"name":"合金抽水机"
}