{
  "type":"Separator",
  "name":"浅层钻机",
  "description":"比通常矿机挖掘深度更深 生产三种基础矿石与无用的废物 在无钛地图前期比较好用\n“可以不挖石头吗”",
  "health":300,
  "spinnerSpeed":3
  "liquidCapacity":50,
  "itemCapacity":30,
  "size":2,
  "craftTime":30,
  "results":[
  {"item":"石头","amount":5}
  {"item":"copper","amount":2}
  {"item":"lead","amount":2}
  {"item":"titanium","amount":1}
  ],
  "consumes":{
    "power":1,
    "liquid":{
      "liquid":"water",
      "amount":0.10,
    },
  }
  "requirements":[
  {"item":"copper","amount":100}
  {"item":"lead","amount":100}
  ],
 "category":"production",
 "research":"water-extractor"
}
