{
  "type":"Separator",
  "name":"深层钻机",
  "description":"挖掘深度比浅层更深的钻机\n生产废料钛钍与无用的废物\n在无钛钍地图比较好用\n“怎么哪都有你#恼”\n(指石头)",
  "health":400,
  "spinnerSpeed":3
  "liquidCapacity":50,
  "itemCapacity":30,
  "size":2,
  "craftTime":30,
  "results":[
  {"item":"scrap","amount":5}
  {"item":"titanium","amount":2}
  {"item":"thorium","amount":2}
  {"item":"石头","amount":1}
  ],
  "consumes":{
    "power":1,
    "liquid":{
      "liquid":"water",
      "amount":0.15,
    },
  }
  "requirements":[
  {"item":"copper","amount":200}
  {"item":"lead","amount":200}
  {"item":"titanium","amount":160}
  {"item":"silicon","amount":150}
  ],
 "category":"production",
 "research":"浅层钻机"
}
