{
    "type":"BurstDrill",
    "name":"轰磁钻头",
    "size":5,
    "shake":0.1,
    "tier":6,
    "drillTime":1,
    "hasPower":true,
    "arrowSpacing":0,
    "arrows":1,
    "itemCapacity":1600,
    "baseArrowColor":"FFFFFF82",
    "liquidCapacity":240,
    "drillEffect":{
        "type":"ExplosionEffect",
        "waveColor":"a9d8ffaa",
        "sparkColor":"a9d8ff",
        "waveRad":20,
        "sparkRad":43,
        "sparks":8,
        "smokes":0
    },
    "consumes": {
        "power": 90,
        "liquid":{
            "liquid":"冰冻液",
            "amount":2
        }
    },
    "requirements": [
        {
            "item":"能量结晶",
            "amount":10
        },
        {
            "item":"合聚烯烃钢",
            "amount":300
        },
        {
            "item":"气钢",
            "amount":400
        },
        {
            "item": "surge-alloy",
            "amount": 600
        },
        {
            "item": "plastanium",
            "amount": 300
        },
        {
            "item": "silicon",
            "amount": 180
        },
        {
            "item": "thorium",
            "amount": 180
        }
    ],
    "category": "production",
    "research": "blast-drill"
}