{
    "name":"减速"
    "description":"  ”。"
	"damageMultiplier":1,
	//攻击力倍率（数值越大，攻击力越高）
	"healthMultiplier":1,
	//血量倍率（数值越大，血量最大上限越高）
	"speedMultiplier":0.5,
	//速度倍率（数值越大，移动越快）
	"reloadMultiplier":1,
	//射速倍率（数值越大，射速越快）
	"damage":0,
	//每1/60秒扣血速度（负数为回血）
	"permanent":false,
	//如果为ture
	//这个状态永远存在于此单位身上，除非单位死亡
	//如果为false 则没有永远存在的效果
	"reactive":false,
	//如果为true，则此效果将仅与其他效果反应无法应用
	"color":"FFD37FFF",
	//状态颜色
	"effect": {
		"type": "ParticleEffect",
		"region":"古代科技-棱",//贴图
		"particles": 1,//数量
		"lifetime": 15,//存在时间
		"interp": "circleOut",
		"sizeInterp": "pow5Out",
		"cone": 360,//角度
		"colorFrom": "87CEEB",
		"colorTo": "87CEEB",
		"sizeFrom": 3,
		"sizeTo": 0
	},
	"effectChance":0.32,
	//效果数量（数值越大,效果越多越密集）
}