{
	"type": "flying",
	"name": "重型采矿无人机",
	"description": "自动采集矿物并放入核心,采集力更强",
	"speed":2.2
	"flying":true,	
	"fogRadius":1,//迷雾揭示范围
"targetable":false,//可被选为目标
"hittable":false,//可被击中
	"rotateSpeed":2.8
	    "logicControllable": false,
    "playerControllable": false,
	"hitSize":18
	"defaultCommand":"mine"
	"health":900
	"armor":9
	"mineWalls":true,
	"mineSpeed":8
	"defaultController":"MinerAI",
		"mineItems":["银","铝","锰","铟","tungsten","铱","锇","thorium","铬"],
	"mineTier":6
	"itemCapacity":120
	"research":"copper"
    "trailLength": 32, //拖尾长
   	"trailColor": "919FE7FF",//拖尾色
}