{
	"type":"ConsumeGenerator",
	"name":"水能发电机",
	"description": "让水能发电的水能发电机",
	"size":2,
	"explodeOnFull":false,//靠近一点再近一点就会爆炸
	"rebuildable":true//自动重建
	"health":200,
//	"liquidCapacity":120,
//	"placeableLiquid":true,
	"requiresWater":true,//是否只能在水上
//	"hasLiquids":true,
	"powerProduction":0.5,
//	"outputsLiquid": true,//产生液体
//	"outputLiquid":"water/0.1666666666",//水/每秒产量10
	"requirements": [
		"镍/30",
		"lead/30",
		],
        "category": "power",//在菜单的那里，power是电力类
        "research": {
	"parent": "a00镍电力节"//科技树前置,
    "requirements":[
        "镍/20",
        "lead/20",
        ]
},
}