{
	"health": 47500,
	"details": "升级极限电容以及新型电磁脉冲炮，搭载小型侵蚀光束",
	"immunities": [
		"electrified",
		"disarmed",
		"拆解"
	],
	"abilities":[{
		"type": "SuppressionFieldAbility",
		"range": 224,
		"reload": 60,
		"y": -14,
		"color": "97FFA8",
		"orbRadius": 9,
		"orbMidScl": 0.5,
		"particles": 9,
		"particleColor": "97FFA8",
		"particleLife": 60,
		"particleLen": -8,
		"particleSize": 3,
		"applyParticleChance": 0.5
	}],
	"weapons": [
		{
			"name": "龙王1",
			"mirror": false,
			"shake": 3,
			"rotate": true,
			"rotateSpeed": 5,
			"x": 21,
			"y": -29.25,
			"shootY": 7,
			"recoil": 1,
			"reload": 120,
			"controllable": false,
			"autoTarget": true,
			"shootSound": "beam",
			"continuous": true,
			"cooldownTime": 200,
			"bullet": {
				"type": "ContinuousLaserBulletType",
				"damage": 42,
				"knockback": 1,
				"status": "拆解",
				"statusDuration": 120,
				"width": 4.3,
				"length": 125,
				"colors": [
					"97FFA890",
					"97FFA880",
					"97FFA8"
				],
				"hitEffect": {
					"type": "ParticleEffect",
					"particles": 5,
					"line": true,
					"strokeFrom": 2,
					"strokeTo": 0,
					"lenFrom": 18,
					"lenTo": 18,
					"length": 1,
					"baseLength": 8,
					"lifetime": 8,
					"colorFrom": "97FFA8",
					"colorTo": "97FFA8",
					"cone": 80
				},
				"lifetime": 90,
				"shake": 1,
				"collidesTeam": true,
				"largeHit": false,
				"healPercent": 0.4,
				"despawnEffect": "smokeCloud",
				"shootEffect": "shootHeal",
				"smokeEffect": "none",
				"incendChance": 0.03,
				"incendSpread": 8,
				"incendAmount": 1,
				"spawnBullets": [
					{
						"type": "LightningBulletType",
						"damage": 44,
						"lightningColor": "97FFA8",
						"hitColor": "97FFA8",
						"lightningLength": 20,
						"lightningLengthRand": 8,
						"healPercent": 2,
						"collidesTeam": true,
						"hitEffect": "hitLancer",
						"despawnEffect": "none",
						"status": "干扰",
						"statusDuration": 60
					},
					{
						"type": "LightningBulletType",
						"damage": 44,
						"lightningColor": "97FFA8",
						"hitColor": "97FFA8",
						"lightningLength": 20,
						"lightningLengthRand": 8,
						"healPercent": 2,
						"collidesTeam": true,
						"hitEffect": "hitLancer",
						"despawnEffect": "none",
						"status": "干扰",
						"statusDuration": 60
					}
				]
			}
		},
		{
			"name": "龙王1",
			"mirror": false,
			"shake": 3,
			"rotate": true,
			"rotateSpeed": 5,
			"x": -21,
			"y": -29.25,
			"shootY": 7,
			"recoil": 1,
			"reload": 120,
			"controllable": false,
			"autoTarget": true,
			"shootSound": "beam",
			"continuous": true,
			"cooldownTime": 200,
			"bullet": {
				"type": "ContinuousLaserBulletType",
				"damage": 42,
				"knockback": 1,
				"status": "拆解",
				"statusDuration": 120,
				"width": 4.3,
				"length": 125,
				"colors": [
					"97FFA890",
					"97FFA880",
					"97FFA8"
				],
				"hitEffect": {
					"type": "ParticleEffect",
					"particles": 5,
					"line": true,
					"strokeFrom": 2,
					"strokeTo": 0,
					"lenFrom": 18,
					"lenTo": 18,
					"length": 1,
					"baseLength": 8,
					"lifetime": 8,
					"colorFrom": "97FFA8",
					"colorTo": "97FFA8",
					"cone": 80
				},
				"lifetime": 90,
				"shake": 1,
				"collidesTeam": true,
				"largeHit": false,
				"healPercent": 0.4,
				"despawnEffect": "smokeCloud",
				"shootEffect": "shootHeal",
				"smokeEffect": "none",
				"incendChance": 0.03,
				"incendSpread": 8,
				"incendAmount": 1,
				"spawnBullets": [
					{
						"type": "LightningBulletType",
						"damage": 44,
						"lightningColor": "97FFA8",
						"hitColor": "97FFA8",
						"lightningLength": 20,
						"lightningLengthRand": 8,
						"healPercent": 2,
						"collidesTeam": true,
						"hitEffect": "hitLancer",
						"despawnEffect": "none",
						"status": "干扰",
						"statusDuration": 60
					},
					{
						"type": "LightningBulletType",
						"damage": 44,
						"lightningColor": "97FFA8",
						"hitColor": "97FFA8",
						"lightningLength": 20,
						"lightningLengthRand": 8,
						"healPercent": 2,
						"collidesTeam": true,
						"hitEffect": "hitLancer",
						"despawnEffect": "none",
						"status": "干扰",
						"statusDuration": 60
					}
				]
			}
		},
		{
			"name": "龙王1",
			"mirror": false,
			"shake": 3,
			"rotate": true,
			"rotateSpeed": 5,
			"x": 21,
			"y": 12.5,
			"shootY": 7,
			"recoil": 1,
			"reload": 120,
			"controllable": false,
			"autoTarget": true,
			"shootSound": "beam",
			"continuous": true,
			"cooldownTime": 200,
			"bullet": {
				"type": "ContinuousLaserBulletType",
				"damage": 45,
				"knockback": 1,
				"status": "拆解",
				"statusDuration": 120,
				"width": 4.3,
				"length": 125,
				"colors": [
					"97FFA890",
					"97FFA880",
					"97FFA8"
				],
				"hitEffect": {
					"type": "ParticleEffect",
					"particles": 5,
					"line": true,
					"strokeFrom": 2,
					"strokeTo": 0,
					"lenFrom": 18,
					"lenTo": 18,
					"length": 1,
					"baseLength": 8,
					"lifetime": 8,
					"colorFrom": "97FFA8",
					"colorTo": "97FFA8",
					"cone": 80
				},
				"lifetime": 90,
				"shake": 1,
				"collidesTeam": true,
				"largeHit": false,
				"healPercent": 0.4,
				"despawnEffect": "smokeCloud",
				"shootEffect": "shootHeal",
				"smokeEffect": "none",
				"incendChance": 0.03,
				"incendSpread": 8,
				"incendAmount": 1,
				"spawnBullets": [
					{
						"type": "LightningBulletType",
						"damage": 44,
						"lightningColor": "97FFA8",
						"hitColor": "97FFA8",
						"lightningLength": 20,
						"lightningLengthRand": 8,
						"healPercent": 2,
						"collidesTeam": true,
						"hitEffect": "hitLancer",
						"despawnEffect": "none",
						"status": "干扰",
						"statusDuration": 60
					},
					{
						"type": "LightningBulletType",
						"damage": 44,
						"lightningColor": "97FFA8",
						"hitColor": "97FFA8",
						"lightningLength": 20,
						"lightningLengthRand": 8,
						"healPercent": 2,
						"collidesTeam": true,
						"hitEffect": "hitLancer",
						"despawnEffect": "none",
						"status": "干扰",
						"statusDuration": 60
					}
				]
			}
		},
		{
			"name": "龙王1",
			"mirror": false,
			"shake": 3,
			"rotate": true,
			"rotateSpeed": 5,
			"x": -21,
			"y": 12.5,
			"shootY": 7,
			"recoil": 1,
			"reload": 120,
			"controllable": false,
			"autoTarget": true,
			"shootSound": "beam",
			"continuous": true,
			"cooldownTime": 200,
			"bullet": {
				"type": "ContinuousLaserBulletType",
				"damage": 45,
				"knockback": 1,
				"status": "拆解",
				"statusDuration": 120,
				"width": 4.3,
				"length": 125,
				"colors": [
					"97FFA890",
					"97FFA880",
					"97FFA8"
				],
				"hitEffect": {
					"type": "ParticleEffect",
					"particles": 5,
					"line": true,
					"strokeFrom": 2,
					"strokeTo": 0,
					"lenFrom": 18,
					"lenTo": 18,
					"length": 1,
					"baseLength": 8,
					"lifetime": 8,
					"colorFrom": "97FFA8",
					"colorTo": "97FFA8",
					"cone": 80
				},
				"lifetime": 90,
				"shake": 1,
				"collidesTeam": true,
				"largeHit": false,
				"healPercent": 0.4,
				"despawnEffect": "smokeCloud",
				"shootEffect": "shootHeal",
				"smokeEffect": "none",
				"incendChance": 0.03,
				"incendSpread": 8,
				"incendAmount": 1,
				"spawnBullets": [
					{
						"type": "LightningBulletType",
						"damage": 44,
						"lightningColor": "97FFA8",
						"hitColor": "97FFA8",
						"lightningLength": 20,
						"lightningLengthRand": 8,
						"healPercent": 2,
						"collidesTeam": true,
						"hitEffect": "hitLancer",
						"despawnEffect": "none",
						"status": "干扰",
						"statusDuration": 60
					},
					{
						"type": "LightningBulletType",
						"damage": 44,
						"lightningColor": "97FFA8",
						"hitColor": "97FFA8",
						"lightningLength": 20,
						"lightningLengthRand": 8,
						"healPercent": 2,
						"collidesTeam": true,
						"hitEffect": "hitLancer",
						"despawnEffect": "none",
						"status": "干扰",
						"statusDuration": 60
					}
				]
			}
		},
		{
			"name": "龙王2",
			"x": 17.5,
			"y": -6.5,
			"inaccuracy": 0,
			"shootCone": 60,
			"shootSound": "laser",
			"shootY": 5,
			"shake": 4,
			"rotate": true,
			"rotateSpeed": 2,
			"reload": 75,
			"cooldownTime": 40,
			"alternate": true,
			"bullet": {
				"type": "EmpBulletType",
				"sprite": "circle-bullet",
				"width": 12,
				"height": 20,
				"shrinkY": 0,
				"healPercent": 20,
				"speed": 17,
				"lifetime": 21,
				"damage": 47,
				"radius": 100,
				"splashDamageRadius": 80,
				"splashDamage": 84,
				"timeIncrease": 3,
				"powerDamageScl": 3,
				"unitDamageScl": 0.9,
				"hitUnits": true,
				"scaleLife": true,
				"status": "electrified",
				"statusDuration": 180,
				"frontColor": "97FFA8",
				"backColor": "97FFA8",
				"trailLength": 20,
				"trailWidth": 6,
				"trailColor": "97FFA8",
				"trailChance": 0.33,
				"trailInterval": 8,
				"trailRotation": true,
				"trailEffect": {
					"type": "ParticleEffect",
					"particles": 3,
					"line": true,
					"strokeFrom": 1.3,
					"strokeTo": 1.3,
					"lenFrom": 13,
					"lenTo": 0,
					"sizeInterp": "pow10In",
					"interp": "pow5Out",
					"length": -80,
					"baseLength": 0,
					"lifetime": 32,
					"colorFrom": "97FFA8",
					"colorTo": "97FFA8",
					"cone": 11
				},
				"hitShake": 4,
				"shootEffect": "hitEmpSpark",
				"smokeEffect": "shootBigSmoke2",
				"hitSound": "plasmaboom",
				"despawnEffect": {
					"type": "ParticleEffect",
					"particles": 13,
					"line": true,
					"strokeFrom": 3,
					"strokeTo": 0,
					"lenFrom": 80,
					"lenTo": 0,
					"length": 80,
					"baseLength": 3,
					"lifetime": 22,
					"colorFrom": "97FFA8",
					"colorTo": "97FFA8"
				},
				"hitEffect": {
					"type": "MultiEffect",
					"effects": [
						{
							"type": "WaveEffect",
							"lifetime": 55,
							"sizeFrom": 100,
							"sizeTo": 100,
							"strokeFrom": 6,
							"strokeTo": 0,
							"colorFrom": "97FFA8",
							"colorTo": "97FFA8"
						},
						{
							"type": "ParticleEffect",
							"particles": 7,
							"sizeFrom": 18,
							"sizeTo": 0,
							"sizeInterp": "pow5In",
							"interp": "pow10Out",
							"length": 98,
							"baseLength": 10,
							"lifetime": 55,
							"colorFrom": "97FFA880",
							"colorTo": "97FFA880"
						},
						{
							"type": "ParticleEffect",
							"particles": 1,
							"sizeFrom": 10,
							"sizeTo": 0,
							"length": 0,
							"baseLength": 0,
							"lifetime": 106,
							"colorFrom": "97FFA8",
							"colorTo": "97FFA8"
						},
						{
							"type": "ParticleEffect",
							"particles": 1,
							"sizeFrom": 100,
							"sizeTo": 100,
							"length": 0,
							"baseLength": 0,
							"lifetime": 8,
							"colorFrom": "97FFA8A8",
							"colorTo": "97FFA800"
						}
					]
				},
				"fragBullets": 3,
				"fragLifeMin": 0.5,
				"fragBullet": {
					"sprite": "circle-bullet",
					"shrinkY": 0,
					"hitShake": 3,
					"absorbable": false,
					"collides": false,
					"width": 5,
					"height": 5,
					"speed": 5,
					"lifetime": 20,
					"healPercent": 2,
					"splashDamagePierce": true,
					"backColor": "97FFA8",
					"frontColor": "FFFFFF",
					"mixColorTo": "FFFFFF",
					"hitSound": "laser",
					"despawnEffect": "massiveExplosion",
					"hitEffect": "greenBomb",
					"splashDamage": 30,
					"splashDamageRadius": 50,
					"status": "干扰",
					"statusDuration": 10
				}
			}
		}
	]
}