{
    "type":"PowerNode",
    "name":"T2能量中枢",
    "description":"二级能量中枢",
    "size":1,
     "laserColor1":"#00c7fc",//有电时激光颜色
    "laserColor2":"#0031fc",//没电时激光颜色
    "health":100,
    "maxNodes":20,
    "armor":1,
    "laserRange":30,
	"hasPower":true,
	// "consumesPower": true,
	// "outputsPower": true,
    "requirements": [
        "压缩铅/8",
        "压缩硅/10",
        "二重压缩铜/5",
        
        ],
        "research":"大型能量中枢",
        	"objectives": [
      {
				"type": "OnSector",
				"preset": "科研基地"
			},
    ],
        "category":"power"
}