{
    "type": "battery",
    "name": "小电池",
    "description":"可以储存一定的能量  ",
    "size": 1,
    "health": 60,
        "drawer": {//143以后电池必须加drawer
		"type": "DrawMulti",
		"drawers": [
			"DrawDefault",
			{
				"type": "DrawPower",
				"emptyLightColor": "F8C266",
				"fullLightColor": "FFFFFF"
			},
			{
				"type": "DrawRegion",
				"suffix": "-top"
			}
		]
	},
    "category": "power",
    "research":"battery-large",
    "requirements": [
        {"item": "压缩石墨", "amount":8},
        {"item": "压缩铅", "amount":12},
        ],
        "consumes": {
            "powerBuffered":160,
            }
            "research": "基础能量中枢"   
}