{
    // 类型为 "CoreBlock"，可能表示核心块
    "type": "CoreBlock",
    // 名称为 "心脏"
    "name":"初代巢穴",
    // 描述为 "基础心脏"
    "description": "初代巢穴",
    // 物品容量为 2000
    "itemCapacity": 2000,
    // 单位类型为 "evoke"
    "unitType":"evoke",
    // 生命值为 10500
    "health": 10500,
    // 尺寸大小为 4
    "size": 4,
    // 建造成本乘数为 15
    "buildCostMultiplier":15,
    // 单位容量调整值为 0
    "unitCapModifier":0,
    // 建造所需物品
    "requirements": [
        "营养块/1000"
        "初级突变/50"
    ],
    //增加单位上限：64
    "unitCapModifier": 64,
    // 所属类别为 "effect"，可能表示效果类别
    "category": "effect",
    // 科技树默认不解锁
    "alwaysUnlocked":false,
    // 研究相关配置
    "research": {
        // 表示为科技树顶点
        "root":true,
        // 研究名称为 "心脏"
        "name":"初代巢穴"
    }
}
