{
    "name": "血爆",
    "description": "四级猩红空军单位，向前突进并发射激光造成伤害，拥有裂解光束，定期为周围队友提供护盾，死亡时分裂为血契，拥有较强的机动性",
    "type": "flying",
    "flying": true,
    "health": 14000,
    "armor": 9,
    "hitSize": 34,
    "speed": 2.2,
    "drag": 0.1,
    "rotateSpeed": 14,
    "engineOffset": 6,
    "engineSize": 3,
    "trailLength": 4,
    "weapons": [
        {
            "type": "PointDefenseWeapon",
            "x": 0,
            "y": -2.5,
            "reload": 15,
            "targetInterval": 5,
            "targetSwitchInterval": 5,
            "top": true,
            "mirror": false,
            "bullet": {
                "type": "BulletType",
                "shootEffect": "sparkShoot",
                "maxRange": 80,
                "damage": 40
            }
        },
        {
            "x": 0,
            "y": 5,
            "reload": 60,
            "shootY": 0,
            "mirror": false,
            "autoTarget": true,
            "shootSound": "laser",
            "bullet": {
                "type": "LaserBulletType",
                "damage": 75,
                "lifetime": 30,
                "length": 60,
                "width": 8,
                "colors": [
                    "F25555FF",
                    "AD263BFF",
                    "FFF0F0"
                ],
                "hitEffect": "hitLancer"
            }
        },
        {
            "x": -7.5,
            "y": 12.75,
            "shootY": 0,
            "reload": 8,
            "rotate": true,
            "shootCone": 45,
            "alternate": false,
            "shootSound": "sap",
            "bullet": {
                "type": "SapBulletType",
                "damage": 56,
                "length": 60,
                "sapStrength": 1.5,
                "color": "F25555FF",
                "hitColor": "F25555FF",
                "status": "sapped",
                "statusDuration": 30,
                "recoil": -1,
                "knockback": -4,
                "shootEffect": "shootSmall"
            }
        },
        {
            "x": 7.5,
            "y": 12.75,
            "shootY": 0,
            "reload": 5,
            "rotate": true,
            "shootCone": 45,
            "alternate": false,
            "shootSound": "sap",
            "bullet": {
                "type": "SapBulletType",
                "damage": 56,
                "length": 60,
                "sapStrength": 1.5,
                "color": "F25555FF",
                "hitColor": "F25555FF",
                "status": "sapped",
                "statusDuration": 30,
                "recoil": -1,
                "knockback": -4,
                "shootEffect": "shootSmall"
            }
        }
    ],
    "abilities": [
        {
            "type": "ShieldRegenFieldAbility",
            "amount": 450,
            "max": 4500,
            "reload": 60,
            "range": 64,
            "activeEffect": {
                "type": "WaveEffect",
                "lifetime": 20,
                "sizeFrom": 16,
                "sizeTo": 64,
                "strokeFrom": 10,
                "strokeTo": 0,
                "colorFrom": "F25555FF",
                "colorTo": "F25555FF"
            },
            "applyEffect": {
                "type": "WaveEffect",
                "lifetime": 60,
                "sides": 6,
                "sizeFrom": 24,
                "sizeTo": 0,
                "strokeFrom": 0,
                "strokeTo": 3,
                "interp": "exp10Out",
                "colorFrom": "F25555FF",
                "colorTo": "F25555FF"
            }
        },
        {
            "type": "SpawnDeathAbility",
            "unit": "ahbc血契",
            "amount": 2
        }
    ]
}