{
"name":"冰封",
    "damage": 0.2,
	"speedMultiplier":0.15,
	"effectChance":0.6,
	"healthMultiplier":0.9,
"reloadMultiplier":0.3,
    "opposites": [
		"burning",
		"melting"
	],
	"transitionDamage": 30,
    "affinities": [
		"shocked",
        "blasted",
	],
	"effect":{	"type": "ParticleEffect",
    "particles": 1,  
    "baseLength": 10,
    "length":8,
    "lifetime": 20,
    "sizeFrom": 1,
    "sizeTo": 0,
    "colorFrom": "00B8FF",
    "colorTo": "00B8FF",
    "cone":360 }
}
