{	
  "type":"flying",
	"name":"白色方块",
	"description":"???",
	"hitSize":16,
	"canDrown":false,
	"armor":68,
	"speed":2.4,
	"drag": 0.01,
	"accel": 0.1,
	"rotateSpeed": 3,
	"health": 17850000,
	"flying": true,
	"faceTarget": false,
	"immunities":["disarmed","push-scared","burning","freezing","melting"],
	"engineOffset": 6, 
	"engineSize": 0,
	"ammoType": "pyratite",
	"ammoCapacity": 999999,
	"weapons": 
	[
		{
		"name": "fallDown",
		"display": false,
		"reload": 240
    		"shoot": {
			"type": "ShootMulti",
			"source": {},
			"dest": [
      				{
      				"shots":10,
      				"shotDelay":5
      				},{
      					"firstShotDelay":80,
        				"type": "ShootSpread",
        				"shots": 3
     				},{
        				"firstShotDelay":100,
        				"type": "ShootSpread",
        				"shots": 3
     				},{
        				"firstShotDelay":120,
        				"type": "ShootSpread",
        				"shots": 3
      				},{
        				"firstShotDelay":180,
      					"type": "ShootSpread",
        				"shots": 7
     				 }
			]
		},
		"x": 3,
		"y": -1,
		"ignoreRotation": true,
		"rotate": false,
		"shootCone": 360,
		"inaccuracy": 15,
		"shootSound": "none",
			"bullet": {
			"speed": 4,
			"damage": 60,
			"knockback": 0.5,
			"lifetime": 30,
			"collides": false,
 			"fragBullets": 1,
      			"fragVelocityMax": 1,
      			"fragVelocityMin": 1,
      			"fragAngle": 0,
			"fragBullet": {
              			"damage": 2850,
              			"lifetime": 90,
              			"speed": 0.05,
              			"sprite":"push-spear",
              			"trailEffect": "none",
              			"hitEffect": "none",
              			"pierce": true,
              			"width":48,	"height":60,
              			"collides":false,
              			"hittable": false,
              			"absorbable": false,
              			"homingRange": 1280,
              			"homingPower": 99999999,
              			"fragRandomSpread": 0,
              			"fragVelocityMax": 1,
              			"fragVelocityMin": 1,
              			"fragAngle": 0,
              			"fragBullets": 1,
              			"fragBullet": {
                    			"sprite":"push-spear",
                    			"speed": 18,
			              	"damage": 2850,
			              	"pierce": true,
			              	"knockback": 65,
			              	"lifetime": 90,
			              	"width": 48,
			              	"height": 60,
                    			"trailColor": "e3e4d4FF",
                    			"shrinkY":0,"shrinkX":0,
                    			"backColor":"e3e4d4FF",
                    			"frontColor":"e3e4d4FF", 
                    			"trailLength": 18,
                    			"trailWidth": 1.6,
              				}
				}
         		}
		},{
		"name":"nu",
		//"display": false,
		"reload": 240,
		"x": 3,
		"y": -1,
		"ignoreRotation": true,
		"rotate": false,
		"shootCone": 360,
		"inaccuracy": 15,
    		"bullet": {
                    	"sprite":"push-spear",
                    	"speed": 27,
			 "damage": 31850,
			 "pierce": true,
			 "knockback": 225,
			 "lifetime": 90,
			        "width": 63,
			        "height": 107,
                    		"trailColor": "e3e4d4FF",
                    		"shrinkY":0,"shrinkX":0,
                    		"backColor":"e3e4d4FF",
                    		"frontColor":"e3e4d4FF", 
                    		"trailLength": 18,
                    		"trailWidth": 1.6,
				"bulletInterval":20,
				"intrevalBullets":1,
				"intervalRandomSpread": 0,
				"intervalAngle": -90,
              			"intervalBullet": {
					"type":"pointBulletType",
                    			"speed": 30,
                 			"trailEffect": "none",
                 			"hitEffect": "none",
                 			"despawnEffect":"none",
			        	"lifetime": 1,
                			"fragAngle":100, 
               				"fragRandomSpread": 0,
                			"fragLifeMax": 1,
                			"fragLifeMin": 1,
                			"fragVelocityMax": 1,
                			"fragVelocityMin": 1,
               				"fragBullets": 1,
                			"fragBullet": {
                    				"sprite":"push-spear",
                    				"speed": 27.4,
			       			"damage": 1290,
			        		"pierce": true,
			        		"knockback": 225,
			        		"lifetime": 12.6,
			        		"width": 32,
			        		"height": 52,
                    				"trailColor": "e3e4d4FF",
                    				"shrinkY":0,"shrinkX":0,
                    				"backColor":"e3e4d4FF",
                    				"frontColor":"e3e4d4FF", 
                    				"trailLength": 18,
                    				"trailWidth": 1.6,
               					"fragBullets": 1,
                				"fragAngle": -20,
                				"fragRandomSpread": 0,
                				"fragLifeMax": 1,
                				"fragLifeMin": 1,
                				"fragVelocityMax": 1,
                				"fragVelocityMin": 1,
                				"fragBullet": {
                    					"sprite":"push-spear",
                    					"speed": 27.4,
			       				"damage": 1290,
			        			"pierce": true,
			        			"knockback": 225,
			        			"lifetime": 12.6,
			        			"width": 32,
			        			"height": 52,
                    					"trailColor": "e3e4d4FF",
                    					"shrinkY":0,"shrinkX":0,
                    					"backColor":"e3e4d4FF",
                    					"frontColor":"e3e4d4FF", 
                    					"trailLength": 18,
                    					"trailWidth": 1.6
						}
					}
				}
			}
		}
	]
}
