{
    "type": "BufferedItemBridge",
    "name": "紫钢运输桥",
    "description": "是用紫钢制造出来的运输桥，可以把物品运的更远",
    "fadeIn":false,
     "moveArrows":true
    "health": 60,
    "range": 18,
    "arrowSpacing":6
    "transportTime": 0.89,
    "pulse":true,
    "bufferCapacity":5,
    "hasPower": false,
    "requirements": [
        "紫钢/4","芯片/1","graphite/3"
    ],
                "arrowPeriod":0.9,
            "arrowTimeScl":2.75,
    "category": "distribution",
    "research": "bridge-conveyor"
}





