{
   "type": "Duct",
    "name": "钛化气动资源运输管道",
    "health":72,
    "armor":6,
    "description": "气动资源运输管道的改进科技，但还是一如既往的拉胯与吸能，不能扛起物流运输的大任，不建议解锁，更不建议使用！",
    "placeableLiquid":true,
    "details":"发掘于遗迹海岸，该科技所使用的部分技术来源于Erekir，是Erekir物品管道的serpulo替代品"
    "speed": 2,
    "armored":true,
    "requirements": [
    "titanium/2",
        "lead/2",
        "graphite/2",
        "metaglass/1",
        "silicon/2"
    ],
    "outputsPower":true,
    "hasPower": true,
    "consumesPower": true,
    "conductivePower": true,
    "consumes": {
        "power": 0.05
    },
    "category": "distribution",
    "research":{  
      "parent":"气动资源运输管道",
    	"objectives": [
         {
				"type": "OnSector",
				"preset": "ruinousShores"
			}
			]
			} 
}