{
	"type": "Conveyor",//类型
	"category": "distribution",//菜单栏
	"name": "改良传送带",//名字
	"description": "向前运输物品。",//介绍
	"research": "先遣核心"//前置科技树
	"alwaysUnlocked":true,//科技树默认解锁
	"health":250//血量
	"bridgeReplacement":"改良传送带桥",//默认桥
    "junctionReplacement":"改良交叉器",//默认交叉器
	"requirements": [//建造消耗
		{ "item": "copper", "amount":1}	],
	"speed": 0.065,//运输速度
	"displayedSpeed":9,//游戏中显示速度,正常应为speed*137.5（什么勾八倍率）
 //运输速度计算公式为：speed×ItemCapacity×60
	"placeableLiquid":false,//可以在水上
	"requiresWater":false,//只能在水上
}