{
	"type": "Sorter",//类型,分类器
	"size":1,//平方大小
	"invert":true,//反向
	"category": "distribution",//菜单栏
	"name": "改良反向分类器",//名字
	"description": "将选中的物品向两侧输出，否则直接通过",//介绍
	"research": "改良分类器"//前置科技树
	"alwaysUnlocked":true,//科技树默认解锁
	"health":250//血量
	//"regionRotated":1,//区域旋转
	"solid":false,//实体
	"center":true,
	"requirements": [//建造消耗
		{ "item":"copper","amount":2},
		{"item":"钢铁","amount":1}	],
}