{
	"type": "Router",//类型
	"size":2,//平方大小
	"category": "distribution",//菜单栏
	"name": "改良分配器",//名字
	"description": "向另外七个方向运输物品。\n有四个物品的容量。",//介绍
	"details":"仓库人称小分配器。"
	"itemCapacity": 4,//物品容量
	"research": "改良路由器"//前置科技树
	"alwaysUnlocked":true,//科技树默认解锁
	"health":250//血量
	"solid":true,//实体
	"requirements": [//建造消耗
		{ "item":"copper","amount":4},
		{"item":"钢铁","amount":2}	],
	"speed": 1,//运输速度
}