{
	"name":"物流运输机卸载点",
	"description":"选择接受的物品后，\n被你建造的运货无人机会将平台内的对应物品运输至此。",
	"type": "UnitCargoUnloadPoint",//运输机卸载点
	"health":600,
	"size":2,
	"itemCapacity":100,
	"requirements": [
	{ "item": "graphite", "amount": 20 }
	{"item": "钢铁", "amount": 20 }
	{"item": "phase-fabric", "amount": 20 }
	],
	"category": "distribution",
	"squareSprite": false,
	"research": {
	"parent": "物流运输机平台"//科技树前置
	},
}
