{
	"type": "legs",
	"name": "摩羯",
	"armor": 52,
	"speed": 0.8,
	"rotateSpeed": 1.2,
	"hitSize": 48,
	"health": 335000,
	"legPairOffset": 3,
	"legExtension": -20,
	"legBaseOffset": 8,
	"stepShake": 2.6
	"legCount": 8,
	"legLength": 80,
	"legMoveSpace": 1,
	"rippleScale": 1.6,
		"abilities": [
			{	"type":"StatusFieldAbility",
			"duration":500
			"reload": 800
			"range":180
			"applyEffect": "none",
			"effect": "全面强化",
			}
				{	"type":"StatusFieldAbility",
			"duration":810
			"reload": 800
			"range":180
			"applyEffect": "none",
			"effect": "overclock",
			}
	]
	"immunities":["sapped","unmoving","disarmed"],
	"legSplashDamage": 188,
	"legSplashRange": 50,
	"drownTimeMultiplier": 6,
	"hovering": true,
	"allowLegStep": true,
	"researchCostMultiplier": 0,
	"research":"应龙"
	"ammoType": {
		"type": "PowerAmmoType",
		"totalPower": 22000
	},
	"weapons": [
		{
			"name": "摩羯3",
			"top": true,
			"shootY": 8,
			"reload": 33,
			"ejectEffect": "none",
			"rotate": true,
			"rotateSpeed": 12,
			"recoil": 2,
			"x": 7,
			"y": -13,
			"shoot": {
				"shots": 4,
				"shotDelay": 5
			},
			"shootSound": "laser",
			"bullet": {
				"type": "SapBulletType",
				"shootEffect": "shootSmall",
				"lifetime": 35,
				"sapStrength": 3.22,
				"length": 90,
				"width": 0.55,
				"knockback": -1,
				"statusDuration": 60,
				"status": "sapped",
				"damage": 198,
				"color": "A278E1",
				"lightColor": "A278E1",
				"hitColor": "A278E1",
				"despawnEffect": "none"
			}
		},
		{
			"name": "摩羯3",
			"top": true,
			"shootY": 8,
			"reload": 43,
			"ejectEffect": "none",
			"rotate": true,
			"rotateSpeed": 12,
			"recoil": 2,
			"x": 16,
			"y": -12,
			"shoot": {
				"shots": 3,
				"shotDelay": 3
			},
			"shootSound": "laser",
			"bullet": {
				"type": "SapBulletType",
				"shootEffect": "shootSmall",
				"lifetime": 35,
				"sapStrength": 3.22,
				"length": 92,
				"width": 0.55,
				"knockback": -1,
				"statusDuration": 60,
				"status": "sapped",
				"damage": 158,
				"color": "A278E1",
				"lightColor": "A278E1",
				"hitColor": "bf92f9",
				"despawnEffect": "none"
			}
		}
	    	{
		"name":"摩羯2",
		"shootSound":"laser"
		"top":true,
		"rotate": true,
		"rotateSpeed": 5,
		"mirror":true,
		"shake":8
		"x":20,"y":-8,
		"shootY":0
		"reload":30
		"recoil":0,
		"shootStatusDuration":120,
		"parentizeEffects":true,
			"shoot": {
				"type": "ShootSpread",
				"shots": 3
				"spread": 3
			}
	"bullet":{
		"type":"LaserBulletType",
		"length":115
		"damage":185
		"splashDamage":95
		"splashDamageRadius":30
		"width":50
		"lifetime":12
		"lightningColor":"A278E1",
		"lightningSpacing":32,
		"lightningLength":1
		"lightningDelay":0.2,
		"lightningLengthRand":15,
		"lightningDamage":20
		"lightningAngleRand":40,
		"largeHit":true,
		"sideAngle":20,
		"sideWidth":2,
		"sideLength":60,
		"colors":["c093fa", "c093fa", "c093fa"],
		"healPercent":5,
		"collidesTeam":true
	}
	}
	{
			"name": "摩羯4",
			"reload": 120,
			"x": 0,
			"y": -12,
			"shootY": 23,
			"rotate": true,
			"rotateSpeed": 1,
			"inaccuracy": 0,
			"mirror": false,
			"shootSound": "shotgun",
			"shake": 5,
			"recoil": 5,
			"shoot": {
				"type": "ShootSpread",
				"shots": 1,
			}
			"bullet": {
		    "type": "ArtilleryBulletType",
			"pierceArmor": true,
			"speed": 6,
			"lifetime": 72
			"width": 22,
			"height": 22,
			"backColor": "A278E31FF",
			"frontColor": "A278E31FF",
			"shootEffect": "shootBig",
			"smokeEffect": "shootBigSmoke",
			"splashDamageRadius": 34,
			"splashDamage": 225,
			"hitEffect": "flakExplosionBig",
			"despawnEffect": "flakExplosionBig",
			"ammoMultiplier": 6,
		    "status": "burning",
		    "makeFire": true,
			"statusDuration": 550,
			"fragBullets": 9,
			"fragLifeMin": 0.5
		    "fragLifeMax": 1.8
			"fragBullet": {
				"pierceArmor": true,
				"hitEffect": "blastExplosion",
				"status": "blasted",
				"statusDuration": 260,
				"width": 8,
				"height": 9,
				"backColor": "A278E31FF",
				"frontColor": "665C9FFF",
				"damage": 65,
				"scaledSplashDamage": true,
				"splashDamageRadius": 40,
				"splashDamage": 32,
				"makeFire": true,
				"lifetime": 20,
				"speed": 3
				}
			}
		}
		{
			"name": "摩羯1",
			"reload": 120,
			"x": 0,
			"y": -12,
			"rotationLimit": 50,
			"shootY": 23,
			"rotate": true,
			"rotateSpeed": 1,
			"inaccuracy": 1,
			"mirror": false,
			"shootSound": "shotgun",
			"shake": 5,
			"recoil": 5,
			"shoot": {
				"type": "ShootSpread",
				"shots": 5,
				"spread": 5
			},
			"bullet": {
				"type": "ShrapnelBulletType",
				"damage": 120,
				"lifetime": 15,
				"length": 150,
				"width": 16,
				"pierceArmor": true,
				"serrationLenScl": 8,
				"serrationSpaceOffset": 60,
				"serrationFadeOffset": 0,
				"serrations": 14,
				"serrationWidth": 8,
				"statusDuration": 300,
				"status": "sapped",
				"fromColor": "A278E31FF",
				"toColor": "665C9FFF",
				"shootEffect": {
					"type": "ParticleEffect",
					"particles": 19,
					"sizeFrom": 9,
					"sizeTo": 0,
					"line": true,
					"length": 55,
					"baseLength": 0,
					"lifetime": 15,
					"colorFrom": "A278E1",
					"colorTo": "665C9FFF",
					"cone": 60
				},
				"smokeEffect": "bigShockwave"
			}
		}
	]
}