{
	"type": "ParticleWeather",
	"name": "暴风雪",
	"baseSpeed": 3,
	"color": "BFDFFF",
	"opacityMultiplier": 0.7,
	"density": 750,
	"useWindVector": true,
	"particleRegion": "particle",
	"sizeMin": 25,
	"sizeMax": 70,
	"minAlpha": 0.1,
	"maxAlpha": 0.2,
	"sound": "wind",
	"soundVol": 1,
	"drawNoise": true,
	"noiseColor": "BFDFFF40",
	"noiseLayers": 4,
	"noiseScale": 1400,
	"noisePath": "fog",
	"noiseLayerSclM": 0.5,
	"noiseLayerAlphaM": 0.1,
    "force": 2,
	"status": "freezing"
    "attrs":{
    "light":-0.8,
    "water":-0.8,
    "heat":-1
}
}