{	
  "type":"flying",
	"name":"天垠·IV",
	"description":"增设轻型防空机枪，换用破片爆弹，速度再次提升",
	"itemCapacity":80,
	"hitSize":10,
	"canDrown":false,
	"armor":11,
	"speed":1.7,
	"drag": 0.01,
	"accel": 0.1,
	"rotateSpeed": 3,
	"health": 19650,
	"flying": true,
	"faceTarget": false
	//"immunities":["disarmed"],
	"research":"horizon2",
	"engineOffset": 6, 
	"engineSize": 3,
	"ammoType": "pyratite",
	"ammoCapacity": 80,
	"weapons": [
		{
			"name": "fallDown",
			"minShootVelocity": 1,
			"reload": 10,
			"x": 3,
			"y": -1,
			"ignoreRotation": true,
			"rotate": false,
			"shootCone": 360,
			"inaccuracy": 15,
			"shootSound": "none",
			"bullet": {
				"type": "BombBulletType",
				"splashDamage": 107,
        "damage":31,
				"splashDamageRadius": 40,
				"status": "blasted",
				"lifetime": 45,
				"width": 9,
				"height": 15,
				"shootEffect": "none",
				"smokeEffect": "none",
				"hitEffect": "flakExplosion",
				"despawnEffect": "flakExplosion"
        "fragBullets": 5,
        "fragVelocityMax": 1,
        "fragVelocityMin": 0,
        "fragBullet": {
            "damage":16,
            "speed": 4,
            "lifetime": 10,
            "width": 3,
            "height": 6,
        }
			}
		},{
			"name": "smallHeadGun1",
			"reload": 60,
			"shoot": {
				"shots": 10,
				"shotDelay": 3
			},
			"x": 0,
			"y": 0,
			"ignoreRotation": true,
			"autoTarget": true,
			"mirror":false,
			"controllable": false,
			"rotate": true,
			"shootCone": 360,
			"inaccuracy": 15,
			"ejectEffect": "casing3",
			"shootSound": "missile",
			"bullet": {
		    		"type": "MissileBulletType",
		    		"damage": 12,
		    		"splashDamageRadius": 20,
		    		"splashDamage": 45,
		    		"status": "burning",
				    "backColor": "FF7F24",
		    		"hitEffect": "explosion",
				    "despawnEffect": "explosion",
            "statusDuration": 480,
				    "smokeEffect": "none",
				    "speed": 5,
				    "lifetime": 80,
				    "width": 5,
            "height": 7
          }
		},
		{
			"name": "dash",
			"reload": 180,
			"x": 0,
			"y": 1,
			"ignoreRotation": true,
			"rotate": false,
			"mirror":false,
			"shootCone": 60,
			"inaccuracy": 0,
			"shootSound": "none",
      "targetGround": true,
			"bullet": {
        "recoil": -20,
        "absorbable": false,
        "collidesTiles": false,
        "pierce": true,
        "lifetime": 12,
        "speed":12,
        "bulletInterval": 20,
        "intervalBullets": 1,
        "intervalVelocityMax": 1,
        "intervalVelocityMin": 1,
        "intervalAngle": 0,
        "intervalRandomSpread": 0,
        "intervalBullet": {
          "lifetime": 24,
          "knockback": 24,
          "collidesTiles": false,
          "collidesGround": false,
          "absorbable": false,
          "speed":0,
          "pierce": true,
          "bulletInterval": 1,
          "intervalBullets": 1,
          "intervalRandomSpread": 360,
          "intervalSpread": 10,
          "intervalAngle": 90,
          "damage":1965,
          "intervalBullet": {
              "type": "BombBulletType",
              "splashDamage": 107,
              "damage":31,
			      	"splashDamageRadius": 40,
			      	"status": "blasted",
		      		"lifetime": 45,
				      "width": 9,
		      		"height": 15,
			      	"shootEffect": "none",
			      	"smokeEffect": "none",
			      	"hitEffect": "flakExplosion",
			      	"despawnEffect": "flakExplosion"
              "fragBullets": 5,
              "fragVelocityMax": 1,
              "fragVelocityMin": 0,
              "fragBullet": {
                  "damage":16,
                  "speed": 4,
                  "lifetime": 10,
                  "width": 3,
                  "height": 6,
              }
	      		}
        }
			}
		}
	]
}
