{
    "type":"GenericCrafter",
    "name":"合聚烯烃钢冶炼厂",
    "description":"",
    "size":4,
    "craftTime":120,
    "itemCapacity":30,
    "drawer":{
        "type":"DrawMulti",
        "drawers":[
            "DrawDefault",
            "DrawFlame"
            ]
    },
    "consumes": {
        "power":8,
        "items": {
            "items": [
                "silicon/2",
                "thorium/3",
                "titanium/4",
                "plastanium/4",
                "气钢/2"
                ]
        }
    },
    "outputItem":"合聚烯烃钢/1",
    "requirements": [
        "silicon/260",
        "lead/300",
        "thorium/200",
        "titanium/240",
        "plastanium/250",
        "copper/300",
        "气钢/240"
    ],
    "category": "crafting",
    "research": "alloy-smelter"
}