{
	"type": "ArtilleryTurret",
	"name": "哨兵",
	"description": "小心些，这个炮筒可不管你是不是它的操作者。",
	"health": 500,
	"size": 3,
	"reload": 600,
	"range": 250,
	"ammoUseEffect": "shellEjectSmall",
	"shootSound": "迫击炮",
	"hitSound": "hit",
	"inaccuracy": 0,
	"rotatespeed": 1.2,
	"ammo": {
		"混乱弹": {
		"type": "BasicBulletType",
		"bulletSprite": "源能时代-子弹-混乱",
			"speed": 10.0,
			"damage": 700,
			"splashDamageRadius":90,
			"splashDamage": 600,
			"status": "tarred",
			"bulletWidth": 10,
			"bulletHeight": 8,
			"shootEffect": "shootBig",
			"smokeEffect": "shootSmallSmoke",
			"ammoMultiplier": 3
		},
			"燃烧弹":{
			"type": "BasicBulletType",
			"bulletSprite": "源能时代-子弹-燃烧",
			"speed": 10.0,
			"damage": 600,
			"splashDamageRadius":340,
			"splashDamage": 500,
		    "status": "burning",
			"bulletWidth": 10,
			"bulletHeight": 8,
			"shootEffect": "shootBig",
			"smokeEffect": "shootSmallSmoke",
			"ammoMultiplier": 2
		},
			"冷却弹":{
			"type": "BasicBulletType",
			"bulletSprite": "源能时代-子弹-冷却",
			"speed": 10.0,
		    "damage": 650,
		    "splashDamageRadius":80,
			"splashDamage": 550,
		    "status": "freezing",
			"bulletWidth": 10,
			"bulletHeight": 14,
			"shootEffect": "shootBig",
			"smokeEffect": "shootSmallSmoke",
			"ammoMultiplier": 2
		},
	      "高爆弹":{
	      "type": "BasicBulletType",
	      "bulletSprite": "源能时代-子弹-高爆",
			"speed": 10.0,
			"damage": 900,
			"splashDamageRadius":300,
			"splashDamage": 900,
		    "status": "melting",
			"bulletWidth": 10,
			"bulletHeight": 12,
			"shootEffect": "shootBig",
			"smokeEffect": "shootSmallSmoke",
			"ammoMultiplier": 1
		}
	},
	"requirements": [
		{ "item": "源能锭", "amount": 80 },
		{ "item": "纯化星源", "amount": 70},
		{ "item": "graphite", "amount": 300 },
		{ "item": "titanium", "amount": 300},
		{ "item": "silicon", "amount": 400}
	],
	"category": "turret",
	"research": "狙击炮塔"
}
