{
	"type":"ForceProjector"
	"name":"守护"
	"description":"“守护”型应激护盾发生器，联邦编码D-1，可以迅速恢复，但是容易过载，范围小"
	"health":200
	"size":1
	"radius":60
	"breakage":500
	"cooldown":120
	"cooldownBrokenBase":10
	"consumes":{
		"power":3
		"items":{
			"items":[
				{"item":"纯化星源","amount":1}
			]
			"booster":true
		}
	}
	"requirements":[
	    { "item": "星源", "amount": 150},
		{ "item":"纯化星源","amount":75},
		{ "item": "钢", "amount": 300},
		{ "item": "源能锭", "amount": 50}
	]
	"category":"effect",
	"research":"狙击炮塔"
}