{
	"type": "DoubleTurret",
	"name": "屠戮",
	"description": "普通激光发生器。",
	"health": 700,
	"size": 2,
	"maxAmmo": 250,
	"reload": 1,
	"shootSound": "激光-2",
	"range": 200,
	"ammoUseEffect": "shellEjectSmall",
	"inaccuracy": 0,
	"rotatespeed": 3,
	"ammo": {
		"便携电池": {
		    "type": "BasicBulletType",
			"bulletSprite": "源能时代-子弹-普通激光",
			"speed": 0.2,
			"lifetime": 1200,
			"damage": 40,
			"alternate": true,
			"shootEffect": "shootBig",
			"smokeEffect": "shootSmallSmoke",
			"ammoMultiplier": 50
		}
	},
	"requirements": [
		{ "item": "copper", "amount": 300 },
		{ "item": "lead", "amount": 160},
		{ "item": "graphite", "amount": 70},
		{ "item": "silicon", "amount": 50},
		{ "item": "钢", "amount": 50}
	],
	"category": "turret",
	"research": "冲杀"
}
