{
	"type": "GenericSmelter",
	"name": "星源精炼厂",
	"description": "对星源进行处理以将其纯化。",
	"liquidCapacity": 240,
	"outputItem": {"item": "纯化星源", "amount": 1},
	"size": 2,
	"hasPower": true,
	"hasLiquids": true,
	"hasItems": true,
	"craftTime": 120,
	"updateEffect": "smeltsmoke",
	"consumes": {
		"power": 1,

		"liquid": {
			"liquid": "源能",
			"amount": 2
		}
	},
	"requirements": [
		{ "item": "星源", "amount": 40 },
		{ "item": "silicon", "amount": 60 },
		{ "item": "钢", "amount": 50 },
		{ "item": "源能锭", "amount": 40}
	],
	"category": "crafting",
	"idleSound": "respawning",
	"research": "铁水处理-凝钢",
	"idleSoundVolume": 0.5
}
