{
	"type": "DoubleTurret",
	"name": "歼灭",
	"description": "人群控制武器，谨慎使用。",
	"health": 700,
	"size": 2,
	"reload": 10,
	"range": 270,
	"ammoUseEffect": "shellEjectSmall",
	"hitSound": "hit",
	"shootSound": "机枪",
	"inaccuracy": 15,
	"rotatespeed": 1.2,
	"ammo": {
		"混乱弹": {
		    "type": "BasicBulletType",
		    "bulletSprite": "源能时代-子弹-混乱",
			"speed": 10.0,
			"damage": 100,
			"splashDamageRadius":80,
			"splashDamage": 70,
			"status": "tarred",
			"bulletWidth": 10,
			"bulletHeight": 8,
			"shootEffect": "shootBig",
			"smokeEffect": "shootSmallSmoke",
			"ammoMultiplier": 3
		},
		"蚀甲弹":{
			"type": "BasicBulletType",
		    "bulletSprite": "源能时代-子弹-蚀甲",
			"speed": 10.0,
			"damage": 300,
			"splashDamageRadius":50,
			"splashDamage": 200,
			"status": "corroded",
			"bulletWidth": 10,
			"bulletHeight": 8,
			"shootEffect": "shootBig",
			"smokeEffect": "shootSmallSmoke",
			"ammoMultiplier": 4
		},
			"燃烧弹":{
			"type": "BasicBulletType",
			"bulletSprite": "源能时代-子弹-燃烧",
			"speed": 10.0,
			"damage": 150,
			"splashDamageRadius":170,
			"splashDamage": 30,
		    "status": "burning",
			"bulletWidth": 10,
			"bulletHeight": 8,
			"shootEffect": "shootBig",
			"smokeEffect": "shootSmallSmoke",
			"ammoMultiplier": 2
		},
			"冷却弹":{
		    "type": "BasicBulletType",
		    "bulletSprite": "源能时代-子弹-冷却",
			"speed": 10.0,
		    "damage": 200,
		    "splashDamageRadius":40,
			"splashDamage": 70,
		    "status": "freezing",
			"bulletWidth": 10,
			"bulletHeight": 14,
			"shootEffect": "shootBig",
			"smokeEffect": "shootSmallSmoke",
			"ammoMultiplier": 2
		},
	      "高爆弹":{
	    	"type": "BasicBulletType",
			"bulletSprite": "源能时代-子弹-高爆",	
			"speed": 10.0,
			"damage": 250,
			"splashDamageRadius":100,
			"splashDamage": 250,
		    "status": "melting",
			"bulletWidth": 10,
			"bulletHeight": 12,
			"shootEffect": "shootBig",
			"smokeEffect": "shootSmallSmoke",
			"ammoMultiplier": 1
		}
	},
	"requirements": [
		{ "item": "源能锭", "amount": 80 },
		{ "item": "纯化星源", "amount": 90},
		{ "item": "copper", "amount": 300 },
		{ "item": "titanium", "amount": 300},
		{ "item": "silicon", "amount": 400}
	],
	"category": "turret",
	"research": "狙击炮塔"
}
