{ 
  "type": "MendProjector",
  "name":"源能修复仪",
  "description":"十分优秀的修复仪器",
  "health": 500,
  "color": "7986CB",
  "phase": "3F51B5",
  "reload": 300,
  "range": 250,
  "healPercent": 75,
  "phaseBoost": 25,
  "phaseRangeBoost": 25,
  "useTime": 600,
  "size": 3,
  "consumes":{
		"power":6
		"items":{
			"items":[
				{"item":"纯化星源","amount":1}
			]
			"booster":true
		}
	}
  "requirements": [
		{ "item": "钢", "amount": 90 },
		{ "item": "源能锭", "amount": 35},
		{ "item": "星源", "amount": 80}
	],
	"category": "effect",
	"research": "狙击炮塔"
   }