{ 
   "type":"OverdriveProjector",
   "name":"源能加速器",
   "description":"十分优秀的加速投影器",
   "health":500,
   "size": 2,
   "color": "90A4AE",
   "phase": "546E7A",
   "reload": 300,
   "range": 250,
   "speedBoost": 3,
   "speedBoostPhase": 1,
   "useTime": 600,
   "phaseRangeBoost": 25,
   "consumes":{
		"power":2
		"items":{
			"items":[
				{"item":"纯化星源","amount":1}
			]
			"booster":true
		}
	}
	"requirements":[
	    { "item": "星源", "amount": 150},
		{ "item": "纯化星源","amount":75},
		{ "item": "钢", "amount": 150},
		{ "item": "源能锭", "amount": 75}
	]
	"category":"effect",
	"research":"狙击炮塔"


}