{
	"name": "源能钻头",
	"description": "可开采星源的钻头，当然，别的矿物也可以。",
	"type": "Drill",
	"size": 3,
	"tier": 5,
	"drillTime": 60,
	"consumes": {
		"power": 3.0,
		"liquid": {
			"liquid": "源能", 
			"amount": 0.01,
			"booster": true
		}
	},
	"requirements": [
		{ "item": "源能锭", "amount": 30 },
		{ "item": "silicon", "amount": 40 },
		{ "item": "plastanium", "amount": 20 },
		{ "item": "thorium", "amount": 70 },
		{ "item": "钢", "amount": 20}
	],
	"category": "production",
	"research": "laser-drill"
}
