{
	"type": "GenericCrafter",
	"name": "源能转换仪-铜",
	"description": "将铜转化为源能，这是一种万能一般的物质。",
	"liquidCapacity": 50,
	"outputLiquid": {"liquid": "源能", "amount": 30},
	"size": 2,
	"hasPower": true,
	"hasLiquids": true,
	"craftTime": 10,
	"consumes": {
		"power": 2.0,
		"item": "copper"
	},
	"requirements": [
		{ "item": "lead", "amount": 50 },
		{ "item": "copper", "amount": 80 },
		{ "item": "thorium", "amount": 20 }
	],
	"category": "crafting",
	"research": "源能离析机",
	"idleSound": "respawning",
	"idleSoundVolume": 0.5
}
