{
	"type": "DoubleTurret",
	"name": "烈焰",
	"description": "灼烧激光发生器。",
	"health": 700,
	"size": 2,
	"maxAmmo": 250,
	"reload": 1,
	"range": 200,
	"shootSound": "激光-2",
	"ammoUseEffect": "shellEjectSmall",
	"inaccuracy": 0,
	"rotatespeed": 3,
	"ammo": {
		"便携电池": {
		    "type": "BasicBulletType",
			"bulletSprite": "源能时代-子弹-灼烧激光",
			"speed": 0.2,
			"lifetime": 1200,
			"damage": 45,
			"status": "burning",
			"alternate": true,
			"shootEffect": "shootBig",
			"smokeEffect": "shootSmallSmoke",
			"ammoMultiplier": 25
		}
	},
	"requirements": [
		{ "item": "copper", "amount": 300 },
		{ "item": "lead", "amount": 160},
		{ "item": "白磷", "amount": 5},
		{ "item": "graphite", "amount": 70},
		{ "item": "silicon", "amount": 50},
		{ "item": "钢", "amount": 50}
	],
	"category": "turret",
	"research": "屠戮"
}
