{
	"type": "GenericCrafter",
	"name": "源能转换仪-相织布",
	"description": "源能转化为相织布，这是一种便捷的转化方式。",
	"liquidCapacity": 50,
	"outputItem": {"item": "phase-fabric", "amount": 1},
	"size": 2,
	"hasPower": true,
	"hasLiquids": true,
	"craftTime": 10,
	"consumes": {
		"power": 2.0,
				"liquid": {
			"liquid": "源能",
			"amount": 4
		}
	},
	"requirements": [
		{ "item": "lead", "amount": 50 },
		{ "item": "copper", "amount": 80 },
		{ "item": "metaglass", "amount": 20 },
		{ "item": "thorium", "amount": 10}
	],
	"category": "crafting",
	"research": "源能离析机",
	"idleSound": "respawning",
	"idleSoundVolume": 0.5
}
