{
	"type": "GenericCrafter",
	"name": "源能转换仪-铁",
	"description": "源能转化为铁，这是在没有自然铁矿的情况下一种较好的转化方式。",
	"liquidCapacity": 50,
	"outputItem": {"item": "铁", "amount": 1},
	"size": 2,
	"hasPower": true,
	"hasLiquids": true,
	"craftTime": 10,
	"consumes": {
		"power": 2.0,
				"liquid": {
			"liquid": "源能",
			"amount": 0.75
		}
	},
	"requirements": [
		{ "item": "lead", "amount": 50 },
		{ "item": "copper", "amount": 80 },
		{ "item": "metaglass", "amount": 20 }
	],
	"category": "crafting",
	"research": "源能离析机",
	"idleSound": "respawning",
	"idleSoundVolume": 0.5
}
