{
	"type": "GenericCrafter",
	"name": "铁水处理-凝钢",
	"description": "将预处理脱磷铁水进行处理，冶炼为钢材。",
	"liquidCapacity": 50,
	"outputItem": {"item": "钢", "amount": 2},
	"size": 2,
	"hasPower": true,
	"hasLiquids": true,
	"hasItems": true,
	"craftTime": 20,
	"consumes": {
		"power": 0.7,

		"liquid": {
			"liquid": "预处理铁水-脱磷",
			"amount": 0.5
		}
	},
	"requirements": [
		{ "item": "lead", "amount": 50 },
		{ "item": "copper", "amount": 40},
		{ "item": "thorium", "amount": 50 },
		{ "item": "silicon", "amount": 15 },
		{ "item": "铁", "amount": 40 }
	],
	"category": "crafting",
	"research": "铁水预处理-脱磷"
}
