{
	"type": "BurstTurret",
	"name": "防空网",
	"description": "人群控制武器，谨慎使用。",
	"health": 700,
	"size": 2,
	"reload": 10,
	"targetGround": false,
	"shootSound": "导弹",
	"hitSound": "hit",
	"range": 350,
	"ammoUseEffect": "shellEjectSmall",
	"inaccuracy": 15,
	"rotatespeed": 1.2,
	"ammo": {
		"混乱弹": {
			"type": "BasicBulletType",
			"bulletSprite": "源能时代-子弹-混乱",
			"speed": 10.0,
			"damage": 100,
			"shots": 3,
			"splashDamageRadius":80,
			"splashDamage": 70,
			"status": "tarred",
			"bulletWidth": 10,
			"bulletHeight": 8,
			"shootEffect": "shootBig",
			"smokeEffect": "shootSmallSmoke",
			"ammoMultiplier": 3
		},
		"蚀甲弹":{
		"type": "BasicBulletType",
		"bulletSprite": "源能时代-子弹-蚀甲",
			"speed": 10.0,
			"damage": 700,
			"shots": 4,
			"splashDamageRadius":90,
			"splashDamage": 500,
			"status": "corroded",
			"bulletWidth": 10,
			"bulletHeight": 8,
			"shootEffect": "shootBig",
			"smokeEffect": "shootSmallSmoke",
			"ammoMultiplier": 4
		},
			"燃烧弹":{
			"type": "BasicBulletType",
			"bulletSprite": "源能时代-子弹-燃烧",
			"speed": 10.0,
			"damage": 150,
			"shots": 2,
			"splashDamageRadius":170,
			"splashDamage": 30,
		    "status": "burning",
			"bulletWidth": 10,
			"bulletHeight": 8,
			"shootEffect": "shootBig",
			"smokeEffect": "shootSmallSmoke",
			"ammoMultiplier": 2
		},
			"冷却弹":{
			"type": "BasicBulletType",
			"bulletSprite": "源能时代-子弹-冷却",
			"speed": 10.0,
		    "damage": 200,
		    "shots": 2,
		    "splashDamageRadius":40,
			"splashDamage": 70,
		    "status": "freezing",
			"bulletWidth": 10,
			"bulletHeight": 14,
			"shootEffect": "shootBig",
			"smokeEffect": "shootSmallSmoke",
			"ammoMultiplier": 2
		},
	      "高爆弹":{
	      "type": "BasicBulletType",
	      "bulletSprite": "源能时代-子弹-高爆",
			"speed": 10.0,
			"damage": 500,
			"splashDamageRadius":100,
			"splashDamage": 500,
		    "status": "melting",
			"bulletWidth": 10,
			"bulletHeight": 12,
			"shootEffect": "shootBig",
			"smokeEffect": "shootSmallSmoke",
			"ammoMultiplier": 1
		}
	},
	"requirements": [
		{ "item": "源能锭", "amount": 80 },
		{ "item": "纯化星源", "amount": 70},
		{ "item": "graphite", "amount": 300 },
		{ "item": "titanium", "amount": 300},
		{ "item": "silicon", "amount": 400},
		{ "item": "钢", "amount": 90}
	],
	"category": "turret",
	"research": "狙击炮塔"
}
