{
    "type":"legs",
    "name":"佛戮",
    "description":"",
    "hitSize":53,
    "hovering":true,
    "drawShields":false,
    "allowLegStep":true,
    "groundLayer":100,
    //高度
       "groundLayer":120,
    //高度
    "health":320000,
    "armor":23,
    "speed":0.6,
    "rotateSpeed":5,
    "buildSpeed":0,
    //建筑速度
    "legCount":10,
    //腿数
    "legLength":75,
    //最大腿长
    "legBaseOffset":8,
    //腿根部偏移
    "legExtension":-20,
    //腿部各段长短
    "legMoveSpace":0.8,
    //腿运动幅度
    "legSplashDamage":320,
    //踩踏范围伤害
    "legSplashRange":18,
    //踩踏范围伤害的范围
    "rippleScale":3,
    //踩踏特效范围
    "legLengthScl":0.93,
    //腿部最大伸缩
   /*       legCount = 8;
            legMoveSpace = 0.8f;
            legPairOffset = 3;
            legLength = 75f;
            legExtension = -20;
            legBaseOffset = 8f;
            stepShake = 1f;
            legLengthScl = 0.93f;
            rippleScale = 3f;
            legSpeed = 0.19f;*/
    "research": {
		"parent": "冥界",
	},
  
    //弹药类型
    "drawBody":true,
    //显示身体
	"drawCell":true,
	//是否显示Cell
    "weapons":[
    {
	        "type":"PointDefenseWeapon"
	        "name":""
	        "x":5,
	        "y":0,
	        		"rotate": true,
	        "reload":10,
	        "targetInterval":6,
	        "targetSwitchInterval":9,
	        "recoil":0,
	        "bullet":{
	            "shootSound":"lasershoot"
	            "shootEffect":"sparkShoot"
	            "hitEffect":"pointHit"
	            "maxRange":90,
	            "damage":20,
	        }
	    }
	    {
	        "type":"PointDefenseWeapon"
	        "name":""
	        "x":10,
	        "y":0,
	        		"rotate": true,
	        "reload":10,
	        "targetInterval":6,
	        "targetSwitchInterval":9,
	        "recoil":0,
	        "bullet":{
	            "shootSound":"lasershoot"
	            "shootEffect":"sparkShoot"
	            "hitEffect":"pointHit"
	            "maxRange":90,
	            "damage":20,
	        }
	    }
       {
			"name":"冥界主炮",
			//武器贴图的名字
				"top":true,
			"mirror":false,
			"shootY":13,
				"rotate": true,
	"rotateSpeed":4,
			"x":-22,
			"y":0,
			"firstShotDelay":70,
			//第一次射击的前摇
			"chargeSound":"lasercharge2",
			//充能阶段的声音
			"shootSound":"beam",
			//射击的声音
			"reload":360,
			//射速
			"recoil":0,
			//后坐力
			"continuous":true,
			//是否持续射击
            "cooldownTime":240,
            "shootStatus":"overclock",
            "statusDuration":150,
			"bullet":{
				"damage":240,
				//伤害，1:12
				"buildingDamageMultiplier":1,
				"length":180,
				//激光长度,8:1
						"width": 6,
						"largeHit":"true",		
				"status":"melting",
				"hitEffect":"hitMeltHeal",
				"drawSize":420,
				"lifetime":220,
				"shake":2,
				"type":"ContinuousLaserBulletType",
				"colors":["9CC2F0FF","0C9DF5FF","2C6FDBFF","5307ECFF"]
			}
		},    
		       {
			"name":"冥界主炮",
			//武器贴图的名字
			"top":true,
			"mirror":false,
			"shootY":13,
				"rotate": true,
	"rotateSpeed":4,
			"x":22,
			"y":0,
			"firstShotDelay":70,
			//第一次射击的前摇
			"chargeSound":"lasercharge2",
			//充能阶段的声音
			"shootSound":"beam",
			//射击的声音
			"reload":360,
			//射速
			"recoil":0,
			//后坐力
			"continuous":true,
			//是否持续射击
            "cooldownTime":240,
            "shootStatus":"overclock",
            "statusDuration":150,
			"bullet":{
				"damage":240,
				//伤害，1:12
				"buildingDamageMultiplier":1,
				"length":180,
				//激光长度,8:1
						"width": 6,
				"status":"melting",
				"hitEffect":"hitMeltHeal",
				"drawSize":420,
				"lifetime":220,
				"shake":2,
				"largeHit":"true",
				"type":"ContinuousLaserBulletType",
				"colors":["9CC2F0FF","0C9DF5FF","2C6FDBFF","5307ECFF"]
			}
		},    
            {
            "name":"毒狼吸血"
            "y":-2,
            "x":12,
            "rotate":true,
            "recoil":2,
            "reload":30,
            "shootSound":"sap",
            "bullet":{
                "type":"SapBulletType",
                "damage":388,
                "knockback":3.3,
                "length":320,
                "sapStrength":3.5,
                "color":"bf92f9",
                "lightColor":"a488eb",
                "shootEffect":"shootLiquid",
                "hitEffect":"hitLiquid",
            }
        },
        {
            "name": "冥界流弹",
            "reload":90,
            "x":13,
            "y":0,
            "top":false,
            "recoil":0,
            "rotateSpeed":10,
            "shake":6,
            "mirror":true,
            "rotate":true,
            "xRand":50,
            "ignoreRotation":true,
            "shootSound":"plasmaboom",
            "bullet": {
                "type":"ArtilleryBulletType",
                "shrinkY":0,
                "status":"electrified",
                "smokeEffect":"none",
                "trailEffect":"none",
                "lifetime":50,
                //"spin":2,
                "speed":8,
                "trailChance":0,
                "width":25,
                "height":25,
                "damage":600,
                "splashDamage":120,
                "splashDamageRadius":30,
                "shootEffect":"bigShockwave",
                "hitEffect":"massiveExplosion",
                "backColor":"ffffff",
                "frontColor":"5307ECFF",
                "collidesGround":true,
                "collidesAir":true,
                	//"homingPower":2,
	  "lightningDamage":50,
                "lightning":3,
                   "lightningColor": "5307ECFF",
                "lightningLength":12,
                "buildingDamageMultiplier":1,
                "fragLifeMin":0.3
                 "fragBullets": 10,
         	"fragBullet": {
			  "type":"ArtilleryBulletType",
                "shrinkY":0,
              //  "status":"烈性燃烧",
                "smokeEffect":"none",
                "trailEffect":"none",
                "lifetime":40,
                "spin":2,
                "speed":3,
                "trailChance":0,
                "width":18,
                "height":18,
              "damage":300,
              	  "lightningDamage":50,
                "lightning":4,
                   "lightningColor": "5307ECFF",
                "lightningLength":12,
                "splashDamage":120,
                "splashDamageRadius":30,
                "shootEffect":"bigShockwave",
                "hitEffect":"massiveExplosion",
                "backColor":"ffffff",
                "frontColor":"5307ECFF",
                "collidesGround":true,
                "collidesAir":true,
                "buildingDamageMultiplier":1,
                	//"homingPower":2,
				}
            },
        },
	]
		"abilities":[
    	 	 {"type": "ShieldArcAbility",
    "radius": 100,
    "width": 20,
    "max": 5000,
    "regen": 3,
    "cooldown": 1200,
    "angle": 360,
    "angleOffset": 80
    "whenShooting":false
    },
    {"type": "ShieldArcAbility",
    "radius": 60,
    "width": 20,
    "max": 5000,
    "regen": 1,
    "cooldown": 1200,
    "angle": 360,
    "angleOffset": 360
      "whenShooting":false
    }
	// {"type":"ShieldRegenFieldAbility",//护盾再生场
	// "amount":30//再生值
	// "max":200
	// "reload":300//间隔时间（帧）
	// "range":44//范围
	// }
	],
}