{
    "type":"legs",
    "name":"毒狼",
    "description":"拥有吸血激光与等离子喷射器的爬行单位。",
    "hitSize":20,
    "hovering":true,
    "drawShields":false,
    "allowLegStep":true,
    "groundLayer":75,
    //高度
    "health":2880,
    "armor":8,
    "speed":0.4,
    "rotateSpeed":5,
    "buildSpeed":0,
    //建筑速度
    "legCount":6,
    //腿数
    "legLength":13,
    //最大腿长
    "legBaseOffset":2
    //腿根部偏移
   // "legExtension":0,
    //腿部各段长短
    "legMoveSpace":1.4
    //腿运动幅度
    "legSplashDamage":10,
    //踩踏范围伤害
    "legForwardScl":0.8
     /*  legForwardScl = 0.8f;
            legMoveSpace = 1.4f;
            legBaseOffset = 2f;*/
    "legSplashRange":4,
    //踩踏范围伤害的范围
    "rippleScale":0.1,
    //踩踏特效范围
   // "legLengthScl":6,
    //腿部最大伸缩
    "research": {
		"parent": "毒蜢",
		"objectives": [
		
    ],
	},
    "ammoType":{
        "type":"ItemAmmoType",
        "item":"碳单质",
    },
    //弹药类型
    "drawBody":true,
    //显示身体
	"drawCell":true,
	//是否显示Cell
	"immunities":[
	    "burning",
	    ],
    "weapons":[
        {
            "name": "毒狼火",
            "shootSound":"flame"
            "reload":8,
            "recoil":1,
            "shootY":3,
            "x":-5,
            "y":-4.5,
            "shootCone":6,
            "shots":1,
            "rotate":false,
            "top":false,
            "ejectEffect":"none",
            "bullet": {
                "type": "BasicBulletType",
                "collidesAir":true,
                "damage":45,
                "status":"burning",
                "statusDuration":180,
                "pierce":true,
                "hitSize":8,
                "speed":5,
                "width": 0.1,
                "height": 0.1,
                "lifetime":20,
                "shootEffect":{
                    "type": "ParticleEffect",
                    "particles": 40,
                    "sizeFrom": 4,
                    "sizeTo": 1,
                    "length": 104,
                    "lifetime": 35,
                    "interp": "circleOut",
                    "colorFrom": "009FCC",
                    "colorTo": "0066FF",
                    "cone":6,
    },
                "hitEffect":"hitFlameSmall",
                "despawnEffect":"none",
                "keepVelocity":false,
                "hittable":false,
                //能否被拦截
                "reflectable":false,
                //能否被反射
                "ammoMultiplier":3,
                "incendAmount":1,
            }
        }
                {
            "name":"毒狼吸血"
            "y":4.25,
            "x":-8.5,
            "rotate":true,
            "recoil":2,
            "reload":16,
            "shootSound":"sap",
            "bullet":{
                "type":"SapBulletType",
                "damage":38,
                "knockback":0,
                "length":85,
                "sapStrength":0.5,
                "color":"bf92f9",
                "lightColor":"a488eb",
                "shootEffect":"shootLiquid",
                "hitEffect":"hitLiquid",
            }
        },
                        {
            "name":"毒狼吸血"
            "y":-2,
            "x":7,
            "rotate":true,
            "recoil":2,
            "reload":16,
            "shootSound":"sap",
            "bullet":{
                "type":"SapBulletType",
                "damage":58,
                "knockback":0,
                "length":75,
                "sapStrength":0.6,
                "color":"bf92f9",
                "lightColor":"a488eb",
                "shootEffect":"shootLiquid",
                "hitEffect":"hitLiquid",
            }
            }
        ],
}