{
    "type":"legs",
    "name":"血蝗",
    "description":"拥有强大的吸血武装",
    "hitSize":23,
    "hovering":true,
    "drawShields":false,
    "allowLegStep":true,
    "groundLayer":50,
    //高度
    "health":16880,
    "armor":18,
    "speed":0.6,
    "rotateSpeed":5,
    "buildSpeed":0,
    //建筑速度
     "legCount":6,
            "legMoveSpace": 1,
            "legPairOffset": 3,
            "legLength": 30,
            "legExtension": -15,
            "legBaseOffset": 10,
            "stepShake": 1,
            "legLengthScl": 0.96,
            "rippleScale": 2,
            "legSpeed": 0.2,
        "ammoType":{
        "type":"PowerAmmoType",
    },
    //弹药类型
    "ammoCapacity":20000,
    //弹药容量
    "research": {
		"parent": "毒狼",
	},
    "drawBody":true,
    //显示身体
	"drawCell":true,
	//是否显示Cell
    "weapons":[
                {
            "name":"毒狼吸血"
            "y":6.5,
            "x":-7.5,
            "rotate":true,
            "recoil":2,
            "reload":30,
  "shoot":{
    	"type":"ShootAlternate",
    	"barrels":3,
		//炮口数量
		"spread":2,
		//炮口间距设定
		 "shots":3
    }            
            "shootSound":"sap",
            "bullet":{
                "type":"SapBulletType",
                "damage":138,
                "knockback":0.3,
                "length":400,
                "sapStrength":0.8,
                "color":"bf92f9",
                "lightColor":"a488eb",
                "shootEffect":"shootLiquid",
                "hitEffect":"hitLiquid",
            }
        },
                        {
            "name":"毒狼吸血"
            "y":3.75,
            "x":-12.75,
            "rotate":true,
            "recoil":2,
            "reload":46,
   "shoot":{
    	"type":"ShootAlternate",
    	"barrels":2,
		//炮口数量
		"spread":2,
		//炮口间距设定
		 "shots":2
    }           
            "shootSound":"sap",
            "bullet":{
                "type":"SapBulletType",
                "damage":128,
                "knockback":0.33,
                "length":275,
                "sapStrength":0.8,
                "color":"bf92f9",
                "lightColor":"a488eb",
                "shootEffect":"shootLiquid",
                "hitEffect":"hitLiquid",
            }
            }
              
            {
            "name":"毒狼吸血"
            "y":-4.25,
            "x":-9,
            "rotate":true,
            "recoil":2,
            "reload":16,
            "shootSound":"sap",
            "bullet":{
                "type":"SapBulletType",
                "damage":80,
                "knockback":0.83,
                "length":275,
                "sapStrength":0.8,
                "color":"bf92f9",
                "lightColor":"a488eb",
                "shootEffect":"shootLiquid",
                "hitEffect":"hitLiquid",
            }
            }
           
        ],
             "abilities": [
            	{
            "type": "StatusFieldAbility"
            "activeEffect":{
		        "type": "WaveEffect"
		        "lifetime":60
		        "sizeFrom":6
		        "sizeTo":0
		        "colorFrom": "FF0000FF"
		        "colorTo": "FF0000FF"
            },
        "effect":"嗜血",
        "range":200,
        "reload":1200,
        "duration":300,
        }
], 
}