{
    "type": "GenericCrafter",
    "category": "crafting",
    "description": "将沙和石墨精炼成硅。",
    "name": "硅冶炼炉",
    "drawer": {
		"type": "DrawMulti",
		"drawers": [
			"DrawDefault",
			{
				"type": "DrawFlame",
				"flameRadius": 0,
				"flameRadiusIn": 0,
				"flameRadiusMag": 0,
				"flameRadiusInMag": 0
			}
		]
	},
    "research": {
        "parent": "bfaa能量提取机",
        "requirements": [
            "镍/50",
            "graphite/60"
        ]
    },
    "requirements": [
        "镍/50",
        "graphite/60"
    ],
    "consumes": {
        "power": 4,
        "items": {
            "items": [
                "graphite/2",
                "sand/6"
            ]
        }
    },
    "outputItems": [
        "silicon/6"
    ],
    "size": 3,
    "health": 1200,
    "itemCapacity": 60,
    "hasPower": true,
    "hasLiquids": false,
    "hasItems": true,
    "craftTime": 60,
    "updateEffect": "none"
}