{
    "type": "GenericCrafter",
    "category": "crafting",
    "description": "利用冰块中的特殊气体更高效将沙和石墨精炼成硅。",
    "name": "裂弧重炉",
    "drawer": {
        "type": "DrawMulti",
        "drawers": [
            "DrawDefault",
            {
                "type": "DrawParticles",
                "color": "DEEDFFFF",
                "alpha": 0.6,
                "particles": 30,
                "particleLife": 60,
                "particleRad": 8,
                "particleSize": 2,
                "fadeMargin": 0.5,
                "rotateScl": 4
            },
            {
                "type": "DrawFlame",
                "flameColor": "DEEDFFFF"
            }
        ]
    },
    "research": {
        "parent": "baaa硅冶炼炉"
    },
    "requirements": [
        "锡/90",
        "镍/90",
        "graphite/110",
        "silicon/85",
        "钢/30"
    ],
    "consumes": {
        "power": 5,
        "items": {
            "items": [
                "graphite/6",
                "sand/16",
                "冰/6"
            ]
        }
    },
    "outputItems": [
        "silicon/16"
    ],
    "size": 4,
    "health": 2140,
    "itemCapacity": 160,
    "hasPower": true,
    "hasLiquids": false,
    "hasItems": true,
    "craftTime": 60,
    "updateEffect": "none"
}