{
    "type": "HeatProducer",
    "name": "电制热机",
    "description": "利用电能制热",
    "health": 1240,
    "size": 3,
    "hasPower": true,
    "hasItems": false,
    "craftTime": 10,
    "heatOutput": 5,
    "drawer": {
        "type": "DrawMulti",
        "drawers": [
            "DrawDefault",
            "DrawHeatOutput"
        ]
    },
    "consumes": {
        "power": 3.3333333333
    },
    "requirements": [
        "锡/80",
        "铝/65",
        "silicon/60"
    ],
    "category": "crafting",
    "research": {
        "parent": "baaa硅冶炼炉",
        "requirements": [
            "锡/800",
            "铝/650",
            "silicon/600"
        ]
    }
}