{
    "type": "GenericCrafter",
    "health": 900,
    "name": "冰块制造厂",
    "description": "冷凝水从而批量生存冰块。\n[red]用电量大，注意电网。",
    "details": "我超，冰！",
    "drawer": {
        "type": "DrawMulti",
        "drawers": [
            {
                "type": "DrawRegion",
                "suffix": "-bottom"
            },
            "DrawDefault",
            "DrawFade",
            {
                "type": "DrawParticles",
                "color": "B8FFFEFF",
                "alpha": 0.6,
                "particles": 30,
                "particleLife": 120,
                "particleRad": 18,
                "particleSize": 1.5,
                "fadeMargin": 0.5,
                "rotateScl": 0.5
            },
            "DrawDefault",
            {
                "type": "DrawRegion",
                "suffix": "-mid"
            },
            {
                "type": "DrawLiquidRegion",
                "drawLiquid": "water"
            },
            "DrawDefault",
            {
                "type": "DrawGlowRegion",
                "alpha": 1,
                "glowScale": 5,
                "color": "B8FFFEFF"
            }
        ]
    },
    "craftEffect": "formsmoke",
    "updateEffect": "plasticburn",
    "outputItem": "冰/6",
    "research": {
        "parent": "baca炼钢厂",
        "objectives": [
            {
                "type": "SectorComplete",
                "preset": "ac冥域峡隙"
            }
        ]
    },
    "itemCapacity": 60,
    "size": 3,
    "hasPower": true,
    "hasLiquids": true,
    "hasItems": true,
    "craftTime": 60,
    "liquidCapacity": 120,
    "consumes": {
        "power": 14,
        "liquids": [
            {
                "liquid": "water",
                "amount": 0.5
            }
        ]
    },
    "requirements": [
        "锡/60",
        "镍/85",
        "铝/45"
    ],
    "ambientSound": "smelter",
    "category": "crafting"
}