{
  "type": "GenericCrafter",
  "name": "大气提取器",
  "hasLiquids": true,
  "rotate": true
  "description": "收集大气中的臭氧和氮气",
  "liquidOutputDirections": [ 1, 3 ],
  "outputLiquids": [ "ozone/0.2", "nitrogen/0.3"],
  "health": 500,
  "size": 3,
  "hasPower": true,
  "hasItems": false,
  "research":
 	        {
 	        "requirements":
		    [
"silicon/200",
"铋/200"
	      	]
 "parent":"石墨压制器"
  "objectives":[
 		 {
  "type": "OnSector",
  "preset":"碎裂污湖"  }]
 }
  "drawer": {
    "type": "DrawMulti",
    "drawers": [
      {
        "type": "DrawRegion",
        "suffix": "-bottom"
      },
      "DrawDefault"
      "DrawRegion"
      "DrawLiquidOutputs"
      {
      "type":"DrawCrucibleFlame"
      "flameColor":"FFFFFFFF"
      }
    ]
  },
  "craftTime": 60,
  "liquidCapacity": 60,
  "consumes": {
    "power": 3,
  }
  "requirements": [
    "silicon/120",
    "铋/100",
    "铟/50"
  ],
  "category": "crafting",
}