{
    "name":"导热仪",
    "type":"HeatConductor",
    "description":"传输热量",
    "category": "crafting",
    "regionRotated1":1
    "size": 2,
    "requirements": [
        "graphite/30",
        "铋/30"
    ],
		"researchCostMultiplier": 0.1
		"category": "distribution",
	"research": "太阳热量集束器",
	"drawer": {
    	"type": "DrawMulti",
    	"drawers": [
    	"DrawDefault"
    	{
    	        "type":"DrawHeatOutput"
    	    },
			{
				"type": "DrawHeatInput",
				"suffix":"-heat"
			}
		]
		}
		}