{
  "type": "HeatProducer",
  "name": "氧化发生室",
  "description": "用铋发生氧化反应，副产出热量",
  "health": 1580,
  "itemCapacity": 9,
  "outputItem": {
    "item": "oxide",
    "amount": 1
  },
  "size": 4,
  "hasPower": true,
  "hasItems": true,
  "craftTime": 120,
  "heatOutput": 7,
  "drawer": {
    "type": "DrawMulti",
    "drawers": [
      {
        "type": "DrawRegion",
        "suffix": "-bottom"
      },
      {
        "type": "DrawLiquidTile",
        "drawLiquid": "ozone"
      },
      "DrawDefault",
      {
        "type": "DrawHeatInput",
        "suffix": "-heat"
      },
      {
        "type": "DrawRegion",
        "suffix": "-top"
      },//draw一个图层，自己画
      "DrawHeatOutput"
      {
        "type": "DrawGlowRegion"
        "color": "D1EFFFFF"//发光颜色
      }//draw一个发光图层，自己画
    ]
  },
  "consumes": {
    "power": 1.3,
    "items": {
      "items": [
        {
          "item": "铋",
          "amount": 2
        }
      ]
    },
    "liquid": {
      "liquid": "ozone",
      "amount": 0.2
    }
  },
  
  "requirements": [
    "铟/240",
    "silicon/65",
    "铋/180"
    "tungsten/100"
  ],
  "category": "crafting",
  "research": "大气提取器",
  "idleSound": "respawning"
  "research":
 	        {
 	        "requirements":
		    [
"silicon/1000",
"铋/1500"
"tungsten/500"
	      	]
 "parent":"开拓核心"
  "objectives":[
 		 {
  "type": "OnSector",
  "preset":"碎裂污湖"  }]
 }
}
