{
	"type": "HeatCrafter",
	"name": "相位编制器",
	"description": "编制矢量织物",
	"health": 500,
	"itemCapacity": 30,
	"liquidCapacity": 24,
	"size": 5,
	"heatRequirement": 15,
	"outputItem": {
		"item": "矢量织物",
		"amount": 3
	},
"drawer": {
    "type": "DrawMulti",
    "drawers": [
      {
        "type": "DrawRegion",
        "suffix": "-bottom"
      },
      {
        "type": "DrawLiquidTile",
        "drawLiquid": "ozone"
      },
      "DrawGlowRegion",
      {
        "type": "DrawMultiWeave",
        "glowColor": "FC8F4BBA"
      },
      "DrawDefault",
      {
        "type": "DrawHeatInput",
        "suffix": "-heat"
      }
    ]
  },
	"craftTime": 120,
	"consumes": {
		"items": {
			"items": [
				{
					"item": "sand",
					"amount": 10
				},
				{
					"item": "铀",
					"amount": 4
				}
			]
		},
		"liquid": {
			"liquid": "ozone",
			"amount": 0.3
		}
	},
	"requirements": [
		"铋/280",
		"silicon/80",
		"铟/170",
		"tungsten/60",
		"oxide/40",
		"铀/20"
	],
	"category": "crafting",
	"resarch": "巨浪熔炼炉"
}