{
	"name": "走狗",
	"speed": 1.2,
	"flying": false,
	"health": 100,
	"engineOffset": 5.5,
	"hovering": true,
	"weapons": [
		{
		"name": "走狗-武器",
		"reload": 10,
		"shootSound": "missile",
		"bullet": { 
			"type": "missileBulletType",
			"damage": 5,
			"homingRange":120,
			"homingPower":7,
			"speed": 2,
			"lifetime": 120
			"frontColor": "228B22",
			"backColor": "00FF00",
			"trailColor": "32CD32"
            "mixColorFrom": "228B22",
            "mixColorTo": "00FF00"
			}
		}
	]
}