{
	"type": "hover",
	"name": "芳草",
	"description": "微型播种机，发射种子攻击敌人",
	"speed": 1,
	"hitSize": 15,
	"fogRadius": 6,
	"health": 9000,
	"hovering": true,
	"outlineColor": "2B2B2BFF"
	"armor": 2,
	"shadowElevation": 0.2,
	"abilities": [
		{
			"type": "MoveEffectAbility",
			"interval": 3,
			"mirror": true,
			"x": 0,
			"y": -3,
			"color": "73FFAE",
			"effect": {
				"type": "ParticleEffect",
				"particles": 5,
				"sizeFrom": 2,
				"sizeTo": 0,
				"length": 0,
				"lifetime": 60,
				"layer": 110,
				"colorFrom": "73FFAE",
				"colorTo": "73FFAE"
			}
		}
	],
	"parts": [
		{
			"type": "HoverPart",
			"mirror": false,
			"x": 0,
			"y": 0,
			"radius": 11,
			"phase": 90,
			"stroke": 2,
			"layerOffset": -0.001,
			"color": "73FFAEFF"
		}
	],
	"weapons": [
		{
			"name": "芳草武器",
			"reload": 60,
			"top": false,
			"layerOffset": -0.001,
			"rotate": false,
			"inaccuracy": 0,
			"mirror": false,
			"under": true,
			"layer": 60,
			"x": 0,
			"y": 0,
			"shootSound": "shockBlast",
			"shoot": {
				"type": "ShootHelix",
				"mag": 3,
				"scl": 3
			},
			"bullet": {
				"type": "BasicBulletType",
				"trailColor": "73FFAEFF",
				"backColor": "73FFAEFF",
				"hitColor": "73FFAEFF",
				"trailWidth": 2,
				"trailLength": 10,
				"trailChance": 50,
				"damage": 220,
				"lifetime": 56.25,
				"speed": 4,
				"despawnSound": "dullExplosion",
				"intervalBullets": 3,
				"bulletInterval": 6,
				"intervalBullet": {
		  "statusDuration": 10,
          "status": "unmoving",
          "type": "SapBulletType",
          "damage": 60,
          "knockback": -6,
          "length": 15,
          "color": "99F8FFFF"
				}
			}
		}
	]
}