{
	"type": "hover",
	"hovering": true,
	"name": "苞花",
	"description": "小型播种机，在种子在种下时与萌发时造成伤害并伸出树枝拉近敌方单位",
	"outlineColor": "2B2B2BFF",
	"health": 14000,
	"armor": 6,
	"hitSize": 27,
	"speed": 2.8,
	"accel": 0.56,
	"drag": 0.24,
	"abilities": [
		{
			"type": "MoveEffectAbility",
			"interval": 3,
			"mirror": true,
			"x": 0,
			"y": -5,
			"color": "73FFAE",
			"effect": {
				"type": "ParticleEffect",
				"particles": 5,
				"sizeFrom": 2,
				"sizeTo": 0,
				"length": 0,
				"lifetime": 60,
				"layer": 110,
				"colorFrom": "73FFAE",
				"colorTo": "73FFAE"
			}
		}
	],
	"parts": [
		{
			"type": "HoverPart",
			"mirror": true,
			"layerOffset": -0.001,
			"x": 12,
			"y": -5,
			"radius": 15,
			"phase": 80,
			"stroke": 2,
			"color": "73FFAE"
		}
	],
	"weapons": [
		{
			"x": 0,
			"y": 0,
			"reload": 50,
			"shootCone": 20,
			"shootSound": "shockBlast",
			"bullet": {
				"type": "ArtilleryBulletType",
				"sprite": "circle",
				"height": 12,
				"width": 3,
				"frontColor": "73FFAE",
				"backColor": "73FFAE",
				"lifetime": 28,
				"speed": 6,
				"damage": 0,
				"splashDamage": 140,
				"splashDamageRadius": 12,
				"trailEffect": "none",
				"trailColor": "73FFAE",
				"trailLength": 8,
				"trailWidth": 2,
				"intervalBullets": 3,
				"despawnEffect": "none",
				"hitEffect": {
					"type": "MultiEffect",
					"effects": [
						{
							"type": "WaveEffect",
							"interp": "pow3In",
							"lifetime": 24,
							"sizeFrom": 30,
							"sizeTo": 0,
							"strokeFrom": 0,
							"strokeTo": 2,
							"colorFrom": "73FFAE",
							"colorTo": "73FFAE"
						},
						{
							"type": "ParticleEffect",
							"lifetime": 24,
							"sizeFrom": 2,
							"sizeTo": 0,
							"baseLength": 0,
							"length": 0,
							"colorFrom": "73FFAE",
							"colorTo": "73FFAE"
						}
					]
				},
				"fragBullets": 1,
				"fragBullet": {
					"type": "BasicBulletType",
					"collides": false,
					"lifetime": 26,
					"speed": 0,
					"frontColor": "000000",
					"backColor": "000000",
					"damage": 90,
					"splashDamage": 90,
					"splashDamageRadius": 16,
					"shake": 3,
					"despawnEffect": "none",
					"hitEffect": {
						"type": "MultiEffect",
						"effects": [
							{
								"type": "ParticleEffect",
								"sizeInterp": "pow10In",
								"interp": "circleOut",
								"lifetime": 24,
								"baseLength": 4,
								"length": 30,
								"sizeFrom": 1,
								"sizeTo": 0,
								"colorFrom": "73FFAE",
								"colorTo": "73FFAE"
							},
							{
								"type": "WaveEffect",
								"sizeInterp": "pow3Out",
								"interp": "circleOut",
								"lifetime": 18,
								"sizeFrom": 0,
								"sizeTo": 16,
								"strokeFrom": 3,
								"strokeTo": 0,
								"colorFrom": "73FFAE",
								"colorTo": "73FFAE"
							}
						]
					},
					"fragBullets": 4,
					"fragBullet": {
						"statusDuration": 40,
						"status": "unmoving",
						"type": "SapBulletType",
						"damage": 200,
						"knockback": -7,
						"length": 100,
						"color": "99F8FFFF"
					}
				}
			}
		}
	]
}