{
    "type": "GenericCrafter",
    "health": 250,
    "name": "石墨石墨压缩机",
    "description": "用石墨制作的石墨压缩机，速度和产能都得到提升，狗头",
    "outputItem": {
        "item": "graphite",
        "amount": 3
    },
    "itemCapacity": 10,
    "size": 2,
    "hasPower": false,
    "hasLiquids": false,
    "hasItems": true,
    "craftTime": 60,
    "consumes": {
        "items": {
            "items": [
                {
                    "item": "coal",
                    "amount": 4
                }
            ]
        }
    },
    "requirements": [
        {
            "item": "graphite",
            "amount": 75
        }
    ],
    "category": "crafting",
    "research": "铅制石墨压缩机"
}