{
    "type": "GenericCrafter",
    "health": 400,
    "name": "钛制石墨压缩机",
    "description": "压缩速度和产量提升",
    "outputItem": {
        "item": "graphite",
        "amount": 2
    },
    "itemCapacity": 10,
    "size": 2,
    "hasPower": false,
    "hasLiquids": false,
    "hasItems": true,
    "craftTime": 12,
    "consumes": {
        "items": {
            "items": [
                {
                    "item": "coal",
                    "amount": 2
                }
            ]
        }
    },
    "requirements": [
        {
            "item": "titanium",
            "amount": 75
        }
    ],
    "category": "crafting",
    "research": "硅制石墨压缩机"
}