{
    "type": "GenericCrafter",
    "health": 150,
    "name": "铜制石墨压缩机",
    "description": "用铜制作的石墨压缩机，速度比正常低",
    "outputItem": {
        "item": "graphite",
        "amount": 1
    },
    "itemCapacity": 10,
    "size": 2,
    "hasPower": false,
    "hasLiquids": false,
    "hasItems": true,
    "craftTime": 120,
    "consumes": {
        "items": {
            "items": [
                {
                    "item": "coal",
                    "amount": 2
                }
            ]
        }
    },
    "requirements": [
        {
            "item": "copper",
            "amount": 75
        }
    ],
    "category": "crafting",
    "research": "mechanical-drill"
}