{
	"type": "mech",
	"name": "王主",
	"hitSize": 48,
	"canDrown": false,
	"description":"塞普罗与埃里克尔的新技术，陆战打击",
	"armor": 44,
	"speed": 0.5,
	"rotateSpeed": 1.5,
	"baseRotateSpeed": 1.3,
	"health": 46000,
	"mechStepParticles": true,
	"mechFrontSway": 2,
	"mechSideSway": 1,
	"ammoType": "surge-alloy",
	"ammoCapacity": 300,
	"range":361,
	"abilities": [
		{
			"type": "ShieldArcAbility",
			"whenShooting": true,
			"radius": 48,
			"width": 12,
			"max": 6000,
			"regen": 6,
			"cooldown": 60,
			"angle": 120,
			"angleOffset": 0,
		},
   ]
	"immunities": [
		"electrified",
		"shocked",
	],
	"weapons": [
		{
			"name": "王主0",
			"reload": 6,
			"shake": 6,
			"recoil": 6,
			"x": 29,
			"rotate": false,
			"top": false,
			"inaccuracy": 1,
			"shootSound": "shootBig",
			"alternate": true,
			"ejectEffect": "casing4",
			"shootCone": 15,
			"shootY":24,
			"bullet": {
				"damage": 250,
				"splashDamage": 100,
				"splashDamageRadius": 40,
				"pierce": true,
				"pierceBuilding": true,
				"pierceArmor": true,
				"pierceCap": 6,
				"speed": 19,
				"lifetime": 19,
				"hitSound": "laser",
				"shootEffect": "shootBig",
				"smokeEffect": "shootBigSmoke",
				"trailLength": 4,
				"trailWidth": 4,
				"trailColor": "FFA05C",
				"backColor": "FFA05C",
				"frontColor": "FFFFFF",
				"width": 16,
				"height": 32,
				"trailChance": 1,
		        "trailInterval": 20,
	         "trailEffect": {
			"type": "ParticleEffect",
			"particles": 16,
			"length": 16,
			"baseLength": 0,
			"lifetime": 16,
			"sizeFrom": 4,
			"sizeTo": 0,
			"colorFrom": "FFA05C",
			"colorTo": "FFFFFF"
		},
				"fragBullets": 3,
				"fragBullet": {
					"type": "LaserBulletType",
					"damage": 50,
					"status": "shocked",
					"collidesTeam": true,
					"hitEffect": "none",
					"despawnEffect": "none",
				    "colors":["958F60FF", "C8BA8FFF", "FFFFFF"],
					"width": 32,
					"length": 96,
					"lifetime": 16
			}
				},
				"despawnEffect": "flakExplosionBig"
			}
	]
}