{
	"type": "flying",
	"name": "穹豚",
	"description":"纪元的僚机，超高移速攻击机",
	"rotateSpeed": 2.4,
	"speed": 4.8,
	"drag": 0.06,
	"accel": 0.06,
   	"autoFindTarget":true,
	"immunities": [
		"burning",
		"wet",
	],
	"targetFlags": [
		"factory"
	],
	"ammoCapacity": 100,
	"ammoType": {
		"type": "PowerAmmoType",
		"totalPower": 10000
	},
	"flying": true,
	"hitSize": 28,
	"health": 10900,
	"armor": 22,
	"engineOffset": 14,
	"engineSize": 6,
	"trailLength": 18,
	"faceTarget": true,
	"weapons": [
		{"name":"穹豚0",
		"x":0,"y":14,
		"mirror":false,
		"rotate": false,
		"alternate":false,
	    "ignoreRotation":true,
		"top":false,
		"recoil":0,
		"shootSound": "torch",
		"loopSound":"torch",
		"bullet":{
		"type": "ContinuousFlameBulletType",
		"damage": 120,
		"length": 240,
		"pierceCap":3,
		"status":"shocked",
		"statusDuration": 120,
		"colors": [
		"FEEBB3FF",
		"FEEBB3FF",
		"FFFFFFFF",
		"97FFA8FF",
		"97FFA8FF"
		],
		"flareColor":"FEEBB3FF",
		"hitColor":"97FFA8FF"
		}	}	
	]
}