{
  "type": "flying",
  "hidden": true,
  "flying": true,
  
  "hittable": false,
  "hitSize": 1,
  "killable": false,
  "targetable": false,
  
  "immunities": [
    "burning", 
    "freezing", 
    "unmoving", 
    "melting", 
    "wet", 
    "sapped", 
    "tarred", 
    "overdrive", 
    "overclock", 
    "boss", 
    "shocked", 
    "blasted"
  ],
  
  "healFlash": false,
  "canBoost": false,
  "canAttack": true,
  "canDrown": false,
  "canHeal": false,
  
  "speed": 0,
  "rotateSpeed": 0,
  
  "buildRange": 999999999999,
  "buildSpeed": 3.5,
  "drawBuildBeam": true,
  "buildBeamOffset": -2,
  "drawCell": false,
  "drawItems": false,
  "itemCapacity": 0,
  "drawShields": false,
  "drawMinimap": false,
  "engineSize": 0
  
  "coreUnitDock": false,
  
  "createWreck": false,
  "createScorch": false,
  
  "lightColor": "ffffff",
  "lightRadius": 0,
  
  "lowAltitude": true,
  
  "mineFloor": true,
  "mineWalls": true,
  "mineRange": 999999999999,
  "mineHardnessScaling": true,
  "mineSpeed": 20,
  "mineTier": 10,
  
  "physics": false,
  "playerControllable": true,
  "useUnitCap": false,
  "bounded": true,
  
  "weapons": [
    {
      "name": "main-core-hail",
      "x": 23,
      "y": 20,
      "mirror": false,
      "reload": 60,
      "alternate": true,
      "shootSound": "bang",
      "rotate": true,
      "inaccuracy": 1,
      "bullet": {
        "type": "ArtilleryBulletType",
        "splashDamage": 10,
        "splashDamageRadius": 20,
        "speed": 3,
        "lifetime": 80,
        "knockback": 0.8,
        "hitEffect": "blastExplosion",
        "width": 13,
        "height": 13,
        "collidesTiles": false,
        "frontColor": "f8ad42",
        "backColor": "f68021",
      }
    },
    {
      "name": "main-core-hail",
      "x": -23,
      "y": 20,
      "mirror": false,
      "reload": 60,
      "alternate": true,
      "shootSound": "bang",
      "rotate": true,
      "inaccuracy": 1,
      "bullet": {
        "type": "ArtilleryBulletType",
        "splashDamage": 10,
        "splashDamageRadius": 20,
        "speed": 3,
        "lifetime": 80,
        "knockback": 0.8,
        "hitEffect": "blastExplosion",
        "width": 13,
        "height": 13,
        "collidesTiles": false,
        "frontColor": "f8ad42",
        "backColor": "f68021",
      }
    },
    {
      "name": "main-core-hail",
      "x": 23,
      "y": -27,
      "mirror": false,
      "reload": 60,
      "alternate": true,
      "shootSound": "bang",
      "rotate": true,
      "inaccuracy": 1,
      "bullet": {
        "type": "ArtilleryBulletType",
        "splashDamage": 10,
        "splashDamageRadius": 20,
        "speed": 3,
        "lifetime": 80,
        "knockback": 0.8,
        "hitEffect": "blastExplosion",
        "width": 13,
        "height": 13,
        "collidesTiles": false,
        "frontColor": "f8ad42",
        "backColor": "f68021",
      }
    },
    {
      "name": "main-core-hail",
      "x": -23,
      "y": -27,
      "mirror": false,
      "reload": 60,
      "alternate": true,
      "shootSound": "bang",
      "rotate": true,
      "inaccuracy": 1,
      "bullet": {
        "type": "ArtilleryBulletType",
        "splashDamage": 10,
        "splashDamageRadius": 20,
        "speed": 3,
        "lifetime": 80,
        "knockback": 0.8,
        "hitEffect": "blastExplosion",
        "width": 13,
        "height": 13,
        "collidesTiles": false,
        "frontColor": "f8ad42",
        "backColor": "f68021",
      }
    },
    {
      "x": 0,
      "y": -1,
      "mirror": false,
      "rotate": true,
      "controllable": false,
      "autoTarget": true,
      "reload": 360,
      "bullet": {
        "damage": 0,
        "splashDamage": 1,
        "splashDamageRadius": 80,
        "status": "spore-slowed",
        "statusDuration": 180,
        "instantDisappear": true,
        "width": 0.001,
        "height": 0.001,
        "height": 0.001,
        "despawnHit": true,
        "hitEffect": {
          "type": "WaveEffect",
          "sizeFrom": 0,
          "sizeTo": 120,
          "lifetime": 60,
          "colorFrom": "b0bac0",
          "colorTo": "818181"
        }
      }
    },
    {
      "x": 0,
      "y": 29,
      "reload": 35,
      "shootSound": "shotgun",
      "rotate": false,
      "baseRotation": 0,
      "shootCone": 20,
      "mirror": false,
      "shoot": {
        "type": "ShootSpread",
        "shots": 3,
        "spread": 20
      },
      "bullet": {
        "type": "ShrapnelBulletType",
        "damage": 20,
        "shootEffect": "thoriumShoot",
        "smokeEffect": "thoriumShoot",
        "toColor": "f9a3c7"
      }
    },
    {
      "x": 29,
      "y": -2,
      "reload": 35,
      "shootSound": "shotgun",
      "rotate": false,
      "baseRotation": -90,
      "mirror": false,
      "shootCone": 20,
      "shoot": {
        "type": "ShootSpread",
        "shots": 3,
        "spread": 20
      },
      "bullet": {
        "type": "ShrapnelBulletType",
        "damage": 20,
        "shootEffect": "thoriumShoot",
        "smokeEffect": "thoriumShoot",
        "toColor": "f9a3c7"
      }
    },
    {
      "x": -29,
      "y": -2,
      "reload": 35,
      "shootSound": "shotgun",
      "rotate": false,
      "baseRotation": 90,
      "mirror": false,
      "shootCone": 20,
      "shoot": {
        "type": "ShootSpread",
        "shots": 3,
        "spread": 20
      },
      "bullet": {
        "type": "ShrapnelBulletType",
        "damage": 20,
        "shootEffect": "thoriumShoot",
        "smokeEffect": "thoriumShoot",
        "toColor": "f9a3c7"
      }
    },
    {
      "x": 0,
      "y": -29,
      "reload": 35,
      "shootSound": "shotgun",
      "rotate": false,
      "baseRotation": -180,
      "mirror": false,
      "shootCone": 20,
      "shoot": {
        "type": "ShootSpread",
        "shots": 3,
        "spread": 20
      },
      "bullet": {
        "type": "ShrapnelBulletType",
        "damage": 20,
        "shootEffect": "thoriumShoot",
        "smokeEffect": "thoriumShoot",
        "toColor": "f9a3c7"
      }
    }
  ],

  "abilities": [
    {
      "type": "UnitSpawnAbility",
      "unit": "mono",
      "spawnX": 0,
      "spawnY": -2,
      "spawnTime": 600
    },
    {
      "type": "EnergyFieldAbility",
      "damage": 20,
      "color": "dcc6c6",
      "healPercent": 4,
      "hitBuildings": false,
      "hitUnits": true,
      "maxTargets": 8,
      "range": 120,
      "reload": 20,
      "sectors": 4,
      "shootSound": "zap",
      "status": "electrified",
      "statusDuration": 60,
      "targetAir": true,
      "targetGround": true,
      "x": 0,
      "y": -2
    },
    {
      "type": "ForceFieldAbility",
      "alpha": 0.1,
      "cooldown": 720,
      "max": 2000,
      "radius": 100,
      "regen": 1
    }
  ]
}
