{
	"type": "mendProjector",
	"name": "修复穹顶",
	"description": "前线常用",
	"health": 1145,
	"size": 3,
	"reload": 180,
	"range": 180,
	"healPercent": 25,
	"itemCapacity": 10,
	"phaseBoost": 35,
	"phaseRangeBoost": 120,
	"consumes": {
		"power": 4,
		"items": {
			"items": [
				"phase-fabric/1"
			],
			"optional": true,
			"booster": true
		}
	},
	"requirements": [
		"高碳钢/100",
		"lead/180",
		"磁能钛/80",
		"surge-alloy/40",
	],
	"category": "effect",
	"research": "mend-projector"
}