{
	"name": "力墙穹顶",
	"description": "非常好布，使我的力墙旋转",
	"health":1500,
	"size":4,
	"radius":240//初始盾半径
	"phaseUseTime": 180
	"phaseRadiusBoost": 150//放入物品后增加的盾半径
	"phaseShieldBoost": 4500,
	"sides":8,//边数
	"shieldRotation": 0//旋转角度
	"liquidCapacity": 10,
	"itemCapacity": 10,
	"shieldHealth":7500,//护盾量
	"coolantConsumption": 0.5//液体消耗量（60倍）
	"cooldownNormal":12,//盾破前每秒回复（60倍）
	"cooldownLiquid":1.5,//输入液体后回复倍率（游戏内不显示）
	"cooldownBrokenBase":5//盾破后每秒回复（60倍）
	"consumes":{
		"power":12,
		"items":{
			"items":[
			{"item":"phase-fabric","amount":1 }
			{"item":"silicon","amount":1 }
			]
				"booster": false
				"optional": true
		}
	}
	"requirements": [
	{ "item":"lead","amount":200},
	{ "item":"磁能钛","amount":80},
	{ "item":"silicon","amount":120},
	{ "item":"surge-alloy","amount":40},
	],
	"category": "effect",
	"research":"force-projector"
} 