{
	"name": "小型力墙场",
	"description": "非常好硅，使我的力墙旋转",
	"health":300,
	"size":2,
	"radius":64,//初始盾半径
	"phaseUseTime": 300
	"phaseRadiusBoost": 40//放入物品后增加的盾半径
	"phaseShieldBoost": 750,
	"sides":4,//边数
	"shieldRotation": 45//旋转角度
	"liquidCapacity": 10,
	"itemCapacity": 10,
	"shieldHealth":1000,//护盾量
	"coolantConsumption": 0.15//液体消耗量（60倍）
	"cooldownNormal":1.8,//盾破前每秒回复（60倍）
	"cooldownLiquid":1.5,//输入液体后回复倍率（游戏内不显示）
	"cooldownBrokenBase":1.0//盾破后每秒回复（60倍）
	"consumes":{
		"power":2,
		"items":{
			"items":[   
			{"item":"silicon","amount":1 }
			]
				"booster": false
				"optional": true
		}
	}
	"requirements": [
	{ "item":"lead","amount":40},
	{ "item":"silicon","amount":50},
	{ "item":"基础合金","amount":30},
	],
	"category": "effect",
	"research":"mender"
} 