{
    "name": "limit",
    "displayName": "界限",
    "author": "喵喵怪",
    "version": "0.041008",
    "minGameVersion": "140",
    "description": "当前版本：0.041版8测试\n    \n作者邮箱：3390401496@qq.com\nQQ交流群号：686443123\n请勿与其他模组一起使用，避免冲突。\n本模组包含对原版建筑修改:\n炮台：双管、冰雹、波浪、海啸、雷光、厄兆；\n单位：修复点、修复塔、阿尔法、贝塔、伽马；\n建筑：逻辑器,、显示器、内存元、所有建筑墙体；\n液体地板：浅滩、黑沙浅滩、黑沙污水、污水、深污水。\n感谢:\n［人畜无害的空气］画的单位［齿轮］贴图；\n［disassembler］\n邮箱：1193387390@qq.com\n画的炮台［打击者］、［风暴］、［星河］、［烈阳］、［双生］、［新月］贴图；\n画的建筑［燃油发电机］贴图；\n古代科技模组作者［喵子］\n邮箱：1416437149@qq.com\n画的建筑［石墨粉碎机］贴图、［矿渣发电机］贴图、［大型钍反应堆］贴图、［光能节点］部分贴图；画的炮台［切割］贴图；以及改进［塑型投影］、［电能结晶］贴图；\n［玲纱是维生素的］\n邮箱：2484910089@qq.com\n画的［辅助构造器］贴图；\n［zxs］\n邮箱：488254306@qq.com\n画的［冲能塔］贴图；\n［花杨永瀛］\n邮箱：1449222088@qq.com\n画的［广域修复投影］贴图；\n［几时盼明月］\n邮箱：907011490@qq.com\n画的［塑型投影］贴图；以及宣传视频。\n    \n    \n    \n    \n    \n    \n    "
}