{
    "name": "冰液混合机",
    "type": "GenericCrafter",
    "description": "将液体中掺入少量金属，合成冷却性更强的冰液
    
    (贴图by Mr.世纪灯泡)",
    "itemCapacity": 10,
    "health": 500,
    "size": 2,
    "hasPower": true,
    "hasLiquids": true,
    "hasItems": true,
    "craftTime": 60,
    "drawer":{
	    "type":"DrawMulti",
	    "drawers":[
	    {
	    "type":"DrawRegion",
	    "suffix":"-bottom"
	    },
	    {
	       "type":"DrawLiquidTile",
	    "drawLiquid":"cryofluid"
	    },
	    "DrawDefault"
	]},
    "updateEffect": "freezing",
    "consumes": {
        "power": 5,
        "items": {
        "items":[
     {"item": "钛","amount":1},
     {"item": "钢","amount": 2},]
        },
        "liquid": { "liquid": "水", "amount": 1.2}
    },
    "liquidCapacity": 120,
    	"outputLiquid": {"liquid": "冷却液", "amount": 0.8},
    "requirements": [
        {"item": "钛","amount": 45},
        {"item": "碳钢", "amount":30 },
	{ "amount": 55, "item": "硅晶玻璃" }
        { "amount": 75, "item": "铍" }
    ],
    "category": "crafting",
    "research": "大型锻钢厂",
    "idleSound": "respawning",
    "idleSoundVolume": 0.5
    "details":"可以承受超速所带来的负荷",
}