{
	"type": "GenericCrafter",
	"name": "大型硫提取机",
	"health": 720,
	"description": "将煤炭中的硫提取出来，并用水来洗涤、过滤，你得到较为纯净的硫，损耗较大。
	   
    	(贴图by Mr.世纪灯泡)",
	"updateEffect": "fireballsmoke",
	"craftEffect": "blastsmoke"
	"outputItem": { "item": "硫", "amount": 3 },
	"alwaysUnlocked": false,
	"size": 3,
	"hasPower": false,
	"hasLiquids": true,
	"hasItems": true,
	"craftTime": 55,
	"itemCapacity": 15,
	"consumes": {
	"power":4
    "items": {	 "items": [
    { "item": "煤", "amount": 7}
 	]}
 	"liquid": 
	{"liquid": "水", "amount": 1.8 } },
"requirements": [
{ "item": "铅", "amount": 180 },
	{ "item": "铜", "amount": 150 },
	{ "item": "钢", "amount": 110 },
	{ "item": "硅晶玻璃", "amount": 90 },
	{ "item": "铍", "amount": 90 },
	],
	"category": "crafting",
	"research": "大型锻钢厂"
	"researchCostMultiplier": 1,
	    "canOverdrive": true
	    "details":"可以承受超速所带来的负荷",
}