{
	"type": "GenericCrafter",
	"name": "大型钢化玻璃炉",
	"health": 720,
		"craftEffect": "smoke",//工作特效
	"description": "将石英在高温下镀上铁，从而加工成钢化玻璃，工作过程需要水冷却
	   
    	(贴图by Mr.世纪灯泡)",
		"drawer":{
        "type":"DrawMulti",
        "drawers":[
            "DrawDefault",
			"DrawFlame"
            ]
    },
	"outputItem": { "item": "钢化玻璃", "amount": 5},
	"alwaysUnlocked": false,
	"size": 3,
	"hasPower": true,
	"hasLiquids": false,
	"hasItems": true,
	"craftTime": 40,
	"itemCapacity": 25,
	"consumes": {
	"power":6.6,
	"liquid": 
	{"liquid": "水", "amount": 1.4 } 
    "items": {	 "items": [
    { "item": "铁", "amount": 5}
    { "item": "石英", "amount": 6}
 	]
  } },
"requirements": [
	{ "item": "铅", "amount": 150 },
	{ "item": "铜", "amount": 140 },
	{ "item": "铍", "amount": 70 },
	{ "item": "碳钢", "amount": 40 },
	{ "item": "硅晶玻璃", "amount": 80 },
	{ "item": "钛", "amount": 120 },
	],
	"category": "crafting",
	"research": "大型锻钢厂"
	"researchCostMultiplier": 1,
	    "canOverdrive": true,
	    "details":"可以承受超速所带来的负荷",
}