{
    "name": "大型冰液混合机",
    "type": "GenericCrafter",
    "description": "将液体中掺入少量金属，合成冷却性更强的冰液，通过更精的加工方式，使得产量的提高",
    "itemCapacity": 10,
    "health": 500,
    "size": 3
    "hasPower": true,
    "hasLiquids": true,
    "hasItems": true,
    "craftTime": 40,
    "details":"可以承受超速所带来的负荷",
    "drawer":{
	    "type":"DrawMulti",
	    "drawers":[
	    {
	    "type":"DrawRegion",
	    "suffix":"-bottom"
	    },
	    {
	       "type":"DrawLiquidTile",
	    "drawLiquid":"cryofluid"
	    },
	    "DrawDefault"
	]},
    "updateEffect": "freezing",
    "consumes": {
        "power": 12,
        "items": {
        "items":[
     {"item": "钛","amount":2},
     {"item": "钢","amount": 3},]
        },
        "liquid": { "liquid": "水", "amount": 1.8}
    },
    "liquidCapacity": 240,
    	"outputLiquid": {"liquid": "冷却液", "amount": 1.6},
    "requirements": [
        {"item": "钛","amount": 45},
        {"item": "碳钢", "amount":30 },
	{ "amount": 55, "item": "硅晶玻璃" }
        { "amount": 75, "item": "铍" }
    ],
    "category": "crafting",
    "research": "冷冻液机",
    "idleSound": "respawning",
    "idleSoundVolume": 0.5
}