{
	"type": "GenericCrafter",
	"name": "高压粉碎机",
		"updateEffect": "smoke",
	"craftEffect": "steam",
	"description": "压碎任何物品，并产生沙
	
	(贴图by 冷却液)",
	"health": 150,
	"outputItem": { "item": "沙", "amount": 1 },
	drawer": {
        "type": "DrawMulti",
        "drawers": [
            {
                "type": "DrawRegion",
                "suffix": "-top",
                "rotateSpeed":2
            },
            {
                "type": "DrawRegion",
                "suffix": "-top",
                "rotateSpeed":-2,
                "rotation":45
            }
        ]
    },
	"itemCapacity": 10,
	"size": 2,
    "hasItems": true,
	"hasLiquids": true,
	"solid": true,
	"outputsLiquid": true,
	"liquidCapacity": 240,
	"details":"可以承受超速所带来的负荷",
	"craftTime": 9,
	"consumes": {
	"power":9
		"itemRadioactive": { "minRadioactivity": 0.00 }
		},
	"requirements": [
	{ "item": "铍", "amount": 80 },
	{ "item": "碳钢", "amount": 20},
	{ "item": "硅晶玻璃", "amount": 55 },
	],
	"category": "crafting",
	"research": "大型锻钢厂"
}