{
	"type": "GenericCrafter",
	"name": "巨浪合金冶炼炉",
	"health": 820,
	"description": "通过多种矿物冶炼巨浪合金，同时要消耗大量电能",
	"craftEffect": "pulverizeSmall"
	"updateEffect": "pulverizeMedium",
	"outputItem": { "item": "巨浪合金", "amount": 5 },
	"drawer":{
	    "type":"DrawMulti",
	    "drawers":[
            "DrawDefault",
			"DrawFlame"
            ]},
	"alwaysUnlocked": false,
	"size": 3,
	"hasPower": true,
	"hasLiquids": true,
	"hasItems": true,
	"craftTime": 155,
	"itemCapacity": 35,
	"consumes": {
	"power":22
	"liquid": 
	{"liquid": "冷却液", "amount": 0.8 } 
    "items": {	 "items": [
        { "item": "铅", "amount": 6}
        { "item": "铜", "amount": 5}
        { "item": "波动合金", "amount": 3}
 	]
  } },
"requirements": [
        { "item": "钍", "amount": 180 },
	{ "item": "碳化钨", "amount": 80 },
	{ "item": "铍", "amount": 180 },
	{ "item": "波动合金", "amount": 120 },
	{ "item": "钨", "amount": 160 },
	{ "item": "硅晶玻璃", "amount": 160 },
	],
	"category": "crafting",
	"research": {
	"parent":"大型波动合金厂"
	"objectives": [
            {
				"type": "OnSector",
				"preset": "冲击区0078"
			}
	]
	}
	"researchCostMultiplier": 0.1,
	    "canOverdrive": true
	    "details":"可以承受超速所带来的负荷",
}