{
	"type": "GenericCrafter",
	"name": "电热石英炉",
	"health": 620,
	"description": "将沙子直接转化为石英，过程中需要大量电力",
	"craftEffect": "lancerLaserChargeBegin"
	"outputItem": { "item": "石英", "amount": 3 },
	"alwaysUnlocked": false,
	"size": 2
	"hasPower": true,
	"hasLiquids": false,
	"hasItems": true,
	"craftTime": 25
	"itemCapacity": 20,
	"consumes": {
	"power":7.5
    "items": {	 "items": [
    { "item": "沙", "amount": 8}
 	]
  } },
"requirements": [
	{ "item": "石英", "amount": 380 },
	{ "item": "铍", "amount": 140 },
	{ "item": "碳钢", "amount": 150 },
				{ "item": "硅晶玻璃", "amount": 120 },
	],
	"category": "crafting",
	"research": "电硅厂"
	"researchCostMultiplier": 1
	    "canOverdrive": true
	    "details":"可以承受超速所带来的负荷",
}