{
	"health": 2100,
	"armor": 12,
	"speed": 0.5,
	"details": "正 反 手 教 学",
	"targetAir": true,
	"canBoost": true,
	"weapons": [
		{
			"name": "战锤1",
			"reload": 12.2,
			"shootY": 2,
			"rotate": false,
			"inaccuracy": 0,
			"alternate": true,
			"top": false,
			"shootSound": "flame",
			"ejectEffect": "none",
			"shoot": {
				"shots": 2
			},
			"cooldownTime": 120,
			"bullet": {
				"type": "BulletType",
				"lifetime": 6,
				"speed": 11,
				"knockback": 0.42,
				"damage": 34.6,
				"ammoMultiplier": 3,
				"incendAmount": 1,
				"incendSpread": 8,
				"incendChance": 0.2,
				"hittable": false,
				"absorbable": false,
				"pierce": true,
				"makeFire": true,
				"pierceBuilding": true,
				"pierceCap": 6,
				"shootEffect": "shootPyraFlame",
				"smokeEffect": {
					"type": "ParticleEffect",
					"particles": 5,
					"line": true,
					"strokeFrom": 1.2,
					"strokeTo": 0,
					"lenFrom": 16,
					"lenTo": 8,
					"length": 76,
					"baseLength": 0,
					"lifetime": 12,
					"colorFrom": "FFFFFF",
					"colorTo": "FFE176FF",
					"cone": 10
				},
				"hitEffect": {
					"type": "ParticleEffect",
					"particles": 4,
					"lifetime": 10,
					"sizeFrom": 3,
					"sizeTo": 0,
					"colorFrom": "FF8C00",
					"colorTo": "FF8C00"
				},
				"despawnEffect": "none",
				"statusDuration": 360,
				"status": "burning"
			}
		},
		{
			"name": "堡垒1",
			"reload": 48,
			"x": 9.5,
			"y": 1,
			"rotate": false,
			"inaccuracy": 0,
			"shake": 2,
			"recoil": 4,
			"shootY": 7,
			"top": false,
			"alternate": true,
			"ejectEffect": "casing3",
			"shootSound": "artillery",
			"bullet": {
				"type": "ArtilleryBulletType",
				"recoil": 0.45,
				"homingRange": 40,
				"homingPower": 0.1,
				"homingDelay": 27,
				"collides": true,
				"collidesTiles": false,
				"collidesAir": true,
				"status": "blasted",
				"damage": 88,
				"speed": 6,
				"lifetime": 41,
				"knockback": 19,
				"hitSound": "explosion",
				"hitEffect": "flakExplosionBig",
				"despawnEffect": "blastExplosion",
				"shootEffect": "shootBig2",
				"smokeEffect": "shootBigSmoke",
				"splashDamage": 110,
				"splashDamageRadius": 45,
				"width": 12,
				"height": 16
			}
		},
		{
			"name": "血蛭1",
			"top": true,
			"shootY": 7,
			"reload": 13.5,
			"ejectEffect": "none",
			"recoil": 2,
			"x": 2,
			"y": 0,
			"shootSound": "sap",
			"rotate": true,
			"rotateSpeed": 3,
			"bullet": {
				"type": "SapBulletType",
				"pierceArmor": true,
				"shootEffect": "shootSmall",
				"lifetime": 30,
				"sapStrength": 1.35,
				"length": 60,
				"width": 0.55,
				"knockback": -1.1,
				"statusDuration": 200,
				"status": "sapped",
				"damage": 5.2,
				"color": "84F491FF",
				"lightColor": "84F491FF",
				"hitColor": "62AE7FFF",
				"despawnEffect": "none"
			}
		},
		{
			"name": "血蛭1",
			"top": true,
			"shootY": 7,
			"reload": 13.5,
			"ejectEffect": "none",
			"recoil": 2,
			"x": -2,
			"y": 0,
			"shootSound": "sap",
			"rotate": true,
			"rotateSpeed": 3,
			"bullet": {
				"type": "SapBulletType",
				"pierceArmor": true,
				"shootEffect": "shootSmall",
				"lifetime": 30,
				"sapStrength": 1.35,
				"length": 60,
				"width": 0.55,
				"knockback": -1.1,
				"statusDuration": 200,
				"status": "sapped",
				"damage": 5.2,
				"color": "84F491FF",
				"lightColor": "84F491FF",
				"hitColor": "62AE7FFF",
				"despawnEffect": "none"
			}
		}
	]
	"ammoType":"奇思妙想-火箭弹",
}