{
	"details": "新的装甲结构与动力系统。换用含铅燃料，拥有更高的附着性与喷射力度.            惊喜快递!",
	"health": 1250,
	"armor": 8,
	"speed": 0.62,
	"ammoType": "pyratite",
	"range": 65,
	"canBoost": true,
		"abilities": [
		{
			"type": "StatusFieldAbility",
			"duration": 24,
			"reload": 250,
			"range": 34,
			"applyEffect": "none",
			"activeEffect":{
				"type": "MultiEffect",
				"effects": [
					{
						"type": "WaveEffect",
						"lifetime": 56,
						"interp": "circleOut",
						"sizeFrom": 0,
						"sizeTo": 340,
						"strokeFrom": 9,
						"strokeTo": 0,
						"colorFrom": "97FFA8",
						"colorTo": "97FFA8"
					},
					{
						"type": "WaveEffect",
						"lifetime": 40,
						"startDelay": 16,
						"interp": "circleOut",
						"sizeFrom": 0,
						"sizeTo": 340,
						"strokeFrom": 9,
						"strokeTo": 0,
						"colorFrom": "97FFA8",
						"colorTo": "97FFA8"
					}
				]
			},
			"effect": "fast"
		},
		{
			"type": "ShieldArcAbility",
			"radius": 80,
			"width": 20,
			"max": 250,
			"regen": 0.5,
			"cooldown": 720,
			"angle": 140,
			"chanceDeflect":0.9
		}
	],
	"weapons": [
		{
			"name": "战锤1",
			"reload": 12.2,
			"shootY": 2,
			"rotate": false,
			"inaccuracy": 0,
			"alternate": true,
			"top": false,
			"shootSound": "flame",
			"ejectEffect": "none",
			"shoot": {
				"shots": 2
			},
			"cooldownTime": 120,
			"bullet": {
				"type": "BulletType",
				"lifetime": 6,
				"speed": 11,
				"knockback": 0.42,
				"damage": 34.6,
				"ammoMultiplier": 3,
				"incendAmount": 1,
				"incendSpread": 8,
				"incendChance": 0.2,
				"hittable": false,
				"absorbable": false,
				"pierce": true,
				"makeFire": true,
				"pierceBuilding": true,
				"pierceCap": 6,
				"shootEffect": "shootPyraFlame",
				"smokeEffect": {
					"type": "ParticleEffect",
					"particles": 5,
					"line": true,
					"strokeFrom": 1.2,
					"strokeTo": 0,
					"lenFrom": 16,
					"lenTo": 8,
					"length": 76,
					"baseLength": 0,
					"lifetime": 12,
					"colorFrom": "FFFFFF",
					"colorTo": "FFE176FF",
					"cone": 10
				},
				"hitEffect": {
					"type": "ParticleEffect",
					"particles": 4,
					"lifetime": 10,
					"sizeFrom": 3,
					"sizeTo": 0,
					"colorFrom": "FF8C00",
					"colorTo": "FF8C00"
				},
				"despawnEffect": "none",
				"statusDuration": 360,
				"status": "burning"
			}
		},
			{
			"name": "尖刀1",
			"reload": 10,
			"x": 4.5,
			"y": -0.5,
			"rotate": false,
			"inaccuracy": 0,
			"alternate": true,
			"top": false,
			"ejectEffect": "casing1",
			"bullet": {
				"damage": 25,
				"speed": 8,
				"lifetime": 20,
				"width": 5,
				"height": 8
			}
		}
	]
}