{
  "type": "flying",  // 指定这是一个飞行单位
  "name": "gammama",  // 单位的名称
  "mass": 12,  // 单位的质量，影响其惯性和加速性能
  "description": "交给我吧。",  // 单位的描述，提供额外信息或故事背景
  "speed": 5,  // 单位的移动速度
  "mineSpeed": 8,  // 单位采矿的速度，决定了单位采矿的效率
  "mineTier": 2,  // 单位采矿的等级，决定了单位可以开采哪些矿石
  "drag": 0.04,  // 单位的阻力，影响其减速率
  "accel": 0.1,  // 单位的加速度，影响其从静止状态加速到全速的时间
  "rotateSpeed": 8,  // 单位的旋转速度，决定了单位转向的灵活性
  "hitSize": 12,  // 单位的碰撞体积，影响其在游戏世界中的碰撞检测
  "buildSpeed": 1,  // 单位的建造速度，影响其建造或修复建筑的速度
  "flying": true,  // 确认这是一个飞行单位，将使用飞行相关的物理和寻路
  "turnCursor": true,  // 单位在移动时是否应该面向移动方向
  "health": 220,  // 单位的生命值，决定了单位能承受多少伤害
  "itemCapacity": 70,  // 单位可以携带的物品数量
  "armor": 0,  // 单位的护甲值，影响其对伤害的抵抗力
  "engineOffset": 7,  // 单位引擎的视觉偏移量，影响单位图形渲染的位置
  "engineSize": 2,  // 单位引擎的视觉尺寸，影响单位图形渲染的大小
  "ai":"M_AI.src.ai.BuilderAI_PRO"  // 调用ai
  research: {
    parent: duo
    requirements: [
      copper/0
    ]
  }  // 指定了研究这个单位所需的科技或前序条件
}