{
    "description": "异虫建筑，能缓慢修复范围内的所有友方建筑。",//描述
    "requirements": [//材料
        "spore-pod/400",
        "纤维织物/400"
    ],
    "type": "regenProjector",
    "name": "修筑虫",
    "size": 3,
    "health":1500
    "healPercent":0.025,//治疗量
    "squareSprite": false,
    "effect":{//修复特效
    "type":"multiEffect",
"effects":[
{
"type":"ParticleEffect",
"lifetime": 64,"offsetX":0,
"colorFrom":"9E78DCFF",//开始时颜色
"colorTo":"9E78DCFF95",//结束时颜色
"particles":3,//粒子数量
"randLength":true,//兰德长度？
"cone":360,//粒子扩散角度
"length":-16,//粒子移动长度
"baseLength":18,//粒子在一定长度内出现
"useRotation":true,//使用旋转
"line":false,//形状为方形
"sizeFrom":3,//圆形从开始大小//粒子大小？？
"sizeTo":1,//圆形至结尾大小}
},
{
"type":"ParticleEffect",
"lifetime": 64,"offsetX":0,
"colorFrom":"bed742",//开始时颜色
"colorTo":"bed74295",//结束时颜色
"particles":6,//粒子数量
"randLength":true,//兰德长度？
"cone":360,//粒子扩散角度
"length":-16,//粒子移动长度
"baseLength":18,//粒子在一定长度内出现
"useRotation":true,//使用旋转
"line":false,//形状为方形
"sizeFrom":3,//圆形从开始大小//粒子大小？？
"sizeTo":1,//圆形至结尾大小}
}
]
    }
    "range":20,//范围
    "hasLiquids":true,
    "liquidCapacity":20,
    "consumes": {//消耗
		"liquid": "精油/0.15"
	},
    "drawer":{
		"type":"DrawMulti",
		"drawers":[
			{"type":"DrawDefault"},
			{"type":"DrawFade"}
		]
	}
	"category": "logic",//建筑栏分类
}