{
    "description": "异虫建筑，能缓慢治疗范围内的所有友方单位。",//描述
    "requirements": [//材料
        "spore-pod/400",
        "纤维织物/400"
    ],
    "type": "RepairTower",
    "name": "哺育虫",
    "size": 3,
    "health":1500
    "healAmount":0.5,//治疗量
    "col":"9DDF64FF",//颜色
    "range":96,//范围
    "hasLiquids":true,
    "liquidCapacity":20,
    "squareSprite": false,
    "consumes": {//消耗
		"liquid": "精油/0.15"
	}
	"category": "logic",//建筑栏分类
}