{
	"type": "GenericCrafter",
	"name": "质量坍塌压缩机",//名字
	"description": "通过将物品无限压缩在一起形成了一个高密度的能源",//描述
	"size": 7,//大小
	"hasPower": true,//是否有电力
	"hasLiquids": false,//是否有液体
	"hasItems": true,//是否有物品
	"alwaysUnlocked": false,
	"craftTime": 1000,//制作时间
	"itemCapacity": 10,//物品容量
	"liquidCapacity": 1000,
    "consumes": {
    "power":1,
    "liquid":{
	"liquid":"water",
	"amount":0.15,
	"booster":false	}
 },
"outputItem":{"item":"高密度能源","amount":1}
"requirements": [
		{ "item": "铁", "amount": 1000 },
		{"item": "titanium", "amount": 500},
		{"item": "silicon","amount":300 },
	],
	"category": "crafting",
	"research": "制冰机",
    "updateEffect":"freezing",
    "updateEffect":"hitEmpspark"
    "updateEffect":"smeltsmoke"
}