{
    "name": "pga",
    "displayName": "栅格工艺",
    "author": "mkrd",
    "description": "欢迎游玩mkrd的新mod！\n模组群：675685012\n[red[]]本模组战役难度较高，推荐通关原版后并做好备份工作再进行挑战\n[#b9c7f0[]]提示：可以自定义先试试以免打不过\n[white[]]当前版本v1.1.6，由于作者初三，更新时间不定\n模组简介显示最近两个版本的更新内容，你可以在模组文件中的bundles文件夹找到本模组所有版本的更新记录\n--------------------------------\nv1.1.6更新内容：\n落星山谷-新增世处\n绝径峡谷-开局准备时间延长\n增压涡轮机-贴图重做\n大型硅冶炼炉-贴图重做\n大型窑炉-贴图重做\n奔袭-贴图重做\n归返-贴图重做\n迁徙-攻速降低-造价降低\n星环-修复dps过高bug\n黎阳-射程提升\n水晶探照灯-血量降低\n落雷-射程提升\n霜华-伤害提升\n晶栅墙-血量提升\n大型晶栅墙-血量提升\n新单位-星核\n--------------------------------\nv1.1.5更新内容：\n迁移部分科技树\n落星山谷-出怪重做\n绝径峡谷-出怪重做\n迟缓-减速效果提升\n扰频-减速效果提升\n恒星-伤害分配\n星环-攻击方式重做\n大型反应堆-爆炸范围修正\n大型栅能节点-造价降低-贴图重做\n追迹-贴图重做-造价降低\n寻踪-贴图重做-属性提升\n火箭筒-伤害降低\n新建筑-大型机械钻机\n新建筑-大型气动钻机\n新炮台-迁徙\n新炮台-落雷\n新炮台-诚邀",
    "version": "1.1.6",
    "minGameVersion": 146
}