{
    "size": 2,
    "description": "保护己方建筑，挡下敌方炮弹。拥有力墙。本体受到伤害时会额外损坏。对碾压伤害有一定的免疫效果。有概率反弹子弹。",
    "name": "大型相位墙",
    "type": "ShieldWall",
    "health": 6720,
    "armor": -8,
    "flashHit": true,
    "chanceDeflect": 20,
    "shieldHealth": 2400,
    "regenSpeed": 1,
    "breakCooldown": 300,
    "crushDamageMultiplier": 0.8,
    "requirements": [
        "phase-fabric/32",
        "相织能/16"
    ],
    "category": "defense",
    "research": {
        "parent": "alca相位反射墙"
    },
    "buildCostMultiplier": 0.8
}