{
	"name":"侵蚀铁墙",
	"description":"被孢子侵蚀的铁墙。",
	"variants": 5//贴图数量
	"type": "Wall",
	"health":2000,
	"size":2,
	"armor":2,
	"group":"walls"
	"insulated":false
	"absorbLasers":false
	"destroyBullet":{
	"speed":0,
	"lifetime":0,
	"damage":0,
	"despawnEffect":{
					"type": "ExplosionEffect",
					"smokeColor":"9E78DCFF90",//烟雾颜色
					"smokeSize":8,//烟雾大小
					"smokeSizeBase":2,//烟雾开始大小
					"smokeRad":64,//烟雾半径
					"smokes":3,//烟雾数
				},
	}
}
