{
	"name":"核子方块",
	"description":"保护己方建筑，挡下敌方炮弹。\n被摧毁时产生剧烈的爆炸。",
	"details":"感觉不如原……原！子！弹！"
	"type": "Wall",
	"health":3500,
	"size":2,
	"armor":5,
	"group":"walls"
	"insulated":false
	"absorbLasers":false
	"buildCostMultiplier": 1.6853932584269,
    "breakSound":"boom",/*方块被破坏音效*/
    //"breakEffect":,
	"destroyBullet":{
	"damage": 0,
		"lifetime": 0,
		"speed": 0,
		"knockback": 5,
		"shake": 5,
		"width": 0,
		"height": 0,
		"splashDamage": 500,
		"splashDamageRadius": 32,
		"buildingDamageMultiplier": 2,
		"shootEffect": "randLifeSpark"
		"despawnEffect": {
"type": "ExplosionEffect",
"sparkColor":"9E78DCFF",//火花颜色
"sparkStroke":2,//火花宽
"sparkRad":24,//火花半径
"sparkLen":8,//长度
"sparks":20,//火花数
"smokes":0,//烟雾数
"waveLife": 24,//波浪存在时间
"waveColor":"9E78DCFF50",//火花颜色
"waveStroke":3,//波形宽度
"waveRad":30,//波浪半径
"waveRadBase":0,//波浪开始的半径
				},
		"hitEffect": "none",
		"hitSound": "none",
		"hitColor": "9E78DCFF",
	}
	"requirements": [
		{ "item": "钢铁", "amount": 18 },
		{ "item": "thorium", "amount": 24 },
	],
	"category": "defense",
	"research": {
	"parent": "大型铁墙"//科技树前置
	"objectives":[
	{
	"type": "SectorComplete",//占领地图
	"preset":"野性之心-放射性采集基地"//地图名
	},
	]
	"requirements": [//研究花费
	"钢铁/500",
	"thorium/750"
	]	},
}
