{
	"name":"纤维篱",
	"description":"这种造价低廉的墙壁能起到一定阻挡作用。\n在被摧毁时燃起火焰。",
	"type":"Wall",
	"health":800,
	"size":2,
	"group":"walls",
	"buildCostMultiplier":0.2,
	"hasShadow":false,//阴影
	"placeableLiquid":true,//可以在水上
	"requiresWater":false,//只能在水上
	"destroyBullet":{
	    //死亡子弹
	    "type":"BasicBulletType",
	    "sprite":"none"
	    //子弹贴图：无
	    "smokeEffect":"none",
	    "trailEffect":"none",
	    "lifetime":8,
	    "speed":8,
	    "damage":0,
	    "despawnEffect":"none",
	    "shootEffect":"none",
	    "hitEffect":"none",
	    "makeFire":"true"
	}
	"requirements": [
	    "纤维织物/20"],
	"category": "defense",
	"research": {
	"parent": "铁墙"//科技树前置
	"objectives":[
	{
	"type": "SectorComplete",//占领地图
	"preset":"野性之心-轰鸣小径"//地图名
	},
	]
	"requirements": [//研究花费
	"纤维织物/500",
	]	},
}

