{
	"type": "LiquidRouter",//类型
	"category": "liquid",//菜单栏
	"name": "石英流体容器",//名字
	"description": "虽然但是，石英能做的东西是真多",//介绍
	"research": {
	"parent": "c6石英导管桥"//科技树前置
	"requirements": [//研究花费
	"石英/300",
	"碳钢/150",
	]	},
	"requirements": [//建造消耗
	"石英/30",
	"碳钢/15",
	],
	"size": 2,
	"health": 240,//血量
	"liquidCapacity":800,//液体容量
	"liquidPadding": 4,//液体填充速度
}
