{
	"name":"贫铀穿甲弹生产工厂",
	"description":"生产贫铀穿甲弹",
	"size":2,
	"flameColor":"FFFFFF",
	"outputItem":
		{"item":"ammo3","amount":1},
	"consumes":{
		"power":20.0,
		"items":{
			"items":[
				{"item":"U","amount":1},
				{"item":"Ti+","amount":5},
				{"item":"C90","amount":9}
			]
		}
	},
	"requirements":[
		{"item":"Fe-C","amount":900},
		{"item":"Ti+","amount":500},
		{"item":"普通科技点","amount":240}
	],
	"hasItems":true,
	"craftTime":250,
	"health":1500,
	"itemCapacity":50,
	"research":{
	"parent":"ammo2-Plant",
    "requirements":[
		{"item":"Fe-C","amount":9000},
		{"item":"Ti+","amount":5000}
	]},
	"category":"crafting"
}