{
	"name":"霰弹炮子弹生产工厂",
	"description":"霰弹炮子弹制作站",
	"size":3,
	"flameColor":"FF0000",
	"outputItem":
		{"item":"bullet3","amount":1},
	"consumes":{
		"power":8.0,
		"items":{
			"items":[
				{"item":"Fe","amount":25},
				{"item":"Al","amount":25},
				{"item":"Mg","amount":25},
				{"item":"C90","amount":30}
			]
		}
	},
	"requirements":[
		{"item":"C60","amount":100},
		{"item":"Mg-Al","amount":500},
		{"item":"Fe-C","amount":500},
		{"item":"普通科技点","amount":540}
	],
	"hasItems":true,
	"craftTime":150,
	"health":1500,
	"itemCapacity":250,
	"research":{
	"parent":"bullet2-Plant",
    "requirements":[
		{"item":"C60","amount":1000},
		{"item":"Mg-Al","amount":5000},
		{"item":"Fe-C","amount":5000}
	]},
	"category":"crafting"
}