{
	"name":"防空导弹制造厂",
	"description":"制造防空导弹",
	"size":3,
	"flameColor":"FFFFFF",
	"outputItem":
		{"item":"missile","amount":1},
	"consumes":{
		"power":5.0,
		"items":{
			"items":[
				{"item":"Mg-Al","amount":5},
				{"item":"C90","amount":8}
			]
		}
	},
	"requirements":[
		{"item":"Fe-C","amount":600},
		{"item":"Mg-Al","amount":400},
		{"item":"普通科技点","amount":540}
	],
	"hasItems":true,
	"hasPower":true,
	"craftTime":120,
	"health":1450,
	"itemCapacity":50,
	"research":{
	"parent":"C90-Plant",
    "requirements":[
		{"item":"Fe-C","amount":6000},
		{"item":"Mg-Al","amount":4000}
	]},
	"category":"crafting"
}