{
      "type":"LiquidRouter",
      "name":"超巨型钛合金储液池",
      "description": "造价有一点贵的储液池，可以存储巨量液体。",
      "size":7,
      "health": 600,
      "liquidCapacity": 16000,
      "requirements": [
		{"item": "钛板", "amount": 300},
		{"item": "铅板", "amount": 350},
		{"item": "surge-alloy", "amount": 400},
		{"item": "metaglass", "amount": 800},
		{"item": "silicon", "amount": 380},
		{"item": "thorium", "amount": 450},
		{"item": "graphite", "amount": 600},
		{"item": "钛合金板", "amount": 400},
		{"item": "金板", "amount": 300},
		{"item": "塑料", "amount": 60}
	],
	"category": "liquid",
    "research":"大型钛储液池"
    }