{
	"type": "BurstTurret",
	"name": "速射炮",
	"description": "缓慢射击，随着时间推移射速逐渐变快。",
	"health": 321,
	"size": 3,
	"shots": 8,
	"shotWidth": 4,
	"reload":20,
	"range": 220.32,
	"burstSpacing": 60,
    "maxAmmo":150,
    "shootSound": "bang",
    "heatColor":"8AFF42",
	"restitution":5,
	"recoil": 2,
	"shootShake": 5,
	"shootCone": 12,
 	"velocityInaccuracy":1,
	"targetGround":true,
	"targetAir":true,
	"ammoUseEffect": "none",
	"inaccuracy": 8,
	"rotatespeed": 5,
	"ammo": {
				"graphite": {
			"speed": 5,
			"damage": 15.214,
			"bulletWidth": 5,
			"bulletHeight": 8,
        	"burstSpacing": 20,
			"trailEffect": "lancerLaserShootSmoke",
			"smokeEffect": "lancerLaserChargeBegin",
			"bulletShrink": 0.01,
			"ammoMultiplier": 1,
			"lifetime":60,
			"backColor":"7e92ab",
			"fontColor":"7e92ab",
			"heatColor":"7e92ab",
			"trailColor":"7e92ab"
		},
				"titanium": {
			"splashDamageRadius":5,
			"splashDamage":6,
			"speed": 8,
			"damage": 20.823,
			"bulletWidth": 8,
			"bulletHeight": 15,
			"trailEffect": "lancerLaserShootSmoke",
			"smokeEffect": "lancerLaserChargeBegin",
			"ammoMultiplier": 1,
			"lifetime":60,
			"backColor":"a925ff",
			"fontColor":"0979f4",
			"heatColor":"1684f4",
			"trailColor":"3C34eC"
    	}
	},
	"requirements": [
		{ "item": "copper", "amount": 150 },
		{ "item": "titanium", "amount": 80 },
		{ "item": "metaglass", "amount": 80 },
		{ "item": "graphite", "amount": 90 },
		{ "item": "silicon", "amount": 90 }
		
	],
	"category": "turret",
	"research": "双链机枪"
	}