{
    "type": "ImpactReactor",    
    "name": "融合产物反应堆",    
    "category": "power",    
    "requirements": [        
    "lead/500","silicon/300","graphite/400","thorium/100","surge-alloy/250",        "metaglass/250"    ],    
     "size": 4,    
     "health": 1200,    
     "powerProduction": 1300.00,    
     "itemDuration": 14000.00,    
     "consumes": {
             "power": 10,        
             "item": "融合产物",
             "liquid": "cryofluid/0.5"       }
     "research": "impact-reactor",
}