{
    "type": "battery",
    "name": "水晶电池",
    "description": "一种简易的电池，拥有非常高的性价比，非常的简易，这也导致他十分脆弱，[yellow]请务必放在安全的位置！",
    "details": "一个尖刀好奇这块电池的结构，轻轻用手拍了一下，然后……？就没有然后了。",
    "size": 3,
    "health": 1,
    "requirements": [
        "silicon/50"
        "metaglass/10"
        "水晶矩阵/3"
    ],
    "consumes": {
        "powerBuffered": 7250
    },
    "category": "power",
    "research": "battery-large"
}