{
    "name": "浮游炮",
    "type": "flying",
    "health": 120,
    "hitSize": 12,
    "armor": 4,
    "speed": 14,
    "drag": 0.04,
    "accel": 0.2,
    "rotateSpeed": 75,
    "engineOffset": 0,
    "engineSize": 0,
    "trailLength": 0,
    "physics": false,
    "useUnitCap": false,
    "isEnemy": false,
    "targetable": false,
    "hittable": false,
    "hidden": true,
    "weapons": [
        {
            "shootStatus": "蜉蝣",
            "shootStatusDuration": 300,
            "x": 0,
            "y": 0,
            "reload": 300,
            "mirror": false,
            "shootY": 0,
            "shootCone": 360,
            "baseRotation": 0,
            "cooldownTime": 0,
            "alwaysShooting": true,
            "alwaysContinuous": true,
            "bullet": {
                "width": 0,
                "height": 0,
                "damage": 0,
                "lifetime": 0,
                "recoil": 0,
                "shootEffect": "none",
                "despawnEffect": "none",
                "hitEffect": "none",
                "smokeEffect": "none"
            }
        },
        {
            "x": 0,
            "shootY": 2,
            "reload": 60,
            "mirror": false,
            "shootCone": 5,
            "cooldownTime": 120,
            "shootSound": "railgun",
            "bullet": {
                "killShooter": true,
                "type": "LaserBulletType",
                "damage": 160,
                "length": 90,
                "shootEffect": {
                    "type": "ParticleEffect",
                    "line": true,
                    "particles": 12,
                    "lifetime": 20,
                    "length": 45,
                    "cone": 30,
                    "lenFrom": 6,
                    "lenTo": 6,
                    "strokeFrom": 3,
                    "interp": "fastSlow",
                    "colorFrom": "8CA9E8FF",
                    "colorTo": "D1EFFFFF"
                },
                "colors": [
                    "8CA9E8FF",
                    "D1EFFFFF",
                    "FFF0F0"
                ],
                "hitEffect": {
                    "type": "ParticleEffect",
                    "line": true,
                    "particles": 10,
                    "lifetime": 20,
                    "length": 75,
                    "cone": -360,
                    "lenFrom": 6,
                    "lenTo": 6,
                    "strokeFrom": 3,
                    "strokeTo": 0,
                    "lightColor": "D1EFFFFF",
                    "colorFrom": "8CA9E8FF",
                    "colorTo": "D1EFFFFF"
                }
            }
        }
    ]
}