{
  "type": "naval",
  "name": "[green]保护",
  "description": "一架中型辅助船，没有任何武器，但是有一个单位修复器，还可以提高周围单位建造建筑的速度.",
  "health": 920,
  "speed": 0.96,
  "accel": 0.27,
  "rotateSpeed": 3,
  "drag": 0.16,
  "hitSize": 17,
  "armor": 6,
  "faceTarget": false,
  "trailLength": 20,
  "waveTrailX": 7,
  "waveTrailY": -8,
  "trailScl": 1.77,
  "range": 200,
  "weapons": [
    {
      "type": "RepairBeamWeapon",
      "name": "repair-beam-weapon",
      "repairSpeed": 1,
      "targetUnits": true,
      "targetBuildings": true,
      "x": 0,
      "y": -10,
      "mirror": false,
      "rotate": true,
      "rotateSpeed": 3,
      "bullet": {
        "maxRange": 160
      }
    }
  ],
  "abilities": [
    {
      "type": "RepairFieldAbility",
      "reload": 90,
      "amount": 15,
      "range": 200
    },
    {
      "type": "StatusFieldAbility",
      "effect": "me-polymorphous-building",
      "duration": 360,
      "reload": 720,
      "range": 200
    }
  ],
  "research": "alba"
}
