{
  "type": "payload",
  "name": "[green]嫩芽",
  "description": "中型支援无人机，血量低但是可以很快修复单位而且可以给单位上速度buff",
  "abilities": [
    {
      "type": "RepairFieldAbility", 
      "range": 120, 
      "amount": 5, 
      "reload": 60, 
      "activeEffect": {
        "type": "WaveEffect", 
        "sizeFrom": 0, 
        "sizeTo": 60, 
        "colorFrom": "84f491", 
        "colorTo": "62ae7f"
      }
    },
    {
      "type": "StatusFieldAbility", 
      "range": 120, 
      "reload": 180, 
      "activeEffect": {
        "type": "WaveEffect", 
        "sizeFrom": 0, 
        "sizeTo": 60, 
        "colorFrom": "ed9436", 
        "colorTo": "eb7e3c"
      },
      "duration": 120,
      "effect": "me-hastened"
    }
  ],
  "lowAltitude": true,
  "mineSpeed": 4,
  "mineTier": 3,
  "canAttack": false,
  "buildSpeed": 3.2,
  "engineColor": "84f491",
  "engineColorInner": "62ae7f",
  "armor": 3,
  "itemCapacity": 75,
  "speed": 2.7,
  "canHeal": true,
  "drawBuildBeam": true,
  "health": 680,
  "mineHardnessScaling": true,
  "flying": true,
  "payloadCapacity": 512,
  "controller": "RepairAI",
  "lowAltitude": true,
  "weapons": [
    {
      "name": "building-weapon",
      "shootSound": "laser",
      "x": 0,
      "y": -8,
      "reload": 30,
      "rotate": true,
      "noAttack": true,
      "mirror": false,
      "bullet": {
        "type": "LaserBulletType",
        "damage": 5,
        "healPercent": 12,
        "length": 140,
        "colors": ["84f491", "ffffff", "62ae7f"]
        "collidesTeam": true,
        "collidesTiles": true,
        "collidesAir": true
      }
    },
    {
      "name": "repair-laser-weapon",
      "x": 0,
      "y": 5,
      "reload": 5,
      "rotate": false,
      "shootSound": "lightning",
      "bullet": {
        "type": "LightningBulletType",
        "lightningLength": 15,
        "lightningDamage": 20,
        "lightningColor": "84f491",
      }
    }
  ],
  "research": "seed",
  "hitSize": 14
}
