{
  "type": "tank",
  "name": "[orange]探索",
  "description": "激光坦克，不太适合单位作战（赛普罗版循迹）",
  "hitSize": 18,
  "treadPullOffset": 5,
  "speed": 0.85,
  "rotateSpeed": 3,
  "health": 2300,
  "armor": 8,
  "treadRects": [
    {
      "x": 13,
      "y": -38,
      "width": 17,
      "height": 76
    }
  ],
  "singleTarget": false,
  "omniMovement": false,
  "faceTarget": false,
  "weapons": [
    {
      "x": 0,
      "y": 0,
      "name": "scorpio-weapon",
      "shootSound": "bolt",
      "layerOffset": 0.0001,
      "reload": 18,
      "shootY": 10,
      "recoil": 2,
      "rotate": true,
      "rotateSpeed": 1.5,
      "mirror": false,
      "shootCone": 4,
      "heatColor": "f9350f",
      "cooldownTime": 30,
      "bullet": {
        "width": 5,
        "type": "LaserBulletType",
        "length": 160,
        "damage": 32,
        "pierceBuilding": true,
        "laserAbsorb": false,
        "buildingDamageMultiplier": 1.9,
        "lifetime": 30,
        "hitColor": "feb380",
        "hitEffect": "hitBulletColor",
        "smokeEffect": "shootSmallSmoke",
        "shootEffect": "lightningCharge",
      }
    }
  ],
  "research": "sambuca"
}
