{
"type": "flying",
"name": "重型德鲁格采矿无人机",
"description": "德鲁格公司的后勤主力，可以自动开采钛，钍和铍。配备了微型力墙和轻装甲防止挖矿损伤……等等……你不会想拿它打架吧？不会吧？不会吧？",
"speed": 1.5
"hitSize": "15",
"armor": "2",
"flying":true,
"lowAltitude":true,
"research": "重启级单位构建工厂",
"defaultController": "MinerAI",
"health": "200",
"mineTier": "4",
"mineSpeed": "8",
"itemCapacity": "90",
"range": "20",
"mineItems":["copper","lead","titanium","thorium","beryllium"],
"abilities":[
{
"type":"ForceFieldAbility",
"radius": 10,
"max": 60,
"regen": 0.2,
"cooldown": 180,
},],}