{
	"speed": 2,
	"targetAir": true,
	"health": 1080,
	"armor": 6,
	"range": 250,
	"trailLength":10, //拖尾长
	"deathSound": "空军-死亡1"//单位死亡后音效
	"weapons": [
		{
			"name": "苍穹1",
			"chargeSound":"plasmadrop",
            "soundPitchMin":1,
            "soundPitchMax":1,
            "mirror":true,
            "x": 8,
			"y": 0,
			"reload": 120,
			"rotate": true,
		    "inaccuracy": 10,
			"top":true,
            "shootSound": "missile",
            "shoot":{
                "shots":12,
                "shotDelay":5,
                "firstShotDelay":36
            },
			"bullet": {
                "type": "MissileBulletType",
                "chargeEffect":[
                    {
                        "type": "WaveEffect",
                        "lifetime": 30,
                        "sizeFrom": 100,
                        "sizeTo": 8,
                        "strokeFrom": 6,
                        "strokeTo": 2,
                        "colorFrom": "f7bf8e",
                        "colorTo": "e04e4e"
                    },
                    {
                        "type": "WaveEffect",
                        "startDelay":24,
                        "lifetime": 18,
                        "sizeFrom": 8,
                        "sizeTo": 100,
                        "strokeFrom": 6,
                        "strokeTo": 2,
                        "colorFrom": "f7bf8e",
                        "colorTo": "e04e4e"
                    }
                ],
                
				"damage":18,
                "status": "blasted",
                "splashDamageRadius":48,
                "splashDamage":36,                
                "speed": 4.4,
				"lifetime": 78,
                "width": 8,
				"height": 8
			}
		},
	]
}