{
	"type": "BuildTurret",
	"name": "建造光束塔",
	"description": "自动重建范围内的建筑，并在其他单位进行建造时提供协助。",
	"details":"能够生成全息投影辅助建造和修理的大型光束塔。该技术被广泛使用于城镇修建和维护中，缺点是用完就要立刻拆除，而快速拆除的方法是建造更多的光束塔。"
	"health": 800,
	"size": 3,
	"range": 140,
	"buildSpeed": 0.8,
	"canOverdrive": false,
	"consumes": {
		"power": 4.6
	},
	"requirements": [
		"金/100",
		"silicon/150",
		"thorium/150"
	],
	/*"drawer":{"type":"DrawMulti",
"drawers":[{"type":"DrawTurret",
"parts":[
{"type":"RegionPart",
"mirror":false,//是否镜像显示
"x":0,"y":0,//起始位置
"suffix":"-左","layer":60,"moveX":-4,"moveY":0,
"moveRot":0,//移动圈数
}
{"type":"RegionPart",
"mirror":false,//是否镜像显示
"x":0,"y":0,//起始位置
"suffix":"-右","layer":60,"moveX":4,"moveY":0,
"moveRot":-0,//移动圈数
}
]}]}*/
//呜呜，经过测试，建造塔不能加parts
	"category": "effect",
	"research": {
	"parent": "e-维修中心"//科技树前置
	"objectives":[
	{
	"type": "SectorComplete",//占领地图
	"preset":"野性之心-放射性采集基地"//地图名
	},
	]
	},
}