{
	"type":"ShockMine",
	"name":"静滞地雷",
	"description":"将范围内的所有单位完全静滞在原地，持续一小会儿。",
	"details":"C-时域限制雷，其爆炸能够扭曲附近的时间场，为我们的进攻提供支援。这项时空技术本可以用于更多领域，例如加速一定范围内建筑的运行速度，但这项提案遭到了来自科学联合会的集体抵制，最后只能不了了之。",
	"health":250,
	"size":2,
	"tileDamage":250,//自伤
	"cooldown":300,
	"damage":25,
	"length":12,
	"tendrils":4,
	"lightningDamage":15,
	"lightningColor":"6950a1",
	"shots":1,
	"inaccuracy":0,
	"teamAlpha":0.3, //颜色相关
	"rebuildable":false,//自动重建
	"underBullets": true,//不碰撞子弹
	"destroyBullet":{
	    //死亡子弹
	    "type":"BasicBulletType",
	    "sprite":"none"
	    //子弹贴图：无
	    "despawnEffect":{
		"type": "WaveEffect",
		"lifetime": 36,
		"colorFrom": "6950a1",
		"colorTo": "6950a1",
		"lightColor": "6950a1",
		"sizeFrom": 0,
		"sizeTo": 45,
		"lightScl": 3.0,
		"lightOpacity": 0.5,
		"strokeFrom": 45
					},
	    "trailEffect":"none",
	    "lifetime":0.1,
	    "speed":0.1,
	    "damage":0
	    "splashDamageRadius": 45,
        "splashDamage": 0,
	    "shootEffect":"none",
	    "hitEffect":"none",
	    "status":"stop",//附加效果
        "statusDuration": 240//效果时长
	}
	"update":false,
    "destructible":true, //可破坏的
    "solid":false, //立体的
    "targetable":false, //可命中
    "hasShadow":false, //阴影
    
    "requirements":[
        "金/25"
        "thorium/25",
        ]
    "category":"effect",
    "research": {
	"parent": "感应地雷"//科技树前置
	"objectives":[
	{
	"type": "SectorComplete",//占领地图
	"preset":"野性之心-放射性采集基地"//地图名
	},
	]
	},
}





/*

shockMine = new ShockMine("shock-mine"){{
            requirements(Category.effect, with(Items.lead, 25, Items.silicon, 12));
            hasShadow = false;//影子
            health = 50;
            damage = 25;
            tileDamage = 7f;//瓦片
            length = 10;
            tendrils = 4;//卷须
        }};
        

public class ShockMine extends Block{
    public final int timerDamage = timers++;

    public float cooldown = 80f;
    public float tileDamage = 5f;
    public float damage = 13;
    public int length = 10;
    public int tendrils = 6;
    public Color lightningColor = Pal.lancerLaser;
    public int shots = 6;
    public float inaccuracy = 0f;
    public @Nullable BulletType bullet;
    public float teamAlpha = 0.3f;
    public @Load("@-team-top") TextureRegion teamRegion;

    public ShockMine(String name){
        super(name);
        update = false;
        destructible = true;
        solid = false;
        targetable = false;
    }
    
*/