{
 "name":"合金钻头",
 "type": "Drill",
 "description":"非常硬，可以挖掘15硬度的矿物",
 "size": 2,
 "health": 1120,
 "tier": 15,
 "drillTime":120,   
 "liquidBoostIntensity":2,
 "canOverdrive": true,
 "warmupSpeed": 0.02,
 "drillEffect": "none",
 "updateEffect": "none",
 "rotateSpeed": 2,
 "drawMineItem": false,
 "consumes": {
 "liquid": {
 "liquid": "water",
 "amount": 0.1,
 "booster": true,
 "optional": true
 }
 },
 "itemCapacity": 20,
 "liquidCapacity": 10,
 "requirements":[	
 { "item": "surge-alloy", "amount": 12 },
 { "item": "copper", "amount": 0 },
 ],
 "category": "production",
 "research": "钍钻"
}
