{
//blast-compound爆混coal煤copper铜graphite石墨lead铅metaglass玻璃phase-fabric布plastanium塑钢pyratite火石silicon硅surge-alloy合金thorium钍titanium钛
 "name":"t2钍制钻头",
 "type": "Drill",
 "description":"可以挖掘10硬度的矿物",
 "size": 3,
 "health": 160,
 "tier": 4,
 "drillTime": 200,   
 "liquidBoostIntensity":2,
 "canOverdrive": true,
 "warmupSpeed": 0.02,
 "drillEffect": "none",
 "updateEffect": "none",
 "rotateSpeed": 3,
 "drawMineItem": false,
 "consumes": {
 "liquid": {
 "liquid": "water",
 "amount": 0.1,
 "booster": true,
 "optional": true
 }
 },
 "itemCapacity": 20,
 "liquidCapacity": 10,
 "requirements":[	
 { "item": "plastanium", "amount": 48 },
 { "item": "surge-alloy", "amount": 12 },
 ],
 "category": "production",
 "research": "塑钢钻"
}
