{
 "name":"硅制钻头",
 "type": "Drill",
 "description":"钻头",
 "size": 2,
 "health": 160,
 "tier": 3,
 "drillTime":320,   
 "liquidBoostIntensity":2,
 "canOverdrive": true,
 "warmupSpeed": 0.02,
 "drillEffect": "none",
 "updateEffect": "none",
 "rotateSpeed": 2,
 "drawMineItem": false,
 "consumes": {
 "liquid": {
 "liquid": "water",
 "amount": 0.1,
 "booster": true,
 "optional": true
 }
 },
 "itemCapacity": 10,
 "liquidCapacity": 10,
 "requirements":[	
 { "item": "silicon", "amount": 12 },
 { "item": "copper", "amount": 0 },
 ],
 "category": "production",
 "research": "石墨钻"
}
