{
//blast-compound爆混coal煤copper铜/graphite石墨lead铅metaglass玻璃phase-fabric布plastanium塑钢pyratite火石silicon硅surge-alloy合金thorium钍titanium钛
 "name":"t3钛制钻头",
 "type": "Drill",
 "description":"钻头",
 "size": 4,
 "health": 320,
 "tier": 4,
 "drillTime": 300,   
 "liquidBoostIntensity":2,
 "canOverdrive": true,
 "warmupSpeed": 0.02,
 "drillEffect": "none",
 "updateEffect": "none",
 "rotateSpeed": 3,
 "drawMineItem": false,
 "consumes": {
 "liquid": {
 "liquid": "water",
 "amount": 0.2,
 "booster": true,
 "optional": true
 }
 },
 "itemCapacity": 20,
 "liquidCapacity": 10,
 "requirements":[	
 { "item": "titanium", "amount": 48 },
 { "item": "plastanium", "amount": 24 },
 { "item": "thorium", "amount": 12 },
 ],
 "category": "production",
 "research": "钛钻2"
}
