{
    "name":"侵蚀"
    "description":"孢子正在生长......"
	"damageMultiplier":0.9,
	//攻击力倍率（数值越大，攻击力越高）
	"healthMultiplier":0.8,
	//血量倍率（数值越大，血量最大上限越高）
	"speedMultiplier":0.8,
	//速度倍率（数值越大，移动越快）
	"reloadMultiplier":0.5,
	//射速倍率（数值越大，射速越快）
	"damage":5,
	//每1/60秒扣血速度（负数为回血）
	"permanent":false,
	//如果为ture
	//这个状态永远存在于此单位身上，除非单位死亡
	//如果为false 则没有永远存在的效果
	"reactive":false,
	//如果为true，则此效果将仅与其他效果反应无法应用
	"color":"426274FF",
	//状态颜色
	"disarm":false,
	//是否解除武装
	"effect": {
	    "type":"WaveEffect"
	    "lifetime":10
	    "sizeFrom":0
	    "sizeTo":3
	    "colorFrom":"426274FF"
	    "colorTo":"173050FF"
	},
	"effectChance":0.9,
	//效果数量（数值越大,效果越多越密集）
}