{
	"name": "修复",
	"damage": -4,
	"healthMultiplier": 1.5,
	"effectChance": 0.3,
	"opposites": [
		"burning",
		"wet",
		"sapped",
		"freezing",
		"melting",
		"tarred",
		"muddy",
		"blasted",
		"corroded",
	],
	"effect": {
		"type": "ParticleEffect",
		"particles": 1,
		"baseLength": 30,
		"length": -30,
		"lifetime": 30,
		"spin": 6,
		"interp":"pow3Out",
		"sizeInterp":"pow3In",
		"region": "circle-bullet",
		"sizeFrom": 1,
		"sizeTo": 0,
		"colorFrom": "D1EFFFFF",
		"colorTo": "8CA9E8FF"
	}
}