{
	"type": "flying",
	"name": "天型",
	"speed": 3,
	"drag": 0.05,
	"accel": 0.1,
	"rotateSpeed": 8,
	"ammoType": {
		"type": "PowerAmmoType",
		"totalPower": 800
	},
	"ammoCapacity": 120,
	"hitSize": 8,
	"flying": true,
	"faceTarget": true,
	"drawMinimap": false,
	"health": 200,
	"armor": 2,
	"engineOffset": 0,
	"engineSize": 0,
	"itemCapacity": 100,
		"research": "flare",
	"requirements": {
		"block": "air-factory",
		"time": 600,
		"requirements": [
			"titanium/15",
			"silicon/20",
			"copper/5"
			]},
		"weapons": [
		{
			"name": "none",
			"reload": 50,
			"top": false,
			"x": 2,
			"y": -2,
			"rotate": false,
			"inaccuracy": 0,
			"shootCone": 60,
			"alternate": true,
			"shootSound": "missileLaunch",
			"shake": 5,
			"bullet": {
				"keepVelocity": false,
				"speed": 0,
				"shootEffect": "none",
				"smokeEffect": "shootSmallFlame",
				"spawnUnit": "导弹.小"
			}
		},
	]
}