{
	"type": "MendProjector",
	"name": "复位修复器",
	"health": 450,
	"size": 4,
	"range": 280,
	"reload": 60,
	"healPercent": 5,
	"phaseBoost": 5,
	"phaseRangeBoost": 0,
	"canOverdrive": false,
	"consumes": {
		"power": 15,
		"items": {
			"items": [
				"奇思妙想-量子晶体/3"
			],
			"booster": true,
			"optional": true
		}
	},
	"requirements": [
		"titanium/120",
		"plastanium/50",
		"surge-alloy/50",
		"奇思妙想-量子晶体/150",
		"奇思妙想-一级建筑许可/2"
	],
	"category": "effect",
	"research": "mend-projector"
}