{
    "name": "相织力墙发生器",
    "type": "ForceProjector",
    "health": 2500,
    "size": 3,
    "radius": 450,
    "phaseUseTime": 150,
    "phaseRadiusBoost": 0.3,
    "itemCapacity": 20,
    "liquidCapacity": 300,
    "shieldHealth": 12000,
    "cooldownNormal": 4,
    "cooldownLiquid": 9,
    "cooldownBrokenBase": 4,
    "phaseShieldBoost": 1200,
    "consumes": {
        "power": 14.5,
        "items": {
            "items": [
                {
                    "item": "phase-fabric",
                    "amount": 1
                }
            ],
            "booster": true,
            "optional": true
        }
    },
    "requirements": [
        {
            "item": "copper",
            "amount": 350
        },
        {
            "item": "lead",
            "amount": 350
        },
        {
            "item": "silicon",
            "amount": 350
        },
        {
            "item": "titanium",
            "amount": 350
        },
        {
            "item": "phase-fabric",
            "amount": 325
        },
        {
            "item": "plastanium",
            "amount": 350
        }
    ],
    "category": "effect",
    "research": "force-projector"
}