{
	"name": "刃爪机甲工厂",
	"description": "生产辐射齐射炮部队",
	"type": "UnitFactory",
	"unitType": "刃爪",
	"size": 2,
	"health": 320,
	"produceTime": 2700,
	"maxSpawn":4,
	"consumes": {
		"power": 2.8,
		"items": {
			"items": [
				{"item": "钢", "amount": 20}
			{ "item": "钴", "amount": 45 }
				{ "item": "silicon", "amount": 40 }
			]
		}
	},
	"category": "units",
	"research": "僵尸机甲工厂",
	"requirements": [
        { "item": "钢","amount": 140 },
		{ "item": "钴", "amount": 350 }
		{ "item": "silicon", "amount": 220 }
        { "item": "graphite", "amount": 310 }
        { "item": "thorium", "amount": 160 }
	]
}
