{
	"type": "DoubleTurret",
	"name": "双重火神炮",
	"description": "双倍炮口，2.56倍射速！",
	"health": 5800,
	"size": 4,
	"reload": 0.46875,
	"range": 300,
	"shots": 1,
	"shotWidth":6.6
	"ammoUseEffect": "shellEjectSmall",
	"inaccuracy": 13,
	"rotatespeed": 5
	"maxAmmo":640
	"ammo": {
			"copper": {
			"speed": 8,
			"damage": 15,
			"bulletWidth": 9,
			"bulletHeight": 9,
			"ejectEffect": "shootBig",
			"smokeEffect": "shootSmallSmoke",
			"ammoMultiplier": 40,
			"keepVelocity":true,
			"lifetime": 42.5
		},
		"lead": {
			"speed": 8,
			"damage": 13,
			"bulletWidth": 9,
			"bulletHeight": 9,
			"ejectEffect": "shootBig",
			"smokeEffect": "shootSmallSmoke",
			"ammoMultiplier": 40,
			"keepVelocity":true,
			"lifetime": 42.5
		},
		"titanium": {
			"speed": 8,
			"damage": 20,
			"bulletWidth": 9,
			"bulletHeight": 9,
			"ejectEffect": "shootBig",
			"smokeEffect": "shootSmallSmoke",
			"ammoMultiplier": 40,
			"keepVelocity":true,
			"lifetime": 42.5
			},
			"thorium": {
			"speed": 8,
			"damage": 26,
			"bulletWidth": 9,
			"bulletHeight": 9,
			"ejectEffect": "shootBig",
			"smokeEffect": "shootSmallSmoke",
			"ammoMultiplier": 40,
			"keepVelocity":true,
			"lifetime": 42.5,
			},
			"铁": {
			"speed": 8,
			"damage": 18,
			"bulletWidth": 9,
			"bulletHeight": 9,
			"ejectEffect": "shootBig",
			"smokeEffect": "shootSmallSmoke",
			"ammoMultiplier": 40,
			"keepVelocity":true,
			"lifetime": 42.5,
			},
			"钢": {
			"speed": 6,
			"damage": 22,
			"bulletWidth": 9,
			"bulletHeight": 9,
			"ejectEffect": "shootBig",
			"smokeEffect": "shootSmallSmoke",
			"ammoMultiplier": 60,
			"keepVelocity":true,
			"lifetime": 42.5,
			},
			"复合钛": {
			"speed": 8,
			"damage": 30,
			"bulletWidth": 9,
			"bulletHeight": 9,
			"ejectEffect": "shootBig",
			"smokeEffect": "shootSmallSmoke",
			"ammoMultiplier": 60,
			"keepVelocity":true,
			"lifetime": 42.5,
			}
			"钨": {
			"speed": 8,
			"damage": 27,
			"bulletWidth": 9,
			"bulletHeight": 9,
			"ejectEffect": "shootBig",
			"smokeEffect": "shootSmallSmoke",
			"ammoMultiplier": 40
			"keepVelocity":true,
			"lifetime": 42.5,
			}
			"钨钢": {
			"speed": 8,
			"damage": 36,
			"bulletWidth": 9,
			"bulletHeight": 9,
			"ejectEffect": "shootBig",
			"smokeEffect": "shootSmallSmoke",
			"ammoMultiplier": 60,
			"keepVelocity":true,
			"lifetime": 42.5,
			}
	},
	"requirements": [
		{ "item": "钢", "amount": 400 },
		{ "item": "复合钛", "amount": 350 },
		{ "item": "钨钢", "amount": 250 }
		{ "item": "精炼硅", "amount": 350}
		{ "item": "surge-alloy", "amount": 280}
	],
	"category": "turret",
	"research": "火神炮"
}