{
	"name": "君主机甲工厂",
	"description": "生产近程作战辐射部队",
	"type": "UnitFactory",
	"unitType": "君主",
	"size": 3,
	"health": 500,
	"produceTime": 3600,
	"maxSpawn":4,
	"consumes": {
		"power": 4,
		"items": {
			"items": [
				{"item": "钢", "amount": 30}
				{ "item": "复合钛", "amount": 20 }
			{ "item": "钴", "amount": 75 }
			]
		}
	},
	"category": "units",
	"research": "刃爪机甲工厂",
	"requirements": [
        { "item": "钢","amount": 270 },
		{ "item": "钴", "amount": 500 }
		{ "item": "silicon", "amount": 320 }
        { "item": "graphite", "amount": 400 }
        { "item": "复合钛", "amount": 150 }
	]
}
