{
	"type": "ItemTurret",
	"name": "导弹发射器",
	"description": "大型火箭炮，发射重型导弹摧毁敌人。",
	"health": 3000,
	"size": 3,
	"reload": 300,
	"range": 400,
	"shots": 1,
	"shotWidth":2,
	"inaccuracy": 0,
	"rotatespeed": 3.5,
	"maxAmmo":8,
	"shootSound":"missile",
	"ammo": {
		"blast-compound": {
		"type":"MissileBulletType"
			"speed": 2,
			"damage":300,
			"splashDamage":600,
			"splashDamageRadius":56,
			"sounds":"missile",
			"bulletSprite":"繁星-导弹",
			"knockback":5,
			"homingPower":114514,
			"homingRange":999999,
			"bulletWidth": 14,
			"bulletHeight": 24,
			"trailEffect": "missileTrail",
			"backColor":"CD4F39",
			"smokeEffect": "shootSmallSmoke",
			"bulletShrink":0
			"hitEffect":"explosion"
			"despawnEffect":"explosion"
			"reloadMultiplier":1,
			"ammoMultiplier": 1,
			"keepVelocity":true,
			"lifetime": 600,
			"hitsize": 3,
		}
	},
	"requirements": [
		{ "item": "钢", "amount": 300 },
		{ "item": "钴", "amount": 450  },
		{ "item": "graphite", "amount": 450 },
		{ "item": "复合钛", "amount": 240 },
		{ "item": "钨钢", "amount": 200 }
	],
	"category": "turret",
	"research": "swarmer"
}
