{
	"type": "GenericSmelter"
	"name": "改进型硅冶炼厂",
	"description": "先进硅冶炼厂，使用氢而不是煤来冶炼硅。",
	"health": 550,
	"itemCapacity": 20,
	"outputItem": {"item": "silicon","amount": 2},
	"size": 3,
	"hasPower": true,
	"hasItems": true,
	"hasLiquid":true
	"craftTime": 40,
	"updateEffect": "smeltsmoke",
	"consumes": {
		"power": 3.5,
		"items": {
			"items": [
				{ "item": "sand", "amount": 3 }
					{"item": "氢", "amount": 1},
			]
		}
	},
	"requirements": [
		{ "item": "钢", "amount": 100 }
		{ "item": "复合钛", "amount": 80 }
		{ "item": "copper", "amount": 220 }
		{"item": "lead", "amount":220 },
			{"item": "silicon", "amount": 160},
	]
	"category": "crafting",
	"research": "silicon-smelter",
	"idleSound": "respawning",
	"idleSoundVolume": 0.5
}