{
	"name": "毒刺机甲工厂",
	"description": "生产辐射爆破部队",
	"type": "UnitFactory",
	"unitType": "毒刺",
	"size": 2,
	"health": 240,
	"produceTime": 720,
	"maxSpawn":6,
	"consumes": {
		"power": 1.67,
		"items": {
			"items": [
				{"item": "钢", "amount": 5}
				{ "item": "coal", "amount": 15 }
			]
		}
	},
	"category": "units",
	"research": "僵尸机甲工厂",
	"requirements": [
        { "item": "钢","amount": 70 },
		{ "item": "钴", "amount": 200 }
		{ "item": "silicon", "amount": 120 }
        { "item": "graphite", "amount": 170 }
	]
}
