{
	"type": "GenericCrafter",
	"name": "氦采集器",
	"description": "它会自动收集空气中的氦原子，并将它们装进特制的容器中",
	"itemCapacity": 15,
	"size": 1,
	"health":120,
	"hasItems": true,
	"craftTime": 360,
	"craftEffect": "pulverizeMedium",
	"outputItem": {"item": "氦", "amount": 1},
	"requirements": [
		{ "item":"copper","amount":50 },
		{ "item": "titanium", "amount": 15 },
		{ "item": "钴", "amount":25  }
		{ "item": "钢", "amount": 10 }
	],
	"category": "crafting",
	"research":"钢冶炼厂"
}
