{
	"type": "DoubleTurret",
	"name": "火神炮",
	"description": "它那疯狂的射击速度能撕裂一切。",
	"health": 3200,
	"size": 3,
	"reload": 1.2,
	"range": 264,
	"shots": 1,
	"shotWidth":2,
	"ammoUseEffect": "shellEjectSmall",
	"inaccuracy": 16,
	"rotatespeed": 5
	"maxAmmo":300
	"ammo": {
			"copper": {
			"speed": 6,
			"damage": 10
			"bulletWidth": 8,
			"bulletHeight": 8,
			"ejectEffect": "shootBig",
			"smokeEffect": "shootSmallSmoke",
				"reloadMultiplier":1.0,
			"ammoMultiplier": 30,
			"keepVelocity":true,
			"lifetime": 50
		},
		"lead": {
			"speed": 6,
			"damage": 12
			"bulletWidth": 8,
			"bulletHeight": 8,
			"ejectEffect": "shootBig",
			"smokeEffect": "shootSmallSmoke",
			"reloadMultiplier":1.2,
			"ammoMultiplier": 30,
			"keepVelocity":true,
			"lifetime": 50
		},
		"titanium": {
			"speed": 6,
			"damage": 15,
			"bulletWidth": 8,
			"bulletHeight": 8,
			"ejectEffect": "shootBig",
			"smokeEffect": "shootSmallSmoke",
			"reloadMultiplier":1.1,
			"ammoMultiplier": 30,
			"keepVelocity":true,
			"lifetime": 50
			},
			"thorium": {
			"speed": 6,
			"damage": 20,
			"bulletWidth": 8,
			"bulletHeight": 8,
			"ejectEffect": "shootBig",
			"smokeEffect": "shootSmallSmoke",
			"reloadMultiplier":1.25,
			"ammoMultiplier": 30,
			"keepVelocity":true,
			"lifetime": 50
			},
			"铁": {
			"speed": 6,
			"damage": 14,
			"bulletWidth": 8,
			"bulletHeight": 8,
			"ejectEffect": "shootBig",
			"smokeEffect": "shootSmallSmoke",
			"reloadMultiplier":1.0,
			"ammoMultiplier": 30,
			"keepVelocity":true,
			"lifetime": 50
			},
			"钢": {
			"speed": 6,
			"damage": 17,
			"bulletWidth": 8,
			"bulletHeight": 8,
			"ejectEffect": "shootBig",
			"smokeEffect": "shootSmallSmoke",
			"reloadMultiplier":1.05,
			"ammoMultiplier": 50,
			"keepVelocity":true,
			"lifetime": 50
			},
			"复合钛": {
			"speed": 6,
			"damage": 24,
			"bulletWidth": 8,
			"bulletHeight": 8,
			"ejectEffect": "shootBig",
			"smokeEffect": "shootSmallSmoke",
			"reloadMultiplier":1.15,
			"ammoMultiplier": 50,
			"keepVelocity":true,
			"lifetime": 50
			}
			"钨": {
			"speed": 6,
			"damage": 21,
			"bulletWidth": 8,
			"bulletHeight": 8,
			"ejectEffect": "shootBig",
			"smokeEffect": "shootSmallSmoke",
			"reloadMultiplier":1.1,
			"ammoMultiplier": 30
			"keepVelocity":true,
			"lifetime": 50
			}
			"钨钢": {
			"speed": 6,
			"damage": 28,
			"bulletWidth": 8,
			"bulletHeight": 8,
			"ejectEffect": "shootBig",
			"smokeEffect": "shootSmallSmoke",
			"reloadMultiplier":1.25,
			"ammoMultiplier": 50,
			"keepVelocity":true,
			"lifetime": 50
			}
	},
	"requirements": [
		{ "item": "钢", "amount": 180 },
		{ "item": "钴", "amount": 240  },
		{ "item": "复合钛", "amount": 140 },
		{ "item": "thorium", "amount": 180 }
	],
	"category": "turret",
	"research": "速射机枪"
}