{
	"type":"PowerTurret",
	"name":"特斯拉",
	"description":"以高频率发射电弧。",
	"size":2,
	"health":1450,
	"range":150,
	"reload":7.5,
	"inaccuracy":0,
	"shootSound":"laser",
	"rotatespeed":5,
	"coolantMultiplier":10,
	"shootEffect":"lancerLaserCharge",
	"powerUse":4,
	"shootType":"arc",
	"requirements": [
		{ "item":"钢","amount":80},
		{ "item":"钴","amount":100},
		{ "item":"silicon","amount":100},
		{ "item":"lead","amount":150}
		{ "item":"金","amount":40}
	],
	"category": "turret",
	"research": "arc",
}