{
	"type": "GenericCrafter"
	"name": "磁化仪",
	"description": "给钴附上强磁力，以让其变为永久磁体。",
	"health": 120,
	"itemCapacity": 20,
	"outputItem": {"item": "磁体","amount": 1},
	"size": 2,
	"hasPower": true,
	"hasItems": true,
	"craftTime": 60,
	"updateEffect": "smeltsmoke",
	"consumes": {
		"power": 1.5,
		"items": {
			"items": [
				{ "item": "钴", "amount": 1 }
			]
		}
	},
	"requirements": [
		{ "item": "钢", "amount": 60 }
		{ "item": "钴", "amount": 100 }
		{ "item": "复合钛", "amount": 40 }
		{"item": "lead", "amount":150 },
	]
	"category": "crafting",
	"research": "钢冶炼厂",
	"idleSound": "respawning",
	"idleSoundVolume": 0.5
}