{
	"type": "itemTurret",
	"name": "粒子加速器",
	"description": "转向慢，攻速慢，能射出带有巨大动能且飞行速度极快的子弹，",
	"health": 2800,
	"size": 3,
	"reload": 300,
	"range": 464,
	"shots": 1,
	"shootSound":"shootBig",
	"inaccuracy": 0,
	"rotatespeed": 1.5,
	"maxAmmo":5
	"ammo": {
			"钢": {
			"bulletSprite":"繁星-激光",
			"bulletShrink":0
			"speed": 16,
			"damage": 1200,
			"knockback":500
			"bulletWidth": 25,
			"bulletHeight": 25,
				"reloadMultiplier":1,
			"ammoMultiplier": 1,
			"keepVelocity":true,
			"lifetime": 35,
			"shootEffect": "bigShockwave",
		},
		"复合钛": {
		"type":"BasicBulletType"
		"bulletSprite":"繁星-激光",
 "backColor":"1e90ff",
 "frontColor":"abdbff",
 "bulletShrink":0
			"speed": 16,
			"damage": 1800,
			"knockback":800
			"bulletWidth": 25,
			"bulletHeight": 25,
			"reloadMultiplier":1,
			"ammoMultiplier": 1,
			"keepVelocity":true,
			"lifetime": 35,
			"shootEffect": "bigShockwave",
		},
		"钨钢": {
		"bulletSprite":"繁星-激光",
 "backColor":"f0ffba",
		"frontColor":"f0ffba",
 "bulletShrink":0
			"speed": 16,
			"damage": 2500,
			"knockback":1100
			"bulletWidth": 25,
			"bulletHeight": 25,
			"reloadMultiplier":1,
			"ammoMultiplier": 1,
			"keepVelocity":true,
			"lifetime": 35,
			"shootEffect": "bigShockwave",
			}
	},
	"requirements": [
		{ "item": "磁体", "amount":300 },
		{ "item": "钢", "amount": 300 },
		{ "item": "复合钛", "amount":240 },
		{ "item": "钨钢", "amount":150 },
	],
	"category": "turret",
	"research": "spectre"
}