{
	"name": "能量储蓄装置",
	"description": "可储存大量能量。",
	"type": "Battery",
	"hasPower": true,
	"consumesPower": true,
	"outputsPower": true,
	"health": 1200,
	"size": 2,
	"consumes":{
	"powerBuffered": 100000,
	}
	"requirements": [
		{ "item": "复合钛", "amount": 125 },
		{ "item": "钨", "amount": 80 },
		{"item": "电路板", "amount": 100 }
		{"item": "精炼硅", "amount":120 },
		{"item": "铪", "amount": 80},
	],
	"category": "power",
	"research": "大燃料电池"
}