{
	"type":"PowerTurret",
	"name":"质子鱼雷发射器",
	"description":"投射威力巨大但飞行速度慢的质子鱼雷。",
	"size":3,
	"health":1600,
	"range":304,
	"reload":180,
	"inaccuracy":0,
	"rotatespeed":4.5,
	"powerUse":10,
	"shootSound":"pew",
	"shootType":{
	"Bullet":"BasicBulletType"
		"sounds":"pew",
	"speed": 2,
	"lifetime": 168,
	"bulletSprite":"繁星-鱼雷",
 "backColor":"66CD00",
 "frontColor":"ffffff",
	"bulletWidth": 25,
	 "shootEffect": "shockwave",
			"smokeEffect": "none",
			"hitEffect":"bigShockwave"
			"despawnEffect":"bigShockwave"
	"bulletShrink":0,
		"bulletHeight": 25,
		"damage":120
		"splashDamage":550,
		"splashDamageRadius":48,
		"knockback":40
}
	"requirements": [
		{ "item":"钢","amount":180},
		{ "item": "复合钛", "amount":160 },
		{ "item":"精炼硅","amount":200},
		{ "item":"电路板","amount":160}
	],
	"category": "turret",
	"research": "自动炮",
}