{
	"type": "ItemTurret",
	"name": "迷你核弹发射器",
	"description": "发射迷你核弹，威力巨大。",
	"health": 7200,
	"size": 5,
	"reload": 480,
	"range": 600,
	"shots": 1,
	"shotWidth":2,
	"inaccuracy": 0,
	"rotatespeed": 3.5,
	"maxAmmo":5,
	"shootSound":"missile",
	"ammo": {
		"迷你铀核弹": {
		"type":"MissileBulletType"
			"speed": 3,
			"damage":2500,
			"splashDamage":10000,
			"splashDamageRadius":120,
			"sounds":"missile",
			"bulletSprite":"繁星-导弹",
			"knockback":5,
			"homingPower":114514,
			"homingRange":999999,
			"bulletWidth": 60,
			"bulletHeight": 60,
			"trailEffect": "missileTrail",
			"backColor":"43CD80",
			"frontColor":"FFFFFF"
			"smokeEffect": "none",
			"shootEffect":"nuclearShockwave"
			"bulletShrink":0
			"hitEffect":"explosion"
			"despawnEffect":"explosion"
			"reloadMultiplier":1,
			"ammoMultiplier": 1,
			"keepVelocity":true,
			"lifetime": 600,
			"hitsize": 3,
		}
	},
	"requirements": [
		{ "item": "钢", "amount": 1500 },
		{ "item": "复合钛", "amount": 1200 },
		{ "item": "钨钢", "amount": 1000 },
		{ "item": "铪", "amount":1200 },
		{"item": "surge-alloy", "amount":500 },
	],
	"category": "turret",
	"research": "导弹发射器"
}
