{
	"type": "itemTurret",
	"name": "速射机枪",
	"description": "以极快的速度向敌人倾泻弹药，但准头不怎么样",
	"health": 1600,
	"size": 2,
	"reload": 3,
	"range": 216,
	"shots": 1,
	"ammoUseEffect": "shellEjectSmall",
	"inaccuracy": 13
	"rotatespeed": 6,
	"maxAmmo":120
	"ammo": {
			"copper": {
			"speed": 5,
			"damage": 7,
			"bulletWidth": 6,
			"bulletHeight": 6,
			"shootEffect": "shootSmall",
			"smokeEffect": "shootSmallSmoke"
			"ammoMultiplier": 15,
			"keepVelocity":true,
			"lifetime": 48,
		},
		"lead": {
			"speed": 5,
			"damage": 8,
			"bulletWidth": 6,
			"bulletHeight": 6,
			"shootEffect": "shootSmall",
			"smokeEffect": "shootSmallSmoke",
			"reloadMultiplier":1.1,
			"ammoMultiplier": 15,
			"keepVelocity":true,
			"lifetime": 48,
		},
		"titanium": {
			"speed": 5,
			"damage": 9,
			"bulletWidth": 6,
			"bulletHeight": 6,
			"shootEffect": "shootSmall",
			"smokeEffect": "shootSmallSmoke",
			"reloadMultiplier":1.0,
			"ammoMultiplier": 15,
			"keepVelocity":true,
			"lifetime": 48
			},
			"thorium": {
			"speed": 5,
			"damage": 12,
			"bulletWidth": 6,
			"bulletHeight": 6,
			"shootEffect": "shootSmall",
			"smokeEffect": "shootSmallSmoke",
			"reloadMultiplier":1.1,
			"ammoMultiplier": 15,
			"keepVelocity":true,
			"lifetime": 48
			},
			"铁": {
			"speed": 5,
			"damage": 9,
			"bulletWidth": 6,
			"bulletHeight": 6,
			"shootEffect": "shootSmall",
			"smokeEffect": "shootSmallSmoke",
			"reloadMultiplier":0.9,
			"ammoMultiplier": 15,
			"keepVelocity":true,
			"lifetime": 48
			},
			"钢": {
			"speed": 5,
			"damage": 11,
			"bulletWidth": 6,
			"bulletHeight": 6,
			"shootEffect": "shootSmall",
			"smokeEffect": "shootSmallSmoke",
			"reloadMultiplier":0.9,
			"ammoMultiplier": 20,
			"keepVelocity":true,
			"lifetime": 48
			},
			"复合钛": {
			"speed": 5,
			"damage": 15,
			"bulletWidth": 6,
			"bulletHeight": 6,
			"shootEffect": "shootSmall",
			"smokeEffect": "shootSmallSmoke",
			"reloadMultiplier":1.1,
			"ammoMultiplier": 20,
			"keepVelocity":true,
			"lifetime": 48
			}
			"钨": {
			"speed": 5,
			"damage": 14,
			"bulletWidth": 6,
			"bulletHeight": 6,
			"shootEffect": "shootSmall",
			"smokeEffect": "shootSmallSmoke",
			"reloadMultiplier":1.0,
			"ammoMultiplier": 15,
			"keepVelocity":true,
			"lifetime": 48
			}
	},
	"requirements": [
		{ "item": "钢", "amount": 80 },
		{ "item": "钴", "amount": 120  },
		{ "item": "graphite", "amount": 80 },
		{ "item": "titanium", "amount": 100 },
	],
	"category": "turret",
	"research": "钢冶炼厂"
}