{
	"type": "GenericSmelter"
	"name": "钨钢冶炼厂",
	"description": "用高温锻烧钨和钴，就制成了钨钢这种高强度合金。",
	"health": 320,
	"itemCapacity": 20,
	"outputItem": {"item": "钨钢","amount": 2},
	"size": 2,
	"hasPower": true,
	"hasItems": true,
	"craftTime": 150,
	"updateEffect": "smeltsmoke",
	"consumes": {
		"power": 2.5,
		"items": {
			"items": [
				{ "item": "钨", "amount": 2 }
				{ "item": "钴", "amount": 3 }
			]
		}
	},
	"requirements": [
		{ "item": "钢", "amount": 200 }
		{ "item": "复合钛", "amount": 150 }
		{ "item": "plastanium", "amount": 150 }
		{ "item": "钨", "amount": 150 }
	]
	"category": "crafting",
	"research": "复合钛冶炼厂",
	"idleSound": "respawning",
	"idleSoundVolume": 0.5
}
