{
	"name": "长弓级护卫舰平台",
	"description": "将你的坐驾变成一艘改进型长弓级护卫舰",
	"type": "MechPad",
	"mech": "长弓级护卫舰2",
	"size": 4,
	"health":2000
	"consumes": {
		"power": 25
	},
	"category": "upgrade",
	"research": "长弓级护卫舰船坞",
	"requirements": [
  { "item": "钢","amount": 600 },
		{ "item": "复合钛", "amount": 520 }
		{ "item": "电路板", "amount": 450 }
  { "item": "精炼硅", "amount": 500 }
   { "item": "surge-alloy", "amount": 200}
	]
}
