{
	"type":"PowerTurret",
	"name":"防空激光炮",
	"description":"高效摧毁敌人的空军。",
	"size":2,
	"health":1500,
	"range":320,
	"reload":10,
	"inaccuracy":0,
	"targetGround":false,
	"rotatespeed":6,
	"powerUse":5,
	"shootSound":"pew",
	"shootType":{
	"type":"BasicBulletType"
		"sounds":"pew",
	"speed": 10,
	"lifetime": 36,
		"bulletSprite":"繁星-激光",
 "backColor":"1e90ff",
 "frontColor":"abdbff",
	"bulletWidth": 15,
	 "shootEffect": "shockwave",
			"smokeEffect": "none",
	"bulletShrink":0
			"bulletHeight": 15,
			"damage":100
}
	"requirements": [
		{ "item":"钢","amount":100},
		{ "item": "复合钛", "amount": 80}
		{ "item":"精炼硅","amount":120},
		{ "item":"电路板","amount":85}
	],
	"category": "turret",
	"research": "小型防空激光炮",
}