{
	"type": "itemTurret",
	"name": "霰弹炮",
	"description": "发射大量弹药，近距离使用效果更佳。",
	"health": 500,
	"size": 1,
	"reload": 60,
	"targetAir":false
	"range": 120,
	"shots": 15,
	"ammoUseEffect": "shellEjectSmall",
	"inaccuracy": 45,
	"rotatespeed": 5,
	"maxAmmo":60
	"ammo": {
			"copper": {
			"speed": 5,
			"damage": 8,
			"bulletWidth": 6,
			"bulletHeight": 6,
			"shootEffect": "shootSmall",
			"smokeEffect": "shootSmallSmoke",
				"reloadMultiplier":0.9,
			"ammoMultiplier": 15,
			"keepVelocity":true,
			"lifetime": 40,
			"hitsize": 3,
		},
		"lead": {
			"speed": 5,
			"damage": 7,
			"bulletWidth": 6,
			"bulletHeight": 6,
			"shootEffect": "shootSmall",
			"smokeEffect": "shootSmallSmoke",
			"reloadMultiplier":1.1,
			"ammoMultiplier": 15,
			"keepVelocity":true,
			"lifetime": 40,
			"hitsize": 3,
		},
		"titanium": {
			"speed": 5,
			"damage": 9,
			"bulletWidth": 6,
			"bulletHeight": 6,
			"shootEffect": "shootSmall",
			"smokeEffect": "shootSmallSmoke",
			"reloadMultiplier":1.0,
			"ammoMultiplier": 15,
			"keepVelocity":true,
			"lifetime": 40,
			"hitsize": 3,
			},
			"thorium": {
			"speed": 5,
			"damage": 12,
			"bulletWidth": 6,
			"bulletHeight": 6,
			"shootEffect": "shootSmall",
			"smokeEffect": "shootSmallSmoke",
			"reloadMultiplier":1.1,
			"ammoMultiplier": 15,
			"keepVelocity":true,
			"lifetime": 40,
			"hitsize": 3,
			},
			"铁": {
			"speed": 5,
			"damage": 9,
			"bulletWidth": 6,
			"bulletHeight": 6,
			"shootEffect": "shootSmall",
			"smokeEffect": "shootSmallSmoke",
			"reloadMultiplier":0.9,
			"ammoMultiplier": 15,
			"keepVelocity":true,
			"lifetime": 40,
			"hitsize": 3,
			},
			"钢": {
			"speed": 5,
			"damage": 11,
			"bulletWidth": 6,
			"bulletHeight": 6,
			"shootEffect": "shootSmall",
			"smokeEffect": "shootSmallSmoke",
			"reloadMultiplier":0.9,
			"ammoMultiplier": 20,
			"keepVelocity":true,
			"lifetime": 40,
			"hitsize": 3,
			},
			"复合钛": {
			"speed": 5,
			"damage": 15,
			"bulletWidth": 6,
			"bulletHeight": 6,
			"shootEffect": "shootSmall",
			"smokeEffect": "shootSmallSmoke",
			"reloadMultiplier":1.1,
			"ammoMultiplier": 20,
			"keepVelocity":true,
			"lifetime": 40,
			"hitsize": 3,
			}
			"钨": {
			"speed": 5,
			"damage": 14,
			"bulletWidth": 6,
			"bulletHeight": 6,
			"shootEffect": "shootSmall",
			"smokeEffect": "shootSmallSmoke",
			"reloadMultiplier":1.0,
			"ammoMultiplier": 15,
			"keepVelocity":true,
			"lifetime": 40,
			"hitsize": 3,
			}
	},
	"requirements": [
		{ "item": "铁", "amount": 50 },
		{ "item": "钴", "amount": 50  },
		{ "item": "graphite", "amount": 40 },
		{ "item": "titanium", "amount": 40 },
	],
	"category": "turret",
	"research": "氢采集器"
}