{
"type": "Battery",
    "name": "铍制电池",
    "category": "power",
    "description":"是哪个家伙说的E星没有电池，我做给他看。",
    "details":"我说这东西就是个智商税，你信吗？
    (真·description:
    由赛普罗传递到埃里克尔的技术，为了适应埃里克尔的严苟环境，铍制电池拥有大量得血量和厚重的装甲，可以用于应对各种情况，在必要时甚至可以直接接当做铍墙使用，这一切都得益于420工程技术的应用。
    )",
    "baseExplosiveness":15,
    "requirements": [
        "beryllium/32","graphite/23","silicon/10"
    ],
    	"powerProduction":1.15
    "consumes": {
        "powerBuffered": 155000,
    },
    "size":3,
    "health":5616,//130 * wallHealthMultiplier * 4;2080
    "research":"beam-node",
    "armored":32
}