{
	"type": "Separator",
	"name": "福利抽奖机",
	"description":"注：本建筑十分危险\n里面包含了全部奇点，还有物品源和液体源",
	"health":10,//血量
	"results":[
	"铜奇点/14","铅奇点/13","钢化玻璃奇点/9","石墨奇点/8","沙子奇点/12","煤炭奇点/11","钛奇点/9","钍奇点/8","废料奇点/11","硅奇点/7","塑钢奇点/6","相织布奇点/6","巨浪合金奇点/5","孢子荚奇点/8","爆炸混合物奇点/6","硫化物奇点/8","水奇点/7","矿渣奇点/7","石油奇点/6","冷冻液奇点/6","永恒奇点/4","便携创造节点/5","永恒奇点放置基座/4","电力源顶盖/3","电力源框架/3","便携电力源/3","源玻璃板/3","液体源框架/2","便携液体源/2","物品源框架/1","便携物品源/1",
    ]
    "size":2
	"itemCapacity":200,
	//"liquidCapacity":0,
	"spinnerspeed":5
	"craftTime":359.4,
	"consumes":{
	"items":{
          "items":[
	            "物液奇点/50"
	]
	}
	},
	"requirements":[
	             "物液奇点/120000",
	]
	"research": 
    {"parent":"永恒奇点"
	"requirements":[
	              "copper/24000000",
                  "lead/24000000",
                  "metaglass/24000000",
                  "graphite/24000000",
                  "sand/24000000",
                  "coal/24000000",
                  "titanium/24000000",
                  "thorium/24000000",
                  "scrap/24000000",
                  "silicon/24000000",
                  "plastanium/24000000",
                  "phase-fabric/24000000",
                  "surge-alloy/24000000",
                  "spore-pod/24000000",
                  "blast-compound/24000000",
                  "pyratite/24000000",
//3个源，研究需要30个源，一个源需要5个终点。一个终点需要16个物品奇点加4个液体奇点，液体不算在内。一个奇点需要10000的物品，那么30个源单个材料需要多少的物品         "/",
	],
	}
	//"buildVisibility": "sandboxOnly",
	"canOverdrive": false,
	"hasPower": false,
	"hasItems": true,
	"hasLiquids": false,
	"category": "effect",
	"updateEffect": "smeltsmoke",
	"destroyBullet": {
        "type": "BasicBulletType",
        "splashDamageRadius": 2147483647,
        "splashDamage": 2147483647,
        "makeFire": true,
        "hitEffect": {
            "type": "WaveEffect",
            "lifetime": 40,
            "sizeFrom": 100,
            "sizeTo": 40000,
            "strokeFrom": 30,
            "strokeTo": 0,
            "colorFrom": "EEC591",
            "colorTo": "ffffffff"
        },
        "despawnEffect": {
            "type": "ParticleEffect",
            "particles": 1,
            "sizeFrom": 400,
            "sizeTo": 0,
            "length": 0,
            "baseLength": 0,
            "lifetime": 100,
            "colorFrom": "EEC591",
            "colorTo": "ffffffff",
            "cone": 360
        },
        "trailColor": "FFFFFF",
        "backColor": "FF5B5BFF",
        "frontColor": "E3E3E3",
        "width": 0,
        "height": 0,
        "speed": 0,
        "lifetime": 2,
        "hitSound": "DBZ1"
    },
}
