{
"type": "flying",
"name": "淡霭",
"research": "破晓级单位重构工厂",
"health": 600,
"speed": 2.4,
"lowAltitude": true,
"flying": true,
"hitSize": 18,
"armor": 5,
"health": 600,
"itemCapacity": 30,
"ammoType": {
"type": "PowerAmmoType",
"totalPower": "2000",
}
"range": 160,
"boostMultiplier": 2.8,
"commandLimit": 8,
"rotateShooting": true,
"rotateSpeed": 3,
"weapons": [{
"y": 1,
"x": 0,
"reload": 90,
"ejectEffect": "casing1",
"shootSound": "artillery",
"bullet": {
"type":"ArtilleryBulletType",
"hitEffect":"plasticExplosionFlak",
"knockback": 0.8,
"lifetime": 100,
"speed": 2,
"width": 15,
"height": 15,
"collidesTiles": false,
"splashDamageRadius": 30,
"splashDamage": 120,
"backColor": "97F2FFAA",
"frontColor": "00A1FFAA",  
"fragBullets":2,
"fragBullet":
{
"type" :  "LightningBulletType",
"damage": 10,
"lightningLength": 3,
"collidesAir": false,
},},},
{
"y": 2,
"x": 4,
"name": "weapon1"
"shake": 3,
"shootY": 2,
"shootX": 0,
"reload": 10,
"shots":1,
"inaccuracy": 0,
"shotDelay": 0.5,
"spacing": 3,
"recoil": 2.5,
"occlusion": 2,
"width": 5,
"sideWidth": 1,
"sideLength": 5,
"sideAngle": 5,
"rotate": "true",
"mirror": true,
"bullet": {
"type": "MissileBulletType",
"width": 8,
"speed": 4,
"homingPower": 90,
"homingRange": 90,
"damage": 20,
"lifetime": 50,
"trailColor": "97F2FFAA",
"backColor": "00A1FFAA",
"frontColor": "97F2FFAA",
},},
{
"y": -5,
"x": 2,
"name": "weapon3"
"shake": 3,
"shootY": 2,
"shootX": 0,
"reload": 60,
"shots": 1,
"inaccuracy": 0,
"shotDelay": 0.5,
"spacing": 3,
"recoil": 2.5,
"occlusion": 2,
"width": 5,
"sideWidth": 1,
"sideLength": 1,
"sideAngle": 1,
"rotate": "true",
"mirror": true,
"bullet": {
"type": "LaserBulletType",
"damage": 20,
"sideAngle": 1,
"sideWidth": 1,
"sideLength": 1,
"width": 20,
"length": 200,
"collidesAir": true,
},},],}