{
"type": "flying",
"name": "霁云",
"research": "虚诡级单位重构工厂",
"description": "“雾”级T5型单位，高覆盖的火力，持久的续航以及高额的护甲一定会让敌人深陷绝望的浓雾。主炮配备的融毁激光击中敌人会短暂瘫痪其武器系统，使敌方成为手无缚鸡之力的小绵羊"
"health": 20000,
"speed": 1,
"rotateSpeed": 0.2,
"accel": 0.2,
"drag": 0.1,
"range": 280,
"ammoType": {
"type": "PowerAmmoType",
"totalPower": "10000",
},
"flying": true,
"hitSize": 74,
"lowAltitude": true,
"armor": 16,
"engineOffset": 12,
"engineSize": 3,
"weapons": [{
"shootY": 6.5,
"name": "weapon4",
"reload": 25,
"ejectEffect": "none",
"recoil": 2,
"rotate": true,
"shootSound": "sap",
"x": 16,
"y": 22,
"bullet": {
"type": "SapBulletType",
"buildingDamageMultiplier": 1.2,
"sapStrength": 1.8,
"length": 90,
"damage": 65,
"shootEffect": "shootSmall",
"hitColor": "76C5E7DD",
"color": "76C5E7DD",
"despawnEffect": "none",
"width": 0.8,
"lifetime": 40,
"knockback": -1.5,
},},
{
"shootY": 6.5,
"name": "weapon4",
"buildingDamageMultiplier": 1.2,
"reload": 20,
"ejectEffect": "none",
"recoil": 2,
"rotate": true,
"shootSound": "sap",
"x": 26,
"y": 18,
"bullet": {
"type": "SapBulletType",
"sapStrength": 1.5,
"length": 90,
"damage": 60,
"shootEffect": "shootSmall",
"hitColor": "76C5E7DD",
"color": "76C5E7DD",
"despawnEffect": "none",
"width": 0.8,
"lifetime": 40,
"knockback": -1.5,
},},
{
"type": "RepairBeamWeapon",
"name": "beam-weapon",
"x": 30,
"y": -24,
"shootY": 4.5,
"beamWidth": 1,
"mirror": true,
"repairSpeed": 1,
"bullet": {
"type": "BulletType",
"maxRange": 300,
},},
{
"mirror": false,
"name": "霁云-cannon",
"shake": 4,
"shootY": -8,
"x": 0,
"y": 0,
"firstShotDelay": 1,
"parentizeEffects": true,
"reload": 320,
"recoil": 4,
"rotateShooting": true,
"rotateSpeed": 0.8,
"rotate": true,
"chargeSound": "lasercharge2",
"shootSound": "beam",
"continuous": true,
"cooldownTime": 160,
"bullet": {
"type": "ContinuousLaserBulletType",
"damage": 120,
"width": 6,
"length": 280,
"buildingDamageMultiplier": 0.6,
"hitEffect": "hitMeltdown",
"hitColor": "meltdownHit",
"drawSize": 420,
"lifetime": 240,
"shake": 1,
"status": "disarmed",
"statusDuration": 20,
"despawnEffect": "smokeCloud",
"smokeEffect": "none",
"shootEffect": "shootBigSmoke2",
"incendChance": 0.1,
"incendSpread": 5,
"incendAmount": 1,
"shootStatus": "slow",
"shootStatusDuration": 160,
},},
{
"name": "霏烟-cannon",
"mirror": false,
"y": -4,
"x": 26,
"shootY": 10,
"mirror": true,
"rotateShooting": true,
"rotateSpeed": 1.4,
"rotate": true,
"reload": 16,
"recoil": 5,
"shake": 2,
"shots": 3,
"ejectEffect": "casing4",
"shootSound": "bang",
"bullet": {
"type": "BasicBulletType",
"buildingDamageMultiplier": 0.8,
"status": "freezing",
"damage": 40,
"pierce": true,
"pierceCap": 10,
"width": 24,
"height": 34,
"lifetime": 35,
"speed": 8,
"shootEffect": "shootBig",
"fragVelocityMin": 0.4,
"hitEffect": "blastExplosion",
"splashDamage": 20,
"splashDamageRadius": 12,
"lightning": 2,
"lightningLength": 6,
"lightningColor": "FFCF76EE",
"lightningDamage": 20,
"fragBullets": 1,
"fragLifeMin": 0,
"fragCone": 30,
"fragBullet": {
"type": "BasicBulletType",
"buildingDamageMultiplier": 0.8,
"status": "blasted",
"damage": 20,
"width": 12,
"height": 16,
"pierce": true,
"pierceBuilding": true,
"pierceCap": 3,
"lifetime": 45,
"speed": 2,
"hitEffect": "flakExplosion",
"splashDamage": 10,
"splashDamageRadius": 6,
"fragBullets": 2,
"fragLifeMin": 0,
"fragCone": 30,
"fragBullet": {
"type": "BasicBulletType",
"buildingDamageMultiplier": 0.8,
"status": "corroded",
"damage": 10,
"width": 6,
"height": 10,
"pierce": true,
"pierceBuilding": true,
"pierceCap": 2,
"lifetime": 60,
"speed": 1,
"hitEffect": "flakExplosion",
"splashDamage": 5,
"splashDamageRadius": 3,
},},},},],}