{
	"type": "PowerTurret",
	"name": "终末",
	"description":"可以发射出速度极快的毁灭性穿透子弹"
	"targetAir": true,
	"targetGround": true,
	"health": 1250,
	"size": 1,
	"heatColor": "turretHeat",
	"shootSound": "2",
	"shake": 0.25,
	"inaccuracy": 0,
	"recoil": 2,
	"shoot": {
		"type": "ShootAlternate",
		"barrels": 1,
		"spread": 2
	},
	"recoilTime": 10,
	"shootType": {
		"type": "BasicBulletType",
		"damage": 7500,
		"buildingDamageMultiplier": 0.01,
		"frontColor": "87CEEB",
		"backColor": "87CEEB",
		"width": 1,
		"height": 0,	   
		"trailLength": 1,
		"trailWidth": 1.3,
		"trailColor": "87CEEB",
		"pierce": true,
		"status": "freezing",
		"statusDuration": 500,
		"speed": 75,
		"lifetime": 750,
		"ammoMultiplier": 1,
		"hitEffect": {
			"type": "WaveEffect",
			"lifetime": 8,
			"sizeFrom": 0,
			"sizeTo": 8,
			"strokeFrom": 1,
			"strokeTo": 0,
			"colorFrom": "FFFFFF",
			"colorTo": "87CEEB"
		},
		"despawnEffect": {
			"type": "WaveEffect",
			"lifetime": 8,
			"sizeFrom": 0,
			"sizeTo": 8,
			"strokeFrom": 1,
			"strokeTo": 0,
			"colorFrom": "FFFFFF",
			"colorTo": "87CEEB"
		}
	},
	"shootEffect": {
		"type": "WaveEffect",
		"lifetime": 8,
		"sizeFrom": 0,
		"sizeTo": 8,
		"strokeFrom": 1,
		"strokeTo": 0,
		"colorFrom": "FFFFFF",
		"colorTo": "87CEEB"
	},
	"consumes": {
	"power": 0.5,
		"coolant": {
			"amount": 0.2,
			"optional": true
		}
	},
	"reload": 225,
	"rotateSpeed": 10,
	"range": 325,
	"category": "turret",
	"research": "毁灭",
	"requirements": [
		"次元锭/10",
		"silicon/25"
	]
	"research":"电能分配器",
}
/*星渊:太棒了，有了这个炮台，谁都不怕了，除了带盾且血量超厚的家伙。