{
   "immunities": [
      "生物毒性-1",
      "生物毒性-2",
      "生物毒性-3"
   ],
   "mineSpeed": 2.25,
   "accel": 10,
   "itemCapacity": 50,
   "buildSpeed": 1.25,
   "weapons": [
      {
         "name": "A枪",
         "reload":11,
         "x": 2.5,
         "y": 1.5,
         "rotate": false,
         "inaccuracy": 0,
         "shootSound": "pew",
         "alternate": true,
         "ejectEffect": "casing1",
         "bullet": {
            "buildingDamageMultiplier": 1.25,
            "damage": 6,
            "speed": 2.5,
            "lifetime": 60,
            "width": 7,
            "height": 10
         }
      }
   ]
}