{
   "immunities": [
      "生物毒性-1",
      "生物毒性-2",
      "生物毒性-3"
   ],
   "mineSpeed": 4.25,
   "accel": 10,
   "itemCapacity": 100,
   "buildSpeed": 1.75,
   "weapons": [
      {
         "name": "伽马1",
         "reload": 9,
         "x": -3.5,
         "y": 3.5,
         "rotate": false,
         "top": false,
         "inaccuracy": 0,
         "shootSound": "shoot",
         "alternate": true,
         "ejectEffect": "casing2",
         "shoot": {
            "shots": 3,
            "shotDelay": 3
         },
         "bullet": {
            "buildingDamageMultiplier": 1.75,
            "damage": 5,
            "speed": 5,
            "lifetime": 50,
            "width": 8,
            "height": 13,
            "homingRange": 80,
            "homingPower": 0.1
         }
      }
   ]
}