{
   "flying": true,
   "mineSpeed": 6,
   "mineTier": 100,
   "buildSpeed": 7,
   "drag": 0.5,
   "speed": 0.74,
   "rotateSpeed": 1.5,
   "accel": 1,
   "itemCapacity": 120,
   "health": 4600,
   "engineOffset": 10.58,
   "hitSize": 40,
   "lowAltitude": true,
   "engineSize": 7.65,
   "alwaysUnlocked": false,
   "research": {
      "parent": "霜熊,,",
      "requirements": [
         "qwe/620"
      ]
   },
   "weapons": [
      {
         "name": "岁月副炮",
         "top": true,
         "y": 8.56,
         "x": 5.25,
         "shootY": 8,
         "reload": 15,
         "recoil": 0.85,
         "shake": 0.5,
         "ejectEffect": "shockwave",
         "shootSound": "artillery",
         "inaccuracy": 0,
         "rotate": true,
         "bullet": {
            "type": "BasicBulletType",
            "width": 5,
            "height": 8,
            "lifetime": 30,
            "speed": 10,
            "damage": 50,
            "shootEffect": "shootBig",
            "lightning": 2,
            "lightningLength": 8,
            "lightningColor": "CD3E1B",
            "lightningDamage": 5
         }
      },
      {
         "name": "岁月副炮",
         "y": -1,
         "x": 7,
         "shootY": 8,
         "reload": 11,
         "recoil": 0.85,
         "shake": 0.5,
         "ejectEffect": "shockwave",
         "shootSound": "artillery",
         "inaccuracy": 0,
         "rotate": true,
         "bullet": {
            "type": "BasicBulletType",
            "width": 5,
            "height": 8,
            "damage": 50,
            "lifetime": 45,
            "speed": 10,
            "shootEffect": "shootBig",
            "lightning": 2,
            "lightningLength": 8,
            "lightningColor": "CD3E1B",
            "lightningDamage": 5
         }
      },
      {
         "name": "岁月副炮",
         "y": -8.85,
         "x": 8,
         "shootY": 8,
         "reload": 10,
         "recoil": 0.85,
         "shake": 0.5,
         "ejectEffect": "shockwave",
         "shootSound": "artillery",
         "inaccuracy": 0,
         "rotate": true,
         "bullet": {
            "type": "BasicBulletType",
            "width": 5,
            "height": 8,
            "damage": 50,
            "lifetime": 45,
            "speed": 10,
            "shootEffect": "shootBig",
            "lightning": 2,
            "lightningLength": 8,
            "lightningColor": "CD3E1B",
            "lightningDamage": 5
         }
      }
   ]
}