{
   "immunities": [
      "生物毒性-1",
      "生物毒性-2",
      "生物毒性-3"
   ],
   "flying": true,
   "isCounted": false,
   "mineSpeed": 3,
   "mineTier": 10,
   "buildSpeed": 3,
   "drag": 0.2,
   "speed": 0.98,
   "rotateSpeed": 2,
   "accel": 1,
   "itemCapacity": 280,
   "health": 3200,
   "engineOffset": 7,
   "hitSize": 40,
   "commandLimit": 100,
   "lowAltitude": true,
   "engineSize": 0.1,
   "research": {
      "parent": "基础单位构建工厂",
      "requirements": [
         "qwe/500"
      ]
   },
   "weapons": [
      {
         "name": "珍珠激光炮",
         "shake": 0.5,
         "shooY": 26,
         "shooX": 27,
         "x": 6.58,
         "y": 5.35,
         "rotateSpeed": 5,
         "reload": 35,
         "recoil": 0.2,
         "shootSound": "laser",
         "inaccuracy": 45,
         "occlusion": 1,
         "rotate": true,
         "width": 3,
         "shots": 2,
         "bullet": {
            "type": "LaserBulletType",
            "damage": 60,
            "sideAngle": 15,
            "sideWidth": 0.5,
            "sideLength": 40,
            "width": 15,
            "length": 300,
            "splashDamage": 60,
            "splashDamageRadius": 24,
            "shootEffect": "shockwave"
         }
      },
      {
         "name": "珍珠激光炮",
         "shake": 0.5,
         "shooY": 27,
         "x": -6.58,
         "y": -5.35,
         "rotateSpeed": 5,
         "reload": 45,
         "recoil": 0.2,
         "shootSound": "laser",
         "inaccuracy": 30,
         "occlusion": 2,
         "rotate": true,
         "width": 3,
         "shots": 2,
         "bullet": {
            "type": "LaserBulletType",
            "damage": 60,
            "sideAngle": 15,
            "sideWidth": 0.5,
            "sideLength": 40,
            "width": 15,
            "length": 300,
            "splashDamage": 60,
            "splashDamageRadius": 24,
            "shootEffect": "shockwave"
         }
      },
      {
         "name": "珍珠主炮",
         "shake": 0,
         "shooY": 0,
         "x": 0,
         "y": 0,
         "rotateSpeed": 5,
         "reload": 185,
         "recoil": 0.2,
         "shootSound": "冰晶射击",
         "inaccuracy": 0,
         "occlusion": 2,
         "rotate": true,
         "shots": 1,
         "mirror": false,
         "bullet": {
            "type": "ArtilleryBulletType",
            "hitEffect": "sapExplosion",
            "knockback": 0.5,
            "lifetime": 120,
            "width": 25,
            "height": 25,
            "collidesTiles": true,
            "collides": true,
            "ammoMultiplier": 2,
            "splashDamageRadius": 30,
            "speed": 2,
            "backColor": "C72626",
            "frontColor": "AB1C1C",
            "lightning": 3,
            "smokeEffect": "shootBigSmoke2",
            "hitShake": 0.2,
            "fragLifeMin": 0.1,
            "fragBullets": 6,
            "fragBullet": {
               "type": "LaserBulletType",
               "hitEffect": 0.1,
               "knockback": 0.2,
               "lifetime": 80,
               "width": 4,
               "height": 6,
               "splashDamage": 80,
               "splashDamageRadius": 24,
               "smokeEffect": "shootBigSmoke2",
               "hitShake": 3,
               "status": "sapped",
               "statusDuration": 60
            }
         }
      }
   ]
}