{
   "name": "耀辉",
   "description": "T2核心机,由beta爆改而来\n搭载两门智能小榴弹炮和一门需要玩家操控的能量榴弹炮",
   "immunities": [
      "生物毒性-1",
      "生物毒性-2",
      "生物毒性-3"
   ],
   "rotateSpeed": 2.5,
   "speed": 1.9,
   "hitSize": 9,
   "research": {
      "parent": "能量单位构建厂",
      "requirements": [
         "qwe/600"
      ]
   },
   "flying": true,
   "mineSpeed": 1.2,
   "mineTier": 4,
   "itemCapacity": 20,
   "buildSpeed": 2.3,
   "buildRange": 190,
   "buildBeamOffset": 16,
   "rippleScale": 1.5,
   "riseSpeed": 0.08,
   "fallSpeed": 0.018,
   "boostMultiplier": 1,
   "accel": 0.1,
   "drag": 0.09,
   "range": 40,
   "trailLength": 4.23,
   "trailColor": "99F8FFFF",
   "engineColor": "99F8FFFF",
   "circleTarget": true,
   "health": 1600,
   "weapons": [
      {
         "reload": 20,
         "name": "hxl",
         "shake": 0,
         "shooY": 0,
         "x": 3,
         "rotate": true,
         "rotateSpeed": 3,
         "y": 1,
         "recoil": 0.2,
         "shootSound": "laser",
         "inaccuracy": 0,
         "occlusion": 2,
         "mirron": true,
         "width": 3,
         "controllable": false,
         "autoTarget": true,
         "bullet": {
            "backColor": "74C2E8FF",
            "frontColor": "99F8FFFF",
            "type": "ArtilleryBulletType",
            "knockback": 0.8,
            "speed": 3,
            "lifetime": 60,
            "collidesGround": true,
            "collidesAir": true,
            "width": 8,
            "height": 8,
            "collidesTiles": false,
            "damage": 20,
            "hitEffect": "blastExplosion",
            "splashDamageRadius": 60,
            "splashDamage": 35,
            "lightningDamage": 25,
            "lightning": 2,
            "lightningLength": 1,
            "status": "shocked"
         }
      },
      {
         "reload": 50,
         "name": "none",
         "shake": 0,
         "shooY": 0,
         "x": 0,
         "y": 3,
         "recoil": 0.2,
         "shootSound": "laser",
         "inaccuracy": 0,
         "occlusion": 2,
         "rotate": false,
         "width": 3,
         "bullet": {
            "backColor": "74C2E8FF",
            "frontColor": "99F8FFFF",
            "type": "ArtilleryBulletType",
            "knockback": 0.8,
            "collidesGround": true,
            "collidesAir": true,
            "speed": 6,
            "lifetime": 35,
            "width": 12,
            "height": 12,
            "collidesTiles": false,
            "damage": 82,
            "hitEffect": "blastExplosion",
            "splashDamageRadius": 30,
            "splashDamage": 33,
            "lightningDamage": 39,
            "lightning": 3,
            "lightningLength": 3,
            "status": "shocked"
         }
      }
   ]
}