{
   "type": "flying",
   "controller": "MinerAI",
   "flying": true,
   "name": "采矿机",
   "description": "古代时期的采矿机,朴实无华。",
   "details": "来自计划融入时期的老古董,但是耐用",
   "hitSize": 15,
   "health": 300,
   "armor": 26,
   "speed": 3,
   "accel": 0.09,
   "mineWalls": false,
   "mineFloor": true,
   "mineHardnessScaling": true,
   "research": {
      "parent": "基础单位构建工厂",
      "requirements": [
         "qwe/800"
      ]
   },
   "mineItems": [
      "copper",
      "lead",
      "titanium",
      "thorium"
   ],
   "drag": 0.08,
   "rotateSpeed": 6,
   "itemCapacity": 80,
   "mineSpeed": 3,
   "mineTier": 114514,
   "canDrown": false,
   "buildSpeed": 0.5,
   "targetable": true,
   "hittable": true,
   "isEnemy": false,
   "weapons": [
      {
         "type": "RepairBeamWeapon",
         "widthSinMag": 0.11,
         "reload": 20,
         "x": 0,
         "y": 3,
         "rotate": false,
         "beamWidth": 0.7,
         "shootCone": 15,
         "mirror": true,
         "repairSpeed": 3,
         "fractionRepairSpeed": 0.03,
         "targetUnits": false,
         "targetBuildings": true,
         "autoTarget": false,
         "controllable": true,
         "laserColor": "FFD380FF",
         "healColor": "FFD380FF",
         "bullet": {
            "maxRange": 80
         }
      }
   ]
}