{
   "immunities": [
      "生物毒性-1",
      "生物毒性-2",
      "生物毒性-3"
   ],
   "flying": true,
   "isCounted": false,
   "mineSpeed": 10,
   "mineTier": 100,
   "buildSpeed": 9,
   "drag": 0.5,
   "speed": 1.3,
   "rotateSpeed": 1.4,
   "accel": 1,
   "itemCapacity": 150,
   "health": 4350,
   "engineOffset": 18,
   "hitSize": 45,
   "commandLimit": 80,
   "lowAltitude": true,
   "engineSize": 7.5,
   "rotate": true,
   "research": {
      "parent": "阴级单位构建工厂",
      "requirements": [
         "qwe/600"
      ]
   },
   "weapons": [
      {
         "name": "霜熊副炮",
         "shake": 0,
         "shooY": 26,
         "shooX": 27,
         "x": 15.0,
         "y": 4.0,
         "rotateSpeed": 5,
         "reload": 8,
         "recoil": 0.2,
         "shootSound": "laser",
         "inaccuracy": 45,
         "occlusion": 1,
         "rotate": true,
         "width": 3,
         "shots": 2,
         "bullet": {
            "type": "LightningBulletType",
            "lightningColor": "819EFF",
            "hitColor": "819EFF",
            "damage": 75,
            "lightningLength": 3,
            "lightningLengthRand": 65,
            "shootEffect": "shootHeal"
         }
      },
      {
         "name": "霜熊副炮",
         "shake": 0,
         "shooY": 27,
         "x": -15.0,
         "y": -6.0,
         "rotateSpeed": 5,
         "reload": 8,
         "recoil": 0.2,
         "shootSound": "laser",
         "inaccuracy": 30,
         "occlusion": 2,
         "rotate": true,
         "width": 3,
         "shots": 2,
         "bullet": {
            "type": "LightningBulletType",
            "lightningColor": "819EFF",
            "hitColor": "819EFF",
            "damage": 75,
            "lightningLength": 3,
            "lightningLengthRand": 65,
            "shootEffect": "shootHeal"
         }
      },
      {
         "name": "霜熊主炮",
         "shake": 1,
         "shooY": 0,
         "x": 8,
         "y": 3,
         "rotateSpeed": 5,
         "reload": 65,
         "recoil": 0.2,
         "shootSound": "激光枪",
         "inaccuracy": 15,
         "occlusion": 4,
         "rotate": true,
         "shots": 3,
         "mirror": true,
         "bullet": {
            "type": "LaserBulletType",
            "hitColor": "819EFF",
            "speed": 35,
            "lifetime": 15,
            "pierceEffect": "railHit",
            "updateEffect": "railTrail",
            "hitEffect": "massiveExplosion",
            "smokeEffect": "shootBig2",
            "damage": 150,
            "pierceDamageFactor": 10,
            "splashDamage": 140,
            "splashDamageRadius": 24
         }
      }
   ]
}