{
   "immunities": [
      "生物毒性-1",
      "生物毒性-2",
      "生物毒性-3"
   ],
   "name": "驱离",
   "description": "中小型直升机",
   "health": 900,
   "hitSize": 19,
   "rotateSpeed": 4,
   "buildSpeed": 0,
   "type": "flying",
   "flying": true,
   "speed": 2.2,
   "lowAltitude": true,
   "engineSize": 0,
   "engineOffset": 0,
   "armor": 7,
   "research": {
      "parent": "驱逐",
      "requirements": [
         "qwe/16000"
      ]
   },
   "targetFlags": [
      "factory",
      "generator"
   ],
   "weapons": [
      {
         "name": "none",
         "mirror": true,
         "y": 1,
         "x": 2,
         "top": false,
         "shoot": {
            "shots": 5,
            "shotDelay": 10
         },
         "reload": 55,
         "recoil": 0.75,
         "shake": 0,
         "shootSound": "shoot",
         "rotate": false,
         "alternate": true,
         "bullet": {
            "type": "BasicBulletType",
            "damage": 24,
            "buildingDamageMultiplier": 0.5,
            "smokeEffect": "shootSmallSmoke",
            "spin": 15,
            "shrinkY": 0,
            "shrinkX": 0,
            "homingDelay": 12,
            "homingRange": 40,
            "homingPower": 0.2,
            "speed": 6,
            "lifetime": 39,
            "width": 10,
            "height": 12,
            "ammoMultiplier": 2,
            "backColor": "fdb933",
            "frontColor": "d5c59f",
            "shootEffect": "shootSmall"
         }
      },
      {
         "name": "none",
         "mirror": true,
         "x": 3,
         "y": 3,
         "reload": 40,
         "shootSound": "missile",
         "inaccuracy": 50,
         "shoot": {
            "shots": 2,
            "shotDelay": 6
         },
         "bullet": {
            "type": "MissileBulletType",
            "buildingDamageMultiplier": 1.25,
            "damage": 8,
            "splashDamageRadius": 10,
            "splashDamage": 13,
            "homingRange": 40,
            "homingPower": 0.06,
            "hitEffect": "blastExplosion",
            "despawnEffect": "explosion",
            "width": 8,
            "height": 9,
            "speed": 6,
            "lifetime": 42,
            "status": "burning",
            "statusDuration": 150
         }
      }
   ]
}