{
   "immunities": [
      "生物毒性-1",
      "生物毒性-2",
      "生物毒性-3"
   ],
   "research": {
      "parent": "基础单位构建工厂",
      "requirements": [
         "qwe/800"
      ]
   },
   "name": "驱逐",
   "description": "小型直升机",
   "health": 600,
   "hitSize": 15,
   "rotateSpeed": 3,
   "buildSpeed": 0,
   "type": "flying",
   "flying": true,
   "speed": 2.2,
   "lowAltitude": true,
   "engineSize": 0,
   "engineOffset": 0,
   "armor": 5,
   "targetFlags": [
      "factory",
      "generator"
   ],
   "weapons": [
      {
         "name": "none",
         "mirror": true,
         "y": 1,
         "x": 2,
         "top": false,
         "shoot": {
            "shots": 3,
            "shotDelay": 10
         },
         "reload": 45,
         "recoil": 0.75,
         "shake": 0,
         "shootSound": "shoot",
         "rotate": false,
         "alternate": false,
         "bullet": {
            "type": "BasicBulletType",
            "damage": 24,
            "buildingDamageMultiplier": 0.5,
            "smokeEffect": "shootSmallSmoke",
            "spin": 10,
            "shrinkY": 0,
            "shrinkX": 0,
            "pierce": true,
            "pierceCap": 3,
            "pierceBuilding": true,
            "homingDelay": 12,
            "homingRange": 40,
            "homingPower": 0.2,
            "speed": 5,
            "lifetime": 30,
            "width": 8,
            "height": 10,
            "ammoMultiplier": 2,
            "backColor": "fdb933",
            "frontColor": "d5c59f",
            "shootEffect": "shootSmall"
         }
      }
   ]
}