{
	"type":"ExtendingItemBridge",
	"name":"自织物传送桥",
	"description":"利用自织物制造的传送桥，比相织物的传送距离更长，但消耗更多电力。",
	"requirements": [
		{"item":"self-fabric","amount":5},
		{"item":"phase-fabric","amount":10},
		{"item":"brass","amount":15}
	],
	"consumes":{
		"power":0.5
	},
	"category":"distribution",
	"research": "phase-conveyor",
	"range":15,
	"transportTime":1,
	"itemCapacity":50,
	"hasItems":true,
	"hasPower":false,
	"health":120,
	"size":1
}