{
    "name":"泵取仪"
    "health":1000
    "hasLiquids": true,
    "hasPower": false,//有电
	"outputsPower": false,//输出电力
	"consumesPower": false,//消耗电力

    "requirements":
	[
	"魔晶/3"
	]
	"size": 1
	"squareSprite": false,
	"drawer":{
         "type": "DrawMulti",
         "drawers":[
         {"type": "DrawRegion",
		"suffix": "-bottom"
		},
         "DrawDefault",
         "DrawPumpLiquid",
		]
	}
	"category": "liquid",
	"liquidCapacity":60,
	"pumpAmount":0.15
"research": {
	"parent": "魔能之核"//科技树前置
	"requirements": [//研究花费
	"魔晶/0"
	]	}
	"type":"Pump"
}