{
"type":"payload",
"name":"转轴",
"description":"保护战线据点，具有建造能力。",
"details":"也有辉煌的那刻；",
"speed":2.6666666666,//速度
"accel":0.05,//加速度
"drag":0.05,//拖曳
"isEnemy":true,//被计算敌人
"ammoCapacity":0,//弹药容量
"hitSize":12,//尺寸
"mineTier":2,//挖掘力度
"mineSpeed":2.5,//挖掘速度
"buildSpeed":0.5,//建筑速度
"flying":true,//是否是飞行单位
"health":280,//生命
"armor":2,//护甲
"payloadCapacity":256,//载荷搬运
"lowAltitude":true,//特效相关
"engineOffset":5,//发电机补偿
"itemCapacity":40,//背包容量
"abilities":[
{"type":"RepairFieldAbility",
"amount":10,
"reload":480,
"range":50,}
{"type":"ForceFieldAbility",
"radius":30,
"regen":0.12,
"max":140,
"cooldown":240,}]

"weapons":[

{"name":"齿轮副炮",//名称
"x":0,"y":3,
"shootY":8,
"reload":12,//装弹时间
"recoil":0,
"top":false,
"mirror":false
"rotate":false,
"layerOffset":-1,
"alternate":false,
"shootSound":"pew",
"shoot":{"shots":1,},
"bullet":{
"type":"BasicBulletType",//基础子弹
"ammoMultiplier":1,//每个物品能够
"width":3,//子弹宽
"height":6,//子弹长
"lifetime":17,//存在时间，帧
"speed":5,//初速度
"damage":10,//伤害
"reflectable":false,//被反弹
"pierce":true,//穿透
"pierceBuilding":false,//穿透建筑
"pierceCap":1,/*穿数*/
"healPercent":1,//治疗百分比
"collidesTeam":true,//碰撞团队
"trailColor":"FFD37F",//拖尾颜色
"trailWidth":0.75,//拖尾宽度
"trailLength":2.5,//拖尾长度
"shootEffect":"shootSmall",
"smokeEffect":"shootSmallSmoke",
}}

]

}