{
    "type": "payload",
    "name": "齿轮",
    "description": "保护战线据点，具有建造能力。",
    "details": "哪怕再渺小的齿轮；",
    "research":"护卫机工厂",
    "controller": "BuilderAI",
    "speed": 2.6666666666,
    "accel": 0.05,
    "drag": 0.05,
    "isEnemy": false,
    "ammoCapacity": 0,
    "hitSize": 8,
    "mineTier": 1,
    "mineSpeed": 1.25,
    "buildSpeed": 0.25,
    "flying": true,
    "health": 70,
    "armor": 0,
    "payloadCapacity": 64,
    "lowAltitude": true,
    "engineOffset": 5,
    "itemCapacity": 30,
    "abilities": [
        {
            "type": "RepairFieldAbility",
            "amount": 5,
            "reload": 480,
            "range": 50
        },
        {
            "type": "ForceFieldAbility",
            "radius": 30,
            "regen": 0.06,
            "max": 70,
            "cooldown": 240
        }
    ]
}