{
    "type":"NuclearReactor"
    "name": "T3钍反应堆",
    "description": "高级的大型钍反应堆 以较快的速度消耗钍 生成大量能量 爆炸时造成小范围伤害 反应时最少一个冷却液工厂
“RTG？不要也罢”",
    "size": 5,
    "consumes": {
		"liquid":{"liquid":"cryofluid","amount":0.1},
        "items": {
            "items": [
                {"item": "thorium","amount": 2}
            ]
        }
    },
    "requirements": [
        {"item": "lead","amount": 600},
        {"item": "silicon","amount": 550},
        {"item": "graphite","amount": 450},
        {"item": "thorium","amount":350},
	{"item":"metaglass","amount":250}
        {"item": "phase-fabric","amount": 65},
	{"item":"plastanium","amount":30}
    ],
    "health":2650,
	"liquidCapacity":100,
    "powerProduction":96,
    "itemDuration":90,
    "itemCapacity":100,
	"canOverdrive":false,
    "hasItems": true,
	"heating":0.0075,
	"smokeThreshold":0.4,
	"flashThreshold":0.6,
	"ambientSound":"hum",
    "ambientSoundVolume":0.14,
	"research":"thorium-reactor"
	"explosionRadius":750,
	"explosionDamage":6700,
	"baseExplosiveness":2500,
    "category": "power"
}