{
	"type": "ImpactReactor",
	"name": "究级聚变发电机",
	"description": "电解冷冻液，并用氢气聚变发电。不可加速，毕竟，你要是加速核聚变不就是核弹了吗。。。",
	"health": 3200,
	"size": 4,
	"buildCostMultiplier": 0.8,
	"hasPower": true,
	"canOverdrive":false
	"hasLiquid": true,
	"consumes": {
		"power": 60,
		"liquid": {
			"liquid": "cryofluid","amount": 96}
		"items": {
			"item": "thorium","amount": 10}
	},
    "requirements": [
    { "item": "thorium", "amount": 5000 },
		{ "item": "plastanium", "amount": 6000 },
		{ "item": "silicon", "amount": 6000 },
		{ "item": "graphite", "amount": 6000 },
		{ "item": "titanium", "amount": 500000 },
		{ "item": "copper", "amount": 10000 },
		{ "item": "lead", "amount": 10000 }, 
		{"item":"phase-fabric","amount":4000},
		{ "item": "surge-alloy", "amount": 4000}
	],
	"category": "power",
	"research": "超级冷冻机",
	"liquidCapacity": 140000, 
	"plasmas": 1,
	"itemDuration": 60,
	"warmupSpeed": 0.001, //启动时间。越小越长
	"explosionRadius": 30, 
	"explosionDamage": 2000000, 
	"powerProduction": 6000000, 
}