{
	"type": "GenericCrafter",
	"name": "热生合金",
	"description": "热繁殖（确信）",
	"details":""
	"outputItems":["surge-alloy/10",]//产出
	"size": 2,//建筑大小
	"health":825,//血量
	"craftTime":480,//÷60
	"itemCapacity":1000,//容量
	"consumes": {
    "items":{
          "items":[
	            "surge-alloy/1",
	]
	}
	}
    "requirements":[
                "beryllium/150"
                "graphite/280"
                "silicon/300"
	],//建造材料
	"buildCostMultiplier":0.0001,
    "category": "crafting",
	"research":"surge-crucible",
	"updateEffect": "fuelburn",//更新，随机特效
	"craftEffect": "unitPickup",//工作特效
	"canOverdrive": true,
	"hasPower": false,
	"hasLiquids": false,
	"hasItems": true,
	"update":true
}