{
	"type": "flying",
	"name": "魔域",
	"speed": 0.6,
	"drag": 0.05,
	"accel": 0.1,
	"rotateSpeed": 2,
	"ammoType": {
		"type": "PowerAmmoType",
		"totalPower": 800
	},
	"ammoCapacity": 360,
	"hitSize": 50,
	"flying": true,
	"faceTarget": true,
	"drawMinimap": false,
	"health": 48000,
	"armor": 3,
	"engineOffset": 0,
	"engineSize": 0,
	"itemCapacity": 100,
	"research": {
		"parent": "空5",
		"objectives": [
			{
				"type": "SectorComplete",
				"preset": "impact0078"
			}
		]
	},
		"weapons": [
		{
			"name": "none",
			"x": 15,
			"y": 0,
			"reload": 1,
			"top": false,
			"rotate": false,
			"alternate": false,
			    "bullet": {
				"sprite": "circle-bullet",
				"shrinkY": 0,
				"frontColor": "FFFFFF",
				"backColor": "FFAA00FF",
				"shootEffect": "none",
				"smokeEffect": "none",
				"damage": 20,
				"width": 4,
				"height": 8,
				"speed": 8,
				"lifetime": 65
			}
		},
		{
			"name": "none",
			"reload": 700,
			"x": 0,
			"y": 0,
			"shoot": {
				"shots": 40,
				"shotDelay": 5,
				"type": "ShootBarrel",
				"barrels": [
					-5,-8,67.5,
					5,-8,-67.5,
				]},
			"top": false,
			"rotate": false,
			"inaccuracy": -1,
			"shootCone": 60,
			"alternate": true,
			"shootSound": "missileLaunch",
			"shake": 5,
			"bullet": {
				"keepVelocity": false,
				"speed": 0,
				"shootEffect": "none",
				"smokeEffect": "shootSmallFlame",
				"spawnUnit": "导弹.中"
			},
			},
		{
			"name": "none",
			"x": 30,
			"y": 0,
			"reload": 1,
			"top": false,
			"rotate": false,
			"alternate": false,
			    "bullet": {
				"sprite": "circle-bullet",
				"shrinkY": 0,
				"frontColor": "FFFFFF",
				"backColor": "FFAA00FF",
				"shootEffect": "none",
				"smokeEffect": "none",
				"damage": 20,
				"width": 4,
				"height": 8,
				"speed": 8,
				"lifetime": 60
		},
		}
	]
}