{
	"type": "tank",
	"name": "虎座",
	"description": "向附近敌人发射巨大口径子弹。",
	"details": "[red]击破敌人的装甲！",
	"squareShape": true,
	"mass": 25
	"omniMovement": false,
	"rotateMoveFirst": false,
	"rotateSpeed": 1,
	"speed": 0.4,
	"hitSize": 80,
	"ammoCapacity": 300,
	"health": 48000,
	"armor": 8,
	"drag": 0.08,
	"accel": 0.1,
	"itemCapacity": 5,
	"treadPullOffset": 4,
	"treadFrames":32,
	"treadRects": [
		{
			"x": 16,
			"y": 2.75,
			"width": 2,
			"height": 4.5
		},
		{
			"x": 16,
			"y": -4.5,
			"width": 2,
			"height": 4.5
		}
	],
	"faceTarget": false,
	"research": {
		"parent": "陆5",
		"objectives": [
			{
				"type": "SectorComplete",
				"preset": "impact0078"
			}
		]
	},
	"weapons": [    
		{
			"name": "半火",
			"reload": 25,
			"recoil": 0,
			"x": 0,
			"y": -5,
			"shootY":40,
			"shootX":10,
			"rotate": true,
			"rotateSpeed": 1.5,
			"top":true
			"mirror": true,
			"inaccuracy": 0.5,
			"ejectEffect": "casing4",
			"shootSound": "missileLarge",
			"alternate": true,
			"parts": [
				{
					"type": "RegionPart",
					"mirror": false,
					"x": 0,
					"y": 0,
					"suffix": "-管",
					"progress": "warmup",
					"heatProgress": "recoil",
					"under": true,
					"top": true,
					"moveY": 0,
					"moves":[
						{"progress":"recoil",
						"y":-5}
					]
					}
				{
					"type": "RegionPart",
					"mirror": false,
					"x": 0,
					"y": 0,
					"suffix": "-管",
					"progress": "warmup",
					"heatProgress": "recoil",
					"heatColor": "00000000"
					"under": true,
					"top": true,
					"moveY": 0,
					"moves":[
						{"progress":"recoil",
						"y":-5}
						]
				}
			],
			"bullet": {
				"damage": 300,
				"splashDamage": 60,
				"splashDamageRadius": 100,
				"speed": 25,
				"buildingDamageMultiplier": 0.9,
				"lifetime": 20,
				"width": 9,
				"height": 20
				"pierce": true,
				"pierceArmor": true,
				"pierceBuilding": true,
				"pierceCap": 5
                "frontColor": "FFFFFF",
				"backColor": "FFA566FF",
				"trailColor": "FFA566FF",
				"trailRotation": true,
				"trailLength": 2,
                "trailWidth": 3,
                "hitEffect": {
			"type": "MultiEffect",
			"effects": [
		{
		"type": "ParticleEffect",
		"particles": 4,
		"sizeFrom": 10,
		"sizeTo": 0,
		"length": 100,
		"baseLength": 35,
		"lifetime": 100,
		"colorFrom": "CF6A53FF",
		"colorTo": "ffffff",
		"cone": 360
				},
			{
		"type": "ParticleEffect",
		"particles": 3,
		"sizeFrom": 6,
		"sizeTo": 0,
		"length": 100,
		"baseLength": 65,
		"lifetime": 50,
		"colorFrom": "ffffff",
		"colorTo": "ffffff",
		"cone": 360
				},		
			]}
		}
		}
	]
}