{
    "name":"A号工厂", 
	"description": "把A系单位升级成B系单位",
	"type": "Reconstructor",
	"health":500,
	"size": 3,
	"itemCapacity":60,
	"constructTime":600,
	"consumes": {
		"power": 3.5,
		"items": {
			"items": [
                { "item": "silicon", "amount": 50 }
				{ "item": "钢铁", "amount": 50 }
                { "item": "生物塑料", "amount": 40 }
                { "item": "复合电路板", "amount": 40 }

			]
		}
	},
		"upgrades":[
		["A-001","B-001"],
		["A-002","B-002"]
		["AFB-001","AFB-002"]
    ],
	"requirements": [
    {"item": "钢铁", "amount": 100}
    {"item": "titanium", "amount": 150}
    {"item": "silicon", "amount": 180}
    {"item": "钛合金", "amount": 30}
  
]
"category": "units"
"research": "二号工厂"
"alwaysUnlocked": false,
  }