{
    "name":"低阶空军制造厂", 
	"type": "UnitFactory",
	"description":"用来建造A系单位，不过是一级的,相比于你的手工作坊来说，TA很快而且更高效", 
	"size": 3,
    "health":300,
	"requirements": [

		{"item": "titanium", "amount": 100}
        {"item": "钢铁", "amount": 50}
		{"item": "silicon", "amount": 80}
	],
	"plans": [

		{
			"unit": "A-001",
			"requirements": [

			{"item": "钢铁", "amount": 20}
			{"item": "silicon", "amount": 20}
			],
			"time": 500,
		}
	    {
			"unit": "A-002",
			"requirements": [

			{"item": "钢铁", "amount": 30}
			{"item": "silicon", "amount": 20}
			],
			"time": 500,
		}
	],
	
	"consumes": {
		"power": 6,
	},
	
	"category": "units",
	"research": "低效单位工厂"
	"alwaysUnlocked": false,
}