{
    "name":"高阶空军制造厂", 
	"type": "UnitFactory",
	"description":"用来建造A系单位，不过是二级的,相比于你的一号工厂来说，TA更快而且更高效", 
	"size": 3,
    "health":500,
	"requirements": [

		{"item": "titanium", "amount": 100}
        {"item": "钢铁", "amount": 50}
		{"item": "silicon", "amount": 80}
		{"item": "钛合金", "amount": 50}
	],
	"plans": [

		{
			"unit": "A-001",
			"requirements": [

			{"item": "钢铁", "amount": 15}
			{"item": "silicon", "amount": 15}
			],
			"time": 400,
		}
	    {
			"unit": "A-002",
			"requirements": [

			{"item": "钢铁", "amount": 20}
			{"item": "silicon", "amount": 15}
			],
			"time": 400,
		}
	    {
			"unit": "A-001(T)",
			"requirements": [
	        {"item": "高压玻璃", "amount": 10}
			{"item": "钢铁", "amount": 50}
			{"item": "silicon", "amount": 20}
			],
			"time": 550,
		}
	],
	
	"consumes": {
		"power": 6,
	},
	
	"category": "units",
	"research": "一号工厂"
	"alwaysUnlocked": false,
}