{
    "name":"拆包机", 
	"type": "UnitFactory",
	"description":"把你的单位包变成一个单位", 
	"size": 3,
    "health":300,
	"requirements": [
        {"item": "钢铁", "amount": 50}
		{"item": "silicon", "amount": 80}
	],
	"plans": [
		{
			"unit": "A-001(T)",
			"requirements": [
			{"item": "A-001(T)单位包", "amount": 1}
			],
			"time": 50,
		}	
		{
			"unit": "GA-001",
			"requirements": [
			{"item": "GA-001单位包", "amount": 1}
			],
			"time": 50,
		}	
	],
	
	"consumes": {
		"power": 6,
	},
	
	"category": "units",
	"research": "一号工厂"
	"alwaysUnlocked": false,
}