{
      "name":"压缩液体储液罐",
      "description": "压缩的蓄液罐",
      "size":3,
      "health":5000,
      "liquidCapacity":10000,
      "requirements": [
		{"item": "Mg-Al", "amount": 130},
		{"item": "ghbl", "amount": 80},
		{"item": "C60", "amount": 10},
		{"item":"普通科技点","amount":540}
	],
	"category": "liquid",
	"research":{
	"parent":"ytdg2",
    "requirements":[
		{"item": "Mg-Al", "amount": 1300},
		{"item": "ghbl", "amount": 800},
		{"item": "C60", "amount": 100}
	]}
}