{
	"type": "mech",//类型
	"name": "切割",//名字
	"description":"基础突击型步战机甲，能高速接近敌人并使用双刃劈砍单一目标，造成高额伤害。",//介绍
	"details":"你们这是，自寻死路！"
	"research": {
	"parent": "h3-重械单位工厂"//科技树前置
	"objectives":[
	{
	"type": "SectorComplete",//占领地图
	"preset":"野性之心-风砂峡谷"//地图名
	},
	]
	},
	"health": 200,//血量
	"armor":1,//防御
	"speed":1,//速度
	"hitSize":15,
	"itemCapacity":20,//物品容量
	"range":50
	"weapons": [//武器
		{"name": "切割武器",//武器贴图
		"parts":[
{"type":"RegionPart",
"mirror":false,//是否镜像显示
"x":0,"y":0,//起始位置
"top":true,
"suffix":"-右","layer":60,"moveX":-3,"moveY":9,
"moveRot":70,//移动度数
"progress":"recoil"
}
],
		"mirror":true
		"reload":40,//攻速
		"x":7,"y":0,//位置
		"shootX":-7
		"shootY":4
		"top": false,//旋转
		"ejectEffect": "none",//攻击特效
		"shootSound" : "blaster",
		"shootStatusDuration":60,
        "shootStatus":"speed",
        "parentizeEffects":true,
		"bullet": {//子弹
			"type": "BasicBulletType",//类型
			"sprite":"野性之心-moon",//子弹贴图
		"shootEffect":"none"
        "smokeEffect":"none"
		"collidesAir": false,//碰撞飞机
		"drag":0.05,//子弹每帧减速。
			"inaccuracy":0,//不准确度
			"damage":33,//单体伤害
			"speed":4,//速度
			"width":20,"height":20,//宽长度
			"lifetime":20,//存在时间
			"backColor":"FFDF2BFF",
			//子弹边缘颜色
			"frontColor":"FFF5BFFF",
			//子弹中心颜色
	"despawnEffect":"none",
	"hitEffect":{
  	"type":"multiEffect",
"effects":[
{"type":"ParticleEffect",
"region": "野性之心-star2",//贴图
"lifetime": 36,"offsetX":0,
"colorFrom":"FFF5BFFF",//开始时颜色
"colorTo":"FFF5BFFF50",//结束时颜色
"particles":1,//粒子数量
"randLength":true,//兰德长度？
"cone":360,//粒子扩散角度
"length":0,//粒子移动长度
"baseLength":0,//粒子在一定长度内出现
"useRotation":true,//使用旋转
//"line":true,//形状为方形
"sizeFrom":16,//圆形从开始大小//粒子大小？？
"sizeTo":0,//圆形至结尾大小
}
]}
}
}]
}