{
	"type": "mech",//类型
	"name": "屠戮",//名字
	"description":"三级突击机甲，能发射穿透性的锯片，持续切割敌人并在结束时释放闪电。",//介绍
	"details":"一定要把你们全都图图了。"
	"research": {
	"parent": "2-斩杀"//科技树前置
	"objectives":[
	{
	"type": "SectorComplete",//占领地图
	"preset":"野性之心-砂丘城堡"//地图名
	},
	]},
	"health": 1300,//血量
	"armor":4,//防御
	"speed":0.7,//速度
	"hitSize":25,
	"itemCapacity":40,//物品容量
	"range":80
	"weapons": [//武器
		{"name": "屠戮武器",//武器贴图
		"parts":[
{"type":"RegionPart",
"mirror":false,//是否镜像显示
"x":0,"y":0,//起始位置
"top":true,
"suffix":"-右","layer":60,"moveX":-5,"moveY":20,
"moveRot":60,//移动度数
"progress":"recoil"
}
],
		"mirror":true
		"reload":75,//攻速
		"x":18,"y":0,//位置
		"shootX":-18
		"shootY":10
		"top": false,//旋转
		"ejectEffect": "none",//攻击特效
		"shootSound" : "bigshot",
		"shootStatusDuration":60,
        "shootStatus":"speed",
        "parentizeEffects":true,
		"bullet": {//子弹
			"type": "BasicBulletType",//类型
			"sprite":"野性之心-reap",//子弹贴图
		"shootEffect":"none"
        "smokeEffect":"none"
		"collidesAir": false,//碰撞飞机
		"drag":0.05,//子弹每帧减速。
			"inaccuracy":0,//不准确度
			"damage":59,//单体伤害
			"speed":4.8,//速度
			"width":40,"height":40,//宽长度
				"shrinkY": 0,"shrinkX": 0,//子弹变形程度
		"spin": 25,//子弹旋转速度
		"pierce":true,//穿透
		"pierceBuilding":true,//穿透建筑
			"lifetime":120,//存在时间
			"backColor":"FFDF2BFF",
			//子弹边缘颜色
			"frontColor":"FFF5BFFF",
			//子弹中心颜色
	"despawnEffect":"none",
	"fragRandomSpread":0,//分裂角度
	"fragAngle":22.5,//分裂角度
	    "fragSpread":90,//分裂角度
	    "fragOnHit":false,//击中时分裂
		"fragBullets":4,
		"hitSound":"blaster"
"fragBullet": {
"type":"LightningBulletType",
"despawnSound":"spark",
"damage":25,
"pierceArmor":false,/*穿甲*/
"lightningLength":8,
"lightningLengthRand":3,
"lightningColor":"FFF5BFFF"/*闪电颜色*/
}
	"hitEffect":{
  	"type":"multiEffect",
"effects":[
{"type":"ParticleEffect",
"region": "野性之心-star2",//贴图
"lifetime": 36,"offsetX":0,
"colorFrom":"FFF5BFFF",//开始时颜色
"colorTo":"FFF5BFFF50",//结束时颜色
"particles":1,//粒子数量
"randLength":true,//兰德长度？
"cone":360,//粒子扩散角度
"length":0,//粒子移动长度
"baseLength":0,//粒子在一定长度内出现
"useRotation":true,//使用旋转
//"line":true,//形状为方形
"sizeFrom":18,//圆形从开始大小//粒子大小？？
"sizeTo":0,//圆形至结尾大小
}
{"type":"ParticleEffect",
"lifetime": 36,"offsetX":0,
"colorFrom":"FFF5BFFF",//开始时颜色
"colorTo":"FFF5BFFF50",//结束时颜色
"particles":8,//粒子数量
"randLength":true,//兰德长度？
"cone":360,//粒子扩散角度
"length":50,//粒子移动长度
"baseLength":8,//粒子在一定长度内出现
"useRotation":true,//使用旋转
"line":true,//形状为方形
"sizeFrom":18,//圆形从开始大小//粒子大小？？
"sizeTo":10,//圆形至结尾大小
}
]}
}
}]
}