{
	"type": "mech",//类型
	"name": "灭绝",//名字
	"description":"终极突击机甲，使用等离子巨镰毁灭沿途的一切。",//介绍
	"details":""
    "research": {
	"parent": "3-屠戮"//科技树前置
	"objectives":[
	{
	"type": "SectorComplete",//占领地图
	"preset":"野性之心-裂分峡口"//地图名
	},
	]},
	"health": 5500,//血量
	"armor":5,//防御
	"speed":0.6,//速度
	"hitSize":30,
	"itemCapacity":50,//物品容量
	"range":152
	"weapons": [//武器
		{"name": "灭绝武器",//武器贴图
		"parts":[
{"type":"RegionPart",
"mirror":false,//是否镜像显示
"x":0,"y":0,//起始位置
"top":true,
"suffix":"-刀","layer":60,"moveX":0,"moveY":0,
"moveRot":90,//移动度数
"progress":"recoil"
}
],
		"mirror":false
		"reload":300,//攻速
		"x":4,"y":0,//位置
		"shootX":0
		"shootY":15
		"top": false,//旋转
		"ejectEffect": "none",//攻击特效
		"shootSound" : "小羊雷",
		"shootStatusDuration":60,
        "shootStatus":"speed",
        "parentizeEffects":true,
		"bullet": {//子弹
			"type": "BasicBulletType",//类型
			"sprite":"野性之心-moon",//子弹贴图
		"shootEffect":"none"
        "smokeEffect":"none"
		"collidesAir": false,//碰撞飞机
		"drag":0.025,//子弹每帧减速。
			"inaccuracy":0,//不准确度
			"damage":65,//单体伤害
			"speed":4,//速度
			"width":72,"height":60,//宽长度
				"shrinkY": 0,"shrinkX": 0,//子弹变形程度
		"pierce":true,//穿透
		"pierceBuilding":true,//穿透建筑
			"lifetime":108,//存在时间
			"backColor":"FFDF2BFF",
			//子弹边缘颜色
			"frontColor":"FFF5BFFF",
			//子弹中心颜色
	"despawnEffect":"none",
	"fragRandomSpread":0,//分裂角度
	"fragAngle":30,//分裂角度
	    "fragSpread":60,//分裂角度
	    "fragOnHit":false,//击中时分裂
		"fragBullets":6,
		"hitSound":"blaster"
"intervalBullets": 4,/*数量间隔子弹*/
"bulletInterval":10,/*子弹间隔*/
"intervalRandomSpread": 360,/*间隔随机传播*/
"intervalSpread": 0,/*间隔排列*/
"intervalAngle": 0,/*间隔角*/
"intervalBullet": {
"targetAir" : false, //对空
"type":"LightningBulletType",
"despawnSound":"spark",
"damage":5,
"pierceArmor":false,/*穿甲*/
"lightningLength":12,
"lightningLengthRand":3,
"lightningColor":"FFF5BFFF"/*闪电颜色*/
}
"fragBullet": {
	"type": "BasicBulletType",//类型
			"sprite":"野性之心-reap",//子弹贴图
		"shootEffect":"none"
        "smokeEffect":"none"
		"collidesAir": false,//碰撞飞机
		"drag":0.05,//子弹每帧减速。
			"inaccuracy":0,//不准确度
			"damage":25,//单体伤害
			"speed":4.8,//速度
			"width":24,"height":24,//宽长度
				"shrinkY": 0,"shrinkX": 0,//子弹变形程度
		"spin": 25,//子弹旋转速度
		"pierce":true,//穿透
		"pierceBuilding":true,//穿透建筑
			"lifetime":120,//存在时间
			"backColor":"FFDF2BFF",
			//子弹边缘颜色
			"frontColor":"FFF5BFFF",
			//子弹中心颜色
	"despawnEffect":"none",
	"fragOnHit":false,//击中时分裂
	"fragBullets":1,
	"hitEffect":{
  	"type":"multiEffect",
"effects":[
{"type":"ParticleEffect",
"region": "野性之心-star2",//贴图
"lifetime": 36,"offsetX":0,
"colorFrom":"FFF5BFFF",//开始时颜色
"colorTo":"FFF5BFFF50",//结束时颜色
"particles":1,//粒子数量
"randLength":true,//兰德长度？
"cone":360,//粒子扩散角度
"length":0,//粒子移动长度
"baseLength":0,//粒子在一定长度内出现
"useRotation":true,//使用旋转
//"line":true,//形状为方形
"sizeFrom":18,//圆形从开始大小//粒子大小？？
"sizeTo":0,//圆形至结尾大小
}
{"type":"ParticleEffect",
"lifetime": 36,"offsetX":0,
"colorFrom":"FFF5BFFF",//开始时颜色
"colorTo":"FFF5BFFF50",//结束时颜色
"particles":8,//粒子数量
"randLength":true,//兰德长度？
"cone":360,//粒子扩散角度
"length":50,//粒子移动长度
"baseLength":8,//粒子在一定长度内出现
"useRotation":true,//使用旋转
"line":true,//形状为方形
"sizeFrom":18,//圆形从开始大小//粒子大小？？
"sizeTo":10,//圆形至结尾大小
}
]}
	"fragBullet": {
	"type": "BasicBulletType",//类型
			"sprite":"野性之心-reap",//子弹贴图
		"shootEffect":"none"
        "smokeEffect":"none"
		"collidesAir": false,//碰撞飞机
		"drag":0.025,//子弹每帧减速。
			"inaccuracy":0,//不准确度
			"damage":25,//单体伤害
			"speed":4.8,//速度
			"width":24,"height":24,//宽长度
				"shrinkY": 0,"shrinkX": 0,//子弹变形程度
		"spin": 25,//子弹旋转速度
		"pierce":true,//穿透
		//"pierceCap":4,//穿透数量
		"pierceBuilding":true,//穿透建筑
			"lifetime":60,//存在时间
			"backColor":"FFDF2BFF",
			//子弹边缘颜色
			"frontColor":"FFF5BFFF",
			//子弹中心颜色
	"despawnEffect":"none"
	"homingRange":40,//跟踪半径
    "homingPower":1,//跟踪力度（1=3000度）
    "fragRandomSpread":180,//分裂角度
	    "fragOnHit":false,//击中时分裂
		"fragBullets":2,
		"hitSound":"blaster"
	"hitEffect":{
  	"type":"multiEffect",
"effects":[
{"type":"ParticleEffect",
"region": "野性之心-star2",//贴图
"lifetime": 36,"offsetX":0,
"colorFrom":"FFF5BFFF",//开始时颜色
"colorTo":"FFF5BFFF50",//结束时颜色
"particles":1,//粒子数量
"randLength":true,//兰德长度？
"cone":360,//粒子扩散角度
"length":0,//粒子移动长度
"baseLength":0,//粒子在一定长度内出现
"useRotation":true,//使用旋转
//"line":true,//形状为方形
"sizeFrom":18,//圆形从开始大小//粒子大小？？
"sizeTo":0,//圆形至结尾大小
}
{"type":"ParticleEffect",
"lifetime": 36,"offsetX":0,
"colorFrom":"FFF5BFFF",//开始时颜色
"colorTo":"FFF5BFFF50",//结束时颜色
"particles":8,//粒子数量
"randLength":true,//兰德长度？
"cone":360,//粒子扩散角度
"length":50,//粒子移动长度
"baseLength":8,//粒子在一定长度内出现
"useRotation":true,//使用旋转
"line":true,//形状为方形
"sizeFrom":18,//圆形从开始大小//粒子大小？？
"sizeTo":10,//圆形至结尾大小
}
]}
"fragBullet": {
"targetAir" : false, //对空
"type":"LightningBulletType",
"despawnSound":"spark",
"damage":25,
"pierceArmor":false,/*穿甲*/
"lightningLength":8,
"lightningLengthRand":3,
"lightningColor":"FFF5BFFF"/*闪电颜色*/
}
}
}
	"hitEffect":{
  	"type":"multiEffect",
"effects":[
{"type":"ParticleEffect",
"region": "野性之心-star2",//贴图
"lifetime": 36,"offsetX":0,
"colorFrom":"FFF5BFFF",//开始时颜色
"colorTo":"FFF5BFFF50",//结束时颜色
"particles":1,//粒子数量
"randLength":true,//兰德长度？
"cone":360,//粒子扩散角度
"length":0,//粒子移动长度
"baseLength":0,//粒子在一定长度内出现
"useRotation":true,//使用旋转
//"line":true,//形状为方形
"sizeFrom":28,//圆形从开始大小//粒子大小？？
"sizeTo":0,//圆形至结尾大小
}
{"type":"ParticleEffect",
"lifetime": 36,"offsetX":0,
"colorFrom":"FFF5BFFF",//开始时颜色
"colorTo":"FFF5BFFF50",//结束时颜色
"particles":16,//粒子数量
"randLength":true,//兰德长度？
"cone":360,//粒子扩散角度
"length":72,//粒子移动长度
"baseLength":8,//粒子在一定长度内出现
"useRotation":true,//使用旋转
"line":true,//形状为方形
"sizeFrom":24,//圆形从开始大小//粒子大小？？
"sizeTo":10,//圆形至结尾大小
}
]}
}
}]
}