{
	"health": 1300,
	"details": "",
	"weapons": [
		{
			"name": "飞鲨1",
			"reload": 60,
			"x": 5,
			"y": 3.5,
			"shootY": 4,
			"rotate": true,
			"rotateSpeed": 5,
			"inaccuracy": 8,
			"alternate": true,
			"ejectEffect": "casing1",
			"shootSound":"shoot",
			"shoot":{
			"shots":4,
			"shotDelay":1
			}
			"bullet": {
				"type": "FlakBulletType",
				"ammoMultiplier": 5,
				"speed": 6,
				"lifetime": 34,
				"width": 9,
				"height": 10,
				"damage": 10,
				"splashDamage": 10,
				"splashDamageRadius": 20,
				"hitEffect": "flakExplosion",
				"despawnEffect": "flakExplosion",
				"collidesAir":false,
				"fragBullets": 1,
				"fragRandomSpread":20,//随机分裂角度
				"fragBullet": {
					"type":"LaserBulletType",//基础子弹
"damage":15,
"sideAngle":5,
"sideWidth":2,
"sideLength":2,
"length":40,
"collidesAir":false,
"colors":[FFA561,FFC89E,FFE9D1,FFFFFF],//颜色
				}
			}
		},
		{
			"name": "堡垒1",
			"reload": 10,
			"x": 5,
			"y": -5,
			"rotate": true,
			"rotateSpeed": 2,
			"inaccuracy": 2,
			"shake": 1.7,
			"recoil": 1,
			"top": false,
			"alternate": true,
			"ejectEffect": "casing3",
			"shootSound": "bang",
			"bullet": {
				"type": "ArtilleryBulletType",
				"damage": 30,
				"speed": 5,
				"lifetime": 52,
				"collides": true,
				"collidesTiles": false,
				"knockback": 0.35,
				"hitSound": "explosion",
				"hitEffect": "flakExplosionBig",
				"despawnEffect": "none",
				"splashDamage": 30,
				"splashDamageRadius": 24,
				"width": 11,
				"height": 12
			}
		}
	]
}