{
	"type": "ThermalGenerator",
	"name": "小型地热发电机",
	"description": "在热地面发电,发电效率根据地层含热量.",
	"size": 1,
	"health": 60,
	"hasPower": true,
	"floating": true,
	"attribute": "heat",
	"generateEffect": "smeltsmoke",
	"powerProduction": 2.25,
	"requirements": [
		{ "item": "silicon", "amount": 15 },
		{ "item": "graphite", "amount": 20 },
		{ "item": "metaglass", "amount": 20 }
		{ "item": "copper", "amount": 30 }
		{ "item": "lead", "amount": 25 }
	],
	"category": "power",
	"research": "thermal-generator"
}
