{
	"type": "ThermalGenerator",
	"name": "小型地水发电机",
	"description": "在含水地面发电,发电效率根据地层含水量.",
	"size": 1,
	"health": 60,
	"hasPower": true,
	"attribute": "water",
	"generateEffect": "smeltsmoke",
	"powerProduction": 1.25,
	"requirements": [
		{ "item": "graphite", "amount": 15 },
		{ "item": "titanium", "amount": 10 },
		{ "item": "copper", "amount": 20 },
		{ "item": "lead", "amount": 15 }
	],
	"category": "power",
	"research": "thermal-generator"
}
