{
  "type": "MassDriver",
  "requirements": [ "lead/170","silicon/115","cobalt/85","silicide/60" ],
  "research": {
    "parent": "mass-launcher",
    "objectives": [ 
      {
        "type": "OnSector",
        "preset": "shale-quarry"
      }
    ]
  },
  "size": 4,
  "itemCapacity": 360,
  "reload": 180,
  "hasLiquids": true,
  "rotateSpeed": 2.5,
  "minDistribute": 60,
  "smokeEffect": "shootBigSmoke",
  "shootEffect": { 
    "type": "MultiEffect",
    "effects": [ 
      "blastExplosion",
      "shootTitan",
      {
        "type": "ExplosionEffect",
        "sparkColor": "ffd37f",
        "waveColor": "ffd37f",
        "waveStroke": 3,
        "waveRad": 24
      }
    ]
  },
  "shake": 5,
  "bulletSpeed": 15,
  "shootSound": "mediumCannon",
  "consumes": {
    "power": 3.2,
    "liquids": {
      "liquids": [ "water/0.2" ]
    }
  },
  "liquidCapacity": 90
  "range": 960,
  "bullet": {
    "type": "MassDriverBolt",
    "height": 30,
    "despawnEffect": "mineHuge"
  }
}