{
   "immunities": [
      "unmoving",
      "freezing",
      "锁住你的牛子",
      "辐射损伤",
      "孢炎",
      "生物毒性-1",
      "生物毒性-2",
      "生物毒性-3"
   ],
   "type": "mech",
   "health": 2750,
   "canBoost": true,
   "speed": 0.86,
   "flying": false,
   "mineSpeed": 1.9,
   "mineTier": 6,
   "buildSpeed": 2,
   "rotateSpeed": 2,
   "itemCapacity": 50,
   "buildRange": 108,
   "buildBeamOffset": 16,
   "armor": 9,
   "hitSize": 10,
   "trailColor": "819EFF",
   "engineColor": "819EFF",
   "trailLength": 3,
   "weapons": [
      {
         "shoot": {
            "shotDelay": 8
         },
         "name": "掷弹",
         "reload": 200,
         "rotate": false,
         "inaccuracy": 40,
         "alternate": true,
         "top": false,
         "ejectEffect": "casing1",
         "bullet": {
            "type": "BombBulletType",
            "speed": 6,
            "knockback": 0.8,
            "lifetime": 100,
            "width": 10,
            "height": 10,
            "collidesTiles": false,
            "splashDamageRadius": 25,
            "splashDamage": 33,
            "homingPower": 0.08,
            "homingRange": 50,
            "shrinkY": 0,
            "shrinkX": 0,
            "drag": 0.04,
            "sprite": "计划战争-手榴弹1",
            "fragBullets": 5,
            "fragVelocityMin": 1.3,
            "fragVelocityMax": 2,
            "fragBullet": {
               "type": "LightningBulletType",
               "pierceArmor": true,
               "lightningColor": "819EFF",
               "hitColor": "819EFF",
               "damage": 45,
               "lightningLength": 4,
               "lightningLengthRand": 7,
               "lightning": 5,
               "shootEffect": "shootHeal"
            }
         }
      },
      {
         "name": "电炮",
         "mirror": true,
         "rotate": false,
         "shake": 0.01,
         "x": 4.5,
         "y": -0.5,
         "rotateSpeed": 5,
         "reload": 120,
         "recoil": 0.2,
         "shootSound": "laser",
         "inaccuracy": 20,
         "shoot": {
            "shots": 5,
            "shotDelay": 1
         },
         "bullet": {
            "type": "LightningBulletType",
            "lightningColor": "819EFF",
            "hitColor": "819EFF",
            "damage": 45,
            "lightningLength": 2,
            "lightningLengthRand": 7,
            "lightning": 5,
            "shootEffect": "shootHeal"
         }
      },
      {
         "name": "n",
         "mirror": true,
         "shake": 0.01,
         "x": 4.5,
         "y": -0.5,
         "rotateSpeed": 5,
         "reload": 120,
         "recoil": 0.2,
         "shootSound": "laser",
         "inaccuracy": 30,
         "rotate": true,
         "shoot": {
            "shots": 5,
            "shotDelay": 2
         },
         "bullet": {
            "type": "LightningBulletType",
            "lightningColor": "819EFF",
            "hitColor": "819EFF",
            "damage": 35,
            "lightningLength": 6,
            "lightningLengthRand": 9,
            "lightning": 5,
            "shootEffect": "shootHeal"
         }
      },
      {
         "name": "n",
         "mirror": true,
         "shake": 0.01,
         "x": 4.5,
         "y": -0.5,
         "rotateSpeed": 5,
         "reload": 120,
         "recoil": 0.2,
         "shootSound": "laser",
         "inaccuracy": 30,
         "rotate": true,
         "shoot": {
            "shots": 5,
            "shotDelay": 3
         },
         "bullet": {
            "type": "LightningBulletType",
            "lightningColor": "819EFF",
            "hitColor": "819EFF",
            "damage": 25,
            "lightningLength": 6,
            "lightningLengthRand": 9,
            "lightning": 5,
            "shootEffect": "shootHeal"
         }
      }
   ],
   "abilities": [
      {
         "type": "RegenAbility",
         "percentAmount": 0.01
      }
   ]
}