{
   "immunities": [
      "unmoving",
      "freezing",
      "锁住你的牛子",
      "辐射损伤",
      "孢炎",
      "生物毒性-1",
      "生物毒性-2",
      "生物毒性-3"
   ],
   "rotateSpeed": 4.5,
   "speed": 2.5,
   "hitSize": 9,
   "flying": true,
   "mineSpeed": 1,
   "mineTier": 6,
   "itemCapacity": 50,
   "buildSpeed": 1.6,
   "buildRange": 108,
   "buildBeamOffset": 16,
   "rippleScale": 1.5,
   "riseSpeed": 0.08,
   "fallSpeed": 0.018,
   "boostMultiplier": 1,
   "accel": 0.1,
   "armor": 10,
   "drag": 0.09,
   "range": 40,
   "trailLength": 4.23,
   "trailColor": "819EFF",
   "targetAir": true,
   "circleTarget": true,
   "health": 2350,
   "engineColor": "819EFF",
   "weapons": [
      {
         "name": "11",
         "shake": 0,
         "shooY": 0,
         "x": 0,
         "y": 0,
         "rotateSpeed": 5,
         "reload": 8,
         "recoil": 0.2,
         "shootSound": "laser",
         "inaccuracy": 30,
         "occlusion": 2,
         "rotate": true,
         "width": 3,
         "shots": 2,
         "bullet": {
            "type": "LightningBulletType",
            "lightningColor": "819EFF",
            "hitColor": "819EFF",
            "damage": 35,
            "lightningLength": 4,
            "lightningLengthRand": 7,
            "shootEffect": "shootHeal"
         }
      },
      {
         "name": "11",
         "shake": 0,
         "shooY": 0,
         "x": 0,
         "y": 0,
         "rotateSpeed": 5,
         "reload": 8,
         "recoil": 0.2,
         "shootSound": "laser",
         "inaccuracy": 30,
         "occlusion": 2,
         "rotate": true,
         "width": 3,
         "shots": 2,
         "bullet": {
            "type": "LightningBulletType",
            "lightningColor": "819EFF",
            "hitColor": "819EFF",
            "damage": 25,
            "lightningLength": 5,
            "lightningLengthRand": 8,
            "shootEffect": "shootHeal"
         }
      },
      {
         "name": "11",
         "shake": 0,
         "shooY": 0,
         "x": 0,
         "y": 0,
         "rotateSpeed": 5,
         "reload": 8,
         "recoil": 0.2,
         "shootSound": "laser",
         "inaccuracy": 30,
         "occlusion": 2,
         "rotate": true,
         "width": 3,
         "shots": 2,
         "bullet": {
            "type": "LightningBulletType",
            "lightningColor": "819EFF",
            "hitColor": "819EFF",
            "damage": 15,
            "lightningLength": 6,
            "lightningLengthRand": 9,
            "shootEffect": "shootHeal"
         }
      },
      {
         "name": "9999",
         "reload": 90,
         "x": 5,
         "y": 0,
         "shootY": 1,
         "shoot": {
            "shots": 3,
            "shotDelay": 2.5
         },
         "homingPower": 0.01,
         "homingRange": 60,
         "homingDelay": 15,
         "rotate": false,
         "inaccuracy": 6,
         "mirror": true,
         "alternate": true,
         "ejectEffect": "casing2",
         "shootSound": "missile",
         "bullet": {
            "type": "MissileBulletType",
            "damage": 44,
            "splashDamageRadius": 35,
            "splashDamage": 25,
            "backColor": "819EFF",
            "hitEffect": "explosion",
            "despawnEffect": "explosion",
            "smokeEffect": "none",
            "speed": 5,
            "lifetime": 50,
            "width": 8,
            "height": 9,
            "lightningColor": "819EFF",
            "hitColor": "819EFF",
            "lightningLength": 6,
            "lightningLengthRand": 9,
            "lightningDamage": 6,
            "lightning": 2,
            "homingPower": 0.044,
            "homingRange": 50
         }
      }
   ],
   "abilities": [
      {
         "type": "RegenAbility",
         "percentAmount": 0.02
      },
      {
         "type": "StatusFieldAbility",
         "effect": "超速",
         "duration": 360,
         "reload": 480,
         "range": 80
      },
      {
         "type": "UnitSpawnAbility",
         "unit": "磁动力机甲",
         "spawnX": -13,
         "spawnY": 0,
         "spawnTime": 1120
      },
      {
         "type": "UnitSpawnAbility",
         "unit": "磁动力机甲",
         "spawnX": 13,
         "spawnY": 0,
         "spawnTime": 1120
      },
      {
         "type": "MoveLightningAbility",
         "minSpeed": 1,
         "maxSpeed": 3.6,
         "damage": 35,
         "chance": 0.2,
         "length": 12.5,
         "y": 0.25,
         "x": 0,
         "alternate": true,
         "lightningcolor": "a9d8ff"
      }
   ]
}