{
   "immunities": [
      "unmoving",
      "freezing",
      "锁住你的牛子",
      "辐射损伤",
      "孢炎",
      "生物毒性-1",
      "生物毒性-2",
      "生物毒性-3"
   ],
   "type": "mech",
   "health": 2950,
   "canBoost": true,
   "speed": 0.65,
   "mineSpeed": 2,
   "mineTier": 6,
   "buildSpeed": 2,
   "rotateSpeed": 2,
   "itemCapacity": 50,
   "buildRange": 108,
   "buildBeamOffset": 16,
   "armor": 6,
   "hitSize": 10,
   "trailColor": "97FFA8",
   "engineColor": "97FFA8",
   "trailLength": 6,
   "weapons": [
      {
         "name": "大治疗",
         "reload": 65,
         "x": 9.5,
         "y": 0,
         "shoot": {
            "shots": 5,
            "shotDelay": 2
         },
         "rotate": false,
         "shootY": 4.5,
         "inaccuracy": 0,
         "top": true,
         "alternate": false,
         "shootSound": "lasershoot",
         "bullet": {
            "type": "LaserBoltBulletType",
            "frontColor": "FFFFFF",
            "backColor": "97FFA8",
            "healPercent": 5.5,
            "damage": 17,
            "collidesTeam": true,
            "speed": 7.6,
            "lifetime": 28.99,
            "width": 2,
            "height": 8
         }
      },
      {
         "name": "大治疗但是小治疗",
         "mirror": true,
         "rotate": true,
         "top": false,
         "alternate": false,
         "rotationLimit": 20,
         "y": 0,
         "x": 7.9,
         "shootX": 0,
         "reload": 35,
         "recoil": 0.4,
         "shake": 0.1,
         "shootSound": "missileSmall",
         "inaccuracy": 12,
         "shoot": {
            "shots": 15,
            "shotDelay": 1
         },
         "bullet": {
            "type": "LaserBoltBulletType",
            "shootEffect": "shootHeal",
            "frontColor": "97FFA8",
            "backColor": "97FFA8",
            "healPercent": 6,
            "damage": 13,
            "pierce": true,
            "pierceCap": 2,
            "collidesTeam": true,
            "trailLength": 1,
            "trailWidth": 1.2,
            "trailColor": "97FFA8",
            "speed": 8,
            "lifetime": 26,
            "width": 1,
            "height": 4
         }
      },
      {
         "name": "none",
         "reload": 3,
         "top": false,
         "x": 0,
         "y": 0,
         "mirror": false,
         "rotate": true,
         "inaccuracy": 20,
         "shootSound": "missile",
         "alternate": true,
         "rotationLimit": 35,
         "shoot": {
            "shots": 3,
            "shotDelay": 2
         },
         "bullet": {
            "damage": 20.5,
            "type": "FireBulletType",
            "colorFrom": "97FFA8",
            "colorMid": "97FFA8",
            "colorTo": "97FFA8",
            "radius": 3,
            "velMin": 0.6,
            "velMax": 2.6,
            "fireTrailChance": 0,
            "fireEffectChance": 0,
            "fireEffectChance2": 0,
            "pierce": true,
            "collidesTiles": false,
            "collides": true,
            "collidesAir": true,
            "drag": 0.03,
            "healPercent": 5
         }
      }
   ],
   "abilities": [
      {
         "type": "RegenAbility",
         "percentAmount": 0.04
      },
      {
         "type": "RepairFieldAbility",
         "amount": 120,
         "reload": 300,
         "range": 200,
         "activeEffect": {
            "type": "ParticleEffect",
            "colorFrom": "97FFA8",
            "colorTo": "97FFA8",
            "particles": 50,
            "randLength": true,
            "cone": 360,
            "length": 160,
            "baseLength": 1,
            "offsetX": 0,
            "offsetY": 0,
            "lightScl": 2,
            "lightOpacity": 0.6,
            "lightColor": "FFB90F",
            "spin": 2,
            "sizeFrom": 9,
            "sizeTo": 0,
            "useRotation": true,
            "offset": 0,
            "region": "circle",
            "line": true,
            "strokeFrom": 3,
            "strokeTo": 1,
            "lenFrom": 3,
            "lenTo": 1
         }
      },
      {
         "type": "RepairFieldAbility",
         "amount": 120,
         "reload": 300,
         "range": 98,
         "activeEffect": {
            "type": "ParticleEffect",
            "colorFrom": "97FFA8",
            "colorTo": "97FFA8",
            "particles": 50,
            "randLength": true,
            "cone": 360,
            "length": 200,
            "baseLength": 1,
            "offsetX": 0,
            "offsetY": 0,
            "lightScl": 2,
            "lightOpacity": 0.6,
            "lightColor": "FFB90F",
            "spin": 3,
            "sizeFrom": 9,
            "sizeTo": 0,
            "useRotation": true,
            "offset": 0,
            "region": "circle",
            "line": true,
            "strokeFrom": 4,
            "strokeTo": 1,
            "lenFrom": 4,
            "lenTo": 1
         }
      },
      {
         "type": "ForceFieldAbility",
         "sides": 6,
         "radius": 50,
         "regen": 1,
         "max": 26000,
         "cooldown": 1200
      },
      {
         "type": "ForceFieldAbility",
         "sides": 8,
         "radius": 90,
         "regen": 5.5,
         "max": 5000,
         "cooldown": 2000
      },
      {
         "type": "ShieldRegenFieldAbility",
         "amount": 50,
         "max": 50000,
         "reload": 360,
         "range": 120
      },
      {
         "type": "SpawnDeathAbility",
         "unit": "nova",
         "amount": 15
      },
      {
         "type": "UnitSpawnAbility",
         "unit": "nova",
         "spawnX": 20,
         "spawnY": 0,
         "spawnTime": 720
      },
      {
         "type": "UnitSpawnAbility",
         "unit": "nova",
         "spawnX": -20,
         "spawnY": 0,
         "spawnTime": 720
      },
      {
         "type": "UnitSpawnAbility",
         "unit": "nova",
         "spawnX": 20,
         "spawnY": 0,
         "spawnTime": 720
      },
      {
         "type": "UnitSpawnAbility",
         "unit": "nova",
         "spawnX": -20,
         "spawnY": 0,
         "spawnTime": 720
      },
      {
         "type": "UnitSpawnAbility",
         "unit": "pulsar",
         "spawnX": 20,
         "spawnY": -10,
         "spawnTime": 1020
      },
      {
         "type": "UnitSpawnAbility",
         "unit": "pulsar",
         "spawnX": -20,
         "spawnY": -10,
         "spawnTime": 1020
      },
      {
         "type": "UnitSpawnAbility",
         "unit": "quasar",
         "spawnX": 0,
         "spawnY": 10,
         "spawnTime": 1300
      }
   ]
}