{
   "immunities": [
      "unmoving",
      "freezing",
      "锁住你的牛子",
      "辐射损伤",
      "孢炎",
      "生物毒性-1",
      "生物毒性-2",
      "生物毒性-3"
   ],
   "type": "mech",
   "speed": 0.65,
   "engineColor": "FFB90F",
   "flying": false,
   "canBoost": true,
   "health": 4100,
   "mineSpeed": 0.88,
   "mineTier": 4,
   "buildSpeed": 0.5,
   "rotateSpeed": 1.99,
   "itemCapacity": 60,
   "buildRange": 108,
   "buildBeamOffset": 16,
   "armor": 13,
   "hitSize": 12,
   "trailColor": "FFB90F",
   "trailLength": 3,
   "weapons": [
      {
         "name": "导",
         "reload": 50,
         "x": 7.25,
         "y": 0,
         "shootY": 1,
         "shoot": {
            "type": "ShootSpread",
            "shots": 3,
            "spread": 1.77
         },
         "rotate": false,
         "inaccuracy": 6,
         "mirror": true,
         "alternate": true,
         "ejectEffect": "casing2",
         "shootSound": "missile",
         "bullet": {
            "type": "MissileBulletType",
            "damage": 39,
            "splashDamageRadius": 55,
            "splashDamage": 28,
            "status": "blasted",
            "backColor": "FF7F24",
            "hitEffect": "explosion",
            "despawnEffect": "explosion",
            "smokeEffect": "none",
            "speed": 6,
            "lifetime": 50,
            "width": 9,
            "height": 10,
            "weaveScale": 5,
            "weaveMag": -5,
            "homingPower": 0.2,
            "homingRange": 12.5,
            "homingDelay": 8
         }
      },
      {
         "name": "none",
         "reload": 20,
         "x": 7.25,
         "y": 0,
         "shootY": 1,
         "shoot": {
            "shots": 1
         },
         "rotate": false,
         "inaccuracy": 20,
         "mirror": true,
         "alternate": true,
         "ejectEffect": "casing2",
         "shootSound": "missile",
         "bullet": {
            "type": "MissileBulletType",
            "damage": 39,
            "splashDamageRadius": 55,
            "splashDamage": 28,
            "status": "blasted",
            "backColor": "FF7F24",
            "hitEffect": "explosion",
            "despawnEffect": "explosion",
            "smokeEffect": "none",
            "speed": 6,
            "lifetime": 50,
            "width": 9,
            "height": 10,
            "weaveScale": 5,
            "weaveMag": -5,
            "homingPower": 0.2,
            "homingRange": 12.5,
            "homingDelay": 8
         }
      }
   ],
   "abilities": [
      {
         "type": "RegenAbility",
         "percentAmount": 0.05
      },
      {
         "type": "UnitSpawnAbility",
         "unit": "矿渣虫",
         "spawnX": -13,
         "spawnY": 0,
         "spawnTime": 1120
      },
      {
         "type": "UnitSpawnAbility",
         "unit": "矿渣虫",
         "spawnX": 13,
         "spawnY": 0,
         "spawnTime": 1120
      }
   ]
}