{
   "immunities": [
      "unmoving",
      "freezing",
      "锁住你的牛子",
      "辐射损伤",
      "孢炎",
      "生物毒性-1",
      "生物毒性-2",
      "生物毒性-3"
   ],
   "accel": 0.1,
   "drag": 0.09,
   "speed": 1.9,
   "hitSize": 10,
   "armor": 9,
   "flying": true,
   "rotateSpeed": 2.4,
   "trailLength": 3.23,
   "targetAir": true,
   "trailColor": "97FFA8",
   "mineSpeed": 2,
   "mineTier": 5,
   "buildSpeed": 0.9,
   "itemCapacity": 50,
   "circleTarget": true,
   "engineColor": "97FFA8",
   "health": 2950,
   "weapons": [
      {
         "name": "2lk",
         "type": "RepairBeamWeapon",
         "x": 0,
         "y": 0,
         "shootY": 6,
         "beamWidth": 0.88,
         "mirror": false,
         "repairSpeed": 0.88,
         "bullet": {
            "maxRange": 80
         }
      },
      {
         "name": "46",
         "minShootVelocity": 1.5,
         "reload": 85,
         "shoot": {
            "shots": 5,
            "shotDelay": 2
         },
         "x": 0,
         "y": 0,
         "ignoreRotation": true,
         "rotate": true,
         "shootCone": 120,
         "inaccuracy": 15,
         "mirror": false,
         "shootSound": "none",
         "bullet": {
            "type": "BombBulletType",
            "splashDamage": 25,
            "splashDamageRadius": 20,
            "status": "blasted",
            "frontColor": "97FFA8",
            "backColor": "97FFA8",
            "buildingDamageMultiplier": 1.2,
            "incendAmount": 1,
            "incendSpread": 16,
            "incendChance": 0.005,
            "lightning": 3,
            "lightningLength": 5,
            "lightningLengthRand": 6,
            "lightningDamage": 15,
            "lightningColor": "97FFA8",
            "lifetime": 30,
            "healPercent": 1.1,
            "width": 9,
            "height": 15,
            "shootEffect": "none",
            "smokeEffect": "none",
            "hitEffect": "explosion",
            "despawnEffect": "explosion"
         }
      },
      {
         "name": "46",
         "minShootVelocity": 1.5,
         "reload": 185,
         "shoot": {
            "shots": 1,
            "shotDelay": 2
         },
         "x": 0,
         "y": 0,
         "ignoreRotation": true,
         "rotate": true,
         "shootCone": 120,
         "inaccuracy": 25,
         "mirror": false,
         "shootSound": "none",
         "bullet": {
            "type": "BombBulletType",
            "splashDamage": 55,
            "splashDamageRadius": 40,
            "status": "blasted",
            "frontColor": "97FFA8",
            "backColor": "97FFA8",
            "buildingDamageMultiplier": 1.6,
            "incendAmount": 1,
            "incendSpread": 16,
            "incendChance": 0.005,
            "lightning": 5,
            "lightningLength": 9,
            "lightningLengthRand": 6,
            "lightningDamage": 35,
            "lightningColor": "97FFA8",
            "lifetime": 30,
            "healPercent": 5,
            "width": 13,
            "height": 20,
            "shootEffect": "none",
            "smokeEffect": "none",
            "hitEffect": "explosion",
            "despawnEffect": "explosion"
         }
      },
      {
         "name": "氵厶口小",
         "reload": 60,
         "top": false,
         "x": 0,
         "y": 0,
         "mirror": false,
         "rotate": true,
         "inaccuracy": 20,
         "shootSound": "missile",
         "alternate": true,
         "shoot": {
            "shots": 1,
            "shotDelay": 2
         },
         "bullet": {
            "type": "MissileBulletType",
            "healPercent": 5,
            "frontColor": "FFFFFF",
            "backColor": "97FFA8",
            "trailColor": "97FFA8",
            "damage": 6,
            "hitEffect": "none",
            "hitSound": "none",
            "despawnEffect": "none",
            "collidesTeam": true,
            "speed": 4,
            "lifetime": 56,
            "width": 9,
            "height": 10,
            "weaveScale": 2,
            "weaveMag": -2,
            "status": "锁住你的牛子",
            "statusDuration": 60
         }
      }
   ],
   "abilities": [
      {
         "type": "StatusFieldAbility",
         "effect": "修复",
         "duration": 360,
         "reload": 480,
         "range": 80
      },
      {
         "type": "RegenAbility",
         "percentAmount": 0.05
      }
   ]
}