{
	"type": "UnitCargoUnloadPoint",
	"name": "货运卸载点",
	"description": "货运机器人的运输物品卸载的地方",
	"health": 400,
	"size": 2,
	"itemCapacity": 200,

	"requirements": [
        { "item": "titanium", "amount": 75},
        { "item": "silicon", "amount": 75},
        { "item": "thorium", "amount": 75},
        { "item": "封装铍", "amount": 100},
        { "item": "高纯钨", "amount": 100},
    ],

	"category": "distribution",
	"research": "货运装载点",
}