{
    "type": "LogicBlock",
    "range": 20,
    "instructionsPerTick": 8,
    "size": 1,
    "health": 120,
    "name": "超限处理器",
    "category": "logic",
	"requirements": [
		{ "item": "基础合金", "amount":60 },
		{ "item": "磁能铅", "amount":100 }
		{ "item": "silicon", "amount":100 }
	],
    "description": "[yellow]又快又短的处理器"
    "research": {
	"parent": "micro-processor"//科技树前置
	"requirements": [//研究花费
	"基础合金/1200",
	"磁能铅/2000",
	"silicon/2000",
	]	},
}
