{
    "type": "LogicBlock",
    "range": 40,
    "instructionsPerTick": 25
    "size": 2,
    "health": 400,
    "name": "过载处理器",
    "category": "logic",
	"requirements": [
		{ "item": "lead", "amount":180 },
		{ "item": "thorium", "amount":80 }
		{ "item": "高碳钢", "amount":240 }
		{ "item": "silicon", "amount":80 }
	],
    "description": "适合点阵神风等需要极高算力的逻辑"
    "research": {
	"parent": "logic-processor"//科技树前置
	/*"requirements": [//研究花费
	"copper/1200",
	"磁能铅/2000",
	"silicon/2000",
	]	*/},
}
