{
    "type": "flying",
    "flying": true,
    "name": "气动钻头飞行形态",
    "controller": "MinerAI",
    "description": "气动钻头飞行形态，可以挖矿并送回核心。",
    "research": "气动钻头工厂",
    "hitSize": 16,
    "engineOffset": 5,
    "speed": 3,
    "health": 300,
    "itemCapacity": 30,
    "mineSpeed": 3,
    "mineTier": 3,
    "fogRadius": 35,
    "buildSpeed": 0,
    "lowAltitude":true,
    "drag": 0.05,
    "mineItems":[
        "copper",
        "lead",
        "coal",
        "titanium",
    ],
    "outlineColor": "2C2A35FF",
    "abilities": [
        {
            "type": "RegenAbility",
            "percentAmount": 0.03
        },
    ]
}