{
    "type": "flying",
    "flying": true,
    "name": "仓库飞行形态",
    "controller": "MinerAI",
    "description": "仓库飞行形态，可以装很多东西。",
    "research": "移动仓库工厂",
    "hitSize": 24,
    "engineOffset": 5,
    "speed": 3,
    "health": 300,
    "itemCapacity": 1000,
    "mineSpeed": 0,
    "mineTier": 0,
    "fogRadius": 35,
    "buildSpeed": 0,
    "lowAltitude":true,
    "drag": 0.05,
    "outlineColor": "2C2A35FF",
    "abilities": [
        {
            "type": "RegenAbility",
            "percentAmount": 0.03
        },
    ]
}