{
 "name": "无尽奇点",// MOD名字
 "displayName": "无尽奇点[Endless Singularity]0.2.6-END？",
 "description": "我们将重做本mod\n这将会是最后一个版本\n[green]这是一个富有挑战性的MOD，我们已经尽可能将难度最大化，另外，祝您玩的愉快！\n   \n[blue]下载群号:\n混沌-奇点(主群):242384028\n铜-奇点(一号分群):595152276\n \n[red]内测群号:470398205(请确定你有这个实力进，进群问题非常阴间) \n \n \n \n \n \n开发人员:\n[green]没有炮台的炮台S(主作者)\n[blue]蓝细菌光合自养(地图作者/平衡性测试者)\n[red]Mr.世纪灯泡(贴图绘图师)\n \n[red]至谢名单:  \n[yellow]一只gamma(工业时代mod作者)-代码指导\n \n \n \n \n \n \n \n \n \n \n \n \n \n \n \n \n \n \n \n \n \n \n \n \n \n \n \n \n \n \n \n \n \n \n \n \n \n \n \n \n \n \n \n \n \n \n \n \n \n \n \n \n \n \n \n \n \n \n \n \n \n[red]抄袭moder刺杀名单\n1.星流之神(by魔君·亚利姆[B站账号:像素6] QQ:1776695329\n[此mod作者正在重置]",
 // MOD介绍
 "minGameVersion": 146,//适配游戏版本
 "author": "奇点制作组\n[主作者:没有炮台的炮台s]\n[地图制作者:蓝细菌光合自养]\n[贴图师:Mr.世纪灯泡]\n[宣传部:菜bdoge]",//作者名
 "version": "0.2.6"// MOD版本
 //"dependencies": []//附属MOD
 //[blue]杜星-建议提供
}