{
    "type": "mendProjector",
    "name": "修复穹顶",
    "description": "需要电力来进行修复，简易修复投影仪是修复投影仪效率的一半\n可用相织布加强",
    "health": 140,
    "size": 3,
    "reload": 60,
    "range": 160,
    "healPercent": 10,
    "itemCapacity": 10,
    "canOverdrive": false,
    "phaseRangeBoost":0,
	"speedBoostPhase":0,
    "consumes": {
        "power": 1,
        "items": {
            "items": [
                "phase-fabric/1"
                "silicon/1"
            ],
            "optional": false,
            "booster": false
        }
    },
    "requirements": [
        "copper/300",
        "lead/200",
        "plastanium/60"
        "silicon/80"
        "钛板/105"
    ],
    "category": "effect",
    "research": "简易修复器"
}