{
    "type": "mendProjector",
    "name": "简易修复器",
    "description": "需要电力来进行修复，简易修复投影仪是修复投影仪效率的一半\n可用相织布加强",
    "health": 140,
    "size": 2,
    "reload": 60,
    "range": 68.96,
    "healPercent": 2.1,
    "itemCapacity": 10,
    "phaseBoost": 1,
    "phaseRangeBoost": 26,
    "canOverdrive": false,
    "consumes": {
        "power": 1,
        "items": {
            "items": [
                "phase-fabric/1"
            ],
            "optional": true,
            "booster": true
        }
    },
    "requirements": [
        "copper/30",
        "lead/25",
        "silicon/20"
    ],
    "category": "effect",
    "research": "强化核心"
}