{
"health":12000,
"speed":0.55,
"armor":18
"weapons":[
{
//"name":"beam-weapon"
"rotate":false
"mirror":false
			"x": 0,
			"y": 0,
			"reload": 120,
			"ejectEffect": "none",
			"shootSound": "laserbig",
			"inaccuracy":0
			"bullet":{
"type": "ContinuousLaserBulletType",
        //持续的激光
        "lifetime":180,
        "status":"burning",
        "statusDuration":180,
        //状态持续时间
        "damage": 30,
        "length": 240,
        "drawSize":240,
        "width":8,
        //宽度
        "colors":["8BFF7EFF","A8FFAEFF","FFFFFFFF"]
        //激光颜色(由外侧到内侧)
        "reloadMultiplier": 1
        "ammoMultiplier": 2,
        "knockback": 0.5
        "healAmount":20,
"healPercent":1,
"collidesTeam":true,
        }
        }
        ]
}