{
"name": "GT10",
"description": "好耶，事坦克",
"type": "tank",
"armor": 2,
"commandLimit": 6,
"speed": 1,
"rotateSpeed": 3
"hitSize":10
"treadFrames":18
"health": 600,
"range": 240,
"treadFrames":18
"treadPullOffset":2
"rippleScale":1.2
"squareShape":true
"omniMovement":false
"rotateMoveFirst":true
"itemCapacity":15,
"research": {
"parent": "a001碳钢坦克工厂",//前置（前面科技）
"objectives": [
"a001碳钢坦克工厂"
]
"requirements": [//研究花费
	"石英/200",
	"镍/250",
	]
}
"crushDamage": 0.5,
	"treadRects": [
		{
			"x": -3,
			"y": -3,
			"width": 30,
			"height": 40
		},
	],
"weapons": [
{
 "name":"GT10-1"
  "x":0
  "y":2
  "shootY":4
      "rotateSpeed":2.5,
  "top": true
  "rotate":true
  	    "mirror":false,	
  "reload": 60
  "shootSound":"missile",
  "ejectEffect":"casing1"
 "shots": 1,
  "inaccuracy":3
  "alternate":true,
  "ignoreRotation": true,
    	"shoot":{
	"shots":1
	"shotDelay":1
//	"alternate":false
	}
  "bullet":{
               "speed": 4.5
               "lifetime": 45
               "damage":10
               "width": 8
               "shrinkY":0
               "height": 8
               "frontColor": "FEAE34",
               "backColor": "FEAE34",
               "trailColor": "FEAE34",
               "trailLength": 4,
               "trailWidth": 2,
               "splashDamageRadius":16,
               "splashDamage":20,
               "homingRange":40,
               "homingPower":0.025,
               "despawnEffect":"none",
    	    "hitEffect":{
    	    "type": "MultiEffect",
					"effects": [
{
        "type": "WaveEffect",
        "lifetime": 20,
        "sizeFrom": 1,
        "sizeTo": 16,
        "strokeFrom": 1.6,
        "strokeTo": 0,
//        "colorFrom": "FF7B7B",
        "colorTo": "FEAE34FF"
    }
						{
							"type": "ParticleEffect",
							"particles": 6,
							"sizeFrom": 3,
							"sizeTo": 0,
							"length": 20,
							"baseLength": 0,
							"lifetime": 30,
							"colorFrom": "FFE4AAFF",
							"colorTo": "pow2In",
							"cone": 360
						},
						{
		"type": "ParticleEffect",
    "particles": 4,
    "length":32,
    "baseLength": 0,
    "lifetime": 15,
    "line": true,
    "lenFrom":4,
    "lenTo":0,
    "strokeFrom": 1,
    "strokeTo": 1,
        "cone": 360
        "colorFrom":"FFE4AAFF",
        "colorTo":"FF9F69FF",
        }
						]
						}
}
}
]
}