{
"name": "GT40",
"description": "好耶，事坦克的T4",
"type": "tank",
"armor": 16,
"commandLimit": 6,
"speed": 0.5
"rotateSpeed": 1.5
"hitSize":30
"treadFrames":18
"health": 28000,
"range": 320,
"treadFrames":18
"treadPullOffset":2
"rippleScale":1.2
"squareShape":true
"omniMovement":false
"rotateMoveFirst":true
"itemCapacity":120,
"research": {
"parent": "GT30",//前置（前面科技）
"objectives": [
//"a038多幂级坦克飞船重构工厂"
]
}
"crushDamage": 6,
	"treadRects": [
		{
			"x": -3,
			"y": -3,
			"width": 30,
			"height": 40
		},
	],
"abilities":[
	{
	"type": "SpawnDeathAbility",
			"unit": "GT10",
			"amount": 6,
			"randAmount": 2
	}
	{
	"type": "SpawnDeathAbility",
			"unit": "GT20",
			"amount": 2,
			"randAmount": 1
	}
	]
"weapons": [
{
 "name":"GT40-1"
  "x":0
  "y":2
  "shootY":4
      "rotateSpeed":2,
  "top": true
  "rotate":true
  	    "mirror":false,	
  "reload": 150
  "shootSound":"shockBlast",
  "ejectEffect":"casing1"
 "shots": 1,
  "inaccuracy":0
  "shake":5,
  "alternate":true,
  "ignoreRotation": true,
    	"shoot":{
	"shots":1
	"shotDelay":1
//	"alternate":false
	}
  "bullet":{
  "trailChance": 0.5
	"trailEffect":{
      	    "type": "MultiEffect",
					"effects": [
{
"type": "ParticleEffect",
"particles": 2,
"line": false,
//"strokeFrom": 3,
//"strokeTo": 0,
//"lenFrom": 12,
//"lenTo": 0,
"length": 0,
"baseLength": 10,
"lifetime": 50,
//"colorFrom": "FFE4AAFF",
"colorTo": "FF9F69FF",
"cone": 360
"sizeFrom":5,//圆形从开始大小//粒子大小？？
"sizeTo":0,//圆形至结尾大小
"offsetX":0,
},
    ]
  }
               "speed": 4
               "lifetime": 60
               "damage":40
               "width": 16
               "shrinkY":0
               "height": 16
               "frontColor": "FEAE34",
               "backColor": "FEAE34",
               "trailColor": "FEAE34",
               "trailLength": 10,
               "trailWidth": 4,
               "splashDamageRadius":60,
               "splashDamage":180,
               "homingRange":24,
               "homingPower":0.015,
               "hitShake":6
               "fragBullets":4,
			"fragRandomSpread":20,//随机分裂角度
			"fragSpread":0,//分裂角度
			"fragAngle":0,//分裂起始角度
			"fragVelocityMin":0.9,//最小分裂弹速度
	    "fragVelocityMax":1.1,//最大分裂弹速
	    "fragBullet":{
	           "speed": 3
               "lifetime": 30
               "damage":15
               "splashDamage":80,
"splashDamageRadius":32,
               "width": 8
               "shrinkY":0
               "height": 8
               "frontColor": "FEAE34",
               "backColor": "FEAE34",
               "trailColor": "FEAE34",
               "trailLength": 5,
               "trailWidth": 2,
               "hitShake":3,
               "despawnEffect":"none",
    	    "hitEffect":{
    	    "type": "MultiEffect",
					"effects": [
{
        "type": "WaveEffect",
        "lifetime": 15,
        "sizeFrom": 1,
        "sizeTo": 32,
        "strokeFrom": 1,
        "strokeTo": 0,
//        "colorFrom": "FF7B7B",
        "colorTo": "FEAE34FF"
    }
						{
							"type": "ParticleEffect",
							"particles": 10,
							"sizeFrom": 1.2,
							"sizeTo": 0,
							"length": 32,
							"baseLength": 0,
							"lifetime": 15,
							"colorFrom": "FFE4AAFF",
							"colorTo": "pow2In",
							"cone": 360
						},
						{
		"type": "ParticleEffect",
    "particles": 8,
    "length":38,
    "baseLength": 0,
    "lifetime": 10,
    "line": true,
    "lenFrom":4,
    "lenTo":0,
    "strokeFrom": 1,
    "strokeTo": 1,
        "cone": 360
        "colorFrom":"FFE4AAFF",
        "colorTo":"FF9F69FF",
        }
						]
						}
}
        
               "despawnEffect":"none",
    	    "hitEffect":{
    	    "type": "MultiEffect",
					"effects": [
{
        "type": "WaveEffect",
        "lifetime": 40,
        "sizeFrom": 1,
        "sizeTo": 60,
        "strokeFrom": 2.5,
        "strokeTo": 0,
//        "colorFrom": "FF7B7B",
        "colorTo": "FEAE34FF"
    }
						{
							"type": "ParticleEffect",
							"particles": 6,
							"sizeFrom": 6.5,
							"sizeTo": 0,
							"length": 52,
							"baseLength": 0,
							"lifetime": 60,
							"colorFrom": "FFE4AAFF",
							"colorTo": "pow2In",
							"cone": 360
						},
						{
		"type": "ParticleEffect",
    "particles": 8,
    "length":64,
    "baseLength": 0,
    "lifetime": 30,
    "line": true,
    "lenFrom":6,
    "lenTo":0,
    "strokeFrom": 1.5,
    "strokeTo": 1,
        "cone": 360
        "colorFrom":"FFE4AAFF",
        "colorTo":"FF9F69FF",
        }
						]
						}
						"shootEffect":{
    	    "type": "MultiEffect",
					"effects": [
						{
							"type": "ParticleEffect",
							"particles": 8,
							"sizeFrom": 6,
							"sizeTo": 0,
							"length": 60,
							"baseLength": 0,
							"lifetime": 45,
							"colorFrom": "FEAE34",
							"colorTo": "FEAE34",
							"cone": 50
						},
						]
						}
						}
}
{
 "name":"GT40-2"
  "x":12
  "y":8
  "shootY":4
      "rotateSpeed":3,
  "top": true
  "rotate":true
  	    "mirror":true,	
  "reload": 60
  "shootSound":"missile",
  "ejectEffect":"casing1"
 "shots": 1,
  "inaccuracy":0
  "shake":2,
  "alternate":true,
  "ignoreRotation": true,
    	"shoot":{
	"shots":1
	"shotDelay":1
//	"alternate":false
	}
  "bullet":{
               "speed": 6
               "lifetime": 40
               "damage":40
               "width": 8
               "shrinkY":0
               "height": 8
               "frontColor": "FEAE34",
               "backColor": "FEAE34",
               "trailColor": "FEAE34",
               "trailLength": 5,
               "trailWidth": 2,
               "splashDamageRadius":24,
               "splashDamage":80,
               "homingRange":48,
               "homingPower":0.025,
               "hitShake":3
               "despawnEffect":"none",
    	    "hitEffect":{
    	    "type": "MultiEffect",
					"effects": [
{
        "type": "WaveEffect",
        "lifetime": 15,
        "sizeFrom": 1,
        "sizeTo": 24,
        "strokeFrom": 1,
        "strokeTo": 0,
//        "colorFrom": "FF7B7B",
        "colorTo": "FEAE34FF"
    }
						{
							"type": "ParticleEffect",
							"particles": 4,
							"sizeFrom": 1.2,
							"sizeTo": 0,
							"length": 32,
							"baseLength": 0,
							"lifetime": 15,
							"colorFrom": "FFE4AAFF",
							"colorTo": "pow2In",
							"cone": 360
						},
						{
		"type": "ParticleEffect",
    "particles": 3,
    "length":38,
    "baseLength": 0,
    "lifetime": 10,
    "line": true,
    "lenFrom":4,
    "lenTo":0,
    "strokeFrom": 1,
    "strokeTo": 1,
        "cone": 360
        "colorFrom":"FFE4AAFF",
        "colorTo":"pow2In",
        }
						]
						}
}
}
{
 "name":"GT40-2"
  "x":12
  "y":-6
  "shootY":4
      "rotateSpeed":3,
  "top": true
  "rotate":true
  	    "mirror":true,	
  "reload": 45
  "shootSound":"missile",
  "ejectEffect":"casing1"
 "shots": 1,
  "inaccuracy":0
  "shake":2,
  "alternate":true,
  "ignoreRotation": true,
    	"shoot":{
	"shots":1
	"shotDelay":1
//	"alternate":false
	}
  "bullet":{
               "speed": 6
               "lifetime": 40
               "damage":30
               "width": 8
               "shrinkY":0
               "height": 8
               "frontColor": "FEAE34",
               "backColor": "FEAE34",
               "trailColor": "FEAE34",
               "trailLength": 5,
               "trailWidth": 2,
               "splashDamageRadius":24,
               "splashDamage":60,
               "homingRange":48,
               "homingPower":0.025,
               "hitShake":3
               "despawnEffect":"none",
    	    "hitEffect":{
    	    "type": "MultiEffect",
					"effects": [
{
        "type": "WaveEffect",
        "lifetime": 15,
        "sizeFrom": 1,
        "sizeTo": 24,
        "strokeFrom": 1,
        "strokeTo": 0,
//        "colorFrom": "FF7B7B",
        "colorTo": "FEAE34FF"
    }
						{
							"type": "ParticleEffect",
							"particles": 4,
							"sizeFrom": 1.2,
							"sizeTo": 0,
							"length": 32,
							"baseLength": 0,
							"lifetime": 15,
							"colorFrom": "FFE4AAFF",
							"colorTo": "pow2In",
							"cone": 360
						},
						{
		"type": "ParticleEffect",
    "particles": 3,
    "length":38,
    "baseLength": 0,
    "lifetime": 10,
    "line": true,
    "lenFrom":4,
    "lenTo":0,
    "strokeFrom": 1,
    "strokeTo": 1,
        "cone": 360
        "colorFrom":"FFE4AAFF",
        "colorTo":"pow2In",
        }
						]
						}
						}
						}
]
}