{
	"type":"MassDriver",
	"size":1,
	"health":300,
	"hasPower":true,
	"hasLiquids":false,
	"hasItems":true,
	"itemCapacity":300,
	"range": 360,
	"reloadTime": 60,
	"rotateSpeed": 0.5,
	"shake": 1,
	"knockback":1,
	"minDistribute":5,
	"shootEffect":"shockwave",
	"smokeEffect":"smeltsmoke",
	"recieveEffect":"smeltsmoke",
	"consumes":{
		"power":3,
	},
	"requirements":[
		{"item":"copper","amount":120},
		{"item":"silicon","amount":120},
		{"item": "致密金属块", "amount":40},
		{"item": "thorium", "amount":40},
		{"item": "titanium", "amount": 80 }
	],
	"category":"distribution",
	"research": "mass-driver",
}