{
	"type": "UnitFactory",
	"name": "血胎制造中心",
	"description":"直接产出血胎",//介绍
	"health": 5400,
	"size": 9,
	"consumes": {
		"power": 25.3,
		"liquid": "血/30"
	},
	"plans": [
		{
			"unit": "血胎",
			"time": 5400,
			"requirements": [
				"高浓血锭/475",
				"silicon/1100",
				"plastanium/500"
				"phase-fabric/320"
				"surge-alloy/400"
			]
		},
	],
	"requirements": [
		"surge-alloy/800",
		"lead/4100"
		"silicon/3200"
		"低浓血锭/1000"
		"高浓血锭/750"
		"plastanium/620"
		"phase-fabric/575"
		"thorium/1200"
	],
	"category": "units",
	"research": "air-factory"
}