{
	"type": "Reconstructor",
	"name": "重血工厂",
	"description":"将血尸工厂输入的单位升到第二级",//介绍
	"health": 360,
	"liquidCapacity":60,
	"size": 5,
	"consumes": {
		"power": 3,
		"liquid": "血/0.07"
		"items": {
			"items": [
				"低浓血锭/22",
				"silicon/40",
				"graphite/40"
			]
		},
	},
	"upgrades":[
        ["血亡","死血"],
        ]
    "constructTime": 900,
	"requirements":[
		"copper/220",
		"lead/130",
		"silicon/100",
		"低浓血锭/80",
	],
	"category": "units",
	"research": "血亡"
}