{
	"type": "HeatCrafter",
	"name": "刚玉冶炼厂",
		"heatRequirement":6
	"description": "生成氧化铝，并转化为刚玉",
	"outputItem": {"item": "刚玉","amount":1},
	"size":3
	"itemCapacity":30
	"hasPower": true,
	"hasItems": true,
	"liquidCapacity":50
	"craftTime":90
	"consumes": {
	    "power":2
		"items": {
		    "items": ["铝/2"]
	},
	"liquids":{"liquids":["ozone/0.1"]}
},
		"drawer":{
        "type":"DrawMulti",
        "drawers":[
            "DrawDefault",
           // "DrawHeatInput"
           {"type":"DrawGlowRegion"
           "color":"c967b099"
           "layer":30.02
           "suffix":"-glow"
           }
                       {
	    "type":"DrawRegion",
	    "suffix":"-top"
	    "layer":30.03
	    },
	                           {
	    "type":"DrawRegion",
	    "suffix":"-t2"
	    "layer":30.01
	    },
               {"type":"DrawPistons"
	    "sides":8
	    "sinScl":6
	    "sinMag":4
	    "layer":29.99
	    }
            ]
    },
	"requirements": [
	],
	"category": "crafting",
	//"research": "graphite-press",
	"idleSound": "respawning",
	"updateEffect": "smeltsmoke"
	"idleSoundVolume": 0.8
	"health":820
}