{
    	"type": "HeatCrafter",
    		"heatRequirement":15
	"name": "泰坦合成厂",
	"description":"将多种材料混合制成泰坦合金",
	"health":3320,
	"outputItem": {"item": "泰坦合金", "amount":1},
	"itemCapacity":50,
	   "maxEfficiency":6
	"size":4,
    "hasItems": true,
	"hasLiquids":false
	"solid": true,
	"hasPower": true,
	"craftTime":120
	"consumes": {
		"power":9
	"items": {
	"items": [
	"thorium/1","铟/2","铱/1"
	]	},
	}
	"requirements": [
	],
	"category": "crafting",
	"research": "copper"
}