{
	"type":"HeatCrafter",
	"name":"热解坩埚",
	"description":"通过加热分解沙获取硅和臭氧",
	"outputLiquid":{"liquid":"ozone","amount":0.1}
	"outputItem":{"item":"silicon","amount":1}
		"heatRequirement":8
		   "maxEfficiency":5
	"size":3,
	"itemCapacity":40
	"hasPower":true,
	"hasLiquids":true,
	"liquidCapacity":60
	"hasItems":true,
	"craftTime":30
	"craftEffect":
		{"type":"ParticleEffect"
	"colorFrom":"c967b099"
	"colorTo":"c967b099"
	"sizeFrom":3
	"sizeTo":0
	"length":10
	"lifetime":80
	}
	"consumes":{
	    "power":2
	"items":{
	"items":[
	{"item":"sand","amount":1}
	]
	}
},
"drawer":{
	    "type":"DrawMulti",
	    "drawers":[
	            {
	    "type":"DrawRegion",
	    "suffix":"-bottom"
	    "layer":29.98
	    },
	    "DrawDefault"
	]},
	"requirements":[
	],
	"category":"crafting",
	"research":"graphite-press",
	"idleSound":"respawning",
	"updateEffect":"smeltsmoke",
	"idleSoundVolume":0.8,
	"health":1000
}