{
	"type": "HeatCrafter",
	"name": "煤气热解室",
	"description": "在密闭的高温容器中热解煤气",
	"outputItem": {"item": "焦炭","amount":2},
 "outputLiquid":
 {"liquid":"hydrogen","amount":0.33333333333}
	"size": 3,
	"itemCapacity": 20,
	"liquidCapacity":100
	"hasPower": true,
	"hasItems": true,
	"craftTime":40
	"heatRequirement":8
	  "maxHeatEfficiency":5
	"consumes": {
	    "power":3.33333333333
		"liquids": {
		    "liquids": [
		{"liquid": "煤气","amount":0.1666666666666}
		]
	},
},
	"requirements": [
	],
"drawer":{
	    "type":"DrawMulti",
	    "drawers":[
	    {
	    "type":"DrawRegion",
	    "suffix":"-bottom"
	    },
	    {
	       "type":"DrawLiquidTile",
	    "drawLiquid":"hydrogen"
	    },
	    {
	       "type":"DrawLiquidTile",
	    "drawLiquid":"煤气"
	    },
	    "DrawDefault"
	    "DrawHeatInput"
	]}
	"category": "crafting",
	"research": "graphite-press",
	"idleSound": "respawning",
	"updateEffect": "smeltsmoke"
	"idleSoundVolume": 0.8
	"health":800
}