{
	"type": "HeatCrafter",
	"name": "碳化坩埚",
	"description": "通过焦炭和钨直接合成碳化钨",
	"outputItem":"carbide/1"
	"size": 3,
	"itemCapacity":30
	"hasPower": true,
	"hasItems": true,
	"craftTime":60
	"heatRequirement":15
	"consumes": {
	    "power":2
		"items": {
		    "items": [
		"焦炭/3","tungsten/2"
		]
	},
},
				"drawer":{
        "type":"DrawMulti",
        "drawers":[
            "DrawDefault",
                        "DrawCrucibleFlame"
            ]
    },
	"requirements": [
	],
	
	"category": "crafting",
	//"research": "graphite-press",
	"idleSound": "respawning",
	//"updateEffect": "smeltsmoke"
	"idleSoundVolume": 0.8
	"health":1200
}