{
     "type":"ItemTurret",
     "name":"亭障", 
     "description":"赛普罗人针对塑钢特性研发出的碉堡炮", 
     "health":4080,
	 "size":3
	 "range":240,
     "targetAir":false,
     "targetGround":true,
	 "rotateSpeed":5
     "reload": 18,
	 "maxAmmo":12,
	 "shootSound":"artillery"
	 "recoil": 2,
	 "knockback": 6,
	 "inaccuracy": 2,
	 "recoilAmount":5
	"inaccuracy": 12,
	 	 "velocityInaccuracy":0.1
		 "ammoEjectBack":5
		 "minRange":1
			  	"shoot": {
		"shots": 12,
		"shotDelay": 0,
		"type": "ShootBarrel",
		"spread": 3
        "type":"ShootBarrel",
        "barrels":[
        0,2,0,
        0,-2,0,
        ]
		}
		"consumes": {
		"coolant": {
		"amount": 0.2,
        "optional": true
        }
	    },	 
	 "ammoTypes": {
	     "plastanium": {
	 "type":"BasicBulletType"
     "speed":6
     "lifetime":40
     "width": 6
     "height": 6
	 "hitEffect":"plasticExplosionFlak"
	 "damage":14
	 "reloadMultiplier":0.8
	 "frontColor":"F7FBD0FF"
     "reloadMultiplier":1
     "ammoMultiplier": 2
}
}

	  "requirements": [
		{ "item": "lead", "amount":180 }
		{ "item": "plastanium", "amount":180 }
		{ "item": "graphite", "amount":60 }		
	],
	"category": "turret",
	"research": "洪波"
}