{
	"name": "爬虫地雷",
	"description": "触碰时造成半径....这是什么？",
	"type": "ShockMine",
	"hasShadow":false,
	"health":80
	"damage": 0,
	"splashDamage": 0,
	"splashDamageRadius": 0,
	"tileDamage":80
	"length":0
	"tendrils":0
	"size":1,
    "baseExplosiveness":0,
	"requirements": [
	{ "item": "titanium", "amount":2 }
	{ "item": "silicon", "amount":14 }
	{ "item": "coal", "amount":8 }
	],
	"category": "effect",
  	"research": "弱化地雷"
  	"variants": 7
 "destroyBullet":{
"instantDisappear":true,
"damage":0,
"splashDamage":60,
"splashDamageRadius":20,
"buildingDamageMultiplier":1,
"despawnEffect":{
"type":"ExplosionEffect",
"lifetime":30//存在时间
"startDelay":0,//延时
"waveColor":"FFFFFFFF",//圆环颜色
"waveLife":10,//圆环存在时间/有上限，很短
"waveStroke":6,//圆环宽度
"waveRad":24,//圆环扩散范围
"waveRadBase":3,//圆环直径
}
}}