{
	"name": "氕氘氚分离工厂",
	"description": "分离氕氘氚的工厂",
	"flameColor":"1874CD",
    "health":1500,
	"itemCapacity":1000,
	"liquidCapacity":200,
	"size":4,
	"hasItems":true,
	"hasPower":true,
	"hasLiquids":true,
	"craftTime":10,
	"spinnerLength":0,
	"spinnerRadius":0,
	"spinnerThickness":0,
	"spinnerSpeed":0,
	"consumes": {
		"power":5.0,
		"liquid":{"liquid":"H2y","amount":0.5}
	},
    "results": [
        { "item": "Hc", "amount":1},
		{ "item": "Hd", "amount":100},
		{ "item": "Hp", "amount":1000}
    ],
	"requirements": [
		{"item":"Fe","amount":800},
		{"item":"Fe-C","amount":400},
		{"item":"Mg-Al","amount":200},
		{"item":"普通科技点","amount":960}
	],
	"research":{
	"parent":"H2-Plant",
    "requirements":[
		{"item":"Fe","amount":8000},
		{"item":"Fe-C","amount":4000},
		{"item":"Mg-Al","amount":2000}
	]},
	"category": "crafting"
}