{
	"name": "冰液制作器",
	"description": "把冰块制作生成冰液", 
	"itemCapacity":50,
	"liquidCapacity":500,
	"outputLiquid": {"liquid": "Wa", "amount":30},
	"size":2,
	"health":500,
	"hasPower": true,
	"hasLiquids": true,
	"hasItems": true,
	"craftTime":60,
	"consumes": {
		"power":1.0,
		"items":{
			"items":[
				{"item":"ice","amount":1}
			]
		}
	},
	"requirements": [
		{"item":"Mg","amount":200},
		{"item":"Al","amount":80},
		{"item":"普通科技点","amount":240}
	],
	"category": "crafting",	
	"research":{
	"parent":"ice-z",
    "requirements":[
		{"item":"Mg","amount":2000},
		{"item":"Al","amount":800}
	]}
}