{
	"type": "naval",
	"name": "急湍",
	"description": "配备两门小型炮塔和两门分裂子弹发射器",
	"speed":1.3,	
	"range":240//攻击距离
	"ammoType":"graphite",
	"ammoCapacity": 60,
    "trailLength":13,
    "waveTrailX":0,
    "waveTrailY":-3,
    "trailScl":1.2,
	"hitSize":14, 
	"health": 1200,
	"armor":5,
	"faceTarget": false,
	"research": "游鱼",
	"weapons":[ 
	{
		"name":"游鱼1"
	 "x":-2,"y":-2,
	 "reload":15,
	 	"rotateSpeed":4//转头速度
	"mirror":"true"
	 "shootSound": "missile",
	 "inaccuracy": 3,
	   "rotate":true
	"bullet": {//子弹
		"sprite":"进化之路-子弹2",//子弹贴图
		    "pierce":true,//穿透
			"pierceCap":5,//穿透数量
			"type": "BasicBulletType",//类型
			"damage":15,//单体伤害
			"speed":6,//速度
			"width":10,"height":12,//宽长度
			"lifetime":40,//存在时间
			"shootEffect": "shootSmall",//攻击特效
			"smokeEffect": "shootSmallSmoke",//烟雾特效
			"ammoMultiplier": 2}	}
				{
				"name":"急湍1"
				"mirror":"true"
	 "x":-2,"y":5,
	 "reload":35,
	 "shootSound": "missile",
	 "inaccuracy": 1,
	   "rotate":true
	   "rotateSpeed":2//转头速度
	"bullet": {//子弹
			"type": "BasicBulletType",//类型
			"damage":29,//单体伤害
			"speed":6,//速度
			"width":15,"height":15,//宽长度
			"lifetime":45,//存在时间
						"fragBullets":5,
        "fragBullet":{
        "speed":1.4,
        "damage":5,   
        "lifetime":13 
        },
			"shootEffect": "shootSmall",//攻击特效
			"smokeEffect": "shootSmallSmoke",//烟雾特效
			"ammoMultiplier": 2}	}	]//子弹装填度
}