{
	"type": "naval",
	"name": "深海",
	"description": "",
	"speed":1,	
	"range":320//攻击距离
	"rotateSpeed":3,
	"ammoType":"graphite",
	"ammoCapacity": 60,
    "trailLength":13,
    "waveTrailX":0,
    "waveTrailY":-3,
    "trailScl":1.2,
	"hitSize":20, 
	"health": 14000,
	"armor":11,
	"faceTarget": false,
	"research": "缥缈",
	"abilities":[
	{"type":"EnergyFieldAbility",//能量场
"hitBuildings":true,
"damage":30,
"reload":60,
"range":200,
"status":"治疗",
"statusDuration":240,
"maxTargets":25,
"color":"FFA96BFF",
"effectRadius":2.5,
"sectors":8,
"rotateSpeed":0.75,
"sectorRad":0.1,

"hitEffect":{
"type":"ParticleEffect",
"colorFrom":"84F491FF",//开始时颜色
"colorTo":"84F491FF",//结束时颜色
"region":"合金进化-斜十字",
"useRotation":false,
"particles":2,//粒子数量
"lifetime":15,//存在时间
"offset":0,//旋转偏移
"cone":0,//粒子扩散角度
"length":0,//粒子移动长度
"baseLength":0,//粒子在一定长度内出现
//"line":true,//形状为方形
"sizeFrom":8,
"sizeTo":2,
}
}
{"type":"RepairFieldAbility",//修复场
"amount":30,
"reload":240,
"range":60,}

{"type":"ShieldRegenFieldAbility",//护盾再生场
"amount":20,
"max":2800,
"reload":240,
"range":60,
}

{"type":"StatusFieldAbility",//状态场
"effect":"治疗",
"duration":120,
"reload":480,
"range":60,
}
]
	"weapons":[ 
					{
					"name": "缥缈1",
"x": 4,
"y": -3,
"shootY": 6
"reload": 75,
"restitution":0.08,
"cooldown":0.46,
"mirror": true,
"alternate": true,
"top": true,
"rotate": true,
"rotateSpeed": 2.5,
"inaccuracy": 0,
"shootSound": "sap",
"shoot": {
"type":"ShootSpread"
"shots":1,
	}
"bullet": {
"type":"EmpBulletType"
"backColor":"B5FDA4FF"
"frontColor":"B5FDA4FF"
"speed":5
"lifetime":65
"damage":35
"healPercent": 16,
"collidesTeam": true,
"width": 10
"height": 10
"radius":10
"timeIncrease":3
"timeDuration":1200
"unitDamageScl":0.12
"homingPower":0.068
"homingRange":40
"splashDamage":35
"splashDamageRadius":36
"status":"electrified"
"statusDuration":660
"trailChance": -1
"trailWidth": 4
"trailLength": 18
"trailColor": "B5FDA4FF"
"hitEffect":{
"type": "WaveEffect"
"lifetime": 8
"sizeFrom": 0
"sizeTo": 36
"colorFrom": "B5FDA4FF"
"colorTo": "B5FDA4FF"
"strokeFrom":4
"strokeTo":1
"rotation":0
"sides":14
}
"fragBullets": 10
"fragBullet": {
"type":"EmpBulletType"
"backColor":"B5FDA4FF"
"frontColor":"B5FDA4FF"
"speed":5
"lifetime":20
"homingPower":0.068
"homingRange":30
"splashDamageRadius":18
"splashDamage":30
"damage":35
"healPercent": 5,
"collidesTeam": true,
"width": 8
"height": 12
"radius":50
"timeIncrease":2.5
"timeDuration":500
"unitDamageScl":0.58
"status":"electrified"
"statusDuration":320
"trailChance": -1
"trailWidth": 4
"trailLength": 18
"trailColor": "B5FDA4FF"
"hitEffect":{
"type": "WaveEffect"
"lifetime": 8
"sizeFrom": 0
"sizeTo": 18
"colorFrom": "B5FDA4FF"
"colorTo": "B5FDA4FF"
"strokeFrom":3
"strokeTo":1.2
"rotation":0
"sides":14
}
}
}
}	
	{
					"name": "缥缈1",
"x": -5,
"y": -13,
"shootY": 6
"reload": 75,
"restitution":0.08,
"cooldown":0.46,
"mirror": true,
"alternate": true,
"top": true,
"rotate": true,
"rotateSpeed": 2.5,
"inaccuracy": 0,
"shootSound": "sap",
"shoot": {
"type":"ShootSpread"
"shots":1,
	}
"bullet": {
"type":"EmpBulletType"
"backColor":"B5FDA4FF"
"frontColor":"B5FDA4FF"
"speed":5
"lifetime":65
"damage":35
"healPercent": 16,
"collidesTeam": true,
"width": 10
"height": 10
"radius":10
"timeIncrease":3
"timeDuration":1200
"unitDamageScl":0.12
"homingPower":0.068
"homingRange":40
"splashDamage":35
"splashDamageRadius":36
"status":"electrified"
"statusDuration":660
"trailChance": -1
"trailWidth": 4
"trailLength": 18
"trailColor": "B5FDA4FF"
"hitEffect":{
"type": "WaveEffect"
"lifetime": 8
"sizeFrom": 0
"sizeTo": 36
"colorFrom": "B5FDA4FF"
"colorTo": "B5FDA4FF"
"strokeFrom":4
"strokeTo":1
"rotation":0
"sides":14
}
"fragBullets": 10
"fragBullet": {
"type":"EmpBulletType"
"backColor":"B5FDA4FF"
"frontColor":"B5FDA4FF"
"speed":5
"lifetime":20
"homingPower":0.068
"homingRange":30
"splashDamageRadius":18
"splashDamage":30
"damage":35
"healPercent": 5,
"collidesTeam": true,
"width": 8
"height": 12
"radius":50
"timeIncrease":2.5
"timeDuration":500
"unitDamageScl":0.58
"status":"electrified"
"statusDuration":320
"trailChance": -1
"trailWidth": 4
"trailLength": 18
"trailColor": "B5FDA4FF"
"hitEffect":{
"type": "WaveEffect"
"lifetime": 8
"sizeFrom": 0
"sizeTo": 18
"colorFrom": "B5FDA4FF"
"colorTo": "B5FDA4FF"
"strokeFrom":3
"strokeTo":1.2
"rotation":0
"sides":14
}
}
}
}	]//子弹装填速度
}