{
	"type": "naval",
	"name": "隐匿",
	"description": "可以修复队友，伤害非常低",
	"speed":1.4,	
	"range":160//攻击距离
	"rotateSpeed":3,
	"ammoType":"graphite",
	"ammoCapacity": 60,
    "trailLength":13,
    "waveTrailX":0,
    "waveTrailY":-3,
    "trailScl":1.2,
	"hitSize":10, 
	"health": 300,
	"armor":3,
	"faceTarget": false,
	"research": "初级海军工厂",
	"weapons":[ 
{	//治愈光束
"type":"RepairBeamWeapon",
"x":2,"y":4,
"beamWidth":0.5,
"repairSpeed":1,
"top":true,
"mirror":true,//镜像
"laserColor":"5BD188FF",
"laserTopColor":"FDFFFEFF",
"bullet":{
"maxRange":80,
"ammoMultiplier":1,//每个物品能够
} }
				{
"name":"11111",//名称
"rotate": true,
"rotateSpeed": 5,
"x":0,"y":1,
"ejectEffect":"casing1",
"top":false,
"reload":50,//装弹时间
"bullet":{
"type":"BasicBulletType",//基础子弹
"frontColor":"5BD188FF","backColor":"5BD188FF",
"width":5,"height":5,
"speed":2.5,"lifetime":60,
"damage":9,"collidesTeam":true,
"healPercent":1,"healAmount":1,
"reloadMultiplier":1,
    }   } 	]//子弹装填速度
}