{   
"name":"樱花飞行器",
"description":"你的好帮手",
"type":"flying",
"controller":"MinerAI",
        "itemCapacity": 20,
        "rotateSpeed": 6,
        "buildSpeed": 0,
        "armor": 1,
        "hitSize": 10,
        "turnCursor":false,
        "flying":true,
        "drag": 0.18,
        "accel": 0.15,
        "speed": 1.5,
        "health": 150,
        "engineSize": 1.9,
        "engineOffset": 5.8,
        "range": 65,
        "isEnemy":false,
        "ammoType":"lead",
        "ammoCapacity": 80,
        "ammoResupplyAmount":5,
        "mineTier":3,
        "mineSpeed":3.5,
        "trailLength": 5,
        "trailColor": "fcdef4",
        "research": "air-factory"
}