{
    "type": "legs",
    "name": "繁星",
    "description": "樱落模组的第一只t6单位",
    "speed": 0.4,
    "legCount": 6,
    "legLength": 25,
    "legBaseOfset": 100,
    "legMoveSpace": 1,
    "legTrns": 0.5,
    "hovering": true,
    "visualElevation": 0.3,
    "drag": 0.4,
    "hitSize": 30,
    "rotateSpeed": 2,
    "health": 35000,
    "immunities": [
        "burning",
        "melting"
    ],
    "armor": 15,
    "itemCapacity": 280,
    "ammoType": {
        "type": "PowerAmmoType",
        "totalPower": 3000
    },
    "ammoCapacity": 3000,
    "commandLimit": 8,
    "buildSpeed": 5,
    "range": 600,
    "maxrange": 610,
    "shootStatus": "slow",
    "shootStatusDuration": 200,
    "research": "corvus",
    "rotateWeapon": false,
    "abilities": [
        {
            "type": "RepairFieldAbility",
            "range": 50,
            "amount": 300,
            "reload": 180
        }
    ],
    "weapons": [
        {
            "type": "RepairBeamWeapon",
            "name": "修复1",
            "x": 20,
            "y": -3,
            "beamWidth": 1,
            "repairSpeed": 1,
            "shootY": 6,
            "rotate": true,
            "rotateSpeed": 2,
            "top": true,
            "mirror": true,
            "bullet": {
                "maxRange": 60,
                "ammoMultiplier": 1
            }
        },
        {
            "name": "激光1",
            "reload": 200,
            "mirror": false,
            "rotate": true,
            "rotateSpeed": 2,
            "shootY": 3,
            "x": 10,
            "y": -15,
            "recoil": 0,
            "shots": 1,
            "continuous": true,
            "cooldownTime": 240,
            "shootSound": "beam",
            "bullet": {
                "type": "ContinuousLaserBulletType",
                "damage": 35,
                "length": 550,
                "width": 4,
                "drawSize": 250,
                "lifetime": 150,
                "shake": 1,
                "despawnEffect": "smokeCloud",
                "smokeEffect": "none",
                "shootEffect": "none",
                "incendChance": 1,
                "incendSpread": 1,
                "incendAmount": 1,
                "healPercent": 1,
                "collidesTeam": true,
                "colors": [
                    "fcdef4",
                    "fcdef4",
                    "fcdef4"
                ],
                "hitEffect": {
                    "type": "ParticleEffect",
                    "particles": 8,
                    "sizeFrom": 9,
                    "sizeTo": 0,
                    "line": true,
                    "length": 85,
                    "baseLength": 0,
                    "lifetime": 25,
                    "colorFrom": "fcdef4",
                    "colorTo": "fcdef4",
                    "cone": 80
                }
            }
        },
        {
            "name": "激光2",
            "reload": 200,
            "mirror": false,
            "shootY": 3,
            "x": -10,
            "y": -15,
            "rotate": true,
            "rotateSpeed": 2,
            "recoil": 0,
            "shots": 1,
            "continuous": true,
            "cooldownTime": 240,
            "shootSound": "beam",
            "bullet": {
                "type": "ContinuousLaserBulletType",
                "damage": 35,
                "length": 550,
                "width": 4,
                "drawSize": 250,
                "lifetime": 150,
                "shake": 1,
                "despawnEffect": "smokeCloud",
                "smokeEffect": "none",
                "shootEffect": "none",
                "incendChance": 1,
                "incendSpread": 1,
                "incendAmount": 1,
                "healPercent": 1,
                "collidesTeam": true,
                "colors": [
                    "fcdef4",
                    "fcdef4",
                    "fcdef4"
                ],
                "hitEffect": {
                    "type": "ParticleEffect",
                    "particles": 8,
                    "sizeFrom": 9,
                    "sizeTo": 0,
                    "line": true,
                    "length": 85,
                    "baseLength": 0,
                    "lifetime": 25,
                    "colorFrom": "fcdef4",
                    "colorTo": "fcdef4",
                    "cone": 80
                }
            }
        },
        {
            "name": "繁星主炮",
            "rotate": true,
            "rotateSpeed": 1,
            "shootSound":"laserblast",
                "chargeSound": "lasercharge",
                "soundPitchMin": 1,
                "top":"false",
                "mirror":  false,
                "shake": 0,
                "shootY":  0,
                "x": -27,
                "y": 7,
                "reload": 250,
                "recoil":  0,

                "cooldownTime":  250,
                "shootStatusDuration":  120,
                "parentizeEffects":  true,
                "bullet": {
                    "type":"LaserBulletType",
                    "length":  520,
                    "damage":  300,
                    "width":  80,
                    "lifetime":  65,
                    "lightningSpacing":  35,
                    "lightningLength":  5,
                    "lightningDelay":  1.1,
                    "lightningLengthRand":  15,
                    "lightningDamage":  50,
                    "lightningAngleRand":  40,
                    "largeHit":  true,
                    "lightColor": "fcdef4",
                    "chargeEffect":"greenLaserCharge",
                    "healPercent":  25,
                    "collidesTeam": true,
                    "sideAngle": 15,
                    "sideWidth":  0,
                    "sideLength":  0,
                    "colors": [
                        "fcdef4",
                        "fcdef4",
                        "fcdef4"
                    ]
                    }
            },
            {
                "rotate": true,
                "rotateSpeed": 1,
                "shootSound":"laserblast",
                    "chargeSound": "lasercharge",
                    "soundPitchMin": 1,
                    "top":false,
                    "mirror":  false,
                    "shake": 0,
                    "shootY":  0,
                    "x": 0,
                    "y": 0,
                    "reload": 250,
                    "recoil":  0,
    
                    "cooldownTime":  250,
                    "shootStatusDuration":  120,
                    "parentizeEffects":  true,
                    "bullet": {
                        "type":"LaserBulletType",
                        "length":  520,
                        "damage":  350,
                        "width":  80,
                        "lifetime":  65,
                        "lightningSpacing":  35,
                        "lightningLength":  5,
                        "lightningDelay":  1.1,
                        "lightningLengthRand":  15,
                        "lightningDamage":  50,
                        "lightningAngleRand":  40,
                        "largeHit":  true,
                        "lightColor": "fcdef4",
                        "chargeEffect":"greenLaserCharge",
                        "healPercent":  25,
                        "collidesTeam": true,
                        "sideAngle": 15,
                        "sideWidth":  0,
                        "sideLength":  0,
                        "colors": [
                            "fcdef4",
                            "fcdef4",
                            "fcdef4"
                        ]
                        }
                }
        ]
    }
