{   "name":"飞鸟",
    "type":"flying",
    "description": "协助飞行器,配备单门小型激光武器,只能通过雁塞生产.",
	"details":"火力不够,人数来凑.",
	"buildSpeed": 1,
	"range": 240,
    "rotateSpeed": 3,
    "speed": 3,
    "hitSize": 18,
    "health": 1400,
    "accel": 0.5,
	"lowAltitude": true,
    "flying": true,
	"faceTarget": false,
	"engines": [
		{
			"x": 10,
			"y": -10,
			"radius": 3,
			"rotation": 0
		},
		{
			"x": 10,
			"y": 10,
			"radius": 3,
			"rotation": 0
		},
		{
			"x": -10,
			"y": 10,
			"radius": 3,
			"rotation": 0
		},
		{
			"x": -10,
			"y": -10,
			"radius": 3,
			"rotation": 0
		}
	],
	"abilities": [
	{
		"type": "EnergyFieldAbility",
		"damage": 1,
		"reload": 150,
		"range": 80,
		"healPercent": 0.5,
		"effectRadius": 2,
		"sectors": 3,
		"sectorRad": 0.3,
		"sameTypeHealMult": 0.3,
		"damageEffect": "chainLightning",
		"shootSound": "spark",
		"statusDuration": 150,
		"x": 0,
		"y": 0,
		"maxTargets": 2
	}
	],
	"weapons":[
        {
			"name": "飞鸟1",
			"alternate": true,
			"reload": 24,
			"range": 100,
			"x": 0,
			"y": 0,
			"rotate": true,
			"rotateSpeed": 5,
			"top": false,
			"recoil": 2,
			"inaccuracy": 10,
			"mirror": false,
			"shootSound": "missile",
			"shootCone": 90,
			"velocityRnd": 0,
			"shoot": {
				"shotDelay": 1,
				"shots": 1
			},
			"bullet": {
				"type": "BasicBulletType",
				"reflectable": false,
				"healPercent": 4,
				"damage": 10,
				"width": 4,
				"height": 8,
				"splashDamage": 10,
				"splashDamageRadius": 10,
				"homingDelay": 70,
				"homingPower": 1,
				"homingRange": 100,
				"statusDuration": 60,
				"collidesTeam": false,
				"backColor": "e0f5d0",
				"frontColor": "FFFFFF",
				"mixColorTo": "FFFFFF",
				"hitSound": "plasmaboom",
				"hitEffect": {
					"type": "MultiEffect"
				},
				"despawnEffect": "none",
				"shootEffect": "none",
				"sprite": "circle-bullet",
				"hitShake": 8,
				"shrinkX": 0,
				"shrinkY": 0,
				"drag": 0.03,
				"lifetime": 100,
				"speed": 8,
				"fragRandomSpread": 10,
				"fragBullets": 1,
				"fragBullet": {
					"type": "LaserBulletType",
					"healPercent": 1.5,
					"damage": 55,
					"status": "shocked",
					"collidesTeam": true,
					"hitEffect": "none",
					"despawnEffect": "none",
					"colors": [
						"e0f5d0",
						"e0f5d0",
						"e0f5d0",
						"FFFFFF"
					],
					"width": 6,
					"length": 150,
					"lifetime": 10
				},
				"research": {
					"parent": "雁塞"
				}
			}
		}
]
}