{
  "type":"Separator",
  "name":"初级分离机",
  "description":"初级分离器可以分离此模组的矿物",
  "health":300,
  "spinnerSpeed":3
  "alwaysUnlocked":true,
  "liquidCapacity":500,
  "itemCapacity":100,
  "size":2,
  "craftTime":30,
  "results":[
  {"item":"铁","amount":2}
  {"item":"锰","amount":2}
  {"item":"钨","amount":1}
  ],
  "consumes":{
    "power":1,
    "liquid":{
      "liquid":"slag",
      "amount":0.15,
    },
  }
  "requirements":[
  {"item":"copper","amount":200}
  {"item":"graphite","amount":100}
  {"item":"lead","amount":100}
  ],
 "category":"crafting",
}