{
"type":"GenericCrafter"
"name":"重炼工厂"
"description":"将铜与铅融化成矿渣"
"health":200
"itemCapacity":10
"outputLiquid": {"liquid": "slag", "amount": 0.5}
"size":2,
"hasPower":true
"alwaysUnlocked":true,
"craftEffect":"pulverize"
"hasLiquids":true
"usage":20,
"craftEffect":"pulverizeSmall"
"hasItems":true
"craftTime":40
"consumes": {
"power":0.5
  "items": {
    "items": [
    { "item": "copper", "amount":6 }
    { "item":"lead", "amount":6}
    ]
  }
}
"requirements": [
{ "item": "copper", "amount": 50}
{ "item": "lead", "amount": 50}
]
"category": "crafting",
}