{
  "type":"GenericCrafter",
  "name":"钢炉",
  "description":"将铁锻造成钢",
  "health":500,
  "itemCapacity":10,
  "size":2,
  "hasPower":true,
  "hasLiquids":false,
  "alwaysUnlocked":true,
  "hasItems":true,
  "craftTime":60,
  "craftEffect":"smeltsmoke",
  "updateEffect":"smeltsmoke",
  "drawer":{
"type":"DrawMulti",
"drawers":[
"DrawDefault",
"DrawFlame",
"DrawFade",
]}
  "updateEffectChance":0.04,
  "consumes":{
    "items":{
      "items":[
      {"item":"铁","amount":1}
      {"item":"coal","amount":1}
      ],
    }
  }
  "outputItem":{"item":"钢","amount":1},
  "requirements":[
  {"item":"graphite","amount":55}
  {"item":"lead","amount":50}
  {"item":"copper","amount":50}
  ],
  "category":"crafting",
  "research":"duo",
  "flameColor":F9DBB1FF,
  "breakSound":"fire",
}