{
	"type":"missile",
	"controller":"MissileAI",
	"lowAltitude":false,
	"speed":5,
	"rotateSpeed":0.3,
	"lifetime":104,
	"isEnemy":false,
	"allowedInPayloads":false,
	"playerControllable":false,
	"physics":false,
	"useUnitCap":false,
	"createWreck":false,
	"createScorch":false,
	"flying":true,
	"hidden":true,
	"health":200,
	"hitSize":8,
	"outlineRadius":0,
	"maxRange":15,
	"trailColor":"FAFF70FF",
	"trailLength":16,

	"engineColor":"FAFF70FF",
	"outlineRadius":0,
	"engineSize":2,
	"engineOffset":6,
	"engineLayer":110,
	"drawCell":false,
	"maxRange":15,

	"weapons":[
	{"name":"bbomboom",
	"shootCone":360,
	"shootOnDeath":true,
	"controllable":true,
	"shootSound":"none",
	"bullet":{
	"type":"ExplosionBulletType",
	"instantDisappear":true,
	"keepVelocity":false,
	"splashDamageRadius":60,
	"splashDamage":80,
	"killShooter":true,

		"lightningColor":"FAFF70FF",
		"lightning":6,
		"lightningDamage":30,
		"lightningLength":5,
		"lightningCone":360,
		"lightningLengthRand":8

	"hitEffect":{
	"type":"multiEffect",
	"effects":[
	{"type":"WaveEffect",
	"lifetime":30,
	"sizeFrom":0,
	"sizeTo":60,
	"strokeFrom":12,
	"strokeTo":0,
	"colorFrom":"A6F069FF",
	"colorTo":"FAFF70FF",
	},
	{"type":"ParticleEffect",
	"offset":30,
	"particles":12,
	"lifetime":40,
	"length":100,
	"interp":"circleOut",
	"sizeInterp":"pow5In",
	"cone":-360,
	"line":true,
	"strokeFrom":1.5,
	"strokeTo":1.5,
	"lenFrom":5,
	"lenTo":5,
	"lightColor":"FAFF70FF",
	"colorFrom":"A6F069FF",
	"colorTo":"FAFF70FF",
	},
	{"type":"ParticleEffect",
	"offset":30,
	"particles":12,
	"lifetime":60,
	"length":50,
	"interp":"circleOut",
	"sizeInterp":"pow5In",
	"cone":-360,
	"line":true,
	"strokeFrom":1.5,
	"strokeTo":1.5,
	"lenFrom":7,
	"lenTo":7,
	"lightColor":"FAFF70FF",
	"colorFrom":"A6F069FF",
	"colorTo":"FAFF70FF",
	}
	{"type":"ParticleEffect",
	"offset":30,
	"particles":12,
	"lifetime":60,
	"length":50,
	"interp":"circleOut",
	"sizeInterp":"pow5In",
	"cone":-360,
	"lightColor":"FAFF70FF",
	"colorFrom":"A6F069FF",
	"colorTo":"FAFF70FF",
	"sizeFrom":9,
	"sizeTo":0,
	}
	{"type":"ParticleEffect",
	"offset":30,
	"particles":8,
	"lifetime":60,
	"length":60,
	"interp":"circleOut",
	"sizeInterp":"pow5In",
	"cone":-360,
	"lightColor":"FAFF70FF",
	"colorFrom":"A6F069FF",
	"colorTo":"FAFF70FF",
	"sizeFrom":6,
	"sizeTo":0,
	}
	{"type":"ParticleEffect",
	"particles":7,
	"length":45,
	"lifetime":180,
	"interp":"pow3Out",
	"sizeInterp":"pow5In",
	"offset":30,
	"colorFrom":"787878",
	"colorTo":"787878",
	"sizeFrom":20,
	"sizeTo":0
	}	]	}
	}	}	],
}
