{
	"type": "missile", // 单位类型：导弹
	"template": "MissileUnitType", // 使用导弹单位模板
	"name": "质驱1", // 单位名称
	"speed": 5, // 飞行速度(格/秒)
	"lifetime":90, // 最大存活时间(帧)
	"rotateSpeed": 4, // 转向速度(度/帧)
	"loopSoundVolume": 0.7, // 循环音效音量
	"hidden": false, // 是隐藏
	"missileAccelTime": 5, // 加速时间(帧)
	"homingDelay": 10, // 制导启动延迟(帧)
	"hitSize": 24, // 碰撞体积(像素)
	"health": 6000, // 生命值
	"fogRadius": 15, // 战争迷雾探测半径(格)
	"engineColor": "F7D89FE6", // 引擎颜色(玫红色)
	"trailColor": "F7D89FE6", // 尾迹颜色(浅橙色)
	"trailLength": 2, // 尾迹长度
	"engineOffset": 7, // 引擎位置偏移
	"engineSize": 3, // 引擎粒子大小
	"maxRange": 1.5, // 最大射程(格)
	"abilities": [
		{
			"type": "MoveEffectAbility",
			"effect": {
				"type": "ParticleEffect",
				"sizeFrom": 3,
				"sizeTo": 10,
				"length": 32,
				"baseLength": 0,
				"lifetime": 33,
				"colorFrom": "F7D89FE6",
				"colorTo": "6E7080B1",
				"cone": 28
			},
			"interval": 3,
			"rotateEffect": true,
			"y": -8,
			"color": "F7D89FE6"
		}
	],
	"weapons": [ // 武器系统
		{
			"name": "自爆", // 贴图名
			"reload": 20, // 装填时间(帧)其实这不需要
			"mirror": false, // 不镜像对称
			"rotate": true, // 可旋转
			"shake": 8, // 爆炸屏幕震动强度
			"shootSound": "none", // 无射击音效
			"shootOnDeath": true, // 死亡时触发
			"shootCone": 360, // 全向爆炸
			"bullet": { // 子弹配置
				"collides":false, // 无碰撞检测
				"instantDisappear": true, // 立即消失
				"ammoMultiplier": 1, // 弹药消耗倍数
				"hitSound": "titanExplosion", // 爆炸音效(泰坦级)
				"killShooter": true, // 杀死发射者
				"splashDamageRadius": 75, // 爆炸范围(像素)
				"splashDamage": 1145, // 范围伤害
				"status": "blasted", // 施加"爆炸"状态
				"hitShake": 2, // 命中震动
				"shootEffect": "none", // 无射击特效
				"smokeEffect": "none", // 无烟雾特效
				"despawnEffect": "none", // 无消失特效
				"hitColor":"F7D89FE6", // 命中颜色(橙红色)
				"shootEffect": { // 射击特效
					"type": "MultiEffect", // 复合特效
					"effects": [ // 特效列表
						"massiveExplosion", // 大规模爆炸特效
						{
							"type": "WrapEffect", // 包裹特效
							"effect": "scatheExplosion", // 基础特效
							"color": "F7D89FE6" // 颜色
						}
					]
				},
				"smokeEffect": "none", // 烟雾特效（无）
				"despawnEffect": "none", // 消失特效（无）
				"hitEffect": { // 命中特效
					"type": "MultiEffect", // 复合特效
					"effects": [ // 特效列表
						{
							"type": "ParticleEffect", // 粒子效果
							"particles": 25, // 粒子数量
							"sizeFrom": 90, // 起始大小
							"sizeTo": 0, // 结束大小
							"length": 70, // 长度
							"baseLength": 20, // 基础长度
							"interp": "pow10Out", // 插值方式
							"sizeInterp": "pow10Out", // 大小插值方式
							"lifetime": 80, // 生命周期
							"colorFrom": "F7D89FE6", // 起始颜色
							"colorTo": "6E7080B1" // 结束颜色
						},
						{
							"type": "WaveEffect", // 波纹效果
							"lifetime": 25, // 生命周期
							"sizeFrom": 0, // 起始大小
							"sizeTo": 65, // 结束大小
							"strokeFrom": 25, // 起始描边
							"strokeTo": 0, // 结束描边
							"colorFrom": "F7D89FE6", // 起始颜色
							"colorTo": "6E7080B1" // 结束颜色
						}
					]
				}
			}
		}
	]
}