{
	"type": "ItemTurret",
	"name": " ES起点(双管)",
	"description": "交替向敌人发射子弹，非常弱小的炮台",
	"health": 230,
	"size": 1,
	"reload":100,
	"range": 150,
    "ammoPerShot": 3
    "consumes": {
	"coolant":{"amount":0.1666,"optional":true}  }
	"shoot":{
		"shots":4
	    "shotDelay":30
		"type":"ShootAlternate",
		"barrels":2
		"spread":2
	},
	"maxAmmo":35
	"ammoUseEffect": "casing2Double",
	"inaccuracy": 5,
	"shake":1,
	"ammoTypes": {
	"铜":{
	        "speed": 3,
			"damage": 9,
			"lifetime":50,
			"width": 7,
			"height": 8,
			"ammoMultiplier":3
			"reloadMultiplier": 1.4,
			"shootEffect": "shootSmall"	    },
	    "铅":{		 
	    "reloadMultiplier":2, 
	        "speed": 3,
			"damage": 3,
			"lifetime":50,
			"width": 7,
			"height": 8,
			"splashDamageRadius":15,
		"splashDamage":8,
			"ammoMultiplier":4
			"shootEffect": "shootSmall"	    },
	    "石墨": {
			"speed": 3,
			"damage": 12
			"lifetime":50,
			"width": 7,
			"height": 8,
					"splashDamageRadius":15,
		"splashDamage":6
	    "makeFire":true,
			"ammoMultiplier":3
			"shootEffect":"shootSmall",
			"status":"燃烧",
	     	"statusDuration":60,	
	     	"backColor":"FFD700",
			"frontColor":"FFD700"
	    }
	    "煤": {
			"speed": 3
			"damage": 8
			"lifetime":50,
			"ammoMultiplier":2
	"splashDamageRadius":25,
	"splashDamage":22
	    "width":15,	 "height":15
	    	"status":"燃烧",
	"statusDuration":180,
	"makeFire":true,
	}
	    }
	"requirements": [
{ "item": "铜", "amount": 25 }
{ "item": "铅", "amount": 5 }
	],
	"category": "turret",
	"research": {
		"parent": "初代核心",
		"objectives": [
            {
				"type": "OnSector",
				"preset": "ES零号地区"
			}
			]}
			"details":"从残破的核心中提取出的建筑数据，免费研究",
			"researchCostMultiplier": 0
	        "canOverdrive":false
	         "recoilTime": 15,
    "recoil": 1
}
