{
"type":"mech",
"name":"实验型耀星",
"description":"发射穿透性激光束来攻击敌人。",
"research":"实验型恒星",
"health":640,//生命
"armor":9,//护甲
"boostMultiplier":2,
"mechLandShake":2,
"riseSpeed":0.05,
"mechFrontSway":0.55,
"speed":0.4,//速度
"hitSize":13,//尺寸
"itemCapacity":50,//背包容量
"ammoType":1500,

"canBoost":true,

"weapons":[

{"name":"耀星左炮",//名称
"x":-6.5,"y":0,
"shake":2,
"top":false,
"mirror":false,//镜像
"reload":110,//装弹时间
"recoil":4,
"shootSound":"laser",
"bullet":{
"type":"LaserBulletType",//基础子弹
"damage":45,
"sideAngle":30,
"sideWidth":1,
"sideLength":35,
"length":135,
"colors":[D1EFFF,D1EFFF,D1EFFF],//颜色
"ammoMultiplier":1,//每个物品能够
}}

{"name":"耀星右炮",//名称
"x":6.5,"y":0,
"shake":2,
"top":false,
"mirror":false,//镜像
"reload":110,//装弹时间
//"alternate":false,
"recoil":4,
"shootSound":"laser",
"bullet":{
"type":"LaserBulletType",//基础子弹
"damage":45,
"sideAngle":30,
"sideWidth":1,
"sideLength":35,
"length":135,
"colors":[D1EFFF,D1EFFF,D1EFFF],//颜色
"ammoMultiplier":1,//每个物品能够
}}

{"name":"耀星主炮",//名称
"x":0,"y":0,
"layerOffset":-1,
"shake":4,
"top":false,
"mirror":false,//镜像
"reload":220,//装弹时间
"recoil":0,
"shootSound":"laser",
"bullet":{
"type":"LaserBulletType",//基础子弹
"recoil":2,
"damage":90,
"sideAngle":45,
"sideWidth":1,
"sideLength":45,
"lifetime":30,
"width":25,
"length":135,
"colors":[D1EFFF,D1EFFF,D1EFFF],//颜色
"ammoMultiplier":1,//每个物品能够
}}

]}