{
"type":"mech",
"name":"实验型恒星",
"description":"向附近的敌人发射电浆弹。",
"research":"实验型新星",
"health":320,//生命
"armor":4,//护甲
"boostMultiplier":1.6,
"riseSpeed":0.07,
"speed":0.7,//速度
"hitSize":11,//尺寸
"itemCapacity":40,//背包容量
"ammoType":1300,

"canBoost":true,

"weapons":[{
"name":"恒星武器",//名称
"x":5,"y":0.5,
"shake":2.2,
"ejectEffect":"none",
"recoil":2.5,
"top":false,
"reload":50,//装弹时间
"shootSound":"spark",
"bullet":{
"type":"BasicBulletType",//基础子弹
"sprite":"circle-bullet",//子弹贴图
"frontColor":"#D1EFFF",
"backColor":"#D1EFFF",
"reloadMultiplier":1,//装弹速度倍率
"pierce":true,//穿透
"pierceBuilding":true,//穿透建筑
"pierceCap":3,//穿透数量
"laserAbsorb":true,//被塑钢吸收
"absorbable":false,//受力墙影响
"hittable":false,//被分解
"reflectable":false,//被反弹
"homingPower":0.015,//追踪力度
"homingRange":112,//追踪范围，8/格
"lifetime":150,//存在时间，帧
"speed":0.8,
"damage":10,//伤害
"splashDamage":12,//范围伤害
"splashDamageRadius":16,//范围伤害距离
"lightningDamage":17,//闪电伤害
"lightning":3,//闪电数量
"lightningLength":4,//长度？
"lightningColor":"D1EFFF"//闪电颜色
"shrinkX":0,"shrinkY":0,
"height":5,"width":5,
"hitSize":5,//子弹碰撞箱大小
            "shootEffect": {
                "type": "multiEffect",
                "lifetime": 40,
                "effects": [
                    {
                        "type": "ParticleEffect",
                        "colorFrom": "#D1EFFF",
                        "colorTo": "#D1EFFF",
                        "particles": 6,
                        "lifetime": 15,
                        "cone": 45,
                        "length": 16,
                        "baseLength": 0,
                        "line": true,
                        "strokeFrom": 2,
                        "strokeTo": 0,
                        "lenFrom": 4,
                        "lenTo": 16
                    }
                ]
            },
}}
]}