{
"type":"legs",
"name":"实验型毒蛛",
"description":"向敌人发射较弱的激光束，并在此过程中自我修复。
可以跨越大多数地形。",
"research":"装甲爬虫",
"health":600,//生命
"armor":3,//护甲
"boostMultiplier":1.6,
"rotateSpeed":3,
"speed":0.6,//速度
"drag":0.4,
"hitSize":13,//尺寸
"legCount":4,
"legLength":9,
"legForwardScl":0.6,
"legMoveSpace":1.4,
"hovering":true,
"shadowElevation":0.2,
"itemCapacity":50,//背包容量
"ammoType":1000,
"weapons":[{
"name":"毒蛛武器",//名称
"x":7,"y":0,
"shootY":4,
"shake":0,
"ejectEffect":"none",
"recoil":1,
"top":false,
"reload":9,//装弹时间
"shootSound":"sap",
"bullet":{
"type":"SapBulletType",//基础子弹
"sapStrength":0.85,
"length":52,
"damage":15,
"shootEffect":"shootSmall",
"hitColor":"A5B3FF",
"color":"A5B3FF",
"despawnEffect":"none",
"width":0.54,
"lifetime":35,
//"knockback":-1.24,
"pierceBuilding":true,//穿透建筑
"laserAbsorb":true,//被塑钢吸收
"pierce":true,//穿透
}}
]}

