{
"type":"flying",
"name":"实验型星辉",
"description":"发射子弹攻击敌人并修复己方建筑。",
"research":"实验兵工厂",
//"defaultCommand":"repairCommand",
"speed":2.7,//速度
"accel":0.08,//加速度
"drag":0.04,//拖曳
//"isEnemy":false,//被计算敌人
"hitSize":9,//尺寸
"flying":true,//是否是飞行单位
"health":70,//生命
"armor":0,//护甲
"engineOffset":5.75,//发电机补偿
"itemCapacity":10,//背包容量

"abilities":[{"type":"RepairFieldAbility",
"amount":5,"reload":480,"range":60,}]

"weapons":[{
"name":"Weapon",//名称

"shootSound":"pew",
"x":2,"y":0,
"ejectEffect":"casing1",
"reload":20,//装弹时间
"bullet":{
"type":"BasicBulletType",//基础子弹
"frontColor":"98ffa9","backColor":"98ffa9",
"shootEffect":"shootSmall",
"smokeEffect":"shootSmallSmoke",
"ammoMultiplier":2,
"width":7,"height":9,
"speed":2.5,"lifetime":45,
"damage":9,"collidesTeam":true,
"healPercent":3.5,"healAmount":3.5,
"reloadMultiplier":1,
    }   }   ]   }
