{
"type":"flying",
"name":"实验型巨像",
"description":"向敌人发射大量激光弹。",
"research":"实验型幻型",
"speed":2.5,//速度
"engineOffset":10.5,
"rotateSpeed":15,
"drag":0.017,
"accel":0.06,
"hitSize":16,
"lowAltitude":true,
"engineSize":3,
"flying":true,
"health":460,//生命
"armor":3,
"itemCapacity":60,//背包容量
"range":130,//范围
//"maxRange":192,
"ammoType":1100,
"weapons":[


{
"name":"幻型武器",//名称
"rotate":true,
"x":8,"y":-6,
"reload":24,//装弹时间
"shootSound":"lasershoot",
"bullet":{
"type":"LaserBoltBulletType",//基础子弹
"ammoMultiplier":1,//每个物品能够
"backColor":"D1EFFF",
"frontColor":"D1EFFF",
"damage":25,//伤
"speed":5.2,
"lifetime":35,
//"pierceCap":3,/*穿数*/
//"pierce":true,/*穿透*/
}}


{
"name":"幻型武器",//名称
"rotate":true,
"x":4,"y":5,
"reload":15,//装弹时间
"shootSound":"lasershoot",
"bullet":{
"type":"LaserBoltBulletType",//基础子弹
"ammoMultiplier":1,//每个物品能够
"backColor":"D1EFFF",
"frontColor":"D1EFFF",
"damage":20,//伤
"speed":5.2,
"lifetime":35,
//"pierceArmor":true,/*穿甲*/
//"pierceCap":3,/*穿数*/
//"pierce":true,/*穿透*/
//"pierceBuilding":true,/*穿建筑*/
}}

]
}


/*

        mega = new UnitType("mega"){{
            defaultCommand = UnitCommand.repairCommand;

           // mineTier = 3;
          //  mineSpeed = 4f;
         //   health = 460;
          //  armor = 3f;
          //  speed = 2.5f;
         //   accel = 0.06f;
         //   drag = 0.017f;
          //  lowAltitude = true;
          //  flying = true;
          //  engineOffset = 10.5f;
            faceTarget = false;
           // hitSize = 16.05f;
           // engineSize = 3f;
          //  payloadCapacity = (2 * 2) * tilePayload;
         //   buildSpeed = 2.6f;
           // isEnemy = false;

         //   ammoType = new PowerAmmoType(1100);

            weapons.add(
            new Weapon("heal-weapon-mount"){{
                shootSound = Sounds.lasershoot;
            //    reload = 24f;
             //   x = 8f;
             //   y = -6f;
             //   rotate = true;
            //    bullet = new LaserBoltBulletType(5.2f, 10){{
              //      lifetime = 35f;
                //    healPercent = 5.5f;
                //    collidesTeam = true;
                 //   backColor = Pal.heal;
                 //   frontColor = Color.white;
                }};
            }},
            new Weapon("heal-weapon-mount"){{
             //   shootSound = Sounds.lasershoot;
            //    reload = 15f;
           ///     x = 4f;
              //  y = 5f;
            //    rotate = true;
           //     bullet = new LaserBoltBulletType(5.2f, 8){{
               //     lifetime = 35f;
                  //  healPercent = 3f;
                ////    collidesTeam = true;
                //    backColor = Pal.heal;
           //         frontColor = Color.white;
                }};
            }});
        }};