{
"type":"flying",
"name":"实验型苍穹",
"description":"发射敌人多枚导弹，并修复己方建筑。
拥有护盾。",
"research":"实验型天垠",
"speed":1.7,//速度
"accel":0.04,//加速度
"drag":0.016,//拖曳
"hitSize":20,//尺寸
"flying":true,//是否是飞行单位
"health":700,//生命
"lowAltitude":true,
"forceMultiTarget":true
"armor":5,//护甲
"engineOffset":12,//发电机补偿
"engineSize":3,
"itemCapacity":80,//背包容量
"range":140,
"ammoType":"graphite",
"targetFlags":["launchPad","storage","battery"],

"abilities":[
{"type":"StatusFieldAbility",
"effect":"overclock","duration":480,
"reload":480,"range":60,}
{"type":"ForceFieldAbility",
"radius":32,
"regen":0.8,
"max":300,
"cooldown":300,}
]

"weapons":[{
"name":"苍穹武器",//名称
"x":7,"y":0,
"rotate":true
"shake":1,
"inaccuracy":5,
"velocityRnd":0.2,
"shootSound":"missile",
"reload":20,//装弹时间
"bullet":{
"type":"MissileBulletType",//基础子弹
"frontColor":"98ffa9","backColor":"98ffa9",
"trailColor":"98ffa9",
"statusDuration":60,
"width":8,"height":8,"shrinkY":0,
"speed":3,"lifetime":50,
"drag":-0.003,
"damage":0,//伤害
"homingRange":60,
"keepVelocity":false,
"splashDamage":29,
"splashDamageRadius":25,
"hitEffect":"blastExplosion",
"despawnEffect":"blastExplosion",
"weaveScale":6,
"weaveMag":1,

"collidesTeam":true,
"collidesAir":true,
"collides":false,
"scaleLife":true,

"healPercent":3,"healAmount":10,
"reloadMultiplier":1,
    }   }   ]   }
    
 /*   
            zenith = new UnitType("zenith"){{
            health = 700;
            speed = 1.7f;
            accel = 0.04f;
            drag = 0.016f;
            flying = true;
            range = 140f;
            hitSize = 20f;
            lowAltitude = true;
            forceMultiTarget = true;
            armor = 5f;

            targetFlags = new BlockFlag[]{BlockFlag.launchPad, BlockFlag.storage, BlockFlag.battery, null};
            engineOffset = 12f;
            engineSize = 3f;
            ammoType = new ItemAmmoType(Items.graphite);

            weapons.add(new Weapon("zenith-missiles"){{
                reload = 40f;
                x = 7f;
                rotate = true;
                shake = 1f;
                shoot.shots = 2;
                inaccuracy = 5f;
                velocityRnd = 0.2f;
                shootSound = Sounds.missile;

                bullet = new MissileBulletType(3f, 14){{
                    width = 8f;
                    height = 8f;
                    shrinkY = 0f;
                    drag = -0.003f;
                    homingRange = 60f;
                    keepVelocity = false;
                    splashDamageRadius = 25f;
                    splashDamage = 15f;
                    lifetime = 50f;
                    trailColor = Pal.unitBack;
                    backColor = Pal.unitBack;
                    frontColor = Pal.unitFront;
                    hitEffect = Fx.blastExplosion;
                    despawnEffect = Fx.blastExplosion;
                    weaveScale = 6f;
                    weaveMag = 1f;
                }};
            }});
        }};

