{
    "name":"终界核心",
    "type":"CoreBlock",
    "description": "以终代核心为原型的特殊核心，拥有作战能力更强大的核心爬虫。\n \n[blue][超限集团核心]",
    "requirements": [
    {"amount": 8000, "item": "copper"},
    {"amount": 6000, "item": "lead"},
    {"amount": 5000, "item": "thorium"},
    {"amount": 3000, "item": "titanium"},
    {"amount": 6000, "item": "silicon"},
    {"amount": 1000, "item": "1集成电路"},
    {"amount": 5000, "item": "0铜铅合金"},
    ],
    "unitType":"uAACCZ4袒护",
    "health": 6000,
    "itemCapacity": 15000,
    "size": 5,
    "research": {
	"parent":"BAAsID3进阶核心"
	"objectives": [
            {
				"type": "SectorComplete",
				"preset": "污染小道"
			}
	]
	}
    "unitCapModifier": 36,
    "category": "effect"
    "researchCostMultiplier": 0.5
}