{
            "name":"极效排气冷凝机"
            "type":"AttributeCrafter",
            "attribute" :"steam"
            "category": "production"
            "minEfficiency":8,
            "outputLiquid": { "liquid": "water", "amount": 2},
            "group" : "liquids" 
            "drawer": {"type": "DrawMulti",
	"drawers": [
		{"type": "DrawRegion",
		"suffix": "-bottom"
		},
		{"type": "DrawBlurSpin",
		"suffix": "-转"
		"rotateSpeed":6
		},
		"DrawDefault",
		]	}
            "displayEfficiency" : false  
            "generateEffect" :"turbinegenerate"  
            "effectChance" :0.4
            "size" : 5
            "consumes": { "power": 0.5}
            "requirements": [
		    "beryllium/150", 
		    "silicon/15"		    
            "graphite/30",
    "tungsten/15"                 
                            ],
        "research":"vent-condenser"
}