{
	"name": "基础物资驱动器",
	"type": "MassDriver",
	"size": 3,
	"health": 256,
	"armor": 2,
	"hasItems": true,
	"itemCapacity": 100,
	"minDistribute": 60,
	"reload": 10,
	"rotateSpeed": 2.5,
	"bulletSpeed": 8,
	"shootEffect": "instShoot",
	"smokeEffect": {
		"type": "ParticleEffect",
		"particles": 19,
		"line": true,
		"interp": "circleOut",
		"sizeInterp": "circleOut",
		"lenFrom": 30,
		"lenTo": 0,
		"strokeFrom": 2,
		"strokeTo": 0,
		"length": 95,
		"lifetime": 160,
		"colorFrom": "FEEBB3",
		"colorTo": "FEEBB3",
		"cone": 10
	},
	"shootSound": "laser",
	"range": 800,
	"consumes": {
		"power": 3
	},
	"requirements": [
		"lead/80",
		"铅金合金/120",
		"graphite/200",
		"copper/50"
	],
	"research": "基础物资存储空间",
	"category": "distribution"
}