{
	"type": "OreBlock",//类型 这个是覆盖矿石
	"variants":3,//贴图数量
	"playerUnmineable":true,//不能自己挖 否 沙子为true
	"emitLight":true,//发光
    "lightRadius":1,//光线半径
    "lightColor":"32e10050",
	"itemDrop": "天然铀",//挖出来的物品
	"oreDefault" :false//自定义地图自动生成
    "oreScale" :20//自动生成的默认规模
    "oreThreshold" :0.94////自动生成的默认密集度
	"mapColor":"32e100",//地板颜色
    "useColor":true,//是否是小地图的颜色
}