{
	"type": "ForceProjector",
	"name": "立场穹顶",
	"health": 900,
	"size": 3,
	"radius": 320,
	"canOverdrive": true,
	"shieldHealth": 2600,
	"phaseRadiusBoost": 0,
	"cooldownNormal": 6,
	"cooldownLiquid": 4,
	"cooldownBrokenBase": 1,
	"coolantConsumption": 0.5,
	"liquidCapacity":36
	"consumes": {
		"power": 12
		"liquids":{
		"items":[
		"cryofluid/0.2"
		]
		}
	},
	"requirements": [
		"surge-alloy/140",
		"silicon/240",
		"plastanium/100",
		"titanium/200"
		"聚变能/25"
	],
	"itemCapacity": 1,
	"research": "force-projector",
	"category": "effect"
}