{
    "name": "液体分解舱",
    "description": "将内源流体转化为光谱蒸汽、氧诺林和砷",
    "type": "GenericCrafter",
    "health": 880,
    "squareSprite": false,
    "consumes": {
        "power": 12,
        "liquids": [
          "endofluid/3"
        ]
    },
    "drawer": {
        "type": "DrawMulti",
        "drawers": [
          {
            "type": "DrawRegion",
            "suffix": "-bottom"
          },
          {
            "type": "DrawLiquidTile",
            "drawLiquid": "endofluid",
            "alpha": 0.8,
            "padding": 2,
          },
          {
            "type": "DrawCrucibleFlame",
          },
          {
            "type": "DrawRegion"
          },
          {
            "type": "DrawLiquidOutputs"
          },
          {
            "type": "DrawGlowRegion",
            "color": "cad9ef",
          }
        ]
    },
    "outputLiquids": [
      "spectral-vapor/0.35",
      "oxynolline/0.4",
      "arsenogen/0.25",
    ],
    "liquidOutputDirections": [
      2,
      3,
      4
    ],
    "regionRotated1": 4,
    "rotate": true,
    "invertFlip": true,
    "size": 3,
    "hasPower": true,
    "hasItems": false,
    "hasLiquids": true,
    "liquidCapacity": 180,
    "craftTime": 60,
    "updateEffect": "pulverize",
    "category": "crafting",
    "research": "electrolyzer",
    "requirements": [
      "tungsten/320",
      "static-compound/320",
      "silicon/240",
      "carbide/160",
      "oxide/160"
    ],
}
