{
    "type": "CoreBlock",
    "buildVisibility": "shown",
    "name": "前哨核心",
    "category": "effect",
    "description": "基地的核心。 拥有装甲。 一旦被摧毁，此区块就会丢失。",
    "details": "",
    "alwaysUnlocked": true,
    "size": 4,
    "health": 8000,
    "armor": 2,
    "itemCapacity": 8000,
    "hasItems": true,
    "unitCapModifier": 10,
    "isFirstTier": true,
    "unitType": "aaaa原点",
    "requirements": [
        "铁/3000"
    ],
    "research": {
        "root": true,
        "name": "前哨核心",
        "planet": "菲普利亚"
    }
}