{
"name":"芯片",
"description":"广泛用于需要更高一级算力的电子设备，使用更加先进的科技制造，拥有更强大的算力，同样，造价也更昂贵，但这并不能挡住我们现代化、自动化和智能化的心",
"details":"[A8BDFF]信息时代的支柱，硅谷智慧的结晶，方寸之间，可窥天地\n        [A8BDFF]---中子能NeEn\n\n[A8BDFF]我们先进的芯片已经完全替代了老式硅晶\n                      [A8BDFF]---yy",
"hardness":1,
"cost":3,
 "color": "A8BDFF", 
 "radioactivity": 0, 
 "explosiveness": 0.0798,
 "flammability": 0.1,
 "charge":0,
"research":"silicon"
}