{
	"health":9000,
	"weapons":[ 
	{"name":"scepter-weapon",
		"x":16,"y":1,
		
		"reload":30,
		"shootSound":"bang",
		"rotate":false,
		"recoil":7,
		"shake":2,
		"shots":45,
		"inaccuracy":45,
		"shotDelay":10,
		"shootY":8,
		"bullet":{
			"type":"BasicBulletType",
			"pierceBuilding":true,
			"pierce":true,
			"pierceCap":3,
			"damage":45,
			"lifetime":15,
			"speed":7,
			"splashDamage":50,
			"splashDamageRadius":15,
			"width":11,
			"height":20,
			"lightning":3,
			"lightningLength":6,
			"lightningDamage":19,
			"hitEffect":"blastExplosion",
			"despawnEffect":"blastExplosion",
			"ammoMultiplier":4,
		}

	}

	]
}
