{
    "health": 50,
    "size": 1,
    "speed": 10,
    "update": "true",
    "hasItems": "true",
    "type": "Unloader",
    "description": "慢速卸载临近方块中的指定物品
    
    	(贴图by Mr.世纪灯泡)",
    "name": "简易卸载器",
    "requirements": [
        {
            "item": "铜",
            "amount": 20
        },
        {
            "item": "铅",
            "amount": 15
        }
                {
            "item": "石墨",
            "amount": 8
        }
    ],
    "category": "effect",
    "research": "铜路由器"
    "researchCostMultiplier": 1,
        "canOverdrive": false,
}