{
"type": "flying",
"name": "琼芳",
"research": "破晓级单位重构工厂",
"health": 860,
"speed": 1.8,
"accel": 0.1,
"drag": 0.016,
"flying": true,
"hitSize": 20,
"ammoType": "coal",
"targetAir": false,
"engineOffset": 7,
"range": 150,
"faceTarget": false,
"armor": 7,
"targetFlag": "factory",
"commandLimit": 6,
"circleTarget": true,
"weapons": [{
"x": 0,
"y": 0,
"rotate": true,
"mirror": false,
"reload": 12,
"shot": 2,
"minShootVelocity": 0.01,
"soundPitchMin": 1,
"shootSound": "plasmadrop",
"bullet": {
"type": "BombBulletType",
"sprite": "large-bomb",
"width": 30,
"height": 30,
"maxRange": 30,
"ignoreRotation": true,
"backColor": "C35348AA",
"frontColor": "FF7055AA",
"mixColorTo": "FF7055AA",
"hitSound": "plasmaboom",
"shootCone": 180,
"ejectEffect": "none",
"despawnShake": 4,
"collidesAir": false,
"lifetime": 70,
"hitEffect": "flakExplosion",
"keepVelocity": false,
"spin": 2,
"shrinkX": 0.7,
"buildingDamageMultiplier": 3,
"shrinkY": 0.7,
"speed": 0.001,
"collides": false,
"splashDamage": 60,
"splashDamageRadius": 60,
},},],}