{
	"type": "flying",
	"name": "血脂",
	"speed": 2,
	"drag": 0.05,
	"accel": 0.1,
	"rotateSpeed": 4,
	"ammoType": {
		"type": "PowerAmmoType",
		"totalPower": 800
	},
	"ammoCapacity": 120,
	"hitSize": 9,
	"flying": true,
	"faceTarget": true,
	"drawMinimap": false,
	"health": 3200,
	"armor": 0,
	"engineOffset": 0,
	"engineSize": 1,
	"itemCapacity": 0,
	"immunities": [
		"freezing"
	],
	"research": "虫3",
	/*"requirements": {
		"block": "air-factory",
		"time": 1500,
		"requirements": [
			"titanium/15",
			"silicon/20"]},*/
        "parts": [
        {
            "type": "RegionPart",
            "mirror": true,
            "x": 0,
            "y": 0,
            "suffix": "-wing",
            "moveX": 0,
            "moveY": 0,
            "moveRot": 30,
            "outline": false,
            "progress": {
                "type": "smoothReload",
                "op": "sin",
                "offset": 20,
                "scl": 1,
                "mag": 1
            }
        }
    ]
    "abilities": [
        {
            "type": "RegenAbility",
            "percentAmount": 0.01
        },
        {
            "type": "LiquidExplodeAbility",
            "liquid": "neoplasm",
            "amount": 60,
            "radAmountScale": 1,
            "radScale": 1,
            "noiseMag": 10,
            "noiseScl": 5
        },
        {
            "type": "LiquidRegenAbility",
            "liquid": "neoplasm",
            "slurpEffect": "neoplasmHeal"
        }
    ],
	"weapons": [
	        {
			"name": "none",
			"reload": 2,
			"recoil": 0,
			"x": 0,
			"y": 0,
			"rotate": false,
			"mirror": false,
			"inaccuracy": 15,
			"alternate": false,
			"shootSound": "液",
    "bullet": {
    "type": "LiquidBulletType",
    "liquid": "血液",
    "lifetime":50,
    "speed":4,
    "puddleSize":4,
    "orbSize":2,
    "knockback":2,
	"status":"腐蚀",	
    "incendAmount": 1,
    "incendSpread": 1,
    "incendChance": 1
    	"damage": 8
    	"trailLength": 1,
         "trailWidth": 2,
         "trailColor": "DA0626FF",
         "trailEffect": "none"
    	}
    	}
    	]
}