{
	"type": "flying",
	"name": "骨玉",
	"speed": 1.8,
	"drag": 0.05,
	"accel": 0.1,
	"rotateSpeed": 4,
	"ammoType": {
		"type": "PowerAmmoType",
		"totalPower": 800
	},
	"ammoCapacity": 120,
	"hitSize": 9,
	"flying": true,
	"faceTarget": true,
	"drawMinimap": false,
	"health": 3300,
	"armor": 0,
	"engineOffset": 0,
	"engineSize": 1,
	"itemCapacity": 0,
	"immunities": [
		"freezing"
	],
	"research": "虫4",
	/*"requirements": {
		"block": "air-factory",
		"time": 1500,
		"requirements": [
			"titanium/15",
			"silicon/20"]},*/
        "parts": [
        {
            "type": "RegionPart",
            "mirror": true,
            "x": 0,
            "y": 0,
            "suffix": "-wing",
            "moveX": 0,
            "moveY": 0,
            "moveRot": 30,
            "outline": false,
            "progress": {
                "type": "smoothReload",
                "op": "sin",
                "offset": 20,
                "scl": 1,
                "mag": 1
            }
        }
    ]
    "abilities": [
        {
            "type": "RegenAbility",
            "percentAmount": 0.01
        },
        {
            "type": "LiquidExplodeAbility",
            "liquid": "neoplasm",
            "amount": 60,
            "radAmountScale": 1,
            "radScale": 1,
            "noiseMag": 10,
            "noiseScl": 5
        },
        {
            "type": "LiquidRegenAbility",
            "liquid": "neoplasm",
            "slurpEffect": "neoplasmHeal"
        }
    ],
	"weapons": [
		{
			"name": "none",
			"reload": 24.5,
			"recoil": 0,
			"x": 0,
			"y": 0,
			"rotate": false,
			"mirror": false,
			"inaccuracy": 4,
			"alternate": false,
			"shootSound": "喷",
			"bullet": {
			    "type":"ArtilleryBulletType",
			    "sprite":"古裂界-尖骨",
			    "shootEffect": "none"    //\  }
                "hitEffect": "none",         //}拒绝特效，从我做起
                "despawnEffect": "none", //  }
				"damage": 0,
				"speed": 3,
				"lifetime": 70,
				"width": 12,
				"height": 26
				"frontColor": "FFFFFF",
				"backColor": "FFFFFF",
				"trailLength": 1,
                "trailWidth": 2,
                "trailColor": "FFFFFF",
                "trailEffect": "none"
				"fragBullets": 6,
                "fragBullet": {
			    "sprite":"古裂界-碎骨",
			    "shootEffect": "none"    //\  }
                "hitEffect": "none",         //}拒绝特效，从我做起
                "despawnEffect": "none", //  }
				"damage": 10,
				"speed": 0.5,
				"buildingDamageMultiplier": 2,
				"lifetime": 120,
				"width": 8,
				"height": 8
			}
		}
		}
	]
}