{
    "type": "legs",
    "name": "乙酸",
    "description": "初代进攻型生物，发射高穿透标准子弹。",
    "outlineColor": "291B1BFF",
    "speed": 0.72,
    "drag": 0.11,
    "hitSize": 9,
    "rotateSpeed": 3,
    "health": 5230,
    "legStraightness": 0.3,
    "legCount": 8,
    "legLength": 18,
    "lockLegBase": true,
    "legContinuousMove": true,
    "legExtension": -4,
    "legBaseOffset": 1,
    "legMaxLength": 2,
    "legMinLength": 0.2,
    "legLengthScl": 1,
    "legForwardScl": 0.95,
    "legGroupSize": 3,
    "rippleScale": 0.2,
    "legMoveSpace": 2,
    "allowLegStep": true,
    "hovering": true,
    "legPhysicsLayer": false,
    "shadowElevation": 0.1,
    "groundLayer": 74,
    "researchCostMultiplier": 0.3,
    "research": "虫6",
    "abilities": [
        {
            "type": "RegenAbility",
            "percentAmount": 0.02
        },
        {
            "type": "LiquidExplodeAbility",
            "liquid": "neoplasm",
            "amount": 60,
            "radAmountScale": 1,
            "radScale": 1,
            "noiseMag": 10,
            "noiseScl": 5
        },
        {
            "type": "LiquidRegenAbility",
            "liquid": "neoplasm",
            "slurpEffect": "neoplasmHeal"
        }
    ],
    "weapons": [
		{
			"name": "none",
			"reload": 60,
			"recoil": 0,
			"x": 0,
			"y": 0,
			"rotate": false,
			"mirror": false,
			"inaccuracy": 2.5,
			"alternate": false,
			"shootSound": "喷",
			"bullet": {
			    "sprite":"古裂界-血点",
			    "shootEffect": "none"    //\  }
                "hitEffect": "none",         //}拒绝特效，从我做起
                "despawnEffect": "none", //  }
				"damage": 105,
				"speed": 4,
				"buildingDamageMultiplier": 1.5,
				"lifetime": 60,
				"width": 12,
				"height": 16
			    "trailLength": 10,
                "trailWidth": 2,
                "trailColor": "DA0626FF",
                "trailEffect": "none"
			}
		}
		]
}