{
	"type": "ItemTurret",
	"name": "天极",
	"description": "可发射战术导弹攻击敌人，佣有超远的攻击范围以及可怕的威力，装填时间长。\n \n[blue][超限技术炮台]",
	"details":"Warning！Nuclear Missile Launched！"
	"underBullets":true
	"health": 12080,
	"size": 5
	"reload":3200
	"range": 800
		"targetGround": true,
	"targetAir": true,
		"maxAmmo":1500
    "ammoPerShot": 300
    "rotateSpeed": 0
    "shootCone":360
    "minWarmup": 0.99
    "shootWarmupSpeed": 0.0033,
	"linearWarmup": true,//开启线性计算
	"consumes": {
	"power": 12.6 
		},
	    "shootX":0
	    "shootY":0
		"shoot":{
	"spread": 1
		"shots":1,
	    "shotDelay":0,
	    "firstShotDelay":1210
	},
	  		"drawer": {
		"type": "DrawMulti",
    "drawers": [
    {"type": "DrawTurret",
    "parts": [
        {"type": "RegionPart",
        "mirror": true,
        "under":true,
        "x": 0
        "y": 0
        "suffix": "-盖1",
        "layer": 50,
        "moveX": 12
        "moveY": 0
        "start": 0.3
        "end": 0.9
        }
        {"type": "RegionPart",
        "mirror": true,
        "under":true,
        "x": 0
        "y": 0
        "suffix": "-盖2",
        "layer": 50,
        "moveX": 1
        "moveY": 0
        "start": 0
        "end": 0.3
        }
        {"type": "RegionPart",
        "mirror": false
        "under":true,
        "x": 0
        "y": 0
        "suffix": "-盖上",
        "layer": 50,
        "moveX": 0
        "moveY": 2
        "start": 0
        "end": 0.3
        }
        {"type": "RegionPart",
        "mirror": false
        "under":true,
        "x": 0
        "y": 0
        "suffix": "-盖下",
        "layer": 50,
        "moveX": 0
        "moveY": -2
        "start": 0
        "end": 0.3
        }
			]
			}
			]
   },
	"ammoUseEffect": "casing2Double",
	"shootSound":"respawn",
	"chargeSound": "核弹",
	"inaccuracy": 360
	"shake":1,
	"ammoTypes": {
        "thorium": {
	         "type": "BasicBulletType",
             "spawnUnit": "阿尔法聚变导弹",
             "speed": 0,
                "chargeEffect": {
        "type": "MultiEffect",
	"effects": [
	{"type": "ParticleEffect",
	    "startDelay":960
    "particles": 22
    "sizeFrom": 0
    "sizeTo": 12
    "length": 35,
    "baseLength": 10,
    "lifetime": 120
    "colorFrom": "ffffff",
    "colorTo": "ffffff00",
    "cone": 30},
    {"type": "ParticleEffect",
    "startDelay":900
    "particles": 22
    "sizeFrom": 0,
    "sizeTo": 22,
    "length": 35,
    "baseLength": 0,
    "lifetime": 120,
    "colorFrom": "ffffff",
    "colorTo": "ffffff00",
    "cone": 360},
	{"type": "ParticleEffect",
	    "startDelay":840
    "particles": 22
    "sizeFrom": 0
    "sizeTo": 12
    "length": 35,
    "baseLength": 10,
    "lifetime": 120
    "colorFrom": "ffffff",
    "colorTo": "ffffff00",
    "cone": 30},
    {"type": "ParticleEffect",
    "startDelay":780
    "particles": 22
    "sizeFrom": 0,
    "sizeTo": 22,
    "length": 35,
    "baseLength": 0,
    "lifetime": 120,
    "colorFrom": "ffffff",
    "colorTo": "ffffff00",
    "cone": 360},
    {"type": "ParticleEffect",
    "startDelay":720
    "particles": 22
    "sizeFrom": 0
    "sizeTo": 12
    "length": 35,
    "baseLength": 10,
    "lifetime": 120
    "colorFrom": "ffffff",
    "colorTo": "ffffff00",
    "cone": 360},
    {"type": "ParticleEffect",
    "startDelay":660
    "particles": 22
    "sizeFrom": 0,
    "sizeTo": 22,
    "length": 35,
    "baseLength": 0,
    "lifetime": 120,
    "colorFrom": "ffffff",
    "colorTo": "ffffff00",
    "cone": 360},
    {"type": "ParticleEffect",
    "startDelay":600
    "particles": 22
    "sizeFrom": 0,
    "sizeTo": 22,
    "length": 35,
    "baseLength": 0,
    "lifetime": 120,
    "colorFrom": "ffffff",
    "colorTo": "ffffff00",
    "cone": 360},
    {"type": "WaveEffect",
    "startDelay":1200
    "lifetime": 60
    "sizeFrom": 0
    "sizeTo": 120,
    "strokeFrom": 60
    "strokeTo": 30
    "colorFrom": "ffffffff",
    "colorTo": "ffffff"}
    {"type": "WaveEffect",
    "startDelay":1200
    "lifetime": 60
    "sizeFrom": 0
    "sizeTo": 45
    "strokeFrom": 22.5
    "strokeTo": 11.25
    "colorFrom": "ffffffff",
    "colorTo": "ffffff"}
    {"type": "WaveEffect",
    "startDelay":1200
    "lifetime": 60
    "sizeFrom": 0
    "sizeTo": 90
    "strokeFrom": 45
    "strokeTo": 22.5
    "colorFrom": "ffffffff",
    "colorTo": "ffffff"}
    {"type": "WaveEffect",
    "startDelay":1260
    "lifetime": 300
    "sizeFrom": 120
    "sizeTo": 120,
    "strokeFrom": 30
    "strokeTo": 0,
    "colorFrom": "ffffffff",
    "colorTo": "ffffff00"}
    {"type": "WaveEffect",
    "startDelay":1260
    "lifetime": 300
    "sizeFrom": 45
    "sizeTo": 45
    "strokeFrom": 11.25
    "strokeTo": 0
    "colorFrom": "ffffffff",
    "colorTo": "ffffff00"}
    {"type": "WaveEffect",
    "startDelay":1260
    "lifetime": 300
    "sizeFrom": 90
    "sizeTo": 90
    "strokeFrom": 22.5
    "strokeTo": 0
    "colorFrom": "ffffffff",
    "colorTo": "ffffff00"}
    ]
	   }
		 }
		 "pyratite": {
	         "type": "BasicBulletType",
             "spawnUnit": "欧米茄聚变导弹",
             "speed": 0,
                "chargeEffect": {
        "type": "MultiEffect",
	"effects": [
	{"type": "ParticleEffect",
	    "startDelay":960
    "particles": 22
    "sizeFrom": 0
    "sizeTo": 12
    "length": 35,
    "baseLength": 10,
    "lifetime": 120
    "colorFrom": "FF8C00",
    "colorTo": "FF8C0000",
    "cone": 30},
    {"type": "ParticleEffect",
    "startDelay":900
    "particles": 22
    "sizeFrom": 0,
    "sizeTo": 22,
    "length": 35,
    "baseLength": 0,
    "lifetime": 120,
    "colorFrom": "FF8C00",
    "colorTo": "FF8C0000",
    "cone": 360},
	{"type": "ParticleEffect",
	    "startDelay":840
    "particles": 22
    "sizeFrom": 0
    "sizeTo": 12
    "length": 35,
    "baseLength": 10,
    "lifetime": 120
    "colorFrom": "FF8C00",
    "colorTo": "FF8C0000",
    "cone": 30},
    {"type": "ParticleEffect",
    "startDelay":780
    "particles": 22
    "sizeFrom": 0,
    "sizeTo": 22,
    "length": 35,
    "baseLength": 0,
    "lifetime": 120,
    "colorFrom": "FF8C00",
    "colorTo": "FF8C0000",
    "cone": 360},
    {"type": "ParticleEffect",
    "startDelay":720
    "particles": 22
    "sizeFrom": 0
    "sizeTo": 12
    "length": 35,
    "baseLength": 10,
    "lifetime": 120
    "colorFrom": "FF8C00",
    "colorTo": "FF8C0000",
    "cone": 360},
    {"type": "ParticleEffect",
    "startDelay":660
    "particles": 22
    "sizeFrom": 0,
    "sizeTo": 22,
    "length": 35,
    "baseLength": 0,
    "lifetime": 120,
    "colorFrom": "FF8C00",
    "colorTo": "FF8C0000",
    "cone": 360},
    {"type": "ParticleEffect",
    "startDelay":600
    "particles": 22
    "sizeFrom": 0,
    "sizeTo": 22,
    "length": 35,
    "baseLength": 0,
    "lifetime": 120,
    "colorFrom": "FF8C00",
    "colorTo": "FF8C0000",
    "cone": 360},
    {"type": "WaveEffect",
    "startDelay":1200
    "lifetime": 60
    "sizeFrom": 0
    "sizeTo": 120,
    "strokeFrom": 60
    "strokeTo": 30
    "colorFrom": "FF8C00",
    "colorTo": "FF8C00"}
    {"type": "WaveEffect",
    "startDelay":1200
    "lifetime": 60
    "sizeFrom": 0
    "sizeTo": 45
    "strokeFrom": 22.5
    "strokeTo": 11.25
    "colorFrom": "FF8C00",
    "colorTo": "FF8C00"}
    {"type": "WaveEffect",
    "startDelay":1200
    "lifetime": 60
    "sizeFrom": 0
    "sizeTo": 90
    "strokeFrom": 45
    "strokeTo": 22.5
    "colorFrom": "FF8C00",
    "colorTo": "FF8C00"}
    {"type": "WaveEffect",
    "startDelay":1260
    "lifetime": 300
    "sizeFrom": 120
    "sizeTo": 120,
    "strokeFrom": 30
    "strokeTo": 0,
    "colorFrom": "FF8C00",
    "colorTo": "FF8C0000"}
    {"type": "WaveEffect",
    "startDelay":1260
    "lifetime": 300
    "sizeFrom": 45
    "sizeTo": 45
    "strokeFrom": 11.25
    "strokeTo": 0
    "colorFrom": "FF8C00",
    "colorTo": "FF8C0000"}
    {"type": "WaveEffect",
    "startDelay":1260
    "lifetime": 300
    "sizeFrom": 90
    "sizeTo": 90
    "strokeFrom": 22.5
    "strokeTo": 0
    "colorFrom": "FF8C00",
    "colorTo": "FF8C0000"}
    ]
	   }
		 }
		 /*"6风暴催化剂": {
	         "type": "BasicBulletType",
	         "ammoMultiplier": 5
             "spawnUnit": "闪电风暴气象导弹",
             "speed": 0,
                "chargeEffect": {
        "type": "MultiEffect",
	"effects": [
	{"type": "ParticleEffect",
	    "startDelay":960
    "particles": 22
    "sizeFrom": 0
    "sizeTo": 12
    "length": 35,
    "baseLength": 10,
    "lifetime": 120
    "colorFrom": "1878BF",
    "colorTo": "1878BF00",
    "cone": 30},
    {"type": "ParticleEffect",
    "startDelay":900
    "particles": 22
    "sizeFrom": 0,
    "sizeTo": 22,
    "length": 35,
    "baseLength": 0,
    "lifetime": 120,
    "colorFrom": "1878BF",
    "colorTo": "1878BF00",
    "cone": 360},
	{"type": "ParticleEffect",
	    "startDelay":840
    "particles": 22
    "sizeFrom": 0
    "sizeTo": 12
    "length": 35,
    "baseLength": 10,
    "lifetime": 120
    "colorFrom": "1878BF",
    "colorTo": "1878BF00",
    "cone": 30},
    {"type": "ParticleEffect",
    "startDelay":780
    "particles": 22
    "sizeFrom": 0,
    "sizeTo": 22,
    "length": 35,
    "baseLength": 0,
    "lifetime": 120,
    "colorFrom": "1878BF",
    "colorTo": "1878BF00",
    "cone": 360},
    {"type": "ParticleEffect",
    "startDelay":720
    "particles": 22
    "sizeFrom": 0
    "sizeTo": 12
    "length": 35,
    "baseLength": 10,
    "lifetime": 120
    "colorFrom": "1878BF",
    "colorTo": "1878BF00",
    "cone": 360},
    {"type": "ParticleEffect",
    "startDelay":660
    "particles": 22
    "sizeFrom": 0,
    "sizeTo": 22,
    "length": 35,
    "baseLength": 0,
    "lifetime": 120,
    "colorFrom": "1878BF",
    "colorTo": "1878BF00",
    "cone": 360},
    {"type": "ParticleEffect",
    "startDelay":600
    "particles": 22
    "sizeFrom": 0,
    "sizeTo": 22,
    "length": 35,
    "baseLength": 0,
    "lifetime": 120,
    "colorFrom": "1878BF",
    "colorTo": "1878BF00",
    "cone": 360},
    {"type": "WaveEffect",
    "startDelay":1200
    "lifetime": 60
    "sizeFrom": 0
    "sizeTo": 120,
    "strokeFrom": 60
    "strokeTo": 30
    "colorFrom": "1878BF",
    "colorTo": "1878BF"}
    {"type": "WaveEffect",
    "startDelay":1200
    "lifetime": 60
    "sizeFrom": 0
    "sizeTo": 45
    "strokeFrom": 22.5
    "strokeTo": 11.25
    "colorFrom": "1878BF",
    "colorTo": "1878BF"}
    {"type": "WaveEffect",
    "startDelay":1200
    "lifetime": 60
    "sizeFrom": 0
    "sizeTo": 90
    "strokeFrom": 45
    "strokeTo": 22.5
    "colorFrom": "1878BF",
    "colorTo": "1878BF"}
    {"type": "WaveEffect",
    "startDelay":1260
    "lifetime": 300
    "sizeFrom": 120
    "sizeTo": 120,
    "strokeFrom": 30
    "strokeTo": 0,
    "colorFrom": "1878BF",
    "colorTo": "1878BF00"}
    {"type": "WaveEffect",
    "startDelay":1260
    "lifetime": 300
    "sizeFrom": 45
    "sizeTo": 45
    "strokeFrom": 11.25
    "strokeTo": 0
    "colorFrom": "1878BF",
    "colorTo": "1878BF00"}
    {"type": "WaveEffect",
    "startDelay":1260
    "lifetime": 300
    "sizeFrom": 90
    "sizeTo": 90
    "strokeFrom": 22.5
    "strokeTo": 0
    "colorFrom": "1878BF",
    "colorTo": "1878BF00"}
    ]
	   }
		 }*/
	}, 
	"requirements": [
{ "item": "lead", "amount": 800 }
{ "item": "copper", "amount": 800 }
{ "item": "titanium", "amount": 600 }
{"item": "1绝缘钢", "amount": 480  },
{"item": "1集成电路", "amount": 480  },
{"item": "0铜铅合金", "amount": 500  },
{ "item": "2高能芯片", "amount":300},
{"item": "plastanium", "amount": 520},
{"item": "1复合物", "amount": 180}
{"item": "1共振石", "amount": 420}
	],
	"category": "turret",
	/*"research": {
	"parent":"BAAsAT4D尾针"
	"objectives": [
            {
				"type": "SectorComplete",
				"preset": "ES海军要塞"
			}
	]
	}*/
	    "researchCostMultiplier": 2,
	    "canOverdrive": false,
}