{
	"type": "flying",/*种类 */
	//"defaultController": "FlyingAI"
	"name": "[red]宙斯",/*名称，它叫什么名字！ */
	"description": "[red]神",/*描述，简介！ */
	"ammoCapacity": 100,/*弹药容量 */
    "speed": 0.76,/*速度 */
	"flying": true,/*能否飞行，true为能飞 */
	"engineOffset": 50,/*发动机偏移 */
	"engineSize": 38,/*发动机大小 */
    "hitSize": 84,/*被击中大小，你的大小 */
    "targetAir":true,/*目标航空 */
    "health": 1000000,/*血量 */
    "armor": 25,/*装甲 */
    "rotateSpeed": 0.6,/*转速，旋转的速度 */
    "research":"奉献",
    	"immunities": [
		"burning",
		"electrified",
		"freezing",
		"melting",
		"muddy",
		"sapped",
		"shocked",
		"slow",
		"unmoving"
	],
    "abilities": [
		{
        "type": "ForceFieldAbility",
        "radius": 250.0,
        "regen": 20,
        "max": 80000.0,
        "cooldown": 1860.0,
    },
        {
        "type": "EnergyFieldAbility"
        "damage": 35.0//伤害
        "reload": 55.0//发射间隔
        "range": 333//能量场范围
        "effectRadius": 5,//特效半径
        "targetGround": true//向陆军发射
        "targetAir": true//向空军发射
        "hitBuildings": true//像建筑物发射
        "hitUnits": true//向单位发射
        "healPercent": 30//血量恢复的百分比
        "maxTargets": 85//最多可以像多少个目标发射？
        "useAmmo": true//是否使用子弹？我不知道什么意思
        "color": "F19583FF"//能量场颜色不做过多解释
        "damageEffect": "chainLightning",
			"status": "能量过载",
			"shootSound": "foreshadow",
			"statusDuration": 660,
			"x": 0,
			"y": 21,//高
    },
    {
        "type": "UnitSpawnAbility"
        "unit": "zenith"
        "spawnTime": 4000.0
        "spawnX": -10
        "spawnY": -15//高
    },
    
]
	"weapons": [
		{
			"name": "god1",
			"reload": 465,
			"x": 0,
			"y": 20,
			"shootY": 16,
			"rotate": true,
			"rotatespeed":3
			"top": true,
			"recoil": 0,
			"inaccuracy": 1,
			"xRand": 8,
			"mirror": false,
			"shootSound": "laser",
			"shake": 6,
			"shoot": {
				"shots": 1,
				"shotDelay": 0
			},
			"bullet": {

"type": "PointBulletType",
            "trailSpacing": 20.0,
            "damage": 1350,
            "buildingDamageMultiplier": 0.30,
            "lifetime":200
            "speed": 500,
            "hitShake": 6.0,
            "ammoMultiplier": 1,
            "shootEffect": "instShoot",
            "hitEffect": "instHit",
            "trailEffect": "instTrail",
            "despawnEffect": "instBomb",
            "smokeEffect": "smokeCloud"

}
				},
						/*{
			"name": "god2",
			"reload": 965,
			"x": 0,
			"y": 16,
			"shootY": 16,
			"rotate": true,
			"rotatespeed":3
			"top": true,
			"recoil": 0,
			"inaccuracy": 1,
			"xRand": 8,
			"mirror": false,
			"shootSound": "laser",
			"shake": 6,
			"bullet": {
		"status":"burning",
		"shootstatus":"unmoving
	    "statusDuration":480,
"type":"ContinuousLaserBulletType",
	"hitEffect": "hitMeltdown",
	"hitSize": 8,
	"lifetime":60
	"ammoMultiplier":1,
	"length":550,
	"damage": 95,	
	"colors":["C45F5FFF", "C45F5FFF", "FFFFFF"]

}
				}*/
					{
		"name":"god3"
		"x":23,"y":-9,
		"length":2.5,
		"recoil":4,
		"reload":17.5,
		"top":true,
		"rotate": true,
			"rotatespeed":20
	    "shoot":{
	"shots":15
	"shotDelay":15
	"alternate":false
	}
	    "alternate":true
		"shake": 1,
		"shootSound": "rl",
		"inaccuracy":20,
		"bullet": {
		
		"type": "EmpBulletType",
		"radius": 85,
		"timeIncrease": 1,
		"powerDamageScl": 3,
		"unitDamageScl": 2.5,
		"speed": 8.5,
		"lifetime": 50,
		"maxRange": 862,
		"drag": -0.02,
		"status": "能量过载",
		"statusDuration": 80,
		"homingDelay": 40,
		"homingPower": 1,
		"homingRange": 80,
		"hitShake": 3,
		"damage": 40,
		"splashDamageRadius": 80,
		"splashDamage": 20,
		"lightningDamage": 88,
		"lightning": 2,
		"lightningLength": 5,
		"lightningLengthRand": 3,
		"lightningColor": "C45F5FFF",
		"splashDamagePierce": true,
		"scaledSplashDamage": true,
		"buildingDamageMultiplier": 0.18,
		"ammoMultiplier": 1,
		"sprite": "circle-bullet",
		"shrinkY": 0,
		"trailLength": 20,
		"trailWidth": 5,
		"trailColor": "C45F5FFF",
		"frontColor": "FFFFFF",
		"backColor": "C45F5FFF",
		"width": 12,
		"height": 12,
		"hitSound": "plasmaboom",
		"chainEffect": "chainLightning",
		"hitPowerEffect": {
			"type": "ParticleEffect",
			"particles": 5,
			"baseLength": 0,
			"length": 90,
			"lifetime": 16,
			"line": true,
			"lenFrom": 30,
			"lenTo": 0,
			"strokeFrom": 2,
			"strokeTo": 0,
			"colorFrom": "C45F5FFF",
			"colorTo": "C45F5FFF",
			"cone": 360
		},
		"despawnEffect": {
			"type": "ParticleEffect",
			"particles": 1,
			"sizeFrom": 85,
			"sizeTo": 0,
			"sizeInterp": "pow10Out",
			"length": 0,
			"baseLength": 0,
			"lifetime": 70,
			"colorFrom": "C45F5FFF60",
			"colorTo": "C45F5FFF"
		},
		"hitEffect": {
			"type": "ExplosionEffect",
			"lifetime": 48,
			"waveStroke": 3,
			"waveLife": 12,
			"waveRadBase": 6,
			"waveColor": "C45F5FFF",
			"waveRad": 85,
			"smokes": 6,
			"smokeColor": "C45F5FFF",
			"sparkColor": "C45F5FFF",
			"sparks": 3,
			"sparkRad": 85,
			"sparkStroke": 2,
			"sparkLen": 36
		},
		"bulletInterval": 5,
		"intervalDelay": 30,
		"intervalBullets": 1,
		"intervalRandomSpread": 0,
		"intervalAngle": 0,
		"intervalBullet":{
			"type": "BasicBulletType",
			"weaveScale": 7,
			"weaveMag": 3,
			"speed": 0.5,
			"drag": -0.12,
			"lifetime": 40,
			"status": "electrified",
			"statusDuration": 35,
			"homingDelay": 10,
			"homingPower": 0.8,
			"homingRange": 400,
			"hitShake": 1,
			"damage": 30,
			"lightningDamage": 40,
			"lightning": 1,
			"lightningLength": 3,
			"lightningColor": "C45F5FFF",
			"sprite": "circle-bullet",
			"shrinkY": 0,
			"trailLength": 9,
			"trailWidth": 3.8,
			"trailColor": "C45F5FFF",
			"frontColor": "FFFFFF",
			"backColor": "C45F5FFF",
			"width": 9,
			"height": 9,
			"hitSound": "none",
			"despawnEffect": "none",
			"hitEffect": {
				"type": "ParticleEffect",
				"particles": 1,
				"sizeFrom": 4,
				"sizeTo": 0,
				"sizeInterp": "pow3In",
				"length": 0,
				"baseLength": 0,
				"lifetime": 50,
				"colorFrom": "C45F5FFF",
				"colorTo": "C45F5FFF"
			}
		}
		},
		}
		{
			"name": "舷炮",
			"x": 28.5,
			"y": -6,
			"reload": 180,
			"shoot": {
				"type": "ShootBarrel",
				"shots": 8,
				"shotDelay": 5,
				"barrels": [
					0, 0, -15
				]
			},
			"shake": 2,
			"shootY": 0,
			"inaccuracy": 15,
			"shootSound": "malignShoot",
			"bullet": {
				"sprite": "curse-of-flesh-arrows",
				"damage": 85,
				"lifetime": 50,
				"drag": -0.01,
				"speed": 8,
				"shrinkY": 0,
				"height": 18,
				"width": 8,
				"shootEffect": {
					"type": "ParticleEffect",
					"particles": 10,
					"length": 40,
					"lifetime": 25,
					"cone": 20,
					"offset": 20,
					"sizeFrom": 4,
					"sizeTo": 0,
					"interp": "fastSlow",
					"colorFrom": "FF6666",
					"colorTo": "FF5845"
				},
				"pierceCap": 2,
				"reflectable": false,
				"keepVelocity": false,
				"homingRange": 360,
				"homingPower": 0.06,
				"homingDelay": 10,
				"splashDamage": 35,
				"splashDamageRadius": 40,
				"suppressionRange": 120,
				"suppressionDuration": 600,
				"suppressionEffectChance": 100,
				"frontColor": "FF6666",
				"backColor": "FF5845",
				"weaveMag": 2,
				"weaveScale": 6,
				"trailChance": 1,
				"trailWidth": 2,
				"trailLength": 24,
				"trailColor": "D86E56",
				"trailRotation": true,
				"trailEffect": {
					"type": "ParticleEffect",
					"particles": 6,
					"lifetime": 25,
					"length": 6,
					"cone": 360,
					"offsetX": -5,
					"sizeFrom": 3,
					"sizeTo": 0,
					"interp": "circleOut",
					"colorFrom": "FF6666",
					"colorTo": "FF5845"
				},
				"hitShake": 2,
				"impact": true,
				"knockback": 4,
				"hitEffect": {
					"type": "ParticleEffect",
					"particles": 15,
					"length": 40,
					"lifetime": 36,
					"interp": "circleOut",
					"cone": 360,
					"colorFrom": "FF6666",
					"colorTo": "FF5845",
					"sizeFrom": 5,
					"sizeTo": 0
				},
				"despawnEffect": {
					"type": "MultiEffect",
					"lifetime": 120,
					"effects": [
						{
							"type": "ParticleEffect",
							"particles": 6,
							"sizeFrom": 3,
							"sizeTo": 0,
							"length": 60,
							"baseLength": 8,
							"lifetime": 9,
							"colorFrom": "FF6666",
							"colorTo": "FF5845",
							"cone": 20
						},
						{
							"type": "WaveEffect",
							"lifetime": 10,
							"sizeFrom": 8,
							"sizeTo": 50,
							"strokeFrom": 2,
							"strokeTo": 0,
							"colorFrom": "FF6666",
							"colorTo": "FF5845"
						}
					]
				},
				"fragBullets": 4,
				"fragLifeMin": 0.5,
				"fragBullet": {
					"sprite": "curse-of-flesh-star",
					"damage": 45,
					"lifetime": 40,
					"speed": 4,
					"spin": 8,
					"shrinkX": 0,
					"shrinkY": 0,
					"height": 15,
					"width": 15,
					"impact": true,
					"knockback": -24,
					"frontColor": "FF6666",
					"backColor": "FF5845",
					"weaveMag": 2,
					"weaveScale": 7,
					"trailColor": "FF5845",
					"trailParam": 5,
					"trailLength": 9,
					"trailWidth": 2,
					"trailEffect": "none",
					"status": "能量过载",
					"statusDuration": 60,
					"homingPower": 0.06,
					"homingRange": 160,
					"splashDamage": 15,
					"splashDamageRadius": 20,
					"hitEffect": {
						"type": "ParticleEffect",
						"particles": 1,
						"sizeFrom": 6,
						"sizeTo": 0,
						"length": 0,
						"spin": 3,
						"interp": "swing",
						"lifetime": 100,
						"region": "curse-of-flesh-star",
						"colorFrom": "FF5845",
						"colorTo": "FF5845"
					},
					"despawnEffect": {
						"type": "ParticleEffect",
						"particles": 1,
						"sizeFrom": 6,
						"sizeTo": 0,
						"length": 0,
						"spin": 3,
						"interp": "swing",
						"lifetime": 100,
						"region": "curse-of-flesh-star",
						"colorFrom": "FF5845",
						"colorTo": "FF5845"
					}
				}
			}
		},
		{
		"name":"god4"
		"x":23,"y":-30,
		"length":2.5,
		"recoil":4,
		"reload":157.5,
		"top":false,
		"rotate": false,
	    "shoot":{
	"shots":3
	"shotDelay":3
	"alternate":false
	}
	    "alternate":true
		"shake": 1,
		"shootSound": "rl",
		"inaccuracy":20,
		"bullet": {
	"lifetiem": 330
"spawnUnit":"god-捣蛋",
"shootEffect":"shootBig",
"rangeChange":80,
"reloadMultiplier":2,
"ammoMultiplier":1,
}		
}
		{
		"name":"god-danm"
		"x":23,"y":-27,
		"length":2.5,
		"recoil":4,
		"reload":157.5,
		"top":false,
		"rotate": false,
	    "shoot":{
	"shots":5
	"shotDelay":5
	"alternate":false
	}
	    "alternate":true
		"shake": 1,
		"shootSound": "rl",
		"inaccuracy":20,
		"bullet": {
	"lifetiem": 330
"spawnUnit":"god-捣蛋",
"shootEffect":"shootBig",
"rangeChange":80,
"reloadMultiplier":2,
"ammoMultiplier":1,
}		
}
  {
    "name": "god5",
    "x": 36,
    "y": -12,
    "shootY": 4,
    "layerOffset": 0.001,
    "rotateSpeed": 1,
    "reload": 125,
    "recoil": 4,
    "shootSound": "laser",
    "mirror": true,//镜像
    "alternate": true,
    "rotate": true,
    "bullet": {
    "top": true
    "type": "LaserBulletType",
    "length": 450,
    "width": 45,
    "damage": 800,
    "hitEffect": "lightningShoot",
    "shootEffect": "lightningShoot",
    "colors": ["C45F5FFF", "C45F5FFF", "FFFFFF"],
    "sideAngle": -45,
    "sideLength": 30,
    "sideWidth": 3.4
  }
}



{
"type":"RepairBeamWeapon",
"name":"修复",//名称
"x":30,"y":-3,
"beamWidth":1,
"repairSpeed":1,
"shootY":6,
"top":true,
"mirror":true,//镜像
"bullet":{
"maxRange":90,
"ammoMultiplier":1,//每个物品能够
}}
    {
        "reload":200,
        "mirror":false,
        "shootY":3,
        "x":15,
        "y":3,
        "rotate":false,
        "recoil":0,
        "shots": 1
        "continuous":true,
        "cooldownTime":240,
        	"shootSound": "laserblast",
        	
        "bullet":{

        
            "type":"ContinuousLaserBulletType",
            "damage":80,
            "length":600,
            "width":7,
            "hitEffect":"none",
            "drawSize":300,
            "lifetime":200,
            "shake":1,
            "despawnEffect":"smokeCloud",
            "smokeEffect":"none",
            "shootEffect":"none",
            "incendChance":1,
            "incendSpread":1,
            "incendAmount":1,
            		"healPercent":1
			 "collidesTeam":true
            "colors":["C45F5FFF","C45F5FFF","F0FFFF"]
            "hitEffect":{"type": "ParticleEffect",
    "particles": 8,
    "sizeFrom": 9,
    "sizeTo": 0,
    "line":true,
    "length": 85,
    "baseLength": 0,
    "lifetime": 25,
    "colorFrom": "FFA05CFF",
    "colorTo": "98ffa9",
    "cone": 80},
    }}
    
        {
        "reload":200,
        "mirror":false,
        "shootY":3,
        "x":-15,
        "y":3,
        "rotate":false,
        "recoil":0,
        "shots": 1
        "continuous":true,
        "cooldownTime":240,
        	"shootSound": "laserblast",
        "bullet":{
            "type":"ContinuousLaserBulletType",
            "damage":80,
            "length":600,
            "width":7,
            "hitEffect":"none",
            "drawSize":300,
            "lifetime":200,
            "shake":1,
            "despawnEffect":"smokeCloud",
            "smokeEffect":"none",
            "shootEffect":"none",
            "incendChance":1,
            "incendSpread":1,
            "incendAmount":1,
            		"healPercent":1
			 "collidesTeam":true
            "colors":["C45F5FFF","C45F5FFF","F0FFFF"]
            "hitEffect":{"type": "ParticleEffect",
    "particles": 8,
    "sizeFrom": 9,
    "sizeTo": 0,
    "line":true,
    "length": 85,
    "baseLength": 0,
    "lifetime": 25,
    "colorFrom": "FFA05CFF",
    "colorTo": "98ffa9",
    "cone": 80},
    }}
    
    	{	"name": "激光炮",	
		"reload": 150,
        "x": 0,  "y": 10, 
        "rotate": true,
        "mirror":false,
        "inaccuracy": 0,
        "shootSound":"railgun",
            "rotateSpeed":1,
		"alternate": false,
		"bullet":{	
		"type":"PointBulletType",
		"trailEffect": "instTrail",
		"trailSpacing": 20,	
		"shootEffect": "instShoot",
	    "damage":800,
	    "speed":60,
	    "lifetime":20,
	    "smokeEffect":"smokeCloud",
	    "hitEffect":"instHit",
	    "despawnEffect":"instBomb"
	    		"healPercent":1
			 "collidesTeam":true
			 
			 		         
	}	
	}
	]
}