{
	"type":"UnitFactory",
	"name":"爆裂钻头生产工厂",
	"description":"生产强大的爆裂钻头。",
    "health":2000
	"size":5
	"consumes":{
		"power":2,
		"liquids":{
		    "liquids":[
		        {"liquid": "water", "amount": 0.1 }
		    ]
		}
	},
	"plans":[
		{ "unit": "爆裂钻头飞行形态", "time": 5000,
    	"requirements": [
       		{ "item": "thorium", "amount": 300},
       		{ "item": "耐高温钻头核心", "amount": 2}
       		{ "item": "silicon", "amount": 600},
       		{ "item": "oxide", "amount": 40},
       		{ "item": "tungsten", "amount": 500},
            ]
        },
    ],
	"requirements": [
    	"graphite/120",
    	"silicon/80",
	],
	"category":"units",
	"buildVisibility":"shown",
	"research":"耐高温钻头核心",
	"researchCostMultiplier": 0.1
}