{
	"type": "missile",//导弹
	"template": "MissileUnitType",//导弹模板
	"outlineColor":"383848",//边框颜色
	"name": "中型追踪导弹",//名字
	"homingDelay": 65,//追踪范围
	"speed": 10,//单位速度
	"lifetime": 500,//存在时间
	"rotateSpeed": 35,//旋转速度
	"loopSoundVolume": 0.03,//声音音量
	"deathSound": "explosionbig",//死亡音效
	"hidden": true,//隐藏
	"missileAccelTime": 12,//导弹加速时间
	"hitSize": 8,//单位大小
	"health": 250,//血量
	"armor": 3,//护甲
	"fogRadius": 48,//烟雾半径
	"engineColor": "00008B",//引擎颜色
	"trailColor": "E0ffff",//尾焰颜色
	"trailLength": 5,//尾焰存在时间
	"engineLayer": 110,//引擎图层
	"engineOffset": 8,//引擎位置
	"engineSize": 4,//引擎大小
	"maxRange": 30,//最大范围
	"immunities": [
	],//免疫
	"weapons": [		
	{
		"name": "中型追踪导弹",
		"x": 0,
		"y": 0,
		"reload": 1,
		"mirror": false,
		"rotate": true,
		"shake": 5,
			"shootSound": "none",
			"shootOnDeath": true,
			"bullet": {
				"collides":false,
				"instantDisappear": true,
				"ammoMultiplier": 1,
				"hitSound": "titanExplosion",
				"hitSoundVolume": 4,
				"killShooter": true,
				"splashDamageRadius": 100,
				"splashDamage": 12500,
				"hitShake": 15,
				"shootEffect": "none",
				"smokeEffect": "none",
				"despawnEffect": "none",
            }
        }
	]//武器
}