{
	"type": "GenericSmelter",
	"name": "印书厂",
	"description": "印制书本",
	"outputItem": { "item": "书", "amount": 1 },
    "health":300
    "itemCapacity":200 ,
	"size":3,
	"hasPower": true,
	"hasLiquids": false,
	"hasItems": true,
	"craftTime": 90,
	"updateEffect": "smeltsmoke",
	"consumes": {
    "items": {
			 "items": [
				{ "item": "纸", "amount":150},
				{ "item": "线", "amount": 5 },
			]
   }
	}
	"requirements": [
		{ "item": "钢铁", "amount": 30 },
        { "item": "silicon", "amount": 40 },
		{ "item": "copper", "amount": 20 },
		{ "item": "titanium","amount": 25 },
		{ "item": "钢板","amount":20}
		{ "item": "初级晶圆","amount":30}
	],
	"category": "crafting",
	"research": "纸浆捞取机",
	"idleSound": "respawning",
	"idleSoundVolume": 0.5
}