{
	"type": "GenericSmelter"
	"name": "扇叶制造机",
	"description": "将铁棒接合成扇叶",
	"health":230 ,
	"itemCapacity":15 ,
	"outputItem": {"item": "铁扇叶","amount":1 },
	"size": 2,
	"hasPower":true ,
	"hasItems": true,
	"craftTime":90 ,
	"updateEffect": "smeltsmoke",
	"consumes": {
		"power": 4.5,
		"items": {
			"items": [
				{ "item": "铁棒", "amount":3  }
			]
		}
	},
	"requirements": [
		{ "item": "钢铁", "amount": 40 },
		{ "item": "熟铁", "amount": 25},
		{ "item": "titanium", "amount": 20}
	],
	"category": "crafting",
	"research": "铁锟压机",
	"idleSound": "respawning",
	"idleSoundVolume": 0.5
}
