{
	"type": "GenericSmelter"
	"name": "氧气制造机",
	"description": "制造氧气",
	"health":310 ,
	"itemCapacity":10 ,
	"outputItem": {"item": "氧气罐","amount":1 },
	"size": 2,
	"hasPower":true ,
	"hasItems":true ,
	"hasLiquids":true
	"craftTime":75 ,
	"updateEffect": "producesmoke",
	"consumes": {
		"power":2.5 ,
		"items": {
			"items": [
				{ "item": "铝罐", "amount":1 }
			]
		}
		"liquid":{
		"liquid":"water"
		"amount":0.25},
	},
	"requirements": [
		{ "item": "copper", "amount": 16 },
		{ "item": "lead", "amount": 21},
		{ "item": "钢板","amount": 15},
		{ "item": "铝","amount":20},
		{ "item": "熟铁","amount":14},
		{ "item": "graphite","amount":20}
	],
	"category": "crafting",
	"research": "铝罐制造机",
	"idleSound": "machine",
	"idleSoundVolume": 0.5
	"flameColor":"96cdcd"
}
