{
	"type": "GenericSmelter"
	"name": "织网机",
	"description": "把植物纤维制成线",
	"health":190 ,
	"itemCapacity": 15 ,
	"outputItem": {"item": "线","amount":2 },
	"size":2 ,
	"hasPower":false ,
	"hasItems":true ,
	"craftTime":60 ,
	"updateEffect": "smeltsmoke",
	"consumes": {
		"items": {
			"items": [
				{ "item": "植物纤维", "amount": 3 }
			]
		}
	},
	"requirements": [
		{ "item": "graphite", "amount": 40 },
		{ "item": "metaglass", "amount":20},
		{ "item": "熟铁", "amount": 30 }
	],
	"category": "crafting",
	"research": "纤维培养机",
	"idleSound": "respawning",
	"idleSoundVolume": 0.5
}
