{
	"type": "GenericSmelter",
	"name": "钢索铸造厂",
	"description": "铸造钢索",
	"outputItem": { "item": "钢索", "amount": 2},
    "health":300
	"size": 2,
	"hasPower": true,
	"hasLiquids": false,
	"hasItems": true,
	"craftTime": 90,
	"updateEffect": "smeltsmoke",
	"consumes": {
   "items": {
			 "items": [
				{ "item": "线", "amount": 2 }
				{ "item": "钢铁", "amount":1}
			]
   }
	}
	"requirements": [
		{ "item": "钢铁", "amount": 30 },
    { "item": "silicon", "amount": 40 },
		{ "item": "copper", "amount": 20 },
		{ "item": "lead", "amount": 20},
		{ "item": "graphite","amount":25}
	],
	"category": "crafting",
	"research": "织网机",
	"idleSound": "respawning",
	"idleSoundVolume": 0.5
}