{
	"type": "GenericSmelter",
	"name": "锡磨粉机",
	"description": "把锡磨成粉",
	"outputItem": { "item": "锡粉", "amount": 1},
    "health":300
	"size": 2,
	"hasPower": true,
	"hasLiquids": false,
	"hasItems": true,
	"craftTime": 60,
	"updateEffect": "smeltsmoke",
	"consumes": {
    "items": {
			 "items": [
				{ "item": "锡", "amount": 3}
			]
   }
    "power":2.5
	}
	"requirements": [
		{ "item": "钢铁", "amount": 30 },
    { "item": "silicon", "amount": 40 },
		{ "item": "copper", "amount": 20 },
		{"item":"lead","amount": 30 },
		{"item":"钢板","amount": 25},
		{"item":"锡","amount":20}
	],
	"category": "crafting",
	"research": "铜磨粉机",
	"idleSound": "respawning",
	"idleSoundVolume": 0.5
}