{
	"type": "GenericSmelter"
	"name": "高级晶圆合成机",
	"description": "制造高级晶圆",
	"health":260 ,
	"itemCapacity":10 ,
	"outputItem": {"item": "高级晶圆","amount": 2 },
	"size":2 ,
	"hasPower":true ,
	"hasItems":true ,
	"craftTime":90 ,
	"updateEffect": "smeltsmoke",
	"consumes": {
		"power":2 ,
		"items": {
			"items": [
				{ "item": "silicon", "amount": 2 },
				{ "item": "初级晶圆", "amount": 2 }
				{ "item": "surge-alloy","amount":1 }
			]
		}
	},
	"requirements": [
		{ "item": "silicon", "amount": 30 },
		{ "item": "钢铁", "amount": 20 }
		{ "item": "copper", "amount":25}
		{ "item": "lead", "amount":30}
		{ "item": "致密钢板","amount":20}
		{ "item": "青铜板","amount":20}
		],
	"category": "crafting",
	"research": "初级晶圆合成机",
	"idleSound": "respawning",
	"idleSoundVolume": 0.5
}
