{
     "name":"高级超速投影仪"
     "type":"OverdriveProjector"
     "description":"通过修改超速投影仪的内部结构，增大了体积，效率和范围"
     "size":3
     "health":780
     "range":115
     "speedBoost":1.9
     "speedBoostPhase":0.8
     "useTime":360
     "phaseRangeBoost":35
     "reload":60
     "buildCostmultiplier":0.75
     "consumes":{
            "power":5.5
            "items":{
                   "items":[
                   {"item":"高级晶圆","amount":1}
                   ]               
                 "booster":true
                 "optional":true
                 }
                 }
      "requirements":[
      {"item":"copper","amount":65},
      {"item":"lead","amount":75},
      {"item":"silicon","amount":75},
      {"item":"致密钢板","amount":35},
      {"item":"graphite","amount":40},
      {"item":"钢索","amount":60},
      {"item":"surge-alloy","amount":40},
      {"item":"青铜板","amount":25},
      {"item":"thorium","amount":30}
      ]
      "category":"effect"
      "research":"overdrive-projector"
}       
                 
                   
            
            
            