{
	"type": "GenericSmelter"
	"name": "高炉",
	"description": "精炼生铁",
	"health":190 ,
	"itemCapacity":10 ,
	"outputItem": {"item": "熟铁","amount":2 },
	"size": 2,
	"hasItems": true,
	"craftTime":45 ,
	"updateEffect": "smeltsmoke",
	"consumes": {
		"items": {
			"items": [
				{ "item": "生铁", "amount": 2 },
				{ "item": "coal", "amount": 1 }			
			]
		}
	},
	"requirements": [
		{ "item": "silicon", "amount":20  },
		{ "item": "graphite", "amount":15},
		{ "item": "titanium", "amount":20},
		{ "item": "copper", "amount": 30}
	],
	"category": "crafting",
	"research": "silicon-smelter",
	"idleSound": "respawning",
	"idleSoundVolume": 0.5
}
