{
    "type": "ForceProjector",
    "name": "穹顶投影",
    "description": "范围更大，但是不能用相织布加强",
    "size": 4,
    "health": 500,
    "radius": 210,
    "shieldHealth": 1500,
    "cooldownNormal": 1.1,
    "cooldownBrokenBase": 0.9,
    "category": "effect",
    "requirements": [
        {"item": "lead", "amount": 300},
        {"item": "silicon", "amount": 265},
        {"item": "titanium", "amount": 150},
	      {"item": "thorium", "amount": 200},
	      {"item": "plastanium", "amount": 100}
    ],
    "consumes": {
		  "power": 5
	  },
    "research": "dark-mender"
}
