{
  "type": "OverdriveProjector",
  "name": "小型超速器",
  "description": "一个小小的超速投影仪，使其范围内的所有东西运行更快，非常的好用（",
  "range": 48,
  "hasBoost": false,
  "speedBoost": 1.15,
  "reload": 1,
  "research": "mod-gate-effect",
  "category": "effect",
  "consumes": {
    "power": 1.25
  },
  "requirements": [
    {
      "item": "lead",
      "amount": 25
    },
    {
      "item": "titanium",
      "amount": 20
    },
    {
      "item": "silicon",
      "amount": 25
    }
  ]
}
