{
	"name": "钢板墙",//名字
	"description": "利用现代迷彩学钢板做成的墙，牢固坚实",//介绍
	"type": "Wall",//类型
	"health":3000,//血量
	"size":1 ,//边长
	"requirements": [
		{ "item": "现代战争-钢板", "amount":6}//造价
	],
	"category": "defense",//不能改
	"research": "copper-wall"//科技树位置（此为铜墙）
"absorbLasers":false,//吸收激光（塑钢墙同款）
"deflect": false,//反弹子弹
"chanceDeflect":0,//反弹概率（1=1%）
"lightningChance":0//放电概率（1=100%）
"lightningDamage":0//闪电伤害
"lightningLength":0//闪电长度（1=?格）
}