{
    "type": "WallCrafter",
    "name": "离子碎壁机",
    "description": "[red]来一份豪华套餐E星，打包带走",
    "ambientSound": "drill",
    "ambientSoundVolume": 0.04,
    	"consumes":{
		"power":1.5,
		}
    "health": 320,
    "rotateSpeed": 8,
    "liquidCapacity": 15,
    "size": 3,
    "fogRadius": 2,
    "updateEffectChance": 0.25,
    "drillTime": 120,
    "output": "sand",
    "requirements": [
	"copper/45"
	"titanium/35"
	"graphite/35"
	"silicon/30"
    ],
    "category": "production",
    "research": "气动碎壁机"
}