{
  "displayName": "ArchiveDustry Java",
  "author": "WilloIzCitron. Copyrights remains with Nexon, Nexon Games and Yostar",
  "description": "This is a fanmade mod of Blue Archive Soundtrack in Mindustry.\n\n[yellow[]]Purposes:[[]]\nThis mod replace vanilla soundtrack into [blue]Blue [white]Archive []Soundtrack, also add additional soundtrack for essentials and the halo too!.\n\n[red[]]⚠ NOTICE ⚠:[[]]\nThis mod is a fan-made project inspired by Blue Archive and not directly affiliated with it. Copyright remains with the developer and publisher of Blue Archive:Nexon, Nexon Games and Yostar.",
  "version": "1.6 build 16",
  "minGameVersion": 149,
  "dependencies": [],
  "java": true,
  "hidden": true,
  "main": "bluearchive.ArchiveDustry",
  "name": "bluearchive"
}