{
"type":"hover",//飞船
"flying":false,
"name":"六边形1",
"description":"每隔2秒为周围敌人增加护盾"
"research":"",//科技树上级
    "hovering":true,
            "drag":0.07,
            "speed":1,
            "rotateSpeed":5,
            "accel":0.09,
            	"engineSize":0
            "health":100,
            "armor":0,
            "hitSize":2,
            "engineOffset":0,
            "engineSize":0,
            "itemCapacity":0,
            "faceTarget": true,
            "useEngineElevation":false,
            "targetAir": false,
        "weapons":[	{	
		"reload": 30, 
        "x": 0,  "y": 0, 
        "rotate": false,
        "inaccuracy": 0,
		"shootSound": "none",
		"alternate": true,
		"ejectEffect":"none",
		"bullet":{
		"killShooter": false,//杀死发射单位
"buildingDamageMultiplier":1,
	    "damage":10,	  
	    "speed":1,
	    "lifetime":10,
	    "width":0,	 "height":0
	}	}],
	"abilities":[
{"type":"ShieldRegenFieldAbility",//护盾再生场
	"amount":100//再生值
	"max":100
	"reload":120//间隔时间（帧）
	"range":32//范围
	}],
}