{
	"type": "flying",
	"name": "[purple]翱翔",
	"description": "介绍没有什么好看的",
	"speed": 2,	
	"drag":0.05,
	"accel":0.1,
	"rotateSpeed":6,
	"ammoCapacity": 0,
	"hitSize":14, 
	"flying": true,
	"faceTarget": true,
	"range":320,
	"health": 1000,
	"armor":7,
	"engineOffset": 6,
	"engineSize": 2,
	"abilities":[
	{
    "type": "ForceFieldAbility"
    "radius": 32
    "regen": 0.35
    "max": 600
    "cooldown": 300
  }
  ]
	"research": "利刃",
	    "itemCapacity": 30,
	    	"ammoType":{
	"type":"PowerAmmoType",
	"totalPower":100},
	"weapons":[ 
	{
  "x":3
  "y":1
  "shootY":4
  "top": true
  "rotate":true
  "reload": 15
  "shootSound":"激光音效",
  "ejectEffect":"casing1"
  "shots": 1,
  "inaccuracy":0
  "alternate":true,
  "ignoreRotation": false,
  "bullet":{
               "speed": 5
               "lifetime": 60
               "damage":18
               "width": 7
               "shrinkY":0
               "height": 7
               "splashDamageRadius":10
	    "splashDamage":12
	    "frontColor": "FFEFD7"
	"backColor": "FFEFD7"
		"weaveMag": 1,
	"weaveScale": 5,
	"trailLength": 6,
	"trailWidth": 1.2,
	"trailColor": "FFEFD7",
}
},
{
			"x": 0,
			"y": 0,
			"recoil": 0,
			"shootY": 2,
			"reload": 120,
			"mirror": false,
			"shootSound": "plasmadrop",
			"bullet": {
				"type": "BasicBulletType",
				"damage": 30,
				"splashDamage": 30,
				"splashDamageRadius": 20,//飞溅伤害半径
				"speed": 2.5,
				"lifetime": 120,//存在时间
				"knockback": 0.5,
				"shrinkY": 0,
				"width": 8,
				"height": 8,
				"hitEffect": "none",
				"despawnEffect": {
					"type": "MultiEffect",
					"effects": [
						{
							"type": "ParticleEffect",
							"particles": 13,
							"sizeFrom": 4,
							"sizeTo": 0,
							"length": 32.5,
							"baseLength": 8,
							"lifetime": 25,
							"colorFrom": "F3E979",
							"colorTo": "FEEBB3",
							"cone": 40
						},
						{
							"type": "WaveEffect",
							"lifetime": 18,
							"sizeFrom": 1,
							"sizeTo": 45,
							"strokeFrom": 3,
							"strokeTo": 0,
							"colorFrom": "F3E979",
							"colorTo": "FEEBB3"
						}
					]
				},
				"hitSound": "plasmaboom",
				"sprite": "circle-bullet",
				"trailLength": 11.5,
				"trailWidth": 3,
				"trailColor": "F3E979",
				"frontColor": "FEEBB3",
				"backColor": "F3E979",
				"pierce": true,
				"bulletInterval": 2.5,
				"intervalBullets": 1,
				"intervalRandomSpread": 360,
				"intervalSpread": 8,
				"intervalAngle": 0,
				"intervalBullet": {
					"type": "LightningBulletType",
					"damage": 6,
					"lightningColor": "FEEBB3FA0",
					"hitColor": "FEEBB3A0",
					"lightningLength": 6,
					"lightningLengthRand": 2,
					"hitEffect": "hitLancer",
					"despawnEffect": "none",
					"status": "shocked",
					"statusDuration": 60//状态持续时间
				}
			}
		}
	    ]
}
