{
	//"type": "ItemTurret",
	"health": 5400,
	"size": 5,
	"armor": 4,
	"range": 340,
	"reload": 6,
	"shake": 3,
	"recoil": 4,
	"recoilTime": 15,
	"cooldownTime": 60,
	"inaccuracy": 1.5,
	"shootCone": 20,
	"maxAmmo": 300,
	"rotateSpeed": 4.5,
	"shoot": {
		"type": "ShootAlternate",
		"barrels": 2,
		"spread": 15
	},
	"ammoUseEffect": "casing3Double",
	"ammoPerShot": 1,
	"liquidCapacity": 30,
	"consumes": {
		"coolant": {
			"amount": 1.5,
			"optional": true
		}
	},
	"coolantMultiplier": 1,
	"shootSound": "shootBig",
	"ammoTypes": {
		"graphite": {
			"damage": 85,
			"lifetime": 33.6,
			"speed": 10,
			"width": 16,
			"height": 20,
			"pierceCap": 2,
			"pierceBuilding": true,
			"knockback": 0.5,
			"reloadMultiplier": 1.9,
			"ammoMultiplier": 5,
			"shootEffect": "shootBig",
			"smokeEffect": "shootBigSmoke"
		},
		"thorium": {
			"damage": 140,
			"lifetime": 36,
			"speed": 11,
			"width": 18,
			"height": 23,
			"pierceCap": 4,
			"pierceBuilding": true,
			"knockback": 1.2,
			"ammoMultiplier": 3,
			"status": "衰变",
			"shootEffect": "shootBig",
			"smokeEffect": "shootBigSmoke"
		},
		"铱板": {
			"damage": 100,
			"lifetime": 36,
			"speed": 11,
			"width": 18,
			"height": 23,
			"pierceCap": 2,
			"pierceBuilding": true,
			"knockback": 1.1,
			"ammoMultiplier": 4,
			"status": "破甲",
			"splashDamage": 35,
			"splashDamageRadius": 20,
			"shootEffect": "shootBig",
			"smokeEffect": "shootBigSmoke",
			"hitEffect": "flakExplosionBig",
			"despawnEffect": "flakExplosionBig"
		},
		"低温化合物": {
			"damage": 206,
			"lifetime": 43,
			"speed": 8,
			"width": 18,
			"height": 23,
			"backColor": "87CEEB",
			"frontColor": "C0ECFF",
			"ammoMultiplier": 2,
			"reloadMultiplier": 0.6,
			"shootEffect": {
				"type": "ParticleEffect",
				"line": true,
				"particles": 12,
				"lifetime": 20,
				"length": 45,
				"cone": 30,
				"lenFrom": 6,
				"lenTo": 5,
				"strokeFrom": 3,
				"interp": "fastSlow",
				"colorFrom": "C0ECFF",
				"colorTo": "87CEEB"
			},
			"smokeEffect": "shootBigSmoke",
			"status": "封冻",
			"statusDuration": 150,
			"hitEffect": {
				"type": "ParticleEffect",
				"region": "curse-of-flesh-crystal",
				"particles": 3,
				"lifetime": 36,
				"length": 60,
				"sizeFrom": 4,
				"cone": 30,
				"interp": "pow5Out",
				"sizeInterp": "pow2In",
				"colorFrom": "87CEEB",
				"colorTo": "C0ECFF"
			},
			"despawnEffect": {
				"type": "ExplosionEffect",
				"sparkColor": "87CEEB",
				"smokeColor": "6D90BC",
				"waveColor": "C0ECFF",
				"waveStroke": 7,
				"waveRad": 30,
				"waveLife": 15,
				"sparks": 5,
				"sparkRad": 27,
				"sparkLen": 8,
				"sparkStroke": 4
			}
		},
		"铈凝块": {
			"damage": 88,
			"lifetime": 33.6,
			"speed": 10,
			"width": 16,
			"height": 20,
			"pierceCap": 2,
			"pierceBuilding": true,
			"knockback": 0.9,
			"ammoMultiplier": 4,
			"status": "蚀骨",
			"statusDuration": 150,
			"splashDamage": 25,
			"splashDamageRadius": 35,
			"incendChance": 1,
			"incendSpread": 16,
			"incendAmount": 3,
			"backColor": "FF8C00",
			"frontColor": "FFB90F",
			"shootEffect": "shootBig",
			"smokeEffect": "shootBigSmoke",
			"hitEffect": "flakExplosionBig",
			"despawnEffect": "flakExplosionBig"
		},
		"surge-alloy": {
			"damage": 50,
			"lifetime": 30,
			"speed": 12,
			"width": 16,
			"height": 20,
			"knockback": 0.9,
			"rangeChange": 20,
			"ammoMultiplier": 3,
			"status": "shocked",
			"statusDuration": 120,
			"splashDamage": 135,
			"splashDamageRadius": 40,
			"lightning": 4,
			"lightningDamage": 25,
			"lightningLength": 10,
			"lightningCone": 360,
			"hitEffect": "instBomb",
			"hitSound": "plasmaboom",
			"despawnEffect": "instBomb"
		},
		"phase-fabric": {
			"damage": 65,
			"lifetime": 43,
			"speed": 9,
			"width": 16,
			"height": 20,
			"pierceCap": 2,
			"pierceBuilding": true,
			"knockback": 1.3,
			"rangeChange": 44,
			"reloadMultiplier": 1.3,
			"ammoMultiplier": 4,
			"status": "unmoving",
			"statusDuration": 120,
			"suppressionRange": 40,
			"suppressionDuration": 600,
			"suppressionEffectChance": 100,
			"shootEffect": "shootBig",
			"smokeEffect": "shootBigSmoke",
			"fragVelocityMin": 1,
			"fragBullets": 1,
			"fragBullet": {
				"type": "PointBulletType",
				"trailEffect": "none",
				"damage": 0,
				"speed": 24,
				"lifetime": 5,
				"hitEffect": "none",
				"hitSound": "激射",
				"despawnEffect": {
					"type": "WaveEffect",
					"lifetime": 10,
					"sizeFrom": 0,
					"sizeTo": 20,
					"strokeFrom": 3,
					"strokeTo": 0,
					"colorFrom": "BBFFFF",
					"colorTo": "BBFFFF"
				},
				"fragBullets": 1,
				"fragAngle": 180,
				"fragVelocityMin": 1,
				"fragRandomSpread": 0,
				"fragBullet": {
					"lifetime": 25,
					"damage": 75,
					"speed": 8,
					"width": 8,
					"height": 10,
					"pierce": true,
					"pierceBuilding": true,
					"status": "unmoving",
					"statusDuration": 60,
					"trailChance": -1,
					"trailWidth": 1,
					"trailLength": 400,
					"trailColor": "BBFFFF",
					"backColor": "BBFFFF",
					"frontColor": "BBFFFF",
					"hitEffect": "none",
					"trailEffect": "none"
				}
			}
		},
		"生物钢": {
			"damage": 115,
			"lifetime": 37,
			"speed": 11,
			"width": 16,
			"height": 20,
			"pierceCap": 3,
			"pierceBuilding": true,
			"knockback": 1.5,
			"rangeChange": 67,
			"ammoMultiplier": 5,
			"status": "熔融",
			"statusDuration": 120,
			"frontColor": "FFDCD8",
			"backColor": "FF5845",
			"shootEffect": "shootBig",
			"smokeEffect": "shootBigSmoke",
			"fragVelocityMin": 1,
			"fragBullets": 1,
			"fragBullet": {
				"type": "PointBulletType",
				"trailEffect": "none",
				"damage": 0,
				"speed": 24,
				"lifetime": 5,
				"hitEffect": "none",
				"hitSound": "激射",
				"despawnEffect": {
					"type": "WaveEffect",
					"lifetime": 10,
					"sizeFrom": 0,
					"sizeTo": 20,
					"strokeFrom": 3,
					"strokeTo": 0,
					"colorFrom": "D86E56",
					"colorTo": "D86E56"
				},
				"fragBullets": 1,
				"fragAngle": 180,
				"fragVelocityMin": 1,
				"fragRandomSpread": 0,
				"fragBullet": {
					"lifetime": 25,
					"damage": 115,
					"speed": 8,
					"width": 8,
					"height": 10,
					"pierce": true,
					"pierceBuilding": true,
					"status": "熔融",
					"statusDuration": 60,
					"homingPower": 0.12,
					"homingRange": 40,
					"splashDamage": 45,
					"splashDamageRadius": 32,
					"trailChance": -1,
					"trailWidth": 1,
					"trailLength": 400,
					"trailColor": "D86E56",
					"frontColor": "D86E56",
					"backColor": "D86E56",
					"hitEffect": {
						"type": "MultiEffect",
						"lifetime": 120,
						"effects": [
							{
								"type": "ParticleEffect",
								"particles": 6,
								"sizeFrom": 3,
								"sizeTo": 0,
								"length": 60,
								"baseLength": 8,
								"lifetime": 9,
								"colorFrom": "D75B6EFF",
								"colorTo": "D86E56",
								"cone": 20
							},
							{
								"type": "WaveEffect",
								"lifetime": 10,
								"sizeFrom": 8,
								"sizeTo": 50,
								"strokeFrom": 2,
								"strokeTo": 0,
								"colorFrom": "D75B6EFF",
								"colorTo": "D86E56"
							}
						]
					}
				}
			}
		}
	},
	"category": "turret",
	"buildVisibility": "hidden"
}