{
	"type": "ConsumeGenerator",
	"name": "脑啡肽转化机",
	"description":"L公司奇点技术：利用脑啡肽生成大量能源",
	"size": 2,
	"health":1000,
	"hasLiquids": true,
	"hasItems":true,
	"powerProduction":200,
	"liquidCapacity":300,
	"ItemCapacity":10,
       "items": {
            "items": [
                {"item": "妖灵","amount":0.1}
            ]
        },
	"consumes": {
		"itemFlammable":{},
		"liquid": {
			"liquid": "脑啡肽",
			"amount":0.05
		}
	},
	"requirements": [
	    { "item": "copper", "amount":240},
	    { "item": "lead", "amount":240},	  
		{ "item": "graphite","amount":240},	
		{ "item": "silicon","amount":180},
		{ "item": "妖灵", "amount":70}
	],
	"category": "power",
	"research": "脑啡肽"
}
