{
	"name": "序章1",
	"description": "这是故事开始的地方，你从医疗仓醒来。。。。.",
	"loadout": "bXNjaAB4nGNgYmBiZGDJS8xNZWB/tmDH0/3NhowMSs9mzH++ctezjhlPdnW+bO99vnfd884O3WfTp7/o2ABRxcDAwMgABwBc/B4N",
    "startingItems": [
    	{"item": "copper", "amount": 1},
    ],
    "conditionWave": 10,
    "launchPeriod": 5, 
    "configureObjective": {
    		"type": "ZoneWave",
    		"zone": "序章1",
    		"wave": 114514
    },
    "requirements": [
    	{
    		"type": "ZoneWave",
    		"zone": "desolateRift",
    		"wave": 3
    	},
    	{
    		"type": "Unlock",
    		"block": "kiln"
    	}
    	{
    		"type": "Unlock",
    		"block": "solar-panel"
    	}
    ],
    "resources": ["copper"]
}
