{
	"name": "扼守要道",
	"description": "为了阻止人类病菌（上古词汇）式的扩张，围绕银河系一周已建起了防御圈，每隔几光年（标准单位）都有一支舰队，你的母舰也在此扼守",
	"loadout": "bXNjaAB4nGNgYmBiZGDJS8xNZWB/tmDH0/3NhowMSs9mzH++ctezjhlPdnW+bO99vnfd884O3WfTp7/o2ABRxcDAwMgABwBc/B4N",
    "startingItems": [
    	{"item": "致密合金", "amount": 7000},
    	{"item": "小型舰体", "amount": 400},
    	{"item": "中型舰体", "amount": 180},
    	{"item": "大型舰体", "amount": 60},
    	{"item": "高能晶体", "amount": 7000},
    	{"item": "战斗旗舰舰体", "amount": 10},
    	{"item": "初等金属", "amount": 10000},
    	{"item": "超导晶体", "amount": 10000},
    	
    ],
    "conditionWave": 10,
    "launchPeriod": 5,
    "requirements": [
    	{
    		"type": "Launched",
    		"zone": "星灵族3", 
    	},
    	{
    		"type": "Unlock",
    		"block": "星灵族"
    	}
    	{
    		"type": "Unlock",
    		"block": "矿机1"
    	}
    ],
    "resources": ["copper","coal","titanium","thorium","sand","金属原矿","lead","反物质","晶体原矿"]
}
