{
 "type": "Wall",
	"health": 1,
	"size": 1,
	"name":"核磁共振力场",
	"description":"由磁共振产生的偏转力场可以在过载前化解一定敌方火力，主要缺点是能耗高
将解锁的科技:
-纯能量保护力场
-大型磁共振阵列
-磁共振偏转护盾发生器"
		"requirements": [
		{ "item": "科研1", "amount": 1 }
	],
	"category": "effect"
	"buildVisibility":debugOnly
	  "research":{
   "parent":"A2-5",
   "requirements":[
	 {"item":"科研1","amount":5000}
]}
}