{
 "type": "Wall",
	"health": 1,
	"size": 1,
	"name":"纯能量保护力场",
	"description":"新型护盾发生器是新一代防御屏障，取代旧式磁力偏转器，提供更优秀的防护能力
将解锁的科技:
-光学保护力场
-护盾发生器"
		"requirements": [
		{ "item": "科研1", "amount": 1 }
	],
	"category": "effect"
	"buildVisibility":debugOnly
	  "research":{
   "parent":"A3-3",
   "requirements":[
	 {"item":"科研1","amount":50000}
	 {"item":"科研11","amount":25000}
]}
}