{
 "type": "Wall",
	"health": 1,
	"size": 1,
	"name":"形态发生学精通",
	"description":"形态发生研究本是药学领域的尝试，但深入理解其中玄妙后，开发出了有机体潜意识直连技术
将解锁的科技:
-异形部队(未实装)"
		"requirements": [
		{ "item": "科研2", "amount": 1 }
	],
	"category": "effect"
	"buildVisibility":debugOnly
	  "research":{
   "parent":"B3-4",
   "requirements":[
	 {"item":"科研2","amount":80000}
	 {"item":"科研21","amount":50000}
]}
}