{
	"type": "ItemTurret",
	"name": "贯虹",
	"health": 12000,
	"armor": -16,
	"size": 7,
	"reload": 180,
	"range": 1000,
	"fogRadiusMultiplier": 0.667,
	"recoilTime": 80,
	"recoil": 1,
	"cooldownTime": 60,
	"shake": 4,
	"warmupMaintainTime": 250,
	"minWarmup": 0.9,
	"canOverdrive": false,
	"unitSort": "strongest",
	"shootSound": "railgun",
	"soundPitchMin": 0.8,
	"heatColor": "FEEBB3",
	"drawer": {
		"type": "DrawTurret",
		"parts": [
			{
				"type": "RegionPart",
				"mirror": true,
				"under": true,
				"suffix": "-管",
				"layerOffset": -0.001,
				"heatLayerOffset": -0.001,
				"heatProgress": "warmup",
				"heatColor": "FEEBB3",
				"progress": "warmup",
				"moveY": 3.5
			},
			{
				"type": "RegionPart",
				"mirror": true,
				"under": true,
				"suffix": "-侧中",
				"layerOffset": -0.001,
				"heatLayerOffset": -0.001,
				"heatProgress": "warmup",
				"heatColor": "FEEBB3",
				"progress": "warmup",
				"moveX": 2.75,
				"moveY": 2.5
			},
			{
				"type": "RegionPart",
				"mirror": true,
				"under": true,
				"suffix": "-侧底",
				"layerOffset": -0.001,
				"heatLayerOffset": -0.001,
				"heatProgress": "warmup",
				"heatColor": "FEEBB3",
				"progress": "warmup",
				"moveX": 2.5,
				"moveY": -2.5
			},
			{
				"type": "ShapePart",
				"circle": true,
				"hollow": true,
				"progress": "warmup",
				"color": "FEEBB3",
				"y": -14.5,
				"stroke": 0,
				"strokeTo": 1,
				"radius": 0,
				"radiusTo": 10,
				"rotateSpeed": 2.5,
				"layer": 110
			},
			{
				"type": "ShapePart",
				"circle": true,
				"hollow": true,
				"progress": "warmup",
				"color": "FEEBB3",
				"y": -14.5,
				"stroke": 0,
				"strokeTo": 1.25,
				"radius": 0,
				"radiusTo": 13.5,
				"rotateSpeed": -2.5,
				"layer": 110
			},
			{
				"type": "HaloPart",
				"shapes": 4,
				"sides": 3,
				"progress": "warmup",
				"color": "FEEBB3",
				"y": -14.5,
				"tri": true,
				"triLength": 0,
				"triLengthTo": 9,
				"radius": 0,
				"radiusTo": 5,
				"haloRadius": 13.5,
				"haloRotateSpeed": 0.3,
				"shapeRotation": 180,
				"haloRotation": 180,
				"layer": 110
			},
			{
				"type": "HaloPart",
				"shapes": 4,
				"sides": 3,
				"progress": "warmup",
				"color": "FEEBB3",
				"y": -14.5,
				"tri": true,
				"triLength": 0,
				"triLengthTo": 3.5,
				"radius": 0,
				"radiusTo": 4.5,
				"haloRadius": 13.5,
				"haloRotateSpeed": 0.3,
				"shapeRotation": 0,
				"haloRotation": 180,
				"layer": 110
			}
		]
	},
	"shoot": {
		"type": "ShootPattern",
		"firstShotDelay": 90
	},
	"consumes": {
		"power": 160,
		"liquid": "纳米流体/1.8"
	},
	"liquidCapacity": 240,
	"targetGround": true,
	"targetAir": true,
	"inaccuracy": 0,
	"rotateSpeed": 1.8,
	"maxAmmo": 120,
	"ammoPerShot": 20,
	"ammoTypes": {
		"裂位能": {
			"type": "BasicBulletType",
			"sprite": "饱和火力-透彻",
			"lifetime": 32,
			"speed": 30,
			"splashDamageRadius": 50,
			"splashDamage": 4800,
			"buildingDamageMultiplier": 0.1,
			"reloadMultiplier": 0.8,
			"hitShake": 3,
			"lightning": 6,
			"shrinkY": 0,
			"width": 24,
			"height": 48,
			"lightningLength": 18,
			"lightningDamage": 125,
			"lightningColor": "EEC591",
			"trailInterval": 0.5,
			"pierceArmor": true,
			"pierce": true,
			"hittable": false,
			"absorbable": false,
			"pierceCap": 8,
			"backColor": "EEC591",
			"frontColor": "FEEBB3",
			"trailColor": "EEC591",
			"trailLength": 20,
			"trailWidth": 5,
			"status": "崩溃",
			"statusDuration": 240,
			"hitSound": "plasmaboom",
			"shootEffect": {
				"type": "multiEffect",
				"effects": [
					{
						"type": "ParticleEffect",
						"particles": 16,
						"line": true,
						"length": 75,
						"baseLength": 8,
						"lifetime": 45,
						"strokeFrom": 2.5,
						"strokeTo": 0,
						"sizeInterp": "pow10In",
						"interp": "pow3Out",
						"colorFrom": "FEEBB3",
						"colorTo": "FEEBB3AA",
						"cone": 12
					},
					{
						"type": "ParticleEffect",
						"particles": 4,
						"length": 65,
						"baseLength": 8,
						"lifetime": 45,
						"sizeFrom": 8,
						"sizeTo": 0,
						"sizeInterp": "pow10In",
						"interp": "pow3Out",
						"colorFrom": "FEEBB3",
						"colorTo": "FEEBB3AA",
						"cone": 12
					}
				]
			},
			"trailEffect": {
				"type": "ParticleEffect",
				"region": "饱和火力-三角形",
				"spin": 3,
				"sizeFrom": 8,
				"sizeTo": 0,
				"baseLength": 6,
				"length": 18,
				"sizeInterp": "circleOut",
				"interp": "pow5Out",
				"colorFrom": "FEEBB3",
				"colorTo": "FEEBB3AA"
			},
			"hitEffect": {
				"type": "multiEffect",
				"effects": [
					{
						"type": "ParticleEffect",
						"region": "饱和火力-菱形",
						"particles": 16,
						"sizeFrom": 6,
						"interp": "pow10Out",
						"sizeInterp": "pow5In",
						"sizeTo": 0,
						"length": 72,
						"baseLength": 24,
						"lifetime": 60,
						"colorFrom": "FEEBB3",
						"colorTo": "EEC591"
					},
					{
						"type": "ParticleEffect",
						"cone": 16,
						"particles": 6,
						"sizeFrom": 12,
						"interp": "pow5Out",
						"sizeInterp": "circleIn",
						"sizeTo": 0,
						"length": 72,
						"baseLength": 24,
						"lifetime": 60,
						"colorFrom": "FEEBB3CC",
						"colorTo": "EEC59199"
					},
					{
						"type": "ParticleEffect",
						"line": true,
						"particles": 22,
						"strokeFrom": 4,
						"strokeTo": 0,
						"interp": "pow10Out",
						"sizeInterp": "pow5In",
						"sizeTo": 0,
						"length": 72,
						"baseLength": 24,
						"lifetime": 60,
						"colorFrom": "FEEBB3",
						"colorTo": "EEC591"
					},
					{
						"type": "WaveEffect",
						"interp": "circleOut",
						"lifetime": 50,
						"sizeFrom": 0,
						"sizeTo": 50,
						"strokeFrom": 16,
						"strokeTo": 0,
						"colorFrom": "FEEBB3",
						"colorTo": "EEC591"
					},
					"instBomb"
				]
			},
			"fragRandomSpread": 0,
			"fragBullets": 1,
			"fragBullet": {
				"type": "shrapnelBulletType",
				"length": 240,
				"damage": 2200,
				"buildingDamageMultiplier": 0.1,
				"width": 24,
				"pierceArmor": true,
				"status": "崩溃",
				"statusDuration": 80,
				"hitEffect": {
					"type": "ParticleEffect",
					"particles": 6,
					"line": true,
					"interp": "pow5Out",
					"sizeInterp": "pow5In",
					"length": 12,
					"baseLength": 0,
					"lifetime": 30,
					"colorFrom": "FFFFFF",
					"colorTo": "EEC591"
				},
				"fromColor": "EEC591",
				"toColor": "EEC59180",
				"despawnEffect": "none"
			}
		},
		"泰勒合金": {
			"type": "BasicBulletType",
			"sprite": "饱和火力-透彻",
			"lifetime": 32,
			"speed": 32,
			"damage": 9600,
			"buildingDamageMultiplier": 0.1,
			"hitShake": 4,
			"shrinkY": 0,
			"width": 24,
			"height": 48,
			"trailInterval": 0.5,
			"pierceArmor": true,
			"pierce": true,
			"hittable": false,
			"absorbable": false,
			"pierceCap": 4,
			"backColor": "BFFFDB",
			"frontColor": "25C9AB",
			"trailColor": "BFFFDB",
			"trailLength": 20,
			"trailWidth": 5,
			"status": "干扰",
			"statusDuration": 180,
			"hitSound": "plasmaboom",
			"shootEffect": {
				"type": "multiEffect",
				"effects": [
					{
						"type": "ParticleEffect",
						"particles": 16,
						"line": true,
						"length": 75,
						"baseLength": 8,
						"lifetime": 45,
						"strokeFrom": 2.5,
						"strokeTo": 0,
						"sizeInterp": "circleIn",
						"interp": "pow5Out",
						"colorFrom": "BFFFDB",
						"colorTo": "25C9ABAA",
						"cone": 12
					},
					{
						"type": "ParticleEffect",
						"particles": 4,
						"length": 65,
						"baseLength": 8,
						"lifetime": 60,
						"sizeFrom": 8,
						"sizeTo": 0,
						"sizeInterp": "pow10In",
						"interp": "pow3Out",
						"colorFrom": "BFFFDBAA",
						"colorTo": "25C9ABAA",
						"cone": 12
					}
				]
			},
			"trailEffect": {
				"type": "ParticleEffect",
				"region": "饱和火力-星",
				"spin": 5,
				"sizeFrom": 8,
				"sizeTo": 0,
				"baseLength": 8,
				"length": 24,
				"sizeInterp": "circleOut",
				"interp": "pow5Out",
				"colorFrom": "BFFFDB",
				"colorTo": "25C9AB"
			},
			"hitEffect": {
				"type": "multiEffect",
				"effects": [
					{
						"type": "ParticleEffect",
						"region": "饱和火力-菱形",
						"cone": 12,
						"particles": 12,
						"sizeFrom": 5,
						"interp": "circleOut",
						"sizeInterp": "pow10In",
						"sizeTo": 0,
						"length": 84,
						"baseLength": 8,
						"lifetime": 50,
						"colorFrom": "BFFFDB",
						"colorTo": "25C9ABAA"
					},
					{
						"type": "ParticleEffect",
						"cone": 12,
						"line": true,
						"particles": 24,
						"strokeFrom": 3,
						"strokeTo": 0,
						"interp": "circleOut",
						"sizeInterp": "pow5In",
						"sizeTo": 0,
						"length": 108,
						"baseLength": 12,
						"lifetime": 50,
						"colorFrom": "BFFFDB",
						"colorTo": "25C9ABAA"
					},
					{
						"type": "WaveEffect",
						"lifetime": 30,
						"sizeFrom": 0,
						"sizeTo": 40,
						"strokeFrom": 8,
						"strokeTo": 0,
						"colorFrom": "BFFFDB",
						"colorTo": "25C9AB00"
					}
				]
			},
			"despawnEffect": {
				"type": "ParticleEffect",
				"cone": 15,
				"particles": 8,
				"sizeFrom": 16,
				"interp": "pow10Out",
				"sizeInterp": "pow3In",
				"sizeTo": 0,
				"length": 72,
				"baseLength": 0,
				"lifetime": 90,
				"colorFrom": "BFFFDBAA",
				"colorTo": "25C9AB88"
			},
			"fragOnHit": true,
			"fragBullets": 6,
			"fragRandomSpread": 24,
			"fragBullet": {
				"type": "LightningBulletType",
				"status": "干扰",
				"buildingDamageMultiplier": 0.1,
				"statusDuration": 30,
				"hitColor": "BFFFDB",
				"hitEffect": "hitLancer",
				"despawnEffect": "none",
				"lightningColor": "BFFFDB",
				"hitSound": "spark",
				"damage": 242,
				"lightningLength": 22,
				"lightningLengthRand": 4
			}
		}
	},
	"requirements": [
		"titanium/2500",
		"镄/2000",
		"裂位能/1800",
		"泰勒合金/1800",
		"二级协议/25",
		"三级协议/15"
	],
	"category": "turret",
	"research": "死诏"
}