{
	"type": "PowerTurret",
	"name": "离子要塞炮",
	"targetAir": true,
	"targetGround": true,
	"health": 3650,
	"armor": 8,
	"accurateDelay": false,
	"size": 5,
	"moveWhileCharging": false,
	"shake": 20,
	"inaccuracy": 0,
	"recoil": 5,
	"cooldownTime": 80,
	"liquidCapacity": 360,
	"canOverdrive": false,
	"recoilTime": 120,
	"unitSort": "strongest",
	"shootY": 8,
	"shoot": {
		"type": "ShootPattern",
		"firstShotDelay": 48
	},
	"shootSound": "laser",
	"shootEffect": {
		"type": "ParticleEffect",
		"particles": 1,
		"sizeFrom": 10,
		"sizeTo": 0,
		"length": 0,
		"baseLength": 0,
		"lifetime": 55,
		"colorFrom": "F2FF9C",
		"colorTo": "F2FF9C",
		"cone": 0
	},
	"chargeSound": "lasercharge",
	"shootType": {
		"type": "PointBulletType",
		"lifetime": 50,
		"speed": 60,
		"damage": 5670,
		"splashDamageRadius": 64,
		"splashDamage": 5670,
		"ammoMultiplier": 1,
		"hitSound": "plasmaboom",
		"chargeEffect": {
			"type": "MultiEffect",
			"lifetime": 80,
			"effects": [
				{
					"type": "ParticleEffect",
					"particles": 25,
					"sizeInterp": "pow5Out",
					"interp": "pow5In",
					"sizeFrom": 0,
					"sizeTo": 4,
					"length": 100,
					"baseLength": -100,
					"lifetime": 60,
					"colorFrom": "F2FF9C40",
					"colorTo": "F2FF9C"
				},
				{
					"type": "ParticleEffect",
					"sizeInterp": "pow3In",
					"particles": 1,
					"sizeFrom": 0,
					"sizeTo": 15,
					"length": 0,
					"baseLength": -0,
					"lifetime": 56,
					"colorFrom": "F2FF9C",
					"colorTo": "F2FF9C"
				},
				{
					"type": "ParticleEffect",
					"particles": 1,
					"sizeFrom": 15,
					"sizeTo": 10,
					"length": 0,
					"baseLength": -0,
					"startDelay": 55,
					"lifetime": 21,
					"colorFrom": "F2FF9C",
					"colorTo": "F2FF9C"
				}
			]
		},
		"smokeEffect": {
			"type": "ParticleEffect",
			"particles": 10,
			"sizeFrom": 8,
			"interp": "pow5Out",
			"sizeInterp": "pow10In",
			"sizeTo": 0,
			"length": 60,
			"baseLength": 0,
			"lifetime": 125,
			"colorFrom": "F2FF9C80",
			"colorTo": "F2FF9C40"
		},
		"despawnEffect": {
			"type": "ParticleEffect",
			"particles": 15,
			"sizeFrom": 3,
			"sizeTo": 0,
			"length": 100,
			"baseLength": 0,
			"lifetime": 10,
			"colorFrom": "F2FF9C",
			"colorTo": "F2FF9C",
			"cone": 60
		},
		"hitEffect": {
			"type": "MultiEffect",
			"effects": [
				{
					"type": "ParticleEffect",
					"particles": 1,
					"sizeFrom": 20,
					"sizeTo": 0,
					"length": 0,
					"baseLength": -0,
					"lifetime": 55,
					"colorFrom": "F2FF9C",
					"colorTo": "F2FF9C"
				},
				{
					"type": "WaveEffect",
					"lifetime": 13,
					"sizeFrom": 5,
					"sizeTo": 150,
					"strokeFrom": 50,
					"strokeTo": 0,
					"colorFrom": "F2FF9C",
					"colorTo": "F2FF9C40"
				},
				{
					"type": "ParticleEffect",
					"particles": 30,
					"sizeFrom": 8,
					"sizeTo": 0,
					"length": 70,
					"baseLength": 0,
					"lifetime": 20,
					"colorFrom": "F2FF9C",
					"colorTo": "F2FF9C"
				},
				"titanExplosion",
				"titanSmoke"
			]
		},
		"hitColor":"F2FF9CA0",
		"trailSpacing": 12,
		"trailEffect": {
			"type": "MultiEffect",
			"effects": [
				{
					"type": "ParticleEffect",
					"sizeInterp": "pow5Out",
					"particles": 1,
					"length": 0,
					"baseLength": 0.2,
					"lifetime": 11,
					"line": true,
					"randLength": false,
					"lenFrom": 13,
					"lenTo": 13,
					"strokeFrom": 0,
					"strokeTo": 8.5,
					"colorFrom": "F2FF9C",
					"colorTo": "F2FF9C",
					"cone": 0
				},
				{
					"type": "ParticleEffect",
					"particles": 1,
					"length": 0,
					"baseLength": 0.2,
					"startDelay": 8.5,
					"lifetime": 41.5,
					"line": true,
					"randLength": false,
					"lenFrom": 13,
					"lenTo": 13,
					"strokeFrom": 8.5,
					"strokeTo": 0,
					"colorFrom": "F2FF9C",
					"colorTo": "F2FF9C",
					"cone": 0
				},
				{
					"type": "ParticleEffect",
					"particles": 2,
					"sizeFrom": 3,
					"interp": "pow10Out",
					"sizeInterp": "pow5In",
					"sizeTo": 0,
					"length": 13,
					"baseLength": 0,
					"lifetime": 55,
					"colorFrom": "F2FF9C",
					"colorTo": "F2FF9C"
				}
			]
		},
		"fragBullets": 4,
		"fragBullet": {
			"type": "PointBulletType",
			"trailSpacing": 9,
			"trailEffect": {
				"type": "MultiEffect",
				"effects": [
					{
						"type": "ParticleEffect",
						"sizeInterp": "pow5Out",
						"particles": 1,
						"length": 0,
						"baseLength": 1,
						"lifetime": 10,
						"line": true,
						"randLength": false,
						"lenFrom": 10,
						"lenTo": 10,
						"strokeFrom": 0,
						"strokeTo": 5,
						"colorFrom": "F2FF9C",
						"colorTo": "F2FF9C",
						"cone": 0
					},
					{
						"type": "ParticleEffect",
						"particles": 1,
						"length": 0,
						"baseLength": 1,
						"startDelay": 8.5,
						"lifetime": 11.5,
						"line": true,
						"randLength": false,
						"lenFrom": 10,
						"lenTo": 10,
						"strokeFrom": 5,
						"strokeTo": 0,
						"colorFrom": "F2FF9C",
						"colorTo": "F2FF9C",
						"cone": 0
					}
				]
			},
			"lifetime": 8,
			"speed": 10,
			"status": "余热",
			"statusDuration": 25,
			"buildingDamageMultiplier": 0.8,
			"damage": 54,
			"splashDamageRadius": 8,
			"splashDamage": 7,
			"hitShake": 1,
			"hitSound": "laser",
			"hitEffect": {
				"type": "MultiEffect",
				"effects": [
					{
						"type": "ParticleEffect",
						"particles": 1,
						"sizeFrom": 8,
						"sizeTo": 0,
						"length": 0,
						"baseLength": 0,
						"lifetime": 21,
						"colorFrom": "F2FF9C",
						"colorTo": "F2FF9C"
					},
					{
						"type": "ParticleEffect",
						"particles": 8,
						"length": 30,
						"baseLength": 0,
						"lifetime": 15,
						"line": true,
						"lenFrom": 30,
						"lenTo": 0,
						"strokeFrom": 3.3,
						"strokeTo": 0,
						"colorFrom": "F2FF9C",
						"colorTo": "F2FF9C"
					}
				]
			},
			"despawnEffect": "none"
		}
	},
	"consumes": {
		"power": 42,
		"coolant": {
			"amount": 2,
			"optional": true
		}
	},
	"coolantMultiplier": 0.5,
	"reload": 660,
	"rotateSpeed": 2.4,
	"range": 609,
	"fogRadiusMultiplier": 0.27,
	"category": "turret",
	"research": {
		"parent": "foreshadow",
		"objectives": [
			{
				"type": "OnSector",
				"preset": "荒芜矿区"
			}
		]
	},
	"researchCostMultiplier": 0.5,
	"requirements": [
		"silicon/2200",
		"plastanium/880",
		"硅钢/1500",
		"surge-alloy/600",
		"二级协议/2"
	]
}