{
	"type": "ItemTurret",
	"name": "竹林",
	"health": 18500,
	"size": 8,
	"reload": 350,
	"range": 800,
	"fogRadiusMultiplier": 0.65,
	"maxAmmo": 160,
	"heatColor": "FF7055",
	"cooldownTime": 230,
	"ammoPerShot": 1,
	"consumeAmmoOnce": false,
	"recoil": 6,
	"xRand": 20,
	"recoilTime": 180,
	"liquidCapacity": 180,
	"ammoUseEffect": "none",
	"canOverdrive": false,
	"unitSort": "farthest",
	"minWarmup": 0.8,
	"drawer": {
		"type": "DrawTurret",
		"parts": [
			{
				"type": "RegionPart",
				"mirror": true,
				"x": 0,
				"y": 0,
				"suffix": "-侧",
				"layer": 50,
				"moveX": 3,
				"moveY": 0,
				"heatColor": "FF7055FF"
			},
			{
				"type": "HaloPart",
				"rotateSpeed": 0,
				"shapeRotation": 180,
				"x": 24,
				"y": 33,
				"sides": 3,
				"shapes": 1,
				"color": "FFFFFF",
				"colorTo": "25C9AB",
				"tri": true,
				"hollow": true,
				"radius": 0,
				"radiusTo": 5,
				"triLength": 100,
				"triLengthTo": 18,
				"haloRadius": 0,
				"haloRotation": 20,
				"haloRotateSpeed": 0,
				"layer": 110
			},
			{
				"type": "HaloPart",
				"rotateSpeed": 0,
				"shapeRotation": 0,
				"x": 24,
				"y": 32,
				"sides": 3,
				"shapes": 1,
				"color": "FFFFFF",
				"colorTo": "25C9AB",
				"tri": true,
				"hollow": true,
				"radius": 0,
				"radiusTo": 5,
				"triLength": 500,
				"triLengthTo": 160,
				"haloRadius": 0,
				"haloRotation": 0,
				"haloRotateSpeed": 0,
				"layer": 110
			},
			{
				"type": "HaloPart",
				"rotateSpeed": 0,
				"shapeRotation": 180,
				"x": -24,
				"y": 33,
				"sides": 3,
				"shapes": 1,
				"color": "FFFFFF",
				"colorTo": "25C9AB",
				"tri": true,
				"hollow": true,
				"radius": 0,
				"radiusTo": 5,
				"triLength": 100,
				"triLengthTo": 18,
				"haloRadius": 0,
				"haloRotation": -20,
				"haloRotateSpeed": 0,
				"layer": 110
			},
			{
				"type": "HaloPart",
				"rotateSpeed": 0,
				"shapeRotation": 0,
				"x": -24,
				"y": 32,
				"sides": 3,
				"shapes": 1,
				"color": "FFFFFF",
				"colorTo": "25C9AB",
				"tri": true,
				"hollow": true,
				"radius": 0,
				"radiusTo": 5,
				"triLength": 500,
				"triLengthTo": 160,
				"haloRadius": 0,
				"haloRotation": 0,
				"haloRotateSpeed": 0,
				"layer": 110
			},
			{
				"type": "HaloPart",
				"progress": {
					"type": "warmup",
					"op": "delay",
					"amount": 0.25
				},
				"rotateSpeed": 0,
				"shapeRotation": 0,
				"y": 40,
				"sides": 3,
				"shapes": 1,
				"color": "FFFFFF",
				"colorTo": "25C9AB80",
				"tri": true,
				"hollow": true,
				"radius": 0,
				"radiusTo": 16,
				"triLength": 500,
				"triLengthTo": 16,
				"haloRadius": 0,
				"haloRotation": 0,
				"haloRotateSpeed": 0,
				"layer": 51
			},
			{
				"type": "HaloPart",
				"progress": {
					"type": "warmup",
					"op": "delay",
					"amount": 0.5
				},
				"rotateSpeed": 0,
				"shapeRotation": 0,
				"y": 40,
				"moveY": 45,
				"sides": 3,
				"shapes": 1,
				"color": "FFFFFF",
				"colorTo": "25C9AB80",
				"tri": true,
				"hollow": true,
				"radius": 0,
				"radiusTo": 16,
				"triLength": 500,
				"triLengthTo": 16,
				"haloRadius": 0,
				"haloRotation": 0,
				"haloRotateSpeed": 0,
				"layer": 51
			},
			{
				"type": "HaloPart",
				"progress": {
					"type": "warmup",
					"op": "delay",
					"amount": 0.75
				},
				"rotateSpeed": 0,
				"shapeRotation": 0,
				"y": 40,
				"moveY": 90,
				"sides": 3,
				"shapes": 1,
				"color": "FFFFFF",
				"colorTo": "25C9AB80",
				"tri": true,
				"hollow": true,
				"radius": 0,
				"radiusTo": 16,
				"triLength": 500,
				"triLengthTo": 16,
				"haloRadius": 0,
				"haloRotation": 0,
				"haloRotateSpeed": 0,
				"layer": 51
			}
		]
	},
	"shoot": {
		"shots": 160,
		"shotDelay": 0.75
	},
	"consumes": {
		"power": 600,
		"liquid": {
			"liquid": "cryofluid",
			"amount": 3
		}
	},
	"shootSound": "plasmadrop",
	"inaccuracy": 0.5,
	"shootCone": 6,
	"shake": 5,
	"rotateSpeed": 0.65,
	"velocityRnd": 0.05,
	"ammoTypes": {
		"blast-compound": {
			"buildingDamageMultiplier": 3,
			"damage": 36,
			"splashDamageRadius": 50,
			"splashDamage": 235,
			"hitSize": 40,
			"knockback": 22,
			"speed": 8,
			"lifetime": 110,
			"status": "blasted",
			"width": 18,
			"height": 23,
			"backColor": "FF7055FF",
			"frontColor": "FF7055FF",
			"trailLength": 9,
			"trailWidth": 4,
			"trailColor": "FF7055FF",
			"hitShake": 5,
			"ammoMultiplier": 4,
			"hitSound": "explosion",
			"hitSoundVolume": 5,
			"smokeEffect": {
				"type": "ParticleEffect",
				"particles": 8,
				"sizeFrom": 6,
				"sizeTo": 0,
				"length": 35,
				"baseLength": 3,
				"lifetime": 25,
				"colorFrom": "FF7055FF",
				"colorTo": "FFFFFF",
				"cone": 60
			},
			"hitEffect": {
				"type": "MultiEffect",
				"effects": [
					{
						"type": "ParticleEffect",
						"particles": 8,
						"sizeFrom": 8,
						"sizeTo": 0,
						"length": 35,
						"baseLength": 33,
						"lifetime": 35,
						"colorFrom": "FF7055FF",
						"colorTo": "737373FF"
					},
					{
						"type": "ParticleEffect",
						"particles": 16,
						"line": true,
						"sizeFrom": 4,
						"sizeTo": 0,
						"length": 43,
						"baseLength": 13,
						"lifetime": 22,
						"colorFrom": "585858",
						"colorTo": "585858"
					},
					{
						"type": "WaveEffect",
						"lifetime": 15,
						"sizeFrom": 1,
						"sizeTo": 61,
						"strokeFrom": 6,
						"strokeTo": 0,
						"colorFrom": "FFE176FF",
						"colorTo": "FFFFFF"
					}
				]
			}
		},
		"集束": {
			"buildingDamageMultiplier": 3,
			"speed": 6.88,
			"lifetime": 127,
			"reloadMultiplier": 1.25,
			"reflectable": false,
			"knockback": 6,
			"width": 24,
			"height": 30,
			"hitSize": 30,
			"trailLength": 12,
			"trailWidth": 5,
			"trailColor": "D85555FF",
			"shootEffect": {
				"type": "ParticleEffect",
				"particles": 8,
				"sizeFrom": 6,
				"sizeTo": 0,
				"length": 55,
				"baseLength": 3,
				"lifetime": 25,
				"colorFrom": "D85555FF",
				"colorTo": "FFFFFF",
				"cone": 30
			},
			"damage": 30,
			"splashDamageRadius": 36,
			"splashDamage": 105,
			"hitEffect": {
				"type": "MultiEffect",
				"effects": [
					{
						"type": "ParticleEffect",
						"particles": 6,
						"sizeFrom": 6,
						"sizeTo": 0,
						"length": 35,
						"baseLength": 3,
						"lifetime": 35,
						"colorFrom": "D85555FF",
						"colorTo": "737373FF"
					},
					{
						"type": "WaveEffect",
						"lifetime": 25,
						"sizeFrom": 1,
						"sizeTo": 108,
						"strokeFrom": 6,
						"strokeTo": 0,
						"colorFrom": "D85555FF",
						"colorTo": "D85555FF"
					}
				]
			},
			"despawnEffect": "bigShockwave",
			"hitSound": "explosionbig",
			"backColor": "D85555FF",
			"frontColor": "D85555FF",
			"ammoMultiplier": 8,
			"fragLifeMin": 0.3,
			"fragBullets": 5,
			"fragBullet": {
				"type": "BasicBulletType",
				"reflectable": false,
				"buildingDamageMultiplier": 3,
				"damage": 19,
				"pierceArmor": true,
				"hitEffect": {
					"type": "MultiEffect",
					"effects": [
						{
							"type": "ParticleEffect",
							"particles": 3,
							"sizeFrom": 6,
							"sizeTo": 0,
							"interp": "pow5Out",
							"sizeInterp": "pow5In",
							"length": 55,
							"baseLength": 0,
							"lifetime": 60,
							"colorFrom": "FF705580",
							"colorTo": "FF705580"
						},
						{
							"type": "WaveEffect",
							"lifetime": 12,
							"sizeFrom": 0,
							"sizeTo": 60,
							"strokeFrom": 2,
							"strokeTo": 0,
							"colorFrom": "FF7055",
							"colorTo": "FF7055"
						}
					]
				},
				"despawnEffect": "flakExplosionBig",
				"status": "blasted",
				"knockback": 0.7,
				"backColor": "D85555FF",
				"frontColor": "D85555FF",
				"width": 9,
				"height": 10,
				"scaledSplashDamage": true,
				"splashDamageRadius": 60,
				"splashDamage": 170,
				"lifetime": 30,
				"speed": 2,
				"drag": 0.005
			}
		},
		"裂位能": {
			"buildingDamageMultiplier": 0.3,
			"pierce": true,
			"pierceCap": 2,
			"absorbable": false,
			"hittable": false,
			"splashDamageRadius": 75,
			"splashDamage": 95,
			"status": "崩溃",
			"statusDuration": 180,
			"speed": 3,
			"lifetime": 54,
			"rangeChange": 73,
			"drag": -0.05,
			"damage": 46,
			"sprite": "饱和火力-透彻",
			"width": 12,
			"height": 35,
			"backColor": "EEC591",
			"frontColor": "FFFFFF",
			"trailLength": 6,
			"trailWidth": 2,
			"trailColor": "EEC591",
			"hitShake": 4,
			"hitSound": "plasmaboom",
			"smokeEffect": {
				"type": "ParticleEffect",
				"particles": 8,
				"sizeFrom": 6,
				"sizeTo": 0,
				"length": 35,
				"baseLength": 3,
				"lifetime": 25,
				"colorFrom": "EEC591",
				"colorTo": "EEC591",
				"cone": 60
			},
			"hitEffect": {
				"type": "MultiEffect",
				"effects": [
					{
						"type": "ParticleEffect",
						"particles": 6,
						"line": true,
						"lenFrom": 26,
						"lenTo": 0,
						"strokeFrom": 1.5,
						"strokeTo": 1,
						"length": 85,
						"baseLength": 13,
						"lifetime": 45,
						"colorFrom": "EEC591",
						"colorTo": "EEC591"
					},
					{
						"type": "WaveEffect",
						"lifetime": 15,
						"sizeFrom": 1,
						"sizeTo": 75,
						"strokeFrom": 6,
						"strokeTo": 0,
						"interp": "circleOut",
						"colorFrom": "EEC591",
						"colorTo": "FFFFFF"
					}
				]
			},
			"fragBullets": 5,
			"fragRandomSpread": 30,
			"fragBullet": {
				"damage": 55,
				"splashDamageRadius": 75,
				"splashDamage": 75,
				"buildingDamageMultiplier": 0.3,
				"status": "崩溃",
				"statusDuration": 30,
				"speed": 3,
				"lifetime": 8,
				"width": 0,
				"height": 0,
				"hitShake": 4,
				"hitSound": "plasmaboom",
				"hitColor": "EEC591",
				"hitEffect": "circleColorSpark",
				"despawnEffect": {
					"type": "ParticleEffect",
					"particles": 1,
					"sizeFrom": 8,
					"sizeInterp": "pow5In",
					"sizeTo": 0,
					"length": 0,
					"baseLength": 0,
					"lifetime": 30,
					"colorFrom": "EEC591",
					"colorTo": "EEC591"
				},
				"fragBullets": 1,
				"fragRandomSpread": 0,
				"fragBullet": {
					"damage": 55,
					"splashDamageRadius": 75,
					"splashDamage": 75,
					"buildingDamageMultiplier": 0.3,
					"status": "崩溃",
					"statusDuration": 30,
					"speed": 3,
					"lifetime": 8,
					"width": 0,
					"height": 0,
					"hitShake": 4,
					"hitSound": "plasmaboom",
					"hitColor": "EEC591",
					"hitEffect": {
						"type": "ParticleEffect",
						"particles": 5,
						"line": true,
						"lenFrom": 10,
						"lenTo": 0,
						"strokeFrom": 1.5,
						"strokeTo": 1,
						"length": 22,
						"baseLength": 0,
						"lifetime": 15,
						"colorFrom": "EEC591",
						"colorTo": "EEC591"
					},
					"despawnEffect": {
						"type": "ParticleEffect",
						"particles": 1,
						"sizeFrom": 6,
						"sizeInterp": "pow5In",
						"sizeTo": 0,
						"length": 0,
						"baseLength": 0,
						"lifetime": 30,
						"colorFrom": "EEC591",
						"colorTo": "EEC591"
					},
					"fragBullets": 1,
					"fragRandomSpread": 0,
					"fragBullet": {
						"damage": 55,
						"splashDamageRadius": 75,
						"splashDamage": 75,
						"buildingDamageMultiplier": 0.3,
						"status": "崩溃",
						"statusDuration": 30,
						"speed": 2,
						"lifetime": 12,
						"width": 0,
						"height": 0,
						"hitShake": 4,
						"hitSound": "plasmaboom",
						"hitColor": "EEC591",
						"hitEffect": "circleColorSpark",
						"despawnEffect": {
							"type": "ParticleEffect",
							"particles": 1,
							"sizeFrom": 4,
							"sizeInterp": "pow5In",
							"sizeTo": 0,
							"length": 0,
							"baseLength": 0,
							"lifetime": 30,
							"colorFrom": "EEC591",
							"colorTo": "EEC591"
						}
					}
				}
			}
		},
		"surge-alloy": {
			"hitSound": "plasmaboom",
			"buildingDamageMultiplier": 0.3,
			"smokeEffect": "smokeCloud",
			"trailLength": 9,
			"trailWidth": 4,
			"trailColor": "FEEBB3",
			"hitShake": 4,
			"pierce": true,
			"pierceCap": 2,
			"frontColor": "FEEBB3",
			"backColor": "FEEBB3",
			"pierceBuilding": true,
			"damage": 195,
			"splashDamageRadius": 85,
			"splashDamage": 86,
			"speed": 30,
			"lifetime": 30,
			"width": 18,
			"height": 28,
			"lightningDamage": 46,
			"lightning": 2,
			"lightningLength": 14,
			"lightningLengthRand": 10,
			"despawnEffect": "instBomb",
			"shootEffect": {
				"type": "ParticleEffect",
				"particles": 8,
				"line": true,
				"strokeFrom": 3,
				"strokeTo": 0,
				"lenFrom": 12,
				"lenTo": 0,
				"length": 35,
				"baseLength": 3,
				"lifetime": 15,
				"colorFrom": "FEEBB3",
				"colorTo": "FFFFFF",
				"cone": 60
			},
			"hitEffect": {
				"type": "MultiEffect",
				"effects": [
					{
						"type": "ParticleEffect",
						"particles": 8,
						"sizeFrom": 8,
						"sizeTo": 0,
						"length": 55,
						"baseLength": 33,
						"lifetime": 30,
						"colorFrom": "FEEBB3",
						"colorTo": "737373FF"
					},
					{
						"type": "ParticleEffect",
						"particles": 16,
						"line": true,
						"sizeFrom": 4,
						"sizeTo": 0,
						"length": 73,
						"baseLength": 13,
						"lifetime": 22,
						"colorFrom": "585858",
						"colorTo": "585858"
					},
					{
						"type": "WaveEffect",
						"lifetime": 15,
						"sizeFrom": 1,
						"sizeTo": 90,
						"strokeFrom": 6,
						"strokeTo": 0,
						"colorFrom": "FEEBB3",
						"colorTo": "FFFFFF"
					}
				]
			}
		},
		"泰勒合金": {
			"type": "PointBulletType",
			"damage": 50,
			"lifetime": 90,
			"speed": 100,
			"reloadMultiplier": 0.75,
			"hitSound": "lasercharge2",
			"despawnEffect": {
				"type": "ParticleEffect",
				"particles": 1,
				"sizeFrom": 16,
				"sizeTo": 0,
				"length": 0,
				"baseLength": 0,
				"lifetime": 20,
				"colorFrom": "BFFFDB",
				"colorTo": "BFFFDB00",
				"cone": 0
			},
			"smokeEffect": "smokeCloud",
			"hitEffect": {
				"type": "WaveEffect",
				"lifetime": 135,
				"sizeFrom": 150,
				"sizeTo": 0,
				"strokeFrom": 4,
				"strokeTo": 1,
				"colorFrom": "BFFFDB80",
				"colorTo": "BFFFDB"
			},
			"trailSpacing": 10,
			"trailEffect": {
				"type": "ParticleEffect",
				"particles": 1,
				"length": 1,
				"baseLength": 1,
				"lifetime": 140,
				"line": true,
				"lenFrom": 20,
				"lenTo": 20,
				"strokeFrom": 4,
				"strokeTo": 0,
				"colorFrom": "BFFFDB88",
				"colorTo": "BFFFDB00",
				"cone": 0
			},
			"fragBullets": 1,
			"fragVelocityMax": 1,
			"fragVelocityMin": 1,
			"fragBullet": {
				"type": "PointBulletType",
				"damage": 50,
				"lifetime": 60,
				"speed": 10,
				"trailEffect": "none",
				"hitEffect": "none",
				"despawnEffect": {
					"type": "ParticleEffect",
					"particles": 1,
					"sizeFrom": 20,
					"sizeTo": 60,
					"length": 0,
					"baseLength": 0,
					"lifetime": 90,
					"colorFrom": "BFFFDB80",
					"colorTo": "FFFFFF00"
				},
				"fragBullets": 1,
				"fragAngle": 180,
				"fragRandomSpread": 0,
				"fragVelocityMax": 1,
				"fragVelocityMin": 1,
				"fragBullet": {
					"type": "BasicBulletType",
					"scaledSplashDamage": true,
					"reflectable": false,
					"damage": 90,
					"speed": 4,
					"spin": 5,
					"shrinkX": 0.7,
					"shrinkY": 0.7,
					"lifetime": 81,
					"width": 80,
					"height": 80,
					"drag": -0.016,
					"trailLength": 16,
					"trailWidth": 4.4,
					"trailColor": "BFFFDBa0",
					"hitShake": 20,
					"sprite": "饱和火力-海胆",
					"backColor": "BFFFDB",
					"frontColor": "BFFFDB",
					"status": "干扰",
					"statusDuration": 190,
					"splashDamageRadius": 150,
					"splashDamage": 380,
					"hitSound": "plasmaboom",
					"hitEffect": {
						"type": "MultiEffect",
						"effects": [
							{
								"type": "ParticleEffect",
								"particles": 36,
								"line": true,
								"strokeFrom": 10,
								"strokeTo": 0,
								"lenFrom": 55,
								"lenTo": 23,
								"length": 203,
								"baseLength": 30,
								"lifetime": 30,
								"colorFrom": "BFFFDB",
								"colorTo": "BFFFDB"
							},
							{
								"type": "ParticleEffect",
								"particles": 26,
								"sizeFrom": 10,
								"sizeTo": 0,
								"length": 163,
								"baseLength": 3,
								"lifetime": 90,
								"colorFrom": "BFFFDB",
								"colorTo": "BFFFDB"
							},
							{
								"type": "ParticleEffect",
								"particles": 1,
								"sizeFrom": 160,
								"sizeTo": 0,
								"length": 0,
								"baseLength": 0,
								"lifetime": 90,
								"colorFrom": "BFFFDB90",
								"colorTo": "BFFFDB00"
							},
							{
								"type": "WaveEffect",
								"lifetime": 15,
								"sizeFrom": 0,
								"sizeTo": 230,
								"strokeFrom": 19,
								"strokeTo": 0,
								"colorFrom": "BFFFDB",
								"colorTo": "BFFFDB"
							}
						]
					},
					"despawnEffect": "none"
				}
			},
			"shootEffect": {
				"type": "ParticleEffect",
				"particles": 1,
				"sizeFrom": 16,
				"sizeTo": 0,
				"length": 0,
				"baseLength": 0,
				"lifetime": 55,
				"colorFrom": "BFFFDB",
				"colorTo": "BFFFDB00",
				"cone": 0
			}
		}
	},
	"researchCostMultiplier": 0.5,
	"requirements": [
		"硅钢/3600",
		"镄/2000",
		"silicon/2000",
		"plastanium/1800",
		"裂位能/1800",
		"泰勒合金/1500",
		"三级协议/35"
	],
	"category": "turret",
	"research": {
		"parent": "扩散轨道炮",
		"objectives": [
			{
				"type": "SectorComplete",
				"preset": "雷鸣裂谷"
			}
		]
	}
}