{
	"type": "ItemTurret",
	"name": "裂梅",
	"health": 3500,
	"size": 5,
	"reload": 138,
	"range": 620,
	"maxAmmo": 36,
	"ammoPerShot": 8,
	"recoilTime": 90,
	"recoil": 5,
	"cooldownTime": 60,
	"shake": 4,
	"liquidCapacity": 60,
	"ammoUseEffect": "none",
	"targetAir": false,
	"inaccuracy": 12,
	"shootSound": "dullExplosion",
	"rotateSpeed": 2,
	"coolantMultiplier": 0.65,
	"velocityRnd": 0.13,
	"xRand": 10,
	"shoot": {
		"shots": 8,
		"shotDelay": 1
	},
	"consumes": {
		"coolant": {
			"amount": 2,
			"optional": true
		}
	},
	"shootY": 18,
	"ammoTypes": {
		"blast-compound": {
			"type": "ArtilleryBulletType",
			"absorbable": false,
			"backColor": "C85C51",
			"frontColor": "FF7055",
			"speed": 5,
			"lifetime": 120,
			"sprite": "shell",
			"trailChance": 0.14,
			"trailEffect": {
				"type": "ParticleEffect",
				"particles": 5,
				"length": 8,
				"sizeFrom": 6,
				"sizeTo": 0,
				"lifetime": 60,
				"interp": "circleOut",
				"sizeInterp": "circleOut",
				"colorFrom": "FF7055",
				"colorTo": "FF7055AA"
			},
			"hitEffect": {
				"type": "MultiEffect",
				"effects": [
					{
						"type": "ParticleEffect",
						"particles": 12,
						"sizeFrom": 10,
						"sizeTo": 0,
						"length": 45,
						"baseLength": 15,
						"lifetime": 25,
						"colorFrom": "737373",
						"colorTo": "73737388"
					},
					{
						"type": "ParticleEffect",
						"particles": 12,
						"line": true,
						"interp": "pow10Out",
						"strokeFrom": 2,
						"strokeTo": 1.5,
						"lenFrom": 16,
						"lenTo": 0,
						"length": 63,
						"lifetime": 15,
						"colorFrom": "FFFFFF",
						"colorTo": "FFE176"
					},
					{
						"type": "WaveEffect",
						"lifetime": 10,
						"sizeFrom": 1,
						"sizeTo": 66,
						"strokeFrom": 6,
						"strokeTo": 0,
						"colorFrom": "FFE176",
						"colorTo": "FF7055"
					}
				]
			},
			"hitSound": "explosion",
			"hitSoundVolume": 5,
			"hitShake": 3,
			"width": 15,
			"height": 15,
			"ammoMultiplier": 3,
			"collidesTiles": false,
			"damage": 44,
			"splashDamageRadius": 72,
			"splashDamage": 122,
			"status": "blasted",
			"fragBullets": 5,
			"fragSpread": 72,
			"fragRandomSpread": 0,
			"fragBullet": {
				"type": "ArtilleryBulletType",
				"speed": 2,
				"lifetime": 20,
				"sprite": "shell",
				"knockback": 1.5,
				"width": 8,
				"height": 8,
				"trailChance": 0.01,
				"hitEffect": "flakExplosionBig",
				"hitShake": 1,
				"hitSound": "explosion",
				"collidesGround": true,
				"scaledSplashDamage": true,
				"damage": 14,
				"splashDamageRadius": 36,
				"splashDamage": 73,
				"status": "blasted"
			}
		},
		"plastanium": {
			"type": "ArtilleryBulletType",
			"absorbable": false,
			"backColor": "d8d97f",
			"frontColor": "fffac6",
			"speed": 7,
			"lifetime": 84,
			"sprite": "shell",
			"trailChance": 0.14,
			"trailEffect": {
				"type": "ParticleEffect",
				"particles": 5,
				"length": 8,
				"sizeFrom": 6,
				"sizeTo": 0,
				"lifetime": 60,
				"interp": "circleOut",
				"sizeInterp": "circleOut",
				"colorFrom": "fffac6",
				"colorTo": "fffac688"
			},
			"hitEffect": {
				"type": "MultiEffect",
				"effects": [
					{
						"type": "ParticleEffect",
						"particles": 13,
						"line": true,
						"interp": "pow10Out",
						"sizeInterp": "circleOut",
						"strokeFrom": 2,
						"strokeTo": 1.8,
						"lenFrom": 16,
						"lenTo": 0,
						"baseLength": 2,
						"length": 60,
						"lifetime": 13,
						"colorFrom": "FFFFFF",
						"colorTo": "fffac6"
					},
					{
						"type": "WaveEffect",
						"lifetime": 10,
						"sizeFrom": 1,
						"sizeTo": 60,
						"strokeFrom": 6,
						"strokeTo": 0,
						"colorFrom": "FFE176",
						"colorTo": "fffac6"
					}
				]
			},
			"hitShake": 3,
			"hitSound": "explosion",
			"width": 15,
			"height": 15,
			"ammoMultiplier": 3,
			"reloadMultiplier": 1.2,
			"collidesTiles": false,
			"damage": 40,
			"splashDamageRadius": 55,
			"splashDamage": 82,
			"fragBullets": 9,
			"fragSpread": 40,
			"fragRandomSpread": 0,
			"fragBullet": {
				"type": "BasicBulletType",
				"speed": 3.5,
				"lifetime": 15,
				"sprite": "shell",
				"damage": 90,
				"knockback": 1.8,
				"width": 10,
				"height": 12,
				"shrinkY": 1,
				"status": "slow",
				"statusDuration": 12,
				"backColor": "d8d97f",
				"frontColor": "fffac6",
				"despawnEffect": "none",
				"collidesAir": false
			}
		},
		"surge-alloy": {
			"type": "BasicBulletType",
			"absorbable": false,
			"width": 16,
			"height": 17,
			"shrinkY": 0.6,
			"trailLength": 11,
			"trailWidth": 4,
			"trailColor": "F2E770",
			"rangeChange": 46,
			"backColor": "F2E770",
			"speed": 7,
			"lifetime": 96,
			"sprite": "shell",
			"ammoMultiplier": 3,
			"pierce": true,
			"pierceCap": 4,
			"collides": true,
			"collidesAir": false,
			"scaledSplashDamage": true,
			"damage": 76,
			"splashDamageRadius": 48,
			"splashDamage": 76,
			"hitShake": 4,
			"hitEffect": {
				"type": "MultiEffect",
				"effects": [
					{
						"type": "ParticleEffect",
						"interp": "circleOut",
						"particles": 8,
						"sizeFrom": 8,
						"sizeTo": 0,
						"length": 54,
						"baseLength": 33,
						"lifetime": 30,
						"colorFrom": "F2E770",
						"colorTo": "F2E77088"
					},
					{
						"type": "WaveEffect",
						"interp": "circleOut",
						"lifetime": 13,
						"sizeFrom": 1,
						"sizeTo": 60,
						"strokeFrom": 6,
						"strokeTo": 0,
						"colorFrom": "F2E770",
						"colorTo": "F2E770"
					}
				]
			},
			"hitSound": "explosionbig",
			"hitSoundVolume": 0.8,
			"lightningDamage": 32,
			"lightning": 3,
			"lightningLength": 5,
			"lightningLengthRand": 4
		},
		"硅钢": {
			"type": "ArtilleryBulletType",
			"absorbable": false,
			"speed": 5,
			"lifetime": 120,
			"sprite": "shell",
			"backColor": "7595D2",
			"hitEffect": {
				"type": "MultiEffect",
				"effects": [
					{
						"type": "ParticleEffect",
						"particles": 8,
						"sizeFrom": 10,
						"sizeTo": 0,
						"length": 45,
						"baseLength": 15,
						"lifetime": 25,
						"colorFrom": "7595D2",
						"colorTo": "7595D288"
					},
					{
						"type": "ParticleEffect",
						"particles": 7,
						"line": true,
						"interp": "pow5Out",
						"strokeFrom": 2,
						"strokeTo": 1.5,
						"lenFrom": 16,
						"lenTo": 0,
						"length": 63,
						"lifetime": 15,
						"colorFrom": "FFFFFF",
						"colorTo": "FFE176"
					},
					{
						"type": "WaveEffect",
						"lifetime": 13,
						"sizeFrom": 1,
						"sizeTo": 50,
						"strokeFrom": 6,
						"strokeTo": 0,
						"colorFrom": "FFE176",
						"colorTo": "FFE176"
					}
				]
			},
			"width": 15,
			"height": 15,
			"collidesTiles": false,
			"damage": 36,
			"splashDamageRadius": 52,
			"splashDamage": 60,
			"status": "unmoving",
			"statusDuration": 12,
			"fragBullets": 6,
			"fragSpread": 60,
			"fragRandomSpread": 0,
			"fragBullet": {
				"type": "ArtilleryBulletType",
				"speed": 2,
				"lifetime": 20,
				"backColor": "7595D2",
				"sprite": "shell",
				"width": 6,
				"height": 6,
				"trailChance": 0.005,
				"hitEffect": "flakExplosion",
				"collidesGround": true,
				"damage": 44,
				"splashDamageRadius": 27,
				"splashDamage": 72,
				"status": "unmoving",
				"statusDuration": 4
			}
		},
		"集束": {
			"type": "ArtilleryBulletType",
			"absorbable": false,
			"buildingDamageMultiplier": 3,
			"rangeChange": 46,
			"backColor": "D85555",
			"frontColor": "FF7055",
			"speed": 4,
			"lifetime": 162,
			"sprite": "shell",
			"trailChance": 0.08,
			"trailEffect": {
				"type": "ParticleEffect",
				"particles": 5,
				"length": 8,
				"sizeFrom": 6,
				"sizeTo": 0,
				"lifetime": 60,
				"interp": "circleOut",
				"sizeInterp": "circleOut",
				"colorFrom": "D85555",
				"colorTo": "D85555AA"
			},
			"hitEffect": {
				"type": "MultiEffect",
				"effects": [
					{
						"type": "ParticleEffect",
						"particles": 12,
						"sizeFrom": 10,
						"sizeTo": 0,
						"length": 45,
						"baseLength": 15,
						"lifetime": 25,
						"colorFrom": "737373",
						"colorTo": "73737388"
					},
					{
						"type": "ParticleEffect",
						"particles": 12,
						"line": true,
						"interp": "pow10Out",
						"strokeFrom": 2,
						"strokeTo": 1.5,
						"lenFrom": 16,
						"lenTo": 0,
						"length": 63,
						"lifetime": 15,
						"colorFrom": "FFFFFF",
						"colorTo": "FFE176"
					},
					{
						"type": "WaveEffect",
						"lifetime": 14,
						"sizeFrom": 1,
						"sizeTo": 66,
						"strokeFrom": 8,
						"strokeTo": 0,
						"colorFrom": "FFE176",
						"colorTo": "D85555"
					}
				]
			},
			"hitSound": "explosionbig",
			"hitSoundVolume": 0.8,
			"hitShake": 4,
			"width": 16,
			"height": 18,
			"collidesTiles": false,
			"scaledSplashDamage": true,
			"damage": 18,
			"splashDamageRadius": 60,
			"splashDamage": 80,
			"status": "blasted",
			"fragBullets": 10,
			"fragSpread": 36,
			"fragRandomSpread": 0,
			"fragLifeMin": 0.2,
			"fragBullet": {
				"type": "ArtilleryBulletType",
				"backColor": "D85555",
				"frontColor": "D85555",
				"speed": 2,
				"lifetime": 20,
				"drag": 0.005,
				"sprite": "shell",
				"width": 9,
				"height": 9,
				"trailChance": 0.005,
				"hitEffect": {
					"type": "MultiEffect",
					"effects": [
						{
							"type": "ParticleEffect",
							"particles": 5,
							"sizeFrom": 9,
							"sizeTo": 0,
							"length": 45,
							"baseLength": 15,
							"lifetime": 30,
							"interp": "pow3Out",
							"sizeInterp": "circleOut",
							"colorFrom": "737373",
							"colorTo": "73737388"
						},
						{
							"type": "ParticleEffect",
							"particles": 10,
							"line": true,
							"interp": "pow10Out",
							"sizeInterp": "circleOut",
							"strokeFrom": 1.5,
							"strokeTo": 0,
							"lenFrom": 8,
							"lenTo": 0,
							"length": 15,
							"lifetime": 22,
							"colorFrom": "FFFFFF",
							"colorTo": "FFE176"
						},
						{
							"type": "WaveEffect",
							"lifetime": 12,
							"sizeFrom": 1,
							"sizeTo": 62,
							"strokeFrom": 2,
							"strokeTo": 0,
							"colorFrom": "FFE176",
							"colorTo": "D85555A8"
						}
					]
				},
				"pierceArmor": true,
				"collidesGround": true,
				"scaledSplashDamage": true,
				"damage": 28,
				"splashDamageRadius": 60,
				"splashDamage": 94.5,
				"status": "blasted"
			}
		}
	},
	"requirements": [
		"graphite/750",
		"硅钢/800",
		"surge-alloy/600",
		"裂位能/550",
		"二级协议/5"
	],
	"category": "turret",
	"research": "雷阵雨"
}