{
  "type": "GenericCrafter",
  "name": "硫化物搅拌器",
  "description": "比硫化物混合器更高效，但是由于温度更高，要用石墨来隔温",
  "size": 3,
  "hasPower": true,
  "hasItems": true,
  "hasLiquids": false,
  "health": 240,
  "itemCapacity": 30,
  "craftTime": 60,
  "craftEffect": "pulverizeRed",
  "updateEffect": "pulverizeRed",
  "consumes": {
    "power": 0.6,
    "items": {
      "items": [
        {
          "item": "coal",
          "amount": 3
        },
        {
          "item": "lead",
          "amount": 6
        },
        {
          "item": "sand",
          "amount": 6
        }
      ]
    }
  },
  "requirements": [
    {
      "item": "copper",
      "amount": 150
    },
    {
      "item": "lead",
      "amount": 120
    },
    {
      "item": "graphite",
      "amount": 60
    },
    {
      "item": "titanium",
      "amount": 30
    }
  ],
  "category": "crafting",
  "research": "greenhouse",
  "outputItem": {
    "item": "pyratite",
    "amount": 3
  }
}
