{
  "type": "AttributeCrafter",
  "name": "温室",
  "description": "比培养机更高效",
  "size": 3,
  "hasPower": true,
  "hasItems": true,
  "hasLiquids": false,
  "attribute": "spores",
  "maxBoost": 1,
  "minEfficiency": 1,
  "baseEfficiency": 1,
  "boostScale": 0.5556,
  "envRequired": 8,
  "craftTime": 50,
  "craftEffect": "smeltsmoke",
  "updateEffect": "pulverize",
  "consumes": {
    "power": 1.5,
    "liquid": {
      "liquid": "water",
      "amount": 0.5
    }
  },
  "requirements": [
    {
      "item": "copper",
      "amount": 75
    },
    {
      "item": "lead",
      "amount": 75
    },
    {
      "item": "silicon",
      "amount": 30
    }
  ],
  "category": "production",
  "research": "induced-kiln",
  "outputItem": {
    "item": "spore-pod",
    "amount": 2
  }
}
