{
  "type": "HeatConductor",
  "name": "热量运送机",
  "description": "一个小方块，将热量运送到其他方块",
  "requirements": [
    "tungsten/5"  
  ],
  "category": "crafting",
  "research": "electric-heater",
  "researchCostMultiplier": 10,
  "size": 1,
  "drawer": {
    "type": "DrawMulti",
    "drawers": [
      {
        "type": "DrawDefault" 
      },
      {
        "type": "DrawHeatOutput"
      },
      {
        "type": "DrawHeatInput",
        "suffix": "-heat"
      }
    ]
  },
  "regionRotated1": 1
}
