{
  "type": "HeatConductor",
  "name": "热量分配器",
  "description": "一个很小的热量路由器，可以让你节省更多空间！",
  "size": 1,
  "regionRotated1": 1,
  "splitHeat": true,
  "category": "crafting",
  "research": "heat-router",
  "requirements": [
    "tungsten/3",
    "graphite/3"
  ],
  "researchCostMultiplier": 10,
  "drawer": {
    "type": "DrawMulti",
    "drawers": [
      {
        "type": "DrawDefault"
      },
      {
        "type": "DrawHeatOutput",
        "rotOffset": -1,
        "drawGlow": false
      },
      {
        "type": "DrawHeatOutput" 
      },
      {
        "type": "DrawHeatOutput",
        "rotOffset": 1,
        "drawGlow": false 
      },
      {
        "type": "DrawHeatInput",
        "suffix": "-heat"
      }
    ]
  }
}
