{
	"type": "flying",
	"name": "灾恶",
	"description": "小BOSS"
	"ammoCapacity": 100,
    "speed": 1
	"flying": true,
	"engineOffset": 0,
	"engineSize": 0
    "hitSize": 20,
    "targetAir":"true",
    "health": 1,
    "armor": 44,
    "rotateSpeed": 10,
    "engineColor":"FF5B5B",
    "itemCapacity": 0,
    	    "abilities": [/*能力（如力场防御等） */
    	    {
        "type": "RepairFieldAbility"
        "amount":-120
        "reload": 60
        "range": 30
    }
	    {
			"type": "StatusFieldAbility",
			"duration": 120,
			"reload": 1,
			"range": 30,
			"applyEffect": "none",
			"activeEffect": {
				"type": "WaveEffect",
				"lifetime": 10,
				"sizeFrom": 8,
				"sizeTo": 40,
				"strokeFrom": 2,
				"strokeTo": 0,
				"colorFrom": "ffffff",
				"colorTo": "ffffff"
			},
			"effect": "新年快乐"
		}]
}