{
	"name":"猛攻",
	"description":"五图 单四 猛攻！"
	"hitSize":13,
	//碰撞箱大小
    "rotateSpeed":2.2,
    //转身速度
    "itemCapacity":0,
    //载货量
    "canDrown":false,
    //能否被深水淹死
    "buildSpeed":0,
    //建筑速率
    "type":"naval",
    //海军
    "lowAltitude":true,
    //阴影绘制
    "speed":0.81,
    //移动速度
    "health":1288,
    //血量
    "armor":7,
    //装甲
    "trailLength":20,
    //划出的水迹长度 8:1
    "waveTrailX":5.5,
    "waveTrailY":-4,
    "trailScl":1.9,
    "accel":0.3,
    "research":"出战",
	"weapons":[
		{
			"name":"溪鲫导弹",
			"mirror":true,
			"x":4,
			"y":3,
			"reload":32,
			"shootSound":"missile",
			"shoot":{
				"shots":5,
				//每次射出几发子弹
				"shotDelay":3
				//子弹射出间隔
			}
			"recoil":1,
			"rotate":true,
	        "inaccuracy":2,
			"bullet":{
				"damage":158,
				"speed":5,
				"status":"blasted",
				"hitEffect":"hitFlameSmall",
				"splashDamageRadius":20.8,
				"splashDamage":23,
				"lifetime":45,
    			"type":"MissileBulletType"
    			"homingPower":0.4,
    			"trailChance":0.2,
				}
		},
				{
			"name":"溪鲫导弹",
			"mirror":true,
			"x":6,
			"y":-6,
			"reload":144,
			"shootSound":"missile",
			"shoot":{
				"shots":12,
				//每次射出几发子弹
				"shotDelay":4
				//子弹射出间隔
				"barrels":2,
		//炮口数量
			}
			"recoil":1,
			"rotate":true,
			"bullet":{
				"damage":313,
				"speed":8,
				"status":"blasted",
				"hitEffect":"hitFlameSmall",
				"splashDamageRadius":30.4,
				"splashDamage":43,
				"lifetime":35,
    			"type":"MissileBulletType"
    			"homingPower":1.5,
    			"trailChance":0.2,
				}
		},
        ]
}