{
	"type": "GenericCrafter",
	"health": 900,
	"name": "大型玄钢混制机",
	"description": "更高效率的制造玄钢",
	"outputItem": {"item": "玄钢", "amount": 4},
	"itemCapacity": 40,
	"size": 4,
	"hasPower": true,
	"hasLiquids": false,
	"hasItems": true,
	"craftTime": 60,
	"liquidCapacity":40,
	"craftEffect":"hitEmpSpark",
	"drawer":{
        "type":"DrawMulti",
        "drawers":[
        {
	    "type":"DrawRegion",
	    "suffix":"-bottom"
	    },
	    {
	    "type":"DrawLiquidTile",
	    "drawLiquid":"幻钢溶液"
	    },
            "DrawDefault"
          ]
      }
	"consumes": {
	"power":4,
	"items": {	"items": [
	{ "item": "玄晶", "amount": 2},
	  ]
		}
	 "liquid":{"liquid":"幻钢溶液","amount":0.3},
	},
	"requirements": [
	    {"item":"玄钢","amount": 80},
		{ "item": "有机玻璃", "amount":160 },
		{ "item": "玄晶", "amount": 130},
		{ "item": "幻钛钢", "amount": 150 }
		{ "item": "幻钢", "amount": 160 },
		],
	"category": "crafting",
	"research": {
		"parent": "玄钢混制机",
		"objectives": [
			{
				"type": "OnSector",
				"preset": "交叉冰谷"
			}
		]
	}
}