{
	"type": "GenericCrafter",
	"health": 200,
	"name": "大型翼石冲压机",
	"description": "更高效率的制造翼石",
	"outputItem": {"item": "翼石", "amount": 4},
	"itemCapacity": 30,
	"size": 3,
	"hasPower": true,
	"hasLiquids": false,
	"hasItems": true,
	"craftTime": 60,
	"craftEffect":"hitEmpSpark",
	"drawer":{
        "type":"DrawMulti",
        "drawers":[
            "DrawDefault",
			"DrawFlame"
            ]
    },
	"consumes": {
	"power":4,
	"items": {	"items": [
	{ "item": "spore-pod", "amount": 4},
	{"item":"玄晶","amount": 2},
	]
		}
	},
	"requirements": [
	    {"item":"幻钛钢","amount": 160},
		{ "item": "silicon", "amount":200 },
		{ "item": "metaglass", "amount": 100},
		{ "item": "titanium", "amount": 100 }
		{ "item": "翼石", "amount": 80 },
		{ "item": "玄钢", "amount": 60 },
		],
	"category": "crafting",
	"research": {
		"parent": "翼石冲压机",
		"objectives": [
			{
				"type": "OnSector",
				"preset": "交叉冰谷"
			}
		]
	}
}