{
	"type": "GenericCrafter",
	"health": 860,
	"name": "大型巨浪合金冶炼厂",
	"description": "更高效率的制造巨浪合金",
	"outputItem": {"item": "surge-alloy", "amount": 4},
	"itemCapacity": 40,
	"size": 4,
	"hasPower": true,
	"hasLiquids": false,
	"hasItems": true,
	"craftTime": 60,
	"craftEffect":"smeltsmoke",
	"drawer":{
        "type":"DrawMulti",
        "drawers":[
            "DrawDefault",
			"DrawFlame"
            ]
    },
	"consumes": {
	"power":8,
	"items": {	"items": [
	{ "item": "copper", "amount": 6},
	{"item":"lead","amount": 8},
	{ "item": "titanium", "amount": 4},
	{"item":"silicon","amount": 6},
	]
		}
	},
	"requirements": [
	    {"item":"幻钢","amount": 160},
		{ "item": "thorium", "amount":140 },
		{ "item": "silicon", "amount": 160},
		{ "item": "玄钢", "amount": 80 }
		{ "item": "surge-alloy", "amount": 100 },
		]
	"category": "crafting",
	"research": {
		"parent": "玄钢混制机",
		"objectives": [
			{
				"type": "OnSector",
				"preset": "交叉冰谷"
			}
		]
	}
}