{
	"type": "GenericCrafter",
	"health": 200,
	"name": "幻钛钢熔炼机",
	"description": "生产幻钛钢",
	"outputItem": {"item": "幻钛钢", "amount": 1},
	"itemCapacity": 10,
	"size": 2,
	"hasPower": true,
	"hasLiquids": false,
	"hasItems": true,
	"craftTime": 60,
	"updateEffect":"smeltsmoke",
	"drawer":{
        "type":"DrawMulti",
        "drawers":[
            "DrawDefault",
			"DrawFlame"
            ]
    },
	"consumes": {
	"power": 1.5,
	"items": {	"items": [
	{ "item": "幻钢", "amount": 1 },
	{ "item": "titanium", "amount": 2 }	]
		}
	},
	"requirements": [
		{ "item": "titanium", "amount":30 },
		{ "item": "幻钢", "amount": 50},
		{ "item": "graphite", "amount": 10 }
		],
	"category": "crafting",
	"research": "玄晶制造机"
}