{
	"type": "GenericCrafter",
	"name": "煤幻溶机",
	"description": "用幻钢溶液溶解煤和巨浪合金，使其形成一种新的物质",
    "outputItem": { "item": "晶碳", "amount": 1},
	"size": 3,
	"hasPower": true,
	"hasLiquids": true,
	"health":1200,
	"hasItems": true,
	"craftTime":120,
	"itemCapacity": 60,
	"liquidCapacity": 180,
	"drawer":{
        "type":"DrawMulti",
        "drawers":[
        {
	    "type":"DrawRegion",
	    "suffix":"-bottom"
	    },
        {
	    "type":"DrawLiquidTile",
	    "drawLiquid":"幻钢溶液"
	    },
            "DrawDefault"
            ]
    },	
    "consumes": {
	         "power":10
	              "items": {
			 "items": [
		{ "item":  "coal", "amount": 10 }
	    { "item":  "surge-alloy", "amount": 5 }			
	    ]
		}
  "liquid":{"liquid":"幻钢溶液","amount":0.3},
 },
	"requirements": [
	    { "item": "玄钢", "amount":75}
		{ "item": "有机玻璃", "amount":80}
	    { "item": "silicon", "amount":120}
	    { "item": "幻钛钢", "amount":90}
	    { "item": "翼精金属", "amount":60}
	    { "item":  "surge-alloy", "amount": 50 }			
	],
	"category": "crafting",
	"research": "翼精金属合成器"
}