{
	"type": "GenericCrafter",
	"name": "玄钢混制机",
	"description": "利用幻钢溶液溶解玄晶，然后融合在一起产生玄钢",
	"outputItem": { "item": "玄钢", "amount": 1},
	"size": 3,
	"hasPower": true,
	"hasLiquids": true,
	"health":450,
	"hasItems": true,
	"craftTime": 150,
	"itemCapacity": 20,
	"updateEffect":"hitEmpSpark",
	"liquidCapacity": 20,
	"drawer":{
        "type":"DrawMulti",
        "drawers":[
        {
	    "type":"DrawRegion",
	    "suffix":"-bottom"
	    },
	    {
	    "type":"DrawLiquidTile",
	    "drawLiquid":"幻钢溶液"
	    },
            "DrawDefault"
            ]
    },	"consumes": {
	         "power":2
             "items": {
			 "items": [
		{ "item": "玄晶", "amount": 1 }
			]
  },
  "liquid":{"liquid":"幻钢溶液","amount":0.15},
 },
	"requirements": [
		{ "item": "有机玻璃", "amount":80}
	    { "item": "玄晶", "amount":65}
	    { "item": "幻钛钢", "amount":75}
	    { "item": "幻钢", "amount":80}
	],
	"category": "crafting",
	"research": "玄晶制造机"
}