{
	"type": "GenericCrafter",
	"health": 100,
	"name": "翼石冲压机",
	"description": "不断冲击孢子中的生物，使其中生物异常活跃，随后用玄晶充当容器，让孢子中的生物不断改变玄晶，随后获得一种远古矿石",
	"outputItem": {"item": "翼石", "amount": 1},
	"itemCapacity": 15,
	"size": 2,
	"hasPower": true,
	"hasLiquids": false,
	"hasItems": true,
	"craftTime":120,
	"updateEffect":"hitEmpSpark",
	"drawer":{
        "type":"DrawMulti",
        "drawers":[
            "DrawDefault",
			"DrawFlame"
            ]
    },
	"consumes": {
	"power":2
	"items": {	"items": [
	{ "item": "spore-pod", "amount": 2 }
	{ "item": "玄晶", "amount": 1 },  
	  ]
		}
	},
	"requirements": [
		{ "item": "幻钛钢", "amount":80 },
		{ "item": "silicon", "amount": 100},
		{ "item": "metaglass", "amount": 50 }
		{ "item": "titanium", "amount": 50 }
		],
	"category": "crafting",
	"research": "幻钛钢熔炼机"
}