{
	"type": "GenericCrafter",
	"health": 100,
	"name": "荧羽石反应器",
	"description": "让玄晶和钍发生反应，生产荧羽石，能量巨大",
	"outputItem": {"item": "荧羽石", "amount": 1},
	"itemCapacity": 10,
	"size": 2,
	"hasPower": true,
	"hasLiquids": false,
	"hasItems": true,
	"squareSprite": false,
	"craftTime":60,
	"squareSprite":"false"
	"updateEffect":"hitEmpSpark",
	"drawer":{
        "type":"DrawMulti",
        "drawers":[
            "DrawDefault",
			"DrawFlame"
            ]
    },
	"consumes": {
	"power":20
	"items": {	"items": [
	{ "item": "thorium", "amount": 2 }
	{ "item": "玄晶", "amount": 2 },  
	  ]
		}
	},
	"requirements": [
	    {"item":"玄钢","amount": 60},
		{ "item": "幻钛钢", "amount":80 },
		{ "item": "silicon", "amount": 100},
		{ "item": "有机玻璃", "amount": 40 }
		{ "item": "thorium", "amount": 60 },
		],
	"category": "crafting",
"research": {
	"parent": "玄钢混制机"
	"objectives":[
	{
	"type": "SectorComplete",
	"preset":"深幽丛林"
	}
  ]
}
}