{
	"type": "GenericCrafter",
	"health": 150,
	"name": "钢化玻璃强化器",
	"description": "强化钢化玻璃，利用煤炭精炼强化玻璃",
	"outputItem": {"item": "有机玻璃", "amount": 1},
	"itemCapacity": 20,
	"size": 2,
	"hasPower": true,
	"hasLiquids": true,
	"hasItems": true,
	"craftTime":80,
	"liquidCapacity": 20,
	"updateEffect":"smeltsmoke",
	"drawer":{
        "type":"DrawMulti",
        "drawers":[
            "DrawDefault",
			"DrawFlame"
	    {
	    "type":"DrawRegion",
	    "suffix":"-bottom"
	    },
	    {
	    "type":"DrawLiquidTile",
	    "drawLiquid":"oil"
	    },
	       "DrawDefault"
            ]
    },
	"consumes": {
	"power":2
	"liquid":{
	"liquid":"oil",
	"amount":0.1,
	"booster":false	},
	"items": {	"items": [
	{ "item": "metaglass", "amount": 1 }
	  ]
		}
	},
	"requirements": [
		{ "item": "幻钢", "amount":60 },
		{ "item": "silicon", "amount": 80},
		{ "item": "metaglass", "amount": 30 }
		],
	"category": "crafting",
	"research": "玄晶制造机"
}