{
	"type": "GenericCrafter",//不能改
	"name": "铜",//名字
	"description": "自定义地图专用",//介绍
	"health":60,//血量
	"itemCapacity":20,//物品容量
	"outputItem": {"item": "copper","amount":1},//产出
	"size":1,//边长
	"hasItems": true,//不能改
	"craftTime":20,//产出时间（单位:帧）（一秒60帧）
	"consumes": {//物品需求
		"items": {
			"items": [
				{ "item": "scrap",/*种类*/ "amount":1 /*数量*/},
			]
		}
	},
	"requirements": [
		{ "item": "scrap", "amount":25 },
	],
	"category": "crafting",//不能改
	"research": "无中生有",//科技树位置
}
