{
  "research": {
    "parent": "assault",
    "requirements": [
      "oltuxium/1220",
      "surge-alloy/1000",
      "plastanium/940",
      "alpha-yellow/1000",
      "osmium/1240",
      "silicon/1300"
    ]
  },
  "groundLayer": 75,
  "type": "legs",
  "canDrown": false,
  "speed": 0.34,
  "hitSize": 68,
  "health": 178900,
  "rotateSpeed": 1,
  "faceTarget": true,
  "armor": 32,
  "drag": 0.4,
  "range": 240,
  "maxRange": 240,
  "aimDst": 240,
  "flying": false,
  "targetAir": true,
  "legSpeed": 0.16,
  "legBaseOffset": 10,
  "legCount": 8,
  "legPairOffset": 3,
  "legMoveSpace": 0.8,
  "legExtension": -15,
  "legLength": 75,
  "rippleScale": 3,
  "legLengthScl": 0.93,
  "legSplashDamage": 60,
  "legSplashRange": 35,
  "allowLegStep": true,
  "hovering": true,
  "immunities": [
    "slow",
    "burning",
    "sapped"
  ],
  "weapons": [
    {
      "name": "purge-fire",
      "reload": 10,
      "mirror": false,
      "x": 0,
      "y": 0,
      "recoil": 1.5,
      "rotate": false,
      "shoot": {
        "type": "ShootPattern",
        "shotDelay": 5,
        "shots": 5
      },
      "inaccuracy": 9,
      "shootSound": "flame",
      "shootCone": 20,
      "bullet": {
        "type": "BasicBulletType",
        "collidesAir": true,
        "speed": 5,
        "damage": 335,
        "width": 0.1,
        "height": 0.1,
        "shootEffect": {
          "type": "ParticleEffect",
          "particles": 36,
          "sizeFrom": 8,
          "sizeTo": 1,
          "length": 270,
          "lifetime": 58,
          "interp": "circleOut",
          "colorFrom": "D99F6BFF",
          "colorTo": "F3E979FF",
          "cone": 20
        },
        "smokeEffect": "none",
        "lifetime": 30,
        "despawnEffect": "none",
        "hittable": false,
        "reflectable": false,
        "hitEffect": {
          "type": "ParticleEffect",
          "particles": 15,
          "sizeFrom": 5,
          "sizeTo": 0,
          "length": 20,
          "lifetime": 22,
          "interp": "circleOut",
          "colorFrom": "F3E979FF",
          "colorTo": "D99F6BFF",
          "cone": 360
        },
        "pierce": true,
        "incendAmount": 5
      }
    },
    {
      "name": "surge-laser",
      "mirror": true,
      "alternate": true,
      "x": 26,
      "y": -6,
      "shake": 4,
      "shootY": 17,
      "rotateSpeed": 2,
      "reload": 35,
      "recoil": 4,
      "shootSound": "laser",
      "shadow": 20,
      "rotate": true,
      "bullet": {
        "type": "laserBulletType",
        "damage": 1250,
        "sideAngle": 20,
        "sideWidth": 1.5,
        "sideLength": 80,
        "width": 15,
        "colors": [
          "D99F6BAA",
          "F3E979FF",
          "FFFFFF"
        ],
        "length": 280,
        "shootEffect": "shockwave"
      }
    },
    {
      "name": "gunner-y",
      "shootCone": 15,
      "mirror": true,
      "alternate": true,
      "rotate": true,
      "rotateSpeed": 9,
      "inaccuracy": 3,
      "x": 14,
      "y": 0,
      "reload": 6,
      "recoil": 0.5,
      "ejectEffect": "casing2",
      "shootSound": "shoot",
      "bullet": {
        "type": "basicBulletType",
        "hitEffect": "none",
        "shootEffect": "shootHealYellow",
        "damage": 320,
        "lightningColor": "F3E979FF",
        "lightning": 5,
        "lightningDamage": 16,
        "lightningLength": 6,
        "lightningCone": 360,
        "lightningLengthRand": 6,
        "height": 8,
        "width": 8,
        "speed": 4,
        "frontColor": "FFFFFF",
        "backColor": "F3E979FF",
        "lifetime": 90
      }
    },
    {
      "name": "purge-lightning",
      "reload": 12,
      "top": true,
      "mirror": false,
      "x": 0,
      "y": 0,
      "shootY": 19,
      "recoil": 1.5,
      "shake": 1,
      "rotate": false,
      "shootSound": "flame2",
      "shootCone": 45,
      "bullet": {
        "type": "LightningBulletType",
        "status": "slow",
        "statusDuration": 80,
        "lightningColor": "F3E979FF",
        "lightningCone": 20,
        "damage": 128,
        "lightningLength": 26,
        "collidesAir": true
      }
    }
  ],
  "abilities": [
    {
      "type": "mindustry.entities.abilities.StatusFieldAbility",
      "range": 95,
      "reload": 480,
      "duration": 285,
      "effect": "overclock"
    },
    {
      "type": "mindustry.entities.abilities.ForceFieldAbility",
      "radius": 60,
      "regen": 5,
      "max": 1600,
      "cooldown": 290
    }
  ]
}
