{
"type": "StackConveyor",
"name": "记忆合金传送带"
"description": "比合金传送带速度更快，载物更多",
"health": 210,
"outputRouter": false
"hasPower": true,
"consumesPower": true,
"conductivePower": true,
"underBullets": true,
"consumes": {
"power": 0.05,
}
"baseEfficiency": 1,
"speed": 0.1,
"itemCapacity": 30,
"requirements": [
{ "item": "plastanium", "amount": 3 },
{ "item": "铁", "amount": 2 },
{ "item": "钛合金", "amount": 1 },
{ "item": "记忆合金", "amount": 1 }
],
"category":"distribution",
"research": "记忆合金炉"
}