{
"type": "StackRouter",
"name": "记忆合金路由器"
"description": "比合金路由器速度更快，效率更高",
"health": 210,
"hasPower": true,
"consumesPower": true,
"conductivePower": true,
"underBullets": true,
"solid": false,
"consumes": {
"power": 0.1,
}
"baseEfficiency": 1,
"speed": 0.1,
"itemCapacity": 30,
"requirements": [
{ "item": "plastanium", "amount": 6 },
{ "item": "铁", "amount": 4 },
{ "item": "钛合金", "amount": 2 },
{ "item": "记忆合金", "amount": 2 }
],
"category":"distribution",
"research": "记忆合金传送带"
}