{
	"type":"missile",
	"controller":"MissileAI",
	"lowAltitude":true,
	"speed":8,
	"rotateSpeed":0.1,
	"lifetime":40,
	"isEnemy":false,
	"allowedInPayloads":false,
	"playerControllable":false,
	"physics":false,
	"useUnitCap":false,
	"createWreck":false,
	"createScorch":false,
	"flying":true,
	"hidden":true,
	"health":200,
	"hitSize":8,
	"outlineRadius":0,
	"maxRange":15,
	"trailColor":"BAFFF9FF",
	"trailLength":8,

	"engineColor":"BAFFF9FF",
	"outlineRadius":0,
	"engineSize":1.5,
	"engineOffset":4,
	"engineLayer":110,
	"drawCell":false,
	"maxRange":15,

		"parts":[
		{"type":"RegionPart",
		"suffix":"-part",
		"x":0.75,"y":-3,
		"moveRot":90,
		"mirror":true,
		"progress":{
		"type":"life",
		"op":"curve",
		"interp":"pow3Out"
	}	}	],

	"abilities":[
	{"type":"MoveEffectAbility",
	"interval":2,
	"y":-6,
	"rotateEffect":true,
	"rotation":180
	"effect":{
	"type":"disperseTrail",
	"colorFrom":"BAFFF9FF",
	"colorTo":"BAFFF9FF"
	}	}	],

	"weapons":[
	{"name":"bbomboom",
	"shootCone":360,
	"shootOnDeath":true,
	"controllable":true,
	"shootSound":"none",
	"bullet":{
	"type":"ExplosionBulletType",
	"instantDisappear":true,
	"keepVelocity":false,
	"splashDamageRadius":56,
	"splashDamage":65,
	"killShooter":true,

	"hitEffect":{
	"type":"multiEffect",
	"effects":[
	{"type":"WaveEffect",
	"lifetime":30,
	"sizeFrom":0,
	"sizeTo":60,
	"strokeFrom":7.5,
	"strokeTo":0,
	"colorFrom":"36B1DDFF",
	"colorTo":"BAFFF9FF"
	},
	{"type":"ParticleEffect",
	"offset":30,
	"particles":12,
	"lifetime":40,
	"length":100,
	"interp":"circleOut",
	"sizeInterp":"pow5In",
	"cone":-360,
	"line":true,
	"strokeFrom":1.5,
	"strokeTo":1.5,
	"lenFrom":5,
	"lenTo":0,
	"lightColor":"BAFFF9FF",
	"colorFrom":"36B1DDFF",
	"colorTo":"BAFFF9FF",
	},
	{"type":"ParticleEffect",
	"offset":30,
	"particles":12,
	"lifetime":60,
	"length":50,
	"interp":"circleOut",
	"sizeInterp":"pow5In",
	"cone":-360,
	"line":true,
	"strokeFrom":1.5,
	"strokeTo":1.5,
	"lenFrom":7,
	"lenTo":0,
	"lightColor":"BAFFF9FF",
	"colorFrom":"36B1DDFF",
	"colorTo":"BAFFF9FF",
	}
	{"type":"ParticleEffect",
	"particles":7,
	"length":45,
	"lifetime":40,
	"interp":"pow3Out",
	"sizeInterp":"pow5In",
	"offset":30,
	"colorFrom":"787878",
	"colorTo":"787878",
	"sizeFrom":20,
	"sizeTo":0
	}	]	}
	}	}	],
}
