{
    "type": "Separator",
    "name": "富集矿渣解离机-阴阳",
   	"description":"能够稳定解离出阴影合金和闪耀合金的解离机",
   	"details":"-所以这就是个增殖启动器？\n-是的，这就是个启动器\n-还有什么要说的吗？-\n未来还会有这东西的换色版\n-为什么？\n-为未来考虑",
    "category": "crafting",
    "requirements": [
"titanium/240","thorium/200","graphite/110","silicon/180","metaglass/110","plastanium/180","surge-alloy/80"],
    "results": [
    "阴影合金/1",
    "闪耀合金/1"
    ],
        "drawer":{
        "type":"DrawMulti",
        "drawers":[
    {"type":"DrawRegion",
    "suffix":"-bottom",}
        {"type":"DrawLiquidTile",
        "drawLiquid":"富集矿渣"}
    {"type":"DrawRegion",
    "suffix":"-spinner",
    "spinSprite":true,
    "rotateSpeed":6}
    "DrawDefault",
		]
			},
    "hasPower": true,
    "liquidCapacity": 480,
	"itemCapacity": 30,
    "craftTime": 15.00,
    "size": 3,
	"itemCapacity": 40,
    "consumes": {
        "power": 450,
        "liquid": "富集矿渣/0.5"
    }
    "research": "611地幔提取厂"

}