{
	"type": "GenericCrafter",
    "name": "阴影合金增殖室",
   	"description":"将阴影合金置于完全黑暗的环境中会自我增殖出更多液体\n因为需要完全黑暗的环境，所以把顶上的玻璃换成了铅板",
    "details":"完全不用耗电，因为是自我增殖",
	"health":600,
	"updateEffect": "smeltsmoke",
	"outputLiquid": {
		"liquid": "液态阴影合金", "amount":1.5
		},
	"itemCapacity": 5,
	"liquidCapacity": 270,
	"size": 2,
"drawer":{
	    "type":"DrawMulti",
	    "drawers":[
	    "DrawDefault"
	]},
	"hasPower": false,
	"hasliquid": true,
	"hasItems": true,
	"craftTime":120,
	"consumes": {
//		"liquid": {
//			"liquid": "water", "amount":1
//		},
		"items":{
			"items":[
		{"item": "阴影合金" , "amount":1},
				]
			}
	},
	"requirements": [
		{ "item": "copper", "amount": 150 },
		{ "item": "lead", "amount": 540 }
        { "item": "titanium", "amount": 150},
        { "item": "阴影合金", "amount": 0},
	],
	"category": "crafting",
	"idleSound": "respawning",
	"idleSoundVolume": 0.5
	"research":{
	"parent":"612富集矿渣分离器",
	"requirements":[
		{ "item":"阴影合金","amount":10000},
	]}
}
