{
	"type": "GenericCrafter",
    "name": "闪耀合金增殖室",
   	"description":"将阴闪耀合金置于200万流明光照环境下会自我增殖出更多气体\n因为需要极度明亮的环境，所以把内部全部换成了玻璃",
    "details":"耗电量极大，因为是200万流明啊！(艹皿艹 )",
	"health":600,
	"updateEffect": "smeltsmoke",
	"outputLiquid": {
		"liquid": "气态闪耀合金", "amount":1.5
		},
	"itemCapacity": 5,
	"liquidCapacity": 270,
	"size": 2,
"drawer":{
	    "type":"DrawMulti",
	    "drawers":[
	    "DrawDefault"
	]},
	"hasPower": false,
	"hasliquid": true,
	"hasItems": true,
	"craftTime":120,
	"consumes": {
//		"liquid": {
//			"liquid": "water", "amount":1
//		},
        "power": 900
		"items":{
			"items":[
		{"item": "闪耀合金" , "amount":1},
				]
			}
	},
	"requirements": [
		{ "item": "copper", "amount": 150 },
		{ "item": "lead", "amount": 150 }
        { "item": "metaglass", "amount": 480},
        { "item": "闪耀合金", "amount": 0},
	],
	"category": "crafting",
	"idleSound": "respawning",
	"idleSoundVolume": 0.5
	"research":{
	"parent":"612富集矿渣分离器",
	"requirements":[
		{ "item":"闪耀合金","amount":10000},
	]}
}
