{
	"type": "GenericCrafter",
    "name": "闪耀合金凝华机",
   	"description":"气态的闪耀合金在完全黑暗的环境下会变回固态",
    "details":"鬼知道为什么会多两个",
	"health":600,
	"outputItem": { "item": "闪耀合金", "amount": 3},
	"itemCapacity": 20,
	"liquidCapacity": 270,
	"size": 3,
"drawer":{
	    "type":"DrawMulti",
	    "drawers":[
	    "DrawDefault"
	]},
	"hasPower": false,
	"hasliquid": true,
	"hasItems": true,
	"craftTime":90,
	"consumes": {
		"liquid": {
			"liquid": "气态闪耀合金", "amount":1
		},
			
	},
	"requirements": [
		{ "item": "titanium", "amount": 120 },
		{ "item": "silicon", "amount": 170 }
		{ "item": "metaglass", "amount": 240 }
		{ "item": "闪耀合金", "amount": 50 }
	],
	"category": "crafting",
	"idleSound": "respawning",
	"idleSoundVolume": 0.5
	"research": "623闪耀合金增殖室"
}
