{
	"type": "GenericCrafter",
    "name": "大型闪耀合金凝华机",
   	"description":"气态的闪耀合金在完全黑暗的环境下会变回固态",
    "details":"你也加大！",
	"health":600,
	"outputItem": { "item": "闪耀合金", "amount": 9},
	"itemCapacity": 20,
	"liquidCapacity": 270,
	"size": 4,
	"hasPower": false,
	"hasliquid": true,
	"hasItems": true,
	"craftTime":90,
	"consumes": {
        "power": 450
		"liquid": {
			"liquid": "气态闪耀合金", "amount":2
		},
			
	},
	"requirements": [
		{ "item": "thorium", "amount": 300 },
		{ "item": "silicon", "amount": 360 }
		{ "item": "phase-fabric", "amount": 280 }
		{ "item": "闪耀合金", "amount": 180 },
		"阴影合金/90"
	],
	"category": "crafting",
	"idleSound": "respawning",
	"idleSoundVolume": 0.5
	"research": "624闪耀合金凝固机"
}
