{
   "type": "Drill",
   "size": 5,
   "health": 1940,
   "tier": 9,
   "drillTime": 80,
   "liquidBoostIntensity": 2.98,
   "canOverdrive": true,
   "warmupSpeed": 0.01,
   "rotateSpeed": 9,
   "drawMineItem": true,
   "drawRim": true,
   "consumes": {
      "power": 5.2,
      "liquid": {
         "liquid": "water",
         "amount": 0.25,
         "booster": true,
         "optional": true
      }
   },
   "itemCapacity": 50,
   "liquidCapacity": 60,
   "requirements": [
      "塑料/300",
      "silicon/200",
      "graphite/90",
      "钍板/50",
      "塑钢板/150",
      "钛板/150"
   ],
   "category": "production",
   "research": {
      "parent": "微型钻头",
      "requirements": [
         "qwe/900"
      ]
   },
   "buildCostMultiplier": 2.1
}