{
   "type": "GenericCrafter",
   "liquidCapacity": 120,
   "outputItem": {
      "item": "塑料",
      "amount": 8
   },
   "size": 4,
   "hasPower": true,
   "hasLiquids": true,
   "hasItems": true,
   "itemCapacity": 40,
   "craftTime": 55,
   "consumes": {
      "power": 5.9,
      "items": {
         "items": [
            "spore-pod/6"
         ]
      },
      "liquid": "oil/0.045"
   },
   "requirements": [
      "铜板/80",
      "铅板/70",
      "copper/35",
      "lead/50",
      "塑钢板/120",
      "metaglass/70"
   ],
   "drawer": {
      "type": "DrawMulti",
      "drawers": [
         {
            "type": "DrawDefault"
         },
         {
            "type": "DrawFlame",
            "flameRadius": 4.8,
            "flameRadiusIn": 2.8,
            "flameRadiusScl": 5,
            "flameRadiusMag": 2,
            "flameRadiusInMag": 1,
            "flameColor": "D4D4D4FF"
         }
      ]
   },
   "category": "crafting",
   "craftEffect": "formsmoke",
   "updateEffect": "smeltsmoke",
   "updateEffectChance": 0.1,
   "research": {
      "parent": "塑料制造机",
      "requirements": [
         "qwe/320"
      ]
   }
}