{
	"type": "flying",
	"name": "没有炮台的炮台S",
	"description": " Mod的作者，更新时间未知。",
	"speed": 2.4,	
	"drag":0.05,"accel":0.1,
	"rotateSpeed":10,
	"immunities":["自毁"],
	    "abilities": [{
        "type": "RepairFieldAbility"
        "amount":2147483617
        "reload":1
        "range": 1
    }]
	"ammoType":{
	"type":"PowerAmmoType",
	"totalPower":100},
	"ammoCapacity": 300,
	"hitSize":10, 
	"buildSpeed": 21474836.17,
	"flying": true,
	"faceTarget": true,
	"health": 2147483617,
	"armor":2147483617,
	"engineOffset": 6,
	"engineSize": 5,
}
//paotaiS