	{
	"type": "ConsumeGenerator",
	"health": 1000,
	"size": 4,
	"hasLiquids":true
	"liquidCapacity":50,
	
	"consumes": {
		        "liquids": ["arkycite/1.26666666", "ozone/0.066666666"]
		}
		
    "requirements": [
    "oxide/100"
    "silicon/400"
    "graphite/400"
    "beryllium/300"
	],
	
	"category": "power",
    "research":"chemical-combustion-chamber",
	"placeableLiquid":true,
	"powerProduction":22
	
"drawer": {
    "type": "DrawMulti",
    "drawers": [
      {
        "type": "DrawRegion",
        "suffix": "-bottom"
      },
      {
        "type": "DrawLiquidRegion",
        "drawLiquid": "ozone"
      },
      {
				"type": "DrawPistons",
				"sinMag": 2.5,
				"sinScl": 2,
				"sides": 4,
			},
      "DrawDefault"
      {
        "type": "DrawGlowRegion",
        "color": "c967b099"
      },
    ]
  },
	}
	