{
     "type":"flyingUnit"
     "name":"游戏结束"
     "description":"字面意思游戏结束"
     "health":800000
     "hitsize":50
     "range":1000
     "speed":0.2
     "attackLength":2500
     "flying":true
     "weapon":{
     "engsize":10
     "ejectEffect":"ripple"
     "relod":30
     "shootSound":"boom"
     "shake":2
     "bullet":{
     "type":"MissileBulletType"
     "lifetime":100
     "speed":3
     "damage":40000
     "hitEffect":"shieldBreak"
     "status":"wet"
     "lightning":10
    }
    }
}