{
      "type":"GroundUnit"
      "name":"爬行者加强版"
      "description":"原版爬行者的加强版相当于小型核电站爆炸"
	"speed": 0.2,
	"maxVelocity":4.0,
    "drag": 0.2,
	"flying": true,
	"hitsize": 2,
	"health": 100,
	"rotateWeapon": false,
 "range": 240,
	"engineOffset": 5.25,
	"engineSize":3,
	"mass":2,
  "rotateSpeed": 1,
	"attackLength": 40,
	"weapon": {
	   "name": "u",
     "ignoreRotation": true,
     "length": 10,
		 "reload": 120,
    	"shots": 1,
		"alternate": false,
		 "bullet":{
		    "type":"BombBulletType"
		"shootSound":"artillery"
			"splashDamageRadius": 80,
			"splashDamage":150,
			"speed": 4,
			"damage": 1,
			"bulletWidth": 1,
			"bulletHeight": 1,
			"shootEffect": "blastExplosion",
			"despawnEffect": "flakExplosionBig",
            "killShooter": true,
			"lifetime":10,
            "instantDisappear": true,
			"backColor":"0000ff",
			"fontColor":"0000f4",
			"trailColor":"0000fC",
             }
	}
}