{
     "type":"flyingUnit"
     "name":"鲲式战列巡洋舰"
     "description":"大型兵种,配有强力武器：鹏，伤害较高，子弹穿透，水科技的中级兵种"
     "health":5000
     "hitsize":25
     "range":250
     "speed":0.1
     "attackLength":250
     "flying":true
     "weapon":{
     "name":"鹏"
     "engsize":10
     "ejectEffect":"ripple"
     "relod":30
     "shootSound":"boom"
     "shake":2
     "bullet":{
     "type":"MissileBulletType"
     "bulletSprite":"羽之追踪弹"
     "backColor":"87CEFA"
     "frontColor":"6495ED"
     "lifetime":100
     "speed":3
     "damage":40
     "hitEffect":"shieldBreak"
     "status":"wet"
     "lightning":10
    }
    }
}