{
"name":"利剑",
"description":"",
"speed":1.15//速度
"accel":0.2,//加速度
"drag":0.05,//拖曳
"isEnemy":true,//被计算敌人
"ammoCapacity":500//弹药容量
"hovering":true
"useEngineElection":false
"faceTarget":true
"abilities":[
]
"hitSize":60//尺寸
"flying":false,//是否是飞行单位
"health":33000,//生命
"armor":48//护甲
"itemCapacity":100
"fogRadius":32
"weapons":[
{"name":"利剑1"
"reload":6
"x":8
"y":18
"shootX":8
"shootY":18
"top":false
"rotate":false
"bullet":{"type":"SapBulletType"
"damage":120
"pierceArmor":true
"length":140
"status":"扰频"
"sapStrength":0.8
"width":0.6
"lightColor":"FFFFFFF"
"lifetime":10
}
}
]

}