{
"name":"天狼星"
"description":"发射近击激光,装备攻击电场"
"hovering":true
"rotateSpeed":3.6
"accel":0.05
"health":35000
"armor":30
"engineSize":3.2
"hitSize":52
"useEngineElection":false
"ammoCapacity":120//弹药容量
"drag":0.02
"speed":1
"itemCapacity":80
"fogRadius":30
"abilities":[{
"type":"EnergyFieldAbility"
"damage":80
"reload":80
"maxTarget":20
"healPercent":0
"range":200
"status":"扰频"
"sameTypeHealMult":3
"displayHeal":false
"hitBuildings":false
}
]
"weapons":[
{"name":"天狼星1"
"reload":35
"x":10
"y":8
"shootX":0
"shootY":0
"recoil":3
"inaccuracy":0
"mirror":true
"top":true
"rotate":false
"shootSound":"laser"
"bullet":{"type":"LaserBulletType"
"damage":400
"pierce":true
"pierceCap":3
"pierceArmor":true
"length":200
"buildingDamageMultiplier":0.8
"lifetime":10
}
}
]
}