{
"name":"耀影"
"description":"L级电磁悬浮器,发射折射激光,附带电磁导弹"
"hovering":true
"rotateSpeed":3.6
"accel":0.09
"health":37000
"armor":10
"engineSize":3.2
"hitSize":52
"useEngineElection":false
"ammoCapacity":600//弹药容量
"immunities":["扰频","electrified"],
"drag":0.05
"speed":1.3
"itemCapacity":80
"fogRadius":45
"targetGround":true,"targetAir":true
"abilities":[
{"type":"StatusFieldAbility"
"duration":1200
"reload":600
"range":32
"effect":"overdrive"
"onShoot":false
}
]
"weapons":[
{"name":"耀影1"
"reload":70
"x":0
"y":0
"shootX":0
"shootY":0
"recoil":3
"inaccuracy":0
"mirror":false
"top":true
"bullet":{"type":"LaserBulletType"
"damage":380
"speed":348
"pierce":false
"pierceArmor":true
"length":348
            "lifetime":10
            "fragBullets":5
            		"colors":["FFFFFFFF"]
			"fragRandomSpread":58
			    "fragBullet":{
	    "type":"LaserBulletType",
		"damage":65
		"length":72
		"drawSize":72
		"hitSize":6
		"pierceCap":5
		"lifetime":10
		"colors":["FFFFFFFF"]
			    }
}
}
	{"name":"耀影2"
	"type":"PointDefenseWeapon"
	"x":0
	"y":-5
	"reload":6
	"targetInterval":3
	"targetSwitchInterval":3
		"rotateSpeed":3
	"bullet":{
	"maxRange":240
	"damage":40
	}
	}
	{"name":"耀影3"
	"x":-8
	"y":-20
	"reload":180
	"mirror":true
	"shoot":{"type":"shootSine"
	"scl":3
	"mag":4
	"shots":4
	"shotDelay":12
	}
	"rotateSpeed":0.6
	"bullet":{
	"damage":45
	"speed":8
	"lifetime":38
	"splashDamage":85
	"splashDamageRadius":40
	"length":16
	"width":6
	"trailLength":8
    "trailWidth":4
    "trailColor": "FFFFFFFF",
    "frontColor": "FFFFFFFF",
    "backColor": "FFFFFFFF",
    "hitEffect":{
            "type": "WaveEffect",
            "lifetime":10
            "sizeFrom":12
            "sizeTo":40
            "strokeFrom":1
            "strokeTo":1
            "colorFrom": "FFFFFFFF",
            "colorTo": "FFFFFFFF"
        }, 
                "despawnEffect":{
            "type": "WaveEffect",
            "lifetime":10
            "sizeFrom":12
            "sizeTo":40
            "strokeFrom":1
            "strokeTo":1
            "colorFrom": "FFFFFFFF",
            "colorTo": "FFFFFFFF"
        },                            
	}
	}
]}