{
	"health": 27500,
	"deathSound": "大型陆军-死亡"//单位死亡后音效
	"weapons": [
		{
			"name": "海神1",
			"reload": 135,
			"x": 0,
			"y": 0,
			"shootY": 10,
			"cooldownTime": 85,
			"rotate": true,
			"rotateSpeed": 5,
			"top":true,
			"mirror": false,
			"inaccuracy": 0,
			"shootSound": "railgun",
			"shake": 8,
			"bullet": {
				"type": "RailBulletType",
				"damage": 1320,
				"pierce": true,
				"pierceBuilding": true,
				"pierceEffect": "railHit",
				"pointEffect": "railTrail",
				"hitEffect": "massiveExplosion",
				"shootEffect": "railShoot",
				"smokeEffect": "smokeCloud",
				"pierceDamageFactor": 0.167,
				"length": 740,
				"despawnEffect": "bigShockwave"
			}
		}
		{
			"name": "海神2",
			"mirror": true,
			"top":true,
			"x": 15,
			"y": -18,
			"reload": 35,
			"shoot": {
				"shots": 8,
				"shotDelay": 1
			},
			"shootSound": "missile",
			"rotate": true,
			"rotateSpeed": 4,
			"xRand": 6,
			"inaccuracy": 6,
			"bullet": {
				"type": "MissileBulletType",
				"damage": 55,
				"shootEffect": "none",
				"smokeEffect": "none",
				"splashDamageRadius": 35,
				"splashDamage": 55,
				"lightningDamage": 13,
				"lightning": 2,
				"lightningLength": 9,
				"lightningLengthRand": 3,
				"hitEffect": "flakExplosionBig",
				"despawnEffect": "flakExplosion",
				"width": 8,
				"height": 9,
				"speed": 4.5,
				"lifetime": 70
			}
		},
	]
}