{
	"type": "flying",
	"name": "代号极速",
	"speed": 2.0,
	"buildSpeed": 10,
	"flying": true,
	"hitSize": 20,
	"itemCapacity": 100,
	"health": 3000,
	"mineTier": 4,
	"mineSpeed": 15,
	"range": 100,
	"rotateSpeed": 3,
	"research": "mega",
	"weapons": [{
		"x":1, "y":1,
		"shootSound": "laser",
		"name": "砒霜小型轨道炮",
		"reload": 15.5,
		"alternate": true,
		"heatColor":"0000ff",
		"bullet":{
			"speed": 6.6,
			"recoil":0.1,
			"damage": 1,
			"homingPower":1,
			"homingRange":10,
			"backColor":"0000ff",
			"frontColor":"0000ff",
			"trailColor":"0000ff",
			"width": 5,
			"height": 12,
			"knockback": 1.0
		}
	}]
}