{
	"type": "mech",
	"name": "冰块坦克",
	"description": "脸皮就是厚！",
	"speed":0.23,
	"drag":0.4,
	"hitSize":8,
	"range":60,
	"health":4800,
	"research": "mace",
	"weapons": [{
		"name": "冰块坦克-武器",
		"reload": 80,
		"alternate": true,
		"bullet": {
			"type":"MissileBulletType",
			"damage":100,
			"speed":5,
			"width": 7,
			"height": 9,
			"lifetime":60,
			"backColor": "#00FFFF",
			"frontColor": "#00FFFF",
			"smokeEffect":"shootSmallSmoke",
			"ammoMultiplier":2,
			"shootEffect": "shootBig"
		}
	}]
}
