{
	"type": "flying",
	"name": "冰霜神",
	"description": "冰霜之神",
	"speed": 0.1,
	"flying": true,
	"hitSize": 50,
	"health": 60000,
//	"rotateShooting": true,
	"rotateSpeed": 0.22,
	"engineOffset": 14,
	"engineSize": 4,
	"range": 280,
	"research": "antumbra",
	"weapons": [
		{
			"name": "冰霜神武器",
			"reload": 4,
			"rotate": true,
			"shake": 2,
			"shoot": {
				"shots": 2
			},
			"shootStatus": "muddy",
			"inaccuracy": 0.5,
			"ejectEffect": "shootSmallSmoke",
			"alternate": true,
			"heatColor": "ff6666",
			"bullet": {
				"speed": 8,
				"type": "MissileBulletType",
				"sprite": "[blue]冰霜未来-冰霜神子弹",
				"damage": 90,
				"splashDamageRadius": 10,
				"splashDamage": 100,
				"backColor": "66ffff",
				"frontColor": "99ff99",
				"trailColor": "9999ff",
				"width": 10,
				"hitEffect": "flakExplosion",
				"height": 20,
				"homingPower": 50,
				"homingRange": 100
			}
		}
	]
}
