{
	"type": "mech",
	"name": "黄金根除者",
	"description": "经过黄金升级后的根除者，强大无比.",
	"speed": 0.35,
	"drag": 0.5,
	"armor": 14,
	"mechStepParticles": true,
	"stepShake": 0.75,
	"drownTimeMultiplier": 6,
	"mechFrontSway": 1.9,
	"mechSideSway": 0.6,
	"hitSize": 28,
	"rotateSpeed": 0.58,
	"health": 45000,
	"research": "reign",
	"ammoType": "thorium",
	"weapons": [
		{
			"shootY": 11.0,
			"y": 1,
			"x": 21.5,
			"name": "黄金根除者武器",
			"recoil": 3,
			"shake": 2.1,
			"inaccuracy": 2.5,
			"shoot": {
				"shots": 4,
				"shotDelay": 3
			},
			"ejectEffect": "casing4",
			"bullet": {
				"pierce": true,
				"pierceCap": 10,
				"width": 14.0,
				"height": 33.0,
				"lifetime": 15,
				"shootEffect": "shootBig",
				"fragVelocityMin": 0.4,
				"hitEffect": "blastExplosion",
				"splashDamage": 18.0,
				"splashDamageRadius": 13.0,
				"fragBullets": 4,
				"fragLifeMin": 0,
				"fragRandomSpread": 30.0,
				"fragBullet": {
					"type": "BasicBulletType",
					"width": 10.0,
					"height": 10.0,
					"pierce": true,
					"pierceBuilding": true,
					"pierceCap": 3,
					"lifetime": 30,
					"hitEffect": "flakExplosion",
					"splashDamage": 20,
					"splashDamageRadius": 10
				}
			},
			"shootSound": "shootBig"
		}
	]
}