{
	"type": "GenericCrafter",
	"name": "'炼金术师'巨浪合金集中生产仪",
	"description": "以更少的消耗，更高的速度生产大量巨浪合金，是目前最先进的生产系统.",
	"outputItem": {
		"item": "surge-alloy", "amount": 100
		},
	"itemCapacity": 800,
	"health": 1500,
	"size": 4,
	"hasPower": true,
	"hasLiquids": true,
	"hasItems": true,
	"craftTime": 420,
	"updateEffect": "smeltsmoke",
	"consumes": {
		"power": 50.0
		"items": {
			"items": [
				{ "item": "silicon", "amount": 270 }
				{ "item": "lead", "amount": 360 }
				{ "item": "copper", "amount": 270 }
				{ "item": "titanium", "amount": 180 }
			]
		},
	},
	"requirements": [
		{ "item": "超导晶体", "amount": 350 },
		{ "item": "初等金属", "amount": 350 },
		{ "item": "致密合金", "amount": 180 },
		{ "item": "高能晶体", "amount": 100 },
	],
	"category": "crafting",
	"research": "3级",
	"idleSound": "respawning",
	"idleSoundVolume": 0.5
}