{
    "type": "SingleTypeGenerator",
    "name": "时空发电机",
    "description": "利用时间悖论所产生的能量进行发电。",
    "size": 4,
    "health": 12000,
    "itemCapacity": 50,
    "hasLiquids": false,
    "hasItems": true,
    "itemDuration": 12000
    "powerProduction": 5000
        "consumes": {
		"items": {
			"items": [
				{ "item": "空间湮灭晶体", "amount": 1 }
			],
			"optional": true
		}
	},
    "requirements": [
		{"item": "titanium", "amount": 500},
  {"item": "thorium", "amount": 200},
  {"item": "反物质", "amount": 100},
  {"item": "高能晶体", "amount": 200},
  {"item": "致密合金", "amount": 200},
	],
	"category": "power",
	"research": "时间族炮2"
}