{
	"name": "小型加速器",
	"description": "前期神器",
	"type": "OverdriveProjector"
	"health": 150,
	"size": 1,
	"range": 40,
	"speedBoostPhase": 0.5,
	"useTime": 240
	"phaseRangeBoost": 20,
	"speedBoost": 1.25,
	"consumes": {
		"power": 1,
        "items":{
			"items":[
				{"item":"silicon","amount":1}
			]
			"booster":true
			"optional": true
		}
	},
	"requirements": [
		{ "item": "lead", "amount":40 }
		{ "item": "titanium", "amount":20 }
	]
	"category": "effect",
	"research":"mend-projector"
}