{
	"type": "MendProjector",
	"name": "广角治疗器",
	"description": "全方位治疗",
	"health": 850, 
     "reload":180
	 "range":4000
	 "speedBoostPhase":0,
	 "size": 4,
	 "healPercent":8
	 "phaseBoost":0
	 "phaseRangeBoost":0
	 "hasBoost":false
	 "canOverdrive":false
	 "useTime":300
	 "consumes": {
		"power": 12,
        "items":{
			"items":[
				{"item":"phase-fabric","amount":1}
				{"item":"锇","amount":1}
			]
		}
	},
	 

	"requirements": [
		{ "item": "重工业塑钢", "amount":100}
        { "item": "蓝钻", "amount":70}
		{ "item": "phase-fabric", "amount":50 }
		{ "item": "lead", "amount":100 }
		{ "item": "titanium", "amount":80 }
	]
	"category": "effect",
	"research":"穹顶治疗器"

}