{
	"type": "MendProjector",
	"name": "穹顶治疗器",
	"description": "弥补了这个空缺[泪目]",
	"health": 600, 
     "reload":150
	 "range":200
	 "speedBoostPhase":0,
	 "size": 3,
	 "healPercent":15
	 "phaseBoost":0
	 "phaseRangeBoost":0
	 "hasBoost":false
	 "canOverdrive":false
	 "useTime":300
	 "consumes": {
		"power": 6,
        "items":{
			"items":[
				{"item":"phase-fabric","amount":1}
			]
		}
	},
	 

	"requirements": [
	{"item": "phase-fabric", "amount":70},
	{"item": "silicon", "amount":100},
	{"item": "plastanium", "amount":80},
	{"item": "titanium", "amount":120},			
	]
	"category": "effect",
	"research":"mend-projector"

}