{
	"type": "GenericCrafter",
	"name": "共振石合成厂",
	"health": 1040,
	"description": "随着对共振石的了解逐渐深入，超限集团已经掌握了稳定合成共振石的方式\n\n[blue][超限技术中级工厂]",
	"outputItem": { "item": "1共振石", "amount": 2},
	"drawer": {
		"type": "DrawMulti",
		"drawers": [
			"DrawDefault",
			"DrawFlame"
			{
		"type": "DrawGlowRegion",
		"alpha": 0.7,
		"color": "30F582FF60",
		"glowIntensity": 0.3,
		"glowScale": 6
			},
		]
	}
	"updateEffect":[{"type": "WaveEffect",
		"lifetime": 10,
		"sizeFrom": 0,
		"sizeTo": 18,
		"strokeFrom": 2,
		"strokeTo": 0,
		//"spirit":"超限工艺-菱形"
		"colorFrom": "0097f5",
		"colorTo": "0097f5"},"freezing",]
	"craftEffect": [{"type": "WaveEffect",
		"lifetime": 10,
		"sizeFrom": 0,
		"sizeTo": 24,
		"strokeFrom": 2,
		"strokeTo": 0,
		//"spirit":"超限工艺-菱形"
		"colorFrom": "0097f5",
		"colorTo": "0097f5"}
		{"type": "WaveEffect",
		"lifetime": 60,
		"sizeFrom": 0,
		"sizeTo": 8,
		"strokeFrom": 2,
		"strokeTo": 0,
		"colorFrom": "ffffffff",
		"colorTo": "ffffffff"}
		{"type": "WaveEffect",
		"lifetime": 60,
		"sizeFrom": 0,
		"sizeTo": 8,
		"strokeFrom": 2,
		"strokeTo": 0,
		"colorFrom": "ffffffff",
		"colorTo": "ffffffff"}
		{"type": "WaveEffect",
		"lifetime": 60,
		"sizeFrom": 0,
		"sizeTo": 8,
		"strokeFrom": 2,
		"strokeTo": 0,
		"colorFrom": "ffffffff",
		"colorTo": "ffffffff"}
		]
	"alwaysUnlocked": false,
	"size": 4
	"hasPower": true,
	"hasLiquids": true,
	"hasItems": true,
	"craftTime": 42
	"liquidCapacity": 60,
	"itemCapacity": 30,
	"consumes": {
	"power": 12,
    	"items":{
		"items":[
		{ "item": "sand", "amount": 6 }
		{ "item": "lead", "amount": 2 }
		{"item":"titanium","amount":3}
		{"item":"phase-fabric","amount":1}]}
	"liquids": 
	[{"liquid": "cryofluid", "amount": 0.6 }]
	},
"requirements": [
	{ "item": "lead", "amount": 320 },
	{ "item": "copper", "amount": 440 },
	{ "amount": 320, "item": "plastanium" }
	{ "amount": 250, "item": "1集成电路" }
	{ "amount": 220, "item": "1绝缘钢" }
	],
	"category": "crafting",
	"buildCostMultiplier":0.8
	"research": {
	"parent":"BAAsGT1J电路装配厂"
	"objectives": [
            {
				"type": "OnSector",
				"preset": "裂谷前哨"
			}
	]
	}
}