{
	"type": "GenericCrafter",
	"name": "专业钢化玻璃窑炉",
	"health": 1040,
	"description": "专业加工钢化玻璃，有更大产量同时需要更大的供应量以支持其正常生产\n\n[blue][超限技术中级工厂]",
	"outputItem": { "item": "metaglass", "amount": 5 },
	"alwaysUnlocked": false,
	"size": 3,
	"hasPower": true,
	"hasLiquids": false,
	"hasItems": true,
	"craftTime": 30,
	"itemCapacity": 50,
	"craftEffect": "smoke",
	"drawer":{
        "type":"DrawMulti",
        "drawers":[
            "DrawDefault",
			"DrawFlame"
            ]
    },
	"consumes": {
	"power": 3,
    "items": {	 "items": [
    { "item": "lead", "amount": 4}
    { "item": "sand", "amount": 6}
 	]
  } },
"requirements": [
	{ "item": "lead", "amount": 180 },
	{ "item": "copper", "amount": 220 },
	{ "item": "graphite", "amount": 120}
	{ "amount": 90, "item": "plastanium" }
	{ "amount": 50, "item": "0铜铅合金" }
	{ "amount": 40, "item": "1集成电路" }
	],
	"category": "crafting",
	"research": {
	"parent":"BAAsGT1J电路装配厂"
	"objectives": [
            {
				"type": "SectorComplete",
				"preset": "冰冷山区"
			}
	]
	}
	"researchCostMultiplier": 0.5
	"buildCostMultiplier":0.7
}