{
    "type": "Drill",
    "name": "水晶钻头",
    "description": "不要去想它！！！",
    "details": "“他终于变成黄灯了！”一个4万岁的老头是这么说的",
    "size": 2,
    "health": 350,
    "itemCapacity": 530000,
    "liquidCapacity": 30,
    "mineSpeed":12,
    "tier": 4,
    "drillTime": 200,
    "rotateSpeed": 20,
    "drawMineltem": true,
    "liquidBoostIntensity": 2,
    "consumes": {
        "liquid": {
            "liquid": "液态水晶",
            "amount": 0.2,
            "optional": true,
            "booster": true
        }
    },
    "requirements": [
        "copper/80",
        "titanium/10",
        "silicon/30",
        "水晶矩阵/10"
    ],
    "category": "production",
    "research": "水晶核心"
}