{
	"type": "groundUnit",//groundUnit,flyingUint,HoverUnit，三种单位类型，后两种默认为飞行单位，第三种为特殊的亡魂AI
	"name": "[blue]终结者",//名字
	"description": "终极地面单位，可以秒杀任何防线",//描述
	"speed": 0.05,//速度
	"flying": false,//可飞行
	"health": 56000,//生命//引擎偏移，一般不用写
    "hitsizeTile": 6,
    "hitsize": 6,
	"rotateWeapon": true,
   "baseRotateSpeed": 0.01,
   "mass": 10,
	"weaponOffsetX": 6, //武器贴图偏移，X/y轴
	 "weapon": {
        "shots": 2,
        "reload": 45,
       	"length": 1.5,
       "alternate": true,
	"bullet": {
	 "type":"MissileBulletType",
	 "lifetime": 100,
	 "bulletWidth": 15,
	"bulletHeight": 48,
	"speed": 2,
      "damage": 280,
      "fragBullets": 5,
       "fragBullet": "arc"
}
}
}
