{
	"type": "groundUnit",//groundUnit,flyingUint,HoverUnit，三种单位类型，后两种默认为飞行单位，第三种为特殊的亡魂AI
	"name": "钻石尖刀机甲",//名字
	"description": "用钻石制造出来的尖刀机甲，性能比普通尖刀好上几倍",//描述
	"speed": 0.1,//速度
	"flying": false,//可飞行
	"health": 500,//生命//引擎偏移，一般不用写
	"range": 200,//射程
	"weaponOffsetX": 0 //武器贴图偏移，X/y轴
	"weapon": {
			"name":"尖刀机甲炮",
		"reload": 50,
		"shots": 1,
	"alternate": true,
     "shotDelay": 5,
     "recoil": 3,
     "inaccuracy": 0,
	    "bullet": {
	    "type":"MissileBulletType",
	    "length": 15,
	    "speed": 2,
        "width": 27,
		"shootSound":"laser",
		"lifetime": 150,
		"damage": 40,
		}
	}
}
