{
  "name": "钢质钻头",
  "description":"进阶钻头，主要用于开采铝土，通入水可提升速度",
  "type": "Drill",
  "size": 3,
  "health": 1200,
  "tier": 4,
  "drillTime": 220,
  "liquidBoostIntensity": 1.6,
  "canOverdrive": true,
  "drawRim": false,
  "drillEffect": "none",
  "updateEffect": "mineSmall",
  "rotateSpeed": 5,
  "drawMineItem": true,
  "consumes": {
    "power": 2,
    "liquid": {
      "liquid": "water",
      "amount": 0.1,
      "booster": true,
      "optional": true
    }
  },
  "itemCapacity": 30,
  "liquidCapacity": 10,
  "requirements": [
    "钢/80",
    "silicon/40",
    "锰/40"
  ],
  "category": "production",
  "research": "铁质钻头",
  "researchCostMultiplier":0.1
}
