{
  "name": "铁质钻头",
  "description":"基础钻头，开采低级矿物。可用水加速。",
  "type": "Drill",
  "size": 2,
  "health": 880,
  "tier": 3,
  "drillTime": 320,
  "liquidBoostIntensity": 1.414,
  "canOverdrive": true,
  "drawRim": false,
  "drillEffect": "none",
  "updateEffect": "mineSmall",
  "rotateSpeed": 3,
  "drawMineItem": true,
  "consumes": {
    "liquid": {
      "liquid": "water",
      "amount": 0.03,
      "booster": true,
      "optional": true
    }
  },
  "itemCapacity": 20,
  "liquidCapacity": 5,
  "requirements": [
    "铁/20"
  ],
  "category": "production",
  "research": "初阶核心",
  "researchCostMultiplier":0.1
}
