{
  "type":"OverdriveProjector",
  "name":"AI计算处理器",
  "description":"加速周边环境",
  "reload":500,
  "phaseRangeBoost":20,
  "range":50,
  "speedBoost":1.2,
  "speedBoostPhase":0.5,
  "useTime":180,
  "health":1000,
  "liquidCapacity":5,
  "itemCapacity":5,
  "size":1,
  "hasPower":true,
  "hasLiquids":true,
  "hasItems":true,
  "consumes":{
    "power":1.5,
    "items":{
      "items":[
      {"item":"silicon","amount":1}
      ]
      "booster":true,
      "optional":true,
    }
    "liquid":{
      "liquid":"water",
      "amount":0.05,
      "booster":true,
      "optional":true,
    },
  }
  "requirements":[
  silicon/40
  graphite/50
  titanium/10
  ],
  "category":"effect",
  "research":"overdrive-projector",
}