{
  "name":"奇点压缩机",
  "description":"极具危险性，极具破坏性“其实...我想问，巨浪合金是怎么能压成黑洞的？”",
  "health":5000,
  "liquidCapacity":50,
  "itemCapacity":150,
  "size":5,
  "hasPower":true,
  "hasLiquids":true,
  "hasItems":true,
  "craftTime":300,
  "consumes":{
    "power":50,
    "items":{
      "items":[
      {"item":"surge-alloy","amount":100}
      {"item":"高能反应物质","amount":10}
      ],
    }
    "liquid":{
      "liquid":"高能反应融液",
      "amount":0.11,
    },
  }
  "requirements":[
  {"item":"高级电路板","amount":200}
  {"item":"低级电路板","amount":500}
  {"item":"高能反应物质","amount":100}
  ],
  "category":"crafting",
  "research":"alloy-smelter",
  "flameColor":ffffff,
  "baseExplosiveness":10000,
}