{
  "type":"Separator",
  "name":"孢子过滤器",
  "description":"在孢子溶液中分离孢子",
  "health":500,
  "liquidCapacity":10,
  "itemCapacity":15,
  "size":2,
  "hasPower":true,
  "hasLiquids":true,
  "hasItems":true,
  "craftTime":30,
  "results":[
  {"item":"spore-pod","amount":1}
  {"item":"细小孢子","amount":3}
  ],
  "consumes":{
    "power":1,
    "liquid":{
      "liquid":"孢子溶液",
      "amount":0.1,
    },
  }
  "requirements":[
  {"item":"铁","amount":20}
  {"item":"silicon","amount":10}
  ],
  "category":"crafting",
  "research":"separator",
}