{
"type": "GenericSmelter"
"name":"精炼厂",
"description":"用于精炼铁矿或其他矿物",
"health":1500,
"itemCapacity":30,
"size":3,
"outputItem": {"item": "铁","amount": 1}
"hasPower":true,
"hasItems":true,
"updateEffect":"fire",
"craftTime":90
"consumes": {
  "power": 1.3,
   "items": {
    "items": [
    { "item": "铁矿石", "amount": 2}
    ]
  }
  }
"requirements": [
{ "item": "copper", "amount": 100},
{ "item": "silicon", "amount": 20},
{ "item": "graphite", "amount": 100},
],
"category": "crafting",
"research": "phase-weaver",
"idleSound": "machine",
}