{
  "type":"GenericSmelter",
  "name":"繁殖合金压缩机",
  "description":"一种压缩孢子夹和孢子溶液的机器，可以制作出先进的繁殖合金",
  "health":1000,
  "liquidCapacity":20,
  "itemCapacity":15,
  "size":2,
  "hasPower":true,
  "hasLiquids":true,
  "hasItems":true,
  "craftTime":100,
  "craftEffect":"smeltsmoke",
  "consumes":{
    "power":3,
    "items":{
      "items":[
      {"item":"spore-pod","amount":3}
      ],
    }
    "liquid":{
      "liquid":"孢子溶液",
      "amount":0.21,
    },
  }
  "outputItem":{"item":"繁殖合金","amount":1},
  "requirements":[
  {"item":"铁","amount":20}
  {"item":"低级电路板","amount":10}
  ],
  "category":"crafting",
  "research":"spore-press",
  "flameColor":ffd6f6,
}