{
	"type": "SolarGenerator",
	"name": "强化太阳能",
	"description": "从太阳能中获取能量.",
	"size": 2,
	"health": 240,
	"hasPower": true,
	"powerProduction": 0.6,
	"drawer": {
    "type":"DrawMulti",
	"drawers":[
	"DrawDefault",
	{
	"type":"DrawGlowRegion",
	"color": "5b50b8"
	}
    ]
    },
	"requirements": [
		{ "item": "beryllium", "amount": 30 },
		{ "item": "silicon", "amount": 45 },
		{ "item": "graphite", "amount": 25 }
	],
	"category": "power",
	"research": "core-bastion"
}
