{
	"type": "GenericCrafter",
	"name": "黑体三角离心机",
	"description": "将多种材料混合在一起,在长时间高速离心下分离出黑体三角.",
	"outputItems": [
	{"item": "黑体三角", "amount": 1 },
	{"item": "coal", "amount": 12 },
	{"item": "scrap", "amount": 18 }
	],
	"size": 3,
	"health": 600,
	"hasItems": true,
	"craftTime": 300,
	"spinnerSpeed": 8,
	"liquidCapacity": 100,
	"itemCapacity": 100,
	"drawer": {
    "type":"DrawMulti",
	"drawers":[
    {
	"type":"DrawRegion",
	"suffix":"-bottom",
	},
	{
	"type": "DrawCultivator",
    "plantColor": "303030",
    "plantColorLight": "3c3c3c",
    "bottomColor": "474747",
    "strokMin": 0.8,
    "spread": 8,
    },
    {
	"type": "DrawRegion",
	"suffix":"-rotator",
	"spinSprite": true,
	"rotateSpeed": 4,
	},
	{
	"type": "DrawRegion",
	"suffix":"-spinner",
	"spinSprite": true,
	"rotateSpeed": 7,
	},
	"DrawDefault",
    ]
    },
	"consumes": {
	"power": 10,
	"items":{
			"items": [
			    { "item": "graphite", "amount": 30 },
			    { "item": "相位硅晶", "amount": 12 },
				]
			},
	"liquid": {
			"liquid": "oil", "amount": 0.8
			 }
			 },
	"requirements": [
	    { "item": "thorium", "amount": 80 },
	    { "item": "graphite", "amount": 110 },
		{ "item": "silicon", "amount": 130 },
		{ "item": "plastanium", "amount": 70 },
		{ "item": "surge-alloy", "amount": 90 }
	],
	"category": "crafting",
	"research": "辉芒晶板制造机",
	"idleSound": "respawning",
	"idleSoundVolume": 0.5
}