{
	"type": "SolarGenerator",
	"name": "黑体太阳能板",
	"description": "使用黑体三角加持的特殊太阳能.",
	"size": 3,
	"health": 600,
	"hasPower": true,
	"powerProduction": 18,
	"drawer": {
	"type":"DrawMulti",
	"drawers":[
	"DrawDefault",
	"DrawFade"
	]
	},
	"requirements": [
		{ "item": "graphite", "amount": 200 },
		{ "item": "silicon", "amount" : 220 },
		{ "item": "metaglass", "amount": 180 },
		{ "item": "surge-alloy", "amount": 90 },
		{ "item": "相位硅晶", "amount": 55 },
		{ "item": "黑体三角", "amount": 25 }
	],
	"category": "power",
	"research": "辉芒太阳能-阿尔法"
}
