{
  "name":"前沿材料压缩器",
  "type":"GenericCrafter",
  "description":"一对对地制造材料压缩包，据说那是用于在工程需要时缩短时间与节省材料的好做法。\n“冒昧的问一句，埃通尔博士，这逼玩意...真有用吗？”",
  "details":"[yellow]哦...不就是预制菜吗...",
  "health":2560,//160
  "armor":20,
  "size":4,
  "itemCapacity":100,
  "hasItems":true,
  "hasLiquids":false,
  "hasPower":true,
  "craftTime":240,
  "updateEffect":"smeltsmoke",
  "consumes": {
      "power":120,
      "items":[
        "lead/40","metaglass/20",
        "graphite/30","titanium/20",
        "thorium/40","phase-fabric/40",
        "钨/40","铀/40",
        "镭/40","硅晶/20",
        "石墨烯/80","纳米簇/40",
        "钍铅钢/30"
      ],
  },
  "outputItem":"压缩包/2",
  "requirements":[
    "lead/600","silicon/400",
    "phase-fabric/250","钨/450",
    "镭/250","石墨烯/400",
    "硅晶/400","纳米簇/275",
    "钍铅钢/650"
    ],
    "category":"crafting",
    "research":"电弧合金炉",
    "idleSound":"respawning",
    "idleSoundVolume":2,
    "buildCostMultiplier":1.6
}