{
  "type":"GenericCrafter",
  "name":"塑钢集成厂",
  "health":1350,//150
  "armor":12,//懂
  "size":3,
  "description":"集成设计！令工厂体积不断缩小，以适应前线炮火纷飞的恶劣环境。\n需要一些铅作为辅料。",
  "itemCapacity":80,
  "liquidCapacity":180,
  "hasItems":true,
  "hasLiquids":true,
  "hasPower":true,
  "craftTime":12,
  "updateEffect":"smeltsmoke",
  "drawer": {
      "type":"DrawMulti",
          "drawers":[
              "DrawDefault",
              {
              "type":"DrawFalme",
              "flameRadius":0,
				"flameRadiusIn":0,
				"flameRadiusMag":0,
				"flameRadiusInMag":0,
				"flameColor": "FFD197"
			  }
          ]
  },
  "consumes": {
      "power":38.5,
      "items":[
          "titanium/5","lead/1"
      ],
      "liquid":"oil/0.5"
  },
  "outputItem":"plastanium/4"
  "requirements":[
    "titanium/250","silicon/130",
    "metaglass/150","plastanium/40",
    "钨/120"
  ],
  "category":"crafting",
  "research":"电弧提碳装置",
  "idleSound":"respawning",
  "idleSoundVolume":0.8,
  "buildCostMultiplier":0.8
}