{
  "name":"提铀器",//懂
  "type":"GenericCrafter",//类型，工厂
  "health":640,//每格160
  "armor":16,//懂
  "size":2,
  "description":"从废料中提纯少量的铀。这种提纯方式可能被作为应急措施，但大量需求铀资源时这不会被选择。",//描述
  "itemCapacity":20,//物品容量
  "liquidCapacity":60,
  "powerCapacity":80,//功率容量，尚不会玩
  "hasItems":true,//有物品？
  "hasLiquids":true//有流体？
  "hasPower":true,//用电？
  "craftTime":30,//工作需时，帧
  "updateEffect":"smeltsmoke",//更新效果，尚不会玩
  "drawer": {//这边是特效
      "type":"DrawMulti",//特效类型
          "drawers":[
              "DrawDefault",//默认特效
              {
              "type":"DrawFalme",//火焰特效
              "flameRadius":0,
				"flameRadiusIn":0,
				"flameRadiusMag":0,
				"flameRadiusInMag":0,
				"flameColor": "FFD197"
			  }
          ]
  },
  "consumes": {//消耗
      "power":5,//仍算60倍
      "items":[
          "scrap/8",
      ],
      "liquid":"slag/0.3",
  },
  "outputItem":"铀/1",
  "requirements":[//懂
    "lead/200",
    "titanium/80","silicon/200",
    "thorium/50"
    ],
    "category":"crafting",//类型:制作
    "research":"玻璃高炉",//研究,铜
    "idleSound":"respawning",//待机声
    "idleSoundVolume":0.8,//待机音量
    "buildCostMultiplier":0.5
}