{
  "name":"玻璃高炉",//懂
  "type":"GenericCrafter",//类型，工厂
  "health":1350,//每格150
  "armor":16,//懂
  "size":3,
  "description":"批量熔铸钢化玻璃。",//描述
  "itemCapacity":150,//物品容量
  "powerCapacity":80,//功率容量，尚不会玩
  "hasItems":true,//有物品？
  "hasLiquids":false//有流体？
  "hasPower":true,//用电？
  "craftTime":60,//工作需时，帧
  "updateEffect":"smeltsmoke",//更新效果，尚不会玩
  "drawer": {//这边是特效
      "type":"DrawMulti",//特效类型
          "drawers":[
              "DrawDefault",//默认特效
              {
              "type":"DrawFalme",//火焰特效
              "flameRadius":8,
				"flameRadiusIn":4,
				"flameRadiusMag":4,
				"flameRadiusInMag":4,
				"flameColor": "FFD197"
			  }
          ]
  },
  "consumes": {//消耗
      "power":10,//仍算60倍
      "items":[
          "sand/10",
          "lead/10"
      ],
  },
  "outputItem":"metaglass/20"//出料
  "requirements":[//懂
    "titanium/200","metaglass/100",
    "silicon/200","thorium/150"
    ],
    "category":"crafting",//类型:制作
    "research":"电弧冶硅撸",//研究,铜
    "idleSound":"respawning",//待机声
    "idleSoundVolume":0.8,//待机音量
    "buildCostMultiplier":0.5
}