{
  "name":"电弧提碳装置",//懂
  "type":"GenericCrafter",//类型，工厂
  "health":1440,//每格160
  "armor":10,//懂
  "size":3,
  "description":"妈妈再也不用担心我石墨不足了。",//描述
  "itemCapacity":80,//物品容量
  "liquidCapacity":120,
  "powerCapacity":80,//功率容量，尚不会玩
  "hasItems":true,//有物品？
  "hasLiquids":true//有流体？
  "hasPower":true,//用电？
  "craftTime":30,//工作需时，帧
  "updateEffect":"smeltsmoke",//更新效果，尚不会玩
  "drawer": {//这边是特效
      "type":"DrawMulti",//特效类型
          "drawers":[
              "DrawDefault",//默认特效
              {
              "type":"DrawFalme",//火焰特效
              "flameRadius":0,
				"flameRadiusIn":0,
				"flameRadiusMag":0,
				"flameRadiusInMag":0,
				"flameColor": "FFD197"
			  }
          ]
  },
  "consumes": {//消耗
      "power":25,//仍算60倍
      "items":[
          "coal/20",
      ],
      "liquid":"water/0.5",
  },
  "outputItem":"graphite/20"//出料
  "requirements":[//懂
    "lead/150","metaglass/175",
    "titanium/375","silicon/150",
    "thorium/250"
    ],
    "category":"crafting",//类型:制作
    "research":"电弧冶硅撸",//研究,铜
    "idleSound":"respawning",//待机声
    "idleSoundVolume":0.8,//待机音量
    "buildCostMultiplier":0.5
}