{
  "type":"GenericCrafter",
  "name":"石墨烯工厂",
  "health":1350,//150
  "armor":10,//懂
  "size":3,
  "description":"生产石墨烯。",//描述
  "itemCapacity":40,//物品容量
  "hasItems":true,
  "hasLiquids":false,
  "hasPower":true,
  "craftTime":15,
  "updateEffect":"smeltsmoke",
  "drawer": {
      "type":"DrawMulti",
          "drawers":[
              "DrawDefault",
              {
              "type":"DrawFalme",
              "flameRadius":0,
				"flameRadiusIn":0,
				"flameRadiusMag":0,
				"flameRadiusInMag":0,
				"flameColor": "FFD197"
			  }
          ]
  },
  "consumes": {
      "power":18,
      "items":[
          "lead/5","graphite/8"
      ],
  },
  "outputItem":"石墨烯/8"//出料
  "requirements":[
    "titanium/400","silicon/350",
    "plastanium/280","钨/220"
    ],
    "category":"crafting",
    "research":"锻钨炉",
    "idleSound":"respawning",
    "idleSoundVolume":1.5,
    "buildCostMultiplier":0.7
}