{
  "type":"GenericCrafter",
  "name":"石墨烯车间",
  "health":320,//80
  "armor":3,
  "size":2,
  "description":"生产石墨烯。",
  "itemCapacity":20,
  "hasItems":true,
  "hasLiquids":false,
  "hasPower":true,
  "craftTime":30,
  "updateEffect":"smeltsmoke",
  "drawer": {
      "type":"DrawMulti",
          "drawers":[
              "DrawDefault",
              {
              "type":"DrawFalme",
              "flameRadius":2,
				"flameRadiusIn":3,
				"flameRadiusMag":3,
				"flameRadiusInMag":4,
				"flameColor": "FFD197"
			  }
          ]
  },
  "consumes": {
      "power":14,
      "items":[
          "lead/2","graphite/2"
      ],
  },
  "outputItem":"石墨烯/2"
  "requirements":[
    "lead/120","titanium/150",
    "silicon/75",
    ],
    "category":"crafting",
    "research":"kiln",
    "idleSound":"respawning",
    "idleSoundVolume":0.7,
    "buildCostMultiplier":0.8,
    "researchCostMultiplier":0.5
}