{
  "name":"碳水合成器",//懂
  "type":"GenericCrafter",//类型，工厂
  "health":600,//每格150
  "armor":16,//懂
  "size":2,
  "description":"用碳，氢，氧合成糖原。",//描述
  "details":"别和像素讲科学。"
  "itemCapacity":50,//物品容量
  "liquidCapacity":60,
  "powerCapacity":80,//功率容量，尚不会玩
  "hasItems":true,//有物品？
  "hasLiquids":true//有流体？
  "hasPower":true,//用电？
  "craftTime":30,//工作需时，帧
  "updateEffect":"smeltsmoke",//更新效果，尚不会玩
  "drawer": {//这边是特效
      "type":"DrawMulti",//特效类型
          "drawers":[
              "DrawDefault",//默认特效
              {
              "type":"DrawFalme",//火焰特效
              "flameRadius":8,
				"flameRadiusIn":4,
				"flameRadiusMag":4,
				"flameRadiusInMag":4,
				"flameColor": "FFD197"
			  }
          ]
  },
  "consumes": {//消耗
      "power":2,//仍算60倍
      "items":[
          "coal/2"
      ],
      "liquid":"water/0.2",
  },
  "outputItem":"碳水化合物/2"//出料
  "requirements":[//懂
    "lead/80","titanium/80",
    "metaglass/50",
    "silicon/40"
    ],
    "category":"crafting",//类型:制作
    "research":"电弧提碳装置",//研究,铜
    "idleSound":"respawning",//待机声
    "idleSoundVolume":0.8,//待机音量
    "buildCostMultiplier":0.8
}