{
  "name":"镭合成器",//懂
  "type":"GenericCrafter",//类型，工厂
  "health":720,//每格180
  "armor":12,//懂
  "size":2,
  "description":"以极低的效率和成本合成镭。",//描述
  "itemCapacity":20,//物品容量
  "powerCapacity":80,//功率容量，尚不会玩
  "hasItems":true,//有物品？
  "hasLiquids":false//有流体？
  "hasPower":true,//用电？
  "craftTime":60,//工作需时，帧
  "updateEffect":"smeltsmoke",//更新效果，尚不会玩
  "drawer": {//这边是特效
      "type":"DrawMulti",//特效类型
          "drawers":[
              "DrawDefault",//默认特效
              {
              "type":"DrawFalme",//火焰特效
              "flameRadius":0,
				"flameRadiusIn":0,
				"flameRadiusMag":0,
				"flameRadiusInMag":0,
				"flameColor": "FFD197"
			  }
          ]
  },
  "consumes": {//消耗
      "power":30,//仍算60倍
      "items":[
          "thorium/2",
          "silicon/2"
      ],
  },
  "outputItem":"镭/2"//出料
  "requirements":[//懂
    "lead/150",
    "titanium/150","silicon/350",
    "thorium/200",
    "钨/250","钍铅钢/250"
    ],
    "category":"crafting",//类型:制作
    "research":"锻钨炉",//研究,铜
    "idleSound":"respawning",//待机声
    "idleSoundVolume":0.8,//待机音量
    "buildCostMultiplier":0.75
}