{
  "name":"高能编织装置Pro"
  "type":"GenericCrafter",
  "health":3360,//210
  "armor":35,
  "size":4,
  "description":"在高能编织装置的基础上，投入大量资金进行升级研发。改进结构与材料，工作效率大幅提高。拥有较高的性价比。",
  "itemCapacity":500,
  "liquidCapacity":300,
  "hasItems":true,
  "hasLiquids":true
  "hasPower":true,
  "craftTime":30,
  "updateEffect":"smeltsmoke",
  "drawer": {
      "type":"DrawMulti",
          "drawers":[
              "DrawDefault",
              {
              "type":"DrawFalme",
              "flameRadius":1,
				"flameRadiusIn":0,
				"flameRadiusMag":0,
				"flameRadiusInMag":0,
				"flameColor": "FFD197"
			  }
          ]
  },
  "consumes": {
      "power":475,
      "items":[
          "thorium/40",
          "sand/160"
      ],
      "liquid":"water/1",
  },
  "outputItem":"phase-fabric/40"
  "requirements":[
    "lead/2500","titanium/1500",
    "silicon/1600","thorium/1200",
    "surge-alloy/800","phase-fabric/800"
    ],
    "category":"crafting",
    "research":"高能编制装置",
    "idleSound":"respawning",
    "idleSoundVolume":0.8,
    "buildCostMultiplier":0.4
}