{
	"type": "GenericCrafter",
	"name": "氧采集器",
	"description": "它会自动收集空气中的氧原子，并将它们装进特制的容器中",
	"itemCapacity": 15,
	"size": 1,
	"health":40,
	"hasItems": true,
	"craftTime": 360,
	"craftEffect": "pulverizeMedium",
	"buildCostMultiplier":0.75
	"outputItem": {"item": "氧", "amount": 1},
	"requirements": [
		{ "item":"金属","amount":30 },
		{ "item": "精炼硅", "amount":30 },
		{ "item": "稀土", "amount": 15 }
	],
	"category": "production",
"research":"A2-1",
}
