{
	"name": "科研实验室III",
	"description": "科研实验室中有基础的研究设施，可以进行一般性研究",
	"health": 600,
	"size": 2,
	"hasPower": true,
	"hasItems": true,
	"buildCostMultiplier":0.75
	"requirements": [
 	{ "item": "金属", "amount": 120 },
 	{ "item": "B76钢", "amount":80 },
		{ "item": "精炼硅", "amount": 150 }
 	{ "item": "计算芯片", "amount":150 },
		{ "item": "晶体", "amount": 100 }
	],
	"category": "crafting",
"research":"A4-12",
"buildVisibility":"campaignOnly"
}