{
	"name":"强化气压泵",
	"type":"Pump",/*类型，目前本人就会这一个*/
	"health":230,//血量
	"size":2,/*最高16，不然会崩*/
	//"hasPower": true,/*是否需要电*/
	"hasLiquids": true,/*是否需要液体*/
//	"hasItems": false,/*是否需要物品*/
	"craftTime":80,
	//"heatRequirement":20,
	"consumes": {
	//	"power":1/*游戏里会乘60*/
	"liquid": {
			"liquid": "蒸汽",
			"amount": 0.050/*需要的液体，游戏里会乘60*/
		},
	},
	"pumpAmount": 0.5,
  	"liquidCapacity": 40,
	"requirements": [
		{ "item": "graphite", "amount": 30},
		{ "item": "silicon", "amount": 30 },
		{ "item": "oxide", "amount": 15 }/*建造所用物品*///和研究花费
	],
	"category": "liquid",
	"research": "reinforced-pump"/*前置研究*/
}