{
  "type": "PowerTurret",
  "size": 5,
  "health": 4360,
  "range": 600,
  "reload": 200,
  "targetAir": true,
  "targetGround": true,
  "shootCone": 60,
  "recoilAmount": 4,
  "restitution": 0.08,
  "rotateSpeed": 6,
  "shootShake": 2,
  "shoot": {
    "firstShotDelay": 100
  },
  "moveWhileCharging": false,
  "shootSound": "laser",
  "chargeSound": "lasercharge2",
  "consumes": {
    "power": 28
  },
  "hasPower": true,
  "shootType": {
    "type": "EmpBulletType",
    "sprite": "exogenesis-energy-partical",
    "chargeEffect": {
      "type": "WaveEffect",
      "lifetime": 90,
      "sizeFrom": 50,
      "sizeTo": 0,
      "strokeFrom": 0,
      "strokeTo": 5,
      "colorFrom": "84F491FF",
      "colorTo": "84F491FF"
    },
    "chargeBeginEffect": {
      "type": "ParticleEffect",
      "particles": 1,
      "region": "exogenesis-energy-partical-back",
      "sizeFrom": 0,
      "sizeTo": 17,
      "interp": "swingOut",
      "length": 0,
      "lifetime": 100,
      "colorFrom": "84F491FF",
      "colorTo": "84F491FF"
    },
    "damage": 150,
    "splashDamage": 500,
    "splashDamageRadius": 80,
    "hitShake": 10,
    "height": 70,
    "width": 70,
    "speed": 5,
    "lifetime": 90,
    "homingPower": 0.00769,
    "homingRange": 128,
    "trailColor": "84F491FF",
    "trailParam": 5,
    "trailLength": 19,
    "trailWidth": 6.5,
    "radius": 80,
    "timeIncrease": 2.5,
    "powerDamageScl": 5.5,
    "powerSclDecrease": 0.55,
    "unitDamageScl": 0.6,
    "shrinkX": 0,
    "shrinkY": 0,
    "spin": 6,
    "hitEffect": {
      "type": "multiEffect",
      "effects": [
        {
          "type": "WaveEffect",
          "lifetime": 30,
          "sizeFrom": 40,
          "sizeTo": 90,
          "strokeFrom": 4,
          "strokeTo": 0,
          "lightColor": "84F491FF",
          "colorFrom": "84F491FF",
          "colorTo": "84F491FF"
        },
        {
          "type": "ParticleEffect",
          "line": true,
          "particles": 15,
          "baseLength": 40,
          "lifetime": 30,
          "offset": 60,
          "interp": "circleOut",
          "length": 90,
          "cone": -360,
          "strokeTo": 1.5,
          "strokeFrom": 1.5,
          "sizeFrom": 12,
          "sizeTo": 3,
          "lightColor": "84F491FF",
          "colorFrom": "84F491FF",
          "colorTo": "84F491FF"
        },
        {
          "type": "ParticleEffect",
          "lightOpacity": 0,
          "particles": 20,
          "length": 70,
          "lifetime": 90,
          "interp": "circleOut",
          "sizeInterp": "pow5In",
          "sizeFrom": 12,
          "sizeTo": 0,
          "colorFrom": "84F491FF",
          "colorTo": "84F49190"
        },
        {
          "type": "ParticleEffect",
          "lightOpacity": 0,
          "particles": 20,
          "length": 60,
          "lifetime": 75,
          "interp": "circleOut",
          "sizeInterp": "pow5In",
          "sizeFrom": 8,
          "sizeTo": 0,
          "colorFrom": "84F491FF",
          "colorTo": "84F49190"
        },
        {
          "type": "ParticleEffect",
          "lightOpacity": 0,
          "particles": 25,
          "length": 50,
          "lifetime": 60,
          "interp": "circleOut",
          "sizeInterp": "pow5In",
          "sizeFrom": 4.5,
          "sizeTo": 0,
          "colorFrom": "84F491FF",
          "colorTo": "84F49190"
        }
      ]
    },
    "despawnEffect": "none",
    "shootEffect": "greenBomb",
    "frontColor": "FFFFFFF",
    "backColor": "84F491FF",
    "fragBullets": 6,
    "fragBullet": {
      "type": "basicBulletType",
      "sprite": "exogenesis-energy-partical",
      "status": "electrified",
      "trailColor": "84F491FF",
      "trailParam": 5,
      "trailLength": 10,
      "trailWidth": 3.5,
      "homingPower": 0.06,
      "homingRange": 660,
      "weaveMag": 5,
      "weaveScale": 3,
      "height": 25,
      "width": 25,
      "shrinkX": 0,
      "shrinkY": 0,
      "spin": 5,
      "lifetime": 50,
      "speed": 4.5,
      "damage": 60,
      "splashDamage": 80,
      "splashDamageRadius": 45,
      "hitEffect": "hitMeltHeal",
      "despawnEffect": "hitMeltHeal",
      "frontColor": "FFFFFFF",
      "backColor": "84F491FF"
    }
  },
  "requirements": [
    "plastanium/500",
    "genvunite/800",
    "silicon/1000",
    "titanium/600",
    "lead/800"
  ],
  "category": "turret",
  "research": "1-indurance"
}
