{
  "type": "itemTurret",
  "health": 8660,
  "reload": 10,
  "ammoUseEffect": "casing3",
  "ammoEjectBack": 2,
  "range": 320,
  "inaccuracy": 3,
  "recoilAmount": 5,
  "coolantMultiplier": 10,
  "consumes": {
    "coolant": {
      "amount": 0.2
    }
  },
  "alternate": true,
  "shootShake": 4,
  "shoot": {
    "type": "ShootAlternate",
    "barrels": 2,
    "spread": 24,
    "shots": 1
  },
  "size": 8,
  "shootCone": 24,
  "shootSound": "shootBig",
  "ammoTypes": {
    "thorium": {
      "sprite": "exogenesis-gauss-bullet",
      "speed": 8,
      "height": 42,
      "width": 25,
      "ammoMultiplier": 4,
      "pierce": true,
      "lifetime": 55,
      "rangeChange": 120,
      "damage": 550,
      "knockback": 15,
      "trailColor": "CB8EBFFF",
      "trailLength": 10,
      "trailWidth": 4.5,
      "frontColor": "F9A3C7FF",
      "backColor": "CB8EBFFF",
      "shootEffect": {
        "type": "multiEffect",
        "effects": [
          {
            "type": "ParticleEffect",
            "particles": 1,
            "length": 0,
            "lifetime": 15,
            "interp": "swingIn",
            "region": "exogenesis-spikething",
            "offsetX": 8,
            "sizeFrom": 25,
            "sizeTo": 1,
            "colorFrom": "F9A3C7FF",
            "colorTo": "CB8EBFFF"
          },
          {
            "type": "ParticleEffect",
            "line": true,
            "particles": 10,
            "lifetime": 30,
            "offset": 60,
            "interp": "circleOut",
            "length": 120,
            "cone": -360,
            "strokeTo": 0,
            "strokeFrom": 2.5,
            "sizeFrom": 20,
            "sizeTo": 20,
            "lightColor": "F9A3C7FF",
            "colorFrom": "F9A3C7FF",
            "colorTo": "CB8EBFFF"
          }
        ]
      },
      "hitEffect": {
        "type": "multiEffect",
        "effects": [
          {
            "type": "WaveEffect",
            "lifetime": 25,
            "sizeFrom": 0,
            "sizeTo": 55,
            "strokeFrom": 3,
            "strokeTo": 0,
            "lightColor": "F9A3C7FF",
            "colorFrom": "F9A3C7FF",
            "colorTo": "CB8EBFFF"
          },
          {
            "type": "ParticleEffect",
            "lightOpacity": 0,
            "particles": 25,
            "length": 50,
            "lifetime": 50,
            "interp": "circleOut",
            "sizeInterp": "pow5In",
            "sizeFrom": 6,
            "sizeTo": 0,
            "colorFrom": "787878",
            "colorTo": "787878d8"
          },
          {
            "type": "ParticleEffect",
            "lightOpacity": 0,
            "particles": 20,
            "length": 40,
            "lifetime": 40,
            "interp": "circleOut",
            "sizeInterp": "pow5In",
            "sizeFrom": 4,
            "sizeTo": 0,
            "colorFrom": "787878",
            "colorTo": "787878d8"
          },
          {
            "type": "ParticleEffect",
            "lightOpacity": 0,
            "particles": 20,
            "length": 30,
            "lifetime": 30,
            "interp": "circleOut",
            "sizeInterp": "pow5In",
            "sizeFrom": 2.5,
            "sizeTo": 0,
            "colorFrom": "787878",
            "colorTo": "787878d8"
          }
        ]
      },
      "despawnEffect": {
        "type": "multiEffect",
        "effects": [
          {
            "type": "WaveEffect",
            "lifetime": 25,
            "sizeFrom": 0,
            "sizeTo": 55,
            "strokeFrom": 3,
            "strokeTo": 0,
            "lightColor": "F9A3C7FF",
            "colorFrom": "F9A3C7FF",
            "colorTo": "CB8EBFFF"
          },
          {
            "type": "ParticleEffect",
            "lightOpacity": 0,
            "particles": 25,
            "length": 50,
            "lifetime": 50,
            "interp": "circleOut",
            "sizeInterp": "pow5In",
            "sizeFrom": 6,
            "sizeTo": 0,
            "colorFrom": "787878",
            "colorTo": "787878d8"
          },
          {
            "type": "ParticleEffect",
            "lightOpacity": 0,
            "particles": 20,
            "length": 40,
            "lifetime": 40,
            "interp": "circleOut",
            "sizeInterp": "pow5In",
            "sizeFrom": 4,
            "sizeTo": 0,
            "colorFrom": "787878",
            "colorTo": "787878d8"
          },
          {
            "type": "ParticleEffect",
            "lightOpacity": 0,
            "particles": 20,
            "length": 30,
            "lifetime": 30,
            "interp": "circleOut",
            "sizeInterp": "pow5In",
            "sizeFrom": 2.5,
            "sizeTo": 0,
            "colorFrom": "787878",
            "colorTo": "787878d8"
          },
          {
            "type": "ParticleEffect",
            "line": true,
            "particles": 15,
            "lifetime": 30,
            "offset": 60,
            "interp": "circleOut",
            "length": 100,
            "cone": -360,
            "strokeTo": 0,
            "strokeFrom": 3,
            "sizeFrom": 12,
            "sizeTo": 12,
            "lightColor": "F9A3C7FF",
            "colorFrom": "F9A3C7FF",
            "colorTo": "CB8EBFFF"
          },
          {
            "type": "ParticleEffect",
            "line": true,
            "particles": 10,
            "lifetime": 30,
            "offset": 60,
            "interp": "circleOut",
            "length": 120,
            "cone": -40,
            "strokeTo": 0,
            "strokeFrom": 2.5,
            "sizeFrom": 20,
            "sizeTo": 20,
            "lightColor": "F9A3C7FF",
            "colorFrom": "F9A3C7FF",
            "colorTo": "CB8EBFFF"
          }
        ]
      },
      "status": "blasted"
    },
    "metaglass": {
      "sprite": "exogenesis-gauss-bullet",
      "speed": 8,
      "height": 42,
      "width": 25,
      "reloadMultiplier": 1.5,
      "ammoMultiplier": 4,
      "pierce": false,
      "lifetime": 55,
      "damage": 75,
      "rangeChange": 120,
      "trailColor": "C9DDE3Ff",
      "trailLength": 10,
      "trailWidth": 4.5,
      "frontColor": "E2F5FBFf",
      "backColor": "C9DDE3Ff",
      "shootEffect": {
        "type": "multiEffect",
        "effects": [
          {
            "type": "ParticleEffect",
            "particles": 1,
            "length": 0,
            "lifetime": 15,
            "interp": "swingIn",
            "region": "exogenesis-spikething",
            "offsetX": 8,
            "sizeFrom": 25,
            "sizeTo": 1,
            "colorFrom": "E2F5FBFf",
            "colorTo": "C9DDE3Ff"
          },
          {
            "type": "ParticleEffect",
            "line": true,
            "particles": 10,
            "lifetime": 30,
            "offset": 60,
            "interp": "circleOut",
            "length": 120,
            "cone": -360,
            "strokeTo": 0,
            "strokeFrom": 2.5,
            "sizeFrom": 20,
            "sizeTo": 20,
            "lightColor": "E2F5FBFf",
            "colorFrom": "E2F5FBFf",
            "colorTo": "C9DDE3Ff"
          }
        ]
      },
      "hitEffect": {
        "type": "multiEffect",
        "effects": [
          {
            "type": "WaveEffect",
            "lifetime": 25,
            "sizeFrom": 0,
            "sizeTo": 55,
            "strokeFrom": 3,
            "strokeTo": 0,
            "lightColor": "E2F5FBFf",
            "colorFrom": "E2F5FBFf",
            "colorTo": "C9DDE3Ff"
          },
          {
            "type": "ParticleEffect",
            "lightOpacity": 0,
            "particles": 25,
            "length": 50,
            "lifetime": 50,
            "interp": "circleOut",
            "sizeInterp": "pow5In",
            "sizeFrom": 6,
            "sizeTo": 0,
            "colorFrom": "787878",
            "colorTo": "787878d8"
          },
          {
            "type": "ParticleEffect",
            "lightOpacity": 0,
            "particles": 20,
            "length": 40,
            "lifetime": 40,
            "interp": "circleOut",
            "sizeInterp": "pow5In",
            "sizeFrom": 4,
            "sizeTo": 0,
            "colorFrom": "787878",
            "colorTo": "787878d8"
          },
          {
            "type": "ParticleEffect",
            "lightOpacity": 0,
            "particles": 20,
            "length": 30,
            "lifetime": 30,
            "interp": "circleOut",
            "sizeInterp": "pow5In",
            "sizeFrom": 2.5,
            "sizeTo": 0,
            "colorFrom": "787878",
            "colorTo": "787878d8"
          }
        ]
      },
      "despawnEffect": {
        "type": "multiEffect",
        "effects": [
          {
            "type": "WaveEffect",
            "lifetime": 25,
            "sizeFrom": 0,
            "sizeTo": 55,
            "strokeFrom": 3,
            "strokeTo": 0,
            "lightColor": "E2F5FBFf",
            "colorFrom": "E2F5FBFf",
            "colorTo": "C9DDE3Ff"
          },
          {
            "type": "ParticleEffect",
            "lightOpacity": 0,
            "particles": 25,
            "length": 50,
            "lifetime": 50,
            "interp": "circleOut",
            "sizeInterp": "pow5In",
            "sizeFrom": 6,
            "sizeTo": 0,
            "colorFrom": "787878",
            "colorTo": "787878d8"
          },
          {
            "type": "ParticleEffect",
            "lightOpacity": 0,
            "particles": 20,
            "length": 40,
            "lifetime": 40,
            "interp": "circleOut",
            "sizeInterp": "pow5In",
            "sizeFrom": 4,
            "sizeTo": 0,
            "colorFrom": "787878",
            "colorTo": "787878d8"
          },
          {
            "type": "ParticleEffect",
            "lightOpacity": 0,
            "particles": 20,
            "length": 30,
            "lifetime": 30,
            "interp": "circleOut",
            "sizeInterp": "pow5In",
            "sizeFrom": 2.5,
            "sizeTo": 0,
            "colorFrom": "787878",
            "colorTo": "787878d8"
          }
        ]
      },
      "knockback": 5,
      "fragBullets": 30,
      "fragVelocityMin": 6,
      "fragCone": 360,
      "fragLifeMin": 0.3,
      "fragBullet": {
        "type": "BasicBulletType",
        "height": 12,
        "width": 6,
        "lifetime": 30,
        "damage": 50,
        "shrinkY": 1,
        "despawnEffect": "none",
        "frontColor": "E2F5FBFf",
        "backColor": "C9DDE3Ff",
        "pierce": true,
        "pierceBuilding": true
      }
    },
    "surge-alloy": {
      "sprite": "exogenesis-gauss-bullet",
      "status": "exogenesis-surge-charge",
      "statusDuration": "100",
      "speed": 8,
      "height": 42,
      "width": 25,
      "pierce": false,
      "ammoMultiplier": 4,
      "lifetime": 40,
      "damage": 1000,
      "knockback": 20,
      "trailColor": "F3E979FF",
      "trailLength": 10,
      "trailWidth": 4.5,
      "frontColor": "FFFFFFF",
      "backColor": "F3E979FF",
      "shootEffect": {
        "type": "multiEffect",
        "effects": [
          {
            "type": "ParticleEffect",
            "particles": 1,
            "length": 0,
            "lifetime": 15,
            "interp": "swingIn",
            "region": "exogenesis-spikething",
            "offsetX": 8,
            "sizeFrom": 25,
            "sizeTo": 1,
            "colorFrom": "F3E979FF",
            "colorTo": "D99F6BFF"
          },
          {
            "type": "ParticleEffect",
            "line": true,
            "particles": 10,
            "lifetime": 30,
            "offset": 60,
            "interp": "circleOut",
            "length": 120,
            "cone": -360,
            "strokeTo": 0,
            "strokeFrom": 2.5,
            "sizeFrom": 20,
            "sizeTo": 20,
            "lightColor": "F3E979FF",
            "colorFrom": "F3E979FF",
            "colorTo": "D99F6BFF"
          }
        ]
      },
      "hitEffect": {
        "type": "multiEffect",
        "effects": [
          {
            "type": "WaveEffect",
            "lifetime": 25,
            "sizeFrom": 0,
            "sizeTo": 55,
            "strokeFrom": 3,
            "strokeTo": 0,
            "lightColor": "F3E979FF",
            "colorFrom": "F3E979FF",
            "colorTo": "D99F6BFF"
          },
          {
            "type": "ParticleEffect",
            "lightOpacity": 0,
            "particles": 25,
            "length": 50,
            "lifetime": 50,
            "interp": "circleOut",
            "sizeInterp": "pow5In",
            "sizeFrom": 6,
            "sizeTo": 0,
            "colorFrom": "787878",
            "colorTo": "787878d8"
          },
          {
            "type": "ParticleEffect",
            "lightOpacity": 0,
            "particles": 20,
            "length": 40,
            "lifetime": 40,
            "interp": "circleOut",
            "sizeInterp": "pow5In",
            "sizeFrom": 4,
            "sizeTo": 0,
            "colorFrom": "787878",
            "colorTo": "787878d8"
          },
          {
            "type": "ParticleEffect",
            "lightOpacity": 0,
            "particles": 20,
            "length": 30,
            "lifetime": 30,
            "interp": "circleOut",
            "sizeInterp": "pow5In",
            "sizeFrom": 2.5,
            "sizeTo": 0,
            "colorFrom": "787878",
            "colorTo": "787878d8"
          },
          {
            "type": "ParticleEffect",
            "line": true,
            "particles": 15,
            "lifetime": 30,
            "offset": 60,
            "interp": "circleOut",
            "length": 100,
            "cone": -360,
            "strokeTo": 0,
            "strokeFrom": 3,
            "sizeFrom": 12,
            "sizeTo": 12,
            "lightColor": "F3E979FF",
            "colorFrom": "F3E979FF",
            "colorTo": "D99F6BFF"
          },
          {
            "type": "ParticleEffect",
            "line": true,
            "particles": 10,
            "lifetime": 30,
            "offset": 60,
            "interp": "circleOut",
            "length": 120,
            "cone": -40,
            "strokeTo": 0,
            "strokeFrom": 2.5,
            "sizeFrom": 20,
            "sizeTo": 20,
            "lightColor": "F3E979FF",
            "colorFrom": "F3E979FF",
            "colorTo": "D99F6BFF"
          }
        ]
      },
      "despawnEffect": {
        "type": "multiEffect",
        "effects": [
          {
            "type": "WaveEffect",
            "lifetime": 25,
            "sizeFrom": 0,
            "sizeTo": 55,
            "strokeFrom": 3,
            "strokeTo": 0,
            "lightColor": "F3E979FF",
            "colorFrom": "F3E979FF",
            "colorTo": "D99F6BFF"
          },
          {
            "type": "ParticleEffect",
            "lightOpacity": 0,
            "particles": 25,
            "length": 50,
            "lifetime": 50,
            "interp": "circleOut",
            "sizeInterp": "pow5In",
            "sizeFrom": 6,
            "sizeTo": 0,
            "colorFrom": "787878",
            "colorTo": "787878d8"
          },
          {
            "type": "ParticleEffect",
            "lightOpacity": 0,
            "particles": 20,
            "length": 40,
            "lifetime": 40,
            "interp": "circleOut",
            "sizeInterp": "pow5In",
            "sizeFrom": 4,
            "sizeTo": 0,
            "colorFrom": "787878",
            "colorTo": "787878d8"
          },
          {
            "type": "ParticleEffect",
            "lightOpacity": 0,
            "particles": 20,
            "length": 30,
            "lifetime": 30,
            "interp": "circleOut",
            "sizeInterp": "pow5In",
            "sizeFrom": 2.5,
            "sizeTo": 0,
            "colorFrom": "787878",
            "colorTo": "787878d8"
          },
          {
            "type": "ParticleEffect",
            "line": true,
            "particles": 15,
            "lifetime": 30,
            "offset": 60,
            "interp": "circleOut",
            "length": 100,
            "cone": -360,
            "strokeTo": 0,
            "strokeFrom": 3,
            "sizeFrom": 12,
            "sizeTo": 12,
            "lightColor": "F3E979FF",
            "colorFrom": "F3E979FF",
            "colorTo": "D99F6BFF"
          },
          {
            "type": "ParticleEffect",
            "line": true,
            "particles": 10,
            "lifetime": 30,
            "offset": 60,
            "interp": "circleOut",
            "length": 120,
            "cone": -40,
            "strokeTo": 0,
            "strokeFrom": 2.5,
            "sizeFrom": 20,
            "sizeTo": 20,
            "lightColor": "F3E979FF",
            "colorFrom": "F3E979FF",
            "colorTo": "D99F6BFF"
          }
        ]
      },
      "lightning": 7,
      "lightningDamage": 100,
      "lightningCone": 100,
      "lightningLengthRand": 20,
      "lightningLength": 10,
      "lightningColor": "F3E979FF"
    },
    "voltirium-alloy": {
      "sprite": "exogenesis-gauss-bullet",
      "speed": 8,
      "height": 42,
      "width": 25,
      "ammoMultiplier": 4,
      "lifetime": 40,
      "damage": 2700,
      "pierce": false,
      "trailColor": "8894FFFF",
      "trailLength": 10,
      "trailWidth": 4.5,
      "frontColor": "FFFFFFFF",
      "backColor": "8894FFFF",
      "shootEffect": {
        "type": "multiEffect",
        "effects": [
          {
            "type": "ParticleEffect",
            "particles": 1,
            "length": 0,
            "lifetime": 15,
            "interp": "swingIn",
            "region": "exogenesis-spikething",
            "offsetX": 8,
            "sizeFrom": 25,
            "sizeTo": 1,
            "colorFrom": "8894FFFF",
            "colorTo": "7983E2FF"
          },
          {
            "type": "ParticleEffect",
            "line": true,
            "particles": 10,
            "lifetime": 30,
            "offset": 60,
            "interp": "circleOut",
            "length": 120,
            "cone": -360,
            "strokeTo": 0,
            "strokeFrom": 2.5,
            "sizeFrom": 20,
            "sizeTo": 20,
            "lightColor": "8894FFFF",
            "colorFrom": "8894FFFF",
            "colorTo": "7983E2FF"
          }
        ]
      },
      "hitEffect": {
        "type": "multiEffect",
        "effects": [
          {
            "type": "WaveEffect",
            "lifetime": 25,
            "sizeFrom": 0,
            "sizeTo": 55,
            "strokeFrom": 3,
            "strokeTo": 0,
            "lightColor": "8894FFFF",
            "colorFrom": "8894FFFF",
            "colorTo": "7983E2FF"
          },
          {
            "type": "ParticleEffect",
            "lightOpacity": 0,
            "particles": 25,
            "length": 50,
            "lifetime": 50,
            "interp": "circleOut",
            "sizeInterp": "pow5In",
            "sizeFrom": 6,
            "sizeTo": 0,
            "colorFrom": "787878",
            "colorTo": "787878d8"
          },
          {
            "type": "ParticleEffect",
            "lightOpacity": 0,
            "particles": 20,
            "length": 40,
            "lifetime": 40,
            "interp": "circleOut",
            "sizeInterp": "pow5In",
            "sizeFrom": 4,
            "sizeTo": 0,
            "colorFrom": "787878",
            "colorTo": "787878d8"
          },
          {
            "type": "ParticleEffect",
            "lightOpacity": 0,
            "particles": 20,
            "length": 30,
            "lifetime": 30,
            "interp": "circleOut",
            "sizeInterp": "pow5In",
            "sizeFrom": 2.5,
            "sizeTo": 0,
            "colorFrom": "787878",
            "colorTo": "787878d8"
          },
          {
            "type": "ParticleEffect",
            "line": true,
            "particles": 15,
            "lifetime": 30,
            "offset": 60,
            "interp": "circleOut",
            "length": 100,
            "cone": -360,
            "strokeTo": 0,
            "strokeFrom": 3,
            "sizeFrom": 12,
            "sizeTo": 12,
            "lightColor": "8894FFFF",
            "colorFrom": "8894FFFF",
            "colorTo": "7983E2FF"
          },
          {
            "type": "ParticleEffect",
            "line": true,
            "particles": 10,
            "lifetime": 30,
            "offset": 60,
            "interp": "circleOut",
            "length": 120,
            "cone": -40,
            "strokeTo": 0,
            "strokeFrom": 2.5,
            "sizeFrom": 20,
            "sizeTo": 20,
            "lightColor": "8894FFFF",
            "colorFrom": "8894FFFF",
            "colorTo": "7983E2FF"
          }
        ]
      },
      "despawnEffect": {
        "type": "multiEffect",
        "effects": [
          {
            "type": "WaveEffect",
            "lifetime": 25,
            "sizeFrom": 0,
            "sizeTo": 55,
            "strokeFrom": 3,
            "strokeTo": 0,
            "lightColor": "8894FFFF",
            "colorFrom": "8894FFFF",
            "colorTo": "7983E2FF"
          },
          {
            "type": "ParticleEffect",
            "lightOpacity": 0,
            "particles": 25,
            "length": 50,
            "lifetime": 50,
            "interp": "circleOut",
            "sizeInterp": "pow5In",
            "sizeFrom": 6,
            "sizeTo": 0,
            "colorFrom": "787878",
            "colorTo": "787878d8"
          },
          {
            "type": "ParticleEffect",
            "lightOpacity": 0,
            "particles": 20,
            "length": 40,
            "lifetime": 40,
            "interp": "circleOut",
            "sizeInterp": "pow5In",
            "sizeFrom": 4,
            "sizeTo": 0,
            "colorFrom": "787878",
            "colorTo": "787878d8"
          },
          {
            "type": "ParticleEffect",
            "lightOpacity": 0,
            "particles": 20,
            "length": 30,
            "lifetime": 30,
            "interp": "circleOut",
            "sizeInterp": "pow5In",
            "sizeFrom": 2.5,
            "sizeTo": 0,
            "colorFrom": "787878",
            "colorTo": "787878d8"
          },
          {
            "type": "ParticleEffect",
            "line": true,
            "particles": 15,
            "lifetime": 30,
            "offset": 60,
            "interp": "circleOut",
            "length": 100,
            "cone": -360,
            "strokeTo": 0,
            "strokeFrom": 3,
            "sizeFrom": 12,
            "sizeTo": 12,
            "lightColor": "8894FFFF",
            "colorFrom": "8894FFFF",
            "colorTo": "7983E2FF"
          },
          {
            "type": "ParticleEffect",
            "line": true,
            "particles": 10,
            "lifetime": 30,
            "offset": 60,
            "interp": "circleOut",
            "length": 120,
            "cone": -40,
            "strokeTo": 0,
            "strokeFrom": 2.5,
            "sizeFrom": 20,
            "sizeTo": 20,
            "lightColor": "8894FFFF",
            "colorFrom": "8894FFFF",
            "colorTo": "7983E2FF"
          }
        ]
      },
      "fragBullets": 10,
      "fragVelocityMin": 4,
      "fragCone": 360,
      "fragLifeMin": 0.3,
      "fragBullet": {
        "type": "BasicBulletType",
        "status": "melting",
        "height": 12,
        "width": 12,
        "lifetime": 20,
        "damage": 100,
        "frontColor": "FFFFFFFF",
        "backColor": "8894FFFF",
        "pierce": true,
        "pierceBuilding": true,
        "splashDamage": 100,
        "splashDamageRadius": 15,
        "hitEffect": "flakExplosion"
      }
    }
  },
  "requirements": [
    "silicon/1700",
    "jupiteium/1400",
    "thorium/2400",
    "titanium/2500",
    "voltirium-alloy/1500",
    "surge-alloy/3000"
  ],
  "category": "turret",
  "research": "1-phantom"
}
