{
"localizedName": "Exodus",
"description": "Fires a super heated beam of hydrogen plasma to incinrate targets. requires heat and hydrogen",
"type": "ContinuousLiquidTurret",
"size": 5,
"squareSprite": false,
"health": 8750,
"range": 200,
"liquidConsumed": 0.41,
"heatRequirement": 20,
"maxHeatEfficiency": 1,
"consumes" : {
"power": 8
},
"liquidCapacity": 300
"outlineColor": "36363CFF",
"update": true,
"recoilTime": 100,
"cooldownTime": 240,
"shootY": 6,
"hasPower": true,
"shootEffect": {
"type": "multiEffect",
"effects": [
{
"type": "ParticleEffect",
"particles": 12,
"length": 100,
"lifetime": 55,
"line": true,
"cone": 40,
"lenFrom": 8,
"lenTo": 2,
"strokeFrom": 3,
"strokeTo": 0.5,
"colorFrom": "8ca9e8",
"colorTo": "6a72f6"
},
{
"type": "ParticleEffect",
"particles": 21,
"length": 100,
"lifetime": 35,
"line": true,
"cone": 70,
"lenFrom": 8,
"lenTo": 5,
"strokeFrom": 3,
"strokeTo": 0.5,
"colorFrom": "8ca9e8",
"colorTo": "6a72f6"
},
{
"type": "ParticleEffect",
"particles": 24,
"length": 140,
"lifetime": 25,
"line": true,
"cone": 40,
"lenFrom": 10,
"lenTo": 10,
"strokeFrom": 3,
"strokeTo": 0.5,
"colorFrom": "8ca9e8",
"colorTo": "6a72f6"
}
]
},
"loopSound": "torch",
"loopSoundVolume": 2.5,
"drawer": {
"type": "drawTurret",
"basePrefix": "reinforced-",
"parts": [
{
"type": "HaloPart",
"y": -11,
"x": -8,
"haloRotation": -45,
"shapeRotation": 180,
"radius": 3.7,
"layer": 110,
"tri": true,
"colorTo": "8ca9e8",
"color": "8ca9e800",
"progress": "recoil",
"haloRotateSpeed": 0,
"haloRadius": 0,
"haloRadiusTo": 0,
"stroke": 0,
"strokeTo": 2,
"shapes": 1,
"triLengthTo": 18,
"triLength": 0
},
{
"type": "FlarePart",
"color2": "FFFFFF",
"color1": "8ca9e8",
"y": -1.5,
"layer": 110,
"progress": "recoil",
"stroke": 1.5,
"radius": 0,
"radiusTo": 12.5
 },
 {
"type": "HaloPart",
"y": -11,
"x": 8,
"haloRotation": 45,
"shapeRotation": 180,
"radius": 3.7,
"layer": 110,
"tri": true,
"progress": "recoil",
"colorTo": "8ca9e8",
"color": "8ca9e800",
"haloRotateSpeed": 0,
"haloRadius": 0,
"haloRadiusTo": 0,
"stroke": 0,
"strokeTo": 2,
"shapes": 1,
"triLengthTo": 18,
"triLength": 0
},
{
"type": "RegionPart",
"suffix": "-barrel",
"moveY": 6,
"children": [
{
"type": "RegionPart",
"layerOffset": 0.001,
"blending": "additive",
"colorTo": "8ca9e8",
"color": "8ca9e800",
"mirror": true,
"progress": {
"type": "recoil",
"op": "blend",
"other": "heat",
"amount": 0.45
},
"outline": false,
"suffix": "-barrelglow"
}
],
"progress": {
"type": "warmup",
"op": "blend",
"other": "heat",
"amount": 0.45
},
"moveRot": -6.5,
"moves": [
{
"type": "PartMove",
"progress": {
"type": "warmup",
"op": "delay",
"amount": 0.50
}
"x": 2.7
}
],
"mirror": true
},
{
"type": "RegionPart",
"layer": 110,
"colorTo": "8ca9e8",
"color": "8ca9e800",
"progress": {
"type": "recoil",
"op": "blend",
"other": "heat",
"amount": 0.25
},
"outline": false,
"suffix": "-exhaust-heat"
},
{
"type": "RegionPart",
"colorTo": "8ca9e8",
"color": "8ca9e800",
"layer": -1,
"blending": "additive",
"progress": {
"type": "recoil",
"op": "blend",
"other": "heat",
"amount": 0.25
},
"outline": false,
"suffix": "-glow"
},
{
"type": "RegionPart",
"layer": 110,
"colorTo": "8ca9e8",
"color": "8ca9e800",
"progress": {
"type": "recoil",
"op": "blend",
"other": "heat",
"amount": 0.25
},
"outline": false,
"suffix": "-exhaust-glow"
},
{
"type": "RegionPart",
"mirror": true,
"progress": {
"type": "warmup",
"op": "blend",
"other": "heat",
"amount": 0.45
}
"children": [
{
"type": "RegionPart",
"layerOffset": 0.001,
"blending": "additive",
"colorTo": "8ca9e8",
"color": "8ca9e800",
"mirror": true,
"progress": {
"type": "recoil",
"op": "blend",
"other": "heat",
"amount": 0.45
},
"outline": false,
"suffix": "-plateglow"
}
],
"layerOffset": -0.003,
"outlineLayerOffset": 0.001,
"moveX": 1.7,
"moveY": -1.7,
"suffix": "-large-plate",
 },
 {
 "type": "RegionPart",
 "mirror": true,
"progress": {
"type": "warmup",
"op": "blend",
"other": "heat",
"amount": 0.45
},
"children": [
{
"type": "RegionPart",
"layerOffset": 0.001,
"blending": "additive",
"colorTo": "8ca9e8",
"color": "8ca9e800",
"mirror": true,
"progress": {
"type": "recoil",
"op": "blend",
"other": "heat",
"amount": 0.25
},
"outline": false,
"suffix": "-sideglow"
}
],
"layerOffset": -0.005,
"outlineLayerOffset": 0.004,
"moveX": 10.5,
"moveY": -2.5,
"moveRot": -25.5,
"suffix": "-side"
},
{
"type": "RegionPart",
"mirror": true,
"progress": {
"type": "warmup",
"op": "blend",
"other": "heat",
"amount": 0.45
},
"layerOffset": -0.005,
"outlineLayerOffset": 0.004,
"children": [
{
"type": "RegionPart",
"layerOffset": 0.001,
"blending": "additive",
"colorTo": "8ca9e8",
"color": "8ca9e800",
"mirror": true,
"progress": {
"type": "recoil",
"op": "blend",
"other": "heat",
"amount": 0.25
},
"outline": false,
"suffix": "-sideglow"
}
],
"moveX": 12.5,
 "moveY": -5.5,
 "moveRot": -54.5,
 "suffix": "-side"
 },
 {
 "type": "shapePart",
 "y": -23,
"hollow": true,
"circle": true,
"layer": 110,
"color": "8ca9e8",
"stroke": 0,
"strokeTo": 1.9,
"radiusTo": 9,
"radius": 9
},
{
"type": "shapePart",
"y": -23,
"hollow": true,
"circle": true,
"layer": 110,
"color": "8ca9e8",
"stroke": 0,
"strokeTo": 1.1,
"radiusTo": 5,
"radius": 5
},
{
"type": "HaloPart",
"y": -23,
"radius": 3,
"tri": true,
"layer": 110,
"haloRotation": 90,
"shapeRotation": 180,
"color": "8ca9e8",
"haloRadius": 12,
"haloRadiusTo": 12,
"stroke": 0,
"strokeTo": 2,
"shapes": 2,
"triLengthTo": 3,
"triLength": 0
},
{
"type": "HaloPart",
"y": -23,
"radius": 3,
"tri": true,
"layer": 110,
"haloRotation": 90,
"color": "8ca9e8",
"haloRadius": 12,
"haloRadiusTo": 12,
"stroke": 0,
"strokeTo": 2,
"shapes": 2,
"triLengthTo": 13,
"triLength": 0
},
{
"type": "HaloPart",
"y": -23,
"radius": 3.5,
"tri": true,
"layer": 110,
"color": "8ca9e8",
"haloRotateSpeed": 1.7,
"haloRadius": 9,
"haloRadiusTo": 9,
"stroke": 0,
"strokeTo": 2,
"shapes": 4,
"triLengthTo": 5,
"triLength": 0
 }
 ]
 },
"shake": 7,
"shootSound": "shockBlast",
"recoil": 1,
"rotateSpeed": 2,
	
"ammoTypes": {
"hydrogen": {
"type": "ContinuousFlameBulletType",
"colors": ["5040d260", "597cffaa", "8ca9e8", "aec6ff", "ffffff"],
"damage": 200,
"knockback": 3,
"status": "exogenesis-hydrogen-flash",
"statusDuration": 240,
"buildingDamageMultiplier": 0.24
"width": 10.5,
"drawFlare": false,
"lifetime": 60,
"hitEffect": {
"type": "ParticleEffect",
"line": true,
"particles": 7,
"lifetime": 15,
"length": 65,
"cone": -360,
"strokeFrom": 2.5,
"strokeTo": 0,
"lenFrom": 8,
"lenTo": 0,
"colorFrom": "8ca9e8",
"colorTo": "6a8ef6"
},
"length": 200,
"intervalBullets": 2,
"intervalRandomSpread": 15,
"bulletInterval": 2.7,
"intervalBullet": {
"type": "BulletType",
"despawnHit": true,
"hitEffect": {
"type":"multiEffect",
"effects": [
{
"type": "ParticleEffect",
"line": true,
"particles": 3,
"lifetime": 21,
"length": 85,
"cone": -25,
"interp": "circleOut",
"strokeFrom": 2,
"strokeTo": 0,
"lenFrom": 10,
"lenTo": 0,
"colorFrom": "aec6ff",
"colorTo": "8ca9e8"
},
{
"type": "ParticleEffect",
"line": true,
"particles": 2,
"lifetime": 27,
"length": 65,
"cone": -19,
"interp": "circleOut",
"strokeFrom": 2,
"strokeTo": 0.8,
"lenFrom": 10,
"lenTo": 0,
"colorFrom": "aec6ff",
"colorTo": "8ca9e8"
},
{
"type": "ParticleEffect",
"particles": 2,
"lifetime": 21,
"length": 125,
"cone": 30,
"sizeFrom": 7,
"sizeTo": 0,
"colorFrom": "aec6ff",
"colorTo": "8ca9e8"
},
{
"type": "ParticleEffect",
"particles": 2,
"lifetime": 26,
"length": 105,
"cone": 50,
"sizeFrom": 6,
"sizeTo": 0,
"colorFrom": "aec6ff",
"colorTo": "8ca9e8"
}
]
},
"instantDisappear": true,
}
"drawSize": 350
 }
},
"requirements": [
"thorium/600",
"tungsten/450",
"osmium/300",
"phase-fabric/300",
"silicon/850",
"surge-alloy/400"
],
"category": "turret",
"research": {
"parent": "sublimate",
"objectives": [
"lustre"
]
}
}
