{
  "type": "LaserTurret",
  "researchCostMultiplier": 0.1,
  "size": 2,
  "health": 180,
  "reload": 40,
  "range": 85,
  "shootLength": 10,
  "targetAir": true,
  "targetGround": true,
  "consumes": {
    "power": 4,
    "liquid": {
      "liquid": "water",
      "amount": 0.2
    }
  },
  "update": true,
  "hasPower": true,
  "shootEffect": "hitEmpSpark",
  "firingMoveFract": 0.8,
  "shootDuration": 130,
  "shootSound": "laserbig",
  "loopSound": "beam",
  "loopSoundVolume": 1.5,
  "recoilAmount": 1.5,
  "restitution": 0.04,
  "rotateSpeed": 4.5,
  "shootType": {
    "type": "ContinuousLaserBulletType",
    "damage": 2,
    "width": 5,
    "colors": [
      "84F49170",
      "84F491Aa",
      "84F491FF",
      "FFFFFF"
    ],
    "length": 95,
    "status": "electrified",
    "statusDuration": 50,
    "largeHit": false,
    "oscScl": 2,
    "oscMag": 2,
    "hitEffect": "hitMeltHeal",
    "drawSize": 100,
    "incendChance": 0
  },
  "requirements": [
    "titanium/200",
    "copper/400",
    "silicon/200"
  ],
  "category": "turret",
  "research": "1-resist"
}
