{
  "type": "PowerTurret",
  "reload": 71,
  "range": 350,
  "shootCone": 30,
  "inaccuracy": 10,
  "recoilAmount": 4,
  "size": 8,
  "health": 8660,
  "shootShake": 4,
  "velocityInaccuracy": 0.3,
  "shoot": {
    "shots": 7
  },
  "shootSound": "plasmaboom",
  "consumes": {
    "power": 45
  },
  "shootType": {
    "type": "EmpBulletType",
    "speed": 6,
    "spin": 8,
    "shootEffect": "greenBomb",
    "lifetime": 70,
    "healPercent": 0.1,
    "scaleVelocity": true,
    "frontColor": "FFFFFFF",
    "backColor": "84F491FF",
    "trailColor": "84F491ff",
    "splashDamage": 100,
    "splashDamageRadius": 70,
    "weaveMag": 5,
    "weaveScale": 3,
    "trailParam": 5,
    "trailLength": 23,
    "trailWidth": 5.5,
    "radius": 100,
    "timeIncrease": 1.5,
    "powerDamageScl": 5.5,
    "powerSclDecrease": 0.55,
    "unitDamageScl": 0.6,
    "status": "slow",
    "damage": 300,
    "despawnEffect": "greenBomb",
    "hitEffect": "greenBomb",
    "width": 11.5,
    "height": 11.5,
    "shrinkY": 0,
    "shrinkX": 0,
    "sprite": "circle-bullet"
  },
  "requirements": [
    "titanium/1600",
    "silicon/1700",
    "thorium/2400",
    "plastanium/3000",
    "voltirium-alloy/1500",
    "genvunite/3000"
  ],
  "category": "turret",
  "research": "1-avenger"
}
