{
  "type": "itemTurret",
  "researchCostMultiplier": 0.1,
  "size": 2,
  "health": 180,
  "reload": 50,
  "range": 200,
  "shots": 1,
  "targetAir": false,
  "targetGround": true,
  "shootCone": 2,
  "spread": 1,
  "recoilAmount": 1.5,
  "restitution": 0.04,
  "rotateSpeed": 5,
  "shootSound": "lasershoot",
  "shoot": {
    "firstShotDelay": 45
  },
  "ammoTypes": {
    "graphite": {
      "type": "artilleryBulletType",
      "sprite": "circle-bullet",
      "speed": 3,
      "chargeEffect": "lancerLaserCharge",
      "chargeBeginEffect": "lancerLaserChargeBegin",
      "lifetime": 170,
      "damage": 58,
      "height": 8,
      "width": 8,
      "shrinkY": 0,
      "shrinkX": 0,
      "hitEffect": "producesmoke",
      "despawnEffect": "producesmoke",
      "trailChance": 1,
      "pierce": true,
      "collides": true,
      "collidesAir": false,
      "collidesTiles": true,
      "homingRange": 200,
      "homingPower": 0.0567,
      "splashDamageRadius": 54,
      "splashDamage": 27,
      "trailColor": "95ABD9FF",
      "frontColor": "6B77A1FF",
      "backColor": "95ABD9FF"
    },
    "silicon": {
      "type": "artilleryBulletType",
      "sprite": "circle-bullet",
      "speed": 3.4,
      "lifetime": 170,
      "damage": 46,
      "height": 13,
      "chargeEffect": "lancerLaserCharge",
      "chargeBeginEffect": "lancerLaserChargeBegin",
      "shrinkY": 0,
      "shrinkX": 0,
      "width": 13,
      "hitEffect": "flakExplosion",
      "despawnEffect": "flakExplosion",
      "trailChance": 1,
      "pierce": true,
      "collides": true,
      "collidesAir": false,
      "collidesTiles": true,
      "homingRange": 200,
      "homingPower": 0.0667,
      "splashDamageRadius": 64,
      "splashDamage": 43,
      "trailColor": "767A84FF",
      "frontColor": "8E9097FF",
      "backColor": "767A84FF"
    }
  },
  "requirements": [
    {
      "item": "copper",
      "amount": 160
    },
    {
      "item": "lead",
      "amount": 97
    },
    {
      "item": "graphite",
      "amount": 163
    }
  ],
  "category": "turret",
  "research": "duo"
}
