{
	"type": "UnitAssembler",
	"category":"units",
	"name": "钨钢巡洋舰组装厂",
	"description": "组装高阶钨钢机器，输出单位可以直接投入战场",

	"research": {
	"parent": "wulfrum-machine-manufacturer"
	"requirements": [
	"wulfrum-steel/15000",
	"energy-core/8000",
	"silicon/20000"
	]
	"objectives": [
	"wulfrum-core",
	]	},

	"health":2430,
	"armor":4,
	"size":5,
	"dronesCreated":4,
	"areaSize":11,

	"consumes":{"power":12,
	},

	"requirements": [
	"wulfrum-steel/150",
	"energy-core/80",
	"silicon/200"
	]

		"plans":[
		{"unit":"wulfrum-cruiser",
		"time":3000,
		"requirements":[
		"calamity-wulfrum-frigate/2",
		]	}
	],
}