{
	"type": "GenericCrafter"
	"name": "锅炉"
	"health": 215
	"size": 2
    "hasItems": true
	"hasLiquids": true
	"hasPower": false
	"itemCapacity": 12
	"liquidCapacity": 60
	"craftTime": 240
	"outputsLiquid": true
	"consumes": {
	    "items":[{"item": "coal", "amount":1}]
	    "liquid":{"liquid":"water","amount":0.05}
	}
	"outputLiquid": {"liquid":"蒸汽","amount":0.05}
	"requirements": [
	    "建材I/22"
	    "机械零件I/6"
	]
	"category": "crafting"
	"drawer":{
	    "type":"DrawMulti"
	    "drawers":[
	        {
	        "type": "DrawRegion"
            "suffix": "-bottom"
	        }
	        {
            "type": "drawLiquidTile"
            "drawLiquid": "water"
            "padding": 0
            }
            {
            "type": "drawLiquidTile"
            "drawLiquid": "蒸汽"
            "padding": 0
            }
	        "DrawDefault"
	    ]
	}
}