{
    "name": "高炉I"
    "health": 430
	"size": 3
	"hasPower": false
	"hasLiquids": true
	"hasItems": true
	"itemCapacity": 36
	"liquidCapacity": 120
	"requirements": [
	    "建材I/30"
	]
	"category": "crafting"
	"drawer":{
	    "type":"DrawMulti"
	    "drawers":[
	        {
	        "type": "DrawRegion"
            "suffix": "-bottom"
	        }
	        {
            "type": "DrawFade"
            "suffix": "-internal"
            "scale":0
            "alpha":2
            }
	        "DrawDefault"
	    ]
	}
}