{
    "health": 38000,
    "armor": 14,
    "speed": 0.422,
    "rotateSpeed":1.8,
    "details": "装甲升级，动力强化，武器新增发射超远程持续激光束能力",
    "immunities": [
        "burning"
    ],
    "weapons": [
        {
            "name": "死星1",
            "shootSound": "laserblast",
            "chargeSound": "lasercharge",
            "top": false,
            "mirror": false,
            "shake": 14,
            "x": 0,
            "y": 0,
            "shootY": 5,
            "reload": 420,
            "recoil": 0,
            "cooldownTime": 400,
            "shootStatusDuration": 141,
            "shootStatus": "unmoving",
            "parentizeEffects": true,
            "shoot": {
                "type": "ShootPattern",
                "firstShotDelay": 60
            },
            "bullet": {
                "type": "ContinuousLaserBulletType",
                "hitEffect": {
                    "type": "ParticleEffect",
                    "particles": 6,
                    "baseLength": 8,
                    "length": 18,
                    "lifetime": 10,
                    "line": true,
                    "lenFrom": 16,
                    "lenTo": 0,
                    "strokeFrom": 1.6,
                    "strokeTo": 0,
                    "colorFrom": "97FFA8",
                    "colorTo": "97FFA8",
                    "cone": 360
                },
                "shootEffect": {
                    "type": "ParticleEffect",
                    "particles": 3,
                    "baseLength": 8,
                    "length": 38,
                    "lifetime": 18,
                    "line": true,
                    "lenFrom": 12,
                    "lenTo": 0,
                    "strokeFrom": 1,
                    "strokeTo": 0,
                    "colorFrom": "97FFA8",
                    "colorTo": "97FFA8",
                    "cone": 60
                },
                "smokeEffect": "none",
                "collidesTeam": true,
                "healPercent": 3,
                "ammoMultiplier": 1,
                "length": 500,
                "damage": 202.3,
                "damageInterval": 6,
                "lifetime": 54,
                "status": "melting",
                "statusDuration": 600,
                "colors": [
                    "7CF38990",
                    "97FFA880",
                    "FFFFFF"
                ],
                "chargeEffect": {
                    "type": "MultiEffect",
                    "effects": [
                        {
                            "type": "WaveEffect",
                            "lifetime": 60,
                            "sizeFrom": 90,
                            "sizeTo": 0,
                            "strokeFrom": 0,
                            "strokeTo": 8,
                            "colorFrom": "7CF389",
                            "colorTo": "7CF389"
                        },
                        {
                            "type": "ParticleEffect",
                            "particles": 33,
                            "baseLength": 80,
                            "length": -80,
                            "lifetime": 60,
                            "line": true,
                            "lenFrom": 20,
                            "lenTo": 0,
                            "strokeFrom": 1,
                            "strokeTo": 1,
                            "colorFrom": "ffffff",
                            "colorTo": "97FFA8",
                            "cone": 360
                        }
                    ]
                },
                "incendChance": 0.15,
                "incendSpread": 8,
                "incendAmount": 2,
                "spawnBullets": [
                    {
                        "type": "LaserBulletType",
                        "length": 500,
                        "damage": 270,
                        "splashDamage": 450,
                        "splashDamageRadius": 36,
                        "width": 64,
                        "lifetime": 74,
                        "lightningColor": "97FFA8",
                        "lightningSpacing": 30,
                        "lightningLength": 6,
                        "lightningDelay": 1.2,
                        "lightningLengthRand": 10,
                        "lightningDamage": 54,
                        "lightningAngleRand": 45,
                        "largeHit": true,
                        "sideAngle": 20,
                        "sideWidth": 1.9,
                        "sideLength": 52,
                        "colors": [
                            "97FFA890",
                            "97FFA880",
                            "FFFFFF"
                        ],
                        "healPercent": 20,
                        "collidesTeam": true
                    }
                ]
            }
        }
    ]
}