{
    "health": 240,
    "details": "武器强化，纳米修复器功率提升",
        "abilities": [
        {
            "type": "RepairFieldAbility",
            "amount": 25,
            "reload": 216,
            "range": 40
        }
    ],
    "weapons": [
        {
            "name": "新星1",
            "reload": 21,
            "x": 4.5,
            "y": 0,
            "rotate": false,
            "shootY": 4.5,
            "top": false,
            "inaccuracy": 0,
            "alternate": false,
            "shootSound": "lasershoot",
            "bullet": {
                "type": "LaserBoltBulletType",
                "frontColor": "FFFFFF",
                "backColor": "97FFA8FF",
                "healPercent": 4,
                "damage": 19,
                "collidesTeam": true,
                "speed": 7,
                "lifetime": 29,
                "width": 2,
                "height": 8
            }
        }
    ]
}