{
    "details": "新式底盘与引擎，护盾发生器与武器功率提升",
    "health": 760,
    "armor": 5,
    "range": 70,
    "speed": 0.76,
    "rotateSpeed": 5.3,
    "boostMultiplier": 1.66,
    "abilities": [
        {
            "type": "ShieldRegenFieldAbility",
            "amount": 30,
            "max": 60,
            "reload": 225,
            "range": 120,
            "activeEffect": {
                "type": "WaveEffect",
                "lifetime": 35,
                "sizeFrom": 16,
                "sizeTo": 240,
                "strokeFrom": 10,
                "strokeTo": 0,
                "colorFrom": "76D0810A",
                "colorTo": "76D08100"
            }
        }
    ],
    "weapons": [
        {
            "name": "恒星1",
            "reload": 30,
            "shootY": 6,
            "x": 6,
            "y": 0,
            "shoot": {
                "type": "ShootSpread",
                "shots": 5,
                "shotDelay": 0.5
            },
            "shake": 2.2,
            "recoil": 2.5,
            "top": false,
            "shootSound": "spark",
            "alternate": true,
            "bullet": {
                "type": "LightningBulletType",
                "damage": 17,
                "lightningColor": "97FFA8FF",
                "hitColor": "97FFA8FF",
                "lightningLength": 9,
                "lightningLengthRand": 5,
                "shootEffect": "shootHeal",
                "smokeEffect": "none",
                "healPercent": 2,
                "lightningType": {
                    "lifetime": 1,
                    "speed": 0,
                    "collidesTeam": true,
                    "hittable": false,
                    "hitEffect": "hitLancer",
                    "despawnEffect": "none",
                    "status": "shocked",
                    "healPercent": 2.5,
                    "statusDuration": 15
                }
            }
        }
    ]
}