{
    "ammoTypes": {
		"thorium": {
		//钍子弹
			"speed": 8,
			//速度
			"damage":70,
			//status:"freezing",
			"pierce":true,
			//是否穿透
			"pierceCap":7,
			"reloadMultiplier":1,
			"ammoMultiplier":2,
			"knockback":0.7,
			"reloadMultiplier":0.9,
			//击退
			"width":19
			//宽
			"height":23
			//高
			"smokeEffect": "shootSmallSmoke",
			"lifetime": 32
			//存在时间
		},
		"graphite": {
		//石墨子弹
			"speed": 8,
			//速度
			"damage":50,
			//"status":"freezing",
			"pierce":true,
			"pierceCap":2,
			"reloadMultiplier":1,
			"ammoMultiplier":2,
			//"knockback":0.2,
			"width":18
			"height":22
			"smokeEffect": "shootSmallSmoke",
			"lifetime": 32
			//存在时间
		},
		"plastanium": {
		//塑钢子弹
			"speed": 8,
			//速度
			"damage":68,
			"pierce":true,
			//是否穿透
			"pierceCap":4,
			"reloadMultiplier":0.9,
			"ammoMultiplier":2,
			"knockback":0.5,
			"width":16,
			"height":24,
			"backColor":"C6D676FF",
			//子弹边缘颜色
			"frontColor":"EBF2A2FF",
			//子弹中心颜色
			"fragBullets":5,
			"fragBullet":{
			    "type":"BasicBulletType",
			    "width":16,
			    "height":6,
			    "lifetime":14,
			    "speed":4,
			    "damage":20,
			    "pierce":true,
			    "pierceCap":7,
			    //穿透数量
			    "backColor":"C6D676FF",
			    //子弹边缘颜色
			    "frontColor":"EBF2A2FF",
			    //子弹中心颜色
			    "hitEffect":"none",
			    "despawnEffect":"none",
			    }
			"smokeEffect": "shootSmallSmoke",
			"hitEffect":"plasticExplosion",
			"lifetime": 32
			//存在时间
		},
		"pyratite": {
		//硫子弹
			"speed": 8,
			//速度
			"damage":40,
			"status":"burning",
			"pierce":true,
			//是否穿透
			"pierceCap":3,
			"reloadMultiplier":1.25,
			"ammoMultiplier":2,
			"knockback":0.2,
			"width":18,
			"height":24,
			"splashDamage":26,
			"splashDamageRadius":25.6,
			"smokeEffect": "shootSmallSmoke",
			"backColor":"CC6600",
			//子弹边缘颜色
			"frontColor":"FFAA33",
			//子弹中心颜色
			"lifetime": 32
			//存在时间
		},
    },
	"requirements": [
	    "copper/1050" ,
	    "thorium/500"
	    "chip/300",
	    "graphite/350",
	    "plastanium/250",
	    "surge-alloy/300"
	],
}