{
	"type": "flying",/*种类 */
	"name": "血胎",/*名称，它叫什么名字！ */
	"description": "持续性的生产血亡",/*描述，简介！ */
    "speed": 0.534,/*速度1=7.5格/秒 */
	"flying": true,/*能否飞行，true为能飞 */
	"airUnit": true
	"turnCursor":false,/*转动光标 */
    "hitSize": 56,/*被击中大小，你的大小 */
    "targetAir":true,/*目标航空 */
    "health": 20000,/*血量 */
    "armor": 15,/*装甲 */
    "range":104,//攻击范围，8为1格
    "rotateShooting": true,/*旋转射击，是否旋转射击 */
    "research": "血城",//"研究前置": "？",
    	"abilities": [
    	{
			"type": "UnitSpawnAbility",
			"unit": "血亡",
			"spawnX": 12,
			"spawnY": 22,
			"spawnTime": 900
		},
		{
			"type": "UnitSpawnAbility",
			"unit": "血亡",
			"spawnX": -12,
			"spawnY": 22,
			"spawnTime": 900
		},
		{
			"type": "UnitSpawnAbility",
			"unit": "血亡",
			"spawnX": 17,
			"spawnY": 7,
			"spawnTime": 900
		},
		{
			"type": "UnitSpawnAbility",
			"unit": "血亡",
			"spawnX": -17,
			"spawnY": 7,
			"spawnTime": 900
		},
		{
			"type": "UnitSpawnAbility",
			"unit": "血亡",
			"spawnX": 22,
			"spawnY": -10,
			"spawnTime": 900
		},
		{
			"type": "UnitSpawnAbility",
			"unit": "血亡",
			"spawnX": -22,
			"spawnY": -10,
			"spawnTime": 900
		},
	]
	"weapons":[ 
    	{"name":"血胎1",/*贴图的名字 */
    	"x":0,"y":-16.5,/*位置 x为上下y为左右 */
    	"mirror":false,/*镜像，是否对称 */
    	"reload":80,/*重新装弹速度 */
    	"rotate": "true",/*是否旋转 */
    	"rotateSpeed":3,/*旋转速度 */
    	"shootEffect":"shootSmall",/*射击效果 */
    	"shootSound":"swish",/*射击声 */
    	"bullet":{
    	    "type":"SapBulletType",/*子弹类型 */
    	    "damage": 35,/*伤害 */
    	    "sapStrength": 2.5,
    	    "lightColor": "9F0000FF"
    	    "width": 0.54,/*子弹宽度 */
    	    "length": 168,/*子弹长度 */
    	    "lifetime": 18,//存在时间，帧
    	    "status": "sapped",//击中附加buff
    	    "statusDuration": 85,//附加buff时长，60=1秒
    	    "knockback": 2.5
    	    }
    	}
    ]
}