{
	"type": "tank",
	"name": "战斗型坦克T1",
	"description": "[blue]【T1】[white]GA-001，土豆科技陆军的第一型坦克，\n装备有从土豆科技炮兵搬来的122mm口径火炮，\n但是精度不理想。",
"squareShape":true  //方形阴影
"omniMovement":false//是否全向运动
"rotateMoveFirst":true //在运动时先进行旋转	
"envDisabled":0//未知
	"speed": 0.7,	
	"hitSize":8,
	"health": 300,
	"armor":3,
	"research": "dagger",
	"treadPullOffset": 3
	"itemCapacity": 5,
	"ammoType":{
	"type":"PowerAmmoType",
	"totalPower":100},
	"weapons":[ 
{
 "name":"122mmHSA"
  "x":0
  "y":0
  "mirror":false
  "shootY":4
  "top": false
  "rotate":true
  "rotateSpeed":4,/*旋转速度 */
  "reload": 150
  "shootSound":"pew",
  "ejectEffect":"casing1"
  "shots": 1,
  "inaccuracy":8
  	"shoot":{
		"type":"ShootAlternate"
		"spread":2
		}
  "bullet":{
               "speed": 25
               "lifetime": 10
               "damage":50
               "width": 3
               "shrinkY":0
               "height": 4
               		"shootEffect":"shootSmall",
		"smokeEffect":"shootSmallSmoke",
		"keepVelocity":true,//保持速度不变
		"trailWidth":0.8
		"trailLength":14
		"trailColor":"53565c"
          }
}
	    ]
}
