{
 "name":"铝",/*内容物名称*/ 
 "description":"",/*内容物描述*/
 "research": "锰",
 "color":"000000",/*颜色，为8个或者6个字母和数字组成，后面两个确定透明度*/
 "cost":1//建筑消耗时间，为1帧
 "flammability":0,/*燃烧性，可填负数/小数，确定了着火和装有此物品的方块爆掉后的火焰多少和塞进燃烧发电机的发电大小*/
 "hardness":0/*挖掘等级，如果不是矿物的话填0即可，原版最高4级*/
    "explosiveness":0,/*爆炸性，可填负数/小数，表现为装有此物品的方块爆掉后的范围和伤害*/
    "radioactivity":0,//辐射性，决定了它塞进rgt的发电大小
    "charge":0//放电性，决定装有此物品的方块爆掉后的闪电多少/伤害，参考电池爆炸
    "alwaysUnlocked": true
}