{
	"shootEffect":"shootBig",
	"smokeEffect":"shootBigSmoke",
	"ammoTypes": {
"graphite":{
	"type":"ArtilleryBulletType",
	"knockback":0.8,
	"speed":3,
	"lifetime":80,
	"width":11,"height":11,
	"collidesTiles":false,
	"damage":20,
	"hitEffect": "blastExplosion",
	"splashDamageRadius":18.75,
	"splashDamage":33
},
"silicon":{
	"type":"ArtilleryBulletType",
	"knockback":0.8,
	"speed":3,
	"lifetime":80,
	"width":11,"height":11,
	"collidesTiles":false,
	"reloadMultiplier":1.2,
	"ammoMultiplier":3,
	"homingPower":0.08,
	"homingRange":50,
	"damage":20,
	"hitEffect": "blastExplosion",
	"splashDamageRadius":18.75,
	"splashDamage":33
},
"pyratite":{
	"type":"ArtilleryBulletType",
	"knockback":0.8,
	"speed":3,
	"lifetime":80,
	"width":13,"height":13,
	"collidesTiles":false,
	"ammoMultiplier":4,
	"damage":24,
	"splashDamageRadius":18.75,
	"splashDamage":33,
	"frontColor": "f8ad42",
	"backColor": "f68021",
	"hitEffect": "blastExplosion",
	"makeFire":true,
	"trailEffect":"incendTrail",
	"status": "burning",
	"statusDuration": 720
},
"blast-compound":{
	"type":"ArtilleryBulletType",
	"knockback":0.8,
	"speed":2,
	"lifetime":80,
	"sprite":"shell",
	"width":14,"height":14,
	"collidesTiles":false,
	"hitEffect":"flakExplosionBig",
	"damage":20,
	"splashDamageRadius":33.75,
	"splashDamage":55,
	"status": "blasted",
	"statusDuration": 60
},
"plastanium":{
	"type":"ArtilleryBulletType",
	"knockback":1,
	"speed":3.4,
	"lifetime":80,
	"sprite":"shell",
	"width":13,"height":13,
	"collidesTiles":false,
	"damage":20,
	"splashDamageRadius":26.25,
	"splashDamage":45,
	"hitEffect":"plasticExplosion",
	"backColor":"d8d97f",
	"frontColor":"fffac6",
	"fragBullets":10,
	"fragBullet":{
		"type":"BasicBulletType",
		"speed":2.5,
		"damage":10,
		"width":10,"height":12,
		"shrinkY":1,
		"lifetime":15,
		"backColor":"d8d97f",
		"frontColor":"fffac6",
		"despawnEffect":"none",
		"collidesAir":false
	}
},
		"浓缩炸药": {
			"type":"ArtilleryBulletType",
			"speed": 3.5,
			"lifetime":300,
			"collides":false,
			"width": 15,
			"height": 15,
			"shootEffect": "shootSmall",
			"splashDamageRadius":40,
			"splashDamage":100,
			"status":"blasted",
			"statusDuration":300,
			"fragBullets": 4,
			"fragBullet": {
				"type": "ArtilleryBulletType",
				"collides":false,
				"lifetime":6,
				"knockback":1.8,
				"width": 8,
				"height": 8,
				"speed": 3.5,
				"splashDamageRadius":16,
				"splashDamage":30
			}	}
	}
}