{
	"type":"PowerTurret",
	"targetGround": true,
	"health":2200,
	"reload":30,
	"targetAir":false,
	"lengthFalloff":1,
	"rotatespeed":1.5,
	"drag":10,
	"cooldown":30,
	"powercapacity":1000,
	"recoil": 1,
	"restitution": 0.5,
	"heatColor": "FF0000",
	"inaccuracy": 0,
	"burstSpacing":3,
	"range":240,
	"consumes":{
		"power":18,
		"coolant":{"amount":0.3,"optional":true}
		},
	"size":2,
	"chargeTime":5,
	"chargeMaxDelay":5,
	"chargeEffects":10,
	"buildCostMultiplier":1,
	"coolantMultiplier":2,
	"hasPower": true,
	"shootSound" : "laser",
	"shootEffect": "lancerLaserShoot",
	"smokeEffect": "lightningShoot",
	"chargeEffect": "lancerLaserCharge",
	"chargeBeginEffect": "lancerLaserChargeBegin",
		"shootType":{
			"type":"LaserBulletType",
			"hitEffect":"hitLancer",
			"despawnEffect":"none",
			"shots": 1,
			"length":280,
			"pierceCap":8,
			"width":8,
			"lifetime":20,
			"drawSize":400,
			"damage":220,
			"buildingDamageMultiplier":0.75,
			"collidesAir":false
		},
	"requirements": [
		{ "item": "copper", "amount":360},
		{ "item": "lead", "amount":420},
		{ "item": "silicon", "amount":320},
		{ "item": "titanium", "amount":180},
		{ "item":"致密金属块","amount":240}
	],
	"category": "turret",
	"research":"lancer"
}