{
	"type":"TractorBeamTurret",
	"size":2,
	"health":3200
	"force":1
	"scaledForce":1
	"range":400,
	"damage":20
	"rotateSpeed":1
	"targetGround":"true"
	"consumes":{
		"power":25
	},
		"requirements": [
		{ "item":"silicon","amount":400},
		{ "item":"强化合金块", "amount":120},
		{ "item":"phase-fabric","amount":200},
		{ "item":"lead","amount":500},
		{ "item":"plastanium","amount":300},
		{ "item":"surge-alloy","amount":200},
		{ "item":"致密金属块","amount":240},
	],
	"category": "turret",
	"research": "压缩干涉光束"
}