{
	"type": "ItemTurret",
	"health": 400,
	"size": 3,
	"range": 320,
	"reload":30
    "maxAmmo":60,
	"restitution":0.05,
	"recoilAmount": 1,
	"shots": 2,	
	"shoot":{
		"type":"ShootAlternate",
		"barrels":2,
		"spread":9
	},
	"burstSpacing": 2,
	"consumes": {
		"coolant":{"amount":0.2,"optional":true}  
			},
	"shootShake":1.1,
    "liquidCapacity": 30,
    "coolantMultiplier":3,
	"ammoUseEffect": "casing3",
	"targetGround":true,
	"alternate": true,
	"targetAir":true,
	"spread":1,
	"inaccuracy": 0.5,
	"rotateSpeed": 15,
	"ammoTypes": {
		"spore-pod":{
			"type": "BasicBulletType",
             "splashDamageRadius":48,
	         "splashDamage":5,
             "width": 8,
             "damage":1
             "height": 12,
             "lifetime": 45,
             "speed": 7.5,
             "shootEffect": "none",
			 "status":"spore-slowed",
			 "ammoMultiplier":4,
	         "statusDuration":120
		},
        "coal":{
			"type": "BasicBulletType",
             "splashDamageRadius":48,
	         "splashDamage":10,
             "width": 8,
             "damage":10
             "height": 12,
             "lifetime": 45,
             "speed": 7.5,
             "shootEffect": "none",
			 "status":"burning",
			 "ammoMultiplier":4,
	         "statusDuration":120
		},
		"blast-compound":{
			"type": "BasicBulletType",
             "splashDamageRadius":48,
	         "splashDamage":30,
             "width": 8,
             "damage":10
             "height": 12,
             "lifetime": 45,
             "speed": 7.5,
             "shootEffect": "none",
			 "status":"blasted",
			 "ammoMultiplier":4,
	         "statusDuration":120
		},
		"pyratite":{
			"type": "BasicBulletType",
             "splashDamageRadius":48,
	         "splashDamage":20,
             "width": 8,
             "damage":10
             "height": 12,
             "lifetime": 45,
             "speed": 7.5,
             "shootEffect": "none",
			 "status":"melting",
			 "ammoMultiplier":4,
	         "statusDuration":120
		},
		"titanium":{
			"type": "BasicBulletType",
             "splashDamageRadius":48,
	         "splashDamage":10,
             "width": 9,
             "damage":20
             "height": 12,
             "lifetime": 45,
             "speed": 7.5,
             "shootEffect": "none",
			 "status":"freezing",
			 "ammoMultiplier":4,
	         "statusDuration":120
		},
		"thorium":{
			"type": "BasicBulletType",
             "splashDamageRadius":48,
	         "splashDamage":20,
             "width": 9,
             "damage":20
             "height": 12,
             "lifetime": 45,
             "speed": 7.5,
             "shootEffect": "none",
			 "status":"radio1",
			 "ammoMultiplier":4,
	         "statusDuration":120
		},
		"浓缩钍燃料":{
			"type": "BasicBulletType",
             "splashDamageRadius":48,
	         "splashDamage":40,
             "width": 9,
             "damage":20
             "height": 12,
             "lifetime": 45,
             "speed": 7.5,
             "shootEffect": "none",
			 "status":"radio2",
			 "ammoMultiplier":4,
	         "statusDuration":240
		},
		"surge-alloy":{
			"type": "BasicBulletType",
             "splashDamageRadius":48,
	         "splashDamage":20,
             "width": 9,
             "damage":10
             "height": 12,
             "lifetime": 45,
             "speed": 7.5,
             "shootEffect": "none",
			 "status":"electrified",
			 "ammoMultiplier":4,
	         "statusDuration":240
	    "fragBullets":1,
        "fragBullet":{
        "speed":0.001,
        "width": 1,
        "height": 1,
        "damage":0.01,   
        "lifetime":0.001
        "splashDamageRadius":48,
	    "splashDamage":1,
	    "status":"shocked",
	    "statusDuration":60
        }
		},
    },
	"requirements": [
		{ "item": "copper", "amount": 320 },
		{ "item": "graphite", "amount":240 },
		{ "item": "titanium", "amount": 320 }
		{ "item": "thorium", "amount":240 },
		{ "item": "silicon", "amount":180 },
		{ "item": "致密金属块", "amount":120 },
	],
	"alwaysReplace":false,
	"category": "turret",
	"research": "salvo"
	}