{
	"requirements": [
		{ "amount": 4000, "item": "phase-fabric" },
		{ "amount": 8000, "item": "lead" },
		{ "amount": 8000, "item": "plastanium" },
		{ "amount": 6000, "item": "surge-alloy" },
		{ "amount": 4800, "item": "致密金属块" },
		{ "amount": 4800, "item": "强化合金块" },
		{ "amount": 8000, "item": "silicon" },
		{ "amount": 4000, "item": "metaglass" }
	],
	"shootSound": "重炮射击",
	"ammoPerShot": 8,
	"ammoTypes": {
		"强化合金块": {
		"type": "PointBulletType",
		"ammoMultiplier":1,
		"shootEffect": "instShoot",
		"hitEffect": "flakExplosionBig",
		"smokeEffect": "smokeCloud",
		"trailEffect": "instTrail",
		"despawnEffect": "instBomb",
		"buildingDamageMultiplier":0.75
		"status":"shocked",
		"statusDuration":600,
		"trailSpacing": 15,
		"lifetime": 250,
		"damage": 4800,
		"makeFire": true,
		"speed": 500,
		"hitShake": 3,
		"pierce": true,
		"fragBullets":16,
"fragBullet":{
"type":"PointBulletType",
"despawnEffect":"instBomb",
"trailEffect": "none",
"speed":8,"lifetime":8,	   
"splashDamage":200,
"splashDamageRadius":40, 
"lightningDamage":100,
"lightning":4,  
"lightningLength":32
         "fragBullets":4,
         "fragBullet":{
"type":"LaserBulletType",
"despawnEffect":"instBomb",
"trailEffect": "none",
"length":160
"width":4
"speed":16,"lifetime":30,	   
"damage":200},},
		}
	},
	"rotateSpeed": 1,
	"reload":300
	"ammoUseEffect": "casing3Double",
	"ammoUse":8
	"recoilAmount": 5,
	"restitution": 0.008,
	"cooldown": 0.008,
	"shootShake": 3,
	"size": 4,
	"shootCone": 2,
	"coolantMultiplier": 0.5,
	"health": 8000,
	"coolantUsage": 0.6,
	"consumes": {
		"power": 500
		"coolant":{"amount":0.2,"optional":true}
	},
	"category": "turret",
	"range": 960,
	"buildVisibility":"sandboxOnly",
	"type": "ItemTurret",
	"heatColor": "FBFF00FF"
}