
{
    "type": "ItemTurret",
    "researchCostMultiplier":10,
    "size": 4,
    "health": 8000,
    "range": 640,
    "shots": 1,
	"reload":120,
    "burstSpacing": 10,
    "inaccuracy": 0,
    "ammoPerShot": 2,
    "maxAmmo": 20,
    "buildCostMultiplier":1,
    "targetAir": true,
    "consumes": {
		"power": 50,
		"coolant":{"amount":0.2,"optional":true}
	},
    "targetGround": true,
    "shootCone": 45,
    "spread": 1,
    "rotateShoot":false,
    "recoilAmount": 4,
    "shootShake": 1,
    "restitution": 0.05,
    "shootSound": "RailShoot",
    "chargeSound": "lasercharge",
	"chargeTime" : 10,
    "hasPower": true,
    "ammoTypes": {
		"surge-alloy":{
    "type":"RailBulletType",
    "damage":2800,
    "lifetime":10,  
    "pierce": true,	
	"pierceBuilding":true,
	"buildingDamageMultiplier":2,
	"trailSpacing": 65,	
    "hitEffect":"flakExplosion",
    "updateEffect": "railTrail",
    "smokeEffect": "none",
    "width":18,
    "pierceCap":4,
    "length":640,
    "colors":["FEEBB3FF", "FEEBB3FF", "FFFFFF"],
    "despawnEffect":"bigShockwave",
    "status":"armorless",
	"statusDuration":3600
                },
        "致密金属块":{
    "type":"RailBulletType",
    "damage":1800,
    "lifetime":10,  
    "pierce": true,	
	"pierceBuilding":true,
	"buildingDamageMultiplier":2,
	"trailSpacing": 65,	
    "hitEffect":"flakExplosion",
    "updateEffect": "railTrail",
    "smokeEffect": "none",
    "width":18,
    "pierceCap":4,
    "length":640,
    "colors":["FEEBB3FF", "FEEBB3FF", "FFFFFF"],
    "despawnEffect":"bigShockwave",
    "status":"armorless",
	"statusDuration":3600
                },
         "强化合金块":{
    "type":"RailBulletType",
    "damage":4280,
    "lifetime":10,  
    "pierce": true,	
	"pierceBuilding":true,
	"buildingDamageMultiplier":2.5,
	"trailSpacing": 65,	
    "hitEffect":"flakExplosion",
    "updateEffect": "railTrail",
    "smokeEffect": "none",
    "width":18,
    "pierceCap":8,
    "length":680,
    "colors":["FEEBB3FF", "FEEBB3FF", "FFFFFF"],
    "despawnEffect":"bigShockwave",
    "status":"armorless",
	"statusDuration":7200
                }
},
    "requirements": [
		{ "item": "thorium", "amount":200 },
		{ "item": "silicon", "amount": 400 },
		{ "item": "titanium", "amount": 200 },
		{ "item": "copper", "amount":400 },
		{ "item": "lead", "amount": 200 }, 
		{ "item": "surge-alloy", "amount": 480},
		{ "item": "致密金属块", "amount": 180 }
    ],
    "category": "turret",
    "research": "foreshadow"
}
