{
	"type": "LaserTurret",
	"size": 4,
	"health": 6400,
	"shootEffect":"none",
	"shootSound":"pulse",
	"range": 320,
	"reloadTime":10,
	"liquidCapacity": 60,
	"inaccuracy": 0,
	"recoilAmount": 2,
	"rotateSpeed": 8,
	"shootShake": 1,
	"coolEffect":"steam",
	"consumes":{
	"coolant":
{"liquid":"冷冻胶体","amount":"0.05"}
    "power":75
},
	"shootType": {
	"type": "ContinuousLaserBulletType",
	"hitEffect": "hitMeltdown",
	"width":8,	"length":340,
	"damage":275,	"ammoMultiplier":1
	},
	"shootDuration": 600,
	"requirements": [
   { "item": "copper", "amount": 400},
   { "item": "silicon", "amount": 600},
   { "item": "titanium", "amount": 480},
   { "item": "plastanium", "amount": 320},
   { "item": "surge-alloy", "amount": 320},
   { "item": "致密金属块", "amount": 960 }
   { "item": "强化合金块", "amount": 480 }
],
"category": "turret",
"research": "meltdown"
  }