{
	"type": "flying",
	"name": "观星台",
	"description": "BOSS单位,主体不会攻击，能够快速且大量的生产空军单位,并为周围单位提供防御立场",
			"immunities": [
		"潮湿"
		"冰冻"
		"自毁"
		"腐蚀"
		"脆裂"
		"燃烧"
		"融化"
	],
	"speed": 0.6
	"drag":0.05,"accel":0.1,
	"rotateSpeed":0.9
	"lowAltitude":true
	"parts":[
{
			"type": "ShapePart",//圆圈
			"colorTo":"EE867B",//结束时的颜色
			"color": "ffffff",//开始时的颜色
			"layer":110,//所在图层高度
			"stroke": 7,//开始时的粗细
			"strokeTo": 7,//结束时的粗细
			"circle": true,//是否圆圈？
			"hollow": false,//是否空心
			"radius": 0,//开始时的大小
			"radiusTo": 24//结束时的大小
			"x": 0,    "y": 0,//X和y的位置
},
{
			"type": "ShapePart",//圆圈
			"colorTo":"BC5350",//结束时的颜色
			"color": "EE867B",//开始时的颜色
			"layer":110,//所在图层高度
			"stroke": 7,//开始时的粗细
			"strokeTo": 3,//结束时的粗细
			"circle": true,//是否圆圈？
			"hollow": true,//是否空心
			"radius": 0,//开始时的大小
			"radiusTo": 40//结束时的大小
			"x": 0,    "y": 0,//X和y的位置
},]
	"ammoType":{
	"type":"PowerAmmoType",
	"totalPower":100},
	"ammoCapacity": 300,
	    "health": 49540,
	"hitSize":48, 
	"flying": true,
	"faceTarget": true,
	"circleTarget": true,
	"armor":32,
	"itemCapacity": 0,
	"engines": [
		{	"x": 0,"y":-8,"radius": 9, "rotation": 180},
        {	"x": -12,"y":-4,"radius": 9, "rotation": 60},
        {	"x": 12,"y": -4,"radius": 9, "rotation": 300}
    ],
	"abilities": [
		{
			"type": "StatusFieldAbility",
			"duration": 250,
			"reload": 500,
			"range": 30,
			"applyEffect": "none",
			"activeEffect": {
				"type": "WaveEffect",
				"lifetime": 10,
				"sizeFrom": 8,
				"sizeTo": 40,
				"strokeFrom": 2,
				"strokeTo": 0,
				"colorFrom": "ffffff",
				"colorTo": "ffffff"
			},
			"effect": "防御"
		}
		{
			"type": "StatusFieldAbility",
			"duration": 1,
			"reload": 1,
			"range": 1,
			"applyEffect": "none",
			"effect": "boss"
		}
		{
        "type": "RepairFieldAbility"
        "amount":256
        "reload": 60
        "range": 88
    }
    {
            "type": "UnitSpawnAbility",
            "unit": "观星台0",
            "spawnX": 0,
            "spawnY": 0,
            "spawnTime": 3600
        },
        {
            "type": "UnitSpawnAbility",
            "unit": "观星台1",
            "spawnX": 0,
            "spawnY": 0,
            "spawnTime": 3600
        },
        {
            "type": "UnitSpawnAbility",
            "unit": "观星台1",
            "spawnX": 0,
            "spawnY": 0,
            "spawnTime": 3600
        },
        {
            "type": "UnitSpawnAbility",
            "unit": "观星台1",
            "spawnX": 0,
            "spawnY": 0,
            "spawnTime": 1200
        },
        {
            "type": "UnitSpawnAbility",
            "unit": "观星台2",
            "spawnX": 0,
            "spawnY": 0,
            "spawnTime": 3600
        },
        {
            "type": "UnitSpawnAbility",
            "unit": "观星台2",
            "spawnX": 0,
            "spawnY": 0,
            "spawnTime": 3600
        },
        {
            "type": "UnitSpawnAbility",
            "unit": "观星台2",
            "spawnX": 0,
            "spawnY": 0,
            "spawnTime": 3600
        },
        {
            "type": "UnitSpawnAbility",
            "unit": "观星台2",
            "spawnX": 0,
            "spawnY": 0,
            "spawnTime": 3600
        },
        {
            "type": "UnitSpawnAbility",
            "unit": "观星台2",
            "spawnX": 0,
            "spawnY": 0,
            "spawnTime": 3600
        },
        {
            "type": "UnitSpawnAbility",
            "unit": "观星台2",
            "spawnX": 0,
            "spawnY": 0,
            "spawnTime": 3600
        },
        {
            "type": "UnitSpawnAbility",
            "unit": "观星台2",
            "spawnX": 0,
            "spawnY": 0,
            "spawnTime": 3600
        },
        {
            "type": "UnitSpawnAbility",
            "unit": "观星台2",
            "spawnX": 0,
            "spawnY": 0,
            "spawnTime": 3600
        },
        {
            "type": "UnitSpawnAbility",
            "unit": "观星台2",
            "spawnX": 0,
            "spawnY": 0,
            "spawnTime": 1200
        },
        {
            "type": "UnitSpawnAbility",
            "unit": "观星台2",
            "spawnX": 0,
            "spawnY": 0,
            "spawnTime": 1200
        },
        {
            "type": "UnitSpawnAbility",
            "unit": "观星台2",
            "spawnX": 0,
            "spawnY": 0,
            "spawnTime": 1200
        },
        {
            "type": "UnitSpawnAbility",
            "unit": "观星台2",
            "spawnX": 0,
            "spawnY": 0,
            "spawnTime": 120
        },
	],
    "researchCostMultiplier": 0
    "details":"观察星星很有意思，但当星星坠落的时候......不，你会喜欢这美妙的瞬间",
}
