{
    "type": "PowerTurret",
    "name": "[blue]寸光",
    "description": "在一瞬间内爆发出极强的杀伤性范围激光，需要大量的电力与冷冻液。",
    "size": 16,
    "cooldownTime": 300,
    "heatColor": "8B9BB4FF",
    "health": 1880000,
    "ammoPerShot": 1,
    "reload": 1800,
    "range": 4000,
    "inaccuracy": 0,
    "rotateSpeed": 0.2,
    "targetAir": true,
    "shake": 100,
    "recoil": 5,
    "shootWarmupSpeed": 0.0090,
    "recoilTime": 90,
    "minWarmup": 0.86,
    "canOverdrive": false,
    "targetGround": true,
    "accurateDelay": false,
    "coolantMultiplier": 10,//2
    "moveWhileCharging": false,
    "liquidCapacity": 7200,
    "shootSound": "largeExplosion",
    "chargeSound": "electricHum",
    "shoot": {
        "type": "ShootSpread",
        "firstShotDelay": 200       
         "shots": 31,
        "spread": 2
    },
    "shootType": {
        "status": "shocked",
        "buildingDamageMultiplier": 0.001,
        "type": "ContinuousLaserBulletType",
        "hitSound": "release",
        "hitSize": 10,
        "ammoMultiplier": 1,
        "absorbable": false,
        "laserAbsorb": false,
        "length": 4200,
                    "width": 30,
                                "lifetime": 50,
        "damage": 80000,
        "despawnEffect": "smokeCloud",
        "colors": [
            "8B9BB4F",
            "8B9BB4F",
            "FFFFFF"
        ],
      /* "fragBullets": 20,
        "fragBullet": {
            "buildingDamageMultiplier": 0.001,
            "type": "ShrapnelBulletType",
            "length": 500,
            "lifetime": 50,
            "damage": 360000,
            "fromColor": "8B9BB4FF",
            "toColor": "8B9BB4FF",
            "width": 50
        },*/
        "chargeEffect": {
            "type": "MultiEffect",
            "effects": [
                {
                    "type": "ParticleEffect",
                    "particles": 1,
                    "sizeFrom": 8,
                    "sizeTo": 30,
                    "length": 0,
                    "baseLength": 0,
                    "lifetime": 200,
                    "colorFrom": "8B9BB4FF",
                    "colorTo": "8B9BB4FF",
                    "cone": 360
                },
                {
                    "type": "ParticleEffect",
                    "particles": 60,
                    "offset": 100,
                    "sizeFrom": 1,
                    "sizeTo": 18,
                    "length": 600,
                    "baseLength": -600,
                    "lifetime": 150,
                    "colorFrom": "8B9BB4F",
                    "colorTo": "8B9BB4F"
                },
                {
                    "type": "ParticleEffect",
                    "particles": 60,
                    "offset": 100,
                    "sizeFrom": 1,
                    "sizeTo": 20,
                    "length": 650,
                    "baseLength": -650,
                    "lifetime": 200,
                    "colorFrom": "8B9BB4F",
                    "colorTo": "8B9BB4F"
                },
                {
                    "type": "ParticleEffect",
                    "particles": 40,
                    "offset": 100,
                    "sizeFrom": 1,
                    "sizeTo": 18,
                    "length": 300,
                    "baseLength": -300,
                    "lifetime": 50,
                    "colorFrom": "8B9BB4F",
                    "colorTo": "8B9BB4F"
                },
                {
                    "type": "ParticleEffect",
                    "particles": 40,
                    "offset": 100,
                    "sizeFrom": 1,
                    "sizeTo": 16,
                    "length": 450,
                    "baseLength": -450,
                    "lifetime": 100,
                    "colorFrom": "8B9BB4F",
                    "colorTo": "8B9BB4F"
                }
            ]
        }
    },
    "shootEffect": {
        "type": "MultiEffect",
        "effects": [
            {
                "type": "WaveEffect",
                "lifetime": 100,
                "sizeFrom": 0,
                "sizeTo": 700,
                "strokeFrom": 20,
                "strokeTo": 0,
                "colorFrom": "8B9BB480",
                "colorTo": "8B9BB480"
            },
            {
                "type": "ParticleEffect",
                "particles": 100,
                "sizeTo": 0,
                "length": -600,
                "sizeFrom": 15,
                "lifetime": 100,
                "colorFrom": "8B9BB4FF",
                "colorTo": "8B9BB4FF",
                "cone": 360
            }
        ]
    },
    "requirements": [
        {
            "item": "蓝钢",
            "amount": 30000
        },
        {
            "item": "普勒合金",
            "amount": 30000
        },
        {
            "item": "copper",
            "amount": 10000
        },
        {
            "item": "lead",
            "amount": 10000
        },
        {
            "item": "silicon",
            "amount": 10000
        },
        {
            "item": "graphite",
            "amount": 10000
        },
        {
            "item": "metaglass",
            "amount": 10000
        },
        {
            "item": "plastanium",
            "amount": 10000
        },
        {
            "item": "surge-alloy",
            "amount": 10000
        },
        {
            "item": "thorium",
            "amount": 10000
        },
        {
            "item": "titanium",
            "amount": 10000
        }
    ],
    "consumes": {
        "power": 10000,
        "liquid": "cryofluid/30"
    },
    "category": "turret",
    "research": "起灵",
    "drawer": {
        "type": "DrawMulti",
        "drawers": [
            {
                "type": "DrawTurret",
                "parts": [
                    {
                        "progress": "reload",
                        "type": "RegionPart",
                        "layer": 110,
                        "colorTo": "ffffff00",
                        "color": "8B9BB4FF",
                        "blending": "additive",
                        "outline": false,
                        "suffix": "-四环",
                        "moveRot": -180
                    },
                    {
                        "type": "RegionPart",
                        "layer": 110,
                        "colorTo": "ffffff00",
                        "color": "8B9BB4FF",
                        "progress": "reload",
                        "blending": "additive",
                        "outline": false,
                        "suffix": "-三环",
                        "moveRot": 135
                    },
                    {
                        "progress": "reload",
                        "type": "RegionPart",
                        "layer": 110,
                        "colorTo": "ffffff00",
                        "color": "8B9BB4FF",
                        "blending": "additive",
                        "outline": false,
                        "suffix": "-二环",
                        "moveRot": -90
                    },
                    {
                        "type": "RegionPart",
                        "layer": 110,
                        "colorTo": "ffffff00",
                        "color": "8B9BB4FF",
                        "progress": "reload",
                        "blending": "additive",
                        "outline": false,
                        "suffix": "-一环",
                        "moveRot": 45
                    },
                    {
                        "type": "ShapePart",
                        "colorTo": "ffffff00",
                        "color": "8B9BB4FF",
                        "stroke": 3,
                        "strokeTo": 0,
                        "progress": "reload",
                        "circle": true,
                        "hollow": true,
                        "radius": 83,
                        "radiusTo": 0,
                        "layer": 110,
                        "y": 0
                    },
                    {
                        "progress": "warmup",
                        "blending": "additive",
                        "outline": false,
                        "type": "RegionPart",
                        "mirror": true,
                        "x": 5,
                        "y": 10,
                        "suffix": "-翅膀",
                        "heatProgress": {
                            "type": "warmup",
                            "op": "delay",
                            "amount": 0.45
                        },
                        "layer": 49.8,
                        "moveX": -15,
                        "color": "5A6988FF",
                        "heatColor": "8B9BB4FF",
                        "moveY": -15
                    },
                    {
                        "progress": "warmup",
                        "blending": "additive",
                        "outline": false,
                        "type": "RegionPart",
                        "mirror": true,
                        "x": 25,
                        "y": 5,
                        "suffix": "-翅膀",
                        "heatProgress": {
                            "type": "warmup",
                            "op": "delay",
                            "amount": 0.65
                        },
                        "layer": 49.8,
                        "moveX": -25,
                        "color": "5A6988FF",
                        "heatColor": "8B9BB4FF",
                        "moveY": -25
                    },
                    {
                        "progress": "warmup",
                        "blending": "additive",
                        "outline": false,
                        "type": "RegionPart",
                        "mirror": true,
                        "x": 55,
                        "y": 10,
                        "suffix": "-翅膀",
                        "heatProgress": {
                            "type": "warmup",
                            "op": "delay",
                            "amount": 0.85
                        },
                        "layer": 49.8,
                        "moveX": -40,
                        "color": "5A6988FF",
                        "heatColor": "8B9BB4FF",
                        "moveY": -40
                    },
                    {
                        "progress": {
                            "type": "recoil",
                            "op": "delay",
                            "amount": 0
                        },
                        "type": "HaloPart",
                        "color": "8B9BB4FF",
                        "tri": true,
                        "hollow": true,
                        "shapes": 1,
                        "triLength": 0,
                        "triLengthTo": 80,
                        "radius": 9,
                        "radiusTo": 9,
                        "stroke": 0,
                        "strokeTo": 0,
                        "haloRadius": 0,
                        "shapeRotation": 180,
                        "haloRotateSpeed": 0,
                        "haloRotation": 0,
                        "layer": 110,
                        "y": -60
                    },
                    {
                        "mirror": true,
                        "progress": {
                            "type": "recoil",
                            "op": "delay",
                            "amount": 0
                        },
                        "type": "HaloPart",
                        "color": "8B9BB4FF",
                        "tri": true,
                        "hollow": true,
                        "shapes": 1,
                        "triLength": 0,
                        "triLengthTo": 60,
                        "radius": 4,
                        "radiusTo": 4,
                        "stroke": 0,
                        "strokeTo": 0,
                        "haloRadius": 0,
                        "shapeRotation": 180,
                        "haloRotateSpeed": 0,
                        "haloRotation": 0,
                        "layer": 110,
                        "y": -52,
                        "x": 14
                    },
                    {
                        "type": "RegionPart",
                        "layer": -1,
                        "colorTo": "ffffff00",
                        "color": "8B9BB4FF",
                        "blending": "additive",
                        "outline": false,
                        "mirror": true,
                        "suffix": "-光侧",
                        "progress": {
                            "type": "reload",
                            "op": "delay",
                            "amount": 0
                        },
                        "moveRot": -45
                    },
                    {
                        "type": "RegionPart",
                        "layer": -1,
                        "colorTo": "ffffff00",
                        "color": "8B9BB4FF",
                        "progress": {
                            "type": "reload",
                            "op": "delay",
                            "amount": 0
                        },
                        "blending": "additive",
                        "outline": false,
                        "suffix": "-光"
                    },
                    {
                        "progress": {
                            "type": "reload",
                            "op": "delay",
                            "amount": 0
                        },
                        "type": "RegionPart",
                        "mirror": true,
                        "x": 0,
                        "y": 0,
                        "suffix": "-1",
                        "layer": 49.9,
                        "moveX": 0,
                        "moveY": 0,
                        "moveRot": -45
                    },
                    {
                        "progress": {
                            "type": "recoil",
                            "op": "delay",
                            "amount": 0.85
                        },
                        "type": "HaloPart",
                        "color": "8B9BB4FF",
                        "tri": true,
                        "mirror": true,
                        "hollow": true,
                        "shapes": 1,
                        "triLength": 0,
                        "triLengthTo": 10,
                        "radius": 5,
                        "radiusTo": 5,
                        "haloRadius": 0,
                        "shapeRotation": 45,
                        "haloRotateSpeed": 0,
                        "haloRotation": 0,
                        "layer": 110,
                        "x": -16,
                        "y": 52
                    },
                    {
                        "progress": {
                            "type": "recoil",
                            "op": "delay",
                            "amount": 0.85
                        },
                        "type": "HaloPart",
                        "color": "8B9BB4FF",
                        "tri": true,
                        "hollow": true,
                        "mirror": true,
                        "shapes": 1,
                        "triLength": 0,
                        "triLengthTo": 2,
                        "radius": 5,
                        "radiusTo": 5,
                        "haloRadius": 0,
                        "shapeRotation": -135,
                        "haloRotateSpeed": 0,
                        "haloRotation": 0,
                        "layer": 110,
                        "x": -16,
                        "y": 52
                    },
                    {
                        "progress": {
                            "type": "recoil",
                            "op": "delay",
                            "amount": 0.65
                        },
                        "type": "HaloPart",
                        "color": "8B9BB4FF",
                        "tri": true,
                        "mirror": true,
                        "hollow": true,
                        "shapes": 1,
                        "triLength": 0,
                        "triLengthTo": 20,
                        "radius": 5,
                        "radiusTo": 5,
                        "haloRadius": 0,
                        "shapeRotation": 45,
                        "haloRotateSpeed": 0,
                        "haloRotation": 0,
                        "layer": 110,
                        "x": -21,
                        "y": 42
                    },
                    {
                        "progress": {
                            "type": "recoil",
                            "op": "delay",
                            "amount": 0.65
                        },
                        "type": "HaloPart",
                        "color": "8B9BB4FF",
                        "tri": true,
                        "hollow": true,
                        "mirror": true,
                        "shapes": 1,
                        "triLength": 0,
                        "triLengthTo": 3,
                        "radius": 5,
                        "radiusTo": 5,
                        "haloRadius": 0,
                        "shapeRotation": -135,
                        "haloRotateSpeed": 0,
                        "haloRotation": 0,
                        "layer": 110,
                        "x": -21,
                        "y": 42
                    },
                    {
                        "progress": {
                            "type": "recoil",
                            "op": "delay",
                            "amount": 0.45
                        },
                        "type": "HaloPart",
                        "color": "8B9BB4FF",
                        "tri": true,
                        "mirror": true,
                        "hollow": true,
                        "shapes": 1,
                        "triLength": 0,
                        "triLengthTo": 25,
                        "radius": 5,
                        "radiusTo": 5,
                        "haloRadius": 0,
                        "shapeRotation": 45,
                        "haloRotateSpeed": 0,
                        "haloRotation": 0,
                        "layer": 110,
                        "x": -27,
                        "y": 33
                    },
                    {
                        "progress": {
                            "type": "recoil",
                            "op": "delay",
                            "amount": 0.45
                        },
                        "type": "HaloPart",
                        "color": "8B9BB4FF",
                        "tri": true,
                        "hollow": true,
                        "mirror": true,
                        "shapes": 1,
                        "triLength": 0,
                        "triLengthTo": 4,
                        "radius": 5,
                        "radiusTo": 5,
                        "haloRadius": 0,
                        "shapeRotation": -135,
                        "haloRotateSpeed": 0,
                        "haloRotation": 0,
                        "layer": 110,
                        "x": -27,
                        "y": 33
                    },
                    {
                        "progress": {
                            "type": "recoil",
                            "op": "delay",
                            "amount": 0.25
                        },
                        "type": "HaloPart",
                        "color": "8B9BB4FF",
                        "tri": true,
                        "mirror": true,
                        "hollow": true,
                        "shapes": 1,
                        "triLength": 0,
                        "triLengthTo": 35,
                        "radius": 5,
                        "radiusTo": 5,
                        "haloRadius": 0,
                        "shapeRotation": 45,
                        "haloRotateSpeed": 0,
                        "haloRotation": 0,
                        "layer": 110,
                        "x": -35,
                        "y": 20
                    },
                    {
                        "progress": {
                            "type": "recoil",
                            "op": "delay",
                            "amount": 0.25
                        },
                        "type": "HaloPart",
                        "color": "8B9BB4FF",
                        "tri": true,
                        "hollow": true,
                        "mirror": true,
                        "shapes": 1,
                        "triLength": 0,
                        "triLengthTo": 5,
                        "radius": 5,
                        "radiusTo": 5,
                        "haloRadius": 0,
                        "shapeRotation": -135,
                        "haloRotateSpeed": 0,
                        "haloRotation": 0,
                        "layer": 110,
                        "x": -35,
                        "y": 20
                    }
                ]
            }
        ]
    }
}