{
  "speed": 1.8,
  "mineSpeed": 20,
  "outlineColor": "3F414EFF",
  "buildSpeed": 3.7,
  "mineTier": 7,
  "itemCapacity": 200,
  "circleTarget": true,
  "accel": 0.03,
  "drag": 0.02,
  "flying": true,
  "health": 980,
  "hitSize": 21,
  "armor": 4,
  "faceTarget": false,
  "engineOffset": 8.5,
  "engineColor": "73FFAEFF",
  "targetAir": true,
  "weapons": [
    {
      "name": "gaurdian-weapon",
      "x": 0,
      "y": -7,
      "shootCone": 25,
      "mirror": false,
      "alternate": false,
      "shoot": {
        "shots": 6
      },
      "velocityRnd": 0.6,
      "reload": 50,
      "ignoreRotation": true,
      "shootSound": "plamsadrop",
      "inaccuracy": 23,
      "bullet": {
        "damage": 10,
        "speed": -1.5,
        "drag": 0.04,
        "type": "basicBulletType",
        "collidesAir": false,
        "collidesGround": true,
        "collidesTiles": true,
        "collidesTeam": true,
        "status": "slow",
        "statusDuration": 500,
        "healPercent": 50,
        "shrinkY": 0,
        "shrinkX": 0,
        "trailColor": "73FFAEFF",
        "trailLength": 10,
        "trailWidth": 2,
        "despawnShake": 3,
        "hitSound": "plasmaboom",
        "buildingDamageMultiplier": "0.2",
        "sprite": "circle-bullet",
        "splashDamage": 26,
        "splashDamageRadius": 60,
        "keepVelocity": false,
        "shootEffect": "none",
        "hitEffect": {
          "type": "ParticleEffect",
          "particles": 20,
          "length": 35,
          "lifetime": 46,
          "interp": "circleOut",
          "cone": 360,
          "colorFrom": "73FFAEFF",
          "colorTo": "73FFAEFF",
          "sizeFrom": 4,
          "sizeTo": 0
        },
        "width": 7,
        "height": 7,
        "lifetime": 140,
        "frontColor": "FFFFFFF",
        "mixColorTo": "FFFFFFF",
        "backColor": "73FFAEFF"
      }
    }
  ],
  "abilities": [
    {
      "type": "mindustry.entities.abilities.RepairFieldAbility",
      "activeEffect": {
        "type": "WaveEffect",
        "lifetime": 25,
        "sizeFrom": 0,
        "sizeTo": 80,
        "strokeFrom": 6,
        "strokeTo": 0,
        "colorFrom": "73FFAEFF",
        "colorTo": "73FFAEFF"
      },
      "healEffect": {
        "type": "WaveEffect",
        "lifetime": 25,
        "sizeFrom": 0,
        "sizeTo": 10,
        "strokeFrom": 6,
        "strokeTo": 0,
        "colorFrom": "73FFAEFF",
        "colorTo": "73FFAEFF"
      },
      "range": 80,
      "amount": 80,
      "reload": 80
    }
  ]
}
