{
  "name": "Thyme",
  "research": "aster",
  "type": "legs",
  "outlineColor": "34353EFF",
  "armor": 10,
  "outlines": true,
  "groundLayer": 75,
  "rotateSpeed": 2.5,
  "canDrown": false,
  "hitSize": 38,
  "buildSpeed": 3.6,
  "legCount": 8,
  "legMoveSpace": 1,
  "legLength": 37,
  "legExtension": -10,
  "legBaseOffset": 14,
  "legSpeed": 0.2,
  "legLengthScl": 0.96,
  "rippleScale": 2,
  "legSplashDamage": 22,
  "legSplashRange": 30,
  "allowLegStep": true,
  "hovering": true,
  "drownTimeMultiplier": 10,
  "singleTarget": true,
  "speed": 0.52,
  "health": 16000,
  "range": 215,
  "immunities": [
    "corroded",
    "slow"
  ],
  "weapons": [
    {
      "name": "disk-launcher",
      "top": false,
      "shootY": 7,
      "layerOffset": -0.001,
      "reload": 70,
      "x": -15,
      "y": 12,
      "alternate": true,
      "mirror": true,
      "recoil": 1,
      "shootSound": "laser",
      "bullet": {
        "colors": [
          "57D993aa",
          "73FFAEFF",
          "FFFFFFF"
        ],
        "type": "LaserBulletType",
        "length": 200,
        "width": 22,
        "damage": 60,
        "shootEffect": {
          "type": "WaveEffect",
          "lifetime": 15,
          "sizeFrom": 0,
          "sizeTo": 10,
          "strokeFrom": 1,
          "strokeTo": 0,
          "colorFrom": "FFFFFFFF",
          "colorTo": "73FFAEF"
        },
        "hitEffect": {
          "type": "ParticleEffect",
          "line": true,
          "particles": 8,
          "lifetime": 32,
          "length": 65,
          "cone": -360,
          "lenFrom": 7,
          "lenTo": 3,
          "lightColor": "73FFAEFF",
          "colorFrom": "73FFAEFF",
          "colorTo": "57D993FF"
        },
        "lightColor": "73FFAEF",
        "buildingDamageMultiplier": 0.50,
        "sideAngle": 25,
        "sideLength": 32,
        "sideWidth": 1
      }
    },
    {
      "name": "quantra-bolter",
      "top": true,
      "x": 7,
      "y": -2,
      "rotate": true,
      "rotateSpeed": 1.8,
      "reload": 7,
      "inaccuracy": 8,
      "recoil": 3,
      "shake": 0.5,
      "ejectEffect": "casing2",
      "velocityRnd": 0.2,
      "shootSound": "shoot",
      "bullet": {
        "type": "basicBulletType",
        "splashDamageRadius": 1,
        "splashDamage": 1,
        "hitEffect": {
          "type": "MultiEffect",
          "effects": [
            {
              "type": "ParticleEffect",
              "line": true,
              "particles": 3,
              "lifetime": 25,
              "length": 35,
              "lenFrom": 6,
              "lenTo": 6,
              "lightColor": "73FFAEFF",
              "colorFrom": "73FFAEFF",
              "colorTo": "57D993FF"
            },
            {
              "type": "ParticleEffect",
              "particles": 2,
              "length": 20,
              "lifetime": 30,
              "interp": "circleOut",
              "sizeInterp": "pow5In",
              "lightColor": "73FFAEFF",
              "colorFrom": "73FFAEFF",
              "colorTo": "57D993FF",
              "sizeFrom": 4.5,
              "sizeTo": 0
            },
            {
              "type": "ParticleEffect",
              "particles": 2,
              "length": 10,
              "lifetime": 20,
              "interp": "circleOut",
              "sizeInterp": "pow5In",
              "lightColor": "73FFAEFF",
              "colorFrom": "73FFAEFF",
              "colorTo": "57D993FF",
              "sizeFrom": 3.5,
              "sizeTo": 0
            },
            {
              "type": "ParticleEffect",
              "particles": 2,
              "length": 20,
              "lifetime": 15,
              "interp": "circleOut",
              "sizeInterp": "pow5In",
              "lightColor": "73FFAEFF",
              "colorFrom": "73FFAEFF",
              "colorTo": "57D993FF",
              "sizeFrom": 2,
              "sizeTo": 0
            }
          ]
        },
        "shootEffect": "shootBig2",
        "trailColor": "73FFAEFF",
        "trailParam": 5,
        "trailLength": 13,
        "trailWidth": 2,
        "knockback": 0.5,
        "lifetime": 60,
        "damage": 40,
        "speed": 4,
        "width": 9,
        "height": 10,
        "backColor": "73FFAEFF",
        "frontColor": "FFFFFF"
      }
    },
    {
      "name": "thymus-mount",
      "x": 16,
      "y": -2,
      "reload": 25,
      "alternate": true,
      "rotate": true,
      "rotateSpeed": 1.8,
      "top": true,
      "recoil": 4,
      "shootY": 7,
      "heatColor": "73FFAEFF",
      "shootSound": "laser",
      "ejectEffect": "none",
      "bullet": {
        "type": "basicBulletType",
        "sprite": "exogenesis-pointy-bullet",
        "damage": 200,
        "collidesTeam": true,
        "healPercent": 20,
        "pierceCap": 8,
        "buildingDamageMultiplier": 1.8,
        "pierceBuilding": true,
        "trailEffect": {
          "type": "ParticleEffect",
          "particles": 1,
          "length": 0,
          "lifetime": 30,
          "region": "exogenesis-tall",
          "lightColor": "73FFAEFF",
          "colorFrom": "73FFAEFF",
          "colorTo": "57D99300",
          "sizeFrom": 23,
          "sizeTo": 1
        },
        "speed": 6,
        "shrinkY": 0,
        "shrinkX": 0,
        "trailColor": "73FFAEFF",
        "trailLength": 15,
        "trailInterval": 7,
        "trailRotation": true,
        "trailWidth": 3,
        "width": 14,
        "height": 19,
        "shootEffect": {
          "type": "ParticleEffect",
          "line": true,
          "particles": 8,
          "lifetime": 32,
          "length": 45,
          "cone": -35,
          "lenFrom": 6,
          "lenTo": 0,
          "lightColor": "73FFAEFF",
          "colorFrom": "73FFAEFF",
          "colorTo": "57D993FF"
        },
        "lifetime": 80,
        "homingRange": 100,
        "homingDelay": 10,
        "homingPower": 0.8,
        "despawnEffect": "none",
        "hitEffect": {
          "type": "ParticleEffect",
          "line": true,
          "particles": 8,
          "lifetime": 32,
          "length": 65,
          "cone": -360,
          "lenFrom": 7,
          "lenTo": 3,
          "lightColor": "73FFAEFF",
          "colorFrom": "73FFAEFF",
          "colorTo": "57D993FF"
        },
        "lightColor": "73FFAEFF",
        "backColor": "73FFAEFF",
        "frontColor": "FFFFFF"
      }
    }
  ],
  "abilities": [
    {
      "type": "mindustry.entities.abilities.RepairFieldAbility",
      "activeEffect": {
        "type": "WaveEffect",
        "lifetime": 45,
        "sizeFrom": 0,
        "sizeTo": 180,
        "sides": 8,
        "strokeFrom": 3,
        "strokeTo": 0,
        "lightColor": "73FFAEFF",
        "colorFrom": "73FFAEFF",
        "colorTo": "57D993FF"
      },
      "healEffect": {
        "type": "WaveEffect",
        "lifetime": 45,
        "sizeFrom": 0,
        "sizeTo": 10,
        "strokeFrom": 2,
        "strokeTo": 0,
        "lightColor": "73FFAEFF",
        "colorFrom": "73FFAEFF",
        "colorTo": "57D993FF"
      },
      "range": 180,
      "amount": 1000,
      "reload": 280
    }
  ]
}
