{
  "research": "aster",
  "type": "mech",
  "armor": 7,
  "rotateSpeed": 2.5,
  "canDrown": false,
  "hitSize": 35,
  "buildSpeed": 3.6,
  "mechFrontSway": 1,
  "outlineRadius": 0,
  "drownTimeMultiplier": 5,
  "singleTarget": true,
  "speed": 0.56,
  "health": 7000,
  "range": 215,
  "immunities": [
    "corroded",
    "slow"
  ],
  "weapons": [
    {
      "name": "large-disk-launcher",
      "x": 20.5,
      "y": -3,
      "reload": 80,
      "alternate": true,
      "top": false,
      "recoil": 4,
      "shootY": 14,
      "layerOffset": -0.001,
      "heatColor": "73FFAEFF",
      "soundPitchMin": 1.5,
      "soundPitchMax": 1.5,
      "cooldownTime": 120,
      "shootSound": "laser",
      "bullet": {
        "type": "basicBulletType",
        "sprite": "exogenesis-large-disk-bullet",
        "damage": 80,
        "splashDamage": 60,
        "splashDamageRadius": 45,
        "collidesTeam": true,
        "healPercent": 1,
        "pierceCap": 8,
        "spin": 6,
        "buildingDamageMultiplier": 1.30,
        "pierceBuilding": true,
        "pierce": true,
        "trailEffect": {
          "type": "ParticleEffect",
          "particles": 1,
          "length": 0,
          "lifetime": 30,
          "spin": 6,
          "region": "exogenesis-large-disk-trail",
          "lightColor": "73FFAEFF",
          "colorFrom": "73FFAEFF",
          "colorTo": "57D99300",
          "sizeFrom": 10,
          "sizeTo": 10
        },
        "speed": 6,
        "shrinkY": 0,
        "shrinkX": 0,
        "width": 22,
        "height": 22,
        "trailChance": 1,
        "shootEffect": {
          "type": "ParticleEffect",
          "line": true,
          "particles": 8,
          "lifetime": 32,
          "length": 45,
          "cone": -35,
          "lenFrom": 6,
          "lenTo": 0,
          "lightColor": "73FFAEFF",
          "colorFrom": "73FFAEFF",
          "colorTo": "57D993FF"
        },
        "lifetime": 70,
        "homingRange": 130,
        "homingDelay": 10,
        "homingPower": 0.8,
        "despawnEffect": "none",
        "hitEffect": {
          "type": "ParticleEffect",
          "line": true,
          "particles": 8,
          "lifetime": 32,
          "length": 65,
          "cone": -360,
          "lenFrom": 7,
          "lenTo": 3,
          "lightColor": "73FFAEFF",
          "colorFrom": "73FFAEFF",
          "colorTo": "57D993FF"
        },
        "lightColor": "73FFAEFF",
        "backColor": "73FFAEFF",
        "frontColor": "FFFFFF"
      }
    },
    {
      "name": "quantra-bolter",
      "top": true,
      "x": 15,
      "y": -7,
      "rotate": true,
      "rotateSpeed": 1.8,
      "reload": 7,
      "inaccuracy": 8,
      "shoot": {
        "shots": 2
      },
      "recoil": 3,
      "shootY": 5,
      "ejectEffect": "casing2",
      "velocityRnd": 0.2,
      "shootSound": "shoot",
      "bullet": {
        "type": "basicBulletType",
        "splashDamageRadius": 1,
        "splashDamage": 1,
        "hitEffect": {
          "type": "MultiEffect",
          "effects": [
            {
              "type": "ParticleEffect",
              "line": true,
              "particles": 5,
              "lifetime": 25,
              "length": 35,
              "lenFrom": 6,
              "lenTo": 6,
              "lightColor": "73FFAEFF",
              "colorFrom": "73FFAEFF",
              "colorTo": "57D993FF"
            },
            {
              "type": "ParticleEffect",
              "particles": 4,
              "length": 35,
              "lifetime": 30,
              "interp": "pow3Out",
              "sizeInterp": "pow5In",
              "offset": 30,
              "colorFrom": "787878",
              "colorTo": "787878",
              "sizeFrom": 3,
              "sizeTo": 0
            },
            {
              "type": "ParticleEffect",
              "particles": 2,
              "length": 20,
              "lifetime": 30,
              "interp": "circleOut",
              "sizeInterp": "pow5In",
              "lightColor": "73FFAEFF",
              "colorFrom": "73FFAEFF",
              "colorTo": "57D993FF",
              "sizeFrom": 4.5,
              "sizeTo": 0
            },
            {
              "type": "ParticleEffect",
              "particles": 2,
              "length": 20,
              "lifetime": 20,
              "interp": "circleOut",
              "sizeInterp": "pow5In",
              "lightColor": "73FFAEFF",
              "colorFrom": "73FFAEFF",
              "colorTo": "57D993FF",
              "sizeFrom": 3.5,
              "sizeTo": 0
            },
            {
              "type": "ParticleEffect",
              "particles": 3,
              "length": 30,
              "lifetime": 15,
              "interp": "circleOut",
              "sizeInterp": "pow5In",
              "lightColor": "73FFAEFF",
              "colorFrom": "73FFAEFF",
              "colorTo": "57D993FF",
              "sizeFrom": 2,
              "sizeTo": 0
            }
          ]
        },
        "shootEffect": "shootBig2",
        "trailColor": "73FFAEFF",
        "trailParam": 5,
        "trailLength": 13,
        "trailWidth": 2,
        "knockback": 0.5,
        "lifetime": 60,
        "damage": 40,
        "speed": 4,
        "width": 9,
        "height": 10,
        "backColor": "73FFAEFF",
        "frontColor": "FFFFFF"
      }
    }
  ],
  "abilities": [
    {
      "type": "mindustry.entities.abilities.RepairFieldAbility",
      "activeEffect": {
        "type": "WaveEffect",
        "lifetime": 45,
        "sizeFrom": 0,
        "sizeTo": 180,
        "sides": 8,
        "strokeFrom": 3,
        "strokeTo": 0,
        "lightColor": "73FFAEFF",
        "colorFrom": "73FFAEFF",
        "colorTo": "57D993FF"
      },
      "healEffect": {
        "type": "WaveEffect",
        "lifetime": 45,
        "sizeFrom": 0,
        "sizeTo": 10,
        "strokeFrom": 2,
        "strokeTo": 0,
        "lightColor": "73FFAEFF",
        "colorFrom": "73FFAEFF",
        "colorTo": "57D993FF"
      },
      "range": 180,
      "amount": 200,
      "reload": 280
    }
  ]
}
