{
	"type": "flying",
	"name": "星海",
	"speed": 1.2,
	"drag": 0.04,
	"accel": 0.1,
	"rotateSpeed": 4,
	"ammoType": {
		"type": "PowerAmmoType",
		"totalPower": 1100
	},
	"ammoCapacity": 100,
	"hitSize": 60,
	"buildSpeed": 0.35,
	"flying": true,
	"faceTarget": true,
	"health": 23680,
	"armor": 45,
	"lowAltitude": true,
	"itemCapacity": 0,
	"engineOffset": 20,
	"engineSize": 10,
	"weapons": [
		{
			"name": "星海-1",
			"x":32.7,
			"y":-24.44,
			"rotateSpeed": 1.5,
			"mirror": true,
			"shootY": 18,
			"reload": 100,
			"rotate": true,
			"recoil": 0,
			"top": true,
			"cooldownTime": 10,
			"shootSound": "mediumCannon",
			"shake": 8,
			"bullet": {
				"damage": 250,
				"splashDamage": 135,
				"splashDamageRadius": 55,
				"speed": 31,
				"lifetime": 15,
				"lightning": 2,
				"lightningDamage": 90,
				"lightningLength": 15,
				"lightningColor": "FEEBB3",
				"shrinkY": 0,
				"frontColor": "FFFFFF",
				"backColor": "FEEBB3",
				"trailLength": 15,
				"trailWidth": 2.2,
				"trailColor": "FEEBB3",
				"pierce": true,
				"pierceCap": 4,
				"knockback": 8,
				"hitEffect": {
					"type": "MultiEffect",
					"effects": [
						{
							"type": "ParticleEffect",
							"particles": 9,
							"sizeFrom": 10,
							"sizeTo": 0,
							"length": 65,
							"baseLength": 0,
							"lifetime": 15,
							"colorFrom": "FEEBB3",
							"colorTo": "FFFFFF",
							"cone": 40
						},
						{
							"type": "WaveEffect",
							"lifetime": 10,
							"sizeFrom": 2,
							"sizeTo": 60,
							"strokeFrom": 10,
							"strokeTo": 0,
							"colorFrom": "FEEBB3",
							"colorTo": "FEEBB3"
						}
					]
				},
				"shootEffect": {
					"type": "MultiEffect",
					"effects": [
						{
							"type": "ParticleEffect",
							"particles": 6,
							"sizeFrom": 8,
							"sizeTo": 0,
							"length": 55,
							"baseLength": 0,
							"lifetime": 33,
							"colorFrom": "FEEBB3",
							"colorTo": "FFFFFF",
							"cone": 35
						},
						{
							"type": "WaveEffect",
							"lifetime": 10,
							"sizeFrom": 0,
							"sizeTo": 30,
							"strokeFrom": 3,
							"strokeTo": 0,
							"colorFrom": "FEEBB3",
							"colorTo": "FFFFFF"
						}
					]
				},
				"smokeEffect": "smokeCloud",
				"width": 16,
				"height": 28,
				"hitSound": "plasmaboom",
				"fragLifeMin": 0.1,
				"fragBullets": 3,
				"fragRandomSpread": 60,
				"fragBullet": {
					"type": "PointBulletType",
					"trailEffect": "none",
					"despawnEffect": "none",
					"status": "blasted",
					"hitEffect": {
						"type": "MultiEffect",
						"effects": [
							{
								"type": "ParticleEffect",
								"particles": 9,
								"sizeFrom": 8,
								"sizeTo": 0,
								"length": 55,
								"baseLength": 0,
								"lifetime": 15,
								"colorFrom": "FEEBB3",
								"colorTo": "FEEBB3"
							},
							{
								"type": "WaveEffect",
								"lifetime": 15,
								"sizeFrom": 2,
								"sizeTo": 40,
								"strokeFrom": 6,
								"strokeTo": 0,
								"colorFrom": "FEEBB3",
								"colorTo": "FEEBB3"
							}
						]
					},
					"hitSound": "laser",
					"collides": false,
					"damage": 250,
					"splashDamageRadius": 40,
					"splashDamage": 85,
					"buildingDamageMultiplier": 2.25,
					"lifetime": 10,
					"speed": 8
				},
				"despawnEffect": "bigShockwave"
			},
		}
		{
		"name":"星海-2",
	"reload": 300,
			"x": 0,
			"shootY": 8,
			"rotate": false,
			"top": false,
			"recoil": 0,
			"cooldownTime": 60,
			"inaccuracy": 0,
			"mirror": false,
			"shootSound": "torch",
			"alwaysContinuous": true,
			"shootWarmupSpeed": 0.125,
			"minWarmup": 0.98,
			"bullet": {
				"type": "ContinuousFlameBulletType",
				"recoil": 0.03,
				"knockback": 5,
				"damage": 67,
				"incendChance": 0,
				"status": "corroded",
				"statusDuration": 180,
				"laserAbsorb": true,
				"smokeEffect": {
					"type": "ParticleEffect",
					"particles": 9,
					"sizeFrom": 5,
					"sizeTo": 0,
					"baseLength": 4,
					"length": 50,
					"interp": "pow10Out",
					"sizeInterp": "pow5In",
					"lifetime": 20,
					"colorFrom": "FFFFFF",
					"colorTo": "8CA9E8"
					"cone": 12
				},
				"shootEffect": {
					"type":"WaveEffect",
					"sizeFrom": 0,
					"sizeTo": 50,
					"interp": "circleOut",
					"strokeFrom": 8,
					"strokeTo": 0,
			"colorFrom": "FFFFFF",
					"colorTo": "8CA9E8"
				},
				"lightColor": "8CA9E888",
				"flareColor": "8CA9E8",
				"hitColor": "8CA9E8",
				"colors": [
					"8CA9E8",
					"8CA9E880",
					"FFFFFF",
					"FFFFFF"
				],
				"length": 320,
				"width": 10
			}
		}
	]
}