{
	"type": "ItemTurret",
	"name": "砺石",
	"description":"石器时代的强将。"
	"health": 120,
	"size": 1,
	"reload":5, //装弹
	"range": 168, //范围
	"maxAmmo": 20,
	"shake": 2,
	"shoot": {
		"shots": 2,
		"shotDelay": 10
		"type": "ShootBarrel",
		"barrels": [
		0,2,0,
		]
	},
	"consumes": {
		"coolant": {
			"amount": 0.2,
		}
	},
	"ammoUseEffect": "none",
	"shootSound": "missile",
	"inaccuracy": 6,
	"rotateSpeed": 14,
	"ammoTypes": {
		"石头": {
			"type": "MissileBulletType",
			"splashDamageRadius": 7,
			"splashDamage":18,
			"speed":4,
			"damage": 25,
			"sprite": "粒子科技-石块",
			"backColor": "AAAAAA",
			"frontColor": "DDDDDD",
			"lifetime":40,
			"homingPower": 0.01, //回力量
			"homingRange":10,
			"width": 6,
			"height": 6,
			"ammoMultiplier": 2,
			"hitEffect": "flakExplosion"
		},
		"黏土": {
			"type": "MissileBulletType",
			"splashDamageRadius": 5,
			"splashDamage":8,
			"speed": 3,
			"damage": 15,
			"sprite": "粒子科技-石块",
			"backColor": "AAAAAA",
			"frontColor": "DDDDDD",
			"lifetime":40,
			"status": "wet",
			"statusDuration":300,
			"homingPower": 0.03,
			"homingRange": 40,
			"width": 6,
			"height": 6,
			"ammoMultiplier": 2,
			"hitEffect": "flakExplosion"
		}
	},
	"requirements": [
		"石头/10"
		"sand/5"
		"黏土/20"
	],
	"researchCostMultiplier": 0.2,
	"category": "turret",
	"research":"石头"
}