{
"reload":6,//60：0.1每秒一个
	"ammoTypes":{
			"metaglass":{
	        "speed": 4.5,
			"damage": 6,
			"reloadMultiplier":0.8,
			"lifetime":60,
			"width": 10,
			"height": 14,
			"ammoMultiplier":2,
			"splashDamageRadius":24,
            "splashDamage":30,
			"despawnEffect":"none",
//    	    "hitEffect":"none"
        	"smokeEffect":"shootBigSmoke"
			"shootEffect": "shootBig" 	
			"frontColor":"FFFFFF"	
			"backColor":"FFFFFF"	
			"fragBullets":4,
			"fragBullet":{
	"speed":2.4,
	"lifetime":15
	"damage":12
	"width":6,"height":10,
	"drag":0.01,
	"shrinkX":0,"shrinkY":1,
	"despawnEffect":"none",
	"hitEffect":"none",
	"frontColor":"FFFFFF",
    "backColor":"FFFFFF",
	}
	}
	"plastanium":{
	        "speed": 4.5,
			"damage": 8
			"reloadMultiplier":1,
			"lifetime":60,
			"width": 12,
			"height": 16,
			"ammoMultiplier":4,
			"splashDamageRadius":40,
            "splashDamage":45,
			"despawnEffect":"none",
    	    "hitEffect":{
    	    "type": "MultiEffect",
					"effects": [
{
        "type": "WaveEffect",
        "lifetime": 10,
        "sizeFrom": 1,
        "sizeTo": 40,
        "strokeFrom": 2,
        "strokeTo": 0,
//        "colorFrom": "FF7B7B",
        "colorTo": "EDF3A9"
    }
                        {
							"type": "ParticleEffect",
							"particles": 4,
							"sizeFrom": 4,
							"sizeTo": 0,
							"length": 60,
							"baseLength": 2,
							"lifetime": 20,
//							"colorFrom": "B8F8FF",
							"colorTo": "EDF3A9",
							"cone": 360
						},
						{
							"type": "ParticleEffect",
							"particles": 6,
							"sizeFrom": 1,
							"sizeTo": 0,
							"length": 100,
							"baseLength": 2,
							"lifetime": 15,
//							"colorFrom": "B8F8FF",
							"colorTo": "EDF3A9",
							"cone": 360
						},
						{
		"type": "ParticleEffect",
    "particles": 4,
    "length":80,
    "baseLength": 0,
    "lifetime": 15,
    "line": true,
    "lenFrom":4,
    "lenTo":0,
    "strokeFrom": 1,
    "strokeTo": 1,
        "cone": 360
        "colorFrom":"FFE4AAFF",
        "colorTo":"FF9F69FF",
        }
						]
						}
        	"smokeEffect":"shootBigSmoke"
			"shootEffect": "shootBig" 	
			"frontColor":"EDF3A9"	
	"backColor":"EDF3A9"	
			"fragBullets":4,
			"fragBullet":{
	"speed":2.4,
	"lifetime":15
	"damage":12
	"width":6,"height":10,
	"drag":0.01,
	"shrinkX":0,"shrinkY":1,
	"despawnEffect":"none",
	"hitEffect":"none",
	"frontColor":"EDF3A9"	
	"backColor":"EDF3A9"	
	}
	}
	"surge-alloy":{
	        "speed": 4.5,
			"damage": 13,
			"reloadMultiplier":1,
			"lifetime":60,
			"width": 12,
			"height": 16,
			"ammoMultiplier":5,
			"splashDamageRadius":37.5
            "splashDamage":90,
			"despawnEffect":"none",
    	    "hitEffect":{
    	    "type": "MultiEffect",
					"effects": [
{
        "type": "WaveEffect",
        "lifetime": 10,
        "sizeFrom": 1,
        "sizeTo": 37.5,
        "strokeFrom": 2,
        "strokeTo": 0,
//        "colorFrom": "FF7B7B",
        "color": "ffffff"
    }
                        {
							"type": "ParticleEffect",
							"particles": 4,
							"sizeFrom": 4,
							"sizeTo": 0,
							"length": 40,
							"baseLength": 2,
							"lifetime": 20,
//							"colorFrom": "B8F8FF",
							"color": "pow2In",
							"cone": 360
						},
						{
							"type": "ParticleEffect",
							"particles": 6,
							"sizeFrom": 1,
							"sizeTo": 0,
							"length": 64,
							"baseLength": 2,
							"lifetime": 15,
//							"colorFrom": "B8F8FF",
							"color": "pow2In",
							"cone": 360
						},
						{
		"type": "ParticleEffect",
    "particles": 4,
    "length":56,
    "baseLength": 0,
    "lifetime": 15,
    "line": true,
    "lenFrom":4,
    "lenTo":0,
    "strokeFrom": 1,
    "strokeTo": 1,
        "cone": 360
        "colorFrom":"FFE4AAFF",
        "colorTo":"FF9F69FF",
        }
						]
						}
        	"smokeEffect":"shootBigSmoke"
			"shootEffect": "shootBig" 
"lightningDamage":18,//闪电伤害
"lightning":2,//闪电数量
"lightningLength":7.5,//长度
"status":"shocked"	
	}
	"blast-compound":{
	        "speed": 4.5,
			"damage": 8,
			"reloadMultiplier":1,
			"lifetime":60,
			"width": 12,
			"height": 16,
			"ammoMultiplier":5,
			"splashDamageRadius":60,
            "splashDamage":60,
			"despawnEffect":"none",
    	    "hitEffect":{
    	    "type": "MultiEffect",
					"effects": [
{
        "type": "WaveEffect",
        "lifetime": 10,
        "sizeFrom": 1,
        "sizeTo": 50,
        "strokeFrom": 2,
        "strokeTo": 0,
//        "colorFrom": "FF7B7B",
        "color": "ffffff"
    }
                        {
							"type": "ParticleEffect",
							"particles": 4,
							"sizeFrom": 4,
							"sizeTo": 0,
							"length": 70,
							"baseLength": 2,
							"lifetime": 20,
//							"colorFrom": "B8F8FF",
							"color": "pow2In",
							"cone": 360
						},
						{
							"type": "ParticleEffect",
							"particles": 6,
							"sizeFrom": 1,
							"sizeTo": 0,
							"length": 110,
							"baseLength": 2,
							"lifetime": 15,
//							"colorFrom": "B8F8FF",
							"color": "pow2In",
							"cone": 360
						},
						{
		"type": "ParticleEffect",
    "particles": 4,
    "length":90,
    "baseLength": 0,
    "lifetime": 15,
    "line": true,
    "lenFrom":4,
    "lenTo":0,
    "strokeFrom": 1,
    "strokeTo": 1,
        "cone": 360
        "colorFrom":"FFE4AAFF",
        "colorTo":"FF9F69FF",
        }
						]
						}
        	"smokeEffect":"shootBigSmoke"
			"shootEffect": "shootBig" 	
			"status":"blasted"
	}
	"归零合金":{
	        "speed": 4.5,
			"damage": 15,
			"reloadMultiplier":0.85,
			"lifetime":60,
			"width": 12,
			"height": 16,
			"ammoMultiplier":4,
			"splashDamageRadius":50,
            "splashDamage":100,
			"despawnEffect":"none",
    	    "hitEffect":{
    	    "type": "MultiEffect",
					"effects": [
{
        "type": "WaveEffect",
        "lifetime": 10,
        "sizeFrom": 1,
        "sizeTo": 50,
        "strokeFrom": 2,
        "strokeTo": 0,
//        "colorFrom": "FF7B7B",
        "color": "ffffff"
    }
                        {
							"type": "ParticleEffect",
							"particles": 4,
							"sizeFrom": 4,
							"sizeTo": 0,
							"length": 70,
							"baseLength": 2,
							"lifetime": 20,
//							"colorFrom": "B8F8FF",
							"color": "pow2In",
							"cone": 360
						},
						{
							"type": "ParticleEffect",
							"particles": 6,
							"sizeFrom": 1,
							"sizeTo": 0,
							"length": 110,
							"baseLength": 2,
							"lifetime": 15,
//							"colorFrom": "B8F8FF",
							"color": "pow2In",
							"cone": 360
						},
						{
		"type": "ParticleEffect",
    "particles": 4,
    "length":90,
    "baseLength": 0,
    "lifetime": 15,
    "line": true,
    "lenFrom":4,
    "lenTo":0,
    "strokeFrom": 1,
    "strokeTo": 1,
        "cone": 360
        "colorFrom":"FFE4AAFF",
        "colorTo":"FF9F69FF",
        }
						]
						}
        	"smokeEffect":"shootBigSmoke"
			"shootEffect": "shootBig" 	
			"status":"shocked"
"lightningDamage":24,//闪电伤害
"lightning":2,//闪电数量
"lightningLength":9,//长度
"homingRange":60,
"homibgPower":0.025
	}
}
}