{
"ammoTypes": {
"titanium":{
	       "type":"ShrapnelBulletType"
     "damage": 90
      "length":80
	 "reloadMultiplier":1.3
	 "ammoMultiplier":4
	// "fromColor":"CB8EBFFF"
"toColor": "A4B8FA",
}
"thorium":{
	       "type":"ShrapnelBulletType"
     "damage": 150
      "length":80
	 "reloadMultiplier":1
	 "ammoMultiplier":5
	// "fromColor":"CB8EBFFF"
"toColor": "F9A3C7",
}
"碳钢":{
	       "type":"ShrapnelBulletType"
     "damage": 125
      "length":80
	 "reloadMultiplier":1.25
	 "ammoMultiplier":5
	// "fromColor":"CB8EBFFF"
"toColor": "A0B4CA",
}
"归零合金":{
	       "type":"ShrapnelBulletType"
	 "range":100
     "damage": 120
      "length":100
	 "reloadMultiplier":1.5
	 "ammoMultiplier":6
	// "fromColor":"CB8EBFFF"
"toColor": "D79FFF",
"status":"shocked"
"spawnBullets": [
				{
					"type": "LightningBulletType",
					"damage": 60,
					"lightningLength": 24,
					"lightningLengthRand": 2,
					"shootEffect": "shootHeal",
					"smokeEffect": "none",
					"instantDisappear": true,
					"lightningColor": "D79FFF",
					"hitColor": "D79FFF",
					"hitEffect": "hitLancer",
					"status": "shocked",
					//"despawnSound": "laser"
				}
			]
}
}
}