{
	"range":240,//攻击范围
	"reload":45,//60：0.1每秒一个
	                  "ammoUseEffect": "casing2",
	                  "shootSound":"shootBig",
	"rotatespeed":2,//旋转速度
	"maxAmmo":30,//最大弹药
	"targetAir":false//攻击天空
	"targetGround":true,//攻击地面
		"canOverdrive": false,
	"ammoTypes":{
			"graphite": {
			"type":"ArtilleryBulletType",
"frontColor":"9BCFFF",
"backColor":"9BCFFF",
"trailColor":"9BCFFF",
		    "reloadMultiplier":1,
			"speed": 3,
			"damage": 0,
			"knockback":1,
			"lifetime":60,
			"width": 8,
			"height": 8,
			"ammoMultiplier":1,
			"splashDamageRadius":20,
"splashDamage":45,
"collidesAir":false,
			"despawnEffect":"flakExplosionBig",
	    "hitEffect":"flakExplosionBig",
	"smokeEffect":"shootBigSmoke"
			"shootEffect": "shootBig" 		}
			"silicon": {
			"type":"ArtilleryBulletType",
"frontColor":"AEAEAE",
"backColor":"AEAEAE",
"trailColor":"AEAEAE",
		    "reloadMultiplier":1.2,
			"speed": 3,
			"damage": 8,
			"knockback":1,
			"lifetime":60,
			"width": 8,
			"height": 8,
			"ammoMultiplier":1,
			"splashDamageRadius":20,
			"collidesAir":false,
"splashDamage":45,
"homingRange":50,
"homingPower":0.015,
			"despawnEffect":"flakExplosionBig",
	    "hitEffect":"flakExplosionBig",
	"smokeEffect":"shootBigSmoke"
			"shootEffect": "shootBig" 		}
			"pyratite": {
			"type":"ArtilleryBulletType",
"frontColor":"FFE4AA",
"backColor":"FF9F69",
"trailColor":"FF9F69",
		    "reloadMultiplier":1,
			"speed": 3,
			"damage": 8,
			"knockback":1,
			"lifetime":60,
			"width": 8,
			"height": 8,
			"ammoMultiplier":1,
			"splashDamageRadius":20,
			"collidesAir":false,
"splashDamage":60,
			"despawnEffect":"flakExplosionBig",
	    "hitEffect":"flakExplosionBig",
	"smokeEffect":"shootBigSmoke"
			"shootEffect": "shootBig" 		
			"status":"burning",
"statusDuration":480,
			}
			"blast-compound": {
			"type":"ArtilleryBulletType",
"backColor":"FF6B54",
"frontColor":"FF9F67", 
"trailColor":"FF6B54",
		    "reloadMultiplier":1,
			"speed": 3,
			"damage": 8,
			"knockback":1,
			"lifetime":60,
			"width": 8,
			"height": 8,
			"ammoMultiplier":1,
			"splashDamageRadius":32,
			"collidesAir":false,
"splashDamage":80,
			"despawnEffect":"flakExplosionBig",
	    "hitEffect":"flakExplosionBig",
	"smokeEffect":"shootBigSmoke"
			"shootEffect": "shootBig" 		}
	},
	"category": "turret",
//	"research":"duo"
}