{
    "description":"混爆伤害高，十倍烈火刀刀爆",
	"ammoTypes":{
					"coal": {
//						"type":"FireBulletType",
		    "reloadMultiplier":1,
			"speed": 7
			"status":"burning",
    	    "statusDuration":240,
	        "width": 0.1,
			"height": 0.1,
			"hitSize": 8
			"lifetime":11,
    "colorFrom":"ffb855"
    "colorTo":"db661c"
			            "pierce": true,
			            "pierceBuilding": true,
			                        "hittable": false,
			                        "collidesAir":false,
            "keepVelocity": false,
					"ammoMultiplier":3,
			"shootEffect": "shootBig" 	
						"damage": 20,
			            "shootEffect": {
                "type": "MultiEffect",
                "effects": [
                    {
                        "type": "ParticleEffect",
                        "particles": 4,
                        "sizeTo": 0,
                        "sizeFrom": 2,
                        "colorTo": "db661c",
                        "colorFrom": "ffb855",
                        "cone": 5,  
                    "length": 70,
                        "lifetime": 30,
                        "layer": 101,
                        "interp": "circleOut",
                        "sizeInterp": "pow2In"
                    },
                    {
                        "type": "ParticleEffect",
                        "particles": 6,
                        "sizeTo": 0,
                        "sizeFrom": 2,
                        "colorTo": "db661c",
                        "colorFrom": "ffb855",
                        "cone": 5,
                    "length": 60,
                        "lifetime": 30,
                        "layer": 101,
                        "interp": "circleOut",
                        "sizeInterp": "pow2In"
                    },
                    
                                     {
                        "type": "ParticleEffect",
                        "particles": 3,
                        "sizeTo": 1,
                        "sizeFrom": 2,
                        "colorTo": "454545ff",
                        "colorFrom": "db661c",
                        "cone": 15,
                        "length": 75,
                        "lifetime": 30,
                        "layer": 100,
                        "interp": "circleOut",
                    }    
                ]
            },
		            "despawnEffect": "none",
            "hitEffect": "hitFlameSmall"
				    	},
				    	"pyratite": {
//						"type":"FireBulletType",
		    "reloadMultiplier":1,
			"speed": 7,
			"status":"burning",
	    "statusDuration":240,
			"lifetime":11,
			"width": 0.1,
			"height": 0.1,
			"hitSize": 8
    "colorFrom":"ffb855"
    "colorTo":"db661c"
			            "pierce": true,
			            "pierceBuilding": true,
			                        "hittable": false,
			                        "collidesAir":false,
            "keepVelocity": false,
					"ammoMultiplier":6,
			"shootEffect": "shootBig" 	
						"damage": 70,
			            "shootEffect": {
                "type": "MultiEffect",
                "effects": [
                    {
                        "type": "ParticleEffect",
                        "particles": 4,
                        "sizeTo": 0,
                        "sizeFrom": 2,
                        "colorTo": "db661c",
                        "colorFrom": "ffb855",
                        "cone": 5,  
                    "length": 70,
                        "lifetime": 30,
                        "layer": 101,
                        "interp": "circleOut",
                        "sizeInterp": "pow2In"
                    },
                    {
                        "type": "ParticleEffect",
                        "particles": 6,
                        "sizeTo": 0,
                        "sizeFrom": 2,
                        "colorTo": "db661c",
                        "colorFrom": "ffb855",
                        "cone": 5,
                    "length": 60,
                        "lifetime": 30,
                        "layer": 101,
                        "interp": "circleOut",
                        "sizeInterp": "pow2In"
                    },
                    
                                     {
                        "type": "ParticleEffect",
                        "particles": 3,
                        "sizeTo": 1,
                        "sizeFrom": 2,
                        "colorTo": "454545ff",
                        "colorFrom": "db661c",
                        "cone": 15,
                        "length": 75,
                        "lifetime": 30,
                        "layer": 100,
                        "interp": "circleOut",
                    }    
                ]
            },
		            "despawnEffect": "none",
            "hitEffect": "hitFlameSmall"
				    	},
				    	"blast-compound": {
//						"type":"FireBulletType",
		    "reloadMultiplier":0.8,
			"speed": 1,
			"status":"burning",
	    "statusDuration":240,
			"lifetime":1,
			"width": 0.1,
			"height": 0.1,
			"hitSize": 8
    "colorFrom":"ffb855"
    "colorTo":"db661c"
			            "pierce": true,
			            "pierceBuilding": true,
			                        "hittable": false,
			                        "collidesAir":false,
            "keepVelocity": false,
					"ammoMultiplier":6,
			"shootEffect": "shootBig" 	
						"damage": 70,
						"fragBullets":3,
               "fragRandomSpread":20,//随机分裂角度
			"fragSpread":360,//分裂角度
			"fragAngle":0,//分裂起始角度
			"fragVelocityMin":1,//最小分裂弹速度
	    "fragVelocityMax":1,//最大分裂弹速
	    "fragLifeMin":0.1,
"fragBullet":{
"type":"ArtilleryBulletType",
"trailEffect": "none"
"speed": 7
"lifetime": 8,
"width": 0.1,
"height": 0.1,
"splashDamageRadius":24,
"splashDamage":60,
"collidesAir":false,
"hitShake":0.5,
"hitSound": "bang"
"status": "blasted"
}
			            "shootEffect": {
                "type": "MultiEffect",
                "effects": [
                    {
                        "type": "ParticleEffect",
                        "particles": 4,
                        "sizeTo": 0,
                        "sizeFrom": 2,
                        "colorTo": "db661c",
                        "colorFrom": "ffb855",
                        "cone": 5,  
                    "length": 70,
                        "lifetime": 30,
                        "layer": 101,
                        "interp": "circleOut",
                        "sizeInterp": "pow2In"
                    },
                    {
                        "type": "ParticleEffect",
                        "particles": 6,
                        "sizeTo": 0,
                        "sizeFrom": 2,
                        "colorTo": "db661c",
                        "colorFrom": "ffb855",
                        "cone": 5,
                    "length": 60,
                        "lifetime": 30,
                        "layer": 101,
                        "interp": "circleOut",
                        "sizeInterp": "pow2In"
                    },
                    
                                     {
                        "type": "ParticleEffect",
                        "particles": 3,
                        "sizeTo": 1,
                        "sizeFrom": 2,
                        "colorTo": "454545ff",
                        "colorFrom": "db661c",
                        "cone": 15,
                        "length": 75,
                        "lifetime": 30,
                        "layer": 100,
                        "interp": "circleOut",
                    }    
                ]
            },
		            "despawnEffect": "none",
            "hitEffect": "hitFlameSmall"
				    	},
	},
}