{
	"ammoTypes":{

					"surge-alloy": {
					"frontColor":"FFE4AA",
            "backColor":"FF9F69",
						"type":"MissileBulletType",
							"damage": 24,
			"speed": 3,
			"lifetime":85,
			"width": 6,
			"height": 10,
			"shootEffect": "shootBig" 	
			"ammoMultiplier":4,
				    "splashDamageRadius":25,
	    "splashDamage":45,	
	    "lightningDamage": 12,
"lightning": 2,
"lightningLength": 10
    "homingPower":0.03,
	  	"homingRange":40,
	  	"hitEffect":{
    	    "type": "MultiEffect",
					"effects": [
{
        "type": "WaveEffect",
        "lifetime": 10,
        "sizeFrom": 1,
        "sizeTo": 25,
        "strokeFrom": 2,
        "strokeTo": 0,
        "colorFrom": "FF9F69",
        "colorTo": "FFE4AA"
    }
    {
        "type": "WaveEffect",
        "lifetime": 10,
        "sizeFrom": 1,
        "sizeTo": 10,
        "strokeFrom": 1.2,
        "strokeTo": 0,
        "colorFrom": "FF9F69",
        "colorTo": "FFE4AA"
    }
                        {
							"type": "ParticleEffect",
							"particles": 4,
							"sizeFrom": 7,
							"sizeTo": 0,
							"length": 6,
							"baseLength": 0,
							"lifetime": 20,
							"colorFrom": "A1A6AEFF",
							"colorTo": "A1A6AEFF",
							"cone": 360
						},
						{
							"type": "ParticleEffect",
							"particles": 4,
							"sizeFrom": 1,
							"sizeTo": 0,
							"length": 8,
							"baseLength": 0,
							"lifetime": 20,
							"colorFrom": "A1A6AEFF",
							"colorTo": "A1A6AEFF",
							"cone": 360
						},
						{
		"type": "ParticleEffect",
    "particles": 4,
    "length":20,
    "baseLength": 0,
    "lifetime": 15,
    "line": true,
    "lenFrom":4,
    "lenTo":0,
    "strokeFrom": 1,
    "strokeTo": 1,
        "cone": 360
        "colorFrom":"FFE4AAFF",
        "colorTo":"FFE4AAFF",
        }
        {
		"type": "ParticleEffect",
    "particles": 4,
    "length":24,
    "baseLength": 0,
    "lifetime": 20,
    "line": true,
    "lenFrom":5,
    "lenTo":0,
    "strokeFrom": 1,
    "strokeTo": 1,
        "cone": 360
        "colorFrom":"FF9F69FF",
        "colorTo":"FF9F69FF",
        }
						]
						}
	  	"status":"shocked",
	  		   	   },
	    
		"blast-compound": {
		
						"type":"MissileBulletType",
							"damage": 14,
			"speed": 3,
			"lifetime":85,
			"width": 6,
			"height": 10,
			"shootEffect": "shootBig" 	
			"ammoMultiplier":5,
				    "splashDamageRadius":30,
	    "splashDamage":55,	
    "homingPower":0.03,
	  	"homingRange":40,	    	
	  		"status":"blasted",
	  		"frontColor":"FFE4AA",
            "backColor":"FF9F69",
            "hitEffect":{
    	    "type": "MultiEffect",
					"effects": [
{
        "type": "WaveEffect",
        "lifetime": 10,
        "sizeFrom": 1,
        "sizeTo": 30,
        "strokeFrom": 2,
        "strokeTo": 0,
        "colorFrom": "FF9F69",
        "colorTo": "FFE4AA"
    }
    {
        "type": "WaveEffect",
        "lifetime": 10,
        "sizeFrom": 1,
        "sizeTo": 12,
        "strokeFrom": 1.2,
        "strokeTo": 0,
        "colorFrom": "FF9F69",
        "colorTo": "FFE4AA"
    }
                        {
							"type": "ParticleEffect",
							"particles": 4,
							"sizeFrom": 7,
							"sizeTo": 0,
							"length": 6,
							"baseLength": 0,
							"lifetime": 20,
							"colorFrom": "A1A6AEFF",
							"colorTo": "A1A6AEFF",
							"cone": 360
						},
						{
							"type": "ParticleEffect",
							"particles": 4,
							"sizeFrom": 1,
							"sizeTo": 0,
							"length": 8,
							"baseLength": 0,
							"lifetime": 20,
							"colorFrom": "A1A6AEFF",
							"colorTo": "A1A6AEFF",
							"cone": 360
						},
						{
		"type": "ParticleEffect",
    "particles": 4,
    "length":20,
    "baseLength": 0,
    "lifetime": 15,
    "line": true,
    "lenFrom":4,
    "lenTo":0,
    "strokeFrom": 1,
    "strokeTo": 1,
        "cone": 360
        "colorFrom":"FFE4AAFF",
        "colorTo":"FFE4AAFF",
        }
        {
		"type": "ParticleEffect",
    "particles": 4,
    "length":24,
    "baseLength": 0,
    "lifetime": 20,
    "line": true,
    "lenFrom":5,
    "lenTo":0,
    "strokeFrom": 1,
    "strokeTo": 1,
        "cone": 360
        "colorFrom":"FF9F69FF",
        "colorTo":"FF9F69FF",
        }
						]
						}
	},
	
		"pyratite": {
		"backColor":"FF6B54",
            "frontColor":"FF9F67", 
						"type":"MissileBulletType",
							"damage": 16,
			"speed": 3,
			"lifetime":85,
			"width": 6,
			"height": 10,
			"shootEffect": "shootBig" 	
			"ammoMultiplier":5,
				    "splashDamageRadius":20,
	    "splashDamage":55,	
    "homingPower":0.03,
	  	"homingRange":40,	  
	  	"status":"burning",
	    "statusDuration":480, 
	    "hitEffect":{
    	    "type": "MultiEffect",
					"effects": [
{
        "type": "WaveEffect",
        "lifetime": 10,
        "sizeFrom": 1,
        "sizeTo": 20,
        "strokeFrom": 2,
        "strokeTo": 0,
        "colorFrom": "FF9F69",
        "colorTo": "FFE4AA"
    }
    {
        "type": "WaveEffect",
        "lifetime": 10,
        "sizeFrom": 1,
        "sizeTo": 7.5,
        "strokeFrom": 1,
        "strokeTo": 0,
        "colorFrom": "FF9F69",
        "colorTo": "FFE4AA"
    }
                        {
							"type": "ParticleEffect",
							"particles": 4,
							"sizeFrom": 7,
							"sizeTo": 0,
							"length": 6,
							"baseLength": 0,
							"lifetime": 20,
							"colorFrom": "A1A6AEFF",
							"colorTo": "A1A6AEFF",
							"cone": 360
						},
						{
							"type": "ParticleEffect",
							"particles": 4,
							"sizeFrom": 1,
							"sizeTo": 0,
							"length": 8,
							"baseLength": 0,
							"lifetime": 20,
							"colorFrom": "A1A6AEFF",
							"colorTo": "A1A6AEFF",
							"cone": 360
						},
						{
		"type": "ParticleEffect",
    "particles": 4,
    "length":20,
    "baseLength": 0,
    "lifetime": 15,
    "line": true,
    "lenFrom":4,
    "lenTo":0,
    "strokeFrom": 1,
    "strokeTo": 1,
        "cone": 360
        "colorFrom":"FFE4AAFF",
        "colorTo":"FFE4AAFF",
        }
        {
		"type": "ParticleEffect",
    "particles": 4,
    "length":24,
    "baseLength": 0,
    "lifetime": 20,
    "line": true,
    "lenFrom":5,
    "lenTo":0,
    "strokeFrom": 1,
    "strokeTo": 1,
        "cone": 360
        "colorFrom":"FF9F69FF",
        "colorTo":"FF9F69FF",
        }
						]
						}
	    },
	    
	    "归零合金": {
					"frontColor":"FFE4AA",
            "backColor":"FF9F69",
						"type":"MissileBulletType",
							"damage": 28,
							"reloadMultiplier":0.8
			"speed": 3,
			"lifetime":85,
			"width": 6,
			"height": 10,
			"shootEffect": "shootBig" 	
			"ammoMultiplier":5,
				    "splashDamageRadius":32,
	    "splashDamage":50,	
	    "lightningDamage": 15,
"lightning": 2,
"lightningLength": 10
    "homingPower":0.03,
	  	"homingRange":40,
	  	"hitEffect":{
    	    "type": "MultiEffect",
					"effects": [
{
        "type": "WaveEffect",
        "lifetime": 10,
        "sizeFrom": 1,
        "sizeTo": 32,
        "strokeFrom": 2,
        "strokeTo": 0,
        "colorFrom": "FF9F69",
        "colorTo": "FFE4AA"
    }
    {
        "type": "WaveEffect",
        "lifetime": 10,
        "sizeFrom": 1,
        "sizeTo": 12,
        "strokeFrom": 1.2,
        "strokeTo": 0,
        "colorFrom": "FF9F69",
        "colorTo": "FFE4AA"
    }
                        {
							"type": "ParticleEffect",
							"particles": 4,
							"sizeFrom": 7,
							"sizeTo": 0,
							"length": 6,
							"baseLength": 0,
							"lifetime": 20,
							"colorFrom": "A1A6AEFF",
							"colorTo": "A1A6AEFF",
							"cone": 360
						},
						{
							"type": "ParticleEffect",
							"particles": 4,
							"sizeFrom": 1,
							"sizeTo": 0,
							"length": 8,
							"baseLength": 0,
							"lifetime": 20,
							"colorFrom": "A1A6AEFF",
							"colorTo": "A1A6AEFF",
							"cone": 360
						},
						{
		"type": "ParticleEffect",
    "particles": 4,
    "length":20,
    "baseLength": 0,
    "lifetime": 15,
    "line": true,
    "lenFrom":4,
    "lenTo":0,
    "strokeFrom": 1,
    "strokeTo": 1,
        "cone": 360
        "colorFrom":"FFE4AAFF",
        "colorTo":"FFE4AAFF",
        }
        {
		"type": "ParticleEffect",
    "particles": 4,
    "length":24,
    "baseLength": 0,
    "lifetime": 20,
    "line": true,
    "lenFrom":5,
    "lenTo":0,
    "strokeFrom": 1,
    "strokeTo": 1,
        "cone": 360
        "colorFrom":"FF9F69FF",
        "colorTo":"FF9F69FF",
        }
						]
						}
	  	"status":"shocked",
	  		   	   },
	},
}