{
	"type":"legs",
	"legMoveSpace":1,
	"legMaxLength":1.1,
	"legMinLength":0.2,
	"legLengthScl":0.96,
	"legForwardScl":1.1,
	"legPhysicsLayer":false,
	"legGroupSize":4,
	"legCount":6,
	"legExtension":-2,
	"legContinuousMove":true,
	"lockLegBase":true,
	"rippleScale":0.2,
	"legBaseOffset":5,
	"legLength":12,
	"hovering":true,
	"flying":false,
	"outlineColor":"2E2F34FF",


	"research":{"parent":"accretion",
	"requirements":[
	"forgotten-crystals/1000",
	"chromium/1500",
	"silicon/1200"
	],
	"objectives":[
	"elementary-refabricator"
	]	},

	"immunities":[
	"sapped",
	"wulfrum-amplify"
	],

	"speed":0.8,
	"hitSize":14,
	"health":1265,
	"faceTarget":true,
	"armor":5,
	"drag":0.4,
	"range":140,
	"targetAir":false,
	"rotateSpeed":5,

	"weapons":[
		{"name":"aggregation-weapon",
		"mirror":false,
		"x":0,"y":0,
		"shootY":6,
		"shootSound":"bolt",
		"reload":80,
		"recoil":0,
		"inaccuracy":1,
		"shootStatus":"slow",
		"shootStatusDuration":160,
		"continuous":true,
		"heatColor":"BF92F9FF",
		"cooldownTime":90,

		"parts":[
		{"type":"RegionPart",
		"suffix":"-blade",
		"mirror":true,
		"moveX":2,"moveY":2,
		"heatColor":"BF92F9FF",
		"progress":{
		"type":"warmup",
		"op":"blend",
		"other":"reload",
		"amount":0.5
		}	},
		{"type":"FlarePart",
		"y":6,
		"rotation":86,
		"color1":"BF92F9FF",
		"stroke":4.5,
		"radius":0,
		"radiusTo":10,
		"progress":{
		"type":"warmup",
		"op":"blend",
		"other":"reload",
		"amount":0.5
	}	}	],

		"shoot":{
		"firstShotDelay":30
		},

		"bullet":{
		"type":"LaserBulletType",
		"length":138,
		"width":12,
		"damage":92,
		"colors":["EB7ABE","E189F5","907EF7","91A4FF","FFFFFF"],
		"sideAngle":25,
		"sideLength":8,
		"sideWidth":2,
		"recoil":0.1,

	"hitEffect":{
		"type":"ParticleEffect",
		"line":true,
		"particles":4,
		"lifetime":30,
		"offset":50,
		"length":22,
		"cone":-45,
		"lenFrom":8,
		"lenTo":8,
		"colorFrom":"665C9FFF",
		"colorTo":"BF92F9FF"
		},

	"shootEffect":{
		"type":"multiEffect",
		"effects":[
		{"type":"WaveEffect",
		"lifetime":25,
		"sizeFrom":0,
		"sizeTo":20,
		"strokeFrom":3.5,
		"strokeTo":0,
		"colorFrom":"665C9FFF",
		"colorTo":"BF92F9FF"},
		{
		"type":"ParticleEffect",
		"line":true,
		"particles":9,
		"length":40,
		"lifetime":20,
		"cone":360,
		"colorFrom":"665C9FFF",
		"colorTo":"BF92F9FF",
		"lenFrom":5,
		"lenTo":0
		}	]	}
		}	}	]
}
