{
	"type": "missile",
	"template": "MissileUnitType",
	"speed": 6,
	"lifetime": 180,
	"rotateSpeed": 2.5,
	"deathSound": "Explosionbig",
	"hidden": true,
	"missileAccelTime": 30,
	"targetGround": false,
	"lowAltitude": true,
	"ammoType": {
		"type": "PowerAmmoType",
		"totalPower": 100
	},
	"hitSize": 10,
	"health": 90,
	"fogRadius": 2,
	"engineColor": "ffa166",
	"trailColor": "ffa166",
	"trailLength": 11,
	"engineOffset": 7,
	"engineSize": 2.2,
	"maxRange": 30,
	"weapons": [
		{
			"name": "none",
			"x": 0,
			"y": 0,
			"reload": 1,
			"mirror": false,
			"rotate": true,
			"shake": 3,
			"shootSound": "explosion",
			"shootOnDeath": true,
			"bullet": {
				"ammoMultiplier": 1,
				"type": "FlakBulletType",
				"instantDisappear": true,
				"killShooter": true,
				"damage": 160,
				"splashDamageRadius": 180,
				"splashDamage": 35,
				"hitShake": 3,
				"shootEffect": "none",
				"smokeEffect": "none",
				"despawnEffect": "none",
				"hitEffect": {
					"type": "MultiEffect",
					"effects": [
						{
							"type": "ParticleEffect",
							"particles": 23,
							"sizeFrom": 13,
							"sizeTo": 0,
							"length": 45,
							"baseLength": 30,
							"interp": "pow10Out",
							"sizeInterp": "pow10Out",
							"lifetime": 85,
							"colorFrom": "ffa166",
							"colorTo": "ffa166"
						},
						{
							"type": "WaveEffect",
							"lifetime": 11,
							"sizeFrom": 0,
							"sizeTo": 75,
							"strokeFrom": 5,
							"strokeTo": 0,
							"colorFrom": "ffa166",
							"colorTo": "ffa166"
						}
					]
				},
				"fragLifeMin": 0.3,
				"fragBullets": 4,
				"fragBullet": {
					"type": "FlakBulletType",
					"damage": 9.75,
					"status": "blasted",
					"statusDuration": 6,
					"homingRange": 300,
					"homingPower": 0.15,
					"splashDamageRadius": 35,
					"splashDamage": 36.7,
					"hitSound": "explosion",
					"shootEffect": "none",
					"smokeEffect": "none",
					"hitEffect": {
						"type": "MultiEffect",
						"effects": [
							{
								"type": "ParticleEffect",
								"particles": 8,
								"sizeFrom": 5,
								"sizeTo": 0,
								"length": 35,
								"baseLength": 0,
								"lifetime": 25,
								"colorFrom": "ffa166",
								"colorTo": "ffa166"
							},
							{
								"type": "WaveEffect",
								"lifetime": 15,
								"sizeFrom": 0,
								"sizeTo": 35,
								"strokeFrom": 2,
								"strokeTo": 0,
								"colorFrom": "ffa166",
								"colorTo": "ffa166"
							}
						]
					},
					"despawnEffect": {
						"type": "ParticleEffect",
						"particles": 1,
						"sizeFrom": 3,
						"sizeTo": 0,
						"length": 0,
						"baseLength": 0,
						"lifetime": 8,
						"colorFrom": "ffa166",
						"colorTo": "ffa166"
					},
					"sprite": "circle-bullet",
					"frontColor": "FFFFFF",
					"backColor": "ffa166",
					"trailLength": 11,
					"trailWidth": 2,
					"trailColor": "ffa166",
					"shrinkX": 0,
					"shrinkY": 0,
					"width": 4,
					"height": 4,
					"speed": 4,
					"lifetime": 30
				}
			}
		}
	]
}