{
	"name":"吹炼加工高炉"
	"type":"GenericCrafter"//类型
	"description": "吹炼含钒铁水，通过选择性氧化使铁水中的钒氧化进入炉渣中，从而实现铁和钒的有效分离。处理炉渣产出五氧化二钒，其余的含钒量较低的铁水成为半钢，可精炼出铁",//描述
	"itemCapacity":80,//物品容量，数字都能改别的
	"health":250,//生命值
	"outputsLiquid":true,//是否输出液体（别跟下面那个具体的弄混了）
	"size":5,//最高16，不然会崩
	"researchCostMultiplier":0.75,
	"hasPower": true,//是否需要电
	"hasLiquids": true,//是否需要液体
	"hasItems": true,//是否需要物品
	"squareSprite": true,//是否将物流元件向内延伸
	"drawer":{
	    "type":"DrawMulti",
	    "drawers":[
	        {
            "type": "DrawRegion",
            "suffix": "-bottom"
            },
            {
            "type": "drawLiquidTile",
            "drawLiquid": "含钒铁水"
            "padding": 4,
            },
            {
	        "type":"DrawFlame",
	        },
	        "DrawDefault",
	        /*{
            "type":"DrawFade",//用于调整火光特效数据的type
            "scale":10,//闪烁速度
            "alpha":0.98//透明度
            }*/
	    ]
	},
	"buildCostMultiplier":0.8//建造速度倍率
	"craftTime":30,//输出时间间隔
	"updateEffect": "none",//制造完成时产生的效果
	"consumes": {
		"power":5//耗电，游戏里会乘60
		"liquids": [
		    { "liquid": "含钒铁水", "amount": 1.2 },
		]
		"items": {
			"items": [
				{ "item": "coal", "amount": 3 },
			]
        },
	},//制造消耗
	"outputItems":[
	    { "item": "五氧化二钒", "amount": 12 }
	    { "item": "碳素钢", "amount": 14 }
	]
	"requirements": [
		{ "item": "铝", "amount": 420 }
		{ "item": "纯钛板", "amount": 440 }//建造所用物品
	],
	"category": "crafting",//建造栏分类
	"research": "冶炼高炉",//前置研究
}