{
	"name":"大型硅还原炉"
	"type":"HeatCrafter"//需要热量方块
	"description": "将三氯氢硅和氢气混合后预热，然后送入反应器，在高温下三氯氢硅被氢气还原，生成多晶硅棒，最后将多晶硅棒通过直拉法获得单晶硅棒",
	"itemCapacity":80,//物品容量，数字都能改别的
	"health":450,//生命值
	"squareSprite": true,
	"outputsLiquid":true,//是否输出液体（别跟下面那个具体的弄混了）
	"size":5,//最高16，不然会崩
	"researchCostMultiplier":0.75,
	"heatRequirement":8//热量需求
	"hasPower": true,//是否需要电
	"hasLiquids": true,//是否需要液体
	"hasItems": true,//是否需要物品
	"drawer":{
	    "type":"DrawMulti",
	    "drawers":[
	        {
            "type": "DrawRegion",
            "suffix": "-bottom"
            },
            {
            "type": "drawLiquidTile",
            "drawLiquid": "三氯氢硅",
            "padding": 4,
            },
	        "DrawDefault",
	        "DrawHeatInput",
	    ]
	},
	"buildCostMultiplier":0.8//建造速度倍率
	"craftTime":60,//输出时间间隔
	"updateEffect": "none",//制造完成时产生的效果
	"consumes": {
		"power":1//耗电，游戏里会乘60
        "liquids":[
		    "hydrogen/0.2"
		    "三氯氢硅/0.2"
        ],
	},//制造消耗
    "outputLiquids":[
        "无水氯化氢/0.3",
    ],
    "outputItem": { "item": "单晶硅棒", "amount": 24 }
	"requirements": [
        "铝/150",
        "钛合金/120",
        "碳素钢/120"
	],
	"category": "crafting",//建造栏分类
	"research": "电弧流化床集成装置",//前置研究
}