{
	"name":"钛轧制机"
	"type":"GenericCrafter"
	"description": "用于铸成航空钛合金的工厂",
	"itemCapacity":30,
	"health":450,
	"size":4,
	"hasPower": true,
	"researchCostMultiplier":0.75,
	"squareSprite": true,
	"hasLiquids": false,
	"hasItems": true,
	"buildCostMultiplier":1.2
	"drawer":{
	    "type":"DrawMulti",
	    "drawers":[
	        "DrawDefault",
	        {
	        "type":"DrawFlame",
	        },
	        /*{
            "type":"DrawFade",//用于调整火光特效数据的type
            "scale":10,//闪烁速度
            "alpha":0.98//透明度
            }*/
	    ]
	},
	"craftTime":40,
	"updateEffect": "none",
	"consumes": {
		"power":1.75
		"items": {
			"items": [
				{ "item": "纯钛板", "amount": 5 },
				{ "item": "铝", "amount": 2 },
				{ "item": "钒", "amount": 1 },
			]
        },
	},
	"outputItem": { "item": "钛合金", "amount": 8 }
	"requirements": [
		{ "item": "纯钛板", "amount": 450 }
		{ "item": "铝", "amount": 250 }
	],
	"category": "crafting",
	"research": "真空铝热发生炉",
}