{
	"name":"初等构建器",
	"description": "构建单位所需的原件......",
	"details":"我们的科技不能止步于此，粗糙的结构与精细的零件将进行史诗级的碰撞",
	"health":350,
	"requirements":[
		"黄铜/150",
		"铁/150"
	]
	"hasItems": true
	"hasPower" : true,
	"consumes":{
		"power":2
	}
	"regionSuffix":"-RC",
	"size":2,
	"category":"units",
	"filter":[
		"初等单位框架"
		"初等海军模块"
		"初等空军模块"
		"初等陆军模块"
		"破败"
	]
	"research": {
		"parent":"陆军工厂"
		"requirements":[
		"黄铜/1500",
		"铁/1500"
		]
		"objectives": [
		"科技_工业"
		],
	},
}