{
	"name":"小型解构器",
	"description": "解构建筑与单位，100%返还材料",
	"details":"我们的科技不能止步于此，粗糙的结构与精细的零件将进行史诗级的碰撞",
	"health":350,
	"requirements":[
		"黄铜/150",
		"铁/150"
	]
	"hasItems": true
	"itemCapacity" : 100,
	"hasPower" : true,
	"category":"units",
	"consumes":{
		"power":2
	}
	"regionSuffix":"-RC",
	"size":3,
	"maxPayloadSize": 3
	"deconstructSpeed":10
	"research": {
		"parent":"小型构筑器"
		"requirements":[
			"黄铜/1500",
			"铁/1500"
		]
	},
}