{
// "type": "UnitFactory",
"name": "陆军工厂",
	"description": "生产陆军……",
	"details":"敌方产生那些#母星脏话#的东西，什么？是实时转播？我能重说一遍吗",
    "health":350,
	"size":3,
	"consumes":{
		"power":2
	},
	"regionSuffix":"-RC",
	"plans":[
			{ "unit": "废甲", "time": 1500,
			"requirements": [ 
            { "item": "黄铜", "amount": 30},
			{ "item": "铁", "amount": 30}
			]
	},
	],
	"requirements": [
            "黄铜/120",
            "铁/100"
		],
	"category":"units",
	"research": {
	"parent":"一阶废料核心"
			"objectives": [
      {
				"type": "SectorComplete",
				"preset": "废墟古城"
			},
			],
	},
}