{
	"type": "GenericCrafter",
	"name": "压缩钢工厂",
	"description":"将塑钢和硅压缩成压缩钢！",
	"health": 1200,
	"outputItem": "压缩钢/1",
	"size": 3,
	"hasPower": true,
	"hasItems": true,
	"craftTime": 50,//生产时间
	"itemCapacity": 40,
	
	"drawer": {
		"type": "DrawMulti",
		"drawers": [
		
			"DrawDefault",
			{
				"type": "DrawFlame",
				"flameColor": "e1e4c8"
			}
		]
	},
	"craftEffect": {
	"type": "MultiEffect",
	"effects": [
	{
		"type": "ParticleEffect",
		"particles": 12,
		"baseLength": 8,
		"length": 8,
		"region": "全球行动-颗粒",
		"sizeInterp": "pow3In",
		"lifetime": 30,
		"sizeFrom": 6,
		"sizeTo": 0,
		"colorFrom": "e1e4c8",
		"colorTo": "e1e4c8"
	},
	{
		"type": "ParticleEffect",
		"particles": 8,
		"baseLength": 6,
		"length": 6,
		"region": "全球行动-颗粒",
		"sizeInterp": "pow3In",
		"lifetime": 20,
		"sizeFrom": 4,
		"sizeTo": 0,
		"colorFrom": "b6dd74",
		"colorTo": "b6dd74"
	},
	{
		"type": "ParticleEffect",
		"particles": 8,
		"baseLength": 6,
		"length": 6,
		"region": "全球行动-颗粒",
		"sizeInterp": "pow3In",
		"lifetime": 20,
		"sizeFrom": 2,
		"sizeTo": 0,
		"colorFrom": "b6dd74",
		"colorTo": "b6dd74"
	},
	{
		"type": "ParticleEffect",
		"particles": 8,
		"baseLength": 6,
		"length": 6,
		"region": "全球行动-颗粒",
		"sizeInterp": "pow3In",
		"lifetime": 20,
		"sizeFrom": 0,
		"sizeTo": 0,
		"colorFrom": "b6dd74",
		"colorTo": "b6dd74"
	},
	{
		"type": "ParticleEffect",
		"particles": 8,
		"baseLength": 6,
		"length": 6,
		"region": "全球行动-颗粒",
		"sizeInterp": "pow3In",
		"lifetime": 20,
		"sizeFrom": -2,
		"sizeTo": 0,
		"colorFrom": "b6dd74",
		"colorTo": "b6dd74"
	},
    
    {
		"type": "ParticleEffect",
		"particles": 8,
		"baseLength": 6,
		"length": 6,
		"region": "全球行动-颗粒",
		"sizeInterp": "pow3In",
		"lifetime": 35,
		"sizeFrom": -4,
		"sizeTo": 0,
		"colorFrom": "b6dd74",
		"colorTo": "b6dd74"
	},
	    {
		"type": "ParticleEffect",
		"particles": 8,
		"baseLength": 6,
		"length": 6,
		"region": "全球行动-感叹号",
		"sizeInterp": "pow3In",
		"lifetime": 35,
		"sizeFrom": -4,
		"sizeTo": 0,
		"colorFrom": "b6dd74",
		"colorTo": "b6dd74"
	},
	]
	}
	
	"consumes": {
		"power": 5.5,
		"items": [
			"plastanium/2",
			"silicon/2"
		]
	},
	"requirements": [
		"铁/120",
		"metaglass/50",
		"silicon/50",
		"titanium/60"
		"graphite/60"
	],
	"category": "crafting",
	"ambientSound": "smelter",
	"ambientSoundVolume": 0.7,
	"research": {
		"parent": "电工钢电弧炉",
		"objectives": [
			{
				"type": "SectorComplete",
				"preset": "搁浅滩"
			}
		]
	}
}