{
	"type": "GenericCrafter",
	"name": "放射汇集堆",
	"description":"将钍的辐射能力储存到相织布之中",
	"health": 1530,
	"outputItem": "放射物混合物/1",
	"size": 4,
	"hasPower": true,
	"hasItems": true,
	"craftTime": 90,
	"itemCapacity": 35,
    
      	"drawer": {
		"type": "DrawMulti",
		"drawers": [
		
			"DrawDefault",
			{
				"type": "DrawFlame",
				"flameColor": "e1e4c8"
			}
		]
	},
      
      	
	"craftEffect": {
	"type": "MultiEffect",
	"effects": [
	{
		"type": "ParticleEffect",
		"particles": 1,
		"baseLength": 15,
		"length": -15,
		"region": "全球行动-欧泡",
		"sizeInterp": "pow3In",
		"lifetime": 15,
		"sizeFrom": 15,
		"sizeTo": 0,
		"colorFrom": "FFE18FFF",
		"colorTo": "DE9458FF"
	},
		{
		"type": "ParticleEffect",
		"particles": 2,
		"baseLength": 15,
		"length": 15,
		"region": "全球行动-欧泡",
		"sizeInterp": "pow3In",
		"lifetime": 30,
		"sizeFrom": 15,
		"sizeTo": 0,
		"colorFrom": "FFE18FFF",
		"colorTo": "DE9458FF"
	},
	{
		"type": "ParticleEffect",
		"particles": 20,
		"baseLength": 15,
		"length": 15,
		"region": "全球行动-颗粒1",
		"sizeInterp": "pow3In",
		"lifetime": 30,
		"sizeFrom": 10,
		"sizeTo": 0,
		"colorFrom": "FFE18FFF",
		"colorTo": "DE9458FF"
	},
		{
		"type": "ParticleEffect",
		"particles": 40,
		"baseLength": 12,
		"line": true,
		"length": -60,
		"sizeInterp": "pow3In",
		"lifetime": 30,
		"sizeFrom": 20,
		"sizeTo": 0,
		"colorFrom": "FFE18FFF",
		"colorTo": "DE9458FF"
	},         
           ]
           }
           
           "updateEffect": {
	"type": "WaveEffect",
	"lifetime": 30,
	"sizeFrom": 0,
	"sizeTo": 15,
	"strokeFrom": 10,
	"strokeTo": 0,
	"colorFrom": "FFE18FFF",
	"colorTo": "FFE18FFF"
},
"updateEffect": {
	"type": "ParticleEffect",
	"lifetime": 20,
	"particles": 3,
	"region": "全球行动-欧泡",
	"sizeFrom": 0,
	"sizeTo": 8,
	"strokeFrom": 10,
	"strokeTo": 0,
	"colorFrom": "FFE18FFF",
	"colorTo": "FFE18FFF"
},
"updateEffect": {
	"type": "ParticleEffect",
	"particles": 15,
	"line": true,
	"lifetime": 30,
	"sizeFrom": 0,
	"sizeTo": 1,
	"strokeFrom": 3,
	"strokeTo": 0,
	"colorFrom": "FFE18FFF",
	"colorTo": "FFE18FFF"
},
	"consumes": {
		"power": 8,
		"items": [
			"thorium/10",		  
		    "phase-fabric/1",
		]
	},
	"requirements": [
		
		"电工钢/100",
		"钛铁合金/70",
		"metaglass/60",
		"silicon/100"
	],
	"category": "crafting",
	"ambientSound": "minebeam",
	"ambientSoundVolume":1.5,
	"research": {
		"parent": "压缩钢工厂",
		"objectives": [
			{
				"type": "SectorComplete",//需要占领
				"preset": "冰原壁垒"//冰原
			}
		]
	}
}