{
	"type": "GenericCrafter",
	"name": "钛铁合金熔炉",
	"description":"将铁和钛治炼成合金！",
	"health": 1300,
	"outputItem": "钛铁合金/1",
	"size": 3,
	"hasPower": true,
	"hasItems": true,
	"craftTime": 60,
	"itemCapacity": 30,
	
	"drawer": {
		"type": "DrawMulti",
		"drawers": [
		
			"DrawDefault",
			{
				"type": "DrawFlame",
				"flameColor": "e1e4c8"
			}
		]
	},
	"craftEffect": {
	"type": "MultiEffect",
	"effects": [
	{
		"type": "ParticleEffect",
		"particles": 7,
		"baseLength": 6,
		"length": 6,
		"region": "全球行动-颗粒",
		"sizeInterp": "pow3In",
		"lifetime": 20,
		"sizeFrom": 6,
		"sizeTo": 0,
		"colorFrom": "FFE18FFF",
		"colorTo": "FFE18FFF"
	},
	{
		"type":"ParticleEffect",
		"particles": 20,
		"line": true,
		"baseLength": 6,
		"length": 10,
		"sizeInterp": "pow3In",
		"lifetime": 20,
		"sizeFrom": 10,
		"sizeTo": 0,
		"colorFrom": "FFE18FFF",
		"colorTo": "FFE18FFF"
	},
		{
		"type":"ParticleEffect",
		"particles": 10,
		"line": true,
		"baseLength": 6,
		"length": -40,
		"sizeInterp": "pow3In",
		"lifetime": 20,
		"sizeFrom": 10,
		"sizeTo": 0,
		"colorFrom": "FFE18FFF",
		"colorTo": "FFE18FFF"
	},
	         
           ]
           }
           "updateEffect": {
	"type": "ParticleEffect",
	"lifetime": 30,
	"particles": 1,
	"particles": 3,
	"region": "全球行动-欧泡",
	"sizeFrom": 0,
	"sizeTo": 8,
	"strokeFrom": 9,
	"strokeTo": 0,
	"colorFrom": "FFE18FFF",
	"colorTo": "FFE18FFF"
},
"updateEffect": {
	"type": "ParticleEffect",
	"particles": 10,
	"line": true,
	"lifetime": 30,
	"sizeFrom": 0,
	"sizeTo": 1,
	"strokeFrom": 2,
	"strokeTo": 0,
	"colorFrom": "FFE18FFF",
	"colorTo": "FFE18FFF"
},
	"consumes": {
		"power": 6.5,
		"items": [
			"铁/3",
			"titanium/3"
		]
	},
	"requirements": [
		
		"电工钢/80",
		"铁/230",
		"thorium/80",
		"metaglass/120"
	],
	"category": "crafting",
	"ambientSound": "smelter",
	"ambientSoundVolume":0.5,
	"research": {
		"parent": "电工钢电弧炉",
		"objectives": [
			{
				"type": "SectorComplete",
				"preset": "3号禁区"//3号禁区
			}
		]
	}
}