{
	"type": "GenericCrafter",
	"name": "铁熔炼炉",
	"description":"利用废料生产铁",
	"health": 540,
	"outputItem": "铁/1",
	"size": 2,
	"hasPower": true,
	"hasItems": true,
	"craftTime": 30,
	"itemCapacity": 20,
	
	"drawer": {
		"type": "DrawMulti",
		"drawers": [
		
			"DrawDefault",
		 	{
				"type": "DrawFlame",
				"flameRadius": 0,
				"flameRadiusIn": 0,
				"flameRadiusMag": 0,
				"flameRadiusInMag": 0,
				"flameColor": "FFD197"
			}
	
			
		]
	},
	
	"craftEffect": {
		"type": "ParticleEffect",
		"particles": 5,
		"baseLength": 7,
		"length": 7,
		"region": "全球行动-颗粒1",
		"sizeInterp": "pow3In",
		"lifetime": 25,
		"sizeFrom": 6,
		"sizeTo": 0,
		"colorFrom": "e6ba70fc",
		"colorTo": "e6ba70fc"
	},
	"consumes": {
		"power": 0.5,
		"items": [
			"scrap/2",
		]
	},
	"requirements": [
		"copper/80",
		"graphite/25",
		"titanium/25"
	],
	"category": "crafting",
	"ambientSound": "smelter",
	"ambientSoundVolume": 0.7,
     "research":"战术核心"
	
	
}