{
    "size":3,//平方大小
    "description":"保护己方建筑，挡下敌方炮弹，拥有力墙，反弹子弹，概率释放闪电",//介绍
    "name": "裂位合金墙",
	"type": "ShieldWall",//类型盾墙
	"health": 14400,
	"armor": 24,
	"shieldHealth": 5400,//护盾容量
	"regenSpeed": 4.5,//护盾再生速度
	"breakCooldown": 120,//护盾冷却时间
	"deflect": true,//反弹子弹
    "chanceDeflect":25,//反弹概率（1=1%）
    "lightningChance":0.25,
	"lightningDamage":60,
	"lightningLength":10,
	"requirements": [
		"裂位物/54",
		"阴影合金/54"
	],
	"category": "defense",
	"research": {
		"parent": "be-02大型裂位合金墙",
	}
}