{
	"type": "mech",//类型，写在js里了故此处不写
	"name": "幻想",//名字
	"description":"基础干扰型步战机甲，使用低伤害的速射机枪减缓敌人的移动和攻击速度。",//介绍
	"details":"你醒啦？现在是1997年，快来试试新游戏《最终幻想7》吧！说不定会火呢？"
	"research": "先锋",//科技树前置
	"health": 160,//血量
	"armor":0,//防御
	"speed":0.8,//速度
	"hitSize":14,
	"itemCapacity":20,//物品容量
	"range":160
	"weapons": [//武器
		{"name": "幻想炮",//武器贴图
		"mirror":true
		"reload":90,//攻速
		"x":0,"y":0,//位置
		"shootX":-4.5
		"top": false,//旋转
		"ejectEffect": "casing1",//攻击特效
		"shootSound" : "sap",
"shoot": {
    "type": "shootBarrel",
    "shots": 3,
    "shotDelay":6,
}
		"bullet": {//子弹
			"type": "BasicBulletType",//类型
			"inaccuracy":3,//不准确度
			"damage":9,//单体伤害
			"speed":4.5,//速度
			"trailLength": 6,//尾迹长
            "trailWidth": 2,//尾迹宽
            "trailColor":"F9A3C7FF",//尾迹颜色
			"width":10,"height":10,//宽长度
			"lifetime":36,//存在时间
			"backColor":"BB699AFF",
			//子弹边缘颜色
			"frontColor":"F9A3C7FF",
			//子弹中心颜色
			"shootEffect":"shootSmall",
			"status":"dream",//附加效果
            "statusDuration":120//效果时长
	"despawnEffect":{
  	"type":"multiEffect",
"effects":[
{
"type": "ExplosionEffect",
"sparkColor":"F9A3C7FF",//火花颜色
"sparkStroke":2,//火花宽
"sparkRad":12,//火花半径
"sparkLen":8,//长度
"sparks":4,//火花数
				},
]}
}
}]
}