{
	"type": "ItemTurret",
	"name": "三管",
	"description": "完整了√",//介绍
	"health": 240,
	"size": 2,
	"reload": 60
	"range": 181
	"ammoPerShot":1.5,
	"consumes": {
		"coolant": {
			"amount": 0.95,
			"optional": true
		}
	},
    "shoot": {
    "shots": 3,//开火炮口数
    "shotDelay": 20,//多个炮口之间发射延迟。
	"type":"ShootBarrel",
	"barrels":[
        0,0.3,0,
        5.2,0.1,0,
       -5.2,0.1,0,
    ]	
    },
	"xRand": 1
	"inaccuracy": 0.05,
	"rotateSpeed": 1.8,
	"shake": 0.9,
	"ammoTypes": {
		    "copper": {
            "speed": 6.7,
            "damage": 15,
            "lifetime": 26.7,
            "width": 13,
            "height": 12,
            "ammoMultiplier": 4,
            "trailColor": "EAB678FF", // 子弹轨迹颜色
            "trailWidth": 3, // 子弹轨迹宽度
            "trailLength": 4, // 子弹轨迹长度
            "hitColor": "EAB678FF", // 击中颜色
            "frontColor": "EAB678FF",
            "backColor": "EAB678FF",
            "despawnEffect":"none",//子弹消失特
            "status": "corroded",  // 子弹附带的状态效果（如“腐蚀”）
        "statusDuration": 375,  // 状态效果的持续时间
		     },
		"graphite": {
			"speed": 6.7,
			"damage": 19.5,
			"knockback": 3,
			"lifetime": 26.76,
			"width": 10,
			"height": 13,
			"ammoMultiplier": 5
			"recoil": 1.5,  // 后坐力
			"frontColor": "8CAAE8FF",
            "backColor": "8CAAE8FF",
            "trailColor": "8CAAE8FF", // 子弹轨迹颜色
            "trailWidth": 3, // 子弹轨迹宽度
            "trailLength": 6, // 子弹轨迹长度
            "hitColor": "8CAAE8FF", // 击中颜色
			"status": "melting",  // 子弹附带的状态效果（如“融化”）
        "statusDuration": 350,  // 状态效果的持续时间
        "hitEffect": {
				"type": "MultiEffect",
				"effects": [
					"flakExplosion",
					"hitBulletColor"
				]
			},
		},
		"sand": {
			"speed": 6.7,
			"damage": 8,
			"knockback": 2,
			"lifetime": 26.7,
			"width": 10,
			"height": 13,
			"ammoMultiplier": 8
			"recoil": 3.5,  // 后坐力
			"despawnEffect":"none",//子弹消失特
			"status": "disarmed",  // 子弹附带的状态效果（如“缴械”）
        "statusDuration": 245,  // 状态效果的持续时间
		},
    },
        "requirements": [
		"copper/40",
	            ],
		
	
	"category": "turret",
	"research": {  // 研究解锁条件
        "parent": "铜粉碎机",
        "requirements": [  // 研究需求
            "copper/40",//铜40
            ]
    },
}