{
    "name":"硅钻头",
    "type": "Drill",
    "description":"使用劣质硅提升了转动器的效率，提升了挖掘效率，而且劣质硅为钻头提供了一些强度，使其能挖掘更高级都矿物。",
    "size": 3,
    "health": 260,
    "tier": 3,//挖掘等级
    "drillTime": 200,//挖掘间隔
    "liquidBoostIntensity":1.5,//加速倍率
    "warmupSpeed": 0.02,
	"drillEffect": "mineBig",
    "updateEffect": "mineBig",
    "rotateSpeed": 2,
    "drawMineItem": true,
    "consumes": {
        "liquid": {
            "liquid": "water",
            "amount": 0.1,
            "booster": true,
            "optional": true
        }
    },
    "itemCapacity": 40,//物品容量
    "liquidCapacity": 20,//液体容量
    "requirements": [	
   { "item": "青铜矿石", "amount":25},
    { "item": "劣质硅", "amount":15},
   ],
    "category": "production",
    "research": "陨石带"
            "researchCostMultiplier": 0.1,  // 研究成本乘数：0.45（研究该设施的成本为正常成本的45%）
            "canOverdrive": false,
}
