{
    "name":"青铜钻头",
    "type": "Drill",
    "description":"利用本土材料制成的简易钻头，其简易钻头只能钻取基本矿物，面对高级矿物，钻头会在钻取过程中损坏，因此不可钻取高级矿物",
    "size": 2,
    "health": 160,
    "tier": 2,//挖掘等级
    "drillTime": 280,//挖掘间隔
    "liquidBoostIntensity":1.5,//加速倍率
    "warmupSpeed": 0.02,
	"drillEffect": "mineBig",
    "updateEffect": "mineBig",
    "rotateSpeed": 2,
    "drawMineItem": true,
    "consumes": {
        "liquid": {
            "liquid": "water",
            "amount": 0.1,
            "booster": true,
            "optional": true
        }
    },
    "itemCapacity": 40,//物品容量
    "liquidCapacity": 20,//液体容量
    "requirements": [	
   { "item": "青铜矿石", "amount":20},
   ],
    "category": "production",
    "research": "寒风哨站"
            "researchCostMultiplier": 0.1,  // 研究成本乘数：0.45（研究该设施的成本为正常成本的45%）
            "canOverdrive": false,
}
