{
    "type": "GenericCrafter",
    "name": "冷却机",
    "description": "通过冷却液来快速冷却高温玻璃，从而获得玻璃钢",
    "outputItem": {
        "item": "玻璃钢",
        "amount": 7
    },
    "size": 3,
    "itemCapacity": 24,
    "hasPower": true,
    "hasLiquids": true,
    "hasItems": true,
    "craftTime": 120,
    "consumes": {
        "power": 20,
        "items": {
            "items": [
                {
                    "item": "高温玻璃",
                    "amount": 12
                }
            ]
        },
        "liquid": {
            "liquid": "cryofluid",
            "amount": 0.4
        }
    },
    "requirements": [
        {
            "item": "copper",
            "amount": 63
        },
        {
            "item": "铁",
            "amount": 100
        },
        {
            "item": "metaglass",
            "amount": 80
        },
        {
            "item": "silicon",
            "amount": 65
        },
        {
            "item": "titanium",
            "amount": 60
        }
    ],
    "category": "crafting",
    "research": "速热机",
    "updateEffect": "pulverizeMedium"
}