{
    "type": "GenericCrafter",
    "name": "固氧器",
    "description": "通过高压，从而使氧变为固态",
    "outputItem": {
        "item": "固态氧",
        "amount": 50
    },
    "size": 3,
    "itemCapacity": 600,
    "hasPower": true,
    "hasLiquids": true,
    "hasItems": false,
    "craftTime": 60,
    "consumes": {
        "power": 1,
        "liquid": {
            "liquid": "氧",
            "amount": 1
        }
    },
    "liquid": {
        "liquid": "cryofluid",
        "amount": 0.4
    },
    "requirements": [
        {
            "item": "copper",
            "amount": 63
        },
        {
            "item": "铁",
            "amount": 100
        },
        {
            "item": "metaglass",
            "amount": 80
        },
        {
            "item": "silicon",
            "amount": 65
        },
        {
            "item": "titanium",
            "amount": 60
        }
    ],
    "category": "crafting",
    "research": "电解水机-氧",
    "updateEffect": "pulverizeMedium"
}