{
    "type": "GenericCrafter",
    "name": "固氢器",
    "description": "通过高压来将氢变为固态",
    "outputItem": {
        "item": "固态氢",
        "amount": 50
    },
    "size": 3,
    "itemCapacity": 600,
    "hasPower": true,
    "hasLiquids": true,
    "hasItems": flase,
    "craftTime": 60,
    "consumes": {
        "power": 1,
        "liquid": {
            "liquid": "氢",
            "amount": 1
                }
        },
        "liquid": {
            "liquid": "cryofluid",
            "amount": 0.4
    },
    "requirements": [
        {
            "item": "copper",
            "amount": 63
        },
        {
            "item": "铁",
            "amount": 100
        },
        {
            "item": "metaglass",
            "amount": 80
        },
        {
            "item": "silicon",
            "amount": 65
        },
        {
            "item": "titanium",
            "amount": 60
        }
    ],
    "category": "crafting",
    "research": "电解水机-氢",
    "updateEffect": "pulverizeMedium"
        }