{
    "type": "GenericCrafter",
    "name": "大型碳60工厂",
    "description": "效率更快，生产更多由于优化。不在需要水冷却了",
    "outputItem": {
        "item": "碳60",
        "amount": 20
    },
    "size": 4,
    "itemCapacity": 24,
    "hasPower": false,
    "hasLiquids": false,
    "hasItems": true,
    "craftTime": 10,
    "consumes": {
        "power": 45,
        "items": {
            "items": [
                {
                    "item": "graphite",
                    "amount": 20
                }
            ]
        },
    },
    "requirements": [
        {
            "item": "copper",
            "amount": 168
        },
        {
            "item": "lead",
            "amount": 321
        },
        {
            "item": "metaglass",
            "amount": 80
        },
        {
            "item": "silicon",
            "amount": 100
        },
        {
            "item": "titanium",
            "amount": 60
        }
   ],
    "category": "crafting",
    "research": "碳60工厂",
    "updateEffect": "pulverizeMedium"
}