{
    "type": "GenericCrafter",
    "name": "干冰压缩器",
    "description": "将二氧化碳降温压缩成干冰，需要冷却液",
    "outputItem": {
        "item": "干冰",
        "amount": 30
    },
    "size": 2,
    "itemCapacity": 24,
    "hasPower": false,
    "hasLiquids": true,
    "hasItems": false,
    "craftTime": 75,
    "consumes": {
       "liquid": {
            "liquid": "二氧化碳",
            "amount": 1
        }
    },
    "requirements": [
        {
            "item": "copper",
            "amount": 125
        },
        {
            "item": "lead",
            "amount": 125
        },
        {
            "item": "metaglass",
            "amount": 80
        },
        {
            "item": "silicon",
            "amount": 65
        },
        {
            "item": "titanium",
            "amount": 60
        }
    ],
    "category": "crafting",
    "research": "木炭厂",
    "updateEffect": "pulverizeMedium"
}