{
    "type": "GenericCrafter",
    "name": "干馏机",
    "description": "将干煤粉干馏，从而获得焦炭",
    "outputItem": {
        "item": "焦炭",
        "amount": 10
    },
    "size": 3,
    "itemCapacity": 24,
    "hasPower": true,
    "hasLiquids": true,
    "hasItems": true,
    "craftTime": 15,
    "consumes": {
        "power": 8,
        "items": {
            "items": [
                {
                    "item": "干煤粉",
                    "amount": 13
                }
            ]
        },
    },
    "requirements": [
        {
            "item": "铁",
            "amount": 444
        },
        {
            "item": "碳60",
            "amount": 214
        },
        {
            "item": "玻璃钢",
            "amount": 70
        },
        {
            "item": "silicon",
            "amount": 60
        },
        {
            "item": "titanium",
            "amount": 45
        }
    ],
    "category": "crafting",
    "research": "干燥机",
    "updateEffect": "pulverizeMedium"
}