{
    "type": "GenericCrafter",
    "name": "离心提纯机",
    "description": "雪琴的好主意，他在一定程度上缓解了我们的能源危机",
    "outputItem": {
        "item": "星铀矿-纯",
        "amount": 20
    },
    "size": 4,
    "itemCapacity": 24,
    "hasPower": false,
    "hasLiquids": true,
    "hasItems": true,
    "craftTime": 18,
    "consumes": {
        "power": 45,
        "items": {
            "items": [
                {
                    "item": "星铀矿-粗",
                    "amount": 20
                }
            ]
        },
    },
    "requirements": [
        {
            "item": "copper",
            "amount": 13
        },
        {
            "item": "lead",
            "amount": 115
        },
        {
            "item": "metaglass",
            "amount": 60
        },
        {
            "item": "silicon",
            "amount": 5
        },
        {
            "item": "titanium",
            "amount": 10
        }
    ],
    "category": "crafting",
    "research": "单向分离机",
    "updateEffect": "pulverizeMedium"
}