{
    "type": "GenericCrafter",
    "name": "金属分离机",
    "description": "通过离心力来将沙中的杂质金属分离出来",
    "outputItems":[
                  杂质铁/15,
                  锂/3
				  钨/1
				  scrap/20
                          ]
	"size": 3,
	"hasPower": true,
	"hasLiquids": false,
	"hasItems": true,
	"craftTime": 180,
	"itemCapacity": 120,
	"updateEffect": "pulverizeSmall",
	"drawer": {
		"type": "DrawMulti",
		"drawers": [
			"DrawDefault",
			{
				"type": "DrawRegion",
				"suffix": "-转",
				"spinSprite": true,
				"rotateSpeed": 12
			},
			{
				"type": "DrawRegion",
				"suffix": "-顶"
			}
		]
	},
	"consumes": {
		"power": 0.8333,
		"items": [
			"sand/50"
		]
	},
	"ambientSound": "grinding",
    "requirements": [
        {
            "item": "copper",
            "amount": 63
        },
        {
            "item": "silicon",
            "amount": 65
        },
    ],
    "category": "crafting",
    "research": "graphite-press",
    "updateEffect": "pulverizeMedium"
}