{
    "type": "GenericCrafter",
    "name": "钛合金治练厂",
    "description": "将多种物质练成钛合金",
    "outputItem": {
        "item": "钛合金",
        "amount": 40
    },
    "size": 3,
    "itemCapacity": 24,
    "hasPower": true,
    "hasLiquids": true,
    "hasItems": true,
    "craftTime": 15,
    "consumes": {
        "power": 8,
        "items": {
            "items": [
                {
                    "item": "titanium",
                    "amount": 26
                }
   {
                    "item": "铁",
                    "amount": 13
                }
 {
                    "item": "lead",
                    "amount": 13
                }
            ]
        },
    },
    "requirements": [
        {
            "item": "铁",
            "amount": 444
        },
        {
            "item": "碳60",
            "amount": 214
        },
        {
            "item": "玻璃钢",
            "amount": 70
        },
        {
            "item": "silicon",
            "amount": 60
        },
        {
            "item": "titanium",
            "amount": 45
        }
    ],
    "category": "crafting",
    "research": "铁炉",
    "updateEffect": "pulverizeMedium"
}