{
	"type": "tank",
	"name": "群峦",
	"squareShape": true,
	"omniMovement": false,
	"rotateMoveFirst": false,
	"speed": 0.6,
	"hitSize": 40,
	"crushDamage": 2.33,
	"drownTimeMultiplier": 2,
	"treadPullOffset": 0,
	"treadFrames": 8,
	"treadRects": [
		{
			"x": -67,
			"y": -84,
			"width": 39,
			"height": 176
		}
	],
	"ammoType": "surge-alloy",
	"ammoCapacity": 120,
	"targetAir": true,
	"health": 10240,
	"armor": 28,
	"rotateSpeed": 1.5,
	"itemCapacity": 0,
	"faceTarget": false,
	"immunities":["burning","shocked"],
	"targetFlags": [
		"repair",
		"turret"
	],
	"weapons": [
		{
			"name": "群峦-1",
			"reload": 100,
			"shootY": 10,
			"x": 0,
			"y": 0,
			"rotate": true,
			"rotateSpeed": 1.9,
			"mirror": false,
			"recoil": 4,
			"inaccuracy": 0,
			"shootSound": "laser",
			"shake": 3,
			"alternate": false,
			"bullet": {
				"type": "PointBulletType",
				"trailEffect": {
					"type": "ParticleEffect",
					"particles": 1,
					"length": 0,
					"baseLength": 1,
					"lifetime": 10,
					"line": true,
					"randLength": false,
					"lenFrom": 10,
					"lenTo": 10,
					"strokeFrom": 4,
					"strokeTo": 0,
					"colorFrom": "FEEBB3",
					"colorTo": "FEEBB3",
					"cone": 0
				},
				"trailSpacing": 9,
				"damage": 130,
				"splashDamage": 120,
				"splashDamageRadius": 16,
				"buildingDamageMultiplier": 2.5,
				"speed": 20,
				"lifetime": 15,
				"hitSound": "lasercharge2",
				"smokeEffect": "bigShockwave",
				"shootEffect": {
					"type": "ParticleEffect",
					"particles": 1,
					"sizeFrom": 5,
					"sizeTo": 0,
					"length": 0,
					"baseLength": 0,
					"lifetime": 11,
					"colorFrom": "FEEBB3",
					"colorTo": "FEEBB3"
				},
				"hitEffect": {
					"type": "ParticleEffect",
					"particles": 1,
					"sizeFrom": 10,
					"sizeTo": 0,
					"length": 0,
					"baseLength": 0,
					"lifetime": 15,
					"colorFrom": "FEEBB3",
					"colorTo": "FEEBB3"
				},
				"despawnEffect": "bigShockwave",
				"fragLifeMin": 1,
				"fragVelocityMax": 0,
				"fragBullets": 1,
				"fragBullet": {
					"lifetime": 15,
					"height": 0,
					"width": 0,
					"collides": false,
					"hittable": false,
					"absorbable": false,
					"splashDamageRadius": 66.4,
					"splashDamage": 100,
					"hitShake": 1,
					"hitSound": "plasmaboom",
					"hitEffect": {
						"type": "MultiEffect",
						"effects": [
							{
								"type": "ParticleEffect",
								"particles": 4,
								"sizeFrom": 15,
								"sizeTo": 0,
								"length": 20,
								"baseLength": 48,
								"lifetime": 25,
								"colorFrom": "FEEBB380",
								"colorTo": "FEEBB300"
							},
							{
								"type": "ParticleEffect",
								"particles": 22,
								"line": true,
								"strokeFrom": 3,
								"strokeTo": 0,
								"lenFrom": 20,
								"lenTo": 0,
								"length": 63,
								"baseLength": 0,
								"lifetime": 20,
								"colorFrom": "FEEBB3",
								"colorTo": "FEEBB3"
							},
							{
								"type": "WaveEffect",
								"lifetime": 25,
								"sizeFrom": 0,
								"sizeTo": 66,
								"strokeFrom": 3,
								"strokeTo": 0,
								"colorFrom": "FEEBB3",
								"colorTo": "FEEBB3"
							}
						]
					},
					"despawnEffect": "none",
					"fragBullets": 4,
					"fragBullet": {
						"type": "PointBulletType",
						"trailSpacing": 9,
						"trailEffect": {
							"type": "ParticleEffect",
							"particles": 1,
							"length": 0,
							"baseLength": 1,
							"lifetime": 6,
							"line": true,
							"randLength": false,
							"lenFrom": 10,
							"lenTo": 10,
							"strokeFrom": 2,
							"strokeTo": 0,
							"colorFrom": "FEEBB3",
							"colorTo": "FEEBB3",
							"cone": 0
						},
						"lifetime": 8,
						"speed": 15,
						"splashDamageRadius": 10,
						"splashDamage": 25,
						"hitShake": 1,
						"hitSound": "laser",
						"hitEffect": {
							"type": "ParticleEffect",
							"particles": 1,
							"sizeFrom": 5,
							"sizeTo": 0,
							"length": 0,
							"baseLength": 0,
							"lifetime": 11,
							"colorFrom": "FEEBB3",
							"colorTo": "FEEBB3"
						},
						"despawnEffect": "none"
					}
				}
			}
		}
	]
}