{
	"type":"ArtilleryTurret",
	"name":"[green]wujipao",
	"description":"QQ1176291231",
	"hasItems":true,
	"health":9999999,
	"reload":3,
	"range":21000,
	"inaccuracy":0.01,
	"ratateSpeed":30,
	"recoil":2,
	"shots":2,
	"size":4,
	"restitution":5,
	"shootConr":8,
	"tergetGround":true,
	"targetAir":true,
	"requirements":[
		                  {"item":"copper", "amount":1}
                           ],
	"ammo":{
	"copper": 
				{
		    "bulletWidth":3,
			"bulletHeight":300,
			"knockback":200,
			"backColor":"#0058FF",
			"frontColor":"#FF000A",
			"collides":true,
			"keepVelocity":true,
			"speed":20,
			"damage":99999999999,
			"splashDamageRadius":300,
			"splashDamage":9999999999,
			"fragBullets":8,
			"fragBullet":{
				"bulletWidth":5,
				"bulletHeight":5,
				"backColor":"FFFAFA",
				"frontColor":"FFFAFA",
				"despawnEffect":"hitBulletSmall",
				"trailColor":"#81FF00",
				"smokeEffect":"shootSmallSmoke",
				"collides":true,
				"keepVelocity":true,
				"speed":2,
				"damage":2,
				"homingRange":5000,
				"homningPower":1
				}
			
		}
	}
	"research":"alloy-smelter",
	"category": "turret"
}
			