{
    "type":"Drill",
    "name": "沙璃地钻",
    "description":"沙璃出品又硬又好",
	"details":"沙璃科技",
    "health":3500,//血量
	"size":2,
	"tier":5,
	"drillTime":68.571428571428,
	"itemCapacity":100,
	"liquidCapacity":6,
	"rotateSpeed":3.5,
	"warmupSpeed":5.66,
	"liquidBoostIntensity":1.4142135623730,//液体加强
	"consumes":{
	"liquid": {
	   "liquid": "water",
	   "amount": 0.0666666666,
	   "booster": true,
	   "optional": true
    }
    }
    "requirements":[
	            "沙璃/60",
	]
	"research": 
    {"parent":"沙璃传送带",
    "requirements":[
                "沙璃/2100",
    ]   
    }
	"hasItems": true,
	"drawMineItem":true,
	"category": "production",
	"drawer":{
    "type":"DrawMulti",
    "drawers":[
    "DrawDefault",
    "DrawFlame"
    ]
    }
    "drawRim": false,
    "liquidboost":true
    "update":true
}