{
	"type": "GenericCrafter",
	"name": "沙璃炉",
	"description":"沙璃出品又硬又好",
	"details":"沙璃科技公司",
	"outputItems":["沙璃/2",]//产出
	"size":2,//建筑大小
	"health":1500,//血量
	"craftTime":10,//÷60
	"itemCapacity": 50,//容量
	//"liquidCapacity":0,
	//"heatOutput":50,//生产热量
	"consumes": {
	"power":0.5//×60
    "items":{
          "items":[
	            "sand/2",
	]
	}
	}
    "requirements":[
    "graphite/25","silicon/25",
	],//建造材料
    "category": "crafting",
	"research":
	{"parent":"沙璃科技-Serpulo",
    "requirements":[
                "graphite/450",
                "silicon/450",
    ]
	"requiresUnlock": false//需要解锁
    }
	"updateEffect":"smeltsmoke",
	"buildCostMultiplier":"0.01",
	"canOverdrive": true,
	"hasPower": true,
	"hasLiquids": false,
	"hasItems": true,
	"drawer":{
    "type":"DrawMulti",
    "drawers":[
    "DrawDefault",
    "DrawFlame"
    ]
    }
}