{
	"type": "Conveyor",
	"name": "沙璃传送带",//名字
	"description":"沙璃出品又硬又好",//简介
	"details":"沙璃科技",
	"size":1,//不能写1以上
	"health": 1500,//生命值
	"category": "distribution",
	"speed": 0.1333333333,//速度
	"displayedSpeed": 8//速度显示
	"requirements":[
                  "沙璃/2",
    ]
    "research": {//科技树
    "parent":"沙璃炉",
    "requirements":[
                "沙璃/500",
    ]
	}
	"update":true
	"buildVisibility":"shown",
}
//"planet":"erekir",//所属星球