{
	//"type": "Conveyor",
	"health": 600,
	"armor": 8,
	"speed": 0.30,
	"displayedSpeed": 36,
	"placeableLiquid": true,
	"destroyBullet": {
		"type": "PointBulletType",
		"hitShake": 2,
		"splashDamageRadius": 24,
		"splashDamage": 30,
		"status": "熔融",
		"statusDuration": 30,
		"speed": 0,
		"lifetime": 2,
		"collides": false,
		"hitEffect": "none",
		"despawnEffect": "none"
	},
	"requirements": [
		"铱板/2",
		"生物钢/1"
	],
	"category": "distribution",
	"research": "armored-conveyor",
	"bridgeReplacement": "装甲传送带桥",
	"junctionReplacement": "交叉神经链路"
}