{
	"type": "GenericCrafter",
	"name": "大型电解机",
	"description": "大型的电解机,电解水来获得臭氧和氢气",
	"liquidOutputDirections": [1, 3]
	"outputLiquids":["ozone/2","hydrogen/2",],
       "rotate":true
       "invertFlip":false
		"health": 3000,
	"size": 5,
	"hasPower": true,
	"hasLiquids": true,
		"drawer": {"type": "DrawMulti",
	"drawers": [
		{"type": "DrawRegion",
		"suffix": "-bottom"
		},
		{"type": "DrawLiquidTile",
		"drawLiquid": "water"
		},
		{"type": "DrawBubbles",
		"color": "2C2C2C",
		"sides": 10,
		"recurrence": 3,
		"spread": 6,
		"radius": 1.5,
		"amount": 20
		},
		"DrawRegion",
		"DrawLiquidOutputs",
		{"type": "DrawGlowRegion",
		"alpha": 0.7,
		"color": "C4BDF3",
		"glowIntensity": 0.3,
		"glowScale": 6
		}	]	}
	"craftTime": 120,
    "liquidCapacity": 120,
    "heatRequirement":6
	"consumes": {
    "power":5
    "liquid": 
	{"liquid": "water", "amount": 0.2 }
    }
"requirements": [
    "silicon/90"
    "beryllium/180"
	"tungsten/150",
	"graphite/80"
	],
	"category": "crafting",
	"research": {"parent": "electrolyzer"
    "requirements": [
         "silicon/180"
        "beryllium/360"
	    "tungsten/300",
	    "graphite/160"
        ]
    },
	
}