{
	"type": "HeatProducer",
	"name": "大型氧化室",
	"description": "更高效的产出氧化物与热量",
	"health": 5680,
	"itemCapacity":80,
	"liquidCapacity":90
	"outputItem": {"item": "oxide","amount":12},
	"size":5,
	"hasPower": true,
	"hasItems": true,
	"craftTime":60,
	"heatOutput":20
	"drawer": {
		"type": "DrawMulti",
		"drawers": [
{
	    "type":"DrawRegion",
	    "suffix":"-bottom"
	    },
	    {
	       "type":"DrawLiquidTile",
	    "drawLiquid":"ozone"
	    },
	    "DrawDefault"
		"DrawHeatOutput"
		]
		}
"consumes": {
		"power": 5
	"items": {
	"items": [
	{ "item": "beryllium", "amount": 4 }]},
	"liquid": 
	{"liquid": "ozone", "amount": 0.1 }
		},
		"requirements": [
		"beryllium/360",
     	"oxide/50",
     	"tungsten/360"
     	"silicon/150"
        ],
	"category": "crafting",
	"idleSound": "respawning",
	"research": {"parent": "oxidation-chamber"
    "requirements": [
        "beryllium/720",
     	"oxide/100",
     	"tungsten/720"
     	"silicon/300"
        ]
    },
 }
