{
	"type": "multicraft.MultiCrafter",
	"name": "原子对撞机",
	"description": "终级供应装置，极致的精密，极脆弱",
	"health": 240,
	"size": 5,
	"itemCapacity": 30000000,
	"hasPower": true,
	"hasItems": true,
	"hasLiquids": false,
	"canOverdrive": true,
	"requirements": [
        "lead/126000",
        "metaglass/84000",
        "graphite/111000",
        "titanium/88600",
        "thorium/236000",
        "copper/60500",
        "plastanium/32000",
        "phase-fabric/58700",
        "surge-alloy/34000",
        "silicon/74000"
    ],
	"recipes": [
	    {
			"input": {
			    "items": "coppe/1",
				"power": 7000000
			},
			"output": {
                "items": "copper/3000000"
            },
			"craftTime": 30
		},
        {
            "input": {
                "items": "coppe/1",
                "power": 7000000′
            },
            "output": {
                "items": "lead/3000000"
            },
            "craftTime": 30
        },
        {
            "input": {
                "items": "coppe/1",
                "power": 8000000
            },
            "output": {
                "items": "coal/3000000"
            },
            "craftTime": 30
        },
        {
            "input": {
                "items": "coppe/1",
                "power": 7000000
            },
            "output": {
                "items": "spore-pod/3000000"
            },
            "craftTime": 30
        },
        {
            "input": {
                "items": "coppe/1",
                "power": 7000000
            },
            "output": {
                "items": "graphite/3000000"
            },
            "craftTime": 30
        },
        {
            "input": {
                "items": "coppe/1",
                "power": 7000000
            },
            "output": {
                "items": "silicon/3000000"
            },
            "craftTime": 30
        },
        {
            "input": {
                "items": "coppe/1",
                "power": 7000000
            },
            "output": {
                "items": "titanium/3000000"
            },
            "craftTime": 30
        },
        {
            "input": {
                "items": "coppe/1",
                "power": 7000000
            },
            "output": {
                "items": "thorium/3000000"
            },
            "craftTime": 30
        },
        {
            "input": {
                "items": "coppe/1",
                "power": 7000000
            },
            "output": {
                "items": "plastanium/3000000"
            },
            "craftTime": 30
        },
        {
            "input": {
                "items": "coppe/1",
                "power": 7000000
            },
            "output": {
                "items": "surge-alloy/3000000"
            },
            "craftTime": 30
        },
        {
            "input": {
                "items": "coppe/1",
                "power": 7000000
            },
            "output": {
                "items": "phase-fabric/3000000"
            },
            "craftTime": 30
        },
        {
            "input": {
                "items": "coppe/1",
                "power": 7000000
            },
            "output": {
                "items": "pyratite/3000000"
            },
            "craftTime": 30
        },
        {
            "input": {
                "items": "coppe/1",
                "power": 7000000
            },
            "output": {
                "items": "blast-compound/3000000"
            },
            "craftTime": 30
        },
        {
            "input": {
                "items": "coppe/1",
                "power": 7000000
            },
            "output": {
                "items": "metaglass/3000000"
            },
            "craftTime": 30
        }
    ],
	"category": "crafting",
	"research":"kiln"
}