{
	"type": "GenericCrafter",
	"size": 3,
	"itemCapacity": 132,
	"consumes": {
		"power": 90,
		"items": {
			"items": [
				"thorium/11",
			]
		},
	    "liquid": "water/0.06"
	},
	"updateEffect": {
		"type": "WaveEffect",
		"sides": 6,
		"lifetime": 60,
		"sizeFrom": 0,
		"sizeTo": 9,
		"strokeFrom": 2,
		"strokeTo": 0,
		"rotation": 90,
		"colorFrom": "FFF1D2",
		"colorTo": "FFD197"
	},
	"craftTime": 120,
	"outputItem": "phase-fabric/44",
	"requirements": [
		"lead/825",
		"phase-fabric/705",
		"surge-alloy/475"
	],
	"drawer": {
		"type": "DrawMulti",
		"drawers": [
			{
				"type": "DrawRegion",
				"suffix": "-bottom"
			},
			"DrawWeave",
			"DrawDefault",
			{
				"type": "DrawPulseShape",
				"color": "FFD59E",
				"stroke": 1,
				"timeScl": 120,
				"minStroke": 0,
				"layer": 110,
				"square": false
			}
		]
	},
	"ambientSound": "techloop",
	"ambientSoundVolume": 0.02,
	"category": "crafting",
	"research": "phase-weaver"
}