{
	"type": "GenericCrafter",
	"size": 3,
	"hasLiquids": true,
	"itemCapacity": 36,
	"liquidCapacity": 320,
	"consumes": {
		"power": 80.5,
		"items": {
			"items": [
				"coal/4"
			]
		}
	},
	"craftTime": 20,
	"outputLiquid": "oil/12",
	"requirements": [
		"lead/835",
		"metaglass/325",
		"graphite/235",
		"titanium/625"
	],
	"drawer": {
		"type": "DrawMulti",
		"drawers": [
			"DrawDefault",
			{
				"type": "DrawLiquidRegion",
				"drawLiquid": "oil"
			}
		]
	},
	"category": "crafting",
	"research": "coal-centrifuge"
}