{

//copper 铜 lead 铅 coal 煤 spore-pod 孢子荚
//graphite 石墨 silicon 硅 titanium 钛 thorium 钍
//plastanium 塑钢 surge-alloy 巨浪合金 phase-fabric 相织布
//pyratite 硫 blast-compound 爆炸混合物 metaglass 钢化玻璃

	"type":"GenericCrafter",
	//GenericSmelter已经删除，需要加-top贴图的需要以下结构:
	"drawer":{
		"type":"DrawMulti",
		"drawers":[
			{
				"type":"DrawDefault"
			},
			{
				"type":"DrawFlame"
				//这个type允许使用-top贴图，并且会绘制火焰特效
			}
		]
	}
	"name":"高精石墨压缩机",
	"outputItem":"graphite/3",
	"craftEffect":"pulverizeSmall",
	"itemCapacity":13,
	"health":120,
	"craftTime":50,
	//生产时间60:1
	"description":"高精密的压缩机，体积更小，产速更快，需要消耗电力……"
	"size":1,
	"consumes":{
		"power":1.3,
		//耗电公式为：1=60
		"items":{
			"items":[
				"coal/3",
			]
		}
	}
	"requirements":[
		"copper/45",
		"lead/15",
		"titanium/10"
	],
	"research":"graphite-press",

	"category":"crafting"
}