{	"targetAir":true,
	//是否攻击空军
	"targetGround":true,
	//是否攻击地面目标
	"speed":0.7,
	"hitSize":24,
	"name": "晨曦",
	"rotateSpeed": 5,
	"health": 2260,
	"armor":12,
	"type": "mech",
	"weapons": [
		{"name": "晨曦-1",
		"reload":20,
		"x":0,"y":0,
		"mirror":true,
		"top":false,
		"shootY":5.5,
		"shootX":7.5,
		"bullet": {
				"damage": 35,
				"splashDamage": 25,
				"splashDamageRadius": 18,
				"lightningDamage": 1,
				"lightning": 3,
				"lightningLength": 5,
				"status": "shocked",
				"statusDuration": 60,
				"speed": 6,
				"lifetime": 42,
				"smokeEffect": "shootBig",
				"width": 7,
				"height": 12,
				"hitEffect": "flakExplosionBig",
				"despawnEffect": "flakExplosionBig"
			}
		},
	]
}