{
    "name": "指挥中心",
    "description": "核心，使用了多种高强度材料，容量大，坚固",
    "armor": 0,
    "itemCapacity": 500000,
    "hasItems": true,
    "health": 100000,
    "unitCapModifier": 15,
    "size": 5,
    "breakable": true,
    "requirements": [
        {
            "item": "赤铜",
            "amount": 3000
        },
        {
            "item": "赤铁",
            "amount": 3000
        }
    ],
    "unitType": "电子号",
    "category": "effect",
    "alwaysUnlocked": true
}