{
	"type": "Router",//类型
	"size":3,//平方大小
	"category": "distribution",//菜单栏
	"name": "分流器",//名字
	"description": "向另外8个方向运输物品。",//介绍
	"itemCapacity": 5,//物品容量
	"research": "铝分配器"//前置科技树
	"alwaysUnlocked":false,//科技树默认解锁
	"health":60//血量
	"solid":true,//实体
	"requirements": [//建造消耗
		{ "item":"铝","amount":20},
		{"item":"锂","amount":15}	],
	"speed": 2,//运输速度
	"displayedSpeed":11,//显示速度
}