{
"name":"宇宙文明",
"author":"universe",
"description":"这是属于这个宇宙的文明的战争。[#00ffff]*现更新一级文明(地星文明),
mod特色游戏:塔防模式 
作者QQ:1464660354,
QQ群:248895610,
测试员:浅、梦,
意见提供:一个很懒的sans骷髅,
贴图师:老滑稽,北极光，星空战争作者,
本模组需要同时加载宇宙文明logo,
宇宙文明地板mod,
否则会出现游戏崩档，无法打开情况
",
"version":"宇宙版本号1.1",
"dependencies":["宇宙文明logo","宇宙文明地板"]
}