{
    "name": "聚合暗物质",
    "description": "在宇宙中无处不在，却无法正常看到。我们用了一些[red]特殊手段[white]一一上帝粒子在某些情况的特殊性与强聚合技术，终于将细微的它们集合成一个块状物质。这还真是费劲…",
    "color": "550088",
    "frames": 5,
    "explosiveness": 0, //爆炸性
    "radioactivity": 0, //放射性
    "charge": 1, //费用
    "flammability": 0, //可燃性
    "cost": 5,
    "research": "上帝粒子"
}