{
	"type": "legs",
	"name": "宪纲",
	"speed":0.43
	"hitSize":52
	"legSplashDamage": 168
	"legSplashRange": 16
	"legCount": 4
	"legMoveSpace": 1.2
	"legExtension": -8,
	"legBaseOffset": 0,
	"legLength": 25
	"legForwardScl": 0.7,
	"stepShake": 0.77,
	"rippleScale": 1,
	"hovering": true,
	"allowLegStep": true,
	"canBoost": false
	"range": 460
	"rotateSpeed":1.8
	"abilities": [
		{
			"type":"ShieldArcAbility",
			"radius":54
			"width":8
			"max":4200
			"regen":2
			"cooldown":300
			"angle":160
		}
		{
        "type": "RegenAbility",
        "percentAmount": 0.0014
        }
			{	"type":"StatusFieldAbility",
			"duration":700
			"reload": 780
			"range":0.1
			"applyEffect": "none",
			"effect": "overdrive",
			}
	]
	"immunities": [
		"freezing","melting","disarmed",
		"shocked""electrified",
	]
	"health": 165480
	"armor":38
	"drownTimeMultiplier":9999999999
	"weapons":[
		{
			"name": "攻导",
			"reload":50
			"shake": 3
			"recoil": 4
			"shoot": {
		    "shots": 5
	    	"shotDelay":6
	        }
			"x":-16
			"y":-8.5
			"shootX": 0
			"shootY":4
			"rotate":true
			"top": true
			"inaccuracy":1
			"alternate": true,
			"ejectEffect": "casing4"
			"shootCone":10
			"bullet": {
				"damage":72
				"splashDamage":54
				"splashDamageRadius":20
				"pierce": true,
				"pierceBuilding": true,
				"pierceArmor": true,
				"pierceCap":5
				"speed":14
				"lifetime":30
				"hitSound": "boom",
				"shootEffect": "shootSmall",
				"smokeEffect": "shootSmallSmoke",
				"backColor": "eec591",
				"frontColor": "FFFFFF",
				"width": 8
				"height": 12
				"hitEffect": {
					"type": "ParticleEffect",
					"particles": 10
					"line": true,
					"strokeFrom": 2
					"strokeTo": 0,
					"lenFrom": 12
					"lenTo": 0,
					"length":31
					"baseLength": 0,
					"lifetime": 12
					"colorFrom": "FFA05C",
					"colorTo": "FFFFFF",
					"cone":18
				}
			}
		}
	{
			"name": "宪纲1",
			"reload":9.75
			"shake": 3
			"recoil": 4
			"shoot": {
		    "shots": 2
	    	"shotDelay":4
		    "type": "ShootAlternate",
		    "barrels":2
	        }
			"x":27.25
			"y":0
			"shootX": 0,
			"shootY":16.75
			"layerOffset": -0.0001,
			"shootStatusDuration": 10,
			"shootStatus":"overclock",
			"rotate": false,
			"top":false,
			"inaccuracy": 1.5
			"shootSound": "shootBig",
			"alternate": true,
			"ejectEffect": "casing4",
			"shootCone":20
			"bullet": {
				"damage":208
				"splashDamage":132
				"splashDamageRadius":53
				"pierce": true,
				"pierceBuilding": true,
				"pierceArmor": true,
				"pierceCap":5
				"speed":20
				"lifetime":23
				"hitSound": "explosion",
				"shootEffect": "shootBig",
				"smokeEffect": "shootBigSmoke",
				"trailLength":2
				"trailWidth":1
				"trailColor": "eec591",
				"backColor": "eec591",
				"frontColor": "FFFFFF",
				"width": 15
				"height": 36
				"hitEffect": {
					"type": "ParticleEffect",
					"particles": 15,
					"line": true,
					"strokeFrom": 3,
					"strokeTo": 0,
					"lenFrom": 16,
					"lenTo": 0,
					"length": 60,
					"baseLength": 0,
					"lifetime": 10,
					"colorFrom": "FFA05C",
					"colorTo": "FFFFFF",
					"cone":30
				}
			"fragBullets":2
		    "fragLifeMin":0.08
		    "fragLifeMax":0.12
		    "fragSpread":30
		    "fragBullet": {
		    "damage":18
		    "speed":5
		    "splashDamage":15
			"splashDamageRadius": 20
		    "hitSound":"boom"
		    }
				"despawnEffect": "flakExplosionBig"
			}
		}
			{
			"name": "jg1",
			"reload":9.75
			"shake": 3
			"recoil": 4
			"shoot": {
		    "shots": 2
	    	"shotDelay":4
		    "type": "ShootAlternate",
		    "barrels":2
	        }
			"x":27
			"y":0
			"shootX": 0,
			"shootY":17.25
			"rotate": false,
			"top": false,
			"inaccuracy":1.5
			"shootSound": "shootBig",
			"alternate": true,
			"ejectEffect": "casing4",
			"shootCone":20
			"bullet": {
				"type": "LaserBulletType",
				"damage":78
				"pierce": true,
				"pierceBuilding": true,
				"pierceArmor": true,
				"sideAngle":30
				"sideWidth": 0.6
				"sideLength":50
				"lifetime":14.5
				"colors": [
					"eec59180",
					"eec59190",
					"FFFFFF"
				],
				"width":10
				"length":72
				"smokeEffect": "none",
				"hitEffect": "hitLancer",
				"despawnEffect": "none",
				"status": "shocked"
			}
		}
			{
			"name": "宪纲2",
			"reload": 45
			"shootY": 7.5,
			"x": 12,
			"y": 2.5,
			"controllable": false,
			"autoTarget": true,
			"shootStatusDuration": 15
			"shoot": {
				"type": "ShootSpread",
				"shots": 5
			},
			"shake": 2,
			"recoil": 2,
			"top": true,
			"rotationLimit": 50,
			"shootCone": 41,
			"rotate": true,
			"rotateSpeed": 6,
			"shootSound": "spark",
			"alternate": true,
			"inaccuracy": 16,
			"bullet": {
				"type": "LightningBulletType",
				"damage": 32,
				"lightningColor": "FFA05C",
				"hitColor": "FFA05C",
				"lightningLength": 12,
				"lightningLengthRand": 12,
				"shootEffect": {
					"type": "ParticleEffect",
					"particles": 4,
					"line": true,
					"length": 55,
					"baseLength": 0,
					"lifetime": 22,
					"colorFrom": "FFA05CFF",
					"colorTo": "D86E56FF",
					"cone": 20
				},
				"smokeEffect": "none",
				"hitEffect": "hitLancer",
				"despawnEffect": "none",
				"status": "shocked"
			}
		}
			{
			"name": "宪纲3",
			"reload": 30
			"shootY": 7.5,
			"x": 10
			"y": -2
			"controllable": false,
			"autoTarget": true,
			"shootStatusDuration": 15
			"shoot": {
				"type": "ShootSpread",
				"shots": 8
			},
			"shake": 2,
			"recoil": 2,
			"top": true,
			"rotationLimit": 50,
			"shootCone": 41,
			"rotate": true,
			"rotateSpeed": 6,
			"shootSound": "spark",
			"alternate": true,
			"inaccuracy": 16,
			"bullet": {
				"type": "LightningBulletType",
				"damage": 32,
				"lightningColor": "FFA05C",
				"hitColor": "FFA05C",
				"lightningLength": 12,
				"lightningLengthRand": 12,
				"shootEffect": {
					"type": "ParticleEffect",
					"particles": 4,
					"line": true,
					"length": 55,
					"baseLength": 0,
					"lifetime": 22,
					"colorFrom": "FFA05CFF",
					"colorTo": "D86E56FF",
					"cone": 20
				},
				"smokeEffect": "none",
				"hitEffect": "hitLancer",
				"despawnEffect": "none",
				"status": "shocked"
			}
		}
	]
	"research": "reign"
}