{
	"type": "Drill",
	"name":"混合金钻头",
    "description": "终极钻头！但记得供冷",
    "health":2650,
    "itemCapacity":100,
    "tier":10,
    //钻头的开采等级
    "drillTime":300,
    //矿物开采耗时
    "size": 5,
    "group":"drills"
    "hasLiquids": true,
	"alwaysUnlocked":false,
	"liquidCapacity":18,
    "drawMineItem":true,
    //是否在中心绘画所采矿物的颜色
    "drillEffect": "mineHuge",
    "updateEffect":"pulverizeRed",
    "drawRim":true,
    "heatColor":"FF5511",
    //开采出矿物时的颜色
    "rotateSpeed": 1,//贴图转速
    "warmupSpeed": 30,
    //钻头完全启动的速度(一除以(此数值*60)(单位/秒))
    "liquidBoostIntensity":4,
    //液体提供的加速效果
	"consumes": {
	    "power":5,
		"liquid": {
			"liquid":"液氧",
			"amount":0.15,
			"booster": true,
			//加速
			"optional": true
			//可选
		}
	}
    "requirements": [
        "铬/400",
        "lead/400",
        "titanium/200",
        "silicon/200"
        "白钢/500"
        "碳钢/500"
        "钛合金/500"
    ],
    "category": "production",
	"research": "埃里克尔科技强化版激光钻头"
}