{
	"name":"修理基地"
	"type": "RepairTower",
		"description":"修复范围内的所有单位"
	"size":2,
	"armor":2
	"health":320,
	"itemCapacity":0,
	"liquidCapacity":0,
	"consumes": {
		"power":5,
		/*"items":[
		    "phase-fabric/1"
		    ]
		"coolant":{
		    "amount":0.1,
		}*/
	},
	"range":120,
	//范围(8:1)
	"healAmount":1,
	//每帧治疗量
	"circleColor":"73FFAE",
	//命中单位身上那部分的颜色
	"glowColor":"73FFAE7B",
	//发光颜色
	"circleSpeed":140,
	//速度
	"circleStroke":2,
	//粗细
	"squareRad":2,
	//大小
	"squareSpinScl":1.2,
	//转速
	"glowMag":0.5,
	//幅度
	"glowScl":12,
	//频率
	"requirements": [
	    "lead/120",
	    "silicon/80",
	    "titanium/90"
	],
	"category": "units",
	"research": "维修处"
}