{
    "type": "payloadUnloader",
    "name": "卸载机",
    "description": "来源于喵喵怪(作者已允许)",
    "size": 3,
    "health": 960,
    "itemCapacity": 500,
    "liquidCapacity": 500,
    "maxBlockSize": 2,
    "offloadSpeed": 8,
    "consumes": {
        "power": 3
    },
    "requirements": [
        {
            "item": "titanium",
            "amount": 60
        },
        {
            "item": "graphite",
            "amount": 25
        },
        {
            "item": "silicon",
            "amount": 25
        }
    ],
    "category": "units",
    "research": "装载机"
}