{
    "type":"PowerNode",
    "name":"大型电力网络节点",
    "description": "能储存一定电量,给大范围内多个建筑提供电能",
    "details":"",
    "size":2,
    "health":220,
    "maxNodes":25,
    "laserRange":24,
    "research":"battery",
	"hasPower":true,
	"consumesPower": true,
	"consumes":{
	    "powerBuffered": 2400
	    },	
	"outputsPower": true,
    "requirements": [
        {"item":"thorium","amount":5}
        {"item":"copper","amount":8}
        {"item":"lead","amount":12}
        {"item":"silicon","amount":16}
        ],
        "category":"power"
    "research":"电力网络节点"
}