{
"type":"Wall",
"name":"大型爆炸墙",
"description":"保护己方建筑，挡下敌方炮弹。
被摧毁时发生爆炸。",
"health":1760,
"size":2,
"armor":-10,
"requirements":[
{"item":"blast-compound","amount":24}],
"category":"defense",
"research":"爆炸混合物墙",
"destroyBullet":{
"instantDisappear":true,
"damage":0,
"splashDamage":960,
"splashDamageRadius":64,
"buildingDamageMultiplier":0.1,

"despawnEffect":{
"type":"ExplosionEffect",
"lifetime":40//存在时间
"startDelay":0,//延时
"waveColor":"FFFFFF",//圆环颜色
"smokeColor":"FFFFFF",//圆形粒子颜色色
"sparkColor":"FF8560FF",//线形粒子颜色
"waveLife":10,//圆环存在时间/有上限，很短
"waveStroke":6,//圆环宽度
"waveRad":40,//圆环扩散范围
"waveRadBase":8,//圆环直径
"sparkStroke":3,//线形粒子宽度
"sparkRad":60,//线形粒子扩散范围
"sparkLen":20,//线形粒子长度
"smokeSize":15,//圆形粒子扩张大小
"smokeSizeBase":0,//圆形粒子基础大小
"smokeRad":110,//圆形粒子扩散范围
"smokes":20,//圆形粒子数量
"sparks":20,//线形粒子数量
}

}
}