{
	"name":"大型扩散墙",
	"description":"使用电力会产生震爆波，破坏和摧毁范围内敌人炮弹",
	"type": "ShockwaveTower",
	"health":3000,
	"size":2,
	"armor":2,
	"range":48,
	//范围
	"reload":160,
	//射速
	"conductivePower":true,
	//传导电力
	"bulletDamage":22,
	"group":"walls",
	"consumes":{
	    "power":0.04,
	},
	    "shootEffect":"none",
	    "buildingDamageMultiplier":0,
	"category": "defense",
	"research": "扩散墙"
    "requirements":[
        "surge-alloy/24"
        "silicon/12"
        "phase-fabric/24"
        "plastanium/16"
	    "glass-alloy/12",
        ],
}
