{
"type":"NuclearReactor",
"name":"大型钍反应堆",
"description":"从放射性的钍中产生大量的电力，需要持续冷却(加装了强大外壳)",
"health":6800,
"size":4,
"itemCapacity":50,
"liquidCapacity":200,
"hasPower":true,
"hasLiquids":true,
//"heating":0.1,
//"coolantPower":1,
//"itemDuration":0,
"explosionRadius":0,
"explosionDamage":0,
"hasItems":true,
"itemDuration":60,
"powerProduction":83.333333333333
"consumes":{
"liquid":{"liquid":"cryofluid","amount":0.36666666},
"items":{"items":[{"item":"thorium","amount":1}]}},
"category":"power",
"research":"thorium-reactor",
"rebuildable":false,
"requirements":[
{"item":"titanium","amount":400},
{"item":"thorium","amount":250},
{"item":"metaglass","amount":250},
{"item":"surge-alloy","amount":275}
{ "item": "silicon", "amount": 375}  ]
"details":"[red]超级炸弹\n小心一个生产区被炸爆",
"destroyBullet":{
"instantDisappear":true,
"damage":0,
"splashDamage":6000,
"splashDamageRadius":120,
"fragBullets":16,//破片弹数量
"fragVelocityMin":0.3,//破片最小速度
"fragVelocityMax":1.2,//破片最大速度
"timeIncrease":-3,//加速效果
"timeDuration":1200,//加速时间
"fragBullet":{
"type":"ArtilleryBulletType",
"ammoMultiplier":1,//每个物品能够
"collides":true,//开启碰撞
"collidesTiles":true,
"collidesAir":true,//与空军碰撞
"damage":240,//伤害
"width":25,
"height":25,
"shrinkY":0.5,
"smokeEffect":"shootBigSmoke2",//烟雾效果
"hitEffect":"sapExplosion",//打击特效
"lightColor":"BF92F9",//颜色
"lightOpacity":0.5,//光不透明度
"lifetime":80,//存在时间，帧
"speed":3,//初速度
"status":"sapped",//击中给予状态
"statusDuration":2000,//状态持续时间，
"despawnEffect":"none"//子弹消失特效
"lightning":5,//闪电数量
"lightningLength":20,//闪电长度
"lightningDamage":30,//闪电伤害
"lightningColor":"BF92F9"//闪电颜色
"frontColor":"#BF92F9",
"backColor":"#BF92F9",
"knockback":0.7,//击退力
"splashDamage":85,//范围伤害
"splashDamageRadius":80,//范围
"fragBullets":9,//破片弹数量
"fragVelocityMin":0.3,//破片最小速度
"fragVelocityMax":2.3,//破片最大速度
"timeIncrease":-3,//加速效果
"timeDuration":1200,//加速时间
"fragBullet":{
"type":"ArtilleryBulletType",//基础子弹
"width":20,
"height":20,
"smokeEffect":"shootBigSmoke2",//烟雾效果
"hitEffect":"sapExplosion",//打击特效
"lightColor":"BF92F9",//颜色
"lightOpacity":0.5,//光不透明度
"collidesAir":true,//与空军碰撞
"collides":false,//开启碰撞
"lightning":2,//闪电数量
"lightningDamage":15,//闪电伤害
"lightningLength":5,//闪电长度
"lightningColor":"BF92F9"//闪电颜色
"frontColor":"#BF92F9",
"backColor":"#BF92F9",
"knockback":0.8,//击退力
"splashDamage":30,//范围伤害
"splashDamageRadius":20,//伤害范围
"status":"sapped",//击中给予状态
"statusDuration":600,//状态持续时间，
"lifetime":90,//存在时间，帧
"timeIncrease":-3,//加速效果
"timeDuration":1200,//加速时间
}}
"despawnEffect":{
"type":"ExplosionEffect",
"lifetime":180//存在时间
"startDelay":0,//延时
"waveColor":"FFFFFF",//圆环颜色
"smokeColor":"FF4621FF",//圆形粒子颜色色
"sparkColor":"A3FCFFFF",//线形粒子颜色
"waveLife":10,//圆环存在时间/有上限，很短
"waveStroke":6,//圆环宽度
"waveRad":160,//圆环扩散范围
"waveRadBase":8,//圆环直径
"sparkStroke":3,//线形粒子宽度
"sparkRad":260,//线形粒子扩散范围
"sparkLen":20,//线形粒子长度
"smokeSize":15,//圆形粒子扩张大小
"smokeSizeBase":0,//圆形粒子基础大小
"smokeRad":280,//圆形粒子扩散范围
"smokes":38,//圆形粒子数量
"sparks":40,//线形粒子数量
}
}
}