{
"type":"AttributeCrafter",
"name":"孢子培养器",
"description":"让孢子生长后采集，十分高效\n用于大规模生产孢子",
"health":480,
"itemCapacity":55,
"liquidCapacity":540,
"size":3,
"hasPower":true,
"hasItems":true,
"hasLiquids":true,
"legacyReadWarmup":true,
"craftTime":166.666666,
"maxBoost":2,
"craftEffect":"none",
"legacyReadWarmup":true,
"attribute":"spores",
"drawer":{
"type":"DrawMulti",
"drawers":[
{"type":"DrawRegion",
"suffix":"-bottom"}
{"type":"DrawLiquidRegion",
"drawLiquid":"water"
"suffix" : "-water"}
"DrawDefault",
"DrawCultivator",
{"type":"DrawRegion",
"suffix":"-top"}
]}

"consumes":{
"power":4,

"liquid":{"liquid":"water","amount":1.0666666666666}},
"outputItem":{"item":"spore-pod","amount":4},
"requirements":[
{"item":"titanium","amount":60},
{"item":"metaglass","amount":40},
{"item":"silicon","amount":40},
],
"category":"production",
"research":"cultivator",
}

/*


        cultivator = new AttributeCrafter("cultivator"){{
            requirements(Category.production, with(Items.copper, 25, Items.lead, 25, Items.silicon, 10));
            outputItem = new ItemStack(Items.sporePod, 1);
            craftTime = 100;
            size = 2;
            hasLiquids = true;
            hasPower = true;
            hasItems = true;

            craftEffect = Fx.none;
            envRequired |= Env.spores;
            attribute = Attribute.spores;

//            legacyReadWarmup = true;
            drawer = new DrawMulti(
            new DrawRegion("-bottom"),
            new DrawLiquidTile(Liquids.water),
            new DrawDefault(),
            new DrawCultivator(),
            new DrawRegion("-top")
            );
            maxBoost = 2f;

            consumePower(80f / 60f);
            consumeLiquid(Liquids.water, 18f / 60f);
        }};
