{
"name":"小型石油钻井" ,
"description":"简易的石油钻井，采集量少但无需沙与水(别一会塌方了)",
"type": "SolidPump",
"health": 280,
"size": 2,
"floating":true,
"hasPower": true,
"hasLiquids": true,
"liquidCapacity": 24,
"baseEfficiency": 0
"requirements": [
{"item": "lead", "amount":32}
{"item": "silicon", "amount": 24},
{"item": "graphite", "amount": 32},
{"item": "metaglass", "amount":22},
],
"consumes": {"power": 2},
"pumpAmount": 0.1,
"rotateSpeed": 1.3,
"result":"oil",
"baseEfficiency": 1,
"attribute": "oil",
"category": "production",
"research": "oil-extractor"
}