{
	"name":"扩散墙",
	"description":"使用电力会产生震爆波，破坏和摧毁范围内敌人炮弹",
	"type": "ShockwaveTower",
	"health":720,
	"size":1,
	"armor":2,
	"range":48,
	//范围
	"reload":160,
	//射速
	"conductivePower":true,
	//传导电力
	"bulletDamage":5,
	"group":"walls",
	"consumes":{
	    "power":0.01,
	},
	    "shootEffect":"none",
	    "buildingDamageMultiplier":0,
	"category": "defense",
	"research": "投影墙"
    "requirements":[
        "surge-alloy/6"
        "silicon/3"
        "phase-fabric/6"
        "plastanium/3"
        "glass-alloy/3",
        ],
}
