{
    "type":"ItemTurret",
    "name":"柳叶",
    "description": "散弹枪好吃的嘞"
    "health":820,
    "size":3,
    "reload":65,
    "range":240,
    "maxAmmo":50,
    "recoilTime":20,
    "recoil":3,
    "shake":0,
    "targetGround":true,
    "targetAir":false,
    "inaccuracy":0,
    "rotateSpeed":10,
    "shootY": 5,
    "shootSound": "bang",
	  	"shoot": {
		"shots": 7,
		"shotDelay": 0,
		"type": "ShootBarrel",
		"spread": 3
        "type":"ShootBarrel",
        "barrels":[
        0,0,3,
        0,0,6,
        0,0,9,
        0,0,0,
        0,0,-3,
        0,0,-6,
        0,0,-9,
        ]
		}
        "drawer":{
        "type":"DrawTurret",
        "parts":[
            {
                "type":"RegionPart",
                "suffix":"-左",
                "moveX":-1,
                "moveY":0,
                "under":true,
                "x":0,
                "y":0
                "moveRot": 24,
            }
            {
                "type":"RegionPart",
                "suffix":"-右",
                "moveX":1,
                "moveY":0,
                "under":true,
                "x":0,
                "y":0
                "moveRot": -24,
            }
        ]
    }
    "consumes": {
	     "coolant": {
           "amount": 0.2,
           "optional": true
          }
    },
    "ammoTypes": {
        "thorium": {
            "speed":12,
            "damage":58,
            "pierceCap":1,
            "lifetime":20,
            "width":3,
            "height":5,
            "collidesAir":false,
            "reloadMultiplier":0.85,
            "ammoMultiplier":3,
            "shootEffect": "shootBig"
            "trailColor":"EFCEF3FF",
            "trailWidth":2,
            "trailLength":12,
            "hitColor" : "EFCEF3FF",
            "buildingDamageMultiplier":0.2,
            	"shootEffect": {//炮口特效
		"type": "ParticleEffect",
		"region":"古代科技-棱",//贴图
		"particles": 2,//数量
		"length": 40,//长度
		"lifetime": 48,//存在时间
		"interp": "circleOut",
		"sizeInterp": "pow5Out",
		"cone": 0,//角度
		"colorFrom": "EFCEF3FF",
		"colorTo": "EFCEF3FF",
		"sizeFrom": 5.5,
		"sizeTo": 0
		}}
		"titanium": {
            "speed":12,
            "damage":35,
            "lifetime":20,
            "width":3,
            "height":5,
            "ammoMultiplier":3,
            "shootEffect": "shootBig"
            "trailColor":"D0DAFDFF",
            "collidesAir":false,
            "trailWidth":2,
            "trailLength":12,
            "hitColor" : "D0DAFDFF",
            "buildingDamageMultiplier":0.2,
            	"shootEffect": {//炮口特效
		"type": "ParticleEffect",
		"region":"古代科技-棱",//贴图
		"particles": 2,//数量
		"length": 40,//长度
		"lifetime": 48,//存在时间
		"interp": "circleOut",
		"sizeInterp": "pow5Out",
		"cone": 0,//角度
		"colorFrom": "D0DAFDFF",
		"colorTo": "D0DAFDFF",
		"sizeFrom": 5.5,
		"sizeTo": 0
		}
        }
    },
    "requirements": [
        "titanium/120",
        "lead/85",
        "graphite/60"
    ],
    "alwaysUnlocked":false,
    "category":"turret",
    "research":"钛双管",
    "researchCostMultiplier": 2,

}