{
     "type":"ItemTurret",
     "name":"洪波", 
     "description":"发射重型扩散弹", 
     "health":2280,
	 "size":4
		 "range":768,
     "targetAir":false,
     "targetGround":true,
	 "rotateSpeed":5
     "reload": 160,
	 "maxAmmo":12,
	 "shootSound":"artillery"
	 "recoil": 2,
	 "knockback": 6,
	 "inaccuracy": 2,
	 "recoilAmount":5
	 	 "velocityInaccuracy":0.1
		 "ammoUseEffect":"lightningShoot"
		 "ammoEjectBack":5
		 "minRange":1
		"consumes": {
		"coolant": {
		"amount": 0.2,
        "optional": true
        }
	    },
		 
	 "ammoTypes": {
	     "blast-compound": {
	       "type":"ArtilleryBulletType"
		   "speed":4
		   "lifetime":480
     "width": 20
     "height": 40
	 "hitEffect":"plasticExplosionFlak"
	 "splashDamageRadius":32,
	   "splashDamage":180,
	 "reloadMultiplier":0.8
	 "frontColor":"FF6A6A"
     "reloadMultiplier":1.2
     "ammoMultiplier": 2
            "fragBullets": 6,
            "fragVelocityMin": 5,
            "fragVelocityMax": 5,
            "fragRandomSpread": 0,
            "fragSpread": 5,
            "homingPower":0.05,
	"intervalBullets":2//每次分裂子弹数
	"intervalAngle":180
	"intervalSpread":300
	"bulletInterval":12//子弹间距
	"intervalRandomSpread":20
	"intervalBullet":{
	    //间隔分裂子弹
	    "type":"ArtilleryBulletType"
	    "width":9                   
	    "hitSize":5                
	    "height":15                
	    "pierce":true
	    "lifetime":45
	    "pierceBuilding":true
	    "hitEffect":"plasticExplosionFlak"
	    "frontColor":"FF6A6A"
	    "trailWidth":2.1
	    "trailLength":5
	 "splashDamageRadius":16,
	   "splashDamage":55,
	    }
		"fragBullet":{
				"type":"BasicBulletType",
					    "damage":50,
				"speed": 5
				"lifetime": 5,
				"width": 20,
				"height": 20,
				"splashDamage": 55,
				"splashDamageRadius": 26,
			"despawnEffect":"plasticExplosionFlak"
			  "frontColor":"FF6A6A"
			  	            			  "hitEffect":
{"type": "multiEffect",
"lifetime":30//存在时间
"effects":[
{
"type":"WaveEffect",
"colorFrom":"FF6A6A",//颜色从
"colorTo":"FF6A6A",//颜色至
"lifetime":5,//存在时间
"sizeFrom":2,//开始时圆环直径
"sizeTo":27,//结束时圆环直径
"strokeFrom":1,//开始时圆形宽度
"strokeTo":0,//结束时圆环宽度
}]
}
}}
	     "plastanium": {
	       "type":"ArtilleryBulletType"
		   "speed":4
		   "lifetime":480
     "width": 20
     "height": 40
	 "hitEffect":"plasticExplosionFlak"
	 "splashDamageRadius":32,
	   "splashDamage":120,
	 "reloadMultiplier":0.8
	 "frontColor":"F7FBD0FF"
     "reloadMultiplier":1.2
     "ammoMultiplier": 2
            "fragBullets": 6,
            "fragVelocityMin": 5,
            "fragVelocityMax": 5,
            "fragRandomSpread": 0,
            "fragSpread": 8,
	"intervalBullets":2//每次分裂子弹数
	"intervalAngle":180
	"intervalSpread":300
	"homingPower":0.05,
	"bulletInterval":10//子弹间距
	"intervalRandomSpread":20
	"intervalBullet":{
	    //间隔分裂子弹
	       "type":"ArtilleryBulletType"
	    "width":9                   
	    "hitSize":5                
	    "height":15                
	    "pierce":true
	    "lifetime":45
	    "pierceBuilding":true
	    "hitEffect":"plasticExplosionFlak"
	    "frontColor":"F7FBD0FF"
	    "trailWidth":2.1
	    "trailLength":5
	 "splashDamageRadius":16,
	   "splashDamage":40,
	            "fragBullets": 6,
	   			"fragBullet":{
			    "type":"BasicBulletType",
			    "width":9,
			    "height":3,
			    "lifetime":6,
			    "speed":5.5,
			    "damage":10,
			    "backColor":"F7FBD0FF",
			    //子弹边缘颜色
			    "frontColor":"F7FBD0FF",
			    //子弹中心颜色
			    "hitEffect":"none",
			    "despawnEffect":"none",
			  }
	    }
		"fragBullet":{
				"type":"BasicBulletType",
				"speed": 5
				"lifetime": 5,
						    "damage":40,
				"width": 20,
				"height": 20,
				"splashDamage": 40,
				"splashDamageRadius": 24,
	"despawnEffect":"plasticExplosionFlak"
			  "frontColor":"F7FBD0FF"
			  	   "splashDamage":20,
	            "fragBullets": 6,
	            			  "hitEffect":
{"type": "multiEffect",
"lifetime":30//存在时间
"effects":[
{
"type":"WaveEffect",
"colorFrom":"F7FBD0FF",//颜色从
"colorTo":"F7FBD0FF",//颜色至
"lifetime":5,//存在时间
"sizeFrom":2,//开始时圆环直径
"sizeTo":27,//结束时圆环直径
"strokeFrom":1,//开始时圆形宽度
"strokeTo":0,//结束时圆环宽度
}]}
	   			"fragBullet":{
			    "type":"BasicBulletType",
			    "width":9,
			    "height":3,
			    "lifetime":6,
			    "speed":5.5,
			    "damage":10,
			    "backColor":"F7FBD0FF",
			    //子弹边缘颜色
			    "frontColor":"F7FBD0FF",
			    //子弹中心颜色
			    "hitEffect":"none",
			    "despawnEffect":"none",
			  }
}
}
}


	  "requirements": [
		{ "item": "lead", "amount":250 }
		{ "item": "plastanium", "amount":95 }
		{ "item": "graphite", "amount":175 }
        { "item": "surge-alloy", "amount":200 }
		
	],
	"category": "turret",
	"research": "ripple"
}