{
	"type": "ItemTurret",
	"name": "燃烧弹",
	"description": "燃烧弹\n放入铅/铜可让其拥有自动引爆的功能\n好烧！",
	"health": 25,
	"size": 1,
	"reload": 1,
	"range": 24,
	"inaccuracy": 0,
	"rotateSpeed": 999,
	"shootSound": "shootAltLong",
	"canOverdrive": false,
	"shootY":0,
	"shootCone":80,
	"maxAmmo":1,
	"ammoPerShot": 1,
	"ammoTypes": {
		"lead":{
	"killShooter": true,
	"hittable":false,
	"absorbable":false,
	"instantDisappear":true,
	"hitSound": "shootAltLong",
	"ammoMultiplier": 1,
	"type": "BasicBulletType",
	"speed": 0,
	"lifetime": 1,
	"shootEffect":"none",
	"smokeEffect":"none",
	"damage":0,
	}
		"copper":{
	"killShooter": true,
	"hittable":false,
	"absorbable":false,
	"instantDisappear":true,
	"hitSound": "shootAltLong",
	"ammoMultiplier": 1,
	"type": "BasicBulletType",
	"speed": 0,
	"lifetime": 1,
	"shootEffect":"none",
	"smokeEffect":"none",
	"damage":0,
	}
	}

"requirements": [
	"coal/20"
	"copper/10"
	],
	"research": "大型爆炸混合物墙",
	"category": "effect"
"destroyBullet":{
"instantDisappear":true,
"damage":0,
	"fragBullets":6,
    "fragBullet":{
	"type":"BasicBulletType",
	"collides":false,
    "hittable":false,
    "absorbable":false,
	"makeFire":true,
	"pierce": true,
	"pierceBuilding":true,
	"damage":0,
	"instantDisappear":true,
	"incendAmount":14,//燃烧量(?
	"incendSpread":20,//燃烧传播速度
	"incendChance":10,//燃烧概率
	"fragBullets":1,
	"fragBullet": {
	"type": "LiquidBulletType",
	"buildingDamageMultiplier": 0.3,
	"liquid": "oil",
	"lifetime": 0,
	"knockback": 1.8,
	"speed": 0,
	"damage": 0.5
			},
    	}
    }
}
