{
"type":"GenericCrafter",
"name":"玻璃钢压制器",
"description":"使用塑钢 钍 压制玻璃钢",
"health":220,
"itemCapacity":10,
"size":2,
"hasPower":true,
"hasItems":true,
"craftTime":75,
"craftEffect":"pulverizeSmall",
"consumes":{
"power":4.5,
"items":{
"items":[
{"item":"plastanium","amount":1},
{"item":"thorium","amount":1},
],  }   }
"outputItem":{"item":"glass-alloy","amount":2},
"requirements":[
{"item":"plastanium","amount":48},
{"item":"thorium","amount":75},
{"item":"silicon","amount":48},
{"item":"graphite","amount":36},
],
"researchCost":[
{"item":"plastanium","amount":480},
{"item":"thorium","amount":750},
{"item":"silicon","amount":480},
{"item":"graphite","amount":360},
],
"category":"crafting",
"research":"silicon-smelter",
}