{
    "type":"PowerNode",
    "name":"电力网络节点",
    "description": "能储存一定电量,给小范围内多个建筑提供电能",
    "details":"",
    "size":1,
    "health":50,
    "maxNodes":15,
    "laserRange":8,
    "research":"battery",
	"hasPower":true,
	"consumesPower": true,
	"consumes":{
	    "powerBuffered": 500
	    },	
	"outputsPower": true,
    "requirements": [
        {"item":"titanium","amount":2}
        {"item":"copper","amount":3}
        {"item":"lead","amount":3}
        {"item":"silicon","amount":1}
        ],
        "category":"power"
    "research":"power-node-large"
}