{
	"type": "GenericCrafter",
	"health": 480,
	"name": "硫化融合炉",
	"description": "将矿渣与煤炭在无氧环境混合,高温熔融金属废料使其中的有机物脱去氢氧,增高燃值,促使有机硫与重金属元素化合,产生各种硫化物,一部分灰分在过程中也会被分离,最终生产出高燃混合物",
	"itemCapacity": 10,
	"size": 2,
	"hasPower": true,
	"hasLiquids": true,
	"hasItems": true,
	"craftTime": 90,
		"generateEffect": "lava",
"drawer":{
"type":"DrawMulti",
"drawers":[
			{
				"type": "DrawRegion",
				"suffix": "-bottom"
			}
{"type":"DrawLiquidRegion",
"drawLiquid":"slag"
"suffix" : "-top",},
"DrawDefault",]},
	"outputItem":
	{"item": "pyratite","amount":1},
"consumes": {
"power": 0.5,
"liquid":{"liquid":"slag","amount":0.1},
"items": {		
"items": [
{ "item": "coal", "amount": 1}
	]
	}}
	"requirements": [
{ "item": "copper", "amount": 42}
{ "item": "lead", "amount": 58}	
{ "item": "titanium", "amount": 38}
{ "item": "metaglass", "amount": 32}	
{ "item": "silicon", "amount": 20}
		],
	"category": "crafting",
	"research": "alloy-smelter",
}