{
	"name": "激光钻机",
	"description": "使用激光挖掘墙上的矿物，使用水可以加速冷却",
	"type": "BeamDrill",
	"size": 2,
	"tier": 3,
	"health": 300,
//	"itemCapacity": 10，
	"canOverdrive": false,
	"hasItems": true,
	"drillTime": 100,  
	"range":4
	"fogRadius":2
    "heatColor":"FFDAA9FF",
	"consumes": {
	"power":1,  
	"liquid": {
       "liquid": "water",
       "amount": 0.05,
       "booster": true,
       "optional": true
        }
	},
	"requirements": [
		{ "item": "copper", "amount": 28 },
		{ "item": "lead", "amount": 16 },
		{ "item": "titanium", "amount": 14 },
		{ "item": "silicon", "amount": 12 },
	],
	"category": "production",
	"research": "core-shard"
}
/*plasmaBore = new BeamDrill("plasma-bore"){{
            requirements(Category.production, with(Items.beryllium, 40));
            consumePower(0.15f);

            drillTime = 160f;
            tier = 3;
            size = 2;
            range = 5;
            fogRadius = 3;
            researchCost = with(Items.beryllium, 10);

            consumeLiquid(Liquids.hydrogen, 0.25f / 60f).boost();
        }};
*/