{
	"name":"单位维修点"
	"type": "RepairTower",
		"description":"修复范围内的所有单位。"
	"size":1,
	"armor":1
	"health":140,
	"itemCapacity":0,
	"liquidCapacity":0,
	"consumes": {
		"power":2,
		/*"items":[
		    "phase-fabric/1"
		    ]
		"coolant":{
		    "amount":0.1,
		}*/
	},
	"range":40,
	//范围(8:1)
	"healAmount":0.4,
	//每帧治疗量
	"circleColor":"73FFAE",
	//命中单位身上那部分的颜色
	"glowColor":"73FFAE7B",
	//发光颜色
	"circleSpeed":140,
	//速度
	"circleStroke":2,
	//粗细
	"squareRad":2,
	//大小
	"squareSpinScl":1.2,
	//转速
	"glowMag":0.5,
	//幅度
	"glowScl":12,
	//频率
	"requirements": [
	    "lead/60",
	    "silicon/60",
	    "titanium/50"
	],
	"category": "units",
	"research": "改良武器学"
}