{
	"type": "GenericCrafter",
	"health": 1220,
	"name": "脉冲钢锻造厂",
	"description": "制造一种能拥有自激发立场的物质",
		"drawer":{
"type":"DrawMulti",
"drawers":[
"DrawDefault",
"DrawFlame",
]}
	"outputItem": {
	"item": "脉冲钢", "amount": 3
	},
	"itemCapacity": 10,
	"size": 4,
	"hasPower": true,
	"hasLiquids": false,
	"hasItems": true,
	"craftTime": 120,
	"consumes": {
	"power": 8,
	"items": {
		"items": [
	{ "item": "surge-alloy", "amount": 1 },
	{ "item": "glass-alloy", "amount": 2 },
	{ "item": "phase-fabric", "amount": 3 },
			]	},}
	"requirements": [
	{ "item": "copper", "amount": 270 },
	{ "item": "glass-alloy", "amount": 210 },
	{ "item": "silicon", "amount": 180 },
	{ "item": "plastanium", "amount": 110 },
	{ "item": "surge-alloy", "amount": 90 },
	],
	"category": "crafting",
	"research": "巨浪合金合成厂"
 }