{
	"name": "蓝激光钻头",
	"description": "使用激光挖掘墙上的矿物，使用水可以加速冷却",
	"type": "BeamDrill",
	"size": 2,
	"tier": 5,
	"health": 600,
//	"itemCapacity": 10，
	"canOverdrive": false,
	"hasItems": true,
	"drillTime": 40,  
	"range":4
	"fogRadius":2
    "heatColor":"14EFFFFF",
	"consumes": {
	"power":3,  
	"liquid": {
       "liquid": "water",
       "amount": 0.05,
       "booster": true,
       "optional": true
        }
	},
	"requirements": [
		{ "item": "copper", "amount": 36 },
		{ "item": "lead", "amount": 30 },
		{ "item": "titanium", "amount": 28 },
		{ "item": "silicon", "amount": 32 },
		{ "item": "glass-alloy", "amount": 24 },
	],
	"category": "production",
	"research": "离子钻头"
}
/*plasmaBore = new BeamDrill("plasma-bore"){{
            requirements(Category.production, with(Items.beryllium, 40));
            consumePower(0.15f);

            drillTime = 160f;
            tier = 3;
            size = 2;
            range = 5;
            fogRadius = 3;
            researchCost = with(Items.beryllium, 10);

            consumeLiquid(Liquids.hydrogen, 0.25f / 60f).boost();
        }};
*/