{
	"type": "MendProjector",
	"name": "超级修复投影",
	"description": "",
	 "health": 500,//生命
     "reload":140//速度
	 "range":200//范围
	 "size": 3,
	 "healPercent":10
	 "phaseBoost":0
	 "phaseRangeBoost":0
	 "canOverdrive":false
	 "useTime":120
	 "consumes": {
"power":8,//1:60
"items":{
"items":[
{"item":"phase-fabric","amount":1}
]
}
},
	 

	"requirements": [
	{"item": "lead", "amount": 200}
	{"item": "phase-fabric", "amount":75},
	{"item": "titanium", "amount":130},
	{"item": "thorium", "amount": 70}
	{"item": "silicon", "amount":60},		
	"glass-alloy/35",	
	]
	"category": "effect",
	"research":"mend-projector"

}