{
	"name": "轰击地雷",
	"description": "触碰时释放多条闪电，可重复利用",
	"type": "ShockMine",
	"hasShadow":false,
	"health":1200
	"damage": 200,
	"splashDamage": 60,
	"splashDamageRadius": 30,
	"tileDamage":120
	"length":20
	"tendrils":1
	         "shoot": {
            "shots": 3
        },
	"size":3,
	"requirements": [
	{ "item": "lead", "amount":64 }
	{ "item": "surge-alloy", "amount":24 }
	{ "item": "titanium", "amount":48 }
	{ "item": "silicon", "amount":78 }
	],
	"category": "effect",
  	"research": "大型脉冲地雷"
}