{
	"type": "ItemTurret",
	"name": "钍双管",
	"description": "提升攻击速度与容量",
	"health": 480,
	"size": 1,
	"reload": 22,
	"range": 148,
	"ammoPerShot": 2,
	"maxAmmo":80,
	"consumes": {
		"coolant": {
			"amount": 0.1,
			"optional": true
		}
	},
	"shoot": {
		"shots": 2,
		"shotDelay": 3,
		"type": "ShootAlternate",
		"barrels": 2,
		"spread": 3
	},
		   "shootType": {
	               "trailLength": 3,//拖尾大小
            "trailWidth": 2,
            "trailColor": "D6966AFF",//尾颜色
            }
	"xRand": 1,
	"ammoUseEffect": "casing2Double",
	"inaccuracy": 1,
	"rotateSpeed": 12,
	"shake": 1,
	"ammoTypes": {
		"copper": {
			"speed": 5,
			"damage": 12,
			"lifetime": 24,
			"width": 7,
			"height": 8,
			"ammoMultiplier": 2,
			"shootEffect": "shootSmall"
			"trailLength": 4,//拖尾长度
            "trailWidth": 2.5,//拖位宽度
            "trailColor": "D6966AFF",//拖尾颜
		},
		"graphite": {
			"reloadMultiplier": 0.8,
			"speed": 5,
			"damage": 16,
			"lifetime": 24,
			"width": 7,
			"height": 8,
			"ammoMultiplier": 5,
			"shootEffect": "shootSmall"
			"trailLength": 4,//拖尾长度
            "trailWidth": 2.5,//拖位宽度
            "trailColor": "D6966AFF",//拖尾颜
		},
		"pyratite": {
			"reloadMultiplier": 1.2
			"speed": 5,
			"damage": 11,
			"lifetime": 24,
			"width": 7,
			"height": 8,
			"makeFire": true,
			"ammoMultiplier": 2,
			"shootEffect": "shootSmall",
			"status": "burning",
			"statusDuration": 300,
			"trailColor": "FF8C00",
			"frontColor": "FFD700"
			"trailLength": 4,//拖尾长度
            "trailWidth": 2.5,//拖位宽度
            "trailColor": "FFD700",//拖尾颜
		},
		"silicon": {
			"speed": 5.3,
			"damage": 12,
			"reloadMultiplier": 2,
			"lifetime": 35,
			"width": 7,
			"height": 8,
			"shootEffect": "shootSmall",
			"homingRange": 40,
			"homingPower": 0.06,
			"ammoMultiplier": 2
			"trailLength": 4,//拖尾长度
            "trailWidth": 2.5,//拖位宽度
            "trailColor": "D6966AFF",//拖尾
            
		}
		"lead": {
			"reloadMultiplier": 1.2,
			"speed": 5,
			"damage": 8,
			"lifetime": 24,
			"width": 7,
			"height": 8,
			"ammoMultiplier": 5,
			"shootEffect": "shootSmall"
			"trailLength": 4,//拖尾长度
            "trailWidth": 2.5,//拖位宽度
            "trailColor": "A491CFFF",//拖尾
            "fragBullets":5,
			"fragBullet":{
			    "type":"BasicBulletType",
			    "width":9,
			    "height":3,
			    "lifetime":6,
			    "speed":5.5,
			    "damage":5,
			    "backColor":"A491CFFF",
			    //子弹边缘颜色
			    "frontColor":"A491CFFF",
			    //子弹中心颜色
			    "hitEffect":"none",
			    "despawnEffect":"none",
			  }
	},}
	"researchCostMultiplier": 0.5,
	"requirements": [
		{
			"item": "thorium",
			"amount": 25
		},
		{
			"item": "titanium",
			"amount": 30
		}		{
			"item": "graphite",
			"amount": 10
		}
		
	
	],
	"category": "turret",
	"research": "钛双管"
}