{
	"type": "GenericCrafter",
	"health": 480,
	"name": "高爆融合炉",
	"description": "爆炸混合物轻松版",
	"itemCapacity": 10,
	"size": 3,
	"hasPower": true,
	"hasLiquids": true,
	"hasItems": true,
	"craftTime": 90,
		"generateEffect": "lava",
"drawer":{
"type":"DrawMulti",
"drawers":[
			{
				"type": "DrawRegion",
				"suffix": "-bottom"
			}
{"type":"DrawLiquidRegion",
"drawLiquid":"slag"
"suffix" : "-top",},
"DrawDefault",]},
	"outputItem":
	{"item": "blast-compound","amount":2},
"consumes": {
"power": 2.5,
"liquid":{"liquid":"oil","amount":0.1},
"items": {		
"items": [
{ "item": "pyratite", "amount": 2}
	]
	}}
	"requirements": [
{ "item": "copper", "amount": 92}
{ "item": "lead", "amount": 76}	
{ "item": "titanium", "amount": 66}
{ "item": "thorium", "amount": 30}
{ "item": "metaglass", "amount": 64}	
{ "item": "silicon", "amount": 45}
		],
	"category": "crafting",
	"research": "矿渣硫",
}