{
 "name":"星尘",/*内容物名称*/ 
 "description":"星尘（名字是参考游戏“泰拉瑞亚”的）各方面都非常强大的矿物，是本模组最矿基础的矿物之一，可用于制成本模组的很多物建筑和炮台（对了它的爆炸属性、燃烧性和放电性等都比较高）",/*内容物描述*/
 "type":"items",/*分类*/
 "color":"00FFFF",/*颜色，为8个或者6个字母和数字组成，后面两个确定透明度*/
 "frames":10,//几张图片（由小到大循环）
 "cost":5//建筑消耗时间，为1帧
 "flammability":1,/*燃烧性，可填负数/小数，确定了着火和装有此物品的方块爆掉后的火焰多少和塞进燃烧发电机的发电大小*/
 "hardness":0/*挖掘等级，如果是矿物的话填0即可，原版最高4级*/
    "explosiveness":1,/*爆炸性，可填负数/小数，表现为装有此物品的方块爆掉后的范围和伤害*/
    "radioactivity":1,//辐射性，决定了它塞进rgt的发电大小
    "charge":1//放电性，决定装有此物品的方块爆掉后的闪电多少/伤害，参考电池爆炸
    "research": "titanium",/*前置研究*/
}