{
	"type": "LiquidTurret",
	"name": "潮汐",
	"description": "向敌人喷射高压液体，使用水作为弹药时能灭火",
	"health": 1700,
	"size": 3,
    "shoot": {
        "shots": 1,
        "shotDelay": 3},
	"reload":0.6,
	"range":280,
	"recoilTime":10,
	"recoil": 1,
	"targetGround":true,
	"targetAir":true,
	"inaccuracy": 3,
	"rotateSpeed": 5,
	"velocityRnd": 0.2,
	"consumes": { "power": 3},
	"liquidCapacity": 300,
	"ammoTypes": {
    "硝酸":{
    "type": "LiquidBulletType",
    "liquid": "硝酸",
    "lifetime":40,
    "speed":7, 
    "puddleSize":3,
    "orbSize":4,
    "knockback":2,
 	"status":"腐蚀",
 	"statusDuration":600,
	"damage": 6
    },
    "water":{
    "type": "LiquidBulletType",
    "liquid": "water",
    "lifetime":40,
    "speed":7,
    "puddleSize":3,
    "orbSize":4,
    "knockback":2,
    "statusDuration":600,
	"status":"wet",
	"damage": 0.4
    },   
    "乙醇":{
    "type": "LiquidBulletType",
    "liquid": "乙醇",
    "lifetime":40,
    "speed":7,
    "puddleSize":3,
    "orbSize":4,
    "knockback":2,
    "statusDuration":600,
	"status":"易燃",	
	"damage": 4,
    },
    "slag":{
    "type": "LiquidBulletType",
    "liquid": "slag",
    "lifetime":40,
    "speed":7,
    "puddleSize":3,
    "orbSize":4,
    "knockback":2,
    "statusDuration":600,
	"status":"melting",	
	"damage": 9.5
    },
    "cryofluid":{
    "type": "LiquidBulletType",
    "liquid": "cryofluid",
    "lifetime":40,
    "speed":7,
    "puddleSize":3,
    "orbSize":4,
    "knockback":2,
    "statusDuration":600,
	"status":"freezing",	
	"damage": 0.4
    }
},
	"requirements": [
	{ "item": "plastanium", "amount": 70},
	{ "item": "metaglass", "amount": 100 },
	{ "item": "silicon", "amount": 80 },
	{ "item": "thorium", "amount": 130 },
	],
	"category": "turret",
	"research": "tsunami"
	}