{
        "type": "missile",
	"template": "MissileUnitType",	
	"name":"众星联火导弹",
	"trailColor":"techBlue",
	"engineColor":"techBlue",
	"engineSize":1.75,
	"maxRange": 6,
	"speed":4.1,
	"rotateSpeed": 2.5,
	"lifetime":320,
	"outlineColor":"darkOutline",
	"health":200,
	"lowAltitude":true,
  "flarePart": {
    "progress": {
      "type": "slope",
      "curve": "pow2In"
    },
    "radius": 0,
    "radiusTo": 35,
    "stroke": 3,
    "rotation": 45,
    "y": -5,
    "followRotation": true
  }

		"weapons":[{
		"shootCone": 360,
		"mirror": false,
		"reload":1,
		"shake": 25,
		"shootOnDeath": true,
		"shootSound": "plasmaboom",
		"shootOnDeath":true,
		"bullet":{
		"type": "ExplosionBulletType",	
		"splashDamage": 405,
		"splashDamageRadius": 73.5,	
  "shootEffect": {
    "type": "MultiEffect",
    "effects": [
      {
        "type": "Fx",
        "name": "massiveExplosion"
      },
      {
        "type": "WrapEffect",
        "innerEffect": {
          "type": "Fx",
          "name": "dynamicSpikes"
        },
        "color": "techBlue",
        "size": 24
      },
      {
        "type": "WaveEffect",
        "colorFrom": "techBlue",
        "colorTo": "techBlue",
        "sizeTo": 40,
        "lifetime": 20,
        "strokeFrom": 4
      }
    ]
  }
			}
			}
			]
			}