{
	"type": "PowerTurret",
	"health": 6350,
	"armor": 6,
	"size": 8,
	"shake": 5,
	"recoil": 6,
	"range": 672,
	"reload": 90,
	"shootY": 8,
	"recoilTime": 75,
	"rotateSpeed": 0,
	"cooldownTime": 120,
	"canOverdrive": false,
	"coolantMultiplier": 0.2,
	"minWarmup": 0.99,
	"shootWarmupSpeed": 0.2,
	"shootSound": "plasmadrop",
	"shootType": {
		"damage": 0,
		"lifetime": 42,
		"speed": 16,
		"width": 16,
		"height": 24,
		"hitSize": 40,
		"trailLength": 8,
		"trailWidth": 3.6,
		"trailColor": "FEB380",
		"frontColor": "FFFFFF",
		"backColor": "FEB380",
		"hitColor": "FEB380",
		"pierceCap": 3,
		"ammoMultiplier": 1,
		"shootEffect": "shootTitan",
		"smokeEffect": "shootSmokeTitan",
		"splashDamage": 225,
		"splashDamageRadius": 68,
		"buildingDamageMultiplier": 3,
		"trailChance": 1,
		"trailInterval": 30,
		"trailEffect": {
			"type": "ParticleEffect",
			"particles": 2,
			"lifetime": 20,
			"length": 10,
			"baseLength": 16,
			"sizeFrom": 4,
			"sizeTo": 0,
			"colorFrom": "FEB380",
			"colorTo": "FEB38080",
			"cone": 360
		},
		"hitShake": 7,
		"hitSound": "plasmaboom",
		"hitEffect": {
			"type": "MultiEffect",
			"effects": [
				{
					"type": "ParticleEffect",
					"particles": 4,
					"lifetime": 60,
					"sizeFrom": 0,
					"sizeTo": 15,
					"length": 20,
					"baseLength": 48,
					"interp": "exp10Out",
					"sizeInterp": "swingOut",
					"colorFrom": "FEB380",
					"colorTo": "FEB38000",
					"cone": 360
				},
				{
					"type": "ParticleEffect",
					"particles": 22,
					"lifetime": 25,
					"line": true,
					"strokeFrom": 3,
					"strokeTo": 0,
					"lenFrom": 20,
					"lenTo": 0,
					"length": 63,
					"interp": "exp10Out",
					"colorFrom": "FEB380",
					"colorTo": "FEB380",
					"cone": 360
				},
				{
					"type": "WaveEffect",
					"lifetime": 25,
					"sizeFrom": 0,
					"sizeTo": 66,
					"strokeFrom": 3,
					"strokeTo": 0,
					"colorFrom": "FEB380",
					"colorTo": "FEB380"
				}
			]
		},
		"fragBullets": 4,
		"fragBullet": {
			"sprite": "curse-of-flesh-crystal",
			"damage": 73,
			"lifetime": 60,
			"speed": 4,
			"drag": 0.025,
			"width": 8,
			"height": 12,
			"shrinkY": 0,
			"trailWidth": 2,
			"trailLength": 12,
			"trailColor": "FEB380",
			"frontColor": "FFFFFF",
			"backColor": "FEB380",
			"hitColor": "FEB380",
			"pierce": true,
			"absorbable": false,
			"homingRange": 60,
			"homingPower": 0.08,
			"hitSound": "bang",
			"hitEffect": "hitSquaresColor",
			"despawnEffect": "hitSquaresColor"
		}
	},
	"requirements": [
		"graphite/1080",
		"铱板/840",
		"metaglass/210",
		"导能回路/480",
		"陶钢/320"
	],
	"drawer": {
		"type": "DrawTurret",
		"parts": [
			/*{
				"type": "RegionPart",
				"suffix": "-野兽先辈",
				"progress": "recoil",
				"xScl": 0,
				"yScl": 0,
				"growX": 20,
				"growY": 20,
				"moveRot": 360
			},*/
			{
				"type": "RegionPart",
				"suffix": "-duo",
				"outline": false,
				"progress": {
					"type": "warmup",
					"op": "absin",
					"offset": 0, //频率
					"scl": 20, //速度
					"mag": 1 //进度
				},
				"growProgress": {
					"type": "warmup",
					"op": "absin",
					"offset": 0, //频率
					"scl": 15, //速度
					"mag": 1 //进度
				},
				"y": -1,
				"xScl": 200,
				"yScl": 200,
				"growX": -400
				"moveY": 2
			}
		]
	},
	"category": "turret",
	"buildVisibility": "sandboxOnly"
}