{
	"name": "以太结晶",
	"description": "将亚里士多德的猜想实现！",
	"details":"---------------------以太-------------------------\n以太是古希腊哲学家亚里士多德所设想的一种物质。是物理学史上一种假想的物质观念，其内涵随物理学发展而演变。“以太”一词是英文Ether或Aether的音译。古希腊人以其泛指青天或上层大气。以太也被认为是第五元素，在亚里士多德看来，物质元素除了水、火、气、土之外，还有一种居于天空上层的以太。在科学史上，它起初带有一种神秘色彩。后来人们逐渐增加其内涵，使它成为某些历史时期物理学家赖以思考的假想物质。\n\n19世纪的物理学家曾认为它是一种电磁波的传播媒质，但后来的实验和理论表明，如果假定“以太”的不存在，很多物理现象可以有更为简单的解释。",
	"color": "E491FDFF",
	"alwaysUnlocked":false,
	"radioactivity": 3,//放射性
	"explosiveness": 1.2,//boom性
	"flammability": 0.4,//燃烧
	"hardness":6
	//硬度
	"research": ""
}