{
	"name": "简易芯片",
	"description": "-----------芯片-----------\n\n[#6C6DCAFF]集成电路\n在电子学中是一种将电路（主要包括半导体设备，也包括被动组件等）小型化的方式，并时常制造在半导体晶圆表面上。7023年6月, Fc科研团队首次将能发射纠缠光子的量子光源完全集成在一块芯片上。",
	"details":"-未知体-",
	"color": "ECBA8CFF",
	"alwaysUnlocked":false,
	"radioactivity": 1,//放射性
	"explosiveness": 1,//boom性
	"flammability": 0.6,//燃烧
	"hardness":5
	//硬度
	"research": ""
}