{
	"type": "GenericCrafter",//建筑类型
	"name": "大型孢子压缩机",//名称
	"description": "[#FECB6DFF]压缩效率比普通的孢子压缩机更高一点。",//介绍
	"health": 420,//生命值
	"size": 3,//边长大小
	"hasPower": true,//可以有电力
	"hasItems": true,//可以有物品
	"hasLiquids": true,//可以有液体
	"canOverdrive": true,//是否被超速
	"itemCapacity": 15,//物品容量
	"liquidCapacity": 80,//液体容量
	"craftTime": 60,//生产时间 (代码内为帧, 游戏内为秒, 现实里一秒为*60帧, 请按照游戏内的标准来换算)
	"buildCostMultiplier": 1,//建筑构造时间花费倍率
	/*"idleSound": "respawning",
	"idleSoundVolume": 0.5,
	"ambientSound": "hum",
	"ambientSoundVolume": 0.5,*/
	"consumes": {//消耗所需条件
		"power": 1.2,//消耗电力 (代码内1等于游戏里*60电力)
		"items": {//物品类型
			"items": [//消耗量 (代码1等于游戏*1物品, 工厂一次消耗多少物品就填写多少数)
				"spore-pod/2"//孢子荚
			]
		}
	},
	"updateEffect": {//生产特效
		"type": "ParticleEffect",
		"particles": 3,
		"sizeFrom": 3,
		"sizeTo": 0,
		"length": 15,
		"baseLength": 10,
		"lifetime": 10,
		"colorFrom": "E3E3E390",
		"colorTo": "ffffff",
		"cone": 360
	},
	"drawer": {//绘制层
		"type": "DrawMulti",
		"drawers": [//多绘制
			{
			"type": "DrawRegion",
			"suffix": "-bottom"
			},
			{
			"type": "DrawPistons",
			"sinMag": 1
			},
			"DrawDefault",
			{
			"type": "DrawLiquidRegion",
			"drawLiquid": "oil"
			},
			{
			"type": "DrawRegion",
			"suffix": "-top"
			}
		]
	},
	"outputLiquid": "oil/0.8",//输出液体 (此为石油)
	"requirements": [//建造消耗需求
		"copper/64",//铜
		"lead/64",//铅
		"silicon/60"//硅
	],
	"category": "crafting",//菜单栏分类
	"research": {
		"parent": "spore-press"
	}//科技树位置研究前置
}