{
    "type": "mech",
    "name": "英灵",
    "description": "克莱级双足机甲，携带四联火炮，对多个个目标造成巨额伤害。",
    "speed": 0.3,
    "drag": 0.3,
    "mass": 5,
    "hitSize": 75,
    "rotateSpeed": 0.7,
    "health": 1255000,
    "range": 330,
    "mineSpeed": 2,
    "canDrown": false,
    "armor": 25,
    "ammoType": "surge-alloy",
    "ammoCapacity": 3000,
    "weapons": [
		{	
    "name": "英灵3",	
	"reload": 30,     
    "x": 84,  
    "y": -18, 
	"shootY":60,
	"rotate": false,
    "rotateSpeed":10,
    "inaccuracy": 0,
	"alternate": true,  
	"shake":3,
	"shootSound":"laser",
	"bullet":{
             "type": "LaserBulletType",	
             "damage":150,
             "sideAngle":40,
             "sideWidth":1,
             "sideLength":100,
             "smokeEffect": "bigShockwave",
             "colors":[
             "FFA665FF", 
             "FFA665", 
             "FFA665"],
             "width":25,	
             "length":360
	}
	}
    {
	"name": "飞蛾1",	
    "shoot":{
		"shots":2
	    "shotDelay":30
	},
	"ammoUseEffect": "casing2Double",
	"shootSound":"respawn",
	"reload":300
        "x":0
        "y":-10
        "rotate": false,
		"shootY":0,
        "rotateSpeed":0
        "inaccuracy": 0
        "baseRotation":0
        "shootCone": 360,
        "mirror":false,
        "alternate": false,
	"bullet":{
	         "type": "BasicBulletType",
             "spawnUnit": "飞蛾",
             "speed": 1,
	               	}
	          }
        {
            "name": "英灵1",
            "ejectEffect": "casing4",
            "length": 13,
            "x": 64,
            "y": -5,
            "reload": 15,
            "top": false,
            "alternate": true,
            "recoil": 3,
            "shootY": 60,
            "shake": 2,
            "shootSound": "bang",
            "inaccuracy": 0,
            "shoot": {
                "shots": 5,
                "shotDelay": 5,
                "alternate": false
            },
            "spacing": 0,
            "shotDelay": 5,
            "bullet": {
                "type": "BasicBulletType",
                "speed": 8,
                "damage": 600,
                "lifetime": 50,
                "pierceCap": 10,
                "width": 15,
                "height": 30,
                "shootEffect": "shootBig"
            }
        },
    ],
      "category":"units",//游戏界面分类
  "research":"玄桦",//科技树前一项
  "rebuildable":true,//是否能重建
}