{
    "type": "UnitFactory",
    "name": "水晶兵工厂",
    "category": "units",
    "description": "将我们的产品拉入战场",
    "research": {
        "parent": "无尽贪婪",
        "requirements": [
            "copper/5000",
            "lead/2000",
            "silicon/450",
            "水晶矩阵/1245",
            "水晶矩阵锭/245"
        ]
    },
    "requirements": [
        "copper/80",
        "lead/80",
        "silicon/100",
        "titanium/45",
        "水晶矩阵/25",
        "水晶矩阵锭/15"
    ],
    "health": 2200,
    "armor": 20,
    "plans": [
        {
            "unit": "水晶尖刀",
            "time": 300.00,
            "requirements": [
                "copper/30",
                "silicon/35",
                "titanium/20",
                "水晶矩阵/25",
                "水晶矩阵锭/5"
            ]
        },
        {
            "unit": "水晶新星",
            "time": 600.00,
            "requirements": [
                "copper/30",
                "lead/135",
                "silicon/70",
                "thorium/75",
                "水晶矩阵/85",
                "水晶矩阵锭/85"
            ]
        },
        {
            "unit": "水晶爬虫",
            "time": 600.00,
            "requirements": [
                "copper/30",
                "lead/135",
                "silicon/70",
                "thorium/75",
                "水晶矩阵/85",
                "水晶矩阵锭/85"
            ]
        },
        {
            "unit": "水晶星辉",
            "time": 600.00,
            "requirements": [
                "copper/30",
                "lead/135",
                "silicon/70",
                "thorium/75",
                "水晶矩阵/85",
                "水晶矩阵锭/85"
            ]
        },
        {
            "unit": "水晶独影",
            "time": 600.00,
            "requirements": [
                "copper/30",
                "lead/135",
                "silicon/70",
                "thorium/75",
                "水晶矩阵/85",
                "水晶矩阵锭/85"
            ]
        },
        {
            "unit": "水晶梭鱼",
            "time": 600.00,
            "requirements": [
                "copper/30",
                "lead/135",
                "silicon/70",
                "thorium/75",
                "水晶矩阵/85",
                "水晶矩阵锭/85"
            ]
        },
        {
            "unit": "水晶潜蜗",
            "time": 600.00,
            "requirements": [
                "copper/30",
                "lead/135",
                "silicon/70",
                "thorium/75",
                "水晶矩阵/85",
                "水晶矩阵锭/85"
            ]
        }
    ],
    "size": 3,
    "consumes": {
        "power": 3.50
    }
}