{
    "type": "GenericCrafter",
    "name": "强化硫化物混合器",
   	"description":"利用莫比乌斯燃料的特性无穷无尽的生产硫",
   	"details":"大概重生了……",
    "category": "crafting",
    "requirements": [
        "copper/100","lead/100","plastanium/150","silicon/150","metaglass/100","莫比乌斯燃料/10"
    ],
    "outputItem": "pyratite/10",
    "craftTime": 12.00,
    "itemCapacity": 30,
    "size": 2,
    "hasPower": true,
    "hasLiquids": false,
    "consumes": {
        "power": 20.0
    }
"buildVisibility":"debugOnly",
//    "research": "pyratite-mixer"

}