{
    "type": "Separator",
    "name": "莫比乌斯分离机",
   	"description":"利用莫比乌斯燃料分离矿渣中的所有有用元素",
   	"details":"用来让你研究钍钻井",
    "category": "crafting",
    "requirements": [
"copper/260","lead/260","graphite/210","silicon/210","metaglass/210","titanium/210","plastanium/180","莫比乌斯燃料/10"    ],
    "results": [
        "copper/5",
        "lead/5",
        "titanium/5",
        "graphite/4",
        "silicon/4",
        "metaglass/4",
        "plastanium/3"
        "thorium/2",
    ],
        "drawer":{
        "type":"DrawMulti",
        "drawers":[
            "DrawDefault",
			{"type":"DrawLiquidRegion",
			"drawLiquid":"slag",
		"suffix":"-liquid"},
    {"type":"DrawRegion",
    "suffix":"-转",
    "spinSprite":true,
    "rotateSpeed":6}
		]},
    "hasPower": true,
    "liquidCapacity": 480,
    "craftTime": 2.00,
    "size": 2,
    "consumes": {
        "power": 3,
        "liquid": "slag/0.4"
    }
//    "research": "separator"
"buildVisibility":"debugOnly",

}