{
	"type": "GenericCrafter",
	"name": "莫比乌斯相织布编织器",
	"description": "利用莫比乌斯合金，在不使用沙的情况下，大规模生产相织布",
	"outputItem": { "item": "phase-fabric", "amount": 6},
	"size": 2,
	"hasPower": true,
	"hasLiquids": false,
	"hasItems": true,
	"craftTime": 120,
	"itemCapacity": 30,
	"craftEffect":"smeltsmoke",
    "drawer": {
        "type": "DrawMulti",
        "drawers": [
            {
                "type": "DrawRegion",
                "suffix": "-bottom"
            },
            {"type":"DrawMultiWeave",
            "fadeWeave":false,
            
            }
            "DrawDefault"
        ]
    },  
	"consumes": {
    "power":45,
        "items": {
            "items": [
            "thorium/1"
            ]
		},
                 },
"requirements": [
"titanium/150","graphite/180","silicon/180","plastanium/120","phase-fabric/320",
		{ "item": "莫比乌斯燃料", "amount":  30 }
		{ "item": "莫比乌斯合金", "amount":  10 }
	],
	"category": "crafting",
	"buildVisibility":"debugOnly",
//	"research": "phase-weaver"
}