{
  "type":"OverdriveProjector",//种类
  "name":"辣鸡加速器",//名称
  "description":"这东西就是个垃圾，，我劝你别用了",//描述
  "reload":600,//速度加成间隔
  "phaseRangeBoost":160,//加速速度加成范围增加
  "range":80,//速度加成范围
  "speedBoost":0.6,//速度加成
  "speedBoostPhase":2,//加速速度加成倍数
  "useTime":500,//加速时间
  "health":120,//生命
  "itemCapacity":10,//物品容量
  "size":1,//大小
  "hasPower":true,//是否需要能量
  "hasItems":true,//是否需要物品
  "consumes":{
    "power":0.1,//消耗的能量
    "items":{
      "items":[
      {"item":"silicon","amount":1}
      ],//生产消耗的材料
      "booster":true,//是否当做加速物品
      "optional":true,//是否当做加速物品
    }
  }
  "requirements":[
  {"item":"beryllium","amount":30}
    {"item":"graphite","amount":30}
      {"item":"silicon","amount":10}
  ],//建造消耗的材料
  "category":"effect",//游戏界面分类
  "research":/*core-bastion*/"beam-node",//科技树前一项
  "rebuildable":true,//是否能重建
  "buildCostMultiplier":0.8,//建造时间倍率
}