{
"name":"ES冰冻",
	"damage": 0.05,
	"speedMultiplier":0.7,
	"effectChance":0.6,
	"damageMultiplier":0.7
	"description": "看看就好了，json代码目前还不支持两种buff混合反应，以后我们会尽可能把此问题解决",
	"opposites": [
	"燃烧"
	"防御"
	],
	"transitionDamage": 0,
	"affinities": ["无"
	],
	"effect":{	"type": "ParticleEffect",
	"particles": 1,  
	"baseLength": 10,
	"length":8,
	"lifetime": 20,
	"sizeFrom": 1,
	"sizeTo": 0,
	"colorFrom": "6ecdec",
	"colorTo": "ffffff",
	"cone":360 }
}
