{
	"type": "tank",
	"name": "灭绝",
	"description": "",
	"template": "ErekirUnitType",
	"squareShape": true,
	"omniMovement": false,
	"rotateMoveFirst": false,
	"rotateSpeed": 4,
	"speed": 0.75,
	"hitSize": 60,
			"ammoType":{
	"type":"PowerAmmoType",
	"totalPower":2200},
	"ammoCapacity": 700
    "ammoResupplyAmount":1,/*弹药补给倍率 */
	"health": 186000,
	"armor": 78,
	"drag": 0.08,
	"accel": 0.1,
	"itemCapacity":10,
	"treadPullOffset": 3,
	"crushDamage":10,
	"range":336,
	"treadRects": [
		{
			"x": 8,
			"y": 2.75,
			"width":2,
			"height":6
		},
		{
			"x": 8,
			"y": -4.5,
			"width": 2,
			"height": 6
		},
	],
	"faceTarget": false,
	/*"requirements": {
		"block": "ground-factory",
		"time": 1800,
		"requirements": [
			"silicon/30",
			"lead/25",
			"titanium/25"
		]},*/
		"abilities":[
		{
			"type": "ShieldArcAbility",
			"radius": 150,
			"width": 30,
			"max": 12000,
			"regen": 6,
			"cooldown": 300,
			"angle":365,
			"angleOffset":0
		},
		]
	"weapons": [
	{
	        "name":"陆4-1"
			"reload": 180,
			"recoil": 0,
			"x": 0,
			"y": -8,
			"rotate": true,
			"rotateSpeed": 15,
			"mirror": false,
			"inaccuracy":0,
			"recoil": 3,
			"ejectEffect": "casing1",
			"shootSound": "shootBig",
			"pierceArmor": true,
			"alternate": false,
			"bullet":{
		"type": "BasicBulletType",
			"speed": 40,
			"lifetime": 10,
			"drag": 0.007,
			"sprite": "missile-large",
			"backColor": "9b9dcf",
			"trailColor": "9b9dcfDF",
			"trailLength": 22,
			"trailWidth": 8,
			"shrinkY": 0,
			"width": 23,
			"height": 43,
			"hitSize": 36,
			"damage": 5460,
			"pierce": true,
			"status": "故障",
			"knockback": 162,
			"hitShake": 7,
			"trailChance": 0,
			"trailInterval": 1,
			"trailEffect": {
				"type": "MultiEffect",
				"effects": [
					{
						"type": "ParticleEffect",
						"particles": 1,
						"startDelay": 0.5,
						"region": "跃迁-start",
						"sizeInterp": "pow5Out",
						"sizeFrom": 8,
						"sizeTo": 36,
						"length": 0,
						"baseLength": 0,
						"lifetime": 5,
						"colorFrom": "9b9dcf",
						"colorTo": "9b9dcf",
						"cone": 0
					},
					{
						"type": "ParticleEffect",
						"particles": 1,
						"startDelay": 5,
						"region": "跃迁-start",
						"sizeFrom": 36,
						"sizeTo": 0,
						"length": 0,
						"baseLength": 0,
						"lifetime": 8,
						"colorFrom": "9b9dcf",
						"colorTo": "9b9dcf",
						"cone": 0
					}
				]
			},
			"trailRotation": true,
			"shootEffect": {
				"type": "ParticleEffect",
				"particles": 7,
				"line": true,
				"lenFrom": 47,
				"lenTo": 0,
				"strokeFrom": 3,
				"strokeTo": 3,
				"interp": "pow10Out",
				"sizeInterp": "fastSlow",
				"length": 125,
				"baseLength": 0,
				"lifetime": 45,
				"colorFrom": "FFE176",
				"colorTo": "9b9dcf",
				"cone": 15
			},
			"smokeEffect": {
				"type": "ParticleEffect",
				"particles": 17,
				"sizeFrom": 11,
				"sizeTo": 0,
				"interp": "pow10Out",
				"sizeInterp": "pow5In",
				"length": 128,
				"baseLength": 10,
				"lifetime": 120,
				"colorFrom": "FFFFFFEB",
				"colorTo": "9b9dcfDB",
				"cone": 14
			},
			"hitEffect": {
				"type": "MultiEffect",
				"effects": [
					{
						"type": "ParticleEffect",
						"particles": 36,
						"line": true,
						"interp": "fastSlow",
						"sizeInterp": "pow3In",
						"strokeFrom": 2,
						"strokeTo": 0,
						"lenFrom": 13,
						"lenTo": 0,
						"length": -90,
						"baseLength": 0,
						"lifetime": 22,
						"colorFrom": "FFFFFF",
						"colorTo": "FFE176",
						"cone": 90
					},
					{
						"type": "ParticleEffect",
						"region": "跃迁-菱形",
						"startDelay": 1,
						"particles": 3,
						"sizeFrom": 12,
						"sizeTo": 0,
						"length": 66,
						"lifetime": 45,
						"interp": "pow5Out",
						"sizeInterp": "pow10In",
						"colorFrom": "9b9dcf",
						"colorTo": "9b9dcfdd"
					},
					{
						"type": "ParticleEffect",
						"region": "跃迁-菱形",
						"startDelay": 1,
						"particles": 6,
						"sizeFrom": 9,
						"sizeTo": 0,
						"length": 66,
						"lifetime": 45,
						"interp": "pow5Out",
						"sizeInterp": "pow10In",
						"colorFrom": "9b9dcf",
						"colorTo": "9b9dcfbb"
					},
					{
						"type": "ParticleEffect",
						"startDelay": 1.1,
						"particles": 22,
						"line": true,
						"interp": "pow10Out",
						"sizeInterp": "pow10In",
						"strokeFrom": 3.3,
						"strokeTo": 0,
						"lenFrom": 20,
						"lenTo": 0,
						"length": 90,
						"baseLength": 0,
						"lifetime": 18,
						"colorFrom": "FFE176",
						"colorTo": "FFE176",
						"cone": 40
					},
					{
						"type": "ParticleEffect",
						"startDelay": 0.88,
						"particles": 8,
						"line": true,
						"interp": "pow10Out",
						"sizeInterp": "pow10In",
						"strokeFrom": 4,
						"strokeTo": 0,
						"lenFrom": 33,
						"lenTo": 0,
						"length": 128,
						"baseLength": 0,
						"lifetime": 22,
						"colorFrom": "FFFFFF",
						"colorTo": "FFE176",
						"cone": 10
					}
				]
			},
			"hitSound": "shootSmite",
			"hitSoundPitch": 0.8,
			"hitSoundVolume": 3,
			"despawnSound": "explosion",
			"despawnEffect": {
				"type": "MultiEffect",
				"effects": [
					{
						"type": "ParticleEffect",
						"particles": 7,
						"sizeFrom": 16,
						"sizeTo": 0,
						"interp": "pow10Out",
						"sizeInterp": "pow5In",
						"length": 85,
						"baseLength": 3,
						"layer": 99,
						"lifetime": 180,
						"colorFrom": "737373",
						"colorTo": "73737380",
						"cone": 30
					},
					{
						"type": "ParticleEffect",
						"particles": 14,
						"sizeFrom": 9,
						"sizeTo": 0,
						"interp": "pow10Out",
						"sizeInterp": "pow5In",
						"length": 85,
						"baseLength": 3,
						"layer": 99,
						"lifetime": 180,
						"colorFrom": "737373",
						"colorTo": "73737380",
						"cone": 30
					},
					{
						"type": "WaveEffect",
						"lifetime": 10,
						"sizeFrom": 0,
						"sizeTo": 80,
						"strokeFrom": 30,
						"strokeTo": 10,
						"colorFrom": "FFFFFF70",
						"colorTo": "FFFFFF00"
					}
				]
			},
			"fragRandomSpread": 0,
			"fragAngle": 0,
			"fragBullets": 1,
			"fragBullet": {
				"despawnEffect": "none",
				"width": 16,
				"height": 22,
				"shrinkY": 2,
				"damage": 6946,
				"backColor": "9b9dcfDF",
				"frontColor": "9b9dcf",
				"lifetime": 8,
				"speed": 15
			},
			"spawnBullets": [
				{
					"type": "ShrapnelBulletType",
					"serrations": 11,
					"serrationLenScl": 16,
					"serrationWidth": 7,
					"serrationSpacing": 10,
					"serrationSpaceOffset": 110,
					"length": 224,
					"damage": 6345,
					"width": 20,
					"fromColor": "696b9e",
					"toColor": "9b9dcf",
					"laserAbsorb": false,
					"hitSound": "laser",
					"shootEffect": {
						"type": "ParticleEffect",
						"particles": 9,
						"line": true,
						"lenFrom": 18,
						"lenTo": 0,
						"strokeFrom": 2,
						"strokeTo": 1.8,
						"sizeInterp": "pow5In",
						"interp": "pow3Out",
						"length": 55,
						"baseLength": 0,
						"lifetime": 15,
						"colorFrom": "9b9dcf",
						"colorTo": "9b9dcf"
					}
				},
				{
					"type": "BasicBulletType",
					"speed": 40,
					"lifetime": 12.25,
					"drag": 0.007,
					"sprite": "missile-large",
					"backColor": "9b9dcf",
					"trailColor": "9b9dcfDF",
					"trailLength": 22,
					"trailWidth": 8,
					"shrinkY": 0,
					"width": 23,
					"height": 43,
					"hitSize": 36,
					"damage": 4971,
					"pierce": true,
					"pierceCap": 3,
					"knockback": 162,
					"hitShake": 7,
					"hitSound": "shotgun",
					"hitEffect": {
						"type": "WrapEffect",
						"effect": "dynamicSpikes",
						"color": "9b9dcf",
						"rotation": 60
					},
					"despawnEffect": {
						"type": "WrapEffect",
						"effect": "dynamicSpikes",
						"color": "9b9dcf",
						"rotation": 60
					}
				}
			]
		}
		}
	]
	 "research":"",
	 "alwaysUnlocked": true,
}