{
"shownPlanets": ["serpulo","Planzer","Synchronous-orbit-space-station"]
	"plans": [
		{
			"unit": "dagger",
			"time": 800,
			"requirements": [
				"silicon/15",
				"lead/10"
			]
		},
		{
			"unit": "crawler",
			"time": 600,
			"requirements": [
				"silicon/10",
				"coal/20"
			]
		},
		{
			"unit": "nova",
			"time": 2400,
			"requirements": [
				"silicon/30",
				"lead/20",
				"titanium/20"
			]
		},
		{
			"unit": "种子",
			"time": 1800,
			"requirements": [
				"silicon/15",
				"lead/25",
				"copper/15"
			]
		}
	]
}