{
    "type": "LiquidTurret",
    "scaledHealth": 80,
    "size": 3,
    "range": 340,
    "shootY": 7,
    "reload": 1,
    "recoil": 7,
    "recoilTime": 60,
    "inaccuracy": 20,
    "velocityRnd": 1,
    "liquidCapacity": 666,
    "targetAir": false,
    "targetGround": false,
    
    "quickRotate": true,
    "rotateSpeed": 100,
    
    "shootEffect": "none",
    "shoot": {
        "type": "ShootSpread",
        "shots": 50,
        "spread": 0.25
    },
    "consumes": {
        "liquids": {
            "liquids": [
                {
                    "liquid": "water",
                    "amount": 1.5
                }
            ]
        },
        "power": 6
    },
    
    "description": "主要用于灭火，会创建大量水坑所以可以用来覆盖地上残留的赤焰孢液。
不会造成任何状态和伤害、不会造成击退、不会受到力墙、塑钢墙、布墙、点防御激光，护盾等等影响(其他mod除外)
可无限穿透任何建筑和单位，自身不会攻击只会灭火。",
    "ammoTypes": {
        "water": {
            "type": "LiquidBulletType",
            "liquid": "FlameTerminatorLiquidBullet",
            "speed": 12,
            
            "pierce": true,
            "pierceBuilding": true,
            "hittable": false,
            "laserAbsorb": false,
            "reflectable": false,
            "absorbable": false,
            
            "puddleSize": 60,
            "orbSize": 5,
            "boilTime": 10,
            
            "lifetime": 32,
            "knockback": 0,
            "fragBullets": 2,
            "fragBullet": {
                "type": "LiquidBulletType",
                "liquid": "FlameTerminatorLiquidBullet",
                
                "pierce": true,
                "pierceBuilding": true,
                "hittable": false,
                "laserAbsorb": false,
                "reflectable": false,
                "absorbable": false,
                
                "speed": 0,
                "knockback": 0,
                
                "puddleSize": 30,
                "orbSize": 4.5,
                "boilTime": 10
            }
        }
    },
    
    "requirements": [
        {
            "item": "混凝土",
            "amount": 80
        },
        {
            "item": "metaglass",
            "amount": 60
        },
        {
            "item": "silicon",
            "amount": 30
        }
    ],
    "name": "灭火器",
	"category": "turret",
	"research":"tsunami"
}


/*
        tsunami = new LiquidTurret("tsunami"){{
            requirements(Category.turret, with(Items.metaglass, 100, Items.lead, 400, Items.titanium, 250, Items.thorium, 100));
            ammo(
                Liquids.water, new LiquidBulletType(Liquids.water){{
                    lifetime = 49f;
                    speed = 4f;
                    knockback = 1.7f;
                    puddleSize = 8f;
                    orbSize = 4f;
                    drag = 0.001f;
                    ammoMultiplier = 0.4f;
                    statusDuration = 60f * 4f;
                    damage = 0.2f;
                    layer = Layer.bullet - 2f;
                }},
                Liquids.slag,  new LiquidBulletType(Liquids.slag){{
                    lifetime = 49f;
                    speed = 4f;
                    knockback = 1.3f;
                    puddleSize = 8f;
                    orbSize = 4f;
                    damage = 4.75f;
                    drag = 0.001f;
                    ammoMultiplier = 0.4f;
                    statusDuration = 60f * 4f;
                }},
                Liquids.cryofluid, new LiquidBulletType(Liquids.cryofluid){{
                    lifetime = 49f;
                    speed = 4f;
                    knockback = 1.3f;
                    puddleSize = 8f;
                    orbSize = 4f;
                    drag = 0.001f;
                    ammoMultiplier = 0.4f;
                    statusDuration = 60f * 4f;
                    damage = 0.2f;
                }},
                Liquids.oil, new LiquidBulletType(Liquids.oil){{
                    lifetime = 49f;
                    speed = 4f;
                    knockback = 1.3f;
                    puddleSize = 8f;
                    orbSize = 4f;
                    drag = 0.001f;
                    ammoMultiplier = 0.4f;
                    statusDuration = 60f * 4f;
                    damage = 0.2f;
                    layer = Layer.bullet - 2f;
                }}
            );
            size = 3;
            reload = 3f;
            shoot.shots = 2;
            velocityRnd = 0.1f;
            inaccuracy = 4f;
            recoil = 1f;
            shootCone = 45f;
            liquidCapacity = 40f;
            shootEffect = Fx.shootLiquid;
            range = 190f;
            scaledHealth = 250;
            flags = EnumSet.of(BlockFlag.turret, BlockFlag.extinguisher);
        }};
*/