{
	"type": "ItemTurret",
	"name": "残阳",
	"description": "[巨浪合金]：需要额外输入液体来发射，射出大量电涌导弹。
	[钛板]：极快的速度，以弹幕的方式给对面憨批举办烟花派对。
	[塑料]：正常的速度，一般的伤害，还行的特效。
	",
	"health": 800,
	"size": 3,
	"reload": 12.52,
	"range": 400,
    "maxAmmo":600,
    "recoil": 2.45,
	"shots": 4,
    "burstSpacing": 0.02,
	"ammoUseEffect": "casing1",
	"targetGround":true,
    "heatColor":"F25151FF",
	"targetAir":true,
	"inaccuracy": 20,
	"shootSound": "plasmaboom",
	"rotatespeed": 1,
	"spread": 10,
	"ammoTypes": {
			"surge-alloy": {
            "type": "MissileBulletType",
			"splashDamageRadius":25,
			"splashDamage":30,
			"speed": 5,
            "bulletShrink":0,
			"damage": 95.2,
			"width": 10,
			"height": 10,
	    	"status":"shocked",
	    	"statusDuration": 5,
	    	"pierce": false,
			"trailEffect": "missileTrail",
			"smokeEffect": "none",
			"ammoMultiplier": 1,
			"lifetime": 80,
			"backColor":"D7D27AFF",
			"fontColor":"FEF774FF",
			"heatColor":"F3EB4FFF",
			"trailColor":"FBF354FF",
			"reloadMultiplier": 0.25,
			"hitEffect":"blastExplosion",
			"lightningColor": "FBFF00FF",
			"lightningDamage": 3,
			"lightning": 3,
			"lightningLength": 8
			
		},
			"钛板": {
            "type": "MissileBulletType",
			"splashDamageRadius":15,
			"splashDamage":10,
            "bulletShrink":0,
			"speed": 5,
			"damage": 50.9,
			"width": 8,
			"height": 8,
			"reloadMultiplier": 2.4,
			"trailEffect": "missileTrail",
			"smokeEffect": "none",
			"ammoMultiplier": 2,
			"lifetime":80,
			"backColor":"5993E4",
			"fontColor":"4287E6",
			"heatColor":"4287E6",
			"trailColor":"6FA9FCFF"
		},
	"塑料": {
	    "type": "BasicBulletType",
			"splashDamageRadius": 30,
			"splashDamage": 8.580,
            "bulletShrink": 0.05,
			"speed": 5,
			"damage": 40.966,
			"width": 10,
			"height": 15,
			"reloadMultiplier": 0.5,
			"trailEffect": "missileTrail",
			"smokeEffect": "none",
			"ammoMultiplier": 1,
			"lifetime": 80,
			"backColor":"FFFFFFFF",
			"fontColor":"FFFFFFFF",
			"heatColor":"FFFFFFFF",
			"trailColor":"FFFFFFFF"
	}
	},
	"requirements": [
		{ "item": "纯水泥", "amount": 150 },
		{ "amount": 120, "item": "塑料" },
		{ "item": "大理石", "amount": 160 },
		{ "amount": 100, "item": "钛板" },
		{ "item": "塑钢板", "amount": 300 }
	],
	"category": "turret",
	"research": "重机枪"
	}
	
	
	
	
	
	
	
	
	
	/*雷光
			"塑料": {
		    "type": "ShrapnelBulletType",
		    "serrationLenScl": 4,
		    "serrationWidth": 2.5,
		    "serrationSpacing": 2,
		    "serrationSpaceOffset": 30,
		    "serrationFadeOffset": 0.2,
		    
		    "width": 30,
		    "length": 120,
		    "damage": 120,
		    "speed": 0.01,
		    "hitEffect": "hitLancer",
		    "shootEffect": "lightningShoot",
		    "smokeEffect": "lightningShoot",
		    "lifeTime": 80,
		    "despawnEffect": "none",
		    "keepVelocity": false,
		    "collides": false,
		    "pierce": true,
		    "hittable": false,
		    "sbsorbable": false
		}
	
	
	
	/*炸弹
	"塑料": {
	    "type": "BombBulletType",
	    "splashDamageRadius": 10,
	    "splashDamage": 10,
	    "collidesTiles": false,
	    "collides": false,
	    "shrinkY": 0.7,
	    "lifetime": 80,
	    "drag": 0.08,
	    "keepVelocity": false,
	    "collidesAir": false,
	    "hitSound": "explosion"
	}
	
	
/*
	    public BombBulletType(float damage, float radius, String sprite){
        super(0.7f, 0, sprite);
        splashDamageRadius = radius;
        splashDamage = damage;
        collidesTiles = false;
        collides = false;
        shrinkY = 0.7f;
        lifetime = 30f;
        drag = 0.05f;
        keepVelocity = false;
        collidesAir = false;
        hitSound = Sounds.explosion;
    }
/*
	
	"塑料": {
	    "type": "ShrapnelBulletType",
	    "serrationLenScl": 10,
	    "serrationWidth": 4,
	    "serrationSpacing": 8,
	    "serrationSpaceOffset": 100,
	    "serrationFadeOffset": 0.8,
	    
	    "speed": 0.01,
	    "hitEffect": "hitLancer",
	    "shootEffect": "lightningShoot",
	    "smokeEffect": "lightningShoot",
	    "lifeTime": 10,
	    "despawnEffect": "none",
	    "keepVelocity": false,
	    "collides": false,
	    "pierce": true,
	    "hittable": false,
	    "sbsorbable": false
	}
	    public float serrationLenScl = 10f, serrationWidth = 4f, serrationSpacing = 8f, serrationSpaceOffset = 80f, serrationFadeOffset = 0.5f;

    public ShrapnelBulletType(){
        speed = 0.01f;
        hitEffect = Fx.hitLancer;
        shootEffect = smokeEffect = Fx.lightningShoot;
        lifetime = 10f;
        despawnEffect = Fx.none;
        keepVelocity = false;
        collides = false;
        pierce = true;
        hittable = false;
        absorbable = false;
    }
/*****


	"cooldown": 10.0,
		"burstSpacing": 0.6,
	
	
	        duo = new ItemTurret("duo"){{
            requirements(Category.turret, with(Items.copper, 35), true);
            ammo(
            Items.copper, Bullets.standardCopper,
            Items.graphite, Bullets.standardDense,
            Items.pyratite, Bullets.standardIncendiary,
            Items.silicon, Bullets.standardHoming
            );

            spread = 4f;
            shots = 2;
            alternate = true;
            reloadTime = 20f;
            restitution = 0.03f;
            range = 100;
            shootCone = 15f;
            ammoUseEffect = Fx.casing1;
            health = 250;
            inaccuracy = 2f;
            rotateSpeed = 10f;
        }};
        
        
        
        			"backColor":"63748C",
			"fontColor":"63748C",
			"heatColor":"63748C",
			"trailColor":"63748C",
			"trailEffect": "missileTrail",
			"smokeEffect": "shootSmallFlame",
			"hitEffect":"blastExplosion",
			"homingPower": 10,
			"homingRange": 15