{
	"requirements": [
		{ "amount": 600, "item": "Heavy_Lead_Slab" },
		{ "amount": 560, "item": "钛板" },
		{ "amount": 500, "item": "塑钢板" },
		{ "amount": 500, "item": "塑料" },
		{ "amount": 400, "item": "水泥" },
		{ "amount": 420, "item": "silicon" }
	],
	"shootSound": "轨道炮射击",
	"maxAmmo": 12,
	"ammoTypes": {
		"钛板": {
		"type": "PointBulletType",
		"shootEffect": "instShoot",
		"hitEffect": "flakExplosionBig",
		"smokeEffect": "smokeCloud",
		"trailEffect": "instTrail",
		"despawnEffect": "instBomb",
		"trailSpacing": 15,
		"lifetime": 200,
		"damage": 500,
		"tileDamageMultiplier": 0.5,
		"speed": 500,
		"hitShake": 3,
		"ammoMultiplier": 2,
		"pierce": true,
			"status":"freezing",
		    "duration": 30,
		    "speedMultiplier": 0.8,
		    "armorMultiplier": 0.8,
			"backColor":"006AFFFF",
			"fontColor":"006AFFFF",
			"heatColor":"006AFFFF",
			"trailColor":"006AFFFF"
		},
		"塑钢板": {
		"type": "PointBulletType",
		"shootEffect": "instShoot",
		"hitEffect": "flakExplosionBig",
		"smokeEffect": "smokeCloud",
		"trailEffect": "instTrail",
		"despawnEffect": "instBomb",
		"trailSpacing": 15,
		"lifetime": 200,
		"damage": 610,
		"drawSize": 50,
		"makeFire": true,
		"tileDamageMultiplier": 0.5,
		"speed": 500,
		"hitShake": 3,
		"ammoMultiplier": 1,
		"pierce": true,
		"status": "shocked",
		"statusDuration": 60,
			"lightningColor": "FBFF00FF",
			"lightningDamage": 100,
			"lightning": 6,
			"lightningLength": 18
		}
	},
	"rotateSpeed": 1,
	"sequenceNum": 0.2,
	"reload": 40,
	"tileDamageMultiplier": 0.5,
	"ammoUseEffect": "casing3Double",
	"recoilAmount": 5,
	"restitution": 0.008,
	"cooldown": 0.008,
	"shootShake": 3,
	"size": 3,
	"coolantMultiplier": 0.8,
	"health": 860,
	"coolantUsage": 0.8,
	"consumes": {
		"power": 3.8
	},
	"category": "turret",
	"range": 1200,
	"research": "聚灭",
	"description": "它比聚灭拥有更长的射程，且一次射出三颗子弹。
	但是它的充能时间相对较长，这可能是唯一的不足。
	塑钢板：[
		特殊：分裂出[闪电]
	],
	闪电：[
		长度：18,
		数量：6,
		伤害：150
	]
	钛板：[
		null
	]
	[red](null)[]
	",
	"ammoPerShot": 6,
	"type": "ItemTurret",
	"heatColor": "FBFF00FF",
	
	"shots": 3,
	"alternate":false,
	"shootCone": 15,
	"spread": 8
}


/*
        duo = new ItemTurret("duo"){{
            requirements(Category.turret, with(Items.copper, 35), true);
            ammo(
            Items.copper, Bullets.standardCopper,
            Items.graphite, Bullets.standardDense,
            Items.pyratite, Bullets.standardIncendiary,
            Items.silicon, Bullets.standardHoming
            );

            spread = 4f;
            shots = 2;
            alternate = true;
            reloadTime = 20f;
            restitution = 0.03f;
            range = 100;
            shootCone = 15f;
            ammoUseEffect = Fx.casing1;
            health = 250;
            inaccuracy = 2f;
            rotateSpeed = 10f;
        }};







/*
package mindustry.entities.bullet;

import arc.math.geom.*;
import arc.util.*;
import mindustry.*;
import mindustry.entities.*;
import mindustry.gen.*;

public class PointBulletType extends BulletType{
     private static float cdist = 0f;
     private static Unit result;

     public float trailSpacing = 10f;

     public PointBulletType(){
         scaleVelocity = true;
         lifetime = 100f;
         collides = false;
         keepVelocity = false;
         backMove = false;
     }

    @Override
    public void init(Bullet b){
        super.init(b);

        float px = b.x + b.lifetime * b.vel.x,
            py = b.y + b.lifetime * b.vel.y,
            rot = b.rotation();

        Geometry.iterateLine(0f, b.x, b.y, px, py, trailSpacing, (x, y) -> {
            trailEffect.at(x, y, rot);
        });

        b.time = b.lifetime;
        b.set(px, py);

        //calculate hit entity

        cdist = 0f;
        result = null;
        float range = 1f;

        Units.nearbyEnemies(b.team, px - range, py - range, range*2f, range*2f, e -> {
            if(e.dead()) return;

            e.hitbox(Tmp.r1);
            if(!Tmp.r1.contains(px, py)) return;

            float dst = e.dst(px, py) - e.hitSize;
            if((result == null || dst < cdist)){
                result = e;
                cdist = dst;
            }
        });

        if(result != null){
            b.collision(result, px, py);
        }else{
            Building build = Vars.world.buildWorld(px, py);
            if(build != null && build.team != b.team){
                build.collision(b);
            }
        }

        b.remove();

        b.vel.setZero();
    }
}
/*
        foreshadow = new ItemTurret("foreshadow"){{
            float brange = range = 500f;

            requirements(Category.turret, with(Items.copper, 1000, Items.metaglass, 600, Items.surgeAlloy, 300, Items.plastanium, 200, Items.silicon, 600));
            ammo(
            Items.surgeAlloy, new PointBulletType(){{
                shootEffect = Fx.instShoot;
                hitEffect = Fx.instHit;
                smokeEffect = Fx.smokeCloud;
                trailEffect = Fx.instTrail;
                despawnEffect = Fx.instBomb;
                trailSpacing = 20f;
                damage = 1350;
                tileDamageMultiplier = 0.3f;
                speed = brange;
                hitShake = 6f;
                ammoMultiplier = 1f;
		"shootEffect": "instShoot",
		"hitEffect": "instHit",
		"smokeEffect": "smokeCloud",
		"trailEffect": "instTrail",
		"despawnEffect": "instBomb",
		"trailSpacing": 15,
		"damage": 300,
		"tileDamageMultiplier": 0.5,
		"range": 500,
		"speed": 500,
		"hitShake": 3,
		"ammoMultiplier": 1
                }
                
                
            }}
            );



            rotateSpeed = 2.5f;
            reloadTime = 200f;
            ammoUseEffect = Fx.casing3Double;
            recoilAmount = 5f;
            restitution = 0.009f;
            cooldown = 0.009f;
            shootShake = 4f;
            shots = 1;
            size = 4;
            shootCone = 2f;
            shootSound = Sounds.railgun;
            unitSort = (u, x, y) -> -u.maxHealth;
            
            coolantMultiplier = 0.2f;
	"rotateSpeed": 1,
	"reloadTime": 230,
	"ammoUseEffect": "casing3Double",
	"recoilAmount": 6,
	"restitution": 0.008,
	"cooldown": 0.008,
	"shootShake": 3,
	"size": 2,
	"shootCone": 2,
	"coolantMultiplier": 0.2,
	"health": 450,
	"coolantUsage": 0.5,
	"consumes": {
		"powerCond": 1.2
	}
            health = 150 * size * size;
            coolantUsage = 1f;

            consumes.powerCond(10f, TurretBuild::isActive);
        }};