{
	"type": "LiquidRouter",//类型,自连液桥
	"category": "liquid",//菜单栏
	"name": "低温储液容器",//名字
	"description": "适应Alpha258星寒冷气候，可以最大程度保持内部流体温度的容器",//介绍

	"research": {
	"parent": "sa-低温导管桥"//科技树前置
	"requirements": [//研究花费
	"sa-钴/2000",
	"silicon/100",
	"titanium/100"
	]	},

	"requirements": [//建造消耗
	"sa-钴/20",
	"silicon/10",
	"titanium/10"
	],

	"size": 2,
	"health": 300,//血量
	"liquidCapacity":1200,//液体容量
	"liquidPadding": 2,//液体填充速度
}
