{
	"type": "ArmoredConduit",//类型
	"category": "liquid",//菜单栏
	"name": "低温导管",//名字
	"description": "适应Alpha258星寒冷气候，可以最大程度保持内部流体温度的导管",//介绍

	"research": {
	"parent": "sa-离心泵"//科技树前置
	"requirements": [//研究花费
	"sa-钴/300",
	"titanium/100"
	]	},

	"requirements": [//建造消耗
	"sa-钴/1",
	"titanium/1"
	],

	"health": 150,//血量
	"liquidCapacity":20,//液体容量
	"liquidPadding": 1,//液体填充速度
	"liquidPressure": 1,//液体填充速度
	"bridgeReplacement": "低温导管桥",//自动连接的桥
	"junctionReplacement": "低温导管连接器"//自动连接的交叉器
}
