{
	"type": "LiquidRouter",//类型,自连液桥
	"category": "liquid",//菜单栏
	"name": "低温导管路由器",//名字
	"description": "适应Alpha258星寒冷气候，可以最大程度保持内部流体温度的路由器",//介绍

	"research": {
	"parent": "sa-低温导管连接器"//科技树前置
	"requirements": [//研究花费
	"sa-钴/300",
	"titanium/300"
	]	},

	"requirements": [//建造消耗
	"sa-钴/3",
	"titanium/3"
	],

	"health": 350,//血量
	"liquidCapacity":30,//液体容量
	"liquidPadding": 1,//液体填充速度
	"liquidPressure": 1,//液体填充速度
}
