{
"localizedName": "Gedrode_183重生",
	"type": "flying",
	"hitSize": 64,
	"canDrown": false,
	"armor": 36,
	"speed": 1,
"buildSpeed": 3
	"rotateSpeed": 1.5,
	"health": 30000000,
	"mechStepParticles": true,
	"mechFrontSway": 2.2,
	"mechSideSway": 0.8,
	"ammoCapacity": 350,
"buildSpeed": 3,
	"flying": true,
	"parts": [
{
			"type": "ShapePart",//圆圈
			"colorTo":"ffffff",//结束时的颜色
			"color": "ffffff",//开始时的颜色
			"layer":110,//所在图层高度
			"stroke": 7,//开始时的粗细
			"strokeTo": 7,//结束时的粗细
			"circle": true,//是否圆圈？
			"hollow": false,//是否空心
			"radius": 10,//开始时的大小
			"radiusTo": 0//结束时的大小
			"x": 0,    "y": 0,//X和y的位置
},
{
			"type": "ShapePart",//圆圈
			"colorTo":"ffffff",//结束时的颜色
			"color": "ffffff",//开始时的颜色
			"layer":110,//所在图层高度
			"stroke": 3,//开始时的粗细
			"strokeTo": 3,//结束时的粗细
			"circle": true,//是否圆圈？
			"hollow": true,//是否空心
			"radius": 20,//开始时的大小
			"radiusTo": 20//结束时的大小
			"x": 0,    "y": 0,//X和y的位置
},]
		"abilities": [
		{
        "type": "RepairFieldAbility"
        "amount":-2500
        "reload":1
        "range": 1
    }
		{//死亡时产生单位
			"type": "SpawnDeathAbility",
			"unit": "regicide",
			"amount": 1,//固定数量
			"randAmount": 0//随机数量
	}
	]
}