{
"type": "PowerTurret",
  "name": "极电",
  "size": 3,
  "description": "中型炮台，发射电磁弹，黏附在地上进行持续电击，会对周围的友方电力建筑进行增强",
  "health": 1100,
  "targetGround": true,
  "targetAir": true,
  "inaccuracy": 3,
  "shootSound": "shotgun",
  "heatRequirement":18
  "category": "turret",
  "reload": 100,
  "range": 260,
  "research":
 	        {
 	        "requirements":
		    [
"silicon/200",
"铋/200"
"tungsten/200"
"surge-alloy/300"
"莱特合金/100"
	      	]
 "parent":"凌砂"
  "objectives":[
 		 {
  "type": "OnSector",
  "preset":"遗迹火山"  }]
 }
  "consumes": {
    "power": 1.3,
    "liquid": {
      "liquid": "hydrogen",
      "amount": 1.5
    }
  },
  "requirements": [
    "铋/300",
    "silicon/20",
    "莱特合金/20",
    "surge-alloy/30"
    "tungsten/60"
  ],
"shootType":{
  "type": "BasicBulletType",
  "lifetime": 300,
  "speed": 4,

  "collides": false,
  "reflectable": false,
  "absorbable": false,
  "drag": 0.021,
  "damage": 30,
  "hitEffect":
  {
					"type": "WaveEffect",
					"lifetime": 1000,
					"sizeFrom": 96,
					"sizeTo": 0,
					"strokeFrom": 19,
					"strokeTo": 0,
					"colorFrom": "ffffff",
					"colorTo": "ffffff"
					"interp" : "pow10Out"
},

  "sprite": "circle",
  "frontColor": "ffffff",
  "backColor": "ffffff",

  "bulletInterval": 20,
  "parts":[
		{
		"type":"ShapePart",
		"circle":true,
		"hollow":true,
		"radius":10
		"radiusTo":96
		"stroke":5,
		"strokeTo":2,
		"layer":110,
		"color":"ffffff"
		"progress":{
    "type":"warmup",
    "op":"delay",
    "amount":0.25
  }
		},
		]
  "intervalBullet": {
  "hitEffect":
  {
					"type": "WaveEffect",
					"lifetime": 30,
					"sizeFrom": 0,
					"sizeTo": 96,
					"strokeFrom": 9,
					"strokeTo": 0,
					"colorFrom": "ffffff",
					"colorTo": "ffffff"
					"interp" : "pow10Out"
},
    "type": "EmpBulletType",
    "instantDisappear":  true,
    "radius": 96,
    "damage": 13,
    "pierceArmor": true,
"fragBullet":{
        "lightningLength": 15,
        "type": "LightningBulletType",
        "damage": 14,
        "lightningColor": "ffffff",
        "hitColor": "ffffff",
        "pierceArmor": true
      }
    },
}
      }