{
    "type":"ItemTurret",
    "name":"陨星",
    "description": "使用钨破片弹打击来袭的陆军"
    "category":"turret",
    "health":300
    "size":3
    "reload":120
    "range":250
    "shake":5
    "rotateSpeed": 2
    "shootSound": "shootSmite"
    "targetGround":true
    "targetAir":false
    "consumes": {
    "liquid": 
	{"liquid": "hydrogen", "amount": 0.05}
    }
    "drawer": {
        "type": "DrawMulti",
        "drawers": [
            {
                "type": "DrawTurret",
                "parts": [
           {
           "type":"RegionPart",
    "mirror":true,
    "x":0,"y":0,
    "suffix":"-侧",
    "moveX":0,
    "moveY":0,
    "moveRot":-27
    "cooldownTime": 30000
    },
    {
    "type":"RegionPart",
    "mirror":false,
    "x":0,"y":0,
    "suffix":"-炮口",
    "moveX":0,
    "moveY":-3,
    "moveRot":0
    "progress":"recoil"
    "heatProgress": "recoil",
    "cooldownTime": 25000
    },
       ]
          }
             ]
       }
    "requirements": [
	"oxide/80"
	"tungsten/120",
	"silicon/168"
	]
    "research": {
	"parent": "清扫"//科技树前置
	"requirements": [//研究花费
	"surge-alloy/100"
	"tungsten/200",
	]	},
    "ammoTypes":{
    "tungsten":{
    "type":"ArtilleryBulletType",
    "speed":5,
    "hitShake":10

    "hitSound":"artillery"
    "splashDamage":78,
    "splashDamageRadius":70,

    "width":15 ,
    "height": 28,
    "trailColor":"F3E979FF",
    "trailWidth":5,
    "trailLength":37,
    "fragBullets":7
    "fragBullet":{
    "type":"ArtilleryBulletType"
    "splashDamage":33,
    "splashDamageRadius":70
    "speed":3
    "lifetime":15
    "hitEffect":{
        "type":"MultiEffect",
        "effects":[
        {
                "type":"WaveEffect",
                "lifetime":40,
                "colorFrom":"F3E979FF",
                "colorTo":"F3E979FF",

                "sizeFrom":0,
                "sizeTo":10,
                "strokeFrom":10,
                "strokeTo":0
            }
        ]
    },
                 }
    "hitEffect":{
        "type":"MultiEffect",
        "effects":[
        {
                "type":"WaveEffect",
                "lifetime":30,
                "colorFrom":"F3E979FF",
                "colorTo":"F3E979FF",

                "sizeFrom":0,
                "sizeTo":28,
                "strokeFrom":10,
                "strokeTo":0
            }
        ]
    },
    }
    }
    }