{
"type":"mech",
"name":"[purple]强化战锤",
"description":"战锤的一个分支，仍然是近战高爆发",
"research":"mace",
"health":1200,//生命
"armor":8,
"speed":0.34,//速度
"hitSize":8,//尺寸
"itemCapacity":80,//背包容量
"ammoType":"coal",
"immunities":["burning",]
"weapons":[{
//"name":"战锤武器",//名称

//"x":4,"y":2,
"shootSound":"fire",
"soundPitchMax":3.5,
"shootCone":180,
"targetInterval":0,
"shootY":2,
"recoil":1,
"continuous":true,
"alwaysContinuous":true,
"ejectEffect":"none",
"top":false,
"alternate":false,
"reload":8,//装弹时间
"bullet":{
"type":"ContinuousFlameBulletType",//基础子弹
"pierceBuilding":true,//穿透建筑
"pierceCap":1,//穿透数量
"length":100,
"damage":51.4,
//"healPercent":0.5,"healAmount":3,
"oscScl":1.2,//抖动频率
"oscMag":0.01,//抖动幅度
"divisions":2,//尖端角度
"drawFlare":false,
"pierceBuilding":false,//穿透建筑
"pierceCap":3,
//"flareColor":"FF00FF",
//"flareWidth":3,
//"flareInnerScl":0.5,
//"flareLength":40,
//"flareInnerLenScl":0.5,
//"flareLayer":0.0001,
//"flareRotSpeed":1.5
"lengthInterp":"slope",
"rotateFlare":false,
"pierceArmor":false,
"laserAbsorb":false,
"hitEffect":"none",

"makeFire":true,//是否生产火焰
"status":"burning",//击中给予状态
"statusDuration":300,/*状态持续时间*/

//"colors":[9DF3AC,76DA87,55C167,3AA64C,FFFFFF,]


"colors":[FF2222,FF4545,FF7777,FFCBCB,FFFFFF,]

"lengthWidthPans":[
1,1.3,0.32,/*最底层/长/宽/镜像*/
0.88,1,0.3,/*低层/长/宽/镜像*/
0.76,0.9,0.2,/*中层/长/宽/镜像*/
0.64,0.8,0.15,/*顶层/长/宽/镜像*/
0.52,0.7,0.1,/*最顶层/长/宽/镜像*/
]

    }   }   ]   }
