{
"type":"mech",
"name":"[red]雷电",
"description":"实际dps只有几千",
"research":"风暴",
"health":50000,//生命
"armor":20,
"speed":0.4,//速度
"hitSize":40,//尺寸
"itemCapacity":160,//背包容量
"ammoType":"coal",
"immunities":["burning",]
"weapons":[{
//"name":"战锤武器",//名称

//"x":4,"y":2,
"shootSound":"fire",
"soundPitchMax":3.5,
"shootCone":180,
"targetInterval":0,
"shootY":2,
"recoil":1,
"continuous":true,
"alwaysContinuous":true,
"ejectEffect":"none",
"top":false,
"alternate":false,
"reload":8,//装弹时间
"bullet":{
"type":"ContinuousFlameBulletType",//基础子弹
"pierceBuilding":true,//穿透建筑
"pierceCap":2,//穿透数量
"length":200,
"damage":240,
//"healPercent":0.5,"healAmount":3,
"oscScl":1.2,//抖动频率
"oscMag":0.01,//抖动幅度
"divisions":2,//尖端角度
"drawFlare":false,
"pierceBuilding":false,//穿透建筑
"pierceCap":3,
//"flareColor":"FF00FF",
//"flareWidth":3,
//"flareInnerScl":0.5,
//"flareLength":40,
//"flareInnerLenScl":0.5,
//"flareLayer":0.0001,
//"flareRotSpeed":1.5
"lengthInterp":"slope",
"rotateFlare":false,
"pierceArmor":false,
"laserAbsorb":false,
"hitEffect":"none",

"makeFire":true,//是否生产火焰
"status":"burning",//击中给予状态
"statusDuration":900,/*状态持续时间*/
"status":"升华",//击中给予状态
"statusDuration":900,/*状态持续时间*/

//"colors":[9DF3AC,76DA87,55C167,3AA64C,FFFFFF,]


"colors":[1997FF,5FB7FF,9AD1FF,D1EAFF,FFFFFF,]

"lengthWidthPans":[
1,1.3,0.32,/*最底层/长/宽/镜像*/
0.88,1,0.3,/*低层/长/宽/镜像*/
0.76,0.9,0.2,/*中层/长/宽/镜像*/
0.64,0.8,0.15,/*顶层/长/宽/镜像*/
0.52,0.7,0.1,/*最顶层/长/宽/镜像*/
]

    } 
    }
    
    {
			"x": 0,
			"y": 0,
			"reload": 5,
			"ejectEffect": "none",
			"shootSound": "spark",
			"shoot": {
        "shots": 3,
        "shotDelay": 0
    },
			"bullet": {
				"type": "LightningBulletType",
				"damage": 60,
				"lightningLength": 35
}
},

          ]
}