{
	"type": "BufferedItemBridge",//建筑类型
	"name": "钛传送带桥",//名称
	"description": "[#FECB6DFF]运输距离比普通的灰桥更长。",//介绍
	"health": 50,//生命值
	"size": 1,//边长大小
	"hasPower": false,//可以有电力
	"range": 7,//最多能连接的范围
	"displayedSpeed": 2,//游戏运输速度
	"speed": 0.2,//代码运输速度
	"bufferCapacity": 15,//容量
	"transportTime": 15,//运输时间 (数值越小, 速度越快)
	"buildCostMultiplier": 2.2,//建筑构造时间花费倍率
	"requirements": [//建造消耗需求
		"copper/2",//铜
		"lead/2",//铅
		"titanium/2"//钛
	],
	"category": "distribution",//菜单栏分类
	"research": {//科技树位置研究前置
		"parent": "bridge-conveyor"
		"objectives": [//研究前提条件
			{
				"type": "OnSector",
				"preset": "stainedMountains"
			}
		]
	}
}