{
	"type": "ForceProjector",
	"name": "一次性立场防御墙",
	"health": 12500,
	"size": 2,
	"radius": 40,//覆盖范围
	"squareSprite": false,
	"canOverdrive": false,
	"shieldHealth": 30000,
	"phaseRadiusBoost": 0,
	"phaseShieldBoost": 50,
	"cooldownNormal": 2,//恢复速度
	"cooldownLiquid": 5,
	"cooldownBrokenBase": 3,//过热回复速度
	"coolantConsumption": 5,
	"liquidCapacity": 6,
	"itemCapacity": 2,
	"absorbEffect": {
		"type": "ParticleEffect",
		"particles": 1,
		"sizeFrom": 5,
		"sizeTo": 0,
		"length": 0,
		"baseLength": 0,
		"lifetime": 1,
		"sizeInterp": "pow3In",
		"colorFrom": "FEEBB3",
		"colorTo": "FEEBB300"
	},
	"consumes": {
		"power": 0.01
	},
	"requirements": [
		"titanium/300",
		"plastanium/100",
		"phase-fabric/100"
	],
	"research": "silicon-smelter",
	"category": "effect"
}