{
	"type":"ItemTurret",//类型:消耗物品的炮塔
	"name":"应急支援炮塔",//名字
   "description":"应急用",//介绍
	"size":3,//物品面积
	"health":2000,//建筑血量
	"ammoPerShot":1,//每次攻击消耗弹药数量
	"range":600,//攻击范围，8为1格
	"reload":3,//攻击速度（每多少帧射击一次）(一秒60帧)
	"inaccuracy":3,//误差(度）
  "ammoUseEffect": "casing2",//开火特效
	"rotatespeed":5,//旋转速度
	"maxAmmo":150,//最大弹药
	"targetAir":true//索敌天空
	"targetGround":true,//索敌地面
	"coolantMultiplier":8,//液体加速倍率
	"shoot": {
		"shots": 3,
		"shotDelay": 1,
		"type": "ShootAlternate",
		"barrels": 15,
		"spread": 3
	},
	"heatColor":"#FF0000",
	"ammoTypes":{
		"copper": {//消耗的弹药
		                "pierceCap":2,//穿透数量，不能填0
		    "reloadMultiplier":1,//射击速率
			"speed": 25,//子弹速度（输入数字×8）
			"damage": 180,//伤害
			"knockback":0.1,//击退
			"lifetime":1005,//弹药存在时间（帧）
			"width": 8,//子弹宽度
			"height": 3,//子弹长度
			"ammoMultiplier":100,//装填倍数
			"shootEffect": "shootBig" 	//特效
				}
},
	"requirements": [
	 {"item":"copper","amount":20},//造价
	 ]
	"category": "turret",//类型
	"research":"duo"//科技树位置，duo为双管
}
