{
	"type":"ItemTurret",//类型:消耗物品的炮塔
	"name":"开挂炮塔",//名字
   "description":"介绍",//介绍
	"size":2,//物品面积
	"health":6400,//建筑血量
	"ammoPerShot":11,//每次攻击消耗弹药数量
	"range":1500,//攻击范围，8为1格
	"reload":60,//攻击速度（每多少帧射击一次）(一秒60帧)
	"inaccuracy":5,//误差(度）
  "ammoUseEffect": "casing2",//开火特效
	"rotatespeed":1.6,//旋转速度
	"maxAmmo":150,//最大弹药
	"targetAir":true//索敌天空
	"targetGround":true,//索敌地面
	"coolantMultiplier":8,//液体加速倍率
	"shoot": {
		"shots": 15,
		"shotDelay": 2,
		"type": "ShootAlternate",
		"barrels": 15,
		"spread": 3
	},
	"heatColor":"#FF0000",
	"ammoTypes":{
		"copper": {//消耗的弹药
		                "pierceCap":100,//穿透数量，不能填0
		    "reloadMultiplier":1,//射击速率
			"speed": 1.5,//子弹速度（输入数字×8）
			"damage": 1000,//伤害
			"knockback":1,//击退
			"lifetime":10005,//弹药存在时间（帧）
			"width": 30,//子弹宽度
			"height": 20,//子弹长度
			"ammoMultiplier":1,//装填倍数
			"shootEffect": "shootBig" 	//特效
				}
},
	"requirements": [
	 {"item":"copper","amount":200},//造价
	 ]
	"category": "turret",//类型
	"research":"duo"//科技树位置，duo为双管
}
