{
	"name": "开挂钻头",
	"type": "Drill",
	"size": 3,
	"health": 8400,
	"tier": 20,
	"drillTime": 1,
	"liquidBoostIntensity": 8,//液体加速
	"canOverdrive": true,
	"warmupSpeed": 0.2,
	"drillEffect": "mineBig",
	"updateEffect": "mineBig",
	"rotateSpeed": 100,
	"drawMineItem": true,
	"consumes": {
		"liquid": {
			"liquid": "water",
			"amount": 3,
			"booster": true,
			"optional": true
		}
	},
	"itemCapacity": 2000,
	"liquidCapacity": 2000,
	"requirements": [
		"copper/45",
		"lead/35",
		"graphite/45"
	],
	"category": "production",
	"research": "pneumatic-drill"
}