{
	"type": "GenericCrafter",
	"health": 4600,
	"name": "电芯制造机",
	"outputItem": "电芯/2",
	"itemCapacity": 40,
	"size": 5,
	"hasPower": true,
	"hasLiquids": false,
	"hasItems": true,
	"craftTime": 550,
	"updateEffect": "none",
	"craftEffect": "smeltsmoke",
	"drawer": {
		"type": "DrawMulti",
		"drawers": [
			"DrawDefault",
			{
				"type": "DrawFlame",
				"flameRadius": 0,
				"flameRadiusIn": 0,
				"flameRadiusMag": 0,
				"flameRadiusInMag": 0
			}
		]
	},
	"consumes": {
		"power": 90,
	},
	"requirements": [
		"graphite/5"
	],
	"category": "crafting",
	"ambientSound": "smelter",
	"research": "graphite-press"
}