{
	"type": "GenericCrafter",
	"health": 146000,
	"name": "相织布",
	"outputItem": "phase-fabric/15",
	"itemCapacity": 40,
	"size": 1,
	"hasPower": true,
	"hasLiquids": false,
	"hasItems": true,
	"craftTime": 20,
	"updateEffect": "none",
	"craftEffect": "smeltsmoke",
	"drawer": {
		"type": "DrawMulti",
		"drawers": [
			"DrawDefault",
			{
				"type": "DrawFlame",
				"flameRadius": 0,
				"flameRadiusIn": 0,
				"flameRadiusMag": 0,
				"flameRadiusInMag": 0
			}
		]
	},
	"consumes": {
		"power": 5
	},
	"requirements": [
		"copper/5"
	],
	"category": "crafting",
	"ambientSound": "smelter",
	"research": "graphite-press"
}