{
	"type": "GenericCrafter",
	"name": "矿液压缩机",
	"health": 9960,
	"outputLiquid": {
		"liquid": "压缩矿液",
		"amount": 0.5
	},
	"itemCapacity": 14,
	"size": 5,
	"drawer": {
		"type": "DrawMulti",
		"drawers": [
			{
				"type": "DrawRegion",
				"suffix": "-bottom"
			},
			{
				"type": "DrawLiquidTile",
				"drawLiquid": "cryofluid"
			},
			"DrawDefault"
		]
	},
	"hasItems": true,
	"hasLiquids": true,
	"outputsLiquid": true,
	"hasPower": true,
	"liquidCapacity": 60,
	"craftTime": 60,
	"updateEffect": "freezing",
	"consumes": {
		"power": 40,
		"liquid": "slag/3"
	},
	"requirements": [
		"thorium/150",
		"metaglass/40",
		"silicon/40",
	],
	"category": "crafting",
	"research": "cryofluid-mixer"
}