{
    "type": "RepairTower",
    "name": "质能相转维修站",
    "size": 12,
    "health": 12000,
	"liquidCapacity": 128,
    "range": 1200,
    "healAmount": 32,
    "circleSpeed": 15,
    "circleStroke": 8,
    "squareRad": 36,
    "squareSpinScl": 1.2,
    "glowMag": 0.4,
    "glowScl": 12,
    "consumes": {
		"power": 1080,
		"liquid": {
			"liquid": "压缩矿液",
			"amount": 2
		}
	} ,
	"requirements": [
		"plastanium/14000",
		"电芯/400",
		"以太棒/20",
	],
	"category": "units",
	"research": "repair-turret"
}