{
	"type": "HeatCrafter"
	"name": "塑钢沾染仪",
	"description": "用工业重水改变塑钢的性质",
	"health":600,
	"itemCapacity": 30,
	"outputItem": {"item": "重工业塑钢","amount":1 },
	"size":3,
	"hasItems": true,
	"hasPower": true,
	"boostScale":0.05,
	"craftTime": 60,
	"heatRequirement":3,
	"consumes": {
	"liquid": {"liquid":"工业重水","amount":0.1,"booster":false}
		"items": {
			"items": [
                { "item": "plastanium", "amount": 2 }
			]
		}
		"power": 5,
	},
	"requirements": [
		{ "item": "thorium", "amount": 100 }
        { "item": "plastanium", "amount":150 }
        { "item": "工业纯硅", "amount":150 }
        { "item": "titanium", "amount": 150 }
        { "item": "surge-alloy", "amount": 120 }
	],
    "category": "crafting",
	"research": "重工业塑钢压缩机",
	"drawer": {
	"type": "DrawMulti",
	"drawers": [
	 "DrawDefault",
		{
		 "type" : "DrawParticles",
		 "color" : "D86E56FF",
		 "alpha" : 0.6,
		 "particles" : 30,
		 "particleLife" : 60,
		 "particleRad" : 8,
		 "particleSize" : 2,
		 "fadeMargin" : 0.5,
		 "rotateScl" : 4,
		"reverse" : false
	},
		 "DrawFlame",
	]
},
}