{
	"type": "GenericCrafter"
	"name": "大型碳提取机",
	"description": "在空气中提取碳",
	"health":600 ,
	"itemCapacity": 50,
	"outputItem": {"item": "碳","amount":8 },
	"size":3 ,
	"hasPower": true,
	"hasItems": true,
	"craftTime": 40,
	"updateEffect" : "plasticburn",
	"boostScale":0.05,
	"consumes": {
		"power": 1,
	},
	"requirements": [
		{ "item": "silicon", "amount": 30 }
		{ "item": "lead", "amount": 30 }
		{ "item": "titanium", "amount": 20 }
		{ "item": "thorium", "amount": 20 }
		{ "item": "碳钢", "amount": 10 }
	]
    "category": "crafting",
	"research": "碳提取机",
	"drawer": {
	"type": "DrawMulti",
	"drawers": [
	 "DrawDefault",
		{
		 "type" : "DrawParticles",
		 "color" : "D86E56FF",
		 "alpha" : 0.6,
		 "particles" : 30,
		 "particleLife" : 60,
		 "particleRad" : 8,
		 "particleSize" : 2,
		 "fadeMargin" : 0.5,
		 "rotateScl" : 4,
		"reverse" : false
	},
		 "DrawFlame",
	]
},
}