{
	"type": "GenericCrafter"
	"name": "大型胶状物混合器",
	"description": "从孢子中提炼出胶状物",
	"health":800 ,
	"itemCapacity": 50,
	"outputItem": {"item": "胶状物","amount":3 },
	"size":3 ,
	"hasPower": true,
	"hasItems": true,
	"craftTime": 60,
	"boostScale":0.05,
	"consumes": {
		"power": 10,
        "liquid": {"liquid":"water","amount":0.2,"booster":false}
		"items": {
			"items": [
				{ "item": "spore-pod", "amount": 8}
			]
		}
	},
	"requirements": [
		{ "item": "silicon", "amount": 150 }
		{ "item": "lead", "amount": 200 }
		{ "item": "titanium", "amount": 120 }
        { "item": "石英", "amount": 100 }
        { "item": "plastanium", "amount": 100 }
	]
    "category": "crafting",
	"research": "凝胶混合器",
	"drawer": {
	"type": "DrawMulti",
	"drawers": [
	 "DrawDefault",
		{
		 "type" : "DrawParticles",
		 "color" : "D86E56FF",
		 "alpha" : 0.6,
		 "particles" : 30,
		 "particleLife" : 60,
		 "particleRad" : 8,
		 "particleSize" : 2,
		 "fadeMargin" : 0.5,
		 "rotateScl" : 4,
		"reverse" : false
	},
		 "DrawFlame",
	]
},
}