{
	"type": "GenericCrafter"
	"name": "微型合金冶炼厂",
	"description": "产量真是太低啦!",
	"health":250,
	"itemCapacity": 30,
	"outputItem": {"item": "surge-alloy","amount":1 },
	"size":2,
	"hasItems": true,
	"hasPower": true,
	"boostScale":0.05,
	"craftTime": 90,
	"consumes": {
	"liquid": {"liquid":"slag","amount":0.25,"booster":false}
		"items": {
			"items": [
                { "item": "silicon", "amount": 2 }
			]
		}
		"power": 1.5,
	},
	"requirements": [
		{ "item": "thorium", "amount": 30 }
        { "item": "lead", "amount":50 }
        { "item": "silicon", "amount":40 }
	],
    "category": "crafting",
	"research": "alloy-smelter",
	"drawer": {
	"type": "DrawMulti",
	"drawers": [
	 "DrawDefault",
		{
		 "type" : "DrawParticles",
		 "color" : "D86E56FF",
		 "alpha" : 0.6,
		 "particles" : 30,
		 "particleLife" : 60,
		 "particleRad" : 8,
		 "particleSize" : 2,
		 "fadeMargin" : 0.5,
		 "rotateScl" : 4,
		"reverse" : false
	},
		 "DrawFlame",
	]
},
}