{
	"type": "GenericCrafter"
	"name": "火力硅",
	"description": "利用煤炭直接发电自给自足，效率低一点",
	"health":150 ,
	"itemCapacity": 30,
	"outputItem": {"item": "silicon","amount":1 },
	"size":2,
	"hasItems": true,
	"hasPower": true,
	"boostScale":0.05,
	"craftTime": 80,
	"consumes": {
		"items": {
			"items": [
                { "item": "sand", "amount": 2 }
                { "item": "coal", "amount": 1 }
			]
		}
	},
	"requirements": [
		{ "item": "copper", "amount": 30 }
        { "item": "lead", "amount":25 }
	],
    "category": "crafting",
	"research": "silicon-smelter",
	"drawer": {
	"type": "DrawMulti",
	"drawers": [
	 "DrawDefault",
		{
		 "type" : "DrawParticles",
		 "color" : "D86E56FF",
		 "alpha" : 0.6,
		 "particles" : 30,
		 "particleLife" : 60,
		 "particleRad" : 8,
		 "particleSize" : 2,
		 "fadeMargin" : 0.5,
		 "rotateScl" : 4,
		"reverse" : false
	},
		 "DrawFlame",
	]
},
}