{
	"type": "GenericCrafter"
	"name": "火盐冶炼厂",
	"description": "冶炼火盐",
	"health":800 ,
	"itemCapacity": 50,
	"outputItem": {"item": "火盐","amount":2 },
	"size":4,
	"hasItems": true,
	"craftTime": 60,
		"craftEffect": {
	"type": "MultiEffect"
        "lifetime": 45
        "effects": [
          {
            "type": "WaveEffect"
            "sizeFrom": 0
            "sizeTo": 25
            "lifetime": 45
            "sides":4
            "rotation":45
            "colorFrom": "FF9C5AFF"
            "colorTo": "FFFFFFFF"
            "strokeFrom": 4
            "strokeTo": 0
          }
          {
            "type": "WaveEffect"
            "sizeFrom": 0
            "sizeTo": 25
            "lifetime": 45
            "sides":4
            "rotation":0
            "colorFrom": "FF9C5AFF"
            "colorTo": "FFFFFFFF"
            "strokeFrom": 4
            "strokeTo": 0
          }
        ]
      }
	"consumes": {
		"power": 6,
"liquid": {"liquid":"oil","amount":0.4,"booster":false}
		"items": {
			"items": [
                { "item": "碳", "amount": 6 }
                { "item": "pyratite", "amount": 4 }
                { "item": "钾盐", "amount": 12 }
			]
		}
	},
	"requirements": [
		{ "item": "copper", "amount": 150 }
		{ "item": "titanium", "amount":100 }
        { "item": "thorium", "amount":75 }
        { "item": "silicon", "amount":120 }
        { "item": "lead", "amount":120 }
        { "item": "石英", "amount":50 }
	],
    "category": "crafting",
	"research": "pyratite-mixer",
	"drawer": {
	"type": "DrawMulti",
	"drawers": [
	 "DrawDefault",
		{
		 "type" : "DrawParticles",
		 "color" : "FF9C5AFF",
		 "alpha" : 0.6,
		 "particles" : 30,
		 "particleLife" : 60,
		 "particleRad" : 8,
		 "particleSize" : 2,
		 "fadeMargin" : 0.5,
		 "rotateScl" : 4,
		"reverse" : false
	},
		 "DrawFlame",
	]
},
}