{
	"type": "GenericCrafter"
	"name": "电解仪",
	"description": "将水电解",
	"health":400,
	"size":3,
	"liquidCapacity":50,
	"hasPower": true,
	"rotate":true
	"boostScale":0.05,
    "craftTime": 30,
    "regionRotated1":3
    "consumes": {
		"power": 0.75,
        "liquid": {"liquid":"water","amount":0.3,"booster":false}
	},
	"outputLiquids":[
	{"liquid":"hydrogen","amount":0.2,"booster":false}
	{"liquid":"oxygen","amount":0.1,"booster":false}
	]
	"requirements": [
		{ "item": "silicon", "amount": 40 }
		{ "item": "lead", "amount": 30 }
		{ "item": "titanium", "amount": 30 }
        { "item": "石英", "amount":20 }
	]
	"liquidOutputDirections":[1,3]
	"drawers": [
		"DrawDefault",
		{
			"type" : "DrawLiquidTile",
			"drawLiquid": "water"
		},
		{
			"type" : "DrawRegion",
			"suffix" : "-bottom"
		}
		{
			"type" : "DrawBubbles",
			"color":"7693e3"
			"sides":10
            "recurrence":3
            "spread":6
            "radius":1.5
            "amount":20			
		}
	]
    "category": "crafting",
	"research": "disassembler",
}