{
    "type": "HeatCrafter"
    "name": "相织矩阵编织仪"
    "description": "生产相织矩阵"
    "health":800,
    "itemCapacity": 50,
    "heatRequirement":5,
    "outputItem": {
        "item": "相织矩阵" 
        "amount": 2,
    }    
    "size": 4,
    "hasItems": true
    "craftTime": 60
    "updateEffect": "none"
    "consumes": {
        "power": 8
        "items": {
            "items": [
                {"item": "赤盐" "amount": 1}
                {"item": "phase-fabric" "amount":4}
                ]
        }
    }
    "requirements": [
        {"item": "thorium" "amount":300}
        {"item": "石英" "amount": 200}
        {"item": "蓝钻", "amount":200}
        {"item": "phase-fabric" "amount":200} 
        {"item": "工业纯硅" "amount": 200}
        {"item": "工业玻璃" "amount": 150}
        ]
        "category": "crafting"
	"updateEffect":"none"
        "research": "聚能相位"
        "idleSound": "respawning"
        "idleSoundVolume": 3
        "drawer": {
	"type": "DrawMulti",
	"drawers": [
		"DrawDefault",
		{
			"type" : "DrawRegion",
			"suffix" : "-bottom"
		}
		{
			"type" : "DrawWeave",
			"suffix" : "-weave"
		}
	]
}
    }