{
	"type": "GenericCrafter"
	"name": "石墨提取仪",
	"description": "在空气中提取碳,再压缩成石墨",
	"health":250 ,
	"itemCapacity":50,
	"outputItem": {"item": "graphite","amount":1 },
	"size":2 ,
	"hasPower": true,
	"hasItems": true,
	"craftTime": 60,
	"updateEffect" : "plasticburn",
	"boostScale":0.05,
	"consumes": {
		"power": 0.5,
	},
	"requirements": [
		{ "item": "silicon", "amount": 20 }
		{ "item": "lead", "amount": 40 }
		{ "item": "copper", "amount": 40 }
	]
    "category": "crafting",
	"research": "multi-press",
	"drawer": {
	"type": "DrawMulti",
	"drawers": [
	 "DrawDefault",
		{
		 "type" : "DrawParticles",
		 "color" : "D86E56FF",
		 "alpha" : 0.6,
		 "particles" : 30,
		 "particleLife" : 60,
		 "particleRad" : 8,
		 "particleSize" : 2,
		 "fadeMargin" : 0.5,
		 "rotateScl" : 4,
		"reverse" : false
	},
		 "DrawFlame",
	]
},
}