{
	"type": "GenericCrafter",
	"name": "矿渣裂解矩阵",
	"description": "充分地分离矿渣液",
	"itemCapacity": 30,
	"outputLiquid": {"liquid": "工业重水","amount":0.15 },
	"outputItem": {"item": "surge-alloy","amount":2 },
	"size":4 ,
	"liquidCapacity": 100,
	"craftTime":30,
    "hasPower": true, 
    "hasItems": true,
	"hasLiquids": true,
	"solid": true,
	"outputsLiquid": true,

	"consumes": {
		"power":15,
		"liquid": {"liquid":"slag","amount":1.5,"booster":false}
	},
	"requirements": [
		{ "item": "lead", "amount": 200}
		{ "item": "titanium", "amount":220 }
		{ "item": "工业纯硅", "amount":150 }
		{ "item": "工业玻璃", "amount":100}
		{ "item": "plastanium", "amount":150 }
        { "item": "钻石晶体", "amount":100 }
        { "item": "thorium", "amount": 125 }
        { "item": "surge-alloy", "amount": 100 }
        { "item": "石英", "amount": 150 }
        { "item": "锇", "amount": 100 }
	],
	"category": "crafting",
	"research": "分子对撞机"
	"drawer": {
	"type": "DrawMulti",
	"drawers": [
		"DrawDefault",
		{
			"type" : "DrawLiquidTile",
			"drawLiquid": "slag"
		},
		{
			"type" : "DrawRegion",
			"suffix" : "-bottom"
		}
	]
}
}