{
	"type": "GenericCrafter"
	"name": "硫提取机",
	"description": "从矿渣和沙子中提取硫",
	"health":150 ,
	"itemCapacity": 50,
	"outputItem": {"item": "pyratite","amount":2 },
	"size":2,
	"hasItems": true,
	"hasPower": true,
	"boostScale":0.05,
	"craftTime": 60,
	"consumes": {
		"power": 0.8,
"liquid": {"liquid":"slag","amount":0.1,"booster":false}
		"items": {
			"items": [
                { "item": "sand", "amount": 2 }
			]
		}
	},
	"requirements": [
		{ "item": "copper", "amount": 50 }
		{ "item": "titanium", "amount":50 }
        { "item": "silicon", "amount":50 }
        { "item": "lead", "amount":50 }
	],
    "category": "crafting",
	"research": "blast-mixer",
	"drawer": {
	"type": "DrawMulti",
	"drawers": [
	 "DrawDefault",
		{
		 "type" : "DrawParticles",
		 "color" : "D86E56FF",
		 "alpha" : 0.6,
		 "particles" : 30,
		 "particleLife" : 60,
		 "particleRad" : 8,
		 "particleSize" : 2,
		 "fadeMargin" : 0.5,
		 "rotateScl" : 4,
		"reverse" : false
	},
		 "DrawFlame",
	]
},
}