{
	"type": "GenericCrafter"
	"name": "碳提取机",
	"description": "在空气中提取碳",
	"health":250 ,
	"itemCapacity": 50,
	"outputItem": {"item": "碳","amount":1 },
	"size":2 ,
	"hasPower": true,
	"hasItems": true,
	"craftTime": 30,
	"updateEffect" : "plasticburn",
	"boostScale":0.05,
	"consumes": {
		"power": 0.25,
	},
	"requirements": [
		{ "item": "silicon", "amount": 30 }
		{ "item": "lead", "amount": 30 }
		{ "item": "copper", "amount": 40 }
		{ "item": "titanium", "amount": 20 }
	]
    "category": "crafting",
	"research": "multi-press",
	"drawer": {
	"type": "DrawMulti",
	"drawers": [
	 "DrawDefault",
		{
		 "type" : "DrawParticles",
		 "color" : "D86E56FF",
		 "alpha" : 0.6,
		 "particles" : 30,
		 "particleLife" : 60,
		 "particleRad" : 8,
		 "particleSize" : 2,
		 "fadeMargin" : 0.5,
		 "rotateScl" : 4,
		"reverse" : false
	},
		 "DrawFlame",
	]
},
}