{
	"type": "GenericCrafter"
	"name": "聚能合金冶炼厂",
	"description": "高效的冶炼合金，从原材料中尽可能多的冶炼",
	"health":700 ,
	"itemCapacity": 50,
	"outputItem": {"item": "surge-alloy","amount":8 },
	"size":4 ,
	"hasPower": true,
	"hasItems": true,
    "hasLiquids": true,
	"craftTime": 60,
	"boostScale":0.05,
    "liquidCapacity": 50,
    "craftEffect":
    {"type": "MultiEffect",
	"effects": [
    {"type": "WaveEffect",
    "lifetime": 30,
    "sizeFrom":0,
    "sizeTo": 10,
    "strokeFrom":2,
    "strokeTo":0,
    "colorFrom": "ffe38e",
    "colorTo": "ffffff"},
    {"type": "WaveEffect",
    "lifetime": 35,
    "sizeFrom":0,
    "sizeTo": 15,
    "strokeFrom":3,
    "strokeTo":0,
    "colorFrom": "ffe38e",
    "colorTo": "ffffff"},
    {"type": "WaveEffect",
    "lifetime": 40,
    "sizeFrom":0,
    "sizeTo": 20,
    "strokeFrom":4,
    "strokeTo":0,
    "colorFrom": "ffe38e",
    "colorTo": "ffffff"},
    {"type": "WaveEffect",
    "lifetime": 45,
    "sizeFrom":0,
    "sizeTo": 25,
    "strokeFrom":5,
    "strokeTo":0,
    "colorFrom": "ffe38e",
    "colorTo": "ffffff"},
    ]},
    "updateEffect" : "smeltsmoke",
	"consumes": {
		"power": 12,
		"items": {
			"items": [
				{ "item": "copper", "amount": 8}
                { "item": "lead", "amount": 8}
                { "item": "titanium", "amount": 8}
                { "item": "silicon", "amount": 8}
                { "item": "石英", "amount": 5}
			]
		}
	},
	"requirements": [
		{ "item": "silicon", "amount": 120 }
		{ "item": "lead", "amount": 180 }
		{ "item": "titanium", "amount": 150 }
        { "item": "plastanium", "amount": 150 }
        { "item": "surge-alloy", "amount": 75 }
	]
    "category": "crafting",
	"research": "alloy-smelter",
	"drawer": {
	"type": "DrawMulti",
	"drawers": [
	 "DrawDefault",
		{
		 "type" : "DrawParticles",
		 "color" : "ffe38e",
		 "alpha" : 0.6,
		 "particles" : 18,
		 "particleLife" : 40,
		 "particleRad" : 10,
		 "particleSize" : 2,
		 "fadeMargin" : 0.5,
		 "rotateScl" : 5,
		"reverse" : false
	},
		 "DrawFlame",
	]
},
}