{
    "type": "GenericCrafter"
    "name": "聚能相位编制器"
    "description": "高效生产相位织物，需要更多能源"
    "health": 800,
    "itemCapacity": 50,
    "outputItem": {
        "item": "phase-fabric" 
        "amount": 6,
    }    
    "size": 4,
    "hasItems": true
    "craftTime": 40
    "updateEffect": "none"
    "consumes": {
        "power": 8
        "items": {
            "items": [
                {"item": "blast-compound" "amount": 1}
                {"item": "石英" "amount": 4}
                {"item": "thorium","amount":6}
                ]
        }
    }
    "requirements": [
        {"item": "thorium" "amount": 150}
        {"item": "lead" "amount": 150}
        {"item": "copper", "amount":175}
        {"item": "phase-fabric" "amount": 100} 
        {"item": "silicon" "amount": 150}
        {"item": "plastanium" "amount": 150}
        ]
        "category": "crafting"
	"updateEffect":"none"
        "research": "phase-weaver"
        "idleSound": "respawning"
        "idleSoundVolume": 3
        "drawer": {
	"type": "DrawMulti",
	"drawers": [
		"DrawDefault",
		{
			"type" : "DrawRegion",
			"suffix" : "-bottom"
		}
		{
			"type" : "DrawWeave",
			"suffix" : "-weave"
		}
	]
}
    }