{
	"type": "GenericCrafter"
	"name": "聚能石墨压缩机",
	"description": "高效生产石墨",
	"health":500 ,
	"itemCapacity": 50,
	"outputItem": {"item": "graphite","amount":14 },
	"size":4 ,
	"hasPower": true,
	"hasItems": true,
	"craftTime": 60,
	"boostScale":0.05,
    "craftEffect" : "formsmoke",
    "updateEffect" : "plasticburn",
	"consumes": {
		"power": 4,
        "liquid": {"liquid":"water","amount":0.5,"booster":false}
		"items": {
			"items": [
				{ "item": "coal", "amount": 16}
			]
		}
	},
	"requirements": [
		{ "item": "silicon", "amount": 125 }
		{ "item": "lead", "amount": 125 }
		{ "item": "titanium", "amount": 125 }
        { "item": "copper", "amount": 100 }
        { "item": "graphite", "amount": 80 }
	]
    "category": "crafting",
	"research": "multi-press",
}