{
	"type": "GenericCrafter"
	"name": "聚能爆炸混合器",
	"description": "高效制造爆炸混合物",
	"health":600 ,
	"itemCapacity": 50,
	"outputItem": {"item": "blast-compound","amount":4},
	"size":3 ,
	"hasPower": true,
	"hasItems": true,
	"craftTime": 60,
	"boostScale":0.05,
    "craftEffect" : "smeltsmoke",
    "updateEffect" : "smeltsmoke",
	"consumes": {
		"power": 4,
		"items": {
			"items": [
				{ "item": "pyratite", "amount": 3}
                { "item": "胶状物", "amount": 1}
			]
		}
	},
	"requirements": [
		{ "item": "silicon", "amount": 125 }
		{ "item": "lead", "amount": 100 }
		{ "item": "titanium", "amount": 150 }
        { "item": "plastanium", "amount": 100 }
        { "item": "thorium", "amount": 80 }
	]
    "category": "crafting",
	"research": "blast-mixer",
		"drawer": {
	"type": "DrawMulti",
	"drawers": [
	 "DrawDefault",
		{
		 "type" : "DrawParticles",
		 "color" : "D86E56FF",
		 "alpha" : 0.6,
		 "particles" : 30,
		 "particleLife" : 60,
		 "particleRad" : 8,
		 "particleSize" : 2,
		 "fadeMargin" : 0.5,
		 "rotateScl" : 4,
		"reverse" : false
	},
		 "DrawFlame",
	]
},
}