{
	"type": "GenericCrafter"
	"name": "聚能玻璃冶炼厂",
	"description": "聚能玻璃 效率惊人",
	"health":500 ,
	"itemCapacity": 50,
	"outputItem": {"item": "metaglass","amount":12 },
	"size":3,
	"hasItems": true,
	"hasPower": true,
	"craftTime": 60,
	"boostScale":0.05,
	"consumes": {
		"power": 5,
"liquid": {"liquid":"cryofluid","amount":0.1,"booster":false}
		"items": {
			"items": [
                { "item": "surge-alloy", "amount": 1 }
                { "item": "石英", "amount": 4 }
			]
		}
	},
	"requirements": [
		{ "item": "titanium", "amount":100 }
        { "item": "thorium", "amount":70 }
        { "item": "silicon", "amount":70 }
        { "item": "lead", "amount":120 }
        { "item": "metaglass", "amount":100}
        { "item": "plastanium", "amount": 50 }
	],
    "category": "crafting",
	"research": "silicon-crucible",
	"drawer": {
	"type": "DrawMulti",
	"drawers": [
	 "DrawDefault",
		{
		 "type" : "DrawParticles",
		 "color" : "D86E56FF",
		 "alpha" : 0.6,
		 "particles" : 30,
		 "particleLife" : 60,
		 "particleRad" : 8,
		 "particleSize" : 2,
		 "fadeMargin" : 0.5,
		 "rotateScl" : 4,
		"reverse" : false
	},
		 "DrawFlame",
	]
},
}