{
	"type": "GenericCrafter"
	"name": "蔚盐冶炼厂",
	"description": "冶炼蔚盐",
	"health":800 ,
	"itemCapacity": 50,
	"outputItem": {"item": "蔚盐","amount":2 },
	"size":4,
	"hasItems": true,
	"boostScale":0.05,
    "liquidCapacity": 50,
	"craftEffect": {
	"type": "MultiEffect"
        "lifetime": 45
        "effects": [
          {
            "type": "WaveEffect"
            "sizeFrom": 0
            "sizeTo": 25
            "lifetime": 45
            "sides":4
            "rotation":45
            "colorFrom": "6586B0FF"
            "colorTo": "FFFFFFFF"
            "strokeFrom": 2
            "strokeTo": 0
          }
          {
            "type": "WaveEffect"
            "sizeFrom": 0
            "sizeTo": 25
            "lifetime": 45
            "sides":4
            "rotation":0
            "colorFrom": "6586B0FF"
            "colorTo": "FFFFFFFF"
            "strokeFrom": 2
            "strokeTo": 0
          }
        ]
      }
     " updateEffect" : "plasticburn",
	"craftTime": 60,
	"consumes": {
		"power": 6,
"liquid": {"liquid":"cryofluid","amount":0.4,"booster":false}
		"items": {
			"items": [
                { "item": "蓝钻", "amount": 6 }
                { "item": "钻石晶体", "amount": 4 }
                { "item": "钾盐", "amount": 6 }
			]
		}
	},
	"requirements": [
		{ "item": "copper", "amount": 120 }
		{ "item": "titanium", "amount":140 }
        { "item": "thorium", "amount":140 }
        { "item": "silicon", "amount":150 }
        { "item": "工业玻璃", "amount":120 }
        { "item": "plastanium", "amount":120 }
        { "item": "石英", "amount":120 }
        { "item": "蓝钻", "amount":120 }
        { "item": "碳钢", "amount":60 }
	],
    "category": "crafting",
	"research": "blast-mixer",
	"drawer": {
	"type": "DrawMulti",
	"drawers": [
	 "DrawDefault",
		{
		 "type" : "DrawParticles",
		 "color" : "6586B0FF",
		 "alpha" : 0.6,
		 "particles" : 30,
		 "particleLife" : 60,
		 "particleRad" : 8,
		 "particleSize" : 2,
		 "fadeMargin" : 0.5,
		 "rotateScl" : 4,
		"reverse" : false
	},
		 "DrawFlame",
	]
},
}