{
	"type": "GenericCrafter",
	"name": "钻石流体混合器",
	"description": "用冷冻液和钻石晶体制成钻石流体",
	"itemCapacity": 20,
	"outputLiquid": {"liquid": "钻石流体","amount":0.1 },
	"size":3 ,
	"liquidCapacity": 100,
	"craftTime":60,
    "hasPower": true, 
    "hasItems": true,
	"hasLiquids": true,
	"outputsLiquid": true,
	"consumes": {
		"power":15,
		"liquid": {"liquid":"cryofluid","amount":1,"booster":false}
"items": {
			"items": [
			{ "item": "钻石晶体", "amount": 1 }
			]
		}
	},
	"requirements": [
		{ "item": "lead", "amount": 225}
		{ "item": "titanium", "amount":200 }
		{ "item": "silicon", "amount":250 }
		{ "item": "metaglass", "amount":175}
		{ "item": "plastanium", "amount":150 }
        { "item": "蓝钻", "amount":125 }
        { "item": "thorium", "amount": 125 }
        { "item": "surge-alloy", "amount": 75 }
	],
	"category": "crafting",
	"research": "cryofluid-mixer"
	"drawer": {
	"type": "DrawMulti",
	"drawers": [
		"DrawDefault",
		{
			"type" : "DrawLiquidTile",
			"drawLiquid": "钻石流体"
		},
		{
			"type" : "DrawRegion",
			"suffix" : "-bottom"
		}
	]
}
}