{
	"type": "GenericCrafter"
	"name": "钾盐提炼厂",
	"description": "提炼钾盐",
	"health":800 ,
	"itemCapacity": 50,
	"outputItem": {"item": "钾盐","amount":4 },
	"size":3,
	"hasItems": true,
	"boostScale":0.05,
    "liquidCapacity": 50,
	"craftEffect": {
	"type": "MultiEffect"
        "lifetime": 25
        "effects": [
          {
            "type": "WaveEffect"
            "sizeFrom": 0
            "sizeTo": 20
            "lifetime": 25
            "sides":4
            "rotation":45
            "colorFrom": "E1F0FFFF"
            "colorTo": "FFFFFFFF"
            "strokeFrom": 3
            "strokeTo": 0
          }
          {
            "type": "WaveEffect"
            "sizeFrom": 0
            "sizeTo": 20
            "lifetime": 25
            "sides":4
            "rotation":0
            "colorFrom": "E1F0FFFF"
            "colorTo": "FFFFFFFF"
            "strokeFrom": 3
            "strokeTo": 0
          }
        ]
      }
     " updateEffect" : "plasticburn",
	"craftTime": 30,
	"consumes": {
		"power": 1.2,
"liquid": {"liquid":"water","amount":0.2,"booster":false}
		"items": {
			"items": [
                { "item": "sand", "amount": 4 }
                { "item": "碳", "amount": 2 }
			]
		}
	},
	"requirements": [
		{ "item": "titanium", "amount":50 }
        { "item": "silicon", "amount":40 }
        { "item": "lead", "amount":60 }
	],
    "category": "crafting",
	"research": "spore-press",
	"drawer": {
	"type": "DrawMulti",
	"drawers": [
	 "DrawDefault",
		{
		 "type" : "DrawParticles",
		 "color" : "E1F0FFFF",
		 "alpha" : 0.6,
		 "particles" : 30,
		 "particleLife" : 60,
		 "particleRad" : 8,
		 "particleSize" : 2,
		 "fadeMargin" : 0.5,
		 "rotateScl" : 4,
		"reverse" : false
	},
		 "DrawFlame",
	]
},
}