{
	"type":"GenericSmelter",
	"name":"大型核弹工厂",
	"description":"制作大型核弹",
	"size":5,
	"flameColor":"ADFF2F",
	"outputItem":
		{"item":"Ahd","amount":1},
	"consumes":{
		"power":100.0,
		"items":{
			"items":[
				{"item":"H2","amount":50},
				{"item":"C90","amount":40},
				{"item":"missile3","amount":30},
				{"item":"missile4","amount":20},
				{"item":"missile5","amount":10},
				{"item":"missile6","amount":5},
				{"item":"missile7","amount":1}
			]
		}
	},
	"requirements":[
		{"item":"Ti+","amount":200},
		{"item":"C60","amount":100},
		{"item":"xvx-ai","amount":10}
	],
	"hasItems":true,
	"craftTime":600,
	"health":4000,
	"itemCapacity":50,
	"research":"Bhd-Plant",
	"category":"crafting"
}