{
	"type":"GenericSmelter",
	"name":"穿甲弹生产工厂",
	"description":"生产穿甲弹",
	"size":2,
	"flameColor":"FFFFFF",
	"outputItem":
		{"item":"ammo2","amount":3},
	"consumes":{
		"power":10.0,
		"items":{
			"items":[
				{"item":"C60","amount":1},
				{"item":"Fe","amount":2},
				{"item":"C90","amount":3}
			]
		}
	},
	"requirements":[
		{"item":"Fe","amount":450},
		{"item":"Mg","amount":200},
		{"item":"Al","amount":180}
	],
	"hasItems":true,
	"craftTime":180,
	"health":1200,
	"itemCapacity":50,
	"research":"ammo-Plant",
	"category":"crafting"
}