{
	"type":"GenericSmelter",
	"name":"病毒研究站",
	"description":"研究病毒",
	"size":4,
	"flameColor":"ADFF2F",
	"outputItem":
		{"item":"bd","amount":6},
	"consumes":{
		"power":25.0,
		"items":{
			"items":[
				{"item":"xvx-nqwz","amount":6},
				{"item":"U","amount":25},
				{"item":"O2","amount":65}
			]
		}
	},
	"requirements":[
		{"item":"Fe-C","amount":500},
		{"item":"Mg-Al","amount":350},
		{"item":"xvx-ai","amount":10}
	],
	"hasItems":true,
	"craftTime":60,
	"health":1200,
	"itemCapacity":200,
	"research":"xvx-ai-Plant",
	"category":"crafting"
}