{
	"type":"GenericSmelter",
	"name":"氘弹弹制造厂",
	"description":"制造氢弹弹头",
	"size":4,
	"flameColor":"FFFFFF",
	"outputItem":
		{"item":"bomb3","amount":1},
	"consumes":{
		"power":80.0,
		"items":{
			"items":[
				{"item":"Hd","amount":5},
				{"item":"bomb","amount":1},
				{"item":"Mg-Al","amount":20}
			]
		}
	},
	"requirements":[
		{"item":"Fe-C","amount":1500},
		{"item":"Ti+","amount":900}
	],
	"hasItems":true,
	"craftTime":3600,
	"health":4200,
	"itemCapacity":50,
	"research":"bomb2-Plant",
	"category":"crafting"
}