{
	"type":"GenericSmelter",
	"name":"氕弹弹制造厂",
	"description":"制造氢弹弹头",
	"size":4,
	"flameColor":"FFFFFF",
	"outputItem":
		{"item":"bomb2","amount":1},
	"consumes":{
		"power":70.0,
		"items":{
			"items":[
				{"item":"Hp","amount":5},
				{"item":"bomb","amount":1},
				{"item":"Mg-Al","amount":5}
			]
		}
	},
	"requirements":[
		{"item":"Fe-C","amount":1500},
		{"item":"Ti+","amount":900}
	],
	"hasItems":true,
	"craftTime":2700,
	"health":3800,
	"itemCapacity":50,
	"research":"bomb-Plant",
	"category":"crafting"
}