{
	"localizedName": "导弹战机升级平台",
	"description": "发射导弹,还能冲刺发射激光的机甲",
	"size": 3,
	"consumes": {
		"power": 25.0
	},
	"category": "upgrade",
	"research": "blade-ship-pad",
	"requirements": [
		{ "item": "W", "amount":13500},
		{ "item": "ghbl", "amount":11000},
		{ "item": "C60", "amount":8500},
		{ "item": "Mg-Al", "amount":6500},
		{ "item": "Ti+", "amount":4500},
		{ "item": "Pu", "amount":3000},
		{ "item": "xvx-ai", "amount":350}
	]
}