{
	"type": "ThermalGenerator",
	"name": "三级地热发电机",
	"description": "三级地热发电,后期够用",
	"size": 8,
	"hasPower": true,
	"generateEffect":"redgeneratespark",
	"powerProduction": 1500,
	"health":25000,
	"requirements": [
		{"item":"W","amount":80000},
		{"item":"ghbl","amount":75000},
		{"item":"Fe-C","amount":70000},
		{"item":"Mg-Al","amount":65000},
		{"item":"Ti+","amount":60000},
		{"item":"xvx-ai","amount":5500},
		{"item":"xvx-nqwz","amount":500}
	],
	"attribute":"heat",
	"category": "power",
	"research": "dr2"
}
