{
	"name": "大型铁制钻头",
	"description": "1级钻头",
	"type": "Drill",
	"size": 4,
	"tier": 5,
	"drillTime":30,
	"drillEffect":"formsmoke",	
	"drawMineItem":true,
	"liquidBoostIntensity":5.5,
	"drawRim":true,
	"itemCapacity":50,
	"liquidCapacity":80,
	"rotateSpeed":5.6,
	"warmupSpeed":0.02,
	"research":"drill-z",
	"consumes": {
		"power": 8.0,
		"liquid": {"liquid":"O2y","amount":0.0008,"optional":true}
	},
	"requirements": [
		{ "item": "Fe", "amount":700}
	],
	"category": "production"
}