{
    "type": "GenericSmelter",
    "name": "反质量工厂",
    "description": "生产反质量材料",
    "size": 8,
    "outputItem": {
        "item": "Inverse-mass",
        "amount": 1
    },
    "consumes": {
        "power": 10000
    },
    "requirements": [
        {
            "item": "Fe-C",
            "amount": 12500
        },
        {
            "item": "Mg-Al",
            "amount": 6000
        },
        {
            "item": "xvx-ai",
            "amount": 4
        },
        {
            "item": "C60",
            "amount": 650
        }
    ],
    "hasItems": true,
    "craftTime": 3600,
    "health": 1680,
    "itemCapacity": 30,
    "research": "xvx-ai-Plant",
    "category": "crafting"
}