{
	"type": "GenericSmelter",
	"name": "氢气液化机",
	"description": "形态转化液态", 
	"itemCapacity":50,
	"liquidCapacity":250,
	"outputLiquid": {"liquid": "H2y", "amount":1},
	"size":2,
	"health":700,
	"hasPower": true,
	"hasLiquids": true,
	"hasItems": true,
	"craftTime":10,
	"consumes": {
		"power":2.0,
		"items":{
			"items":[
				{"item":"H2","amount":1}
			]
		}
	},
	"requirements": [
		{"item":"Mg","amount":200},
		{"item":"Al","amount":500}
	],
	"category": "crafting",		
	"research":"H-Plant"
}