{
	"type":"ForceProjector",
	"name":"电磁震荡盾",
	"health":650,
	"size":1,
	"radius":125,
	"breakage":1,
	"phaseUseTime":120,
	"phaseRadiusBoost":75,
	"cooldownNormal":9,
	"cooldownLiquid":17.5,
	"cooldownBrokenBase":3.5,
	"basePowerDraw":19.5,
	"consumes":{
		"power":35.0,
		"items":{
			"items":[
				{"item":"ghbl","amount":1}
			],
			"booster":true,
			"optional":true
		}
	}
	"requirements":[
		{"item":"Mg-Al","amount":150},
		{"item":"C60","amount":20},
		{"item":"Ti+","amount":35},
		{"item":"W","amount":250},
	],
	"itemCapacity":100,
	"research": "C60-Plant",
	"category": "effect"
}