{
	"name":"航母空舰建造台",
	"description":"放下开始建造航母空舰",
	"size": 8,
	"requirements": [
		{ "item": "W", "amount":20000},
		{ "item": "ghbl", "amount":16700},
		{ "item": "Fe-C", "amount":13500},
		{ "item": "Mg-Al", "amount":8400},
		{ "item": "C60", "amount":5600},
		{ "item": "Ti+", "amount":2500},
		{ "item": "xvx-ai", "amount":750},
		{ "item": "xvx-nqwz", "amount":250},
		{ "item": "Inverse-mass", "amount":35}
	],
	"buildCostMultiplier":0.3,
	"category":"units",
	"buildVisibility":"shown",
	"research": "p-hmz",
	"rebuildable":false,
	"update":true
}

