{
	"type": "GenericSmelter",
	"name": "冰液制作器",
	"description": "把冰块制作生成冰液", 
	"itemCapacity":50,
	"liquidCapacity":500,
	"outputLiquid": {"liquid": "Wa", "amount":10},
	"size":2,
	"health":500,
	"hasPower": true,
	"hasLiquids": true,
	"hasItems": true,
	"craftTime":1,
	"consumes": {
		"power":1.0,
		"items":{
			"items":[
				{"item":"ice","amount":1}
			]
		}
	},
	"requirements": [
		{"item":"Mg","amount":200},
		{"item":"Al","amount":80}
	],
	"category": "crafting",		
	"research":"ice-z"
}