{
	"type": "GenericSmelter",
	"name": "加热器",
	"description": "把冰块加热生成水", 
	"itemCapacity":50,
	"liquidCapacity":500,
	"outputLiquid": {"liquid": "water", "amount":18},
	"size":2,
	"health":500,
	"hasPower": true,
	"hasLiquids": true,
	"hasItems": true,
	"craftTime":30,
	"consumes": {
		"power":2.0,
		"items":{
			"items":[
				{"item":"ice","amount":1}
			]
		}
	},
	"requirements": [
		{"item":"Mg","amount":250},
		{"item":"Al","amount":100}
	],
	"category": "crafting",		
	"research":"ice-z"
}