{
    "type": "NuclearReactor",
    "name": "猫碳发电机二型",
    "description": "用大量精炼猫碳发电",
    "size": 6,
    "consumes": {
		"liquid":{"liquid":"Wa","amount":1},
        "items": {
            "items": [
                {"item": "C902","amount": 2}
            ]
        }
    },
    "requirements": [
        {"item": "C60","amount": 500},
        {"item": "Mg-Al","amount": 1400},
        {"item": "Ti+","amount": 700},
        {"item": "xvx-ai","amount": 1}
    ],
    "health":15000,
    "hotColor":"FF3030",
	"lightColor":"7f19ea",
	"liquidCapacity":500,
    "powerProduction":1850,
    "itemDuration":60,
    "itemCapacity":250,
	"canOverdrive":false,
    "hasItems": true,
	"heating":0.01,
	"smokeThreshold":0.5,
	"flashThreshold":0.75,
	"coolantPower":1,
    "research": "KZ-0",
	"explosionRadius":600,
	"explosionDamage":3500,
	"baseExplosiveness":500,
    "category": "power"
}