{
	"localizedName": "三阶电池",
	"size": 6,
	"description": "化学电池的储能能力非常有限，而且极不稳定，这种电池利用运动来储存能量",
	"hasPower": true,
	"outputsPower": true,
	"consumesPower": true,
	"hasItems": false,
	"itemCapacity": 0,
	"canOverdrive": false,
	"health": 8000,
	"idleSound": "none",
	"group": "power",
	"consumes": {
		"powerBuffered": 18888888
	},
	"category": "power",
	"research": "power-dc-z",
	"requirements": [
		{"item":"Mg-Al","amount":6000},
		{"item":"Fe-C","amount":10000},
		{"item":"Ti+","amount":5000},
		{"item":"Fe","amount":100000}
	]
}