{
	"type":"GenericSmelter",
	"name":"脏弹导弹装配厂",
	"description":"为弹道导弹装配脏弹头",
	"size":5,
	"flameColor":"FFFFFF",
	"outputItem":
		{"item":"missile7","amount":1},
	"consumes":{
		"power":55.5,
		"items":{
			"items":[
				{"item":"bomb4","amount":1},
				{"item":"O2","amount":40},
				{"item":"missile3","amount":1}
			]
		}
	},
	"requirements":[
		{"item":"Fe","amount":750},
		{"item":"Mg","amount":400},
		{"item":"Al","amount":400}
	],
	"hasItems":true,
	"craftTime":2400,
	"health":3200,
	"itemCapacity":100,
	"research":"bomb4-Plant",
	"category":"crafting"
}