{
	"type":"GenericSmelter",
	"name":"氘弹导弹装配厂",
	"description":"为弹道导弹装配氘弹头",
	"size":5,
	"flameColor":"FFFFFF",
	"outputItem":
		{"item":"missile6","amount":1},
	"consumes":{
		"power":45.5,
		"items":{
			"items":[
				{"item":"bomb3","amount":1},
				{"item":"O2","amount":30},
				{"item":"missile3","amount":1}
			]
		}
	},
	"requirements":[
		{"item":"Fe","amount":450},
		{"item":"Mg","amount":300},
		{"item":"Al","amount":300}
	],
	"hasItems":true,
	"craftTime":1200,
	"health":3000,
	"itemCapacity":50,
	"research":"bomb3-Plant",
	"category":"crafting"
}