{
	"type":"Cultivator",
	"name":"大型煤炭提取厂",
	"description":"从地底提取石油,转化而成",
	"size":5,
	"outputItem":
		{"item":"coal","amount":85},
	"consumes":{
		"power":55.0
	},
	"requirements":[
		{"item":"Fe-C","amount":2300}
		{"item":"Mg-Al","amount":1200}
		{"item":"ghbl","amount":2800}
	],
	"hasItems":true,
	"hasLiquids":false,
	"recurrence":10,
	"craftEffect":"purifyoil",
	"craftTime":95,
	"health":2600,
	"itemCapacity":1500,
	"category":"crafting",
	"research":"mt-Plant"
}