{
	"type": "GenericSmelter",
	"name": "氧气液化机",
	"description": "形态转化液态", 
	"itemCapacity":50,
	"liquidCapacity":250,
	"outputLiquid": {"liquid": "O2y", "amount":1},
	"size":2,
	"health":1000,
	"hasPower": true,
	"hasLiquids": true,
	"hasItems": true,
	"craftTime":10,
	"consumes": {
		"power":4.0,
		"items":{
			"items":[
				{"item":"O2","amount":1}
			]
		}
	},
	"requirements": [
		{"item":"Mg","amount":550},
		{"item":"Al","amount":1000}
	],
	"category": "crafting",		
	"research":"H-Plant"
}