{
	"localizedName": "响尾蛇号战甲升级平台",
	"description": "发射S型路线导弹,附带普通子弹还有散射激光进行火力覆盖的大型机甲",
	"size": 5,
	"consumes": {
		"power": 35.0
	},
	"category": "upgrade",
	"research": "claymore-ship-pad",
	"requirements": [
		{ "item": "W", "amount":20000},
		{ "item": "ghbl", "amount":17000},
		{ "item": "C60", "amount":12500},
		{ "item": "Mg-Al", "amount":8900},
		{ "item": "Ti+", "amount":6300},
		{ "item": "xvx-ai", "amount":650},
		{ "item": "xvx-nqwz", "amount":75}
	]
}