{
	"name": "歼灭者生产工厂",
	"description": "生产歼灭者",
	"type": "UnitFactory",
	"unitType": "jmz",
	"size":3,
	"maxSpawn":20,
	"produceTime":360,
	"hasItems":true,
	"hasPower":true,
	"hasLiquids":false,
	"itemCapacity":150,
	"consumes": {
		"power":5.5,
		"items":{
			"items":[
				{"item":"xvx-ai","amount":5},
				{"item":"Ti+","amount":65}
				{"item":"C60","amount":75},
			]
		}
	},
	"category": "units",
	"research": "p-yqb",
	"requirements": [
		{ "item": "C60", "amount":100},
		{ "item": "Mg-Al", "amount":750},
		{ "item": "Ti+", "amount":800},
		{ "item": "xvx-ai", "amount":20}
	]
}