{
	"name": "死神生产工厂",
	"description": "生产死神",
	"type": "UnitFactory",
	"unitType": "reaper",
	"size":5,
	"maxSpawn":5,
	"produceTime":480,
	"hasItems":true,
	"hasPower":true,
	"hasLiquids":false,
	"itemCapacity":150,
	"consumes": {
		"power":7.5,
		"items":{
			"items":[
				{"item":"xvx-ai","amount":5},
				{"item":"plastanium","amount":50},
				{"item":"surge-alloy","amount":75},
				{"item":"Ti+","amount":30}
			]
		}
	},
	"category": "units",
	"research": "p-sg",
	"requirements": [
		{ "item": "surge-alloy", "amount":2000},
		{ "item": "titanium", "amount":9000},
		{ "item": "plastanium", "amount":6500}
	]
}