{
	"type":"GenericSmelter",
	"name":"核聚变塑钢厂",
	"description":"别人家的塑钢厂",
	"size":3,
	"outputItem":
		{"item":"plastanium","amount":5},
	"consumes":{
		"power":3.0,
		"items":{
			"items":[
				{"item":"titanium","amount":2},
				{"item":"thorium","amount":2},
				{"item":"coal","amount":5}
				]
			}
		},
	"requirements":[
		{"item":"copper","amount":750},
		{"item":"lead","amount":500},
		{"item":"titanium","amount":200},
		{"item":"silicon","amount":150}
		],
	"craftTime":60,
	"health":900,
	"itemCapacity":50,
	"research":"plastanium-compressor",
	"category":"upgrade"
}