{
	"type":"GenericSmelter",
	"name":"钚精炼厂",
	"description":"提炼钚-239",
	"size":4,
	"outputItem":
		{"item":"Pu-239","amount":2},
	"consumes":{
		"power":10.5,
		"items":{
			"items":[
				{"item":"Pu","amount":5}
			]
		}
	},
	"requirements":[
		{"item":"Fe-C","amount":1250},
		{"item":"Mg-Al","amount":800},
		{"item":"Ti+","amount":600}
	],
	"hasItems":true,
	"craftTime":260,
	"health":2200,
	"itemCapacity":30,
	"research":"Pu-Plant",
	"category":"crafting"
}