{
	"type": "Separator",
	"name": "深层核心采矿机",
	"description": "挖入深层采集矿物",
    "health":14000,
	"itemCapacity":8000,
	"size":8,
	"liquidCapacity":1500,
	"hasItems":true,
	"hasPower":true,
	"hasLiquids":true,
	"craftTime":0.01,
	"spinnerLength":9,
	"spinnerRadius":20,
	"spinnerThickness":1,
	"spinnerSpeed":0.5,
	"drillEffect":"commandSend",
	"consumes": {
		"power":15.0,
		"liquid": {"liquid":"water","amount":0.35,"booster":true}
	},
    "results": [
        { "item": "Al", "amount":170},
		{ "item": "k-Al", "amount":85},
        { "item": "Fe", "amount":130},
		{ "item": "k-Fe", "amount":65},
		{ "item": "Mg", "amount":50},
		{ "item": "k-Mg", "amount":25},
		{ "item": "U", "amount":2}
		{ "item": "k-U", "amount":1},
    ],
	"requirements": [
		{"item":"copper","amount":170},
		{"item":"lead","amount":135},
		{"item":"graphite","amount":75},
		{"item":"titanium","amount":50},
		{"item":"silicon","amount":35},
		{"item":"plastanium","amount":15},
		{"item":"surge-alloy","amount":5}
	],
	"category": "production",
	"research":"alloy-smelter"
}