{
	"type":"GenericSmelter",
	"name":"工业硅精炼厂",
	"description":"别人家的硅厂",
	"size":3,
	"outputItem":
		{"item":"silicon","amount":3},
	"consumes":{
		"power":3.0,
		"items":{
			"items":[
				{"item":"coal","amount":2},
				{"item":"sand","amount":3}
				]
			}
		},
	"requirements":[
		{"item":"copper","amount":750},
		{"item":"lead","amount":500},
		{"item":"titanium","amount":200},
		{"item":"silicon","amount":150}
		],
	"craftTime":40,
	"health":900,
	"itemCapacity":50,
	"research":"silicon-smelter",
	"category":"upgrade"
}