{
	"localizedName": "熔毁激光机甲升级平台",
	"description": "发射两束熔毁激光的大型武器机甲升级平台",
	"size": 5,
	"consumes": {
		"power": 35.0
	},
	"category": "upgrade",
	"research": "halberd-ship-pad",
	"requirements": [
		{ "item": "W", "amount":26000},
		{ "item": "ghbl", "amount":21000},
		{ "item": "C60", "amount":16500},
		{ "item": "Mg-Al", "amount":12000},
		{ "item": "Ti+", "amount":7900},
		{ "item": "xvx-ai", "amount":850},
		{ "item": "xvx-nqwz", "amount":85}
	]
}