{
	"requirements": [
		{ "item": "W", "amount":650},
		{ "item": "ghbl", "amount":360},
		{ "item": "Fe-C", "amount":240},
		{ "item": "Mg-Al", "amount":180},
		{ "item": "C60", "amount":70},
		{ "item": "Ti+", "amount":70},
		{ "item": "xvx-ai", "amount":10}
	],
	"category":"distribution",
	"research": "zq",
	"buildVisibility":"shown",
	"itemCapacity":350,
	"health":1500,
	"update":true,
    "solid":true,
    "posConfig":true,
    "configurable":true,
    "hasItems":true,
    "hasPower":true,
    "outlineIcon":true
}