{
	"type":"GenericSmelter",
	"name":"大型铀精炼厂",
	"description":"提炼铀-235",
	"size":4,
	"outputItem":
		{"item":"U-235","amount":3},
	"consumes":{
		"power":11.5,
		"items":{
			"items":[
				{"item":"U","amount":11}
			]
		}
	},
	"requirements":[
		{"item":"Fe-C","amount":2550},
		{"item":"Mg-Al","amount":1820},
		{"item":"Ti+","amount":960}
	],
	"hasItems":true,
	"craftTime":180,
	"health":2600,
	"itemCapacity":100,
	"research":"U-235-Plant",
	"category":"crafting"
}