{
	"type":"GenericSmelter",
	"name":"燃烧弹加工厂",
	"description":"制作燃烧弹",
	"size":4,
	"outputItem":
		{"item":"W-1","amount":1},
	"consumes":{
		"power":10.0,
		"items":{
			"items":[
				{"item":"W","amount":35},
				{"item":"C90","amount":50}
			]
		}
	},
	"requirements":[
		{"item":"Mg-Al","amount":800},
		{"item":"Fe-C","amount":1000}
	],
	"hasItems":true,
	"craftTime":240,
	"health":2000,
	"itemCapacity":100,
	"research":"C90-Plant",
	"category":"crafting"
}