{
	"name":"超级修复投影仪",
	"description":"超级版",
	"type":"MendProjector",
	"health":3000,
	"size":2,
	"range":220,
	"reload":300,
	"color":"008B00",
	"phase":"00EE00",
	"healPercent":80,
	"phaseBoost":120,
	"phaseRangeBoost":45,
	"useTime":300,
	"hasItems":true,
	"hasPower":true,
	"hasLiquids":true,
	"liquidCapacity":80,
	"consumes":{
		"power":12.0,
		"liquid": {
			"liquid":"yj", 
			"amount":0.06,
			"optional":true,
			"booster":true
		}
	},
	"requirements": [
		{"item":"Mg-Al","amount":800},
		{"item":"Fe-C","amount":1500},
		{"item":"Ti+","amount":500},
		{"item":"U-235","amount":100}
	],
	"research": "U-235-Plant",
	"category": "effect"
}