{
	"name":"[red]修复墙",
	"description":"可以自己修复回血的墙",
	"type":"MendProjector",
	"health":20000,
	"size":3,
	"range":10,
	"reload":1,
	"color":"9F79EE",
	"phase":"9F79EE",
	"healPercent":1,
	"phaseBoost":0,
	"phaseRangeBoost":0,
	"hasItems":false,
	"hasPower":false,
	"hasLiquids":false,
	"requirements": [
		{"item":"Mg-Al","amount":2500},
		{"item":"Fe-C","amount":3000},
		{"item":"Ti+","amount":1000},
		{"item":"xvx-ai","amount":30},
		{"item":"xvx-nqwz","amount":15},
		{"item":"U-235","amount":80}
	],
	"research": "xfq-z",
	"category": "defense"
}