{
	"name":"小型修复墙",
	"description":"可以自己修复回血的墙",
	"type":"MendProjector",
	"health":3000,
	"size":1,
	"range":3,
	"reload":30,
	"color":"9F79EE",
	"phase":"9F79EE",
	"healPercent":1,
	"phaseBoost":0,
	"phaseRangeBoost":0,
	"hasItems":false,
	"hasPower":false,
	"hasLiquids":false,
	"requirements": [
		{"item":"Mg-Al","amount":100},
		{"item":"Fe-C","amount":200},
		{"item":"Ti+","amount":50},
		{"item":"xvx-ai","amount":3},
		{"item":"xvx-nqwz","amount":1},
		{"item":"U-235","amount":10}
	],
	"research": "U-235-Plant",
	"category": "defense"
}