{
	"name": "矿物机生产工厂",
	"description": "生产矿机",
	"type": "UnitFactory",
	"unitType": "xvx-kwj",
	"size":2,
	"maxSpawn":20,
	"produceTime":60,
	"hasItems":true,
	"hasPower":true,
	"hasLiquids":false,
	"itemCapacity":50,
	"consumes": {
		"power":5.0,
		"items":{
			"items":[
				{"item":"xvx-ai","amount":1},
				{"item":"Ti+","amount":10}
			]
		}
	},
	"category": "units",
	"research": "xvx-ai-Plant",
	"requirements": [
		{ "item": "C60", "amount":50},
		{ "item": "Mg-Al", "amount":500},
		{ "item": "xvx-ai", "amount":5},
	]
}