{
	"type":"BurstTurret",
	"name":"哨塔",
    "description":"普通的防御塔",
	"size":3,
	"health":2000,
	"ammoPerShot":1,
	"range":200,
	"reload":8,
	"inaccuracy":1.5,
	"shots":1,
	"rotatespeed":3,
	"maxAmmo":100,
	"targetAir":true,
	"targetGround":true,
	"coolantMultiplier":10,
	"burstSpacing":10,
	"heatColor":"ff9b59",
	"ammo":{
		"ammo":{
			"type":"BasicBulletType",
			"bulletWidth":5,
			"bulletHeight":15,
			"speed":6,
			"damage":75,
			"ammoMultiplier":1,
			"inaccuracy":0,
			"hitSize":5,
			"collidesTiles":true,
			"collidesTeam":false,
			"collidesAir":true,
			"collides":true,
			"keepVelocity":true
		},
		"ammo2":{
			"type":"BasicBulletType",
			"bulletWidth":8,
			"bulletHeight":20,
			"speed":6.3,
			"damage":200,
			"ammoMultiplier":1,
			"inaccuracy":0,
			"hitSize":8,
			"collidesTiles":true,
			"collidesTeam":false,
			"collidesAir":true,
			"collides":true,
			"keepVelocity":true
		}
	}
	"requirements": [
		{ "item":"Fe","amount":700},
		{ "item":"Al","amount":800},
		{ "item":"Mg","amount":400}
	],
	"category": "turret",
	"research": "C90-Plant"
}