{
	"name": "建造机生产工厂",
	"description": "拆迁队",
	"type": "UnitFactory",
	"unitType": "xvx-jzj",
	"size":2,
	"maxSpawn":10,
	"produceTime":60,
	"hasItems":true,
	"hasPower":true,
	"hasLiquids":false,
	"itemCapacity":50,
	"consumes": {
		"power":5.0,
		"items":{
			"items":[
				{"item":"xvx-ai","amount":3},
				{"item":"Ti+","amount":25},
			]
		}
	},
	"category": "units",
	"research": "xvx-wxj-Plant",
	"requirements": [
		{ "item": "C60", "amount":200},
		{ "item": "Mg-Al", "amount":1200},
		{ "item": "xvx-ai", "amount":10},
	]
}