{
	"type":"BurstTurret",
	"name":"浮游炮",
	"description":"浮游炮",
	"burstSpacing":240,
	"health":5000,
	"size":4,
	"reload":120,
	"shots":5,
	"range":50000,
	"coolantmultiplier":10,
	"coolEffect":"freezing",
	"inaccuracy":0,
	"rotatespeed":2.5,
	"ammo": {
		"fy": {
			"speed":6.8,
			"type": "MissileBulletType",
			"bulletSprite":"[#adff2f]核威慑-fyx",
			"homingPower": 0,
            "homingRange": 0,
			"bulletShrink":0,
			"keepVelocity":false,
			"collidesTiles":true,
	        "collidesAir":true,
	        "collides":true,
	        "pierce":false,
			"knockback":100,
			"lifetime":600,
			"damage":250,
			"bulletWidth":15,
			"bulletHeight":15,
			"hitSize":15,
			"status":"melting",
			"statusDuration":600,
			"hitEffect":"blastExplosion",
			"despawnEffect":"plasticExplosionFlak",
			"shootEffect": "formsmoke",
			"smokeEffect": "formsmoke",
			"splashDamageRadius":50,
	        "splashDamage":100,
			"frontColor":"63B8FF",
			"backColor":"FF0000",
			"trailColor":"63B8FF",
			"fragBullets":5,
			"fragVelocityMin":1,
			"fragVelocityMax":1,
			"fragBullet":{
			"type":"MissileBulletType",
				"bulletSprite":"[#adff2f]核威慑-fyx",
				"hitEffect":"blastExplosion",
				"despawnEffect":"plasticExplosionFlak",
				"shootEffect": "formsmoke",
				"smokeEffect": "formsmoke",
				"bulletShrink":0.1,
				"keepVelocity":false,
				"collidesTiles":true,
				"collidesAir":true,
				"collides":true,
				"pierce":true,
				"speed":3,
				"lifetime":300,
				"hitSize":5,
				"bulletWidth":5,
				"bulletHeight":5,
				"damage":5,
				"splashDamageRadius":50,
				"splashDamage":1,
				"homingPower":99999,
				"homingRange":50000,
				"status":"melting",
				"statusDuration":240,
				"backColor":"63B8FF",			
				"frontColor":"63B8FF",
				"trailColor":"63B8FF"
			}
		}
	},
	"requirements": [
		{ "item": "Ti+", "amount": 320 }
        { "item": "C60", "amount": 110 }
		{ "item": "Mg-Al", "amount": 580 }
		{ "item": "xvx-ai", "amount": 1 }
	],
	"category": "turret",
	"research": "fy-Plant"
}