{
	"type":"ArtilleryTurret",
	"name":"核弹发射器",
    "description":"qwq，爆炸即是艺术",
	"size":7,
	"health":20000,
	"ammoPerShot":1,
	"range":100000,
	"reload":1200,
	"inaccuracy":0,
	"shots":1,
	"rotatespeed":0.5,
	"maxAmmo":5,
	"targetAir":false,
	"targetGround":true,
	"ammo":{
		"missile4":{
			"type":"MissileBulletType",
			"trailEffect":"artilleryTrail",
			"bulletWidth":30,
			"bulletHeight":50,
			"speed":3,
			"damage":10000,
			"ammoMultiplier":1,
			"inaccuracy":0,
			"hitSize":30,
			"splashDamage":6000,
			"splashDamageRadius":150,
			"hitEffect":"explosion",
			"bulletSprite":"missile",
			"trailColor":"FFA54F",
			"backColor":"FFA54F",
			"frontColor":"FFA54F",
			"pierce":true,
			"hitTiles":true,
			"collidesTiles":true,
			"collidesTeam":false,
			"collidesAir":false,
			"collides":true,
			"lifetime":10000,
			"keepVelocity":true,
			"fragBullets":5,
			"fragVelocityMin":2,
			"fragVelocityMax":2,
			"homingPower":0,
			"homingRange":0
			"fragBullet":{
				"type":"MissileBulletType"
				"bulletSprite":"missile",
				"trailColor":"FFF68F",
				"backColor":"FFF68F",
				"frontColor":"FFF68F",
				"bulletWidth":10,
				"bulletHeight":30,
				"damage":2000,
				"splashDamage":100,
				"splashDamageRadius":150,
				"explodeRange":50,
				"speed":1,
				"hitSize":10,
				"lifetime":120,
				"hitTiles":true,
				"collidesTiles":true,
				"collidesTeam":false,
				"collidesAir":true,
				"collides":true,
				"keepVelocity":true,
				"homingPower":0,
				"homingRange":0,
				"hitEffect":"shockwave"
			}
		},
		"missile5":{
			"type":"MissileBulletType",
			"trailEffect":"missileTrail",
			"bulletWidth":35,
			"bulletHeight":60,
			"speed":2,
			"damage":15000,
			"ammoMultiplier":1,
			"inaccuracy":0,
			"hitSize":35,
			"splashDamage":10000,
			"splashDamageRadius":1500,
			"hitEffect":"nuclearShockwave",
			"bulletSprite":"missile",
			"trailColor":"FF3030",
			"backColor":"FF3030",
			"frontColor":"FF3030",
			"pierce":true,
			"hitTiles":true,
			"collidesTiles":true,
			"collidesTeam":false,
			"collidesAir":false,
			"collides":true,
			"lifetime":10000,
			"keepVelocity":true,
			"fragBullets":10,
			"fragVelocityMin":2,
			"fragVelocityMax":2,
			"homingPower":0,
			"homingRange":0,
			"fragBullet":{
				"type":"MissileBulletType"
				"bulletSprite":"missile",
				"trailColor":"FF4500",
				"backColor":"FF4500",
				"frontColor":"FF4500",
				"bulletWidth":10,
				"bulletHeight":30,
				"damage":8000,
				"splashDamage":4500,
				"splashDamageRadius":500,
				"explodeRange":50,
				"speed":1,
				"hitSize":10,
				"lifetime":120,
				"hitTiles":true,
				"collidesTiles":true,
				"collidesTeam":false,
				"collidesAir":true,
				"collides":true,
				"keepVelocity":true,
				"homingPower":0,
				"homingRange":0,
				"hitEffect":"shockwave"
			}
		},
		"missile6":{
			"type":"MissileBulletType",
			"trailEffect":"missileTrail",
			"bulletWidth":40,
			"bulletHeight":70,
			"speed":2,
			"damage":30000,
			"ammoMultiplier":1,
			"inaccuracy":0,
			"hitSize":40,
			"splashDamage":20000,
			"splashDamageRadius":15000,
			"hitEffect":"nuclearShockwave",
			"bulletSprite":"missile",
			"trailColor":"27408B",
			"backColor":"27408B",
			"frontColor":"27408B",
			"pierce":true,
			"hitTiles":true,
			"collidesTiles":true,
			"collidesTeam":false,
			"collidesAir":false,
			"collides":true,
			"lifetime":10000,
			"keepVelocity":true,
			"fragBullets":15,
			"fragVelocityMin":2,
			"fragVelocityMax":2,
			"homingPower":0,
			"homingRange":0,
			"fragBullet":{
				"type":"MissileBulletType"
				"bulletSprite":"missile",
				"trailColor":"1E90FF",
				"backColor":"1E90FF",
				"frontColor":"1E90FF",
				"bulletWidth":10,
				"bulletHeight":30,
				"damage":10000,
				"splashDamage":6500,
				"splashDamageRadius":1200,
				"explodeRange":50,
				"speed":1,
				"hitSize":10,
				"lifetime":120,
				"hitTiles":true,
				"collidesTiles":true,
				"collidesTeam":false,
				"collidesAir":true,
				"collides":true,
				"keepVelocity":true,
				"homingPower":0,
				"homingRange":0,
				"hitEffect":"shockwave"
			}
		},
		"missile7":{
			"type":"MissileBulletType",
			"trailEffect":"incendTrail",
			"bulletWidth":55,
			"bulletHeight":90,
			"speed":1,
			"damage":8500,
			"ammoMultiplier":1,
			"inaccuracy":0,
			"hitSize":55,
			"splashDamage":5000,
			"splashDamageRadius":150,
			"hitEffect":"bigShockwave",
			"pierce":true,
			"hitTiles":true,
			"collidesTiles":true,
			"collidesTeam":false,
			"collidesAir":false,
			"collides":true,
			"keepVelocity":true,
			"fragBullets":5,
			"lifetime":10000,
			"fragVelocityMin":2,
			"fragVelocityMax":2,
			"bulletSprite":"missile",
			"trailColor":"00B2EE",
			"backColor":"00B2EE",
			"frontColor":"00B2EE",
			"homingPower":0,
			"homingRange":0,
			"fragBullet":{
				"type":"MissileBulletType"
				"bulletSprite":"missile",
				"trailColor":"00FFFF",
				"backColor":"00FFFF",
				"frontColor":"00FFFF",
				"bulletWidth":10,
				"bulletHeight":30,
				"damage":5000,
				"splashDamage":3000,
				"splashDamageRadius":250,
				"explodeRange":50,
				"speed":1,
				"hitSize":10,
				"lifetime":300,
				"hitTiles":true,
				"collidesTiles":true,
				"collidesTeam":false,
				"collidesAir":true,
				"collides":true,
				"keepVelocity":true,
				"hitEffect":"shockwave",
				"fragBullets":10,
				"fragVelocityMin":2,
				"fragVelocityMax":2,
				"homingPower":0,
				"homingRange":0,
				"fragBullet":{
					"type":"MissileBulletType"
					"bulletSprite":"missile",
					"backColor":"000000",
					"frontColor":"000000",
					"trailColor":"000000",
					"homingPower":0,
					"homingRange":0,
					"bulletWidth":10,
					"bulletHeight":30,
					"damage":3000,
					"splashDamage":1500,
					"splashDamageRadius":100,
					"explodeRange":50,
					"speed":1,
					"hitSize":10,
					"lifetime":120,
					"hitTiles":true,
					"collidesTiles":true,
					"collidesTeam":false,
					"collidesAir":true,
					"collides":true,
					"keepVelocity":true,
					"hitEffect":"shockwave"
				}
			}
		}
	},
	"requirements": [
		{ "item":"Fe-C","amount":5300},
		{ "item":"Mg-Al","amount":2800},
		{ "item":"Ti+","amount":1500},
		{ "item":"C60","amount":1000},
		{ "item":"xvx-ai","amount":25}
	],
	"category":"turret",
	"research": "xvx-ai-Plant"
}