{
	"name": "进阶矿物机生产工厂",
	"description": "生产矿机",
	"type": "UnitFactory",
	"unitType": "xvx-kwj2",
	"size":2,
	"maxSpawn":15,
	"produceTime":60,
	"hasItems":true,
	"hasPower":true,
	"hasLiquids":false,
	"itemCapacity":100,
	"consumes": {
		"power":5.0,
		"items":{
			"items":[
				{"item":"xvx-ai","amount":5},
				{"item":"Ti+","amount":50}
			]
		}
	},
	"category": "units",
	"research": "xvx-kwj-Plant",
	"requirements": [
		{ "item": "C60", "amount":500},
		{ "item": "Mg-Al", "amount":2800},
		{ "item": "xvx-ai", "amount":15},
	]
}