{
	"type":"GenericSmelter",
    "name": "大型扭曲物质制作厂",
	"description": "物质制作厂",
	"size":5,
	"flameColor":"BA55D3",
	"outputItem":
		{"item":"xvx-nqwz","amount":15},
	"consumes":{
		"power":8.0,
		"items":{
			"items":[
				{"item":"ice","amount":65},
				{"item":"C90","amount":58},
				{"item":"xvx-ai","amount":5},
				{"item":"Pu-239","amount":12}
			]
		}
	},
	"requirements": [
		{"item":"Mg-Al","amount":6600},
		{"item":"Fe-C","amount":14400},
		{"item":"Ti+","amount":3300}
		{"item":"C60","amount":990}
	],
	"research":"xvx-nqwz-Plant",
	"category":"crafting",
	"craftTime":300,
	"itemCapacity":1000,
	"health":14000,
	"update":true,
	"solid":true,
	"hasPower":true,
	"hasItems":true,
	"rotate":false,
	"hasLiquid":true
}