{
	"type":"BurstTurret",
	"name":"跟踪导弹塔",
    "description":"带跟踪效果的防空单位",
	"size":4,
	"health":4000,
	"ammoPerShot":1,
	"range":600,
	"reload":30,
	"inaccuracy":0,
	"shots":1,
	"rotatespeed":3.5,
	"maxAmmo":50,
	"targetAir":true,
	"targetGround":false,
	"burstSpacing":10,
	"ammo":{
		"missile":{
			"type":"MissileBulletType",
			"bulletSprite":"missile",
			"backColor":"FF4500",
			"frontColor":"FF4500",
			"bulletWidth":12,
			"bulletHeight":30,
			"speed":8.5,
			"damage":800,
			"ammoMultiplier":1,
			"inaccuracy":0,
			"hitSize":12,
			"hitTiles":true,
			"collidesTiles":false,
			"collidesTeam":false,
			"collidesAir":true,
			"collides":true,
			"keepVelocity":true,
			"bulletSprite":"missile",
			"trailColor":"FF0000",
			"weaveScale":15,
			"weaveMag":3,
			"homingPower":10,
			"splashDamage":250,
			"splashDamageRadius":10,
			"lifetime":200,
			"homingRange":500
		},
		"missile2":{
			"type":"MissileBulletType",
			"bulletSprite":"missile",
			"backColor":"FF3030",
			"frontColor":"FF3030",
			"bulletWidth":15,
			"bulletHeight":35,
			"speed":9.5,
			"damage":2000,
			"ammoMultiplier":1,
			"inaccuracy":0,
			"hitSize":15,
			"hitTiles":true,
			"collidesTiles":false,
			"collidesTeam":false,
			"collidesAir":true,
			"collides":true,
			"keepVelocity":true,
			"trailColor":"FF0000",
			"bulletSprite":"missile",
			"weaveScale":5,
			"weaveMag":10,
			"homingPower":50,
			"splashDamage":800,
			"lifetime":200,
			"splashDamageRadius":35,
			"homingRange":600
		}
	}
	"requirements": [
		{ "item":"Fe-C","amount":1000},
		{ "item":"Ti+","amount":500},
		{ "item":"Mg","amount":1200}
	],
	"category": "turret",
	"research": "xvx-fkp"
}