{
	"type":"MassDriver",
	"name":"极限物品大炮",
	"description":"极限版质驱",
	"size":4,
	"health":30000,
	"hasPower":true,
	"hasLiquids":false,
	"hasItems":true,
	"instantTransfer":true,
	"itemCapacity":5000,
	"range":680,
	"reloadTime":10,
	"rotateSpeed":1,
	"shake":1,
	"minDistribute":1,
	"knockback":1,
	"shootEffect":"shootBig2",
	"smokeEffect":"shootBigSmoke2",
	"recieveEffect":"mineBig",
	"consumes":{
		"power":25.0,
	},
	"requirements":[
		{"item":"Fe-C","amount":800},
		{"item":"Mg-Al","amount":350},
		{"item":"Ti+","amount":250}
	],
	"category":"distribution",
	"research": "zq"
}