{
	"type": "mech",
	"name": "夜阑",
	"hitSize": 56,
	"canDrown": false,
	"armor": 72,
	"speed": 0.4,
	"rotateSpeed": 1.3,
	"baseRotateSpeed": 1.3,
	"health": 36160,
	"mechStepParticles": true,
	"mechFrontSway": 2.2,
	"mechSideSway": 0.8,
	"ammoType": "铬",
	"ammoCapacity": 350,
	"immunities": [
		"disarmed"
	],
	"weapons": [
		{
			"name": "夜阑-1",
			"reload": 8,
			"shake": 1.5,
			"recoil": 4,
			"x": 40,
			"y": 0,
			"shootX": 0,
			"shootY": 32,
			"rotate": false,
			"top": false,
			"inaccuracy": 0.5,
			"shootSound": "shootBig",
			"alternate": true,
			"ejectEffect": "casing4",
			"shootCone": 15,
			"bullet": {
				"damage": 50,
				"splashDamage": 50,
				"splashDamageRadius": 40,
				"pierce": true,
				"pierceBuilding": true,
				"pierceCap": 7,
				"speed": 14,
				"lifetime": 20,
				"hitSound": "explosion",
				"shootEffect": "shootBig",
				"smokeEffect": "shootBigSmoke",
				"trailLength": 3.5,
				"trailWidth": 3.3,
				"trailColor": "FFA05C",
				"backColor": "FFA05C",
				"frontColor": "FFFFFF",
				"width": 14,
				"height": 33,
				"despawnEffect": "flakExplosionBig",
				"fragBullets": 3,
			    "fragBullet": {
			    "type": "LaserBulletType",
		        "lightningSpacing": 55,
		        "lightningLength": 5,
		        "lightningLengthRand": 5,
         		"lightningAngleRand": 5,
	        	"lightningDamage": 10,
		        "lightningColor": "FFA05C",
	        	"length": 64,
	        	"width": 16,
	        	"damage": 100,
		"colors": [
			"FFA05CCB",
			"FFA05C",
			"FFFFFF"
		],
			    }
			}
		},
	]
}