{
    "type": "ThermalGenerator",
    "name": "南梁地热发电机",
    "description": "[red]作者也不知道为什么叫这个名字，因为我是乱起的！",
    "details":"[blue]为反复试听:南梁是好文明\nf[blue]accbk24:南梁是坏文明\n[blue](宿題の足りない学生:南梁是坏文明)"
    "size": 4,
    "health": 765,
    "hasLiquids": false,
    "hasItems": false,
    "powerProduction": 5.9,
    "booster": false,
    "updateEffect": "mineBig",
    "requirements": [
        {
            "item": "钛钢",
            "amount": 45
        },
        {
            "item": "紫渊合金",
            "amount": 86
        },
        {
            "item": "metaglass",
            "amount": 145
        },
        {
            "item": "graphite",
            "amount": 63
        },
        {
            "item": "silicon",
            "amount": 60
        }
    ],
    "floating": true,
    "generateEffect": "surgeCruciSmoke",
    "attribute": "heat",
    "category": "power",
    "research": "thermal-generator",
    "drawer": {
        "type": "DrawMulti",
        "drawers": [
            "DrawDefault",
            {
                "type": "DrawFade",
                "scale": 20,
                "suffix": "-qwq"
            }
        ]
    }
}