{
    "type": "ImpactReactor",
    "name": "塑钢反应堆",
    "description": "让前期更快的产电。",
    "size": 3,
    "health": 700,
    "liquidBoostIntensity": 14,
    "powerProduction": 15.326,
    "itemDuration": 101,
    "consumes": {
        "power": 3.032,
"items": {
            "items": [
                {
                    "item": "plastanium",
                    "amount": 3
                },
            ]
        }
        "liquid": {
            "liquid": "water",
            "amount": "0.75",
            "booster": false
        }
    },
    "requirements": [
        {
            "item": "graphite",
            "amount": 90
        },
        {
            "item": "metaglass",
            "amount": 195
        },
        "lead/120",
        {
            "item": "silicon",
            "amount": 90
        },
        "titanium/150"
    ],
    "category": "power",
    "research": "plastanium",
    "ambientSound": "pulse",
    "ambientSoundVolume": 0.07,
    "warmupSpeed": 0.98
}        