{
"type":"ConsumeGenerator",
"name":"废料发电机",
"description":"让你不再因为缺少煤炭供应而坐牢。"
"size":1,
"health":64,
"ambientSound":"smelter"
            "ambientSoundVolume": 0.03
"generateEffect":"generatespark"  
"requirements":[
"copper/35","lead/30"
],
"hasLiquids": false,
"hasItems": true,
"itemCapacity": 13,
"itemDuration": 103.2,
"powerProduction": 1.32,
"consumes": {
		"items": {
            "items": [
            "scrap/2"
            ]
            }
	},
"category": "power",
"research": "combustion-generator"
"details":"死道友不死贫道，缺煤炭不缺废料"
}