{
     "type":"PowerTurret",
     "name":"治疗者", 
     "description":"发射治疗建筑的子弹，使用能量。治疗建筑需手动操作。", 
     "health":300,
	     "size":1,
		   "targetAir":true,
     "targetGround":true,
	 "rotateSpeed":3
	 "maxAmmo":10,
	 "range":100,
	 "knockback": 3,
	 "inaccuracy": 3,
	 "powerUse": 4,
	 "shootType": {
	      "type":"BasicBulletType"
		   "speed":3
		   "lifetime":60
		  "healPercent":3
		   "damage":10
		   "collidesTeam":true
	  "buildingDamageMultiplier":0.2
}

	  "requirements": [
		{ "item": "lead", "amount":350 }
	],
	"category": "turret",
	"research": "duo"
}