{
	"type": "naval",
	"name": "利刃",
	"speed": 0.7,
	"rotateSpeed": 3,
	"hitSize": 7
	"health": 490,
	"armor": 6,
	"trailLength": 20
	"research": "单位重构厂"
	"description": "海军单位，发射鱼雷和传统子弹打击敌人攻击敌人",
	"weapons": [
	{
      "mirror": false,
      "y": -5,
      "x": 0,
      "rotate": true,
      "recoil": 2,
      "reload": 10,
      "shoot": {
		"type": "ShootAlternate",
		"barrels": 2,
		"spread": 6
	},
	"bullet":{
	        "speed": 9,
			"lifetime": 30,
			"damage": 9,
			"width": 5,
			"height": 7,
			"shootEffect":"shootBig"
			}
	}
{
      "mirror": false,
      "y": 0,
      "x": 0,
	  "shootSound": "missile",
      "rotate": false,
      "recoil": 2,
      "shootCone": 190,
      "reload": 40,
      "shoot": {
				"type": "ShootBarrel",
				"barrels": [
					6,-7,20,
					-6,-7,-20,
				],
				"shots": 2,
				"shotDelay": 10
			},
    	"bullet":{
	"type":"MissileBulletType",
	"drag": -0.027,
	"homingPower":0.35,
    "damage":10,
    "lifetime":40,
    "speed":3,
    "collidesAir": false,
    "collideFloor": true,
    "layer":47
    "splashDamageRadius": 40,
    "splashDamage":10
    "trailColor": "FF5B5B",
	"frontColor":"FF5B5B"
	    "toColor":"FF5B5B"
	    "backColor":"FF5B5B"
	    "hitColor":"FF5B5B"
	    "requiresWater": true,
	    "despawnEffect":
	    {
		"type": "MultiEffect",
		"effects": [
			{
				"type": "ParticleEffect",
				"particles": 12,
				"line": true,
				"length": 35,
				"baseLength": 1,
				"lifetime": 20,
				"colorFrom": "FFFFFF",
				"colorTo": "FF5B5B"
			},
			{
				"type": "WaveEffect",
				"lifetime": 15,
				"sizeFrom": 30,
				"sizeTo": 30,
				"strokeFrom": 1,
				"strokeTo": 1,
				"colorFrom": "FFFFFF00",
				"colorTo": "FF5B5B"
			}
			]
			}
	    "hiteffect":
	    {
		"type": "MultiEffect",
		"effects": [
			{
				"type": "ParticleEffect",
				"particles": 12,
				"line": true,
				"length": 35,
				"baseLength": 1,
				"lifetime": 20,
				"colorFrom": "FFFFFF",
				"colorTo": "FF5B5B"
			},
			{
				"type": "WaveEffect",
				"lifetime": 10,
				"sizeFrom": 30,
				"sizeTo": 40,
				"strokeFrom": 3,
				"strokeTo": 2,
				"colorFrom": "FFFFFF89",
				"colorTo": "FFFFFF00"
			}
			]
			}
	    }
	    }
]
}
