{
  "name": "creators",
  "main": "creators.Creators",
  "displayName": "创世神3-征途",
  "author": "[pink]编[cyan]号[red]95[violet]27",
  "description": "征途启用模组白名单
  -
  征途需要在设置里清空科技树和战役地图后,方能正常游戏
  在这之前，请备份好你以前的存档
  -
  本模组的战役较难，不适合初次接触此游戏的玩家
  模组难点体现在：
波次时间短
地形复杂
敌人强大
建议多多发展后勤资源
使用发射台来提供源源不断的资源
-
如果觉得太难，可以玩前作创世神：https://steamcommunity.com/sharedfiles/filedetails/?id=2378403982
  

The campaign of this mod is very difficult and not suitable for players who are new to this game
It is recommended to have an understanding of the game after clearing the original version before playing this mod
The difficulty of the module is reflected in:
Waves are very short
Complex terrain
the enemy is strong
It is recommended to develop more logistical resources
Use launch pads to provide a steady stream of resources
-----------------------------------
[red]MOD needs to clear the tech tree and campaign map in the settings before it can play normally 
Before doing this, please backup your archive

If you find it too difficult, you can play the previous game：https://steamcommunity.com/sharedfiles/filedetails/?id=2378403982
-------------创世神征途
",
  "version": "内测版 2022.6.21-2",
  "minGameVersion": 136
}