{
    "type":"PowerNode",
    "name":"大型电力中枢",
    "description":"向连接的其他节点输送电力，也能从相邻的建筑接收电力或输送，并能够存储部分电力。",
    "size":2,
    "health":400,
    "maxNodes":20,
    "armor":2,
    "laserRange":25,
	"hasPower":true,
	"consumesPower": true,
	"outputsPower": true,
	"consumes":{
	    "powerBuffered":6000,
	    //电容量
	    },
    "requirements": [
        "graphite/10",
        "锺/5",
        "silicon/3"
        ],
        "research": {
		"parent": "电力中枢",
		"researchCostMultiplier":40,
	},
        "category":"power"
}