{
    "type": "ConsumeGenerator",
	"name": "爆炸反应堆",
	"squareSprite": false,
	"description": "强制引爆任何可爆物以此来生产电力。",
	"size": 3,
	"armor":3,
	"health": 900,
	"itemCapacity": 30,
	"liquidCapacity":30,
	"hasLiquids": true,
	"hasItems": true,
	"itemDuration":51.72,
	"powerProduction":57.5,
	"warmupSpeed":0.002
	"explodeOnFull":true,
	"explosionShake":5
	"explodeSound":"explosionbig"
	"explosionDamage":16000,
	//爆炸伤害
	"consumes": {
	    "itemExplosive":{}
    	"liquid":"砛溶液/0.25"
	},
	"requirements": [
	    "锺/500"
	    "silicon/300"
	    "graphite/500"
	    "砛/400"
	    "锬/250"
        ],
        "category": "power",
        "research": {
		"parent": "爆燃发电机",
		"researchCostMultiplier":40,
        }
        "drawer":{
	    "type":"DrawMulti",
	    "drawers":[
	        {
	        	"type":"DrawDefault"
	        },
	        {
		        "type":"DrawPlasma"
		        "suffix":"-plasma-"
		        "plasmas":4
		    }
		    {
			    "type": "DrawRegion",
				"suffix": "-top",
			}
		    {
		        "type": "DrawGlowRegion",
		        "suffix": "-glow",
		        "color":"ffd06b"
		    }
		    ]
        }
}