{
    "type": "ThermalGenerator",
    "name": "生物发电机",
    "description": "放置在孢子地形时会产生电能。",
    "size":2,
    "health":400,
    "armor":2,
    "floating":true,
    "powerProduction":0.8,
    "generateEffect":"sporeSlowed"
    "effectChance":0.06
    "attribute":"spores"
    "requirements": [
        "锺/30",
        "graphite/15"
        "躁动的孢子/20"
        "silicon/25"
	],
	"research": {
		"parent": "净水发电机",
		"researchCostMultiplier":40,
	}
	"category": "power",
}