{
    "type":"PowerNode",
    "name":"电力中枢",
    "description":"向连接的其他节点输送电力，也能从相邻的建筑接收电力或输送，并能够存储部分电力。",
    "size":1,
    "health":100,
    "maxNodes":7,
    "armor":1,
    "laserRange":8,
	"hasPower":true,
	"consumesPower": true,
	"outputsPower": true,
	"consumes":{
	    "powerBuffered":1000,
	    //电容量
	    },
    "requirements": [
        "graphite/3",
        "锺/1",
        ],
        "research": {
		"parent": "地热发电机",
		"requirements":[
		    "graphite/9",
		    "锺/3"
        ]
	},
        "category":"power"
}