{
    "type": "ConsumeGenerator",
    "name": "类星场"
    "squareSprite": false,
    "description": "如同类星体般闪耀！\n连未来都还在研究的发电装置，在如此体积、消耗下，依然能迸发出恐怖的能量！",
    "size":8,
    "armor":40,
    "health":4000,
    "hasLiquids": true,
    "hasItems": true,
    "itemDuration":18000,
    //发电时间
    "powerProduction":25952.5,
    //发电量
    "itemCapacity":1000,
    //物品容量
    "warmupSpeed":0.0001
    "liquidCapacity":1000,
    "consumeEffect":"shieldWave"
    "generateEffect": "none",
    "generateEffectRange":-0.1,
    //生产特效范围
    "effectChance":0.1,
    //特效概率，默认0.01
    "consumes": {
        "items":[
            "铉/10"
            "铧/20"
            "锬/80"
            "斥焰合金/120"
            "silicon/150"
            "锺/500"
            ]
		"liquid": {
            "liquid":"砛溶液"
            "amount": 2.5,
        },
	},
    "requirements": [
        "锺/12000",
        "斥焰合金/8000"
        "铧/2000",
        "铉/1500"
        "silicon/7400",
        "graphite/4800"
        "phase-fabric/3000"
        "thorium/2000"
    ],
    "drawer":{
		"type":"DrawMulti",
		"drawers":[
			{
				"type":"DrawDefault"
			},
			{
				"type":"DrawFlame",
			}
		]
	},
    "category": "power",
    "research": {
		"parent": "铉效应场",
		/*"objectives": [
        "超级数理化"
        "高级文化"
    ]*/
    "researchCostMultiplier":40,
	},
	"drawer":{
		"type":"DrawMulti",
		//通用draw
		"drawers":[
			{
				"type":"DrawDefault"
			}
			//使用此模板你的本体贴图与游戏里显示的需一致
			//默认draw，必须的
			{
				"type":"DrawLiquidRegion",
				//这个type允许使用-liquid贴图
				"drawLiquid":"砛溶液"
				//-liquid贴图选用的液体颜色
			},
			{
		        "type":"DrawPlasma"
		        //冲击的draw
		        "suffix":"-类星体-"
		        //本体名字加""
		        "plasmas":7
		        //数量
		        "plasma1": "FFDB99D7",
		        //第一种颜色
		        "plasma2": "ffd06b",
		        //第二种颜色(也许可以以此类推更多)
		    }
		    {
		        "type":"DrawPlasma"
		        "suffix":"-光环-"
		        "plasmas":6
		        "plasma1": "FFD28096",
		        "plasma2": "FFDB99D7",
		    }
		    {
			    "type": "DrawRegion",
				"suffix": "-top",
			}//用一个top贴图来盖住以上的所有特效
		    {
		        "type": "DrawGlowRegion",
		        //发光draw
		        "suffix": "-glow",
		        //本体名字加""
		        "glowScale":2,
		        //多少时间闪烁一次
		        "glowIntensity":0.2
		        //闪烁时最大透明度，1为完全透明
		        "color": "F0F5FFFF"
		        //发光颜色
		    }
			]
	}
	"destroyBullet":{
	    //死亡子弹
	    "type":"BasicBulletType",
	    "sprite":"clear"
	    //子弹贴图：无
	    "smokeEffect":"none",
	    "trailEffect":"none",
	    "lifetime":0,
	    "speed":0,
	    "splashDamageRadius":2000,
	    "splashDamage":1000000,
	    "trailChance":0,
	    "despawnEffect":"none",
	    "hitEffect":{
	    "type":"MultiEffect"
	    "effects":[
            {
	            "type": "ParticleEffect",
	            "particles": 1,
	            "sizeFrom":2000,
	            "sizeTo":0,
	            "length": 0,
	            "lifetime":900,
	            "colorFrom": "FFFFFF",
	            "colorTo": "00000000",
	            "cone": 360
	        }
	        ]
	    }
	    "shootEffect":"none",
	    "buildingDamageMultiplier":1,
	}
}