{
    "type": "ConsumeGenerator",
    "name": "衰变发电机",
    "description": "利用放射性元素衰变来稳定发电。",
    "size":2,
    "armor":2,
    "health":400,
    "hasLiquids": true,
    "hasItems": true,
    "itemDuration":1723.2,
    //发电时间
    "powerProduction":3.25,
    //发电量
    "itemCapacity":10,
    //物品容量
    //"generateEffectRange":-0.1,
    //生产特效范围
    //"consumeEffect":"none"
    //"effectChance":1,
    //特效概率，默认0.01
    "generateEffect": "none",
    "consumes": {
        "itemRadioactive":{},
	},
    "requirements": [
        "锺/100",
        "斥焰合金/40"
        "thorium/50",
        "silicon/80",
        "phase-fabric/60"
    ],
	"explosionRadius":0,
	//爆炸半径（1:1）
	"explosionDamage":0,
	//爆炸伤害
	"explodeEffect":"none",
	//爆炸特效
    "category": "power",
    "research": "裂变反应堆"
}