{
    "type": "ImpactReactor",
	"name": "铧反应堆",
	"squareSprite": false,
	"description": "高效的将铧元素核聚变来以此产生电力，需要消耗大量电力启动。",
	"size": 4,
	"armor":20,
	"health": 2000,
	"itemCapacity": 30,
	"liquidCapacity":30,
	"hasLiquids": true,
	"hasItems": true,
	"itemDuration":1500,
	"powerProduction":300,
	"warmupSpeed":0.002,
	//启动时间(此数值大于1时启动时间为0)
	"explosionRadius":35,
	//爆炸半径
	"explosionDamage":7500,
	//爆炸伤害
	"explodeEffect":{
	    "type":"MultiEffect"
	    "effects":[
	        {
	            "type":"WaveEffect"
		        "lifetime":40,
		        "sizeFrom":20
		        //从多大
		        "sizeTo":280
		        //到多大
		        "strokeFrom":15,
		        //从多宽
		        "strokeTo": 0,
		        //到多宽
		        "colorFrom":"FF0000"
		        "colorTo":"FF0000"
            },
	        {
                            "type": "ParticleEffect",
                            "particles":20,
                            "length":300,
                            "lifetime":120,
                            "sizeFrom":14,
                            "sizeTo":7,
                            "region": "星界探索-烟雾",
                            "colorFrom": "FF0000",
                            "colorTo": "FF0000"
                            "interp":"circleOut",
                            "cone":360,
	        }
	        {
                            "type": "ParticleEffect",
                            "particles":15,
                            "length":300,
                            "lifetime":180,
                            "sizeFrom":18,
                            "sizeTo":12,
                            "region": "星界探索-烟雾",
                            "colorFrom": "FF0000",
                            "colorTo": "FF0000"
                            "interp":"circleOut",
                            "cone":360,
	        }
	        {
                            "type": "ParticleEffect",
                            "particles":10,
                            "length":300,
                            "lifetime":240,
                            "sizeFrom":30,
                            "sizeTo":15,
                            "region": "星界探索-烟雾",
                            "colorFrom": "FF0000",
                            "colorTo": "FF0000"
                            "interp":"circleOut",
                            "cone":360,
	        }
                        ]
            },
	"consumes": {
    	"power":37.5,
    	"liquid":"砛溶液/0.25"
    	"items": {
        	"items": [
            	"铧/1"
            ],"optional": false
    	}
	},
	"requirements": [
	    "锺/500"
	    "斥焰合金/200"
	    "铧/180",
	    "silicon/400"
	    "phase-fabric/200"
        ],
        "category": "power",
        "research": {
		"parent": "聚变反应堆",
		/*"objectives": [
        "中级数理化"
    ]*/
    "researchCostMultiplier":40,
	}
	"drawer": {
		"type": "DrawMulti",
		"drawers": [
	        {
	        	"type":"DrawDefault"
	        },
	        {
		        "type":"DrawPlasma"
		        "suffix":"-plasma-"
		        "plasmas":4
		        "plasma1": "FF0000",
		        "plasma2": "E00000",
		    }
		    {
			    "type": "DrawRegion",
				"suffix": "-top",
			}
		    {
		        "type": "DrawGlowRegion",
		        "suffix": "-glow1", 
		        "glowScale": 5,
		        "glowIntensity":1
		        "color": "FF0000"
		    },
		    {
		        "type": "DrawGlowRegion",
		        "suffix": "-glow2",
		        "glowScale": 6,
		        //闪烁频率
		        "glowIntensity":1
		        //闪烁时透明程度
		        "color": "FF0000"
		    },
		    {
		        "type": "DrawGlowRegion",
		        "suffix": "-glow3",
		        "glowScale":7,
		        //闪烁频率
		        "glowIntensity":1
		        "color": "FF0000"
		    },
		    {
		        "type": "DrawGlowRegion",
		        "suffix": "-glow",
		        "glowScale":8,
		        //闪烁频率
		        "glowIntensity":1
		        "color": "FF0000"
		    },
		    ]
	}
}