{
    "type": "ConsumeGenerator",
    "name": "高维摄能场",
    "squareSprite": false,
    "description": "高维降神！\n在未来也依旧没有研究方向的装置，它能够产生难以想象的能量！\n[red]被暴力摧毁时可能会发生无法挽回的悲剧！",
    "size":9,
    "armor":45,
    "health":4500,
    "hasLiquids": true,
    "hasItems": true,
    "itemDuration":15000,
    //发电时间
    "powerProduction":842750,
    //发电量
    "itemCapacity":40000,
    //物品容量
    "warmupSpeed":0.0005
    "liquidCapacity":1200,
    "generateEffectRange":-0.1,
    //生产特效范围
    "effectChance":1,
    //特效概率，默认0.01
    "lightRadius":12500
    //发光范围
    "generateEffect":{
        "type":"MultiEffect"
	    "effects":[
	        /*{
	            "type": "ParticleEffect",
	            "particles": 1,
	            "sizeFrom":8,
	            "sizeTo": 8,
	            "length": 0,
	            "spin":3,
	            "lifetime": 10,
	            "colorFrom": "FFFFFF",
	            "colorTo": "FFFFFF",
	            "cone": 360
	        },
	        {
	            "type": "WaveEffect",
	            "lifetime": 10,
	            "sizeFrom":10,
	            "sizeTo": 10,
	            "spin":6
	            "strokeFrom":5,
	            "strokeTo":5,
	            "colorFrom": "FFD28096",
	            "colorTo": "FFDB99D7"
	        },*/
	        {
	            "type": "ParticleEffect",
	            "offset": 30,
	            "particles":1,
	            "lifetime":20,
	            "length":60,
	            "interp": "circleOut",
	            "sizeInterp": "pow5In",
	            "cone": -360,
	            "line": true,
	            "strokeFrom":0.2,
	            "strokeTo":0.2,
	            "lenFrom":6,
	            "lenTo":6,
	            "lightColor": "FFDB99D7",
	            "colorFrom": "FFD28096",
	            "colorTo": "FFDB99D7"
	        },
	        {
	            "type": "ParticleEffect",
	            "offset": 30,
	            "particles":1,
	            "lifetime":20,
	            "length":60,
	            "interp": "circleOut",
	            "sizeInterp": "pow5In",
	            "cone": -360,
	            "line": true,
	            "strokeFrom":0.4,
	            "strokeTo":0.4,
	            "lenFrom":12,
	            "lenTo":12,
	            "lightColor": "FFDB99D7",
	            "colorFrom": "FFD28096",
	            "colorTo": "FFDB99D7"
	        }
	        {
	            "type": "ParticleEffect",
	            "line":false,
	            //线
	            "particles":1,
	            "lifetime":120,
	            "length": 120,
	            "offset": 4,
	            "baseLength": -120,
	            "cone": -360,
	            "sizeFrom":0
	            "sizeTo":1.5
	            "colorFrom": "FFFFFF",
	            "colorTo": "FFFFFF"
	},
	        ]
    }
    "consumeEffect":{
        "type":"MultiEffect"
	    "effects":[
	        {
	            "type": "WaveEffect",
	            "lifetime":1500,
	            "sizeFrom":5,
	            "sizeTo":12000,
	            "strokeFrom":15,
	            "strokeTo":0,
	            "colorFrom": "FFDB99D7",
	            "colorTo": "FFDB99D7"
	        }
	        ]
    }
    "destroyBullet":{
	    //死亡子弹
	    "type":"BasicBulletType",
	    "sprite":"clear"
	    //子弹贴图：无
	    "smokeEffect":"none",
	    "trailEffect":"none",
	    "lifetime":0,
	    "speed":0,
	    "splashDamageRadius":12000,
	    "splashDamage":999999999,
	    "trailChance":0,
	    "despawnEffect":"none",
	    "hitEffect":{
	    "type":"MultiEffect"
	    "effects":[
	        {
	            "type":"WaveEffect"
		        "lifetime":240,
		        "sizeFrom":10
		        //从多大
		        "sizeTo":12000
		        //到多大
		        "strokeFrom":3,
		        //从多宽
		        "strokeTo": 0,
		        //到多宽
		        "colorFrom":"FFDB99D7"
		        "colorTo":"FFDB99D7"
            },
            {
	            "type": "ParticleEffect",
	            "offset": 30,
	            "particles":300,
	            "lifetime":180,
	            "length":12500,
	            "interp": "circleOut",
	            "sizeInterp": "pow5In",
	            "cone": -360,
	            "line": true,
	            "strokeFrom":3,
	            "strokeTo":3,
	            "lenFrom":90,
	            "lenTo":90,
	            "lightColor": "FFDB99D7",
	            "colorFrom": "FFD28096",
	            "colorTo": "FFDB99D7"
	        },
	        {
	            "type": "ParticleEffect",
	            "offset": 30,
	            "particles":200,
	            "lifetime":180,
	            "length":12500
	            "interp": "circleOut",
	            "sizeInterp": "pow5In",
	            "cone": -360,
	            "line": true,
	            "strokeFrom":6,
	            "strokeTo":6,
	            "lenFrom":180,
	            "lenTo":180,
	            "lightColor": "FFDB99D7",
	            "colorFrom": "FFD28096",
	            "colorTo": "FFDB99D7"
	        },
	        {
	            "type": "ParticleEffect",
	            "offset": 30,
	            "particles":100,
	            "lifetime":180,
	            "length":12500
	            "interp": "circleOut",
	            "sizeInterp": "pow5In",
	            "cone": -360,
	            "line": true,
	            "strokeFrom":9,
	            "strokeTo":9,
	            "lenFrom":270,
	            "lenTo":270,
	            "lightColor": "FFDB99D7",
	            "colorFrom": "FFD28096",
	            "colorTo": "FFDB99D7"
	        },
	        {
                            "type": "ParticleEffect",
                            "particles":300,
                            "length":12500,
                            "lifetime":120,
                            "sizeFrom":5,
                            "sizeTo":2.5,
                            "region": "星界探索-烟雾",
                            "colorFrom": "FFDB99D7",
                            "colorTo": "FFDB99D7"
                            "interp":"circleOut",
                            "cone":360,
	        }
	        {
                            "type": "ParticleEffect",
                            "particles":200,
                            "length":12500,
                            "lifetime":180,
                            "sizeFrom":7.5,
                            "sizeTo":5,
                            "region": "星界探索-烟雾",
                            "colorFrom": "FFDB99D7",
                            "colorTo": "FFDB99D7"
                            "interp":"circleOut",
                            "cone":360,
	        }
	        {
                            "type": "ParticleEffect",
                            "particles":100,
                            "length":12500,
                            "lifetime":240,
                            "sizeFrom":10,
                            "sizeTo":5,
                            "region": "星界探索-烟雾",
                            "colorFrom": "FFDB99D7",
                            "colorTo": "FFDB99D7"
                            "interp":"circleOut",
                            "cone":360,
	        }
                        ]
            }
	    "shootEffect":"none",
	    "buildingDamageMultiplier":100,
	    "fragOnHit":false,
	    //"fragVelocityMin":3.5,
	    //破片最小速度
	    //"fragVelocityMax":3.5,
	    //破片最大速度
	    "fragRandomSpread":360,
	    //随机分裂角度
	    "fragBullets":10
			"fragBullet":{
			    "type":"BasicBulletType",
			"speed":0,
			"status":"崩坏"
			"lifetime":60,
			"splashDamageRadius":25000,
			"splashDamage":66666666,
			"buildingDamageMultiplier":100,
			"sprite":"clear"
			//子弹贴图：无
			"lightningDamage":99999999,
			//闪电伤害
			"lightning":1,
			//射击命中时生成闪电数量
			"lightningLength":25000,
			//射击命中时生成闪电的长度(格)
			"lightningColor":"FFD28096"
			"hitEffect":"none"
			"shootEffect":"none",
			"despawnEffect":"none",
			"smokeEffect":"none"
			"fragBullets":100
			"fragBullet":{
			    "type":"BasicBulletType",
			"speed":50,
			"status":"崩坏"
			"lifetime":60
			"damage":99999999
			"splashDamageRadius":25000,
			"splashDamage":66666666,
			"buildingDamageMultiplier":100,
			"sprite":"clear"
			//子弹贴图：无
			"hitEffect":"none"
			"shootEffect":"none",
			"despawnEffect":"none",
			"smokeEffect":"none"
			}
			}
    }
    "consumes": {
        "items":[
            "铉/50"
            "铧/250"
            "反物质/1000"
            "silicon/5000"
            "锺/20000"
            ]
		"liquid": {
            "liquid":"砛溶液"
            "amount": 10,
        },
	},
    "requirements": [
        "锺/70000",
        "斥焰合金/16000"
        "铧/15000",
        "铉/8000",
        "铫/30000"
        "silicon/40000",
        "graphite/60000"
        "phase-fabric/20000"
    ],
    "drawer":{
		"type":"DrawMulti",
		"drawers":[
			{
				"type":"DrawDefault"
			},
			{
			    "type":"DrawLiquidRegion"
			    "drawLiquid":"砛溶液",
			}
			{
		        "type":"DrawPlasma"
		        "suffix":"-中心-"
		        "plasmas":2
		        "plasma1": "F0F0F0FF",
		        "plasma2": "FFFFFF",
		    }
			{
			    "type": "DrawRegion",
				"suffix": "-top",
			}
			{
		        "type": "DrawGlowRegion",
		        "suffix": "-glow4",
		        "glowScale":1,
		        //闪烁频率
		        "glowIntensity":0.3
		        //闪烁时透明程度
		        "color": "F0F5FFFF"
		    },
		    {
		        "type": "DrawGlowRegion",
		        "suffix": "-glow1", 
		        "glowScale": 10,
		        "glowIntensity":1
		        "color": "FFDB99D7"
		    },
		    {
		        "type": "DrawGlowRegion",
		        "suffix": "-glow2",
		        "glowScale": 20,
		        //闪烁频率
		        "glowIntensity":1
		        //闪烁时透明程度
		        "color": "FFDB99D7"
		    },
		    {
		        "type": "DrawGlowRegion",
		        "suffix": "-glow3",
		        "glowScale":30,
		        //闪烁频率
		        "glowIntensity":1
		        "color": "FFDB99D7"
		    }
		    {
		        "type":"DrawPlasma"
		        "suffix":"-光圈2-"
		        "plasmas":2
		        "plasma1": "FFDB99D7",
		        "plasma2": "FFFFFF",
		    }
		]
	},
    "category": "power",
    "research": {
		"parent": "类星场",
		/*"objectives": [
        "超级数理化"
        "神级文化"
    ]*/
    "researchCostMultiplier":40,
	},
}