{
	"name": "进阶装配线",
	"description": "对复杂、精密的部件与建筑进行装配工作，处理更高级，体积更大的建筑与部件",
	"health":1000,
	"size":5,
	"hasPower": true,
	"consumes": {
		"power":12,
		"liquid": {
			"liquid": "cryofluid",
			"amount": 2
		}
	}
	"hasLiquids": true,
	"hasItems": true,
  	"liquidCapacity": 90,
	"requirements": [
		{ "item": "塑料", "amount":400},
	    {"item":"单晶硅","amount":100},
	    {"item":"芯片","amount":100},
	    {"item":"铱","amount":120},
	    {"item":"lead","amount":300},
	    {"item":"钨","amount":200}
	],
	"category": "crafting",
	"research": "超净间",
}