{
	"type": "ItemTurret",
	"name": " 石墨双管",
	"description": "交替向敌人发射子弹，非常弱小的炮台。",
		"details":"原宇宙已有，研究费用降低",
	"health": 60000,
	"size": 1,
	"reload":100,
	"range": 180,
    "ammoPerShot": 3,
    "consumes": {
	"coolant":{"amount":0.05,"optional":true}  }
	"shoot":{
		"shots":2,
	    "shotDelay":10,
		"type":"ShootAlternate",
		"maxAmmo":90,
		"barrels":1,
		"spread":6
	},
	"ammoUseEffect": "casing2Double",
	"inaccuracy": 5,
	"shake":1,
	"ammoTypes": {
	    "假 石墨": {
			"speed": 3,
			"damage": 20000,
			"lifetime":50,
			"width": 7,
			"height": 8,
					"splashDamageRadius":15,
		"splashDamage":12,
	    "makeFire":true,
			"ammoMultiplier":1,
			"shootEffect":"shootSmall",
			"status":"燃烧",
	     	"statusDuration":60,	
	     	"backColor":"FFD700",
			"frontColor":"FFD700"
	    }
	    "假 硅":{
        "ammoMultiplier": 8,
        "sprite":"missile",
	    "reloadMultiplier":3,
	    "speed": 5,  
	    "lifetime":43,
		"width": 7,"height": 8,
		"damage":45000
		"shootEffect": "shootSmall",
		"splashDamageRadius":25,
		"splashDamage":22,
        "ammoMultiplier":5,
        "homingRange": 40,
            "homingPower": 0.1,
        "fragLifeMin":0.1,}
	}, 
	"requirements": [
{ "item": "假 石墨", "amount": 20 }
	],
	"category": "turret",
	"research": "超能 初代核心"
	    "researchCostMultiplier": 0.2,
	        "canOverdrive": false,
}
