{
	"type": "GenericCrafter",
	"name": "强化冷冻液混合器",
	"description": "更快地生产冷冻液",
	"health":500,
	"outputLiquid": {
		"liquid": "cryofluid", "amount":1
	},
	"itemCapacity":180,
	"liquidCapacity":180,
	"drawer": {
	    "type":"DrawMulti",
	    "drawers":[
	    {
	    "type":"DrawRegion",
	    "suffix":"-bottom"
	    },
	    {
	       "type":"DrawLiquidTile",
	    "drawLiquid":"cryofluid"
	    },
	    "DrawDefault"
	]},
	"size": 3,
	"hasPower": true,
	"hasliquid": true,
	"hasItems": true,
	"craftTime": 60,
	"consumes": {
	"power":4.5,
		"liquid": {
			"liquid": "water", "amount":1
		},
		"items":{
			"items":[
		{"item": "titanium" , "amount":3},
				]
			}
	},
	"requirements": [
		{"item":"压缩钛","amount":50},
		{"item":"压缩铅","amount":50},
		{ "item": "silicon", "amount":400}
	],
	"category": "crafting",
	"idleSound": "respawning",
	"idleSoundVolume": 0.5
	"research": "cryofluid-mixer"
}