{
	"type":"GenericCrafter",
		"drawer":{
        "type":"DrawMulti",
        "drawers":[
            "DrawDefault",
            "DrawFlame"
            ]
    },
	"name":"强化塑钢压缩机",
	"description":"更快地生产塑钢",
	"size":3,
	"outputItem":
		{"item":"plastanium","amount":4},
	"consumes":{
		"power":9,
		"liquid": {
            "liquid": "oil",
            "amount":0.85
        },
		"items":{
			"items":[
				{"item":"titanium","amount":8}
				]
			}
		},
	"requirements":[
		{"item":"压缩钛","amount":30},
		{"item":"压缩铅","amount":40},
		{ "item": "graphite", "amount":250}
		{ "item": "silicon", "amount":300}
		
		],
	"craftTime":60,
	"health":320,
	"itemCapacity":120,
	"flameColor":"ffff77",
	"research":"plastanium-compressor",
	"category":"crafting"
}