{
	"type":"GenericCrafter",
		"drawer":{
        "type":"DrawMulti",
        "drawers":[
            "DrawDefault",
            "DrawFlame"
           
            ]
    }
	"name":"强化合金冶炼厂",
	"description":"更快地生产巨浪合金",
	"size":3,
	"outputItem":
		{"item":"surge-alloy","amount":5},
	"consumes":{
		"power":12,
		"items":{
			"items":[
			{"item":"copper","amount":10}
			{"item":"lead","amount":12}
			{"item":"titanium","amount":8}
			{"item":"silicon","amount":10}
				]
			}
		},
	"requirements":[
		{"item":"压缩钍","amount":60},
		{"item":"压缩铅","amount":50},
		{ "item": "silicon", "amount":300}
		{"item": "graphite","amount":350}
		
		],
	"craftTime":60,
	"health":320,
	"itemCapacity":30,
	"flameColor":"ffff77",
	"research":"alloy-smelter",
	"category":"crafting"
}