{
   "type": "ItemTurret",
   "health": 7000,
   "size": 2,
   "heatColor": "FCF387FF",
   "targetGround": true,
   "targetAir": true,
   "reload": 400,
   "range": 40,
   "inaccuracy": 20,
   "recoil": 3,
   "shootSound": "flame2",
   "ammoTypes": {
      "titanium": {
         "width": 50,
         "height": 50,
         "sprite": "计划战争-突刺",
         "lifetime": 190,
         "backColor": "D1EFFFFF",
         "frontColor": "D1EFFFFF",
         "knockback": 5.35,
         "shrinkY": 0,
         "shrinkX": 0,
         "speed": 8.5,
         "damage": 170.444,
         "hitSize": 4,
         "drawSize": 8,
         "inaccuracy": 50,
         "splashDamage": 111,
         "splashDamageRadius": 35,
         "hitEffect": "explosion",
         "despawnEffect": "explosion",
         "smokeEffect": "explosion",
         "bulletInterval": 30,
         "intervalBullets": 1,
         "intervalAngle": 0,
         "intervalSpread": 1,
         "intervalBullet": {
            "pierce": true,
            "pierceBuilding": true,
            "splashDamage": 15,
            "splashDamageRadius": 10,
            "width": 0,
            "height": 0,
            "sprite": "计划战争-贴图5",
            "shrinkY": 0,
            "shrinkX": 0,
            "speed": 0,
            "damage": 900,
            "hitSize": 10,
            "drawSize": 10,
            "lightColor": "BA8AF8FF",
            "shootEffect": "shootSmall",
            "hitColor": "BA8AF8FF",
            "despawnEffect": {
               "type": "SeqEffect",
               "effects": [
                  {
                     "type": "ParticleEffect",
                     "particles": 1,
                     "lifetime": 40,
                     "length": 0,
                     "sizeFrom": 5,
                     "sizeTo": 80,
                     "region": "计划战争-滞爆",
                     "colorFrom": "99F8FFFF",
                     "colorTo": "74C2E8FF"
                  },
                  {
                     "type": "ParticleEffect",
                     "particles": 1,
                     "clip": 50,
                     "lifetime": 40,
                     "length": 0,
                     "sizeFrom": 80,
                     "sizeTo": 0,
                     "region": "计划战争-滞爆",
                     "colorFrom": "99F8FFFF",
                     "colorTo": "74C2E8FF"
                  }
               ]
            },
            "lifetime": 100,
            "knockback": -3
         }
      },
      "sand": {
         "width": 50,
         "height": 50,
         "sprite": "计划战争-突刺",
         "lifetime": 190,
         "backColor": "D1EFFFFF",
         "frontColor": "D1EFFFFF",
         "knockback": 5.35,
         "shrinkY": 0,
         "shrinkX": 0,
         "speed": 8.5,
         "damage": 170.444,
         "hitSize": 4,
         "drawSize": 8,
         "inaccuracy": 50,
         "splashDamage": 111,
         "splashDamageRadius": 35,
         "hitEffect": "explosion",
         "despawnEffect": "explosion",
         "smokeEffect": "explosion",
         "bulletInterval": 30,
         "intervalBullets": 1,
         "intervalAngle": 0,
         "intervalSpread": 1,
         "intervalBullet": {
            "pierce": true,
            "pierceBuilding": true,
            "splashDamage": 15,
            "splashDamageRadius": 10,
            "width": 0,
            "height": 0,
            "sprite": "计划战争-贴图5",
            "shrinkY": 0,
            "shrinkX": 0,
            "speed": 0,
            "damage": 900,
            "hitSize": 10,
            "drawSize": 10,
            "lightColor": "BA8AF8FF",
            "shootEffect": "shootSmall",
            "hitColor": "BA8AF8FF",
            "despawnEffect": {
               "type": "SeqEffect",
               "effects": [
                  {
                     "type": "ParticleEffect",
                     "particles": 1,
                     "lifetime": 40,
                     "length": 0,
                     "sizeFrom": 5,
                     "sizeTo": 80,
                     "region": "计划战争-滞爆",
                     "colorFrom": "99F8FFFF",
                     "colorTo": "74C2E8FF"
                  },
                  {
                     "type": "ParticleEffect",
                     "particles": 1,
                     "clip": 50,
                     "lifetime": 40,
                     "length": 0,
                     "sizeFrom": 80,
                     "sizeTo": 80,
                     "region": "计划战争-滞爆",
                     "colorFrom": "99F8FFFF",
                     "colorTo": "FFFFFF01"
                  }
               ]
            },
            "lifetime": 100,
            "knockback": -3
         }
      },
      "copper": {
         "width": 50,
         "height": 50,
         "sprite": "计划战争-突刺",
         "lifetime": 190,
         "backColor": "D1EFFFFF",
         "frontColor": "D1EFFFFF",
         "knockback": 5.35,
         "shrinkY": 0,
         "shrinkX": 0,
         "speed": 8.5,
         "damage": 170.444,
         "hitSize": 4,
         "drawSize": 8,
         "inaccuracy": 50,
         "splashDamage": 111,
         "splashDamageRadius": 35,
         "hitEffect": "explosion",
         "despawnEffect": "explosion",
         "smokeEffect": "explosion",
         "bulletInterval": 30,
         "intervalBullets": 1,
         "intervalAngle": 0,
         "intervalSpread": 1,
         "intervalBullet": {
            "pierce": true,
            "pierceBuilding": true,
            "splashDamage": 15,
            "splashDamageRadius": 10,
            "width": 0,
            "height": 0,
            "sprite": "计划战争-贴图5",
            "shrinkY": 0,
            "shrinkX": 0,
            "speed": 0,
            "damage": 900,
            "hitSize": 10,
            "drawSize": 10,
            "lightColor": "BA8AF8FF",
            "shootEffect": "shootSmall",
            "hitColor": "BA8AF8FF",
            "despawnEffect": {
               "type": "ParticleEffect",
               "particles": 1,
               "lifetime": 40,
               "length": 0,
               "sizeFrom": 5,
               "sizeTo": 80,
               "region": "计划战争-滞爆",
               "colorFrom": "99F8FFFF",
               "colorTo": "FFFFFF01"
            },
            "lifetime": 100,
            "knockback": -3
         }
      }
   },
   "requirements": [
      "copper/10",
      "sand/15",
      "lead/5"
   ],
   "category": "turret",
   "research": "炮塔类"
}