{
   "type": "ItemTurret",
   "health": 70,
   "size": 1,
   "reload": 42,
   "range": 80,
   "shootCone": 20,
   "heatColor": "FCF387FF",
   "targetGround": true,
   "targetAir": true,
   "shootSound": "railgun",
   "inaccuracy": 30,
   "shoot": {
      "type": "ShootSpread",
      "shots": 7,
      "spread": 0.55
   },
   "ammoTypes": {
      "sand": {
         "damage": 20,
         "drag": 0.03,
         "sprite": "计划战争-贴图6",
         "splashDamageRadius": 55,
         "backColor": "FCF387FF",
         "frontColor": "E8D174FF",
         "splashDamage": 35,
         "status": "blasted",
         "hitEffect": "explosion",
         "despawnEffect": "explosion",
         "smokeEffect": "explosion",
         "speed": 3.33,
         "lifetime": 850,
         "width": 12,
         "height": 12,
         "shrinkY": 0,
         "shrinkX": 0,
         "lightning": 3,
         "lightningLength": 5,
         "lightningLengthRand": 6,
         "lightningDamage": 10,
         "lightningColor": "E8D174FF"
      },
      "lead": {
         "type": "ArtilleryBulletType",
         "damage": 0,
         "sprite": "计划战争-贴图6",
         "backColor": "FCF387FF",
         "frontColor": "E8D174FF",
         "status": "blasted",
         "hitEffect": "none",
         "despawnEffect": "none",
         "smokeEffect": "none",
         "speed": 4.33,
         "lifetime": 410,
         "width": 16,
         "height": 16,
         "shrinkY": 0,
         "shrinkX": 0,
         "fragBullets": 1,
         "fragVelocityMin": 1.3,
         "fragVelocityMax": 2,
         "fragBullet": {
            "sprite": "计划战争-贴图6",
            "shrinkY": 0,
            "shrinkX": 0,
            "lightning": 3,
            "lightningLength": 5,
            "lightningLengthRand": 6,
            "lightningDamage": 10,
            "lightningColor": "E8D174FF",
            "width": 12,
            "height": 12,
            "damage": 20,
            "smokeEffect": "explosion",
            "hitEffect": "explosion",
            "lightColor": "E8D174FF",
            "lightOpacity": 0.5,
            "frontColor": "E8D174FF",
            "backColor": "E8D174FF",
            "knockback": 0.5,
            "splashDamage": 85,
            "splashDamageRadius": 10,
            "lifetime": 900,
            "speed": 0
         }
      },
      "copper": {
         "damage": 40,
         "reloadMultiplier": 0.5,
         "sprite": "计划战争-贴图6",
         "splashDamageRadius": 55,
         "backColor": "FCF387FF",
         "frontColor": "E8D174FF",
         "splashDamage": 65,
         "status": "blasted",
         "hitEffect": "explosion",
         "despawnEffect": "explosion",
         "smokeEffect": "explosion",
         "speed": 1.33,
         "lifetime": 100,
         "width": 12,
         "height": 12,
         "shrinkY": 0,
         "shrinkX": 0,
         "lightning": 3,
         "lightningLength": 5,
         "lightningLengthRand": 6,
         "lightningDamage": 35,
         "lightningColor": "E8D174FF",
         "pierce": true,
         "pierceBuilding": false,
         "bulletInterval": 1,
         "intervalBullets": 1,
         "intervalAngle": 0,
         "intervalSpread": 1,
         "intervalBullet": {
            "lightningCone": 360,
            "lightningAngle": 3,
            "type": "LightningBulletType",
            "lightningColor": "E8D174FF",
            "hitColor": "E8D174FF",
            "lightningLength": 4,
            "despawnEffect": "none",
            "damage": 5,
            "lifetime": 45
         },
         "fragBullets": 5,
         "fragVelocityMin": 1.3,
         "fragVelocityMax": 2,
         "fragBullet": {
            "sprite": "计划战争-贴图6",
            "width": 12,
            "height": 12,
            "damage": 20,
            "smokeEffect": "explosion",
            "hitEffect": "explosion",
            "lightColor": "E8D174FF",
            "lightOpacity": 0.5,
            "frontColor": "E8D174FF",
            "backColor": "E8D174FF",
            "knockback": 0.5,
            "splashDamage": 85,
            "splashDamageRadius": 10,
            "lifetime": 900,
            "drag": 0.04,
            "lightning": 3,
            "shrinkY": 0,
            "shrinkX": 0,
            "lightningLength": 5,
            "lightningLengthRand": 6,
            "lightningDamage": 10,
            "lightningColor": "E8D174FF",
            "speed": 1.22
         }
      }
   },
   "requirements": [
      "copper/10",
      "sand/15",
      "lead/5"
   ],
   "category": "turret",
   "research": "炮塔类"
}