{
   "type": "ItemTurret",
   "health": 70,
   "size": 1,
   "heatColor": "FCF387FF",
   "targetGround": true,
   "targetAir": true,
   "reload": 85,
   "shake": 4,
   "range": 90,
   "recoil": 5,
   "shootCone": 30,
   "scaledHealth": 220,
   "shootSound": "shotgun",
   "shoot": {
      "shots": 3,
      "shotDelay": 8
   },
   "ammoTypes": {
      "titanium": {
         "fromColor": "FCF387FF",
         "toColor": "FCF387FF",
         "type": "ShrapnelBulletType",
         "length": "90",
         "damage": 66,
         "ammoMultiplier": 4,
         "width": 17,
         "reloadMultiplier": 1.3
      }
   },
   "requirements": [
      "copper/10",
      "sand/15",
      "lead/5"
   ],
   "category": "turret",
   "research": "炮塔类"
}