{
   "type": "GenericCrafter",
   "health": 40,
   "outputItem": "scrap/2",
   "itemCapacity": 10,
   "liquidCapacity": 500,
   "size": 1,
   "hasPower": true,
   "hasLiquids": true,
   "hasItems": true,
   "craftTime": 50,
   "consumes": {
      "power": 0.1,
      "liquid": "water/0.9",
      "items": [
         "lead/6"
      ]
   },
   "category": "crafting",
   "research": "pulverizer",
   "drawer": [
      {
         "type": "DrawDefault"
      },
      {
         "type": "DrawRegion",
         "suffix": "-spin",
         "spinSprite": true,
         "rotateSpeed": -20
      },
      {
         "type": "DrawLiquidRegion",
         "suffix": "-liquid",
         "drawLiquid": "water",
         "alpha": 0.85
      },
      {
         "type": "DrawRegion",
         "suffix": "-rotate",
         "spinSprite": true,
         "rotateSpeed": 5
      },
      {
         "type": "DrawWarmupRegion",
         "sinMag": 0.6,
         "sinScl": 8
      },
      {
         "type": "DrawRegion",
         "suffix": "-topa"
      }
   ],
   "ambientSound": "grinding",
   "ambientSoundVolume": "0.025",
   "updateEffect": "pulverizeSmall",
 "requirements": [
      "lead/40",
      "metaglass/30",
      "copper/40"
   ],
   "craftEffect": "none"
}