{
    "type": "flying",                    // 单位类型
    "name": "飞天堡垒",        //游戏内的名字
    "description": "由苍穹底座改造,为安上复刻的堡垒,苍穹底座略微增加了载重上限,堡垒火炮弹药得到增强令弹药命中时额外产生小范围爆炸,由于安装堡垒,苍穹的火控系统被迫除下,令苍穹的火炮失去追踪能力,但为弥补追踪能力其炮弹的装药量提升来产生中额的爆炸伤害,适合用于敌方小型集群的进攻", // 游戏介绍
    "ammoCapacity": 60,                  // 弹药容量
    "ammoResupplyAmount": 15,            // 单次补给量
    "speed": 2,                        // 移动速度
    "rotateSpeed": 1.6,                  // 旋转速度
    "accel":0.08,        //加速度
    "drag": 0.025,                        // 移动阻力
    "flying": true,                      // 是否为飞行单位
    "lowAltitude": true,                 // 是否低空飞行
    "turnCursor": false,                 // 是否光标转向
    "engineOffset": 14,                   // 引擎偏移量
    "engineSize": 4.5,                     // 引擎大小
    "hitSize": 22,                       // 碰撞体积
    "targetAir": true,                   // 能否对空
    "targetGround": true,                // 能否对地
    "health": 1250,                      // 生命值
    "armor": 6,                          // 护甲值
    "itemCapacity": 80,                   // 物品容量
    "commandLimit": 0,                   // 指挥限制
    "rotateShooting": true,              // 是否旋转射击
    "hitBuildings": true,                // 是否碰撞建筑
    "hitUnits": true,                    // 是否碰撞单位
    "destructibleWreck": true,          // 是否可摧毁残骸
    "faceTarget": false,                 // 是否面向目标
    "weapons": [                         // 武器列表
        {
            "name": "堡垒",              // 武器名称
            "rotate": true,              // 是否旋转
            "mirror": false,             // 是否镜像
            "top": true,                 // 是否位于顶部
            "x": 0,                      // X轴位置
            "y": 0,                      // Y轴位置
            "shootY": 3,                 // 射击Y偏移
            "reload": 35,                // 装弹时间
            "recoil": 0,               // 后坐力
            "inaccuracy": 2,             // 射击散布
            "rotateSpeed": 4,//旋转速度
            "shootSound": "artillery",   // 射击音效
            "hitSound": "titanExplosion",// 命中音效
            "bullet": {                  // 子弹配置
                "type": "ArtilleryBulletType", // 子弹类型
                "width": 15,             // 子弹宽度
                "height": 13,            // 子弹高度
                "splashDamageRadius": 18,// 爆炸范围
                "splashDamage": 70,      // 范围伤害
                "speed": 3.5,          // 子弹速度
                "lifetime": 80,         // 存活时间
                "status": "blasted",     // 附加状态
                "frontColor": "FFECC8FF",// 弹头颜色
                "backColor": "FFDA95FF"  // 弹尾颜色
            },
            
			"shoot": {
				"type": "ShootBarrel",
				"barrels": [
					-8.7,2.2,0,
					8.7,2.2,0
				]
			},
            "recoils": 2           // 后坐力数量
            "parts": [                   // 武器部件
                    {
                        "type": "RegionPart",  // 副炮部分
                        "mirror": false,  // 镜像渲染
                        "x": 0,
                        "y": 0,
                        "suffix": "-0",  // 使用-后缀的纹理
                        "layerOffset": 1, // 渲染层偏移
                    }
                {
                    "type": "RegionPart",// 部件类型
                    "mirror": false,     // 是否镜像
                    "x": 8.5,            // X轴位置
                    "y": 1,
                    "recoilIndex": 1,    // 后坐力索引
                    "suffix": "-2",     // 后缀名
                    "under": false,       // 是否在下方
                    "progress": "recoil",// 进度
                    "moveY": -1.8        // Y轴
                    "layerOffset": 1, // 渲染层偏移
                },
                {
                    "type": "RegionPart",// 部件类型
                    "mirror": false,     // 是否镜像
                    "x": -8.5,            // X轴位置
                    "y": 1,
                    "recoilIndex": 0,    // 后坐力索引
                    "suffix": "-1",     // 后缀名
                    "under": false,       // 是否在下方
                    "progress": "recoil",// 进度
                    "moveY": -1.8        // Y轴移动
                    "layerOffset": 1, // 渲染层偏移
                }
            ]
        },
        {
            "name": "堡垒2",              // 武器名称
            "mirror": true,  // 不镜像
            "top": true,  // 位于单位顶部
            "rotate": true,  // 是否可以旋转
            "rotationLimit": 360,//旋转最大角度
            "rotateSpeed": 4,//旋转速度
            "x": 6,  // X轴位置
            "y": -12,  // Y轴位置
            "shootY": 3,  // 射击Y偏移
            "reload": 20,  // 装弹时间
            "recoil": 1,  // 后坐力
            "inaccuracy": 0.8,  // 射击散布
            "bullet": {
                "type": "BasicBulletType",
                "width": 7.5,  // 子弹宽度
                "height": 9.5,  // 子弹高度
                "damage": 9,  // 伤害值
                "splashDamageRadius": 16,// 爆炸范围
                "splashDamage": 30,      // 范围伤害
                "speed": 4,  // 子弹速度
                "lifetime": 52,  // 存在时间
                "frontColor": "FFD8A9FF",  // 弹头颜色
                "backColor": "FFDA95FF"  // 弹尾颜色
            }
                "shootEffect":"multiEffect",
                "smokeEffect":"shootBigSmoke",
                "hitEffect": "hitBulletColor",  //命中效果
                "despawnEffect": "hitBulletColor",  //消失效果
    }
    ]
	"research": "复合单位制造厂"
}