{
//	"type":"GenericCrafter",
	"category":"crafting",

	"consumes":{
	"power":0.9,
	"liquid":{
	"liquid":"water","amount":0.1666666
	}	},

	"liquidOutputDirections":[1,3],
	"outputLiquids":["ozone/0.0666666","hydrogen/0.1"],

	"drawer":{"type":"DrawMulti",
	"drawers":[
		{"type":"DrawRegion",
		"suffix":"-bottom"
		},
		{"type":"DrawLiquidTile",
		"drawLiquid":"water"
		},
		{"type":"DrawBubbles",
		"color":"2C2C2C",
		"sides":10,
		"recurrence":3,
		"spread":6,
		"radius":1.5,
		"amount":20
		},
		"DrawRegion",
		"DrawLiquidOutputs",
		{"type":"DrawGlowRegion",
		"alpha":0.7,
		"color":"C4BDF3",
		"glowIntensity":0.3,
		"glowScale":6
		}	]	}

	"research":{
	"parent":"silicon-heat-furnace",
	"requirements":[
	"tungsten/900",
	"graphite/600",
	"metaglass/900"
	]	},

	"requirements":[
	"tungsten/30",
	"graphite/20",
	"metaglass/30"
	],

	"itemCapacity":12,
	"health":900,
	"rotate":true,
	"size":3,
	"hasPower":true,
	"hasLiquids":true,
	"craftTime":80,
	"liquidCapacity":100
	"invertFlip":true,
	"regionRotated1":3
}