{
	"name": "大型相位物编织器",
	"description": "更好的编织相位物",
	"requirements": [
		{ "amount": 140, "item": "铜板" },
		{ "amount": 165, "item": "Heavy_Lead_Slab" },
		{ "amount": 175, "item": "钛板" },
		{ "amount": 180, "item": "塑钢板" },
		{ "amount": 175, "item": "thorium" },
		{ "amount": 260, "item": "silicon" }
	],
	"size": 4,
	"category": "crafting",
	"craftEffect": "smeltsmoke",
	"outputItem": {
		"item": "phase-fabric",
		"amount": 20
	},
	"outputLiquid": {
		"liquid": "工业废水",
		"amount": 1.2
	},
	"type": "GenericCrafter",
	"consumes": {
		"items": {
			"items": [
				{ 
					"amount": 13, 
					"item": "塑料"
				},
				{ 
					"amount": 6, 
					"item": "thorium"
				}
			]
		},
		"power": 18.2,
		"liquid": {
			"liquid": "water",
			"amount": 0.12
		}
	},
	"itemCapacity": 80,
	"ambientSound": "techloop",
	"ambientSoundVolume": 0.02,
	"hasPower": true,
	"hasItem": true,
	"hasLiquid": true,
	"craftTime": 160,
	"research": "phase-weaver"
"drawer":[
	    {
	        "type":"DrawWeave"
	    },
	    {
	        "type": "DrawLiquidTile",
	        "drawLiquid": "water",
	        "drawLiquidLight": true
	    },
	    {
	        "type":"DrawRegion",
	        "suffix": "-top"
	    }
	]
}











/*
        phaseWeaver = new GenericCrafter("phase-weaver"){{
            requirements(Category.crafting, with(Items.silicon, 130, Items.lead, 120, Items.thorium, 75));
            craftEffect = Fx.smeltsmoke;
            outputItem = new ItemStack(Items.phaseFabric, 1);
            craftTime = 120f;
            size = 2;
            hasPower = true;
            drawer = new DrawWeave();

            ambientSound = Sounds.techloop;
            ambientSoundVolume = 0.02f;

            consumes.items(with(Items.thorium, 4, Items.sand, 10));
            consumes.power(5f);
            itemCapacity = 20;
        }};
*/