{
    //雷光
    "research":"标枪",
    "ammoTypes":{
            "铧金": {
            "type": "LaserBulletType",
            "status":"melting",
            "damage":850,
            "length": 100,
            "width":25,
            "hitSize":10,
            "reloadMultiplier": 0.5,
            "ammoMultiplier": 2,
            "lightColor":"FF3333",
            "colors":["FF0000","FF3333","FF8888"],
            "knockback":0.5
        },
        "titanium":{
            "type":"ShrapnelBulletType",
            "damage":66,
            "length":100,
            "reloadMultiplier":1.3,
            "ammoMultiplier":4,
            "fromColor":"9DB2FAFF",
        },
        "thorium":{
            "type":"ShrapnelBulletType",
            "damage":105,
            "length":100,
            "reloadMultiplier":1,
            "ammoMultiplier":5,
            "fromColor":"B766AD",
        },
        "surge-alloy": {
            "type": "ShrapnelBulletType",
            "status":"shocked",
            "damage": 250,
            "length": 120,
            "reloadMultiplier": 1.5,
            "ammoMultiplier":4,
            "fromColor": "EEC900",
            "knockback": 0.1
        }
    }
}