{
    //幽灵
    "research":"剑戟",
    "ammoTypes": {
		"thorium": {
		//钍子弹
			"speed": 8,
			//速度
			"damage":70,
			//status:"freezing",
			"pierce":true,
			//是否穿透
			"pierceCap":7,
			"reloadMultiplier":1,
			"ammoMultiplier":2,
			"knockback":0.7,
			//击退
			"width":19
			//宽
			"height":23
			//高
			"smokeEffect": "shootSmallSmoke",
			"lifetime": 34
			//存在时间
		},
		"titanium": {
		//钛子弹
			"speed": 8,
			//速度
			"damage":32,
			"status":"freezing",
			"pierce":true,
			//是否穿透
			"pierceCap":12,
			"reloadMultiplier":1.5,
			"ammoMultiplier":2,
			"knockback":0.3,
			"inaccuracy":-1,
			"width":19
			"height":23
			"smokeEffect": "shootSmallSmoke",
			"backColor":"8998E5FF",
			//子弹边缘颜色
			"frontColor":"9DB2FAFF",
			//子弹中心颜色
			"lifetime": 32
			//存在时间
		},
		"graphite": {
		//石墨子弹
			"speed": 8,
			//速度
			"damage":70,
			//"status":"freezing",
			"pierce":true,
			"pierceCap":2,
			"reloadMultiplier":1,
			"ammoMultiplier":2,
			//"knockback":0.2,
			"width":18
			"height":22
			"smokeEffect": "shootSmallSmoke",
			"lifetime": 32
			//存在时间
		},
		"lead": {
		//铅子弹
			"speed": 8,
			//速度
			"damage":50,
			//"status":"freezing",
			"pierce":true,
			"pierceCap":1,
			"reloadMultiplier":0.5,
			"ammoMultiplier":1,
			//"knockback":0.2,
			"width":16
			"height":20
			"smokeEffect": "shootSmallSmoke",
			"lifetime": 30
			//存在时间
		},
		"plastanium": {
		//朔钢子弹
			"speed": 8,
			//速度
			"damage":68,
			"pierce":true,
			//是否穿透
			"pierceCap":4,
			"reloadMultiplier":0.75,
			"ammoMultiplier":2,
			"knockback":0.5,
			"width":20,
			"height":24,
			"backColor":"C6D676FF",
			//子弹边缘颜色
			"frontColor":"EBF2A2FF",
			//子弹中心颜色
			"fragBullets":5,
			"fragBullet":{
			    "type":"BasicBulletType",
			    "width":16,
			    "height":6,
			    "lifetime":14,
			    "speed":4,
			    "damage":20,
			    "pierce":true,
			    "pierceCap":7,
			    //穿透数量
			    "backColor":"C6D676FF",
			    //子弹边缘颜色
			    "frontColor":"EBF2A2FF",
			    //子弹中心颜色
			    "hitEffect":"none",
			    "despawnEffect":"none",
			    }
			"smokeEffect": "shootSmallSmoke",
			"hitEffect":"plasticExplosion",
			"lifetime": 36
			//存在时间
		},
		"pyratite": {
		//硫子弹
			"speed": 8,
			//速度
			"damage":40,
			"status":"burning",
			"pierce":true,
			//是否穿透
			"pierceCap":3,
			"reloadMultiplier":1.25,
			"ammoMultiplier":2,
			"knockback":0.2,
			"width":20,
			"height":24,
			"splashDamage":26,
			"splashDamageRadius":25.6,
			"smokeEffect": "shootSmallSmoke",
			"backColor":"CC6600",
			//子弹边缘颜色
			"frontColor":"FFAA33",
			//子弹中心颜色
			"lifetime": 34
			//存在时间
		},
		"surge-alloy": {
		//巨浪子弹
			"speed": 8,
			//速度
			"damage":70,
			"status":"shocked",
			"pierce":true,
			//是否穿透
			"pierceCap":5,
			"reloadMultiplier":1.5,
			"ammoMultiplier":1,
			"knockback":1,
			//击退
			"width":20,
			"height":24,
			"inaccuracy":-2,
			"smokeEffect": "shootSmallSmoke",
			"lightningColor":"FFFF00",
			//闪电颜色
			"lightning": 4,
			//射击命中时生成闪电数量
			"lightningLength":9,
			//射击命中时生成闪电的长度
			"lightningDamage":32,
        //闪电伤害
        "lifetime": 36
        //存在时间
		},
		"铧金": {
		//铧金子弹
			"speed": 8,
			//速度
			"damage":75,
			"status":"melting",
			"pierce":true,
			//是否穿透
			"reloadMultiplier":1.25,
			"ammoMultiplier":1,
			"knockback":1.5,
			//击退
			"width":20,
			"height":24,
			"inaccuracy":-3,
			"smokeEffect": "shootSmallSmoke",
			"backColor":"AA0000",
			//子弹边缘颜色
			"frontColor":"FF3333",
			//子弹中心颜色
			"splashDamage":90,
			"splashDamageRadius":36.8,
			"lifetime": 38
			//存在时间
			"hitEffect":{
			    "type":"MultiEffect"
			    "effects":[
			        {
			            "type": "ParticleEffect",
			            "particles": 1,
			            "length": 0,
			            "lifetime":20,
			            "sizeFrom":11,
			            "sizeTo":0,
			            "region": "铧金工业-至尊-0",
			            "colorFrom": "FF0000",
			            "colorTo": "FF0000"
	        }
	        {
		        "type": "WaveEffect"
		        "lifetime":40
		        "sizeFrom":0
		        "sizeTo":18.4
		        "colorFrom": "FF0000"
		        "colorTo": "FF8888"
	        }
	        ],
			},
		},
    },
	"requirements": [
	    "copper/1050" ,
	    "thorium/500",
	    "graphite/350",
	    "plastanium/250",
	    "surge-alloy/300"
	],
}