{
"ammoTypes": {
		"water": {
		    "type":"LiquidBulletType"
		    "liquid":"water"
			"speed": 4,
			"status":"wet",
			"damage":0.2,
			"ammoMultiplier":0.4,
			"knockback":1.7,
			"lifetime":49,
			"orbSize":4,
			"drag":0.01,
			"statusDuration":240,
			"puddleSize":8,
		},
		"slag": {
		    "liquid":"slag"
		    "type":"LiquidBulletType"
			"speed": 4,
			"status":"melting",
			"damage":4.75,
			"ammoMultiplier":0.4,
			"knockback":1.3,
			"lifetime":49
			"orbSize":4,
			"drag":0.01,
			"statusDuration":240,
			"puddleSize":8,
		},
		"oil": {
		    "liquid":"oil"
		    "type":"LiquidBulletType"
			"speed": 4,
			"status":"tarred",
			"damage":0.2,
			"ammoMultiplier":0.4,
			"knockback":1.3,
			"lifetime":49
			"orbSize":4,
			"drag":0.01,
			"statusDuration":240,
			"puddleSize":8,
		}
		"cryofluid": {
		    "liquid":"cryofluid"
		    "type":"LiquidBulletType"
			"speed": 4,
			"status":"freezing",
			"damage":0.2,
			"ammoMultiplier":0.4,
			"knockback":1.3,
			"lifetime":49
			"orbSize":4,
			"drag":0.01,
			"statusDuration":240,
			"puddleSize":8,
		},
		"污水": {
		    "type":"LiquidBulletType"
		    "liquid":"污水"
			"speed": 4,
			"damage":0.2,
			"status":"corroded",
			"statusDuration":240,
			"ammoMultiplier":0.4,
			"knockback":1.3,
			"lifetime":49
			"orbSize":4,
			"drag":0.01,
			"statusDuration":240,
			"puddleSize":8,
		},
		"孢子抑制液": {
		    "type":"LiquidBulletType"
		    "liquid":"孢子抑制液"
			"speed": 4,
			"status":"孢子抑制",
			"damage":0.2,
			"ammoMultiplier":0.2,
			"knockback":1.3,
			"lifetime":49
			"orbSize":4,
			"drag":0.01,
			"statusDuration":240,
			"puddleSize":8,
		},
	}
}