{
    "type": "ItemTurret",
    "name": "标枪",
    "description": "十分契合某句名言：“不必辨识我，食我的枪吧！”……",
    "shootSound": "shotgun",
    "health":1125,
    //血量
    "reload":15,
    "size": 2,
    //尺寸
	"shoot":{
		"type":"ShootSpread",
		"spread": 15
	}
    "shootCone":25,
    "recoil": 3,
    "maxAmmo":15
    "rotateSpeed": 10,
    //炮台转动速度
    "ammoPerShot": 1,
    "heatColor":"turretHeat",
    "range": 148,
    //射程
    "ammoTypes": {
        "thorium": {
            "type": "ShrapnelBulletType",
            "damage": 38,
            "length": 158,
            "reloadMultiplier": 1,
            "fromColor": "B766AD",
            "ammoMultiplier": 3
        },
        "titanium": {
            "type": "ShrapnelBulletType",
            "status":"freezing",
            "damage": 20,
            "length": 158,
            "reloadMultiplier": 1.5,
            "ammoMultiplier":5,
            "fromColor": "9DB2FAFF",
            //"incendChance": 0.5,
            // "incendAmount": 3
        },
        "surge-alloy": {
            "type": "ShrapnelBulletType",
            "status":"shocked",
            "damage": 84,
            "length": 168,
            "reloadMultiplier": 1.5,
            "ammoMultiplier": 3,
            "fromColor": "EEC900",
            //"incendChance": 1.5,
            //"incendAmount": 1,
            "knockback": 0.8
        }
    },
    "requirements": [
        "titanium/100",
        "lead/100",
        "plastanium/55",
    ],
    "category": "turret",
    "research": "ripple"
}