
{
	"type": "PowerTurret",
	"name": "电离",
	"description": "消耗电力，攻击敌方空军……",
	"targetAir":true,
	//是否攻击空军
	"targetGround":false,
	//是否攻击地面目标
	"health":280,
	//生命值
	"size":1,
	//尺寸
	"inaccuracy":4,
	//子弹偏移度
	"shoot":{
		"firstShotDelay":1
		//chargeTime:1
	}
	"reload":12,
	//射速
	"hasPower":true,
	//是否用电
	"shootSound":"lasershoot",
	//音效
	"consumes":{
		"power":2.5
	}
	"rotateSpeed":15,
	//炮台转动速度
	"range":144,
	//射程
	"shootType": {
	"type":"BasicBulletType",
	"damage":12,
	"collidesGround":false,
	//是否碰撞接地
	"status":"electrified",
	"splashDamageRadius":9,
	"splashDamage":24,
	"homingPower":0.3,
	"pierce":false,
	//是否穿透
	"height":12,
	"width":7,
	"speed":5,
	"lifetime":34,
	"hitEffect":"pointHit",
	"backColor":"00AAAA",
	"frontColor":"33FFFF",
	},
	"requirements": [
		"copper/30",
		"lead/50",
	],
	"category": "turret",
	"research": "arc"
	}
