{
    "type": "ItemTurret",
    "name": "穿山",
    "description": "看上去连山都能被它击穿……",
    "shootSound": "shotgun",
    "health":7050,
    //血量
    "reload":60,
    //攻击间隔（越小越快）
    "size": 4,
    //尺寸
    "shootCone": 80,
    "recoil": 4,
    "maxAmmo":30
    "rotateSpeed": 60,
    //炮台转动速度
    "ammoPerShot": 1,
    //弹药/发
    "heatColor": "turretHeat",
    "range": 300,
    "consumes": {
    "power":25,}
    "ammoTypes": {
        "thorium": {
            "type": "ShrapnelBulletType",
            "damage": 200,
            "length": 400,
            "reloadMultiplier":1.5,
            "fromColor": "B766AD",
            "ammoMultiplier":3,
        },
        "铧金": {
            "type": "LaserBulletType",
            "status":"melting",
            "damage":750,
            "length":350,
            "width":35,
            "hitSize":14
            "reloadMultiplier": 1.5,
            "ammoMultiplier": 2,
            "lightColor":"FF3333",
            "colors":["FF0000","FF3333","FF8888"],
            "knockback":0.7
        },
        "titanium": {
            "type": "ShrapnelBulletType",
            "status":"freezing",
            "damage": 150,
            "length": 380,
            "reloadMultiplier":2,
            "ammoMultiplier":3,
            "fromColor": "9DB2FAFF",
        },
        "phase-fabric": {
            "type": "LaserBulletType",
            "damage": 500,
            "length": 330,
            "width":30,
            "hitSize":12
            "reloadMultiplier": 0.8,
            "ammoMultiplier": 3,
            "lightColor": "FFD197FF",
            "colors":["F08D7BFF","FFD197FF","FFF2D2FF"]
        },
        "surge-alloy": {
            "type": "ShrapnelBulletType",
            "status":"shocked",
            "damage": 660,
            "length": 500,
            "reloadMultiplier": 1.2,
            "ammoMultiplier": 2,
            "fromColor": "EEC900",
            "knockback": 0.4
        }
    },
    "requirements": [
        "铧金/600",
        "titanium/750",
        "lead/1000",
        "plastanium/300",
        "thorium/500",
        "surge-alloy/400",
    ],
    "category": "turret",
    "research": "fuse"
}