{
    "type":"ItemTurret",
    "name":"裁决",
    "description":"一台重型轨道炮，消耗与伤害都很要命，常用于打击大型目标……",
    "size":4,
    "health":8240,
    "range":792,
    "canOverdrive":false,
    "rotateSpeed":1,
    "shootSound":"railgun",
    "reload":240,
    "recoil":9,
	"consumes": {
    "power":172.5,
	}
	"shoot":{
		"firstShotDelay":160
	}
	"ammoPerShot":6,
	"maxAmmo":12,
	"ammoTypes": {
	    "铧金": {
	        "type":"RailBulletType",
	        "damage":7250,
	        "length":840,
	        "knockback":15,
	        "pierce":true,
	        "ammoMultiplier":1,
	        "status":"melting",
	        "buildingDamageMultiplier":0.16,
	        "hitEffect":"blastExplosion",
	        "pointEffect": {
	            "type":"ParticleEffect",
 	            "particles":1,
	            "lifetime":30,
				"length":0,
				"sizeFrom":20,
	            "colorFrom":"FF000000",
				"colorTo":"FF0000",
	            "region":"铧金工业-diamond-wide"
		        }
			"chargeEffect": {
	        "type":"MultiEffect",
	        "layer":65,
	        "effects": [
		        {
		            "type":"ParticleEffect",
		            "particles":1,
		            "lifetime":40,
		            "length":0,
		            "sizeFrom":16,
		            "sizeTo":16,
		            "colorFrom":"FF000000",
		            "colorTo":"FF0000",
		            "region":"铧金工业-裁决-0",
		        }
				{
		            "type":"ParticleEffect",
		            "particles":1,
		            "lifetime":80,
		            "length":0,
		            "sizeFrom":16,
		            "sizeTo":16,
		            "colorFrom":"FF000000",
		            "colorTo":"FF0000",
		            "region":"铧金工业-裁决-0",
		        }
		        {
		            "type":"ParticleEffect",
		            "particles":1,
		            "lifetime":120,
		            "length":0,
		            "sizeFrom":16,
		            "sizeTo":16,
		            "colorFrom":"FF000000",
		            "colorTo":"FF0000",
		            "region":"铧金工业-裁决-0",
		        }
		        {
		            "type":"ParticleEffect",
		            "particles":1,
		            "lifetime":150,
		            "length":0,
		            "sizeFrom":16,
		            "sizeTo":16,
		            "colorFrom":"FF000000",
		            "colorTo":"FF0000",
		            "region":"铧金工业-裁决-0",
		        }
		        {
		            "type":"ParticleEffect",
		            "particles":1,
		            "lifetime":80,
		            "length":0,
		            "sizeFrom":16,
		            "sizeTo":16,
		            "colorFrom":"FF000000",
		            "colorTo":"FF0000",
		            "region":"铧金工业-裁决-1"
		        }
        {
            "type":"ParticleEffect",
            "particles":1,
            "lifetime":120,
            "length":0,
            "sizeFrom":16,
            "sizeTo":16,
            "colorFrom":"FF000000",
            "colorTo":"FF0000",
            "region":"铧金工业-裁决-1"
        }
        {
            "type":"ParticleEffect",
            "particles":1,
            "lifetime":150,
            "length":0,
            "sizeFrom":16,
            "sizeTo":16,
            "colorFrom":"FF000000",
            "colorTo":"FF0000",
            "region":"铧金工业-裁决-1"
        }
        {
      "type":"ParticleEffect",
      "particles":1,
      "lifetime":120,
      "length":0,
      "sizeFrom":16,
      "sizeTo":16,
      "colorFrom":"FF000000",
      "colorTo":"FF0000",
      "region":"铧金工业-裁决-2"
    }
    {
      "type":"ParticleEffect",
      "particles":1,
      "lifetime":150,
      "length":0,
      "sizeFrom":16,
      "sizeTo":16,
      "colorFrom":"FF000000",
      "colorTo":"FF0000",
      "region":"铧金工业-裁决-2"
    }
    {
      "type":"ParticleEffect"
      "particles":1,
      "lifetime":150,
      "length":0,
      "sizeFrom":16,
      "sizeTo":16,
      "colorFrom":"FF000000",
      "colorTo":"FF0000",
      "region":"铧金工业-裁决-3"
    }
  ]
}
    },
    "surge-alloy": {
        "type":"RailBulletType",
        "damage":4350,
        "length":824,
        "knockback":8,
        "pierce":false,
        "status":"shocked",
        "ammoMultiplier":1,
        "buildingDamageMultiplier":0.2,
        "hitEffect":"blastExplosion",
        "pointEffect": {
            "type":"ParticleEffect",
            "particles":1,
            "lifetime":30,
            "length":0,
            "sizeFrom":17,
            "colorFrom":"FFFF33",
            "colorTo":"FFFF33",
            "region":"铧金工业-diamond-wide"
        }
        "chargeEffect": {
        "type":"MultiEffect",
        "layer":65,
        "effects": [
        {
            "type":"ParticleEffect",
            "particles":1,
            "lifetime":40,
            "length":0,
            "sizeFrom":16,
            "sizeTo":16,
            "colorFrom":"FF000000",
            "colorTo":"FF0000",
            "region":"铧金工业-裁决-0",
        }
        {
            "type":"ParticleEffect",
            "particles":1,
            "lifetime":80,
            "length":0,
            "sizeFrom":16,
            "sizeTo":16,
            "colorFrom":"FF000000",
            "colorTo":"FF0000",
            "region":"铧金工业-裁决-0",
        }
        {
            "type":"ParticleEffect",
            "particles":1,
            "lifetime":120,
            "length":0,
            "sizeFrom":16,
            "sizeTo":16,
            "colorFrom":"FF000000",
            "colorTo":"FF0000",
            "region":"铧金工业-裁决-0",
        }
        {
            "type":"ParticleEffect",
            "particles":1,
            "lifetime":150,
            "length":0,
            "sizeFrom":16,
            "sizeTo":16,
            "colorFrom":"FF000000",
            "colorTo":"FF0000",
            "region":"铧金工业-裁决-0",
        }
        {
            "type":"ParticleEffect",
            "particles":1,
            "lifetime":80,
            "length":0,
            "sizeFrom":16,
            "sizeTo":16,
            "colorFrom":"FF000000",
            "colorTo":"FF0000",
            "region":"铧金工业-裁决-1"
        }
        {
            "type":"ParticleEffect",
            "particles":1,
            "lifetime":120,
            "length":0,
            "sizeFrom":16,
            "sizeTo":16,
            "colorFrom":"FF000000",
            "colorTo":"FF0000",
            "region":"铧金工业-裁决-1"
        }
        {
            "type":"ParticleEffect",
            "particles":1,
            "lifetime":150,
            "length":0,
            "sizeFrom":16,
            "sizeTo":16,
            "colorFrom":"FF000000",
            "colorTo":"FF0000",
            "region":"铧金工业-裁决-1"
        }
        {
      "type":"ParticleEffect",
      "particles":1,
      "lifetime":120,
      "length":0,
      "sizeFrom":16,
      "sizeTo":16,
      "colorFrom":"FF000000",
      "colorTo":"FF0000",
      "region":"铧金工业-裁决-2"
    }
    {
      "type":"ParticleEffect",
      "particles":1,
      "lifetime":150,
      "length":0,
      "sizeFrom":16,
      "sizeTo":16,
      "colorFrom":"FF000000",
      "colorTo":"FF0000",
      "region":"铧金工业-裁决-2"
    }
    {
      "type":"ParticleEffect"
      "particles":1,
      "lifetime":150,
      "length":0,
      "sizeFrom":16,
      "sizeTo":16,
      "colorFrom":"FF000000",
      "colorTo":"FF0000",
      "region":"铧金工业-裁决-3"
    }
  ]
}
    },
    "titanium": {
        "type":"RailBulletType",
        "damage":1050,
        "length":808,
        "knockback":4,
        "pierce":false,
        "status":"freezing",
        "ammoMultiplier":1,
        "buildingDamageMultiplier":0.3,
        "hitEffect":"blastExplosion",
        "pointEffect": {
            "type":"ParticleEffect",
            "particles":1,
            "lifetime":30,
            "length":0,
            "sizeFrom":14,
            "colorFrom":"33CCFF",
            "colorTo":"33CCFF",
            "region":"铧金工业-diamond-wide"
        }
        "chargeEffect": {
        "type":"MultiEffect",
        "layer":65,
        "effects": [
        {
            "type":"ParticleEffect",
            "particles":1,
            "lifetime":40,
            "length":0,
            "sizeFrom":16,
            "sizeTo":16,
            "colorFrom":"FF000000",
            "colorTo":"FF0000",
            "region":"铧金工业-裁决-0",
        }
        {
            "type":"ParticleEffect",
            "particles":1,
            "lifetime":80,
            "length":0,
            "sizeFrom":16,
            "sizeTo":16,
            "colorFrom":"FF000000",
            "colorTo":"FF0000",
            "region":"铧金工业-裁决-0",
        }
        {
            "type":"ParticleEffect",
            "particles":1,
            "lifetime":120,
            "length":0,
            "sizeFrom":16,
            "sizeTo":16,
            "colorFrom":"FF000000",
            "colorTo":"FF0000",
            "region":"铧金工业-裁决-0",
        }
        {
            "type":"ParticleEffect",
            "particles":1,
            "lifetime":150,
            "length":0,
            "sizeFrom":16,
            "sizeTo":16,
            "colorFrom":"FF000000",
            "colorTo":"FF0000",
            "region":"铧金工业-裁决-0",
        }
        {
            "type":"ParticleEffect",
            "particles":1,
            "lifetime":80,
            "length":0,
            "sizeFrom":16,
            "sizeTo":16,
            "colorFrom":"FF000000",
            "colorTo":"FF0000",
            "region":"铧金工业-裁决-1"
        }
        {
            "type":"ParticleEffect",
            "particles":1,
            "lifetime":120,
            "length":0,
            "sizeFrom":16,
            "sizeTo":16,
            "colorFrom":"FF000000",
            "colorTo":"FF0000",
            "region":"铧金工业-裁决-1"
        }
        {
            "type":"ParticleEffect",
            "particles":1,
            "lifetime":150,
            "length":0,
            "sizeFrom":16,
            "sizeTo":16,
            "colorFrom":"FF000000",
            "colorTo":"FF0000",
            "region":"铧金工业-裁决-1"
        }
        {
      "type":"ParticleEffect",
      "particles":1,
      "lifetime":120,
      "length":0,
      "sizeFrom":16,
      "sizeTo":16,
      "colorFrom":"FF000000",
      "colorTo":"FF0000",
      "region":"铧金工业-裁决-2"
    }
    {
      "type":"ParticleEffect",
      "particles":1,
      "lifetime":150,
      "length":0,
      "sizeFrom":16,
      "sizeTo":16,
      "colorFrom":"FF000000",
      "colorTo":"FF0000",
      "region":"铧金工业-裁决-2"
    }
    {
      "type":"ParticleEffect"
      "particles":1,
      "lifetime":150,
      "length":0,
      "sizeFrom":16,
      "sizeTo":16,
      "colorFrom":"FF000000",
      "colorTo":"FF0000",
      "region":"铧金工业-裁决-3"
    }
  ]
}
    }
}
"requirements": [
        "铧金/1250",
        "titanium/2100",
        "lead/3000",
        "surge-alloy/380",
        "plastanium/400",
        "silicon/700"
    ],
"coolant":null,
"category":"turret",
"research":"foreshadow"
}