{
    "type": "GenericCrafter",
    "name": "热熔玻璃厂",
    "outputItem": "metaglass/5",
    "size": 3,
    "hasPower": true,
    "hasLiquids": true,
    "hasItems": true,
    "craftTime": 40,
    "itemCapacity": 20,
    "liquidCapacity": 40,
    "craftEffect": "smeltsmoke",
    "updateEffect": "plasticburn",
    "consumes": {
        "power": 7,
        "liquid": "slag/0.4",
        "items": [
            "lead/4",
            "sand/4"
        ]
    },
    "drawer": {
        "type": "DrawMulti",
        "drawers": [
            {
                "type": "DrawRegion",
                "suffix": "-bottom"
            },
            {
                "type": "DrawLiquidTile",
                "drawLiquid": "slag"
            },
            "DrawDefault",
            "DrawFlame"
        ]
    },
    "requirements": [
        "thorium/80",
        "silicon/80",
        "metaglass/100"
    ],
    "category": "crafting",
    "research": "kiln"
}