{
    "type": "GenericCrafter",
    "name": "相位照射器",
    "outputItem": {
        "item": "玻尔体",
        "amount": 2
    },
    "itemCapacity": 40,
    "size": 4,
    "updateEffect": {
        "type": "WaveEffect",
        "lifetime": 30,
        "sizeFrom": 0,
        "sizeTo": 10,
        "strokeFrom": 6,
        "strokeTo": 0,
        "colorFrom": "FFF1D2",
        "colorTo": "FFD197"
    },
    "drawer": {
        "type": "DrawMulti",
        "drawers": [
            {
                "type": "DrawRegion",
                "suffix": "-bottom"
            },
            {
                "type": "DrawPistons",
                "sinMag": 28,
                "sinScl": 14.53429173,
                "lenOffset": -28,
                "sides": 4,
                "sideOffset": 1.57079633
            },
            "DrawDefault",
            {
                "type": "DrawFade",
                "scale": 2
            },
            {
                "type": "DrawGlowRegion",
                "alpha": 0.9,
                "glowScale": 3.53429173,
                "color": "FF0000FF"
            }
        ]
    },
    "craftTime": 60,
    "consumes": {
        "power": 20,
        "items": {
            "items": [
                "thorium/4",
                "silicon/4",
                "phase-fabric/4"
            ]
        }
    },
    "requirements": [
        "silicon/120",
        "metaglass/120",
        "graphite/120",
        "精炼铝/200",
        "精炼钛/200"
    ],
    "ambientSound": "techloop",
    "ambientSoundVolume": 0.56,
    "category": "crafting"
}