{
    "type": "GenericCrafter",
    "health": 360,
    "name": "铝合成器",
    "description": "使用铅和矿渣合成铝",
    "outputItem": {
        "item": "铝",
        "amount": 1
    },
    "itemCapacity": 10,
    "size": 2,
    "hasPower": true,
    "hasLiquids": false,
    "hasItems": true,
    "craftTime": 50,
    "consumes": {
        "power": 1,
        "items": [
            "lead/1"
        ],
        "liquids": [
            "slag/0.2"
        ]
    },
    "drawer": {
        "type": "DrawMulti",
        "drawers": [
            {
                "type": "DrawRegion",
                "suffix": "-bottom"
            },
            {
                "type": "DrawLiquidTile",
                "drawLiquid": "slag"
            },
            "DrawDefault",
            {
                "type": "DrawGlowRegion",
                "alpha": 0.6,
                "glowScale": 6,
                "color": "FF0000FF"
            }
        ]
    },
    "requirements": [
        "copper/40",
        "silicon/30"
    ],
    "updateEffect": "melting",
    "craftEffect": "smeltsmoke",
    "category": "crafting",
    "research": "silicon-smelter"
}