{
    "name":"一级武装"
    "description":"初级的武装"
	"damageMultiplier":1.2
	//攻击力倍率（数值越大，攻击力越高）
	"healthMultiplier":1.5
	//血量倍率（数值越大，血量最大上限越高）
	"speedMultiplier":1
	//速度倍率（数值越大，移动越快）
	"reloadMultiplier":1.3
	//射速倍率（数值越大，射速越快）
	"damage":-0.05
	//每1/60秒扣血速度（负数为回血）
	"permanent":false
	//如果为ture
	//这个状态永远存在于此单位身上，除非单位死亡
	//如果为false 则没有永远存在的效果
	"reactive":false
	//如果为true，则此效果将仅与其他效果反应无法应用
	"color":"434343"
	//状态颜色
	"effect": {
	    "type":"ParticleEffect"
	    "particles":1
	    "length":0
	    "lifetime":38
	    "sizeFrom":1
	    "sizeTo":3
	    "colorFrom":"d9d9d9"
	    "colorTo":"434343"
	}
	//效果
	"effectChance":0.3
	//效果数量（数值越大,效果越多越密集）
}