{
    "name":"沉重"
    "description":"把你压死……"
	"damageMultiplier":1,
	//攻击力倍率（数值越大，攻击力越高）缴械
	"healthMultiplier":1,
	//血量倍率（数值越大，血量最大上限越高）
	"speedMultiplier":0.3,
	//速度倍率（数值越大，移动越快）
	"reloadMultiplier":0.7,
	//射速倍率（数值越大，射速越快）
	"damage":8.3333333333333
	//每1/60秒扣血速度（负数为回血）
	"permanent":false,
	//如果为ture
	//这个状态永远存在于此单位身上，除非单位死亡
	//如果为false 则没有永远存在的效果
	"reactive":false,
	//如果为true，则此效果将仅与其他效果反应无法应用
	"color":"212121",
	//状态颜色
	"disarm":false,
	//是否解除武装
	"effect": {
	    "type":"ParticleEffect"
	    "particles":10
	    "length":0
	    "lifetime":38
	    "sizeFrom":1
	    "sizeTo":4
	    "colorFrom":"d9d9d9"
	    "colorTo":"434343"
	}
	//效果
	"effectChance":3
	//效果数量（数值越大,效果越多越密集）
	    //影响因素
}