{
   "type": "GenericCrafter",
   "name": "塑料制造厂(老旧)",
   "description": "一个老旧的塑料制造厂",
   "details": "计划融入时期的塑料制造厂",
   "liquidCapacity": 50,
   "outputItem": {
      "item": "塑料",
      "amount": 5
   },
   "size": 2,
   "hasPower": false,
   "hasLiquids": true,
   "hasItems": true,
   "craftTime": 64,
   "consumes": {
      "items": {
         "items": [
            "spore-pod/1"
         ]
      },
      "liquid": "oil/0.2"
   },
   "requirements": [
      "lead/20",
      "metaglass/20",
      "copper/15",
      "考古模块/1"
   ],
   "drawer": [
      {
         "type": "DrawDefault"
      },
      {
         "type": "DrawFlame",
         "flameColor": "#8499C4"
      }
   ],
   "category": "crafting",
   "craftEffect": "formsmoke",
   "updateEffect": "smeltsmoke",
   "updateEffectChance": 0.04,
   "research": {
      "parent": "考古",
      "requirements": [
         "qwe/40",
         "qwa/5"
      ]
   }
}