{
    "type": "UnitFactory",
    "health": 1390,
    "size": 4,
    "consumes": {
        "power": 5.0
    },
    "plans": [
        {
            "unit": "荒栾制泡者",
            "time": 120,
            "requirements": [
                "血肉/60"
            ]
        },
        {
            "unit": "荒栾爬行者",
            "time": 60,
            "requirements": [
                "血肉/60"
            ]
        },
        {
            "unit": "荒栾焰熄者",
            "time": 100,
            "requirements": [
                "血肉/160"
            ]
        },
        {
            "unit": "荒栾御动者",
            "time": 200,
            "requirements": [
                "血肉/300"
            ]
        },
        {
            "unit": "荒栾躁动者",
            "time": 160,
            "requirements": [
                "血肉/150"
            ]
        },
        {
            "unit": "骤变传染者",
            "time": 900,
            "requirements": [
                "血肉/800"
            ]
        },
        {
            "unit": "骤变抵作者",
            "time": 350,
            "requirements": [
                "血肉/350"
            ]
        },
        {
            "unit": "骤变染息者",
            "time": 380,
            "requirements": [
                "血肉/390"
            ]
        },
        {
            "unit": "骤变侍魂者",
            "time": 190,
            "requirements": [
                "血肉/200"
            ]
        },
        {
            "unit": "根生尽烬者",
            "time": 400,
            "requirements": [
                "血肉/600"
            ]
        },
        {
            "unit": "荒栾冲刺者",
            "time": 290,
            "requirements": [
                "血肉/200"
            ]
        },
        {
            "unit": "根生潺率者",
            "time": 300,
            "requirements": [
                "血肉/120"
            ]
        }
    ],
    "requirements": [
        "lead/190",
        "铜板/100",
        "silicon/150",
        "钛板/90",
        "血肉/114"
    ],
    "category": "units"
}