{
   "name": "流体阀",
   "description": "能够限制流体最大流量,提供单向压强,平整化流体流速\n请尽量不要让这东西对着原版方块之外的任何东西,相信我...不要这么做",
   "health": 1000,
   "rotate": true,
   "size": 1,
   "hasPower": true,
   "hasLiquids": true,
   "hasItems": false,
   "liquidCapacity": 20,
   "requirements": [
      {
         "item": "copper",
         "amount": 10
      },
      {
         "item": "lead",
         "amount": 10
      },
      {
         "item": "silicon",
         "amount": 20
      },
      {
         "item": "塑料",
         "amount": 40
      }
   ],
   "category": "liquid",
   "research": {
      "parent": "liquid-router",
      "objectives": [
         {
            "type": "SectorComplete",
            "preset": "tarFields"
         }
      ]
   }
}