{
    "type": "AttributeCrafter",
    "legacyReadWarmup": true,
    "displayEfficiency": true,
    "baseEfficiency": 0.5,
    "boostScale": 0.3,
    "maxBoost": 8.5,
    "minEfficiency": 0.05,
    "attribute": "heat",
    "health": 900,
    "size": 2,
    "hasPower": true,
    "hasLiquids": true,
    "hasItems": true,
    "craftTime": 60,
    "itemCapacity": 55,
    "liquidCapacity": 50,
    "drawer": {
        "type": "DrawMulti",
        "drawers": [
            "DrawDefault",
            {
                "type": "DrawLiquidRegion",
                "suffix": "-liquid",
                "drawLiquid": "water"
            }
        ]
    },
    "consumes": {
        "power": 3,
        "liquid": "water/0.1"
    },
    "outputItem": "血肉/1",
    "requirements": [
        "copper/170",
        "silicon/40",
        "graphite/30",
        "铜板/30"
    ],
    "category": "crafting"
}