{
	"type": "ContinuousLiquidTurret",
	"name": "恐惧",
	"description": "敌向人发射火焰",
    "size": 3,
    "health": 1500,
    "ammoPerShot": 10,
    "range": 210,
    "inaccuracy": 2,
    "rotatespeed": 4,
    "maxAmmo": 50,
    "consumes":{
        "power":5
		"coolant": {
			"amount": 0.1,
			"optional": true
		}
	},
    "recoil": 0,
    "recoils": 0,
    "shootCone": 15,
    "shoot": {
		"shots": 1,
		"shotDelay": 1,
		"type": "ShootAlternate",
		"barrels": 1,
		"spread": 8.5
    },
    "shootSound":"none"
    "targetGround": true,
	"ammoTypes": {
		"高温溶液": {
		"type": "ContinuousFlameBulletType",//升华
		"damage": 80,//伤害
		"length": 215,//长度，建议和距离相等
		"knockback":0,//击退效果
		"pierceCap":2,//穿透能力
		"status":"burning",
		"statusDuration":300,
		"colors": [
		"92ABFF7F",
		"92ABFFA2",
		"92ABFFD3",
		"92ABFFFF",
		"D4E0FFFF"
		],
		"flareColor":"92ABFFFF",//十字颜色
		"hitColor":"92ABFFFF"
		}
	},
	"researchCostMultiplier": 0.5,
	"requirements": [
		{
			"item": "银",
			"amount": 200
		},
		{
			"item": "copper",
			"amount": 150
		}
	    {
			"item": "lead",
			"amount": 500
		},
        {
			"item": "silicon",
			"amount": 50
		},
	],
  "drawer": {
    "type": "drawTurret",
    "parts": [
      {
        "type": "RegionPart",
        "suffix": "-侧",
        "moveX": 2,
        "moveRot": -5,
        "moveY": 1,
        "mirror": true,
        "progress": "warmup"
      },
    ]
  },
	"category": "turret",
	"research":"特级核心"
}