{
	"type": "LiquidTurret",
	"name": "腐臭",
	"description": "用强大的压力将硫酸发射出去，对敌人造成大量伤害，同时对敌人造成腐蚀效果",
	"health": 2300,
	"size": 4,
	"reload":180,
	"range": 180,
	"shootSound":"splash",
	"targetGround":true,
	"targetAir":true,
	"inaccuracy": 11,
	"recoil":8
        "shoot":{
    	"type":"ShootAlternate",
    	"barrels":1,
	    "shotDelay":0,
		//炮口数量
		"spread":10,
		//炮口间距设定
		 "shots":20
    }
	"rotateSpeed": 5,
	"shootY":10
	"liquidCapacity": 100,
	"ammoTypes": {
"硫酸":{
"type": "LiquidBulletType",
	"liquid": "硫酸",
	"speed": 6.55,
	"lifetime":30,
    "orbSize": 3,
	"knockback":5.2,
	"statusDuration":120,
	"status":"corroded",
	"damage": 20}
}
	"requirements": [//建造消耗
	"化钢/140",
	"lead/200",
	"silicon/220"
	"metaglass/320"
	],
	"category": "turret",
	"research": {
	"parent":"光刃"
	"objectives": [
            {
				"type": "OnSector",
				"preset": "孢子平原"
			}
	]
	}
	"researchCostMultiplier": 0.2,
	        "canOverdrive": false,
	}