{	
"type": "ItemTurret",
"name":"远程护盾发射器"
"description": "向远方发射一个护盾，可抵挡大部分伤害，一定时间后远程护盾便会自毁",
	"health": 1500,
	"size": 3,
	"reload": 300,
	"range": 500,
	"maxAmmo":90,
    "ammoPerShot": 45,
	"targetAir": false,
	"targetGround": true,
	"consumes": {
	"coolant":{"amount":0.3,"optional":true}  
		},
	"ammoUseEffect": "casing2Double",
	"inaccuracy": 7,
	"rotateSpeed": 6,
	"shake":0,
	"shootSound": "artillery"
	"shoot": {
		"shots": 1,
		"shotDelay": 0
		"shootY": -2
		"shootX": -2
	},
    "shootEffect": "none"
	"targetGround": true,
	"targetAir": false,
	"recoilTime": 30,
	"recoil": 2,
	"ammoUseEffect": "none",
	"ammoTypes": {
		"相位石": {
		"type": "ArtilleryBulletType",
		"speed": 6,
		"lifetime": 160,
		"width": 15,
		"height": 15,
		"knockback": 1,
		"backColor": "FF8C00",
		"frontColor": "FFB90F",
		"shootEffect": "shootBig",
		"splashDamageRadius": 0,
		"splashDamage": 0,
		"makeFire": false,
		"targetAir": true,
		"targetGround": false,
		"hitEffect": "explosion",
		"despawnEffect": "explosion",
		"fragBullets": 1,
		"fragBullet": {
		"spawnUnit": "远程护盾"
		}
	}
}
	"requirements": [//建造消耗
	"化钢/180",
	"silicon/200",
	"lead/120",
	"火石矿/80"
	],
	"category": "turret",
	"research":"审判"
	"researchCostMultiplier": 0.5,
	"canOverdrive": false,
}