{
	"type":"ItemTurret",
	"name":"连传",
	"description":"审判的近战版本？",
	"size":3,
	"health":3900,
	"range":300,
	"rotateSpeed":2
	"recoil":6,//后坐力,
	"reload":180,
	"maxAmmo":30,//最大弹药
	 "ammoPerShot":10,
			    "consumes": {
        "power": 10,
        "coolant": {
            "amount": 0.2,
            "optional": true
        }
        }
	"category":"turret",
	"research": "审判",
	"reloadTime":600,
	"restitution":5.6,
	"ammoUseEffect":"casing3Double",
	"recoilAmount":10,
	"cooldown":20,
	"shootShake":24,
	"collidesTiles": true,
	"shootY": 2,
	"shoot":{
		"shots":5,
	    "shotDelay":3,
		"type":"ShootAlternate",
		"barrels":1,
		"spread":12
	},
	"shootSound":"shotgun",
	"ammoTypes":{
	 "裂位合金":{
    "type": "BasicBulletType"
    "damage": 60,
    "speed": 8,
    "lifetime":30,
    "width": 20,
	"height": 20,
	"reflectable": false
            "fragBullets": 3,
            "fragVelocityMax": 1,//最大速度倍率
            "fragVelocityMin": 1,//最小速度倍率
"fragSpread": 12,//固定间隔        
"fragRandomSpread": 0,//随机范围            
    
            "backColor":"FFF2D6FF",
            "frontColor":"FFD59EFF",
"fragBullet": {
            "type": "BasicBulletType",
            "speed": 8,
            "lifetime": 30
      "collides":false,         
             "fragBullets": 1,
             "fragAngle": 180,//分裂基准
"fragRandomSpread": 0,//随机范围            
            "backColor":"EAB678FF",
            "frontColor":"EAB678FF",
     	"hitEffect": "none"
"despawnEffect":"none"
"fragBullet": {
    "type": "LaserBulletType",
    "damage": 20,
    "colors": ["FFD37FFF", "FFD37FFF", "EA8878FF"],
    "lifetime": 16.00,
    "collidesAir": false,
    "length": 310.00,
	"width":18,
}	// "fromColor":"CB8EBFFF"
        }        	
       }
	},
	"coolantMultiplier":4
	"requirements":[
		"copper/250",
	    "化钢/130",
	     "silicon/300", 
	   "裂位合金/80", 
		 "钛板/230", 
		 "绯红合金/100", ],

}