{
	"type": "UnitFactory",
	"name": "舰船构造厂",
	"description": "构造舰船单位\n \n[green][新纪元集团基础兵工厂]",
    "health":340,
	"size":3,
	"consumes":{"power":1.2,},
	"plans":[
	{ "unit": "奇思妙想-急流", 
	"time": 360, 
	"requirements": [ 
{ "item": "beryllium", "amount": 30},
{ "item": "graphite", "amount": 35}
	]	},	
	],
	"requirements": [
    { "item": "beryllium", "amount": 240},
    { "item": "graphite", "amount": 120},
    { "item": "silicon", "amount": 175},
    ]
 	"category":"units",
"research": {
	"parent":"mech-fabricator"
	"objectives": [
            {
				"type": "SectorComplete",
				"preset": "lake"
			}
	]
	}
	"researchCostMultiplier": 0.5
}