{
	"type": "BeamNode",//类型
	"category": "power",//菜单栏
	"name": "光束节点",//名字
	"description": "连接节点，传输能量，储存电量。",//介绍

	"research": "fb-01蒸汽发电机"//科技树前置

	"requirements": [//建造花费
	"铁/15",
	],

	"consumes":{"powerBuffered":4000},//电池

	"size": 1,//平方大小
	"health": 300,//血量
	"range": 20,//范围
	"fogRadius": 1,//战争迷雾范围
	"hasPower": true,//有电
	"outputsPower": true,//输出电力
	"consumesPower": true,//消耗电力
	"laserColor2": "FFD37FFF",//激光颜色
}