{
	"type": "ThermalGenerator",//类型HeaterGenerator
	//ThermalGenerator
	"category": "power",//菜单栏
	"name": "蒸汽发电机",//名字
	"description": "利用蒸汽发电",//介绍

	"ambientSound": "hum",//
	"ambientSoundVolume": 0.06,//
	"generateEffect": "turbinegenerate",//
	"effectChance": 0.04,//
	"blurThresh": 0.01,//

	"drawer": {"type": "DrawMulti",
	"drawers": [
		{"type": "DrawRegion",
		"suffix": "-bottom"
		},
		{"type": "DrawBlurSpin",
		"suffix": "-rotator"
		},
		"DrawDefault",
		]	}

	"research": {
	"parent": "ha-01启航"//科技树前置
	"requirements": [//建造消耗
	"铁/30",
	"锡/20",
	]}
	"requirements": [//建造消耗
	"铁/60",
	"锡/40",
	],

	"size":3,//平方大小
	"attribute":"steam"//需求地板
	"fogRadius": "3",
	"health":1420,//血量
	"floating":false,//不稳定
	"powerProduction":0.33333333333,//电力生产,帧
	"displayEfficiency":false,//
	"minEfficiency":8.9999,//
	"displayEfficiencyScale":0.1111111111111,//
}