{
    "type":"ConsumeGenerator"
    "name":"涡轮发电机"
	"description":"利用水来发电。"
	"details":""
    "category": "power",
      "health": 1320,
    "requirements": [
        "铁/75"
        "锡/75"
        "硅晶玻璃/60"
        "钢/50"
    ],
    "size": 3,
    "itemCapacity": 30,
    "hasLiquids": true,
    "powerProduction": 8,
    "liquidCapacity":60,
    "research": "f0a-01光束节点"
"drawer": {
    "type": "DrawMulti",
    "drawers": [
      {
        "type": "DrawRegion",
        "suffix": "-bottom"
      },
      {
		"type": "DrawLiquidTile",
		"drawLiquid": "water"
	  },
      {
        "type": "DrawParticles",
        "color": "66B1FFFF",
        "alpha": 0.4,
        "blending": "additive",
        "particleSize": 5,
        "reverse": true,
        "particleRad": 12,
        "particles": 36,
        "fadeMargin": 1,
        "rotateScl": 7,
        "particleLife": 60
      },
      {
        "type": "DrawParticles",
        "color": "66B1FFFF",
        "alpha": 0.4,
        "reverse": true,
        "blending": "additive",
        "particleSize": 7,
        "particleRad": 12,
        "particles": 36,
        "fadeMargin": 1,
        "rotateScl": 7,
        "particleLife": 80
      },
      {
        "type": "DrawPlasma",
        "suffix": "-plasma-",
        "plasma1": "5a58c4",
        "plasma2": "7382f0"
      },
      {
        "type": "DrawDefault"
      },
    ]
  }
  "consumes": {
  "itemFlammable": {},
    "liquids": [
      "water/0.2"
    ]
  },
}