{
    "type": "ThermalGenerator",
    "name": "小内能熔炉",
    "description": "地热发电机，不发电留着干吗 ？",
    "size": 1,
    "health": 80,
    "hasLiquids": false,
    "hasItems": false,
    "powerProduction": 0.5,
    	"placeableLiquid":true,
	"requiresWater":false,
	//是否只能在水上
    "requirements": [
        {
            "item": "beryllium",
            "amount": 55
        },
        {
            "item": "tungsten",
            "amount": 80
        },
        {
            "item": "graphite",
            "amount": 35
        },
        {
            "item": "silicon",
            "amount": 35
        }
    ],
    "floating": true,
    "attribute": "heat",
    "category": "power",
    "research": "大气炉"
}