{
    "type": "ThermalGenerator",
    "name": "简易内能熔炉",
    "description": "地热发电机，不发电留着干吗 ？",
    "size": 1,
    "health": 60,
    "hasLiquids": false,
    "hasItems": false,
    "powerProduction": 0.3,
    	"placeableLiquid":true,
	"requiresWater":false,
	//是否只能在水上
    "requirements": [
        {
            "item": "beryllium",
            "amount": 30
        },
        {
            "item": "tungsten",
            "amount": 30
        },
        {
            "item": "graphite",
            "amount": 20
        },
        {
            "item": "silicon",
            "amount": 30
        }
    ],
    "floating": true,
    "attribute": "heat",
    "category": "power",
    "research": "小地热"
}