{
	"type": "ImpactReactor",
	"name": "冲击巨浪",
	"description": "双倍的材料，双倍的电力。超先进科技.",
	"size": 4,
	"plasmas": 4,
	"craftTime": 60,
	"updateEffect": "smeltsmoke",
	"explosionRadius": 50,
	"explosionDamage": 5000,
	"warmupSpeed": 0.0011,
	"hasPower": true,
	"hasLiquids": true,
    "itemDuration": 200,
	"liquidCapacity": 30,
	"powerProduction": 190,
	"hasItems": true,
	"outputsPower": true,
	"consumesPower": true,
	"plasma1": "ffd06b",
	"plasma2": "ff361b",
	"consumes": {
		"power": 0.7,
		"items": {
			"items": [
			{ "item": "surge-alloy", "amount":1 },
			{ "item": "blast-compound", "amount":1 }
			]
	      },
		  "liquid": {
			"liquid": "巨浪溶液",
			"amount": 0.25
			}
		},
		"warmupSpeed": 0.0011,
		"itemDuration": 200,
		
	"requirements": [
		{ "item": "lead", "amount": 100 },
		{ "item": "copper", "amount": 100 },
		{ "item": "silicon", "amount": 50 },
		{ "item": "surge-alloy", "amount": 200 },
		{ "item": "titanium", "amount": 150 },
		{ "item": "plastanium", "amount": 500 },
		{ "item": "metaglass", "amount": 100 },
		{ "item": "金", "amount": 200 },
		{ "item": "超巨浪合金", "amount": 50 },
		{ "item": "轻合金", "amount": 5 },
		{ "item": "铂", "amount": 100 },
		{ "item": "铁", "amount": 500 },
		{ "item": "thorium", "amount": 50 },
		{ "item": "graphite", "amount": 50 }
	],
	"category": "power",
	"idleSound": "respawning",
	"research": "revenant-factory",
	"idleSoundVolume": 0.5
}
