{
	"type": "GenericSmelter",
	"name": "分离金",
	"description": "少量金.",
	"outputItem": {"item": "金", "amount": 1},
	"size": 2,
	"hasPower": false,
	"hasLiquids": false,
	"hasItems": true,
	"craftTime": 60,
	"updateEffect": "smeltsmoke",
	"consumes": {
		"power": 0.7,
		"items": {
			"items": [
				{ "item": "轻型沙金", "amount":10 },
			]
	      }
		  "liquid": {
			"liquid": "water",
			"amount": 0.1
			}
		},
		
	"requirements": [
		{ "item": "lead", "amount": 100 },
		{ "item": "copper", "amount": 100 },
		{ "item": "铀", "amount": 50 },
		{ "item": "超巨浪合金", "amount": 10 }
	],
	"category": "crafting",
	"idleSound": "respawning",
	"idleSoundVolume": 0.5
	"research": "revenant-factory"
}
