{
	"type": "GenericSmelter",
	"name": "合成站",
	"description": "融入高分子进行高级制造",
	"outputItem": {"item": "玻璃钢", "amount": 1},
	"size": 2,
	"hasPower": true,
	"hasLiquids": false,
	"hasItems": true,
	"craftTime": 60,
	"updateEffect": "smeltsmoke",
	"consumes": {
		"power": 0.7,
		"items": {
			"items": [
				{ "item": "玻璃纤维", "amount": 10 },
				{ "item": "高分子材料", "amount": 10 },
			]
	      }
		  "liquid": {
			"liquid": "water",
			"amount": 0.1
			}
		},
		
	"requirements": [
		{ "item": "lead", "amount": 500 },
		{ "item": "copper", "amount": 500 },
		{ "item": "铀", "amount": 60 },
		{ "item": "铂", "amount": 60 }
	],
	"category": "crafting",
	"idleSound": "respawning",
	"idleSoundVolume": 0.5
	"research": "revenant-factory"
}
