{
	"type": "GenericSmelter",
	"name": "大硅炼厂",
	"description": "使用更少的物品，使用更强的工厂.",
	"outputItem": {"item": "silicon", "amount": 5},
	"size": 2,
	"hasPower": true,
	"hasLiquids": false,
	"hasItems": false,
	"craftTime": 60,
	"updateEffect": "smeltsmoke",
	"consumes": {
		"power": 0.7,
		"items": {
			"items": [
				{ "item": "coal", "amount":1 },
			]
	      }
		  "liquid": {
			"liquid": "巨浪溶液",
			"amount": 0.25
			}
		},
		
	"requirements": [
		{ "item": "lead", "amount": 100 },
		{ "item": "copper", "amount": 100 },
		{ "item": "silicon", "amount": 50 },
		{ "item": "graphite", "amount": 50 }
	],
	"category": "crafting",
	"idleSound": "respawning",
	"research": "revenant-factory",
	"idleSoundVolume": 0.5
}
