{
	"type":"Drill",
	"name": "巨浪钻头",
	"description": "巨浪合金的真正力量",
	"size":4,
	"health":500,
	"hasPower":true,
	"PowerUse":1,
	"drawMineItem":true,
	"drillTime":30,
	"drawRim":false,
	"hasItems":true,
	"warmupSpeed":3,
	"tier":5,
	"hasLiquids":true,
	"liquidBoostIntensity":1,
	"itemCapacity":1000,
	"liquidCapacity":20,
	"consumes":{
		"power":10.0,
		"liquid":{
			"liquid":"巨浪溶液",
			"amount":0.05
		}
	},
	"requirements": [
		{ "item": "copper", "amount":200},
		{ "item":"surge-alloy","amount": 50 },
		{ "item":"铂板","amount": 100 },
		{ "item":"金","amount": 50 },
		{ "item":"超巨浪合金","amount": 3 },
		{ "item":"轻合金","amount": 1 }
	],
	"category": "production",
	"research": "revenant-factory"
}