{
	"type": "itemTurret",
	"name": "弹雨",
	"description": "射程很近，但是反射出去的子弹有弹雨一般效果!!.",
	"health": 15000,
	"size": 4,
	"reload": 1,
	"range": 2500,
	"recoil": 4,
	"inaccuracy": 3,
	"rotatespeed": 3,
	"shootSound": "shotgun",
	"ammoUseEffect": "shellEjectBig",
 "ammo": {
	  "铂": {
		 "speed": 5,
			"damage": 35,
			"splashDamageRadius": 30,
			"splashDamage": 35,
			"knockback": 10,
			"fragBullets": 10,
   "fragBullet": {
		 "speed": 10,
			"damage": 10,
			"bulletWidth": 10,
			"splashDamage": 40,
			"splashDamageRadius": 40,
			"lifetime": 160,
			"bulletHeight": 11,
			"backColor": "AED581",
			"frontColor": "C5F1A5",
			"hitEffect": "formsmoke",
			"collides": true,
			"keepVelocity": true
			
		},
			"bulletWidth": 19,
			"bulletHeight": 11,
			"shootEffect": "shootBigSmoke",
			"smokeEffect": "formsmoke",
			"hitEffect": "plasticExplosionFlak",
			"ammoMultiplier": 1,
			"lifetime": 23,
			"collides":true,
			"keepVelocity":true,
			"backColor": "C5E1A5",
			"frontColor": "AED581"  
		}
	},
	"requirements": [
		{ "item": "铀", "amount": 150 },
		{ "item": "铂", "amount": 90 },
	 { "item": "超巨浪合金", "amount": 30 }
		
	],
	"category": "turret",
	"research": "revenant-factory"
}
