{
	"type": "GenericSmelter",
	"name": "提炼机",
	"description": "最伟大发明.",
	"outputItem": {"item": "surge-alloy", "amount": 1},
	"size": 2,
	"hasPower": true,
	"hasLiquids": false,
	"hasItems": true,
	"craftTime": 60,
	"updateEffect": "smeltsmoke",
	"consumes": {
		"power": 0.7,
		"items": {
			"items": [
				{ "item": "巨浪矿", "amount":10 }
			]
	      },
		  "liquid": {
			"liquid": "water",
			"amount": 0.25
			}
		},
		
	"requirements": [
		{ "item": "lead", "amount": 100 },
		{ "item": "copper", "amount": 100 },
		{ "item": "silicon", "amount": 50 },
		{ "item": "graphite", "amount": 100 }
	],
	"category": "crafting",
	"idleSound": "respawning",
	"idleSoundVolume": 0.5,
	"research": "revenant-factory"
}
