{
	"type": "GenericSmelter",
	"name": "极限切割机",
	"description": "可以把金切成金丝绒.",
	"outputItem": {"item": "金丝绒", "amount": 4},
	"size": 2,
	"hasPower": true,
	"hasLiquids": false,
	"hasItems": true,
	"craftTime": 60,
	"updateEffect": "smeltsmoke",
	"consumes": {
		"power": 0.7,
		"items": {
			"items": [
				{ "item": "金", "amount":2 }
			]
	      },
		  "liquid": {
			"liquid": "water",
			"amount": 0.25
			}
		},
		
	"requirements": [
		{ "item": "lead", "amount": 500 },
		{ "item": "copper", "amount": 500 },
		{ "item": "超巨浪合金", "amount": 5 },
		{ "item": "graphite", "amount": 100 }
	],
	"category": "crafting",
	"idleSound": "respawning",
	"research": "revenant-factory",
	"idleSoundVolume": 0.5
}
