{
	"type": "itemTurret",
	"name": "蜂群导弹",
	"description": "牛逼!.",
	"health": 1500,
	"size": 3,
	"reload": 1,
	"range": 2500,
	"recoil": 4,
	"inaccuracy": 15,
	"rotatespeed": 3,
	"shootSound": shotgun,
	"ammoUseEffect": "shellEjectBig"
 "ammo": {
	  "lead": {
		 "speed": 10,
			"damage": 15,
			"splashDamageRadius": 30,
			"splashDamage": 20,
			"knockback": 20,
			"fragBullets": 20,
   "fragBullet": {
		 "speed": 20,
			"damage": 20,
			"splashDamageRadius": 20,
			"splashDamage": 20,
			"lifetime": 20,
			"bulletWidth": 20,
			"bulletHeight": 21,
			"backColor": "C5E1A5",
			"frontColor": "AED581",
			"hitEffect": "formsmoke"
			"collides": true,
			"keepVelocity": true,
		},
			"bulletWidth": 29,
			"bulletHeight": 21,
			"shootEffect": "shootBigSmoke",
			"smokeEffect": "formsmoke",
			"hitEffect": "plasticExplosionFlak",
			"ammoMultiplier": 1,
			"lifetime": 230,
			"collides":true,
			"keepVelocity":true,
			"backColor": "C5E1A5",
			"frontColor": "AED581"  
		}
	},
	"requirements": [
		{ "item": "surge-alloy", "amount": 1 }
		
	],
	"category": "turret",
	"research": "revenant-factory"
}
