{
	"name": "轻机台",
	"description": "生产轻机",
	"type": "UnitFactory",
	"unitType": "轻机-mech",
	"size": 2,
	"health": 850,
	"produceTime": 2160,
	"maxSpawn":3,
	"consumes": {
		"power": 3,
		"items": {
			"items": [
				{"item": "copper", "amount": 20}
			]
		}
	},
	"category": "turret",
	"research": "revenant-factory",
	"requirements": [
        { "item": "超巨浪合金","amount": 60},
        { "item": "copper", "amount": 125 },
        { "item": "plastanium", "amount": 85 },
		{ "item": "金", "amount": 125 },
		{ "item": "silicon", "amount": 110 },
		{ "item": "thorium", "amount": 50 },
        { "item": "titanium", "amount": 150 }
	]
}
