
{
	"type": "chargeTurret",
	"name": "雷影投射炮",
	"description": "使用后发射数枚高速弹，命中后爆出难以看见的小粒子，几秒后发出巨大闪电，攻击敌人！但炮台机体十分的脆弱，注意防护",
	"targetAir": true,
	"targetGround": true,
	"health": 100,
	"size": 4,
	"inaccuracy": 8,
	"chargeTime": 200,
    "chargeMaxDelay":0,
    "chargeEffects": 10,
	"recoil": 3,
	"hasPower": true,
	"shots": 5,
	"spacing":3,
	"shootSound" : "laser",
	"shootEffect": "lancerLaserShoot",
    "smokeEffect": "lightningShoot",
    "chargeEffect": "lancerLaserCharge",
    "chargeBeginEffect": "lancerLaserChargeBegin",
	"powerUse": 14,
	"rotateSpeed": 5,
	"range": 250,
	"requirements": [
		{ "item": "超巨浪合金", "amount": 30 },
		{ "item": "金", "amount": 60 },
		{ "item": "轻合金", "amount": 10 },
		{ "item": "titanium", "amount": 1000 },
		{ "item": "copper", "amount": 200 },
		{ "item": "silicon", "amount": 45 },
		{ "item": "lead", "amount": 150 },
		{ "item": "thorium", "amount": 100 },
		{ "item": "plastanium", "amount": 45 },
		{ "item": "铂板", "amount": 60 }
	],
	"category": "turret",
	"research": "lancer",
	
	
	"shootType": {
	"type" : "ArtilleryBulletType",
	"collidesTiles":true,
	"shots": 5,
	"spacing":1,
	"collidesAir":true,
	"collides":true,
	"damage": 30,
	"bulletWidth": 7,
	"backColor":"ffff00",
	"bulletShrink":0.1,
	"frontColor":"ffff00",
	"heatColor":"ffff00",
    "trailColor":"ffff00",
	"bulletHeight": 50,
	"pierce": true,
	"speed": 10,
	"lifetime": 17,
	"hitEffect": "hitLancer",
	"fragBullets":1,
    "fragBullet":"lightning",
    "bulletSprite":"巨浪弹",
	"hitSide": 5
	
	  "fragBullet": {
		 "speed": 0.3,
			"damage": 100,
			"bulletWidth": 5,
			"splashDamage": 10,
			"splashDamageRadius": 10,
			"lifetime": 10,
			"bulletHeight": 4,
			"backColor": "ffff00",
			"frontColor": "ffff00",
		    "fragBullet":"lightning",
			"hitEffect": "formsmoke",
			"collides": true,
			"keepVelocity": true
			"bulletWidth": 3,
			"bulletHeight": 2,
			"shootEffect": "shootBigSmoke",
			"smokeEffect": "formsmoke",
			"hitEffect": "plasticExplosionFlak",
			"ammoMultiplier": 1,
			"lifetime": 360,
			"collides":true,
			"keepVelocity":true,
			"backColor": "ffff00",
			"frontColor": "ffff00"  
		}
	}
}