{
	"type": "legs",
	"legCount": 4
	"legLength": 6
	"legForwardScl": 1
	
	"legLengthScl":1
	"legSpeed":0.3
	"legMoveSpace": 0.01
	"legBaseOffset":0
	
	"legExtension":1
	"legPairOffset":0
	
	"description": "核心单位，用于保护进阶核心。\n\n[blue][超限集团重型核心爬虫]",
				"immunities": [
"burning","freezing","melting","spore-slowed","shocked","列阵","甲板损坏"
	],
	"abilities": [
	{
        "type": "RepairFieldAbility"
        "amount":3
        "reload": 240
        "range": 22
    }
	],
			"ammoType":{
	"type":"PowerAmmoType",
	"totalPower":2200},
	"ammoCapacity": 700
	"hovering": true,
	"canDrown": false,
		"maxRange": 400
	"name": "普西",
	"canBoost": false,
	"speed": 1.05
	"hitSize": 2
	"health": 420,
	"armor": 0
	"drag": 0.2,
	"rotateSpeed": 0.85,
	"itemCapacity": 50,
	"buildSpeed":1
	"mineTier":1
	"mineSpeed":3
	"healColor": "c0ecff"
  "shieldColor": "c0ecff"
	"faceTarget": true,
	"weapons": [
	{
			"name": "袒护1",
			"reload": 120,
			"x": -3
			"y": 0
			"rotate": false,
			"top": false,
			"recoil": 1,
			"inaccuracy": 0,
			"alternate": true,
			"mirror":false,
			"shootSound": "laser",
			//"controllable":false
			"shake": 2,
			"shootCone":30
			"recoilTime": 60
			"bullet": {
	"status": "脆裂",
			"statusDuration": 330,
		"collidesGround":true,
			"collidesAir":true,
	"despawnEffect":"none",
	"damage": 126,
	"speed":7,
	"lifetime":20,
	"width":7,	 "height":12
	"collidesAir": true
	"buildingDamageMultiplier":0.075
			}
		}
		]
}