{
    "type": "GenericCrafter",
    "name": "储流罐电解池",
    "description": "使用强化流体储罐改造而来的电解机，因此得名储流罐电解池，它可以让你在更短的时间里电解更多的水，更快的填上巨量的氢气与臭氧的缺口！",
    "details": "嗯？这不是强化液体储罐吗？怎么变成电解机了？诶，不是！你先等一下！为什么你会有电解机？！还有！你要把谁拉去电解了！！快说！不然把你扭送警察局！！！(您别动不动就想着把人家拉去电解了，因为您这行为真的疑似有点极端了，而这种极端的或者疑似有点极端的行为就应该被拉去精神病院好好看看，别tmd天天跟个落榜美术生一样，动不动就右手抬起45度，然后想着奋斗与进行奋斗行为！现在可是文明时代，不是野蛮人二战时期！现在是不兴这个呀！！！！兄台！)",
    "hasPower": true,
    "size": 3,
    "category": "crafting",
    "research": {  
      "parent":"electrolyzer",
    	"objectives":["reinforced-liquid-tank"]
			},
    "hasItems": false,
    "hasLiquids": true,
    "liquidOutputDirections": [2,4],
    "rotate": true,
    "invertFlip": true,
    "group": "liquids",
    "ambientSound": "electricHum",
    "ambientSoundVolume": 0.08,
    "regionRotated1": 3,
    "outputLiquids": [
        "ozone/0.12",
        "hydrogen/0.18"
    ],
    "health": 860,
    "liquidCapacity": 95,
    "researchCostMultiplier": 1.1,
    "requirements": [
        "silicon/80",
        "graphite/65",
        "beryllium/195",
        "tungsten/140"
    ],
    "craftTime": 9.5,
    "consumes": {
        "power": 1.5,
        "liquid": "water/0.25"
    },
    "drawer": {             
        "type": "DrawMulti",
        "drawers": [
            {
                "type": "DrawRegion",
                "suffix": "-bottom"
            },
                    {
                "type": "DrawLiquidRegion",
                "drawLiquid": "water"
            },
            {
                "type": "DrawBubbles",
                "color": "7693e3",
                "sides": 10,
                "recurrence": 3,
                "spread": 6,
                "radius": 1.5,
                "amount": 20
            },
            "DrawRegion",
            "DrawLiquidOutputs",
            {
                "type": "DrawGlowRegion",
                "alpha": 0.7,
                "color": "c4bdf3",
                "glowIntensity": 0.3,
                "glowScale": 6
            }
        ]
    }
}