{
    "type": "GenericCrafter",
    "name": "天蓝晶霜钢冶炼炉",
    "description": "新科技！新材料！",
    "health": 421,
    "itemCapacity": 18,
    "outputItem": {
        "item": "天蓝晶霜钢",
        "amount": 2
    },
    "size": 3,
    "hasPower": true,
    "hasItems": true,
    "craftTime": 66,
    "consumes": {
        "power": 7,
        "items": {
            "items": [
"紫钢/2","graphite/3","thorium/2","surge-alloy/2"
            ]
        }
    },
    "requirements": [
"graphite/120","芯片/12","titanium/40","lead/55","紫钢/20","thorium/20","surge-alloy/24","metaglass/24"
    ],
    "drawer": {
        "type": "DrawMulti",
        "drawers": [
        {
"type": "DrawRegion",
"suffix": "-bottom"
         },
"DrawCrucibleFlame",
            "DrawDefault",
           "DrawHeatInput",
        ]
    },
    "category": "crafting",
    "research": "surge-smelter",
}//2紫钢+2钍+3石墨+2巨浪合金+1.1s+461电=2天蓝晶霜钢
/*drawer = new DrawMulti(new DrawRegion("-bottom"), new DrawCrucibleFlame(), new DrawDefault(), new DrawHeatInput());