{
    "type": "GenericCrafter",
    "name": "工业级冷冻液供应厂",
    "description": "原版的冷冻液混合机在作者看来，单台产量真的是太小了，感觉更像是拿来试产冷冻液的机器，并不能做到真正的工业化生产，因此也就有了工业级冷冻液供应厂这种更高效的冷冻液供应设备",
    "health": 735,
    "outputLiquid": "cryofluid/1.36",
    "itemCapacity": 24,
    "liquidCapacity": 327,
    "rotate": false,
    "lightLiquid": "cryofluid",
    "size": 4,
    "hasItems": true,
    "hasLiquids": true,
    "solid": true,
    "outputsLiquid": true,
    "hasPower": true,
    "craftTime": 180,
    "consumes": {
        "power": 5.6,
        "items": [
            "titanium/5"
        ],
        "liquid": "water/1.36"
    },
    "drawer": {
        "type": "DrawMulti",
        "drawers": [
            {
                "type": "DrawRegion",
                "suffix": "-bottom"
            },
            {
                "type": "DrawLiquidTile",
                "drawLiquid": "cryofluid"
            },
            {
                "type": "DrawLiquidTile",
                "drawLiquid": "water",
                "drawLiquidLight": true
            },
            "DrawDefault"
        ]
    },
    "updateEffect": "freezing",
    "requirements": [
        "metaglass/40",
        "titanium/170",
        "紫钢/86",
        "芯片/13",
        "graphite/45",
        "lead/245",
        "plastanium/20"
    ],
    "category": "crafting",
    "research": "cryofluid-mixer"
}