{
	"type": "GenericCrafter",
	"health": 320,
	"name": "石油解离机",
	"description":"煤炭的生产速度真的变快了吗？还是说这只是在自欺欺人？反正我觉得我被诈骗了…",
	"outputItem": "coal/5",
		"size": 3,
		"hasPower": true,
		"hasLiquids": true,
		"hasItems": true,
		"craftTime": 36,
		"itemCapacity": 25,
		"liquidCapacity": 120,
		"drawer": {
			"type": "DrawMulti",
			"drawers": [
			{
					"type": "DrawRegion",
					"suffix": "-bottom"	
				},
					{
					"type": "DrawRegion",
					"suffix": "-spinner",
					"spinSprite": true,
					"rotateSpeed": 6
				},
				"DrawDefault"			
			]
		},
		"consumes": {
			"power": 1.2,
			"liquid": "oil/0.4"
		},
		"requirements": [
			"graphite/110",
			"titanium/54",
			"芯片/8",
	"紫钢/20",
	"lead/68"
		],
		"category": "crafting",
		"research": "coal-centrifuge"
	}//石油解离机:24石油+72电+0.6s=5煤炭