{
	"type": "UnitAssembler",
	"name": "初级空军组装厂",
	"health": 900,
	"size": 3,
	"consumes": {
		"power":3,
	},
	"areaSize": 3,
	"plans": [
		{
			"unit": "太阴",
			"time": 1680,
			"requirements": [
				"旅途-电力节点/6",
				"旅途-大型钒墙/3"
			]
		},
	],
	"droneType": "assembly-drone",
	"requirements": [
{ "item": "silicon", "amount": 80}
{ "item": "graphite", "amount": 100}
{ "item": "钒", "amount": 130}
	],
	"research": {
	"parent": "载荷解构器"//科技树前置
		},
	"researchCostMultiplier":0.2,
	"category": "units"
}