{
	"type": "GenericCrafter",
	"name": "热生氧化铍",
	"description": "热繁殖（确信）",
	"details":""
	"outputItems":["oxide/8",]//产出
	"size": 2,//建筑大小
	"health":860,//血量
	"craftTime":420,//÷60
	"itemCapacity":1000,//容量
	"consumes": {
    "items":{
          "items":[
	            "oxide/1",
	]
	}
	}
    "requirements":[
                "graphite/230",
                "silicon/250",
                "beryllium/270",
	],//建造材料
	"buildCostMultiplier":0.0001,
    "category": "crafting",
	"research":"oxidation-chamber",
	"updateEffect": "fuelburn",//更新，随机特效
	"craftEffect": "unitPickup",//工作特效
	"canOverdrive": true,
	"hasPower": false,
	"hasLiquids": false,
	"hasItems": true,
	"update":true
}