{
  "name": "饱和火力",
  "displayName": "Saturation firepower",
  "java": true,
  "main": "sf.SF",
  "author": "Cry0flu1d",
  "version": "3.2.4",
  "minGameVersion": "150",
  //"repo": "Cry0flu1d/Saturation-Firepower-Alt",
  "hideInBrowser": false,
  "description": "当前版本：[green[]]3.2.4 Final Farewell[white[]]\n前往Github以视奸RA火力II/4.0最新状态\n[green[]]———————————————[white[]]\n战役图停止重做\n[green[]]———————————————[white[]]\n[red]重要通知：饱和火力由于RA2删库跑路了，且续更作者冷冻液已经高三，在3.2.4更新后SF1将不再继续更新，请耐心等待SF2的4.0.0大版本发布\n特别鸣谢: \n[RED]RA2.exe：RA说要有绝对火力，于是便有了......\n[blue]mkrd: 帮助进行平衡测试;\n[white]Alon：提供Kotlin支持库；\n[sky]苏泽，鸽子无言，SFXG：绘制部分贴图；\n\n\n[gold]以及在屏幕前游玩sf的你"
}
