{
	"name": "天然矿区",
	"description": "我们（文明）派遣了一颗小型勘探器降落在这颗星球上，看看能否找到一些有价值的东西，幸运的是我们在星球上找到了一个天然矿区。
我们（船员）这次的任务是收集物资并带回方舟，记得防备一下其他逃亡文明的袭击。
ps：问题是可以解决的，尝试独立解决问题",
	"loadout": "basicShard",
    "launchPeriod": 20,
    "conditionWave": 20,
    "requirements": [
    	{
    		"type": "ZoneWave",
    		"zone": "groundZero", 
    		"wave": 15
    	},
    	{
    		"type": "Unlock",
    		"block": "机械文明_小型核心"
    	}
    ],
    "resources": ["铁", "银", "钨", "lead", "红钻", "紫水晶"]
}
