{
	"type": "GenericCrafter",
	"health": 180,
	"name": "石墨升级机",
	"outputItem": "升级石墨/1",  //输出项
	"itemCapacity": 15,     //物品容量
	"size": 2,
	"hasPower": true,   //是否需要电
	"hasLiquids": false,    //需要液体
	"hasItems": true,   //有物品
	"craftTime": 25,    //生产时间
	"updateEffect": "none",     //更新效果
	"craftEffect": "smeltsmoke",
	"fout": 1,  //烟雾大小
	"drawer": {
		"type": "DrawMulti",
		"drawers": [
			"DrawDefault",
			{
				"type": "DrawFlame",
				"flameColor": "95ABD9FF"
			}
		]
	},
	"consumes": {
		"power": 0.7,
		"items": [
			"graphite/2"
		]
	},
	"requirements": [
	    "copper/80",
		"silicon/50",
		"lead/60"
	],
	"category": "crafting",
	"ambientSound": "smelter",
	"research": "铅升级机"
}