{
	"type": "GenericCrafter",
	"health": 315,
	"name": "钍升级机",
	"outputItem": "升级钍/1",  //输出项
	"itemCapacity": 30,     //物品容量
	"size": 2,
	"hasPower": true,   //是否需要电
	"hasLiquids": false,    //需要液体
	"hasItems": true,   //有物品
	"craftTime": 40,    //生产时间
	"updateEffect": "plasticburn",
	"craftEffect": {
		"type": "ParticleEffect",
		"particles": 5,
		"baseLength": 1,
		"length": 15,
		"lifetime": 22,
		"sizeFrom": 5,
		"sizeTo": 0,
		"region": "升级-菱形",
		"colorFrom": "F9A3C7FF",
		"colorTo": "CB8EBFFF"
	},
	"fout": 1,  //烟雾大小
	"drawer": {
		"type": "DrawMulti",
		"drawers": [
			"DrawDefault",
			{
				"type": "DrawFlame",
				"flameRadius": 0,
				"flameRadiusIn": 0,
				"flameRadiusMag": 0,
				"flameRadiusInMag": 0,
				"flameColor": "FFD5E6FF"
			}
		]
	},
	"consumes": {
		"power": 1.6,
		"items": [
			"thorium/2"
		]
	},
	"requirements": [
	    "升级铜/18",
		"升级硅/15",
		"升级石墨/16",
		"升级钛/16",
		"升级铅/16",
		"surge-alloy/50"
	],
	"category": "crafting",
	"ambientSound": "smelter",
	"research": "煤升级机"
}