{
	"type": "GenericCrafter",
	"health": 160,
	"name": "铜升级机",
	"outputItem": "升级铜/1",  //输出项
	"itemCapacity": 10,     //物品容量
	"size": 2,
	"hasPower": true,   //是否需要电
	"hasLiquids": false,    //需要液体
	"hasItems": true,   //有物品
	"craftTime": 15,    //生产时间
	"updateEffect": "none",     //更新效果
	"craftEffect": "smeltsmoke",
	"fout": 1,  //烟雾大小
	"drawer": {
		"type": "DrawMulti",
		"drawers": [
			"DrawDefault",
			{
				"type": "DrawFlame",
				"flameColor": "e1e4c8"
			}
		]
	},
	"consumes": {
		"power": 0.6,
		"items": [
			"copper/2"
		]
	},
	"requirements": [
	    "copper/60",
		"graphite/30",
		"lead/30"
	],
	"category": "crafting",
	"ambientSound": "smelter",
	"research": "silicon-smelter"
}