{
    "type": "GenericCrafter",
    "name": "二级中子压缩机",
    "description": "合成中子腚",
    "details": "最大的杂质",
    "itemCapacity": 25,
    "liquidCapacity": 25,
    "health": 100,
    "size": 2,
    "hasPower": true,
    "hasLiquids": true,
    "hasItems": true,
    "craftTime": 100,
    "updateEffect": "none",
    "consumes": {
        "power": 150,
        "items": [
            "中子素颗粒/9"
        ],
        "liquids": [
            {
                "liquid": "water",
                "amount": 0.1
            }
        ]
    },
    "outputItem": {
        "item": "中子锭",
        "amount": 1
    },
    "requirements": [
         "copper/250"
         "lead/250"
         "silicon/250"
         "plastanium/150"
         "metaglass/150"
         "中子素颗粒/100"
        
    ],
    "category": "crafting",
    "research": "一级中子压缩机"
}