{
    "type": "GenericCrafter",
    "name": "水晶矩阵制造机",
    "description": "使用巨浪合金包裹一层废料",
    "details": "暴殄天物！",
    "itemCapacity": 50,
    "liquidCapacity": 50,
    "health": 500,
    "size": 3,
    "hasPower": true,
    "hasLiquids": true,
    "hasItems": true,
    "craftTime": 60,
    "updateEffect": "none",
    "consumes": {
        "power": 10,
        "items": [
            "scrap/1"
            "surge-alloy/8"
        ],
        "liquids": [
            {
                "liquid": "cryofluid",
                "amount": 0.1
            }
        ]
    },
    "outputItem": {
        "item": "水晶矩阵",
        "amount": 3
    },
    "requirements": 
        [
        "copper/500",
        "lead/500",
        "silicon/500",
        "metaglass/100",
        "中子锭/5"
        ],
    "category": "crafting",
    "research": "中子压缩机"
}