{
	"name":"Lambda",
	"description":"终极机甲。能够将海啸合金蕴藏的强大电能释放出来。",
	"health":1000,
	"maxSpeed":2,
	"mass":10,
	"speed":1.5,
	"boostSpeed":0.25,
	"drag":0.1,
	"engineOffset":8,
	"hitsize":15,
	"engineColor":"63B8FF",
	"turnCursor":true,
	"engineSize":4,
	"drillPower":3,
	"flying":true,
	"drawCell":true,
	"itemCapacity":50,
	"weapon": {
		"shotDelay":0,
		"recoil":2.75,
		"ignoreRotation":true,
		"inaccuracy":0,
		"spacing":10,
		"velocityRnd":0,
		"reload":10,
		"shots":10,
		"range":300,
		"ejectEffect":"lancerLaserCharge",
		"alternate":true,
		"bullet":"lightning",
		"damage":50
	}
}