{
	"type": "UnitFactory",
	"name": "特种工厂",
	"description": "由倍乘级单位重构厂改造，可直接制造三级单位，也可制造特种单位，需要水与大量电力
	"health": 2860,
	"size": 5,
	"consumes": {
		"power": 16.9,
		"liquid": "water/0.86"
	},
	"plans": [
		{
			"unit": "fortress",
			"time": 1980,
			"requirements": [
				"lead/10",
				"silicon/180",
				"graphite/40",
				"titanium/80",
				"metaglass/40"
			]
		},
		{
			"unit": "zenith",
			"time": 1980,
			"requirements": [
				"silicon/185",
				"graphite/40",
				"titanium/80",
				"metaglass/40"
			]
		},
		{
			"unit": "bryde",
			"time": 3060,
			"requirements": [
				"silicon/190",
				"graphite/40",
				"titanium/80",
				"metaglass/75"
			]
		},
		{
			"unit": "spiroct",
			"time": 1800,
			"requirements": [
				"coal/10",
				"silicon/180",
				"graphite/40",
				"titanium/80",
				"metaglass/40"
			]
		},
		{
			"unit": "quasar",
			"time": 2880,
			"requirements": [
				"lead/20",
				"silicon/200",
				"graphite/40",
				"titanium/100",
				"metaglass/40"
			]
		},
		{
			"unit": "mega",
			"time": 2700,
			"requirements": [
				"lead/15",
				"silicon/200",
				"graphite/40",
				"titanium/80",
				"metaglass/40"
			]
		},
		{
			"unit": "cyerce",
			"time": 3240,
			"requirements": [
				"silicon/185",
				"graphite/40",
				"titanium/100",
				"metaglass/65"
			]
		},
		{
			"unit": "jbaa轰炸",
			"time": 2700,
			"requirements": [
				"silicon/185",
				"钛晶玻璃/90",
				"titanium/100",
				"metaglass/65"
			]
		},
		{
			"unit": "jbab崩毁",
			"time": 900,
			"requirements": [
				"silicon/55",
				"钛晶玻璃/70",
				"titanium/50",
				"metaglass/25"
			]
		}
	],
	"requirements": [
		"thorium/430",
		"钛晶玻璃/650",
		"titanium/370",
		"plastanium/220",
	],
	"category": "units",
	"research": {
	"parent":"multiplicative-reconstructor"
	"objectives": [
	{
				"type": "SectorComplete",
				"preset": "崩落峡谷"
			}
		]
	}
}