{
    "type":"NuclearReactor"
    "name": "小型水冷式钍反",
    "description": "注水反应锥，想法来自现实",
    "size": 2,
    "consumes": {
		"liquid":{"liquid":"water","amount":0.2},
        "items": {
            "items": [
                {"item": "thorium","amount": 1}
            ]
        }
    },
    "requirements": [
        {"item": "lead","amount": 600},
        {"item": "silicon","amount": 550},
        {"item": "graphite","amount": 450},
	{"item":"metaglass","amount":250}
	    	{"item":"silicon","amount":100},
    ],
    "health":1150,
	"liquidCapacity":100,
    "powerProduction":10,
    "itemDuration":300,
    "itemCapacity":10,
	"canOverdrive":true,
    "hasItems": true,
	"heating":0.0075,
	"smokeThreshold":0.4,
	"flashThreshold":0.6,
	"ambientSound":"hum",
    "ambientSoundVolume":0.14,
	"research":"thorium-reactor"
	"explosionRadius":450,
	"explosionDamage":1000,
	"baseExplosiveness":2500,
    "category": "power"
}