{
	"name": "暴力火力发电机",
	"description": "用暴力的粉碎煤炭，增加燃烧室来增加产能(别问我为什么钍能烧，知不知道它化学性质活泼。）",
	"type": "ConsumeGenerator",
	"size": 3,
	"health": 360,
	"hasPower": true,
	"hasItems": true,
	"minItemEfficiency":0.2,
	"itemDuration": 20,
	"generateEffect":"redgeneratespark",
	"explodeEffect":"blastExplosion",
	"heatColor":"ff7000",
	"consumes":{
		"itemFlammable":{}
		}
	"itemCapacity": 30,
	"powerProduction": 16,
	"requirements": [
		{ "item": "copper", "amount": 75 },
		{ "item": "lead", "amount": 75 },
		{ "item": "graphite", "amount": 75 },
	],
	"category": "power",
	"research": "combustion-generator"
}
