{
"type": "ImpactReactor",
"name": "爆燃发电堆",
"description": "把煤磨成粉，散布在空气中，点火，形成爆燃之后用小型化的冲反核心发电",
"size": 2,
"health": 750,
"itemCapacity": 10,
"liquidCapacity": 200,
 "hasLiquids": false,
"hasItems": true,
//"liquidBoostInten":1000.0,
"powerProduction": 12.5,
"consumes": {
"power":0.5,
//"liquid":{
//"liquid":"冰冻液","amount":10,
//"booster":true
//},
"items":{
"items":[
{"item":"coal","amount":1}
]
}
},
"requirements": [
		{"item":"metaglass","amount":50},
    	{"item":"silicon","amount":100},    
		{"item":"graphite","amount":100},    
		{"item":"lead","amount":200},   
		{"item":"copper","amount":200},
		{ "item": "titanium", "amount":100},
],
"category": "power",
"research": "impact-reactor"
}