{
	"type":"ImpactReactor",
	"name":"石油发电机",
	"description":"土豪的最爱"
    "requirements":[
		{"item":"metaglass","amount":20},
    	{"item":"silicon","amount":20},    
		{"item":"graphite","amount":20},    
		{"item":"lead","amount":100},
		{"item":"copper","amount":100}
		{ "item": "钛晶", "amount": 25 }
	],
	"health":840,
	"size":2,
	"hasPower": true,
	"hasLiquid": true,
	"plasmas":1,
	"warmupSpeed":0.02,
	"explosionRadius":0,
	"explosionDamage":0,
	"liquidCapacit":0.1,
	"powerProduction": 10,
	"consumes": {
		"power":0.1,
		"liquid": { "liquid": "oil", "amount": 0.05}
	},
    "category":"power",
    "research":"duo"
}