{
    "name":"终代战争核心"
    "type":"CoreBlock",
    "description": "终代战争核心，有优良的战斗能力，核心建造机可以轻松推平部分地区。",
    "details":"战争核心的最终版，适用于推图，造价极其昂贵。",
    "requirements": [
    {"amount": 12000, "item": "copper"},
    {"amount": 8000, "item": "lead"},
    {"amount": 6000, "item": "silicon"},
    {"amount": 8000, "item": "graphite"},
    {"amount": 6000, "item": "titanium"},
    {"amount": 4000, "item": "thorium"},
    {"amount": 2000, "item": "surge-alloy"},
    {"amount": 3000, "item": "plastanium"},
    ],
    "unitType":"欧米伽",
    "health": 8000,
    "itemCapacity": 16000,
    "size": 5,
    "research": "core-nucleus"
    "unitCapModifier": 36,
    "category": "effect"
}