{"targetAir":true,
	//是否攻击空军
	"targetGround":true,
	//是否攻击地面目标
	"type":"legs",//爬爬
	"legMoveSpace":1,//
	"legMaxLength":1.1,//
	"legMinLength":0.2,//
	"legLengthScl":0.96,//
	"legForwardScl":1.1,//
	"legPhysicsLayer":false,//
	"legGroupSize":4,//
	"legCount":8,//腿数
	"legExtension":-2,//
	"legContinuousMove":true,//
	"lockLegBase":true,//
	"rippleScale":0.2,//
	"legBaseOffset":4,//
	"legLength":9, //
	"hovering":true,
	"flying":false,

	"name":"星尘",//名字
	"description":"初级蜘蛛单位，向敌人发射追踪爆破子弹"
	"research":{
	"parent":"ja-01蜘蛛制造厂",//科技树前置
	"requirements":[//研究花费
	"铁/150",
	"锡/150",
	"硅晶玻璃/150"
	]	},

	"speed":1.1,
	"hitSize":14,
	"health":640,
	"faceTarget":true,
	"armor":1,
	"drag":0.4,
	"range":120,
	"rotateSpeed":3,
	"weapons":[
		{"name":"none",//武器贴图的名字
		"top":false,
		"shootStatus": "slow",
			"shootStatusDuration":30,
		"mirror":false,
		"x":0,"y":2,
		"shootSound":"missile",
		"reload":60,
		"recoil":0,//后坐力

		"parts":[

/*		{"type":"RegionPart",
		"suffix":"-星空-blade",
		"moveRot":-22,
		"mirror":true,
		"children":[
		{"type":"RegionPart",
		"suffix":"-星空-blade-glow",
		"blending":"additive",
		"color":"A9D8FF00",
		"colorTo":"A9D8FF80",
		"outline":false,
		"mirror":true
		}	],
		"progress":{
		"type":"warmup",
		"op":"blend",
		"other":"reload",
		"amount":0.5
		}	},*/

		{"type":"shapePart",
		"hollow":true,
		"circle":true,
		"y":3,
		"layer":110,
		"color":"C1BEFAFF",
		"stroke":0,
		"strokeTo":1,
		"radiusTo":3,
		"radius":3
		},
		{"type":"HaloPart",
		"y":3,
		"radius":2,
		"tri":true,
		"layer":110,
		"color":"C1BEFAFF",
		"haloRotateSpeed":-1,
		"haloRadius":3,
		"haloRadiusTo":3,
		"stroke":0,
		"strokeTo":2,
		"shapes":2,
		"triLengthTo":3,
		"triLength":0
		},
		{"type":"HaloPart",
		"y":3,
		"radius":2,
		"tri":true,
		"layer":110,
		"color":"C1BEFAFF",
		"haloRotateSpeed":1,
		"haloRadius":3,
		"haloRadiusTo":3,
		"stroke":0,
		"strokeTo":2,
		"shapes":2,
		"triLengthTo":3,
		"triLength":0
		}	],

		"bullet":{
		"recoil":1,//后坐力
		"sprite":"启航-start",//子弹贴图
		"spin": 4,//子弹旋转速度
		"frontColor":"837DE8FF",
		"backColor":"C1BEFAFF"
		"width":15,"height":15,//宽长度
		"shrinkY":0,"shrinkX":0,//子弹变形程度
		"speed":4,//飞行速度
		"lifetime":35,//存在时间
		"damage":50,//单体伤害
		"splashDamageRadius":24,//伤害范围
		"splashDamage":50,//范围伤害
		"collides":true,
		"homingRange": 80,
            "homingPower": 0.05,

		"trailColor":"C1BEFAFF",//尾迹颜色
		"trailParam":2,//尾迹参数
		"trailWidth":2,"trailLength":8,//尾迹宽长
		"trailEffect":"none",//尾迹特效

	"shootEffect":{//攻击特效
		"type":"multiEffect",//多种特效
		"effects":[//特效
		{"type":"WaveEffect",
		"region":"启航-方",//区域贴图
		"lifetime":25,//存在时间
		"sizeFrom":0,
		"sizeTo":20,
		"strokeFrom":3.5,
		"strokeTo":0,
		"colorFrom":"837DE8FF",
		"colorTo":"C1BEFAFF"},
		{
		"type":"ParticleEffect",
		"region":"启航-方",//区域贴图
		"particles":9,//粒子数量
		"length":40,//长度
		"lifetime":48,//存在时间
		"interp":"circleOut",//中间部分
		"sizeInterp":"pow5Out",//大小部分
		"cone":360,//角度
		"colorFrom":"837DE8FF",
		"colorTo":"C1BEFAFF",
		"sizeFrom":5.5,
		"sizeTo":0
		}	]	}

	"hitEffect":{//碰撞特效
		"type":"multiEffect",//多种特效
		"effects":[//特效
		{"type":"WaveEffect",
		"region":"启航-方",//区域贴图
		"lifetime":25,//存在时间
		"sizeFrom":0,
		"sizeTo":20,
		"strokeFrom":3.5,
		"strokeTo":0,
		"colorFrom":"837DE8FF",
		"colorTo":"C1BEFAFF"},
		{
		"type":"ParticleEffect",//类型
		"region":"启航-方",//区域贴图
		"particles":9,//粒子数量
		"length":40,//长度
		"lifetime":48,//存在时间
		"interp":"circleOut",//中间部分
		"sizeInterp":"pow5Out",//大小部分
		"cone":360,//角度
		"colorFrom":"837DE8FF",//
		"colorTo":"C1BEFAFF",//
		"sizeFrom":4.5,//
		"sizeTo":0//
		}	]	}
		}	}	]
}
