{"targetAir":true,
	//是否攻击空军
	"targetGround":true,
	//是否攻击地面目标
	"type":"legs",//爬爬
	"legCount": 6,
	"legMoveSpace": 1,
	"legLength": 28,
	"legExtension": 0,
	"legBaseOffset": 8,
	"legSpeed": 0.2,
	"legLengthScl": 0.96,
	"rippleScale": 2,
	"legContinuousMove": true,
	"legSplashDamage": 60,
	"legSplashRange": 34,
	"allowLegStep": true,
	"hovering": true,

	"name":"星璇",//名字
	"description":"六级蜘蛛单位，装载有高温喷火器和速射炮，能够发射火焰和量子爆破弹"
	"research":{
	"parent":"lb-05星幻",//科技树前置
	"requirements":[//研究花费
	"钢/300000",
	"硅晶玻璃/300000",
	"钨/300000"
	"钍/300000"
	"碳化钨/300000"
	"阴影合金/300000"
	]	},

	"speed": 0.48,
	"hitSize": 60,
	"health": 120800,
	"faceTarget": true,
	"armor": 20,
	"drag": 0.4,
	"range": 280,
	"rotateSpeed": 2,

	"weapons":[
	{"name":"星幻速射炮",//武器贴图的名字
		"top":false,
		"mirror":true,
		"x":14.75,"y":-19,
		"shootSound":"missile",
		"reload":120,
		"recoil":0,//后坐力
"range":240,
"shoot": {
"inaccuracy": 0,
"type": "ShootBarrel",
	"barrels": [
	0,0,20,
	0,0,15,
	0,0,10,
	0,0,5,
	0,0,0,
	0,0,-5,
	0,0,-10,
	0,0,-15,
	0,0,-20
	],//炮口位置（左右，前后，倾斜）
		"spread": 2
		"shots": 18,}
		"parts":[
		{"type":"shapePart",
		"hollow":true,
		"circle":true,
		"y":0.5,
		"layer":110,
		"color":"C1BEFAFF",
		"stroke":0,
		"strokeTo":1,
		"radiusTo":4,
		"radius":4
		},
		{"type":"HaloPart",
		"y":0.5,
		"radius":2,
		"tri":true,
		"layer":110,
		"color":"C1BEFAFF",
		"haloRotateSpeed":-1,
		"haloRadius":4,
		"haloRadiusTo":4,
		"stroke":0,
		"strokeTo":2,
		"shapes":2,
		"triLengthTo":4,
		"triLength":0
		},
		{"type":"HaloPart",
		"y":0.5,
		"radius":2,
		"tri":true,
		"layer":110,
		"color":"C1BEFAFF",
		"haloRotateSpeed":1,
		"haloRadius":4,
		"haloRadiusTo":4,
		"stroke":0,
		"strokeTo":2,
		"shapes":2,
		"triLengthTo":4,
		"triLength":0
		}	],

		"bullet":{
		"pierce":true,//穿透
		"pierceCap":5,//穿透数
		"keepVelocity": false,
		"sprite":"启航-start",//子弹贴图
		"spin": 4,//子弹旋转速度
		"frontColor":"837DE8FF",
		"backColor":"C1BEFAFF"
		"width":20,"height":20,//宽长度
		"shrinkY":0,"shrinkX":0,//子弹变形程度
		"speed":8,//飞行速度
		"lifetime":30,//存在时间
		"damage":60,//单体伤害
		"splashDamageRadius":24,//伤害范围
		"splashDamage":80,//范围伤害
		"collides":true,

		"trailColor":"C1BEFAFF",//尾迹颜色
		"trailParam":2,//尾迹参数
		"trailWidth":2,"trailLength":8,//尾迹宽长
		"trailEffect":"none",//尾迹特效
		
		"fragBullets":6,
			"fragRandomSpread":0,//随机分裂角度
			"fragSpread":60,//分裂角度
			"fragAngle":30,//分裂起始角度，
			"fragVelocityMin":0.5,//最小分裂弹速度
	    "fragVelocityMax":0.5,//最大分裂弹速
	    "fragOnHit":true,//击中时分裂
		"fragBullet":{
		"speed": 4,
  "lifetime":8
		"type":"BasicBulletType",		"splashDamageRadius":10,			"splashDamage":30,//范围伤害
  "damage":40,
"trailChance": 1,
		"trailRotation": true,
		"trailEffect": {
		"type": "ParticleEffect",
		"particles": 1,
		"length": 0,
		"lifetime": 20,
		"sizeFrom": 3,
		"spin": 0,//子弹旋转速度
		"colorFrom": "837DE8FF",//中心颜色
		"colorTo": "C1BEFAFF"},//边缘颜色

	"shootEffect": {//攻击特效
		"type": "multiEffect",//多种特效
		"effects": [//特效
		{"type": "WaveEffect",
		"region": "启航-方",//区域贴图
		"lifetime": 25,//存在时间
		"sizeFrom": 0,
		"sizeTo": 20,
		"strokeFrom": 3.5,
		"strokeTo": 0,
		"colorFrom": "837DE8FF",//中心颜色
		"colorTo": "C1BEFAFF"},//边缘颜色
		{
		"type": "ParticleEffect",
		"region": "启航-方",//区域贴图
		"particles": 6,//粒子数量
		"length": 40,//长度
		"lifetime": 50,//存在时间
		"interp": "circleOut",//中间部分
		"sizeInterp": "pow5Out",//大小部分
		"cone": 360,//角度
		"colorFrom": "837DE8FF",//中心颜色
		"colorTo": "C1BEFAFF",//边缘颜色
		"sizeFrom": 5.5,
		"sizeTo": 0
		}	]	}

	"hitEffect": {//碰撞特效
		"type": "multiEffect",//多种特效
		"effects": [//特效
		{"type": "WaveEffect",
		"region": "启航-方",//区域贴图
		"lifetime": 25,//存在时间
		"sizeFrom": 0,
		"sizeTo": 20,
		"strokeFrom": 3.5,
		"strokeTo": 0,
		"colorFrom": "837DE8FF",//中心颜色
		"colorTo": "C1BEFAFF"},//边缘颜色
		{
		"type": "ParticleEffect",
		"region": "启航-方",//区域贴图
		"particles": 9,//粒子数量
		"length": 40,//长度
		"lifetime": 48,//存在时间
		"interp": "circleOut",//中间部分
		"sizeInterp": "pow5Out",//大小部分
		"cone": 360,//角度
		"colorFrom": "837DE8FF",//中心颜色
		"colorTo": "C1BEFAFF",//边缘颜色
		"sizeFrom": 4.5,
		"sizeTo": 0
		}	]	}

		"smokeEffect":"none",
		"despawnEffect":"none",
},
	"shootEffect":{//攻击特效
		"type":"multiEffect",//多种特效
		"effects":[//特效
		{"type":"WaveEffect",
		"region":"启航-方",//区域贴图
		"lifetime":25,//存在时间
		"sizeFrom":0,
		"sizeTo":20,
		"strokeFrom":3.5,
		"strokeTo":0,
		"colorFrom":"837DE8FF",
		"colorTo":"C1BEFAFF"},
		{
		"type":"ParticleEffect",
		"region":"启航-方",//区域贴图
		"particles":9,//粒子数量
		"length":40,//长度
		"lifetime":48,//存在时间
		"interp":"circleOut",//中间部分
		"sizeInterp":"pow5Out",//大小部分
		"cone":360,//角度
		"colorFrom":"837DE8FF",
		"colorTo":"C1BEFAFF",
		"sizeFrom":5.5,
		"sizeTo":0
		}	]	}

	"hitEffect":{//碰撞特效
		"type":"multiEffect",//多种特效
		"effects":[//特效
		{"type":"WaveEffect",
		"region":"启航-方",//区域贴图
		"lifetime":25,//存在时间
		"sizeFrom":0,
		"sizeTo":20,
		"strokeFrom":3.5,
		"strokeTo":0,
		"colorFrom":"837DE8FF",
		"colorTo":"C1BEFAFF"},
		{
		"type":"ParticleEffect",//类型
		"region":"启航-方",//区域贴图
		"particles":9,//粒子数量
		"length":40,//长度
		"lifetime":48,//存在时间
		"interp":"circleOut",//中间部分
		"sizeInterp":"pow5Out",//大小部分
		"cone":360,//角度
		"colorFrom":"837DE8FF",//
		"colorTo":"C1BEFAFF",//
		"sizeFrom":4.5,//
		"sizeTo":0//
		}	]	}
		}	}
		{"name":"星幻喷火器",//武器贴图的名字
		"x":25.25,"y":0.25,
		"shootY": 8,
		"mirror":true,
		"rotate": false,//转头
		"alternate":false,
		"top":false,
		"under":true,
		"recoil":0,//后坐力
		"shootSound": "none",//设计音效
		"loopSound":"torch",//攻击时的循环音效
		"shoot": {
		"type": "ShootSpread",
		"spread":3
		"shots": 2
             },

		"bullet":{
		"type": "ContinuousFlameBulletType",//
		"damage": 25,//帧伤
		"length": 300,//长度
		"width": 5
		"pierceCap":3,//穿透能力
		"status":"melting",
		"statusDuration": 600,
		"colors": [
		"C1BEFAFF",
		"C1BEFAFF",
		"DEEFBFFF",
		"837DE8FF",
		"837DE8FF"
		],//火焰的颜色，上面外圈，下面内圈
		"flareWidth": 5,
        "flareLength": 30,
		"flareColor":"837DE8FF",//旋转十字的颜色
		"hitColor":"C1BEFAFF"//击中特效色
		}	}	
		{  "name":"none",//武器贴图的名字
		"top":false,
		"mirror":false,
		"x":0,"y":30,
		"shootSound":"missile",
		"reload":240,
		"recoil":0,//后坐力
		"shootStatus": "slow",
			"shootStatusDuration":30,
"range":260,
"shoot": {
"inaccuracy": 0,
"type": "ShootBarrel",
	"barrels": [
	0,0,21,
	0,0,18,
	0,0,15,
	0,0,12,
	0,0,9,
	0,0,6,
	0,0,3,
	0,0,0,
	0,0,-3,
	0,0,-6,
	0,0,-9,
	0,0,-12,
	0,0,-15,
	0,0,-18,
	0,0,-21,
	],//炮口位置（左右，前后，倾斜）
		"spread": 0
		"shotDelay":2
		"shots": 30,}
		"parts":[
		{"type":"shapePart",
		"hollow":true,
		"circle":true,
		"y":0.5,
		"layer":110,
		"color":"C1BEFAFF",
		"stroke":0,
		"strokeTo":1,
		"radiusTo":4,
		"radius":4
		},
		{"type":"HaloPart",
		"y":0.5,
		"radius":2,
		"tri":true,
		"layer":110,
		"color":"C1BEFAFF",
		"haloRotateSpeed":-1,
		"haloRadius":4,
		"haloRadiusTo":4,
		"stroke":0,
		"strokeTo":2,
		"shapes":2,
		"triLengthTo":4,
		"triLength":0
		},
		{"type":"HaloPart",
		"y":0.5,
		"radius":2,
		"tri":true,
		"layer":110,
		"color":"C1BEFAFF",
		"haloRotateSpeed":1,
		"haloRadius":4,
		"haloRadiusTo":4,
		"stroke":0,
		"strokeTo":2,
		"shapes":2,
		"triLengthTo":4,
		"triLength":0
		}	],

		"bullet":{
		"pierce":true,//穿透
		"pierceCap":4,//穿透数
		"keepVelocity": false,
		"recoil":0.5,//后坐力
		"sprite":"启航-start",//子弹贴图
		"spin": 4,//子弹旋转速度
		"frontColor":"837DE8FF",
		"backColor":"C1BEFAFF"
		"width":20,"height":20,//宽长度
		"shrinkY":0,"shrinkX":0,//子弹变形程度
		"speed":8,//飞行速度
		"lifetime":32.5,//存在时间
		"damage":50,//单体伤害
		"splashDamageRadius":30,//伤害范围
		"splashDamage":80,//范围伤害
		"collides":true,

		"trailColor":"C1BEFAFF",//尾迹颜色
		"trailParam":2,//尾迹参数
		"trailWidth":2,"trailLength":8,//尾迹宽长
		"trailEffect":"none",//尾迹特效
		
		"fragBullets":6,
			"fragRandomSpread":0,//随机分裂角度
			"fragSpread":60,//分裂角度
			"fragAngle":30,//分裂起始角度，
			"fragVelocityMin":0.5,//最小分裂弹速度
	    "fragVelocityMax":0.5,//最大分裂弹速
	    "fragOnHit":true,//击中时分裂
		"fragBullet":{
		"speed": 4,
  "lifetime":8
		"type":"BasicBulletType",		"splashDamageRadius":10,			"splashDamage":50,//范围伤害
  "damage":50,
"trailChance": 1,
		"trailRotation": true,
		"trailEffect": {
		"type": "ParticleEffect",
		"particles": 1,
		"length": 0,
		"lifetime": 20,
		"sizeFrom": 3,
		"spin": 0,//子弹旋转速度
		"colorFrom": "837DE8FF",//中心颜色
		"colorTo": "C1BEFAFF"},//边缘颜色

	"shootEffect": {//攻击特效
		"type": "multiEffect",//多种特效
		"effects": [//特效
		{"type": "WaveEffect",
		"region": "启航-方",//区域贴图
		"lifetime": 25,//存在时间
		"sizeFrom": 0,
		"sizeTo": 20,
		"strokeFrom": 3.5,
		"strokeTo": 0,
		"colorFrom": "837DE8FF",//中心颜色
		"colorTo": "C1BEFAFF"},//边缘颜色
		{
		"type": "ParticleEffect",
		"region": "启航-方",//区域贴图
		"particles": 6,//粒子数量
		"length": 40,//长度
		"lifetime": 50,//存在时间
		"interp": "circleOut",//中间部分
		"sizeInterp": "pow5Out",//大小部分
		"cone": 360,//角度
		"colorFrom": "837DE8FF",//中心颜色
		"colorTo": "C1BEFAFF",//边缘颜色
		"sizeFrom": 5.5,
		"sizeTo": 0
		}	]	}

	"hitEffect": {//碰撞特效
		"type": "multiEffect",//多种特效
		"effects": [//特效
		{"type": "WaveEffect",
		"region": "启航-方",//区域贴图
		"lifetime": 25,//存在时间
		"sizeFrom": 0,
		"sizeTo": 20,
		"strokeFrom": 3.5,
		"strokeTo": 0,
		"colorFrom": "837DE8FF",//中心颜色
		"colorTo": "C1BEFAFF"},//边缘颜色
		{
		"type": "ParticleEffect",
		"region": "启航-方",//区域贴图
		"particles": 9,//粒子数量
		"length": 40,//长度
		"lifetime": 48,//存在时间
		"interp": "circleOut",//中间部分
		"sizeInterp": "pow5Out",//大小部分
		"cone": 360,//角度
		"colorFrom": "837DE8FF",//中心颜色
		"colorTo": "C1BEFAFF",//边缘颜色
		"sizeFrom": 4.5,
		"sizeTo": 0
		}	]	}

		"smokeEffect":"none",
		"despawnEffect":"none",
},
	"shootEffect":{//攻击特效
		"type":"multiEffect",//多种特效
		"effects":[//特效
		{"type":"WaveEffect",
		"region":"启航-方",//区域贴图
		"lifetime":25,//存在时间
		"sizeFrom":0,
		"sizeTo":20,
		"strokeFrom":3.5,
		"strokeTo":0,
		"colorFrom":"837DE8FF",
		"colorTo":"C1BEFAFF"},
		{
		"type":"ParticleEffect",
		"region":"启航-方",//区域贴图
		"particles":9,//粒子数量
		"length":40,//长度
		"lifetime":48,//存在时间
		"interp":"circleOut",//中间部分
		"sizeInterp":"pow5Out",//大小部分
		"cone":360,//角度
		"colorFrom":"837DE8FF",
		"colorTo":"C1BEFAFF",
		"sizeFrom":5.5,
		"sizeTo":0
		}	]	}

	"hitEffect":{//碰撞特效
		"type":"multiEffect",//多种特效
		"effects":[//特效
		{"type":"WaveEffect",
		"region":"启航-方",//区域贴图
		"lifetime":25,//存在时间
		"sizeFrom":0,
		"sizeTo":20,
		"strokeFrom":3.5,
		"strokeTo":0,
		"colorFrom":"837DE8FF",
		"colorTo":"C1BEFAFF"},
		{
		"type":"ParticleEffect",//类型
		"region":"启航-方",//区域贴图
		"particles":9,//粒子数量
		"length":40,//长度
		"lifetime":48,//存在时间
		"interp":"circleOut",//中间部分
		"sizeInterp":"pow5Out",//大小部分
		"cone":360,//角度
		"colorFrom":"837DE8FF",//
		"colorTo":"C1BEFAFF",//
		"sizeFrom":4.5,//
		"sizeTo":0//
		}	]	}
		}	} ]
}
