{"targetAir":true,
	//是否攻击空军
	"targetGround":true,
	//是否攻击地面目标
	"type":"legs",//爬爬
	"drag": 0.4,
	"faceTarget": true,
	"flying": false,
	"rotateSpeed": 3,
	"legBaseOffset": 13,
	"legCount": 6,
	"legMaxLength": 1.1,
	"legMinLength": 0.6,
	"legLengthScl": 0.96,
	"legForwardScl": 2,
	"legExtension": -4,
	"legStraightness": 0.3,
	"legPhysicsLayer": false,
	"legContinuousMove": true,
	"lockLegBase": true,
	"rippleScale": 0.2,
	"legBaseOffset": 3,
	"legMoveSpace": 0.6,
	"legLength": 18, 

	"name":"星涌",//名字
	"description":"二级蜘蛛单位，可以同时发射数枚爆破子弹"
	"research":{
	"parent":"lb-01星尘",//科技树前置
	"requirements":[//研究花费
	"铁/4000",
	"锡/4000",
	"硅晶玻璃/4000"
	]	},

	"speed":0.9,
	"hitSize":18,
	"health":1120,
	"faceTarget":true,
	"armor":3,
	"drag":0.4,
	"range":130,
	"rotateSpeed":3,
	"weapons":[
		{"name":"none",//武器贴图的名字
		"top":false,
		"mirror":false,
		"x":0,"y":0.5,
		"shootSound":"missile",
		"reload":120,
		"recoil":0,//后坐力
		"shootStatus": "slow",
			"shootStatusDuration":30,
"range":130,
"shoot": {
"type": "ShootBarrel",
	"barrels": [0,0,4,0,0,0,0,0,-4],//炮口位置（左右，前后，倾斜）
		"spread": 0
		"shots": 3,}
		"parts":[

/*		{"type":"RegionPart",
		"suffix":"-星空-blade",
		"moveRot":-22,
		"mirror":true,
		"children":[
		{"type":"RegionPart",
		"suffix":"-星空-blade-glow",
		"blending":"additive",
		"color":"A9D8FF00",
		"colorTo":"A9D8FF80",
		"outline":false,
		"mirror":true
		}	],
		"progress":{
		"type":"warmup",
		"op":"blend",
		"other":"reload",
		"amount":0.5
		}	},*/

		{"type":"shapePart",
		"hollow":true,
		"circle":true,
		"y":0.5,
		"layer":110,
		"color":"C1BEFAFF",
		"stroke":0,
		"strokeTo":1,
		"radiusTo":4,
		"radius":4
		},
		{"type":"HaloPart",
		"y":0.5,
		"radius":2,
		"tri":true,
		"layer":110,
		"color":"C1BEFAFF",
		"haloRotateSpeed":-1,
		"haloRadius":4,
		"haloRadiusTo":4,
		"stroke":0,
		"strokeTo":2,
		"shapes":2,
		"triLengthTo":4,
		"triLength":0
		},
		{"type":"HaloPart",
		"y":0.5,
		"radius":2,
		"tri":true,
		"layer":110,
		"color":"C1BEFAFF",
		"haloRotateSpeed":1,
		"haloRadius":4,
		"haloRadiusTo":4,
		"stroke":0,
		"strokeTo":2,
		"shapes":2,
		"triLengthTo":4,
		"triLength":0
		}	],

		"bullet":{
		"keepVelocity": false,
		"recoil":2,//后坐力
		"sprite":"启航-start",//子弹贴图
		"spin": 4,//子弹旋转速度
		"frontColor":"837DE8FF",
		"backColor":"C1BEFAFF"
		"width":15,"height":15,//宽长度
		"shrinkY":0,"shrinkX":0,//子弹变形程度
		"speed":4,//飞行速度
		"lifetime":35,//存在时间
		"damage":30,//单体伤害
		"splashDamageRadius":24,//伤害范围
		"splashDamage":30,//范围伤害
		"collides":true,

		"trailColor":"C1BEFAFF",//尾迹颜色
		"trailParam":2,//尾迹参数
		"trailWidth":2,"trailLength":8,//尾迹宽长
		"trailEffect":"none",//尾迹特效

	"shootEffect":{//攻击特效
		"type":"multiEffect",//多种特效
		"effects":[//特效
		{"type":"WaveEffect",
		"region":"启航-方",//区域贴图
		"lifetime":25,//存在时间
		"sizeFrom":0,
		"sizeTo":20,
		"strokeFrom":3.5,
		"strokeTo":0,
		"colorFrom":"837DE8FF",
		"colorTo":"C1BEFAFF"},
		{
		"type":"ParticleEffect",
		"region":"启航-方",//区域贴图
		"particles":9,//粒子数量
		"length":40,//长度
		"lifetime":48,//存在时间
		"interp":"circleOut",//中间部分
		"sizeInterp":"pow5Out",//大小部分
		"cone":360,//角度
		"colorFrom":"837DE8FF",
		"colorTo":"C1BEFAFF",
		"sizeFrom":5.5,
		"sizeTo":0
		}	]	}

	"hitEffect":{//碰撞特效
		"type":"multiEffect",//多种特效
		"effects":[//特效
		{"type":"WaveEffect",
		"region":"启航-方",//区域贴图
		"lifetime":25,//存在时间
		"sizeFrom":0,
		"sizeTo":20,
		"strokeFrom":3.5,
		"strokeTo":0,
		"colorFrom":"837DE8FF",
		"colorTo":"C1BEFAFF"},
		{
		"type":"ParticleEffect",//类型
		"region":"启航-方",//区域贴图
		"particles":9,//粒子数量
		"length":40,//长度
		"lifetime":48,//存在时间
		"interp":"circleOut",//中间部分
		"sizeInterp":"pow5Out",//大小部分
		"cone":360,//角度
		"colorFrom":"837DE8FF",//
		"colorTo":"C1BEFAFF",//
		"sizeFrom":4.5,//
		"sizeTo":0//
		}	]	}
		}	}
		{"name":"none",//武器贴图的名字
		"top":false,
		"mirror":false,
		"x":0,"y":0.5,
		"shootSound":"missile",
		"reload":120,
		"recoil":0,//后坐力
		"shootStatus": "slow",
			"shootStatusDuration":30,
"range":130,
"shoot": {
"type": "ShootBarrel",
	"barrels": [0,0,0,0,0,0,0,0,0],//炮口位置（左右，前后，倾斜）
		"spread": 0
		"shotDelay": 3,
		"shots": 3}

		"bullet":{
		"keepVelocity": false,
		"recoil":0,//后坐力
		"sprite":"启航-start",//子弹贴图
		"spin": 4,//子弹旋转速度
		"frontColor":"837DE8FF",
		"backColor":"C1BEFAFF"
		"width":15,"height":15,//宽长度
		"shrinkY":0,"shrinkX":0,//子弹变形程度
		"speed":4,//飞行速度
		"lifetime":35,//存在时间
		"damage":30,//单体伤害
		"splashDamageRadius":24,//伤害范围
		"splashDamage":30,//范围伤害
		"collides":true,

		"trailColor":"C1BEFAFF",//尾迹颜色
		"trailParam":2,//尾迹参数
		"trailWidth":2,"trailLength":8,//尾迹宽长
		"trailEffect":"none",//尾迹特效

	"hitEffect":{//碰撞特效
		"type":"multiEffect",//多种特效
		"effects":[//特效
		{"type":"WaveEffect",
		"region":"启航-方",//区域贴图
		"lifetime":25,//存在时间
		"sizeFrom":0,
		"sizeTo":20,
		"strokeFrom":3.5,
		"strokeTo":0,
		"colorFrom":"837DE8FF",
		"colorTo":"C1BEFAFF"},
		{
		"type":"ParticleEffect",//类型
		"region":"启航-方",//区域贴图
		"particles":9,//粒子数量
		"length":40,//长度
		"lifetime":48,//存在时间
		"interp":"circleOut",//中间部分
		"sizeInterp":"pow5Out",//大小部分
		"cone":360,//角度
		"colorFrom":"837DE8FF",//
		"colorTo":"C1BEFAFF",//
		"sizeFrom":4.5,//
		"sizeTo":0//
		}	]	}
		}	}	
   ]
}
