{
	"type": "tank",
	"name": "星空",
	"description": "多功能护卫舰",
    "speed": 1.5,
    "hitSize": 24,
    "health": 1420,
    "armor": 2,
    "rotateSpeed": 4,
    "rotateShooting": "true",
    	"weapons":[
{
	"name": "星空",
	"recoil": 0,
	"reload": 30
	"aimChangeSpeed": 6.25,
	"rotateSpeed": 1.25,
	"range": 300,
	"shootCone": 10,
	"chargeSound": "lasercharge",
	"accurateDelay": false,
	"bullet": {
		"type": "LaserBulletType",
		"statusDuration": 60,
		"continuous":true,
        "alwaysContinuous":true,
		"oscScl": 2.5,
		"oscMag": 0.05,
		"beamEffect": {
			"type": "ParticleEffect",
			"interp": "pow5Out",
			"particles": 1,
			"sizeFrom": 2.6,
			"sizeTo": 10,
			"length": 20,
			"baseLength": 0,
			"lifetime": 60,
			"colorFrom": "c0ecff",
			"colorTo": "c0ecff00"
		},
		"beamEffectInterval": 3,
		"damage": 50,
		"splashDamageRadius": 36,
		"splashDamage": 24,
		"pierceArmor": true,
		"damageInterval": 6,
		"hitColor": "c0ecff80",
		"color": "c0ecffb80",
		"drawSize": 420,
		"chargeEffect": {
			"type": "MultiEffect",
			"effects": [
				{
					"type": "ParticleEffect",
					"particles": 13,
					"baseLength": 80,
					"length": -80,
					"line": true,
					"lenFrom": 0,
					"lenTo": 23,
					"strokeFrom": 0,
					"strokeTo": 1.6,
					"sizeInterp": "pow5Out",
					"interp": "pow5In",
					"lifetime": 40,
					"colorFrom": "c0ecff",
					"colorTo": "c0ecff"
				},
				{
					"type": "ParticleEffect",
					"particles": 1,
					"sizeFrom": 0,
					"sizeTo": 8,
					"length": 0,
					"baseLength": 0,
					"lifetime": 55,
					"colorFrom": "c0ecff",
					"colorTo": "c0ecff"
				}
			]
		}
	},
}

    ]	"research":"lead"
}