{
"type":"naval"
"name":"游虵"
"health":200
"speed":12
"hitSize":14
"rotateSpeed":10
"abilities":[
    {
    "type":"MoveLightningAbility"
    "chance":1
    "damage":10
    "length":5
    "minSpeed":0
    "maxSpeed":0
    "color":"00000000"
    "shootEffect":{
        "type":"ParticleEffect"
        "colorFrom":"ddddffff"
        "colorTo":"999999ff"
        "lifetime":20
        "particles":1
        "length":0
        "cone":0
        "sizeFrom":8
        "sizeTo":8
        "region":"更多实用设备扩展-adwt"
        }
    "shootSound":"none"
    }
    {
    "type":"StatusFieldAbility"
    "duration":360
    "range":8
    "reload":3600
    "effect":{
        "name":"shu"
        "localizedName":"shu"
        "healthMultiplier":10
        "speedMultiplier":2
        "effect":{
            "type":"ParticleEffect"
            "colorFrom":"3333ffff"
            "colorTo":"aaaaff"
            "lifetime":15
            "cone":360
            "line":true
            "strokeFrom":1
            "strokeTo":1
            "lenTo":4
            }
        "show":false
        }
    }
    ]
}