{
 "name":"芥子",
 "flying":true
 "destructibleWreck":false
 "circleTarget":true
 "faceTarget":false
 "targetFlags":["generator","core","turret"]
            "speed":3,
            "hitSize":8,
            "health":250
            "weapons":[{
           	    "x":0,
           	    "y":0,
           	    "mirror":false
                "reload":60
                "shootCone":360,
                "ejectEect":"none",
                "shootSound":"explosion",
                "bullet":{ 
                    "type":"BombBulletType",
                    "hitEffect":{
          "type": "WaveEffect"
          "lifetime": 60
          "sizeFrom": 68
          "sizeTo": 68
          "colorFrom": "6d56bf"
          "colorTo": "6d56bf"
        }
           	    "lightning":5
           	    "lightningDamage":10
           	    "lightningLength":8
                    "lietime":10,
                    "speed":1,
                    "splashDamageRadius":68,
                    "instantDisappear":true,
                    "splashDamage":90,
                "lightningColor":"bf92f9"
                    "killShooter":true,
                    "hittable":false,
                    "collidesAir":true
                }
            }]
	"research":"flare"
}