{
"flying":false,
"research":"adt3"
"speed":0.6
"hitSize":21
"health": 1100,
"range":40
"mechSideSway":0.25
"itemCapacity":10
"ammoCapacity":500,
"weapons":[		
   {
	"name": "explosion",
	"reload": 60,
	"x": 0,
	"mirror": false,
	"rotate": true,
	"shake": 10,
	"shootSound": "none",
	"shootOnDeath": true,
	"shootCone": 360,
	"bullet": 
	{
	"instantDisappear": true,
	"hitSound": "titanExplosion",
	"killShooter": true,
	"pierceArmor": true,
	"collides":false,
	"splashDamageRadius": 144,
	"splashDamage": 810,
	"buildingDamageMultiplier": 2,
	"suppressionRange": 380,
	"suppressionDuration": 1200,
	"hitShake": 8,
	"shootEffect": "massiveExplosion",
	"smokeEffect": "massiveExplosion",
	"despawnEffect": "massiveExplosion",
	"hitEffect": {
	"type": "MultiEffect",
	"effects": [
    {
	"type": "WaveEffect",
	"interp":"circleOut",
	"lifetime": 20,
	"sizeFrom": 0,
	"sizeTo": 300,
	"strokeFrom": 22,
	"strokeTo": 10,
	"colorFrom": "FFFFFFFF",
	"colorTo": "FFFFFFFF"
						},
    {
	"type": "ParticleEffect",
	"particles": 26,
	"sizeFrom": 10,
	"sizeTo": 0,
	"length": 220,
	"baseLength": 0,
	"lifetime": 120,
	"interp": "fastSlow",
	"sizeInterp": "pow5In",
	"colorFrom": "FFFFFFFF",
	"colorTo": "FFFFFFFF"
						},
					]}}}]
}