{"targetAir":true,
	//是否攻击空军
	"targetGround":true,
	//是否攻击地面目标
	"type":"legs",//爬爬
	"legCount":6,
	"legMoveSpace":1,
	"legLength":21,
	"legExtension":-10,
	"legBaseOffset":10,
	"legSpeed":0.2,
	"legLengthScl":0.96,
	"rippleScale":2,
	"legContinuousMove":true,
	"legSplashDamage":15,
	"legSplashRange":20,
	"allowLegStep":true,
	"hovering":true,
	"targetFlags":["turret"],

	"name":"星光",//名字
	"description":"三级蜘蛛单位，拥有力场护盾，可以向前方一定幅角内发射数道激光攻击敌人"

	"research":{
	"parent": "fcab星涌",
	/*"requirements": [//研究花费
	"钢/6000",
		"锡/11000",
		"silicon/13000"
		"thorium/10000"
	],*/

	"objectives": [
		"ajab次级重构厂",//研究xx
		]	},

	"speed": 1,
	"hitSize": 30,
	"health": 4960,
	"faceTarget": true,
	"armor": 12,
	"drag": 0.4,
	"range": 160,
	"maxRange": 200,
	"aimDst": 130,
	"targetAir": true,
	"rotateSpeed": 2,
"abilities":[
	{"type":"ForceFieldAbility",//力墙场
	"radius":48//范围
	"regen":0.8//再生值
	"max":900//最大值
	"cooldown":240//冷却
	}],
	"weapons":[
		{"name":"none",//武器贴图的名字
		"top":false,
			"shootY":6.75,
		"mirror":false,
		"x":0,"y":0.5,
		"shootSound":"missile",
		"reload":45,
		"recoil":0.5,//后坐力
		"shootStatus": "slow",
			"shootStatusDuration":60,
"range":160,
"shoot": {
"inaccuracy": 0,
"type": "ShootBarrel",
	"barrels": [0,0,15,
	0,0,-15,
	0,0,0,
	0,0,10,
	0,0,-10,
	0,0,0,
	0,0,5,
	0,0,-5,
	0,0,0,
	0,0,5,
	0,0,-5,
	0,0,0,
	0,0,10,
	0,0,-10,
	0,0,0],//炮口位置（左右，前后，倾斜）
		"spread": 0
		"shotDelay": 1.5,
		"shots": 3,}
		"parts":[
		{"type":"shapePart",
		"hollow":true,
		"circle":true,
		"y":6.75,
		"layer":110,
		"color":"C1BEFAFF",
		"stroke":0,
		"strokeTo":1,
		"radiusTo":4,
		"radius":4
		},
		{"type":"HaloPart",
		"y":6.75,
		"radius":2,
		"tri":true,
		"layer":110,
		"color":"C1BEFAFF",
		"haloRotateSpeed":-1,
		"haloRadius":4,
		"haloRadiusTo":4,
		"stroke":0,
		"strokeTo":2,
		"shapes":2,
		"triLengthTo":4,
		"triLength":0
		},
		{"type":"HaloPart",
		"y":6.75,
		"radius":2,
		"tri":true,
		"layer":110,
		"color":"C1BEFAFF",
		"haloRotateSpeed":1,
		"haloRadius":4,
		"haloRadiusTo":4,
		"stroke":0,
		"strokeTo":2,
		"shapes":2,
		"triLengthTo":4,
		"triLength":0
		}	],

		"bullet":{
		"type":"LaserBulletType",
		"length":160,
		"width":12,
		"damage":92,
		"colors":["EB7ABE","E189F5","907EF7","91A4FF","FFFFFF"],
		"sideAngle":25,
		"sideLength":8,
		"sideWidth":2,
		"recoil":0.1,

	"hitEffect":{
		"type":"ParticleEffect",
		"line":true,
		"particles":4,
		"lifetime":30,
		"offset":50,
		"length":22,
		"cone":-45,
		"lenFrom":8,
		"lenTo":8,
		"colorFrom":"665C9FFF",
		"colorTo":"BF92F9FF"
		},

	"shootEffect":{
		"type":"multiEffect",
		"effects":[
		{"type":"WaveEffect",
		"lifetime":25,
		"sizeFrom":0,
		"sizeTo":20,
		"strokeFrom":3.5,
		"strokeTo":0,
		"colorFrom":"665C9FFF",
		"colorTo":"BF92F9FF"},
		{
		"type":"ParticleEffect",
		"line":true,
		"particles":9,
		"length":40,
		"lifetime":20,
		"cone":360,
		"colorFrom":"665C9FFF",
		"colorTo":"BF92F9FF",
		"lenFrom":5,
		"lenTo":0
		}	]	}
		}	}]
}
