{"targetAir":true,
	//是否攻击空军
	"targetGround":true,
	//是否攻击地面目标
	"type":"legs",//爬爬
	"legCount": 6,
	"legMoveSpace": 1,
	"legLength": 21,
	"legExtension": -10,
	"legBaseOffset": 10,
	"legSpeed": 0.2,
	"legLengthScl": 0.96,
	"rippleScale": 2,
	"legContinuousMove": true,
	"legSplashDamage": 22,
	"legSplashRange": 30,
	"allowLegStep": true,
	"hovering": true,
	"targetFlags":["turret"],

	"name":"星光",//名字
	"description":"三级蜘蛛单位，拥有力场护盾，可以向前方一定幅角内发射数枚分裂爆破弹"

	"research":{
	"parent": "fcab星涌",
	/*"requirements": [//研究花费
	"钢/6000",
		"锡/11000",
		"silicon/13000"
		"thorium/10000"
	],*/

	"objectives": [
		"ajab次级重构厂",//研究xx
		]	},

	"speed": 1,
	"hitSize": 30,
	"health": 4960,
	"faceTarget": true,
	"armor": 12,
	"drag": 0.4,
	"range": 200,
	"maxRange": 200,
	"aimDst": 130,
	"targetAir": true,
	"rotateSpeed": 2,
"abilities":[
	{"type":"ForceFieldAbility",//力墙场
	"radius":60//范围
	"regen":0.5//再生值
	"max":720//最大值
	"cooldown":300//冷却
	}],
	"weapons":[
		{"name":"none",//武器贴图的名字
		"top":false,
		"mirror":false,
		"x":0,"y":0.5,
		"shootSound":"missile",
		"reload":45,
		"recoil":0,//后坐力
		"shootStatus": "slow",
			"shootStatusDuration":60,
"range":200,
"shoot": {
"inaccuracy": 0,
"type": "ShootBarrel",
	"barrels": [0,0,15,
	0,0,-15,
	0,0,0,
	0,0,10,
	0,0,-10,
	0,0,0,
	0,0,5,
	0,0,-5,
	0,0,0,
	0,0,5,
	0,0,-5,
	0,0,0,
	0,0,10,
	0,0,-10,
	0,0,0],//炮口位置（左右，前后，倾斜）
		"spread": 0
		"shotDelay": 1.5,
		"shots": 3,}
		"parts":[
		{"type":"shapePart",
		"hollow":true,
		"circle":true,
		"y":0.5,
		"layer":110,
		"color":"C1BEFAFF",
		"stroke":0,
		"strokeTo":1,
		"radiusTo":4,
		"radius":4
		},
		{"type":"HaloPart",
		"y":0.5,
		"radius":2,
		"tri":true,
		"layer":110,
		"color":"C1BEFAFF",
		"haloRotateSpeed":-1,
		"haloRadius":4,
		"haloRadiusTo":4,
		"stroke":0,
		"strokeTo":2,
		"shapes":2,
		"triLengthTo":4,
		"triLength":0
		},
		{"type":"HaloPart",
		"y":0.5,
		"radius":2,
		"tri":true,
		"layer":110,
		"color":"C1BEFAFF",
		"haloRotateSpeed":1,
		"haloRadius":4,
		"haloRadiusTo":4,
		"stroke":0,
		"strokeTo":2,
		"shapes":2,
		"triLengthTo":4,
		"triLength":0
		}	],

		"bullet":{
		"pierce":true,//穿透
		"keepVelocity": false,
		"recoil":1,//后坐力
		"sprite":"冥痕json-star",//子弹贴图
		"spin": 4,//子弹旋转速度
		"frontColor":"837DE8FF",
		"backColor":"C1BEFAFF"
		"width":20,"height":20,//宽长度
		"shrinkY":0,"shrinkX":0,//子弹变形程度
		"speed":5,//飞行速度
		"lifetime":38,//存在时间
		"damage":60,//单体伤害
		"splashDamageRadius":24,//伤害范围
		"splashDamage":60,//范围伤害
		"collides":true,

		"trailColor":"C1BEFAFF",//尾迹颜色
		"trailParam":2,//尾迹参数
		"trailWidth":2,"trailLength":8,//尾迹宽长
		"trailEffect":"none",//尾迹特效
		
		"fragBullets":3,
			"fragRandomSpread":0,//随机分裂角度
			"fragSpread":120,//分裂角度
			"fragAngle":60,//分裂起始角度，
			"fragVelocityMin":0.5,//最小分裂弹速度
	    "fragVelocityMax":0.5,//最大分裂弹速
	    "fragOnHit":true,//击中时分裂
		"fragBullet":{
		"speed": 4,
  "lifetime":6
		"type":"BasicBulletType",		"splashDamageRadius":8,			"splashDamage":25,//范围伤害
  "damage":16,
"trailChance": 1,
		"trailRotation": true,
		"trailEffect": {
		"type": "ParticleEffect",
		"particles": 1,
		"length": 0,
		"lifetime": 20,
		"sizeFrom": 3,
		"spin": 0,//子弹旋转速度
		"colorFrom": "837DE8FF",//中心颜色
		"colorTo": "C1BEFAFF"},//边缘颜色

	"shootEffect": {//攻击特效
		"type": "multiEffect",//多种特效
		"effects": [//特效
		{"type": "WaveEffect",
		"region": "冥痕json-方",//区域贴图
		"lifetime": 25,//存在时间
		"sizeFrom": 0,
		"sizeTo": 20,
		"strokeFrom": 3.5,
		"strokeTo": 0,
		"colorFrom": "837DE8FF",//中心颜色
		"colorTo": "C1BEFAFF"},//边缘颜色
		{
		"type": "ParticleEffect",
		"region": "冥痕json-方",//区域贴图
		"particles": 6,//粒子数量
		"length": 40,//长度
		"lifetime": 50,//存在时间
		"interp": "circleOut",//中间部分
		"sizeInterp": "pow5Out",//大小部分
		"cone": 360,//角度
		"colorFrom": "837DE8FF",//中心颜色
		"colorTo": "C1BEFAFF",//边缘颜色
		"sizeFrom": 5.5,
		"sizeTo": 0
		}	]	}

	"hitEffect": {//碰撞特效
		"type": "multiEffect",//多种特效
		"effects": [//特效
		{"type": "WaveEffect",
		"region": "冥痕json-方",//区域贴图
		"lifetime": 25,//存在时间
		"sizeFrom": 0,
		"sizeTo": 20,
		"strokeFrom": 3.5,
		"strokeTo": 0,
		"colorFrom": "837DE8FF",//中心颜色
		"colorTo": "C1BEFAFF"},//边缘颜色
		{
		"type": "ParticleEffect",
		"region": "冥痕json-方",//区域贴图
		"particles": 9,//粒子数量
		"length": 40,//长度
		"lifetime": 48,//存在时间
		"interp": "circleOut",//中间部分
		"sizeInterp": "pow5Out",//大小部分
		"cone": 360,//角度
		"colorFrom": "837DE8FF",//中心颜色
		"colorTo": "C1BEFAFF",//边缘颜色
		"sizeFrom": 4.5,
		"sizeTo": 0
		}	]	}

		"smokeEffect":"none",
		"despawnEffect":"none",
},
	"shootEffect":{//攻击特效
		"type":"multiEffect",//多种特效
		"effects":[//特效
		{"type":"WaveEffect",
		"region":"冥痕json-方",//区域贴图
		"lifetime":25,//存在时间
		"sizeFrom":0,
		"sizeTo":20,
		"strokeFrom":3.5,
		"strokeTo":0,
		"colorFrom":"837DE8FF",
		"colorTo":"C1BEFAFF"},
		{
		"type":"ParticleEffect",
		"region":"冥痕json-方",//区域贴图
		"particles":9,//粒子数量
		"length":40,//长度
		"lifetime":48,//存在时间
		"interp":"circleOut",//中间部分
		"sizeInterp":"pow5Out",//大小部分
		"cone":360,//角度
		"colorFrom":"837DE8FF",
		"colorTo":"C1BEFAFF",
		"sizeFrom":5.5,
		"sizeTo":0
		}	]	}

	"hitEffect":{//碰撞特效
		"type":"multiEffect",//多种特效
		"effects":[//特效
		{"type":"WaveEffect",
		"region":"冥痕json-方",//区域贴图
		"lifetime":25,//存在时间
		"sizeFrom":0,
		"sizeTo":20,
		"strokeFrom":3.5,
		"strokeTo":0,
		"colorFrom":"837DE8FF",
		"colorTo":"C1BEFAFF"},
		{
		"type":"ParticleEffect",//类型
		"region":"冥痕json-方",//区域贴图
		"particles":9,//粒子数量
		"length":40,//长度
		"lifetime":48,//存在时间
		"interp":"circleOut",//中间部分
		"sizeInterp":"pow5Out",//大小部分
		"cone":360,//角度
		"colorFrom":"837DE8FF",//
		"colorTo":"C1BEFAFF",//
		"sizeFrom":4.5,//
		"sizeTo":0//
		}	]	}
		}	}]
}
