{"targetAir":true,
	//是否攻击空军
	"targetGround":true,
	//是否攻击地面目标
	"type":"legs",//爬爬
	"legCount": 6,
	"legMoveSpace": 1,
	"legLength": 44,
	"legExtension": -10,
	"legBaseOffset": 8,
	"legSpeed": 0.2,
	"legLengthScl": 0.96,
	"rippleScale": 2,
	"legContinuousMove": true,
	"legSplashDamage": 48,
	"legSplashRange": 32,
	"allowLegStep": true,
	"hovering": true,
	"targetFlags":["generator","battery","factory"],

	"name":"星幻",//名字
	"description":"五级蜘蛛单位，装载有能量炮和速射炮，能够发射火焰和量子爆破弹"

	"research":{
	"parent": "fcad星陨",
	/*"requirements": [//研究花费
	"阿迪特/16000",
	]

	"objectives": [
		"bcd-星陨",//研究xx
		]*/	},

	"speed": 0.7,
	"hitSize": 54,
	"health": 26960,
	"faceTarget": true,
	"armor": 32,
	"drag": 0.4,
	"range": 260,
	"targetAir": true,
	"rotateSpeed": 2,

	"weapons":[
	{"name":"fcae星幻速射炮",//武器贴图的名字
		"top":false,
		"shoot": {
"inaccuracy": 0,
"type": "ShootBarrel",
	"barrels": [
	-4.25,8.5,0,
	0,8.5,0,
	4.5,8.5,0,
	4.5,8.5,0,
	0,8.5,0,
	-4.25,8.5,0,
	],//炮口位置（左右，前后，倾斜）
		"spread": 0
		"shotDelay":2.5
		"shots": 6,}
		"mirror":true,
		"x":14.75,"y":-19,
		"shootSound":"missile",
		"reload":120,
		"recoil":0,//后坐力

		"parts":[

/*		{"type":"RegionPart",
		"suffix":"-星空-blade",
		"moveRot":-22,
		"mirror":true,
		"children":[
		{"type":"RegionPart",
		"suffix":"-星空-blade-glow",
		"blending":"additive",
		"color":"A9D8FF00",
		"colorTo":"A9D8FF80",
		"outline":false,
		"mirror":true
		}	],
		"progress":{
		"type":"warmup",
		"op":"blend",
		"other":"reload",
		"amount":0.5
		}	},*/

		{"type":"shapePart",
		"hollow":true,
		"circle":true,
		"y":3,
		"layer":110,
		"color":"C1BEFAFF",
		"stroke":0,
		"strokeTo":1,
		"radiusTo":3,
		"radius":3
		},
		{"type":"HaloPart",
		"y":3,
		"radius":2,
		"tri":true,
		"layer":110,
		"color":"C1BEFAFF",
		"haloRotateSpeed":-1,
		"haloRadius":3,
		"haloRadiusTo":3,
		"stroke":0,
		"strokeTo":2,
		"shapes":2,
		"triLengthTo":3,
		"triLength":0
		},
		{"type":"HaloPart",
		"y":3,
		"radius":2,
		"tri":true,
		"layer":110,
		"color":"C1BEFAFF",
		"haloRotateSpeed":1,
		"haloRadius":3,
		"haloRadiusTo":3,
		"stroke":0,
		"strokeTo":2,
		"shapes":2,
		"triLengthTo":3,
		"triLength":0
		}	],

		"bullet":{
		"sprite":"冥痕json-star",//子弹贴图
		"spin": 4,//子弹旋转速度
		"frontColor":"837DE8FF",
		"backColor":"C1BEFAFF"
		"width":15,"height":15,//宽长度
		"shrinkY":0,"shrinkX":0,//子弹变形程度
		"speed":8,//飞行速度
		"lifetime":32.5,//存在时间
		"damage":60,//单体伤害
		"splashDamageRadius":24,//伤害范围
		"splashDamage":100,//范围伤害
		"collides":true,
		"homingRange": 80,
            "homingPower": 0.05,

		"trailColor":"C1BEFAFF",//尾迹颜色
		"trailParam":2,//尾迹参数
		"trailWidth":2,"trailLength":8,//尾迹宽长
		"trailEffect":"none",//尾迹特效

	"shootEffect":{//攻击特效
		"type":"multiEffect",//多种特效
		"effects":[//特效
		{"type":"WaveEffect",
		"region":"冥痕json-方",//区域贴图
		"lifetime":25,//存在时间
		"sizeFrom":0,
		"sizeTo":20,
		"strokeFrom":3.5,
		"strokeTo":0,
		"colorFrom":"837DE8FF",
		"colorTo":"C1BEFAFF"},
		{
		"type":"ParticleEffect",
		"region":"冥痕json-方",//区域贴图
		"particles":9,//粒子数量
		"length":40,//长度
		"lifetime":48,//存在时间
		"interp":"circleOut",//中间部分
		"sizeInterp":"pow5Out",//大小部分
		"cone":360,//角度
		"colorFrom":"837DE8FF",
		"colorTo":"C1BEFAFF",
		"sizeFrom":5.5,
		"sizeTo":0
		}	]	}

	"hitEffect":{//碰撞特效
		"type":"multiEffect",//多种特效
		"effects":[//特效
		{"type":"WaveEffect",
		"region":"冥痕json-方",//区域贴图
		"lifetime":25,//存在时间
		"sizeFrom":0,
		"sizeTo":20,
		"strokeFrom":3.5,
		"strokeTo":0,
		"colorFrom":"837DE8FF",
		"colorTo":"C1BEFAFF"},
		{
		"type":"ParticleEffect",//类型
		"region":"冥痕json-方",//区域贴图
		"particles":9,//粒子数量
		"length":40,//长度
		"lifetime":48,//存在时间
		"interp":"circleOut",//中间部分
		"sizeInterp":"pow5Out",//大小部分
		"cone":360,//角度
		"colorFrom":"837DE8FF",//
		"colorTo":"C1BEFAFF",//
		"sizeFrom":4.5,//
		"sizeTo":0//
		}	]	}
		}	}
	{
			"name": "fcae星幻喷火器",
			"x":25.25,"y":0.25,
			"reload": 480,
			"mirror": true,
			"rotate": true,
			"shootY": 27,
			"recoil": 5,
			"shake": 8,
			"rotateSpeed": 1.2,
			"rotationLimit": 90,
			"cooldownTime": 500,
			"shootSound": "laserblast",
			"bullet": {
				"sprite": "circle-bullet",
				"damage": 0,
				"lifetime": 48,
				"speed": 6,
				"height": 32,
				"width": 32,
				"shrinkY": 0,
				"hittable": false,
				"scaleLife": true,
				"absorbable": false,
				"reflectable": false,
				"collidesAir": false,
				"collidesGround": false,
				"homingRange": 160,
				"homingPower": 0.01,
				"splashDamage": 1200,
				"splashDamageRadius": 192,
				"scaledSplashDamage": true,
				"frontColor": "FFFFFF",
				"backColor": "C1BEFAFF",
				"lightColor": "C1BEFAFF",
				"trailColor": "C1BEFAFF",
				"trailChance": 1,
				"trailLength": 20,
				"trailWidth": 8,
				"trailEffect": {
					"type": "ParticleEffect",
					"lifetime": 25,
					"particles": 7,
					"sizeFrom": 7,
					"cone": 360,
					"length": 9,
					"baseLength": 9,
					"interp": "circleOut",
					"lightColor": "C1BEFAFF",
					"colorFrom": "837DE8FF",
					"colorTo": "C1BEFAFF"
				},
				"bulletInterval": 3,
				"intervalBullets": 3,
				"intervalBullet": {
					"type": "SapBulletType",
					"damage": 275,
					"length": 128,
					"sapStrength": 1.5,
					"color": "C1BEFAFF",
					"hitColor": "C1BEFAFF",
					"knockback": -5,
					"status": "sapped",
					"statusDuration": 30,
					"shootEffect": {
						"type": "ParticleEffect",
						"particles": 3,
						"lifetime": 20,
						"line": true,
						"strokeFrom": 3,
						"strokeTo": 0,
						"lenFrom": 6,
						"lenTo": 6,
						"cone": 30,
						"length": 45,
						"interp": "fastSlow",
						"sizeInterp": "slowFast",
						"lightColor": "C1BEFAFF",
						"colorFrom": "C1BEFAFF",
						"colorTo": "C1BEFAFF"
					}
				},
				"lightning": 16,
				"lightningLength": 12,
				"lightningDamage": 125,
				"lightningLengthRand": 29,
				"lightningColor": "C1BEFAFF",
				"hitSound": "plasmaboom",
				"hitEffect": "reactorExplosion",
				"despawnEffect": "reactorExplosion"
			}
		}
		{  "name":"none",//武器贴图的名字
		"top":false,
		"mirror":false,
		"x":0,"y":24,
		"shootSound":"missile",
		"reload":180,
		"recoil":0,//后坐力
		"shootStatus": "slow",
			"shootStatusDuration":30,
"range":260,
"shoot": {
"inaccuracy": 0,
"type": "ShootBarrel",
	"barrels": [0,0,20,
	0,0,15,
	0,0,10,
	0,0,5,
	0,0,0,
	0,0,-5,
	0,0,-10,
	0,0,-15,
	0,0,-20
	],//炮口位置（左右，前后，倾斜）
		"spread": 0
		"shotDelay":2
		"shots": 9,}
		"parts":[
		{"type":"shapePart",
		"hollow":true,
		"circle":true,
		"y":0.5,
		"layer":110,
		"color":"C1BEFAFF",
		"stroke":0,
		"strokeTo":1,
		"radiusTo":4,
		"radius":4
		},
		{"type":"HaloPart",
		"y":0.5,
		"radius":2,
		"tri":true,
		"layer":110,
		"color":"C1BEFAFF",
		"haloRotateSpeed":-1,
		"haloRadius":4,
		"haloRadiusTo":4,
		"stroke":0,
		"strokeTo":2,
		"shapes":2,
		"triLengthTo":4,
		"triLength":0
		},
		{"type":"HaloPart",
		"y":0.5,
		"radius":2,
		"tri":true,
		"layer":110,
		"color":"C1BEFAFF",
		"haloRotateSpeed":1,
		"haloRadius":4,
		"haloRadiusTo":4,
		"stroke":0,
		"strokeTo":2,
		"shapes":2,
		"triLengthTo":4,
		"triLength":0
		}	],

		"bullet":{
		"pierce":true,//穿透
		"pierceCap":4,//穿透数
		"keepVelocity": false,
		"recoil":1,//后坐力
		"sprite":"冥痕json-star",//子弹贴图
		"spin": 4,//子弹旋转速度
		"frontColor":"837DE8FF",
		"backColor":"C1BEFAFF"
		"width":20,"height":20,//宽长度
		"shrinkY":0,"shrinkX":0,//子弹变形程度
		"speed":8,//飞行速度
		"lifetime":32.5,//存在时间
		"damage":80,//单体伤害
		"splashDamageRadius":24,//伤害范围
		"splashDamage":70,//范围伤害
		"collides":true,

		"trailColor":"C1BEFAFF",//尾迹颜色
		"trailParam":2,//尾迹参数
		"trailWidth":2,"trailLength":8,//尾迹宽长
		"trailEffect":"none",//尾迹特效
		
		"fragBullets":3,
			"fragRandomSpread":0,//随机分裂角度
			"fragSpread":120,//分裂角度
			"fragAngle":60,//分裂起始角度，
			"fragVelocityMin":0.5,//最小分裂弹速度
	    "fragVelocityMax":0.5,//最大分裂弹速
	    "fragOnHit":true,//击中时分裂
		"fragBullet":{
		"speed": 4,
  "lifetime":8
		"type":"BasicBulletType",		"splashDamageRadius":10,			"splashDamage":60,//范围伤害
  "damage":60,
"trailChance": 1,
		"trailRotation": true,
		"trailEffect": {
		"type": "ParticleEffect",
		"particles": 1,
		"length": 0,
		"lifetime": 20,
		"sizeFrom": 3,
		"spin": 0,//子弹旋转速度
		"colorFrom": "837DE8FF",//中心颜色
		"colorTo": "C1BEFAFF"},//边缘颜色

	"shootEffect": {//攻击特效
		"type": "multiEffect",//多种特效
		"effects": [//特效
		{"type": "WaveEffect",
		"region": "冥痕json-方",//区域贴图
		"lifetime": 25,//存在时间
		"sizeFrom": 0,
		"sizeTo": 20,
		"strokeFrom": 3.5,
		"strokeTo": 0,
		"colorFrom": "837DE8FF",//中心颜色
		"colorTo": "C1BEFAFF"},//边缘颜色
		{
		"type": "ParticleEffect",
		"region": "冥痕json-方",//区域贴图
		"particles": 6,//粒子数量
		"length": 40,//长度
		"lifetime": 50,//存在时间
		"interp": "circleOut",//中间部分
		"sizeInterp": "pow5Out",//大小部分
		"cone": 360,//角度
		"colorFrom": "837DE8FF",//中心颜色
		"colorTo": "C1BEFAFF",//边缘颜色
		"sizeFrom": 5.5,
		"sizeTo": 0
		}	]	}

	"hitEffect": {//碰撞特效
		"type": "multiEffect",//多种特效
		"effects": [//特效
		{"type": "WaveEffect",
		"region": "冥痕json-方",//区域贴图
		"lifetime": 25,//存在时间
		"sizeFrom": 0,
		"sizeTo": 20,
		"strokeFrom": 3.5,
		"strokeTo": 0,
		"colorFrom": "837DE8FF",//中心颜色
		"colorTo": "C1BEFAFF"},//边缘颜色
		{
		"type": "ParticleEffect",
		"region": "冥痕json-方",//区域贴图
		"particles": 9,//粒子数量
		"length": 40,//长度
		"lifetime": 48,//存在时间
		"interp": "circleOut",//中间部分
		"sizeInterp": "pow5Out",//大小部分
		"cone": 360,//角度
		"colorFrom": "837DE8FF",//中心颜色
		"colorTo": "C1BEFAFF",//边缘颜色
		"sizeFrom": 4.5,
		"sizeTo": 0
		}	]	}

		"smokeEffect":"none",
		"despawnEffect":"none",
},
	"shootEffect":{//攻击特效
		"type":"multiEffect",//多种特效
		"effects":[//特效
		{"type":"WaveEffect",
		"region":"冥痕json-方",//区域贴图
		"lifetime":25,//存在时间
		"sizeFrom":0,
		"sizeTo":20,
		"strokeFrom":3.5,
		"strokeTo":0,
		"colorFrom":"837DE8FF",
		"colorTo":"C1BEFAFF"},
		{
		"type":"ParticleEffect",
		"region":"冥痕json-方",//区域贴图
		"particles":9,//粒子数量
		"length":40,//长度
		"lifetime":48,//存在时间
		"interp":"circleOut",//中间部分
		"sizeInterp":"pow5Out",//大小部分
		"cone":360,//角度
		"colorFrom":"837DE8FF",
		"colorTo":"C1BEFAFF",
		"sizeFrom":5.5,
		"sizeTo":0
		}	]	}

	"hitEffect":{//碰撞特效
		"type":"multiEffect",//多种特效
		"effects":[//特效
		{"type":"WaveEffect",
		"region":"冥痕json-方",//区域贴图
		"lifetime":25,//存在时间
		"sizeFrom":0,
		"sizeTo":20,
		"strokeFrom":3.5,
		"strokeTo":0,
		"colorFrom":"837DE8FF",
		"colorTo":"C1BEFAFF"},
		{
		"type":"ParticleEffect",//类型
		"region":"冥痕json-方",//区域贴图
		"particles":9,//粒子数量
		"length":40,//长度
		"lifetime":48,//存在时间
		"interp":"circleOut",//中间部分
		"sizeInterp":"pow5Out",//大小部分
		"cone":360,//角度
		"colorFrom":"837DE8FF",//
		"colorTo":"C1BEFAFF",//
		"sizeFrom":4.5,//
		"sizeTo":0//
		}	]	}
		}	} ]
}
