{	"description":"为周围友军提供速度提升"
"name":"速度增幅者"
	"type": "legs",
"research":{
	"parent": "aiaz增幅者制造厂",
	},
	"health": 1280,
	"speed": 1.2,
	"hitSize": 19,
	"armor": 10,
	"drag": 0.1,
	"range": 48,
	"rotateSpeed": 4,
	"groundLayer": 75,
	"legCount": 6,
	"legLength": 18,
	"stepShake": 0.2,
	"legGroupSize": 3,
	"legMoveSpace": 1,
	"legExtension": -6,
	"legBaseOffset": 7,
	"legMaxLength": 1.1,
	"legMinLength": 0.2,
	"legLengthScl": 0.95,
	"legForwardScl": 0.9,
	"legSplashDamage": 5,
	"legSplashRange": 2,
	"hovering": true,
	"targetAir": false,
	"lockLegBase": true,
	"allowLegStep": true,
	"legContinuousMove": true,
	"immunities": [
		"burning",
		"melting",
		"blasted",
		"wet",
		"freezing",
		"slow",
		"tarred",
		"muddy",
		"sapped",
		"electrified",
		"spore-slowed",
	],
	"weapons": [
	{
			"x": 0,
			"reload": 600,
			"mirror": false,
			"shootCone": 360,
			"shootOnDeath": true,
			"shootSound": "none",
			"bullet": {
				"damage": 0,
				"speed": 8,
				"lifetime": 8,
				"collides": false,
				"hittable": false,
				"killShooter": true,
				"incendAmount": 0,
				"incendSpread": 0,
				"splashDamage": 0,
				"splashDamageRadius": 0,
				"instantDisappear": true,
				"shootEffect": "none",
				"hitEffect": "none",
				"despawnEffect": "none"
		},
		}
	],
	"abilities": [
		{
			"type": "SpawnDeathAbility",
			"unit": "速度增幅者单位",
			"amount": 1,
			"randAmount": 0
		}
	]
}