{
    "type":"BurnerGenerator"
    "name": "一代蒸汽机",
    "description": "第一代蒸汽机，比涡轮强，但仍有很大的改进空间。",
    "health": 800,
    "powerProduction": 20
    "size": 3,
    "hasPower": true,
    "hasItems": true,
    "itemDuration": 75
    "buildCostMultiplier":0.75
    "consumes": {
        "liquid": {
            "liquid": "water",
            "amount": 0.125
        }
    },
    "requirements": [
        {"item": "copper", "amount": 400 }
        { "item": "graphite", "amount": 80 },
        {"item": "lead", "amount": 200}
        ,{"item": "silicon", "amount": 35},
    ],
    "category": "power",
    "research": "duo",
}