{   "type": "Drill",
	"name": "蒸汽钻头",
	"description": "利用蒸汽力量推动，能挖掘更坚硬的钛",
	"drillEffect": "mineBig",
	"health": 800,
	"rotateSpeed": 3.5,
	"drawMineItem":true,
	"drawRim":true,
	"tier": 3,
	"size": 4,
	"drillTime": 140,
	"consumes": {
		"power": 0.5,
		"liquid": {
			"liquid": "water",
			"amount": 0.1,
			"booster": true,
			"optional": true
		}
	},
	"requirements": [
	{ "item": "copper", "amount": 500 },
	{ "item": "lead","amount": 300 },
	{ "item": "graphite" ,"amount": 150 },
	{ "item":"titanium","amount":200}
	],
	"category": "production",
	"research": "duo"
}