{
	"type": "ItemTurret",
	"name": "冲击波",
	"description": "发出一圈环形子弹，可以用来守家",
	"health": 500,
	"size": 2,
	"reload": 90,
	"targetAir":true
	"range": 240,
	"shots": 360,
	"spread":1
	"inaccuracy": 0
	"maxAmmo":80
	"ejectEffect":"casing2"
	"alwaysUnlocked":false,
	"ammoTypes": {
			"纳米合金": {
		  "type": "BasicBulletType",
			"speed": 4,
			"damage": 40
			"width": 10
			"height": 14
			"tileDamageMultiplier":0.75
			"shootEffect": "shootSmall",
			"smokeEffect": "shootSmallSmoke",
			"collidesAir":true,
			"ammoMultiplier": 2,
			"keepVelocity":true,
			"lifetime": 68
			"shrinkY":0
			"knockback":3
			"pierce":3
			"healPercent":1
			"sprite": "更多实用设备扩展-散弹炮纳米合金"
		},
		"surge-alloy": {
		  "type": "BasicBulletType",
		"sprite": "更多实用设备扩展-散弹炮巨浪合金"
			"speed": 5,
			"damage": 30
			"width": 7
			"height": 9
			"tileDamageMultiplier":0.75
			"shootEffect": "shootSmall",
			"smokeEffect": "shootSmallSmoke",
			"collidesAir":true,
			"ammoMultiplier": 2,
			"keepVelocity":true,
			"lifetime":68
			"shrinkY":0
			"knockback":1
			"pierce":2
		},
		"plastanium": {
		  "type": "BasicBulletType",
			"speed": 6,
			"damage": 20
			"width": 5
			"tileDamageMultiplier":0.9
			"pierce":true
			"pierceCap":1
			"height": 7
			"shootEffect": "shootSmall",
			"smokeEffect": "shootSmallSmoke",
			"sprite": "更多实用设备扩展-散弹炮塑钢"
			"collidesAir":true,
			"ammoMultiplier": 4,
			"keepVelocity":true,
			"lifetime":68
			"shrinkY":0
			"knockback":1
			},
	},
	"requirements": [
		{ "item": "copper", "amount": 500 },
		{ "item": "lead", "amount":500 },
		{ "item": "titanium", "amount": 400 },
		{ "item": "thorium", "amount": 350 },
	],
	"category": "turret",
	"research": "霰弹炮"
}