{
    "type": "SingleTypeGenerator",
    "name": "迷你核电",
    "description": "nm有什么用",
    "size": 1,
    "health": 100,
    "itemCapacity": 2,
    "hasLiquids": true,
    "hasItems": true,
    "powerProduction": 5,
        "consumes":{
        	"liquid": {
        	    "liquid":[
        	   {"liquid": "water","amount":0.01}
        	   ],
        	}
		"items": {
			"items": [
				{ "item": "thorium", "amount": 1 }
			],
}
			"optional": true
		}
    "requirements": [
		{"item": "copper", "amount": 200},
		{"item": "lead", "amount": 200}
	],
	"category": "effect",
	"research": "rtg-generator"
}