{
    "type": "Pump",
    "name": "大型机械泵",
    "description": "泵送液体，不需要电力",
    "size": 2,
    "health": 180,
    "liquidCapacity": 72,
    "hasLiquids": true,
    "pumpAmount": 0.15,
    "requirements": [
        {
            "item": "copper",
            "amount": 20
        },
        {
            "item": "scrap",
            "amount": 20
        },
        {
            "item": "metaglass",
            "amount": 15
        }
    ],
    "category": "liquid",
    "research": "mechanical-pump"
}