{
"type": "ConsumeGenerator"
,"name": "TL-火力发电机",
"description": "燃烧煤炭之类的可燃烧材料发电。",
"size": 1,
"minItemEfficiency":1,
"health": 40,
     "itemCapacity":10,
//"hasLiquids": true,
"hasItems": true,
"powerProduction": 1
    "generateEffect":"reactorsmoke"
    	"drawer": {      
    	    "type": "DrawMulti",
    	        "drawers": [
    	                {
       "type": "DrawRegion",
       "suffix": "-b"
        },
    	  {
    "type": "DrawGlowRegion",
    "suffix": "-a",
    "color": "E19B4FFF"
    }
    	{
		 "type" : "DrawParticles",
		 "color" : "D86E56FF",
		 "alpha" : 0.3,
		 "particles" : 15,
		 "particleLife" : 30,
		 "particleRad" : 4,
		 "particleSize" : 1,
		 "fadeMargin" : 0.5,
		 "rotateScl" : 2,
		"reverse" : false
	},
    ]
    }
"consumes": {
          "itemFlammable": {},
},
"requirements": [
		{"item": "copper", "amount":25 },
		{ "item": "lead", "amount": 15 },
		"建筑废料/30"
                ],
                "category": "power",
                "research":"铜发电机",
                "itemDuration":10,
} 