{
    "type":"PowerNode",
    "name":"TL-电力节点",
    "description": "连接其他电力节点，建筑物或炮塔提供电力",
    "size":1,
    "health":60,
    "maxNodes":8,
    "laserRange":20,
    "research":"TL-火力发电机",
	"hasPower":true,
		"consumes":{
	    "powerBuffered": 20
	    },
	"consumesPower": true,
	"outputsPower": true,
    "requirements": [
        {"item":"copper","amount":4},
        {"item":"lead","amount":5}
        "建筑废料/8"
        ],
        "category":"power"
}