{
"type": "ConsumeGenerator"
,"name": "铜发电机",
"description": "使用某种高科技技术将铜变成一种可燃物质，用可燃的铜来发电",
"size": 2,
"minItemEfficiency":1,
"health": 3600,
     "itemCapacity":10,
//"hasLiquids": true,
"hasItems": true,
"powerProduction": 2
    "generateEffect":"reactorsmoke"
"consumes": {
        "items": {
            "items": [
                {"item": "copper","amount": 5}//一次消耗几个
            ]
        }
}
"requirements": [
		{"item": "copper", "amount": 60},
		"lead/45"
		"铜铅合金/30"
		"建筑废料/75"
                ],
                "category": "power",
                "research":"低温发电机",
                "itemDuration":620,
} 