{
	"type": "mech",/*种类 */
	"name": "孢兽召唤者T1",/*名称，它叫什么名字！ */
	"description": "",/*描述，简介！ */
	"ammoCapacity": 120,/*弹药容量 */
    "ammoResupplyAmount":15,/*弹药补给倍率 */
    "speed": 0,/*速度 */
	"flying": false,/*能否飞行，true为能飞 */
    "hitSize": 32,/*被击中大小，你的大小 */
    "targetAir":"true",/*目标航空 */
    "health": 3200,/*血量 */
    "armor": 6,/*装甲 */
    "rotateSpeed": 0,/*转速，旋转的速度 */
    "itemCapacity": 0,/*容量，字面意思 */
    "commandLimit": 0,/*命令限制，能让多少
    单位跟着你！ */
    "mechFrontSway":0.1,
    "mechSideSway":0.4,
    "rotateShooting": "true",/*旋转射击，是否旋转射击 */
   	"drawCell":false,
    	"research":"工蚁"
        "abilities": [/*能力（如力场防御等） */
{"type":"SpawnDeathAbility",//死亡单位
"amount":6,
"unit":"孢块",
},
{"type":"RegenAbility",//自愈
"percentAmount":0.025,
"amount":0.5,
}
	        {
            "type": "UnitSpawnAbility",
            "unit": "兵蚁",
            "spawnX": 8,
            "spawnY": -4,
            "spawnTime": 1200
        },
    	        {
            "type": "UnitSpawnAbility",
            "unit": "工蚁",
            "spawnX": 0,
            "spawnY": 2,
            "spawnTime": 1400
        },
	        {
            "type": "UnitSpawnAbility",
            "unit": "臭蛆",
            "spawnX": -8,
            "spawnY": 8,
            "spawnTime": 800
        },
    ]
}