{
	"name": "辐照通道",
	"description": "将流体置于中子辐射下\n[yellow]需放置在运行中的[blue] RBMK [yellow]旁才能工作",
	"health":1000,
	"size":2,
	"hasPower": true,
	"hasLiquids": true,
	"hasItems": false,
	"craftTime":60,
	"craftEffect":"steam"
	"consumes": {
		"liquids": {
		    "liquids":[
			    {"liquid": "微生物悬浊液","amount": 0.25},
			]
},
	},
  	"liquidCapacity": 60,
	"outputLiquid": { "liquid": "neoplasm","amount": 0.125},
	"requirements": [
		{ "item": "塑料", "amount":300},
	    {"item":"铀","amount":200},
	    {"item":"芯片","amount":100},
	    {"item":"铱","amount":50},
	    {"item":"lead","amount":200},
	],
	"category": "crafting",
	"research": "RBMK",
}