{
	"type": "PowerTurret",
	"name": "坏的火葬炮",
	"description": " 古代炮台,发射致命能量弹,命中后会造成大量伤害，并引发巨大火灾(有建筑的情况下)，极度恐怖的伤害",
	"targetAir": true,
	"targetGround": true,
	"health": 9999999,
	"size": 4,
	"shootSound":"laser",
	"shake":2,
	"inaccuracy": 0,
	"recoil": 3,
	"recoilTime":10
	      "shootCone": 20,
      "shootShake": 12,
      "moveWhileCharging": false,
      "shootOnDeath": true,
	"shoot":{
	"spread": 1
		"shots":1,
	    "shotDelay":0,
	    "firstShotDelay":600
		"type":"ShootAlternate",
	},
	"shootType": {
	"type" : "BasicBulletType",
	"damage": 136200,//伤害
	"splashDamageRadius":125,
	"splashDamage":126900,
	"makeFire":true,
	"barrels": 2,
	"sprite":"无尽奇点-尖刺2",
	"width": 48
	"height": 48
    "trailLength":520
	"trailWidth":16
	            "homingRange": 20,
	            	"weaveMag":4,
	"weaveScale":4,
    "homingPower": 0.03,
    "trailColor":"FF8C00",
	"frontColor":"FFD700",
	"backColor":"FF8C00",
	"status":"融化",
	"statusDuration":9999,
	"speed": 20
	"lifetime": 30,
		"fragBullets":22,
        "fragBullet":{
        "sprite":"无尽奇点-尖刺",
        "pierce": true,
	"type" : "BasicBulletType",
	"damage": 36200,//伤害
	"splashDamageRadius":64,
	"splashDamage":23900,
		"weaveMag":4,
	"weaveScale":4,
	"makeFire":true,
    "trailLength":125
	"trailWidth":12
	            "homingRange": 20,
    "homingPower": 0.01,
    "trailColor":"FF8C00",
	"frontColor":"FFD700",
	"backColor":"FF8C00",
	"width": 16,
	"height": 16
	"status":"融化",
	"statusDuration":36000,
	"speed": 0.4166666,
	"lifetime": 300,
	"hitEffect": {
"type": "MultiEffect",
	"effects": [
	{"type": "ParticleEffect",
    "particles": 16,
    "sizeFrom": 24,
    "sizeTo": 0,
    "length": 35,
    "baseLength": 10,
    "lifetime": 25,
    "colorFrom": "FF8C0080",
    "colorTo": "FF8C0080",
    "cone": 360},
    {"type": "WaveEffect",
    "lifetime": 15,
    "sizeFrom": 1,
    "sizeTo": 64,
    "strokeFrom": 8
    "strokeTo": 0,
    "colorFrom": "FF8C00",
    "colorTo": "FF8C0000"}]
	},
	"despawnEffect":"none",
	"shootEffect": {     
        "type": "WaveEffect",
        "lifetime": 16,
        "sizeFrom": 1,
        "sizeTo": 64,
        "strokeFrom": 8
        "strokeTo": 0,
        "colorFrom": "FFFFFF",
        "colorTo": "FFD700"
	   }
					"intervalBullets":5,
			"intervalBullet": {
	"type" : "BasicBulletType",
	"damage": 3200,//伤害
	"splashDamageRadius":32
	"splashDamage":600
	"makeFire":true,
	"barrels": 2,
    "trailLength":4,
	"trailWidth":1.5,
	            "homingRange": 20,
    "homingPower": 0.01,
    "trailColor":"FF8C00",
	"frontColor":"FFD700",
	"backColor":"FF8C00",
	"width": 2,
	"height": 8,
	"status":"burning",
	"statusDuration":180,
	"speed": 0.3,
	"lifetime": 120,
	"ammoMultiplier":3,
	"hitEffect": {
"type": "MultiEffect",
	"effects": [
	{"type": "ParticleEffect",
    "particles": 16,
    "sizeFrom": 6,
    "sizeTo": 0,
    "length": 35,
    "baseLength": 10,
    "lifetime": 25,
    "colorFrom": "FF8C0080",
    "colorTo": "FF8C0080",
    "cone": 360},
    {"type": "WaveEffect",
    "lifetime": 15,
    "sizeFrom": 1,
    "sizeTo": 30,
    "strokeFrom": 3,
    "strokeTo": 0,
    "colorFrom": "FF8C00",
    "colorTo": "FF8C0000"}]
	},
	"despawnEffect":"none",
	"shootEffect": {     
        "type": "WaveEffect",
        "lifetime": 16,
        "sizeFrom": 1,
        "sizeTo": 32,
        "strokeFrom": 2,
        "strokeTo": 0,
        "colorFrom": "FFFFFF",
        "colorTo": "FFD700"
	   }
			}
	},
	"hitEffect": {
"type": "MultiEffect",
	"effects": [
	{"type": "ParticleEffect",
    "particles": 22
    "sizeFrom": 12,
    "sizeTo": 0,
    "length": 35,
    "baseLength": 10,
    "lifetime": 300,
    "colorFrom": "FF8C0080",
    "colorTo": "FF8C0080",
    "cone": 360},
	{"type": "ParticleEffect",
    "particles": 22
    "sizeFrom": 0
    "sizeTo": 125
    "length": 35,
    "baseLength": 10,
    "lifetime": 60,
    "colorFrom": "FF8C0080",
    "colorTo": "FF8C0080",
    "cone": 360},
    {"type": "WaveEffect",
    "lifetime": 30
    "sizeFrom": 0,
    "sizeTo": 125
    "strokeFrom": 0
    "strokeTo": 125
    "colorFrom": "FF8C00",
    "colorTo": "FF8C0000"}
    {"type": "WaveEffect",
    "lifetime": 300
    "sizeFrom": 125
    "sizeTo": 125
    "strokeFrom": 125
    "strokeTo": 125
    "colorFrom": "FF8C00",
    "colorTo": "FF8C0000"}
 ]
	},
	"despawnEffect":"none",
	"chargeEffect": {
        "type": "MultiEffect",
	"effects": [
	{"type": "ParticleEffect",
	    "startDelay":600
    "particles": 22
    "sizeFrom": 12,
    "sizeTo": 0,
    "length": 35,
    "baseLength": 10,
    "lifetime": 300,
    "colorFrom": "FF8C0080",
    "colorTo": "FF8C0080",
    "cone": 30},
    {"type": "ParticleEffect",
    "particles": 22
    "sizeFrom": 12,
    "sizeTo": 0,
    "length": 35,
    "baseLength": 10,
    "lifetime": 600,
    "colorFrom": "FF8C0080",
    "colorTo": "FF8C0080",
    "cone": 360},
    {"type": "ParticleEffect",
    "particles": 22
    "sizeFrom": 0,
    "sizeTo": 22,
    "length": 35,
    "baseLength": 0,
    "lifetime": 600,
    "colorFrom": "FF8C0080",
    "colorTo": "FF8C0080",
    "cone": 360},
    {"type": "WaveEffect",
    "lifetime": 600
    "sizeFrom": 120,
    "sizeTo": 0,
    "strokeFrom": 60
    "strokeTo": 0,
    "colorFrom": "FF8C0000",
    "colorTo": "FF8C00"}
    {"type": "WaveEffect",
    "lifetime": 150
    "sizeFrom": 45
    "sizeTo": 0
    "strokeFrom": 22.5
    "strokeTo": 0,
    "colorFrom": "FF8C0000",
    "colorTo": "FF8C00"}
    {"type": "WaveEffect",
    "lifetime": 300
    "sizeFrom": 90
    "sizeTo": 0
    "strokeFrom": 45
    "strokeTo": 0,
    "colorFrom": "FF8C0000",
    "colorTo": "FF8C00"}]
	   }
	}
	   "consumes": {
		"power":38,//耗电
		"liquid":
		{"liquid":"矿渣","amount":"2.4"}
		},
	"reload": 72000,//发射间隔
	"rotateSpeed": 0.1,//炮台转速
	"range": 600,
	"requirements": [
	{ "item": "巨浪合金", "amount":1800},
	{ "item": "钍", "amount":6600},
	{ "item": "硅晶玻璃", "amount":3600},
	{ "item": "碳钢", "amount":2900}
	{ "item": "铍", "amount":3200},
	{ "item": "钨", "amount": 3000}
		{ "item": "钛", "amount": 3620 },
	{ "item": "波动合金", "amount": 3000 }
	]
}
