{
    "type": "LaunchPad",
    "name": "发射台",
    "description": "就是原版发射台\n把效率提高了一捏捏",
    "health": 360,
    "size": 3,
    "itemCapacity": 150,
    "launchTime":1200,
    "hasPower": true,
    "consumes": {
        "power": 4
    },
    "requirements": [
        {
            "item": "copper",
            "amount": 350
        },
        {
            "item": "lead",
            "amount": 200
        },
        {
            "item": "titanium",
            "amount": 150
        },
        {
            "item": "silicon",
            "amount": 140
        },
    ],
    "category": "effect",
   "research": {
		"parent": "小型发射台",
		"objectives": [
			{
				"type": "SectorComplete",
				"preset": "extractionOutpost"
			}
		]
	},
    "buildVisibility": "campaignOnly"
}