{
    "type":"LaunchPad", 
    "name":"蓝钢发射台", 
    "description":"更加的优秀，未来预计将出更强大的发射台\n蓝钢工业3.2版本物品，作出如下修改：\n1.建造所需钛提升至200，蓝钢降低为100\n2.修改了贴图，使其迎合新版蓝钢配色", 
    "health":800,
    "size":3, 
    "itemCapacity":500, 
    "launchTime":300,
    "hasPower":true, 
    "consumes": {
        "power": 4.5
    },
	"requirements": [
		{ "item": "copper", "amount": 360 },
        { "item": "lead", "amount": 220 },
        { "item": "titanium", "amount": 200 },
        { "item": "蓝钢工业-蓝钢", "amount": 100 },
        { "item": "silicon", "amount": 85 },
		],
	"category": "effect",
	"research": "发射台"
	"buildVisibility":"campaignOnly",
}