{
	"type": "naval",
	"name": "北斗",
	"speed": 0.95,
	"rotateSpeed": 2.6,
	"ammoType": "graphite",
	"ammoCapacity": 120,
	"hitSize": 16,
	"trailLength": 24,
	"waveTrailX": 3.75,
	"waveTrailY": -7.5,
	"trailScl": 1.6,
	"health": 750,
	"armor": 5,
	"fogRadius": 42,
	"lightRadius": 42,
	"faceTarget": false,
	"research": "海1",
	"requirements": {
		"block": "additive-reconstructor",
		"previous": "海1"
	},
	"weapons": [
		{
			"name": "参宿1",
			"reload": 11,
			"x": 6,
			"y": 0,
			"shootY": 3,
			"rotate": true,
			"rotateSpeed": 6,
			"inaccuracy": 0,
			"shootSound": "bolt",
			"alternate": true,
			"ejectEffect": "none",
			"recoil": 1,
			"bullet": {
				"type": "RailBulletType",
				"damage": 15,
				"lifesteal": 0.8,
				"knockback": 0.3,
				"pierce": false,
				"pierceEffect": "none",
				"pointEffectSpace": 4,
				"length": 152,
				"pointEffect": {
					"type": "ParticleEffect",
					"particles": 1,
					"line": true,
					"randLength": false,
					"lenFrom": 4.3,
					"lenTo": 4.3,
					"strokeFrom": 2,
					"strokeTo": 0,
					"length": 0,
					"baseLength": 1,
					"lifetime": 3,
					"colorFrom": "FEEBB3",
					"colorTo": "FEEBB3",
					"cone": 0
				},
				"shootEffect": "shootSmall",
				"smokeEffect": "none",
				"hitEffect": {
					"type": "ParticleEffect",
					"particles": 5,
					"lifetime": 10,
					"line": true,
					"colorFrom": "FEEBB3",
					"colorTo": "FEEBB3"
				}
			}
		},
		{
			"name": "北斗1",
			"mirror": false,
			"shootY": 5,
			"reload": 32,
			"ejectEffect": "none",
			"rotate": true,
			"rotateSpeed": 6,
			"recoil": 2,
			"x": 0,
			"y": -8,
			"shootSound": "sap",
			"bullet": {
				"type": "SapBulletType",
				"shootEffect": "shootSmall",
				"lifetime": 10,
				"sapStrength": 1,
				"length": 104,
				"width": 0.54,
				"knockback": -1.3,
				"statusDuration": 10,
				"status": "slow",
				"damage": 25,
				"color": "FEEBB3",
				"lightColor": "FEEBB3",
				"hitColor": "FEEBB3",
				"despawnEffect": "none"
			}
		},
		{
			"name": "北斗2",
			"x": 0,
			"y": 0,
			"mirror": true,
			"reload": 90,
			"shootCone": 360,
			"shootSound": "missile",
			"rotate": true,
			"inaccuracy": 0,
			"bullet": {
				"type": "MissileBulletType",
				"damage": 25,
				"splashDamageRadius": 25,
				"splashDamage": 50,
				"homingRange": 25,
				"homingDelay": 11,
				"homingPower": 0.03,
				"shootEffect": "none",
				"smokeEffect": "none",
				"hitEffect": "flakExplosion",
				"despawnEffect": "flakExplosion",
				"sprite": "饱和火力-导弹",
				"trailLength": 7,
				"trailWidth": 1,
				"trailEffect": "none",
				"trailColor": "FFFFFF",
				"backColor": "596ab8",
				"frontColor": "E3E3E3",
				"weaveMag": 2,
				"weaveScale": 3,
				"speed": 3.2,
				"drag": -0.02,
				"lifetime": 51,
				"width": 8,
				"height": 35
			}
		}
	]
}