{
	"type": "naval",
	"name": "天罡",
	"speed": 0.7,
	"rotateSpeed": 0.825,
	"ammoType": "surge-alloy",
	"ammoCapacity": 400,
	"hitSize": 50,
	"health": 23000,
	"armor": 10,
	"trailLength": 36,
	"waveTrailX": 14,
	"waveTrailY": -30,
	"trailScl": 2.8,
	"faceTarget": false,
	"research": "海3",
	"requirements": {
		"block": "exponential-reconstructor",
		"previous": "海3"
	},
	"weapons": [
		{
			"name": "突袭1",
			"type": "PointDefenseWeapon",
			"x": 0,
			"y": 14,
			"rotate": true,
			"rotateSpeed": 9,
			"mirror": false,
			"shootY": 4,
			"inaccuracy": 0,
			"shootSound": "laserShoot",
			"recoil": 0.6,
			"reload": 5,
			"targetInterval": 5,
			"targetSwitchInterval": 5,
			"bullet": {
				"speed": 24,
				"lifetime": 10,
				"shootEffect": "sparkShoot",
				"hitEffect": "pointHit",
				"maxRange": 240,
				"damage": 66
			}
		},
		{
			"name": "天罡2",
			"mirror": false,
			"x": 12,
			"y": -18,
			"baseRotation": -45,
			"reload": 30,
			"shoot":{
				"shots": 2,
				"shotDelay": 8
			},
			"recoil": 0,
			"shootCone": 360,
			"shootSound": "missileSmall",
			"rotate": false,
			"inaccuracy": 5,
			"xRand": 3,
			"controllable": false,
			"autoTarget": true,
			"bullet": {
				"type": "FlakBulletType",
				"damage": 96,
				"splashDamage": 178,
				"splashDamageRadius": 55,
				"status": "blasted",
				"homingDelay": 5,
				"homingRange": 100,
				"homingPower": 0.25,
				"shootEffect":"shootBig2",
				"smokeEffect": "shootSmallFlame",
				"hitEffect": "flakExplosionBig",
				"hitSound": "explosion",
				"hitShake": 2,
				"despawnEffect": "none",
				"sprite": "饱和火力-落雁",
				"shrinkY": 0,
				"trailLength": 8,
				"trailWidth": 2,
				"trailChance": 1,
				"trailInterval": 6,
				"trailEffect": {
					"type": "ParticleEffect",
					"particles": 4,
					"sizeFrom": 2,
					"sizeTo": 1,
					"length": 30,
					"lifetime": 45,
					"lightOpacity": 0.2,
					"interp": "circleOut",
					"sizeInterp": "pow10In",
					"colorFrom": "FFFFFF",
					"colorTo": "78787870",
					"cone": 10
				},
				"trailRotation": true,
				"trailColor": "FFFFFF80",
				"backColor": "FF5B5B",
				"frontColor": "E3E3E3",
				"drag": -0.01,
				"width": 14,
				"height": 58,
				"speed": 8,
				"lifetime": 48
			}
		},
		{
			"name": "天罡2",
			"mirror": false,
			"x": -12,
			"y": -18,
			"baseRotation": 45,
			"reload": 30,
			"shoot":{
				"shots": 2,
				"shotDelay": 8
			},
			"recoil": 0,
			"shootCone": 360,
			"shootSound": "missileSmall",
			"rotate": false,
			"inaccuracy": 5,
			"xRand": 3,
			"controllable": false,
			"autoTarget": true,
			"bullet": {
				"type": "FlakBulletType",
				"damage": 96,
				"splashDamage": 178,
				"splashDamageRadius": 55,
				"status": "blasted",
				"homingDelay": 5,
				"homingRange": 100,
				"homingPower": 0.25,
				"shootEffect":"shootBig2",
				"smokeEffect": "shootSmallFlame",
				"hitEffect": "flakExplosionBig",
				"hitSound": "explosion",
				"hitShake": 2,
				"despawnEffect": "none",
				"sprite": "饱和火力-落雁",
				"shrinkY": 0,
				"trailLength": 8,
				"trailWidth": 2,
				"trailChance": 1,
				"trailInterval": 6,
				"trailEffect": {
					"type": "ParticleEffect",
					"particles": 4,
					"sizeFrom": 2,
					"sizeTo": 1,
					"length": 30,
					"lifetime": 45,
					"lightOpacity": 0.2,
					"interp": "circleOut",
					"sizeInterp": "pow10In",
					"colorFrom": "FFFFFF",
					"colorTo": "78787870",
					"cone": 10
				},
				"trailRotation": true,
				"trailColor": "FFFFFF80",
				"backColor": "FF5B5B",
				"frontColor": "E3E3E3",
				"drag": -0.01,
				"width": 14,
				"height": 58,
				"speed": 8,
				"lifetime": 48
			}
		},
		{
			"name": "天罡1",
			"reload": 40,
			"x": 0,
			"y": -8,
			"shootY": 4,
			"rotate": true,
			"rotateSpeed": 6,
			"mirror": false,
			"alternate": true,
			"inaccuracy": 3,
			"shootSound": "laser",
			"shake": 1,
			"bullet": {
				"type":"BasicBulletType",
				"damage": 105,
				"splashDamage": 65,
				"splashDamageRadius": 35,
				"buildingDamageMultiplier": 2.5,
				"status": "崩溃",
				"statusDuration": 300,
				"speed": 15,
				"lifetime": 21,
				"frontColor": "FFFFFF",
				"backColor": "FEEBB3",
				"trailLength": 12,
				"trailWidth": 2.25,
				"trailColor": "FEEBB3",
				"hitSound": "laser",
				"shootEffect": {
					"type": "ParticleEffect",
					"particles": 9,
					"sizeFrom": 6,
					"sizeTo": 0,
					"length": 40,
					"baseLength": 0,
					"lifetime": 30,
					"colorFrom": "FEEBB3",
					"colorTo": "FEEBB3",
					"cone": 16
				},
				"smokeEffect": "bigShockwave",
				"width": 16,
				"height": 30,
				"hitEffect": "instBomb",
				"despawnEffect": "instBomb"
			}
		}
	]
}