{
	"type": "naval",
	"name": "玄冥",
	"speed": 0.6,
	"rotateSpeed": 0.63,
	"ammoType": "surge-alloy",
	"ammoCapacity": 1200,
	"hitSize": 60,
	"trailLength": 80,
	"waveTrailX": 20,
	"waveTrailY": -24,
	"trailScl": 4.5,
	"health": 44800,
	"armor": 14,
	"immunities":["burning"],
	"faceTarget": false,
	"research": "海4",
	"requirements": {
		"block": "tetrative-reconstructor",
		"previous": "海4"
	},
	"weapons": [
		{
			"name": "玄冥0",
			"x": 0,
			"y": 16,
			"mirror": false,
			"reload": 900,
			"shootSound": "missileLarge",
			"rotate": true,
			"inaccuracy": 30,
			"recoil": 0,
			"bullet": {
				"type": "BasicBulletType",
				"damage": 1800,
				"splashDamageRadius": 220,
				"splashDamage": 2200,
				"status": "崩溃",
				"statusDuration": 1200,
				"buildingDamageMultiplier": 2.5,
				"collides": false,
				"absorbable": false,
				"incendAmount": 75,
				"incendSpread": 160,
				"incendChance": 1,
				"hitEffect": {
					"type": "MultiEffect",
					"effects": [
						{
							"type": "ParticleEffect",
							"particles": 1,
							"sizeFrom": 80,
							"sizeTo": 200,
							"sizeInterp": "pow5Out",
							"length": 0,
							"baseLength": 0,
							"lifetime": 25.5,
							"colorFrom": "EEC591",
							"colorTo": "EEC59188"
						},
						{
							"type": "ParticleEffect",
							"particles": 1,
							"sizeFrom": 200,
							"sizeTo": 0,
							"sizeInterp": "pow10In",
							"length": 0,
							"baseLength": 0,
							"startDelay": 25,
							"lifetime": 125,
							"colorFrom": "EEC59188",
							"colorTo": "EEC59188"
						},
						{
							"type": "ParticleEffect",
							"particles": 23,
							"sizeFrom": 26,
							"sizeTo": 0,
							"length": 200,
							"baseLength": 8,
							"startDelay": 22,
							"interp": "pow10Out",
							"sizeInterp": "pow10In",
							"lifetime": 185,
							"colorFrom": "EEC59180",
							"colorTo": "EEC591AA"
						},
						{
							"type": "ParticleEffect",
							"particles": 80,
							"line": true,
							"strokeFrom": 3.2,
							"strokeTo": 0,
							"interp": "pow5Out",
							"sizeInterp": "pow5In",
							"lenFrom": 86,
							"lenTo": 0,
							"length": 360,
							"baseLength": 64,
							"lifetime": 25,
							"colorFrom": "EEC591",
							"colorTo": "EEC591"
						},
						{
							"type": "WaveEffect",
							"lifetime": 10,
							"sizeFrom": 0,
							"sizeTo": 450,
							"strokeFrom": 30,
							"strokeTo": 12,
							"colorFrom": "EEC591",
							"colorTo": "EEC59180"
						},
						{
							"type": "WaveEffect",
							"lifetime": 45,
							"sizeFrom": 0,
							"sizeTo": 230,
							"strokeFrom": 25,
							"strokeTo": 0,
							"colorFrom": "EEC591",
							"colorTo": "EEC591"
						},
						{
							"type": "WaveEffect",
							"startDelay": 8,
							"lifetime": 45,
							"sizeFrom": 0,
							"sizeTo": 230,
							"strokeFrom": 25,
							"strokeTo": 0,
							"colorFrom": "EEC591",
							"colorTo": "EEC591"
						},
						{
							"type": "WaveEffect",
							"startDelay": 15,
							"lifetime": 45,
							"sizeFrom": 0,
							"sizeTo": 230,
							"strokeFrom": 25,
							"strokeTo": 0,
							"colorFrom": "EEC591",
							"colorTo": "EEC591"
						}
					]
				},
				"hitShake": 50,
				"despawnEffect": {
					"type": "WaveEffect",
					"lifetime": 20,
					"sizeFrom": 40,
					"sizeTo": 380,
					"strokeFrom": 30,
					"strokeTo": 30,
					"colorFrom": "EEC591",
					"colorTo": "EEC59100"
				},
				"shootEffect": {
					"type": "MultiEffect",
					"effects": [
						{
							"type": "ParticleEffect",
							"particles": 22,
							"interp": "fastSlow",
							"sizeFrom": 12,
							"sizeTo": 0,
							"length": 105,
							"baseLength": 0,
							"lifetime": 103,
							"colorFrom": "EEC591",
							"colorTo": "FFFFFF",
							"cone": 40
						},
						{
							"type": "WaveEffect",
							"lifetime": 10,
							"sizeFrom": 0,
							"sizeTo": 30,
							"strokeFrom": 3,
							"strokeTo": 0,
							"colorFrom": "EEC591",
							"colorTo": "FFFFFF"
						}
					]
				},
				"smokeEffect": "bigShockwave",
				"makeFire": true,
				"pierce": true,
				"scaleLife": true,
				"sprite": "饱和火力-大导弹",
				"trailLength": 35,
				"trailWidth": 3,
				"trailColor": "EEC591",
				"trailChance": 0,
				"trailInterval": 3,
				"trailEffect": {
					"type": "ParticleEffect",
					"particles": 4,
					"sizeFrom": 6,
					"sizeTo": 0,
					"lifetime": 105,
					"interp": "pow10Out",
					"sizeInterp": "pow5In",
					"baseLength": 0,
					"cone": 20,
					"length": -55,
					"colorFrom": "EEC591",
					"colorTo": "EEC59180",
					"layer": 110
				},
				"trailRotation": true,
				"backColor": "FF5B5B",
				"frontColor": "EEC591",
				"shrinkY": 0,
				"width": 16,
				"height": 66,
				"speed": 2.5,
				"lifetime": 170,
				"homingDelay": 15,
				"homingRange": 180,
				"homingPower": 0.08,
				"hitSoundVolume": 6,
				"hitSound": "DBZ1"
			}
		},
		{
			"name": "玄冥3",
			"x": 0,
			"y": 0,
			"reload": 65,
			"mirror": false,
			"shoot": {
				"shots": 2,
				"shotDelay": 23,
				"type": "ShootBarrel",
				"barrels": [
					20,0,-22.5,
					-20,0,22.5
				]
			},
			"shootSound": "mineDeploy",
			"rotate": false,
			"shootCone": 360,
			"inaccuracy": 20,
			"autoTarget": true,
			"bullet": {
				"type": "BasicBulletType",
				"reflectable": false,
				"damage": 280,
				"splashDamageRadius": 90,
				"splashDamage": 480,
				"status": "崩溃",
				"statusDuration": 160,
				"homingDelay": 15,
				"homingRange": 320,
				"homingPower": 0.052,
				"pierceArmor": true,
				"hittable": false,
				"absorbable": false,
				"collidesAir": false,
				"collideFloor": true,
				"layer": 49,
				"shootEffect": "none",
				"smokeEffect": "none",
				"hitEffect": {
					"type": "MultiEffect",
					"effects": [
						{
							"type": "ParticleEffect",
							"particles": 18,
							"interp": "pow10Out",
							"sizeInterp": "pow10In",
							"sizeFrom": 11,
							"sizeTo": 0,
							"length": 95,
							"baseLength": 3,
							"lifetime": 125,
							"colorFrom": "FEEBB3",
							"colorTo": "FEEBB3"
						},
						{
							"type": "ParticleEffect",
							"particles": 18,
							"interp": "pow10Out",
							"sizeInterp": "pow10In",
							"sizeFrom": 8,
							"sizeTo": 0,
							"length": 95,
							"baseLength": 3,
							"lifetime": 105,
							"colorFrom": "FFFFFFA8",
							"colorTo": "737373FF"
						},
						{
							"type": "ParticleEffect",
							"particles": 22,
							"interp": "pow10Out",
							"sizeInterp": "pow5In",
							"sizeFrom": 9,
							"sizeTo": 0,
							"length": 89,
							"baseLength": 0,
							"lifetime": 60,
							"colorFrom": "596ab8",
							"colorTo": "596ab890"
						},
						{
							"type": "ParticleEffect",
							"particles": 40,
							"line": true,
							"strokeFrom": 2,
							"strokeTo": 2,
							"lenFrom": 44,
							"lenTo": 0,
							"length": 123,
							"baseLength": 13,
							"lifetime": 15,
							"colorFrom": "FFFFFF",
							"colorTo": "FFE176FF"
						},
						{
							"type": "WaveEffect",
							"lifetime": 22,
							"sizeFrom": 1,
							"sizeTo": 93,
							"strokeFrom": 9,
							"strokeTo": 0,
							"colorFrom": "FFE176FF",
							"colorTo": "FFFFFF"
						},
						{
							"type": "WaveEffect",
							"lifetime": 22,
							"sizeFrom": 1,
							"sizeTo": 72,
							"strokeFrom": 7,
							"strokeTo": 0,
							"colorFrom": "FFE176FF",
							"colorTo": "FFFFFF"
						}
					]
				},
				"despawnEffect": "none",
				"hitShake": 12,
				"hitSound": "plasmaboom",
				"hitSoundVolume": 5,
				"sprite": "饱和火力-导弹",
				"trailLength": 10,
				"trailWidth": 2.6,
				"trailColor": "596ab890",
				"backColor": "596ab890",
				"frontColor": "596ab890",
				"trailChance": 0,
				"trailInterval": 4,
				"trailEffect": {
					"type": "MultiEffect",
					"effects": [
						{
							"type": "ParticleEffect",
							"particles": 5,
							"sizeFrom": 6,
							"sizeTo": 0,
							"lifetime": 95,
							"interp": "pow10Out",
							"sizeInterp": "pow5In",
							"baseLength": 0,
							"cone": 20,
							"length": -75,
							"colorFrom": "596ab8A8",
							"colorTo": "596ab8A8",
							"layer": 49.9
						},
						{
							"type": "WaveEffect",
							"lifetime": 42,
							"startDelay": 2,
							"sizeFrom": 1,
							"sizeTo": 53,
							"strokeFrom": 3,
							"strokeTo": 0,
							"layer": 49.9,
							"colorFrom": "596ab8",
							"colorTo": "596ab8A8"
						},
						{
							"type": "ParticleEffect",
							"particles": 4,
							"region": "饱和火力-菱形",
							"sizeFrom": 6,
							"sizeTo": 2,
							"lifetime": 95,
							"interp": "pow10Out",
							"baseLength": 0,
							"cone": 20,
							"length": -75,
							"colorFrom": "FFFFFF30",
							"colorTo": "FFFFFF00",
							"layer": 100
						}
					]
				},
				"trailRotation": true,
				"shrinkY": 0,
				"width": 13,
				"height": 55,
				"speed": 5,
				"lifetime": 90
			}
		},
		{
			"name": "玄冥2",
			"x": 18,
			"y": 15,
			"reload": 60,
			"shootCone": 60,
			"shoot": {
				"shots": 3,
				"shotDelay": 4
			},
			"shootSound": "missile",
			"alternate": false,
			"rotate": true,
			"rotateSpeed": 6,
			"inaccuracy": 10,
			"xRand": 3,
			"controllable": false,
			"autoTarget": true,
			"bullet": {
				"type": "FlakBulletType",
				"damage": 46,
				"splashDamageRadius": 40,
				"splashDamage": 80,
				"homingRange": 100,
				"homingPower": 0.25,
				"hitEffect": "flakExplosionBig",
				"despawnEffect": "none",
				"sprite": "饱和火力-落雁",
				"trailLength": 8,
				"trailWidth": 2,
				"trailEffect": "none",
				"trailColor": "FFFFFF80",
				"backColor": "FF5B5B",
				"frontColor": "E3E3E3",
				"width": 12,
				"height": 45,
				"speed": 8,
				"lifetime": 58
			}
		},
		{
			"name": "玄冥2",
			"x": -24,
			"y": -11,
			"reload": 60,
			"shootCone": 60,
			"shoot": {
				"shots": 3,
				"shotDelay": 4
			},
			"shootSound": "missile",
			"alternate": false,
			"rotate": true,
			"rotateSpeed": 6,
			"inaccuracy": 10,
			"xRand": 3,
			"controllable": false,
			"autoTarget": true,
			"bullet": {
				"type": "MissileBulletType",
				"damage": 33,
				"splashDamageRadius": 40,
				"splashDamage": 55,
				"homingRange": 100,
				"homingPower": 0.25,
				"hitEffect": "flakExplosionBig",
				"despawnEffect": "none",
				"sprite": "饱和火力-落雁",
				"trailLength": 8,
				"trailWidth": 2,
				"trailEffect": "none",
				"trailColor": "FFFFFF80",
				"backColor": "FF5B5B",
				"frontColor": "E3E3E3",
				"width": 12,
				"height": 45,
				"speed": 8,
				"lifetime": 58
			}
		},
		{
			"name": "玄冥2",
			"x": 12,
			"y": -28,
			"reload": 78,
			"shootCone": 60,
			"shoot": {
				"shots": 2,
				"shotDelay": 8
			},
			"shootSound": "missile",
			"alternate": false,
			"rotate": true,
			"rotateSpeed": 6,
			"inaccuracy": 10,
			"xRand": 3,
			"controllable": false,
			"autoTarget": true,
			"bullet": {
				"type": "MissileBulletType",
				"damage": 30,
				"splashDamageRadius": 45,
				"splashDamage": 75,
				"homingRange": 100,
				"homingPower": 0.2,
				"hitEffect": "flakExplosionBig",
				"despawnEffect": "none",
				"sprite": "饱和火力-导弹",
				"trailLength": 13,
				"trailWidth": 2.2,
				"trailEffect": "none",
				"trailColor": "FFFFFF80",
				"backColor": "FF5B5B",
				"frontColor": "E3E3E3",
				"width": 13,
				"height": 55,
				"speed": 7,
				"lifetime": 67
			}
		},
		{
			"name": "玄冥1",
			"x": 0,
			"y": -4,
			"shootY": 20,
			"mirror": false,
			"reload": 60,
			"rotate": true,
			"rotateSpeed": 2.25,
			"shootSound": "railgun",
			"soundPitchMin": 0.5,
			"soundPitchMax": 0.5,
			"cooldownTime": 120,
			"inaccuracy": 0,
			"recoil": 4,
			"shake": 4,
			"shoot": {
				"shots": 2,
				"type": "ShootAlternate",
				"barrels": 2,
				"spread": 18
			},
			"bullet": {
				"type":"BasicBulletType",
				"damage": 110,
				"splashDamageRadius": 45,
				"splashDamage": 175,
				"buildingDamageMultiplier": 3,
				"status": "崩溃",
				"statusDuration": 460,
				"speed": 12,
				"lifetime": 40,
				"frontColor": "FFFFFF80",
				"backColor": "FEEBB3",
				"height": 22,
				"width": 12,
				"trailLength": 12,
				"trailWidth": 2.25,
				"trailColor": "FEEBB3",
				"shootEffect": {
					"type": "ParticleEffect",
					"particles": 6,
					"line": true,
					"interp": "pow10Out",
					"sizeInterp": "pow5In",
					"strokeFrom": 1.5,
					"strokeTo": 0,
					"lenFrom": 20,
					"lenTo": 0,
					"length": 40,
					"baseLength": 0,
					"lifetime": 26,
					"colorFrom": "FEEBB3",
					"colorTo": "FEEBB3",
					"cone": 10
				},
				"smokeEffect": "bigShockwave",
				"hitSound": "plasmaboom",
				"despawnEffect": "instBomb",
				"hitEffect": "instBomb"
			}
		}
	]
}