{
	"type": "naval",
	"name": "重堂",
	"speed": 0.55,
	"rotateSpeed": 0.53,
	"immunities": [
		"burning",
		"blasted",
		"碎解",
		"绝判"
	],
	"ammoType": "裂位能",
	"ammoCapacity": 200,
	"hitSize": 90,
	"trailLength": 200,
	"waveTrailX": 30,
	"waveTrailY": -40,
	"trailScl": 5,
	"health": 160000,
	"armor": 40,
	"faceTarget": false,
	"research": {
		"parent": "海5",
		//"objectives": [{"type": "SectorComplete","preset": "map8zz"}]
	},
	"weapons": [
		{
			"name": "重堂2",
			"type": "PointDefenseWeapon",
			"x": 32,
			"y": -40,
			"shootSound": "missile",
			"rotate": true,
			"recoil": 0,
			"rotateSpeed": 9,
			"reload": 4,
			"xRand": 2,
			"targetInterval": 2,
			"targetSwitchInterval": 2,
			"shoot": {
				"shots": 3
			},
			"bullet": {
				"speed": 34,
				"lifetime": 10,
				"shootEffect": "sparkShoot",
				"hitEffect": "pointHit",
				"maxRange": 340,
				"damage": 50
			}
		},
		{
			"name": "重堂1",
			"reload": 55,
			"shoot":{
				"shots": 2,
				"shotDelay": 12
			},
			"shootWarmupSpeed":0.05,
			"minWarmup":0.9,
			"x": 24,
			"y": 32,
			"shootY": 6,
			"rotate": true,
			"rotateSpeed": 0.6,
			"layerOffset":0.001,
			"recoil": 2,
			"mirror": true,
			"inaccuracy": 0,
			"shootSound": "mediumCannon",
			"alternate": true,
			"parts": [
				{
					"type": "RegionPart",
					"mirror": true,
					"suffix": "-前",
					"under": true,
					"moveY": -2,
					"progress": "recoil",
					"heatProgress": "recoil",
					"heatColor": "FEEBB380"
				}
			],
			"ejectEffect": "none",
			"bullet": {
				"damage": 155,
				"splashDamageRadius": 68,
				"splashDamage": 138,
				"lightningDamage": 68,
				"lightningColor": "FEEBB3",
				"lightning": 1,
				"lightningLength": 1,
				"lightningLengthRand": 9,
				"status": "崩溃",
				"statusDuration": 180,
				"lifetime": 64,
				"speed": 10,
				"shootEffect": {
					"type": "ParticleEffect",
					"particles": 8,
					"interp": "fastSlow",
					"sizeFrom": 10,
					"sizeTo": 0,
					"length": 105,
					"baseLength": 0,
					"lifetime": 35,
					"colorFrom": "FEEBB3",
					"colorTo": "FFFFFF",
					"cone": 40
				},
				"smokeEffect": "none",
				"sprite": "missile",
				"width": 18,
				"height": 30,
				"frontColor": "FFFFFF",
				"backColor": "FEEBB3",
				"trailLength": 10,
				"trailWidth": 4,
				"trailColor": "FEEBB3",
				"buildingDamageMultiplier": 1.65,
				"hitShake": 5,
				"hitSound": "plasmaboom",
				"hitEffect": {
					"type": "MultiEffect",
					"effects": [
						{
							"type": "ParticleEffect",
							"particles": 3,
							"sizeFrom": 9,
							"sizeTo": 0,
							"interp": "pow5Out",
							"sizeInterp": "pow5In",
							"length": 20,
							"baseLength": 48,
							"lifetime": 65,
							"colorFrom": "FEEBB3",
							"colorTo": "FEEBB3"
						},
						{
							"type": "ParticleEffect",
							"particles": 22,
							"line": true,
							"strokeFrom": 3,
							"strokeTo": 0,
							"lenFrom": 30,
							"lenTo": 0,
							"length": 93,
							"baseLength": 0,
							"lifetime": 20,
							"colorFrom": "FEEBB3",
							"colorTo": "FEEBB3"
						},
						{
							"type": "WaveEffect",
							"lifetime": 25,
							"sizeFrom": 0,
							"sizeTo": 66,
							"strokeFrom": 3,
							"strokeTo": 0,
							"colorFrom": "FEEBB3",
							"colorTo": "FEEBB3"
						}
					]
				},
				"despawnEffect": "none"
			}
		},
		{
			"name": "重堂1",
			"reload": 53,
			"shoot":{
				"shots": 2,
				"shotDelay": 12
			},
			"shootWarmupSpeed":0.05,
			"minWarmup":0.9,
			"x": -33,
			"y": 8,
			"shootY": 6,
			"rotate": true,
			"rotateSpeed": 0.6,
			"layerOffset":0.001,
			"recoil": 2,
			"mirror": true,
			"inaccuracy": 0,
			"shootSound": "mediumCannon",
			"alternate": true,
			"parts": [
				{
					"type": "RegionPart",
					"mirror": true,
					"suffix": "-前",
					"under": true,
					"moveY": -2,
					"progress": "recoil",
					"heatProgress": "recoil",
					"heatColor": "FEEBB380"
				}
			],
			"ejectEffect": "none",
			"bullet": {
				"damage": 155,
				"splashDamageRadius": 68,
				"splashDamage": 138,
				"lightningDamage": 68,
				"lightningColor": "FEEBB3",
				"lightning": 1,
				"lightningLength": 1,
				"lightningLengthRand": 9,
				"status": "崩溃",
				"statusDuration": 180,
				"lifetime": 64,
				"speed": 10,
				"shootEffect": {
					"type": "ParticleEffect",
					"particles": 8,
					"interp": "fastSlow",
					"sizeFrom": 10,
					"sizeTo": 0,
					"length": 105,
					"baseLength": 0,
					"lifetime": 35,
					"colorFrom": "FEEBB3",
					"colorTo": "FFFFFF",
					"cone": 40
				},
				"smokeEffect": "none",
				"sprite": "missile",
				"width": 18,
				"height": 30,
				"frontColor": "FFFFFF",
				"backColor": "FEEBB3",
				"trailLength": 10,
				"trailWidth": 4,
				"trailColor": "FEEBB3",
				"buildingDamageMultiplier": 1.65,
				"hitShake": 5,
				"hitSound": "plasmaboom",
				"hitEffect": {
					"type": "MultiEffect",
					"effects": [
						{
							"type": "ParticleEffect",
							"particles": 3,
							"sizeFrom": 9,
							"sizeTo": 0,
							"interp": "pow5Out",
							"sizeInterp": "pow5In",
							"length": 20,
							"baseLength": 48,
							"lifetime": 65,
							"colorFrom": "FEEBB3",
							"colorTo": "FEEBB3"
						},
						{
							"type": "ParticleEffect",
							"particles": 22,
							"line": true,
							"strokeFrom": 3,
							"strokeTo": 0,
							"lenFrom": 30,
							"lenTo": 0,
							"length": 93,
							"baseLength": 0,
							"lifetime": 20,
							"colorFrom": "FEEBB3",
							"colorTo": "FEEBB3"
						},
						{
							"type": "WaveEffect",
							"lifetime": 25,
							"sizeFrom": 0,
							"sizeTo": 66,
							"strokeFrom": 3,
							"strokeTo": 0,
							"colorFrom": "FEEBB3",
							"colorTo": "FEEBB3"
						}
					]
				},
				"despawnEffect": "none"
			}
		},
		{
			"name": "重堂1",
			"reload": 58,
			"shoot":{
				"shots": 2,
				"shotDelay": 12
			},
			"shootWarmupSpeed":0.05,
			"minWarmup":0.9,
			"x": -28,
			"y": -24,
			"shootY": 6,
			"rotate": true,
			"rotateSpeed": 0.6,
			"layerOffset":0.001,
			"recoil": 2,
			"mirror": true,
			"inaccuracy": 0,
			"shootSound": "mediumCannon",
			"alternate": true,
			"parts": [
				{
					"type": "RegionPart",
					"mirror": true,
					"suffix": "-前",
					"under": true,
					"moveY": -2,
					"progress": "recoil",
					"heatProgress": "recoil",
					"heatColor": "FEEBB380"
				}
			],
			"ejectEffect": "none",
			"bullet": {
				"damage": 155,
				"splashDamageRadius": 68,
				"splashDamage": 138,
				"lightningDamage": 68,
				"lightningColor": "FEEBB3",
				"lightning": 1,
				"lightningLength": 1,
				"lightningLengthRand": 9,
				"status": "崩溃",
				"statusDuration": 180,
				"lifetime": 64,
				"speed": 10,
				"shootEffect": {
					"type": "ParticleEffect",
					"particles": 8,
					"interp": "fastSlow",
					"sizeFrom": 10,
					"sizeTo": 0,
					"length": 105,
					"baseLength": 0,
					"lifetime": 35,
					"colorFrom": "FEEBB3",
					"colorTo": "FFFFFF",
					"cone": 40
				},
				"smokeEffect": "none",
				"sprite": "missile",
				"width": 18,
				"height": 30,
				"frontColor": "FFFFFF",
				"backColor": "FEEBB3",
				"trailLength": 10,
				"trailWidth": 4,
				"trailColor": "FEEBB3",
				"buildingDamageMultiplier": 1.65,
				"hitShake": 5,
				"hitSound": "plasmaboom",
				"hitEffect": {
					"type": "MultiEffect",
					"effects": [
						{
							"type": "ParticleEffect",
							"particles": 3,
							"sizeFrom": 9,
							"sizeTo": 0,
							"interp": "pow5Out",
							"sizeInterp": "pow5In",
							"length": 20,
							"baseLength": 48,
							"lifetime": 65,
							"colorFrom": "FEEBB3",
							"colorTo": "FEEBB3"
						},
						{
							"type": "ParticleEffect",
							"particles": 22,
							"line": true,
							"strokeFrom": 3,
							"strokeTo": 0,
							"lenFrom": 30,
							"lenTo": 0,
							"length": 93,
							"baseLength": 0,
							"lifetime": 20,
							"colorFrom": "FEEBB3",
							"colorTo": "FEEBB3"
						},
						{
							"type": "WaveEffect",
							"lifetime": 25,
							"sizeFrom": 0,
							"sizeTo": 66,
							"strokeFrom": 3,
							"strokeTo": 0,
							"colorFrom": "FEEBB3",
							"colorTo": "FEEBB3"
						}
					]
				},
				"despawnEffect": "none"
			}
		},
		{
			"name": "重堂3",
			"reload": 750,
			"x": 0,
			"y": 0,
			"shootY": 8,
			"mirror": false,
			"rotate": true,
			"top": true,
			"layerOffset":0.001,
			"autoTarget": false,
			"rotateSpeed": 0.7,
			"inaccuracy": 0,
			"shake": 12,
			"shootSound": "railgun",
			"chargeSound": "lasercharge",
			"cooldownTime": 500,
			"shootStatusDuration": 360,
			"shootStatus": "overclock",
			"parts": [
				{
					"type": "RegionPart",
					"mirror": true,
					"suffix": "-前",
					"under": true,
					"moveY": -8,
					"progress": "recoil",
					"heatProgress": "recoil",
					"heatColor": "FEEBB380"
				}
			],
			"shoot": {
				"type": "ShootPattern",
				"firstShotDelay": 120
			},
			"bullet": {
				"type": "EmpBulletType",
				"timeIncrease": 1,
				"powerDamageScl": 2,
				"powerSclDecrease": 0.6,
				"hitUnits": true,
				"unitDamageScl": 1.5,
				"radius": 220,
				"damage": 2340,
				"splashDamageRadius": 220,
				"splashDamage": 480,
				"buildingDamageMultiplier": 1.65,
				"speed": 3,
				"drag": -0.05,
				"lifetime": 51.2,
				"status": "绝判",
				"statusDuration": 3600,
				"hittable": false,
				"laserAbsorb": true,
				"pierceArmor": true,
				"pierce": true,
				"pierceCap": 3,
				"hitShake": 12,
				"frontColor": "FEEBB3",
				"backColor": "FEEBB3",
				"trailLength": 16,
				"trailWidth": 3,
				"trailColor": "FEEBB3",
				"trailChance": 1,
				"trailInterval": 2,
				"trailRotation": true,
				"trailEffect": {
					"type": "ParticleEffect",
					"particles": 4,
					"sizeFrom": 3,
					"sizeTo": 10,
					"lifetime": 95,
					"interp": "pow10Out",
					"length": -60,
					"baseLength": 3,
					"colorFrom": "FEEBB3",
					"colorTo": "FEEBB300",
					"cone": 20
				},
				"hitSize": 30,
				"width": 24,
				"height": 45,
				"sprite": "missile-large",
				"shrinkY": 0,
				"shrinkX": 0,
				"chargeEffect": {
					"type": "MultiEffect",
					"effects": [
						{
							"type": "ParticleEffect",
							"particles": 22,
							"line": true,
							"interp": "pow5In",
							"sizeInterp": "pow5Out",
							"strokeFrom": 1,
							"strokeTo": 3,
							"lenFrom": 80,
							"lenTo": 8,
							"length": -113,
							"baseLength": 55,
							"lifetime": 30,
							"colorFrom": "FEEBB3",
							"colorTo": "FEEBB3"
						},
						{
							"type": "ParticleEffect",
							"particles": 22,
							"line": true,
							"interp": "pow5In",
							"sizeInterp": "pow5Out",
							"strokeFrom": 1,
							"strokeTo": 3,
							"lenFrom": 70,
							"lenTo": 8,
							"length": -113,
							"baseLength": 55,
							"startDelay": 30,
							"lifetime": 30,
							"colorFrom": "FEEBB3",
							"colorTo": "FEEBB3"
						},
						{
							"type": "ParticleEffect",
							"particles": 22,
							"line": true,
							"interp": "pow5In",
							"sizeInterp": "pow5Out",
							"strokeFrom": 1,
							"strokeTo": 3,
							"lenFrom": 60,
							"lenTo": 8,
							"length": -113,
							"baseLength": 55,
							"startDelay": 70,
							"lifetime": 30,
							"colorFrom": "FEEBB3",
							"colorTo": "FEEBB3"
						},
						{
							"type": "WaveEffect",
							"lifetime": 30,
							"startDelay": 0,
							"sizeFrom": 110,
							"sizeTo": 0,
							"strokeFrom": 0,
							"strokeTo": 3,
							"colorFrom": "FEEBB3",
							"colorTo": "FEEBB3"
						},
						{
							"type": "WaveEffect",
							"lifetime": 30,
							"startDelay": 30,
							"sizeFrom": 110,
							"sizeTo": 0,
							"strokeFrom": 0,
							"strokeTo": 4,
							"colorFrom": "FEEBB3",
							"colorTo": "FEEBB3"
						},
						{
							"type": "WaveEffect",
							"lifetime": 30,
							"startDelay": 70,
							"sizeFrom": 110,
							"sizeTo": 0,
							"strokeFrom": 0,
							"strokeTo": 5,
							"colorFrom": "FEEBB3",
							"colorTo": "FEEBB3"
						}
					]
				},
				"hitSound": "DBZ1",
				"hitPowerEffect": {
					"type": "ParticleEffect",
					"particles": 1,
					"baseLength": 0,
					"length": 0,
					"lifetime": 20,
					"spin": 50,
					"region": "饱和火力-星",
					"sizeFrom": 40,
					"sizeTo": 0,
					"colorFrom": "FEEBB3",
					"colorTo": "FEEBB300"
				},
				"hitEffect": {
					"type": "MultiEffect",
					"effects": [
						{
							"type": "ParticleEffect",
							"particles": 1,
							"baseLength": 0,
							"length": 0,
							"lifetime": 20,
							"interp": "fastSlow",
							"region": "饱和火力-星",
							"sizeFrom": 300,
							"sizeTo": 0,
							"colorFrom": "FEEBB3",
							"colorTo": "FFFFFF"
						},
						{
							"type": "WaveEffect",
							"lifetime": 40,
							"sizeFrom": 20,
							"sizeTo": 240,
							"strokeFrom": 6,
							"strokeTo": 6,
							"colorFrom": "FEEBB3",
							"colorTo": "FEEBB300"
						},
						{
							"type": "ParticleEffect",
							"particles": 32,
							"sizeFrom": 30,
							"sizeTo": 0,
							"interp": "pow10Out",
							"sizeInterp": "pow10In",
							"length": 280,
							"baseLength": 90,
							"lifetime": 200,
							"colorFrom": "FEEBB350",
							"colorTo": "FEEBB300"
						},
						{
							"type": "ParticleEffect",
							"particles": 50,
							"line": true,
							"strokeFrom": 2,
							"strokeTo": 0,
							"lenFrom": 90,
							"lenTo": 0,
							"length": 200,
							"baseLength": 20,
							"lifetime": 22,
							"colorFrom": "FEEBB3",
							"colorTo": "FEEBB3"
						}
					]
				},
				"shootEffect": {
					"type": "MultiEffect",
					"effects": [
						{
							"type": "ParticleEffect",
							"particles": 10,
							"sizeFrom": 10,
							"sizeTo": 0,
							"interp": "pow10Out",
							"sizeInterp": "pow5In",
							"length": 85,
							"baseLength": 3,
							"lifetime": 185,
							"colorFrom": "FEEBB3",
							"colorTo": "737373FF",
							"cone": 30
						},
						{
							"type": "WaveEffect",
							"lifetime": 10,
							"sizeFrom": 1,
							"sizeTo": 90,
							"strokeFrom": 6,
							"strokeTo": 0,
							"colorFrom": "FFFFFF",
							"colorTo": "FFFFFF"
						}
					]
				},
				"smokeEffect": "bigShockwave",
				"despawnEffect": "none",
				"fragOnHit": false,
				"fragLifeMin": 0.3,
				"fragLifeMax": 1,
				"fragBullets": 25,
				"fragBullet": {
					"type": "BasicBulletType",
					"hitSound": "plasmaboom",
					"width": 48,
					"height": 48,
					"sprite": "饱和火力-海胆",
					"spin": 3,
					"shrinkY": 0.3,
					"shrinkX": 0.3,
					"status": "崩溃",
					"statusDuration": 125,
					"hitShake": 6,
					"backColor": "FEEBB3",
					"frontColor": "FFFFFF",
					"hitEffect": {
						"type": "MultiEffect",
						"effects": [
							{
								"type":"WrapEffect",
								"effect":"dynamicSpikes",
								"color":"FEEBB3",
								"rotation":65
							},
							{
								"type": "ParticleEffect",
								"particles": 1,
								"sizeFrom": 60,
								"sizeTo": 60,
								"length": 0,
								"baseLength": 0,
								"lifetime": 10,
								"colorFrom": "FEEBB3",
								"colorTo": "FFFFFF00"
							},
							{
								"type": "WaveEffect",
								"lifetime": 15,
								"sizeFrom": 1,
								"sizeTo": 65,
								"strokeFrom": 4,
								"strokeTo": 0,
								"colorFrom": "FEEBB3",
								"colorTo": "FEEBB3"
							}
						]
					},
					"despawnEffect": {
						"type": "MultiEffect",
						"effects": [
							{
								"type": "ParticleEffect",
								"particles": 4,
								"line": true,
								"strokeFrom": 2,
								"strokeTo": 0,
								"lenFrom": 90,
								"lenTo": 0,
								"length": 1,
								"baseLength": 3,
								"lifetime": 22,
								"colorFrom": "FEEBB3",
								"colorTo": "FEEBB380"
							},
							{
								"type": "ParticleEffect",
								"particles": 3,
								"line": true,
								"strokeFrom": 2,
								"strokeTo": 0,
								"lenFrom": 70,
								"lenTo": 0,
								"length": 1,
								"baseLength": 3,
								"lifetime": 22,
								"colorFrom": "FEEBB3A0",
								"colorTo": "FEEBB300"
							}
						]
					},
					"speed": 30,
					"lifetime": 30,
					"drag": 0.1,
					"trailColor": "FEEBB3",
					"trailLength": 3,
					"trailWidth": 2,
					"damage": 78,
					"buildingDamageMultiplier": 1.53,
					"splashDamageRadius": 60,
					"splashDamage": 76
				}
			}
		}
	]
}