{
     "name":"交错丘陵",//区块的名字
     "description":"降落之后地区，后期进攻的单位都是高级，尽快研究二级单位。并防守下来。",//区块的介绍
     "planet":"埃里克尔AR",
     "sector": 30,//区块在哪个位置
     "captureWave":17,//到波多少波次即可占领该区块
     "alwaysUnlocked":false，//默认解锁？
     "addStartingItems":false，//允许添加初始资源
     "difficulty":6,//难度等级(2~6)
     "requirements": [
        "Beryllium/1000",
        "Graphites/1000"，
        "Silicon/900"
    ],
     "research":{
          "parent":"庇护前哨",//上一个研究的前置条件
          "objectives":[
        {          "type":"SectorComplete",
                    "preset":"岩浆湖"//需要解锁某个东西才会解锁这个
               }
          ]
     }
}
          
     
