{
	"name":"破位物",//名字
	"description":"其蕴含的能量非常巨大,足以破坏时空！",//介绍
	"details":"",//剧情
	"hardness":3,
	"cost":1.5,//增加建筑时间的指数
	"color":"EEC591",//物品分类器显示的颜色
	"radioactivity":6.0,//放射性
	"flammability":0,//燃烧性
	"charge":0,//放电性
	"explosiveness":0,//爆炸性
	"research": "phase-fabric",//科技树位置
	"alwaysUnlocked":false,
	"frames":10,
	"transitionFrames":1,
	"frameTime":4,
	"research": "titanium"
}