{
	"name":"羲和合金",//名字
	"description":"一种硬度极高的合金,用来做墙非常合适,并且其放电性比巨浪合金更高.,且其身上进行着昼夜循环",//介绍
	"details":"",//剧情
	"hardness":4
	"cost":1.01,//增加建筑时间的指数
	"color":"404040FF",//物品分类器显示的颜色
	"radioactivity":0.001,//放射性
	"flammability":0,//燃烧性
	"charge":3,//放电性
	"explosiveness":0,//爆炸性
		"alwaysUnlocked":false,
	"frames":7,
	"transitionFrames":1,
	"frameTime":4,
	"research": "surge-alloy",//科技树位置
}