{
	"type": "flying", 
	"alwaysUnlocked": false, //始终科技树解锁
	"name": "哨兵", //名字
	"description": "为哨塔核心专门设计的效应器，具有最基本的建造和攻击能力", //介绍
	"speed": 7, //移动速度
	"rotateSpeed": 72, //旋转的速度
	"hitSize": 6, //单位的大小。8=1格
	"health": 120, //血量
	"itemCapacity": 40, //携带物品容量
	"flying": true, //是否飞行
	"engineSize": 3, //引擎的大小
	"armor": 0, //护甲
	"engineOffset": 3, //引擎偏移
	"accel": 0.08, //（飞行专属）初始加速度。删除它表示没有加速度，直接最大速度
	"drag": 0.1, //滑行（飞行专属）。越小越滑。删除它表示没有滑行。增大会导致难掉头
	"targetAir": false, //目标空气
	"range": 140, //范围
	"circleTarget": true, //圈出目标（显示攻击目标）
	"mineTier": 3, //采矿等级
	"mineSpeed": 0.7, //采矿速度
	"buildSpeed":0.5//建造速度倍率
	"weapons": [//武器（武器可以使用任何方式的武器+子弹的组合）
    {
        "name": "基本武器",  // 定义实体的名称为 "基本武器"
        "reload": 30,       // 重新装弹的时间，60＝1s
        "x":0,           // 在水平方向的位置坐标
        "y":0,           // 在垂直方向的位置坐标
        "rotate": false,    // 是否允许旋转，false 表示不允许
        "inaccuracy": 0,    // 射击的不准确性，0 表示完全准确
        "shootSound": "pew", // 射击时播放的声音效果是 "pew"
        "alternate": false,  // 是否交替射击，false 表示不交替进行
        "ejectEffect": "casing1", // 射击时弹壳弹出的效果是 "casing1"
        "shoot": {         // 射击相关的配置
            "shots": 3,    // 每次射击发射的子弹数量
            "shotDelay": 2 // 发射每颗子弹之间的延迟时间
        },
        "bullet": 
            {        // 子弹的属性配置
            "buildingDamageMultiplier": 0.1, // 子弹对建筑的破坏倍率
            "damage": 1,                     // 子弹的伤害值
            "speed": 4.5,                      // 子弹的飞行速度
            "lifetime": 30,                    // 子弹的生命周期，超过这个时间子弹会消失
            "width": 6,                        // 子弹的宽度
            "height": 8                         // 子弹的高度
            }
        }
	]
	 "research": "哨塔核心"//科技树排序
	 "alwaysUnlocked": false,
}