{
    "type": "tank", // 定义单位类型为坦克单位。
    "name": "弥散", // 坦克单位的名称。
    "hitSize": 24, // 坦克的碰撞箱大小。
    "omniMovement": false, // 坦克是否支持全方位移动
    "rotateMoveFirst": false, // 坦克是否优先旋转再移动。
    "treadPullOffset": 1, // 履带的拉伸偏移量。
    "speed": 7.2, // 坦克的移动速度。
    "health": 2400, // 坦克的生命值。
    "armor": 243, // 坦克的护甲值。
    /*"crushDamage": 5,  坦克对单位的碾压伤害*/
    "rotateSpeed": 3, // 坦克的旋转速度。
    "drag": 0.2, // 坦克的阻力
    "accel": 0.05, // 坦克的加速度。
    "itemCapacity": 20, // 坦克的物品容量，这里为0表示不携带额外物品。
    "faceTarget": false, // 坦克是否始终面向目标。
    "treadRects": [ // 定义履带的矩形区域。
        {
            "x": 12, // 矩形的X坐标
            "y": 32// 矩形的Y坐标
            "width": 32, // 矩形的宽度。
            "height": 32, // 矩形的高度。
            "middle": true,
        },
    ],
    "weapons":[
    	{
			"name": "125mm火炮",
			"x": 0,
			"y": 0,
			"rotate": true,
			"reload": 40,
			"shootSound": "malignShoot",
			"bullet": {
				"type": "BasicBulletType",
            	"speed": 7,
			    "damage": 40,
		    	"splashDamageRadius":6,
			    "splashDamage":10,
			    "lifetime":60,
	    		"width": 2, 
	    		"height": 4,
	    		"knockback":4,
		    	"sprite":"三角-125HEAT",
		    	"pierce":false,
		    	"drag":0.02,
		    	"hitSize":12,
		    	"pierceArmor":true,
		    	"buildingDamageMultiplier":0.2,
	    		"fragBullets":1,
	    		"fragRandomSpread":0
	    		"fragBullet":{
	    		    "type":"LaserBulletType",//激光子弹的type
	    		    "sideAngle":175,//子弹侧面倾斜角度
	    		    "sideWidth":1,//侧面宽
	    		    "sideLength":40,//侧面长
	    		    "lifetime":20,
	    		    "damage":325,
	    		    "drawSize":100,//渲染尺寸，不清楚
	    		    "length":25,//激光长度
	    		    "pierce":true,
	    		    "pierceArmor":true,
	    		    "buildingDamageMultiplier":0.8,
	    		}
	    	},
        }
    ]
    "research": {
        "parent": "组装车间",
        "objectives": [
            "stell",
        ]
    }
}