{
    "type": "PowerTurret",
    "nane": "Alex炮",
    "chargeTime": 0.1,
    "chargeMaxDelay": 25,
    "chargeEffects": 10,
    "recoilAmount": 4,
    "reloadTime": 0.1,
    "cooldown": 0.05,
    "powerUse": 0.1,
    "shootShake": "1.5",
    "shootEffect": "lancerLaserShoot",
    "smokeEffect": "none",
    "chargeEffect": "lancerLaserCharge",
    "chargeBeginEffect": "lancerLaserChargeBegin",
    "heatColor": "FFFFFF",
    "shots": 50,
    "xRand": 50,
    "size": 2,
    "health": 114514,
    "targetAir": true,
    "shootSound": "laser",
        "shootType": {
        "damage": 999999999999,
        "type": "LaserBulletType",
        "hitEffect": "hitLancer",
        "despawnEffect": "none",
        "hitSize": "15",
        "drawSize": 1200,
        "collidesAir": false,
        "Length": 800,
        "hitColor": "050505"
    },
    "requirements": [
		{ "item": "coal", "amount": 0 }
		
	],
	"category": "turret",
	"research": "duo"
}
        
        
        
/*
        lancer = new ChargeTurret("lancer"){{
            requirements(Category.turret, with(Items.copper, 25, Items.lead, 50, Items.silicon, 45));
            range = 155f;
            chargeTime = 50f;
            chargeMaxDelay = 30f;
            chargeEffects = 7;
            recoilAmount = 2f;
            reloadTime = 90f;
            cooldown = 0.03f;
            powerUse = 6f;
            shootShake = 2f;
            shootEffect = Fx.lancerLaserShoot;
            smokeEffect = Fx.none;
            chargeEffect = Fx.lancerLaserCharge;
            chargeBeginEffect = Fx.lancerLaserChargeBegin;
            heatColor = Color.red;
            size = 2;
            health = 280 * size * size;
            targetAir = false;
            shootSound = Sounds.laser;
            
            
    "shootType": {
        "hitEffect": "hitLancer",
        "despawnEffect": "none",
        "hitSize": "8",
        "drawSize": 800,
        "collidesAir": false
        
    }

            shootType = new LaserBulletType(140){{
                colors = new Color[]{Pal.lancerLaser.cpy().mul(1f, 1f, 1f, 0.4f), Pal.lancerLaser, Color.white};
                hitEffect = Fx.hitLancer;
                despawnEffect = Fx.none;
                hitSize = 4;
                lifetime = 16f;
                drawSize = 400f;
                collidesAir = false;
            }};
        }};
*/