{
	"type": "ItemTurret",
    "description": "发射大量导弹攻击敌人。",
	"name": "导弹发射器",
	"health": 2500,
	"size": 2,
	"reload": 230,
	 "shoot": {
		"type":"ShootSpread",
	"shots": 30,
	"burstSpacing": 5,
	"xRand": 0.1,
	"shotDelay": 0.5
    "spread":1,
	},
	"range": 280,
    "shootSound": "bang",
    "targetAir": false,
	"burstSpacing": 60,
    "targetGround": true,
    "heatColor":"EC4747",
    "velocityInaccuracy":0.085,
    "recoil": 5,
    "shots": 25,
    "inaccuracy":10,
    "maxAmmo":48,
	"restitution": 0.02,
	"rotatespeed": 1.4,
	"smokeEffect": "none",
	"ammoTypes": {
       "plastanium": {
        "type":"ArtilleryBulletType",
        "keepVelocity":false,
        "collidesTiles":false,
        "collides":true,
        "collidesAir":false,
	    "bulletShrink":0.5,
	    "speed":4,
		"pierce":false,
		"bulletWidth": 10,
		"bulletHeight": 22,
		"lifetime":101,
        "backColor":"ffd280",			
        "frontColor":"ffd280",
		"heatColor":"ffd280",
		"trailColor":"ff4500",
        "hitShake": 1,
        "splashDamage":40,
        "damage":100,
        "splashDamageRadius":24,
        "ammoMultiplier": 6,
    	"trailEffect": "missileTrail",
	    "smokeEffect": "shootSmallFlame",
	    "hitEffect":"blastExplosion",
	    "homingPower": 10,
        "homingRange": 160
		}
	},
     "requirements":[
		{ "item": "塑料", "amount": 500 },
		{ "item": "钛合金", "amount": 100 },
		{ "item": "石膏精华块", "amount": 500 },
		{ "item": "纯水泥", "amount": 500 }
	],
	"category": "turret",
	"research": "多功能投掷器"
}
