{
	"type": "ItemTurret",
	"name": "曲率超频炮",
	"description": "通过曲率系统将物质以超高速射出攻击敌人。",
	"health": 6800,
	"size": 4,
	"reload":0.01,
	"restitution":1,
 	"velocityInaccuracy":0.8,
    "heatColor":"E225ECFF",
	"range": 3000,
	"shots":3,
	"recoil": 0.01,
	"targetGround":true,
	"targetAir":true,
	"ammoUseEffect": "lightningCharge",
	"inaccuracy": 0,
	"rotatespeed": 90,
		"ammoTypes": {
				"metaglass": {
			"splashDamageRadius":10,
			"splashDamage":10,
			"speed": 10,
			"damage": 15,
			"bulletWidth": 8,
			"bulletHeight": 20,
			"lightning": 100,
			"lightningLength": 240,
			"trailEffect": "lancerLaserShootSmoke",
			"smokeEffect": "lancerLaserChargeBegin",
			"ammoMultiplier": 1,
			"lifetime":100,
			"backColor":"a925ff",
			"fontColor":"0979f4",
			"heatColor":"1684f4",
			"trailColor":"3C34eC",
		},
       	"plastanium": {
			"splashDamageRadius":5,
			"splashDamage":20,
			"speed": 10,
			"damage": 100,
			"bulletWidth": 8,
			"bulletHeight": 20,
			"trailEffect": "lancerLaserShootSmoke",
			"smokeEffect": "lancerLaserChargeBegin",
			"ammoMultiplier": 1,
			"lifetime":100,
			"backColor":"a925ff",
			"fontColor":"0979f4",
			"heatColor":"1684f4",
			"trailColor":"3C34eC",
    	}
        		"silicon": {
			"splashDamageRadius":1,
			"splashDamage":1,
			"speed": 12,
			"damage": 20,
			"bulletWidth": 8,
			"bulletHeight": 20,
			"trailEffect": "lancerLaserShootSmoke",
			"smokeEffect": "lancerLaserChargeBegin",
			"ammoMultiplier": 1,
			"lifetime":100,
			"homingPower": 100,
			"homingRange": 100
			"backColor":"a925ff",
			"fontColor":"0979f4",
			"heatColor":"1684f4",
			"trailColor":"3C34eC",
    	},
        		"thorium": {
			"splashDamageRadius":5,
			"splashDamage":30,
			"speed": 10,
			"damage": 50,
			"bulletWidth": 8,
			"bulletHeight": 20,
			"trailEffect": "lancerLaserShootSmoke",
			"smokeEffect": "lancerLaserChargeBegin",
			"ammoMultiplier": 1,
			"lifetime":100,
			"backColor":"a925ff",
			"fontColor":"0979f4",
			"heatColor":"1684f4",
			"trailColor":"3C34eC",
    	}
        		"phase-fabric": {
			"splashDamageRadius":5,
			"splashDamage":15,
			"speed": 10,
			"damage": 80,
			"bulletWidth": 8,
			"bulletHeight": 20,
			"trailEffect": "lancerLaserShootSmoke",
			"smokeEffect": "lancerLaserChargeBegin",
			"ammoMultiplier": 1,
			"lifetime":100,
			"backColor":"a925ff",
			"fontColor":"0979f4",
			"heatColor":"1684f4",
			"trailColor":"3C34eC",
		},
			"copper": {
			"splashDamageRadius":1,
			"splashDamage":5,
			"speed": 10,
			"damage": 10,
			"bulletWidth": 8,
			"bulletHeight": 20,
			"trailEffect": "lancerLaserShootSmoke",
			"smokeEffect": "lancerLaserChargeBegin",
			"ammoMultiplier": 1,
			"lifetime":100,
			"backColor":"a925ff",
			"fontColor":"0979f4",
			"heatColor":"1684f4",
			"trailColor":"3C34eC",
    	}
  			"纯水泥": {
			"splashDamageRadius":10,
			"splashDamage":5,
			"speed": 10,
			"damage": 30,
			"bulletWidth": 8,
			"bulletHeight": 20,
			"trailEffect": "lancerLaserShootSmoke",
			"smokeEffect": "lancerLaserChargeBegin",
			"ammoMultiplier": 1,
			"lifetime":100,
			"backColor":"a925ff",
			"fontColor":"0979f4",
			"heatColor":"1684f4",
			"trailColor":"3C34eC",
		}
		"lead": {
			"splashDamageRadius":10,
			"splashDamage":15,
			"speed": 10,
			"damage": 12,
			"bulletWidth": 8,
			"bulletHeight": 20,
			"trailEffect": "lancerLaserShootSmoke",
			"smokeEffect": "lancerLaserChargeBegin",
			"ammoMultiplier": 1,
			"lifetime":100,
			"backColor":"a925ff",
			"fontColor":"0979f4",
			"heatColor":"1684f4",
			"trailColor":"3C34eC",
		}
		"pyratite": {
			"splashDamageRadius":25,
			"splashDamage":40,
			"speed": 10,
			"damage": 5,
			"bulletWidth": 1,
			"bulletHeight": 3,
			"status":"burning",
			"trailEffect": "lancerLaserShootSmoke",
			"smokeEffect": "lancerLaserChargeBegin",
			"ammoMultiplier": 1,
			"lifetime":1000,
			"backColor":"a925ff",
			"fontColor":"0979f4",
			"heatColor":"1684f4",
			"trailColor":"3C34eC",
		}
		"titanium": {
			"splashDamageRadius":1,
			"splashDamage":5,
			"speed": 10,
			"damage": 30,
			"bulletWidth": 1,
			"bulletHeight": 60,
			"status":"freezing",
			"trailEffect": "lancerLaserShootSmoke",
			"smokeEffect": "lancerLaserChargeBegin",
			"ammoMultiplier": 1,
			"lifetime":1000,
			"backColor":"a925ff",
			"fontColor":"0979f4",
			"heatColor":"1684f4",
			"trailColor":"3C34eC",
		}
		"scrap": {
			"splashDamageRadius":20,
			"splashDamage":10,
			"speed": 10,
			"damage": 3,
			"bulletWidth": 80,
			"bulletHeight": 80,
			"trailEffect": "lancerLaserShootSmoke",
			"smokeEffect": "lancerLaserChargeBegin",
			"ammoMultiplier": 1,
			"lifetime":1000,
			"backColor":"a925ff",
			"fontColor":"0979f4",
			"heatColor":"1684f4",
			"trailColor":"3C34eC",
		}
		"spore-pod": {
			"splashDamageRadius":20,
			"splashDamage":35,
			"speed": 25,
			"damage": 10,
			"bulletWidth": 10,
			"bulletHeight": 5,
			"status":"burning",
			"trailEffect": "lancerLaserShootSmoke",
			"smokeEffect": "lancerLaserChargeBegin",
			"ammoMultiplier": 1,
			"lifetime":1000,
			"backColor":"a925ff",
			"fontColor":"0979f4",
			"heatColor":"1684f4",
			"trailColor":"3C34eC",
		}
			"surge-alloy": {
			"splashDamageRadius":5,
			"splashDamage":10,
			"speed": 25,
			"damage": 150,
			"bulletWidth": 10,
			"bulletHeight": 30,
			"trailEffect": "lancerLaserShootSmoke",
			"smokeEffect": "lancerLaserChargeBegin",
			"ammoMultiplier": 1,
			"lifetime":1000,
			"backColor":"a925ff",
			"fontColor":"0979f4",
			"heatColor":"1684f4",
			"trailColor":"3C34eC",
    	}
 		"blast-compound": {
			"splashDamageRadius":40,
			"splashDamage":80,
			"speed": 25,
			"damage": 30,
			"bulletWidth": 50,
			"bulletHeight": 15,
			"status":"burning",
			"trailEffect": "lancerLaserShootSmoke",
			"smokeEffect": "lancerLaserChargeBegin",
			"ammoMultiplier": 1,
			"lifetime":1000,
			"backColor":"a925ff",
			"fontColor":"0979f4",
			"heatColor":"1684f4",
			"trailColor":"3C34eC",
		}
 		"graphite": {
			"splashDamageRadius":5,
			"splashDamage":10,
			"speed": 25,
			"damage": 36,
			"bulletWidth": 10,
			"bulletHeight": 30,
			"trailEffect": "lancerLaserShootSmoke",
			"smokeEffect": "lancerLaserChargeBegin",
			"ammoMultiplier": 1,
			"lifetime":1000,
			"backColor":"a925ff",
			"fontColor":"0979f4",
			"heatColor":"1684f4",
			"trailColor":"3C34eC",
		}
			"sand": {
			"splashDamageRadius":15,
			"splashDamage":20,
			"speed": 25,
			"damage": 1,
			"bulletWidth": 1,
			"bulletHeight": 5,
			"trailEffect": "lancerLaserShootSmoke",
			"smokeEffect": "lancerLaserChargeBegin",
			"ammoMultiplier": 1,
			"lifetime":1000,
			"backColor":"a925ff",
			"fontColor":"0979f4",
			"heatColor":"1684f4",
			"trailColor":"3C34eC",
    	}
    			"coal": {
			"splashDamageRadius":10,
			"splashDamage":10,
			"speed": 25,
			"damage": 5,
			"bulletWidth": 5,
			"bulletHeight": 5,
			"trailEffect": "lancerLaserShootSmoke",
			"smokeEffect": "lancerLaserChargeBegin",
			"ammoMultiplier": 1,
			"lifetime":1000,
			"backColor":"a925ff",
			"fontColor":"0979f4",
			"heatColor":"1684f4",
			"trailColor":"3C34eC",
    	}
    },
	"requirements": [
		{ "item": "焰晶体", "amount": 300 }
		{ "item": "紫晶", "amount": 100 }
		{ "item": "不稳定合金", "amount": 200 }
		{ "item": "titanium", "amount": 1000 }
		{ "item": "原型聚合物", "amount": 400 }
	],
	"category": "turret",
	"research": "炮塔类"
	}