{
	"type": "ItemTurret",
    "description": "@#$^&%!$#……*&%￥<&@34%#!",
	"name": "@$^错#$*&乱…*&%",
	"health": 2500,
	"size": 3,
	"reload": 90,
	"range": 380,
    "shootSound": "枪声",
    "targetAir": true,
	"burstSpacing": 60,
    "targetGround": true,
    "heatColor":"FF0000",
    "velocityInaccuracy":0.085,
    "recoil": 5,
    "shots": 15,
	"shoot": {
		"type": "ShootSpread",
		"shots": 15,
		"spread": 0.77
	},
    "inaccuracy":90,
    "maxAmmo":20,
	"restitution": 0.02,
	"rotatespeed": 2.4,
	"smokeEffect": "none",
	"ammoTypes": {
       "oh-no锭": {
        "type":"ArtilleryBulletType",
        "bulletSprite":"oh-no子弹",
        "keepVelocity":false,
        "collidesTiles":false,
        "collides":true,
        "collidesAir":true,
	    "bulletShrink":0.5,
	    "speed":5,
		"pierce":false,
		"bulletWidth": 32,
		"bulletHeight": 40,
		"lifetime":390,
        "hitShake": 0,
        "splashDamage":10,
        "damage":20,
        "splashDamageRadius":30,
        "ammoMultiplier": 1,
	 		"homingPower":1,//归位功率
		"homingRange":60,//归位范围
		"homingDelay":3,//归位延迟:使用负值禁用归位延迟
    	"trailEffect": "missileTrail",
	    "smokeEffect": "shootSmallFlame",
	    "hitEffect":"none",
        "backColor":"FF8667",			
        "frontColor":"FF0000",
		"heatColor":"FF0000",
		"trailColor":"FF8667"
		}
	},
     "requirements":[
		{ "item": "oh-no锭", "amount": 100 },
		{ "item": "钛板", "amount": 100 },
		{ "item": "塑料", "amount": 500 }
	],
	"category": "turret",
	"research": "oh-no科技类"
}
