{
	"health": 22800,
	"armor": 26,
	"details": "王 八!",
	"controller": "FlyingFollowAI",
	"ammoType": {
		"type": "PowerAmmoType",
		"totalPower": 5000
	},
	"weapons": [
		{
			"name": "O枪",
			"reload": 30
			"controllable": false,
			"x": 26,
			"y": 14,
			"shoot": {
				"shots": 4,
				"shotDelay": 4
			},
			"rotate": true,
			"rotateSpeed": 9,
			"inaccuracy": 3,
			"shootSound": "lasershoot",
			"bullet": {
				"type": "LaserBoltBulletType",
				"frontColor": "FFFFFF",
				"backColor": "97FFA8",
				"healPercent": 3.5,
				"damage": 20,
				"pierce": true,
				"pierceCap": 2,
				"collidesTeam": true,
				"speed": 7,
				"lifetime": 45,
				"width": 3,
				"height": 10
			}
		},
		{
			"name": "O枪",
			"reload": 20
			"controllable": false,
			"x": 26,
			"y": -30,
			"shoot": {
				"shots": 4,
				"shotDelay": 4
			},
			"rotate": true,
			"rotateSpeed": 9,
			"inaccuracy": 3,
			"shootSound": "lasershoot",
			"bullet": {
				"type": "LaserBoltBulletType",
				"frontColor": "FFFFFF",
				"backColor": "97FFA8",
				"healPercent": 3.5,
				"damage": 18,
				"pierce": true,
				"pierceCap": 2,
				"collidesTeam": true,
				"speed": 7,
				"lifetime": 45,
				"width": 3,
				"height": 10
			}
		}
		{
			"name": "江豚1",
			"x": 20
			"y": 0
			"rotate": true,
			"rotateSpeed": 3.8
			"inaccuracy": 2
			"shootSound": "missile",
			"reload": 130
			"shoot": {
				"shots":2
				"shotDelay":30
			},
			"bullet": {
				"type": "BasicBulletType",
				"height": 16,
				"width": 10,
				"damage":30
				"shrinkY": 0,
				"weaveScale": 8
				"weaveMag": 1,
				"keepVelocity": false,
				"absorbable": false,
				"homingDelay": 50,
				"homingPower": 0.1
				"homingRange": 100
				"splashDamageRadius": 42
				"splashDamage": 28
				"sprite": "missile-large",
				"frontColor": "FFFFFF",
				"backColor": "97FFA8",
				"collidesTeam": true,
				"healPercent": 3
				"trailLength": 40
				"trailWidth": 2,
				"trailColor": "97FFA8",
				"speed": 1.2
				"lifetime": 90
				"drag": -0.012
				"hitEffect": {
					"type": "ExplosionEffect",
					"lifetime": 28,
					"waveStroke": 6,
					"waveLife": 10,
					"waveRadBase": 7,
					"waveColor": "97FFA8",
					"waveRad": 30,
					"smokes": 6,
					"smokeColor": "FFFFFF",
					"sparkColor": "97FFA8",
					"sparks": 6,
					"sparkRad": 35,
					"sparkStroke": 1.5,
					"sparkLen": 4
				},
				"smokeEffect": "none",
				"hitSound": "plasmaboom",
				"fragBullets":6
				"fragVelocityMin": 0.3,
				"fragBullet": {
					"type": "MissileBulletType",
					"width": 8,
					"height": 8,
					"shrinkY": 0,
					"frontColor": "FFFFFF",
					"backColor": "97FFA8",
					"collidesTeam": true,
					"healPercent": 2.8,
					"trailChance": -1,
					"trailLength": 20,
					"trailWidth": 2.2,
					"trailColor": "97FFA8",
					"speed": 5
					"lifetime": 40
					"damage": 5
					"splashDamageRadius": 8
					"splashDamage": 5
					"ammoMultiplier": 5,
					"hitEffect": {
						"type": "ExplosionEffect",
						"lifetime": 20,
						"waveStroke": 2,
						"waveColor": "97FFA8",
						"waveRad": 12,
						"smokes": 0,
						"sparkColor": "97FFA8",
						"sparks": 9,
						"sparkRad": 35,
						"sparkStroke": 1.5,
						"sparkLen": 4
					},
					"status": "electrified",
					"statusDuration": 500
				}
			}
		}
	]
}