{
  "type": "ItemTurret",
  "size": 4,
  "health": 1600,
  "range": 100,
  "reload": 10,
  "shoot": {
    "type": "ShootPattern",
    "shotDelay": 5,
    "shots": 3
  },
  "targetAir": false,
  "shootCone": 20,
  "recoil": 0,
  "inaccuracy": 12,
  "drawer": {
    "type": "drawTurret",
    "basePrefix": "quantra-"
  },
  "rotateSpeed": 4.0,
  "shootSound": "flame2",
  "ammoTypes": {
    "valvanite": {
      "lightRadius": 0,
      "type": "BasicBulletType",
      "collidesAir": true,
      "speed": 5,
      "damage": 58,
      "width": 0.1,
      "height": 0.1,
      "shootEffect": {
        "type": "MultiEffect",
        "effects": [
          {
            "type": "ParticleEffect",
            "line": true,
            "particles": 15,
            "offset": 30,
            "lifetime": 20,
            "interp": "circleOut",
            "sizeInterp": "pow5In",
            "length": 100,
            "cone": -26,
            "lenFrom": 5,
            "lenTo": 0,
            "colorFrom": "DBFFBDFF",
            "colorTo": "9BF056FF"
          },
          {
            "type": "ParticleEffect",
            "particles": 20,
            "offset": 30,
            "sizeFrom": 5,
            "sizeTo": 0,
            "interp": "circleOut",
            "sizeInterp": "pow5In",
            "length": 100,
            "lifetime": 25,
            "colorFrom": "DBFFBDFF",
            "colorTo": "9BF056FF",
            "cone": 20
          }
        ]
      },
      "smokeEffect": "none",
      "lifetime": 16,
      "despawnEffect": "none",
      "hittable": false,
      "reflectable": false,
      "hitEffect": {
        "type": "ParticleEffect",
        "line": true,
        "particles": 15,
        "offset": 30,
        "lifetime": 20,
        "length": 45,
        "cone": -360,
        "lenFrom": 5,
        "lenTo": 0,
        "colorFrom": "DBFFBDFF",
        "colorTo": "9BF056FF"
      },
      "status": "exogenesis-xegon-fier",
      "pierce": true,
      "incendAmount": 5
    },
    "plastanium": {
      "type": "BasicBulletType",
      "lightRadius": 0,
      "speed": 5,
      "damage": 40,
      "width": 0.1,
      "height": 0.1,
      "collidesAir": true,
      "shootEffect": {
        "type": "MultiEffect",
        "effects": [
          {
            "type": "ParticleEffect",
            "line": true,
            "particles": 15,
            "offset": 30,
            "lifetime": 20,
            "interp": "circleOut",
            "sizeInterp": "pow5In",
            "length": 100,
            "cone": -26,
            "lenFrom": 5,
            "lenTo": 0,
            "colorFrom": "EDF2A8FF",
            "colorTo": "9CB664FF"
          },
          {
            "type": "ParticleEffect",
            "particles": 20,
            "interp": "elasticOut",
            "offset": 30,
            "sizeFrom": 4,
            "sizeTo": 0,
            "sizeInterp": "pow5In",
            "length": 100,
            "lifetime": 25,
            "colorFrom": "EDF2A8FF",
            "colorTo": "9CB664FF",
            "cone": 20
          }
        ]
      },
      "smokeEffect": "none",
      "hittable": false,
      "reflectable": false,
      "lifetime": 16,
      "despawnEffect": "none",
      "hitEffect": {
        "type": "ParticleEffect",
        "line": true,
        "particles": 15,
        "offset": 30,
        "lifetime": 20,
        "length": 45,
        "cone": -360,
        "lenFrom": 5,
        "lenTo": 0,
        "colorFrom": "EDF2A8FF",
        "colorTo": "9CB664FF"
      },
      "status": "corroded",
      "pierce": true,
      "incendAmount": 5
    }
  },
  "requirements": [
    "lead/1250",
    "silicon/700",
    "valvanite/120",
    "plastanium/400",
    "gamma-green/450"
  ],
  "category": "turret",
  "research": "g-discharge"
}
