{
  "type": "ItemTurret",
  "size": 8,
  "outlineColor": "1B1B1BFF",
  "accurateDelay": true,
  "health": 16000,
  "armor": 30,
  "range": 500,
  "reload": 650,
  "shootY": 18,
  "recoil": 4,
  "heatColor": "FFFFFF",
  "rotateSpeed": 1.0,
  "shake": 14,
  "shootSound": "red",
  "moveWhileCharging": false,
  "chargeSound": "lasercharge2",
  "drawer": {
    "type": "drawTurret",
    "basePrefix": "solran-",
    "parts": [
      {
        "type": "RegionPart",
        "suffix": "-barrel",
        "moveRot": -9.7,
        "progress": {
          "type": "charge",
          "op": "blend",
          "other": "recoil",
          "amount": 0.5
        },
        "mirror": true
      },
      {
        "type": "RegionPart",
        "mirror": true,
        "progress": {
          "type": "charge",
          "op": "blend",
          "other": "recoil",
          "amount": 0.5
        },
        "moveRot": -11.7,
        "layerOffset": 0.001,
        "moveX": 3,
        "moveY": -3,
        "suffix": "-mid"
      },
      {
        "type": "RegionPart",
        "suffix": "-wing",
        "moveRot": -15,
        "moveX": 3,
        "moveY": -3,
        "progress": {
          "type": "charge",
          "op": "blend",
          "other": "recoil",
          "amount": 0.5
        },
        "mirror": true
      },
      {
        "type": "RegionPart",
        "mirror": true,
        "progress": {
          "type": "charge",
          "op": "blend",
          "other": "recoil",
          "amount": 0.5
        },
        "moveY": -2,
        "suffix": "-body"
      }
    ]
  },
  "shoot": {
    "firstShotDelay": 100
  },
  "ammoTypes": {
    "primal-red": {
      "type": "LaserBulletType",
      "buildingDamageMultiplier": 0.1,
      "chargeEffect": {
        "type": "multiEffect",
        "effects": [
          {
            "type": "ParticleEffect",
            "line": true,
            "particles": 15,
            "offset": 20,
            "lifetime": 30,
            "length": 45,
            "baseLength": -45,
            "cone": -360,
            "lenFrom": 9,
            "lenTo": 0,
            "colorFrom": "FF5845FF",
            "colorTo": "FFC1BBFF"
          },
          {
            "type": "ParticleEffect",
            "particles": 45,
            "offset": 100,
            "sizeFrom": 1,
            "sizeTo": 8,
            "length": 100,
            "baseLength": -100,
            "interp": "pow3In",
            "sizeInterp": "pow5Out",
            "lifetime": 50,
            "colorFrom": "FF584500",
            "colorTo": "FF5845FF"
          },
          {
            "type": "ParticleEffect",
            "particles": 45,
            "offset": 100,
            "sizeFrom": 1,
            "sizeTo": 7,
            "length": 150,
            "baseLength": -150,
            "interp": "pow3In",
            "sizeInterp": "pow5Out",
            "lifetime": 60,
            "colorFrom": "FF584500",
            "colorTo": "FF5845FF"
          },
          {
            "type": "ParticleEffect",
            "particles": 45,
            "offset": 100,
            "sizeFrom": 1,
            "sizeTo": 6,
            "length": 200,
            "baseLength": -200,
            "interp": "pow3In",
            "sizeInterp": "pow5Out",
            "lifetime": 70,
            "colorFrom": "FF584500",
            "colorTo": "FF5845FF"
          },
          {
            "type": "ParticleEffect",
            "particles": 45,
            "offset": 100,
            "sizeFrom": 1,
            "sizeTo": 5,
            "length": 250,
            "baseLength": -250,
            "interp": "pow3In",
            "sizeInterp": "pow5Out",
            "lifetime": 80,
            "colorFrom": "FF584500",
            "colorTo": "FF5845FF"
          },
          {
            "type": "ParticleEffect",
            "particles": 45,
            "offset": 100,
            "sizeFrom": 1,
            "sizeTo": 4,
            "length": 300,
            "baseLength": -300,
            "interp": "pow3In",
            "sizeInterp": "pow5Out",
            "lifetime": 90,
            "colorFrom": "FF584500",
            "colorTo": "FF5845FF"
          },
          {
            "type": "ParticleEffect",
            "particles": 45,
            "offset": 100,
            "sizeFrom": 1,
            "sizeTo": 3,
            "length": 350,
            "baseLength": -350,
            "interp": "pow3In",
            "sizeInterp": "pow5Out",
            "lifetime": 100,
            "colorFrom": "FF584500",
            "colorTo": "FF5845FF"
          },
          {
            "type": "ParticleEffect",
            "particles": 1,
            "sizeFrom": 0,
            "sizeTo": 13,
            "length": 0,
            "lifetime": 100,
            "colorFrom": "FF5845FF",
            "colorTo": "FFC1BBFF",
            "cone": 360
          }
        ]
      },
      "hitEffect": {
        "type": "ParticleEffect",
        "line": true,
        "particles": 15,
        "offset": 20,
        "lifetime": 30,
        "length": 65,
        "baseLength": -15,
        "cone": -360,
        "lenFrom": 9,
        "lenTo": 0,
        "colorFrom": "FF5845FF",
        "colorTo": "DE4136FF"
      },
      "laserEffect": {
        "type": "ParticleEffect",
        "particles": 1,
        "lifetime": 15,
        "length": 0,
        "interp": "swingIn",
        "region": "exogenesis-tall",
        "sizeFrom": 46,
        "sizeTo": 0,
        "colorFrom": "FF5845FF",
        "colorTo": "FF5845FF"
      },
      "status": "exogenesis-molten1",
      "statusDuration": 300,
      "width": 120,
      "lifetime": 30,
      "drawSize": 430,
      "length": 500,
      "sideAngle": 30,
      "sideWidth": 1.5,
      "sideLength": 100,
      "damage": 6000,
      "lightningSpacing": 30,
      "lightningLength": 10,
      "lightningDelay": 0.6,
      "lightningLengthRand": 0.1,
      "lightningDamage": 50,
      "lightningAngleRand": 0.1,
      "lightningType": {
        "damage": 200,
        "width": 6.5,
        "type": "ShrapnelBulletType",
        "lifetime": 20,
        "length": 10,
        "serrations": 0,
        "fromColor": "FF5845FF",
        "toColor": "FF5845FF",
        "hitEffect": {
          "type": "ParticleEffect",
          "line": true,
          "particles": 6,
          "offset": 20,
          "lifetime": 30,
          "length": 65,
          "baseLength": -15,
          "cone": -360,
          "lenFrom": 5,
          "lenTo": 0,
          "colorFrom": "FF5845FF",
          "colorTo": "DE4136FF"
        },
        "statusDuration": 90,
        "status": "exogenesis-molten1"
      },
      "largeHit": true,
      "lightColor": "FF5845FF",
      "lightningColor": "FF5845FF",
      "shootEffect": {
        "type": "multiEffect",
        "effects": [
          {
            "type": "ParticleEffect",
            "line": true,
            "particles": 15,
            "offset": 20,
            "lifetime": 30,
            "length": 100,
            "baseLength": -15,
            "cone": -360,
            "lenFrom": 10,
            "lenTo": 10,
            "colorFrom": "FF5845FF",
            "colorTo": "DE4136FF"
          },
          {
            "type": "WaveEffect",
            "lifetime": 25,
            "sizeFrom": 0,
            "sizeTo": 75,
            "strokeFrom": 4,
            "strokeTo": 0,
            "lightColor": "FF5845FF",
            "colorFrom": "FF5845FF",
            "colorTo": "DE4136FF"
          },
          {
            "type": "ParticleEffect",
            "particles": 1,
            "sizeFrom": 35,
            "sizeTo": 0,
            "length": 0,
            "interp": "swingIn",
            "lifetime": 25,
            "region": "exogenesis-star",
            "lightColor": "FF5845FF",
            "colorFrom": "FF5845FF",
            "colorTo": "FF5845FF"
          },
          {
            "type": "ParticleEffect",
            "particles": 1,
            "sizeFrom": 12,
            "sizeTo": 0,
            "length": 0,
            "interp": "swingIn",
            "lifetime": 25,
            "region": "exogenesis-star",
            "lightColor": "FF5845FF",
            "colorFrom": "FFC1BBFF",
            "colorTo": "FFC1BBFF"
          }
        ]
      },
      "colors": [
        "FF5845aa",
        "FFC1BBFF",
        "FFFFFFF"
      ]
    },
    "surge-alloy": {
      "type": "LaserBulletType",
      "buildingDamageMultiplier": 0.1,
      "chargeEffect": {
        "type": "multiEffect",
        "effects": [
          {
            "type": "ParticleEffect",
            "line": true,
            "particles": 15,
            "offset": 20,
            "lifetime": 30,
            "length": 45,
            "baseLength": -45,
            "cone": -360,
            "lenFrom": 9,
            "lenTo": 0,
            "colorFrom": "F3E979FF",
            "colorTo": "FFFFFFF"
          },
          {
            "type": "ParticleEffect",
            "particles": 45,
            "offset": 100,
            "sizeFrom": 1,
            "sizeTo": 8,
            "length": 100,
            "baseLength": -100,
            "interp": "pow3In",
            "sizeInterp": "pow5Out",
            "lifetime": 50,
            "colorFrom": "D99F6BFF",
            "colorTo": "F3E979FF"
          },
          {
            "type": "ParticleEffect",
            "particles": 45,
            "offset": 100,
            "sizeFrom": 1,
            "sizeTo": 7,
            "length": 150,
            "baseLength": -150,
            "interp": "pow3In",
            "sizeInterp": "pow5Out",
            "lifetime": 60,
            "colorFrom": "D99F6BFF",
            "colorTo": "F3E979FF"
          },
          {
            "type": "ParticleEffect",
            "particles": 45,
            "offset": 100,
            "sizeFrom": 1,
            "sizeTo": 6,
            "length": 200,
            "baseLength": -200,
            "interp": "pow3In",
            "sizeInterp": "pow5Out",
            "lifetime": 70,
            "colorFrom": "D99F6BFF",
            "colorTo": "F3E979FF"
          },
          {
            "type": "ParticleEffect",
            "particles": 45,
            "offset": 100,
            "sizeFrom": 1,
            "sizeTo": 5,
            "length": 250,
            "baseLength": -250,
            "interp": "pow3In",
            "sizeInterp": "pow5Out",
            "lifetime": 80,
            "colorFrom": "D99F6BFF",
            "colorTo": "F3E979FF"
          },
          {
            "type": "ParticleEffect",
            "particles": 45,
            "offset": 100,
            "sizeFrom": 1,
            "sizeTo": 4,
            "length": 300,
            "baseLength": -300,
            "interp": "pow3In",
            "sizeInterp": "pow5Out",
            "lifetime": 90,
            "colorFrom": "D99F6BFF",
            "colorTo": "F3E979FF"
          },
          {
            "type": "ParticleEffect",
            "particles": 45,
            "offset": 100,
            "sizeFrom": 1,
            "sizeTo": 3,
            "length": 350,
            "baseLength": -350,
            "interp": "pow3In",
            "sizeInterp": "pow5Out",
            "lifetime": 100,
            "colorFrom": "D99F6BFF",
            "colorTo": "F3E979FF"
          },
          {
            "type": "ParticleEffect",
            "particles": 1,
            "sizeFrom": 0,
            "sizeTo": 13,
            "length": 0,
            "lifetime": 100,
            "colorFrom": "D99F6BFF",
            "colorTo": "F3E979FF",
            "cone": 360
          }
        ]
      },
      "hitEffect": {
        "type": "ParticleEffect",
        "line": true,
        "particles": 15,
        "offset": 20,
        "lifetime": 30,
        "length": 65,
        "baseLength": -15,
        "cone": -360,
        "lenFrom": 9,
        "lenTo": 0,
        "colorFrom": "F3E979FF",
        "colorTo": "D99F6BFF"
      },
      "laserEffect": {
        "type": "ParticleEffect",
        "particles": 1,
        "lifetime": 15,
        "length": 0,
        "interp": "swingIn",
        "region": "exogenesis-tall",
        "sizeFrom": 46,
        "sizeTo": 0,
        "colorFrom": "FF5845FF",
        "colorTo": "FF5845FF"
      },
      "status": "shocked",
      "statusDuration": 300,
      "width": 120,
      "lifetime": 30,
      "drawSize": 430,
      "length": 500,
      "sideAngle": 30,
      "sideWidth": 1.5,
      "sideLength": 100,
      "damage": 5760,
      "lightningSpacing": 35,
      "lightningLength": 18,
      "lightningDelay": 1.1,
      "lightningLengthRand": 5,
      "lightningDamage": 50,
      "lightningAngleRand": 10,
      "lightningType": {
        "type": "lightningBulletType",
        "lightning": 1,
        "hitEffect": "none",
        "lightningDamage": 50,
        "lightningColor": "F3E979FF",
        "lightningCone": 360,
        "lightningLengthRand": 11,
        "lightningLength": 5
      },
      "largeHit": true,
      "lightColor": "F3E979FF",
      "lightningColor": "F3E979FF",
      "shootEffect": {
        "type": "multiEffect",
        "effects": [
          {
            "type": "ParticleEffect",
            "line": true,
            "particles": 15,
            "offset": 20,
            "lifetime": 30,
            "length": 100,
            "baseLength": -15,
            "cone": -360,
            "lenFrom": 10,
            "lenTo": 10,
            "colorFrom": "F3E979FF",
            "colorTo": "D99F6BFF"
          },
          {
            "type": "WaveEffect",
            "lifetime": 25,
            "sizeFrom": 0,
            "sizeTo": 75,
            "strokeFrom": 4,
            "strokeTo": 0,
            "lightColor": "F3E979FF",
            "colorFrom": "F3E979FF",
            "colorTo": "D99F6BFF"
          },
          {
            "type": "ParticleEffect",
            "particles": 1,
            "sizeFrom": 35,
            "sizeTo": 0,
            "length": 0,
            "interp": "swingIn",
            "lifetime": 25,
            "region": "exogenesis-star",
            "lightColor": "F3E979FF",
            "colorFrom": "F3E979FF",
            "colorTo": "F3E979FF"
          },
          {
            "type": "ParticleEffect",
            "particles": 1,
            "sizeFrom": 12,
            "sizeTo": 0,
            "length": 0,
            "interp": "swingIn",
            "lifetime": 25,
            "region": "exogenesis-star",
            "lightColor": "F3E979FF",
            "colorFrom": "ffffff",
            "colorTo": "ffffff"
          }
        ]
      },
      "colors": [
        "D99F6Baa",
        "F3E979FF",
        "ffffff"
      ]
    }
  },
  "consumes": {
    "power": 25
  },
  "coolant": {
    "type": "ConsumeLiquid",
    "liquid": "slag",
    "amount": 0.5
  },
  "coolantMultiplier": 2,
  "heatRequirement": 20,
  "maxHeatEfficiency": 2,
  "requirements": [
    "silicon/1200",
    "beryllium/800",
    "thorium/800",
    "tungsten/800",
    "primal-red/1000"
  ],
  "category": "turret",
  "research": {
    "parent": "r-pyromancer",
    "objectives": [
      "r-blast",
      "r-ember"
    ]
  }
}









