{
  "type": "ItemTurret",
  "size": 3,
  "health": 1500,
  "reload": 50,
  "range": 170,
  "maxAmmo": 300,
  "shoot": {
    "type": "shootSpread",
    "shots": 35,
    "spread": 0.5
  },
  "inaccuracy": 5,
  "velocityRnd": 0.2,
  "drawer": {
    "type": "drawTurret",
    "basePrefix": "elecian-"
  },
  "targetAir": false,
  "recoil": 3,
  "rotateSpeed": 3,
  "shootSound": "shotgun",
  "ammoPerShot": 24,
  "ammoTypes": {
    "titanium": {
      "type": "BasicBulletType",
      "status": "freezing",
      "statusDuration": "1200",
      "damage": 21,
      "speed": 5,
      "splashDamage": 12,
      "splashDamageRadius": 38,
      "knockback": 15,
      "height": 15,
      "width": 10,
      "pierce": false,
      "frontColor": "79F2EEFF",
      "backColor": "74C2E8FF",
      "hitEffect": "hitLancer",
      "shootEffect": "producesmoke",
      "smokeEffect": "none",
      "fragBullets": 5,
      "fragBullet": {
        "type": "LiquidBulletType",
        "liquid": "cryofluid",
        "status": "freezing",
        "lifetime": 20,
        "speed": 1,
        "damage": 4
      }
    },
    "blast-compound": {
      "type": "BasicBulletType",
      "status": "burning",
      "damage": 40,
      "speed": 5,
      "splashDamage": 15,
      "splashDamageRadius": 28,
      "statusDuration": "1200",
      "height": 15,
      "width": 10,
      "pierce": false,
      "frontColor": "D99F6BFF",
      "backColor": "C85C51FF",
      "hitEffect": "explosion",
      "shootEffect": "shootBig2",
      "smokeEffect": "none",
      "fragBullets": 4,
      "fragBullet": {
        "type": "LiquidBulletType",
        "liquid": "slag",
        "status": "melting",
        "lifetime": 20,
        "speed": 1,
        "damage": 10
      }
    },
    "surge-alloy": {
      "type": "BasicBulletType",
      "status": "shocked",
      "damage": 32,
      "speed": 6,
      "splashDamage": 15,
      "splashDamageRadius": 28,
      "statusDuration": "1200",
      "height": 15,
      "width": 10,
      "pierce": false,
      "frontColor": "F3E979FF",
      "backColor": "D99F6BFF",
      "hitEffect": "shockwave",
      "shootEffect": "shootBig2",
      "smokeEffect": "none",
      "lightning": 4,
      "lightningDamage": 10,
      "lightningCone": 360,
      "lightningLengthRand": 13,
      "lightningColor": "D99F6BFF",
      "lightningLength": 10,
      "collidesAir": false
    }
  },
  "requirements": [
    "silicon/350",
    "thorium/250",
    "oltuxium/450",
    "osmium/500",
    "plastanium/200"
  ],
  "category": "turret",
  "research": "y-photon"
}
