{
    "name": "热解钻头",
    "description": "用热能融化矿物，依靠热解反应进行矿物采集，工作时产生少量热能与电力，由于使用热解反应采矿，因而不需要额外电能和热量的输入。",
    "type": "Drill",
    "size": 4,
    "tier": 8,
    "health": 3060,
    "rotateSpeed": 5.9,
    "warmupSpeed": 0.003,
"powerProduction": 5.9,
    "itemCapacity": 20,
    "liquidCapacity": 70,
    "idleSound": "DrillBit",
    "idleSoundVolume": 0.1,
    "updateEffectChance":0.03
    "generateEffect":"none"
    "ambientSound":"smelter"
    "ambientSoundVolume":0.06
    "drawRim": true,
    "hasItems": true,
    "hasLiquids":true
    "drillTime": 345,
    "updateEffect": "pulverizeRed",
    "liquidBoostIntensity": 2,
                "arrowOffset":2
            "arrowSpacing":5
            "arrows": 2
            "fogRadius": 5
    "consumes": {
    	"liquid": {         
            "liquid": "hydrogen",
            "amount": 0.15,
            "booster": true,
            "optional": true           
            },        
        "liquids": [
            {
     "liquid": "arkycite",
"amount": 0.8,
            "booster": false,
            "optional": false   
            },
{
"liquid": "slag",
"amount": 0.4,
            "booster": false,
            "optional": false   
}
            
        ]
    },
    "coolantMultiplier":3,
    "requirements": [
        "graphite/109","tungsten/50","silicon/35","oxide/40","surge-alloy/20"
    ],
    "category": "production",
    "research": {
		"parent":"别说了",
    "requirements":[
	"silicon/10",
	        "graphite/200","tungsten/35","silicon/20","oxide/20","surge-alloy/10"
        ],
        "objectives": [
			{
				"type": "OnSector",//降落在区块上解锁:OnSector
				"preset": "ravine"
			}
		]
	}
}
