{
	"type": "HeaterGenerator",
	"name": "氢气发电机",
	"description": "实验性发电机，利用氢气燃烧产生的热量进行发电",
	"size": 3,
	"health": 1150,
	"liquidCapacity": 60,
	"heatOutput": 0.01,
	"explodeOnFull": true,
	"hasLiquids": true,
	"requirements": [
        { "item": "copper", "amount": 150}
        { "item": "lead", "amount": 120}
        { "item": "graphite", "amount": 85}
        { "item": "titanium", "amount": 120}
        { "item": "silicon", "amount": 150}
        { "item": "plastanium", "amount": 110}
        { "item": "metaglass", "amount": 175}
    ],

    "powerProduction": 25,
    "itemDuration": 360,
    "ambientSoundVolume": 0.01,
    "rebuildable": false,
    "outputLiquid": {"liquid": "water", "amount": 0.1},
    "consumes": {
		"liquid": {"liquid":"hydrogen","amount":0.1,"booster":false}
	},
	"explosionRadius":15,
	"explosionDamage":9999999,

	"category": "power",
	"research": "differential-generator",
}