{
"ammoTypes":{

"copper":{//铜子弹
"type":"BasicBulletType",//基础子弹
"width":7,//子弹宽
"height":9,//子弹长
"lifetime":60,//存在时间，帧
"speed":2.5,//初速度
"damage":9,//伤害
"ammoMultiplier":2,}

"lead":{//铅子弹
"type":"BasicBulletType",//基础子弹
"width":7,//子弹宽
"height":9,//子弹长
"lifetime":60,//存在时间，帧
"speed":2.5,//初速度
"damage":8,//伤害
"ammoMultiplier":3,}

"graphite":{//石墨子弹
"type":"BasicBulletType",//基础子弹
"width":9,//子弹宽
"height":12,//子弹长
"lifetime":60,//存在时间，帧
"speed":3.5,//初速度
"damage":18,//伤害
"reloadMultiplier":0.6,
"ammoMultiplier":4,}

"silicon":{//硅子弹
"type":"BasicBulletType",//基础子弹
"width":7,//子弹宽
"height":9,//子弹长
"lifetime":60,//存在时间，帧
"speed":3,//初速度
"damage":12,//伤害
"homingPower":0.1,
"reloadMultiplier":1.5,
"ammoMultiplier":5,}

}   }