{
	"type": "GenericCrafter",
	"health": 360,
	"name": "重工厂-硅",
	"outputItem": "silicon/25",
	"itemCapacity": 40,
	"size": 3,
	"hasPower": true,
	"hasLiquids": false,
	"hasItems": true,
	"craftTime": 120,
	"updateEffect": "none",
	"craftEffect": "smeltsmoke",
	"drawer": {
		"type": "DrawMulti",
		"drawers": [
			"DrawDefault",
			{
				"type": "DrawFlame",
				"flameRadius": 1,
				"flameRadiusIn": 1,
				"flameRadiusMag": 1,
				"flameRadiusInMag": 1
			}
		]
	},
	"consumes": {
		"power": 3,
		"items": [
			"coal/30",
			"sand/30"
		]
	},
	"requirements": [
		"graphite/50",
		"titanium/50",
		"密度电磁块/50"
	],
	"category": "crafting",
	"ambientSound": "smelter",
	"research": "电磁制造厂"
}