{
	"type": "GenericCrafter",
	"name": "石英磨浆机",
	"health": 120,
    "description": "其实就是把石英和水磨碎混合在一起，然后再降温，勉强充当冷冻液",
	"outputLiquid": {
		"liquid": "cryofluid",
		"amount": 0.05
	},
	"itemCapacity": 14,
	"size": 2,
	"drawer": {
		"type": "DrawMulti",
		"drawers": [
			{
				"type": "DrawRegion",
				"suffix": "-bottom"
			},
			{
				"type": "DrawLiquidTile",
				"drawLiquid": "cryofluid"
			},
			"DrawDefault"
		]
	},
	"hasItems": true,
	"hasLiquids": true,
	"outputsLiquid": true,
	"hasPower": true,
	"liquidCapacity": 60,
	"craftTime": 60,
	"updateEffect": "freezing",
	"consumes": {
		"power": 4,
		"items": [
			"石英/1"
		],
		"liquid": "water/0.3"
	},
	"requirements": [
		"粗辉/150",
		"copper/40",
		"赤铁/40",
		"石英/80",
	],
	"category": "crafting",
	"research": "木炭厂"
}