{
	"type": "GenericCrafter",
	"health": 360,
	"name": "石英硅厂",
	"description": "不得不说石英真是一个万能的东西，他现在甚至可以用作硅炉的构造",
	"outputItem": "silicon/1",
	"itemCapacity": 40,
	"size": 2,
	"hasPower": true,
	"hasLiquids": false,
	"hasItems": true,
	"craftTime": 35,
	"updateEffect": "none",
	"craftEffect": "smeltsmoke",
	"drawer": {
		"type": "DrawMulti",
		"drawers": [
			"DrawDefault",
			{
				"type": "DrawFlame",
				"flameRadius": 1,
				"flameRadiusIn": 1,
				"flameRadiusMag": 1,
				"flameRadiusInMag": 1
			}
		]
	},
	"consumes": {
		"power": 3,
		"items": [
			"coal/2",
			"sand/2"
		]
	},
	"requirements": [
		"copper/50",
		"石英/50",
		"赤铁/50"
	],
	"category": "crafting",
	"ambientSound": "smelter",
	"research": "k1核心"
}