{
	"type": "GenericCrafter",
	"name": " 石墨压缩机",
	"health": 420,
	"description": "将煤炭压缩成石墨",
		"updateEffect": "pulverizeSmall",
	"outputItem": { "item": "graphite", "amount": 3 },
	"alwaysUnlocked": false,
	"size": 2,
	"hasPower": false,
	"hasLiquids": false,
	"hasItems": true,
	"craftTime": 110,
	"itemCapacity": 25,
	"consumes": {
    "items": {	 "items": [
    { "item": "coal", "amount": 3}
 	]
  } },
"requirements": [
	{ "item": "lead", "amount": 80 },
	{ "item": "copper", "amount": 70 },
	],
	"category": "crafting",
	"research": "k1核心"
	"researchCostMultiplier": 0.2,
	    "canOverdrive": false,
}