{
	"type": "GenericCrafter",
	"name": "重碳纤钢工厂",
	"outputItem": "钢/6",
	"size": 3,
	"hasPower": true,
	"hasItems": true,
	"craftTime": 150,
	"itemCapacity": 50,
"drawer": {
		"type": "DrawMulti",
		"drawers": [
			"DrawDefault",
			{
				"type": "DrawFlame",
				"flameRadius": 1,
				"flameRadiusIn": 1,
				"flameRadiusMag": 1,
				"flameRadiusInMag": 1
			}
		]
	},
	"craftEffect": {
		"type": "ParticleEffect",
		"particles": 5,
		"baseLength": 1,
		"length": 13,
		"region":"精湛工艺-菱形",
		"lifetime": 22,
		"sizeFrom": 5,
		"sizeTo": 0,
		"colorFrom": "5C5D79",
		"colorTo": "5C5D79"
	},
	"consumes": {
		"power": 18,
		"items": [
			"密度电磁块/10",
			"lead/5",
			"silicon/5",
		    "metaglass/5"
		]
	},
	"requirements": [
	  "密度电磁块/100",
	  "silicon/20",
	  "metaglass/50",
	],
	"category": "crafting",
	"ambientSound": "smelter",
	"research": "大硅"
}