{
"type":"payload",
"payloadCapacity":256,//载荷容量
"pickupUnits":false,//搬单位
"mineWalls":true,
"armor":4,//护甲
"mineTier":3,
"buildSpeed":2,
"trailLength": 3, 
"coreUnitDock": true,
"trailColor": "#FFC999FF",//拖尾
"abilities": [
	{
			"type": "ForceFieldAbility",
            "radius":28,
			"regen":1,
			"max":800,
			"cooldown":120,
				"sides": 180
			},
{"type":"RegenAbility",//自愈
"percentAmount":0.05,
"amount":0.5
},
  		{
  		    "type":"EnergyFieldAbility",
  		    "status":"electrified",
  		    "reload":90,
  		    //攻击间隔
  		    "statusDuration":120,
  		    //状态持续时间60:1
  		    "maxTargets":4,
  		    //最大目标1:1
  		    "range":40,
  		    //范围8:1
  		    "damage":2,
  		    "healPercent":1,
  		    //恢复百分比
  		    "color":"FFE7BCFF",
  		    "effectRadius":0.1,
  		    //尺寸
  		    "x":0,
  		    "y":-2
  		}
]
}

