{
"type":"payload",
"payloadCapacity":256,//载荷容量
"pickupUnits":true,//搬单位
"mineWalls":true,
"armor":8,//护甲
"trailLength": 5, 
"trailColor": "#FFC999FF",
"mineTier":4,
"buildSpeed":4,
"coreUnitDock": true,
"abilities": [
	{
			"type": "ForceFieldAbility",
            "radius":40,
			"regen":4,
			"max":3200,
			"cooldown":160,
				"sides": 180
		},
{"type":"RegenAbility",//自愈
"percentAmount":0.05,
"amount":0.5
},
{"type":"RepairFieldAbility",//修复场
"amount":30,
"reload":360,
"range":60},
{"type":"ShieldRegenFieldAbility",//护盾再生场
"amount":320,
"max":320,
"reload":160,
"range":60
},
  		{
  		    "type":"EnergyFieldAbility",
  		    "status":"electrified",
  		    "reload":90,
  		    //攻击间隔
  		    "statusDuration":120,
  		    //状态持续时间60:1
  		    "maxTargets":8,
  		    //最大目标1:1
  		    "range":72,
  		    //范围8:1
  		    "damage":5,
  		    "healPercent":1,
  		    //恢复百分比
  		    "color":"FFE7BCFF",
  		    "effectRadius":0.1,
  		    //尺寸
  		    "x":0,
  		    "y":-2.5
  		}
]
}

