{
    "type": "ItemTurret",
    "category": "turret",
    "name": "碎星",
    "description": "向前方扇形区域发射多颗子弹，能够重击敌人。",
    "drawer": {
        "type": "drawTurret",
        "parts": [
            {
                "type": "RegionPart",
                "suffix": "-side",
                "moveY": -2,
                "moveRot": -20,
                "mirror": true,
                "progress": "recoil"
            }
        ]
    },
    "research": {
        "parent": "biaa裂影",
        "requirements": [
            "镍/240",
            "graphite/360",
            "silicon/300"
        ]
    },
    "requirements": [
        "镍/80",
        "graphite/120",
        "silicon/100"
    ],
    "consumes": {
        "coolant": {
            "amount": 0.1,
            "optional": true
        }
    },
    "shoot": {
        "type": "shootSpread",
        "shots": 12,
        "spread": 3
    },
    "size": 3,
    "health": 1600,
    "rotateSpeed": 3.5,
    "reload": 30,
    "ammoPerShot": 8,
    "maxAmmo": 60,
    "liquidCapacity": 30,
    "range": 120,
    "inaccuracy": 9,
    "shootSound": "laser",
    "shootCone": 20,
    "squareSprite": false,
    "ammoTypes": {
        "graphite": {
            "shrinkY": 0,
            "shrinkX": 0,
            "damage": 80,
            "speed": 10,
            "knockback": 3,
            "lifetime": 12,
            "width": 20,
            "height": 15,
            "ammoMultiplier": 4,
            "frontColor": "767A84FF",
            "backColor": "8E9097FF",
            "buildingDamageMultiplier": 0.2,
            "trailColor": "8E9097FF",
            "trailParam": 5,
            "trailWidth": 5,
            "trailLength": 2,
            "trailEffect": "none",
            "shootEffect": {
                "type": "ParticleEffect",
                "region": "狐冥-方",
                "particles": 1,
                "length": 40,
                "lifetime": 50,
                "interp": "circleOut",
                "sizeInterp": "pow5Out",
                "cone": 90,
                "colorFrom": "767A84FF",
                "colorTo": "8E9097FF",
                "sizeFrom": 5.5,
                "sizeTo": 0
            },
            "hitEffect": {
                "type": "ParticleEffect",
                "region": "狐冥-方",
                "particles": 2,
                "length": 40,
                "lifetime": 24,
                "interp": "circleOut",
                "sizeInterp": "pow5Out",
                "cone": 360,
                "colorFrom": "FFFFFFFF",
                "colorTo": "FFFFFFFF",
                "sizeFrom": 4.5,
                "sizeTo": 0
            }
        },
        "silicon": {
            "shrinkY": 0,
            "shrinkX": 0,
            "damage": 70,
            "speed": 10,
            "reloadMultiplier": 1.2,
            "knockback": 2,
            "lifetime": 16,
            "width": 20,
            "height": 15,
            "ammoMultiplier": 4,
            "frontColor": "767A84FF",
            "backColor": "8E9097FF",
            "buildingDamageMultiplier": 0.2,
            "homingRange": 48,
            "homingPower": 0.08,
            "trailColor": "8E9097FF",
            "trailParam": 5,
            "trailWidth": 5,
            "trailLength": 2,
            "trailEffect": "none",
            "shootEffect": {
                "type": "ParticleEffect",
                "region": "狐冥-方",
                "particles": 1,
                "length": 40,
                "lifetime": 50,
                "interp": "circleOut",
                "sizeInterp": "pow5Out",
                "cone": 90,
                "colorFrom": "767A84FF",
                "colorTo": "8E9097FF",
                "sizeFrom": 5.5,
                "sizeTo": 0
            },
            "hitEffect": {
                "type": "ParticleEffect",
                "region": "狐冥-方",
                "particles": 2,
                "length": 40,
                "lifetime": 24,
                "interp": "circleOut",
                "sizeInterp": "pow5Out",
                "cone": 360,
                "colorFrom": "FFFFFFFF",
                "colorTo": "FFFFFFFF",
                "sizeFrom": 4.5,
                "sizeTo": 0
            }
        }
    }
}