{
    "type": "PowerTurret",
    "name": "千束",
    "description": "快速发射激光对一定范围内的敌人造成伤害。激光末端也会分裂三束激光。对大型单位有奇效。",
    "health": 2500,
    "armor": 3,
    "size": 3,
    "reload": 60,
    "range": 360,
    "recoilTime": 45,
    "recoil": 3,
    "shake": 1.5,
    "shoot": {
        "shots": 4,
        "shotDelay": 6,
        "type": "ShootBarrel",
        "barrels": [
            4.5, -1, 0,
            -4.5, -1, 0
        ]
    },
    "consumes": {
        "power": 5
    },
    "minWarmup": 0.9,
    "shootWarmupSpeed": 0.055,
    "warmupMaintainTime": 120,
    "shootSound": "none",
    "targetGround": true,
    "targetAir": true,
    "shootCone": 10,
    "inaccuracy": 0,
    "rotateSpeed": 4,
    "shootType": {
        "buildingDamageMultiplier": 0.2,
        "despawnSound": "shoot",
        "type": "PointBulletType",
        "damage": 60,
        "lifetime": 10,
        "speed": 36,
        "reloadMultiplier": 3,
        "bulletInterval": 0,
        "intervalRandomSpread": 0,
        "intervalBullets": 3,
        "intervalAngle": 0,
        "intervalSpread": 120,
        "fragVelocityMin": 1,
        "fragVelocityMax": 1,
        "intervalBullet": {
            "despawnSound": "shoot",
            "type": "PointBulletType",
            "damage": 20,
            "buildingDamageMultiplier": 0.2,
            "lifetime": 8,
            "speed": 1,
            "reloadMultiplier": 3,
            "trailSpacing": 8,
            "trailEffect": {
                "type": "ParticleEffect",
                "particles": 1,
                "length": 0,
                "baseLength": 1,
                "lifetime": 12,
                "line": true,
                "randLength": false,
                "lenFrom": 8.1,
                "lenTo": 8.1,
                "strokeFrom": 3,
                "strokeTo": 0,
                "sizeInterp": "slowFast",
                "colorFrom": "CBD97FFF",
                "colorTo": "CBD97FFF",
                "cone": 0
            },
            "shootEffect": {
                "type": "WaveEffect",
                "lifetime": 15,
                "sizeFrom": 1,
                "sizeTo": 22,
                "strokeFrom": 1.5,
                "strokeTo": 0,
                "colorFrom": "CBD97FFF",
                "colorTo": "CBD97FFF"
            },
            "smokeEffect": {
                "type": "ParticleEffect",
                "sizeInterp": "pow3In",
                "interp": "fastSlow",
                "particles": 3,
                "strokeFrom": 2,
                "strokeTo": 0,
                "line": true,
                "lenFrom": 15,
                "lenTo": 0,
                "length": 45,
                "baseLength": 0,
                "lifetime": 16,
                "colorFrom": "CBD97FFF",
                "colorTo": "CBD97FFF",
                "cone": 13
            },
            "hitEffect": {
                "type": "ParticleEffect",
                "interp": "fastSlow",
                "sizeInterp": "pow3In",
                "particles": 4,
                "baseLength": 4,
                "length": 10,
                "lifetime": 15,
                "line": true,
                "lenFrom": 8,
                "lenTo": 0,
                "strokeFrom": 2,
                "strokeTo": 1,
                "colorFrom": "CBD97FFF",
                "colorTo": "CBD97FFF"
            },
            "despawnEffect": {
                "type": "ParticleEffect",
                "particles": 1,
                "sizeFrom": 4,
                "sizeTo": 0,
                "length": 0,
                "baseLength": 0,
                "lifetime": 14,
                "sizeInterp": "slowFast",
                "colorFrom": "CBD97FFF",
                "colorTo": "CBD97FFF"
            }
        },
        "trailSpacing": 8,
        "trailEffect": {
            "type": "ParticleEffect",
            "particles": 1,
            "length": 0,
            "baseLength": 1,
            "lifetime": 12,
            "line": true,
            "randLength": false,
            "lenFrom": 8.1,
            "lenTo": 8.1,
            "strokeFrom": 3,
            "strokeTo": 0,
            "sizeInterp": "slowFast",
            "colorFrom": "CBD97FFF",
            "colorTo": "CBD97FFF",
            "cone": 0
        },
        "shootEffect": {
            "type": "WaveEffect",
            "lifetime": 15,
            "sizeFrom": 1,
            "sizeTo": 22,
            "strokeFrom": 1.5,
            "strokeTo": 0,
            "colorFrom": "CBD97FFF",
            "colorTo": "CBD97FFF"
        },
        "smokeEffect": {
            "type": "ParticleEffect",
            "sizeInterp": "pow3In",
            "interp": "fastSlow",
            "particles": 3,
            "strokeFrom": 2,
            "strokeTo": 0,
            "line": true,
            "lenFrom": 15,
            "lenTo": 0,
            "length": 45,
            "baseLength": 0,
            "lifetime": 16,
            "colorFrom": "CBD97FFF",
            "colorTo": "CBD97FFF",
            "cone": 13
        },
        "hitEffect": {
            "type": "ParticleEffect",
            "interp": "fastSlow",
            "sizeInterp": "pow3In",
            "particles": 4,
            "baseLength": 4,
            "length": 10,
            "lifetime": 15,
            "line": true,
            "lenFrom": 8,
            "lenTo": 0,
            "strokeFrom": 2,
            "strokeTo": 1,
            "colorFrom": "CBD97FFF",
            "colorTo": "CBD97FFF"
        },
        "despawnEffect": {
            "type": "ParticleEffect",
            "particles": 1,
            "sizeFrom": 4,
            "sizeTo": 0,
            "length": 0,
            "baseLength": 0,
            "lifetime": 14,
            "sizeInterp": "slowFast",
            "colorFrom": "CBD97FFF",
            "colorTo": "CBD97FFF"
        }
    },
    "requirements": [
        "铁/240",
        "锡/240",
        "silicon/240",
        "钢/240"
    ],
    "category": "turret",
    "research": {
        "parent": "biac日暮",
        "requirements": [
            "铁/2400",
            "锡/2400",
            "silicon/2400",
            "钢/2400"
        ]
    }
}