{
    "type": "ItemTurret",
    "name": "浪潮",
    "description": "发射螺旋分裂弹攻击敌人。",
    "health": 2000,
    "armor": 6,
    "size": 3,
    "reload": 120,
    "range": 360,
    "maxAmmo": 60,
    "liquidCapacity": 60,
    "recoilTime": 40,
    "recoil": 3,
    "shoot": {
        "type": "ShootHelix",
        "mag": 1,
        "scl": 6
    },
    "consumes": {
        "coolant": {
            "amount": 0.2,
            "optional": true
        }
    },
    "shootSound": "cannon",
    "ammoUseEffect": "none",
    "ammoPerShot": 6,
    "shootEffect": {
        "type": "ParticleEffect",
        "particles": 1,
        "sizeFrom": 9,
        "sizeTo": 0,
        "line": true,
        "length": 55,
        "baseLength": 0,
        "lifetime": 15,
        "colorFrom": "D1EFFFFF",
        "colorTo": "D1EFFF40",
        "cone": 60
    },
    "targetGround": true,
    "targetAir": true,
    "inaccuracy": 0,
    "shake": 2.8,
    "rotateSpeed": 3,
    "ammoTypes": {
        "血钢": {
            "type": "BasicBulletType",
            "pierceCap": 7,
            "damage": 64,
            "splashDamageRadius": 56,
            "splashDamage": 44,
            "knockback": 5,
            "reloadMultiplier": 1.2,
            "speed": 3.2,
            "drag": 0.004,
            "lifetime": 105,
            "width": 32,
            "height": 32,
            "spin": 10,
            "shrinkX": 0,
            "shrinkY": 0,
            "ammoMultiplier": 3,
            "sprite": "mine-bullet",
            "backColor": "FF5547FF",
            "frontColor": "FFFFFF",
            "trailChance": 1,
            "trailEffect": {
                "type": "ParticleEffect",
                "particles": 4,
                "length": 10,
                "baseLength": 3,
                "lifetime": 60,
                "interp": "pow10Out",
                "sizeInterp": "pow5In",
                "colorFrom": "FF5547FF",
                "colorTo": "FF5547FF",
                "sizeFrom": 2.3,
                "sizeTo": 0
            },
            "smokeEffect": {
                "type": "ParticleEffect",
                "particles": 20,
                "line": true,
                "strokeFrom": 2,
                "strokeTo": 0,
                "lenFrom": 16,
                "lenTo": 8,
                "length": 36,
                "baseLength": 3,
                "lifetime": 12,
                "colorFrom": "FFE176",
                "colorTo": "FFE176",
                "cone": 40
            },
            "shootEffect": {
                "type": "ParticleEffect",
                "particles": 13,
                "sizeFrom": 5,
                "sizeTo": 0,
                "interp": "pow5Out",
                "sizeInterp": "pow5In",
                "length": 28,
                "baseLength": 0,
                "lifetime": 40,
                "colorFrom": "FF5547FF",
                "colorTo": "FF5547FF",
                "cone": 48
            },
            "hitShake": 3,
            "hitSound": "explosion",
            "hitEffect": {
                "type": "MultiEffect",
                "effects": [
                    {
                        "type": "ParticleEffect",
                        "particles": 23,
                        "sizeFrom": 8,
                        "sizeTo": 0,
                        "length": 36,
                        "baseLength": 20,
                        "lifetime": 55,
                        "colorFrom": "FF5547FF",
                        "colorTo": "FF5547FF"
                    },
                    {
                        "type": "WaveEffect",
                        "lifetime": 18,
                        "sizeFrom": 1,
                        "sizeTo": 56,
                        "strokeFrom": 5,
                        "strokeTo": 0,
                        "colorFrom": "FF5547FF",
                        "colorTo": "ffffff"
                    }
                ]
            },
            "despawnEffect": "none",
            "bulletInterval": 2,
            "intervalBullets": 3,
            "intervalRandomSpread": 30,
            "intervalBullet": {
                "type": "BasicBulletType",
                "damage": 32,
                "splashDamageRadius": 12,
                "splashDamage": 36,
                "knockback": 0.5,
                "speed": 9.2,
                "lifetime": 8,
                "backColor": "FF5547FF",
                "frontColor": "FFFFFF",
                "trailLength": 3,
                "trailWidth": 2,
                "trailColor": "FF5547FF",
                "width": 16,
                "height": 16,
                "hitEffect": "flakExplosion",
                "despawnEffect": "none"
            }
        }
    },
    "requirements": [
        "铁/260",
        "铝/100",
        "钢/120",
        "海棱晶/60"
    ],
    "category": "turret",
    "research": "ahad千束"
}