{
    "name": "棱锥",
    "description": "快速发射带电子弹攻击敌人，需要消耗臭氧。",
    "type": "PowerTurret",
    "size": 4,
    "shoot": {
        "type": "ShootAlternate",
        "barrels": 2,
        "spread": 8,
        "shots": 4,
        "shotDelay": 3
    },
    "health": 2700,
    "armor": 4,
    "reload": 40,
    "range": 400,
    "targetAir": true,
    "targetGround": true,
    "shootCone": 25,
    "rotateSpeed": 2.5,
    "shootSound": "宿主",
    "liquidCapacity": 100,
    "consumes": {
        "power": 8,
        "liquid": "ozone/0.3333333333"
    },
    "hasPower": true,
    "shootType": {
        "type": "basicBulletType",
        "sprite": "missile-large",
        "damage": 80,
        "height": 16,
        "width": 9,
        "shrinkX": 0,
        "shrinkY": 0,
        "speed": 16,
        "splashDamage": 80,
        "splashDamageRadius": 40,
        "buildingDamageMultiplier": 0.2,
        "lifetime": 25,
        "hitSound": "explosion",
        "lightning": 5,
        "lightningDamage": 0,
        "lightningLength": 4,
        "lightningAngle": 180,
        "lightningLengthRand": 5,
        "intervalRandomSpread": 0,
        "intervalBullets": 1,
        "bulletInterval": 1,
        "intervalAngle": 180,
        "intervalSpread": 0,
        "fragVelocityMin": 8,
        "fragVelocityMax": 8,
        "despawnEffect": "none",
        "intervalBullet": {
            "damage": 20,
            "buildingDamageMultiplier": 0.2,
            "type": "LightningBulletType",
            "lightningLength": 3,
            "lightningLengthRand": 4,
            "lightningColor": "B1C0D9FF",
            "lightColor": "FFFFFFFF",
            "status": "shocked",
            "statusDuration": 30,
            "collidesAir": false,
            "hittable": false,
            "ammoMultiplier": 1,
            "lifetime": 5,
            "hitEffect": "none"
        },
        "hitEffect": {
            "type": "multiEffect",
            "effects": [
                {
                    "type": "ParticleEffect",
                    "line": true,
                    "particles": 15,
                    "lifetime": 30,
                    "interp": "circleOut",
                    "offset": 30,
                    "length": 50,
                    "lightColor": "B1C0D948",
                    "strokeFrom": 4,
                    "strokeTo": 0,
                    "lenFrom": 10,
                    "lenTo": 10,
                    "colorFrom": "B1C0D9FF",
                    "colorTo": "FFFFFFFF"
                },
                {
                    "type": "ParticleEffect",
                    "particles": 16,
                    "length": 55,
                    "baseLength": 10,
                    "lifetime": 100,
                    "lightColor": "FFFFFFFF",
                    "interp": "circleOut",
                    "cone": 360,
                    "colorFrom": "B1C0D9FF",
                    "colorTo": "FFFFFFFF",
                    "sizeFrom": 6,
                    "sizeTo": 2
                },
                {
                    "type": "WaveEffect",
                    "lifetime": 30,
                    "sizeFrom": 0,
                    "sizeTo": 40,
                    "strokeFrom": 3,
                    "strokeTo": 0,
                    "colorFrom": "B1C0D9FF",
                    "colorTo": "FFFFFFFF"
                }
            ]
        },
        "despawnHit": true,
        "shootEffect": {
            "type": "multiEffect",
            "effects": [
                {
                    "type": "ParticleEffect",
                    "particles": 15,
                    "length": 80,
                    "lifetime": 36,
                    "lightColor": "B1C0D948",
                    "cone": 20,
                    "colorFrom": "B1C0D9FF",
                    "colorTo": "FFFFFFFF",
                    "sizeFrom": 3,
                    "sizeTo": 0
                },
                {
                    "type": "ParticleEffect",
                    "particles": 1,
                    "lifetime": 10,
                    "length": 0,
                    "region": "狐冥-方",
                    "sizeFrom": 36,
                    "sizeTo": 0,
                    "colorFrom": "B1C0D9FF",
                    "colorTo": "FFFFFFFF"
                }
            ]
        },
        "trailParam": 5,
        "trailLength": 19,
        "trailWidth": 2.6,
        "trailColor": "B1C0D9FF",
        "frontColor": "B1C0D9FF",
        "backColor": "FFFFFFFF"
    },
    "requirements": [
        "镍/320",
        "铝/220",
        "silicon/320",
        "钢/320"
    ],
    "category": "turret",
    "research": {
        "parent": "biad千束",
        "objectives": [
            {
                "type": "SectorComplete",
                "preset": "ac冥域峡隙"
            }
        ]
    }
}