{
    "name": "撕裂",
    "description": "利用电力和相织能提供的能力向前方发射高动能爆破子弹。需要冷冻液降温。",
    "type": "ItemTurret",
    "health": 4400,
    "armor": 8,
    "size": 5,
    "range": 560,
    "reload": 180,
    "cooldownTime": 45,
    "shake": 4,
    "shootY": 16,
    "recoil": 2,
    "recoilTime": 45,
    "shootCone": 5,
    "rotateSpeed": 0.8,
    "minWarmup": 0.99,
    "shootWarmupSpeed": 0.08,
    "consumes": {
        "power": 24,
        "liquid": "cryofluid/0.5"
    },
    "maxAmmo": 40,
    "ammoPerShot": 10,
    "liquidCapacity": 120,
    "shoot": {
        "type": "ShootMulti",
        "source": {
            "type": "ShootHelix",
            "scl": 3,
            "mag": 0.75
        },
        "dest": [
            {
                "type": "ShootHelix",
                "mag": 3,
                "scl": 0.75
            }
        ]
    },
    "shootSound": "撕裂发射",
    "ammoTypes": {
        "相织能": {
            "damage": 500,
            "buildingDamageMultiplier": 0.2,
            "lifetime": 22.4,
            "speed": 25,
            "shrinkY": 8,
            "height": 32,
            "width": 26,
            "shootEffect": {
                "type": "multiEffect",
                "effects": [
                    {
                        "type": "ParticleEffect",
                        "particles": 18,
                        "sizeFrom": 6,
                        "sizeTo": 0,
                        "length": 70,
                        "lifetime": 30,
                        "interp": "sineOut",
                        "sizeInterp": "sineIn",
                        "colorFrom": "BAFCFFFF",
                        "colorTo": "6FDEDCFF",
                        "cone": 15
                    },
                    {
                        "type": "WaveEffect",
                        "lifetime": 30,
                        "sides": 0,
                        "sizeFrom": 0,
                        "sizeTo": 40,
                        "strokeFrom": 4,
                        "strokeTo": 0,
                        "colorFrom": "BAFCFFFF",
                        "colorTo": "6FDEDCFF"
                    }
                ]
            },
            "frontColor": "6FDEDCFF",
            "backColor": "BAFCFFFF",
            "pierceCap": 3,
            "pierceBuilding": true,
            "splashDamage": 260,
            "splashDamageRadius": 80,
            "trailColor": "BAFCFFFF",
            "trailLength": 24,
            "trailWidth": 3,
            "trailSinScl": 0.75,
            "trailSinMag": 1.5,
            "hitShake": 3,
            "despawnShake": 4,
            "knockback": 2,
            "hitEffect": {
                "type": "multiEffect",
                "effects": [
                    {
                        "type": "WaveEffect",
                        "lifetime": 20,
                        "sizeFrom": 0,
                        "sizeTo": 65,
                        "strokeFrom": 4,
                        "strokeTo": 0,
                        "lightColor": "BAFCFFFF",
                        "colorFrom": "BAFCFFFF",
                        "colorTo": "6FDEDCFF"
                    },
                    {
                        "type": "ParticleEffect",
                        "line": true,
                        "particles": 11,
                        "lifetime": 30,
                        "length": 85,
                        "baseLength": 20,
                        "cone": -360,
                        "lenFrom": 7,
                        "lenTo": 0,
                        "interp": "exp10In",
                        "colorFrom": "BAFCFFFF",
                        "colorTo": "6FDEDCFF"
                    }
                ]
            },
            "despawnEffect": {
                "type": "multiEffect",
                "effects": [
                    {
                        "type": "ParticleEffect",
                        "particles": 1,
                        "sizeFrom": 45,
                        "sizeTo": 0,
                        "length": 0,
                        "interp": "bounceOut",
                        "lifetime": 60,
                        "layer": 110,
                        "region": "狐冥-star",
                        "lightColor": "BAFCFFFF",
                        "colorFrom": "BAFCFFFF",
                        "colorTo": "6FDEDCFF"
                    },
                    {
                        "type": "WaveEffect",
                        "lifetime": 20,
                        "sizeFrom": 0,
                        "sizeTo": 65,
                        "strokeFrom": 4,
                        "strokeTo": 0,
                        "interp": "elasticOut",
                        "lightColor": "BAFCFFFF",
                        "colorFrom": "BAFCFFFF",
                        "colorTo": "6FDEDCFF"
                    },
                    {
                        "type": "ParticleEffect",
                        "line": true,
                        "particles": 11,
                        "lifetime": 30,
                        "length": 85,
                        "baseLength": 20,
                        "cone": -360,
                        "lenFrom": 7,
                        "lenTo": 0,
                        "interp": "exp10In",
                        "colorFrom": "BAFCFFFF",
                        "colorTo": "6FDEDCFF"
                    }
                ]
            },
            "lightning": 4,
            "lightningDamage": 60,
            "lightningColor": "BAFCFFFF",
            "lightningCone": 360,
            "lightningLength": 12,
            "lightningLengthRand": 0
        }
    },
    "requirements": [
        "graphite/640",
        "铝/1000",
        "silicon/1000",
        "钢/600",
        "海棱晶/640",
        "相织能/400"
    ],
    "category": "turret",
/*    "research": {
        "parent": "ahag维纳斯",
        "objectives": [
            {
                "type": "SectorComplete",
                "preset": "ac蜿蜒地带"
            }
        ]
    }*/
}