{
	"type": "ItemTurret",
	"name": "XM1014",
	"description": "半自动霰弹枪，稍小威力",
	"health": 2000,
	"category":"turret"
	"size": 1,
	"reload": 60,
	"burstSpacing": 0
	"shots":1
	"range": 200,
	"shootSound":"xm1014"
    "maxAmmo": 7,
    "recoil": 2,
	"targetGround":true,
	"targetAir":true,
	"canOverdrive": false
	"inaccuracy": 7,
	"shoot":{"shots":18,
		"shotDelay":0}
	"rotatespeed": 150,
	"ammoTypes": {
			"lead": {
            "type": "BasicBulletType",
			"speed": 40,
			"knockback":4,
			"damage": 7,
			"bulletWidth": 1,
			"bulletHeight": 3,
			"ammoMultiplier": 1,
			"lifetime": 6,
		},
			"钨": {
            "type": "BasicBulletType",
			"speed": 40,
			"knockback":9,
			"damage": 9,
			"pierceCap":2,
			"pierceBuilding":true,
			"pierce":2
			"bulletWidth": 1,
			"bulletHeight": 3,
			"ammoMultiplier": 1,
			"lifetime":6,
		},
			"thorium": {
            "type": "BasicBulletType",
			"speed": 40,
			"knockback":10,
			"damage": 12,
			"pierceCap":4,
			"pierceBuilding":true,
			"pierce":3
			"bulletWidth": 1,
			"bulletHeight": 3,
			"ammoMultiplier": 1,
			"lifetime":6,
	},
	},
	"requirements": [
		{ "item": "lead", "amount": 200 },
		{ "item": "钢", "amount": 450 },
		{"item":"枪械零部件","amount":150},
	],
	"alwaysUnlocked":true,
	}