{
//  "alwaysUnlocked":true
  "name": "反应堆废料",
 	"description":"核反应堆产出的反应堆废料，内含多种放射性废料\n反应堆废料-I : 铀在经过一系列核反应后的产物，用于提取钚\n反应堆废料-II : 钍-232在经过一系列核反应后的产物，含有各种锕系元素\n反应堆废料-III : 钚在经过一系列核反应后的产物。含有硅岩"
      "color":"5454547f"
      "barcolor":"5454547f"
      "capPuddles":false
      "details":"成分复杂，包括钚，镅，镎，钍，锕等，主要是钚与未反应的铀。钚主要是钚-239与钚-241，来源于低裂变性的铀-238的中子俘获     ----反应堆废料-I\n\n长半衰期    ----反应堆废料-II\n\n硅岩    ----反应堆废料-III"
      "heatCapacity": 0.5
      "incinerable":false

   "temperature":0.7,
   "boilPoint":6
     "viscosity":0.9,//粘度0.01比
     "flammability":0.0,//易燃性1比1
     "explosiveness":0.0,//爆炸性1比1
    "research": "铀"
  }
  
  
  
  