{
	"name": "纳米材料",
	"description": "纳米级结构材料简称为纳米材料，是指其结构单元的尺寸介于1纳米至100纳米范围之间。由于它的尺寸已经接近电子的相干长度，它的性质因为强相干所带来的自组织使得性质发生很大变化。并且，其尺度已接近光的波长，加上其具有大表面的特殊效应，因此其所表现的特性，例如熔点、磁性、光学、导热、导电特性等等，往往不同于该物质在整体状态时所表现的性质。",
	"color": "#FFFFFF"
	"cost":1.5
	"alwaysUnlocked":true
}