{
"type": "GenericCrafter",
"outputItem": { "item": "bantimatter", "amount": 1 },
"size": 3,
"hasPower": true,
"hasItems": true,
"craftTime": 50,
"itemCapacity": 10,
"craftEffect":"lancerLaserCharge",
"consumes": {
"power":5,
"items": {"items": [
{ "item": "phase-fabric", "amount": 5},
{ "item": "fcarbon-fibre", "amount": 5}
]
}
},
"requirements": [
{ "item": "lead", "amount": 100},
{ "item": "fcarbon-fibre", "amount": 150 },
{ "item": "dmatter-alloy", "amount": 200 },
{"item":"silicon","amount":300},
{"item":"phase-fabric","amount":150}
],
"category": "crafting",
"ambientSound":"smelter",
"research": "ba6"
}