{
	"type": "GenericCrafter",
	"health": 365,
	"outputItem": { "item": "pyratite", "amount": 2 },
	"alwaysUnlocked": false,
	"size": 3,
	"hasPower": true,
	"hasLiquids": true,
	"hasItems": true,
	"craftTime": 30,
	"itemCapacity": 20,
	"updateEffect": true,
	"consumes": {
	"power": 5,
    "items": {	 "items": [
    { "item": "sand", "amount": 1 }
    { "item": "lead", "amount": 1 }
    { "item": "coal", "amount": 1 }
 	]
  } },
"requirements": [
	{ "item": "lead", "amount": 180 },
	{ "item": "copper", "amount": 220 },
	{ "amount": 180, "item": "titanium" }
	{ "amount": 90, "item": "plastanium" }
	{ "amount": 120, "item": "silicon" }
	{ "amount": 60, "item": "esilicon-crystal" }
	],
	"category": "crafting",
	"research": "pyratite-mixer"
}