{
	"type": "GenericCrafter",
	"outputItem": { "item": "phase-fabric", "amount": 4 },
	"size": 2,
	"hasPower": true,
	"hasLiquids": false,
	"hasItems": true,
	"craftTime": 120,
	"itemCapacity": 40,
    "drawer": [
        {
            "type": "DrawRegion"
            "suffix": "-bottom",
        },
        "DrawWeave",
        "DrawDefault",
    ],
	"updateEffect":{"type": "WaveEffect",
		"lifetime": 10,
		"sizeFrom": 0,
		"sizeTo": 18,
		"strokeFrom": 2,
		"strokeTo": 0,
		"colorFrom": "FFF1D2FF",
		"colorTo": "FFD197FF"},
	"consumes": {
    "power":8,
    "items": {	 "items": [
 { "item": "thorium", "amount": 4 }
 { "item": "sand", "amount": 6 }	]
  } },
"requirements": [
	{ "item": "lead", "amount": 350 },
	{ "item": "silicon", "amount": 200 },
	{ "item": "thorium", "amount": 120 }
	{ "item": "fcarbon-fibre", "amount": 160 },
	{ "item": "phase-fabric", "amount": 100 },
	{ "item": "plastanium", "amount": 85 }
	],
	"category": "crafting",
	"research": "phase-weaver"
}