{
"type":"GenericCrafter",
"itemCapacity":20,
"health":420,
"size":3,
"hasPower":true,
"hasLiquids":true,
"hasItems":true,
"craftTime":30,
"updateEffect":true,
"consumes":{
"power":8,
"items":{
"items":[
{
"item":"titanium",
"amount":2
},
]
},
"liquid":{
"liquid":"oil",
"amount":0.4
}
},
"liquidCapacity":60,
"outputItem":{
"item":"plastanium",
"amount":2
}
"requirements":[
{
"item":"titanium",
"amount":160
},
{
"item":"graphite",
"amount":120
},
	{"amount":90,"item":"plastanium"}
{
"item":"silicon",
"amount":135
},
{
"item":"lead",
"amount":200
}
{"amount":120,"item":"esilicon-crystal"}
],
"category":"crafting",
"research":"plastanium-compressor",
}