{
	"type": "GenericCrafter",
	"itemCapacity": 100,
	"outputLiquid": 
	{"liquid": "matter-fluid", "amount": 1 },
	"size":2 ,
	"liquidCapacity": 100,
	"craftTime":60,
    "hasPower": true, 
	"drawer":{
	    "type":"DrawMulti",
	    "drawers":[
	    {
	    "type":"DrawRegion",
	    "suffix":"-bottom"
	    },
	    {
	       "type":"DrawLiquidTile",
	    "drawLiquid":"matter-fluid"
	    },
	    "DrawDefault"
	]},
    "hasItems": true,
	"hasLiquids": true,
	"solid": true,
	"outputsLiquid": true,
	"consumes": {
	"power":13,
	"liquid": {"liquid":"cryofluid""amount":1,}
    "items": {
	"items": [
	{"item": "dmatter-alloy", "amount": 2 }
	]}},
	"requirements": [
	{ "item": "lead", "amount": 1750}
	{ "item": "titanium", "amount":1205 }
	{ "item": "silicon", "amount":1100 }
	{ "item": "metaglass", "amount":505 }
	{ "item": "plastanium", "amount":150 }
	{ "item": "esilicon-crystal", "amount": 300 }
	{ "item": "dmatter-alloy", "amount": 250 }
	],
	"category": "crafting",
	"research": "cryofluid-mixer"
}