{
"type": "GenericCrafter",
"buildVisibility": "sandboxOnly",
"itemCapacity": 120,
"outputLiquid": {"liquid": "Neutrino-fluid", "amount": 8 },
"size":8,
"liquidCapacity": 600,
"craftTime":600,
"hasPower": true, 
"drawer":{
"type":"DrawMulti",
"drawers":[
{
"type":"DrawRegion",
"suffix":"-bottom"
},
{
"type":"DrawLiquidTile",
"drawLiquid":"Neutrino-fluid"
"padding": 3
},
"DrawDefault"
]}, 
"hasItems": true,
"canOverdrive": false,
"hasLiquids": true,
"solid": true,
"outputsLiquid": true,
"consumes": {
"power":80,
"liquid": {"liquid":"Neutrino-fluid""amount":2,}
"items": {
"items": [
{ "item": "icatalyst", "amount": 120 }
]
}},
"category": "crafting",
}