{
    "name": "怜悯",    
    "damage":-5,
	"opposites": ["fullbloom",
        "fullbloom",
        "overclock",
        "shielded"
      ],
	"effectChance":0.5,
	"effect": [{
    "type": "WaveEffect",
    "lifetime":20,  
    "strokeFrom": 3,
    "strokeTo": 3,
    "sizeFrom":5,  "sizeTo":1,
    "colorFrom": "97FFA8",
    "colorTo": "97FFA8"  },
    {	"type": "ParticleEffect",
        "particles": 1,  
        "baseLength": 13,
        "length":-2,
        "lifetime": 35,
        "spin":10,
        "region":"尘土-oo",
        "sizeFrom": 2.5,
        "sizeTo": 0,
        "colorFrom": "FFFFFFF",
        "colorTo": "FF5B5BFF",
        "cone":150 }]}