{
    "name":"花开",
        
        "healthMultiplier":1.5,
        "speedMultiplier":1.15,
        "reloadMultiplier":1.5,
        "effectChance":0.9,
        "effect":[{	"type": "ParticleEffect",
        "particles": 1,  
        "baseLength": 13,
        "length":-2,
        "lifetime": 35,
        "spin":10,
        "region":"尘土-bloom",
        "sizeFrom": 2.5,
        "sizeTo": 0,
        "colorFrom": "FFFFFFF",
        "colorTo": "FF5B5BFF",
        "cone":150 },
        {	"type": "MultiEffect",
    
            "baseLength": 2,
            "length":1,
            "lifetime": 35,
            "spin":10,
            "region":"尘土-bloom",
            "sizeFrom": 0.9,
            "sizeTo": 0,
            "colorFrom": "FFFFFFF",
            "colorTo": "FF5B5BFF",
            "cone":360 }]
    }
    