{
    "name": "被水淹没，[       ]",    
	"healthMultiplier":0.9,
	"speedMultiplier":0.09,
	"reloadMultiplier":0.09,
    "damageMultiplier":0.09,
	"opposites": ["hero",
        "burning",
        "melting",
        "blasted"
    ],
	"effectChance":6,
    "transitionDamage": 1600,
	"effect": [{
    "type": "WaveEffect",
    "lifetime":200,  
    "strokeFrom": 1,
    "strokeTo": 1,
    "sizeFrom":10,  "sizeTo":10,
    "colorFrom":"ffffffff",
    "colorTo":"ffffff00"}  ,
        {	"type": "MultiEffect",
    
            "baseLength": 4,
            "length":3,
            "lifetime": 5,
            "spin":10,
            "region":"尘土-bloom",
            "sizeFrom": 0.9,
            "sizeTo": 0,
            "colorFrom": "0a2659",
            "colorTo": "a3e1e3",
            "cone":360 } ]
        }