{
    "name": "享身ΙΙ",
    "description": "此单位获得强化，速度和伤害增加。",
    "permanent": false,
    "damageMultiplier": 1.5,
    "healthMultiplier": 1,
    "speedMultiplier": 1.5,
    "reloadMultiplier": 1.5,
    "disarm": false,
    "show": true,
    "reactive": false,
    "color": "C584E3FF",
    "effect": {
        "type": "ParticleEffect",
        "particles": 1,
        "length": 8,
        "lifetime": 60,
        "sizeFrom": 3,
        "sizeTo": 0,
        "colorFrom": "F9A3C7FF",
        "colorTo": "BB699AFF",
        "region": "狐冥-star"
    },
    "effectChance": 0.1
}