{
    "name": "稳固",
    "description": "安如磐石，稳如泰山。",
    "damageMultiplier": 1.25,
    "healthMultiplier": 1,
    "speedMultiplier": 0.9,
    "reloadMultiplier": 1,
    "disarm": false,
    "show": true,
    "reactive": false,
    "color": "F3E979FF",
    "effect": {
        "type": "ParticleEffect",
        "particles": 3,
        "length": 12,
        "lifetime": 60,
        "sizeFrom": 3,
        "sizeTo": 0,
        "colorFrom": "F3E979FF",
        "colorTo": "F3E979FF",
        "region": "狐冥-方"
    },
    "effectChance": 0.1
}