{
/* 
行星的id不包括mod.name，因此bundle如下：
planet.phursol.name=塔防星球
而非：
planet.forced-landing-phursol.name=塔防星球
*/
//公转中心
    "parent": "sun",
//公转半径
    "radius": 1,
//区块大小
    "sectorSize": 3,
//是否始终解锁
    "alwaysUnlocked": true,
//默认核心
    "defaultCore": "core-shard",
//是否允许在列表显示，如果不alwaysUnlocked就写research
    "accessible": true,
//mesh
//区块生成器，填什么都会解析成小行星生成器，但必须填上
    "generator": {
        "type": "AsteroidGenerator",
//#type非必要，但以防未来允许自定义
//#铍生成了也没用，，，
        "carbonChance": 0.7,
        "stoneChance": 0.3,
        "iceChance": 0.1,
        "min": 35,
        "max": 45,
        //这几个scl越低越富
        "thoriumScl": 0.9,
        "copperScale": 0.7,
        "leadScale": 0.7,
        "berylliumScale": 0.7,
        "tungstenScale": 0.9,
        "titaniumScale": 0.8,
        "graphiteScale": 0.7
    },
//选择核心蓝图时核心能容纳的物品数量关于其实际数量的倍数。例：初代核心是4k容量，此值为1则发射时可以塞4k物品，如果为0.5只能塞2k。想一想，为2会发生什么？
    "launchCapacityMultiplier": 1,
//区块种子
    "sectorSeed": 2,
//存在波次
    "allowWaves": true,
//存在后台模拟
    "allowWaveSimulation": false,
//存在区块入侵
    "allowSectorInvasion": true,
//允许核心蓝图
    "allowLaunchSchematics": false,
//攻击图转为生存图时，原核心位置是否变为出怪点
    "enemyCoreSpawnReplace": false,
//允许选择落地资源
    "allowLaunchLoadout": true,
//大气层颜色
    "atmosphereColor": "FF3F007F",
//大气层内径
    "atmosphereRadIn": 0.02,
//大气层外径
    "atmosphereRadOut": 0.3,
//开始区块的序号
    "startSector": 1,
//云层颜色，Pal.spore是7457ce，cpy方法原样返回，a方法加alpha
    "landCloudColor": "FF59664B",
//禁用物品，不写就是全都可用
    "hiddenItems": [
    ]
    "hiddenIblocks":[
    ]
}
//来自超限工艺