{
	"type": "DoubleTurret",
	"name": "重型火炮炮塔",
	"health": 1500,
	"size": 1,
	"reload":50,
	"shoot": 1
	"range": 500,
	"targetGround":true,
	"targetAir":true,
	"shootSound":"shoot05",
	"shotWidth": 2,
	"ammoUseEffect": "fireballsmoke",
	"Bullet": "MissileBulletType"
	"inaccuracy":0.0,
	"rotatespeed": 15,
	"maxAmmo": 30
	"ammo": {
				"lead": {
			"speed": 10,
			"damage": 800,
			"bulletWidth": 5,
			"bulletHeight": 15,
			"trailEffect": "lancerLaserShootSmoke",
			"ammoMultiplier": 1,
			"lifetime":1000,
			"backColor":"a925ff",
			"frontColor":"0979f4",
			"heatColor":"1684f4",
			"trailColor":"3C34eC",
    	}
	},
	"requirements": [
		{ "item": "titanium", "amount": 1000 },
	],
	"category": "turret",
}