{
	"type": "GenericCrafter"
	"name": "大型相织布编织厂",
	"description": "更快地生产相织物",
	"health":180,
	"itemCapacity":40,
	"outputItem": {"item": "phase-fabric","amount":4 },
	"size":3,
	"hasPower": true,
	"hasItems": true,
	"craftTime":30,//60:1
	"updateEffect": "smeltsmoke",
	"consumes": {
		"power":25,//1:60
		"items": {
			"items": [
				{ "item": "thorium", "amount":5 },
				{ "item": "sand", "amount":15 }
			]
		}
	},
	"requirements": [
		{ "item": "lead", "amount":360 },
		{ "item": "thorium", "amount":225 },
		{ "item": "silicon", "amount":390 }
	],
	"category": "crafting",
	"research": "phase-weaver",
	"idleSound": "respawning",
	"idleSoundVolume": 0.5
}
