{
	"type": "GenericCrafter"
	"name": "大型石墨压缩厂",
	"description": "更快地生产石墨",
	"health":180,
	"itemCapacity":40,
	"outputItem": {"item": "graphite","amount":4 },
	"size":3,
	"hasPower": true,
	"hasItems": true,
	"craftTime":30,//60:1
	"updateEffect": "smeltsmoke",
	"consumes": {
		"power":18,//1:60
		"items": {
			"items": [
				{ "item": "coal", "amount":6 }
			]
		}
	},
	"requirements": [
		{ "item": "lead", "amount":300 },
		{ "item": "graphite", "amount":150 },
		{ "item": "titanium", "amount":300 },
		{ "item": "silicon", "amount":75 }
	],
	"category": "crafting",
	"research": "multi-press",
	"idleSound": "respawning",
	"idleSoundVolume": 0.5
}
