{
	"type": "GenericSmelter"
	"name": "大型硅冶炼厂",
	"description": "更快地生产硅",
	"health":180,
	"itemCapacity":50,
	"outputItem": {"item": "silicon","amount":5 },
	"size":3,
	"hasPower": true,
	"hasItems": true,
	"craftTime":30,//60:1
	"updateEffect": "smeltsmoke",
	"consumes": {
		"power":5,//1:60
		"items": {
			"items": [
				{ "item": "coal", "amount":2 },
				{ "item": "sand", "amount":3 }
			]
		}
	},
	"requirements": [
		{ "item": "copper", "amount":90 },
		{ "item": "lead", "amount":75 },
	],
	"category": "crafting",
	"research": "silicon-smelter",
	"idleSound": "respawning",
	"idleSoundVolume": 0.5
}
