{
	"type": "GenericSmelter"
	"name": "大型窑炉厂",
	"description": "更快地生产钢化玻璃",
	"health":180,
	"itemCapacity":50,
	"outputItem": {"item": "metaglass","amount":5 },
	"size":3,
	"hasPower": true,
	"hasItems": true,
	"craftTime":30,//60:1
	"updateEffect": "smeltsmoke",
	"consumes": {
		"power":6,//1:60
		"items": {
			"items": [
				{ "item": "lead", "amount":2 },
				{ "item": "sand", "amount":2 }
			]
		}
	},
	"requirements": [
		{ "item": "copper", "amount":360 },
		{ "item": "lead", "amount":180 },
		{ "item": "graphite", "amount":180 }
	],
	"category": "crafting",
	"research": "kiln",
	"idleSound": "respawning",
	"idleSoundVolume": 0.5
}
