{
	"type":"GenericCrafter",
	"name":"CVD钻石生成器",
	"description": "用压缩碳在高僧高压下生成金刚石的装置",
	"size":2,
	"updateEffect": "smeltsmoke",
	"outputItem":
		{"item":"金刚石","amount":1},
	"consumes":{
		"power":30.0,
		"items":{
			"items":[
				{"item":"压缩碳","amount":8},
				]
			}
		},
	"requirements":[
		{"item":"电路板","amount":800},
		{"item":"钛合金","amount":1000},
		{"item":"银合金","amount":1000},
		{"item":"碳化钨","amount":1000}
		],
	"craftTime":1500,
	"health":500,
	"itemCapacity":100,
	"research":"光刻机",
	"category":"crafting"
}