{
	"name": "弹道导弹发射井",
	"description": "弹道导弹的发射井，发射导弹弹道攻击目标",
	"type":"UnitFactory",
	"unitType":"DDDD",
	"size":2,
	"maxSpawn":1,
	"produceTime":200,
	"hasItems":true,
	"hasPower":true,
	"hasLiquids":false,
	"itemCapacity":10,
	"consumes": {
		"power":5.0,
		"items":{
			"items":[
				{"item":"弹道导弹","amount":1},
			]
		}
	},
	"category": "units",
	"research": "DDGC",
	"requirements": [
		{ "item": "钛合金", "amount":2000},
		{ "item": "银合金", "amount":3000},
		{ "item": "碳化钨", "amount":3000}
	]
}