{
	"type": "GenericSmelter"
	"name": "中子合金冶炼炉",
	"description": "用中子物质冶炼合金",
	"health": 300,
	"itemCapacity": 100,
	"outputItem": {"item": "中子合金","amount":1 },
	"size": 3,
	"hasPower": true,
	"hasItems": true,
	"craftTime": 180,
	"updateEffect": "smeltsmoke",
	"consumes": {
		"power": 100,
		"items": {
			"items": [
				{ "item": "中子物质", "amount": 5 }
			]
		}
	},
	"requirements": [
		{ "item": "钛合金", "amount":1000  }
		{ "item": "碳化钨", "amount":1000  }
		{ "item": "银合金", "amount":1000  }
		{ "item": "黄铜", "amount":800  }
		{ "item": "电路板", "amount":800  }
		{ "item": "金刚石", "amount":500  }
	],
	"category": "crafting",
	"research": "CVD钻石生成器",
	"idleSound": "respawning",
	"idleSoundVolume": 0.5
}
