{
	"name": "中型核心",
	"description": "建立一个不可被拆除的中型核心
	[red]此方块属于核心方块，只能被摧毁，无法拆除！",
	"type": "CoreBlock",
	"itemCapacity": 8000,
	"hasItems": true,
	"health": 5000,
	"mech": "增强战机-mech",
	"size": 4,
	"breakable":false,
	"requirements": [
		{ "item": "钛合金", "amount": 4000 },
		{ "item": "碳化钨", "amount": 4000 },
		{ "item": "银合金", "amount": 4000 }
	],
	"category": "effect"
	"research": "小型核心",
}