{
	"name": "中型力墙投影仪",
	"description": "中型的力墙投影仪。",
	"type": "ForceProjector"
	"health": 360,
	"size": 2,
	"radius":150
	"breakage":2000
	"cooldown":100
	"cooldownBrokenBase":5
	"consumes":{
		"power":5.0
		"items":{
			"items":[
				{"item":"phase-fabric","amount":1}
			]
			"booster":true
		}
	}
	"requirements": [
	    { "item": "silicon", "amount": 150 },
		{ "item": "银合金", "amount": 50 },
		{ "item": "碳化钨", "amount": 20 }
	],
	"category": "effect",
	"research": "小型力墙投影仪"
}