{
	"type": "Separator",
	"name": "四级分离机",
	"description": "可以从矿渣中分离放射性物质，还会分离出稀有金属",
	"results": [
	{"item": "稀有金属", "amount": 10},
	{"item": "铀", "amount": 3},
	{"item": "钚", "amount": 1}
	]
	"size": 3,
	"hasPower": true,
	"hasItems": true,
	"hasliquids": true,
	"liquidCapacity": 2.0,
	"craftTime": 100,
	"spinnerSpeed": 8,
	"spinnerLength": 2.2,
	"spinnerRadius": 4.5,
	"spinnerThickness": 1.5,
	"updateEffect": "smeltsmoke",
	"consumes": {
		"power": 5.0,
		"liquid": { "liquid": "slag", "amount": 0.05 },
	},
	"requirements": [
		{ "item": "钛合金", "amount": 500 },
		{ "item": "碳化钨", "amount": 500 },
		{ "item": "银合金", "amount": 500 }
	],
	"category": "crafting",
	"research": "二级分离机",
	"idleSound": "respawning",
	"idleSoundVolume": 0.5
}
