{
    "type": "SingleTypeGenerator",
    "name": "固态能量释放装置",
    "description": "将储备能源，固态能量的能量释放",
    "size": 2,
    "health": 500,
    "itemCapacity": 100,
    "hasLiquids": false,
    "hasItems": true,
    "powerProduction": 10
        "consumes": {
		"items": {
			"items": [
				{ "item": "固态能量", "amount": 1 }
			],
			"optional": true
		}
	},
    "requirements": [
		{"item": "钛合金", "amount": 100}
		{"item": "碳化钨", "amount": 100}
	],
	"category": "power",
	"research": "能量固化装置"
}