{
	"name": "大型核心",
	"description": "建立一个不可被拆除的大型核心
	[red]此方块属于核心方块，只能被摧毁，无法拆除！",
	"type": "CoreBlock",
	"itemCapacity": 15000,
	"hasItems": true,
	"health": 12000,
	"mech": "导弹风暴-mech",
	"size": 5,
	"breakable":false,
	"requirements": [
		{ "item": "钛合金", "amount": 8000 },
		{ "item": "碳化钨", "amount": 8000 },
		{ "item": "银合金", "amount": 8000 },
		{ "item": "金刚石", "amount": 3500 }
	],
	"category": "effect"
	"research": "中型核心",
}