{
	"name": "导弹战斗机工厂",
	"description": "生产导弹战斗机",
	"type": "UnitFactory",
	"unitType": "导弹战斗机",
	"size": 2,
	"produceTime": 500,
	"consumes": {
		"power": 10.0,
		"items": {
			"items": [
				{"item": "钛合金", "amount": 100},
				{"item": "电路板", "amount": 30}
			]
		}
	},
	"category": "units",
	"research": "机枪战斗机工厂",
	"requirements": [
		{ "item": "碳化钨", "amount": 100 },
		{ "item": "surge-alloy", "amount": 200 },
		{ "item": "silicon", "amount": 200 },
		{ "item": "钢", "amount": 100 },
		{ "item": "钛合金", "amount": 1200 }
	]
}
