{
	"type":"ForceProjector"
	"name":"小型力墙投影仪"
	"description":"小型力墙投影仪，用于狭小地区防护"
	"health":300
	"size":1
	"radius":40
	"breakage":500
	"cooldown":100
	"cooldownBrokenBase":5
	"consumes":{
		"power":1.0
		"items":{
			"items":[
				{"item":"phase-fabric","amount":1}
			]
			"booster":true
		}
	}
	"requirements":[
		{ "item":"thorium","amount":100}
		{ "item":"lead","amount":100}
		{ "item":"silicon","amount":100}
	]
	"category":"effect"
	"research":"force-projector"
}