
{
	"type": "chargeTurret",
	"name": "小型激光炮塔",
	"description": "小型激光炮塔，由于小巧，只能连续发射低伤害激光束，具有穿透性，伤害一般，适合前期使用",
	"targetAir": true,
	"targetGround": true,
	"health": 500,
	"size": 1,
	"inaccuracy": 0,
	"chargeTime": 5,
    "chargeMaxDelay": 10,
    "chargeEffects": 11,
    "shootSound":"shoot03",
	"recoil": 0,
	"shootType": {
	"type" : "BasicBulletType"
	"damage": 30
	"bulletWidth": 2
	"bulletHeight": 8
	"frontColor":"E1F5EE",
    "backColor":"E1F5EE",
	"pierce": true
	"speed": 800
	"lifetime": 50
	"hitSide": 10
	}
	"shootEffect": "lancerLaserShoot",
    "smokeEffect": "lancerLaserShootSmoke",
    "chargeEffect": "lancerLaserCharge",
    "chargeBeginEffect": "lancerLaserChargeBegin",
	"powerUse": 2.0,
    "shootShake": 0.0
	"reload": 12,
	"shootCone": 120,
	"rotateSpeed": 30,
	"shots": 1,
	"range": 300,
	"burstSpacing": 6,
	"category": "turret"
	"research": "小型防空炮塔"
	"requirements": [
		{ "item": "copper", "amount": 300 },
		{ "item": "lead", "amount": 300 }
		{ "item": "titanium", "amount": 300 }
	],
}
