{
	"type": "PowerTurret",
	"name": "小型离子炮塔",
	"description": "小型的追踪炮塔，发射追踪的离子炮弹",
	"health": 500,
	"size": 1,
	"reload": 300,
	"range": 400,
	"inaccuracy": 0,
	"hasliquid":false
	"rotatespeed": 10,
	"powerUse": 10,
	"shootSound":"shoot04",
	"shootType":
	 {"type": "MissileBulletType",
    "lifetime": 450,
    "trailColor":"00ffff",
    "frontColor": "00ffff",
    "backColor": "00ffff",
    "pierce": true,
    "speed": 2,
    "splashDamageRadius": 20,
    "splashDamage": 10,
    "homingPower": 5,
    "homingRange": 250,
			"speed": 2,
			"damage": 20,
			"bulletWidth": 10,
			"bulletHeight": 10,},
	"requirements": [
	    { "item": "silicon", "amount": 300 },
		{ "item": "graphite", "amount": 300 },
		{ "item": "thorium", "amount": 400 },
	    { "item": "titanium", "amount": 400 }
	],
	"category": "turret",
	"research": "小型激光炮塔"
}
