{
	"type": "DoubleTurret",
	"name": "小型防空炮塔",
	"description": "超频攻击的小型防空机枪，廉价的造价，较远的射程，子弹速度极快",
	"health": 500,
	"size": 1,
	"reload":1,
	"shoot": 2
	"range": 600,
	"shotWidth": 2,
	"targetGround":false,
	"targetAir":true,
	"hasliquid":false
	"ammoUseEffect": "fireballsmoke",
	"Bullet": "MissileBulletType",
	"shootSound":"shoot02",
	"inaccuracy": 3.6,
	"rotatespeed": 100,
	"maxAmmo": 100,
	"ammo": {
				"lead": {
			"speed": 60,
			"damage": 20,
			"bulletWidth": 3,
			"bulletHeight": 10,
			"trailEffect": "lancerLaserShootSmoke",
			"ammoMultiplier": 1,
			"lifetime":500,
			"backColor":"a925ff",
			"frontColor":"0979f4",
			"heatColor":"1684f4",
			"trailColor":"3C34eC",
    	}
	},
	"requirements": [
		{ "item": "copper", "amount": 500 },
		{ "item": "lead", "amount": 500 },
		{ "item": "silicon", "amount": 500 }
	],
	"category": "turret",
	"research": "duo",
	
}