{
    "type": "ThermalGenerator",
    "name": "强化地热",
    "description": "更强劲的地热",
    "size": 2,
    "health": 500.0,
    "itemCapacity": 5,
	"liquidCapacity": 100,
    "hasLiquids": true,
    "hasItems": true,
    "liquidBoostIntensity":100.0,
    "powerProduction": 15,
    "consumes": {
           "liquid":{
			"liquid":"water",
			"amount":2,
			"booster":true
	 }
	},
    "requirements": [
		{"item": "铝", "amount": 800},
		{"item": "silicon", "amount": 1000},
		{"item": "钢", "amount": 600},
		{"item": "锡", "amount": 1000},
		{"item": "碳化钨", "amount": 800},
		{"item": "钛合金", "amount": 800}
	],
	"category": "power",
	"research": "thermal-generator"
}