{
	"type": "GenericCrafter",
	"name": "水电解器",
	"description": "将水电解产生氢气，氧气呢？被我吸了！",
	"health":70
	"updateEffect": "smeltsmoke",
	"outputLiquid": {
		"liquid": "液态氢", "amount": 40
	},
	"itemCapacity": 20,
	"size": 2,
	"hasPower": true,
	"hasliquid": true,
	"hasItems": true,
	"craftTime": 10,
	"updateEffect": "mineHuge",
	"consumes": {
		"power": 5.0,
		"liquid": {
			"liquid": "water", "amount": 1.0
		}
	},
	"requirements": [
		{ "item": "铁", "amount": 400 },
		{ "item": "铝", "amount": 600 },
		{ "item": "silicon", "amount": 400 }
		{ "item": "压缩碳", "amount": 500 }
	],
	"category": "crafting",
	"idleSound": "respawning",
	"idleSoundVolume": 0.5
	"research": "煤炭压缩机"
}