{
    "type": "GenericCrafter",
	"name": "燃料精炼机",
	"description": "精炼航空燃料.",
	"health":80
	"flameColor":"8898ef",
	"outputItem": {
		"item": "航空燃料", "amount": 1 },
	"itemCapacity": 20,
	"size": 2,
	"hasPower": true,
	"hasliquid": true,
	"hasItems": true,
	"craftTime": 60,
	"consumes": {
		"power": 0.8,
		"liquid": {
			"liquid": "oil", 
			"amount": 0.2,
		},
		"items": {
			"items":  [
		{ "item": "容器", "amount": 1 }
		],
		},
	},
	"requirements": [
		{"item":"钛合金","amount":4000},
		{"item":"碳化钨","amount":3000},
		{"item":"钢","amount":2500},
		{"item":"铪","amount":1700},
		{"item":"钨","amount":1500},
		{"item":"钴","amount":1200}
	],
	"category": "crafting",
	"idleSound": "respawning",
	"idleSoundVolume": 0.1,
	"research": "钛合金工厂"
}