{
	"type":"GenericSmelter",
	"name":"能量固化装置",
	"description":"将能量固化，以便于储存以及使用",
	"size":2,
	"updateEffect": "smeltsmoke",
	"outputItem":
		{"item":"固态能量","amount":1},
	"consumes":{
		"power":10.0,
		"items":{
			"items":[
				{"item":"容器","amount":1},
				]
			}
		},
	"requirements":[
		{"item": "钛合金", "amount":150},
		{"item": "压缩碳", "amount":100}
		{"item": "钢", "amount":100}
		],
	"craftTime":100,
	"health":400,
	"itemCapacity":20,
	"research":"rtg-generator",
	"category":"crafting"
}