{
	"type":"ForceProjector"
	"name":"超级力墙投影仪"
	"description":"最强的力墙投影仪，用金刚石薄膜来降温"
	"health": 300,
	"size": 3,
	"radius": 300,
	"breakage": 100000,
	"cooldown": 120,
	"cooldownNormal": 15,
	"cooldownBrokenBase": 10
	"consumes":{
		"power":30.0
		"items":{
			"items":[
				{"item":"phase-fabric","amount":1}
			]
			"booster":true
		}
	}
	"requirements":[
		{ "item":"银合金","amount":200}
		{ "item":"金刚石","amount":100}
		{ "item":"titanium","amount":400}
		{ "item":"silicon","amount":400}
		{ "item":"surge-alloy","amount":300}
	]
	"category":"effect"
	"research":"中型力墙投影仪"
}