{
    "type": "SingleTypeGenerator",
    "name": "钍能量释放装置",
    "description": "使钍完全以能量释放，利用其能量发电的高端发电机",
    "size": 1,
    "health": 500,
    "itemCapacity": 50,
    "hasLiquids": false,
    "hasItems": true,
    "powerProduction": 25
        "consumes": {
		"items": {
			"items": [
				{ "item": "thorium", "amount": 1 }
			],
			"optional": true
		}
	},
    "requirements": [
		{"item": "碳化钨", "amount": 300}
	],
	"category": "effect",
	"research": "钛能量释放装置"
}