{
	"type":"GenericSmelter",
	"name":"铀矿离心机",
	"description":"利用离心力来提取核燃料",
	"size":2,
	"updateEffect": "smeltsmoke",
	"outputItem":
		{"item":"核燃料","amount":1},
	"consumes":{
		"power":10.0,
		"items":{
			"items":[
				{"item":"铀","amount":2}
				]
			}
		},
	"requirements":[
		{"item":"钛合金","amount":200},
		{"item":"碳化钨","amount":600},
		{"item":"铁","amount":400},
		{"item":"铝","amount":400}
		],
	"craftTime":150,
	"health":600,
	"itemCapacity":100,
	"research":"钛合金工厂",
	"category":"crafting"
}