{
	"type":"GenericSmelter",
	"name":"银合金工厂",
	"description": "用稀有金属和银熔炼银合金",
	"size":2,
	"updateEffect": "smeltsmoke",
	"outputItem":
		{"item":"银合金","amount":1},
	"consumes":{
		"power":5.0,
		"items":{
			"items":[
				{"item":"银","amount":1},
				{"item":"稀有金属","amount":1}
				]
			}
		},
	"requirements":[
		{"item":"铁","amount":300},
		{"item":"铝","amount":300},
		{"item":"压缩碳","amount":400},
		{"item":"黄铜","amount":400}
		{"item":"surge-alloy","amount":400}
		],
	"craftTime":150,
	"health":600,
	"itemCapacity":10,
	"research":"黄铜工厂",
	"category":"crafting"
}