{
    "name":"石墨钻头",
    "type": "Drill",
    "description":"强化一定挖掘强度",
    "details":"原宇宙已有，研究费用降低",
    "size": 2,
    "health": 160,
    "tier": 1,//挖掘等级
    "drillTime": 280,//挖掘间隔
    "liquidBoostIntensity":2,//加速倍率
    "warmupSpeed": 0.02,
	"drillEffect": "mineBig",
    "updateEffect": "mineBig",
    "rotateSpeed": 2,
    "drawMineItem": true,
    "consumes": {
        "liquid": {
            "liquid": "假 水",
            "amount": 0.1,
            "booster": true,
            "optional": true
        }
    },
    "itemCapacity": 40,//物品容量
    "liquidCapacity": 20,//液体容量
    "requirements": [	
   { "item": "假 石墨", "amount":15}
   ],
    "category": "production",
    "research": "超能 初代核心"
        "researchCostMultiplier": 0.2,
            "canOverdrive": false,
}
