{
    "name":"轻质钻机",
    "type": "Drill",
    "description":"强化了挖矿速度在一定程度上牺牲了挖掘等级",
    "size": 3,
    "health": 64000,
    "tier": 2,//挖掘等级
    "drillTime": 230,//挖掘间隔
    "liquidBoostIntensity":2,//加速倍率
    "warmupSpeed": 0.02,
	"drillEffect": "mineBig",
    "updateEffect": "mineBig",
    "rotateSpeed": 2.1,
    "drawMineItem": true,
    "consumes": {
        "liquid": {
            "liquid": "假 水",
            "amount": 0.18,
            "booster": true,
            "optional": true
        }
    },
    "itemCapacity": 80,//物品容量
    "liquidCapacity": 20,//液体容量
    "requirements": [	
   { "item": "圣金锭", "amount":30},
   { "item": "假 石墨", "amount":20}
   { "item": "石英", "amount":18}
   ],
    "category": "production",
    "research": "石墨钻机"
        "researchCostMultiplier": 1,
            "canOverdrive": false,
}
