{
	"type":"ItemTurret",
	"name":"K-3C4NI"
    "description":"核弹发射器，向你的敌人发射一颗清理用的核弹，\n放心，Ta非常环保，甚至不会对你造成伤害\n[yellow]感谢黄豆提供的贴图",
    "details":"要你命三万",
	"size":7,//物品面积
	"health":7560,//建筑血量
	"ammoPerShot":1,
	"range":1600,//攻击范围（此处数字与游戏射程之比8:1）
	"reload":600,//装填时间/帧
	"inaccuracy":40,//误差
	"recoil":1,	//后坐力
	"shots":1,//一次发射多少发灵气
	"rotatespeed":1,//旋转速度
	"maxAmmo":1,//最大弹药
	"targetAir":true//攻击天空
	"shake": 100,//开火后屏幕的摇晃程度
	"ammoPerShot":1,
	"ammoUseEffect": "casing2",
	"targetGround":true,//攻击地面
	"coolantMultiplier":2,
	"heatColor":"#33FFFF",
		"shoot":{
    	"type":"ShootAlternate",
    	"barrels":1,
		//炮口数量
		"spread":1,
		//炮口间距设定

    }
	"shootSound": "explosionbig",
    "consumes": {
        "power": 25,
    },	
	"ammoTypes":{
		"核弹": {
			"speed": 10,
			"damage": 10000,
			"knockback":1000,
			"lifetime":2000,
			"status": "blasted",
			"statusDuration":9000,//效果持续时间
			"width": 8,
			"height": 15,
			"ammoMultiplier": 1,
			"shootEffect": "shockwave" 
			"splashDamageRadius": 800
            "splashDamage": 50	
            "homingPower":100,//子弹跟踪力度
            "homingRange": 8000,	 //子弹跟踪的范围 	
            "lightningDamage":5000,//闪电的伤害
            "lightning":100,//会激发出多少条闪电
             "lightningLength":200,//这条闪电的宽度      
 			"splashDamageRadius": 400
            "splashDamage": 5000	 			          	
             "buildingDamageMultiplier": 1.5,//这玩意对建筑有1.5倍的伤害  
        "fragBullets":50,
		"fragBullet":{
        "speed":100,
        "damage":100,   
        "lifetime":45 
		    "homingPower":100,//子弹跟踪力度
            "homingRange": 8000,	 //子弹跟踪的范围 	
              "buildingDamageMultiplier": 1.5,//这玩意对建筑有1.5倍的伤害  
        } ,    
         "bullet":{
                "shootEffect": {//效果：炮口呲花，跟个仙女棒一样
                "type": "ParticleEffect",
                "particles": 9,
                "sizeFrom": 9,
                "sizeTo": 10,
                "line": true,
                "length": 50,//长度
                "baseLength": 0,
                "lifetime": 30,//子弹存在时间(帧数)
                "colorFrom": "dedede",
                "colorTo": "aaaaaa",
                "cone": 0//圆锥角度
 }//子弹效果
		"smokeEffect":"shootSmallSmoke",
		"keepVelocity":true,//保持速度不变
		"trailWidth":15
		"trailLength":38
		"trailColor":"53565c"
          }                 				
			}
	    },
	"requirements": [
		{ "item": "surge-alloy", "amount":2956},
		{ "item": "复合电路板", "amount":100}
		{ "item": "graphite", "amount":1000}
		{ "item": "silicon", "amount":2000}
		{ "item": "基础电路板", "amount":300}
		{ "item": "钛合金", "amount":200}
		{ "item": "合金钢", "amount":2000}	
		{ "item": "水泥", "amount":150},		
	],
	    "buildCostMultiplier":0.1,
    //建筑速度倍率（越大建的越慢）
	"drawer": {
		"type": "DrawTurret",
        "parts": [

             {"type":"RegionPart",
    "mirror":false,
    "progress": {
        "type": "reload",
        "op": "delay",
        "amount": 0.2	
		},
	
    "x":0,"y":20,//起点位置
    "suffix":"-1",//贴图后缀
    "layer":49.9, //图层高度
    "moveX":0,//位移方向
    "moveY":-35//位移方向，
    "under": true //在炮塔主图层之下
    }
             {"type":"RegionPart",
    "mirror":false,
    "x":0,"y":0,//起点位置
    "suffix":"-2",//贴图后缀
    "layer":49.9, //图层高度
    "moveX":0,//位移方向
    "moveY":30//位移方向，
    "under": true //在炮塔主图层之下
    }            
        ]        
}	
	"category": "turret",
	"research":"土豆加农炮"//神奇的科技树
	"explosionRadius":32, //爆炸半径
	"explosionDamage":250, //爆炸伤害
	"explodeEffect":"shockwave",//爆炸特效	
	
}