{
	"type":"ItemTurret",
	"name":"重型突击炮"
    "description":"制式名称：K-3C2M4\n是一个可爱的高速突击炮，擅长用双联装12管76炮教星际鱼雷做人\n以下内容全文背诵：\n每分钟射速3600发，穿甲、高爆一气呵成，是炮塔中的豪杰\n后勤会沙了我的\n[blue]感谢寒漠owo的贴图",
	"size":4,//物品面积
	"health":2000,//建筑血量
	"ammoPerShot":500,
	"range":270,//攻击范围（此处数字与游戏射程之比8:1）
	"reload":1500,//越大越慢
	"inaccuracy":4,//误差
	"recoil":1,	//后坐力
	"rotatespeed":500,//旋转速度
	"maxAmmo":500,//最大弹药
	"targetAir":true//攻击天空
	"shake": 5,
	"shootSound": "shootBig",
	"ammoUseEffect": "casing2",
	"targetGround":true,//攻击地面
	"coolantMultiplier":1.2,//冷却液的冷却速度
	"heatColor":"#FF0000",
	"minWarmup": 0.5,//前摇时间
	"shootWarmupSpeed": 0.05,//前摇速度（即这个数字乘帧等于前摇时间
	"shoot":{
	    "shots":300,
	    "shotDelay":2,
        "type":"ShootBarrel",
        "barrels":[
           0,10,0,
           -4,10,0,
           4,10,0,
            -8,10,0,
           8,10,0,
           -10,10,0,
           10,10,0,
          ]
	},
    "consumes": {
	     "coolant": {
           "amount": 0.5,
           "optional": true
          }
    },    
	"ammoTypes":{
		"标准弹药箱": {
		    "reloadMultiplier":1,
			"speed": 30,
			"damage": 30,
			"knockback":2,
			"lifetime":20,
			"backColor":"999999",
		    "frontColor":"FFFF00", 
			"width": 10,
			"height": 30,
			"ammoMultiplier":100,
	           "shootEffect": {//效果：炮口呲花，跟个仙女棒一样
                "type": "ParticleEffect",
                "particles": 9,
                "sizeFrom": 9,
                "sizeTo": 10,
                "line": true,
                "length": 50,//长度
                "baseLength": 0,
                "lifetime": 30,//子弹存在时间(帧数)
                "colorFrom": "dedede",
                "colorTo": "aaaaaa",
                "cone": 0//圆锥角度
 }//子弹效果
		"hitEffect":"flakExplosionBig" 		
			},
		"浓缩重油弹": {
		"type": "ArtilleryBulletType",
		"speed": 40,
		"buildingDamageMultiplier":0.01,
		"status":"burning",
	  	"statusDuration":9000,
		"lifetime":20,			
		"backColor":"FFFF30",
		"frontColor":"FFB90F", 
			"width": 10,
			"height": 30,
			"ammoMultiplier":50,
           "shootEffect": {
                "type": "ParticleEffect",
                "particles": 9,
                "sizeFrom": 9,
                "sizeTo": 10,
                "line": true,
                "length": 50,//长度
                "baseLength": 0,
                "lifetime": 30,//子弹存在时间(帧数)
                "colorFrom": "dedede",
                "colorTo": "aaaaaa",
                "cone": 0//圆锥角度
 }//子弹效果 
		"hitEffect":"flakExplosionBig" 		
        "splashDamageRadius": 16
        "splashDamage": 5	
			},			
	    
			 "silicon":{
	        "speed": 30,
			"damage": 15,
			"lifetime":100,
			"width": 6,
			"height": 11,
           "shootEffect": {
                "type": "ParticleEffect",
                "particles": 9,
                "sizeFrom": 9,
                "sizeTo": 10,
                "line": true,
                "length": 50,//长度
                "baseLength": 0,
                "lifetime": 30,//子弹存在时间(帧数)
                "colorFrom": "dedede",
                "colorTo": "aaaaaa",
                "cone": 0//圆锥角度
 }//子弹效果
		   "hitEffect":"flakExplosionBig"	
			"homingRange": 800,
            "homingPower": 0.1,
            "relodMultiplier":0.8,
			"ammoMultiplier":20
		    "reloadMultiplier":0.8,			
	    },			
	    },
	"requirements": [
		{ "item": "合金钢", "amount":150},
		{ "item": "基础电路板", "amount":50}
		{ "item": "钢铁", "amount":100}
		{ "item": "钛合金", "amount":120}
		{ "item": "水泥", "amount":150},	
		{ "item": "隔热材料", "amount":100},
				
	],
	    "buildCostMultiplier":0.1,
    //建筑速度倍率（越大建的越慢）
	"category": "turret",
	"research":"近卫机枪"
	
	
}