{
	"type":"ItemTurret",
	"name":"K-5B/40"
    "description":"40厘5联装重炮，土联科第5材料工程局荣誉出品\n[blue]输弹机？什么输弹机，你看看这是什么火力，我精度都不要了，要这个？\n[red]远距离射击精度堪忧\n[yellow]炮弹类型为火炮，但是硅子弹是导弹",
	"size":5,//物品面积
	"health":10000,//建筑血量
	"ammoPerShot":5,
	"range":800,//攻击范围（此处数字与游戏射程之比8:1）
	"reload":1000,//越大越慢
	"shootSound": "shootBig",
	"inaccuracy":8,//误差
	"recoil":5,	//后坐力
	"rotatespeed":500,//旋转速度
	"maxAmmo":60,//最大弹药
	"targetAir":false//攻击天空
	"shake": 100,
	"ammoUseEffect": "casing2",
	"targetGround":true,//攻击地面
	"coolantMultiplier":2,
	"heatColor":"#FF0000",
		"shoot":{
    	"type":"ShootAlternate",
    	"barrels":5,//炮口数量
		    "shots":5,  //连射数量  		
		"shotDelay":5,//射击延迟
		"spread":4,
		//炮口间距设定
    }
	 "shootY":15,
    "consumes": {
	     "coolant": {
           "amount": 1,
           "optional": true
          }
    },    
	"ammoTypes":{
		"钢铁": {
      "type": "ArtilleryBulletType",		
		    "reloadMultiplier":1,
			"speed": 20,
			"knockback":20,
			"lifetime":200,
			"backColor":"FFFFFF",
		    "frontColor":"758A99", 
			"width": 15,
			"height": 60,
			"ammoMultiplier":1,
		           "shootEffect": {//效果：炮口呲花，跟个仙女棒一样
                "type": "ParticleEffect",
                "particles": 10,
                "sizeFrom": 9,
                "sizeTo": 10,
                "line": true,
                "length": 50,//长度
                "baseLength": 0,
                "lifetime": 30,//子弹存在时间(帧数)
                "colorFrom": "dedede",
                "colorTo": "aaaaaa",
                "cone": 0//圆锥角度
 }//子弹效果
			 "hitEffect":"flakExplosionBig"
		"splashDamageRadius": 500
              "splashDamage": 800		    
			    		},
		"标准弹药箱": {
      "type": "ArtilleryBulletType",		
		    "reloadMultiplier":1.2,
			"speed": 22,
			"knockback":20,
			"lifetime":200,
			"backColor":"FFFFFF",
		    "frontColor":"758A99", 
			"width": 10,
			"height": 40,
			"ammoMultiplier":10,
	           "shootEffect": {
                "type": "ParticleEffect",
                "particles": 10,
                "sizeFrom": 9,
                "sizeTo": 10,
                "line": true,
                "length": 50,//长度
                "baseLength": 0,
                "lifetime": 30,//子弹存在时间(帧数)
                "colorFrom": "dedede",
                "colorTo": "aaaaaa",
                "cone": 0//圆锥角度
 }//子弹效果
			    "hitEffect":"flakExplosionBig"
		"splashDamageRadius": 500
              "splashDamage": 800		    
			    		},			    		
        "PTRLB": {
          "type": "ArtilleryBulletType",	    
		    "reloadMultiplier":1,
			"speed": 20,
			"knockback":2,
			"lifetime":200,
			"status": "blasted",
			"backColor":"FF0000",
		    "frontColor":"FF0000", 
			"width": 10,
			"height": 40,
			"ammoMultiplier":6,
	           "shootEffect": {
                "type": "ParticleEffect",
                "particles": 10,
                "sizeFrom": 9,
                "sizeTo": 10,
                "line": true,
                "length": 50,//长度
                "baseLength": 0,
                "lifetime": 30,//子弹存在时间(帧数)
                "colorFrom": "dedede",
                "colorTo": "aaaaaa",
                "cone": 0//圆锥角度
 }//子弹效果
			"splashDamageRadius": 800
            "splashDamage": 800	 
                "hitEffect":"flakExplosionBig"	
			"fragBullets":10,
         "fragBullet": {
            "type": "PointBulletType",
			"frontColor":"FFB90F", 
            "trailEffect": "none",
            "hitEffect": "flakExplosion",
            "despawnEffect": "flakExplosion",
            "splashDamageRadius": 30,
            "splashDamage": 30,
			"homingPower":0.1,
			"homingRange":10,	
            "status": "blasted",
            "statusDuration": 30,
            "speed": 1,
            "lifetime": 10
        }					
			 		},
		"浓缩重油弹": {
		 "type": "ArtilleryBulletType",
		"speed": 20,
		"buildingDamageMultiplier":0.5,
		"status":"burning",
	  	"statusDuration":9000,
		"lifetime":200,			
		"backColor":"FFFF30",
		"frontColor":"FFB90F", 
			"width": 10,
			"height": 30,
			"ammoMultiplier":3,
	           "shootEffect": {//效果：炮口呲花，跟个仙女棒一样
                "type": "ParticleEffect",
                "particles": 10,
                "sizeFrom": 9,
                "sizeTo": 10,
                "line": true,
                "length": 50,//长度
                "baseLength": 0,
                "lifetime": 30,//子弹存在时间(帧数)
                "colorFrom": "dedede",
                "colorTo": "aaaaaa",
                "cone": 0//圆锥角度
 }//子弹效果
			"splashDamageRadius": 500
            "splashDamage": 400	
			"hitEffect":"flakExplosionBig" 
			"fragBullets":10,
         "fragBullet": {
            "type": "PointBulletType",
			"frontColor":"FFB90F", 
            "trailEffect": "none",
            "hitEffect": "flakExplosion",
            "despawnEffect": "flakExplosion",
            "splashDamageRadius": 16,
            "splashDamage": 10,
			"homingPower":0.1,
			"homingRange":10,				
            "status": "blasted",
            "statusDuration": 30,
            "speed": 1,
            "lifetime": 10
        }	
			},	
	"silicon":{
		"type":"MissileBulletType",
	    "splashDamageRadius":200,
	    "splashDamage":150,
	    "speed":10,
	    "damage":300,
    "sprite":"土豆科技-导弹",
	    "backColor":"FF7F24",
	    "frontColor":"E3E3E3", 
	    "trailColor":"FF7F24",
	    "lifetime":200,
		"relodMultiplier":0.5,
	    "homingPower":0.1,
	  	"homingRange":800,	   
		"width": 4,
		"height": 16,
        "ammoMultiplier": 1,
		           "shootEffect": {
                "type": "ParticleEffect",
                "particles": 10,
                "sizeFrom": 9,
                "sizeTo": 10,
                "line": true,
                "length": 50,//长度
                "baseLength": 0,
                "lifetime": 30,//子弹存在时间(帧数)
                "colorFrom": "dedede",
                "colorTo": "aaaaaa",
                "cone": 0//圆锥角度
 }//子弹效果
	    "hitEffect":"flakExplosion"
	}			
	    },
	"requirements": [
		{ "item": "合金钢", "amount":200},
		{ "item": "silicon", "amount":200}
		{ "item": "SMX", "amount":200}
		{ "item": "钛合金", "amount":200}
		{ "item": "结构框架", "amount":200},	
		{ "item": "隔热材料", "amount":100},
		{ "item": "复合电路板", "amount":100},
		{ "item": "基础电路板", "amount":200},
	],
"researchCostMultiplier":0.5//研究耗材的倍数	
	    "buildCostMultiplier":0.1,
    //建筑速度倍率（越大建的越慢）
	"category": "turret",
	"research":"K-3C3B3"
	
	
}