{
	"type":"ItemTurret",
	"name":"冲云"
    "description":"在中距离发射高速子弹",
	"size":1,//物品面积
	"health":1600,//建筑血量
	"range":320,//攻击范围（此处数字与游戏射程之比8:1）
	"reload":30,
	"inaccuracy":0,//误差
	"rotatespeed":6000,//旋转速度
	"maxAmmo":600,//最大弹药
	"targetAir":true//攻击天空
	"shake": 2,
	         "ammoPerShot":1,
	          "ammoUseEffect": "casing2",
	"targetGround":true,//攻击地面
	"coolantMultiplier":2,
	"heatColor":"0033CC",
	"ammoTypes":{
		"钢铁": {
		    "reloadMultiplier":1,
			"speed": 20,
			"damage": 60,
			"knockback":2,
			"lifetime":15,
			"backColor":"FFFFFF",
		    "frontColor":"CCCCCC", 
			"width": 10,
			"height": 30,
			"ammoMultiplier":30,
			"shootEffect": "shootBig" 		
			},
		"标准弹药箱": {
		    "reloadMultiplier":1.2,
			"speed": 20,
			"damage": 60,
			"knockback":2.5,
			"lifetime":15,
			"width": 20,
			"height": 60,
			"ammoMultiplier":100,
			"shootEffect": "shootBig" 		},			
		"pyratite": {
		"speed": 20,
		"damage": 35,
		"status":"burning",
	  	"statusDuration":600,
		"lifetime":15,			
		"backColor":"FF8C00",
		"frontColor":"FFB90F", 
			"width": 10,
			"height": 30,
			"ammoMultiplier":6,
			"shootEffect": "shootBig" 
			},      
			 "silicon":{
	        "speed": 29,
			"damage": 35,
			"reloadMultiplier":1.4,
			"lifetime":100,
			"width": 10,
			"height": 11,
			"shootEffect": "shootBig",
			"homingRange": 800,
            "homingPower": 0.08,
            "relodMultiplier":0.5,
			"ammoMultiplier":6
	    },
	       "graphite":{
	        "speed": 15,
			"damage": 40,
			"reloadMultiplier":1.3,
			"status":"freezing",
	     	"statusDuration":70,
			"lifetime":15,
			"width": 7,
			"height": 10,
		    "relodMultiplier":0.5,
			"ammoMultiplier":6,
			"shootEffect": "shootBig"
			},
	},
	"requirements": [
		{ "item": "copper", "amount":55 },
		{ "item": "lead", "amount":50},
		{ "item": "silicon", "amount":25}
		{ "item": "graphite", "amount":20}
				
	],
	    "buildCostMultiplier":0.5,
    //建筑速度倍率（越大建的越慢）
	"category": "turret",
	"research":"88炮"
	
	
}