{
	"type":"ItemTurret",
	"name":"K380"
    "description":"大口径炮，恐怕我们只能认为ta发射的是一个煤气罐。与土豆加农炮相比，ta更粗。",
	"size":3,//物品面积
	"health":1900,//建筑血量
	"ammoPerShot":1,
	"range":480,//攻击范围（此处数字与游戏射程之比8:1）
	"reload":300,
	"inaccuracy":5,//误差
	"recoil":5,	//后坐力
	"shots":1,//一次发射多少发灵气
	"rotatespeed":50,//旋转速度
	"maxAmmo":6,//最大弹药
	"targetAir":false//攻击天空
	"shake": 80,
	"ammoPerShot":1,
	"ammoUseEffect": "casing2",
	"targetGround":true,//攻击地面
	"coolantMultiplier":2,
	"heatColor":"#FF0000",
		"shoot":{
    	"type":"ShootAlternate",
    	"barrels":1,
		//炮口数量
		"spread":1,
		//炮口间距设定
    }
    "consumes": {
	     "coolant": {
           "amount": 0.3,
           "optional": true
          }
    },    
	"ammoTypes":{
		"高能气体桶": {
      "type": "ArtilleryBulletType",		
			"speed": 40,
			"damage": 600,
			"knockback":10,
			"lifetime":14,
			"status": "blasted",
			"backColor":"FFFFFF",
		    "frontColor":"758A99", 
			"width": 10,
			"height": 20,
			"ammoMultiplier": 6,
			"shootEffect": "shootBig" 
			"splashDamageRadius": 80
            "splashDamage": 600	 					
			},
        "PTRLB": {
          "type": "ArtilleryBulletType",    
			"speed": 40,
			"damage": 300,
			"knockback":10,
			"lifetime":14,
			"status": "blasted",
			"backColor":"FF0000",
		    "frontColor":"FF0000", 
			"width": 10,
			"height": 20,
			"ammoMultiplier":4,
			"shootEffect": "shootBig"
			"splashDamageRadius": 64
            "splashDamage": 300	 		
			 		},
		"pyratite": {
		      "type": "ArtilleryBulletType",	
		"speed": 40,
		"damage": 200,
		"status":"burning",
	  	"statusDuration":800,
		"lifetime":14,			
		"backColor":"FF8C00",
		"frontColor":"FFB900", 
			"width": 10,
			"height": 20,
			"ammoMultiplier":2,
			"shootEffect": "shootBig" 
			"splashDamageRadius": 64
            "splashDamage": 200	 					
			},
		"浓缩重油弹": {
		      "type": "ArtilleryBulletType",
		"speed": 40,
		"damage": 100,
		"buildingDamageMultiplier":0.5,
		"status":"burning",
	  	"statusDuration":9000,
		"lifetime":20,			
		"backColor":"FFFF30",
		"frontColor":"FFB90F", 
			"width": 10,
			"height": 30,
			"ammoMultiplier":2,
			"shootEffect": "shootBig" 
"splashDamageRadius": 100
                    "splashDamage": 100	
			},			
	    },
	"drawer": {
		"type": "DrawTurret",
        "parts": [
             {"type":"RegionPart",
    "mirror":false,
    "x":0,"y":0,//起点位置
    "suffix":"-1",//贴图后缀
    "layer":49.9, //图层高度
    "moveX":0,//位移方向
    "moveY":15//位移方向，
    "under": true //在炮塔主图层之下
    }
      ]  
      }    	    
	"requirements": [
		{ "item": "lead", "amount":200},
		{ "item": "silicon", "amount":100}
		{ "item": "graphite", "amount":200}
		{ "item": "钛合金", "amount":100}
		{ "item": "合金钢", "amount":100}	
		{ "item": "水泥", "amount":200},	
	],
	    "buildCostMultiplier":0.5,
    //建筑速度倍率（越大建的越慢）
	"category": "turret",
	"research":"土豆加农炮"
	
	
}