{
	"type": "ItemTurret",
	"name": "重型导弹发射器",
	"description": "RM-21，一型重型导弹发射器，由于结构缺陷，大规模连射无法进行，\n但其仍然是前线重要的固定重型防御塔",
	"details":"什么玩意，怎么搞出这种东西出来————H·D·耶莱比尔将军",
	"health": 2400,
	"size": 4,
	"reload":900,//越大越慢
	"range": 480,
	"maxAmmo":34,
	"shake":10,
	"ammoUseEffect": "none",
//	"shootSound":"火箭发射",
//	"inaccuracy": 15,
	"rotateSpeed": 10,
	"targetGround":true,//攻击地面
	"targetAir":true//攻击天空	
	"shoot":{
    	"type":"ShootAlternate",
		    "shots":8,  //连射数量  		
		"shotDelay":8,//射击延迟		
    	"barrels":2,	//炮口数量
		"spread":35,	//炮口间距设定
    }	
		// "shootY":15,
	"consumes": {
	     "coolant": {
           "amount": 0.3,
           "optional": true
          }
	    },	  
	"coolantMultiplier":1,
    

	"ammoTypes": {
	"graphite":{
		"type":"MissileBulletType",
	    "splashDamageRadius":24,
	    "splashDamage":35,
	    "speed":10,
	    "damage":80, 
                    "drag":-0.003,//滑行（负数越来越快）	
                    "keepVelocity":false,//是不是一直这个速度                  
//		"sprite":"土豆科技-导弹",
            "sprite":"missile-large"//大导弹贴图
	    "backColor":"B0C4DE",
	    "trailEffect": "despawn",
	    "frontColor":"E3E3E3", 
	    "trailColor":"B0C4DE",
            "trailLength":10
            "trailWidth":5	    
	    "lifetime":50,
	    "homingPower":0.01,
	  	"homingRange":40,	   
		"width": 10,
		"height": 20,
        "ammoMultiplier": 1,
    "smokeEffect":"shootSmallFlame",                
	    "hitEffect":"flakExplosion"
	},
	"PTRLB":{
		"type":"MissileBulletType",
	    "splashDamageRadius":80,
	    "splashDamage":80,
	    "speed":10,
	    "damage":500,
                    "drag":-0.003,//滑行（负数越来越快）
                    "keepVelocity":false,//是不是一直这个速度                    	    
	    "makeFire":true,	//击中起火
//    "sprite":"土豆科技-高爆导弹",
            "sprite":"missile-large"//大导弹贴图
    "backColor":"FFB90F",
	    "trailEffect": "despawn",
	    "frontColor":"E3E3E3", 
	    "trailColor":"B0C4DE",
            "trailLength":10
            "trailWidth":5	    
	    "lifetime":50,
	    "status":"burning",
	    "statusDuration":180,
	    "homingPower":0.03,
	  	"homingRange":60,	   
		"width": 10,
		"height": 20,
        "ammoMultiplier": 1,
    "smokeEffect":"shootSmallFlame",                
	    	            "hitEffect":{"type": "MultiEffect",
	        "effects": [
            {"type": "WaveEffect",//波形
            "lifetime": 12,//存在时间
            "sizeFrom": 1,//初始大小
            "sizeTo": 30,//最终大小
            "strokeFrom":7,//波的边缘粗细，原
            "strokeTo": 0,//最终波的边缘粗细
            "colorFrom": "FF0000",//初始颜色
            "colorTo": "FFFFFFFF"}//最终颜色
            {"type": "WaveEffect",
            "lifetime": 18,
            "sizeFrom": 1,
            "sizeTo": 45,
            "strokeFrom":7,
            "strokeTo": 0,
            "colorFrom": "FF0000",
            "colorTo": "FFFFFFFF"}
            ]}        	    
	},
	"基础电路板":{
		"type":"MissileBulletType",
	    "splashDamageRadius":50,
	    "splashDamage":50,
	    "speed":10,
	    "damage":100,
		"status":"blasted",
	   	"statusDuration":600,
                    "drag":-0.003,//滑行（负数越来越快）
                    "keepVelocity":false,//是不是一直这个速度                    	   	
//		"sprite":"土豆科技-追踪导弹",
            "sprite":"missile-large"//大导弹贴图
	    "backColor":"FF7F24",
	    "trailEffect": "despawn",
	    "frontColor":"E3E3E3", 
	    "trailColor":"B0C4DE",
            "trailLength":10
            "trailWidth":5	    
	    "lifetime":80,
	    "homingPower":0.5,
	  	"homingRange":180,	   
		"width": 10,
		"height": 20,
        "ammoMultiplier": 1,
    "smokeEffect":"shootSmallFlame",                
	    "hitEffect":"flakExplosion"
	}
	},
	"requirements": [
	{ "item": "钢铁", "amount": 500 },	
	{ "item": "结构框架", "amount": 200 },	
	{ "item": "silicon", "amount": 200 },	
	{ "item": "复合电路板", "amount": 50 },		
	{ "item": "graphite", "amount": 500 }
	],
"researchCostMultiplier":0.5//研究耗材的倍数	
	    "buildCostMultiplier":0.1,
    //建筑速度倍率（越大建的越慢）
	"category": "turret",
	"research": "近卫机枪"
}
