{
    "type": "LaserTurret",
    "name": "流明",
    "description": "谁言激光蓄力发=-=",
    "details":"Biu biu biu",
    "health": 1000,
    //血量
    "reload":30,
    //攻击间隔（60:1秒）
    "size": 2,
    //尺寸
    "shootSound":"none",
    //音效
    "shootCone": 200,
    //锥形（数值越大激光越尖）
    "recoil": 0,
    //基础后坐力？
    "rotateSpeed":20,    
    //炮台转动速度
    "shootDuration":400,
    //射击持续时间    
    "heatColor": "880000",
    //射击时过热的颜色(可以用十六进制颜色代替)
    "range": 360,
    //射程(半径)(单位为8/格)
	"heatColor":"0033CC",    
    "shootType": {
     "type": "ContinuousLaserBulletType",
		"hitEffect": "hitMeltdown",
		"length":380
		"lifetime": 55,
		"damage": 60,
        "status":"melting",
        "statusDuration":360,
        //状态持续时间		
		"width": 5,
	    "colors":["0000FF" "6974C4FF" "A4B8FAFF"]  //激光颜色(由外侧到内侧)
		"largeHit":"true"
		"lightColor":"F0FFFF"
           
        //"reloadMultiplier": 0.9,
        //"lightningColor":"FF8888",
        //闪电颜色
        //"lightning": 3,
        //射击命中时生成闪电数量
        //"lightningLength": 30,
        //射击命中时生成闪电的长度
        //"lightningDamage":150,
        //闪电伤害
        "knockback": 2
        },
    "consumes":{
    	"power":3,
    	"liquid":{
    		"liquid":"water","amount":0.2
    	}
    }
    "requirements": [
        "titanium/100",
        "lead/50",
        "silicon/50",
        "钢铁/50",
        "复合电路板/50"
        "高压玻璃/5"
    ],
	    "buildCostMultiplier":0.5,
    //建筑速度倍率（越大建的越慢）    
    "category": "turret",
    "research": "飓风"
}