{
	"type":"ItemTurret",
	"name":"近卫机枪"
    "description":"一个普通的小机枪",
	"size":2,//物品面积
	"health":800,//建筑血量
	"ammoPerShot":1,
	"range":170,//攻击范围（此处数字与游戏射程之比8:1）
	"reload":100,
	"inaccuracy":5,//误差
	"shots":5,//一次发射多少发灵气
	"rotatespeed":6000,//旋转速度
	"maxAmmo":60,//最大弹药
	"targetAir":true//攻击天空
	"shake": 2,
    "ammoUseEffect": "casing2",
	"targetGround":true,//攻击地面
	"coolantMultiplier":2,
	"heatColor":"#FF0000",
	"shoot":{
		    "shots":25,
	    "shotDelay":2,
    	"type":"ShootAlternate",
    	"barrels":3,
		//炮口数量
		"spread":1,
		//炮口间距设定
        }
	"ammoTypes":{

		"copper": {
		    "reloadMultiplier":1.2,
			"speed": 20,
			"damage": 8,
			"knockback":0.5,
			"lifetime":10,
			"width": 2,
			"height": 6,
			"ammoMultiplier":10,	
				},
		"pyratite": {
		"speed": 20,
		"damage": 18,
		"status":"burning",
	  	"statusDuration":600,
		"lifetime":10,			
		"backColor":"FF8C00",
		"frontColor":"FFB90F", 
			"width": 2,
			"height": 6,
			"ammoMultiplier":10,
			},
			 "silicon":{
	        "speed": 10,
			"damage": 20,
			"reloadMultiplier":0.5,
			"lifetime":50,
			"width": 2,
			"height": 6,
			"homingRange": 800,
            "homingPower": 0.9,
			"ammoMultiplier":10
	    },
	       "graphite":{
	        "speed": 20,
			"damage": 15,
			"lifetime":10,
			"width": 7,
			"height": 10,
			"ammoMultiplier":10,
			"shootEffect": "shootBig"
			},    
		"钢铁": {
		    "reloadMultiplier":1.3,
			"speed": 20,
			"damage": 25,
			"knockback":1,
			"lifetime":10,
			"backColor":"33cc33",
		    "frontColor":"66cc00", 
			"width": 2,
			"height": 6,
			"ammoMultiplier":18,
			"shootEffect": "shootBig" 		},
	},
	"requirements": [
		{ "item": "copper", "amount":100 },
		{ "item": "lead", "amount":50},	
		{ "item": "graphite", "amount":20},			
	],
	    "buildCostMultiplier":0.5,
    //建筑速度倍率（越大建的越慢）	
	"category": "turret",
	"research":"小机枪"
	
	
}