{
	"type":"ItemTurret",
	"name":"高速打击者"
    "description":"在近距离发射大量子弹，但是消耗子弹极大",
	"size":3,//物品面积
	"health":1250,//建筑血量
	"ammoPerShot":1,
	"range":240,//攻击范围（此处数字与游戏射程之比8:1）
	"reload":10,
	"inaccuracy":5,//误差
	"shots":10,//一次发射多少发灵气
	"rotatespeed":6000,//旋转速度
	"maxAmmo":600,//最大弹药
	"targetAir":true//攻击天空
	"shake": 2,
	                  "ammoPerShot":1,
	    "ammoUseEffect": "casing2",
	"targetGround":true,//攻击地面
	"coolantMultiplier":2,
	"heatColor":"#FF0000",
	"ammoTypes":{
			"土豆": {
		    "reloadMultiplier":18,
			"speed": 20,
			"damage": 4,
			"knockback":2,
			"lifetime":16,
			"backColor":"33cc33",
		    "frontColor":"66cc00", 
			"width": 20,
			"height": 60,
			"ammoMultiplier":40,
			"shootEffect": "shootBig" 		},
		"钢铁": {
		    "reloadMultiplier":10,
			"speed": 20,
			"damage": 30,
			"knockback":2,
			"lifetime":16,
			"backColor":"33cc33",
		    "frontColor":"66cc00", 
			"width": 20,
			"height": 60,
			"ammoMultiplier":30,
			"shootEffect": "shootBig" 		},
		"copper": {
		    "reloadMultiplier":10,
			"speed": 20,
			"damage": 12,
			"knockback":2.5,
			"lifetime":15,
			"width": 20,
			"height": 60,
			"ammoMultiplier":60,
			"shootEffect": "shootBig" 		},
		"pyratite": {
		"speed": 20,
		"damage": 18,
		"status":"burning",
	  	"statusDuration":1200,
		"lifetime":16,			
		"backColor":"FF8C00",
		"frontColor":"FFB90F", 
			"width": 20,
			"height": 60,
			"ammoMultiplier":60,
			"shootEffect": "shootBig" 
			},
		"lead": {
		"speed": 20,
		"damage": 12,
        "fragBullets":4,
        "fragBullet":{
        "speed":38,
        "damage":7,   
        "lifetime":16 
        } ,
		"lifetime":15,
		"width": 6,
			"height": 9,
			"ammoMultiplier":60,
			"shootEffect": "shootBig" 
			} ,
			 "silicon":{
	        "speed": 20,
			"damage": 8,
			"reloadMultiplier":10,
			"lifetime":30,
			"width": 6,
			"height": 11,
			"shootEffect": "shootBig",
			"homingRange": 80,
            "homingPower": 0.08,
            "relodMultiplier":0.5,
			"ammoMultiplier":60
	    },
	       "graphite":{
	        "speed": 20,
			"damage": 18,
			"reloadMultiplier":10,
			"status":"freezing",
	     	"statusDuration":70,
			"lifetime":16,
			"width": 7,
			"height": 10,
		    "relodMultiplier":0.5,
			"ammoMultiplier":30,
			"shootEffect": "shootBig"
			},
	},
	"requirements": [
		{ "item": "copper", "amount":200 },
		{ "item": "lead", "amount":100},
		{ "item": "silicon", "amount":95}
		{ "item": "graphite", "amount":50}

				
	],
	    "buildCostMultiplier":0.5,
    //建筑速度倍率（越大建的越慢）
	"category": "turret",
	"research":"近卫机枪"
	
	
}