{
"localizedName": "盐碱荒滩(半成品)",
	"description": "盐碱荒滩，位于沙漠的边缘地带，几乎没有什么资源。\n敌人在这里建立了一个资源存储区。\n\n摧毁他们的核心，片甲不留。\n\n\n[blue]不复存在\n\n[blue](by 蓝细菌光合自养,没有炮台的炮台s 改)",
	"details":"[yellow]物流中心，启动！",
    "planet":"serpulo"//母星名字。
    "overrideLaunchDefaults": true,//进度覆盖
    "sector":101//区块坐标
    "difficulty":5
    "captureWave":40
    "research": {
		"parent": "超限工艺-fungalPass",
		"objectives": [
			{
				"type": "SectorComplete",
				"preset": "超限工艺-fungalPass"
			}
			]}
	/*"TeamRule":{
 "team": "blue"
}
"teams":{
 "team": blue
}*/
//"defaultTeam":"blue"
}