{
    "type": "StorageBlock",//仓库的type
    "name": "强化仓库",
    "size": 3,
    "health": 1200,
    "itemCapacity": 2000,//仓库每种物品的最大存放数量
    "research": {
        "parent": "强化连接桥",
        "objectives": [
            {
                "type": "SectorComplete",
                "preset": "深邃峡谷"
            }
        ]
    },
    "category": "effect"
    "researchCostMultiplier":0.75,
    "requirements": [
    	{"item": "纯钛板", "amount": 300 }
    	{"item": "钛合金", "amount": 150 }
    ],
}