{
    "type":"HeatConductor",
    "name":"强化热路由器",
    "description":"加强结构的热路由器",
    "researchCostMultiplier":1.7,
    "category": "distribution",
    "size":4,
    "health":1100,
    "splitHeat":true,
    "rotate":true,
    "regionRotated1":1,
	"drawer":{
	    "type":"DrawMulti",
	    "drawers":[
	        "DrawDefault",
	        "DrawHeatOutput",
	        {
            "type":"DrawHeatInput",
            "suffix":"-heat",
            },
	    ],
	},
	"requirements":[
	    "钛合金/40",
	    "graphite/400",
	],
	"research":"强化热传导器",
}
/*
        heatRouter = new HeatConductor("heat-router"){{
            requirements(Category.crafting, with(Items.tungsten, 15, Items.graphite, 10));

            researchCostMultiplier = 10f;

            group = BlockGroup.heat;
            size = 3;
            drawer = new DrawMulti(new DrawDefault(), new DrawHeatOutput(-1, false), new DrawHeatOutput(), new DrawHeatOutput(1, false), new DrawHeatInput("-heat"));
            regionRotated1 = 1;
            splitHeat = true;
        }};
/*