{
  // 设备名称
  "name": "合金重构厂",
  // 设备类型
  "type": "HeatCrafter",
  // 设备介绍
  "description": "高温高压，易爆炸",
  // 物品容量
  "itemCapacity": 100,
   "maxHeatEfficiency":10
  // 能量容量，0为不需要能源
  "health": 10041,
  // 大小
  "size":5,
  // 是否需要能源
  "hasPower":true,
  // 是否需要液体
  "hasLiquids": true,
   "drawer":{
        "type":"DrawMulti",
        "drawers":[
              {
        "type": "DrawLiquidTile",
        "drawLiquid": "slag"
      },
				"DrawDefault",
			{
				"type": "DrawFlame",
				"flameRadius": 0,
				"flameRadiusIn": 0,
				"flameRadiusMag": 0,
				"flameRadiusInMag": 0,
				"flameColor": "F2E770"
			}
			  {
        "type": "DrawHeatInput",
        "suffix": "-heat"
      }
            ]
    },
  // 是否需要物品
  "hasItems": true,
  // 制造时间，60为1秒
  "craftTime": 150,
  	"craftEffect": {
		"type": "ParticleEffect",
		"particles": 4,
		"baseLength": 2,
		"length": 20,
		"region": "跃迁-菱形",
		"lifetime": 25,
		"sizeFrom": 10,
		"sizeTo": 0,
		"colorFrom": "F2E77080",
		"colorTo": "F2E770"
	},
  // 更新特效
  "updateEffect": "none",
  // 消耗的资源
  "consumes": {
    // 能量消耗
    "power": 44,
    // 物品消耗列表
	"liquids":[
        {"liquid":"slag","amount":1.5},
    	]
	"items": {
      "items": [
        // 消耗的物品和数量
        { "item": "surge-alloy", "amount": 8},
      ]
    }
  },
  // 制造的产出物品和数量
  "outputItem": { "item": "羲和合金", "amount": 2},
  // 制造设备所需的资源列表
"requirements": [
{"item":"铝","amount":640},//消耗钛
{"item":"surge-alloy","amount":400},//消耗合金
{"item":"镍","amount":600},//消耗钍
{"item":"silicon","amount":560},//消耗塑钢
{"item":"graphite","amount":620}
{"item":"钋","amount":700}
{"item":"phase-fabric","amount":500}
],//建造消耗
  // 设备分类
  "category": "crafting",
  // 研究条件
  "research": "graphite-press",
  // 空闲时的音效
  "idleSound": "respawning",
  // 空闲时音效的音量
  "idleSoundVolume": 0.75
      "category": "crafting",
  	"research": {
	"parent": "合金冶炼炉"//科技树前置
	"requirements": [//研究花费
	"silicon/5600",
	"镍/6000",
	"graphite/6200",
	"铝/6400",
	"surge-alloy/4000"
	"钋/7000"
	"phase-fabric/5000"
	]
	"objectives": [
//		"",//研究xx
	]	},
}