{
    "type": "HeatConductor",
    "name": "热量路由器",
    "description": "向三个方向传输热量",
    "size": 1,
    "health": 210,
    "splitHeat":true
                        "rotateDraw":false
                                    "regionRotated1":1
                                    "researchCostMultiplier":10
                                    "drawer": {
		"type": "DrawMulti",
		"drawers": [
			"DrawDefault",
			"DrawHeatOutput"
			{
                "type": "DrawDefault",
                "type":"DrawHeatOutput"
            },
		]
	},
    "requirements": [
            {"item":"silicon","amount":50},
        { "item": "铝", "amount": 40 }
    ],
      "category": "crafting",
                "research": {
	"parent":"热量传输器"
	},
	         "researchCostMultiplier": 1,
}