{
	"name": "电解机",
	"type": "GenericCrafter",
	"category": "crafting",
	"description": "通过电解水来获得氢与氧",
	"consumes": {
	"power": 5,
	"liquid": {
	"liquid": "water","amount": 0.333333333333333
	}
	},
	"liquidOutputDirections": [1, 3],
	"outputLiquids": ["ozone/0.1333333333333", "hydrogen/0.2"],
	"drawer": {"type": "DrawMulti",
	"drawers": [
		{
                "type": "DrawRegion",
                "suffix": "-bottom"
            },
            "DrawDefault",
			{
				"type": "DrawLiquidRegion",
				"drawLiquid": "water"
			},
		{"type": "DrawBubbles",
		"color": "C4BDF3",
		"sides": 10,
		"recurrence": 3,
		"spread": 6,
		"radius": 1.5,
		"amount": 20
		},
		"DrawRegion",
		"DrawLiquidOutputs",
		{"type": "DrawGlowRegion",
		"alpha": 0.7,
		"color": "C4BDF3",
		"glowIntensity": 0.3,
		"glowScale": 6
		}	]	}
"requirements": [
    { "item": "graphite", "amount":240}
    { "item": "silicon", "amount":325},
    { "item": "镍", "amount": 350},
    { "item": "铝", "amount": 315},
  ],
"category": "crafting",
        "research": {
	"parent":"硅冶炼炉"
	"requirements":[
	"graphite/2400",
	"silicon/3250",
	"镍/3500",
	"铝/3150"
	]
	}
	"health": 2456,
	"rotate":true,
	"size":4,
	"hasPower": true,
	"hasLiquids": true,
	"craftTime": 60,
	"liquidCapacity": 50,
	"idleSound": "respawning",
	"idleSoundVolume": 0.5
}