{
	"type": "GenericCrafter",
	"name": "相位对撞机",
	"health": 4300,
	"outputItems": [
		"破位物/4"
	],
	//"powerProduction": 12,
	"description":"将两个相织布施加极大的能量，并让他们相向撞击一块羲和合金，相织布原本的能量释放出来，与后来施加的能量融合在一起，并灌入羲和合金之中，创造出破位物"
	"size": 5,
	"hasPower": true,
	"hasLiquids": true,
	"hasItems": true,
	"craftTime": 180,
	"itemCapacity": 50,
	"liquidCapacity": 100,
	"drawer": {
		"type": "DrawMulti",
		"drawers": [
			{
				"type": "DrawRegion",
				"suffix": "-bottom"
			},
			{
				"type": "DrawLiquidTile",
				"drawLiquid": "cryofluid"
			},
					"DrawDefault"
		]
	},
	"craftEffect": {
		"type": "MultiEffect",
		  "effects":
        [
                        {
              "type": "ParticleEffect",
              "lifetime": 120,
              "region":"跃迁-start"
              "particles": 12,
              "sizeFrom": 24,
              "sizeTo":0,
              "colorFrom": "F8C4ADFF",
              "colorTo": "F8C4ADFF",
              "baseLength": 16,
              "length": 80
              "useRotation": true
              "spin":0
	"cone" : 360,
	"sizeInterp": "pow5Out",
            }
            {
                "type":"WaveEffect",
                "lifetime":80,
                "sizeFrom":4,
                "sizeTo":120,
                "strokeFrom":4,
                "strokeTo":0,
                "colorFrom":"F8C4ADFF",
                "colorTo":"F8C4ADFF"
	"interp": "pow5Out",
            },
            {
                "type":"ParticleEffect",
                "line":true,
                "lifetime":50,
                "baseLength":10,
                "length":120,
                "lenFrom":30,
                "lenTo":0,
                "strokeFrom":2,
                "strokeTo":0,
                "colorFrom":"F8C4ADFF",
                "colorTo":"F8C4ADFF"
	"interp": "pow5In",
            }
        ]
        }
	"consumes": {
		"power": 45,
		"liquid": "cryofluid/1",
		"items": [
			"羲和合金/4",
			"phase-fabric/8"
		]
	},
	"requirements": [
		"镍/760",
		"羲和合金/420",
		"铝/780",
		"surge-alloy/500",
		"silicon/650",
		"钋/800",
		"graphite/700",
		"phase-fabric/700"
		
	],
	"category": "crafting",
	"ambientSound": "pulse",
	"ambientSoundVolume": 0.68,
	"research": "合金重构厂"
	"researchCostMultiplier": 0.3,
}