{
	"name":"机械提速液液体工厂",
	"description":"制作机械提速液的工厂",
	"size":5,
	"flameColor":"FFFF00",
	"outputLiquid":
		{"liquid":"机械提速液","amount":10},
	"consumes":{
		"power":2.0,
		"liquid":{"liquid":"yj","amount":0.1},
		"items":{
			"items":[
				{"item":"ice","amount":50},
				{"item":"Ti+","amount":10},
				{"item":"xvx-nqwz","amount":5}
			]
		}
	},
	"requirements":[
		{"item":"Mg-Al","amount":2800},
		{"item":"Fe-C","amount":2400},
		{"item":"Ti+","amount":1200},
		{"item":"C60","amount":450},
		{"item":"人族科技点","amount":1250}
	],
	"research":{
	"parent":"yj-Plant",
    "requirements":[
		{"item":"Mg-Al","amount":28000},
		{"item":"Fe-C","amount":24000},
		{"item":"Ti+","amount":12000},
		{"item":"C60","amount":4500},
		{"item":"普通科技点","amount":1500}
	]},
	"hasItems":true,
	"hasLiquid":true,
	"craftTime":180,
	"health":4200,
	"itemCapacity":1000,
	"liquidCapacity":1000,
	"category":null
}