{//by Cassius
   "type":"ItemTurret",
   "name":"实验",
   "description":"实验",
   "details":"实验",
   "health":20001000
   "armor":20001000,
   "size":1,
   "maxAmmo":5,
   "ammoPerShot":1,
   "range":8
   "reload":1,
   "inaccuracy":0,
   "targetGround":true,
   "targetAir":true,
   "rotateSpeed":8,
   "ammoUseEffect":"casing3",
   "shake":0,
   "recoil":1,
   "recoilTime":1,
   "consumes":{
     "power":0,
     "coolant":{
       "amount":0.1,
       "optional":true,
     }
   },
   "coolantMultiplier":1,
   "shoot":{
     "shots":1,
     "shotDelay":0,
     "type": "ShootAlternate"
	 "barrels":1,
	 "spread":1
   },
   "ammoTypes":{
     "copper":{
       "damage":1,
       "status":"充能",
       "statusDuration":1800
     }
   },
   "requirements":[
     "copper/1"
   ],
   "category":"turret"
}