{
	"type": "GenericCrafter",
	"name": "水晶矩阵锭合成机-硫化物",
	"outputItem": "水晶矩阵锭-硫化物/1",
	"size": 2,
	"hasPower": false,
	"hasItems": false,
	"craftTime": 60,
	"itemCapacity": 50,
	"consumes": {
		"power": 6.4
		"items": [
			"硫化物矩阵/20",
			"浓缩晶体/10",
		]
	},
	"requirements": [
		"graphite/150",
		"silicon/310",
		"thorium/260",
		"titanium/80",
		"surge-alloy/50",
		"copper/200"
	],
	"category": "crafting",
	"research": "矩阵生产机-硫化物"
}