{ 
    "name":"大型铧金装甲板",
    "type":"MendProjector",
    "description":"大型自愈装甲……",
    "reload":60,
    //修复速度
    "range":6,
    //修复范围
    "group":"walls"
    //放块组别：墙
    "healPercent":0.4,
    //修复百分比
    "phaseBoost":0,
    //加速百分比
    "hasPower":false,
    "phaseRangeBoost":0,
    //加速范围百分比
    "health":10000,
    //血量
    "size":2
    //大小
    "canOverdrive":false,
    //能否超频
    "buildCostMultiplier":2,
    //建筑速度倍率
    "requirements":[
        "铧金/20",
        "phase-fabric/16"],
    "category":"defense",
    "research":"铧金装甲板",
}