{
    "type": "ForceProjector",
    "name": "巨型铧金投影装甲",
    "description":"巨型投影装甲……",
    "health": 27000,
    "requirements": [
        "铧金/45",
        "titanium/45",
        "lead/90",
        "silicon/45"
        ],
    "size":3,
    "buildCostMultiplier":2.5,
    "itemCapacity":"90",
    "group":"walls",
	"hasPower": false,
    "phaseRadiusBoost":40,
    "radius":34,
    "shieldHealth":4500,
    "phaseShieldBoost":2250,
    "cooldownNormal":1.1,
    "cooldownLiquid":2,
    "cooldownBrokenBase":0.4,
	"consumes":{
		"items":{
			"items":[
				{"item":"thorium","amount":2}
			],
			"booster":false
		}
	},
	"category": "defense",
	"research": "大型铧金投影装甲"
}


/*

        forceProjector = new ForceProjector("force-projector"){{
            requirements(Category.effect, with(Items.lead, 100, Items.titanium, 75, Items.silicon, 125));
            size = 3;
            phaseRadiusBoost = 80f;
            radius = 101.7f;
            shieldHealth = 750f;
            cooldownNormal = 1.5f;
            cooldownLiquid = 1.2f;
            cooldownBrokenBase = 0.35f;

            consumes.item(Items.phaseFabric).boost();
            consumes.power(4f);
        }};