{
	"name":"躁动孢子墙",
	"description":"躁动孢子们不喜欢被打扰，它们的子体会在主株被攻击的时候反击敌人，在被完全破坏时会瞬间爆发出大量更强的闪电攻击周围一切……",
	"type":"Wall",
	"health":480,
	"size":1,
	"group":"walls",
	"buildCostMultiplier":4.2,
	"lightningChance":0.95,
	//产生闪电概率
	"lightningDamage":2,
	//闪电伤害
	"lightningLength":8,
	//闪电长度
	"destroyBullet":{
	    //死亡子弹
	    "type":"BasicBulletType",
	    "sprite":"clear"
	    //子弹贴图：无
	    "smokeEffect":"none",
	    "trailEffect":"none",
	    "lifetime":0,
	    "speed":0,
	    "trailChance":0,
	    "damage":1,
	    "despawnEffect":"none",
	    "shootEffect":"bigShockwave",
	    "hitEffect":"none",
	    "lightningDamage":20,
	    //闪电伤害
	    "lightningLength":15,
	    //闪电长度
	    "lightning":11,
	    //闪电数量
	    //"lightningColor":"FFFF00",
	    //闪电颜色
	    "buildingDamageMultiplier":0.01,
	}
	"requirements": [
	    "躁动孢子/6",
	    "titanium/4"],
	"category": "defense",
	"research": "孢子墙"//科技树前一项
}

