{
	"speed":1.25,
	"rotateSpeed":1.05,
	"hitSize":11.25,
	"name":"暗骸",
	"health":590,
	"description":"发射数道近程激光和小型导弹攻击敌人",
	"armor":4,
	"range":120,
	"type":"mech",

	"research":{
	"parent":"",
	/*"requirements":[
	"nickel/150",
	"graphite/150",
	"silicon/150"
	]*/	},

	/*"immunities":[
	
	],*/

	"weapons":[
	{
	"alwaysShooting":true,
			"x": 0,
			"shake": 0,
			"reload": 120,
			"mirror": false,
			"display": false,
			"useAmmo": false,
			"shootCone": 360,
			"shootSound": "none",
			"shootStatus": "深渊无敌",
			"shootStatusDuration": 60,
			"bullet": {
				"recoil":0,//后坐力
				"damage": 0,
				"lifetime": 1000,
				"speed": 15,
				"collidesAir": false,
				"instantDisappear": true,
				"shootEffect": "none",
				"smokeEffect": "none",
				"despawnEffect": "none",
				"hitEffect": "none"
			}
		}
	{

	"x": -5.25,
			"y": 0,
  "name": "fjaa暗骸1",
  	"top": false,  
  "reload": 60,
  "shoot": {
    "shots": 2,
    "shotDelay": 12
  },
  "mirror": false,
  "rotate": false,
  "shootSound": "missileSmall",
  "bullet": {
    "instantDisappear": true,
    "damage": 0,
    "spawnUnit": "冥痕json-迷你导弹"
  }
}

	{
			"name": "fjaa暗骸2",
			"x": 5.5,
			"y": 0,
			"shake": 2,
			"top": false,  
			"mirror": false,
			"shoot": {
				"shots": 8
			},
			"inaccuracy": 30,
			"reload": 45,
			"recoil": 2,
			"ejectEffect": "casing2",
			"shootSound": "shotgun",
					"rotationLimit":35,
		"rotateSpeed":1.5,
			"bullet": {
				"type": "shrapnelBulletType",
				"damage": 60,
				"lifetime": 15,
				"speed": 0,
				"length": 60,
				"width": 6,
				"recoil": 0.25,
				"fromColor": "9AA4AEFF",
				"toColor": "737C8BFF",
				"serrations": 1,
				"shootEffect": {
					"type": "ParticleEffect",
					"line": true,
					"particles": 6,
					"lifetime": 20,
					"length": 30,
					"cone": 45,
					"lenFrom": 8,
					"lenTo": 8,
					"strokeFrom": 4,
					"strokeTo": 0,
					"lightColor": "9AA4AEFF",
					"colorFrom": "9AA4AEFF",
					"colorTo": "737C8BFF"
				},
				"smokeEffect": "none"
			}
		}	]
}