{
	"speed":1.15,
	"rotateSpeed":0.85,
	"hitSize":25.5,
	"name":"裂渊",
	"health":4540,
	"description":"发射穿透子弹和数道激光攻击敌人",
	"armor":6,
	"range":240,
	"type":"mech",
	

	"research":{
	"parent":"",

	/*"requirements":[
	"nickel/150",
	"graphite/150",
	"silicon/150"
	]*/	},

	/*"immunities":[
	
	],*/

	"weapons":[
		{
		"alwaysShooting":true,
			"x": 0,
			"shake": 0,
			"reload": 150,
			"mirror": false,
			"display": false,
			"useAmmo": false,
			"shootCone": 360,
			"shootSound": "none",
			"shootStatus": "深渊无敌",
			"shootStatusDuration": 40,
			"bullet": {
				"recoil":0,//后坐力
				"damage": 0,
				"lifetime": 1,
				"speed": 1,
				"collidesAir": false,
				"instantDisappear": true,
				"shootEffect": "none",
				"smokeEffect": "none",
				"despawnEffect": "none",
				"hitEffect": "none"
			}
		}
    {
    "rotationLimit":30,
      "name": "fjac裂渊1",
      "reload": 75,
      "mirror": false,
      "alternate": false,
      "x": -14,
      "y": 0,
      "shake": 1,
      "top": false,
      "layerOffset": -0.001,
      "rotate": true,
      	"rotateSpeed":2.5,
      "shootSound": "railgun",
      "shootY": 3,
      "shootCone": 45,
      "bullet": {
        "type": "EmpBulletType",
        "hitPowerEffect": {
          "type": "ParticleEffect",
          "line": true,
          "particles": 6,
          "lifetime": 22,
          "length": 80,
          "cone": -360,
          "lenFrom": 6,
          "lenTo": 6,
          "colorFrom": "FFFFFFF",
          "colorTo": "9AA4AEFF"
        },
        "shootEffect": {
          "type": "ParticleEffect",
          "line": true,
          "particles": 11,
          "lifetime": 60,
          "offset": 50,
          "length": 80,
          "cone": 8,
          "strokeFrom": 2,
          "strokeTo": 0,
          "lenFrom": 7,
          "lenTo": 0,
          "colorFrom": "737C8BFF",
          "colorTo": "9AA4AEFF"
        },
        "width": 11,
        "height": 16,
        "sprite": "冥痕json-处刑子弹",
        "frontColor": "FFFFFF",
        "backColor": "737C8BFF",
        "lifetime": 13.5,
        "speed": 18,
        "damage": 90,
        "trailRotation": true,
        "shrinkY": 0,
        "shrinkX": 0,
        "radius": 40,
        "unitDamageScl": 1.5,
        "trailInterval": 5,
        "hitColor": "737C8BFF",
        "despawnEffect": {
          "type": "ParticleEffect",
          "line": true,
          "particles": 7,
          "lifetime": 20,
          "offset": 50,
          "length": 55,
          "cone": -360,
          "lenFrom": 6,
          "lenTo": 0,
          "colorFrom": "9AA4AEFF",
          "colorTo": "737C8BFF"
        },
        "hitEffect": {
          "type": "ParticleEffect",
          "line": true,
          "particles": 7,
          "lifetime": 20,
          "offset": 50,
          "length": 75,
          "cone": -40,
          "lenFrom": 6,
          "lenTo": 0,
          "colorFrom": "9AA4AEFF",
          "colorTo": "737C8BFF"
        },
        "pierceCap": 6,
        "pierce": true,
        "pierceBuilding": true,
        "trailEffect": {
          "type": "ParticleEffect",
          "particles": 1,
          "length": 0,
          "lifetime": 30,
          "region": "冥痕json-arrows",
          "lightColor": "9AA4AEFF",
          "colorFrom": "737C8BFF",
          "colorTo": "66B1FF10",
          "sizeFrom": 23,
          "sizeTo": 1
        },
        "trailColor": "737C8BFF",
        "trailParam": 6,
        "trailLength": 16,
        "trailWidth": 3.5
      }
    }
        {      "rotate": true,
      	"rotateSpeed":2.5,
        "rotationLimit":30,
      "name": "fjac裂渊2",
      "x": 14,
      "y": 0,
      "reload": 120,
            "mirror": false,
      "alternate": false,
      "top": false,
      "recoil": 3,
            "shootCone": 45,
      "shoot": {
        "type": "ShootSpread",
        "spread": 4,
        "shots": 3
      },
      "shake": 2,
      "shootY": 18,
      "shootSound": "shotgun",
      "ejectEffect": "casing1",
      "cooldownTime": 120,
      "bullet": {
        "type": "LaserBulletType",
        "length": 240,
        "width": 24,
        "damage": 90,
        "lifetime": 24,
        "lightColor": "9AA4AEFF",
        "sideAngle": 25,
        "sideLength": 1,
        "sideWidth": 1,
        "colors": [
          "9AA4AEFF",
          "737C8BFF",
          "FFFFFF"
        ],
        "hitEffect": {
          "type": "ParticleEffect",
          "line": true,
          "particles": 5,
          "lifetime": 10,
          "offset": 20,
          "length": 35,
          "cone": -360,
          "lenFrom": 5,
          "lenTo": 0,
          "colorFrom": "737C8BFF",
          "colorTo": "9AA4AEFF"
        },
        "shootEffect": {
          "type": "multiEffect",
          "effects": [
            {
              "type": "ParticleEffect",
              "particles": 1,
              "sizeFrom": 40,
              "sizeTo": 0,
              "length": 0,
              "lifetime": 25,
              "layer": 109,
              "region": "冥痕json-tall",
              "colorFrom": "737C8BFF",
              "colorTo": "9AA4AEFF"
            },
            {
              "type": "ParticleEffect",
              "particles": 1,
              "sizeFrom": 5.5,
              "sizeTo": 0,
              "length": 0,
              "lifetime": 25,
              "colorFrom": "FFFFFF",
              "colorTo": "FFFFFF"
            },
            {
              "type": "ParticleEffect",
              "particles": 1,
              "sizeFrom": 13,
              "sizeTo": 0,
              "length": 0,
              "layer": 109,
              "lifetime": 25,
              "colorFrom": "737C8BFF",
              "colorTo": "9AA4AEFF"
            }
          ]
        },
        "incendChance": 0,
      }
    },
	]
}