{
	"speed":1,
	"rotateSpeed":0.65,
	"hitSize":68,
	"name":"冥熔",
	"health":22480,
	"description":"向目标发射火焰和数枚定点爆破弹攻击敌人",
	"armor":26,
	"range":420,
	"type":"mech",

	"research":{
	"parent": "",

},
	"immunities":[
	"unmoving"
	],

	"weapons":[
		{
		"alwaysShooting":true,
			"x": 0,
			"shake": 0,
			"reload": 85,
			"mirror": false,
			"display": false,
			"useAmmo": false,
			"shootCone": 360,
			"shootSound": "none",
			"shootStatus": "深渊无敌",
			"shootStatusDuration": 60,
			"bullet": {
				"recoil":0,//后坐力
				"damage": 0,
				"lifetime": 1000,
				"speed": 15,
				"collidesAir": false,
				"instantDisappear": true,
				"shootEffect": "none",
				"smokeEffect": "none",
				"despawnEffect": "none",
				"hitEffect": "none"
			}
		}
		{
		      "rotationLimit": 40,    
		        "rotateSpeed": 1.2,
      "rotate": true,
			"mirror": false,
			"name": "fjae冥熔1",
			"x": -29.25,
			"y": 0,
			"shoot": {
				"type": "ShootMulti",
				"source": {
					"shots": 2,
					"shotDelay": 10
				},
				"dest": [
					{
						"type": "ShootSpread",
						"shots": 6,
						"spread": 2
					}
				]
			},
			"shake": 8,
			"recoil": 5,
			"shootY": 35,
			"reload": 90,
			"inaccuracy": 10,
			"shootCone": 10,
			"cooldownTime": 150,
			"layerOffset": -0.001,
			"shootSound": "终焉攻击",
			"bullet": {
				"damage": 224,
				"lifetime": 35,
				"speed": 12,
				"height": 12,
				"width": 12,
				"shrinkY": 0,
				"absorbable": false,
				"reflectable": false,
				"splashDamage": 224,
				"splashDamageRadius": 40,
				"shootEffect": {
					"type": "multiEffect",
					"effects": [
						{
							"type": "ParticleEffect",
							"lifetime": 30,
							"particles": 3,
							"sizeFrom": 6,
							"sizeTo": 0,
							"cone": 20,
							"length": 85,
							"colorFrom": "9AA4AEFF",
							"colorTo": "737C8BFF"
						},
						{
							"type": "ParticleEffect",
							"particles": 2,
							"lifetime": 40,
							"line": true,
							"lenFrom": 17,
							"lenTo": 3,
							"cone": 20,
							"length": 105,
							"colorFrom": "9AA4AEFF",
							"colorTo": "737C8BFF"
						},
						{
							"type": "WaveEffect",
							"lifetime": 10,
							"sizeFrom": 0,
							"sizeTo": 40,
							"strokeFrom": 4,
							"strokeTo": 0,
							"colorFrom": "9AA4AEFF",
							"colorTo": "737C8BFF"
						}
					]
				},
				"frontColor": "737C8BFF",
				"backColor": "9AA4AEFF",
				"trailColor": "737C8BFF",
				"trailLength": 8,
				"trailWidth": 2,
				"trailChance": 0.2,
				"trailEffect": {
					"type": "ParticleEffect",
					"particles": 1,
					"lifetime": 25,
					"sizeFrom": 2,
					"sizeTo": 0,
					"cone": 360,
					"length": 13,
					"interp": "pow5Out",
					"sizeInterp": "pow5In",
					"colorFrom": "9AA4AEFF",
					"colorTo": "737C8BFF"
				},
				"hitShake": 4,
				"hitSound": "plasmaboom",
				"hitEffect": {
					"type": "ExplosionEffect",
					"lifetime": 43,
					"waveStroke": 6,
					"waveLife": 22,
					"waveRadBase": 4,
					"waveColor": "737C8BFF",
					"waveRad": 44,
					"smokes": 11,
					"smokeColor": "737C8BFF",
					"sparkColor": "737C8BFF",
					"sparks": 7,
					"sparkRad": 55,
					"sparkLen": 16,
					"sparkStroke": 3
				},
				"despawnEffect": "none",
				"fragBullets": 1,
				"fragBullet": {
					"sprite": "large-bomb",
					"damage": 45,
					"lifetime": 120,
					"speed": 0,
					"height": 14,
					"width": 12,
					"shrinkY": 0,
					"absorbable": false,
					"collidesTiles": false,
					"hitColor": "737C8BFF",
					"frontColor": "737C8BFF",
					"backColor": "9AA4AEFF",
					"splashDamage": 155,
					"splashDamageRadius": 20,
					"hitEffect": {
						"type": "multiEffect",
						"effects": [
							{
								"type": "ParticleEffect",
								"particles": 3,
								"lifetime": 36,
								"sizeFrom": 5,
								"sizeTo": 0,
								"cone": 360,
								"length": 40,
								"interp": "circleOut",
								"colorFrom": "9AA4AEFF",
								"colorTo": "737C8BFF"
							},
							{
								"type": "ParticleEffect",
								"particles": 7,
								"lifetime": 20,
								"line": true,
								"lenFrom": 13,
								"lenTo": 3,
								"cone": 360,
								"length": 75,
								"colorFrom": "9AA4AEFF",
								"colorTo": "737C8BFF"
							},
							{
								"type": "WaveEffect",
								"lifetime": 30,
								"sizeFrom": 0,
								"sizeTo": 40,
								"strokeFrom": 4,
								"strokeTo": 0,
								"colorFrom": "9AA4AEFF",
								"colorTo": "737C8BFF"
							},
							"hitSquaresColor"
						]
					},
					"despawnEffect": "none"
				}
			},
		}
    {
      "name": "fjae冥熔2",
      "x": 26,
      "y": 0,
      "reload": 4,
      "rotationLimit": 40,
      	"mirror": false,
      "alternate": false,
      "top": false,
      "recoil": 0,
      "xRand": 3,
      "rotateSpeed": 0.6,
      "rotate": true,
      "layerOffset": -0.001,
      "shake": 2,
      "shoot": {
        "shots": 5
      },
      "inaccuracy": 4,
      "shootY": 40,
      "shootSound": "flame",
      "cooldownTime": 70,
      "bullet": {
        "type": "BasicBulletType",
        "collidesAir": true,
        "speed": 12,
        "damage": 40,
        "width": 0.1,
        "height": 0.1,
        "shootEffect": {
          "type": "multiEffect",
          "layer": 110,
          "effects": [
            {
              "type": "ParticleEffect",
              "particles": 4,
              "sizeFrom": 6,
              "sizeTo": 1,
              "length": 150,
              "lifetime": 27,
              "interp": "circleOut",
              "sizeInterp": "pow5In",
              "lightColor": "9AA4AEFF",
              "colorFrom": "737C8BFF",
              "colorTo": "9AA4AEFF",
              "cone": 8
            },
            {
              "type": "ParticleEffect",
              "particles": 4,
              "sizeFrom": 7,
              "sizeTo": 1,
              "length": 160,
              "lifetime": 30,
              "interp": "circleOut",
              "sizeInterp": "pow5In",
              "lightColor": "9AA4AEFF",
              "colorFrom": "737C8BFF",
              "colorTo": "9AA4AEFF",
              "cone": 10
            },
            {
              "type": "ParticleEffect",
              "particles": 4,
              "sizeFrom": 7,
              "sizeTo": 1.5,
              "length": 170,
              "lifetime": 35,
              "interp": "fastSlow",
              "lightColor": "9AA4AEFF",
              "colorFrom": "737C8BFF",
              "colorTo": "9AA4AEFF",
              "cone": 10
            },
            {
              "type": "ParticleEffect",
              "particles": 4,
              "sizeFrom": 7,
              "sizeTo": 1.5,
              "length": 180,
              "lifetime": 45,
              "interp": "fastSlow",
              "lightColor": "9AA4AEFF",
              "colorFrom": "737C8BFF",
              "colorTo": "9AA4AEFF",
              "cone": 8
            }
          ]
        },
        "smokeEffect": {
          "type": "multiEffect",
          "layer": 109,
          "effects": [
            {
              "type": "ParticleEffect",
              "particles": 7,
              "sizeFrom": 6,
              "sizeTo": 1,
              "layer": 99,
              "length": 190,
              "lifetime": 48,
              "lightOpacity": 0,
              "interp": "fastSlow",
              "colorFrom": "9AA4AEFF",
              "colorTo": "3f3f3fff",
              "cone": 13
            },
            {
              "type": "ParticleEffect",
              "particles": 7,
              "sizeFrom": 7.6,
              "sizeTo": 1,
              "length": 240,
              "layer": 99,
              "lifetime": 59,
              "lightOpacity": 0,
              "interp": "circleOut",
              "sizeInterp": "pow5In",
              "colorFrom": "9AA4AEFF",
              "colorTo": "3f3f3fff",
              "cone": 10
            }
          ]
        },
        "lifetime": 35,
        "despawnEffect": "none",
        "hittable": false,
        "reflectable": false,
        "hitEffect": {
          "type": "ParticleEffect",
          "line": true,
          "particles": 4,
          "lifetime": 60,
          "offset": 10,
          "interp": "circleOut",
          "length": 70,
          "cone": -30,
          "strokeFrom": 3,
          "strokeTo": 0,
          "lenFrom": 7,
          "lenTo": 0,
          "colorFrom": "9AA4AEFF",
          "colorTo": "9AA4AEFF"
        },
        "pierce": true,
        "pierceBuilding": true,
        "incendAmount": 5
      }
    },	]
}