{
    "type":"Pump",
    "category": "liquid",
    "name":"电力泵",
    "health":200,
    "hasLiquids": true,
    "liquidCapacity":120,
	"pumpAmount":0.1,
	"size": 2,
	"research": "reinforced-pump",
	
	"consumes": {
    "power":2.5,
    }
    
    "requirements":
	[
	"tungsten/40",
	"thorium/20",
	"surge-alloy/10"
	"钨合金钢/20"
	]
	
	"drawer":{
         "type": "DrawMulti",
         "drawers":[
         {
        "type": "DrawRegion",
		"suffix": "-bottom",
		 },
         "DrawDefault",
         "DrawPumpLiquid",
		]
	}


}