{
    "name": "渊戟",
    "description": "千琉级驱逐舰，装备大量对地武器，对远距离目标造成毁灭性伤害。",
    "type": "naval",
    "commandLimit": 6,
    "research": "omura",
    "health": 395000,
    "accel": 0.2,
    "drag": 0.1,
    "speed": 0.5,
    "rotateSpeed": 0.9,
    "rotateShooting": false,
    "waveTrailX": 30,
    "waveTrailY": -30,
    "trailLength": 150,
    "trailScl": 10,
    "hitSize": 105,
    "range": 300,
    "armor": 30,
    "ammoType": "surge-alloy",
    "ammoCapacity": 3000,
    "weapons": [
        {
            "name": "渊戟主炮",
            "mirror": true,
            "shootY": 0,
            "rotateSpeed": 5,
            "x": 0,
            "y": 0,
            "rotate":true,
            "shootSound": "flux",
            "bullet": {
                "smokeEffect": "none",
                "type": "ContinuousFlameBulletType",
                "damage": 40,
                "length": 1200,
                "knockback": 0.8,
                "pierceCap": 30,
                "buildingDamageMultiplier": 0.3,
                "status": "melting",
                "width": 8,
                "statusDuration": 300,
                "colors": [
                    "FFA665FF",
                ],
                "hitEffect": {
                    "type": "ParticleEffect",
                    "line": true,
                    "particles": 8,
                    "lifetime": 300,
                    "length": 65,
                    "cone": -360,
                    "lenFrom": 7,
                    "lenTo": 1,
                    "colorFrom": "FFA665FF",
                    "colorTo": "FFA665FF"
                },
                "flareWidth": 10,
                "flareLength": 60,
                "flareColor": "FFA665FF",
                "hitColor": "FFA665FF"
            }
        },
{
			"name": "渊戟导弹",
			"x": 42,
			"y": -54,
			"reload": 280,
			"alternate": true,
			"mirror": true,
			"rotate": true,
			"rotateSpeed": 99,
			"shootSound": "missileLarge",
			"inaccuracy": 30,
			"shootCone":100,
			"minWarmup": 0.9,
			"shootWarmupSpeed": 0.022,
			"shoot": {
				"shots": 1,
				"shotDelay": 16
			},
			"bullet": {
				"keepVelocity": false,
				"speed": 0,
				"hitShake": 8,
				"shootEffect": {
					"type": "WaveEffect",
					"interp": "circleOut",
					"lifetime": 11,
					"sizeFrom": 0,
					"sizeTo": 70,
					"strokeFrom": 40,
					"strokeTo": 16,
					"colorFrom": "FFFFFF",
					"colorTo": "FFFFFFFF"
				},
				"smokeEffect": "shootSmallFlame",
				"spawnUnit": "A导弹"
			}
       },
    {
            "name": "渊戟-舰炮",
            "ejectEffect": "casing4",
            "length": 13,
            "x": 20,
            "y": 0,
            "reload": 15,
            "rotate":true,
            "top": false,
            "alternate": true,
            "recoil": 3,
            "shootY": 13,
            "shake": 2,
            "shootSound": "bang",
            "inaccuracy": 3,
            "shoot": {
                "shots": 4,
                "shotDelay": 2,
                "alternate": false
            },
            "spacing": 0,
            "shotDelay": 5,
            "bullet": {
                "type": "BasicBulletType",
                "speed": 8,
                "damage": 125,
                "lifetime": 115,
                "pierceCap": 10,
                "width": 12,
                "height": 25,
                "shootEffect": "shootBig"
            }
        },
        {
            "name": "渊戟-舰炮",
            "ejectEffect": "casing4",
            "length": 13,
            "x": 40,
            "y": 15,
            "reload": 15,
            "rotate":true,
            "top": false,
            "alternate": true,
            "recoil": 3,
            "shootY": 13,
            "shake": 2,
            "shootSound": "bang",
            "inaccuracy": 3,
            "shoot": {
                "shots": 4,
                "shotDelay": 2,
                "alternate": false
            },
            "spacing": 0,
            "shotDelay": 5,
            "bullet": {
                "type": "BasicBulletType",
                "speed": 8,
                "damage": 125,
                "lifetime": 115,
                "pierceCap": 10,
                "width": 12,
                "height": 25,
                "shootEffect": "shootBig"
            }
        },
        {
            "name": "渊戟-舰炮",
            "ejectEffect": "casing4",
            "length": 13,
            "x": 20,
            "y": -20,
            "reload": 15,
            "rotate":true,
            "top": false,
            "alternate": true,
            "recoil": 3,
            "shootY": 13,
            "shake": 2,
            "shootSound": "bang",
            "inaccuracy": 3,
            "shoot": {
                "shots": 4,
                "shotDelay": 2,
                "alternate": false
            },
            "spacing": 0,
            "shotDelay": 5,
            "bullet": {
                "type": "BasicBulletType",
                "speed": 8,
                "damage": 125,
                "lifetime": 115,
                "pierceCap": 10,
                "width": 12,
                "height": 25,
                "shootEffect": "shootBig"
            }
        },
{
            "name": "渊戟-次炮",
            "shoot": {
                "type": "ShootSpread",
                "shots": 3,
                "spread": 10
            },
            "rotateSpeed": 1,
            "reload": 20,
            "rotate": true,
            "x": 0,
            "y": 55,
            "shootSound": "shotgun",
            "shots": 1,
            "shotDelay": 10,
            "inaccuracy": 0,
            "alternate": false,
            "bullet": {
                "type": "ShrapnelBulletType",
                "sapStrength": 0.8,
                "length": 60,
                "damage": 2500,
                "toColor": "665C9FFF",
                "shootEffect": "thoriumShoot",
                "smokeEffect": "thoriumShoot",
                "despawnEffect": "none",
                "width": 30,
                "lifetime": 60,
                "knockback": -0.65
            }
        }
    ]
      "category":"units",//游戏界面分类
  "research":"潮汐",//科技树前一项
  "rebuildable":true,//是否能重建
}