{
	"ammoTypes": {
		"metaglass": {
			"type": "FlakBulletType",
			"ammoMultiplier": 2,
			"reloadMultiplier": 0.8,
			"width": 6,
			"height": 8,
			"speed": 4,
			"lifetime": 50,
			"damage": 6,
			"splashDamage": 45,
			"splashDamageRadius": 25,
			"hitEffect": "flakExplosion",
			"fragBullets": 4,
			"fragBullet": {
				"type": "BasicBulletType",
				"despawnEffect": "none",
				"width": 5,
				"height": 12,
				"shrinkY": 1,
				"damage": 12,
				"lifetime": 20,
				"backColor": "E3E3E3",
				"frontColor": "FFFFFF",
				"speed": 3
			},
			"explodeRange": 20,
			"collidesGround": true
		},
		"blast-compound": {
			"type": "FlakBulletType",
			"ammoMultiplier": 5,
			"width": 6.5,
			"height": 8.5,
			"shootEffect": "shootBig",
			"speed": 4,
			"lifetime": 50,
			"damage": 8,
			"status": "blasted",
			"statusDuration": 60,
			"splashDamage": 45,
			"splashDamageRadius": 60,
			"hitEffect": "flakExplosionBig",
			"explodeRange": 20,
			"collidesGround": true
		},
		"plastanium": {
			"type": "FlakBulletType",
			"ammoMultiplier": 4,
			"shootEffect": "shootBig",
			"speed": 4,
			"lifetime": 50,
			"damage": 8,
			"backColor": "d8d97f",
			"frontColor": "fffac6",
			"status": "blasted",
			"statusDuration": 60,
			"splashDamage": 37.5,
			"splashDamageRadius": 40,
			"hitEffect": "plasticExplosion",
			"fragBullets": 6,
			"fragBullet": {
				"despawnEffect": "none",
				"width": 10,
				"height": 12,
				"shrinkY": 1,
				"damage": 12,
				"lifetime": 15,
				"backColor": "d8d97f",
				"frontColor": "fffac6",
				"speed": 2.5
			},
			"explodeRange": 20,
			"collidesGround": true
		},
		"surge-alloy": {
			"type": "FlakBulletType",
			"speed": 4.5,
			"lifetime": 50,
			"width": 9,
			"height": 10,
			"damage": 13,
			"shootEffect": "shootBig",
			"splashDamageRadius": 38,
			"splashDamage": 75,
			"lightningDamage": 16,
			"lightning": 2,
			"lightningLength": 7,
			"ammoMultiplier": 5,
			"explodeRange": 20,
			"collidesGround": true
		},
		"硫": {		
		    "reloadMultiplier": 1.3,
			"type": "FlakBulletType",
			"speed": 4.5,
			"lifetime": 50,
			"width": 6,
			"height": 8,
			"damage": 5,
			"shootEffect": "shootBig",
			"splashDamageRadius": 40,
			"splashDamage": 27,
			"status": "burning",
			"statusDuration": 900,
			"ammoMultiplier": 3,
			"explodeRange": 20,
			"collidesGround": true
		},	
		"强化合金": {
		    "reloadMultiplier": 0.8,
			"type": "FlakBulletType",
			"speed": 4.5,
			"lifetime": 50,
			"width": 9,		
			"status": "electrified",
			"statusDuration": 300,
			"height": 10,
			"damage": 13,
			"shootEffect": "shootBig",
			"splashDamageRadius": 38,
			"splashDamage": 55,
			"lightningDamage": 25,
			"lightning": 7,
			"lightningLength": 13,
			"ammoMultiplier": 5,
			"explodeRange": 20,
			"collidesGround": true
		},	
		"氧化物": {		
		    "reloadMultiplier": 1,
			"type": "FlakBulletType",
			"speed": 4.5,
			"lifetime": 50,
			"width": 6,
			"height": 8,
			"damage": 5,
			"shootEffect": "shootBig",
			"splashDamageRadius": 40,
			"splashDamage": 20,
			"status": "氧化",
			"statusDuration": 300,
			"ammoMultiplier": 3,
			"explodeRange": 20,
			"collidesGround": true
		},	
		"聚合塑料": {
			"type": "FlakBulletType",
			"ammoMultiplier": 4,
			"shootEffect": "shootBig",
			"speed": 4.5,
			"lifetime": 50,
			"damage": 7,
			"backColor": "d8d97f",
			"frontColor": "fffac6",
			"status": "blasted",
			"statusDuration": 60,
			"splashDamage": 30,
			"splashDamageRadius": 45,
			"hitEffect": "plasticExplosion",
			"fragBullets": 10,
			"fragBullet": {
				"despawnEffect": "none",
				"width": 10,
				"height": 12,
				"shrinkY": 1,
				"damage": 14,
				"lifetime": 15,
				"backColor": "d8d97f",
				"frontColor": "fffac6",
				"speed": 2.5
			},
			"explodeRange": 20,
			"collidesGround": true
		},

	}
}