{
	"smokeEffect":"none",
	"shootEffect":"none",
	"ammoTypes": {
	"water":{
		"type": "LiquidBulletType",
		"shootEffect":"none",
		"liquid": "water",
		"statusDuration":120,
		"status":"wet",
		"knockback":0.7,
		"drag":0.01,
		"layer":98
		},
	"slag":{
		"type": "LiquidBulletType",
		"damage":4,
		"liquid": "slag",
		"status": "melting",
		"statusDuration": 120,
		"drag":0.01
		},
	"cryofluid":{
		"type": "LiquidBulletType",
		"liquid": "cryofluid",
		"status": "freezing",
		"statusDuration": 120,
		"drag":0.01
		},
	"oil":{
		"type": "LiquidBulletType",
		"liquid": "oil",
		"status": "tarred",
		"statusDuration": 120,
		"drag":0.01,
		"layer":98
		},
        "液氖": {
			"type": "LiquidBulletType",
			"liquid": "液氖",
			"status": "freezing",
			"statusDuration": 150,
			"lifetime": 30,
			"speed": 4,
			"knockback": 0.55,
			"puddleSize": 4,
			"orbSize": 2,
			"drag": 0.01,
			"ammoMultiplier": 0.4,
			"damage": 0.5
		},
		"液氦": {
			"type": "LiquidBulletType",
			"liquid": "液氦",
			"status": "freezing",
			"statusDuration": 300,
			"lifetime": 30,
			"speed": 4,
			"knockback": 0.55,
			"puddleSize": 4,
			"orbSize": 2,
			"drag": 0.01,
			"ammoMultiplier": 0.4,
			"damage": 0.7
		},		
	   "溴": {
			"type": "LiquidBulletType",
			"liquid": "溴",
			"status": "酸性腐蚀",
			"statusDuration": 240,
			"lifetime": 30,
			"speed": 4,
			"knockback": 0.55,
			"puddleSize": 4,
			"orbSize": 2,
			"drag": 0.01,
			"ammoMultiplier": 0.4,
			"damage": 1
		},	  
	   "汞": {
			"type": "LiquidBulletType",
			"liquid": "汞",
			"status": "slow",
			"statusDuration": 240,
			"lifetime": 30,
			"speed": 4,
			"knockback": 5,
			"puddleSize": 4,
			"orbSize": 2,
			"drag": 0.01,
			"ammoMultiplier": 0.4,
			"damage": 3
		},
		"硫酸": {
			"type": "LiquidBulletType",
			"liquid": "硫酸",
			"status": "酸性腐蚀",
			"statusDuration": 450,
			"lifetime": 30,
			"speed": 4,
			"knockback": 0.55,
			"puddleSize": 4,
			"orbSize": 2,
			"drag": 0.01,
			"ammoMultiplier": 0.4,
			"damage": 2
		},
		"污水": {
			"type": "LiquidBulletType",
			"liquid": "污水",
			"status": "孢子侵蚀",
			"statusDuration": 600,
			"lifetime": 30,
			"speed": 4,
			"knockback": 0.55,
			"puddleSize": 4,
			"orbSize": 2,
			"drag": 0.01,
			"ammoMultiplier": 0.4,
			"damage": 4
		},
}
}