{
    "type": "Wall",
    "name": "DFC稳定器",
    "description": "用于稳定暗核聚变反应堆核心，需要稳定透镜。",
    "health": 1200,
    "size": 1,
    "alwaysReplace": false,
    "solid": true,
    "baseExplosiveness": 3,
    "breakSound": "break",
    "rotate": true,
    /*"drawer": {
        "type": "DrawMulti",
        "drawers": [
            "DrawDefault"
            {
			    "type": "DrawRegion",
				"suffix": "-稳定波",
				"color1": 
				"layer": 81
			}
        ]
    },*/
    "requirements": [
        
    ],
    "category": "defense",
    "research": {
        "parent": "DFC模块框架",
    }
}