{
    //"type": "GenericCrafter",
    "name": "暗核聚变反应堆核心",
    "description": "暗核聚变反应堆核心，暂时是稳定的，但是也别让它不稳定！",
    "health": 4300,
    "size": 1,
    "alwaysReplace": false,
    "solid": true,
    /*"lightningChance":0.5,//反弹闪电
	"lightningDamage":5,	//闪电伤害
	"lightningLength":6,//闪电长度
	"lightningLengthRand":5,//照明长度
    "baseExplosiveness": 60,
    "breakSound": "break",*/
    "drawer": {
        "type": "DrawMulti",
        "drawers": [
            "DrawDefault"
            /*{
                "type": "Particle",
                "particles": 4,
                "length":45,
                "baseLength": 0,
                "lifetime": 13,
                "line": true,
                "lenFrom":8,
                "lenTo":18,
                "strokeFrom": 2,
                "strokeTo": 0,
                "colorFrom": "ffffff",
                "colorTo": "ffffff",
                "cone": 360
            }*/
        ]
    },
    "requirements": [
        
    ],
    "category": "defense",
    "research": {
        "parent": "DFC模块框架",
    }
}