{
    "type": "Wall",
    "name": "激活态暗核聚变反应堆核心",
    "description": "处于激活状态的暗核聚变反应堆核心，需要维持状态，防止稳定性被破坏，[red]否则有严重后果！",
    "health": 6500,
    "size": 1,
    "alwaysReplace": false,
    "solid": true,
    //"sandboxOnly":true,
    "lightningChance":1,//反弹闪电
	"lightningDamage":25,	//闪电伤害
	"lightningLength":12,//闪电长度
	//"lightningLengthRand":15,//照明长度
    "baseExplosiveness": 9999999999999999999999,
    "buildVisibility":"sandboxOnly",
    "breakSound": "break",
    /*"drawer": {
        "type": "DrawMulti",
        "drawers": [
            "DrawDefault"
            {
                "type": "ParticleEffect",
                "particles": 4,
                "length":45,
                "baseLength": 0,
                "lifetime": 13,
                "line": true,
                "lenFrom":8,
                "lenTo":18,
                "strokeFrom": 2,
                "strokeTo": 0,
                "colorFrom": "ffffff",
                "colorTo": "ffffff",
                "cone": 360
            }
        ]
    },*/
    "requirements": [
        "虚无之物/10"
    ],
    "category": "defense",
    "research": {
        "parent": "暗核聚变反应堆核心",
    }
}