{
	"type": "flying",
	"flying": true,
	"lowAltitude": true,
	"health": 8400,
	"armor": 12,
	"hitSize": 16,
	"speed": 1.2,
	"rotateSpeed": 3.6,
	"engineOffset": 11,
	"engineSize": 2.5,
	"trailLength": 8,
	"outlineColor": "1F1F1F",
	"immunities": [
		"burning",
		"melting",
		"blasted",
		"wet",
		"freezing",
		"slow",
		"tarred",
		"muddy",
		"electrified",
		"spore-slowed",
		"辐射"
	],
	"targetFlags": [
		"reactor",
		"generator",
		"factory"
	],
	"weapons": [
		{
			"name": "对地",
			"x": 0,
			"recoil": 1,
			"shake": 3,
			"shootY": 8,
			"reload": 90,
			"shootCone": 1,
			"mirror": false,
			"rotate": true,
			"rotateSpeed": 3,
			"rotationLimit": 60,
			"layerOffset": -0.001,
			"targetInterval": 10,
			"cooldownTime": 210,
			"shootStatus": "disarmed",
			"shootStatusDuration": 75,
			"shootSound": "mediumCannon",
			"bullet": {
				"damage": 380,
				"lifetime": 10,
				"speed": 32,
				"status": "熔融",
				"statusDuration": 120,
				"collidesAir": false,
				"hitColor": "FFF8E8",
				"buildingDamageMultiplier": 2.25,
				"shootEffect": {
					"type": "ParticleEffect",
					"particles": 12,
					"lifetime": 36,
					"sizeFrom": 4,
					"cone": 30,
					"length": 60,
					"interp": "pow2Out",
					"sizeInterp": "pow2In",
					"lightColor": "FF8663",
					"colorFrom": "FF8663",
					"colorTo": "FEB380"
				},
				"trailLength": 4,
				"trailWidth": 2,
				"trailColor": "FFF8E8",
				"smokeEffect": "shootSmokeTitan",
				"hitShake": 8,
				"hitSound": "plasmaboom",
				"hitEffect": "hitSquaresColor",
				"despawnEffect": {
					"type": "ParticleEffect",
					"particles": 15,
					"line": true,
					"strokeFrom": 5,
					"strokeTo": 0,
					"lenFrom": 16,
					"lenTo": 0,
					"length": 100,
					"lifetime": 10,
					"colorFrom": "F3E979",
					"colorTo": "FFFFFF",
					"cone": 60
				}
			}
		},
		{
			"name": "对空",
			"x": 0,
			"shoot": {
				"shots": 4,
				"shotDelay": 5
			},
			"recoil": 1,
			"shake": 3,
			"shootY": 8,
			"reload": 180,
			"shootCone": 30,
			"minWarmup": 0.99,
			"cooldownTime": 210,
			"shootSound": "missile",
			"shootWarmupSpeed": 0.08,
			"bullet": {
				"type": "MissileBulletType",
				"damage": 0,
				"lifetime": 32,
				"speed": 8,
				"status": "熔融",
				"statusDuration": 120,
				"collidesTiles": false,
				"collidesGround": false,
				"hitColor": "D86E56",
				"splashDamage": 38,
				"splashDamageRadius": 20,
				"scaledSplashDamage": true,
				"shootEffect": "shootSmallSmoke",
				"hitShake": 8,
				"hitSound": "plasmaboom",
				"hitEffect": "blastExplosion"
			}
		},
		{
			"x": 0,
			"shake": 0,
			"reload": 30,
			"shootCone": 1,
			"mirror": false,
			"rotate": true,
			"display": false,
			"useAmmo": false,
			"rotateSpeed": 20,
			"rotationLimit": 60,
			"targetInterval": 10,
			"shootSound": "none",
			"shootStatus": "unmoving",
			"shootStatusDuration": 120,
			"bullet": {
				"damage": 0,
				"lifetime": 40,
				"speed": 8,
				"collidesAir": false,
				"instantDisappear": true,
				"shootEffect": "none",
				"smokeEffect": "none",
				"despawnEffect": "none",
				"hitEffect": "none"
			}
		}
	]
}