{
    "name":"机体受损"
    "description":"电量侵入机械内部，不断对机体造成损害。"
	"damage":0.01666666667//每1/60秒扣血速度（负数为回血）
	"permanent":false
	//如果为ture
	//这个状态永远存在于此单位身上，除非单位死亡
	//如果为false 则没有永远存在的效果
	"damageMultiplier":1,
	//攻击力倍率（数值越大，攻击力越高）
	"healthMultiplier":0.8,
	//血量倍率（数值越大，血量最大上限越高）
	"speedMultiplier":0.95,
	//速度倍率（数值越大，移动越快）
	"reloadMultiplier":0.9,
	//射速倍率（数值越大，射速越快）
	"disarm":false,
	//是否解除武装
	"show":true,
	//是否显示
	"reactive":false//此效果将仅与其他效果反应无法应用
	"color":"FFF480FF"//状态颜色
	"effect": {
	    "type":"ParticleEffect"
	    "particles":1
	    "length":0
	    "lifetime":40
	    "sizeFrom":1
	    "sizeTo":3
	    "colorFrom":"FFF480FF"
	    "colorTo":"FF0000FF"
	}
	//效果
	"effectChance":1
	//效果数量（数值越大,效果越多越密集）
	"opposite": [//互斥
		"melting"
	],
}