{
    "speed":0.67,
    "hitSize":16,
    "name": "电光",
    "health": 843,
    "description":"发射激光子弹与闪电的地面单位……",
    "itemCapacity":20,
    "armor":6,
        "canBoost":true,
    //能否使用推进器飞行
     "landShake":0.2,
    // //着陆震动
    "riseSpeed":2,
    // //双腿收起速度
     "engineSize":2,
    // //引擎尺寸
     "engineOffset":4,
    // //引擎偏移
     "boostMultiplier":1.75,
    // //飞行速度
    //"type": "mech",
    "research": "业竹",
    "weapons": [
	{	"name": "电流闪电",
		"reload": 30, 
		"shootY": 9,
        "x": 6,   "y": 0,
        "shoot":{
            "type":"ShootSpread",
            "shots":3
        },
		"shake":2.2,"recoil":2.5,
		"top":false,
		"shootSound": "spark",
		"alternate": true,
		"bullet":{
    "type":"LightningBulletType",
    "damage":30,
    "lightningColor":"#ffff00",
    "hitColor":"#ffff00",
    "lightningLength":12,
    "lightningLengthRand":8,
    "shootEffect":"shootHeal",
    "smokeEffect":"shootHeal",
    "healPercent":2,
    "collidesTeam":true,
    "hitEffect":"hitLancer",
    "despawnEffect":"none",
    "status":"shocked",
    "statusDuration":30
	}	}
		{	"name": "电流子弹",	
		"reload": 25, 
        "x": 5,  "y": -1,  
		"shoot":{
			"shots":2,
			"shotDelay":6},
        "rotate": false,
        "shootY":6,
        "top":false,
        "inaccuracy": 0,
        "alternate": false, 
		"shootSound": "lasershoot",
		"bullet":{	
	"type":"LaserBoltBulletType",
	    "frontColor":"#ffff00",	
	    "backColor":"#ffff00",	
	    "healPercent":3,
	    "damage":25,
	    "collidesTeam":true,
	    "speed":5, "lifetime":30,
	    "width":2,	 "height":8	}	}
    ]
    	"abilities":[
	{"type":"ShieldRegenFieldAbility",//护盾再生场
	"amount":40//再生值
	 "max":400
	"reload":300//间隔时间（帧）
	"range":34//范围
	}
        {
            "type":"RepairFieldAbility"
            "amount":40
            //再生值
            "reload":300
            //重载时间60:1
            "range":80
            //范围8:1
            "activeEffect":{
	            "type":"WaveEffect"
		        "lifetime":20,
		        "sizeFrom":0
		        //从多大
		        "sizeTo":10
		        //到多大
		        "strokeFrom":2,
		        //从多宽
		        "strokeTo": 0,
		        //到多宽
		        "colorFrom":"#ffff00"
		        "colorTo":"#ffff00"
            },
        }
	],
    
}