{
    "speed":0.47,
    "hitSize":23,
    "name": "电火",
    "health": 55280,
    "description":"发射激光与闪电的地面单位，拥有一门熔化主炮……",
    "itemCapacity":80,
    "armor":10,
            "canBoost":true,
    //能否使用推进器飞行
     "landShake":1,
    // //着陆震动
    "riseSpeed":2,
    // //双腿收起速度
     "engineSize":4,
    // //引擎尺寸
     "engineOffset":12,
    // //引擎偏移
     "boostMultiplier":1.75,
    // //飞行速度
     "type": "mech",
     	  "immunities":[
        "burning",
        ],
	"research": {
		"parent": "电原",
	},
    "weapons": [
    {
			"name":"电离主炮",
			//武器贴图的名字
			"top":false,
			"mirror":false,
			"shootY":13,
			"x":0,
			"y":0,
			"firstShotDelay":180,
			//第一次射击的前摇
			"chargeSound":"lasercharge2",
			//充能阶段的声音
			"shootSound":"beam",
			//射击的声音
			"reload":500,
			//射速
			"recoil":0,
			//后坐力
			"continuous":true,
			//是否持续射击
            "cooldownTime":240,
            "shootStatus":"overclock",
            "statusDuration":150,
			"bullet":{
				"damage":70,
				//伤害，1:12
				"buildingDamageMultiplier":1,
				"length":300,
				//激光长度,8:1
				"status":"melting",
				"hitEffect":"hitMeltHeal",
				"drawSize":420,
				"lifetime":390,
				"shake":6,
				"shootEffect":{
                    "type":"MultiEffect"
                    "effects":[
	        {
	            "type":"WaveEffect"
		        "lifetime":60
		        "sizeFrom":60
		        "sizeTo":0
		        "colorFrom":"#ffff00"
		        "colorTo":"#ffff00"
            },
            {
		        "type": "WaveEffect"
		        "lifetime":120
		        "sizeFrom":40
		        "sizeTo":0
		        "colorFrom": "#ffff00"
		        "colorTo": "#ffff00"
            },
            {
		        "type": "WaveEffect"
		        "lifetime":180
		        "sizeFrom":20
		        "sizeTo":0
		        "colorFrom": "#ffff00"
		        "colorTo": "#ffff00"
            },
            ]
                },
				"type":"ContinuousLaserBulletType",
				"colors":["#ffff33","#ffff33","#ffff33","#ffff00"]
			}
		},
	{	"name": "电流闪电",
		"reload": 30, 
		"shootY": 0
        "x": 6,   "y": 0,
        "shoot":{
            "type":"ShootSpread",
            "shots":7
        },
		"shake":2.2,"recoil":2.5,
		"top":false,
		"shootSound": "spark",
		"alternate": true,
		"bullet":{
    "type":"LightningBulletType",
    "damage":60,
    "lightningColor":"#ffff00",
    "hitColor":"#ffff00",
    "lightningLength":38,
    "lightningLengthRand":20,
    "shootEffect":"shootHeal",
    "smokeEffect":"shootHeal",
    "healPercent":3,
      "collidesAir":true,
      "collidesGround": true,
      "collidesTeam":true,
    "hitEffect":"hitLancer",
    "despawnEffect":"none",
    "status":"shocked",
    "statusDuration":30
	}	}
		{	"name": "脉冲激光",	
		"reload": 120,
        "x": 7,  "y": -1, 
        "rotate": false,
		"top":false,
		"recoil":0,
        "inaccuracy": 0,   
		"alternate": true,  
		"shootSound":"laser",
		"shake":2,
		"bullet":{
"type": "LaserBulletType",	
"healPercent":4,
"recoil":0,
"damage":225,
      "collidesAir":true,
      "collidesGround": true,
      "collidesTeam":true,
"laserAbsorb":true,
"shootEffect": "bigShockwave",
"sideAngle":55,
"sideWidth":3,
"sideLength":70,
"colors":["#ffff00", "#ffff00", "#ffff00"],
"width":16,	 "length":304	}	}
    ]
            	"abilities":[
    		{
			"type": "ForceFieldAbility",
    		"radius":62,
    		//范围
    		"regen":1,
    		//每帧盾容回复量
    		"max":2400,
    		//盾容
    		"cooldown":320
    		//被击破后的冷却(8/1s)
		},
		{
            "type":"RepairFieldAbility"
            "amount":340
            //再生值
            "reload":1200
            //重载时间60:1
            "range":130
            //范围8:1
            "activeEffect":{
	            "type":"WaveEffect"
		        "lifetime":30,
		        "sizeFrom":0
		        //从多大
		        "sizeTo":70
		        //到多大
		        "strokeFrom":8,
		        //从多宽
		        "strokeTo": 0,
		        //到多宽
		        "colorFrom":"#ffff00"
		        "colorTo":"#ffff00"
            },
        }
	// {"type":"ShieldRegenFieldAbility",//护盾再生场
	// "amount":30//再生值
	// "max":200
	// "reload":300//间隔时间（帧）
	// "range":44//范围
	// }
	],
}