{
	"name":"小型防爆玻璃墙",
	"description":"保护己方建筑，挡下敌方炮弹",
	"details":"防御力是小型黄铜墙的1.5倍！"
	"health":600,
	"size":1,
	"armor":0,
	"group":"walls"
		"placeableLiquid":false,
		"insulated":true,//隔热，一听就是E星的
	"absorbLasers":false,
	   "deflect" :false,//反弹子弹
    	"chanceDeflect":0,//反转概率
    	"lightningChance":0,//反弹闪电
    "lightningDamage":0,	//闪电伤害
      "lightningLength":0,//闪电长度
    "lightningLengthRand":0,
	"requirements": [
	"金/3"
	"钢化玻璃/3"
	],
	"category": "defense",
			"research": {
		"parent": "小型黄铜墙",
		"requirements":[
		"金/30",
		"钢化玻璃/30"
		]
	},

}
