{
	"type": "flyingUnit",
	"name": "巫妖级导弹平台",
	"description": "空中毁灭导弹平台.",
	"speed": 0.2,
	"flying": true,
	"hitsize": 10,
	"health": 8000,
	 "drag":0.5,
	 "mass":10,
	 "engineOffset":0.5,
	 "engineSize":0.5,
	 "range":350,
	 

	"weapon": {
		"name": "巫妖1"
		 "shots":1,
        	 "reload":150,
        		"range": 500,
        	 "attackLength":350,
            "length": 3,
          "hitShake": 2,
     
   
		"bullet":
		{
		   "type":"MissileBulletType",
		     "speed": 5,
		      "damage":300,        
		      "splashDamage":800,
		      "splashDamageRadius":70,
		       "sequenceNum":1,
		       "homingPower":0.2,
 
	  "bulletShrink":0.5,
		"bulletWidth": 15,
		"bulletHeight": 30,
   "backColor":"ffd280",			
   "frontColor":"ffd280",
		"heatColor":"ffd280",
		"trailColor":"ff4500",
 
  
     	}
}
}
