{
	"type": "ItemTurret",/*种类 */
	"name": "千金炮",/*名称 */
	"description": "“每一炮都是价值连城的黄金”",/*描述 */
	"health": 1000,/*血量 */
	"size":4,/*大小 */
    "targetGround":true,
	"targetAir":false,
	"reload": 360,//格重新加载时间
	"range": 400,/*攻击范围 8/格 */
	"shots":1,/*发射子弹数*/
	"burstSpacing":150,/*连射间隔 */
	"xRand":1,/*子弹发的间距/栗子：2=双管 */
	"inaccuracy": 0,/*误差 1=1度 */
	"rotateSpeed": 0.5,/*旋转速度 */
	"hasShadow": false,
	"shootShake":6,/*射击摇动 */
	"maxAmmo":1000,//弹夹容量
	"ammoPerShot":100,//射击一次消耗子弹
	"coolantMultiplier":1,
	"ammoTypes": {
        "金矿": {/*子弹种类（铜、钍等物品,填英文） */
			"speed": 5,/*子弹飞行速度 */
			"damage": 1000,/*伤害 */
			"lifetime":150,/*子弹存在时间/帧 */
			"width": 25,/*子弹贴图宽 */
			"height": 30,/*同上，长 */
			"ammoMultiplier":100,/*一个物品补充多少子弹 */
			"knockback":2,//击退力
			"inaccuracy":1,//补充精准度
			"sprite":"重始科技-金弹",//子弹贴图
			"pierce":false,//是否穿透单位
			"drag":0,//子弹每帧减速
			"hitSize":5,//子弹碰撞箱大小
			"bulletShrink":0,//子弹缩小率
			"shootEffect": "shootBig"	},/*射击效果 */
		  "金币":{
	        "speed": 10,
			"damage": 1000,
			"reloadMultiplier":0.8,
			"lifetime":80,
			"width": 35,
			"height": 40,
			"shootEffect": "shootBig",
			"ammoMultiplier":1,
			"sprite":"重始科技-金弹",//子弹贴图
			"ammoPerShot": 100,
			"knockback":2.4,//击退力
			"pierce":false,//是否穿透单位
			"drag":0,//子弹每帧减速
			"hitSize":8//子弹碰撞箱大小
	    }
	},
	"requirements": [
		{ "item": "titanium", "amount": 150 },/*copper铜 */
        { "item": "graphite", "amount": 75 },
        { "item": "金锭", "amount": 10 }
	],/*建造需求物品 */
	"category": "turret",/*分类 */
	"research": "duo"/*科技树 */
}