{
	"type": "GenericCrafter",
	"name": "镀金巨浪工厂",
	"description": "[yellow]合理，钛合理了",
	"outputItem": { "item": "surge-alloy", "amount":1},
"drawer":{
       "type":"DrawMulti",
       "drawers":[
           "DrawDefault",
           "DrawFlame"
           ]
   },
	"size": 3,
	"hasPower": true,
	"hasLiquids": false,
	"hasItems": true,
	"craftTime": 40,
	"itemCapacity": 15,
	"updateEffect":"dooropenlarge",
	"craftEffect": "plasticburn",
	"consumes": {
    "power":4.2,
    "items": {
	 "items": [
	    { "item": "金锭", "amount": 1}
	    { "item": "silicon", "amount":1}
	    	]
  }
 },
"requirements": [
		{"item": "lead", "amount": 240},
		{ "item": "graphite", "amount": 80 },
		{"item": "plastanium","amount":20 },
		{"item": "metaglass","amount":60},
		{"item": "金锭","amount":20}
	],
	"category": "crafting",
	"research": "金矿炼炉",
	"idleSound": "respawning",
	"idleSoundVolume": 0.5
}