{
	"type": "ItemTurret",
	"name": "反舰导弹阵地",
	"description": "发射密集的改进型反舰导弹，对舰艇威胁极高",
	"health": 36000,
	"size": 5,
	"reload": 120,
	"shootSound":"missileLarge",
	"shake":2,
	"consumes": {
		"power":18
	},
	"minWarmup": 0.8,
	"warmupMaintainTime": 130,
	"shootWarmupSpeed": 0.05,
	"shootY":0,
	"outlineColor":"383848",
	"shoot":{
		"type": "ShootAlternate",
		"barrels": 2,
		"spread": 20
		},
	"targetGround":false,
	"targetAir":true,
	"range": 340,
	"fogRadiusMultiuplier":1,
	"recoil": 0,
	"recoils":2,
	"drawer":{
		"type":"DrawTurret",
		"parts":[
			{
				"type": "RegionPart",
				"suffix": "-管l",
				"x":-16,
				"under":true,
				"recoilIndex": 0,
				"progress": "recoil",
				"moveY": -6,
				"heatProgress": "recoil",
				"children": [{
					"type": "RegionPart",
					"mirror": false,
					"under": true,
					"suffix": "-导弹",
					"recoilIndex": 0,
					"progress": "recoil",
					"color": "FFFFFF",
					"colorTo": "FFFFFF00",
					"moveX": 16
					}]
			},
			{
				"type": "RegionPart",
				"suffix": "-管r",
				"x":16,
				"under":true,
				"recoilIndex": 1,
				"progress": "recoil",
				"moveY": -6,
				"heatProgress": "recoil",
				"children": [{
					"type": "RegionPart",
					"mirror": false,
					"under": true,
					"suffix": "-导弹",
					"recoilIndex": 1,
					"progress": "recoil",
					"color": "FFFFFF",
					"colorTo": "FFFFFF00",
					"moveX": -16
					}]
			}
		]},
	"inaccuracy": 0,
	"shootCone":180,
	"rotateSpeed": 1.66,
	"maxAmmo":24,
	"ammoPerShot": 6,
	"consumeAmmoOnce":false,
	"ammoTypes": {
		"纲稀硅":{
			"speed":0,
			"ammoMultiplier": 1,
			"smokeEffect":"shootSmallFlame",
			"spawnUnit":"反舰-导弹"
			}
	},
	"requirements": [	],
	"category": "turret",
	"research":"中央空间站"
}
