{
	"type": "ItemTurret",
	"name": "草酸",
	"armor": 18,
	"size": 4,
	"reload": 80,
	"range": 262,
	"maxAmmo": 25,
	"xRand":8,
	"shoot": {
		"type": "ShootMulti",
		"source": {},
		"dest": [
			{
				"shots": 3,
				"shotDelay": 2
			},
			{
				"shots": 3,
				"shotDelay": 2,
				"firstShotDelay": 12
			},
			{
				"type": "ShootHelix",
				"firstShotDelay": 30,
				"shots": 4,
				"shotDelay": 2,
				"scl": 3,
				"mag": 1,
				"spread": 0
			}
		]
	},
	"recoilTime": 60,
	"recoil": 1,
	"shake": 1.5,
	"velocityRnd": 0.18,
	"consumes": {
		"liquid": "硝液/0.0133"
	},
	"liquidCapacity": 10,
	"shootSound": "shootAlt",
	"ammoUseEffect": "casing3",
	"targetAir": true,
	"targetGround": true,
	"shootCone": 10,
	"inaccuracy": 2,
	"consumeAmmoOnce":false,
	"rotateSpeed": 2.25,
	"ammoTypes": {
		"锶": {
			"type": "BasicBulletType",
			"speed": 10,
			"lifetime": 25,
			"damage": 65,
			"status": "burning",
			"statusDuration": 600,
			"makeFire": true,
			"backColor": "d97c7c",
			"frontColor": "FFFFFF",
			"trailLength": 5,
			"trailWidth": 2,
			"trailColor": "d97c7c",
			"width": 9,
			"height": 15,
			"ammoMultiplier": 3,
			"shootEffect": "shootBig",
			"smokeEffect": "shootBigSmoke",
			"fragBullets": 1,
			"fragRandomSpread": 0,
			"fragBullet": {
				"type": "LiquidBulletType",
				"liquid": "硝液",
				"status": "酸蚀",
				"statusDuration": 240,
				"lifetime": 9,
				"speed": 9,
				"knockback": 0.6,
				"puddleSize": 8,
				"orbSize": 4,
				"drag": 0.01,
				"damage": 3
			}
		},
		"磁钢": {
			"type": "BasicBulletType",
			"speed": 10,
			"lifetime": 25,
			"damage": 88,
			"knockback": 3,
			"status": "磁扰",
			"statusDuration": 12,
			"makeFire": true,
			"backColor": "7595D2",
			"frontColor": "FFFFFF",
			"trailLength": 5,
			"trailWidth": 2,
			"trailColor": "7595D2",
			"width": 9,
			"height": 15,
			"ammoMultiplier": 5,
			"shootEffect": "shootBig",
			"smokeEffect": "shootBigSmoke",
			"fragBullets": 1,
			"fragRandomSpread": 0,
			"fragBullet": {
				"type": "LiquidBulletType",
				"liquid": "硝液",
				"status": "酸蚀",
				"statusDuration": 240,
				"lifetime": 9,
				"speed": 9,
				"knockback": 0.6,
				"puddleSize": 8,
				"orbSize": 4,
				"drag": 0.01,
				"damage": 3
			}
		}
	},
	"requirements": [
	],
	"category": "turret",
	"research": "临时空间站"
}