{
//	"type":"ItemTurret",
	"category":"turret",

	"drawer":{
	"type":"drawTurret",
	"basePrefix":"vitospp-"
	"parts":[
		{"type":"RegionPart",
		"suffix":"-side",
		"moveY":-2,
		"moveRot":-19,
		"mirror":true,
		"progress":"recoil",
		"heatProgress":"recoil"
		}	]	}

	"research":{
	"parent":"asteroid",
	"requirements":[
	"chromium/100",
	"graphite/400",
	"silicon/300"
	]	},

	"requirements":[
	"chromium/50",
	"graphite/80",
	"silicon/120"
	],
	"consumes":{
	"coolant":{"amount":0.1,"optional":true}	}

		"shoot":{"type":"shootSpread",
		"shots":18,
		"spread":5
		},

	"size":3,
	"health":1730,
	"rotateSpeed":4,
	"reload":20,
	"ammoPerShot":8,
	"maxAmmo":40,
	"liquidCapacity":20,
	"range":120,
	"inaccuracy":9,
	"shootSound":"shootAltLong",
	"shootCone":50,
	"squareSprite":false,

	"ammoTypes":{
	"graphite":{
		"damage":46,
		"speed":12,
		"knockback":4,
		"lifetime":10,
		"width":25,"height":20,
		"hitSize":7,
		"frontColor":"EA8878FF",
		"buildingDamageMultiplier":0.2,

		"trailColor":"EA8878FF",
		"trailWidth":6,"trailLength":3,

	"shootEffect":"shootSmokeSquareSparse",
	"shootEffect":"shootBigColor",
	"hitEffect":"hitSquaresColor"
		},

	"chromium":{
		"damage":65,
		"speed":12,
		"knockback":5,
		"lifetime":10,
		"width":25,"height":20,
		"hitSize":7,
		"frontColor":"BFC8E2FF",
		"buildingDamageMultiplier":0.2,

		"trailColor":"BFC8E2FF",
		"trailWidth":6,"trailLength":3,

	"shootEffect":"shootSmokeSquareSparse",
	"shootEffect":"shootBigColor",
	"hitEffect":"hitSquaresColor"
	}	},
}