{
    "type": "missile",
    "template": "MissileUnitType",
    "hitSize": 9,
    "health": 320,
    "armor": 0,
    "maxRange": 40,
    "speed": 6.5,
    "rotateSpeed": 14,
    "lifetime": 55,
    "missileAccelTime": 0,
    "engineSize": 2,
    "trailLength": 24,
    "weapons": [
        {
            "mirror": false,
            "shootCone": 360,
            "shootOnDeath": true,
            "shootSound": "none",
            "bullet": {
                "type": "ExplosionBulletType",
                "shootEffect": "massiveExplosion",
                "reloadMultiplier": 4,
                "ammoMultiplier": 1,
                "buildingDamageMultiplier": 0.4,
                "splashDamage": 75,
                "splashDamageRadius": 40
            }
        }
    ]
}