{
    "name":"雷蛛",
    "description":"自行寻找敌方核心并冲向其进行自爆，造成大范围爆炸。\n拥有大范围能量场，长时间运作时自身会损坏。\n可以跨越大多数地形。",
    "details":"来着卜萝的贴图哦。"
    "type": "legs",
    "hitSize": 6,
    "health": 220,
    "armor": 4,
    "rotateSpeed": 1.5,
    "speed": 1,
    "drag": 0.4,
    "stepShake": 0,
    "engineSize": 0,
    "range": 160,
    "flying": false,
    "hovering": true,
    "useUnitCap": false,
    "isEnemy": false,
    "allowedInPayloads": false,
    "logicControllable": false,
    "playerControllable": false,
    "hidden": false,
    "controller": "SuicideAI",
    "createWreck": false,
    "createScorch": false,
    "physics": false,
    "bounded": false,
    "drawMinimap": false,
    "hoverable": true,
    "legCount": 6,
    "legLength": 8,
    "legExtension": -2,
    "legForwardScl": 1.1,
    "legMoveSpace": 1,
    "shadowElevation": 0.1,
    "legContinuousMove": true,
    "lockLegBase": true,
    "legBaseOffset": 3,
    "legMaxLength": 1.2,
    "legMinLength": 0.2,
    "legStraightness": 0.3,
    "baseLegStraightness": 0.25,
    "rippleScale": 0.2,
    "legGroupSize": 3,
    "legStraightLength": 0.9,
    "legSplashDamage": 5,
    "legSplashRange": 16,
    "envDisabled": 0,
    "legLengthScl": 0.96,
    "allowLegStep": true,
    "legPhysicsLayer": false,
    "targetFlags": [
        "storage",
        "generator",
        "turret",
        "factory",
        "repair",
        "battery",
        "reactor",
        "extinguisher"
    ],
      "immunities":["腐蚀网"],
    "abilities": [
        {
            "type": "EnergyFieldAbility",
            "damage": 10,
            "reload": 30,
            "range": 96,
            "status": "腐蚀网",
            "statusDuration": 60,
            "maxTargets": 30,
            "color": "BF92F9",
            "effectRadius": 0,
            "sectors": 0,
            "rotateSpeed": 0,
            "sectorRad": 0,
            "healPercent": 0,
            "damageEffect": "none",
            "healEffect":"none",
            "hitEffect":"none",
            "shootSound":"none"
        },
        {
            "type": "RegenAbility",
            "percentAmount": 0,
            "amount": -0.05
        }
    ],
    "parts": [
        {
            "type": "ShapePart",
            "under": true,
            "rotateSpeed": 0,
            "color": "BF92F9",
            "sides": 8,
            "hollow": true,
            "stroke": 1.5,
            "strokeTo": 1.5,
            "radius": 96,
            "layer": 30
        },
        {
            "type": "ShapePart",
            "under": true,
            "rotateSpeed": 0,
            "color": "BF92F9",
            "sides": 8,
            "hollow": true,
            "stroke": 1.5,
            "strokeTo": 1.5,
            "radius": 32,
            "layer": 30
        },
        {
            "type": "ShapePart",
            "under": true,
            "rotateSpeed": 0,
            "color": "BF92F9",
            "sides": 8,
            "hollow": true,
            "stroke": 1.5,
            "strokeTo": 1.5,
            "radius": 64,
            "layer": 30
        },
        {
            "type": "HaloPart",
            "under": true,
            "color": "BF92F9",
            "tri": true,
            "shapes": 8,
            "triLength": 96,
            "triLengthTo": 96,
            "radius": 3,
            "radiusTo": 3,
            "rotateSpeed": 0,
            "shapeMoveRot": 0,
            "shapeRotation": 180,
            "haloRadius": 96,
            "haloRadiusTo": 96,
            "haloRotation": 0,
            "haloRotateSpeed": 0,
            "layer": 30
        }
    ],
    "weapons": [
        {
            "name": "Weapon",
            "x": 0,
            "y": 0,
            "mirror": false,
            "shootCone": 360,
            "shootOnDeath": true,
            "shootSound": "none",
            "rotate": true,
            "reload": 15,
            "targetInterval":0,
            "bullet": {
                "type": "BasicBulletType",
                "instantDisappear": true,
                "speed": 0,
                "shootEffect": "none",
                "damage": 0,
                "splashDamage": 80,
                "splashDamageRadius": 96,
                "suppressionRange":96,
                "status": "腐蚀网",
                "statusDuration": 60,
                "killShooter": true
            }
        }
    ]
}