{
	"type":"payload",
	"flying":true,
	"accel":0.07,"drag":0.06,
	"faceTarget":false,
	"useEngineElevation":false,
	"lowAltitude":true,
	"outlineColor":"2E2F34FF",
		"payloadCapacity":576,

	"engineSize":8,
	"engineOffset":21.25,
	"trailLength":10,

	"parts":[
	{"type":"HoverPart",
	"mirror":false,
	"x":0,"y":0,
	"radius":34,
	"phase":90,
	"stroke":2,
	"layerOffset":-0.001,
	"color":"73FFAEFF"
	}	]

	"name":"巡界",
	"description":"搭载能量场，发射闪电治疗己方单位，攻击敌方单位。"
	"hitSize":45,
	"rotateSpeed":1,
	"itemCapacity":50,
	"speed":1.1,
	"health":11250,
	"armor":4,

	"research":{
	"parent":"ffac穹卫",
	},

	"abilities":[
	{"type":"ForceFieldAbility",
	"sides":6,
	"radius":128,
	"regen":1,
	"max":6000,
	"cooldown":1000,
	},
	{"type":"EnergyFieldAbility",
	"x":0,"y":3,
	"damage":240,
	"reload":90,
	"range":144,
	"status":"electrified",
	"statusDuration":180,
	"hitBuildings":true,
	"hitUnits":true,
	"healPercent":1,
	"maxTargets":8,
	"useAmmo":false,
	"color":"73FFAEFF",
	}	],
	"weapons":[
	{"name":"none",
		"mirror":false,
		"top":false,
		"x":0,"y":0,
		"rotate":false,
		"rotateSpeed":0,
		"reload":600,
		"recoil":0,
		"shootSound":"plasmaboom",

		"shoot": {"type": "shootSpread",//类型,扩散子弹
		"firstShotDelay":0
		"shots":4,//每轮子弹
		"spread":8},//扩散区域

		"bullet":{
		"keepVelocity":false,
		"type": "basicBulletType",
		"sprite": "狐冥-圆",
		"damage":400,
		"width":16,"height":16,
		"speed":4,
		"lifetime":65,
		"homingDelay":1,
		"homingPower":0.2,
		"homingRange":320,
		"weaveScale": 5,
		"weaveMag": 3,
		"splashDamageRadius": 80,
		"splashDamage":200,
"status":"electrified",
        "statusDuration":180,
	"hitEffect": "healWave",
	"despawnEffect": "smokeCloud",
	"smokeEffect": "smokeCloud",
		"chargeEffect": {
		"type": "multiEffect",
		"lifetime": 80,
		"effects": [
		{"type": "WaveEffect",
		"lifetime": 85,
		"sizeFrom": 75,
		"sizeTo": 0,
		"interp": "pow3In",
		"strokeFrom": 0,
		"strokeTo": 6,
		"colorFrom": "73FFAEFF",
		"colorTo": "50A385FF",
		},
		{"type": "ParticleEffect",
		"line": true,
		"particles": 5,
		"lifetime": 80,
		"offset": 50,
		"length": 120,
		"baseLength": -120,
		"cone": 360,
		"interp": "pow3In",
		"sizeInterp": "pow5Out",
		"strokeFrom": 0,
		"strokeTo": 2,
		"lenFrom": 0,
		"lenTo": 7,
		"colorFrom": "73FFAEFF",
		"colorTo": "50A385FF",
		},
		{"type": "ParticleEffect",
		"line": true,
		"particles": 5,
		"lifetime": 70,
		"offset": 50,
		"length": 100,
		"baseLength": -100,
		"cone": 360,
		"interp": "pow3In",
		"sizeInterp": "pow5Out",
		"strokeFrom": 0,
		"strokeTo": 2,
		"lenFrom": 0,
		"lenTo": 6,
		"colorFrom": "73FFAEFF",
		"colorTo": "50A385FF",
		},
		{"type": "ParticleEffect",
		"line": true,
		"particles": 5,
		"lifetime": 60,
		"offset": 50,
		"length": 80,
		"baseLength": -80,
		"cone": 360,
		"interp": "pow3In",
		"sizeInterp": "pow5Out",
		"strokeFrom": 0,
		"strokeTo": 2,
		"lenFrom": 0,
		"lenTo": 5,
		"colorFrom": "73FFAEFF",
		"colorTo": "50A385FF",
		},
		{"type": "ParticleEffect",
		"particles": 1,
		"sizeFrom": 1,
		"sizeTo": 14,
		"interp": "swingOut",
		"length": 0,
		"lifetime": 90,
		"colorFrom": "73FFAEFF",
		"colorTo": "50A385FF",
		"cone": 360
		},
		{"type": "ParticleEffect",
		"particles": 1,
		"sizeFrom": 1,
		"sizeTo": 7,
		"interp": "swingOut",
		"length": 0,
		"lifetime": 90,
		"colorFrom": "FFFFFFF",
		"colorTo": "FFFFFFF",
		"cone": 360
		}	]	},

	"shootEffect":
		{"type": "ParticleEffect",
		"particles": 1,
		"sizeFrom": 1,
		"sizeTo": 9,
		"length": 0,
		"lifetime": 28,
		"colorFrom": "73FFAEFF",
		"colorTo": "50A385FF",
		"cone": 360
		},

	"frontColor": "73FFAEFF",
		"backColor": "50A385FF",
		"trailChance": 1,
		"trailEffect": {
		"type": "ParticleEffect",
		"particles": 1,
		"length": 0,
		"lifetime": 20,
		"sizeFrom": 16,
		"region": "狐冥-圆",
		"colorFrom": "73FFAEFF",
		"colorTo": "50A385FF"
		}	}	}
	]
}