{
	"type": "GenericCrafter",
	"name": "塑料压制机",
	"description": "石油工业!我们的塑料会帮你解决问题",
	"health":250,
	"itemCapacity":20,
	"liquidCapacity":120,	
	"outputItem": {"item": "塑料","amount":5 },
	"size":2,
	"hasPower": true,
	"hasItems": true,
	"hasliquid": true,
	"craftTime":90,
	"consumes": {
		"power":4,
   "liquid":{"liquid":"天然气","amount":0.3}//1=60
		"items": {
			"items": [
				{ "item": "coal", "amount":2},	
			]
		}   
	},
	"requirements": [
		{ "item": "lead", "amount":120 },
		{ "item": "silicon", "amount":150},
		{ "item": "钢铁", "amount":100},
		{ "item": "metaglass", "amount":100},		    { "item": "titanium", "amount":100},
	]
"drawer":{
	    "type":"DrawMulti",
	    "drawers":[
	    {
	    "type":"DrawRegion",
	    "suffix":"-bottom"
	    },
	    {
	       "type":"DrawLiquidTile",
	    "drawLiquid":"天然气"
	    },
	    "DrawDefault"
	]},
	    "buildCostMultiplier":0.5,
    //建筑速度倍率（越大建的越慢）
	"category": "crafting",
	"research": "炼油厂",
	"idleSound": "respawning",
	"idleSoundVolume": 0.2
}
