{
	"type": "Separator",
	"name": "炼油厂",
	"description": "石油工业!我们的自动灌装机会帮助你解决问题",
	"health":250,
	"itemCapacity":20,
	"liquidCapacity":120,	
	"results": [
	{"item": "轻油桶", "amount": 8},
	{"item": "重油桶", "amount": 6},
	{"item": "天然气桶", "amount": 9},
	],
	"size":3,
	"hasPower": true,
	"hasItems": true,
	"hasliquid": true,
	"craftTime":100,
	"consumes": {
		"power":4,
   "liquid":{"liquid":"oil","amount":0.3}//1=60
	},
	"requirements": [
		{ "item": "lead", "amount":100 },
		{ "item": "silicon", "amount":150},
		{ "item": "钢铁", "amount":100},
		{ "item": "metaglass", "amount":100},
		{ "item": "水泥", "amount":100},	
	]
"drawer":{
	    "type":"DrawMulti",
	    "drawers":[
	    {
	    "type":"DrawRegion",
	    "suffix":"-bottom"
	    },
	    {
	       "type":"DrawLiquidTile",
	    "drawLiquid":"oil"
	    },
	    "DrawDefault"
        "DrawFlame"	    
	]},
	    "buildCostMultiplier":0.1,
    //建筑速度倍率（越大建的越慢）
	"category": "crafting",
	"research": "集成水泥厂",
	"idleSound": "respawning",
	"idleSoundVolume": 0.2
}
