{
    "type": "flying",
    "name": "天柱",
    "ammoType": "裂位能",
    "ammoCapacity": 800,
    "speed": 1.05,
    "drag": 0.075,
    "accel": 0.04,
    "flying": true,
    "engineOffset": 40,
    "engineSize": 16,
    "hitSize": 86,
    "faceTarget": true,
    "lowAltitude": true,
    "health": 122000,
    "armor": 30,
    "rotateSpeed": 0.78,
    "immunities": [
        "electrified","disarmed",
		"sapped","shocked","slow","休克",
		"corroded","拆解","干扰",
		"绝判","崩溃"
	],
    /*	"researchCostMultiplier": 0,
    "research": {
        "parent": "余晖",
        "objectives": [
            {
                "type": "OnSector",
                "preset": "第五战区"
            }
        ]
        },*/
        "weapons": [
            {
                "name": "天柱-点防",
                "type": "PointDefenseWeapon",
                "x": 18,
                "y": -20,
                "rotate": true,
                "recoil": 0,
                "shootY": 8,
                "rotateSpeed": 9,
                "reload": 16,
                "targetInterval": 9,
                "targetSwitchInterval": 10,
                "bullet": {
                    "speed": 25,
                    "lifetime": 12,
                    "shootEffect": "sparkShoot",
                    "hitEffect": "pointHit",
                    "maxRange": 250,
                    "damage": 100
                }
            },
            {
                "name": "天柱-点防",
                "type": "PointDefenseWeapon",
                "x": 32.25,
                "y": -2.5,
                "rotate": true,
                "recoil": 0,
                "shootY": 8,
                "rotateSpeed": 9,
                "reload": 16,
                "targetInterval": 9,
                "targetSwitchInterval": 10,
                "bullet": {
                    "speed": 25,
                    "lifetime": 12,
                    "shootEffect": "sparkShoot",
                    "hitEffect": "pointHit",
                    "maxRange": 250,
                    "damage": 100
                }
            },
            {
                "name": "天柱-巡飞弹",
                "rotate": false,
                "baseRotation": -90,
                "x": 18,
                "y": -20,
                "shootSound": "missileSmall",
                "shootWarmupSpeed": 0.096,
                "minWarmup": 0.98,
                "recoil": 0,
                "shootY": 8,
                "reload": 180,
                "shake": 5,
                "shootCone": 360,
                "inaccuracy": 12,
                "xRand": 16,
                "shoot": {
                    "shots": 8,
                    "shotDelay": 6
                },                  
                "bullet": {
                    "keepVelocity": false,
                    "speed": 0,
                    "maxRange": 840,
                    "shootEffect": "shootTitan",
                    "smokeEffect": "shootBigSmoke",
                    "spawnUnit": "天柱-巡"
                }  
            },
            {
                "name": "天柱-内爆弹",
                "rotate": false,
                "mirror": false,
                "y": 33,
                "shootStatusDuration": 200,
                "shootStatus": "overclock",
                "shootSound": "missileLarge",
                "shootWarmupSpeed": 0.05,
                "minWarmup": 0.98,
                "recoil": 0,
                "shootY": 8,
                "reload": 500,
                "shake": 5,
                "shootCone": 120,
                "inaccuracy": 0,   
                "bullet": {
                    "keepVelocity": false,
                    "speed": 0,
                    "maxRange": 960,
                    "shootEffect": "shootTitan",
                    "smokeEffect": {
                                "type": "ParticleEffect",
                                "particles": 25,
                                "interp": "fastSlow",
                                "sizeInterp": "pow3In",
                                "sizeFrom": 9,
                                "sizeTo": 0,
                                "length": -88,
                                "baseLength": 0,
                                "lifetime": 65,
                                "colorFrom": "EEC591",
                                "colorTo": "EEC591AA",
                                "cone": 35
                    },
                    "spawnUnit": "天柱-爆"
                }  
            }
        ]
    }