{
	"type": "payload",
	"payloadCapacity": 1024,
	"name": "工农B",
	"speed": 2.24,
	"rotateSpeed": 2.8,
	"drag": 0.07,
	"accel": 0.08,
	"targetFlags": ["drill"],
	"immunities": [
		"休克",
		"electrified",
		"干扰"
	],
	"ammoType": {
		"type": "PowerAmmoType",
		"totalPower": 8000
	},
	"hitSize": 28,
	"buildRange": 240,
	"buildSpeed": 2,
	"buildBeamOffset": 11,
	"flying": true,
	"faceTarget": true,
	"health": 3300,
	"armor": 12,
	"itemCapacity": 300,
	"itemOffsetY": 1,
	"engineOffset": 16,
	"engineSize": 2.8,
	"trailLength": 6,
	"engines": [
		{
			"x": -6,
			"y": -14,
			"radius": 1.8,
			"rotation": -112.5
		},
		{
			"x": 6,
			"y": -14,
			"radius": 1.8,
			"rotation": -67.5
		},
		{
			"x": -10.5,
			"y": -7,
			"radius": 2.25,
			"rotation": -112.5
		},
		{
			"x": 10.5,
			"y": -7,
			"radius": 2.25,
			"rotation": -67.5
		}
	],
	"lightRadius": 60,
	"lightColor": "97FFA8",
	"abilities": [
		{
			"type": "StatusFieldAbility",
			"duration": 50,
			"reload": 180,
			"range": 60,
			"applyEffect": "none",
			"activeEffect": {
				"type": "WaveEffect",
				"sides": 6,
				"lifetime": 30,
				"sizeFrom": 60,
				"sizeTo": 60,
				"strokeFrom": 2,
				"strokeTo": 0,
				"colorFrom": "97FFA8",
				"colorTo": "FFFFFF"
			},
			"effect": "修复"
		}
	],
	"parts": [
		{
			"type": "RegionPart",
			"mirror": true,
			"suffix": "-侧",
			"layerOffset": -0.001,
			"moveX": 1.75,
			"moveY": -1.75
		},
		{
			"type": "RegionPart",
			"mirror": false,
			"suffix": "-前",
			"layerOffset": -0.001,
			"moveY": -2
		},
		{
			"type": "HaloPart",
			"sides": 4,
			"shapes": 1,
			"rotateSpeed": 0.3,
			"color": "97FFA8",
			"layer": 110,
			"tri": false,
			"hollow": true,
			"stroke": 1,
			"strokeTo": 2,
			"radius": 24,
			"radiusTo": 16,
			"haloRadius": 0
		}
	],
	"weapons": [
		{
			"name": "工农B1",
			"reload": 300,
			"x": 0,
			"shootY": 9.5,
			"rotate": false,
			"top": false,
			"recoil": 0,
			"cooldownTime": 60,
			"inaccuracy": 0,
			"mirror": false,
			"shootSound": "torch",
			"alwaysContinuous": true,
			"shootWarmupSpeed": 0.125,
			"minWarmup": 0.98,
			"bullet": {
				"type": "ContinuousFlameBulletType",
				"recoil": 0.03,
				"knockback": 5,
				"damage": 18,
				"incendChance": 0,
				"status": "corroded",
				"statusDuration": 180,
				"laserAbsorb": true,
				"smokeEffect": {
					"type": "ParticleEffect",
					"particles": 9,
					"sizeFrom": 5,
					"sizeTo": 0,
					"baseLength": 4,
					"length": 50,
					"interp": "pow10Out",
					"sizeInterp": "pow5In",
					"lifetime": 20,
					"colorFrom": "a0b46e",
					"colorTo": "7CF38990",
					"cone": 12
				},
				"shootEffect": {
					"type":"WaveEffect",
					"sizeFrom": 0,
					"sizeTo": 50,
					"interp": "circleOut",
					"strokeFrom": 8,
					"strokeTo": 0,
					"colorFrom": "7CF389",
					"colorTo": "a0b46e"
				},
				"lightColor": "a0b46e88",
				"flareColor": "a0b46e",
				"hitColor": "a0b46e",
				"colors": [
					"7CF38990",
					"97FFA880",
					"a0b46e",
					"FFFFFF"
				],
				"length": 150,
				"width": 3
			}
		}
	]
}