{
	"type": "tank",
	"template": "TankUnitType",
	"healFlash": false,
	"treadFrames": 16,
	"treadPullOffset": 8,
	"crushDamage": 1,
	"treadRects": [
		{
			"x": -60,
			"y": -76,
			"width": 24,
			"height": 152
		}
	],
	"immunities": [
		"shocked",
		"burning",
		"electrified",
		"sapped",
		"崩溃",
		"修复",
		"抢修",
		"干扰",
		"强攻",
		"绝判",
		"毁灭"
	],
	"name": "战地指挥车",
	"rotateSpeed": 0.85,
	"speed": 0.715,
	"accel": 0.08,
	"drag": 0.08,
	"hitSize": 32,
	"ammoType": {
		"type": "PowerAmmoType",
		"totalPower": 4000
	},
	"ammoCapacity": 30,
	"hovering": true,
	"canDrown": false,
	"health": 13000,
	"armor": 14,
	"itemCapacity": 0,
	"faceTarget": false,
	"lightRadius": 200,
	"fogRadius": 40,
	"abilities": [
		{
			"type": "StatusFieldAbility",
			"duration": 80,
			"reload": 140,
			"range": 78,
			"applyEffect": "none",
			"activeEffect": {
				"type": "MultiEffect",
				"effects": [
					{
						"type": "WaveEffect",
						"lifetime": 60,
						"interp": "circleIn",
						"sides": 6,
						"sizeFrom": 30,
						"sizeTo": 30,
						"strokeFrom": 3,
						"strokeTo": 0,
						"colorFrom": "EEC591",
						"colorTo": "FF5B5B"
					},
					{
						"type": "WaveEffect",
						"lifetime": 60,
						"startDelay": 40,
						"interp": "circleIn",
						"sides": 6,
						"sizeFrom": 59,
						"sizeTo": 59,
						"strokeFrom": 4,
						"strokeTo": 0,
						"colorFrom": "EEC591",
						"colorTo": "FF5B5B"
					},
					{
						"type": "WaveEffect",
						"lifetime": 60,
						"startDelay": 80,
						"interp": "circleIn",
						"sides": 6,
						"sizeFrom": 88,
						"sizeTo": 88,
						"strokeFrom": 5,
						"strokeTo": 0,
						"colorFrom": "EEC591",
						"colorTo": "FF5B5B"
					}
				]
			},
			"effect": "shielded"
		},
		{
			"type": "StatusFieldAbility",
			"duration": 25,
			"reload": 20,
			"range": 78,
			"applyEffect": "none",
			"activeEffect": "none",
			"effect": "强攻"
		}
	],
	"parts": [
		{
			"type": "HaloPart",
			"shapeRotation": 180,
			"rotateSpeed": 0,
			"sides": 3,
			"shapes": 3,
			"color": "EEC59188",
			"layer": 59.9,
			"tri": true,
			"radius": 0,
			"radiusTo": 32,
			"triLength": 640,
			"haloRadius": 640,
			"haloRotateSpeed": 0.86
		}
	],
	"weapons": [
		{
			"name": "运载车2",
			"reload": 280,
			"x": 0,
			"y": -3,
			"shootY": 10,
			"shootCone": 360,
			"rotate": true,
			"rotateSpeed": 8,
			"mirror": false,
			"shootSound": "wave",
			"recoil": 0,
			"bullet": {
				"type": "BasicBulletType",
				"damage": 0,
				"speed": 640,
				"lifetime": 1,
				"instantDisappear": true,
				"shootEffect": {
					"type": "WaveEffect",
					"interp": "circleOut",
					"lifetime": 90,
					"sizeFrom": 0,
					"sizeTo": 640,
					"strokeFrom": 10,
					"strokeTo": 0,
					"colorFrom": "FFFFFF",
					"colorTo": "FFFFFF80"
				},
				"smokeEffect": "none",
				"splashDamageRadius": 640,
				"splashDamage": 0.1,
				"buildingDamageMultiplier": 0,
				"hitEffect": "none",
				"despawnEffect": "none",
				"statusDuration": 300,
				"status": "标记"
			}
		}
	]
}