{
    "type": "flying",
    "name": "[red]寰[orange]宇[yellow]支[green]配[cyan]天[blue]下[purple]！",
    "description": "[red]汝[orange]非[yellow]掌控[green]也[cyan],[blue]力[purple]非[red]汝[orange]也",
    "ammoCapacity": 1000,
    "ammoResupplyAmount": 1000,
    "speed": 15,
    "flying": true,
    "turnCursor": false,
    "engineOffset": 10,
    "engineSize": 1,
    "hitSize": 1,
    "targetAir": "true",
    "health": 999999999999,
    "armor": 2147483647,
    "mineSpeed": 2147483647,
    "mineTier": 2147483647,
    "buildSpeed": 2147483647,
    "rotateSpeed": 2147483647,
    "itemCapacity": 2147483647,
    "commandLimit": 2147483647,
    "rotateShooting": "true",
    "abilities": [
        {
            "type": "ForceFieldAbility",
            "radius": 2147483647,
            "regen": 2147483647,
            "max": 2147483647,
            "cooldown": 0.0000000
        }
    ],
    "weapons": [
        {
            "name": "寰宇支配天下1",
            "x": 4,
            "y": 4,
            "mirror": "true",
            "reload": 1,
            "rotate": true,
            "rotateSpeed": 27,
            "shootEffect": "shootSmall",
            "shootSound": "shoot",
            "bullet": {
                "type": "hitBulletBig",
                "damage": 2147483647,
                "frontColor": "FFDE00",
                "backColor": "FF4E00",
                "width": 27,
                "height": 27,
                "speed": 27,
                "lifetime": 2147483647,
                "reloadTime": 2147483647,
                "hittable": false,
                "reflectable": false,
                "absorbable": false,
                "buildingDamageMultiplier": 2147483647,
                "homingPower": 2147483647,
                "homingRange": 2147483647
            }
        }
    ]
}