{
"name":"石油抽取机" ,
"description":"能够从深处掘少量石油\n \n[blue][超限技术提取器]",
"type": "SolidPump",
"health": 350,
"size": 2,
"floating":true,
"hasPower": true,
"hasLiquids": true,
"liquidCapacity": 20,
	"requirements": [
	    {"item": "0铜铅合金", "amount": 55},
		{ "item": "1集成电路", "amount": 30 }
		{"item": "metaglass", "amount":65},
		{"item": "plastanium", "amount":55}
],
"consumes": { "power": 6},
"pumpAmount": 0.055,
"rotateSpeed": 0.75,
"result":"oil",
"baseEfficiency": 0.7,
"attribute": "oil",
"category": "production",
"research": {
	"parent":"BAAsBC1大型抽水机"
	"objectives": [
            {
				"type": "SectorComplete",
				"preset": "裂谷前哨"
			}
	]
	}
	"researchCostMultiplier": 0.5
}