{
    "name":"推土机",
    "type": "Drill",
    "description":"字面意思\n \n[blue][超限技术特种开采工具]",
    "size": 4,
    "health": 640,
    "tier": 0,//挖掘等级
    "drillTime": 150,//挖掘间隔
    "liquidBoostIntensity":2,//加速倍率
    "canOverdrive": true,
    "warmupSpeed": 0.002,
	"drillEffect": "mineBig",
    "updateEffect": "mineBig",
    "rotateSpeed": 5,
    "drawMineItem": true,
    "consumes": {
        "liquid": {
            "liquid": "water",
            "amount": 0.12,
            "booster": true,
            "optional": true
        }
    },
    "itemCapacity": 40,//物品容量
    "liquidCapacity": 20,//液体容量
    "requirements": [	
   { "item": "0铜铅合金", "amount":40},
   { "item": "silicon", "amount":35}
   { "item": "titanium", "amount":35}
   ],
    "category": "production",
    //"research": "BAAsBA1铜铅合成钻机"
    "research": {
	"parent":"BAAsBA1铜铅合成钻机"
	"objectives": [
            {
				"type": "SectorComplete",
				"preset": "overgrowth"
			}
	]
	}
	"researchCostMultiplier": 0.5
}
