{
    "name":"强化钻机",
    "type": "Drill",
    "description":"更好更大的气动钻头，可以挖钛。\n \n[blue][超限技术钻机]",
    "size": 3,
    "health": 640,
    "tier": 3,//挖掘等级
    "drillTime": 350,//挖掘间隔
    "liquidBoostIntensity":1.5,//加速倍率
    "canOverdrive": true,
    "warmupSpeed": 0.02,
	"drillEffect": "mineBig",
    "updateEffect": "mineBig",
    "rotateSpeed": 2,
    "drawMineItem": true,
    "consumes": {
        "liquid": {
            "liquid": "water",
            "amount": 0.05,
            "booster": true,
            "optional": true
        }
    },
    "itemCapacity": 40,//物品容量
    "liquidCapacity": 20,//液体容量
    "requirements": [	
   { "item": "0铜铅合金", "amount":10},
   { "item": "lead", "amount":15}
   ],
    "category": "production",
    "research": "BAAsBA1铜铅合成钻机"
    "researchCostMultiplier": 0.5
}
