{
    "type": "ImpactReactor",
    "name": "大型冲击反应堆",
    "description": "Q值为178",
    "health":1100,
	"size":5,
	"hasPower": true,
	"hasLiquid": true,
	"canOverdrive":true
	"plasmas":1,
	"warmupSpeed":600,//启动时间
	"explosionRadius":30,//爆炸范围
	"explosionDamage":360,//爆炸伤害
	"itemDuration": 120,//物品的使用时长
	"liquidCapacity":480,//液容
       "itemCapacity":20,//物容
	"powerProduction": 983450,//电力输出
	"consumes": {
	"power":5525,//电力输入
	"liquid": { "liquid": "cryofluid", "amount": 0.8},//液体多少
	"items": {
	"items": [
	{ "item": "thorium", "amount": 2},//燃料
			]
		}
}
    "requirements": [
		{"item":"copper","amount":32},
             {"item":"lead","amount":32},
             {"item":"graphite","amount":32},
             {"item":"silicon","amount":32},
             {"item":"titanium","amount":32},
             {"item":"metaglass","amount":32},
             {"item":"plastanium","amount":32},
	],
	"category": "power",
	"research": "中型冲击反应堆"
	"buildCostMultiplier":1,
}
/*{"item":"copper","amount":1,}//铜
{"item":"lead","amount":1,}//铅
{"item":"metaglass","amount":1,}//玻璃
{"item":"graphite","amount":1,}//石墨
{"item":"sand","amount":1,}//沙
{"item":"coal","amount":1,}//煤
{"item":"titanium","amount":1,}//钛
{"item":"thorium","amount":1,}//钍
{"item":"scrap","amount":1,}//废料
{"item":"silicon","amount":1,}//硅
{"item":"plastanium","amount":1,}//塑钢
{"item":"phase-fabric","amount":1,}//布
{"item":"surge-alloy","amount":1,}//合金
{"item":"spore-pod","amount":1,}//孢子
{"item":"blast-compound","amount":1,}//爆混
{"item":"pyratite","amount":1,}//硫