       
{
    "type": "ImpactReactor",
    "name": "小型冲击反应堆",
    "description": "Q值为18,由3×4+6得",
    "health":700,
	"size":3,
	"hasPower": true,
	"hasLiquid": true,
	"canOverdrive":true
	"plasmas":1,
	"warmupSpeed":360,//启动时间
	"explosionRadius":20,//爆炸范围
	"explosionDamage":240,//爆炸伤害
	"itemDuration": 120,//物品的使用时长
	"liquidCapacity":120,//液容
       "itemCapacity":10,//物容
	"powerProduction": 95,//电力输出
	"consumes": {
	"power":5,//电力输入
	"liquid": { "liquid": "water", "amount": 0.4},//液体多少
	"items": {
	"items": [
	{ "item": "pyratite", "amount": 1},//燃料
			]
		}

}

    "requirements": [
		{"item":"copper","amount":32},
             {"item":"lead","amount":32},
             {"item":"graphite","amount":32},
             {"item":"silicon","amount":32},
             {"item":"titanium","amount":32},
	],
	"category": "power",
	"research": "超小型冲击反应堆"
	"buildCostMultiplier":1,
}
/*,{"item":"copper","amount":1,}//铜
{"item":"lead","amount":1,}//铅
{"item":"metaglass","amount":1,}//玻璃
{"item":"graphite","amount":1,}//石墨
{"item":"sand","amount":1,}//沙
{"item":"coal","amount":1,}//煤
{"item":"titanium","amount":1,}//钛
{"item":"thorium","amount":1,}//钍
{"item":"scrap","amount":1,}//废料
{"item":"silicon","amount":1,}//硅
{"item":"plastanium","amount":1,}//塑钢
{"item":"phase-fabric","amount":1,}//布
{"item":"surge-alloy","amount":1,}//合金
{"item":"spore-pod","amount":1,}//孢子
{"item":"blast-compound","amount":1,}//爆混
{"item":"pyratite","amount":1,}//硫
