{
	"name":"合金传送桥",
	"description":"合金传送桥",
	"requirements": [
		{"item":"Mg-Al","amount":10},
		{"item":"Fe-C","amount":25},
		{"item":"Ti+","amount":5},
		{"item":"普通科技点","amount":60}
	],
	"category":"distribution",
	"research":{
	"parent":"csd3",
    "requirements":[
		{"item":"Mg-Al","amount":100},
		{"item":"Fe-C","amount":250},
		{"item":"Ti+","amount":50}
	]},
	"range":15,
	"transportTime":0.001,
	"speed":0.001,
	"bufferCapacity":50,
	"itemCapacity":20,
	"hasItems":true,
	"health":500,
	"size":1
}