{
	"name":"高级合金传送桥",
	"description":"高级合金传送桥",
	"requirements": [
		{"item":"Mg-Al","amount":30},
		{"item":"Fe-C","amount":80},
		{"item":"Ti+","amount":15},
		{"item":"普通科技点","amount":60}
	],
	"consumes":{
		"power":2.2
	},
	"category":"distribution",
	"research":{
	"parent":"csd4",
    "requirements":[
		{"item":"Mg-Al","amount":300},
		{"item":"Fe-C","amount":800},
		{"item":"Ti+","amount":150}
	]},
	"range":25,
	"transportTime":1,
	"itemCapacity":50,
	"hasItems":true,
	"hasPower":false,
	"health":850,
	"size":1
}