{
    "name":"装甲合金导管",
    "description": "超级管道",
    "health":5000,
	"size":1,
	"drawLiquidLight":true,
	"targetable":true,
	"hasLiquids":true,
    "liquidCapacity":100,
	"leakResistance":80,
	"floating":true,
    "requirements": [
		{"item": "Mg-Al", "amount":25},
		{"item": "ghbl", "amount":60},
		{"item":"普通科技点","amount":60}
	],
	"category": "liquid",
	"research":{
	"parent":"ytdg2",
    "requirements":[
		{"item": "Mg-Al", "amount":250},
		{"item": "ghbl", "amount":600}
	]}
}