{
"type":"Wall",//种类
"name":"致密墙",//名称
"description":"硬，能挡激光但是不会阻止电力节点自动连接。",//描述
"health":990,//生命
"size":1,//大小
"requirements":[
{"item":"sa-致密合金","amount":6}
],//建造消耗的材料
"category":"defense",//游戏界面分类
"research":"titanium-wall",//科技树前一项
"rebuildable":true,//是否能重建
"targetable":true,//是否受到单位攻击
"solid":true,//是否是固体
"absorbLasers":true,//吸收激光
}
