{
	"type":"payload",
	"payloadCapacity":384,
	"flying":true,
	"accel":0.3,"drag":0.1,
	"faceTarget":false,
	"useEngineElevation":false,
	"lowAltitude":true,
	"outlineColor":"2E2F34FF",

	"engineSize":8,
	"engineOffset":21.25,
	"trailLength":10,

	"parts":[
	{"type":"HoverPart",
	"mirror":false,
	"x":0,"y":0,
	"radius":34,
	"phase":90,
	"stroke":2,
	"layerOffset":-0.001,
	"color":"C2FF43FF"
	}	],

	"name":"坠山",
	"description":"行动迅捷，向敌人发射小型炮弹和EMP炮弹",
	"hitSize":47.5,
	"rotateSpeed":3,
	"itemCapacity":0,
	"speed":0.675,
	"health":8320,
	"armor":12,
	"range":305,

	"research":{
	"parent":"massif",
	"requirements":[
	"chromium/60000",
	"iridium/30000",
	"osmium/30000",
	"metaglass/50000",
	"silicon/13000",
	"plastanium/50000"
	],
	"objectives":[
	"senior-refabricator"
		]	},

	"immunities":[
	"wulfrum-amplify",
	"empI"
	],



	"weapons":[
	{"name":"mound-weapon",
		"mirror":false,
		"top":true,
		"x":0,"y":0,
		"rotate":true,
		"rotateSpeed":100,
		"reload":480,
		"recoil":0.5,
		"shootSound":"plasmaboom",
		"shootStatus":"unmoving",
		"shootStatusDuration":90,
		"chargeSound":"lasercharge",

		"shoot":{"type":"shootSpread",
		"firstShotDelay":90,
		"shots":8,
		"spread":45
		},

		"bullet":{
		"keepVelocity":false,
		"type":"basicBulletType",
		"sprite":"calamity-plasma",
		"damage":90,
		"width":16,"height":16,
		"speed":4,
		"lifetime":86,
		"homingDelay":1,
		"homingPower":0.2,
		"homingRange":304,
		"weaveScale":5,
		"weaveMag":3,
		"splashDamageRadius":24,
		"splashDamage":55,

	"hitEffect":"healWave",
	"despawnEffect":"smokeCloud",
	"smokeEffect":"smokeCloud",
		"chargeEffect":{
		"type":"multiEffect",
		"lifetime":80,
		"effects":[
		{"type":"WaveEffect",
		"lifetime":85,
		"sizeFrom":75,
		"sizeTo":0,
		"interp":"pow3In",
		"strokeFrom":0,
		"strokeTo":6,
		"colorFrom":"84F491FF",
		"colorTo":"F2FFF3FF"
		},
		{"type":"ParticleEffect",
		"line":true,
		"particles":5,
		"lifetime":80,
		"offset":50,
		"length":120,
		"baseLength":-120,
		"cone":360,
		"interp":"pow3In",
		"sizeInterp":"pow5Out",
		"strokeFrom":0,
		"strokeTo":2,
		"lenFrom":0,
		"lenTo":7,
		"colorFrom":"84F491FF",
		"colorTo":"F2FFF3FF"
		},
		{"type":"ParticleEffect",
		"line":true,
		"particles":5,
		"lifetime":70,
		"offset":50,
		"length":100,
		"baseLength":-100,
		"cone":360,
		"interp":"pow3In",
		"sizeInterp":"pow5Out",
		"strokeFrom":0,
		"strokeTo":2,
		"lenFrom":0,
		"lenTo":6,
		"colorFrom":"84F491FF",
		"colorTo":"F2FFF3FF"
		},
		{"type":"ParticleEffect",
		"line":true,
		"particles":5,
		"lifetime":60,
		"offset":50,
		"length":80,
		"baseLength":-80,
		"cone":360,
		"interp":"pow3In",
		"sizeInterp":"pow5Out",
		"strokeFrom":0,
		"strokeTo":2,
		"lenFrom":0,
		"lenTo":5,
		"colorFrom":"84F491FF",
		"colorTo":"F2FFF3FF"
		},
		{"type":"ParticleEffect",
		"particles":1,
		"sizeFrom":1,
		"sizeTo":14,
		"interp":"swingOut",
		"length":0,
		"lifetime":90,
		"colorFrom":"84F491FF",
		"colorTo":"F2FFF3FF",
		"cone":360
		},
		{"type":"ParticleEffect",
		"particles":1,
		"sizeFrom":1,
		"sizeTo":7,
		"interp":"swingOut",
		"length":0,
		"lifetime":90,
		"colorFrom":"FFFFFFF",
		"colorTo":"FFFFFFF",
		"cone":360
		}	]	},

	"shootEffect":
		{"type":"ParticleEffect",
		"particles":1,
		"sizeFrom":1,
		"sizeTo":9,
		"length":0,
		"lifetime":28,
		"colorFrom":"84F491FF",
		"colorTo":"F2FFF3FF",
		"cone":360
		},

	"frontColor":"84F491FF",
		"backColor":"F2FFF3FF",
		"trailChance":1,
		"trailEffect":{
		"type":"ParticleEffect",
		"particles":1,
		"length":0,
		"lifetime":20,
		"sizeFrom":16,
		"region":"calamity-plasma-back",
		"colorFrom":"84F491FF",
		"colorTo":"64CF8DAA"
		}	}	},

	{"name":"sandstone-weapon",
		"shootCone":15,
		"mirror":true,
		"rotate":true,
		"rotateSpeed":6,
		"x":12.75,"y":-12,
		"reload":40,
		"shootSound":"laser",
		"recoil":1,

		"bullet":{
		"type":"LaserBulletType",
		"length":120,
		"width":10,
		"damage":30,
		"hitEffect":"hitMeltHeal",
		"shootEffect":"hitMeltHeal",
		"colors":["64CF8DFF","84F491FF","F2FFF3FF"],
		"sideAngle":25,
		"sideLength":0,
		"sideWidth":0
		}	}	]
}