{
	"type": "GenericCrafter",
	"health": 360,
	"name": "塑钢重压机",
	  "description": "使用石油，钛和氢氧化物更高效的生产塑钢",
	"outputItem": {
	"item": "plastanium", "amount": 10
	},
	"itemCapacity": 20,
	"drawer": {
		"type": "DrawMulti",
		"drawers": [
			"DrawDefault",
			{
				"type": "DrawRegion",
				"suffix": "-r",
				"rotateSpeed":5,
				"rotation":45
			},
			{
				"type": "DrawRegion",
				"suffix": "-d"
			},
		]
	},
	"size": 3,
	"hasPower": true,
	"hasLiquids": false,
	"hasItems": true,
	"craftTime": 180,
	"craftEffect": "formsmoke",
	"updateEffect": "plasticburn",
	"consumes": {
	"power": 4,
	"items": {
		"items": [
	{ "item": "氢氧化物", "amount": 2 },
	{ "item": "titanium", "amount": 3 },
	]	}
	"liquids":{
	    "liquids":[
	{ "liquid": "oil", "amount": 0.5 }     ]  },
	}
	"requirements": [
	{ "item": "silicon", "amount": 100 },
	{ "item": "lead", "amount": 150 },
	{ "item": "graphite", "amount": 100 },
	{ "item": "titanium", "amount": 100 },
	{ "item": "铝", "amount": 60 },
	{ "item": "钨", "amount": 40 },
	],
	"category": "crafting",
	"research": "石油固化机"
}