{
  "type": "GenericCrafter",
  "name": "多重相织布编织机",
  "description": "更高效的生产相织布",
  "size": 3,
  "hasPower": true,
  "hasItems": true,
  "itemCapacity": 60,
  "hasLiquids": false,
  "craftTime": 120,
  "drawer": {
    "type": "DrawMulti",
    "drawers": [
      {
        "type": "DrawRegion",
        "suffix": "-b",
      },
      {
        "type": "DrawCircles",
        "color": "ffc073",
        "strokeMax": 1.2,
        "radius": 10,
        "amount": 3,
      },
      {
        "type": "DrawSpikes",
        "color": "ffd59e",
        "stroke": 1,
        "layers": 2,
        "amount": 8,
        "rotateSpeed": 0.5,
        "layerSpeed": -0.9
      },
      {
        "type": "DrawDefault" 
      },
      /*{
        "type": "DrawGlowRegion",
        "suffix": "-glow",
        "color": "ffef99",
        "alpha": 0.9,
        "glowIntensity": 0.6
      },*/
      {
        "type": "DrawMultiWeave",
        "glowColor": "ffd59e"
      }
    ]
  },
  "consumes": {
    "power": 10,
    "items": {
      "items": [
        {
          "item": "thorium",
          "amount": 5
        },
        {
          "item": "sand",
          "amount": 10
        }
      ]
    }
  },
  "requirements": [
    {
      "item": "碳化物",
      "amount": 320
    },
    {
      "item": "silicon",
      "amount": 320
    },
    {
      "item": "titanium",
      "amount": 140
    },
    {
      "item": "phase-fabric",
      "amount": 25
    }
  ],
  "category": "crafting",
  "research": "塑钢重压机",
  "outputItem": {
    "item": "phase-fabric",
    "amount": 5
  },
  "health": 300
}
