{
	"type": "Separator",
	"health": 360,
	"name": "大型解离机",
	"hidden":true
	"description": "更高效的从矿渣和废料中分离矿物，能产生铜和铅",
	"results": [
	{"item": "copper", "amount": 4},	
	{"item": "graphite", "amount": 3},
	{"item": "titanium", "amount": 3},
	{"item": "lead", "amount": 4},
	{"item": "sand", "amount": 5},
	{"item": "thorium", "amount": 2},
	],	
	"craftEffect": "smeltsmoke",
	"drawer": {
		"type": "DrawMulti",
		"drawers": [
			{
				"type": "DrawRegion",
				"suffix": "-b"
			},
			{
				"type": "DrawLiquidTile",
				"drawLiquid": "slag"
			},
			{
				"type": "DrawRegion",
				"suffix": "-r",
				"spinSprite": true,
				"rotateSpeed": 6
			},
			{
				"type": "DrawRegion",
				"suffix": "-d"
			},
			"DrawDefault"
		]
	},
	"itemCapacity": 40,	
	"liquidCapacity": 60,
	"size": 4,
	"hasLiquids": true,
	"hasItems": true,
	"craftTime": 15,
	"consumes": {
	"power": 6,	
	"items": {
		"items": [
	{ "item": "scrap", "amount": 2 },
	]	}	,
	"liquids":{
	    "liquids":[
	{ "liquid": "slag", "amount":0.36 },
	]  }  },
	"requirements": [
	{ "item": "titanium", "amount": 100 },
	{ "item": "metaglass", "amount": 60 },
	{ "item": "graphite", "amount": 70 },
	{ "item": "plastanium", "amount": 60 },	
	{ "item": "碳化物", "amount": 20 },
	{"item": "thorium", "amount": 90},
	{"item": "silicon", "amount": 130},
	],
	"category": "crafting",
	"research": "大型熔炉"

}