{
	"type": "GenericCrafter",
	"name": "孢子浸压机",	
	"description":"更高效的压缩孢子生产石油"
	"outputLiquid": "oil/0.8",
	"drawer": {
		"type": "DrawMulti",
		"drawers": [     
		    {
        "type": "DrawRegion",
        "suffix": "-b"
            },
			{
				"type": "DrawLiquidRegion",
				"drawLiquid": "oil"
			},
			{
				"type": "DrawRegion",
				"suffix": "-top"
			}
		]
	},
	"size": 3,
	"hasPower": true,
	"hasLiquids": true,
	"hasItems": true,
	"craftTime": 45,
	"itemCapacity": 40,
	"liquidCapacity": 60,
	/*"updateEffect": {
		"type": "ParticleEffect",
		"particles": 3,
		"sizeFrom": 3,
		"sizeTo": 0,
		"length": 15,
		"baseLength": 10,
		"lifetime": 10,
		"colorFrom": "E3E3E390",
		"colorTo": "ffffff"
	},*/
	"consumes": {
		"power": 4,
		"items": [
			"spore-pod/4"
		]
	},
	"requirements": [
		"silicon/40",
		"铝/60",
		"titanium/50",
		"metaglass/45"
	],
	"category": "crafting",
	"research": "大型窑炉"
}