{
	"type": "GenericCrafter",
	"health": 300,
	 "description": "将水加热蒸干以得到其中的盐",
	"name": "蒸发制盐工厂",
	"outputItem": {
	"item": "盐", "amount": 2
	},
	"itemCapacity": 20,
	"size": 3,
	"hasPower": true,
	"hasLiquids": false,
	"hasItems": true,
	"craftTime":30 ,
  "drawer": {
    "type": "DrawMulti",
    "drawers": [
      {
        "type": "DrawRegion",
        "suffix": "-b"
      },
      {
        "type": "DrawLiquidTile",
        "drawLiquid": "water",
        "alpha": 2
      },
      {
        "type": "DrawBubbles",
        "color": "7693e3",
        "sides": 10,
        "recurrence": 3,
        "spread": 6,
        "radius": 1.5,
        "amount": 20
      },
      {
        "type": "DrawRegion"
      },
      {
        "type": "DrawLiquidOutputs" 
      },
      {
        "type": "DrawGlowRegion",
        "alpha": 0.7,
        "color": "c4bdf3",
        "glowIntensity": 0.3,
        "glowScale": 6
      }
    ]
  },
	"consumes": {
	"power": 4,    
	"liquids":{
	    "liquids":[
	{ "liquid": "water", "amount": 0.25 }     ]  },	},
	"requirements": [
	{ "item": "lead", "amount": 90 },
	{ "item": "graphite", "amount": 60 },
	{ "item": "metaglass", "amount": 30 },	    { "item": "silicon", "amount": 70 },
	{ "item": "铁", "amount": 70 },
	],
	"category": "crafting",
	"research": "石料粉碎机"
}