{
    "name": "亡鸩增幅",
    "description": "此单位获得强化",
    "permanent": true,
    "damageMultiplier": 1.3,
    "healthMultiplier": 1.3,
    "speedMultiplier": 1.1,
    "reloadMultiplier": 1.1,
    "disarm": false,
    "show": true,
    "reactive": false,
    "color": "69686BFF",
    "effect": {
        "type": "ParticleEffect",
        "particles": 1,
        "length": 8,
        "lifetime": 60,
        "sizeFrom": 3,
        "sizeTo": 0,
        "colorFrom": "69686BFF",
        "colorTo": "69686B00",
        "region": "狐冥-方"
    },
    "effectChance": 0.05
}