{
	"type": "Reconstructor",
	"name": "天文级单位重构工厂",
	"size":11,
	"liquidCapacity":500,
	"consumes": {
		"power": 50,
			"items": [
		"silicon/5000",
		"plastanium/4000",
        "surge-alloy/2000",
		"thorium/1000",
		"metaglass/1000",
		"titanium/500",
		"graphite/250",
			],
		"liquid": "cryofluid/6"
	},
	"upgrades":[
        ["reign","陆攻6"],
		["eclipse","空攻6"], 
		["omura","海攻6"],
		["toxopid","爬爬6"],
		["corvus","陆辅6"],
		["oct","空辅6"],
		["navanax","海辅6"],
		["陆5","陆6"],
		["空5","空6"],
	],
	"constructTime": 20000,
	"requirements": [
		"lead/3000",
		"silicon/3800",
		"plastanium/2000",
        "surge-alloy/2800",
		"thorium/2800",
		"metaglass/2800",
		"titanium/1000",
		"graphite/1125",
		"copper/1125",
	],
	"category": "units",
	"buildVisibility": "shown",
	"researchCostMultiplier": 0,
		"research": {
		"parent": "tetrative-reconstructor",
	}
}