{
	"type": "GenericCrafter",
	"name": "中子态素收集器",
	"description": "收集中子素尘埃.",
	"outputItem": {"item": "中子素尘埃","amount": 1.0},
	"size": 1,
	"itemCapacity": 10,
	"hasPower": true,
	"hasLiquids": true,
	"craftTime": 300,
	"updateEffect": "smeltsmoke",
	"consumes": {
		"power": 100.0,
	},
	"requirements": [
		{ "item": "无尽奇点", "amount": 1 },
	],
	"category": "crafting",
	"research": "无尽奇点生成器",
	"idleSound": "respawning",
	"idleSoundVolume": 0.5
}