{
	"type": "ArtilleryTurret",
	"name": "中级魔力炮",
	"description": "使用魔力锭来攻击，防空很弱鸡",
	"targetAir": true,//对空，false=否
	"targetGround": true,//对地，true=是
	"health":900,//炮台生命值
	"size":1,//炮台的尺寸，1=32*32
	"shots":4,//一次发射几颗子弹
	"inaccuracy":0,//弹道偏差（貌似数值=角度）
	"reload":20,//多久可以发射一发，值越小，发射间隔越短
	"recoil":2,//后坐力
	"shootShake":0.0,//射击时抖动频率
	"shootCone":20,
	"rotateSpeed":2.5,//炮台转动瞄准角度的速度
	"range":450,//射击范围，值越大覆盖范围越大
	"ammoUseEffect":"fireballsmoke",
	"smokeEffect":"shootBigSmoke",
	"shootEffect":"lancerLaserShootSmoke",//shockwave
	//"drag":-0.05,
	"ammo":{
		"魔力锭":{
			"type":"ArtilleryBulletType"
			//"pierce": true,
			"damage": 60,//炮弹伤害
			"speed": 7.0,//炮弹飞行速度
			"lifetime": 4000,//炮弹飞行时间
			"frontColor":"00EEEE",
			"backColor":"00FFFF",
			"hitEffect":"blastExplosion",
			"bulletWidth":15.0,//炮弹宽
			"bulletHeight":40.0,//炮弹长
			"trailColor":"98F5FF",//拖尾颜色
			"reloadMultiplier":1.25,//发射间隔缩短倍数
			"splashDamage":10,//范围伤害数值
						"incendChance":0.9,//引发着火的几率（貌似1=100%）
			"incendAmount":6,//着火的数量
			"incendSpread":5,//着火传播的距离
			"fragBullets":9,//爆炸后产生的碎片数量
			"fragBullet":{//爆炸后产生的碎片种类
				"type":"ArtilleryBulletType",//BombBulletType
				"bulletWidth":1,//碎片宽
				"bulletHeight":2,//碎片长
				"backColor":"00F5FF",
				"frontColor":"00F5FF",
				"despawnEffect":"hitBulletBig",
				"trailColor":"98F5FF",
				"smokeEffect":"hitLiquid",
				"hitEffect":"impactcloud",
				"collides":true,//碎片发生碰撞，true=是
				"speed":3.25,//碎片飞行速度
				"damage":5,//碎片伤害
				"homingRange":7,
				"homeningPower":5,
				"hitEffect":"pulverize",
				}
		}
	},
	"requirements":[
		{ "item": "红色花瓣", "amount": 500 }
	    { "item": "活木", "amount": 50 }
	    { "item": "魔力锭", "amount": 100 }
	],
	"research": "spectre",
	"category": "turret"
}
