{
	"name": "侦查机工厂",
	"description": "生产侦查机",
	"type": "UnitFactory",
	"unitType": "侦查机",
	"size": 2,
	"produceTime": 450,
	"consumes": {
		"power": 15.0,
		"items": {
			"items": [
				{"item": "白色花瓣", "amount": 10},
				{"item": "红色花瓣", "amount": 10}
			]
		}
	},
	"category": "units",
	"research": "采矿机工厂",
	"requirements": [
		{ "item": "白色花瓣", "amount": 100 },
		{ "item": "暴怒符文", "amount": 4 },
		{ "item": "紫色花瓣", "amount": 100 },
	]
}
