{
	"type": "GenericSmelter",
	"name": "地之符文合成器",
	"description": "将魔力锭和白色花瓣转化为地之符文",
	"outputItem": { "item": "地之符文", "amount": 2},
	"size": 1,
	"hasPower": false,
	"hasLiquids": false,
	"hasItems": true,
	"craftTime": 9,
	"updateEffect": "smeltsmoke",
	"consumes": {
   "items": {
			 "items": [
				{ "item": "魔力锭", "amount": 4 }
	{ "item": "蓝色花瓣", "amount": 4 }
			]
  },
 },
	"requirements": [
		{ "item": "魔力锭", "amount": 40 },
	],
	"category": "crafting",
	"research": "pulverizer",
	"idleSound": "respawning",
	"idleSoundVolume": 0.5
}