{
	"type": "GenericSmelter",
	"name": "夏之符文合成器",
	"description": "将风之符文和地之符文转化为夏之符文",
	"outputItem": { "item": "夏之符文", "amount": 1},
	"size": 1,
	"hasPower": false,
	"hasLiquids": false,
	"hasItems": true,
	"craftTime": 9,
	"updateEffect": "smeltsmoke",
	"consumes": {
   "items": {
			 "items": [
				{ "item": "风之符文", "amount": 5 }
	{ "item": "地之符文", "amount": 5 }
			]
  },
 },
	"requirements": [
		{ "item": "魔力锭", "amount": 40 },
	],
	"category": "crafting",
	"research": "pulverizer",
	"idleSound": "respawning",
	"idleSoundVolume": 0.5
}