{
    "type": "SingleTypeGenerator",
    "name": "彼方兰",
    "description": "使用火之符文产生能量",
    "size": 1,
    "health": 500,
    "itemCapacity": 50,
    "hasLiquids": false,
    "hasItems": true,
    "powerProduction": 500
        "consumes": {
		"items": {
			"items": [
				{ "item": "火之符文", "amount": 1 }
			],
			"optional": true
		}
	},
    "requirements": [
		{"item": "火之符文", "amount": 98}
{"item": "活木", "amount": 100}
	],
	"category": "effect",
	"research": "火之符文生成器"
}