{
	"type": "GenericSmelter",
	"name": "无尽之锭生成器",
	"description": "合成最坚硬的无尽之锭",
	"outputItem": { "item": "无尽之锭", "amount": 1},
	"size": 1,
	"hasPower": false,
	"hasLiquids": false,
	"hasItems": true,
	"craftTime": 360,
	"updateEffect": "smeltsmoke",
	"consumes": {
   "items": {
			 "items": [
				{ "item": "水晶矩阵锭", "amount": 5 }
	{ "item": "无尽催化剂", "amount": 5 }
	{ "item": "中子锭", "amount": 5 }
			]
  },
 },
	"requirements": [
		{ "item": "水晶矩阵锭", "amount": 40 },
	{ "item": "无尽催化剂", "amount": 40 },
	{ "item": "中子锭", "amount": 40 },
	],
	"category": "crafting",
	"research": "无尽催化剂生成器",
	"idleSound": "respawning",
	"idleSoundVolume": 0.5
}