{
	"type": "GenericSmelter",
	"name": "植树厂",
	"description": "使用水之符文来生成木头",
	"outputItem": { "item": "木头", "amount": 5},
	"size": 1,
	"hasPower": false,
	"hasLiquids": false,
	"hasItems": true,
	"craftTime": 9,
	"updateEffect": "smeltsmoke",
	"consumes": {
   "items": {
			 "items": [
				{ "item": "水之符文", "amount": 1 }
			]
  },
 },
	"requirements": [
		{ "item": "白色花瓣", "amount": 10 },
	],
	"category": "crafting",
	"research": "pulverizer",
	"idleSound": "respawning",
	"idleSoundVolume": 0.5
}