{
	"type": "GenericSmelter",
	"name": "水晶矩阵锭生成器",
	"description": "将中子锭转化为无尽催化剂",
	"outputItem": { "item": "水晶矩阵锭", "amount": 4},
	"size": 1,
	"itemCapacity": 50,
	"hasPower": false,
	"hasLiquids": false,
	"hasItems": true,
	"craftTime": 180,
	"updateEffect": "smeltsmoke",
	"consumes": {
   "items": {
			 "items": [
				{ "item": "中子锭", "amount": 1 }
				{ "item": "无尽催化剂", "amount": 1 }
			]
  },
 },
	"requirements": [
		{ "item": "中子锭", "amount": 50 },
	],
	"category": "crafting",
	"research": "中子锭生成器",
	"idleSound": "respawning",
	"idleSoundVolume": 0.5
}