{
	"type": "GenericSmelter",
	"name": "白雏菊",
	"description": "将木头转化为活木",
	"outputItem": { "item": "活木", "amount": 1},
	"size": 1,
	"hasPower": false,
	"hasLiquids": false,
	"hasItems": true,
	"craftTime": 9,
	"updateEffect": "smeltsmoke",
	"consumes": {
   "items": {
			 "items": [
				{ "item": "木头", "amount": 1 }
			]
  },
 },
	"requirements": [
		{ "item": "白色花瓣", "amount": 40 },
	],
	"category": "crafting",
	"research": "pulverizer",
	"idleSound": "respawning",
	"idleSoundVolume": 0.5
}