{
	"type": "GenericSmelter",
	"name": "神秘花工厂{铜换红色神秘花}",
	"description": "鬼知道是什么原理",
	"outputItem": { "item": "红色神秘花", "amount": 2},
	"size": 2,
	"hasPower": false,
	"hasLiquids": false,
	"hasItems": true,
	"craftTime": 9,
	"updateEffect": "smeltsmoke",
	"consumes": {
   "items": {
			 "items": [
				{ "item": "copper", "amount": 5 }
			]
  },
 },
	"requirements": [
		{ "item": "copper", "amount": 100 },
	],
	"category": "crafting",
	"research": "pulverizer",
	"idleSound": "respawning",
	"idleSoundVolume": 0.5
}