{
	"type": "GenericSmelter",
	"name": "紫色神秘花分离器",
	"description": "把神秘花变成花瓣",
	"outputItem": { "item": "紫色花瓣", "amount": 4},
	"size": 1,
	"hasPower": false,
	"hasLiquids": false,
	"hasItems": true,
	"craftTime": 9,
	"updateEffect": "smeltsmoke",
	"consumes": {
   "items": {
			 "items": [
				{ "item": "紫色神秘花", "amount": 1 }
			]
  },
 },
	"requirements": [
		{ "item": "紫色神秘花", "amount": 10 },
	],
	"category": "crafting",
	"research": "pulverizer",
	"idleSound": "respawning",
	"idleSoundVolume": 0.5
}