{
	"type": "GenericSmelter",
	"name": "船体制作器",
	"description": "合成船体",
	"outputItem": { "item": "船体", "amount": 1},
	"size": 1,
	"hasPower": false,
	"hasLiquids": false,
	"hasItems": true,
	"craftTime": 9,
	"updateEffect": "smeltsmoke",
	"consumes": {
   "items": {
			 "items": [
				{ "item": "silicon", "amount": 10 }
	{ "item": "titanium", "amount": 5 }
			]
  },
 },
	"requirements": [
		{ "item": "魔力符文", "amount": 40 },
	],
	"category": "crafting",
	"research": "pulverizer",
	"idleSound": "respawning",
	"idleSoundVolume": 0.5
}