{   
   	"details":"也许我们从未存在 [red]这不是叛变",
	"inaccuracy": 6,
	"range": 228,
	"ammoTypes": {
		"metaglass": {
			"type": "FlakBulletType",
			"ammoMultiplier": 2,
			"reloadMultiplier": 0.8,
			"width": 6,
			"height": 8,
			"speed": 4,
			"lifetime": 56,
			"damage": 6,
			"splashDamage": 45,
			"splashDamageRadius": 25,
			"hitEffect": "flakExplosion",
			"fragBullets": 4,
			"fragBullet": {
				"type": "BasicBulletType",
				"despawnEffect": "none",
				"width": 5,
				"height": 12,
				"shrinkY": 1,
				"damage": 12,
				"lifetime": 20,
				"backColor": "E3E3E3",
				"frontColor": "FFFFFF",
				"speed": 3
			},
			"explodeRange": 20,
			"collidesGround": true
		},
		"blast-compound": {
			"type": "FlakBulletType",
			"ammoMultiplier": 5,
			"width": 6.5,
			"height": 8.5,
			"shootEffect": "shootBig",
			"speed": 4,
			"lifetime": 57,
			"damage": 8,
			"status": "blasted",
			"statusDuration": 60,
			"splashDamage": 45,
			"splashDamageRadius": 60,
			"hitEffect": "flakExplosionBig",
			"explodeRange": 20,
			"collidesGround": true
		},
		"plastanium": {
			"type": "FlakBulletType",
			"ammoMultiplier": 4,
			"shootEffect": "shootBig",
			"speed": 4,
			"lifetime": 57,
			"damage": 8,
			"backColor": "d8d97f",
			"frontColor": "fffac6",
			"status": "blasted",
			"statusDuration": 60,
			"splashDamage": 37.5,
			"splashDamageRadius": 40,
			"hitEffect": "plasticExplosion",
			"fragBullets": 6,
			"fragBullet": {
				"despawnEffect": "none",
				"width": 10,
				"height": 12,
				"shrinkY": 1,
				"damage": 12,
				"lifetime": 15,
				"backColor": "d8d97f",
				"frontColor": "fffac6",
				"speed": 2.5
			},
			"explodeRange": 20,
			"collidesGround": true
		},
		"surge-alloy": {
			"type": "FlakBulletType",
			"speed": 4.5,
			"lifetime": 52,
			"width": 9,
			"height": 10,
			"damage": 13,
			"shootEffect": "shootBig",
			"splashDamageRadius": 38,
			"splashDamage": 75,
			"lightningDamage": 16,
			"lightning": 2,
			"lightningLength": 7,
			"ammoMultiplier": 5,
			"explodeRange": 20,
			"collidesGround": true
		},
		"钻石": {
			"type": "FlakBulletType",
			"backColor": "7595D2",
			"speed": 4,
			"lifetime": 57,
			"width": 6,
			"height": 8,
			"damage": 5,
			"shootEffect": "shootBig",
			"splashDamageRadius": 28,
			"splashDamage": 23,
			"status": "unmoving",
			"statusDuration": 6,
			"ammoMultiplier": 3,
			"explodeRange": 20,
			"collidesGround": true
		},
		"phase-fabric": {
			"type": "BasicBulletType",
			"rangeChange": 32,
			"damage": 54,
			"splashDamageRadius": 28,
			"splashDamage": 92,
			"inaccuracy": 3,
			"speed": 25,
			"lifetime": 11,
			"width": 9,
			"height": 23,
			"hittable": false,
			"absorbable": false,
			"pierceArmor": true,
			"backColor": "EEC591",
			"frontColor": "E3E3E3",
			"trailLength": 6,
			"trailWidth": 2,
			"trailColor": "EEC591",
			"hitEffect": {
				"type": "WrapEffect",
				"effect": "dynamicSpikes",
				"color": "EEC591",
				"rotation": 28
			},
			"despawnEffect": {
				"type": "ParticleEffect",
				"particles": 6,
				"sizeFrom": 8,
				"sizeTo": 0,
				"length": 60,
				"baseLength": 0,
				"lifetime": 60,
				"interp": "fastSlow",
				"sizeInterp": "pow5In",
				"colorFrom": "FEEBB3",
				"colorTo": "FEEBB350",
				"cone": 20
			},
			"shootEffect": "shootBig",
			"smokeEffect": {
				"type": "ParticleEffect",
				"particles": 3,
				"interp": "pow5Out",
				"sizeInterp": "pow5In",
				"sizeFrom": 3,
				"sizeTo": 0,
				"length": 30,
				"baseLength": 0,
				"lifetime": 30,
				"colorFrom": "FEEBB3AA",
				"colorTo": "FEEBB380",
				"cone": 15
			},
			"hitSound": "laser",
			"hitSoundVolume": 0.3,
			"statusDuration": 60,
			"ammoMultiplier": 6
		},
		"硫化炸药": {
			"type": "FlakBulletType",
			"rangeChange": 32,
			"speed": 4,
			"lifetime": 64,
			"width": 10,
			"height": 11,
			"damage": 11,
			"status": "blasted",
			"statusDuration": 60,
			"reloadMultiplier": 0.85,
			"backColor": "D85555",
			"frontColor": "FE7777",
			"shootEffect": "shootBig",
			"splashDamageRadius": 25,
			"splashDamage": 42,
			"hitEffect": "flakExplosionBig",
			"ammoMultiplier": 6,
			"explodeRange": 20,
			"collidesGround": true,
			"fragLifeMin": 0.1,
			"fragBullets": 5,
			"fragBullet": {
				"type": "FlakBulletType",
				"hitEffect": "blastExplosion",
				"status": "blasted",
				"width": 8,
				"height": 9,
				"damage": 8,
				"backColor": "D85555",
				"frontColor": "FE7777",
				"scaledSplashDamage": true,
				"splashDamageRadius": 35,
				"splashDamage": 42,
				"lifetime": 20,
				"collidesGround": true,
				"speed": 2.5,
				"drag": 0.005
			}
		}
	}
	//"research": "swarmer"//
}