{
    "ammoUseEffect": "casing2",
    "inaccuracy": 17,
    "rotateSpeed": 12,
    "shake": 0.5,
    "targetGround": true,
    "ammoTypes": {
        "scrap": {
            "type": "FlakBulletType",
            "ammoMultiplier": 5,
            "speed": 6,
            "lifetime": 36,
            "width": 6,
            "height": 8,
            "damage": 3,
            "splashDamage": 33,
            "splashDamageRadius": 24,
            "reloadMultiplier": 0.5,
            "collidesGround": true,
            "hitEffect": "flakExplosion"
        },
        "lead": {
            "type": "FlakBulletType",
            "ammoMultiplier": 4,
            "speed": 6.5,
            "lifetime": 33,
            "width": 6,
            "height": 8,
            "damage": 3,
            "splashDamage": 40.5,
            "splashDamageRadius": 15,
            "hitEffect": "flakExplosion"
        },
        "metaglass": {
            "type": "FlakBulletType",
            "ammoMultiplier": 5,
            "reloadMultiplier": 0.7,
            "speed": 6,
            "lifetime": 36,
            "width": 6,
            "height": 8,
            "damage": 3,
            "splashDamage": 45,
            "collidesGround": true,
            "splashDamageRadius": 20,
            "hitEffect": "flakExplosion",
            "fragBullets": 6,
            "fragBullet": {
                "type": "BasicBulletType",
                "collidesGround": true,
                "despawnEffect": "none",
                "width": 5,
                "height": 12,
                "shrinkY": 1,
                "damage": 5,
                "lifetime": 20,
                "speed": 3
            }
        },
        "blast-compound": {
            "type": "FlakBulletType",
            "inaccuracy": 6,
            "explodeRange": 30,
            "ammoMultiplier": 5,
            "speed": 6,
            "lifetime": 34,
            "width": 8,
            "height": 10,
            "damage": 3,
            "collidesGround": true,
            "splashDamage": 55,
            "splashDamageRadius": 35,
            "backColor": "E58956",
            "hitEffect": "flakExplosionBig"
        },
        "pyratite": {
            "type": "FlakBulletType",
            "ammoMultiplier": 1.25,
            "speed": 6,
            "lifetime": 34,
            "width": 6,
            "height": 8,
            "damage": 5,
            "splashDamage": 2,
            "splashDamageRadius": 15,
            "frontColor": "FFA500",
            "backColor": "9acd32",
            "status": "burning",
            "collidesGround": true,
            "statusDuration": 25,
            "hitEffect": "flakExplosion"
        }
    "surge-alloy": {
        "type": "FlakBulletType",
        "ammoMultiplier": 1.25,
        "speed": 7,
        "lifetime": 34,
        "width": 6,
        "height": 8,
        "damage": 5,
        "splashDamage": 2,
        "splashDamageRadius": 15,
        "frontColor": "FFD700",
        "backColor": "FFFF00",
        "status": "shocked",
        "statusDuration": 25,
        "collidesGround": true,
        "hitEffect": "flakExplosion",
        "fragBullets": 12,
            "fragBullet": {
                "type": "BasicBulletType",
                "collidesGround": true,
                "despawnEffect": "none",
                "width": 5,
                "height": 12,
                "shrinkY": 1,
                "damage": 5,
                "lifetime": 20,
                "speed": 4
            }
          },
    }
          "category": "turret"  
}