{
    "details":"也许我们从未存在",
    "range": 260,
    "shoot": {
        "shots": 8,
        "shotDelay": 2,
        "type": "ShootAlternate",
        "barrels": 3,
        "spread": 3.5
    },
    "ammoPerShot": 1,
    "reload": 32,
    "ammoTypes": {
        "blast-compound": {
            "type": "MissileBulletType",
            "width": 8,
            "height": 8,
            "shrinkY": 0,
            "speed": 3.7,
            "lifetime": 70.27,
            "damage": 10,
            "splashDamageRadius": 30,
            "splashDamage": 50,
            "ammoMultiplier": 5,
            "hitEffect": "blastExplosion",
            "despawnEffect": "blastExplosion",
            "status": "blasted",
            "statusDuration": 60
        },
        "pyratite": {
            "type": "MissileBulletType",
            "frontColor": "f8ad42",
            "backColor": "f68021",
            "width": 7,
            "height": 8,
            "shrinkY": 0,
            "homingPower": 0.08,
            "makeFire": true,
            "speed": 3.7,
            "lifetime": 70.27,
            "damage": 12,
            "splashDamageRadius": 20,
            "splashDamage": 45,
            "ammoMultiplier": 5,
            "hitEffect": "blastExplosion",
            "status": "burning",
            "statusDuration": 360
        },
        "surge-alloy": {
            "type": "MissileBulletType",
            "backColor": "F2E770",
            "frontColor": "FFFFFF",
            "trailColor": "F2E770",
            "width": 8,
            "height": 8,
            "shrinkY": 0,
            "speed": 3.7,
            "lifetime": 70.27,
            "damage": 20,
            "splashDamageRadius": 25,
            "splashDamage": 48,
            "ammoMultiplier": 4,
            "hitEffect": "blastExplosion",
            "despawnEffect": "blastExplosion",
            "lightningDamage": 16,
            "lightning": 2,
            "lightningLength": 10
        },
        "plastanium": {
            "type": "MissileBulletType",
            "frontColor": "FFFFFF",
            "backColor": "CBD87E",
            "trailColor": "CBD87E",
            "speed": 4.1,
            "lifetime": 63.41,
            "damage": 15,
            "status": "unmoving",
            "statusDuration": 9,
            "ammoMultiplier": 4,
            "width": 7,
            "height": 9,
            "despawnEffect": "blastExplosion",
            "hitEffect": "blastExplosion",
            "shootEffect": "none",
            "splashDamageRadius": 32,
            "splashDamage": 19
        },
        "thorium": {
            "type": "MissileBulletType",
            "rangeChange": 70,
            "backColor": "F8A3C7",
            "trailColor": "F8A3C7",
            "speed": 3,
            "lifetime": 100,
            "damage": 9,
            "status": "corroded",
            "statusDuration": 60,
            "ammoMultiplier": 6,
            "width": 10,
            "height": 10,
            "despawnEffect": "blastExplosion",
            "hitEffect": "blastExplosion",
            "shootEffect": "none",
            "splashDamageRadius": 32,
            "splashDamage": 44,
            "fragLifeMin": 0.1,
            "fragBullets": 4,
            "fragBullet": {
                "type": "BasicBulletType",
                "damage": 9,
                "despawnEffect": "flakExplosion",
                "status": "corroded",
                "statusDuration": 60,
                "knockback": 1.5,
                "backColor": "F8A3C7",
                "width": 3,
                "height": 3,
                "splashDamageRadius": 30,
                "splashDamage": 38,
                "lifetime": 20,
                "speed": 2.5,
                "drag": 0.005
            }
        },
   "phase-fabric": {
            "type": "BasicBulletType",
            "rangeChange": 70,
            "backColor": "FFD59E",
            "frontColor": "F19583",
            "trailLength": 8,
            "trailWidth": 2.4,
            "trailColor": "FFD59E",
            "hittable": false,
            "absorbable": false,
            "pierceArmor": true,
            "sprite": "circle-bullet",
            "width": 5,
            "height": 5,
            "shrinkY": 0,
            "homingDelay": 28.5,
            "homingPower": 1,
            "homingRange": 90,
            "speed": 2,
            "drag": -0.08,
            "lifetime": 30,
            "damage": 14,
            "status": "corroded",
            "statusDuration": 30,
            "reloadMultiplier": 0.667,
            "ammoMultiplier": 5,
            "hitEffect": {
                "type": "WrapEffect",
                "effect": "dynamicSpikes",
                "color": "FFD59E",
                "rotation": 18
            },
            "despawnEffect": {
                "type": "ParticleEffect",
                "particles": 1,
                "sizeInterp": "pow5In",
                "sizeFrom": 2,
                "sizeTo": 0,
                "length": 0,
                "baseLength": 0,
                "lifetime": 25,
                "colorFrom": "FFD59E",
                "colorTo": "F19583"
            },
            "shootEffect": "none",
            "hitSound": "laser",
            "hitSoundVolume": 0.1,
            "splashDamageRadius": 16,
            "splashDamage": 22,
            "lightningColor": "FFD59E",
            "lightningDamage": 14,
            "lightning": 2,
            "lightningLength": 4,
            "lightningLengthRand": 4,
            "fragBullets": 1,
            "fragRandomSpread": 0,
            "fragBullet": {
                "type": "ShrapnelBulletType",
                "pierceArmor": true,
                "status": "corroded",
                "statusDuration": 30,
                "hitEffect": {
                    "type": "ParticleEffect",
                    "particles": 5,
                    "line": true,
                    "interp": "pow5Out",
                    "sizeInterp": "pow5In",
                    "length": 7,
                    "baseLength": 0,
                    "lifetime": 20,
                    "colorFrom": "F19583",
                    "colorTo": "FFD59E"
                },
                "fromColor": "F7D7BD",
                "toColor": "FFD59E",
                "despawnEffect": "none",
                "damage": 52,
                "width": 8,
                "length": 80
            }
        }
    }
    	"research": "turret-unit-奇思妙想-重建台"
}