{
    "type": "PowerTurret",
    "name": "护理",
    "description": "发射修复激光修复友方单位,适合延缓防线破坏程度,主动修复友方单位。",
    "targetAir": true,
    "targetGround": true,
    "health": 800,
    "size": 3,
    "heatColor": "turretHeat",
    "shootSound": "激光",
    "shake": 0.2,
    "inaccuracy": 0,
    "recoil": 0,
    "shoot": {
        "type": "ShootAlternate",
        "barrels": 1,
        "spread": 4
    },
    "recoilTime": 100,
	"targetHealing":true,
	"canOverdrive": false,
    "shootType": {
	"type":"BasicBulletType",/*子弹类型 */
	"damage": 18,/*伤害 */
	"frontColor":"97FFA8FF",/*子弹颜色 正面颜色*/
	"backColor":"97FFA8FF",/*背景色 */
	"width": 15,/*子弹宽度 */
	"height": 20,/*子弹长度 */
	"speed": 10,/*子弹速度 */
	"lifetime":30,//存在时间，帧
	    "homingRange": 1,
    "homingPower": 1,
      	"healPercent": 5,
        "ammoMultiplier": 1,
        "collidesAir": true
        "collidesGround": true
        "targetAir": true
        "targetGround": true
                "collidesTeam":true,
                	"fragBullets":10,
        "fragBullet":{
		"type":"BasicBulletType",
		"despawnEffect":"none",
		"despawnEffect":"burning",
			"frontColor":"97FFA8FF",/*子弹颜色 正面颜色*/
	"backColor":"97FFA8FF",/*背景色 */
	"healPercent": 0.1,
		"width":4,	
		"height":15,
			"healPercent": 0.5,
		"damage":4,
			"splashDamageRadius":32,
	"splashDamage":6,
        "lifetime":5,
        "speed":4,
        "drag":0.005
            "homingRange": 1,
    "homingPower": 1,
        "collidesTeam":true,
        "collidesAir": true
        "collidesGround": true
        "targetAir": true
        "targetGround": true
	} 	
        "hitEffect": {
            "type": "WaveEffect",
            "lifetime": 8,
            "sizeFrom": 0,
            "sizeTo": 8,
            "strokeFrom": 1,
            "strokeTo": 0,
            "colorFrom": "FFFFFF",
            "colorTo": "FFFFFF"
        },
        "despawnEffect": {
            "type": "WaveEffect",
            "lifetime": 8,
            "sizeFrom": 0,
            "sizeTo": 8,
            "strokeFrom": 1,
            "strokeTo": 0,
            "colorFrom": "FFFFFF",
            "colorTo": "FFFFFF"
        }
    },
    "shootEffect": {
        "type": "WaveEffect",
        "lifetime": 8,
        "sizeFrom": 0,
        "sizeTo": 8,
        "strokeFrom": 1,
        "strokeTo": 0,
        "colorFrom": "FFFFFF",
        "colorTo": "FFFFFF"
    },
    "consumes": {
        "power": 8,
    },
    "reload": 30,
    "rotateSpeed": 12,
    "range": 300,
    "category": "turret",
    "research": "mend-projector",
    "requirements": [
        {"item": "copper", "amount": 70  },
        { "item": "lead","amount": 120 },
        { "item": "silicon", "amount": 80 }
        { "item": "titanium", "amount": 40 }
    ]
}