{
	"type": "PowerTurret",
	"name": "岩浆",
	"description": "聚集能量打击敌人，附着烧伤。",
	"targetAir": true,
	"targetGround": true,
	"health": 1000,
	"size": 3,
	"shootSound":"laser",
	"shake":2,
	"inaccuracy": 10,
	"recoil": 3,
	"recoilTime":10
	"shoot":{
		"shots":3,
	    "shotDelay":3,
	},
	"shootType": {	
	"type" : "BasicBulletType",
	"damage": 180,//伤害
	"splashDamageRadius":45,
	"splashDamage":65,
	"makeFire":true,
	"barrels": 2,
    "trailLength":4,
	"trailWidth":1.5,
    "trailColor":"FF8C00",
	"frontColor":"FFD700",
	"backColor":"FF8C00",
	"width": 8,
	"height": 26,
	"status":"burning",
	"statusDuration":180,
	"speed": 20,
	"lifetime": 10,
	"ammoMultiplier":3,
	"hitEffect": {
"type": "MultiEffect",
	"effects": [
	{"type": "ParticleEffect",
    "particles": 16,
    "sizeFrom": 6,
    "sizeTo": 0,
    "length": 35,
    "baseLength": 10,
    "lifetime": 25,
    "colorFrom": "FF8C0080",
    "colorTo": "FF8C0080",
    "cone": 360},
    {"type": "WaveEffect",
    "lifetime": 15,
    "sizeFrom": 1,
    "sizeTo": 30,
    "strokeFrom": 3,
    "strokeTo": 0,
    "colorFrom": "FF8C00",
    "colorTo": "FF8C0000"}]
	},
	"despawnEffect":"none",
	"shootEffect": {     
        "type": "WaveEffect",
        "lifetime": 16,
        "sizeFrom": 1,
        "sizeTo": 32,
        "strokeFrom": 2,
        "strokeTo": 0,
        "colorFrom": "FFFFFF",
        "colorTo": "FFD700"
	   }
	},
	   "consumes": {
		"power":12,//耗电
	"coolant":{"amount":0.2,"optional":true}  
		},
	"reload": 500,//发射间隔
	"rotateSpeed": 0.8,//炮台转速
	"range": 200,
	"category": "turret",
	"research": "热浪",
	"requirements": [
	{ "item": "lead", "amount":300},
	{"item": "一级建筑许可"，"amount": 50}
	{ "item": "titanium", "amount":240},
	{ "item": "metaglass", "amount":180},
	{ "item": "plastanium", "amount":120},
	{ "item": "silicon", "amount": 300}
	{"item" : "surge-alloy", "amount": 30}
	
	]
}
