{
	"name": "热浪",
	"description": "发射高温激光对中程敌人持续轰击，造成较高伤害",
	"type": "LaserTurret",
	"size": 2,
	"health": 750,
	"shootEffect":"none",
	"shootSound":"pulse",
	"range": 100,
	"reload":3,
	"liquidCapacity": 120,
	"inaccuracy": 0,
	"recoil": 3,
	"rotateSpeed": 9,
	"shake": 2,
	"coolEffect":"steam",
	"cooldownTime":20,
	"consumes":{
	"power":6,
	"liquid":
{"liquid":"water","amount":"0.05"}
},
	"shootType": {
	"type": "ContinuousLaserBulletType",
	"hitEffect": "hitMeltdown",
	"width":4,	"length":82.5,
	"knockback":0.2,
	"damage":7,	"ammoMultiplier":1
	},
	"shootDuration": 270,
	"requirements": [
   { "item": "silicon", "amount": 80},
   { "item": "titanium", "amount": 80},
   { "item": "graphite", "amount": 45}
   {"item": "一级建筑许可"，"amount": 25}
   { "item": "铜钛合金", "amount": 120}
],
"category": "turret",
"research": "scorch",
}