{
	"type": "ItemTurret",
	"name": "阵雨",
	"health": 900,
	"size": 2,
	"reload": 90,
	"range": 334,
	"recoil": 1,
    "targetGround": true,
	"targetAir": false,
	"shootSound": "artillery",
	"shake": 1.2,
	"consumes": {
		"coolant": {
			"amount": 0.45,
			"optional": true
		}
	},
	"drawer": {
		"type": "DrawTurret",
		"parts": [
			{
				"type": "RegionPart",
				"mirror": false,
				"suffix": "-筒",
				"progress":"recoil",
				"moveY": -1.5
			}
		]
	},
    "coolantMultiplier": 1.3,
    "velocityRnd": 0.15,
    "ammoUseEffect": "casing3",
	"inaccuracy": 4.5,
	"rotateSpeed": 2.5,
	"maxAmmo": 30,
	"ammoPerShot": 3,
	"ammoTypes": {
        "graphite":{
			"type": "FlakBulletType",
			"sprite": "large-bomb",
			"spin": 6,
			"ammoMultiplier": 2,
			"reloadMultiplier": 0.8,
			"width": 18,
			"height": 18,
			"speed": 4,
			"lifetime": 58.5,
            "damage": 0,
			"splashDamage": 0.1,
			"splashDamageRadius": 0.1,
			"shrinkY": 0,
			"frontColor":"DAE1EE",
			"backColor":"7D89D8",
			"despawnEffect": "flakExplosion",
			"fragBullets": 28,
            "fragRandomSpread": 30,
            "fragLifeMin": 0.4,
			"fragBullet": {
				"type": "ArtilleryBulletType",
				"width": 6,
				"height": 6,
				"shrinkY": 0.25,
				"splashDamage": 24,
                "splashDamageRadius": 22,
                "knockback": 0.5,
                "scaledSplashDamage": true,
				"lifetime": 25,
				"frontColor":"DAE1EE",
				"backColor":"7D89D8",
                "hitEffect": "blastExplosion",
                "status": "blasted",
				"speed": 8
			},
			"explodeRange": 100,
            "collidesGround": true 

        },
        "pyratite":{   
            "type": "FlakBulletType",
			"spin": 6,
			"sprite": "large-bomb",
			"frontColor": "f8ad42",
			"backColor": "f68021",
			"ammoMultiplier": 3,
			"width": 18,
			"height": 18,
			"speed": 4.5,
			"lifetime": 52.5,
            "damage": 0,
			"splashDamage": 0.1,
			"splashDamageRadius": 0.1,
			"shrinkY": 0,
			"despawnEffect": "flakExplosion",
            "trailEffect": "incendTrail",
			"fragBullets": 24,
            "fragRandomSpread": 45,
            "fragLifeMin": 0.4,
			"fragBullet": {
				"type": "ArtilleryBulletType",
				"width": 8,
				"height": 8,
				"shrinkY": 0.25,
				"splashDamage": 32,
                "splashDamageRadius": 28,
                "scaledSplashDamage": true,
                "makeFire": true,
                "frontColor": "f8ad42",
                "backColor": "f68021",
				"lifetime": 28,
                "hitEffect": "blastExplosion",
                "trailEffect": "incendTrail",
                "status": "burning",
                "statusDuration": 180,
				"speed": 7
			},
			"explodeRange": 100,
            "collidesGround": true 
        },
        "blast-compound":{
			"type": "FlakBulletType",
			"sprite": "large-bomb",
			"spin": 5,
			"ammoMultiplier": 3,
			"reloadMultiplier": 0.85,
			"width": 18,
			"height": 18,
			"speed": 4.5,
			"lifetime": 51,
            "damage": 0,
			"splashDamage": 0.1,
			"splashDamageRadius": 0.1,
			"shrinkY": 0,
			"despawnEffect": "flakExplosion",
			"frontColor":"EEAB89",
			"backColor":"E9665B",
			"fragBullets": 28,
            "fragRandomSpread": 40,
            "fragLifeMin": 0.4,
			"fragBullet": {
				"type": "ArtilleryBulletType",
				"width": 6,
				"height": 6,
				"shrinkY": 0.25,
				"splashDamage": 48,
                "splashDamageRadius": 40,
                "knockback": 0.8,
                "scaledSplashDamage": true,
				"lifetime": 28,
				"frontColor":"EEAB89",
				"backColor":"E9665B",
                "hitEffect": "blastExplosion",
                "status": "blasted",
				"speed": 7.5
			},
			"explodeRange": 100,
            "collidesGround": true 

        },
        "奇思妙想-钻石":{
            "type": "FlakBulletType",
			"sprite": "large-bomb",
			"spin": 4,
            "rangeChange": 40,
            "reloadMultiplier": 0.8,
			"backColor": "2CE8F5FF",
			"frontColor": "FE7777",
			"ammoMultiplier": 4,
			"width": 22,
			"height": 22,
			"speed": 3.6,
			"lifetime": 70,
            "damage": 0,
			"splashDamage": 0.1,
			"splashDamageRadius": 0.1,
			"shrinkY": 0,
			"despawnEffect": "flakExplosion",
			"fragBullets": 36,
            "fragRandomSpread": 60,
            "fragLifeMin": 0.4,
			"fragBullet": {
				"type": "ArtilleryBulletType",
				"width": 9,
				"height": 9,
				"shrinkY": 0.25,
				"splashDamage": 28,
                "splashDamageRadius": 48,
				"knockback": 0.8,
                "scaledSplashDamage": true,
                "backColor": "2CE8F5FF",
                "frontColor": "FE7777",
				"lifetime": 24,
                "hitEffect": "blastExplosion",
                "status": "奇思妙想-静止",
				"speed": 8
			},
			"explodeRange": 100,
            "collidesGround": true 

        },
        "surge-alloy":{   
            "type": "FlakBulletType",
			"sprite": "large-bomb",
			"spin": 8,
            "rangeChange": 56,
			"frontColor":"FFFFFF",
			"backColor":"F3E979",
			"ammoMultiplier": 4,
			"width": 18,
			"height": 18,
			"speed": 5,
			"lifetime": 58.5,
            "damage": 0,
			"splashDamage": 0.1,
			"splashDamageRadius": 0.1,
			"shrinkY": 0,
			"despawnEffect": "flakExplosion",
			"fragBullets": 30,
            "fragRandomSpread": 50,
            "fragLifeMin": 0.42,
			"fragBullet": {
				"type": "ArtilleryBulletType",
				"width": 8,
				"height": 8,
				"shrinkY": 0.25,
				"splashDamage": 49,
                "splashDamageRadius": 42,
                "lightningDamage": 23,
                "lightning": 2,
                "lightningLength": 5,
                "lightningLengthRand": 2,
                "scaledSplashDamage": true,
				"frontColor":"FFFFFF",
				"backColor":"F3E979",
				"lifetime": 22,
                "hitEffect": "blastExplosion",
                "status": "shocked",
				"speed": 9
			},
			"explodeRange": 100,
            "collidesGround": true 

        }
        
	},
	"requirements": [
		"copper/100",
        "graphite/100",
    	"奇思妙想-铜钛合金/80",
		"plastanium/50",
        "奇思妙想-一级建筑许可/0"
	],
	"category": "turret",
	"research": "hail"
}