{
	"type": "missile",
	"template": "MissileUnitType",
	"health":1000,
	"armor":5
	"hitSize": 11,
	"speed":7,
	"lifetime":400,
	"maxRange": 25,
	"rotateSpeed":5,
	"missileAccelTime": 90,
	"engineColor": "212121",
	"trailColor": "212121",
	"engineLayer": 110,
	"engineOffset": 13,
	"engineSize": 2.3,
	"trailLength": 14,
	"hidden":true,
	"lowAltitude": true,
	"weapons": [
		{
			"mirror": false,
			"shootCone": 360,
			"shootOnDeath": true,
			"shootSound": "none",
			"bullet": {
				"type": "ExplosionBulletType",
				"makeFire":false,
				//制造火焰
				"status":"崩坏",
				"statusDuration":600
				"knockback":2,
				//击退
				"splashDamageRadius":400,
				"splashDamage":5000,
				"hitEffect": {
					"type": "multiEffect",
					"effects": [
						{
							"type": "WaveEffect",
							"lifetime": 50,
							"sizeFrom": 0,
							"sizeTo":400,
							"strokeFrom":15,
							"strokeTo": 0,
							"colorFrom": "121212",
							"colorTo": "212121"
						},
						{
							"type": "ParticleEffect",
							"offset": 30,
							"particles":25,
							"lifetime": 40,
							"length":420,
							"interp": "circleOut",
							"sizeInterp": "pow5In",
							"cone": -360,
							"line": true,
							"strokeFrom": 2,
							"strokeTo": 2,
							"lenFrom": 7,
							"lenTo": 7,
							"lightColor": "212121",
							"colorFrom": "121212",
							"colorTo": "212121"
						},
						{
							"type": "ParticleEffect",
							"offset": 30,
							"particles":25,
							"lifetime": 40,
							"length":420,
							"interp": "circleOut",
							"sizeInterp": "pow5In",
							"cone": -360,
							"line": true,
							"strokeFrom":2,
							"strokeTo": 2
							"lenFrom": 9,
							"lenTo": 9,
							"lightColor": "212121",
							"colorFrom": "121212",
							"colorTo": "212121"
						}
					]
				}
			}
		}
	],
	"abilities": [
		{
			"type": "MoveEffectAbility",
			"y": -8,
			"interval": 2,
			"rotation": 180,
			"rotateEffect": true,
			"effect": {
				"type": "ParticleEffect",
				"particles": 4,
				"sizeFrom": 4,
				"sizeTo": 1,
				"length": 30,
				"lifetime": 30,
				"lightOpacity": 0,
				"interp": "circleOut",
				"sizeInterp": "pow5In",
				"colorFrom": "FF6666AA",
				"colorTo": "78787870",
				"cone": 9
			}
		}
		{
  		    "type":"EnergyFieldAbility",
  		    "status":"shocked",
  		    "reload":1,
  		    //攻击间隔
  		    "maxTargets":5,
  		    //最大目标1:1
  		    "range":100,
  		    "damage":50,
  		    "healPercent":0,
  		    //恢复百分比
  		    "color":"121212",
  		    //本体颜色
  		    "hitEffect":"hitBulletColor"
  		    //命中特效
  		    "damageEffect":"none"
  		    "healEffect":"none"
  		    "effectRadius":2,
  		    //尺寸
  		    "targetAir":true,
  		    //碰撞空气
  		    "hitBuildings":true,
  		    //命中建筑物
  		    "targetGround":true,
  		    //碰撞地面
  		    "hitUnits":true,
  		    //攻击单位
  		    "x":0,
  		    "y":-5,
  		}
	]
}