{
    "type":"missile",
    "template": "MissileUnitType",
    "maxRange":20,
	"lowAltitude": true,
	"speed": 2,//飞行速度
	"deathExplosionEffect":"blastExplosion",//爆炸特效
	"playerControllable": false,//玩家可以操控
	"useUnitCap":false,//占用人口
	"rotateSpeed": 4,//转头速度
	"lifetime": 180,//存在时间,1/帧
	"homingDelay":12,//跟踪延迟
	"hidden": true,//隐藏单位
	"health":50,//血量
	"hitSize": 6,//大小
	"engineColor": "6950a1",//引擎颜色
	"outlineRadius": 0,//边框厚度
	"engineSize": 2.6,//引擎大小
	"drawCell": false,//画队伍
	"trailColor": "9E78DCFF",//尾迹颜色
	"trailWidth": 3,//尾迹宽度
	"trailLength": 14,//尾迹长度
	"trailEffect":"missileTrail",//尾迹特效
	"weapons": [
	{
	"name": "none",
	"shootCone": 360,//攻击范围
	"shootOnDeath": true
	"shootSound": "none",
	"bullet": {
	"type": "ExplosionBulletType",
	"lifetime":1,
	"speed":1,
	"instantDisappear": true,
	"width": 0,
	"height": 0,
	"keepVelocity": false,
	"splashDamageRadius": 24,
	"splashDamage": 80,
	"buildingDamageMultiplier":0.5,//建筑杀伤倍率
	"killShooter": true,
	"hitColor": "6950a1",//尾迹颜色
	"status":"poison",//附加效果
    "statusDuration": 240//效果时长
	"despawnEffect":{//消失时播放特效
        "type":"multiEffect",
"effects":[
"circleColorSpark"
	{
					"type": "ExplosionEffect",
					"smokeColor":"9E78DCFF",//烟雾颜色
					"smokeSize":8,//烟雾大小
					"smokeSizeBase":2,//烟雾开始大小
					"smokeRad":32,//烟雾半径
					"smokes":6,//烟雾数
				},
]},
	"status":"blasted",//附加效果
	}}
	]
}