{
	"name":"金矿坑",
	"description":"挖矿生活",
	"size":2,
	"outputItem":
		{"item":"k黄金","amount":8},
	"consumes":{
		"power":10.5
	},
	"requirements":[
		{"item":"C90","amount":2640},
		{"item":"普通科技点","amount":2400}
	],
	"hasItems":true,
	"hasPower":true,
	"outputsPower":true,
	"expanded":true,
	"craftTime":480,
	"health":1700,
	"itemCapacity":500,
	"research":{
	"parent":"小金坑",
    "requirements":[
		{"item":"C90","amount":26400}
	]},
	"category":"effect"
}