{
	"name": "幻影",
	"description": "自动建筑被摧毁建筑，并协助建造……",
	"details":"一种由幻型建筑机特化升级的建筑机，专门为协助建造而设计……"
	"speed":3,
	"rotateSpeed":6,
	"flying":true,
	"lowAltitude":true,
	"health":450,
	"armor":2,
	"hitSize":12,
	"engineOffset":2,
	"engineSize":1.5,
	"itemCapacity":50,
	//物品容量
	"payloadCapacity":128,
	//载荷（64为1²格）
	"mineSpeed":1,
	//挖矿速度
    "mineTier":2,
    //挖矿等级:0沙、废料；1铜、铅；2煤；3钛；4钍
    "buildSpeed":7.5,
    //建筑速率
    "buildBeamOffset":3,
    "research":"poly",
    "immunities":[
        "基因崩溃",
        "孢子抑制",
        "触礁",
        ],
    "abilities":[
        {
			"type": "ForceFieldAbility",
    		"radius":15,
    		//范围
    		"regen":0.5,
    		//每帧盾容回复量
    		"max":500,
    		//盾容
    		"cooldown":3000
    		//被击破后的冷却(8/1s)
		},
		{
   			"type": "RepairFieldAbility",
    		"amount":100,
    		//回复血量
    		"range":68,
    		//范围 8:1
    		"reload":300,
    		//冷却时间 60:1
  		}
  		{
  		    "type":"EnergyFieldAbility",
  		    "status":"electrified",
  		    "reload":30,
  		    //攻击间隔
  		    "statusDuration":300,
  		    //状态持续时间60:1
  		    "maxTargets":12,
  		    //最大目标1:1
  		    "range":104,
  		    //范围8:1
  		    "damage":18,
  		    "healPercent":1,
  		    //恢复百分比
  		    "color":"98ffa9",
  		    "effectRadius":0.1,
  		    //尺寸
  		    "x":0,
  		    "y":-2.5,
  		}
  		]
}