{
	"type": "flying",
	"name": "红莲至尊-阿迪达尔",
	"description": "它不完整的机体依然拥有有效的攻击手段，并且它的身后还跟随着强力的浮游炮……",
	"details":"传说中阿迪达尔身化红莲，以自身威能将太阳重燃……
	阿兰达舰队所制机甲，常出现于太空作战，它现在缺少大量武装。",
	"speed":0.2,
	"rotateSpeed":0.5,
	"flying":true,
	"lowAltitude":true,
	"health":100000,
	"armor":25,
	"hitSize":42,
	"engineOffset":5,
	"engineSize":2,
	"itemCapacity":1250,
	//物品容量
	"mineSpeed":0,
	//挖矿速度
    "buildSpeed":0,
    //建筑速率
    "ammoType":{
        "type":"PowerAmmoType",
    },
    //弹药类型
    "ammoCapacity":88000,
    //弹药容量
    "immunities":[
        "burning",
        "freezing",
        "基因崩溃",
        "孢子抑制",
        "触礁",
        ],
    "weapons": [
        {
            "name": "至尊头部",
            "reload":60,
            "x":0,
            "y":-2,
            "top":false,
            "recoil":0,
            "rotateSpeed":10,
            "shake":6,
            "mirror":false,
            "rotate":true,
            "xRand":50,
            "ignoreRotation":true,
            "shootSound":"plasmaboom",
            "bullet": {
                "type":"ArtilleryBulletType",
                "shrinkY":0,
                "status":"electrified",
                "smokeEffect":"none",
                "trailEffect":"none",
                "lifetime":20,
                "spin":2,
                "speed":30,
                "trailChance":0,
                "width":6,
                "height":120,
                "damage":2500,
                "splashDamage":1250,
                "splashDamageRadius":80,
                "despawnEffect":{
                    "type":"MultiEffect"
                    "effects":[
                        {
                            "type": "ParticleEffect",
                            "particles": 1,
                            "length": 0,
                            "lifetime":20,
                            "sizeFrom":40,
                            "sizeTo":0,
                            "region": "铧金工业-至尊-0",
                            "colorFrom": "FF0000",
                            "colorTo": "FF0000"
	        }
	        {
		        "type": "WaveEffect"
		        "lifetime":40
		        "sizeFrom":0
		        "sizeTo":80
		        "colorFrom": "FF0000"
		        "colorTo": "FF8888"
            },
            	        {
		        "type": "WaveEffect"
		        "lifetime":30
		        "sizeFrom":80
		        "sizeTo":0
		        "colorFrom": "FF0000"
		        "colorTo": "FF8888"
            },
	        ]
                }
                "shootEffect":"bigShockwave",
                "hitEffect":"massiveExplosion",
                "backColor":"CC0000",
                "frontColor":"FF0000",
                "collidesGround":true,
                "collidesAir":true,
                "buildingDamageMultiplier":1,
            },
        },
        {
            "name": "浮游炮",
            "reload":20,
            "x":38,
            "y":8,
            "top":false,
            "recoil":4,
            "rotateSpeed":10,
            "shake":0,
            "mirror":true,
            "rotate":true,
            "ignoreRotation":true,
            "shootSound":"光束音效",
            "bullet": {
                "type":"ContinuousLaserBulletType",
                "status":"melting",
                "splashDamageRadius":19,
                "splashDamage":75,
                "speed":30,
                "width":0.2,
                "lightOpacity":10,
                "lightRadius":10,
                "smokeEffect":"none",
                "trailEffect":"none",
                "trailColor":"FF0000",
                "lifetime":16,
                "length":40,
                "damage":75,
                "pierce":true,
                "shootEffect":"instTrail",
                "smokeEffect":"none",
                "chargeEffect":"lancerLaserChargeBegin",
                "despawnEffect":"instBomb",
                "buildingDamageMultiplier":1,
            },
        },
        {
            "name": "浮游炮",
            "reload":20,
            "x":30,
            "y":-24,
            "top":false,
            "recoil":4,
            "rotateSpeed":10,
            "shake":0,
            "mirror":true,
            "rotate":true,
            "ignoreRotation":true,
            "shootSound":"光束音效",
            "bullet": {
                "type":"ContinuousLaserBulletType",
                "status":"melting",
                "splashDamageRadius":19,
                "splashDamage":75,
                "speed":30,
                "width":0.2,
                "lightOpacity":10,
                "lightRadius":10,
                "smokeEffect":"none",
                "trailEffect":"none",
                "trailColor":"FF0000",
                "lifetime":16,
                "length":40,
                "damage":75,
                "pierce":true,
                "shootEffect":"instTrail",
                "smokeEffect":"none",
                "chargeEffect":"lancerLaserChargeBegin",
                "despawnEffect":"instBomb",
                "buildingDamageMultiplier":1,
            },
        },
        {
            "name": "浮游炮",
            "reload":20,
            "x":10,
            "y":-40,
            "top":false,
            "recoil":4,
            "rotateSpeed":10,
            "shake":0,
            "mirror":true,
            "rotate":true,
            "ignoreRotation":true,
            "shootSound":"光束音效",
            "bullet": {
                "type":"ContinuousLaserBulletType",
                "status":"melting",
                "splashDamageRadius":19,
                "splashDamage":75,
                "speed":30,
                "width":0.2,
                "lightOpacity":10,
                "lightRadius":10,
                "smokeEffect":"none",
                "trailEffect":"none",
                "trailColor":"FF0000",
                "lifetime":16,
                "length":40,
                "damage":75,
                "pierce":true,
                "shootEffect":"instTrail",
                "smokeEffect":"none",
                "chargeEffect":"lancerLaserChargeBegin",
                "despawnEffect":"instBomb",
                "buildingDamageMultiplier":1,
            },
        },
    ],
    "abilities":[
        {
			"type": "ForceFieldAbility",
    		"radius":120,
    		//范围
    		"regen":0.5,
    		//每帧盾容回复量
    		"max":3000,
    		//盾容
    		"cooldown":2000
    		//被击破后的冷却(8/1s)
		},
		{
            "type": "StatusFieldAbility"
            "activeEffect":{
		        "type": "WaveEffect"
		        "lifetime":30
		        "sizeFrom":0
		        "sizeTo":0
		        "colorFrom": "7CF389FF"
		        "colorTo": "7CF38900"
            },
        "effect":"癫狂",
        "range":4000,
        "reload":10800,
        "duration":3600,
        }
		]
}
