{
	"name":"超影",
	"description":"二代制式歼击机，装载了更强力的追踪导弹与穿甲钛弹机炮……"
	"hitSize":15,
	//碰撞箱
    "rotateSpeed":5.5,
    //转身速度
    "itemCapacity":25,
    //物品容量
    "canDrown":false,
    //能否被淹死
    "buildSpeed":0,
    //建筑速率
    "type":"flying",
    //空军
    "flying":true,
    //是否飞行
    "lowAltitude":true,
    "speed":2.75,
    //移速
    "health":450,
    "engineSize":3.5,
    //引擎尺寸
    "engineOffset":11,
    //引擎偏移
    "armor":5,
    //护甲
    //指挥上限
    "ammoType":"titanium",
    //弹药类型
    "research":"银梭",
    "immunities":[
        "基因崩溃",
        "孢子抑制",
        "触礁",
        ],
	"weapons":[
		{
			"name":"超影导弹",
			//武器贴图的名字
			"top":false,
			"mirror":true,
			"x":7.6,
			"y":-4.5,
			"shootSound":"missile",
			"reload":40,
			"recoil":1,
			//后坐力
			"bullet":{
				"damage":10,
				"buildingDamageMultiplier":0.5,
				"splashDamage":35,
                //范围伤害
                "splashDamageRadius":20,
                //范围伤害半径(8:1)
                "status":"blasted",
                "width":4,
                //子弹宽度
                "height":12,
                //子弹长度
				"speed":6,
				"hitEffect":"flakExplosion",
				"lifetime":35,
    			"type":"MissileBulletType"
    			//导弹的type
    			"homingPower":0.4,
    			//追踪力度
    			"trailChance":0.4
    			//尾迹产生频率
				}
		},
		{
            "name":"超影机炮",
            "y":9,
            "x":0,
            "top":false,
            "ejectEffect":"casing1",
            "shootY":3,
            "reload":10,
            //射速
            "recoil":0,
            //后坐力
            "shake":0,
            //屏幕摇晃
            "shootSound": "shoot",
            "rotate":false,
            "bullet": {
                "type": "BasicBulletType",
                "damage":15,
                "buildingDamageMultiplier":0.5,
                "status":"freezing",
                "pierce":true,
                "pierceCap":8,
                "width":5,
                //子弹宽度
                "height":15,
                //子弹长度
                "lifetime":30,
                //子弹存在时间
                "speed":5,
                //子弹飞行速度
                "shootEffect": "shootSmallSmoke",
                "backColor":"0088A8",
                "frontColor":"33CCFF",
                }
            }
        ]
}