{
    "type": "GenericCrafter",
    "name": "四重压缩机",
    "description": "将煤炭压缩成石墨\n同时需要水",
    "outputItem": {
        "item": "graphite",
        "amount": 7
    },
    "size": 4,
    "itemCapacity": 24,
    "hasPower": true,
    "hasLiquids": true,
    "hasItems": true,
    "craftTime": 25,
    "consumes": {
        "power": 6,
        "items": {
            "items": [
                {
                    "item": "coal",
                    "amount": 8
                }
            ]
        },
        "liquid": {
            "liquid": "water",
            "amount": 0.2
        }
    },
    "requirements": [
        {
            "item": "copper",
            "amount": 125
        },
        {
            "item": "lead",
            "amount": 125
        },
        {
            "item": "蓝钢",
            "amount": 80
        },
        {
            "item": "silicon",
            "amount": 65
        },
        {
            "item": "titanium",
            "amount": 60
        }
    ],
    "category": "crafting",
    "research": "multi-press",
    "updateEffect": "pulverizeMedium"
}