{
    "type": "GenericCrafter",
    "name": "大型蓝钢厂",
    "description": "输入材料熔炼出蓝钢",
    "health": 720,
    "itemCapacity": 40,
    "outputItem": {
        "item": "蓝钢",
        "amount": 20
    },
    "size": 3,
    "hasPower": true,
    "hasItems": true,
    "craftTime": 90,
    "consumes": {
        "power": 7,
        "items": {
            "items": [
                {
                    "item": "lead",
                    "amount": 10
                },
                {
                    "item": "silicon",
                    "amount": 10
                },
                {
                    "item": "titanium",
                    "amount": 10
                },
                        {
            "item": "graphite",
            "amount": 10
        }
            ]
        }
    },
    "requirements": [
        {
            "item": "copper",
            "amount": 55
        },
        {
            "item": "lead",
            "amount": 55
        },
        {
            "item": "titanium",
            "amount": 55
        },
        {
            "item": "silicon",
            "amount": 55
        },
        {
            "item": "graphite",
            "amount": 55
        }
      
    ],
    "drawer": {
        "type": "DrawMulti",
        "drawers": [
            "DrawDefault",
            "DrawFlame",
            {
                "type": "DrawFlame",
                "flameColor": "8B9BB4FF"
            }
        ]
    },
    "category": "crafting",
    "research": "蓝钢厂"
}