{
    "type": "GenericCrafter",
    "health": 360,
    "name": "大型煤炭离心机",
    "description": "把石油变成煤炭",
    "details": "无需多言",
    "outputItem": {
        "item": "coal",
        "amount": 10
    },
    "itemCapacity": 40,
    "liquidCapacity": 120,
    "size": 3,
    "hasPower": true,
    "hasLiquids": true,
    "hasItems": true,
    "craftTime": 15,
    "updateEffect": "mine",
    "drawer": {
        "type": "DrawMulti",
        "drawers": [
            "DrawDefault",
            {
                "type": "DrawRegion",
                "suffix": "-bottom"
            },
            "DrawDefault",
            {
                "type": "DrawLiquidRegion",
                "drawLiquid": "oil",
                "suffix": "-油"
            },
            {
                "type": "DrawRegion",
                "suffix": "-转",
                "spinSprite": true,
                "rotateSpeed": 10
            }
        ]
    },
    "consumes": {
        "power": 2,
        "liquid": {
            "liquid": "oil",
            "amount": 0.5,
            "booster": false
        }
    },
    "requirements": [
        {
            "item": "lead",
            "amount": 80
        },
        {
            "item": "graphite",
            "amount": 80
        },
        {
            "item": "silicon",
            "amount": 85
        },
        {
            "item": "蓝钢",
            "amount": 85
        },
        {
            "item": "titanium",
            "amount": 80
        }
    ],
    "category": "crafting",
    "research": "改良煤炭离心机"
}