{
    "type": "GenericCrafter",
    "name": "定向冶炼炉",
    "description": "使用废料和硅定向生产合金",
    "outputItem": {
        "item": "surge-alloy",
        "amount": 2
    },
    "size": 3,
    "hasPower": true,
    "hasLiquids": false,
    "hasItems": true,
    "craftTime": 60,
    "itemCapacity": 12,
    "drawer": {
        "type": "DrawMulti",
        "drawers": [
            "DrawDefault",
            "DrawFlame"
        ]
    },
    "consumes": {
        "power": 2,
        "items": {
            "items": [
                {
                    "item": "scrap",
                    "amount": 3
                },
                {
                    "item": "silicon",
                    "amount": 4
                }
            ]
        }
    },
    "requirements": [
        {
            "item": "lead",
            "amount": 95
        },
        {
            "item": "graphite",
            "amount": 95
        },
        {
            "item": "silicon",
            "amount": 95
        },
        {
            "item": "metaglass",
            "amount": 95
        },
        {
            "item": "thorium",
            "amount": 95
        }
    ],
    "category": "crafting",
    "research": "alloy-smelter"
}