{
    "type": "AttributeCrafter",
    "name": "相织布热压机",
    "description": "生产相织布",
    "details": "贴图过那么久了，还是可以继续用",
    "health": 700,
    "itemCapacity": 40,
    "outputItem": {
        "item": "phase-fabric",
        "amount": 8
    },
    "size": 4,
    "hasPower": true,
    "hasItems": true,
    "craftTime": 120,
    "updateEffect": "smeltsmoke",
    "consumes": {
        "power": 20,
        "items": {
            "items": [
                {
                    "item": "thorium",
                    "amount": 10
                },
                {
                    "item": "sand",
                    "amount": 10
                }
            ]
        }
    },
    "drawer": {
        "type": "DrawMulti",
        "drawers": [
            {
                "type": "drawRegion",
                "suffix": "-bottom"
            },
            "DrawDefault",
            {
                "type": "DrawFlame",
                "flameRadiusIn": 2.5,
                "flameRadius": 4.5
            }
        ]
    },
    "requirements": [
        {
            "item": "copper",
            "amount": 175
        },
        {
            "item": "lead",
            "amount": 175
        },
        {
            "item": "thorium",
            "amount": 175
        },
        {
            "item": "silicon",
            "amount": 175
        },
        {
            "item": "蓝钢",
            "amount": 175
        }
    ],
    "category": "crafting",
    "research": "phase-weaver"
}