{
	"type": "ImpactReactor",
	"name": "氘反应堆",
	"description": "提取水里少的可怜的氘来产生大量电能。",
	"size":4,
	"armor":20,
	"health":2200,
	"liquidCapacity":90,
	"hasLiquids":true,
	"hasItems":false,
	"drawLiquidLight":true,
	"itemDuration":180,
    "lightColor":"1173EB75",
	"powerProduction":122.5,
	"warmupSpeed":0.001,
	"consumes": {
    	"power":47.5,
    	"liquid":{
    		"liquid":"water","amount":0.75,
    	},
	},
	"requirements": [
	    "metaglass/600",
		"silicon/240",
		"graphite/480",
		"铧/120",
		"titanium/300",
		"lead/520",
		"surge-alloy/120"
        ],
        "category": "power",
        "research":"铧钍反应堆"
        "drawer":{
		"type":"DrawMulti",
		//通用draw
		"drawers":[
			{
				"type":"DrawDefault"
			}
			//使用此模板你的本体贴图与游戏里显示的需一致
			//默认draw，必须的
			{
				"type":"DrawLiquidTile",
				"drawLiquid":"water"
			},
			{
		        "type":"DrawPlasma"
		        "suffix":"-冲击"
		        "plasmas":3
		        "plasma1": "596ab8",
		        "plasma2": "5B72D9FF",
		    }
		    {
			    "type": "DrawRegion",
				"suffix": "-top",
			}
			{
		        "type": "DrawGlowRegion",
		        //发光draw
		        "suffix": "-glow1",
		        //本体名字加""
		        "glowScale":30,
		        //多少时间闪烁一次
		        "glowIntensity":1
		        "color": "4845FFFF"
		        //发光颜色
		    }
		    {
		        "type": "DrawGlowRegion",
		        //发光draw
		        "suffix": "-glow2",
		        //本体名字加""
		        "glowScale":5,
		        //多少时间闪烁一次
		        "glowIntensity":0.3
		        "color": "4845FFFF"
		        //发光颜色
		    }
			]
        }
}