{
    "type": "ImpactReactor",
	"name": "重铧发电机",
	"description": "刺激铧元素核聚变来以此产生电力。",
	"size": 4,
	"armor":20,
	"health": 2000,
	"itemCapacity": 30,
	"liquidCapacity":60,
	"hasLiquids": true,
	"hasItems": true,
	"itemDuration":900,
	"powerProduction":325,
	"consumes": {
    	"power":32.5,
    	"liquid":{
    		"liquid":"cryofluid","amount":0.5,"booster":false
    	},
    	"items": {
        	"items": [
            	{ "item": "铧",
            	"amount": 1 }
            ],"optional": false
    	}
	},
	"explosionRadius":35,
	//爆炸半径
	"explosionDamage":10000,
	//爆炸伤害
	"explodeEffect":{
	    "type":"MultiEffect"
	    "effects":[
	        {
	            "type":"WaveEffect"
		        "lifetime":40,
		        "sizeFrom":20
		        //从多大
		        "sizeTo":280
		        //到多大
		        "strokeFrom":15,
		        //从多宽
		        "strokeTo": 0,
		        //到多宽
		        "colorFrom":"FF0000"
		        "colorTo":"FF0000"
            },
	        {
                            "type": "ParticleEffect",
                            "particles":20,
                            "length":300,
                            "lifetime":120,
                            "sizeFrom":14,
                            "sizeTo":7,
                            "region": "星界探索-烟雾",
                            "colorFrom": "FF0000",
                            "colorTo": "FF0000"
                            "interp":"circleOut",
                            "cone":360,
	        }
	        {
                            "type": "ParticleEffect",
                            "particles":15,
                            "length":300,
                            "lifetime":180,
                            "sizeFrom":18,
                            "sizeTo":12,
                            "region": "星界探索-烟雾",
                            "colorFrom": "FF0000",
                            "colorTo": "FF0000"
                            "interp":"circleOut",
                            "cone":360,
	        }
	        {
                            "type": "ParticleEffect",
                            "particles":10,
                            "length":300,
                            "lifetime":240,
                            "sizeFrom":30,
                            "sizeTo":15,
                            "region": "星界探索-烟雾",
                            "colorFrom": "FF0000",
                            "colorTo": "FF0000"
                            "interp":"circleOut",
                            "cone":360,
	        }
                        ]
            },
	"requirements": ["metaglass/320",
		"titanium/300",
		"silicon/400",
		"铧/300",
		"lead/600"
        ],
        "category": "power",//在菜单的那里，power是电力类
        "research":"impact-reactor"//科技树，在什么东西的后面，原版要英文
}