{
    "type":"SolarGenerator",
    "name":"风力发电机",
    "description":"利用空气流动高效产生电力。",
    "size":2,
    "health":160,
    "powerProduction":1.5,
    "requirements":[
        "metaglass/25"
        "silicon/25"
        "titanium/50"
        "surge-alloy/5"
	],
	"drawer": {
		"type": "DrawMulti",
		"drawers": [
			{
				"type": "DrawRegion",
				"suffix": "-rotator",
				"rotateSpeed":5,
				"layer": 80
			},
			{
			    "type": "DrawRegion",
				"suffix": "-top",
				"layer": 81
			}
			"DrawDefault"
		]
	}
	"category": "power",
	"research": "热液发电机",
	"hasLiquids":false,
	"liquidCapacity":0,
	"itemCapacity":0,
}