{
    "name":"废石地"
    "type":"Floor",
    "variants":3,
    //贴图数量
    "alwaysReplace":false,
    //这个方块是否自动填充空间
    "hasShadow":true,
    //是否有阴影
    "isLiquid":false,
    //是否是液体
    "emitLight":false,
    //是否发光
    "lightRadius":0,
    //发光范围
    "blendGroup":"basalt",
    //图层
    "attributes":
    {
        "heat":0,
        //地热度
        "spores":0,
        //孢子度
        "water":-0.02,
        //潮湿度
        "oil":0.1,
        //含油度
    },
    //地板属性
}