{
    "name":"恐怖孢子地",
    "type":"Floor",
    "variants":3,
    //贴图数量
    "speedMultiplier":0.9,
    //单位在上面的速率
    "dragMultiplier":0,
    //地板减速倍率
    "damageTaken":4,
    //单位在上面受到的伤害
    "emitLight":true,
    //是否发光
    "lightRadius":12,
    //发光范围
    "hasShadow":true,
    //是否有阴影（必写）
    "status":"孢子腐蚀",
    "placeableOn":false,
    //是否能放置方块
    "statusDuration":30,
    "attributes":{
            "heat":0.19,
            "spores":0.83,
            "water":0.26,
            "oil":0.11,
    },//地板属性
}