{
    "type":"Floor",
    "variants":0,
    //贴图数量
    "status":"wet",
    "speedMultiplier":0.5,
    //单位移速倍率
    "statusDuration":90,
    "liquidDrop":"污水",
    "cacheLayer":"water",
    //贴图层
    "albedo":0.9,
    //反光率
    "supportsOverlay":true,
    //支持覆盖
    "isLiquid":true,
    //是否是液体
    "attributes":
    {
        "heat":-1,
        //地热度
        "spores":0.15,
        //孢子度
        "water":0,
        //潮湿度
        "oil":0,
        //含油度
    },
    //地板属性
}