{
	"type": "BeamDrill",//类型,墙壁钻头
	"category": "production",//菜单栏
	"name":"大型强离子钻机",//名字
	"description":"在大型等离子钻机上进行改良得到的钻机",//介绍

	"requirements": [//建造花费
	"beryllium/165",
	"silicon/125"
	"tungsten/245"
	"oxide/125"
	"thorium/145"],

	"consumes":{//运作消耗
		"power":3//电,帧
		"liquids": [//液体
		{
		"liquid": "nitrogen",
		"amount": 0.15,//液体消耗
		"booster": false,//加速
		"optional": false//可选
		}
		]
		"liquid": {//液体
		"liquid": "hydrogen",
		"amount": 0.15,//液体消耗
		"booster": true,//加速
		"optional": true//可选
		}
	}
"alwaysUnlocked":false,//科技树默认解锁
	"itemCapacity": 40,//物品容量
	"liquidCapacity": 20,//液体容量
	"size":3,//平方大小
	"health":750,//血量
	"tier":5,//钻头等级
	"range":10,//范围
	"fogRadius":3,//
	"haspower":true,//
	"drillTime":25,//挖掘时间
	"liquidBoostIntensity":2,//
	"hasShadow":true//
    "research": {
    "parent": "plasma-bore",
},
}