{
	"type": "flying",//种类
	"name": "苍穹",//名称
	"controller":"FighterAI",
	"description": "质变的开始，具有两把机枪，两个中型核弹发射井，更多的引擎能决定它在扛着两颗导弹的同时拥有更快的移动速度！",//描述
	"details": "目标锁定，饱和打击！"
    "speed": 7.2,//速度
	"flying": true,//能否飞行，true为能飞
	"turnCursor":true,//转动光标
	"engineOffset": 10,//发动机偏移
	"targetAir": true, //目标空气
	"targetGround":true,//对地
	"range": 20, //范围
	"faceTarget": false, //贴脸目标
	"circleTarget": true, //圈出目标（显示攻击目标）
	"engineSize": 8,//发动机大小
    "engines": 
    [
        {
        "x":-10,
        "y":-15,
        "radius":2.5,
        "rotation":-90
        },
        {
        "x":0,
        "y":-15,
        "radius":2.5,
        "rotation":-90
        },
        {
        "x":10,
        "y":-15,
        "radius":2.5,
        "rotation":-90
        }
    ],
    "abilities": [
        {
            "type": "ShieldArcAbility",
            "reload": 10
            "radius":120,
            "width":10,
            "angleOffset":65,
        },
        {
            "type": "ShieldArcAbility",
            "reload": 10
            "radius":120,
            "width":10,
            "angleOffset":175,
        },
        {
            "type": "ShieldArcAbility",
            "reload": 10
            "radius":120,
            "width":10,
            "angleOffset":-65,
        }
    ],
    "hitSize": 20,//被击中大小，你的大小
    "targetAir":true,//目标航空
    "health": 13400,//血量 
    "armor": 150,//装甲
    "mineSpeed": 0,//挖矿速度 1=100%
    "mineTier": 0,//挖矿等级，你可以挖什么矿 
    "buildSpeed": 0,//构建速度 1=100%
    "rotateSpeed": 5,//转速，旋转的速度 
    "itemCapacity": 125,//容量，字面意思 
    "rotateShooting": true,//旋转射击，是否旋转射击 
    	"weapons":[
        {
            "name": "中型追踪导弹",
            "reload": 20,
            "x": 8,
            "y": -8,
            "mirror": true,
            "targetAir":true,//对空
            "targetGround":true,//对地
            "rotate": true,
            "inaccuracy": 0,
            "shootCone": 60,
            "alternate": true,
            "shootSound": "missileLaunch",
            "shake": 0.5,
            "bullet": {
                "keepVelocity": false,
                "speed": 0,
                "shootEffect": "none",
                "smokeEffect": "shootSmallFlame",
                "spawnUnit": "中型追踪导弹"
            }
        },
        {
    	    "name":"苍穹小枪",//贴图的名字 
    	    "x":10,
    	    "y":4,//位置 x为上下y为左右 
        	"mirror": true,//镜像，是否对称 
        	"reload":2.5,//重新装弹速度
        	"rotate": true,//是否旋转 
        	"targetGround":true,//对地
        	"targetAir":true,//对空
        	"shootEffect":"shootSmall",//射击效果 
        	"shootSound":"shoot",//射击声 
        	"bullet":{
                "type":"copper"
                "buildingDamageMultiplier": 1,
				"damage": 700,
				"backColor": "000000",
				"frontColor": "FFB90F",
				"status": "burning",
				"statusDuration": 600,
				"speed": 5,
				"lifetime": 50,
				"width": 8,
				"height": 13
	        }
	    }
    ]
}