{
    "type": "Conveyor",
    "name": "钛制传送带",
    "description": "由钛制成的基础传送带，运输速度一般",
    "health": 150,
    "requirements": [
        {
            "item": "titanium",
            "amount": 1
        }
    ],
    "category": "distribution",
    "research": {
	"requirements": [//研究花费
    "titanium/10"	]
    "parent": "强化核心",
}
    "speed": 0.1,
    "displayedSpeed": 8
	"bridgeReplacement": "钛制传送桥"
    "junctionReplacement": "钛制连接器"
}