{
	"type":"ItemTurret",
	"name":"分裂",
    "description":"向敌方战机发射密集的子弹",
    "details":"子弹可能会降落到地上,涉及到地面兵种以及建筑物"
	"size":2,//物品面积
	"health":350,//建筑血量
	"ammoPerShot":1,
	"range":400,//攻击范围
	"reload":10//60：0.1每秒一个
	"inaccuracy":5,//误差
	                  "ammoPerShot":1,
	                  "ammoUseEffect": "casing1",
	                      "consumes": {
        "coolant": {
            "amount": 0.2,
            "optional": true
        }
    },
	"rotatespeed":2,//旋转速度
	"maxAmmo":100,//最大弹药
	"targetAir":true//攻击天空
	"targetGround":false,//攻击地面
	"coolantMultiplier":2,
		"shootSound":"防空",
	"heatColor":"#FF0000",
	    "shoot": {
        "shots": 3,
        "shotDelay": 4,
        "type": "ShootBarrel",
        "barrels": [
        0,0,0,
        ]
    },
	"ammoTypes":{
		"压缩铅": {
		    "reloadMultiplier":1.5,
			"speed": 11,
			"damage": 11,
			"knockback":0.2,
			"lifetime":32,
			"width": 6,
			"height": 9,
			"ammoMultiplier":10,
			"shootEffect": "shootBig" 	
			 "splashDamageRadius":15,
	       "splashDamage":30,	},
            		"压缩铜": {
			"speed": 11,
			"damage": 26,
			"knockback":0.2,
			"lifetime":35,
			"width": 6,
			"height": 9,
			"ammoMultiplier":8,
			"shootEffect": "shootBig" 	
				    "splashDamageRadius":20,
	    "splashDamage":38,	},
	},
	"requirements": [
	{ "item": "压缩铜", "amount":120 },
		{ "item": "压缩铅", "amount":85 }
	],
	"category": "turret",
	"research":{
		"parent":"单管炮"
		   "requirements":[
        "压缩铜/500",
        "压缩铅/500"
        ]
	}
}