{

	"name": "物品传送器",
	"description": "短距离物品传输结构。
收集若干物品后将其射到远处的另一个质量驱动器。"
"type":"MassDriver",
	"health": 100,
	"size": 1,
	"itemCapacity": 30,
	"range": 150,
	"rotateSpeed": 0.05,
	"translation": 10,
	"minDistribute": 15,
	"knockback": 5,
	"reloadTime": 60,
	
	"shootEffect": "shootBig2",
	"smokeEffect": "shootBigSmoke2",
	"recieveEffect": "mineBig",
	"shake": 10,
	"consumes": {"power": 1}
	"requirements": [
        {"item": "lead","amount": 55 },
		{"item": "titanium","amount": 65 },
		{"item": "silicon","amount": 50 },
	],
	"category": "distribution",	
	"research": "phase-conveyor"
}