{

	"name": "数据传送站",
	"description": "中距离物品传输结构。
收集若干物品后将其射到远处的另一个质量驱动器。"
"type":"MassDriver",
	"health": 360,
	"size": 2,
	"itemCapacity": 60,
	"range": 250,
	"rotateSpeed": 0.05,
	"translation": 10,
	"minDistribute": 30,
	"knockback": 5,
	"reloadTime": 60,
	"shootEffect": "shootBig2",
	"smokeEffect": "shootBigSmoke2",
	"recieveEffect": "mineBig",
	"shake": 10,
	"consumes": {"power": 1.3}
	"requirements": [
        {"item": "copper","amount": 65 },
		{"item": "lead","amount": 95 },
		{"item": "titanium","amount": 45 },
		{"item": "silicon","amount": 65 },
	],
	"category": "distribution",	
	"research": "5-物品传送器"
}