{
	"type": "ItemTurret",
	"name": "AWP",
	"description": "一把耐寒的大装药量狙击枪，警用版本使用马格南子弹。",
	"health": 4750,
	"category":"turret"
	"size": 1,
	"reload": 180,
	"burstSpacing": 0
	"shots":1
	"range": 800,
	"shootSound":"AWP"
    "maxAmmo": 6,
    "recoil": 2,
	"targetGround":true,
	"targetAir":true,
	"canOverdrive": false
	"inaccuracy": 0.5,
	"rotatespeed": 150,
	"ammoTypes": {
			"copper": {
            "type": "BasicBulletType",
			"speed": 30,
			"damage": 70,
			"bulletWidth": 1,
			"bulletHeight": 3,
			"ammoMultiplier": 2,
			"lifetime": 26.7,
		},
			"钢": {
            "type": "BasicBulletType",
			"speed": 30,
			"damage": 114,
			"pierceCap":2,
			"pierceBuilding":true,
			"pierce":2
			"bulletWidth": 1,
			"bulletHeight": 3,
			"ammoMultiplier": 2,
			"lifetime":26.7,
		},
	},
	"requirements": [
		{ "item": "titanium", "amount": 180 },
		{ "item": "plastanium", "amount": 120 },
		{ "item": "钢", "amount": 210 },
		{"item":"枪械零部件","amount":7280},
	],
	"alwaysUnlocked":true,
	}