{
	"type": "ItemTurret",
	"name": "G3SG1",
	"description": "德国精准步枪。",
	"health": 5000,
	"category":"turret"
	"size": 1,
	"reload": 15,
	"burstSpacing": 0
	"shots":1
	"range": 610,
	"shootSound":"匪狙"
    "maxAmmo": 20,
    "recoil": 2,
	"targetGround":true,
	"targetAir":true,
	"canOverdrive": false
	"inaccuracy": 0.7,
	"rotatespeed": 150,
	"ammoTypes": {
			"copper": {
            "type": "BasicBulletType",
			"speed": 30,
			"damage": 40,
			"bulletWidth": 1,
			"bulletHeight": 3,
			"ammoMultiplier": 2,
			"lifetime": 20.4,
		},
			"钢": {
            "type": "BasicBulletType",
			"speed": 30,
			"damage":66,
			"pierceCap":2,
			"pierceBuilding":true,
			"pierce":2
			"bulletWidth": 1,
			"bulletHeight": 3,
			"ammoMultiplier": 2,
			"lifetime":20.4,
		},
	},
	"requirements": [
		{ "item": "titanium", "amount": 180 },
		{ "item": "钢", "amount": 410 },
		{"item":"枪械零部件","amount":7500},
	],
	"alwaysUnlocked":true,
	}