{
	"type": "ItemTurret",
	"name": "M82A1",
	"description": "人人皆知的反器材狙击步枪，拥有防空版本（打武装直升机）使用.50口径子弹。",
	"health": 6000,
	"category":"turret"
	"size": 1,
	"reload": 50,
	"burstSpacing": 0
	"shots":1
	"range": 800,
	"shootSound":"反器材通用"
    "maxAmmo": 6,
    "recoil": 2,
	"targetGround":true,
	"targetAir":true,
	"canOverdrive": false
	"inaccuracy": 0.5,
	"rotatespeed": 150,
	"ammoTypes": {
			"copper": {
            "type": "BasicBulletType",
			"speed": 40,
			"damage": 90,
			"bulletWidth": 1,
			"bulletHeight": 3,
			"ammoMultiplier": 2,
			"lifetime": 20,
		},
			"钢": {
            "type": "BasicBulletType",
			"speed": 40,
			"damage": 170,
			"pierceCap":2,
			"pierceBuilding":true,
			"pierce":2
			"bulletWidth": 1,
			"bulletHeight": 3,
			"ammoMultiplier": 2,
			"lifetime":20,
		},
				"钨钢": {
            "type": "BasicBulletType",
			"speed": 40,
			"damage": 320,
			"pierceCap":4,
			"pierceBuilding":true,
			"pierce":3
			"bulletWidth": 1,
			"bulletHeight": 3,
			"ammoMultiplier": 2,
			"lifetime":20,
	},
	},
	"requirements": [
		{ "item": "titanium", "amount": 280 },
		{ "item": "钢", "amount": 310 },
		{"item":"枪械零部件","amount":10000},
	],
	"alwaysUnlocked":true,
	}