{
	"type": "HeaterGenerator",
	"name": "氡衰变器",
	"description": "利用氡的衰变释放出的能量制热和发电",
	"size":2,
	"hasPower":false,
	"hasItems": false
	"hasliquid":true
	"liquidCapacity":30
	"regionRotated1":1
	"consumes": {
	 "liquids":{
		 "liquids":[
		 {"liquid":"氡","amount":0.05}
		 ]
}
}
"drawer":{
	    "type":"DrawMulti",
	    "drawers":[
	    {
	       "type":"DrawLiquidTile",
	    "drawLiquid":"氡"
	    },
	    {"type":"DrawHeatOutput"}
	    "DrawDefault"
	]},
	 "powerProduction":4
"heatOutput":8
	"requirements": [
	],
	"category": "crafting",
	"research": "graphite-press",
	"health":800
}