{
	"type": "HeatProducer",
	"name": "氰气造热仪",
	"description": "利用氰气造热",
	"size":2
	"hasPower":false
	"LiquidCapacity":60
	"hasItems": false
	"regionRotated1":1
	"consumes": {
	    "liquids":{
		 "liquids":[
		 {"liquid":"cyanogen","amount":0.05}
		 ]
}
},
"drawer":{
	    "type":"DrawMulti",
	    "drawers":[
	    {
	       "type":"DrawLiquidTile",
	    "drawLiquid":"cyanogen"
	    },
	    {"type":"DrawHeatOutput"}
	    "DrawDefault"
	]},
"heatOutput":20
	"requirements": [
	],
	"category": "crafting",
	//"research": "graphite-press",
	"health":800
}