{
	"type": "Pump",
	"name": "虹吸泵",
	"description": "使用电力抽取液体,造价略高,效率较低(但是更省事了)",
	"size":1,
	"health":100,
	"liquidCapacity":40,
	"hasLiquids": true,
	"pumpAmount":0.3333334,
	"consumes": {
	"power":0.25,
	},
	"requirements": [
	    {"item": "silicon", "amount": 5}
	    {"item": "oxide", "amount": 5}
	    {"item": "beryllium", "amount": 20}
	    {"item": "graphite", "amount": 10}
	    {"item": "tungsten", "amount": 10}
	],
	"category": "liquid",
	"research": "reinforced-pump"
}