{
   "type":"ForceProjector",
   "name":"倔强",
   "health":7680,//每格480
   "aromr":50,
   "size":4,
   "description":"极其先进的技术，居然能如此高效的完成冷却。装甲厚重。虽然本体较为脆弱以及范围有所缺陷，但仍有着不可或缺的地位。",
   "radius":80//半径范围，20格
   "canOverdrive":true,
   "shieldHealth":48000,//力场值
   "phaseRadiusBoost":0,//半径增强
   "cooldownNormal":16,//自然冷却，可能是帧恢复？
   "cooldownLuquid":18,
   "cooldownBrokenBase":10,//破碎冷却速度？
   "coolantConsumption":2,
   "luquidcapacity":120,
   "consumes":{
       "power":37.5
   },
   "requirements":[
        "lead/800","silicon/1200",
        "titanium/400","thorium/1600",
        "surge-alloy/3200",
        "phase-fabric/1600",
        "钨/800","铀/1600",
        "硅晶/1600"
   ]
   "category":"effect",
   "research":"小盾",
   "buildCostMultiplier":0.25
}