{
   "type":"ForceProjector",
   "name":"死守",
   "health":16560,//每格460
   "aromr":55,
   "size":6,
   "description":"大型力场发生器，消耗大量能量的同时获得士兵们的称赞。",
   "radius":320//范围，40格
   "canOverdrive":false,
   "shieldHealth":42500,//力场值
   "phaseRadiusBoost":0,//半径增强
   "cooldownNormal":16,//自然冷却，可能是帧恢复？
   "cooldownLuquid":12,
   "cooldownBrokenBase":20,//破碎冷却速度？
   "coolantConsumption":1,
   "luquidCapacity":360,
   "absurbLasers":true,
   "consumes":{
       "power":80
   },
   "requirements":[
        "lead/2000","silicon/2500",
        "titanium/2500","thorium/2000",
        "surge-alloy/2750",
        "phase-fabric/1600",
        "钨/1600","铀/1500",
        "硅晶/1000","石墨烯/1000"
   ]
   "category":"effect",
   "research":"小盾",
   "buildCostMultiplier":0.5
}