{
   "type":"ForceProjector",
   "name":"守卫",
   "health":1350,//每格450
   "aromr":35,
   "size":3,
   "description":"有效的力场发生器，用于小范围战地的物理防御",
   "radius":160//半径范围，20格
   "canOverdrive":false,
   "shieldHealth":7500,//力场值
   "phaseRadiusBoost":0,//半径增强
   "cooldownNormal":8,//自然冷却，可能是帧恢复？
   "cooldownLuquid":6,
   "cooldownBrokenBase":10,//破碎冷却速度？
   "coolantConsumption":0.5,
   "luquidcapacity":120,
   "consumes":{
       "power":20
   },
   "requirements":[
        "lead/1600","silicon/1600",
        "titanium/800","thorium/1600",
        "surge-alloy/1200",
        "phase-fabric/600",
        "钨/500","铀/400"
   ]
   "category":"effect",
   "research":"copper",
   "buildCostMultiplier":0.4
}