{
"type":"GenericCrafter",
	//GenericSmelter已经删除，需要加-top贴图的需要以下结构:
	"name":"铜压缩机",
	"outputItem":"二重压缩铜/1",
	"itemCapacity":128,
	"health":360,
		"drawer":{
		"type":"DrawMulti",
		"drawers":[
			
				"DrawDefault"
			
			{
				"type":"DrawFlame",
				//这个type允许使用-top贴图并且拥有火焰动画
				}
				 
				]
				}
	"craftTime":59,
	"description":"二重压缩资源，科技的飞跃  "
	"size":3,
		//"updateEffect": "mineBig",
	"consumes":{
			 "power":60,
		"items":{
			"items":[
				"压缩铜/16",
			]
		}
	}
	"requirements":[
		"压缩玻璃/180",
		"压缩石墨/150",
	]
	"research":"石墨压缩机",
	"category":"crafting"
}