{
	"name": "强压钻机",
	"description": "用电力来产生极大的压力来进行挖矿",
    "type": "Drill",
    "size": 4,
    "health": 1500,
    "tier": 5,
    "drillTime": 12,
    "liquidBoostIntensity": 2,
    "canOverdrive": true,
    "warmupSpeed": 1,
    "drillEffect": "none",
    "updateEffect": "none",
    "rotateSpeed": 1.6,
    "drawMineItem":true,
    "idleSound": "DrillBit",
    "idleSoundVolume": 0.1,
    "consumes":{
        "power":10
        "liquid": {
            "liquid": "化钢液",
            "amount": 0.07,
            "booster": true,
            "optional": true
        }
    },
    "itemCapacity": 50,
    "liquidCapacity": 10,
    "requirements": [
        {
            "item": "化钢",
            "amount": 120
        },
        {
            "item": "铀",
            "amount": 300
        },
        {
            "item": "黑核",
            "amount": 50
        },
        {
            "item": "火石矿",
            "amount": 250
        }
    ],
    "category": "production",
    "research": {
    "parent": "浅层钻井",
    "objectives": [
        {
            "type": "SectorComplete",
            "preset": "荒废哨站"
        }
    ]
},
}