{
	"name": "聚爆钻井",
	"description": "炸矿神器",
	"type": "BurstDrill",
	"health": 1250,
	"size": 4,
	"tier": 5,
	"arrowOffset": 0,
	"arrowSpacing": 0.5,
	"arrows": 5,
	"itemCapacity": 50,
	"liquidCapacity": 20,
	"drawRim":true,
	"hasItems": true,
	"drillTime": 40,
"drillEffect": {"type": "MultiEffect",
"effects": [
{"type": "ParticleEffect",
"particles": 5,
"sizeFrom": 19,
"sizeTo": 0,
"interp": "fastSlow",
"length": 35,
"baseLength": 8,
"lifetime": 55,
"colorFrom": "737373",
"colorTo": "737373",
"cone": 360},
{"type": "ParticleEffect",
"particles": 20,
"line":true,
"length": 43,
"baseLength": 3,
"lifetime": 20,
"colorFrom": "FFFFFF",
"colorTo": "FFE176",
"cone": 360},
{"type": "ParticleEffect",
"particles": 1,
"sizeFrom": 0,
"sizeTo": 38,
"length": 0,
"baseLength": 0,
"lifetime": 14,
"colorFrom": "FFFFFF80",
"colorTo": "FFFFFF00",
"cone": 360},
{"type": "WaveEffect",
"lifetime": 14,
"sizeFrom": 0,
"sizeTo": 38,
"strokeFrom":2,
"strokeTo": 0,
"colorFrom": "FFFFFFFF",
"colorTo": "FFFFFF00"}]},
	"consumes": {
	"power":2.5,
	"liquid": {
	"liquid": "water",
	"amount": 0.2}
	},
	"requirements": [
 "titanium/150",
 "graphite/100",
 "silicon/80",
 "blast-compound/30",
 "化钢/200",
 "黑核/15",
 "火石矿/250"
	],
	"category": "production",
	"research": "强压钻机"
}
