{
	"name": "自动钻井",
	"description": "能够选择你要挖掘的矿物",
	"health": 1200,
	"size": 3,
	"hasPower": true,
	"hasItems": true,
	"hasliquids":true,
	"liquidCapacity":120,
       "itemCapacity":10,
	"requirements": [
    "copper/200"
    "lead/150"
    "silicon/200"
    "graphite/150"
    "化钢/120"
    "火石矿/320"
	],
 "category":"production",
 "research":"深层钻井"
	"drawer": {
		"type": "DrawMulti",
		"drawers": [
			"DrawDefault",
			{
				"type": "DrawRegion",
				"suffix": "-转",
				"spinSprite": true,
				"rotateSpeed": 12
			},
			{
				"type": "DrawRegion",
				"suffix": "-top"
			}
		]
	},
}