{
    "name": "钛钻头",
    "type": "Drill",
    "description": "由钛组成的钻头，特点，血量高和挖掘速度快",
    "size": 2,
    "health": 500,
    "tier": 3,
    "drillTime": 120,
    "liquidBoostIntensity": 2,
    "canOverdrive": true,
    "warmupSpeed": 1,
    "drillEffect": "none",
    "updateEffect": "none",
    "rotateSpeed": 1.6,
    "drawMineItem":true,
    "idleSound": "DrillBit",
    "idleSoundVolume": 0.1,
    "consumes": {
        "liquid": {
            "liquid": "water",
            "amount": 0.07,
            "booster": true,
            "optional": true
        }
    },
    "itemCapacity": 10,
    "liquidCapacity": 10,
    "requirements": [
        "titanium/20"
    ],
	"category": "production",
    "research": {
	"requirements": [//研究花费
    "titanium/30"	]
    "parent": "强化核心",
}
}