{
	"type":"missile",
	"controller":"MissileAI",
	"lowAltitude":false,
	"speed":2,
	"rotateSpeed":0.005,
	"lifetime":300,
	"fogRadius":0,
	"isEnemy":false,
	"allowedInPayloads":false,
	"playerControllable":false,
	"physics":true,
	"useUnitCap":false,
	"createWreck":false,
	"createScorch":false,
	"flying":true,
	"hidden":true,
	"health":100,
	"hitSize":4,
	"outlineRadius":0,
	"maxRange":0,
	"bounded":false,
	"name":"特斯拉电球",
	"description":"一种持续放电的能量球。",

	"engineColor":"BAFFF9FF",
	"outlineRadius":0,
	"engineSize":4,
	"engineLayer":110,
	"drawCell":false,

	"targetGround":false,
	"targetAir":false,

	"abilities":[
	{"type":"RegenAbility",
	"percentAmount":-0.01,
	}
	{"type":"EnergyFieldAbility",
	"x":0,"y":0,
	"damage":35,
	"reload":6,
	"range":180,
	"status":"empII",
	"statusDuration":240,
	"hitBuildings":true,
	"hitUnits":true,
	"healPercent":0.005,
	"maxTargets":5,
	"useAmmo":false,
	"color":"BAFFF9FF",
	"sectorRad":0
	"shootSound":"none"
	"hitEffect":"none",
	}	],

	"immunities":[
	"wulfrum-amplify"
	],

	"weapons":[
		{"name":"balllighting",
		"mirror":false,
		"shootSound":"spark",
	"shootCone":360,
	"shootOnDeath":true,
	"controllable":true,

	"bullet":{
	"instantDisappear":false,
	"keepVelocity":false,
	"killShooter":true,
	"type":"basicBulletType",
	"sprite":"large-orb",
		"damage":120,
		"splashDamageRadius":40,
		"splashDamage":100,
		"speed":0,
		"lifetime":60,
		"status":"shocked",
		"shrinkY":0,"shrinkX":0,
		"width":10,"height":10,
		"frontColor":"36B1DDFF",
		"backColor":"BAFFF9FF",
	"collides":false
	"collidesAir":false,
	"collidesGround":false,

		"bulletInterval":6,
		"intervalRandomSpread":0,
		"intervalAngle":0,
		"intervalSpread":0,
		"intervalBullet":{
		"type":"EmpBulletType",
		"sprite":"large-orb",
		"radius":80,
		"damage":30,
	"instantDisappear":true,
		"shrinkY":0,"shrinkX":0,
		"width":12,"height":12,
		"frontColor":"36B1DDFF",
		"backColor":"BAFFF9FF",
		"hitSound":"spark",
	"collides":false
	"collidesAir":false
	"collidesGround":false

		"timeIncrease":0,
		"powerDamageScl":1,
		"powerSclDecrease":1,
		"unitDamageScl":1,

		"lightningColor":"36B1DDFF",
		"lightning":5,
		"lightningDamage":10,
		"lightningLength":3,
		"lightningAngle":180,
		"lightningLengthRand":8,

	"despawnEffect":
	{"type":"WaveEffect",
	"lifetime":15,
	"sizeFrom":80,
	"sizeTo":80,
	"strokeFrom":3,
	"strokeTo":0,
	"colorFrom":"36B1DDFF",
	"colorTo":"BAFFF9FF",
	},

	"chainEffect":"chainLightning",
	"applyEffect":"none",
	"hitPowerEffect":{
	"type":"multiEffect",
	"effects":[
	{"type":"WaveEffect",
	"lifetime":15,
	"sizeFrom":0,
	"sizeTo":30,
	"strokeFrom":7.5,
	"strokeTo":0,
	"colorFrom":"36B1DDFF",
	"colorTo":"BAFFF9FF",
	},
	{"type":"ParticleEffect",
	"offset":30,
	"particles":10,
	"lifetime":20,
	"length":50,
	"interp":"circleOut",
	"sizeInterp":"pow5In",
	"cone":-360,
	"line":true,
	"strokeFrom":1.5,
	"strokeTo":1.5,
	"lenFrom":5,
	"lenTo":5,
	"lightColor":"BAFFF9FF",
	"colorFrom":"36B1DDFF",
	"colorTo":"BAFFF9FF",
	},
	{"type":"ParticleEffect",
	"offset":30,
	"particles":10,
	"lifetime":25,
	"length":30,
	"interp":"circleOut",
	"sizeInterp":"pow5In",
	"cone":-360,
	"line":true,
	"strokeFrom":1.5,
	"strokeTo":1.5,
	"lenFrom":7,
	"lenTo":7,
	"lightColor":"BAFFF9FF",
	"colorFrom":"36B1DDFF",
	"colorTo":"BAFFF9FF",
	}	]	}

	"shootEffect":"none",

	}	}	}	]
}
