{
	"type": "naval",
	"name": "神龙",
	"speed": 0.46,
	"rotateSpeed": 0.71,
	"ammoCapacity": 200,
	"hitSize": 90,
	"trailLength": 160,
	"waveTrailX": 25,
	"waveTrailY": -46,
	"trailScl": 5,
	"health": 49000,
	"armor": 8,
		"buildRange": 288,
	"buildSpeed": 3,
	"buildBeamOffset": 16,
	"faceTarget": false,
		"research": {
		"parent": "navanax",
		"objectives": [
			{
				"type": "SectorComplete",
				"preset": "impact0078"
			}
		]
	},
	"weapons": [
		{
			"name": "要",
			"x": 17,
			"y": -29,
			"reload": 60,
			"shootCone": 60,
			"shoot": {
				"shots": 5
				"shotDelay": 10,
			},
			"shootSound": "missile",
			"rotate": true,
			"rotateSpeed": 4,
			"inaccuracy": 6,
			"xRand": 6,
			"autoTarget": true,
			"bullet": {
				"frontColor": "7CF389",
				"backColor": "7CF389",
				"type": "MissileBulletType",
				"damage": 50,
				"splashDamageRadius": 45,
				"splashDamage": 60,
				"homingDelay": 15,
				"homingRange": 60,
				"homingPower": 0.22,
				"shootEffect": "shootBig2",
				"smokeEffect": "shootSmallFlame",
				"hitEffect": "flakExplosionBig",
				"hitSound": "explosion",
				"width": 12,
				"height": 13,
				"speed": 6,
				"lifetime": 78.5
			}
		},
		{
			"name": "要",
			"x": 34,
			"y": -10,
			"reload": 70,
			"shootCone": 60,
			"shoot": {
				"shots": 5
				"shotDelay": 10,
			},
			"shootSound": "missile",
			"rotate": true,
			"rotateSpeed": 4,
			"inaccuracy": 6,
			"xRand": 6,
			"autoTarget": true,
			"bullet": {
				"type": "MissileBulletType",
				"frontColor": "7CF389",
				"backColor": "7CF389",
				"damage": 50,
				"splashDamageRadius": 45,
				"splashDamage": 60,
				"homingDelay": 15,
				"homingRange": 60,
				"homingPower": 0.22,
				"shootEffect": "shootBig2",
				"smokeEffect": "shootSmallFlame",
				"hitEffect": "flakExplosionBig",
				"hitSound": "explosion",
				"width": 12,
				"height": 13,
				"speed": 6,
				"lifetime": 78.5
			}
		},
			{
			"name": "辅双",
			"reload": 100,
			"x": 0,
			"y": -3,
			"rotate": true,
			"rotateSpeed": 2,
			"top": true,
			"mirror": false,
			"inaccuracy": 0,
			"shootY": 5,
			"shootSound": "laser",
		    "recoil": 5,
			"shake": 3,
			"shootSound": "shootBig",
			"bullet": {
				"damage": 120,
				"splashDamage": 80,
				"splashDamageRadius": 40,
				"pierce": true,
				"speed": 5,
				"lifetime": 150,
				"trailLength": 15,
				"trailWidth": 3.3,
				"trailColor": "7CF389",
				"backColor": "97ffa8",
				"frontColor": "ffffff",
				"width": 10,
				"height": 30,
                "fragBullets": 35,
                "fragBullet": {
				"sprite": "circle-bullet",
				"weaveMag": 5,
				"weaveScale": 240,
				"shrinkY": 0,
				"frontColor": "90FF9B",
				"backColor": "90FF9B",
                "trailLength": 6,
				"trailWidth": 6,
				"trailColor": "90FF9B",
				"shootEffect": "none",
				"smokeEffect": "none",
				"damage": 15,
				"healPercent": 0.6,
				"width": 10,
				"height": 10,
				"speed": 3,
				"lifetime": 300
				"collidesTeam": true,
                }
		        }
				"parts": [
				{
				"type": "RegionPart",
				"mirror": true,
				"suffix": "-管",
				"under": true,
				"moveY": -4,
				"progress": "recoil"
				"layer":80,
				}]
				},
                {
        "name": "王"
        "reload":160,
        "mirror":false,
        "shootY":10,
        "x":9,
        "y":34,
        "top": true,
        "rotate":true,
        "alternate": true,
		"rotateSpeed": 3,
        "recoil":0,
        "shots": 1
        "continuous":true,
        "cooldownTime":240,
        "bullet":{
            "type":"ContinuousLaserBulletType",
            "damage":20,
            "length":100,
            "width":2,
            "hitEffect":"none",
            "drawSize":300,
            "lifetime":120,
            "smokeEffect":"none",
            "shootEffect":"none",
            "incendChance":1,
            "incendSpread":1,
            "incendAmount":1,
            "healPercent":1
			"collidesTeam":true
            "colors":["98ffa9","98ffa9","F0FFFF"]
             }
             }
             {
        "name": "王"
        "reload":170,
        "mirror":false,
        "shootY":10,
        "top": true,
        "x":23,
        "y":28,
        "rotate":true,
        "alternate": true,
		"rotateSpeed": 3,
        "recoil":0,
        "shots": 1
        "continuous":true,
        "cooldownTime":240,
        "bullet":{
            "type":"ContinuousLaserBulletType",
            "damage":50,
            "length":100,
            "width":2,
            "hitEffect":"none",
            "drawSize":300,
            "lifetime":120,
            "smokeEffect":"none",
            "shootEffect":"none",
            "incendChance":1,
            "incendSpread":1,
            "incendAmount":1,
            "healPercent":1
			"collidesTeam":true
            "colors":["98ffa9","98ffa9","F0FFFF"]
             },
             }
                {
        "name": "王"
        "reload":160,
        "mirror":false,
        "shootY":10,
        "x":-9,
        "y":34,
        "top": true,
        "rotate":true,
        "alternate": true,
		"rotateSpeed": 3,
        "recoil":0,
        "shots": 1
        "continuous":true,
        "cooldownTime":240,
        "bullet":{
            "type":"ContinuousLaserBulletType",
            "damage":20,
            "length":100,
            "width":2,
            "hitEffect":"none",
            "drawSize":300,
            "lifetime":120,
            "smokeEffect":"none",
            "shootEffect":"none",
            "incendChance":1,
            "incendSpread":1,
            "incendAmount":1,
            "healPercent":1
			"collidesTeam":true
            "colors":["98ffa9","98ffa9","F0FFFF"]
             }
             }
             {
        "name": "王"
        "reload":170,
        "mirror":false,
        "shootY":10,
        "top": true,
        "x":-23,
        "y":28,
        "rotate":true,
        "alternate": true,
		"rotateSpeed": 3,
        "recoil":0,
        "shots": 1
        "continuous":true,
        "cooldownTime":240,
        "bullet":{
            "type":"ContinuousLaserBulletType",
            "damage":50,
            "length":100,
            "width":2,
            "hitEffect":"none",
            "drawSize":300,
            "lifetime":120,
            "smokeEffect":"none",
            "shootEffect":"none",
            "incendChance":1,
            "incendSpread":1,
            "incendAmount":1,
            "healPercent":1
			"collidesTeam":true
            "colors":["98ffa9","98ffa9","F0FFFF"]
             },
             }
	]
}