{
	"type": "legs",
	"name": "嗜血",
	"armor": 30,
	"speed": 0.76,
	"rotateSpeed": 1.12,
	"hitSize": 48,
	"health": 47000,
	"legPairOffset": 3,
	"legExtension": -30,
	"legBaseOffset": 8,
	"stepShake": 1.2,
	"legCount": 6,
	"legLength": 100,
	"legMoveSpace": 1,
	"rippleScale": 1.6,
	"legSplashDamage": 88,
	"legSplashRange": 46,
	"drownTimeMultiplier": 6,
	"hovering": true,
	"allowLegStep": true,
		"research": {
		"parent": "toxopid",
		"objectives": [
			{
				"type": "SectorComplete",
				"preset": "impact0078"
			}
		]
	},
	"ammoType": {
		"type": "PowerAmmoType",
		"totalPower": 22000
	},
	"weapons": [
		{
			"name": "2",
			"top": true,
			"shootY": 6,
			"reload": 13.5,
			"ejectEffect": "none",
			"recoil": 2,
			"x": 20,
			"y": 6.5,
			"shootSound": "sap",
			"rotate": false,
			"bullet": {
				"type": "SapBulletType",
				"pierceArmor": true,
				"shootEffect": "shootSmall",
				"lifetime": 15,
				"sapStrength": 1.35,
				"length": 320,
				"width": 0.55,
				"knockback": -1.1,
				"statusDuration": 200,
				"status": "sapped",
				"damage": 40,
				"color": "A278E1",
				"lightColor": "A278E1",
				"hitColor": "bf92f9",
				"despawnEffect": "none"
			}
		},
		{
			"name": "1",
			"top": true,
			"shootY": 22,
			"reload": 200,
			"rotate": true,
			"rotationLimit": 80,
			"rotateSpeed": 1,
			"mirror": false,
			"ejectEffect": "casing3",
			"recoil": 6,
			"shake": 8,
			"x": 0,
			"y": -14,
			"shootSound": "artillery",
			"bullet": {
				"type": "ArtilleryBulletType",
				"shootEffect": "shootSmall",
				"smokeEffect": "shootBigSmoke2",
				"speed": 3,
				"lifetime": 98,
				"width": 25,
				"height": 25,
				"frontColor": "ffffff",
				"backColor": "A278E1",
				"collidesTiles": true,
				"ammoMultiplier": 4,
				"damage": 60,
				"splashDamageRadius": 60,
				"splashDamage": 92,
				"hitShake": 10,
				"lightningColor": "A278E1",
				"lightningDamage": 36,
				"lightning": 5,
				"lightningLength": 14,
				"status": "sapped",
				"statusDuration": 600,
				"despawnEffect": "none",
				"fragBullets": 16,
				"fragLifeMin": 0.3,
				"fragBullet": {
					"type": "ArtilleryBulletType",
					"speed": 2.3,
					"lifetime": 90,
					"width": 19,
					"height": 19,
					"frontColor": "ffffff",
					"backColor": "A278E1",
					"collidesTiles": false,
					"splashDamageRadius": 30,
					"splashDamage": 25,
					"knockback": 1,
					"hitShake": 5,
					"lightningColor": "A278E1",
					"lightningDamage": 30,
					"lightning": 3,
					"lightningLength": 7,
					"status": "sapped",
					"statusDuration": 60,
					"despawnEffect": "none"
				}
		    "bulletInterval": 1,
            "intervalBullets": 1,
            "intervalSpread": 0,
            "intervalRandomSpread": 0,
            "intervalBullet": {
				"shootEffect": "shootSmall",
				"smokeEffect": "shootBigSmoke2",
				"speed": 0,
				"lifetime": 90,
				"width": 10,
				"height": 10,
				"frontColor": "ffffff",
				"backColor": "A278E1",
				"collidesTiles": true,
				"damage": 60,
				"status": "sapped",
				"statusDuration": 10,
				"despawnEffect": "none",
			}
			}
		}
		{
			"name": "3",
			"top": true,
			"shootY": 3,
			"reload": 10,
			"rotate": true,
			"rotationLimit": 80,
			"rotateSpeed": 4,
			"mirror": true,
			"ejectEffect": "casing1",
			"recoil": 3,
			"shake": 1,
			"x": 15,
			"y": 4.5,
			"shootSound": "artillery",
			"bullet": {
				"shootEffect": "shootSmall",
				"smokeEffect": "shootBigSmoke2",
				"speed": 5,
				"lifetime": 98,
				"width": 10,
				"height": 10,
				"frontColor": "ffffff",
				"backColor": "A278E1",
				"collidesTiles": true,
				"damage": 20,
				"status": "sapped",
				"statusDuration": 10,
				"despawnEffect": "none",
			}
		}
	]
}