{
	"type": "flying",
	"name": "血月",
	"speed": 0.45,
	"drag": 0.05,
	"accel": 0.1,
	"rotateSpeed": 1,
	"ammoType": {
		"type": "PowerAmmoType",
		"totalPower": 100
	},
	"ammoCapacity": 320,
	"top": false,
	"hitSize": 75,
	"flying": true,
	"drawMinimap": false,
	"faceTarget": true,
	"lowAltitude":true,
	"health": 52000,
	"armor": 5,
	"engineOffset": 30,
	"engineSize": 10,
	"itemCapacity": 0,
	"research": {
		"parent": "eclipse",
		"objectives": [
			{
				"type": "OnSector",
				"preset": "impact0078"
			}
		]
	},
	"weapons": [
			{
			"name": "空客",
			"x": 20,
			"y": 0,
			"reload": 10,
			"top": true,
			"rotate": false,
			"alternate": true,
			"mirror": true,
			"shootSound": "shootBig",
			    "bullet": {
				"sprite": "circle",
				"shrinkY": 3,
				"shootEffect": "none",
				"smokeEffect": "shootSmallFlame",
				"damage": 200,
				"width": 8,
				"height": 18,
				"speed": 10,
				"lifetime": 60
				"fragRandomSpread": 50,
				"fragBullet": 100
				"fragvelocityRnd": 1,//散射
                "fragBullet": {
			"speed": 5,
			"lifetime":160,
			"width": 10,
			"height": 10,
			"splashDamageRadius":10,
	        "splashDamage":50,
	        "drag": 0.02,
			}
		},
		}
	]
}