{
	"type": "Reconstructor",
	"name": "超神级单位重构工厂",
	"description": "将5级单位再次升级",
    "health":30000,
	"size":11,
		  "hasLiquids": true,
	   "liquidCapacity": 600,
		"buildCostMultiplier":0.75
			"consumes":{
				"power":60
						"liquid":{
			"liquid":"浓缩能量流体",
			"amount":0.4
		}
	"items": {	
	"items": [
		{ "item": "纯硅晶", "amount":2000 },
		{ "item": "废晶", "amount":3000}
		{ "item": "赤金", "amount":1200}
		{ "item": "凝能晶", "amount":800}
		{ "item": "金辉合金", "amount":700}
		{ "item": "初代合晶", "amount":1000}	
			{ "item": "次代合晶", "amount":300}
	{ "item": "超代合晶", "amount":100}		
		]
		}
		},
	"upgrades":[
		["终甲","天甲"],
	 ["冥界","佛戮"],
		["电辉","烨煜"],
		 ["宙斯","天元"],
		 ["Lv5挖矿机","Lv6挖矿机"],
	//	["雷章",""],	
		["雷章","洋帝"],	
	["龙帝","螣渊"],	
    ],
	"constructTime":35000,
	"requirements": [
	"锂/6000"
	 { "item": "纯硅晶", "amount":4000 },
		{ "item": "塑胶", "amount":3000 },
		{ "item": "凝能晶", "amount":800}
		{ "item": "铀", "amount":2000}
		{ "item": "赤金", "amount":1800}
		{ "item": "金辉合金", "amount":2000}
	{ "item": "次代合晶", "amount":400}	
		],
	"category":"units",
	"buildVisibility":"shown",
	"research": {
		"parent": "T5重构工厂",
	},
}