{
	"type": "naval",
	"name": "浮卵",
	"description": "超限集团的航母，没有攻击能力，但是能发射无人机辅助战斗。[red]无人机重建较慢，无人机攻击状态时不会移动。\n[blue][超限技术航母]",
		"immunities": [
		"wet","spore-slowed","tarred"
	],
	"speed":0.6,
	"rotateSpeed":0.9,
	"ammoType":{
	"type":"PowerAmmoType",
	"totalPower":100},
	"ammoCapacity": 60,
    "trailLength":24,
    "waveTrailX":0,
    "waveTrailY":-6,
    "trailScl":2,
	"hitSize":10, 
	"health": 460,
	"armor":5,
	"faceTarget": false,
	"maxRange": 400,
	    "abilities": [/*能力（如力场防御等） */
        {
        "type": "RepairFieldAbility"
        "amount":133
        "reload": 120
        "range": 88
    }]
	"weapons":[
		{"name": "无",	
			"shoot":{
		"shots":2,
	    "shotDelay":0,
		"type":"ShootAlternate",
		"barrels":4,
		"spread":4.5
	},
	//"ammoUseEffect": "casing2Double",
	"shootSound":"respawn",
	"reload":600,
        "x": -6,  "y": 3, 
        "rotate": true,
		"shootY":3,
        "rotateSpeed":24,
        "inaccuracy": 0,
          "shootStatusDuration": 60,//发射时给自己的状态时间
	"shootStatus": "静止",//发射时给自己的状态
	"bullet":{
	"maxRange": 400,
	         "type": "BasicBulletType",
             "spawnUnit": "无人机1",
             "speed": 0,
	               	}}
	]
	"research": {
	"parent":"uAABT1N田螺"
	"objectives": [
            {
				"type": "OnSector",
				"preset": "遗忘河滩"
			}
	]
	}
	//"controller": "DefenderAI"
}