{
    "type": "hover",
    "name":"火花"
    "description": "用于突击敌方建筑的自爆单位,可以在水上移动,小巧而坚硬\n\n[blue][超限技术特殊作战单元]",
    "immunities": [
		"wet","spore-slowed","tarred"
	],
    "speed": 1.9
    "hitSize": 18
    "health": 250,
    	"rotateSpeed": 2.1
    	"ammoType":"copper",
	"ammoCapacity": 300,
        "targetAir":false,  
    "targetGround":true,
    "hovering":true
    "armor":15
    "itemCapacity": 5
    "parts": [
		{
			"type": "HoverPart",//悬浮特效
			"layerOffset": -1,//图层偏移
			"mirror": true,//镜像对称
			"x": 3,//X位置
			"y": 3,//Y位置
			"radius": 10,//大小
			"color": "c0ecff",//颜色
			"phase": 100,//相位，初始角度
			"circles": 2,//圈子界限
			"stroke": 2,//粗细
			"minStroke": 0//最小粗细
		}
		{
			"type": "HoverPart",//悬浮特效
			"layerOffset": -1,//图层偏移
			"mirror": true,//镜像对称
			"x": 3,//X位置
			"y": -3,//Y位置
			"radius": 10,//大小
			"color": "c0ecff",//颜色
			"phase": 100,//相位，初始角度
			"circles": 2,//圈子界限
			"stroke": 2,//粗细
			"minStroke": 0//最小粗细
		}
		]
    "weapons": [
   {	"name": "无",	
		"reload": 10, 
		"x": 0,  "y": 0, 
		"rotate": false,
		"shootCone":360,
		"ejectEffect":"none",
		"shootSound":"explosionbig",
		"mirror":false,
		"inaccuracy": 0,
		"alternate": true,
		"shootOnDeath":true,
		"bullet":{
		"lightningDamage":19,
            "lightningColor": "c0ecffFF",
    "lightning":4
    "lightningLength":12
		"killShooter":true,
		"splashDamageRadius":68,
		"instantDisappear":true,
		"collides": false,
		"splashDamage":110,
		"speed":1,"lifetime":10,
		"hitEffect":"massiveExplosion",
		"despawnEffect":{"type": "MultiEffect",
			"effects": [
			{"type": "ParticleEffect",
			"particles": 18,
			"sizeFrom": 6,
			"sizeTo": 0,
			"length": 45,
			"baseLength": 3,
			"lifetime": 35,
			"colorFrom": "c0ecff",
			"colorTo": "c0ecff",
			"cone": 360},
			{"type": "ParticleEffect",
			"particles": 32,
			"line":true,
			"sizeFrom": 9,
			"sizeTo": 0,
			"length": 53,
			"baseLength": 20,
			"lifetime": 22,
			"colorFrom": "c0ecff",
			"colorTo": "c0ecff",
			"cone": 360},
			{"type": "WaveEffect",
			"lifetime": 15,
			"sizeFrom": 0,
			"sizeTo": 70,
			"strokeFrom": 4,
			"strokeTo": 0,
			"colorFrom": "c0ecff",
			"colorTo": "c0ecff"}]},
		"width":0,	 "height":0
		"intervalBullets":6
        "intervalBullet":{
        "type": "EmpBulletType",
				"timeIncrease": 0,//己方建筑加速倍率
				"collidesTiles": "false",//碰撞方块
				"collidesTeam": "false"//碰撞自己的队友
				"timeDuration": 0,//加速持续时间
				"powerDamageScl": 3,//敌方电器损坏倍率
				"powerSclDecrease": 0.5,//敌方电器功率下降倍率
				"radius": 18,
				"pierce": true,//穿透单位
				"splashDamageRadius": 16,
				"splashDamage": 12,
				"width": 0,
				"height": 0,
				"damage": 10,
				"keepVelocity": true,
				"trailEffect": "none",
				"backColor": "c0ecff",
				"frontColor": "c0ecff",
				"instantDisappear": true,//瞬间消失
				"hitSound": "plasmaboom",
				"despawnEffect": "hitEmpSpark"
				"hitPowerEffect": {
					"type":"WrapEffect",
					"effect":"dynamicSpikes",
					"color":"c0ecff",
					"rotation":8
				},
		    	"applyEffect": "none"
		    	"hitEffect": "none"
		    	"shootEffect": "none"
			}
			
		"fragBullets":1
        "fragBullet":{
        "lightningDamage":19,
            "lightningColor": "c0ecffFF",
    "lightning":4
    "lightningLength":12
		"killShooter":true,
		"splashDamageRadius":68,
		"instantDisappear":true,
		"collides": false,
		"splashDamage":110,
		"speed":0,"lifetime":600,
		"hitEffect":"massiveExplosion",
		"despawnEffect":{"type": "MultiEffect",
			"effects": [
			{"type": "ParticleEffect",
			"particles": 18,
			"sizeFrom": 6,
			"sizeTo": 0,
			"length": 45,
			"baseLength": 3,
			"lifetime": 35,
			"colorFrom": "c0ecff",
			"colorTo": "c0ecff",
			"cone": 360},
			{"type": "ParticleEffect",
			"particles": 32,
			"line":true,
			"sizeFrom": 9,
			"sizeTo": 0,
			"length": 53,
			"baseLength": 20,
			"lifetime": 22,
			"colorFrom": "c0ecff",
			"colorTo": "c0ecff",
			"cone": 360},
			{"type": "WaveEffect",
			"lifetime": 15,
			"sizeFrom": 0,
			"sizeTo": 70,
			"strokeFrom": 4,
			"strokeTo": 0,
			"colorFrom": "c0ecff",
			"colorTo": "c0ecff"}]},
		"width":0,	 "height":0
		"intervalBullets":6
        "intervalBullet":{
        "type": "EmpBulletType",
				"timeIncrease": 0,//己方建筑加速倍率
				"collidesTiles": "false",//碰撞方块
				"collidesTeam": "false"//碰撞自己的队友
				"timeDuration": 0,//加速持续时间
				"powerDamageScl": 3,//敌方电器损坏倍率
				"powerSclDecrease": 0.5,//敌方电器功率下降倍率
				"radius": 18,
				"pierce": true,//穿透单位
				"splashDamageRadius": 16,
				"splashDamage": 12,
				"width": 0,
				"height": 0,
				"damage": 10,
				"keepVelocity": true,
				"trailEffect": "none",
				"backColor": "c0ecff",
				"frontColor": "c0ecff",
				"instantDisappear": true,//瞬间消失
				"hitSound": "plasmaboom",
				"despawnEffect": "hitEmpSpark"
				"hitPowerEffect": {
					"type":"WrapEffect",
					"effect":"dynamicSpikes",
					"color":"c0ecff",
					"rotation":8
				},
		    	"applyEffect": "none"
		    	"hitEffect": "none"
		    	"shootEffect": "none"
			}
        }
	   }
	   	}
    ]
   // "research":"uAABT1A响应"
   "research": {
	"parent":"BAAsHA步兵厂"
	"objectives": [
            {
				"type": "SectorComplete",
				"preset": "冰冷山区"
			}
	]
	}
}