{
		"immunities": [
	],
	"name": "转换",
	"type": "missile",
	"template": "MissileUnitType",
	"description": " ",
	"health": 1,
	"armor": 0
	"speed": 0
	"lifetime": 0
	"maxRange": 0
	"rotateSpeed": 0
	"engineColor": "ffffff00",
	"trailColor": "ffffff00",
	"engineLayer": 100,
	"engineSize": 3.1,
	"engineOffset": 0,
	"trailLength": 0,
	"missileAccelTime": 0,
	"lowAltitude": true,
	"fogRadius": 0
	"outlineColor": "ffffff00",
	"abilities": [
	{
			"type": "SpawnDeathAbility",
			"unit": "uAABT1L基础基座",
			"amount": 1,
			"randAmount": 0
			"spread": 0,
	    "faceOutwards": false,
	},]
	"weapons": [
		{
			"shootCone": 360,
			"mirror": false,
			"reload": 1,
			"shake": 10,
			"shootOnDeath": true,
			"shootSound": "plasmaboom",
			"bullet": {
				"collidesGround": false
	"collidesAir": false
				"type": "ExplosionBulletType",
				"hitColor": "ffffff00",
				"damage": 1
				"buildingDamageMultiplier":0
		}
		}
	],
}