{
	"type": "ImpactReactor",
	"name": "小型冲击反应堆",
	"size": 3,
	"health": 1200,
	"liquidCapacity": 30,
	"itemCapacity": 10,
	"warmupSpeed": 0.0015,
	"hasItems": true,
	"hasLiquids": true,
	"outputsPower": true,
	"powerProduction": 82,
	"itemDuration": 230,
	"explodeSound":"explosionbig",
	"drawer": {
		"type": "DrawMulti",
		"drawers": [
			{
				"type": "DrawRegion",
				"suffix": "-bottom"
			},
			{
				"type": "DrawPlasma",
				"plasma1": "FFD06BFF",
				"plasma2": "FF361BFF"
			},
			"DrawDefault",
			{
				"type": "DrawLiquidRegion",
				"drawLiquid": "cryofluid"
			}
		]
	},
	"destroyBullet": {
		"type": "BasicBulletType",
		"splashDamageRadius": 160,
		"splashDamage": 3200,
		"instantDisappear": true,
		"makeFire": true,
		"hitShake": 1.6,
	},
	"consumes": {
		"power": 16,
		"liquid": {
			"liquid": "cryofluid",
			"amount": 0.15
		},
		"items": [
			"blast-compound/1"
		]
	},
	"requirements": [
		"lead/300",
		"metaglass/160",
		"silicon/200",
		"graphite/240",
		"thorium/120",
		"surge-alloy/160",
	],
	"category": "power",
	"research": "alloy-smelter"
}