{
	"name":"最高访问协议",
	"alwaysUnlocked":true,
	"description": ""
	"details":"[#6E7A8D]          关于所有文件的最高访问协议        \n如果你着陆了帝科斯基星球，即代表你已经同意了该协议\n\n1.签字人始终效忠于泛银河泰尔克罗民族联合帝国，对于所有最高访问协议才能访问的内容，必须永远不得公开，永远不得与疑似或已证实知晓泛银河泰尔克罗民族联合帝国部分机密的非高层人员或其他任何智慧生命体进行交谈，以免造成更多信息泄露\n2.泛银河泰尔克罗民族联合帝国将会给予签字人最高访问协议，访问一切文件，但不允许在没有经泛银河泰尔克罗民族联合帝国的E97至E100级人员的许可下，进行访问文件\n3.为了帝国，一切违反《泛银河最高智慧生命体保护法案》及其所有《泛银河最高智慧生命体法案》下所有的1.4896324*10^9本 K7(超星系团)，K6(星系团)，K5(星系)，K4(恒星系)法律，以及约2.689*10^12本 地方(小于恒星系即地方)法规的行为都会进行默认政策，不进行处罚\n\n一切为了泛银河泰尔克罗民族联合帝国\n一切为了泰尔克罗命运共同体\n一切为了泛银河泰尔克罗民族联合帝国最高联邦\n签字人: Z꯭e꯭r꯭o꯭D꯭e꯭t꯭a"
	"research":"一阶废料核心"
}