{
    "name": "烽火",
    "research":""
    "description": "发射3枚普通导弹",
    "type": "tank",
    "armor": 1,
    "speed":0.8,
    "rotateSpeed":8,
    "hitSize":15,
    "treadFrames":10,
    "health":850,
    "treadPullOffset":0.3,
    "rippleScale":1.2
    "squareShape":true
    "omniMovement":false
    "rotateMoveFirst":true
    "itemCapacity":0,
    "outlineColor": "212121",
	//描边颜色
	"envDisabled":0,
    //需要的环境
    "crushDamage":4,
    //碰撞伤害
   /* "immunities":[
        "短路",
        "burning"
        ],*/
        "ammoType":{
        "type":"ItemAmmoType",
        "item":"黄玉",
    },
	"weapons":[
	    {
            "name":"烽火导弹",
            "mirror":false,
            "y":0,
            "x":0,
               "top":true,
            //"shootY":9,
            "reload":45
                "rotateSpeed":8,
            //射速
	            	"shoot": {
    "type": "shootBarrel",
    "shots": 3,//炮口数量
    "barrels": [
    0,0,0,
     0,0,5
    0,0,-5,
    ],//炮口位置（左右，前后，倾斜）
    "shotDelay":0,
}
            "recoil":0.5,
            //后坐力
            "shake":0.5,
            //屏幕摇晃
           // "shootSound": "missileSmall",
            "rotate":true,
            "inaccuracy":0//不准确度
            "bullet": {
                	"type":"MissileBulletType",
	"damage": 30,
	"shootEffect":"none",
	"smokeEffect":"none",
	"splashDamageRadius":15,
	"splashDamage":35,
	"hitEffect":"none",
		"homingDelay": 30,
	"despawnEffect":"none",
    "width": 3.5,	"height": 9,
	"speed": 4,	"lifetime": 45
	  "despawnEffect":{
                "type": "multiEffect",
			"lifetime": 60,
			"effects": [	
   		{"type": "WaveEffect",
		"lifetime": 25,//存在时间
		"sizeFrom": 0,
		"sizeTo": 20,
		"strokeFrom": 3.5,
		"strokeTo": 0,
		"colorFrom": "74C2E8FF",
		"colorTo": "99F8FFFF"},
		{
		"type": "ParticleEffect",
		"particles": 9,//粒子数量
		"length": 40,//长度
		"lifetime": 48,//存在时间
		"interp": "circleOut",//中间部分
		"sizeInterp": "pow5Out",//大小部分
		"cone": 360,//角度
		"colorFrom": "74C2E8FF",
		"colorTo": "99F8FFFF",
		"sizeFrom": 4.5,
		"sizeTo": 0
		}
            ],
                }
		"trailLength": 8,
	"trailWidth": 1.5,
	"trailColor": "99F8FFFF",
	"trailEffect": {
		"type": "ParticleEffect",
		"particles": 1,
		"region":"合晶工业-四星"
		"length": 0,
		"lifetime": 10,
		"sizeFrom": 4,
		"colorFrom": "74C2E8FF",//中心颜色
		"colorTo": "99F8FFFF",//边缘颜色
	},
		"hitEffect": {//碰撞特效
		"type": "multiEffect",//多种特效
		"effects": [//特效
		{"type": "WaveEffect",
		"lifetime": 25,//存在时间
		"sizeFrom": 0,
		"sizeTo": 20,
		"strokeFrom": 3.5,
		"strokeTo": 0,
		"colorFrom": "74C2E8FF",
		"colorTo": "99F8FFFF"},
		{
		"type": "ParticleEffect",
		"particles": 9,//粒子数量
		"length": 40,//长度
		"lifetime": 48,//存在时间
		"interp": "circleOut",//中间部分
		"sizeInterp": "pow5Out",//大小部分
		"cone": 360,//角度
		"colorFrom": "74C2E8FF",
		"colorTo": "99F8FFFF",
		"sizeFrom": 4.5,
		"sizeTo": 0
		}	]	}
            }
            }
            ]
}