{
	"name": "灼热",
	"description": "充能并向附近的敌人发射持续激光束\n需要液体冷冻液才能正常工作\n\n[#E77966FF]有人看到宇宙熵增，有人见到熙攘的街道，有人听到风声，至此，产生共鸣，火力的轮廓逐渐显现",
	"type": "LaserTurret",
	"size": 4,
	"health": 3350,
	//"heatColor":"turretHeat",
	"shootEffect":"none",
	"shootSound":"laserbig",
	"range": 260,
	"reload":180,
	"coolantMultiplier":2,
	"liquidCapacity": 20,
	"inaccuracy": 0,
	"recoil": 3.5,
	"rotateSpeed": 3,
	"shake": 5,
	"coolEffect":"steam",
	"cooldown":0.1,
    "firingMoreFract":0,
    
	"shootType": {
		"status":"burning",
	    "statusDuration":680,
   "type":"ContinuousLaserBulletType",
	"hitEffect": "hitMeltdown",
	"hitSize": 8,
	"ammoMultiplier":1,
	"length":250,
	"damage": 95,	
	"colors":["FF9C5AFF", "FF9C5AFF", "FFFFFF"]
	},
	
	"consumes": {
		"power":18,
	"coolant":{"amount":0.3,"optional":true}  
		},
	"shootDuration": 200,
	"requirements": [
	"copper/1200"
	  "lead/1050"
	  "graphite/600"
  "silicon/525"
  "surge-alloy/165"
],
"category": "turret",
"research": "meltdown"
  }