{
    "type": "UnitCargoLoader",
    "name": "搬运点",
    "description": "生产为你远程搬运物品。",
    "health": 360,
    "size": 3,
    "hasItems": true,
    	"consumes": {
		"power": 20,
		"liquid": "蒸汽/1"
	},
    "itemCapacity": 200,
    "unitType": "运输机",
    "requirements": [
        "graphite/150",
    ],
    	"drawer": {
		"type": "DrawMulti",
		"drawers": [
			"DrawDefault",
				{
	"type": "HaloPart",
	"rotateSpeed": 0,
	"sides": 4,
	"shapes": 6,
	"color": "97FFA8AF",
	"tri": true,
	"hollow": true,
	"stroke": 0,
	"strokeTo": 0.1,
	"radius": 25,
	"radiusTo": 25,
	"triLength": 4,
	"triLengthTo":4,
	"haloRadius": 20,
	"haloRotation": 0,
	"haloRotateSpeed": -0.8,
	"layer": 80
	    }
		]
	},
    "research": "mass-driver"
}