{
	"type": "ItemBridge",
	"name": "究级传送桥",
	"description": "究极长",
	"health": 80,
	"range": 1200,
    "transportTime":1,	
    "consumes": {"power": 10.5},
	"requirements": [
		{ "item": "copper", "amount": 4 },
		{ "item": "lead", "amount": 4 },
		{"item": "titanium", "amount": 4 }
		 { "item": "thorium", "amount": 4 },
		{ "item": "surge-alloy", "amount": 4 }
		{ "item": "graphite", "amount": 4 },
		{ "item": "silicon", "amount": 4 }
	],
	"category": "distribution",	
	"research": "究级传送带"
}