{
      "type":"Conduit",
      "name":"究级导管",
      "description": "一种高级导管，用极限合金转换为的碳纳米管制成，更加坚硬，运输速度是脉冲管的20倍速度",
      "health": 3600,
      "liquidCapacity": 320,
	"requirements": [
		{"item": "copper", "amount": 2},
		{"item": "lead", "amount": 2},
		{"item": "graphite", "amount": 1},
		{"item": "silicon", "amount": 1},
		{"item": "titanium", "amount": 20},
	],
	"category": "liquid",
    "research":"究级传送带"
    }