{
	"type": "PowerTurret",
	"name": "光轮",
	"description": "超限集团以蓝瑟炮为原型制造出的更加强大的激光炮，对空对地，攻击速度快，但是伤害不高。\n \n[blue][超限技术炮台]",
	"targetAir": true,
	"targetGround": false,
	"health": 480,
	"size": 3
	"shootSound":"激光",
	"shake":2,
	"inaccuracy": 5
	"recoil": 6
	"recoilTime":10
	"coolantMultiplier": 2.5
	"liquidCapacity": 500,
	"shootType": {	
	"type": "LaserBulletType",
	"chargeEffect":{
		"type":"MultiEffect",
		"effects":["lancerLaserCharge","lancerLaserChargeBegin"]
	},
	"status": "脆裂",
			"statusDuration": 330,
	//"pierceBuilding": true,
		"collidesGround":true,
			"collidesAir":true,
	"despawnEffect":"none",
	"lightningSpacing":25,
	"lightningLength":6,
	"lightningDelay":0.6,
	"lightningLengthRand":1,
	"lightningAngleRand":8,
	"lightningDamage":4,
	"lightningColor":"FFFFFF",
	"damage": 23,
	//"buildingDamageMultiplier":0.35,
	"pierceCap": 8
	"width": 16,	"length": 180,
	"lifetime": 40
	},
	   "consumes": {
		"power":9.6,//耗电
	"coolant":{"amount":1.6,"optional":true}  
		},
	"reload": 20,//发射间隔
	"rotateSpeed": 12,//炮台转速
	"range": 180,
	"category": "turret",
	    "research": {
	"parent":"BAAsAT2AA色散"
	"objectives": [
            {
				"type": "SectorComplete",
				"preset": "冰冷山区"
			}
	]
	}
	"requirements": [
{"item": "1集成电路", "amount": 25  },
{ "item": "titanium", "amount": 60 }
{ "item": "lead", "amount": 120 }
{ "item": "0铜铅合金", "amount":60},
{ "item": "metaglass", "amount": 80 }
	]
	"researchCostMultiplier": 0.5
}
