{
    "localizedName": "拉克勒斯",
    "generator": "SerpuloPlanetGenerator",
    "parent": "sun",
    "iconColor": "c9ffff",
    "orbitRadius": 70,
    "hasAtmosphere": true,
    "updateLighting": false,
    "atmosphereRadIn": 0.02,
    "atmosphereRadOut": 0.2,
    "atmosphereColor": "c9ffff",
    "autoAssignPlanet": true,
    "prebuildBase": false,
    "drawOrbit": true,
    "accessible": true,
    "alwaysUnlocked": true,
    "defaultCore": "初阶核心",
    "sectorSeed": 690,
    "startSector": 154,
    "sectorSize": 3,
    "clearSectorOnLose": true,
    "allowSectorInvasion": true,
    "allowLaunchToNumbered": false,
    "radius": 0.9,
    "orbitSpacing": 25,
    "cloudMesh": [
        {
            "type": "HexSkyMesh",
            "planet": "lacorus",
            "seed": 2,
            "speed": 0.3,
            "radius": 0.13,
            "divisions": 5,
            "color": "415589",
            "octaves": 2,
            "persistence": 0.42,
            "scl": 1,
            "thresh": 0.43
        },
        {
            "type": "HexSkyMesh",
            "planet": "lacorus",
            "seed": 2.5,
            "speed": 0.15,
            "radius": 0.14,
            "divisions": 5,
            "color": "0085c0",
            "octaves": 2,
            "persistence": 0.42,
            "scl": 1.2,
            "thresh": 0.4
        },
        {
            "type": "HexSkyMesh",
            "planet": "lacorus",
            "seed": 3,
            "speed": 0.6,
            "radius": 0.15,
            "divisions": 5,
            "color": "0085c0",
            "octaves": 2,
            "persistence": 0.42,
            "scl": 1.2,
            "thresh": 0.45
        }
    ],
    "mesh": {
        "type": "MultiMesh",
        "meshes": [
            {
                "type": "NoiseMesh",
                "planet": "lacorus",
                "seed": 155,
                "color1": "729ae1",
                "color2": "729ae1",
                "divisions": 4,
                "radius": 0.8,
                "octaves": 8,
                "persistence": 0.1,
                "scale": 0.1,
                "mag": 0.5
            },
            {
                "type": "NoiseMesh",
                "planet": "lacorus",
                "seed": 27676,
                "color1": "a0f1e3",
                "color2": "a0f1e3",
                "divisions": 5,
                "radius": 0.79,
                "octaves": 2,
                "persistence": 0.5,
                "scale": 1.2,
                "mag": 0.45
            },
            {
                "type": "NoiseMesh",
                "planet": "lacorus",
                "seed": 27676,
                "color1": "a0f1e9",
                "color2": "a0f1e9",
                "divisions": 6,
                "radius": 0.79,
                "octaves": 4,
                "persistence": 0.45,
                "scale": 1.8,
                "mag": 0.6
            },
            {
                "type": "NoiseMesh",
                "planet": "lacorus",
                "seed": 776,
                "color1": "FFFFFF",
                "color2": "6ec8c4",
                "divisions": 7,
                "radius": 0.45,
                "octaves": 8,
                "persistence": 0.6,
                "scale": 0.6,
                "mag": 7
            },
            {
                "type": "NoiseMesh",
                "planet": "lacorus",
                "seed": 122,
                "color1": "fff1ce",
                "color2": "fff1ce",
                "divisions": 5,
                "radius": 0.67,
                "octaves": 4,
                "persistence": 0.4,
                "scale": 0.5,
                "mag": 1.8
            },
            {
                "type": "NoiseMesh",
                "planet": "lacorus",
                "seed": 3882,
                "color1": "D8FFFFFF",
                "color2": "D8FFFFFF",
                "divisions": 8,
                "radius": 0.54,
                "octaves": 12,
                "persistence": 0.9,
                "scale": 0.2,
                "mag": 2.5
            }
        ]
    },
    "orbitalParent": "sun",
    "solarSystem": "sun",
    "hiddenItems": []
}