{
    "name":"强孢子风暴"
    "type":"ParticleWeather"
    //粒子类天气
    "particleRegion":"circle-small"
    //粒子形状
    "drawNoise":true,
    //风沙
    "statusGround":true,
    //状态影响地面单位
    "useWindVector":true,
    //受风向影响
    "color":"#7457ce",
    "noiseColor":"#7457ce",
    //风沙颜色
    "sizeMin":2.5,
    //最小尺寸
    "sizeMax":7,
    //最大尺寸
    "minAlpha":0.2,
    "maxAlpha":1,
    "density":3000,
    //密度
    "baseSpeed":6
    //基础速度
    "force":0.15,
    //力度？
    "duration":7,
    //持续时间
    "sound":"windhowl"
    //音效
    "soundVol":0.8
    //音量
    "status":"孢子腐蚀",
    "attrs":{
    "light":-0.25,
    //光照
    "water":0,
    //潮湿
    "heat":0,
    //热量
    "spores":2,
    //孢子
}
}
//本文件放在content/weathers中