{
  "localizedName": "油池通道",
  "type": "Sector",
  "description": "一处资源丰富的通道，在芳油河道与矿渣池之间存在着Malis。使用舰船和[yellow]滑翔机[black]来征服这片领土",
  "difficulty": 5,
  "planet": "erekir",
  "sector": 64,
  "research": {
    "parent": "presence",
    "objectives": [
      "1-simple-combustion-generator",
      "ship-fabricator",
      "1z0-drought"
      {
      "type": "SectorComplete",
      "preset": "presence",
      }
    ]
  }
}
