{
"localizedName": "冰冻森林",
	"description": "一个靠近山脉的地方。 哪怕是在这里，也有了孢子扩散的痕迹。\n连极寒也无法长久地约束它们。\n\n开始运用电力，建造火力发电机并学会使用修理器。\n\n\n\n似乎哪里变得不一样了\n\n[blue][blue](by 星月 改)",
	"details":"[red]工 业 革 命 ， 电 之 初 点",
    "planet":"serpulo"
    "sector":86
    "captureWave":15
    "difficulty":1
    //"alwaysUnlocked": true,
    "research": {
		"parent": "groundZero",
		"objectives": [
            {
				"type": "SectorComplete",
				"preset": "groundZero"
			}
			]}
}