{
"localizedName": "真菌通道",
	"description": "一边是高山，另一边是孢子丛生的平原。\n这里有一个敌方的小型侦察基地，摧毁它。\n\n使用尖刀和爬虫单位，摧毁两个核心。\n\n\n\n变化显著\n\n[blue][blue](by 星月 改)",
	"details":"空投！",
    "planet":"serpulo"
    "sector":21
    "difficulty":4
    //"alwaysUnlocked": true,
    "research": {
		"parent": "stainedMountains",
		"objectives": [
            {
				"type": "SectorComplete",
				"preset": "stainedMountains"
			}
			]}
}