{
"localizedName": "冲击区0078",
	"description": "最初进入这个星系的星际运输船，残骸留在了这里。\n\n尽量回收可以利用的资源，研究科技。[write]\n\n\n\n似乎哪里变得不一样了\n\n[blue](by 星月 改)",
	"details":"[yellow]天 堂 制 造",
    "planet":"serpulo"
    "sector":227
    "captureWave":55
    "difficulty":5
    //"alwaysUnlocked": true,
    "research": {
		"parent": "tarFields",
		"objectives": [
		//"kiln"
			{
				"type": "SectorComplete",
				"preset": "tarFields"
			}
			]}
}