{
"localizedName": "风吹群岛",
	"description": "海岸线之外坐落着这一串群岛。 据记载这里曾有生产[accent]塑钢[]的建筑。\n\n抵御敌人的海军，在岛上建立基地，研究生产建筑。[write]\n\n\n\n似乎哪里变得不一样了\n\n[blue][blue](by Anuke 作 星月 改)",
	"details":"[red][自定义图月影就绪]",
    "planet":"serpulo"
    "sector":246
    "captureWave":30
    "difficulty":4
    //"alwaysUnlocked": true,
    "research": {
		"parent": "ruinousShores",
		"objectives": [
		//"kiln"
			{
				"type": "SectorComplete",
				"preset": "ruinousShores"
			}
			]}
}