{
"type":"Liquid",//类型
"name":"润滑剂",//这个要是不知道干脆别做mod了
"description":"[red]警告:此液体不可代替开塞露使用",//同上
"color":"00FF00",//液体颜色
"flammability":0,//可燃性
"explosiveness":0,//可爆性（似乎是？
"heatCapacity":0,//热容量，决定其在当做冷冻液时炮塔的攻速
"viscosity":0,//粘稠度
"temperature":0.5,
"research":"原油"//研究
"effect":"none",//液体效果
"coolant":false,//是否是冷冻液
"alwaysUnlocked":false,
}