{
	"type": "naval",
	"name": "松骨",
	"speed": 0.2,
	"rotateSpeed": 0.06,
	"immunities": [
		"burning",
		"blasted",
		"信号紊乱",	
	],
	"details": ""
	"description":"大型战舰，搭载多重类型武器"
	"ammoType": "放射物混合物",
	"ammoCapacity": 200,
	"hitSize": 140,
	"trailLength": 200,
	"waveTrailX": 15,//行走时的波浪
	"waveTrailY": -40,
	"trailScl": 5,
	"health": 556800,
	"armor": 40,
	"faceTarget": false,
	
		/*"abilities": [
			{
			"type": "UnitSpawnAbility",
			"unit": "T-A1",
			"spawnX": 0,
			"spawnY": 50,
			"spawnTime": 3600
		},
		]
		*/
	
		"weapons": [
		{
		//"layer": 110,//图层高度
			"name": "主炮",
			"reload": 800,
			"x": 0,
			"y": 40,
	  "targetAir":"true",
      "targetGround": "on",
			"shoot": {
				"shots": 3,
				"shotDelay": 14,
				"type": "ShootBarrel",
				"barrels": [
					-9,20,0,
					9,20,0
					4.5,20,0
				]
			},
				"parts": [
				{
					"type": "RegionPart",
					"mirror": true,
					"suffix": "-管",
					"under": true,
					"moveY": -10,
					"heatProgress": "recoil",
					"progress": "recoil"
					"layer": 70,//图层高度
				}
			]
			"cooldownTime": 100,
			"rotate": true,//旋转
			"rotateSpeed": 0.7,
			"recoil": 5,
			"mirror": false,
			"inaccuracy": 6, //不准确度
			"shootSound": "largeCannon",
			"soundVolume": 20,//射击音量？
			"shake": 8,
			"bullet": {
				//"layer": 70,//图层高度
				"damage": 2280,
				"splashDamage": 2380,
				"splashDamageRadius": 120,
				//"buildingDamageMultiplier": 1.5,
				"sprite": "missile-large",
				"width": 16,
				"height": 55,
				"hitSize": 18,
				"speed": 35,
				"lifetime": 27,
				"drag": -0.01,
				"collides": true,	//是否碰撞		
				"hitShake": 8,	//抖动	
				"frontColor": "FFFFFF",
				"backColor": "FEEBB3",
				"shrinkY": 0,
				"trailLength": 12,//拖尾
				"trailWidth": 3,
				"trailColor": "FEEBB3",
				"trailRotation": true,
				"trailChance": 1,
				"trailInterval": 30,
				"trailEffect": {
					"type": "ParticleEffect",
					"particles": 14,
					"line": true,
					"strokeFrom": 9,
					"strokeTo": 0,
					"lenFrom": 8,
					"lenTo": 20,
					"length": 16,
					"baseLength": 0,
					"lifetime": 22,
					"colorFrom": "FEEBB3",
					"colorTo": "ffffff",
					"cone": 30
				},

				
				
				"hitEffect": {
					"type": "MultiEffect",
					"effects": [
						{
							"type": "ParticleEffect",
							"particles": 16,
							"sizeFrom": 10,
							"sizeTo": 0,
							"length": 90,
							"baseLength": 8,
							"lifetime": 55,
							"colorFrom": "FEEBB3",
							"colorTo": "ffffff"
						},
				        	{
							"type": "ParticleEffect",
							"particles": 16,
							"sizeFrom": 10,
							"sizeTo": 0,
							"length": -90,
							"baseLength": 8,
							"lifetime": 55,
							"colorFrom": "FEEBB3",
							"colorTo": "ffffff"
						},
					]
				},
			

     
       

			   
			   
			"hitSound": "plasmaboom",
				"shootEffect": {
					"type": "MultiEffect",
					"effects": [
						{
							"type": "ParticleEffect",
							"particles": 12,
							"line": true,
							"strokeFrom": 6,
							"strokeTo": 0,
							"lenFrom": 25,
							"lenTo": 0,
							"length": 50,
							"baseLength": 0,
							"lifetime": 16,
							"colorFrom": "FEEBB3",
							"colorTo": "ffffff",
							"cone": 20
						},				
					]
				},
				"smokeEffect": "smokeCloud",
				"despawnEffect": {
					"type": "ParticleEffect",
					"particles": 1,
					"sizeFrom": 10,
					"sizeTo": 0,
					"length": 0,
					"baseLength": 0,
					"lifetime": 65,
					"colorFrom": "FEEBB3",
					"colorTo": "ffffff"
				}
				
				}
				
			
		}
		{
				//	"layer": 70,//图层高度
			"name": "主炮",
			"reload": 800,
			"x": 0,
			"y": -20,
	  "targetAir":"true",
      "targetGround": "on",
			"shoot": {
				"shots": 3,
				"shotDelay": 14,
				"type": "ShootBarrel",
				"barrels": [
					-9,20,0,
					9,20,0
					4.5,20,0
				]
			},
				"parts": [
				{
					"type": "RegionPart",
					"mirror": true,
					"suffix": "-管",
					"under": true,
					"moveY": -10,
					"heatProgress": "recoil",
					"progress": "recoil"
					"layer": 120,//图层高度
				}
			]
			"cooldownTime": 100,
			"rotate": true,//旋转
			"rotateSpeed": 0.7,
			"recoil": 5,
			"mirror": false,
			"inaccuracy": 6, //不准确度
			"shootSound": "largeCannon",
			"soundVolume": 20,//射击音量？
			"shake": 8,
			"bullet": {
				//"layer": 70,//图层高度
				"damage": 2280,
				"splashDamage": 2380,
				"splashDamageRadius": 120,
				//"buildingDamageMultiplier": 1.5,
				"sprite": "missile-large",
				"width": 16,
				"height": 55,
				"hitSize": 18,
				"speed": 35,
				"lifetime": 27,
				"drag": -0.01,
				"collides": true,	//是否碰撞		
				"hitShake": 8,	//抖动	
				"frontColor": "FFFFFF",
				"backColor": "FEEBB3",
				"shrinkY": 0,
				"trailLength": 12,//拖尾
				"trailWidth": 3,
				"trailColor": "FEEBB3",
				"trailRotation": true,
				"trailChance": 1,
				"trailInterval": 30,
				"trailEffect": {
					"type": "ParticleEffect",
					"particles": 14,
					"line": true,
					"strokeFrom": 9,
					"strokeTo": 0,
					"lenFrom": 8,
					"lenTo": 20,
					"length": 16,
					"baseLength": 0,
					"lifetime": 22,
					"colorFrom": "FEEBB3",
					"colorTo": "ffffff",
					"cone": 30
				},

				
				
				"hitEffect": {
					"type": "MultiEffect",
					"effects": [
						{
							"type": "ParticleEffect",
							"particles": 16,
							"sizeFrom": 10,
							"sizeTo": 0,
							"length": 90,
							"baseLength": 8,
							"lifetime": 55,
							"colorFrom": "FEEBB3",
							"colorTo": "ffffff"
						},
				        	{
							"type": "ParticleEffect",
							"particles": 16,
							"sizeFrom": 10,
							"sizeTo": 0,
							"length": -90,
							"baseLength": 8,
							"lifetime": 55,
							"colorFrom": "FEEBB3",
							"colorTo": "ffffff"
						},
					]
				},
			

     
       

			   
			   
			"hitSound": "plasmaboom",
				"shootEffect": {
					"type": "MultiEffect",
					"effects": [
						{
							"type": "ParticleEffect",
							"particles": 12,
							"line": true,
							"strokeFrom": 6,
							"strokeTo": 0,
							"lenFrom": 25,
							"lenTo": 0,
							"length": 50,
							"baseLength": 0,
							"lifetime": 16,
							"colorFrom": "FEEBB3",
							"colorTo": "ffffff",
							"cone": 20
						},				
					]
				},
				"smokeEffect": "smokeCloud",
				"despawnEffect": {
					"type": "ParticleEffect",
					"particles": 1,
					"sizeFrom": 10,
					"sizeTo": 0,
					"length": 0,
					"baseLength": 0,
					"lifetime": 65,
					"colorFrom": "FEEBB3",
					"colorTo": "ffffff"
				}
				
				}
				
			
		}
     	{
     		//"layer": 70,//图层高度
			"name": "主炮",
			"reload": 800,
			"x": 0,
			"y": -60,
	  "targetAir":"true",
      "targetGround": "on",
			"shoot": {
				"shots": 3,
				"shotDelay": 14,
				"type": "ShootBarrel",		
			
			},
				"parts": [
				{
					"type": "RegionPart",
					"mirror": true,
					"suffix": "-管",
					"under": true,
					"moveY": -10,
					"heatProgress": "recoil",
					"progress": "recoil"
					"layer": 70,//图层高度
				}
			]
			"cooldownTime": 100,
			"rotate": true,//旋转
			"rotateSpeed": 0.7,
			"recoil": 5,
			"mirror": false,
			"inaccuracy": 6, //不准确度
			"shootSound": "largeCannon",
			"soundVolume": 20,//射击音量？
			"shake": 8,
			"bullet": {
				//"layer": 70,//图层高度
				"damage": 2280,
				"splashDamage": 2380,
				"splashDamageRadius": 120,
				//"buildingDamageMultiplier": 1.5,
				"sprite": "missile-large",
				"width": 16,
				"height": 55,
				"hitSize": 18,
				"speed": 35,
				"lifetime": 27,
				"drag": -0.01,
				"collides": true,	//是否碰撞		
				"hitShake": 8,	//抖动	
				"frontColor": "FFFFFF",
				"backColor": "FEEBB3",
				"shrinkY": 0,
				"trailLength": 12,//拖尾
				"trailWidth": 3,
				"trailColor": "FEEBB3",
				"trailRotation": true,
				"trailChance": 1,
				"trailInterval": 30,
				"trailEffect": {
					"type": "ParticleEffect",
					"particles": 14,
					"line": true,
					"strokeFrom": 9,
					"strokeTo": 0,
					"lenFrom": 8,
					"lenTo": 20,
					"length": 16,
					"baseLength": 0,
					"lifetime": 22,
					"colorFrom": "FEEBB3",
					"colorTo": "ffffff",
					"cone": 30
				},

				
				
				"hitEffect": {
					"type": "MultiEffect",
					"effects": [
						{
							"type": "ParticleEffect",
							"particles": 16,
							"sizeFrom": 10,
							"sizeTo": 0,
							"length": 90,
							"baseLength": 8,
							"lifetime": 55,
							"colorFrom": "FEEBB3",
							"colorTo": "ffffff"
						},
				        	{
							"type": "ParticleEffect",
							"particles": 16,
							"sizeFrom": 10,
							"sizeTo": 0,
							"length": -90,
							"baseLength": 8,
							"lifetime": 55,
							"colorFrom": "FEEBB3",
							"colorTo": "ffffff"
						},
					]
				},
			

     
       

			   
			   
			"hitSound": "plasmaboom",
				"shootEffect": {
					"type": "MultiEffect",
					"effects": [
						{
							"type": "ParticleEffect",
							"particles": 12,
							"line": true,
							"strokeFrom": 6,
							"strokeTo": 0,
							"lenFrom": 25,
							"lenTo": 0,
							"length": 50,
							"baseLength": 0,
							"lifetime": 16,
							"colorFrom": "FEEBB3",
							"colorTo": "ffffff",
							"cone": 20
						},				
					]
				},
				"smokeEffect": "smokeCloud",
				"despawnEffect": {
					"type": "ParticleEffect",
					"particles": 1,
					"sizeFrom": 10,
					"sizeTo": 0,
					"length": 0,
					"baseLength": 0,
					"lifetime": 65,
					"colorFrom": "FEEBB3",
					"colorTo": "ffffff"
				}
				
				}
				
			
		}

		{
			"name": "副炮",
			//"controllable": false,//玩家不可控制
			"layer": 110,//图层高度
			"reload": 200,
			"mirror": true,
			"rotate": false,
			"alternate": true,
			"x": 30,
			"y": 0,
	  "targetAir":"true",
      "targetGround": "on",
			"shoot": {
				"shots": 3,
				"shotDelay": 10,
				"type": "ShootBarrel",		
				
			},
			"cooldownTime": 100,//冷却时间
			"rotate": true,//旋转
			"rotateSpeed": 0.9,
			"recoil": 5,
			"mirror": false,
			"inaccuracy": 3, //不准确度
			"shootSound": "largeCannon",
			"soundVolume": 8,
			"shake": 8,
			"bullet": {
				//"layer": 70,//图层高度
				"damage": 860,
				"splashDamage": 1460,
				"splashDamageRadius": 70,
				//"buildingDamageMultiplier": 1.5,
				"sprite": "missile-large",
				"width": 8,
				"height": 23,
				"hitSize": 18,
				"speed": 35,
				"lifetime": 20,
				"drag": -0.01,
				"collides": true,	//是否碰撞		
				"hitShake": 4,	//抖动	
				"frontColor": "FFFFFF",
				"backColor": "FEEBB3",
				"shrinkY": 0,

				
				
				"hitEffect": {
					"type": "MultiEffect",
					"effects": [
						{
							"type": "ParticleEffect",
							"particles": 8,
							"sizeFrom": 10,
							"sizeTo": 0,
							"length": 90,
							"baseLength": 8,
							"lifetime": 55,
							"colorFrom": "FEEBB3",
							"colorTo": "ffffff"
						},
				        	{
							"type": "ParticleEffect",
							"particles": 8,
							"sizeFrom": 10,
							"sizeTo": 0,
							"length": -90,
							"baseLength": 8,
							"lifetime": 55,
							"colorFrom": "FEEBB3",
							"colorTo": "ffffff"
						},
					]
				},
			

     
       

			   
			   
			"hitSound": "plasmaboom",
				"shootEffect": {
					"type": "MultiEffect",
					"effects": [
						{
							"type": "ParticleEffect",
							"particles": 12,
							"line": true,
							"strokeFrom": 6,
							"strokeTo": 0,
							"lenFrom": 25,
							"lenTo": 0,
							"length": 50,
							"baseLength": 0,
							"lifetime": 16,
							"colorFrom": "FEEBB3",
							"colorTo": "ffffff",
							"cone": 20
						},				
					]
				},
				"smokeEffect": "smokeCloud",
				"despawnEffect": {
					"type": "ParticleEffect",
					"particles": 1,
					"sizeFrom": 10,
					"sizeTo": 0,
					"length": 0,
					"baseLength": 0,
					"lifetime": 65,
					"colorFrom": "FEEBB3",
					"colorTo": "ffffff"
				}
				
				}
				
			
		}
		
			{
			"name": "副炮",
		//"controllable": false,//玩家不可控制
			"layer": 110,//图层高度
			"reload": 200,
			"mirror": true,
			"rotate": false,
			"alternate": true,
			"x": -30,
			"y": 0,
	  "targetAir":"true",
      "targetGround": "on",
			"shoot": {
				"shots": 3,
				"shotDelay": 10,
				"type": "ShootBarrel",			
				
			},
			"cooldownTime": 100,//冷却时间
			"rotate": true,//旋转
			"rotateSpeed": 0.9,
			"recoil": 5,
			"mirror": false,
			"inaccuracy": 3, //不准确度
			"shootSound": "largeCannon",
			"soundVolume": 8,
			"shake": 8,
			"bullet": {
				//"layer": 70,//图层高度
				"damage": 860,
				"splashDamage": 1460,
				"splashDamageRadius": 70,
				//"buildingDamageMultiplier": 1.5,
				"sprite": "missile-large",
				"width": 8,
				"height": 23,
				"hitSize": 18,
				"speed": 35,
				"lifetime": 20,
				"drag": -0.01,
				"collides": true,	//是否碰撞		
				"hitShake": 4,	//抖动	
				"frontColor": "FFFFFF",
				"backColor": "FEEBB3",
				"shrinkY": 0,

				
				
				"hitEffect": {
					"type": "MultiEffect",
					"effects": [
						{
							"type": "ParticleEffect",
							"particles": 8,
							"sizeFrom": 10,
							"sizeTo": 0,
							"length": 90,
							"baseLength": 8,
							"lifetime": 55,
							"colorFrom": "FEEBB3",
							"colorTo": "ffffff"
						},
				        	{
							"type": "ParticleEffect",
							"particles": 8,
							"sizeFrom": 10,
							"sizeTo": 0,
							"length": -90,
							"baseLength": 8,
							"lifetime": 55,
							"colorFrom": "FEEBB3",
							"colorTo": "ffffff"
						},
					]
				},
 	

			

     
       

			   
			   
			"hitSound": "plasmaboom",
				"shootEffect": {
					"type": "MultiEffect",
					"effects": [
						{
							"type": "ParticleEffect",
							"particles": 12,
							"line": true,
							"strokeFrom": 6,
							"strokeTo": 0,
							"lenFrom": 25,
							"lenTo": 0,
							"length": 50,
							"baseLength": 0,
							"lifetime": 16,
							"colorFrom": "FEEBB3",
							"colorTo": "ffffff",
							"cone": 20
						},				
					]
				},
				"smokeEffect": "smokeCloud",
				"despawnEffect": {
					"type": "ParticleEffect",
					"particles": 1,
					"sizeFrom": 10,
					"sizeTo": 0,
					"length": 0,
					"baseLength": 0,
					"lifetime": 65,
					"colorFrom": "FEEBB3",
					"colorTo": "ffffff"
				}
				
				}
				
			
		}
		
			{
			"name": "副炮",
		//	"controllable": false,//玩家不可控制
			"layer": 110,//图层高度
			"reload": 250,
			"mirror": true,
			"rotate": false,
			"alternate": true,
			"x": -25,
			"y": 20,
	  "targetAir":"true",
      "targetGround": "on",
			"shoot": {
				"shots": 3,
				"shotDelay": 10,
				"type": "ShootBarrel",		
				
			},
			"cooldownTime": 100,//冷却时间
			"rotate": true,//旋转
			"rotateSpeed": 0.9,
			"recoil": 5,
			"mirror": false,
			"inaccuracy": 3, //不准确度
			"shootSound": "largeCannon",
			"soundVolume": 8,
			"shake": 8,
			"bullet": {
				//"layer": 70,//图层高度
				"damage": 860,
				"splashDamage": 1460,
				"splashDamageRadius": 70,
				//"buildingDamageMultiplier": 1.5,
				"sprite": "missile-large",
				"width": 8,
				"height": 23,
				"hitSize": 18,
				"speed": 35,
				"lifetime": 20,
				"drag": -0.01,
				"collides": true,	//是否碰撞		
				"hitShake": 4,	//抖动	
				"frontColor": "FFFFFF",
				"backColor": "FEEBB3",
				"shrinkY": 0,

				
				
				"hitEffect": {
					"type": "MultiEffect",
					"effects": [
						{
							"type": "ParticleEffect",
							"particles": 8,
							"sizeFrom": 10,
							"sizeTo": 0,
							"length": 90,
							"baseLength": 8,
							"lifetime": 55,
							"colorFrom": "FEEBB3",
							"colorTo": "ffffff"
						},
				        	{
							"type": "ParticleEffect",
							"particles": 8,
							"sizeFrom": 10,
							"sizeTo": 0,
							"length": -90,
							"baseLength": 8,
							"lifetime": 55,
							"colorFrom": "FEEBB3",
							"colorTo": "ffffff"
						},
					]
				},
				}
				}
			

		
		{
			"name": "副炮",
		//	"controllable": false,//玩家不可控制
			"layer": 110,//图层高度
			"reload": 250,
			"mirror": true,
			"rotate": false,
			"alternate": true,
			"x": 25,
			"y": 20,
	  "targetAir":"true",
      "targetGround": "on",
			"shoot": {
				"shots": 3,
				"shotDelay": 10,
				"type": "ShootBarrel",
					"barrels": [
					-9,20,0,
					9,20,0
					4.5,20,0
				]
			},
			"cooldownTime": 100,//冷却时间
			"rotate": true,//旋转
			"rotateSpeed": 0.9,
			"recoil": 5,
			"mirror": false,
			"inaccuracy": 3, //不准确度
			"shootSound": "largeCannon",
			"soundVolume": 8,
			"shake": 8,
			"bullet": {
				//"layer": 70,//图层高度
				"damage": 860,
				"splashDamage": 1460,
				"splashDamageRadius": 70,
				//"buildingDamageMultiplier": 1.5,
				"sprite": "missile-large",
				"width": 8,
				"height": 23,
				"hitSize": 18,
				"speed": 35,
				"lifetime": 20,
				"drag": -0.01,
				"collides": true,	//是否碰撞		
				"hitShake": 4,	//抖动	
				"frontColor": "FFFFFF",
				"backColor": "FEEBB3",
				"shrinkY": 0,

				
				
				"hitEffect": {
					"type": "MultiEffect",
					"effects": [
						{
							"type": "ParticleEffect",
							"particles": 8,
							"sizeFrom": 10,
							"sizeTo": 0,
							"length": 90,
							"baseLength": 8,
							"lifetime": 55,
							"colorFrom": "FEEBB3",
							"colorTo": "ffffff"
						},
				        	{
							"type": "ParticleEffect",
							"particles": 8,
							"sizeFrom": 10,
							"sizeTo": 0,
							"length": -90,
							"baseLength": 8,
							"lifetime": 55,
							"colorFrom": "FEEBB3",
							"colorTo": "ffffff"
						},
					]
				},
				}
				}
					{
			"name": "副炮",
		//	"controllable": false,//玩家不可控制
			"layer": 110,//图层高度
			"reload": 250,
			"mirror": true,
			"rotate": false,
			"alternate": true,
			"x": 38,
			"y": -16,
	  "targetAir":"true",
      "targetGround": "on",
			"shoot": {
				"shots": 3,
				"shotDelay": 10,
				"type": "ShootBarrel",
					"barrels": [
					-9,20,0,
					9,20,0
					4.5,20,0
				]
			},
			"cooldownTime": 100,//冷却时间
			"rotate": true,//旋转
			"rotateSpeed": 0.9,
			"recoil": 5,
			"mirror": false,
			"inaccuracy": 3, //不准确度
			"shootSound": "largeCannon",
			"soundVolume": 8,
			"shake": 8,
			"bullet": {
				//"layer": 70,//图层高度
				"damage": 860,
				"splashDamage": 1460,
				"splashDamageRadius": 70,
				//"buildingDamageMultiplier": 1.5,
				"sprite": "missile-large",
				"width": 8,
				"height": 23,
				"hitSize": 18,
				"speed": 35,
				"lifetime": 20,
				"drag": -0.01,
				"collides": true,	//是否碰撞		
				"hitShake": 4,	//抖动	
				"frontColor": "FFFFFF",
				"backColor": "FEEBB3",
				"shrinkY": 0,

				
				
				"hitEffect": {
					"type": "MultiEffect",
					"effects": [
						{
							"type": "ParticleEffect",
							"particles": 8,
							"sizeFrom": 10,
							"sizeTo": 0,
							"length": 90,
							"baseLength": 8,
							"lifetime": 55,
							"colorFrom": "FEEBB3",
							"colorTo": "ffffff"
						},
				        	{
							"type": "ParticleEffect",
							"particles": 8,
							"sizeFrom": 10,
							"sizeTo": 0,
							"length": -90,
							"baseLength": 8,
							"lifetime": 55,
							"colorFrom": "FEEBB3",
							"colorTo": "ffffff"
						},
					]
				},
				}
				}

		{
			"name": "副炮",
		//	"controllable": false,//玩家不可控制
			"layer": 110,//图层高度
			"reload": 250,
			"mirror": true,
			"rotate": false,
			"alternate": true,
			"x": -38,
			"y": -16,
	  "targetAir":"true",
      "targetGround": "on",
			"shoot": {
				"shots": 3,
				"shotDelay": 10,
				"type": "ShootBarrel",
					"barrels": [
					-9,20,0,
					9,20,0
					4.5,20,0
				]
			},
			"cooldownTime": 100,//冷却时间
			"rotate": true,//旋转
			"rotateSpeed": 0.9,
			"recoil": 5,
			"mirror": false,
			"inaccuracy": 3, //不准确度
			"shootSound": "largeCannon",
			"soundVolume": 8,
			"shake": 8,
			"bullet": {
				//"layer": 70,//图层高度
				"damage": 860,
				"splashDamage": 1460,
				"splashDamageRadius": 70,
				//"buildingDamageMultiplier": 1.5,
				"sprite": "missile-large",
				"width": 8,
				"height": 23,
				"hitSize": 18,
				"speed": 35,
				"lifetime": 20,
				"drag": -0.01,
				"collides": true,	//是否碰撞		
				"hitShake": 4,	//抖动	
				"frontColor": "FFFFFF",
				"backColor": "FEEBB3",
				"shrinkY": 0,

				
				
				"hitEffect": {
					"type": "MultiEffect",
					"effects": [
						{
							"type": "ParticleEffect",
							"particles": 8,
							"sizeFrom": 10,
							"sizeTo": 0,
							"length": 90,
							"baseLength": 8,
							"lifetime": 55,
							"colorFrom": "FEEBB3",
							"colorTo": "ffffff"
						},
				        	{
							"type": "ParticleEffect",
							"particles": 8,
							"sizeFrom": 10,
							"sizeTo": 0,
							"length": -90,
							"baseLength": 8,
							"lifetime": 55,
							"colorFrom": "FEEBB3",
							"colorTo": "ffffff"
						},
					]
				},
				}
				}



      	{
			"name": "海公羊",
			"x": 30,
			"y": -50,
			"reload": 650,
			"mirror": true,
			"rotate": false,
			"alternate": true,
			"rotateSpeed": 0,
			"shoot": {
				"shots": 18,
				"shotDelay": 10,
				"type": "ShootBarrel",
				"barrels": [
					0,1,-30,
					1,0,-35,
					2,-4,-40,
					2,-4,-40,
					1,0,-35,
					0,1,-30
				]},
			"shootSound": "导弹1",
			"soundVolume":1.3,
			"inaccuracy": 0,
			"shootCone": 180,
			"rotate": true,//旋转
			"rotateSpeed": 8,
			"bullet": {
				"type": "MissileBulletType",
				"damage": 420,
				"keepVelocity": false,	
						
				"status": "blasted",
				"statusDuration": 800,
				"homingDelay": 2,
				"homingRange":1000,
				"homingPower": 50,
				"splashDamageRadius": 100,
				"splashDamage": 680,
				"hitEffect": "flakExplosionBig",
				"despawnEffect": "flakExplosionBig",
				"sprite": "全球行动-导弹2",
				"trailLength": 18,
				"trailWidth": 3,
				"trailColor": "FFFFFF",
				"frontColor": "E3E3E3",
				"backColor": "FF5B5B",
				//"drag": -0.02,
				"shrinkY": 0,
				"width": 44,
				"height": 55,
				"speed": 26,
				"lifetime": 44,
			}
		}
      	{
			"name": "海公羊",
			"x": 20,
			"y": -12,
			"reload": 600,
			"mirror": true,
			"rotate": false,
			"alternate": true,
			"rotateSpeed": 0,
			"shoot": {
				"shots": 18,
				"shotDelay": 10,
				"type": "ShootBarrel",
				"barrels": [
					0,1,-30,
					1,0,-35,
					2,-4,-40,
					2,-4,-40,
					1,0,-35,
					0,1,-30
				]},
			"shootSound": "导弹1",
			"soundVolume":1.3,
			"inaccuracy": 0,
			"shootCone": 180,
			"rotate": true,//旋转
			"rotateSpeed": 8,
			"bullet": {
				"type": "MissileBulletType",
				"damage": 420,
				"keepVelocity": false,	
						
				"status": "blasted",
				"statusDuration": 800,
				"homingDelay": 2,
				"homingRange": 1000,
				"homingPower": 50,
				"splashDamageRadius": 100,
				"splashDamage": 680,
				"hitEffect": "flakExplosionBig",
				"despawnEffect": "flakExplosionBig",
				"sprite": "全球行动-导弹2",
				"trailLength": 18,
				"trailWidth": 3,
				"trailColor": "FFFFFF",
				"frontColor": "E3E3E3",
				"backColor": "FF5B5B",
				//"drag": -0.02,
				"shrinkY": 0,
				"width": 44,
				"height": 55,
				"speed": 26,
				"lifetime": 44,
			}
		}
		/*
		
		{
			"name": "近防炮",
		//	"controllable": false,//玩家不可控制
			"x": -35,
			"y": -28,
			"reload": 20,
			"mirror": true,
			"rotate": false,
			"alternate": true,
			"rotateSpeed": 0,
			"shoot": {
				"shots": 4,
				"shotDelay": 4,
				},
			"shootSound": "artillery",
			"soundVolume":3,
			"inaccuracy": 0,
			"shootCone": 180,
			"rotate": true,//旋转
			"rotateSpeed": 8,
			"bullet": {
				"type": "BasicBulletType",
			   "pierceCap": 4,
				"damage": 120,
				"keepVelocity": false,				
				"hitEffect": "flakExplosionBig",
				"despawnEffect": "flakExplosionBig",
		      //"sprite":"mine-bullet"
		      //	"sprite": "circle-bullet",
				//"trailLength": 18,
				//"trailWidth": 3,
				//"trailColor": "FFFFFF",
				"frontColor": "E3E3E3",
				"backColor": "FF5B5B",
				//"drag": -0.02,
				"shrinkY": 0,
				"width": 12,
				"height": 19,
				"speed": 15,
				"lifetime": 70,
			}
		}

*/


	

		]
		
	}	
	
	
	
