{
	"name":"电磁动能炮",
	"type": "ItemTurret",
	"description":"以安培力加速金属块至极高速度，利用动能摧毁敌方有生力量，对建筑效果极佳（核弹",
	"health": 3600,
	"size": 5,
	"heatColor":"cde6ff",
    "shootSound":"shotgun",
    "haspower":true,
	
	"range": 850,
	"maxAmmo": 40,
	"recoilAmount":5,
	"restitution" : 1
	"cooldown" : 300
	"rotatespeed": 1.5,
	"shots":1,
	"reloadTime":300,
	"shootCone":4
	"shootShake":8,
	"ammoPerShot":5,
	
	"ammoUseEffect":"casing3Double",
	
		"consumes":{
		"power":0
	},
	
	"ammoTypes": {
"sand": {
	"buildingDamageMultiplier" : 15000
	
		"type":"PointBulletType",
            "shootEffect":"instShoot",
        	"hitEffect":"instHit",
        	"smokeEffect":"smokeCloud",
        	"trailEffect":"instTrail",
        	"despawnEffect":"instBomb",
        	"trailSpacing":20,
         	"damage":24000
         	"speed":350,
        	"hitShake":10,
        	"ammoMultiplier":1,
        	"splashDamage":50000,
        	"splashDamageRadius":300,
        	"lightningDamage":500,
        	"lightning":50,
        	"lightningLength":100,
        	"knockback":11.1,
        	"drag":0.11,
        	"puddleSize":11,
        	"homingPower":199,
        	"homingRange":0
        	
	}
	},
	"requirements": [
		
	],
	"category": "turret",
	"research": "应急发电机"}