{
    "name":" 超能 初代核心",
    "type":"CoreBlock",
    "description": "基地的核心。 一旦被摧毁，此区块就会丢失。 ",
    "requirements": [
    {"amount": 3000, "item": "假 石墨"},
    {"amount": 2000, "item": "圣金锭"},
    ],
    "unitType":"超能 阿尔法",
    "health": 500000,
    "itemCapacity": 5000,
    "size": 3,
    "unitCapModifier": 8,
    "category": "effect"
    "research": {
        "root":true,
        "name": "超能 塞普罗-第一阶段"
       "planet":"超能 赛普罗",
        },
    "alwaysUnlocked": true,
            "canOverdrive": false,
}