{
  "type": "drill",
  "category": "production",
  "health": 160,
  "size": 3,
  "requirements": [
    "carbon-crystal/12",
    "cobalt/8",
    "iron/24"
  ],
  "itemCapacity": 15,
  "liquidCapacity": 60,
  "tier": 4,
  "drillTime": 320,
  "liquidBoostIntensity": 1.6,
  "warmupSpeed": 0.1,
  "drillEffect": "mineBig",
  "updateEffect": "mineBig",
  "rotateSpeed": 4,
  "drawMineItem": true,
  "canOverdrive": true,
  "hasPower": false,
  "consumes": {
    "liquid": {
      "liquid": "water",
      "amount": 0.1,
      "booster": true,
      "optional": true
    }
  },
  "research": "silver-drill",
  "researchCostMultiplier": 0.05
}