{
    "type": "ConsumeGenerator",
    "name": "蒸汽发电机",
    "description": "燃烧可燃物获取电力",
    "size": 3,
    "health": 300,
    "hasLiquids": true,
    "hasItems": true,
    "itemDuration": 60,
    "powerProduction": 11,
    "itemCapacity": 10,
    "liquidCapacity": 100,
    "drawer": {
        "type": "DrawMulti",
        "drawers": [
            "DrawDefault",
            "DrawWarmupRegion",
            {
                "type": "DrawRegion",
                "suffix": "-rotator",
                "rotateSpeed":2
            },
                       {
                "type": "DrawRegion",
                "suffix": "-top1",
                "rotateSpeed":0
            },
            {
                "type": "DrawRegion",
                "suffix": "-rotator2",
                "rotateSpeed":-2,
                "rotation":45
            }
        ]
    },
    "generateEffect": "generatespark",
    "consumes": {
        "itemFlammable": {},
        "liquid": "water/0.3"
    },
    "requirements": [
        {
            "item": "copper",
            "amount": 140
        },
        {
            "item": "lead",
            "amount": 170
        },
        {
            "item": "metaglass",
            "amount": 40
        },
        {
            "item": "silicon",
            "amount": 130
        },
    ],
    "ambientSound": "smelter",
    "ambientSoundVolume": 0.06,
    "category": "power",
    "research": "steam-generator"
}