{
  "singleTarget": true,
  "lowAltitude": true,
  "research": {
    "parent": "twilight",
    "requirements": [
      "graphite/1220",
      "surge-alloy/1200",
      "plastanium/940",
      "phase-fabric/1000",
      "voltirium-alloy/1000",
      "copper/1540",
      "lead/1540",
      "silicon/1800"
    ]
  },
  "lightRadius": 250,
  "fallSpeed": 0.006,
  "rotateSpeed": 0.6,
  "crashDamageMultiplier": 10,
  "speed": 0.45,
  "accel": 0.4,
  "drag": 0.4,
  "range": 430,
  "maxRange": 430,
  "aimDst": 430,
  "faceTarget": true,
  "flying": true,
  "health": 174000,
  "hitSize": 90,
  "armor": 60,
  "engineOffset": 47,
  "targetFlag": "reactor",
  "engineSize": 12,
  "targetAir": true,
  "immunities": [
    "blasted",
    "wet",
    "tarred"
  ],
  "weapons": [
    {
      "name": "nadir-top",
      "mirror": false,
      "rotate": false,
      "y": 0,
      "x": 0,
      "reload": 8,
      "recoil": 0,
      "ejectEffect": "none",
      "shootSound": "none",
      "layerOffset": 120,
      "shots": 1,
      "bullet": {
        "smokeEffect": "none",
        "shootEffect": "none",
        "despawnEffect": "none",
        "instantDisappear": true,
        "type": "basicBulletType"
      }
    },
    {
      "name": "tyrant-gunner",
      "shootCone": 15,
      "shootY": 8,
      "mirror": true,
      "alternate": true,
      "rotateSpeed": 5,
      "rotate": true,
      "y": 15,
      "x": 15,
      "reload": 9,
      "recoil": 1,
      "ejectEffect": "casing2",
      "shootSound": "bang",
      "shots": 1,
      "shake": 1,
      "bullet": {
        "splashDamage": 30,
        "splashDamageRadius": 20,
        "knockback": 1,
        "type": "basicBulletType",
        "hitEffect": "flakExplosion",
        "shootEffect": "shootBig2",
        "despawnEffect": "flakExplosion",
        "lifetime": 90,
        "damage": 90,
        "trailParam": 5,
        "trailLength": 13,
        "trailWidth": 1.5,
        "speed": 5,
        "width": 6,
        "height": 10
      }
    },
    {
      "name": "tyrant-artillery",
      "top": true,
      "mirror": true,
      "alternate": true,
      "y": 5,
      "x": 22,
      "rotate": true,
      "rotateSpeed": 4,
      "inaccuracy": 5,
      "shootY": 10,
      "reload": 16,
      "shoot": {
        "type": "shootPattern",
        "shots": 3,
        "shotDelay": 5
      },
      "recoil": 1,
      "shake": 0.5,
      "ejectEffect": "casing2",
      "shootSound": "shootBig",
      "bullet": {
        "type": "basicBulletType",
        "hitEffect": "flakExplosionBig",
        "shootEffect": "shootBig2",
        "despawnEffect": "flakExplosionBig",
        "pierce": true,
        "pierceBuilding": true,
        "pierceCap": 2,
        "knockback": 4.8,
        "statusDuration": 80,
        "status": "blasted",
        "lifetime": 90,
        "damage": 200,
        "speed": 5,
        "trailParam": 5,
        "trailLength": 13,
        "trailWidth": 2.5,
        "width": 10,
        "height": 16,
        "splashDamage": 20,
        "splashDamageRadius": 20
      }
    },
    {
      "name": "tyrant-artillery",
      "top": true,
      "mirror": true,
      "alternate": true,
      "y": -12,
      "x": 28,
      "rotate": true,
      "rotateSpeed": 4,
      "inaccuracy": 5,
      "shootY": 10,
      "reload": 16,
      "shoot": {
        "type": "shootPattern",
        "shots": 3,
        "shotDelay": 5
      },
      "recoil": 1,
      "shake": 0.5,
      "ejectEffect": "casing2",
      "shootSound": "shootBig",
      "bullet": {
        "type": "basicBulletType",
        "hitEffect": "flakExplosionBig",
        "shootEffect": "shootBig2",
        "despawnEffect": "flakExplosionBig",
        "pierce": true,
        "pierceBuilding": true,
        "pierceCap": 2,
        "knockback": 4.8,
        "statusDuration": 80,
        "status": "blasted",
        "lifetime": 90,
        "damage": 200,
        "speed": 5,
        "trailParam": 5,
        "trailLength": 13,
        "trailWidth": 2.5,
        "width": 10,
        "height": 16,
        "splashDamage": 20,
        "splashDamageRadius": 20
      }
    },
    {
      "name": "balaenoptera-launcher",
      "y": -10,
      "x": 47,
      "shootCone": 25,
      "alternate": true,
      "mirror": true,
      "top": true,
      "rotate": true,
      "rotateSpeed": 2.9,
      "reload": 15,
      "recoil": 0.5,
      "shootY": 8,
      "inaccuracy": 10,
      "xRand": 11,
      "shoot": {
        "type": "shootPattern",
        "shots": 2,
        "shotDelay": 2
      },
      "shootSound": "missile",
      "velocityRnd": 0.4,
      "bullet": {
        "keepVelocity": false,
        "sprite": "missile-large",
        "type": "MissileBulletType",
        "hitEffect": "explosion",
        "despawnEffect": "explosion",
        "shootEffect": "shootBig",
        "damage": 175,
        "speed": 6,
        "lifetime": 100,
        "homingPower": 0.0567,
        "homingRange": 100,
        "trailEffect": "none",
        "trailLength": 18,
        "trailWidth": 2.5,
        "weaveScale": 5,
        "weaveMag": 5,
        "height": 22,
        "width": 8,
        "splashDamageRadius": 50,
        "splashDamage": 78
      }
    },
    {
      "name": "nadir-nuke",
      "x": 0,
      "y": 0,
      "reload": 860,
      "alternate": false,
      "mirror": false,
      "top": false,
      "rotate": false,
      "shootY": 66,
      "shots": 1,
      "shake": 8,
      "parentizeEffects": true,
      "shootSound": "laserblast",
      "ejectEffect": "none",
      "shootStatus": "unmoving",
      "shootStatusDuration": 120,
      "shoot": {
        "firstShotDelay": 120
      },
      "bullet": {
        "chargeEffect": {
          "type": "multiEffect",
          "lifetime": 120,
          "followParent": true,
          "rotWithParent": true,
          "effects": [
            {
              "type": "ParticleEffect",
              "particles": 45,
              "offset": 100,
              "sizeFrom": 0,
              "sizeTo": 8,
              "length": 200,
              "baseLength": -200,
              "interp": "pow3In",
              "sizeInterp": "pow5Out",
              "lifetime": 70,
              "lightColor": "ff9c5a",
              "colorFrom": "ff9c5a00",
              "colorTo": "ff9c5a"
            },
            {
              "type": "ParticleEffect",
              "particles": 45,
              "offset": 100,
              "sizeFrom": 0,
              "sizeTo": 7,
              "length": 250,
              "baseLength": -250,
              "interp": "pow3In",
              "sizeInterp": "pow5Out",
              "lifetime": 80,
              "lightColor": "ff9c5a",
              "colorFrom": "ff9c5a00",
              "colorTo": "ff9c5a"
            },
            {
              "type": "ParticleEffect",
              "particles": 45,
              "offset": 100,
              "sizeFrom": 0,
              "sizeTo": 6,
              "length": 300,
              "baseLength": -300,
              "interp": "pow3In",
              "sizeInterp": "pow5Out",
              "lifetime": 90,
              "lightColor": "ff9c5a",
              "colorFrom": "ff9c5a00",
              "colorTo": "ff9c5a"
            },
            {
              "type": "ParticleEffect",
              "particles": 45,
              "offset": 100,
              "sizeFrom": 0,
              "sizeTo": 5,
              "length": 350,
              "baseLength": -350,
              "interp": "pow3In",
              "sizeInterp": "pow5Out",
              "lifetime": 100,
              "lightColor": "ff9c5a",
              "colorFrom": "ff9c5a00",
              "colorTo": "ff9c5a"
            },
            {
              "type": "ParticleEffect",
              "particles": 45,
              "offset": 100,
              "sizeFrom": 0,
              "sizeTo": 4,
              "length": 400,
              "baseLength": -400,
              "interp": "pow3In",
              "sizeInterp": "pow5Out",
              "lifetime": 110,
              "lightColor": "ff9c5a",
              "colorFrom": "ff9c5a00",
              "colorTo": "ff9c5a"
            },
            {
              "type": "ParticleEffect",
              "particles": 45,
              "offset": 100,
              "sizeFrom": 0,
              "sizeTo": 3,
              "length": 450,
              "baseLength": -450,
              "interp": "pow3In",
              "sizeInterp": "pow5Out",
              "lifetime": 120,
              "lightColor": "ff9c5a",
              "colorFrom": "ff9c5a00",
              "colorTo": "ff9c5a"
            },
            {
              "type": "WaveEffect",
              "lifetime": 120,
              "sizeFrom": 150,
              "sizeTo": 0,
              "strokeFrom": 6,
              "strokeTo": 0,
              "interp": "pow10Out",
              "colorFrom": "ff9c5a",
              "colorTo": "ec7458"
            },
            {
              "type": "WaveEffect",
              "lifetime": 120,
              "sizeFrom": 120,
              "sizeTo": 0,
              "strokeFrom": 4,
              "strokeTo": 0,
              "interp": "pow5Out",
              "colorFrom": "ff9c5a",
              "colorTo": "ec7458"
            },
            {
              "type": "ParticleEffect",
              "particles": 1,
              "sizeFrom": 0,
              "sizeTo": 20,
              "length": 0,
              "lightColor": "ff9c5a",
              "lifetime": 120,
              "colorFrom": "ff9c5a",
              "colorTo": "ff9c5a",
              "cone": 360
            },
            {
              "type": "ParticleEffect",
              "particles": 1,
              "sizeFrom": 0,
              "sizeTo": 10,
              "length": 0,
              "lightColor": "f6e096",
              "lifetime": 120,
              "colorFrom": "FFFFFFF",
              "colorTo": "FFFFFFF"
            }
          ]
        },
        "type": "BasicBulletType",
        "sprite": "circle-bullet",
        "status": "blasted",
        "statusDuration": 200,
        "lightRadius": 80,
        "lightColor": "ff9c5a",
        "damage": 880,
        "scaleVelocity": "true",
        "splashDamage": 7250,
        "splashDamageRadius": 110,
        "height": 28.5,
        "width": 28.5,
        "speed": 6,
        "hitSound": "plasmaboom",
        "lifetime": 110,
        "homingPower": 0.00856,
        "homingRange": 160,
        "shrinkX": 0,
        "shrinkY": 0,
        "hitEffect": {
          "type": "multiEffect",
          "effects": [
            {
              "type": "ParticleEffect",
              "line": true,
              "particles": 16,
              "lifetime": 50,
              "baseLength": 75,
              "length": 180,
              "cone": -360,
              "strokeFrom": 2.5,
              "lenFrom": 15,
              "lenTo": 15,
              "colorFrom": "ff9c5a",
              "colorTo": "ec7458"
            },
            {
              "type": "WaveEffect",
              "lifetime": 35,
              "sizeFrom": 60,
              "sizeTo": 150,
              "strokeFrom": 6,
              "strokeTo": 0,
              "interp": "pow10Out",
              "colorFrom": "ff9c5a",
              "colorTo": "ec7458"
            },
            {
              "type": "WaveEffect",
              "lifetime": 35,
              "sizeFrom": 40,
              "sizeTo": 130,
              "strokeFrom": 4,
              "strokeTo": 0,
              "interp": "pow5Out",
              "colorFrom": "ff9c5a",
              "colorTo": "ec7458"
            },
            {
              "type": "ParticleEffect",
              "particles": 12,
              "length": 200,
              "baseLength": 20,
              "lifetime": 80,
              "interp": "circleOut",
              "sizeInterp": "pow5In",
              "sizeFrom": 8,
              "sizeTo": 1,
              "colorFrom": "787878",
              "colorTo": "787878"
            },
            {
              "type": "ParticleEffect",
              "particles": 25,
              "length": 120,
              "baseLength": 10,
              "lifetime": 130,
              "interp": "circleOut",
              "sizeInterp": "pow5In",
              "sizeFrom": 28,
              "sizeTo": 1,
              "colorFrom": "ff9c5a",
              "colorTo": "ff9c5a"
            },
            {
              "type": "ParticleEffect",
              "particles": 15,
              "length": 150,
              "baseLength": 10,
              "lifetime": 130,
              "interp": "circleOut",
              "sizeInterp": "pow5In",
              "sizeFrom": 18,
              "sizeTo": 1,
              "colorFrom": "ff9c5a",
              "colorTo": "ff9c5a"
            },
            {
              "type": "ParticleEffect",
              "particles": 10,
              "length": 150,
              "baseLength": 10,
              "lifetime": 170,
              "interp": "circleOut",
              "sizeInterp": "pow5In",
              "sizeFrom": 11,
              "sizeTo": 1,
              "colorFrom": "ff9c5a",
              "colorTo": "ec745875"
            }
          ]
        },
        "despawnEffect": "none",
        "trailEffect": {
          "type": "ParticleEffect",
          "particles": 7,
          "length": 9,
          "baseLength": 9,
          "lifetime": 25,
          "interp": "circleOut",
          "cone": 360,
          "offset": 5,
          "lightColor": "ff9c5a",
          "colorFrom": "ff9c5a",
          "colorTo": "ec7458aa",
          "sizeFrom": 7,
          "sizeTo": 0
        },
        "trailChance": 1,
        "trailParam": 5,
        "trailLength": 25,
        "trailColor": "ff9c5a",
        "trailWidth": 9,
        "absorbable": false,
        "hittable": false,
        "buildingDamageMultiplier": 0.4,
        "smokeEffect": "none",
        "frontColor": "ffffff",
        "backColor": "ff9c5a"
      }
    }
  ],
  "abilities": [
    {
      "type": "mindustry.entities.abilities.StatusFieldAbility",
      "range": 100,
      "reload": 540,
      "duration": 245,
      "effect": "overclock"
    }
  ]
}
