{
	"name": "钻石块",//名字
	"description": "有点小",//介绍
	"type": "Wall",//不能改
	"health":40000,//血量
	"size":1 ,//边长
	"requirements": [
		{ "item": "钻石", "amount":4}//造价
	],
	"category": "defense",//不能改
	"research": "钻石压缩厂"//科技树位置（此为铜墙）
"absorbLasers":false,//吸收激光（塑钢墙同款）
"deflect": false,//反弹子弹
"chanceDeflect":1000,//反弹概率（1=1%）
"lightningChance":200//放电概率（1=10%）
"lightningDamage":9//闪电伤害
"lightningLength":5//闪电长度（1=?格）
}