{
	"name": "钻石块中",//名字
	"description": "太贵了",//介绍
	"type": "Wall",//不能改
	"health":16000,//血量
	"size":2 ,//边长
	"requirements": [
		{ "item": "钻石", "amount":16}//造价
	],
	"category": "defense",//不能改
	"research": "钻石块"//科技树位置（此为铜墙）
"absorbLasers":false,//吸收激光（塑钢墙同款）
"deflect": false,//反弹子弹
"chanceDeflect":0,//反弹概率（1=1%）
"lightningChance":20//放电概率（1=10%）
"lightningDamage":9//闪电伤害
"lightningLength":5//闪电长度（1=?格）
}