{
	"name": "免费",//名字
	"description": "有点小",//介绍
	"type": "Wall",//不能改
	"health":40000000,//血量
	"size":1 ,//边长
	"requirements": [
		{ "item": "lead", "amount":0}//造价
	],
	"category": "defense",//不能改
	"research": "dou"//科技树位置（此为铜墙）
"absorbLasers":true,//吸收激光（塑钢墙同款）
"deflect":true,//反弹子弹
"chanceDeflect":1000,//反弹概率（1=1%）
"lightningChance":2000//放电概率（1=10%）
"lightningDamage":90//闪电伤害
"lightningLength":500//闪电长度（1=?格）
}