{
	"type": "flying",
	"name":"k型核心飞机",
	"description": "保护心动初代核心，可建造建筑。 ",
	"speed": 2.8,
	"accel":0.05,"drag":0.03,
	"rotateSpeed":5,
	"hitSize":15, 
	"buildSpeed":1,
	"flying": true,
	"health":380,
	"armor":3,
	"mineTier":1,
	"mineSpeed":5,
		"engineOffset": 6,
	"engineSize": 3,
		"weapons":[{	"name": "无",	
		"reload":15,
        "x": 0,  "y": 0, 
        "rotate": true,
        "reload":75
        "inaccuracy": 0,
		"shoot":{
			"shots":1,
			"shotDelay":0
		},
		"shootSound": "bigshot",
		"rotateSpeed": 0,//炮台转头速度
		"alternate": true,
		"ejectEffect":"casing3",
		"bullet":{
"buildingDamageMultiplier":0.0,
	    "damage":55,	  
	    "speed":7,
	    "lifetime":25,
	    "homingRange": 40,
	    	"splashDamageRadius":25,
	"splashDamage":25,
	    "sprite":"missile-back",
            "homingPower": 0.1,
	    "width":14,	 "height":18
	    "cone": 60//圆锥角度
	}	}
]
}
