{
	"type": "flying",
	"name": "战斗机",
	"description": "由于K星第1次建造这种钢铁巨兽，所以炮塔非常垃圾。",
	"details": "1",
	"squareShape": true,
	"omniMovement": false,
	"rotateMoveFirst": false,
	"rotateSpeed": 3,
	"speed": 5,//移动速度
	"hitSize": 10,//碰撞箱
	"ammoCapacity": 300,
	"health": 300,//生命值
	"armor": 3,//护甲
	"drag": 0.01,//惯性
	"accel": 3,//加速度
	"itemCapacity": 5,
	"treadPullOffset": 3,
	"faceTarget": false,
	"research": "nova",
	"weapons": [
		{
			"name": "虎式坦克主炮",
			"reload": 30.0,//射速
			"recoil": 0,
			"x": 0,
			"y": 0,
			"rotate": true,
			"rotateSpeed": 15,
			"mirror": false,
			"inaccuracy": 0.5,
			"ejectEffect": "casing1",
			"shootSound": "shoot",
			"alternate": false,
			"bullet": {
				"damage": 10,//伤害
				"speed": 9,
				"buildingDamageMultiplier": 0.8,
				"lifetime": 18,
				"width": 3,
				"height": 10
			}
		}
	]
}