{
	"type": "flying",
	"name": "采矿机t4",
	"speed": 1.82,
	"drag": 0.5,
	"accel": 0.8,
	"rotateSpeed": 2,//旋转速度
	"ammoType": {
		"type": "PowerAmmoType",
		"totalPower": 8000
	},
	"mineTier":5,
	"mineSpeed":37,
	"ammoCapacity": 150,
	"itemCapacity": 480,
	"hitSize": 36,
	"buildSpeed":5,
	"flying": true,
	"faceTarget": true,
	"drawMinimap": false,
	"health": 4500,
	"armor": 11,
	"engineOffset": 8,//发动机偏引脚
	"engineSize": 4,//发动机尺寸
	"weapons": [
        {
            "name": "采矿机t3-1",
            "reload": 12,
            "x": 8,
            "y": -6,
            "rotate": false,
            "mirror": true,//镜像
            "rotateSpeed": 9,
            "inaccuracy": 0,
            "shootSound": "lasershoot",
            "bullet": {
                "type": "LaserBoltBulletType",
                "shootEffect": "shootHeal",
                "frontColor": "97FFA8",
                "backColor": "97FFA8",
                "healPercent": 5,
                "damage": 40,
                "pierce": true,
                "pierceCap": 2,
                "collidesTeam": true,
                "trailLength": 3,
                "trailWidth": 1.3,
                "trailColor": "97FFA8",
                "speed": 8,
                "lifetime": 51.875,
                "width": 2,
                "height": 8
            }
        },
        {
            "name": "采矿机t3-1",
            "reload": 12,
            "x": 4,
            "y": 5,
            "rotate": false,
            "mirror": true,//镜像
            "rotateSpeed": 9,
            "inaccuracy": 0,
            "shootSound": "lasershoot",
            "bullet": {
                "type": "LaserBoltBulletType",
                "shootEffect": "shootHeal",
                "frontColor": "97FFA8",
                "backColor": "97FFA8",
                "healPercent": 5,
                "damage": 40,
                "pierce": true,
                "pierceCap": 2,
                "collidesTeam": true,
                "trailLength": 3,
                "trailWidth": 1.3,
                "trailColor": "97FFA8",
                "speed": 8,
                "lifetime": 51.875,
                "width": 2,
                "height": 8
            }
        },
        ],
	"research":"采矿机t3",
}