{
	"type":"ItemTurret",
	"category":"turret",

	"drawer":{
	"type":"drawTurret",
	"basePrefix":"vitospp-",
		"parts":[
		{"type":"RegionPart",
		"suffix":"-barrel-l",
		"mirror":false,
		"recoilIndex":0,
		"moveY":-2,
		"progress":"recoil",
	"heatProgress":{
		"type":"recoil",
		"op":"blend",
		"amount":0,
		"other":0,
		"recoilIndex":0
		}	},
		{"type":"RegionPart",
		"suffix":"-barrel-r",
		"mirror":false,
		"recoilIndex":1,
		"moveY":-2,
		"progress":"recoil",
	"heatProgress":{
		"type":"recoil",
		"op":"blend",
		"amount":0,
		"other":0,
		"recoilIndex":1
		}	}
		{"type":"RegionPart",
		"suffix":"-main",
		"mirror":false,
		}
	]	},

	"scaledHealth":250,
	"armor":8,
	"size":4,
	"reload":8,
	"range":320,
	"maxAmmo":300,
	"recoilTime":20,
	"recoil":4,
	"cooldownTime":80,

	"research":{
	"parent":"hephaestus"
	},

	"requirements":[
	"chromium/300",
	"plastanium/100",
	"silicon/200"
	],

	"consumes":{
	"coolant":{"amount":0.1,"optional":true}	},

	"shoot":{
		"shots":4,
		"shotDelay":5.6,
		"type":"ShootAlternate",
		"barrels":2,
		"spread":10
	},

	"ammoUseEffect":"casing3Double",
	"ammoPerShot":2,
	"consumeAmmoOnce":false,
	"targetGround":true,
	"targetAir":true,

	"coolantMultiplier":0.5,
	"liquidCapacity":360,
	"inaccuracy":3,
	"shake":3,
	"shootSound":"shootBig",
	"rotateSpeed":8,
	"recoils":2,

	"ammoTypes":{
		"graphite":{
			"speed":10,
			"damage":55,
			"knockback":1.5,
			"reloadMultiplier":1.7,
			"lifetime":32,
			"pierce":true,
			"pierceBuilding":true,
			"pierceCap":2,
			"width":16,
			"height":20,
			"ammoMultiplier":3,
			"shootEffect":"shootBig",
			"smokeEffect":"shootBigSmoke",
			"hitEffect":"hitBulletBig",
			"frontColor":"DAE1EE",
			"backColor":"7D89D8"
		},
		"plastanium":{
			"speed":12,
			"damage":60,
			"pierce":true,
			"pierceCap":3,
//			"reloadMultiplier":0.3,
			"ammoMultiplier":4,
			"knockback":0.4,
			"width":9,
			"height":36,
			"inaccuracy":2.5,
			"backColor":"C6D676FF",
			"frontColor":"EBF2A2FF",
			"fragBullets":5,
			"fragBullet":{
		"width":15,"height":15,
			"pierce":true,
			"pierceCap":2,
			"lifetime":6,
			"speed":5.5,
			"damage":46,
			"backColor":"C6D676FF",
			"frontColor":"EBF2A2FF",
			"hitEffect":"none",
			"despawnEffect":"none"
			},

			"lifetime":27.5
		},
		"pyratite":{
			"speed":10,
			"damage":50,
			"splashDamageRadius":30,
			"splashDamage":40,
			"knockback":1.1,
			"pierceArmor":true,
			"makeFire":true,
			"status":"burning",
			"statusDuration":600,
			"lifetime":32,
			"pierce":true,
			"pierceBuilding":true,
			"pierceCap":3,
			"incendChance":0.05,
			"incendSpread":16,
			"incendAmount":3,
			"backColor":"FF8C00",
			"frontColor":"FFB90F",
			"width":16,
			"height":20,
			"ammoMultiplier":3,
			"hitEffect":{
				"type":"MultiEffect",
				"effects":[
					"flakExplosionBig",
					"fireHit"
				]
			},
			"shootEffect":"shootBig",
			"smokeEffect":"shootBigSmoke"
		},
		"blast-compound":{
			"speed":10,
			"damage":44,
			"splashDamageRadius":47,
			"splashDamage":128,
			"knockback":2.2,
			"status":"blasted",
			"lifetime":32,
			"pierce":true,
			"pierceArmor":true,
			"pierceBuilding":true,
			"pierceCap":2,
			"width":16,
			"height":20,
			"ammoMultiplier":4,
			"frontColor":"EEAB89",
			"backColor":"E9665B",
			"hitEffect":"flakExplosionBig",
			"shootEffect":"shootBig",
			"smokeEffect":"shootBigSmoke"
		},
		"surge-alloy":{
			"speed":17.5,
			"status":"shocked",
			"damage":60,
			"pierce":"true",
			"pierceCap":5,
//			"reloadMultiplier":0.5,
			"ammoMultiplier":4,
			"pierce":true,
			"pierceArmor":true,
			"pierceBuilding":true,
			"pierceCap":2,
			"knockback":0.8,
			"width":16,
			"height":20,
			"inaccuracy":1,
			"lightningDamage":30,
			"lightning":3,
			"lightningLength":6,
			"lifetime":18.5
		},
	}
}