{"localizedName": "托密勒M7",
	"mesh":[
        { //行星的网格，仅支持NoiseMesh
		"type": "NoiseMesh",
		"planet": "托密勒M7",
		"seed": -1,
		"divisions": 3, //表面精细度
		"color1": "0095FFFF",
		"color2": "1FE547FF",//到此为止吧，同志json只支持星球外观的两个颜色。
		"radius":7,//半径
		"octaves": 3,
		"persistence": 0.8,
		"scale": 0.5,
		"mag": 1.5
		}
		{ //云的网格
		"type": "HexSkyMesh",
		"planet": "托密勒M7",
		"seed": 1,
		"divisions": 4, //表面精细度
		"color": "F6F6F6FF",
		"radius":0.3,//大小，瞎改，小心变成光幕
		"octaves": 3,
		"persistence": 0.8,
		"scale": 1,
		"mag": 1.5
		}
		
	]
		"generator":"SerpuloPlanetGenerator"
	"allowLaunchLoadout":true
	"allowSectorInvasion":true
	"launchCapacityMultiplier":0.4//携带的物资倍率。
	"allowLaunchSchematics":true
	"orbitSpacing": 8, //父（this）和卫星之间的间距
	"alwaysUnlocked":true//始终解锁
	"startSector":42
	"sectorSeed":0
	"radius":9, //星球半径
	    "sectorSize": 3,//区块大小
	"minZoom": 0.99, //最小缩放
	"drawOrbit": true, //是否绘制轨道
	"atmosphereRadIn": 0.07, //基本大气层偏移
	"atmosphereRadOut": 0.7,
	"accessible": true, //是否可以登陆
	"updateLighting": true, 
		"sectorSeed":-1, //生成器的种子。 如果-1，则为行星
	"bloom": true, //是否开启bloom渲染
	"visible": true, //是否显示
	"atmosphereColor": "FF8982FF", //大气层颜色
	"iconColor": "92FFD3FF", ///左上角显示的行星图标的颜色
	"hasAtmosphere": true, //是否有大气层
	"allowWaveSimulation": true, //在后台时是否模拟波次
	"clearSectorOnLose": true, //区块丢失时是否重置区块
	"allowWaves": true, //区块丢失时是否重置波次
	"icon": "planet", //左上角显示的图标文件
	"defaultCore":"core-shard", //星球默认核心
	"parent": "sun", //星球的母体
	"solarSystem": "sun", //星球绕什么公转
	"launchCandidates": [], //可以从这个星球前往的行星。 可能没用，因为行星际加速器仍然不工作
	"hiddenItems": [ //这个星球上没有的物品
	]
	"unlockedOnLand":[
	]
}