{
    "type": "MendProjector",
	"name": "大型维修投影器",
	"description": "大型的维修投影器，拥有比维修投影器更加优异的性能。",
	"health": 1000,
	"size": 3,
	"range": 150,
	"reload": 60,
	"healPercent": 8,
	"consumes": {
		"power": 7.0,
        "items":{
			"items":[
				{"item":"self-fabric","amount":1}
			],
			"booster":true,
			"optional": true
		}
	},
	"requirements": [
		{ "item": "lead", "amount": 150 },
		{ "item": "steel", "amount": 200 },
		{ "item": "integrated-chip", "amount": 100 },
		{ "item": "brass", "amount": 150 },
		{ "item": "surge-alloy", "amount": 100 },
	],
	"category": "effect",
	"research":"mend-projector"
}