{
    "type": "OverdriveProjector",
	"name": "大型超速投影器",
	"description": "大型的超速投影器，拥有比超速投影器更加优异的性能。",
	"health": 1000,
	"size": 3,
	"range": 140,
	"reload": 60,
	"speedBoost": 2,
	"consumes": {
		"power": 8.0,
        "items":{
			"items":[
				{"item":"self-fabric","amount":1}
			],
			"booster":true,
			"optional": true
		}
	},
	"requirements": [
		{ "item": "lead", "amount": 150 },
		{ "item": "steel", "amount": 200 },
		{ "item": "integrated-chip", "amount": 100 },
		{ "item": "bronze", "amount": 150 },
		{ "item": "tsunami-alloy", "amount": 100 },
	],
	"category": "effect",
	"research":"overdrive-projector"
}