{
	"name":"浮游弹制作工厂",
	"description":"制造浮游弹",
	"size":3,
	"flameColor":"63B8FF",
	"outputItem":
		{"item":"fy","amount":1},
	"consumes":{
		"power":3.0,
		"items":{
			"items":[
				{"item":"bd","amount":5},
				{"item":"C90","amount":13},
				{"item":"Fe-C","amount":7},
				{"item":"H2","amount":5},
			]
		}
	},
	"requirements":[
		{"item":"Fe-C","amount":1500},
		{"item":"Ti+","amount":900},
		{"item":"普通科技点","amount":540}
	],
	"hasItems":true,
	"craftTime":180,
	"health":2800,
	"itemCapacity":50,
	"research":{
	"parent":"bd-Plant",
    "requirements":[
		{"item":"Fe-C","amount":15000},
		{"item":"Ti+","amount":9000}
	]},
	"category":"crafting"
}