{
	"name":"氕弹导弹装配厂",
	"description":"为弹道导弹装配氕弹头",
	"size":5,
	"flameColor":"FFFFFF",
	"outputItem":
		{"item":"missile5","amount":1},
	"consumes":{
		"power":35.5,
		"items":{
			"items":[
				{"item":"bomb2","amount":1},
				{"item":"O2","amount":20},
				{"item":"missile3","amount":1}
			]
		}
	},
	"requirements":[
		{"item":"Fe","amount":450},
		{"item":"Mg","amount":300},
		{"item":"Al","amount":300},
		{"item":"普通科技点","amount":1500}
	],
	"hasItems":true,
	"craftTime":600,
	"health":2800,
	"itemCapacity":50,
	"research":{
	"parent":"bomb2-Plant",
    "requirements":[
		{"item":"Fe","amount":4500},
		{"item":"Mg","amount":3000},
		{"item":"Al","amount":3000}
	]},
	"category":"crafting"
}