{
    "type": "mech",
    "name": "玄桦",
    "description": "万相级双足机甲，可发射大型导弹，对单个目标造成高额伤害。",
    "speed": 0.25,
    "drag": 0.4,
    "mass": 5,
    "hitSize": 80,
    "rotateSpeed": 1,
    "health": 355000,
    "itemCapacity": 90,
    "mineTier": 6,
    "range": 330,
    "mineSpeed": 2,
    "canDrown": false,
    "armor": 30,
    "ammoType": "surge-alloy",
    "ammoCapacity": 3000,
    "weapons": [
    {
            "velocityRnd": 0.1,
            "layerOffset": 10,
            "name": "激光炮",
            "recoil": 4,
            "x": 40,
            "y": -20,
            "xRand": 3,
            "shootY": 11,
            "top": true,
            "mirror": true,
            "rotate": false,
            "alternate": true,
            "reload": 50,
            "shootSound": "malignShoot",
            "shots": 1,
            "inaccuracy": 1,
            "alternate": true,
            "ignoreRotation": false,
            "shoot": {
                "shots": 5
            },
            "bullet": {
                "weaveScale": 3,
                "weaveMag": 6,
                "type": "BasicBulletType",
                "hitSound": "dullExplosion",
                "despawnEffect": {
                    "type": "ParticleEffect",
                    "particles": 8,
                    "line": true,
                    "strokeFrom": 3,
                    "strokeTo": 0,
                    "lenFrom": 12,
                    "lenTo": 0,
                    "length": 20,
                    "baseLength": 3,
                    "lifetime": 30,
                    "colorFrom": "FFA665FF",
                    "colorTo": "FFA665FF",
                    "cone": 360
                },
                "shootEffect": {
                    "type": "ParticleEffect",
                    "particles": 6,
                    "lenFrom": 12,
                    "lenTo": 20,
                    "strokeFrom": 10,
                    "strokeTo": 0,
                    "length": 5,
                    "baseLength": 30,
                    "lifetime": 60,
                    "colorFrom": "FFFFFF",
                    "colorTo": "FFFFFF80",
                    "cone": 25
                },
                "trailLength": 15,
                "trailWidth": 4,
                "trailColor": "FFA665FF",
                "speed": 4,
                "splashDamageRadius": 40,
                "splashDamage": 75,
                "lifetime": 120,
                "damage": 75,
                "width": 10,
                "shrinkY": 0,
                "height": 10,
                "backColor": "FFA665FF",
                "frontColor": "FFA665FF",
                "hitColor": "FFA665FF",
                "color": "FFA665FF",
                "fragBullets": 3
            }
        },
    {
            "name": "玄桦-火炮",
            "ejectEffect": "casing4",
            "length": 13,
            "x": 30,
            "y": -10,
            "reload": 15,
            "rotate":true,
            "top": false,
            "alternate": true,
            "recoil": 3,
            "shootY": 13,
            "shake": 2,
            "shootSound": "bang",
            "inaccuracy": 3,
            "shoot": {
                "shots": 4,
                "shotDelay": 2,
                "alternate": false
            },
            "spacing": 0,
            "shotDelay": 5,
            "bullet": {
                "type": "BasicBulletType",
                "speed": 8,
                "damage": 125,
                "lifetime": 115,
                "pierceCap": 10,
                "width": 12,
                "height": 25,
                "shootEffect": "shootBig"
            }
        },
        {
            "name": "玄桦-火炮",
            "ejectEffect": "casing4",
            "length": 13,
            "x": 20,
            "y": 10,
            "reload": 15,
            "rotate":true,
            "top": false,
            "alternate": true,
            "recoil": 3,
            "shootY": 13,
            "shake": 2,
            "shootSound": "bang",
            "inaccuracy": 3,
            "shoot": {
                "shots": 4,
                "shotDelay": 2,
                "alternate": false
            },
            "spacing": 0,
            "shotDelay": 5,
            "bullet": {
                "type": "BasicBulletType",
                "speed": 8,
                "damage": 125,
                "lifetime": 115,
                "pierceCap": 10,
                "width": 12,
                "height": 25,
                "shootEffect": "shootBig"
            }
        },
    {
			"name": "双联火箭",
			"x": 55,
			"y": 20,
			"reload": 280,
		    "alternate": true,
			"mirror": true,
			"rotate": false,
			"rotateSpeed": 99,
			"shootSound": "missileLarge",
			"inaccuracy": 30,
			"shootCone":100,
			"minWarmup": 0.9,
			"shootWarmupSpeed": 0.022,
			"shoot": {
				"shots": 5,
				"shotDelay": 16
			},
			"bullet": {
				"keepVelocity": false,
				"speed": 0,
				"hitShake": 8,
				"shootEffect": {
					"type": "WaveEffect",
					"interp": "circleOut",
					"lifetime": 11,
					"sizeFrom": 0,
					"sizeTo": 70,
					"strokeFrom": 40,
					"strokeTo": 16,
					"colorFrom": "FFFFFF",
					"colorTo": "FFFFFFFF"
				},
				"smokeEffect": "shootSmallFlame",
				"spawnUnit": "D导弹"
			}
       },
    ],
      "category":"units",//游戏界面分类
  "research":"帝冕",//科技树前一项
  "rebuildable":true,//是否能重建
}