{
    "type": "legs",
    "name": "虬龙",
    "description": "万相级多足机甲，搭载离子炮，对近距离目标造成毁灭性伤害",
    "speed": 0.5,
    "legCount": 8,
    "legLength":150,
    "legBaseOfset": 70,
    "legMoveSpace": 1,
    "legTrns": 8,
    "hovering": true,
    "allowLegStep": true,
    "drag": 0.4,
    "hitSize": 80,
    "rotateSpeed": 0.7,
    "health": 365000,
    "abilities": [
		{
			"type":"EnergyFieldAbility",
			"damage":10,
			"reload":35,
			"x":0,
			"y":10,
			"color":"808B96",
			"range":85,
			"effectRadius": 12,
			"hitEffect": {
				"type": "ParticleEffect",
				"particles": 9,
				"lenFrom": 10,
				"lenTo": 20,
				"strokeFrom": 4,
				"strokeTo": 0,
				"line": true,
				"length": 90,
				"baseLength": 0,
				"lifetime": 60,
				"colorFrom": "BF92F9",
				"colorTo": "BF92F9"
			},
			"shootSound": "plasmaboom",
			"maxTargets": 80,
			"status": "unmoving"
		},
	],
    "immunities": [
        "burning",
        "melting",
        "unmoving"
    ],
    "armor": 20,
    "visualElevation": 1,
    "itemCapacity": 280,
    "commandLimit": 8,
    "buildSpeed": 2,
    "range": 200,
    "maxrange": 220,
    "shootStatus": "slow",
    "shootStatusDuration": 200,
    "ammoType": "surge-alloy",
    "ammoCapacity": 3000,
    "research": "toxopid",
    "rotateWeapon": true,
    "weapons": [
            {
            "name": "虬龙炮",
            "y": -20,
            "x": 0,
            "length": 1,
            "reload": 80,
            "alternate": false,
            "recoil": 4,
            "shake": 2,
            "shootSound": "artillery",
            "bullet": {
                "speed": 4,
                "type": "ArtilleryBulletType",
                "hitEffect": "plasticExplosionFlak",
                "knockback": 0.8,
                "lifetime": 100,
                "damage": 60,
                "width": 20,
                "height": 15,
                "collides": true,
                "collidesTiles": true,
                "splashDamageRadius": 5,
                "splashDamage": 125,
                "fragLifeMin": 0.2,
                "fragBullets": 8,
                "fragLifeMax": 0.02,
                "lightningDamage": 13,
                "lightning": 3,
                "lightningLength": 6,
                "status": "sapped",
                "statusDuration": 600,
                "backColor": "665C9FFF",
                "frontColor": "BF92F9FF",
                "hitColor": "665C9FFF",
                "color": "665C9FFF",
                "fragBullet": {
                    "status": "sapped",
                    "statusDuration": 600,
                    "lightningDamage": 13,
                    "lightning": 3,
                    "lightningLength": 6,
                    "type": "ArtilleryBulletType",
                    "speed": 3,
                    "lifetime": 200,
                    "width": 20,
                    "height": 40,
                    "splashDamage": 25,
                    "splashDamageRadius": 20,
                    "despawnEffect": "blastExplosion",
                    "trailColor": "A278E1FF",
                    "backColor": "A278E1FF",
                    "frontColor": "BF92F9FF",
                    "hitColor": "665C9FFF",
                    "color": "665C9FFF"
                }
            }
        },
    {
            "name": "虬龙-炮",
            "reload": 10,
            "rotate": false,
            "rotateSpeed": 1.5,
            "alternate": true,
            "x": 60,
            "y": 10,
            "shootSound": "flame",
            "shoot": {
                "shots": 6,
                "shotDelay": 2
            },
            "shots": 5,
            "shotDelay": 10,
            "inaccuracy": 0,
            "mirror": true,
            "bullet": {
                "type": "SapBulletType",
                "sapStrength": 0.8,
                "length": 120,
                "damage": 370,
                "shootEffect": "shootSmall",
                "hitColor": "665C9FFF",
                "color": "665C9FFF",
                "despawnEffect": "none",
                "width": 5,
                "lifetime": 120,
                "knockback": -0.65
            }
        },
    {
            "velocityRnd": 0.1,
            "layerOffset": -0.001,
            "name": "分裂炮",
            "recoil": 4,
            "x": 0,
            "y": 0,
            "xRand": 3,
            "shootY": 11,
            "top": true,
            "mirror": true,
            "rotate": false,
            "reload": 50,
            "shootSound": "malignShoot",
            "shots": 1,
            "inaccuracy": 1,
            "alternate": true,
            "ignoreRotation": false,
            "shoot": {
                "shots": 3
            },
            "bullet": {
                "weaveScale": 3,
                "weaveMag": 6,
                "type": "BasicBulletType",
                "hitSound": "dullExplosion",
                "despawnEffect": {
                    "type": "ParticleEffect",
                    "particles": 8,
                    "line": true,
                    "strokeFrom": 3,
                    "strokeTo": 0,
                    "lenFrom": 12,
                    "lenTo": 0,
                    "length": 20,
                    "baseLength": 3,
                    "lifetime": 30,
                    "colorFrom": "BF92F9FF",
                    "colorTo": "BF92F9FF",
                    "cone": 360
                },
                "shootEffect": {
                    "type": "ParticleEffect",
                    "particles": 6,
                    "lenFrom": 12,
                    "lenTo": 20,
                    "strokeFrom": 10,
                    "strokeTo": 0,
                    "length": 5,
                    "baseLength": 30,
                    "lifetime": 60,
                    "colorFrom": "BF92F9",
                    "colorTo": "BF92F9FF",
                    "cone": 25
                },
                "trailLength": 15,
                "trailWidth": 4,
                "trailColor": "BF92F9FF",
                "speed": 4,
                "splashDamageRadius": 40,
                "splashDamage": 75,
                "lifetime": 120,
                "damage": 75,
                "width": 10,
                "shrinkY": 0,
                "height": 10,
                "backColor": "BF92F9FF",
                "frontColor": "BF92F9FF",
                "hitColor": "BF92F9FF",
                "color": "BF92F9FF",
                "fragBullets": 3
            }
        },
            {
            "name": "短炮",
            "reload": 10,
            "rotate": true,
            "rotateSpeed": 1.5,
            "x": 10,
            "y": 5,
            "alternate": true,
            "shootSound": "flame",
            "shoot": {
                "shots": 2,
                "shotDelay": 2
            },
            "shots": 1,
            "shotDelay": 10,
            "inaccuracy": 0,
            "mirror": true,
            "bullet": {
                "type": "SapBulletType",
                "sapStrength": 0.8,
                "length": 60,
                "damage": 80,
                "shootEffect": "shootSmall",
                "hitColor": "665C9FFF",
                "color": "665C9FFF",
                "despawnEffect": "none",
                "width": 2,
                "lifetime": 60,
                "knockback": -0.65
            }
        },
            {
            "name": "光刺",
            "shoot": {
                "type": "ShootSpread",
                "shots": 1,
                "spread": 50
            },
            "rotateSpeed": 5,
            "reload": 20,
            "rotate": true,
            "x": 52,
            "y": -23,
            "shootSound": "shotgun",
            "shots": 1,
            "shotDelay": 45,
            "inaccuracy": 0,
            "alternate": true,
            "bullet": {
                "type": "ShrapnelBulletType",
                "sapStrength": 0.8,
                "length": 90,
                "damage": 700,
                "toColor": "665C9FFF",
                "shootEffect": "thoriumShoot",
                "smokeEffect": "thoriumShoot",
                "despawnEffect": "none",
                "width": 30,
                "lifetime": 90,
                "knockback": -0.65
            }
        }
    ]
      "category":"units",//游戏界面分类
  "research":"地龙",//科技树前一项
  "rebuildable":true,//是否能重建
}