{
    "type": "legs",
    "name": "陨星",
    "description": "千琉级多足机甲，可发射地对地核弹，对区域目标造成巨额伤害",
        "speed": 0.35,
    "legCount": 4,
    "legLength": 50,
    "legBaseOfset": 50,
    "legMoveSpace": 0.5,
    "legTurns": 4,
    "hovering": true,
    "visualElevation": 1,
    "allowLegStep": true,
    "drag": 0.4,
    "hitSize": 60,
    "rotateSpeed": 0.5,
    "health": 155000,
    "armor": 15,
    "itemCapacity": 280,
    "ammoType": {
        "type": "PowerAmmoType",
        "totalPower": 3000
    },
    "ammoCapacity": 3000,
    "commandLimit": 8,
    "buildSpeed": 50,
    "range": 600,
    "maxrange": 610,
    "shootStatus": "slow",
    "shootStatusDuration": 200,
    "research": "corvus",
    "rotateWeapon": false,
    "abilities": [
        {
            "type": "RepairFieldAbility",
            "range": 90,
            "amount": 1000,
            "reload": 150
        }
    ],
	"weapons":[
	{
            "name": "1双联光矛左",
            "reload": 30,
            "x": -50,
            "y": -10,
            "rotate": false,
            "mirror": false,
            "inaccuracy": 0,
            "shootSound": "railgun",
            "rotateSpeed": 1,
            "alternate": false,
            "bullet": {
                "type": "PointBulletType",
                "trailEffect": "instTrail",
                "trailSpacing": 20,
                "shootEffect": "instShoot",
                "damage": 800,
                "speed": 60,
                "lifetime": 20,
                "smokeEffect": "smokeCloud",
                "hitEffect": "instHit",
                "despawnEffect": "instBomb",
                "healPercent": 1,
                "collidesTeam": true
                "trailColor": "84F491",
				"backColor": "84F491",
				"frontColor": "FFFFFF",
            }
        }
        {
            "name": "1双联光矛右",
            "reload": 30,
            "x": 50,
            "y": -10,
            "rotate": false,
            "mirror": false,
            "inaccuracy": 0,
            "shootSound": "railgun",
            "rotateSpeed": 1,
            "alternate": false,
            "bullet": {
                "type": "PointBulletType",
                "trailEffect": "instTrail",
                "trailSpacing": 20,
                "shootEffect": "instShoot",
                "damage": 800,
                "speed": 60,
                "lifetime": 20,
                "smokeEffect": "smokeCloud",
                "hitEffect": "instHit",
                "despawnEffect": "instBomb",
                "healPercent": 1,
                "collidesTeam": true
                "trailColor": "84F491",
				"backColor": "84F491",
				"frontColor": "FFFFFF",
            }
        }
            {
            "rotateSpeed": 1.5,
            "name": "导弹发射器",
            "x": 25,
            "y": 0,
            "top": true,
            "rotate": true,
            "reload": 5,
            "shootSound": "missile",
            "shots": 50,
            "inaccuracy": 3,
            "alternate": false,
            "ignoreRotation": false,
            "bullet": {
                "speed": 4,
                "type": "MissileBulletType",
                "hitEffect": "explosion",
                "status": "burning",
                "weaveScale": 8,
                "weaveMag": 2,
                "lifetime": 70,
                "damage": 20,
                "splashDamageRadius": 30,
                "splashDamage": 65,
                "knockback": 5,
                "homingPower": 0.2,
                "homingRange": 80,
                "width": 6,
                "shrinkY": 0,
                "height": 8
            }
        },
{
			"name": "地对地核弹发射器",
			"x": 0,
			"y": 7,
			"reload": 999,
			"mirror": false,
			"rotate": false,
			"rotateSpeed": 5,
			"shootSound": "missileLarge",
			"inaccuracy": 30,
			"shootCone":100,
			"minWarmup": 0.9,
			"shootWarmupSpeed": 0.022,
			"shoot": {
				"shots": 1,
				"shotDelay": 16
			},
			"bullet": {
				"keepVelocity": false,
				"speed": 15,
				"hitShake": 8,
				"shootEffect": {
					"type": "WaveEffect",
					"interp": "circleOut",
					"lifetime": 30,
					"sizeFrom": 0,
					"sizeTo": 90,
					"strokeFrom": 40,
					"strokeTo": 16,
					"colorFrom": "FF5B5B",
					"colorTo": "FF5B5B00"
				},
				"smokeEffect": "shootSmallFlame",
				"spawnUnit": "C核弹"
			}
       },
	]
  "category":"units",//游戏界面分类
  "research":"corvus",//科技树前一项
  "rebuildable":true,//是否能重建
}
