{
    "type": "hover",
    "name":"蚌蜊"
    "description": "辅助型悬浮单位,可以在水上移动，攻击可以发射弱化敌人装甲的能量球。\n\n[blue][超限技术特殊作战单元]",
    "immunities": [
		"wet","spore-slowed","tarred"
	],
    "speed": 0.6
    "hitSize": 36
    "health": 1950,
    	"rotateSpeed": 2.1
    	"ammoType":"copper",
	"ammoCapacity": 300,
        "targetAir":false,  
    "targetGround":true,
    "hovering":true
    "canDrown": false,
    "armor":15
    "itemCapacity": 15
     "abilities": [
    {
    "type":"ForceFieldAbility",
    "sides": 8,
    "radius": 54,
    "regen": 0.8
    "max": 900,
    "cooldown": 120,}
	{
        "type": "EnergyFieldAbility"
        "damage": 6.0
        "reload": 60.0
        "range": 150.0
        "status": "脆裂"
        "statusDuration": 120.0
        "targetGround": true
        "targetAir": true
        "hitBuildings": true
        "hitUnits": true
        "healPercent": 0.25
        "maxTargets": 3
        "useAmmo": true
        "color": "c0ecff"
    }
    ]
    "parts": [
		{
			"type": "HoverPart",//悬浮特效
			"layerOffset": -1,//图层偏移
			"mirror": true,//镜像对称
			"x": 12,//X位置
			"y": 12,//Y位置
			"radius": 15,//大小
			"color": "1878BF",//颜色
			"phase": 100,//相位，初始角度
			"circles": 2,//圈子界限
			"stroke": 2,//粗细
			"minStroke": 0//最小粗细
		}
		{
			"type": "HoverPart",//悬浮特效
			"layerOffset": -1,//图层偏移
			"mirror": false,//镜像对称
			"x": 0,//X位置
			"y": 0,//Y位置
			"radius": 40,//大小
			"color": "c0ecff",//颜色
			"phase": 100,//相位，初始角度
			"circles": 2,//圈子界限
			"stroke": 2,//粗细
			"minStroke": 0//最小粗细
		}
		{
			"type": "HoverPart",//悬浮特效
			"layerOffset": -1,//图层偏移
			"mirror": true,//镜像对称
			"x": 12,//X位置
			"y": -12,//Y位置
			"radius": 15,//大小
			"color": "1878BF",//颜色
			"phase": 100,//相位，初始角度
			"circles": 2,//圈子界限
			"stroke": 2,//粗细
			"minStroke": 0//最小粗细
		}
		]
    "weapons": [
   {	"name": "无",	
		"reload": 90
		"x": 0,  "y": 0, 
		"rotate": false,
		"shootCone":360,
		"shootY":0
		"ejectEffect":"none",
		"shootSound":"malignShoot",
		"mirror":false,
		"inaccuracy": 360,
		"alternate": true,
		"shootOnDeath":true,
		"bullet":{
		"sprite":"超限工艺-八角",
			"speed":0.3
			"damage": 14
			"lifetime":700,
			"width": 12, 			
			"height":12
			"spin":6,//子弹贴图持续旋转
			"splashDamageRadius":23,
		"splashDamage":24
	    "makeFire":true,
	    "pierceCap": 1
	    "pierceBuilding": true
			"shootEffect":"shootSmall",
			"trailLength":12
			"pierceCap": 3
    "trailWidth":6
    "trailColor":"1878BF",
	     	"backColor":"c0ecff",
			"frontColor":"c0ecff"
			"homingRange": 120,
            "homingPower": 0.1,
            "homingDelay":60
            "status": "破甲",
			"statusDuration": 600
            "fragBullets":6
        "fragBullet":{
            "speed":1
			"damage": 1
			"lifetime":90,
			"width": 3, 			
			"height":3
			"shootEffect":"shootSmall",
			"trailLength":3
    "trailWidth":1.5,
    "trailColor":"1878BF",
	     	"backColor":"1878BF",
			"frontColor":"1878BF"
			"status": "脆裂",
			"statusDuration": 46,
			"homingDelay":30
			"homingRange": 300,
            "homingPower": 0.1,
	}}}
	{	"name": "蚌蜊1",	
		"reload": 10, 
		"x": 0,  "y": 0, 
		"rotate": false,
		"shootCone":360,
		"ejectEffect":"none",
		"shootSound":"bolt",
		"shootY":0
		"mirror":true,
		"inaccuracy": 360,
		"alternate": true,
		"bullet":{
    "type":"BasicBulletType",
    "speed": 0.8
    "lifetime":250
	"width": 3
	"height": 10
	"damage":6
    "hitSize":4
    "pierceCap": 3
    "pierceBuilding": true
    "collidesAir": true
    "status": "破甲",
			"statusDuration": 46,
			"trailLength":3
    "trailWidth":1.5,
    "trailColor":"1878BF",
    "backColor":"c0ecff",
    "frontColor":"c0ecff"
    "homingDelay":60
			"homingRange": 300,
            "homingPower": 0.1,
    }
    }
    ]
   // "research":"uAABT1A响应"
   "research": {
	"parent":"uAABT1O1海胆"
	"objectives": [
            {
				"type": "SectorComplete",
				"preset": "遗忘河滩"
			}
	]
	}
}