{
    "type": "flying",
    "name":"掠影"
    "description": "飞行单位,小巧而迅速，有及高的攻速，中心有一门只能对空的主炮，有效的制空单位。\n\n[blue][超限技术特殊作战单元]",
    "immunities": [
		"wet","spore-slowed","tarred","甲板损坏"
	],
	"details":"超限集团喷气式飞机的起源，相较于议会依靠火箭来飞行的飞船，超限集团选择了使用更加轻便的喷气式技术来进行地面高速移动"
    "speed": 3.2
    "hitSize": 30
    "health": 260
    	"rotateSpeed": 12
    	"ammoType":"copper",
	"ammoCapacity": 300,
        "targetAir":true,  
    "targetGround":true,
    "flying": true,
    "armor":8
    "targetFlags":["generator","core"],
    "engineColor": "c0ecff",
	"trailColor": "1878BF",
	"engineLayer": 100,
	"engineSize": 5.1,
	"engineOffset": 9
	"trailLength": 18,
	"trailWidth": 2,
	"itemCapacity": 10
	"abilities": [
        {
    "type":"ForceFieldAbility",
    "sides": 8,
    "radius": 32,
    "regen": 0.8
    "max": 300,
    "cooldown": 120,}
    ],
    "weapons": [
   {	"name": "无",	
		"reload": 10, 
		"x": 3,  "y": 5, 
		"rotate": false,
		"shootCone":30,
		"ejectEffect":"none",
		"shootSound":"blaster",
		"mirror":true,
		"inaccuracy": 0,
		"alternate": true,
		"bullet":{
    "type":"BasicBulletType",
    "speed": 5
    "lifetime":40
	"width": 3
	"height": 10
	"damage":11
    "hitSize":4
    "buildingDamageMultiplier":1.2
    "collidesAir": true
    "status": "破甲",
			"statusDuration": 46,
			"trailLength":3
    "trailWidth":1.5,
    "trailColor":"1878BF",
    "backColor":"1878BF",
    "frontColor":"1878BF"
    }
	   	}
	   	{	"name": "无",	
		"reload": 90, 
		"x": 0,  "y": 0, 
		"rotate": false,
		"shootCone":30,
		"ejectEffect":"none",
		"shootSound":"blaster",
		"mirror":false,
		"inaccuracy": 0,
		"alternate": true,
		"bullet":{
    "type":"BasicBulletType",
    "speed": 19
    "lifetime":20
	"width": 6
	"height": 6
	"damage":88
    "hitSize":4
    "collidesGround": false
    "collidesAir": true
    "status": "破甲",
			"statusDuration": 46,
			"trailLength":6
    "trailWidth":3
    "trailColor":"1878BF",
    "backColor":"1878BF",
    "frontColor":"7CF389"
    }
	   	}
    ]
   "research": {
	"parent":"uAABT1K无形"
	"objectives": [
            {
				"type": "SectorComplete",
				"preset": "saltflats"
			}
	]
	}
}