{
    "name": "征伐核心",
    "description": "较大幅增加兵种容量，核心机【列战】拥有一定战斗力且能强化已方兵种",
    "details":"战争的号角已经吹响!",
    "requirements": [
    {"amount": 6000, "item": "titanium"},
    {"amount": 5500, "item": "copper"},
    {"amount": 5000, "item": "lead"},
    {"amount": 3500, "item": "silicon"}
    ],
    "unitType": "列战",
    "health": 3500,
    "itemCapacity": 5500,
    "size": 6,
    "unitCapModifier": 32,
    "category": "effect",
    "researchCostMultiplier": 0.1,
    "research": "SCore"
}