{
    "name": "硬寨核心",
    "description": "装甲极其厚重!核心机【铁壁】装甲厚重并带有强力护盾",
    "armor":55,
    "absorbLasers": true,
	"insulated": true,
    "details":"尽可能保证其在毁灭性打击中存活下来……",
    "requirements": [
    {"amount": 20000, "item": "thorium"},
    {"amount": 15000, "item": "titanium"},
    {"amount": 13500, "item": "plastanium"},
    {"amount": 11000, "item": "silicon"},
    {"amount": 10000, "item": "surge-alloy"},
    ],
    "unitType": "铁壁",
    "health": 37500,
    "itemCapacity": 13500,
    "size": 7,
    "unitCapModifier": 15,
    "category": "effect",
    "researchCostMultiplier": 0.3,
    "research": "护城核心"
}