{"localizedName": "丹霞沙谷",
"name": "丹霞沙谷",
	"description": "一个充满了红色砾石 粗糙黄沙,黑色沙砾,炙热岩浆和青色砾岩的干燥地区 这里荒芜 但不贫瘠 我们受到未知地区的高能武器打击 迫降至此 这里有很多飞船残骸 应该是遭受打击的飞船残骸坠落至此留下来的",
	//"details":"",
    "planet":"塞德娜"//母星名字。
    "sector":15//区块坐标   
    "captureWave":15//胜利波次
    "difficulty":2//难度
    "alwaysUnlocked": true,
    "research":"支线-塞德娜"
	
}
