{"localizedName": "地震带",
"name": "地震带",
	"description": "板块活动异常频繁的地区，芙卡洛斯表面不存在液态海洋，板块的运动产生的能量没有水或者其他液体来吸收，板块间隙中也没有液体润滑，所以芙卡洛斯内核中的液态金属常常从板块缝隙中喷涌到地面上，这些液态金属为地震带带来了大量的矿物，不过坏消息是敌人也发现这个富饶的大矿区，在这里敌人拥有源源不断的补给，只要给敌人足够的时间，它们就能把我们可怜的小基地撕成碎片\n[red]切记！一定要速战速决！",
	//"details":"",
    "planet":"芙卡洛斯"//母星名字。
    "sector":3//区块坐标
    "difficulty":5//难度
      "research": {
        "parent": "前哨站",
        "objectives": [
            {
                "type": "SectorComplete",
                "preset": "前哨站"
            }
        ]
    },

}