{"localizedName": "页岩间隙",
"name": "页岩间隙",
	"description": "狭窄的页岩山谷 资源丰富 探测器传回的岩石数据表面这里的铍矿石和天然石墨丰度很高 占领它 为以后利用埃里克尔传回的科技数据打下坚实的基础",
	//"details":"",
    "planet":"芙星"//母星名字。
    "sector":253//区块坐标   
    "captureWave":26//胜利波次
    "difficulty":4//难度
      "research": {
        "parent": "孢子湿地",
        "objectives": [
            {
                "type": "SectorComplete",
                "preset": "孢子湿地"
            }
        ]
    },
	
}
