{"localizedName": "风蚀裂谷", 
"name": "风蚀裂谷",
	"description": "地形较为平坦 资源相对丰富 是个不错的着陆地区",
	//"details":"",
    "planet":"埃萨克"//母星名字。
    "sector":2//区块坐标   
    "captureWave":0//胜利波次
    "difficulty":4//难度
      "research": {
        "parent": "支线-埃萨克",
        "objectives": [
            {
                "type": "SectorComplete",
                "preset": "peaks"
            }
        ]
    },
	
}
