{
	"type": "flying",
	"defaultController": "BuilderAI",
	"name": "塑型",
	"description": "自动重建已摧毁的建筑，并在其他单位进行建造时提供协助。\n能够缓慢的自我修复。",
	"speed":4,
	"flying":true,
	"lowAltitude":true,
	"health":250,
	"armor":2,
	"hitSize":8,
	"engineOffset":6.3,
	"engineSize":2,
	"outlineColor": "070708FF",
	//描边颜色
	"engineColor":"#55b2ff",
    //引擎颜色
	"itemCapacity":10,
	//物品容量
	"fogRadius":0
	//探图范围
	"mineFloor":true,
	//是否挖掘地面矿物
	"mineWalls":true,
	//是否挖掘墙面矿物
	"mineSpeed":0.2
	//挖矿速度
    "mineTier":3
    //挖矿等级:0沙、废料；1铜、铅；2煤；3钛；4钍
    "buildSpeed":1.25
    //建筑速率
    "research":"工程机构建厂",
    "envDisabled":0,
    //需要的环境
    "immunities":[
        "锬中毒",
        "重度锬中毒"
        ],
        "abilities":[
        {
            "type": "RegenAbility",
            //再生
            "percentAmount": 0.01
            //每秒回复(此数值x100=实际百分率)(负数为减血)
        }
        ]
}
