{
	"type": "flying",
	"research": {
		"parent": "速型",
		/*"objectives":[
		    "中级文化"
		    "初级数理化"
		    ]*/
		"researchCostMultiplier":40,
		//研究消耗倍率
    },
	"defaultController": "BuilderAI",
	"name": "铸型",
	"description": "自动重建已摧毁的建筑，并在其他单位进行建造时提供协助。\n能够自我修复。免疫大部分恶劣环境。",
	"speed":4.7,
	"flying":true,
	"lowAltitude":true,
	"health":1800,
	"armor":7,
	"hitSize":18,
	"engineOffset":16,
	"engineSize":3,
	"outlineColor": "070708FF",
	//描边颜色
	"engineColor":"#55b2ff",
    //引擎颜色
    "fogRadius":0
	//探图范围
	"itemCapacity":50,
	//物品容量
	"mineFloor":true,
	//是否挖掘地面矿物
	"mineWalls":true,
	//是否挖掘墙面矿物
	"mineSpeed":0.8
	//挖矿速度
    "mineTier":5
    //挖矿等级:0沙、废料；1铜、铅；2煤；3钛；4钍
    "buildSpeed":10
    //建筑速率
    "envDisabled":0,
    //需要的环境
    "immunities":[
        "锬中毒"
	    "重度锬中毒"
	    "burning",
	    "wet",
	    "tarred" 
	    "corroded",
	    "spore-slowed"
	    "muddy",
	    "孢子腐蚀"
        ],
        "abilities":[
        {
            "type": "RegenAbility",
            //再生
            "percentAmount": 0.05
            //每秒回复(此数值x100=实际百分率)(负数为减血)
        }
        ]
}
