{
	"type": "Wall",//建筑类型
	"name": "大型孢子荚墙",//名称
	"description": "[#FECB6DFF]保护我方建筑，挡下敌方炮弹。\n墙壁尺寸为2×2。",//介绍
	"health": 1300,//生命值
	"size": 2,//边长大小
	"requiresWater": true,//只能在液体上放置
	"absorbLasers": true,//可以吸收激光
	"buildCostMultiplier": 5,//建筑构造时间花费倍率
	"requirements": [//建造消耗需求
		{
			"item": "spore-pod",//孢子荚
			"amount": 24//消耗数量
		}
	],
	"category": "defense",//菜单栏分类
	"research": "孢子荚墙"//科技树位置研究前置
}