{
	"type": "Wall",//建筑类型
	"name": "孢子荚墙",//名称
	"description": "[#FECB6DFF]保护我方建筑，挡下敌方炮弹。\n墙壁尺寸为1×1。",//介绍
	"health": 330,//生命值
	"size": 1,//边长大小
	"requiresWater": true,//只能在液体上放置
	"buildCostMultiplier": 3,//建筑构造时间花费倍率
	"requirements": [//建造消耗需求
		{
			"item": "spore-pod",//孢子荚
			"amount": 6//消耗数量
		}
	],
	"category": "defense",//菜单栏分类
	"research": {//科技树位置研究前置
		"parent": "钢化玻璃墙"
		"objectives": [//研究前提条件
			{
				"type": "SectorComplete",
				"preset": "biomassFacility"
			}
		]
	}
}