{
	"type": "Wall",//建筑类型
	"name": "巨型塑钢墙",//名称
	"description": "[#FECB6DFF]保护我方建筑，挡下敌方炮弹。\n墙壁尺寸为3×3。",//介绍
	"health": 6840,//生命值
	"size": 3,//边长大小
	"insulated": true,//绝缘性
	"absorbLasers": true,//可以吸收激光
	"buildCostMultiplier": 4.5,//建筑构造时间花费倍率
	"requirements": [//建造消耗需求
		{
			"item": "metaglass",//钢化玻璃
			"amount": 18//消耗数量
		},
		{
			"item": "plastanium",//塑钢
			"amount": 45//消耗数量
		}
	],
	"category": "defense",//菜单栏分类
	"research": "plastanium-wall-large"//科技树位置研究前置
}