{
	"type": "Wall",//建筑类型
	"name": "巨型钢化玻璃墙",//名称
	"description": "[#FECB6DFF]保护我方建筑，挡下敌方炮弹。\n墙壁尺寸为3×3。",//介绍
	"health": 2770,//生命值
	"size": 3,//边长大小
	"deflect": true,//反弹敌人子弹
	"flashHit": true,//受到伤害时会有闪烁
	"chanceDeflect": 5,//反弹子弹的概率 (游戏内显示为基础反射概率, 代码里1等于游戏中1%)
	"maxDamageDeflect": 20,//最大能反弹的伤害值
	"placeableLiquid": true,//可以建造在液体上
	"buildCostMultiplier": 4.5,//建筑构造时间花费倍率
	"requirements": [//建造消耗需求
		{
			"item": "metaglass",//钢化玻璃
			"amount": 54//消耗数量
		}
	],
	"category": "defense",//菜单栏分类
	"research": "大型钢化玻璃墙"//科技树位置研究前置
}