{
	"type": "Wall",//建筑类型
	"name": "巨型合金墙",//名称
	"description": "[#FECB6DFF]保护我方建筑，挡下敌方炮弹。\n墙壁尺寸为3×3。",//介绍
	"health": 8280,//生命值
	"size": 3,//边长大小
	"lightningChance": 0.1,//激发闪电的概率 (代码里1等于游戏中100%)
	"lightningDamage": 20,//激发闪电的伤害
	"lightningLength": 10,//激发闪电的长度
	"buildCostMultiplier": 4.5,//建筑构造时间花费倍率
	"requirements": [//建造消耗需求
		{
			"item": "surge-alloy",//巨浪合金
			"amount": 54//消耗数量
		}
	],
	"category": "defense",//菜单栏分类
	"research": "surge-wall-large"//科技树位置研究前置
}