{
	"type":"flying",
	"flying":true,
	"hovering":false,
	"accel":0.07,"drag":0.06,
	"faceTarget": true,
	"useEngineElevation":false,
	"lowAltitude":true,
	"engineSize":3.5,
	"engineOffset":10,
	"trailLength": 7,
	"name":"逐月",
	"description":"攻击命中能够回复队友生命值。",
	"hitSize":14,
	"rotateSpeed":3,
	"itemCapacity":50,
	"buildSpeed":1,
	"speed":2.3,
	"health":1800,
	"armor":-4,
	"research":{
		"parent": "afaa移云",
		"objectives": [
            "afaa移云"
        ]
	},
	"weapons":[
		{
			"name":"none",
			"x":0,
			"y":3,
			"inaccuracy": 4,
			"shoot":{
				"shots":2,
				"shotDelay":8
			},
			"shootCone":30,
			"shootSound":"missile",
			"rotate": false,
			"reload":120,
			"controllable":true,
			"autoTarget":true,
			"bullet":{
				"height": 15,
				"width":8,
				"damage":30,
				"shrinkY":0,
				"absorbable":false,
				"homingDelay":15,
				"homingPower":0.08,
				"homingRange": 300, 
				"healPercent":3,
				"speed":4,
				"lifetime":30,
				"splashDamageRadius":35,
				"splashDamage":30, 
				"collidesTeam":true,
				"status":"electrified",
				"statusDuration":240,
				"frontColor":"73FFAEFF",	
				"backColor":"73FFAEFF",
				"trailLength":30,
				"trailWidth":2,
				"trailColor":"73FFAEFF", 
				"shootEffect":{
					"type":"MultiEffect",
					"effects": [
						{
							"type": "WaveEffect",
							"lifetime": 20,
							"sizeFrom": 5,
							"sizeTo": 30,
							"strokeFrom":3,
							"strokeTo":0,
							"colorFrom":"73FFAEFF",
							"colorTo": "ffffff"
						},
						{
							"type": "ParticleEffect",
							"particles": 8,
							"sizeFrom": 6,
							"sizeTo": 0,
							"length": 45,
							"baseLength":0,
							"lifetime": 35,
							"colorFrom": "73FFAEFF",
							"colorTo": "ffffff",
							"cone": 360
						}
					]
				},
				"smokeEffect": "bigShockwave",
				"hitSound":"plasmaboom",
				"despawnEffect":"none",
				"hitEffect":{
					"type":"MultiEffect",
					"effects": [
						{
							"type": "ParticleEffect",
							"particles": 9,
							"sizeFrom": 5,
							"sizeTo": 0,
							"length": 60,
							"baseLength":5,
							"lifetime": 15,
							"colorFrom": "73FFAEFF",
							"colorTo": "ffffff",
							"cone": 360
						},
						{
							"type": "WaveEffect",
							"lifetime": 13,
							"sizeFrom": 2,
							"sizeTo": 65,
							"strokeFrom":6,
							"strokeTo":0,
							"colorFrom":"73FFAEFF",
							"colorTo": "73FFAEFF"
						}
					]
				}
			}
		}
	]
}