{
	"type":"flying",
	"flying":true,
	"hovering":false,
	"accel":0.07,"drag":0.06,
	"faceTarget": true,
	"useEngineElevation":false,
	"lowAltitude":true,
	"abilities":[
		{
			"type": "EnergyFieldAbility",
			"x":0,
			"y":0,
			"damage": 60,
			"reload": 120,
			"range": 120,
			"status": "electrified",
			"statusDuration": 240,
			"targetGround": true,
			"targetAir": true,
			"hitBuildings": false,
			"hitUnits": true,
			"healPercent": 1,
			"maxTargets": 5,
			"useAmmo": false,
			"color": "73FFAEFF"
		}
	],
	"engineSize":8,
	"engineOffset":15,
	"trailLength":10,
	"name":"穹卫",
	"description":"能够为敌人增加负面buff。",
	"hitSize":32,
	"rotateSpeed":2.5,
	"itemCapacity":70,
	"buildSpeed":1,
	"speed":1.8,
	"health":4500,
	"armor":-4,
	"parts":[
		{
			"type":"HoverPart",
			"mirror":false,
			"x":0,
			"y":0,
			"radius":28,
			"phase":90,
			"stroke":2,
			"layerOffset":-0.001,
			"color":"73FFAEFF"
		}
	],
	"research":{
		"parent": "afab逐月",
		"objectives": [
            "afab逐月"
        ]
	},
	"weapons":[
		{
			"name":"none",
			"mirror":false,
			"top":false,
			"x":0,
			"y":0,
			"rotate":false,
			"rotateSpeed":0,
			"reload":600,
			"recoil":0,
			"shootSound":"plasmaboom",
			"shoot": {
				"type": "shootSpread",
				"firstShotDelay":0,
				"shots":4,
				"spread":8
			},
			"bullet":{
				"keepVelocity":false,
				"type": "basicBulletType",
				"sprite": "狐冥-圆",
				"damage":300,
				"width": 16,
				"height": 16,
				"speed": 4,
				"lifetime": 65,
				"homingDelay": 1,
				"homingPower": 0.2,
				"homingRange": 320,
				"weaveScale": 5,
				"weaveMag": 3,
				"splashDamageRadius": 60,
				"splashDamage":150,
				"status":"electrified",
     			"statusDuration":180,
				"hitEffect": "healWave",
				"despawnEffect": "smokeCloud",
				"smokeEffect": "smokeCloud",
				"chargeEffect": {
					"type": "multiEffect",
					"lifetime": 80,
					"effects": [
						{
							"type": "WaveEffect",
							"lifetime": 85,
							"sizeFrom": 75,
							"sizeTo": 0,
							"interp": "pow3In",
							"strokeFrom": 0,
							"strokeTo": 6,
							"colorFrom": "73FFAEFF",
							"colorTo": "50A385FF"
						},
						{
							"type": "ParticleEffect",
							"line": true,
							"particles": 5,
							"lifetime": 80,
							"offset": 50,
							"length": 120,
							"baseLength": -120,
							"cone": 360,
							"interp": "pow3In",
							"sizeInterp": "pow5Out",
							"strokeFrom": 0,
							"strokeTo": 2,
							"lenFrom": 0,
							"lenTo": 7,
							"colorFrom": "73FFAEFF",
							"colorTo": "50A385FF"
						},
						{
							"type": "ParticleEffect",
							"line": true,
							"particles": 5,
							"lifetime": 70,
							"offset": 50,
							"length": 100,
							"baseLength": -100,
							"cone": 360,
							"interp": "pow3In",
							"sizeInterp": "pow5Out",
							"strokeFrom": 0,
							"strokeTo": 2,
							"lenFrom": 0,
							"lenTo": 6,
							"colorFrom": "73FFAEFF",
							"colorTo": "50A385FF"
						},
						{
							"type": "ParticleEffect",
							"line": true,
							"particles": 5,
							"lifetime": 60,
							"offset": 50,
							"length": 80,
							"baseLength": -80,
							"cone": 360,
							"interp": "pow3In",
							"sizeInterp": "pow5Out",
							"strokeFrom": 0,
							"strokeTo": 2,
							"lenFrom": 0,
							"lenTo": 5,
							"colorFrom": "73FFAEFF",
							"colorTo": "50A385FF"
						},
						{
							"type": "ParticleEffect",
							"particles": 1,
							"sizeFrom": 1,
							"sizeTo": 14,
							"interp": "swingOut",
							"length": 0,
							"lifetime": 90,
							"colorFrom": "73FFAEFF",
							"colorTo": "50A385FF",
							"cone": 360
						},
						{
							"type": "ParticleEffect",
							"particles": 1,
							"sizeFrom": 1,
							"sizeTo": 7,
							"interp": "swingOut",
							"length": 0,
							"lifetime": 90,
							"colorFrom": "FFFFFFF",
							"colorTo": "FFFFFFF",
							"cone": 360
						}
					]
				},
				"shootEffect": {
					"type": "ParticleEffect",
					"particles": 1,
					"sizeFrom": 1,
					"sizeTo": 9,
					"length": 0,
					"lifetime": 28,
					"colorFrom": "73FFAEFF",
					"colorTo": "50A385FF",
					"cone": 360
				},
				"frontColor": "73FFAEFF",
				"backColor": "50A385FF",
				"trailChance": 1,
				"trailEffect": {
					"type": "ParticleEffect",
					"particles": 1,
					"length": 0,
					"lifetime": 20,
					"sizeFrom": 16,
					"region": "狐冥-圆",
					"colorFrom": "73FFAEFF",
					"colorTo": "50A385FF"
				}
			}
		}
	]
}