{
	"type": "Reconstructor",
	"name": "弧征级单位重构工厂",
	"description": "将输入单位升到第6级"
	"size":11
	"health":23600
	"liquidCapacity":180,
	"consumes": {
		"power": 89
			"items": [
				"silicon/1850",
				"plastanium/1075",
				"surge-alloy/900"
				"拟钢/1050"
				"铼铱合金/1700",
				"相位能/895"
			],
		//"liquid": "cryofluid/5"
	},
	"upgrades":[
        ["reign","宪纲"],
		["eclipse","残照"], 
		["omura","楼罗"],
		["toxopid","应龙"]
		["corvus","序星"],
		["oct","星罗"],
		["navanax","玄离"],
	],
	"constructTime": 18000
	"requirements": [
		"lead/4000",
		"silicon/3800",
		"plastanium/2200"
		"copper/1800"
		"铼铱合金/1200",
		"相位能/800",
	],
	"category": "units",
	"buildVisibility": "shown",
	"researchCostMultiplier": 0,
	"research":""
}