{
	"type": "UnitAssembler",
	"name": "地煞构造厂",
	"health": 7600
	"size": 6,
	"liquidCapacity": 90,
	"consumes": {
		"power": 30
		"liquid": {
			"liquid": "cryofluid",
			"amount": 0.8
		}
	},
	"areaSize": 8
	"plans": [
		{
			"unit": "地煞",
			"time": 20000
			"requirements": [
			    "这是一个模组-精冥/2"
				"这是一个模组-相位储存块/2",
				"这是一个模组-铼铱合金储存块/3"
			]
		}
	],
	"droneType": "构造机",
	"requirements": [
		"铼铱合金/500",
		"plastanium/800",
		"silicon/800",
		"相位能/500",
	    "thorium/200"
		"titanium/580"
	]
	"category": "units"
}