{
	"type": "UnitAssembler",
	"name": "核爆步兵构造厂",
	"health": 7600
	"size": 3,
	"liquidCapacity": 90,
	"consumes": {
		"power": 5
		"liquid": {
			"liquid": "cryofluid",
			"amount":0.5
		}
	},
	"areaSize": 5
	"plans": [
		{
			"unit": "tppd",
			"time": 1200
			"requirements": [
		    "thorium-reactor/1",
			"这是一个模组-相位储存块/1",
			"duo/2"
			]
		}
	],
	"droneType": "构造机",
	"requirements": [
		"silicon/500",
		"相位能/200"
	    "thorium/150"
		"titanium/600"
	]
	"category": "units"
}