{
    "speed":0.3,
    "hitSize":8,
    "name": "初甲",
    "health": 480,
    "description":"基本地面单位……",
    "itemCapacity":0,
    "armor":1,
            "rotateSpeed":3,
    "type": "mech",
    "research": "特种陆军工厂",
    "weapons": [
        {
         "top": false,
            "name": "初甲武器",
            "reload":5,
            "x":-4,//数据：像素=1:4
            "y":0.75,
            "ejectEffect": "casing1",
            "bullet": {
                "type": "BasicBulletType",
                "damage":16,
                "speed":3,
                "width":7,
                "height":12,
                "lifetime":30,
                "shootEffect": "shootSmall",
                "smokeEffect": "shootSmallSmoke",
                "ammoMultiplier": 1.5
            }
        }
    ]
}