{
    "speed":0.35,
    "hitSize":21,
    "name": "超甲",
    "health":14600,
   "description":"搭载了闪电分解炮与激光的陆军单位，拥有厚装甲……",
    "itemCapacity":0,
    "armor":8,
            "rotateSpeed":1.2,
   "type": "mech",
    "canBoost":false,
    //能否使用推进器飞行
    // "landShake":1,
    // //着陆震动
    // "riseSpeed":2,
    // //双腿收起速度
    // "engineSize":2,
    // //引擎尺寸
    // "engineOffset":4,
    // //引擎偏移
    // "boostMultiplier":1.75,
    // //飞行速度
    "research": "重甲",
    "weapons": [
        {
            "name": "超甲炮",
            "reload":60,
            "x":13.5,
            "y":0,
            "shootY":5
            		"shoot":{
				"shots":2,
				"shotDelay":10
			}
            "top": false,
            "ejectEffect": "casing1",
             "bullet": {
                "type": "BasicBulletType",
                "damage":180,
                      	  "buildingDamageMultiplier":1.8,      
                "speed":6,
                "width":10,
                "height":20,
                "lifetime":50,
                "shootEffect": "shootSmall",
                "smokeEffect": "shootSmallSmoke",
                "ammoMultiplier": 1.2
                                "lightningDamage":35,
                "lightning":4,
                "lightningLength":15,
                                    "fragBullets": 3,
            "fragBullet": {
                "speed": 6.2,
                "damage": 16,
                "lifetime": 15
                          	  "buildingDamageMultiplier":2.3,  
                 "lightningDamage":20,
                "lightning":3,
                "lightningLength":10,                   "fragBullets": 2,
            "fragBullet": {
                "speed": 6.2,
                "damage": 26,
                "lifetime": 10
                "splashDamageRadius":15,
           	  "buildingDamageMultiplier":2,     
	    "splashDamage":20,
            },
            },
            }
        },
        {
			"name":"超甲激光",
			//武器贴图的名字
			"top":true,
			"x":7.51,
			"y":0,
			"shootSound":"missile",
			"reload":70,
		"bullet":{
"type": "ShrapnelBulletType",
"damage":100,
"lifetime":15,
"length":120,
"width":15,
"serrationLenScl":3,
"serrationSpaceOffset":30,
"serrationFadeOffset":0,
"serrations":10,
"serrationWidth":3,
"statusDuration":300,
"status":"sapped",
"fromColor":"#00c7fc",
"toColor":"#0031fc",
"shootEffect":{"type": "ParticleEffect",
    "particles": 4,
    "line":true,
    "length": 15,
    "baseLength": 0,
    "lifetime": 15,
    "colorFrom": "#0031fc",
    "colorTo": "#00c7fc",
    "cone": 20},
    "smokeEffect": "sparkShoot"
    }
		},
    ]
}