{
	"type": "SolidPump",
	"name": "炽热汲取仪",
	"description": "近距离感受炽热"
	"size": 3,
	"health": 700,
	"pumpAmount":1,
	"result":"slag",
	"rotateSpeed": 8,
	"attribute":"water",
	"liquidCapacity":300,
	"consumes": {
		"power":8
	},
	"drillEffect": {
	"type": "MultiEffect"
      "effects": [
        {
          "type": "WaveEffect"
          "lifetime": 15
          "sizeFrom": 0
          "sizeTo": 15
          "strokeFrom":3
          "strokeTo":2
         "colorFrom": "FFCD66FF",
    "colorTo": "FFFFFFFF"
        }
          {
            "type": "ParticleEffect"
            "particles": 25
            "length": 100
            "lifetime": 10
            "sizeFrom": 4
            "sizeTo": 4
            "colorFrom": "FFCD66FF"
           "colorTo": "FFCD66FF"
          }
        ]
        }
	"requirements": [
		{ "item": "石英", "amount": 150 },
		{ "item": "graphite", "amount": 100 },
		{ "item": "metaglass", "amount": 100 },
		{ "item": "titanium", "amount": 100 },
		{ "item": "thorium", "amount": 120 },
		{ "item": "surge-alloy", "amount": 100 },
		{ "item": "蓝钻", "amount": 40 },
	],
	"category": "production",
	"research": "抽矿渣机"
}