{
	"name": "钻石钻头",
	"description": "钻石制成的钻头",
	"type": "Drill",
	"size":4 ,
	"health":750,
	"tier": 15,
	"drillTime":30,
	"liquidBoostIntensity":2.5,
	"rotateSpeed":50,
	"consumes":{
	"power":8 ,
		 "liquid": {
			"liquid": "water", "amount": 0.2,
			"booster":true,
			"optional": true
		}
	},
	"requirements": [
		{"item": "lead", "amount":180 }
		{"item": "thorium", "amount":150 }
        {"item": "titanium", "amount":150 }
		{"item": "蓝钻", "amount":100 }
        {"item": "silicon", "amount":120 }
        {"item": "石英", "amount":100 }
        {"item": "surge-alloy", "amount":100 }
        

	],
	"category": "production",
    "research": "blast-drill"
}