{
	"type": "AttributeCrafter",
	"name": "大型培养机",
	"description": "孢子这是大大滴有",
	"health":450,
	"outputItem": {
		"item": "spore-pod","amount": 5 },
	"drawer":"DrawCultivator",
	"attribute":"spores",
	"itemCapacity": 30,
	"size": 3,
	"hasPower": true,
	"hasliquid": true,
	"hasItems": true,
	"craftTime": 60,
	"consumes": {
		"power": 2,
		"liquid": {
			"liquid": "water", 
			"amount": 0.45
		}
	},
	"requirements": [
		{ "item": "lead", "amount": 100 },
		{ "item": "titanium", "amount": 80 },
		{ "item": "silicon", "amount": 60 },
		{"item": "metaglass", "amount": 50}
	],
			"drawer":{
	    "type":"DrawMulti",
	    "drawers":[
	        "DrawDefault",
	        {
	            "type":"DrawRegion",
	            "suffix":"-top"
	        },
	        "DrawCultivator"
	        ]
	},
	"category": "production",
	"research": "cultivator",
    "idleSound": "machine",
	"idleSoundVolume": 0.2
}