{
    "type": "CellLiquid",
    
    "hidden": true,
    "coolant": false,
    
    "moveThroughBlocks": true,
    "incinerable": true,
    "capPuddles": true,
    
    "colorFrom": "705D56",
    "colorTo": "D33232",
    "color": "AA3929",
    
    "spreadDamage": 0.5,
    "maxSpread": 3,
    "spreadConversion": 60,
    "cells": 12,
    
	"heatCapacity": -1,
    "temperature": 19000,
    "viscosity": 0.5,
    "flammability": 1200,
    "explosiveness": 1000,
    "spreadTarget": "oil",
    
    "name": "<隐藏的数据>",
	"details": "<隐藏的数据>"
}