{
  "type":"NuclearReactor"
   "name": "t2钍反应堆",
   "description": "相比于原版的发电量大，但是必须要供应更多的上冷冻液，否则会发生爆炸，爆炸伤害和爆炸半径已经提到了一个离谱的地步\n[可以理解成t2钍豆]",
   "size": 3,//方块是几乘几
   "health":2000,//血量
   "powerProduction":12,//1=60(发电量)
   	"itemDuration":120,//几秒消耗一次物品 60比一秒
      "consumes": {
		"liquid":{"liquid":"cryofluid","amount":0.25},//1=60
        "items": {
            "items": [
                {"item": "thorium","amount": 2}//一次消耗几个
            ]
        }
    },
   "itemCapacity":30,//物品容量
   "liquidCapacity":40,//液体容量
   "explosionRadius":600,//爆炸半径
   "explosionDamage":6200,//爆炸伤害
   "baseExplosiveness":1000,//基础爆炸性
  "requirements": [
  "lead/400","silicon/450","titanium/400","thorium/400"
   ],
   "research":"thorium-reactor"//科技树位置
   "category": "power"//物品显示类别
   "heating":0.01,//热值？
   "flashThreshold":0.1,//报警温度
   "smokeThreshold":60,//烟雾
   "ambientSound":"hum",//音效
   "ambientSoundVolume":100,
  "hasItems": true,//是否需要物品
    "hasliquids": true
  "canOverdrive":true,//是否可以超速
}
//感谢七彩工业的写过的模板