{
	"type": "mech",
	"legCount":2,
    "legLength":2,
    "legForwardScl":0.6,
    "legMoveSpace":1.4,
    "hovering":true,
    "canDrown": true,
	"name": "兰布达",
	"description": "向目标发射子弹，相比于核心建造机有一定攻城能力，助推器使其能够跨越地形与水",
	    	"mineTier":1,
	"mineSpeed":2,
    "canBoost": true,
    "speed": 1.8,
    "hitSize": 12,
    "buildSpeed":1.2,
    "ammoCapacity": 15,
    "ammoType":"graphite",
    "targetAir":false,  
    "targetGround":true,
    "health": 680,
    "armor": 10,
    "drag": 0.2,
    "rotateSpeed": 2.5,
    "itemCapacity": 50,
	"weapons":[{	"name": "兰布达1",	
		"reload":15,
        "x": 4,  "y": 1.5, 
        "rotate": true,
        "rotateSpeed":24,
        "inaccuracy": 0,
		"shoot":{
			"shots":2,
			"shotDelay":3
		},
		"shootSound": "pew",
		"rotateSpeed": 0,//炮台转头速度
		"alternate": true,
		"ejectEffect":"casing1",
		"bullet":{
"buildingDamageMultiplier":0.5,
"homingRange": 80,
"homingPower": 0.1,
	    "damage":25,	  
	    "speed":3.5,
	    "lifetime":40,
	    "width":7,	 "height":10
	}	}
]
}