{
	"type": "ConsumeGenerator",
	"name": "沙璃涡轮",
	"description": "沙璃涡轮。再也不怕被天垠偷炸了",
	"details":"",
	"size":2,
	"health":3210
	"hasLiquids": true,
	"hasItems": true,
	"itemDuration": 96,
	"powerProduction": 12.5,
	"itemCapacity": 10,
	"liquidCapacity": 20,
	"consumes": {
	"itemFlammable":{},
	"liquid":"water/0.0666666666666",
	},
	"requirements":[
	            "沙璃/350",
	            "silicon/100",
	],
	"category": "power",
	"research": 
    {"parent":"沙璃火力发电机"
    "requirements":[
                  "沙璃/5000",
	              "silicon/5400",
	              "sand/50000",
    ]   
    }
        "drawer": {
        "type": "DrawMulti",
        "drawers": [
            "DrawDefault",
            "DrawWarmupRegion",
            {
                "type": "DrawRegion",
                "suffix": "-turbine",
                "rotateSpeed": 2
            },
            {
                "type": "DrawRegion",
                "suffix": "-turbine",
                "rotateSpeed": -2,
                "rotation": 45
            },
            {
                "type": "DrawRegion",
                "suffix": "-cap"
            },
            {
                "type": "DrawLiquidRegion",
                "drawLiquid": "water"
            }
        ]
    },
}