{
	"type": "flying",
	"research":{
	"parent":"月涌号",
               }
	"flying": true,
	"faceTarget": true,
	"itemCapacity": 300,
	"lowAltitude": false,
	"name":"星空号",
	"rotateSpeed":1.5,
	"description":"三级星舰，由月涌号改造升级而来，火力十足",
	"details": "经费在燃烧",
	"health": 16000,
	"armor":24,
	"hitSize": 48,
	"range":320,
	"engineOffset": 24,
	"engineSize": 4,
    "engines": [
		{"x": 8,"y": -24,
		"radius": 4,"rotation":-90},
		{"x": -8,"y": -24,
		"radius": 4,"rotation":-90}
	],
	"speed": 0.8,
	"accel": 0.04,
	"drag": 0.01,
	"abilities": [
    {
    "type":"ForceFieldAbility",
    "radius": 120,
    "regen": 1.2,
    "max": 1200,
    "cooldown": 60}
    {"type":"EnergyFieldAbility",
    "damage":80,
    "reload":60, 
    "range":120,
 	"healPercent":1,
    "damageEffect":"chainLightning",
    "shootSound":"spark",
    "x": 0,  "y": 0, 
    "maxTargets":18 }, 
     ]
	"weapons": [
	   {	"name": "爆炸",
	"reload": 180, 	
    "x": 0,  "y": 0, 
    "rotate": false,
    "mirror":false,
	"alternate": false,
    "inaccuracy": 0,
	"shootSound": "missile",
	"shake":2,
	"shoot":{
    "type": "ShootHelix",
    "mag": 4
    "scl": 4
    },
	"bullet":{
    "damage":120,
    "splashDamage":60,
    "splashDamageRadius":30, 
    "buildingDamageMultiplier":1,
    "fragBullets": 25,
    "fragBullet": {
    "collides": false,
    "damage":80,
    "splashDamage":120,
    "splashDamageRadius":15,
    "hitEffect":"flakExplosionBig" 
    "pierce": true,
    "pierceBuilding":true,
    "speed":80, "lifetime":2,
    "width":0,	 "height":0,
    }
    "speed":8, "lifetime":32,
    "sprite": "circle-bullet",
    "frontColor":"FEEBB3FF",	
    "backColor":"FFFFFF",
    "trailLength":8,
	"trailWidth":2,
    "trailColor":"FEEBB3FF",
    "hitEffect":"flakExplosionBig"
    "width":16,	 "height":16,
    } }
    {	"name": "星空主炮",	
	"reload": 600,     
    "x": 0,  "y": 0, 
	"shootY":0,
	"rotate": true,
    "mirror":false,
    "rotateSpeed":1.5,
    "inaccuracy": 0,
	"alternate": false,  
	"shake":4,
	"recoil":4,
    "shootSound":"laserblast",
    "chargeSound":"lasercharge",
       "shoot":{
            "type":"ShootPattern",
            "firstShotDelay":80
        },
    "parentizeEffects":true,
	"bullet":{
    "type": "LaserBulletType",	
    "lifetime":80,
    "lightningSpacing":10,
	"lightningLength":8,
	"lightningDelay":0.2,
	"lightningLengthRand":4,
	"lightningAngleRand":8,
	"lightningDamage":100,
    "damage":1200,
    "smokeEffect": "bigShockwave",
    "chargeEffect":"greenLaserCharge",
    "colors":["958F60FF", "C8BA8FFF", "FFFFFF"],
    "width":64,	 "length":320	
	} } 
	 {	"name": "电弧",	
	"reload": 10,     
    "x": 4,  "y": 16, 
	"shootY":0,
	"rotate": true,
    "mirror":true,
    "rotateSpeed":2,
    "inaccuracy": 0,
	"alternate": true,  
	"shake":2,
	"recoil":2,
  	"shootSound" : "spark",
	"shootEffect": "lancerLaserShoot",
	"smokeEffect": "lightningShoot",
	"chargeEffect": "lancerLaserCharge",
	"chargeBeginEffect": "lancerLaserChargeBegin",
    "bullet":{
			"type":"LightningBulletType"
			"hitEffect":"hitLancer"
			"despawnEffect":"none"
			"length":320
			"width":32
			"lifetime":30
			"drawSize":320
			"damage":90,
	} }
		   {
        "reload":360,
        "mirror":true,
        "shootY":0,
        "x":8,
        "y":-18,
        "rotate":false,
        "recoil":0,
        "continuous":true,
        "alternate": false,  
        "cooldownTime":280,
        "chargeSound":"lasercharge2",
        "shootSound":"beam",
        "bullet":{
            "type":"ContinuousLaserBulletType",
            "damage":120,
            "length":300,
            "width":5,
            "incendChance":0.2,
            "incendSpread":4,
            "incendAmount":1
            "hitEffect":"none",
            "statusDuration":60,
            "drawSize":250,
            "lifetime":320,
            "shake":1,
            "despawnEffect":"smokeCloud",
            "smokeEffect":"none",
            "shootEffect":"none",
			"collidesTeam":true
          "colors":["D86E56FF", "FFA05CFF", "FFFFFF"],
    }}
     ]
}