{
	"type": "GenericCrafter",
	"category": "crafting",
	"name": "探测仪",
	"description": "一窥过往已埋葬的尘埃",
	"details":"你可以漠视现在，你可以改变未来，但你不可以忘记过去",

	"research": {
	"parent": "cultivator",
	"requirements": [
	"copper/1500",
	"lead/1500",
	"silicon/1000",
	"graphite/750"
	]
	"objectives":[
    "micro-processor",
	"pulverizer"   
	]	},

	"requirements": [
	"copper/30",
	"lead/30",
	"silicon/20",
    "graphite/15"
	],

	"size":3,
	"hasPower":true,

	"drawer": {"type": "DrawMulti",
	"drawers": [
	"DrawDefault",
	{"type": "DrawRegion",
	"suffix": "-r",
	"spinSprite": true,
	"rotateSpeed": 8
	},
	{"type": "DrawRegion",
	"suffix": "-top"
	}	]	},

	"consumes": {"power": 0.7},
}