{
    "type": "GenericCrafter",
    "name": "Composite Coalescer",
    "description": "Coalesces different kinds of matter into composite matter.",
    "category": "crafting",
    "size": 4,
    "outputItem": {
        "item": "item-20-composite-matter",
        "amount": 2
    },
    "drawer": {
        "type": "DrawMulti",
        "drawers": [
            {
                "type": "DrawDefault"
            },
            {
                "type": "DrawFlame",
                "flameRadius":  6, 
                "flameRadiusIn": 3.8,
                "flameRadiusScl": 10,
                "flameRadiusMag": 4,
                "flameRadiusInMag": 2
            }
        ]
    },
    "hasPower": true,
    "hasItems": true,
    "itemCapacity": 20,
    "craftTime": 80,
    "updateEffect": "smeltsmoke",
    "idleSound": "respawning",
    "idleSoundVolume": 0.5,
    "consumes": {
        "power": 7.0,
        "items": {
            "items": [
                {
                    "item": "metaglass",
                    "amount": 3
                },
                {
                    "item": "graphite",
                    "amount": 3
                },
                {
                    "item": "thorium",
                    "amount": 2
                },
                {
                    "item": "plastanium",
                    "amount": 2
                },
                {
                    "item": "phase-fabric",
                    "amount": 1
                },
                {
                    "item": "surge-alloy",
                    "amount": 1
                }
            ]
        }
    },
    "requirements": [
        {
            "item": "copper",
            "amount": 200
        },
        {
            "item": "lead",
            "amount": 175
        },
        {
            "item": "thorium",
            "amount": 135
        },
        {
            "item": "plastanium",
            "amount": 110
        },
        {
            "item": "phase-fabric",
            "amount": 75
        },
        {
            "item": "surge-alloy",
            "amount": 75
        }
    ],
    "research": "alloy-smelter"
}