{
	"type": "Router",
	"name": "强化路由器",
	"speedBoost": 2,
	"description": "更快的路由器",//"介绍": "？",
	"speed": 2.0//速度
	"health":90//"血量": "？",
	"itemCapacity":1
	"idleSound":"none"//"种类": "？",
	"requirements": [
		{"item": "基础强化板", "amount":2},//{"种类": "？", "数量": ？},(metaglass=玻璃)
	],//"建造所需物品": "？",
	"category": "distribution",//"类别": "？",(distribution=分配)
	"research": "router"//"研究前置": "？",
	"placeableLiquid":true
}