{
    "type": "ItemTurret",
    "name": "新星",
    "description": "通过改进炮塔结构，我们成功实现了双对炮塔",
    "details": "贴图不会画",
    "health": 800,
    "size": 3,
    "reload": 50,
    "inaccuracy": 0,
    "ammoPerShot": 1,
    "rotateSpeed": 4,
    "maxAmmo": 60,
    "targetAir": true,
    "targetGround": true,
    "canOverdrive": true,
    "range": 490,
    "shake": 0.6,
    "shootSound": "shotgun",
    "recoil": 0.5,
    "recoilTime": 45,
    "minWarmup": 0,
    "consumes": {
        "coolant": {
            "liquid": "cryofluid",
            "amount": 0.2,
            "optional": "false"
        }
    },
	"shoot":{
        "type": "shootBarrel",
	"shots":3,
    "shotDelay":0,
        "barrels": [
			7,0,0,
			0,0,0,
			-7,0,0
			]
    }
    "ammoTypes": {
            "赤铜":{
        "speed":2,
        "lifetime":240,
        "damage":23,
        "reloadMultiplier": 2,
        "fragBullets": 4,
        "backColor": "#32CD32",
        "frontColor": "#32CD32",
        "width": 3,
        "height": 10
        "parts": [
				{
					"type": "ShapePart",
					"color": "#FFFF00",
					"mirror": false,
					"sides": 4,
					"rotateSpeed": 0,
					"hollow": true,
					"layer": 1,
					"stroke": 1,
					"strokeTo": 0,
					"radius": 6,
					"radiusTo": 0,
                    "haloRotation": 45
				}
		]
    }
         "赤铁":{
        "speed":8,
        "lifetime":60,
        "damage":16,
        "reloadMultiplier": 4,
        "fragBullets": 2,
        "backColor": "#B22222",
        "frontColor": "#B22222",
        "width": 3,
        "height": 10
        "parts": [
				{
					"type": "ShapePart",
					"color": "#FFFF00",
					"mirror": false,
					"sides": 4,
					"rotateSpeed": 0,
					"hollow": true,
					"layer": 1,
					"stroke": 1,
					"strokeTo": 0,
					"radius": 6,
					"radiusTo": 0,
                    "haloRotation": 45
				}
		]
        }

    }
    "requirements": [
        "赤铜/80",
        "赤铁/60",
    ],
    "category": "turret",
    "research": "铁穹"
}