{
	"type": "PowerTurret",
	"name": "破甲",
	"health": 640,
	"armor": 2.5,
	"size": 2,
    "accurateDelay": false,
	"shake": 15,
	"inaccuracy": 0,
	"recoil": 5,
	"cooldownTime": 30,
	"liquidCapacity": 60,
	"canOverdrive": true,
	"recoilTime": 12,
	"shootSound": "release",
	"warmupMaintainTime": 15,
	"shoot": {
		"type": "ShootPattern",
		"firstShotDelay": 50
	},
	"coolantMultiplier": 1,
	"heatColor": "#E0F0E9",
	"shootSound": "sounds-JG1.ogg",
	"shootType": {
        "parts": [
				{
					"type": "ShapePart",
					"color": "#BA55D3",
					"mirror": true,
					"sides": 4,
					"rotateSpeed": 3,
					"hollow": true,
					"layer": 100,
					"stroke": 0,
					"strokeTo": 3,
					"radius": 150,
					"radiusTo": 7
				}
		],
		"backColor": "#E0F0E9",
        "frontColor": "#EDF2A8",
        "hitSound": "laser",
		 "pierce": true,
		  "makeFire": true,
		   "incendAmount": 60,
    "incendSpread": 32,
    "incendChance": 1,
        "damage":1632,
		"trailLength": 24,
		"trailWidth": 3,
		"trailColor": "E0FFFF",
		"speed": 3,
		"lifetime": 240,
		"width": 16,
		"height": 18,
		"fragBullts":10,
        "fragRandomSpread":30,
        "fragSpread":45,
        "fragVelocityMin":0.5,
        "fragVelocityMax":3,
        "fragBullet":{
        "Type":"BasicBulletType",
        "backColor": "#B22222",
        "frontColor": "#B22222",
        "width": 16,
	    "height": 18,
		"damage":856,
		"lifetime": 75,
		"trailLength": 24,
		"trailWidth": 3,
		"trailColor": "#B22222",
        "parts": [
				{
					"type": "ShapePart",
					"color": "#CD5C5C",
					"mirror": true,
					"sides": 3,
					"rotateSpeed": 3,
					"hollow": true,
					"layer": 1,
					"stroke": 0,
					"strokeTo": 1,
					"radius": 20,
					"radiusTo": 7
				}
		]
        },
		"hitEffect": {
		"type": "MultiEffect",
		"effects": [
				{
				    "type": "ParticleEffect",
				    "particles": 33,
				    "sizeFrom": 1.5,
				    "sizeTo": 0,
			    	"length": 160,
				    "baseLength": 8,
				    "lifetime": 100,
				    "interp": "fastSlow",
				     "sizeInterp": "pow3In",
				     "colorFrom": "#B22222",
				     "colorTo": "#B22222"
		    	},
		    	{
				    "type": "ParticleEffect",
				    "particles": 10,
				    "sizeFrom": 13,
				    "sizeTo": 0,
			    	"length": 160,
				    "baseLength": 8,
				    "lifetime": 120,
				    "interp": "fastSlow",
				     "sizeInterp": "pow3In",
				     "colorFrom": "#B22222",
				     "colorTo": "#FF7F50"
				}
	        ]
		}
    },
    "drawer": {
	    "type": "DrawTurret",
        "parts": [
			{    
				"type": "ShapePart",
				"color": "#B22222",
				"colorTo":"C0F0D0",
				"mirror": true,
				"sides": 4,
				"rotateSpeed": 3,
				"circle": true,
				"hollow": true,
				"layer": 100,
				"stroke": 0,
				"strokeTo": 1,
				"radius": 20
            }
		]
	},
	"consumes": {
		"power": 34,
		"coolant":{
            "amount":0.5,
            "optional": false
            }
	},
	"reload": 160,
	"homingPower":1,
	"rotateSpeed": 1,
	"fogRadiusMultiplier": 0.167,
	"range": 736,
	"category": "turret",
	"research": "新星",
	"requirements": [
		"赤铁/1800",
		"金红石/600"
	]
}