{
    "type": "ItemTurret",
    "name": "铁穹",
    "description": "最基础的防空炮塔",
    "details": "贴图不会画",
    "health": 600,
    "size": 2,
    "reload": 50,
    "inaccuracy": 0,
    "ammoPerShot": 1,
    "rotateSpeed": 4,
    "maxAmmo": 20,
    "targetAir": true,
    "targetGround": true,
    "canOverdrive": true,
    "range": 490,
    "shake": 0.6,
    "shootSound": "shotgun",
    "recoil": 0.5,
    "recoilTime": 45,
    "minWarmup": 0,
    "consumes": {
        "coolant": {
            "liquid": "cryofluid",
            "amount": 0.2,
            "optional": "false"
        }
    },
	"shoot":{
        "type": "shootBarrel",
	"shots":3,
    "shotDelay":1,
    "barrels": [-0.5,0,0],
    "barrels": [0,0,0],
    "barrels": [0.5,0,0]
    }
    "ammoTypes": {
            "赤铁":{
        "speed":4,
        "lifetime":120,
        "damage":10,
        "reloadMultiplier": 5,
        "fragBullets": 3,
        }
         "赤铜":{
        "speed":4,
        "lifetime":120,
        "damage":8,
        "reloadMultiplier": 1,
        "fragBullets": 3,
        }

    }
    "requirements": [
        "赤铜/6",
        "赤铁/2",
    ],
    "category": "turret",
    "research": "散华"
}