{
	"type": "ConsumeGenerator",
	"name": "石墨发电机",
	"description": "总之可以发电就对了",
	"size": 2,
	"health": 800,
	"hasLiquids": false,
	"hasItems": true,
	"itemDuration": 60,
	"powerProduction": 6.666666666,
	"itemCapacity": 10,
	"generateEffect": "generatespark",
"consumes": {
		"items": {
			"items": [
				{ "item": "graphite","amount": 1 /*数量*/}
			],
		}
	},
	"requirements": [
		{
			"item": "copper",
			"amount": 50
		},
		{
			"item": "lead",
			"amount": 35
		},
		{
			"item": "graphite",
			"amount": 35
		},
	],
	"ambientSound": "smelter",
	"ambientSoundVolume": 0.06,
	"category": "power",
	"research": "combustion-generator"
}