{
	"name": "电弧反应堆",
	"description": "运行时会放出伤害很高的电弧\n装甲较厚",
	"size": 5,
	"health": 3200,
	"armor": 15,
	"liquidCapacity": 500,
	"itemCapacity": 20,
	"warmupSpeed": 0.00125,
	"hasItems": true,
	"hasLiquids": true,
	"outputsPower": true,
	"powerProduction": 720,
	"itemDuration": 60,
	"lightColor": "FFFFFF",
	"consumes": {
		"power": 120,
		"liquid": {
			"liquid": "cryofluid",
			"amount": 1
		},
		"items": {
			"items": [
				{
					"item": "surge-alloy",
					"amount": 2
				},
			]
		}
	},
	"requirements": [
		{ "item": "lead", "amount":1200 },
		{ "item": "磁能钛", "amount":480 },
		{ "item": "surge-alloy", "amount":720 },
		{ "item": "plastanium", "amount":240 },
		{ "item": "高碳钢", "amount":800 },
	],
	"category": "power",
	"research": "impact-reactor"
	"explosionRadius":25, //单位大抵是格
	"explosionDamage":50000,
	"explodeEffect":"none"
	"drawer": {
		"type": "DrawMulti",
		"drawers": [
		{"type":"DrawRegion", "suffix":"-bottom"},
		{"type": "DrawLiquidTile", "drawLiquid": "cryofluid"},
		"DrawDefault",
		]
	},
}