{
   "immunities": [
      "生物毒性-1",
      "生物毒性-2",
      "生物毒性-3"
   ],
   "name": "拦截",
   "accel": 0.1,
   "drag": 0.09,
   "speed": 2.44,
   "hitSize": 9,
   "armor": 3,
   "flying": true,
   "rotateSpeed": 3.4,
   "trailLength": 4.23,
   "targetAir": true,
   "trailColor": "97FFA8",
   "mineSpeed": 1,
   "mineTier": 3,
   "buildSpeed": 1.1,
   "itemCapacity": 40,
   "circleTarget": true,
   "engineColor": "97FFA8",
   "health": 990,
   "singleTarget": true,
   "weapons": [
      {
         "name": "自为用的",
         "reload": 10,
         "top": false,
         "x": 2.9,
         "y": -0.5,
         "mirror": true,
         "rotate": true,
         "inaccuracy": 2,
         "shootSound": "missile",
         "alternate": true,
         "shoot": {
            "shots": 4,
            "shotDelay": 2
         },
         "bullet": {
            "healPercent": 5,
            "frontColor": "FFFFFF",
            "backColor": "97FFA8",
            "trailColor": "97FFA8",
            "damage": 7,
            "hitEffect": "none",
            "hitSound": "none",
            "despawnEffect": "none",
            "collidesTeam": true,
            "trailLength": 3,
            "trailWidth": 1.3,
            "speed": 8,
            "lifetime": 26,
            "width": 2,
            "height": 8
         }
      }
   ],
   "abilities": [
      {
         "type": "RegenAbility",
         "percentAmount": 0.01
      }
   ]
}