{
	"type": "ItemTurret",
	"name": "利刃",
	"health": 1730,
	"size": 3,
	"reload": 40,
	"range": 280,
	"fogRadiusMultiplier": 0.5,
	"shake": 2,
	"recoil": 2,
	"shootSound": "missileSmall",
	"inaccuracy": 0,
	"rotateSpeed": 5,
	"shootY": 8,
	"shootWarmupSpeed": 0.04,
	"warmupMaintainTime": 45,
	"minWarmup": 0.8,
	"unitSort": "weakest",
	"drawer": {
		"type": "DrawTurret",
		"parts": [
			{
				"type": "RegionPart",
				"mirror": true,
				"suffix": "-侧",
				"moveX": 1.5,
				"moveY": 0,
				"moveRot": 0
			}
		]
	},
	"smokeEffect": {
		"type": "ParticleEffect",
		"particles": 8,
		"sizeFrom": 3,
		"sizeTo": 0,
		"length": -35,
		"baseLength": -15,
		"lifetime": 65,
		"colorFrom": "FFFFFF",
		"colorTo": "E3E3E378",
		"layer": 49,
		"interp": "pow5Out",
		"sizeInterp": "pow10In",
		"cone": 10
	},
	"shoot": {
		"type": "ShootAlternate",
		"barrels": 2,
		"spread": 11,
		"shots": 3,
		"shotDelay": 8
	},
	"consumeAmmoOnce": false,
	"maxAmmo": 24,
	"ammoPerShot": 3,
	"ammoTypes": {
		"钒": {
			"type": "MissileBulletType",
			"shrinkY": 0,
			"inaccuracy": 4,
			"trailChance": 0.8,
			"homingRange": 80,
			"damage": 30,
			"status": "melting",
			"statusDuration": 140,
			"speed": 10,
			"lifetime": 28,
			"hitShake": 2,
			"sprite": "旅途-落雁",
		    "backColor": "DEDEDEFF",
			"frontColor": "E3E3E3",
			"trailColor": "FFB90F",
			"status": "burning",
			"statusDuration": 600,
			"knockback": 2,
			"width": 16,
			"height": 40,
			"ammoMultiplier": 1,
			"shootEffect": {
				"type": "MultiEffect",
				"effects": [
					"shootBig2",
					"shootPyraFlame",
					"shootPyraFlame"
				]},
			"despawnEffect": "flakExplosion",
			"hitEffect": {
				"type": "MultiEffect",
				"effects": [
					{
						"type": "ParticleEffect",
						"particles": 8,
						"sizeFrom": 8,
						"sizeTo": 0,
						"length": 15,
						"baseLength": 15,
						"lifetime": 35,
						"colorFrom": "737373",
						"colorTo": "737373"
					},
					{
						"type": "ParticleEffect",
						"particles": 12,
						"line": true,
						"length": 30,
						"baseLength": 8,
						"lifetime": 22,
						"colorFrom": "FFFFFF",
						"colorTo": "FFE176"
					},
					{
						"type": "WaveEffect",
						"lifetime": 10,
						"sizeFrom": 1,
						"sizeTo": 36,
						"strokeFrom": 8,
						"strokeTo": 0,
						"colorFrom": "FFE176",
						"colorTo": "FFB90F"
					}
				]
			}
		},
		"锰": {
			"type": "BasicBulletType",
			"recoil": 2,
			"homingPower": 0.01,
			"homingRange": 80,
			"homingDelay": 33,
			"shrinkY": 0,
			"damage": 40,
			"status": "melting",
			"statusDuration": 200,
			"speed": 10,
			"drag": -0.03,
			"hitShake": 5,
			"sprite": "旅途-落雁",
			"backColor": "DEDEDEFF",
			"frontColor": "E3E3E3",
			"trailColor": "E3E3E380",
			"trailLength": 15,
			"trailWidth": 3,
			"lifetime": 28,
			"knockback": 11,
			"width": 14,
			"height": 40,
			"hitSound": "explosion",
			"hitSoundVolume": 5,
			"ammoMultiplier": 3,
			"despawnEffect": "none",
			"shootEffect": {
				"type": "MultiEffect",
				"effects": [
					"shootBig2",
					"shootPyraFlame",
					"shootPyraFlame"
				]},
			"hitEffect": {
				"type": "MultiEffect",
				"effects": [
					{
						"type": "ParticleEffect",
						"particles": 12,
						"sizeFrom": 10,
						"sizeTo": 0,
						"length": 35,
						"baseLength": 33,
						"lifetime": 35,
						"colorFrom": "737373",
						"colorTo": "73737388"
					},
					{
						"type": "ParticleEffect",
						"particles": 12,
						"line": true,
						"interp": "pow10Out",
						"strokeFrom": 2,
						"strokeTo": 1.5,
						"lenFrom": 16,
						"lenTo": 0,
						"length": 43,
						"baseLength": 23,
						"lifetime": 11,
						"colorFrom": "FFFFFF",
						"colorTo": "FFE176"
					},
					{
						"type": "WaveEffect",
						"lifetime": 10,
						"sizeFrom": 1,
						"sizeTo": 78,
						"strokeFrom": 8,
						"strokeTo": 0,
						"colorFrom": "FFE176",
						"colorTo": "FFE176"
					}
				]
			}
		},
	},
	"requirements": [
		"graphite/130",
		"钒/180",
		"silicon/145",
	],
	"category": "turret",
	"research": "磁电"
	"researchCostMultiplier": 0.2,
}