{
	"type": "ItemTurret",
	"name": "山裂",
	"health": 4000,
	"size": 5,
	"reload": 150,
	"shootSound": "mediumCannon",
	"shake": 2.4,
	"consumes": {
		"coolant": {
			"amount": 0.2,
			"optional": true
		}
	},
	"drawer": {
		"type": "DrawTurret",
		"parts": [
	{
        "type":"RegionPart",
        "suffix":"-管",
        "x":0,"y":0,
        "top":true,
        "recoilIndex":0,
        "moves":[
       {
        "progress":"recoil",
        "x":0,"y":-5,
       }
                 ],
        "heatProgress":"recoil"
    },
          {
                "type": "RegionPart",
                "suffix": "-侧",
                "heatProgress": "warmup",
                "mirror": true,
                "moveX": 3,
                "moveY": 0,
                "moveRot": -30
                "under":true
            },
		]
	},
	"targetGround": true,
	"targetAir": false,
	"range": 500,
	"recoilTime": 20,
	"recoil": 0.5,
	"ammoUseEffect": "casing3",
	"inaccuracy": 3,
	"rotateSpeed": 6,
	"ammoPerShot": 6,
	  "consumes": {
    "liquid": {
      "liquid": "hydrogen",
      "amount": 0.2
    }
  },
	"ammoTypes": {
		"graphite": {
			"type": "ArtilleryBulletType",
           "absorbable": false,
           "hittable": false,
			"pierceArmor": true,
			"speed": 5,
			"lifetime": 100,
			"width": 20,
			"height": 20,
			"knockback": 1,
			     	"frontColor":"626F9B",
	        "backColor":"626F9BFF",
	        "hitColor":"626F9BFF",
	        "trailColor":"95ABD9FF",
            "trailWidth":5,
            "trailLength":37,
     "hitEffect": {
                "type": "MultiEffect",
                "effects": [
                    "titanExplosion",
                    "titanSmoke"
                ]
            },
            "shootEffect": "shootTitan",
     "hitSound":"largeExplosion"
			"smokeEffect": "shootSmokeTitan",
			"splashDamageRadius": 80,
			"damage": 10
			"splashDamage": 900,
			"buildingDamageMultiplier": 0.05
			"despawnEffect": "explosion"
		},
		"silicon": {
			"type": "ArtilleryBulletType",
           "absorbable": false,
           "hittable": false,
          	"frontColor":"767A84",
	        "backColor":"767A84FF",
	        "hitColor":"767A84FF",
	        "trailColor":"8E9097FF",
            "trailWidth":5,
            "trailLength":37,
     "hitEffect": {
                "type": "MultiEffect",
                "effects": [
                    "titanExplosion",
                    "titanSmoke"
                ]
            },
     "hitSound":"largeExplosion"
			"pierceArmor": true,
			"speed": 5,
			"reloadMultiplier": 1.5,
			"lifetime": 100,
			"width": 20,
			"height": 20,
			"knockback": 1,
			"shootEffect": "shootTitan",
			"smokeEffect": "shootSmokeTitan",
			"homingRange": 40,
			"homingPower": 0.1,
			"splashDamageRadius": 80,
			"damage":8
			"splashDamage": 840,
			"buildingDamageMultiplier": 0.05
			"despawnEffect": "explosion"
		},
		"铬": {
			"type": "ArtilleryBulletType",
           "absorbable": false,
           "hittable": false,
			"pierceArmor": true,
			"speed": 5,
			"lifetime": 100,
			"width": 20,
			"height": 20,
			"knockback": 1,
         	"frontColor":"71748C",
	        "backColor":"71748C",
	        "hitColor":"71748C",
	        "trailColor":"71748C",
            "trailWidth":5,
            "trailLength":37,
       "hitEffect": {
                "type": "MultiEffect",
                "effects": [
                    "titanExplosion",
                    "titanSmoke"
                ]
            },        
     "hitSound":"largeExplosion"
			"shootEffect": "shootTitan",
			"smokeEffect": "shootSmokeTitan",
			"splashDamageRadius": 80,
			"damage":15,
			"splashDamage": 1000,
			"buildingDamageMultiplier": 0.05
			"makeFire": true,
			"despawnEffect": "explosion"
		},
	},
	"requirements": [
{ "item": "silicon", "amount": 400}
{ "item": "graphite", "amount": 300}
{ "item": "surge-alloy", "amount": 100}
{ "item": "锰", "amount": 200}
{ "item": "oxide", "amount":240}
	],
	"category": "turret",
	"research": "岩崩"
	"researchCostMultiplier": 0.2,
}