{
	"type": "ItemTurret",
	"name": "岩崩",
	"health": 1710,
	"size": 3,
	"reload": 120,
	"shootSound": "artillery",
	"shake": 1.7,
	"consumes": {
		"coolant": {
			"amount": 0.2,
			"optional": true
		}
	},
	"shoot": {
		"shots": 3,
		"shotDelay":15
		"barrels":[
		-4,4,0
		0,4,0
		4,4,0
		]
	},
	"drawer": {
		"type": "DrawTurret",
		"parts": [
	{
        "type":"RegionPart",
        "suffix":"-管",
        "x":0,"y":0,
        "under":true,
        "recoilIndex":0,
        "moves":[
       {
        "progress":"recoil",
        "x":0,"y":-2.35,
       }
                 ],
        "heatProgress":"recoil"
    },
		]
	},
	"targetGround": true,
	"targetAir": false,
	"range": 320,
	"recoilTime": 20,
	"recoil": 0.5,
	"ammoUseEffect": "casing3",
	"inaccuracy": 3,
	"rotateSpeed": 6,
	"ammoPerShot": 2,
	"ammoTypes": {
		"graphite": {
			"type": "ArtilleryBulletType",
			"pierceArmor": true,
			"speed": 4,
			"lifetime": 80,
			"width": 12,
			"height": 12,
			"knockback": 1,
			"shootEffect": "shootBig",
			"smokeEffect": "shootBigSmoke",
			"splashDamageRadius": 32,
			"damage": 10
			"splashDamage": 40,
			"hitEffect": "explosion",
			"despawnEffect": "explosion"
		},
		"silicon": {
			"type": "ArtilleryBulletType",
			"pierceArmor": true,
			"speed": 4,
			"reloadMultiplier": 1.5,
			"lifetime": 80,
			"width": 12,
			"height": 12,
			"knockback": 1,
			"shootEffect": "shootBig",
			"smokeEffect": "shootBigSmoke",
			"homingRange": 40,
			"homingPower": 0.1,
			"splashDamageRadius": 32,
			"damage":8
			"splashDamage": 38,
			"hitEffect": "explosion",
			"despawnEffect": "explosion"
		},
		"铬": {
			"type": "ArtilleryBulletType",
			"pierceArmor": true,
			"speed": 4,
			"lifetime": 80,
			"width": 12,
			"height": 12,
			"knockback": 1,
			"backColor": "71748C",
			"frontColor": "71748C",
			"shootEffect": "shootBig",
			"smokeEffect": "shootBigSmoke",
			"splashDamageRadius": 40,
			"damage":15,
			"splashDamage": 45,
			"makeFire": true,
			"hitEffect": "explosion",
			"despawnEffect": "explosion"
		},
	},
	"requirements": [
		"silicon/165",
		"graphite/190",
		"钒/140",

	],
	"category": "turret",
	"research": "磁电"
	"researchCostMultiplier": 0.2,
}