{
	"type": "PowerTurret",
	"name": "磁暴",
	"targetAir": true,
	"targetGround": true,
	"health": 14950,
	"size": 7,
	"canOverdrive": false,
	"shootSound": "railgun",
	"inaccuracy": 0,
	"recoil": 6,
	"xRand": 2,
	"shootY":-1,
	"recoilTime": 20,
	"heatColor": "FF4040",
	"shootEffect": {
		"type": "ParticleEffect",
		"particles": 7,
		"sizeFrom": 6,
		"sizeTo": 0,
		"length": 80,
		"baseLength": 0,
		"lifetime": 30,
		"colorFrom": "FFB90F",
		"colorTo": "FFFFFF",
		"cone": 50
	},
		"smokeEffect": {
				"type": "ParticleEffect",
				"particles": 17,
				"sizeFrom": 11,
				"sizeTo": 0,
				"interp": "pow10Out",
				"sizeInterp": "pow5In",
				"length": 128,
				"baseLength": 10,
				"lifetime": 120,
				"colorFrom": "FFB90F",
				"colorTo": "FFFFFF",
				"cone": 14
			},
	"shootType": {
		"height": 0,
		"width": 0,
		"damage": 1,
		"speed": 7.5,
		"lifetime": 49,
		"splashDamageRadius": 1,
		"splashDamage": 1,
		"pierce": true,
		"pierceBuilding": true,
		"ammoMultiplier": 1,
		"buildingDamageMultiplier":0,
		"frontColor": "FFFFFF",
		"backColor": "FEEBB3",
		"trailLength": 0,
		"trailWidth": 0,
		"trailColor": "FEEBB3",
		"hitSound": "plasmaboom",
		"despawnEffect": "none",
		"intervalBullets":8
	     //每次分裂子弹数
	    "intervalAngle":0
        "intervalSpread":300
        "intervalRandomSpread":0
	    "bulletInterval":1
	    //分裂间隔
		"intervalRandomSpread":10
		"intervalBullet":{
		"type": "LightningBulletType",
        "damage": 100,
        "lightningLength": 18,
        "lightningLengthRand": 10,
        "collidesAir": true
        "pierceArmor": true,
		    	}
	},
	"consumes": {
		"power": 20,
		"coolant": {
			"amount": 1,
			"optional": false
		}
	},
	"reload": 1000,
	"rotateSpeed": 6.5,
	"range": 360,
	"requirements": [
		"surge-alloy/300",
		"茨亚合金/250",
		"silicon/1000",
		"oxide/700",
		"graphite/800"
		"铬/500"
		"metaglass/600",
	]
	"category": "turret",
	"research": "高斯"
	"researchCostMultiplier": 0.2,
}