{
    "type": "PowerTurret",
    "name": "磁电",
    "health": 1800,
    "reload": 90,
    "shootCone": 30,
    "rotateSpeed": 2,
    "shake":3,
    "recoilTime": 60,
	"recoil": 5,
    "consumes": {
        "power":5
    },
    "hasLiquids": false,
    "targetAir": true,
    "targetGround": true,
    "range": 120,
    "shootEffect": {
        "type": "ParticleEffect",
        "particles": 4,
        "length": 45,
        "baseLength": 0,
        "lifetime": 13,
        "line": true,
        "lenFrom": 8,
        "lenTo": 18,
        "strokeFrom": 2,
        "strokeTo": 0,
        "colorFrom": "FFFFFF",
        "colorTo": "FFFFFF"
    },
    "recoil": 0,
    "size": 3,
    "shoot": {
        "type": "ShootSpread",
        "shots": 8
    },
    "inaccuracy":0,
    "shootSound": "spark",
    "shootY": 2,
    "shootType": {
        "type": "LightningBulletType",
        "damage": 40,
        "lightningLength": 20,
        "lightningLengthRand": 8,
        "ammoMultiplier": 1,
        "collidesAir": true
    },
    "requirements": [
        "graphite/150",
        "silicon/120",
        "钒/120"
    ],
    "category": "turret",
         "research": {
	"parent":"旅途"
	"requirements":[
	{ "item": "graphite", "amount":500}
    { "item": "silicon", "amount":350},
    { "item": "钒", "amount": 400},
	]
	}
}