{
	"type": "ItemTurret",
	"name": "青鸾",
	"health": 1720,
	"size": 3,
	"reload":10,
	"range": 260,
    "ammoPerShot": 1,
    "ammoPerShot":4,//单发消耗
    "maxAmmo": 64,//最大弹药数
    "coolantMultiplier":0.5,//液体加速百分比
    "targetGround": false,
	"targetAir": true,
		"drawer": {
		"type": "DrawTurret",
		"parts": [
		{
         "type":"RegionPart",
         "suffix":"-侧",
         "x":0,"y":0,
         "under":true,
         "mirror":true,
         "moves":[
        {
         "progress":"recoil",
         "x":0,"y":-2,
        }
        ],
         "heatProgress":"recoil"
},
		]
	},
    "consumes": {
	"coolant":{"amount":0.15,"optional":true}  }
	"shoot":{
        "shots": 8,
        "type": "ShootBarrel",
		"barrels": [
			9,2,0,
			8.5,2,0,
			8,2,0,
			-9,2,0,
			-8.5,2,0,
			-8,2,0,
			7,1.5,0
			6.5,1.5,0
			6,1.5,0
			-7,1.5,0
			-6.5,1.5,0
			-6,1.5,0
			5,2,0
			4.5,2,0
			4,2,0
			-5,2,0
			-4.5,2,0
			-4,2,0
		]
        "shotDelay": 30,
    },
	"ammoUseEffect": "casing2Double",
	"inaccuracy": 5,
	"shake":1,
	"ammoTypes": {
	"钒":{
	    "damage":9,
	    "speed":10,
	    "lifetime":26,
	    "knockback": 0.5,
	    "width":2.3,	 "height":8
	    "pierceCap":1,
	    "pierceArmor":true,
	    "ammoMultiplier": 8,
	    "trailColor": "71748C",
	    "hisColor": "71748C",
	    "trailLength": 2,
		"trailWidth": 2.3,
	    }
	    "graphite":{
	    "damage":14,	  
	    "speed":8,
	    "knockback": 1,
	    "lifetime":32.5,
	    "width":2.3,	 "height":8
	    "pierceCap":2,
	    "ammoMultiplier": 5,
	    "pierceArmor":true,
	    "trailColor": "95ABD9",
	    "hisColor": "95ABD9",
	    "trailLength": 2,
		"trailWidth": 2.3,
	    }
	    "silicon":{
	    "damage":11,
	    "speed":10,
	    "lifetime":26,
	    "knockback": 2,
	    "width":2.3,	 "height":8
	    "reloadMultiplier": 0.5,
	    "pierceCap":1,
	    "ammoMultiplier": 8,
	    "homingDelay": 7.7,
		"homingPower": 0.04,
		"homingRange": 80,
		"pierceArmor":true,
		"trailColor": "767A84",
		"hisColor": "767A84",
		"trailLength": 2,
		"trailWidth": 2.3,
	}
	}, 
	"requirements": [
{ "item": "silicon", "amount": 190}
{ "item": "graphite", "amount": 140}
{ "item": "钒", "amount": 120}
	],
	"category": "turret",
	"research": {
	"parent":"磁电",
	"researchCostMultiplier": 0.2,
		}
		 "canOverdrive": true,
}
