{
	"type": "PowerTurret",
	"name": "高斯",
	"targetAir": true,
	"targetGround": true,
	"health": 3950,
	"size": 5,
	"canOverdrive": true,
	"shootSound": "malignShoot",
	"inaccuracy": 3,
	"recoil": 3,
	"xRand": 2,
	"recoilTime": 20,
	"heatColor": "FF4040",
	"shootEffect": {
		"type": "ParticleEffect",
		"particles": 7,
		"sizeFrom": 3,
		"sizeTo": 0,
		"length": 40,
		"baseLength": 0,
		"lifetime": 30,
		"colorFrom": "FFB90F",
		"colorTo": "FFFFFF",
		"cone": 50
	},
	"smokeEffect": "bigShockwave",
	"shootType": {
		"height": 0,
		"width": 0,
		"damage": 1,
		"speed": 10,
		"lifetime": 16,
		"splashDamageRadius": 1,
		"splashDamage": 1,
		"pierce": true,
		"pierceBuilding": true,
		"ammoMultiplier": 1,
		"buildingDamageMultiplier":0,
		"frontColor": "FFFFFF",
		"backColor": "FEEBB3",
		"trailLength": 0,
		"trailWidth": 0,
		"trailColor": "FEEBB3",
		"hitSound": "plasmaboom",
		"despawnEffect": "none",
		"intervalBullets":4
	     //每次分裂子弹数
	    "intervalAngle":0
        "intervalSpread":300
        "intervalRandomSpread":0
	    "bulletInterval":1
	    //分裂间隔
		"intervalRandomSpread":10
		"intervalBullet":{
		"type": "LightningBulletType",
        "damage": 50,
        "lightningLength": 10,
        "lightningLengthRand": 8,
        "collidesAir": true
        "pierceArmor": true,
		    	}
	},
	"consumes": {
		"power": 10,
		"coolant": {
			"amount": 0.3,
			"optional": true
		}
	},
	"reload": 120,
	"rotateSpeed": 5,
	"range": 160,
	"requirements": [
		"surge-alloy/170",
		"锰/285",
		"silicon/270",
		"oxide/135",
		"graphite/350"
	]
	"category": "turret",
	"research": "磁电"
	"researchCostMultiplier": 0.2,
}