{
	"type": "naval",
	"name": "战列舰",
	"description": "远距离对地对空能力",
	"speed":0.69,
	"rotateSpeed":4
	"ammoType":{
	"type":"PowerAmmoType",
	"totalPower":100},
	"ammoCapacity": 60,
    "trailLength":24,
    "waveTrailX":0,
    "waveTrailY":-6,
    "trailScl":2,
	"hitSize":10, 
	"health": 4000,
	"armor":0
	"faceTarget": false,
	"weapons":[ 
	{	"name": "重战列舰1",	
		"reload":159.6,
        "x": 0,  "y":5, 
        "rotate": true,
        "rotateSpeed":24,
        "inaccuracy": 0,
		"shoot":{
			"shots":1,
			"shotDelay":3
		},
		"shootSound": "火炮发射",
		"rotateSpeed": 1,//炮台转头速度
		"alternate": true,
		"ejectEffect":"casing1",
		"targetAir" :false
	"targetGround": true,
		"bullet":{
		"collidesAir": false
    "collidesGround": true,
	    "splashDamageRadius":25,
	"splashDamage":110,	  
	    "speed":4,
	    "lifetime":72.5
	    "width":8,	 "height":8
	}	}
	{	"name": "重战列舰1",	
		"reload":159.6,
        "x": 0,  "y":1, 
        "rotate": true,
        "rotateSpeed":24,
        "inaccuracy": 0,
		"shoot":{
			"shots":1,
			"shotDelay":3
		},
		"shootSound": "火炮发射",
		"rotateSpeed": 1,//炮台转头速度
		"alternate": true,
		"ejectEffect":"casing1",
		"targetAir" :false
	"targetGround": true,
		"bullet":{
		"collidesAir": false
    "collidesGround": true,
	    "splashDamageRadius":25,
	"splashDamage":110,	  
	    "speed":4,
	    "lifetime":72.5
	    "width":8,	 "height":8
	}	}
	{	"name": "无",	
		"reload":159.6
        "x": 0,  "y":-2 
        "rotate": true,
        "rotateSpeed":24,
        "inaccuracy": 0,
		"shoot":{
			"shots":1,
			"shotDelay":3
		},
		"targetAir" :true,
	"targetGround": false
		"shootSound": "小导弹炮",
		"rotateSpeed": 999,//炮台转头速度
		"alternate": true,
		"ejectEffect":"casing1",
		"bullet":{
		"collidesAir": true
    "collidesGround": false,
	    "sprite":"missile"
	"Damage":50,	  
	    "speed":2
	    "lifetime":195,
	    "width":10,	 "height":10
	    "homingRange": 9999,
            "homingPower": 0.5,
	}	}
	{	"name": "无",	
		"reload":159.6,
        "x": 0,  "y":-2, 
        "rotate": true,
        "rotateSpeed":24,
        "inaccuracy": 0,
		"shoot":{
			"shots":1,
			"shotDelay":3
		},
		"shootSound": "小导弹炮",
		"rotateSpeed": 999,//炮台转头速度
		"alternate": true,
		"ejectEffect":"casing1",
		"targetAir" :true,
	"targetGround": false
		"bullet":{
		"collidesAir": true
    "collidesGround": false,
	    "sprite":"missile",
	"Damage":50,	  
	    "speed":2
	    "lifetime":195,
	    "width":13,	 "height":13
	    "homingRange": 9999,
            "homingPower": 0.5,
	}	}
	]
	"research": "海军工厂2"
	"researchCostMultiplier": 0.6
}