{
	"type": "naval",
	"name": "重型防空舰",
	"description": "只能攻击空中单位，拥有大攻击范围并有溅射伤害，重装甲与护盾",
	"speed":0.69,
	"rotateSpeed":8,
	"ammoType":{
	"type":"PowerAmmoType",
	"totalPower":100},
	"ammoCapacity": 60,
    "trailLength":24,
    "waveTrailX":0,
    "waveTrailY":-6,
    "trailScl":2,
	"hitSize":10, 
	"health": 1800,
	"armor":0
	"faceTarget": false,
	"abilities": [
		{
			"type": "ForceFieldAbility",
			"sides": 12,
			"radius": 14,
			"max": 2200,
			"regen": 0.15
			"cooldown": 0
		}
	],
	"weapons":[
	{	"name": "防空舰1",	
		"reload":139.8,
        "x": 0,  "y": 2, 
        "rotate": true,
        "inaccuracy": 0,
        "rotateSpeed": 5,
        "targetAir" :true,
	"targetGround": false,
		"shoot":{
			"shots":2,
			"shotDelay":20
		},
		"mirror":false,
		"shootSound": "小导弹炮",
		"alternate": true,
		"ejectEffect":"casing1",
		"bullet":{
		"collidesAir": true
    "collidesGround": false,
	    "sprite":"missile",
			"splashDamageRadius":15,
	"splashDamage":70,	  
	    "speed":80,
	    "lifetime":4,
	    "width":10,	 "height":10
	    "homingRange": 9999,
            "homingPower": 0.5,
	}	}
]
	"research": "重战列舰"
	"researchCostMultiplier": 0.2,
}