{
	"name": "余热",
	"color": "F2FF9C",
	"damage": 120,
	"transitionDamage": 1000,
	"dragMultiplier": 1.8,
	"effectChance": 1,
	"effect": {
		"type": "MultiEffect",
		"effects": [
			{
				"type": "ParticleEffect",
				"particles": 1,
				"baseLength": 25,
				"length": 35,
				"lifetime": 60,
				"spin": 5,
				"interp": "fastSlow",
				"sizeInterp": "pow3In",
				"region": "饱和火力-星",
				"sizeFrom": 16,
				"sizeTo": 0,
				"colorFrom": "F2FF9C",
				"colorTo": "F2FF9C"
			},
			{
				"type": "ParticleEffect",
				"particles": 3,
				"baseLength": 0,
				"length": 125,
				"lifetime": 30,
				"sizeFrom": 9,
				"sizeTo": 0,
				"interp": "fastSlow",
				"colorFrom": "F2FF9C80",
				"colorTo": "F2FF9C"
			}
		]
	}
}