{
	"name": "固守",
	"color": "a2a2a2",
	"permanent": false,
	//"show":false,
	"healthMultiplier": 3.5,
	"speedMultiplier": 0,
	"damageMultiplier": 2,
	"reloadMultiplier": 5,
	"effectChance": 0.06,
	"effect": {
		"type": "MultiEffect",
		"effects": [
			{
				"type": "WrapEffect",
				"effect": "colorSparkBig",
				"color": "a2a2a2",
				"rotation": 0
			},
			{
				"type": "WrapEffect",
				"effect": "colorSparkBig",
				"color": "a2a2a2",
				"rotation": 180
			},
			{
				"type": "WrapEffect",
				"effect": "colorSparkBig",
				"color": "a2a2a2",
				"rotation": 90
			},
			{
				"type": "WrapEffect",
				"effect": "colorSparkBig",
				"color": "a2a2a2",
				"rotation": -90
			}
		]
	}
}