{
	"speedMultiplier": 0.667,
	"healthMultiplier": 0.667,
	"damageMultiplier": 0.667,
    "dragMultiplier": 1.33,
	"effectChance": 0.067,
	"effect": {
		"type": "MultiEffect",
		"effects": [
			{
				"type": "ParticleEffect",
				"region":"饱和火力-菱形",
				"particles": 1,
				"baseLength": 0,
				"length": 0,
				"lifetime": 35,
				"sizeFrom": 0,
				"sizeTo": 3.75,
				"colorFrom": "FF5B5B00",
				"colorTo": "FF5B5B"
			},
			{
				"type": "ParticleEffect",
				"region":"饱和火力-菱形",
				"startDelay": 35,
				"particles": 1,
				"baseLength": 0,
				"length": 0,
				"lifetime": 35,
				"sizeFrom": 3.75,
				"sizeTo": 0,
				"colorFrom": "FF5B5B",
				"colorTo": "FF5B5B00"
			},
			{
				"type": "WrapEffect",
				"effect": "colorSparkBig",
				"color": "FF5B5BAA",
				"rotation": 135
			},
			{
				"type": "WrapEffect",
				"effect": "colorSparkBig",
				"color": "FF5B5BAA",
				"rotation": -45
			}
		]
	}
}