{
    "name":"病变"
    "description":"病变他们的装甲开始病变"
	"damageMultiplier":0.5,
	//攻击力倍率（数值越大，攻击力越高）
	"healthMultiplier":0.8,
	//血量倍率（数值越大，血量最大上限越高）
	"speedMultiplier":1.2,
	//速度倍率（数值越大，移动越快）
	"reloadMultiplier":1.2,
	//射速倍率（数值越大，射速越快）
	"damage":0.01,
	//每1/60秒扣血速度（负数为回血）
	"permanent":false,
	//如果为ture
	//这个状态永远存在于此单位身上，除非单位死亡
	//如果为false 则没有永远存在的效果
	"reactive":false,
	//如果为true，则此效果将仅与其他效果反应无法应用
	"color":"DA0626FF",
	//状态颜色
	"disarm":false,
	//是否解除武装
	"effect": {
	    "type":"ParticleEffect"
	    "lifetime":30
	    "sizeFrom":0
	    "sizeTo":2
	    "colorFrom":"E05438FF"
	    "colorTo":"E05438FF"
	},
	"effectChance":100,
	//效果数量（数值越大,效果越多越密集）
}