{
    "name":"通量"
    "description":"通量通量通量"
	"damageMultiplier":0.5,
	//攻击力倍率（数值越大，攻击力越高）
	"healthMultiplier":0.5,
	//血量倍率（数值越大，血量最大上限越高）
	"speedMultiplier":0.5,
	//速度倍率（数值越大，移动越快）
	"reloadMultiplier":0.1,
	//射速倍率（数值越大，射速越快）
	"damage":-1,
	//每1/60秒扣血速度（负数为回血）
	"permanent":false,
	//如果为ture
	//这个状态永远存在于此单位身上，除非单位死亡
	//如果为false 则没有永远存在的效果
	"reactive":false,
	//如果为true，则此效果将仅与其他效果反应无法应用
	"color":"2CCDB1FF",
	//状态颜色
	"disarm":false,
	//是否解除武装
}