{
	"name": "大型相位墙",
	"type": "Wall",
	"health": 9950
	"armor":20
	"size": 2
	"absorbLasers":true,
	"destroyBullet": {
		"splashDamage": 220
		"splashDamageRadius": 60
		"lightningColor": "EEC591",
		"lightningDamage": 120
		"lightning": 8
		"lightningLength": 10
		"buildingDamageMultiplier": 0
		"collides": false,
		"instantDisappear": true,
		"pierceArmor": true
		"hittable": false,
		"absorbable": false
		"status": "崩坏",
		"statusDuration": 6
		"hitSound": "plasmaboom",
		"hitSoundVolume": 7
		"hitShake": 5
		"hitEffect": {
			"type": "MultiEffect",
			"effects": [
				{
					"type": "ParticleEffect",
					"particles": 12
					"sizeFrom": 10
					"sizeTo": 0,
					"length": 50
					"baseLength": 6
					"interp": "pow10Out",
					"sizeInterp": "pow5In",
					"lifetime": 70
					"colorFrom": "EEC59180",
					"colorTo": "EEC591"
				},
				{
					"type": "WaveEffect",
					"lifetime":15
					"sizeFrom": 5
					"sizeTo": 60
					"strokeFrom": 5
					"strokeTo": 0,
					"colorFrom": "EEC591",
					"colorTo": "EEC591"
				}
			]
		}
	},
	"requirements": [
		"相位能/24"
		"surge-alloy/12"
	],
	"buildCostMultiplier": 2.6
	"category": "defense",
	"research": "相位墙"
}
