{ 
    "name":"大型自愈合金墙",
    "type":"MendProjector",
    "description":"保护己方建筑,阻挡敌方炮弹\n能够自我修复能够阻挡激光"
    "reload":60,
    "range":12,
    "group":"walls"
    "healPercent":2.2
    "phaseBoost":0,
    "hasPower":false,
    "phaseRangeBoost":0,
    "health":10000,
    "absorbLasers":true,
    "size":2
    "armor":15,
    "itemCapacity":0
    "canOverdrive":false,
    "buildCostMultiplier":3,
    "baseColor":"#FFD37FFF"
    "phaseColor":"#FFD37FFF"
    "requirements":[
        "zyhj/60",
        "phase-fabric/12"
        ],
    "category":"defense",
    "research":"自愈合金墙"
}