{
	"name": "绛基合金墙",
    "type":"Wall",
	"description":"坚硬,抗打击,耐腐蚀,耐摩擦"
	"health": 13800
	"armor":38
	"conductivePower":true,
	"size": 1
	"reload":15,
    "range":1
    "group":"walls"
    "healPercent":1,
    "phaseBoost":0,
    "hasPower":false,
    "placeableLiquid": true,
    "phaseRangeBoost":0,
    "itemCapacity":0
    "canOverdrive":false,
    "baseColor":"#FFD37FFF"
    "phaseColor":"#FFD37FFF"
	"absorbLasers":true,
	"flashHit": true,
	"chanceDeflect": 100
	"destroyBullet": {
		"splashDamage": 225
		"splashDamageRadius": 40
		"lightningColor": "EEC591",
		"lightningDamage": 125
		"lightning": 5
		"lightningLength": 10
		"buildingDamageMultiplier": 0
		"collides": false,
		"instantDisappear": true,
		"pierceArmor": true
		"hittable": false,
		"absorbable": false
		"status": "熔断",
		"statusDuration": 60
		"hitSound": "plasmaboom",
		"hitSoundVolume": 8
		"hitShake": 8
		"hitEffect": {
			"type": "MultiEffect",
			"effects": [
				{
					"type": "ParticleEffect",
					"particles": 12
					"sizeFrom": 10
					"sizeTo": 0,
					"length": 80
					"baseLength": 6
					"interp": "pow10Out",
					"sizeInterp": "pow5In",
					"lifetime": 70
					"colorFrom": "EEC59180",
					"colorTo": "EEC591"
				},
				{
					"type": "WaveEffect",
					"lifetime":15
					"sizeFrom": 5
					"sizeTo": 60
					"strokeFrom": 5
					"strokeTo": 0,
					"colorFrom": "EEC591",
					"colorTo": "EEC591"
				}
			]
		}
	},
	"requirements": [
		"绛基合金/10"
		"相位能/8"
		"锎/18"
	],
	"buildCostMultiplier": 4.33
	"category": "defense",
	"research": "铼铱合金墙"
}
