{
	"type": "missile",
	"template": "MissileUnitType",
	"name": "导弹.小",
	"speed": 5,
	"lifetime": 90,
	"rotateSpeed": 4.5,
	"loopSoundVolume": 0.03,
	"hidden": true,
	"missileAccelTime": 30,
	"homingDelay": 30,
	"targetGround": true,
	"hitSize": 3,
	"health": 1000,
	"fogRadius": 8,
	"maxRange": 30,
	"top": false,
	"abilities": [
		{
			"type": "MoveEffectAbility",
			"effect": {
				"type": "ParticleEffect",
				"particles": 3,
				"sizeFrom": 2,
				"sizeTo": 0,
				"interp":"pow5Out",
				"sizeInterp":"pow10In",
				"length": 25,
				"baseLength": 2,
				"lifetime": 93,
				"colorFrom": "FFA05C88",
				"colorTo": "FFA05CA1",
				"cone": 30
			},
			"interval": 2,
			"rotateEffect": true,
			"y": -16
		}
	],
	"weapons": [
		{
			"name": "自爆",
			"x": 0,
			"reload": 60,
			"mirror": false,
			"rotate": true,
			"shake": 10,
			"shootSound": "none",
			"shootOnDeath": true,
			"shootCone": 360,
			"bullet": {
				"collides":false,
				"instantDisappear": true,
				"ammoMultiplier": 1,
				"hitSound": "titanExplosion",
				"killShooter": true,
				"splashDamageRadius": 50,
				"splashDamage": 20,
				"status": "blasted",
				"hitShake": 8,
				"shootEffect": "none",
				"smokeEffect": "none",
				"despawnEffect": "none",
				"hitColor":"FFA05C",
				"hitEffect": {
					"type": "MultiEffect",
					"effects": [
						{
							"type": "WaveEffect",
							"lifetime": 30,
							"sizeFrom": 0,
							"sizeTo": 5,
							"strokeFrom": 10,
							"strokeTo": 0,
							"colorFrom": "FFA05C",
							"colorTo": "FFA05C"
						}
					]
				}
			}
		}
	]
}