{
    "type": "UnitCargoLoader",
    "description": "建造特殊无人机\n需要电力与矿渣",
    "name": "导弹机生成平台",
    "size": 2,
    "health": 340,
    "itemCapacity": 0,
    "buildTime": 600,
    "unitType": "银梭",
    "consumes": {
        "power": 4,
        "liquid": {
            "liquid": "slag",
            "amount": 0.2
        }
    },
    "requirements": [
        {
            "item": "titanium",
            "amount": 55
        },
        {
            "item": "graphite",
            "amount": 40
        },
        {
            "item": "silicon",
            "amount": 35
        }
    ],
    "category": "units",
    "research": "air-factory"
}