{
    "type": "UnitCargoLoader",
    "name": "单位物流装载器",
    "description": "无人机远程运输",
    "health": 3160,
    "size": 4,
    "hasItems": true,
    "itemCapacity": 600,
    "unitType": "单位无人机",
    "consumes": {
        "items": {
            "items": [
                "surge-alloy/5"
            ]
        }
    },
    "requirements": [
        "graphite/230",
        "silicon/220",
        "铝/240",
        "镍/260",
        "surge-alloy/50"
    ],
    "research": "载荷驱动器"
       "researchCostMultiplier":0.3,
            "canOverdrive": true,
}