{
	"type": "Conveyor",
	"name": "破位传送带",
	"description":"一小部分破位物制成的传送带，通过破位物破坏时空的特性，破坏一部分的时空，将其组成新时空，将物品在新时空内移动，速度极快"
	"health": 330,
	"baseExplosiveness": 5,
	"hasShadow": true,
	"destroyBullet": {
		"type": "PointBulletType",
		"hitShake": 2,
		"splashDamageRadius": 25,
		"splashDamage": 300,
		"status": "unmoving",
		"statusDuration": 30,
		"speed": 0,
		"lifetime": 2,
		"collides": false,
		"despawnEffect": {
			"type": "WaveEffect",
			"lifetime": 10,
			"sizeFrom": 0,
			"sizeTo": 30,
			"strokeFrom": 3,
			"strokeTo": 0,
			"colorFrom": "FFFFFF",
			"colorTo": "FFFFFF"
		},
		"hitEffect": "none"
	},
	"requirements": [
		"破位物/1",
		"silicon/10"
	],
	"category": "distribution",
	"research": "armored-conveyor",
	"bridgeReplacement": "phase-conveyor",
	"junctionReplacement": "inverted-sorter",
	"speed":214,
	"displayedSpeed":120,
	"canOverdrive":true,
	"researchCostMultiplier":1000
}