{
      "name":"破位装卸器",
	  "health": 330,
	  "size":1,
	  "speed":0.5,
	  "update": "true",
	  "hasItems": "true",
	  "type":"Unloader",
	  	"destroyBullet": {
		"type": "PointBulletType",
		"hitShake": 2,
		"splashDamageRadius": 25,
		"splashDamage": 30,
		"status": "unmoving",
		"statusDuration": 30,
		"speed": 0,
		"lifetime": 2,
		"collides": false,
		"despawnEffect": {
			"type": "WaveEffect",
			"lifetime": 10,
			"sizeFrom": 0,
			"sizeTo": 300,
			"strokeFrom": 3,
			"strokeTo": 0,
			"colorFrom": "FFFFFF",
			"colorTo": "FFFFFF"
		},
		"hitEffect": "none"
	},
	  "description": "物流狂喜",
	  "requirements": [
		"silicon/10",
		"破位物/5"
	],
	"category": "effect",
	"research":"unloader",
	"researchCostMultiplier":1000,
	}