{
    "name":"管道反向溢流门",
    "type":"OverflowDuct",
    "description":"与管道溢流门相反，当两侧被堵住时才向前方输出物品。"
    "invert":true,
    //是否相反
    "health":140,
    "armor":1,
    "size":1,
    "speed":3
    "itemCapacity":4,
    "suppressable": true,
    "category": "distribution",
    "requirements": [
        "graphite/5",
	    "镍/5",
		],
		"research": {
		"parent": "管道溢流门",
		"requirements":[
		    "graphite/100",
		    "镍/100"
		    ]
		},
}