{
    // 单位类型：坦克（使用履带移动）
         "health": 87350,// 生命值
    "type": "tank",
    "template": "ErekirUnitType",
    // 基础属性
    "description": "终极移动堡垒，火力充足，并带有导弹系统",
    "name": "实验堡垒",
    	"details":"铁锈乱入?\n从爬爬那搞得＂   
    "armor": 18,            // 护甲值（减免%伤害）
    "hitSize": 55,          // 碰撞箱大小（像素）
    "speed": 0.9,           // 移动速度
    "drag": 0.4,            // 移动阻力（值越大减速越快）
    "rotateSpeed": 1,     // 车身旋转速度（弧度/秒）
 "singleTarget": false, // 是否单目标攻击
  "omniMovement": false, // 是否全向移动
  "rotateMoveFirst": true, // 移动前先转向
   "flying": false, // 是否为飞行单位
    "immunities": [ // 免疫效果列表
    "burning", // 免疫燃烧
    "blasted" // 免疫爆炸
  ],
  // 坦克履带配置对象
    "squareShape": true, // 标志位：表示是否为方形履带（true为方形，false可能为圆形或其他形状）
    "treadFrames": 30,   // 履带动画帧数：控制履带滚动的动画流畅度
    "treadPullOffset": 2, // 履带牵引偏移量：控制履带在移动时的偏移效果
    
    // 履带矩形区域定义：描述履带在坦克上的位置和尺寸
    "treadRects": [
        {
            "x": 0,     // 第一个履带矩形的x坐标（相对坦克中心点）
            "y": 0,     // 第一个履带矩形的y坐标（相对坦克中心点）
            "width": 0,  // 第一个履带矩形的宽度
            "height": 0  // 第一个履带矩形的高度
        },
        {
            "x": 0,     // 第二个履带矩形的x坐标
            "y": 0,      // 第二个履带矩形的y坐标
            "width": 0,  // 第二个履带矩形的宽度
            "height": 0  // 第二个履带矩形的高度
        },
    ]
    // 弹药配置
    "ammoType": "surge-alloy", // 弹药类型（石墨）
    "ammoCapacity": 10      // 弹药容量
    //研究
    "researchCostMultiplier": 0.2,
        "abilities": [/*能力（如力场防御等） */
        {
            "type": "UnitSpawnAbility",
            "unit": "horizon",
            "spawnX": 15,
            "spawnY": -10,
            "spawnTime": 4500
        },
        {
            "type": "UnitSpawnAbility",
            "unit": "horizon",
            "spawnX": -15,
            "spawnY": -10,
            "spawnTime": 4500
        },
        {
			"type": "ShieldArcAbility",
			"radius": 80,
			"width": 20,
			"max": 56700,
			"regen": 75,
			"cooldown": 720,
			"colorFrom": "8E81E5FF",
			"colorTo": "6A5ACD"
			"angle": 140
			"chanceDeflect":1.2
		},
		        {
        "type": "ShieldRegenFieldAbility",
        "amount": 100.0,
        "max": 8000.0,
        "reload": 300.0,
        "range": 208.0,
    },
        ],
    // 武器配置
    "weapons": [{
			"name": "旋风1",
			"reload": 120,
			"x": -12,
			"y": -12,
			"rotate": true,
			"rotateSpeed": 9,
			"mirror": false,
			"inaccuracy": 0,
			"ejectEffect": "casing2",
			"shootSound": "artillery",
			"alternate": false,
			"bullet": {
				"type": "MissileBulletType",
				"hitSize": 40,
				"splashDamageRadius": 46,
				"splashDamage": 96,
				"damage": 108,
				"status": "blasted",
				"statusDuration": 60,
				"sprite": "奇思妙想-导弹",
				"backColor": "FF7F24",
				"frontColor": "E3E3E3",
				"lifetime": 30,
				"speed": 11,
				"homingPower": 0.03,
				"homingRange": 80,
				"knockback": 8,
				"width": 12,
				"height": 40,
				"ammoMultiplier": 3,
				"despawnEffect": "none",
				"shootEffect": "shootPyraFlame",
				"hitEffect": {
					"type": "MultiEffect",
					"effects": [
						{
							"type": "ParticleEffect",
							"particles": 8,
							"sizeFrom": 6,
							"sizeTo": 0,
							"length": 25,
							"baseLength": 23,
							"lifetime": 35,
							"colorFrom": "737373FF",
							"colorTo": "737373FF"
						},
						{
							"type": "ParticleEffect",
							"particles": 12,
							"line": true,
							"length": 43,
							"baseLength": 3,
							"lifetime": 22,
							"colorFrom": "FFFFFF",
							"colorTo": "FFE176FF"
						},
						{
							"type": "WaveEffect",
							"lifetime": 10,
							"sizeFrom": 1,
							"sizeTo": 48,
							"strokeFrom": 2,
							"strokeTo": 0,
							"colorFrom": "FFE176FF",
							"colorTo": "FFFFFF"
						}
					]
				}
			}
		},
			{
			"name": "新风1",
			"reload": 7.6,
			"recoil": 0,
			"x": -12,
			"y": 0,
			"rotate": true,
			"rotateSpeed": 3,
			"mirror": false,
			"inaccuracy": 0.5,
			"ejectEffect": "casing1",
			"shootSound": "shoot",
			"alternate": false,
			"bullet": {
				"damage": 5,
				"speed": 9,
				"buildingDamageMultiplier": 0.8,
				"lifetime": 18,
				"width": 3,
				"height": 10
			}
		}
			{
			"name": "新风1",
			"reload": 7.6,
			"recoil": 0,
			"x": 12,
			"y": 0,
			"rotate": true,
			"rotateSpeed": 3,
			"mirror": false,
			"inaccuracy": 0.5,
			"ejectEffect": "casing1",
			"shootSound": "shoot",
			"alternate": false,
			"bullet": {
				"damage": 5,
				"speed": 9,
				"buildingDamageMultiplier": 0.8,
				"lifetime": 18,
				"width": 3,
				"height": 10
			}
		}
			{
			"name": "旋风1",
			"reload": 120,
			"x": -12,
			"y": 12,
			"rotate": true,
			"rotateSpeed": 9,
			"mirror": false,
			"inaccuracy": 0,
			"ejectEffect": "casing2",
			"shootSound": "artillery",
			"alternate": false,
			"bullet": {
				"type": "MissileBulletType",
				"hitSize": 40,
				"splashDamageRadius": 46,
				"splashDamage": 96,
				"damage": 108,
				"status": "blasted",
				"statusDuration": 60,
				"sprite": "奇思妙想-导弹",
				"backColor": "FF7F24",
				"frontColor": "E3E3E3",
				"lifetime": 30,
				"speed": 11,
				"homingPower": 0.03,
				"homingRange": 80,
				"knockback": 8,
				"width": 12,
				"height": 40,
				"ammoMultiplier": 3,
				"despawnEffect": "none",
				"shootEffect": "shootPyraFlame",
				"hitEffect": {
					"type": "MultiEffect",
					"effects": [
						{
							"type": "ParticleEffect",
							"particles": 8,
							"sizeFrom": 6,
							"sizeTo": 0,
							"length": 25,
							"baseLength": 23,
							"lifetime": 35,
							"colorFrom": "737373FF",
							"colorTo": "737373FF"
						},
						{
							"type": "ParticleEffect",
							"particles": 12,
							"line": true,
							"length": 43,
							"baseLength": 3,
							"lifetime": 22,
							"colorFrom": "FFFFFF",
							"colorTo": "FFE176FF"
						},
						{
							"type": "WaveEffect",
							"lifetime": 10,
							"sizeFrom": 1,
							"sizeTo": 48,
							"strokeFrom": 2,
							"strokeTo": 0,
							"colorFrom": "FFE176FF",
							"colorTo": "FFFFFF"
						}
					]
				}
			}
		},
			{
			"name": "旋风1",
			"reload": 120,
			"x": 12,
			"y": 12,
			"rotate": true,
			"rotateSpeed": 9,
			"mirror": false,
			"inaccuracy": 0,
			"ejectEffect": "casing2",
			"shootSound": "artillery",
			"alternate": false,
			"bullet": {
				"type": "MissileBulletType",
				"hitSize": 40,
				"splashDamageRadius": 46,
				"splashDamage": 96,
				"damage": 108,
				"status": "blasted",
				"statusDuration": 60,
				"sprite": "奇思妙想-导弹",
				"backColor": "FF7F24",
				"frontColor": "E3E3E3",
				"lifetime": 30,
				"speed": 11,
				"homingPower": 0.03,
				"homingRange": 80,
				"knockback": 8,
				"width": 12,
				"height": 40,
				"ammoMultiplier": 3,
				"despawnEffect": "none",
				"shootEffect": "shootPyraFlame",
				"hitEffect": {
					"type": "MultiEffect",
					"effects": [
						{
							"type": "ParticleEffect",
							"particles": 8,
							"sizeFrom": 6,
							"sizeTo": 0,
							"length": 25,
							"baseLength": 23,
							"lifetime": 35,
							"colorFrom": "737373FF",
							"colorTo": "737373FF"
						},
						{
							"type": "ParticleEffect",
							"particles": 12,
							"line": true,
							"length": 43,
							"baseLength": 3,
							"lifetime": 22,
							"colorFrom": "FFFFFF",
							"colorTo": "FFE176FF"
						},
						{
							"type": "WaveEffect",
							"lifetime": 10,
							"sizeFrom": 1,
							"sizeTo": 48,
							"strokeFrom": 2,
							"strokeTo": 0,
							"colorFrom": "FFE176FF",
							"colorTo": "FFFFFF"
						}
					]
				}
			}
		},
			{
			"name": "旋风1",
			"reload": 120,
			"x": 12,
			"y": -12,
			"rotate": true,
			"rotateSpeed": 9,
			"mirror": false,
			"inaccuracy": 0,
			"ejectEffect": "casing2",
			"shootSound": "artillery",
			"alternate": false,
			"bullet": {
				"type": "MissileBulletType",
				"hitSize": 40,
				"splashDamageRadius": 46,
				"splashDamage": 96,
				"damage": 108,
				"status": "blasted",
				"statusDuration": 60,
				"sprite": "奇思妙想-导弹",
				"backColor": "FF7F24",
				"frontColor": "E3E3E3",
				"lifetime": 30,
				"speed": 11,
				"homingPower": 0.03,
				"homingRange": 80,
				"knockback": 8,
				"width": 12,
				"height": 40,
				"ammoMultiplier": 3,
				"despawnEffect": "none",
				"shootEffect": "shootPyraFlame",
				"hitEffect": {
					"type": "MultiEffect",
					"effects": [
						{
							"type": "ParticleEffect",
							"particles": 8,
							"sizeFrom": 6,
							"sizeTo": 0,
							"length": 25,
							"baseLength": 23,
							"lifetime": 35,
							"colorFrom": "737373FF",
							"colorTo": "737373FF"
						},
						{
							"type": "ParticleEffect",
							"particles": 12,
							"line": true,
							"length": 43,
							"baseLength": 3,
							"lifetime": 22,
							"colorFrom": "FFFFFF",
							"colorTo": "FFE176FF"
						},
						{
							"type": "WaveEffect",
							"lifetime": 10,
							"sizeFrom": 1,
							"sizeTo": 48,
							"strokeFrom": 2,
							"strokeTo": 0,
							"colorFrom": "FFE176FF",
							"colorTo": "FFFFFF"
						}
					]
				}
			}
		},
			{
			"name": "天罡24",
			"mirror": false,
			"x": -12,
			"y": 0,
			"baseRotation": -45,
			"reload": 30,
			"shoot":{
				"shots": 2,
				"shotDelay": 8
			},
			"recoil": 0,
			"shootCone": 360,
			"shootSound": "missileSmall",
			"rotate": false,
			"inaccuracy": 5,
			"xRand": 3,
			"controllable": false,
			"autoTarget": true,
			"bullet": {
				"type": "FlakBulletType",
				"damage": 96,
				"splashDamage": 178,
				"splashDamageRadius": 55,
				"status": "blasted",
				"homingDelay": 5,
				"homingRange": 100,
				"homingPower": 0.25,
				"shootEffect":"shootBig2",
				"smokeEffect": "shootSmallFlame",
				"hitEffect": "flakExplosionBig",
				"hitSound": "explosion",
				"hitShake": 2,
				"despawnEffect": "none",
				"sprite": "奇思妙想-落雁",
				"shrinkY": 0,
				"trailLength": 8,
				"trailWidth": 2,
				"trailChance": 1,
				"trailInterval": 6,
				"trailEffect": {
					"type": "ParticleEffect",
					"particles": 4,
					"sizeFrom": 2,
					"sizeTo": 1,
					"length": 30,
					"lifetime": 45,
					"lightOpacity": 0.2,
					"interp": "circleOut",
					"sizeInterp": "pow10In",
					"colorFrom": "FFFFFF",
					"colorTo": "78787870",
					"cone": 10
				},
				"trailRotation": true,
				"trailColor": "FFFFFF80",
				"backColor": "FF5B5B",
				"frontColor": "E3E3E3",
				"drag": -0.01,
				"width": 14,
				"height": 58,
				"speed": 8,
				"lifetime": 48
			}
		},
		{
			"name": "天罡24",
			"mirror": false,
			"x": 12,
			"y": 0,
			"baseRotation": 45,
			"reload": 30,
			"shoot":{
				"shots": 2,
				"shotDelay": 8
			},
			"recoil": 0,
			"shootCone": 360,
			"shootSound": "missileSmall",
			"rotate": false,
			"inaccuracy": 5,
			"xRand": 3,
			"controllable": false,
			"autoTarget": true,
			"bullet": {
				"type": "FlakBulletType",
				"damage": 96,
				"splashDamage": 178,
				"splashDamageRadius": 55,
				"status": "blasted",
				"homingDelay": 5,
				"homingRange": 100,
				"homingPower": 0.25,
				"shootEffect":"shootBig2",
				"smokeEffect": "shootSmallFlame",
				"hitEffect": "flakExplosionBig",
				"hitSound": "explosion",
				"hitShake": 2,
				"despawnEffect": "none",
				"sprite": "奇思妙想-落雁",
				"shrinkY": 0,
				"trailLength": 8,
				"trailWidth": 2,
				"trailChance": 1,
				"trailInterval": 6,
				"trailEffect": {
					"type": "ParticleEffect",
					"particles": 4,
					"sizeFrom": 2,
					"sizeTo": 1,
					"length": 30,
					"lifetime": 45,
					"lightOpacity": 0.2,
					"interp": "circleOut",
					"sizeInterp": "pow10In",
					"colorFrom": "FFFFFF",
					"colorTo": "78787870",
					"cone": 10
				},
				"trailRotation": true,
				"trailColor": "FFFFFF80",
				"backColor": "FF5B5B",
				"frontColor": "E3E3E3",
				"drag": -0.01,
				"width": 14,
				"height": 58,
				"speed": 8,
				"lifetime": 48
			}
		},
		{
			"name": "天罡24",
			"mirror": false,
			"x": -12,
			"y": 0,
			"baseRotation": -45,
			"reload": 30,
			"shoot":{
				"shots": 2,
				"shotDelay": 8
			},
			"recoil": 0,
			"shootCone": 360,
			"shootSound": "missileSmall",
			"rotate": false,
			"inaccuracy": 5,
			"xRand": 3,
			"controllable": false,
			"autoTarget": true,
			"bullet": {
				"type": "FlakBulletType",
				"damage": 96,
				"splashDamage": 178,
				"splashDamageRadius": 55,
				"status": "blasted",
				"homingDelay": 5,
				"homingRange": 100,
				"homingPower": 0.25,
				"shootEffect":"shootBig2",
				"smokeEffect": "shootSmallFlame",
				"hitEffect": "flakExplosionBig",
				"hitSound": "explosion",
				"hitShake": 2,
				"despawnEffect": "none",
				"sprite": "奇思妙想-落雁",
				"shrinkY": 0,
				"trailLength": 8,
				"trailWidth": 2,
				"trailChance": 1,
				"trailInterval": 6,
				"trailEffect": {
					"type": "ParticleEffect",
					"particles": 4,
					"sizeFrom": 2,
					"sizeTo": 1,
					"length": 30,
					"lifetime": 45,
					"lightOpacity": 0.2,
					"interp": "circleOut",
					"sizeInterp": "pow10In",
					"colorFrom": "FFFFFF",
					"colorTo": "78787870",
					"cone": 10
				},
				"trailRotation": true,
				"trailColor": "FFFFFF80",
				"backColor": "FF5B5B",
				"frontColor": "E3E3E3",
				"drag": -0.01,
				"width": 14,
				"height": 58,
				"speed": 8,
				"lifetime": 48
			}
		},
		{
			"name": "天罡24",
			"mirror": false,
			"x": 12,
			"y": 0,
			"baseRotation": 45,
			"reload": 30,
			"shoot":{
				"shots": 2,
				"shotDelay": 8
			},
			"recoil": 0,
			"shootCone": 360,
			"shootSound": "missileSmall",
			"rotate": false,
			"inaccuracy": 5,
			"xRand": 3,
			"controllable": false,
			"autoTarget": true,
			"bullet": {
				"type": "FlakBulletType",
				"damage": 96,
				"splashDamage": 178,
				"splashDamageRadius": 55,
				"status": "blasted",
				"homingDelay": 5,
				"homingRange": 100,
				"homingPower": 0.25,
				"shootEffect":"shootBig2",
				"smokeEffect": "shootSmallFlame",
				"hitEffect": "flakExplosionBig",
				"hitSound": "explosion",
				"hitShake": 2,
				"despawnEffect": "none",
				"sprite": "奇思妙想-落雁",
				"shrinkY": 0,
				"trailLength": 8,
				"trailWidth": 2,
				"trailChance": 1,
				"trailInterval": 6,
				"trailEffect": {
					"type": "ParticleEffect",
					"particles": 4,
					"sizeFrom": 2,
					"sizeTo": 1,
					"length": 30,
					"lifetime": 45,
					"lightOpacity": 0.2,
					"interp": "circleOut",
					"sizeInterp": "pow10In",
					"colorFrom": "FFFFFF",
					"colorTo": "78787870",
					"cone": 10
				},
				"trailRotation": true,
				"trailColor": "FFFFFF80",
				"backColor": "FF5B5B",
				"frontColor": "E3E3E3",
				"drag": -0.01,
				"width": 14,
				"height": 58,
				"speed": 8,
				"lifetime": 48
			}
		},
	{
			"name": "反击1",
			"reload": 90,
			"shootY": 19.5,
			"x": 0,
			"y": 0,
			"rotate": true,
			"rotateSpeed": 1.9,
			"mirror": false,
			"recoil": 4,
			"inaccuracy": 0,
			"shootSound": "laser",
			"layerOffset": 0.001,
			"shake": 3,
			"alternate": false,
			"bullet": {
				"type": "PointBulletType",
				"trailEffect": {
					"type": "ParticleEffect",
					"particles": 1,
					"length": 0,
					"baseLength": 1,
					"lifetime": 10,
					"line": true,
					"randLength": false,
					"lenFrom": 10,
					"lenTo": 10,
					"strokeFrom": 4,
					"strokeTo": 0,
					"colorFrom": "FEEBB3",
					"colorTo": "FEEBB3",
					"cone": 0
				},
				"trailSpacing": 9,
				"damage": 180,
				"splashDamage": 170,
				"splashDamageRadius": 16,
				"buildingDamageMultiplier": 2.5,
				"speed": 20,
				"lifetime": 15,
				"hitSound": "lasercharge2",
				"smokeEffect": "bigShockwave",
				"shootEffect": {
					"type": "ParticleEffect",
					"particles": 1,
					"sizeFrom": 5,
					"sizeTo": 0,
					"length": 0,
					"baseLength": 0,
					"lifetime": 11,
					"colorFrom": "FEEBB3",
					"colorTo": "FEEBB3"
				},
				"hitEffect": {
					"type": "ParticleEffect",
					"particles": 1,
					"sizeFrom": 10,
					"sizeTo": 0,
					"length": 0,
					"baseLength": 0,
					"lifetime": 15,
					"colorFrom": "FEEBB3",
					"colorTo": "FEEBB3"
				},
				"despawnEffect": "bigShockwave",
				"fragLifeMin": 1,
				"fragVelocityMax": 0,
				"fragBullets": 1,
				"fragBullet": {
					"lifetime": 15,
					"height": 0,
					"width": 0,
					"collides": false,
					"hittable": false,
					"absorbable": false,
					"status": "electrified",
					"statusDuration": 180,
					"buildingDamageMultiplier": 3,
					"splashDamageRadius": 66.4,
					"splashDamage": 136,
					"hitShake": 1,
					"hitSound": "plasmaboom",
					"hitEffect": {
						"type": "MultiEffect",
						"effects": [
							{
								"type": "ParticleEffect",
								"particles": 4,
								"sizeFrom": 15,
								"sizeTo": 0,
								"length": 20,
								"baseLength": 48,
								"lifetime": 25,
								"colorFrom": "FEEBB380",
								"colorTo": "FEEBB300"
							},
							{
								"type": "ParticleEffect",
								"particles": 22,
								"line": true,
								"strokeFrom": 3,
								"strokeTo": 0,
								"lenFrom": 20,
								"lenTo": 0,
								"length": 63,
								"baseLength": 0,
								"lifetime": 20,
								"colorFrom": "FEEBB3",
								"colorTo": "FEEBB3"
							},
							{
								"type": "WaveEffect",
								"lifetime": 25,
								"sizeFrom": 0,
								"sizeTo": 66,
								"strokeFrom": 3,
								"strokeTo": 0,
								"colorFrom": "FEEBB3",
								"colorTo": "FEEBB3"
							}
						]
					},
					"despawnEffect": "none",
					"fragBullets": 4,
					"fragBullet": {
						"type": "PointBulletType",
						"trailSpacing": 9,
						"trailEffect": {
							"type": "ParticleEffect",
							"particles": 1,
							"length": 0,
							"baseLength": 1,
							"lifetime": 6,
							"line": true,
							"randLength": false,
							"lenFrom": 10,
							"lenTo": 10,
							"strokeFrom": 2,
							"strokeTo": 0,
							"colorFrom": "FEEBB3",
							"colorTo": "FEEBB3",
							"cone": 0
						},
						"lifetime": 8,
						"speed": 15,
						"status": "electrified",
						"statusDuration": 60,
						"buildingDamageMultiplier": 3,
						"splashDamageRadius": 10,
						"splashDamage": 25,
						"hitShake": 1,
						"hitSound": "laser",
						"hitEffect": {
							"type": "ParticleEffect",
							"particles": 1,
							"sizeFrom": 5,
							"sizeTo": 0,
							"length": 0,
							"baseLength": 0,
							"lifetime": 11,
							"colorFrom": "FEEBB3",
							"colorTo": "FEEBB3"
						},
						"despawnEffect": "none"
					}
				}
			},
			"parts": [
				{
					"type": "RegionPart",
					"suffix": "-管",
					"under": true,
					"moveY": -2.5,
					"heatProgress": "recoil",
					"progress": "recoil"
				}
			]
		},
    ],
}