{
	"type": "flying",
	"name": "挖掘者",
	"description": "挖掘基础资源后再回核心 ",
	"speed":1.5,
    "defaultController": "MinerAI",
	"rotateSpeed":2,
	"flying":true,
	"health":150,
	"armor":2 ,
	"hitSize":10,
	"engineOffset":5,
	"engineSize":2,
	"lowAltitude":true,
	//低空
	//"payloadCapacity":64,
	//载荷（64为1²格）
	"itemCapacity":30,
	//物品容量
	"mineSpeed":5,
	//挖矿速度
    "mineTier":1,
    //挖矿等级:0沙、废料；1铜、铅；2煤；3钛；4钍
    "mineItems":["压缩铅","压缩铜"],
    //"buildSpeed":0.5,
    //建筑速率
    //"buildBeamOffset":27,
    //建筑波束偏移
   // "immunities":[
       // "基因崩溃",
       // "孢子抑制",
        //"触礁",
      //  ],
    "research":"陆军工厂",
}
