{
	"type": "flying",
	"name": "星光",
	"description": "可以选择挖掘 修复以及建造三种类型的兵种 ",
	"speed":5,
	"rotateSpeed":5,
		// "details":"由于作者能力有限，Al搞不出来，所以只能用逻辑器控制挖矿。"
	"flying":true,
	"health":350,
	"armor":8 ,
	"hitSize":18,
	"engineOffset":4,
	"engineSize":3.5,
	"lowAltitude":true,
	//低空
		"weapons":[
	{	"name": "3",	
		"reload": 25, 
        "x": 5,  "y": -1,  
		"shoot":{
			"shots":2,
			"shotDelay":6},
        "rotate": false,
        "shootY":6,
        "top":true,
        "inaccuracy": 0,
        "alternate": false, 
		"shootSound": "lasershoot",
		"bullet":{	
	"type":"LaserBoltBulletType",
	    "frontColor":"FFFFFF",	
	    "backColor":"97FFA8FF",	
	    "healPercent":4,
	    "damage":15,
	    "collidesTeam":true,
	    "speed":7, "lifetime":24,
	    "width":2,	 "height":8	}	}
	    ]
	"payloadCapacity":512,
	//载荷（64为1²格）
	"itemCapacity":60,
	//物品容量
	"mineSpeed":8,
	"drawBuildBeam":true
	//挖矿速度
    "mineTier":2,
    //挖矿等级:0沙、废料；1铜、铅；2煤；3钛；4钍
       "mineItems":["压缩铅","压缩铅","碳化物"], 
    "buildSpeed":1.2,
    //建筑速率
    //"buildBeamOffset":27,
    //建筑波束偏移
   // "immunities":[
       // "基因崩溃",
       // "孢子抑制",
        //"触礁",
      //  ],
    "research":"挖掘者",
}
