{
	"type": "naval",
	"name": "赤潮",
	"description": "boss单位，自身没有攻击力但可建造大量单位并为附近的单位提供状态立场，移动极为缓慢",
		"immunities": [
		"潮湿"
		"冰冻"
		"自毁"
		"腐蚀"
		"燃烧"
	],
	"speed":0.28,
	"rotateSpeed":3,
	"ammoType":{
	"type":"PowerAmmoType",
	"totalPower":100},
	"ammoCapacity": 60,
    "trailLength":24,
    "waveTrailX":0,
    "waveTrailY":-6,
    "trailScl":2,
	"hitSize":32, 
	"health": 3160,
	"armor":56,
	"faceTarget": false,
	    "abilities": [/*能力（如力场防御等） */
	    {
			"type": "StatusFieldAbility",
			"duration": 120,
			"reload": 600,
			"range": 30,
			"applyEffect": "none",
			"activeEffect": {
				"type": "WaveEffect",
				"lifetime": 10,
				"sizeFrom": 8,
				"sizeTo": 40,
				"strokeFrom": 2,
				"strokeTo": 0,
				"colorFrom": "ffffff",
				"colorTo": "ffffff"
			},
			"effect": "防御"
		}
        {
        "type": "RepairFieldAbility"
        "amount":256
        "reload": 120
        "range": 88
    }
		{
			"type": "StatusFieldAbility",
			"duration": 1,
			"reload": 1,
			"range": 1,
			"applyEffect": "none",
			"effect": "boss"
		}]
		"weapons":[
		{"name": "无",	
			"shoot":{
		"shots":1,
	    "shotDelay":0,
		"type":"ShootAlternate",
		"barrels":4,
		"spread":4.5
	},
	"ammoUseEffect": "casing2Double",
	"shootSound":"respawn",
	"reload":420,
        "x": 0,  "y": 0, 
        "rotate": true,
		"shootY":3,
        "rotateSpeed":24,
        "inaccuracy": 0,
	"bullet":{
	         "type": "BasicBulletType",
             "spawnUnit": "腐云",
             "speed": 0,
	               	}}
		{"name": "无",	
			"shoot":{
		"shots":12,
	    "shotDelay":0,
		"type":"ShootAlternate",
		"barrels":4,
		"spread":4.5
	},
	"ammoUseEffect": "casing2Double",
	"shootSound":"respawn",
	"reload":300,
        "x": 0,  "y": 0, 
        "rotate": true,
		"shootY":3,
        "rotateSpeed":24,
        "inaccuracy": 0,
          "shootStatusDuration": 250,//发射时给自己的状态时间
	"shootStatus": "unmoving",//发射时给自己的状态
	"bullet":{
	"maxRange": 600,
	         "type": "BasicBulletType",
             "spawnUnit": "赤潮0",
             "speed": 0,
	               	}}
	               	{"name": "无",	
			"shoot":{
		"shots":5,
	    "shotDelay":0,
		"type":"ShootAlternate",
		"barrels":4,
		"spread":4.5
	},
	"ammoUseEffect": "casing2Double",
	"shootSound":"respawn",
	"reload":600,
        "x": 0,  "y": 0, 
        "rotate": true,
		"shootY":3,
        "rotateSpeed":24,
        "inaccuracy": 10
          "shootStatusDuration": 250,//发射时给自己的状态时间
	"shootStatus": "unmoving",//发射时给自己的状态
	"bullet":{
	"maxRange": 450,
	         "type": "BasicBulletType",
             "spawnUnit": "赤潮1",
             "speed": 0,
	               	}}
	               	{
			"name": "无",
			"reload": 2400,
			"recoil": 0,
			"x": 0,
			"y": 0,
			"rotate": true,
			"rotateSpeed": 15,
			"mirror": false,
			"inaccuracy": 360,
			"ejectEffect": "casing1",
			"shootSound": "artillery",
			"alternate": false,
				"heatColor":"FFFFFFFF",
				"shoot":{
			"shots":32,
			"shotDelay":5
			"firstShotDelay":300
		},
			"bullet": {
			"shootSound": "artillery",
				"damage":216,
				"speed": 3,
				"lifetime": 90,
				"width": 9,
				"height": 19
				"pierceCap": 4,
				"sprite":"无尽奇点-尖刺2",
				"intervalBullets":3,
				"pierceBuilding": true,
				"status":"燃烧",
				"buildingDamageMultiplier":2.0,
	"statusDuration":180,
	"makeFire":true,
			"intervalBullet": {
			"pierceCap": 2,
"homingRange": 80,
"homingPower": 0.03,
	    "damage":63,	  
	    "speed":1.5,
	    "buildingDamageMultiplier":2.0,
	    "lifetime":40,
	    "width":10,	 "height":10
	    "status":"燃烧",
	"statusDuration":60,
	"makeFire":true,
			}
			}
		}
	]
	"research": {
	"parent":"边卫"
	"objectives": [
            {
				"type": "SectorComplete",
				"preset": "ES海军要塞"
			}
	]
	}
	"researchCostMultiplier": 0,
	"details":"运筹帷幄，决胜千里",
}