{
"research":"charge",

"ammoTypes":{



"graphite":{
"type":"ShrapnelBulletType",//基础子弹
"length":90,//长度
"damage":44,//伤害
"ammoMultiplier":4,//每个物品能够
"reloadMultiplier":0.9,//装弹速度倍率
"width":20,
"fromColor":"b2c6d2",
"toColor":"B2C6D2",
    	"shoot": {
		"shots": 2,
		"shotDelay": 0,
        "type":"ShootBarrel",
        "barrels":[
        0,0,-25,
        0,0,25,]}
}

"blast-compound":{
"type":"ShrapnelBulletType",//基础子弹
"length":90,//长度
"damage":133,//伤害
"ammoMultiplier":2,//每个物品能够
"reloadMultiplier":0.6,//装弹速度倍率
"width":20,
"fromColor":"F97662FF",
"toColor":"FF5A40FF",
    	"shoot": {
		"shots": 1,
		"shotDelay": 0,
		"type": "ShootBarrel", 
        "type":"ShootBarrel",
        "barrels":[
        0,0,0,]}
}

"plastanium":{
"type":"ShrapnelBulletType",//基础子弹
"length":90,//长度
"damage":99,//伤害
"ammoMultiplier":2,//每个物品能够
"reloadMultiplier":0.9,//装弹速度倍率
"width":20,
"fromColor":"EDF3A9FF",
"toColor":"CBD97FFF",
    	"shoot": {
		"shots": 1,
		"shotDelay": 0,
		"type": "ShootBarrel", 
        "type":"ShootBarrel",
        "barrels":[
        0,0,0,]}
}

"titanium":{
"type":"ShrapnelBulletType",//基础子弹
"length":90,//长度
"damage":66,//伤害
"ammoMultiplier":4,//每个物品能够
"reloadMultiplier":1.3,//装弹速度倍率
"width":17,
"fromColor":"8da1e3",
"toColor":"97ABED",}

"thorium":{
"type":"ShrapnelBulletType",//基础子弹
"length":90,//长度
"damage":105,//伤害
"ammoMultiplier":5,//每个物品能够
"fromColor":"f9a3c7",//子弹颜色
"toColor":"F9ADD1",
"shootEffect":"thoriumShoot",
"smokeEffect":"thoriumShoot",
"reloadMultiplier":1,}

}   }
/*

      fuse = new ItemTurret("fuse"){{
            requirements(Category.turret, with(Items.copper, 225, Items.graphite, 225, Items.thorium, 100));

            reload = 35f;
            shake = 4f;
            range = 90f;
            recoil = 5f;

            shoot = new ShootSpread(3, 20f);

            shootCone = 30;
            size = 3;
            envEnabled |= Env.space;

            scaledHealth = 220;
            shootSound = Sounds.shotgun;
            coolant = consumeCoolant(0.3f);

            float brange = range + 10f;

            ammo(
                Items.titanium, new ShrapnelBulletType(){{
                    length = brange;
                    damage = 66f;
                    ammoMultiplier = 4f;
                    width = 17f;
                    reloadMultiplier = 1.3f;
                }},
                Items.thorium, new ShrapnelBulletType(){{
                    length = brange;
                    damage = 105f;
                    ammoMultiplier = 5f;
                    toColor = Pal.thoriumPink;
                    shootEffect = smokeEffect = Fx.thoriumShoot;
                }}
            );
        }};