{
	"type": "naval",
	"name": "赤潮",
	"description": "超限集团的航母，没有攻击能力，但是能发射无人机辅助战斗。[red]无人机重建较慢，无人机攻击状态不会移动。\n[blue][超限技术航母]",
		"immunities": [
"wet","spore-slowed","tarred","freezing","tarred"
	],
	"speed":0.5,
	"rotateSpeed":0.8,
	"ammoType":{
	"type":"PowerAmmoType",
	"totalPower":100},
	"ammoCapacity": 60,
    "trailLength":24,
    "waveTrailX":0,
    "waveTrailY":-6,
    "trailScl":2,
	"hitSize":36, 
	"healColor": "c0ecff"
  "shieldColor": "c0ecff"
	"health": 4580,
	"armor":8,
	"faceTarget": false,
	"maxRange": 450,
	    "abilities": [/*能力（如力场防御等） */
        {
        "type": "RepairFieldAbility"
        "amount":423
        "reload": 240
        "range": 88
    }]
	"weapons":[
	{	"name": "赤潮",	
		"reload":600
        "x": 0
         "y": 0
        "rotate": false,
        "inaccuracy": 0
		"shootSound": "respawn",
		"rotateSpeed": 1
		"alternate": true,
		"shootCone": 360,
		"ejectEffect":"casing1",
		"shootY":0
		"shootX":0
		"mirror":false
		"shoot":{
		"shots":3
	    "shotDelay":30,
		"type": "ShootBarrel",
		"barrels": [
    -3, 8, 0,
    -3, 2, 0,
    -3, -4, 0, 
  ]
	},
		"shootStatusDuration": 60,//发射时给自己的状态时间
	"shootStatus": "静止",//发射时给自己的状态
   "parts": [
   {
				"type": "RegionPart",
				"suffix": "-1",
				"layer": 72
			},
			{
      "type": "RegionPart"
      "outline": false
      "suffix": "-2"
      "x": -3
      "y": -4
      "layer": 71
      "color": "FFFFFF00"
      "colorTo": "FFFFFF"
      "progress": {
        "type": "smoothReload"
        "op": "compress"
        "start": 0.899
        "end": 0.9
      }
    }
    {
      "type": "RegionPart"
      "outline": false
      "suffix": "-2"
      "x": -3
      "y": -4
      "layer": 71
      "moveY": -16
      "progress": {
        "type": "smoothReload"
        "op": "compress"
        "start": 0.1
        "end": 0.2
      }
    }
			{
      "type": "RegionPart"
      "outline": false
      "suffix": "-2"
      "x": -3
      "y": 6
      "layer": 71
      "color": "FFFFFF00"
      "colorTo": "FFFFFF"
      "progress": {
        "type": "smoothReload"
        "op": "compress"
        "start": 0.949
        "end": 0.95
      }
    }
    {
      "type": "RegionPart"
      "outline": false
      "suffix": "-2"
      "x": -3
      "y": 6
      "layer": 71
      "moveY": -26
      "progress": {
        "type": "smoothReload"
        "op": "compress"
        "start": 0.2
        "end": 0.3
      }
    }
			{
      "type": "RegionPart"
      "outline": false
      "suffix": "-2"
      "x": -3
      "y": 16
      "layer": 71
      "color": "FFFFFF00"
      "colorTo": "FFFFFF"
      "progress": {
        "type": "smoothReload"
        "op": "compress"
        "start": 0.999
        "end": 1
      }
    }
    {
      "type": "RegionPart"
      "outline": false
      "suffix": "-2"
      "x": -3
      "y": 16
      "layer": 71
      "moveY": -36
      "progress": {
        "type": "smoothReload"
        "op": "compress"
        "start": 0.3
        "end": 0.4
      }
    }
			]
   "recoil": 0
		"bullet":{
		"type": "BasicBulletType",
             "spawnUnit": "无人机3",
             "speed": 0,
             }}
	]
/*	"research": {
	"parent":"uAABT1Q浮卵"
	"objectives": [
            {
				"type": "SectorComplete",
				"preset": "遗忘河滩"
			}
	]
	}*/
	//"controller": "DefenderAI"
}