{
    "type": "payload",
    "name":"苍啸"
    "payloadCapacity": 368
    "description": "用于向敌方建筑进行地毯式轰炸，投掷大量子母弹，母弹对建筑能造成巨大破坏，坠毁时会向地面单位泼洒能够自爆的特装机甲，飞行单位，迅速而坚硬，能够运载少量单位或建筑。\n\n[red]此单位不会在小地图上显示！！！\n\n[blue][超限技术特殊作战单元]",
    "immunities": [
		"wet","spore-slowed","tarred","shocked","freezing","甲板损坏"
	],
	"details":"超限集团通过对喷气式飞机和外装涂层的深入研究，发明出了这种无法被雷达直接扫描出来的隐形轰炸机，不过依旧能被摄像机所察觉"
    "speed": 1.8
    "hitSize": 52
    "health": 8260,
    "healColor": "c0ecff"
  "shieldColor": "c0ecff"
    	"rotateSpeed": 2.5
    	"ammoType":"copper",
	"ammoCapacity": 300,
        "targetAir":false,  
    "targetGround":true,
    "faceTarget": false,
		"circleTarget": true,
		"drawMinimap":false
    "flying": true,
    "armor":22
    "targetFlags":["turret","core"],
    "engineColor": "c0ecff",
	"trailColor": "1878BF",
	"engineLayer": 100,
	"engineSize": 3.1,
	"engineOffset": 6,
	"trailLength": 18,
	"trailWidth": 2,
	"itemCapacity": 5
	"abilities": [
	{
			"type": "SpawnDeathAbility",
			"unit": "侧卫-A",
			"amount": 5
			"randAmount": 0
			"spread": 0,
	    "faceOutwards": false,
	},
	{
"type": "RegenAbility",
"amount": 1.2
}
]
    "weapons": [
   {	"name": "无",	
		"reload": 560, 
		"x": 0,  "y": 0, 
		"rotate": false,
		"shootCone":360,
		"ejectEffect":"none",
		"shootSound":"explosionbig",
		"minShootVelocity":0.1
		"mirror":false,
		"inaccuracy": 0,
		"alternate": true,
		//"shootOnDeath":true,
		 "shoot":{
	    "type": "ShootAlternate",
		"barrels": 6
		"spread": 3
		"shots":11
		"shotDelay":12,
	},
		"bullet":{
		"type":"BasicBulletType",
		"lightningDamage":19,
            "lightningColor": "c0ecffFF",
    "lightning":4
    "lightningLength":12
		//"killShooter":true,
		"splashDamageRadius":60,
		//"instantDisappear":true,//立即消失
		"keepVelocity":false,//受惯性影响
		"collides": false,
		"splashDamage":126,
		"sprite":"large-bomb"
		"collidesGround":true,
		"collidesAir":false,
		"maxRange":40
		"speed":0.7,"lifetime":120,
		"drag":0.01
		"hitEffect":"massiveExplosion",
		"buildingDamageMultiplier":5
		"despawnEffect":{"type": "MultiEffect",
			"effects": [
			    {
					"type":"WrapEffect",
					"effect":"dynamicSpikes",
					"color":"c0ecff",
					"rotation":16
				},
				{
					"type":"WrapEffect",
					"effect":"dynamicSpikes",
					"color":"1878BF",
					"rotation":32
				}
				{
				    "type": "WaveEffect",
				    "lifetime": 30,
				    "sizeFrom": 20,
				    "sizeTo": 70,
				    "strokeFrom": 8,
				    "strokeTo": 0,
				    "colorFrom": "c0ecff",
				    "colorTo": "c0ecff"
				}
				]},
		"width":18,	 "height":18
		"backColor": "c0ecff",
		"frontColor": "c0ecff",
		"trailLength":12
		"trailWidth":0.5,
		"trailColor":"1878BF",
		"spin":1
        "shrinkX":0.5
        "shrinkY":0.5
			"fragBullets":3
			"fragRandomSpread": 0,
			"fragSpread": 120
			"fragBullet": {
			"type": "ShrapnelBulletType",
            "length": 44
            "damage": 8
            "width": 3
            "fromColor": "c0ecff",
            "toColor": "c0ecff",
            "pierce": true,
                "makeFire":true,
			"status":"burning",
			"statusDuration":88
            "shootEffect": {
                "type": "ParticleEffect",
                "particles": 9,
                "sizeFrom": 9,
                "sizeTo": 0,
                "line": true,
                "length": 55,
                "baseLength": 0,
                "lifetime": 15,
                "colorFrom": "c0ecff",
                "colorTo": "c0ecff",
                "cone": 60
 }
 "fragBullets":1
        "fragBullet":{
				 "type":"BasicBulletType",
		//"killShooter":true,
		"splashDamageRadius":32,
		"splashDamage":22,
		"speed":0.25,"lifetime":200,
				 "width":6,	 "height":6
				 "backColor": "c0ecff",
				"frontColor": "c0ecff",
				 "trailLength":3
    "trailWidth":1.5,
    "trailColor":"1878BF",
    "pierce":true
    "pierceBuilding":true
    "parts": [
                    {
                        "type": "FlarePart",
                        "rotation": 0,
                        "color1": "c0ecff",
                        "stroke": 2,
                        "radius": 0,
                        "radiusTo": 12,
                        "progress": {
                            "type": "life",
                            "op": "curve",
                            "interp": "pow3Out"
                        }
                    }
                ]
		"fragBullets":4
        "fragBullet":{
       "type": "ShrapnelBulletType",
            "length": 14
            "damage": 8
            "width": 1
            "fromColor": "c0ecff",
            "toColor": "c0ecff",
            "pierce": true,
                "makeFire":true,
			"status":"burning",
			"statusDuration":88
            "shootEffect": {
                "type": "ParticleEffect",
                "particles": 9,
                "sizeFrom": 3,
                "sizeTo": 0,
                "line": true,
                "length": 22,
                "baseLength": 0,
                "lifetime": 15,
                "colorFrom": "c0ecff",
                "colorTo": "c0ecff",
                "cone": 60
 }
 "fragBullets":1
        "fragBullet":{
        "type": "EmpBulletType",
				"timeIncrease": 0,//己方建筑加速倍率
				"collidesTiles": "false",//碰撞方块
				"collidesTeam": "false"//碰撞自己的队友
				"timeDuration": 0,//加速持续时间
				"powerDamageScl": 3,//敌方电器损坏倍率
				"powerSclDecrease": 0.5,//敌方电器功率下降倍率
				"radius": 68,
				"pierce": true,//穿透单位
				"splashDamageRadius": 16,
				"splashDamage": 12,
				"width": 0,
				"height": 0,
				"damage": 10,
				"keepVelocity": true,
				"trailEffect": "none",
				"backColor": "c0ecff",
				"frontColor": "c0ecff",
				"instantDisappear": true,//瞬间消失
				"hitSound": "plasmaboom",
				"despawnEffect": "none"
				"hitPowerEffect": {
					"type":"WrapEffect",
					"effect":"dynamicSpikes",
					"color":"c0ecff",
					"rotation":8
				},
		    	"applyEffect": "none"
		    	"hitEffect": "none"
		    	"shootEffect": "none"
			}
			}
				 }
				 }
	   }
	   	}
    ]
/*   "research": {
	"parent":"uAABT1I掠影"
	"objectives": [
            {
				"type": "SectorComplete",
				"preset": "saltflats"
			}
	]
	}*/
}