{"localizedName": "前列基地",
"name": "前列基地",
	"description": "\"我重生了，重生到了玩家降临赛普罗前\"\n\"上一世我疏于防备，让玩家仅用两个小时就速通了行星终端，这一世我要在零号地区旁边建造基地，打玩家一个措手不及\"",
	"planet":"serpulo"//母星名字。
	"sector":174//区块坐标
	//"captureWave":15//胜利波次
	"difficulty":3
	"alwaysUnlocked": false,
	"research": {
		"parent": "零号地区",
		"objectives": [
		{"type": "SectorComplete",//占领地图
		"preset": "零号地区"},
		]
	 }
}