{"localizedName": "增生区",
"name": "增生区",
	"description": "这里的孢子靠近它最初的发源地，因此得以疯狂生长。

敌人在此处建立了一个前哨站，建造尖刀单位来摧毁它。",
	//"details":"",
    "planet":"serpulo"//母星名字。
    "sector":134//区块坐标
    "captureWave":31//胜利波次
    "difficulty":5//难度
    "alwaysUnlocked": false,
    "research": {
		"parent": "陨石带",
		"objectives": [
//		"",//研究xx
		{"type": "SectorComplete",//占领地图
		"preset": "陨石带"},
		]
	 }
}