{"localizedName": "生物质合成区",
"name": "生物质合成区",
	"description": "孢子的发源地，有研究和生产孢子的原始设施。
[lightgray]设施损毁后，孢子散播了出去，原生生态系统完全无法抵挡这种外来物种。

研究这里的科技，培养孢子来制造燃料和聚合物。",
	//"details":"",
    "planet":"serpulo"//母星名字。
    "sector":81//区块坐标
    "captureWave":20//胜利波次
    "difficulty":4//难度
    "alwaysUnlocked": false,
    "research": {
		"parent": "冰冻森林",
		"objectives": [
//		"",//研究xx
		{"type": "SectorComplete",//占领地图
		"preset": "冰冻森林"},
		]
	 }
}