{"localizedName": "萃取前哨",
"name": "萃取前哨",
	"description": "一座遥远的前哨，敌人建造它向其他区块发射资源。
跨区块运输是征服这个星球不可或缺的一项技术。

摧毁敌方基地，研究发射台。",
	//"details":"",
    "planet":"serpulo"//母星名字。
    "sector":165//区块坐标
    "captureWave":40//胜利波次
    "difficulty":6//难度
    "alwaysUnlocked": false,
    "research": {
		"parent": "风吹群岛",
		"objectives": [
//		"",//研究xx
		{"type": "SectorComplete",//占领地图
		"preset": "风吹群岛"},
		]
	 }
}