{"localizedName": "风吹群岛",
"name": "风吹群岛",
	"description": "海岸线之外坐落着这一串群岛。 据记载这里曾有生产[accent]塑钢[]的建筑。

抵御敌人的海军，在岛上建立基地，研究生产建筑。",
	//"details":"",
    "planet":"serpulo"//母星名字。
    "sector":246//区块坐标
    "captureWave":30//胜利波次
    "difficulty":4//难度
    "alwaysUnlocked": false,
    "research": {
		"parent": "遗迹海岸",
		"objectives": [
//		"",//研究xx
		{"type": "SectorComplete",//占领地图
		"preset": "遗迹海岸"},
		]
	 }
}