{
    "type":"ConsumeGenerator"
    "name":"风力发电机"
	"description":"物如其名"
	"details":"别问我风哪来的"
    "category": "power",
    "requirements": [
        "copper/100"
        "lead/100"
    ],
    "size": 1,
    "health": 100,
    "itemCapacity": 0,
    "hasLiquids": false,
//"generateEffect":"generatespark"
    "powerProduction": 0.50,
    "itemDuration": 140.00,
    "consumes": {
    }
    	"research":{
	"parent":"steam-generator",
	"requirements":[
		"copper/1000","lead/1000"
	]}
    
}