{
	"type": "RepairTower",
	"size": 5,
	"itemCapacity": 1,
	"liquidCapacity": 60,
	"consumes": {
		"power": 30,
		"items": [
			"肃正协议/1"
		],
		"liquid": "cryofluid/1"
	},
	"range": 8000,
	"healAmount": 5,
	"circleColor": "73FFAE",
	"glowColor": "73FFAE7B",
	"circleSpeed": 120,//速度
	"circleStroke": 3,//粗细
	"squareRad": 4,//大小
	"squareSpinScl": 1.2,//转速
	"glowMag": 0.5,//幅度
	"glowScl": 12,//频率
	"requirements": [
		"铱板/1200",
		"导能回路/810",
		"陶钢/360",
		"生物钢/225"
	],
	"category": "units",
	"research": "repair-turret"
}