{
    "name": "出征",
    "research":""
    "description": "小型战争机器",
    "type": "tank",
    "armor": 15,
    "speed":2,
    "rotateSpeed":8,
    "hitSize":15,
    "treadFrames":50,
    "health":80000,
    "treadPullOffset":0.3,
    "rippleScale":1.2
    "squareShape":true
    "omniMovement":false
    "rotateMoveFirst":true
    "itemCapacity":100,
    "outlineColor": "212121",
	//描边颜色
	"envDisabled":0,
    //需要的环境
    "crushDamage":4,
    //碰撞伤害
    "immunities":[
        "短路",
        "burning"
        ],
        "ammoType":{
        "type":"ItemAmmoType",
        "item":"初代合晶",
    },
	"weapons":[
      {	"name": "尖刀S机炮",
	"reload":10, 
	"shake":3,
	"recoil":1,
    "x": 4,  "y": 8,    
    "shootX":0, "shootY":3,
    "rotate": true,
    "top":true,
    "inaccuracy": 0,
    	"shoot":{
    	"type":"ShootAlternate",
    	"barrels":3,
		//炮口数量
		"spread":2.5,
		//炮口间距设定
		"shots":3,
		//每次射出子弹数
		"shotDelay":0.2,
		//射击延迟
    },
	"shootSound": "shootBig",
	"alternate": true,
	"ejectEffect":"casing4",
	"bullet":{
	   "damage":200, 
   // "splashDamage":600,
      "reflectable":false,//被反弹
  //  "splashDamageRadius":40,
   	"pierce": true,
	"pierceBuilding":true,
    "pierceArmor": true,
	"pierceCap":2,
    "speed":10,
    "lifetime":40,
    "hitSound":"explosion",
    "shootEffect":"shootBig",
    "smokeEffect":"shootBigSmoke",
    "width":5,	 "height":10,
	"despawnEffect":"flakExplosionBig"
	}
	}
	      {	"name": "尖刀S机炮",
	"reload":10, 
	"shake":3,
	"recoil":1,
    "x": 4,  "y": 0,    
    "shootX":0, "shootY":3,
    "rotate": true,
    "top":true,
    "inaccuracy": 0,
    	"shoot":{
    	"type":"ShootAlternate",
    	"barrels":2,
		//炮口数量
		"spread":2.5,
		//炮口间距设定
		"shots":2,
		//每次射出子弹数
		"shotDelay":0.5,
		//射击延迟
    },
	"shootSound": "shootBig",
	"alternate": true,
	"ejectEffect":"casing4",
	"bullet":{
	   "damage":150, 
   // "splashDamage":600,
      "reflectable":false,//被反弹
  //  "splashDamageRadius":40,
   	"pierce": true,
	"pierceBuilding":true,
    "pierceArmor": true,
	"pierceCap":2,
    "speed":10,
    "lifetime":40,
    "hitSound":"explosion",
    "shootEffect":"shootBig",
    "smokeEffect":"shootBigSmoke",
    "width":5,	 "height":10,
	"despawnEffect":"flakExplosionBig"
	}
	}
	    {
            "name":"",
            "mirror":true,
            "y":0,
            "x":0,
               "top":false,
            //"shootY":9,
            "reload":20
                "rotateSpeed":8,
            //射速
	            	"shoot": {
    "type": "shootBarrel",
    "shots": 5,//炮口数量
    "barrels": [
    0,0,0,
   0,0,10
    0,0,-10,
     0,0,5
    0,0,-5,
    ],//炮口位置（左右，前后，倾斜）
    "shotDelay":0,
}
            "recoil":0,
            //后坐力
            "shake":0.5,
            //屏幕摇晃
           // "shootSound": "missileSmall",
            "rotate":true,
            "inaccuracy":3,//不准确度
            "bullet": {
                	"type":"MissileBulletType",
	"damage": 62,
	"shootEffect":"none",
	"smokeEffect":"none",
	"splashDamageRadius":35,
	"splashDamage":52,
    "lightningDamage":13,
    "lightning":2,
    "lightningLength":10,
        "lightningCone": 200,
	"hitEffect":"flakExplosionBig",
	"despawnEffect":"flakExplosion",
    "width": 8,	"height": 9,
	"speed": 4.5,	"lifetime": 70
            }
            }
            ]
}