{
	"type": "GenericCrafter",
	"size": 5,
	"health": 560,
	"craftTime": 10,
	"rotate": true,
	"invertFlip": true,
	"liquidCapacity": 110,
	"regionRotated1": 3,
	"requirements": [
    "silicon/60"
    "plastanium/55"
    "thorium/45"
    "lead/30"
    "metaglass/80"
    ],
    "outputLiquids":[

        {"liquid": "页岩气","amount":0.4},
		{"liquid": "oil","amount":0.75}
		],

	"consumes": {
		"power":3,
		"liquid": {"liquid":"原油","amount":1,}	
	},
    "liquidOutputDirections": [1,3],
    "ambientSound": "electricHum",
    "ambientSoundVolume": 0.08,
	"category": "crafting",
	"research": "coal-centrifuge"
	}