{
	"type": "GenericCrafter",
	"outputItem": "铝合金/3",
	"size": 3,
	"hasPower": true,
	"hasLiquids": true,
	"hasItems": true,
	"craftTime": 120,
	"itemCapacity": 30,
	"liquidCapacity": 40,
	"drawer": {
		"type": "DrawMulti",
		"drawers": [
			{
				"type": "DrawRegion",
				"suffix": "-bottom"
			},
			/*
			{
				"type": "DrawPistons",
				"sinMag": 1
			},
			*/
			"DrawDefault",
			"DrawFade"
		]
	},
	"craftEffect": "formsmoke",
	"updateEffect": "plasticburn",
	"consumes": {
		"power": 4,
		"liquids": [
		"water/0.1",
		"淡气/0.2"
		]
		"items": [
			"铝土/5",
			"silicon/2",
			"冰晶石/2"
		]
	},
	"requirements": [
		"thorium/80",
		"硅钢片/30",
		"plastanium/50"
		"silicon/60"
		"metaglass/35"
	],
	"category": "crafting",
	"research": "plastanium-compressor"
}