{
    "type": "UnitAssembler",
    "name": "灾星重构终端",
    "description": "在以前的原版时期，制造一个灾星是极为困难的，但是直到现在，我们有了灾星重构终端，以前制造灾星，需要建造很多个升级厂，现在一个都不用建！\n一个都不用建了！！\n一个 都不用 建了！！！\n灾星重构终端！省时，省事儿，省资源！想不想灾星闪击战？想不想4分钟两灾星！想就整这个！",
    "health": 6520,
    "size": 7,
    "droneType": "assembly-drone",
    "liquidCapacity": 546,
    "category": "units",
    "canOverdrive": false,
    "research": {
        "parent": "exponential-reconstructor",
        "objectives": [
            "vela"
        ]
    },
    "consumes": {
        "power": 14.2,
        "liquid": {
            "liquid": "cryofluid",
            "amount": 1.3
        }
    },
    "areaSize": 19,
    "plans": [
        {
            "unit": "vela",
            "time": 6060,
            "requirements": [
                "pulsar/4",
                "plastanium-wall-large/9",
                "titanium-wall-large/14",
                "door-large/8"
            ]
        }
    ],
    "regionSuffix": "-dark",
    "researchCostMultiplier": 0.4,
    "requirements": [
        "芯片/80",
        "钛铅合金/260",
        "phase-fabric/500",
        "thorium/1600",
        "lead/1500",
        "titanium/600",
        "plastanium/500"
    ]
}