{
	//"type": "UnitFactory",//类型
	"category":"production",//菜单栏
	"name": "锆采集工厂",//名字
	"description": "生产锆采集者以采集锆",//介绍
    "hasPower": false,
	"research": {
	"parent": "一级基站"//科技树前置
	"requirements": [//研究花费
	"锆/50",
	]	 },

	"requirements": [//建造消耗
	"锆/80",
	],
	"health":200,//血量
	"size":2,//大小

	"plans":[
		{
		 "unit": "锆采集者", 
		"time": 900, //制造时间帧
		"requirements": [//制造材料
		"锆/30",
		]	
		}
		]
}