{
	"name": "加强版爆破钻头",
	"description": "超级钻头，无比坚硬的合金可以以极高的效率钻探矿物.",
	"type": "Drill",
	"drillEffect": "mineBig",
	"health": 900,
	"heatColor":"bea8a8",
	"tier": 20,
	"size": 4,
	"rotateSpeed":7,
	"drillTime": 75,
	"liquidBoostIntensity":2,
	"drawMineItem":true,
	"consumes": {
		"power": 4.5,
		"liquid": {
			"liquid": "water",
			"amount": 0.6
			"booster": true
			"optional": true
		}
	},
	"requirements": [
		{ "item": "lead", "amount": 120 },
		{ "item": "thorium", "amount": 100 },
		{ "item": "silicon", "amount": 120 },
		{ "item": "plastanium", "amount": 50 },
		{ "item": "graphite", "amount": 100 },
		{ "item": "titanium", "amount": 100 },
		{ "item": "copper", "amount": 100 },
		{ "item": "钛晶", "amount": 225 }
		{ "item": "离子合金", "amount": 25 }
	],
	"category": "production",
	"research": "blast-drill"
}