{
    "name":"青叶"
	"details":"全能攻防辅一体化",
	"description":"向敌人速射子弹,子弹无视护甲"
	"flying": true,
	"controller": "FlyingFollowAI",
	"faceTarget": true,
	"drawMinimap": false,
	"health": 240,
	"armor": 3,
	"engineOffset": 6,
	"engineSize":2.4,
	"itemCapacity": 20,
	"buildSpeed": 1.2,
	"range":120,
	"abilities": [
	{
			"type": "ForceFieldAbility",
			"radius": 14
			"regen": 0.016
			"sides": 5
			"max": 40
			"cooldown":430
}    
{
        "type": "RegenAbility",
        "percentAmount": 0.0018
}
]
	"weapons":[
	{
	"name": "O枪",
	"reload":4
	"top":false,
	"x":3.8,  "y": -3.3,
	"rotate": false,
	"inaccuracy": 6,
	"shootSound": "missile",
	"alternate": true,
	"bullet":{
	"type":"MissileBulletType",
	"healPercent":0.3,   
	"frontColor":"FFFFFF",	
	"backColor":"eec591",
	"trailColor":"eec591",
	"pierceArmor": true
	"damage":2.3
	"hitSound":"none",
	"shootEffect": "shootBig",
	"despawnEffect":"none",
	"splashDamage": 1
	"splashDamageRadius": 1
	"collidesTeam":true,  
	"hitEffect": {
					"type": "waveEffect",
					"baseLength": 0,
					"sizeFrom":1
					"sizeTo":6
					"lifetime": 10,
					"colorFrom": "ffffff",
					"colorTo": "eec591",
					"cone": 2
				},
	"speed":4.5,	"lifetime":35,
	"width":4,	 "height":9
	        }
	    }
	]
	"research":"逐空船坞"
}