{
"name":"钴蓝抽水机" ,
"description":"钴钴钴",
"type": "SolidPump",
"health": 160,
"size": 2,
"floating":true,
"hasLiquids": true
"liquidCapacity": 30,
	"requirements": [
	    {"item": "钴蓝合金", "amount": 30},
	    {"item": "磁钛", "amount": 30},
	    {"item": "graphite", "amount": 30},
],
"consumes": {
        "power": 2,
        }
"pumpAmount": 0.24,
"rotateSpeed": 1.8,
"result":"water",
"baseEfficiency": 1,
"attribute": "water",
"category": "production",
"research": "water-extractor"
"alwaysUnlocked":false,
}