{
	"type": "missile",
	"template": "MissileUnitType",
	"name": "辅弹",
	"show":false,
	"speed": 10,
	"lifetime": 210,
	"rotateSpeed": 5,
	"loopSoundVolume": 0.03,
	"deathSound": "explosionbig",
	"hidden": true,
	"missileAccelTime": 95,
	"hitSize": 18,
	"health": 600,
	"armor": 15,
	"fogRadius": 16,
	"engineColor": "D89F6B",
	"trailColor": "D89F6B60",
	"trailLength": 35,
	"engineLayer": 110,
	"engineOffset": 8,
	"engineSize": 4,
	"maxRange": 30,
	"weapons": [
		{
			"x": 0,
			"y": 0,
			"reload": 1,
			"mirror": false,
			"rotate": true,
			"shake": 10,
			"shootSound": "none",
			"shootOnDeath": true,
			"shootCone": 360,
			"bullet": {
				"collides":false,
				"instantDisappear": true,
				"ammoMultiplier": 1,
				"hitSound": "titanExplosion",
				"hitSoundVolume": 6,
				"killShooter": true,
				"splashDamageRadius": 40,
				"splashDamage": 200,
				"splashDamagePierce": true,
				"buildingDamageMultiplier": 0.05,

				"hitShake": 15,
				"shootEffect":  {
					"type": "MultiEffect",
					"effects": [
						"massiveExplosion",
						{
							"type":"WrapEffect",
							"effect":"scatheExplosion",
							"color":"D89F6B"
						}
					]},
				"smokeEffect": "none",
				"despawnEffect": "none",
				"hitEffect": {
					"type": "MultiEffect",
					"effects": [
						{
							"type": "ParticleEffect",
							"particles": 26,
							"sizeFrom": 24,
							"sizeTo": 0,
							"length": 96,
							"baseLength": 10,
							"interp": "pow10Out",
							"sizeInterp": "pow10Out",
							"lifetime": 50,
							"colorFrom": "D89F6B",
							"colorTo": "D89F6B00"
						},
						{
							"type": "WaveEffect",
							"lifetime": 22,
							"interp": "circleOut",
							"sizeFrom": 0,
							"sizeTo": 180,
							"strokeFrom": 10,
							"strokeTo": 0,
							"colorFrom": "D89F6B",
							"colorTo": "D89F6B"
						}
					]
				}
			}
		}
	]
}