{
	"type": "missile",
	"template": "MissileUnitType",
	"name": "阔斧导弹（1）",
	"show":false,
	"homingDelay": 90,
	"speed": 11,
	"lifetime": 330,
	"rotateSpeed": 5,
	"loopSoundVolume": 0.03,
	"deathSound": "explosionbig",
	"hidden": true,
	"missileAccelTime": 95,
	"hitSize": 18,
	"health": 700,
	"armor": 20,
	"fogRadius": 8,
	"engineColor": "D89F6B",
	"trailColor": "D89F6B60",
	"trailLength": 35,
	"engineLayer": 110,
	"engineOffset": 8,
	"engineSize": 4,
	"maxRange": 30,
	"weapons": [
		{
			"x": 0,
			"y": 0,
			"reload": 1,
			"mirror": false,
			"rotate": true,
			"shake": 10,
			"shootSound": "none",
			"shootOnDeath": true,
			"shootCone": 360,
			"bullet": {
				"collides":false,
				"instantDisappear": true,
				"ammoMultiplier": 1,
				"hitSound": "titanExplosion",
				"hitSoundVolume": 6,
				"killShooter": true,
				"splashDamageRadius": 120,
				"splashDamage": 2048,
				"buildingDamageMultiplier": 0.05,
				"hitShake": 80,
				"shootEffect":  {
					"type": "MultiEffect",
					"effects": [
						{
							"type":"WrapEffect",
							"effect":"massiveExplosion",
							"color":"D89F6B"
						},
						{
							"type":"WrapEffect",
							"effect":"scatheExplosion",
							"color":"D89F6B"
						}
					]},
				"smokeEffect": "none",
				"despawnEffect": "none",
				"hitEffect": {
					"type": "MultiEffect",
					"effects": [
						{
							"type": "ParticleEffect",
							"particles": 26,
							"sizeFrom": 30,
							"sizeTo": 0,
							"length": 196,
							"baseLength": 56,
							"interp": "pow10Out",
							"sizeInterp": "pow10Out",
							"lifetime": 120,
							"colorFrom": "D89F6B",
							"colorTo": "D89F6B00"
						},
						{
							"type": "WaveEffect",
							"lifetime": 80,
							"interp": "circleOut",
							"sizeFrom": 0,
							"sizeTo": 256,
							"strokeFrom": 10,
							"strokeTo": 0,
							"colorFrom": "D89F6B",
							"colorTo": "D89F6B"
						},
						{
							"type": "WaveEffect",
							"lifetime": 120,
							"interp": "circleOut",
							"sizeFrom": 0,
							"sizeTo": 2000,
							"strokeFrom": 10,
							"strokeTo": 0,
							"colorFrom": "D89F6B",
							"colorTo": "D89F6B"
						}
					]
				},
				"fragBullets": 5,
				"fragLifeMax": 1,
				"fragLifeMin": 0.5,
				"fragVelocityMax": 1,
				"fragVelocityMin": 0.4,
				"fragBullet": {
					"type": "ArtilleryBulletType",
					"speed": 10,
					"drag": 0.016,
					"lifetime": 5,
					"collidesAir": true,

					"sprite": "circle"
					"frontColor": "D89F6B",
					"backColor": "D89F6B",
					"trailColor": "D89F6B",
					"trailLength": 16,
					"trailWidth": 3.4,

					"splashDamage": 240,
					"splashDamageRadius": 80,
					"buildingDamageMultiplier": 0.05,
					
					"hitEffect": "none",
					"despawnEffect": {
						"type": "MultiEffect",
						"effects": [
							{
								"type": "WaveEffect",
								"interp": "circleOut",
								"lifetime": 22,
								"sizeFrom": 10,
								"sizeTo": 48,
								"strokeFrom": 6,
								"strokeTo": 0,
								"colorFrom": "D89F6B",
								"colorTo": "D89F6B"
							},
							{
								"type": "ParticleEffect",
								"interp": "circleOut",
								"sizeInterp": "pow10Out",
								"sizeFrom": 12,
								"sizeTo": 8,
								"baseLength": 10,
								"length": 48,
								"colorFrom": "D89F6B",
								"colorTo": "D89F6B00"
							}
						]
					}
				}
			}
		}
	]
}