{
    "name":"晶体核心"
	"description":"使用晶体强化的基地，适用于任何星球，",
	"itemCapacity":11000,
	//容量
	"armor":10,
	"alwaysUnlocked":false,
	//开局解锁
	"hasItems": true,
	//是否可以存有物品
	"health":8000,
	//生命
	"unitCapModifier":22,
	//最大单位数量
	"unitType":"探索者ll",
	//出生机甲
	"size":3,
	//占地边长支持1~9对应贴图1x1=32x32像素.
	"requirements": [
	    "铝/2500",
	    "锂/2800",
	    "废晶/1800",
		    "纯硅晶/1800",    
	    ],
	    //建造消耗。
	"category": "effect",
	//菜单栏类别
	"research": "基础核心"
	//科技树
}