{
	"type": "PowerTurret",
	"size": 8,
	"name":"光辉",
	"description":"光辉",
	"health":12000,
	"reload":20,
	"range":1200,
	"hasItems":true,
	"maxAmmo":300,
	"ammoUseEffect":"none",
	"targetAir" : true, 
	"shootShake":18,
	"targetGround" : true,
	"recoilAmount" : 8,
	"ammoPerShot":50,
	"rotateSpeed": 1.5,
	"shootSound" : "missile",
	"shootEffect": {
		"type": "multiEffect",
			"lifetime": 60,
			"effects": [
			{
            "type": "WaveEffect"
            "sizeFrom": 240
            "sizeTo": 0
            "lifetime":90
            "sides":4
            "colorFrom": "77D336FF"
            "colorTo": "77D336FF"
            "strokeFrom":4
            "strokeTo": 0
            }
            {
            "type": "WaveEffect"
            "sizeFrom": 200
            "sizeTo": 0
            "lifetime":90
            "sides":4
            "colorFrom": "77D336FF"
            "colorTo": "77D336FF"
            "strokeFrom": 4
            "strokeTo": 0
            }
            {
            "type": "WaveEffect"
            "sizeFrom": 160
            "sizeTo": 0
            "lifetime":90
            "sides":4
            "colorFrom": "77D336FF"
            "colorTo": "77D336FF"
            "strokeFrom": 4
            "strokeTo": 0
            }
            {
            "type": "WaveEffect"
            "sizeFrom": 120
            "sizeTo": 0
            "lifetime":90
            "sides":4
            "colorFrom": "77D336FF"
            "colorTo": "77D336FF"
            "strokeFrom": 4
            "strokeTo": 0
            }
            {
            "type": "WaveEffect"
            "sizeFrom": 80
            "sizeTo": 0
            "lifetime":90
            "sides":4
            "colorFrom": "77D336FF"
            "colorTo": "77D336FF"
            "strokeFrom": 4
            "strokeTo": 0
            }
            {
            "type": "ParticleEffect",
            "particles": 24,
            "sizeFrom": 16,
            "sizeTo": 0,
            "length": 48,
            "baseLength": 5,
            "lifetime": 40,
            "colorFrom": "77D336FF",
            "colorTo": "77D336FF",
            "cone":360
            }
			]
		},
	"consumes": {
    "power":1000
    "coolant":{
           "amount":4,
           "optional":true}
    },
	"shootType":{
	    "type": "BasicBulletType",
		"sprite": "拂尘-刺",
		"height":120,
		"width":120,
		"speed": 12,
		"damage":12800,
		"lifetime":600,
		"spin": 6,
		"homingPower": 0.08,
		"homingRange":1600,
		"frontColor": "77D336FF",
		"backColor": "77D336FF",
		"lightRadius":240,
		"despawnShake": 18,
		"trailLength": 40,
		"trailWidth": 8,
		"trailColor": "77D336FF",
		"pierce":true
		"hitEffect": {
		"type": "multiEffect",
		"effects": [
		{
            "type": "WaveEffect"
            "sizeFrom": 320
            "sizeTo": 0
            "lifetime":90
            "sides":4
            "colorFrom": "77D336FF"
            "colorTo": "77D336FF"
            "strokeFrom": 4
            "strokeTo": 0
            }
            {
            "type": "WaveEffect"
            "sizeFrom": 280
            "sizeTo": 0
            "lifetime":90
            "sides":4
            "colorFrom": "77D336FF"
            "colorTo": "77D336FF"
            "strokeFrom": 4
            "strokeTo": 0
            }
            {
            "type": "WaveEffect"
            "sizeFrom": 240
            "sizeTo": 0
            "lifetime":90
            "sides":4
            "colorFrom": "77D336FF"
            "colorTo": "77D336FF"
            "strokeFrom": 4
            "strokeTo": 0
            }
            {
			"type": "ParticleEffect",
			"particles": 25,
			"length": 80,
			"baseLength": 8,
			"lifetime": 40,
			"interp": "circleOut",
			"sizeFrom": 24,
			"sizeTo": 8,
			"colorFrom": "77D336FF",
			"colorTo": "77D336FF"
			}
			{
			"type": "ParticleEffect",
			"particles": 30,
			"length": 80,
			"baseLength": 8,
			"lifetime": 40,
			"interp": "circleOut",
			"sizeFrom": 32,
			"sizeTo": 12,
			"colorFrom": "77D336FF",
			"colorTo": "77D336FF"
			},		
		]}
		"fragBullets":3,
		"fragBullet": {
		"type": "BasicBulletType",
		"sprite": "拂尘-刺",
		"damage":3860,
		"frontColor": "77D336FF",
		"backColor": "77D336FF",
		"lifetime":180,
		"speed": 15,
		"height": 60,
		"width": 60,
		"spin":4,
		"drag":-0.01,
		"homingPower": 0.08,
		"homingRange":800,
		"pierce":true
		"despawnEffect": {
			"type": "multiEffect",
			"effects": [{
			"type": "ParticleEffect",
			"particles": 1,
			"sizeFrom": 40,
			"sizeTo": 0,
			"length": 0,
			"spin": 2,
			"layer": 110,
			"interp": "swing",
			"lifetime": 45,
			"lightColor": "77D336FF",
			"colorFrom": "77D336FF",
			"colorTo": "77D336FF"
			},
			]
			}
		"chargeEffect": {
			"type": "MultiEffect",
			"lifetime": 60,
			"effects": [
				{
					"type": "ParticleEffect",
					"particles": 20,
					"lenFrom": 20,
					"lenTo": 0,
					"strokeFrom": 4,
					"strokeTo": 4,
					"line": true,
					"length": 80,
					"baseLength": -80,
					"lifetime": 60,
					"colorFrom": "77D336FF",
					"colorTo": "77D336FF",
					"cone": 360
				},
				{
					"type": "ParticleEffect",
					"particles": 4,
					"sizeFrom": 0,
					"sizeTo": 32,
					"length": 0,
					"baseLength": -0,
					"lifetime": 60,
					"colorFrom": "77D336FF",
					"colorTo": "77D336FF",
					"cone": 360
				}
			]
			}			
            }
	}
	    
        
	"requirements": [
		{ "item": "磐铁", "amount": 600},
		{ "item": "耀晶", "amount": 600 },
		{ "item": "锇合金", "amount": 800 },
		{ "item": "工业纯硅", "amount": 800 },
		{ "item": "工业玻璃", "amount": 1000 },
		{ "item": "共价体", "amount": 300 },
		]
	"category": "turret",
	"research": "聚焦"
}