{
	"type": "ItemTurret",/*种类 */
	"name": "守卫",/*名称 */
	"description": "守卫",/*描述 */
	"health": 900,/*血量 */
	"reload": 100,
	"size":2,
	"targetAir":true,
	"shoot":{
	    "type":"ShootSpread",
	    "shots":10,
	    "spread":4
	},
	"range": 240,
	"inaccuracy": 3,
	"rotatespeed": 8,
	"maxAmmo":100,
	"ejectEffect":"casing2"
	"alwaysUnlocked":false,
	"ammoTypes": {
        "lead": {/*子弹种类（铜、钍等物品,填英文） */
			"speed": 10,/*子弹飞行速度 */
			"damage": 5,/*伤害 */
			"lifetime":60,/*子弹存在时间/帧 */
			"width": 3,/*子弹贴图宽 */
			"height": 6,/*同上，长 */
			"ammoMultiplier":5,/*一个物品补充多少子弹 */
			"knockback":0,//击退力
			"inaccuracy":0,//补充精准度
			"pierce":false,//是否穿透单位
			"drag":0,//子弹每帧减速
			"hitSize":15,//子弹碰撞箱大小
			"bulletShrink":0,//子弹缩小率
			"trailLength":3
            "trailWidth":1.5
            "trailEffect":"none"
            "trailColor":"EC7458FF",
            "backColor":"BC5452FF",
            "frontColor":"F19583FF",
			"shootEffect": "plasticExplosionFlak"
			"hitEffect":{"type": "MultiEffect",
	        "effects": [
            {"type": "WaveEffect",
            "lifetime": 12,
            "sizeFrom": 1,
            "sizeTo": 28,
            "strokeFrom":7,
            "strokeTo": 0,
            "colorFrom": "EC7458FF",
            "colorTo": "FFFFFFFF"}]}
				},/*射击效果 */
            
         "赤盐": {/*子弹种类（铜、钍等物品,填英文） */
			"speed": 10,/*子弹飞行速度 */
			"damage": 100,/*伤害 */
			"lifetime":60,/*子弹存在时间/帧 */
			"width": 5,/*子弹贴图宽 */
			"height": 10,/*同上，长 */
			"ammoMultiplier":5,/*一个物品补充多少子弹 */
			"knockback":1.5,//击退力
			"inaccuracy":0,//补充精准度
			"pierce":false,//是否穿透单位
			"drag":0,//子弹每帧减速
			"hitSize":15,//子弹碰撞箱大小
			"bulletShrink":0,//子弹缩小率
			"trailLength":5
            "trailWidth":2.5
            "trailEffect":"none"
            "trailColor":"EC7458FF",
            "backColor":"BC5452FF",
            "frontColor":"F19583FF",
			"shootEffect": "plasticExplosionFlak"
            "status":"burning"
            "hitEffect":{"type": "MultiEffect",
	        "effects": [
            {"type": "WaveEffect",
            "lifetime": 12,
            "sizeFrom": 1,
            "sizeTo": 28,
            "strokeFrom":7,
            "strokeTo": 0,
            "colorFrom": "EC7458FF",
            "colorTo": "FFFFFFFF"}]}},/*射击效果 */
            
         "plastanium": {/*子弹种类（铜、钍等物品,填英文） */
			"speed": 10,/*子弹飞行速度 */
			"damage": 15,/*伤害 */
			"lifetime":60,/*子弹存在时间/帧 */
			"width": 4,/*子弹贴图宽 */
			"height": 8,/*同上，长 */
			"ammoMultiplier":5,/*一个物品补充多少子弹 */
			"knockback":2.5,//击退力
			"inaccuracy":5,//补充精准度
			"pierce":false,//是否穿透单位
			"drag":0,//子弹每帧减速
			"hitSize":15,//子弹碰撞箱大小
			"bulletShrink":0,//子弹缩小率
			"trailLength":4
            "trailWidth":2
            "trailEffect":"none"
            "trailColor":"EC7458FF",
            "backColor":"BC5452FF",
            "frontColor":"F19583FF",
			"shootEffect": "plasticExplosionFlak"
			"hitEffect":{"type": "MultiEffect",
	        "effects": [
            {"type": "WaveEffect",
            "lifetime": 12,
            "sizeFrom": 1,
            "sizeTo": 28,
            "strokeFrom":7,
            "strokeTo": 0,
            "colorFrom": "EC7458FF",
            "colorTo": "FFFFFFFF"}]}},/*射击效果 */
            
          "thorium": {/*子弹种类（铜、钍等物品,填英文） */
			"speed": 10,/*子弹飞行速度 */
			"damage": 25,/*伤害 */
			"lifetime":60,/*子弹存在时间/帧 */
			"width": 5,/*子弹贴图宽 */
			"height": 10,/*同上，长 */
			"ammoMultiplier":5,/*一个物品补充多少子弹 */
			"knockback":0.5,//击退力
			"inaccuracy":5,//补充精准度
			"pierce":false,//是否穿透单位
			"drag":0,//子弹每帧减速
			"hitSize":15,//子弹碰撞箱大小
			"bulletShrink":0,//子弹缩小率
			"trailLength":5
            "trailWidth":2.5
            "trailEffect":"none"
            "trailColor":"EC7458FF",
            "backColor":"BC5452FF",
            "frontColor":"F19583FF",
			"shootEffect": "plasticExplosionFlak"
			"hitEffect":{"type": "MultiEffect",
	        "effects": [
            {"type": "WaveEffect",
            "lifetime": 12,
            "sizeFrom": 1,
            "sizeTo": 28,
            "strokeFrom":7,
            "strokeTo": 0,
            "colorFrom": "EC7458FF",
            "colorTo": "FFFFFFFF"}]}},/*射击效果 */
            }
    "requirements": [
        { "item": "lead", "amount": 120 }
        { "item": "plastanium", "amount": 120 }
        { "item": "silicon", "amount": 150 }
        { "item": "thorium", "amount":120 }
	],/*建造需求物品 */
	"category": "turret",/*分类 */
	"research": "duo"/*科技树 */
}