{
	"type": "ItemTurret",
	"name": "暴风",
	"description": "暴风骤雨",
	"health": 1100,
	"size": 3,
	"reload": 0.025,
	"range": 400,
	"inaccuracy": 5.5,
	"rotateSpeed": 3,
	"maxAmmo": 300,
	"outlineRadius":2,
	"buildCostMultiplier": 0.4,
	"ammoTypes": {
		"plastanium": {
			"type": "BasicBulletType",
			"speed": 10,
			"damage": 18,
			"tileDamageMultiplier": 0.5,
			"width": 6,
			"height": 7,
			"reloadMultiplier": 1.0,
			"ammoMultiplier": 3,
			"knockback": 1,
			"keepVelocity": true,
			"lifetime": 40,
			"shrinkY": 0
			"smokeEffect": "shootSmallSmoke",
			"sprite": "拂尘-塑钢子弹"
		},
		"surge-alloy": {
			"type": "BasicBulletType",
			"speed": 10,
			"damage": 48,
			"tileDamageMultiplier": 0.5,
			"width": 6,
			"height": 7,
			"reloadMultiplier": 1.0,
			"ammoMultiplier": 3,
			"knockback": 0.75,
			"keepVelocity": true,
			"lifetime": 40,
			"shrinkY": 0
			"smokeEffect": "shootSmallSmoke",
			"sprite": "拂尘-合金子弹"
			"fragBullet": {
    	    "type":"LightningBulletType",
            "hitEffect":"hitLancer",
            "despawnEffect":"none",
            "lightningLength":7,
            "lightningColor":"FCF387FF",
            "lifetime":5,
            "drawSize":7,
	        "damage":8}
		},
		"重工业塑钢": {
			"type": "BasicBulletType",
			"speed": 10,
			"damage": 56,
			"tileDamageMultiplier": 0.5,
			"width": 6,
			"height": 7,
			"reloadMultiplier": 1.0,
			"ammoMultiplier": 3,
			"knockback": 1.75,
			"keepVelocity": true,
			"lifetime": 40,
			"shrinkY": 0
			"smokeEffect": "shootSmallSmoke",
			"sprite": "拂尘-重工业塑钢子弹"
			"fragBullets":3,//破片弹数量
            "fragVelocityMin":0.8,//破片最小速度
            "fragVelocityMax":2.2,//破片最大速度
            "fragBullet":{
            "type":"ArtilleryBulletType",//基础子弹
            "width":5,
            "height":7.5,
            "smokeEffect":"shootBigSmoke2",//烟雾效果
            }
		},
	},
	"requirements": [
		{ "item": "surge-alloy", "amount": 180},
		{ "item": "锇", "amount": 150},
		{ "item": "石英", "amount": 140},
		{ "item": "silicon", "amount": 150},
		{ "item": "plastanium", "amount": 120},
	],
	
	"category": "turret",
	"research": "spectre"
}