{
	"type": "ItemTurret",
	"size": 8,
	"name":"死灰",
	"description":"死灰",
	"health":12000,
	"reload":20,
	"range":1200,
	"hasItems":true,
	"maxAmmo":300,
	"ammoUseEffect":"none",
	"targetAir" : true, 
	"shootShake":18,
	"targetGround" : true,
	"recoilAmount" : 8,
	"ammoPerShot":50,
	"rotateSpeed": 1.5,
	"shootSound" : "missile",
	"shoot": {
        "type": "ShootBarrel",
		"shots": 7,
		"shotDelay": 2,
		"barrels": [
			48, -4, 0,
			-48, -4, 0,
			16, -4, 0,
			-16, -4, 0,
			32, -4, 0,
			-32, -4, 0,
			0, -4, 0,
		]
    },
	"shootEffect": {
		"type": "multiEffect",
			"lifetime": 60,
			"effects": [
            {
            "type": "WaveEffect"
            "sizeFrom": 120
            "sizeTo": 0
            "lifetime":90
            "sides":4
            "colorFrom": "EC7458FF"
            "colorTo": "EC7458FF"
            "strokeFrom": 4
            "strokeTo": 0
            }
            {
            "type": "WaveEffect"
            "sizeFrom": 80
            "sizeTo": 0
            "lifetime":90
            "sides":4
            "colorFrom": "EC7458FF"
            "colorTo": "EC7458FF"
            "strokeFrom": 4
            "strokeTo": 0
            }
            {
            "type": "ParticleEffect",
            "particles": 24,
            "sizeFrom": 16,
            "sizeTo": 0,
            "length": 48,
            "baseLength": 5,
            "lifetime": 40,
            "colorFrom": "EC7458FF",
            "colorTo": "FFFFFFFF",
            "cone":360
            }
			]
		},
	"consumes": {
    "power":800
    "coolant":{
           "amount":4,
           "optional":true}
    },
	"ammoTypes":{
	    "phase-fabric":{
	    "type": "LaserBulletType",
	    "lightningSpacing":96,
	    "lightningLength":12,
	    "lightningDelay":1,
	    "lightningLengthRand":18,
	    "lightningAngleRand":80,
	    "lightningDamage":620,
        "lightningColor": "EC7458FF",
        "length": 1800,
        "width": 32,
        "damage":4250,
        "colors": ["EC7458FF","EC7458FF","FFFFFFFF"],
        "lifetime": 15,
		"hitEffect": {
		"type": "multiEffect",
		"effects": [
		{
            "type": "WaveEffect"
            "sizeFrom": 40
            "sizeTo": 0
            "lifetime":90
            "sides":4
            "colorFrom": "EC7458FF"
            "colorTo": "EC7458FF"
            "strokeFrom": 4
            "strokeTo": 0
            }
            {
            "type": "WaveEffect"
            "sizeFrom": 30
            "sizeTo": 0
            "lifetime":90
            "sides":4
            "colorFrom": "EC7458FF"
            "colorTo": "EC7458FF"
            "strokeFrom": 4
            "strokeTo": 0
            }
            {
			"type": "ParticleEffect",
			"particles": 25,
			"length": 48,
			"baseLength": 8,
			"lifetime": 40,
			"interp": "circleOut",
			"sizeFrom": 24,
			"sizeTo": 8,
			"colorFrom": "EC7458FF",
			"colorTo": "EC7458FF"
			}
			{
			"type": "ParticleEffect",
			"particles": 30,
			"length": 48,
			"baseLength": 8,
			"lifetime": 40,
			"interp": "circleOut",
			"sizeFrom": 32,
			"sizeTo": 12,
			"colorFrom": "EC7458FF",
			"colorTo": "EC7458FF"
			},		
		]}
		"chargeEffect": {
			"type": "MultiEffect",
			"lifetime": 60,
			"effects": [
				{
					"type": "ParticleEffect",
					"particles": 20,
					"lenFrom": 20,
					"lenTo": 0,
					"strokeFrom": 4,
					"strokeTo": 4,
					"line": true,
					"length": 80,
					"baseLength": -80,
					"lifetime": 60,
					"colorFrom": "EC7458FF",
					"colorTo": "EC7458FF",
					"cone": 360
				},
				{
					"type": "ParticleEffect",
					"particles": 4,
					"sizeFrom": 0,
					"sizeTo": 32,
					"length": 0,
					"baseLength": -0,
					"lifetime": 60,
					"colorFrom": "EC7458FF",
					"colorTo": "EC7458FF",
					"cone": 360
				}
			]
		},
				
		}
	}
	    
        
	"requirements": [
		{ "item": "磐铁", "amount": 800},
		{ "item": "耀晶", "amount": 800 },
		{ "item": "锇合金", "amount": 1200 },
		{ "item": "工业纯硅", "amount": 1200 },
		{ "item": "工业玻璃", "amount": 1000 },
		{ "item": "共价体", "amount": 500 },
		]
	"category": "turret",
	"research": "轰击"
}