{
	"type": "ItemTurret",
	"size": 8,
	"name":"歼星",
	"description":"歼星",
	"health":12000,
	"reload":640,
	"range":1200,
	"hasItems":true,
	"maxAmmo":300,
	"ammoUseEffect":"none",
	"targetAir" : true, 
	"shootShake":18,
	"targetGround" : true,
	"recoilAmount" : 8,
	"ammoPerShot":50,
	"rotateSpeed": 1.5,
	"shootSound" : "missile",
	"shootEffect": {
		"type": "multiEffect",
			"lifetime": 60,
			"effects": [
			{
            "type": "WaveEffect"
            "sizeFrom": 240
            "sizeTo": 0
            "lifetime":90
            "sides":4
            "colorFrom": "FFE18FFF"
            "colorTo": "FFE18FFF"
            "strokeFrom":4
            "strokeTo": 0
            }
            {
            "type": "WaveEffect"
            "sizeFrom": 200
            "sizeTo": 0
            "lifetime":90
            "sides":4
            "colorFrom": "FFE18FFF"
            "colorTo": "FFE18FFF"
            "strokeFrom": 4
            "strokeTo": 0
            }
            {
            "type": "WaveEffect"
            "sizeFrom": 160
            "sizeTo": 0
            "lifetime":90
            "sides":4
            "colorFrom": "FFE18FFF"
            "colorTo": "FFE18FFF"
            "strokeFrom": 4
            "strokeTo": 0
            }
            {
            "type": "WaveEffect"
            "sizeFrom": 120
            "sizeTo": 0
            "lifetime":90
            "sides":4
            "colorFrom": "FFE18FFF"
            "colorTo": "FFE18FFF"
            "strokeFrom": 4
            "strokeTo": 0
            }
            {
            "type": "WaveEffect"
            "sizeFrom": 80
            "sizeTo": 0
            "lifetime":90
            "sides":4
            "colorFrom": "FFE18FFF"
            "colorTo": "FFE18FFF"
            "strokeFrom": 4
            "strokeTo": 0
            }
            {
            "type": "ParticleEffect",
            "particles": 24,
            "sizeFrom": 16,
            "sizeTo": 0,
            "length": 48,
            "baseLength": 5,
            "lifetime": 40,
            "colorFrom": "FFE18FFF",
            "colorTo": "FFFFFFFF",
            "cone":360
            }
			]
		},
	"consumes": {
    "power":800
    "coolant":{
           "amount":4,
           "optional":true}
    },
	"ammoTypes":{
	    "锇合金":{
	    "type": "BasicBulletType",
		"sprite": "拂尘-star",
		"height":80,
		"width": 80,
		"speed": 12,
		"lifetime": 100,
		"spin": 3,
		"splashDamage":15600,
		"splashDamageRadius":400,
		"frontColor": "FCF387FF",
		"backColor": "FCF387FF",
		"lightRadius":120,
		"despawnShake": 18,
		"trailLength": 40,
		"trailWidth": 16,
		"trailColor": "FCF387FF",
		"fragBullets":3,
		"fragBullet": {
		"type": "BasicBulletType",
		"sprite": "拂尘-star",
		"damage":14800,
		"frontColor": "FCF387FF",
		"backColor": "FCF387FF",
		"lifetime": 480,
		"speed": 15,
		"height": 60,
		"width": 60,
		"spin": 3.5,
		"drag":0.01,
		"pierce":true
		"hitEffect":"scatheExplosion"
		"intervalBullets": 3,
		"intervalRandomSpread": 360,
		"intervalBullet": {
		"type": "BasicBulletType",
		"sprite": "拂尘-star",
		"damage":9800,
		"frontColor": "FCF387FF",
		"backColor": "FCF387FF",
		"trailLength": 30,
		"trailWidth": 8,
		"trailColor": "FCF387FF",
		"homingPower": 0.08,
		"homingRange": 960,
		"lifetime": 180,
		"speed": 12,
		"height": 48,
		"width": 48,
		"spin": 2,
		"drag":-0.005,
		"pierce":true
		"despawnEffect": {
			"type": "multiEffect",
			"effects": [{
			"type": "ParticleEffect",
			"particles": 1,
			"sizeFrom": 40,
			"sizeTo": 0,
			"length": 0,
			"spin": 2,
			"layer": 110,
			"interp": "swing",
			"lifetime": 45,
			"lightColor": "FCF387FF",
			"colorFrom": "FCF387FF",
			"colorTo": "FCF387FF"
			},
			]
			}
		"fragBullets":9
        "fragBullet": {
        "type": "PointBulletType",
        "despawnEffect": "instBomb",
        "trailEffect": "none",
        "speed": 10,
        "lifetime": 30,
        "splashDamage":5650,
        "splashDamageRadius":80,
        "lightning": 3,
        "lightningDamage": 560,
        "lightningLength": 12
        "hitEffect":{"type": "MultiEffect",
	        "effects": [
            {"type": "WaveEffect",
            "lifetime": 12,
            "sizeFrom": 1,
            "sizeTo": 10,
            "strokeFrom":7,
            "strokeTo": 0,
            "colorFrom": "FCF387FF",
            "colorTo": "FFFFFFFF"}
            ]
            }
            }
		"despawnEffect": {
			"type": "MultiEffect",
			"effects": [
				{
					"type": "ParticleEffect",
					"particles": 1,
					"sizeFrom": 40,
					"sizeTo": 0,
					"length": 0,
					"baseLength": 0,
					"lifetime": 60,
					"colorFrom": "FCF387FF",
					"colorTo": "FCF387FF",
					"cone": 0
				},
				{
					"type": "WaveEffect",
					"lifetime":60,
					"sizeFrom": 80,
					"sizeTo": 16,
					"strokeFrom": 8,
					"strokeTo": 8,
					"colorFrom": "FCF387FF",
					"colorTo": "FCF387FF",
				}
			]
		},
		}
		}
		"hitEffect": {
		"type": "multiEffect",
		"effects": [
		{
            "type": "WaveEffect"
            "sizeFrom": 320
            "sizeTo": 0
            "lifetime":90
            "sides":4
            "colorFrom": "FCF387FF"
            "colorTo": "FCF387FF"
            "strokeFrom": 4
            "strokeTo": 0
            }
            {
            "type": "WaveEffect"
            "sizeFrom": 280
            "sizeTo": 0
            "lifetime":90
            "sides":4
            "colorFrom": "FCF387FF"
            "colorTo": "FCF387FF"
            "strokeFrom": 4
            "strokeTo": 0
            }
            {
            "type": "WaveEffect"
            "sizeFrom": 240
            "sizeTo": 0
            "lifetime":90
            "sides":4
            "colorFrom": "FCF387FF"
            "colorTo": "FCF387FF"
            "strokeFrom": 4
            "strokeTo": 0
            }
            {
			"type": "ParticleEffect",
			"particles": 25,
			"length": 80,
			"baseLength": 8,
			"lifetime": 40,
			"interp": "circleOut",
			"sizeFrom": 24,
			"sizeTo": 8,
			"colorFrom": "FCF387FF",
			"colorTo": "FCF387FF"
			}
			{
			"type": "ParticleEffect",
			"particles": 30,
			"length": 80,
			"baseLength": 8,
			"lifetime": 40,
			"interp": "circleOut",
			"sizeFrom": 32,
			"sizeTo": 12,
			"colorFrom": "FCF387FF",
			"colorTo": "FCF387FF"
			},		
		]}
		"chargeEffect": {
			"type": "MultiEffect",
			"lifetime": 60,
			"effects": [
				{
					"type": "ParticleEffect",
					"particles": 20,
					"lenFrom": 20,
					"lenTo": 0,
					"strokeFrom": 4,
					"strokeTo": 4,
					"line": true,
					"length": 80,
					"baseLength": -80,
					"lifetime": 60,
					"colorFrom": "FCF387FF",
					"colorTo": "FCF387FF",
					"cone": 360
				},
				{
					"type": "ParticleEffect",
					"particles": 4,
					"sizeFrom": 0,
					"sizeTo": 32,
					"length": 0,
					"baseLength": -0,
					"lifetime": 60,
					"colorFrom": "FCF387FF",
					"colorTo": "FCF387FF",
					"cone": 360
				}
			]
		},
				
		}
	}
	    
        
	"requirements": [
		{ "item": "磐铁", "amount": 800},
		{ "item": "耀晶", "amount": 800 },
		{ "item": "锇合金", "amount": 1200 },
		{ "item": "工业纯硅", "amount": 1200 },
		{ "item": "工业玻璃", "amount": 1000 },
		{ "item": "共价体", "amount": 500 },
		]
	"category": "turret",
	"research": "歼灭"
}