{
    "name":"激光放射塔",
    "type":"PowerTurret",
    "description":"az",
    "health":999999,
    "range":150,
    "size":1,
    "targetAir" :true,
	"targetGround":true,
	"chargeTime": 0,
    "reload":60,
    "rotateSpeed":5,
    "recoilAmount":0.5,
	"shots":1
    "shootCone":3,
    "shootSound":"spark",
    "shootEffect":"lightningShoot",
    "coolantMultiplier":1.5,
    "shootType":{
        "type":"LightningBulletType",
        "damage":50000
        "lightningLength":50
        "collidesAir":true,
		"collidesTiles":true,
		"collidesGround":true,
	    "hitEffect":"instBomb",
	    "status":"electrified",
	   	"statusDuration":50
		
            },
            "requirements": [
		{ "item": "copper", "amount": 1 }
	],
    "category": "turret",
    "buildVisibility":"debugOnly"
  }