{
     "type":"PowerTurret",
     "name":"电离", 
     "description":"电离紊乱", 
     "health":1200,
	 "size":3,
     "targetAir":false,
     "targetGround":true,
	 "rotateSpeed":3
     "reloadTime": 150,
	 "range":240,
	 "shootSound":"shootBig"
	 "restitution": 4,
	 "ammoEjectBack": 3,
	 "cooldown": 0,
	 "recoilAmount": 3,
	 "burstSpacing": 10,
	 "inaccuracy": 0,
	 "shoot":{
	 "shots":1
	 }
    "chargeEffect":"lancerLaserCharge"
	"chargeBeginEffect":"lancerLaserChargeBegin"
	"chargeEffects":7
	"consumes": {
    "power":10
    },
    "shootEffect":{
    "type":"ParticleEffect",
    "lifetime":20,
    "particles":12,
    "length":20,
    "cone":30,
    "colorFrom":"BBFFFF",
    "colorTo":"FFFFFF",
    "sizeFrom":4,
    "sizeTo":0
    },
	"shootType": {
		"type": "LaserBulletType",
		"hitEffect": "hitMeltdown",
		"length":220
		"lifetime": 20,
		"damage": 45,
		"width": 30,
	    "colors":["BBFFFF" "BBFFFF" "F0FFFF"]
		"largeHit":"true"
		"lightColor":"F0FFFF"
		"status":"electrified",
		"fragBullet": {
    	"type":"LightningBulletType",
        "hitEffect":"hitLancer",
        "despawnEffect":"none",
        "lightningLength":8,
        "lightningColor":"BBFFFF",
        "lifetime":10,
        "drawSize":10,
	    "damage":8}
		"hitEffect":{"type": "MultiEffect",
	        "effects": [
            {"type": "WaveEffect",
            "lifetime": 12,
            "sizeFrom": 1,
            "sizeTo": 28,
            "strokeFrom":7,
            "strokeTo": 0,
            "colorFrom": "BBFFFF",
            "colorTo": "FFFFFFFF"}
            {"type": "WaveEffect",
            "lifetime": 18,
            "sizeFrom": 1,
            "sizeTo": 45,
            "strokeFrom":7,
            "strokeTo": 0,
            "colorFrom": "BBFFFF",
            "colorTo": "FFFFFFFF"}
            ]}        	    
	},


	  "requirements": [
		{ "item": "lead", "amount":200 }
        { "item": "蓝钻", "amount":200 }
		{ "item": "plastanium", "amount":200 }
		{ "item": "石英", "amount":200 }
		{ "item": "graphite", "amount":200 }
		{ "item": "thorium", "amount":150 }
	],
	"category": "turret",
	"research": "lancer"
}