{
    "type": "ItemTurret",
    "name": "突击",
    "description": "突击",
    "health": 1200,
    "size": 3,
    "reload": 5,
    "range": 320,
    "maxAmmo": 180,
    "recoilTime": 10,
    "recoil": 1,
    "ammoPerShot":3,
    "consumes": {
        "coolant": {
            "amount": 0.4,
            "optional": true
        }
    },
    "shoot": {
        "type": "ShootBarrel",
		"shots": 4,
		"shotDelay": 2,
		"barrels": [
			5, -4, 0,
			-5, -4, 0,
		]
    },
    "shake": 0.8,
    "liquidCapacity": 50,
    "ammoUseEffect": "casing2",
    "targetGround": true,
    "targetAir": true,
    "inaccuracy": 0.5,
    "rotateSpeed": 12,
    "ammoTypes": {
        "copper": {
            "speed": 8,
            "damage":12,
            "knockback": 0.3,
            "lifetime": 40,
            "width": 6,
            "height": 9,
            "ammoMultiplier": 2,
            "hitEffect":"flakExplosionBig",
            "despawnEffect":"flakExplosionBig",
            "shootEffect": {
                "type": "ParticleEffect",
                "particles": 10,
                "sizeFrom": 10,
                "sizeTo": 0,
                "line": true,
                "length": 40,
                "baseLength": 0,
                "lifetime": 10,
                "colorFrom": "FF9C5AFF",
                "colorTo": "FF9C5AFF",
                "cone": 45
            }}    
        "titanium": {
            "speed": 8,
            "damage":38,
            "knockback": 0.3,
            "lifetime": 40,
            "width": 6,
            "height": 9,
            "ammoMultiplier": 2,
            "hitEffect":"flakExplosionBig",
            "despawnEffect":"flakExplosionBig",
            "shootEffect": {
                "type": "ParticleEffect",
                "particles": 10,
                "sizeFrom": 10,
                "sizeTo": 0,
                "line": true,
                "length": 40,
                "baseLength": 0,
                "lifetime": 10,
                "colorFrom": "FF9C5AFF",
                "colorTo": "FF9C5AFF",
                "cone": 45
            }}
        "plastanium": {
            "speed": 8,
            "damage":58,
            "knockback": 0.3,
            "lifetime": 40,
            "width": 6,
            "height": 9,
            "ammoMultiplier": 2,
            "hitEffect":"flakExplosionBig",
            "despawnEffect":"flakExplosionBig",
            "shootEffect": {
                "type": "ParticleEffect",
                "particles": 10,
                "sizeFrom": 10,
                "sizeTo": 0,
                "line": true,
                "length": 40,
                "baseLength": 0,
                "lifetime": 10,
                "colorFrom": "FF9C5AFF",
                "colorTo": "FF9C5AFF",
                "cone": 45
            }}
        "thorium": {
            "speed": 8,
            "damage":76,
            "knockback": 0.3,
            "lifetime": 40,
            "width": 6,
            "height": 9,
            "ammoMultiplier": 2,
            "hitEffect":"flakExplosionBig",
            "despawnEffect":"flakExplosionBig",
            "shootEffect": {
                "type": "ParticleEffect",
                "particles": 10,
                "sizeFrom": 10,
                "sizeTo": 0,
                "line": true,
                "length": 40,
                "baseLength": 0,
                "lifetime": 10,
                "colorFrom": "FF9C5AFF",
                "colorTo": "FF9C5AFF",
                "cone": 45
            }}
        "锇": {
            "speed": 8,
            "damage":104,
            "knockback": 0.3,
            "lifetime": 40,
            "width": 6,
            "height": 9,
            "ammoMultiplier": 2,
            "hitEffect":"flakExplosionBig",
            "despawnEffect":"flakExplosionBig",
            "shootEffect": {
                "type": "ParticleEffect",
                "particles": 10,
                "sizeFrom": 10,
                "sizeTo": 0,
                "line": true,
                "length": 40,
                "baseLength": 0,
                "lifetime": 10,
                "colorFrom": "FF9C5AFF",
                "colorTo": "FF9C5AFF",
                "cone": 45
            }}
        "重工业塑钢": {
            "speed": 8,
            "damage":156,
            "knockback": 0.3,
            "lifetime": 40,
            "width": 6,
            "height": 9,
            "ammoMultiplier": 2,
            "hitEffect":"flakExplosionBig",
            "despawnEffect":"flakExplosionBig",
            "shootEffect": {
                "type": "ParticleEffect",
                "particles": 10,
                "sizeFrom": 10,
                "sizeTo": 0,
                "line": true,
                "length": 40,
                "baseLength": 0,
                "lifetime": 10,
                "colorFrom": "FF9C5AFF",
                "colorTo": "FF9C5AFF",
                "cone": 45
            }}
        },
    "requirements": [
        {"item": "thorium","amount": 250},
        {"item": "plastanium","amount":300},
        {"item": "titanium","amount": 200},
        {"item": "silicon","amount":250},
        {"item": "metaglass","amount":100},
        {"item": "工业纯硅","amount":100},
        {"item": "工业玻璃","amount":50},
    ],
    "alwaysReplace": false,
    "category": "turret",
    "research": "爆裂"
}