{
	"type": "ItemTurret",
	"size": 4,
	"name":"裁决",
	"description":"制裁开始",
	"health": 2400,
	"shoot":{
	    "type":"ShootSpread",
	    "shots":9,
	    "spread":9
	},
	"ammoEjectBack":8,
	"reload": 60,
	"range": 240,
	"hasItems":true,
	"maxAmmo":150,
    "inaccuracy":8,
	"ammoUseEffect":"none",
	"targetAir" : true, 
	"shootShake":2,
	"targetGround" : true,
	"shootCone" : 10,
	"recoilAmount" : 8,
	"ammoPerShot":2,
	"rotateSpeed": 3,
	"shootSound" : "missile",
	"consumes": {
    "power":300
    "coolant":{
           "amount":1.5,
           "optional":true}
    },
	"ammoTypes":{
	    "titanium":{
            "type":"ShrapnelBulletType",
		    "length":240,
			"damage": 44,
			"knockback":0.3,
			"lifetime":15,
			"pierce":true,
			"ammoMultiplier":3
			"shootEffect": "shootSmall"
			"fragBullet": {
    	    "type":"LightningBulletType",
            "hitEffect":"hitLancer",
            "despawnEffect":"none",
            "lightningLength":8,
            "lightningColor":"A4B8FAFF",
            "lifetime":10,
            "drawSize":16,
	        "damage":10}
	        "hitEffect":{"type": "MultiEffect",
	        "effects": [
            {"type": "WaveEffect",
            "lifetime": 12,
            "sizeFrom": 1,
            "sizeTo": 28,
            "strokeFrom":7,
            "strokeTo": 0,
            "colorFrom": "A4B8FAFF",
            "colorTo": "FFFFFFFF"}
            {"type": "WaveEffect",
            "lifetime": 18,
            "sizeFrom": 1,
            "sizeTo": 45,
            "strokeFrom":7,
            "strokeTo": 0,
            "colorFrom": "A4B8FAFF",
            "colorTo": "FFFFFFFF"}
            ]}        	    
	},
	"thorium":{
            "type":"ShrapnelBulletType",
		    "length":240,
			"damage": 124,
			"knockback":0.75,
			"lifetime":15,
			"pierce":true,
			"ammoMultiplier":3
			"shootEffect": "shootSmall"
			"fragBullet": {
    	    "type":"LightningBulletType",
            "hitEffect":"hitLancer",
            "despawnEffect":"none",
            "lightningLength":8,
            "lightningColor":"F9A3C7FF",
            "lifetime":10,
            "drawSize":24,
	        "damage":22}
	        "hitEffect":{"type": "MultiEffect",
	        "effects": [
            {"type": "WaveEffect",
            "lifetime": 12,
            "sizeFrom": 1,
            "sizeTo": 28,
            "strokeFrom":7,
            "strokeTo": 0,
            "colorFrom": "F9A3C7FF",
            "colorTo": "FFFFFFFF"}
            {"type": "WaveEffect",
            "lifetime": 18,
            "sizeFrom": 1,
            "sizeTo": 45,
            "strokeFrom":7,
            "strokeTo": 0,
            "colorFrom": "F9A3C7FF",
            "colorTo": "FFFFFFFF"}
            ]}        	    
	},
	"surge-alloy":{
            "type":"ShrapnelBulletType",
		    "length":240,
			"damage": 196,
			"knockback":1.5,
			"lifetime":15,
			"pierce":true,
			"ammoMultiplier":3
			"shootEffect": "shootSmall"
			"fragBullet": {
    	    "type":"LightningBulletType",
            "hitEffect":"hitLancer",
            "despawnEffect":"none",
            "lightningLength":8,
            "lightningColor":"FCF387FF",
            "lifetime":10,
            "drawSize":32,
	        "damage":32}
	        "hitEffect":{"type": "MultiEffect",
	        "effects": [
            {"type": "WaveEffect",
            "lifetime": 12,
            "sizeFrom": 1,
            "sizeTo": 28,
            "strokeFrom":7,
            "strokeTo": 0,
            "colorFrom": "FCF387FF",
            "colorTo": "FFFFFFFF"}
            {"type": "WaveEffect",
            "lifetime": 18,
            "sizeFrom": 1,
            "sizeTo": 45,
            "strokeFrom":7,
            "strokeTo": 0,
            "colorFrom": "FCF387FF",
            "colorTo": "FFFFFFFF"}
            ]}        	    
	},
	"锇合金":{
            "type":"ShrapnelBulletType",
		    "length":240,
			"damage": 948,
			"knockback":3,
			"lifetime":15,
			"pierce":true,
			"ammoMultiplier":3
			"shootEffect": "shootSmall"
			"fragBullet": {
    	    "type":"LightningBulletType",
            "hitEffect":"hitLancer",
            "despawnEffect":"none",
            "lightningLength":8,
            "lightningColor":"AECAE8FF",
            "lifetime":10,
            "drawSize":32,
	        "damage":32}
	        "hitEffect":{"type": "MultiEffect",
	        "effects": [
            {"type": "WaveEffect",
            "lifetime": 12,
            "sizeFrom": 1,
            "sizeTo": 28,
            "strokeFrom":7,
            "strokeTo": 0,
            "colorFrom": "AECAE8FF",
            "colorTo": "FFFFFFFF"}
            {"type": "WaveEffect",
            "lifetime": 18,
            "sizeFrom": 1,
            "sizeTo": 45,
            "strokeFrom":7,
            "strokeTo": 0,
            "colorFrom": "AECAE8FF",
            "colorTo": "FFFFFFFF"}
            ]}        	    
	},
	    }
	    
        
	"requirements": [
		{ "item": "锇合金", "amount": 600},
		{ "item": "锇", "amount": 1200},
		{ "item": "钻石晶体", "amount": 900},
		{ "item": "石英", "amount": 1500},
		{ "item": "silicon", "amount": 1200},
		{ "item": "重工业塑钢", "amount":1000 },
		{ "item": "碳钢", "amount": 1000}
	],
	"category": "turret",
	"research": "fuse"
}