{ 
     "type":"PointDefenseTurret",
     "name":"解裂", 
     "description":"你过来啊[电摇嘲讽]", 
     "health":1500,
	 "size":3,
     "rotateSpeed":20,
	 "range":400,
	 "reload":0.25,
	 "shootLength":10,
	 "inaccuracy": 0,
	 "bulletDamage": 150,
	 "hasPower":true
	 "acceptCoolant":true
	 "coolantMultiplier":4
	 "color":"FFFFFFFF"
	 "speed":15
     "consumes": {
		"power":15},
	  "requirements": [
	    { "item": "石英", "amount":400 }
	    { "item": "plastanium", "amount":200 }
		{ "item": "thorium", "amount":350 }
		{ "item": "metaglass", "amount":200 }
		{ "item": "surge-alloy", "amount":200 }
		{ "item": "phase-fabric", "amount":200 }		
	],
	"category": "turret",
	"research": "segment"	 
}
