{
    "type": "ItemTurret",
    "name": "辐射",
   	"description": "辐射",
    "size": 6,
    "health":3600,
    "range": 800,
    "shots":1,
    "reload": 360,
    "maxAmmo":150,
    "inaccuracy": 0,
    "targetAir": true,
    "targetGround": true,
    "shootSound":"plasmaboom",
    "ammoPerShot":25,
   	"rotateSpeed":1.5,
    "recoilAmount": 26,
    "shootShake": 18,
    "restitution": 0.05,
    "hasPower": true,
	"consumes": {
	    "power":450,	    
	},
"coolantMultiplier":1,
"ammoTypes": {
  "铀":{
    "type":"BasicBulletType",
    "splashDamageRadius":200,
    "splashDamage":22500,
    "hitsize":12,
    "knockback":2.5,
    "speed":7.5,
    "lifetime":150,
    "damage":9450,
	"width":64,	"height":64,
    "backColor":"5541B1FF",
    "frontColor":"9E78DCFF", 
    "trailLength":30,
	"trailWidth":16,
    "trailColor":"9E78DCFF",
    "hitShake":12,
    "shootEffect": {
		"type": "multiEffect",
			"lifetime": 60,
			"effects": [
				{
					"type": "WaveEffect",
					"lifetime": 60,
					"sizeFrom": 0,
					"sizeTo": 80,
					"strokeFrom": 4,
					"strokeTo": 0,
					"colorFrom": "9E78DCFF",
					"colorTo": "9E78DCFF"
				},
				{
					"type": "ParticleEffect",
					"particles": 1,
					"sizeFrom": 18,
					"sizeTo": 1,
					"length": 0,
					"interp": "circleOut",
					"lifetime": 40,
					"layer": 110,
					"colorFrom": "9E78DCFF",
					"colorTo": "9E78DCFF",
					"cone": 360
				},
				{
					"type": "ParticleEffect",
					"particles": 1,
					"sizeFrom": 10,
					"sizeTo": 1,
					"interp": "circleOut",
					"length": 0,
					"lifetime": 30,
					"colorFrom": "9E78DCFF",
					"colorTo": "9E78DCFF",
					"cone": 240
				}
			]
		},
    "hitEffect": {
    "type": "multiEffect",
    "effects": [
    {
    "type": "ParticleEffect",
    "particles": 12,
    "sizeFrom": 20,
    "sizeTo": 1,
    "length": 60,
    "lifetime": 90,
    "lightOpacity": 0,
    "interp": "circleOut",
    "sizeInterp": "pow5In",
    "colorFrom": "9E78DCFF",
    "colorTo": "9E78DCFF",
    "cone": 360
    },
    {
     "type": "ParticleEffect",
    "offset":20,
    "particles": 12,
    "lifetime": 120,
    "baseLength": 80,
    "length": 80,
    "interp": "circleOut",
    "sizeInterp": "pow5In",
    "cone": -30,
    "line": true,
    "strokeFrom": 0,
    "strokeTo": 0,
    "lenFrom": 16,
    "lenTo": 0,
    "lightColor": "9E78DCFF",
    "colorFrom": "5541B1FF",
    "colorTo": "9E78DCFF"
    },
    {
    "type": "ParticleEffect",
    "offset": 30,
    "particles": 30,
    "lifetime": 40,
    "baseLength": 80,
    "length": 80,
    "interp": "circleOut",
    "sizeInterp": "pow5In",
    "cone": -120,
    "line": true,
    "strokeFrom": 4,
    "strokeTo": 0,
    "lenFrom": 8,
    "lenTo": 0,
    "lightColor": "9E78DCFF",
    "colorFrom": "9E78DCFF",
    "colorTo": "9E78DCFF"
    },
    {
    "type": "ParticleEffect",
    "particles": 8,
    "sizeFrom": 24,
    "sizeTo": 1,
    "length": 120,
    "lifetime": 90,
    "interp": "circleOut",
    "sizeInterp": "pow5In",
    "lightColor": "9E78DCFF",
    "colorFrom": "9E78DCFF",
    "colorTo": "9E78DCFF",
    "cone": 360
    },
    {
    "type": "ParticleEffect",
    "particles": 8,
    "offset": 60,
    "sizeFrom": 12,
    "sizeTo": 1,
    "length": 68,
    "lifetime": 60,
    "interp": "circleOut",
    "sizeInterp": "pow5In",
    "lightColor": "9E78DCFF",
    "colorFrom": "9E78DCFF",
    "colorTo": "9E78DCFF",
    "cone": 360
    },
    ]
    },
    "fragBullets":24
    "fragBullet": {
    "type": "BasicBulletType",
    "speed": 10,
    "lifetime": 30,
    "splashDamage": 4450,
    "splashDamageRadius":80,
    "backColor":"5541B1FF",
    "frontColor":"9E78DCFF", 
    "trailLength":30,
	"trailWidth":16,
    "trailColor":"9E78DCFF",
    "hitShake":24,
    "hitEffect":{
     "type": "ParticleEffect",
    "offset":20,
    "particles": 8,
    "lifetime": 120,
    "baseLength": 80,
    "length": 80,
    "interp": "circleOut",
    "sizeInterp": "pow5In",
    "cone": -30,
    "line": true,
    "strokeFrom": 0,
    "strokeTo": 0,
    "lenFrom": 16,
    "lenTo": 0,
    "lightColor": "9E78DCFF",
    "colorFrom": "5541B1FF",
    "colorTo": "9E78DCFF"
    }
    
    
    }
},
}
 
 
    "requirements":[
		{ "item": "磐铁", "amount": 300},
		{ "item": "耀晶", "amount": 300 },
		{ "item": "锇合金", "amount": 600 },
		{ "item": "工业纯硅", "amount": 800 },
		{ "item": "工业玻璃", "amount": 800 },
		{ "item": "共价体", "amount": 200 },
    ],
    "category": "turret",
    "research": "陨落"

}