{
	"type": "ItemTurret",
	"name": "集束",
	"description": "集束子弹",
	"health":1650,
	"size": 3,
	"reload":15,
	"range": 300,
    "maxAmmo":100,
    "shoot":{
    "type":"ShootMulti",
    "source":{
    "type":"ShootPattern"
    },
    "dest":[
        {
            "type":"ShootHelix",
            "scl":12
            "offset":5
        },
        {"type":"ShootPattern"}
        ]
},
"consumes": {
"power":8
},
	"restitution":0.01,
	"canOverdrive": true,
	"coolantMultiplier":1,
	"recoilAmount":4,
	"cooldown": 0.01,
    "inaccuracy": 3,
	"ammoPerShot": 1,
	"targetGround":true,
	"targetAir":true,
	"coolantUsage":2,   
	"liquidCapacity": 250,
	"shootShake":2.4,
	"shootSound": "railgun",
	"rotateSpeed": 6,
"coolantMultiplier":1,
	"ammoTypes":{
	    "surge-alloy":{
            "type":"MissileBulletType"
            "sprite":"missile-large"
            "ammoMultiplier":2
            "homingPower":0,
            "speed":10
            "width":4,
            "height":6,
            "drag":-0.0025,
            "homingRange":0,
            "keepVelocity":false,
            "trailLength":6
            "trailWidth":3
            "trailEffect":"despawn"
            "buildingDamageMultiplier":0.8
            "damage":18
            "splashDamage":24
            "splashDamageRadius":32
            "lifetime":30,
            "trailColor":"E8D174FF",
            "backColor":"D99F6BFF",
            "frontColor":"FCF387FF",
            "fragBullet": {
    	    "type":"LightningBulletType",
            "hitEffect":"hitLancer",
            "despawnEffect":"none",
            "lightningLength":10,
            "lightningColor":"FCF387FF",
            "lifetime":10,
            "drawSize":10,
	        "damage":15}
            "smokeEffect":{
            "type": "ParticleEffect",
            "particles":7,
            "sizeFrom": 6,
            "sizeTo": 0,
            "length": 30,
            "baseLength":2,
            "lifetime": 20,
            "colorFrom": "FCF387FF",
            "colorTo": "FFFFFFFF",
            "cone": 30},
            "status":"electrified",
            "hitEffect":{"type": "MultiEffect",
	        "effects": [
            {"type": "WaveEffect",
            "lifetime": 12,
            "sizeFrom": 1,
            "sizeTo": 28,
            "strokeFrom":7,
            "strokeTo": 0,
            "colorFrom": "FCF387FF",
            "colorTo": "FFFFFFFF"}
            {"type": "WaveEffect",
            "lifetime": 18,
            "sizeFrom": 1,
            "sizeTo": 45,
            "strokeFrom":7,
            "strokeTo": 0,
            "colorFrom": "FCF387FF",
            "colorTo": "FFFFFFFF"}
            ]}}
            "碳钢":{
            "type":"MissileBulletType"
            "sprite":"missile-large"
            "ammoMultiplier":2
            "homingPower":0,
            "speed":10
            "width":4,
            "height":8,
            "drag":-0.0025,
            "homingRange":0,
            "keepVelocity":false,
            "trailLength":8
            "trailWidth":4
            "trailEffect":"despawn"
            "buildingDamageMultiplier":0.8
            "damage":36
            "splashDamage":36
            "splashDamageRadius":32
            "lifetime":30,
            "trailColor":"515151FF",
            "backColor":"3C3837FF",
            "frontColor":"646567FF",
            "fragBullet": {
    	    "type":"LightningBulletType",
            "hitEffect":"hitLancer",
            "despawnEffect":"none",
            "lightningLength":12,
            "lightningColor":"646567FF",
            "lifetime":12,
            "drawSize":12,
	        "damage":24}
            "smokeEffect":{
            "type": "ParticleEffect",
            "particles":7,
            "sizeFrom": 6,
            "sizeTo": 0,
            "length": 30,
            "baseLength":2,
            "lifetime": 20,
            "colorFrom": "646567FF",
            "colorTo": "FFFFFFFF",
            "cone": 30},
            "status":"electrified",
            "hitEffect":{"type": "MultiEffect",
	        "effects": [
            {"type": "WaveEffect",
            "lifetime": 12,
            "sizeFrom": 1,
            "sizeTo": 28,
            "strokeFrom":7,
            "strokeTo": 0,
            "colorFrom": "646567FF",
            "colorTo": "FFFFFFFF"}
            {"type": "WaveEffect",
            "lifetime": 18,
            "sizeFrom": 1,
            "sizeTo": 45,
            "strokeFrom":7,
            "strokeTo": 0,
            "colorFrom": "646567FF",
            "colorTo": "FFFFFFFF"}
            ]}        	            	    
	},
	    }
	"drawer": {
		"type": "DrawTurret",
		"parts": [
		{"type": "HaloPart",
				"tri": true,
				"y":-6,
				"x": 18,
				"mirror":true
				"shapeRotation": 15,
				"shapes": 1,
				"radius": 4.5,
				"triLength": 0,
				"triLengthTo": 20,
				"stroke": 6,
				"haloRadius": 18,
				"haloRotateSpeed": 0,
				"color": "A4B8FAFF",
				"colorTo": "A4B8FAFF",
				"layer": 100
				}
		{"type": "HaloPart",
				"tri": true,
				"y": -16,
				"x": 6,
				"mirror":true
				"shapeRotation":-150,
				"shapes": 1,
				"radius": 6,
				"triLength": 0,
				"triLengthTo": 36,
				"stroke": 10,
				"haloRadius": 18,
				"haloRotateSpeed": 0,
				"color": "A4B8FAFF",
				"colorTo": "A4B8FAFF",
				"layer": 100
				}
		{"type": "HaloPart",
				"tri": true,
				"y": -16,
				"x": 6,
				"mirror":true
				"shapeRotation":-105,
				"shapes": 1,
				"radius": 6,
				"triLength": 0,
				"triLengthTo": 27,
				"stroke": 10,
				"haloRadius": 18,
				"haloRotateSpeed": 0,
				"color": "A4B8FAFF",
				"colorTo": "A4B8FAFF",
				"layer": 100
				}
		{"type": "HaloPart",
				"tri": true,
				"y": -16,
				"x": 6,
				"mirror":true
				"shapeRotation":-90,
				"shapes": 1,
				"radius": 6,
				"triLength": 0,
				"triLengthTo": 24,
				"stroke": 10,
				"haloRadius": 18,
				"haloRotateSpeed": 0,
				"color": "A4B8FAFF",
				"colorTo": "A4B8FAFF",
				"layer": 100
				}
		{"type": "HaloPart",
				"tri": true,
				"y": -16,
				"x": 6,
				"mirror":true
				"shapeRotation":-120,
				"shapes": 1,
				"radius": 6,
				"triLength": 0,
				"triLengthTo": 30,
				"stroke": 10,
				"haloRadius": 18,
				"haloRotateSpeed": 0,
				"color": "A4B8FAFF",
				"colorTo": "A4B8FAFF",
				"layer": 100
				}
		{"type": "HaloPart",
				"tri": true,
				"y": -16,
				"x": 6,
				"mirror":true
				"shapeRotation":-135,
				"shapes": 1,
				"radius": 6,
				"triLength": 0,
				"triLengthTo": 33,
				"stroke": 10,
				"haloRadius": 18,
				"haloRotateSpeed": 0,
				"color": "A4B8FAFF",
				"colorTo": "A4B8FAFF",
				"layer": 100
				}
		]}
	"requirements": [
		{ "item": "surge-alloy", "amount": 150},
		{ "item": "蓝钻", "amount": 100},
		{ "item": "石英", "amount": 150},
		{ "item": "silicon", "amount": 120},
		{ "item": "plastanium", "amount": 150},
		{ "item": "thorium", "amount": 120},
	],
	"category": "turret",
	"research": "cyclone"
}