{
	"type": "OverflowGate",//类型,溢流门
	"size":1,//平方大小
	"invert":false,//反向
	"category": "distribution",//菜单栏
	"name": "齿轮溢流门",//名字
	"description": "当前方无法运输物品时像侧方输出",//介绍
	"details":"哥们儿，前面塞满了不要再塞了。"
	"research": "分流器"//前置科技树
	"alwaysUnlocked":true,//科技树默认解锁
	"health":250//血量
	//"regionRotated":1,//区域旋转
	"requirements": [//建造消耗
		{ "item":"黄铁","amount":5},
		{"item":"钌","amount":3}	]
}