{
	"type": "Router",//类型
	"size":1,//平方大小
	"category": "distribution",//菜单栏
	"details":"Router！Router！Router！"
	"name": "齿轮分配器",//名字
	"description": "按照顺序分配物品",//介绍
	"research": "分流器"//前置科技树
	"alwaysUnlocked":true,//科技树默认解锁
	"health":200//血量
	//"regionRotated":1,//区域旋转
	"solid":false,//实体
	"requirements": [//建造消耗
		{ "item":"黄铁","amount":5}
			],
	"speed": 1.5,//运输速度
	"displayedSpeed":11,//显示速度
}