{
	"type": "ItemBridge",//类型,带桥
	"size":1,//平方大小
	"range":5,//范围
	"category": "distribution",//菜单栏
	"name": "齿轮带桥",//名字
	"description": "跨越地形输送物品",//介绍
	"research": "齿轮传送带"//前置科技树
	"alwaysUnlocked":false,//科技树默认解锁
	"health":250//血量
	"hasPower": false,
	"itemCapacity":10,
	"arrowSpacing":6,
    "bufferCapacity":14,
	"requirements": [//建造消耗
		{ "item":"黄铁","amount":10},],
	"transportTime": 6,//运输速度
	"displayedSpeed":0.8,//显示速度
}