{
	"type": "GenericCrafter",
	"name": "乌兹钢工厂",
	"description": "将钛，塑钢，钢铁融合，混入石墨粉后合成乌兹钢",
	"health":450,
	"itemCapacity":20,
	"outputItem": {"item": "乌兹钢","amount":1},
	"size":3,
	"hasPower": true,
	"craftTime":120,
		"updateEffect": "smeltsmoke",
		"consumes": {//物品需求
		"power":3,
		"items": {
			"items": [
				{ "item": "titanium",/*种类*/ "amount":1 /*数量*/},
				{ "item": "钢铁", "amount":2 }
			{ "item": "graphite", "amount":1}
			{ "item": "plastanium", "amount":1}
			
			]
		}
		}
	"updateEffect": "none",
	"requirements": [
		{ "item": "graphite", "amount":100 },
		{ "item": "lead", "amount":150 },
		{ "item": "基础合金", "amount":150 },
		{ "item": "亚铜", "amount":50 },
	],
	"category": "crafting",
	"research": "钢铁冶炼厂",
	"idleSound": "none",
}