{
	"type": "GenericCrafter",
	"name": "基础合金压缩厂",
	"description": "将铜铅石墨压缩成基础的合金",
	"details":"鬼知道这玩意是怎么变成合金的……",
	"health":320,
	"itemCapacity":20,
	"outputItem": {"item": "基础合金","amount":2},
	"size":2,
	"hasPower": true,
	"hasItems": true,
	"craftTime":30,
	"updateEffect":"smeltsmoke",
	"consumes": {//物品需求
		"power":2.5,
		"items": {
			"items": [
				{ "item": "lead",/*种类*/ "amount":2 /*数量*/},
				{ "item": "copper", "amount":2 }
			{ "item": "graphite", "amount":1 }
			]
		}
	},
	"requirements": [
		{ "item": "copper", "amount":50 },
		{ "item": "lead", "amount":50 },//建造花费
		{ "item": "graphite", "amount":50 }
	],
	"category": "crafting",//不能改
	"research": "silicon-smelter",//科技树位置
	"idleSound": "respawning",//音效
	"idleSoundVolume": 0.5//音效声音倍率
}
