{
	"type": "GenericCrafter",
	"name": "大型亚铜压缩机",
	"description": "产出答辩（什）",
	"details":"没有人知道硅和铜是怎么变成合金的，我也不知道（",
	"health":800,
	"itemCapacity":56,
	"outputItem": {"item": "亚铜","amount":8},
	"size":4,
	"hasPower": true,
	"hasItems": true,
	"craftTime":20,
	"updateEffect":{
	    "type":"ParticleEffect",
	    "particles":10,
	    "sizeFrom":2,
	    "sizeTo":0,
	    "length":2,
	    "baseLength":8,
	    "leaftime":10,
	    "colorFrom":"00FF00"
	    "colorTo":"0000FF",
	    "cone":360},
	"consumes": {
		"power":5,
		"items": {
			"items": [
				{ "item": "silicon", "amount":3 },
				{ "item": "copper", "amount":5 }
			]
		}
	},
	"requirements": [
		{ "item": "copper", "amount":100 },
		{ "item": "lead", "amount":80 },
		{ "item": "silicon", "amount":100 },
		{ "item": "亚铜", "amount":100 },
	],
	"category": "crafting",
	"research": "亚铜厂",
	"idleSound": "respawning",
	"idleSoundVolume": 0.4
}
