{
	"type": "GenericCrafter",
	"name": "[purple]大型钛硅铅合金厂",
	"description": "更快，更nb，",
	"health":700,
	"itemCapacity":32,
	"outputItem": {"item": "磁钛","amount":5},
	"size":4,
	"hasPower": true,
	"hasItems": true,
	"craftTime":30,
	"updateEffect": "smeltsmoke",
	"consumes": {
		"power":7,
		"items": {
			"items": [
				{ "item": "lead", "amount":3 },
				{ "item": "silicon", "amount":2 },
				{ "item": "titanium", "amount":3 }
			]
		}
	},
	"requirements": [
		{ "item": "copper", "amount":150 },
		{ "item": "lead", "amount":150 },
		{ "item": "silicon", "amount":100 },
		{ "item": "titanium", "amount":80 },
		{ "item": "磁钛", "amount":120 },
	],
	"category": "crafting",
	"research": "磁钛压缩机",
	"idleSound": "respawning",
	"idleSoundVolume": 0.4
}
