{
	"type": "GenericCrafter",//不能改
	"name": "[green]大型青铜厂",//名字
	"description": "效率高了一点辣",//介绍
	"health":500,//血量
	"itemCapacity":40,//物品容量
	"outputItem": {"item": "青铜","amount":8},//产出
	"size":3,//边长
	"hasItems": true,//不能改
	"craftTime":30,//产出时间（单位:帧）（一秒60帧）
	"updateEffect":{
	    "type":"ParticleEffect",
	    "particles":10,
	    "sizeFrom":2,
	    "sizeTo":0,
	    "length":2,
	    "baseLength":8,
	    "leaftime":10,
	    "colorFrom":"B5A642"
	    "colorTo":"871F78",
	    "cone":360},//这一部分你还学不会
	"consumes": {//物品需求
		"items": {
			"items": [
				{ "item": "lead",/*种类*/ "amount":4 /*数量*/},
				{ "item": "copper", "amount":4 }
			]
		}
	},
	"requirements": [
		{ "item": "copper", "amount":40 },
		{ "item": "lead", "amount":40 },//制造需求
		{ "item": "青铜", "amount":40 },//制造需求
	],
	"category": "crafting",//不能改
	"research": "青铜厂",//科技树位置
	"idleSound": "respawning",//音效
	"idleSoundVolume": 0.4//音效声音倍率
	"alwaysUnlocked":true,
}
