{
	"type": "GenericCrafter",
	"name": "磁钛压缩机",
	"description": "\n[blue]我已经懒得写介绍了，，，",
	"details":"你肯定也很无聊",
	"health":400,
	"itemCapacity":20,
	"outputItem": {"item": "磁钛","amount":3},
	"size":3,
	"hasPower": true,
	"hasItems": true,
	"craftTime":60,
	"updateEffect": "smeltsmoke",
	"consumes": {
		"power":3,
		"items": {
			"items": [
				{ "item": "lead", "amount":2 },
				{ "item": "silicon", "amount":2 },
				{ "item": "titanium", "amount":1 }
			]
		}
	},
	"requirements": [
		{ "item": "copper", "amount":100 },
		{ "item": "lead", "amount":100 },
		{ "item": "silicon", "amount":60 },
		{ "item": "titanium", "amount":80 },
	],
	"category": "crafting",
	"research": "亚铜压缩机",
	"idleSound": "respawning",
	"idleSoundVolume": 0.4
}
