{
	"type": "GenericCrafter",
	"name": "钴蓝合金制造机",
	"description": "将钛，基础合金，硅进行二次压缩，成为钴蓝合金",
	"details":"征求投稿",
	"health":320,
	"itemCapacity":20,
	"outputItem": {"item": "钴蓝合金","amount":3},
	"size":3,
	"hasPower": true,
	"hasItems": true,
	"craftTime":30,
	"updateEffect":"smeltsmoke",
	"consumes": {//物品需求
		"power":4,
		"items": {
			"items": [
				{ "item": "titanium",/*种类*/ "amount":3 /*数量*/},
				{ "item": "基础合金", "amount":2 }
			{ "item": "silicon", "amount":2}
			]
		}
	},
	"requirements": [
		{ "item": "copper", "amount":70 },
		{ "item": "lead", "amount":70 },//建造花费
		{ "item": "silicon", "amount":70 },
		{ "item": "基础合金", "amount":40 }
	],
	"category": "crafting",//不能改
	"research": "基础合金压缩厂",//科技树位置
	"idleSound": "respawning",//音效
	"idleSoundVolume": 0.5//音效声音倍率
}
