{
	"type": "GenericSmelter",
	"name": "基础研究站",
	"description": "利用铜和铅进行研究，产出基础研究包。",
	"outputItem": {"item": "基础研究包", "amount": 1},
	"size": 2,
	"hasItems": true,
	"craftTime": 300,
	"updateEffect": "pulverizeSmall",
	"consumes": {
		"power": 0.5,
		"items": {
			"items": [
				{ "item": "lead", "amount": 1 },
				{ "item": "copper", "amount": 1 }
			]
		}
	},
	"requirements": [
		{ "item": "lead", "amount": 15 },
		{ "item": "graphite", "amount": 25 },
		{ "item": "copper", "amount": 20 }
	],
	"category": "crafting",
	"research": "core-shard"
}