{
    "type": "ArmoredConduit",
    "name": "樱花导管",
    "description": "更好看的导管!(其实比钛导管快",
    "health": 190,
    "speed": 11,
    "liquidCapacity": 64,
    "liquidPressure": 6,
    "requirements": [
        {
            "item": "樱花花瓣",
            "amount": 4
        },
        {
            "item": "lead",
            "amount": 6
        },
        {
            "item": "metaglass",
            "amount": 3
        }
    ],
    "category": "liquid",
    "research": "pulse-conduit"
}