{
    "type": "LiquidBridge",
    "name": "樱花导管桥",
    "description": "能跨6格的液体桥",
    "health": 120,
    "range": 7,
    "liquidCapacity": 60,
    "hasPower": false,
    "requirements": [
        {
            "item": "metaglass",
            "amount": 10
        },
        {
            "item": "樱花花瓣",
            "amount": 15
        },
        {
            "item": "copper",
            "amount": 10
        }
    ],
    "category": "liquid",
    "research": "bridge-conduit"
}