{
    "type":"LiquidRouter",
    "name":"樱花流体容器",
    "description": "就像茶杯一样",
    "size":2,
    "health": 260,
    "liquidCapacity": 2500,
    "insulated":true,
    "requirements": [
	                {
            "item": "copper",
            "amount": 30
        },
        {
            "item": "lead",
            "amount": 30
        },        
	{"item": "metaglass", "amount": 45},
	{"item": "樱花花瓣", "amount": 15}
	],
	"category": "liquid",
    "research":"liquid-container"
    }