{
	"type": "ItemTurret",
	"name": "AK47",
	"description": "前苏联生产的皮实可靠的突击步枪，精度一般，威力有点大",
	"health": 2700,
	"category":"turret"
	"size": 1,
	"reload": 5.7,
	"burstSpacing": 0
	"canOverdrive": false
	"shots":1//子弹数量
	"range": 650,
	"shootSound":"AK47"
    "maxAmmo": 30,//弹容
    "recoil": 2,
	"targetGround":true,
	"targetAir":true,
	"inaccuracy": 4.1,
	"rotatespeed": 150,
	"ammoTypes": {
			"copper": {
            "type": "BasicBulletType",
			"speed": 25,//子弹飞行速度
			"damage": 20,//伤害
			"bulletWidth": 1,//子弹宽度
			"bulletHeight": 3,//子弹长
			"ammoMultiplier": 2,
			"lifetime": 26,//子弹存在时间
		},
			"钢": {
            "type": "BasicBulletType",
			"speed": 25,
			"damage": 40,
			"bulletWidth": 1,
			"bulletHeight": 3,
			"ammoMultiplier": 2,
			"lifetime":26,
		},
	},
	"requirements": [
		{ "item": "钢", "amount": 310 },
		{"item":"枪械零部件","amount":145},
	],
	"alwaysUnlocked":true,
	}