{
	"type": "ItemTurret",
	"name": "AUG",
	"description": "伸脖子大法好",
	"health": 3300,
	"category":"turret"
	"size": 1,
	"reload": 5.7,
	"burstSpacing": 0
	"shots":1//子弹数量
	"range": 700,
	"shootSound":"AUG"
    "maxAmmo": 30,//弹容
    "recoil": 2,
	"targetGround":true,
	"targetAir":true,
	"canOverdrive": false
	"inaccuracy": 1.8,
	"rotatespeed": 150,
	"ammoTypes": {
			"copper": {
            "type": "BasicBulletType",
			"speed": 25,//子弹飞行速度
			"damage": 16,//伤害
			"bulletWidth": 1,//子弹宽度
			"bulletHeight": 3,//子弹长
			"ammoMultiplier": 2,
			"lifetime": 28,//子弹存在时间
		},
			"钢": {
            "type": "BasicBulletType",
			"speed": 25,
			"damage": 28,
			"bulletWidth": 1,
			"bulletHeight": 3,
			"ammoMultiplier": 2,
			"lifetime":28,
		},
	},
	"requirements": [
		{ "item": "钢", "amount": 210 },
		{"item":"枪械零部件","amount":190},
	    { "item": "plastanium", "amount": 200 },
	],
	"alwaysUnlocked":true,
	}