{
   "type": "Floor",
   "speedMultiplier": 0.1,
   "variants": 3,
   "damageTaken": 25,
   "drownTime": 100,
   "status": "melting",
   "statusDuration": 800,
   "category": "effect",
   "cacheLayer": "cryofluid",
   "albedo": 0,
   "shallow": false,
   "isLiquid": true,
   "liquidDrop": "工业废水",
   "liquidMultiplier": 1,
   "placeableOn": true,
   "supportsOverlay": true,
   "requirements": [
      "石头/1000",
      "建造许可/1"
   ],
   "research": {
      "parent": "受感染沙地",
      "requirements": [
         "qwe/300",
         "建造许可/1"
      ]
   }
}