{
//     "type": "floor",
//     //"name": "魔力水"
//     // "isLiquid": true,
//     "liquidDrop": "moliye",
//     "status" :"wet",
//     "variants": 0,
//    // "lightColor":"28004D64",
//     "statusDuration": 300,
//     "edge": "stone",
//     "blendGroup": "stone",

    "type": "floor",
    //"name": "魔力水"
    // "isLiquid": true,
    "liquidDrop": "moliye",
    "status" :"wet",
    "variants": 0,
    "lightColor":"28004D64",
    "statusDuration": 300,
    // "speedMultiplier": 0.1,
    "cacheLayer": "water",
    //"drownTime": 150,
    "edge": "stone",
    "blendGroup": "stone",
    "emitLight": true,
}
