{
	"type": "GenericCrafter",
	"name": "物品源合成台",
	"description": "合成便携物品源",
	"details":""
	"outputItems":["便携物品源/1",]//产出
	"size":2,//建筑大小
	"health":500,//血量
	"craftTime":1800,//÷60
	"itemCapacity":10,//容量
	//"liquidCapacity":210,
	"consumes": {
    "power":9.0//×60
    "items":{
          "items":[
	            "源玻璃板/2","终点/5","物品源框架/1",
	]
	}
	}
    "requirements": [
                "copper/10",
                "物液板/50",
	],//建造材料
    "category": "crafting",
	"research":"物品源框架",
	"hasPower": true,
	"hasLiquids": false,
	"hasItems": true,
}