{
	"name": "强电钻头",
	"description": "启动缓慢但是挖掘速度极高的钻头。",
	"type": "Drill",
	"size":4 ,
	"health":1024 ,
	"tier": 5,
	"drillTime":35,
	"itemCapacity": 100,
	"liquidCapacity": 36,
	"warmupSpeed": 0.0001,
	"rotateSpeed": 7.5,
	"liquidBoostIntensity": 2.5,
	"hasPower": true,
    "hasLiquids": true,
    "drawRim": true,
	"consumes":{
		"power": 8.0,
		 "liquid": {
			"liquid": "water", "amount": 0.3,
			"booster":true,
			"optional": true
		}
	},
	"updateEffect": "pulverizeRed",
    "updateEffectChance": "0.03",
    "drillEffect": "mineHuge",
	"requirements": [
		{"item": "copper", "amount":140 }
		{"item": "silicon", "amount":75 }
		{"item": "titanium", "amount":80 }
		{"item": "thorium", "amount":100}
		{"item": "高纯钨", "amount":35 }
		{"item": "封装铍", "amount":90 }
		{"item": "surge-alloy", "amount":50 }
	],
	"category": "production",
	"research": {
    "parent": "合金钻头",
    "objectives": [
            {
                "type": "OnSector",
                "preset": "desolateRift"
            }
        ]
}
}