{
	"category": "distribution",
	"type": "ItemBridge",
	"name":"合金传送带桥",
	"requirements": [
		{ "amount":40, "item":"silicon" },
		{ "amount":20, "item":"phase-fabric" },
		{ "amount":20, "item":"致密金属块" },
		{ "amount":10, "item":"强化合金块" },
		{ "amount":40, "item":"graphite" }
	],
	"range":26,
	"canOverdrive":true,
	"health":400
	"itemCapacity":60
	"hasPower":true,
	"placeableLiquid":true
	"transportTime":1,	
	"consumes": {"power":1},
	"research":"phase-conveyor"
}