{
	"type":"MassDriver",
	"size":1,
	"health":300,
	"hasPower":true,
	"hasLiquids":false,
	"hasItems":true,
	"itemCapacity":60,
	"range": 60,
	"reloadTime": 60,
	"rotateSpeed": 2,
	"shake": 1,
	"knockback":1,
	"minDistribute":5,
	"shootEffect":"shockwave",
	"smokeEffect":"smeltsmoke",
	"recieveEffect":"smeltsmoke",
	"consumes":{
		"power":1,
	},
	"requirements":[
		{"item":"copper","amount":40},
		{"item":"silicon","amount":40},
		{"item":"graphite","amount":40},
		{"item": "titanium", "amount": 40 }
	],
	"category":"distribution",
	"research": "mass-driver",
}