{
  "type": "LiquidTurretC",
  "category": "turret",
  "health": 960,
  "size": 3,
  "amount": 100,
  "requirements": [
    "copper/20",
    "iron/20"
  ],
  "targetAir": false,
  "targetGround": true,
  "ammoTypes": {
    "slag": {
      "type": "LaserBulletType",
      "damage": 180,
      "lifetime": 12,
      "colors": [
        "ffcd66",
        "ffcd66",
        "FFFFFF"
      ],
      "hitSize": 5,
      "drawSize": 450,
      "length": 180,
      "ammoMultiplier": 1,
      "status": "melting"
    }
  }
}