{
     "name":"RGB-2",//名称
     "type":"Wall",
     "description":"RGB 3.1415926......",//简介
     "details":"RGB进度已达成：",//小字注解
     "size":2,//尺寸
     "health":314159265358,//生命值
     "requirements":[
     "RGB/2"
	],//建造花费
     "research":"RGB-1",//前置科技
     "category":"defense"//建造菜单中的位置
	 "abilities":[
{
"type":"ForceFieldAbility",
"regen":0.1,//每帧力墙缓冲值再生
"max":31415926,//最大力墙缓冲值
"radius":40,//力墙半径
"cooldown":300//力墙被击破后重新恢复所需时间
}
]
}