{
     "name":"钨钢墙-3",//名称
     "type":"Wall",
     "description":"由硬度极高熔点极高韧性强的钨钢制成的墙，被认为迄今为止最强的金属",//简介
     "details":"钨钢进度已达成：",//小字注解
     "size":3,//尺寸
     "health":37600,//生命值
	 "VhitTime": 50
	 "chanceDeflect": 60
     "requirements":[
     "钨钢/24"
	],//建造花费
     "research":"钨钢墙-2",//前置科技
     "category":"defense"//建造菜单中的位置
}