{
"type":"ItemTurret",
	"name":"叕管炮",
    "description":"《字面意思》",
	"size":2,//物品面积
	"health":600,//建筑血量
	"ammoPerShot":1,
	"range":160,//攻击范围
	"reload":15,//攻击速度
	"inaccuracy":1.2,//误差
	                  "ammoPerShot":1,
	                  "ammoUseEffect": "casing2",
	"rotatespeed":1.2,//旋转速度
	"maxAmmo":20,//最大弹药
	"targetAir":true//攻击天空
	"targetGround":true,//攻击地面
	"coolantMultiplier":2,
	"heatColor":"#FF0000",
	    "shoot": {
        "shots": 2,//每发出子弹数
        "shotDelay": 5,
        "type": "ShootBarrel",
        "barrels": [
        -5,0,0,
        -2,0,0,
        2,0,0,
        5,0,0,
        ]
    },
    "consumes": {
        "coolant": {
            "amount": 0.2,
            "optional": true
        }
    },
	"ammoTypes":{
	"copper":{//铜子弹
"type":"BasicBulletType",//基础子弹
"width":7,//子弹宽
"height":9,//子弹长
"lifetime":60,//存在时间，帧
"speed":3.5,//初速度
"damage":11,//伤害
"ammoMultiplier":2,
}

/*"银":{//铜子弹
"type":"BasicBulletType",//基础子弹
"width":7,//子弹宽
"height":9,//子弹长
"lifetime":60,//存在时间，帧
"speed":3.5,//初速度
"damage":16,//伤害
"ammoMultiplier":3,
}*/

			"lead": {
		                "pierceCap":1,
		    "reloadMultiplier":1.2,//攻击速率
			"speed": 3.5,
			"damage": 7,//伤害
			"fragBullets":2,
            "fragBullet":{
            "speed":0.8,
            "damage":3.5,   
            "lifetime":15 
        },
			"knockback":0.05,//击退
			"lifetime":50,
			"width": 6,
			"height": 9,
			"ammoMultiplier":1,//装填倍数
			"shootEffect": "shootBig" 		},
			
			"graphite":{//石墨子弹
"type":"BasicBulletType",//基础子弹
"width":9,//子弹宽
"height":12,//子弹长
"lifetime":60,//存在时间，帧
"speed":3.5,//初速度
"damage":23,//伤害
"reloadMultiplier":0.6,
"ammoMultiplier":4,}

"silicon":{//硅子弹
"type":"BasicBulletType",//基础子弹
"width":7,//子弹宽
"height":9,//子弹长
"lifetime":60,//存在时间，帧
"speed":3.5,//初速度
"damage":15,//伤害
"homingPower":0.1,
"reloadMultiplier":1.5,
"ammoMultiplier":5,}
			
		"青铜": {
		                "pierceCap":1,
		    "reloadMultiplier":1.1,
			"speed": 3.5,
			"damage": 15,
			"knockback":0.15,
			"fragBullets": 2,
			"fragBullet":{
			"speed": 1,
			"damage": 5.8,
			"lifetime":15
			}
			"lifetime":60,
			"width": 6,
			"height": 9,
			"ammoMultiplier":1,
			"shootEffect": "shootBig" 		},
			
			"亚铜": {
		                "pierceCap":1,
		    "reloadMultiplier":1,
			"speed": 3.5,
			"damage": 16,
			"knockback":0.06,
			"lifetime":60,
			"homingRange": 8,
            "homingPower": 0.01,
			"width": 6,
			"height": 9,
			"ammoMultiplier":1,
			"shootEffect": "shootBig" 		},
			
			"磁钛": {
		                "pierceCap":1,
		    "reloadMultiplier":1.2,
			"speed": 3.5,
			"damage": 25,
			"knockback":0.07,
			"fragBullets":2,
        "fragBullet":{
        "speed":1,
        "damage":8,   
        "lifetime":13 
        },
			"lifetime":60,
			"homingRange": 8,
            "homingPower": 0.01,
			"width": 6,
			"height": 9,
			"ammoMultiplier":2,
			"shootEffect": "shootBig" 		},
			
			"钢铁": {
		                "pierceCap":1,
		    "reloadMultiplier":1,
			"speed": 3.5,
			"damage": 25,
			"knockback":0.07,
			"lifetime":55,
			"width": 6,
			"height": 9,
			"ammoMultiplier":2,
			"shootEffect": "shootBig" 		},
			
			"致密型钢铁": {
		                "pierceCap":1,
		    "reloadMultiplier":0.8,
			"speed": 4,
			"damage": 32,
			"knockback":0.07,
			"lifetime":55,
			"width": 6,
			"height": 9,
			"ammoMultiplier":2,
			"shootEffect": "shootBig" 		},
			
/*			"冰块": {
		                "pierceCap":1,
		    "reloadMultiplier":1,
			"speed": 4,
			"damage": 8,
			"splashDamageRadius":8,
	        "splashDamage":12,
			"knockback":0.07,
			"lifetime":48
			"fragBullets":2,
        "fragBullet":{
        "speed":2,
        "damage":8,   
        "lifetime":15
        },
			"width": 6,
			"height": 9,
			"ammoMultiplier":2,
			"shootEffect": "shootBig" 		},*/
			
			"钴蓝合金": {
		                "pierceCap":1,
		    "reloadMultiplier":1,
			"speed": 4,
			"damage": 24,
			"knockback":0.07,
			"lifetime":48,
			"width": 6,
			"height": 9,
			"ammoMultiplier":2,
			"shootEffect": "shootBig" 		},
			
/*			"极寒合金": {
		                "pierceCap":1,
		    "reloadMultiplier":1,
			"speed": 4,
			"damage": 24,
			"knockback":0.07,
			"lifetime":48,
			"status":"freezing",
			"statusDuration": 60,
			"width": 6,
			"height": 9,
			"ammoMultiplier":2,
			"shootEffect": "shootBig" 		},
				
			"焱燚合金": {
		                "pierceCap":1,
		    "reloadMultiplier":1,
			"speed": 4,
			"damage": 24,
			"knockback":0.07,
			"lifetime":48,
			"status":"burning",
			"statusDuration": 60,
			"width": 6,
			"height": 9,
			"ammoMultiplier":2,
			"shootEffect": "shootBig" 		},*/
				
	},
	"requirements": [
		{ "item": "copper", "amount":140 },
	],
	"category": "turret",
	"research":"duo"
	"alwaysUnlocked":false,
}