{
	"type": "GenericCrafter",
	"name": "硫化物压缩机",
	"description": "制作永恒奇点的材料",
	//"details":""
	"outputItems":["硫化物奇点/1",]//产出
	"size":2,//建筑大小
	"health":210,//血量
	"craftTime":2100,//÷60
	"itemCapacity":1073741824,//容量
	"consumes": {
    "power":166.66666666666//×60
    "items":{
          "items":[
	            "pyratite/10000",
	]
	}
	}
    "requirements":[
                "copper/10",
                "物液板/10",
	],//建造材料
    "category": "effect",
	"research":"爆炸混合物压缩机",
	"idleSound":"respawning",
	"updateEffect":"smeltsmoke",
	"idleSoundVolume": 0.5
	"hasPower": true,
	"hasLiquids": false,
	"hasItems": true,
}
//"drawer":{
//    "type":"DrawMulti",
//    "drawers":[
//    "DrawDefault",
//    "DrawFlame"
//    ]
//    }