{
	"type": "mech",
	"name": "ohni3",
	"description": "ohno",
	"speed":2,
	"drag":0.4,
	"mass":5, 
	"hitSize":12
	"rotateSpeed": 2,
	"health":1100,
	"itemCapacity":90,
	"mineTier":6,
	"mineSpeed":2.0
	   "canDrown":false,
	   	"armor":20
	"weapons":[
{
        "name":"gj"
        "reload":20,
        "mirror":true,
        "shootY":3,
        "x":10,
        "y":1,
        "rotate":true,
        "recoil":0,
        "shots": 1
        "continuous":true,
        "cooldownTime":240,
        	"shootSound": "laserblast",
        	
        "bullet":{

        
            "type":"ContinuousLaserBulletType",
            "damage":20,
            "length":120,
            "width":7,
            "hitEffect":"none",
            "drawSize":300,
            "lifetime":200,
            "shake":1,
            "despawnEffect":"smokeCloud",
            "smokeEffect":"none",
            "shootEffect":"none",
            "incendChance":1,
            "incendSpread":1,
            "incendAmount":1,
            		"healPercent":1
			 "collidesTeam":true
            "colors":["98ffa9","98ffa9","F0FFFF"]
            "hitEffect":{"type": "ParticleEffect",
    "particles": 8,
    "sizeFrom": 9,
    "sizeTo": 0,
    "line":true,
    "length": 120,
    "baseLength": 1,
    "lifetime": 25,
    "colorFrom": "FFA05CFF",
    "colorTo": "98ffa9",
    "cone": 80},
    }}
	]
	"abilities":[
	{
    "type": "ForceFieldAbility"
    "radius": 20
    "regen": 0.5
    "max": 500
    "cooldown": 20
  }
  ]
"research":"t5ohno"
}

