{
	"type": "mech",
	"name": "ohni4",
	"description": "ohno",
	"speed":1,
	"drag":0.4,
	"mass":5, 
	"hitSize":18
	"rotateSpeed": 2,
	"health":11900,
	"range":200,
	"itemCapacity":90,
	"mineTier":6,
	"mineSpeed":2.0
	   "canDrown":false,
	   	"armor":20
	"weapons":[
{
        "reload":200,
        "mirror":false,
        "shootY":3,
        "x":0,
        "y":3,
        "rotate":false,
        "recoil":0,
        "shots": 1
        "continuous":true,
        "cooldownTime":240,
        	"shootSound": "laserblast",
        	
        "bullet":{

        
            "type":"ContinuousLaserBulletType",
            "damage":80,
            "length":200,
            "width":7,
            "hitEffect":"none",
            "drawSize":300,
            "lifetime":200,
            "shake":1,
            "despawnEffect":"smokeCloud",
            "smokeEffect":"none",
            "shootEffect":"none",
            "incendChance":1,
            "incendSpread":1,
            "incendAmount":1,
            		"healPercent":90
			 "collidesTeam":true
            "colors":["98ffa9","98ffa9","F0FFFF"]
            "hitEffect":{"type": "ParticleEffect",
    "particles": 8,
    "sizeFrom": 9,
    "sizeTo": 0,
    "line":true,
    "length": 200,
    "baseLength": 0,
    "lifetime": 25,
    "colorFrom": "FFA05CFF",
    "colorTo": "98ffa9",
    "cone": 80},
    }}
    {
"type":"RepairBeamWeapon",
"name":"1",//名称
"x":10,"y":-3,
"beamWidth":1,
"repairSpeed":1,
"shootY":6,
"top":true,
"mirror":true,//镜像
"bullet":{
"maxRange":90,
"ammoMultiplier":1,//每个物品能够
}}
	]
	"abilities":[
	{
    "type": "ForceFieldAbility"
    "radius": 30
    "regen": 80
    "max": 1500
    "cooldown": 40
  }]
"research":"t5ohno"
}

