{
	"type": "mech",
	"name": "t1ohno",
	"description": "t1ohno",
	"speed":2,
	"drag":0.4,
	"mass":5, 
	"hitSize":8
	"maxVelocity":0.78,
	"rotateSpeed": 5,
	"targetAir":true,
	"canDrown":true,
	"health":260,
	"itemCapacity":30,
	"mineTier":1,
	"mineSpeed":1.2
	"armor":20
	"weapons":[
	{
	"name":"ohno ohno"
	"length":1
	"reload":40
	"inaccuracy":0
	"alternate":true
	"recoil":4
	"top":false
	"shake":2
	"shootSound":"artillery"
    "bullet":{
	"speed":4
	"type":"ArtilleryBulletType"
	"hitEffect":"plasticExplosionFlak"
	"knockback":"0.8"
	"lifetime":"120"
		"width": 15,
	"height": 20,
	"collides":true
	"damage":20
	"collidesTiles":true
	"splashDamageRadius":30
	"splashDamage":10
	"fragLifeMin":0.2,
	"fragBullets":3,
		"fragLifeMax":0.6
		"fragBullet":{
				"type":"ArtilleryBulletType",
				"speed": 5
				"lifetime": 40,
				"width": 20,
				"height": 20,
				"splashDamage": 20,
				"splashDamageRadius": 20,
			"despawnEffect":"blastExplosion"
}
	}
	},
	]
"research":"ohno物"
}

