{
	"type": "mech",
	"name": "t3ohno",
	"description": "ohno",
	"speed":1,
	"drag":0.4,
	"mass":5, 
	"hitSize":12
	"rotateSpeed": 1,
	"health":1200,
	"itemCapacity":90,
	"mineTier":6,
	"mineSpeed":2.0
	   "canDrown":false,
	   	"armor":50
	"weapons":[
		{
	"name":"ohn"
	  "ejectEffect":"casing4"
	"length":13
	"x":12
	"y":0
	"reload":15
	"top":false
	"alternate":true
	"recoil":3
	"shootY":20
	"shake":2
	"shootSound":"bang"
	"inaccuracy":3
	"shoot":{
	"shots":1
	"shotDelay":2
	"alternate":false}
	"spacing":0
	"shotDelay":5
    "bullet":{
	"type":"BasicBulletType"
	"speed":8
	"damage":130
	"lifetime":50
	"pierceCap":10,
	"width": 12,
	"height": 25,
	"shootEffect":"shootBig"
	
	}
	},
{
 "name":"ohno ohno"
  "x":10
  "y":0
  "shootY":4
  "top": true
  "rotate":true
  "reload": 10
  "shootSound":"pew",
  "ejectEffect":"casing1"
  "shots": 5,
  "inaccuracy":0
  "alternate":true,
  "ignoreRotation": false,
  "bullet":{
               "speed": 6
               "lifetime": 50
               "damage":50
               "width": 7
               "shrinkY":0
               "height": 7
}
}
{
 "name":"ohno ohno"
  "x":5
  "y":0
  "shootY":4
  "top": true
  "rotate":true
  "reload": 10
  "shootSound":"pew",
  "ejectEffect":"casing1"
  "shots": 5,
  "inaccuracy":0
  "alternate":true,
  "ignoreRotation": false,
  "bullet":{
               "speed": 6
               "lifetime": 50
               "damage":50
               "width": 7
               "shrinkY":0
               "height": 7
}
}

	]
"research":"ohnoT3工厂"
}

