{
	"type": "mech",
	"name": "t4ohno",
	"description": "ohnk[red]苏卡不列",
	"speed":1,
	"drag":0.4,
	"mass":5, 
	"hitSize":35
	"rotateSpeed": 1,
	"health":9600,
	"itemCapacity":90,
	"mineTier":6,
	"mineSpeed":2.0
	   "canDrown":false,
	   	"armor":20
	"weapons":[
		{
	"name":"ohnokk"
	  "ejectEffect":"casing4"
	"length":13
	"x":25
	"y":0
	"reload":30
	"top":false
	"alternate":true
	"recoil":3
	"shootY":13
	"shake":2
	"shootSound":"bang"
	"inaccuracy":3
	"shoot":{
	"shots":5
	"shotDelay":2
	"alternate":false}
	"spacing":0
	"shotDelay":5
    "bullet":{
	"type":"BasicBulletType"
	"speed":8
	"damage":90
	"lifetime":50
	"pierceCap":10,
	"width": 12,
	"height": 25,
	"shootEffect":"shootBig"
	
	}
	},
		{
	"name":"ohnokk"
	  "ejectEffect":"casing4"
	"length":13
	"x":23
	"y":-5
	"reload":30
	"top":false
	"alternate":true
	"recoil":3
	"shootY":20
	"shake":2
	"shootSound":"bang"
	"inaccuracy":3
	"shoot":{
	"shots":5
	"shotDelay":2
	"alternate":false}
	"spacing":0
	"shotDelay":5
    "bullet":{
	"type":"BasicBulletType"
	"speed":8
	"damage":100
	"lifetime":50
	"pierceCap":10,
	"width": 12,
	"height": 25,
	"shootEffect":"shootBig"
	
	}
	},
{
 "name":"机枪"
  "x":10
  "y":15
  "shootY":4
  "top": true
  "rotate":true
  "reload": 1
  "shootSound":"pew",
  "ejectEffect":"casing1"
  "shots": 1,
  "inaccuracy":0
  "alternate":true,
  "ignoreRotation": false,
  "bullet":{
               "speed": 6
               "lifetime": 50
               "damage":15
               "width": 7
               "shrinkY":0
               "height": 7
}
}
{
 "name":"机枪"
  "x":10
  "y":5
  "shootY":4
  "top": true
  "rotate":true
  "reload": 1
  "shootSound":"pew",
  "ejectEffect":"casing1"
  "shots": 1,
  "inaccuracy":0
  "alternate":true,
  "ignoreRotation": false,
  "bullet":{
               "speed": 6
               "lifetime": 50
               "damage":15
               "width": 7
               "shrinkY":0
               "height": 7
}
}
	]
"research":"ohno物"
}

