{
	"type": "mech",
	"name": "t6ohno",
	"description": "ohno",
	"speed":0.8,
	"drag":0.4,
	"mass":5, 
	"hitSize":35
	"rotateSpeed": 1,
	"health":40000,
	"range":250,
	"itemCapacity":90,
	"mineTier":6,
	"mineSpeed":2.0
	   "canDrown":false,
	   	"armor":20
	"weapons":[
		{
	"name":"ppp"
	  "ejectEffect":"casing4"
	"length":13
	"x":20
	"y":10
	"reload":15
	"top":false
	"alternate":true
	"recoil":3
	"shootY":13
	"shake":2
	"shootSound":"bang"
	"inaccuracy":3
	"shoot":{
	"shots":4
	"shotDelay":2
	"alternate":false}
	"spacing":0
	"shotDelay":5
    "bullet":{
	"type":"BasicBulletType"
	"speed":8
	"damage":85
	"lifetime":50
	"pierceCap":10,
	"width": 12,
	"height": 25,
	"shootEffect":"shootBig"
	
	}
	},
		{
	"name":"pp"
	  "ejectEffect":"casing4"
	"length":13
	"x":-30
	"y":-5
	"reload":15
	"top":false
	"alternate":true
	"recoil":3
	"shootY":20
	"shake":2
	"shootSound":"bang"
	"inaccuracy":3
	"shoot":{
	"shots":4
	"shotDelay":2
	"alternate":false}
	"spacing":0
	"shotDelay":5
    "bullet":{
	"type":"BasicBulletType"
	"speed":8
	"damage":135
	"lifetime":50
	"pierceCap":10,
	"width": 12,
	"height": 25,
	"shootEffect":"shootBig"
	
	}
	},
{
 "name":"机枪"
  "x":10
  "y":-5
  "shootY":4
  "top": true
  "rotate":true
  "reload": 10
  "shootSound":"pew",
  "ejectEffect":"casing1"
  "shots": 1,
  "inaccuracy":0
  "alternate":true,
  "ignoreRotation": false,
  "bullet":{
               "speed": 6
               "lifetime": 50
               "damage":15
               "width": 7
               "shrinkY":0
               "height": 7
}
}
{
 "name":"机枪"
  "x":10
  "y":-5
  "shootY":4
  "top": true
  "rotate":true
  "reload": 10
  "shootSound":"pew",
  "ejectEffect":"casing1"
  "shots": 1,
  "inaccuracy":0
  "alternate":true,
  "ignoreRotation": false,
  "bullet":{
               "speed": 6
               "lifetime": 50
               "damage":15
               "width": 7
               "shrinkY":0
               "height": 7
}
}
{
 "name":"机枪"
  "x":1
  "y":-3
  "shootY":4
  "top": true
  "rotate":true
  "reload": 10
  "shootSound":"pew",
  "ejectEffect":"casing1"
  "shots": 5,
  "inaccuracy":0
  "alternate":true,
  "ignoreRotation": false,
  "bullet":{
               "speed": 6
               "lifetime": 50
               "damage":50
               "width": 7
               "shrinkY":0
               "height": 7
}
}
{
 "name":"机枪"
  "x":1
  "y":-2
  "shootY":4
  "top": true
  "rotate":true
  "reload": 10
  "shootSound":"pew",
  "ejectEffect":"casing1"
  "shots": 5,
  "inaccuracy":0
  "alternate":true,
  "ignoreRotation": false,
  "bullet":{
               "speed": 6
               "lifetime": 50
               "damage":50
               "width": 7
               "shrinkY":0
               "height": 7
}
}
{
            "autoTarget": true,
            "controllable": true,
            "name": "ohno ohno",
            "mirror": true,
            "rotate": true,
            "reload": 2,
            "recoil": 1.6,
            "y": 2,
            "x": 25,
            "shootY": 4,
            "rotateSpeed": "3",
            "ejectEffect": "none",
            "shootSound": "flame",
            "bullet": {
                "status": "burning",
                "statusDuration": 300,
                "type": "BulletType",
                "damage": 400,
                "speed": 3,
                "collidesTeam": true,
                "lifetime": 40,
                "hitSize": 30,
                "shootEffect": {
                    "type": "MultiEffect",
                    "effects": [
                        {
                            "type": "ParticleEffect",
                            "particles": 38,
                            "sizeTo": 0,
                            "sizeFrom": 3,
                            "colorTo": "1F5B6C",
                            "colorFrom": "ffffff",
                            "cone": 20,
                            "length": 250,
                            "lifetime": 30,
                            "layer": 110,
                            "interp": "circleOut",
                            "sizeInterp": "pow2In"
                        },
                        {
                            "type": "ParticleEffect",
                            "particles": 48,
                            "sizeTo": 1,
                            "sizeFrom": 3,
                            "colorTo": "ffffff",
                            "colorFrom": "ffffff",
                            "cone": 25,
                            "length": 250,
                            "lifetime": 30,
                            "layer": 110,
                            "interp": "circleOut"
                        }
                    ]
                },
                "despawnEffect": "none",
                "hitEffect": "hitFlameSmall"
            }
        },
	]
"research":"t5ohno"
}

