{
"type":"legs",
"name":"天罚",  
"rotateSpeed": 0.9,
"template": "ErekirUnitType"
"description":"向敌人发射远程的分裂电浆弹和高爆导弹，副炮可以散射三发子弹并带有追踪，拥有厚重的前置护盾",
"speed": 0.65,
"hitSize":50,
"health": 53000
"armor": 13,
"fogRadiusMultiplier": 0.25,
"research":"大型机甲装配厂"
"legCount":8,//腿数量
"legLength":30,//腿长度
"legForwardScl":2.1,//腿向前时钟线（？）
"legMoveSpace":1.05,//腿部移动空间
"rippleScale":1.2,//波纹缩放
"stepShake":0.5,//腿落地屏幕振动
"legGroupSize":2,//腿组大小
"legExtension":-6,//腿部伸展
"legBaseOffset":19,//腿部基础偏移
"legStraightLength":0.9,//腿部直线长度
"legMaxLength":1.2,//腿部最大长度  
"parts": [
    {
      "type": "shapePart",
      "hollow": true,
      "circle": true,
      "y": -15,
      "layer": 110,
      "color": "d1efffff",
      "stroke": 0,
      "strokeTo": 2,
      "radiusTo": 8,
      "radius": 0
    },
    {
      "type": "HaloPart",
      "y": -15,
      "radiusTo": 3,
      "radius": 0
      "tri": true,
      "layer": 110,
      "color": "d1efffff",
      "haloRadius": 17,
      "haloRadiusTo": 17,
      "haloRotateSpeed": -1,
      "haloRotation": 90,
      "shapeRotation": 180,
      "stroke": 0,
      "strokeTo": 2,
      "shapes": 2,
      "triLengthTo": 6,
      "triLength": 6
    },
    {
      "type": "HaloPart",
      "y": -15,
      "radiusTo": 3,
      "radius": 0
      "tri": true,
      "layer": 110,
      "color": "d1efffff",
      "haloRadius": 17,
      "haloRotateSpeed": -1,
      "haloRotation": 90,
      "haloRadiusTo": 17,
      "stroke": 0,
      "strokeTo": 2,
      "shapes": 2,
      "triLengthTo": 10,
      "triLength": 10
    },
    {
      "type": "HaloPart",
      "y": -15,
      "radiusTo": 2.4,
      "radius": 0
      "tri": true,
      "layer": 110,
      "color": "d1efffff",
      "haloRotateSpeed": -1,
      "haloRadius": 8,
      "haloRadiusTo": 8,
      "stroke": 0,
      "strokeTo": 2,
      "shapes": 2,
      "triLengthTo": 9,
      "triLength": 9
    },
    {
      "type": "HaloPart",
      "y": -15,
      "radiusTo": 2.4,
      "radius": 0
      "tri": true,
      "layer": 110,
      "color": "d1efffff",
      "haloRotateSpeed": 1,
      "haloRadius": 8,
      "haloRadiusTo": 8,
      "stroke": 0,
      "strokeTo": 2,
      "shapes": 2,
      "triLengthTo": 9,
      "triLength": 9
    }
  ],
"abilities": [
{
"type": "ShieldArcAbility"
"radius": 40
"angle": 120
"width": 10
"cooldown": 1000
"regen": 2
"max": 3000
}
{
"type": "ShieldArcAbility"
"radius": 50
"angle": 120
"width": 10
"cooldown":800
"regen": 1.7
"max": 2500
}
{
"type": "ShieldArcAbility"
"radius": 60
"angle": 120
"width": 10
"cooldown": 600
"regen": 1.5
"max": 2000
}
]   
  "weapons": [
{
      "x": 20,
      "y": -5,
      "shootY": 2,
      "reload": 120,
      "alternate": false,
      "baseRotation": 330,
      "layerOffset": -0.001,
      "inaccuracy": 28,
      "shootCone": 180,
      "shoot": {
        "type": "ShootAlternate",
        "spread": 6,
        "barrels": 3,
        "shots": 6
      },
      "shootSound": "missileSmall",
      "mirror": true,
      "rotate": false,
      "bullet": {
        "type": "basicBulletType",
        "lifetime": 1,
        "spawnUnit": "天罚导弹"
      }
      
}
{
"name": "天罚1",
"shootCone": 45,
"alternate": true,
"mirror": true,
"top": true,
"inaccuracy": 7,
"x": 17,
"y": -5,
"rotate": true,
"rotateSpeed": 2,
"layerOffset": 2,
"reload": 60,
"recoil": 1,
"minWarmup": 0.85,
"smoothReloadSpeed": 0.08,
"shootWarmupSpeed": 0.02,
"shoot": {
"type": "ShootSpread",
"shots": 5,
"spread": 1
},
"shootSound": "cannon",
"bullet":{
"type":"MissileBulletType"
"homingPower":0.2,
"weaveMag":4,
"speed": 12,
"damage": 55,    
"collidesAir": true
"weaveScale":4,
"lifetime":40,
"shootEffect":"shootBig2",
"smokeEffect":"shootSmokeTitan",
"splashDamage":60,
"splashDamageRadius":30,
"frontColor":"ffffff",
"hitSound":"none",
"width":10,
"height":10,
"backColor": "d1efff",
"lightColor":"d1efff",
"lightRadius":40,
"lightOpacity":0.7,

"trailWidth":2.8,
"trailLength":20,
"trailChance":-1,
"despawnSound":"dullExplosion",
"trailColor": "d1efff",
"despawnEffect":"none",
"hitEffect":{
"type":"ExplosionEffect"
"lifetime":20,
"waveStroke":2,
"waveColor":"d1efff",
"waveRad":12,
"smokeSize":0,
"smokeSizeBase":0,
"sparks":10,
"sparkRad":35,
"sparkLen":4,
"sparkStroke":1.5,
}
}
    
}
{
"name": "天罚1",
"shootCone": 45,
"alternate": true,
"mirror": true,
"top": true,   
"collidesAir": true
"inaccuracy": 7,
"x": 17,
"y": 10,
"rotate": true,
"rotateSpeed": 2,
"layerOffset": 2,
"reload": 60,
"recoil": 1,
"minWarmup": 0.85,
"smoothReloadSpeed": 0.08,
"shootWarmupSpeed": 0.02,
"shoot": {
"type": "ShootSpread",
"shots": 6,
"spread": 1
},
"shootSound": "cannon",
"bullet":{
"type":"MissileBulletType"
"homingPower":0.2,
"weaveMag":4,
"speed": 12,
"damage": 55,
"weaveScale":4,
"lifetime":40,
"shootEffect":"shootBig2",
"smokeEffect":"shootSmokeTitan",
"splashDamage":60,
"splashDamageRadius":30,
"frontColor":"ffffff",
"hitSound":"none",
"width":10,
"height":10,
"backColor": "d1efff",
"lightColor":"d1efff",
"lightRadius":40,
"lightOpacity":0.7,

"trailWidth":2.8,
"trailLength":20,
"trailChance":-1,
"despawnSound":"dullExplosion",
"trailColor": "d1efff",
"despawnEffect":"none",
"hitEffect":{
"type":"ExplosionEffect"
"lifetime":20,
"waveStroke":2,
"waveColor":"d1efff",
"waveRad":12,
"smokeSize":0,
"smokeSizeBase":0,
"sparks":10,
"sparkRad":35,
"sparkLen":4,
"sparkStroke":1.5,
}
}
    
}
{
"name": "天罚2",
"reload": 420,   
"shootStatusDuration": 120
"shootStatus": "slow"
"mirror": false,"collidesAir": true
"rotateSpeed":1,
"shootY":20
"x": 0,
"y": -5,
"shake": 2,
"recoil": 3,
"layerOffset": 0.05,
"rotate": true,
"shootCone": 5,
"top": true,
"inaccuracy": 0,
"shootSound": "railgun",
"cooldownTime": 120,
"bullet": {
	"type":"BasicBulletType",
	"speed":6
	"damage":120,
	"pierce":true,
	"pierceBuilding":true,
	"lifetime":100
	"sprite":"circle"
	"shrinkY":0,
	"width":22
	"height":22
	"trailColor":"D1EFFFFF"
	"frontColor":"D1EFFF"
	    "backColor":"D1EFFFFF"
	    "hitColor":"D1EFFFFF"
	"trailChance":0.6,
	"trailEffect":{
		"type":"ParticleEffect",
		"lifetime":35,
		"particles":2,
		"baseLength":0,
		"length":-12,
		"sizeFrom":3,
		"sizeTo":1,
		"colorFrom":"D1EFFF",
		"colorTo":"D1EFFF00"
	}
	"fragBullets":15
	//分裂数量
	"fragOnHit":false
	"fragVelocityMin":0.5
	"fragVelocityMax":1.5
	"fragBullet":{
	    "type":"BasicBulletType"
	    "trailColor":"D1EFFFFF"
	    "width":7
	    "height":12
	    "speed":4
	    "frontColor":"D1EFFFFF"
	    "hitColor":"D1EFFFFF"
	    "lifetime":90
	    "frontColor":"D1EFFFFF"
	    "toColor":"D1EFFFFF"
	    "damage":19,
	    "pierceCap": 7,
	    "hitSize":5                  
	    "backColor":"D1EFFFFF"
	    "hitColor":"D1EFFFFF"
	    "sprite":"large-orb"
	    "pierce":true
	    "pierceBuilding":true
	    "frontColor":"ffffff"
	    "trailWidth":2.1
	    "trailLength":4
	    "homingRange":30,
	"homingPower":1
	"despawnEffect":{
                "type":"WaveEffect",
                "lifetime": 12,
                "sizeFrom": 1,
                "sizeTo": 2,
	"stroke":1,
	"strokeTo":0,
	"colorFrom":"D1EFFF",
	"colorTo":"D1EFFF40"
            },
}
	"intervalBullets":5
	//每次分裂子弹数
	"intervalAngle":180
	"intervalSpread":300
	"bulletInterval":3
	//分裂间隔
	"intervalRandomSpread":10
    "hitSound":"cannon"
	"intervalBullet":{
	    //间隔分裂子弹
	    "type":"BasicBulletType"
	    "trailColor":"D1EFFFFF"
	    "width":7
	    "height":12
	    "speed":5
	    "frontColor":"D1EFFFFF"
	    "hitColor":"D1EFFFFF"
	    "lifetime":90
	    "frontColor":"D1EFFFFF"
	    "toColor":"D1EFFFFF"
	    "damage":19,
	    "pierceCap": 7,
	    "hitSize":5                  
	    "backColor":"D1EFFFFF"
	    "hitColor":"D1EFFFFF"
	    "sprite":"large-orb"
	    "pierce":true
	    "pierceBuilding":true
	    "frontColor":"ffffff"
	    "trailWidth":2.1
	    "trailLength":4
	    "homingRange":80,
	"homingPower":1,
	//"despawnEffect":"dullExplosion"
	"stroke":1,
	"strokeTo":0,
	"colorFrom":"D1EFFF",
	"colorTo":"D1EFFF40"
            },
}
    
}

    ]
}