{
  "type": "tank",
  "template": "ErekirUnitType",
  "faceTarget": false,
  "squareShape": true,
  "name":"帝王"
  "research": "conquer",
  "research":"大型坦克装配厂"
  "description": "向敌人发射大量穿透性子弹和激光，可以碾压建筑与单位，对空效果并不理想",	"details":"[red]泥头车！！！",
  //"treadFrames": 25,
  //"treadPullOffset": 4,
  "treadRects": [
    {
      "x": -88,
      "y": 19,
      "width": 19,
      "height": 76
    }   
    {
      "x": 88,
      "y": 19,
      "width": 19,
      "height": 76
    }
  ],
  "crushDamage": 7,
  "singleTarget": false,
  "omniMovement": false,
  "outlineColor": "252525FF",
  "speed": 0.25,
  "hitSize": 65,
  "health": 60000,
  "armor": 35,
  "flying": false,
  "targetAir": true,
  "rotateSpeed": 1,
  "rotateMoveFirst": true,
  "weapons": [          
      {
      "name": "帝王1",
      "x": 0,
      "y": 20,
      "ejectEffect": "casing4",
      "mirror": false,
      "top": true,
      "rotate": true,
      "rotateSpeed": 1.5,   
      "rotationLimit": 150
      "shake": 4,
      "shootY": 15,
      "cooldownTime": 90,
      "parts": [
        {
          "type": "RegionPart",
          "suffix": "-glow",
          "layer": -1,
          "mirror": true,
          "blending": "additive",
          "color": "feb380aa",
          "colorTo": "feb380aa",
          "outline": false,
          "progress": "warmup"
        }
      ],
      "reload": 95,
      "shoot": {
        "type": "shootPattern",
        "shots": 3,
        "shotDelay": 10
      },
      "recoil": 4,
      "shootSound": "mediumCannon",
      "bullet": {
        "type": "basicBulletType",
        "damage": 78,
        "height": 20,       
        "collidesAir": false
        "width": 12,
        "shrinkX": 0,	 
        "pierceBuilding": true,
        "pierceCap": 3,
        "pierce":true
        "shrinkY": 0,
        "speed": 5,
        "splashDamage": 110,
        "splashDamageRadius": 35,
        "lifetime": 45,
        "hitEffect": {
          "type": "multiEffect",
          "effects": [
            {
              "type": "ParticleEffect",
              "line": true,
              "particles": 15,
              "lifetime": 30,
              "interp": "circleOut",
              "offset": 30,
              "length": 50,
              "lightColor": "feb380",
              "strokeFrom": 4,
              "strokeTo": 0,
              "lenFrom": 10,
              "lenTo": 10,
              "colorFrom": "ffcea0",
              "colorTo": "feb380"
            },
            {
              "type": "ParticleEffect",
              "particles": 16,
              "length": 55,
              "baseLength": 10,
              "lifetime": 100,
              "lightColor": "feb380",
              "interp": "circleOut",
              "cone": 360,
              "colorFrom": "ffcea0",
              "colorTo": "feb380",
              "sizeFrom": 6,
              "sizeTo": 2
            },
            {
              "type": "WaveEffect",
              "lifetime": 30,
              "sizeFrom": 0,
              "sizeTo": 40,
              "strokeFrom": 3,
              "strokeTo": 0,
              "colorFrom": "ffcea0",
              "colorTo": "feb380"
            }
          ]
        },
        "despawnHit": true,
        "shootEffect": {
          "type": "multiEffect",
          "effects": [
            {
              "type": "ParticleEffect",
              "particles": 15,
              "length": 80,
              "lifetime": 36,
              "lightColor": "feb380",
              "cone": 20,
              "colorFrom": "ffcea0",
              "colorTo": "feb380",
              "sizeFrom": 3,
              "sizeTo": 0
            },
            {
              "type": "ParticleEffect",
              "particles": 1,
              "lifetime": 10,
              "length": 0,
              "region": "exogenesis-tall",
              "sizeFrom": 36,
              "sizeTo": 0,
              "colorFrom": "ffcea0",
              "colorTo": "feb380"
            }
          ]
        },
        "trailParam": 5,
        "trailLength": 19,
        "trailWidth": 2.6,
        "trailColor": "feb380",
        "backColor": "feb380",
        "frontColor": "ffcea0"
        "fragBullets":10
	//分裂数量
"fragOnHit":false,
"fragRandomSpread":0,
"fragSpread":10,
"fragBullets":5,
"fragVelocityMin":1,
	"fragBullet":{
	    "type":"BasicBulletType"    
	    "collidesAir": false
	    "trailColor":"feb380ff"
	    "width":9
	    "height":14
	    "speed":5        
	    "pierceBuilding": true,
        "pierceCap": 2,
        "pierce":true
	    "frontColor":"feb380ff"
	    "hitColor":"feb380ff"
	    "lifetime":15
	    "frontColor":"feb380ff"
	    "toColor":"feb380ff"
	    "damage":36,         
	    "splashDamage": 45,
	    "splashDamageRadius": 40,
	    "hitSize":5                  
	    "backColor":"feb380ff"
	    "hitColor":"feb380ff"
	    "sprite":"large-orb"
	    "frontColor":"ffffff"
	    "trailWidth":2.1
	    "trailLength":4
	"despawnEffect":{
                "type":"WaveEffect",
                "lifetime": 12,
                "sizeFrom": 1,
                "sizeTo": 2,
	"stroke":1,
	"strokeTo":0,
	"colorFrom":"feb380",
	"colorTo":"feb38040"
            },
}
      }
    },    
      {
"name":"帝王2"
"shootSound":"dullExplosion",
"layerOffset":0.0001,
"reload":80,
"shootY":16,
"recoil":3,
"rotate":true,
"rotateSpeed":1.3,
"mirror":true,
"shootCone":2,
"x":-25,
"y":-20,
"heatColor":"f9350f",
"cooldownTime":30,
"bullet":{
"type":"BasicBulletType"
"sprite":"missile-large",
"collidesAir": false
"width":7.5,
"height":13,
"lifetime":30,
"hitSize":6,
"pierceCap":2,
"pierce":true,
"pierceBuilding":true,
"hitColor":"feb380"
"backColor":"feb380"
"trailColor":"feb380",
"frontColor":"ffffffff",
"trailWidth":2.8,
"trailLength":8,
"speed":8   
"hitEffect":"blastExplosion",
"despawnEffect":"blastExplosion",
"shootEffect":"shootTitan",
"smokeEffect":"shootSmokeTitan",
"splashDamageRadius":25,
"splashDamage":70,

"trailEffect":"hitSquaresColor",
"trailRotation":true,
"trailInterval":3,

"fragBullets":4,

"fragBullet":{
"type":"BasicBulletType"
"sprite":"missile-large",
"width":5,
"height":7,
"lifetime":15,
"hitSize":4,	   
"speed":3 
"pierceCap":3,
"pierce":true,
"pierceBuilding":true,
"hitColor":"feb380"
"backColor":"feb380"
"trailColor":"feb380",
"frontColor":"ffffffff",
"trailWidth":1.7,
"trailLength":3,
"drag":0.01,
"despawnEffect":"hitBulletColor"
"hitEffect":"hitBulletColor",
},
},
},		
      {
			"name": "帝王3",
			"reload": 4,
			"rotateSpeed":2.5,
			"x": -20,
			"y": 10,
			"top": true,
			"rotate": true,
			"inaccuracy": 0,   
			"recoil": 0,
			"shootSound": "laser",
			"shootCone": 5,
		"shoot": {
		"shots": 1,
		"type": "ShootAlternate",
		"barrels": 2,
		"spread": 4,		
		"shotDelay": 3
	}
			"bullet": {
				"type": "RailBulletType",
				"damage": 70,
				"pierce": true,
				"pierceEffect": "none",
				"pointEffectSpace": 4,
				"pointEffect": {
					"type": "ParticleEffect",
					"particles": 1,
					"line": true,
					"randLength": false,
					"lenFrom": 4.3,
					"lenTo": 4.3,
					"strokeFrom": 3,
					"strokeTo": 0,
					"length": 2,
					"baseLength": 4,
					"lifetime": 5,
					"colorFrom": "feb380",
					"colorTo": "feb380",
					"cone": 0
				},
				"shootEffect": "none",
				"smokeEffect": "none",
				"hitEffect": {
					"type": "ParticleEffect",
					"particles": 5,
					"lifetime": 10,
					"sizeFrom": 3,
					"sizeTo": 0,
					"colorFrom": "feb380",
					"colorTo": "feb380"
				},
				"length": 315
			}
		},
      {
      "name": "帝王主炮",
      "x": 0,
      "y": -10,
      "mirror": false,
      "layerOffset": 2,
      "top": true,
      "reload": 120,
      "cooldownTime": 140,
      "rotate": true,
      "rotateSpeed": 0.6,
      "shootY": 37,
      "minWarmup": 0.85,
      "smoothReloadSpeed": 0.08,
      "shootWarmupSpeed": 0.02,
      "recoil": 2,
      "heatColor": "feb380",
      "parts": [
        {
          "type": "RegionPart",
          "suffix": "-glow",
          "layer": -1,
          "mirror": true,
          "blending": "additive",
          "color": "feb380aa",
          "colorTo": "feb380aa",
          "outline": false,
          "progress": "warmup"
        },
        {
          "type": "RegionPart",
          "suffix": "-blade",
          "mirror": true,
          "moveRot": -44,
          "moveX": 3,
          "layerOffset": -0.001,
          "y": -3,
          "x": 4,
          "moves": [
            {
              "type": "PartMove",
              "progress": "recoil",
              "rot": -9
            }
          ],
          "progress": "warmup",
          "heatProgress": {
            "blending": "additive",
            "type": "warmup",
            "other": {
              "type": "warmup",
              "op": "min",
              "other": "heat"
            }
          }
        },
        { 
          "type": "RegionPart",
          "suffix": "-blade",
          "mirror": true,
          "moveRot": -74,
          "moveX": 5,
          "layerOffset": -0.001,
          "y": -7,
          "x": 4,
          "moves": [
            {
              "type": "PartMove",
              "progress": {
                "type": "warmup",
                "op": "blend",
                "other": "recoil",
                "amount": 1.15
              },
              "rot": -9
            }
          ],
          "progress": "warmup",
          "heatProgress": {
            "blending": "additive",
            "type": "warmup",
            "other": {
              "type": "warmup",
              "op": "min",
              "other": "heat"
            }
          }
        },
        {
          "type": "RegionPart",
          "suffix": "-blade",
          "mirror": true,
          "moveRot": -104,
          "moveX": 3,
          "layerOffset": -0.001,
          "y": -9,
          "x": 4,
          "moves": [
            {
              "type": "PartMove",
              "progress": {
                "type": "warmup",
                "op": "blend",
                "other": "recoil",
                "amount": 1.25
              },
              "rot": -9
            }
          ],
          "progress": "warmup",
          "heatProgress": {
            "blending": "additive",
            "type": "warmup",
            "other": {
              "type": "warmup",
              "op": "min",
              "other": "heat"
            }
          }
        }
      ],
      "shootSound": "largeCannon",
      "bullet": {
        "type": "basicBulletType",
        "damage": 900,	        
        "collidesAir": false
        "splashDamage": 650,
	    "splashDamageRadius": 70,
        "pierceBuilding": true,
        "pierceCap": 5,
        "height": 39,
        "width": 19,
        "speed": 17,
        "lifetime": 30,
        "smokeEffect": {
          "type": "multiEffect",
          "effects": [
            {
              "type": "ParticleEffect",
              "line": true,
              "particles": 8,
              "lifetime": 40,
              "interp": "circleOut",
              "offset": 30,
              "cone": 30,
              "length": 60,
              "lightColor": "feb380",
              "strokeFrom": 4,
              "strokeTo": 0,
              "lenFrom": 6,
              "lenTo": 6,
              "colorFrom": "ffcea0",
              "colorTo": "feb380"
            }
          ]
        },
        "hitEffect": {
          "type": "multiEffect",
          "effects": [
            {
              "type": "ParticleEffect",
              "particles": 20,
              "length": 35,
              "baseLength": 10,
              "lifetime": 70,
              "lightColor": "feb380",
              "interp": "circleOut",
              "sizeInterp": "pow5In",
              "cone": 360,
              "colorFrom": "ffcea0",
              "colorTo": "feb380",
              "sizeFrom": 10,
              "sizeTo": 0
            },
            {
              "type": "ParticleEffect",
              "line": true,
              "particles": 25,
              "lifetime": 30,
              "interp": "circleOut",
              "length": 50,
              "lightColor": "feb380",
              "strokeFrom": 4,
              "strokeTo": 0,
              "lenFrom": 10,
              "lenTo": 10,
              "colorFrom": "ffcea0",
              "colorTo": "feb380"
            },
            {
              "type": "ParticleEffect",
              "line": true,
              "particles": 25,
              "lifetime": 40,
              "interp": "circleOut",
              "cone": 40,
              "length": 90,
              "lightColor": "feb380",
              "strokeFrom": 5,
              "strokeTo": 0,
              "lenFrom": 12,
              "lenTo": 3,
              "colorFrom": "ffcea0",
              "colorTo": "feb380"
            },
            {
              "type": "ParticleEffect",
              "particles": 15,
              "length": 45,
              "baseLength": 10,
              "lifetime": 50,
              "lightColor": "feb380",
              "interp": "circleOut",
              "sizeInterp": "pow5In",
              "cone": 360,
              "colorFrom": "ffcea0",
              "colorTo": "feb380",
              "sizeFrom": 7,
              "sizeTo": 0
            },
            {
              "type": "WaveEffect",
              "lifetime": 20,
              "sizeFrom": 20,
              "sizeTo": 40,
              "strokeFrom": 4,
              "strokeTo": 0,
              "lightColor": "feb380",
              "colorFrom": "ffcea0",
              "colorTo": "feb380"
            }
          ]
        },
        "despawnHit": true,
        "shootEffect": {
          "type": "multiEffect",
          "followParent": true,
          "rotWithParent": true,
          "effects": [
            {
              "type": "ParticleEffect",
              "particles": 1,
              "lifetime": 10,
              "length": 0,
              "region": "exogenesis-tall",
              "sizeFrom": 42,
              "sizeTo": 0,
              "colorFrom": "ffcea0",
              "colorTo": "feb380"
            }
          ]
        },
        "trailLength": 16,
        "trailWidth": 5,
        "trailColor": "feb380",
        "backColor": "feb380",
        "frontColor": "ffcea0",
        "keepVelocity": false,
	"intervalBullets":2
	//每次分裂子弹数
	"intervalAngle":180
	//分裂角度
	"intervalSpread":300
	"bulletInterval":2
	//分裂间隔
	"intervalRandomSpread":10
    "hitSound":"cannon"
	"intervalBullet":{
	    //间隔分裂子弹
	    "type":"BasicBulletType"
	    "trailColor":"feb380ff"     
	    "collidesAir": false
	    "width":7
	    "height":12
	    "speed":5
	    "frontColor":"feb380ff"
	    "hitColor":"feb380ff"
	    "lifetime":20
	    "frontColor":"feb380ff"
	    "toColor":"feb380ff"
	    "damage":45,
	    "pierceCap": 3,
	    "hitSize":5                  
	    "backColor":"feb380ff"
	    "hitColor":"feb380ff"
	    "sprite":"large-orb"
	    "pierce":true
	    "pierceBuilding":true
	    "frontColor":"ffffff"
	    "trailWidth":2.1
	    "trailLength":4
	    "homingRange":80,
	"homingPower":1,
	//"despawnEffect":"dullExplosion"
	"stroke":1,
	"strokeTo":0,
	"colorFrom":"feb380",
	"colorTo":"feb38040"
            },
          }
        
          },   

    ]
}
