{
	"type": "flying",

"payloadCapacity": 400,
	"flying":true
	"name": "毁灭",
	"speed": 0.8,
	"research":"大型飞船装配厂"
	"armor": 11,
	"drag": 0.05,	 
	"template": "ErekirUnitType"
	"abilities": [
	    {
    "type": "SuppressionFieldAbility"
    "orbRadius": 10
    "x": 0
    "y": 1
    }

    
		{
			"type": "EnergyFieldAbility",
			"damage": 103,
			"reload": 120,  
			"sameTypeHealMult":0.5
			"top": true,
			"range": 270,
			"healPercent": 5,
			"effectRadius": 9,
			"sectors": 6,
			"sectorRad": 0.11,
			"color":"bf92f9"
			"hitEffect": {
				"type": "ParticleEffect",
				"particles": 1,
				"sizeFrom": 16,
				"sizeTo": 35,
				"baseLength": 0,
				"lifetime": 15,
				"colorFrom": "bf92f9",
				"colorTo": "bf92f900",
				"cone": 360
			},
			"damageEffect": "chainLightning",
			"status": "sapped",
			"shootSound": "spark",
			"statusDuration": 120,
			"x": 0,
			"y": 0,
			"maxTargets": 21
		},
]
	"description": "向敌人倾泻大量导弹和激光弹 导弹可以压制敌方的修复建筑 其本身还拥有较大范围的修复压制场和弱化性能量场",	
	"accel": 0.1,
	"rotateSpeed": 2,
	"ammoType": {
		"type": "PowerAmmoType",
		"totalPower": 800
	},
	"ammoCapacity": 500,
	"hitSize": 70,
	"faceTarget": true,
	"drawMinimap": false,
	"health": 41000,
	"engineOffset": 16,
	"engineSize":7 ,
	"itemCapacity": 0,
	
	/*"engines": [
		{
			"x": 0,
			"y": -30,
			"radius": 6,
			"rotation": 0
		},
		{
			"x": -15,
			"y": -30,
			"radius": 4,
			"rotation": -45
		},
		{
			"x": 15,
			"y": -30,
			"radius": 4,
			"rotation": 315
		},
		{
			"x": 30,
			"y": -25,
			"radius": 2,
			"rotation": -45
		}	
		{
			"x": -30,
			"y": -25,
			"radius": 2,
			"rotation": 315
		}
	],*/
	"parts": [	
	    {"type":"shapePart",
		"hollow":true,
		"circle":true,
		"y":0,
		"layer":110,
		"color":"bf92f9ff",
		"stroke":0,
		"strokeTo":6,
		"radiusTo":55,
		"radius":0
		},
		{"type":"HaloPart",
		"y":0,
		"radius":2,
		"tri":true,
		"layer":110,
		"color":"bf92f9ff",
		"haloRotateSpeed":-1.7,
		"haloRadius":40,
		"haloRadiusTo":55,
		"stroke":0,
		"strokeTo":5,
		"shapes":2,
		"triLengthTo":20,
		"triLength":10
		},	       	
		{"type":"HaloPart",
		"y":0,
		"radius":2,
		"tri":true,
		"layer":110,
		"color":"bf92f9ff",
		"haloRotateSpeed":1.7,
		"haloRadius":40,
		"haloRadiusTo":55,
		"stroke":0,
		"strokeTo":5,
		"shapes":2,
		"triLengthTo":20,
		"triLength":10
		},	       
		{
	"type":"ShapePart",
	"hollow":true,
	"sides":4,
	"x":0,"y":0,
	"radius":40,
	"radiusTo":55,
	"stroke":3,
	"strokeTo":6,
	"color":"bf92f9ff",
	"rotateSpeed":1.7,
	"layer":110,
	},	
	{
	"type":"ShapePart",
	"hollow":true,
	"sides":4,
	"x":0,"y":0,
	"radius":40,
	"radiusTo":55,
	"stroke":3,
	"strokeTo":6,
	"color":"bf92f9ff",
	"rotateSpeed":-1.7,
	"layer":110,
	},	
	{
	"type":"ShapePart",
	"hollow":true,
	"sides":4, 
	"haloRotation":90
	"x":0,"y":0,
	"radius":40,
	"radiusTo":55,
	"stroke":3,
	"strokeTo":6,
	"color":"bf92f9ff",
	"rotateSpeed":1.7,
	"layer":110,
	},	
	{
	"type":"ShapePart",
	"hollow":true,
	"sides":4,  
	"haloRotation":90
	"x":0,"y":0,
	"radius":40,
	"radiusTo":55,
	"stroke":3,
	"strokeTo":6,
	"color":"bf92f9ff",
	"rotateSpeed":-1.7,
	"layer":110,
	},

				{
					"type": "RegionPart",
					"mirror": true,
					"x": 10,
					"y": 12,
					"suffix": "-1",
					"layer": -0.01,
					"moveY": -7
					"moveX": 7
					"moveRot":0
					"layerOffset": -0.01,
				}
			],
	"weapons": [	
	    {
	        "name":"毁灭1"
			"reload": 10,   
			//"layerOffset": 0.001
			"x": -20,
			"y": -20,
			"shoot": {
				"shots": 4,
				"shotDelay": 2
			},
			"top": true,
			"rotate": true,
			"rotateSpeed": 9,
			"shootSound": "lasershoot",
		"bullet": {
    "type": "LaserBoltType"
    "layer":0.01,
    "height": 9
    "width": 5

    
    "lifetime": 65
    "speed": 7
    "damage": 20

    "trailColor": "bf92f9"
   "frontColor": "ffffff"
    "backColor": "bf92f9"
    "trailLength": 3.2
    "trailWidth": 1.5
}
		    
		}	
		{
	        "name":"毁灭1"
			"reload": 10,   
			//"layerOffset": 0.001
			"x": -10,
			"y": 15,
			"shoot": {
				"shots": 4,
				"shotDelay": 2
			},
			"top": true,
			"rotate": true,
			"rotateSpeed": 9,
			"shootSound": "lasershoot",
	"bullet": {
    "type": "LaserBoltType"
	//"layer":0.01,
    "height": 9
    "width": 5

    
    "lifetime": 65
    "speed": 7
    "damage": 20

    "trailColor": "bf92f9"
   "frontColor": "ffffff"
    "backColor": "bf92f9"
    "trailLength": 3.2
    "trailWidth": 1.5
}
		    
		}
		{
    "x": 10,
    "y": 10,
    "rotate": false,
    "mirror": true,
    "top": true,
    "reload": 75,
    "range": 140,
    "shootSound": "missileSmall",
    "ammoPerShot":2
    "shoot": {
		"shots": 6,
		"shotDelay": 2
	},
		    
		
    "bullet":{
      "speed": 0,
      "spawnUnit": "quell-missile",
      "instantDisappear": true,
      "smokeEffect": "shootBigSmoke2"
    "shootEffect": "shootBig"
    }
		    
		}
		{
	"name":"毁灭3"
    "x": 22,
    "y": -20,
    "layerOffset": -0.001
    "rotate": false,
    "mirror": true,
    "top": false,
    "reload": 160,
    "range": 140,
    "shootSound": "missileLarge",
    "ammoPerShot":2
    "shoot": {
		"shots": 6,
		"shotDelay": 2
	},
		    
		
    "bullet":{
      "speed": 0,
      "spawnUnit": "disrupt-missile",
      "instantDisappear": true,
      "smokeEffect": "shootBigSmoke2"
    "shootEffect": "shootBig"
    }
		    
		}


	]
}