{
"name": "热能钻机"
	"description":"用热量转化为动力进行挖矿，热量越多，挖的越快"
	"drawRim": true,
	"hasItems": true,
	"research": {
	"parent": "钻银机",//科技树前置
	},
	"category": "production",
	"requirements": [//建造花费
	"copper/200"
	"lead/250"
	"silicon/100"
	"化钢/200"
	"钛板/120"
	"裂位合金/75"
],
    "consumes":{
		"liquid": {//液体
		"liquid": "water", "amount": 0.1,//液体消耗
		"booster":true,//加速
		"optional": true//可选
		}	}
}