{
    "name": "硫酸抽取机",
    "description": "从酸蚀地中抽取硫酸",
    "type": "SolidPump",
    "health": 750,
    "size": 2,
    "floating": true,
    "hasPower": true,
    "hasLiquids": true,
    "liquidCapacity": 60,
    "requirements": [
        {
            "item": "化钢",
            "amount": 65
        },
        {
            "item": "lead",
            "amount": 65
        },
        {
            "item": "silicon",
            "amount": 35
        },
        {
            "item": "graphite",
            "amount": 35
        }
    ],
    "consumes": {
        "power": 6
    },
    "pumpAmount": 0.1,
    "rotateSpeed": 1.3,
    "result": "硫酸",
    "baseEfficiency": 0,
    "attribute": "酸性",
    "category": "production",
    "research": {
    "parent": "银钻机",
    "objectives": [
        {
            "type": "SectorComplete",
            "preset": "孢子平原"
        }
    ]
},
}