{
	"type": "WallCrafter",//类型,墙壁钻头
	"category": "production",//菜单栏
	"name":"钻银机",//名字
	"description":"钻取银沙墙内的银",//介绍
"alwaysUnlocked":false,//科技树默认解锁
	"research": {
	"parent": "特级核心",//科技树前置
	},

	"requirements": [//建造花费
	"copper/20"
],

	"attribute": "银",

	"output":"银",

	"itemCapacity": 20,//物品容量
	"liquidCapacity": 20,//液体容量
	"size":2,//平方大小
	"health":245,//血量
	"fogRadius":2,//
	"drillTime":40,//挖掘时间
	"liquidBoostIntensity":2,//
	"hasShadow":true//
}