{
  "type": "hover",//不能改
  "name": "突袭A",
  "description": "水路工作 采用AA50型号散弹 ，采用型号a"
  "speed": 3.1,
  "hitSize": 7,
  "health": 5000
  "engineSize": 5,
  "hovering": true,
  "template": "ErekirUnitType",//不能改
  "shootSound":"Afflict"//发射出来的音效
  "shadowElevation": 0,
  "armor": 30,
  "research": "错误",
  "parts": [
    {
      "type": "HoverPart",
      //悬浮动画块
      "mirror": false,
      //是否镜像显示
      "x": 0,
      "y": 0,
      //平面坐标位置
      "radius": 11,
      //半径
      "phase": 90,
      //
      "stroke": 2,
      //
      "layerOffset": -0.001,
      //图层
      "color": "DEEDFFFF"
      //颜色
    }
  ],
  //来自@Cheems
  "weapons": [
    {
      "name": "散弹炮",
      "x": -3,
      "y": -4.3,
      "rotate": false,
      "reload": 13,
      "mirror": true,
      "shootCone": 180,
      "baseRotation": 55,
      "shoot": {
        "type": "ShootSpread",
        "spread": 10,
        "shots": 3
      },
      "bullet": {
        "type": "BasicBulletType",
        "homingPower": 0.35,
        "homingDelay": 3,
        "damage": 150,
        "trailWidth": 1.5,
        "lifetime": 45,
        "pierceArmor": true,
        "width": 2,
        "speed": 3.8,
        "trailLength": 10
      }
    }
  ]
}