{
	"type":"ItemTurret",//类型:消耗物品的炮塔
	"name":"散血",//名字
   "description":"向敌人一次发射三发子弹",//介绍
	"size":1,//物品面积
	"health":275,//建筑血量
	"ammoPerShot":1,//每次攻击消耗弹药数量
	"range":120,//攻击范围，8为1格
	"reload":20,//攻击速度（每多少帧射击一次）(一秒60帧)
	"inaccuracy":0,//误差(度）
    "ammoUseEffect": "casing2",//开火特效
    "recoil":0.5,//后坐力
	"rotatespeed":0.5,//旋转速度
	"maxAmmo":15,//最大弹药
	"targetAir":true//索敌天空
	"targetGround":true,//索敌地面
	"heatColor":"FF6B00FF",
	"shoot":{
	"shots":3,
	"shotDelay":0,
	"type": "ShootBarrel",//多炮管
        "barrels": [
        -2.1,0,0,
        0,0,0,
        2.1,0,0
        ]//每三个数字为一个炮管  三个数字分别为:x y 角度
	}
	"consumes": {
    "coolant":{
    "amount":0.1,
    "optional":true}
    }
    "coolantMultiplier":10,
	"ammoTypes":{
		"copper": {//消耗的弹药
		    "reloadMultiplier":1,//射击速率
			"speed": 6,//子弹速度（输入数字×8）
			"damage": 6,//伤害
			"knockback":0.5,//击退
			"lifetime":24,//弹药存在时间（帧）
			"width": 5,//子弹宽度
			"height": 6,//子弹长度
			"trailColor":"D700005A"//子弹拖尾颜色
			"trailLength":2,//子弹拖尾长度
			"trailWidth":1,//子弹拖尾宽度
			"ammoMultiplier":2,//装填倍数
            "backColor":"900000FF"//子弹外围颜色
            "frontColor":"FF0000FF"//子弹中心颜色
				  }
		    "silicon": {//消耗的弹药
		    "reloadMultiplier":1.20,//射击速率
			"speed": 6,//子弹速度（输入数字×8）
			"damage":8,//伤害
			"knockback":0.5,//击退
			"lifetime":24,//弹药存在时间（帧）
			"width": 5,//子弹宽度
			"height": 6,//子弹长度
			"trailColor":"9191975A"//子弹拖尾颜色
			"trailLength":2,//子弹拖尾长度
			"trailWidth":1,//子弹拖尾宽度
			"ammoMultiplier":3,//装填倍数
			"shootEffect": "shootBig",//特效
			"homingPower":1,//（追踪强度）
			"homingDelay":0,//（追踪延迟，60为一秒）
			"homingRange":120,//（追踪距离，8为1格）
			"backColor":"3C3D46FF"//子弹外围颜色
            "frontColor":"919197FF"//子弹中心颜色
			      }
},
  "drawer":{
    "type":"DrawTurret",
    "parts":[{//特效类型:圆形(攻击判定:发动时重新加载)
            "type":"ShapePart",//类型不用改
            "progress":{
                "type":"reload",//不用改
                "op":"delay",
                "amount":1//炮台射击不重置特效(0关闭1启动)
            },
            "color":"CE0000FF"//特效颜色
            "stroke":0.5,//扩大停止时粗细
            "strokeTo":0,//开始时粗细
            "circle":true,//是否为圆圈
            "hollow":true,//是否为空心
            "radius":1,//变大停止(结束位置)
            "radiusTo":0,//逐渐变大(开始位置)
            "layer":110,//层？(默认110不建议改)
            "y":12,//特效围绕坐标点
            "x":0,//特效围绕坐标点
            }
            {//特效类型:圆形(攻击判定:发动时重新加载)
            "type":"ShapePart",//类型不用改
            "progress":{
                "type":"reload",//不用改
                "op":"delay",
                "amount":0//炮台射击不重置特效(0关闭1启动)
            },
            "color":"CE0000FF"//特效颜色
            "stroke":0.5,//扩大停止时粗细
            "strokeTo":0,//开始时粗细
            "circle":true,//是否为圆圈
            "hollow":true,//是否为空心
            "radius":3,//变大停止(结束位置)
            "radiusTo":0,//逐渐变大(开始位置)
            "layer":110,//层？(默认110不建议改)
            "y":12,//特效围绕坐标点
            "x":0,//特效围绕坐标点
        }
        {
				"type": "RegionPart",
				"suffix": "-0",
				"under": true,
				"recoilIndex": 0,
				"moves": [
					{
						"progress": "recoil",
						"y": -1.5
					}
				],
				"heatProgress": "recoil"
			}
		{
				"type": "RegionPart",
				"suffix": "-1",
				"under": true,
				"recoilIndex": 0,
				"moves": [
					{
						"progress": "recoil",
						"y": -1.5
					}
				],
				"heatProgress": "recoil"
			}
		{
				"type": "RegionPart",
				"suffix": "-2",
				"under": true,
				"recoilIndex": 0,
				"moves": [
					{
						"progress": "recoil",
						"y": -1.5
					}
				],
				"heatProgress": "recoil"
			}
		]}
	"requirements": [
	 {"item":"copper","amount":40}
	 {"item":"lead","amount":30}
	 ]
	"category": "turret",//类型
	"research":"duo"//科技树位置，duo为双管
}
