{
	"type":"ItemTurret",//类型:消耗物品的炮塔
	"name":"血光之灾",//名字
   "description":"用血锭制作的炮台，用血锭作为弹药",//介绍
	"size":2,//物品面积
	"health":1100,//建筑血量
	"ammoPerShot":1,//每次攻击消耗弹药数量
	"range":200,//攻击范围，8为1格
	"reload":30,//攻击速度（每多少帧射击一次）(一秒60帧)
	"inaccuracy":5,//误差(度）
    "ammoUseEffect": "casing2",//开火特效
    "recoil": 2//后坐力
	"rotatespeed":1.5,//旋转速度
	"maxAmmo":15,//最大弹药
	"targetAir":true//索敌天空
	"targetGround":true,//索敌地面
	"heatColor":"#900000",
	"consumes": {
    "coolant":{
    "amount":0.2,
    "optional":true
    }
    }
    "coolantMultiplier":6,
	"ammoTypes":{
		"低浓血锭": {//消耗的弹药
		    "reloadMultiplier":1,//射击速率
			"speed": 6,//子弹速度（输入数字×8）
			"damage": 20,//伤害
			"knockback":0.2,//击退
			"lifetime":35,//弹药存在时间（帧）
			"width": 10,//子弹宽度
			"height": 12,//子弹长度
			"trailColor":"D70000AA"//子弹拖尾颜色
			"trailLength":4,//子弹拖尾长度
			"trailWidth":2.08333,//子弹拖尾宽度
			"ammoMultiplier":2,//装填倍数
			"status": "sapped",//击中附加buff
			"statusDuration": 240,//附加buff时长，60=1秒
            "splashDamageRadius":12,//范围伤害的范围8=1格
            "splashDamage":10//范围伤害的伤害
            "backColor":"900000FF"//子弹外围颜色
            "frontColor":"FF0000FF"//子弹中心颜色
            "despawnEffect":"none",
		    "hitEffect": {
			"type": "MultiEffect",
			"effects": [
					{
                        "type": "ParticleEffect",
                        "particles": 3,
                        "sizeTo": 0,
                        "sizeFrom": 6,
                        "colorTo": "454545ff",
                        "colorFrom": "454545ff",
                        "cone": 360,
                        "length": 12,
                        "baseLength": 2,
                        "lifetime": 36,
                        "layer": 100,
                        "interp": "circleOut",
          	        }
          	        {
		"type": "ParticleEffect",
    "particles": 2,
    "length":8,
    "baseLength": 1,
    "lifetime": 30,
    "line": true,
    "lenFrom":4,
    "lenTo":0,
    "strokeFrom": 1,
    "strokeTo": 0,
    "cone": 360
    "interp": "circleOut",
        },
        {
        "type": "WaveEffect",
        "lifetime": 10,
        "sizeFrom": 1,
        "sizeTo": 12,
        "strokeFrom": 2
        "strokeTo": 0,
        "colorFrom": "900000FF",
        "colorTo": "900000FF"
    }
				]
			},
				  }
			"高浓血锭": {//消耗的弹药
		    "reloadMultiplier":1.5,//射击速率
			"speed": 6,//子弹速度（输入数字×8）
			"damage": 40,//伤害
			"knockback":2,//击退
			"lifetime":35,//弹药存在时间（帧）
			"width": 10,//子弹宽度
			"height": 12,//子弹长度
			"trailColor":"D70000AA"//子弹拖尾颜色
			"trailLength":4,//子弹拖尾长度
			"trailWidth":2.08333,//子弹拖尾宽度
			"ammoMultiplier":2,//装填倍数
			"status": "sapped",//击中附加buff
			"statusDuration": 300,//附加buff时长，60=1秒
            "splashDamageRadius":12,//范围伤害的范围8=1格
            "splashDamage":35//范围伤害的伤害
            "backColor":"900000FF"//子弹外围颜色
            "frontColor":"FF0000FF"//子弹中心颜色
            "despawnEffect":"none",
		    "hitEffect": {
			"type": "MultiEffect",
			"effects": [
					{
                        "type": "ParticleEffect",
                        "particles": 3,
                        "sizeTo": 0,
                        "sizeFrom": 6,
                        "colorTo": "454545ff",
                        "colorFrom": "454545ff",
                        "cone": 360,
                        "length": 12,
                        "baseLength": 2,
                        "lifetime": 36,
                        "layer": 100,
                        "interp": "circleOut",
          	        }
          	        {
		"type": "ParticleEffect",
    "particles": 2,
    "length":8,
    "baseLength": 1,
    "lifetime": 30,
    "line": true,
    "lenFrom":4,
    "lenTo":0,
    "strokeFrom": 1,
    "strokeTo": 0,
    "cone": 360
    "interp": "circleOut",
        },
        {
        "type": "WaveEffect",
        "lifetime": 10,
        "sizeFrom": 1,
        "sizeTo": 12,
        "strokeFrom": 2
        "strokeTo": 0,
        "colorFrom": "900000FF",
        "colorTo": "900000FF"
    }
				]
			},
				  }	  
},
    "drawer":{
    "type":"DrawTurret",
    "parts":[        {//特效类型:多边形(攻击判定可选)
            "type":"HaloPart",//类型不用改
            "progress":{
                "type":"reload",//不用改
                "op":"delay",
                "amount":1//炮台射击不重置特效(0关闭1启动)
            },
            "rotateSpeed":0,//(自)转速度
            "sides":3,//几边形("tri":false时可用)
            "shapes":10,//围绕旋转的图形数量
            "color":"9000009E",//特效颜色
            "tri":true,//是否为三角形
            "hollow":true,//是否为空心(仅在"tri":false可用)
            "stroke":5,//围绕旋转的图形线条粗细
            "strokeTo":0,//此状态下无用，无需更改
            "radius":4,//图形大小("tri":false)&三角形底长("tri":true)
            "radiusTo":0,//此状态下无用，无需更改
            "triLength":8,//三角形尖锐程度("tri":true时可用)
            "triLengthTo":0,//重置时尖锐程度
            "haloRadius":6,//图形围绕旋转半径
            "haloRotation":22.5//?
            "haloRotateSpeed":0.5,//图形旋转速度
            "layer":110,//层？(默认110不建议改)
            "x":0,
            "y":-13,
            }]}
	"requirements": [
	 {"item":"低浓血锭","amount":80},//造价
	 {"item":"copper","amount":80}
	 {"item":"titanium","amount":40}
	 ]
	"category": "turret",//类型
	"research":"散血"//科技树位置，duo为双管
}
