{
	"type":"ItemTurret",//类型:消耗物品的炮塔
	"name":"血脉",//名字
   "description":"向敌人发射突刺激光",//介绍
	"size":2,//物品面积
	"health":2300,//建筑血量
	"ammoPerShot":1,//每次攻击消耗弹药数量
	"range":160,//攻击范围，8为1格
	"reload":20,//攻击速度（每多少帧射击一次）(一秒60帧)
	"inaccuracy":0,//误差(度）
    "ammoUseEffect": "casing2",//开火特效
    "recoil":0.5,//后坐力
	"rotatespeed":4,//旋转速度
	"maxAmmo":15,//最大弹药
	"targetAir":true//索敌天空
	"targetGround":true,//索敌地面
	"heatColor":"FF0000FF",
	"shootSound":"shootAltLong",/*射击声 */
	"consumes": {
    "coolant":{
    "amount":0.35,
    "optional":true}
    }
    "coolantMultiplier":10,
	"ammoTypes":{
		"低浓血锭": {//消耗的弹药
		"type":"ShrapnelBulletType"
		"reloadMultiplier":1,//射击速率
		"damage": 58,//伤害
		"knockback":1,//击退
		"lifetime":5,//弹药存在时间（帧）
		"width": 5,//子弹宽度
		"length":160,
		"ammoMultiplier":2,//装填倍数
		"fromColor":"780000FF"
		"toColor":"FF0000FF"
		}
		"高浓血锭": {//消耗的弹药
		"type":"ShrapnelBulletType"
		"reloadMultiplier":0.9,//射击速率
		"damage": 78,//伤害
		"knockback":2,//击退
		"lifetime":5,//弹药存在时间（帧）
		"width": 5,//子弹宽度
		"length":160,
		"ammoMultiplier":3,//装填倍数
		"fromColor":"660000FF"
		"toColor":"940000FF"
		}},
  "drawer":{
    "type":"DrawTurret",
    "parts":[{//特效类型:多边形(攻击判定可选)
            "type":"HaloPart",//类型不用改
            "progress":{
                "type":"reload",//不用改
                "op":"delay",
                "amount":1//炮台射击不重置特效(0关闭1启动)
            },
            "rotateSpeed":0,//(自)转速度
            "sides":4,//几边形("tri":false时可用)
            "shapes":4,//围绕旋转的图形数量
            "color":"FF0000FF",//特效颜色
            "tri":true,//是否为三角形
            "hollow":true,//是否为空心(仅在"tri":false可用)
            "stroke":0.5,//围绕旋转的图形线条粗细
            "strokeTo":0,//此状态下无用，无需更改
            "radius":3,//图形大小("tri":false)&三角形底长("tri":true)
            "radiusTo":0,//此状态下无用，无需更改
            "triLength":5,//三角形尖锐程度("tri":true时可用)
            "triLengthTo":0,//重置时尖锐程度
            "haloRadius":5,//图形围绕旋转半径
            "haloRotation":22.5//?
            "haloRotateSpeed":1,//图形旋转速度
            "layer":110,//层？(默认110不建议改)
            "x":0,
            "y":-5,
            }
            {"type":"HaloPart",//类型不用改
            "progress":{
                "type":"reload",//不用改
                "op":"delay",
                "amount":1//炮台射击不重置特效(0关闭1启动)
            },
            "rotateSpeed":0,//(自)转速度
            "sides":4,//几边形("tri":false时可用)
            "shapes":4,//围绕旋转的图形数量
            "color":"FF0000FF",//特效颜色
            "tri":false,//是否为三角形
            "hollow":false,//是否为空心(仅在"tri":false可用)
            "stroke":0.5,//围绕旋转的图形线条粗细
            "strokeTo":0,//此状态下无用，无需更改
            "radius":1.5,//图形大小("tri":false)&三角形底长("tri":true)
            "radiusTo":0,//此状态下无用，无需更改
            "triLength":0,//三角形尖锐程度("tri":true时可用)
            "triLengthTo":0,//重置时尖锐程度
            "haloRadius":5,//图形围绕旋转半径
            "haloRotation":22.5//?
            "haloRotateSpeed":1,//图形旋转速度
            "layer":110,//层？(默认110不建议改)
            "x":0,
            "y":-5,
            }
            {//特效类型:圆形(攻击判定:发动时重新加载)
            "type":"ShapePart",//类型不用改
            "progress":{
                "type":"reload",//不用改
                "op":"delay",
                "amount":1//炮台射击不重置特效(0关闭1启动)
            },
            "color":"FF0000FF"//特效颜色
            "stroke":0.5,//扩大停止时粗细
            "strokeTo":0.5,//开始时粗细
            "circle":true,//是否为圆圈
            "hollow":true,//是否为空心
            "radius":5.1,//变大停止(结束位置)
            "radiusTo":0,//逐渐变大(开始位置)
            "layer":110,//层？(默认110不建议改)
            "y":-5,//特效围绕坐标点
            "x":0,//特效围绕坐标点
        }]}
	"requirements": [
	 {"item":"copper","amount":70}
	 {"item":"lead","amount":75}
	 {"item":"低浓血锭","amount":60}
	 {"item":"高浓血锭","amount":30}
	 {"item":"titanium","amount":55}
	 {"item":"thorium","amount":45}
	 ]
	"category": "turret",//类型
	"research":"血光之灾"//科技树位置，duo为双管
}
