{
    "name": "蒸汽抽水机",
    "description": "可能真的不太行吧，前期用不了，后期用不上\n平衡这东西玄乎的很，所以也就没有必要再左调调右调调了，没必要",
    "type": "Fracker",
    "health": 423,
    "size": 3,
    "floating": true,
    "hasLiquids": true,
    "hasItem": true,
    "hasPower": false,
    "liquidCapacity": 95,
    "consumes":{
        "itemFlammable": {},
        "itemExplode": {},
    "liquid":"water/0.132"    
    }
    "requirements": [
"copper/71","lead/71","metaglass/71","graphite/71"
    ],
    "updateEffect": "pulverizeMedium",
    "updateEffectChance": 0.05,
    "pumpAmount": 0.45,
    "rotateSpeed": 5.233,//每帧旋转角度，转向速度直接决定了坦克和船的转弯半径，rotS(旋转速度)=360°/t(时间)=360°/2πr(圆的周长)/uS(单位速度)
    "result": "water",
    "baseEfficiency": 1,
    "attribute": "water",
    "category": "production",
    "research": "pneumatic-drill",
    "alwaysUnlocked": false,
    "details": "应该不会有人用吧？",
    "itemUseTime":240,
}