{
    "name": "钛化石墨钻头",
    "displayName":"复合石墨钻头2.0",
    "description":"曾经，复合石墨钻头不能挖钍，所以，现在，他可以挖钍了，因为有钛，干得动了！所以！让我们弥补一下不能使用钍产量少的遗憾！也弥补一下复合石墨钻头挖不了钍的遗憾！",
    "details":"钛化石墨钻头，原名复合石墨钻头2.0，是为了解决复合石墨钻头不能挖钍的解决方案，不过随着时间的发展，他已经从解决问题的方案变为了爆破钻头的良好替代品，发展方向也从如何低成本的挖钍变为了如何与爆破钻头争锋…",
    "type": "Drill",
    "hasPower": true,
    "size": 4,
    "health": 612,
    "tier": 4,
    "drillTime": 340,
    "liquidBoostIntensity": 1.79,
    "canOverdrive": true,
    "warmupSpeed": 0.06,
"updateEffect":"pulverizeRed",
"updateEffectChance": 0.03,
"drillEffect":"mineHuge",
"drawRim":true,
    "rotateSpeed": 4.8,
    "drawMineItem": true,
    "consumes": {
        "power": 1.98,
        "liquid": {
            "liquid": "water",
            "amount": 0.22,
            "booster": true,
            "optional": true
        }
    },
    "itemCapacity": 22,
    "liquidCapacity": 106,
    "requirements": [
        "graphite/45",
        "titanium/36",
        "copper/46",
        "芯片/6",
        "metaglass/24",
        "lead/26"
    ],
    "category": "production",
"research":{
"parent":"复合石墨钻头",
"objectives": [
"laser-drill",
{
"type":"OnSector",
"preset":"craters"
}
]
}
}