{
"type": "ItemTurret",//类型
"name": "风旋裂暴",//名字
"description":"幽灵低配！",
"hasPower":true,
"category": "turret",
"targetAir":true,
"targetGround":true,
"health": 2650,//血量
"size": 3,//炮台大小
"hasLiquid":true,
"recoilTime":10,
"liquidCapacity":176,
"maxAmmo":102,
"hasItems": true,
"reload":7.31,
"recoil":3,
"shootY":10,
"rotateSpeed":2.2,
"shoot": {
        "shots": 3,
        "shotDelay": 4,
        "type": "ShootBarrel",
        "barrels": [
    3, 0, 0,
    0, 1, 0,
    -3, 0, 0
        ]
    },
"inaccuracy":8,
"shootCone":14,
"range":240,
"shootSound":"shootSnap",
"research":{
"parent":"scatter",
"objectives": [
"cyclone",
{
"type":"OnSector",
"preset":"ruinousShores"
}
]
},
"ammoTypes":{
"scrap":{
"type":"FlakBulletType",
"damage":4.5,
"speed":5,
"lifetime":48,
"ammoMultiplier":6
"shootEffect":"shootSmall",
"reloadMultiplier":0.45,
"width":6,
"height":8,
"hitEffect":"flakExplosion",
"splashDamage":39,
"splashDamageRadius":32
},
"lead":{
"damage":5.4,
"type":"FlakBulletType",
"speed":5.25,
"lifetime":48.76,
"ammoMultiplier":5,
"width":6,
"height":8,
"shootEffect":"shootSmall",
"hitEffect":"flakExplosion",
"splashDamage":43,
"splashDamageRadius":22.4
},
"metaglass":{
"ammoMultiplier":4,
"type":"FlakBulletType",
"width":6,
"height":8,
"shootEffect":"shootSmall",
"hitEffect":"flakExplosion",
"damage":7,
"speed":4.2,
"lifetime":64.76,
"reloadMultiplier":0.81423,
"splashDamage":50,
"splashDamageRadius":33.6,
"fragBullets":7,
"rangeChange":18.4,
"fragBullet":{
"damage":12.5,
"backColor":"808080",
"frontColor":"ffffff",
"despawnEffect":"none",
"collidesGround":true,
"width":5,
"height": 12,
"shrinkY":1,
"type":"BasicBulletType"
"speed":4,
"lifetime":15
},
"explodeRange": 20,
"collidesGround":true
},
"blast-compound":{
"shootEffect":"shootBig",
"ammoMultiplier":5,
"type":"ArtilleryBulletType",
"pierceCap": 2,
"pierce": true,
"pierceBuilding": true,
"collidesGround":true,
"collidesAir":true,
"width":6,
"height":8,
"lifetime":52.8,
"damage":12,
"speed":5,
"splashDamage":60,
"splashDamageRadius":72.8
"status":"blasted",
"statusDuration":96
},
"surge-alloy":{
"ammoMultiplier":5,
"type":"FlakBulletType",
"shootEffect":"shootBig",
"collidesGround":true,
"explodeRange":20,
"width":6,
"height":8,
"pierceCap":3,
"pierce": true,
"pierceBuilding": true,
"splashDamage":84
"splashDamageRadius":48
"lightning":3
"lightningDamage":24,
"lightningLength":9
"speed":5,
"damage":22,
"lifetime":56,
"reloadMultiplier":1.2,
"rangeChange":40,
"status":"shocked",
"statusDuration":363.5142
},
"plastanium":{
"type":"FlakBulletType",
"width":6,
"height":8,
"ammoMultiplier":4,
"splashDamageRadius":28,
"splashDamage":41,
"speed":4,
"damage":7,
"lifetime":60,
"fragBullets":7
"hitEffect":"plasticExplosion",
"frontColor":"fffac6",
"backColor":"d8d97f",
"shootEffect":"shootBig",
"collidesGround":true,
"explodeRange":20,
"fragBullet":{
"type":"BasicBulletType",
"width": 10,
"height":12,
"shrinkY":1,
"lifetime": 15,
"frontColor":"fffac6",
"backColor":"d8d97f",
"despawnEffect":"none",
"speed":2.5,
"damage":12.5
}
}
},
"requirements":[
"graphite/201","metaglass/165","lead/100","copper/152","titanium/174","silicon/80","芯片/8","plastanium/145"
],
"consumes": {	
"power":1.7,
		"coolant": {
		"amount": 0.27,
		"optional": true
		}
	}
}