{
"type": "ItemTurret",//类型
"name": "雷霆·玄光·合金残响",//名字
"description": "本来就是随便缝一下贴图的，但是结果缝出了个好东西，所以想不来个意外，想不更新都难了",//介绍
"health": 2350,//血量
"size": 3,//炮台大小
"reload":22,
    "requirements": [
"紫钢/28","天蓝晶霜钢/42","graphite/128","titanium/50","metaglass/20"
    ],
"shake":4,
"range":172.16,
"recoils":6,
"shootY":9,
"shoot":{
		"type": "ShootSpread",
		"shots": 8,
		"spread": 9
	},
"shootCone":30,
"shootSound":"shotgun",
"consumes": {	
		"coolant": {
		"amount": 0.4,
		"optional": true
		}
	},
"brange":182.16,
"recoilTime":10,
"rotateSpeed":9,
"inaccuracy":5,
"category": "turret",
"research": {//
"parent":"fuse",
    "objectives": [
    "cyclone",
         {
				"type": "SectorComplete",
				"preset": "windsweptIslands"
			}
			]
},
"ammoTypes":{
"titanium":{
"length":182.16,
"type":"ShrapnelBulletType",
"damage":80,
"ammoMultiplier":5,
"width":17,
"reloadMultiplier":1.4
},
"thorium":{
"length":182.16,
"type":"ShrapnelBulletType",
"damage":120,
"ammoMultiplier":7,
"toColor":"f9a3c7",
"shootEffect":"thoriumShoot",
"smokeEffect":"thoriumShoot"
},
"metaglass":{
"length":182.16,
"type":"ShrapnelBulletType",
"damage":22,
"ammoMultiplier":2,
"shootEffect":"shootSmall",
"reloadMultiplier":0.8,
"width":6
"height":8,
"toColor":"EBEEF5",
"hitEffect":"flakExplosion",
"splashDamage": 32,
"collidesGround":true,
"splashDamageRadius":25,
"explodeRange":20
},
"plastanium":{
"length":182.16,
"toColor":"CBD97F",
"type":"ShrapnelBulletType",
"damage":70,
"ammoMultiplier":4,
"splashDamageRadius":32,
"splashDamage":30,
"hitEffect":"plasticExplosion",
"frontColor":"fffac6",
"backColor":"fffac6",
"shootEffect":"shootBig",
"collidesGround":true,
"explodeRange":20
},
"blast-compound":{
"length":182.16,
"toColor":"FF795E",
"type":"ShrapnelBulletType",
"damage":130,
"shootEffect":"shootBig",
"ammoMultiplier":5,
"splashDamage":50,
"splashDamageRadius":46.4,
"collidesGround":true,
"status":"blasted",
"reloadMultiplier":1.2
"statusDuration":80,
},
"surge-alloy":{
"length":238.16,
"toColor":"E8D174",
"type":"ShrapnelBulletType",
"damage":200,
"ammoMultiplier":5,
"reloadMultiplier":1.8,
"rangeChange":56,
"splashDamage":40,
"splashDamageRadius":56,
"lightning":3
"lightningLength":7,
"shootEffect":"shootBig",
"collidesGround":true,
"explodeRange":20,
"status":"shocked",
"statusDuration":300,
"lightningDamage":11
},
"天蓝晶霜钢":{
"length":270.16,
"rangeChange":88,
"type":"ShrapnelBulletType",
"toColor":"8CA9E8",
"damage":300,
"ammoMultiplier":4,
"reloadMultiplier":1.1,
"splashDamage":50,
"splashDamageRadius":84.16,
"lightning":2,
"lightningLength":6,
"collidesGround":true,
"status":"electrified",
"statusDuration":360,
"lightningDamage":10
}
}
}