{
	"name": "后方遇袭",
	"description": "你家被偷了,还不赶紧看看(本图大多数都是装饰,可以用来拆除或者档子弹)"
	"loadout": "bXNjaAB4nGNgZmBmZGDJS8xNZWA2MjBgZDCKTsopTY0tLi0oyC8qycxL183MSyktLimqfLGv9WnXyqfblz7ZMUv36Yb+p/O6ny3Y8XR/MwMDAyMIAQkgAACpeB5g"
    "startingItems": [
    	{"item": "copper", "amount": 5000},
    	{"item": "lead", "amount": 4000}
    	{"item": "titanium", "amount": 2000}
    	{"item": "silicon", "amount": 2000}
    	{"item": "graphite", "amount": 2000}
    	{"item": "thorium", "amount": 2000}
    	{"item": "plastanium", "amount": 2000}
        {"item": "metaglass", "amount": 2000}
    ],
    "conditionWave": 10,
    "launchPeriod": 5,
    "requirements": [
    	{
    		"type": "ZoneWave",
    		"zone": "废弃矿谷", 
    		"wave": 20
    	}
    	{
    		"type": "Unlock",
    		"block": "核聚变"
    	}
    	{
    		"type": "Unlock",
    		"block": "液体炸药工厂"
    	}
    ],
    "resources": ["copper"]
}
