{
	"name": "月球战役",
	"description": "一颗围绕中子星旋转的月球，这颗月球有丰富的氦3，可用于核聚变发电，一旦占领，发电量上天(注:氦3和中子物质只能在这图获得)"
	"loadout": "bXNjaAB4nGNgZmBmZGDJS8xNZWA2MjBgZDCKTsopTY0tLi0oyC8qycxL183MSyktLimqfLGv9WnXyqfblz7ZMUv36Yb+p/O6ny3Y8XR/MwMDAyMIAQkgAACpeB5g"
    "startingItems": [
    	{"item": "copper", "amount": 1000},
    	{"item": "lead", "amount": 1000}
    	{"item": "titanium", "amount": 1000}
    	{"item": "silicon", "amount": 1000}
    	{"item": "graphite", "amount": 1000}
    	{"item": "thorium", "amount": 1000}
    	{"item": "plastanium", "amount": 1000}
        {"item": "metaglass", "amount": 1000}
    ],
    "conditionWave": 10,
    "launchPeriod": 5,
    "requirements": [
    	{
    		"type": "ZoneWave",
    		"zone": "废弃矿谷", 
    		"wave": 25
    	}
    	{
    		"type": "Unlock",
    		"block": "氦3发电机"
    	}
    	{
    		"type": "Unlock",
    		"block": "中子合金厂"
    	}
    	{
    		"type": "Unlock",
    		"block": "二级分离机"
    	}
    	{
    		"type": "Unlock",
    		"block": "三级分离机"
    	}
    ],
    "resources": ["月土","中子物质"]
}
