{
	"type": "GenericCrafter",
    "name": "虚空回转器",
   	"description":"",
    "details":"真的只是自然溶解(鬼知道怎么出现更多的液体)",
	"health":600,
	"updateEffect": "smeltsmoke",
	"outputLiquid": {
		"liquid": "虚空液体", "amount":2
		},
	"itemCapacity": 20,
	"liquidCapacity": 600,
	"size": 2,
"drawer":{
	    "type":"DrawMulti",
	    "drawers":[
	    "DrawDefault"
	    {"type":"DrawRegion",
    "suffix":"-转",
    "spinSprite":false,
    "rotateSpeed":-6}
	    {"type":"DrawRegion",
    "suffix":"-转2",
    "spinSprite":false,
    "rotateSpeed":6}

	]},
	"hasPower": false,
	"hasliquid": true,
	"hasItems": true,
	"craftTime":60,
	"consumes": {
		"items":{
			"items":[
		{"item": "虚空水晶" , "amount":1},
				]
			}
	},
    "requirements": [
        "silicon/150","titanium/100","plastanium/80","thorium/80","phase-fabric/50","速度物质/15"
    ],
	"category": "crafting",
	"idleSound": "respawning",
	"idleSoundVolume": 0.5
	"research": "炸矿机"
}
