{
	"name":"孢子毒素",
	"type":"cellLiquid"
	"description":"从孢子中榨取的浓缩毒素，贪婪且极不稳定。\n一经泄露，这些毒素将侵蚀途经单位，并能汲取精油中的养分自我生长。
	"cells":8,
	"canStayOn": [
		"water",
		"slag",
		"oil",
		"cryofluid"
		"精油"
	],
	"spreadTarget":"精油",
	"maxSpread": 0.5,
	"spreadConversion": 0.5,
	"spreadDamage": 0.8,
	"color":"9370DB",
	"colorFrom": "9E78DCFF",
	"colorTo": "7457CEFF",
	"barColor":"9370DB",
	"lightColor":"9E78DCFF",
	"incinerable": false,//可燃
	"flammability":0,//燃烧性
	"temperature":0.6,//液体温度
	"heatCapacity":0,//比热容
	"viscosity":0.6,//粘稠度
	"explosiveness":0//爆炸性
	"effect":"poison"
	//"research":"water"
}