{
	"type": "LongPowerNode",
	"name": "激光连接器",
	"health": 3400
	"description":"使用相位物提升激光强度以超远距离的跨地形传输电力，传输范围甚至可以覆盖一整个区块，缺点是造价极为昂贵",
         "size" : 3,
            "maxNodes" : 2,
            "drawRange":true
            "laserRange" : 1000
            "autolink" : false,
            "laserColor2":"ffd9c2"
            "range":10
            "laserScale" : 0.8
            "scaledHealth" : 130
	"requirements": [
		"carbide/500",
     	"oxide/850",   
     	"phase-fabric/350",    
     	"graphite/1200",    
     	"beryllium/1000",
        ],
        "category": "power",
        "research":"beam-tower"
}