{
	"type": "ThermalGenerator",
	"name": "热能发电机",
	"description": "将地热能转换为电力",
	"size": 3,
	"placeableLiquid": false
	//可否放在深液体上   
	"floating":true,
	//可否放置在浅液体上
	"health": 460
	"powerProduction": 0.8,
	"generateEffect": "redgeneratespark",
	"effectChance": 0.08,
	"drawer": {
		"type": "DrawMulti",
		"drawers": [
			"DrawDefault",
			{
				"type": "DrawFade",
				"scale": 10
			}    
			{
        "type": "DrawRegion",
        "suffix": "-bottom"
           },
		]
	},
	"requirements": [
		"graphite/80",
		"oxide/70",
		"beryllium/80",
		"tungsten/40"
	],
	"floating": true,
	"ambientSound": "hum",
	"attribute": "heat",
	"category": "power",
	"research": {
		"parent": "vent-condenser",
		"objectives": [
			{
				"type": "SectorComplete",
				"preset": "lake"
			}
		]
	}
}