{
//blast-compound爆混coal煤copper铜graphite石墨lead铅metaglass玻璃phase-fabric布plastanium塑钢pyratite火石silicon硅surge-alloy合金thorium钍titanium钛spore-pod孢子
    "type": "ItemTurret",
    "name": "石墨双管",
    "description": "只能发射石墨子弹",
    "health": 750,
    "size": 1,
    "reload": 25,
    "range": 175,
    "maxAmmo": 100,
    "recoilTime": 10,
    "recoil": 1,
    "consumes": {
        "coolant": {
            "amount": 0.2,
            "optional": true
        }
    },
    "shoot": {
        "shots": 2,
        "shotDelay": 1
    },
    "shake": 1,
    "liquidCapacity": 30,
    "ammoUseEffect": "casing2",
    "targetGround": true,
    "targetAir": true,
    "inaccuracy": 1,
    "rotateSpeed": 15,
    "ammoTypes": {
        "graphite": {
            "speed": 12,
            "damage": 20,
            "knockback": 0.2,
            "lifetime": 30,
            "width": 6,
            "height": 9,
            "ammoMultiplier": 2,
            "shootEffect": "shootBig"
        },
    },
    "requirements": [
        {
            "item": "graphite",
            "amount": 60
        }
    ],
    "alwaysReplace": false,
    "category": "turret",
    "research": "铅制双管"
}