{"craftTime": 30,
	"size": 3,
	"hasLiquids": true,
	"hasPower": true,
	"hasItems": true,
	"drawer": {
		"type": "DrawMulti",
		"drawers": [
			"DrawDefault",
			"DrawCultivator",
			{
				"type": "DrawRegion",
				"suffix": "-top"
			}
		]
	},
	"requirements": [
		"lead/170",
		"silicon/50",
		"metaglass/110",
		"奇思妙想-黄钢/80"
	],
	"consumes": {
		"power": 18,
		"liquid": {
			"liquid": "water",
			"amount": 0.6
		},
		"items": [
			"spore-pod/1"
		]
	},
	"name": "孢子培养机",
	"itemCapacity": 100,
	"liquidCapacity": 72,
	"outputItem": "spore-pod/15",
	"boostScale": 0.445,
	"attribute": "spores",
	"type": "AttributeCrafter",
	"category": "production",
	"research": "cultivator"
}