{
    "name":"巨浪钻机",
    "type": "Drill",
    "description":"极大强化了挖矿速度，拥有较高的挖掘的强度，你需要更大的电力让其运行，使用水时可让其进入频状态。",
    "size": 4,
    "health": 820,
    "tier": 6,//挖掘等级
    "drillTime": 200,//挖掘间隔
    "liquidBoostIntensity":2,//加速倍率
    "canOverdrive": true,
    "warmupSpeed": 0.02,
	"drillEffect": "mineBig",
    "updateEffect": "mineBig",
    "rotateSpeed": 5,
    "drawMineItem": true,
    "consumes": {"power":5
        "liquid": {
            "liquid": "water",
            "amount": 0.2,
            "booster": true,
            "optional": true
        }
    },
    "itemCapacity": 40,//物品容量
    "liquidCapacity": 20,//液体容量
    "requirements": [	
   { "item": "silicon", "amount":120},
   { "item": "graphite", "amount":95}
   { "item": "metaglass", "amount": 150 }
   { "item": "surge-alloy", "amount": 100 }
   {"item": "开采建筑许可"，"amount": 250}
   ],
    "category": "production",
    "research": "blast-drill"
}
