{
  "name": "Glider Refabricator",
  "description": "Upgrades glider-type ''Hide'' units into heavier ''Dissapear'' units",
  "type": "Reconstructor",
  "regionSuffix": "-dark",
  "constructTime": 1680,
  "size": 3,
  "configurable": false,
  "category": "units",
  "consumes": {
    "power": 2
    "liquids": {
      "liquids": [
        "hydrogen/0.05"
      ]
    },
    "items": {
      "items": [
        "tungsten/40",
        "silicon/40"
      ],
    },
  },
  "upgrades": [
    [
      "f1-hide",
      "f2-dissapear"
    ]
  ],
  "research": {
    "parent": "f0-glider-fabricator",
    "objectives": [
      "f0-glider-fabricator",
      {
        "type": "SectorComplete",
        "preset": "hold"
      }
    ]
  },
  "requirements": [
    "beryllium/180",
    "graphite/120",
    "silicon/180",
    "tungsten/120"
  ]
}
