{
	"type": "flying",
	"name": "飞逝",
	"description": "",
	"speed": 1.7,
	"drag": 0.3,
	"accel": 0.1,
	"rotateSpeed": 10,
	"ammoType": {
		"type": "PowerAmmoType",
		"totalPower": 100
	},
	"ammoCapacity": 90,
	"hitSize": 30,
	"buildSpeed": 1.5,
	"flying": true,
	"faceTarget": true,
	"lowAltitude": true,
	"drawMinimap": true,
	"health": 3500,
	"armor": 18,
	"engineColor": "84F490FF",
	"engineOffset": 19,
	"engineSize": 8,
	"mining":true,
	"mineSpeed":15,
	"mineTier":6,
	"mineItems":["copper","lead","titanium","thorium","铀","绯红之石","火石矿","石英"],
		"engines": [
	{
		"x": 10
		"y": -19
		"radius": 5
		"rotation": 0
		"engineColor": "84F490FF"
		"engineColorInner": "84F490FF"
	}
	{
		"x": -10
		"y": -19
		"radius": 5
		"rotation": 0
		"engineColor": "84F490FF"
		"engineColorInner": "84F490FF"
	}
	]
	"itemCapacity": 120,
	"immunities": [
		"freezing"
		"失灵"
	],
	"weapons": [
		{
			"name": "飞逝0",
			"display": false,
			"reload": 76,
			"x": 0,
			"y": 10,
			"shootY": 4,
			"rotate": false,
			"rotateSpeed": 2.2,
			"top": true,
			"recoil": 0,
			"inaccuracy": 0,
			"cooldownTime": 100,
			"heatColor": "FF4040",
			"alternate": true,
			"mirror": false,
			"shootSound": "shockBlast",
			"shake": 5,
			"shoot": {
				"shots": 2,
				"shotDelay": 12
			},
			"bullet": {
				"type": "LaserBulletType",
				"layer": 130,
				"damage": 228,
				"shootEffect": "bigShockwave",
				"sideAngle": 45,
				"sideWidth": 1.5,
				"sideLength": 45,
				"colors": [
					"84F490FF",
					"62AE7EFF",
					"FFFFFF"
				],
				"width": 32,
				"length": 300,
				"fragAngle": 0,
				"fragRandomSpread": 0,
				"fragLifeMin": 1,
				"fragVelocityMin": 0.88,
			}
		},
		]
	"research":{
	"parent": "逝息",
		"requirements": [
			"silicon/2500",
			"化钢/4500",
			"绯红合金/3000",
			"裂位合金/1500",
			"黑核/300",
			"三级研究协议/30"]
	}
	"requirements": {
		"block": "重载型加构厂",
		"previous": "逝息"
		"time": 1500,},
	"researchCostMultiplier": 0.2,
}