{
	"type": "LiquidBridge",//类型,自连液桥
	"range": 6,//范围
	"category": "liquid",//菜单栏
	"name": "改良流体桥",//名字
	"description": "跨越任意地形或建筑传输液体。",//介绍
    "hasPower" : false,//可储存能量
	"research": {
	"parent": "g改良流体路由器"//科技树前置
		},

	"requirements": [//建造消耗
	"钢铁/6",
	"metaglass/6"
	],

	"health": 250,//血量
	"liquidCapacity":50,//液体容量
	"liquidPadding": 1,//液体填充速度
}
