{
	"type": "mech",
	"name": "布兰达",
	"description": "全位算体第一渗透军团布兰达的专属机甲，火控强大且小巧，由于其对技术要求极高，极其难以量产。\n[orange][全位算体 英雄单位-布兰达]",
    "speed":  1.1,
    "hitSize": 12,
    		"immunities": [
    		"freezing","burning","wet","tarred","spore-slowed","electrified","sapped","slow","超限工艺-脆裂"
	],
		"ammoType":{
	"type":"PowerAmmoType",
	"totalPower":2200},
	"ammoCapacity": 700
    "ammoResupplyAmount":1,/*弹药补给倍率 */
    "health": 1980,
    "armor": 18
    "drag": 0.2,
    "rotateSpeed": 2.5,
    "itemCapacity": 30,
        "targetAir":true,  
    "targetGround":true,
        "abilities": [/*能力（如力场防御等） */
        {
"type": "RegenAbility",
"amount": 0.6
},
		]
	"weapons":[
	{
			"name": "尖刀队长3",
			"reload": 30,
			"recoil": 0,
			"x": -5.2,
			"y": 1.3,
			"rotate": true,
			"rotateSpeed": 15,
			"mirror": false,
			"inaccuracy": 0.5,
			"ejectEffect": "casing1",
			"shootSound": "pew",
			"alternate": false,
			"rotationLimit":60
			"shootY":6
				"recoilTime":120, //后坐力和后坐力恢复时间
				"baseRotation":30
				"shootCone":30,
				"shoot":{
			"shots":6,
			"shotDelay":17
		},
			"bullet": {
				"damage":16,
				"speed": 3,
				"lifetime": 60,
				"width": 5,
				"height": 7
				"pierceCap": 3,
				"buildingDamageMultiplier":2.0,
				"pierceBuilding": true,
		}}
	{
			"name": "尖刀队长2",
			"reload": 120,
			"recoil": 0,
			"x": 5.2,
			"y": 1.3,
			"rotate": true,
			"rotateSpeed": 15,
			"mirror": false,
			"inaccuracy": 0.5,
			"ejectEffect": "casing1",
			"shootSound": "artillery",
			"alternate": false,
			"rotationLimit":60
				"recoilTime":120, //后坐力和后坐力恢复时间
				"baseRotation":-30
				"shootCone":30,
				"shoot":{
			"shots":1,
			"shotDelay":3
			"firstShotDelay":120
		},
			"bullet": {
			"backColor": "FFFFFFFF",
				"frontColor": "c1e8f5",
				"damage":166,
				"speed": 3,
				"lifetime": 90,
				"width": 9,
				"height": 19
				"pierceCap": 3,
				"buildingDamageMultiplier":2.0,
				"sprite":"超限工艺-尖刺",
				"pierceBuilding": true,
		}}
	{	"name": "尖刀队长1",	
		"reload":65,
        "x": 3.4,  "y": -1, 
        "rotate": true,
       "rotationLimit":10,
       "shootCone":30,
		"shoot":{
			"shots":6,
			"shotDelay":6
		},
		"shootSound": "missile",
		"alternate": true,
		"ejectEffect":"casing1",
		"bullet":{
	    "sprite":"missile",
			"splashDamageRadius":35,
	"splashDamage":15
	    "damage":1
	    "speed":3,
	    "weaveMag":2,
	"weaveScale":4,
	    "lifetime":60,
	    "width":2,	 "height":7
	"trailLength":3,
	"trailWidth":1,
	"homingRange": 60,
    "homingPower": 0.1,
    "homingDelay":10
	}	}

]
	"researchCostMultiplier": 0,
	"details":"谁不喜欢在上班的时候说些闲话",
}