{
	"type": "GenericCrafter",//该物品的类型
	"name": "星尘原液制作台",//名字
	"description": "用一些繁琐的工序让星尘由固体变为液体（就是变成星辰原液）",
	"health":200,//生命值
	"size":2,//大小
	"buildCostMultiplier":0.01,//建造时间倍率
	"itemCapacity":20,//有可能是固体容量?
	"liquidCapacity":60,//液体容量
	"outputLiquid": {"liquid": "星尘原液","amount":0.34},//产出的液体数量
	"hasPower": true,//是否用电是true不是false
	"hasItems": true,//有可能是是否需要物品
	"hasLiquids": true,//是否需要液体
	"craftTime":120,//工作时间60为1秒
	"updateEffect": "freezing",//有可能是特效
	"consumes": {
		"power":1//耗电量1为60
		"items": {
	"items": [
	{ "item": "星尘", "amount": 1 }//消耗的物品
		]
			},//项目
},//消耗的物品
	"requirements": [
		{ "item": "星尘", "amount":65 },
		{ "item": "titanium", "amount":60 },
		{ "item": "copper", "amount":40 },
	],//制造这个东西需要什么材料
    "drawer": {
        "type": "DrawMulti",//类形
        "drawers": [
        {
	    "type":"DrawRegion",//类形
	    "suffix":"-bottom"//后缀
	    },
	    {
	    "type":"DrawLiquidTile",//类形
	    "drawLiquid":"星尘原液"//吸取液体具体的我不知道百度翻译是这样
	    },
	    "DrawDefault",
        ]//百度翻译为抽屉
    },//百度翻译为抽屉
        "category": "crafting",//在游戏内的类别
    	"research": "星尘提取仪",//科技术前置
}
