{
    "type": "PowerTurret",
    "shownPlanets": ["serpulo","Planzer","Synchronous-orbit-space-station"]
    "name": "湮灭",
    "unitSort": "farthest",
    "health": 187900,
    "size": 9,
    "reload": 600,
    "range": 700,
    "recoilTime": 180,
    "recoil": 3,
    "canOverdrive": false,
    "xRand": 0,
    "consumes": {
        "power": 3400
    },
    "shootSound": "largeCannon",
    "targetGround": true,
    "targetAir": true,
    "inaccuracy": 5,
    "shake": 13,
    "shootCone": 8,
    "rotateSpeed": 1,
    "minWarmup": 0.6,
    "shootType": {
        "damage": 14260,
        "status": "暗蚀",
        "statusDuration": 180,
        "splashDamageRadius": 300,
        "splashDamage": 9000,
        "parts": [
            {
                "type": "ShapePart",
                "progress": "reload",
                "color": "C1BFF6",
                "colorTo": "C1BFF6",
                "rotateSpeed": 0,
                "stroke": 4,
                "strokeTo": 4,
                "circle": true,
                "hollow": false,
                "radius": 15,
                "radiusTo": 35,
                "layer": 110
            },
            {
                "type": "ShapePart",
                "progress": "reload",
                "color": "000000",
                "colorTo": "000000",
                "rotateSpeed": 0,
                "stroke": 4,
                "strokeTo": 4,
                "circle": true,
                "hollow": false,
                "radius": 10,
                "radiusTo": 20,
                "layer": 111
            }
        ],
        "ammoMultiplier": 1,
        "buildingDamageMultiplier": 0.5,
        "width": 0,
        "height": 0,
        "hitSound": "laserbig",
        "speed": 2.85,
        "lifetime": 334,
        "bulletInterval": 1,
        "intervalBullets": 1,
        "intervalBullet": {
            "damage": 1229,
            "status": "延迟",
            "statusDuration": 360,
            "ammoMultiplier": 1,
            "buildingDamageMultiplier": 1.1,
            "pierceCap": 2,
            "sprite": "circle-bullet",
            "backColor": "C1BFF6",
            "frontColor": "B894F2",
            "weaveScale": -1,
            "weaveMag": -5,
            "trailLength": 20,
            "trailWidth": 2,
            "trailColor": "C1BFF666",
            "trailChance": 60,
            "trailInterval": 50,
            "trailEffect": {
                "type": "ParticleEffect",
                "particles": 3,
                "line": true,
                "lenFrom": 5,
                "lenTo": 0,
                "length": -50,
                "strokeFrom": 2,
                "strokeTo": 0,
                "baseLength": 10,
                "lifetime": 30,
                "interp": "pow10Out",
                "sizeInterp": "pow5In",
                "colorFrom": "C1BFF6",
                "colorTo": "C1BFF650"
            },
            "width": 6,
            "height": 6,
            "hitSound": "shootAltLong",
            "speed": 4,
            "lifetime": 360,
            "parts": [
                {
                    "type": "FlarePart",
                    "progress": "life",
                    "rotation": 80,
                    "color1": "C1BFF6",
                    "stroke": 4,
                    "radius": 10,
                    "radiusTo": 16
                }
            ]
        },
        "fragBullets": 1,
        "fragLifeMin": 1,
        "fragLifeMax": 1,
        "fragRandomSpread": 0,
        "fragBullet": {
            "speed": 0,
            "damage": 999,
            "lifetime": 0,
            "width": 0,
            "height": 0,
            "despawnEffect": {
                "type": "MultiEffect",
                "effects": [
                    {
                        "type": "ParticleEffect",
                        "particles": 10,
                        "sizeFrom": 20,
                        "sizeTo": 120,
                        "sizeInterp": "pow5Out",
                        "length": 0,
                        "baseLength": 0,
                        "lifetime": 180,
                        "colorFrom": "000000",
                        "colorTo": "000000",
                        "layer": 120
                    },
                    {
                        "type": "ParticleEffect",
                        "particles": 1,
                        "sizeFrom": 35,
                        "sizeTo": 150,
                        "sizeInterp": "pow5Out",
                        "length": 0,
                        "baseLength": 0,
                        "lifetime": 180,
                        "colorFrom": "C1BFF6",
                        "colorTo": "C1BFF6",
                        "layer": 110
                    },
                    {
                        "type": "ParticleEffect",
                        "particles": 10,
                        "sizeFrom": 50,
                        "sizeTo": 25,
                        "length": -1000,
                        "baseLength": 1000,
                        "interp": "pow3In",
                        "sizeInterp": "pow5Out",
                        "lifetime": 60,
                        "colorFrom": "FFFFFF10",
                        "colorTo": "FFFFFF",
                        "layer": 105,
                        "startDelay": 0
                    },
                    {
                        "type": "ParticleEffect",
                        "particles": 10,
                        "sizeFrom": 50,
                        "sizeTo": 25,
                        "length": -1000,
                        "baseLength": 1000,
                        "interp": "pow3In",
                        "sizeInterp": "pow5Out",
                        "lifetime": 60,
                        "colorFrom": "FFFFFF10",
                        "colorTo": "FFFFFF",
                        "layer": 105,
                        "startDelay": 45
                    },
                    {
                        "type": "ParticleEffect",
                        "particles": 10,
                        "sizeFrom": 50,
                        "sizeTo": 25,
                        "length": -1000,
                        "baseLength": 1000,
                        "interp": "pow3In",
                        "sizeInterp": "pow5Out",
                        "lifetime": 60,
                        "colorFrom": "FFFFFF10",
                        "colorTo": "FFFFFF",
                        "layer": 105,
                        "startDelay": 90
                    },
                    {
                        "type": "ParticleEffect",
                        "particles": 10,
                        "sizeFrom": 50,
                        "sizeTo": 25,
                        "length": -1000,
                        "baseLength": 1000,
                        "interp": "pow3In",
                        "sizeInterp": "pow5Out",
                        "lifetime": 60,
                        "colorFrom": "FFFFFF10",
                        "colorTo": "FFFFFF",
                        "layer": 105,
                        "startDelay": 135
                    },
                    {
                        "type": "ParticleEffect",
                        "particles": 10,
                        "sizeFrom": 65,
                        "sizeTo": 35,
                        "length": -1200,
                        "baseLength": 1200,
                        "interp": "pow3In",
                        "sizeInterp": "pow5Out",
                        "lifetime": 60,
                        "colorFrom": "FFFFFF10",
                        "colorTo": "FFFFFF",
                        "layer": 105,
                        "startDelay": 15
                    },
                    {
                        "type": "ParticleEffect",
                        "particles": 10,
                        "sizeFrom": 65,
                        "sizeTo": 35,
                        "length": -1200,
                        "baseLength": 1200,
                        "interp": "pow3In",
                        "sizeInterp": "pow5Out",
                        "lifetime": 60,
                        "colorFrom": "FFFFFF10",
                        "colorTo": "FFFFFF",
                        "layer": 105,
                        "startDelay": 60
                    },
                    {
                        "type": "ParticleEffect",
                        "particles": 10,
                        "sizeFrom": 65,
                        "sizeTo": 35,
                        "length": -1200,
                        "baseLength": 1200,
                        "interp": "pow3In",
                        "sizeInterp": "pow5Out",
                        "lifetime": 60,
                        "colorFrom": "FFFFFF10",
                        "colorTo": "FFFFFF",
                        "layer": 105,
                        "startDelay": 105
                    },
                    {
                        "type": "ParticleEffect",
                        "particles": 10,
                        "sizeFrom": 80,
                        "sizeTo": 50,
                        "length": -1400,
                        "baseLength": 1400,
                        "interp": "pow3In",
                        "sizeInterp": "pow5Out",
                        "lifetime": 60,
                        "colorFrom": "FFFFFF10",
                        "colorTo": "FFFFFF",
                        "layer": 105,
                        "startDelay": 30
                    },
                    {
                        "type": "ParticleEffect",
                        "particles": 10,
                        "sizeFrom": 80,
                        "sizeTo": 50,
                        "length": -1400,
                        "baseLength": 1400,
                        "interp": "pow3In",
                        "sizeInterp": "pow5Out",
                        "lifetime": 60,
                        "colorFrom": "FFFFFF10",
                        "colorTo": "FFFFFF",
                        "layer": 105,
                        "startDelay": 75
                    },
                    {
                        "type": "ParticleEffect",
                        "particles": 10,
                        "sizeFrom": 80,
                        "sizeTo": 50,
                        "length": -1400,
                        "baseLength": 1400,
                        "interp": "pow3In",
                        "sizeInterp": "pow5Out",
                        "lifetime": 60,
                        "colorFrom": "FFFFFF10",
                        "colorTo": "FFFFFF",
                        "layer": 105,
                        "startDelay": 120
                    }
                ]
            },
            "collidesGround": false,
            "collidesAir": false,
            "absorbable": false,
            "reflectable": false,
            "hittable": false,
            "collides": false,
            "collidesTiles": false,
            "hitSound": "none",
            "hitEffect": "none",
            "trailEffect": "none",
            "fragBullets": 1,
            "fragLifeMin": 1,
            "fragLifeMax": 1,
            "fragRandomSpread": 0,
            "fragBullet": {
                "speed": 0,
                "damage": 999,
                "lifetime": 180,
                "width": 0,
                "height": 0,
                "despawnEffect": {
                    "type": "MultiEffect",
                    "effects": [
                        {
                            "type": "ParticleEffect",
                            "particles": 10,
                            "sizeFrom": 120,
                            "sizeTo": 0,
                            "sizeInterp": "pow10In",
                            "length": 0,
                            "baseLength": 0,
                            "lifetime": 60,
                            "colorFrom": "000000",
                            "colorTo": "000000",
                            "layer": 120
                        },
                        {
                            "type": "ParticleEffect",
                            "particles": 1,
                            "sizeFrom": 150,
                            "sizeTo": 0,
                            "sizeInterp": "pow10In",
                            "length": 0,
                            "baseLength": 0,
                            "lifetime": 60,
                            "colorFrom": "C1BFF6",
                            "colorTo": "C1BFF6",
                            "layer": 110
                        }
                    ]
                },
                "collidesGround": false,
                "collidesAir": false,
                "absorbable": false,
                "reflectable": false,
                "hittable": false,
                "collides": false,
                "collidesTiles": false,
                "hitSound": "none",
                "hitEffect": "none",
                "trailEffect": "none",
                "bulletInterval": 1,
                "intervalBullets": 1,
                "intervalBullet": {
                    "speed": 0,
                    "lifetime": 0,
                    "width": 0,
                    "height": 0,
                    "despawnEffect": "none",
                    "absorbable": false,
                    "reflectable": false,
                    "hittable": false,
                    "collides": false,
                    "hitSound": "none",
                    "hitEffect": "none",
                    "trailEffect": "none",
                    "layer": 109,
                    "damage": 556,
                    "splashDamageRadius": 400,
                    "splashDamage": 430,
                    "lightning": 4,
                    "lightningDamage": 898,
                    "lightningLength": 50,
                    "lightningType": {
                        "type": "BulletType",
                        "collides": false,
                        "hittable": false,
                        "reflectable": false,
                        "absorbable": false,
                        "speed": 0,
                        "lifetime": 1,
                        "hitEffect": "none",
                        "fragBullets": 2,
                        "fragLifeMin": 0.01,
                        "fragBullet": {
                            "type": "BulletType",
                            "speed": 0,
                            "damage": 0,
                            "lifetime": 80,
                            "collides": false,
                            "absorbable": false,
                            "hittable": false,
                            "lightning": 1,
                            "lightningDamage": 300,
                            "lightningLength": 9,
                            "lightningLengthRand": 17,
                            "lightningColor": "BF92F9FF",
                            "splashDamage": 250,
                            "splashDamageRadius": 80,
                            "knockback": -10,
                            "lightRadius": 0,
                            "hitEffect": "none",
                            "keepVelocity": false,
                            "despawnEffect": "none",
                            "fragBullets": 25,
                            "fragBullet": {
                                "type": "SapBulletType",
                                "damage": 0,
                                "knockback": -10,
                                "lifetime": 0,
                                "pierce": true,
                                "length": 140,
                                "width": 0,
                                "lightColor": "000000",
                                "hitEffect": "none",
                                "despawnEffect": "none",
                                "status": "slow",
                                "statusDuration": 100
                            }
                        }
                    },
                    "lightningLengthRand": 20,
                    "shootEffect": "shootHeal",
                    "smokeEffect": "none",
                    "instantDisappear": true,
                    "lightningColor": "C1BFF6",
                    "hitColor": "C1BFF6",
                    "hitEffect": "hitLancer",
                    "status": "shocked",
                    "despawnSound": "spark",
                    "knockback": -7
                },
        "fragBullets": 1,
        "fragSpread": 137.5,
        "fragBullet": {
            "damage": 55432,
            "status": "暗蚀",
            "statusDuration": 360,
            "splashDamageRadius": 700,
            "splashDamage": 87709,
            "ammoMultiplier": 1,
            "buildingDamageMultiplier": 0.7,
            "absorbable": false,
            "reflectable": false,
            "hittable": false,
            "collides": false,
            "width": 0,
            "height": 0,
            "hitSound": "PF2-BZ68",
            "speed": 0,
            "lifetime": 60,
            "hitShake": 45,
            "hitSoundVolume": 15,
            "hitEffect": {
                "type": "MultiEffect",
                "effects": [
                    {
                        "type": "WaveEffect",
                        "strokeFrom": 65,
                        "strokeTo": 0,
                        "sizeFrom": 10,
                        "sizeTo": 700,
                        "lifetime": 80,
                        "interp": "pow10Out",
                        "colorFrom": "C1BFF6",
                        "colorTo": "FFFFFF"
                    },
                    {
                        "type": "WaveEffect",
                        "strokeFrom": 85,
                        "strokeTo": 0,
                        "sizeFrom": 10,
                        "sizeTo": 750,
                        "lifetime": 80,
                        "interp": "pow10Out",
                        "colorFrom": "C1BFF6",
                        "colorTo": "FFFFFF"
                    },
                    {
                        "type": "ParticleEffect",
                        "particles": 30,
                        "sizeFrom": 18,
                        "sizeTo": 0,
                        "length": 700,
                        "baseLength": 20,
                        "lifetime": 70,
                        "colorFrom": "C1BFF6",
                        "colorTo": "C1BFF6"
                    },
                    {
                        "type": "ParticleEffect",
                        "particles": 20,
                        "sizeFrom": 30,
                        "sizeTo": 0,
                        "length": 700,
                        "baseLength": 20,
                        "lifetime": 90,
                        "colorFrom": "B894F2",
                        "colorTo": "B894F2"
                    },
                    {
                        "type": "ParticleEffect",
                        "particles": 1,
                        "sizeFrom": 0,
                        "sizeTo": 700,
                        "sizeInterp": "pow2OutInverse",
                        "region": "黑暗纪元-渐变圆",
                        "length": 0,
                        "baseLength": 0,
                        "lifetime": 180,
                        "colorFrom": "C1BFF6",
                        "colorTo": "B894F200"
                    },
                    {
                        "type": "ParticleEffect",
                        "particles": 19,
                        "line": true,
                        "lenFrom": 45,
                        "lenTo": 105,
                        "length": 700,
                        "strokeFrom": 5,
                        "strokeTo": 0,
                        "baseLength": 120,
                        "lifetime": 70,
                        "colorFrom": "FFFFFF",
                        "colorTo": "FFFFFF"
                    },
                    {
                        "type": "SeqEffect",
                        "effects": [
                            "scatheExplosion",
                            "dynamicSpikes"
                        ],
                        "lifetime": 5
                        }
                    ]
                }
            }
        }
    }
},
    "drawer": {
        "type": "DrawTurret",
        "parts": [
            {
                "type": "ShapePart",
                "progress": "reload",
                "y": 30,
                "color": "C1BFF6",
                "colorTo": "C1BFF6",
                "rotateSpeed": 0,
                "stroke": 4,
                "strokeTo": 4,
                "circle": true,
                "hollow": false,
                "radius": 15,
                "radiusTo": 0,
                "layer": 110
            },
            {
                "type": "ShapePart",
                "progress": "reload",
                "y": 30,
                "color": "000000",
                "colorTo": "000000",
                "rotateSpeed": 0,
                "stroke": 4,
                "strokeTo": 4,
                "circle": true,
                "hollow": false,
                "radius": 10,
                "radiusTo": 0,
                "layer": 111
            },
            {
                "type": "HaloPart",
                "progress": "reload",
                "y": 18,
                "x": 25.3,
                "mirror": true,
                "rotateSpeed": 0,
                "sides": 4,
                "shapes": 1,
                "tri": true,
                "hollow": true,
                "color": "C1BFF6",
                "stroke": 0,
                "strokeTo": 0.1,
                "radius": 7,
                "radiusTo": 7,
                "triLength": 35,
                "triLengthTo": 5,
                "haloRadius": 0,
                "haloRotation": 225,
                "haloRotateSpeed": 0,
                "layer": 110
            },
            {
                "type": "HaloPart",
                "progress": "reload",
                "y": 24,
                "x": 25,
                "mirror": true,
                "rotateSpeed": 0,
                "sides": 4,
                "shapes": 1,
                "tri": true,
                "hollow": true,
                "color": "C1BFF6",
                "stroke": 0,
                "strokeTo": 0.1,
                "radius": 5,
                "radiusTo": 5,
                "triLength": 15,
                "triLengthTo": 3,
                "haloRadius": 0,
                "haloRotation": 225,
                "haloRotateSpeed": 0,
                "layer": 110
            },
            {
                "type": "HaloPart",
                "progress": "reload",
                "y": 13,
                "x": 21,
                "mirror": true,
                "rotateSpeed": 0,
                "sides": 4,
                "shapes": 1,
                "tri": true,
                "hollow": true,
                "color": "C1BFF6",
                "stroke": 0,
                "strokeTo": 0.1,
                "radius": 6,
                "radiusTo": 6,
                "triLength": 25,
                "triLengthTo": 4,
                "haloRadius": 0,
                "haloRotation": 225,
                "haloRotateSpeed": 0,
                "layer": 110
            }
        ]
    },
    "requirements": [
        "silicon/8900",
        "metaglass/200",
        "plastanium/16000",
        "surge-alloy/20000",
        "钢/10000",
        "暗能钢/7000",
        "洛德合金/700",
        "钴钢/9000",
        "copper/40000",
        "thorium/32500",
        "钴/12000",
        "铁/5000",
        "暗金属/12000"
    ],
    "category": "turret",
    "research": {
        "parent": "绽放",
        "objectives": [
            {
                "type": "OnSector",
                "preset": "侵蚀区-汇合"
            }
        ]
    }
}