{
    "type": "battery",
    "category": "power",
    "name": "石墨烯电池",
    "description":"储存电网多余电力，并在电网供电不足时放电",
    "research":"a-电力枢纽",//科技树前置
    "size": 2,
    "health": 200,
    "drawer": {//143以后电池必须加drawer
		"type": "DrawMulti",
		"drawers": [
			"DrawDefault",
			{
				"type": "DrawPower",
				"emptyLightColor": "F8C266",
				"fullLightColor": "FB9567"
			},
			{
				"type": "DrawRegion",
				"suffix": "-top"
			}
		]
	},
    "requirements": [
        {"item": "copper", "amount":20},
        {"item": "graphite", "amount": 5}],
        "consumes": {"powerBuffered":2000,}
}