{
    "type": "battery",
    "category": "power",
    "name": "储电电堆",
    "description":"储存电网多余电力，并在电网供电不足时放电",
    "research":"b-石墨烯电池",//科技树前置
    "size": 3,
    "health": 800,
    "drawer": {
		"type": "DrawMulti",
		"drawers": [
			"DrawDefault",
			{
				"type": "DrawPower",
				"emptyLightColor": "F8C266",
				"fullLightColor": "FB9567"
			},
			{
				"type": "DrawRegion",
				"suffix": "-top"
			}
		]
	},
    "requirements": [
        {"item": "copper", "amount":40},
        {"item": "金", "amount":40},
        {"item": "graphite", "amount": 40}],
        "consumes": {"powerBuffered":50000,}
}