{
    "type":"PowerNode",
    "name":"超距电力塔",
    "description": "距离更远的电力枢纽，但连接数更少，适合长距离输电。",
    "size":2,//大小
    "health":800,
    "maxNodes":2,//最大连接数
    "laserRange":32,//范围
    /*
    "laserColor1"://有电时激光颜色
    "laserColor2"://没电时激光颜色
    */
    "research": {
	"parent": "a-电力枢纽"//科技树前置
	},
	/*"hasPower":true,
	"consumesPower": true,
	"consumes":{
	    "powerBuffered": 0
	    },
	"outputsPower": true,*/
    "requirements":[
        {"item":"钢铁","amount":100},
        {"item":"奥利哈钢","amount":50}
        ],
        "category":"power"
}