{
    "type": "ConsumeGenerator",
    "name": "油解制电器",
    "description": "大型发电设施，解离并燃烧石油来获取电能。",
    "details": "",
    "size": 3,
    "health": 900,
    "hasItems": true,
    "powerProduction": 12.5,
    "craftTime":120,
	//生产时间60:1
    "itemCapacity": 20,
    "generateEffect":"vapor"
    "liquidCapacity":80,
	"hasLiquids":true,
    "consumes": {
        "liquid":{
	    "liquid": "oil",
        "amount": 0.66666666,
        }
        "items": {
            "items": [
                {"item": "coal","amount": 3}
            ]
        }
},
    "requirements": [
        {
            "item": "plastanium",
            "amount":40
        },
        {
            "item": "graphite",
            "amount": 120
        }
        {
            "item": "metaglass",
            "amount": 60
        }
    ],
    "ambientSound": "smelter",
    "ambientSoundVolume": 0.06,
    "drawer":{
		"type":"DrawMulti",
		"drawers":[
		{"type":"DrawDefault"},
		{"type":"DrawFade"}
		]//发光特效
	}
    "category": "power",
    "research": {
	"parent": "超载制电器"//科技树前置
		},
}