{
	"name": "深层石油钻井",
	"shownPlanets": ["serpulo","Planzer","Synchronous-orbit-space-station"]
	"type": "SolidPump",
	"health": 650,
	"size": 3,
	"hasPower": true,
	"hasLiquids": true,
	"liquidCapacity": 150,
	"requirements": [
		"titanium/60",
		"silicon/70",
		"metaglass/40",
		"copper/150",
		"lead/120",
		"plastanium/40"
	],
	"consumes": {
		"power": 4.5
		"liquid": "water/0.45"
	},
	"pumpAmount": 0.88,
	"rotateSpeed": 1.3,
	"result": "oil",
	"baseEfficiency": 1,
	"attribute": "oil",
	"category": "production",
	"research": "真空抽水机"
}