{
    "type": "BurstDrill",
    "shownPlanets": ["serpulo","Planzer","Synchronous-orbit-space-station"]
    "name": "质子轰炸机",
    "size": 6,
    "health": 5900,
    "armor": 30,
    "tier": 9999,
    "drillTime": 5,
    "canOverdrive": false,
    "arrowOffset": 0,
    "arrowSpacing": 0,
    "arrows": 0,
    "drawMineItem": true,
    "displayFlow": true,
    "placeableLiquid": true,
    "squareSprite": false,
    "drillEffect": {
        "type": "MultiEffect",
        "effects": [
            {
                "type": "WaveEffect",
                "strokeFrom": 5,
                "strokeTo": 0,
                "sizeFrom": 0,
                "sizeTo": 20,
                "lifetime": 40,
                "colorFrom": "FFFFFF",
                "colorTo": "FFFFFF00"
            },
            {
                "type": "ParticleEffect",
                "particles": 1,
                "line": true,
                "interp": "fastSlow",
                "strokeFrom": 2,
                "strokeTo": 0,
                "lenFrom": 6,
                "lenTo": 3,
                "lifetime": 60,
                "colorFrom": "FF6420",
                "colorTo": "FFFFFF00"
            }
        ]
    },
    "destroyBullet": {
        "width": 0,
        "height": 0,
        "speed": 0,
        "lifetime": 0,
        "hitSound": "BZ",
        "hitSoundVolume": 28,
        "collides": false,
        "hittable": false,
        "absorbable": false,
        "splashDamageRadius": 300,
        "splashDamage": 8200,
        "makeFire": true,
        "hitShake": 40,
        "hitEffect": {
            "type": "MultiEffect",
            "effects": [
                {
                    "type": "WaveEffect",
                    "strokeFrom": 5,
                    "strokeTo": 0,
                    "sizeFrom": 0,
                    "sizeTo": 300,
                    "lifetime": 25,
                    "colorFrom": "FFFFFF",
                    "colorTo": "FFFFFF00"
                },
                {
                    "type": "WaveEffect",
                    "strokeFrom": 5,
                    "strokeTo": 0,
                    "sizeFrom": 0,
                    "sizeTo": 320,
                    "lifetime": 30,
                    "colorFrom": "FFFFFF",
                    "colorTo": "FFFFFF00"
                },
                {
                    "type": "WaveEffect",
                    "strokeFrom": 5,
                    "strokeTo": 0,
                    "sizeFrom": 0,
                    "sizeTo": 340,
                    "lifetime": 35,
                    "colorFrom": "FFFFFF",
                    "colorTo": "FFFFFF00"
                },
                {
                    "type": "ParticleEffect",
                    "particles": 15,
                    "sizeFrom": 15,
                    "sizeTo": 0,
                    "interp": "pow5Out",
                    "sizeInterp": "pow10In",
                    "lifetime": 180,
                    "colorFrom": "73737350",
                    "colorTo": "73737320"
                },
                {
                    "type": "ParticleEffect",
                    "particles": 15,
                    "sizeFrom": 30,
                    "sizeTo": 0,
                    "interp": "pow5Out",
                    "sizeInterp": "pow10In",
                    "lifetime": 180,
                    "colorFrom": "73737350",
                    "colorTo": "73737320"
                },
                {
                    "type": "ParticleEffect",
                    "particles": 10,
                    "line": true,
                    "interp": "fastSlow",
                    "lenFrom": 35,
                    "lenTo": 0,
                    "strokeFrom": 5,
                    "strokeTo": 0,
                    "lifetime": 45,
                    "colorFrom": "FBED76",
                    "colorTo": "79A60050"
                }
            ]
        },
        "fragBullets": 80,
        "fragLifeMin": 0.1,
        "fragLifeMax": 4,
        "fragSpread": 137.5,
        "fragBullet": {
            "type": "BasicBulletType",
            "pierce": true,
            "width": 0,
            "height": 0,
            "pierceBuilding": true,
            "splashDamageRadius": 80,
            "splashDamage": 2800,
            "sprite": "circle-bullet",
            "speed": 5,
            "status": "disarmed",
            "statusDuration": 150,
            "hitSound": "explosionbig",
            "hitSoundVolume": 18,
            "hitShake": 9,
            "lifetime": 30,
            "hitEffect": {
                "type": "MultiEffect",
                "effects": [
                    {
                        "type": "WaveEffect",
                        "strokeFrom": 5,
                        "strokeTo": 0,
                        "sizeFrom": 0,
                        "sizeTo": 300,
                        "lifetime": 25,
                        "colorFrom": "FFFFFF",
                        "colorTo": "FFFFFF00"
                    },
                    {
                        "type": "WaveEffect",
                        "strokeFrom": 5,
                        "strokeTo": 0,
                        "sizeFrom": 0,
                        "sizeTo": 80,
                        "lifetime": 30,
                        "colorFrom": "FFFFFF",
                        "colorTo": "FFFFFF00"
                    },
                    {
                        "type": "WaveEffect",
                        "strokeFrom": 5,
                        "strokeTo": 0,
                        "sizeFrom": 0,
                        "sizeTo": 70,
                        "lifetime": 35,
                        "colorFrom": "FFFFFF",
                        "colorTo": "FFFFFF00"
                    },
                    {
                        "type": "ParticleEffect",
                        "particles": 1,
                        "sizeFrom": 80,
                        "sizeTo": 0,
                        "interp": "pow5Out",
                        "sizeInterp": "pow10In",
                        "lifetime": 60,
                        "colorFrom": "79A600",
                        "colorTo": "FBED7620"
                    },
                    {
                        "type": "ParticleEffect",
                        "particles": 1,
                        "sizeFrom": 90,
                        "sizeTo": 0,
                        "interp": "pow5Out",
                        "sizeInterp": "pow10In",
                        "lifetime": 60,
                        "colorFrom": "FBED76",
                        "colorTo": "79A60020"
                    }
                ]
            }
        }
    },
    "liquidCapacity": 80,
    "consumes": {
        "power": 26,
        "liquid": {
            "liquid": "cryofluid",
            "amount": 0.8
        }
    },
    "itemCapacity": 500,
    "hasItems": true,
    "hasLiquids": true,
    "requirements": [
        "钢/800",
        "洛德合金/550",
        "暗能钢/800",
        "钴/1200",
        "silicon/900"
    ],
    "category": "production",
    "research": {
        "parent": "粒子切割器",
        "objectives": [
            {
                "type": "OnSector",
                "preset": "铁线三角洲"
            }
        ]
    }
}