{
	"type": "flying",
	"name": "列战",
	"description": "战斗型核心单位，建造速度慢,拥有较高的速度与火力，给周围单位提供超频BUFF",
	"speed": 3.9,
	"rotateSpeed": 2.5,
	"mineSpeed":3,
    "mineTier":1,
                "trailLength": 3,
            "waveTrailX": 5.5,
            "waveTrailY": -4,
            "trailScl": 1.9,
	
	"ammoCapacity": 100,
	"hitSize": 27,
	"flying": true,
	"buildSpeed":0.15,
	"health": 575,
	"armor": 1,
	"itemCapacity": 10,
	"engineSize": 5,
	"engineOffset":17,
			"engines": [
	{	"x": -13.5,"y":-17,
	"radius": 2.5,
	"rotation": -135},
	{	"x": 13.5,"y": -17,
	"radius": 2.5,
	"rotation": -45}
	],
    "abilities": [
        { "type": "StatusFieldAbility",
            "duration": 180,
            "reload": 200,
            "range": 200,
            "applyEffect":"none",
            "activeEffect":{"type": "WaveEffect",
            "lifetime": 30,
            "sizeFrom":10,
            "sizeTo": 100,
            "strokeFrom": 3,
            "strokeTo": 0,
            "colorFrom": "ec7458aa",
            "colorTo": "FFFFFF"},
            "effect":"overclock",  }
        ],
	"weapons":[
			{
			"name": "small-mount-weapon",
			"x": -15,
			"y": 0,
			"mirror": true,
			"reload": 15,
			"rotate": true,
			"recoil": 3,
			"shootCone": 30,
			"bullet": {
				"type": "BasicBulletType",
				"despawnEffect": "none",
	"hitEffect": "none",
				"damage": 20,
				"height": 5,
				"trailLength":10,
	            "trailWidth":3
				"width": 5,
				"speed": 5,
				"lifetime": 50,
					"homingRange":300,
	"homingPower": 0.1,
				 "colors":["ec7458aa", "ec7458aa", "FFFFFF"],
				"buildingDamageMultiplier":0.05
			}
		},
	{"name":"列战主炮",
    "mirror":false,
    "shake":3,
    "cooldownTime": 100,
    "rotate":false,
    "x":0,"y":0,
	"shootY":5,
		"shoot":{
	"shots":2,
	"shotDelay":10
	},
    "reload":180,
    "shootSound":"laser",
    "bullet":{
"type": "LaserBulletType",
"recoil":1.5,
"damage":105,
"pierceBuilding":false,
"status":"burning",
	"statusDuration":550,
"buildingDamageMultiplier":0,
"sideAngle":100,
"sideWidth":1,
"sideLength":50,
"lifetime":50,
"width":25,
 "length":250,
 "colors":["ec7458aa", "ec7458aa", "FFFFFF"],
	}}
	]
}