{
	"health": 390,
	"name":"枪手",
	"description": "向敌进行方定点攻击!",
	"details": "狙击手已准备就绪!",
	"type": "mech",
	"canBoost":true,
	"boostMultiplier":1.5,
	"speed": 0.57,
	"hitSize": 13.5,
	"rotateSpeed": 1,
	"armor": 3,
	"mechStepParticles":true,
	"ammoType": {
		"type": "PowerAmmoType",
		"totalPower": 500
		},
			"weapons": [
			{
		"name": "小轨道",
		"mirror": false,
		"shootCone": 0,
		"cooldownTime": 200,
		"rotate": true,
		"x": 6.5,
		"y": 5,
		"shootY": 5,
		"recoil": 3,
	"recoilTime": 70,
	"rotateSpeed": 3.5,
		"reload": 200,
		"shootSound": "mediumCannon",
		"bullet": {
		"type":"PointBulletType",
		"shootCone": 0,
			"damage": 115,
			"buildingDamageMultiplier": 1.1,
			"recoil":3,
			"speed":2.4,
			"trailSpacing": 20,
			"shootEffect":"instBomb",
			"hitEffect":"instHit",
			"instHit":"smokeCloud",
			"trailEffect":"instTrail"
		}
	}]
	}