{
	"type": "flying",
	"name": "瑞芒",
	"description": "主炮蓄力发射分裂激光，并搭载多门光束副炮，敌人越多输出越高!配备的融毁允许对敌方建筑造成伤害!\n[grey]攻击后会长时间处于过载模式，机体会燃烧起来，注意血量!",
	"speed": 2.15,
	"rotateSpeed": 2.5,
	"mineSpeed": 0.5,
	"mineTier": 4,
	"trailLength": 7,
	"waveTrailX": 5.5,
	"waveTrailY": -3,
	"trailColor":"ec7458aa",
	"trailScl": 2,
	"ammoCapacity": 100,
	"hitSize": 27,
	"flying": true,
	"buildSpeed": 3.2,
	"health": 1790,
	"armor": 1,
	"itemCapacity": 10,
	"engineSize": 5,
	"engineOffset": 17,
	"engines": [{
		"x": -15,
		"y": -21,
		"radius": 3,
		"rotation": -135
	}, {
		"x": 15,
		"y": -21,
		"radius": 3,
		"rotation": -45
	},
	{
		"x": 0,
		"y": -23,
		"radius": 5,
		"rotation": -45
	}],
	"range": 500,
	    "abilities": [
        { "type": "StatusFieldAbility",
            "duration": 180,
            "reload": 200,
            "range": 200,
            "applyEffect":"none",
            "activeEffect":{"type": "WaveEffect",
            "lifetime": 30,
            "sizeFrom":10,
            "sizeTo": 100,
            "strokeFrom": 3,
            "strokeTo": 0,
            "colorFrom": "ec7458aa",
            "colorTo": "FFFFFF"},
            "effect":"overclock",  }
        ],
	"weapons": [{
		"name": "主炮",
		"accurateDelay": false,
		"mirror": false,
		"cooldownTime": 200,
		"rotate": false,
		"x": 0,
		"y": 0,
		"shootY": 5,
		"shoot": {
			"type": "ShootPattern",
			"firstShotDelay": 70
		},
		"reload": 660,
		"shootSound": "laserblast",
		"chargeSound": "lasercharge",
		"bullet": {
			"type": "LaserBulletType",
			"chargeEffect": {
				"type": "MultiEffect",
				"effects": [{
					"type": "WaveEffect",
					"lifetime": 150,
					"sizeFrom": 100,
					"sizeTo": 0,
					"strokeFrom": 0,
					"strokeTo": 0.6,
					"colorFrom": "FFA665",
					"colorTo": "FFFFFF"
				}, {
					"type": "ParticleEffect",
					"particles": 30,
					"strokeFrom": 1,
					"strokeTo": 20,
					"line": true,
					"lenFrom": 0,
					"lenTo": 2,
					"length": 20,
					"baseLength": -20,
					"lifetime": 150,
					"colorFrom": "FFA665",
					"colorTo": "FFFFFF",
					"cone": 360
				}, {
					"type": "ParticleEffect",
					"particles": 1,
					"strokeFrom": 10,
					"strokeTo": 0,
					"lenFrom": 0,
					"lenTo": 600,
					"width":20,
					"line": true,
					"lifetime": 100,
					"colorFrom": "000000",
					"colorTo": "FFA665",
					"cone": 0
				}]
			},
			"lightningSpacing": 10,
			"status":"burning",
	"statusDuration":300,
			"lightningLength": 10,
			"lightningDelay": 2,
			"lightningLengthRand": 10,
			"lightningAngleRand": 80,
			"lightningDamage": 1,
			"buildingDamageMultiplier": 0.01,
			"pierce": true,
			"recoil": 5,
			"damage": 255,
			"buildingDamageMultiplier": 0,
			"sideAngle": 120,
			"sideWidth": 1,
			"sideLength": 100,
			"lifetime": 110,
			"width": 50,
			"length": 550,
			"pierce": true,
			"colors": ["FFFF9B", "FFFF9B", "FFFFFF"],
			"fragBullets":8,
        "fragRandomSpread":0,
        "fragSpread":35,
		"fragOnAbsorb":false,
		"fragOndespawn":false
		"fragBullet":{
        "type": "LaserBulletType",
		"damage": 35,
			"buildingDamageMultiplier": 0,
			"sideAngle": 0,
			"pierce": true,
			"sideWidth": 1,
			"sideLength": 50,
			"lifetime": 35,
			"width": 20,
			"length": 100,
			"colors": ["FFFF9B", "FFFF9B", "FFFFFF"]
			}
		}
		    "shootStatus": "unmoving",
		    "shootStatusDuration": 120,
	},
	//激光副炮
	{
		"name": "中等激光",
		"shootStatus": "overdrive",
		"accurateDelay": false,
		"mirror": true,
		"cooldownTime": 200,
		"rotate": true,
		"x": 12,
		"y": -5,
		"shootY": 5,
		"shoot": {
			"type": "ShootPattern",
			"firstShotDelay": 120
		},
		"reload": 60,
		"shootSound": "laser",
		"bullet": {
			"type": "LaserBulletType",
			"damage": 50,
			"pierceBuilding": false,
			"buildingDamageMultiplier": 0.01,
			"sideAngle": 0,
			"sideWidth": 1,
			"sideLength": 50,
			"lifetime": 20,
			"width": 20,
			"length": 550,
			"colors": ["FFFF9B", "FFFF9B", "FFFFFF"]
		}
	},
{   "name":"融毁",
"shootStatus": "burning",
    "mirror":false,
    "rotate":false,
    "x":0,
    "y":7,
    "shootSound": "pulse",
    "shoot":{
    "type":"ShootPattern",
        },  
    "reload":1,
    "controllable":true,
	"autoTarget":true,
    "continuous":true,
    "bullet":{
    "type":"ContinuousLaserBulletType",
    "buildingDamageMultiplier": 1.01,
    "damage":10,
	"knockback":3,
    "status":"melting",
	"statusDuration":180,
    "width":4,
    "length":55,
    "lifetime":100
    }},
    //弱化
    	{"name":"small-mount-weapon",
    "shootY":7,
    "reload":30,
    "ejectEffect":"none",
    "recoil":2,
    "x":15,"y":5,
    "shootSound":"sap",
    "bullet":{
    "type": "SapBulletType",
    "shootEffect":"shootSmall",
    "lifetime":30,
    "buildingDamageMultiplier": 0.01,
    "sapStrength":0,
    "status":"burning",
	"statusDuration":120,
    "length":270,
    "width":0.55,
    "knockback":-10,
	"damage": 35,
    "color":"ec7458aa",
    "lightColor":"ec7458aa",
	"hitColor":"ec7458aa",
	"despawnEffect":"none"
    }}
    ]
}