{
	"type": "flying",
	"name": "监工",
	"description": "连续发射远程电磁脉冲，加速电力设备(3倍效率，15s),并震散敌人，无法影响敌方电力设备!",
	"speed": 2.8,
	"rotateSpeed": 10,
	"mineSpeed": 32,
	"mineTier": 5,
	"hitSize": 27,
	"flying": true,
	"buildSpeed": 2.7,
	"health": 920,
	"itemCapacity": 300,
	"engineSize": 5,
	"engineOffset": 15,
	"parts": [
	{
	"type": "ShapePart",
	"x": -9,
	"xTo":-20,
	"y": 6,
	"progress": "warmup",
	"rotateSpeed": 2,
	"sides": 5,
	"color": "BF92F9",
	"radius": 1.2,
	"radiusTo": 0,
	"triLength": 1,
	"haloRadius": 0,
	"haloRotation": 0,
	"haloRotateSpeed": 0.5,
	"layer": 100
	},
		{
	"type": "ShapePart",
	"x": 9,
	"y": 6,
	"progress": "warmup",
	"rotateSpeed":2,
	"sides": 5,
	"color": "BF92F9",
	"radius": 1.2,
	"radiusTo": 0,
	"triLength": 1,
	"haloRadius": 0,
	"haloRotation": 0,
	"haloRotateSpeed": 0.5,
	"layer": 100
	},
			{
	"type": "ShapePart",
	"x": 12,
	"y": 10,
	"progress": "warmup",
	"rotateSpeed":1,
	"sides": 6,
	"color": "BF92F9",
	"radius": 0,
	"radiusTo": 5,
	"triLength": 1,
	"haloRadius": 0,
	"haloRotation": 0,
	"haloRotateSpeed": 0.5,
	"layer": 100
	},
				{
	"type": "ShapePart",
	"x": -12,
	"y": 10,
	"progress": "warmup",
	"rotateSpeed":1,
	"sides": 6,
	"color": "BF92F9",
	"radius": 0,
	"radiusTo": 5,
	"triLength": 1,
	"haloRadius": 0,
	"haloRotation": 0,
	"haloRotateSpeed": 0.5,
	"layer": 100
	}],
	"weapons": [
				{
			"name": "监工炮",
			"x": -14,
			"y": 6,
			"mirror": true,
			"reload": 60,
			"rotate": false,
			"recoil": 3,
			"recoilTime": 50,
			"shootCone": 30,
			"shootSound": "pulseBlast",
			//bullet
			"bullet": {
				"type": "ArtilleryBulletType",
				"status": "electrified",
		"statusDuration": 30,
				"despawnEffect": "none",
				"absorbable": false,
				"trailMult": 0.05,
                "trailSize": 15,
				"backColor": "BF92F9",
			"frontColor": "BF92F9",
	"hitEffect": "none",
				 "spin": 50,
				"damage": 0,
				"height": 50,
				"width": 50,
				"trailLength":2,
	            "trailWidth":5,
	            "trailColor": "BF92F9",
				"speed": 21,
				"lifetime": 35,
				"hitSound": "spark",
				//效果
						"hitEffect": {
    "type": "MultiEffect",
    "effects": [{"type": "WaveEffect",
		"lifetime": 70,
		"sizeFrom": 85,
		"sizeTo": 75,
		"sides":9,
		"colorFrom":"BF92F9",
		"colorTo": "BF92F9"},
		{"type": "WaveEffect",
		"lifetime": 50,
		"sizeFrom": 0,
		"sizeTo": 90,
		"sides":9,
		"colorFrom":"BF92F9",
		"colorTo": "BF92F9"},
		{"type": "WaveEffect",
		"lifetime": 50,
		"sizeFrom": 90,
		"sizeTo": 0,
		"sides":9,
		"colorFrom":"BF92F9",
		"colorTo": "BF92F9"},
		{"type": "WaveEffect",
		"lifetime": 120,
		"sizeFrom": 80,
		"sizeTo": 80,
		"colorFrom":"BF92F9",
		"colorTo": "BF92F9"}]},
		"colors":["BF92F9", "BF92F9", "BF92F9"],
		//EMP
		"fragBullets":1,
        "fragRandomSpread":0,
        "fragSpread":20,
        "fragVelocityMax":1,
		"fragVelocityMin":1,
        "fragBullet":{
        "type": "EmpBulletType",
        "hitPowerEffect":{
			"color": "BF92F9"},
            "splashDamageRadius": 64,
            "splashDamage": 25,
            "buildingDamageMultiplier":0.01,
        "absorbable": false,
        "timeIncrease":3,
        "timeDuration":900,
        "powerSclDecrease":1,
        "lifetime": 0,
        	"height": 0,
				"width": 0,
        "damage": 0,
		"radius":90,
		//过渡
        "fragBullets":12,
        "fragRandomSpread":0,
        "fragSpread":30,
        "fragVelocityMax":1,
		"fragVelocityMin":1,
        "fragBullet":{
        "type": "BasicBulletType",
		"lifetime":5.5,
		"status": "shocked",
		"absorbable":false,
		"width": 0,
		"heigh":0,
		"speed":15,
		"damage":0,
		"pierce": true,
		"pierceCap": 3,
		"colors":["BF92F9", "BF92F9", "BF92F9"],
		"despawnEffect":"none",
		"hitEffect":"none",
		"fragBullets":1,
		"fragRandomSpread":0.0,
		"fragVelocityMax":1,
		"fragVelocityMin":1,
		//激光
        "fragBullet":{
        "type": "LaserBulletType",
"damage":9,
"sideAngle":110,
"knockback":10,
"buildingDamageMultiplier":0.01,
"sideLength":20,
"status": "shocked",
"width":12,
 "length":15,
 "colors":["BF92F9", "BF92F9", "BF92F9"],
        }
		}
	}
			}
		}
    ]
}