{
	"type": "flying",
	"name": "统帅",
	"description": "给予周边单位强化，制造【枪手】,【盾兵】,【战车】佩戴有拦截激光，可以击退敌人，无攻击力",
	"speed": 3.75,
	"rotateSpeed": 3.5,
	"trailLength": 3,
    "waveTrailY": -5,
    "trailScl": 15,
	"mineSpeed":3,
    "mineTier":3,
    "engineSize": 1,
	"engineOffset":15,
	
//特效
	"parts": [
	{
	"type": "ShapePart",
	"x": 0,
	"y": 0,
	"progress": "warmup",
	"color": "FFA665",
	"circle": false,
	"hollow": true,
	"rotateSpeed": 1,
	"radius": 3,
	"radiusTo": 5,
	"layer": 100
	},
	{
	"type": "HaloPart",
	"x": 0,
	"y": 0,
	"progress": "warmup",
	"rotateSpeed": 1,
	"shapes": 4,
	"color": "FFA665",
	"radius": 5,
	"radiusTo": 10,
	"haloRadius": 7,
	"haloRadiusTo":35,
	"haloRotation": 1,
	"haloRotateSpeed": 1,
	"layer": 110
    }],
	"ammoCapacity": 100,
	"hitSize": 27,
	"flying": true,
	"buildSpeed":2.55,
	"health": 1370,
	"armor": 1,
	"itemCapacity": 30,
	"engines": [
	{	"x": -16,"y":-17,
	"radius": 3.5,
	"rotation": -135},
	{	"x": 16,"y": -17,
	"radius": 3.5,
	"rotation": -45},
	{	"x": -5,"y":-17,
	"radius": 2.5,
	"rotation": -135},
	{	"x": 5,"y": -17,
	"radius": 2.5,
	"rotation": -45}
	],
//能力
    "abilities": [
        { "type": "StatusFieldAbility",
            "duration": 120,
            "reload": 125,
            "range": 225,
            "applyEffect":"none",
            "activeEffect":{"type": "WaveEffect",
            "lifetime": 30,
            "sizeFrom":20,
            "sizeTo": 225,
            "strokeFrom": 3,
            "strokeTo": 0,
            "colorFrom": "ec7458aa",
            "colorTo": "FFFFFF"},
            "effect":"overclock",  },
                    { "type": "StatusFieldAbility",
            "duration": 100,
            "reload": 250,
            "range": 190,
            "applyEffect":"none",
            "activeEffect":{"type": "WaveEffect",
            "lifetime": 50,
            "sizeFrom":20,
            "sizeTo": 200,
            },
            "effect":"shielded",  },
                    {
            "type": "UnitSpawnAbility",
            "unit": "盾兵",
            "spawnX": 0,
            "spawnY": 0,
            "spawnTime": 1200
        },
                            {
            "type": "UnitSpawnAbility",
            "unit": "枪手",
            "spawnX": 0,
            "spawnY": 0,
            "spawnTime": 1200
        },
                                    {
            "type": "UnitSpawnAbility",
            "unit": "战车",
            "spawnX": 0,
            "spawnY": -20,
            "spawnTime": 3600
        }
        ],
	"weapons":[
	    {
    "name":"拦截",
    "reload":200,
    "mirror": false,
    "shootSound": "shootSmall",
    "bullet":{
	"type":"RailBulletType",
	"damage": 0.0001,
	"lifetime":5,
	"length": 163, 
	"statusDuration": 120,
	"status": "disarmed",
	"pierce":false,
    "pierceDamageFactor":0.5,
	"pointEffect": "railTrail",
	"shootEffect": "none",
	"smokeEffect":"none",
	"knockback":30,
	"colors": ["FFA665", "FFA665", "FFFFFF"],
    }
    },
	    {
    "name":"防御",
    "reload":5,
    "mirror": false,
    "type":"PointDefenseWeapon",
    "targetInterval":8,
    "targetSwitchInterval":8,
    "laserColor":"FFA665",
    "color":"FFA665",
    "shootSound": "none",
    "bullet":{
    "shootEffect":"sparkShoot",
    "hitEffect":"pointHit",
    "maxRange":150,
    "damage": 99
    }
    }
	]
}