{
	"type": "GenericCrafter",
	"name": "沙子凝炼机",
	"description": "原理是个什么原理我也不知道",
	"health":60,
	"itemCapacity":10,
	"outputItem": {"item": "sand","amount":1},
	"size":1,
	"hasPower": true,
	"craftTime":360,
	"updateEffect": "none",
	"consumes": {
		"power":0.15,
	},
	"requirements": [
		{ "item": "copper", "amount":10 },
		{ "item": "graphite", "amount":5 },
	],
	"category": "crafting",
	"research": "zzc煤炭凝炼机",
	"idleSound": "respawning",
	"idleSoundVolume": 0.1
}
