{
	"type": "GenericCrafter",
	"name": "钛凝炼机",
	"description": "[red]《    无    中    生    有    》",
	"health":100,
	"itemCapacity":10,
	"outputItem": {"item": "titanium","amount":1},
	"size":1,
	"hasPower": true,
	"craftTime":720,
	"updateEffect": "none",
	"consumes": {
		"power":0.5,
	},
	"requirements": [
		{ "item": "copper", "amount":10 },
		{ "item": "lead", "amount":10 },
		{ "item": "graphite", "amount":10 },
		{ "item": "青铜", "amount":10 },
		{ "item": "亚铜", "amount":10 },
	],
	"category": "crafting",
	"research": "zzc煤炭凝炼机",
	"idleSound": "respawning",
	"idleSoundVolume": 0.1
}
