{
	"type":"mech",
	"name":"冥毁",
	"boostMultiplier": 1,
	"engineOffset": 14, 
	"engineSize": 6,
	"canBoost": true,
	"hitSize":26,
	"drownTimeMultiplier": 5,
	"armor": 18,
	"speed":0.64,
	"rotateSpeed": 2.35,
	"baseRotateSpeed":2.3,
	"health": 3570,
	"mechStepParticles":true,
	"mechFrontSway":0.98,
	"mechSideSway":0.4,
	"ammoType":"pyratite",
	"ammoCapacity": 300,
	"immunities":["burning","blasted","blasted","corroded","tarred","muddy"],
	"research":"特种工厂",
	"abilities": [
		{
			"type": "LiquidExplodeAbility",
			"liquid": "slag",
			"amount": 300,
			"radScale": 2.5
		},
		{
			"type": "LiquidExplodeAbility",
			"liquid": "oil",
			"amount": 300,
			"radScale": 2.5
		},
		{
			"type": "ArmorPlateAbility",
			"healthMultiplier": 1
		}
	],
	"weapons": [
		{
			"name": "冥燃1",
			"x": -13,
			"reload": 6.66,
			"shootX": -0.75,
			"shootY": 15,
			"mirror": false,
			"recoil": 0.6,
			"inaccuracy": 10,
			"shootSound":"missile",
			"top": true,
			"shootWarmupSpeed":0.03,
			"minWarmup":0.9,
			"shake": 0.36,
			"velocityRnd":0.1,
			"bullet": {
				"type": "BasicBulletType",
				"sprite":"奇思妙想-抛射",
				"height": 20,
				"width": 16,
				"frontColor": "f8ad42",
				"backColor": "f68021",
				"spin": 20,
				"drag":0.017,
				"lifetime": 33,
				"speed": 10,
				"ammoMultiplier": 10,
				"splashDamageRadius": 30,
				"splashDamage": 98,
				"incendAmount": 1,
				"incendSpread": 16,
				"incendChance": 0.2,
				"absorbable": false,
				"hitSound":"explosion",
				"shootEffect": "shootPyraFlame",
				"hitEffect": "flakExplosionBig",
				"despawnEffect": "none",
				"statusDuration": 360,
				"status": "burning"
			},
			"parts": [
				{
					"type": "RegionPart",
					"mirror": false,
					"y":-8,
					"suffix": "-下",
					"under": true,
					"moveY": 10,
					"progress": "warmup"
				},
				{
					"type": "RegionPart",
					"mirror": false,
					"suffix": "-盖",
					"under": true,
					"moveY": -10,
					"progress": "warmup"
				},
				{
					"type": "RegionPart",
					"mirror": false,
					"y":-8,
					"suffix": "-下",
					"under": true,
					"moveY": 10,
					"progress": "warmup"
				}
			]
		},
		{
			"name": "冥燃2",
			"x":14,
			"reload": 300,
			"shootY": 9,
			"mirror": false,
			"top": false,
			"rotate": true,
			"rotateSpeed": 1,
			"rotationLimit": 13,
			"shootSound": "torch",
			"alwaysContinuous": true,
			"cooldownTime": 300,
			"heatColor":"FF4040",
			"bullet": {
				"type": "ContinuousFlameBulletType",
				"recoil": 0.01,
				"pierceBuilding": false,
				"colors":["5EB6EFFF","5EB6EFFF","85C1E9FF","A0D4FFFF","A0D4FFFF"],
				"lightColor":"A0D4FFFF",
				"flareColor":"A0D4FFFF",
				"length": 96,
				"lifetime": 8,
				"knockback": 2.5,
				"statusDuration": 600,
				"status": "burning",
				"damage": 90,
				"healPercent": 0.8,
				"healColor": "F33304",
				"incendAmount": 1,
				"incendSpread": 8,
				"incendChance": 0.2,
				"makeFire": true,
				"shootEffect": {
					"type": "ParticleEffect",
					"particles": 4,
					"sizeFrom":3.3,
					"sizeTo":0,
					"interp":"pow10Out",
					"sizeInterp":"pow5In",
					"length": 88,
					"baseLength": 0,
					"lifetime": 32,
					"colorFrom": "f8ad42",
					"colorTo": "5EB6EFFF",
					"cone": 13
				},
				"smokeEffect": {
					"type": "ParticleEffect",
					"particles": 2,
					"line": true,
					"strokeFrom": 1.3,
					"strokeTo": 0,
					"lenFrom": 18,
					"lenTo": 8,
					"length": 88,
					"baseLength": 0,
					"lifetime": 16,
					"colorFrom": "FFFFFF",
					"colorTo": "85C1E9FF",
					"cone": 16
				},
				"hitEffect": {
					"type": "ParticleEffect",
					"particles": 3,
					"lifetime": 20,
					"sizeFrom":2,
					"sizeTo":0,
					"interp":"pow3Out",
					"sizeInterp":"pow3In",
					"colorFrom": "5EB6EFFF",
					"colorTo": "85C1E9FF"
				}
			}
		}
	]
}
