{
	"type": "tank",
	"controller": "DefenderAI",
	"healFlash": false,
		"research":"特种工厂",
		"targetFlags": ["drill"],
	"treadFrames": 16,
	"treadPullOffset": 8,
		"flying": false,/*能否飞行，true为能飞 */
	"crushDamage": 2.5,
	"treadRects": [
		{
			"x": -60,
			"y": -76,
			"width": 24,
			"height": 152
		}
	],
	"immunities": [
		"shocked",
		"burning",
		"electrified",
		"sapped",
		"disarmed",
		"corroded",
		"奇思妙想-正极",
		"奇思妙想-负极",
		"奇思妙想-锁定",
		"奇思妙想-强攻",
		"奇思妙想-神风"
	],
	"name": "武装矿车",
	"rotateSpeed": 0.85,
	"speed": 0.715,
	"accel": 0.08,
	"drag": 0.08,
	"hitSize": 32,
	"ammoType": {
		"type": "PowerAmmoType",
		"totalPower": 4000
	},
	"ammoCapacity": 30,
	"hovering": false,
	"canDrown": false,
		"omniMovement": false,
	"rotateMoveFirst": false,
	"health": 13500,
"armor": 15,/*装甲 */
    "mineSpeed": 12,/*挖矿速度 1=100% */
    "mineTier": 5,/*挖矿等级，你可以挖什么矿 */
    "buildSpeed": 6.0,/*构建速度 1=100%*/
	"itemCapacity": 350,
	"faceTarget": false,
	"lightRadius": 200,
	"fogRadius": 75,
	"abilities": [
		{
			"type": "StatusFieldAbility",
			"duration": 80,
			"reload": 140,
			"range": 78,
			"applyEffect": "none",
			"activeEffect": {
				"type": "MultiEffect",
				"effects": [
					{
						"type": "WaveEffect",
						"lifetime": 60,
						"interp": "circleIn",
						"sides": 6,
						"sizeFrom": 30,
						"sizeTo": 30,
						"strokeFrom": 3,
						"strokeTo": 0,
						"colorFrom": "EEC591",
						"colorTo": "FF5B5B"
					},
					{
						"type": "WaveEffect",
						"lifetime": 60,
						"startDelay": 40,
						"interp": "circleIn",
						"sides": 6,
						"sizeFrom": 59,
						"sizeTo": 59,
						"strokeFrom": 4,
						"strokeTo": 0,
						"colorFrom": "EEC591",
						"colorTo": "FF5B5B"
					},
					{
						"type": "WaveEffect",
						"lifetime": 60,
						"startDelay": 80,
						"interp": "circleIn",
						"sides": 6,
						"sizeFrom": 88,
						"sizeTo": 88,
						"strokeFrom": 5,
						"strokeTo": 0,
						"colorFrom": "EEC591",
						"colorTo": "FF5B5B"
					}
				]
			},
			"effect": "shielded"
		},
		{
			"type": "StatusFieldAbility",
			"duration": 25,
			"reload": 20,
			"range": 78,
			"applyEffect": "none",
			"activeEffect": "none",
			"effect": "奇思妙想-强攻"
		}
	],
	"weapons": 
	[
	{
			"name": "武矿1",
			"reload": 12.51,
			"recoil": 1.5,
			"x": 0,
			"shootY": 18.5,
			"rotate": true,
			"rotateSpeed": 3,
			"mirror": false,
			"inaccuracy": 1.8,
			"shootCone": 31.8,
			"shootSound": "bolt",
			"alternate": false,
			"shake": 0.3,
			"ejectEffect": "casing3Double",
			"shoot": {
				"type": "ShootAlternate",
				"barrels": 2,
				"spread": 16
			},
			"bullet": {
				"damage": 85,
				"speed": 6,
				"status": "electrified",
				"statusDuration": 400,
				"buildingDamageMultiplier": 0.3,
				"lifetime": 60,
				"width": 9,
				"height": 12,
				"frontColor": "FFFFFF",
				"backColor": "FEEBB3",
				"trailLength": 12,
				"trailWidth": 2,
				"trailColor": "FEEBB3",
				"shootEffect": "shootBig2",
				"smokeEffect": {
					"type": "ParticleEffect",
					"particles": 4,
					"interp": "fastSlow",
					"sizeInterp": "pow3In",
					"sizeFrom": 3,
					"sizeTo": 0,
					"length": 35,
					"baseLength": 0,
					"lifetime": 23,
					"colorFrom": "FEEBB3",
					"colorTo": "FEEBB3",
					"cone": 15
				},
				"hitEffect": {
					"type": "ParticleEffect",
					"particles": 4,
					"interp": "fastSlow",
					"sizeFrom": 5,
					"sizeTo": 0,
					"length": 25,
					"baseLength": 0,
					"lifetime": 15,
					"colorFrom": "FEEBB3",
					"colorTo": "FEEBB3"
				}
			}
		}
	],
}