{
	"type":"ItemTurret",
	"category":"turret",
	"name":"碎星",
	"description":"向前方扇形区域倾泻多枚重型弹头，以巨大般的冲击力重击敌人。",
"details":"在战场初期的防御阵线中，是信赖的先锋力量。当敌方单位开始试探性进攻时，它率先启动，扇形弹幕如繁星坠落般覆盖前沿，用密集且精准的打击撕碎敌人的攻势，为后续防线的部署争取关键时间。",
	"drawer":{
	"type":"drawTurret",
	"parts":[
		{"type":"RegionPart",
		"suffix":"-side",
		"moveY":-2,
		"moveRot":-20,
		"cooldownTime":200,
		"mirror":true,
		"progress":"recoil"
		}	]	}

	"research":{
	"parent":"0001裂影",
	"requirements":[
	"graphite/200",
	"silicon/200"
	"镍/60",

	]	},

	"requirements":[
	"graphite/70",
	"silicon/60"
	"镍/40",

	],
	"consumes":{
	"coolant":{"amount":0.1,"optional":true}	}

		"shoot":{"type":"shootSpread",
		"shots":12,
		"spread":3
		},

	"size":3,
	"health":1820,
	"rotateSpeed":3.5,
	"reload":55,
	"ammoPerShot":8,
	"maxAmmo":40,
	"liquidCapacity":20,
	"range":120,
	"inaccuracy":9,
	"shootSound":"laser",
	"shootCone":20,
	"squareSprite":false,

	"ammoTypes":{
		"sand":{
		"shrinkY": 0,"shrinkX": 0,//子弹变形程度
		"damage": 20,
		"speed": 12,
		"knockback":0.9,//击退
		"reloadMultiplier":1.5,
		"lifetime":8,
			"rangeChange": -24,
		"width":18,	"height":13,//宽长度
		"frontColor": "D3AE8DFF",
		"backColor": "F7CBA4FF"
//尾迹
		"trailColor": "F7CBA4FF",
		"lightColor": "D3AE8DFF",
		"trailParam": 5,//尾迹参数
		"trailWidth": 5,"trailLength": 2,//尾迹宽长度
		"trailEffect": "none",//尾迹特效
//特效
	"shootEffect": {//攻击特效
		"type": "multiEffect",//多种特效
		"effects": [//特效
		{"type": "WaveEffect",
		"region": "冥痕json-方",//区域贴图
		"lifetime": 25,//存在时间
		"sizeFrom": 0,
		"sizeTo": 20,
		"strokeFrom": 3.5,
		"strokeTo": 0,
		"colorFrom": "D3AE8DFF",
		"colorTo": "F7CBA4FF"},
		{
		"type": "ParticleEffect",
		"region": "冥痕json-方",//区域贴图
		"particles": 1,//粒子数量
		"length": 40,//长度
		"lifetime": 50,//存在时间
		"interp": "circleOut",//中间部分
		"sizeInterp": "pow5Out",//大小部分
		"cone": 360,//角度
		"colorFrom": "D3AE8DFF",
		"colorTo": "F7CBA4FF",
		"sizeFrom": 5.5,
		"sizeTo": 0
		}	]	}
	"hitEffect": {//碰撞特效
		"type": "multiEffect",//多种特效
		"effects": [//特效
		{"type": "WaveEffect",
		"region": "冥痕json-方",//区域贴图
		"lifetime": 25,//存在时间
		"sizeFrom": 0,
		"sizeTo": 20,
		"strokeFrom": 3.5,
		"strokeTo": 0,
		"colorFrom": "D3AE8DFF",
		"colorTo": "F7CBA4FF"},
		{
		"type": "ParticleEffect",
		"region": "冥痕json-方",//区域贴图
		"particles": 2,//粒子数量
		"length": 40,//长度
		"lifetime": 24,//存在时间
		"interp": "circleOut",//中间部分
		"sizeInterp": "pow5Out",//大小部分
		"cone": 360,//角度
		"colorFrom": "D3AE8DFF",
		"colorTo": "F7CBA4FF",
		"sizeFrom": 4.5,
		"sizeTo": 0
		}	]	}
		} 
	"graphite":{
		"shrinkY":0,"shrinkX":0,
		"damage":68,
		"speed":15,
		"knockback":3.2,
		"reloadMultiplier":1.2,
		"lifetime":8,
		"width":20,	"height":15,
		"frontColor":"767A84FF",
		"backColor":"8E9097FF"
		"buildingDamageMultiplier":0.2,

		"trailColor":"8E9097FF",
		"trailParam":5,
		"trailWidth":5,"trailLength":2,
		"trailEffect":"none",

	"shootEffect":{
		"type":"ParticleEffect",
		"region":"冥痕json-方",
		"particles":1,
		"length":40,
		"lifetime":50,
		"interp":"circleOut",
		"sizeInterp":"pow5Out",
		"cone":90,
		"colorFrom":"767A84FF",
		"colorTo":"8E9097FF",
		"sizeFrom":5.5,
		"sizeTo":0
		}
	"hitEffect":{
		"type":"ParticleEffect",
		"region":"冥痕json-方",
		"particles":2,
		"length":40,
		"lifetime":24,
		"interp":"circleOut",
		"sizeInterp":"pow5Out",
		"cone":360,
		"colorFrom":"FFFFFFFF",
		"colorTo":"FFFFFFFF",
		"sizeFrom":4.5,
		"sizeTo":0
		}	},
	"铝制子弹":{
		"shrinkY": 0,"shrinkX": 0,//子弹变形程度
		"damage": 52,
		"speed": 24,
		"knockback":0.4,//击退
		"reloadMultiplier":1.4,
		"lifetime":5,
		"width":12,	"height":10,//宽长度
		"frontColor": "9AAFB5FF",
		"backColor": "C9DDE3FF"
//尾迹
		"trailColor": "9AAFB5FF",
		"lightColor": "C9DDE3FF",
		"trailParam": 5,//尾迹参数
		"trailWidth": 3,"trailLength": 1,//尾迹宽长度
		"trailEffect": "none",//尾迹特效
//特效
	"shootEffect": {//攻击特效
		"type": "multiEffect",//多种特效
		"effects": [//特效
		{"type": "WaveEffect",
		"region": "冥痕json-方",//区域贴图
		"lifetime": 25,//存在时间
		"sizeFrom": 0,
		"sizeTo": 20,
		"strokeFrom": 3.5,
		"strokeTo": 0,
		"colorFrom": "9AAFB5FF",
		"colorTo": "C9DDE3FF"},
		{
		"type": "ParticleEffect",
		"region": "冥痕json-方",//区域贴图
		"particles": 1,//粒子数量
		"length": 40,//长度
		"lifetime": 50,//存在时间
		"interp": "circleOut",//中间部分
		"sizeInterp": "pow5Out",//大小部分
		"cone": 360,//角度
		"colorFrom": "9AAFB5FF",
		"colorTo": "C9DDE3FF",
		"sizeFrom": 5.5,
		"sizeTo": 0
		}	]	}
	"hitEffect": {//碰撞特效
		"type": "multiEffect",//多种特效
		"effects": [//特效
		{"type": "WaveEffect",
		"region": "冥痕json-方",//区域贴图
		"lifetime": 25,//存在时间
		"sizeFrom": 0,
		"sizeTo": 20,
		"strokeFrom": 3.5,
		"strokeTo": 0,
		"colorFrom": "9AAFB5FF",
		"colorTo": "C9DDE3FF"},
		{
		"type": "ParticleEffect",
		"region": "冥痕json-方",//区域贴图
		"particles": 2,//粒子数量
		"length": 40,//长度
		"lifetime": 24,//存在时间
		"interp": "circleOut",//中间部分
		"sizeInterp": "pow5Out",//大小部分
		"cone": 360,//角度
		"colorFrom": "9AAFB5FF",
		"colorTo": "C9DDE3FF",
		"sizeFrom": 4.5,
		"sizeTo": 0
		}	]	}
		} 
	"silicon":{
		"shrinkY":0,"shrinkX":0,
		"damage":48,
		"speed":15,
		"knockback":4,
		"lifetime":11,
		"width":20,	"height":15,
		"frontColor":"767A84FF",
		"backColor":"8E9097FF"
		"buildingDamageMultiplier":0.2,
"homingRange": 48,
            "homingPower": 0.08,

		"trailColor":"8E9097FF",
		"trailParam":5,
		"trailWidth":5,"trailLength":2,
		"trailEffect":"none",

	"shootEffect":{
		"type":"ParticleEffect",
		"region":"冥痕json-方",
		"particles":1,
		"length":40,
		"lifetime":50,
		"interp":"circleOut",
		"sizeInterp":"pow5Out",
		"cone":90,
		"colorFrom":"767A84FF",
		"colorTo":"8E9097FF",
		"sizeFrom":5.5,
		"sizeTo":0
		}
	"hitEffect":{
		"type":"ParticleEffect",
		"region":"冥痕json-方",
		"particles":2,
		"length":40,
		"lifetime":24,
		"interp":"circleOut",
		"sizeInterp":"pow5Out",
		"cone":360,
		"colorFrom":"FFFFFFFF",
		"colorTo":"FFFFFFFF",
		"sizeFrom":4.5,
		"sizeTo":0
		}	}
			"钢制子弹":{
		"shrinkY": 0,"shrinkX": 0,//子弹变形程度
		"damage": 84,
		"speed": 24,
		"knockback":1.75,//击退
		"reloadMultiplier":1.75,
		"lifetime":5,
		"width":12,	"height":10,//宽长度
		"frontColor": "DEDEDEFF",
		"backColor": "AAAAAAFF"
//尾迹
		"trailColor": "DEDEDEFF",
		"lightColor": "AAAAAAFF",
		"trailParam": 5,//尾迹参数
		"trailWidth": 3,"trailLength": 1,//尾迹宽长度
		"trailEffect": "none",//尾迹特效
//特效
	"shootEffect": {//攻击特效
		"type": "multiEffect",//多种特效
		"effects": [//特效
		{"type": "WaveEffect",
		"region": "冥痕json-方",//区域贴图
		"lifetime": 25,//存在时间
		"sizeFrom": 0,
		"sizeTo": 20,
		"strokeFrom": 3.5,
		"strokeTo": 0,
		"colorFrom": "DEDEDEFF",
		"colorTo": "AAAAAAFF"},
		{
		"type": "ParticleEffect",
		"region": "冥痕json-方",//区域贴图
		"particles": 1,//粒子数量
		"length": 40,//长度
		"lifetime": 50,//存在时间
		"interp": "circleOut",//中间部分
		"sizeInterp": "pow5Out",//大小部分
		"cone": 360,//角度
		"colorFrom": "DEDEDEFF",
		"colorTo": "AAAAAAFF",
		"sizeFrom": 5.5,
		"sizeTo": 0
		}	]	}
	"hitEffect": {//碰撞特效
		"type": "multiEffect",//多种特效
		"effects": [//特效
		{"type": "WaveEffect",
		"region": "冥痕json-方",//区域贴图
		"lifetime": 25,//存在时间
		"sizeFrom": 0,
		"sizeTo": 20,
		"strokeFrom": 3.5,
		"strokeTo": 0,
		"colorFrom": "DEDEDEFF",
		"colorTo": "AAAAAAFF"},
		{
		"type": "ParticleEffect",
		"region": "冥痕json-方",//区域贴图
		"particles": 2,//粒子数量
		"length": 40,//长度
		"lifetime": 24,//存在时间
		"interp": "circleOut",//中间部分
		"sizeInterp": "pow5Out",//大小部分
		"cone": 360,//角度
		"colorFrom": "DEDEDEFF",
		"colorTo": "AAAAAAFF",
		"sizeFrom": 4.5,
		"sizeTo": 0
		}	]	}
		} 
		"血钢":{
		"shrinkY":0,"shrinkX":0,
		"damage":128,
		"speed":16,
			"pierceCap":4,//穿透数
				"status": "血腥之瞳",
					"statusDuration": 60,
		"damage": 165,//单体伤害
		"knockback":3,
		"reloadMultiplier":1.5,
		"lifetime":9,
		"width":20,	"height":15,
		"frontColor":"D75B6EFF",
		"backColor":"E78F92FF"
		"buildingDamageMultiplier":0.2,
"rangeChange": 24,
		"trailColor":"8E9097FF",
		"trailParam":5,
		"trailWidth":5,"trailLength":2,
		"trailEffect":"none",

	"shootEffect":{
		"type":"ParticleEffect",
		"region":"冥痕json-方",
		"particles":1,
		"length":40,
		"lifetime":50,
		"interp":"circleOut",
		"sizeInterp":"pow5Out",
		"cone":90,
		"colorFrom":"D75B6EFF",
		"colorTo":"E78F92FF",
		"sizeFrom":5.5,
		"sizeTo":0
		}
	"hitEffect":{
		"type":"ParticleEffect",
		"region":"冥痕json-方",
		"particles":2,
		"length":40,
		"lifetime":24,
		"interp":"circleOut",
		"sizeInterp":"pow5Out",
		"cone":360,
		"colorFrom":"FFFFFFFF",
		"colorTo":"FFFFFFFF",
		"sizeFrom":4.5,
		"sizeTo":0
		}	},
			"血钢子弹":{
		"shrinkY":0,"shrinkX":0,
		"damage":160,
		"speed":16,
		"knockback":3,
		"reloadMultiplier":1.5,
			"pierceCap":8,//穿透数
				"status": "血腥之瞳",
					"statusDuration": 60,
		"lifetime":9,
		"width":20,	"height":15,
		"frontColor":"D75B6EFF",
		"backColor":"E78F92FF"
		"buildingDamageMultiplier":0.2,
"rangeChange": 24,
		"trailColor":"8E9097FF",
		"trailParam":5,
		"trailWidth":5,"trailLength":2,
		"trailEffect":"none",

	"shootEffect":{
		"type":"ParticleEffect",
		"region":"冥痕json-方",
		"particles":1,
		"length":40,
		"lifetime":50,
		"interp":"circleOut",
		"sizeInterp":"pow5Out",
		"cone":90,
		"colorFrom":"D75B6EFF",
		"colorTo":"E78F92FF",
		"sizeFrom":5.5,
		"sizeTo":0
		}
	"hitEffect":{
		"type":"ParticleEffect",
		"region":"冥痕json-方",
		"particles":2,
		"length":40,
		"lifetime":24,
		"interp":"circleOut",
		"sizeInterp":"pow5Out",
		"cone":360,
		"colorFrom":"FFFFFFFF",
		"colorTo":"FFFFFFFF",
		"sizeFrom":4.5,
		"sizeTo":0
		}	},
	},
}