{
	"type": "PowerTurret",
	"name": "千束",
	"description": "快速发射激光对一定范围内的敌人造成伤害，激光末端也会分裂四束激光，对大型单位有奇效",
	"health": 2840,
	"armor": 2,
	"size": 3,
	"reload": 60,
	"range": 360,
	"maxAmmo": 60,
	"recoilTime": 45,
	"recoil": 3,
	"shake": 1.5,
	"shoot": {
		"shots": 4,
		"shotDelay": 6
		"type": "ShootBarrel",
        "barrels": [
        4.5,-1,0,
        -4.5,-1,0,

        ]
	},
	"consumes": {
		"power": 12
	},
	"minWarmup": 0.9,
	"shootWarmupSpeed": 0.055,
	"warmupMaintainTime": 120,
	"shootSound": "none",
	"targetGround": true,
	"targetAir": true,
	"shootCone": 10,
	"inaccuracy": 6,
	"rotateSpeed": 3,
"shootType":
 {
 "buildingDamageMultiplier":0.1,
		"despawnSound": "shoot"
			"type": "PointBulletType",
			"damage": 85,
			"lifetime": 10,
			"speed": 36,
			"reloadMultiplier": 3,
			"bulletInterval":0,//分裂间隔
                "intervalRandomSpread":0,//随机角度
                "intervalBullets":4,//分裂子弹数
                "intervalAngle":0,//分裂起始角度
                "intervalSpread":90,//分裂角度（建立在起始角度基础之上，所有分裂子弹的角度总和）
                "fragVelocityMin":1,
                "fragVelocityMax":1,
        "intervalBullet":{
		"despawnSound": "shoot"
			"type": "PointBulletType",
			"damage": 40,
			"lifetime": 8,
			"speed": 1,
			"reloadMultiplier": 3,
			"trailSpacing": 8,
			"trailEffect": {
				"type": "ParticleEffect",
				"particles": 1,
				"length": 0,
				"baseLength": 1,
				"lifetime": 12,
				"line": true,
				"randLength": false,
				"lenFrom": 8.1,
				"lenTo": 8.1,
				"strokeFrom": 3,
				"strokeTo": 0,
				"sizeInterp": "slowFast",
				"colorFrom": "CBD97FFF",
				"colorTo": "CBD97FFF",
				"cone": 0
			},
			"shootEffect": {
				"type": "WaveEffect",
				"lifetime": 15,
				"sizeFrom": 1,
				"sizeTo": 22,
				"strokeFrom": 1.5,
				"strokeTo": 0,
				"colorFrom": "CBD97FFF",
				"colorTo": "CBD97FFF"
			},
			"smokeEffect": {
				"type": "ParticleEffect",
				"sizeInterp": "pow3In",
				"interp": "fastSlow",
				"particles": 3,
				"strokeFrom": 2,
				"strokeTo": 0,
				"line": true,
				"lenFrom": 15,
				"lenTo": 0,
				"length": 45,
				"baseLength": 0,
				"lifetime": 16,
				"colorFrom": "CBD97FFF",
				"colorTo": "CBD97FFF",
				"cone": 13
			},
			"hitEffect": {
				"type": "ParticleEffect",
				"interp": "fastSlow",
				"sizeInterp": "pow3In",
				"particles": 4,
				"baseLength": 4,
				"length": 10,
				"lifetime": 15,
				"line": true,
				"lenFrom": 8,
				"lenTo": 0,
				"strokeFrom": 2,
				"strokeTo": 1,
				"colorFrom": "CBD97FFF",
				"colorTo": "CBD97FFF"
			},
			"despawnEffect": {
				"type": "ParticleEffect",
				"particles": 1,
				"sizeFrom": 4,
				"sizeTo": 0,
				"length": 0,
				"baseLength": 0,
				"lifetime": 14,
				"sizeInterp": "slowFast",
				"colorFrom": "CBD97FFF",
				"colorTo": "CBD97FFF"
			},
		},
			"trailSpacing": 8,
			"trailEffect": {
				"type": "ParticleEffect",
				"particles": 1,
				"length": 0,
				"baseLength": 1,
				"lifetime": 12,
				"line": true,
				"randLength": false,
				"lenFrom": 8.1,
				"lenTo": 8.1,
				"strokeFrom": 3,
				"strokeTo": 0,
				"sizeInterp": "slowFast",
				"colorFrom": "CBD97FFF",
				"colorTo": "CBD97FFF",
				"cone": 0
			},
			"shootEffect": {
				"type": "WaveEffect",
				"lifetime": 15,
				"sizeFrom": 1,
				"sizeTo": 22,
				"strokeFrom": 1.5,
				"strokeTo": 0,
				"colorFrom": "CBD97FFF",
				"colorTo": "CBD97FFF"
			},
			"smokeEffect": {
				"type": "ParticleEffect",
				"sizeInterp": "pow3In",
				"interp": "fastSlow",
				"particles": 3,
				"strokeFrom": 2,
				"strokeTo": 0,
				"line": true,
				"lenFrom": 15,
				"lenTo": 0,
				"length": 45,
				"baseLength": 0,
				"lifetime": 16,
				"colorFrom": "CBD97FFF",
				"colorTo": "CBD97FFF",
				"cone": 13
			},
			"hitEffect": {
				"type": "ParticleEffect",
				"interp": "fastSlow",
				"sizeInterp": "pow3In",
				"particles": 4,
				"baseLength": 4,
				"length": 10,
				"lifetime": 15,
				"line": true,
				"lenFrom": 8,
				"lenTo": 0,
				"strokeFrom": 2,
				"strokeTo": 1,
				"colorFrom": "CBD97FFF",
				"colorTo": "CBD97FFF"
			},
			"despawnEffect": {
				"type": "ParticleEffect",
				"particles": 1,
				"sizeFrom": 4,
				"sizeTo": 0,
				"length": 0,
				"baseLength": 0,
				"lifetime": 14,
				"sizeInterp": "slowFast",
				"colorFrom": "CBD97FFF",
				"colorTo": "CBD97FFF"
			},
		},
	"requirements": [
	"silicon/120",
		"铁/200",
		"锡/120",
		"钢/160",

	],
	"category": "turret",
"research":{
"objectives": [
//		"",//研究xx
		{"type": "SectorComplete",//占领地图
		"preset": "异域峡谷"},
		]
	"parent":"0010日暮",
	"requirements":[
		"silicon/2400",
		"铁/3000",
		"锡/2400",
		"钢/2200",
	]	},
}