{
	"type":"ItemTurret",
	"category":"turret",
	"name":"余烬",
	"description":"向敌人发射火焰，能够有效的克制高护甲单位",

	"size":5,
	"health":3940,
	"armor":12,
	"rotateSpeed":2,
	"reload":3,
	"liquidCapacity":100,
	"range":150,
	"inaccuracy":2,
	"squareSprite":false,
	"cooldownTime":90,
	"recoil":1,
	"shootSound":"missileLarge",
	"ammoUseEffect":"none",
	"shake":2,
	"velocityRnd":0.11,
	"consumeAmmoOnce":true,
	"targetAir":false,
	"targetGround":true,

"research":{
"objectives": [
//		"",//研究xx
		{"type": "SectorComplete",//占领地图
		"preset": "蜿蜒地带"},
		]
	"parent":"0020烬灭",
	},

	"requirements":[
	"silicon/300"
	"铁/280"
	"铝/350",
"碳锡/220",
	"钢/190",
	],

	"drawer":{"type":"drawTurret",
	"parts":[
		{"type":"RegionPart",
		"colorTo":"f68021A8",
		"color":"f68021",
		"progress":"warmup",
		"blending":"additive",
		"layerOffset":0.002,
		"outline":false,
		"suffix":"-glow"
		},
		{"type":"RegionPart",
		"mirror":true,
		"under":true,
		"progress":"warmup",
		"layerOffset":-0.001,
		"moveRot":-20,
		"suffix":"-wing"
	"children":[
		{"type":"RegionPart",
		"layerOffset":0.001,
		"blending":"additive",
		"colorTo":"f68021A8",
		"color":"f68021",
		"mirror":true,
		"outline":false,
		"progress":{
		"type":"recoil",
		"op":"blend",
		"other":"heat",
		"amount":0.45
		}	}	],
		}	]	},

	"shootY":13.25,
		"shoot": {
				"type":"ShootMulti",
				"source":{},
				"dest":[
			{"type":"ShootHelix",
			"scl":8,
			"mag":3,
			"shots":2},
			{"type":"ShootHelix",
			"scl":8,
			"mag":3,
			"firstShotDelay":3,
			"shots":2}
					]},

"consumes":{
	"coolant":{"amount":0.1,"optional":true}	}

"ammoTypes":{
	"coal":{
	"type":"BasicBulletType",
	"status":"melting",
	"statusDuration":30,
	"speed":10,
	"damage":30,
	"pierceArmor":true,
	"collidesAir": false//碰撞飞机
	"hitSize":9,
	"width":0.1,
	"height":0.1,
		"shootEffect": {
					"type": "MultiEffect",
					"effects": [
						{
							"type": "ParticleEffect",
							"particles": 10,
							"baseLength": 0,
							"length": 130,
							"lifetime": 46,
							"interp": "pow10Out",
							"sizeInterp":"pow5In",
							"sizeFrom": 6,
							"sizeTo": 0,
							"colorFrom": "f68021",
							"colorTo": "f68021",
							"cone": 10
						},
						{
							"type": "ParticleEffect",
							"particles": 10,
							"line": true,
							"strokeFrom": 1.9,
							"strokeTo": 0,
							"lenFrom": 24,
							"lenTo": 8,
							"length": 150,
							"baseLength": 0,
							"lifetime": 16,
							"colorFrom": "FFFFFF",
							"colorTo": "E8D174FF",
							"cone": 10
						}
					]
				},
				"smokeEffect": {
					"type": "ParticleEffect",
					"particles": 9,
					"baseLength": 0,
					"length": 150,
					"startDelay": 10,
					"lifetime": 55,
					"layer": 99,
					"interp": "pow10Out",
					"sizeInterp": "pow5In",
					"sizeFrom": 8,
					"sizeTo": 0,
					"colorFrom": "f68021A8",
					"colorTo": "f68021A8",
					"cone": 13
				},
				"hitEffect":{
					"type": "MultiEffect",
					"effects": [
						{
							"type": "ParticleEffect",
							"particles": 3,
							"baseLength": 0,
							"length": 16,
							"lifetime": 20,
							"interp": "pow10Out",
							"sizeInterp": "pow5In",
							"sizeFrom": 6,
							"sizeTo": 0,
							"colorFrom": "f68021",
							"colorTo": "f68021A8"
						},
						{
							"type": "ParticleEffect",
							"particles": 6,
							"line": true,
							"strokeFrom": 3,
							"strokeTo": 0,
							"lenFrom": 8,
							"lenTo": 24,
							"length": 34,
							"baseLength": 10,
							"interp": "pow5Out",
							"sizeInterp": "pow5In",
							"lifetime": 22,
							"colorFrom": "FFFFFF",
							"colorTo": "f68021A8",
							"cone": 20
						}
					]},

	"lifetime":15,
	"despawnEffect":"none",
	"hittable":false,
	"reflectable":false,
	"pierce":true,
	"pierceBuilding":true
},
"海棱晶":{
	"type":"BasicBulletType",
	"status":"棱晶减速",
	"statusDuration":30,
	"speed":10,
	"damage":29,
	"pierceArmor":true,
	"collidesAir": false//碰撞飞机
	"hitSize":9,
	"width":0.1,
	"height":0.1,
		"shootEffect": {
					"type": "MultiEffect",
					"effects": [
						{
							"type": "ParticleEffect",
							"particles": 10,
							"baseLength": 0,
							"length": 106,
							"lifetime": 46,
							"interp": "pow10Out",
							"sizeInterp":"pow5In",
							"sizeFrom": 6,
							"sizeTo": 0,
							"colorFrom": "94FFFFFF",
							"colorTo": "94FFFFFF",
							"cone": 10
						},
						{
							"type": "ParticleEffect",
							"particles": 10,
							"line": true,
							"strokeFrom": 1.9,
							"strokeTo": 0,
							"lenFrom": 24,
							"lenTo": 8,
							"length": 126,
							"baseLength": 0,
							"lifetime": 16,
							"colorFrom": "FFFFFF",
							"colorTo": "43BBCCFF",
							"cone": 10
						}
					]
				},
				"smokeEffect": {
					"type": "ParticleEffect",
					"particles": 9,
					"baseLength": 0,
					"length": 126,
					"startDelay": 10,
					"lifetime": 55,
					"layer": 99,
					"interp": "pow10Out",
					"sizeInterp": "pow5In",
					"sizeFrom": 8,
					"sizeTo": 0,
					"colorFrom": "94FFFFFF",
					"colorTo": "43BBCCFF",
					"cone": 13
				},
				"hitEffect":{
					"type": "MultiEffect",
					"effects": [
						{
							"type": "ParticleEffect",
							"particles": 3,
							"baseLength": 0,
							"length": 16,
							"lifetime": 20,
							"interp": "pow10Out",
							"sizeInterp": "pow5In",
							"sizeFrom": 6,
							"sizeTo": 0,
							"colorFrom": "94FFFFFF",
							"colorTo": "43BBCCFF"
						},
						{
							"type": "ParticleEffect",
							"particles": 6,
							"line": true,
							"strokeFrom": 3,
							"strokeTo": 0,
							"lenFrom": 8,
							"lenTo": 24,
							"length": 54,
							"baseLength": 10,
							"interp": "pow5Out",
							"sizeInterp": "pow5In",
							"lifetime": 22,
							"colorFrom": "FFFFFF",
							"colorTo": "43BBCCFF",
							"cone": 20
						}
					]},
	"rangeChange": -24,
	"lifetime":12.6,
	"despawnEffect":"none",
	"hittable":false,
	"reflectable":false,
	"pierce":true,
	"pierceBuilding":true
},

"surge-alloy":{
	"type":"BasicBulletType",
	"speed":10,
	"damage":38,
	"pierceArmor":true,
	"collidesAir": false//碰撞飞机
	"hitSize":9,
	"width":0.1,
	"height":0.1,
		"shootEffect": {
					"type": "MultiEffect",
					"effects": [
						{
							"type": "ParticleEffect",
							"particles": 10,
							"baseLength": 0,
							"length": 154,
							"lifetime": 46,
							"interp": "pow10Out",
							"sizeInterp":"pow5In",
							"sizeFrom": 6,
							"sizeTo": 0,
							"colorFrom": "FCF387FF",
							"colorTo": "FCF387FF",
							"cone": 10
						},
						{
							"type": "ParticleEffect",
							"particles": 10,
							"line": true,
							"strokeFrom": 1.9,
							"strokeTo": 0,
							"lenFrom": 24,
							"lenTo": 8,
							"length": 174,
							"baseLength": 0,
							"lifetime": 16,
							"colorFrom": "FFFFFF",
							"colorTo": "E8D174FF",
							"cone": 10
						}
					]
				},
				"smokeEffect": {
					"type": "ParticleEffect",
					"particles": 9,
					"baseLength": 0,
					"length": 174,
					"startDelay": 10,
					"lifetime": 55,
					"layer": 99,
					"interp": "pow10Out",
					"sizeInterp": "pow5In",
					"sizeFrom": 8,
					"sizeTo": 0,
					"colorFrom": "FCF387FF",
					"colorTo": "E8D174FF",
					"cone": 13
				},
				"hitEffect":{
					"type": "MultiEffect",
					"effects": [
						{
							"type": "ParticleEffect",
							"particles": 3,
							"baseLength": 0,
							"length": 16,
							"lifetime": 20,
							"interp": "pow10Out",
							"sizeInterp": "pow5In",
							"sizeFrom": 6,
							"sizeTo": 0,
							"colorFrom": "FCF387FF",
							"colorTo": "E8D174FF"
						},
						{
							"type": "ParticleEffect",
							"particles": 6,
							"line": true,
							"strokeFrom": 3,
							"strokeTo": 0,
							"lenFrom": 8,
							"lenTo": 24,
							"length": 54,
							"baseLength": 10,
							"interp": "pow5Out",
							"sizeInterp": "pow5In",
							"lifetime": 22,
							"colorFrom": "FFFFFF",
							"colorTo": "E8D174FF",
							"cone": 20
						}
					]},
	"rangeChange": 24,
	"lifetime":17.4,
	"despawnEffect":"none",
	"hittable":false,
	"reflectable":false,
	"pierce":true,
	"pierceBuilding":true
},

	},
}
