{
	"type":"PowerTurret",
	"category":"turret",
	"name":"虹猫",
	"description":"对敌人发射子弹，子弹消失后会分裂特殊子弹追踪敌人",

	"research":{
	"objectives": [
//		"",//研究xx
		{"type": "SectorComplete",//占领地图
		"preset": "异域峡谷"},
		]
	"parent":"0010日暮",
	"requirements":[
	"graphite/1600",
	"silicon/2000"
	"锡/2000"
	"钢/450",
	
	]	},

	"requirements":[
	"graphite/160",
	"silicon/200"
	"锡/200"
	"钢/45",

	],

	"consumes":{
	"power":10
	"coolant":{"amount":0.1,"optional":true}	},

	"shoot":{
	"firstShotDelay":20
	},

	"size":3,
	"health":2100,
	"rotateSpeed":3,
	"reload":90,
	"range":320,
	"shootSound":"miao",

	"shootType":{
		"type":"basicBulletType",
		"sprite":"missile-large",
		"damage":168,
		"height":16,
		"width":9,
		"shrinkX":0,
		"shrinkY":0,
		"speed":5,
		"splashDamage":168,
		"splashDamageRadius":40,
		"lifetime":64,
		"hitSound":"miao",

		"fragBullets":2,
			"fragRandomSpread":360,//随机分裂角度
			"fragSpread":0,//分裂角度
			"fragAngle":0,//分裂起始角度，
			"fragVelocityMin":1,//最小分裂弹速度
	    "fragVelocityMax":1,//最大分裂弹速
		"fragBullet":{
		"type":"BasicBulletType",	
		"sprite":"冥痕json-空白",
			"splashDamageRadius":0,		
			"splashDamage":0,//范围伤害
            "damage":0,
  "trailEffect":"none",
            "trailInterval" :8,//尾迹特效间隔
  "trailLength": 0,//尾迹长
            "trailWidth": 0,//尾迹宽
  "speed": 10,
  "lifetime":1
  "collidesAir": false//碰撞飞机
  "collidesGround": false//碰撞地面单位
  
  "fragBullets":3,
			"fragRandomSpread":0,//随机分裂角度
			"fragSpread":-45,//分裂角度
			"fragAngle":22.5,//分裂起始角度，
			"fragVelocityMin":1,//最小分裂弹速度
	    "fragVelocityMax":1,//最大分裂弹速
		"fragBullet":{
		"type":"BasicBulletType",	
		"sprite":"冥痕json-喵喵弹",
		"backColor":"B5FFECFF",
			//子弹边缘颜色
			"frontColor":"74E8E1FF",
			//子弹中心颜色
		"height":16,
		"width":16,
			"splashDamageRadius":8,		
			"splashDamage":44,//范围伤害
            "damage":118,
  "trailEffect":"missileTrail",
            "trailInterval" :8,//尾迹特效间隔
  "trailLength": 2,//尾迹长
            "trailWidth": 4,//尾迹宽
            "trailColor":"B5FFECFF",//尾迹颜色
  "speed": 6,
  "lifetime":15
  "homingRange": 60,
            "homingPower": 0.5,
  "collidesAir": true//碰撞飞机
  "collidesGround": true//碰撞地面单位
  }
  },

	

		"hitEffect":{
		"type":"multiEffect",
		"effects":[
		{"type":"ParticleEffect",
		"line":true,
		"particles":15,
		"lifetime":30,
		"interp":"circleOut",
		"offset":30,
		"length":50,
		"lightColor":"ff7048",
		"strokeFrom":4,
		"strokeTo":0,
		"lenFrom":10,
		"lenTo":10,
		"colorFrom":"B5FFECFF",
		"colorTo":"74E8E1FF"
		},
		{"type":"ParticleEffect",
		"particles":16,
		"length":55,
		"baseLength":10,
		"lifetime":100,
		"lightColor":"74E8E1FF",
		"interp":"circleOut",
		"cone":360,
		"colorFrom":"B5FFECFF",
		"colorTo":"74E8E1FF",
		"sizeFrom":6,
		"sizeTo":2
		},
		{"type":"WaveEffect",
		"lifetime":30,
		"sizeFrom":0,
		"sizeTo":40,
		"strokeFrom":3,
		"strokeTo":0,
		"colorFrom":"B5FFECFF",
		"colorTo":"74E8E1FF"
		}	]	},

		"despawnHit":true,
		"shootEffect":{
		"type":"multiEffect",
		"effects":[
		{"type":"ParticleEffect",
		"particles":15,
		"length":80,
		"lifetime":36,
		"lightColor":"ff7048",
		"cone":20,
		"colorFrom":"B5FFECFF",
		"colorTo":"74E8E1FF",
		"sizeFrom":3,
		"sizeTo":0
		},
		{"type":"ParticleEffect",
		"particles":1,
		"lifetime":10,
		"length":0,
		"region":"冥痕json-方",
		"sizeFrom":36,
		"sizeTo":0,
		"colorFrom":"B5FFECFF",
		"colorTo":"74E8E1FF"
		}	]	},

		"trailParam":5,
		"trailLength":19,
		"trailWidth":2.6,
		"trailColor":"B5FFECFF",
		"frontColor":"B5FFECFF",
		"backColor":"74E8E1FF",
		}
}