{
	"type": "ItemTurret",
	"name": "混沌",
	"description": "利用垂直导弹井发射数枚热导飞弹，它们将狞笑着追逐那落魄的敌人，为敌人奏响调亡的礼炮",
	"details":"传说天地之初，出现了一些神兽，出现了混沌，双眼不能目，双耳不能聪，仅能感受到事物，与天禄、辟邪和帝江一同生存，后遇到了饕餮、梼杌和穷奇，貔貅兄弟抓住了金十，是第十个太阳，其余九个太阳被后羿射下来，金十决定回到天空让世间恢复生灵，离开初，世界异常寒冷，帝江由于感受不到，便为同伴们挡住寒冷，混沌离开了同伴，向太阳追去…不知过了多久，混沌与饕餮，穷奇，梼杌回来后，帝江因为寒冷，离开了世界，变成了仅有的一点光，混沌不愿帝江离开，变成了大山，将最后一点光压在了山下……"
	"health": 3980,
	"size": 4,
	"reload":240,
	"range": 600,
    "maxAmmo":40,
	"recoil": 0,
    "shootY":0,
"shoot":{
	"shots":12,
	"shotDelay":4,
	"type":"ShootBarrel",	},
	"ammoUseEffect": "none",
	"canOverdrive": false,
	"consumes": {"power": 4.5},
	"shootSound":"missile",
	"targetGround":true,
	"targetAir":true,
    "hasLiquids": false,
    "inaccuracy": 180,
	"shootCone":360,
	"shake":1,
	"rotateSpeed":0,
    "ammoPerShot": 10,
	"ammoTypes": {
	"graphite":{
	"spin": 4,//子弹旋转速度
	"sprite":"冥痕json-star",//子弹贴图
	"shootEffect": {//攻击特效
	"type": "multiEffect",//多种特效
	"effects": [//特效
		{"type": "ParticleEffect",
		"region":"冥痕json-方",//区域贴图
		"particles": 2,//粒子数量
		"length": 40,//长度
		"lifetime": 48,//存在时间
		"interp": "circleOut",//中间部分
		"sizeInterp": "pow5Out",//大小部分
		"cone": 0,//角度
		"colorFrom": "FCF387FF",
		"colorTo": "ACACACFF",
		"sizeFrom": 5.5,
		"sizeTo": 0
	     }
	     {"type": "ParticleEffect",
		"region":"冥痕json-方",//区域贴图
		"particles": 2,//粒子数量
		"length": 40,//长度
		"lifetime": 48,//存在时间
		"interp": "circleOut",//中间部分
		"sizeInterp": "pow5Out",//大小部分
		"cone": 60,//角度
		"colorFrom": "FCF387FF",
		"colorTo": "ACACACFF",
		"sizeFrom": 5.5,
		"sizeTo": 0
	     }  
	     {"type": "ParticleEffect",
		"region":"冥痕json-方",//区域贴图
		"particles": 2,//粒子数量
		"length": 40,//长度
		"lifetime": 48,//存在时间
		"interp": "circleOut",//中间部分
		"sizeInterp": "pow5Out",//大小部分
		"cone": 120,//角度
		"colorFrom": "FCF387FF",
		"colorTo": "ACACACFF",
		"sizeFrom": 5.5,
		"sizeTo": 0
	     } 
	     {"type": "ParticleEffect",
		"region":"冥痕json-方",//区域贴图
		"particles": 2,//粒子数量
		"length": 40,//长度
		"lifetime": 48,//存在时间
		"interp": "circleOut",//中间部分
		"sizeInterp": "pow5Out",//大小部分
		"cone": 180,//角度
		"colorFrom": "FCF387FF",
		"colorTo": "ACACACFF",
		"sizeFrom": 5.5,
		"sizeTo": 0
	     } 
	     {"type": "ParticleEffect",
		"region":"冥痕json-方",//区域贴图
		"particles": 2,//粒子数量
		"length": 40,//长度
		"lifetime": 48,//存在时间
		"interp": "circleOut",//中间部分
		"sizeInterp": "pow5Out",//大小部分
		"cone": 240,//角度
		"colorFrom": "FCF387FF",
		"colorTo": "ACACACFF",
		"sizeFrom": 5.5,
		"sizeTo": 0
	     }
	     {"type": "ParticleEffect",
		"region":"冥痕json-方",//区域贴图
		"particles": 2,//粒子数量
		"length": 40,//长度
		"lifetime": 48,//存在时间
		"interp": "circleOut",//中间部分
		"sizeInterp": "pow5Out",//大小部分
		"cone": 300,//角度
		"colorFrom": "FCF387FF",
		"colorTo": "ACACACFF",
		"sizeFrom": 5.5,
		"sizeTo": 0
	     } ]	}
	                "buildingDamageMultiplier":0.05,//建筑杀伤倍率
	"type":"MissileBulletType",
    "splashDamageRadius":32,
	"splashDamage":60,
    "knockback":0.7,
    "speed":8,
    "damage":48,
    "lifetime":100,
    "homingPower":0.15,
    "backColor":"B0C4DE",
    "frontColor":"E3E3E3", 
    "trailLength":6,
	"trailWidth":2,
    "trailColor":"FFFFFF",
    "trailEffect":"none",
    "homingRange": 800,
	"width": 14,
	"height": 14,
    "hitShake": 1,
    "ammoMultiplier": 2,
    "smokeEffect":"none",
    "hitEffect":"flakExplosionBig"
	},
			"冰":{
	"spin": 4,//子弹旋转速度
	"sprite":"冥痕json-star",//子弹贴图
	"shootEffect": {//攻击特效
	"type": "multiEffect",//多种特效
	"effects": [//特效
		{"type": "ParticleEffect",
		"region":"冥痕json-方",//区域贴图
		"particles": 2,//粒子数量
		"length": 40,//长度
		"lifetime": 48,//存在时间
		"interp": "circleOut",//中间部分
		"sizeInterp": "pow5Out",//大小部分
		"cone": 0,//角度
		"colorFrom": "B8FFFEFF",
		"colorTo": "6FDEDCFF",
		"sizeFrom": 5.5,
		"sizeTo": 0
	     }
	     {"type": "ParticleEffect",
		"region":"冥痕json-方",//区域贴图
		"particles": 2,//粒子数量
		"length": 40,//长度
		"lifetime": 48,//存在时间
		"interp": "circleOut",//中间部分
		"sizeInterp": "pow5Out",//大小部分
		"cone": 60,//角度
	"colorFrom": "B8FFFEFF",
		"colorTo": "6FDEDCFF",
		"sizeFrom": 5.5,
		"sizeTo": 0
	     }  
	     {"type": "ParticleEffect",
		"region":"冥痕json-方",//区域贴图
		"particles": 2,//粒子数量
		"length": 40,//长度
		"lifetime": 48,//存在时间
		"interp": "circleOut",//中间部分
		"sizeInterp": "pow5Out",//大小部分
		"cone": 120,//角度
		"colorFrom": "B8FFFEFF",
		"colorTo": "6FDEDCFF",
		"sizeFrom": 5.5,
		"sizeTo": 0
	     } 
	     {"type": "ParticleEffect",
		"region":"冥痕json-方",//区域贴图
		"particles": 2,//粒子数量
		"length": 40,//长度
		"lifetime": 48,//存在时间
		"interp": "circleOut",//中间部分
		"sizeInterp": "pow5Out",//大小部分
		"cone": 180,//角度
		"colorFrom": "B8FFFEFF",
		"colorTo": "6FDEDCFF",
		"sizeFrom": 5.5,
		"sizeTo": 0
	     } 
	     {"type": "ParticleEffect",
		"region":"冥痕json-方",//区域贴图
		"particles": 2,//粒子数量
		"length": 40,//长度
		"lifetime": 48,//存在时间
		"interp": "circleOut",//中间部分
		"sizeInterp": "pow5Out",//大小部分
		"cone": 240,//角度
	"colorFrom": "B8FFFEFF",
		"colorTo": "6FDEDCFF",
		"sizeFrom": 5.5,
		"sizeTo": 0
	     }
	     {"type": "ParticleEffect",
		"region":"冥痕json-方",//区域贴图
		"particles": 2,//粒子数量
		"length": 40,//长度
		"lifetime": 48,//存在时间
		"interp": "circleOut",//中间部分
		"sizeInterp": "pow5Out",//大小部分
		"cone": 300,//角度
		"colorFrom": "B8FFFEFF",
		"colorTo": "6FDEDCFF",
		"sizeFrom": 5.5,
		"sizeTo": 0
	     } ]	}
	                "buildingDamageMultiplier":0.05,//建筑杀伤倍率
	"type":"MissileBulletType",
    "splashDamageRadius":32,
	"splashDamage":42,
    "knockback":0.7,
    "speed":8,
    "damage":42,
    "lifetime":100,
    "homingPower":0.15,
    "backColor":"B8FFFEFF",
    "frontColor":"6FDEDCFF", 
    "trailLength":6,
	"trailWidth":2,
    "trailColor":"FFFFFF",
    "trailEffect":"none",
    "homingRange": 800,
	"status":"freezing",
	"statusDuration":360,
	"width": 14,
	"height": 14,
    "hitShake": 1,
    "ammoMultiplier": 5,
    "smokeEffect":"none",
    "hitEffect":"flakExplosionBig"
	},
		"海棱晶":{
	"spin": 4,//子弹旋转速度
	"sprite":"冥痕json-star",//子弹贴图
	"shootEffect": {//攻击特效
	"type": "multiEffect",//多种特效
	"effects": [//特效
		{"type": "ParticleEffect",
		"region":"冥痕json-方",//区域贴图
		"particles": 2,//粒子数量
		"length": 40,//长度
		"lifetime": 48,//存在时间
		"interp": "circleOut",//中间部分
		"sizeInterp": "pow5Out",//大小部分
		"cone": 0,//角度
		"colorFrom": "8CFBF5FF",
		"colorTo": "6FDEDCFF",
		"sizeFrom": 5.5,
		"sizeTo": 0
	     }
	     {"type": "ParticleEffect",
		"region":"冥痕json-方",//区域贴图
		"particles": 2,//粒子数量
		"length": 40,//长度
		"lifetime": 48,//存在时间
		"interp": "circleOut",//中间部分
		"sizeInterp": "pow5Out",//大小部分
		"cone": 60,//角度
	"colorFrom": "8CFBF5FF",
		"colorTo": "6FDEDCFF",
		"sizeFrom": 5.5,
		"sizeTo": 0
	     }  
	     {"type": "ParticleEffect",
		"region":"冥痕json-方",//区域贴图
		"particles": 2,//粒子数量
		"length": 40,//长度
		"lifetime": 48,//存在时间
		"interp": "circleOut",//中间部分
		"sizeInterp": "pow5Out",//大小部分
		"cone": 120,//角度
		"colorFrom": "8CFBF5FF",
		"colorTo": "6FDEDCFF",
		"sizeFrom": 5.5,
		"sizeTo": 0
	     } 
	     {"type": "ParticleEffect",
		"region":"冥痕json-方",//区域贴图
		"particles": 2,//粒子数量
		"length": 40,//长度
		"lifetime": 48,//存在时间
		"interp": "circleOut",//中间部分
		"sizeInterp": "pow5Out",//大小部分
		"cone": 180,//角度
		"colorFrom": "8CFBF5FF",
		"colorTo": "6FDEDCFF",
		"sizeFrom": 5.5,
		"sizeTo": 0
	     } 
	     {"type": "ParticleEffect",
		"region":"冥痕json-方",//区域贴图
		"particles": 2,//粒子数量
		"length": 40,//长度
		"lifetime": 48,//存在时间
		"interp": "circleOut",//中间部分
		"sizeInterp": "pow5Out",//大小部分
		"cone": 240,//角度
	"colorFrom": "8CFBF5FF",
		"colorTo": "6FDEDCFF",
		"sizeFrom": 5.5,
		"sizeTo": 0
	     }
	     {"type": "ParticleEffect",
		"region":"冥痕json-方",//区域贴图
		"particles": 2,//粒子数量
		"length": 40,//长度
		"lifetime": 48,//存在时间
		"interp": "circleOut",//中间部分
		"sizeInterp": "pow5Out",//大小部分
		"cone": 300,//角度
		"colorFrom": "8CFBF5FF",
		"colorTo": "6FDEDCFF",
		"sizeFrom": 5.5,
		"sizeTo": 0
	     } ]	}
	                "buildingDamageMultiplier":0.05,//建筑杀伤倍率
	"type":"MissileBulletType",
    "splashDamageRadius":32,
	"splashDamage":54,
    "knockback":0.7,
    "speed":8,
    "damage":54,
    "lifetime":100,
    "homingPower":0.15,
    "backColor":"8CFBF5FF",
    "frontColor":"6FDEDCFF", 
    "trailLength":6,
	"trailWidth":2,
    "trailColor":"FFFFFF",
    "trailEffect":"none",
    "homingRange": 800,
	"status":"棱晶减速",
	"statusDuration":360,
	"width": 14,
	"height": 14,
    "hitShake": 1,
    "ammoMultiplier": 2,
    "smokeEffect":"none",
    "hitEffect":"flakExplosionBig"
	},
    "surge-alloy":{
    "spin": 4,//子弹旋转速度
    "sprite":"冥痕json-star",//子弹贴图
    "shootEffect": {//攻击特效
    "type": "multiEffect",//多种特效
    "effects": [//特效
		{"type": "ParticleEffect",
		"region":"冥痕json-方",//区域贴图
		"particles": 2,//粒子数量
		"length": 40,//长度
		"lifetime": 48,//存在时间
		"interp": "circleOut",//中间部分
		"sizeInterp": "pow5Out",//大小部分
		"cone": 0,//角度
		"colorFrom": "FCF387FF",
		"colorTo": "E8D174FF",
		"sizeFrom": 5.5,
		"sizeTo": 0
		} 
		 	{"type": "ParticleEffect",
		"region":"冥痕json-方",//区域贴图
		"particles": 2,//粒子数量
		"length": 40,//长度
		"lifetime": 48,//存在时间
		"interp": "circleOut",//中间部分
		"sizeInterp": "pow5Out",//大小部分
		"cone": 60,//角度
		"colorFrom": "FCF387FF",
		"colorTo": "E8D174FF",
		"sizeFrom": 5.5,
		"sizeTo": 0
		}  
		{"type": "ParticleEffect",
		"region":"冥痕json-方",//区域贴图
		"particles": 2,//粒子数量
		"length": 40,//长度
		"lifetime": 48,//存在时间
		"interp": "circleOut",//中间部分
		"sizeInterp": "pow5Out",//大小部分
		"cone": 120,//角度
		"colorFrom": "FCF387FF",
		"colorTo": "E8D174FF",
		"sizeFrom": 5.5,
		"sizeTo": 0
		}  
		{"type": "ParticleEffect",
		"region":"冥痕json-方",//区域贴图
		"particles": 2,//粒子数量
		"length": 40,//长度
		"lifetime": 48,//存在时间
		"interp": "circleOut",//中间部分
		"sizeInterp": "pow5Out",//大小部分
		"cone": 180,//角度
		"colorFrom": "FCF387FF",
		"colorTo": "E8D174FF",
		"sizeFrom": 5.5,
		"sizeTo": 0
		}
		{"type": "ParticleEffect",
		"region":"冥痕json-方",//区域贴图
		"particles": 2,//粒子数量
		"length": 40,//长度
		"lifetime": 48,//存在时间
		"interp": "circleOut",//中间部分
		"sizeInterp": "pow5Out",//大小部分
		"cone": 240,//角度
		"colorFrom": "FCF387FF",
		"colorTo": "E8D174FF",
		"sizeFrom": 5.5,
		"sizeTo": 0
		} 
		{"type": "ParticleEffect",
		"region":"冥痕json-方",//区域贴图
		"particles": 2,//粒子数量
		"length": 40,//长度
		"lifetime": 48,//存在时间
		"interp": "circleOut",//中间部分
		"sizeInterp": "pow5Out",//大小部分
		"cone": 300,//角度
		"colorFrom": "FCF387FF",
		"colorTo": "E8D174FF",
		"sizeFrom": 5.5,
		"sizeTo": 0
		} ]  }
    "buildingDamageMultiplier":0.05,//建筑杀伤倍率
    "type":"MissileBulletType",
    "lightningColor": "FCF387FF",//闪电颜色
    "lightningDamage":48,
    "lightning":3,
    "lightningLength":8,
    "speed": 8,
    "damage":72,
    "homingPower":0.15,
    "homingRange": 800,	
    "lifetime":125, 	
    "width": 14,
    "height": 14,	
    "backColor":"FCF387FF",
    "frontColor":"E8D174FF", 
    "trailLength":6,
	"trailWidth":2.5,
    "trailColor":"FCF387FF",
    "reloadMultiplier":1.1,
    "hitEffect":"flakExplosionBig",
    "splashDamageRadius":32,
    "splashDamage":96
        "ammoMultiplier": 1,
	},
    },
    	"drawer":{"type":"DrawMulti",
"drawers":[{"type":"DrawTurret",
"parts":[
	{
						"type": "HaloPart",
						"rotateSpeed": 0,//自转速度
						"haloRadius": 4,//围绕半径
						"haloRotation": 0,//环初始角度
						"haloRotateSpeed": 1,//公转速度
						"shapeRotation": 0,//图形初始角度
						"x": 0,
						"y": 0,
						"sides": 3,//边数
						"shapes": 4,//围绕个数
						"color": "ffffff",
						"colorTo": "FEB380FF",
						"tri": true,//是否三角形
						"hollow": false,//空心
						"radius": 3,//半径/粗细
						"radiusTo": -1,
						"triLength": 0,//初始长度
						"triLengthTo": 6,//最终长度
						"layer": 110
						"moveX":0,"moveY":0,
						"mirror": false,
						"shapeMoveRot": 0,//环状移动
					},
						{
						"type": "HaloPart",
						"rotateSpeed": 0,//自转速度
						"haloRadius": 4,//围绕半径
						"haloRotation": 0,//环初始角度
						"haloRotateSpeed": -1,//公转速度
						"shapeRotation": 0,//图形初始角度
						"x": 0,
						"y": 0,
						"sides": 3,//边数
						"shapes": 4,//围绕个数
						"color": "ffffff",
						"colorTo": "FEB380FF",
						"tri": true,//是否三角形
						"hollow": false,//空心
						"radius": 3,//半径/粗细
						"radiusTo": -1,
						"triLength": 0,//初始长度
						"triLengthTo": 4,//最终长度
						"layer": 110
						"moveX":0,"moveY":0,
						"mirror": false,
						"shapeMoveRot": 0,//环状移动
					},
					
{"type":"RegionPart",
"mirror":false,//是否镜像显示
"x":0,"y":0,//起始位置
"suffix":"-左下","layer":50,"moveX":-2,"moveY":-2,
"moveRot":0,//移动圈数
}
{"type":"RegionPart",
"mirror":false,//是否镜像显示
"x":0,"y":0,//起始位置
"suffix":"-左上","layer":50,"moveX":-2,"moveY":2,
"moveRot":0,//移动圈数
}
{"type":"RegionPart",
"mirror":false,//是否镜像显示
"x":0,"y":0,//起始位置
"suffix":"-右上","layer":50,"moveX":2,"moveY":2,
"moveRot":0,//移动圈数
}
{"type":"RegionPart",
"mirror":false,//是否镜像显示
"x":0,"y":0,//起始位置
"suffix":"-右下","layer":50,"moveX":2,"moveY":-2,
"moveRot":0,//移动圈数
}
]}]}
	"requirements": [
		{ "item": "铁", "amount": 140  },	
		{ "item": "silicon", "amount": 120  },
		{ "item": "graphite","amount":80},
			{ "item": "碳锡","amount":80},

	],
	"category": "turret",
	"research":{
	"parent":"0010日暮",
		"objectives":[
	{
	"type": "SectorComplete",//占领地图
	"preset":"陨星平原"//地图名
	},
	]
},
	}