{
	"type": "ItemTurret",//类型
	"category": "turret",//菜单栏
	"name": "破晓",//名字
	"description": "向导电介质灌注巨量电能，催生雷霆光球以噬敌；光球间将自行缔结能量链路，交织成毁伤力惊人的电网。",//介绍
	"research": {
	"parent": "0015千束"//科技树前置
		"requirements": [
	{ "item":"silicon","amount":1125},
	{"item":"镍","amount":650}
	{"item":"钢","amount":825}
	{"item":"相织能","amount":360}	],
	"objectives":[
	{
	"type": "SectorComplete",//占领地图
	"preset":"迷宫回廊"//地图名
	},
	]
		},
	"alwaysUnlocked":false,//科技树默认解锁
	"requirements": [
	{ "item":"silicon","amount":325},
	{"item":"镍","amount":220}
	{"item":"钢","amount":365}
	{"item":"相织能","amount":120}	],
	"size": 4,//大小
	"health": 2160,//血量
	"rotateSpeed": 3,//转头速度
	"maxAmmo":30,//弹药容量
	"reload": 240,//装填速度
	"ammoPerShot":6,//单发消耗
	"ammoUseEffect": "lightningShoot",//子弹发射特效
	"targetAir":true,
	//是否攻击空军
	"targetGround":true,
	//是否攻击地面目标
	"range": 360,//范围
	"inaccuracy":22,//不准确度
	"consumes": {
		"power": 18
	},
	"shoot": {
    "type": "shootBarrel",
    "shots": 9,//每轮发射数量
    "shotDelay":0.1
    "barrels": [0,0,-6,0,0,0,0,0,6],//炮口位置（左右，前后，倾斜）
}
	"consumes": {//消耗
	"coolant":{"amount":0.1,"optional":true}	}//加速液体
	"ammoTypes": {
		"graphite": {
		"type":"EmpBulletType",
		"spawnUnit": "闪电球"
	"collidesAir":false
	"collidesGround":false,
		"pierce": true,
		"pierceBuilding": true,
	"keepVelocity": false,

		"timeIncrease": 0,
		"powerDamageScl":1,
		"powerSclDecrease":1,
		"unitDamageScl": 1,

	"chargeEffect":{//碰撞特效
		"type":"multiEffect",//多种特效
		"effects":[//特效
		"lancerLaserCharge",
		"lancerLaserChargeBegin",
		]	}

	"hitEffect": {
	"type": "multiEffect",
	"effects": [
	{"type": "WaveEffect",
	"lifetime": 15,
	"sizeFrom": 0,
	"sizeTo": 30,
	"strokeFrom": 7.5,
	"strokeTo": 0,
	"colorFrom":"36B1DDFF",
	"colorTo":"BAFFF9FF",
	},
	{"type": "ParticleEffect",
	"offset": 30,
	"particles": 10,
	"lifetime": 20,
	"length": 50,
	"interp": "circleOut",
	"sizeInterp": "pow5In",
	"cone": -360,
	"line": true,
	"strokeFrom": 1.5,
	"strokeTo": 1.5,
	"lenFrom": 5,
	"lenTo": 5,
	"lightColor": "BAFFF9FF",
	"colorFrom":"36B1DDFF",
	"colorTo":"BAFFF9FF",
	},
	{"type": "ParticleEffect",
	"offset": 30,
	"particles": 10,
	"lifetime": 25,
	"length": 30,
	"interp": "circleOut",
	"sizeInterp": "pow5In",
	"cone": -360,
	"line": true,
	"strokeFrom": 1.5,
	"strokeTo": 1.5,
	"lenFrom": 7,
	"lenTo": 7,
	"lightColor": "BAFFF9FF",
	"colorFrom":"36B1DDFF",
	"colorTo":"BAFFF9FF",
	}	]	}
	}
			"镍": {
		"type":"EmpBulletType",
		"spawnUnit": "闪电球2"
	"collidesAir":false
	"collidesGround":false,
		"pierce": true,
		"pierceBuilding": true,
	"keepVelocity": false,

		"timeIncrease": 0,
		"powerDamageScl":1,
		"powerSclDecrease":1,
		"unitDamageScl": 1,

	"chargeEffect":{//碰撞特效
		"type":"multiEffect",//多种特效
		"effects":[//特效
		"lancerLaserCharge",
		"lancerLaserChargeBegin",
		]	}

	"hitEffect": {
	"type": "multiEffect",
	"effects": [
	{"type": "WaveEffect",
	"lifetime": 15,
	"sizeFrom": 0,
	"sizeTo": 30,
	"strokeFrom": 7.5,
	"strokeTo": 0,
	"colorFrom":"E8D174FF",
	"colorTo":"FCF387FF",
	},
	{"type": "ParticleEffect",
	"offset": 30,
	"particles": 10,
	"lifetime": 20,
	"length": 50,
	"interp": "circleOut",
	"sizeInterp": "pow5In",
	"cone": -360,
	"line": true,
	"strokeFrom": 1.5,
	"strokeTo": 1.5,
	"lenFrom": 5,
	"lenTo": 5,
	"lightColor": "FCF387FF",
	"colorFrom":"E8D174FF",
	"colorTo":"FCF387FF",
	},
	{"type": "ParticleEffect",
	"offset": 30,
	"particles": 10,
	"lifetime": 25,
	"length": 30,
	"interp": "circleOut",
	"sizeInterp": "pow5In",
	"cone": -360,
	"line": true,
	"strokeFrom": 1.5,
	"strokeTo": 1.5,
	"lenFrom": 7,
	"lenTo": 7,
	"lightColor": "FCF387FF",
	"colorFrom":"E8D174FF",
	"colorTo":"FCF387FF",
	}	]	}
	}
	}
	}