{
	"type":"PowerTurret",
	"category":"turret",
	"name":"棱镜",
	"description":"向前方扇形面积敌人发射穿透性激光，攻击需要蓄力，只能攻击地面敌人",

	"research":{
	"parent":"0055维纳斯",
	"requirements":[
	"镍/3600",
	"海棱晶/4000"
	"铝/2000",
	"silicon/2000"
	]	},

	"requirements":[
"镍/320",
	"海棱晶/200"
	"铝/220",
	"silicon/200"
	],

	"reload":360,
	"consumes":{"power":12
	},
"moveWhileCharging": false,
	"shoot":{
	"type":"shootBarrel",
	"firstShotDelay":80
	"shots": 80,
		"shotDelay": 1
		"type": "ShootBarrel",
        "barrels": [
        0,3,-30,
        0,3,30,
        0,3,-29,
        0,3,29,
        0,3,-28,
        0,3,28,
        0,3,-27,
        0,3,27,
        0,3,-26,
        0,3,26,
        0,3,-25,
        0,3,25,
        0,3,-24,       
        0,3,24,
        0,3,-23,       
        0,3,23,
        0,3,-22,       
        0,3,22,
        0,3,-21,       
        0,3,21,
        0,3,-20,
        0,3,20,
        0,3,-19,
        0,3,19,
        0,3,-18,
        0,3,18,
        0,3,-17,
        0,3,17,
        0,3,-16,
        0,3,16,
        0,3,-15,
        0,3,15,
        0,3,-14,       
        0,3,14,
        0,3,-13,       
        0,3,13,
        0,3,-12,       
        0,3,12,
        0,3,-11,       
        0,3,11,
        0,3,-10,
        0,3,10,
        0,3,-9,
        0,3,9,
        0,3,-8,
        0,3,8,
        0,3,-7,
        0,3,7,
        0,3,-6,
        0,3,6,
        0,3,-5,
        0,3,5,
        0,3,-4,       
        0,3,4,
        0,3,-3,       
        0,3,3,
        0,3,-2,       
        0,3,2,
        0,3,-1,       
        0,3,1,
        0,3,0,
        0,3,0,
        0,3,0,       
        0,3,0,
        0,3,0,       
        0,3,0,
        0,3,0,       
        0,3,0,
        0,3,0,       
        0,3,0,
        0,3,0,
        0,3,0,
        0,3,0,       
        0,3,0,
        0,3,0,       
        0,3,0,
        0,3,0,       
        0,3,0,
        0,3,0,       
        0,3,0,

        ]
	},

	"size":4,
	"health":3895,
	"rotateSpeed":0.8,
	"range":420,
	"inaccuracy":0.5,
	"squareSprite":false,
	"targetAir":false,
	"targetGround":true,
	"moveWhileCharging":false,
	"accurateDelay":false,
	"shootSound":"laser",
	"chargeSound": "lasercharge",
	"shake":1,
	"shootEffect": {
			"type": "ParticleEffect",
			"line": true,
			"particles": 12,
			"lifetime": 20,
			"length": 45,
			"cone": 30,
			"lenFrom": 6,
			"lenTo": 6,
			"strokeFrom": 3,
			"interp": "fastSlow",
			"colorFrom": "9CB664FF",
			"colorTo": "EDF3A9FF"
		},
	"shootType":{
		"collidesAir":false,
		"type":"LaserBulletType",
		"length":420,
		"width":14,
		"lifetime": 20,
		"damage":100,
		"hitSize":10,
		"hitEffect":"hitLancer",
		"shootEffect":"lancerLaserShoot",
		"smokeEffect":"none",
		"colors":["9CB664FF","C9D485FF","EDF3A9FF"],
		"pierceCap":12,
		"sideAngle":30,
		"sideLength":0.1,
		"sideWidth":0.1,
	"chargeEffect": {
			"type": "MultiEffect",
			"lifetime": 80,
			"effects": [
				{
					"type": "ParticleEffect",
					"particles": 1,
					"sizeFrom": 2,
					"sizeTo": 38,
					"length": 0,
					"spin": 11,
					"lifetime": 80,
					"layer": 109,
					"region": "冥痕json-star",
					"colorFrom": "EDF3A9FF",
					"colorTo": "EDF3A9FF",
					"cone": 360
				},
				{
					"type": "WaveEffect",
					"lifetime": 70,
					"sizeFrom": 60,
					"sizeTo": 0,
					"interp": "pow5In",
					"strokeFrom": 0,
					"strokeTo": 8,
					"lightColor": "EDF3A9FF",
					"colorFrom": "EDF3A9FF",
					"colorTo": "C9D485FF"
				},
				{
					"type": "WaveEffect",
					"lifetime": 70,
					"sizeFrom": 40,
					"sizeTo": 0,
					"interp": "pow5In",
					"strokeFrom": 0,
					"strokeTo": 8,
					"lightColor": "EDF3A9FF",
					"colorFrom": "EDF3A9FF",
					"colorTo": "C9D485FF"
				}
			]
		},
			}
	
}