{
	"type": "ItemTurret",
	"name": "镭陨",
	"description":"当高能激光凝聚成陨星坠落之势，那道撕裂长空的炽烈轨迹从不偏差。它携着恒星坍缩般的灼热动能，击穿装甲如熔冰，触碰到的一切都将在激光中化为焦土，仿佛每一次发射都是一颗微型太阳的精准陨落，留下的唯有被灼穿的废墟与无法磨灭的毁灭印记",
	"health": 4000,
	"armor": 6,
	"size": 5,
	"shootY": 12,
	"shootSound": "release",
	"reload": 240,
	"canOverdrive": false,
	"fogRadiusMultiplier": 0.25,
	"range": 720,
	"recoilTime": 60,
	"recoil": 5,
	"maxAmmo": 30,
	"cooldownTime": 100,
	"targetGround": true,
	"targetAir": true,
	"inaccuracy": 0,
	"ammoPerShot": 8,
	"shake": 6,
	"liquidCapacity": 400,
	"rotateSpeed": 1.6,
	"minWarmup": 0.8,
	"shootWarmupSpeed": 0.1,
	"unitSort": "strongest",
	"drawer": {
		"type": "DrawTurret",
		"parts": [
			{
				"type": "RegionPart",
				"suffix": "-missile",
				"progress": "reload",
				"outline": false,
				"under": true,
				"moveY": -4,
				"color": "FFFFFF",
				"colorTo": "FFFFFF00",
				"mixColor": "FFFFFF00",
				"mixColorTo": "FFFFFF"
			},
			{
				"type": "RegionPart",
				"suffix": "-side1",
				"heatProgress": "warmup",
				"under": true,
				"mirror": true,
				"moveX": 2,
				"moveY": -4,
				"moveRot": -8,
				"children": [
					{
						"type": "RegionPart",
						"suffix": "-side2",
						"mirror": true,
						"moveY": -2,
						"moveRot": -8,
						"moves": [
							{
								"progress": "reload",
								"y": -4,
								"rotation": -8
							}
						]
					}
				],
				},
				{
				"type": "RegionPart",
				"suffix": "-mid",
				"heatProgress": "warmup",
				"moveY": -0.25,
			},
			{
				"type": "HoverPart",
				"color": "EDF3A9FF",
				"phase": 120,
				"circles": 3,
				"stroke": 1,
				"y": -2,
				"layer": 110
			},
			{
				"type": "HaloPart",
				"progress": "smoothReload",
				"mirror": true,
				"tri": true,
				"x": 2,
				"y": -4,
				"shapeRotation": -135,
				"shapes": 1,
				"radius": 3,
				"triLength": 0,
				"triLengthTo": 16,
				"haloRadius": 0,
				"color": "EDF3A9FF",
				"colorTo": "EDF3A9FF",
				"layer": 110
			}
		]
	},
	"consumes": {
		"power": 60,
		"coolant": {
			"amount": 1,
			"optional": true
		}
	},
	"coolantMultiplier": 0.8,
	"ammoTypes": {
		"镍": {
			"type": "RailBulletType",
			"hitSound": "explosionbig",
			"hitSoundVolume": 3,
			"buildingDamageMultiplier": 0.1,
			"ammoMultiplier": 8,
			"pierce": true,
			"pierceBuilding": true,
			"pierceCap": 8,
			"damage": 1440,
			"pierceDamageFactor": 0.075,
			"length": 720,
			"shootEffect": "instShoot",
			"pointEffectSpace": 45,
			"pointEffect": {
				"type": "MultiEffect",
				"effects": [
					{
						"type": "ParticleEffect",
						"particles": 1,
						"region": "冥痕json-arrows",
						"sizeInterp": "pow5In",
						"sizeFrom": 20,
						"sizeTo": 0,
						"length": 30,
						"randLength": false,
						"baseLength": 0,
						"lifetime": 30,
						"colorFrom": "F2E879FF",
						"colorTo": "F2E879FF",
						"cone": 0
					}
				]
			},
			"smokeEffect": {
				"type": "ParticleEffect",
				"particles": 8,
				"interp": "circleOut",
				"sizeInterp": "circleOut",
				"sizeFrom": 12,
				"sizeTo": 0,
				"length": 70,
				"baseLength": 0,
				"lifetime": 80,
				"colorFrom": "F2E879FF",
				"colorTo": "F2E879FF",
				"cone": 60
			},
			"pierceEffect": {
				"type": "MultiEffect",
				"effects": [
					{
						"type": "ParticleEffect",
						"particles": 7,
						"line": true,
						"strokeFrom": 2.8,
						"strokeTo": 0,
						"lenFrom": 42,
						"lenTo": 0,
						"length": 45,
						"lifetime": 38,
						"interp": "pow10Out",
						"sizeInterp": "pow5Out",
						"colorFrom": "F2E879FF",
						"colorTo": "F2E879FF",
						"cone": 10
					},
					{
						"type": "WaveEffect",
						"lifetime": 15,
						"sizeFrom": 1,
						"sizeTo": 45,
						"strokeFrom": 6,
						"strokeTo": 0,
						"colorFrom": "F2E879FF",
						"colorTo": "FFFFFF"
					}
				]
			},
			"spawnBullets": [
				{
					"type": "BasicBulletType",
					"lifetime": 20,
					"speed": 36,
					"damage": 960,
					"hitShake": 5,
					"lightning": 2,
					"lightningLength": 12,
					"lightningDamage": 48,
					"trailInterval": 0.5,
					"pierce": true,
					"pierceCap": 6,
					"trailEffect": {
						"type": "ParticleEffect",
						"sizeFrom": 8,
						"sizeTo": 0,
						"baseLength": 8,
						"length": 10,
						"sizeInterp": "circleOut",
						"interp": "circleOut",
						"colorFrom": "F2E879FF",
						"colorTo": "6FDEDCA0"
					},
					"width": 25,
					"height": 75,
					"backColor": "F2E879FF",
					"trailLength": 13,
					"trailWidth": 7,
					"trailColor": "F2E879FF",
					"hitSound": "plasmaboom",
					"despawnEffect": "instBomb",
					"hitEffect": "instHit"
				}
			]
		},
		"血钢": {
			"ammoMultiplier":4,
			"type": "PointBulletType",
			"damage": 2400,
			"hitSound": "explosionbig",
			"speed": 20,
			"lifetime": 36,
			"hitShake": 8,
			"buildingDamageMultiplier": 0.1,
			"status": "血腥之瞳",
			"statusDuration": 360,
			"trailSpacing": 9,
			"trailEffect": {
				"type": "ParticleEffect",
				"particles": 1,
				"length": 1,
				"baseLength": 0,
				"lifetime": 50,
				"line": true,
				"randLength": false,
				"lenFrom": 10,
				"lenTo": 11,
				"strokeFrom": 20,
				"strokeTo": 0,
				"colorFrom": "E78F92FF",
				"colorTo": "D75B6EFF",
				"cone": 0
			},
			"despawnEffect": "none",
			"shootEffect": {
				"type": "MultiEffect",
				"effects": [
					{
						"type": "WaveEffect",
						"lifetime": 10,
						"sizeFrom": 5,
						"sizeTo": 80,
						"strokeFrom": 6,
						"strokeTo": 0,
						"colorFrom": "E78F92FF",
						"colorTo": "D75B6EFF"
					},
					{
						"type": "ParticleEffect",
						"particles": 1,
						"sizeFrom": 20,
						"sizeTo": 0,
						"length": 0,
						"baseLength": 0,
						"lifetime": 55,
						"colorFrom": "E78F92FF",
						"colorTo": "D75B6EFF",
						"cone": 0
					}
				]
			},
			"smokeEffect": "smokeCloud",
			"hitEffect": {
				"type": "MultiEffect",
				"effects": [
					{
						"type": "WaveEffect",
						"lifetime": 15,
						"sizeFrom": 0,
						"sizeTo": 80,
						"strokeFrom": 3,
						"strokeTo": 0,
						"colorFrom": "E78F92FF",
						"colorTo": "D75B6EFF"
					},
					{
						"type": "ParticleEffect",
						"particles": 1,
						"sizeFrom": 24,
						"sizeTo": 0,
						"length": 0,
						"baseLength": 0,
						"lifetime": 55,
						"colorFrom": "E78F92FF",
						"colorTo": "D75B6EFF",
						"cone": 0
					}
				]
			},
			"fragRandomSpread": 45,
			"fragBullets": 4,
			"fragBullet": {
				"type": "PointBulletType",
				"trailSpacing": 8,
				"status": "血腥之瞳",
				"statusDuration": 300,
				"trailEffect": {
					"type": "ParticleEffect",
					"particles": 1,
					"baseLength": 0.1,
					"length": 0.1,
					"lifetime": 22,
					"line": true,
					"randLength": false,
					"lenFrom": 9,
					"lenTo": 9,
					"strokeFrom": 8,
					"strokeTo": 0,
					"colorFrom": "E78F92FF",
					"colorTo": "D75B6EFF",
					"cone": 0
				},
				"hitEffect": {
					"type": "ParticleEffect",
					"particles": 1,
					"sizeFrom": 9,
					"sizeTo": 0,
					"length": 0,
					"baseLength": 0,
					"lifetime": 50,
					"colorFrom": "E78F92FF",
					"colorTo": "D75B6EFF",
					"cone": 60
				},
				"despawnEffect": {
					"type": "WaveEffect",
					"lifetime": 10,
					"sizeFrom": 0,
					"sizeTo": 40,
					"strokeFrom": 2,
					"strokeTo": 0,
					"colorFrom": "E78F92FF",
					"colorTo": "D75B6EFF"
				},
				"hitShake": 3,
				"hitSound": "plasmaboom",
				"speed": 10,
				"lifetime": 8,
				"lightningDamage": 240,
				"lightning": 2,
				"lightningLength": 9,
				"lightningColor": "E78F92FF",
				"splashDamageRadius": 35,
				"splashDamage": 320,
				"fragRandomSpread": 45,
				"fragBullets": 1,
				"fragBullet": {
					"type": "PointBulletType",
					"trailSpacing": 8,
					"status": "血腥之瞳",
					"statusDuration": 120,
					"trailEffect": {
						"type": "ParticleEffect",
						"particles": 1,
						"baseLength": 0.1,
						"length": 0.1,
						"lifetime": 22,
						"line": true,
						"randLength": false,
						"lenFrom": 9,
						"lenTo": 9,
						"strokeFrom": 8,
						"strokeTo": 0,
						"colorFrom": "E78F92FF",
						"colorTo": "D75B6EFF",
						"cone": 0
					},
					"hitEffect": {
						"type": "ParticleEffect",
						"particles": 1,
						"sizeFrom": 9,
						"sizeTo": 0,
						"length": 0,
						"baseLength": 0,
						"lifetime": 50,
						"colorFrom": "E78F92FF",
						"colorTo": "D75B6EFF",
						"cone": 60
					},
					"despawnEffect": {
						"type": "WaveEffect",
						"lifetime": 10,
						"sizeFrom": 0,
						"sizeTo": 40,
						"strokeFrom": 2,
						"strokeTo": 0,
						"colorFrom": "E78F92FF",
						"colorTo": "D75B6EFF"
					},
					"hitShake": 3,
					"hitSound": "plasmaboom",
					"speed": 10,
					"lifetime": 8,
					"lightningDamage": 84,
					"lightning": 2,
					"lightningLength": 9,
					"lightningColor": "E78F92FF",
					"splashDamageRadius": 35,
					"splashDamage": 460,
					"fragRandomSpread": 45,
					"fragBullets": 1,
					"fragBullet": {
						"type": "PointBulletType",
						"trailSpacing": 8,
						"status": "血腥之瞳",
						"statusDuration": 60,
						"trailEffect": {
							"type": "ParticleEffect",
							"particles": 1,
							"baseLength": 0.1,
							"length": 0.1,
							"lifetime": 22,
							"line": true,
							"randLength": false,
							"lenFrom": 9,
							"lenTo": 9,
							"strokeFrom": 8,
							"strokeTo": 0,
							"colorFrom": "E78F92FF",
							"colorTo": "D75B6EFF",
							"cone": 0
						},
						"hitEffect": {
							"type": "ParticleEffect",
							"particles": 1,
							"sizeFrom": 9,
							"sizeTo": 0,
							"length": 0,
							"baseLength": 0,
							"lifetime": 50,
							"colorFrom": "E78F92FF",
							"colorTo": "D75B6EFF",
							"cone": 60
						},
						"despawnEffect": {
							"type": "WaveEffect",
							"lifetime": 10,
							"sizeFrom": 0,
							"sizeTo": 40,
							"strokeFrom": 2,
							"strokeTo": 0,
							"colorFrom": "E78F92FF",
							"colorTo": "D75B6EFF"
						},
						"hitShake": 3,
						"hitSound": "plasmaboom",
						"speed": 10,
						"lifetime": 8,
						"lightningDamage": 64,
						"lightning": 2,
						"lightningLength": 9,
						"lightningColor": "E78F92FF",
						"splashDamageRadius": 35,
						"splashDamage": 110
					}
				}
			}
		}
			"surge-alloy": {
				"ammoMultiplier":2,
			"type": "PointBulletType",
			"rangeChange": 60,
			"damage": 2680,
			"hitSound": "explosionbig",
			"speed": 20,
			"lifetime": 39,
			"hitShake": 8,
			"buildingDamageMultiplier": 0.1,
			"trailSpacing": 9,
			"trailEffect": {
				"type": "ParticleEffect",
				"particles": 1,
				"length": 1,
				"baseLength": 0,
				"lifetime": 50,
				"line": true,
				"randLength": false,
				"lenFrom": 10,
				"lenTo": 11,
				"strokeFrom": 20,
				"strokeTo": 0,
				"colorFrom": "FCF387FF",
				"colorTo": "E8D174FF",
				"cone": 0
			},
			"despawnEffect": "none",
			"shootEffect": {
				"type": "MultiEffect",
				"effects": [
					{
						"type": "WaveEffect",
						"lifetime": 10,
						"sizeFrom": 5,
						"sizeTo": 80,
						"strokeFrom": 6,
						"strokeTo": 0,
						"colorFrom": "FCF387FF",
						"colorTo": "E8D174FF"
					},
					{
						"type": "ParticleEffect",
						"particles": 1,
						"sizeFrom": 20,
						"sizeTo": 0,
						"length": 0,
						"baseLength": 0,
						"lifetime": 55,
						"colorFrom": "FCF387FF",
						"colorTo": "E8D174FF",
						"cone": 0
					}
				]
			},
			"smokeEffect": "smokeCloud",
			"hitEffect": {
				"type": "MultiEffect",
				"effects": [
					{
						"type": "WaveEffect",
						"lifetime": 15,
						"sizeFrom": 0,
						"sizeTo": 80,
						"strokeFrom": 3,
						"strokeTo": 0,
						"colorFrom": "FCF387FF",
						"colorTo": "E8D174FF"
					},
					{
						"type": "ParticleEffect",
						"particles": 1,
						"sizeFrom": 24,
						"sizeTo": 0,
						"length": 0,
						"baseLength": 0,
						"lifetime": 55,
						"colorFrom": "FCF387FF",
						"colorTo": "E8D174FF",
						"cone": 0
					}
				]
			},
			"fragRandomSpread": 22.5,
			"fragBullets": 8,
			"fragBullet": {
				"type": "PointBulletType",
				"trailSpacing": 8,
				"trailEffect": {
					"type": "ParticleEffect",
					"particles": 1,
					"baseLength": 0.1,
					"length": 0.1,
					"lifetime": 22,
					"line": true,
					"randLength": false,
					"lenFrom": 9,
					"lenTo": 9,
					"strokeFrom": 8,
					"strokeTo": 0,
					"colorFrom": "FCF387FF",
					"colorTo": "E8D174FF",
					"cone": 0
				},
				"hitEffect": {
					"type": "ParticleEffect",
					"particles": 1,
					"sizeFrom": 9,
					"sizeTo": 0,
					"length": 0,
					"baseLength": 0,
					"lifetime": 50,
					"colorFrom": "FCF387FF",
					"colorTo": "E8D174FF",
					"cone": 60
				},
				"despawnEffect": {
					"type": "WaveEffect",
					"lifetime": 10,
					"sizeFrom": 0,
					"sizeTo": 40,
					"strokeFrom": 2,
					"strokeTo": 0,
					"colorFrom": "FCF387FF",
					"colorTo": "E8D174FF"
				},
				"hitShake": 3,
				"hitSound": "plasmaboom",
				"speed": 10,
				"lifetime": 8,
				"lightningDamage": 248,
				"lightning": 2,
				"lightningLength": 9,
				"lightningColor": "FCF387FF",
				"splashDamageRadius": 35,
				"splashDamage": 360,
				"fragRandomSpread": 45,
				"fragBullets": 1,
				"fragBullet": {
					"type": "PointBulletType",
					"trailSpacing": 8,
					"trailEffect": {
						"type": "ParticleEffect",
						"particles": 1,
						"baseLength": 0.1,
						"length": 0.1,
						"lifetime": 22,
						"line": true,
						"randLength": false,
						"lenFrom": 9,
						"lenTo": 9,
						"strokeFrom": 8,
						"strokeTo": 0,
						"colorFrom": "FCF387FF",
						"colorTo": "E8D174FF",
						"cone": 0
					},
					"hitEffect": {
						"type": "ParticleEffect",
						"particles": 1,
						"sizeFrom": 9,
						"sizeTo": 0,
						"length": 0,
						"baseLength": 0,
						"lifetime": 50,
						"colorFrom": "FCF387FF",
						"colorTo": "E8D174FF",
						"cone": 60
					},
					"despawnEffect": {
						"type": "WaveEffect",
						"lifetime": 10,
						"sizeFrom": 0,
						"sizeTo": 40,
						"strokeFrom": 2,
						"strokeTo": 0,
						"colorFrom": "FCF387FF",
						"colorTo": "E8D174FF"
					},
					"hitShake": 3,
					"hitSound": "plasmaboom",
					"speed": 10,
					"lifetime": 8,
					"lightningDamage": 100,
					"lightning": 2,
					"lightningLength": 9,
					"lightningColor": "FCF387FF",
					"splashDamageRadius": 35,
					"splashDamage": 520,
					"fragRandomSpread": 45,
					"fragBullets": 1,
					"fragBullet": {
						"type": "PointBulletType",
						"trailSpacing": 8,
						"trailEffect": {
							"type": "ParticleEffect",
							"particles": 1,
							"baseLength": 0.1,
							"length": 0.1,
							"lifetime": 22,
							"line": true,
							"randLength": false,
							"lenFrom": 9,
							"lenTo": 9,
							"strokeFrom": 8,
							"strokeTo": 0,
							"colorFrom": "FCF387FF",
							"colorTo": "E8D174FF",
							"cone": 0
						},
						"hitEffect": {
							"type": "ParticleEffect",
							"particles": 1,
							"sizeFrom": 9,
							"sizeTo": 0,
							"length": 0,
							"baseLength": 0,
							"lifetime": 50,
							"colorFrom": "FCF387FF",
							"colorTo": "E8D174FF",
							"cone": 60
						},
						"despawnEffect": {
							"type": "WaveEffect",
							"lifetime": 10,
							"sizeFrom": 0,
							"sizeTo": 40,
							"strokeFrom": 2,
							"strokeTo": 0,
							"colorFrom": "FCF387FF",
							"colorTo": "E8D174FF"
						},
						"hitShake": 3,
						"hitSound": "plasmaboom",
						"speed": 10,
						"lifetime": 8,
						"lightningDamage": 64,
						"lightning": 2,
						"lightningLength": 9,
						"lightningColor": "FCF387FF",
						"splashDamageRadius": 35,
						"splashDamage": 120
					}
				}
			}
		}
	},
	"requirements": [
		"graphite/1200",
		"silicon/1080",
		"铁/1800",
		"镍/1680",
		"铝/1400"
		"钢/700",
		"海棱晶/1300",
		"相织能/1000"
	],
	"category": "turret",
		"research": {
			"requirements": [
		"graphite/6000",
		"silicon/5400",
		"铁/9000",
		"镍/8400",
		"铝/7000"
		"钢/3500",
		"海棱晶/6500",
		"相织能/5000"
	],
	"parent": "0050破晓"//科技树前置
	"objectives":[
	{
	"type": "SectorComplete",//占领地图
	"preset":"世纪山脉"//地图名
	},
	]
	}
		}