{
"name":"相位雷达"
"description":"定期向范围内的所有敌人施加不同效果，伤害较低，需要一定的冷冻液供给",//介绍
"details":"",//剧情
	"type": "ItemTurret",
	"health": 6300,
	"armor": 8,
	"size": 5,
	"range": 800,
	"reload": 120,
	"shake": 0,
	"recoil": 0,
	"shootY": 0,
	"rotateSpeed": 0,
	"shootCone": 360,
	"canOverdrive": false,
	"playerControllable": false,
	"consumes": {
		"power": 45,
		"liquid": "cryofluid/1.5"
	},
	"ammoUseEffect": {
		"type": "WaveEffect",
		"lifetime": 60,
		"sizeFrom": 0,
		"sizeTo": 800,
		"strokeFrom": 5,
		"strokeTo": 0,
		"colorFrom": "FFFFFF",
		"colorTo": "FFFFFF"
	},
	"itemCapacity": 1,
	"liquidCapacity": 90,
	"shootSound": "none",
	"ambientSound": "electricHum",
	"ambientSoundVolume": 0.1,
	"ammoTypes": {
	"铝":{
		"type": "BulletType",
		"damage": 0,
		"lifetime": 1,
		"speed": 0,
		"collides": false,
		"hittable": false,
		"absorbable": false,
		"reflectable": false,
		"pierceArmor": true,
		"ammoMultiplier": 1,
		"splashDamage": 0,
		"splashDamageRadius": 800,
		"scaledSplashDamage": true,
		"splashDamagePierce": true,
		"status": "EMP",
		"statusDuration": 10,
		"shootEffect": "none",
		"smokeEffect": "none",
		"hitEffect": "none",
		"despawnEffect": "none"
	},
	"海棱晶":{
		"type": "BulletType",
		"damage": 0,
		"lifetime": 1,
		"speed": 0,
		"collides": false,
		"hittable": false,
		"absorbable": false,
		"reflectable": false,
		"pierceArmor": true,
		"ammoMultiplier": 1,
		"splashDamage": 30,
		"splashDamageRadius": 800,
		"scaledSplashDamage": true,
		"splashDamagePierce": true,
		"status": "棱晶减速",
		"statusDuration": 120,
		"shootEffect": "none",
		"smokeEffect": "none",
		"hitEffect": "none",
		"despawnEffect": "none"
	},
		"surge-alloy":{
		"type": "BulletType",
		"damage": 0,
		"lifetime": 1,
		"speed": 0,
		"collides": false,
		"hittable": false,
		"absorbable": false,
		"reflectable": false,
		"pierceArmor": true,
		"ammoMultiplier": 1,
		"splashDamage": 120,
		"splashDamageRadius": 800,
		"scaledSplashDamage": true,
		"splashDamagePierce": true,
		"shootEffect": "none",
		"smokeEffect": "none",
		"hitEffect": "none",
		"despawnEffect": "none"
	},
	}
	"requirements": [
		"graphite/1000",
		"silicon/800",
		"铁/1600",
		"锡/1080",
		"钢/500",
		"相织能/360",
	],
	"drawer": {
		"type": "DrawMulti",
		"drawers": [
			"DrawTurret",
			{
				"type": "DrawPlasma",
				"plasma1": "B5FFECFF",
				"plasma2": "74E8E1FF"
			},
			{
				"type": "DrawRegion",
				"suffix": "-t"
			},
			{
				"type": "DrawGlowRegion",
				"alpha": 1,
				"layer": 51,
				"glowScale": 9.42,
				"glowIntensity": 1,
				"color": "B5FFECFF"
			}
		]
	},
	"category": "turret",
	"research": {
		"parent": "0045棱镜",
			"requirements": [
		"graphite/6000",
		"silicon/4000",
		"铁/8000",
		"锡/5400",
		"钢/3000",
		"相织能/1800",
	],
		"objectives": [
			{
				"type": "OnSector",
				"preset": "蜿蜒地带"
			}
		]
	}
}