{
	"type": "PowerTurret",
	"name": "毁灭者",
	"unitSort": "strongest",
	"health": 3600,
	"armor": 24,
	"size": 4,
	"reload": 90,
	"range": 480,
	"recoilTime": 180,
	"recoil": 4,
	"shootSound": "missileLaunch",
	"shootWarmupSpeed": 0.08,
	"warmupMaintainTime": 600,
	"minWarmup": 0.9,
	"shootY": 0,
		"consumes": {
		"power": 32,
		"liquid": "cryofluid/0.5"
	},
		"shoot": {
		"type": "ShootBarrel",
		"shots": 2,
			"barrels": [
			5.25, 13.75, 0,
			-5.25, 13.75, 0
		]
		"shotDelay": 8
	},
	"inaccuracy": 0,
	"rotateSpeed": 1.5,
	"shootCone": 30,
		"shootType": {
			"type": "PointBulletType",
			"shootEffect": {
				"type": "MultiEffect",
				"effects": [
					{
						"type": "ParticleEffect",
						"particles": 12,
						"line": true,
						"sizeInterp": "pow3In",
						"interp": "pow10Out",
						"lenFrom": 23,
						"lenTo": 0,
						"strokeFrom": 3,
						"strokeTo": 0,
						"length": 85,
						"baseLength": 0,
						"lifetime": 35,
						"colorFrom": "EEC591",
						"colorTo": "EEC591",
						"cone": 70
					},
					{
						"type": "ParticleEffect",
						"particles": 1,
						"sizeFrom": 9,
						"sizeTo": 0,
						"length": 0,
						"baseLength": 0,
						"lifetime": 50,
						"colorFrom": "EEC591",
						"colorTo": "EEC591F"
					},
					{
						"type": "WaveEffect",
						"lifetime": 9,
						"sizeFrom": 1,
						"sizeTo": 90,
						"strokeFrom": 6,
						"strokeTo": 0,
						"colorFrom": "FFFFFF",
						"colorTo": "FFFFFF"
					}
				]
			},
			"despawnEffect": {
				"type": "ParticleEffect",
				"particles": 1,
				"sizeFrom": 30,
				"sizeTo": 0,
				"length": 0,
				"baseLength": 0,
				"lifetime": 180,
				"sizeInterp": "pow5In",
				"colorFrom": "EEC591",
				"colorTo": "EEC591F"
			},
			"hitEffect": {
				"type": "MultiEffect",
				"effects": [
					{
						"type": "ParticleEffect",
						"particles": 10,
						"sizeFrom": 12,
						"sizeTo": 0,
						"length": 68,
						"baseLength": 0,
						"lifetime": 65,
						"interp": "pow10Out",
						"sizeInterp": "pow5In",
						"colorFrom": "EEC591",
						"colorTo": "EEC591"
					},
					{
						"type": "ParticleEffect",
						"particles": 22,
						"line": true,
						"strokeFrom": 2,
						"strokeTo": 0,
						"lenFrom": 33,
						"lenTo": 0,
						"length": 63,
						"baseLength": 0,
						"lifetime": 45,
						"sizeInterp": "pow5In",
						"colorFrom": "EEC591",
						"colorTo": "EEC591"
					},
					{
						"type": "WaveEffect",
						"lifetime": 60,
						"sizeFrom": 0,
						"sizeTo": 78,
						"strokeFrom": 8,
						"strokeTo": 0,
						"interp": "circleOut",
						"colorFrom": "EEC591",
						"colorTo": "EEC591"
					}
				]
			},
			"hitSound": "plasmaboom",
			"trailEffect": {
				"type": "ParticleEffect",
				"particles": 1,
				"lifetime": 35,
				"line": true,
				"randLength": false,
				"length": 0,
				"baseLength": 1,
				"lenFrom": 11,
				"lenTo": 11,
				"strokeFrom": 10,
				"strokeTo": 0,
				"colorFrom": "EEC591",
				"colorTo": "EEC591",
				"cone": 0
			},
			"trailSpacing": 10,
			"speed": 6,
			"lifetime": 80,
			"buildingDamageMultiplier": 0.1,
			"lightningDamage": 120,
			"lightning": 5,
			"lightningLength": 18,
			"lightningLengthRand": 9,
			"lightningColor": "EEC591",
			"pierceArmor": true,
			"ammoMultiplier": 1,
			"damage": 320
		}
"requirements": ["铁/1600","镍/1200","铝/1800","碳锡/700","钢/900","相织能/500"],
	"category": "turret"
		"research": {
		"requirements": ["铁/8000","镍/6000","铝/9000","碳锡/3500","钢/4500","相织能/2500"],
	"parent": "0130空军毁灭者"//科技树前置
	},
}