{
	"type": "PowerTurret",
	"name": "船只毁灭者",
		"description":"建议放置在液体上的炮台，能够有效的对海军进行打击，但会被曲折的陆地阻挡",
	"unitSort": "strongest",
	"health": 2400,
	"armor": 12,
	"size": 4,
	"reload": 120,
	"range": 520,
	"fogRadiusMultiplier": 0.24,
	"recoilTime": 50,
	"recoil": 2.25,
	"shootSound": "mineDeploy",
	"placeableLiquid": true,//可放置液体上
	"underBullets": true,
	"hasShadow": false,
	"warmupMaintainTime": 360,
	"minWarmup": 0.98,
	"shootY": 0,
		"drawer": {
		"type": "DrawTurret",
		"parts": [
			{
				"type": "RegionPart",
				"mirror": false,
				"under": false,
				"x": 0,
				"y": 0,
					"layer": 50,
				"suffix": "-管",
				"moveX": 0,
				"moveY": 2.75,
				"moveRot": 0
			},
		]
	},
	"shoot": {
		"type": "ShootBarrel",
		"barrels": [
			5.25,27,0,
			-5.25,27,0
		]
	},
	"smokeEffect": {
		"type": "ParticleEffect",
		"particles": 9,
		"interp": "pow10Out",
		"sizeInterp": "pow5In",
		"sizeFrom": 5,
		"sizeTo": 0,
		"length": 40,
		"baseLength": 0,
		"lifetime": 65,
		"colorFrom": "73737390",
		"colorTo": "FFFFFF90",
		"cone": 23
	},
	"targetGround": true,
	"targetAir": false,
	"canOverdrive": false,
	"requiresWater": false,
	"inaccuracy": 0,
	"rotateSpeed": 2.5,
	"shootType": {
		"type": "BasicBulletType",
		"reflectable": false,//可反射
		"damage": 240,
		"splashDamageRadius": 90,
		"splashDamage": 1080,
		"makeFire": true,
		"status": "blasted",
		"homingDelay": 15,
		"homingRange": 320,
		"homingPower": 0.042,
		"pierceArmor": true,
		"hittable": false,
		"absorbable": false,
		"collidesAir": false,
		"collideFloor": true,
		"ammoMultiplier": 1,
		"layer": 49,
		"shootEffect": "none",
		"smokeEffect": "none",
		"hitEffect": {
			"type": "MultiEffect",
			"effects": [
				{
					"type": "ParticleEffect",
					"particles": 18,
					"interp": "pow10Out",
					"sizeInterp": "pow10In",
					"sizeFrom": 11,
					"sizeTo": 0,
					"length": 95,
					"baseLength": 3,
					"lifetime": 125,
					"colorFrom": "737373FF",
					"colorTo": "737373FF"
				},
				{
					"type": "ParticleEffect",
					"particles": 18,
					"interp": "pow10Out",
					"sizeInterp": "pow10In",
					"sizeFrom": 8,
					"sizeTo": 0,
					"length": 95,
					"baseLength": 3,
					"lifetime": 105,
					"colorFrom": "FFFFFFA8",
					"colorTo": "737373FF"
				},
				{
					"type": "ParticleEffect",
					"particles": 22,
					"interp": "pow10Out",
					"sizeInterp": "pow5In",
					"sizeFrom": 9,
					"sizeTo": 0,
					"length": 89,
					"baseLength": 0,
					"lifetime": 60,
					"colorFrom": "596ab8",
					"colorTo": "596ab890"
				},
				{
					"type": "ParticleEffect",
					"particles": 40,
					"line": true,
					"strokeFrom": 2.5,
					"strokeTo": 2,
					"lenFrom": 44,
					"lenTo": 0,
					"length": 123,
					"baseLength": 13,
					"lifetime": 15,
					"colorFrom": "FFFFFF",
					"colorTo": "6F80E8FF"
				},
				{
					"type": "WaveEffect",
					"lifetime": 22,
					"sizeFrom": 1,
					"sizeTo": 93,
					"strokeFrom": 9,
					"strokeTo": 0,
					"colorFrom": "6F80E8FF",
					"colorTo": "FFFFFF"
				},
				{
					"type": "WaveEffect",
					"lifetime": 22,
					"sizeFrom": 1,
					"sizeTo": 72,
					"strokeFrom": 7,
					"strokeTo": 0,
					"colorFrom": "6F80E8FF",
					"colorTo": "FFFFFF"
				}
			]
		},
		"despawnEffect": "none",
		"hitShake": 12,
		"hitSound": "explosionbig",
		"hitSoundVolume": 5,
		"sprite": "冥痕json-导弹1",
		"trailLength": 10,
		"trailWidth": 2.6,
		"trailColor": "596ab890",
		"backColor": "596ab890",
		"frontColor": "596ab890",
		"trailChance": 0,
		"trailInterval": 3,
		"trailEffect": {
			"type": "MultiEffect",
			"effects": [
				{
					"type": "ParticleEffect",
					"particles": 5,
					"sizeFrom": 6,
					"sizeTo": 0,
					"lifetime": 95,
					"interp": "pow10Out",
					"sizeInterp": "pow5In",
					"baseLength": 0,
					"cone": 20,
					"length": -75,
					"colorFrom": "596ab8A8",
					"colorTo": "596ab8A8",
					"layer": 49.9
				},
				{
					"type": "WaveEffect",
					"lifetime": 42,
					"startDelay": 2,
					"sizeFrom": 1,
					"sizeTo": 53,
					"strokeFrom": 3,
					"strokeTo": 0,
					"layer": 49.9,
					"colorFrom": "596ab8",
					"colorTo": "596ab8A8"
				},
				{
					"type": "ParticleEffect",
					"particles": 4,
					"region": "冥痕json-方",
					"sizeFrom": 6,
					"sizeTo": 2,
					"lifetime": 95,
					"interp": "pow10Out",
					"baseLength": 0,
					"cone": 20,
					"length": -75,
					"colorFrom": "FFFFFF30",
					"colorTo": "FFFFFF00",
					"layer": 100
				}
			]
		},
		"trailRotation": true,
		"drag": -0.012,
		"shrinkY": 0,
		"width": 20,
		"height": 45,
		"speed": 3.1,
		"lifetime": 90
	},
	"rebuildable":false,
	"requirements": ["铁/900","镍/600","铝/900","钢/450","phase-fabric/450"],
	"category": "turret"
		"research": {
	"parent": "acaa前哨核心"//科技树前置
		"requirements": ["铁/4500","镍/3000","铝/4500","钢/2250","phase-fabric/2250"],
	"objectives": [
//		"",//研究xx
		{"type": "OnSector",//进入地图
		"preset": "沧澜海峡"},
		]
	},
}