{
	"type": "ItemTurret",
	"name": "潮涌",
	"description": "召唤浮游炮攻击敌人",
	"health": 1860,
	"armor": 6,
	"size": 3,
	"reload": 116,
	"range": 300,
	"maxAmmo": 60,
	"recoilTime": 40,
	"recoil": 3, 
	"shootY": 7,
	"shoot": {
		"type": "ShootSpread",
		"shots": 5,
		"spread": 0.77
	},
	"drawer": {
		"type": "DrawTurret",
		"parts": [
			{
				"type": "RegionPart",
				"mirror": false,
				"progress": "reload",
				"suffix": "-中",
				"layer": 50,
				"moveX": 0,
				"moveY": -1
			}
		]
	},
	"consumes": {
		"coolant": {
			"amount": 0.2,
			"optional": true
		}
	},
	"shootSound": "shotgun",
	"ammoUseEffect": "casing2Double",
	"ammoPerShot": 6,
	"shootEffect": {
		"type": "ParticleEffect",
		"particles": 1,
		"sizeFrom": 9,
		"sizeTo": 0,
		"line": true,
		"length": 55,
		"baseLength": 0,
		"lifetime": 15,
		"colorFrom": "D1EFFFFF",
		"colorTo": "D1EFFF40",
		"cone": 60
	},
	"targetGround": true,
	"targetAir": true,
	"inaccuracy": 25,
	"shake": 3,
	"shootCone": 35,
	"rotateSpeed": 14,
	"velocityRnd": 0.3,
	"ammoTypes": {
		"silicon": {
		"spawnUnit": "浮游炮",
			"type": "BasicBulletType",
			"speed": 16,
			"damage": 100,
			"knockback": 0.6, 
			"lifetime": 45,
			"width": 5,
			"height": 12,
			"ammoMultiplier": 2,
			"buildingDamageMultiplier": 0.1,
			"hitEffect": "none",
			"despawnEffect": "none",
			"shootEffect": "none",
			"smokeEffect": "none"
		},
	},
	"requirements": [
	"铁/260",
	"铝/100",
	"钢/120",
	"海棱晶/60",
	],
	"category": "turret",
	"research": "ahad千束"
}