{
	"type":"ItemTurret",
	"category":"turret",
	"name":"碎星",
	"description":"向前方扇形区域发射多颗子弹，能够重击敌人",

	"drawer":{
	"type":"drawTurret",
	"parts":[
		{"type":"RegionPart",
		"suffix":"-side",
		"moveY":-2,
		"moveRot":-20,
		"cooldownTime":200,
		"mirror":true,
		"progress":"recoil"
		}	]	}

	"research":{
	"parent":"ahaa裂影",
	"requirements":[
	"graphite/200",
	"silicon/200"
	"镍/60",

	]	},

	"requirements":[
	"graphite/80",
	"silicon/60"
	"镍/40",

	],
	"consumes":{
	"coolant":{"amount":0.1,"optional":true}	}

		"shoot":{"type":"shootSpread",
		"shots":12,
		"spread":3
		},

	"size":3,
	"health":1820,
	"rotateSpeed":3.5,
	"reload":55,
	"ammoPerShot":8,
	"maxAmmo":40,
	"liquidCapacity":20,
	"range":120,
	"inaccuracy":9,
	"shootSound":"laser",
	"shootCone":20,
	"squareSprite":false,

	"ammoTypes":{
		"sand":{
		"shrinkY": 0,"shrinkX": 0,//子弹变形程度
		"damage": 15,
		"speed": 12,
		"knockback":0.6,//击退
		"reloadMultiplier":1.5,
		"lifetime":8,
			"rangeChange": -24,
		"width":18,	"height":13,//宽长度
		"frontColor": "D3AE8DFF",
		"backColor": "F7CBA4FF"
//尾迹
		"trailColor": "F7CBA4FF",
		"lightColor": "D3AE8DFF",
		"trailParam": 5,//尾迹参数
		"trailWidth": 5,"trailLength": 2,//尾迹宽长度
		"trailEffect": "none",//尾迹特效
//特效
	"shootEffect": {//攻击特效
		"type": "multiEffect",//多种特效
		"effects": [//特效
		{"type": "WaveEffect",
		"region": "冥痕json-方",//区域贴图
		"lifetime": 25,//存在时间
		"sizeFrom": 0,
		"sizeTo": 20,
		"strokeFrom": 3.5,
		"strokeTo": 0,
		"colorFrom": "D3AE8DFF",
		"colorTo": "F7CBA4FF"},
		{
		"type": "ParticleEffect",
		"region": "冥痕json-方",//区域贴图
		"particles": 1,//粒子数量
		"length": 40,//长度
		"lifetime": 50,//存在时间
		"interp": "circleOut",//中间部分
		"sizeInterp": "pow5Out",//大小部分
		"cone": 360,//角度
		"colorFrom": "D3AE8DFF",
		"colorTo": "F7CBA4FF",
		"sizeFrom": 5.5,
		"sizeTo": 0
		}	]	}
	"hitEffect": {//碰撞特效
		"type": "multiEffect",//多种特效
		"effects": [//特效
		{"type": "WaveEffect",
		"region": "冥痕json-方",//区域贴图
		"lifetime": 25,//存在时间
		"sizeFrom": 0,
		"sizeTo": 20,
		"strokeFrom": 3.5,
		"strokeTo": 0,
		"colorFrom": "D3AE8DFF",
		"colorTo": "F7CBA4FF"},
		{
		"type": "ParticleEffect",
		"region": "冥痕json-方",//区域贴图
		"particles": 2,//粒子数量
		"length": 40,//长度
		"lifetime": 24,//存在时间
		"interp": "circleOut",//中间部分
		"sizeInterp": "pow5Out",//大小部分
		"cone": 360,//角度
		"colorFrom": "D3AE8DFF",
		"colorTo": "F7CBA4FF",
		"sizeFrom": 4.5,
		"sizeTo": 0
		}	]	}
		} 
	"graphite":{
		"shrinkY":0,"shrinkX":0,
		"damage":52,
		"speed":15,
		"knockback":3,
		"reloadMultiplier":1.2,
		"lifetime":8,
		"width":20,	"height":15,
		"frontColor":"767A84FF",
		"backColor":"8E9097FF"
		"buildingDamageMultiplier":0.2,

		"trailColor":"8E9097FF",
		"trailParam":5,
		"trailWidth":5,"trailLength":2,
		"trailEffect":"none",

	"shootEffect":{
		"type":"ParticleEffect",
		"region":"冥痕json-方",
		"particles":1,
		"length":40,
		"lifetime":50,
		"interp":"circleOut",
		"sizeInterp":"pow5Out",
		"cone":90,
		"colorFrom":"767A84FF",
		"colorTo":"8E9097FF",
		"sizeFrom":5.5,
		"sizeTo":0
		}
	"hitEffect":{
		"type":"ParticleEffect",
		"region":"冥痕json-方",
		"particles":2,
		"length":40,
		"lifetime":24,
		"interp":"circleOut",
		"sizeInterp":"pow5Out",
		"cone":360,
		"colorFrom":"FFFFFFFF",
		"colorTo":"FFFFFFFF",
		"sizeFrom":4.5,
		"sizeTo":0
		}	},

	"silicon":{
		"shrinkY":0,"shrinkX":0,
		"damage":40,
		"speed":15,
		"knockback":4,
		"lifetime":11,
		"width":20,	"height":15,
		"frontColor":"767A84FF",
		"backColor":"8E9097FF"
		"buildingDamageMultiplier":0.2,
"homingRange": 48,
            "homingPower": 0.08,

		"trailColor":"8E9097FF",
		"trailParam":5,
		"trailWidth":5,"trailLength":2,
		"trailEffect":"none",

	"shootEffect":{
		"type":"ParticleEffect",
		"region":"冥痕json-方",
		"particles":1,
		"length":40,
		"lifetime":50,
		"interp":"circleOut",
		"sizeInterp":"pow5Out",
		"cone":90,
		"colorFrom":"767A84FF",
		"colorTo":"8E9097FF",
		"sizeFrom":5.5,
		"sizeTo":0
		}
	"hitEffect":{
		"type":"ParticleEffect",
		"region":"冥痕json-方",
		"particles":2,
		"length":40,
		"lifetime":24,
		"interp":"circleOut",
		"sizeInterp":"pow5Out",
		"cone":360,
		"colorFrom":"FFFFFFFF",
		"colorTo":"FFFFFFFF",
		"sizeFrom":4.5,
		"sizeTo":0
		}	}
		"血钢":{
		"shrinkY":0,"shrinkX":0,
		"damage":106,
		"speed":16,
		"knockback":3,
		"reloadMultiplier":1.5,
		"lifetime":9,
		"width":20,	"height":15,
		"frontColor":"D75B6EFF",
		"backColor":"E78F92FF"
		"buildingDamageMultiplier":0.2,
"rangeChange": 24,
		"trailColor":"8E9097FF",
		"trailParam":5,
		"trailWidth":5,"trailLength":2,
		"trailEffect":"none",

	"shootEffect":{
		"type":"ParticleEffect",
		"region":"冥痕json-方",
		"particles":1,
		"length":40,
		"lifetime":50,
		"interp":"circleOut",
		"sizeInterp":"pow5Out",
		"cone":90,
		"colorFrom":"D75B6EFF",
		"colorTo":"E78F92FF",
		"sizeFrom":5.5,
		"sizeTo":0
		}
	"hitEffect":{
		"type":"ParticleEffect",
		"region":"冥痕json-方",
		"particles":2,
		"length":40,
		"lifetime":24,
		"interp":"circleOut",
		"sizeInterp":"pow5Out",
		"cone":360,
		"colorFrom":"FFFFFFFF",
		"colorTo":"FFFFFFFF",
		"sizeFrom":4.5,
		"sizeTo":0
		}	},
	},
}