{
	"type":"PowerTurret",
	"category":"turret",
	"name":"日暮",
	"description":"发射能量子弹攻击敌人，命中敌人会给予敌人减速效果",

	"drawer":{
	"type":"drawTurret",
}

	"research":{
	"parent":"ahab碎星",
	"requirements":[
	"graphite/1000",
	"silicon/800"
	"锡/400",

	]	},

	"requirements":[
	"镍/160",
	"silicon/180"
	"锡/100",

	],
	"consumes":{
	"power":5,
	"coolant":{"amount":0.2,"optional":true}	}

		"shoot":{"type":"shootSpread",
		"shots":2,
		"spread":3
		},

	"size":3,
	"health":2120,
	"rotateSpeed":3.5,
	"reload":90,
	"ammoPerShot":8,
	"maxAmmo":40,
	"liquidCapacity":20,
	"range":300,
	"inaccuracy":2,
	"shootSound":"laser",
	"shootCone":20,
	"squareSprite":false,

	"shootType": {
	"buildingDamageMultiplier":0.2,
		"type": "BasicBulletType",
		"damage": 112,
		"status": "shocked",
		"shrinkX":0,"shrinkY":6,
		"statusDuration": 30,
		"lifetime": 30,
		"speed": 10,
		"width": 18,
		"height": 24,
		"hitSize": 30,
		"frontColor": "FFFFFF",
		"backColor": "8da1e3",
		"trailLength": 8,
		"trailWidth": 3.6,
		"trailColor": "8da1e3",
		"ammoMultiplier": 1,
		"hitSound": "lasercharge2",
		"hitEffect": {
			"type": "MultiEffect",
			"effects": [
				{
					"type": "ParticleEffect",
					"particles": 7,
					"sizeFrom": 0,
					"sizeTo": 2,
					"length": -66,
					"baseLength": 66,
					"lifetime": 15,
					"colorFrom": "EDF3A9FF",
					"colorTo": "8da1e3"
				},
				{
					"type": "ParticleEffect",
					"particles": 1,
					"sizeFrom": 0,
					"sizeTo": 9,
					"length": 0,
					"baseLength": 0,
					"lifetime": 15,
					"colorFrom": "EDF3A9FF",
					"colorTo": "8da1e3"
				},
				{
					"type": "WaveEffect",
					"interp":"circleIn",
					"lifetime": 10,
					"sizeFrom": 70,
					"sizeTo": 8,
					"strokeFrom": 2,
					"strokeTo": 3,
					"colorFrom": "8da1e3",
					"colorTo": "8da1e3"
				}
			]
		},
		"despawnEffect": "none",
		"smokeEffect": "smokeCloud",
		"trailChance": 1,
		"trailInterval": 25,
		"trailEffect": {
			"type": "ParticleEffect",
			"particles": 2,
			"length": 10,
			"baseLength": 16,
			"lifetime": 20,
			"sizeFrom": 4,
			"sizeTo": 0,
			"colorFrom": "8da1e350",
			"colorTo": "8da1e3"
		},
		"fragLifeMin": 1,
		"fragBullets": 1,
		"fragBullet": {
			"sprite":"circle-bullet",
			"height": 2,
			"width": 2,
			"frontColor": "FFFFFF",
			"backColor": "8da1e3",
			"shrinkX": 1.2,
			"shrinkY": 1.2,
			"lifetime": 15,
			"speed": 0,
			"collides": false,
			"hittable": false,
			"absorbable": false,
			"status": "slow",
			"statusDuration": 60,
			"scaledSplashDamage": true,
			"splashDamageRadius": 66,
			"splashDamage": 48,
			"hitShake": 5,
			"hitSound": "plasmaboom",
			"hitEffect": {
				"type": "MultiEffect",
				"effects": [
					{
						"type": "ParticleEffect",
						"particles": 4,
						"sizeFrom": 15,
						"sizeTo": 0,
						"length": 20,
						"baseLength": 48,
						"lifetime": 25,
						"colorFrom": "EDF3A9FF",
						"colorTo": "8da1e3"
					},
					{
						"type": "ParticleEffect",
						"particles": 22,
						"line": true,
						"strokeFrom": 3,
						"strokeTo": 0,
						"lenFrom": 20,
						"lenTo": 0,
						"length": 63,
						"baseLength": 0,
						"lifetime": 20,
						"colorFrom": "8da1e3",
						"colorTo": "8da1e3"
					},
					{
						"type": "WaveEffect",
						"interp":"circleOut",
						"lifetime": 30,
						"sizeFrom": 0,
						"sizeTo": 66,
						"strokeFrom": 6,
						"strokeTo": 0,
						"colorFrom": "8da1e3",
						"colorTo": "8da1e3"
					}
				]
			},
			"despawnEffect": "none"
		}
	},
}