{
"name": "棱锥",
"description":"快速发射带电子弹攻击敌人，需要消耗臭氧",
	"type": "PowerTurret",
	"size": 4,
	"shoot":{
	"type":"ShootAlternate",
	"barrels":2,
	"spread":8,
	"shots":4,
	"shotDelay":3
	},
	"health": 2980,
	"reload": 40,
	"range": 384,
  "recoilAmount": 0,
	"targetAir" : true, 
	"targetGround" : true,
	"shootCone" : 25,
	"restitution" : 0.04, 
	"rotateSpeed": 2.5,
	"shootSound" : "宿主",
	"liquidCapacity": 40,
"consumes": {
		"power": 8,
		"liquid": "ozone/0.2"
	},
    "hasPower" : true,
	"shootType":{
		"type":"basicBulletType",
		"sprite":"missile-large",
		"damage":120,
		"height":16,
		"width":9,
		"shrinkX":0,
		"shrinkY":0,
		"speed":12,
		"splashDamage":40,
		"splashDamageRadius":40,
		"lifetime":32,
		"hitSound":"explosion",

		"lightning":5,
		"lightningDamage":20,
		"lightningLength":4,
		"lightningAngle":180,
		"lightningLengthRand":5,

		"intervalRandomSpread":0,
		"intervalBullets":1,
		"bulletInterval":1,
		"intervalAngle":180,
		"intervalSpread":0,
		"fragVelocityMin":8,
		"fragVelocityMax":8,
		"despawnEffect":"none",
		"intervalBullet":{
		"damage":16,
		"type":"LightningBulletType",
		"lightningLength":3,
		"lightningLengthRand":4,
		"lightningColor":"B1C0D9FF",
		"lightColor":"FFFFFFFF",
		"status":"shocked",
		"statusDuration":30,
		"collidesAir":false,
		"hittable":false,
		"ammoMultiplier":1,
		"lifetime":5,
		"hitEffect":"hitLancer",
		"hitEffect":"none"
		},

		"hitEffect":{
		"type":"multiEffect",
		"effects":[
		{"type":"ParticleEffect",
		"line":true,
		"particles":15,
		"lifetime":30,
		"interp":"circleOut",
		"offset":30,
		"length":50,
		"lightColor":"B1C0D948",
		"strokeFrom":4,
		"strokeTo":0,
		"lenFrom":10,
		"lenTo":10,
		"colorFrom":"B1C0D9FF",
		"colorTo":"FFFFFFFF"
		},
		{"type":"ParticleEffect",
		"particles":16,
		"length":55,
		"baseLength":10,
		"lifetime":100,
		"lightColor":"FFFFFFFF",
		"interp":"circleOut",
		"cone":360,
		"colorFrom":"B1C0D9FF",
		"colorTo":"FFFFFFFF",
		"sizeFrom":6,
		"sizeTo":2
		},
		{"type":"WaveEffect",
		"lifetime":30,
		"sizeFrom":0,
		"sizeTo":40,
		"strokeFrom":3,
		"strokeTo":0,
		"colorFrom":"B1C0D9FF",
		"colorTo":"FFFFFFFF"
		}	]	},

		"despawnHit":true,
		"shootEffect":{
		"type":"multiEffect",
		"effects":[
		{"type":"ParticleEffect",
		"particles":15,
		"length":80,
		"lifetime":36,
		"lightColor":"B1C0D948",
		"cone":20,
		"colorFrom":"B1C0D9FF",
		"colorTo":"FFFFFFFF",
		"sizeFrom":3,
		"sizeTo":0
		},
		{"type":"ParticleEffect",
		"particles":1,
		"lifetime":10,
		"length":0,
		"region":"冥痕json-方",
		"sizeFrom":36,
		"sizeTo":0,
		"colorFrom":"B1C0D9FF",
		"colorTo":"FFFFFFFF"
		}	]	},

		"trailParam":5,
		"trailLength":19,
		"trailWidth":2.6,
		"trailColor":"B1C0D9FF",
		"frontColor":"B1C0D9FF",
		"backColor":"FFFFFFFF",
		}
	"requirements": [
	"silicon/360"
	"镍/300",
        "铝/220",
        "钢/200",

	],
	"category": "turret",
	"research":{
	"parent":"ahad千束"
	"objectives": [
//		"",//研究xx
		{"type": "SectorComplete",//占领地图
		"preset": "陨星平原"},
		]
	},
}
