{
	"type":"ItemTurret",
	"category":"turret",
	"name":"烬灭",
	"description":"向敌人发射火焰，能够有效的克制高护甲单位",

	"size":4,
	"health":2840,
	"armor":10,
	"rotateSpeed":1.8,
	"reload":3,
	"liquidCapacity":100,
	"range":120,
	"inaccuracy":2,
	"squareSprite":false,
	"cooldownTime":90,
	"recoil":1,
	"shootSound":"missileLarge",
	"ammoUseEffect":"none",
	"shake":2,
	"velocityRnd":0.11,
	"consumeAmmoOnce":true,
	"targetAir":false,
	"targetGround":true,

"research":{
"objectives": [
//		"",//研究xx
		{"type": "SectorComplete",//占领地图
		"preset": "异域峡谷"},
		]
	"parent":"ahaa裂影",
	"requirements":[
	"graphite/900",
	"silicon/1800"
	"铁/1500"
	"镍/450",
"锡/2200",
	]	},

	"requirements":[
		"graphite/90",
	"silicon/180"
	"铁/150"
	"镍/45",
"锡/220",
	],

	"drawer":{"type":"drawTurret",
	"parts":[
		{"type":"RegionPart",
		"colorTo":"f68021A8",
		"color":"f68021",
		"progress":"warmup",
		"blending":"additive",
		"layerOffset":0.002,
		"outline":false,
		"suffix":"-glow"
		},
		{"type":"RegionPart",
		"mirror":true,
		"under":true,
		"progress":"warmup",
		"layerOffset":-0.001,
		"moveRot":-20,
		"suffix":"-wing"
	"children":[
		{"type":"RegionPart",
		"layerOffset":0.001,
		"blending":"additive",
		"colorTo":"f68021A8",
		"color":"f68021",
		"mirror":true,
		"outline":false,
		"progress":{
		"type":"recoil",
		"op":"blend",
		"other":"heat",
		"amount":0.45
		}	}	],
		}	]	},

	"shootY":13.25,
	"shoot":{
	"type":"shootPattern",
	"shots":3,
	"shotDelay":1
	},

"consumes":{
	"coolant":{"amount":0.1,"optional":true}	}

"ammoTypes":{
	"coal":{
	"type":"BasicBulletType",
	"status":"melting",
	"statusDuration":30,
	"speed":8,
	"damage":23,
	"pierceArmor":true,
	"collidesAir": false//碰撞飞机
	"hitSize":9,
	"width":0.1,
	"height":0.1,
	"shootEffect":{
	"type":"multiEffect",
	"layer":110,
	"effects":[
		{"type":"ParticleEffect",
		"particles":2,
		"sizeFrom":5,
		"sizeTo":1,
		"length":60,
		"lifetime":30,
		"interp":"circleOut",
		"sizeInterp":"pow5In",
	"colorFrom":"f68021",
	"colorTo":"f68021A8",
		"cone":8
		},
		{"type":"ParticleEffect",
		"particles":2,
		"sizeFrom":6,
		"sizeTo":1,
		"length":50,
		"lifetime":45,
		"interp":"circleOut",
		"sizeInterp":"pow5In",
		"lightColor":"f68021A8",
		"colorFrom":"f68021",
		"colorTo":"f68021A8",
		"cone":12
		},
		{"type":"ParticleEffect",
		"particles":2,
		"sizeFrom":6,
		"sizeTo":1.5,
		"length":50,
		"lifetime":60,
		"interp":"fastSlow",
		"lightColor":"f68021A8",
		"colorFrom":"f68021",
		"colorTo":"f68021A8",
		"cone":12
		},
		{"type":"ParticleEffect",
		"particles":2,
		"sizeFrom":6,
		"sizeTo":1.5,
		"length":90,
		"lifetime":75,
		"interp":"fastSlow",
		"lightColor":"f68021A8",
		"colorFrom":"f68021",
		"colorTo":"f68021A8",
		"cone":8
		}	]	},

	"smokeEffect":{
	"type":"multiEffect",
	"layer":109,
	"effects":[
		{"type":"ParticleEffect",
		"particles":3,
		"sizeFrom":5,
		"sizeTo":1,
		"length":90,
		"lifetime":110,
		"lightOpacity":0,
		"interp":"fastSlow",
		"colorFrom":"f68021A8",
		"colorTo":"EDB587C6",
		"cone":12
		},
		{"type":"ParticleEffect",
		"particles":3,
		"sizeFrom":7,
		"sizeTo":1,
		"length":110,
		"lifetime":120,
		"lightOpacity":0,
		"interp":"circleOut",
		"sizeInterp":"pow5In",
		"colorFrom":"f68021A8",
		"colorTo":"EDB587C6",
		"cone":8
		}	]	},

	"hitEffect":{
	"type":"ParticleEffect",
	"line":true,
	"particles":4,
	"lifetime":65,
	"offset":10,
	"interp":"circleOut",
	"length":40,
	"cone":-30,
	"strokeFrom":3,
	"strokeTo":0,
	"lenFrom":7,
	"lenTo":0,
	"colorFrom":"f68021",
	"colorTo":"f68021A8"
	},

	"lifetime":15,
	"despawnEffect":"none",
	"hittable":false,
	"reflectable":false,
	"pierce":true,
	"pierceBuilding":true
},
"海棱晶":{
	"type":"BasicBulletType",
	"status":"棱晶减速",
	"statusDuration":30,
	"speed":8,
	"damage":20,
	"pierceArmor":true,
	"collidesAir": false//碰撞飞机
	"hitSize":9,
	"width":0.1,
	"height":0.1,
	"shootEffect":{
	"type":"multiEffect",
	"layer":110,
	"effects":[
		{"type":"ParticleEffect",
		"particles":2,
		"sizeFrom":5,
		"sizeTo":1,
		"length":48,
		"lifetime":30,
		"interp":"circleOut",
		"sizeInterp":"pow5In",
	"colorFrom":"94FFFFFF",
	"colorTo":"43BBCCFF",
		"cone":8
		},
		{"type":"ParticleEffect",
		"particles":2,
		"sizeFrom":6,
		"sizeTo":1,
		"length":40,
		"lifetime":45,
		"interp":"circleOut",
		"sizeInterp":"pow5In",
		"lightColor":"f68021A8",
		"colorFrom":"94FFFFFF",
		"colorTo":"43BBCCFF",
		"cone":12
		},
		{"type":"ParticleEffect",
		"particles":2,
		"sizeFrom":6,
		"sizeTo":1.5,
		"length":40,
		"lifetime":60,
		"interp":"fastSlow",
		"lightColor":"43BBCCFF",
		"colorFrom":"94FFFFFF",
		"colorTo":"43BBCCFF",
		"cone":12
		},
		{"type":"ParticleEffect",
		"particles":2,
		"sizeFrom":6,
		"sizeTo":1.5,
		"length":72,
		"lifetime":75,
		"interp":"fastSlow",
		"lightColor":"43BBCCFF",
		"colorFrom":"94FFFFFF",
		"colorTo":"43BBCCFF",
		"cone":8
		}	]	},

	"smokeEffect":{
	"type":"multiEffect",
	"layer":109,
	"effects":[
		{"type":"ParticleEffect",
		"particles":3,
		"sizeFrom":5,
		"sizeTo":1,
		"length":72,
		"lifetime":110,
		"lightOpacity":0,
		"interp":"fastSlow",
		"colorFrom":"94FFFFFF",
		"colorTo":"43BBCCFF",
		"cone":12
		},
		{"type":"ParticleEffect",
		"particles":3,
		"sizeFrom":7,
		"sizeTo":1,
		"length":88,
		"lifetime":120,
		"lightOpacity":0,
		"interp":"circleOut",
		"sizeInterp":"pow5In",
		"colorFrom":"94FFFFFF",
		"colorTo":"43BBCCFF",
		"cone":8
		}	]	},

	"hitEffect":{
	"type":"ParticleEffect",
	"line":true,
	"particles":4,
	"lifetime":65,
	"offset":10,
	"interp":"circleOut",
	"length":40,
	"cone":-30,
	"strokeFrom":3,
	"strokeTo":0,
	"lenFrom":7,
	"lenTo":0,
	"colorFrom":"94FFFFFF",
	"colorTo":"43BBCCFF"
	},
	"rangeChange": -24,
	"lifetime":12,
	"despawnEffect":"none",
	"hittable":false,
	"reflectable":false,
	"pierce":true,
	"pierceBuilding":true
},
	},
}
