{
	"type": "ContinuousLiquidTurret",//升华
	"category": "turret",//菜单栏
	"name": "辉月",//名字
	"description":"向敌人持续发射多道高温等离子火焰"

	"health":3460,//血量
	"shootY":4,//发射子弹位置偏移
	"size": 4,//炮台大小

	"drawer":{//
	"type":"drawTurret",//
"parts": [
		{"type": "RegionPart",
		"suffix": "-l",
		"heatProgress": "warmup",
		"mirror": false,
		"moveX": -2,
		"moveY": -2,
		"moveRot": 0
		}
		{"type": "RegionPart",
		"suffix": "-r",
		"heatProgress": "warmup",
		"mirror": false,
		"moveX": 2,
		"moveY": -2,
		"moveRot": 0
		}	]	}

	"research": {
	"parent": "ahah棱镜"//科技树前置
	"objectives":[
	{
	"type": "SectorComplete",//占领地图
	"preset":"世纪山脉"//地图名
	},
	]
	},

	"requirements": [
	"silicon/300"//建造消耗
	"铝/220",
	"钢/150",
	"相织能/60",

	],
"shoot": {
		"type": "ShootSpread",
		"spread":9
		"shots": 3
             },

	"recoil":1,//后坐力
	"range": 220,//距离
	"rotateSpeed": 2,//旋转速度
	"shootSound": "none",//攻击音效
	"loopSound":"torch",//循环音效
	"liquidConsumed":0.1,//

	"ammoTypes": {//子弹类
	"water": {
		"type": "ContinuousFlameBulletType",//升华
		"damage": 55,//伤害
		"length": 220,//长度，建议和距离相等
		"knockback":0,//击退效果
		"pierceCap":6,//穿透能力
		"status":"burning",
		"statusDuration":300,
		"colors": [
		"92ABFF7F",
		"92ABFFA2",
		"92ABFFD3",
		"92ABFFFF",
		"D4E0FFFF"
		],
		"flareColor":"92ABFFFF",//十字颜色
		"hitColor":"92ABFFFF"
		}
	"血水": {
			"type": "ContinuousFlameBulletType",
			"length": 260,
			"rangeChange": 40,
			"damage": 80,
			"oscScl": 0.8,
			"oscMag": 0.02,
			"status": "血腥之瞳",
			"statusDuration": 60,
			"drawFlare": true,
			"flareColor": "FF5845",
			"flareWidth": 3,
			"flareLength": 40,
			"lengthInterp": "slope",
			"flareInnerScl": 0.5,
			"flareInnerLenScl": 0.5,
			"rotateFlare": true,
			"flareRotSpeed": 1.2,
			"colors": [
				"E1776AFF",
				"E1776AFF",
				"E1776AFF",
				"E1776AFF",
				"FFFFFFCC"
			]
		},
		"cryofluid": {
			"type": "ContinuousFlameBulletType",
			"length": 280,
			"rangeChange": 60,
			"damage": 60,
			"oscScl": 0.8,
			"oscMag": 0.02,
			"status": "freezing",
			"statusDuration": 300,
			"drawFlare": true,
			"flareColor": "87CEEB",
			"flareWidth": 3,
			"flareLength": 40,
			"lengthInterp": "slope",
			"flareInnerScl": 0.5,
			"flareInnerLenScl": 0.5,
			"rotateFlare": true,
			"flareRotSpeed": 1.2,
			"colors": [
				"87CEEB8C",
				"87CEEBB2",
				"87CEEBCC",
				"87CEEB",
				"FFFFFFCC"
			]
		}
}
}