{
	"type": "ItemTurret",
	"name": "死灵",
	"description": "向敌人发射大型子弹，可以对敌人造成高额伤害",
	"health": 4250,
	"armor": 16,
	"size": 5,
	"reload": 6,
	"range": 400,
	"maxAmmo": 60,
	"shootCone": 30,
	"recoilTime": 18,
	"canOverdrive": false,
	"recoil": 2,
	"cooldownTime": 90,
	"drawer": {
		"type": "DrawTurret",
		"parts": [
			{
				"type": "RegionPart",
				"suffix": "-管l",
				"under": true,
				"recoilIndex": 0,
				"x":0.25
				"moves": [
					{
						"progress": "recoil",
						"y": -6
					}
				],
				"heatProgress": "recoil"
			},
			{
				"type": "RegionPart",
				"suffix": "-管r",
				"x":-0.25
				"under": true,
				"recoilIndex": 1,
				"moves": [
					{
						"progress": "recoil",
						"y": -6
					}
				],
				"heatProgress": "recoil"
			}
		]
	},
	"recoils": 2,
	"shoot": {
		"type": "ShootAlternate",
		"barrels": 2,
		"spread": 12
	},
	"ammoUseEffect": {
		"type": "MultiEffect",
		"effects": [
			{
				"type": "ParticleEffect",
				"particles": 1,
				"line": true,
				"interp": "pow10Out",
				"sizeInterp": "pow5In",
				"strokeFrom": 8,
				"strokeTo": 0,
				"lenFrom": 10,
				"lenTo": 0,
				"length": -48,
				"baseLength": -10,
				"randLength": false,
				"lifetime": 74,
				"colorFrom": "FFE176",
				"colorTo": "737373",
				"layer": 48
			},
			{
				"type": "ParticleEffect",
				"particles": 2,
				"sizeFrom": 12,
				"sizeTo": 0,
				"interp": "pow10Out",
				"sizeInterp": "pow10In",
				"length": -60,
				"baseLength": 0,
				"lifetime": 85,
				"colorFrom": "73737390",
				"colorTo": "73737350",
				"layer": 49
			}
		]
	},
	"ammoPerShot": 2,
	"targetGround": true,
	"targetAir": true,
	"consumes": {
		"coolant": {
			"amount": 2,
			"optional": true
		}
	},
	"coolantMultiplier": 0.6,
	"liquidCapacity": 120,
	"inaccuracy": 1,
	"shake": 3,
	"shootSound": "shootBig",
	"rotateSpeed": 3.5,
	"ammoTypes": {
		"phase-fabric": {
			"type": "BasicBulletType",
			"speed": 20,
			"lifetime": 20,
			"width": 16,
			"height": 21,
			"damage": 190,
			"splashDamageRadius": 38,
			"splashDamage": 48,
			"status": "unmoving",
			"statusDuration": 5,
			"shootEffect": {
				"type": "MultiEffect",
				"effects": [
					{
						"type": "ParticleEffect",
						"sizeInterp": "pow5In",
						"interp": "pow10Out",
						"particles": 3,
						"strokeFrom": 2,
						"strokeTo": 0,
						"line": true,
						"lenFrom": 15,
						"lenTo": 0,
						"length": 45,
						"baseLength": 0,
						"lifetime": 25,
						"colorFrom": "ffffff",
						"colorTo": "ffffff",
						"cone": 15
					},
					{
						"type": "WaveEffect",
						"lifetime": 10,
						"sizeFrom": 0,
						"sizeTo": 16,
						"strokeFrom": 3,
						"strokeTo": 0,
						"colorFrom": "ffffff",
						"colorTo": "ffffff"
					}
				]
			},
			"smokeEffect": {
				"type": "ParticleEffect",
				"particles": 3,
				"sizeFrom": 5,
				"sizeInterp": "pow5In",
				"sizeTo": 0,
				"length": 45,
				"baseLength": 0,
				"lifetime": 15,
				"colorFrom": "ffffff",
				"colorTo": "ffffff",
				"cone": 10
			},
			"hitEffect": "flakExplosionBig",
			"ammoMultiplier": 1
		},
		"铝": {
			"speed": 20.2,
			"damage": 440,
			"lifetime": 20,
			"knockback": 3,
			"pierce": true,
			"pierceArmor": true,
			"pierceCap": 3,
			"width": 16,
			"height": 21,
			"shootEffect": {
				"type": "MultiEffect",
				"effects": [
					{
						"type": "ParticleEffect",
						"sizeInterp": "pow5In",
						"interp": "pow10Out",
						"particles": 3,
						"strokeFrom": 2,
						"strokeTo": 0,
						"line": true,
						"lenFrom": 15,
						"lenTo": 0,
						"length": 45,
						"baseLength": 0,
						"lifetime": 25,
						"colorFrom": "ffffff",
						"colorTo": "ffffff",
						"cone": 15
					},
					{
						"type": "WaveEffect",
						"lifetime": 10,
						"sizeFrom": 0,
						"sizeTo": 16,
						"strokeFrom": 3,
						"strokeTo": 0,
						"colorFrom": "ffffff",
						"colorTo": "ffffff"
					}
				]
			},
			"smokeEffect": {
				"type": "ParticleEffect",
				"particles": 3,
				"sizeFrom": 5,
				"sizeInterp": "pow5In",
				"sizeTo": 0,
				"length": 45,
				"baseLength": 0,
				"lifetime": 15,
				"colorFrom": "ffffff",
				"colorTo": "ffffff",
				"cone": 10
			},
			"hitEffect": "hitBulletBig",
			"ammoMultiplier": 1
		},
		"海棱晶": {
			"type": "BasicBulletType",
			"speed": 22,
			"lifetime": 22,
			"knockback": 3,
			"rangeChange": 60,
			"width": 18,
			"height": 22,
			"damage": 224,
			"status": "棱晶减速",
			"statusDuration": 60,
			"splashDamageRadius": 38,
			"splashDamage": 60,
			"shootEffect": {
				"type": "MultiEffect",
				"effects": [
					{
						"type": "ParticleEffect",
						"sizeInterp": "pow5In",
						"interp": "pow10Out",
						"particles": 3,
						"strokeFrom": 2,
						"strokeTo": 0,
						"line": true,
						"lenFrom": 15,
						"lenTo": 0,
						"length": 45,
						"baseLength": 0,
						"lifetime": 25,
						"colorFrom": "FFE176",
						"colorTo": "FFE176",
						"cone": 15
					},
					{
						"type": "WaveEffect",
						"lifetime": 10,
						"sizeFrom": 0,
						"sizeTo": 16,
						"strokeFrom": 3,
						"strokeTo": 0,
						"colorFrom": "ffffff",
						"colorTo": "ffffff"
					}
				]
			},
			"smokeEffect": {
				"type": "ParticleEffect",
				"particles": 3,
				"sizeFrom": 5,
				"sizeInterp": "pow5In",
				"sizeTo": 0,
				"length": 40,
				"baseLength": 0,
				"lifetime": 15,
				"colorFrom": "FFE176",
				"colorTo": "FFE176",
				"cone": 10
			},
			"hitEffect": "flakExplosionBig",
			"despawnEffect": "flakExplosionBig",
			"ammoMultiplier": 2,
		},
		"graphite": {
			"type": "BasicBulletType",
			"speed": 20,
			"lifetime": 20,
			"width": 16,
			"height": 21,
			"damage": 150,
			"splashDamageRadius": 38,
			"splashDamage": 48,
			"reloadMultiplier":0.7,
			"shootEffect": {
				"type": "MultiEffect",
				"effects": [
					{
						"type": "ParticleEffect",
						"sizeInterp": "pow5In",
						"interp": "pow10Out",
						"particles": 3,
						"strokeFrom": 2,
						"strokeTo": 0,
						"line": true,
						"lenFrom": 15,
						"lenTo": 0,
						"length": 45,
						"baseLength": 0,
						"lifetime": 25,
						"colorFrom": "ffffff",
						"colorTo": "ffffff",
						"cone": 15
					},
					{
						"type": "WaveEffect",
						"lifetime": 10,
						"sizeFrom": 0,
						"sizeTo": 16,
						"strokeFrom": 3,
						"strokeTo": 0,
						"colorFrom": "ffffff",
						"colorTo": "ffffff"
					}
				]
			},
			"smokeEffect": {
				"type": "ParticleEffect",
				"particles": 3,
				"sizeFrom": 5,
				"sizeInterp": "pow5In",
				"sizeTo": 0,
				"length": 45,
				"baseLength": 0,
				"lifetime": 15,
				"colorFrom": "ffffff",
				"colorTo": "ffffff",
				"cone": 10
			},
			"hitEffect": "flakExplosionBig",
			"ammoMultiplier": 4
		},
		"相织能": {
			"type": "BasicBulletType",
			"reloadMultiplier": 0.5,
			"damage": 240,
			"rangeChange": 140,
			"inaccuracy": 2,
			"ammoMultiplier": 2,
			"speed": 20,
			"lifetime": 27,
			"width": 18,
			"height": 50,
			"absorbable": false,
			"pierce": true,
			"pierceCap": 4,
			"pierceArmor": true,
			"sprite": "冥痕json-arrows",
			"backColor": "E3E3E3",
			"frontColor": "EEC591",
			"trailLength": 6,
			"trailWidth": 4,
			"trailColor": "EEC591",
			"trailEffect": "none",
			"hitEffect": {
				"type": "MultiEffect",
				"effects": [
					{
						"type": "ParticleEffect",
						"particles": 5,
						"sizeFrom": 4,
						"sizeTo": 0,
						"length": 55,
						"baseLength": 9,
						"lifetime": 15,
						"colorFrom": "FEEBB3",
						"colorTo": "ffffff"
					},
					{
						"type": "WaveEffect",
						"lifetime": 10,
						"sizeFrom": 2,
						"sizeTo": 50,
						"strokeFrom": 3,
						"strokeTo": 0,
						"colorFrom": "FEEBB3",
						"colorTo": "FEEBB3"
					}
				]
			},
			"despawnEffect": "instBomb",
			"shootEffect": {
				"type": "MultiEffect",
				"effects": [
					{
						"type": "ParticleEffect",
						"sizeInterp": "pow5In",
						"interp": "pow10Out",
						"particles": 3,
						"strokeFrom": 2,
						"strokeTo": 0,
						"line": true,
						"lenFrom": 15,
						"lenTo": 0,
						"length": 45,
						"baseLength": 0,
						"lifetime": 25,
						"colorFrom": "EEC591",
						"colorTo": "EEC591",
						"cone": 15
					},
					{
						"type": "WaveEffect",
						"lifetime": 10,
						"sizeFrom": 0,
						"sizeTo": 16,
						"strokeFrom": 3,
						"strokeTo": 0,
						"colorFrom": "ffffff",
						"colorTo": "ffffff"
					}
				]
			},
			"smokeEffect": "none",
			"hitSound": "laser",
			"splashDamageRadius": 48,
			"splashDamage": 166,
			"fragRandomSpread": 0,
			"fragBullets": 2,
			"fragBullet": {
				"hitEffect": {
					"type": "MultiEffect",
					"effects": [
						{
							"type": "ParticleEffect",
							"particles": 5,
							"sizeFrom": 4,
							"sizeTo": 0,
							"length": 45,
							"baseLength": 9,
							"lifetime": 15,
							"colorFrom": "FEEBB3",
							"colorTo": "ffffff",
							"cone": 40
						},
						{
							"type": "WaveEffect",
							"lifetime": 10,
							"sizeFrom": 2,
							"sizeTo": 40,
							"strokeFrom": 3,
							"strokeTo": 0,
							"colorFrom": "FEEBB3",
							"colorTo": "FEEBB3"
						}
					]
				},
				"despawnEffect": "instBomb",
				"hitSound": "laser",
				"width": 10,
				"height": 4,
				"damage": 55,
				"collides": true,
				"pierceArmor": true,
				"splashDamageRadius": 50,
				"splashDamage": 58,
				"lifetime": 10,
				"speed": 3.2,
				"fragRandomSpread": 0,
				"fragBullets": 1,
				"fragBullet": {
					"hitEffect": {
						"type": "MultiEffect",
						"effects": [
							{
								"type": "ParticleEffect",
								"particles": 5,
								"sizeFrom": 4,
								"sizeTo": 0,
								"length": 45,
								"baseLength": 9,
								"lifetime": 15,
								"colorFrom": "FEEBB3",
								"colorTo": "ffffff",
								"cone": 40
							},
							{
								"type": "WaveEffect",
								"lifetime": 10,
								"sizeFrom": 2,
								"sizeTo": 40,
								"strokeFrom": 3,
								"strokeTo": 0,
								"colorFrom": "FEEBB3",
								"colorTo": "FEEBB3"
							}
						]
					},
					"despawnEffect": "instBomb",
					"hitSound": "laser",
					"width": 10,
					"height": 4,
					"damage": 55,
					"collides": true,
					"pierceArmor": true,
					"splashDamageRadius": 50,
					"splashDamage": 58,
					"lifetime": 10,
					"speed": 3.2
				}
			}
		},
		"血钢": {
			"speed": 23,
			"damage": 540,
			"lifetime": 20,
			"knockback": 2.5,
			"pierce": true,
			"pierceArmor": true,
			"pierceCap": 2,
			"width": 16,
			"height": 21,
			"status": "血腥之瞳",
					"statusDuration": 120,
			"reloadMultiplier":1.5,
			"rangeChange": 60,
			"shootEffect": {
				"type": "MultiEffect",
				"effects": [
					{
						"type": "ParticleEffect",
						"sizeInterp": "pow5In",
						"interp": "pow10Out",
						"particles": 3,
						"strokeFrom": 2,
						"strokeTo": 0,
						"line": true,
						"lenFrom": 15,
						"lenTo": 0,
						"length": 45,
						"baseLength": 0,
						"lifetime": 25,
						"colorFrom": "E78F92FF",
						"colorTo": "ffffff",
						"cone": 15
					},
					{
						"type": "WaveEffect",
						"lifetime": 10,
						"sizeFrom": 0,
						"sizeTo": 16,
						"strokeFrom": 3,
						"strokeTo": 0,
						"colorFrom": "E78F92FF",
						"colorTo": "ffffff"
					}
				]
			},
			"smokeEffect": {
				"type": "ParticleEffect",
				"particles": 3,
				"sizeFrom": 5,
				"sizeInterp": "pow5In",
				"sizeTo": 0,
				"length": 45,
				"baseLength": 0,
				"lifetime": 15,
				"colorFrom": "ffffff",
				"colorTo": "ffffff",
				"cone": 10
			},
			"hitEffect": "hitBulletBig",
			"ammoMultiplier": 1
		},
	},
	"researchCostMultiplier": 0.5,
	"requirements": [
		"graphite/800",
		"silicon/1200",
		"锡/1600",
		"钢/1000",
	"海棱晶/1200",
		"phase-fabric/400",
	],
	"category": "turret",
"research":{
	"parent":"ahag维纳斯"
	"objectives": [
//		"",//研究xx
		{"type": "SectorComplete",//占领地图
		"preset": "世纪山脉"},
		]
	},
}