{
"name":"棱织"
"description":"发射多条点射激光攻击敌人，使用高级资源作为弹药",//介绍
"details":"就像织网一样",//剧情
	"type": "ItemTurret",
	"health": 6480,
	"size": 5,
	"range": 720,
	"reload": 300,
	"cooldownTime": 120,
		"maxAmmo": 40,
	"ammoPerShot": 8,
	"unitSort": "strongest",
	"shake": 5,
	"shootCone": 0.02,
	"minWarmup": 0.99,
	"shootWarmupSpeed": 0.08,
	"rotateSpeed": 1.7,
	"liquidCapacity": 30,
	"shootSound": "棱织",
	"consumes": {
		"power": 24,
		"coolant": {
			"amount": 0.1
		}
	},
	"shoot": {
			"type": "ShootSpread",
		"shots": 7,
		"spread": 1
	},
	"coolantMultiplier": 1.2,
	"ammoTypes": {
	"phase-fabric": {
			"type": "RailBulletType",
			"damage": 400,
			"knockback": 1,
			"lifetime": 30,
			"length": 720,
			"ammoMultiplier": 2,
			"pierce": true,
			"pierceDamageFactor": 0.5,
			"status": "unmoving",
			"statusDuration": 180,
			"shootEffect": "instShoot",
			"pointEffect": "railTrail",
			"hitEffect": "railHit"
		},
		"生物组织": {
			"type": "RailBulletType",
			"damage": 700,
			"knockback": 2,
			"lifetime": 30,
			"length": 720,
			"ammoMultiplier": 4,
			"pierce": true,
			"pierceDamageFactor": 0.8,
			"status": "血腥之瞳",
			"statusDuration": 300,
			"shootEffect": "instShoot",
			"pointEffect": "railTrail",
			"hitEffect": "railHit",
			"pierceEffect": {
				"type": "ParticleEffect",
				"line": true,
				"particles": 120,
				"offset": 0,
				"lifetime": 15,
				"length": 40,
				"cone": -7.5,
				"lenFrom": 6,
				"lenTo": 0,
				"colorFrom": "FF5547AA",
				"colorTo": "FFFFFF"
			}
		}
	"血钢": {
			"type": "RailBulletType",
			"damage": 960,
			"knockback": 3,
			"lifetime": 30,
			"length": 840,
			"ammoMultiplier": 4,
			"pierce": true,
			"pierceDamageFactor": 0.9,
			"status": "血腥之瞳",
			"statusDuration": 900,
			"rangeChange": 120,
			"shootEffect": "instShoot",
			"pointEffect": "railTrail",
			"hitEffect": "railHit",
			"pierceEffect": {
				"type": "ParticleEffect",
				"line": true,
				"particles": 120,
				"offset": 0,
				"lifetime": 15,
				"length": 40,
				"cone": -7.5,
				"lenFrom": 6,
				"lenTo": 0,
				"colorFrom": "D75B6EFF",
				"colorTo": "FFFFFF"
			}
		}
	},
	"requirements": [
	"graphite/900"
	"silicon/1600"
"铁/1000",
	"铝/1000",
	"钢/350",
	"相织能/400",
	"血钢/800",
		
	],
"drawer": {
		"type": "DrawTurret",
		"parts": [
			{
				"type": "RegionPart",
				"suffix": "-barrel",
				"moveY": -1.5,
				"moves": [
					{
						"progress": "recoil",
						"y": -3
					}
				],
				"heatColor": "F03B0E"
			},
			{
				"type": "RegionPart",
				"suffix": "-top",
				"heatProgress": "warmup",
				"mirror": true,
				"under": true,
				"moveX": 4,
				"moveY": 8.25,
				"heatColor": "F03B0E"
			},
			{
				"type": "RegionPart",
				"suffix": "-side",
				"heatProgress": "warmup",
				"mirror": true,
				"under": true,
				"moveX": 4,
				"moveY": 0,
				"heatColor": "F03B0E"
			},
			{
				"type": "HaloPart",
				"tri": true,
				"y": -16,
				"shapes": 2,
				"triLength": 0,
				"triLengthTo": 16,
				"haloRadius": 15,
				"haloRotation": 90,
				"color": "FFDCD800",
				"colorTo": "FF5845",
				"layer": 110
			},
			{
				"type": "HaloPart",
				"tri": true,
				"y": -16,
				"shapeRotation": 180,
				"shapes": 2,
				"triLength": 0,
				"triLengthTo": 4,
				"haloRadius": 15,
				"haloRotation": 90,
				"color": "FFDCD800",
				"colorTo": "FF5845",
				"layer": 110
			},
			{
				"type": "ShapePart",
				"y": -16,
				"circle": true,
				"hollow": true,
				"radius": 4,
				"stroke": 0,
				"strokeTo": 1,
				"color": "FFDCD8",
				"colorTo": "FF5845",
				"layer": 110
			},
			{
				"type": "ShapePart",
				"y": -16,
				"circle": true,
				"hollow": true,
				"radius": 8,
				"stroke": 0,
				"strokeTo": 1,
				"color": "FFDCD8",
				"colorTo": "FF5845",
				"layer": 110
			},
			{
				"type": "HaloPart",
				"hollow": false,//空心
				"mirror": false,
				"tri": true,//三角形
				"x": 0,
				"y": -16,
				"shapeRotation": 0,//图形初始角度
				"moveX": 0,
				"moveY": 0,
				"shapeMoveRot": 0,
				"shapes": 4,//围绕个数
				"sides": 5,//边数
				"radius": 3,//半径/粗细
				"radiusTo": -1,
				"stroke": 1,//粗细
				"strokeTo": -1,
				"triLength": 0,//初始长度
				"triLengthTo": 6,//最终长度
				"haloRadius": 12,//围绕半径
				"haloRadiusTo": -1,//最终围绕半径
				"haloRotateSpeed": 1,//公转速度
				"haloRotation": 0,//环初始角度
				"rotateSpeed": 0,//自转速度
				"color": "FFDCD800",
				"colorTo": "FF5845",
				"layer": 110
			},
			{
				"type": "HaloPart",
				"tri": true,
				"y": -16,
				"shapeRotation": 180,
				"shapes": 4,
				"radius": 3,
				"triLength": 0,
				"triLengthTo": 1,
				"haloRadius": 12,
				"haloRotateSpeed": 1,
				"color": "FFDCD800",
				"colorTo": "FF5845",
				"layer": 110
			},
			{
				"type": "HaloPart",
				"tri": true,
				"y": -16,
				"shapes": 4,
				"radius": 3,
				"triLength": 0,
				"triLengthTo": 2,
				"haloRadius": 8,
				"haloRotation": 45,
				"haloRotateSpeed": -1,
				"color": "FFDCD800",
				"colorTo": "FF5845",
				"layer": 110
			}
		]
	},
	"category": "turret",
"research": {
	"parent": "ahad棱锥"//科技树前置
	"objectives":[
	{
	"type": "SectorComplete",//占领地图
	"preset":"迷宫回廊"//地图名
	},
	]
		},
}