{
	"type": "PowerTurret",
	"description":"在高温高压作用下将生物组织融合成子弹发射出去，威力巨大",//介绍
"details":"血肉苦弱，机械飞升",//剧情
	"name": "处刑",
	"targetAir": true,
	"targetGround": true,
	"health": 9600,
	"armor": 12,
	"accurateDelay": false,
	"size": 6,
	"shake": 12,
	"inaccuracy": 0,
	"recoil": 6,
	"cooldownTime": 280,
	"canOverdrive": false,
	"recoilTime": 80,
	"unitSort": "strongest",
	"reload": 420,
	"fogRadiusMultiplier": 0.5,
	"rotateSpeed": 1.92,
	"itemCapacity": 60,
	"drawer": {
		"type": "DrawTurret",
		"parts": [
			{
				"type": "HaloPart",
				"tri": true,
				"y": -20,
				"radius": 27,
				"triLength": 0,
				"triLengthTo": 3,
				"haloRadius": 10,
				"haloRotateSpeed": 0.5,
				"color": "FF5547FF",
				"layer": 110
			},
			{
				"type": "HaloPart",
				"tri": true,
				"y": -20,
				"radius": 3,
				"triLength": 0,
				"triLengthTo": 12,
				"haloRadius": 11.5,
				"shapeRotation": 150,
				"haloRotateSpeed": 0.5,
				"haloRotation": 30,
				"color": "FF5547FF",
				"layer": 110
			},
			{
				"type": "HaloPart",
				"tri": true,
				"y": -20,
				"radius": 3,
				"triLength": 0,
				"triLengthTo": 18,
				"haloRadius": 12,
				"shapeRotation": -15,
				"haloRotateSpeed": 0.5,
				"haloRotation": -135,
				"color": "FF5547FF",
				"layer": 110
			}
			{
				"type": "RegionPart",
				"suffix": "-side",
				"x":0,
				"under": false,
				"mirror": true,
				"heatProgress": "warmup",
				"moveX": 0,
				"moveY": 0,
				"moveRot":0
			},{
				"type": "RegionPart",
				"suffix": "-side",
				"x":0,
				"under": false,
				"mirror": true,
				"heatProgress": "warmup",
				"moveX": 6,
				"moveY": 6,
				"moveRot":0
			},
		]
	},
	"range": 880,
	"shootY": 8,
	"shootSound": "laserblast",
	"shootEffect": {
		"type": "ParticleEffect",
		"particles": 13,
		"line": true,
		"interp": "pow5Out",
		"sizeInterp": "pow5In",
		"lenFrom": 36,
		"lenTo": 0,
		"strokeFrom": 6,
		"strokeTo": 6,
		"length": 100,
		"baseLength": 0,
		"lifetime": 20,
		"colorFrom": "FF5547FF",
		"colorTo": "FF5547FF",
		"cone": 15
	},
	"shootWarmupSpeed": 0.0125,
	"warmupMaintainTime": 300,
	"minWarmup": 0.9,
	"shootType": {
		"type": "PointBulletType",
		"lifetime": 90,
		"speed": 100,
		"damage": 1680,
		"splashDamageRadius": 80,
		"splashDamage": 2480,
		"statusDuration":3600,
		"status":"血腥之瞳"
		"ammoMultiplier": 1,
		"hitSound": "plasmaboom",
		"smokeEffect": {
			"type": "MultiEffect",
			"effects": [
				{
					"type": "ParticleEffect",
					"particles": 11,
					"sizeFrom": 10,
					"interp": "pow10Out",
					"sizeInterp": "pow10In",
					"sizeTo": 0,
					"length": 80,
					"baseLength": 0,
					"lifetime": 120,
					"colorFrom": "FF5547FF",
					"colorTo": "FF554780",
					"cone": 15
				},
				{
					"type": "WaveEffect",
					"interp": "circleOut",
					"lifetime": 40,
					"sizeFrom": 0,
					"sizeTo": 100,
					"strokeFrom": 16,
					"strokeTo": 16,
					"colorFrom": "FF5547FF",
					"colorTo": "FF554700"
				},
				{
					"type": "ParticleEffect",
					"particles": 1,
					"sizeFrom": 12,
					"sizeInterp": "pow10In",
					"randLength": false,
					"sizeTo": 0,
					"length": 0,
					"baseLength": -4,
					"lifetime": 60,
					"colorFrom": "FF5547FF",
					"colorTo": "FF5547FF",
					"cone": 0
				},
				{
					"type": "ParticleEffect",
					"particles": 3,
					"interp": "pow10Out",
					"sizeInterp": "pow10In",
					"sizeFrom": 30,
					"sizeTo": 0,
					"length": 160,
					"baseLength": 0,
					"lifetime": 350,
					"colorFrom": "FF5547FF",
					"colorTo": "CD423840"
				}
			]
		},
		"despawnEffect": {
			"type": "ParticleEffect",
			"particles": 16,
			"region": "冥痕json-方",
			"interp": "pow10Out",
			"sizeInterp": "pow3In",
			"spin": 16,
			"sizeFrom": 22,
			"sizeTo": 0,
			"length": 120,
			"baseLength": 0,
			"lifetime": 30,
			"colorFrom": "FF5547FF",
			"colorTo": "FF5547FF"
		},
		"hitEffect": {
			"type": "MultiEffect",
			"effects": [
				{
					"type": "WaveEffect",
					"lifetime": 12,
					"sizeFrom": 0,
					"sizeTo": 150,
					"strokeFrom": 50,
					"strokeTo": 24,
					"colorFrom": "FF5547FF",
					"colorTo": "FF554700"
				},
				{
					"type": "ParticleEffect",
					"particles": 1,
					"sizeFrom": 20,
					"sizeTo": 0,
					"sizeInterp": "pow5In",
					"length": 0,
					"baseLength": 0,
					"lifetime": 45,
					"colorFrom": "FF5547FF",
					"colorTo": "FF5547FF"
				},
				"titanExplosion"
			]
		},
		"hitColor": "FF5547FF",
		"trailSpacing": 12,
		"trailEffect": {
			"type": "MultiEffect",
			"effects": [
				{
					"type": "ParticleEffect",
					"sizeInterp": "pow3Out",
					"particles": 1,
					"length": 0,
					"baseLength": 0.2,
					"lifetime": 20,
					"line": true,
					"randLength": false,
					"lenFrom": 13,
					"lenTo": 13,
					"strokeFrom": 0,
					"strokeTo": 15,
					"colorFrom": "FF5547FF",
					"colorTo": "FF5547FF",
					"cone": 0
				},
				{
					"type": "ParticleEffect",
					"sizeInterp": "pow3In",
					"particles": 1,
					"length": 0,
					"baseLength": 0.2,
					"startDelay": 18,
					"lifetime": 42,
					"line": true,
					"randLength": false,
					"lenFrom": 13,
					"lenTo": 13,
					"strokeFrom": 15,
					"strokeTo": 0,
					"colorFrom": "FF5547FF",
					"colorTo": "FF5547FF",
					"cone": 0
				}
			]
		},
		"spawnBullets": [
			{
				"type": "BasicBulletType",
				"damage": 1125,
				"splashDamageRadius": 55,
				"splashDamage": 550,
				"statusDuration":900,
		"status":"血腥之瞳"
				"lifetime": 40,
				"speed": 22,
				"sprite": "冥痕json-处刑子弹",
				"width": 56,
				"height": 55,
				"shrinkX": 0.1,
				"shrinkY": 0,
				"hitShake": 20,
				"backColor": "FF5547FF",
				"frontColor": "FFFFFF",
				"trailColor": "FF5547FF",
				"trailLength": 90,
				"trailWidth": 9,
				"hitSound": "largeCannon",
				"hitSoundVolume": 3,
				"hitColor": "FF5547FF",
				"hitEffect": {
					"type": "MultiEffect",
					"effects": [
						{
							"type": "WrapEffect",
							"effect": "dynamicSpikes",
							"color": "FF5547FF",
							"rotation": 100
						},
						"titanExplosion",
						"titanSmoke"
					]
				},
				"despawnEffect": {
					"type": "WaveEffect",
					"lifetime": 15,
					"sizeFrom": 15,
					"sizeTo": 100,
					"strokeFrom": 25,
					"strokeTo": 0,
					"colorFrom": "FF5547FF",
					"colorTo": "CD4238FF"
				},
				"trailInterval": 0.3,
				"trailEffect": {
					"type": "ParticleEffect",
					"region": "冥痕json-方",
					"particles": 3,
					"sizeFrom": 6,
					"interp": "pow10Out",
					"sizeInterp": "pow5In",
					"sizeTo": 0,
					"length": 14,
					"baseLength": 8,
					"lifetime": 45,
					"colorFrom": "FF5547FF",
					"colorTo": "FF5547FF"
				}
			}
		],
		"fragBullets": 1,
		"fragLifeMin": 1,
		"fragBullet": {
		"pierce": true,
			"lifetime": 40,
			"speed": 0,
			"width": 0,
			"height": 0,
			"collides": false,
			"hittable": false,
			"absorbable": false,
			"splashDamageRadius": 70,
			"splashDamage": 300,
			"hitShake": 16,
			"hitSound": "largeExplosion",
			"hitSoundVolume": 3,
			"hitEffect": {
				"type": "MultiEffect",
				"effects": [
					{
						"type": "ParticleEffect",
						"particles": 4,
						"sizeFrom": 18,
						"sizeTo": 0,
						"length": 50,
						"baseLength": 28,
						"lifetime": 35,
						"colorFrom": "FF5547FF",
						"colorTo": "FF554700"
					},
					{
						"type": "ParticleEffect",
						"particles": 19,
						"line": true,
						"strokeFrom": 4,
						"strokeTo": 0,
						"lenFrom": 33,
						"lenTo": 0,
						"length": 93,
						"baseLength": 0,
						"lifetime": 22,
						"colorFrom": "FF5547FF",
						"colorTo": "FF5547FF"
					},
					{
						"type": "WaveEffect",
						"lifetime": 15,
						"sizeFrom": 15,
						"sizeTo": 100,
						"strokeFrom": 25,
						"strokeTo": 0,
						"colorFrom": "FF5547FF",
						"colorTo": "FF5547FF"
					}
				]
			},
			"despawnEffect": "none",
			"fragBullets": 15,
			"fragLifeMin": 0.4,
			"fragBullet": {
			"pierce": true,
				"lifetime": 40,
				"speed": 4,
				"sprite": "circle-bullet",
				"width": 16,
				"height": 16,
				"shrinkY": 0,
				"backColor": "FF5547FF",
				"frontColor": "FFFFFF",
				"trailColor": "FF5547FF",
				"trailChance": 1,
				"trailEffect": "artilleryTrail",
				"damage": 64,
				"splashDamageRadius": 50,
				"splashDamage": 20,
				"hitShake": 16,
				"hitSound": "explosionbig",
				"hitSoundVolume": 3,
				"hitEffect": {
					"type": "MultiEffect",
					"effects": [
						{
							"type": "ParticleEffect",
							"particles": 1,
							"sizeFrom": 26,
							"sizeTo": 0,
							"length": 0,
							"baseLength": 0,
							"sizeInterp": "pow5In",
							"lifetime": 60,
							"colorFrom": "FF5547FF",
							"colorTo": "CD4238FF"
						},
						{
							"type": "ParticleEffect",
							"particles": 19,
							"line": true,
							"strokeFrom": 4,
							"strokeTo": 0,
							"lenFrom": 33,
							"lenTo": 0,
							"length": 70,
							"baseLength": 0,
							"lifetime": 45,
							"colorFrom": "FF5547FF",
							"colorTo": "FF5547FF"
						},
						{
							"type": "WaveEffect",
							"interp": "circleOut",
							"lifetime": 30,
							"sizeFrom": 0,
							"sizeTo": 50,
							"strokeFrom": 25,
							"strokeTo": 0,
							"colorFrom": "FF5547FF",
							"colorTo": "FF554770"
						}
					]
				},
				"despawnEffect": "none"
			}
		}
	},
	"consumes": {
		"power": 64
		"items": {
			"items": [
				"生物组织/2"
			]
		},
	},
	"category": "turret",
"research": {
	"parent": "ahaj战斧"//科技树前置
	"objectives":[
	{
	"type": "SectorComplete",//占领地图
	"preset":"猩红山谷"//地图名
	},
	]
		},
	"requirements": [
	"silicon/2200"
	"铁/2250",
	"铝/1800",
	"钢/400",
	"相织能/400",
	"血钢/1200",
	]
}