{
	"type": "UnitFactory",
	"name": "碳钢坦克工厂",
	"description": "顾名思义\n就是碳钢工业的坦克工厂\n埃里克尔也有名字一样的东西",
    "health":320,
	"size":3,
	"hasPower":true
	"consumes":{
	"power":1.5
	}
	"plans":[
   			{ "unit": "GT10", "time": 1500,
	"requirements": [
				{"item": "石英", "amount": 20}
				{"item": "镍", "amount": 25}
    ]},
    ],
	"requirements": [
		{ "item": "镍", "amount":30 },
		{ "item": "lead", "amount":80 },
		{ "item": "石英", "amount":50 },
		],
	"category":"units",
	"research":{
	"parent": "强化核心"//科技树前置
	"requirements": [//研究花费
	"镍/150",
	"lead/240",
	"石英/150",
	]	},
	"alwaysUnlocked": false,
}