{
	"type": "UnitFactory",
	"name": "碳钢飞船工厂",
	"description": "顾名思义\n就是碳钢工业的飞船工厂",
    "health":340,
	"size":3,
	"hasPower":true
	"consumes":{
	"power":2
	}
	"plans":[
   			{ "unit": "TG10", "time": 1800,
	"requirements": [
				{"item": "石英", "amount": 30}
				{"item": "lead", "amount": 20}
    ]},
    { "unit": "YT10", "time": 3000,
	"requirements": [
				{"item": "石英", "amount": 45}
				{"item": "钢化铅", "amount": 30}
    ]},
    ],
	"requirements": [
		{ "item": "镍", "amount":30 },
		{ "item": "钢化铅", "amount":80 },
		{ "item": "石英", "amount":50 },
		],
	"category":"units",
	"research":{
	"parent": "a001碳钢坦克工厂"//科技树前置
	"requirements": [//研究花费
	"镍/150",
	"钢化铅/240",
	"石英/150",
	]	},
	"alwaysUnlocked": false,
}