{
	"type": "ItemTurret",
	"name": "创始",
	"description": "发射两种过载电极打击敌人。\n需要大规模集群作战，能够快速形成战斗力。",
	"details":"永信之怒！对非接地物造成更高伤害。",
	"health": 11100,
	"size": 8,
	"shootY":8,
	"reload": 600,
	"range": 1700,
    "recoilTime": 150,
    "recoil": 4,
    "ammoPerShot": 50,
    "consumes": {
      "power":180
        "coolant": {
            "amount": 0.1,
            "optional": true
        }
    },
    "maxAmmo":200,
	"shootSound":"corexplode",
	"inaccuracy": 0,
	"rotateSpeed": 0.5,
	"shake":2,
	"chargeSound": "lasercharge",
			"shootEffect": {
		"type": "MultiEffect",
		"effects": [
			{
				"type": "WaveEffect",
				"lifetime": 90,
				"sizeFrom": 100,
				"sizeTo": 0,
				"interp":"circleOut",
				"strokeFrom": 25,
				"strokeTo": 0,
				"colorFrom": "72D34CFF",
				"colorTo": "72D34CFF"
			},
			{
				"type": "WaveEffect",
				"lifetime": 50,
				"sizeFrom": 0,
				"sizeTo": 150,
				"interp": "circleOut",
				"strokeFrom": 50,
				"strokeTo": 0,
				"colorFrom": "72D34CFF",
				"colorTo": "72D34CFF"
			},
			{
				"type": "ParticleEffect",
				"particles": 40,
				"sizeFrom": 8,
				"sizeTo": 0,
				"sizeInterp":"pow10In",
				"interp":"pow5Out",
				"length": 300,
				"baseLength": 0,
				"lifetime": 90,
				"colorFrom": "FFD900FF",
				"colorTo": "FFD900FF",
				"cone": 40
			}
			]},
				"drawer": {
		"type": "DrawTurret",
		"parts": [
			{
				"type": "HaloPart",
				"rotateSpeed": 0,
				"shapeRotation": 0,
				"x": 14.5,
				"y": 23.7,
				"sides": 3,
				"shapes": 1,
				"color": "F2FF9C",
				"colorTo": "F2FF9C",
				"tri": true,
				"hollow": true,
				"radius": 5,
				"radiusTo": 2,
				"triLength": 0,
				"triLengthTo": 600,
				"haloRadius": 0,
				"haloRotation": 0,
				"haloRotateSpeed": 0,
				"layer": 60
			},
			{
				"type": "HaloPart",
				"rotateSpeed": 0,
				"shapeRotation": 0,
				"x": -14.5,
				"y": 23.7,
				"sides": 3,
				"shapes": 1,
				"color": "F2FF9C",
				"colorTo": "F2FF9C",
				"tri": true,
				"hollow": true,
				"radius": 5,
				"radiusTo": 2,
				"triLength": 0,
				"triLengthTo": 600,
				"haloRadius": 0,
				"haloRotation": 0,
				"haloRotateSpeed": 0,
				"layer": 60
			},
			/*##########################*/
			{
				"type": "ShapePart",
				"progress": "warmup",
				"y": 10,
				"sides": 3,
				"color": "F5E903FF",
				"rotateSpeed": 2,
				"stroke": 0.5,
				"strokeTo": 0.5,
				"circle": false,
				"hollow": true,
				"radius": 3,
				"radiusTo": 12,
				"layer": 110
			},
			{
				"type": "ShapePart",
				"progress": "warmup",
				"y": 10,
				"sides": 3,
				"color": "F5E903FF",
				"rotateSpeed": -2,
				"stroke": 0.5,
				"strokeTo": 0.5,
				"circle": false,
				"hollow": true,
				"radius": 3,
				"radiusTo": 12,
				"layer": 110
			},
			{
				"type": "ShapePart",
				"progress": "warmup",
				"y": 10,
				"color": "25C9AB",
				"stroke": 0.5,
				"strokeTo": 0.8,
				"circle": true,
				"hollow": true,
				"radius": 4,
				"radiusTo": 16,
				"layer": 110
			},
			{
				"type": "ShapePart",
				"progress": "warmup",
				"y": 0,
				"color": "25C9AB",
				"stroke": 0,
				"strokeTo": 0.8,
				"circle": true,
				"hollow": true,
				"radius": 3,
				"radiusTo": 9,
				"layer": 110
			},
			{
				"type": "ShapePart",
				"progress": "warmup",
				"y": -15,
				"color": "25C9AB",
				"stroke": 0,
				"strokeTo": 0.8,
				"circle": true,
				"hollow": true,
				"radius": 0,
				"radiusTo": 12,
				"layer": 110
			},
			//#
			{
				"type": "ShapePart",
				"progress": "warmup",
				"y": 24,
				"sides": 3,
				"color": "25C9AB",
				"rotateSpeed": 0.4,
				"stroke": 0.5,
				"strokeTo": 1,
				"circle": false,
				"hollow": true,
				"radius": 4,
				"radiusTo": 16,
				"layer": 110
			},
			{
				"type": "ShapePart",
				"progress": "warmup",
				"y": 24,
				"sides": 3,
				"color": "25C9AB",
				"rotateSpeed": -0.4,
				"stroke": 0.5,
				"strokeTo": 1,
				"circle": false,
				"hollow": true,
				"radius": 2,
				"radiusTo": 7,
				"layer": 110
			},
			//#######
            {
				"type": "ShapePart",
				"progress": "warmup",
				"y": 24,
				"sides": 4,
				"color": "25C9AB",
				"rotateSpeed": 4,
				"stroke": 0.1,
				"strokeTo": 1,
				"circle": false,
				"hollow": true,
				"radius": 2,
				"radiusTo": 8,
				"layer": 110
			},
			{
				"type": "ShapePart",
				"progress": "warmup",
				"y": 24,
				"sides": 4,
				"color": "25C9AB",
				"rotateSpeed": -4,
				"stroke": 0.1,
				"strokeTo": 1,
				"circle": false,
				"hollow": true,
				"radius": 2,
				"radiusTo": 8,
				"layer": 110
			},
//#################
			]},
    	"shoot": {
		"shots": 3,
		"shotDelay": 0,
		"firstShotDelay": 150
		"type": "ShootBarrel",
		"barrels": [
		0,0,1,
		0,0,0,
		0,0,-1,
		],
	},
	"ammoTypes": {
	        "surge-alloy": {
            "type": "basicBulletType",
            "sprite": "circle",
            "shrinkY": 0,
            "speed": 16,
            "damage": 2000,
            "splashDamage": 500,
            "splashDamageRadius": 500,
            "lifetime": 120,
            "width": 5,
            "height": 35,
            "drawSize":15,
            "frontColor": "72D34CFF",
            "backColor": "72D34CFF",
            "ammoMultiplier": 1,
            "buildingDamageMultiplier": 0.5,
	        "pierce": false,
			"pierceBuilding": false,
            "top": true
            "trailLength": 100,
            "trailWidth": 5,
            "trailColor": "72D34CFF",
            "trailEffect": "none"
             "fragBullets": 35,
      "fragBullet": {
      "sprite":"古裂界-烟火火",
      "speed": 2,
      "pierce": true,
	  "pierceBuilding": true,
      "damage": 200,
      "lifetime": 150,
      "splashDamage": 400,
      "splashDamageRadius": 50,
      "smokeEffect":"none",
      "frontColor": "000000",
                  "hitEffect": {
			"type": "MultiEffect",
			"effects": [
			       {
					"type": "WaveEffect",
					"lifetime": 50,
					"sizeFrom": 25,
					"sizeTo": 35,
					"strokeFrom": 5,
					"strokeTo": 0,
					"colorFrom":"#72D34CFF",
					"colorTo": "#72D34CFF",
					},
					]},
      }
            "hitEffect": {
			"type": "MultiEffect",
			"effects": [
			       {
					"type": "WaveEffect",
					"lifetime": 100,
					"sizeFrom": 1000,
					"sizeTo": 0,
					"strokeFrom": 10,
					"strokeTo": 10,
					"colorFrom":"#72D34CFF",
					"colorTo": "#72D34CFF",
					},
								       {
					"type": "WaveEffect",
					"lifetime": 50,
					"sizeFrom": 500,
					"sizeTo": 0,
					"strokeFrom": 10,
					"strokeTo": 10,
					"colorFrom":"#72D34CFF",
					"colorTo": "#FFFFFF",
					},
								       {
					"type": "WaveEffect",
					"lifetime": 25,
					"sizeFrom": 250,
					"sizeTo": 0,
					"strokeFrom": 10,
					"strokeTo": 10,
					"colorFrom":"#FFFFFF",
					"colorTo": "#72D34CFF",
					},
								       {
					"type": "WaveEffect",
					"lifetime": 250,
					"sizeFrom": 0,
					"sizeTo": 6000,
					"strokeFrom": 10,
					"strokeTo": 10,
					"colorFrom":"#FFD900FF",
					"colorTo": "#FFD900FF",
					},
								       {
		"type": "ParticleEffect",
		"particles": 60,
		"line":true,
		"sizeFrom": 4,
		"sizeTo": 0,
		"length": 950,
		"baseLength": 420,
		"lifetime": 150,
		"colorFrom": "FFD900FF",
		"colorTo": "ffffff"
		},
										       {
		"type": "ParticleEffect",
		"particles": 100,
		"sizeFrom": 4,
		"sizeTo": 0,
		"line":true,
		"length": 1000,
		"baseLength": 260,
		"lifetime": 100,
		"colorFrom": "72D34CFF",
		"colorTo": "72D34CFF"
		},
		{
		"type": "ParticleEffect",
		"particles": 60,
		"sizeFrom": 20,
		"sizeTo": 0,
		"length": 100,
		"baseLength": 35,
		"lifetime": 200,
		"colorFrom": "97FFA8",
		"colorTo": "ffffff",
		"cone": 60
				},
					]},
		"chargeEffect": {
			"type": "MultiEffect",
			"effects": [
				{
					"type": "WaveEffect",
					"x": 0,
				    "y": 23,
					"lifetime": 120,
					"sizeFrom": 200,
					"sizeTo": 0,
					"strokeFrom": 3,
					"strokeTo": 0,
					"colorFrom": "FFFFFF",
					"colorTo": "72D34CFF"
				},
				{
					"type": "ParticleEffect",
					"x": 0,
				    "y": 23,
					"particles": 10,
					"strokeFrom": 8,
					"strokeTo": 0,
					"lenFrom": 30,
					"lenTo": 0,
					"line": true,
					"length": -100,
					"baseLength": 90,
					"lifetime": 60,
					"colorFrom": "FFFFFF",
					"colorTo": "72D34CFF",
					"cone": 360
				},
				{
					"type": "ParticleEffect",
					"x": 0,
				    "y": 23,
					"particles": 18,
					"sizeFrom": 0,
					"sizeTo": 4,
					"length": 90,
					"baseLength": -100,
					"lifetime": 60,
					"colorFrom": "FFFFFF",
					"colorTo": "72D34CFF",
					"cone": 360
				},
				{
					"type": "ParticleEffect",
					"x": 0,
				    "y": 23,
					"particles": 1,
					"sizeFrom": 0,
					"sizeTo": 3,
					"length": 0,
					"baseLength": -0,
					"lifetime": 110,
					"colorFrom": "FFFFFF",
					"colorTo": "72D34CFF"
				}
			]},
            "bulletInterval": 1.5,
            "intervalBullets": 2,
            "intervalSpread": 180,
            "intervalRandomSpread": 0,
            "intervalBullet": {
                "type": "basicBulletType",
                "sprite": "circle",
                "shrinkY": 0,
                "damage":100,
                "homingPower":0.02,
	            "homingRange": 250,
                "width": 5,
                "height": 5,
                "top": false
                "speed": 1,
                "lifetime": 60,
                "frontColor": "FFD900FF",
                "backColor": "FFD900FF",
                "trailLength": 100,
                "trailWidth": 3,
                "trailColor": "FFD900FF",
                "trailEffect": "none"
              "fragBullets": 1,
              "fragBullet": {
              "sprite":"烟火哨塔-烟火火",
              "width":1,
              "height":1,
              "speed": 50,
              "damage": 30,
              "lifetime": 0,
              "smokeEffect":"none",
              "frontColor": "EBEBEBFF",},
              "hitEffect":{
			"type": "MultiEffect",
			"effects": [
			       {
		"type": "ParticleEffect",
		"particles": 5,
		"line":true,
		"length": 100,
		"baseLength": 20,
		"lifetime": 100,
		"colorFrom": "FFD900FF",
		"colorTo": "ffffff"
		},
					]},
            },
            },
//##########################################\\
//##########################################\\
//##########################################\\
	        "宏电合金": {
            "type": "basicBulletType",
            "sprite": "circle",
            "shrinkY": 0,
            "speed": 15,
            "damage": 4000,
            "splashDamage": 1000,
            "splashDamageRadius": 600,
            "lifetime": 140,
            "width": 5,
            "height": 35,
            "drawSize":15,
            "frontColor": "72D34CFF",
            "backColor": "72D34CFF",
            "ammoMultiplier": 2,
            "buildingDamageMultiplier": 0.5,
	        "pierce": false,
			"pierceBuilding": false,
            "top": true
            "trailLength": 100,
            "trailWidth": 5,
            "trailColor": "72D34CFF",
            "trailEffect": "none"
             "fragBullets": 40,
      "fragBullet": {
      "sprite":"古裂界-烟火火",
      "speed": 2,
      "pierce": true,
	  "pierceBuilding": true,
      "damage": 200,
      "lifetime": 150,
      "splashDamage": 400,
      "splashDamageRadius": 50,
      "smokeEffect":"none",
      "frontColor": "000000",
      "fragBullets": 6,
      "fragBullet": {
      "type": "LightningBulletType",
      "speed": 0,
      "pierce": true,
	  "pierceBuilding": true,
	  "lightningLength":10,//电弧长度至下面
      "lightningLengthRand": 25,//电弧长度和
      "damage": 200,
      "lifetime": 60,
      "smokeEffect":"none",
      "colors":["72D34CFF", "FFFFFF"]
      },
                  "hitEffect": {
			"type": "MultiEffect",
			"effects": [
			       {
					"type": "WaveEffect",
					"lifetime": 50,
					"sizeFrom": 25,
					"sizeTo": 35,
					"strokeFrom": 5,
					"strokeTo": 0,
					"colorFrom":"#72D34CFF",
					"colorTo": "#72D34CFF",
					},
					]},
      }
            "hitEffect": {
			"type": "MultiEffect",
			"effects": [
			       {
					"type": "WaveEffect",
					"lifetime": 100,
					"sizeFrom": 1000,
					"sizeTo": 0,
					"strokeFrom": 10,
					"strokeTo": 10,
					"colorFrom":"#72D34CFF",
					"colorTo": "#72D34CFF",
					},
								       {
					"type": "WaveEffect",
					"lifetime": 50,
					"sizeFrom": 500,
					"sizeTo": 0,
					"strokeFrom": 10,
					"strokeTo": 10,
					"colorFrom":"#72D34CFF",
					"colorTo": "#FFFFFF",
					},
								       {
					"type": "WaveEffect",
					"lifetime": 25,
					"sizeFrom": 250,
					"sizeTo": 0,
					"strokeFrom": 10,
					"strokeTo": 10,
					"colorFrom":"#FFFFFF",
					"colorTo": "#72D34CFF",
					},
								       {
					"type": "WaveEffect",
					"lifetime": 250,
					"sizeFrom": 0,
					"sizeTo": 6000,
					"strokeFrom": 10,
					"strokeTo": 10,
					"colorFrom":"#FFD900FF",
					"colorTo": "#FFD900FF",
					},
								       {
		"type": "ParticleEffect",
		"particles": 60,
		"line":true,
		"sizeFrom": 4,
		"sizeTo": 0,
		"length": 950,
		"baseLength": 420,
		"lifetime": 150,
		"colorFrom": "FFD900FF",
		"colorTo": "ffffff"
		},
										       {
		"type": "ParticleEffect",
		"particles": 100,
		"sizeFrom": 4,
		"sizeTo": 0,
		"line":true,
		"length": 1000,
		"baseLength": 260,
		"lifetime": 100,
		"colorFrom": "72D34CFF",
		"colorTo": "72D34CFF"
		},
		{
		"type": "ParticleEffect",
		"particles": 60,
		"sizeFrom": 20,
		"sizeTo": 0,
		"length": 100,
		"baseLength": 35,
		"lifetime": 200,
		"colorFrom": "97FFA8",
		"colorTo": "ffffff",
		"cone": 60
				},
					]},
		"chargeEffect": {
			"type": "MultiEffect",
			"effects": [
				{
					"type": "WaveEffect",
					"x": 0,
				    "y": 23,
					"lifetime": 120,
					"sizeFrom": 200,
					"sizeTo": 0,
					"strokeFrom": 3,
					"strokeTo": 0,
					"colorFrom": "FFFFFF",
					"colorTo": "72D34CFF"
				},
				{
					"type": "ParticleEffect",
					"x": 0,
				    "y": 23,
					"particles": 10,
					"strokeFrom": 8,
					"strokeTo": 0,
					"lenFrom": 30,
					"lenTo": 0,
					"line": true,
					"length": -100,
					"baseLength": 90,
					"lifetime": 60,
					"colorFrom": "FFFFFF",
					"colorTo": "72D34CFF",
					"cone": 360
				},
				{
					"type": "ParticleEffect",
					"x": 0,
				    "y": 23,
					"particles": 18,
					"sizeFrom": 0,
					"sizeTo": 4,
					"length": 90,
					"baseLength": -100,
					"lifetime": 60,
					"colorFrom": "FFFFFF",
					"colorTo": "72D34CFF",
					"cone": 360
				},
				{
					"type": "ParticleEffect",
					"x": 0,
				    "y": 23,
					"particles": 1,
					"sizeFrom": 0,
					"sizeTo": 3,
					"length": 0,
					"baseLength": -0,
					"lifetime": 110,
					"colorFrom": "FFFFFF",
					"colorTo": "72D34CFF"
				}
			]},
            "bulletInterval": 1.5,
            "intervalBullets": 2,
            "intervalSpread": 180,
            "intervalRandomSpread": 0,
            "intervalBullet": {
                "type": "basicBulletType",
                "sprite": "circle",
                "shrinkY": 0,
                "damage":100,
                "homingPower":0.02,
	            "homingRange": 250,
                "width": 5,
                "height": 5,
                "top": false
                "speed": 1,
                "lifetime": 60,
                "frontColor": "FFD900FF",
                "backColor": "FFD900FF",
                "trailLength": 100,
                "trailWidth": 3,
                "trailColor": "FFD900FF",
                "trailEffect": "none"
              "fragBullets": 1,
              "fragBullet": {
              "sprite":"烟火哨塔-烟火火",
              "width":1,
              "height":1,
              "speed": 50,
              "damage": 30,
              "lifetime": 0,
              "smokeEffect":"none",
              "frontColor": "EBEBEBFF",
      "fragBullets": 3,
      "fragBullet": {
      "type": "LightningBulletType",
      "speed": 0,
      "pierce": true,
	  "pierceBuilding": true,
	  "lightningLength":5,//电弧长度至下面
      "lightningLengthRand": 15,//电弧长度和
      "damage": 200,
      "lifetime": 60,
      "smokeEffect":"none",
      "colors":["72D34CFF", "FFFFFF"]
      },
              },
              "hitEffect":{
			"type": "MultiEffect",
			"effects": [
			       {
		"type": "ParticleEffect",
		"particles": 5,
		"line":true,
		"length": 100,
		"baseLength": 20,
		"lifetime": 100,
		"colorFrom": "FFD900FF",
		"colorTo": "ffffff"
		},
					]},
            },
            },
            },
	"requirements": [
		"silicon/2000",
		"copper/2000",
		"lead/3000",
		"surge-alloy/1800",
		"plastanium/2000",
		"thorium/1000",
		"metaglass/1800",
	],
	"category": "turret",
	"research": "g炮"
}
