{
	"type": "ItemTurret",
	"name": "叕管",
	"health": 1000,
	"armor": 1,
	"size": 2,
	"reload": 10,
	"range": 380,
	"maxAmmo": 40,
	"ammoPerShot": 2,
	"recoilTime": 60,
	"recoil": 2,
	"shake": 0.1,
	"shoot": {
		"shots": 2,
		"shotDelay": 3,
		"type": "ShootBarrel",
		"barrels": [
			4,0,0,
			-4,0,0
		],
	},
	"liquidCapacity": 60,
	"shootSound": "malignShoot",
	"targetGround": true,
	"consumes": {
		"coolant": {
			"amount": 0.1,
			"optional": true
		}
	},
	"targetAir": true,
	"shootCone": 180,
	"inaccuracy": 2,
	"rotateSpeed": 4,
	"ammoTypes": {
	    	"copper": {
		    "pierceCap":1,
		    "reloadMultiplier":0.8,
			"speed": 16,
			"damage": 20,
			"knockback":0.5,
			"frontColor": "FFFFFF",
		    "backColor": "FFDA24FF",
			"lifetime":25,
			"width": 4,
			"height":40,
			"ammoMultiplier":4,
			"shootEffect": "shootBig",
			"smokeEffect": "none",
			"hitEffect": "none",
			"sprite": "古裂界-飞刃",
			"trailLength": 3,
		    "trailWidth": 2,
		    "trailColor": "FFDA24FF",
			},
			"lead": {
		    "pierceCap":2,
		    "reloadMultiplier":0.8,
			"speed": 16,
			"damage": 18,
			"knockback":0.5,
			"frontColor": "FFFFFF",
		    "backColor": "FFDA24FF",
			"lifetime":25,
			"width": 4,
			"height":40,
			"ammoMultiplier":4,
			"shootEffect": "shootBig",
			"smokeEffect": "none",
			"hitEffect": "none",
			"sprite": "古裂界-飞刃",
			"trailLength": 3,
		    "trailWidth": 2,
		    "trailColor": "FFDA24FF",
			},
	},
	"requirements": [
	    "copper/50"
	    "lead/10"
	],
	"category": "turret",
	"research": "a炮"
}