{
	"type": "ItemTurret",
	"name": "垂直发射系统",
	"health": 1850,
	"size": 3,
	"reload": 400,
	"range": 760,
	"customShadow": false,
	"fogRadiusMultiplier": 0.21,
	"maxAmmo": 32,
	"recoil": 0,
	"shootY": 0,
    "cooldownTime": 110,
	"minWarmup": 0.8,
	"shootWarmupSpeed": 0.055,
	"warmupMaintainTime": 120,
	"solid": false,
	"underBullets": true,
	"elevation": 0,
	"unitSort":"weakest",
	"drawer": {
		"type": "DrawTurret",
		"parts": [
			{
				"type": "RegionPart",
				"mirror": false,
				"x": 0,
				"y": 0,
				"suffix": "-片1",
				"moveX": 4,
				"moveY": 4
			},
			{
				"type": "RegionPart",
				"mirror": false,
				"x": 0,
				"y": 0,
				"suffix": "-片2",
				"moveX": -4,
				"moveY": -4
			},
		]
	},
	"shoot": {
		"shots": 8,
		"shotDelay": 20,
		"type": "ShootBarrel",
		"barrels": [
		0,5,0,
		]
	},
	"ammoUseEffect": {
		"type": "MultiEffect",
		"effects": [
			{
				"type": "ParticleEffect",
				"particles": 8,
				"sizeFrom": 4,
				"sizeTo": 1,
				"length": 45,
				"lifetime": 40,
				"lightOpacity": 0,
				"colorFrom": "FFFFFF80",
				"colorTo": "78787870",
				"cone": 80
			},
			{
				"type": "WaveEffect",
				"lifetime": 10,
				"sizeFrom": 0,
				"sizeTo": 28,
				"strokeFrom": 2,
				"strokeTo": 0,
				"colorFrom": "EEC59180",
				"colorTo": "FFFFFF"
			}
		]
	},
	"canOverdrive": true,
    "consumes": {
      "power":6
        "coolant": {
            "amount": 0.1,
            "optional": true
        }
    },
	"shootSound": "DD1",
	"targetGround": true,
	"targetAir": true,
	"inaccuracy": 5,
	"shootCone": 360,
	"shake": 1,
	"rotateSpeed": 0,
	"ammoPerShot": 8,
	"ammoTypes": {
		"graphite": {
			"type": "MissileBulletType",
			"buildingDamageMultiplier": 0.3,
			"splashDamageRadius": 32,
			"splashDamage": 30,
			"knockback": 0.7,
			"speed": 5,
			"damage": 22,
			"lifetime": 200,
			"homingPower": 0.15,
			"sprite": "古裂界-导弹",
			"backColor": "B0C4DE",
			"frontColor": "E3E3E3",
			"trailLength": 15,
			"trailWidth": 1.5,
			"trailColor": "FFFFFF80",
			"trailEffect": "none",
			"homingDelay": 10,
			"homingRange": 800,
			"status": "freezing",
			"statusDuration": 300,
			"width": 10,
			"height": 40,
			"hitShake": 1,
			"ammoMultiplier": 1,
			"smokeEffect": "shootSmallFlame",
			"hitEffect": "flakExplosionBig"
		},
		"blast-compound": {
			"type": "MissileBulletType",
			"buildingDamageMultiplier": 0.3,
			"splashDamageRadius": 45,
			"splashDamage": 60,
			"knockback": 3,
			"speed": 5,
			"damage": 17,
			"status": "blasted",
			"statusDuration": 600,
			"homingDelay": 10,
			"homingPower": 0.15,
			"homingRange": 800,
			"width": 10,
			"height": 40,
			"lifetime": 200,
			"sprite": "古裂界-导弹",
			"backColor": "FF7055",
			"frontColor": "E3E3E3",
			"trailLength": 15,
			"trailWidth": 1.5,
			"trailColor": "FFFFFF80",
			"trailEffect": "none",
			"hitShake": 1,
			"ammoMultiplier": 1,
			"smokeEffect": "shootSmallFlame",
			"hitEffect": "flakExplosionBig"
		},
		"pyratite": {
			"type": "MissileBulletType",
			"buildingDamageMultiplier": 0.3,
			"splashDamageRadius": 32,
			"splashDamage": 40,
			"status": "burning",
			"statusDuration": 600,
			"speed": 5,
			"damage": 14,
			"makeFire": true,
			"sprite": "古裂界-导弹",
			"backColor": "FFB90F",
			"frontColor": "E3E3E3",
			"trailLength": 15,
			"trailWidth": 1.5,
			"trailColor": "FFFFFF80",
			"trailEffect": "none",
			"homingDelay": 10,
			"homingPower": 0.15,
			"homingRange": 800,
			"width": 10,
			"height": 40,
			"lifetime": 200,
			"hitShake": 1,
			"ammoMultiplier": 1,
			"hitEffect": "flakExplosionBig",
			"smokeEffect": "shootSmallFlame"
		},
		"surge-alloy": {
			"type": "MissileBulletType",
			"buildingDamageMultiplier": 0.3,
			"lightningDamage": 20,
			"lightning": 3,
			"lightningLength": 8,
			"speed": 6,
			"damage": 20,
			"homingDelay": 10,
			"homingPower": 0.15,
			"homingRange": 800,
			"lifetime": 210,
			"width": 13,
			"height": 48,
			"sprite": "古裂界-导弹",
			"backColor": "F2E770FF",
			"frontColor": "E3E3E3",
			"trailLength": 16,
			"trailWidth": 2.5,
			"trailColor": "FFFFFF80",
			"trailEffect": "none",
			"hitEffect": "flakExplosionBig",
			"shootEffect": "shootSmallFlame",
			"splashDamageRadius": 45,
			"splashDamage": 75
		},
		"宏电合金": {
			"type": "MissileBulletType",
			"buildingDamageMultiplier": 0.3,
			"lightningDamage": 100,
			"lightning": 10,
			"lightningLength": 20,
			"speed": 6,
			"damage": 100,
			"homingDelay": 10,
			"homingPower": 0.15,
			"homingRange": 800,
			"lifetime": 210,
			"width": 13,
			"height": 48,
			"sprite": "古裂界-导弹",
			"backColor": "F2E770FF",
			"frontColor": "E3E3E3",
			"trailLength": 16,
			"trailWidth": 2.5,
			"trailColor": "FFFFFF80",
			"trailEffect": "none",
			"hitEffect": "flakExplosionBig",
			"shootEffect": "shootSmallFlame",
			"splashDamageRadius": 45,
			"splashDamage": 75
		},
		"古能源": {
			"type": "MissileBulletType",
			"buildingDamageMultiplier": 0.3,
			"speed": 9,
			"damage": 200,
			"ammoMultiplier": 1,
			"homingDelay": 4,
			"homingPower": 0.1,
			"homingRange": 800,
			"lifetime": 90,
			"width": 13,
			"height": 44,
			"hittable": false,
			"pierceArmor": true,
			"status": "通量",
			"statusDuration": 104,
			"absorbable": false,
			"sprite": "古裂界-导弹",
			"backColor": "EEC591",
			"frontColor": "E3E3E3",
			"trailLength": 15,
			"trailWidth": 1.5,
			"trailColor": "FFFFFF80",
			"trailEffect": "none",
			"despawnEffect": "instBomb",
			"shootEffect": "shootSmallFlame",
			"hitSound": "laser",
			"splashDamageRadius": 48,
			"splashDamage": 85,
			"fragRandomSpread": 0,
			"fragBullets": 1,
			"fragBullet": {
				"hitEffect": {
					"type": "MultiEffect",
					"effects": [
						{
							"type": "ParticleEffect",
							"particles": 5,
							"sizeFrom": 4,
							"sizeTo": 0,
							"length": 45,
							"baseLength": 9,
							"lifetime": 15,
							"colorFrom": "FEEBB3",
							"colorTo": "FFFFFF",
							"cone": 40
						},
						{
							"type": "WaveEffect",
							"lifetime": 10,
							"sizeFrom": 2,
							"sizeTo": 40,
							"strokeFrom": 3,
							"strokeTo": 0,
							"colorFrom": "FEEBB3",
							"colorTo": "FEEBB3"
						}
					]
				},
				"despawnEffect": "instBomb",
				"hitSound": "laser",
				"buildingDamageMultiplier": 0.3,
				"width": 10,
				"height": 4,
				"damage": 25,
				"collides": true,
				"splashDamageRadius": 40,
				"splashDamage": 45,
				"lifetime": 10,
				"speed": 3.2,
				"fragRandomSpread": 0,
				"fragBullets": 1,
				"fragBullet": {
					"hitEffect": {
						"type": "MultiEffect",
						"effects": [
							{
								"type": "ParticleEffect",
								"particles": 5,
								"sizeFrom": 4,
								"sizeTo": 0,
								"length": 45,
								"baseLength": 9,
								"lifetime": 15,
								"colorFrom": "FEEBB3",
								"colorTo": "FFFFFF",
								"cone": 40
							},
							{
								"type": "WaveEffect",
								"lifetime": 10,
								"sizeFrom": 2,
								"sizeTo": 40,
								"strokeFrom": 3,
								"strokeTo": 0,
								"colorFrom": "FEEBB3",
								"colorTo": "FEEBB3"
							}
						]
					},
					"buildingDamageMultiplier": 0.3,
					"despawnEffect": "instBomb",
					"hitSound": "laser",
					"width": 10,
					"height": 4,
					"damage": 25,
					"collides": true,
					"splashDamageRadius": 40,
					"splashDamage": 45,
					"lifetime": 10,
					"speed": 3.2
				}
			}
		}
	},
	"requirements": [
		"lead/190",
		"graphite/70",
		"普通芯片/90",
		"plastanium/50"
	],
	"researchCostMultiplier": 0.45,
	"category": "turret",
	"research": "swarmer"
}