{
	"type":"ItemTurret",
	"name":"应激",
    "description":"在前期使用但是或许一堆有点效果",
	"size":3,//物品面积
	"health": 350,//建筑血量
	"range":570,//攻击范围
	"reload":120,//60：0.1每秒一个
	"inaccuracy":1,//误差
	"shootSound": "missileLaunch",
	    "consumes": {
        "coolant": {
            "amount": 0.1,
            "optional": true
        }
    },
	"ammoPerShot":10,
	"rotatespeed":0.5,//旋转速度
	"maxAmmo":100,//最大弹药
	"targetAir":true//攻击天空
	"targetGround":true,//攻击地面
	"coolantMultiplier":2,
	"heatColor":"#FF0000",
			"shootEffect": {
		"type": "MultiEffect",
		"effects": [
		       {
		        "type": "ParticleEffect",
				"particles": 50,
				"sizeFrom": 2.5,
				"sizeTo": 0,
				"sizeInterp":"pow10In",
				"interp":"pow5Out",
				"length": 100,
				"baseLength": 10,
				"lifetime": 45,
				"colorFrom": "FFA05CA1",
				"colorTo": "FFA05C88",
				"cone": -45}]},
	"ammoTypes":{
		"surge-alloy": {
			"inaccuracy": 0,
			"ammoMultiplier": 50,
			"shootCone": 60,
			"alternate": true,
			"shake": 5,
			"keepVelocity": false,
			"speed": 0,
			"shootEffect": "none",
			"smokeEffect": "shootSmallFlame",
			"spawnUnit": "导弹.中"
			},
		"thorium": {
		    "reloadMultiplier": 5,
			"inaccuracy": 0,
			"ammoMultiplier": 5,
			"shootCone": 60,
			"alternate": true,
			"shake": 2,
			"keepVelocity": false,
			"speed": 0,
			"shootEffect": "none",
			"smokeEffect": "shootSmallFlame",
			"spawnUnit": "导弹.小.快"
			},
	         },
	"requirements": [
		"silicon/200",
		"copper/200",
		"lead/100",
	],
	"category": "turret",
	"research":"duo"
	"drawer": {
		"type": "DrawTurret",
		"parts": [
			{
				"type": "RegionPart",
				"mirror": false,
				"x": 0,
				"y": 0,
				"suffix": "-管",
				"moveX": 0,
				"moveY": 0,
				"layer": 60,
				"under": true
			},
			{
				"type": "RegionPart",
				"mirror": true,
				"x": 2.5,
				"y": 0,
				"suffix": "-部位",
				"moveX": 1,
				"moveY": 0.5,
				"layer": 90,
				"under": true
			},
			],
},
}