{
	"type": "ItemTurret",
	"name": "光阴",
	"health": 2200,
	"armor": 5,
	"size": 3,
	"reload": 60,
	"range": 400,
	"maxAmmo": 50,
	"ammoPerShot": 2,
	"recoilTime": 25,
	"recoil": 2.88,
	"shake": 2.5,
	"shoot": {
		"shots": 3,
		"shotDelay": 8,
		"type": "ShootBarrel",
		"barrels": [
			0,-15,0,
		],
	},
	"liquidCapacity": 60,
	"shootSound": "laser",
	"targetGround": true,
	"consumes": {
		"coolant": {
			"amount": 0.5,
			"optional": true
		}
	},
	"targetAir": true,
	"shootCone": 180,
	"inaccuracy": 1,
	"rotateSpeed": 6,
	"ammoTypes": {
		"graphite": {
			"type": "BasicBulletType",
			"reloadMultiplier": 0.9,
			"speed": 13,
			"lifetime": 30,
			"damage": 60,
			"splashDamage": 20,
			"splashDamageRadius": 20,
			"knockback": 0.25,
			"width": 8,
			"height": 8,
			"ammoMultiplier": 2,
			"shootEffect": "shootBig",
			"smokeEffect": "shootBigSmoke",
		    "trailLength": 8,
            "sprite":"古裂界-白",
            "trailWidth": 3,
            "trailColor": "FFF04EFF",
            "trailEffect": "none"
	    	"frontColor": "FFFFFF",
		    "backColor": "FFF04EFF",
		    "despawnEffect": {
			"type": "WaveEffect",
			"lifetime": 60,
			"sizeFrom": 40,
			"sizeTo": 40,
			"strokeFrom": 8,
			"strokeTo": 1,
			"colorFrom": "FFF04EFF",
			"colorTo": "97FFA8"
				},
		},
		"thorium": {
			"type": "BasicBulletType",
			"reloadMultiplier": 0.7,
			"speed": 13,
			"lifetime": 35,
			"damage": 70,
			"splashDamage": 30,
			"splashDamageRadius": 30,
			"knockback": 0.25,
			"width": 8,
			"height": 8,
			"ammoMultiplier": 1,
			"shootEffect": "shootBig",
			"smokeEffect": "shootBigSmoke",
		    "trailLength": 8,
            "sprite":"古裂界-白",
            "trailWidth": 3,
            "trailColor": "BD4882FF",
            "trailEffect": "none"
	    	"frontColor": "BD4882FF",
		    "backColor": "BD4882FF",
		    "despawnEffect": {
			"type": "WaveEffect",
			"lifetime": 60,
			"sizeFrom": 40,
			"sizeTo": 40,
			"strokeFrom": 8,
			"strokeTo": 1,
			"colorFrom": "BD4882FF",
			"colorTo": "97FFA8"
				},
		},
	},
	"requirements": [
	    "copper/100"
		"titanium/210",
		"graphite/125",
		"thorium/125",
		"metaglass/45",
	],
	"category": "turret",
	"research": "a炮"
}