{
	"name": "雷诺",
	"type": "ItemTurret",
	"size": 4,
	"health": 2350,
	"shootEffect":"none",
	"shootSound":"plasmadrop",
	"range": 500,
	"reload":900,
	"coolantMultiplier":2,
	"ammoPerShot": 10,
	"maxAmmo":50,
	"liquidCapacity": 20,
	"inaccuracy": 0,
	"recoil": 3.5,
	"rotateSpeed": 1,
	"shake": 5,
			"drawer": {
		"type": "DrawTurret",
		"parts": [
			{
				"type": "RegionPart",
				"mirror": false,
				"under": true,
				"suffix": "-部件",
				"progress": "recoil",
				"moveY": -6
			}
		]
	},
            "ammoTypes": {
            "surge-alloy": {
            "type": "BasicBulletType",
            "ammoMultiplier": 1,
            "sprite": "circle",
            "shrinkY": 0,
            "speed": 5,
            "damage": 0,
            "splashDamage": 0,
            "splashDamageRadius": 0,
            "lifetime": 800,
            "width": 1,
            "height": 1,
            "drawSize":1,
            "frontColor": "00000000",
            "backColor": "00000000",
	        "pierce": true,
			"pierceBuilding": true,
			"collidesGround": false,
		    "collidesAir": false,
			"drag": 0.01,
            "bulletInterval": 1,
            "intervalBullets": 5,
            "intervalSpread": 0,
            "inaccuracy":0,
            "intervalRandomSpread": 360,
            "intervalBullet": {
                "pierce": true,
			    "pierceBuilding": true,
                "type": "LightningBulletType",
                "sprite": "circle",
                "inaccuracy":360,
                "damage": 30,
                "lightningLength":10,//电弧长度至下面
                "lightningLengthRand": 25,//电弧长度和
                "lightningColor": "BF92F9FF",
                "frontColor": "BF92F9FF",
                "backColor": "BF92F9FF",
            },
            }
	},
	"consumes": {
	"power": 20,
		"coolant": {
			"amount": 0.1,
			"optional": true
		}
	},
	"requirements": [
		"lead/100",
		"silicon/400",
		"copper/1000",
		"航空芯片/100",
	    "普通芯片/100",
],
"category": "turret",
"research": "清零"
  }