{
	"type": "flying",
	"name": "[yellow]挖矿机t4",
	"controller": "BuilderAI",
	"description": "贴图\n烂",
	"speed": 1.5,	
	"drag":0.05,
	"accel":0.1,
	"payloadCapacity":200,
	    "mineTier": 4,
    "mineSpeed": 11,
	"rotateSpeed":5,
	"ammoCapacity": 0,
	"hitSize":20, 
	"buildSpeed": 5,
	"flying": true,
	"faceTarget": true,
	"range":240,
	"health": 2000,
	"armor":9,
	"research": "挖矿机t3",
	    "itemCapacity": 160,
	     "abilities":[
           {
              "type": "RepairFieldAbility",
              "range": 75,
              "amount": 100,
              "reload": 120
        }
        ]
	    	"ammoType":{
	"type":"PowerAmmoType",
	"totalPower":100},
	"weapons": [
{
  "x":0
  "y":4
  "shootY":4
      "rotateSpeed":4,
  "top": true
  "rotate":true
  	    "mirror":true,	
  "reload": 10,//攻击速度
  "ejectEffect":"casing1"
        "shootSound":"激光音效",
 "shots": 1,
  "inaccuracy":0
  "alternate":true,
  "ignoreRotation": false,
    	"shoot":{
	"shots":2
	"shotDelay":0
	"alternate":false}
  "bullet":{
               "speed": 6
               "lifetime": 32
               "damage":10
               "width": 7
               "shrinkY":0
               "height": 7
               "healPercent":6
               "collidesTeam":true
               	"frontColor": "71FF64"
               	"homingRange":16,
               	"homingPower":0.02,
	"backColor": "71FF64"
		"weaveMag": 0,
	"weaveScale": 5,
	"trailLength": 10,
	"trailWidth": 1.2,
	"trailColor": "71FF61",
}
}
]
}