{
	"type": "flying",
	"name": "[brown]挖矿机t2",
	"controller": "BuilderAI",
	"description": "原本这个贴图是t3的，但因为太小就改成t2的了\n可以辅助建造",
	"payloadLimit":8,
	"speed": 2.4,	
	"buildSpeed": 1,
	"drag":0.05,
	"accel":0.1,
	    "mineTier": 2,
    "mineSpeed": 4.5,
	"rotateSpeed":7,
	"ammoCapacity": 0,
	"hitSize":9, 
	"flying": true,
	"faceTarget": true,
	"range":4,
	"health": 288,
	"armor":1,
	"research": "挖矿机t1",
	    "itemCapacity": 50,
	    	"ammoType":{
	"type":"PowerAmmoType",
	"totalPower":100},
}
