{
	"type":"Sorter",
	"category": "distribution",//菜单栏
	"name": "反向输送分类器",//名字
	"description": "选中的物品将会向侧边输出，其他物品向前输出",//介绍
	"research":"输送路由器",//科技树前置
	"placeableLiquid": true
	"invert":true,

	"requirements": [//建造消耗
	"碲/3"
	"锂/3"],

	"size":1,//平方大小
	"health":100//血量
	"regionRotated":1,//区域旋转
	"solid":false,//实体
	"underBullets":true,//子弹下面
	"speed": 2,//运输速度＝60÷speed
	"itemCapacity":5,//物品容量
	"displayedSpeed":10,//显示速度
}