{
	"type": "OverflowDuct",//类型,溢流门
	"category": "distribution",//菜单栏
	"name": "输送溢流闸",//名字
	"description": "若前方管道溢满则向侧方输入",//介绍
	"placeableLiquid": true

	"research":"输送路由器",//科技树前置

	"requirements": [//建造消耗
	"碲/3"
	"锂/3"],
	"size":1,//平方大小
	"health":100//血量
	"regionRotated":1,//区域旋转
	"solid":false,//实体
	"underBullets":true,//子弹下面
	"speed": 2,//运输速度＝60÷speed
	"itemCapacity":5,//物品容量
	"displayedSpeed":10,//显示速度
}