{
	"type": "DuctBridge",//类型,自连桥
	"range":7,//范围
	"category": "distribution",//菜单栏
	"name": "输送管道桥",//名字
	"description": "跨越任何地形传输物品",//介绍
	"placeableLiquid": true

		"research": {
	"parent": "输送路由器",//科技树前置
	"requirements": [//研究花费
	"碲/5",
	"锂/3"
	]
	}

	"requirements": [//建造消耗
	"碲/3"
	"锂/3"],

	"size":1,//平方大小
	"health":100//血量
	"speed": 2,//运输速度＝60÷speed
	"itemCapacity":10,//物品容量
	"displayedSpeed":10,//显示速度
}