{
	"name": "裂相",
	"color": "eec591",
	"damage":148
	"damageMultiplier":0.5
	"transitionDamage":848
	"affinities":["崩坏"],
	"dragMultiplier": 0.5
	"healthMultiplier":0.5
    "speedMultiplier": 0.3
	"reloadMultiplier": 0.3
	"effectChance":0.6
	"effect": {
		"type": "MultiEffect",
		"effects": [
			{
				"type": "ParticleEffect",
				"particles": 1,
				"region":"这是一个模组-三角形"
				"baseLength": 25,
				"length":28
				"lifetime": 60,
				"spin": 3
				"sizeInterp":"pow3In",
				"sizeFrom": 6
				"sizeTo": 0
				"colorFrom": "eec591",
				"colorTo": "eec591be"
			},
			{
				"type": "ParticleEffect",
				"region":"这是一个模组-菱形"
				"particles":2
				"baseLength": 0,
				"length": 32
				"lifetime": 60
				"sizeFrom":8
				"sizeTo": 0,
				"interp": "fastSlow",
				"colorFrom": "eec591",
				"colorTo": "eec591be"
			}
		]
	}
}