{
	"type": "GenericCrafter",
	"name": "合金熔炉",
	"health": 320,
	"description": "简易的合金熔炉，能加工铜,铅,石墨从而制成基础合金，这是超限集团对基础资源的二次利用。\n\n[blue][超限技术低级工厂]",
	"outputItem": { "item": "0铜铅合金", "amount": 4 },
	"alwaysUnlocked": false,
	"size": 2,
	"craftEffect": "smoke",
	"drawer":{
        "type":"DrawMulti",
        "drawers":[
            "DrawDefault",
			"DrawFlame"
            ]
    },
	"hasPower": false,
	"hasLiquids": false,
	"hasItems": true,
	"craftTime": 60,
	"itemCapacity": 10,
	"consumes": {
    "items": {	 "items": [
    { "item": "lead", "amount": 2}
    { "item": "graphite", "amount": 2}
 { "item": "copper", "amount": 3}	]
  } },
"requirements": [
{ "item": "graphite", "amount": 40}
	{ "item": "lead", "amount": 70 },
	{ "item": "copper", "amount": 65 },
	],
	"category": "crafting",
	"research": {
	"parent":"BAAs超限科技s"
	"objectives": [
            {
				"type": "OnSector",
				"preset": "未知废墟"
			}
	]
	}
	"researchCostMultiplier": 0.1
	"buildCostMultiplier":0.25
}