{
    "name": "复式爆炸物混合机",
    //名字
    "type": "GenericCrafter",
    //类型:制作站
    "description": "无需电力，快速加工爆炸混合物，以求前期产量，但有大量损耗，尽管如此，它依旧被超限集团用于合成爆炸混合物。\n\n[blue][超限技术低级工厂]",
    //介绍
    "itemCapacity": 12,
    //物品容量
    "health": 300,
    //血量
    "size": 3,
    //大小（1为一格）
    "hasPower": false,
    //需求电力
    "hasLiquids": false,
    //需求液体
    "hasItems": true,
    //需求物品
    "craftTime": 60,
    //生产时间
    "updateEffect": true,
    //生产时效果
    "consumes": {
    //输入
        "items": {
        //物品
            "items": [
            //物品
                {
                    "item": "spore-pod",
                    //物品:铜
                    "amount": 3
                    //输入数量
                },
                {
                    "item": "pyratite",
                    "amount": 2
                },
            ]
        },
    },
  
    "outputItem": {
    //输出
        "item": "blast-compound",
        //物品
        "amount": 2
        //输出数量
    }
    "requirements": [
    //建造需求
        {
            "item": "titanium",
            //物品:硅
            "amount": 85
            //需求数量
        },
        {
            "item": "lead",
            //物品:铅
            "amount": 125
            //需求数量
        }
        { "item": "0铜铅合金", "amount": 40 },
    ],
    "category": "crafting",
    	"research": {
	"parent":"BAAsGT1A铜铅熔合炉"
	"objectives": [
            {
				"type": "SectorComplete",
				"preset": "污染小道"
			}
			"blast-mixer"
			/*{
				"type": "OnComplete",
				"preset": "污染小道"
			}*/
	]
	}
    "buildCostMultiplier":0.4
}