{
	"type": "GenericCrafter",
	"name": "再构流体工厂",
	"description": "通过部分材料制的再构流体，其较为粗糙的制作过程使其只带有较小机械活性，这也使得超限集团可以研发出更为优秀的修复武器。\n\n[blue][超限技术中级工厂]",
	"health": 360,
		"outputLiquid": {"liquid": "00再构流体", "amount": 0.4},
	"itemCapacity": 30
	"liquidCapacity":30
	"size": 3,
    "hasItems": true,
	"hasLiquids": true,
	"solid": true,
	"outputsLiquid": true,
	"hasPower": true,
	"liquidCapacity": 60,
	"craftTime": 45,
	"drawer":{
	    "type":"DrawMulti",
	    "drawers":[
	    {
	    "type":"DrawRegion",
	    "suffix":"-bottom"
	    },
	    {
	       "type":"DrawLiquidTile",
	    "drawLiquid":"00再构流体"
	    },
	    "DrawDefault"
	]},
	"consumes": {
		"power": 3.6
		"items":{
		"items":[
		{"item":"0铜铅合金","amount":2}
		{"item":"titanium","amount":1}
		{"item":"silicon","amount":2}]}
		},
	"requirements": [
	{ "item": "titanium", "amount": 150 }
	{ "item": "0铜铅合金", "amount": 120 },
	{ "item": "graphite", "amount": 70 },
	{ "item": "metaglass", "amount": 120}
	{"item":"silicon","amount":120}
	],
	"category": "crafting",
	"research": {
	"parent":"BAAsGT1A铜铅熔合炉"
	"objectives": [
            {
				"type": "SectorComplete",
				"preset": "污染小道"
			}
			/*{
				"type": "OnComplete",
				"preset": "污染小道"
			}*/
	]
	}
	"buildCostMultiplier":0.25
}