{
	"type": "payload",
	"payloadCapacity":576
	"payloadLimit":8,
	"name": "落星",
//	"controller": "MinerAI",
	"description": "可以装单位！",
	"speed": 2.4,	
	"drag":0.05,
	"accel":0.1,
	    "mineTier": 3,
    "mineSpeed":10
    "buildSpeed": 1,
	"rotateSpeed":6,
	"abilities":[
	{
    "type": "ForceFieldAbility"
    "radius": 40
    "regen": 1
    "max": 300
    "cooldown": 300
  }
  {
              "type": "RepairFieldAbility",
              "range": 60,
              "amount": 50,
              "reload": 300
  }
  ]
	"ammoCapacity": 0,
	"hitSize":16, 
	"flying": true,
	"faceTarget": true,
	"health": 600,
	"armor":4,
	"research": {
"parent": "z11流星",//前置（前面科技）
"objectives": [
"z06倍乘级碳钢单位重构工厂"
]
}
	    "itemCapacity": 60,
	    	"ammoType":{
	"type":"PowerAmmoType",
	"totalPower":100
	},
	"weapons":[ 
	{
	"name":"z12落星1",
	"mirror":true,
	"rotateSpeed":3
  "x":4
  "y":4
  "shootY":4
  "top": true
  "rotate":false
  "reload": 30
  "shootSound":"sap",
  "ejectEffect":"none"
  "shots": 1,
  "inaccuracy":0
  "alternate":true,
  "ignoreRotation": false,
  "shoot": {
        "shots": 1,
        "shotDelay": 0
        }
  "bullet":{
  "type":"ArtilleryBulletType",
               "speed": 7.5
               "lifetime": 30
               "damage":12
               "splashDamageRadius":12,
            "splashDamage":12,
//               "despawnEffect":"none",
	    "hitEffect":"none",
	"smokeEffect":"none"
               "frontColor": "8BFF7EFF",
        "backColor": "8BFF7EFF",
        "trailColor":"8BFF7EFF",
        "width": 8,
        "height": 8,       
        "collidesTeam":true,
//"reflectable":false,//被反弹
"healAmount":40,
"healPercent":3,
"hitEffect":"none"
}
}
{
	"name":"z12落星1",
	"mirror":true,
	"rotateSpeed":3
  "x":8
  "y":0
  "shootY":4
  "top": true
  "rotate":false
  "reload": 36
  "shootSound":"sap",
  "ejectEffect":"none"
  "shots": 1,
  "inaccuracy":0
  "alternate":true,
  "ignoreRotation": false,
  "shoot": {
        "shots": 1,
        "shotDelay": 0
        }
  "bullet":{
  "type":"ArtilleryBulletType",
               "speed": 7.5
               "lifetime": 30
               "damage":12
               "splashDamageRadius":12,
            "splashDamage":12,
               "despawnEffect":"none",
	    "hitEffect":"none",
	"smokeEffect":"none"
               "frontColor": "8BFF7EFF",
        "backColor": "8BFF7EFF",
        "trailColor":"8BFF7EFF",
        "width": 8,
        "height": 8,       
        "collidesTeam":true,
//"reflectable":false,//被反弹
"healAmount":40,
"healPercent":3,
//"hitEffect":"none"
}
}
]
}
