{
	"type": "payload",
	"payloadCapacity":1600,
	"payloadLimit":8,
	"name": "云泣",
//	"controller": "MinerAI",
	"description": "a",
	"speed": 0.65	
	"drag":0.035,
	"accel":0.1,
    "buildSpeed": 4,
	"rotateSpeed":1.6,
	"abilities":[
	{
    "type": "ForceFieldAbility"
    "radius": 160
    "regen": 6
    "max": 8000
    "cooldown": 600
  }
  {
              "type": "RepairFieldAbility",
              "range": 100,
              "amount": 300,
              "reload": 420
  }
  { 
    "type": "UnitSpawnAbility",
    "unit": "z10飞星",
    "spawnX": 0,
    "spawnY": 0,
    "spawnTime": 3600
    },
    {
			"type": "RegenAbility",
			"percentAmount": 0.004
		}
		{
            "type": "StatusFieldAbility",
            "duration": 400,
            "reload": 240,
            "range": 240,
            "applyEffect": "none",
            "effect":"治疗",
            "status":"治疗",
            "activeEffect": {
                "type": "WaveEffect",
                "lifetime": 30,
                "sizeFrom": 10,
                "sizeTo": 200,
                "strokeFrom": 8,
                "strokeTo": 0,
                "colorFrom": "EC6060FF",
                "colorTo": "EC6060FF",
                "layer": 110
            },
        },  
    { 
    "type": "UnitSpawnAbility",
    "unit": "z11流星",
    "spawnX": 0,
    "spawnY": 0,
    "spawnTime": 7200
    },
  ]
	"ammoCapacity": 0,
	"hitSize":64, 
	"flying": true,
	"faceTarget": true,
	"health": 35000,
	"armor":10,
	"research": {
"parent": "z13残星",//前置（前面科技）
"objectives": [
"z08无量级碳钢单位重构工厂"
]
}
	    "itemCapacity": 280,
	    	"ammoType":{
	"type":"PowerAmmoType",
	"totalPower":100
	},
	"weapons":[ 
{
	"minShootVelocity": 0.5,
	"x":0,	"y":0,	
	"reload":60,
	"rotate":false,
	"shootSound": "artillery",
	"shots":1,
	"shootCone": 360,
	"ejectEffect":{
"type": "MultiEffect",
"effects": [
    {
        "type": "WaveEffect",
        "lifetime": 15,
        "sizeFrom": 100,
        "sizeTo": 1,
        "strokeFrom": 4,
        "strokeTo": 0,
        "colorFrom": "8BFF7EFF",
        "colorTo": "8BFF7EFF"
    }
    ]
		}
	"alternate":false,
	"inaccuracy":0,
	"bullet": {
	"type": "BombBulletType",
	"sprite":"missile-large",
	"width":10 ,"height": 10,
	"drag":114,  "shrinkY":0,
	"frontColor":"8BFF7EFF",
	"backColor":"8BFF7EFF"
	//"buildingDamageMultiplier":0.5,
	"lightningDamage":0,
	"lightningLength":0,
	"splashDamageRadius":100,
	"splashDamage":160,
	"damage":50,
	"collidesTeam":true,
"healAmount":300,
"healPercent":20,
	"hitEffect":{
"type": "MultiEffect",
"effects": [
    {
        "type": "WaveEffect",
        "lifetime": 30,
        "sizeFrom": 1,
        "sizeTo": 100,
        "strokeFrom": 6,
        "strokeTo": 0,
        "colorFrom": "8BFF7EFF",
        "colorTo": "ffffff"
    }
    ]
		}	}
		}
		{
"type":"PointDefenseWeapon",
"name":"z13残星2",//名称
"x":8,"y":0,
"reload":4,
"targetInterval":5,
"targetSwitchInterval":5,
"top":true,
"mirror":true,//镜像
"bullet":{
"type":"BulletType",
"shootEffect":"sparkShoot",
"maxRange":320,
"damage":40,
"ammoMultiplier":1,//每个物品能够
}
}
]
}
