{
"name": "星海",
"description":"天垠---倍乘级碳钢单位重构工厂---星海",
	"type": "flying",
	"research": {
	"parent": "horizon",//科技树前置
	"objectives": [
	"z06倍乘级碳钢单位重构工厂",//研究xx
/*	{
	"type": "OnSector",//进入地图
		"preset": "放射陨石坑"
		},*/
		]
	},
	"circleTarget": true,//圆形影子
	"faceTarget": false,
	"targetAir": false,//目标空军
	"flying": true,
	"health": 3000,
	"hitSize": 16,
	"armor": 0,
	"range": 120,
	"accel": 0.07,
	"drag": 0.025,
	"speed": 2,
	"rotateSpeed": 4.5,
	"targetFlags": [//优先攻击
		"reactor",//反应堆
		"generator",//发电机
		"factory"//工厂
	],
	"weapons": [
		{
//		"range": 60,
			"reload": 90,
			"shootCone": 360,
			"shoot": {
				"shots": 3,
				"shotDelay": 2
			},
			"ignoreRotation": true,//忽略旋转
			"minShootVelocity": 0.04,
			"shootSound": "plasmadrop",
			"bullet": {
			"width":10,
			"height":10,
			"speed": 0,
			"frontColor":"FFE4AA",
            "backColor":"FF9F69",
			"shrinkX":0.2,"shrinkY":0.2,
			"splashDamageRadius":40,
            "splashDamage":80,
            "collidesAir":false,
			"despawnEffect":"none",
				"hitSound": "plasmaboom",
				"hitEffect": {
					"type": "WrapEffect",
					"effect": "dynamicSpikes",
					"color": "FFE4AA",
					"rotation": 40
				},
				"hitShake": 3,
				"despawnEffect": "massiveExplosion"
			}
		}
	],
}