{
	"type": "flying",
	"name": "激光飞钻",
	"controller": "MinerAI",
	"description": "明明是激光钻头却挖不了钍的屑",
	"speed": 1.5,	
	"drag":0.05,
	"accel":0.1,
	"mineTier": 3,
    "mineSpeed":10
    "targetItem":[
    "copper"
    "lead"
    ]
//    "buildSpeed": 0.2,
	"rotateSpeed":7,
	"ammoCapacity": 0,
	"hitSize":12, 
	"flying": true,
	"faceTarget": true,
	"health": 1500,
	"armor":0,
	"research":{
"parent": "气动飞钻",//前置（前面科技）
"objectives": [
"z06倍乘级碳钢单位重构工厂"
]
}
	    "itemCapacity": 40,
	    	"ammoType":{
	"type":"PowerAmmoType",
	"totalPower":100
	},
}
