{
	"type": "flying",
	"name": "爆破飞钻",
	"controller": "MinerAI",
	"description": "可以挖钍",
	"speed": 1,	
	"drag":0.05,
	"accel":0.1,
	"mineTier": 4,
    "mineSpeed":18
    "targetItem":[
    "copper"
    "lead"
    ]
//    "buildSpeed": 0.2,
	"rotateSpeed":7,
	"ammoCapacity": 0,
	"hitSize":24, 
	"flying": true,
	"faceTarget": true,
	"health": 1500,
	"armor":0,
	"research":{
"parent": "激光飞钻",//前置（前面科技）
"objectives": [
"z07多幂级碳钢单位重构工厂"
]
}
	    "itemCapacity": 60,
	    	"ammoType":{
	"type":"PowerAmmoType",
	"totalPower":100
	},
}
