{
	"name":"单管",
	"description":"[yellow]越♂打♂越♂快♂\n[]停止攻击后恢复攻击速度\n[grey]懂了，1>2(指炮管数量)",
	"size":2,
	"health":1100,
	"ammoPerShot":1,
	"consumeAmmoOnce": false,
	"range":180,
	"reload":40,
	"inaccuracy":1,
	"ammoPerShot":1,
	"ammoUseEffect": "casing2",
	"rotateSpeed":5,
	"maxAmmo":30
	"targetAir":true
	"targetGround":true,
	"canOverdrive": true,
	"coolantMultiplier":10,
	"heatColor":"#FF0000",
	"shoot": {
		"shots": 3
		"shotDelay": 5
	},
	"consumes": {
		"coolant": {
			"amount": 0.1,
			"optional": true
		}
	},
	"ammoTypes":{
		"copper": {
			"reloadMultiplier":1,
			"speed": 6,
			"damage": 30,
			"knockback":0.1,
			"lifetime":30,
			"width": 8,
			"height": 10,
			"ammoMultiplier":3,
			"shootEffect": "shootBig"
			 }
		"graphite":{
			"speed": 6,
			"damage": 48,
			"reloadMultiplier":0.6,
			"lifetime":30,
			"width": 9,
			"height": 12,
			"ammoMultiplier":5,
			"shootEffect": "shootBig"
			},
			"silicon":{
"type":"BasicBulletType",
"width":8,
"height":10,
"lifetime":30,
"speed":6,
"damage":38
"reloadMultiplier":1.2,
"homingPower":0.1,
"reloadMultiplier":1,
"ammoMultiplier":4,
"homingRange":80,
"homingPower":0.025,
}
	},
	"requirements": [
		{ "item": "copper", "amount":85 },
		{ "item": "graphite", "amount":35 },
	],
	"category": "turret",
	"research": {
	"parent": "duo"//科技树前置
	"requirements": [//研究花费
	"copper/850",
	"graphite/350",
	]	},
}