{
	"type":"ItemTurret",
	"name":"裂爆",
	"description":"boom",
	"size":3,//物品面积
	"health":2000,//建筑血量
	"ammoPerShot":2,
	"range":240,//攻击范围
	"reload":40,//60：0.1每秒一个
	"inaccuracy":0,//误差
	"recoil": 4,
	"ammoUseEffect": "casing2",
	"shootSound":"artillery",
	"rotateSpeed":4,//旋转速度
	"maxAmmo":30,//最大弹药
	"targetAir":false//攻击天空
	"targetGround":true,//攻击地面
	"canOverdrive": true,
	"heatColor":"#FF0000",
	"heatRequirement": 10,
	"maxHeatEfficiency": 2,
	//"consumes": {},
	"shoot":{
	"shots":1,
	"shotDelay":0,
	}
	"maxAmmo":30,//最大弹药
	"targetAir":false//攻击天空
	"targetGround":true,//攻击地面
	"ammoTypes":{
			"graphite": {
			"type":"ArtilleryBulletType",
			"reloadMultiplier":1,
			"speed": 5,
			"damage": 120,
			"knockback":1,
			"lifetime":60,
			"width": 12,
			"height": 16,
			"hitShake": 4
			"ammoMultiplier":2,
			"splashDamageRadius":32,
			"splashDamage":100,
			"hitSound":"bang"
			"despawnEffect":"flakExplosionBig",
			"hitEffect":"none",
			"smokeEffect":"shootBigSmoke"
			"shootEffect": "shootBig"
			"collidesAir": false
			"fragBullets":3,
			"fragLifeMin":0.01,
			"fragRandomSpread":24,//随机分裂角度
			"fragSpread":0,//分裂角度
			"fragAngle":0,//分裂起始角度
			"fragVelocityMin":0.5,//最小分裂弹速度
			"fragVelocityMax":1.5,//最大分裂弹速
			"fragBullet":{
			"type":"ArtilleryBulletType",
			"speed": 4.5,
			"lifetime":10,
			"damage": 60,
			"despawnEffect":"flakExplosionBig",
			"hitEffect":"none",
			"splashDamageRadius":24,
			"splashDamage":60,
			"width": 6,
			"height": 8,
			"hitShake":3,
			"hitSound":"bang"
			"collidesAir": false
			}
			}
			"silicon": {
			"type":"ArtilleryBulletType",
			"reloadMultiplier":1.2,
			"speed": 5,
			"damage": 120,
			"knockback":1,
			"lifetime":60,
			"width": 12,
			"height": 16,
			"hitShake": 4
			"ammoMultiplier":3,
			"splashDamageRadius":32,
			"splashDamage":100,
			"hitSound":"bang"
			"despawnEffect":"flakExplosionBig",
			"hitEffect":"none",
			"smokeEffect":"shootBigSmoke"
			"shootEffect": "shootBig"
			"collidesAir": false
			"homingRange": 50
			"homingPower": 0.02
			"fragBullets":3,
			"fragLifeMin":0.01,
			"fragRandomSpread":24,//随机分裂角度
			"fragSpread":0,//分裂角度
			"fragAngle":0,//分裂起始角度
			"fragVelocityMin":0.5,//最小分裂弹速度
			"fragVelocityMax":1.5,//最大分裂弹速
			"fragBullet":{
			"type":"ArtilleryBulletType",
			"speed": 4.5,
			"lifetime":10,
			"damage": 60,
			"despawnEffect":"flakExplosionBig",
			"hitEffect":"none",
			"splashDamageRadius":24,
			"splashDamage":60,
			"width": 6,
			"height": 8,
			"hitShake":3,
			"hitSound":"bang"
			"collidesAir": false
			}
			}
			"pyratite": {
			"type":"ArtilleryBulletType",
			"frontColor":"FFE4AA",
			"backColor":"FF9F69",
			"trailColor":"FF9F69",
			"reloadMultiplier":1,
			"speed": 5,
			"damage": 160,
			"knockback":1,
			"lifetime":60,
			"width": 12,
			"height": 16,
			"hitShake": 4
			"ammoMultiplier":3,
			"splashDamageRadius":40,
			"splashDamage":140,
			"collidesAir": false
			"hitSound":"bang"
			"despawnEffect":"flakExplosionBig",
			"hitEffect":"none",
			"smokeEffect":"shootBigSmoke"
			"shootEffect": "shootBig"
			"status": "burning",
			"statusDuration": 90,
			"fragBullets":3,
			"fragLifeMin":0.01,
			"fragRandomSpread":24,//随机分裂角度
			"fragSpread":0,//分裂角度
			"fragAngle":0,//分裂起始角度
			"fragVelocityMin":0.5,//最小分裂弹速度
			"fragVelocityMax":1.5,//最大分裂弹速
			"fragBullet":{
			"type":"ArtilleryBulletType",
			"speed": 4.5,
			"lifetime":10,
			"damage": 70,
			"despawnEffect":"flakExplosionBig",
			"hitEffect":"none",
			"splashDamageRadius":28,
			"splashDamage":70,
			"width": 6,
			"height": 8,
			"hitShake":3,
			"hitSound":"bang"
			"collidesAir": false
			}
			}
			"blast-compound": {
			"type":"ArtilleryBulletType",
			"backColor":"FF6B54",
			"frontColor":"FF9F67", 
			"trailColor":"FF6B54",
			"reloadMultiplier":0.8,
			"speed": 5,
			"damage": 180,
			"knockback":1,
			"lifetime":60,
			"width": 12,
			"height": 16,
			"hitShake": 5
			"ammoMultiplier":4,
			"splashDamageRadius":48,
			"splashDamage":160,
			"hitSound":"bang"
			"despawnEffect":"flakExplosionBig",
			"hitEffect":"none",
			"smokeEffect":"shootBigSmoke"
			"shootEffect": "shootBig"
			"status": "blasted",
			"collidesAir": false
			//"statusDuration": 90,
			"fragBullets":3,
			"fragLifeMin":0.01,
			"fragRandomSpread":24,//随机分裂角度
			"fragSpread":0,//分裂角度
			"fragAngle":0,//分裂起始角度
			"fragVelocityMin":0.5,//最小分裂弹速度
			"fragVelocityMax":1.5,//最大分裂弹速
			"fragBullet":{
			"type":"ArtilleryBulletType",
			"speed": 4.5,
			"lifetime":10,
			"damage": 80,
			"despawnEffect":"flakExplosionBig",
			"hitEffect":"none",
			"splashDamageRadius":40,
			"splashDamage":80,
			"width": 6,
			"height": 8,
			"hitShake":3,
			"hitSound":"bang"
			"collidesAir": false
			}
			}
			"metaglass": {
			"type":"ArtilleryBulletType",
			"reloadMultiplier":1,
			"speed": 5,
			"damage": 80,
			"knockback":1,
			"lifetime":60,
			"width": 12,
			"height": 16,
			"hitShake": 5
			"ammoMultiplier":4,
			"splashDamageRadius":32,
			"splashDamage":60,
			"hitSound":"bang"
			"despawnEffect":"flakExplosionBig",
			"hitEffect":"none",
			"smokeEffect":"shootBigSmoke"
			"shootEffect": "shootBig"
			"collidesAir": false
			"fragBullets":15,
			"fragLifeMin":0.8,
			"fragBullet":{
			"speed":4.5,
			"damage":28,
			"lifetime":15
			"width":5,"height":8,
			"drag":0.01,
	"shrinkX":0,"shrinkY":1,
	"despawnEffect":"none",
	"hitEffect":"none",
	"collidesAir": false
			}
			}
	},
	"requirements": [
		{ "item": "silicon", "amount":125 },
		{ "item": "copper", "amount":200 },
		{ "item": "基础合金", "amount":125 },
	],
	"category": "turret",
	"research": {
	"parent": "hail"//科技树前置
	},
}