{
	"type":"ItemTurret",
	"name":"能量炮",
	"description":"小小的子弹中蕴含着大大滴能量，击中敌人时会产生神奇的效果",
	"size":3,//大小
	"health":2147.483647,//建筑血量
	"ammoPerShot":2,
	"range":240,//攻击范围
	"reload":45,//60：0.1每秒一个
	"inaccuracy":5,//误差
	"recoil": 3
	"ammoUseEffect": "casing2",
	"shootSound":"laser",
	"heatRequirement": 15,
	"maxHeatEfficiency": 2
	"rotateSpeed":3.5,//旋转速度
	"maxAmmo":20,//最大弹药
	"targetAir":true//攻击天空
	"targetGround":true,//攻击地面
	"canOverdrive": true,
		"consumes": {
		"power": 25
	},
	"heatColor":"CFE6FF",
	"shoot":{
	"shots":1,
	"shotDelay":0,
	}
	"ammoTypes":{
		 "磁能钛":{
			"speed": 7.5,
			"damage": 10,
			"splashDamageRadius":32,
			"splashDamage":80,
			"reloadMultiplier":0.8,
			"lifetime":30,
			"width": 16,
			"height": 20,
			"shootEffect": "shootBig"
			"ammoMultiplier":2
			"trailLength": 10
			"homingPower":0.025,
			"homingRange":40,
			"trailWidth": 3.3333,
			"despawnEffect":"none"
			"frontColor": "B8F8FF",
			"backColor": "B8F8FF",
			"trailColor": "B8F8FF",
			"hitShake": 3
			"hitSound":"bang"
			"fragBullets": 3
"fragLifeMin":0.3,
"fragBullet":{
"splashDamageRadius":1,
"splashDamage":0,
"hitShake":1.5,
"drag":0.3,
"lifetime":15,
"damage": 0,
"speed": 40,
"height": 0,
"width": 0,
"trailEffect": "none",
"despawnEffect": "none",
"smokeEffect": "none",
"hitEffect": "none",
"despawnSound": "laser"
"collidesTeam":false,
"collidesAir":false,
"collidesGround":false,
"collideFloor":false,
"collides":false,
"collideTerrain":false,
"absorbable":false,//受力墙影响
"hittable":false,//被分解
"reflectable":false,//被反弹
"fragRandomSpread":0,//随机分裂角度
"fragSpread":0,//分裂角度
"fragAngle":180,//分裂起始角度
"fragBullets": 1
"fragBullet":{
"type":"LaserBulletType",//基础子弹
"damage":100,
"sideAngle":15,
"sideWidth":5,
"sideLength":5,
"length":100,
"pierceCap":2,
"collidesAir":true,
"collidesGround":true,
"buildingDamageMultiplier":0.25,
"colors":["73B5FFFF","CCECFFFF","FFFFFFFF"],//颜色
},
}
			"hitEffect": {
			"type": "MultiEffect",
			"effects": [
					{
						"type": "ParticleEffect",
						"particles": 6,
						"sizeTo": 0,
						"sizeFrom": 12,
						"colorTo": "454545ff",
						"colorFrom": "454545ff",
						"cone": 360,
						"length": 32,
						"baseLength": 8,
						"lifetime": 36,
						"layer": 100,
						"interp": "circleOut",
		  			}
		  			{
		"type": "ParticleEffect",
	"particles": 4,
	"length":16,
	"baseLength": 4,
	"lifetime": 30,
	"line": true,
	"lenFrom":4,
	"lenTo":0,
	"strokeFrom": 1,
	"strokeTo": 0,
	"cone": 360
	"interp": "circleOut",
		},
		{
		"type": "WaveEffect",
		"lifetime": 10,
		"sizeFrom": 1,
		"sizeTo": 32,
		"strokeFrom": 4,
		"strokeTo": 0,
		"colorFrom": "B8F8FF",
		"colorTo": "B8F8FF"
	}
				]
			},
		}
	"磁能铅":{
			"speed": 7.5,
			"damage": 3,
			"splashDamageRadius":32,
			"splashDamage":80,
			"reloadMultiplier":1.25
			"lifetime":30,
			"width": 16,
			"height": 20,
			"shootEffect": "shootBig"
			"ammoMultiplier":3
			"trailLength": 10
			"trailWidth": 3.3333,
			"despawnSound": "spark"
			"despawnEffect":"none"
			"frontColor": "D79FFF",
			"backColor": "D79FFF",
			"trailColor": "D79FFF",
			"homingPower":0.02,
			"homingRange":40,
			"hitShake": 3
			"hitSound":"bang"
			"fragBullets": 6
"fragBullet":{
"type": "LightningBulletType",
"damage": 24,
"lightningLength": 12,
"lightningLengthRand": 2,
"shootEffect": "shootHeal",
"smokeEffect": "none",
"instantDisappear": true,
"lightningColor": "D79FFF",
"hitColor": "D79FFF",
"hitEffect": "hitLancer",
"status": "shocked",
"despawnSound": "spark"
}
			"hitEffect": {
			"type": "MultiEffect",
			"effects": [
					{
						"type": "ParticleEffect",
						"particles": 6,
						"sizeTo": 0,
						"sizeFrom": 12,
						"colorTo": "454545ff",
						"colorFrom": "454545ff",
						"cone": 360,
						"length": 32,
						"baseLength": 8,
						"lifetime": 36,
						"layer": 100,
						"interp": "circleOut",
		  			}
		  			{
		"type": "ParticleEffect",
	"particles": 4,
	"length":16,
	"baseLength": 4,
	"lifetime": 30,
	"line": true,
	"lenFrom":4,
	"lenTo":0,
	"strokeFrom": 1,
	"strokeTo": 0,
	"cone": 360
	"interp": "circleOut",
		},
		{
		"type": "WaveEffect",
		"lifetime": 10,
		"sizeFrom": 1,
		"sizeTo": 32,
		"strokeFrom": 4,
		"strokeTo": 0,
		"colorFrom": "D79FFF",
		"colorTo": "D79FFF"
	}
				]
			},
		}
		"玻璃钢":{
			"speed": 7.5,
			"damage": 40,
			"splashDamageRadius":30,
			"splashDamage":80,
			"lifetime":30,
			"width": 16,
			"height": 20,
			"shootEffect": "shootBig"
			"ammoMultiplier":2
			"trailLength": 10
			"trailWidth": 3.3333,
			"despawnEffect":"none"
			"frontColor": "8E9097FF",
			"backColor": "8E9097FF",
			"trailColor": "8E9097FF",
			"homingPower":0.025,
			"homingRange":40,
			"hitShake": 3
			"hitSound":"bang"
			"status": "blasted",
			"hitSound":"explosion"
			//"statusDuration": 90,
			"fragBullets":10,
			"fragLifeMin":0.8,
			"fragVelocityMin":0.5,//最小分裂弹速度
			"fragVelocityMax":1.5,//最大分裂弹速
			"fragBullet":{
			"speed":5,
			"damage":40,
			"lifetime":15
			"width":5,"height":8,
			"drag":0.015,
	"shrinkX":0,"shrinkY":1,
	"despawnEffect":"none",
			}
			"hitEffect":"blastExplosion"
		}
	}
	"requirements": [
		{ "item": "玻璃钢", "amount":80 },
		{ "item": "silicon", "amount":145 },
		{ "item": "磁能铅", "amount":60 },
	],
	"category": "turret",
	"research":"a02电磁"
}