{
	"type":"ItemTurret",
	"name":"巨噬",
	"description":"大型机枪",
	"size":5,
	"health":6400,
	"ammoPerShot":4,
	"range":280,
	"reload":12,
	"inaccuracy":3,
	"recoil": 5,
	"heatRequirement": 60,
	"maxHeatEfficiency": 2
	"shootSound":"shootBig",
	"ammoUseEffect": "casing2",
	"rotateSpeed":3,//旋转速度
	"maxAmmo":50,//最大弹药
	"targetAir":true//攻击天空
	"targetGround":true,//攻击地面
	"canOverdrive": true,
	"heatColor":"#FF0000",
	"shake":2,
	"consumes": {
	},
	"shoot":{
	"shots":4,
	"shotDelay":2
	"type": "ShootBarrel",
		"barrels": [
		0,0,0,
		-3,0,0,
		3,0,0,
		]
	}
	"ammoTypes":{
		"graphite": {
			"reloadMultiplier":1.5,
			"speed": 8,
			"damage": 100,
			"knockback":0.15,
			"lifetime":32,
			"width": 12,
			"height": 18,
			"ammoMultiplier":2,
			"shootEffect": "shootBig" 
		}
		"thorium": {
			"pierceCap":3,
			"reloadMultiplier":1,
			"speed": 8,
			"damage": 130,
			"knockback":0.15,
			"lifetime": 32,
			"width": 12,
			"height": 28,
			"ammoMultiplier":3,
			"shootEffect": "shootBig" 
		}
	}
	"requirements": [
		{ "item": "基础合金", "amount":1000 },
		{ "item": "silicon", "amount":800 },
		{ "item": "thorium", "amount":400 },
		{ "item": "plastanium", "amount":200 },
	],
	"category": "turret",
	"research": {
		"parent": "salvo"
	},
	"drawer":{
	"type":"DrawMulti",
"drawers":[
{"type":"DrawTurret",
"parts":[
{"type":"RegionPart",
"mirror":false,//是否镜像显示
"x":0,"y":0,//起始位置
"suffix":"-中","layer":49.2,"moveX":0,"moveY":-1,
"moveRot":0,//移动圈数
}
{"type":"RegionPart",
"mirror":false,//是否镜像显示
"x":0,"y":0,//起始位置
"suffix":"-左","layer":49.1,"moveX":-6,"moveY":-2,
"moveRot":0,//移动圈数
}
{"type":"RegionPart",
"mirror":false,//是否镜像显示
"x":0,"y":0,//起始位置
"suffix":"-右","layer":49.1,"moveX":6,"moveY":-2,
"moveRot":0,//移动圈数
}
{"type":"RegionPart",
"mirror":false,//是否镜像显示
"x":0,"y":0,//起始位置
"suffix":"-左炮","layer":49,"moveX":-3,"moveY":-2,
"moveRot":0,//移动圈数
}
{"type":"RegionPart",
"mirror":false,//是否镜像显示
"x":0,"y":0,//起始位置
"suffix":"-右炮","layer":49,"moveX":3,"moveY":-2,
"moveRot":0,//移动圈数
}
			]}]}
}