{
	"reload": 30
	"shootEffect": "shootBig",
	"smokeEffect": "shootBigSmoke",
	"shoot": {
		"type": "ShootSpread",
		"shots": 6
	},
	"ammoTypes": {
		"graphite": {
			"type": "ArtilleryBulletType",
			"knockback": 0.8,
			"speed": 3,
			"lifetime": 80,
			"width": 11,
			"height": 11,
			"collidesTiles": false,
			"damage": 40,
			"hitEffect": "blastExplosion",
			"splashDamageRadius": 18.75,
			"splashDamage": 60
		},
		"silicon": {
			"type": "ArtilleryBulletType",
			"knockback": 0.8,
			"speed": 3,
			"lifetime": 80,
			"width": 11,
			"height": 11,
			"collidesTiles": false,
			"reloadMultiplier": 1.2,
			"ammoMultiplier": 3,
			"homingPower": 0.08,
			"homingRange": 50,
			"damage": 40,
			"hitEffect": "blastExplosion",
			"splashDamageRadius": 18.75,
			"splashDamage": 60
		},
		"pyratite": {
			"type": "ArtilleryBulletType",
			"knockback": 0.8,
			"speed": 3,
			"lifetime": 80,
			"width": 13,
			"height": 13,
			"collidesTiles": false,
			"ammoMultiplier": 4,
			"damage": 45,
			"splashDamageRadius": 18.75,
			"splashDamage": 85,
			"frontColor": "f8ad42",
			"backColor": "f68021",
			"hitEffect": "blastExplosion",
			"makeFire": true,
			"trailEffect": "incendTrail",
			"status": "burning",
			"statusDuration": 720
		},
		"blast-compound": {
			"type": "ArtilleryBulletType",
			"knockback": 0.8,
			"speed": 3,
			"lifetime": 80,
			"sprite": "shell",
			"width": 14,
			"height": 14,
			"collidesTiles": false,
			"hitEffect": "flakExplosionBig",
			"damage": 45,
			"splashDamageRadius": 33.75,
			"splashDamage":110,
			"status": "blasted",
			"statusDuration": 60
		},
		"plastanium": {
			"type": "ArtilleryBulletType",
			"knockback": 1,
			"speed": 3.4,
			"lifetime": 80,
			"sprite": "shell",
			"width": 13,
			"height": 13,
			"collidesTiles": false,
			"damage": 40,
			"splashDamageRadius": 26.25,
			"splashDamage": 90,
			"hitEffect": "plasticExplosion",
			"backColor": "d8d97f",
			"frontColor": "fffac6",
			"fragBullets": 10,
			"fragBullet": {
				"type": "BasicBulletType",
				"speed": 2.5,
				"damage": 20,
				"width": 10,
				"height": 12,
				"shrinkY": 1,
				"lifetime": 15,
				"backColor": "d8d97f",
				"frontColor": "fffac6",
				"despawnEffect": "none",
				"collidesAir": false
			}
		},
	}
}