{
	"scaledHealth": 250,
	"armor": 8,
	"size": 4,
	"reload": 3,
	"range": 280,
	"maxAmmo": 60,
	"coolantMultiplier": 1,
	"liquidCapacity": 60,
	"inaccuracy": 3,
	"shake": 3,
	"rotateSpeed": 3,
	"ammoTypes": {
		"graphite": {
			"type": "BasicBulletType",
			"speed": 9,
			"lifetime": 31.1,
			"damage": 76.4,
			"knockback": 0.8,
			"reloadMultiplier": 1.6,
			"pierce": true,
			"pierceCap": 2,
			"hitSize": 5,
			"width": 15,
			"height": 21,
			"ammoMultiplier": 4,
			"shootEffect": "shootBig",
			"smokeEffect": "shootBigSmoke"
		},
		"thorium": {
			"type": "BasicBulletType",
			"speed": 10,
			"lifetime": 28,
			"damage": 122.24,
			"knockback": 0.6,
			"pierce": true,
			"pierceArmor": true,
			"pierceBuilding":true,
			"pierceCap": 2,
			"hitSize": 5,
			"width": 16,
			"height": 21,
			"shootEffect": "shootBig",
			"smokeEffect": "shootBigSmoke"
		},
		"pyratite": {
			"speed": 10,
			"lifetime": 26,
			"damage": 106.96,
			"splashDamageRadius": 28,
			"splashDamage": 38.2,
			"makeFire": true,
			"status": "burning",
			"statusDuration": 600,
			"incendChance": 0.3,
			"incendSpread": 16,
			"incendAmount": 3,
			"backColor": "FF8C00",
			"frontColor": "FFB90F",
			"hitSize": 5,
			"width": 16,
			"height": 21,
			"ammoMultiplier": 4,
			"shootEffect": "shootBig",
			"smokeEffect": "shootBigSmoke"
		},
	}
}