{
    "smokeEffect":"none",
    "shootEffect":"none",
    "ammoTypes": {
        "water": {
            "type": "LiquidBulletType",
            "liquid": "water",
            "status": "wet",
            "statusDuration": 240,
            "lifetime": 49,
            "speed": 4,
            "knockback": 1.7,
            "puddleSize": 8,
            "orbSize": 4,
            "drag": 0.001,
            "ammoMultiplier": 0.4,
            "damage": 0.2,
            "layer": 98
        },
        "slag": {
            "type": "LiquidBulletType",
            "liquid": "slag",
            "status": "melting",
            "statusDuration": 240,
            "lifetime": 49,
            "speed": 4,
            "knockback": 1.3,
            "puddleSize": 8,
            "orbSize": 4,
            "drag": 0.001,
            "ammoMultiplier": 0.4,
            "damage": 4.75
        },
        "cryofluid": {
            "type": "LiquidBulletType",
            "liquid": "cryofluid",
            "status": "freezing",
            "statusDuration": 240,
            "lifetime": 49,
            "speed": 4,
            "knockback": 1.3,
            "puddleSize": 8,
            "orbSize": 4,
            "drag": 0.001,
            "ammoMultiplier": 0.4,
            "damage": 0.2
        },
        "oil": {
            "type": "LiquidBulletType",
            "liquid": "oil",
            "status": "tarred",
            "statusDuration": 120,
            "lifetime": 49,
            "speed": 4,
            "knockback": 1.3,
            "puddleSize": 8,
            "orbSize": 4,
            "drag": 0.001,
            "ammoMultiplier": 0.4,
            "damage": 0.2,
            "layer": 98
        },
    },
    "liquidCapacity": 120
}