{
	"name":"火阳",
	"description":"子弹会分裂出两个小子弹 并在攻击范围内追踪",
	"size":3,//物品面积
	"health":1600,//建筑血量
	"reload":30,//60：0.1每秒一个
	"inaccuracy":0,//误差
	"recoil": 2,
	"ammoUseEffect": "casing2",
	"shootSound":"artillery",
	"rotateSpeed":4,//旋转速度
	"maxAmmo":30,//最大弹药
	"canOverdrive": true,
	"heatColor":"#FF0000",
	"coolantMultiplier":2
	"consumes": {
	"power": 8
		"coolant": {
			"amount": 0.5,
			"optional": true
		}
	},
	"requirements": [
		{ "item": "silicon", "amount":125 },
		{ "item": "copper", "amount":200 },
		{ "item": "磁能铅", "amount":75 },
	],
	"category": "turret",
	"research": {
		"parent": "a02电磁"//科技树前置
	},
}