{
	"size":3,
	"health":1600,
	"inaccuracy":0.5,
	"ammoUseEffect": "casing2",
	"shootSound": "shootAlt",
	"rotateSpeed": 4,
	"shake": 0
	"targetAir":true
	"targetGround":true,
	"canOverdrive": true,
	"coolantMultiplier":0,
	"heatRequirement": 15,
	"maxHeatEfficiency": 2
	"heatColor":"#FF0000",
	"consumes": {
		"power": 40
	},
	"requirements": [
		{ "item": "磁能钛", "amount": 85 },
		{ "item": "silicon", "amount": 225 },
		{ "item": "高碳钢", "amount": 115 },
	],
	"category": "turret",
	"research": "a05能量炮",
}