{
	"size":4,
	"health":2800,
	"range":320,
	"reload":600,
	"inaccuracy":0,
	"ammoUseEffect": "casing2",
	"rotateSpeed": 1.5,
	"shake": 2.0
	"targetAir":true
	"targetGround":true,
	"canOverdrive": true,
	"coolantMultiplier":0,
	"heatRequirement": 120,
	"maxHeatEfficiency": 1
	"heatColor":"#FF0000",
	"consumes": {
		"power": 100
	},
	"requirements": [
		{ "item": "copper", "amount": 480 },
		{ "item": "plastanium", "amount": 240 },
		{ "item": "silicon", "amount": 600 },
		{ "item": "高碳合金", "amount": 480 },
	],
	"category": "turret",
	"research": "cyclone",
}