{
    "type": "GenericCrafter",
    "health": 300,
    "name": "硅制硅冶炼厂",
    "description": "用硅制作的硅冶炼厂，产量提升",
    "outputItem": {
        "item": "silicon",
        "amount": 3
    },
    "itemCapacity": 20,
    "size": 2,
    "hasPower": true,
    "hasItems": true,
    "craftTime": 30,
    "updateEffect": "none",
    "drawer": {
        "type": "DrawMulti",
        "drawers": [
            "DrawDefault",
            "DrawFlame"
        ]
    },
    "consumes": {
        "power": 2.5,
        "items": {
            "items": [
                {
                    "item": "coal",
                    "amount": 2
                },
                {
                    "item": "sand",
                    "amount": 2
                }
            ]
        }
    },
    "requirements": [
        {
            "item": "silicon",
            "amount": 60
        }
    ],
    "category": "crafting",
    "research": "石墨硅冶炼厂"
}