{
    "type": "GenericCrafter",
    "health": 600,
    "name": "钍制硅冶炼厂",
    "description": "用钍制作的硅冶炼厂，需要大量电力",
    "outputItem": {
        "item": "silicon",
        "amount": 3
    },
    "itemCapacity": 100,
    "size": 2,
    "hasPower": true,
    "hasItems": true,
    "craftTime": 6,
    "updateEffect": "none",
    "drawer": {
        "type": "DrawMulti",
        "drawers": [
            "DrawDefault",
            "DrawFlame"
        ]
    },
    "consumes": {
        "power": 20,
        "items": {
            "items": [
                {
                    "item": "sand",
                    "amount": 2
                }
            ]
        }
    },
    "requirements": [
        {
            "item": "thorium",
            "amount": 60
        }
    ],
    "category": "crafting",
    "research": "钛制硅冶炼厂"
}