{
    "type": "GenericCrafter",
    "health": 150,
    "name": "铜制硅冶炼厂",
    "description": "用铜制作的硅冶炼厂",
    "outputItem": {
        "item": "silicon",
        "amount": 2
    },
    "itemCapacity": 20,
    "size": 2,
    "hasPower": true,
    "hasItems": true,
    "craftTime": 90,
    "updateEffect": "none",
    "drawer": {
        "type": "DrawMulti",
        "drawers": [
            "DrawDefault",
            "DrawFlame"
        ]
    },
    "consumes": {
        "power": 0.5,
        "items": {
            "items": [
                {
                    "item": "coal",
                    "amount": 2
                },
                {
                    "item": "sand",
                    "amount": 4
                }
            ]
        }
    },
    "requirements": [
        {
            "item": "copper",
            "amount": 60
        }
    ],
    "category": "crafting",
    "research": "铜制石墨压缩机"
}