{
    "type": "payload"
    "name": "维护者",
    "description": "保护强化核心。",
    "controller": "BuilderAI",
    "flying": true,
    "lowAltitude": true,
    "speed":8,
    "accel":0.7,
   " coreUnitDock":true
    //加速
   "MoveLightningAbility":true
    "drag": 0.1,
    "itemCapacity":80,
    "rotateSpeed": 32,
    "outlineColor": "212121",
	//描边颜色
    "buildSpeed": 2,
    //建筑速度
    //"payloadCapacity":512,
	//载荷（64为1²格）
    "buildBeamOffset":3,
    "mineFloor":true,
    //能否挖地
    "mineWalls":true,
    //能否挖墙
    "mineSpeed":13,
    //挖矿速度
    "mineTier":2,
    //挖矿等级
    "engineOffset":6.5,
    "engineColor":"#55b2ff",
    //引擎颜色
    "trailLength":4.2, 
    //拖尾长
      "coreUnitDock":true
   	"trailColor": "898CA0FF",
   	//拖尾颜色
    "hitSize":8,
    "health":500,
    "armor":3,
    "envDisabled":0,
    //需要的环境
}