{
  "type": "CoreBlock",
  "name": "奇点核心",
  "description": "基地的核心，装甲非常好，可以存放大量资源",
  "size": 7,
  "researchCostMultiplier": 0.5,
  "health": 9500,
  "itemCapacity": 19000,
  "requirements": [
    {
      "item": "copper",
      "amount": 13000
    },
    {
      "item": "lead",
      "amount": 13000
    },
    {
      "item": "silicon",
      "amount": 9000
    },
    {
      "item": "titanium",
      "amount": 11000
    },
    {
      "item": "thorium",
      "amount": 12000
    },
    {
      "item": "plastanium",
      "amount": 2000
    },
    {
      "item": "phase-fabric",
      "amount": 2500
    },
    {
      "item": "surge-alloy",
      "amount": 1500
    }
  ],
  "category": "effect",
  "research": "core-level-4",
  "unitType": "epsilon",
  "unitCapModifier": 42
}
