{
	"type": "StackConveyor",
	/*"种类": "?",(Conveyor=传输带,junction=连接器,StackConveyor=打包运输带,ItemBridge=传送带桥,Router=路由器)*/
	"name":"晶打包带",//名字
	"health":35,//"血量": ？,
	"description":"晶体做出来个塑钢传送带？",
  "details":"从隔壁强化战役模组拆的(在哔哩哔哩(b站)搜索24岁是个鼠标即可查看作者)",
	"idleSound":"NMZ",//"空闲时的声音": "
	"requirements": [
		{"item": "晶体", "amount": 1 }
		],//"建造所需物品": "？",
	"category": "distribution",//"类别": "？",(distribution=分配)
	"speed": 0.073,//"运送速度": ？,
	"displayedSpeed":4,//"游戏中显示速度": ？,
	"itemCapacity":10,//容量
	"research": "晶体工业",//"研究前置": "？",
	"insulated":false,//"是否阻挡电力节点自动连接"：
    "placeableLiquid":true,//"是否能放在液体上"：
    "displayFlow":true,//点他是否会显示传输速度
    "absorbLasers":true//是否能阻挡激光
}
//从隔壁强化战役整的