{
	"type": "UnitFactory", // 类型为单位工厂
	"name": "特殊单位制造基地", // 工厂名称为特殊单位制造基地
	"description": "制造特殊单位", // 工厂描述为制造特殊单位
	"health": 1000, // 生命值为1000
	"size": 3, // 占地大小为3
	"hasPower": false, // 是百需要电力
	"plans": [ // 制造计划列表
		{
			"unit": "噩梦", // 单位为噩梦
			"time": 1500, // 制造时间为1500
			"requirements": [ // 制造要求列表
			"silicon/1000"
			"plastanium/600"
			"surge-alloy/500"
			"phase-fabric/350"
			]
		}
	],
	"requirements": [ // 建造要求列表
		{
			"item": "合金", // 资源为合金
			"amount": 5 // 需要5个合金
		}
	],
	"category": "units", // 类别为单位
	"buildVisibility": "shown", // 建造可见性为显示
	"research": "ground-factory", // 需要研究ground-factory
	"alwaysUnlocked": false // 不总是解锁
}
