{
	"type":"ForceProjector",
	"category":"effect",
	"name":"能量释放器",
	"description":"消耗电力展开力场护盾",
	"health":2250,
	"armor":8,
	"size":3,
	"radius":280,
	"shieldHealth":6800,
	"cooldownNormal":4,
	"cooldownLiquid":1,
	"liquidCapacity":120,
	"cooldownBrokenBase":2,
	"coolantConsumption":0.5,
	"hasPower":true,
	"hasLiquids":true,

	"absorbEffect":{
		"type":"ParticleEffect",
		"particles":1,
		"sizeFrom":5,
		"sizeTo":0,
		"length":0,
		"baseLength":0,
		"lifetime":180,
		"colorFrom":"C0ECFFFF",
		"colorTo":"C0ECFFFF"
		},

	"consumes":{	
	"power": 6,
	"coolant":{"amount":0.1,"optional":true}
	},

	"research":{
	"parent":"acfa护盾节点",
	"objectives":[
	"acfa护盾节点"
	]	},

	"requirements":[
	"graphite/320",
	"silicon/220",
	"铁/180",
	"铝/220",
	]
}