{
"name": "空间流逝器",
	"description": "增加以自身为圆心一定范围内方块的时间流逝速度，提高方块工作效率",
	"type": "OverdriveProjector",
	"health": 1260,
	"size": 3,
	"range": 160,
	"useTime":300,
	"phaseRangeBoost":0,
	"speedBoostPhase":0,
	"speedBoost": 2.25,
	"itemCapacity": 20,
	"liquidCapacity": 30,
	"hasBoost":false,
	"canOverdrive": false,
	"consumes": {
		"power": 6,
		"liquid":{"liquid":"ozone","amount":"0.2"},

		},
	"requirements": [
	"silicon/300",
		"graphite/250",
		"锡/120",
		"海棱晶/100",
	
	],
	"category": "effect",
"research":{
	"parent":"acfb能量释放器"
	"objectives": [
//		"",//研究xx
		{"type": "SectorComplete",//占领地图
		"preset": "迷宫回廊"},
		]
	},
}