{
"name": "量子驱动装置",
	"description": "增加以自身为圆心大范围内方块的时间流逝速度，需要持续供给相织能，大幅度提高方块工作效率",
	"type": "OverdriveProjector",
	"health": 2340,
	"size": 4,
	"range": 300,
	"useTime":300,
	"phaseRangeBoost":0,
	"speedBoostPhase":0,
	"speedBoost": 3.5,
	"itemCapacity": 20,
	"liquidCapacity": 30,
	"hasBoost":false,
	"canOverdrive": false,
	"consumes": {
		"power": 9,
		"liquid":{"liquid":"ozone","amount":"0.3"},
	"items":{	"items":[
	{"item":"相织能","amount":1}],
		"booster":false,
		"optional":false
	}
		},
	"requirements": [
	"graphite/190",
	    "silicon/190",
		"钢/220",
		"海棱晶/120"
		"phase-fabric/230"
	],
	"category": "effect",
	"research":"acfc空间流逝器"
}