{
"type": "Separator",
"name": "抽奖机",
"itemCapacity": 10,
"liquidCapacity": 10,
"hasItems": true,
"hasLiquids": true,
"hasPower": true,
"outputsLiquid": true,
"health": 300,
"description": "消耗1个钢进行抽奖，有概率抽到开发者",
"size": 2,
"craftTime": 300,
"results": ["铁/800", "镍/800", "锡/800", "silicon/600", "钢/400", "graphite/800", "sand/1000", "phase-fabric/100", "海棱晶/200", "相织能/10", "生物组织/600", "洵皊的召唤物/1", "狗子的召唤物/3", "明月的召唤物/3", "灯泡的召唤物/3", "碳猫的召唤物/3", "渐变的召唤物/3", "风筝的召唤物/3", "狐娘的召唤物/3"],
"consumes": {
"power": 0.01,
"items": {
"items": [
"钢/1"
]
}
},
"requirements": [
"铁/40"
],
"research": "ahba硅冶炼炉",
"category": "effect"
}