{
"type": "LaserTurret",
"name": "激光发射器(右)",
"description": "发射激光",
"health": 300,
"reload": 0.1,
"size": 1,
"shake": 0,
"shootSound": "none",
"shootCone": 10,
"recoil": 0,
"rotateSpeed": 0,
"shootDuration": 60,
"range": 48,
"alwaysShooting": true,
"alwaysContinuous": true,
"shoot": {
"type": "shootBarrel",
"shots": 1,
"shotDelay": 0,
"type": "ShootBarrel",
"barrels": [4, -4, -90]
},
"shootType": {
"type": "ContinuousLaserBulletType",
"damage": 1,
"length": 48,
"width": 1,
"colors": ["FFFFFFFF", "FFFFFFFF"],
"reloadMultiplier": 1,
"ammoMultiplier": 1,
"knockback": 0
},
"consumes": {
"power": 15
},
"requirements": [
"graphite/190",
"silicon/190"
],
"category": "effect",
"research": "acza抽奖机"
}