{
    "type": "LaserTurret",
    "name": "激光发射器(右)",
    "description": "发射激光",
    "health": 300,
    //血量
    "reload":0.1,
    //攻击间隔（60:1秒）
    "size": 1,
    //尺寸
    "shake":0
    "shootSound":"none",
    //音效
    "shootCone": 10,
    //锥形（数值越大激光越尖）
    "recoil": 0,
    //基础后坐力？
    "rotateSpeed":0,
    //炮台转动速度
    "shootDuration":60,
    //射击持续时间
    "range": 48,
    //射程(半径)(单位为8/格)
    		"alwaysShooting": true,
			"alwaysContinuous": true,
				"shoot":{
	"type":"shootBarrel",
	"shots": 1,
		"shotDelay": 0
		"type": "ShootBarrel",
        "barrels": [
        4,-4,-90,
        ]
	},
    "shootType": {
        "type": "ContinuousLaserBulletType",
        //持续的激光
        "damage": 1,
        "length": 48,
        "width":1,
        //宽度
        "colors":["FFFFFFFF","FFFFFFFF"]
        //激光颜色(由外侧到内侧)
        "reloadMultiplier": 1,
        "ammoMultiplier": 1,
        "knockback": 0
        }
    "consumes":{
    	"power":15,
}
    "requirements": [
	"graphite/190",
	    "silicon/190",
    ],
    "category": "effect",
    "research": "acza抽奖机"
}