{
  "name": "活钢合金墙",
  "description": "一个由活钢合金做的墙，可以电击敌人",
  "type": "PowerTurret",
  "hasItems": false,
  "hasPower": false,
  "consumes": {
    "power": 0.2
  },
  "hasLiquids": false,
  "canOverdrive": false,
  "size": 1,
  "recoil": 0,
  "shoot": {
    "type": "ShootSpread",
    "shots": 8,
    "spread": 60
  },
  "health": 1200,
  "rotate": false,
  "rotateSpeed": 0,
  "shootY": 0,
  "shootCone": 360,
  "range": 30,
  "recoil": 0,
  "shootCone": 360,
  "targetAir": false,
  "targetGround": true,
  "reload": 90,
  "shootType": {
    "type": "LightningBulletType",
    "lightningLength": 7,
    "damage": 3,
    "lightningColor": "bd7374",
    "hitEffect": {
      "type": "WaveEffect",
      "colorFrom": "dbaf85",
      "colorTo": "ba6a83"
    }
},
"requirements": [
  {
    "item": "steel-alloy",
    "amount": 6
  }
  ],
"category": "defense",
"research": {
 "parent": "living-steel-wall-2",
  "requirements": [
    {
      "item": "steel-alloy",
      "amount": 300
    }
   ]
  },
  "envDisabled": 16
}
