{
	"type": "PowerTurret",
	"shownPlanets": ["serpulo","Planzer","Synchronous-orbit-space-station"]
	"name": "爆竹",
	"health": 88888,
	"armor":2025
	"size": 2,
	"reload": 30,
	"range": 300,
	"destroyEffect": {
	"type": "MultiEffect",
	"effects": [
	{
	"type": "WaveEffect",
	"lifetime": 115,
	"sizeFrom": 40,
	"sizeTo": 560,
	"strokeFrom": 1,
	"strokeTo": 10,
	"colorFrom": "E294B3",
	"colorTo": "CA528500"
	},
	{
	"type": "ParticleEffect",
	"particles": 30,
	"sizeFrom": 30,
	"sizeTo": 0,
	"length": 550,
	"baseLength": 0,
	"lifetime": 120,
	"colorFrom": "FC8C36",
	"colorTo": "FC8C3677",
	}
	{
	"type": "ParticleEffect",
	"particles": 20,
	"sizeFrom": 45,
	"sizeTo": 0,
	"length": 540,
	"baseLength": 0,
	"lifetime": 125,
	"colorFrom": "DC3023",
	"colorTo": "DC302377",
	}
	{
	"type": "ParticleEffect",
	"particles":10,
	"sizeFrom": 60,
	"sizeTo": 0,
	"length": 500,
	"baseLength": 0,
	"lifetime": 130,
	"colorFrom": "F2AA70",
	"colorTo": "F2AA7077",
	}
	{
	"type": "ParticleEffect",
	"particles": 13,
	"line":true
	"lenFrom": 45,
	"lenTo": 0
	"length": 525,
	"interp": "pow10Out",
	"sizeInterp": "pow5In",
	"strokeFrom": 15,
	"strokeTo": 0,
	"baseLength": 0,
	"lifetime": 110,
	"colorFrom": "FFE92C",
	"colorTo": "FFE92C66"
	}
]
},
	"breakable":false,
	"rebuildable": false,
	"insulated": true,
	"canOverdrive": false,
	"absorbLasers":true,
	"inaccuracy": 0,
	"rotateSpeed": 68,
	"shootSound": "DS",
	"shootType":{
	"type": "BasicBulletType",
	"hittable": false,
	"absorbable": false,
	"killShooter": true,
	"hitSound": "laserblast",
	"ammoMultiplier": 1,
	"speed": 0,
	"lifetime": 600,
	"shootEffect": "none",
	"smokeEffect": "none",
	"hitEffect": {
	"type": "MultiEffect",
	"effects": [
	{
	"type": "WaveEffect",
	"strokeFrom": 7,
	"strokeTo": 0,
	"sizeFrom": 0,
	"sizeTo": 560,
	"lifetime": 120,
	"colorFrom": "E294B3",
	"colorTo": "E294B3"
	},
	{
	"type": "WaveEffect",
	"strokeFrom": 0,
	"strokeTo": 10,
	"sizeFrom": 0,
	"sizeTo": 570,
	"lifetime": 125,
	"colorFrom": "E294B388",
	"colorTo": "E294B305"
	},
	{
	"type": "ParticleEffect",
	"particles": 25,
	"sizeFrom": 45,
	"sizeTo": 0,
	"length": 580,
	"interp": "fastSlow",
	"baseLength": 20,
	"lifetime": 60,
	"colorFrom": "FF6420",
	"colorTo": "FF642030",
	},
	{
	"type": "ParticleEffect",
	"particles": 20,
	"sizeFrom": 52,
	"sizeTo": 0,
	"length": 570,
	"interp": "fastSlow",
	"baseLength": 20,
	"lifetime": 55,
	"colorFrom": "DC3023",
	"colorTo": "DC302330",
	},
	{
	"type": "ParticleEffect",
	"particles": 35,
	"sizeFrom": 46,
	"sizeTo": 0,
	"length": 560,
	"interp": "fastSlow",
	"baseLength": 20,
	"lifetime": 50,
	"colorFrom": "FFFFFF",
	"colorTo": "FFFFFF30",
	},
	{
	"type": "ParticleEffect",
	"particles": 16,
	"line":true
	"lenFrom": 45,
	"lenTo": 0
	"length": 525,
	"strokeFrom": 10,
	"strokeTo": 0,
	"baseLength": 0,
	"lifetime": 65,
	"colorFrom": "FCEFE8",
	"colorTo": "FCEFE850"
	}
]
},
	"despawnEffect": "none",
	"hitShake": 30,
	"damage": 44,
	"splashDamageRadius": 560,
	"splashDamage": 2025,
	"status": "休憩",
	"statusDuration": 600
	"width": 0,
	"height": 0,
	"bulletInterval":1
	"intervalBullets":1
	"intervalBullet": {
	"hittable":false,
	"speed": 7,
	"lifetime": 25,
	"shootEffect": "none",
	"smokeEffect": "none",
	"damage": 2025,
	"splashDamageRadius": 56,
	"splashDamage": 2025,
	"status": "slow",
	"statusDuration": 600
	"width": 0,
	"height": 0,
	"hitEffect":"none"
	"fragBullets":3,
	"fragVelocityMin":1,
	"fragLifeMin":0.8,
	"fragLifeMax":1.1,
	"fragSpread":137.5,
	"fragBullet": {
	"hittable":false,
	"speed": 10,
	"lifetime": 30,
	"shootEffect": "none",
	"smokeEffect": "none",
	"hitEffect": {
	"type": "MultiEffect",
	"effects": [
	{
	"type": "WaveEffect",
	"strokeFrom": 7,
	"strokeTo": 0,
	"sizeFrom": 0,
	"sizeTo": 80,
	"lifetime": 25,
	"colorFrom": "FFFFFF",
	"colorTo": "FFFFFF"
	},
	{
	"type": "WaveEffect",
	"strokeFrom": 0,
	"strokeTo": 7,
	"sizeFrom": 0,
	"sizeTo": 70,
	"lifetime": 30,
	"colorFrom": "FFFFFF",
	"colorTo": "FFFFFF33"
	},
	{
	"type": "ParticleEffect",
	"particles": 5,
	"sizeFrom": 15,
	"sizeTo": 0,
	"length": 80,
	"interp": "fastSlow",
	"baseLength": 20,
	"lifetime": 36,
	"colorFrom": "A0F19B",
	"colorTo": "A0F19B",
	},
	{
	"type": "ParticleEffect",
	"particles": 5,
	"sizeFrom": 15,
	"sizeTo": 0,
	"length": 80,
	"interp": "fastSlow",
	"baseLength": 20,
	"lifetime": 36,
	"colorFrom": "6795AF",
	"colorTo": "6795AF",
	},
	{
	"type": "ParticleEffect",
	"particles": 8,
	"sizeFrom": 10,
	"sizeTo": 0,
	"length": 70,
	"interp": "fastSlow",
	"baseLength": 20,
	"lifetime": 40,
	"colorFrom": "74AC83",
	"colorTo": "74AC8370",
	},
	{
	"type": "ParticleEffect",
	"particles": 8,
	"sizeFrom": 10,
	"sizeTo": 0,
	"length": 70,
	"interp": "fastSlow",
	"baseLength": 20,
	"lifetime": 40,
	"colorFrom": "9BD9FD",
	"colorTo": "9BD9FD70",
	}
]
},
	"despawnEffect": "none",
	"hitShake": 14,
	"damage": 8888,
	"splashDamageRadius": 56,
	"splashDamage": 2025,
	"lightning":3,
	"lightningDamage":340,
	"lightningLength":16
	"lightningColor":"44CEF685"
	"status": "污染",
	"statusDuration": 300
	"hitSound": "explosionbig",
	"width": 0,
	"height": 0,
	"fragBullets":1,
	"fragVelocityMin":1,
	"fragLifeMin":0.2,
	"fragLifeMax":1.2,
	"fragSpread":60,
	"fragBullet": {
	"despawnEffect": "none",
	"hitShake": 7,
	"damage": 6666,
	"splashDamageRadius": 56,
	"splashDamage": 2025,
	"hitSound": "none",
	"hitEffect":"none"
	"status": "sapped",
	"statusDuration": 660
	"width": 0,
	"height": 0,
	"fragBullets":3,
	"fragVelocityMin":1,
	"fragLifeMin":1,
	"fragLifeMax":1.8,
	"fragSpread":60,
	"fragBullet": {
	"hittable":false,
	"speed": 10,
	"lifetime": 30,
	"shootEffect": "none",
	"smokeEffect": "none",
	"hitEffect": {
	"type": "MultiEffect",
	"effects": [
	{
	"type": "WaveEffect",
	"strokeFrom": 7,
	"strokeTo": 0,
	"sizeFrom": 0,
	"sizeTo": 80,
	"lifetime": 25,
	"colorFrom": "FFFFFF",
	"colorTo": "FFFFFF"
	},
	{
	"type": "WaveEffect",
	"strokeFrom": 0,
	"strokeTo": 7,
	"sizeFrom": 0,
	"sizeTo": 70,
	"lifetime": 30,
	"colorFrom": "FFFFFF",
	"colorTo": "FFFFFF33"
	},
	{
	"type": "ParticleEffect",
	"particles": 10,
	"line":true
	"lenFrom": 35,
	"lenTo": 0
	"length": 100,
	"strokeFrom": 5,
	"strokeTo": 0,
	"baseLength": 40,
	"lifetime": 45,
	"colorFrom": "74AC83",
	"colorTo": "74AC8350"
	},
	{
	"type": "ParticleEffect",
	"particles": 10,
	"line":true
	"lenFrom": 35,
	"lenTo": 0
	"length": 100,
	"strokeFrom": 5,
	"strokeTo": 0,
	"baseLength": 40,
	"lifetime": 45,
	"colorFrom": "A0F19B",
	"colorTo": "A0F19B50"
	},
	{
	"type": "ParticleEffect",
	"particles": 10,
	"line":true
	"lenFrom": 35,
	"lenTo": 0
	"length": 100,
	"strokeFrom": 5,
	"strokeTo": 0,
	"baseLength": 40,
	"lifetime": 45,
	"colorFrom": "6795AF",
	"colorTo": "6795AF50"
	},
	{
	"type": "ParticleEffect",
	"particles": 10,
	"line":true
	"lenFrom": 35,
	"lenTo": 0
	"length": 100,
	"strokeFrom": 5,
	"strokeTo": 0,
	"baseLength": 40,
	"lifetime": 45,
	"colorFrom": "9BD9FD",
	"colorTo": "9BD9FD50"
	},
	{
	"type": "ParticleEffect",
	"particles": 10,
	"line":true
	"lenFrom": 35,
	"lenTo": 0
	"length": 100,
	"strokeFrom": 5,
	"strokeTo": 0,
	"baseLength": 40,
	"lifetime": 45,
	"colorFrom": "FFC23F",
	"colorTo": "FFC23F50"
	},
	{
	"type": "ParticleEffect",
	"particles": 15,
	"sizeFrom": 56,
	"sizeTo": 0,
	"interp": "pow5Out",
	"sizeInterp": "pow10In",
	"length": 100,
	"baseLength": 0,
	"lifetime": 15,
	"colorFrom": "B6FFB2",
	"colorTo": "B6FFB210",
	}
]
},
	"despawnEffect": "none",
	"hitShake": 14,
	"damage": 6868,
	"splashDamageRadius": 106,
	"splashDamage": 2025,
	"lightning":3,
	"lightningDamage":340,
	"lightningLength":16
	"lightningColor":"44CEF685"
	"status": "休憩",
	"statusDuration": 300
	"hitSound": "plasmaboom",
	"width": 0,
	"height": 0,
}
}
}
}
},
	"requirements": [
	"silicon/3500",
	"空间节点/890",
	"洛德合金/8500",
	"graphite/8800",
	"blast-compound/80",
	"surge-alloy/5000",
	"贫铀/1200"
	],
	"category": "effect",
	"research": "波动标点"
}