{
"type":"mech",
"name":"[brown]暴乱",
"description":"更肉",
"research":"血锋",
"health":650,//生命
"armor":4,
"range":150,
"speed":1.3,//速度
"hitSize":10,//尺寸
"itemCapacity":15,//背包容量
"ammoType":"coal",
"abilities":[
	{
    "type": "ForceFieldAbility"
    "radius": 16
    "regen": 0.3
    "max": 400
    "cooldown": 160
  }
  {"type":"RegenAbility",//自愈
"percentAmount":0,
"amount":0.5,
}
  ]
"weapons":[
{
  "x":0
  "y":0
  "shootY":4
  "top": true
  "rotate":false
  "reload": 24
  "shootSound":"激光音效",
  "ejectEffect":"casing1"
  "shots": 1,
  "inaccuracy":0
  "alternate":true,
  "ignoreRotation": false,
  "bullet":{
               "speed": 2.5
               "lifetime": 60
               "damage":14
               "width": 7
               "shrinkY":0
               "height": 7
               "frontColor": "FFEFD7"
	"backColor": "FFEFD7"
		"weaveMag": 1,
	"weaveScale": 5,
	"trailLength": 4,
	"trailWidth": 1,
	"trailColor": "FFEFD7",
}
}
]
}