{
"type":"mech",
"name":"[yellow]裂阳",
"description":"感谢某模组作者帮我想的名字",
"research":"恐惧",
"health":10000,//生命
"armor":7,
"range":260,
"speed":1,//速度
"hitSize":18,//尺寸
"itemCapacity":45,//背包容量
"ammoType":"coal",
"abilities":[
	{
    "type": "ForceFieldAbility"
    "radius": 40
    "regen": 1
    "max": 3600
    "cooldown": 360
  }
  ]
"weapons":[
{
  "x":0
  "y":0
  "shootY":4
  "top": true
  "rotate":false
  "reload": 20
  "shootSound":"激光音效",
  "ejectEffect":"casing1"
  "shots": 1,
  "inaccuracy":0
  "alternate":true,
  "ignoreRotation": false,
  "bullet":{
               "speed": 4.4
               "lifetime": 60
               "damage":35
               "width": 7
               "shrinkY":0
               "height": 7
               "frontColor": "FFEFD7"
	"backColor": "FFEFD7"
		"weaveMag": 1,
	"weaveScale": 5,
	"trailLength": 4,
	"trailWidth": 1,
	"trailColor": "FFEFD7",
}
}
{
  "x":8
  "y":-4
  "shootY":4
  "top": true
  "rotate":false
  "reload": 8
  "shootSound":"激光音效",
  "ejectEffect":"casing1"
  "shots": 1,
  "inaccuracy":0
  "alternate":true,
  "ignoreRotation": false,
  "bullet":{
               "speed": 8.8
               "lifetime": 30
               "damage":20
               "width": 7
               "shrinkY":0
               "height": 7
               "frontColor": "FFEFD7"
	"backColor": "FFEFD7"
		"weaveMag": 1,
	"weaveScale": 5,
	"trailLength": 4,
	"trailWidth": 1,
	"trailColor": "FFEFD7",
}
}
{
"x":8,"y":4,
"shake":2,
"top":false,
"mirror":true,//镜像
"reload":60,//装弹时间
//"alternate":false,
"recoil":4,
"shootSound":"laser",
"bullet":{
"type":"LaserBulletType",//基础子弹
"damage":100,
"sideAngle":30,
"sideWidth":7,
"sideLength":7,
"length":240,
"colors":[FFA561,FFC89E,FFE9D1,FFFFFF],//颜色
"ammoMultiplier":1,//每个物品能够
"status": "burning",
"statusDuration": 90,
}}
]
}