{
	"name": "列位超速器",
	"description": "给某些方块提高工作效率",
	"type": "OverdriveProjector",
	"health": 21000,
	"size": 4,
	"range": 220,
	"speedBoost": 3,
	"hasLiquids": true,
"drawer": {
    "type": "DrawMulti",
    "drawers": [
      {
        "type": "DrawRegion",
        "suffix": "-bottom"
      },
       "DrawDefault"
      {
        "type": "DrawLiquidRegion",
        "drawLiquid": "列位流体"
      },
      {
        "type": "DrawGlowRegion",
        "color": "D1EFFFFF"
      },
    ]
  },
	"consumes": {
		"power": 3,
		"liquid":{"liquid":"列位流体","amount":"0.4"}
		},
	"category": "effect",
	"research":"MEE-埃里克尔"
	"requirements": [
	"埃里克尔更多设备-泰特希合金/35"
    "列位石/90"
    "thorium/135"
	],
}