{
  "type": "GenericCrafter",
  "name": "化合硅炉",
  "description": "用氢气还原沙子",
 "outputItem": {
    "item": "silicon",
    "amount": 26
  },
  "hasLiquids": true,
  "health": 8560,
  "size": 4,
   "itemCapacity": 60,
  "hasPower": true,
  "hasLiquids": true,
  "drawer": {
    "type": "DrawMulti",
    "drawers": [
      {
        "type": "DrawRegion",
        "suffix": "-bottom"
      },
      {
        "type": "DrawLiquidRegion",
        "drawLiquid": "hydrogen"
      },
      "DrawDefault"
       {
        "type": "DrawGlowRegion"
        "color": "D1EFFFFF"
      }
      {
      "type":"DrawCrucibleFlame"
      "flameColor":"D1EFFFFF"
      }
    ]
  },
  "craftTime": 140,
  "liquidCapacity": 60,
  "consumes": {
    "power": 5,
    "items": {
      "items": [
        {
          "item": "sand",
          "amount": 20
        }
         {
          "item": "graphite",
          "amount": 5
        }
      ]
    },
    "liquids": {
      "liquids": [
        {
          "liquid": "hydrogen",
          "amount": 0.2
        }
      ]
    }
  },
  "requirements": [
    "beryllium/200",
    "graphite/185",
    "carbide/85",
    "thorium/185",
    "列位石/150",
    "oxide/135"
  ],
  "category": "crafting",
  "research": "列位混合器"

}