{
    "requirements": [
        {
            "item": "混凝土",
            "amount": 150
        },
        {
            "item": "高纯硅",
            "amount": 350
        },
        {
            "item": "plastanium",
            "amount": 200
        },
        {
            "item": "surge-alloy",
            "amount": 300
        },
        {
            "item": "metaglass",
            "amount": 600
        },
        {
            "item": "copper",
            "amount": 1200
        }
    ]
}