{
    "requirements": [
        {
            "item": "copper",
            "amount": 1300
        },
        {
            "item": "lead",
            "amount": 400
        },
        {
            "item": "graphite",
            "amount": 340
        },
        {
            "item": "surge-alloy",
            "amount": 325
        },
        {
            "item": "高纯硅",
            "amount": 300
        },
        {
            "item": "混凝土",
            "amount": 240
        }
    ]
}