{
	"ammoTypes": {
		"copper": {
			"type": "BasicBulletType",
			"width": 8,
			"height": 13,
			"speed": 5,
			"lifetime": 34.87,
			"damage": 15,
			"ammoMultiplier": 2
		},
		"graphite": {
			"type": "BasicBulletType",
			"width": 10,
			"height": 16,
			"speed": 6,
			"lifetime": 23.93,
			"damage": 26,
			"splashDamageRadius": 15,
			"splashDamage": 12,
			"knockback": 1,
			"hitEffect": "flakExplosion",
			"reloadMultiplier": 0.6,
			"ammoMultiplier": 4
		},
		"pyratite": {
			"type": "BasicBulletType",
			"width": 10,
			"height": 17,
			"speed": 7.5,
			"lifetime": 21.3,
			"damage": 18,
			"splashDamageRadius": 22,
			"splashDamage": 35,
			"frontColor": "f8ad42",
			"backColor": "f68021",
			"hitEffect": {
				"type": "MultiEffect",
				"effects": [
					"flakExplosion",
					"fireHit"
				]
			},
			"status": "burning",
			"statusDuration": 720,
			"makeFire": true,
			"ammoMultiplier": 5
		},
		"blast-compound": {
			"type": "BasicBulletType",
			"width": 12,
			"height": 18,
			"speed": 8,
			"lifetime": 22.3,
			"damage": 16,
			"splashDamageRadius": 30,
			"splashDamage": 45,
			"ammoMultiplier": 6,
			"knockback": 3,
			"hitEffect": "blastExplosion",
			"despawnEffect": "blastExplosion",
			"status": "blasted",
			"statusDuration": 60
			"frontColor": "E59452FF",
			"backColor": "FF9883FF",
		},
		"silicon": {
			"type": "BasicBulletType",
			"width": 10,
			"height": 15,
			"speed": 9,
			"lifetime": 23.5,
			"damage": 18,
			"homingPower": 0.1,
			"reloadMultiplier": 1.67,
			"ammoMultiplier": 5,
			"hitEffect": "hitBulletBig"
		},
		"thorium": {
			"type": "BasicBulletType",
			"shootEffect": "shootBig",
			"smokeEffect": "shootBigSmoke",
			"hitEffect": "hitBulletBig",
			"width": 12,
			"height": 19,
			"speed": 10,
			"lifetime": 22.7,
			"damage": 36,
			"ammoMultiplier": 4
			}
		"混凝土": {
			"type": "BasicBulletType",
			"width": 10,
		"splashDamageRadius": 20,
			"splashDamage": 15,
			"height": 15,
			"speed": 6.5,
			"lifetime": 26.5,
			"damage": 28,
			"homingPower": 0.1,
			"reloadMultiplier": 1.67,
			"ammoMultiplier": 5,
			"hitEffect": "hitBulletBig"
		    "status": "statu_02",
            "statusDuration": 20,
		}
	},
}