{
		"ammoTypes": {
		"blast-compound": {
			"type": "MissileBulletType",
			"width": 8,
			"height": 8,
			"shrinkY": 0,
			"speed": 3.7,
			"lifetime": 70.27,
			"damage": 11,
			"splashDamageRadius": 30,
			"splashDamage": 50,
			"ammoMultiplier": 5,
			"hitEffect": "blastExplosion",
			"despawnEffect": "blastExplosion",
			"status": "blasted",
			"statusDuration": 60
		},
		"pyratite": {
			"type": "MissileBulletType",
			"frontColor": "f8ad42",
			"backColor": "f68021",
			"width": 7,
			"height": 8,
			"shrinkY": 0,
			"homingPower": 0.08,
			"makeFire": true,
			"speed": 3.7,
			"lifetime": 70.27,
			"damage": 13,
			"splashDamageRadius": 20,
			"splashDamage": 45,
			"ammoMultiplier": 5,
			"hitEffect": "blastExplosion",
			"status": "burning",
			"statusDuration": 360
		},
		"surge-alloy": {
			"type": "MissileBulletType",
			"backColor":"F2E770",
			"frontColor":"FFFFFF",
			"trailColor":"F2E770",
			"width": 8,
			"height": 8,
			"shrinkY": 0,
			"speed": 3.7,
			"lifetime": 70.27,
			"damage": 19,
			"splashDamageRadius": 25,
			"splashDamage": 35,
			"ammoMultiplier": 4,
			"hitEffect": "blastExplosion",
			"despawnEffect": "blastExplosion",
			"lightningDamage": 10,
			"lightning": 2,
			"lightningLength": 10
		},
		"不稳定合金": {
			"type": "MissileBulletType",
			"frontColor": "AFC1D0FF",
			"backColor": "575F66FF",
			"width": 8,
			"height": 8,
			"shrinkY": 0,
			"speed": 3.7,
			"lifetime": 70.27,
			"damage": 26,
			"splashDamageRadius": 35,
			"splashDamage": 55,
			"ammoMultiplier": 5,
			"hitEffect": "blastExplosion",
			"despawnEffect": "blastExplosion",
			"lightningDamage": 15,
			"lightning": 3,
			"lightningLength": 5
			"status": "blasted",
		}
	}
}