{
  "type": "HeatProducer",
  "health":400,
  "drawer":{
    "type":"DrawMulti",
    "drawers":[
      {"type":"DrawDefault"},
      {"type":"DrawFlame"}
    ]
  },
  "size":4,
  "heatOutput":24,
  "hasPower": true,
  "hasliquid": false,
  "hasItems": false,
  "craftTime":30,
  "consumes": {
    "liquids": ["arkycite/0.66666666666666666666666666666667","ozone/0.025"]
  },
  "requirements": [
    { "item": "oxide", "amount":45},
    { "item": "tungsten", "amount":45},
    { "item": "beryllium", "amount":20}
  ],
  "category": "crafting",
  "idleSound": "respawning",
  "idleSoundVolume": 0.5,
  "research": "chemical-combustion-chamber"
}