{
	"type": "GenericSmelter",
	"name": "空气压缩机",
	"description": "增大容器内部压力来达到压缩空气的目的\n钛用于修补容器损耗\n冷却液保持容器低温状态",
	
	"flameColor": "d0b0ff",
	"health":500,
	"size":2,
	"hasPower": true,
	"hasLiquids": true,
	"solid":true
	"craftTime":45
	"displayFlow":true
	//"drawer" :  "DrawMixer"
	"updateEffect": "reactorsmoke",
	"consumes": {
	     "items":{
	          "items":[{"item":"titanium","amount":3}]
	          },
		"power":2,
		"liquid": {
			"liquid": "cryofluid",
			"amount": 0.15
		}
	},
  	"liquidCapacity": 10,
	"outputLiquid": {"liquid": "液态氮", "amount": 12},
	"requirements": [
		
        { "item": "metaglass", "amount": 55 },
		{"item":"混合板", "amount":50}
		{ "item": "graphite", "amount": 85 },
		{ "item": "titanium", "amount": 125 }
		{ "item": "silicon", "amount": 65 }
	],
	"category": "crafting",
	"research": "cryofluid-mixer",
	"idleSound": "respawning",
	"idleSoundVolume": 0.5
}