

{
	"type": "GenericSmelter",
	"name": "织布硬织器",
	"description": "暂无",
	"itemCapacity":20,
	"flameColor": "d0b0ff",
	"health":800,
	"size":3,
	  "itemCapacity": 60,
	"hasPower": true,
	"hasLiquids": false,
	"hasItems": true,
	"craftTime":45,
	"updateEffect": "reactorsmoke",
	"consumes": {
		"power":5,
		"items": {
			"items": [
				{ "item": "铀", "amount": 3 },
				{"item":"sand","amount":20}
				
			]
},
		
	},
  	
	"outputItem": { "item": "phase-fabric", "amount": 3 }
	"requirements": [
		{ "item": "粒子防护板", "amount": 75 },
        { "item": "铀", "amount": 55 },
		
		{ "item": "重核", "amount": 85 },
		{ "item": "phase-fabric", "amount": 125 }
		{"item":"plastanium","amount":60}
	],
	"category": "crafting",
	"research": "phase-weaver",
	"idleSound": "respawning",
	"idleSoundVolume": 0.5
}