{
	"type": "flying",
	"name": "云龙",
	"healColor": "BFFFDB",
	"outlineColor": "383848",
	"speed": 0.268,
	"accel": 0.086,
	"drag": 0.072,
	"fogRadius": 220,
	"lightRadius": 1200,
	"lowAltitude": true,
	"flying": true,
	"engines": [
		{
			"x": -24,
			"y": -180,
			"radius": 13,
			"rotation": -90
		},
		{
			"x": -54,
			"y": -188,
			"radius": 13,
			"rotation": -90
		},
		{
			"x": -78,
			"y": -164,
			"radius": 13,
			"rotation": -90
		},
		{
			"x": 24,
			"y": -180,
			"radius": 13,
			"rotation": -90
		},
		{
			"x": 54,
			"y": -188,
			"radius": 13,
			"rotation": -90
		},
		{
			"x": 78,
			"y": -164,
			"radius": 13,
			"rotation": -90
		}
	],
	"engineOffset": 24,
	"engineSize": 0,
	"hitSize": 280,
	"health": 1000000,
	"armor": 220,
	"immunities": [
		"burning","electrified",
		"melting","disarmed",
		"sapped","shocked",
		"slow","unmoving",
		"corroded","饱和火力-干扰",
		"饱和火力-标记","饱和火力-裂位标记","饱和火力-拆解",
		"饱和火力-绝判","饱和火力-油蚀","饱和火力-碎解",
		"饱和火力-阳电","饱和火力-阴电","饱和火力-崩溃",
		"饱和火力-殁火","饱和火力-急冻","饱和火力-失衡"
	],
	"rotateSpeed": 0.18,
	"ammoCapacity": 99999,
	"abilities": [
		{
			"type": "EnergyFieldAbility",
			"damage": 3300,
			"reload": 180,
			"range": 360,
			"healPercent": 0.265,
			"x": 0,
			"y": -40,
			"color": "BFFFDB",
			"blinkSize":0.5,
			"effectRadius": 13,
			"sectors": 10,
			"sectorRad": 0.048,
			"rotateSpeed": -1,
			"hitEffect": {
				"type": "ExplosionEffect",
				"lifetime": 25,
				"waveStroke": 3,
				"waveLife": 36,
				"waveRadBase": 0,
				"waveColor": "BFFFDB",
				"waveRad": 30,
				"smokes": 0,
				"sparkColor": "BFFFDB",
				"sparks": 33,
				"sparkRad": 45,
				"sparkStroke": 2,
				"sparkLen": 20
			},
			"damageEffect": "chainLightning",
			"status": "饱和火力-失衡",
			"statusDuration": 180,
			"shootSound": "laser"
		},
		{
			"type": "RepairFieldAbility",
			"amount": 58000,
			"reload": 500,
			"range": 200,
			"healEffect": "none",
			"activeEffect": {
				"type": "WaveEffect",
				"lifetime": 60,
				"sizeFrom": 0,
				"sizeTo": 200,
				"strokeFrom": 30,
				"interp": "circleOut",
				"strokeTo": 0,
				"colorFrom": "BFFFDB88",
				"colorTo": "BFFFDB"
			}
		},
		{
			"type": "ShieldArcAbility",
			"radius": 260,
			"width": 32,
			"max": 82000,
			"regen": 360,
			"cooldown": 480,
			"angle": 194
		}
	],
	"faceTarget": true,
	"weapons": [
		{
			"name": "昼阑2",
			"type": "PointDefenseWeapon",
			"x": 80,
			"y": -136,
			"rotate": true,
			"top": true,
			"alternate": false,
			"shootSound": "lasershoot",
			"shootCone": 10,
			"rotateSpeed": 9,
			"reload": 5,
			"targetInterval": 6,
			"targetSwitchInterval": 6,
			"bullet": {
				"speed": 20,
				"lifetime": 30,
				"shootEffect": "none",
				"hitEffect": {
					"type": "ParticleEffect",
					"particles":3,
					"line": true,
					"length": 36,
					"baseLength": 0,
					"lifetime": 10,
					"colorFrom": "BFFFDB",
					"colorTo": "BFFFDB"
				},
				"maxRange": 600,
				"damage": 260
			}
		},
		{
			"name": "昼阑2",
			"type": "PointDefenseWeapon",
			"x": 32,
			"y": -104,
			"rotate": true,
			"top": true,
			"alternate": false,
			"shootSound": "lasershoot",
			"shootCone": 10,
			"rotateSpeed": 9,
			"reload": 5,
			"targetInterval": 6,
			"targetSwitchInterval": 6,
			"bullet": {
				"speed": 20,
				"lifetime": 30,
				"shootEffect": "none",
				"hitEffect": {
					"type": "ParticleEffect",
					"particles":3,
					"line": true,
					"length": 36,
					"baseLength": 0,
					"lifetime": 10,
					"colorFrom": "BFFFDB",
					"colorTo": "BFFFDB"
				},
				"maxRange": 600,
				"damage": 260
			}
		},
		{
			"name": "昼阑2",
			"type": "PointDefenseWeapon",
			"x": -68,
			"y": 104,
			"rotate": true,
			"top": true,
			"alternate": false,
			"shootSound": "lasershoot",
			"shootCone": 10,
			"rotateSpeed": 9,
			"reload": 5,
			"targetInterval": 6,
			"targetSwitchInterval": 6,
			"bullet": {
				"speed": 20,
				"lifetime": 30,
				"shootEffect": "none",
				"hitEffect": {
					"type": "ParticleEffect",
					"particles":3,
					"line": true,
					"length": 36,
					"baseLength": 0,
					"lifetime": 10,
					"colorFrom": "BFFFDB",
					"colorTo": "BFFFDB"
				},
				"maxRange": 600,
				"damage": 260
			}
		},
		{
			"name": "昼阑2",
			"type": "PointDefenseWeapon",
			"x": 43,
			"y": 166,
			"rotate": true,
			"top": true,
			"alternate": false,
			"shootSound": "lasershoot",
			"shootCone": 10,
			"rotateSpeed": 9,
			"reload": 5,
			"targetInterval": 6,
			"targetSwitchInterval": 6,
			"bullet": {
				"speed": 20,
				"lifetime": 30,
				"shootEffect": "none",
				"hitEffect": {
					"type": "ParticleEffect",
					"particles":3,
					"line": true,
					"length": 36,
					"baseLength": 0,
					"lifetime": 10,
					"colorFrom": "BFFFDB",
					"colorTo": "BFFFDB"
				},
				"maxRange": 600,
				"damage": 260
			}
		},
		{
			"name": "昼阑2",
			"type": "PointDefenseWeapon",
			"x": 24,
			"y": 62.75,
			"rotate": true,
			"top": true,
			"alternate": false,
			"shootSound": "lasershoot",
			"shootCone": 10,
			"rotateSpeed": 9,
			"reload": 5,
			"targetInterval": 6,
			"targetSwitchInterval": 6,
			"bullet": {
				"speed": 20,
				"lifetime": 30,
				"shootEffect": "none",
				"hitEffect": {
					"type": "ParticleEffect",
					"particles":3,
					"line": true,
					"length": 36,
					"baseLength": 0,
					"lifetime": 10,
					"colorFrom": "BFFFDB",
					"colorTo": "BFFFDB"
				},
				"maxRange": 600,
				"damage": 260
			}
		},

		{"name": "云龙3",
			"reload": 28,
			"x": 28.25,
			"y": 159,
			"layerOffset": 0.001,
			"shootY": 3.5,
			"rotate": true,
			"rotateSpeed": 6.55,
			"recoil": 1,
			"recoilTime": 56,
			"inaccuracy": 2,
			"controllable": false,
			"autoTarget": true,
			"alternate": false,
			"shootSound": "shockBlast",
			"shake": 4,
			"bullet": {
				"type": "BasicBulletType",
				"height": 36,
				"width": 12,
				"scaleLife": true,
				"speed": 30,
				"lifetime": 33.68,
				"damage": 180,
				"splashDamageRadius": 50,
				"splashDamage": 170,
				"statusDuration": 30,
				"status": "饱和火力-失衡",
				"frontColor": "FFFFFF",
				"backColor": "BFFFDB",
				"trailLength": 8,
				"trailWidth": 2,
				"trailColor": "BFFFDB",
				"hitSound": "plasmaboom",
				"shootEffect":{
					"type": "WaveEffect",
					"lifetime": 55,
					"interp": "circleOut",
					"sizeFrom": 0,
					"sizeTo": 18,
					"strokeFrom": 9,
					"strokeTo": 0,
					"colorFrom": "FFFFFF",
					"colorTo": "BFFFDBA8"
				},
				"smokeEffect":{
					"type": "ParticleEffect",
					"particles": 5,
					"sizeFrom": 3,
					"sizeTo": 0,
					"length": 40,
					"baseLength": 0,
					"lifetime": 50,
					"colorFrom": "BFFFDB",
					"colorTo": "BFFFDB80",
					"cone":10
				},
				"despawnEffect": "none",
				"hitShake":6,
				"hitEffect": {
					"type": "ExplosionEffect",
					"lifetime": 40,
					"waveStroke": 6,
					"waveLife": 18,
					"waveRadBase": 8,
					"waveColor": "BFFFDB",
					"waveRad": 60,
					"smokes": 8,
					"smokeColor": "BFFFDB",
					"sparks": 0
				},
				"trailChance": 1,
				"trailEffect":{
					"type": "ParticleEffect",
					"particles": 1,
					"length": 8,
					"baseLength": 0,
					"lifetime": 60,
					"sizeFrom":2,
					"sizeTo":0,
					"sizeInterp":"pow5In",
					"interp":"pow10Out",
					"colorFrom": "BFFFDB",
					"colorTo": "BFFFDB"
				}
			},
			"heatColor": "FF4040",
			"cooldownTime":28,
			"parts": [
				{
					"type": "RegionPart",
					"mirror": true,
					"progress":"recoil",
					"moveY":-3,
					"heatProgress":"reload",
					"heatColor": "FF4040",
					"suffix": "-侧",
					"under":true
				}]
		},
		{
			"name": "云龙3",
			"reload": 26,
			"x": 28,
			"y": -76,
			"shootY": 3.5,
			"layerOffset": 0.001,
			"rotate": true,
			"rotateSpeed": 6.55,
			"recoil": 1,
			"recoilTime": 56,
			"inaccuracy": 2,
			"controllable": false,
			"autoTarget": true,
			"alternate": false,
			"shootSound": "shockBlast",
			"shake": 4,
			"bullet": {
				"type": "BasicBulletType",
				"height": 36,
				"width": 12,
				"scaleLife": true,
				"speed": 30,
				"lifetime": 33.68,
				"damage": 180,
				"splashDamageRadius": 50,
				"splashDamage": 170,
				"statusDuration": 30,
				"status": "饱和火力-失衡",
				"frontColor": "FFFFFF",
				"backColor": "BFFFDB",
				"trailLength": 8,
				"trailWidth": 2,
				"trailColor": "BFFFDB",
				"hitSound": "plasmaboom",
				"shootEffect":{
					"type": "WaveEffect",
					"lifetime": 55,
					"interp": "circleOut",
					"sizeFrom": 0,
					"sizeTo": 18,
					"strokeFrom": 9,
					"strokeTo": 0,
					"colorFrom": "FFFFFF",
					"colorTo": "BFFFDBA8"
				},
				"smokeEffect":{
					"type": "ParticleEffect",
					"particles": 5,
					"sizeFrom": 3,
					"sizeTo": 0,
					"length": 40,
					"baseLength": 0,
					"lifetime": 50,
					"colorFrom": "BFFFDB",
					"colorTo": "BFFFDB80",
					"cone":10
				},
				"despawnEffect": "none",
				"hitShake":6,
				"hitEffect": {
					"type": "ExplosionEffect",
					"lifetime": 40,
					"waveStroke": 6,
					"waveLife": 18,
					"waveRadBase": 8,
					"waveColor": "BFFFDB",
					"waveRad": 60,
					"smokes": 8,
					"smokeColor": "BFFFDB",
					"sparks": 0
				},
				"trailChance": 1,
				"trailEffect":{
					"type": "ParticleEffect",
					"particles": 1,
					"length": 8,
					"baseLength": 0,
					"lifetime": 60,
					"sizeFrom":2,
					"sizeTo":0,
					"sizeInterp":"pow5In",
					"interp":"pow10Out",
					"colorFrom": "BFFFDB",
					"colorTo": "BFFFDB"
				}
			},
			"heatColor": "FF4040",
			"cooldownTime":26,
			"parts": [
				{
					"type": "RegionPart",
					"mirror": true,
					"progress":"recoil",
					"moveY":-3,
					"heatProgress":"reload",
					"heatColor": "FF4040",
					"suffix": "-侧",
					"under":true
				}]
		},
		{
			"name": "云龙3",
			"reload": 30,
			"x": 68,
			"y": -52,
			"shootY": 3.5,
			"layerOffset": 0.001,
			"rotate": true,
			"rotateSpeed": 6.55,
			"recoil": 1,
			"recoilTime": 56,
			"inaccuracy": 2,
			"controllable": false,
			"autoTarget": true,
			"alternate": false,
			"shootSound": "shockBlast",
			"shake": 4,
			"bullet": {
				"type": "BasicBulletType",
				"height": 36,
				"width": 12,
				"scaleLife": true,
				"speed": 30,
				"lifetime": 33.68,
				"damage": 180,
				"splashDamageRadius": 50,
				"splashDamage": 170,
				"statusDuration": 30,
				"status": "饱和火力-失衡",
				"frontColor": "FFFFFF",
				"backColor": "BFFFDB",
				"trailLength": 8,
				"trailWidth": 2,
				"trailColor": "BFFFDB",
				"hitSound": "plasmaboom",
				"shootEffect":{
					"type": "WaveEffect",
					"lifetime": 55,
					"interp": "circleOut",
					"sizeFrom": 0,
					"sizeTo": 18,
					"strokeFrom": 9,
					"strokeTo": 0,
					"colorFrom": "FFFFFF",
					"colorTo": "BFFFDBA8"
				},
				"smokeEffect":{
					"type": "ParticleEffect",
					"particles": 5,
					"sizeFrom": 3,
					"sizeTo": 0,
					"length": 40,
					"baseLength": 0,
					"lifetime": 50,
					"colorFrom": "BFFFDB",
					"colorTo": "BFFFDB80",
					"cone":10
				},
				"despawnEffect": "none",
				"hitShake":6,
				"hitEffect": {
					"type": "ExplosionEffect",
					"lifetime": 40,
					"waveStroke": 6,
					"waveLife": 18,
					"waveRadBase": 8,
					"waveColor": "BFFFDB",
					"waveRad": 60,
					"smokes": 8,
					"smokeColor": "BFFFDB",
					"sparks": 0
				},
				"trailChance": 1,
				"trailEffect":{
					"type": "ParticleEffect",
					"particles": 1,
					"length": 8,
					"baseLength": 0,
					"lifetime": 60,
					"sizeFrom":2,
					"sizeTo":0,
					"sizeInterp":"pow5In",
					"interp":"pow10Out",
					"colorFrom": "BFFFDB",
					"colorTo": "BFFFDB"
				}
			},
			"heatColor": "FF4040",
			"cooldownTime":30,
			"parts": [
				{
					"type": "RegionPart",
					"mirror": true,
					"progress":"recoil",
					"moveY":-3,
					"heatProgress":"reload",
					"heatColor": "FF4040",
					"suffix": "-侧",
					"under":true
				}]
		},


		{	"name": "云龙2",
			"reload": 4.2,
			"x": 72,
			"y": 92,
			"rotate": true,
			"rotateSpeed": 12,
			"recoil": 1.25,
			"controllable": false,
			"autoTarget": true,
			"shootSound": "JG1",
			"alternate": false,
			"shootY":7,
			"cooldownTime": 46,
			"heatColor": "FF4040",
			"shoot": {
				"type": "ShootAlternate",
				"barrels": 2,
				"spread": 8.5
			},
			"bullet": {
				"type": "PointBulletType",
				"trailSpacing": 8,
				"trailEffect": {
					"type": "MultiEffect",
					"effects": [
						{
							"type": "ParticleEffect",
							"particles": 1,
							"length": 0,
							"baseLength": 1,
							"lifetime": 10,
							"line": true,
							"randLength": false,
							"sizeInterp": "pow5In",
							"lenFrom": 8.2,
							"lenTo": 8.2,
							"strokeFrom": 2.5,
							"strokeTo": 0,
							"colorFrom": "BFFFDB",
							"colorTo": "BFFFDB",
							"cone": 0
						},
						{
							"type": "ParticleEffect",
							"particles": 1,
							"sizeFrom": 2,
							"sizeTo": 0,
							"sizeInterp": "pow5In",
							"interp": "pow10Out",
							"length": 7,
							"baseLength": 0,
							"lifetime": 18,
							"colorFrom": "BFFFDB",
							"colorTo": "BFFFDB",
							"cone": 360
						}
					]
				},
				"damage": 130,
				"lifetime": 10,
				"speed": 56,
				"status": "饱和火力-急冻",
				"statusDuration": 300,
				"shootEffect": {
					"type": "WaveEffect",
					"lifetime": 9,
					"sizeFrom": 1,
					"sizeTo": 13,
					"strokeFrom": 2,
					"strokeTo": 0,
					"colorFrom": "BFFFDB",
					"colorTo": "BFFFDB"
				},
				"smokeEffect": "none",
				"hitSound": "explosion",
				"hitEffect": {
					"type": "MultiEffect",
					"effects": [
						{
							"type": "ParticleEffect",
							"particles": 8,
							"sizeFrom": 2,
							"sizeTo": 0,
							"length": 35,
							"baseLength": 0,
							"lifetime": 25,
							"interp": "pow5Out",
							"colorFrom": "BFFFDB",
							"colorTo": "BFFFDB",
							"cone": 360
						},
						{
							"type": "WaveEffect",
							"lifetime": 15,
							"sizeFrom": 1,
							"sizeTo": 30,
							"strokeFrom": 3,
							"strokeTo": 0,
							"colorFrom": "BFFFDB",
							"colorTo": "BFFFDB"
						}
					]
				},
				"despawnEffect": {
					"type": "ParticleEffect",
					"particles": 1,
					"sizeFrom": 8,
					"sizeTo": 0,
					"length": 0,
					"baseLength": 0,
					"lifetime": 33,
					"colorFrom": "BFFFDB",
					"colorTo": "BFFFDB",
					"cone": 360
				}
			}
		},
		{
			"name": "云龙2",
			"reload": 6,
			"x": -72,
			"y": 44,
			"rotate": true,
			"rotateSpeed": 12,
			"recoil": 1.25,
			"controllable": false,
			"autoTarget": true,
			"shootSound": "JG1",
			"alternate": false,
			"shootY":7,
			"cooldownTime": 46,
			"heatColor": "FF4040",
			"shoot": {
				"type": "ShootAlternate",
				"barrels": 2,
				"spread": 8.5
			},
			"bullet": {
				"type": "PointBulletType",
				"trailSpacing": 8,
				"trailEffect": {
					"type": "MultiEffect",
					"effects": [
						{
							"type": "ParticleEffect",
							"particles": 1,
							"length": 0,
							"baseLength": 1,
							"lifetime": 10,
							"line": true,
							"randLength": false,
							"sizeInterp": "pow5In",
							"lenFrom": 8.2,
							"lenTo": 8.2,
							"strokeFrom": 2.5,
							"strokeTo": 0,
							"colorFrom": "BFFFDB",
							"colorTo": "BFFFDB",
							"cone": 0
						},
						{
							"type": "ParticleEffect",
							"particles": 1,
							"sizeFrom": 2,
							"sizeTo": 0,
							"sizeInterp": "pow5In",
							"interp": "pow10Out",
							"length": 7,
							"baseLength": 0,
							"lifetime": 18,
							"colorFrom": "BFFFDB",
							"colorTo": "BFFFDB",
							"cone": 360
						}
					]
				},
				"damage": 100,
				"lifetime": 10,
				"speed": 48,
				"status": "饱和火力-失衡",
				"statusDuration": 20,
				"shootEffect": {
					"type": "WaveEffect",
					"lifetime": 9,
					"sizeFrom": 1,
					"sizeTo": 13,
					"strokeFrom": 2,
					"strokeTo": 0,
					"colorFrom": "BFFFDB",
					"colorTo": "BFFFDB"
				},
				"smokeEffect": "none",
				"hitSound": "explosion",
				"hitEffect": {
					"type": "MultiEffect",
					"effects": [
						{
							"type": "ParticleEffect",
							"particles": 8,
							"sizeFrom": 2,
							"sizeTo": 0,
							"length": 35,
							"baseLength": 0,
							"lifetime": 25,
							"interp": "pow5Out",
							"colorFrom": "BFFFDB",
							"colorTo": "BFFFDB",
							"cone": 360
						},
						{
							"type": "WaveEffect",
							"lifetime": 15,
							"sizeFrom": 1,
							"sizeTo": 30,
							"strokeFrom": 3,
							"strokeTo": 0,
							"colorFrom": "BFFFDB",
							"colorTo": "BFFFDB"
						}
					]
				},
				"despawnEffect": {
					"type": "ParticleEffect",
					"particles": 1,
					"sizeFrom": 8,
					"sizeTo": 0,
					"length": 0,
					"baseLength": 0,
					"lifetime": 33,
					"colorFrom": "BFFFDB",
					"colorTo": "BFFFDB",
					"cone": 360
				}
			}
		},
		{
			"name": "云龙2",
			"reload": 6,
			"x": -72,
			"y": -16,
			"rotate": true,
			"rotateSpeed": 12,
			"recoil": 1.25,
			"controllable": false,
			"autoTarget": true,
			"shootSound": "JG1",
			"alternate": false,
			"shootY":7,
			"cooldownTime": 46,
			"heatColor": "FF4040",
			"shoot": {
				"type": "ShootAlternate",
				"barrels": 2,
				"spread": 8.5
			},
			"bullet": {
				"type": "PointBulletType",
				"trailSpacing": 8,
				"trailEffect": {
					"type": "MultiEffect",
					"effects": [
						{
							"type": "ParticleEffect",
							"particles": 1,
							"length": 0,
							"baseLength": 1,
							"lifetime": 10,
							"line": true,
							"randLength": false,
							"sizeInterp": "pow5In",
							"lenFrom": 8.2,
							"lenTo": 8.2,
							"strokeFrom": 2.5,
							"strokeTo": 0,
							"colorFrom": "BFFFDB",
							"colorTo": "BFFFDB",
							"cone": 0
						},
						{
							"type": "ParticleEffect",
							"particles": 1,
							"sizeFrom": 2,
							"sizeTo": 0,
							"sizeInterp": "pow5In",
							"interp": "pow10Out",
							"length": 7,
							"baseLength": 0,
							"lifetime": 18,
							"colorFrom": "BFFFDB",
							"colorTo": "BFFFDB",
							"cone": 360
						}
					]
				},
				"damage": 100,
				"lifetime": 10,
				"speed": 48,
				"status": "饱和火力-失衡",
				"statusDuration": 20,
				"shootEffect": {
					"type": "WaveEffect",
					"lifetime": 9,
					"sizeFrom": 1,
					"sizeTo": 13,
					"strokeFrom": 2,
					"strokeTo": 0,
					"colorFrom": "BFFFDB",
					"colorTo": "BFFFDB"
				},
				"smokeEffect": "none",
				"hitSound": "explosion",
				"hitEffect": {
					"type": "MultiEffect",
					"effects": [
						{
							"type": "ParticleEffect",
							"particles": 8,
							"sizeFrom": 2,
							"sizeTo": 0,
							"length": 35,
							"baseLength": 0,
							"lifetime": 25,
							"interp": "pow5Out",
							"colorFrom": "BFFFDB",
							"colorTo": "BFFFDB",
							"cone": 360
						},
						{
							"type": "WaveEffect",
							"lifetime": 15,
							"sizeFrom": 1,
							"sizeTo": 30,
							"strokeFrom": 3,
							"strokeTo": 0,
							"colorFrom": "BFFFDB",
							"colorTo": "BFFFDB"
						}
					]
				},
				"despawnEffect": {
					"type": "ParticleEffect",
					"particles": 1,
					"sizeFrom": 8,
					"sizeTo": 0,
					"length": 0,
					"baseLength": 0,
					"lifetime": 33,
					"colorFrom": "BFFFDB",
					"colorTo": "BFFFDB",
					"cone": 360
				}
			}
		},
		{
			"name": "云龙2",
			"reload": 4.2,
			"x": 56,
			"y": -124,
			"rotate": true,
			"rotateSpeed": 12,
			"recoil": 1.25,
			"controllable": false,
			"autoTarget": true,
			"shootSound": "JG1",
			"alternate": false,
			"shootY":7,
			"cooldownTime": 46,
			"heatColor": "FF4040",
			"shoot": {
				"type": "ShootAlternate",
				"barrels": 2,
				"spread": 8.5
			},
			"bullet": {
				"type": "PointBulletType",
				"trailSpacing": 8,
				"trailEffect": {
					"type": "MultiEffect",
					"effects": [
						{
							"type": "ParticleEffect",
							"particles": 1,
							"length": 0,
							"baseLength": 1,
							"lifetime": 10,
							"line": true,
							"randLength": false,
							"sizeInterp": "pow5In",
							"lenFrom": 8.2,
							"lenTo": 8.2,
							"strokeFrom": 2.5,
							"strokeTo": 0,
							"colorFrom": "BFFFDB",
							"colorTo": "BFFFDB",
							"cone": 0
						},
						{
							"type": "ParticleEffect",
							"particles": 1,
							"sizeFrom": 2,
							"sizeTo": 0,
							"sizeInterp": "pow5In",
							"interp": "pow10Out",
							"length": 7,
							"baseLength": 0,
							"lifetime": 18,
							"colorFrom": "BFFFDB",
							"colorTo": "BFFFDB",
							"cone": 360
						}
					]
				},
				"damage": 130,
				"lifetime": 10,
				"speed": 56,
				"status": "饱和火力-急冻",
				"statusDuration": 300,
				"shootEffect": {
					"type": "WaveEffect",
					"lifetime": 9,
					"sizeFrom": 1,
					"sizeTo": 13,
					"strokeFrom": 2,
					"strokeTo": 0,
					"colorFrom": "BFFFDB",
					"colorTo": "BFFFDB"
				},
				"smokeEffect": "none",
				"hitSound": "explosion",
				"hitEffect": {
					"type": "MultiEffect",
					"effects": [
						{
							"type": "ParticleEffect",
							"particles": 8,
							"sizeFrom": 2,
							"sizeTo": 0,
							"length": 35,
							"baseLength": 0,
							"lifetime": 25,
							"interp": "pow5Out",
							"colorFrom": "BFFFDB",
							"colorTo": "BFFFDB",
							"cone": 360
						},
						{
							"type": "WaveEffect",
							"lifetime": 15,
							"sizeFrom": 1,
							"sizeTo": 30,
							"strokeFrom": 3,
							"strokeTo": 0,
							"colorFrom": "BFFFDB",
							"colorTo": "BFFFDB"
						}
					]
				},
				"despawnEffect": {
					"type": "ParticleEffect",
					"particles": 1,
					"sizeFrom": 8,
					"sizeTo": 0,
					"length": 0,
					"baseLength": 0,
					"lifetime": 33,
					"colorFrom": "BFFFDB",
					"colorTo": "BFFFDB",
					"cone": 360
				}
			}
		},

		{"name": "云龙1",
			"reload": 128,
			"x": 39.75,
			"y": 11.25,
			"shootY": 14,
			"rotate": true,
			"rotateSpeed": 2.2,
			"layerOffset": 0.001,
			"recoil": 4,
			"recoilTime": 26,
			"inaccuracy": 0,
			"autoTarget": true,
			"alternate": false,
			"shootSound": "railgun",
			"shake": 8,
			"shoot": {
				"type":"ShootMulti",
				"source":{"shots": 2,"shotDelay": 26},
				"dest":[
			{
				"shots": 2,
				"type": "ShootAlternate",
				"barrels": 2,
				"spread": 9
			}
			]},
			"bullet": {
				"type": "BasicBulletType",
				"height": 55,
				"width": 14,
				"damage": 300,
				"speed": 25.45,
				"drag":0.014,
				"lifetime": 130.5,
				"pierceArmor": true,
				"splashDamageRadius": 65,
				"splashDamage": 300,
				"statusDuration": 220,
				"status": "饱和火力-干扰",
				"frontColor": "FFFFFF",
				"backColor": "BFFFDB",
				"trailLength": 16,
				"trailWidth": 2,
				"trailColor": "BFFFDB",
				"hitSound": "plasmaboom",
				"shootEffect":{
					"type": "WaveEffect",
					"lifetime": 55,
					"interp": "circleOut",
					"sizeFrom": 0,
					"sizeTo": 50,
					"strokeFrom": 9,
					"strokeTo": 0,
					"colorFrom": "FFFFFF",
					"colorTo": "BFFFDBA8"
				},
				"smokeEffect":{
					"type": "ParticleEffect",
					"particles": 6,
					"sizeFrom": 4,
					"sizeTo": 0,
					"length": 48,
					"baseLength": 0,
					"lifetime": 90,
					"colorFrom": "BFFFDB",
					"colorTo": "BFFFDB80",
					"cone":15
				},
				"despawnEffect": "none",
				"hitShake":8,
				"hitEffect": {
					"type": "ExplosionEffect",
					"lifetime": 55,
					"waveStroke": 16,
					"waveLife": 26,
					"waveRadBase": 10,
					"waveColor": "BFFFDB",
					"waveRad": 70,
					"smokes": 0,
					"sparkColor": "BFFFDB",
					"sparks": 26,
					"sparkRad": 85,
					"sparkStroke": 2,
					"sparkLen": 22
				},
				"trailChance": 0.44,
				"trailEffect":{
					"type": "ParticleEffect",
					"particles": 1,
					"length": 10,
					"baseLength": 0,
					"lifetime": 60,
					"sizeFrom":3,
					"sizeTo":0,
					"sizeInterp":"pow5In",
					"interp":"pow10Out",
					"colorFrom": "BFFFDBA8",
					"colorTo": "BFFFDB80"
				},
				"fragBullets": 30,
				"fragLifeMin": 0.8,
				"fragLifeMax": 1.5,
				"fragVelocityMin": 0.88,
				"fragBullet": {
					"hittable": false,
					"hitEffect": {
						"type": "ParticleEffect",
						"particles": 3,
						"sizeFrom": 6,
						"sizeTo": 0,
						"length": 18,
						"baseLength": 0,
						"lifetime": 20,
						"colorFrom": "BFFFDB",
						"colorTo": "BFFFDB",
						"cone": 360
					},
					"hitSound":"explosion",
					"despawnEffect": "none",
					"sprite": "circle-bullet",
					"status": "饱和火力-失衡",
					"statusDuration": 8,
					"shrinkY": 0,
					"hitShake":2,
					"width":8,
					"height":8,
					"trailLength": 3,
					"trailWidth": 1.88,
					"trailColor": "BFFFDBFF",
					"frontColor": "BFFFDB",
					"backColor": "BFFFDB",
					"pierceArmor":true,
					"pierce": true,
					"pierceCap": 2,
					"lightningDamage": 172,
					"lightning": 2,
					"lightningLength": 3,
					"lightningColor": "BFFFDB",
					"damage": 86,
					"splashDamageRadius": 16,
					"splashDamage": 86,
					"knockback":8,
					"speed": 68,
					"drag":0.45,
					"lifetime": 60
				}
			},
			"parts": [
				{
					"type": "RegionPart",
					"mirror": true,
					"progress":"warmup",
					"x": 8,
					"y": 0,
					"heatProgress":"reload",
					"heatColor": "FF4040",
					"suffix": "-侧",
					"under":true,
					"moveRot":-15,
					"moves":[{
					"progress": "recoil",
					"y": 4,"rot":-8}]
				}]
		},
		{
			"name": "云龙1",
			"reload": 122,
			"x": 76,
			"y": 20,
			"shootY": 14,
			"rotate": true,
			"rotateSpeed": 2.2,
			"layerOffset": 0.001,
			"recoil": 4,
			"recoilTime": 26,
			"inaccuracy": 0,
			"autoTarget": true,
			"alternate": false,
			"shootSound": "railgun",
			"shake": 8,
			"shoot": {
				"type":"ShootMulti",
				"source":{"shots": 2,"shotDelay": 26},
				"dest":[
			{
				"shots": 2,
				"type": "ShootAlternate",
				"barrels": 2,
				"spread": 9
			}
			]},
			"bullet": {
				"type": "BasicBulletType",
				"height": 55,
				"width": 14,
				"damage": 300,
				"speed": 25.45,
				"drag":0.014,
				"lifetime": 130.5,
				"pierceArmor": true,
				"splashDamageRadius": 65,
				"splashDamage": 300,
				"statusDuration": 220,
				"status": "饱和火力-干扰",
				"frontColor": "FFFFFF",
				"backColor": "BFFFDB",
				"trailLength": 16,
				"trailWidth": 2,
				"trailColor": "BFFFDB",
				"hitSound": "plasmaboom",
				"shootEffect":{
					"type": "WaveEffect",
					"lifetime": 55,
					"interp": "circleOut",
					"sizeFrom": 0,
					"sizeTo": 50,
					"strokeFrom": 9,
					"strokeTo": 0,
					"colorFrom": "FFFFFF",
					"colorTo": "BFFFDBA8"
				},
				"smokeEffect":{
					"type": "ParticleEffect",
					"particles": 6,
					"sizeFrom": 4,
					"sizeTo": 0,
					"length": 48,
					"baseLength": 0,
					"lifetime": 90,
					"colorFrom": "BFFFDB",
					"colorTo": "BFFFDB80",
					"cone":15
				},
				"despawnEffect": "none",
				"hitShake":8,
				"hitEffect": {
					"type": "ExplosionEffect",
					"lifetime": 55,
					"waveStroke": 16,
					"waveLife": 26,
					"waveRadBase": 10,
					"waveColor": "BFFFDB",
					"waveRad": 70,
					"smokes": 0,
					"sparkColor": "BFFFDB",
					"sparks": 26,
					"sparkRad": 85,
					"sparkStroke": 2,
					"sparkLen": 22
				},
				"trailChance": 0.44,
				"trailEffect":{
					"type": "ParticleEffect",
					"particles": 1,
					"length": 10,
					"baseLength": 0,
					"lifetime": 60,
					"sizeFrom":3,
					"sizeTo":0,
					"sizeInterp":"pow5In",
					"interp":"pow10Out",
					"colorFrom": "BFFFDBA8",
					"colorTo": "BFFFDB80"
				},
				"fragBullets": 30,
				"fragLifeMin": 0.8,
				"fragLifeMax": 1.5,
				"fragVelocityMin": 0.88,
				"fragBullet": {
					"hittable": false,
					"hitEffect": {
						"type": "ParticleEffect",
						"particles": 3,
						"sizeFrom": 6,
						"sizeTo": 0,
						"length": 18,
						"baseLength": 0,
						"lifetime": 20,
						"colorFrom": "BFFFDB",
						"colorTo": "BFFFDB",
						"cone": 360
					},
					"hitSound":"explosion",
					"despawnEffect": "none",
					"sprite": "circle-bullet",
					"status": "饱和火力-失衡",
					"statusDuration": 8,
					"shrinkY": 0,
					"hitShake":2,
					"width":8,
					"height":8,
					"trailLength": 3,
					"trailWidth": 1.88,
					"trailColor": "BFFFDBFF",
					"frontColor": "BFFFDB",
					"backColor": "BFFFDB",
					"pierceArmor":true,
					"pierce": true,
					"pierceCap": 2,
					"lightningDamage": 172,
					"lightning": 2,
					"lightningLength": 3,
					"lightningColor": "BFFFDB",
					"damage": 86,
					"splashDamageRadius": 16,
					"splashDamage": 86,
					"knockback":8,
					"speed": 68,
					"drag":0.45,
					"lifetime": 60
				}
			},
			"parts": [
				{
					"type": "RegionPart",
					"mirror": true,
					"progress":"warmup",
					"x": 8,
					"y": 0,
					"heatProgress":"reload",
					"heatColor": "FF4040",
					"suffix": "-侧",
					"under":true,
					"moveRot":-15,
					"moves":[{
					"progress": "recoil",
					"y": 4,"rot":-8}]
				}]
		},
		{
			"name": "云龙1",
			"reload": 118,
			"x": -48,
			"y": -84,
			"shootY": 14,
			"rotate": true,
			"rotateSpeed": 2.2,
			"layerOffset": 0.001,
			"recoil": 4,
			"recoilTime": 26,
			"inaccuracy": 0,
			"autoTarget": true,
			"alternate": false,
			"shootSound": "railgun",
			"shake": 8,
			"shoot": {
				"type":"ShootMulti",
				"source":{"shots": 2,"shotDelay": 26},
				"dest":[
			{
				"shots": 2,
				"type": "ShootAlternate",
				"barrels": 2,
				"spread": 9
			}
			]},
			"bullet": {
				"type": "BasicBulletType",
				"height": 55,
				"width": 14,
				"damage": 300,
				"speed": 25.45,
				"drag":0.014,
				"lifetime": 130.5,
				"pierceArmor": true,
				"splashDamageRadius": 65,
				"splashDamage": 300,
				"statusDuration": 220,
				"status": "饱和火力-干扰",
				"frontColor": "FFFFFF",
				"backColor": "BFFFDB",
				"trailLength": 16,
				"trailWidth": 2,
				"trailColor": "BFFFDB",
				"hitSound": "plasmaboom",
				"shootEffect":{
					"type": "WaveEffect",
					"lifetime": 55,
					"interp": "circleOut",
					"sizeFrom": 0,
					"sizeTo": 50,
					"strokeFrom": 9,
					"strokeTo": 0,
					"colorFrom": "FFFFFF",
					"colorTo": "BFFFDBA8"
				},
				"smokeEffect":{
					"type": "ParticleEffect",
					"particles": 6,
					"sizeFrom": 4,
					"sizeTo": 0,
					"length": 48,
					"baseLength": 0,
					"lifetime": 90,
					"colorFrom": "BFFFDB",
					"colorTo": "BFFFDB80",
					"cone":15
				},
				"despawnEffect": "none",
				"hitShake":8,
				"hitEffect": {
					"type": "ExplosionEffect",
					"lifetime": 55,
					"waveStroke": 16,
					"waveLife": 26,
					"waveRadBase": 10,
					"waveColor": "BFFFDB",
					"waveRad": 70,
					"smokes": 0,
					"sparkColor": "BFFFDB",
					"sparks": 26,
					"sparkRad": 85,
					"sparkStroke": 2,
					"sparkLen": 22
				},
				"trailChance": 0.44,
				"trailEffect":{
					"type": "ParticleEffect",
					"particles": 1,
					"length": 10,
					"baseLength": 0,
					"lifetime": 60,
					"sizeFrom":3,
					"sizeTo":0,
					"sizeInterp":"pow5In",
					"interp":"pow10Out",
					"colorFrom": "BFFFDBA8",
					"colorTo": "BFFFDB80"
				},
				"fragBullets": 30,
				"fragLifeMin": 0.8,
				"fragLifeMax": 1.5,
				"fragVelocityMin": 0.88,
				"fragBullet": {
					"hittable": false,
					"hitEffect": {
						"type": "ParticleEffect",
						"particles": 3,
						"sizeFrom": 6,
						"sizeTo": 0,
						"length": 18,
						"baseLength": 0,
						"lifetime": 20,
						"colorFrom": "BFFFDB",
						"colorTo": "BFFFDB",
						"cone": 360
					},
					"hitSound":"explosion",
					"despawnEffect": "none",
					"sprite": "circle-bullet",
					"status": "饱和火力-失衡",
					"statusDuration": 8,
					"shrinkY": 0,
					"hitShake":2,
					"width":8,
					"height":8,
					"trailLength": 3,
					"trailWidth": 1.88,
					"trailColor": "BFFFDBFF",
					"frontColor": "BFFFDB",
					"backColor": "BFFFDB",
					"pierceArmor":true,
					"pierce": true,
					"pierceCap": 2,
					"lightningDamage": 172,
					"lightning": 2,
					"lightningLength": 3,
					"lightningColor": "BFFFDB",
					"damage": 86,
					"splashDamageRadius": 16,
					"splashDamage": 86,
					"knockback":8,
					"speed": 68,
					"drag":0.45,
					"lifetime": 60
				}
			},
			"parts": [
				{
					"type": "RegionPart",
					"mirror": true,
					"progress":"warmup",
					"x": 8,
					"y": 0,
					"heatProgress":"reload",
					"heatColor": "FF4040",
					"suffix": "-侧",
					"under":true,
					"moveRot":-15,
					"moves":[{
					"progress": "recoil",
					"y": 4,"rot":-8}]
				}]
		},

		{
			"name": "云龙4",
			"reload": 23,
			"x": 44,
			"y": -28,
			"rotate": true,
			"rotateSpeed": 1.5,
			"layerOffset": 0.002,
			"recoil": 4,
			"recoilTime": 66,
			"inaccuracy": 5,
			"autoTarget": true,
			"alternate": false,
			"cooldownTime":60,
			"shootSound": "largeCannon",
			"shake": 8,
			"shoot": {
				//"shots": 1,
				//"shotDelay": 23,
				"type": "ShootBarrel",
				"barrels": [
					0,11,0,
					-9,11,0,
					9,11,0
				]
			},
			"bullet": {
				"type": "BasicBulletType",
				"height": 60,
				"width": 16,
				"speed": 30,
				"lifetime": 62.13,
				"damage": 550,
				"splashDamageRadius": 85,
				"splashDamage": 330,
				"frontColor": "BFFFDB",
				"backColor": "BFFFDB",
				"trailLength": 8,
				"trailWidth": 3,
				"trailColor": "BFFFDB",
				"status":"饱和火力-干扰",
				"statusDuration":80,
				"hitSound": "titanExplosion",
				"hitSoundVolume":4,
				"shootEffect":{
					"type": "WaveEffect",
					"lifetime": 55,
					"interp": "circleOut",
					"sizeFrom": 8,
					"sizeTo": 80,
					"strokeFrom": 10,
					"strokeTo": 0,
					"colorFrom": "BFFFDB",
					"colorTo": "BFFFDB"
				},
				"smokeEffect":{
					"type": "ParticleEffect",
					"particles": 8,
					"sizeFrom": 6,
					"sizeTo": 0,
					"length": 60,
					"baseLength": 0,
					"lifetime": 110,
					"interp":"pow10Out",
					"sizeInterp":"pow10In",
					"colorFrom": "BFFFDB",
					"colorTo": "BFFFDB",
					"cone":13
				},
				"despawnEffect": "none",
				"hitShake":11,
				"hitEffect": {
					"type": "MultiEffect",
					"effects": [
						{
							"type": "ParticleEffect",
							"particles": 1,
							"sizeFrom": 0,
							"sizeTo": 26,
							"sizeInterp": "pow5Out",
							"length": 0,
							"baseLength": 0,
							"lifetime": 17,
							"colorFrom": "BFFFDBA0",
							"colorTo": "BFFFDB"
						},
						{
							"type": "ParticleEffect",
							"particles": 1,
							"sizeFrom": 26,
							"sizeTo": 0,
							"length": 0,
							"baseLength": 0,
							"startDelay":16,
							"sizeInterp":"pow10In",
							"lifetime": 60,
							"colorFrom": "BFFFDB",
							"colorTo": "BFFFDBA0"
						},
						{
							"type": "WaveEffect",
							"lifetime": 76,
							"sizeFrom": 5,
							"sizeTo": 80,
							"interp": "circleOut",
							"strokeFrom": 21,
							"strokeTo": 0,
							"colorFrom": "BFFFDBA8",
							"colorTo": "BFFFDB"
						},
						{
							"type": "WaveEffect",
							"lifetime": 76,
							"sizeFrom": 5,
							"sizeTo": 100,
							"interp": "circleOut",
							"strokeFrom": 21,
							"strokeTo": 0,
							"colorFrom": "BFFFDBA8",
							"colorTo": "BFFFDB"
						},
						{
							"type": "ParticleEffect",
							"particles": 9,
							"sizeFrom": 12,
							"sizeTo": 0,
							"interp":"pow10Out",
							"sizeInterp":"pow10In",
							"length": 90,
							"baseLength": 0,
							"lifetime": 80,
							"colorFrom": "BFFFDB80",
							"colorTo": "BFFFDB80"
						},
						{
							"type": "ParticleEffect",
							"particles": 16,
							"sizeFrom": 7,
							"sizeTo": 0,
							"interp":"pow10Out",
							"sizeInterp":"pow10In",
							"length": 90,
							"baseLength": 0,
							"lifetime": 80,
							"colorFrom": "BFFFDB80",
							"colorTo": "BFFFDB80"
						}
					]
				},
				"trailChance": 1,
				"trailEffect":{
					"type": "ParticleEffect",
					"particles": 4,
					"length": 16,
					"baseLength": 0,
					"lifetime": 40,
					"sizeFrom":6,
					"sizeTo":0,
					"sizeInterp":"pow3In",
					"interp":"pow10Out",
					"colorFrom": "BFFFDB80",
					"colorTo": "E3E3E350"
				}
			},
			"recoils":3,
			"parts": [
				{
					"type": "RegionPart",
					"mirror": false,
					"x": 0,
					"recoilIndex": 0,
					"heatProgress":"recoil",
					"heatColor": "FF4040",
					"suffix": "-前",
					"under":true,
					"progress":"recoil",
					"moveY": -8
				},
				{
					"type": "RegionPart",
					"mirror": false,
					"x": -9,
					"recoilIndex": 1,
					"heatProgress":"recoil",
					"heatColor": "FF4040",
					"suffix": "-前",
					"under":true,
					"progress":"recoil",
					"moveY": -8
				},
				{
					"type": "RegionPart",
					"mirror": false,
					"x": 9,
					"recoilIndex": 2,
					"heatProgress":"recoil",
					"heatColor": "FF4040",
					"suffix": "-前",
					"under":true,
					"progress":"recoil",
					"moveY": -8
				}
			]
		},

		{
			"name":"云龙0",
			"x":-80,
			"y":-24,
			"baseRotation": 90,
			"reload":900,
			"shootCone":360,
			"alwaysShooting":false,
			"controllable": false,
			"autoTarget": true,
			"rotate":false,
			"alternate":true,
			"inaccuracy":18,
			"shootSound":"FJ",
			"shoot": {"shots": 3,"shotDelay": 10},
			"bullet":{
				"instantDisappear":true,
				"hitSound":"FJ",
				"hitSoundVolume":8,
				"shootEffect":"none",
				"smokeEffect":"none",
				"collides":false,
				"spawnUnit":"flareY"
			}
		},
		{
			"name":"云龙0",
			"x":50,
			"y":168,
			"reload":900,
			"shootCone":360,
			"alwaysShooting":false,
			"controllable": false,
			"autoTarget": true,
			"rotate":false,
			"alternate":true,
			"inaccuracy":10,
			"shootSound":"FJ",
			"shoot": {"shots": 3,"shotDelay": 20},
			"bullet":{
				"instantDisappear":true,
				"hitSound":"FJ",
				"hitSoundVolume":8,
				"shootEffect":"none",
				"smokeEffect":"none",
				"collides":false,
				"spawnUnit":"flareY"
			}
		},
		{
			"name": "云龙0",
			"shootSound": "laserblast",
			"chargeSound": "lasercharge",
			"top": false,
			"mirror": false,
			"rotate":false,
			"shake": 26,
			"x": 0,
			"y": 0,
			"reload": 640,
			"recoil": 0,
			"cooldownTime": 350,
			"heatColor": "FF4040",
			"minWarmup": 0.8,
			"shootWarmupSpeed": 0.033,
			"shootStatusDuration": 185,
			"shootStatus": "蓄能",
			"parentizeEffects": true,
			"shoot": {
				"type": "ShootPattern",
				"firstShotDelay": 180
			},
			"bullet":{
				"type": "BasicBulletType",
				"shootEffect": {
					"type": "ParticleEffect",
					"particles": 28,
					"sizeFrom": 26,
					"sizeTo": 0,
					"sizeInterp": "pow10In",
					"interp": "pow5Out",
					"length": 188,
					"baseLength": 0,
					"lifetime": 360,
					"colorFrom": "25C9AB80",
					"colorTo": "BFFFDB30",
					"cone": 30
				},
				"smokeEffect": {
					"type": "WaveEffect",
					"lifetime": 55,
					"interp": "circleOut",
					"sizeFrom": 0,
					"sizeTo": 230,
					"strokeFrom": 32,
					"strokeTo": 0,
					"colorFrom": "FFFFFF",
					"colorTo": "25C9AB"
				},
				"chargeEffect":{
					"type": "MultiEffect",
					"effects": [
						{
							"type": "ParticleEffect",
							"particles": 1,
							"sizeFrom": 0,
							"sizeTo": 10,
							"length":0,
							"baseLength": 0,
							"lifetime": 180,
							"interp": "pow5Out",
							"colorFrom": "25C9AB",
							"colorTo": "BFFFDB",
							"cone": 0
						},
						{
							"type": "ParticleEffect",
							"particles": 1,
							"sizeFrom": 0,
							"sizeTo": 12,
							"length":0,
							"baseLength": 14,
							"lifetime": 180,
							"interp": "pow5Out",
							"randLength": false,
							"colorFrom": "25C9AB",
							"colorTo": "BFFFDB",
							"cone": 0
						},
						{
							"type": "ParticleEffect",
							"particles": 1,
							"sizeFrom": 0,
							"sizeTo": 14,
							"baseLength": 20,
							"lifetime": 150,
							"startDelay": 30,
							"interp": "pow5Out",
							"randLength": false,
							"colorFrom": "25C9AB",
							"colorTo": "BFFFDB",
							"cone": 0
						},
						{
							"type": "ParticleEffect",
							"particles": 1,
							"sizeFrom": 0,
							"sizeTo": 16,
							"baseLength": 43,
							"lifetime": 120,
							"startDelay": 60,
							"interp": "pow5Out",
							"randLength": false,
							"colorFrom": "25C9AB",
							"colorTo": "BFFFDB",
							"cone": 0
						},

						{
							"type": "ParticleEffect",
							"particles": 1,
							"sizeFrom": 0,
							"sizeTo": 17,
							"baseLength": 72,
							"lifetime": 114,
							"startDelay": 66,
							"interp": "pow5Out",
							"randLength": false,
							"colorFrom": "25C9AB",
							"colorTo": "BFFFDB",
							"cone": 0
						},
						{
							"type": "ParticleEffect",
							"particles": 1,
							"sizeFrom": 0,
							"sizeTo": 17,
							"baseLength": 80,
							"lifetime": 108,
							"startDelay": 72,
							"interp": "pow5Out",
							"randLength": false,
							"colorFrom": "25C9AB",
							"colorTo": "BFFFDB",
							"cone": 0
						},
						{
							"type": "ParticleEffect",
							"particles": 1,
							"sizeFrom": 0,
							"sizeTo": 17,
							"baseLength": 90,
							"lifetime": 102,
							"startDelay": 78,
							"interp": "pow5Out",
							"randLength": false,
							"colorFrom": "25C9AB",
							"colorTo": "BFFFDB",
							"cone": 0
						},
						{
							"type": "ParticleEffect",
							"particles": 1,
							"sizeFrom": 0,
							"sizeTo": 17,
							"baseLength": 100,
							"lifetime": 96,
							"startDelay": 84,
							"interp": "pow5Out",
							"randLength": false,
							"colorFrom": "25C9AB",
							"colorTo": "BFFFDB",
							"cone": 0
						},
						{
							"type": "ParticleEffect",
							"particles": 1,
							"sizeFrom": 0,
							"sizeTo": 17,
							"baseLength": 110,
							"lifetime": 90,
							"startDelay": 90,
							"interp": "pow5Out",
							"randLength": false,
							"colorFrom": "25C9AB",
							"colorTo": "BFFFDB",
							"cone": 0
						},
						{
							"type": "ParticleEffect",
							"particles": 1,
							"sizeFrom": 0,
							"sizeTo": 17,
							"baseLength": 120,
							"lifetime": 84,
							"startDelay": 96,
							"interp": "pow5Out",
							"randLength": false,
							"colorFrom": "25C9AB",
							"colorTo": "BFFFDB",
							"cone": 0
						},
						{
							"type": "ParticleEffect",
							"particles": 1,
							"sizeFrom": 0,
							"sizeTo": 17,
							"baseLength": 130,
							"lifetime": 78,
							"startDelay": 102,
							"interp": "pow5Out",
							"randLength": false,
							"colorFrom": "25C9AB",
							"colorTo": "BFFFDB",
							"cone": 0
						}
					]},
				"height": 88,
				"width": 32,
				"damage": 25000,
				"splashDamageRadius": 225,
				"splashDamage": 15000,
				"speed": 194.9,
				"drag": 0.089,
				"lifetime": 111.1,
				"status": "饱和火力-失衡",
				"statusDuration": 350,
				"hittable": false,
				"sprite": "circle-bullet",
				"frontColor": "FFFFFF",
				"backColor": "BFFFDB",
				"trailLength": 56,
				"trailWidth": 13,
				"trailColor": "BFFFDB",
				"hitSound": "plasmaboom",
				"hitSoundVolume": 9,
				"despawnEffect": {
					"type": "MultiEffect",
					"effects": [
						{
							"type": "ParticleEffect",
							"particles": 1,
							"sizeFrom": 0,
							"sizeTo": 38,
							"sizeInterp": "pow10Out",
							"length": 0,
							"baseLength": 0,
							"lifetime": 26,
							"colorFrom": "BFFFDB",
							"colorTo": "25C9AB"
						},
						{
							"type": "ParticleEffect",
							"particles": 1,
							"sizeFrom": 38,
							"sizeTo": 0,
							"startDelay": 25,
							"sizeInterp": "pow5Out",
							"length": 0,
							"baseLength": 0,
							"lifetime": 360,
							"colorFrom": "25C9AB",
							"colorTo": "BFFFDB"
						}
					]
				},
				"hitShake": 36,
				"hitEffect": {
					"type": "ExplosionEffect",
					"lifetime": 68,
					"waveStroke": 22,
					"waveLife": 44,
					"waveRadBase": 8,
					"waveColor": "BFFFDB",
					"waveRad": 228,
					"smokes": 32,
					"smokeColor": "FFFFFF",
					"sparkColor": "BFFFDB",
					"sparks": 33,
					"sparkRad": 250,
					"sparkStroke": 5,
					"sparkLen": 48
				},
				"fragBullets": 1,
				"fragLifeMin": 0.8,
				"fragLifeMax": 1.5,
				"fragBullet": {
					"type": "BasicBulletType",
					"height": 66,
					"width": 66,
					"sprite":"large-bomb",
					"spin":6,
					"shrinkY":0,
					"speed": 0,
					"lifetime": 120,
					"collides": false,
					"splashDamageRadius": 85,
					"splashDamage": 1800,
					"frontColor": "FFFFFF",
					"backColor": "BFFFDB",
					"hitSound": "explosionbig",
					"hitSoundVolume":3,
					"despawnEffect": "none",
					"bulletInterval": 2,
					"intervalBullets": 3,
					"intervalSpread": 8,
					"intervalBullet": {
					"type": "LightningBulletType",
					"damage": 1800,
					"despawnSound": "spark",
					"hitSoundVolume": 3,
					"lightningColor": "BFFFDB",
					"hitColor": "BFFFDB",
					"lightningLength": 9,
					"lightningLengthRand": 19,
					"hitEffect": "hitLancer",
					"despawnEffect": "none"
					},
				"fragBullets":3,
				"fragOnHit":false,
				"fragBullet":{
					"type": "BasicBulletType",
					"height": 26,
					"width": 26,
					"sprite":"circle-bullet",
					"shrinkY":0,
					"speed": 12,
					"lifetime": 12,
					"pierceArmor": true,
					"damage": 550,
					"splashDamageRadius": 85,
					"splashDamage": 230,
					"lightningDamage": 230,
					"lightning": 3,
					"lightningLength": 8,
					"lightningLengthRand": 16,
					"lightningColor": "BFFFDB",
					"frontColor": "BFFFDB",
					"backColor": "FFFFFF",
					"trailLength": 10,
					"trailWidth": 6,
					"trailColor": "BFFFDB",
					"hitSound": "plasmaboom",
					"despawnEffect": "none",
					"hitEffect": {
						"type": "ExplosionEffect",
						"lifetime": 45,
						"waveStroke": 10,
						"waveLife": 26,
						"waveRadBase": 8,
						"waveColor": "BFFFDB",
						"waveRad": 94,
						"smokes": 22,
						"smokeColor": "FFFFFF",
						"sparkColor": "BFFFDB",
						"sparks": 33,
						"sparkRad": 95,
						"sparkStroke": 2,
						"sparkLen": 22
					}
				}},
				"bulletInterval": 2,
				"intervalBullets": 3,
				"intervalSpread": 8,
				"intervalBullet": {
					"type": "LightningBulletType",
					"damage": 1800,
					"despawnSound": "spark",
					"hitSoundVolume": 3,
					"lightningColor": "BFFFDB",
					"hitColor": "BFFFDB",
					"lightningLength": 9,
					"lightningLengthRand": 19,
					"hitEffect": "hitLancer",
					"despawnEffect": "none"
				},
				"spawnBullets":[{
					"type": "LaserBulletType",
					"lightningSpacing": 22,
					"lightningLength": 6,
					"lightningDelay": 0.38,
					"lightningLengthRand": 6,
					"lightningAngleRand": 90,
					"lightningDamage": 1267,
					"lightningColor": "BFFFDB",
					"length": 1949,
					"width": 56,
					"sideWidth": 0,
					"sideLength": 0,
					"damage": 8980,
					"lifetime": 70,
					"pierceArmor": true,
					"colors": [
						"25C9AB00",
						"25C9AB00",
						"FFFFFF00"
					],
					"despawnEffect": "none",
					"hitEffect": {
						"type": "ExplosionEffect",
						"lifetime": 62,
						"waveStroke": 9,
						"waveLife": 36,
						"waveRadBase": 0,
						"waveColor": "BFFFDB",
						"waveRad": 66,
						"smokes": 9,
						"smokeColor": "BFFFDBA8",
						"sparkColor": "BFFFDB",
						"sparks": 13,
						"sparkRad": 78,
						"sparkStroke": 2.33,
						"sparkLen": 28
					}
				}]
			}




		}
	]
}