{
	"type": "mech",
	"name": "丧尸",
	"description": "向靠近的任何非丧尸攻击。 ",
    "speed":  2,
    "hitSize": 12,
		"ammoType":{
	"type":"PowerAmmoType",
	"totalPower":2200},
	"ammoCapacity": 700
    "ammoResupplyAmount":1,/*弹药补给倍率 */
    "health": 600,
    "armor": 4,
    "drag": 0.2,
    "rotateSpeed": 5,
    "itemCapacity": 30,
    	"weapons": [
		{	"name": "丧尸1",	
		"reload":30,
        "x": 0,  "y": 0, 
        "rotate": false,
        "mirror":true
        "inaccuracy": 0,
        "parts": [
				{
					"type": "RegionPart",
					"mirror": false,
					"x": 0,
					"y": 0,
					"suffix": "-1",
					"progress": "recoil",
					"heatProgress": "recoil",
					"moveY": 10
					"heatColor":"FF7624A4",//炮口颜色
				}
			],
		"shoot":{
			"shots":1,
			"shotDelay":3
		},
		"shake": 0,
		"shootSound": "none",
		"alternate": true,
		"ejectEffect":"casing1",
		"shootX":3,
		"bullet":{
	    "damage":20,	  
	    "speed":3,
	    "lifetime":10,
	    "width":0,	 "height":0
	    "shootEffect": {
				"type": "ParticleEffect",
				"particles": 0,
				"lifetime":0,
				"sizeFrom": 0,
				"sizeTo": 0,
				"interp": "pow5Out",
				"sizeInterp": "pow10In",
				"length": 0,
				"baseLength": 0,
				"colorFrom": "f68021",
				"colorTo": "f68021A8",
				"cone": 0
			},
	}	}]
  
}