{
	"type": "mech",
	"name": "屠夫",
	"description": "向靠近的任何非丧尸攻击。 ",
    "speed":  0.5,
    "hitSize": 32,
		"ammoType":{
	"type":"PowerAmmoType",
	"totalPower":2200},
	"ammoCapacity": 700
    "ammoResupplyAmount":1,/*弹药补给倍率 */
    "health": 6000,
    "armor": 20,
    "drag": 0.2,
    "rotateSpeed": 1,
    "itemCapacity": 30,
    	"weapons": [
		{	"name": "屠夫1",	
		"reload":120,
        "x": 0,  "y": 0, 
        "rotate": false,
        "mirror":false
        "inaccuracy": 0,
        "parts": [
				{
					"type": "RegionPart",
					"mirror": false,
					"x": 0,
					"y": 0,
					"suffix": "-1",
					"progress": "recoil",
					"heatProgress": "recoil",
					"under": true,
					"moveRot":-90
					"moveX": 20
				}
			],
		"shoot":{
			"shots":1,
			"shotDelay":3
		},
		"shake": 0,
		"shootSound": "none",
		"alternate": true,
		"ejectEffect":"casing1",
		"shootX":3,
		"bullet":{
	    "damage":500,	  
	    "splashDamage":100,
	    "splashDamageRadius":20,
	    "speed":4,
	    "status": "脆裂",
		"statusDuration": 600,
	    "lifetime":10,
	    "width":0,	 "height":0
	    "shootEffect": {
				"type": "ParticleEffect",
				"particles": 0,
				"lifetime":0,
				"sizeFrom": 0,
				"sizeTo": 0,
				"interp": "pow5Out",
				"sizeInterp": "pow10In",
				"length": 0,
				"baseLength": 0,
				"colorFrom": "f68021",
				"colorTo": "f68021A8",
				"cone": 0
			},
	}	}
	{	"name": "屠夫2",	
		"reload":180,
        "x": 0,  "y": 0, 
        "rotate": false,
        "mirror":false
        "inaccuracy": 0,
        "parts": [
				{
					"type": "RegionPart",
					"mirror": false,
					"x": 0,
					"y": 0,
					"suffix": "-1",
					"progress": "recoil",
					"heatProgress": "recoil",
					"under": true,
					"moveRot":90
					"moveX": -20
				}
				{
					"type": "RegionPart",
					"mirror": false,
					"x": 0,
					"y": 0,
					"suffix": "-2",
					"progress": "recoil",
					"heatProgress": "recoil",
					"under": true,
					"moveRot":140
					"moveX": -35
					"moveY": 0
				}
			],
		"shoot":{
			"shots":1,
			"shotDelay":3
		},
		"shake": 0,
		"shootSound": "none",
		"alternate": true,
		"ejectEffect":"casing1",
		"shootX":3,
		"bullet":{
		"status": "瘫痪",
		"statusDuration": 60,
		"splashDamage":250,
		"splashDamageRadius":40,
	    "damage":250,	  
	    "speed":4,
	    "lifetime":10,
	    "width":0,	 "height":0
	    "shootEffect": {
				"type": "ParticleEffect",
				"particles": 0,
				"lifetime":0,
				"sizeFrom": 0,
				"sizeTo": 0,
				"interp": "pow5Out",
				"sizeInterp": "pow10In",
				"length": 0,
				"baseLength": 0,
				"colorFrom": "f68021",
				"colorTo": "f68021A8",
				"cone": 0
			},
	}	}]
   	"research": {
	"parent":"轻型精英兵种生产工厂"
"objectives": [
            {
				"type": "SectorComplete",
				"preset": "世界另一端"
			}
	]
	}
    "researchCostMultiplier": 10
}