{
		"immunities": [
		
		"自毁"
	],
	"name": "创伤导弹一钢",
	"type": "missile",
	"template": "MissileUnitType",
	"description": "导弹",
	"health": 120,
	"armor": 12,
	"speed": 3,
	"lifetime": 240,
	"maxRange": 6,
	"rotateSpeed": 1.2,
	"engineColor": "FEB380",
	"trailColor": "FEB380",
	"engineLayer": 100,
	"engineSize": 3.1,
	"engineOffset": 6,
	"trailLength": 18,
	"missileAccelTime": 60,
	"lowAltitude": true,
	"fogRadius": 8,
	"outlineColor": "6E7080FF",
	"weapons": [
	{
			"shootCone": 360,
			"mirror": false,
			"reload": 1,
			"shake": 10,
			"shootOnDeath": true,
			"shootSound": "plasmaboom",
			"shootStatus":"导弹自毁"
			"shootStatusDuration":"2147483617"
			"bullet": {
				"type": "ExplosionBulletType",
				"hitColor": "FFB381FF",
				"splashDamage": 330,
				"splashDamageRadius": 23,
				"despawnShake": 3,
				"fragVelocityMin": 8
				"status": "脆裂",
			"statusDuration": 600,
				 "buildingDamageMultiplier":0.2
		}
		}
		{
			"shootCone": 360,
			"mirror": false,
			"reload": 1,
			"shake": 10,
			"shootOnDeath": true,
			"shootSound": "plasmaboom",
			 "inaccuracy": 60,
			"reload": 660,
			"shoot":{
			"shootOnDeath": true,
			"shots":3,
		},
			"bullet": {
			"shootOnDeath": true,
				"type": "BasicBulletType",
             "spawnUnit": "创伤A (1)",
             "speed": 0,
             "shootEffect": {
	             "type": "MultiEffect",
  	             "effects": [
       		         {
	                 "type": "RadialEffect",
	                 "effect": "shootSmokeMissile",
	               	},
	            	{
	                "type": "ParticleEffect",
                  	"particles": 45,
                 	"lifetime": 400,
                 	"sizeFrom": 4,
                   	"sizeTo": 0,
	                "length": 120,
	                "cone": 10,
                  	"interp": "pow10In",
                  	"sizeInterp": "pow5Out",
	                "colorFrom": "FEB380AA",
	                "colorTo": "FEB38000"
               		}
	             ]
	         }
		}}
	]
}