{
		"immunities": [
		
		"自毁"
	],
	"name": "导弹",
	"type": "missile",
	"template": "MissileUnitType",
	"description": "导弹",
	"health": 80,
	"armor": 6,
	"speed": 6,
	"lifetime": 400,
	"maxRange": 6,
	"rotateSpeed": 1.2,
	"engineColor": "FEB380",
	"trailColor": "FEB380",
	"engineLayer": 100,
	"engineSize": 3.1,
	"engineOffset": 10,
	"trailLength": 18,
	"missileAccelTime": 60,
	"lowAltitude": true,
	"fogRadius": 8,
	"outlineColor": "6E7080FF",
	"weapons": [
		{
			"shootCone": 360,
			"mirror": false,
			"reload": 1,
			"shake": 10,
			"shootOnDeath": true,
			"shootSound": "plasmaboom",
			"bullet": {
				"type": "ExplosionBulletType",
				"hitColor": "FFB381FF",
				"splashDamage": 30,
				"splashDamageRadius": 23,
				"despawnShake": 3,
				"fragVelocityMin": 1
			}
		}
	],
}