{
		"immunities": [
		
		"自毁"
	],
	"name": "腐云",
	"description": "自杀无人机,会试图与敌人的核心同归于尽
	
		(贴图by Mr.世纪灯泡)",
	"type": "missile",
	"template": "MissileUnitType",
	"health":2380,
	"armor": 23,
	"speed": 1,
	"lifetime": 7200,
	"maxRange": 6,
	"rotateSpeed": 0.7,
	"engineColor": "FEB380",
	"trailColor": "FEB380",
	"engineLayer": 100,
	"engineSize": 3.1,
	"engineOffset": 6,
	"trailLength": 18,
	"missileAccelTime": 60,
	"lowAltitude": true,
	"fogRadius": 8,
	"outlineColor": "6E7080FF",
	"weapons": [
		{
			"shootCone": 360,
			"mirror": false,
			"reload": 1,
			"shake": 10,
			"shootOnDeath": true,
			"shootSound": "plasmaboom",
			"bullet": {
				"type": "ExplosionBulletType",
				"hitColor": "FFB381FF",
				"splashDamage": 868,
				"buildingDamageMultiplier":2.0,
				"splashDamageRadius": 33,
				"despawnShake": 3,
				"fragVelocityMin": 8
				"status": "脆裂",
			"statusDuration": 120,
				"fragBullet": {
				"despawnEffect": "flakExplosionBig",
				"width": 8,
				"height": 9,
				"backColor": "FFFFFFFF",
				"frontColor": "FFFFFFFF",
				"splashDamageRadius": 12,
				"splashDamage": 45
				"lifetime": 20,
				"speed": 0.5
				
			}
		}
		}
	],
}