{
		"immunities": [
		
		"自毁"
	],
	"name": "奇点炸弹",
	"type": "missile",
	"template": "MissileUnitType",
	"description": "导弹",
	"health": 1680,
	"armor": 8,
	"speed": 1,
	"lifetime": 1800,
	"maxRange": 16,
	"rotateSpeed": 1.2,
	"engineColor": "BF92F9",
	"trailColor": "BF92F9",
	"engineLayer": 100,
	"engineSize": 3.1,
	"engineOffset": 12,
	"trailLength": 18,
	"missileAccelTime": 60,
	"lowAltitude": true,
	"fogRadius": 8,
	"outlineColor": "BF92F9",
	"weapons": [
		{
			"shootCone": 360,
			"mirror": false,
			"reload": 1,
			"shake": 10,
			"shootOnDeath": true,
			"shootSound": "plasmaboom",
			"bullet": {
				"collidesGround": true,
	"collidesAir": true
	"buildingDamageMultiplier":2.0,
				"type": "ExplosionBulletType",
				"hitColor": "FFB381FF",
				"backColor": "BF92F9",
				"frontColor": "BF92F9",
				"splashDamage": 368,
				"splashDamageRadius": 48,
				"despawnShake": 3,
				"fragVelocityMin": 4
				"status": "破甲",
			"statusDuration": 120,
			
        "despawnEffect": {
            "type": "WaveEffect",
            "lifetime": 60,
            "sizeFrom": 0,
            "sizeTo": 48,
            "strokeFrom": 8,
            "strokeTo": 0,
            "colorFrom": "BF92F9",
            "colorTo": "BF92F9"
        }
        "shootEffect": {     
        "type": "WaveEffect",
        "lifetime": 180,
        "sizeFrom": 16,
        "sizeTo": 16,
        "strokeFrom": 2,
        "strokeTo": 0,
        "colorFrom": "ffffff",
        "colorTo": "ffffff"
	   }
				"fragBullet": {
				"despawnEffect": "flakExplosionBig",
				"width": 15,
				"height": 15,
				"backColor": "BF92F9",
				"frontColor": "BF92F9",
				"splashDamageRadius": 32,
				"splashDamage": 66,
				"lifetime": 150,
				"speed": 0.2
				"buildingDamageMultiplier":2.0,
				 "buildingDamageMultiplier":1
				 "sprite":"无尽奇点-尖刺2",
				"intervalBullets":2,
				"pierce":true
				"pierceBuilding": true,
				"status":"燃烧",
	"statusDuration":210,
	"makeFire":true,
	"trailWidth":3,
	"trailLength":12,
    "trailColor":"BF92F9",
	"frontColor":"BF92F9",
	"backColor":"BF92F9",
			"intervalBullet": {
			"sprite":"无尽奇点-尖刺2",
			"pierceCap": 3,
			"pierceBuilding": true,
			"backColor": "BF92F9",
				"frontColor": "BF92F9",
				"trailWidth":1.5,
	"trailLength":6,
    "trailColor":"BF92F9",
    "buildingDamageMultiplier":2.0,
	"frontColor":"BF92F9",
	"backColor":"BF92F9",
"homingRange": 80,
"homingPower": 0.1,
	    "damage":63,	  
	    "speed":1.5,
	    "lifetime":30
	    "width":10,	 "height":10
	    "status":"燃烧",
	"statusDuration":60,
	"makeFire":true,
			}
			}
		}
		}
	],
}