{
		"immunities": [
		
		"自毁"
	],
	"name": "雀巢导弹一钢",
	"type": "missile",
	"template": "MissileUnitType",
	"description": "导弹",
	"health": 80,
	"armor": 6,
	"speed": 3,
	"lifetime": 160,
	"maxRange": 6,
	"rotateSpeed": 1.2,
	"engineColor": "FEB380",
	"trailColor": "FEB380",
	"engineLayer": 100,
	"engineSize": 3.1,
	"engineOffset": 6,
	"trailLength": 18,
	"missileAccelTime": 60,
	"lowAltitude": true,
	"fogRadius": 8,
	"outlineColor": "6E7080FF",
	"weapons": [
		{
			"shootCone": 360,
			"mirror": false,
			"reload": 1,
			"shake": 10,
			"shootOnDeath": true,
			"shootSound": "plasmaboom",
			"bullet": {
				"collidesGround": false,
	"collidesAir": true
				"type": "ExplosionBulletType",
				"hitColor": "FFB381FF",
				"splashDamage": 68,
				"splashDamageRadius": 16,
				"despawnShake": 3,
				"fragVelocityMin": 4
				"status": "脆裂",
			"statusDuration": 120,
				"fragBullet": {
				"despawnEffect": "flakExplosionBig",
				"width": 8,
				"height": 9,
				"backColor": "FFFFFFFF",
				"frontColor": "FFFFFFFF",
				"splashDamageRadius": 12,
				"splashDamage": 19,
				"lifetime": 20,
				"speed": 0.5
				 "buildingDamageMultiplier":0.2
			}
		}
		}
	],
}