{
	"type":"ItemTurret",
	"name":"陨星",
    "description":"发射充能炮弹，造成大范围伤害",
	"size":4,
	"health":2500,
	"ammoPerShot":2,
	"range":350,
	"reload":65
	"consumes": {
		"coolant": {
			"amount": 0.3,
		}
	},
	"inaccuracy":1,//误差
	                  "ammoPerShot":1,
	                  "ammoUseEffect": "casing2",
	"rotatespeed":0.8,
	"shake":2
	"shootSound":"explosionbig"
	"maxAmmo":20,
	"targetAir":false
	"targetGround":true,
	"coolantMultiplier":2,
	"heatColor":"#FF0000",
	"smokeEffect": {
		"type": "ParticleEffect",
		"particles": 12,
		"sizeFrom": 2,
		"sizeTo": 8,
		"length": 30,
		"baseLength": 0,
		"interp": "pow10Out",
		"sizeInterp": "pow5Out",
		"lifetime": 60,
		"colorFrom": "FF8C01",
		"colorTo": "E3E3E303",
		"cone": 12
			},
    "shoot": {
        "type": "ShootPattern",
    },
	"ammoTypes": {
		"blast-compound": {
		    "makeFire":true
			"type": "ArtilleryBulletType",
						"ammoMultiplier": 1
			"backColor": "D85555FF",
			"frontColor": "FE7777FF",
			"speed": 2.8,
			"lifetime": 60,
			"width": 25,
			"height": 25,
			"damage":80
			"status": "blasted",
			"statusDuration": 60,
			"shootEffect": "shootBig",
			"splashDamageRadius": 35,
			"splashDamage": 80,
			"knockback": 1,
			"hitSound":"largeExplosion"
			"hitEffect": {
				"type": "MultiEffect",
				"effects": [
					{
						"type": "WaveEffect",
						"lifetime":40,
						"sizeFrom": 2,
						"sizeTo": 45,
						"interp": "circleOut",
						"strokeFrom":10,
						"strokeTo": 0,
	"colorFrom": "FE777770",
	"colorTo": "FE777770",
	"cone": 360
					},
			{"type": "ParticleEffect",
	"particles": 15,
	"interp": "pow10Out",
	"sizeInterp": "pow5In",
	"sizeFrom":10,
	"sizeTo": 0,
	"length": 50,
	"baseLength": 4,
	"lifetime": 120,
	"colorFrom": "FE777770",
	"colorTo": "FE777770",
	"cone": 360
		},
				]
			},
			"fragBullets": 4
			"fragBullet": {
								"hitEffect": {
				"type": "MultiEffect",
				"effects": [
					{
						"type": "WaveEffect",
						"lifetime":20,
						"sizeFrom": 1,
						"sizeTo": 20,
						"interp": "circleOut",
						"strokeFrom":5,
						"strokeTo": 0,
	"colorFrom": "FE777770",
	"colorTo": "FE777770",
	"cone": 360
					},
			{"type": "ParticleEffect",
	"particles": 7,
	"interp": "pow10Out",
	"sizeInterp": "pow5In",
	"sizeFrom":5,
	"sizeTo": 0,
	"length": 25,
	"baseLength": 2,
	"lifetime": 60,
	"colorFrom": "FE777770",
	"colorTo": "FE777770",
	"cone": 360
		},
				]
			},
				"status": "blasted",
				"statusDuration": 60,
				"width": 10,
				"height": 10,
				"backColor": "D55555",
				"damage": 15,
				"scaledSplashDamage": true,
				"splashDamageRadius": 10,
				"splashDamage": 25,
				"lifetime": 10,
				"speed":3.2
			}
		},
		"硝基炸药": {
		    "makeFire":true
		    "backColor": "DAFF16",
		    			"ammoMultiplier": 1
			"type": "ArtilleryBulletType",
			"status": "blasted",
			"statusDuration": 60,
			"speed": 2.8,
			"lifetime": 60,
			"width": 25,
			"height": 25,
			"damage": 120,
			"knockback": 1.2,
			"shootEffect": "shootBig"
			"splashDamageRadius": 45,
			"splashDamage": 120,
			"hitSound":"largeExplosion"
			"hitEffect": {
				"type": "MultiEffect",
				"effects": [
					{
						"type": "WaveEffect",
						"lifetime":40,
						"sizeFrom": 2,
						"sizeTo": 45,
						"interp": "circleOut",
						"strokeFrom":10,
						"strokeTo": 0,
	"colorFrom": "DEDEDE70",
	"colorTo": "eec59170",
	"cone": 360
					},
			{"type": "ParticleEffect",
	"particles": 15,
	"interp": "pow10Out",
	"sizeInterp": "pow5In",
	"sizeFrom":10,
	"sizeTo": 0,
	"length": 50,
	"baseLength": 4,
	"lifetime": 120,
	"colorFrom": "DEDEDE70",
	"colorTo": "eec59170",
	"cone": 360
		},
				]
			},
			"fragBullets": 8
			"fragBullet": {
				"hitEffect": {
				"type": "MultiEffect",
				"effects": [
					{
						"type": "WaveEffect",
						"lifetime":20,
						"sizeFrom": 1,
						"sizeTo": 20,
						"interp": "circleOut",
						"strokeFrom":5,
						"strokeTo": 0,
	"colorFrom": "DEDEDE70",
	"colorTo": "eec59170",
	"cone": 360
					},
			{"type": "ParticleEffect",
	"particles": 7,
	"interp": "pow10Out",
	"sizeInterp": "pow5In",
	"sizeFrom":5,
	"sizeTo": 0,
	"length": 25,
	"baseLength": 2,
	"lifetime": 60,
	"colorFrom": "DEDEDE70",
	"colorTo": "eec59170",
	"cone": 360
		},
				]
			},
				"status": "blasted",
				"statusDuration": 30,
				"width": 10,
				"height": 10,
				"backColor": "DAFF16",
				"damage": 30,
				"scaledSplashDamage": true,
				"splashDamageRadius": 15,
				"splashDamage": 40,
				"lifetime": 10,
				"speed":4
			}
		},
		"亚稳定合金": {
		    "makeFire":true
			"type": "ArtilleryBulletType",
			"backColor": "7595D2",
						"ammoMultiplier": 1
			"speed": 2.8,
			"width": 25,
			"height": 25,
			"lifetime": 60,
			"knockback": 1.2,
			"damage":90
			"shootEffect": "shootBig",
			"hitSound":"largeExplosion"
			"hitEffect": {
				"type": "MultiEffect",
				"effects": [
					{
						"type": "WaveEffect",
						"lifetime":40,
						"sizeFrom": 2,
						"sizeTo": 45,
						"interp": "circleOut",
						"strokeFrom":10,
						"strokeTo": 0,
	"colorFrom": "7595D270",
	"colorTo": "7595D270",
	"cone": 360
					},
			{"type": "ParticleEffect",
	"particles": 15,
	"interp": "pow10Out",
	"sizeInterp": "pow5In",
	"sizeFrom":10,
	"sizeTo": 0,
	"length": 50,
	"baseLength": 4,
	"lifetime": 120,
	"colorFrom": "7595D270",
	"colorTo": "7595D270",
	"cone": 360
		},
				]
			},
			"splashDamageRadius": 80,
			"splashDamage": 75,
			"status": "unmoving",
			"statusDuration": 60,
			"fragBullets": 6
			"fragBullet": {
				"hitEffect": {
				"type": "MultiEffect",
				"effects": [
					{
						"type": "WaveEffect",
						"lifetime":20,
						"sizeFrom": 1,
						"sizeTo": 20,
						"interp": "circleOut",
						"strokeFrom":5,
						"strokeTo": 0,
	"colorFrom": "7595D270",
	"colorTo": "7595D270",
	"cone": 360
					},
			{"type": "ParticleEffect",
	"particles": 7,
	"interp": "pow10Out",
	"sizeInterp": "pow5In",
	"sizeFrom":5,
	"sizeTo": 0,
	"length": 25,
	"baseLength": 2,
	"lifetime": 60,
	"colorFrom": "7595D270",
	"colorTo": "7595D270",
	"cone": 360
		},
				]
			},
				"status": "unmoving",
				"statusDuration": 15,
				"width": 10,
				"height": 10,
				"backColor": "7595D2",
				"damage": 60,
				"scaledSplashDamage": true,
				"splashDamageRadius": 10,
				"splashDamage": 60,
				"lifetime": 10,
				"speed":4
			}
		}
	},
	"requirements": [
		{ "item": "铱","amount":240},
		{ "item": "塑料", "amount":500 },
		{ "item": "钨", "amount":200}
		{"item":"silicon","amount":200}
	],
	"category": "turret",
	"research":"银河"
}