{
"type":"SingleTypeGenerator",
"name":"金刚石发电机",
"description":"燃烧金刚石获取电力，不得不说，败家是败家，但是电真的很多",
"size":3,
"health":550,
"hasPower":true,
"hasLiquids":false,
"hasItems":true,
"itemCapacity":20,
"liquidCapacity":160,
"powerProduction":30,
"itemDuration":360,
"consumes":{
"items": {
"items": [
{ "item": "人造金刚石", "amount": 1 }
],
"optional": false
},
"liquid": {
"liquid": "cryofluid",
"amount": 0.2,
},},
"requirements":[
{"item":"人造金刚石","amount": 35 },
{"item":"钛合金","amount": 75 }
{"item":"copper","amount": 360 }
],
"category":"power",
"research": "金刚石压缩机"
}