{
    "name": "基站核心",
    "description":"随着大远征的不断推进，基点核心应运而生。以次带核心为基础进行改良，具有更强的防卫火力及装甲",
    "details": "以此为基点，我们的远征将不断前进",
    "armor": 6,
    "itemCapacity": 11000,
    "hasItems": true,
    "health": 4800,
    "unitCapModifier": 21,
    "size": 4,	
    "breakable": true,
    "requirements": [
        {
            "item": "copper",
            "amount": 5000
        }
        {
            "item": "lead",
            "amount": 5000
        }
        {
            "item": "silicon",
            "amount": 2500
        }
        {
            "item": "titanium",
            "amount": 2500
        }
    ],
    "unitType": "伽马测试001",
    "category": "effect",
    "research": "初代核心完备型",
}