{
	"name": "Steamer",
	"description": "Uses Steam to generate a reliable amount of heat. Also some power.",
	"type": "HeaterGenerator",
	"size": 3,
  "liquidCapacity": 50,
  "powerOutput": 250,
  "heatOutput": 4,
  "drawer": [
    {
        "type": "DrawRegion",
        "suffix": "-bottom"
    },
    {
      "type": "DrawLiquidTile",
      "drawLiquid": "steam",
      "padding": 1
    },
    {
      "type": "DrawRegion",
      "suffix": ""
    },
    {
        "type": "DrawHeatOutput",
        "suffix": "-heat"
    },
    {
      "type": "DrawBubbles",
      "color": "c7cdd6",
      "spread": 10,
      "timeScl": 70
    }
  ],
  "consumes": {
      "liquids": [
          {
              "liquid": "steam",
              "amount": "0.3"
          }
      ]
	},
	"requirements": [
		{ "item": "beryllium", "amount": 80 },
		{ "item": "silicon", "amount": 45 },
    { "item": "tungsten", "amount": 50 },
    { "item": "graphite", "amount": 25 }
	],
	"category": "crafting",
	"research": "vent-vacuum"
}
