{
	"type": "GenericCrafter",
	"name": "大型塑钢压缩机",
	"outputItem": "plastanium/3",
	"size": 3,
	"hasPower": true,
	"hasLiquids": true,
	"hasItems": true,
	"craftTime": 60,
	"itemCapacity": 20,
	"liquidCapacity": 40,
	"drawer": {
		"type": "DrawMulti",
		"drawers": [
			{
				"type": "DrawRegion",
				"suffix": "-bottom"
			},
			{
				"type": "DrawLiquidTile",
				"drawLiquid": "oil"
			},
			{
				"type": "DrawPistons",
				"sinMag": 1
			},
			"DrawDefault",
			"DrawFade"
		]
	},
	"craftEffect": "formsmoke",
	"updateEffect": "plasticburn",
	"consumes": {
		"power": 7,
		"liquid": "oil/0.5",
		"items": [
			"titanium/5"
		]
	},
	"requirements": [
		"graphite/100",
		"thorium/80",
		"plastanium/50",
		"硅钢/90",
		"一级协议/0"
	],
	"category": "crafting",
	"research": "plastanium-compressor"
}