{
	"type": "GenericCrafter",
	"name": "激发器",
	"health": 240,
	"outputItem": "裂位能/1",
	"size": 2,
	"hasPower": true,
	"hasLiquids": false,
	"hasItems": true,
	"craftTime": 120,
	"itemCapacity": 10,
	"drawer": {
		"type": "DrawMulti",
		"drawers": [
			"DrawDefault",
			{
				"type": "DrawFade",
				"scale": 2,
				"alpha": 0.98
			}
		]
	},
	"updateEffect": {
		"type": "WaveEffect",
		"lifetime": 10,
		"sizeFrom": 0,
		"sizeTo": 12,
		"strokeFrom": 2,
		"strokeTo": 0,
		"colorFrom": "FFF1D2",
		"colorTo": "FFD197"
	},
	"consumes": {
		"power": 6,
		"items": [
			"phase-fabric/1"
		]
	},
	"requirements": [
		"silicon/65",
		"plastanium/25",
		"一级协议/0"
	],
	"category": "crafting",
	"research": "phase-weaver"
}