{
	"type": "GenericCrafter",
	"name": "激活液化器",
	"health": 2200,
	"armor": 8,
	"outputLiquid": "纳米流体/0.9",
	"itemCapacity": 24,
	"size": 4,
	"drawer": {
		"type": "DrawMulti",
		"drawers": [
			{
				"type": "DrawRegion",
				"suffix": "-bottom"
			},
			{
				"type": "DrawLiquidTile",
				"drawLiquid": "纳米流体"
			},
			{
				"type": "DrawCircles",
				"color": "7CF389A8",
				"amount": 5,
				"sides": 6,
				"strokeMax": 1.2,
				"strokeMin": 0.6
			},
			{
				"type": "DrawRegion",
				"suffix": "-转",
				"spinSprite": true,
				"rotateSpeed": 0.55
			},
			"DrawDefault",
			{
				"type": "DrawGlowRegion",
				"color": "7CF389A8",
				"glowScale": 8,
				"alpha": 0.8
			}
		]
	},
	"hasItems": true,
	"hasLiquids": true,
	"outputsLiquid": true,
	"hasPower": true,
	"liquidCapacity": 120,
	"craftTime": 120,
	"consumes": {
		"power": 24,
		"items": [
			"纳米核/9"
		],
		"liquid": "water/1.2"
	},
	"requirements": [
		"莱普合金/180",
		"surge-alloy/200",
		"metaglass/300",
		"纳米核/200",
		"二级协议/2"
	],
	"category": "crafting",
	"research": "激活器"
}