{
	"type": "GenericCrafter",
	"name": "激活器",
	"health": 500,
	"outputLiquid": "纳米流体/0.3",
	"itemCapacity": 10,
	"size": 3,
	"drawer": {
		"type": "DrawMulti",
		"drawers": [
			{
				"type": "DrawRegion",
				"suffix": "-bottom"
			},
			{
				"type": "DrawLiquidTile",
				"drawLiquid": "纳米流体"
			},
			{
				"type": "DrawCircles",
				"color": "7CF389A8",
				"amount": 5,
				"sides": 4,
				"strokeMax": 1,
				"strokeMin": 0.5
			},
			{
				"type": "DrawRegion",
				"suffix": "-转",
				"spinSprite": true,
				"rotateSpeed": 0.62
			},
			"DrawDefault"
		]
	},
	"hasItems": true,
	"hasLiquids": true,
	"outputsLiquid": true,
	"hasPower": true,
	"liquidCapacity": 60,
	"craftTime": 120,
	"consumes": {
		"power": 7.35,
		"items": [
			"纳米核/2"
		],
		"liquid": "cryofluid/0.3"
	},
	"requirements": [
		"plastanium/70",
		"metaglass/45",
		"纳米核/90",
		"一级协议/0"
	],
	"category": "crafting",
	"research": "cryofluid-mixer"
}