{
	"type": "GenericCrafter",
	"name": "硝化反应器",
	"armor": 4,
	"outputLiquid": "硝化重油/0.3",
	"itemCapacity": 10,
	"size": 3,
	"drawer": {
		"type": "DrawMulti",
		"drawers": [
			{
				"type": "DrawRegion",
				"suffix": "-bottom"
			},
			{
				"type": "DrawLiquidTile",
				"drawLiquid": "硝化重油"
			},
			"DrawDefault"
		]
	},
	"hasItems": true,
	"hasLiquids": true,
	"outputsLiquid": true,
	"hasPower": true,
	"liquidCapacity": 30,
	"craftTime": 60,
	"consumes": {
		"power": 5,
		"items": [
			"spore-pod/1"
		],
		"liquid": "oil/0.3"
	},
	"requirements": [
		"metaglass/80",
		"纳米核/80",
		"硅钢/80",
		"surge-alloy/20"
	],
	"category": "crafting",
	"research": "激活器"
}