{
  "type": "MultipleCrafter",
  "name": "螺旋压缩机",
  "health": 1800,
  "size": 4,
  "hasPower": true,
  "hasLiquids": true,
  "hasItems": true,
  "itemCapacity": 20,
  "liquidCapacity": 120,
  "drawer": {
      "type": "DrawMulti",
      "drawers": [
          "DrawDefault",
          {
              "type": "DrawRegion",
              "suffix": "-转",
              "spinSprite": true,
              "rotateSpeed": 1.125
          }
      ]
  },
  "requirements": [
    "titanium/250",
    "graphite/210",
    "plastanium/90",
    "silicon/80",
    "一级协议/0",
    "水桶/4"
  ],
  "formulas": [
    {
      "craftTime": 20,
      "inputs": [
        {
          "type": "ConsumePower",
          "usage": 7.5
        },
        {
          "type": "ConsumeItems",
          "items": [
            "coal/9"
          ]
        },
        {
          "type": "ConsumeLiquid",
          "liquid": "water",
          "amount": 0.61
        }
      ],
      "outputItems": [
        {
          "item": "graphite",
          "amount": 5
        }
      ]
    },
    {
      "inputs": [
        {
          "type": "ConsumeItems",
          "items": [
            "spore-pod/5"
          ]
        },
        {
          "type": "ConsumePower",
          "usage": 7.5
        }
      ],
      "outputLiquids": [
        "oil/2"
      ],
      "craftTime": 15
    },
    {
      "inputs": [
        {
          "type": "ConsumeItems",
          "items": [
            "titanium/2"
          ]
        },
        {
          "type": "ConsumeLiquid",
          "liquid": "oil",
          "amount": 2
        },
        {
          "type": "ConsumePower",
          "usage": 7.5
        }
      ],
      "outputItems": [
        "plastanium/1"
      ],
      "craftTime": 7.5
    },
    {
      "inputs": [
        {
          "type": "ConsumeItems",
          "items": [
            "titanium/8",
            "饱和火力-石油桶/1"
          ]
        },
        {
          "type": "ConsumePower",
          "usage": 7.5
        }
      ],
      "outputItems": [
        "plastanium/5"
      ],
      "craftTime": 15
    }
  ],
  "category": "crafting",
  "research": "塑钢厂"
}