{
	"type": "Separator",
	"name": "重油沉淀池",
	"armor": 8,
	"results": [
		"blast-compound/3",
		"pyratite/2"
	],
	"drawer": {
		"type": "DrawMulti",
		"drawers": [
			{
				"type": "DrawRegion",
				"suffix": "-bottom"
			},
			{
				"type": "DrawCultivator",
				"plantColor": "333333",
				"plantColorLight": "7CF389A8",
				"bottomColor": "3C3837",
				"bubbles": 8,
				"sides": 4,
				"recurrence": 6,
				"radius": 5,
				"timeScl": 120
			},
			{
				"type": "DrawRegion",
				"suffix": "-转1",
				"rotateSpeed": 0.15
			},
			{
				"type": "DrawRegion",
				"suffix": "-转2",
				"rotateSpeed": -0.217
			},
			"DrawDefault"
		]
	},
	"size": 4,
	"itemCapacity": 10,
	"hasPower": true,
	"hasItems": true,
	"hasLiquids": true,
	"liquidCapacity": 60,
	"craftTime": 7.5,
	"consumes": {
		"power": 4,
		"liquid": "硝化重油/0.9"
	},
	"requirements": [
		"plastanium/80",
		"纳米核/100",
		"铬/80",
		"一级协议/0"
	],
	"category": "crafting",
	"research": "硝化反应器"
}