{
    "type": "tank",
    "template": "ErekirUnitType",
    "name": "步伐",
    "description": "发射带电子弹攻击敌人",
    "squareShape": true,
    "treadPullOffset": 8,
    "singleTarget": false,
    "omniMovement": false,
    "treadRects": [
        {
            "x": 3,
            "y": 0,
            "width": 19,
            "height": 54
        }
    ],
    "research": {
        "parent": "fdaa行步",
        "requirements": [
            "镍/1500",
            "silicon/1500"
        ]
    },
    "armor": 16,
    "hitSize": 16,
    "rotateSpeed": 1.7,
    "speed": 0.75,
    "flying": false,
    "health": 1770,
    "range": 220,
    "weapons": [
        {
            "name": "fdab步伐1",
            "mirror": false,
            "x": 0,
            "y": 0,
            "rotate": true,
            "inaccuracy": 1,
            "rotateSpeed": 3,
            "cooldownTime": 30,
            "shootY": 11,
            "reload": 60,
            "recoil": 1.5,
            "shootSound": "shoot",
            "top": true,
            "layerOffset": 1,
            "bullet": {
                "sprite": "missile-large",
                "damage": 80,
                "speed": 8,
                "lifetime": 27.5,
                "status": "shocked",
                "shrinkY": 0,
                "shrinkX": 0,
                "width": 12,
                "height": 12,
                "frontColor": "8598BFFF",
                "backColor": "DEEDFFFF",
                "intervalRandomSpread": 0,
                "intervalBullets": 3,
                "bulletInterval": 1,
                "intervalAngle": 180,
                "intervalSpread": 10,
                "fragVelocityMin": 8,
                "fragVelocityMax": 8,
                "despawnEffect": "massiveExplosion",
                "intervalBullet": {
                    "damage": 25,
                    "type": "LightningBulletType",
                    "lightningLength": 3,
                    "lightningLengthRand": 2,
                    "lightningColor": "8598BFFF",
                    "lightColor": "FFFFFFFF",
                    "status": "shocked",
                    "statusDuration": 30,
                    "collidesAir": false,
                    "hittable": false,
                    "ammoMultiplier": 1,
                    "lifetime": 5,
                    "hitEffect": "none"
                },
                "trailColor": "8598BFFF",
                "trailParam": 2,
                "trailWidth": 2,
                "trailLength": 8,
                "trailEffect": "none",
                "hitEffect": {
                    "type": "multiEffect",
                    "effects": [
                        {
                            "type": "ParticleEffect",
                            "line": true,
                            "particles": 15,
                            "lifetime": 30,
                            "interp": "circleOut",
                            "offset": 30,
                            "length": 50,
                            "lightColor": "ff7048",
                            "strokeFrom": 4,
                            "strokeTo": 0,
                            "lenFrom": 10,
                            "lenTo": 10,
                            "colorFrom": "8598BFFF",
                            "colorTo": "DEEDFFFF"
                        },
                        {
                            "type": "ParticleEffect",
                            "particles": 16,
                            "length": 55,
                            "baseLength": 10,
                            "lifetime": 100,
                            "lightColor": "DEEDFFFF",
                            "interp": "circleOut",
                            "cone": 360,
                            "colorFrom": "8598BFFF",
                            "colorTo": "DEEDFFFF",
                            "sizeFrom": 6,
                            "sizeTo": 2
                        },
                        {
                            "type": "WaveEffect",
                            "lifetime": 30,
                            "sizeFrom": 0,
                            "sizeTo": 20,
                            "strokeFrom": 3,
                            "strokeTo": 0,
                            "colorFrom": "8598BFFF",
                            "colorTo": "DEEDFFFF"
                        }
                    ]
                },
                "shootEffect": {
                    "type": "multiEffect",
                    "effects": [
                        {
                            "type": "WaveEffect",
                            "lifetime": 10,
                            "sizeFrom": 0,
                            "sizeTo": 15,
                            "strokeFrom": 1.5,
                            "strokeTo": 0,
                            "colorFrom": "8598BFFF",
                            "colorTo": "DEEDFFFF"
                        },
                        {
                            "type": "ParticleEffect",
                            "region": "狐冥-方",
                            "particles": 3,
                            "length": 40,
                            "lifetime": 48,
                            "interp": "circleOut",
                            "sizeInterp": "pow5Out",
                            "cone": 0,
                            "colorFrom": "8598BFFF",
                            "colorTo": "DEEDFFFF",
                            "sizeFrom": 5.5,
                            "sizeTo": 0
                        }
                    ]
                }
            }
        }
    ]
}