{
      // 单位类型定义：名为"dagger"的单位（推测为近战/突击型单位）
   "type": "mech", // 单位类型（机甲）
      "name": "独刀",
      	"description": "新星和尖刀那一晚都喝醉了......\n向敌人发射标准子弹",
                "range": 50,             // 作用范围：50单位（推测为采矿时的有效作业半径）
        "isEnemy": true,        // 是否为敌方单位：否（属于友方/玩家可控单位）
        "ammoType": {            // 弹药/能量类型：电力弹药（PowerAmmoType）
          "type": "PowerAmmoType",
          "capacity": 500        // 电力容量：500单位（采矿时消耗的能量上限）
        },
        // 采矿核心属性
        "mineTier": 1,           // 采矿等级：1级（决定可采集的矿石类型，1级对应基础矿石）
        "mineSpeed": 2.5         // 采矿速度：2.5（值越大，单位采集矿石的效率越高）
        "speed": 0.5,          // 单位移动速度：0.5单位/帧（移速较慢，偏向重装/近战定位）
        "hitSize": 8,          // 单位碰撞体积大小：8单位（判定被攻击的范围）
        "health": 140          // 单位生命值：150点（较高生命值，偏向抗伤定位）
      // 武器系统配置
      "weapons": [
        {
          "name": "weapon2",  // 武器类型标识：large-weapon（大威力武器，推测为近战/重武器）
            "reload": 13.0,       // 武器装填时间：13帧（发射间隔，值越小射速越快）
            "x": 4.0,             // 武器在单位上的X轴偏移：4单位（横向位置）
            "y": 2.0,             // 武器在单位上的Y轴偏移：2单位（纵向位置）
            "top": false,         // 武器是否在单位模型顶层渲染：否（视觉层级靠后）
            "ejectEffect": "casing1",  // 弹壳弹出特效：使用游戏内置的"casing1"特效
            // 子弹类型配置（基础子弹）
            "bullet": {
              "type": "BasicBulletType",  // 子弹类型：基础物理子弹
                "speed": 2.5,            // 子弹飞行速度：2.5单位/帧
                "damage": 9,             // 子弹基础伤害：9点
                "width": 7.0,            // 子弹碰撞宽度：7单位
                "height": 9.0,           // 子弹碰撞高度：9单位
                "lifetime": 60.0         // 子弹存活时间：60帧（超时后消失）
        },
        },
            {
      "name": "weapon1",  // 武器名称（原代码的"heal-weapon"，治疗型武器）
        "top": true,               // 是否挂载在单位顶部（原代码：top = false）
        "y": 2,              // 射击Y轴偏移（原代码：shootY = 2f，调整射击高度）
        "reload": 24.0,             // 装填时间（原代码：reload = 24f，数值越高射速越慢）
        "x": -5,                   // 射击X轴偏移（原代码：x = 4.5f，调整射击左右位置）
        "alternate": false,         // 是否交替射击（多武器时生效，原代码：alternate = false）
        "ejectEffect": "none",   // 弹壳弹出效果（原代码：Fx.none，无效果）
        "recoil": 2.0,              // 射击后坐力（原代码：recoil = 2f，数值越高位移越明显）
        "shootSound": "lasershoot"  // 射击音效（原代码：Sounds.lasershoot）
      "bullet": {                   // 武器使用的子弹配置
        "bulletType": "LaserBoltBulletType",  // 子弹类型：激光螺栓弹（原代码对应类）
        "damage": 5.2,                        // 子弹基础伤害（原代码第一个参数5.2f）
        "range": 13,                          // 子弹射程（原代码第二个参数13）         // 子弹附加属性
         "speed": 2.5,       
          "lifetime": 30.0,                   // 子弹生命周期（原代码：lifetime = 30f，超时消失）
          "healPercent": 5.0,                 // 治疗百分比（原代码：healPercent = 5f，命中友方回血5%）
          "collidesTeam": true,               // 是否与友方碰撞（原代码：collidesTeam = true，避免误伤）
	"frontColor":"FFFFFF",
		"backColor":"97FFA8FF",
      }
    }
      ],
    }