{
  "name": "Brilliance",
  "displayName": "光辉 ",
  "author": "末狐是个鸽子",
  "description": "黑暗终将退去，光辉终将到来，我们冲破黑暗，达到光明之地！\nQ群：575994735\n使用这个MOD来体验在mindustry中极不平衡（甚至有点离谱）的战役进度！",

  "version": "0.9.9.1-1-咕噜咕噜。",
  "minGameVersion": 136,
  "hidden": true 
}
//音乐使用：
// fine-Mercury - Pensees
// game1-Nervous - Pensees
// game2-Nocturne - Aether
// game3-Interlude - Pensees
// game4-green to blue (Sped Up) - Aurenth.
// game5-Ethereal Dreams - knonzzz/Aurenth
// geme6-blinded - Aurenth
// geme7-lost decade - Aurenth
// geme8-winter wonders - Aurenth
// game9-it's not your fault - Aurenth
// launch-Train - NaiKee
// menu-Sunder - NaiKee