{
    "health": 70,
    "size": 1,
    "speed": 6,
    "update": "true",
    "hasItems": "true",
    "type": "Unloader",
    "description": "如假包换的纯正塞普罗卸载器",
    "details":"贴核，启动！",
    "name": "卸载端口",
	"requirements": [
		{ "item": "铝", "amount": 10},
		{ "item": "铅", "amount": 10},
		{ "item": "铁", "amount": 10},
	],
    "category": "effect",
    "research": "核心扩容模块"
    "researchCostMultiplier": 0.2,
        "canOverdrive": false,
}