{
	// "type": "legs",
	"name": "烨煜",
	"description": "",
	"legSplashDamage":220,
    "legSplashRange":18,
	"legCount": 4
	"legExtension":-8,
	"legBaseOffset":11,
	"legLength": 18,
	"legForwardScl": 0.58,
	"stepShake":0.77,
    "buildSpeed": 8.5,
	"buildBeamOffset":24,
	"rippleScale":1,
    "hovering":true,
	"allowLegStep": true,
	"canBoost": false,
    // "range":480,
    /*
                hitSize = 29f;
            health = 18000f;
            armor = 9f;
            stepShake = 1.5f;
            rotateSpeed = 1.5f;
            drownTimeMultiplier = 6f;

            legCount = 4;
            legLength = 14f;
            legBaseOffset = 11f;
            legMoveSpace = 1.5f;
            legForwardScl = 0.58f;
            hovering = true;
            shadowElevation = 0.2f;
            ammoType = new PowerAmmoType(4000);
            groundLayer = Layer.legUnit;

            speed = 0.3f;

            drawShields = false;
            */
    "immunities":["burning"],
    "ammoType": {
        "type": "PowerAmmoType",
        "totalPower": 5000
      },
      "abilities": [
      {
			"type": "ForceFieldAbility",
    		"radius":90,
    		//范围
    		"regen":6,
    		//每帧盾容回复量
    		"max":8000,
    		//盾容
    		"cooldown":640
    		//被击破后的冷却(8/1s)
    		"sides":8
		},
     	{
            "type": "StatusFieldAbility"
            "activeEffect":{
		        "type": "WaveEffect"
		        "lifetime":90
		        "sizeFrom":30
		        "sizeTo":0
		        "colorFrom": "#ffff00"
		        "colorTo": "#ffff00"
            },
        "effect":"overclock",
        "range":800,
        "reload":600,
        "duration":1200,
        }
        ],
    "speed": 0.25,
    "hitSize": 42,
    "health": 220000,
    "armor": 25,
    "rotateSpeed": 0.8,
    "faceTarget": true,
    "singleTarget":true,
	"research": "电辉",
	"weapons":[
	{
        "name":"",
        "shootSound":"laserblast",
        "chargeSound":"lasercharge",
        "top":false,
        "mirror":false,
        "shake":14,
        "x":0,"y":0,
        "shootY":5,
        "reload":300,
        "recoil":0,
        	"shoot": {
    "type": "shootBarrel",
    "shots": 2,//炮口数量
    "barrels": [
     10,-1,0
    -10,-1,0,
    ],//炮口位置（左右，前后，倾斜）
    "shotDelay":0,
}
        "cooldownTime":380,
        "shootStatusDuration":180,
        "shootStatus":"unmoving",
        /*"shoot":{
            "type":"ShootPattern",
            "firstShotDelay":60
        },*/
    "bullet":{
        "type":"LaserBulletType",
        "length":800,
       // "damage":4850,
        "splashDamage":3500,
        "splashDamageRadius":20,
        "width":35,
        "lifetime":200,
        "lightningColor":"#ffff00",
        "lightningSpacing":32,
        "lightningLength":15,
        "lightningDelay":1,
        "lightningLengthRand":15,
        "lightningDamage":350,
        "lightningAngleRand":40,
        "largeHit":true,
                        "buildingDamageMultiplier":3,
        "colors":["#ffff00", "#ffff00", "FFFFFF"],
       // "chargeEffect":"greenLaserCharge",
        "healPercent":68,
        "collidesTeam":true
    }}
      /* {"name": "脉冲激光",
	"reload": 150,
	"recoil":6,
	"x": 24,  "y": 0,
	"shootY":16,
	"alternate": true,
	"rotate": false,
	"inaccuracy": 1,
    "shootCone":30,
	"ejectEffect":"none",
	"shootSound": "missileLaunch",
	"bullet":{
    "type":"BasicBulletType",
    "speed": 4,
    "lifetime": 200,
    "homingPower":0.5,
    "homingRange": 60,
	"width": 80,
	"height": 80,
	"damage": 400,
			"spin": 16,
	"hitSize": 48,
	"sprite":"合晶工业-天道",
	"shrinkY":0,
	"shrinkX":0,
	"hitSound":"explosionbig",
	"pierce": true,
	// "pierceBuilding": true,
	// "status":"sapped",
	// "statusDuration":600,
    "smokeEffect":"shootBigSmoke2",
    "splashDamageRadius":40,
	"splashDamage":130,
	"knockback":16,
    "frontColor":"#ffff00",
    "backColor":"#ffff00",
	"trailLength": 80,
	"trailWidth": 6,
	"trailColor": "#ffff00",
	"hitEffect":{
    "type": "MultiEffect",
	"effects": [
		{
            "type": "WaveEffect"
            "sizeFrom": 120
            "sizeTo": 0
            "lifetime":90
            "sides":3
            "colorFrom": "#ffff00"
            "colorTo": "#ffff00"
            "strokeFrom":4
            "strokeTo": 0
            }
  		{
            "type": "WaveEffect"
            "sizeFrom": 140
            "sizeTo": 0
            "lifetime":90
            "sides":5
            "colorFrom": "#ffff00"
            "colorTo": "#ffff00"
            "strokeFrom":4
            "strokeTo": 0
            }
    ]},
    "bulletInterval": 5,
    "intervalBullets": 1,
    "intervalRandomSpread": 180,
    "intervalSpread": 60,
    "intervalAngle": 0,
    "intervalBullet":{
        "type":"BasicBulletType",
        "absorbable": false,
        "speed": 6,
        "lifetime":80,
        "homingPower":0.5,
        "homingRange": 90,
        "width": 35,
        "height": 35,
        "damage": 400,
        "sprite":"合晶工业-天道",
        "shrinkY":0,
        "shrinkX":0,
        		"spin": 16,
        "hitSound":"explosion",
	    "pierceCap":4,
        "pierce": true,
        // "pierceBuilding": true,
        "status":"sapped",
        "statusDuration":180,
        "splashDamageRadius":30,
        "splashDamage":87,
        "knockback":3,
        "frontColor":"#ffff00",
        "backColor":"A278E1FF",
        "trailLength": 10,
        "trailWidth": 2,
        "trailColor": "#ffff00",
        "hitEffect":{
        "type": "MultiEffect",
        "effects": [
     {
            "type": "WaveEffect"
            "sizeFrom": 60
            "sizeTo": 0
            "lifetime":90
            "sides":3
            "colorFrom": "#ffff00"
            "colorTo": "#ffff00"
            "strokeFrom":4
            "strokeTo": 0
            }
  		{
            "type": "WaveEffect"
            "sizeFrom": 80
            "sizeTo": 0
            "lifetime":90
            "sides":5
            "colorFrom": "#ffff00"
            "colorTo": "#ffff00"
            "strokeFrom":4
            "strokeTo": 0
            }
        ]},
        }
    }},
            {   "name":"烨煜1",
        "mirror":false,
        "top":true,
        "shake":4,
        "shootY":14,
        "x":0,"y":-3,
        "reload":170,
        "recoil":0,
        	"rotate":true,
        "parentizeEffects":true,
        "shoot":{
            "type":"ShootPattern",
            "firstShotDelay":59
        },
        "chargeSound":"lasercharge2",
        "shootSound":"beam",
        "continuous":true,
        "cooldownTime":200,
        "bullet":{
        "type":"ContinuousLaserBulletType",
	"hitEffect":{
    "type": "ParticleEffect",
    "particles": 6,  
    "baseLength": 8,
    "length":18,
    "lifetime": 10,
    "line": true,
    "lenFrom": 16,
    "lenTo":0,
    "strokeFrom": 1.6,
    "strokeTo": 0,
    "colorFrom": "#ffff00",
    "colorTo": "#ffff00",
    "cone":360 },
    "shootEffect":{
        "type": "ParticleEffect",
        "particles": 3,  
        "baseLength": 8,
        "length":38,
        "lifetime": 18,
        "line": true,
        "lenFrom": 12,
        "lenTo":0,
        "strokeFrom": 1,
        "strokeTo": 0,
        "colorFrom": "#ffff00",
        "colorTo": "#ffff00",
        "cone":60 },
    "smokeEffect":"none",
    "status":"burning",
	"statusDuration":20,
	"collidesTeam":true,
	"healPercent":13,
	"ammoMultiplier":1,
	"length":300,
	"damage": 200,
    "lifetime":300,
    "colors":["#ffff00", "#ffff00", "FFFFFF"],
        "chargeEffect":{"type": "MultiEffect",
        "effects": [
    {"type": "WaveEffect",
        "lifetime": 60,
        "sizeFrom": 90,
        "sizeTo": 0,
        "strokeFrom": 0,
        "strokeTo": 8,
        "colorFrom": "#ffff00",
        "colorTo": "#ffff00"},
        {
            "type": "ParticleEffect",
            "particles": 33,
            "baseLength": 80,
            "length":-80,
            "lifetime": 60,
            "line": true,
            "lenFrom": 20,
            "lenTo":0,
            "strokeFrom": 1,
            "strokeTo": 1,
            "colorFrom": "ffffff",
            "colorTo": "#ffff00",
            "cone":360 }
        ]},
    "incendChance":0.1,
    "incendSpread":8,
    "incendAmount":1
        }},*/
    ]
}
