{
    "type": "GenericCrafter",
    "name": "电动机厂",
    "category": "crafting",
    "requirements": [
        "graphite/50","钢铁/55","copper/55","电子管/30"
    ],
    "outputItem": "plastanium/3",
    "craftTime": 40.00,
    "size": 3,
    "hasPower": true,
    "hasLiquids": true,
    "drawer": {
        "type": "DrawSmelter",
        "flameColor": "ffef99"
    },
        "consumes": {
        "items": {
            "items": [
                "titanium/6"
                ]
      }          
	"liquid": 
	{"liquid": "oil", "amount": 1.5 }
    }
	"research":"电子管厂"//科技树位置，duo为双管
}