{
    "name": "弹药组装厂",
    "description": "超高温重融提纯金属并提升强度",
    "size": 4,
    "itemCapacity": 90,
        "hasPower": true,
    "hasItems": true,
    "hasLiquids": true,
    "requirements": [
    "钢铁/70",
    "晶体管/80",
    "plastanium/60",
    "电动机/60"
  ],
    "consumes": {
        "power": 10,
    },
    "drawer": {
        "type": "DrawMulti",
        "drawers": [
            "DrawDefault",
            "DrawFlame",
            {
                "type": "DrawGlowRegion",
                "alpha": 0.9,
                "glowScale": 6,
                "color": "FF0000FF"
            }
        ]
    },
    "updateEffect": "melting",
    "category": "crafting",
    "research": "晶体管厂"
}