{
	"extendedType": "MultiCrafter",
	"name": "水桶组装机",
	"health": 360,
	"size": 2,
	"hasPower": false,
	"hasLiquids": true,
	"hasItems": true,
	"liquidCapacity": 120,
	"requirements": [
		"lead/80",
		"metaglass/40"
	],
	"craftPlans": [
		{
			"consumes": {
				"items": [
					"水桶/1"
				]
			},
			"outputLiquid": "water/2",
			"craftTime": 30
		},
		{
			"consumes": {
				"items": [
					"矿渣桶/1"
				]
			},
			"outputLiquid": "slag/2",
			"craftTime": 30
		},
		{
			"consumes": {
				"items": [
					"冷冻液桶/1"
				]
			},
			"outputLiquid": "cryofluid/2",
			"craftTime": 30
		},
		{
			"consumes": {
				"items": [
					"石油桶/1"
				]
			},
			"outputLiquid": "oil/2",
			"craftTime": 30
		},
	],
	"category": "crafting",
	"research":"石墨厂"
}