{
    "type": "GenericCrafter",
    "name": "火药厂",
    "category": "crafting",
    "requirements": [
        "电动机/30","钢铁/50","电子管/20","plastanium/28"
    ],
    "outputItem": "火药/2",
    "craftTime": 90.00,
    "size": 3,
    "hasPower": true,
    "hasLiquids": false,
    "drawer": {
		"type": "DrawMulti",
		"drawers": [
			{
				"type": "DrawRegion",
				"suffix": "-bottom"
			},
			{
				"type": "DrawFade",
				"scale": 1.13,
				"alpha": 0.99
			},
			"DrawWeave",
			"DrawDefault"
		]
	},
    "consumes": {
        "items": {
            "items": [
                "coal/3","硫/1","硝/2"
            ]
        },
        "power": 5
    }
	"research":"电动机厂"//科技树位置，duo为双管
}