{
    "type": "GenericCrafter",
    "name": "炭织布厂",
    "category": "crafting",
    "requirements": [
        "graphite/300","钢铁/125","集成电路/25","copper/225"
    ],
    "outputItem": "炭织布/5",
    "craftTime": 180.00,
    "size": 3,
    "hasLiquids": false,
        "drawer": {
		"type": "DrawMulti",
		"drawers": [
			{
				"type": "DrawRegion",
				"suffix": "-bottom"
			},
			{
				"type": "DrawFade",
				"scale": 1.13,
				"alpha": 0.99
			},
			"DrawWeave",
			"DrawDefault"
		]
	},
    "consumes": {
        "items": {
            "items": [
                "炭纤维/3","铀/2","graphite/2"
            ]
        },
    }
	"research":"集成电路厂"//科技树位置，duo为双管
}