{
    "type": "GenericCrafter",
    "name": "炭纤维厂",
    "category": "crafting",
    "requirements": [
        "graphite/300","钢铁/125","集成电路/25","copper/225"
    ],
    "outputItem": "炭纤维/5",
    "craftTime": 180.00,
    "itemCapacity": 40,
    "size": 3,
    "hasLiquids": false,
    	"drawer": {
		"type": "DrawMulti",
		"drawers": [
			"DrawDefault",
			{
				"type": "DrawFlame",
				"flameColor": "e1e4c8"
			}
		]
	},
    "consumes": {
        "items": {
            "items": [
                "graphite/3","塑料/2","sand/20"
            ]
        },
        	"liquid": 
	{"liquid": "硫酸", "amount": 1 }
    }
	"research":"集成电路厂"//科技树位置，duo为双管
}