{
    "type": "GenericCrafter",
    "name": "燃油精炼厂",
    "category": "crafting",
    "requirements": [
        "copper/260","钢铁/190","电动机/20","晶体管/20"
    ],
    "size": 4,
    "hasPower": true,
    "hasLiquids": true,
    "hasItems": true,
    "liquidCapacity": 120,
    "outputLiquid": "精炼燃油/0.5",
	"consumes": {
		"power": 10,
		"liquid": "oil/2"
	},
    "craftTime": 30
		"drawer": {
			"type": "DrawMulti",
			"drawers": [
				"DrawDefault",
				{
					"type": "DrawRegion",
					"suffix": "-转",
					"spinSprite": true,
					"rotateSpeed": 12
				}
			]
		},
	"research":"晶体管厂"//科技树位置，duo为双管
}