{
    "type": "GenericCrafter",
    "name": "电动机厂",
    "category": "crafting",
    "requirements": [
        "graphite/50","钢铁/55","copper/55","电子管/50"
    ],
    "outputItem": "电动机/3",
    "craftTime": 90.00,
    "size": 3,
    "hasPower": true,
    "hasLiquids": true,
    "drawer": {
        "type": "DrawSmelter",
        "flameColor": "ffef99"
    },
        "consumes": {
        "items": {
            "items": [
                "copper/1","钢铁/1","graphite/1"
                ]
      }          
	"liquid": 
	{"liquid": "蒸汽", "amount": 1 }
    }
	"research":"电子管厂"//科技树位置，duo为双管
}