{
    "type": "Separator",
    "name": "电解机",
    "category": "crafting",
    "requirements": [
        "copper/120","钢铁/110","晶体管/20"
    ],
       "results": [
    "氕/2",
    "氧/4"
	],
    "craftTime": 10.00,
    "itemCapacity": 10.00,
    "size":3,
    "hasPower": true,
    "hasItems": true,
    "hasLiquids": true,
    "rotate": false,
    "solid": true,
    "outputsLiquid": true,
    "consumes": {
        "liquid":"重水/0.2"
    }
    "power":10
    "research":"晶体管厂"//科技树位置，duo为双管
}