{
    "type": "Separator",
    "name": "石油精炼机",
    "category": "crafting",
    "requirements": [
        "copper/260","钢铁/190","电动机/80","晶体管/50"
    ],
    "size": 3,
    "hasPower": true,
    "hasLiquids": true,
    "hasItems": true,
    "liquidCapacity": 120,
    "results": [
    "塑料/2",
    "coal/10"
	],
	"consumes": {
		"power": 10,
		"liquid": "oil/1"
	},
    "craftTime": 5
		"drawer": {
			"type": "DrawMulti",
			"drawers": [
				"DrawDefault",
				{
					"type": "DrawRegion",
					"suffix": "-转",
					"spinSprite": true,
					"rotateSpeed": 12
				}
			]
		},
	"research":"晶体管厂"//科技树位置，duo为双管
}