{
    "type": "LiquidJunction",
    "requirements": [
        {
            "item": "titanium",
            "amount": 20
        },
        {
            "item": "graphite",
            "amount": 6
        },
        {
            "item": "metaglass",
            "amount": 10
        }
    ],
    "health": 400,
    "solid": false,
	"category": "liquid",
	"research":"liquid-junction",
	
	
	"description": "除了装甲的提升跟普通流体交叉器无异。",
	"name": "装甲流体交叉器"
}
//此方块儿为原版拓展