{
	"health": 11000,
	"armor": 12,
	"boostMultiplier": 3.8,
	"deathSound": "大型陆军-死亡"//单位死亡后音效
	"immunities": [
		"burning",
		"electrified",
	],
	"weapons": [
		{
			"name": "灾星-主激光",
			"mirror": false,
			"top": false,
			"shake": 4,
			"shootY": 14,
			"x": 0,
			"y": 0,
			"reload": 170,
			"recoil": 0,
			"parentizeEffects": true,
			"shoot": {
				"type": "ShootPattern",
				"firstShotDelay": 59
			},
			"chargeSound": "lasercharge2",
			"shootSound": "beam",
			"continuous": true,
			"cooldownTime": 200,
			"bullet": {
				"type": "ContinuousLaserBulletType",
				"hitEffect": {
					"type": "ParticleEffect",
					"particles": 6,
					"baseLength": 8,
					"length": 18,
					"lifetime": 10,
					"line": true,
					"lenFrom": 16,
					"lenTo": 0,
					"strokeFrom": 1.6,
					"strokeTo": 0,
					"colorFrom": "97FFA8",
					"colorTo": "97FFA8"
				},
				"shootEffect": {
					"type": "ParticleEffect",
					"particles": 3,
					"baseLength": 8,
					"length": 38,
					"lifetime": 18,
					"line": true,
					"lenFrom": 12,
					"lenTo": 0,
					"strokeFrom": 1,
					"strokeTo": 0,
					"colorFrom": "97FFA8",
					"colorTo": "97FFA8",
					"cone": 60
				},
				"smokeEffect": "none",
				"collidesTeam": true,
				"healPercent": 1.3,
				"ammoMultiplier": 1,
				"length": 280,
				"damage": 84,
				"lifetime": 270,
				"colors": [
					"7CF38990",
					"97FFA880",
					"FFFFFF"
				],
				"chargeEffect": {
					"type": "MultiEffect",
					"effects": [
						{
							"type": "ParticleEffect",
							"particles": 1,
							"length": 0,
							"baseLength": 0,
							"lifetime": 49,
							"startDelay": 10,
							"colorFrom": "7CF389",
							"colorTo": "7CF389",
							"sizeFrom": 0,
							"sizeTo": 5
						},
						{
							"type": "WaveEffect",
							"lifetime": 40,
							"sizeFrom": 90,
							"sizeTo": 0,
							"strokeFrom": 0,
							"strokeTo": 8,
							"interp":"circleIn",
							"colorFrom": "7CF389",
							"colorTo": "7CF389"
						},
						{
							"type": "ParticleEffect",
							"particles": 33,
							"baseLength": -80,
							"length": 80,
							"lifetime": 40,
							"line": true,
							"lenFrom": 0,
							"lenTo": 10,
							"strokeFrom": 1,
							"strokeTo": 1.5,
							"interp":"pow5In",
							"sizeInterp": "pow3Out",
							"colorFrom": "FFFFFF",
							"colorTo": "97FFA8"
						}
					]
				},
				"incendChance": 0.1,
				"incendSpread": 8,
				"incendAmount": 1
			}
		},
		{
			"name": "灾星2",
			"type": "RepairBeamWeapon",
			"x": 6,
			"y": -4,
			"shootY": 6,
			"top":true,
			"beamWidth": 0.8,
			"mirror": true,
			"repairSpeed": 3,
			"bullet": {
				"maxRange": 120
			}
		},

{
    "name": "灾星-集束导弹"
    "rotationLimit": 235
    "baseRotation": -45
    "rotateSpeed": 1.5
    "shootCone": 60
    "mirror": true
    "rotate": true
    "recoil": 3
    "shake": 15
    "x": 13
    "y": -8

    "inaccuracy": 3
    "reload": 250

    "chargeSound": "plasmaboom"
    "shootSound": "artillery"
    "ejectEffect": "casing3"
"shoot": {
    "firstShotDelay": 35
    "shotDelay": 9
    "shots": 8
    }

"bullet": {
    "type": "EmpBulletType"
    "sprite": "missile-large"
    "despawnShake": 12.5
    "collidesAir": true
    "scaleLife": true
    "hitShake": 12.5
    "shrinkY": 0.6
    "height": 12
    "width": 9

    "splashDamageRadius": 60
    "splashDamage": 180
    "healPercent": 1.25
    "knockback": 0.8
    "lifetime": 40.6
    "damage": 28
    "speed": 7.5

    "smokeEffect": "shootBigSmoke2"
    "hitSound": "laser"
    "shootEffect": "shootBig"

    "lightColor": "84f491"
    "lightOpacity": 0.7
    "lightRadius": 75

    "trailEffect": "artilleryTrail"
    "trailInterval": 7.5
    "trailColor": "84f491"
    "trailLength": 3
    "trailWidth": 3
    "trailSize": 9

    "frontColor": "ffffff"
    "backColor": "84f491"

"hitEffect": {
    "type": "ExplosionEffect"

    "lifetime": 40

    "waveColor": "84f491"
    "waveStroke": 4
    "waveRad": 90

    "smokeColor": "84f491"
    "smokeSizeBase": 0
    "smokeSize": 5
    "smokes": 8

    "sparkColor": "84f491"
    "sparkStroke": 3
    "sparkRad": 40
    "sparkLen": 4
    "sparks": 8
    }
}
    }

	]
}