{
	"type": "mech",
	"name": "兵戈",
	"hitSize": 16,
	"canDrown": true,
	"description":"幻境军工的新系列，强大的机甲，移动的火力平台",
	"armor": 5,
	"speed": 0.5,
	"rotateSpeed": 5,
	"baseRotateSpeed": 2.5,
	"health": 500,
	"mechStepParticles": true,
	"mechFrontSway": 0.1,
	"mechSideSway": 0.1,
	"ammoType": "幻钢",
	"ammoCapacity": 100,
    "drownTimeMultiplier":1,
	"range":176,
	"research": {
		"parent": "陆厂",
		"objectives": [
			{
				"type": "SectorComplete",
				"preset": "三叶峡谷"
			}
		]
	}
	"weapons": [
		{
			"name": "兵戈0",
			"reload": 5,
			"shake": 1,
			"recoil": 2.5,
			"x": 4,
			"rotate": false,
			"top": false,
			"inaccuracy": 2.5,
			"shootSound": "pew",
			"alternate": true,
			"ejectEffect": "casing4",
			"shootCone": 15,
			"shootY":4,
			"shootX":2,
			"bullet": {
				"damage": 20,
				"pierce": true,
				"pierceBuilding": true,
				"pierceCap": 2,
				"speed": 8,
				"lifetime": 23,
				"shootEffect": "none",
				"trailLength": 4,
				"trailWidth": 2,
				"trailColor": "FEEBB3FF",
				"backColor": "FEEBB3FF",
				"frontColor": "FEEBB3FF",
				"width": 8,
				"height":16,
			}
		}
	]
}