{
	"type": "mech",
	"name": "战乱",
	"hitSize": 32,
	"canDrown": true,
	"description":"幻境军工的新科技，搭载了最新的M3蜂群导弹",
	"armor": 30,
	"speed": 0.4,
	"rotateSpeed": 1.6,
	"baseRotateSpeed": 1.6,
	"health": 6000,
	"mechStepParticles": true,
	"mechFrontSway": 0.3,
	"mechSideSway": 0.3,
	"ammoType": "幻钛钢",
	"ammoCapacity": 300,
    "drownTimeMultiplier":3,
	"range":256,
	"research": "烽火",
    "abilities": [
		{
			"type": "ShieldArcAbility",
			"whenShooting": true,
			"radius": 14,
			"width": 7,
			"max": 1000,
			"regen": 1,
			"cooldown": 180,
			"angle": 120,
			"angleOffset": 0,
		},
   ]
	"weapons": [
	{
			"name": "战乱0",
			"reload": 60,
			"shake": 3,
			"recoil": 3,
			"x": 12,
			"rotate": false,
			"top": false,
			"inaccuracy": 6,
			"shootSound": "pao",
			"alternate": true,
			"ejectEffect": "casing4",
			"shootCone": 15,
			"cooldownTime":60,
			"shootY":7,
			"shootX":0,
			"shoot": {
		    "shots": 9,
		    "shotDelay": 3,
		    "type": "ShootAlternate",
		    "barrels": 1,
		    "spread": 0,
	         },
			"bullet": {
				"damage": 90,
				"pierce": true,
				"pierceBuilding": true,
				"pierceCap": 3,
				"speed": 8,
				"lifetime": 32,
				"shootEffect": "none",
				"trailLength": 6,
				"trailWidth": 3,
				"trailColor": "FEEBB3FF",
				"backColor": "FEEBB3FF",
				"frontColor": "FEEBB3FF",
				"width": 16,
				"height":32,
			}
		}
  ]
}