{
    "name": "便携式抽水机",
    "description": "更便携的抽水机",
    "type": "SolidPump",
    "health": 250,
    "size": 1,
    "floating": true,
    "hasPower": true,
    "hasLiquids": true,
    "liquidCapacity": 60,
    "requirements": [
            "copper/25",
        {
            "item": "lead",
            "amount": 25
        },
        {
            "item": "silicon",
            "amount": 15
        },
        {
            "item": "graphite",
            "amount": 15
        }
    ],
    "consumes": {
        "power": 0.5
    },
    "pumpAmount": 0.1,
    "rotateSpeed": 1,
    "result": "water",
    "baseEfficiency": 1,
    "attribute": "water",
    "category": "production",
    "research": "机械抽水机"
}