{
    "type": "Pump",
    "name": "蓝钢泵",
    "description": "泵送液体",
    "size": 4,
    "health": 1080,
    "liquidCapacity": 2000,
    "hasLiquids": true,
    "pumpAmount": 2,
    "consumes": {
        "power": 15
    },
    "requirements": [
        {
            "item": "copper",
            "amount": 160
        },
        {
            "item": "metaglass",
            "amount": 190
        },
        {
            "item": "silicon",
            "amount": 120
        },
        {
            "item": "thorium",
            "amount": 100
        },
        {
            "item": "surge-alloy",
            "amount": 105
        },
        {
            "item": "蓝钢",
            "amount": 170
        }
    ],
    "category": "liquid",
    "research": "thermal-pump",
    "drawer": {
        "type": "DrawMulti",
        "drawers": [
            {
                "type": "drawRegion",
                "suffix": "-bottom"
            },
            "DrawDefault",
            {
                "type": "DrawLiquidRegion",
                "drawLiquid": "water",
                "suffix": "-liquid"
            }
        ]
    }
}