{
    "type": "payload",
    "payloadCapacity": 900,
    "name": "运载机",
    "buildSpeed": 1,
    "description": "移动灵活，转向贼慢，辅助单位",
    "payloadLimit": 8,
    "moveForce": 25,
    "speed": 3,
    "drag": 0.03,
    "accel": 0.02,
    "rotateSpeed": 1,
    "mass": 50,
    "abilities": [
	    {
        "type": "RepairFieldAbility"
        "amount":40
        "reload": 180
        "range": 180
        }
            {
					"type": "ForceFieldAbility",
    		"radius":160,
    		//范围
    		"regen":2,
    		//每帧盾容回复量
    		"max":1000,
    		//盾容
    		"cooldown":200
    		//被击破后的冷却(8/1s)
    		"sides":5
		},
		]
    "ammoType": {
        "type": "PowerAmmoType",
        "totalPower": 3000
    },
    "ammoCapacity": 3000,
    "range": 200,
    "maxVolcity": 10,
    "ammoResupplyAmount": 10,
    "flying": true,
    "hitSize": 32,
    "health": 7000,
    "targetAir": false,
    "targetGround": true,
    "armor": 10,
    "itemCapacity": 500,
    "isCounted": false,
    "turnCursor": false,
    "lowAltitude": true,
    "shootStatusDuration": 200,
    "rotateWeapon": true,
    "engineOffset": 6,
	"engineSize": 3,
	"research": {
	"parent":"轻型实验兵种生产工厂"
	"objectives": [
            {
				"type": "SectorComplete",
				"preset": "凛冬止水"
			}
	]
	},
	         "researchCostMultiplier": 10,
}