{
	
	"name": "烈火星辉",
	"description": "射出去的子弹能着火",
	"health": 300,
	"armor":5,
	"weapons":[ 
	{
		"x":2,"y":0,
		"reload":3,
		
		"bullet":{
			"type":"BasicBulletType",
			"pierceBuilding":true,
			"pierce":true,
			"pierceCap":2,
			"damage":10,
			"lifetime":50,
			"speed":2.5,
			"status":"burning",
	  	 	"statusDuration":200,
			"width":9,
			//"shootStatus":"unmoving",
			"height":15,
			"smokeEffect":"shootSmallSmoke",
			"shootEffect":"shootSmall",
			"ammoMultiplier":4,
			"makeFire":true,
		}
	}


	]
}
