{
	"weapons":[ 
	{
		"x":4.5,"y":0,
		"reload":24,
		"name":"heal-weapon",
		"shootY":2,
		"alternate":false,
		"recoil":2,
		"shootSound":"lasershoot",
		"bullet":{
			"type":"LaserBoltBulletType",
            "splashDamageRadius":50,
            "pierce": true,	
			
		    "pierceBuilding":true,
		    "pierceCap":3,
            "splashDamage":10,
            "speed":5.2,
            "lifetime":40,
             "damage":16,
             //"sprite":"large-bomb",
         	"backColor":"76D081FF",
         	"frontColor":"FFFFFF", 
 	        "healPercent":5,	   
	        "width": 9,	"height":15,
            "ammoMultiplier": 3,
            "hitEffect":"greenBomb",
			"buildingDamageMultiplier": 2
		}
	}


	]
}
