{
      "health": 600,
      "size":2,
      "hasPower": true,
      "update":	true,
      "configurable": true,
      "haspower":true,
      "brightness": 10.0,
      "type":"LightBlock",
      "description": "比普通灯更强（鸽子探照灯）",
      "name":"GZ-2型探照灯",
      "radius": 500,
      "consumes":{
		"power":1.0
	},
      "requirements": [
		{"item": "铜板", "amount": 12},
		{"item": "metaglass", "amount": 60}
	],
	"category": "effect",
    "research":"辅助类"
    }