{
    "type": "coreBlock",
    "size":2,
	"health":10.0,
	"itemCapacity": 100,
	"buildCost": 0.1,
	"buildCostMultiplier": 0.1,
	"name":"便携核心",
	"description":"因种种原因，核心修改为不可拆卸",
	"solid": "true",
	"update": "true",
	"hasItems": "true",
	"activeSound": "respawning",
	"activeSoundVolume": 1,
	"layer": "overlay",
	"breakable": "false",
	"rebuildable": "true",
	"research": "小型核心",
	"category": "effect",
	"requirements": [
		{ "item": "铜板", "amount":50},
		{"item": "铅板","amount":50},
	    { "item": "钛板", "amount":20},
		{"item": "phase-fabric","amount":80},
	    { "item": "塑钢板", "amount":100},
		{"item": "silicon","amount":150}
	]
}
