{
	"type": "GenericCrafter",
	"name": "宇宙合金工厂",
	"description": "宇宙合金，极其坚硬.",
	"outputItem": {
		"item": "宇宙合金", "amount": 1
	},
	"itemCapacity": 30,
	"size": 2,
	"hasPower": true,
	"hasLiquids":true,
		"hasItems": true,
	"craftTime": 50,
	"updateEffect": "smeltsmoke",
	"consumes": {
		"power": 0.8
		"items": {
			"items": [
				{ "item": "炎晶合金", "amount": 2 }
				{ "item": "紫晶合金", "amount": 2 }
				{ "item": "天界合金", "amount": 2 }
				{ "item": "鬼晶合金", "amount": 2 }
		]
	},
	"liquid":{"liquid":"water","amount": 0.5 } 
	},
			"requirements": [
		{ "item": "phase-fabric", "amount": 50 }, 
		{ "item": "metaglass", "amount": 30 },
		{ "item": "纯水泥", "amount": 10 },
		{ "item": "graphite", "amount": 100 },
		{ "item": "石膏", "amount": 10 },
	],
	"category": "crafting",
	"research": "振金研究工厂",
	"idleSound": "respawning",
	"idleSoundVolume": 0.5
}