{
	"type": "GenericCrafter",
	"name": "炎晶合金工厂",
	"description": "输入聚合物和炎晶即可生产合金。.",
	"outputItem": {
		"item": "炎晶合金", "amount": 3
	},
	"itemCapacity": 30,
	"size": 2,
	"hasPower": true,
	"hasLiquids":true,
		"hasItems": true,
	"craftTime": 50,
	"updateEffect": "smeltsmoke",
	"consumes": {
		"power": 1.5
		"items": {
			"items": [
				{ "item": "原型聚合物", "amount": 3 }
				{ "item": "焰晶体", "amount": 6 }
		]
		},
	"liquid":{"liquid":"oil","amount": 0.1 }
	},
			"requirements": [
		{ "item": "phase-fabric", "amount": 50 }, 
		{ "item": "紫晶合金", "amount": 30 },
		{ "item": "纯水泥", "amount": 10 },
		{ "item": "焰晶体", "amount": 100 },
		{ "item": "星铁", "amount": 10 },
	],
	"category": "crafting",
	"research": "玄幻工业类",
	"idleSound": "respawning",
	"idleSoundVolume": 0.5
}