{
	"type": "GenericCrafter",
	"name": "石油物质提取器",
	"description": "我们发现石油中含有其他物质，正在尝试提取它!",
	"health": 3000,
	"liquidCapacity": 15,
	"itemCapacity": 60,
	"outputItem": {"item": "石油提取物", "amount": 5},
	"size": 2,
	"hasPower": true,
	"hasLiquids": true,
	"hasItems": true,
	"craftTime": 24,
	"updateEffect": "smeltsmoke",
	"consumes": {
		"power": 0.5,
		"liquid": {
			"liquid": "oil",
			"amount": 0.5
		}
	},
	"requirements": [
		{ "item": "titanium", "amount": 120 },
		{ "item": "水泥", "amount": 50 },
		{ "item": "lead", "amount": 100 }
	],
	"category": "crafting",
	"idleSound": "respawning",
	"idleSoundVolume": 0.2,
	"research": "异种工业类"
}
