{
	"type":"mech",//类型
	"name": "憎恶",//名字
	"description":"三级猩红单位，利用武器喷出火焰对敌人造成伤害，同时装配有推进器",//介绍
	"rotateSpeed":5,//转身速度
	"hitSize":24,//大小
	"health": 5400,//血量
	"armor":6,//防御
	"speed":1.2,//速度
	"targetAir": true,//攻击空军
	"canBoost": true,
	"abilities":[
	{
	"type": "RegenAbility",//自我修复
	"percentAmount": 0.0666666666,//修复百分比
	}	
	{
            "type": "ArmorPlateAbility",
            "healthMultiplier": 0.5
        }
],
	"immunities":[
        "burning"
        "melting"
        ],//免疫效果
	"weapons": [//武器
		{"name": "fgac憎恶1",//武器贴图
		"parts":[
{"type":"RegionPart",
"mirror":true,//是否镜像显示
"x":9.25,"y":2,//起始位置
"suffix":"-右","layer":60,"moveX":-0.5,"moveY":4,
"moveRot":30,//移动度数
"progress":"recoil"
}
],
		"shoot": {
    "type": "shootBarrel",
    "shots": 3,//炮口数
    }
		"shootCone":10,
        "inaccuracy":3,//不准确度
		"mirror":false
		"reload":180,//攻速
		"top": false,//旋转
		"recoil":-2,//后坐力
		"x":0,"y":0,//位置
		"shootX":0
		"shootY":5
		"shootSound": "flame",
		"bullet": {//子弹
		"pierce":true,//穿透
		"makeFire":true,
		"pierceBuilding":true//穿透建筑
			"type": "BasicBulletType",//类型
			"collidesAir": true,
			"damage":200,//单体伤害
			"speed":8,//速度
			"width":2,"height":2,//宽长度
			"lifetime":5,//存在时间
			"backColor":" F25555FF",
			//子弹边缘颜色
			"frontColor":"AD263BFF",
			//子弹中心颜色
			"status":"burning",
          "statusDuration":180,
			"hitEffect":{
  	"type":"multiEffect",
"effects":[
{
"type": "ExplosionEffect",
"sparkColor":"F25555FF",//火花颜色
"sparkStroke":2.6,//火花宽
"sparkRad":20,//火花半径
"sparkLen":12,//长度
"sparks":5,//火花数
				},
]}
			"despawnEffect":"none"
		"smokeEffect":{
		"type": "ParticleEffect",
		"particles": 8,
		"sizeFrom": 4,
		"sizeTo": 0,
		"length": 126,
		"lifetime": 40,
		"interp": "circleOut",
		"colorFrom": "F25555FF",
		"colorTo": "AD263BFF",
		"cone": 25},
			"shootEffect":"none"
}
},
	{
			"x": 0,
			"y": -6,
			"shootY": 0,
			"reload": 300,
			"rotate": true,
			"mirror": false,
			"rotateSpeed": 1,
			"shootCone": 20,
			"useAmmo": false,
			"rotationLimit": 20,
			"alwaysShooting": true,
			"alwaysContinuous": true,
			"shootSound": "laserbeam",
			"bullet": {
				"type": "ContinuousFlameBulletType",
				"colors": [
					"FF58458C",
					"FF5845B2",
					"FF5845CC",
					"FF8663",
					"FFDCD8CC"
				],
				"damage": 2.5,
				"lifetime": 60,
				"length": -16,
				"width": 2,
				"recoil": 0,
				"drawFlare": false,
				"hitEffect": {
					"type": "ParticleEffect",
					"particles": 3,
					"lifetime": 15,
					"line": true,
					"strokeFrom": 2.5,
					"strokeTo": 0,
					"lenFrom": 8,
					"lenTo": 0,
					"length": 21,
					"cone": 360,
					"colorFrom": "FF5845",
					"colorTo": "FF8663"
				}
			}
		},
]
}