{
    "type": "flying",
    "name": "针尖",
    "description": "用于应对一些不必要的小麻烦",
    "speed": 3,
    "rotateSpeed": 6,
    "ammoType": {
        "type": "PowerAmmoType",
        "totalPower": 100
    },
    "ammoCapacity": 99999,
    "hitSize": 8,
    "buildSpeed": 0,
    "flying": true,
    "faceTarget": true,
    "health": 60,
    "armor": 2,
    "engineOffset": 6,
    "engineSize": 2,
    "research": "仆从",
    "weapons": [
        {
            "name": "none",
            "reload": 30,
            "recoil": 0,
            "x": 4,
            "y": 0,
            "rotate": false,
            "inaccuracy": 0,
            "ejectEffect": "casing1",
            "shootSound": "pew",
            "alternate": false,
            "frontColor": "FFFFFF",
            "backColor": "c0ecff",
            "bullet": {
                "damage": 5,
                "speed": 8,
                "lifetime": 20,
                "width": 9,
                "height": 6
            }
        },
        {
            "name": "none",
            "type": "RepairBeamWeapon",
            "x": 0,
            "y": 0,
            "shootY": 6,
            "beamWidth": 0.8,
            "mirror": true,
            "repairSpeed": 0.05,
            "bullet": {
                "maxRange": 80
            }
        }
    ]
}