{
    "type": "flying",
    "name": "气象",
    "description": "发射能量球，有建造能力，血量并不出色，失去了修复能力换取了较弱吸血",
    "speed": 2.75,
    "rotateSpeed": 6,
    "ammoType": {
        "type": "PowerAmmoType",
        "totalPower": 100
    },
    "ammoCapacity": 60,
    "faceTarget": true,
    "hitSize": 25,
    "buildSpeed": 0.75,
    "flying": true,
    "faceTarget": true,
    "health": 575,
    "armor": 6,
    "engineOffset": 6,
    "engineSize": 2,
    "research": "飞机t2",
    "weapons": [
{"name":"炮",
    "x":8,"y":0,
	"inaccuracy": 0,
	"shoot":{
	    "shots":3,
	    "shotDelay":2},
	"shootCone":360,
	"shootSound":"missile",
	"rotate": true,
	"reload":22.5,
    "controllable":false,
	"autoTarget":true,
	"alternate": true,
"bullet":{
	"height": 15,"width":8,
	"damage":22,
    "shrinkY":0,
    "absorbable":false,
	"homingPower":10,
    "homingRange": 300, 
    "healPercent":8,
	"speed":5,"lifetime":45,
	"splashDamageRadius":16,
    "splashDamage":12, 
    "collidesTeam":true,
	"status":"electrified",
	"statusDuration":60,
    "frontColor":"97FFA8FF",	
    "backColor":"97FFA8FF",
    "trailLength":46,
	"trailWidth":2,
    "trailColor":"97FFA8FF", 
    "shootEffect":
{"type":"MultiEffect",
	"effects": [
{"type": "WaveEffect",
    "lifetime": 20,
    "sizeFrom": 5,"sizeTo": 30,
    "strokeFrom":3,"strokeTo":0,
    "colorFrom":"97FFA8FF",
    "colorTo": "ffffff"},
{"type": "ParticleEffect",
    "particles": 8,
    "sizeFrom": 6,"sizeTo": 0,
    "length": 45,"baseLength":0,
    "lifetime": 35,
    "colorFrom": "97FFA8FF",
    "colorTo": "ffffff",
    "cone": 360}
              ]
}}},
        {
            "name": "小枪",
            "reload": 3,
            "recoil": 0,
            "x": 4,
            "y": -2,
            "rotate": true,
            "mirror": true,
            "inaccuracy": 0,
            "ejectEffect": "casing1",
            "shootSound": "laser",
            "alternate": false,
            "frontColor": "FFFFFF",
            "backColor": "c0ecff",
            "bullet": {
                "damage": 4,
                "speed": 8,
                "lifetime": 30,
                "width": 8,
                "height": 8
            }
        },
    {"name":"吸血",
    "top":true,
    "shootY":7,
    "reload":15,
    "ejectEffect":"none",
    "recoil":2,
    "x":11,"y":3,
    "shootSound":"sap",
    "rotate": true,
    "bullet":{
    "type": "SapBulletType",
    "shootEffect":"shootBig",
    "lifetime":30,
    "sapStrength":2,
    "length":80,
    "width":0.55,
    "knockback":-1.1,
    "statusDuration":30,
	"status":"sapped",
	"damage": 10,
    "color":"FFA4B8FA",
    "lightColor":"FF7575C8",
	"hitColor":"FFA4B8FA",
	"despawnEffect":"none"
    }},
    ]
}