{
    "type": "flying",
    "name": "长戬",
    "description": "多种攻击方式，很快建造，不错的修复，血量并不出色，较强吸血能力，发射无限穿透子弹(无法穿透建筑)",
    "speed": 0.75,
    "rotateSpeed": 3,
    "ammoType": {
        "type": "PowerAmmoType",
        "totalPower": 100
    },
    "ammoCapacity": 50,
    "hitSize": 56,
    "buildSpeed": 2.8,
    "flying": true,
    "faceTarget": true,
    "health": 8500,
    "armor": 12,
    "engineOffset": 6,
    "engineSize": 2,
    "research": "飞机t3",
    "weapons": [
        {
            "name": "气旋",
            "reload": 8,
            "recoil": 0,
            "x": 0,
            "y": 0,
            "rotate": true,
            "mirror": false,
            "inaccuracy": 8,
            "ejectEffect": "casing1",
            "shootSound": "missile",
            "alternate": false,
            "frontColor": "FFFFFF",
            "backColor": "c0ecff",
            "bullet": {
                "damage": 14,
                "speed": 5,
                "lifetime": 40,
                "width": 12,
                "height": 12
            }
        },
        {
            "name": "修复",
            "type": "RepairBeamWeapon",
            "x": 0,
            "y": 0,
            "shootY": 6,
            "beamWidth": 0.8,
            "mirror": true,
            "repairSpeed": 1,
            "bullet": {
                "maxRange": 80
            }
        }
    {"name":"吸血",
    "top":true,
    "shootY":7,
    "reload":3,
    "ejectEffect":"none",
    "recoil":2,
    "x":1.75,"y":24.75,
    "shootSound":"sap",
    "rotate": true,
    "bullet":{
    "type": "SapBulletType",
    "shootEffect":"shootBig",
    "lifetime":30,
    "sapStrength":0.5,
    "length":80,
    "width":0.55,
    "pierce": true,	
	"pierceBuilding":true,
    "knockback":-1.1,
    "statusDuration":120,
	"status":"sapped",
	"damage": 10,
    "color":"FFA4B8FA",
    "lightColor":"FF7575C8",
	"hitColor":"FFA4B8FA",
	"despawnEffect":"none"
    }},
            {
            "name": "炮",
            "reload": 30,
            "recoil": 0,
            "x": 16,
            "y": 0,
            "rotate": true,
            "mirror": true,
            "inaccuracy": 0,
            "ejectEffect": "casing1",
            "shootSound": "laser",
            "alternate": false,
            "frontColor": "FFFFFF",
            "backColor": "c0ecff",
            "bullet": {
                "damage": 22,
                    "pierce": true,	
	"pierceBuilding":false,
                	"homingPower":1,
    "homingRange": 300, 
                "speed": 5,
                "buildingDamageMultiplier":0.01,
                "lifetime": 300,
                "width": 30,
                "height": 15
            }
        }
    ]
}