{
	"type": "Constructor",
	"name": "构建器",
	"description":"构建用于组装更高级单位的材料"
	"health": 1200,
	"canOverdrive": false,
	"minBlockSize": 1,
	"maxBlockSize": 2,
	"size": 2,
	"buildSpeed": 0.2,
	"filter":["坦克RHA钢板",
	      "坦克零件袋"
	     "钛铁复合材料"
	     "航天武器包装"],
	"consumes": {
		"power": 10,	
	},
	"requirements": [
		"silicon/100",
		"铁/150",
		"metaglass/80",
		"thorium/80",
	],
	"category": "units",
	"research": {
		"parent": "基础航空制造厂",
		"objectives": [
			{
				"type": "SectorComplete",
				"preset": "冰原壁垒"
			}
		]
	}
}