{
    "name": "装配模块厂",
    "description": "升级装配等级",
    "type": "UnitAssemblerModule",
   	"health": 4300,
    "size": 5,
     "tier": 1,

    "consumes": {
    "power": 6,
    },

    "requirements": [
    "电工钢/420",
    "铁/860",
    "钛铁合金/300",
    "silicon/520",
    ]

           "category": "units",
         "research": {
    "parent": "基础航空制造厂",
    	"objectives": [
			{
				"type": "SectorComplete",
				"preset": "冰原壁垒"
			}
		]
    },
}
