{
	"name":"化工厂"
	"description": "进行大型化工生产。多方块结构，无法直接建造",
	"health": 360,
	"size": 6,
	"hasPower": true,
	"hasItems": true,
	"hasLiquids":true,
    "drawer": {
        "type": "DrawMulti",
        "drawers": [
            {
                "type": "DrawRegion",
                "suffix": "-bottom"
            },
            "DrawDefault",
            {
                "type": "DrawRegion",
                "suffix": "-spinner",
                "rotateSpeed": 2
                "spinSprite":true
            },
        ]
    },
	"liquidCapacity":480,
	"itemCapacity":50
	"ambientSound": "steam",
	"ambientSoundVolume": 0.5,
	"requirements": [
//	{"item":"没有东西","amount":1}
 	{ "item": "塑料", "amount":2555},
 	{ "item": "metaglass", "amount":400 },
	{ "item": "silicon", "amount":520 }
	{"item":"thorium","amount":240}
	{"item":"titanium","amount":930}
	{"item":"graphite","amount":160}
	],
	"category": "crafting",
	"research":"乙烯聚合厂"

}