{
	"name":"爆炸物工厂"
	"description": "大量生产爆炸性混合物",
	"health": 360,
	"size": 2,
	"hasPower": true,
	"hasItems": true,
	"hasLiquids":true,
	"drawer": {
        "type": "DrawMulti",
        "drawers": [
            {
                "type": "drawRegion",
                "suffix": "-bottom"
            },
		{
		   "type":"DrawLiquidTile",
		"drawLiquid":"硝酸"
		},		
		{
		   "type":"DrawLiquidTile",
		"drawLiquid":"生物质"
		},		
		{
		   "type":"DrawLiquidTile",
		"drawLiquid":"硫酸"
		},		
      {
        "type": "DrawBubbles",
        "color": "ebebeb",
        "sides": 10,
        "recurrence": 3,
        "spread": 6,
        "radius": 1.5,
        "amount": 20
      },
        "DrawDefault",
        ]
    }
	"liquidCapacity":60,
	"itemCapacity":10
	"requirements": [
		{ "item": "塑料", "amount":100 },
		{"item":"titanium","amount":50}
		{"item":"lead","amount":50}
		{"item":"silicon","amount":80}
	],
	"category": "crafting",
	"research":"化工厂"

}