{
	"name": "硝基炸药混合器",
	"description": "将多种化工原料混合生产硝基炸药",
	"itemCapacity":20,
	"health":1000,
	"size":3,
	"hasPower": true,
	"hasLiquids": true,
	"hasItems": false,
	"craftTime":120,
	"craftEffect": "neoplasiaSmoke",
	"updateEffect": "plasticburn",
	"consumes": {
		"power":4,
		"liquids": {
		    "liquids":[
		    	{"liquid": "芳香烃","amount":0.5}
		        {"liquid": "硝酸","amount" : 0.5}
		        {"liquid": "硫酸","amount":0.25}
	        ]
},
	}
  	"liquidCapacity": 80,
  	"explodeOnFull":true
	"outputItem": { "item": "硝基炸药","amount": 2},
	"requirements": [
		{ "item": "塑料","amount":600},
		{"item":"钨","amount":100},
		{"item":"单晶硅","amount":500},
		{"item":"metaglass","amount":150},
		{"item":"铱","amount":200},
	],
	"category": "crafting",
	"research": {
		"parent": "化工厂",
		"objectives": [
			{
				"type": "SectorComplete",
				"preset": "impact0078"
			}
		]
	}
}