{
"name":"云雀"
"type":"flying"
"research":"空军单位工厂",
"description":"小型轰炸机，具有高机动性和数量优势。",
"details":"自由无畏，我心高飞。"
"health":180
"speed":2
"accel":0.08
"drag":0.016
"flying":true
"hitSize":12
"targetAir":false
"engineOffset":5
"lowAltitude":false,
"range":40
"faceTarget":true
"armor":0
"targetFlags":["battery","generator"]//ai攻击目标
"circleTarget":true//环形轰炸路径
"weapons":[
    {
    "name":"空"//武器名
    "minShootVelocity":0.75
    "x":0
    "y":0
    "reload":60
    "shootCone":180
    "ejectEffect":"none"
    "inaccuracy":15
    "ignoreRotation":true
    "shootSound":"none"
    "bullet":{
        "type":"BombBulletType"
        "sprite":"野性之心-star",//子弹贴图
		"spin": 8,//子弹旋转速度
		"shrinkY": 0,"shrinkX": 0,//子弹变形程度
        "splashDamage":64,
        "splashDamageRadius":36
        "width":16
        "height":16
        "status": "blasted",//附加效果
        "backColor":"fdb933",
		//子弹边缘颜色
		"frontColor":"d5c59f",
		//子弹中心颜色
        "hitEffect":{
           "type":"multiEffect",
"effects":[
		"flakExplosion",
		{
"type":"ParticleEffect",
"region": "野性之心-star",//贴图
"lifetime": 30,"offsetX":0,
"colorFrom":"d5c59f",//开始时颜色
"colorTo":"d5c59f",//结束时颜色
"particles":4,//粒子数量
"randLength":true,//兰德长度？
"cone":360,//粒子扩散角度
"length":-24,//粒子移动长度
"baseLength":2,//粒子在一定长度内出现
"useRotation":true,//使用旋转
//"line":true,//形状为方形
"sizeFrom":6,//圆形从开始大小//粒子大小？？
"sizeTo":0,//圆形至结尾大小
}]},
        "shootEffect":"none"
        "smokeEffect":"none"
        "buildingDamageMultiplier":0.5,//建筑杀伤倍率
    }
    }
    ]
}