{
	"name":"雨燕",
	"description":"小型歼击机，子弹能在目标间弹跳，适合对付扎堆的敌人。"
	"details":"……骑脸怎么输？！"
    "health":400,
	"hitSize":16,
	//碰撞箱
    "rotateSpeed":6,
    //转身速度
    "itemCapacity":20,
    //物品容量
    "canDrown":false,
    //能否被淹死
    "buildSpeed":0,
    //建筑速率
    "type":"flying",
    //空军类型
    "flying":true,
    //是否飞行
    "speed":1.6,
    //移速
    "accel":0.08,//加速
	"drag":0.02,//拖曳
    "lowAltitude":false,
    "engineSize":2.5,
    //引擎尺寸
    "engineOffset":7,
    //引擎偏移
    "armor":1,
    //护甲
    "range":160//攻击距离
    "research":"1-云雀",
    "targetFlags":["factory","generator"]//ai攻击目标
"weapons":[
            {
            "name":"雨燕武器左",
            "mirror":true,
            "y":0,
            "x":0,
            "top":false,//在顶端
            "shootX":-4,
            "reload":45,
            //射速
            "recoil":0.75,
            //后坐力
            "shake":0,
            //屏幕摇晃
            "shootSound": "shoot",
            "rotate":false,
            "alternate":false,//轮流射击
            "bullet": {
                "type": "BasicBulletType",
                "damage":24,
                "buildingDamageMultiplier":0.5,
                "smokeEffect": "shootSmallSmoke",
                "sprite":"bullet",//子弹贴图
			"spin": 0,//子弹旋转速度
			"shrinkY": 0,"shrinkX": 0,//子弹变形程度
			"pierce":true,//穿透
			"pierceCap":3,//穿透数量
			"pierceBuilding":true,//穿透建筑
			"homingDelay":12,//跟踪延迟
			"homingRange":40,//跟踪半径
	        "homingPower":20,//跟踪力度（1=3000度）
			"speed": 5,
			"lifetime":30,
			"width":10,	"height":12,//宽长度
			"ammoMultiplier":2,			                 "backColor":"fdb933",
			//子弹边缘颜色
			"frontColor":"d5c59f",
			//子弹中心颜色
			"trailLength": 5,
            "trailWidth": 1.8,
			"trailColor":"ffc20e",
			//尾迹颜色
			"shootEffect": "shootSmall"},
            }
        ]
}