{
    "localizedName": "陨星平原",
    "name": "ab陨星平原",
    "description": "星辰陨落形成的神秘地带，将在此展开一场充满未知与挑战的星际探险。",
    "planet": "菲普利亚",
    "sector": 352,
    "captureWave": 28,
    "difficulty": 2,
    "alwaysUnlocked": false,
    "research": {
        "parent": "aa异域峡谷",
        "objectives": [
            {
                "type": "SectorComplete",
                "preset": "aa异域峡谷"
            }
        ]
    }
}