{
    "localizedName": "蜿蜒地带",
    "name": "ac蜿蜒地带",
    "description": "蜿蜒地带，战略要地，历史上战争频发，地形复杂多变，见证无数战役硝烟。",
    "planet": "菲普利亚",
    "sector": 353,
    "captureWave": 25,
    "difficulty": 2,
    "alwaysUnlocked": false,
    "research": {
        "parent": "ab陨星平原",
        "objectives": [
            {
                "type": "SectorComplete",
                "preset": "ab陨星平原"
            }
        ]
    }
}