{
  "name": "增强工业-136",
  "author": "[#53ACFF]残影旧梦       画部分贴图的 : 绿帽子协会会长    友情提供了贴图的:Carrot
  "description":"原版增强MOD哦，借用了点代码，与贴图改了改。。。贴图来自新世界，食品工厂，机械主义，晶与尘之星，星辰科技，生物工业，EAX能源，辅助工业，morething，终末纪元，清词改的起步工具，机械文明，先进物流，colloseus，exogenesis，星系MOD染了个色诶嘿。[侵权必删]"
    "version":终-136-1.2
    "minGameVersion":136
}