{
  "type": "PowerNode",
  "requirements": [ "plastanium/20","quartz/12" ],
  "category": "defense",
  "research": "advanced-plastanium-wall",
  "health": 2200,
  "researchCostMultiplier": 0.2,
  "insulated": true,
  "absorbLasers": true,
  "schematicPriority": 10,
  "size": 2,
  "laserRange": 6,
  "maxNodes": 4,
  "autolink": false,
  "laserColor2": "cbd97f",
  "solid": true,
  "buildCostMultiplier": 6,
  "group": "walls",
  "crushDamageMultiplier": 5,
  "canOverdrive": false,
  "drawDisabled": false,
  "priority": -2,
  "conductivePower": false,
  "allowRectanglePlacement": true,
  "shownPlanets": [ "serpulo","cyclant" ]
}