{
  "type": "RegenProjector",
  "requirements": [ "fibralt/24","silicon/16" ],
  "range": 2,
  "healPercent": 0.1,
  "consumes": {
    "power": 0.066666667
  },
  "conductivePower": true,
  "size": 2,
  "category": "defense",
  "solid": true,
  "buildCostMultiplier": 6,
  "group": "walls",
  "crushDamageMultiplier": 5,
  "canOverdrive": false,
  "drawDisabled": false,
  "priority": -2,
  "health": 2600,
  "hasPower": true,
  "effectChance": 0,
  "baseColor": "90dbff",
  "drawer": {
    "type": "DrawMulti",
    "drawers": [
      { "type": "DrawDefault" },
      {
        "type": "DrawShape",
        "layer": 100,
        "radius": 3.5,
        "useWarmupRadius": true,
        "timeScl": 2,
        "color": "90dbff"
      }
    ]
  },
  "research": "fibralt-wall"
}