{
  "type": "Door",
  "requirements": [ "chromium/40","silicon/10" ],
  "category": "defense",
  "research": "silicide-wall",
  "health": 4000,
  "armor": 3,
  "size": 2,
  "researchCostMultiplier": 0.1,
  "crushDamageMultiplier": 1,
  "doorSound": "none",
  "openfx": {
    "type": "SoundEffect",
    "sound": "si2DoorOpen",
    "minPitch": 1,
    "maxPitch": 1,
    "effect": "dooropen"
  },
  "closefx": {
    "type": "SoundEffect",
    "sound": "si2DoorClose",
    "minPitch": 1,
    "maxPitch": 1,
    "effect": "doorclose"
  },
  "chainEffect": true
}