{
  "type": "ShieldWall",
  "shieldHealth": 1200,
  "breakCooldown": 240,
  "regenSpeed": 2.5,
  "lightningChance": 0.3,
  "consumes": {
    "power": 0.15
  },
  "hasPower": true,
  "conductivePower": true,
  "consumesPower": true,
  "research": "blocking-wall",
  "size": 2,
  "category": "defense",
  "shownPlanets": [ "serpulo","cyclant" ],
  "requirements": [
    "surge-alloy/30","phase-fabric/5","silicon/5"
  ],
  "health": 3880,
  "armor": 4,
  "outputsPower": false,
  "lightningDamage": 40,
  "ambientSoundVolume": 0.06,
  "ambientSound": "shield"
}