{
	"type": "GenericCrafter",
	"name": "莫比乌斯石墨压缩机",
    "displayName":"莫比乌斯石墨压缩机",
	"description": "利用莫比乌斯燃料，加强石墨生产的效率",
	"outputItem": { "item": "graphite", "amount": 4},
	"size": 2,
	"hasPower": true,
	"hasLiquids": false,
	"hasItems": true,
	"craftTime": 45,
	"itemCapacity": 40,
	"drawer":{
        "type":"DrawMulti",
        "drawers":[
            "DrawDefault",
		{"type":"DrawFrames",
		"frames":4,
		"frameSpeed":4.2857,
		"sine":true,}
            ]
    },
	"consumes": {
    "items": {
            "items": [
            "coal/1"
            ]
		},
                 },
"requirements": [
"copper/220","lead/220","graphite/180","metaglass/180","莫比乌斯燃料/5"	],
	"category": "crafting",
	"research": "graphite-press"
}