{
	"type": "AttributeCrafter",
	"name": "莫比乌斯硅冶炼厂",
    "displayName":"莫比乌斯科技硅冶炼厂",
	"description": "使用莫比乌斯燃料代替煤冶炼硅，只需要输入沙子即可",
	"outputItem": { "item": "silicon", "amount": 4},
	"size": 2,
	"hasPower": true,
	"hasLiquids": false,
	"hasItems": true,
	"craftTime": 40,
	"itemCapacity": 20,
	"maxBoost":2,
	"craftEffect":"smeltsmoke",
	"drawer":{
        "type":"DrawMulti",
        "drawers":[
            "DrawDefault",
//    {"type":"DrawFlame",
//    "flameColor":"FBFF00FF"}
    {"type":"DrawArcSmelt"
    "circleSpace":0.5,
    "particleLen":3,
    "particles":1,
    "particleRad":4
//    "alpha":2
    }
    {
    "type": "DrawRegion",
    "suffix": "-顶"
    },
            ]
    },
	"consumes": {
    "power":25,
    "items": {
            "items": [
            "sand/2"
            ]
		},
                 },
"requirements": [
"titanium/150","graphite/180","silicon/180","metaglass/180","莫比乌斯燃料/5"	],
	"category": "crafting",
	"research": "silicon-smelter"
}