{
	"type": "GenericCrafter",
	"name": "莫比乌斯塑钢压缩机",
	"description": "利用莫比乌斯燃料，在仅充入石油的情况下生产塑钢",
	"details":"莫比乌斯燃料是块砖，哪里需要哪里搬"
	"outputItem": { "item": "plastanium", "amount": 4},
	"size": 2,
	"hasPower": true,
	"hasLiquids": true,
	"hasItems": true,
	"craftTime": 60,
	"itemCapacity": 30,
    "liquidCapacity":90,
    "updateEffect" : {	
    "type": "ParticleEffect",
    "particles": 2,
    "baseLength": 1,
    "length":5,
    "lifetime": 6,
    "spin":9,
    "sizeFrom": 1,
    "sizeTo": 1,
	"colorFrom": "e9ead3",
	"colorTo": "808080"
    "cone":360 },
	"consumes": {
    "power":45,
        "liquid": "oil/0.25"
                 },
"requirements": [
"titanium/150","graphite/180","silicon/180","plastanium/120","surge-alloy/120","莫比乌斯燃料/15"
	],
	"category": "crafting",
	"research": "plastanium-compressor"
}