{
    "name":"铼",//名字
    "description":"高强度，高耐磨金属,质地坚硬，化学性质极为稳定\n用于合成铼铱合金",//介绍
    "details":"地心炼骨出尘难，万矿凝精始见铼。\n耐得千熔身愈韧，堪随单晶翼凌霄。\n不争金银人间贵，暗铸星舟天外锚。\n莫道稀微无大用，高温合金自昂霄",
    "color":"99e0ff",//物品源颜色
    "explosiveness":0
    "flammability":0
    "radioactivity":0
    "hardness":4
    "charge":0
    "cost":0
    "alwaysUnlocked":false,
    "research":	"titanium"
}