{
    "name":"相位能",//名字
    "description":"用于弹药,.建筑或者发电",//介绍,//介绍
    "details":"空  间  奥  秘\n\n\n幽弦一振破常纲，暗借空维筑短梁。\n寸隙能藏星海阔，微漪自转月轮凉。\n未同光速争先手，却向时痕觅旧章。\n莫道此能堪裂宇，人间犹恐负天狂。",//战役中解锁后最底下的介绍（？）
    "color":"fff700",//物品源颜色
    "explosiveness":5
    "flammability":3.2
    "radioactivity":3.5
    "frames":12
    "hardness":1
    "charge":3
    "cost":1
    "frameTime":1.2
    "alwaysUnlocked":false,
    "research":"聚变能"
}