{
    "name":"聚变能",//名字
    "description":"用于合成,弹药或者发电",//介绍
    "details":"恒  星  本  源\n\n\n星火囚牢起炽芒，翻将沧海煮洪荒。\n九霄日魄收壶底，万古阳乌化烛光。\n不向尘寰争寸土，敢从微末竞天纲。\n一朝解缚银河裂，为借金乌补八荒。"
    "color":"98eaff",//物品源颜色
    "explosiveness":2
    "flammability":2.5
    "radioactivity":2.5
    "frames":5
    "hardness":1
    "charge":1
    "cost":1
    "alwaysUnlocked":false,
    "research":"thorium"
}