{
    "name":"锎",//名字
    "description":"具有强烈放射性,作为核燃料或弹药使用",//介绍
    "details":"一克曾倾万国藏，微尘裂夜绽星芒。\n不随铀钚争雄长，独向幽冥夺焰光。\n身寄周期表外客，魂销癌阵死生场。\n莫言此物天难载，粒粒堪量世重轻。",
    "color":"66a7e8",//物品源颜色
    "explosiveness":0
    "flammability":0
    "radioactivity":2.5
    "hardness":0
    "charge":0
    "cost":0
    "frameTime": 1.5
    "alwaysUnlocked":false,
    "research":"thorium"
}