{
    "speed":0.35,
    "hitSize":18,
    "name": "重刃",
    "health":8500,
    "description":"进行了再次更改 ，血量以及攻击方式更改 ",
    "itemCapacity":50,
            "rotateSpeed":2,
    "armor":12,
    "type": "mech",
    "canBoost":false,
    //能否使用推进器飞行
    // "landShake":1,
    // //着陆震动
    // "riseSpeed":2,
    // //双腿收起速度
    // "engineSize":2,
    // //引擎尺寸
    // "engineOffset":4,
    // //引擎偏移
    // "boostMultiplier":1.75,
    // //飞行速度
      	"range": 200,
    "research": "次刀",
    "weapons": [
        {
            "name": "重甲机炮",
            "reload":7,
            "x":11,
            "y":0,
            "top": false,
            "ejectEffect": "casing1",
            "bullet": {
                "type": "BasicBulletType",
                "damage":48,
                  "sprite":"压缩重工业-重甲弹"
                "speed":4,
                "width":8,
                "height":16,
                "lifetime":40,
                "shootEffect": "shootSmall",
                "smokeEffect": "shootSmallSmoke",
                "ammoMultiplier": 1.2
            }
        },
        {
			"name":"尖刀SG导弹",
			//武器贴图的名字
			"top":false,
			"x":4,
			"y":0,
			"shootSound":"missile",
			"reload":35,
			"bullet":{
				"damage":81.5,
				"splashDamage":53.6,
                //范围伤害
                "splashDamageRadius":16,
                //范围伤害半径(8:1)
                "status":"blasted",
                "width":8,
                //子弹宽度
                "height":12,
                //子弹长度
				"speed":7,
				"hitEffect":"flakExplosion",
				"lifetime":40,
    			"type":"MissileBulletType"
    			//导弹的type
    			"homingPower":2,
    			//追踪力度
    			"trailChance":0.4
    			//尾迹产生频率
				}
		},
    ]
    	"abilities":[
    		{
			"type": "ForceFieldAbility",
    		"radius":22,
    		//范围
    		"regen":0.3,
    		//每帧盾容回复量
    		"max":300,
    		//盾容
    		"cooldown":800
    		//被击破后的冷却(8/1s)
		},
	{"type":"ShieldRegenFieldAbility",//护盾再生场
	"amount":400//再生值
	 "max":400
	"reload":300//间隔时间（帧）
	"range":44//范围
	}
	],
}