{
	"name": "气动钻机",
	"description": "放置在矿物上以进行挖掘。\n利用蒸汽推动进行挖掘，拥有更快的速度并能够挖掘金矿。\n起始速度较慢，需要输入液体来提高挖掘速度。",
	"details":"三十年河东，三十年河西，莫欺气动穷！",
	"type": "Drill",
	"size": 2,
	"tier": 3,//等级
	"health": 500,
	"drillTime": 300,//挖掘时间（60*钻机占格/挖掘时间=挖掘物品/s）
	"rotateSpeed":2,//旋转速度
	"warmupSpeed":4,//准备时间
	"itemCapacity": 10,//物品容量
	"liquidCapacity": 10,  //液体容量
	"canOverdrive": true,
	"drawRim":false,
	"hasItems": true,
	"updateEffect": "mineSmall",
	"liquidBoostIntensity": 1.4166666,//该值的平方是液体加速倍率
	"consumes": {
	"liquid": {
       "liquid": "water",
       "amount": 0.1,
       "booster": true,
       "optional": true
        }
	},
	"requirements": [
		{ "item": "钢铁", "amount": 6 },
		{ "item": "metaglass", "amount": 2 },
	],
	"category": "production",
	"research": "a螺旋钻机"
}