{

//copper 铜 lead 铅 coal 煤 spore-pod 孢子荚
//graphite 石墨 silicon 硅 titanium 钛 thorium 钍
//plastanium 塑钢 surge-alloy 巨浪合金 phase-fabric 相织布
//pyratite 硫 blast-compound 爆炸混合物 metaglass 钢化玻璃

	"type":"GenericCrafter",
	//如果将type改为GenericSmelter则需要一个后缀-top的发热贴图
	"name":"烘干机",
    "updateEffect": "smoke",//特效
	"outputItem":"sand/1",//产出
	"health":200,
	 "hasItems":true,//可存物品
     "hasPower":true,//可存电
     "itemCapacity": 10,//容量
    "updateEffect":{
           "type":"multiEffect",
"effects":[
		{
"type":"ParticleEffect",
"lifetime": 60,"offsetX":0,
"colorFrom":"D3AE8DFF20",//开始时颜色
"colorTo":"D3AE8DFF10",//结束时颜色
"particles":4,//粒子数量
"randLength":true,//兰德长度？
"cone":360,//粒子扩散角度
"length":4,//粒子移动长度
"baseLength":4,//粒子在一定长度内出现
"useRotation":true,//使用旋转
"sizeFrom":1.6,//圆形从开始大小//粒子大小？？
"sizeTo":1,//圆形至结尾大小}
}
{
"type":"ParticleEffect",
"lifetime": 60,"offsetX":0,
"colorFrom":"F7CBA4FF20",//开始时颜色
"colorTo":"F7CBA4FF10",//结束时颜色
"particles":4,//粒子数量
"randLength":true,//兰德长度？
"cone":360,//粒子扩散角度
"length":4,//粒子移动长度
"baseLength":4,//粒子在一定长度内出现
"useRotation":true,//使用旋转
"sizeFrom":1.6,//圆形从开始大小//粒子大小？？
"sizeTo":1,//圆形至结尾大小}
}
]},
	"craftTime":120,
	//生产时间60:1
	"description":"将地下的淤泥缓慢烘干为沙子。"
	"size":2,
	"consumes":{
		"power":0.5}
		//耗电公式为：1=60
	"requirements":[
		"copper/50"
		"graphite/20"
	]//消耗
	"research":"b气动钻机",
    "drawer":{
		"type":"DrawMulti",
		"drawers":[
		{"type":"DrawDefault"},
		{"type":"DrawFlame"}
		]//发光特效
	}
	"lightColor":"ffccff"
	//科技树中位于合金工厂的后面
	//加工特效，目前为石墨的特效
	"category":"production"
	//在建筑菜单中位于钻头子页面
	
	//turret 炮塔子页面 production 钻头子页面 
	//defense 墙子页面 power 电力子页面
	//logic 逻辑子页面 units 单位子页面
	//liquid 液体子页面 distribution 传送带子页面
	//effect 修复仪子页面
}