{
   "description": "融合了巨型板制墙的所有功能，且在子弹反弹上进行强化了。并且还拥有比巨浪合金墙更强大的闪电",
   "requirements": [
      "钛板/95",
      "铜板/50",
      "铅板/45",
      "titanium/35",
      "surge-alloy/40",
      "phase-fabric/30"
   ],
   "insulated": true,
   "absorbLasers": true,
   "category": "defense",
   "chanceDeflect": 40,
   "lightningChance": 0.20,
   "size": 4,
   "health": 9800,
   "armor": 5,
   "flashHit": true,
   "research": {
      "parent": "大型板制墙",
      "requirements": [
         "qwe/750"
      ]
   }
}