{
    "name":"凝结"
    "description":"该单位遭到冷冻，移动速度和攻击速度均减慢。"
	"permanent":false
	//如果为ture
	//这个状态永远存在于此单位身上，除非单位死亡
	//如果为false 则没有永远存在的效果
	"damageMultiplier":1,
	//攻击力倍率（数值越大，攻击力越高）
	"healthMultiplier":1,
	//血量倍率（数值越大，血量最大上限越高）
	"speedMultiplier":0.5,
	//速度倍率（数值越大，移动越快）
	"reloadMultiplier":0.75,
	//射速倍率（数值越大，射速越快）
	"disarm":false,
	//是否解除武装
	"show":true,
	//是否显示
	"reactive":false//此效果将仅与其他效果反应无法应用
	"color":"90D7EC"//状态颜色
	"effect": {
	    "type":"ParticleEffect"
	    "particles":3
	    "length":12
	    "lifetime":60
	    "sizeFrom":3
	    "sizeTo":0
	    "colorFrom":"90D7EC"
	    "colorTo":"90D7EC90"
	    "region": "野性之心-x",
	}
	//效果
	"effectChance":0.05
	//效果数量（数值越大,效果越多越密集）
}