{
	"type": "GenericCrafter",
	"name": "中子浸入合金仪",
	"description": "以中子流体改变钛的性质以此来生产合金",
	"itemCapacity":180,
	"flameColor": "d0b0ff",
	"health":800,
	"size":5,
	"hasPower": true,
	"hasLiquids": true,
	"hasItems": true,
	"craftTime":60,
	"updateEffect": {
	"type": "MultiEffect"
        "lifetime": 60
        "effects": [
          {
            "type": "WaveEffect"
            "sizeFrom": 0
            "sizeTo": 20
            "lifetime": 60
            "sides":6
            "colorFrom": "FFFFFF"
            "colorTo": "FFFFFF"
            "strokeFrom": 5
            "strokeTo": 0
          }
         {
            "type": "WaveEffect"
            "sizeFrom": 0
            "sizeTo": 20
            "lifetime": 60
            "sides":6
            "rotation":30
            "colorFrom": "FFFFFF"
            "colorTo": "FFFFFF"
            "strokeFrom": 5
            "strokeTo": 0
          }
        ]
      }
	"consumes": {
		"power":200,
		"items": {
			"items": [
				{ "item": "titanium", "amount": 60 }
			]
},
		"liquid": {
			"liquid": "中子流体",
			"amount": 0.2
		}
	},
  	"liquidCapacity": 240,
	"outputItem":{ "item": "surge-alloy", "amount": 60},
	"requirements": [
		{ "item": "lead", "amount": 750 },
        { "item": "metaglass", "amount": 550 },
        { "item": "plastanium", "amount": 600 },
       { "item": "thorium", "amount": 500 },
       	{ "item": "surge-alloy", "amount": 400},
		{ "item": "copper", "amount": 400 },
		{ "item": "silicon", "amount": 805 },
		{ "item": "titanium", "amount": 250 },
		{ "item": "graphite", "amount": 520 },
		{ "item": "钛晶", "amount": 560 }
	    { "item": "离子合金", "amount": 250 }
	],
	"category": "crafting",
	"research": "duo",
	"idleSound": "respawning",
	"idleSoundVolume": 0.5
}