{
	"type": "GenericCrafter",
	"name": "分子混合塑钢压缩机",
	"description": "用水把煤还原成石油，使更多地方可以使用，把石油均匀分布在钛中形成塑钢。",
	"itemCapacity":120,
	"flameColor": "d0b0ff",
	"health":800,
	"size":4,
	"hasPower": true,
	"hasLiquids": true,
	"hasItems": true,
	"craftTime":15,
	"updateEffect": "reactorsmoke",
	"consumes": {
		"power":4,
		"items": {
			"items": [
				{ "item": "coal", "amount": 4 },
				{ "item": "titanium", "amount": 4 }
			]
},
		"liquid": {
			"liquid": "water",
			"amount": 0.1
		}
	},
  	"liquidCapacity": 24,
	"outputItem": { "item": "plastanium", "amount": 4 }
	"requirements": [
		{ "item": "lead", "amount": 75 },
        { "item": "metaglass", "amount": 55 },
		{ "item": "copper", "amount": 40 },
		{ "item": "silicon", "amount": 85 },
		{ "item": "titanium", "amount": 125 },
		{ "item": "graphite", "amount": 125 },
		{ "item": "钛晶", "amount": 125 }
	],
	"category": "crafting",
	"research": "duo",
	"idleSound": "respawning",
	"idleSoundVolume": 0.5
}