{
     "type":"GenericCrafter",
     "name":"线性爆炸混合器",
     "description":"多线程混合爆混，以煤代替孢子荚，实用性更好",
     "outputItem": { "item": "blast-compound", "amount": 5},
	"size":3,
	"hasPower": true,
		"hasLiquids": true,
		"itemCapacity":200,
	"hasItems": true,
	"craftTime": 15,
	"updateEffect": "smeltsmoke",
	"consumes": {
		"power": 15
		"items":{
		"items":[
		{"item":"coal","amount":4}
		{"item":"pyratite","amount":4}
		]
		}
		"liquid": {
			"liquid": "slag",
			"amount": 0.2
		}
}
        "requirements": [
		{ "item": "lead", "amount": 500 },
		{ "item": "copper", "amount": 500 },
		{ "item": "silicon", "amount": 200 }
        { "item": "钛晶", "amount": 250 }
		{ "item": "graphite", "amount": 500 },
		{ "item": "titanium", "amount": 500 },
	],
	"category": "crafting"
"idleSoundVolume":0.5
"research": "duo"
}
	
     
		
     