{
	"type": "GenericCrafter",
	"name": "神荀彧",
	"description": "文明的结晶 增强工业最终之作",
	"itemCapacity":1,
	"flameColor": "d0b0ff",
		"buildCostMultiplier": 100000,
	"health":80000,
	"size":7,
	"hasPower": true,
	"hasLiquids": true,
	"hasItems": true,
	"craftTime":10,
	"updateEffect": "none",
	"drawer":{
        "type":"DrawMulti",
        "drawers":[
            "DrawDefault",
			"DrawFlame"
            ]
    },
	"consumes": {
		"power":10000,
		"items": {
			"items": [
				{ "item": "离子合金", "amount": 80 },
				{ "item": "钛晶", "amount": 100 }
				{ "item": "thorium", "amount": 100 },
		        { "item": "plastanium", "amount": 100 },
		        { "item": "titanium", "amount": 100 },
		        {"item":"phase-fabric","amount":100},
		        { "item": "surge-alloy", "amount": 100},
		        { "item": "中子合金", "amount": 40 }
			]
},
		"liquid": {
			"liquid": "中子流体",
			"amount": 10
		}
	},
  	"liquidCapacity": 2000,
	"outputItem": { "item": "超核", "amount": 1 }
	"requirements": [
		{ "item": "thorium", "amount": 5000 },
		{ "item": "plastanium", "amount": 6000 },
		{ "item": "silicon", "amount": 6000 },
		{ "item": "graphite", "amount": 6000 },
		{ "item": "titanium", "amount": 5000 },
		{ "item": "copper", "amount": 10000 },
		{ "item": "lead", "amount": 10000 }, 
		{"item":"phase-fabric","amount":4000},
		{ "item": "surge-alloy", "amount": 4000},
	    { "item": "离子合金", "amount": 2500 }
	    { "item": "钛晶", "amount": 5000 }
	    { "item": "中子合金", "amount": 4000 }
	],
	"category": "crafting",
	"research": "duo",
	"idleSound": "respawning",
	"idleSoundVolume": 0.5
}