{
     "type":"GenericCrafter",
     "name":"高温玻璃烧制厂",
     "description":"用更高的温度减少了浪费，提升产率.",
     "outputItem": { "item": "metaglass", "amount": 4},
	"size":3,
	"hasPower": true,
	"hasLiquids": true,
	"hasItems": true,
	"craftTime": 15,
	"updateEffect": "smeltsmoke",
	"consumes": {
		"power": 5
		"items":{
		"items":[
		{"item":"sand","amount":4}
		]
		}
		}
        "requirements": [
		{ "item": "lead", "amount": 50 },
		{ "item": "copper", "amount": 150 },
		{ "item": "silicon", "amount": 50 }
,
		{ "item": "graphite", "amount": 50 },
		{ "item": "titanium", "amount": 50 },
	],
	"category": "crafting"
"idleSoundVolume":0.5
"research": "duo"
}