{
	"type": "flying",
	"name": "突刺",
	"description": "以牺牲护甲与血量为代价,换取高移速。对附近的敌人进行狂轰乱炸，虽伤害较低。",
	"targetFlags":["generator","battery","turret","core"],
	"speed":3.34,	
	"drag":0.05,"accel":0.1,
	"rotateSpeed":3,
	"ammoType":{
	"type":"PowerAmmoType",
	"totalPower":100},
	"ammoCapacity": 300,
	    "health": 1350,
	"hitSize":16, 
	"flying": true,
	"faceTarget": false,
		"circleTarget": true,
	"armor":4,
	"engineOffset": 6,
	"engineSize": 3,
	"itemCapacity": 0,
	"engines": [
		{
			"x": 0,
			"y": -9,
			"radius": 2.5,
			"rotation": -55
		},
	],
		"weapons":[
	{	"name": "无",	
		"minShootVelocity": 1.5,
		"reload": 60, 
	"shoot":{
	"shots":3,
	"shotDelay":4},
		"x": 0,  "y": 0,
		"ignoreRotation":true,
		"rotate": true,
		"shootCone":120,
		"inaccuracy": 15,
		"mirror": false,
		"shootSound": "none",
		"bullet":{   
		"collidesAir": false
    "collidesGround": true,
	"type":"BombBulletType",
	"damage":20,
	"splashDamage":40,
	"splashDamageRadius":20,
	"incendAmount": 1,
	"incendSpread": 16,
	"incendChance": 0.005,
	"lifetime":20,
	"speed":1
	"width":9,	 "height":15,
	"shootEffect":"none",
	"smokeEffect": "none", 
	"hitEffect":"flakExplosion",
	"despawnEffect":"flakExplosion"
	}	}
	{
		"name": "空1-1",
			"x": 0,
			"mirror": false,
			"shootY": 3.5,
			"reload": 17,
			"rotate": false,
			"shootCone": 15,
			"recoil": 0,
			"shootSound": "missile",
			"heatColor": "c0ecff",
			"cooldownTime": 20,
			"shoot": {
				"type": "ShootPattern",
				"firstShotDelay": 7.5
			},
			"parts": [
				{
					"type": "ShapePart",
					"progress": "warmup",
					"color": "c0ecff",
					"layer": 100,
					"circle": true,
					"hollow": false,
					"radius": 0.6,
					"radiusTo": 1.5,
					"x": 0,
					"y": 3.5
				}
			],
			"bullet": {
				"type": "PointBulletType",
				"trailSpacing": 3,
				"trailEffect": {
					"type": "MultiEffect",
					"effects": [
						{
							"type": "ParticleEffect",
							"particles": 1,
							"length": 0,
							"baseLength": 1,
							"lifetime": 7.5,
							"line": true,
							"randLength": false,
							"lenFrom": 3.3,
							"lenTo": 3.3,
							"strokeFrom": 1.2,
							"strokeTo": 0,
							"colorFrom": "c0ecff",
							"colorTo": "c0ecff",
							"cone": 0
						},
						{
							"type": "ParticleEffect",
							"particles": 1,
							"sizeFrom": 1,
							"sizeTo": 0,
							"length": 0,
							"baseLength": 3,
							"lifetime": 15,
							"colorFrom": "c0ecff",
							"colorTo": "c0ecff"
						}
					]
				},
				"buildingDamageMultiplier": 0.68,
				"damage": 25,
				"lifetime": 10,
				"speed": 16,
				"splashDamageRadius": 30,
				"splashDamage": 5,
				"status": "freezing",
				"statusDuration": 240,
				"chargeEffect": {
					"type": "ParticleEffect",
					"particles": 2,
					"sizeFrom": 0,
					"sizeTo": 1.3,
					"length": -35,
					"baseLength": 35,
					"lifetime": 55,
					"colorFrom": "c0ecff",
					"colorTo": "c0ecff"
				},
				"shootEffect": {
					"type": "WaveEffect",
					"lifetime": 15,
					"sizeFrom": 1,
					"sizeTo": 15,
					"strokeFrom": 1,
					"strokeTo": 0,
					"colorFrom": "c0ecff",
					"colorTo": "c0ecff"
				},
				"smokeEffect": "none",
				"hitSound": "explosion",
				"hitEffect": {
					"type": "MultiEffect",
					"effects": [
						{
							"type": "ParticleEffect",
							"particles": 8,
							"sizeFrom": 2,
							"sizeTo": 0,
							"length": 35,
							"baseLength": 0,
							"lifetime": 25,
							"interp": "pow5Out",
							"colorFrom": "c0ecff",
							"colorTo": "c0ecff"
						},
						{
							"type": "WaveEffect",
							"lifetime": 15,
							"sizeFrom": 1,
							"sizeTo": 30,
							"strokeFrom": 3,
							"strokeTo": 0,
							"colorFrom": "c0ecff",
							"colorTo": "c0ecff"
						}
					]
				},
				"despawnEffect": {
					"type": "ParticleEffect",
					"particles": 1,
					"sizeFrom": 4,
					"sizeTo": 0,
					"length": 0,
					"baseLength": 0,
					"lifetime": 26,
					"colorFrom": "c0ecff",
					"colorTo": "c0ecff"
				}
				}
				}
	]
 		"research": {
		"parent": "空军组装厂",
		"requirements": [
			"镍/250",
			"silicon/150"
		]
	},
	"researchCostMultiplier": 10,
}
