{
	"type": "flying",
	"name": "阻拦",
	"description": "虽去除了丢炸弹的能力，但其却有了一定的控制能力",
	"targetFlags":["generator","battery","turret","core"],
	"speed": 2.5,	
	"drag":0.05,"accel":0.1,
	"rotateSpeed":5,
		"payloadCapacity":576,//载荷容量
	"pickupUnits":true,//搬单位
	"ammoType":{
	"type":"PowerAmmoType",
	"totalPower":100},
	"ammoCapacity": 300,
	    "health":18900,
	"hitSize":29, 
	"flying": true,
	"faceTarget": false,
		"circleTarget": true,
	"armor":14,
	"engineOffset": 6,
	"engineSize": 3,
	"itemCapacity": 0,
	"engines": [
		{
			"x": 0,
			"y": -16,
			"radius": 4,
			"rotation": -55
		},
	],
		"weapons":[
		{
			"name": "无1",
			"x": 0,
			"shootY": 3,
			"y":0
			"shootWarmupSpeed":0.12,
			"minWarmup":0.9,
			"reload": 300,
			"recoil": 0,
			"inaccuracy": 0,
			"rotate": false,
			"mirror": false,
				"shoot":{
	"shots":2,
	"shotDelay":4},
			"shootSound": "laserblast",
			"bullet": {
				"shootEffect": {
					"type": "ParticleEffect",
					"particles": 9,
					"interp": "pow10Out",
					"sizeInterp": "pow10In",
					"sizeFrom": 7,
					"sizeTo": 0,
					"length": 35,
					"baseLength": 0,
					"lifetime": 66,
					"colorFrom": "FEEBB3",
					"colorTo": "FEEBB3AA"
				},
				"smokeEffect": "none",
				"despawnEffect": "none",
				"hitEffect": {
					"type": "MultiEffect",
					"effects": [
						{
							"type": "ParticleEffect",
							"particles": 9,
							"sizeFrom": 8,
							"sizeTo": 0,
							"length": 65,
							"baseLength": 9,
							"lifetime": 15,
							"colorFrom": "FEEBB3",
							"colorTo": "FFFFFF",
							"cone": 40
						},
						{
							"type": "WaveEffect",
							"lifetime": 10,
							"sizeFrom": 2,
							"sizeTo": 60,
							"strokeFrom": 5,
							"strokeTo": 0,
							"colorFrom": "FEEBB3",
							"colorTo": "FEEBB3"
						}
					]
				},
				"hitSound": "plasmaboom",
				"shrinkY": 0,
				"width": 38,
				"height": 38,
				"spin": 10,
				"hitSize": 15,
				"sprite": "large-bomb",
				"frontColor": "FEEBB3",
				"backColor": "FEEBB3",
				"trailLength": 13,
				"trailWidth": 4,
				"trailColor": "FEEBB3",
				"speed": 3,
				"lifetime": 120,
				"damage": 80,
				"splashDamageRadius": 80,
				"splashDamage": 20,
				"pierce": true,
				"status": "脆裂",
				"statusDuration": 10,
				"bulletInterval": 2,
				"intervalBullets": 3,
				"intervalRandomSpread": 360,
				"intervalSpread": 16,
				"intervalAngle": 0,
				"intervalBullet": {
					"type": "LightningBulletType",
					"damage": 16,
					"lightningColor": "FEEBB3FAA",
					"hitColor": "FEEBB3AA",
					"lightningLength": 5,
					"lightningLengthRand": 5,
					"hitEffect": "hitLancer",
					"despawnEffect": "none",
					"status": "shocked",
					"statusDuration": 10
				}
			}
			}
			{
			"name":"无2"
			"y":-5,
			"x":0,
			"shootWarmupSpeed":0.12,
			"minWarmup":0.9,
			"reload": 150,
			"recoil": 0,
			"inaccuracy": 0,
			"rotate": false,
			"mirror": false,
				"shoot": {
		"shots": 4,
		"shotDelay": 0,
		"type": "ShootBarrel",
		"barrels": [
		0,-5,2,
		0,-5,-2
		]
	},
			"bullet":
			{
			"height": 35,
		"width": 6,
		"damage": 100,
		"speed": 10,
		"lifetime": 32,
		"splashDamageRadius": 30,
		"splashDamage": 135,
		"statusDuration": 60,
		"status": "干扰",
		"ammoMultiplier": 1,
		"buildingDamageMultiplier": 1,
		"frontColor": "FFFFFF",
		"backColor": "FEEBB3",
		"trailLength": 16,
		"trailWidth": 1.2,
		"trailColor": "FEEBB3",
		"hitSound": "plasmaboom",
		"despawnEffect": "none",
		"hitEffect": {
			"type": "MultiEffect",
			"effects": [
				{
					"type": "ParticleEffect",
					"particles": 5,
					"sizeFrom": 9,
					"sizeTo": 0,
					"length": 0,
					"baseLength": 48,
					"lifetime": 35,
					"colorFrom": "FEEBB380",
					"colorTo": "FEEBB300"
				},
				{
					"type": "ParticleEffect",
					"particles": 12,
					"line": true,
					"strokeFrom": 3,
					"strokeTo": 0,
					"lenFrom": 15,
					"lenTo": 0,
					"length": 53,
					"baseLength": 0,
					"lifetime": 15,
					"colorFrom": "FEEBB3",
					"colorTo": "FEEBB3"
				},
				{
					"type": "WaveEffect",
					"lifetime": 25,
					"sizeFrom": 0,
					"sizeTo": 44,
					"strokeFrom": 3,
					"strokeTo": 0,
					"colorFrom": "FEEBB3",
					"colorTo": "FEEBB3"
				}
			]
		}

			}
			}
					{
			"name": "无3",
			"mirror": false,
			"top": false,
			"rotate": false,
			"x": 0,
			"y": -10,
			"recoil": 0,
			"reload": 60,
			"shootSound": "laser",
			"continuous": true,
			"bullet": {
				"type": "LaserBulletType",
				"damage": 280,
				"buildingDamageMultiplier": 0.5,
				"shootEffect": {
					"type": "ParticleEffect",
					"particles": 5,
					"line": true,
					"strokeFrom": 2,
					"strokeTo": 0,
					"lenFrom": 20,
					"lenTo": 0,
					"length": 50,
					"baseLength": 0,
					"lifetime": 30,
					"colorFrom": "FEEBB3",
					"colorTo": "FFFFFF",
					"cone": 30
				},
				"status": "melting",
				"statusDuration": 600,
				"sideAngle": 135,
				"sideWidth": 1,
				"sideLength": 55,
				"colors": [
					"FEEBB390",
					"FEEBB3",
					"FFFFFF"
				],
				"lifetime": 25,
				"width": 15,
				"length": 330
			}
		}
	]
    "research": "",
    "alwaysUnlocked": true,
	"researchCostMultiplier": 10,
}
