{
	"type": "mech",//类型，写在js里了故此处不写
	"name": "斩杀",//名字
	"description":"二级突击机甲，在带电的等离子战刃能在切割单体敌人的同时放出闪电进行攻击。",//介绍
	"details":"闪电旋风劈！"
	"research": "1-切割",//科技树前置
	"health": 500,//血量
	"armor":3,//防御
	"speed":0.8,//速度
	"hitSize":20,
	"itemCapacity":30,//物品容量
	"range":60
	"weapons": [//武器
		{"name": "斩杀武器",//武器贴图
		        "parts":[
{"type":"RegionPart",
"mirror":false,//是否镜像显示
"x":9,"y":0,//起始位置
"suffix":"-右","layer":60,"moveX":-2,"moveY":9,
"moveRot":55,//移动度数
"progress":"recoil"
}
],
"shoot": {
    "type": "shootBarrel",
    "shots": 1,
    "shotDelay":10,
}
		"mirror":true
		"reload":60,//攻速
		"x":0,"y":0,//位置
		"shootX":0
		"shootY":6
		"top": false,//旋转
		"ejectEffect": "none",//攻击特效
		"shootSound" : "swish",
		"shootStatusDuration":120,
        "shootStatus":"speed",
        "parentizeEffects":true,
		"bullet": {//子弹
			"type": "BasicBulletType",//类型
			"sprite":"野性之心-moon",//子弹贴图
		"shootEffect":"none"
        "smokeEffect":"none"
		"collidesAir": false,//碰撞飞机
		"drag":0.05,//子弹每帧减速。
			"inaccuracy":3,//不准确度
			"damage":60,//单体伤害
			"speed":4,//速度
			"width":28,"height":28,//宽长度
			"lifetime":20,//存在时间
			"backColor":"FFDF2BFF",
			//子弹边缘颜色
			"frontColor":"FFF5BFFF",
			//子弹中心颜色
	"despawnEffect":"none",
"intervalBullets": 2,/*数量间隔子弹*/
"bulletInterval":5,/*子弹间隔*/
"intervalRandomSpread": 0,/*间隔随机传播*/
"intervalSpread": 0,/*间隔排列*/
"intervalAngle": 0,/*间隔角*/
"intervalBullet": {
"type":"LightningBulletType",
"despawnSound":"spark",
"damage":8,
"pierceArmor":false,/*穿甲*/
"lightningLength":6,
"lightningLengthRand":1,
"lightningColor":"FFF5BFFF"/*闪电颜色*/
}
	"hitEffect":{
  	"type":"multiEffect",
"effects":[
{"type":"ParticleEffect",
"region": "野性之心-star2",//贴图
"lifetime": 36,"offsetX":0,
"colorFrom":"FFF5BFFF",//开始时颜色
"colorTo":"FFF5BFFF50",//结束时颜色
"particles":1,//粒子数量
"randLength":true,//兰德长度？
"cone":360,//粒子扩散角度
"length":0,//粒子移动长度
"baseLength":0,//粒子在一定长度内出现
"useRotation":true,//使用旋转
//"line":true,//形状为方形
"sizeFrom":20,//圆形从开始大小//粒子大小？？
"sizeTo":0,//圆形至结尾大小
}
]}
}
}]
}