{
	"name":"彗星",
	"description":"发射微型脉冲闪电弹/n目标建筑：发电机。"
	"hitSize":7,
	//碰撞箱
	// "range": 420,
    "rotateSpeed":4,
    //转身速度
    	//"details":"目标建筑：发电机。"
    "itemCapacity":10,
    //物品容量
    "mass":1000000
    "canDrown":false,
    //能否被淹死
    "circleTarget":true,
     "forceMultiTarget":true,
    "buildSpeed":0,
    //建筑速率
    //"type":"flying",
    //空军
    "flying":true,
    //是否飞行
    "speed":1,
    //移速
    "health":510,
    "lowAltitude":true,
    "engineSize":2.5,
    //引擎尺寸
    "engineOffset":4,
    //引擎偏移
    "armor":3,
    //护甲
    "targetFlags":["generator"]//ai攻击目标
    "research":"",
	"weapons":[
	    		{
			"name":"",
			//武器贴图的名字
			"top":false,
			"mirror":true,
			"alternate":true,
			"x":2,
			"y":0,
			"shootSound":"missile",
			"reload":20,
			"recoil":0,
			//后坐力
			"bullet":{
				"damage":18,
                "width":2,
                //子弹宽度
                "height":8,
                //子弹长度
				"speed":5,
				//"hitEffect":"none",
				   "hitEffect":{
                "type": "multiEffect",
			"lifetime": 30,
			"effects": [	
 		{
  "type":"ParticleEffect"
	    "region":"合晶工业-双星"
	    "particles":5,
	    "lifetime":20,
	    "length":20,
	        "baseLength": -20,
	    "sizeFrom":5
	    "sizeTo":0
	    "colorFrom":"99F8FFFF"
	    "colorTo":"ffffff"
	},
            ],
                }
				"lifetime":30,
				      "despawnEffect":{
                "type": "multiEffect",
			"lifetime": 30,
			"effects": [	
 		{
  "type":"ParticleEffect"
	    "region":"合晶工业-双星"
	    "particles":5,
	    "lifetime":20,
	    "length":20,
	        "baseLength": -20,
	    "sizeFrom":5
	    "sizeTo":0
	    "colorFrom":"99F8FFFF"
	    "colorTo":"ffffff"
	},
            ],
                }
			    "frontColor":"99F8FFFF",	
	    "backColor":"FFFFFF",		
    		"type":"LaserBoltBulletType",
    		     "bulletInterval":0,
        "intervalBullets": 4,
        "intervalRandomSpread": 360,
        "intervalSpread": 360,
        "intervalAngle": 0,
        "intervalBullet": {
         "type":"LightningBulletType",
    "damage":5,
    "lightningLength":2,
	"ammoMultiplier":1,
    "collidesAir": true
"lightningColor": "99F8FFFF",
        },
				}
		},
        ]
}