{
    "type": "GenericCrafter",
    "name": "铁治练厂",
    "description": "将杂质铁治练成纯铁",
    "outputItem": {
        "item": "铁",
        "amount": 40
    },
    "size": 5,
    "itemCapacity": 500,
    "hasPower": true,
    "hasLiquids": true,
    "hasItems": true,
    "craftTime": 15,
    "consumes": {
        "power": 30,
        "items": {
            "items": [
                {
                    "item": "焦炭",
                    "amount": 10
                }
   {
                    "item": "杂质铁",
                    "amount": 50
                }
            ]
        },
    },
    "requirements": [
        {
            "item": "铁",
            "amount": 15
        },
        {
            "item": "碳60",
            "amount": 3
        },
        {
            "item": "silicon",
            "amount": 600
        },
        {
            "item": "titanium",
            "amount": 450
        }
    ],
    "category": "crafting",
    "research": "铁炉",
    "updateEffect": "pulverizeMedium"
}