{
    "type": "GenericCrafter",
    "name": "铁炉",
    "description": "用铅和铁制作成铁，效率很高。需要水冷却",
    "outputItem": {
        "item": "铁",
        "amount": 19
    },
    "size": 3,
    "itemCapacity": 168,
    "hasPower": true,
    "hasLiquids": true,
    "hasItems": true,
    "craftTime": 75,
    "consumes": {
        "power": 8,
        "items": {
            "items": [
                {
                    "item": "copper",
                    "amount": 10
                }
     {
                    "item": "lead",
                    "amount": 10
                }
            ]
        },
        "liquid": {
            "liquid": "water",
            "amount": 0.2
        }
    },
    "requirements": [
        {
            "item": "copper",
            "amount": 444
        },
        {
            "item": "lead",
            "amount": 214
        },
        {
            "item": "metaglass",
            "amount": 70
        },
        {
            "item": "silicon",
            "amount": 60
        },
        {
            "item": "titanium",
            "amount": 45
        }
    ],
    "category": "crafting",
    "research": "简易铁治练炉",
    "updateEffect": "pulverizeMedium"
}