{
	"name": "生物培养皿",
	"description": "以孢子为基体培养生物",
	"itemCapacity":10,
	"health":1000,
	"size":3,
	"hasPower": true,
	"hasLiquids": true,
	"hasItems": false,
	"craftTime":120,
  "drawer": {
    "type": "DrawMulti",
    "drawers": [
      {
        "type": "DrawRegion",
        "suffix": "-bottom"
      },
      {
        "type": "DrawLiquidTile",
        "drawLiquid": "water",
      },
      {
        "type": "DrawBubbles",
        "color": "64c8e1",
        "sides": 10,
        "recurrence": 5,
        "spread": 7,
        "radius": 4,
        "amount": 30
      },
      {
        "type": "DrawRegion"
      },
    ]
  },
	"consumes": {
		"power":10,
		"liquids": {
		    "liquids": [
		        {"liquid": "water","amount": 1},
                {"liquid": "氨气","amount": 0.25},
                {"liquid": "氧气","amount":0.5},
  	        ]
},
        "items": {
            "items": [
                {"item": "spore-pod","amount":1},
            ]
},
	},
  	"liquidCapacity": 120,
	"outputLiquid": { "liquid": "微生物悬浊液","amount": 0.5},
	"requirements": [
		{"item":"lead","amount":500},
		{"item":"塑料","amount":800},
		{"item":"silicon","amount":500},
		{"item":"titanium","amount":600},
		{"item":"metaglass","amount":300},
	],
	"category": "crafting",
	"research": {
		"parent": "cultivator",
		"objectives": [
			{
				"type": "SectorComplete",
				"preset": "coastline"
			}
		]
	}
}