{
	"health": 865000,
	"armor": 240,
	"liquidCapacity": 3600,
	"shootType": {
		"type": "BasicBulletType",
		"absorbable": false,
		"hittable": false,
		"pierceArmor": true,
		"collidesGround": false,
		"collidesAir": true,
		"scaleLife": true,
		"hitSize": 50,
		"chargeEffect": "none",
		"parts": [
			{
				"type": "HaloPart",
				"sides": 3,
				"shapes": 3,
				"color": "25C9AB",
				"colorTo": "25C9AB",
				"tri": true,
				"radius": 16,
				"radiusTo": 16,
				"triLength": 220,
				"triLengthTo": 80,
				"haloRadius": 0,
				"haloRotation": 0,
				"haloRotateSpeed": 9
			},
			{
				"type": "HaloPart",
				"sides": 3,
				"shapes": 3,
				"color": "25C9AB",
				"colorTo": "25C9AB",
				"tri": true,
				"layer": 90,
				"radius": 16,
				"radiusTo": 16,
				"triLength": 110,
				"triLengthTo": 20,
				"haloRadius": 0,
				"haloRotation": 120,
				"haloRotateSpeed": -8
			}
		],
		"bulletInterval": 1,
		"intervalBullets": 2,
		"intervalRandomSpread": 360,
		"intervalSpread": 10,
		"intervalAngle": 0,
		"intervalBullet": {
			"instantDisappear": true,
			"hittable": false,
			"collides": false,
			"absorbable": false,
			"splashDamage": 960,
			"splashDamageRadius": 30,
			"speed": 0,
			"hitEffect": "none",
			"despawnEffect": "none",
			"fragLifeMin": 0.2,
			"fragBullets": 1,
			"fragBullet": {
				"type": "PointBulletType",
				"trailEffect": {
					"type": "ParticleEffect",
					"particles": 1,
					"length": 0,
					"baseLength": 1,
					"lifetime": 10,
					"line": true,
					"randLength": false,
					"lenFrom": 10,
					"lenTo": 10,
					"strokeFrom": 8,
					"strokeTo": 0,
					"colorFrom": "BFFFDB",
					"colorTo": "25C9AB",
					"cone": 0
				},
				"trailSpacing": 9,
				"despawnEffect": "bigShockwave",
				"hitEffect": {
					"type": "MultiEffect",
					"effects": [
						{
							"type": "ParticleEffect",
							"particles": 1,
							"sizeFrom": 20,
							"sizeTo": 0,
							"length": 0,
							"baseLength": 0,
							"lifetime": 15,
							"colorFrom": "BFFFDB",
							"colorTo": "25C9AB"
						},
						{
							"type": "WaveEffect",
							"lifetime": 10,
							"sizeFrom": 8,
							"sizeTo": 125,
							"interp": "circleOut",
							"strokeFrom": 12,
							"strokeTo": 0,
							"colorFrom": "BFFFDB",
							"colorTo": "BFFFDB"
						}
					]
				},
				"damage": 640,
				"hitShake": 8,
				"lightningDamage": 360,
				"lightning": 4,
				"lightningLength": 33,
				"lightningColor": "25C9AB",
				"hitSound": "plasmaboom",
				"speed": 20,
				"lifetime": 18,
				"splashDamageRadius": 125,
				"splashDamage": 880,
				"status": "饱和火力-崩解",
				"statusDuration": 120
			}
		},
		"damage": 32000,
		"splashDamageRadius": 800,
		"splashDamage": 17200,
		"lightningDamage": 2220,
		"status": "饱和火力-崩解",
		"statusDuration": 1800,
		"lightning": 15,
		"lightningLength": 64,
		"lightningLengthRand": 16,
		"lightningColor": "25C9AB",
		"pierce": true,
		"fragOnHit": false,
		"scaledSplashDamage": true,
		"speed": 75,
		"lifetime": 180,
		"sprite": "circle-bullet",
		"backColor": "25C9AB",
		"frontColor": "FFFFFF",
		"trailColor": "25C9AB",
		"width": 30,
		"height": 30,
		"trailLength": 20,
		"trailWidth": 10,
		"shrinkY": 0,
		"hitShake": 80,
		"hitSound": "lasercharge",
		"hitSoundVolume": 3.35,
		"ammoMultiplier": 1,
		"despawnEffect": {
			"type": "ParticleEffect",
			"particles": 1,
			"sizeFrom": 0,
			"sizeTo": 30,
			"interp": "pow5In",
			"length": 0,
			"baseLength": 0,
			"lifetime": 120,
			"colorFrom": "BFFFDB",
			"colorTo": "BFFFDB"
		},
		"hitEffect": {
			"type": "MultiEffect",
			"effects": [
				{
					"type": "ParticleEffect",
					"particles": 123,
					"sizeFrom": 0,
					"sizeTo": 26,
					"interp": "pow10In",
					"length": -1200,
					"baseLength": 1200,
					"lifetime": 140,
					"colorFrom": "BFFFDB",
					"colorTo": "BFFFDB"
				},
				{
					"type": "ParticleEffect",
					"particles": 123,
					"sizeFrom": 0,
					"sizeTo": 26,
					"interp": "pow10In",
					"length": -1200,
					"baseLength": 1200,
					"startDelay": 14,
					"lifetime": 140,
					"colorFrom": "BFFFDB",
					"colorTo": "BFFFDB"
				},
				{
					"type": "ParticleEffect",
					"particles": 123,
					"sizeFrom": 0,
					"sizeTo": 26,
					"interp": "pow10In",
					"length": -1200,
					"baseLength": 1200,
					"startDelay": 29,
					"lifetime": 140,
					"colorFrom": "BFFFDB",
					"colorTo": "BFFFDB"
				},
				{
					"type": "ParticleEffect",
					"particles": 1,
					"sizeFrom": 0,
					"sizeTo": 500,
					"sizeInterp": "pow5Out",
					"length": 0,
					"baseLength": 0,
					"lifetime": 150,
					"colorFrom": "25C9AB00",
					"colorTo": "BFFFDB"
				},
				{
					"type": "ParticleEffect",
					"particles": 1,
					"sizeFrom": 500,
					"sizeTo": 0,
					"sizeInterp": "pow5In",
					"length": 0,
					"baseLength": 0,
					"startDelay": 145,
					"lifetime": 33,
					"colorFrom": "BFFFDB",
					"colorTo": "25C9AB"
				},
				{
					"type": "WaveEffect",
					"lifetime": 120,
					"sizeFrom": 0,
					"sizeTo": 720,
					"strokeFrom": 0,
					"strokeTo": 50,
					"colorFrom": "25C9AB",
					"colorTo": "BFFFDB"
				},
				{
					"type": "WaveEffect",
					"lifetime": 48,
					"startDelay": 119,
					"sizeFrom": 720,
					"sizeTo": 720,
					"strokeFrom": 50,
					"strokeTo": 50,
					"colorFrom": "BFFFDB",
					"colorTo": "BFFFDB"
				},
				{
					"type": "WaveEffect",
					"lifetime": 8,
					"startDelay": 168,
					"sizeFrom": 720,
					"sizeTo": 0,
					"strokeFrom": 50,
					"strokeTo": 8,
					"colorFrom": "BFFFDB",
					"colorTo": "25C9AB"
				},
				{
					"type": "ParticleEffect",
					"particles": 1,
					"sizeFrom": 0,
					"sizeTo": 300,
					"sizeInterp": "pow5Out",
					"length": 0,
					"baseLength": 0,
					"lifetime": 150,
					"layer": 120,
					"colorFrom": "00000000",
					"colorTo": "000000"
				},
				{
					"type": "ParticleEffect",
					"particles": 1,
					"sizeFrom": 300,
					"sizeTo": 0,
					"sizeInterp": "pow5In",
					"length": 0,
					"baseLength": 0,
					"startDelay": 145,
					"lifetime": 33,
					"layer": 120,
					"colorFrom": "000000",
					"colorTo": "000000"
				},
				{
					"type": "ParticleEffect",
					"particles": 92,
					"line": true,
					"sizeInterp": "pow5In",
					"strokeFrom": 5,
					"strokeTo": 0,
					"lenFrom": 253,
					"lenTo": 0,
					"length": 1000,
					"baseLength": 0,
					"lifetime": 30,
					"colorFrom": "25C9AB",
					"colorTo": "FFFFFF"
				},
				{
					"type": "WaveEffect",
					"lifetime": 90,
					"sizeFrom": 880,
					"sizeTo": 0,
					"strokeFrom": 0,
					"strokeTo": 90,
					"colorFrom": "25C9AB",
					"colorTo": "BFFFDB"
				},
				{
					"type": "WaveEffect",
					"lifetime": 90,
					"startDelay": 20,
					"sizeFrom": 880,
					"sizeTo": 0,
					"strokeFrom": 0,
					"strokeTo": 90,
					"colorFrom": "25C9AB",
					"colorTo": "BFFFDB"
				},
				{
					"type": "WaveEffect",
					"lifetime": 90,
					"startDelay": 40,
					"sizeFrom": 880,
					"sizeTo": 0,
					"strokeFrom": 0,
					"strokeTo": 90,
					"colorFrom": "25C9AB",
					"colorTo": "BFFFDB"
				},
				{
					"type": "WaveEffect",
					"lifetime": 90,
					"startDelay": 60,
					"sizeFrom": 880,
					"sizeTo": 0,
					"strokeFrom": 0,
					"strokeTo": 90,
					"colorFrom": "25C9AB",
					"colorTo": "BFFFDB"
				},
				{
					"type": "WaveEffect",
					"lifetime": 10,
					"sizeFrom": 0,
					"sizeTo": 300,
					"strokeFrom": 25,
					"strokeTo": 0,
					"colorFrom": "25C9AB",
					"colorTo": "BFFFDB"
				}
			]
		},
		"fragLifeMin": 1,
		"fragBullets": 1,
		"fragBullet": {
			"type": "BasicBulletType",
			"hittable": false,
			"collides": false,
			"absorbable": false,
			"damage": 18800,
			"splashDamageRadius": 1500,
			"splashDamage": 96000,
			"scaledSplashDamage": true,
			"status": "饱和火力-绝判",
			"statusDuration": 1800,
			"speed": 0,
			"lifetime": 179,
			"sprite": "饱和火力-海胆",
			"backColor": "25C9AB",
			"frontColor": "FFFFFF",
			"width": 1050,
			"height": 1050,
			"spin": -1.8,
			"shrinkY": 1,
			"shrinkX": 1,
			"hitShake": 60,
			"hitSound": "DBZ1",
			"hitSoundVolume": 28,
			"hitEffect": {
				"type": "MultiEffect",
				"effects": [
					{
						"type": "ParticleEffect",
						"particles": 193,
						"sizeFrom": 95,
						"sizeTo": 0,
						"sizeInterp": "pow10In",
						"interp": "pow10Out",
						"length": 1050,
						"baseLength": 150,
						"lifetime": 490,
						"colorFrom": "BFFFDB50",
						"colorTo": "BFFFDB50"
					},
					{
						"type": "ParticleEffect",
						"particles": 1,
						"sizeFrom": 0,
						"sizeTo": 1200,
						"length": 0,
						"baseLength": 0,
						"lifetime": 13,
						"colorFrom": "BFFFDB",
						"colorTo": "BFFFDB50"
					},
					{
						"type": "ParticleEffect",
						"particles": 1,
						"sizeFrom": 1200,
						"sizeTo": 1200,
						"startDelay": 12,
						"length": 0,
						"baseLength": 0,
						"lifetime": 340,
						"colorFrom": "BFFFDB50",
						"colorTo": "BFFFDB50"
					},
					{
						"type": "ParticleEffect",
						"particles": 1,
						"sizeFrom": 1200,
						"sizeTo": 0,
						"startDelay": 351,
						"length": 0,
						"baseLength": 0,
						"lifetime": 130,
						"colorFrom": "BFFFDB50",
						"colorTo": "BFFFDB"
					},
					{
						"type": "ParticleEffect",
						"particles": 133,
						"sizeFrom": 105,
						"sizeTo": 0,
						"sizeInterp": "pow10In",
						"interp": "pow10Out",
						"length": 1200,
						"baseLength": 0,
						"startDelay": 480,
						"lifetime": 360,
						"colorFrom": "BFFFDB50",
						"colorTo": "BFFFDB50"
					},
					{
						"type": "WaveEffect",
						"lifetime": 45,
						"startDelay": 480,
						"sizeFrom": 0,
						"interp": "circleOut",
						"sizeTo": 1200,
						"strokeFrom": 35,
						"strokeTo": 0,
						"colorFrom": "BFFFDB",
						"colorTo": "BFFFDB"
					},
					{
						"type": "WaveEffect",
						"lifetime": 45,
						"startDelay": 510,
						"sizeFrom": 0,
						"interp": "circleOut",
						"sizeTo": 1200,
						"strokeFrom": 35,
						"strokeTo": 0,
						"colorFrom": "BFFFDB",
						"colorTo": "BFFFDB"
					},
					{
						"type": "WaveEffect",
						"lifetime": 45,
						"startDelay": 540,
						"sizeFrom": 0,
						"interp": "circleOut",
						"sizeTo": 1200,
						"strokeFrom": 35,
						"strokeTo": 0,
						"colorFrom": "BFFFDB",
						"colorTo": "BFFFDB"
					},
					{
						"type": "WaveEffect",
						"lifetime": 120,
						"sizeFrom": 0,
						"sizeTo": 1350,
						"strokeFrom": 35,
						"strokeTo": 0,
						"colorFrom": "BFFFDB",
						"colorTo": "BFFFDB"
					},
					{
						"type": "WaveEffect",
						"lifetime": 120,
						"startDelay": 30,
						"sizeFrom": 0,
						"sizeTo": 1350,
						"strokeFrom": 35,
						"strokeTo": 0,
						"colorFrom": "BFFFDB",
						"colorTo": "BFFFDB"
					},
					{
						"type": "WaveEffect",
						"lifetime": 120,
						"startDelay": 60,
						"sizeFrom": 0,
						"sizeTo": 1350,
						"strokeFrom": 35,
						"strokeTo": 0,
						"colorFrom": "BFFFDB",
						"colorTo": "BFFFDB"
					},
					{
						"type": "WaveEffect",
						"lifetime": 120,
						"startDelay": 90,
						"sizeFrom": 0,
						"sizeTo": 1350,
						"strokeFrom": 35,
						"strokeTo": 0,
						"colorFrom": "BFFFDB",
						"colorTo": "BFFFDB"
					}
				]
			},
			"bulletInterval": 0.45,
			"intervalBullets": 3,
			"intervalRandomSpread": 360,
			"intervalSpread": 9,
			"intervalAngle": 0,
			"intervalBullet": {
				"type": "PointBulletType",
				"trailEffect": "none",
				"speed": 2,
				"lifetime": 150,
				"splashDamage": 362,
				"splashDamageRadius": 30,
				"hitEffect": "none",
				"despawnEffect": "none",
				"fragLifeMin": 1,
				"fragLifeMax": 1.85,
				"fragBullets": 1,
				"fragBullet": {
					"hittable": false,
					"collides": false,
					"absorbable": false,
					"lifetime": 185,
					"speed": 4,
					"drag": 0.005,
					"homingDelay": 60,
					"homingPower": 1,
					"homingRange": 800,
					"width": 0,
					"height": 0,
					"splashDamage": 250,
					"splashDamageRadius": 108,
					"hitSound": "laserblast",
					"hitSoundVolume": 10,
					"hitShake": 12,
					"hitEffect": {
						"type": "MultiEffect",
						"effects": [
							{
								"type": "ParticleEffect",
								"particles": 13,
								"sizeFrom": 35,
								"sizeTo": 0,
								"length": 98,
								"baseLength": 10,
								"lifetime": 66,
								"colorFrom": "BFFFDB",
								"colorTo": "BFFFDB00"
							},
							{
								"type": "WaveEffect",
								"lifetime": 30,
								"sizeFrom": 0,
								"sizeTo": 108,
								"strokeFrom": 5,
								"strokeTo": 0,
								"colorFrom": "BFFFDB",
								"colorTo": "BFFFDB"
							}
						]
					},
					"despawnEffect": "none",
					"fragBullets": 1,
					"fragRandomSpread": 0,
					"fragBullet": {
						"type": "LaserBulletType",
						"lightningSpacing": 20,
						"lightningLength": 6,
						"lightningDelay": 0.8,
						"lightningLengthRand": 6,
						"lightningDamage": 288,
						"lightningColor": "BFFFDB",
						"status": "饱和火力-崩解",
						"statusDuration": 840,
						"length": 550,
						"width": 40,
						"sideAngle": 130,
						"sideWidth": 1.6,
						"sideLength": 200,
						"damage": 1124,
						"lifetime": 90,
						"colors": [
							"BFFFDB80",
							"BFFFDB",
							"FFFFFF"
						],
						"despawnEffect": "none",
						"hitEffect": "none"
					}
				}
			},
			"fragLifeMin": 0.6,
			"fragLifeMax": 1.5,
			"fragBullets": 750,
			"fragBullet": {
				"type": "BasicBulletType",
				"hitSound": "explosionbig",
				"hitSoundVolume": 12,
				"collides": false,
				"hittable": false,
				"absorbable": false,
				"despawnEffect": {
					"type": "ParticleEffect",
					"particles": 3,
					"sizeFrom": 55,
					"sizeTo": 0,
					"sizeInterp": "pow10In",
					"interp": "pow10Out",
					"length": 105,
					"baseLength": 0,
					"lifetime": 360,
					"colorFrom": "25C9AB10",
					"colorTo": "BFFFDB10"
				},
				"hitEffect": {
					"type": "ParticleEffect",
					"particles": 1,
					"sizeFrom": 8,
					"sizeTo": 155,
					"sizeInterp": "pow10Out",
					"length": 0,
					"baseLength": 0,
					"lifetime": 25,
					"colorFrom": "25C9AB",
					"colorTo": "BFFFDB00"
				},
				"hitShake": 11,
				"width": 18,
				"height": 18,
				"sprite": "circle-bullet",
				"shrinkX": 0.8,
				"shrinkY": 0.8,
				"status": "饱和火力-崩解",
				"statusDuration": 500,
				"lightningDamage": 844,
				"lightning": 6,
				"lightningLengthRand": 20,
				"lightningLength": 10,
				"lightningColor": "BFFFDB",
				"backColor": "BFFFDB",
				"frontColor": "FFFFFF",
				"speed": 150,
				"lifetime": 490,
				"drag": 0.1,
				"scaledSplashDamage": true,
				"splashDamageRadius": 105,
				"splashDamage": 403.56
			}
		}
	}
}