{
	"plans": [
		{
			"unit": "饱和火力-陆战6",
			"time": 23400,
			"requirements": [
				"silicon/3000",
				"饱和火力-镄/1200",
				"饱和火力-硅钢/1500",
				"plastanium/2200",
				"surge-alloy/1800",
				"饱和火力-裂位能/1200",
				"饱和火力-泰勒合金/1000",
				"饱和火力-二级协议/30",
				"饱和火力-三级协议/10"
			]
		},
		{
			"unit": "饱和火力-空战6",
			"time": 23400,
			"requirements": [
				"silicon/3000",
				"titanium/1200",
				"饱和火力-硅钢/1500",
				"plastanium/2200",
				"surge-alloy/1800",
				"饱和火力-裂位能/1200",
				"饱和火力-泰勒合金/1000",
				"饱和火力-二级协议/30",
				"饱和火力-三级协议/10"
			]
		},
		{
			"unit": "饱和火力-海战6",
			"time": 23400,
			"requirements": [
				"silicon/3000",
				"metaglass/1200",
				"饱和火力-硅钢/1500",
				"plastanium/2200",
				"surge-alloy/1800",
				"饱和火力-裂位能/1200",
				"饱和火力-泰勒合金/1000",
				"饱和火力-二级协议/30",
				"饱和火力-三级协议/10"
			]
		},
		{
			"unit": "饱和火力-爬爬6",
			"time": 23400,
			"requirements": [
				"silicon/3000",
				"titanium/1200",
				"饱和火力-硅钢/1500",
				"plastanium/2200",
				"surge-alloy/1800",
				"饱和火力-裂位能/1200",
				"饱和火力-泰勒合金/1000",
				"饱和火力-二级协议/30",
				"饱和火力-三级协议/10"
			]
		},
		{
			"unit": "饱和火力-路辅6",
			"time": 23400,
			"requirements": [
				"silicon/3000",
				"饱和火力-纳米核/1200",
				"饱和火力-硅钢/1500",
				"plastanium/2200",
				"surge-alloy/1800",
				"饱和火力-裂位能/1200",
				"饱和火力-泰勒合金/1000",
				"饱和火力-二级协议/30",
				"饱和火力-三级协议/10"
			]
		},
		{
			"unit": "饱和火力-空辅6",
			"time": 23400,
			"requirements": [
				"silicon/3000",
				"饱和火力-纳米核/1200",
				"饱和火力-硅钢/1500",
				"plastanium/2200",
				"surge-alloy/1800",
				"饱和火力-裂位能/1200",
				"饱和火力-泰勒合金/1000",
				"饱和火力-二级协议/30",
				"饱和火力-三级协议/10"
			]
		},
		{
			"unit": "饱和火力-海辅6",
			"time": 23400,
			"requirements": [
				"silicon/3000",
				"饱和火力-纳米核/1200",
				"饱和火力-硅钢/1500",
				"plastanium/2200",
				"surge-alloy/1800",
				"饱和火力-裂位能/1200",
				"饱和火力-泰勒合金/1000",
				"饱和火力-二级协议/30",
				"饱和火力-三级协议/10"
			]
		},
		{
			"unit": "饱和火力-碎辰",
			"time": 25200,
			"requirements": [
				"silicon/4000",
				"plastanium/2500",
				"饱和火力-泰勒合金/1500",
				"饱和火力-裂位能/3200",
				"饱和火力-二级协议/30",
				"饱和火力-三级协议/50"
			]
		},
		{
			"unit": "饱和火力-天柱",
			"time": 24000,
			"requirements": [
				"silicon/3600",
				"titanium/1200",
				"饱和火力-硅钢/2000",
				"plastanium/1500",
				"饱和火力-裂位能/2400",
				"饱和火力-泰勒合金/750",
				"饱和火力-二级协议/25",
				"饱和火力-三级协议/16"
			]
		},
		{
			"unit": "饱和火力-陆6",
			"time": 23400,
			"requirements": [
				"silicon/3000",
				"饱和火力-镄/1200",
				"饱和火力-硅钢/1500",
				"plastanium/2200",
				"surge-alloy/1800",
				"饱和火力-裂位能/1200",
				"饱和火力-泰勒合金/1000",
				"饱和火力-二级协议/30",
				"饱和火力-三级协议/10"
			]
		},
		{
			"unit": "饱和火力-空6",
			"time": 23400,
			"requirements": [
				"silicon/3000",
				"titanium/1200",
				"饱和火力-硅钢/1500",
				"plastanium/2200",
				"surge-alloy/1800",
				"饱和火力-裂位能/1200",
				"饱和火力-泰勒合金/1000",
				"饱和火力-二级协议/30",
				"饱和火力-三级协议/10"
			]
		},
		{
			"unit": "饱和火力-海6",
			"time": 23400,
			"requirements": [
				"silicon/3000",
				"metaglass/1200",
				"饱和火力-硅钢/1500",
				"plastanium/2200",
				"surge-alloy/1800",
				"饱和火力-裂位能/1200",
				"饱和火力-泰勒合金/1000",
				"饱和火力-二级协议/30",
				"饱和火力-三级协议/10"
			]
		},
		{
			"unit": "错位滕王",
			"time": 28800,
			"requirements": [
				"silicon/3600",
				"metaglass/1200",
				"饱和火力-硅钢/1500",
				"plastanium/2200",
				"surge-alloy/1800",
				"饱和火力-裂位能/1800",
				"饱和火力-泰勒合金/1000",
				"饱和火力-二级协议/50",
				"饱和火力-三级协议/30"
			]
		}
	],
	"requirements": [
		"饱和火力-纳米核/8000",
		"饱和火力-镄/5000",
		"饱和火力-泰勒合金/10000",
		"饱和火力-裂位能/10000",
		"饱和火力-二级协议/300",
		"饱和火力-三级协议/200"
	],
	"category": "units",
	"buildVisibility": "sandboxOnly"
}