{
	"health": 32000,
	"shootType": {
		"type": "EmpBulletType",
		"radius": 85,
		"timeIncrease": 1,
		"powerDamageScl": 3,
		"unitDamageScl": 2.5,
		"speed": 9,
		"lifetime": 50,
		"maxRange": 862,
		"drag": -0.02,
		"status": "饱和火力-干扰",
		"statusDuration": 80,
		"homingDelay": 40,
		"homingPower": 1,
		"homingRange": 80,
		"hitShake": 3,
		"damage": 42,
		"splashDamageRadius": 88,
		"splashDamage": 24,
		"lightningDamage": 84,
		"lightning": 3,
		"lightningLength": 6,
		"lightningLengthRand": 3,
		"lightningColor": "BFFFDB",
		"splashDamagePierce": true,
		"scaledSplashDamage": true,
		"buildingDamageMultiplier": 0.2,
		"ammoMultiplier": 1,
		"sprite": "circle-bullet",
		"shrinkY": 0,
		"trailLength": 20,
		"trailWidth": 5,
		"trailColor": "BFFFDB",
		"frontColor": "FFFFFF",
		"backColor": "BFFFDB",
		"width": 12,
		"height": 12,
		"hitSound": "plasmaboom",
		"chainEffect": "chainLightning",
		"hitPowerEffect": {
			"type": "ParticleEffect",
			"particles": 5,
			"baseLength": 0,
			"length": 90,
			"lifetime": 16,
			"line": true,
			"lenFrom": 30,
			"lenTo": 0,
			"strokeFrom": 2,
			"strokeTo": 0,
			"colorFrom": "BFFFDB",
			"colorTo": "BFFFDB"
		},
		"despawnEffect": {
			"type": "ParticleEffect",
			"particles": 1,
			"sizeFrom": 85,
			"sizeTo": 0,
			"sizeInterp": "pow10Out",
			"length": 0,
			"baseLength": 0,
			"lifetime": 70,
			"colorFrom": "BFFFDB60",
			"colorTo": "BFFFDB"
		},
		"hitEffect": {
			"type": "ExplosionEffect",
			"lifetime": 48,
			"waveStroke": 3,
			"waveLife": 12,
			"waveRadBase": 6,
			"waveColor": "BFFFDB",
			"waveRad": 85,
			"smokes": 6,
			"smokeColor": "BFFFDB",
			"sparkColor": "BFFFDB",
			"sparks": 3,
			"sparkRad": 85,
			"sparkStroke": 2,
			"sparkLen": 36
		},
		"bulletInterval": 6,
		"intervalDelay": 30,
		"intervalBullets": 1,
		"intervalRandomSpread": 0,
		"intervalAngle": 0,
		"intervalBullet": {
			"type": "BasicBulletType",
			"weaveScale": 7,
			"weaveMag": 3,
			"speed": 0.5,
			"drag": -0.12,
			"lifetime": 40,
			"status": "disarmed",
			"statusDuration": 10,
			"homingDelay": 10,
			"homingPower": 0.8,
			"homingRange": 400,
			"hitShake": 1,
			"damage": 36,
			"pierce": true,
			"pierceCap": 2,
			"lightningDamage": 48,
			"lightning": 1,
			"lightningLength": 4,
			"lightningColor": "BFFFDB",
			"sprite": "circle-bullet",
			"shrinkY": 0,
			"trailLength": 9,
			"trailWidth": 3.8,
			"trailColor": "BFFFDB",
			"frontColor": "FFFFFF",
			"backColor": "BFFFDB",
			"width": 9,
			"height": 9,
			"hitSound": "none",
			"despawnEffect": "none",
			"hitEffect": {
				"type": "ParticleEffect",
				"particles": 1,
				"sizeFrom": 4,
				"sizeTo": 0,
				"sizeInterp": "pow3In",
				"length": 0,
				"baseLength": 0,
				"lifetime": 50,
				"colorFrom": "BFFFDB",
				"colorTo": "BFFFDB"
			}
		}
	},
	"shootEffect": {
		"type": "MultiEffect",
		"effects": [
			{
				"type": "ParticleEffect",
				"particles": 1,
				"sizeFrom": 6,
				"sizeTo": 0,
				"interp": "pow10Out",
				"sizeInterp": "pow10In",
				"length": 88,
				"baseLength": 0,
				"lifetime": 85,
				"colorFrom": "BFFFDB",
				"colorTo": "BFFFDB80",
				"cone": 13
			},
			{
				"type": "ParticleEffect",
				"particles": 2,
				"line": true,
				"lenFrom": 43,
				"lenTo": 0,
				"strokeFrom": 3.36,
				"strokeTo": 0,
				"interp": "pow10Out",
				"length": 93,
				"baseLength": 0,
				"lifetime": 85,
				"colorFrom": "BFFFDB",
				"colorTo": "BFFFDB80",
				"cone": 13
			}
		]
	}
}