{
	"type":"Constructor",
	"category":"units",
	"name":"三级载荷制造器",
	"description":"制造载荷，器件等东西",

	"research":{
	"parent":"GH-二级载荷制造器",
	"objectives": [
    "GH-育新升级器2级"
        ],
	"requirements":[
	    "silicon/42500",
	    "plastanium/59000",
	    "surge-alloy/45500",
	    "潜铁板/36000",
	    "潜合铁金板/9980",
	    "棱镜/15000",
	    "无遏板/10000",
	    "合化电晶/30000",
	    "粒子核心/10500",
	    "无子核心/8880"
	]
	},
	"requirements":[
	    "silicon/3000",
	    "plastanium/2400",
	    "surge-alloy/1000",
	    "潜铁板/1510",
	    "潜合铁金板/450",
	    "棱镜/390",
	    "无遏板/400",
	    "合化电晶/655",
	    "粒子核心/280",
	    "无子核心/100"
	],
	"consumes":{
	    "power":10.0
	},
	"health":37000,
	"armor":450,
	"size":10,
	"breakable":false,
	"canOverdrive":true,
	"minBlockSize":1,
	"maxBlockSize":10,
	"buildSpeed":4.0,
	"filter":[
	"mender","radar","armored-conveyor","conveyor","titanium-conveyor","armored-duct","duct-bridge","duct-router","duct","duct-unloader","overflow-duct","surge-router","underflow-duct","plastanium-conveyor","surge-conveyor","bridge-conveyor","inverted-sorter","junction","overflow-gate","phase-conveyor","sorter","underflow-gate","conduit","plated-conduit","pulse-conduit","reinforced-conduit","bridge-conduit","liquid-junction","liquid-router","mechanical-pump","phase-conduit","reinforced-bridge-conduit","reinforced-liquid-junction","reinforced-liquid-router","memory-cell","message","micro-processor","reinforced-message","switch","battery","beam-node","combustion-generator","diode","illuminator","power-node","solar-panel","incinerator","melter","pulverizer","unloader","duo","arc","hail","scorch","repair-point","beryllium-wall","carbide-wall","copper-wall","door","phase-wall","plastanium-wall","reinforced-surge-wall","scrap-wall","surge-wall","thorium-wall","titanium-wall","tungsten-wall","GH-育新升级器1级","GH-育新升级器2级","GH-育新升级器3级","GH-育新升级器4级","荷兰电池","空预","抛射器","布克墙","金钢墙","强塑钢墙","泰合墙","GH-棱化轨道","花","潜铁板带桥","无遏型电桥","e-连网器","高速卸载器",
	"mend-projector","overdrive-projector","parallax","segment","distributor","cliff-crusher","mechanical-drill","plasma-bore","pneumatic-drill","water-extractor","liquid-container","reinforced-liquid-container","reinforced-pump","rotary-pump","canvas","logic-processor","memory-bank","power-node-large","rtg-generator","steam-generator","surge-tower","thermal-generator","blast-mixer","coal-centrifuge","cryofluid-mixer","cultivator","electric-heater","graphite-press","kiln","phase-heater","phase-weaver","plastanium-compressor","pyratite-mixer","separator","silicon-smelter","spore-press","container","reinforced-container","salvo","scatter","lancer","swarmer","wave","repair-turret","unit-cargo-loader","unit-cargo-unload-point","unit-repair-tower","beryllium-wall-large","blast-door","carbide-wall-large","copper-wall-large","door-large","phase-wall-large","plastanium-wall-large","reinforced-surge-wall-large","scrap-wall-large","shielded-wall","surge-wall-large","thorium-wall-large","titanium-wall-large","tungsten-wall-large","合化晶液发电机","分子玻璃厂","胶心硅厂","棱镜工厂","粒子核心厂","潜合铁金板工厂","潜铁板工厂","无遏板工厂","无神核能心工厂","无子核心厂","GH-光荣","GH-跃光","t2蓝瑟","不死墙","布克大墙","金钢大墙","强塑钢大墙","泰合大墙","无尽墙","e-芯心驱动器","e-窥视之眼","e-强化导热器",
	"launch-pad","build-tower","force-projector","overdrive-dome","regen-projector","shield-projector","shockwave-tower","mass-driver","large-plasma-bore","laser-drill","oil-extractor","impulse-pump","liquid-tank","reinforced-liquid-tank","hyper-processor","logic-display","constructor","payload-conveyor","payload-loader","payload-mass-driver","payload-router","reinforced-payload-conveyor","reinforced-payload-router","small-deconstructor","battery-large","beam-link","beam-tower","chemical-combustion-chamber","differential-generator","pyrolysis-generator","solar-panel-large","thorium-reactor","turbine-condenser","atmospheric-concentrator","carbide-crucible","cyanogen-synthesizer","disassembler","electrolyzer","heat-reactor","heat-redirector","heat-router","multi-press","oxidation-chamber","phase-synthesizer","silicon-arc-furnace","silicon-crucible","slag-centrifuge","slag-heater","surge-crucible","surge-smelter","vent-condenser","core-shard","vault","cyclone","diffuse","sublimate","breach","fuse","ripple","tsunami","additive-reconstructor","air-factory","ground-factory","mech-fabricator","mech-refabricator","naval-factory","ship-fabricator","ship-refabricator","tank-fabricator","tank-refabricator","scrap-wall-huge","e-珲泽兵工厂","GH-空军组装机","GH-陆军组装机","GH-泽明兵工厂","GH-铮骨升级厂","㻰星兵工厂","大型荷兰电池","转水器","e-大型电解机","e-大型氧化室","e-分解化水工厂","t2布厂","t2巨浪合金厂","t2石墨厂","次数液工厂","大型爆炸物混合器","大型硫化物混合器","恒化泵壳制造机","伽柏塑钢厂","GH-崩溃","GH-光达","GH-渺茫","GH-突光","S.T.H","t2气旋","克修","布克悍墙","金钢悍墙","强塑钢悍墙","桫仂合金墙","泰合悍墙","幽波驱动引擎","e-大强化泵","e-强执超速器",
	"large-shield-projector","blast-drill","impact-drill","impact-reactor","core-bastion","core-foundation","afflict","disperse","lustre","scathe","titan","foreshadow","meltdown","spectre","scrap-wall-gigantic","thruster","e-大型强化载荷传送带""e-大型相织布合成机","e-大型化学燃烧室","t2钍反应堆","e-大型电弧硅炉","e-大型合金坩埚","e-大型碳化物坩埚","钢化棱镜制造机","强化曼合金钢制造机","神子智慧核心厂","GH-暗沉","GH-洒水器","GH-自杀","埃星新","GH-守子核心","H钻头","苍岚守护","弧光钻头","辉弧超速器","扫温泵","神力修复器",
	"eruption-drill","deconstructor","large-constructor","large-payload-mass-driver","flux-reactor","neoplasia-reactor","core-citadel","core-nucleus","malign","smite","basic-assembler-module","mech-assembler","multiplicative-reconstructor","prime-refabricator","ship-assembler","tank-assembler","e-大型强化载荷传送带","e-大型强化载荷路由器","极柳反应堆","智氼太阳能板","合化电晶制造机","S-涩莱","GH-杀子核心","GH-守卫核心","增体仓库","终结发射台",
	"large-logic-display","core-acropolis","恒金板制造机","无恒管理器","运输驱动器","超代核心","贸物发射台","速子仓库",
	"interplanetary-accelerator","exponential-reconstructor",
	"e-强化级单位重构工厂","命–箭堕","仲裁",
	"tetrative-reconstructor",
	"e-杀戮"
	]
}