{
    "name":"强化装卸器",
    "description":"从周围的建筑卸载指定物品，可以传导并储蓄电力，可以构建在液体上",
    "type":"Unloader",
    "size":1,
    "armor":9,
    "health":560,
    "speed":1.5,
    "group":"transportation",
    "placeableLiquid":true
    "absorbLasers":true
    "hasPower":true
    "conductivePower":true
    "outputsPower": true
    "underBullets":true
    "consumes":{
	    "powerBuffered":1200,
	}
    "requirements":[
        "拟钢/35"
        "plastanium/20"
        "silicon/15"
    ],
    "research": {
    },
    "category":"effect"
}