{
"type":"payload"
"name":"沉睡",	
"drag": 0.05,
"accel": 0.1,
"fogRadius":0,//迷雾揭示范围
"targetable":false,//可被选为目标
"hittable":false,//可被击中
"rotateSpeed": 4,
"payloadCapacity": 394,
//此值增加1时增加0.01526格载荷容量
"description":"强化前哨核心的建设无人机，不具备攻击能力  拥有一个小型修复器，可以挖取钍，拥有6格载荷容量，能进行建造",
"details":"9块9包邮的核心机能挖钍就已经不错了，还要啥自行车",
"controller":"BuilderAI"
"isCounted":false,
"flying":true,
"lowAltitude":true
"hovering":false
"circleTarget":true
"mineTier":6
"mineSpeed":4
"itemCapacity":20   
"mineWalls":true,
"buildSpeed":0.4
"speed":3

"weapons":[



{
"type":"RepairBeamWeapon",
"name":"Weapon",
"widthSinMag":0.11,
"reload":20,
"rotate":false,
"beamWidth":0.7
"shootCone":5,
"mirror":false,
"repairSpeed":2,
"fractionRepairSpeed":0.2,
"targetUnits":true,
"targetBuildings":true,
"autoTarget":false,
"controllable":true,
"x":0,"y":0,
"shootY":6,
"laserColor":"FFD37FFF",
"laserTopColor":"FFFFFF",
"bullet":{
"maxRange":100,
"ammoMultiplier":1,
}}]
"hitSize":5
"health": 70,
"armor":0
"commandLimit":8
}