{
    "coreUnitDock": true,
    "mineSpeed": 8,
    "mineTier": 8,
    "buildSpeed": 1,
    "speed": 5,
    "drag": 0.05,
    "accel": 0.05,
    "rotateSpeed": 5,
    "health": 400,
    "targetGround": true,
    "name": "暗蓝机",
    "details": "暗蓝姬（狗头）",
    "engineOffset": 8,
    "engineSize": 4,
    "hitSize": 20,
    "type": "payload",
    "payloadCapacity": 256,
    "range": 200,
    "description": "核心单位",
    "ammoCapacity": 140,
    "flying": true,
    "targetAir": false,
    "itemCapacity": 50,
    "engines": [
        {
            "x": -6,
            "y": -9,
            "radius": 3,
            "rotation": -125
        },
        {
            "x": 6,
            "y": -9,
            "radius": 3,
            "rotation": -45
        },
        {
            "x": -8,
            "y": -3,
            "radius": 3,
            "rotation": -125
        },
        {
            "x": 8,
            "y": -3,
            "radius": 3,
            "rotation": -45
        }
    ],
    "abilities": [
        {
            "type": "RepairFieldAbility",
            "range": 30,
            "amount": 60,
            "reload": 60
        }
    ],
    "weapons": [
        {
            "name": "蓝轻型机枪",
            "x": 4,
            "y": 4.5,
            "shootY": 4,
            "top": true,
            "rotate": false,
            "reload": 5,
            "shootSound": "pew",
            "ejectEffect": "casing1",
            "inaccuracy": 0,
            "alternate": true,
            "ignoreRotation": false,
            "layerOffset": -0.01,
            "bullet": {
                "buildingDamageMultiplier": 0.01,
                "speed": 6,
                "lifetime": 50,
                "damage": 13,
                "width": 7,
                "shrinkY": 0,
                "height": 7
            }
        },
        {
            "name": "蓝导弹底座",
            "layerOffset": -0.01,
            "alternate": false,
            "x": 7,
            "y": 0.5,
            "reload": 40,
            "shootSound": "missile",
            "inaccuracy": 15,
            "bullet": {
                "type": "MissileBulletType",
                "damage": 8,
                "trailLength": 6,
                "trailWidth": 1,
                "backColor": "FF8C00",
                "frontColor": "FFB90F",
                "trailEffect": "smoke",
                "trailColor": "FF8C00",
                "buildingDamageMultiplier": 0.01,
                "splashDamageRadius": 18,
                "splashDamage": 12,
                "homingRange": 40,
                "homingPower": 0.06,
                "hitEffect": "explosion",
                "despawnEffect": "explosion",
                "width": 8,
                "height": 9,
                "speed": 6,
                "lifetime": 50
            }
        },
                {
            "name": "蓝导弹底座",
            "layerOffset": -0.01,
            "alternate": false,
            "x": 3.5,
            "y": 1,
            "reload": 40,
            "shootSound": "missile",
            "inaccuracy": 15,
            "bullet": {
                "type": "MissileBulletType",
                "damage": 8,
                "trailLength": 6,
                "trailWidth": 1,
                "backColor": "FF8C00",
                "frontColor": "FFB90F",
                "trailEffect": "smoke",
                "trailColor": "FF8C00",
                "buildingDamageMultiplier": 0.01,
                "splashDamageRadius": 18,
                "splashDamage": 12,
                "homingRange": 40,
                "homingPower": 0.06,
                "hitEffect": "explosion",
                "despawnEffect": "explosion",
                "width": 8,
                "height": 9,
                "speed": 6,
                "lifetime": 50
            }
        }
    ]
}