{
	"type":"battery",
	"name":"下界电池",
	"description":"将内部电流压缩，使其储存更多电力。",
	"size":2,
	"health":500,
	"absorbLasers":true,//
	"hasPower":true,//是否有电力
	"outputsPower":true,//是否能输出电力
	"consumesPower":true,//是否消耗电力
	"hasItems":false,//是否可以储存物品
	"canOverdrive":false,//是否可以超速
	"consumes":{
	   "powerBuffered":50000
	},
	"category":"power",
	"research":"battery",
	"requirements":[
	   "lead/50",
	   "titanium/50",
	   "silicon/50",
	   "下界合金/30"
	]
}