{
   "type":"ConsumeGenerator",
   "name":"聚变火力发电机",
   "description":"通过燃烧产生电能。",
   "researchCostMultiplier":2.5,//耗材*(倍数*30)=科技树研究所需
   "category":"power",
   "size":3,
   "health":960,
   "requirements": [
        "copper/300",
        "lead/300",
        "metaglass/150",
        "silicon/180",
        "下界合金/80"
   ],
   "consumes":{
        "itemFlammable":{"minFlammability":0.1}//只接受物品燃烧性≥0.1的物品
   },
   "itemCapacity":25,//物品容量
   "powerProduction":9.00,//发电倍数*60=发电量，发电倍数*6*物品燃烧性＝实际发电量
   "itemDuration":25,//物品发电时间，单位:帧
   "canOverdrive":true,//是否可以超速
   "research":"combustion-generator"
}