{
   // "type": "ConsumeGenerator",
    "name": "以太反应堆",
    "health": 560,
    "itemCapacity": 10,
    "size": 3,
    "hasItems": true,
    "hasLiquids": true,
    "itemDuration": 120,
    "powerProduction":300
    "powerProduction":4.5,
    "consumes":{
        "items":["以太结晶/1"],
        "liquids":["water/0.4"]
    },
    "requirements":[
        "graphite/40",
        "metaglass/50",
        "silicon/65",
    ],
    "research":"impact-reactor",
    "reseachCost":[
        "graphite/100",
        "metaglass/500",
        "silicon/255",
    ],
    "category":"power"
}