{
	"name":"舰体材料工厂"
	"type":"GenericCrafter"
	"description": "人类用于制造舰体材料的工厂，结构精密可以承受高强度打击。技术高超。￼￼￼",
	"itemCapacity":100,
	"health":1000,
	"size":3,
	"hasPower": true,
	"hasLiquids": false,
	"hasItems": true,
	"drawer":{
		"type":"DrawMulti",
		"drawers":[
		{"type":"DrawDefault"},
		{"type":"DrawFrames",
		"frames":5,
		"frameSpeed":5,
		"sine":true}
		]
	}
	"craftTime":150,
	"updateEffect": "none",
	"consumes": {
		"power":2,
		"items": {
			"items": [
				{ "item": "surge-alloy", "amount":4},
				{"item":"lead","amount":6},
				{"item":"titanium","amount":6},
				{"item":"phase-fabric","amount":4},
			]
},
	},
	"outputItem": { "item": "舰体材料", "amount":10}
	
	"requirements": [
				{ "item": "copper", "amount":500},
				{ "item": "lead", "amount":500},
				{ "item": "metaglass", "amount":500},
				{ "item": "graphite", "amount":500},
				{ "item": "titanium", "amount":500},
				{ "item": "thorium", "amount":500},
				{ "item": "silicon", "amount":500},
				{ "item": "plastanium", "amount":500},
				{ "item": "phase-fabric", "amount":500},
				{ "item": "surge-alloy", "amount":500},
	],
	"category": "crafting",
	"idleSound": "respawning",
	"idleSoundVolume": 0.5,
	"research": {
            "parent" : "信息",
            "requirements":[
            { "item": "thorium", "amount":400 },
            { "item": "silicon", "amount": 800,}
            { "item": "titanium", "amount": 600 },
            { "item": "copper", "amount":1200 },
            { "item": "lead", "amount": 800 }, 
            { "item": "surge-alloy", "amount": 400},
    ],
    }
}