{
	"name": "Speedster",
	"description": "The fastest and strongest mech",
	"speed": 3.0,
	"buildPower": 200.0,
	"engineColor": "666495",
	"flying": true,
	"health": 30000,
	"weaponOffsetX": 1,
	"weaponOffsetY": 1,
	"weapon": {
		"name": "OOF",
		"length": 3.5,
		"reload": 6,
		"alternate": true,
		"bullet": {
			"speed": 12,
			"damage": 400,
			"bulletWidth": 8,
			"bulletHeight": 23,
			"frontColor": #ffaf4a,
			"backColor": #ffaf9a,
			"shootEffect": "shootBig"
			"hitEffect": "hitFlameSmall",
			"despawnEffect": "none"
		}
	}
}