{
	"type": "flying",//类型
	"defaultController": "minerAI",//ai,矿机ai
	"flying":true,//飞行
	"accel": 0.1,"drag": 0.1,//加速，惯性
	"name": "移云",//名字
	"description": "自动开采矿物并运回核心中",//介绍
	"details":""//剧情
	"immunities": [
	"亡鸩增幅1",
"亡鸩增幅2",
"亡鸩增幅3",
"亡鸩增幅4",
"亡鸩增幅5",
"亡鸩增幅6",
"亡鸩增幅7",
"亡鸩增幅8",
"亡鸩增幅9",
"亡鸩增幅10",
"亡鸩增幅11",
"亡鸩增幅12"
	],
	"research": {
	"parent": "aiaf飞船制造厂"//科技树前置
},


	"mineItems":["铁""graphite"],

	"hitSize":7.3,//大小
	"mineWalls": true,//挖墙
	"engineSize":3,//引擎尺寸
	"engineOffset":5,//引擎偏移
	"trailLength": 5, //拖尾长
	"speed":4,//速度
	"health":250,//血量
	"itemCapacity":40,//物品容量
	"mineSpeed":2,//挖矿速度
	"mineTier":3,//挖矿等级
	"armor":2,//护甲
}
