{
	"type":"flying",//悬浮
	"flying":true,//飞行
	"hovering":false,//悬浮
	"accel":0.07,"drag":0.06,
	"faceTarget": true,//面向攻击点
	"useEngineElevation":false,
	"lowAltitude":true,
		"immunities": [
	"亡鸩增幅1",
"亡鸩增幅2",
"亡鸩增幅3",
"亡鸩增幅4",
"亡鸩增幅5",
"亡鸩增幅6",
"亡鸩增幅7",
"亡鸩增幅8",
"亡鸩增幅9",
"亡鸩增幅10",
"亡鸩增幅11",
"亡鸩增幅12"
	],
            "abilities":[
	{
		"type": "EnergyFieldAbility",
"x":0,"y":0,//位置
"damage": 40,//伤害
"reload": 120,//能量场激活间隔
"range": 120,//能量场范围
"status": "electrified",//被击中的敌军获得效果
"statusDuration": 240,//效果持续帧数
"targetGround": true,//瞄准陆军
"targetAir": true,//瞄准空军
"hitBuildings": false,//瞄准建筑物
"hitUnits": true,//瞄准单位
"healPercent": 0.6,//恢复友方生命百分比
"maxTargets": 5,//最大目标数
"useAmmo": false,//使用子弹
"color": "73FFAEFF",//颜色
		}
]
"engineSize":8,
	"engineOffset":15,
	"trailLength":10,
	"name":"穹卫",
	"description":"能够为敌人增加负面buff"
	"hitSize":40.5,//碰撞箱
	"rotateSpeed":2,//转身速度
	"itemCapacity":80,//物品容量
	"buildSpeed":1,//建筑速率
	"speed":1.3,//移速
	"health":2950,
	"armor":-4,//护甲
	"parts":[
	{"type":"HoverPart",
	"mirror":false,//是否镜像显示
	"x":0,"y":0,//平面坐标位置
	"radius":34,
	"phase":90,
	"stroke":2,
	"layerOffset":-0.001,
	"color":"73FFAEFF"
	}	]
	"research":{
	"parent": "ffab逐月",
	/*"objectives": [
	"",
	]*/	},

	"weapons":[
	{"name":"none",
		"mirror":false,
		"top":false,
		"x":0,"y":0,
		"rotate":false,
		"rotateSpeed":0,
		"reload":600,
		"recoil":0,
		"shootSound":"plasmaboom",

		"shoot": {"type": "shootSpread",//类型,扩散子弹
		"firstShotDelay":0
		"shots":4,//每轮子弹
		"spread":8},//扩散区域

		"bullet":{
		"keepVelocity":false,
		"type": "basicBulletType",
		"sprite": "冥痕json-圆",
		"damage":120,
		"width":16,"height":16,
		"speed":4,
		"lifetime":65,
		"homingDelay":1,
		"homingPower":0.2,
		"homingRange":320,
		"weaveScale": 5,
		"weaveMag": 3,
		"splashDamageRadius": 60,
		"splashDamage":40,
"status":"electrified",
        "statusDuration":180,
	"hitEffect": "healWave",
	"despawnEffect": "smokeCloud",
	"smokeEffect": "smokeCloud",
		"chargeEffect": {
		"type": "multiEffect",
		"lifetime": 80,
		"effects": [
		{"type": "WaveEffect",
		"lifetime": 85,
		"sizeFrom": 75,
		"sizeTo": 0,
		"interp": "pow3In",
		"strokeFrom": 0,
		"strokeTo": 6,
		"colorFrom": "73FFAEFF",
		"colorTo": "50A385FF",
		},
		{"type": "ParticleEffect",
		"line": true,
		"particles": 5,
		"lifetime": 80,
		"offset": 50,
		"length": 120,
		"baseLength": -120,
		"cone": 360,
		"interp": "pow3In",
		"sizeInterp": "pow5Out",
		"strokeFrom": 0,
		"strokeTo": 2,
		"lenFrom": 0,
		"lenTo": 7,
		"colorFrom": "73FFAEFF",
		"colorTo": "50A385FF",
		},
		{"type": "ParticleEffect",
		"line": true,
		"particles": 5,
		"lifetime": 70,
		"offset": 50,
		"length": 100,
		"baseLength": -100,
		"cone": 360,
		"interp": "pow3In",
		"sizeInterp": "pow5Out",
		"strokeFrom": 0,
		"strokeTo": 2,
		"lenFrom": 0,
		"lenTo": 6,
		"colorFrom": "73FFAEFF",
		"colorTo": "50A385FF",
		},
		{"type": "ParticleEffect",
		"line": true,
		"particles": 5,
		"lifetime": 60,
		"offset": 50,
		"length": 80,
		"baseLength": -80,
		"cone": 360,
		"interp": "pow3In",
		"sizeInterp": "pow5Out",
		"strokeFrom": 0,
		"strokeTo": 2,
		"lenFrom": 0,
		"lenTo": 5,
		"colorFrom": "73FFAEFF",
		"colorTo": "50A385FF",
		},
		{"type": "ParticleEffect",
		"particles": 1,
		"sizeFrom": 1,
		"sizeTo": 14,
		"interp": "swingOut",
		"length": 0,
		"lifetime": 90,
		"colorFrom": "73FFAEFF",
		"colorTo": "50A385FF",
		"cone": 360
		},
		{"type": "ParticleEffect",
		"particles": 1,
		"sizeFrom": 1,
		"sizeTo": 7,
		"interp": "swingOut",
		"length": 0,
		"lifetime": 90,
		"colorFrom": "FFFFFFF",
		"colorTo": "FFFFFFF",
		"cone": 360
		}	]	},

	"shootEffect":
		{"type": "ParticleEffect",
		"particles": 1,
		"sizeFrom": 1,
		"sizeTo": 9,
		"length": 0,
		"lifetime": 28,
		"colorFrom": "73FFAEFF",
		"colorTo": "50A385FF",
		"cone": 360
		},

	"frontColor": "73FFAEFF",
		"backColor": "50A385FF",
		"trailChance": 1,
		"trailEffect": {
		"type": "ParticleEffect",
		"particles": 1,
		"length": 0,
		"lifetime": 20,
		"sizeFrom": 16,
		"region": "冥痕json-圆",
		"colorFrom": "73FFAEFF",
		"colorTo": "50A385FF"
		}	}	}
	]
}