{
	"type":"payload",
	"flying":true,
	"accel":0.07,"drag":0.06,
	"faceTarget":true,
	"useEngineElevation":false,
	"lowAltitude":true,
		"payloadCapacity":5184,
	"immunities": [
	"亡鸩增幅1",
"亡鸩增幅2",
"亡鸩增幅3",
"亡鸩增幅4",
"亡鸩增幅5",
"亡鸩增幅6",
"亡鸩增幅7",
"亡鸩增幅8",
"亡鸩增幅9",
"亡鸩增幅10",
"亡鸩增幅11",
"亡鸩增幅12"
	],
	"engineSize":8,
	"engineOffset":40.25,
	"trailLength":10,
	"ammoType": {
		"type": "PowerAmmoType",
		"totalPower": 15000
	},
	/*"parts":[
	{"type":"HoverPart",
	"mirror":false,
	"x":0,"y":0,
	"radius":48,
	"phase":180,
	"stroke":2,
	"layerOffset":-0.001,
	"color":"73FFAEFF"
	}	]*/

	"name":"虚痕",
	"description":"搭载能量场，能够定期为己方单位施加效果，发射闪电治疗己方单位，攻击敌方单位"
	"hitSize":84,
	"rotateSpeed":0.9,
	"itemCapacity":120,
	"speed":1.1,
	"health":26370,
	"armor":8,

	"research":{
	"parent":"ffad巡界",
	},

	"abilities":[
			{
			"type": "StatusFieldAbility",
			"duration": 120,
			"reload":300,
			"range": 200,
			"applyEffect": "none",
			"activeEffect": {
				"type": "WaveEffect",
				"lifetime": 10,
				"sizeFrom": 200,
				"sizeTo": 200,
				"strokeFrom": 8,
				"strokeTo": 0,
				"colorFrom": "97FFA8",
				"colorTo": "97FFA800"
			},
			"effect": "治疗"
		},
	{"type":"ForceFieldAbility",
	"sides":8,
	"radius":128,
	"regen":3,
	"max":9000,
	"cooldown":600,
	},
	{"type":"EnergyFieldAbility",
	"x":0,"y":0,
	"damage":120,
	"reload":90,
	"range":144,	
	"effectRadius": 14,
			"sectors": 6,
			"sectorRad": 0.11,
	"status":"electrified",
	"statusDuration":180,
	"hitBuildings":true,
	"hitUnits":true,
	"healPercent":1.2,
	"maxTargets":8,
	"useAmmo":false,
	"color":"73FFAEFF",
	}	],
	"weapons":[	
	{"name":"none",
		"shootCone":15,
		"mirror":true,
		"top":true,
		"x":0,"y":0,
		"reload":180,
		"recoil":0.5,
		"rotateSpeed":3,
		"rotate":true,
		"layerOffset":0.003,
		"alternate":true,
		"shootY":0,
		"shake":3,
		"inaccuracy":2,
		"cooldownTime":200,
		"shootSound":"plasmaboom",
		"parentizeEffects":true,

		"shoot":{
		"firstShotDelay":80
		},

		"bullet":{
		"despawnShake":6,
		"keepVelocity":false,
		"type":"ArtilleryBulletType",
		"sprite":"冥痕json-小圆",
		"damage":360,
		"splashDamage":240,
		"splashDamageRadius":80,
		"height":48,"width":48,
		"spin":9,
		"speed":5,
		"homingRange":100,
		"homingPower":0.005,
		"hitSound":"coolplasmaboom",
		"trailColor":"73FFAEFF",
		"trailParam":5,
		"trailLength":12,
		"trailWidth":7,
		"lifetime":60,
		"shrinkX":-0.8,"shrinkY":-0.8,
		"lightColor":"50A385FF",

		"hitEffect":{
		"type":"multiEffect",
		"effects":[
		{"type":"ParticleEffect",
		"lightOpacity":0,
		"particles":32,
		"length":120,
		"baseLength":30,
		"lifetime":130,
		"layer":106,
		"interp":"exp5",
		"sizeFrom":24,
		"sizeTo":1,
		"colorFrom":"73FFAEFF",
		"colorTo":"50A385FF"
		},
		{"type":"ParticleEffect",
		"line":true,
		"particles":25,
		"lifetime":30,
		"offset":60,
		"baseLength":20,
		"length":100,
		"cone":-360,
		"strokeTo":0,
		"lightColor":"73FFAEFF",
		"strokeFrom":2.5,
		"sizeFrom":20,
		"sizeTo":13,
		"colorFrom":"73FFAEFF",
		"colorTo":"50A385FF"
		},
		{"type":"ParticleEffect",
		"particles":1,
		"sizeFrom":48,
		"sizeTo":0,
		"length":0,
		"layer":109,
		"lifetime":48,
		"colorFrom":"73FFAEFF",
		"colorTo":"50A385FF",
		"cone":360
		},
		{"type":"ParticleEffect",
		"particles":1,
		"sizeFrom":15,
		"sizeTo":0,
		"length":0,
		"lifetime":48,
		"colorFrom":"FFFFFFF",
		"colorTo":"FFFFFFF",
		"cone":360
		},
		{"type":"ParticleEffect",
		"line":true,
		"particles":20,
		"lifetime":60,
		"baseLength":30,
		"offset":30,
		"interp":"circleOut",
		"length":100,
		"cone":-360,
		"lenFrom":7,
		"lenTo":0,
		"colorFrom":"73FFAEFF",
		"colorTo":"50A385FF"
		},
		{"type":"ParticleEffect",
		"particles":40,
		"length":60,
		"lifetime":50,
		"cone":360,
		"colorFrom":"73FFAEFF",
		"colorTo":"50A385FF",
		"sizeFrom":5,
		"sizeTo":0
		},
		{"type":"ParticleEffect",
		"particles":30,
		"length":80,
		"lifetime":80,
		"cone":360,
		"colorFrom":"73FFAEFF",
		"colorTo":"50A385FF",
		"sizeFrom":5,
		"sizeTo":1
		},
		{"type":"WaveEffect",
		"lifetime":25,
		"sizeFrom":0,
		"sizeTo":115,
		"interp":"circleOut",
		"strokeFrom":3,
		"strokeTo":0,
		"colorFrom":"73FFAEFF",
		"colorTo":"50A385FF"
		},
		{"type":"WaveEffect",
		"lifetime":25,
		"sizeFrom":0,
		"sizeTo":100,
		"interp":"circleOut",
		"strokeFrom":4,
		"strokeTo":0,
		"colorFrom":"73FFAEFF",
		"colorTo":"50A385FF"
		}	]	},

		"smokeEffect":"none",

		"reflectable":false,
		"hittable":false,
		"absorbable":false,

		"trailInterval":300,
		"trailChance":0,
		"trailEffect":"none",

		"frontColor":"50A385FF",
		"backColor":"73FFAEFF"

	"chargeEffect":{
		"type":"multiEffect",
		"effects":[
		{"type":"ParticleEffect",
		"particles":1,
		"length":0,
		"lifetime":80,
		"colorFrom":"73FFAEFF",
		"colorTo":"50A385FF",
		"sizeFrom":0,
		"sizeTo":12
		},
		{"type":"WaveEffect",
		"lifetime":70,
		"sizeFrom":40,
		"sizeTo":0,
		"interp":"circleOut",
		"strokeFrom":3,
		"strokeTo":5,
		"colorFrom":"73FFAEFF",
		"colorTo":"50A385FF"
		}	]
		}	}	},
		{
			"name": "ffae虚痕1",
			"type": "RepairBeamWeapon",
			"x": -20.5,
			"y": 26.5,
			"shootY": 2,
			"beamWidth": 0.8,
			"mirror": true,
			"repairSpeed": 1,
			"bullet": {
				"maxRange": 160
			}
		},
		{
			"name": "ffae虚痕1",
			"type": "RepairBeamWeapon",
			"x": -28.25,
			"y": -13.25,
			"shootY": 2,
			"beamWidth": 0.8,
			"mirror": true,
			"repairSpeed": 1,
			"bullet": {
				"maxRange": 160
			}
		},
			{
			"name": "ffae虚痕1",
			"type": "RepairBeamWeapon",
			"x": -16.5,
			"y": -21.5,
			"shootY": 2,
			"beamWidth": 0.8,
			"mirror": true,
			"repairSpeed": 1,
			"bullet": {
				"maxRange": 160
			}
		},
	]
}