{
	"name":"钛合金压缩仓库",
	"description":"该仓库被破坏以后不会爆炸",
	"itemCapacity":1000000,
	"hasItems":true,
	"health":10000,
	"research":{
	"parent":"ck",
    "requirements":[
		{"item":"Mg-Al","amount":8000},
		{"item":"Fe-C","amount":20000},
		{"item":"Al","amount":50000},
		{"item":"Ti+","amount":4000}
	]},
	"size":4,
	"requirements": [
		{"item":"Mg-Al","amount":800},
		{"item":"Fe-C","amount":2000},
		{"item":"Al","amount":5000},
		{"item":"Ti+","amount":400},
		{"item":"普通科技点","amount":960}
	],
	"category": "effect"
}