{
	"name":"机器人修复中心",
	"description":"修复AI",
	"size":1,
	"hasItems":false,
	"hasPower":true,
	"hasLiquids":false,
	"consumes": {
		"power":5.0
	},
	"requirements": [
		{ "item": "xvx-ai", "amount":2},
		{ "item": "Fe-C", "amount":150},
		{ "item": "Mg", "amount":300},
		{"item":"普通科技点","amount":60}
	],
	"health":300,
	"repairSpeed":5,
	"repairRadius":80,
	"category":"units",
	"research":{
	"parent":"xvx-ai-Plant",
    "requirements":[
		{ "item": "xvx-ai", "amount":20},
		{ "item": "Fe-C", "amount":1500},
		{ "item": "Mg", "amount":3000}
	]}
}