{
    "type": "PowerNode",
    "name": "中子电力素节点",
    "description": "连接电力，范围大",
    "details": "与其说它是一个电力节点，还不如说是一个小型电池",
    "size": 1,
    "health": 1200,
    "maxNodes": 20,
    "laserRange": 50,
    "hasPower": true,
    "consumesPower": true,
    "outputsPower": true,
    "consumes": {
        "powerBuffered": 9800000
    },
    "requirements": [
        "copper/50"
        "中子锭/10"
    ],
    "category": "power",
    "research": "surge-tower"
}