{
    "type": "PowerNode",
    "name": "无尽催化节点",
    "description": "连接电力，范围几乎覆盖全图，链接数量超多",
    "details": "电力铺不满？一个就够了！",
    "size": 3,
    "health": 1200,
    "maxNodes": 1200,
    "laserRange": 180,
    "hasPower": true,
    "consumesPower": true,
    "outputsPower": true,
    "consumes": {
        "powerBuffered": 100000
    },
    "requirements": [
        "copper/50"
        "无尽催化剂/1"
        "中子素颗粒/10"
    ],
    "category": "power",
    "research": "中子电力节点"
}