{
	"ammoTypes":{
		"scrap":{
			"type":"FlakBulletType",
    		"lifetime":60,
            "ammoMultiplier":5,
            "shootEffect":"shootSmall",
            "reloadMultiplier":0.75,
            "width":6,
            "height":8,
            "hitEffect":"flakExplosion",
            "splashDamage":15,
            "splashDamageRadius":40,
            "speed":2.8,
            "damage":2
        },
        "lead":{
        	"lifetime":60,
        	"type":"FlakBulletType",
            "ammoMultiplier":4,
            "reloadMultiplier":1.1,
            "shootEffect":"shootSmall",
            "width":6,
            "height":8,
            "hitEffect":"flakExplosion",
            "splashDamage":19,
            "splashDamageRadius":40,
            "speed":3.8,
            "damage":2
        },
        "metaglass":{
       		"lifetime":70,
       		"type":"FlakBulletType",
            "ammoMultiplier":5,
            "shootEffect":"shootSmall",
            "reloadMultiplier":0.8,
            "width":6,
            "height":8,
            "hitEffect":"flakExplosion",
            "splashDamage":22,
            "splashDamageRadius":60,
            "damage":3,
            "speed":4,
            "fragBullet":{
            	"type":"BasicBulletType",
            	"speed":3,
            	"width":5,
            	"height":12,
            	"shrinkY":1,
            	"lifetime":20,
            	"backColor":"A0A0A0",
            	"frontColor":"F2F2F2",
            	"despawnEffect":"none"
            },
            "fragBullets":3
        }
    },
    "requirements":[
		"buildModel/10",
		"shootModel/1",
		"copperGear/10"
	]
}