{
	"type":"Reconstructor",
	"name":"tetrative-reconstructor-effect",
	"size":9,
	"consumes":{
		"power": 30,
		"items":{
			"items":[
				"attackModelLV5/1"
				"effectModelLV5/20"
			]
		}
		
		"liquid":{
			"liquid":"cryofluid",
			"amount":3
		}
	}
	
	"upgrades":[
		["vela","corvus"],
		["quad","oct"],
		["aegires","navanax"]
	]
	
	"requirements":[
		"buildModelLV5/300",
		"specialTrafficKitTypeA/200",
		"liquidModel/250"
	]
	"research":"tetrative-reconstructor",
	"category":"units"
}