{
	"name":"低级矿物降级器",
	"type":"Separator",
	"description": "使用等级触媒和电，将钛转化为4种低级矿物，需要持续冷却。",
	"details": "等级触媒蕴含升降的奇妙的魔力，他自大魔法师首次发明以来，被广泛使用。",
	"itemCapacity":20,
	"health":300,
	"size":3,
	"hasPower": true,
	"hasLiquids": false,
    "hasItems": true,
	"craftTime":6,
	"updateEffect": "freezing",
	"consumes": {
		"power":2.5,
		"liquid": {
            "liquid": "water",
            "amount": 0.06,
            "optional": false
          },
		"items": {
			"items": [
				{ "item": "titanium", "amount": 1 },
				{ "item": "等级触媒", "amount": 1 }
			]

		}
	},
  	"liquidCapacity": 10,
	"results":[ { "item": "copper", "amount": 20},
                { "item": "lead", "amount": 20},
                { "item": "coal", "amount": 20},
	            { "item": "sand", "amount": 20 }
],
	"requirements": [
		{ "item": "樱花花瓣", "amount": 150 },
		{ "item": "silicon", "amount": 80 },
	    { "item": "titanium", "amount": 90 }
	],
	"category": "crafting",
	"research": "等级触媒混合器",
	"idleSound": "respawning",
	"idleSoundVolume": 0.5
}