{
	"name":"手里剑模板铸造器",
	"type":"GenericCrafter",
	"description": "使用石墨与玻璃混合熔铸为手里剑模板",
	"details": "耐高温，更快的转化效率",
	"itemCapacity":20,
	
	"health":700,
	"size":2,
	"hasPower": true,
	"hasLiquids": false,
	"hasItems": true,
	
	"craftTime":30,
	"updateEffect": "none",
	"consumes": {
		"power":1.5,
		"items": {
			"items": [
				{ "item": "graphite", "amount": 1 },
				{ "item": "metaglass", "amount": 1 }
			]

		}
	},
  	"liquidCapacity": 0,
	"outputItem": { "item": "手里剑模板", "amount": 3 }
,	
	"requirements": [
		{ "item": "lead", "amount": 100 },
		{ "item": "silicon", "amount": 15 },
		{ "item": "graphite", "amount": 45 }
	],
	"category": "crafting",
	"research": "kiln",
	"idleSound": "respawning",
	"idleSoundVolume": 0.5
}