{
	"name":"樱爆混合器",
	"type":"GenericCrafter",
	"description": "使用樱花花瓣与孢子混合制成樱花爆炸物.",
	"details": "当心爆炸!.",
	"itemCapacity":20,
	"health":240,
	"size":2,
	"hasPower": true,
	"hasLiquids": false,
    "hasItems": true,
	"craftTime":90,
	"updateEffect": "freezing",
	"consumes": {
		"power":3.5,
		"items": {
			"items": [
				{ "item": "樱花花瓣", "amount": 1 },
                { "item": "spore-pod", "amount": 1 }
			]

		}
	},
  	"liquidCapacity": 0,
	"outputItem": { "item": "樱花爆炸物", "amount": 3 },
	"requirements": [
		{ "item": "silicon", "amount": 10 },
        { "item": "lead", "amount": 35 },
		{ "item": "樱花剑", "amount": 15 },
        { "item": "樱花花瓣", "amount": 15 }
	],
	"category": "crafting",
	"research": "blast-mixer",
	"idleSound": "respawning",
	"idleSoundVolume": 0.5
}