{
	"name":"樱花硫混合器",
	"type":"GenericCrafter",
	"description": "使用樱花花瓣代替煤炭制作樱花硫",
	"details": "燃起来了.",
	"itemCapacity":20,
	"health":240,
	"size":2,
	"hasPower": true,
	"hasLiquids": false,
    "hasItems": true,
	"craftTime":90,
	"updateEffect": "freezing",
	"consumes": {
		"power":2,
		"items": {
			"items": [
				{ "item": "樱花花瓣", "amount": 1 },
                { "item": "lead", "amount": 1 },
                { "item": "sand", "amount": 2 }
			]

		}
	},
  	"liquidCapacity": 0,
	"outputItem": { "item": "樱花硫", "amount": 3 },
	"requirements": [
		{ "item": "copper", "amount": 25 },
        { "item": "lead", "amount": 20 },
        { "item": "樱花花瓣", "amount": 15 }
	],
	"category": "crafting",
	"research": "pyratite-mixer",
	"idleSound": "respawning",
	"idleSoundVolume": 0.5
}