{
	"name":"武士刀模板铸造器",
	"type":"GenericCrafter",
	"description": "使用硅与钛混合熔铸为武士刀模板",
	"details": "人们发现，运用模板比手工制作刀身快了十倍以上",
	"itemCapacity":20,
	"health":650,
	"size":2,
	"hasPower": true,
	"hasLiquids": false,
	"hasItems": true,
	
	"craftTime":30,
	"updateEffect": "none",
	"consumes": {
		"power":1,
		"items": {
			"items": [
				{ "item": "silicon", "amount": 1 },
				{ "item": "titanium", "amount": 1 }
			]

		}
	},
  	"liquidCapacity": 0,
	"outputItem": { "item": "武士刀模板", "amount": 2 }
,	
	"requirements": [
		{ "item": "copper", "amount": 75 },
		{ "item": "silicon", "amount": 20 },
		{ "item": "titanium", "amount": 30 }
	],
	"category": "crafting",
	"research": "silicon-smelter",
	"idleSound": "respawning",
	"idleSoundVolume": 0.5
}