{
	"name":"武士刀锻造厂-樱花型",
	"type":"GenericCrafter",
	"description": "使用模板将樱花花瓣变为樱花武士刀",
	"details": "人们发现，运用模板比手工制作刀身快了十倍以上",
	"itemCapacity":20,
	
	"health":750,
	"size":2,
	"hasPower": true,
	"hasLiquids": false,
	"hasItems": true,
	
	"craftTime":60,
	"updateEffect": "none",
	"consumes": {
		"power":1.5,
		"items": {
			"items": [
				{ "item": "樱花花瓣", "amount": 2 },
				{ "item": "武士刀模板", "amount": 2 }
			]

		}
	},
  	"liquidCapacity": 0,
	"outputItem": { "item": "樱花武士刀", "amount": 2 }
,	
	"requirements": [
		{ "item": "copper", "amount": 100 },
		{ "item": "silicon", "amount": 30 },
		{ "item": "titanium", "amount": 30 },
		{ "item": "樱花剑", "amount": 25 }
	],
	"category": "crafting",
	"research": "武士刀模板铸造器",
	"idleSound": "respawning",
	"idleSoundVolume": 0.5
}