{
	"name":"矿物升级器",
	"type":"Separator",
	"description": "使用等级触媒和电，将钛升级为樱花花瓣，需要持续水冷供应。",
	"details": "等级触媒蕴含着升降的奇妙的魔力，他自大魔法师首次发明以来，被广泛使用。",
	"itemCapacity":20,
	"health":300,
	"size":3,
	"hasPower": true,
	"hasLiquids": false,
    "hasItems": true,
	"craftTime":6,
	"updateEffect": "freezing",
	"consumes": {
		"power":3,
		"liquid": {
            "liquid": "water",
            "amount": 0.12,
            "optional": false
          },
		"items": {
			"items": [
				{ "item": "titanium", "amount": 1 },
				{ "item": "等级触媒", "amount": 1 }
			]

		}
	},
  	"liquidCapacity": 10,
	"results":[ 
	            { "item": "樱花花瓣", "amount": 20 }
],
	"requirements": [
		{ "item": "silicon", "amount": 100 },
		{ "item": "copper", "amount": 100 },
		{ "item": "钛剑", "amount": 75 },
		{ "item": "thorium", "amount": 50 },
		{ "item": "titanium", "amount": 120 }
	],
	"category": "crafting",
	"research": "等级触媒混合器",
	"idleSound": "respawning",
	"idleSoundVolume": 0.5
}