{
 "type": "logicDisplay",
 "displaySize": 272,
 "size": 9,
 "health": 370,
 "name": "巨型逻辑显示屏",
 "category": "logic",
 "description": "用于逻辑处理显示 比原版更大看得更加清晰\n嫌原屏太小？不如来一个81㎡的大屏幕吧 记得带上3D眼镜哦(雾)",
 "requirements": [
	{ "item": "plastanium", "amount": 70},
	{ "item": "titanium", "amount": 170 },
	{ "item": "silicon", "amount": 200 },
	{ "item": "phase-fabric", "amount": 120},
	{ "item": "surge-alloy", "amount": 30}
	],
}