{
    "name":"TL-机械钻头",
    "type": "Drill",
    "description":"放置在矿物上时，以缓慢的速度无限输出物品，只能开采基本资源。",
    "size": 2,
    "health": 500,
    "tier": 2,
    "drillTime": 75,//每多少帧可以钻（钻头面积）个物品
    "liquidBoostIntensity":2,
    "canOverdrive": true,
    "warmupSpeed": 0.06,
    "drillEffect": "none",
    "updateEffect": "none",
    "rotateSpeed": 4.8,
    "drawMineItem": false,
    "idleSound":"DrillBit",
	"idleSoundVolume": 0.1,
    "consumes": {
        "liquid": {
            "liquid": "water",
            "amount": 0.01,
            "booster": true,
            "optional": true
        }
    },
    "itemCapacity": 30,
    "liquidCapacity": 10,
    "requirements": [	
   { "item": "copper", "amount": 20 },
   "建筑废料/35"
    ],
    "category": "production",
    "research": "建筑废料提取机"
}
