{
	"type": "GenericCrafter",
	"health": 450,
	"name": "大型建筑废料提取机",
	"description": "更高效的从地下将建筑废料提取出来。",
	"outputItem": {"item": "建筑废料", "amount": 5},
	"itemCapacity": 10,
	"size": 2,
	"hasPower": true,
	"hasLiquids": false,
	"hasItems": true,
	"craftTime": 50,
	"updateEffect": "mineBig",
	"consumes": {
	"items": {	"items": [
	{ "item": "建筑废料", "amount": 0 },	]
		}
	},
	"requirements": [
		"建筑废料/70"
		"copper/50"
		"lead/45"
		"silicon/25"
		"graphite/30"
		"铜铅合金/40"
		],
		    "drawer":{
        "type":"DrawMulti",
        "drawers":[
            "DrawDefault",
            ]
    },
	    "category": "production",
	    "alwaysUnlocked": true ,
        "research": "建筑废料提取器"
	"idleSound": "respawning",
	"idleSoundVolume": 0.2
}