{
	"type": "GenericCrafter",
	"health": 450,
	"name": "建筑废料提取机",
	"description": "从地下将建筑废料提取出来。",
	"outputItem": {"item": "建筑废料", "amount": 1},
	"itemCapacity": 10,
	"size": 1,
	"hasPower": true,
	"hasLiquids": false,
	"hasItems": true,
	"craftTime": 200,
	"updateEffect": "mineBig",
	"consumes": {
	"items": {	"items": [
	{ "item": "建筑废料", "amount": 0 },	]
		}
	},
	"requirements": [
		"冰晶/150"
		],
		    "drawer":{
        "type":"DrawMulti",
        "drawers":[
            "DrawDefault",
            ]
    },
	    "category": "production",
	    "alwaysUnlocked": true ,
        "research": "一代初始核心"
	"idleSound": "respawning",
	"idleSoundVolume": 0.2
}