{
"name": "乱石荒滩",
	"description": "荒凉，一望无际的荒凉，这里绝对不像是有生命的样子，但煤的存在背叛了它的表象，你已经别无选择，你发誓你已经受够了剧毒的紫色孢子和黏糊糊会变异成大虫子的瘤液",
	"details":"目标：找到绿色植物",
    "planet":"伊甸"//母星名字。
    "sector":2//区块坐标
    "captureWave":21//胜利波次
    "difficulty":1//难度1一5
    "alwaysUnlocked": true,
    "research": {
		"parent": "着陆区",
		"objectives": [
            {
				"type": "SectorComplete",
				"preset": "着陆区"
			}
			]}
}