{
	"type": "mech",
	"legCount":2,
    "legLength":2,
    "legForwardScl":0.6,
    "legMoveSpace":1.4,
	"name": "德尔塔",
	"description": "向目标发射子弹，相比于核心建造机有一定攻城能力，助推器使其能够跨越地形与水域",
    "speed": 2.2,
    "hitSize": 12,
    "buildSpeed":0.8,
    "ammoCapacity": 15,
    "ammoType":"graphite",
    "health": 720,
    	"mineTier":1,
	"mineSpeed":1.5,
    "armor": 3,
    "drag": 0.2,
    "rotateSpeed": 2.5,
    "itemCapacity": 50,
            "canBoost": true,
        "hovering":true,
    "canDrown": true,
        "targetAir":false,  
    "targetGround":true,
	"weapons":[{	"name": "德尔塔1",	
		"reload":15,
        "x": 4,  "y": 1.5, 
        "rotate": true,
        "rotateSpeed":24,
        "inaccuracy": 0,
		"shoot":{
			"shots":1,
			"shotDelay":3
		},
		"shootSound": "pew",
		"rotateSpeed": 0,//炮台转头速度
		"alternate": true,
		"ejectEffect":"casing1",
		"bullet":{
"buildingDamageMultiplier":0.4,
"homingRange": 80,
"homingPower": 0.1,
	    "damage":22,	  
	    "speed":3.5,
	    "lifetime":40,
	    "width":7,	 "height":10
	}	}
]
}