{
	"type": "flying",
	"name": "战术核心一死守",
	"description": "使周围的单位进入死守模式。",
	"speed": 2.4,	
	"drag":0.05,"accel":0.1,
	"rotateSpeed":10,
	"ammoType":{
	"type":"PowerAmmoType",
	"totalPower":100},
	"ammoCapacity": 300,
	"hitSize":10, 
	"buildSpeed": 0.25,
	"flying": true,
	"faceTarget": true,
	"health": 1200,
	"armor":2,
	"engineOffset": 6,
	"engineSize": 5,
	"research": "战术中心",
	"abilities": [
{ "type": "StatusFieldAbility",
    "duration": 1000,
    "reload": 300,
    "range": 30,
    "applyEffect":"none",
    "activeEffect":{"type": "WaveEffect",
    "lifetime": 10,
    "sizeFrom":8,
    "sizeTo": 40,
    "strokeFrom": 2,
    "strokeTo": 0,
    "colorFrom": "ffffff",
    "colorTo": "ffffff"},
    "effect":"死守"  }	  ],
	"controller": "DefenderAI",
}
