{
	"type": "flying",
	"name":"奥普西隆",
	"description": "保护核心的单位，能发射熔融射线,能开采硬度较高的矿物。",
	"speed": 5.8,
	"accel":0.05,"drag":0.03,
	"rotateSpeed":5,
	"ammoType":"titanium",
	"ammoCapacity": 300,
	"hitSize":15, 
	"buildSpeed":0.9,
	"flying": true,
	"health":1280,
	"armor":4,
	"mineTier":3,
	"mineSpeed":4.5,
	"engineOffset": 0,
	"engineSize": 0, 
	    "abilities": [/*能力（如力场防御等） */
	    {
    "type":"ForceFieldAbility",/*类型:力场能力 */
    "radius": 60,/*半径大小，按8/格算！ */
    "regen": 1,/*再生，力场回血的速度，别过高！ */
    "max": 900,/*力场血量上限 */
    "cooldown": 600,}/*冷却时间，力场打没了之后重新出现的时间 */
	    {
        "type": "RepairFieldAbility"
        "amount":120
        "reload": 120
        "range": 30
    }
    {
        "type": "ShieldRegenFieldAbility",
        "amount": 100.0,
        "max": 800.0,
        "reload": 100.0,
        "range": 3.0,
    }]
	"weapons":[
{   "name":"星光主炮",
    "mirror":false,
    "top":false,
    "shake":2,
    "rotate":false,
    "x":0,"y":2,
    "reload":30,
    "shootSound":"激光",
    "continuous":true,
    "bullet":{
"type": "LaserBulletType",
"damage":66,
"healPercent": 0.5,
"buildingDamageMultiplier":0.01,
	"shootEffect":{
    "type": "ParticleEffect",
    "particles": 5,
    "line": true,
    "strokeFrom": 2,
    "strokeTo": 0,
    "lenFrom": 10,
    "lenTo": 0,
    "length": 50,
    "baseLength": 0,
    "lifetime": 30,
    "colorFrom": "FEEBB3FF",
    "colorTo": "ffffff",
    "cone": 30},
"collidesTeam":true,
"sideAngle":145,
"sideWidth":1,
"sideLength":45,
"colors":["FEEBB390", "FEEBB3FF", "FFFFFF"],
"width":15, "length":300
	}}
	{	"name": "德尔塔1",	
		"reload":60,
        "x": 4,  "y": 1.5, 
        "rotate": true,
        "rotateSpeed":24,
        "inaccuracy": 0,
		"shoot":{
			"shots":1,
			"shotDelay":30
		},
		"shootSound": "pew",
		"rotateSpeed": 0,//炮台转头速度
		"alternate": true,
		"ejectEffect":"casing1",
		"bullet":{
"buildingDamageMultiplier":0.4,
"homingRange": 80,
"homingPower": 0.1,
	    "damage":62,	  
	    "speed":3.5,
	    "lifetime":60,
	    "width":9,	 "height":19
	    				"intervalBullets":6 ,
			"intervalBullet": {"buildingDamageMultiplier":0.4,
"homingRange": 80,
"homingPower": 0.1,
	    "damage":12,	  
	    "speed":3.5,
	    "lifetime":40,
	    "width":2,	 "height":7
			}
	}	}
	]
}
