{
"Name": "星梭",
  "description": "快速攻击潜艇，配备双机枪系统",
  "details": "高速侦察/防御型潜艇\n\n[red]▸[] 双联装7.62mm机枪\n[green]▸[] 静音潜航模式\n[lightgray]▸[] 快速部署能力",
	"speed": 1.35,
	"type": "naval",
	"rotateSpeed": 3,
	"ammoType": "graphite",
	"ammoCapacity": 60,
	"trailLength": 24,
	"waveTrailX": 0,
	"waveTrailY": -6,
	"trailScl": 2,
	"hitSize": 10,
	"health": 300,
	"armor": 2,
	"faceTarget": false,
	"research": "risso",
	"requirements": {
		"block": "naval-factory",
		"time": 3600,
		"requirements": [
			"silicon/35",
			"titanium/35",
			"metaglass/25"]},
	"weapons": [
    {
      "name": "mg-left",
      "x": 3.5,
      "y": -0.5,
      "shootY": 1.2,
      "reload": 4.5,
      "shootSound": "JG1",
      "rotate": true,
      "mirror": false,
      "bullet": {
        "type": "BasicBulletType",
        "damage": 6.8,
        "speed": 8.5,
        "lifetime": 28,
        "width": 5,
        "height": 7,
        "ammoMultiplier": 1,
        "splashDamage": 0,
        "shootEffect": "shootSmall",
        "smokeEffect": "shootSmallSmoke",
        "trailColor": "FFD27F",
        "trailLength": 6,
        "trailWidth": 1.5
      }
    },
    {
      "name": "mg-right",
      "x": -3.5,
      "y": -0.5,
      "shootY": 1.2,
      "reload": 4.5,
      "shootSound": "JG1",
      "rotate": true,
      "mirror": true,
      "bullet": {
        "type": "BasicBulletType",
        "damage": 6.8,
        "speed": 8.5,
        "lifetime": 28,
        "width": 5,
        "height": 7,
        "ammoMultiplier": 1,
        "splashDamage": 0,
        "shootEffect": "shootSmall",
        "smokeEffect": "shootSmallSmoke",
        "trailColor": "FFD27F",
        "trailLength": 6,
        "trailWidth": 1.5
      }
    }
  ],
}