{
  "name": "星云",
  "description": "T3高级潜艇/蜂群导弹平台。配备智能追踪鱼雷和热能切割防御系统，适合水下突袭和区域压制。",
  "details": "星云级潜艇 - 深水作战精英单位 ，智能蜂巢导弹系统，相位式深水脉冲炮 ，过热切割防御射线，声呐隐形涂层",
  "type": "naval",
  "speed": 1.6,
  "drag": 0.03,
  "mass": 4.2,
  "hitSize": 16,
  "health": 1400,
  "armor": 8,
  "itemCapacity": 40,
  "buildSpeed": 1.8,
  "engineOffset": 8.5,
  "engineSize": 3.2,
  "rotateSpeed": 2.4,
  "flying": false,
  "lowAltitude": true,
  "targetAir": true,
  "targetGround": true,
  	"ammoType": {
		"type": "PowerAmmoType",
		"totalPower": 50
	},

  "weapons": [
    // 主武器：蜂群导弹系统
    {
			"name": "蛟龙1",
			"x": 3.5,
             "y": -1,
			"reload": 30,
			"shootCone": 60,
			"shoot": {
				"type": "ShootSpread",
				"shots": 5,
				"spread": 8
			},
			"shootSound": "missile",
			"rotate": true,
			"rotateSpeed": 4,
			"inaccuracy": 6,
			"xRand": 6,
			"autoTarget": true,
			"bullet": {
				"type": "MissileBulletType",
				"damage": 70,
				"splashDamageRadius": 45,
				"splashDamage": 96,
				"homingDelay": 15,
				"homingRange": 60,
				"homingPower": 0.35,
				"shootEffect": "shootBig2",
				"smokeEffect": "shootSmallFlame",
				"hitEffect": "flakExplosionBig",
				"hitSound": "explosion",
				"trailLength": 9,
				"trailWidth": 2.5,
				"width": 12,
				"height": 13,
				"speed": 6,
				"lifetime": 78.5
			}
		},
    {
			"name": "江豚1",
			"x": 9,
			"y": 3,
			"rotate": true,
			"rotateSpeed": 4,
			"inaccuracy": 1,
			"shootSound": "missile",
			"reload": 100,
			"shoot": {
				"shots": 3,
				"shotDelay": 8,
				"type": "ShootBarrel",
				"barrels": [
					1.5,5.5,-7.5,
					3.5,3.5,-22.5,
					2.5,4.5,-15
				]
			},
			"bullet": {
				"type": "BasicBulletType",
				"height": 16,
				"width": 10,
				"damage": 33,
				"shrinkY": 0,
				"weaveScale": 8,
				"weaveMag": 1,
				"keepVelocity": false,
				"absorbable": false,
				"homingDelay": 50,
				"homingPower": 0.08,
				"homingRange": 80,
				"splashDamageRadius": 55,
				"splashDamage": 45,
				"sprite": "missile-large",
				"frontColor": "FFFFFF",
				"backColor": "97FFA8",
				"collidesTeam": true,
				"healPercent": 2.8,
				"trailLength": 46,
				"trailWidth": 2,
				"trailColor": "97FFA8",
				"speed": 1,
				"lifetime": 100,
				"drag": -0.017,
				"hitEffect": {
					"type": "ExplosionEffect",
					"lifetime": 28,
					"waveStroke": 6,
					"waveLife": 10,
					"waveRadBase": 7,
					"waveColor": "97FFA8",
					"waveRad": 30,
					"smokes": 6,
					"smokeColor": "FFFFFF",
					"sparkColor": "97FFA8",
					"sparks": 6,
					"sparkRad": 35,
					"sparkStroke": 1.5,
					"sparkLen": 4
				},
				"smokeEffect": "none",
				"hitSound": "plasmaboom",
				"fragBullets": 7,
				"fragVelocityMin": 0.3,
				"fragBullet": {
					"type": "MissileBulletType",
					"width": 8,
					"height": 8,
					"shrinkY": 0,
					"frontColor": "FFFFFF",
					"backColor": "97FFA8",
					"collidesTeam": true,
					"healPercent": 2.8,
					"trailChance": -1,
					"trailLength": 20,
					"trailWidth": 2.2,
					"trailColor": "97FFA8",
					"speed": 4,
					"lifetime": 60,
					"damage": 8,
					"splashDamageRadius": 13,
					"splashDamage": 13,
					"ammoMultiplier": 5,
					"hitEffect": {
						"type": "ExplosionEffect",
						"lifetime": 20,
						"waveStroke": 2,
						"waveColor": "97FFA8",
						"waveRad": 12,
						"smokes": 0,
						"sparkColor": "97FFA8",
						"sparks": 9,
						"sparkRad": 35,
						"sparkStroke": 1.5,
						"sparkLen": 4
					},
					"status": "electrified",
					"statusDuration": 360
				}
			}
		},
  ],

"research": "海2",
	"requirements": {
		"block": "multiplicative-reconstructor",
		"previous": "海2"
	},
  "immunities": ["wet", "tarred"
               "wet", "slow"                       "wet", "corroded" ]
}