{
	"type": "naval",
	"name": "星体",
	"speed": 0.7,
	"rotateSpeed": 0.825,
	"ammoType": "surge-alloy",
	"ammoCapacity": 400,
	"hitSize": 50,
	"health": 24500,
	"armor": 10,
	"trailLength": 36,
	"waveTrailX": 14,
	"waveTrailY": -30,
	"trailScl": 2.8,
	"faceTarget": false,
	"research": "海3",
	"requirements": {
		"block": "exponential-reconstructor",
		"previous": "海3"
	},
	"weapons": [
	{
			"name": "巫妖2",
			"reload": 50,
			"x": 18,
			"y": 8,
			"shootY": 6,
			"shoot": {
				"shots": 5,
				"shotDelay": 1
			},
			"rotate": true,
			"inaccuracy": 10,
			"alternate": true,
			"shootSound": "missile",
			"ejectEffect": "casing1",
			"bullet": {
				"type": "MissileBulletType",
				"damage": 18,
				"splashDamageRadius": 35,
				"splashDamage": 37,
				"status": "blasted",
				"hitEffect": "flakExplosionBig",
				"despawnEffect": "flakExplosionBig",
				"smokeEffect": "none",
				"speed": 5,
				"lifetime": 40,
				"width": 7,
				"height": 8
			}
		},
			{
			"name": "巫妖2",
			"reload": 50,
			"x": -18,
			"y": 8,
			"shootY": 6,
			"shoot": {
				"shots": 5,
				"shotDelay": 1
			},
			"rotate": true,
			"inaccuracy": 10,
			"alternate": true,
			"shootSound": "missile",
			"ejectEffect": "casing1",
			"bullet": {
				"type": "MissileBulletType",
				"damage": 18,
				"splashDamageRadius": 35,
				"splashDamage": 37,
				"status": "blasted",
				"hitEffect": "flakExplosionBig",
				"despawnEffect": "flakExplosionBig",
				"smokeEffect": "none",
				"speed": 5,
				"lifetime": 40,
				"width": 7,
				"height": 8
			}
		},
			{
			"name": "蛟龙1",
			"mirror": false,
			"x": 0,
			"y": 0,
			"reload": 80,
			"shoot": {
				"shots": 8,
				"shotDelay": 1
			},
			"shootSound": "missile",
			"rotate": true,
			"rotateSpeed": 4,
			"xRand": 6,
			"inaccuracy": 6,
			"bullet": {
				"type": "MissileBulletType",
				"damage": 52,
				"shootEffect": "none",
				"smokeEffect": "none",
				"splashDamageRadius": 35,
				"splashDamage": 52,
				"lightningDamage": 13,
				"lightning": 2,
				"lightningLength": 10,
				"hitEffect": "flakExplosionBig",
				"despawnEffect": "flakExplosion",
				"width": 8,
				"height": 9,
				"speed": 4.5,
				"lifetime": 70
			}
		},
		{
			"name": "巫妖2",
			"reload": 75,
			"x": -18,
			"y": -9,
			"shootY": 6,
			"shoot": {
				"shots": 5,
				"shotDelay": 1
			},
			"rotate": true,
			"inaccuracy": 10,
			"alternate": true,
			"shootSound": "missile",
			"ejectEffect": "casing1",
			"bullet": {
				"type": "MissileBulletType",
				"damage": 20,
				"splashDamageRadius": 35,
				"splashDamage": 42,
				"status": "blasted",
				"statusDuration": 60,
				"hitEffect": "flakExplosionBig",
				"despawnEffect": "flakExplosionBig",
				"smokeEffect": "none",
				"speed": 5,
				"lifetime": 40,
				"width": 7,
				"height": 8
			}
		},
		{
			"name": "天罡2",
			"mirror": false,
			"x": 12,
			"y": -18,
			"baseRotation": -45,
			"reload": 30,
			"shoot":{
				"shots": 2,
				"shotDelay": 8
			},
			"recoil": 0,
			"shootCone": 360,
			"shootSound": "missileSmall",
			"rotate": false,
			"inaccuracy": 5,
			"xRand": 3,
			"controllable": false,
			"autoTarget": true,
			"bullet": {
				"type": "FlakBulletType",
				"damage": 96,
				"splashDamage": 178,
				"splashDamageRadius": 55,
				"status": "blasted",
				"homingDelay": 5,
				"homingRange": 100,
				"homingPower": 0.25,
				"shootEffect":"shootBig2",
				"smokeEffect": "shootSmallFlame",
				"hitEffect": "flakExplosionBig",
				"hitSound": "explosion",
				"hitShake": 2,
				"despawnEffect": "none",
				"sprite": "奇思妙想-落雁",
				"shrinkY": 0,
				"trailLength": 8,
				"trailWidth": 2,
				"trailChance": 1,
				"trailInterval": 6,
				"trailEffect": {
					"type": "ParticleEffect",
					"particles": 4,
					"sizeFrom": 2,
					"sizeTo": 1,
					"length": 30,
					"lifetime": 45,
					"lightOpacity": 0.2,
					"interp": "circleOut",
					"sizeInterp": "pow10In",
					"colorFrom": "FFFFFF",
					"colorTo": "78787870",
					"cone": 10
				},
				"trailRotation": true,
				"trailColor": "FFFFFF80",
				"backColor": "FF5B5B",
				"frontColor": "E3E3E3",
				"drag": -0.01,
				"width": 14,
				"height": 58,
				"speed": 8,
				"lifetime": 48
			}
		},
		{
			"name": "天罡2",
			"mirror": false,
			"x": -12,
			"y": -18,
			"baseRotation": 45,
			"reload": 30,
			"shoot":{
				"shots": 2,
				"shotDelay": 8
			},
			"recoil": 0,
			"shootCone": 360,
			"shootSound": "missileSmall",
			"rotate": false,
			"inaccuracy": 5,
			"xRand": 3,
			"controllable": false,
			"autoTarget": true,
			"bullet": {
				"type": "FlakBulletType",
				"damage": 96,
				"splashDamage": 178,
				"splashDamageRadius": 55,
				"status": "blasted",
				"homingDelay": 5,
				"homingRange": 100,
				"homingPower": 0.25,
				"shootEffect":"shootBig2",
				"smokeEffect": "shootSmallFlame",
				"hitEffect": "flakExplosionBig",
				"hitSound": "explosion",
				"hitShake": 2,
				"despawnEffect": "none",
				"sprite": "奇思妙想-落雁",
				"shrinkY": 0,
				"trailLength": 8,
				"trailWidth": 2,
				"trailChance": 1,
				"trailInterval": 6,
				"trailEffect": {
					"type": "ParticleEffect",
					"particles": 4,
					"sizeFrom": 2,
					"sizeTo": 1,
					"length": 30,
					"lifetime": 45,
					"lightOpacity": 0.2,
					"interp": "circleOut",
					"sizeInterp": "pow10In",
					"colorFrom": "FFFFFF",
					"colorTo": "78787870",
					"cone": 10
				},
				"trailRotation": true,
				"trailColor": "FFFFFF80",
				"backColor": "FF5B5B",
				"frontColor": "E3E3E3",
				"drag": -0.01,
				"width": 14,
				"height": 58,
				"speed": 8,
				"lifetime": 48
			}
		},
		{
			"name": "权杖",
			"reload": 40,
			"shoot": {
				"shots": 4,
				"shotDelay": 3
			},
			"x": 16,
			"y": 0,
			"shootY": 10,
			"rotate": false,
			"inaccuracy": 3,
			"shootSound": "shootBig",
			"alternate": true,
			"top": false,
			"ejectEffect": "casing4",
			"shake": 3,
			"bullet": {
				"damage": 35,
				"splashDamage": 45,
				"splashDamageRadius": 35,
				"lightningDamage": 25,
				"lightning": 3,
				"lightningLength": 8,
				"lightningLengthRand": 3,
				"status": "shocked",
				"statusDuration": 60,
				"speed": 6,
				"lifetime": 42,
				"smokeEffect": "shootBig",
				"width": 10,
				"height": 15,
				"hitEffect": "flakExplosionBig",
				"despawnEffect": "flakExplosionBig"
			}
		},
			{
			"name": "权杖",
			"reload": 40,
			"shoot": {
				"shots": 4,
				"shotDelay": 3
			},
			"x": -16,
			"y": 0,
			"shootY": 10,
			"rotate": false,
			"inaccuracy": 3,
			"shootSound": "shootBig",
			"alternate": true,
			"top": false,
			"ejectEffect": "casing4",
			"shake": 3,
			"bullet": {
				"damage": 35,
				"splashDamage": 45,
				"splashDamageRadius": 35,
				"lightningDamage": 25,
				"lightning": 3,
				"lightningLength": 8,
				"lightningLengthRand": 3,
				"status": "shocked",
				"statusDuration": 60,
				"speed": 6,
				"lifetime": 42,
				"smokeEffect": "shootBig",
				"width": 10,
				"height": 15,
				"hitEffect": "flakExplosionBig",
				"despawnEffect": "flakExplosionBig"
			}
		},
		{
			"name": "天罡1",
			"reload": 40,
			"x": 0,
			"y": -8,
			"shootY": 4,
			"rotate": true,
			"rotateSpeed": 6,
			"mirror": false,
			"alternate": true,
			"inaccuracy": 3,
			"shootSound": "laser",
			"shake": 1,
			"bullet": {
				"type":"BasicBulletType",
				"damage": 105,
				"splashDamage": 65,
				"splashDamageRadius": 35,
				"buildingDamageMultiplier": 2.5,
				"status": "electrified",
				"statusDuration": 300,
				"speed": 15,
				"lifetime": 21,
				"frontColor": "FFFFFF",
				"backColor": "FEEBB3",
				"trailLength": 12,
				"trailWidth": 2.25,
				"trailColor": "FEEBB3",
				"hitSound": "laser",
				"shootEffect": {
					"type": "ParticleEffect",
					"particles": 9,
					"sizeFrom": 6,
					"sizeTo": 0,
					"length": 40,
					"baseLength": 0,
					"lifetime": 30,
					"colorFrom": "FEEBB3",
					"colorTo": "FEEBB3",
					"cone": 16
				},
				"smokeEffect": "bigShockwave",
				"width": 16,
				"height": 30,
				"hitEffect": "instBomb",
				"despawnEffect": "instBomb"
			}
		}
	]
}