{
	"type": "legs",
  "name": "神蝎",
  "description": "敏捷型机械蝎，配备激光阵列和蜂群火炮",
	"armor": 30,
	"speed": 1.2,
	"rotateSpeed": 1.12,
	"hitSize": 48,
	"health": 165000,
	"legPairOffset": 3,
	"legExtension": -20,
	"legBaseOffset": 8,
	"stepShake": 1.2,
	"legCount": 8,
	"legLength": 80,
	"legMoveSpace": 1,
	"rippleScale": 1.6,
	"immunities":["sapped","unmoving","disarmed","electrified","corroded"],
	"legSplashDamage": 88,
	"legSplashRange": 46,
	"drownTimeMultiplier": 6,
	"hovering": true,
	"allowLegStep": true,
	"researchCostMultiplier": 0,
	"research": {
		"parent": "toxopid",
	},
	"ammoType": {
		"type": "PowerAmmoType",
		"totalPower": 22000
	},
	"weapons": [
	{
			"name": "毒蛊1",
			"shoot": {
				"type": "ShootSpread",
				"shots": 3,
				"spread": 13
			},
			"reload": 27,
			"x": 11,
			"y": -5,
			"shootY": 7,
			"rotate": true,
			"rotateSpeed": 2,
			"inaccuracy": 0,
			"alternate": true,
			"ejectEffect": "casing1",
			"shootSound": "shootBig",
			"shake": 4,
			"bullet": {
				"type": "ShrapnelBulletType",
				"pierceArmor": true,
				"damage": 110,
				"length": 100,
				"width": 20,
				"serrationLenScl": 7,
				"serrationSpaceOffset": 60,
				"serrationFadeOffset": 0,
				"serrations": 10,
				"serrationWidth": 6,
				"statusDuration": 60,
				"status": "sapped",
				"fromColor": "A278E31FF",
				"toColor": "665C9FFF",
				"shootEffect": {
					"type": "ParticleEffect",
					"particles": 8,
					"line": true,
					"length": 45,
					"baseLength": 0,
					"lifetime": 15,
					"colorFrom": "A278E1",
					"colorTo": "665C9FFF",
					"cone": 60
				},
				"smokeEffect": "sparkShoot"
			}
		},
		{
			"name": "血蛭1",
			"top": false,
			"shootY": 4,
			"reload": 12,
			"ejectEffect": "none",
			"recoil": 2,
			"x": 8.5,
			"y": -1.5,
			"shootSound": "sap",
			"bullet": {
				"type": "SapBulletType",
				"shootEffect": "shootSmall",
				"lifetime": 30,
				"sapStrength": 0.8,
				"length": 80,
				"width": 0.54,
				"knockback": -1.3,
				"statusDuration": 150,
				"status": "sapped",
				"damage": 25,
				"color": "A278E1",
				"lightColor": "A278E1",
				"hitColor": "bf92f9",
				"despawnEffect": "none"
			}
		},
	{
		"name":"死星1",
		"shootSound":"laserblast",
		"chargeSound":"lasercharge",
		"top":false,
		"mirror":false,
		"shake":14,
		"x":0,"y":0,
		"shootY":5,
		"reload":420,
		"recoil":0,
		"cooldownTime":350,
		"shootStatusDuration":130,
		"shootStatus":"unmoving",
		"parentizeEffects":true,
		"shoot":{
			"type":"ShootPattern",
			"firstShotDelay":60
		},
	"bullet":{
		"type":"LaserBulletType",
		"length":550,
		"damage":350,
		"splashDamage":650,
		"splashDamageRadius":40,
		"width":75,
		"lifetime":70,
		"lightningColor":"665C9FFF",
		"lightningSpacing":32,
		"lightningLength":5,
		"lightningDelay":1.1,
		"lightningLengthRand":15,
		"lightningDamage":90,
		"lightningAngleRand":40,
		"largeHit":true,
		"sideAngle":20,
		"sideWidth":2,
		"sideLength":60,
		"colors":["665C9FFF", "665C9FFF", "FFFFFF"],
		"chargeEffect":"greenLaserCharge",
		"healPercent":33,
		"collidesTeam":true
	}}
    	{
			"name": "蛟龙1",
			"mirror": false,
			"x": 0,
			"y": 0,
			"reload": 80,
			"shoot": {
				"shots": 8,
				"shotDelay": 1
			},
			"shootSound": "missile",
			"rotate": true,
			"rotateSpeed": 4,
			"xRand": 6,
			"inaccuracy": 6,
			"bullet": {
				"type": "MissileBulletType",
				"damage": 52,
				"shootEffect": "none",
				"smokeEffect": "none",
				"splashDamageRadius": 35,
				"splashDamage": 52,
				"lightningDamage": 13,
				"lightning": 2,
				"lightningLength": 10,
				"hitEffect": "flakExplosionBig",
				"despawnEffect": "flakExplosion",
				"width": 8,
				"height": 9,
				"speed": 4.5,
				"lifetime": 70
			}
		},
			{
			"name": "天蝎1",
			"top": true,
			"shootY": 22,
			"reload": 200,
			"rotate": true,
			"rotationLimit": 80,
			"rotateSpeed": 1,
			"mirror": false,
			"ejectEffect": "casing3",
			"recoil": 10,
			"shake": 10,
			"x": 0,
			"y": -14,
			"shootSound": "artillery",
			"bullet": {
				"type": "ArtilleryBulletType",
				"shootEffect": "shootSmall",
				"smokeEffect": "shootBigSmoke2",
				"speed": 3,
				"lifetime": 98,
				"width": 25,
				"height": 25,
				"frontColor": "FFFFFF",
				"backColor": "A278E1",
				"collidesTiles": true,
				"ammoMultiplier": 4,
				"damage": 45,
				"splashDamageRadius": 80,
				"splashDamage": 92,
				"hitShake": 10,
				"lightningColor": "A278E1",
				"lightningDamage": 70,
				"lightning": 5,
				"lightningLength": 14,
				"hitEffect": {
					"type": "MultiEffect",
					"effects": [
						{
							"type": "ParticleEffect",
							"particles": 18,
							"sizeFrom": 11,
							"sizeTo": 0,
							"length": 55,
							"baseLength": 43,
							"lifetime": 35,
							"colorFrom": "A278E180",
							"colorTo": "A278E100"
						},
						{
							"type": "WaveEffect",
							"lifetime": 12,
							"sizeFrom": 1,
							"sizeTo": 80,
							"strokeFrom": 3,
							"strokeTo": 0,
							"colorFrom": "A278E1",
							"colorTo": "FFFFFF"
						}
					]
				},
				"status": "sapped",
				"statusDuration": 600,
				"despawnEffect": "none",
				"fragBullets": 16,
				"fragLifeMin": 0.3,
				"fragBullet": {
					"type": "ArtilleryBulletType",
					"speed": 2.3,
					"lifetime": 90,
					"width": 19,
					"height": 19,
					"frontColor": "FFFFFF",
					"backColor": "A278E1",
					"collidesTiles": false,
					"splashDamageRadius": 50,
					"splashDamage": 75,
					"knockback": 1,
					"hitShake": 5,
					"lightningColor": "A278E1",
					"lightningDamage": 30,
					"lightning": 3,
					"lightningLength": 7,
					"hitEffect": {
						"type": "MultiEffect",
						"effects": [
							{
								"type": "ParticleEffect",
								"particles": 18,
								"sizeFrom": 9,
								"sizeTo": 0,
								"length": 35,
								"baseLength": 23,
								"lifetime": 35,
								"colorFrom": "A278E180",
								"colorTo": "A278E100"
							},
							{
								"type": "WaveEffect",
								"lifetime": 10,
								"sizeFrom": 1,
								"sizeTo": 50,
								"strokeFrom": 2,
								"strokeTo": 0,
								"colorFrom": "A278E1",
								"colorTo": "FFFFFF"
							}
						]
					},
					"status": "sapped",
					"statusDuration": 60,
					"despawnEffect": "none"
				}
			}
		},
			{
			"name": "毒蛊1",
			"top": true,
			"shootY": 7,
			"reload": 30,
			"ejectEffect": "casing2",
			"recoil": 3,
			"shake": 3,
			"x": 9,
			"y": -7,
			"rotate": true,
			"rotateSpeed": 2,
			"shootSound": "artillery",
			"bullet": {
				"type": "BasicBulletType",
				"shootEffect": "shootSmall",
				"smokeEffect": "shootBigSmoke2",
				"speed": 7.7,
				"lifetime": 30,
				"width": 16,
				"height": 19,
				"frontColor": "FFFFFF",
				"backColor": "A278E1",
				"trailLength": 6,
				"trailWidth": 3.3,
				"trailColor": "A278E1",
				"scaleLife": true,
				"ammoMultiplier": 4,
				"damage": 45,
				"splashDamageRadius": 80,
				"splashDamage": 75,
				"knockback": 1,
				"hitShake": 5,
				"lightningColor": "A278E1",
				"lightningDamage": 13,
				"lightning": 3,
				"lightningLength": 14,
				"hitEffect": {
					"type": "MultiEffect",
					"effects": [
						"massiveExplosion",
						{
							"type": "ParticleEffect",
							"particles": 18,
							"sizeFrom": 9,
							"sizeTo": 0,
							"length": 35,
							"baseLength": 43,
							"lifetime": 35,
							"colorFrom": "A278E180",
							"colorTo": "A278E100"
						},
						{
							"type": "WaveEffect",
							"lifetime": 10,
							"sizeFrom": 1,
							"sizeTo": 80,
							"strokeFrom": 2,
							"strokeTo": 0,
							"colorFrom": "A278E1",
							"colorTo": "FFFFFF"
						}
					]
				},
				"status": "sapped",
				"statusDuration": 180,
				"despawnEffect": "none"
			}
		}
  ]
}