{
	"type": "flying",
	"name": "电寒",
	  "description": "中型空中突击单位，两侧发射高压雷电",
	"speed": 1.8,
	"drag": 0.04,
	"accel": 0.1,
	"rotateSpeed": 4,
	"ammoType": {
		"type": "PowerAmmoType",
		"totalPower": 1100
	},
	"ammoCapacity": 100,
	"hitSize": 12,
	"buildSpeed": 0.35,
	"flying": true,
	"faceTarget": true,
	"health": 900,
	"armor": 4,
	"lowAltitude": true,
	"engineOffset": 7,
	"engineSize": 2,
	"itemCapacity": 30,
"immunities": [
		"freezing",
		"shocked",
		"奇思妙想-正极",
		"奇思妙想-负极"
	],
	"research": "空1",
	"requirements": {
		"block": "additive-reconstructor",
		"previous": "空1"
	},
	  "weapons": [
    {
      "name": "left-lightning-emitter",
      "x": -2.5,
      "y": 0,
      "mirror": true,
      "reload": 30,
      "recoil": 0.3,
      "shootSound": "spark",
      "bullet": {
        "type": "LightningBulletType",
        "damage": 20,
        "lightningLength": 12.5,
        "lightnings": 1,
        "lightningLengthRand": 0,
        "lightningAngle": 5,
        "lightningColor": "B5FFFF",
        "collidesAir": true,
        "collides": true,
        "hitEffect": "hitLancer",
        "shootEffect": "lightningShoot",
        "status": "shocked",
        "statusDuration": 60
      }
    },
    {
      "name": "right-lightning-emitter",
      "x": 2.5,
      "y": 0,
      "mirror": false,
      "reload": 30,
      "recoil": 0.3,
      "shootSound": "spark",
      "bullet": {
        "type": "LightningBulletType",
        "damage": 20,
        "lightningLength": 12.5,
        "lightnings": 1,
        "lightningLengthRand": 0,
        "lightningAngle": 5,
        "lightningColor": "B5FFFF",
        "collidesAir": true,
        "collides": true,
        "hitEffect": "hitLancer",
        "shootEffect": "lightningShoot",
        "status": "shocked",
        "statusDuration": 60
      }
    },
    	{
			"name": "电寒1",
			"reload": 50,
			"x": 7,
			"y": -1,
			"rotate": false,
			"top": false,
			"recoil": 4,
			"inaccuracy": 0,
			"alternate": true,
			"shootSound": "laser",
			"shake": 2,
			"bullet": {
				"type": "LaserBulletType",
				"healPercent": 8,
				"recoil": 1,
				"damage": 85,
				"collidesTeam": true,
				"laserAbsorb": false,
				"shootEffect": "bigShockwave",
				"sideAngle": 35,
				"sideWidth": 1,
				"sideLength": 70,
				"colors": [
					"7F9AFFFF",
					"5A7FFFFF",
					"B5FFFF"
				],
				"width": 16,
				"length": 200
			}
		}
  ],
}