{
	"type": "flying",
	"name": "电源",
	"speed": 2.8,
	"health": 1850,
  "speed": 1.2,
  "accel": 0.05,
  "drag": 0.03,

	"rotateSpeed": 4.8,
	"immunities": [
		"unmoving",
			"shocked",
		"奇思妙想-正极",
		"奇思妙想-负极",
		"freezing"
	],
	"ammoType": {
		"type": "PowerAmmoType",
		"totalPower": 5000
	},
	"ammoCapacity": 80,
	"hitSize": 24,
	"flying": true,
	"armor": 7,
	"engineOffset": 12,
	"engineSize": 3.5,
	"trailLength": 6,
	"itemCapacity": 30,
	"faceTarget": true,
	"circleTarget": true,
	"research": "空2",
	"requirements": {
		"block": "multiplicative-reconstructor",
		"previous": "空2"
	},
	"weapons": [
		{
			"name": "燃空1",
			"reload": 4.8,
			"shootStatusDuration": 6,
			"shootStatus": "overdrive",
			"x": 4,
			"y": 5,
			"top": false,
			"rotate": false,
			"inaccuracy": 1,
			"layerOffset": -0.01,
			"shootSound": "JG1",
			"alternate": true,
			"minShootVelocity": 0.5,
			"shootCone": 5,
			"bullet": {
				"type": "RailBulletType",
				"damage": 24,
				"pierce": false,
				"pierceArmor": true,
				"pierceEffect": "none",
				"pointEffectSpace": 4,
				"pointEffect": {
					"type": "ParticleEffect",
					"particles": 1,
					"line": true,
					"randLength": false,
					"lenFrom": 4.3,
					"lenTo": 4.3,
					"strokeFrom": 3,
					"strokeTo": 0,
					"length": 0,
					"baseLength": 1,
					"lifetime": 3,
					"colorFrom": "FF8C00",
					"colorTo": "FF8C00",
					"cone": 0
				},
				"shootEffect": "none",
				"smokeEffect": "none",
				"hitEffect": {
					"type": "ParticleEffect",
					"particles": 5,
					"lifetime": 10,
					"sizeFrom": 3,
					"sizeTo": 0,
					"colorFrom": "FF8C00",
					"colorTo": "FF8C00"
				},
				"status": "burning",
				"statusDuration": 180,
				"length": 144
			}
		},
		{
			"name": "蛟龙1",
			"x": 0,
             "y": 0,
			"reload": 30,
			"shootCone": 60,
			"shoot": {
				"type": "ShootSpread",
				"shots": 5,
				"spread": 8
			},
			"shootSound": "missile",
			"rotate": true,
			"rotateSpeed": 4,
			"inaccuracy": 6,
			"xRand": 6,
			"autoTarget": true,
			"bullet": {
				"type": "MissileBulletType",
				"damage": 70,
				"splashDamageRadius": 45,
				"splashDamage": 96,
				"homingDelay": 15,
				"homingRange": 60,
				"homingPower": 0.35,
				"shootEffect": "shootBig2",
				"smokeEffect": "shootSmallFlame",
				"hitEffect": "flakExplosionBig",
				"hitSound": "explosion",
				"trailLength": 9,
				"trailWidth": 2.5,
				"width": 12,
				"height": 13,
				"speed": 6,
				"lifetime": 78.5
			}
		}
	]
}