{
	"type": "flying",
	"name": "电极",
	  "description": "终极空中堡垒，配备双权杖武器系统、能量护盾",
	  	"abilities": [
		{
			"type": "StatusFieldAbility",
			"duration": 24,
			"reload": 250,
			"range": 34,
			"applyEffect": "none",
			"activeEffect":{
				"type": "MultiEffect",
				"effects": [
					{
						"type": "WaveEffect",
						"lifetime": 56,
						"interp": "circleOut",
						"sizeFrom": 0,
						"sizeTo": 340,
						"strokeFrom": 9,
						"strokeTo": 0,
						"colorFrom": "97FFA8",
						"colorTo": "97FFA8"
					},
					{
						"type": "WaveEffect",
						"lifetime": 40,
						"startDelay": 16,
						"interp": "circleOut",
						"sizeFrom": 0,
						"sizeTo": 340,
						"strokeFrom": 9,
						"strokeTo": 0,
						"colorFrom": "97FFA8",
						"colorTo": "97FFA8"
					}
				]
			},
			"effect": "奇思妙想-修复"
		},
		{
			"type": "ShieldArcAbility",
			"radius": 80,
			"width": 20,
			"max": 700,
			"regen": 1.5,
			"cooldown": 720,
			"angle": 140
		}
	],
	"autoFindTarget": true,
"health": 19000,
  "speed": 1.6,
	"drag": 0.02,
	"accel": 0.02,
	"rotateSpeed": 2,
	"immunities": [
		"unmoving",
		"shocked",
		"奇思妙想-正极",
		"奇思妙想-负极",
		"freezing",
		"electrified",
		"slow"
	],
	"ammoType": {
		"type": "PowerAmmoType",
		"totalPower": 6600
	},
	"ammoCapacity": 260,
	"hitSize": 35,
	"flying": true,
	"armor": 11,
	"itemCapacity": 0,
	"engines": [
		{
			"x": -11.75,
			"y": -14,
			"radius": 4,
			"rotation": -55
		},
		{
			"x": 11.75,
			"y": -14,
			"radius": 4,
			"rotation": -125
		}
	],
	"engineOffset": 24,
	"engineSize": 3,
	"abilities":[{
		"type": "SuppressionFieldAbility",
		"range": 180,
		"reload": 60,
		"y": 1,
		"color": "c0ecff",
		"orbRadius": 5,
		"orbMidScl": 0.33,
		"particles": 12,
		"particleColor": "c0ecff90",
		"particleLife": 50,
		"particleLen": -8,
		"particleSize": 2,
		"effectColor": "c0ecff",
		"applyParticleChance":0
	}],
	"research": "空3",
	"requirements": {
		"block": "exponential-reconstructor",
		"previous": "空3"
	},
	"faceTarget": true,
	"weapons": [
		{
			"name": "燃空1",
			"x": 16.75,
			"y": -1.5,
			"reload": 2.8,
			"rotate": true,
			"rotationLimit": 22,
			"shootCone": 13,
			"inaccuracy": 1.2,
			"rotateSpeed": 16,
			"shootSound": "JG1",
			"layerOffset": -0.01,
			"top": false,
			"bullet": {
				"type":"BasicBulletType",
				"reflectable": false,
				"shrinkY": 0,
				"frontColor": "FFFFFF",
				"backColor": "c0ecff",
				"shootEffect": {
					"type": "WaveEffect",
					"lifetime": 6,
					"sizeFrom": 1,
					"sizeTo": 8,
					"strokeFrom": 4,
					"strokeTo": 0,
					"colorFrom": "c0ecff",
					"colorTo": "c0ecff"
				},
				"smokeEffect": "none",
				"hitEffect": {
					"type": "WaveEffect",
					"lifetime": 10,
					"sizeFrom": 1,
					"sizeTo": 6,
					"strokeFrom": 2,
					"strokeTo": 0,
					"colorFrom": "c0ecff",
					"colorTo": "c0ecff"
				},
				"despawnEffect": {
					"type": "ParticleEffect",
					"particles": 1,
					"sizeFrom": 2.23,
					"sizeTo": 0,
					"length": 0,
					"baseLength": 0,
					"lifetime": 8,
					"colorFrom": "c0ecff",
					"colorTo": "c0ecff"
				},
				"buildingDamageMultiplier": 0.68,
				"damage": 18,
				"width": 7,
				"height": 10,
				"speed": 9,
				"lifetime": 30
			}
		},
		{
			"name": "燃空1",
			"x": 8.5,
			"y": 11.75,
			"reload": 3.2,
			"rotate": true,
			"rotationLimit": 22,
			"shootCone": 13,
			"inaccuracy": 1.2,
			"rotateSpeed": 16,
			"shootSound": "JG1",
			"layerOffset": -0.01,
			"top": false,
			"bullet": {
				"type":"BasicBulletType",
				"reflectable": false,
				"shrinkY": 0,
				"frontColor": "FFFFFF",
				"backColor": "c0ecff",
				"shootEffect": {
					"type": "WaveEffect",
					"lifetime": 6,
					"sizeFrom": 1,
					"sizeTo": 8,
					"strokeFrom": 4,
					"strokeTo": 0,
					"colorFrom": "c0ecff",
					"colorTo": "c0ecff"
				},
				"smokeEffect": "none",
				"hitEffect": {
					"type": "WaveEffect",
					"lifetime": 10,
					"sizeFrom": 1,
					"sizeTo": 6,
					"strokeFrom": 2,
					"strokeTo": 0,
					"colorFrom": "c0ecff",
					"colorTo": "c0ecff"
				},
				"despawnEffect": {
					"type": "ParticleEffect",
					"particles": 1,
					"sizeFrom": 2.23,
					"sizeTo": 0,
					"length": 0,
					"baseLength": 0,
					"lifetime": 8,
					"colorFrom": "c0ecff",
					"colorTo": "c0ecff"
				},
				"buildingDamageMultiplier": 0.68,
				"damage": 21,
				"width": 7,
				"height": 10,
				"speed": 9,
				"lifetime": 30
			}
		},
			{
			"name": "权杖",
			"reload": 40,
			"shoot": {
				"shots": 4,
				"shotDelay": 3
			},
			"x": 0,
			"y": 0,
			"shootY": 10,
			"rotate": false,
			"inaccuracy": 3,
			"shootSound": "shootBig",
			"alternate": true,
			"top": false,
			"ejectEffect": "casing4",
			"shake": 3,
			"bullet": {
				"damage": 35,
				"splashDamage": 45,
				"splashDamageRadius": 35,
				"lightningDamage": 25,
				"lightning": 3,
				"lightningLength": 8,
				"lightningLengthRand": 3,
				"status": "shocked",
				"statusDuration": 60,
				"speed": 6,
				"lifetime": 42,
				"smokeEffect": "shootBig",
				"width": 10,
				"height": 15,
				"hitEffect": "flakExplosionBig",
				"despawnEffect": "flakExplosionBig"
			}
		},
			{
			"name": "电寒1",
			"reload": 50,
			"x": 7,
			"y": -1,
			"rotate": false,
			"top": false,
			"recoil": 4,
			"inaccuracy": 0,
			"alternate": true,
			"shootSound": "laser",
			"shake": 2,
			"bullet": {
				"type": "LaserBulletType",
				"healPercent": 8,
				"recoil": 1,
				"damage": 85,
				"collidesTeam": true,
				"laserAbsorb": false,
				"shootEffect": "bigShockwave",
				"sideAngle": 35,
				"sideWidth": 1,
				"sideLength": 70,
				"colors": [
					"7F9AFFFF",
					"5A7FFFFF",
					"B5FFFF"
				],
				"width": 16,
				"length": 200
			}
		},
		{
			"name": "电寒1",
			"reload": 50,
			"x": -7,
			"y": 1,
			"rotate": false,
			"top": false,
			"recoil": 4,
			"inaccuracy": 0,
			"alternate": true,
			"shootSound": "laser",
			"shake": 2,
			"bullet": {
				"type": "LaserBulletType",
				"healPercent": 8,
				"recoil": 1,
				"damage": 85,
				"collidesTeam": true,
				"laserAbsorb": false,
				"shootEffect": "bigShockwave",
				"sideAngle": 35,
				"sideWidth": 1,
				"sideLength": 70,
				"colors": [
					"7F9AFFFF",
					"5A7FFFFF",
					"B5FFFF"
				],
				"width": 16,
				"length": 200
			}
		}
	]
}