{
  "type": "flying",
  "name": "守望",
  "health": 187000,
  "shieldHealth": 11000,
  "shieldRadius": 8,
  "lowAltitude": false,
	"flying": true,
	"circleTarget": true,
  "controller": "FlyingFollowAI",
      "abilities": [
        {
        "type": "ShieldRegenFieldAbility",
        "amount": 100.0,
        "max": 8000.0,
        "reload": 300.0,
        "range": 208.0,
    },
					{
    "type":"ForceFieldAbility",
    "radius": 208,
    "regen": 4,
    "max": 82000,
    "cooldown": 1200,}
				],
			"activeEffect": {
				"type": "WaveEffect",
				"interp":"circleOut",
				"lifetime": 35,
				"sizeFrom": 16,
				"sizeTo": 240,
				"strokeFrom": 15,
				"strokeTo": 0,
				"colorFrom": "76D081",
				"colorTo": "76D081"
			}
  "immunities": [
		"burning",
		"electrified",
		"freezing",
		"melting",
		"muddy",
		"sapped",
		"shocked",
		"slow",
		"unmoving",
	],
	"research": {
		"parent": "oct",
	},
		"engines": [
		{
			"x": -32,
			"y": -32,
			"radius": 10,
			"rotation": -135
		},
		{
			"x": 32,
			"y": -32,
			"radius": 10,
			"rotation": -45
		},
		{
			"x": 32,
			"y": 32,
			"radius": 10,
			"rotation": 45
		},
		{
			"x": -32,
			"y": 32,
			"radius": 10,
			"rotation": 135
		}
	],
  "weapons": [
    {
			"name": "雷暴1",
			"reload": 13.75,
			"x": 11,
			"y": 27,
			"shootY": 11,
			"rotate": true,
			"alternate": true,
			"rotateSpeed": 3,
			"shake": 2,
			"shootSound": "laser",
			"shoot": {
				"type": "ShootAlternate",
				"barrels": 2,
				"spread": 8
			},
			"bullet": {
				"sprite": "circle-bullet",
				"trailLength": 8,
				"trailWidth": 4,
				"trailChance": 0,
				"trailInterval": 3,
				"trailRotation": true,
				"trailEffect": {
					"type": "ParticleEffect",
					"particles": 3,
					"sizeFrom": 3,
					"sizeTo": 0,
					"length": 8,
					"baseLength": 0,
					"sizeInterp": "pow3In",
					"interp": "pow5Out",
					"lifetime": 20,
					"colorFrom": "c0ecff",
					"colorTo": "c0ecffA8"
				},
				"shrinkY": 0,
				"hitShake": 3,
				"frontColor": "FFFFFF",
				"backColor": "c0ecff",
				"trailColor": "c0ecff",
				"width": 10,
				"height": 10,
				"speed": 8,
				"lifetime": 45,
				"damage": 45,
				"status": "unmoving",
				"statusDuration": 10,
				"lightningDamage": 45,
				"lightning": 5,
				"lightningLength": 3,
				"lightningLengthRand": 3,
				"lightningColor": "c0ecff",
				"splashDamageRadius": 48,
				"splashDamage": 73,
				"smokeEffect": {
					"type": "ParticleEffect",
					"particles": 4,
					"sizeFrom": 3,
					"sizeTo": 0,
					"sizeInterp": "pow3In",
					"interp": "pow5Out",
					"length": 55,
					"baseLength": 20,
					"lifetime": 42,
					"colorFrom": "c0ecff",
					"colorTo": "87ceeb",
					"cone": 30
				},
				"despawnEffect": "lancerLaserShoot",
				"hitEffect": {
					"type": "MultiEffect",
					"effects": [
						{
							"type": "ParticleEffect",
							"particles": 9,
							"sizeFrom": 10,
							"sizeTo": 0,
							"length": 55,
							"baseLength": 20,
							"lifetime": 60,
							"colorFrom": "585858",
							"colorTo": "585858"
						},
						{
							"type": "ParticleEffect",
							"particles": 6,
							"sizeFrom": 6,
							"sizeTo": 0,
							"length": 35,
							"baseLength": 30,
							"lifetime": 60,
							"colorFrom": "c0ecff",
							"colorTo": "87ceeb"
						},
						{
							"type": "WaveEffect",
							"lifetime": 22,
							"sizeFrom": 8,
							"sizeTo": 60,
							"strokeFrom": 8,
							"strokeTo": 0,
							"interp": "circleOut",
							"colorFrom": "585858",
							"colorTo": "c0ecff"
						}
					]
				},
				"collidesAir": true
			}
		},
			{
			"name": "余晖2",
			"reload": 130,
			"x": 11,
			"y": 5,
			"rotate": false,
			"inaccuracy": 0,
			"shootCone": 60,
			"alternate": true,
			"shootSound": "missileLaunch",
			"shake": 5,
			"parts":[
				{
					"type": "RegionPart",
					"mirror": false,
					"suffix": "-preview",
					"progress": "reload",
					"under": true,
					"layerOffset": -0.001,
					"moveX": -20,
					"moveRot": 45
				}
			],
			"bullet": {
				"keepVelocity": false,
				"speed": 0,
				"shootEffect": "none",
				"smokeEffect": "shootSmallFlame",
				"spawnUnit": "小界限导弹"
			}
		},
	{
			"name": "雷暴1",
			"reload": 13.75,
			"x": 11,
			"y": -27,
			"shootY": 11,
			"rotate": true,
			"alternate": true,
			"rotateSpeed": 3,
			"shake": 2,
			"shootSound": "laser",
			"shoot": {
				"type": "ShootAlternate",
				"barrels": 2,
				"spread": 8
			},
			"bullet": {
				"sprite": "circle-bullet",
				"trailLength": 8,
				"trailWidth": 4,
				"trailChance": 0,
				"trailInterval": 3,
				"trailRotation": true,
				"trailEffect": {
					"type": "ParticleEffect",
					"particles": 3,
					"sizeFrom": 3,
					"sizeTo": 0,
					"length": 8,
					"baseLength": 0,
					"sizeInterp": "pow3In",
					"interp": "pow5Out",
					"lifetime": 20,
					"colorFrom": "c0ecff",
					"colorTo": "c0ecffA8"
				},
				"shrinkY": 0,
				"hitShake": 3,
				"frontColor": "FFFFFF",
				"backColor": "c0ecff",
				"trailColor": "c0ecff",
				"width": 10,
				"height": 10,
				"speed": 8,
				"lifetime": 45,
				"damage": 45,
				"status": "unmoving",
				"statusDuration": 10,
				"lightningDamage": 45,
				"lightning": 5,
				"lightningLength": 3,
				"lightningLengthRand": 3,
				"lightningColor": "c0ecff",
				"splashDamageRadius": 48,
				"splashDamage": 73,
				"smokeEffect": {
					"type": "ParticleEffect",
					"particles": 4,
					"sizeFrom": 3,
					"sizeTo": 0,
					"sizeInterp": "pow3In",
					"interp": "pow5Out",
					"length": 55,
					"baseLength": 20,
					"lifetime": 42,
					"colorFrom": "c0ecff",
					"colorTo": "87ceeb",
					"cone": 30
				},
				"despawnEffect": "lancerLaserShoot",
				"hitEffect": {
					"type": "MultiEffect",
					"effects": [
						{
							"type": "ParticleEffect",
							"particles": 9,
							"sizeFrom": 10,
							"sizeTo": 0,
							"length": 55,
							"baseLength": 20,
							"lifetime": 60,
							"colorFrom": "585858",
							"colorTo": "585858"
						},
						{
							"type": "ParticleEffect",
							"particles": 6,
							"sizeFrom": 6,
							"sizeTo": 0,
							"length": 35,
							"baseLength": 30,
							"lifetime": 60,
							"colorFrom": "c0ecff",
							"colorTo": "87ceeb"
						},
						{
							"type": "WaveEffect",
							"lifetime": 22,
							"sizeFrom": 8,
							"sizeTo": 60,
							"strokeFrom": 8,
							"strokeTo": 0,
							"interp": "circleOut",
							"colorFrom": "585858",
							"colorTo": "c0ecff"
						}
					]
				},
				"collidesAir": true
			}
		},
    {
			"name": "O枪",
			"reload": 10,
			"x": -20,
			"y": -32,
			"shoot": {
				"shots": 3,
				"shotDelay": 3
			},
			"rotate": true,
			"rotateSpeed": 9,
			"inaccuracy": 3,
			"shootSound": "lasershoot",
			"bullet": {
				"type": "LaserBoltBulletType",
				"frontColor": "FFFFFF",
				"backColor": "97FFA8",
				"healPercent": 3,
				"damage": 24,
				"pierce": true,
				"pierceCap": 2,
				"collidesTeam": true,
				"speed": 7,
				"lifetime": 45,
				"width": 2.5,
				"height": 10
			}
		},
		{
			"name": "O枪",
			"reload": 56,
			"controllable": false,
			"x": 26,
			"y": -30,
			"shoot": {
				"shots": 4,
				"shotDelay": 4
			},
			"rotate": true,
			"rotateSpeed": 9,
			"inaccuracy": 3,
			"shootSound": "lasershoot",
			"bullet": {
				"type": "LaserBoltBulletType",
				"frontColor": "FFFFFF",
				"backColor": "97FFA8",
				"healPercent": 5,
				"damage": 18,
				"pierce": true,
				"pierceCap": 2,
				"collidesTeam": true,
				"speed": 7,
				"lifetime": 45,
				"width": 3,
				"height": 10
			}
		},
{
			"name": "灾星1",
			"mirror": false,
			"top": false,
			"shootCone": 90,
			"shake": 4,
			"shootY": 14,
			"x": 0,
			"y": 4,
			"reload": 170,
			"recoil": 0,
			"parentizeEffects": true,
			"shoot": {
				"type": "ShootPattern",
				"firstShotDelay": 59
			},
			"chargeSound": "lasercharge2",
			"shootSound": "beam",
			"continuous": true,
			"cooldownTime": 200,
			"bullet": {
				"type": "ContinuousLaserBulletType",
				"hitEffect": {
					"type": "ParticleEffect",
					"particles": 6,
					"baseLength": 8,
					"length": 18,
					"lifetime": 10,
					"line": true,
					"lenFrom": 16,
					"lenTo": 0,
					"strokeFrom": 1.6,
					"strokeTo": 0,
					"colorFrom": "97FFA8",
					"colorTo": "97FFA8"
				},
				"shootEffect": {
					"type": "ParticleEffect",
					"particles": 3,
					"baseLength": 8,
					"length": 38,
					"lifetime": 18,
					"line": true,
					"lenFrom": 12,
					"lenTo": 0,
					"strokeFrom": 1,
					"strokeTo": 0,
					"colorFrom": "97FFA8",
					"colorTo": "97FFA8",
					"cone": 60
				},
				"smokeEffect": "none",
				"status": "electrified",
				"statusDuration": 20,
				"collidesTeam": true,
				"healPercent": 1.3,
				"ammoMultiplier": 1,
				"length": 240,
				"damage": 0.883,
				"lifetime": 200,
				"colors": [
					"7CF38990",
					"97FFA880",
					"FFFFFF"
				],
				"chargeEffect": {
					"type": "MultiEffect",
					"effects": [
						{
							"type": "WaveEffect",
							"lifetime": 40,
							"sizeFrom": 90,
							"sizeTo": 0,
							"strokeFrom": 0,
							"strokeTo": 8,
							"interp":"circleIn",
							"colorFrom": "7CF389",
							"colorTo": "7CF389"
						},
						{
							"type": "ParticleEffect",
							"particles": 33,
							"baseLength": -80,
							"length": 80,
							"lifetime": 40,
							"line": true,
							"lenFrom": 0,
							"lenTo": 10,
							"strokeFrom": 1,
							"strokeTo": 1.5,
							"interp":"pow5In",
							"sizeInterp": "pow3Out",
							"colorFrom": "FFFFFF",
							"colorTo": "97FFA8"
						}
					]
				},
				"incendChance": 0.1,
				"incendSpread": 8,
				"incendAmount": 1
			}
		},
	{
			"name": "雷霆1",
			"rotate": true,
			"mirror": false,
			"reload": 160,
			"x": 0,
			"shoot": {
				"shots": 3,
				"shotDelay": 25
			},
			"minShootVelocity": 0.04,
			"ejectEffect": "none",
			"soundPitchMin": 1,
			"shootSound": "plasmadrop",
			"ignoreRotation": true,
			"shootCone": 300,
			"bullet": {
				"sprite": "large-bomb",
				"width": 50,
				"height": 50,
				"maxRange": 50,
				"backColor": "97FFA8",
				"frontColor": "FFFFFF",
				"mixColorTo": "FFFFFF",
				"hitSound": "plasmaboom",
				"hitShake": 8,
				"collidesAir": false,
				"lifetime": 90,
				"absorbable": false,
				"despawnEffect": {
					"type": "MultiEffect",
					"effects": [
						{
							"type": "ParticleEffect",
							"particles": 19,
							"sizeFrom": 9,
							"sizeTo": 0,
							"length": 80,
							"baseLength": 8,
							"lifetime": 30,
							"colorFrom": "97FFA8",
							"colorTo": "FFFFFF"
						},
						{
							"type": "WaveEffect",
							"lifetime": 25,
							"sizeFrom": 8,
							"sizeTo": 130,
							"strokeFrom": 6,
							"strokeTo": 0,
							"colorFrom": "97FFA8",
							"colorTo": "FFFFFF"
						}
					]
				},
				"hitEffect": "massiveExplosion",
				"keepVelocity": false,
				"spin": 6,
				"shrinkX": 0.7,
				"shrinkY": 0.7,
				"speed": 0,
				"collides": false,
				"healPercent": 15,
				"lightningColor": "97FFA8",
				"lightningDamage": 15,
				"lightning": 3,
				"lightningLength": 15,
				"status": "electrified",
				"statusDuration": 120,
				"splashDamage": 100,
				"splashDamageRadius": 120,
				"fragBullets": 3,
				"fragLifeMin": 0.7,
				"fragBullet": {
					"sprite": "circle-bullet",
					"status": "electrified",
					"statusDuration": 60,
					"shrinkY": 0,
					"hitShake": 3,
					"absorbable": false,
					"collides": false,
					"width": 8,
					"height": 8,
					"speed": 16,
					"lifetime": 20,
					"drag": 0.2,
					"healPercent": 5,
					"backColor": "97FFA8",
					"frontColor": "FFFFFF",
					"mixColorTo": "FFFFFF",
					"hitSound": "plasmaboom",
					"despawnEffect": "massiveExplosion",
					"hitEffect": "greenBomb",
					"splashDamage": 65,
					"splashDamageRadius": 80
				}
			}
		}
{
			"name": "余晖2",
			"reload": 130,
			"x": 3,
			"y": 4,
			"rotate": false,
			"inaccuracy": 0,
			"shootCone": 60,
			"alternate": true,
			"shootSound": "missileLaunch",
			"shake": 5,
			"parts":[
				{
					"type": "RegionPart",
					"mirror": false,
					"suffix": "-preview",
					"progress": "reload",
					"under": true,
					"layerOffset": -0.001,
					"moveX": -20,
					"moveRot": 45
				}
			],
			"bullet": {
				"keepVelocity": false,
				"speed": 0,
				"shootEffect": "none",
				"smokeEffect": "shootSmallFlame",
				"spawnUnit": "quell-missile"
			}
		},
    {
			"name": "要塞2",
			"reload": 60,
			"x": 11,
			"y": -25,
			"shootY": 6,
			"xRand": 4,
			"shoot": {
				"shots": 2,
				"shotDelay": 8,
				"type": "ShootHelix",
				"mag": 1,
				"scl": 3
			},
			"rotate": true,
			"rotateSpeed": 3,
			"alternate": true,
			"inaccuracy": 24,
			"shootSound": "missile",
			"bullet": {
				"type": "MissileBulletType",
				"frontColor": "FFFFFF",
				"backColor": "97FFA8",
				"healPercent": 15,
				"status": "electrified",
				"statusDuration": 90,
				"damage": 10,
				"splashDamageRadius": 48,
				"splashDamage": 72,
				"homingPower": 0.075,
				"homingRange": 110,
				"trailLength": 8,
				"trailWidth": 3,
				"trailColor": "97FFA8",
				"sprite": "missile-large",
				"shrinkY": 0,
				"shootEffect": {
					"type": "ParticleEffect",
					"particles": 6,
					"sizeFrom": 3,
					"sizeTo": 0,
					"length": 30,
					"baseLength": 0,
					"lifetime": 65,
					"colorFrom": "97FFA8",
					"colorTo": "97FFA800",
					"cone": 60
				},
				"smokeEffect": {
					"type": "WaveEffect",
					"lifetime": 10,
					"sizeFrom": 1,
					"sizeTo": 16,
					"strokeFrom": 2,
					"strokeTo": 0,
					"colorFrom": "97FFA8AA",
					"colorTo": "97FFA8AA"
				},
				"hitSound": "plasmaboom",
				"hitEffect": {
					"type": "MultiEffect",
					"effects": [
						{
							"type": "ParticleEffect",
							"particles": 6,
							"sizeFrom": 6,
							"sizeTo": 0,
							"length": 30,
							"baseLength": 20,
							"lifetime": 45,
							"colorFrom": "97FFA8AA",
							"colorTo": "97FFA890"
						},
						{
							"type": "WaveEffect",
							"lifetime": 15,
							"sizeFrom": 0,
							"sizeTo": 49,
							"strokeFrom": 4,
							"strokeTo": 0,
							"colorFrom": "97FFA8",
							"colorTo": "97FFA890"
						}
					]
				},
				"despawnEffect": "none",
				"collidesTeam": true,
				"speed": 5,
				"lifetime": 80,
				"width": 12,
				"height": 12
			}
		}
		    {
			"name": "要塞2",
			"reload": 60,
			"x": 11,
			"y": -27,
			"shootY": 6,
			"xRand": 4,
			"shoot": {
				"shots": 2,
				"shotDelay": 8,
				"type": "ShootHelix",
				"mag": 1,
				"scl": 3
			},
			"rotate": true,
			"rotateSpeed": 3,
			"alternate": true,
			"inaccuracy": 24,
			"shootSound": "missile",
			"bullet": {
				"type": "MissileBulletType",
				"frontColor": "FFFFFF",
				"backColor": "97FFA8",
				"healPercent": 15,
				"status": "electrified",
				"statusDuration": 90,
				"damage": 10,
				"splashDamageRadius": 48,
				"splashDamage": 72,
				"homingPower": 0.075,
				"homingRange": 110,
				"trailLength": 8,
				"trailWidth": 3,
				"trailColor": "97FFA8",
				"sprite": "missile-large",
				"shrinkY": 0,
				"shootEffect": {
					"type": "ParticleEffect",
					"particles": 6,
					"sizeFrom": 3,
					"sizeTo": 0,
					"length": 30,
					"baseLength": 0,
					"lifetime": 65,
					"colorFrom": "97FFA8",
					"colorTo": "97FFA800",
					"cone": 60
				},
				"smokeEffect": {
					"type": "WaveEffect",
					"lifetime": 10,
					"sizeFrom": 1,
					"sizeTo": 16,
					"strokeFrom": 2,
					"strokeTo": 0,
					"colorFrom": "97FFA8AA",
					"colorTo": "97FFA8AA"
				},
				"hitSound": "plasmaboom",
				"hitEffect": {
					"type": "MultiEffect",
					"effects": [
						{
							"type": "ParticleEffect",
							"particles": 6,
							"sizeFrom": 6,
							"sizeTo": 0,
							"length": 30,
							"baseLength": 20,
							"lifetime": 45,
							"colorFrom": "97FFA8AA",
							"colorTo": "97FFA890"
						},
						{
							"type": "WaveEffect",
							"lifetime": 15,
							"sizeFrom": 0,
							"sizeTo": 49,
							"strokeFrom": 4,
							"strokeTo": 0,
							"colorFrom": "97FFA8",
							"colorTo": "97FFA890"
						}
					]
				},
				"despawnEffect": "none",
				"collidesTeam": true,
				"speed": 5,
				"lifetime": 80,
				"width": 12,
				"height": 12
			}
		}
    // 中央导弹发射系统
    {
			"name": "广寒4",
			"reload": 180,
			"x": 0,
			"y": 0,
			"rotate": false,
			"top": false,
			"recoil": 0,
			"inaccuracy": 360,
			"mirror": false,
			"shootSound": "plasmadrop",
			"shootCone": 360,
			"velocityRnd": 0.9,
			"shoot": {
				"shotDelay": 1,
				"shots": 30
			},
			"bullet": {
				"type": "BasicBulletType",
				"reflectable": false,
				"healPercent": 4,
				"damage": 88,
				"width": 12,
				"height": 12,
				"splashDamage": 65,
				"splashDamageRadius": 100,
				"homingDelay": 70,
				"homingPower": 1,
				"homingRange": 100,
				"status": "electrified",
				"statusDuration": 60,
				"collidesTeam": false,
				"backColor": "97FFA8",
				"frontColor": "FFFFFF",
				"mixColorTo": "FFFFFF",
				"hitSound": "plasmaboom",
				"hitEffect": {
					"type": "MultiEffect",
					"effects": [
						{
							"type": "ParticleEffect",
							"particles": 8,
							"sizeFrom": 6,
							"sizeTo": 0,
							"length": 80,
							"baseLength": 8,
							"lifetime": 30,
							"colorFrom": "97FFA888",
							"colorTo": "FFFFFF"
						},
						{
							"type": "WaveEffect",
							"lifetime": 25,
							"sizeFrom": 8,
							"sizeTo": 100,
							"strokeFrom": 3,
							"strokeTo": 0,
							"colorFrom": "97FFA8",
							"colorTo": "FFFFFF"
						}
					]
				},
				"despawnEffect": "none",
				"shootEffect": "none",
				"sprite": "circle-bullet",
				"hitShake": 8,
				"shrinkX": 0,
				"shrinkY": 0,
				"drag": 0.03,
				"lifetime": 100,
				"speed": 8,
				"fragRandomSpread": 10,
				"fragBullets": 1,
				"fragBullet": {
					"type": "LaserBulletType",
					"healPercent": 1.5,
					"damage": 35,
					"status": "shocked",
					"collidesTeam": true,
					"hitEffect": "none",
					"despawnEffect": "none",
					"colors": [
						"7CF38990",
						"97FFA8A8",
						"97FFA8",
						"FFFFFF"
					],
					"width": 12,
					"length": 96,
					"lifetime": 20
				}
			}
		},
  ]
  "parts": [
		{
			"type": "ShapePart",
			"stroke": 2,
			"strokeTo": 2,
			"color": "97FFA8AF",
			"circle": true,
			"hollow": true,
			"radius": 240,
			"radiusTo": 240,
			"layer": 110
		},
		{
			"type": "HaloPart",
			"rotateSpeed": 0,
			"sides": 3,
			"shapes": 6,
			"color": "97FFA890",
			"tri": true,
			"hollow": true,
			"stroke": 0,
			"strokeTo": 0.1,
			"radius": 480,
			"radiusTo": 480,
			"triLength": 16,
			"triLengthTo": 16,
			"haloRadius": 8,
			"haloRotation": 0,
			"haloRotateSpeed": -0.4,
			"layer": 80
		}
	]
}