{
	"type": "tank",
	"name": "新风",
	"squareShape": true,
	"omniMovement": false,
	"rotateMoveFirst": false,
	"rotateSpeed": 3,
	"speed": 2.4,
	"hitSize": 9.5,
	"ammoCapacity": 300,
	"health": 400,
	"armor": 5,
	"drag": 0.08,
	"accel": 0.1,
	"itemCapacity": 5,
	"faceTarget": false,
	"research": "dagger",
	"requirements": {
		"block": "ground-factory",
		"time": 1800,
		"requirements": [
			"silicon/80",
			"lead/50",
			"graphite/25"
		]},
	"abilities": [
		{
			"type": "StatusFieldAbility",
			"duration": 250,
			"reload": 300,
			"range": 30,
			"applyEffect": "none",
			"activeEffect": {
				"type": "WaveEffect",
				"lifetime": 10,
				"sizeFrom": 8,
				"sizeTo": 40,
				"strokeFrom": 2,
				"strokeTo": 0,
				"colorFrom": "FFFFFF",
				"colorTo": "FFFFFF"
			},
			"effect": "overclock"
		}
	],
	"weapons": [
		{
			"name": "新风1",
			"reload": 7.6,
			"recoil": 0,
			"x": 0,
			"y": 0,
			"rotate": true,
			"rotateSpeed": 3,
			"mirror": false,
			"inaccuracy": 0.5,
			"ejectEffect": "casing1",
			"shootSound": "shoot",
			"alternate": false,
			"bullet": {
				"damage": 5,
				"speed": 9,
				"buildingDamageMultiplier": 0.8,
				"lifetime": 18,
				"width": 3,
				"height": 10
			}
		}
		{
			"name": "血蛭1",
			"top": true,
			"shootY": 7,
			"reload": 13.5,
			"ejectEffect": "none",
			"recoil": 2,
			"x": 2,
			"y": 0,
			"shootSound": "sap",
			"rotate": true,
			"rotateSpeed": 3,
			"bullet": {
				"type": "SapBulletType",
				"pierceArmor": true,
				"shootEffect": "shootSmall",
				"lifetime": 30,
				"sapStrength": 1.35,
				"length": 60,
				"width": 0.55,
				"knockback": -1.1,
				"statusDuration": 200,
				"status": "sapped",
				"damage": 5.2,
				"color": "84F491FF",
				"lightColor": "84F491FF",
				"hitColor": "62AE7FFF",
				"despawnEffect": "none"
			}
		},
		{
			"name": "血蛭1",
			"top": true,
			"shootY": 7,
			"reload": 13.5,
			"ejectEffect": "none",
			"recoil": 2,
			"x": -2,
			"y": 0,
			"shootSound": "sap",
			"rotate": true,
			"rotateSpeed": 3,
			"bullet": {
				"type": "SapBulletType",
				"pierceArmor": true,
				"shootEffect": "shootSmall",
				"lifetime": 30,
				"sapStrength": 1.35,
				"length": 60,
				"width": 0.55,
				"knockback": -1.1,
				"statusDuration": 200,
				"status": "sapped",
				"damage": 5.2,
				"color": "84F491FF",
				"lightColor": "84F491FF",
				"hitColor": "62AE7FFF",
				"despawnEffect": "none"
			}
		}
	]
}