{
 "name":"储液罐-矿渣",/*内容物名称*/ 
 "description":"被矿渣填满了",/*内容物描述*/
 "color":"#ff9900"
 "type":"item",/*分类*/
 "flammability":0,/*燃烧性，可填负数/小数，确定了着火和装有此物品的方块爆掉后的火焰多少和塞进燃烧发电机的发电大小*/
 "hardness":0/*挖掘等级，如果不是矿物的话填0即可，原版最高4级*/
    "explosiveness":0,/*爆炸性，可填负数/小数，表现为装有此物品的方块爆掉后的范围和伤害*/
    "radioactivity":0,//辐射性，决定了它塞进rgt的发电大小
    "charge":0//放电性，决定装有此物品的方块爆掉后的闪电多少/伤害，参考电池爆炸
    "research": "liquid-tank"
   //科技排在谁的后面
}