{
	"type": "ForceProjector",
	"name": "偏导护盾",
	"health": 1850,
	"size": 3,
	"radius": 360,
	"squareSprite": false,
	"canOverdrive": false,
	"shieldHealth": 10000,
	"phaseRadiusBoost": 0,
	"phaseShieldBoost": 10000,
	"cooldownNormal": 7,
	"cooldownLiquid": 2.5,
	"cooldownBrokenBase": 3,
	"coolantConsumption": 0.5,
	"liquidCapacity": 60,
	"itemCapacity": 20,
	"absorbEffect": {
		"type": "ParticleEffect",
		"particles": 1,
		"sizeFrom": 5,
		"sizeTo": 0,
		"length": 0,
		"baseLength": 0,
		"lifetime": 180,
		"sizeInterp": "pow3In",
		"colorFrom": "FEEBB3",
		"colorTo": "FEEBB300"
	},
"consumes": {
        "power": 16.66666666666666666666666,
    },
 "requirements": [
        {
            "item": "graphite",
            "amount": 1200
        },
        {
            "item": "铝",
            "amount": 1050
        },
        {
            "item": "silicon",
            "amount": 930
        },
        {
            "item": "镍",
            "amount": 1550
        },
        {
            "item": "surge-alloy",
            "amount": 600
        }
        {
        "item":"羲和合金",
        "amount":300
        }
        {
        "item":"破位物",
        "amount":200,
        
        }
        {
        "item":"钋",
        "amount":960
        }
        {
        "item":"phase-fabric"
        "amount":640
        }
    ],
    "research": "治疗立场",
    	"category": "effect",
    	"researchCostMultiplier":0.3,
}