{
"health":400,
"speed":0.65
"canBoost": true, //助推
"weapons":[ 
	{
	"name":"large-weapon",
	"mirror":true,
//	"rotateSpeed":3
  "x":4
  "y":0
  "shootY":4
  "top": true
  "rotate":false
  "reload": 20
  "shootSound":"pew",
  "ejectEffect":"casing1"
  "shots": 1,
  "inaccuracy":0
  "alternate":true,
  "ignoreRotation": false,
  "shoot": {
        "shots": 2,
        "shotDelay": 3
    }
  "bullet":{
               "speed": 5
               "lifetime": 25
               "damage":10
               "width": 2
               "shrinkY":0
               "height": 6
}
},
{
	"name":"large-weapon",
	"mirror":true,
//	"rotateSpeed":3
  "x":-4
  "y":0
  "shootY":4
  "top": true
  "rotate":false
  "reload": 20
  "shootSound":"pew",
  "ejectEffect":"casing1"
  "shots": 1,
  "inaccuracy":0
  "alternate":true,
  "ignoreRotation": false,
  "shoot": {
        "shots": 2,
        "shotDelay": 3
    }
  "bullet":{
               "speed": 5
               "lifetime": 25
               "damage":10
               "width": 2
               "shrinkY":0
               "height": 6
}
},
	    ]
}