{
"health":3500,
"speed":0.55,
"armor":12,
"canBoost": true, //助推
"weapons":[ 
	{
	"name":"artillery",
	"mirror":true,
  "x":8
  "y":0
  "shootY":4
  "top": true
  "rotate":false
  "reload": 90
  "shootSound":"shootBig",
  "ejectEffect":"shootBig"
  "shots": 1,
  "inaccuracy":5
  "alternate":true,
  "ignoreRotation": false,
  "targetAir":true//攻击天空
	"targetGround":true,//攻击地面
  "shoot": {
        "shots": 3,
        "shotDelay": 0
    }
  "bullet":{
"type":"BasicBulletType",//基础子弹
"width":15,//子弹宽
"height":15,//子弹长
"lifetime":60,//存在时间，帧
"speed":3.625,//初速度
"ammoMultiplier":3,
"damage":30,
"splashDamageRadius":34.4,
"splashDamage":40
"despawnEffect":"flakExplosionBig",
	    "hitEffect":"flakExplosionBig",
	"smokeEffect":"shootBigSmoke"
}
},
	    ]
}