{
"health":50000,
"speed":0.35,
"armor":25,
"range":360
"weapons":[
{
	"name":"scepter-weapon",
	"mirror":true,
  "x":20
  "y":2
  "shootY":4
  "top": true
  "rotate":false
  "reload": 15
  "shootSound":"shootBig",
  "ejectEffect":"shootBig"
  "shots": 1,
  "inaccuracy":0
  "alternate":true,
  "ignoreRotation": false,
  "shoot": {
        "shots": 2,
        "shotDelay": 5
    }
  "bullet":{
               "speed": 10
               "lifetime": 30
               "damage":120
               "width": 12
               "shrinkY":0
               "height": 18
/*               "lightningColor":"FFE865FF",
        //闪电颜色
        "lightning": 5,
        //射击命中时生成闪电数量
        "lightningLength": 10,
        //射击命中时生成闪电的长度
        "lightningDamage":25,
        //闪电伤害*/
        "splashDamage":80,
"splashDamageRadius":16,
"despawnEffect":"flakExplosionBig",
	    "hitEffect":"flakExplosionBig",
	"smokeEffect":"shootBigSmoke"
	"pierceCap":10,
               "fragBullets":4,
			"fragRandomSpread":6,//随机分裂角度
			"fragSpread":0,//分裂角度
			"fragAngle":0,//分裂起始角度
			"fragVelocityMin":0.5,//最小分裂弹速度
	    "fragVelocityMax":1.5,//最大分裂弹速
	    "fragBullet":{
	           "speed": 6
               "lifetime": 15
               "damage":30
               "splashDamage":60,
"splashDamageRadius":12,
"despawnEffect":"flakExplosionBig",
	    "hitEffect":"flakExplosionBig",
	"smokeEffect":"shootBigSmoke"
	"pierceCap":3
               "width": 5.5
               "shrinkY":0
               "height": 5.5
/*               "lightningColor":"FFE865FF",
        //闪电颜色
        "lightning": 1,
        //射击命中时生成闪电数量
        "lightningLength": 5,
        //射击命中时生成闪电的长度
        "lightningDamage":15,
        //闪电伤害*/
               }
}
},
]
}
//reign-weapon