{
     "type":"ItemTurret",
     "name":"", //名字
     "description":"", //介绍
     "health":,//生命
     "size":,//占地边长支持1~9对应贴图1x1=32x32像素.
     "shotWidth":,//炮口间距双管使用与体积对应是2:1
     "targetAir":,//是否攻击空中true是,false否
     "targetGround":,//是否攻击地面true是,false否
     "rotatespeed": ,//旋转速度
     "cooldown":,//冷却
     "recoil": ,//后坐力
     "restitution":,//回复原位速度
     "shots": ,//一次打几发
     "inaccuracy": ,//误差
     "maxAmmo":,//弹仓默认30
     "burstSpacing":,//破片炮使用爆裂半径默认5
     "reload":,//装弹时间比例60:1
     "range":,//范围
     "ammo": {
       "": {
       "splashDamageRadius":,//溅射范围
	   "splashDamage":,//范围伤害
	   "speed": ,//子弹飞行速度
		"damage": ,//伤害
		"hitSize": ,//碰撞箱默认4
		"pierce": ,//是否穿透
		"reloadMultiplier": ,//装弹速率
		"recoil": , //额外后坐力
		"knockback": ,//被击中单位降速
		"bulletWidth": ,//子弹宽
		"bulletHeight": ,//子弹高
		"homingPower":,//追踪力度0不追1追
		"homingRange":,//追踪范围
		"lifetime":,//子弹存在时间比例60:1
		"lightining":,//闪电数量
		"lightningLength":,//闪电长度
		"incendChance": ,//产生火焰概率
		"fragBullets":,//破片数
}