{
    "type": "legs",
    "name": "山龟",
    "description": "对远处的敌人发射重型炮弹。",
    "details":"哈哈一只背上烂个大洞的笨重大乌龟……\n等等，那个洞不会喷东西的对吧？！"
    "hitSize":20,
    "drawShields": false,
    "allowLegStep": true,
    "health":38000,
    "armor":20,
    "speed":0.2,
    "rotateSpeed":2,
    "groundLayer":80,
    //高度
    "mechStepParticles":true,
    //机甲的腿会扬起烟尘
    "stepShake":6,
    //机甲的腿对地面造成的震动
    "legCount":4,
    //腿数量
    "legLength":14,
    //腿长
    "lockLegBase":true,
    //锁定腿部底座？
    "legContinuousMove":true,
    //腿部连续运动？
    "legExtension":-3,
    //腿伸缩
    "legBaseOffset": 5,
    //腿部底座偏移
    "legMaxLength":2,
    //腿部最大长度
    "legMinLength":1.1,
    //腿部最小长度
    "legLengthScl": 0.95,
    "legForwardScl": 0.7,
    "legMoveSpace":3,
    //腿部运动空间
    "rippleScale": 0.2,
    "ammoCapacity": 20,
    //弹容量
    "shadowElevation": 0.8,
    //阴影仰角
    "ammoType":{
        "type":"ItemAmmoType",
        "item":"躁动的孢子",
    },
    "drawBody":false,
	"drawCell":false,
	//是否显示Cell
	"crushDamage":3,
	//碾压伤害
	"immunities":[
	    "孢子腐蚀",
	    "spore-slowed",
	    "overdrive",
	    "overclock",
	    ],
    "weapons":[
        {
    		"name": "山龟头",
    		"reload":30,
    		"mirror": false,
    		"x":0,
    		"y":22,
    		"shootY":7,
    		"shoot":{
    			"shots":4,
    			"shotDelay":1,
    		}
    		"recoil":0,
    		"rotate":true,
			"inaccuracy":12, 
    		"shootSound": "flame",
    		"shootCone": 6,
    		"top":false,
			"bullet": {
    			"type": "BasicBulletType",
    			"status":"孢子腐蚀"
    			"collidesAir": true,
    			"speed": 5,
    			"damage":50,
    			"width": 0.1,
    			"height": 0.1,
    			"shootEffect": {
    				"type": "ParticleEffect",
    				"particles": 30,
    				"sizeFrom": 4,
    				"sizeTo": 0,
    				"length": 180,
    				"lifetime": 58,
                    "interp": "circleOut",
                    "colorFrom": "6B4ECAFF",
                    "colorTo": "976FD9FF",
                    "cone": 6
                },
                "smokeEffect": "none",
                "lifetime": 30,
                "despawnEffect": "none",
                "hittable": false,
                "reflectable": false,
                "hitEffect": {
                    "type": "ParticleEffect",
                    "particles": 15,
                    "sizeFrom": 2,
                    "sizeTo": 0,
                    "length": 20,
                    "lifetime": 15,
                    "interp": "circleOut",
                    "colorFrom": "6B4ECAFF",
                    "colorTo": "976FD9FF",
                    "cone": 360
					},
				"pierce": true,
				"makeFire":false,
				//制造火焰
				//"incendAmount":5
				//引火数量
    			}
  			},
        {
            "name": "山龟",
            "y":0,
            "x":0,
            "shootY":2,
            "reload":600,
            //射速
            "recoil":0,
            //后坐力
            "shake":8,
            //屏幕摇晃
            "shoot":{
                "type":"ShootAlternate",
                "barrels":1,
                //炮口数量
                "shots":3,
                //每次射出子弹数
                "shotDelay":30,
                //射击延迟
				"firstShotDelay":240
			}
            "shootStatus":"unmoving",
            //射击时自身状态
            "shootStatusDuration":240,
            //射击时自身状态持续时间
            "shootSound": "artillery",
            "rotate":false,
            //旋转
            "mirror":false,
            //镜像
            "top":false
            "bullet":{
	"type" : "ArtilleryBulletType",
	"sprite" : "circle-bullet",
	"status": "孢子腐蚀",
	"height" : 20,
	"width" : 20,
	"shrinkX": 0,
	"shrinkY": 0,
	"speed":3,
	"lifetime":267,
	"splashDamage":1500,
	"splashDamageRadius":149.6,
	"shootEffect":{
    "type": "multiEffect",
    "effects": [
        	        {
	            "type":"WaveEffect"
		        "lifetime":90,
		        "sizeFrom":0
		        //从多大
		        "sizeTo":80,
		        //到多大
		        "strokeFrom":5,
		        //从多宽
		        "strokeTo": 0,
		        //到多宽
		        "colorFrom":"7700FF"
		        "colorTo":"7700FF"
        	        },
    {
    "type": "ParticleEffect",
    "lightColor": "7700FF",
    "particles": 40,
    "length": 90,
    "lifetime": 50,
    "interp": "pow10Out",
    "sizeFrom": 7,
    "sizeTo": 2,
    "colorFrom": "7700FF",
    "colorTo": "7700FF"
    },
    {
    "type": "ParticleEffect",
    "lightColor": "7700FF",
    "particles": 10,
    "length": 90,
    "lifetime": 80,
    "interp": "pow10Out",
    "sizeFrom": 10,
    "sizeTo": 4,
    "colorFrom": "7700FF",
    "colorTo": "7700FF"
    },
    ]
	}
	"chargeEffect":{
	    "type": "multiEffect",
    "effects": [
    {
    "type": "ParticleEffect",
    "line": true,
    "particles": 5,
    "offset": 20,
    "lifetime": 200,
    "length": 100,
    "baseLength": -15,
    "cone": -360,
    "lenFrom": 10,
    "lenTo": 10,
    "colorFrom": "7700FF",
    "colorTo": "7700FF"
    },
    {
    "type": "ParticleEffect",
    "particles": 1,
    "sizeFrom": 12,
    "sizeTo": 0,
    "interp": "swingIn",
    "length": 0,
    "lifetime": 200,
    "colorFrom": "7700FF",
    "colorTo": "7700FF"
    },
    {
    "type": "ParticleEffect",
    "particles": 1,
    "sizeFrom": 6,
    "sizeTo": 0,
    "interp": "swingIn",
    "length": 0,
    "lifetime": 200,
    "colorFrom": "FFFFFFF",
    "colorTo": "FFFFFFF"
    }
    ]
	}
	"hitEffect": {
    "type": "multiEffect",
    "effects": [
        	        {
	            "type":"WaveEffect"
		        "lifetime":40,
		        "sizeFrom":20
		        //从多大
		        "sizeTo":149.6,
		        //到多大
		        "strokeFrom":10,
		        //从多宽
		        "strokeTo": 0,
		        //到多宽
		        "colorFrom":"7700FF"
		        "colorTo":"7700FF"
        	        },
    {
    "type": "ParticleEffect",
    "lightColor": "7700FF",
    "particles": 20,
    "length": 149.6,
    "lifetime": 50,
    "interp": "pow10Out",
    "sizeFrom": 13,
    "sizeTo": 7,
    "colorFrom": "7700FF",
    "colorTo": "7700FF"
    },
    {
    "type": "ParticleEffect",
    "line": true,
    "lightColor": "7700FF",
    "particles": 20,
    "lifetime": 30,
    "length": 164.6,
    "cone": -360,
    "lenFrom": 10,
    "lenTo": 10,
    "strokeFrom": 3,
    "strokeTo": 0,
    "colorFrom": "7700FF",
    "colorTo": "7700FF"
    }
    ]
    },
	"despawnEffect": {
    "type": "multiEffect",
    "effects": [
    {
    "type": "ParticleEffect",
    "lightColor": "7700FF",
    "particles": 20,
    "length": 149.6,
    "lifetime": 50,
    "interp": "pow10Out",
    "sizeFrom": 20,
    "sizeTo": 7,
    "colorFrom": "7700FF",
    "colorTo": "7700FF"
    },
    {
    "type": "ParticleEffect",
    "line": true,
    "lightColor": "7700FF",
    "particles": 20,
    "lifetime": 12,
    "length": 164.6,
    "cone": -360,
    "lenFrom": 10,
    "lenTo": 10,
    "strokeFrom": 3,
    "strokeTo": 0,
    "colorFrom": "7700FF",
    "colorTo": "7700FF"
    }
    ]
    },
	"trailParam": 5,
	"trailLength": 30,
    "trailWidth": 10,
    "trailChance": 0.2,
	"trailEffect": {
	"type": "ParticleEffect",
    "lightColor": "7700FF",
    "particles": 10,
    "length": 5,
    "baseLength": 5,
    "lifetime": 30,
    "interp": "circleOut",
    "sizeInterp": "pow5In",
    "sizeFrom": 3.5,
    "sizeTo": 0,
    "colorFrom": "7700FF",
    "colorTo": "7700FF"   
	},
	"trailColor": "7700FF",
    "backColor": "7700FF",
    "frontColor": "7700FF",
            }
        }
        ],
            "abilities":[
        {
            "type": "RegenAbility",
            //再生
            "percentAmount": 0.004
            //每秒回复(此数值x100=实际百分率)(负数为减血)
        }
        ]
}