{
	"type":"legs",//爬爬
	"drag": 0.4,
	"faceTarget": true,
	"flying": false,
	"rotateSpeed": 3,
	"legBaseOffset": 13,
	"legCount": 6,
	"legMaxLength": 1.1,
	"legMinLength": 0.6,
	"legLengthScl": 0.96,
	"legForwardScl": 2,
	"legExtension": -4,
	"legStraightness": 0.3,
	"legPhysicsLayer": false,
	"legContinuousMove": true,
	"lockLegBase": true,
	"rippleScale": 0.2,
	"legBaseOffset": 3,
	"legMoveSpace": 0.6,
	"legLength": 18, 
	"outlineColor": "00000000",
	//描边颜色
	"groundLayer":68,
    //高度
	"name":"猎蛛",//名字
	"description":""
	"immunities":[
	    "孢子腐蚀",
	    "spore-slowed",
	    "overdrive",
	    "overclock",
	    ],
	    "ammoType":{
        "type":"ItemAmmoType",
        "item":"躁动的孢子",
    },
	"speed":2.4,
	"hitSize": 11.5,
	"health":6900
	"faceTarget": true,
	"armor":8,
	"drag": 0.4,
	"aimDst": 130,
	"targetAir": false,
	"rotateSpeed": 3,

	"weapons": [
	{"name": "猎蛛",
	"reload": 10,
	"mirror": false,
	"x": 0,
	"smoothReloadSpeed": 0.15,
	"shootWarmupSpeed": 0.05,
	"minWarmup": 0.9,
	"shootY": 5.5,
	"recoil": 0,
	"shake": 1,
	"top": false,
	"rotate": false,
	"shootSound": "blaster",
	"shootCone": 45,

	"parts": [
	{"type": "RegionPart",
	"suffix": "-blade",
	"moveRot": -22,
	"mirror": true,
	"children": [
	{
	"type": "RegionPart",
	"suffix": "-blade-glow",
	"blending": "additive",
	"color": "BF92F9FF",
	"colorTo": "BF92F9FF",
	"outline": false,
	"mirror": true
	}
	],
	"progress": {
	"type": "warmup",
	"op": "blend",
	"other": "reload",
	"amount": 0.5
	}	}	],
		"bullet": {
		"type": "LaserBulletType",
		"length":136,
		"width":8,
		"hitSize":8,
		"damage":180,
		"hitEffect":"hitLancer",
		"ammoMultiplier":1,
		"knockback":0.1
		"pierceCap":12
		"shootEffect":"none",
		"smokeEffect":"none",
		"collidesAir":true,
		//是否能攻击到空中单位
		"sideAngle":15,
		"sideWidth":1,
		"sideLength":40,
		"colors": [
		"BF92F9FF"
		"FFFFFFFF"
		]	}	}	]
		"abilities":[
        {
            "type": "RegenAbility",
            //再生
            "percentAmount": 0.003
            //每秒回复(此数值x100=实际百分率)(负数为减血)
        }]
}
