{
	"type":"mech"
	"name":"蚁卵",
	"defaultController":"SuicideAI"
	"description":"一个蚂蚁卵。"
	"details":"好大的卵。"
	"health":600,
	"armor":10,
	"hitSize":5,
	"speed":0,
	"range":10
	//范围
	"rotateSpeed":0,
	"drawBody":false,
	"drawCell":false,
	//是否显示Cell
	"hidden":false,
	//是否隐藏
	"hovering":true,
	"ammoType":{
        "type":"ItemAmmoType",
        "item":"躁动的孢子",
    },
	"immunities":[
	    "孢子腐蚀",
	    "spore-slowed",
	    "overdrive",
	    "overclock",
	    ],
	"weapons":[
	    {
	        "name": "蚁卵",
	        "shootOnDeath":true
	        //射击时死亡
    		"reload":600,
    		"mirror": false,
    		"alwaysShooting": true,
    		//总是射击
    		"x":0,
    		"y":0,
    		"shootY":0,
    		"recoil":0,
    		"rotate":false
    		"top":false
    		"shootCone":360
    		"shootSound":"none"
    		"shootEffect":"none"
    		"hitEffect":"none"
    		"shoot":{
				"firstShotDelay":1810
			}
    		"bullet":{
    		    "splashDamage":50
    		    "splashDamageRadius":8
    		    "speed":0
    		    "killShooter":true,
    		    //射击后自杀
    		    "hittable": false,
    		    //可拦截
    		    "instantDisappear":true
    		    //瞬间消失
    		    "rangeOverride":10
    		    "smokeEffect":{
    				"type": "ParticleEffect",
    				"particles": 30,
    				"sizeFrom":3,
    				"sizeTo": 0,
    				"length": 30,
    				"lifetime": 58,
                    "interp": "circleOut",
                    "colorFrom": "6B4ECAFF",
                    "colorTo": "976FD9FF",
                    "cone": 360
                },
    		}
	    }
	    {
	        "name": "蚁卵",
	        "shootOnDeath":true
	        //射击时死亡
    		"reload":600,
    		"alwaysShooting": true,
    		"mirror": false,
    		"x":0,
    		"y":0,
    		"shootY":0,
    		"recoil":0,
    		"rotate":false
    		"top":false
    		"shootCone":360
    		"shootSound":"none"
    		"shootEffect":"none"
    		"hitEffect":"none"
    		"shoot":{
				"firstShotDelay":1800
			}
    		"bullet":{
    		    "spawnUnit":"兵蚁"
    		    "speed":0
    		    "killShooter":true,
    		    //射击后自杀
    		    "hittable": false,
    		    //可拦截
    		    "instantDisappear":true
    		    //瞬间消失
    		    "rangeOverride":10
    		    "smokeEffect":"none"
    		}
	    }
	    ],
  "abilities": [
		{
			"type": "LiquidExplodeAbility",
			"liquid": "污水",
			"amount":3,
			//数量
			"radAmountScale":3
			//数量倍率
			"radScale":4,
			//范围倍率
			"noiseMag":4,
			//液体坑数量上限倍率
			"noiseScl":1,
			//液体坑数量下限(?)
		}
        {
            "type": "RegenAbility",
            //再生
            "percentAmount": 0.001
            //每秒回复(此数值x100=实际百分率)(负数为减血)
        }
	]
}