{
    "type": "GenericCrafter",
    "health": 420,
    "name": "大型玻璃厂",
    "description": "大型玻璃厂永远的神",
	"outputItem": {"item": "metaglass","amount":6},
    "itemCapacity": 30,
    "size": 3,
    "updateEffect": {
        "type": "WaveEffect",
        "lifetime": 30,
        "sizeFrom": 0,
        "sizeTo": 10,
        "strokeFrom": 6,
        "strokeTo": 0,
        "colorFrom": "FEB380FF",
        "colorTo": "FECA80FF"
    },
/*    "drawer": {
        "type": "DrawMulti",
        "drawers": [
            "DrawWeave",
            "DrawDefault"
        ]
    },*/
    "craftTime": 35,
    "consumes": {
        "power": 6.5,
        "items": {
            "items": [
                {
                    "item": "lead",
                    "amount": 6
                },
                {
                    "item": "sand",
                    "amount": 6
                }
            ]
        }
    },
    "requirements": [
        {
            "item": "copper",
            "amount": 100
        },
        {
            "item": "lead",
            "amount": 60
        },
        {
            "item": "graphite",
            "amount": 60
        },
        {
            "item": "青铜",
            "amount": 60
        },
    ],
    "ambientSound":"techloop",
    "category": "crafting",
    "research": "kiln"
}