{
	"type": "GenericCrafter",
	"name": "巨型合金冶炼厂",
	"description": "妈妈再也不用担心我合金零了",
	"health":1600,
	"itemCapacity":90,
	"outputItem": {"item": "surge-alloy","amount":15},
	"size":5,
	"hasPower": true,
	"hasItems": true,
	"craftTime":80,
	"updateEffect": "smeltsmoke",
	"consumes": {
		"power":20,
		"items":{
		"items":[
		{"item":"copper","amount":30}
		{"item":"lead","amount":36}
		{"item":"titanium","amount":24}
		{"item":"silicon","amount":30}
		]
		}
	},
	"requirements": [
		{ "item": "lead", "amount":80 },
		{ "item": "thorium", "amount":70 },
		{ "item": "silicon", "amount":80 },
		{ "item": "亚铜", "amount":80 },
		{ "item": "磁钛", "amount":80 },
		{ "item": "surge-alloy", "amount":80 },
	],
	"category": "crafting",
	"research": "强化合金冶炼厂",
	"idleSound": "respawning",
	"idleSoundVolume": 0.4
}
