{
	"type": "GenericCrafter",
	"name": "强化相织布机",
	"description": "效率肥肠高",
	"health":600,
	"itemCapacity":60,
	"outputItem": {"item": "phase-fabric","amount":3},
	"size":2,
	"hasPower": true,
	"hasItems": true,
	"craftTime":40,
	"updateEffect": "smeltsmoke",
	"consumes": {
		"power":10,
		"items":{
		"items":[
		{ "item": "sand", "amount":25 },//沙雕
		{ "item": "thorium", "amount":10 },//钍
		]}
	},
	"requirements": [
		{ "item": "graphite", "amount":80 },
		{ "item": "青铜", "amount":120 },
		{ "item": "亚铜", "amount":80 },
		{ "item": "基础合金", "amount":80 },
		{ "item": "thorium", "amount":80 },
	],
	"category": "crafting",
	"research": "silicon-smelter",
	"idleSound": "respawning",
	"idleSoundVolume": 0.4
	/*"drawer":{"type":"DrawMulti",
"drawers":[{"type":"DrawTurret",
"parts":[
{"type":"RegionPart",
"mirror":false,//是否镜像显示
"x":0,"y":0,//起始位置
"suffix":"-1","layer":60,"moveX":0,"moveY":0,
"moveRot":1,//旋转圈数
}
]}]}*/
}
