{
    "type": "GenericCrafter",
    "health": 360,
    "name": "高压硫化机",
    "description": "高效利用资源制造硫化物",
	"outputItem": {"item": "pyratite","amount":2},
    "itemCapacity": 30,
    "size": 3,
    "updateEffect": {
        "type": "WaveEffect",
        "lifetime": 30,
        "sizeFrom": 0,
        "sizeTo": 10,
        "strokeFrom": 6,
        "strokeTo": 0,
        "colorFrom": "FEB380FF",
        "colorTo": "FECA80FF"
    },
/*    "drawer": {
        "type": "DrawMulti",
        "drawers": [
            "DrawWeave",
            "DrawDefault"
        ]
    },*/
    "craftTime": 60,
    "consumes": {
        "power": 6.5,
        "items": {
            "items": [
                {
                    "item": "lead",
                    "amount": 2
                },
                {
                    "item": "sand",
                    "amount": 2
                },
                {
                    "item": "coal",
                    "amount": 3
                }
            ]
        }
    },
    "requirements": [
        {
            "item": "亚铜",
            "amount": 45
        },
        {
            "item": "silicon",
            "amount": 65
        },
        {
            "item": "钢铁",
            "amount": 45
        },
        {
            "item": "copper",
            "amount": 50
        },
    ],
    "ambientSound":"techloop",
    "category": "crafting",
    "research": "pyratite-mixer"
}