{
    "type": "GenericCrafter",
    "requirements": [
        {
            "item": "titanium",
            "amount": 200
        },
        {
            "item": "高纯硅",
            "amount": 120
        },
        {
            "item": "方解石",
            "amount": 120
        },
    ],
	"hasPower": true,
	"hasItems": true,
	"hasLiquids": true,
	"itemCapacity": 40,
	"liquidCapacity": 360,
	"craftTime": 90,
	"category": "crafting",
	"research":"重铅_BLOCK",
	"updateEffect": "smeltsmoke",
	"consumes": {
	    "items": {
	        "items": [
	            {
	                "item": "titanium",
	                "amount": 5
	            },
	        ]
	    },
	    "power": 4.33,
	    "liquids": {
	        "liquids": [
	            {
	                "liquid": "water",
	                "amount": 0.35
	            },
	        ]
	    }
	},
	"size": 4,
	"outputItem": {
	    "item": "钛板",
	    "amount": 2
	},
	"outputLiquid": {
	    "liquid": "flame_spore_liquid",
	    "amount": 1
	},
	"description": "通过冶炼产生硬度极佳的钛板",
	"name": "钛冶炼厂",
	"ambientSound": "grinding",
	"ambientSoundVolume": 0.015,
	"drawer":[
	    {
	        "type":"DrawDefault"
	    },
	    {
	        "type": "DrawMulti"
	    },
	    {
	        "type": "DrawLiquidTile",
	        "drawLiquid": "water"
	    },

	    {
	        "type": "DrawLiquidTile",
	        "drawLiquid": "flame_spore_liquid"
	    },
	    {
	        "type":"DrawRegion",
	        "suffix": "-spin",
	        "spinSprite": true,
	        "rotateSpeed": 2
	    },
	    {
	        "type":"DrawRegion",
	        "suffix": "-top"
	    }
	]
}