{
    "type": "GenericCrafter",
    "requirements": [
        {
            "item": "silicon",
            "amount": 100
        },
        {
            "item": "copper",
            "amount": 110
        }
    ],
	"hasPower": true,
	"hasItems": true,
	"hasLiquids": true,
	"itemCapacity": 40,
	"liquidCapacity": 480,
	"craftTime": 60,
	"category": "crafting",
	"research":"工业基础,
	"updateEffect": "smeltsmoke",
	"consumes": {
	    "items": {
	        "items": [
	            {
	                "item": "copper",
	                "amount": 6
	            },

	        ]
	    },
	    "power": 2.22,
	    "liquids": {
	        "liquids": [
	            {
	                "liquid": "water",
	                "amount": 0.2
	            },
	        ]
	    }
	},
	"size": 4,
	"outputItem": {
	    "item": "铜板",
	    "amount": 2
	},
	"outputLiquid": {
	    "liquid": "flame_spore_liquid",
	    "amount": 1
	},
	"description": "冶炼出较硬的铜板",
	"name": "铜冶炼厂",
	"ambientSound": "grinding",
	"ambientSoundVolume": 0.015,
	"drawer":[
	    {
	        "type":"DrawDefault"
	    },
	    {
	        "type": "DrawMulti"
	    },
	    {
	        "type": "DrawLiquidTile",
	        "drawLiquid": "water"
	    },
	    {
	        "type": "DrawLiquidTile",
	        "drawLiquid": "flame_spore_liquid"
	    },
	    {
	        "type":"DrawRegion",
	        "suffix": "-spin",
	        "spinSprite": true,
	        "rotateSpeed": 2
	    },
	    {
	        "type":"DrawRegion",
	        "suffix": "-top"
	    }
	]
}