{
	"type": "ItemTurret",
	"name": "电磁机枪",
	"description": "用强大的电磁力把子弹加速到一个不可思议的速度，破坏力惊人。
	
	弹仓：600,",
	"health": 860,
	"size": 3,
	"reloadTime": 70,
	"range": 400,
    "maxAmmo":600,
    "recoil": 2.45,
	"cooldown": 10.0,
	"shots": 20,
	"ammoUseEffect": "none",
	"burstSpacing": 0.6,
	
	"targetGround":true,
    "heatColor":"34D9FAFF",
	"targetAir":true,
	"inaccuracy": 0,
	"rotatespeed": 200,
	
	"spread": 6,
	"alternate": true,
	"shootCone": 15,
	
	"ammoTypes": {
			"titanium": {
            "type": "BasicBulletType",
			"splashDamageRadius":25,
			"splashDamage":30,
			"speed": 30,
			"damage": 50.8,
			"bulletWidth": 1,
			"bulletHeight": 3,
	    	"status":"tarred",
			"trailEffect": "lancerLaserShootSmoke",
			"smokeEffect": "none",
			"ammoMultiplier": 1,
			"lifetime":100,
			"backColor":"5993E4",
			"fontColor":"4287E6",
			"heatColor":"4287E6",
			"trailColor":"4287E6"
		}
	},
	"requirements": [
		{ "item": "纯水泥", "amount": 150 },
		{ "item": "塑料", "amount": 200 },
		{ "item": "运算单元", "amount": 160 },
		{ "item": "钛板", "amount": 600 }
	],
	"category": "turret",
	"research": "重机枪"
	}
	
	
	
/*****
	
	
	        duo = new ItemTurret("duo"){{
            requirements(Category.turret, with(Items.copper, 35), true);
            ammo(
            Items.copper, Bullets.standardCopper,
            Items.graphite, Bullets.standardDense,
            Items.pyratite, Bullets.standardIncendiary,
            Items.silicon, Bullets.standardHoming
            );

            spread = 4f;
            shots = 2;
            alternate = true;
            reloadTime = 20f;
            restitution = 0.03f;
            range = 100;
            shootCone = 15f;
            ammoUseEffect = Fx.casing1;
            health = 250;
            inaccuracy = 2f;
            rotateSpeed = 10f;
        }};