{"name": "云际",
"description":"三级战舰单位，向敌人投掷爆炸弹，攻击时获得免伤",
	"type": "flying",
	"research": "feab磷雨",
	"faceTarget":false,
	"circleTarget":true,
	"omniMovement":true,
	"rotateMoveFirst":true,
	"targetAir": false,//目标空军
	"flying": true,
	"health": 3680,
	"hitSize": 24,
	"armor": 6,
"range": 80,
	"accel": 0.07,
	"drag": 0.016,
	"speed": 2.4,
	"rotateSpeed": 4.5,
		"immunities": [
	"亡鸩增幅1",
"亡鸩增幅2",
"亡鸩增幅3",
"亡鸩增幅4",
"亡鸩增幅5",
"亡鸩增幅6",
"亡鸩增幅7",
"亡鸩增幅8",
"亡鸩增幅9",
"亡鸩增幅10",
"亡鸩增幅11",
"亡鸩增幅12"
	],
	"engines": [
		{
			"x": -7.5,
			"y": -6,
			"radius": 4,
			"rotation": -45
		},
		{
			"x":7.5,
			"y": -6,
			"radius": 4,
			"rotation": -135
		}
	],
	"targetFlags": [//优先攻击
		"reactor",//反应堆
		"generator",//发电机
		"factory"//工厂
	],
	"weapons": [
	
		{	"x":-4,"y":0,
		
	"range": 80,	"reload": 360,
			"shootCone": 360,
			"shoot": {
				"shots": 4,
				"shotDelay": 10
			},
			"ignoreRotation": true,//忽略旋转
			"minShootVelocity": 0.04,
			"shootSound": "plasmadrop",
			"bullet": {
				"recoil":0,
			"lightningColor": "6569C9FF",//闪电颜色
	    "lightningDamage":24,
    "lightning":3,
    "lightningLength":8,
			"buildingDamageMultiplier": 2.5,
				"type": "BombBulletType",
				"sprite": "large-bomb",
				"spin": 3,
				"width": 14,
				"height": 14,
				"shrinkX": 0.9,
				"shrinkY": 0.9,
				"speed": 0,
				"lifetime": 60,
				"absorbable": false,
				"backColor": "6569C9FF",
				"frontColor": "8CA9E8FF",
				"splashDamage": 60,
				"splashDamageRadius": 40,
				"hitSound": "plasmaboom",
				"hitEffect": {
					"type": "WrapEffect",
					"effect": "dynamicSpikes",
					"color": "6569C9FF",
					"rotation": 48
				},
				"hitShake": 3,
				"despawnEffect": "massiveExplosion"
		}
		}
			{	"x":4,"y":0,
		
	"range": 80,	"reload": 360,
			"shootCone": 360,
			"shoot": {
				"shots": 4,
				"shotDelay": 10
			},
			"ignoreRotation": true,//忽略旋转
			"minShootVelocity": 0.04,
			"shootSound": "plasmadrop",
			"bullet": {
			"lightningColor": "6569C9FF",//闪电颜色
	    "lightningDamage":24,
    "lightning":3,
    "lightningLength":8,
			"buildingDamageMultiplier": 2.5,
				"type": "BombBulletType",
				"sprite": "large-bomb",
				"spin": 3,
				"width": 14,
				"height": 14,
				"shrinkX": 0.9,
				"shrinkY": 0.9,
				"speed": 0,
				"lifetime": 60,
				"absorbable": false,
				"backColor": "6569C9FF",
				"frontColor": "8CA9E8FF",
				"splashDamage": 60,
				"splashDamageRadius": 40,
				"hitSound": "plasmaboom",
				"hitEffect": {
					"type": "WrapEffect",
					"effect": "dynamicSpikes",
					"color": "6569C9FF",
					"rotation": 48
				},
				"hitShake": 3,
				"despawnEffect": "massiveExplosion"
		}
		}
	],
	"abilities": [
		{
			"type": "ArmorPlateAbility",
			"healthMultiplier": 0.55
		},
	]
}