{"name": "傲云",
"description":"四级战舰单位，向敌人投掷爆炸弹，攻击时获得免伤",
	"type": "flying",
	"research": "feac云际",
	"faceTarget":false,
	"circleTarget":true,
	"omniMovement":true,
	"rotateMoveFirst":true,
	"targetAir": false,//目标空军
	"flying": true,
	"health": 9250,
	"hitSize": 34,
	"armor": 8,
"range": 80,
	"accel": 0.07,
	"drag": 0.016,
	"speed": 2.2,
	"rotateSpeed": 4.5,
	"engineSize": 6,
	"engineOffset": 0,
	"trailLength": 16,
		"immunities": [
	"亡鸩增幅1",
"亡鸩增幅2",
"亡鸩增幅3",
"亡鸩增幅4",
"亡鸩增幅5",
"亡鸩增幅6",
"亡鸩增幅7",
"亡鸩增幅8",
"亡鸩增幅9",
"亡鸩增幅10",
"亡鸩增幅11",
"亡鸩增幅12"
	],
	"engines": [
		{
			"x": -14,
			"y": -7.5,
			"radius": 6,
			"rotation": -45
		},
		{
			"x":14,
			"y": -7.5,
			"radius": 6,
			"rotation": -135
		}
	],
	"targetFlags": [//优先攻击
		"reactor",//反应堆
		"generator",//发电机
		"factory"//工厂
	],
	"weapons": [
	
		{	"x":0,"y":5.5,
		
	"range": 80,
			"reload": 360,
			"shootCone": 360,
			"shoot": {
				"shots": 4,
				"shotDelay": 10
			},
			"ignoreRotation": true,//忽略旋转
			"minShootVelocity": 0.04,
			"shootSound": "plasmadrop",
			"bullet": {
				"recoil":0,
			"lightningColor": "6569C9FF",//闪电颜色
	    "lightningDamage":32,
    "lightning":3,
"lightningLength":12,
			"buildingDamageMultiplier": 2.25,
				"type": "BombBulletType",
				"sprite": "large-bomb",
				"spin": 3,
				"width": 16,
				"height": 16,
				"shrinkX": 0.9,
				"shrinkY": 0.9,
				"speed": 0,
				"lifetime": 60,
				"absorbable": false,
				"backColor": "6569C9FF",
				"frontColor": "8CA9E8FF",
				"splashDamage": 80,
				"splashDamageRadius": 40,
				"hitSound": "plasmaboom",
				"hitEffect": {
					"type": "WrapEffect",
					"effect": "dynamicSpikes",
					"color": "6569C9FF",
					"rotation": 48
				},
				"hitShake": 3,
				"despawnEffect": "massiveExplosion"
				"fragBullets": 4,
				"fragLifeMin": 0.7,
				"fragBullet": {
					"type": "BombBulletType",
					"sprite": "large-bomb",
					"lifetime": 20,
					"speed": 16,
					"shrinkX": 0.9,
					"shrinkY": 0.9,
					"width": 8,
					"height": 8,
					"absorbable": false,
					"backColor": "6569C9FF",
					"frontColor": "8CA9E8FF",
					"splashDamage": 60,
					"splashDamageRadius": 40,
					"hitSound": "plasmaboom",
					"hitEffect": {
						"type": "WrapEffect",
						"effect": "dynamicSpikes",
						"color": "6569C9FF",
						"rotation": 48
					},
					"hitShake": 3,
					"despawnEffect": "massiveExplosion"
				}
			}
		}
		{	"x":0,"y":5.5,
	"range": 80,
			"reload": 360,
			"shootCone": 360,
			"shoot": {
				"shots": 4,
				"shotDelay": 10
			},
			"ignoreRotation": true,//忽略旋转
			"minShootVelocity": 0.04,
			"shootSound": "plasmadrop",
			"bullet": {
			"lightningColor": "6569C9FF",//闪电颜色
	    "lightningDamage":32,
    "lightning":3,
"lightningLength":12,
			"buildingDamageMultiplier": 2.25,
				"type": "BombBulletType",
				"sprite": "large-bomb",
				"spin": 3,
				"width": 16,
				"height": 16,
				"shrinkX": 0.9,
				"shrinkY": 0.9,
				"speed": 0,
				"lifetime": 60,
				"absorbable": false,
				"backColor": "6569C9FF",
				"frontColor": "8CA9E8FF",
				"splashDamage": 30,
				"splashDamageRadius": 40,
				"hitSound": "plasmaboom",
				"hitEffect": {
					"type": "WrapEffect",
					"effect": "dynamicSpikes",
					"color": "6569C9FF",
					"rotation": 48
				},
				"hitShake": 3,
				"despawnEffect": "massiveExplosion"
				"fragBullets": 4,
				"fragLifeMin": 0.7,
				"fragBullet": {
					"type": "BombBulletType",
					"sprite": "large-bomb",
					"lifetime": 20,
					"speed": 16,
					"shrinkX": 0.9,
					"shrinkY": 0.9,
					"width": 8,
					"height": 8,
					"absorbable": false,
					"backColor": "6569C9FF",
					"frontColor": "8CA9E8FF",
					"splashDamage": 30,
					"splashDamageRadius": 40,
					"hitSound": "plasmaboom",
					"hitEffect": {
						"type": "WrapEffect",
						"effect": "dynamicSpikes",
						"color": "6569C9FF",
						"rotation": 48
					},
					"hitShake": 3,
					"despawnEffect": "massiveExplosion"
				}
			}
		}
	],
	"abilities": [
		{
			"type": "ArmorPlateAbility",
			"healthMultiplier": 0.7
		},
	]
}