{"name": "天兆",
"description":"五级战舰单位，向敌人投掷爆炸弹，在原地留下数枚定点爆破弹，爆破弹爆炸时会误伤友军，攻击时获得免伤",
	"type": "flying",
		"immunities": [
	"亡鸩增幅1",
"亡鸩增幅2",
"亡鸩增幅3",
"亡鸩增幅4",
"亡鸩增幅5",
"亡鸩增幅6",
"亡鸩增幅7",
"亡鸩增幅8",
"亡鸩增幅9",
"亡鸩增幅10",
"亡鸩增幅11",
"亡鸩增幅12"
	],
	"research":{
	"parent":"fead傲云",
	"objectives": [
		"ajbe飞机组装厂",
		]
		}
	"faceTarget":false,
	"circleTarget":true,
	"omniMovement":true,
	"rotateMoveFirst":true,
	"targetAir": false,//目标空军
	"flying": true,
	"health": 23640,
	"hitSize": 50,
	"armor": 12,
"range": 80,
	"accel": 0.07,
	"drag": 0.016,
	"speed": 2,
	"rotateSpeed": 4.5,
	"engineSize": 8,
	"engineOffset": 18,
	"trailLength": 16,
	"engines": [
		{
			"x": -18.75,
			"y": -12.75,
			"radius": 8,
			"rotation": -45
		},
		{
			"x":18.75,
			"y": -12.75,
			"radius": 8,
			"rotation": -135
		}
	],
	"targetFlags": [//优先攻击
		"reactor",//反应堆
		"generator",//发电机
		"factory"//工厂
	],
	"weapons": [
		{	

			"x":0,"y":5.5,
	"range": 80,
			"reload": 360,
			"shootCone": 360,
			"shoot": {
				"shots": 6,
				"shotDelay": 10
			},
			"ignoreRotation": true,//忽略旋转
			"minShootVelocity": 0.04,
			"shootSound": "plasmadrop",
			"bullet": {
				"recoil":0,
			"lightningColor": "6569C9FF",//闪电颜色
	    "lightningDamage":48,
    "lightning":3,
"lightningLength":12,
			"buildingDamageMultiplier": 2.25,
				"type": "BombBulletType",
				"sprite": "large-bomb",
				"spin": 3,
				"width": 16,
				"height": 16,
				"shrinkX": 0.9,
				"shrinkY": 0.9,
				"speed": 0,
				"lifetime": 60,
				"absorbable": false,
				"backColor": "6569C9FF",
				"frontColor": "8CA9E8FF",
				"splashDamage": 120,
				"splashDamageRadius": 40,
				"hitSound": "plasmaboom",
				"hitEffect": {
					"type": "WrapEffect",
					"effect": "dynamicSpikes",
					"color": "8CA9E8FF",
					"rotation": 48
				},
				"hitShake": 3,
				"despawnEffect": "massiveExplosion"
				"fragBullets": 4,
				"fragLifeMin": 0.7,
				"fragBullet": {
					"type": "BombBulletType",
					"sprite": "large-bomb",
					"lifetime": 20,
					"speed": 16,
					"shrinkX": 0.9,
					"shrinkY": 0.9,
					"width": 8,
					"height": 8,
					"absorbable": false,
					"backColor": "6569C9FF",
					"frontColor": "8CA9E8FF",
					"splashDamage": 80,
					"splashDamageRadius": 40,
					"hitSound": "plasmaboom",
					"hitEffect": {
						"type": "WrapEffect",
						"effect": "dynamicSpikes",
						"color": "8CA9E8FF",
						"rotation": 48
					},
					"hitShake": 3,
					"despawnEffect": "massiveExplosion"
								"fragBullets": 1,
				"fragBullet": {
					"type": "EmpBulletType",
					"sprite": "large-bomb",
					"lifetime": 480,
					"damage": 0,
					"speed": 0,
					"width": 8,
					"height": 8,
					"shrinkY": 0,
					"collides": false,
					"collidesAir": false,
					"absorbable": false,
					"collidesTiles": false,
					"backColor": "6569C9FF",
					"frontColor": "8CA9E8FF",
					"hitColor": "8CA9E8FF",
					"despawnEffect": "none",
					"splashDamage": 32,
					"splashDamageRadius": 80,
					"scaledSplashDamage": true,
					"radius": 80,
					"unitDamageScl": 1.2,
					"powerDamageScl": 1.5,
					"hitPowerEffect": {
						"type": "ParticleEffect",
						"particles": 7,
						"lifetime": 22,
						"line": true,
						"lenFrom": 6,
						"lenTo": 6,
						"cone": 360,
						"length": 80,
						"colorFrom": "8CA9E8FF",
						"colorTo": "6569C9FF"
					},
					"bulletInterval": 48,
					"intervalBullet": {
						"type": "EmpBulletType",
						"damage": 0,
						"hittable": false,
						"collides": false,
						"collidesAir": false,
						"absorbable": false,
						"instantDisappear": true,
						"despawnShake": 1,
						"hitColor": "8CA9E8FF",
						"splashDamage": 32,
						"splashDamageRadius": 48,
						"scaledSplashDamage": true,
						"splashDamagePierce": true,
						"radius": 48,
						"unitDamageScl": 1.2,
						"powerDamageScl": 1.5,
						"hitPowerEffect": {
							"type": "ParticleEffect",
							"particles": 7,
							"lifetime": 22,
							"line": true,
							"lenFrom": 6,
							"lenTo": 6,
							"cone": 360,
							"length": 80,
							"colorFrom": "8CA9E8FF",
							"colorTo": "6569C9FF"
						},
						"despawnEffect": "none",
						"hitEffect": {
							"type": "WaveEffect",
							"lifetime": 24,
							"sizeFrom": 0,
							"sizeTo": 48,
							"strokeFrom": 4,
							"strokeTo": 0,
							"colorFrom": "6569C9FF",
							"colorTo": "8CA9E8FF"
						}
					},
					"fragBullets": 4,
					"fragBullet": {
						"sprite": "large-bomb",
						"lifetime": 20,
						"speed": 16,
						"shrinkX": 0.9,
						"shrinkY": 0.9,
						"drag": 0.2,
						"width": 8,
						"height": 8,
						"collides": false,
						"collidesAir": false,
						"absorbable": false,
						"backColor": "6569C9FF",
						"frontColor": "8CA9E8FF",
						"incendAmount": 3,
						"splashDamage": 32,
						"splashDamageRadius": 48,
						"hitSound": "plasmaboom",
						"hitEffect": {
							"type": "WrapEffect",
							"effect": "dynamicSpikes",
							"color": "8CA9E8FF",
							"rotation": 40
						},
						"hitShake": 3,
						"despawnEffect": "massiveExplosion"
					}
				}
				}
			
			}
		}
	{	"x":0,"y":5.5,
	"range": 80,
			"reload": 360,
			"shootCone": 360,
			"shoot": {
				"shots": 6,
				"shotDelay": 10
			},
			"ignoreRotation": true,//忽略旋转
			"minShootVelocity": 0.04,
			"shootSound": "plasmadrop",
			"bullet": {
		
			"lightningColor": "6569C9FF",//闪电颜色
	    "lightningDamage":48,
    "lightning":3,
"lightningLength":12,
			"buildingDamageMultiplier": 2.25,
				"type": "BombBulletType",
				"sprite": "large-bomb",
				"spin": 3,
				"width": 16,
				"height": 16,
				"shrinkX": 0.9,
				"shrinkY": 0.9,
				"speed": 0,
				"lifetime": 60,
				"absorbable": false,
				"backColor": "6569C9FF",
				"frontColor": "8CA9E8FF",
				"splashDamage": 120,
				"splashDamageRadius": 40,
				"hitSound": "plasmaboom",
				"hitEffect": {
					"type": "WrapEffect",
					"effect": "dynamicSpikes",
					"color": "8CA9E8FF",
					"rotation": 48
				},
				"hitShake": 3,
				"despawnEffect": "massiveExplosion"
				"fragBullets": 4,
				"fragLifeMin": 0.7,
				"fragBullet": {
					"type": "BombBulletType",
					"sprite": "large-bomb",
					"lifetime": 20,
					"speed": 16,
					"shrinkX": 0.9,
					"shrinkY": 0.9,
					"width": 8,
					"height": 8,
					"absorbable": false,
					"backColor": "6569C9FF",
					"frontColor": "8CA9E8FF",
					"splashDamage": 80,
					"splashDamageRadius": 40,
					"hitSound": "plasmaboom",
					"hitEffect": {
						"type": "WrapEffect",
						"effect": "dynamicSpikes",
						"color": "8CA9E8FF",
						"rotation": 48
					},
					"hitShake": 3,
					"despawnEffect": "massiveExplosion"
								"fragBullets": 1,
				"fragBullet": {
					"type": "EmpBulletType",
					"sprite": "large-bomb",
					"lifetime": 480,
					"damage": 0,
					"speed": 0,
					"width": 8,
					"height": 8,
					"shrinkY": 0,
					"collides": false,
					"collidesAir": false,
					"absorbable": false,
					"collidesTiles": false,
					"backColor": "6569C9FF",
					"frontColor": "8CA9E8FF",
					"hitColor": "8CA9E8FF",
					"despawnEffect": "none",
					"splashDamage": 32,
					"splashDamageRadius": 80,
					"scaledSplashDamage": true,
					"radius": 80,
					"unitDamageScl": 1.2,
					"powerDamageScl": 1.5,
					"hitPowerEffect": {
						"type": "ParticleEffect",
						"particles": 7,
						"lifetime": 22,
						"line": true,
						"lenFrom": 6,
						"lenTo": 6,
						"cone": 360,
						"length": 80,
						"colorFrom": "8CA9E8FF",
						"colorTo": "6569C9FF"
					},
					"bulletInterval": 48,
					"intervalBullet": {
						"type": "EmpBulletType",
						"damage": 0,
						"hittable": false,
						"collides": false,
						"collidesAir": false,
						"absorbable": false,
						"instantDisappear": true,
						"despawnShake": 1,
						"hitColor": "8CA9E8FF",
						"splashDamage": 32,
						"splashDamageRadius": 48,
						"scaledSplashDamage": true,
						"splashDamagePierce": true,
						"radius": 48,
						"unitDamageScl": 1.2,
						"powerDamageScl": 1.5,
						"hitPowerEffect": {
							"type": "ParticleEffect",
							"particles": 7,
							"lifetime": 22,
							"line": true,
							"lenFrom": 6,
							"lenTo": 6,
							"cone": 360,
							"length": 80,
							"colorFrom": "8CA9E8FF",
							"colorTo": "6569C9FF"
						},
						"despawnEffect": "none",
						"hitEffect": {
							"type": "WaveEffect",
							"lifetime": 24,
							"sizeFrom": 0,
							"sizeTo": 48,
							"strokeFrom": 4,
							"strokeTo": 0,
							"colorFrom": "6569C9FF",
							"colorTo": "8CA9E8FF"
						}
					},
					"fragBullets": 4,
					"fragBullet": {
						"sprite": "large-bomb",
						"lifetime": 20,
						"speed": 16,
						"shrinkX": 0.9,
						"shrinkY": 0.9,
						"drag": 0.2,
						"width": 8,
						"height": 8,
						"collides": false,
						"collidesAir": false,
						"absorbable": false,
						"backColor": "6569C9FF",
						"frontColor": "8CA9E8FF",
						"incendAmount": 3,
						"splashDamage": 32,
						"splashDamageRadius": 48,
						"hitSound": "plasmaboom",
						"hitEffect": {
							"type": "WrapEffect",
							"effect": "dynamicSpikes",
							"color": "8CA9E8FF",
							"rotation": 40
						},
						"hitShake": 3,
						"despawnEffect": "massiveExplosion"
					}
				}
				}
			}
		}
	],
	"abilities": [
		{
			"type": "ArmorPlateAbility",
			"healthMultiplier": 0.85
		},
	]
}