{
	"name": "轰炸信标",
	"description": "请求舰队支援",
	"details": "是谁在呼唤舰队？？？",
	"health": 2980,
	"size": 2,
	"reload": 1200,
	"range": 1500,
	"maxAmmo": 30,
	"recoilTime": 60,
	"recoil": 1,
	"shake": 1.5,
	"liquidCapacity": 30,
	"targetGround": true,
	"researchCostMultiplier": 0.3,
	"targetAir": true,
	"inaccuracy": 5,
	"rotateSpeed": 15,
	"consumes": {
      		"power": 150
		"coolant": {
			"amount": 1,
			"optional": true
		}
	},
		"shootType": {
			"speed": 8,
			"damage": 60,
			"knockback": 0.5,
			"lifetime": 160,
      			"splashDamageRadius":120,
    			  "splashDamage":970,
			"collides": false,
			"scaleLife": true,
			"status": "scared",
			"statusDuration": 750,
			"despawnEffect": {
					"type": "MultiEffect",
					"effects": [
						{
							"type": "WaveEffect",//黄圈内环
							"lifetime": 20,
							"sizeFrom": 0,
							"sizeTo": 250,
							"strokeFrom": 1,
							"strokeTo": 4,
							"colorFrom": "f8f8f8",
							"colorTo": "d37746"
						},
						{
							"type": "WaveEffect",//黄圈外环
							"startDelay": 0,
							"lifetime": 20,
							"sizeFrom": 600,
							"sizeTo": 250,
							"interp":"circleOut",
							"strokeFrom": 1,
							"strokeTo": 4,
							"colorFrom": "f8f8f8",
							"colorTo": "d37746"
						},
						{
							"type": "WaveEffect",//黄圈内环-持续中
							"startDelay": 20,
							"lifetime": 250,
							"sizeFrom": 250,
							"sizeTo": 250,
							"interp":"circleOut",
							"strokeFrom": 5,
							"strokeTo": 3,
							"colorFrom": "d37746",
							"colorTo": "d37746"
						},
						{
							"type": "WaveEffect",//黄圈外环-出现
							"startDelay": 0,
							"lifetime": 40,
							"sizeFrom": 250,
							"sizeTo": 400,
							"interp":"circleOut",
							"strokeFrom": 6,
							"strokeTo": 4,
							"colorFrom": "d37746",
							"colorTo": "c94a4a"
						},
						{
							"type": "WaveEffect",//黄圈外环-持续中
							"startDelay": 40,
							"lifetime": 360,
							"sizeFrom": 400,
							"sizeTo": 400,
							"interp":"circleOut",
							"strokeFrom": 4,
							"strokeTo": 6,
							"colorFrom": "c94a4a",
							"colorTo": "c94a4a"
						},{
							"type": "WaveEffect",//黄圈内环变外环
							"startDelay": 270,
							"lifetime": 30,
							"sizeFrom": 250,
							"sizeTo": 400,
							"interp":"circleOut",
							"strokeFrom": 3,
							"strokeTo": 5,
							"colorFrom": "d37746",
							"colorTo": "c94a4a"
						},{
							"type": "WaveEffect",//黄圈外环变红圈
							"startDelay": 400,
							"lifetime": 30,
							"sizeFrom": 400,
							"sizeTo": 700,
							"interp":"circleOut",
							"strokeFrom": 6,
							"strokeTo": 3,
							"colorFrom": "c94a4a",
							"colorTo": "d37746"
						},{
							"type": "WaveEffect",//大红圈变小紫圈
							"startDelay": 430,
							"lifetime": 50,
							"sizeFrom": 700,
							"sizeTo": 150,
							"interp":"circleOut",
							"strokeFrom": 3,
							"strokeTo": 8,
							"colorFrom": "d37746",
							"colorTo": "7516d4"
						},{
							"type": "WaveEffect",//紫圈-持续中
							"startDelay": 480,
							"lifetime": 240,
							"sizeFrom": 150,
							"sizeTo": 150,
							"interp":"circleOut",
							"strokeFrom": 8,
							"strokeTo": 6,
							"colorFrom": "7516d4",
							"colorTo": "7516d4"
						},{
							"type": "WaveEffect",//小紫圈变小蓝圈
							"startDelay": 720,
							"lifetime": 30,
							"sizeFrom": 150,
							"sizeTo": 110,
							"interp":"circleOut",
							"strokeFrom": 6,
							"strokeTo": 10,
							"colorFrom": "7516d4",
							"colorTo": "202ea8"
						}
					]
				},
			"width": 6,
			"height": 6,
			"ammoMultiplier": 1
			"fragBullets": 1,
			"fragVelocityMax": 1,
			"fragVelocityMin": 1,
			"fragBullet": {  //黄圈的子弹
				"damage": 0,
				"lifetime": 270,
				"speed": 0,
				"trailEffect": "none",
				"hitEffect": "none",
        "pierce": true,
        "width":0,	"height":0,
        "collides":false,
				"hittable": false,
				"absorbable": false,
        "bulletInterval": 4,
        "intervalBullets": 1,
        "intervalRandomSpread": 360,
        "fragBullets": 1,
        "fragVelocityMax": 1,
        "fragVelocityMin": 1,
        "fragBullet": {   //红圈的子弹
          "damage": 0,
          "lifetime": 140,
          "speed": 0,
          "trailEffect": "none",
          "hitEffect": "none",
          "pierce": true,
          "width":0,	"height":0,
          "collides":false,
          "hittable": false,
          "absorbable": false,
          "bulletInterval": 3.5,
          "intervalBullets": 1,
          "intervalRandomSpread": 360,
          "fragBullets": 1,
          "fragVelocityMax": 1,
          "fragVelocityMin": 1,
          "fragBullet": {  //紫圈的子弹...还没来
            "damage": 0,
            "lifetime": 70,
            "speed": 0,
            "trailEffect": "none",
            "hitEffect": "none",
            "pierce": true,
            "width":0,	"height":0,
            "collides":false,
            "hittable": false,
            "absorbable": false,
            "fragBullets": 1,
            "fragVelocityMax": 1,
            "fragVelocityMin": 1,
            "fragBullet": {  //紫圈的子弹
              "damage": 0,
              "lifetime": 240,
              "speed": 0,
              "trailEffect": "none",
              "hitEffect": "none",
              "pierce": true,
              "width":0,	"height":0,
              "collides":false,
              "hittable": false,
              "absorbable": false,
              "bulletInterval": 5,
              "intervalBullets": 1,
              "intervalRandomSpread": 360,
              "fragBullets": 1,
              "fragVelocityMax": 1,
              "fragVelocityMin": 1,
              "intervalBullet": {  //紫圈阶段：泰坦轰炸
          "type": "PointBulletType",
          "damage": 0,
          "lifetime": 20,
          "speed": 5,
          "trailEffect": "none",
          "hitEffect": "none",
          "despawnEffect": "none",
          "fragBullets": 1,
          "fragAngle": 180,
          "fragRandomSpread": 360,
          "fragVelocityMax": 1,
          "fragVelocityMin": 0,
          "fragBullet": {
                      "damage": 0,
                      "lifetime": 1,
                      "speed": 100,
                      "trailEffect": "none",
                      "hitEffect": "none",
                      "despawnEffect":{
                      "type": "MultiEffect",
                      "effects": [
                       {
                          "type": "WaveEffect",
                          "lifetime": 30,
                          "sizeFrom": 0,
                          "sizeTo": 80,
                          "strokeFrom": 1,
                          "strokeTo": 4,
                          "colorFrom": "f8f8f8",
                          "colorTo": "d37746"
                        },
                        {
                          "type": "WaveEffect",
                          "startDelay": 30,
                          "lifetime": 120,
                          "sizeFrom": 80,
                          "sizeTo": 80,
                          "interp":"circleOut",
                          "strokeFrom": 4,
                          "strokeTo": 0,
                          "colorFrom": "f8f8f8",
                          "colorTo": "d37746"
                        }
                        ]}
                    "pierce": true,
                    "width":0,	"height":0,
                    "collides":false,
                    "hittable": false,
                    "absorbable": false,
                    "fragBullets": 1,
                    "fragAngle": 180,
                    "fragRandomSpread": 40,
                    "fragVelocityMax": 1,
                    "fragVelocityMin": 1,
                    "fragBullet": {
                        "type": "PointBulletType",
                        "damage": 0,
                        "lifetime": 120,
                        "speed": 8,
                        "trailEffect": "none",
                        "hitEffect": "none",
                        "despawnEffect":"none",
                        "hitSound":"plasmadrop"
                        "fragBullets": 1,
                        "fragAngle": 180,
                        "fragRandomSpread": 0,
                        "fragVelocityMax": 1,
                        "fragVelocityMin": 1,
                        "fragBullet": {
                            "collides": false,
                            "type":"MissileBulletType"
                            "speed": 12,
                            "damage": 340,
                            "splashDamageRadius":160,
                            "splashDamage":1020,
                            "knockback": 5,
                            "lifetime": 80,
                            "width":5,	"height":8,
                            "trailColor": "e3e4d4FF",
                            "shrinkY":0,"shrinkX":0,
                            "backColor":"e3e4d4FF",
                            "frontColor":"e3e4d4FF", 
                            "trailLength": 25,
                            "trailWidth": 6,
                            "despawnEffect":{
                                "type": "MultiEffect",
                                "effects": [
                                  {
				                       		"type": "ParticleEffect",
						                       "particles": 12,
			                       			"sizeFrom": 60,
				                       		"sizeTo": 0,
			                       			"length": 80,
			                       			"baseLength": 8,
			                       			"lifetime": 90,
		                       				"colorFrom": "D85555FF",
		                       				"colorTo": "737373FF",
				                       		"cone": 360
		                       			},
                                  {
                                    "type": "WaveEffect",
                                    "lifetime": 120,
                                    "sizeFrom": 0,
                                    "sizeTo": 130,
                                    "interp":"circleOut",
                                    "strokeFrom": 4,
                                    "strokeTo": 0,
                                    "colorFrom": "f8f8f8",
                                    "colorTo": "d37746"
                                  }
                              ]}
                         }
                      }
                   }
              }
            }
          }
          "intervalBullet": {  //红圈阶段：雷霆轰炸
          "type": "PointBulletType",
          "damage": 0,
          "lifetime": 40,
          "speed": 5,
          "trailEffect": "none",
          "hitEffect": "none",
          "despawnEffect": "none",
          "fragBullets": 1,
          "fragAngle": 180,
          "fragRandomSpread": 360,
          "fragVelocityMax": 1,
          "fragVelocityMin": 0,
          "fragBullet": {
            "damage": 0,
            "lifetime": 1,
            "speed": 220,
            "trailEffect": "none",
            "hitEffect": "none",
            "despawnEffect":{
            "type": "MultiEffect",
            "effects": [
              {
                "type": "WaveEffect",
                "lifetime": 20,
                "sizeFrom": 0,
                "sizeTo": 50,
                "strokeFrom": 1,
                "strokeTo": 4,
                "colorFrom": "f8f8f8",
                "colorTo": "d37746"
              },
              {
                "type": "WaveEffect",
                "startDelay": 20,
                "lifetime": 120,
                "sizeFrom": 50,
                "sizeTo": 50,
                "interp":"circleOut",
                "strokeFrom": 4,
                "strokeTo": 0,
                "colorFrom": "f8f8f8",
                "colorTo": "d37746"
              }
              ]}
          "pierce": true,
          "width":0,	"height":0,
          "collides":false,
          "hittable": false,
          "absorbable": false,
          "fragBullets": 1,
          "fragAngle": 180,
          "fragRandomSpread": 40,
          "fragVelocityMax": 1,
          "fragVelocityMin": 1,
          "fragBullet": {
				"sprite": "large-bomb",
				"width": 50,
				"height": 50,
				"maxRange": 50,
				"backColor": "97FFA8",
				"frontColor": "ffffff",
				"mixColorTo": "ffffff",
				"hitSound": "plasmaboom",
				"hitShake": 8,
				"collidesAir": false,
				"lifetime": 90,
				"absorbable": false,
				"despawnEffect": {
					"type": "MultiEffect",
					"effects": [
						{
							"type": "ParticleEffect",
							"particles": 19,
							"sizeFrom": 9,
							"sizeTo": 0,
							"length": 80,
							"baseLength": 8,
							"lifetime": 30,
							"colorFrom": "97FFA8",
							"colorTo": "ffffff",
							"cone": 360
						},
						{
							"type": "WaveEffect",
							"lifetime": 25,
							"sizeFrom": 8,
							"sizeTo": 130,
							"strokeFrom": 6,
							"strokeTo": 0,
							"colorFrom": "97FFA8",
							"colorTo": "ffffff"
						}
					]
				},
				"hitEffect": "massiveExplosion",
				"keepVelocity": false,
				"spin": 6,
				"shrinkX": 0.7,
				"shrinkY": 0.7,
				"speed": 0,
				"collides": false,
				"healPercent": 15,
				"lightningColor": "97FFA8",
				"lightningDamage": 15,
				"lightning": 3,
				"lightningLength": 30,
				"status": "electrified",
				"statusDuration": 120,
				"splashDamage": 90,
				"splashDamageRadius": 120,
				"fragBullets": 3,
				"fragLifeMin": 0.7,
				"fragBullet": {
					"sprite": "circle-bullet",
					"status": "electrified",
					"statusDuration": 60,
					"shrinkY": 0,
					"hitShake": 3,
					"absorbable": false,
					"collides": false,
					"width": 8,
					"height": 8,
					"speed": 16,
					"lifetime": 20,
					"drag": 0.2,
					"healPercent": 5,
					"backColor": "97FFA8",
					"frontColor": "ffffff",
					"mixColorTo": "ffffff",
					"hitSound": "plasmaboom",
					"despawnEffect": "massiveExplosion",
					"hitEffect": "greenBomb",
					"splashDamage": 75,
					"splashDamageRadius": 120,
          "status": "scared",
          "statusDuration": 600
				}
			}
          }
        }
        }
        "intervalBullet": {    //黄圈阶段：导弹
          "type": "PointBulletType",
          "damage": 0,
          "lifetime": 40,
          "speed": 5,
          "trailEffect": "none",
          "hitEffect": "none",
          "despawnEffect": "none",
          "fragBullets": 1,
          "fragAngle": 180,
          "fragRandomSpread": 360,
          "fragVelocityMax": 1,
          "fragVelocityMin": 0,
          "fragBullet": {
            "damage": 0,
            "lifetime": 1,
            "speed": 220,
            "trailEffect": "none",
            "hitEffect": "none",
            "spawnEffect": "none",
            "despawnEffect":{
            "type": "MultiEffect",
            "effects": [
              {
                "type": "WaveEffect",
                "lifetime": 20,
                "sizeFrom": 0,
                "sizeTo": 50,
                "strokeFrom": 1,
                "strokeTo": 4,
                "colorFrom": "f8f8f8",
                "colorTo": "d37746"
              },
              {
                "type": "WaveEffect",
                "startDelay": 20,
                "lifetime": 120,
                "sizeFrom": 50,
                "sizeTo": 50,
                "interp":"circleOut",
                "strokeFrom": 4,
                "strokeTo": 0,
                "colorFrom": "f8f8f8",
                "colorTo": "d37746"
              }
              ]}
          "pierce": true,
          "width":0,	"height":0,
          "collides":false,
          "hittable": false,
          "absorbable": false,
          "fragBullets": 1,
          "fragAngle": 180,
          "fragRandomSpread": 40,
          "fragVelocityMax": 1,
          "fragVelocityMin": 1,
          "fragBullet": {
              "type": "PointBulletType",
              "damage": 0,
              "lifetime": 240,
              "speed": 5,
              "trailEffect": "none",
              "hitEffect": "none",
              "despawnEffect":"none",
              "hitSound":"plasmadrop"
              "fragBullets": 1,
              "fragAngle": 180,
              "fragRandomSpread": 0,
              "fragVelocityMax": 1,
              "fragVelocityMin": 1,
              "fragBullet": {
                  "type":"MissileBulletType"
                  "speed": 12,
                  "damage": 135,
                  "splashDamageRadius":40,
                  "splashDamage":340,
                  "knockback": 12,
                  "lifetime": 160,
                  "homingRange": 220,
                  "homingPower": 0.2,
                  "despawnEffect":{
                       "type": "MultiEffect",
                       "effects": [
                         	{
                        			"type": "ParticleEffect",
                        			"particles": 3,  
	                        		"baseLength": 56,
	                        		"length":55,
		                        	"lifetime": 60,
		                        	"sizeInterp":"pow5In",
	                        		"interp":"pow10Out",
		                        	"spin":4,
		                        	"region":"push-star",
		                        	"sizeFrom": 11,
		                        	"sizeTo": 3,
		                        	"colorFrom": "f3e979",
		                        	"colorTo": "f7f1b1"
                                 	}
                              ]},
                  "hitEffect":{
                       "type": "MultiEffect",
                       "effects": [
                         	{
                        			"type": "ParticleEffect",
                        			"particles": 3,  
	                        		"baseLength": 56,
	                        		"length":55,
		                        	"lifetime": 45,
		                        	"sizeInterp":"pow5In",
	                        		"interp":"pow10Out",
		                        	"spin":6,
		                        	"region":"push-star",
		                        	"sizeFrom": 12,
		                        	"sizeTo": 3,
		                        	"colorFrom": "f3e979",
		                        	"colorTo": "f7f1b1"
                                 	}
                              ]}
                  "width":5,	"height":8,
                  "trailColor": "e3e4d4FF",
                  "shrinkY":0,"shrinkX":0,
                  "backColor":"e3e4d4FF",
                  "frontColor":"e3e4d4FF", 
                  "trailLength": 25,
                  "trailWidth": 6,
                  "status": "scared",
                  "statusDuration": 660
               }
            }
          }
        }
		}
	},
	"requirements": [
	{
			"item": "xp1",
			"amount": 60
		},
		{
			"item": "xp2",
			"amount": 25
		},
		{
			"item": "xp3",
			"amount": 15
		},
		{
			"item": "xp4",
			"amount": 8
		}
	],
	"category": "turret",
	"research": "core-shard1"
}