{
    "name": "投枪",
    "description": "召唤自动追踪的光矛穿透敌方",
    "health": 1800,
    "reload": 350,
    "shootCone": 360,
    "rotateSpeed": 0,
    "consumes": {
        "power": 12		
	"coolant": {
			"amount": 0.2,
			"optional": true
		}
    },
    "hasLiquids": false,
    "targetAir": true,
    "targetGround": true,
    "range": 440,
    "recoil": 0,
    "size": 3,
    "shoot": {
		"type": "ShootMulti",
		"source": {},
		"dest": [
      {
      "shots":5,
      "shotDelay":15
      },{
        "firstShotDelay":100,
        "type": "ShootSpread",
        "shots": 2
      },{
        "firstShotDelay":120,
        "type": "ShootSpread",
        "shots": 2
      },{
        "firstShotDelay":140,
        "type": "ShootSpread",
        "shots": 2
      },{
        "firstShotDelay":180,
        "type": "ShootSpread",
        "shots": 4
      }
		]
	},
    "inaccuracy": 400,
    "shootSound": "plasmadrop",
    "shootY": 0,
    "shootType": {
	"speed": 4,
	"damage": 60,
	"knockback": 0.5,
	"lifetime": 30,
	"collides": false,
      	"fragBullets": 1,
      	"fragVelocityMax": 1,
      	"fragVelocityMin": 1,
      	"fragAngle": 0,
	"fragBullet": {
              "damage": 0,
              "lifetime": 90,
              "speed": 0.05,
              "sprite":"push-spear",
             	 "trailEffect": "none",
             	 "hitEffect": "none",
             	 "pierce": true,
             	 "width":32,	"height":40,
             	 "collides":false,
             	 "hittable": false,
             	 "absorbable": false,
             	 "homingRange": 550,
             	 "homingPower": 99999999,
             	 "fragRandomSpread": 0,
             	 "fragVelocityMax": 1,
             	 "fragVelocityMin": 1,
             	 "fragAngle": 0,
             	"fragBullets": 1,
              	"fragBullet": {
                    	"sprite":"push-spear",
                    	"speed": 15,
			"damage": 320,
			              "pierce": true,
			              "knockback": 12,
			              "lifetime": 70,
			              "width": 32,
			              "height": 40,
                    "trailColor": "e3e4d4FF",
                    "shrinkY":0,"shrinkX":0,
                    "backColor":"e3e4d4FF",
                    "frontColor":"e3e4d4FF", 
                    "trailLength": 11,
                    "trailWidth": 1.5,
              }
         }
    },
    "requirements": [
        "thorium/900",
        "titanium/650",
        "silicon/800",
        "graphite/500",
        "xp2/3"
    ],
    "category": "turret",
    "research": "fy"
}