{
    "name": "投枪护卫者",
    "description": "保护我方投枪((",
    "health": 90,
    "reload": 90,
    "shootCone": 2,
    "rotateSpeed": 12,
    "hasLiquids": false,
    "targetAir": true,
    "targetGround": true,
    "range": 125,
    "recoil": 0,
    "size": 1,
    "inaccuracy": 5,
    "shootSound": "shotgun",
    "shootY": 0,
    "shootType": {
		"type": "ShrapnelBulletType",
		"length": 130,
		"damage": 150,
		"width": 22,
		"fromColor": "ddddff",
		"toColor": "aaaaaa",
		"shootEffect": "thoriumShoot",
		"smokeEffect": "thoriumShoot"
    },
    "requirements": [
        "xp2/1"
    ],
    "category": "turret",
	"buildVisibility": "sandboxOnly",
}