{
	"name": "灼阳主炮",
	"description": "来自火种的神秘炮台，前来此处游历",
	"details": "你炮还怪好的嘞",
	"health": 1920,
	"size": 4,
	"reload": 180,
	"range": 1100,
	"maxAmmo": 5,
	"recoilTime": 10,
	"accurateDelay":true,
	"recoil": 1,
	"shootSound": "shootBig",
	"drawer":{
    "type":"DrawMulti",
    "drawers":[{
      "type":"DrawTurret",
      "parts":[
      {
        "type":"RegionPart",
        "mirror":false,
        "x":0,
        "y":-2,
        "suffix":"-f",
        "layer":49,
        "moveX":0,
        "moveY":25,
        "moveRot":0,
        "moves": [{
						"progress": "recoil",
						"y": -8
					}]
        },{
        "type":"RegionPart",
        "mirror":true,
        "x":4,
        "y":20,
        "suffix":"-side",
        "layer":50,
        "moveX":5,
        "moveY":-5,
        "moveRot":0,
        "moves": [{
						"progress": "recoil",
						"y": 0
					}],
        }
        ]
   }]},
	"shake": 2,
	"liquidCapacity": 30,
	"targetGround": true,
	"targetAir": true,
	"inaccuracy": 0,
	"rotateSpeed": 1,
	"ammoUseEffect":"none",
	"shootType": {
			"speed": 11,
			"damage": 1820,
			"knockback": 45,
			"lifetime": 100,
			"width":10,	"height":22,
			"ammoMultiplier": 2,
			"fragBullets": 12,
			"fragVelocityMax": 1,
			"fragVelocityMin": 1,
			"fragBullet": {
				"type": "PointBulletType",
				"damage": 600,
				"lifetime": 40,
				"speed": 5,
				"trailEffect": "none",
				"hitEffect": "none",
				"despawnEffect": "none",
				"spawnEffect": "none",
				"fragBullets": 1,
				"fragBullet": {
            "type":"LaserBulletType"
            "damage": 225,
            "lifetime": 25,
            "hitSize":5,	"length":350,
            "colors": ["a9d8ff66", "a9d8ff66", "ffffff"],
            "collidesAir":true,
		"lightningSpacing": 35,
		"lightningLength": 25,
		"lightningDelay": 0.6,
		"lightningLengthRand": 8,
		"lightningAngleRand": 8,
		"lightningDamage": 75,
		"lightningColor": "FFFFFF",
				}
				}
	},
	"requirements": [
		{
			"item": "xp1",
			"amount": 5
		},
		{
			"item": "xp2",
			"amount": 3
		},{
			"item": "xp3",
			"amount": 2
		}
	],
	"category": "turret",
	"research": "fy",
	"ammoUseEffect":"casing3"
}