{
	"type": "PowerTurret",
	"name": "冰霜",
	"targetAir": true,
	"targetGround": true,
	"health": 1200,
	"size": 3,
	"heatColor": "turretHeat",
	"shootSound": "shootAlt",
	"reload": 3,
	"rotateSpeed": 13,
	"range": 250,
	"shake": 0.2,
	"inaccuracy": 3,
	"recoil": 2,
	"shootY":6
	 "drawer": {
		"type": "DrawTurret",
		"parts": [
			{
				"type": "RegionPart",
				"mirror": false,
				"x": 0
				"y": 0
				"suffix": "-管",
				"under": true,
				"moveX": 0,
				"moveY": 5,
				"moveRot": 0
				"heatProgress": "warmup",
				"heatColor": "BF92F8FF"
			}
		]
	},
	"shoot": {
	},
	"recoilTime": 10,
	"shootType": {
		"type": "BasicBulletType",
		"damage": 10,
		"frontColor": "87CEEB",
		"backColor": "87CEEB",
		"width": 4,
		"height": 8,	   
		"trailLength": 1,
		"trailWidth": 1.3,
		"trailColor": "87CEEB",
		"pierce": true,
		"status": "freezing",
		"statusDuration": 180,
		"speed": 25,
		"lifetime": 10,
		"ammoMultiplier": 1,
		"hitEffect": {
			"type": "WaveEffect",
			"lifetime": 8,
			"sizeFrom": 0,
			"sizeTo": 8,
			"strokeFrom": 1,
			"strokeTo": 0,
			"colorFrom": "FFFFFF",
			"colorTo": "87CEEB"
		},
		"despawnEffect": {
			"type": "WaveEffect",
			"lifetime": 8,
			"sizeFrom": 0,
			"sizeTo": 8,
			"strokeFrom": 1,
			"strokeTo": 0,
			"colorFrom": "FFFFFF",
			"colorTo": "87CEEB"
		}
	},
	"shootEffect": {
		"type": "WaveEffect",
		"lifetime": 8,
		"sizeFrom": 0,
		"sizeTo": 8,
		"strokeFrom": 1,
		"strokeTo": 0,
		"colorFrom": "FFFFFF",
		"colorTo": "87CEEB"
	},
	"consumes": {
		"power": 7,
		"coolant": {
			"amount": 0.2,
			"optional": true
		}
	},
	"category": "turret",
		"research": {
	"parent":"碎击"
	"objectives": [
            {
				"type": "SectorComplete",
				"preset": "刺骨冰原"
			}
	]
	}
	"requirements": [
		"copper/90",
		"lead/100",
		"silicon/90"
	]
}