{
    "type":"TractorBeamTurret",
    "name":"失联",
    "description":"发射阻断激光对敌人造成持续伤害和切断连接网络",
    "size":2,
    "health":1000,
    "force":0,
    "scaledForce":0,
    "range":480,
    "damage":1,
    "rotateSpeed":2,
    "targetGround":"true",
    "status": "失灵",
    "consumes":{
        "power":4
    },
    "requirements": [
        { "item":"silicon","amount":175},
        { "item":"thorium", "amount":120 },
        { "item":"phase-fabric","amount":100},
        { "item":"plastanium","amount":80},
    ],
    "category": "turret",
	"research": {
	"parent":"碎击"
	"objectives": [
            {
				"type": "SectorComplete",
				"preset": "荒废哨站"
			}
	]
	}
}