{
	"type": "ItemTurret",
	"name": "碎击",
	"description": "快速的发射子弹攻击敌人",
	"health": 960,
	"size": 2,
	"reload": 3,
	"range": 200,
	"maxAmmo": 60,
	"recoilTime": 10,
	"recoil": 1,
	"unitSort": "weakest",
	"shoot": {
		"type": "ShootAlternate",
		"barrels": 1,
		"spread": 6
	},
	"shake": 1.5,
	"liquidCapacity": 30,
	"ammoUseEffect": "casing2",
	"targetGround": true,
	"targetAir": true,
	"inaccuracy": 5,
	"rotateSpeed": 15,
	"consumes": {
		"coolant": {
			"amount": 0.2,
			"optional": true
		}
	},
	"ammoTypes": {
		"copper": {
			"speed": 6.5,
			"damage": 14,
			"knockback": 0.5,
			"lifetime": 30.76,
			"width": 6,
			"height": 9,
			"ammoMultiplier": 2
		},
		"lead": {
			"speed": 6.5,
			"damage": 12,
			"fragBullets": 3,
			"fragBullet": {
				"speed": 0.8,
				"damage": 7,
				"lifetime": 32
			},
			"lifetime": 30.76,
			"width": 6,
			"height": 9,
			"ammoMultiplier": 2
		},
		"graphite": {
			"speed": 6.5,
			"damage": 40,
			"reloadMultiplier": 1.3,
			"lifetime": 30.76,
			"width": 7,
			"height": 10,
			"ammoMultiplier": 4
		},
		"pyratite": {
			"speed": 6.5,
			"damage": 30,
			"status": "burning",
			"statusDuration": 600,
			"lifetime": 30.76,
			"backColor": "FF8C00",
			"frontColor": "FFB90F",
			"width": 6,
			"height": 9,
			"ammoMultiplier": 4
		},
		"silicon": {
			"speed": 6.5,
			"damage": 16,
			"reloadMultiplier": 1.4,
			"lifetime": 30.76,
			"width": 6,
			"height": 11,
			"homingRange": 80,
			"homingPower": 0.08,
			"ammoMultiplier": 5
		},
		"titanium": {
			"speed": 9,
			"lifetime": 22.22,
			"damage": 26,
			"width": 8,
			"height": 10,
			"ammoMultiplier": 6,
			"shootEffect":"shootBig"
		},
		"thorium": {
			"speed": 8,
			"damage": 31,
			"lifetime": 25,
			"width": 10,
			"height": 11,
			"ammoMultiplier": 6,
			"shootEffect":"shootBig"
		}
	},
	"requirements": [
		"copper/200",
		"lead/150",
		"titanium/80"
	],
	"category": "turret",
	    "research": {
	    "requirements": [//研究花费
		"copper/400",
		"lead/250",
		"titanium/450"]
    "parent": "强化核心",
}
}