{
	"type": "ItemTurret",
	"name": "恩典",
	"health": 49300,
	"armor": 38,
	"size": 8,
    "details":"[orange]睁开汝的双眼,接受光辉神明的恩典!"
	"shootY":10
	"shootSound": "laserblast",
	"reload": 540,
	"canOverdrive": false,
	"fogRadiusMultiplier": 0.25,
	"range": 1420
	"recoilTime": 60,
	"recoil": 9,
	"maxAmmo": 25
	"cooldownTime":50,
	"targetGround": true,
	"targetAir": true,
	"inaccuracy": 0,
	"ammoPerShot": 8,
	"shake": 6,
	"liquidCapacity": 600,
	"rotateSpeed": 2,
	"minWarmup": 0.8,
	"shootWarmupSpeed": 0.1,
	"heatColor": "c0ecff80",
	"unitSort": "strongest",
	"drawer": {
		"type": "DrawTurret",
		"parts": [
			{
				"type": "RegionPart",
				"mirror": false,
				"x": 0,
				"y": 0
				"suffix": "-右上",
				"under":true
				"top":false
				"heatColor": "c0ecff80",
				"moveX": 3,
				"moveY": -2
				"moves": [
					{
						"progress": "recoil",
						"moveY":-1
					}
				]
			},
			{
				"type": "RegionPart",
				"mirror": false,
				"suffix": "-预热",
				"drawRegion": false,
				"heatProgress": "warmup",
				"heatColor": "ff4040"
			}
			{
				"type": "RegionPart",
				"mirror": false,
				"suffix": "-右上-预热",
				"drawRegion": false,
				"heatProgress": "warmup",
				"heatColor": "ff4040"
				"moveX": 3,
				"moveY": -2
				"moves": [
					{
						"progress": "recoil",
						"moveY":-1
					}
				]
			}
			{
				"type": "RegionPart",
				"mirror": false,
				"x": 0,
				"y": 0
				"suffix": "-左上",
				"under":true
				"top":false
				"heatColor": "c0ecff80",
				"moveX": -3,
				"moveY": -2
				"moves": [
					{
						"progress": "recoil",
						"moveY":-1
					}
				]
			},
			{
				"type": "RegionPart",
				"mirror": false,
				"suffix": "-左上-预热",
				"drawRegion": false,
				"heatProgress": "warmup",
				"heatColor": "ff4040"
				"moveX": -3,
				"moveY": -2
				"moves": [
					{
						"progress": "recoil",
						"moveY":-1
					}
				]
			}
			{
				"type": "RegionPart",
				"mirror": false,
				"x": 0,
				"y": 0
				"suffix": "-左下",
				"heatColor": "c0ecff80",
				"heatProgress": "warmup",
				"layer": 50,
				"moveX": -1.75,
				"moveY": -2,
				"moveRot": -15
				"moves": [
					{
						"progress": "recoil",
						"moveY":-1
						"moveRot":8
					}
				]
			},
			{
				"type": "RegionPart",
				"mirror": false,
				"suffix": "-左下-预热",
				"drawRegion": false,
				"heatProgress": "warmup",
				"heatColor": "ff4040"
				"moveX": -1.75
				"moveY": -2
				"moveRot": -15
				"moves": [
					{
						"progress": "recoil",
						"moveY":-1
						"moveRot":8
					}
				]
			}
			{
				"type": "RegionPart",
				"mirror": false,
				"x": 0,
				"y": 0
				"suffix": "-左",
				"heatColor": "c0ecff80",
				"heatProgress": "warmup",
				"layer": 50,
				"moveX": -1.75,
				"moveY": -2,
				"moves": [
					{
						"progress": "recoil",
						"moveY":0.5
						"moveRot":5
					}
				]
			},
			{
				"type": "RegionPart",
				"mirror": false,
				"suffix": "-左-预热",
				"drawRegion": false,
				"heatProgress": "warmup",
				"heatColor": "ff4040"
				"moveX": -1.75
				"moveY": -2
				"moves": [
					{
						"progress": "recoil",
						"moveY":0.5
						"moveRot":5
					}
				]
			}
			{
				"type": "RegionPart",
				"mirror": false,
				"x": 0,
				"y": 0
				"suffix": "-右",
				"heatColor": "c0ecff80",
				"heatProgress": "warmup",
				"layer": 50,
				"moveX": 1.75,
				"moveY": -2,
				"moves": [
					{
						"progress": "recoil",
						"moveY":0.5
						"moveRot":-5
					}
				]
			},
			{
				"type": "RegionPart",
				"mirror": false,
				"suffix": "-右-预热",
				"drawRegion": false,
				"heatProgress": "warmup",
				"heatColor": "ff4040"
				"moveX": 1.75
				"moveY": -2
				"moves": [
					{
						"progress": "recoil",
						"moveY":0.5
						"moveRot":-5
					}
				]
			}
			{
				"type": "RegionPart",
				"mirror": false,
				"x": 0,
				"y": 0
				"suffix": "-右下",
				"heatColor": "c0ecff80",
				"heatProgress": "warmup",
				"layer": 50,
				"moveX": 1.75,
				"moveY": -2,
				"moveRot": 15
				"moves": [
					{
						"progress": "recoil",
						"moveY":-1
						"moveRot":-8
					}
				]
			},
			{
				"type": "RegionPart",
				"mirror": false,
				"suffix": "-右下-预热",
				"drawRegion": false,
				"heatProgress": "warmup",
				"heatColor": "ff4040"
				"moveX": 1.75
				"moveY": -2
				"moveRot": 15
				"moves": [
					{
						"progress": "recoil",
						"y":-1
						"moveRot":-8
					}
				]
			}
			{
				"type": "RegionPart",
				"mirror": false,
				"under": true,
				"suffix": "-口",
				"layer": 49,
				"moveY": 11
				"y":-6
				"moves": [
					{
						"progress": "recoil",
						"y": -3
					}
				]
			}
				{
				"type": "HaloPart",
				"progress": "warmup",
				"shapeRotation": 60,
				"y": 8
				"sides": 3,
				"shapes": 2,
				"color": "99e0ff",
				"colorTo": "c0ecff",
				"tri": true,
				"hollow": true,
				"radius": 0,
				"radiusTo": 6,
				"triLength": 0,
				"triLengthTo": 68,
				"haloRadius": 0,
				"haloRotation": 7,
				"haloRotateSpeed": 2.8
				"layer": 110
			}
				{
				"type": "HaloPart",
				"progress": "warmup",
				"shapeRotation": 60,
				"y": 8
				"sides": 3,
				"shapes": 2,
				"color": "99e0ff",
				"colorTo": "c0ecff",
				"tri": true,
				"hollow": true,
				"radius": 0,
				"radiusTo": 6,
				"triLength": 0,
				"triLengthTo": 68,
				"haloRadius": 0,
				"haloRotation": 7,
				"haloRotateSpeed": -2.8
				"layer": 110
			}
			{
				"type": "ShapePart",
				"progress": "warmup",
				"y": -26
				"sides": 3,
				"color": "99e0ff",
				"rotateSpeed": 2,
				"stroke": 0,
				"strokeTo": 2,
				"circle": false,
				"hollow": true,
				"radius": 0,
				"radiusTo": 7.5,
				"layer": 110
			}
				{
				"type": "ShapePart",
				"progress": "warmup",
				"y": -26
				"sides": 3,
				"color": "99e0ff",
				"rotateSpeed": -2
				"stroke": 0,
				"strokeTo": 2,
				"circle": false,
				"hollow": true,
				"radius": 0,
				"radiusTo": 7.5,
				"layer": 110
			},
				{
				"type": "ShapePart",
				"progress": "warmup",
				"y": 10,
				"sides": 3,
				"color": "99e0ff",
				"rotateSpeed": 2,
				"stroke": 0,
				"strokeTo": 2,
				"circle": false,
				"hollow": true,
				"radius": 0,
				"radiusTo": 8,
				"layer": 110
			    },
			    {
				"type": "ShapePart",
				"progress": "warmup",
				"y": 18,
				"sides": 3,
				"color": "99e0ff",
				"rotateSpeed": 2,
				"stroke": 0,
				"strokeTo": 2,
				"circle": false,
				"hollow": true,
				"radius": 0,
				"radiusTo": 7.75,
				"layer": 110
			    },
			    {
				"type": "ShapePart",
				"progress": "warmup",
				"y": 26,
				"sides": 3,
				"color": "99e0ff",
				"rotateSpeed": 2,
				"stroke": 0,
				"strokeTo": 2,
				"circle": false,
				"hollow": true,
				"radius": 0,
				"radiusTo": 7.5,
				"layer": 110
			    },
			{
				"type": "ShapePart",
				"progress": "warmup",
				"y":8
				"color": "ffffff00",
				"colorTo": "99e0ff",
				"circle": true,
				"hollow": true,
				"radius": 0
				"radiusTo": 6.5
				"layer": 110
			},
			{
				"type": "ShapePart",
				"progress": "warmup",
				"y": -26
				"color": "99e0ff",
				"stroke": 0,
				"strokeTo": 2,
				"circle": true,
				"hollow": true,
				"radius": 0,
				"radiusTo": 10,
				"layer": 110
			}
		]
	},
	"consumes": {
		"power": 98
		//"liquid":"water/0.25"
		"coolant": {
			"amount": 1.9,
			"optional": true
		}
	},
	"coolantMultiplier": 0.8,
	"ammoTypes": {
		"铼铱合金": {
			"type": "PointBulletType",
			"damage": 12960,
			"pierceArmor": true
			"hitSound": "DBZ1",
			"speed": 20,
			"hitShake": 9.2,
			"buildingDamageMultiplier": 0.22,
			"status": "崩坏",
			"statusDuration": 282
			"trailSpacing": 9,
			"trailEffect": {
				"type": "ParticleEffect",
				"particles": 1,
				"length": 1,
				"baseLength": 0,
				"lifetime": 54
				"line": true,
				"randLength": false,
				"lenFrom": 10,
				"lenTo": 10
				"strokeFrom": 20,
				"strokeTo": 0
				"colorFrom": "99ecff",
				"colorTo": "99e0ff99",
				"cone": 0
			}
			"despawnEffect": {
			"type": "ParticleEffect",
			"particles": 16,
			"region": "这是一个模组-菱形",
			"interp": "pow10Out",
			"sizeInterp": "pow3In",
			"spin": 16,
			"sizeFrom": 22,
			"sizeTo": 0,
			"length": 120,
			"baseLength": 0,
			"lifetime": 30,
			"colorFrom": "F2FF9C",
			"colorTo": "F2FF9C"
		},
			"pointEffectSpace": 45,
			"pointEffect": {
				"type": "MultiEffect",
				"effects": [
					{
						"type": "ParticleEffect",
						"particles": 1,
						"region": "这是一个模组-箭头",
						"sizeInterp": "pow5In",
						"sizeFrom":45
						"sizeTo": 0,
						"length":60
						"randLength": false,
						"baseLength": 0,
						"lifetime":54
						"colorFrom": "99ecff",
						"colorTo": "99e0ff99",
						"cone": 0
					}
				]
			},
			"despawnEffect": "instBomb",
			"shootEffect": {
				"type": "MultiEffect",
				"effects": [
					{
						"type": "WaveEffect",
						"lifetime": 10,
						"sizeFrom": 5,
						"sizeTo": 84
						"strokeFrom":13
						"strokeTo": 0,
						"colorFrom": "99ecff99",
						"colorTo": "99e0ff50"
					},
					{
						"type": "ParticleEffect",
						"particles": 14
						"sizeInterp": "pow5In",
						"sizeFrom":8
						"sizeTo":2
						"length":188
						"baseLength": 20
						"cone":26
						"lifetime":40
						"colorFrom": "99ecff99",
						"colorTo": "99e0ff00",
						"cone":22
					}
					{
						"type": "ParticleEffect",
						"particles": 6
						"region": "这是一个模组-菱形",
						"sizeInterp": "pow5In",
						"sizeFrom":4
						"sizeTo":2
						"length":188
						"baseLength": 20
						"cone":26
						"lifetime":40
						"colorFrom": "99ecff99",
						"colorTo": "99e0ff00",
					}
					{
						"type": "ParticleEffect",
						"particles": 1,
						"sizeFrom": 20,
						"sizeTo": 0,
						"length": 0,
						"baseLength": 0,
						"lifetime": 55,
						"colorFrom": "c0ecff",
						"colorTo": "99e0ff",
						"cone": 0
					}
				]
			},
			"smokeEffect": "smokeCloud",
			"hitEffect": {
				"type": "MultiEffect",
				"effects": [
					{
						"type": "WaveEffect",
						"lifetime": 22,
						"sizeFrom": 0,
						"sizeTo": 80,
						"strokeFrom": 3,
						"strokeTo": 0,
						"colorFrom": "c0ecff",
						"colorTo": "99e0ff"
					},
					{
						"type": "ParticleEffect",
						"particles": 1,
						"sizeFrom": 25
						"sizeTo": 0,
						"length": 0,
						"baseLength": 0,
						"lifetime": 55,
						"colorFrom": "c0ecff",
						"colorTo": "99e0ff",
						"cone": 0
					}
				]
			}
		"fragBullets": 1,
		"fragLifeMin": 1,
		"fragBullet": {
			"lifetime": 40,
			"speed": 0,
			"width": 0,
			"height": 0,
			"collides": false,
			"pierceArmor": true
			"hittable": false,
			"absorbable": false,
			"status": "融熔",
			"statusDuration":83
			"splashDamageRadius": 70,
			"splashDamage": 3200,
			"hitShake": 16,
			"hitSound": "largeExplosion",
			"hitSoundVolume": 5,
			"hitEffect": {
				"type": "MultiEffect",
				"effects": [
					{
						"type": "ParticleEffect",
						"particles": 4,
						"sizeFrom": 18,
						"sizeTo": 0,
						"length": 50,
						"baseLength": 28,
						"lifetime": 35,
						"colorFrom": "c0ecffbe",
						"colorTo": "99ecff50"
					},
					{
						"type": "ParticleEffect",
						"particles": 19,
						"line": true,
						"strokeFrom": 4,
						"strokeTo": 0,
						"lenFrom": 33,
						"lenTo": 0,
						"length": 93,
						"baseLength": 0,
						"lifetime": 22,
						"colorFrom": "99ecffbe",
						"colorTo": "99ecffbe"
					},
					{
						"type": "WaveEffect",
						"lifetime": 15,
						"sizeFrom": 15,
						"sizeTo": 100,
						"strokeFrom": 25,
						"strokeTo": 0,
						"colorFrom": "99e0ff99",
						"colorTo": "99e0ff80"
					}
				]
			},
			"despawnEffect": "none",
			    "fragBullets":3
				"fragBullet": {
						"type": "PointBulletType",
						"hitEffect": {
							"type": "ParticleEffect",
							"particles": 1,
							"sizeFrom": 10,
							"sizeTo": 0,
							"length": 0,
							"baseLength": 0,
							"lifetime": 50,
							"colorFrom": "c0ecff99",
						    "colorTo": "99e0ff80",
							"cone": 60
						},
						"despawnEffect": {
							"type": "WaveEffect",
							"lifetime": 10,
							"sizeFrom": 0,
							"sizeTo": 40,
							"strokeFrom": 2,
							"strokeTo": 0,
							"colorFrom": "c0ecff",
						    "colorTo": "99e0ff",
						},
						"hitShake": 5,
						"hitSound": "plasmaboom",
						"speed": 0,
						"lifetime": 0,
						"lightningDamage": 180,
						"lightning": 5,
						"lightningLength": 18,
						"lightningColor": "99e0ff",
						"splashDamageRadius": 62,
						"splashDamage": 286
			"fragBullets":12
			"fragLifeMin": 0.6
		    "fragLifeMax": 1.5
	        "fragBullet": {
	        "splashDamageRadius": 50,
			"splashDamage": 150,
			"pierceArmor": true
			"damage":298
			"speed": 2,
			"width": 0,
			"height": 0,
			"collides": false,
			"hittable": false,
			"absorbable": false,
			"hitShake": 2
			"hitSound": "largeExplosion",
			"hitSoundVolume": 2,
			"hitEffect": {
				"type": "MultiEffect",
				"effects": [
					{
						"type": "ParticleEffect",
						"particles": 4,
						"sizeFrom": 6
						"sizeTo": 0,
						"length": 50,
						"baseLength": 28,
						"lifetime": 35,
						"colorFrom": "c0ecff99",
						"colorTo": "99ecff80"
					},
					{
						"type": "ParticleEffect",
						"particles":5
						"sizeFrom": 6
						"reigon":"这是一个模组-菱形"
						"sizeinterp":"pow5In",
						"sizeTo": 0,
						"length":82
						"baseLength":32
						"lifetime":120
						"colorFrom": "c0ecffbe",
						"colorTo": "99ecff80"
					},
					{
						"type": "ParticleEffect",
						"particles": 19,
						"line": true,
						"strokeFrom": 2
						"strokeTo": 0,
						"lenFrom": 33,
						"lenTo": 0,
						"length": 93,
						"baseLength": 0,
						"lifetime": 22,
						"colorFrom": "99ecffbe",
						"colorTo": "99ecff99"
					},
					{
						"type": "WaveEffect",
						"lifetime": 15,
						"sizeFrom": 0
						"sizeTo": 20
						"strokeFrom": 25,
						"strokeTo": 0,
						"colorFrom": "99e0ffbe",
						"colorTo": "99e0ff99"
					        }
				        ]
			        }
		        }
			}
		}
    }
}
	"researchCostMultiplier": 1
	"requirements": [
		"zyhj/1500"
		"拟钢/2200"
		"surge-alloy/2900"
		"锎/2200",
		"铼铱合金/3500"
		"相位能/2950"
		"战争协定权限/3"
	],
	"category": "turret",
	"research": "神灵"
}