{
	"type": "ItemTurret",
	"name": "英灵",
	"health": 35000,
	"armor": 38,
	"size": 8,
	"reload": 4
	"details":"[orange]我将用我炽热的双拳,净化汝等腐朽的心灵!"
	"range": 600,
	"fogRadiusMultiplier": 0.38,
	"maxAmmo": 60
	"shootCone": 35,
	"recoilTime": 18,
	"canOverdrive": false,
	"recoil": 2,
	"cooldownTime": 10
	"drawer": {
		"type": "DrawTurret",
		"parts": [
			{
				"type": "RegionPart",
				"suffix": "-管l",
				"under": true,
				"recoilIndex": 0,
				"moveY": -6,
				"progress": "recoil",
				"heatProgress": "recoil"
			},
			{
				"type": "RegionPart",
				"suffix": "-管r",
				"under": true,
				"recoilIndex": 1,
				"moveY": -6,
				"progress": "recoil",
				"heatProgress": "recoil"
			}
		]
	},
	"recoils": 3
	"shoot": {
		"type": "ShootAlternate",
		"barrels": 2,
		"spread": 24
	},
	"ammoUseEffect": {
		"type": "MultiEffect",
		"effects": [
			{
				"type": "ParticleEffect",
				"particles": 1,
				"line": true,
				"interp": "pow10Out",
				"sizeInterp": "pow5In",
				"strokeFrom": 8,
				"strokeTo": 0,
				"lenFrom": 10,
				"lenTo": 0,
				"length": -48,
				"baseLength": -10,
				"randLength": false,
				"lifetime": 74,
				"colorFrom": "FFE176",
				"colorTo": "737373",
				"layer": 48
			},
			{
				"type": "ParticleEffect",
				"particles": 2,
				"sizeFrom": 12,
				"sizeTo": 0,
				"interp": "pow10Out",
				"sizeInterp": "pow10In",
				"length": -60,
				"baseLength": 0,
				"lifetime": 85,
				"colorFrom": "73737390",
				"colorTo": "73737350",
				"layer": 49
			}
		]
	},
	"ammoPerShot": 3
	"targetGround": true,
	"targetAir": true,
	"consumes": {
		"coolant": {
			"amount": 4.5,
			"optional": true
		}
	},
	"coolantMultiplier": 0.5,
	"liquidCapacity": 720,
	"inaccuracy":2,
	"shake": 5,
	"shootSound": "shootBig",
	"soundPitchMin": 0.5,
	"SoundPitchMax": 0.8,
	"rotateSpeed": 2.5,
	"ammoTypes": {
		"聚变能": {
			"speed": 21,
			"damage": 250.25,
			"lifetime": 30,
			"knockback":12,
			"pierce": true,
			"pierceArmor": true,
			"pierceCap": 2,
			"width": 15,
			"status":"崩坏"
			"height":23,
			"shootEffect": {
				"type": "MultiEffect",
				"effects": [
					{
						"type": "ParticleEffect",
						"sizeInterp": "pow5In",
						"interp": "pow10Out",
						"particles": 3,
						"strokeFrom": 2,
						"strokeTo": 0,
						"line": true,
						"lenFrom": 15,
						"lenTo": 0,
						"length": 45,
						"baseLength": 0,
						"lifetime": 25,
						"colorFrom": "FFFFFF",
						"colorTo": "FFFFFF",
						"cone": 15
					},
					{
						"type": "WaveEffect",
						"lifetime": 10,
						"sizeFrom": 0,
						"sizeTo": 16,
						"strokeFrom": 3,
						"strokeTo": 0,
						"colorFrom": "FFFFFF",
						"colorTo": "FFFFFF"
					}
				]
			"fragBullets":2
			"fragRandomSpread": 0
			"fragBullet": {
			    "type": "LaserBulletType",
		        "chargeEffect": {
			    "type": "MultiEffect",
			    "effects": [
				"lancerLaserCharge",
				"lancerLaserChargeBegin"
			]
		},
		"despawnEffect": "none",
		"damage":82
		"buildingDamageMultiplier":0.2
		"width": 10
		"length": 100
		"pierce": true,
		"pierceBuilding": true,
		"lifetime": 35
		"colors": [
					"99e0ff90",
					"99e0ffA8",
					"99ecff"
				],
		        }
			},
			"smokeEffect": {
				"type": "ParticleEffect",
				"particles": 3,
				"sizeFrom": 5,
				"sizeInterp": "pow5In",
				"sizeTo": 0,
				"length": 45,
				"baseLength": 0,
				"lifetime": 15,
				"colorFrom": "FFFFFF",
				"colorTo": "FFFFFF",
				"cone": 10
			},
			"hitEffect": "hitBulletBig",
			"ammoMultiplier":2
		},
		"锎": {
			"speed": 30,
			"damage": 320,
			"lifetime": 20,
			"knockback":6,
			"pierce": true,
			"pierceArmor": true,
			"pierceBuilding": true,
			"pierceCap": 5,
			"width": 20,
			"height": 26
			"backColor": "99ecff",
			"frontColor": "99e0ff",
			"shootEffect": {
				"type": "MultiEffect",
				"effects": [
					{
						"type": "ParticleEffect",
						"sizeInterp": "pow5In",
						"interp": "pow10Out",
						"particles": 3,
						"strokeFrom": 2,
						"strokeTo": 0,
						"line": true,
						"lenFrom": 15,
						"lenTo": 0,
						"length": 45,
						"baseLength": 0,
						"lifetime": 25,
						"colorFrom": "FFFFFF",
						"colorTo": "FFFFFF",
						"cone": 15
					},
					{
						"type": "WaveEffect",
						"lifetime": 10,
						"sizeFrom": 0,
						"sizeTo": 16,
						"strokeFrom": 3,
						"strokeTo": 0,
						"colorFrom": "FFFFFF",
						"colorTo": "FFFFFF"
					}
				]
			},
			"smokeEffect": {
				"type": "ParticleEffect",
				"particles": 3,
				"sizeFrom": 5,
				"sizeInterp": "pow5In",
				"sizeTo": 0,
				"length": 45,
				"baseLength": 0,
				"lifetime": 15,
				"colorFrom": "FFFFFF",
				"colorTo": "FFFFFF",
				"cone": 10
			},
			"hitEffect": "hitBulletBig",
			"ammoMultiplier": 3,
			"fragBullets": 6,
			"fragRandomSpread": 30,
			"fragBullet": {
				"hitEffect": "none",
				"width": 9,
				"height": 10,
				"damage": 62,
				"pierce": true,
				"pierceBuilding": true,
				"lifetime": 9,
				"speed": 26,
				"frontColor": "FFFFFF",
				"backColor": "DEDEDE"
			}
		}
	}
	"researchCostMultiplier": 0.3,
	"requirements": [
		"plastanium/3200",
		"surge-alloy/1500",
		"锎/2400",
		"铼铱合金/1350"
		"相位能/500"
	],
	"category": "turret",
	"research": {
		"parent": "",
//		"objectives": [
//			{
//				"type": "SectorComplete",
//				"preset": ""
//			}
//		]
	}
}