{
 "name": "超限工艺",// MOD名字
 "displayName": "[TransfiniteTechnology]超限工艺：纷争0.4.31公测版",
 //"displayName": "[TransfiniteTechnology]超限工艺：内测版A18",
 //"description":"警告！您当前游玩的为MOD内测版本，如果您是非内测群玩家但是得到此版本，请与没有炮台的炮台s本人联系(QQ:737629445)\n感谢您的配合！"
 "description": "欢迎来到超限工艺！！！\n\nMOD已经将部分原版战役覆盖，难度会相对提高，更为富有挑战性，同时有部分MOD额外战役。\n目前模组一共10张主线战役地图，一张支线地图\n[red](未制作完的战役已禁用)[white]\n\nMOD轻工业部分已经完成\n\nMOD主群：789966619\n\n其他系列MOD主群:\n无尽奇点:242384028或595152276\n\nMOD目前能存在一些平衡性问题,欢迎各位加群反馈\n\nmod目前阵容:\n代码师&策划&贴图师:[green]没有炮台的炮台s[white]\n贴图师:[pink]世纪灯泡[white]&晚暙\n宣传人员&贴图援助:[red]Fire[white]\n地图师&平衡性测试人员:[blue]蓝细菌光合自养[white]\n地图世处:[yellow]alpha[white]\n场外代码援助:[yellow]nan[white]\n设定完善:纯萌新\n\n[blue]版本:0.4.21[white]\n\n\n\n关于开发者单位:\n有开发者单位≠参与MOD开发,但可能曾参与MOD开发,或对MOD的贡献较大\n\n\n\n致谢名单:\n[blue]星月\n[yellow]nan[white](代码指导)\n[red]RA2-RA2[white](代码参考)\n[green]KochiyaUeneh油苗子[white(防混模代码)]\nwwwww(贴图,灵感和地图投稿)\n普通的MDT玩家\n西红柿汤(世界处理器指导)\n\n\n\n\n\n\n\n\n\n\n\n\n\n\n\n\n\n\n\n\n\n\n\n\n\n\n\n\n\n\n\n\n\n\n\n\n\n\n\n\n\n\n\n\n\n\n\n\n\n\n\n\n\n\n\n\n\n\n\n\n\n\n\n\n\n\n\n\n\n\n\n\n\n\n\n\n\n\n\n\n\n\n\n\n\n\n\n\n\n\n\n\n\n\n\n\n\n\n\n\n\n\n\n\n\n\n\n\n\n\n\n“由无数失败所构筑”",
 // MOD介绍
 "minGameVersion": 150,//适配游戏版本
 "author": "主作者:没有炮台的炮台s\n地图制作者:蓝细菌光合自养\n宣传人员:Fire\n贴图师:Mr.世纪灯泡 & 睌暙\n地图世处:alpha\n代码制作:没有炮台的炮台s\nMOD设定:纯萌新 & 没有炮台的炮台s",//作者名
 "version": "0.4.3"// MOD版本
}
//PurTers