{
	"type": "regenProjector",
    "category": "effect",//菜单栏
	"name": "修复投影",
	"description": "对范围内受损建筑回复生命值，不可重复效果",//描述

	"size": 3,
	"health":1400
	"healPercent": 0.0166666667,
	"squareSprite": false,

	"drawer"://特效
	{"type":"DrawMulti"
	"drawers":[
	"DrawDefault",
	{"type": "DrawLiquidTile",
	"drawLiquid": "hydrogen",
	},
	{"type":"DrawGlowRegion",
	"color":"D1EFFFFF"
	}
	{"type": "DrawPulseShape",
	"layer":1,
	"color": "D1EFFFFF"
	}
	{"type":"DrawShape",
	"layer":1,
	"radius":3.5,
	"useWarmupRadius":true,
	"timeScl":2,
	"color": "D1EFFFFF"
	}
	{"type": "DrawRegion",
	"suffix": "-cap"
	}	]	}

	"effect":{//修复特效
	"type":"multiEffect",
	"effects":[
	{"type": "ParticleEffect",
	"region":"circle-bullet",//区域贴图
	"particles": 3,
	"length":12,
	"lifetime":96,
	"sizeFrom":4,
	"sizeTo":0,
	"colorFrom":"D1EFFFFF",
	"colorTo":"D1EFFFFF"
	}	]	},

	"range":30,//范围
	"hasLiquids":true,
	"hasItems":true,

	"researchCostMultiplier":100,
	"consumes":{"power":5,
	"liquid": {
	"liquid": "hydrogen","amount": 0.333333333333333,
	}	},

	"research": {
	"parent": ""//科技树前置
	},

	"requirements": [//建造消耗
	"sa-钴/60",
	"sa-致密合金/35",
	"silicon/80"
	],
}