{
    "type": "flying"
    "name": "彩虹"
    "lowAltitude": true
    "payloadCapacity":576,
    "flying": true
    "mineSpeed": 6.5
    "mineTier": 6
    "buildSpeed": 6.66
    "drag": 0.05
    "speed": 5
    "rotateSpeed": 12
    "accel": 0.1
    "itemCapacity": 200
    "health": 8000
    "engineOffset": 10.5
    "armor": 30,
    "hitSize": 16
    "research": "none",
    "engineSize":3,
    "alwaysUnlocked": false
    "range":200,
    "immunities":["sapped","slow","unmoving","spore-slowed","corroded"],
    	"engines": [
	{	"x": 0,"y":-3,
	"radius": 1,
	"rotation": -30},
]
    "weapons": [
        	{	"name": "爆炸",	
		"reload": 10, 
        "x": 3,  "y": 4, 
        "rotate": true,
        "inaccuracy": 0,
		"alternate": true,
		"top":false,
	    "reload":10,
    "shootSound":"lasershoot",
	"ejectEffect":"none",
"shootEffect":"none",
		"bullet":{
    "type": "LaserBoltBulletType",
    "speed": 7,
    "damage": 40,
    "lifetime": 32.0,
    "hittable": false,
    "reflectable": false
    "frontColor": "FF0044FF",
    "backColor": "BF0033FF",
    "status":"blasted",
    }
	}
        	{	"name": "熔化",	
		"reload": 10, 
        "x": 2.2,  "y": 1, 
        "rotate": true,
        "inaccuracy": 0,
		"alternate": true,
		"top":false,
	    "reload":9.8,
    "shootSound":"lasershoot",
	"ejectEffect":"none",
"shootEffect":"none",
		"bullet":{
    "type": "LaserBoltBulletType",
    "speed": 7,
    "damage": 40,
    "lifetime": 32.0,
    "hittable": false,
    "reflectable": false
    "frontColor": "F77622FF",
    "backColor": "D1651DFF",
    "status":"melting",
    "statusDuration":300
    }
	}
        	{	"name": "燃烧",	
		"reload": 10, 
        "x": 2,  "y": -4, 
        "rotate": true,
        "inaccuracy": 0,
		"alternate": true,
		"top":false,
	    "reload":9.6,
    "shootSound":"lasershoot",
	"ejectEffect":"none",
"shootEffect":"none",
		"bullet":{
    "type": "LaserBoltBulletType",
    "speed": 7,
    "damage": 40,
    "lifetime": 32.0,
    "hittable": false,
    "reflectable": false
    "frontColor": "FEE761FF",
    "backColor": "DEC954FF",
    "status":"burning",
    "statusDuration":300
    }
	}
        	{	"name": "弱化",	
		"reload": 10, 
        "x": 4.5,  "y": -0.5, 
        "rotate": true,
        "inaccuracy": 0,
		"alternate": true,
		"top":false,
	    "reload":9.2,
    "shootSound":"lasershoot",
	"ejectEffect":"none",
"shootEffect":"none",
		"bullet":{
    "type": "LaserBoltBulletType",
    "speed": 7,
    "damage": 40,
    "lifetime": 32.0,
    "hittable": false,
    "reflectable": false
    "frontColor": "935099FF",
    "backColor": "68386CFF",
    "status":"sapped",
    "statusDuration":300
    }
	}
        	{	"name": "潮湿",	
		"reload": 10, 
        "x": 6.6,  "y": -1.5, 
        "rotate": true,
        "inaccuracy": 0,
		"alternate": true,
		"top":false,
	    "reload":9.4,
    "shootSound":"lasershoot",
	"ejectEffect":"none",
"shootEffect":"none",
		"bullet":{
    "type": "LaserBoltBulletType",
    "speed": 7,
    "damage": 40,
    "lifetime": 32.0,
    "hittable": false,
    "reflectable": false
    "frontColor": "0099DBFF",
    "backColor": "124E89FF",
    "status":"wet",
    "statusDuration":300
    }
	}
        	{	"name": "麻痹",	
		"reload": 10, 
        "x": 4.5,  "y": -4.5, 
        "rotate": true,
        "inaccuracy": 0,
		"alternate": true,
		"top":false,
	    "reload":10.2,
    "shootSound":"lasershoot",
	"ejectEffect":"none",
"shootEffect":"none",
		"bullet":{
    "type": "LaserBoltBulletType",
    "speed": 7,
    "damage": 40,
    "lifetime": 32.0,
    "hittable": false,
    "reflectable": false
    "frontColor": "69FF47FF",
    "backColor": "5FBD4AFF",
    "status":"shocked",
    "statusDuration":300
    }
	}
        	{	"name": "电击",	
		"reload": 10, 
        "x": 6.5,  "y": -4.5, 
        "rotate": true,
        "inaccuracy": 0,
		"alternate": true,
		"top":false,
	    "reload":10.4,
    "shootSound":"lasershoot",
	"ejectEffect":"none",
"shootEffect":"none",
		"bullet":{
    "type": "LaserBoltBulletType",
    "speed": 7,
    "damage": 40,
    "lifetime": 32.0,
    "hittable": false,
    "reflectable": false
    "frontColor": "2CE8F5FF",
    "backColor": "26C8D4FF",
    "status":"electrified",
    "statusDuration":300
    }
	}

]

}