{
    "type": "flying"
    "name": "无尽"
    "lowAltitude": false
    "flying": true
    "mineSpeed": 6.5
    "mineTier": 1
    "buildSpeed": 5
    "drag": 0.05
    "speed": 5.5
    "rotateSpeed": 15
    "accel": 0.1
    "itemCapacity": 200
    "health": 8000
    "engineOffset": 6
    "hitSize": 16
    "research": "莫机2",
    "alwaysUnlocked": false
    "range":280,
    "immunities":["sapped","slow","unmoving","spore-slowed","corroded"],
    	"engines": [
	{	"x": 8,"y":-8,
	"radius": 3,
	"rotation": -45},
	{	"x": 8,"y":8,
	"radius": 3,
	"rotation": 45},
	{	"x": -8,"y":-8,
	"radius": 3,
	"rotation": -135},
	{	"x": -8,"y":8,
	"radius": 3,
	"rotation": 135},
]	

    "weapons": [
    	{	"name": "机炮",	
        "x": 0,  "y": 0, 
        "inaccuracy": 0,
		"alternate": true,
		"top":false,
		"mirror": false
	    "reload":48,
	    "rotate": false,
		"rotateSpeed": 0,
	"ejectEffect":"none",
	"shootSound":"missile",
				"shoot": {
	"type":"ShootMulti",
	"source":	{
"type": "ShootSpread",
		"shots": 8,
		"spread":  22.5	},	

	"dest":[
    {
	"type":"ShootBarrel",
	"barrels":[
        0,0,11.25,
    ]	}
    ]
},

		"bullet":{
	"type":"MissileBulletType",
	"damage": 20,
	"trailLength":6,
	"trailWidth":1,
    "backColor":"FF8C00",
	"frontColor":"FFB90F", 
	"trailEffect":"smoke",
	"trailColor":"FF8C00",
	"splashDamageRadius":18,
	"splashDamage":18,	
	"homingRange": 280,
	"homingPower": 0.32,
    "hitEffect":"explosion",
    "despawnEffect":"explosion",
	"width": 2,	"height": 9,
	"speed": 20,	"lifetime": 40}
	    }
	        	{	"name": "激光",	
        "x": 0,  "y": 0, 
        "rotate": true,
        "top": true,
        "inaccuracy": 0,
		"alternate": true,
"continuous": true,
    "shootSound":"torch",
    "loopSound":"torch"
    "alwaysContinuous":true,
		"bullet":{
    "type": "ContinuousFlameBulletType",
    "damage": 50,
    "pierce": true,
    "length":280
    "knockback": 0.5,
	"colors":["94000057", "9400009A", "F5FF57C1","F5FF57FF"]
	"lengthWidthPans": [
				1, 1.5, 0.32,
				0.9, 1.3, 0.3,
				0.7, 1.1, 0.2,
				0.5, 0.9, 0.15,
				0.25, 0.6, 0.1,
			]
"status":"melting",
	    "statusDuration":900,
"hitColor":"940000"
"lightColor":"940000"
"flareColor":"940000"
}}
]
		"abilities":[
  {
    "type": "ForceFieldAbility"
    "radius": 35
    "regen": 5
    "max": 600
    "cooldown": 60
  }
  {
        type: ShieldRegenFieldAbility
        amount: 250.0
        max: 500.0
        reload: 480.0
        range: 80.0
    }
	]

}