{
    "type": "flying"
    "name": "无垠"
    "lowAltitude": true
    "flying": true
    "mineSpeed": 20
    "mineTier": 10
    "buildSpeed": 10
    "drag": 0.05
    "speed": 1.5
    "rotateSpeed": 5
    "accel": 0.1
    "itemCapacity": 200
    "faceTarget": false,
    "health": 45000
    "engineOffset": 6
    "hitSize": 36
    "research": "无尽",
    "alwaysUnlocked": false
    "range":440,
    "immunities":["sapped","slow","unmoving","spore-slowed","corroded"],
    	"engines": [
	{	"x": 2.8,"y":-9,
	"radius": 2.5,
	"rotation": -90},
	{	"x": -2.8,"y":-9,
	"radius": 2.5,
	"rotation": -90},
]	

    "weapons": [
        {
            "name": "无垠-1"//导弹
            "x": 0
            "y": 6
            "top": true
            "mirror": false
    	    "shootSound":"bang",
            "ejectEffect": "casing1"
            "reload":30,
            "recoil": 0
            "rotate":true
    		"shoot":{
	"shots":7,
	"shotDelay":3,
	"type":"ShootBarrel",
	"barrels":[
        0,0,0,
        1,0,0,
        -1,0,0,
        2,0,0,
        -2,0,0,
        3,0,0,
        -3,0,0,
    ]},
            "bullet":
             {
	"type":"MissileBulletType",
	"damage": 36,
	"trailLength":6,
	"trailWidth":1,
    "sprite":"missile",
    "backColor":"FF8C00",
	"frontColor":"FFB90F", 
	"trailEffect":"smoke",
	"trailColor":"FF8C00",
	"splashDamageRadius":48,
	"splashDamage":86,	
	"status":"burning",
	"statusDuration":180
	"homingRange": 40,
	"homingPower": 0.12,
    "hitEffect":"explosion",
    "despawnEffect":"explosion",
	"width": 5,	"height": 9,
	"reflectable": false
	"speed": 18,	"lifetime": 30}
    }
        {
            "name": "无垠-2"//火炮
            "x": 15
            "y": -2
            "top": false
            "mirror": true
    	    "shootSound":"bang",
            "ejectEffect": "casing1"
            "reload":30,
            "recoil": 0
            "rotate":true
            "bullet":
             {
                "type": "FlakBulletType",
                "speed": 6.00,
                "damage": 20,
             	"width": 4,	"height": 8,
                "sprite":"莫比乌斯科技-大炮弹"
                "frontColor": "FBFF00FF",
                "backColor": "940000FF",
                "splashDamageRadius": 40.00,
                "splashDamage": 30.0,
                "collidesGround": true,
                "explodeRange": 20.00,
             	"speed": 12,
	            "lifetime": 60
	            "status":"shocked",
	            "statusDuration":60
	    	"reflectable": false

}}
    	{	"name": "无垠-3",	//机炮
        "x": 6,  "y": -2, 
        "rotate": false,
        "top": false
        "inaccuracy": 0,
		"alternate": true,
		"top":false,
	    "reload":3,
            "recoil": 0
            "rotate":true
	"ejectEffect":"casing1",
			"shoot":{
	"type":"ShootBarrel",
	"barrels":[
        1,6,0,
        -1,6,0,
    ]},

		"bullet":{
	"reflectable": false
	    "damage":50,	  
	    "speed":12,
	    "lifetime":45,
        "frontColor": "940000FF",
        "backColor": "940000FF",
	    "pierce":true,//穿透
        "pierceCap":4,
	    "width":2,	 "height":8
	}

	    }
{	"name": "无垠-4",	//激光
        "x": 10.5,  "y": 20, 
        "rotate": true,
        "top": false
        "inaccuracy": 0,
		"alternate": true,
	    "reload":45,
    "shootSound":"laser",
		"bullet":{
    "type": "LaserBulletType",
    "damage": 350,
    "colors": ["940000FF", "940000FF", "F5FF57FF"],
    "hitSize": 6,
    "lifetime": 16.00,
    "collidesAir": false,
    "length": 440.00,
	"width":18,
    "ammoMultiplier": 1.00
}}
 
 
 ]
		"abilities":[
  {
    "type": "ForceFieldAbility"
    "radius": 80
    "regen": 5
    "max": 2400
    "cooldown": 240
  }
	]

}