{
    "type": "flying"
    "name": "无数"
    "description":"小型机枪和火焰喷射"
    "details":"感谢QQ群友‹花心菜›提供的贴图"
    "lowAltitude": true
    "flying": true
    "mineSpeed": 6.5
    "mineTier": 1
    "buildSpeed": 2
    "drag": 0.05
    "speed": 3.5
    "rotateSpeed": 15
    "accel": 0.1
    "itemCapacity": 30
    "health": 230
    "engineOffset": 6
    "hitSize": 4
    "research": "Mb",
    "alwaysUnlocked": false
    "range":160,
    	"engines": [
	{	"x": 0,"y":-3,
	"radius": 1,
	"rotation": -30},
]
    "weapons": [
    	{	"name": "莫11",	
		"reload": 10, 
        "x": 4,  "y": -3, 
        "rotate": false,
        "inaccuracy": 0,
		"alternate": true,
		"top":false,
	    "reload":12,
	"ejectEffect":"casing1",
		"bullet":{
	    "damage":9,	  
	    "speed":8,
	    "lifetime":25,
	    "width":2,	 "height":16	}	}
        {
            "name": "莫小机-1"
            "x": 0
            "y": -1
            "shootSound":"flame",
	    "reload":9,            
"bullet":{
           "type":"BulletType",
            "damage": 20,
			"speed": 32,
			"status":"burning",
	    "statusDuration":900,
	    "hitSize":12
			"lifetime":6,
            "ammoMultiplier":1,
    			"width": 30,
            "height": 30.00,
			            "pierce": true,
			                        "hittable": false,
            "keepVelocity": false,

    			            "shootEffect": {
                "type": "MultiEffect",
                "effects": [
                    {
                        "type": "ParticleEffect",
                        "particles": 6,
                        "sizeTo": 0,
                        "sizeFrom": 2,
                        "colorTo": "D8DB00FF",
                        "colorFrom": "F5FF57FF",
                        "cone": 5,
                    "length": 140,
                        "lifetime": 30,
                        "layer": 101,
                        "interp": "circleOut",
                        "sizeInterp": "pow2In"
                    },
                                     {
                        "type": "ParticleEffect",
                        "particles": 6,
                        "sizeTo": 1,
                        "sizeFrom": 2,
                        "colorTo": "D8DB00FF",
                        "colorFrom": "F5FF57FF",
                        "cone": 15,
                        "length": 170,
                        "lifetime": 30,
                        "layer": 100,
                        "interp": "circleOut",
                    }   
                    ]
            },
"hitEffect": "hitFlameSmall"
"despawnEffect":"none"
    }
    }

]
		"abilities":[
		{
		type:RegenAbility,
		percentAmount:0.1,
		}
		]
}