{
    "type": "flying",
    "name": "刀俎",
    "description": "莱蒙星上未经机械改造的生物。无其他信息。",
    "outlineColor": "2C2A35FF",
    "speed": 1.2,
    "drag": 0.1,
    "accel": 0.09,
    "rotateSpeed": 3,
    "ammoCapacity": 9999,
    "hitSize": 40,
    "buildSpeed": 0,
    "flying": true,
    "health": 8800,
    "armor": 10,
    "engineOffset": 30,
    "engineSize": 8,
    "lowAltitude": true,
    "drawCell": false,
    "targetFlags": [
	"core"
	],
    "abilities": [
        {
            "type": "RegenAbility",
            "percentAmount": 0.01
        },
        {
            "type": "LiquidExplodeAbility",
            "liquid": "neoplasm",
            "amount": 60,
            "radAmountScale": 2,
            "radScale": 1.1,
            "noiseMag": 10,
            "noiseScl": 10
        }
    ],
    "parts": [
        {
            "type": "ShapePart",
            "x": 0,
            "y": -10.5,
            "stroke": 1,
            "strokeTo": 1,
            "color": "FF5353FF",
            "circle": true,
            "hollow": true,
            "radius": 4,
            "radiusTo": 4,
            "layer": 100
        },
        {
            "type": "HaloPart",
            "rotateSpeed": 0,
            "x": 0,
            "y": -10.5,
            "sides": 3,
            "shapes": 2,
            "color": "FF5353FF",
            "hollow": true,
            "stroke": 0.8,
            "strokeTo": 0.8,
            "radius": 10,
            "radiusTo": 10,
            "triLength": 0,
            "triLengthTo": 0,
            "haloRadius": 0,
            "haloRotation": 5,
            "haloRotateSpeed": -0.4,
            "layer": 100
        }
    ],
    "weapons": [
        {
            "reload": 60,
            "rotate": false,
            "inaccuracy": 0,
            "mirror": false,
            "x": 0,
            "y": 2,
            "shootSound": "shockBlast",
            "bullet": {
                "type": "BasicBulletType",
                "shootEffect": "shootSmokeDisperse",
                "sprite": "ring-item",
                "shrinkY": 0,
                "frontColor": "FF5353FF",
                "backColor": "FF5353FF",
                "width": 9,
                "height": 9,
                "splashDamageRadius": 24,
                "splashDamage": 100,
                "damage": 80,
                "lifetime": 100,
                "speed": 3,
                "hitEffect": "blastExplosion",
                "despawnEffect": "blastExplosion",
                "trailWidth": 2,
                "trailLength": 10,
                "trailChance": 0,
                "trailInterval": 4,
                "trailColor": "FF5353FF",
                "trailEffect": {
                    "type": "ParticleEffect",
                    "particles": 1,
                    "lifetime": 30,
                    "sizeFrom": 5,
                    "sizeTo": 0,
                    "length": 0,
                    "colorFrom": "FF5353FF",
                    "colorTo": "FF5353FF"
                }
            }
        },
        {
            "reload": 15,
            "rotateSpeed": 999,
            "inaccuracy": 30,
            "mirror": false,
            "x": 0,
            "y": -12,
            "shootCone": 180,
            "shootSound": "bolt",
            "bullet": {
                "type": "BasicBulletType",
                "lifetime": 30,
                "speed": 10,
                "damage": 80,
                "width": 10,
                "height": 10,
                "splashDamage": 40,
                "splashDamageRadius": 24,
                "homingRange": 120,
                "homingPower": 0.1,
                "shootEffect": "none",
                "frontColor":"FF5353FF",
                "backColor":"FF5353FF",
                "trailWidth": 2,
                "trailLength": 20,
                "trailColor": "FF5353FF",
                "hitEffect": {
                    "type": "multiEffect",
                    "effects": [
                        {
                            "type": "waveEffect",
                            "lifetime": 20,
                            "colorFrom": "FF5353FF",
                            "colorTo": "FF5353FF",
                            "sizeTo": 10
                        },
                        {
                            "type":"Effect",
                            "colorFrom":"FF5353FF",
                            "colorTo":"FF5353FF",
                            "particles":5,
                            "lifetime": 20,
                            "sizeFrom":5,
                            "sizeTo":0
                        }
                    ]
                },
                "despawnEffect": {
                    "type": "multiEffect",
                    "effects": [
                        {
                            "type": "waveEffect",
                            "lifetime": 20,
                            "colorFrom": "FF5353FF",
                            "colorTo": "FF5353FF",
                            "sizeTo": 10
                        },
                        {
                            "type":"Effect",
                            "colorFrom":"FF5353FF",
                            "colorTo":"FF5353FF",
                            "particles":5,
                            "lifetime": 20,
                            "sizeFrom":5,
                            "sizeTo":0
                        }
                    ]
                }
            }
        },
        {
            "reload": 60,
            "rotateSpeed": 999,
            "inaccuracy": 0,
            "mirror": false,
            "x": 0,
            "y": -12,
            "shootCone": 180,
            "shootSound": "missile",
            "inaccuracy": 30
            "bullet": {
                    "type": "BasicBulletType",
                    "spawnUnit": "导弹蛆虫",
                    "sprite": "导弹蛆虫",
                    "speed": 0
            }
        }
    ]
}