{
	"name": "定向速射炮",
	"description": "由总指挥控制武器，防止敌方干扰单位火力迅猛。",
	"speed": 0.0,
	"maxVelocity":0.0,
	"buildPower": 0.0,
	"engineColor": "0014ff",
	"flying": true,
	"hitsize": 10,
	"health": 5000,
	"drillPower": 0,
	"mineSpeed": 0,
	"itemCapacity": 0,
	"weaponOffsetX": 1,
	"weaponOffsetY": 15,
	"shootSound": "轻"
	"weapon": {
		"name": "g"
        "length": 2,
		"reload": 6,
    	"range": 500,
		"alternate": false,
		 "bullet":{
		    "type":"MissileBulletType"
			"splashDamageRadius": 20,
			"splashDamage":300,
			"speed": 12,
			"damage": 500,
			"hitShake":1,
			"bulletWidth": 5,
			"bulletHeight": 5,
			"trailEffect": "missileTrail",
			"smokeEffect": "lancerLaserShootSmoke",
			"ammoMultiplier": 1,
			"lifetime":600,
			"backColor":"0000ff",
			"fontColor":"0000f4",
			"heatColor":"0000f4",
			"trailColor":"0000fC",
             }
	}
}