{
	"type":"legs",
	"legCount":6,
	"legMoveSpace":1,
	"legLength":27,
	"legExtension":-10,
	"legBaseOffset":14,
	"legSpeed":0.2,
	"legLengthScl":0.96,
	"rippleScale":2,
	"lockLegBase":true,
	"legContinuousMove":true,
	"legSplashDamage":30,
	"legSplashRange":30,
	"allowLegStep":true,
	"hovering":true,
	"outlineColor":"2E2F34FF",

	"research":{
	"parent":"lightcone",
	"requirements":[
	"osmium/30000",
	"metaglass/50000",
	"silicon/13000",
	"plastanium/50000"
	],
	"objectives":[
	"senior-refabricator"
		]	},

	"immunities":[
	"wulfrum-amplify",
	"shadowflame",
	"empI"
	],

	"speed":0.6,
	"rotateSpeed":2,
	"hitSize":35,
	"health":8305,
	"faceTarget":true,
	"forceMultiTarget":true,
	"armor":20,
	"drag":0.4,
	"range":320,

	"weapons":[
		{"name":"jet-weapon",
		"x":0,"y":0,
		"shootY":11,
		"mirror":false,
		"rotate":false,
		"recoil":0,
		"reload":420,
		"shake":4,
		"heatColor":"BF92F9FF",
		"cooldownTime":390,

		"shoot":{
		"type":"shootPattern",
		"firstShotDelay":90
		},

		"velocityRnd":0.22,
		"inaccuracy":0,
		"shootStatus":"unmoving",
		"shootStatusDuration":120,
		"soundPitchMin":2,
		"chargeSound":"lasercharge",
		"shootSound":"cannon",

		"parts":[
		{"type":"RegionPart",
		"suffix":"-blade",
		"mirror":true,
		"moveX":4,"moveY":-4,
		"heatColor":"BF92F9FF",
		"progress":{
		"type":"charge",
		"op":"blend",
		"other":"heat",
		"amount":0.5
		}	}	],

	"bullet":{
		"type":"EmpBulletType",
		"sprite":"mine-bullet",
		"trailColor":"907EF7",
		"trailEffect":"none",
		"trailLength":28,
		"trailWidth":5,
		"lifetime":80,
		"splashDamage":205,
		"splashDamageRadius":64,
		"damage":325,
		"shrinkY":0,
		"shrinkX":0,
		"status":"blasted",
		"statusDuration":100,
		"lightColor":"907EF7",
		"speed":4,
		"width":21,
		"height":21,
		"frontColor":"665C9FFF",
		"backColor":"BF92F9FF",
		"hitSound":"titanExplosion",

		"radius":64,
		"timeIncrease":0,
		"powerDamageScl":1,
		"powerSclDecrease":1,
		"unitDamageScl":1,

		"parts":[
		{"type":"FlarePart",
		"y":0,
		"rotation":180,
		"color1":"BF92F9FF",
		"stroke":8,
		"radius":0,
		"radiusTo":60,
		"progress":{
		"type":"warmup",
		"op":"blend",
		"other":"reload",
		"amount":0.1
	}	}	],

		"chargeEffect":{
		"type":"multiEffect",
		"lifetime":80,
		"effects":[
		{"type":"WaveEffect",
		"lifetime":85,
		"sizeFrom":75,
		"sizeTo":0,
		"interp":"pow3In",
		"strokeFrom":0,
		"strokeTo":6,
		"colorFrom":"665C9FFF",
		"colorTo":"BF92F9FF"
		},
		{"type":"ParticleEffect",
		"line":true,
		"particles":5,
		"lifetime":80,
		"offset":50,
		"length":120,
		"baseLength":-120,
		"cone":360,
		"interp":"pow3In",
		"sizeInterp":"pow5Out",
		"strokeFrom":0,
		"strokeTo":2,
		"lenFrom":0,
		"lenTo":7,
		"colorFrom":"665C9FFF",
		"colorTo":"BF92F9FF"
		},
		{"type":"ParticleEffect",
		"line":true,
		"particles":5,
		"lifetime":70,
		"offset":50,
		"length":100,
		"baseLength":-100,
		"cone":360,
		"interp":"pow3In",
		"sizeInterp":"pow5Out",
		"strokeFrom":0,
		"strokeTo":2,
		"lenFrom":0,
		"lenTo":6,
		"colorFrom":"665C9FFF",
		"colorTo":"BF92F9FF"
		},
		{"type":"ParticleEffect",
		"line":true,
		"particles":5,
		"lifetime":60,
		"offset":50,
		"length":80,
		"baseLength":-80,
		"cone":360,
		"interp":"pow3In",
		"sizeInterp":"pow5Out",
		"strokeFrom":0,
		"strokeTo":2,
		"lenFrom":0,
		"lenTo":5,
		"colorFrom":"665C9FFF",
		"colorTo":"BF92F9FF"
		},
		{"type":"ParticleEffect",
		"particles":1,
		"sizeFrom":2,
		"sizeTo":39,
		"interp":"swingOut",
		"length":0,
		"spin":7,
		"lifetime":90,
		"region":"calamity-wide",
		"colorFrom":"665C9FFF",
		"colorTo":"BF92F9FF"
		},
		{"type":"ParticleEffect",
		"particles":1,
		"sizeFrom":2,
		"sizeTo":34,
		"length":0,
		"interp":"swingOut",
		"spin":-7,
		"lifetime":90,
		"region":"calamity-tall",
		"colorFrom":"665C9FFF",
		"colorTo":"BF92F9FF"
		},
		{"type":"ParticleEffect",
		"particles":1,
		"sizeFrom":1,
		"sizeTo":14,
		"interp":"swingOut",
		"length":0,
		"lifetime":90,
		"colorFrom":"665C9FFF",
		"colorTo":"BF92F9FF",
		"cone":360
		},
		{"type":"ParticleEffect",
		"particles":1,
		"sizeFrom":1,
		"sizeTo":7,
		"interp":"swingOut",
		"length":0,
		"lifetime":90,
		"colorFrom":"FFFFFFF",
		"colorTo":"FFFFFFF",
		"cone":360
		}	]	},

		"hitEffect":{
		"type":"multiEffect",
		"effects":[
		{"type":"ParticleEffect",
		"lightOpacity":0,
		"particles":32,
		"length":70,
		"baseLength":30,
		"lifetime":130,
		"layer":106,
		"interp":"exp5",
		"sizeFrom":24,
		"sizeTo":1,
		"colorFrom":"665C9FFF",
		"colorTo":"BF92F9FF"
		},
		{"type":"ParticleEffect",
		"line":true,
		"particles":25,
		"lifetime":30,
		"offset":60,
		"baseLength":20,
		"length":100,
		"cone":-360,
		"strokeTo":0,
		"lightColor":"665C9FFF",
		"strokeFrom":2.5,
		"sizeFrom":20,
		"sizeTo":13,
		"colorFrom":"665C9FFF",
		"colorTo":"BF92F9FF"
		},
		{"type":"ParticleEffect",
		"particles":1,
		"sizeFrom":48,
		"sizeTo":0,
		"length":0,
		"layer":109,
		"lifetime":48,
		"colorFrom":"665C9FFF",
		"colorTo":"BF92F9FF",
		"cone":360
		},
		{"type":"ParticleEffect",
		"particles":1,
		"sizeFrom":15,
		"sizeTo":0,
		"length":0,
		"lifetime":48,
		"colorFrom":"FFFFFFF",
		"colorTo":"FFFFFFF",
		"cone":360
		},
		{"type":"ParticleEffect",
		"line":true,
		"particles":20,
		"lifetime":60,
		"baseLength":30,
		"offset":30,
		"interp":"circleOut",
		"length":100,
		"cone":-360,
		"lenFrom":7,
		"lenTo":0,
		"colorFrom":"665C9FFF",
		"colorTo":"BF92F9FF"
		},
		{"type":"ParticleEffect",
		"particles":40,
		"length":60,
		"lifetime":50,
		"cone":360,
		"colorFrom":"665C9FFF",
		"colorTo":"BF92F9FF",
		"sizeFrom":5,
		"sizeTo":0
		},
		{"type":"ParticleEffect",
		"particles":30,
		"length":80,
		"lifetime":80,
		"cone":360,
		"colorFrom":"665C9FFF",
		"colorTo":"BF92F9FF",
		"sizeFrom":5,
		"sizeTo":1
		},
		{"type":"WaveEffect",
		"lifetime":25,
		"sizeFrom":0,
		"sizeTo":115,
		"interp":"circleOut",
		"strokeFrom":3,
		"strokeTo":0,
		"colorFrom":"665C9FFF",
		"colorTo":"BF92F9FF"
		},
		{"type":"WaveEffect",
		"lifetime":25,
		"sizeFrom":0,
		"sizeTo":100,
		"interp":"circleOut",
		"strokeFrom":4,
		"strokeTo":0,
		"colorFrom":"665C9FFF",
		"colorTo":"BF92F9FF"
		}	]	}
		}	},

		{"name":"jet-artillery",
		"reload":30,
		"x":13.5,"y":-9.625,
		"mirror":true,
		"top":true,
		"alternate":true,
		"rotateSpeed":1,
		"rotate":true,
		"shootSound":"shotgun",
		"shootY":5.125,
		"shootCone":45,
		"layerOffset":0.003,

	"bullet":{
		"type":"ShrapnelBulletType",
		"damage":45,
		"length":136,
		"width":16,
		"hitSize":18,
		"fromColor":"BF92F9FF",
		"toColor":"BF92F9FF",
		"knockback":0.2
		}	}	]
}
