{
	"type": "PowerTurret",
	"name": "冥乱",
	"targetAir": true,
	"targetGround": true,
	"health": 470,
	"size": 1,
	"shootSound": "rl",
	"shake": 0.2,
	"inaccuracy": 0,
	"recoil": 0.2,
	"recoilTime": 10,
	"heatColor": "FF4040",
	"unitSort": "weakest",
	"shootType": {
		"type": "BasicBulletType",
		"damage": 11,
		"frontColor": "FFFFFF",
		"backColor": "BFFFDB",
		"width": 4,
		"height": 8,
		"status": "electrified",
		"statusDuration": 10,
		"speed": 6,
		"lifetime": 20,
		"ammoMultiplier": 1,
		"sprite": "circle-bullet",
		"shrinkY": 0,
		"hitEffect": {
			"type": "WaveEffect",
			"lifetime": 8,
			"sizeFrom": 0,
			"sizeTo": 8,
			"strokeFrom": 1,
			"strokeTo": 0,
			"colorFrom": "FFFFFF",
			"colorTo": "BFFFDB"
		},
		"despawnEffect": {
			"type": "WaveEffect",
			"lifetime": 8,
			"sizeFrom": 0,
			"sizeTo": 8,
			"strokeFrom": 1,
			"strokeTo": 0,
			"colorFrom": "FFFFFF",
			"colorTo": "BFFFDB"
		}
	},
	"shootEffect": {
		"type": "WaveEffect",
		"lifetime": 8,
		"sizeFrom": 0,
		"sizeTo": 8,
		"strokeFrom": 1,
		"strokeTo": 0,
		"colorFrom": "FFFFFF",
		"colorTo": "BFFFDB"
	},
	"consumes": {
		"power": 1.55,
		"coolant": {
			"amount": 0.1,
			"optional": true
		}
	},
	"reload": 10,
	"rotateSpeed": 13,
	"range": 120,
	"category": "turret",
		"research": {
		"parent": "星火",
		"objectives": [
			{
				"type": "SectorComplete",
				"preset": "frozenForest"
			}
		]
	}

	"requirements": [
		"copper/70",
		"lead/50",
		"graphite/20"
	]
}