{
	"type":"legs",//爬爬，写在js里了故此处不写
	"flying":false,//是否飞行
	"legCount": 6,
	"legMoveSpace": 1.4,
	"lockLegBase":true,
	"allowLegStep": true,
	"hovering":true,
    "legPhysicsLayer":false,
    "legContinuousMove":true,
    "legExtension":-5,
    "legBaseOffset":14,//腿离中部距离
    "legMaxLength":5,
    "legLengthScl":0.95,
    "legForwardScl":0.45,
    "legGroupSize":4,
    "rippleScale":0.2,
    "legLength":21,
    "hovering":true,
    "legPhysicsLayer":false,
    "stepShake":1,//震波震震
    "drownTimeMultiplier":3,//淹死时间
    "abilities":[
	{"type":"ShieldArcAbility",//弧形护盾
		"region":"原版扩展-shield",//护盾形状
                "radius":20,//半径
                "angle":120,//角度
                "regen":0.8,//再生值
                "cooldown":480,//破盾后冷却
                "max":4500,//最大护盾
                "y":4,//y轴位置
                "width":0,//宽度
	}],
	"name":"浩劫",//名字
	"description":"精英多足单位，发射能量子弹攻击敌人，拥有弧形护盾，能够保护我方单位"
	"speed": 0.35,
	"hitSize":34,
	"health":48000,
	"faceTarget": true,
	"armor": 22,
	"drag": 0.1,
	"targetAir": false,
	"rotateSpeed": 0.8,
	"hovering": true,
	"weapons":[
		{"name":"浩劫1",//武器贴图的名字
		"top":false,
		"mirror":true,
		"x":14,"y":8,
	    "shootSound":"railgun",
		"reload":90,
		"recoil":3,//后坐力
		"ejectEffect": "none",//抛壳特效
		"shoot": {
    "type": "shootBarrel",
    "shots": 5,//炮口数量
    "barrels": [0,0,0,
    0,0,0,
    0,0,0,
    0,0,0,
    0,0,0],//炮口位置（左右，前后，倾斜）
    "shotDelay":6,
    "firstShotDelay":16,
}
	"bullet": {//子弹
		"type": "BasicBulletType",//类型
		"damage":90,
		"collidesAir": true,//碰撞飞机
		"knockback":1.2,
		"speed":12,
        "lifetime":15,
        "width":24,
        "height":32,
        "backColor":"90d7ec",
		//子弹边缘颜色
		"frontColor":"7bbfea",
		//子弹中心颜色
		"pierce":true,//穿透
		"pierceBuilding":true//穿透建筑
		"pierceCap":5,//穿透数量
		"trailLength": 9,//尾迹长
        "trailWidth": 4,//尾迹宽
        "trailColor":"90d7ec",//尾迹颜色
		"shootEffect":"lightningShoot",
        "hitEffect":"hitLancer",
        "despawnEffect":"freezing",
        "status":"freezing",
        "statusDuration": 120//效果时长
    }}
    {"name":"浩劫2",//武器贴图的名字
		"top":false,
		"mirror":false,
		"x":0,"y":10,
	    "shootSound":"railgun",
		"reload":180,
		"recoil":5,//后坐力
		"ejectEffect": "none",//抛壳特效
		"shoot": {
    "type": "shootBarrel",
    "shots": 1,//炮口数量
    "barrels": [0,0,0,],//炮口位置（左右，前后，倾斜）
    "shotDelay":6,
    "firstShotDelay":10,
}
	"bullet": {//子弹
		"type": "BasicBulletType",//类型
		"damage":245,
		"collidesAir": true,//碰撞飞机
		"knockback":1.2,
		"speed":12,
        "lifetime":15,
        "width":36,
        "height":48,
        "backColor":"90d7ec",
		//子弹边缘颜色
		"frontColor":"7bbfea",
		//子弹中心颜色
		"pierce":true,//穿透
		"pierceBuilding":true//穿透建筑
		"pierceCap":5,//穿透数量
		"trailLength": 14,//尾迹长
        "trailWidth": 7,//尾迹宽
        "trailColor":"90d7ec",//尾迹颜色
		"shootEffect":"lightningShoot",
        "hitEffect":"hitLancer",
        "despawnEffect":"freezing",
        "status":"freezing",
        "statusDuration": 60//效果时长
    }}
		],
}
