{
	"type": "GenericCrafter",
	"health": 360,
	"name": "冶硅反应釜",
	"outputItem": "硅/3",
	"itemCapacity": 40,
	"size": 3,
	"hasPower": true,
	"hasLiquids": false,
	"hasItems": true,
	"craftTime": 45,
	"updateEffect": "none",
	"craftEffect": "smeltsmoke",
	"drawer": {
		"type": "DrawMulti",
		"drawers": [
			"DrawDefault",
			{
				"type": "DrawFlame",
				"flameRadius": 1,
				"flameRadiusIn": 1,
				"flameRadiusMag": 1,
				"flameRadiusInMag": 1
				"flameColor": "FFA100"
			}
		]
	},
	"consumes": {
		"power": 2.5,
		"items": [
			"焦煤/2",
			"sand/5"
		]
	},
	"requirements": [
		"钢/150",
		"铁/50"
		"铅/250"
	],
	"category": "crafting",
	"ambientSound": "smelter",
	"research": "炼钢厂"
}