{
	"name": "塞普罗伊甸转换器",
	"description":"让塞普罗的铜铅和伊甸的铜铅相互转化"
	"health": 240,
	"size": 2,
	"hasItems": true,
	"requirements": [
 	"surge-alloy/666"
	],
	"drawer": {
		"type": "DrawMulti",
		"drawers": [
			"DrawDefault",
			{
				"type": "DrawFlame",
				"flameColor": "FFD27E"
			}
		]
	},
	"researchCostMultiplier": 0.01,
	"category": "crafting",
	"research":"mechanical-drill"
	"details":"用于解锁伊甸的初始科技和沙盒应用[yellow]由于技术原因，请使用卸载器输出物品"
}