{
	"type":"ItemTurret",
	"name":"引力",
   "description":"利用G公司奇点技术「球体」制造出强烈的重力，使敌方单位无法移动。同时因为广义相对论和万有引力定律敌方单位会收到强烈的引力压迫，其材料强度不足以支撑其运动，破坏其结构造成伤害",
	"ammoUseEffect":"none",
	"size":3,
	"health":5000,
	"ammoPerShot":2,
	"shootCone":360,
	"range":200,
	"reload":600,
	"recoil": 0,
	"restitution":0,
	"consumes": {
		"power":15
	},
	"drag":1,
	"inaccuracy":0.1,
	"shots":1,
	"rotateSpeed":0,
	"maxAmmo":50,
	"targetAir":true,
	"targetGround":true,
	"colantUsage":0.5,
	"shootSound":"pulse",
	"coolantMultiplier":0,
	"heatColor":"#FF0000",
	"ammoTypes":{
		"球体":{
			"type": "BasicBulletType",
             "splashDamageRadius":280,
	         "splashDamage":20,
             "width": 1,
             "damage":1,
             "height": 1,
             "lifetime": 0.0001,
             "speed": 0.0001,
             "shootEffect": "none",
			 "status":"强重力",
			 "ammoMultiplier":4,
	         "statusDuration":480
		}
	},
	"requirements": [
		{ "item":"copper","amount":280},
		{ "item":"titanium","amount":240},
		{ "item":"graphite","amount":180},
		{ "item":"plastanium","amount":120},
		{ "item":"silicon","amount":240},
		{ "item":"surge-alloy","amount":120}
	],
	"category": "turret",
	"research":"球体"
}