{
	"type":"ItemTurret",
	"name":"白夜",
   "description":"利用L公司奇点技术「cojito」从「水井」中提取出来的异想体，在我们与其产生了&f@hhshs#-后决定协助我们，但是不要过度yi",
	"ammoUseEffect":"none",
	"size":5,
	"health":12000,
	"ammoPerShot":666,
	"shootCone":360,
	"range":666666,
	"reload":600,
	"recoil": 0,
	"restitution":0,
	"consumes": {
		"power":11111.1
	},
	"drag":1,
	"inaccuracy":0.1,
	"shots":1,
	"rotateSpeed":0,
	"maxAmmo":666,
	"targetAir":true,
	"targetGround":true,
	"colantUsage":0.5,
	"shootSound":"pulse",
	"coolantMultiplier":0,
	"heatColor":"#FF0000",
	"ammoTypes":{
		"EGO碎片":{
			"type": "BasicBulletType",
             "splashDamageRadius":280,
	         "splashDamage":20,
             "width": 1,
             "damage":666,
             "height": 1,
             "lifetime": 0.0001,
             "speed": 0.0001,
			 "status":"灵魂",
			 "ammoMultiplier":1,
	         "statusDuration":666,
             "shootEffect":{
                "type": "MultiEffect",//多种特效
                    "effects":[
            {
            "type":"WaveEffect",
            "lifetime": 1200,
            "colorFrom":"#FF0F0F",//颜色从
            "colorTo":"#FF0F0F",//颜色至
            "lightColor":"FFE2E2",//浅色
            "sizeFrom":1,//开始时圆环直径
            "sizeTo":666666,//结束时圆环直径
            "lightScl":3.0,//轻量级
            "lightOpacity":0.8,//光不透明
            "sides":-1,//双方//效果不明
            "rotation":-1,//回转//效果不明
            "strokeFrom":1,//开始时圆形宽度
            "strokeTo":6,//结束时圆环宽度
            "offsetX":0.0,//偏转x
            "offsetY":0.0//偏转y
            }
        ]
             }
            }
        },
	"requirements":[
		{ "item":"copper","amount":280},
		{ "item":"titanium","amount":240},
		{ "item":"graphite","amount":180},
		{ "item":"plastanium","amount":120},
		{ "item":"silicon","amount":240},
        { "item":"EGO碎片","amount":666},
		{ "item":"surge-alloy","amount":120}
	],
	"category":"turret",
	"research": {
            "parent" : "EGO碎片",
            " requirements ":[
            { "item":"copper","amount":5200},
		{ "item":"titanium","amount":4800},
		{ "item":"graphite","amount":3600},
		{ "item":"plastanium","amount":2400},
		{ "item":"silicon","amount":4800},
        { "item":"EGO碎片","amount":66666},
		{ "item":"surge-alloy","amount":2400}
    ]
    }
}