{
	"type":"PowerTurret",
	"name":"高能",
   "description":"利用时间静止技术，配合电磁感应增强，激发出高能等离子体，发射高能粒子流对敌方造成大量伤害，同时还能干扰敌方电子元件",
	"targetGround": true,
	"researchCostMultiplier":1,
	"health":1600,	
	"reload":30,
	"targetAir":true,
	"lengthFalloff":1,
	"rotatespeed":2,
	"drag":10,
	"cooldown":15,
	"powercapacity":1000,
	"recoil": 1,
	"restitution": 0.5,
	"heatColor": "28EDFF",
	"inaccuracy": 0,
	"burstSpacing":3,
	"range":240,
	"consumes":{
		"power":10,
		"coolant":{"amount":0.2,"optional":true}
		},
	"size":2,
	"chargeTime":5,
	"chargeMaxDelay":5,
	"chargeEffects":10,
	"buildCostMultiplier":1,
	"coolantMultiplier":2,
	"hasPower": true,
	"shootSound" : "laser",
	"shootEffect": "lancerLaserShoot",
	"smokeEffect": "lightningShoot",
	"chargeEffect": "lancerLaserCharge",
	"chargeBeginEffect": "lancerLaserChargeBegin",
		"shootType":{
			"type":"LaserBulletType",
			"hitEffect":"hitLancer",
			"despawnEffect":"none",
			"shots": 1,
			"length":280,
			"width":8,
			"lifetime":20,
			"drawSize":400,
			"damage":420,
			"collidesAir":true,
			"status":"electrified",
	  	"statusDuration":600
		},
	"requirements": [
		{ "item": "copper", "amount":500},
		{ "item": "lead", "amount":500},
		{ "item": "silicon", "amount":400},
		{ "item":"固态时间","amount":240}
	],
	"category": "turret",
	"research":"毒烟"
}