{
    //"type": "CoreBlock",种类  这里在JS已经做到了类似于该接口的效果，所以该接口就被注释掉了
    "name": "哨塔核心",//名称，它叫什么名
    "description": "新一代地区核心，平衡了造价与配置的产物",//描述，简介
    "size": 3,//大小，1=1×1格，得比原版核心大，否则无法覆盖
    "health": 7100,//血量，字面意思
    "buildCostMultiplier":0.9
    "itemCapacity": 12000,//物品容量，注：是全物品都加
    "unitCapModifier":10,//单位上限，增加工厂可以制造的单位上限
    "unitType":"哨兵",//核心的单位，玩家操纵的那种
    "requirements": [
        {"item":"纯钛板","amount":2500},
    ],//建造所需物品
    "category": "effect",//游戏界面分类
    "research": "core-foundation",//科技树前一项
    "researchCostMultiplier":0.95,
    "researchCost": [
        {"item":"碳素钢","amount":2500},
        {"item": "钛合金", "amount": 1500 }
        {"item": "铝", "amount": 1500 }
    ]
}