{
    "type":"payload",
    "name": "先锋",
    "description": "核心的单位，具有建造功能，装载灭火武器和修复武器，可以捡起1*1大小的方块",
"vulnerableWithPayloads": true
"payloadCapacity":90,
"fogRadius":0,//迷雾揭示范围
"targetable":false,//可被选为目标
"hittable":false,//可被击中
 "buildSpeed": 0.43,
 "flying":true
 "health":300
 "engineSize":0,
 "mineWalls":true
 "accel": 0.3,
 "drag": 0.04,
 "speed": 3,
 "defaultController":"BuilderAI",
 "mineSpeed":8,
 "mineTier": 2,
 "trailLength":6
 "trailWidth":3
 "shadowElevation":1
    			"abilities":[{
   			"type": "RepairFieldAbility",
    		"amount":20,
    		"range":98,
    		"reload":320,
  		}]
    			"weapons": [
		{
		"x":0
		"y":-3
			"reload": 3.4,
			"bullet": {
				"type": "LiquidBulletType",
				"lifetime": 16,
				"speed": 6,

				"damage": 0.1,
				"knockBack": 1,

				"liquid": "water",
			}
		}
		{
		"type":"RepairBeamWeapon",
		"outlineColor":"2E2F34FF",//边框颜色
		"x":0,"y":2,
		"mirror":false,//镜像
		"beamWidth":0.5
		"repairSpeed":1,//一次治疗血量
		"fractionRepairSpeed":0.02,//百分比治疗加速倍率
		"laserColor":"FFD37FFF",//激光颜色
		"healColor":"FFD37FFF",//治愈颜色
		"targetBuildings":true,//碰撞建筑
		"autoTarget":false,
		"controllable":true,
		"bullet":{
		"maxRange":60,
	}
	}
	]
	}