{
	"type": "GenericCrafter",//type，不用多说
	"name": "工厂测试代码",//名称
	"description": "无",//简介
	"health": 3000,//健康值
	"itemCapacity":80,//物品存量
	"size": 4,//大小
	"outputItem": {"item": "silicon","amount":40},//输出物品，"silicon/10"也可以
	"hasPower": true,//可否接电
		"drawer":{//drawer，最好之后了解，drawer比较重要
		"type":"DrawMulti",
		"drawers":[
			{
				"type": "DrawRegion",
				"suffix": "-bottom"
			},
			{
				"type":"DrawCrucibleFlame",
			},
			{
	            "type":"DrawArcSmelt"
	        }
			"DrawDefault"
			]
	},//drawer的花括号
	"craftTime": 200,//每次制造间隔
	"consumes": {//消耗
    "power":1.5//电力，1比60
    "items": {//物品，格式就是这样的
	"items": [//[]不能丢，里面的物品可以疯狂叠（指不同种类）
	{ "item": "graphite", "amount": 15}//物品1，花括号括起来
	{ "item": "sand", "amount": 25 //物品
	}//也是花括号括起来
	]},//一整个item的花括号
	//"liquid": 
	//{"liquid": "ozone", "amount": 0.25 }液体这么写；如果要写液体就代入上边这个
    }
"requirements": [//建造消耗
    "silicon/70"//物品，数量
    "tungsten/25"
	"oxide/30",
	],
	"category": "crafting",//分类
	"research":"silicon-arc-furnace"//前置科技，科技树中如何才能解锁（解锁上边这几个后解锁）
	
}//总结の花括号