{
	"type": "missile",
	"template": "MissileUnitType",
	"hitSize":10,
	"name":"导弹"
	"maxRange":3,
	"speed":2
	"engineSize": 0,
	"rotateSpeed":5
	"trailLength":2,
	"trailWidth":2,
	"trailColor":"173050FF"
	"lifetime":80
	"health":125
		    "immunities": [
        "侵蚀",
        ],//状态豁免
	"weapons":[{
		"shootCone": 360,
		"mirror": false,
		"shake": 6,
		"shootOnDeath": true,
		"shootSound": "PPP",
		"bullet":{
			"type": "ExplosionBulletType",
			"frontColor":"173050FF"
			"backColor":"4D697EFF"
			"buildingDamageMultiplier":1.2
			"splashDamage":85,
			"splashDamageRadius":24,
	    	"status":"侵蚀",//击中给予状态
            "statusDuration":300,/*状态持续时间*/
		}
	}]
}