{
	"type": "missile",
	"template": "MissileUnitType",
	"hitSize":10,
	"name":"导弹"
	"maxRange":3,
	"speed":3
	"engineSize": 0,
	"rotateSpeed":8
	"trailLength":2,
	"trailWidth":2,
	"trailColor":"173050FF"
	"lifetime":180
	"health":155
		    "immunities": [
        "侵蚀",
        ],//状态豁免
	"weapons":[{
		"shootCone": 360,
		"mirror": false,
		"shake": 6,
		"shootOnDeath": true,
		"shootSound": "喷",
		"bullet":{
			"type": "ExplosionBulletType",
			"frontColor":"173050FF"
			"backColor":"4D697EFF"
			"buildingDamageMultiplier":1.2
			"splashDamage":95,
			"splashDamageRadius":24,
	    	"status":"侵蚀",//击中给予状态
            "statusDuration":300,/*状态持续时间*/
		}
	}]
}