{
"type": "missile",
"controller": "MissileAI",
"template": "MissileUnitType", 
"lowAltitude": true,
"speed": 5.6,
"rotateSpeed": 0.9,
"lifetime": 160,
"physics": false,
"flying": true,
"hidden": true,
"health": 1800,
"hitSize": 7,
"engineLayer": 110,
"outlineColor": "36363c",
"engineColor": "9681fb",
"trailColor": "9681fb",
"missileAccelTime": 45,
"engineOffset": 19,
"engineSize": 5.3,
"drawCell": true,
"maxRange": 10,
"trailLength": 22,
"weapons": [
 {
"name": "bbom boom",
"shootCone": 360,
"shootOnDeath": true,
"controllable": true,
"bullet": {
"type": "ArtilleryBulletType",
"killShooter": true,
"hitEffect": "reactorExplosion",
"instantDisappear": true,
"hitSoundVolume": 5,
"hitSound": "largeExplosion",
"buildingDamageMultiplier": 0.8,
"splashDamage":180000,
"suppressionRange": 90,
"splashDamageRadius": 70,
"status": "blasted",
"statusDuration": 100
}
}
 ],
"abilities": [
{
"type": "MoveEffectAbility",
"effect": {
"type": "ParticleEffect",
"particles": 5,
"sizeFrom": 6,
"sizeTo": 1,
"length": 50,
"lifetime": 60,
"lightOpacity": 0,
"interp": "circleOut",
"sizeInterp": "pow5In",
"colorFrom": "9681fbaa",
"colorTo": "78787870",
"cone": 15
},
"interval": 3,
"y": -17,
"rotateEffect": true,
"rotation": 180
}
]
}
