{
//	"type":"UnitFactory",
	"category":"units",
	"name":"坦克制造厂",
	"description":"生产坦克单位，输出单位可以直接投入战场或再次升级。",

	"research":{
	"parent":"mech-manufacturer"
	"requirements":[
	"tungsten/2400",
	"graphite/2700",
	"silicon/3000"
	]	},

	"requirements":[
	"tungsten/80",
	"graphite/90",
	"silicon/100"
	],

	"consumes":{"power":6},

	"health":1290,
	"size":3,

	"plans":[
		{"unit":"electron",
		"time":1660,
		"requirements":[
		"tungsten/30",
		"silicon/40"
		]	}	]
}