{
"type": "mech",
"template": "ErekirUnitType",
"boostMultiplier": 4,
"fogRadius": 20,
"mineSpeed": 5,
"buildSpeed": 1.3,
"mineTier": 3,
"armor": 2,
"canBoost": true,
"engineOffset": 5,
"engineColor": "FF8D54FF",
"engineSize": 2,
"hitSize": 15,
"rotateSpeed": 3,
"mechLegColor": "252525",
"outlineColor": "313131FF",
"itemCapacity": 30,
"targetPriority": -1,
"mineWalls": true,
"mineHardnessScaling": false,
"mineFloor": false,
"speed": 2,
"health": 500,
"immunities": [
"burning"
],
"weapons": [
  {
  "name": "ignis-weapon",
   "shootCone": 15,
    "mirror": true,
    "alternate": false,
    "top": false, 
    "outlineLayerOffset": 0.001,
    "layerOffset": -0.001,
    "cooldownTime": 50,
    "x": 6.5,
    "y": 1.5,
    "shootX": -0.5,
    "rotate": false,
    "inaccuracy": 9,
    "shootY": 8,
    "reload": 3,
    "recoil": 1.5,
    "shootSound": "shoot",
    "bullet": {
    "type": "basicBulletType",
    "sprite" : "missile-large",
    "shootEffect": "shootBig2",
    "hitEffect": "hitBulletSmall",
    "pierceArmor": true,
    "buildingDamageMultiplier": -1,
    "collidesTile": false,
    "despawnHit": true,
    "lifetime": 15,
    "damage": 6,
    "speed": 6.6,
    "trailLength": 8,
    "trailWidth": 1.5,
    "width": 4,
    "height": 9,
    "trailColor": "ff7048",
    "backColor": "ff7048",
    "frontColor": "ffcea0",
  }
  }
  ]
}
