{
  "speed": 1.4,
  "isCounted": false,
  "mineSpeed": 40,
  "outlineColor": "3F414EFF",
  "engineColor": "73FFAEFF",
  "buildSpeed": 7.7,
  "mineTier": 7,
  "itemCapacity": 300,
  "circleTarget": true,
  "accel": 0.05,
  "drag": 0.03,
  "flying": true,
  "health": 2000,
  "hitSize": 21,
  "armor": 7,
  "faceTarget": false,
  "engineSize": 4.5,
  "engineOffset": 9.5,
  "targetAir": true,
  "weapons": [
    {
      "name": "qunatra-bolter",
      "shootCone": 25,
      "mirror": true,
      "alternate": true,
      "x": 9,
      "y": 7,
      "shoot": {
        "shots": 6
      },
      "inaccuracy": 8,
      "velocityRnd": 0.1,
      "reload": 80,
      "top": false,
      "layerOffset": -1,
      "rotate": true,
      "rotateSpeed": 4,
      "shootSound": "plamsadrop",
      "bullet": {
        "keepVelocity": false,
        "type": "MissileBulletType",
        "backColor": "73FFAEFF",
        "frontColor": "FFFFFFFF",
        "hitEffect": {
          "type": "ParticleEffect",
          "line": true,
          "particles": 4,
          "lifetime": 20,
          "offset": 50,
          "length": 55,
          "cone": -360,
          "lenFrom": 5,
          "lenTo": 0,
          "colorFrom": "73FFAEFF",
          "colorTo": "57D993FF"
        },
        "shootEffect": "none",
        "trailEffect": "none",
        "trailColor": "73FFAEFF",
        "trailParam": 5,
        "trailLength": 16,
        "trailWidth": 1.5,
        "buildingDamageMultiplier": 0.8,
        "damage": 50,
        "speed": 5,
        "lifetime": 80,
        "homingDelay": 70,
        "homingPower": 0.03,
        "homingRange": 100,
        "weaveScale": 4,
        "weaveMag": 6,
        "height": 20,
        "width": 12,
        "splashDamageRadius": 30,
        "splashDamage": 40
      }
    },
    {
      "name": "lasers",
      "x": 9,
      "y": 7,
      "reload": 160,
      "top": false,
      "layerOffset": -1,
      "rotate": true,
      "rotateSpeed": 4,
      "inaccuracy": 10,
      "shoot": {
        "type": "shootPattern",
        "shots": 3,
        "shotDelay": 3
      },
      "shootSound": "laser",
      "bullet": {
        "shootEffect": "none",
        "type": "LaserBulletType",
        "length": 200,
        "width": 13,
        "damage": 165,
        "buildingDamageMultiplier": 0.12,
        "lightColor": "73FFAEFF",
        "hitEffect": {
          "type": "ParticleEffect",
          "line": true,
          "particles": 4,
          "lifetime": 20,
          "offset": 50,
          "length": 55,
          "cone": -360,
          "lenFrom": 5,
          "lenTo": 0,
          "colorFrom": "73FFAEFF",
          "colorTo": "57D993FF"
        },
        "colors": [
          "57D993FF",
          "73FFAEFF",
          "FFFFFF"
        ],
        "sideAngle": 25,
        "sideLength": 0,
        "sideWidth": 0
      }
    },
    {
      "name": "disks",
      "shootCone": 25,
      "mirror": true,
      "alternate": true,
      "x": 9,
      "y": 7,
      "shoot": {
        "type": "shootPattern",
        "shots": 3,
        "shotDelay": 3
      },
      "reload": 50,
      "top": false,
      "layerOffset": -1,
      "rotate": true,
      "rotateSpeed": 4,
      "bullet": {
        "type": "basicBulletType",
        "sprite": "exogenesis-disk-bullet",
        "damage": 30,
        "splashDamage": 10,
        "splashDamageRadius": 20,
        "collidesTeam": true,
        "healPercent": 0.1,
        "pierceCap": 6,
        "buildingDamageMultiplier": 0.15,
        "pierceBuilding": true,
        "pierce": true,
        "trailChance": 1,
        "trailEffect": {
          "type": "ParticleEffect",
          "particles": 1,
          "length": 0,
          "lifetime": 20,
          "region": "exogenesis-disk-bullet-back",
          "lightColor": "73FFAEFF",
          "colorFrom": "73FFAEFF",
          "colorTo": "57D99300",
          "sizeFrom": 7,
          "sizeTo": 7
        },
        "speed": 5,
        "shrinkY": 0,
        "shrinkX": 0,
        "width": 12,
        "height": 12,
        "shootEffect": {
          "type": "ParticleEffect",
          "line": true,
          "particles": 8,
          "lifetime": 32,
          "length": 45,
          "cone": -35,
          "lenFrom": 6,
          "lenTo": 0,
          "lightColor": "73FFAEFF",
          "colorFrom": "73FFAEFF",
          "colorTo": "57D993FF"
        },
        "lifetime": 70,
        "homingRange": 140,
        "homingDelay": 10,
        "homingPower": 0.6,
        "hitEffect": {
          "type": "ParticleEffect",
          "line": true,
          "particles": 8,
          "lifetime": 32,
          "length": 45,
          "cone": -360,
          "lenFrom": 5,
          "lenTo": 0,
          "lightColor": "73FFAEFF",
          "colorFrom": "73FFAEFF",
          "colorTo": "57D993FF"
        },
        "lightColor": "73FFAEFF",
        "backColor": "73FFAEFF",
        "frontColor": "FFFFFF"
      }
    }
  ],
  "abilities": [
    {
      "type": "mindustry.entities.abilities.RepairFieldAbility",
      "activeEffect": {
        "type": "WaveEffect",
        "lifetime": 25,
        "sizeFrom": 0,
        "sizeTo": 80,
        "strokeFrom": 6,
        "strokeTo": 0,
        "colorFrom": "73FFAEFF",
        "colorTo": "73FFAEFF"
      },
      "healEffect": {
        "type": "WaveEffect",
        "lifetime": 25,
        "sizeFrom": 0,
        "sizeTo": 10,
        "strokeFrom": 6,
        "strokeTo": 0,
        "colorFrom": "73FFAEFF",
        "colorTo": "73FFAEFF"
      },
      "range": 120,
      "amount": 500,
      "reload": 100
    }
  ]
}
