{
  "type": "hover",
  "speed": 2.9,
  "outlineColor": "414452FF",
  "hitSize": 18,
  "health": 560,
  "mineSpeed": 6,
  "buildSpeed": 4.2,
  "mineTier": 3,
  "itemCapacity": 40,
  "armor": 3,
  "canBoost": true,
  "hovering": true,
  "shadowElevation": 0.1,
  "useEngineElevation": false,
  "faceTarget": false,
  "targetAir": true,
  "engineSize": 2,
  "engineOffset": 7,
  "trailColor": "66B1FFFF",
  "trailLength": 6,
  "engineColor": "66B1FFFF",
  "rotateSpeed": 3,
  "parts": [
    {
      "type": "RegionPart",
      "suffix": "-glow",
      "layer": -1,
      "mirror": true,
      "blending": "additive",
      "color": "4583FF60",
      "colorTo": "4583FF60",
      "outline": false,
      "progress": "warmup"
    },
    {
      "type": "FlarePart",
      "color2": "FFFFFF",
      "color1": "A9D8FFFF",
      "y": 0,
      "followRotation": true,
      "stroke": 3,
      "radius": 6
    },
    {
      "type": "hoverPart",
      "color": "66B1FFFF",
      "layerOffset": -1,
      "x": 6,
      "phase": 90,
      "stroke": 2,
      "radius": 6,
      "mirror": true,
      "y": -4
    },
    {
      "type": "hoverPart",
      "color": "66B1FFFF",
      "layerOffset": -1,
      "x": 6,
      "phase": 90,
      "stroke": 2,
      "radius": 6,
      "mirror": true,
      "y": 4
    }
  ],
  "immunities": [
    "neutron-overcharge",
    "overclock",
    "freezing"
  ],
  "weapons": [
    {
      "name": "shooting star",
      "mirror": false,
      "top": true,
      "rotate": true,
      "x": 0,
      "y": 0,
      "rotateSpeed": 3,
      "shootY": 0,
      "reload": 58,
      "shootSound": "laser",
      "bullet": {
        "type": "LaserBulletType",
        "length": 130,
        "width": 20,
        "damage": 16,
        "lightColor": "A9D8FFFF",
        "lightningColor": "66B1FFFF",
        "status": "freezing",
        "statusDuration": 100,
        "buildingDamageMultiplier": 0.80,
        "hitEffect": {
          "type": "ParticleEffect",
          "line": true,
          "particles": 15,
          "lifetime": 20,
          "offset": 50,
          "length": 55,
          "cone": -360,
          "lenFrom": 5,
          "lenTo": 0,
          "colorFrom": "A9D8FFFF",
          "colorTo": "66B1FFFF"
        },
        "colors": [
          "66B1FFAA",
          "A9D8FFFF",
          "FFFFFF"
        ],
        "sideAngle": 90,
        "sideLength": 1,
        "sideWidth": 1
      }
    }
  ],
  "abilities": [
    {
      "type": "mindustry.entities.abilities.StatusFieldAbility",
      "effect": "overclock",
      "parentizeEffects": true,
      "effectY": 13,
      "activeEffect": "none",
      "range": 70,
      "reload": 5,
      "duration": 5
    },
    {
      "type": "mindustry.entities.abilities.ForceFieldAbility",
      "radius": 30,
      "regen": 3,
      "max": 250,
      "cooldown": 40
    }
  ]
}
