{
	"name":"江鳄",
	"description":"拥有强大的火力"
	"hitSize":48,
	//碰撞箱大小
    "rotateSpeed":1.5,
    //转身速度
    "itemCapacity":0,
    //载货量
    "canDrown":false,
    //能否被深水淹死
    "buildSpeed":0,
    //建筑速率
    "type":"naval",
    //海军
    "lowAltitude":true,
    //阴影绘制
    "speed":0.8,
    		"immunities": [
		"潮湿"
	],
    //移动速度
    "health":7600,
    //血量
    "armor":4,
    //装甲
    "trailLength":16,
    //划出的水迹长度 8:1
    "waveTrailX":5,
    "waveTrailY":-5,
    "trailScl":1,
	"researchCostMultiplier": 10,
	"weapons":[
    {	"name": "江鳄1",
	"reload": 60,  
	"heatProgress": "warmup",
	"heatColor": "BC5452FF"
    "x": 0,  "y": 0,
    "rotate": true,
    "rotateSpeed":1,
    "mirror":false,
    "inaccuracy": 0,
	"cooldownTime": 190,
    "shootSound": "malignShoot",
	"shake":12,
	"bullet":{
    "sprite": "星耀光棱-星",
		"damage": 200,
		"lifetime": 60,
		"speed": 16,
		"shrinkY": 0,
		"height": 32,
		"width": 26,
		"ammoMultiplier": 1
		"shootEffect": {
			"type": "multiEffect",
			"effects": [
				{
					"type": "ParticleEffect",
					"particles": 18,
					"sizeFrom": 6,
					"sizeTo": 0,
					"length": 70,
					"lifetime": 30,
					"interp": "sineOut",
					"sizeInterp": "sineIn",
					"colorFrom": "BC5452FF",
					"colorTo": "FEB380FF",
					"cone": 15
				},
				{
					"type": "WaveEffect",
					"lifetime": 30,
					"sides": 0,
					"sizeFrom": 0,
					"sizeTo": 40,
					"strokeFrom": 4,
					"strokeTo": 0,
					"colorFrom": "BC5452FF",
					"colorTo": "FEB380FF"
				}
			]
		},
		"frontColor": "FEB380FF",
		"backColor": "BC5452FF",
		"pierce": true,
		"pierceCap": 4,
		"status": "融化",
		"statusDuration": 180,
		"splashDamage": 100,
		"splashDamageRadius": 80,
		"trailColor": "BC5452FF",
		"trailLength": 24,
		"trailWidth": 3,
		"trailSinScl": 0.75,
		"trailSinMag": 1.5,
		"hitShake": 3,
		"despawnShake": 4,
		"knockback": 5,
		"hitEffect": {
			"type": "multiEffect",
			"effects": [
				{
					"type": "WaveEffect",
					"lifetime": 20,
					"sizeFrom": 0,
					"sizeTo": 65,
					"strokeFrom": 4,
					"strokeTo": 0,
					"lightColor": "BC5452FF",
					"colorFrom": "BC5452FF",
					"colorTo": "FEB380FF"
				},
				{
					"type": "ParticleEffect",
					"line": true,
					"particles": 11,
					"lifetime": 30,
					"length": 85,
					"baseLength": 20,
					"cone": -360,
					"lenFrom": 7,
					"lenTo": 0,
					"interp": "exp10In",
					"colorFrom": "BC5452FF",
					"colorTo": "FEB380FF"
				}
			]
		},
		"despawnEffect": {
			"type": "multiEffect",
			"effects": [
				{
					"type": "ParticleEffect",
					"particles": 1,
					"sizeFrom": 45,
					"sizeTo": 0,
					"length": 0,
					"interp": "bounceOut",
					"lifetime": 60,
					"layer": 110,
					"region": "星耀光棱-星",
					"lightColor": "BC5452FF",
					"colorFrom": "BC5452FF",
					"colorTo": "FEB380FF",
					"layer": 110
				},
				{
					"type": "WaveEffect",
					"lifetime": 20,
					"sizeFrom": 0,
					"sizeTo": 65,
					"strokeFrom": 4,
					"strokeTo": 0,
					"interp": "elasticOut",
					"lightColor": "BC5452FF",
					"colorFrom": "BC5452FF",
					"colorTo": "FEB380FF"
				},
				{
					"type": "ParticleEffect",
					"line": true,
					"particles": 11,
					"lifetime": 30,
					"length": 85,
					"baseLength": 20,
					"cone": -360,
					"lenFrom": 7,
					"lenTo": 0,
					"interp": "exp10In",
					"colorFrom": "BC5452FF",
					"colorTo": "FEB380FF"
				}
			]
		},
		"lightning": 4,
		"lightningDamage": 25,
		"lightningColor": "BC5452FF",
		"lightningCone": 360,
		"lightningLength": 12,
		"lightningLengthRand": 0
}	}
        ]
        "research": {
	"parent":"轻型特种兵种生产工厂"
	"objectives": [
            {
				"type": "SectorComplete",
				"preset": "微风群岛"
			}
	]
	}
	"researchCostMultiplier": 10,
}