{
	"type": "tank",
	"name": "碎星",
	"description": "射速慢伤害极高",
	"template": "ErekirUnitType",
	"squareShape": true,
	"treadPullOffset": 8,
	"singleTarget": false,
	"omniMovement": false,
	"crushDamage":0.03,
	"rotateSpeed": 1,
	"speed": 0.4,
	"hitSize": 32,
			"ammoType":{
	"type":"PowerAmmoType",
	"totalPower":2200},
	"ammoCapacity": 700
    "ammoResupplyAmount":1,/*弹药补给倍率 */
    "crushDamage":0.03
	"health": 6000,
	"armor": 0,
	"drag": 0.08,
	"accel": 0.1,
	"itemCapacity": 20,
	"treadFrames": 32,
	"treadPullOffset": 16,
	"itemCapacity": 60,
	"crushDamage":1
	"treadRects": [
		{
			"x": -74,
			"y": 15,
			"width": 30,
			"height": 80
		}
		{
			"x": 0,
			"y": -90,
			"width": 48,
			"height": 80
		}
	],
	"faceTarget": false,
	/*"requirements": {
		"block": "ground-factory",
		"time": 1800,
		"requirements": [
			"silicon/30",
			"lead/25",
			"titanium/25"
		]},*/
	"weapons": [
		{
			"name": "碎星1",
			"rotate": true,
			"reload": 1200,
			"y":0,	"x": 0,
			"layerOffset": 0.02,
			"alternate": true,
			"ejectEffect":{"type": "MultiEffect",
			"effects": [
			{"type": "ParticleEffect",
			"particles": 32,
			"sizeFrom": 15,
			"sizeTo": 0,
			"length": 180,
			"baseLength": 0,
			"interp": "pow10Out",
			"sizeInterp": "pow5In",
			"layer":60,
			"lifetime": 185,
			"colorFrom": "73737390",
			"colorTo": "73737390",
			"cone": 360},
			{"type": "ParticleEffect",
			"particles": 22,
			"sizeFrom": 25,
			"sizeTo": 0,
			"length": 180,
			"baseLength": 0,
			"interp": "pow10Out",
			"sizeInterp": "pow5In",
			"layer":60,
			"lifetime": 185,
			"colorFrom": "73737390",
			"colorTo": "73737390",
			"cone": 360},
			{"type": "WaveEffect",
			"lifetime": 13,
			"sizeFrom": 0,
			"sizeTo": 150,
			"strokeFrom":66,
			"strokeTo":16,
			"layer":60,
			"colorFrom":"FFFFFF",
			"colorTo": "FFFFFF10"}
			]},
			"shake":15,
			"mirror": false,
			"top": false,
			"autoTarget": false,
			"shootY": 34,
			"cooldownTime": 300,
			"inaccuracy": 0,
			"shootSound": "largeCannon",
			"recoil":6,
			"alternate": true,
			"bullet": {
				"type": "BasicBulletType",
				"buildingDamageMultiplier":3,
				"damage": 750,
				"speed": 14,
				"lifetime": 69,
				"recoil":1.32,
				"scaleLife": true,
				"collidesTiles":false,
				"collidesAir":false,
				"collidesGround":false,
				"sprite": "missile-large",
				"shrinkX":0,
				"shrinkY":0,
				"hitSize":10,
				"width": 25,"height": 55,
				"backColor": "FEEBB3",
				"frontColor": "FFFFFF",
				"trailColor": "FEEBB3",
				"trailLength": 10,
				"trailWidth": 6,
				"trailChance": 1,
				"trailInterval": 10,
				"trailEffect": {
					"type": "ParticleEffect",
					"particles": 3,
					"length": 26,
					"interp":"fastSlow",
					"baseLength": 0,
					"lifetime": 105,
					"cone": 360,
					"colorFrom": "FEEBB3",
					"colorTo": "FEEBB3",
					"sizeFrom": 6,
					"sizeTo": 0
					},
				"lightningDamage": 100,
				"lightning": 2,
				"lightningLength": 5,
				"hitEffect":{"type": "MultiEffect",
				"effects": [
					{"type": "ParticleEffect",
					"particles": 4,
					"sizeFrom": 15,
					"sizeTo": 0,
					"length": 20,
					"baseLength": 48,
					"lifetime": 25,
					"colorFrom": "FEEBB380",
					"colorTo": "FEEBB300",
					"cone": 360},
					{"type": "ParticleEffect",
						"particles": 22,
						"line": true,
						"strokeFrom": 3,
						"strokeTo": 0,
						"lenFrom": 24,
						"lenTo": 0,
						"length": -63,
						"baseLength": 64,
						"lifetime": 20,
						"colorFrom": "FEEBB3FF",
						"colorTo": "FEEBB3FF",
						"cone": 360},
					{"type": "WaveEffect",
					"lifetime": 25,
					"sizeFrom": 0,
					"sizeTo": 66,
					"strokeFrom":3,
					"strokeTo":0,
					"colorFrom":"FEEBB3FF",
					"colorTo": "FEEBB3FF"}
				]},
				"shootEffect": {
					"type": "MultiEffect",
					"effects": [
					{"type": "ParticleEffect",
					"particles": 1,
					"sizeFrom": 10,
					"sizeTo": 100,
					"length": 0,
					"baseLength": 0,
					"lifetime": 45,
					"colorFrom": "FEEBB3FF",
					"colorTo": "FEEBB300",
					"cone": 0
					},
					{"type": "WaveEffect",
					"lifetime": 25,
					"sizeFrom": 2,
					"sizeTo": 90,
					"strokeFrom": 8,
					"strokeTo": 0,
					"colorFrom": "FEEBB3FF",
					"colorTo": "FEEBB3FF"
				}
				]},
				"smokeEffect": "smokeCloud",
				"despawnEffect": {
					"type": "ParticleEffect",
					"particles": 1,
					"sizeFrom": 100,
					"sizeTo": 0,
					"length": 0,
					"baseLength": 0,
					"lifetime": 50,
					"colorFrom": "FEEBB3FF",
					"colorTo": "FEEBB3FF",
					"cone": 360
				},
				"hitSound": "largeCannon",
	"fragLifeMin":1,
    "fragBullets":1,
    "fragBullet":{
		"instantDisappear":true,
        "speed": 0,
        "collides":false,
        "absorbable":false,
        "buildingDamageMultiplier":3,
		"damage": 100,
		"splashDamage": 200,
		"splashDamageRadius": 185,
        "hitShake":35,
        "hitSound": "largeCannon",
		"hitSoundVolume":18,
		"hitEffect": {
			"type": "MultiEffect",
			"effects": [
				{"type": "ParticleEffect",
					"particles": 59,
					"sizeFrom": 15,
					"sizeTo": 0,
					"length": 140,
					"baseLength": 58,
					"lifetime": 55,
					"colorFrom": "FEEBB3FF",
					"colorTo": "ffffff",
					"cone": 360
				},
				{"type": "ParticleEffect",
					"particles": 72,
					"line": true,
					"strokeFrom": 12,
					"strokeTo": 0,
					"lenFrom": 35,
					"lenTo": 60,
					"length": 203,
					"baseLength": 30,
					"lifetime": 20,
					"colorFrom": "FEEBB3",
					"colorTo": "FEEBB3",
					"cone": 360
				},
				{"type": "WaveEffect",
					"lifetime": 25,
					"sizeFrom": 2,
					"sizeTo": 180,
					"strokeFrom": 8,
					"strokeTo": 0,
					"colorFrom": "FEEBB3FF",
					"colorTo": "FEEBB3FF"
				}
			]
		},
		"despawnEffect":"none"
    },
	"bulletInterval": 1,
	"intervalBullets": 2,
	"intervalRandomSpread": 30,
	"intervalSpread": 8,
	"intervalAngle": 0,
	"intervalBullet": {
		"type":"LightningBulletType",
		"damage":100,
		"lightningColor":"FEEBB3",
		"hitColor":"FEEBB3",
		"lightningLength":5,
		"lightningLengthRand":10,
		"hitEffect":"hitLancer",
		"despawnEffect":"none",
	}
			}
		}
	]
	"research": {
	"parent":"轻型特种兵种生产工厂"
	"objectives": [
            {
				"type": "SectorComplete",
				"preset": "凛冬止水"
			}
	]
	},
	         "researchCostMultiplier": 10,
}