{
	"type": "Reconstructor",
	"name": "T2重构工厂",
	"description": "从T1升到T2",
    "health":380,
	"size":3,
		"buildCostMultiplier":0.75
			"consumes":{
				"power":4.64
	"items": {	
	"items": [
		{ "item": "压缩硅", "amount":80},
		{ "item": "压缩石墨", "amount":50}
		]
		}
		},
	"upgrades":[
		["初刀","次刀"],
		["业竹","电光"],
		["出战","猛攻"],
		["挖掘者","星光"]
		["超越","突袭"]
		["爬爬","毒蜢"]
		["鱼","勘察"]
    ],
	"constructTime":1200,
	"requirements": [{ "item": "压缩石墨", "amount":200 },
		{ "item": "压缩硅", "amount":300}],
	"category":"units",
	"buildVisibility":"shown",
	"research": {
		"parent": "陆军工厂",
		"objectives": [
      {
				"type": "SectorComplete",
				"preset": "沿岸点"
			},
    ],
	},
}