{
    // 基础单位属性
    "name": "路由器", // 单位名称
    "description": "路由器邪教！", // 单位描述
    "type": "mech", // 单位类型（机甲）
    "health": 240, // 生命值
    "armor": 8, // 护甲值（减伤用）
    "speed": 0.85, // 移动速度
    "accel": 0.4, // 加速度
    "drag": 0.1, // 移动阻力
    "hitSize": 10, // 碰撞体积
    "rotateSpeed": 1.8, // 旋转速度
    "targetAir": true, // 能否对空
    "targetGround": true, // 能否对地
    "canBoost": false, // 是否可冲刺
    "researchCostMultiplier": 0.3,
	"research": "路由器进阶厂"
    "weapons": [  // 武器配置
        {
        "name":"路由器2",
            "rotate": false,  // 是否可以旋转
            "mirror": true,  // 是否镜像
            "top": false,// 是否位于单位顶部
            "alternate": true,//是否交替射击
            "x": 4.8,  // 武器在机甲上的X坐标
            "y": 0.5,  // 武器在机甲上的Y坐标
            "reload": 30,  // 重新装填时间
            "recoil": 1.5,  // 后坐力
            "inaccuracy": 0.8,  // 射击不精度
            "bullet": {  // 子弹配置
                "type": "BasicBulletType",
                  // 子弹类型为普通子弹
                  "width": 10, // 子弹宽度
                "height": 8, // 子弹高度
                "damage": 15,  // 子弹伤害
                "speed": 3.8,  // 子弹速度
                "lifetime": 38  // 子弹存活时间
                "status": "burning",  // 附加状态（燃烧）
                "statusDuration": 180, // 状态持续时间（帧）
                "despawnEffect":"lava",//消失特效
                "shootEffect":"melting",//射击特效
                "hitEffect":"lava",//击中特效
            }
        }
    ],
}