{
	"name": "超位核收容块",
	"description": "使用少超位合核形成中型的空间扭曲，[red]打爆之后，这个东西会大爆炸",
	"type": "OverdriveProjector",
	"health": 4000,
	"size": 2,
	"range": 256,
	"reload": 60,
	"phaseRangeBoost":0.01,
	"speedBoostPhase":0.01,
	"speedBoost": 3,
	"hasBoost":true,
			"destroyBullet": {
            "type":"BasicBulletType",
            "width": 0,
            "height": 0,
            "speed": 0,
            "lifetime": 1,
            "damage": 6000,
            "hitShake": 20,
            "hitSound": "DBZ1",
            "despawnEffect": "none",
            "hitEffect": "none",
            "splashDamageRadius": 256,
            "splashDamage":4000},
	"requirements": [
	 {"item":"超位物","amount":50}
	{ "item":"phase-fabric","amount":400},
	{ "item":"surge-alloy","amount":500} 
	{"item":"钻石","amount":250},
	],
	"category": "effect",
	"research":"复合物收容块"
}