{
"name":"孢子挤压机"
//此工厂在游戏中的名字
	"type": "GenericCrafter",
	//类别普通工厂GenericCrafter
	//地形工厂AttributeCrafter
	"health": 360,
	//生命值
	"outputLiquid": {"liquid": "oil", "amount": 0.4	},
	//输出液体量为:9.321×60
	"itemCapacity": 40,
	//工厂物品的最大容量
	"LiquidCapacity":480
	//液体容量
	"size": 3,
	//建筑大小
	"hasPower": true,
	//工厂是否需要用到电力,是；false:否
	"hasLiquids": true,
	//工厂是否可以装载液体,是；false:否
	"hasItems": true,
	//工厂是否可以装载物品,是；false:否
	"craftTime": 30,
	//工厂运行一次所用的时间,60:1秒
	"updateEffect":"none",
	//常驻粒子特效,无none,有smeltsmoke
	"craftEffect":"none",
	//运行粒子特效,无none,有smeltsmoke
	"drawer": {
		"type": "DrawMulti",
		"drawers": [
			"DrawDefault",
			{
				"type": "DrawLiquidRegion",
				"drawLiquid": "slag",
				"suffix": "-liquid"
			}
		]
	},
		"updateEffectChance":0.04
	//工作特效数量
	"consumes": {
	//需要供给的资源:
	"power": 2.5,
	//要电:2.5×60=150
	"items": [
	//要物品:
	"spore-pod/3"
	]
	},
	"requirements": [
	//建造此建筑需要什么材料,各多少
			{ "item": "titanium", "amount":85 },
		//钛:85
		{ "item": "lead", "amount": 120 },
		//铅:120
		{ "item": "graphite", "amount": 65 },
		//石墨:65
		{ "item": "plastanium", "amount": 80 },
		//塑钢
		{ "item": "thorium", "amount": 40 },
		//钍
		{ "item": "silicon", "amount": 120 }
		//硅
		{ "item": "metaglass", "amount": 100 },
		//玻璃
		],
		"attribute":"heat"
		//读取地板,所有热源
	"baseEfficiency":1
	//工厂基本效率,游戏内里百分比
	"boostScale":0.3
	//一格增加效率,游戏里是百分比
	//该参数和地板有关系
	"maxHeatBoost":2
	//最大提升效率(倍数)
	//1为100% 2为200% 以此类推
	"category": "crafting",
	//游戏内分类:工厂(制作)
	"ambientSound":"smelter",
	//音效:冶炼厂
	"research": "spore-press"
//科技:大硅(之后)
}
/*物品:
copper铜
lead铅
metaglass玻璃
graphite石墨
sand沙
coal煤
titanium钛
thorium钍
scrap废料
silicon硅
plastanium塑钢
phase-fabric相织布
surge-alloy浪涌合金
spore-pod孢子
blast-compound爆炸物
pyratite硫化物





液体:
水:water
矿渣:slag
石油:oil
冷冻液:cryofluid
方解液:arkycite
镓:gallium(隐藏液体)