{
	"health": 850,
	"armor": 5,
	"abilities": [
        {
            "type": "ShieldRegenFieldAbility",
            "amount": 20,
            "max": 100,
            "reload": 300,
            "range": 90,
            "applyEffect": "shieldApply",
            "activeEffect": "shieldWave"
        }
	],
	"weapons": [
		{
			"name": "恒星1",
			"reload": 30,
			"shootY": 6,
			"x": 6,
			"y": 0,
			"inaccuracy":35,
			"shoot": {
				"shots": 6,
				"shotDelay":0.2
			},
			"shake": 2.2,
			"recoil": 2.5,
			"top": false,
			"shootSound": "spark",
			"alternate": true,
			"bullet": {
				"type": "LightningBulletType",
				"damage": 16,
				"lightningColor": "98FFA9",
				"hitColor": "98FFA9",
				"lightningLength": 8,
				"lightningLengthRand": 6,
				"shootEffect": "shootHeal",
				"smokeEffect": "none",
				"healPercent": 2,
				"lightningType": {
					"lifetime": 10,
					"width": 0,
					"height": 0,
					"speed": 0.0001,
					"hitSize": 5,
					"collidesTeam": true,
					"hittable": false,
					"hitEffect": "hitLancer",
					"despawnEffect": "none",
					"status": "shocked",
					"healPercent": 2
				}
			}
		}
	]
}