{
  "type": "CoreBlock",
  "health": 2147483247,
  "size": 1,
  "armor": 2147483247,
  "unitType": "fungus-factory-die",
  "itemCapacity": 0,
  "unitCapModifier": 8,
  "category": "effect",
  "buildVisibility": "editorOnly",
  "isFirstTier": false,
  "requiresCoreZone": false,
  "destructible": false,
  "targetable": false,
  "drawTeamOverlay": false,
  "rebuildable": false,
  "placeableLiquid": true,
  "forceDark": true,
  "priority": -10,
  "canOverdrive": false,
  "lightColor": "00000000",
  "lightRadius": 0,
  "fogRadius": 0,
  "ambientSound": "none",
  "ignoreBuildDarkness": true,
  "mapColor": "000000"
}