{
  "type": "AttributeCrafter",
  "category": "crafting",
  "size": 3,
  "health": 1280,
  "requirements": [
    {
      "item": "silver",
      "amount": 60
    },
    {
      "item": "iron",
      "amount": 90
    },
    {
      "item": "cobalt",
      "amount": 20
    },
    {
      "item": "silicon",
      "amount": 60
    },
    {
      "item": "carbon-crystal",
      "amount": 45
    }
  ],
  "craftTime": 120,
  "itemCapacity": 15,
  "hasPower": true,
  "consumes": {
    "items": [
      "iron/4"
    ],
    "liquid": "water/8",
    "power": 16
  },
  "drawer": {
    "type": "DrawMulti",
    "drawers": [
      "drawDefault",
      "DrawCultivator",
      {
        "type": "DrawRegion",
        "suffix": "-rotate",
        "spinSprite": true,
        "rotateSpeed": 4
      },
      {
        "type": "DrawSpikes",
        "color": "8a73c6"
      },
      {
        "type": "drawRegion",
        "suffix": "-ztop"
      }
    ]
  },
  "outputItem": {
    "item": "biomass",
    "amount": 4
  },
  "research": "beginning-camp",
  "ambientSound": "extractLoop",
  "ambientSoundVolume": 3,
  "attribute": "spores",
  "boostScale": 1.5
}