{
 "category": "crafting",
 "size": 3,
 "health": 480,
 "requirements": [ "iron/120", "cobalt/80", "silicon/80", "carbon-crystal/100" ],
 "hasPower": true,
 "updateEffectChance": 0.5,
 "itemCapacity": 20,
 "craftEffect": {
   "type": "MultiEffect",
   "effects": [
     //ur
     {
       "type": "particleEffect",
       "particles": 6,
       "length": 10,
       "sizeFrom": 3.2,
       "colorFrom": "ffd6b8",
       "colorTo": "a8a8a8a8",
       "lifetime": 30,
       "offsetX": 9.8,
       "offsetY": 0,
       "cone": 30,
       "region": "blank",
       "baseRotation": 45
     },
     {
       "type": "particleEffect",
       "particles": 2,
       "length": 1.5,
       "sizeFrom": 2.5,
       "colorFrom": "ffd6b8",
       "colorTo": "a8a8a8a8",
       "lifetime": 90,
       "offsetX": 9.5,
       "offsetY": 0,
       "cone": 5,
       "region": "blank",
       "baseRotation": 45
     },
     //dr
     {
       "type": "particleEffect",
       "particles": 6,
       "length": 10,
       "sizeFrom": 3.2,
       "colorFrom": "ffd6b8",
       "colorTo": "a8a8a8a8",
       "lifetime": 30,
       "offsetX": 9.8,
       "offsetY": 0,
       "cone": 30,
       "region": "blank",
       "baseRotation": 315
     },
     {
       "type": "particleEffect",
       "particles": 2,
       "length": 1.5,
       "sizeFrom": 2.5,
       "colorFrom": "ffd6b8",
       "colorTo": "a8a8a8a8",
       "lifetime": 90,
       "offsetX": 9.5,
       "offsetY": 0,
       "cone": 5,
       "region": "blank",
       "baseRotation": 315
     },
     //ul
     {
       "type": "particleEffect",
       "particles": 6,
       "length": 10,
       "sizeFrom": 3.2,
       "colorFrom": "ffd6b8",
       "colorTo": "a8a8a8a8",
       "lifetime": 30,
       "offsetX": 9.8,
       "offsetY": 0,
       "cone": 30,
       "region": "blank",
       "baseRotation": 225
     },
     {
       "type": "particleEffect",
       "particles": 2,
       "length": 1.5,
       "sizeFrom": 2.5,
       "colorFrom": "ffd6b8",
       "colorTo": "a8a8a8a8",
       "lifetime": 90,
       "offsetX": 9.5,
       "offsetY": 0,
       "cone": 5,
       "region": "blank",
       "baseRotation": 225
     },
     //dl
     {
       "type": "particleEffect",
       "particles": 6,
       "length": 10,
       "sizeFrom": 3.2,
       "colorFrom": "ffd6b8",
       "colorTo": "a8a8a8a8",
       "lifetime": 30,
       "offsetX": 9.8,
       "offsetY": 0,
       "cone": 30,
       "region": "blank",
       "baseRotation": 135
     },
     {
       "type": "particleEffect",
       "particles": 2,
       "length": 1.5,
       "sizeFrom": 2.5,
       "colorFrom": "ffd6b8",
       "colorTo": "a8a8a8a8",
       "lifetime": 90,
       "offsetX": 9.5,
       "offsetY": 0,
       "cone": 5,
       "region": "blank",
       "baseRotation": 135
     }
   ]
 },
 "drawer": {
   "type": "drawMulti",
   "drawers": [
     "drawDefault",
     {
       "type": "drawFlame"
     }
   ]
 },
 "ambientSound": "fire",
 "ambientSoundVolume": 1,
 "research": "heat-silicon-smelter"
}