{
  "type": "GenericCrafter",
  "category": "crafting",
  "size": 3,
  "craftTime": 300,
  "hasPower": true,
  "hasItems": true,
  "hasLiquids": true,
  "liquidCapacity": 90,
  "requirements": [
    {
      "item": "iron",
      "amount": 30
    },
    {
      "item": "silver",
      "amount": 25
    },
    {
      "item": "magicsteel",
      "amount": 15
    }
  ],
  "drawer": {
    "type": "drawMulti",
    "drawers": [
      {
        "type": "drawRegion",
        "suffix": "-bottom"
      },
      {
        "type": "drawLiquidTile",
        "drawLiquid": "water"
      },
      {
        "type": "drawLiquidTile",
        "drawLiquid": "magicfluid"
      },
      {
        "type": "drawDefault"
      }
    ]
  },
  "ambientSound": "respawning",
  "ambientSoundVolume": 0.5,
  "consumes": {
    "items": [
      {
        "item": "wizardry",
        "amount": 5
      }
    ],
    "liquid": "water/0.5",
    "power": 0.8
  },
  "outputLiquid": {
    "liquid": "magicfluid",
    "amount": 0.5
  },
  "research": "magicsteel-smelter"
}