{
  "type": "genericCrafter",
  "category": "crafting",
  "size": 2,
  "health": 480,
  "requirements": [
    {
      "item": "silver",
      "amount": 25
    },
    {
      "item": "iron",
      "amount": 40
    },
    {
      "item": "silicon",
      "amount": 25
    },
    {
      "item": "carbon-crystal",
      "amount": 30
    }
  ],
  "craftTime": 90,
  "hasPower": true,
  "consumes": {
    "items": [
      {
        "item": "iron",
        "amount": 2
      },
      {
        "item": "wizardry",
        "amount": 2
      }
    ],
    "power": 1.25
  },
  "drawer": {
    "type": "DrawMulti",
    "drawers": [
      {
        "type": "drawRegion",
        "suffix": "-bottom"
      },
      {
        "type": "DrawCultivator"
      },
      {
        "type": "drawRegion",
        "suffix": "-rotate",
        "spinSprite": true,
        "rotateSpeed": 8
      },
      "drawDefault"
    ]
  },
  "outputItem": {
    "item": "magicsteel",
    "amount": 1
  },
  "research": "beginning-camp",
  "ambientSound": "extractLoop",
  "ambientSoundVolume": 3
}