{
 "type": "genericCrafter",
 "category": "crafting",
 "size": 2,
 "health": 480,
 "requirements": [ "silver/60", "cobalt/20", "iron/35" ],
 "hasPower": true,
 "consumes": {
   "itemFlammable": {
     "minFlammable": 1.8,
     "amount": 1,
     "optional": false
   },
   "items": [ "sand/4" ],
   "power": 1.2
 },
 "craftTime": 60,
 "itemCapacity": 15,
 "outputItem": "silicon/2",
 "updateEffect": "smeltsmoke",
 "drawer": {
   "type": "drawMulti",
   "drawers": [
     "drawDefault",
     {
       "type": "DrawFlame"
     }
   ]
 },
 "ambientSound": "fire",
 "ambientSoundVolume": 1,
 "research": "beginning-camp"
}