{
    "type": "itemTurret",
	"name": "增殖炮",
	"description": "小型炮塔，向远程地面目标发射侵蚀性苞子荚.",
	"health": 300,
	"size": 1,
	"reload":80,
	"range": 160,
	"shootShake": 4,
	"recoil": 2,
	"shots": 1,
	"inaccuracy": 6,
	"rotatespeed": 5,
	"targetAir": false,
	"shootSound": "artillery",
	"ArtilleryTurret": false,
	//"ammoUseEffect": "shellEjectMedium",
	"requirements": [
	    { "item": "copper", "amount": 30 },
		{"item": "lead", "amount": 30 },
		{"item": "graphite", "amount": 30 },
	],
	"category": "turret",
	"research": "scatter"
	"shownPlanets": [serpulo, 目标行星]
}
