{
    "type": "itemTurret",
	"name": "碎冰刃",
	"description": "大型炮塔，向敌方发射锋利的合金刀片，切碎其护甲.\n“热刀切黄油”",
	"health": 2300,
	"size": 3,
	"reload":120,
	"range": 180,
	"shootShake": 4,
	"recoil": 6,
	"shots": 3,
	"inaccuracy": 6,
	"rotatespeed": 5,
	"shootSound": "碎尸刃",
	"ArtilleryTurret": false,
	//"ammoUseEffect": "shellEjectMedium",
	"requirements": [
	    { "item": "lead", "amount": 280 },
		{"item": "silicon", "amount": 140 },
		{"item": "thorium", "amount": 200 },
		{"item": "晶状合金", "amount": 100 }
	],
	"category": "turret",
	"research": "碎糖炮"
	"shownPlanets": [serpulo, 目标行星]
}
