{
    "type": "itemTurret",
	"name": "突触炮",
	"description": "中型炮塔，向远程地面目标发射侵蚀性苞子荚.",
	"health": 300,
	"size": 2,
	"reload":210,
	"range": 200,
	"shootShake": 4,
	"recoil": 2,
	"shots": 6,
	"inaccuracy": 20,
	"rotatespeed": 5,
	"targetAir": false,
	"shootSound": "突触",
	"ArtilleryTurret": false,
	//"ammoUseEffect": "shellEjectMedium",
	"requirements": [
	    { "item": "copper", "amount": 100 },
		{"item": "graphite", "amount": 50 },
		{"item": "titanium", "amount": 50 },
		
	],
	"category": "turret",
	"research": "scatter"
	"shownPlanets": [serpulo, 目标行星]
}
