{
	"type": "ThermalGenerator",//类型HeaterGenerator
	//ThermalGenerator
	"category": "power",//菜单栏
	"name": "能量提取机",//名字
	"description": "放置在喷口时产生电力",//介绍

	"ambientSound": "hum",//
	"ambientSoundVolume": 0.06,//
	"generateEffect": "turbinegenerate",//
	"effectChance": 0.04,//
	"blurThresh": 0.01,//

	"drawer": {"type": "DrawMulti",
	"drawers": [
		{"type": "DrawRegion",
		"suffix": "-bottom"
		},
		{"type": "DrawBlurSpin",
		"suffix": "-rotator"
		},
		"DrawDefault",
		]	}

	"research": {
	"requirements": [
	"graphite/20",//研究花费
	"铁/30",

	]
	"parent": "acaa前哨核心"//科技树前置
	/*"objectives": [
//		"",//研究xx
		{"type": "OnSector",//进入地图
		"preset": "幻影要塞"},
		]*/}

	"requirements": [
	"graphite/20",//建造消耗
	"铁/30",
	],

	"size":3,//平方大小
	"attribute":"steam"//需求地板
	"fogRadius": "3",
	"health":1120,//血量
	"floating":false,//不稳定
	"powerProduction": 0.888888889,//电力生产,帧
	"displayEfficiency":false,//
	"minEfficiency":8.9999,//
	"displayEfficiencyScale":0.1111111111111,//
}