{
"type": "ConsumeGenerator",
"name": "化合发电机",
"description": "将臭氧固化后与氢气进行光化学反应放出能量",
"health": 1620,
"size": 3,
"hasLiquids": true,
"consumes": {
"liquids": [
{
"liquid": "hydrogen",
"amount": 0.33333333333
},
{
"liquid": "ozone",
"amount": 0.166666666666
}
]
},
"requirements": [
"graphite/60",
"silicon/100",
"镍/80"
],
"category": "power",
"research": "agaa能量提取机",
"placeableLiquid": true,
"warmupSpeed": 0.7,
"liquidCapacity": 100,
"powerProduction": 14,
"drawer": {
"type": "DrawMulti",
"drawers": [
{
"type": "DrawRegion",
"suffix": "-bottom"
},
{
"type": "DrawLiquidRegion",
"drawLiquid": "hydrogen"
},
"DrawDefault",
{
"type": "DrawGlowRegion",
"color": "D1EFFFC7"
}
]
}
}