{
	"type":"NuclearReactor",//核弹type，自带热量接口，需要贴图-top和-lights
	"name":"生化反应皿",
	"description": "将冰与氢气混合在一起，通过有机反应产生大量能量，让前哨基地的电力得到了补充，这是能源学上的一大步",
	"details":"This is A nuke",
	"size":3,//大小
	"health":2520,
	"itemCapacity":30,//物品容量
	"liquidCapacity":30,//液体容量
	"hasLiquids":true,//可添加液体
	"hasItems":true,//可添加物品
	"itemDuration":240,//生产时间
	"powerProduction":35,//产能（*60）
	"rebuildable":false,//自动重建
	"fuelItem": "冰",
	"consumes": {//消耗
    	"liquid":{//消耗液体
    		"liquid":"hydrogen","amount":0.1666666666666,
    	}, 
    	"items": {//消耗物品 
        	"items": [
            	{ "item": "冰",
            	"amount":6}
            ],"optional":false,//可选
    	}
	},
	"requirements": [
	"silicon/240",//材料
	"铁/250",
	    "镍/200",
		"锡/160"
		"钢/200"
		"海棱晶/120"
		],
        "explosionRadius":12,
        //爆炸半径
        "explosionDamage":2400,
        //爆炸伤害
        "category": "power",//在菜单的那里，power是电力类
        "research":"agab化合发电机"//科技树，在什么东西的后面，原版要英文
}