{
"health": 9600,
"name":"血肉反应堆",
"description": "这座反应堆的舱壁由合金焊接而成，表面攀附着蚯蚓状搏动的血管网，内部数千个消化囊不断分泌强腐蚀酶，将投入的生物组织分解为生物电浆，舱顶的过滤系统会从血水中提取铁离子，驱动涡轮机组运转",
"details":"成功了！将12号实验体的痛觉神经接入反应堆控制系统，痛苦指数与发电量正相关",
	"type": "ImpactReactor",
	"size": 6,
	"armor": 16,
	"lightColor": "D71515FF",
	"itemDuration": 300,
	"warmupSpeed": 0.0006,
	"powerProduction": 238,
	"itemCapacity": 60,
	"liquidCapacity": 60,
	"squareSprite": false,
	"canOverdrive": false,
	"consumes": {
		"power": 64,
		"items": {
			"items": [
				"生物组织/4"
			]
		},
		"liquid": "血水/0.3"
	},
	"explosionShake": 4,
	"explosionRadius": 32,
	"explosionDamage": 6000,
	"explodeSound": "largeCannon",
	"destroyEffect": {
		"lifetime": 90,
		"type": "MultiEffect",
		"effects": [
			{
				"type": "ParticleEffect",
				"particles": 1,
				"sizeFrom": 80,
				"sizeTo": 9,
				"length": 0,
				"baseLength": 0,
				"lifetime": 18,
				"colorFrom": "F25555FF",
				"colorTo": "FFFFFF00",
				"cone": 360
			},
			{
				"type": "ParticleEffect",
				"particles": 20,
				"sizeFrom": 10,
				"sizeTo": 0,
				"length": 35,
				"baseLength": 133,
				"lifetime": 35,
				"colorFrom": "F25555FF",
				"colorTo": "FFFFFF",
				"cone": 360
			},
			{
				"type": "WaveEffect",
				"lifetime": 30,
				"sizeTo": 160,
				"strokeFrom": 11,
				"colorFrom": "F25555FF",
				"colorTo": "FFFFFF"
			},
			{
				"type": "WaveEffect",
				"lifetime": 10,
				"sizeTo": 78,
				"strokeFrom": 8,
				"colorFrom": "F25555FF",
				"colorTo": "FFFFFF"
			},
			{
				"type": "ParticleEffect",
				"particles": 13,
				"line": true,
				"lifetime": 22,
				"strokeFrom": 6,
				"lenFrom": 200,
				"lenTo": 0,
				"length": 1,
				"baseLength": 3,
				"colorFrom": "FFFFFF",
				"colorTo": "F25555FF",
				"cone": 360
			}
		]
	},
	"destroyBullet": {
		"sprite": "冥痕json-star",
		"damage": 0,
		"splashDamage": 3600,
		"splashDamageRadius": 80,
		"lifetime": 600,
		"speed": 0,
		"height": 60,
		"width": 60,
		"spin": 2,
		"shrinkY": 0,
		"hittable": false,
		"collides": false,
		"absorbable": false,
		"reflectable": false,
		"frontColor": "FF8663",
		"backColor": "FF5845",
		"lightRadius": 240,
		"despawnShake": 12,
		"bulletInterval": 4,
		"intervalBullets": 4,
		"intervalRandomSpread": 360,
		"intervalBullet": {
			"damage": 0,
			"lifetime": 0,
			"speed": 0,
			"hittable": false,
			"collides": false,
			"absorbable": false,
			"reflectable": false,
			"hitEffect": "none",
			"despawnEffect": "none",
		},
		"despawnEffect": {
			"type": "multiEffect",
			"effects": [
				{
					"type": "WaveEffect",
					"lifetime": 20,
					"sizeFrom": 0,
					"sizeTo": 175,
					"strokeFrom": 8,
					"strokeTo": 0,
					"lightColor": "F25555FF",
					"colorFrom": "F25555FF",
					"colorTo": "AD263BFF"
				},
				{
					"type": "WaveEffect",
					"lifetime": 20,
					"sizeFrom": 0,
					"sizeTo": 125,
					"strokeFrom": 8,
					"strokeTo": 0,
					"lightColor": "F25555FF",
					"colorFrom": "F25555FF",
					"colorTo": "AD263BFF"
				},
				{
					"type": "ParticleEffect",
					"line": true,
					"particles": 11,
					"lifetime": 40,
					"length": 85,
					"baseLength": 20,
					"cone": -360,
					"strokeFrom": 6,
					"strokeTo": 0,
					"lenFrom": 7,
					"lenTo": 0,
					"colorFrom": "F25555FF",
					"colorTo": "AD263BFF"
				}
			]
		}
	},
	"requirements": [
	"graphite/1080",//材料
		"silicon/700",//材料
		"锡/680"
		"钢/660"
		"海棱晶/480"
		"相织能/330",
		"血钢/360",
	],
	"drawer": {
		"type": "DrawMulti",
		"drawers": [
			{
				"type": "DrawRegion",
				"suffix": "-bottom"
			},
			{
				"type": "DrawArcSmelt",
				"alpha": 0.6,
				"particles": 240,
				"particleLife": 90,
				"particleLen": 3,
				"particleRad": 22,
				"particleStroke": 1.1,
				"drawCenter": false,
				"blending": "additive"
			},
			{
				"type": "DrawRegion",
				"suffix": "-mid"
			},
			{
				"type": "DrawSoftParticles",
				"particles": 27,
				"particleLife": 120,
				"particleSize": 9,
				"particleRad": 12,
				"color": "F25555FF",
				"color2": "AD263BFF",
				"alpha": 0.35
			},
			{
				"type": "DrawPlasma",
				"plasma1": "F25555FF",
				"plasma2": "AD263BFF"
			},
			"DrawDefault",
			{
				"type": "DrawParticles",
				"color": "F25555FF",
				"alpha": 0.6,
				"particles": 60,
				"particleLife": 60,
				"particleRad": 80,
				"particleSize": 2,
				"fadeMargin": 0.5,
				"rotateScl": 3.6,
				"blending": "additive",
				"particleSizeInterp": "linear"
			},
			{
				"type": "DrawGlowRegion",
				"suffix": "-glow"
			}
		]
	},
	"category": "power",
"research":{
	"parent": "agad聚变反应堆",
"objectives": [
//		"",//研究xx
		{"type": "OnSector",//进入地图
		"preset": "猩红丘陵"},
		]},
	"ambientSound": "pulse",
	"ambientSoundVolume": 0.12
}