{
    "name":"熔盐电解器",
    "type":"GenericCrafter",
    "description":"把粗盐变成氯和钠，消耗大量电力",
    "itemCapacity":10,
    "liquidCapacity":50,
    "health":850,
    "size":3,
    "hasPower":true,
    "hasLiquids":false,
    "hasItems":true,
    "craftTime":300,
    "updateEffect":"smeltsmoke",
    "drawer": {
		"type": "DrawMulti",
		"drawers": [
			{
				"type": "DrawRegion",
				"suffix": "-bottom"
			},
			{
				"type": "DrawLiquidTile",
				"drawLiquid": "氯气"
			},
			"DrawDefault"
		]
	},
    "consumes":{
        "power":13
        "items":{
            "items":[
                {
                "item":"粗盐",
                "amount":2
            }
            ]
        }
    },
    "outputItem":{
        "item":"钠",
        "amount":2
    },
    "outputLiquid":{
        "liquid":"氯气",
        "amount":0.05
    },
    "requirements":[
        "copper/360"
        "lead/220"
        "titanium/150"
        "graphite/180"
        "silicon/190"
        "metaglass/80"
    ],
    "research":{
        "parent": "power-node-large",
        "requirements": ["copper/600","lead/500","titanium/500","silicon/300","metaglass/200"]
    }
    "category":"crafting",
    "research":"cultivator",
    "idleSound":"respawning",
    "idleSoundVolume":0.5
}