{
	"health": 200,
	"mineSpeed": 5,
	"mineTier": 2,
	"buildSpeed": 1,
	"speed": 3.6,
	"weapons": [
		{
			"name": "A",
			"reload": 7,
			"x": 0,
			"y": 0,
			"rotate": false,
			"inaccuracy": 0,
			"shootSound": "pew",
			"alternate": true,
			"ejectEffect": "casing1",
			"shoot":{
	        "shots":4,
	        "shotDelay":0,
	        "type":"ShootBarrel",
	        "barrels":[
                12,1,0,
                -20,1,0,
                -4,16,0,
                -4,-16,0,
            ]},
			"bullet": {
				"buildingDamageMultiplier": 0.01,
				"damage": 9,
				"speed": 2.5,
				"lifetime": 80,
				"width": 7,
				"height": 10
			}
		}
	]
}