{
   // "type" : "LaunchPad",
    "name" : "终结发射台",
  //  "description" : "相比较于之前的发射台，它的性价比很高",
    "health": 1500,
    "size" : 5,
    "itemCapacity" : 1800,
    "launchTime" : 1050,
    "hasPower" : true,
    "consumes" : {
        "power" : 15,
    },
    "requirements" :[
        { "item": "plastanium", "amount":585},
        { "item": "silicon", "amount":980},
        { "item": "graphite", "amount":695},
        { "item": "titanium", "amount":750},
        { "item": "surge-alloy", "amount":420},
        { "item": "metaglass", "amount":660},
    ],
    "category" : "effect",
    "research" : "launch-pad",
}