{
	"type": "GenericCrafter",
	"name": "星际实验室",
	"description": "最高协议只是个起点",
	"outputItem":{ "item": "天临协议", "amount": 1},
	"size": 2,
	"canOverdrive": false,
	"health":1000,
	"itemCapacity": 25,
	"hasPower": true,
	"hasLiquids": false,
	"hasItems": true,
	"craftTime": 3000,
	"consumes": {"power":20},
"requirements": [
	{ "item": "饱和火力-三级协议", "amount": 10 },
    { "item": "饱和火力-硅钢", "amount": 400 },
	{ "item": "silicon", "amount": 300 },
	{ "item": "titanium", "amount": 360 }
	],
	"category": "effect",
	"research": "silicon-smelter"
}