{
	"type": "GenericCrafter",
	"health": 1300,
	"name": "核爆裂解硅",
	"description": "利用核爆的顺时超高温和超高压还有裂位能的高能载体将含有硅元素材料中的硅提取出来。因为莱普合金的超高硬度，被击毁后不会发生爆炸。",
        "canOverdrive": false,
	"outputItem": {
	"item":"silicon", "amount":100},
	"itemCapacity": 500,
	"liquidCapacity": 200,
	"size": 4,
	"explosionRadius": 40,
    "explosionDamage":9000
	"craftEffect":{"type": "MultiEffect",
        "effects": [
        {"type": "ParticleEffect",
        "particles": 8,
        "sizeFrom": 8,
        "sizeTo": 0,
        "length": 35,
        "baseLength": 13,
        "lifetime": 35,
        "colorFrom": "73737390",
        "colorTo": "73737390",
        "cone": 360},
        {"type": "ParticleEffect",
        "particles": 12,
        "line":true,
        "length": 43,
        "baseLength": 3,
        "lifetime": 20,
        "colorFrom": "FFFFFF",
        "colorTo": "FFE176FF",
        "cone": 360},
        {"type": "ParticleEffect",
        "particles": 1,
        "sizeFrom": 0,
        "sizeTo": 45,
        "length": 0,
        "baseLength": 0,
        "lifetime": 10,
        "colorFrom": "FFFFFF80",
        "colorTo": "FFFFFF00",
        "cone": 360},
        {"type": "WaveEffect",
        "lifetime": 10,
        "sizeFrom": 0,
        "sizeTo": 45,
        "strokeFrom":3,
        "strokeTo": 0,
        "colorFrom": "FFFFFFFF",
        "colorTo": "FFFFFF00"}]},
	"hasPower": true,
	"hasLiquids": false,
	"hasItems": true,
	"craftTime": 30,
	"consumes": {
	"power": 10,
	  "liquid": {
    "liquid": "cryofluid",
    "amount": 1
        },
	"items": {
		"items": [
	"blast-compound/10",
	"sand/50",
	"饱和火力-裂位能/5",
	"thorium/10"
	]}
	},
	"requirements": [
	{ "item": "thorium", "amount": 70 },
	{ "item": "silicon", "amount": 80 },
	{ "item": "plastanium", "amount": 50 },
	{ "item": "饱和火力-裂位能", "amount": 30 },
	{ "item": "天临协议", "amount": 1}
	{ "item": "饱和火力-莱普合金", "amount": 50}
		],
        "ambientSound":"bang",
	"category": "crafting",
	"research": "silicon-crucible"
    
}