{
	"type": "GenericCrafter",
	"name": "裂解玻璃厂",
	"description": "利用裂位能的超高能量，将沙子里的二氧化硅以外的杂质蒸发并提纯二氧化硅 再使用矿渣将铅与二氧化硅结合形成玻璃",
	"outputItem": { "item": "metaglass", "amount": 300},
	"size": 3,
	"hasPower": true,
	"hasLiquids": true,
	"hasItems": true,
	"drawer":{
        "type":"DrawMulti",
        "drawers":[
            "DrawDefault",
            "DrawFlame"
            ]
    },
	"liquidCapacity": 200,
	"craftTime": 30,
	"itemCapacity": 500,
	"drawer":{
        "type":"DrawMulti",
        "drawers":[
            "DrawDefault",
            "DrawFlame"
            ]
    },
	"consumes": {
    "power":10.0,
    "liquid":{
	"liquid":"slag",
	"amount":0.3,
	"booster":false	},
    "items": {
	 "items": [
	  { "item": "sand", "amount": 300},
	  { "item": "lead", "amount": 100},
	  { "item": "饱和火力-裂位能", "amount": 10}
	  
	]
  }
 },
"requirements": [
	{ "item": "饱和火力-硅钢", "amount": 130 },
	{ "item": "饱和火力-莱普合金", "amount": 80},
	{ "item": "天临协议", "amount": 1 }
	],
	"category": "crafting",
	"research": "alloy-smelter"
}