{
	"type": "GenericCrafter",
	"name": "液体源框架建造厂",
	"description": "",
	"details":""
	"outputItems":["液体源框架/1",]//产出
	"size":2,//建筑大小
	"health":400,//血量
	"craftTime":480,//÷60
	"itemCapacity":40,//容量
	"consumes": {
    "power":8.33333333333,//×60
    "items":{
          "items":[
	            "物液板/25",
	            "纯白结晶/1",
	            "终点放置基座/1",
	]
	}
	}
    "requirements":[
                "copper/50",
                "物液板/50",
	],//建造材料
    "category": "liquid",
	"research":"源玻璃板",
	"idleSound":"respawning",
	"updateEffect":"smeltsmoke",
	"idleSoundVolume": 0.5
	"hasPower": true,
	"hasLiquids": false,
	"hasItems": true,
}