{
	"type": "GenericCrafter",
	"name": "电力源框架建造厂",
	"description": "",
	"details":""
	"outputItems":["电力源框架/1",]//产出
	"size":2,//建筑大小
	"health":600,//血量
	"craftTime":480,//÷60
	"itemCapacity":30,//容量
	"consumes": {
    "power":8.33333333333,//×60
    "items":{
          "items":[
	            "物液板/25",
	            "纯白结晶/1",
	            "终点放置基座/1",
	]
	}
	}
    "requirements":[
                "copper/10",
                "物液板/40",
	],//建造材料
    "category": "power",
	"research":"终点放置基座",
	"idleSound":"respawning",
	"updateEffect":"smeltsmoke",
	"idleSoundVolume": 0.5
	"hasPower": true,
	"hasLiquids": false,
	"hasItems": true,
}