{
	"type": "GenericCrafter",
	"name": "终点放置基座制造厂",
	"description": "高强度材料可以在上面放终极节点",
	"details":""
	"outputItems":["终点放置基座/1",]//产出
	"size":2,//建筑大小
	"health":1500,//血量
	"craftTime":480,//÷60
	"itemCapacity":50,//容量
	"consumes": {
    "power":8.3333333333333,//×60
    "items":{
          "items":[
	            "物液奇点/30","物液板/30",
	]
	}
	}
    "requirements":[
                "copper/50",
                "物液板/50",
	],//建造材料
    "category": "crafting",
	"research":"终点",
	"idleSound":"respawning",
	"updateEffect":"smeltsmoke",
	"idleSoundVolume": 0.5
	"hasPower": true,
	"hasLiquids": false,
	"hasItems": true,
}