{
  "type": "crawl", // 类型为 "crawl"
  "name": "T4", // 名称
  "health": 20000, // 生命值
  "armor": 35, // 护甲值
  "hitSize": 32, // 击中大小
  "omniMovement": false, // 非全向移动
  "rotateSpeed": 1.7, // 旋转速度为 1.7
  "drownTimeMultiplier": 4, // 溺亡时间倍数为 4
  "drawCell": false, // 不绘制细胞
  "segments": 4, // 分段数量为 4
  "drawBody": false, // 不绘制身体
  "hidden": false, // 不隐藏
  "crushDamage": 2, // 碾压伤害
  "targetAir": false, // 不可攻击空中单位
  "segmentScl": 4, // 分段缩放为 4
  "segmentPhase": 4, // 分段相位
  "speed": 1, // 移动速度为 1
  "controller": "HugAI", // 控制器为 "HugAI"
  "outlineColor": "2E2F34FF" // 轮廓颜色为 "2E2F34FF"
}