{
	"type": "UnitFactory",
	"name": "支援点",
	"description": "由星际指挥中心，所投放的传送门，由总指挥中心直接投放兵种，但需要电才可以使用",
    "health":575,
	"size":5,
	"consumes":{
		"power":80
		
	},
	"plans":[
    { "unit": "corvus", "time":3600, "requirements":["surge-alloy/1"]},
    { "unit": "toxopid", "time":3600, "requirements":["surge-alloy/1"]},
    { "unit": "reign", "time":3600, "requirements":["surge-alloy/1"]},
    { "unit": "oct", "time":3600, "requirements":["surge-alloy/1"]},
    { "unit": "omura", "time":3600, "requirements":["surge-alloy/1"]},
    { "unit": "navanax", "time":3600, "requirements":["surge-alloy/1"]},
    { "unit": "eclipse", "time":3600, "requirements":["surge-alloy/1"]},
	]
	"requirements": 
	[
    "silicon/1"
	],
	"category":"units",
}