{
    "type": "Reconstructor",
	"name": "倍增级坦克重构车间",
	"description": "建造重型战斗类坦克单位",
	"health": 3860,
	"size": 7,
	"constructTime": 5600,
	"consumes": {
		"power": 6,
		"items": {
		"items": [
		"titanium/750"
		"graphite/460"
        "plastanium/680",
        "silicon/680",
		]
		}
		"liquid": 
		{"liquid": "cryofluid","amount": 1.5}
	},
	"requirements": [
        "graphite/1600",
        "titanium/2400"
        "thorium/1200",
        "silicon/1200",
        "plastanium/650",
        "phase-fabric/580",
	],
	"upgrades": [
        ["4lt3爆发", "4lt4战争"],
        ["5lt3清扫", "5lt4探求"],
        ["6lt3强袭", "6lt4粉碎"],
	],
	"category": "units",
	"research": "指量级坦克重构车间"
}