{
    "type": "Reconstructor",
	"name": "变量级重构车间",
	"description": "输入原版T3单位制作新品种的T4单位，和原版重构器造价和重构时间一样",
	"details": "单位t3升级的新选择",
	"health": 3035,
	"size": 7,
	"constructTime": 5400,
	"consumes": {
		"power": 13,
		"items": {
		"items": [
		"titanium/850"
        "plastanium/750",
        "silicon/650",
		]
		}
		"liquid": 
		{"liquid": "cryofluid","amount": 1}
	},
	"requirements": [
        "lead/2000",
        "titanium/2000"
        "thorium/750",
        "silicon/1000",
        "plastanium/450",
        "phase-fabric/600",
	],
	"upgrades": [
        ["fortress", "1-lt4硝烟"],
        ["zenith", "1-kt4轮月"],
        ["bryde", "1-ht4暗礁"],
        ["quasar", "2-lt4闪辉"],
        ["mega", "2-kt4遗迹"],
        ["cyerce", "2-ht4鳐鱼"],
        ["spiroct", "3-lt4天牛"],
	],
	"category": "units",
	"research": "multiplicative-reconstructor"
}