{
    "type": "Reconstructor",
	"name": "指量级坦克重构车间",
	"description": "建造更高级的坦克单位",
	"health": 1580,
	"size": 5,
	"constructTime": 2100,
	"consumes": {
		"power": 6,
		"items": {
		"items": [
		"plastanium/80",
		"silicon/150",
		"metaglass/60",
		]
		}
	},
	"requirements": [
        "silicon/400",
        "graphite/680",
        "plastanium/350",
        "thorium/725",
	],
	"upgrades": [
        ["4lt2矛盾", "4lt3爆发"],
        ["5lt2包夹", "5lt3清扫"],
        ["6lt2突破", "6lt3强袭"],
	],
	"category": "units",
	"research": "坦克重构车间"
}