{
    "type": "Reconstructor",
	"name": "转机级重构车间",
	"description": "输入t4单位重构成t5单位",
	"details": "这还不是尽头",
	"health": 5830,
	"size": 9,
	"constructTime": 14400,
	"consumes": {
		"power": 25,
		"items": {
		"items": [
		"silicon/1000",
        "plastanium/600",
        "surge-alloy/500",
        "phase-fabric/350",
		]
		}
		"liquid": 
		{"liquid": "cryofluid","amount": 3}
	},
	"requirements": [
        "lead/4000",
        "thorium/1000",
        "silicon/3000",
        "plastanium/600",
        "phase-fabric/600",
        "surge-alloy/600",
	],
	"upgrades": [
        ["1-lt4硝烟", "1-lt5战火"],
        ["1-kt4轮月", "1-kt5月耀"],
        ["1-ht4暗礁", "1-ht5搁浅"],
        ["2-lt4闪辉", "2-lt5耀光"],
        ["2-kt4遗迹", "2-kt5复兴"],
        ["2-ht4鳐鱼", "2-ht5深海"],
        ["3-lt4天牛", "3-lt5圣甲虫"],
	],
	"category": "units",
	"research": "multiplicative-reconstructor"
}