{
	"type": "Wall",
	"category": "defense",
	"name":"大型铬墙",
	"description":"保护己方建筑,挡下敌方炮弹,被摧毁后会放出破片"
	/*"research": {
	"parent": "铬墙"
	"requirements": [
	"铬/800",
	]	}*/

	"requirements": [
	"铬/32"],

	"health":4800
	"armor":6
	"size":2
	"destroyBullet":{
	"damage":0
	"lifetime":0
	"despawnEffect":"none"
	"fragBullets":5
	"fragRandomSpread":100
	"fragBullet":{
	"damage":60
	"pierceArmor":true
	"lifetime":20
	"speed":4
	"despawnEffect":"none"
	}
	}
}