{
	"type": "Wall",
	"category": "defense",
	"name":"铬墙",
	"description":"保护己方建筑,挡下敌方炮弹,被摧毁后会放出破片"
	/*"research": {
	"parent": "钢墙"
	"requirements": [
	"铬/200",
	]	}*/

	"requirements": [
	"铬/8"],

	"health":1200
	"armor":6
	"size":1
	"destroyBullet":{
	"damage":0
	"lifetime":0
	"despawnEffect":"none"
	"fragBullets":2
	"fragRandomSpread":60
	"fragBullet":{
	"damage":55
	"pierceArmor":true
	"lifetime":20
	"speed":4
	"despawnEffect":"none"
	}
	}
}