{
    "type":"BurnerGenerator"
    "name": "涡轮发电机II型",
    "description": "第二代涡轮发电机，优化的设计使它能产出更多能量",
    "health": 500,
    "powerProduction": 10
    "baseExplosiveness": 10,
    "size": 2,
    "hasPower": true,
    "hasItems": true,
    "itemDuration": 90,
    "updateEffect": "smeltsmoke",
    "buildCostMultiplier":0.75
    "consumes": {
        "liquid": {
            "liquid": "water",
            "amount": 0.13
        }
    },
    "requirements": [
  { "item": "金属", "amount":120  },
  { "item": "B76钢", "amount": 80 }
		{ "item": "精炼硅", "amount": 100 },
		{ "item": "计算芯片", "amount": 50 }
    ],
    "category": "power",
    "research": "A3-16",
    "idleSound": "respawning",
    "idleSoundVolume": 0.5
}