{
	"type": "DecayGenerator",
	"name": "衰变发电机",
	"description":"一种通过放射性物质衰变产生能量的发电机",
	"health": 300,
	"itemCapacity":10
	"powerProduction": 7.5
	"baseExplosiveness": 15
	"size": 2
	"buildCostMultiplier":0.75
	"hasPower": true,
	"hasItems": true,
	"itemDuration" :480,
	"updateEffect": "smeltsmoke",
	"requirements": [
 	{ "item": "金属", "amount": 100 }
		{ "item": "精炼硅", "amount": 150 },
		{ "item": "聚合物", "amount": 100 }
		{ "item": "计算芯片", "amount": 80 },
	],
	"category": "power",
	"research": "A3-21",
	"idleSound": "respawning",
	"idleSoundVolume": 0.5
 }