{
	"name": "裂变反应堆II型",
	"description": "第二代裂变反应堆，优化的设计使它能够产出更多能量",
	"size": 3,
  "health": 4000,
	"hasPower": true,
	"baseExplosiveness":5000
	"hasItems": true,
	"itemCapacity": 50,
    "liquidCapacity": 200,
    "craftTime":180
    "itemDuration":180
	"powerProduction": 125,
	"ambientSoundVolume":0.7
	"explosionRadius":60
	"explosionDamage":10000
	"buildCostMultiplier":0.75
	"consumes": {
    "items": {
        "items": [ 
            { "amount": 2, "item":"精炼铀" }
        ],
        "optional": true
    },
    "liquid": {
        "liquid": "cryofluid",
        "amount": 0.2
    }
},
	"requirements": [
	 { "item": "金属", "amount": 300 }
		{ "item": "B76钢", "amount": 240 }
		{ "item": "精炼硅", "amount": 500 }
		{ "item": "聚合物", "amount": 240}
		{ "item": "计算芯片", "amount": 150 }
		{ "item": "晶体", "amount": 150 }
		{ "item": "星核", "amount": 50 }
	],
	"category": "power",
	"research": "裂变反应堆"
}
