{
	"type": "HeatProducer",
	"health": 220,
	"name": "产热厂",
	"description": "一个垃圾的产热",
"drawer":{
       "type":"DrawMulti",
       "drawers":[
           "DrawDefault",
           "DrawHeatOutput"]},
	//"outputItem":
	//{"item": "silicon", "amount": 3},
	//"itemCapacity": 15,
	"size": 1,
	"hasPower": true,
	"hasLiquids": false,
	"rotateDraw": false,
	//"hasItems": true,
	//"craftTime": 40,
	"heatOutput": 1,
	"consumes": {
	"power": 1,
	}
	"requirements": [
		{ "item": "beryllium", "amount":50 },
		{ "item": "graphite", "amount": 30}
		],
	"category": "crafting",
	"research": "beryllium"
}