{
	"type": "HeatCrafter",
	"category": "crafting", //菜单栏
	"name": "合金玉米",
	"description": "生产巨浪合金",
	"drawer": {
		"type": "DrawMulti",
		"drawers": [
			"DrawDefault",
			"DrawCultivator",
			{
				"type": "DrawRegion",
				"suffix": "-top"
			}
		]
	},
	"research": {
		"requirements": [ //建造消耗
	"耐热种子/1"
		]
	},
	"requirements": [ //建造消耗
		"耐热种子/1",
		"surge-alloy/45"
	],
	"outputItems": ["surge-alloy/5"]
	"health": 960,
	
	"itemCapacity": 30,
	"heatRequirement":4,
	"maxEffciency":2,
	"overheatScale":1,
	"liquidCapacity": 100,
	"size": 3,
	"craftTime": 370,
	"maxBoost": 5
    "research":"钨丝花"
}
	