{
	"type": "HeatCrafter",
	"category": "crafting", //菜单栏
	"name": "氧化晶树",
	"description": "生产氧化物",
	"drawer": {
		"type": "DrawMulti",
		"drawers": [
			"DrawDefault",
			"DrawCultivator",
			{
				"type": "DrawRegion",
				"suffix": "-top"
			}
		]
	},
	"research": {
		"requirements": [ //建造消耗
	"耐热种子/1"
		]
	},
	"requirements": [ //建造消耗
		"耐热种子/5",
		"oxide/40"
	],
	"outputItems": ["oxide/5"]
	"health": 960,
	
	"itemCapacity": 30,
	"heatRequirement":6,
	"maxEffciency":2,
	"overheatScale":1,
	"liquidCapacity": 100,
	"size": 3,
	"craftTime": 340,
	"maxBoost": 5
    "research":"硅聚古树"
}
	