{
	"type": "HeatCrafter",
	"category": "crafting", //菜单栏
	"name": "热缩墨草",
	"description": "生产石墨",
	"drawer": {
		"type": "DrawMulti",
		"drawers": [
			"DrawDefault",
			"DrawCultivator",
			{
				"type": "DrawRegion",
				"suffix": "-top"
			}
		]
	},
	"research": {
		"requirements": [ //建造消耗
	"耐热种子/1"
		]
	},
	"requirements": [ //建造消耗
		"耐热种子/15,
		"graphite/50
	],
	"outputItems": ["graphite/4"]
	"health": 960,
	"heatRequirement":3,
	"maxEffciency":2,
	"overheatScale":1,
	"itemCapacity": 30,
	"liquidCapacity": 100,
	"size": 2,
	"craftTime": 270,
	"maxBoost": 5
    "research":"石墨研究所"
}
	