{
	"type": "AttributeCrafter",
	"category": "crafting", //菜单栏
	"name": "爆果树",
	"description": "会爆炸的苹果，想吃吗？",
	"drawer": {
		"type": "DrawMulti",
		"drawers": [
			"DrawDefault",
			"DrawCultivator",
			{
				"type": "DrawRegion",
				"suffix": "-top"
			}
		]
	},
	"research": {
		"requirements": [ //建造消耗
	"原始种子/1"
		]
	},
	"requirements": [ //建造消耗
		"原始种子/5",
		"blast-compound/35"
	],
	"outputItems": ["blast-compound/5"]
	"health": 960,
	"attribute": "spores",
	"itemCapacity": 30,
	"liquidCapacity": 100,
	"size": 3,
	"craftTime": 340,
	"maxBoost": 5
    "research":"孢子研究所"
}
	