{
	"type": "HeatCrafter",
	"category": "crafting", //菜单栏
	"name": "相织桑树",
	"description": "用相织蚕的茧编织成相织布",
	"drawer": {
		"type": "DrawMulti",
		"drawers": [
			"DrawDefault",
			"DrawCultivator",
			{
				"type": "DrawRegion",
				"suffix": "-top"
			}
		]
	},
	"research": {
		"requirements": [ //建造消耗
	"耐热种子/1"
		]
	},
	"requirements": [ //建造消耗
		"耐热种子/6",
		"phase-fabric/65"
	],
	"outputItems": ["phase-fabric/5"]
	"health": 960,
	
	"itemCapacity": 30,
	"heatRequirement":15,
	"maxEffciency":3,
	"overheatScale":1,
	"liquidCapacity": 100,
	"size": 6,
	"craftTime": 520,
	"maxBoost": 5
    "research":"碳化古树"
}
	