{
	"type": "HeatCrafter",
	"category": "crafting", //菜单栏
	"name": "钍豆田（巨大化）",
	"description": "生产钍",
	"drawer": {
		"type": "DrawMulti",
		"drawers": [
			"DrawDefault",
			"DrawCultivator",
			{
				"type": "DrawRegion",
				"suffix": "-top"
			}
		]
	},
	"research": {
		"requirements": [ //建造消耗
	"耐热种子/1"
		]
	},
	"requirements": [ //建造消耗
		"耐热种子/4",
		"thorium/55"
	],
	"outputItems": ["thorium/10"]
	"health": 960,
	
	"itemCapacity": 30,
	"heatRequirement":8,
	"maxEffciency":2,
	"overheatScale":1,
	"liquidCapacity": 100,
	"size": 6,
	"craftTime": 670,
	"maxBoost": 5
    "research":"氧化晶树"
}
	