{
	"name": "强化裂位池",
	"health": 4000,
	"armor": 16,
	"requirements": [
		"silicon/360",
		"plastanium/160",
		"铬/200",
		"泰勒合金/160",
		"裂位能/90"
	],
	"drawer": {
		"type": "DrawMulti",
		"drawers": [
			"DrawDefault",
			{
				"type": "DrawPower",
				"emptyLightColor": "18473f",
				"fullLightColor": "FFD197"
			},
			{
				"type": "DrawRegion",
				"suffix": "-top"
			}
		]
	},
	"destroyBullet": {
		"type": "BasicBulletType",
		"instantDisappear": true,
		"collides": false,
		"hittable": false,
		"absorbable": false,
		"hitSound": "plasmaboom",
		"width": 16,
		"height": 16,
		"sprite": "circle-bullet",
		"shrinkY": 0,
		"hitShake": 8,
		"backColor": "FFD197",
		"frontColor": "FFFFFF",
		"hitEffect": {
			"type": "MultiEffect",
			"effects": [
				{
					"type": "ParticleEffect",
					"particles": 1,
					"sizeFrom": 60,
					"sizeTo": 8,
					"length": 0,
					"baseLength": 0,
					"lifetime": 18,
					"colorFrom": "FFD19780",
					"colorTo": "FFFFFF00"
				},
				{
					"type": "ParticleEffect",
					"particles": 20,
					"sizeFrom": 10,
					"sizeTo": 0,
					"length": 90,
					"baseLength": 0,
					"lifetime": 35,
					"colorFrom": "FFD197",
					"colorTo": "FFFFFF"
				},
				{
					"type": "WaveEffect",
					"lifetime": 30,
					"sizeFrom": 0,
					"sizeTo": 90,
					"strokeFrom": 11,
					"strokeTo": 0,
					"colorFrom": "FFD197",
					"colorTo": "FFFFFF"
				},
				{
					"type": "WaveEffect",
					"lifetime": 10,
					"sizeFrom": 1,
					"sizeTo": 90,
					"strokeFrom": 8,
					"strokeTo": 0,
					"colorFrom": "FFD197",
					"colorTo": "FFFFFF"
				}
			]
		},
		"despawnEffect": {
			"type": "ParticleEffect",
			"particles": 9,
			"line": true,
			"strokeFrom": 5,
			"strokeTo": 0,
			"lenFrom": 120,
			"lenTo": 0,
			"length": 1,
			"baseLength": 3,
			"lifetime": 22,
			"colorFrom": "FFFFFF",
			"colorTo": "FFD197"
		},
		"lightningDamage": 25,
		"lightning": 2,
		"lightningLength": 12,
		"lightningLengthRand": 6,
		"lightningColor": "FFD197",
		"status": "崩溃",
		"statusDuration": 180,
		"splashDamageRadius": 90,
		"splashDamage": 280
	},
	"consumes": {
		"powerBuffered": 937500
	},
	"size": 4,
	"type": "Battery",
	"category": "power",
	"research": {
		"parent": "裂位转化池",
		"objectives": [
			{"type": "SectorComplete","preset": "第五战区"}
		]
	}
}