{
	"type": "ConsumeGenerator",
	"name": "缓冲引擎",
	"size": 2,
	"health": 280,
	"hasItems": true,
	"itemDuration": 240,
	"powerProduction": 8,
	"itemCapacity": 10,
	"drawer": {
		"type": "DrawMulti",
		"drawers": [
			"DrawDefault",
			{
				"type": "DrawGlowRegion",
				"glowScale": 4,
				"alpha": 0.9
			}
		]
	},
	"generateEffect": "blastExplosion",
	"consumes": {
		"itemExplosive":{}
	},
	"requirements": [
		"metaglass/80",
		"titanium/80",
		"silicon/70",
		"水桶/5"
	],
	"ambientSound": "explosion",
	"ambientSoundVolume": 1.5,
	"category": "power",
	"research": "combustion-generator"
}