{
	"type": "NuclearReactor",
	"name": "镄反应堆",
	"size": 3,
	"health": 1600,
	"liquidCapacity": 36,
	"itemCapacity": 30,
	"hasItems": true,
	"hasLiquids": true,
	"outputsPower": true,
	"powerProduction": 72,
	"itemDuration": 300,
	"lightColor": "FFFFFF",
	"explosionShake": 9,
	"explosionShakeDuration": 120,
	"explosionRadius": 35,
	"explosionDamage": 9000,
	"explodeSound": "DBZ1",
	"explodeEffect": {
		"type": "MultiEffect",
		"effects": [
			{
				"type": "WaveEffect",
				"lifetime": 20,
				"sizeFrom": 0,
				"sizeTo": 320,
				"strokeFrom": 18,
				"strokeTo": 0,
				"colorFrom": "EEC591",
				"colorTo": "FFFFFF"
			},
			{
				"type": "ParticleEffect",
				"particles": 25,
				"interp": "pow10Out",
				"sizeInterp": "pow5In",
				"sizeFrom": 35,
				"sizeTo": 0,
				"length": 280,
				"baseLength": 0,
				"lifetime": 250,
				"colorFrom": "DEDEDE70",
				"colorTo": "DEDEDE70"
			},
			{
				"type": "ParticleEffect",
				"particles": 35,
				"interp": "pow10Out",
				"sizeInterp": "pow5In",
				"sizeFrom": 30,
				"sizeTo": 0,
				"length": 290,
				"baseLength": 0,
				"lifetime": 300,
				"colorFrom": "DEDEDE70",
				"colorTo": "DEDEDE70"
			},
			{
				"type": "ParticleEffect",
				"particles": 40,
				"interp": "pow10Out",
				"sizeInterp": "pow5In",
				"sizeFrom": 20,
				"sizeTo": 0,
				"length": 300,
				"baseLength": 0,
				"lifetime": 350,
				"colorFrom": "DEDEDE70",
				"colorTo": "DEDEDE70"
			},
			{
				"type": "ParticleEffect",
				"particles": 25,
				"line": true,
				"interp": "pow10Out",
				"sizeInterp": "pow3In",
				"strokeFrom": 3,
				"strokeTo": 0,
				"lenFrom": 150,
				"lenTo": 0,
				"length": 220,
				"baseLength": 60,
				"lifetime": 60,
				"colorFrom": "DEDEDE",
				"colorTo": "DEDEDE"
			},
			{
				"type": "ParticleEffect",
				"region":"饱和火力-福",
				"particles": 1,
				"sizeFrom": 400,
				"sizeTo": 0,
				"sizeInterp":"pow10In",
				"length": 0,
				"baseLength": 0,
				"lifetime": 600,
				"colorFrom": "FFFFFF",
				"colorTo": "FF5B5B"
			}
		]
	},
	"fuelItem": "镄",
	"heating": 0.006,
	"coolantPower": 3,
	"consumes": {
		"liquid":"cryofluid/0.18",
		"items": ["镄/1"]
	},
	"buildCostMultiplier": 0.88,
	"requirements": [
		"lead/300",
		"graphite/90",
		"metaglass/60",
		"镄/180",
		"硅钢/110"
	],
	"category": "power",
	"research": "thorium-reactor"
}