{
	"type": "GenericCrafter",
	"name": "太阳能硅厂",
	"description": "不使用电力制造硅，并且可自动开采煤炭以至于只需要沙子，代价是生产速度比较慢",
	"outputItem": {
		"item": "silicon",
		"amount": 2
		},
	"itemCapacity": 10,
	"size": 2,
	"craftEffect": "smeltsmoke",
	"hasPower": 1,
	"hasItems": 1,
	"craftTime": 80,
	"consumes": {
	    "items": {
	        "items": [
	            {
	                "item": "sand",
	                "amount": 1
	            }
	        ]
	    },
	},
	"requirements": [
		{ "item": "copper", "amount": 40 },
		{ "item": "lead", "amount": 45 },
		{ "item": "graphite", "amount": 10 }
	],
	"category": "crafting",
	"research": "silicon-smelter",
	"ambientSound": "smelter",
	"ambientSoundVolume": 0.025,
	"drawer":[
	    {
	        "type": "DrawDefault"
	    },
	    {
            "type": "DrawFlame",
            "flameRadius": 4,
            "flameRadiusIn": 1.7,
            "flameRadiusScl": 4,
            "flameRadiusMag": 1,
            "flameRadiusInMag": 0.5,
            "flameColor": "FFF04CFF"
	    }
	]
}