{
    "type": "tank",//类型
    "name":"被感染的破坏"
    "description":"强大的陆地单位，发射爆破性矿渣子弹。\n专为摧毁建筑设计，用来对付单位时不能保证命中率。",//介绍
	"details":""
    "squareShape":false//方形影子
    "omniMovement":false//同时移动（诡异漂移）
    "drawCell":false,//队伍标识
    "drownTimeMultiplier":2,//淹死时间
    "rotateMoveFirst":true//履带先移动
    "rotateSpeed":1//履带速度
    "envDisabled":0
    "speed":0.6//速度
    "hitSize":26//碰撞箱
    "treadPullOffset":3//履带拉力
    "rotateSpeed":3//转头速度
    "health":1500
    "armor":0
    "range":180
    "itemCapacity":20//物品容量
    "singleTarget": false,//只有一个目标
    "immunities": [
        "melting",
        "burning"
        ],//状态豁免
	"weapons": [//武器
		{"name": "被感染的破坏武器",//武器贴图
		"mirror": false,
		"x":0,"y":0,//位置
		"rotateSpeed":3//转头速度
		"shake":1,
		"rotate": true,//转向
		"shootSound" : "shootBig",
		"reload":90,//攻速
		"top": true,//旋转
		"ejectEffect": "casing2Double",//抛壳特效
		"inaccuracy":4,//不准确度
		"alternate":false,//轮流射击
		"shootCone":30,
		"shoot": {
    "type": "shootBarrel",
    "shots": 2,//射击数量
    "barrels": [-10,8,0,10,8,0],//炮口位置（左右，前后，偏角）
	"shotDelay": 0//连射间隔
}
		"bullet": {//子弹
			"type": "BasicBulletType",//类型
			"sprite":"large-orb",//子弹贴图
			"backColor":"9E78DCFF",
			//子弹边缘颜色
			"frontColor":"9E78DCFF",
			//子弹中心颜色
			"hitEffect": "blastExplosion",
			"knockback":0.8,//击退力
			"damage":8,//单体伤害
			"speed":4,//速度
			"width":12,"height":24,//宽长度
			"lifetime":40,//存在时间
			"shootEffect": "shootBig",//攻击特效
			"smokeEffect": "shootBigSmoke",//烟雾特效
			"splashDamageRadius": 32,//伤害范围
			"splashDamage": 18,//范围伤害
            "trailWidth":0,
            "trailLength":0,
            "trailColor":"9E78DCFF",//尾迹颜色
            "trailEffect":"missileTrail",
            "trailInterval" :3,//尾迹特效间隔
            "trailParam" :4,//尾迹特效大小
            "status":"melting",
            "statusDuration": 240//效果时长
            "despawnEffect":{
        "type":"multiEffect",
"effects":[
{
"type":"ParticleEffect",
"lifetime": 90,"offsetX":0,
"colorFrom":"9E78DCFF",//开始时颜色
"colorTo":"9E78DCFF20",//结束时颜色
"particles":12,//粒子数量
"randLength":true,//兰德长度？
"cone":360,//粒子扩散角度
"length":32,//粒子移动长度
"baseLength":6,//粒子在一定长度内出现
"useRotation":true,//使用旋转
"sizeFrom":4,//圆形从开始大小//粒子大小？？
"sizeTo":0,//圆形至结尾大小}
}
	]}
	    "hitEffect":{
        "type":"multiEffect",
"effects":[
{
"type":"ParticleEffect",
"lifetime": 90,"offsetX":0,
"colorFrom":"9E78DCFF",//开始时颜色
"colorTo":"9E78DCFF20",//结束时颜色
"particles":12,//粒子数量
"randLength":true,//兰德长度？
"cone":360,//粒子扩散角度
"length":32,//粒子移动长度
"baseLength":6,//粒子在一定长度内出现
"useRotation":true,//使用旋转
"sizeFrom":4,//圆形从开始大小//粒子大小？？
"sizeTo":0,//圆形至结尾大小}
}
	]}
		"fragBullets":1,
		"fragOnHit":true,//击中时分裂
		"fragBullet":{
"type": "BasicBulletType",
       "spawnUnit": "野性之心-孢子",
            "instantDisappear":true,//立刻消失
	        }
			}	}	],
}