{
"type":"PowerTurret",
    "name":"防空导弹", 
    "description":"向敌人射击导弹", 
    "health":3900,
	"reload":152,
    "shootCone":360,
    "rotateSpeed":5,
     "alwaysUnlocked": false,
        "recoilTime": 15,//后坐力恢复时间
	"hasLiquids": true,
	"hasShadow":false
	"LiquidsCapacity":30
    "targetAir" :true,
	"targetGround": false,
    "range":400,
    "recoil":3,
    "size":3,
    "shoot":{
	    "type":"ShootSpread",
	    "shots":2
	    "shotDelay":76,
	    "barrels":2,
		"spread":3
	},
	"inaccuracy": 0,
    "shootSound":"小导弹炮",
    "shootY":0,
    "shootX":0,
    "shootType":{
    "collidesAir": true
    "collidesGround": false,
    "speed": 5,  
	    "lifetime":84,
		"width": 8,"height": 8,
		"sprite":"missile",
		"homingRange": 9999,
            "homingPower": 0.5,
		"damage":2000
		"shootEffect": "shootSmall",
        "backColor": "FFFFFFFF",
				"frontColor": "FFFFFFFF",
        "fragLifeMin":0.1,
       },
	"requirements": [
    { "item": "钱", "amount": 180},],
	 "researchCostMultiplier": 1.2
	"category": "turret",
	"research": "机炮"
	
}