{
  "type":"ItemTurret",
  "name":"火箭巢mk4贝塔",
  "description":"Mk4贝塔型在mk3型上进行加强，贝塔型虽然发射时间快，但是攻击力较低",
  "health":1700,
  "size":4,
  "targetAir":true
  "targetGround":true
  "rotatespeed": 2.5,
  "recoil": 0.25,
  "restitution": 10,
  "inaccuracy": 0,
  "maxAmmo": 115,
  "burstSpacing":0,
  "reload":40,
  "range":280,
  "shots":7
  "shootSound":"missile1"
  "ammo": {
       "近程导弹": {
      "damage": 35,
      "hitSize": 6,
      "pierce": false,
      "bulletWidth": 15,
      "bulletHeight": 15,
      "homingPower":3,
      "homingRange":200,
      "bulletSprite":"冰霜工业-导弹"
      "lifetime":400,
      "incendChance": 20,
      "ammoMultiplier": 3
      "backColor":fjfjfj
      "frontColor":fjfjfj
      "type":"MissileBulletType"
      "speed":9
      }
       "plastanium": {
      "damage": 34,
      "hitSize": 5,
      "pierce": false,
      "bulletWidth": 14,
      "bulletHeight": 14,
      "homingPower":0.5,
      "homingRange":100,
      "lifetime":300,
      "incendChance": 20,
      "ammoMultiplier": 3
      "bulletSprite":"冰霜工业-导弹"
      "backColor":e8ffbd
      "frontColor":e8ffbd
      "type":"MissileBulletType"
      "speed":6
      "fragBullet":{
       "fragBullets":1
       "damage":1
       "lifetime":7
       }
      }
       "surge-alloy": {
      "damage": 40,
      "hitSize": 6,
      "pierce": false,
      "bulletSprite":"冰霜工业-导弹"
      "bulletWidth": 17,
      "bulletHeight": 17,
      "homingPower":1,
      "homingRange":150,
      "lifetime":300,
      "incendChance": 20,
      "ammoMultiplier": 3
      "backColor":fdffb7
      "frontColor":fff668
      "type":"MissileBulletType"
      "speed":8
      "fragBullet":{
      "lightning":4
      "lifetime":1
      "shootType":"lightning"
      "damage":2
      }
      }
      "blast-compound": {
      "damage": 38,
      "hitSize": 6,
      "pierce": false,
      "bulletWidth": 17,
      "bulletHeight": 17,
      "bulletSprite":"冰霜工业-导弹"
      "homingPower":1,
      "homingRange":300,
      "lifetime":300,
      "status":"melting"
      "incendChance": 20,
      "ammoMultiplier": 3
      "backColor":ffcdc7
      "frontColor":ffcdc7
      "type":"MissileBulletType"
      "speed":6
   }
         "pyratite": {
      "damage": 30,
      "hitSize": 6,
      "bulletSprite":"冰霜工业-导弹"
      "pierce": false,
      "bulletWidth": 17,
      "bulletHeight": 17,
      "homingPower":1,
      "homingRange":300,
      "lifetime":300,
      "status":"burning"
      "incendChance": 20,
      "ammoMultiplier": 3
      "backColor":ffce31
      "frontColor":ffecad
      "type":"MissileBulletType"
      "speed":6
   }
  },
  "requirements": [
  { "item": "silicon", "amount": 180}
  { "item": "titanium", "amount": 300}
  { "item": "繁殖合金", "amount": 120}
  { "item": "低级电路板", "amount": 150}
  ],
  "category": "turret",
  "research": "火箭巢mk3"
}
