{
  "type":"ItemTurret",
  "name":"火箭巢mk1",
  "description":"一种便宜，实惠，实用性强的实验型火箭弹发射器",
  "health":300,
  "size":1,
  "targetAir":true
  "targetGround":true
  "rotatespeed": 2,
  "recoil": 0.5,
  "restitution": 10,
  "inaccuracy": 0,
  "maxAmmo": 10,
  "burstSpacing":0,
  "reload":40,
  "range":150,
  "shots":3
  "shootSound":"missile1"
  "ammo": {
    "lead": {
      "damage": 10,
      "hitSize": 5,
      "pierce": false,
      "bulletSprite":"冰霜工业-导弹"
      "bulletWidth": 10,
      "bulletHeight": 10,
      "homingPower":1,
      "homingRange":100,
      "lifetime":200,
      "incendChance": 20,
      "ammoMultiplier": 2
      "backColor":fjfjfj
      "frontColor":fjfjfj
      "type":"MissileBulletType"
      "speed":4
    }
     "silicon": {
      "damage": 13,
      "hitSize": 5,
      "pierce": false,
      "bulletSprite":"冰霜工业-导弹"
      "bulletWidth": 12,
      "bulletHeight": 12,
      "homingPower":1.5,
      "homingRange":120,
      "lifetime":200,
      "incendChance": 20,
      "ammoMultiplier": 2
      "backColor":hhhhhh
      "frontColor":hhhhhh
      "type":"MissileBulletType"
      "speed":3
      }
       "plastanium": {
      "damage": 20,
      "hitSize": 6,
      "bulletSprite":"冰霜工业-导弹"
      "pierce": false,
      "bulletWidth": 15,
      "bulletHeight": 15,
      "homingPower":1,
      "homingRange":150,
      "lifetime":200,
      "incendChance": 20,
      "ammoMultiplier": 2
      "backColor":e8ffbd
      "frontColor":eaffc4
      "type":"MissileBulletType"
      "speed":4
      "fragBullet":{
       "damage": 1
       "fragBullets":4
       "lifetime":10
       }
      }
  },
  "requirements": [
  { "item": "silicon", "amount": 20}
  { "item": "copper", "amount": 40}
  ],
  "category": "turret",
  "research": "duo"
}
