{
  "type":"ItemTurret",
  "name":"火箭巢mk2",
  "description":"Mk2型在mk1型上进行加强，可以发射强大导弹，具有强大的破坏型。在此版本上演化出了“火箭巢mk21”，是蜂群的前身。但因为是实验型，所以通用能力欠佳",
  "health":600,
  "size":2,
  "targetAir":true
  "targetGround":true
  "rotatespeed": 2.5,
  "recoil": 0.5,
  "restitution": 10,
  "inaccuracy": 0,
  "maxAmmo": 15,
  "burstSpacing":0,
  "reload":45,
  "range":160,
  "shots":5
  "shootSound":"missile1"
  "ammo": {
    "lead": {
      "damage": 11,
      "hitSize": 5,
      "pierce": false,
      "bulletSprite":"冰霜工业-导弹"
      "bulletWidth": 11,
      "bulletHeight": 11,
      "homingPower":1.75,
      "homingRange":130,
      "lifetime":260,
      "incendChance": 20,
      "ammoMultiplier": 2
      "backColor":fjfjfj
      "frontColor":fjfjfj
      "type":"MissileBulletType"
      "speed":5
    }
     "silicon": {
      "damage": 14,
      "hitSize": 6,
      "bulletSprite":"冰霜工业-导弹"
      "pierce": false,
      "bulletWidth": 11,
      "bulletHeight": 11,
      "homingPower":3,
      "homingRange":180,
      "lifetime":300,
      "incendChance": 20,
      "ammoMultiplier": 2
      "backColor":fjfjfj
      "frontColor":fjfjfj
      "type":"MissileBulletType"
      "speed":6
      }
       "近程导弹": {
      "damage": 18,
      "bulletSprite":"冰霜工业-导弹"
      "hitSize": 6,
      "pierce": false,
      "bulletWidth": 15,
      "bulletHeight": 15,
      "homingPower":3,
      "homingRange":200,
      "lifetime":400,
      "incendChance": 20,
      "ammoMultiplier": 2
      "backColor":fjfjfj
      "frontColor":fjfjfj
      "type":"MissileBulletType"
      "speed":7
      }
       "plastanium": {
      "damage": 15,
      "bulletSprite":"冰霜工业-导弹"
      "hitSize": 5,
      "pierce": false,
      "bulletWidth": 14,
      "bulletHeight": 14,
      "homingPower":0.5,
      "homingRange":100,
      "lifetime":300,
      "incendChance": 20,
      "ammoMultiplier": 2
      "backColor":e8ffbd
      "frontColor":e8ffbd
      "type":"MissileBulletType"
      "speed":4
      "fragBullet":{
       "fragBullets":1
       "damage":1
       "lifetime":7
       }
      }
       "surge-alloy": {
      "damage": 19,
      "bulletSprite":"冰霜工业-导弹"
      "hitSize": 6,
      "pierce": false,
      "bulletWidth": 17,
      "bulletHeight": 17,
      "homingPower":1,
      "homingRange":150,
      "lifetime":300,
      "incendChance": 20,
      "ammoMultiplier": 3
      "backColor":fdffb7
      "frontColor":fff668
      "type":"MissileBulletType"
      "speed":7
      "fragBullet":{
      "lightning":4
      "lifetime":1
      "damage":2
      }
      }
  },
  "requirements": [
  { "item": "silicon", "amount": 60}
  { "item": "copper", "amount": 100}
  { "item": "低级电路板", "amount": 20}
  ],
  "category": "turret",
  "research": "火箭巢mk1"
}
