{
	"name": "修复单位生成器",
	"type": "DroneCenter",
	"description": "生成修复建筑的单位"
	"health":300,
	"unitsSpawned": 1,//最高单位生成数量
	"status": none
	"droneConstructTime": 60,
	"size": 3,
	"droneType": "1级修复单位"
	"configurable": true,//有没有被点击效果？(类似于物品源分类器和发射终端)
	//把这个值关闭后，点击方块将不会触发任何效果
	//可以用这个方法解决莫名其妙的连接问题
	"requirements": [
	"silicon/50"
	"简易芯片/35"
	"硅钢/65"
	],
	"category": "effect",
	"consumes": {
	    "power": 2,
    },
	"research": "硅粗制机"
}