{
    /*以下内容拥有默认值
    public float polyStroke = 1.8f, polyRadius = 8f;
    public int polySides = 6;
    public float polyRotateSpeed = 1f;
    public Color polyColor = Pal.accent;
        solid = true;
        update = true;
        hasItems = true;
        itemCapacity = 200;
        ambientSound = Sounds.respawning;
    */
    "type": "UnitCargoLoader"
    "name": "初级空中物流装载器"
    "size": 3
    "unitType": "初级物流机"
    "buildTime": 500
          "hasItems": true
          "haspower": true
            "consumes": {
    "power": 9,
  }
  //"polyColor":"FFFFFFF"
        "itemCapacity": 100
    "requirements": [
        "进阶芯片/55"
        "graphite/85"
        "titanium/75"
    ],
}