{
    /*以下内容拥有默认值
    public float polyStroke = 1.8f, polyRadius = 8f;
    public int polySides = 6;
    public float polyRotateSpeed = 1f;
    public Color polyColor = Pal.accent;
        solid = true;
        update = true;
        hasItems = true;
        itemCapacity = 200;
        ambientSound = Sounds.respawning;
    */
    "type": "UnitCargoLoader"
    "name": "空中物流装载器"
    "size": 2
    "unitType": "mono"
    "buildTime": 1500
          "hasItems": true
          "haspower": true
            "consumes": {
    "power": 11.2,
  }
  "polyColor":"B5FF75FF"
        "itemCapacity": 0
    "requirements": [
        "碳酸硅/55"
        "graphite/85"
        "titanium/75"
    ],
}