{
	"name": "重型修复塔",
	"description": "创造一个大型的修复立场，修复速度比小型更快",
	"type": "RegenProjector",
	"range":80
	"healPercent":0.045
	"health": 800,
	"size": 3,
	"armor":22,
	"hasBoost":false
		"consumes": {
		"power": 14,
		"items": {
			"items": [
				"硅钢/10"
			],
			"booster": true
		}
	},
	"researchCostMultiplier": 20,
	"baseColor":"FFD98CFF"
	"rotateDraw":false
	"requirements": [
		{ "item": "plastanium", "amount": 140 }
	{ "item": "phase-fabric", "amount": 75 }
		{ "item": "graphite", "amount": 185 }
		{ "item": "thorium", "amount": 145 }
		{ "item": "titanium", "amount": 170 }
		{ "item": "silicon", "amount": 160 }
	],
	"category": "effect",
	"research": "修复塔"
}