{
    // 类型为 "UnitFactory"，可能表示单位工厂
    "type": "UnitFactory",
    // 名称为 "初代培养皿"
    "name": "初代培养皿",
    // 生命值为 3000
    "health": 3000,
    // 尺寸大小为 2
    "size": 2,
    // 消耗相关
    "consumes": {
        // 消耗的液体为 "血液"，数量为 0.6
        "liquid": "血液/0.6"
    },
    // 生产计划列表
    "plans": [
        {
            // 生产的单位为 "虫1"
            "unit": "虫1",
            // 生产时间为 60
            "time": 600,
            // 生产所需物品
            "requirements": [
                "营养块/30",
                "骨头/30"
            ]
        },
        {
            "unit": "虫2",
            "time": 600,
            "requirements": [
                "营养块/50",
                "骨头/10"
            ]
        },
        {
            "unit": "虫3",
            "time": 600,
            "requirements": [
                "营养块/60",
                "骨头/5"
            ]
        },
        {
            "unit": "虫4",
            "time": 600,
            "requirements": [
                "营养块/55",
                "骨头/10"
            ]
        },
        {
            "unit": "虫5",
            "time": 600,
            "requirements": [
                "营养块/10",
                "骨头/60"
            ]
        },
        {
            "unit": "虫6",
            "time": 600,
            "requirements": [
                "营养块/50",
                "骨头/50"
            ]
        },
        {
            "unit": "虫7",
            "time": 600,
            "requirements": [
                "营养块/50",
                "骨头/55"
            ]
        },
        {
            "unit": "虫8",
            "time": 600,
            "requirements": [
                "营养块/55",
                "骨头/55"
            ]
        }
    ],
    // 建造所需物品
    "requirements": [
        "营养块/80",
        "骨头/60"
    ],
    // 所属类别为 "units"，可能表示单位类别
    "category": "units",
    // 研究需求为 "初代巢穴"
    "research": "初代巢穴"
}
