{
    // 类型为 "UnitFactory"，可能表示单位工厂
    "type": "UnitFactory",
    // 名称为 "次代培养皿"
    "name": "次代培养皿",
    // 生命值为 3000
    "health": 8000,
    // 尺寸大小为 4
    "size": 4,
    // 消耗相关
    "consumes": {
        // 消耗的液体为 "血液"，数量为 0.6
        "liquid": "血液/1.4"
    },
    // 生产计划列表
    "plans": [
        {
            // 生产的单位为 "虫1"
            "unit": "虫1",
            // 生产时间为 60
            "time": 400,
            // 生产所需物品
            "requirements": [
                "营养块/30",
                "骨头/30"
            ]
        },
        {
            "unit": "虫2",
            "time": 400,
            "requirements": [
                "营养块/50",
                "骨头/10"
            ]
        },
        {
            "unit": "虫3",
            "time": 400,
            "requirements": [
                "营养块/60",
                "骨头/5"
            ]
        },
        {
            "unit": "虫4",
            "time": 400,
            "requirements": [
                "营养块/55",
                "骨头/10"
            ]
        },
        {
            "unit": "虫5",
            "time": 400,
            "requirements": [
                "营养块/10",
                "骨头/60"
            ]
        },
        {
            "unit": "虫6",
            "time": 400,
            "requirements": [
                "营养块/50",
                "骨头/50"
            ]
        },
        {
            "unit": "虫7",
            "time": 400,
            "requirements": [
                "营养块/50",
                "骨头/55"
            ]
        },
        {
            "unit": "虫8",
            "time": 400,
            "requirements": [
                "营养块/55",
                "骨头/55"
            ]
        }
        {
            // 生产的单位为 "虫1"
            "unit": "虫9",
            // 生产时间为 60
            "time": 1200,
            // 生产所需物品
            "requirements": [
                "营养块/120",
                "骨头/140"
            ]
        },
        {
            "unit": "虫a",
            "time": 1200,
            "requirements": [
                "营养块/200",
                "骨头/100"
            ]
        },
        {
            "unit": "虫b",
            "time": 1200,
            "requirements": [
                "营养块/160",
                "骨头/150"
            ]
        },
        {
            "unit": "虫c",
            "time": 1200,
            "requirements": [
                "营养块/155",
                "骨头/100"
            ]
        },
        {
            "unit": "虫d",
            "time": 1200,
            "requirements": [
                "营养块/100",
                "骨头/160"
            ]
        },
        {
            "unit": "虫e",
            "time": 1200,
            "requirements": [
                "营养块/150",
                "骨头/150"
            ]
        },
    ],
    // 建造所需物品
    "requirements": [
        "营养块/350",
        "骨头/300"
        "初级突变/15"
    ],
    // 所属类别为 "units"，可能表示单位类别
    "category": "units",
    // 研究需求为 "初代培养皿"
    "research": "初代培养皿"
}
