{
    "type": "UnitFactory",
    "name": "alpha级辅助单位制造厂",
    "category": "units",
    "requirements": [
	"lead/120",
	"化钢/60",
	"火石矿/50",
	"copper/150",
	"silicon/100"
    ],
    "health": 750,
    "plans": [
        {
            "unit": "简易建造机",
            "time": 1800.00,
            "requirements": [
            "copper/80",
            "lead/75",
            "silicon/50",
            "titanium/25"
            ]
        }
    ],
    "size": 3,
    "consumes": {
        "power": 1.5,
    }
    "category": "units",
    "research": {
    "parent": "alpha级辅助单位制造厂",
    "objectives": [
        {
            "type": "SectorComplete",
            "preset": "风沙地"
        }
    ]
	"requirements": [
	"lead/300",
    "titanium/120",
	"copper/360",
	"silicon/320"
	]	
},
}