{
	"type": "flying",
	"name": "死寂",
    "description": "提高伤害来与生命守护核心，同时发射出阻止敌人的子弹"	
    "details": "一代战神就此被削",
	"trailLength": 3.5,
	"trailColor": "DEEDFFFF",
	"mining":true,
	"mineWalls":true,
	"mineSpeed":8.5,
	"mineTier":3,
	"speed":7.5,
	"drag": 0.05,
	"accel": 0.1,
	"rotateSpeed": 10,
	"ammoType": {
		"type": "PowerAmmoType",
		"totalPower": 100
	},
	"ammoCapacity": 300,
	"hitSize": 8,
	"buildSpeed": 2.5,
	"flying": true,
	"faceTarget": true,
	"drawMinimap": true,
	"health": 450,
	"armor": 1,
	"engineOffset": 3,
	"engineSize": 2,
	"itemCapacity": 120,
	"weapons": [
		{
			"name": "none",
			"x": 0,
			"y": 0,
			"reload": 40,
			"shootSound": "missile",
            "bullet": {
                "buildingDamageMultiplier": 0.01,
                "damage": 25,
                "status": "失灵",
                "statusDuration": 300,
                "speed": 0.5,
                "lifetime": 64,
                "width": 8,
                "height": 13",
				"splashDamageRadius": 12,
				"splashDamage": 13,
				"hitEffect": {
					"type": "WaveEffect",
					"lifetime": 20,
					"sizeFrom": 1,
					"sizeTo": 16,
					"strokeFrom": 8,
					"strokeTo": 0,
					"colorFrom": "c0ecff",
					"colorTo": "c0ecff"
				},
				"despawnEffect": "none",
				"width": 8,
				"height": 8,
				"trailLength": 2,
				"trailWidth": 2,
				"trailColor": "c0ecff",
				"shootEffect": "none",
				"smokeEffect": "none",
				"speed": 5,
				"lifetime": 41
			}
		}
	]
}