{
	"type": "flying",
	"name": "突变",
	"speed": 2.8,
	"drag": 0.05,
	"accel": 0.1,
	"rotateSpeed": 7,
	"ammoType": {
		"type": "PowerAmmoType",
		"totalPower": 800
	},
	"ammoCapacity": 360,
	"hitSize": 12,
	"flying": true,
	"faceTarget": true,
	"drawMinimap": false,
	"health": 200,
	"armor": 2,
	"engineOffset": 0,
	"engineSize": 0,
	"itemCapacity": 100,
		"research": "空1",
	"requirements": {
		"block": "additive-reconstructor",
		"previous": "空1"
	},
		"weapons": [
		{
			"name": "none",
			"reload": 45,
			"x": 3,
			"y": 0,
			"top": false,
			"rotate": false,
			"inaccuracy": 0,
			"shootCone": 60,
			"alternate": true,
			"shootSound": "missileLaunch",
			"shake": 5,
			"bullet": {
				"keepVelocity": false,
				"speed": 0,
				"shootEffect": "none",
				"smokeEffect": "shootSmallFlame",
				"spawnUnit": "导弹.小"
			},
			},
		{
			"name": "none",
			"x": 0,
			"y": 2,
			"reload": 120,
			"top": false,
			"rotate": false,
		"shoot":{
				"shots":8,
				"shotDelay":2,
				"type":"ShootBarrel",
				"barrels":[
					0,0,0,
				]	},
			"bullet": {
				"sprite": "circle-bullet",
				"shrinkY": 0,
				"frontColor": "FFFFFF",
				"backColor": "FFAA00FF",
				"shootEffect": "none",
				"smokeEffect": "none",
				"damage": 10,
				"width": 4,
				"height": 8,
				"speed": 8,
				"lifetime": 32
			}
		},
	]
}