{
	"type": "tank",
	"name": "冲击",
	"description": "向附近敌人发射大口径子弹。",
	"details": "[red]击破敌人的装甲！",
	"squareShape": true,
	"mass": 10
	"omniMovement": false,
	"rotateMoveFirst": false,
	"rotateSpeed": 1.8,
	"speed": 0.8,
	"hitSize": 19,
	"ammoCapacity": 300,
	"health": 1000,
	"armor": 5,
	"drag": 0.08,
	"accel": 0.1,
	"itemCapacity": 5,
	"treadPullOffset": 3,
	"treadRects": [
		{
			"x": 4,
			"y": 2.75,
			"width": 2,
			"height": 4.5
		},
		{
			"x": 4,
			"y": -4.5,
			"width": 2,
			"height": 4.5
		}
	],
	"faceTarget": false,
	"research": "陆1",
	"requirements": {
		"block": "additive-reconstructor", 
		"previous": "陆1"
	},
	"weapons": [
		{
			"name": "蜂蜜",
			"x": 0
			"reload": 10,
			"shootY": 2,
			"rotate": true,
			"alternate": false,
			"rotateSpeed": 4
			"inaccuracy": 0,
			"top": true,
			"shootSound": "flame",
			"ejectEffect": "none",
			"cooldownTime": 120,
			"bullet": {
				"type": "BulletType",
				"lifetime": 10,
				"speed": 11,
				"knockback": 0.42,
				"damage": 34.6,
				"ammoMultiplier": 3,
				"incendAmount": 1,
				"incendSpread": 8,
				"incendChance": 0.2,
				"hittable": false,
				"absorbable": false,
				"pierce": true,
				"makeFire": true,
				"pierceBuilding": true,
				"pierceCap": 6,
				"shootEffect": "shootPyraFlame",
				"smokeEffect": {
					"type": "ParticleEffect",
					"particles": 10,
					"line": true,
					"strokeFrom": 1.2,
					"strokeTo": 0,
					"lenFrom": 30,
					"lenTo": 8,
					"length": 100,
					"baseLength": 0,
					"lifetime": 24,
					"colorFrom": "FFFFFF",
					"colorTo": "FFE176FF",
					"cone": 20
				},
				"hitEffect": {
					"type": "ParticleEffect",
					"particles": 4,
					"lifetime": 20,
					"sizeFrom": 3,
					"sizeTo": 0,
					"colorFrom": "FF8C00",
					"colorTo": "FF8C00"
				},
				"despawnEffect": "none",
				"statusDuration": 360,
				"status": "burning"
			}
		}
	]
}