{
    "type": "naval",
    "name": "水晶梭鱼",
    "controller": "GroundAI",
    "description": "超远距离的海上打击能力！源源不断的发射子弹和导弹",
    "speed": 2.35,
    "rotateSpeed": 3,
    "ammoType": "graphite",
    "ammoCapacity": 60,
    "trailLength": 24,
    "waveTrailX": 0,
    "waveTrailY": -6,
    "trailScl": 2,
    "hitSize": 10,
    "health": 1300,
    "research": "risso",
    "armor": 250,
    "faceTarget": false,
    "weapons": [
        {
            "name": "梭鱼1",
            "reload": 2,
            "recoil": 0.6,
            "shootY": 3,
            "x": 3.5,
            "y": 0,
            "rotate": true,
            "rotateSpeed": 6,
            "inaccuracy": 0.5,
            "ejectEffect": "casing1",
            "shootSound": "pew",
            "bullet": {
                "damage": 96,
                "speed": 9,
                "lifetime": 20,
                "width": 8.5,
                "height": 8.5
            }
        },
        {
            "name": "梭鱼2",
            "mirror": false,
            "reload": 20,
            "x": 0,
            "y": 0,
            "shoot": {
                "type": "ShootBarrel",
                "barrels": [
                    0,
                    0,
                    -15,
                    0,
                    0,
                    15
                ]
            },
            "shootCone": 360,
            "shootSound": "mineDeploy",
            "ignoreRotation": true,
            "rotate": true,
            "rotateSpeed": 0,
            "inaccuracy": 0,
            "bullet": {
                "damage": 925,
                "splashDamageRadius": 35,
                "splashDamage": 45,
                "homingRange": 250,
                "homingDelay": 8,
                "homingPower": 0.1,
                "absorbable": false,
                "collidesAir": false,
                "collideFloor": true,
                "shootEffect": "none",
                "smokeEffect": "none",
                "hitEffect": "flakExplosionBig",
                "hitSound": "explosion",
                "despawnEffect": "flakExplosionBig",
                "sprite": "missile",
                "trailLength": 6,
                "trailWidth": 1.2,
                "trailColor": "596ab8",
                "backColor": "596ab8",
                "frontColor": "FFFFFF",
                "trailChance": 1,
                "trailInterval": 2,
                "trailEffect": {
                    "type": "ParticleEffect",
                    "particles": 3,
                    "sizeFrom": 1,
                    "sizeTo": 3,
                    "lifetime": 45,
                    "interp": "pow10Out",
                    "baseLength": 3,
                    "cone": 30,
                    "length": -35,
                    "colorFrom": "596ab8",
                    "colorTo": "596ab800"
                },
                "trailRotation": true,
                "width": 16.5,
                "height": 40.5,
                "speed": 5,
                "lifetime": 145
            }
        }
    ]
}