{
    "type": "flying",
    "name": "水晶星辉",
    "controller": "FighterAI",
    "description": "将水晶之力注入星辉，将炮管移至体外，能进行超远距离的打击，即使装甲，血量，速度得到了很大强度的提升，也无法改变他是一个[yellow]T1单位[white]的事实",
    "speed": 5.75,
    "flying": true,
    "turnCursor": true,
    "engineOffset": 5,
    "targetAir": true,
    "range": 0.5,
    "faceTarget": true,
    "targetFlag": "generator",
    "circleTarget": true,
    "engineSize": 3,
    "hitSize": 8,
    "targetGround": true,
    "health": 340,
    "armor": 50,
    "mineSpeed": 0,
    "mineTier": 0,
    "buildSpeed": 0,
    "rotateSpeed": 15,
    "itemCapacity": 25,
    "commandLimit": 10,
    "rotateShooting": true,
    "research": "水晶兵工厂",
    "weapons": [
        {
            "name": "星辉小枪",
            "x": 4,
            "y": 4,
            "mirror": true,
            "reload": 5,
            "rotate": false,
            "shootEffect": "shootSmall",
            "shootSound": "shoot",
            "bullet": {
                "buildingDamageMultiplier": 0.1,
                "damage": 168,
                "backColor": "FF8C00",
                "frontColor": "FFB90F",
                "status": "burning",
                "statusDuration": 600,
                "speed": 5,
                "lifetime": 50,
                "width": 8,
                "height": 13
            }
        }
    ]
}