{
    "type": "mech",
    "name": "水晶新星",
    "controller": "GroundAI",
    "description": "水晶极大程度上强化了这一单位，尤其是在修复方面！",
    "details": "纳米抢修，小子！",
    "speed": 0.9,
    "hitSize": 12,
    "ammoType": {
        "type": "PowerAmmoType",
        "totalPower": 2200
    },
    "ammoCapacity": 700,
    "ammoResupplyAmount": 1,
    "health": 950,
    "canBoost": true,
    "research": "水晶兵工厂",
    "boostEffect": {
        "type": "CoreLand",
        "particles": 10,
        "sizeFrom": 10,
        "sizeTo": 20,
        "length": 5,
        "colorFrom": "ffffff",
        "colorTo": "ffffff00"
    },
    "boostMultiplier": 8.5,
    "armor": 150,
    "drag": 0.2,
    "rotateSpeed": 2.5,
    "itemCapacity": 30,
    "targetAir": true,
    "targetGround": true,
    "abilities": [
        {
            "type": "RepairFieldAbility",
            "amount": 40,
            "reload": 2,
            "range": 88
        }
    ],
    "weapons": [
        {
            "name": "新星小枪",
            "reload": 25,
            "x": 4.5,
            "y": 0,
            "shoot": {
                "shots": 12,
                "shotDelay": 6
            },
            "rotate": false,
            "shootY": 4.5,
            "top": false,
            "inaccuracy": 0,
            "alternate": false,
            "shootCone": 25,
            "shootSound": "lasershoot",
            "bullet": {
                "type": "LaserBoltBulletType",
                "frontColor": "FFFFFF",
                "backColor": "97FFA8FF",
                "damage": 7,
                "pierceCap": 1,
                "pierceBuilding": true,
                "pierceArmor": true,
                "speed": 7.6,
                "lifetime": 24,
                "width": 2,
                "height": 8
            }
        }
    ],
    "researchCostMultiplier": 10
}