{
    "type": "naval",
    "name": "水晶潜蜗",
    "controller": "GroundAI",
    "description": "向敌人发射追踪鱼雷，并修复己方单位。",
    "health": 1270,
    "armor": 385,
    "size": 2.25,
    "speed": 3.75,
    "research": "水晶兵工厂",
    "rotateSpeed": 3,
    "itemCapacity": 140,
    "craftTime": 150,
    "flying": false,
    "canBoost": false,
    "abilities": [
        {
            "type": "RepairFieldAbility",
            "amount": 40,
            "reload": 25,
            "range": 88
        }
    ],
    "weapons": [
        {
            "name": "追踪鱼雷",
            "reload": 0.5,
            "recoil": 0,
            "rotate": true,
            "rotateSpeed": 360,
            "shootCone": 4.0,
            "inaccuracy": 0,
            "shootSound": "torpedo",
            "bullet": {
                "type": "BasicBulletType",
                "damage": 150,
                "splashDamage": 333,
                "splashDamageRadius": 4.0,
                "homingPower": 0.1,
                "homingRange": 100,
                "lifetime": 60,
                "width": 8,
                "height": 8,
                "speed": 6,
                "shootEffect": "shootBig",
                "hitEffect": "explosion",
                "despawnEffect": "explosion"
            }
        },
        {
            "name": "修复光束",
            "reload": 1.22,
            "recoil": 0,
            "rotate": true,
            "rotateSpeed": 360,
            "shootCone": 360,
            "inaccuracy": 0,
            "shootSound": "repair",
            "bullet": {
                "type": "BasicBulletType",
                "damage": 0,
                "healPercent": 4,
                "healAmount": 45,
                "splashDamageRadius": 0,
                "lifetime": 60,
                "width": 5,
                "height": 8,
                "speed": 0.5,
                "shootEffect": "shootSmall",
                "hitEffect": "heal"
            }
        }
    ]
}