{
    "type": "flying",
    "name": "水晶独影",
    "controller": "BuilderAI",
    "description": "自动开采铜和铅，并将他们放入核心\n与原始的独影不同，它拥有更高的智慧",
    "ammoCapacity": 0,
    "ammoResupplyAmount": 0,
    "speed": 3.5,
    "flying": true,
    "turnCursor": true,
    "engineOffset": 5,
    "engineSize": 2,
    "hitSize": 0.75,
    "targetAir": true,
    "targetGround": true,
    "health": 500,
    "armor": 10,
    "mineSpeed": 5,
    "mineTier": 2,
    "buildSpeed": 0,
    "rotateSpeed": 10,
    "itemCapacity": 80,
    "commandLimit": 10,
    "rotateShooting": true,
    "research": "水晶兵工厂"
}