{
	"type": "UnitFactory",
	"size": 11,
	"liquidCapacity": 43200,
    "name": "人造实验室",

    "description": "制造碉堡庇护者与可控意识雏形“怪物”",
	"consumes": {
		"power": 16

	},
	"plans": [
		{
			"unit": "freak",
			"time": 4900,
			"requirements": [
                "graphite/70",
                "plastanium/1250",
                "phase-fabric/1350",
                "titanium/855"
            
			]
		},
        {
			"unit": "wuji",
			"time": 2900,
			"requirements": [
                "graphite/1270",
                "plastanium/1250",
                "phase-fabric/1350",
                "titanium/855",
                "silicon/1400",
                "surge-alloy/500",
                "metaglass/1140"
            
			]
		},
        {
			"unit": "Sturdy_sanctuary",
			"time": 3100,
			"requirements": [
                "graphite/700",
                "tiandingding/20",
                "titanium/2500",
                "FP_Peaceagreement/2",
                "silicon/1400"
			]
		}
      
      
      

	
	],
	"requirements": [
        "graphite/1270",
        "plastanium/1250",
        "phase-fabric/1350",
        "titanium/1855",
        "silicon/1400",
        "surge-alloy/1500",
        "metaglass/1140",
        "FP_Peaceagreement/1"
	  
	],
	"category": "units",
	"research":"tetrative-reconstructor"
}