{
	"type": "UnitFactory",
	"size": 8,
	"liquidCapacity": 43200,
    "description": "解决冲突厂，在单位生产冲突时使用,生产压制者系列单位",
	"consumes": {
		"power": 6,
		"liquid": "water/3"
	},
	"plans": [
		{
			"unit": "base01",
			"time": 900,
			"requirements": [
				"lead/24",
                "graphite/30",
                "tanhejing/15",
                "titanium/25"
			]
		},
        {
			"unit": "base02",
			"time": 2100,
			"requirements": [
				"lead/24",
                "graphite/70",
                "tanhejing/20",
                "titanium/25",
                "silicon/40"
			]
		},
        {
			"unit": "base03",
			"time": 3000,
			"requirements": [
                "lead/24",
                "graphite/70",
                "metaglass/40",
                "tanhejing/35",
                "titanium/105",
                "silicon/170"
			]
		},
        {
			"unit": "base04",
			"time": 4500,
			"requirements": [
                "lead/24",
                "graphite/70",
                "plastanium/650",
                "metaglass/40",
                "tanhejing/45",
                "titanium/855",
                "silicon/1020"
			]
		},
        {
			"unit": "base05",
			"time": 4900,
			"requirements": [
                "lead/24",
                "graphite/70",
                "plastanium/1250",
                "surge-alloy/500",
                "phase-fabric/350",
                "metaglass/40",
                "tanhejing/69",
                "titanium/855",
                "silicon/2020"
			]
		}
      

	
	],
	"requirements": [
		"copper/36",
		"lead/24",
	    "tanhejing/50"
	],
	"category": "units",
	"research": "titanium"
}