{
	"type": "Reconstructor",
	"name": "森林",
	"description": "材料由你们提供",
	"details":"自然把轿车车改成了与它一样的巨物，\n别无两样",
    "health":39000,

	"size":11,
	"canOverdrive": false,
	"areaSize" : 13,
	"consumes":{
	 
	     "items":{ "items": [
		{"item": "Heart_of_Nature", "amount": 1}  ,                   
		{ "item": "tiandingding", "amount": 10},	
		{ "item": "silicon", "amount": 15000},
		{"item": "FP_Peaceagreement", "amount": 20},
        { "item": "surge-alloy", "amount": 8250},	
		{ "item": "tanhejing", "amount": 20000}
    ]
	  },
	 
	  "liquid": 
	  {"liquid": "cryofluid", "amount": 30 }
	    },
	
	"upgrades":[
      ["pulsar","ghg"]		
	],
	

	"constructTime":7600,
	"requirements": [
		{"item": "FP_Peaceagreement", "amount": 18},
		{"item": "Polyalloys", "amount": 200},
        { "item": "surge-alloy", "amount": 8250},	
		{ "item": "copperWall", "amount": 2000}
	    ],
	"category":"units",
	"buildVisibility":"shown",
	"research":"urbbr"
}