{
	"type": "Reconstructor",
	"name": "阶级单位重构工厂",
	"description": "阶级社会主义",
    "health":17000,
	"size":11,
	"areaSize" : 13,
	"consumes":{
		"power":50,  
	     "items":{ "items": [
			                       
        { "item": "lead", "amount": 1500},	
		{ "item": "phase-fabric", "amount": 2500},
		{ "item": "pyratite", "amount": 140},
		{ "item": "sand", "amount": 240},
		{ "item": "thorium", "amount": 1200},
		{ "item": "scrap", "amount": 150},
		{ "item": "silicon", "amount": 150},
        { "item": "surge-alloy", "amount": 1025},	
		{ "item": "plastaniumWall", "amount": 38},
	    { "item": "spore-pod", "amount": 1400},
		{ "item": "tanhejing", "amount": 70},
		{ "item": "titanium", "amount": 700},
		{ "item": "graphite", "amount": 700}
    ]
	
	  },
	  "liquid": 
	  {"liquid": "cryofluid", "amount": 10 }
	 	
	    },
	
	"upgrades":[
	  ["base05","base06"],
	  ["freak","black_freak"],
	  ["reign","noble"],
	  ["toxopid","Grspiders"]	,
	  ["eclipse","duke"]					
	],
	

	"constructTime":6200,
	"requirements": [
	   
		{ "item": "lead", "amount": 1500},	
		{"item": "FP_Peaceagreement", "amount": 1},
		{ "item": "phaseFabricWall", "amount": 50},
		{ "item": "thorium", "amount": 1150},
        { "item": "surge-alloy", "amount": 1250},	
		{ "item": "plastanium", "amount": 2050}
	    ],
	"category":"units",
	"buildVisibility":"shown",
	"research":"tetrative-reconstructor"
}