{
    "type": "GenericCrafter",
    "name": "生物织布机",
    "description": "应用生物能源更快织布",
    "details": "布不能停,超不能停.",
    "health": 800,
    "itemCapacity": 30,
    "outputItem": {
        "item": "phase-fabric",
        "amount": 3
    },
    "size": 3,
    "hasPower": true,
    "hasItems": true,
    "craftTime": 90,
    "updateEffect": "smeltsmoke",
    "consumes": {
        "power": 7,
        "items": {
            "items": [
                {
                    "item": "thorium",
                    "amount": 5
                },
                {
                    "item": "樱花花瓣",
                    "amount": 5
                },
                {
                    "item": "sand",
                    "amount": 10
                }
            ]
        }
    },
    "drawer": {
        "type": "DrawMulti",
        "drawers": [
            {
                "type": "drawRegion",
                "suffix": "-bottom"
            },
            "DrawWeave",
            {
                "type": "drawWeave",
                "suffix": "-weave"
            },
            "DrawDefault",
            {
                "type": "DrawFlame",
                "flameRadiusIn": 1,
                "flameRadius": 2
            }
        ]
    },
    "requirements": [
            {
            "item": "copper",
            "amount": 120
        },
        {
            "item": "lead",
            "amount": 120
        },
        {
            "item": "thorium",
            "amount": 75
        },
        {
            "item": "silicon",
            "amount": 75
        },
        {
            "item": "樱花剑",
            "amount": 75
        },
        {
            "item": "樱花武士刀",
            "amount": 75
        }
    ],
    "category": "crafting",
    "research": "phase-weaver",
    "idleSound": "respawning"
}