{
	"name":"钛剑集成中心",
	"type":"GenericCrafter",
	"description": "使用电力熔炼矿物，更快地批量生产钛剑",
	"details": "剑士学院的专业供货商.",
	"itemCapacity":30,
	"health":700,
	"size":3,
	"hasPower": true,
	"hasLiquids": false,
    "hasItems": true,
	"craftTime":60,
	"updateEffect": "none",
	"consumes": {
		"power":4,
		"items": {
			"items": [
				{ "item": "copper", "amount": 3 },
				{ "item": "titanium", "amount": 4 }
			]

		}
	},
  	"liquidCapacity": 0,
	"outputItem": { "item": "钛剑", "amount": 5 }
,	
	"requirements": [
		{ "item": "copper", "amount": 100 },
		{ "item": "silicon", "amount": 55 },
        { "item": "樱花武士刀", "amount": 50 },
        { "item": "钛剑", "amount": 50 },
		{ "item": "titanium", "amount": 50 }
	],
	"drawer": {
        "type": "DrawMulti",
        "drawers": [
            "DrawDefault",
            {
                "type": "DrawFlame",
                "flameRadiusIn": 0,
                "flameRadius": 0
            }
        ]
    },
	"category": "crafting",
	"research": "樱花核心",
	"idleSound": "respawning",
	"idleSoundVolume": 0.5
}