{
	"name":"高级合金冶炼炉",
	"type":"GenericCrafter",
	"description": "更快更高效地制作巨浪合金,消耗巨量电力.",
	"details": "你的硅还好吗?小心停电!",
	"itemCapacity":30,
	"health":1200,
	"size":4,
	"hasPower": true,
	"hasLiquids": false,
	"hasItems": true,
	"craftTime":60,
	"updateEffect": "smeltsmoke",
	"consumes": {
		"power":8,
		"items": {
			"items": [
				{ "item": "樱花剑", "amount": 2 },
                { "item": "武士刀模板", "amount": 2 },
                { "item": "lead", "amount": 3 },
                { "item": "silicon", "amount": 3 },
                { "item": "钛剑", "amount": 2 }
			]
		}
	},
  	"liquidCapacity": 0,
	"outputItem": { "item": "surge-alloy", "amount": 3 }
,	
	"requirements": [
		{ "item": "surge-alloy", "amount": 20 },
		{ "item": "silicon", "amount": 130 },
		{ "item": "graphite", "amount": 50 },
        { "item": "thorium", "amount": 75 },
		{ "item": "樱花花瓣", "amount": 100 },
        { "item": "樱花武士刀", "amount": 75 }
	],
	"drawer": {
        "type": "DrawMulti",
        "drawers": [
            "DrawDefault",
            {
                "type": "DrawFlame",
                "flameRadiusIn": 2.5,
                "flameRadius": 3
            }
        ]
    },
	"category": "crafting",
	"research": "surge-smelter",
	"idleSound": "respawning",
	"idleSoundVolume": 0.5
}