{
  "type": "CoreBlock",
  "category": "effect",
  "requirements": [ "aluminium/7000","lead/7000","silicon/8000","cobalt/5000","silicide/2000" ],
  "research": {
    "parent": "isomorphic-core-nucleus",
    "objectives": [
      {
        "type": "OnSector",
        "preset": "shale-quarry"
      }
    ]
  }
  "researchCostMultiplier": 0.01,
  "isFirstTier": false,
  "unitType": "delta",
  "health": 15000,
  "armor": 12,
  "itemCapacity": 18000,
  "size": 6,
  "unitCapModifier": 32,
  "thrusterLength": 11.5,
  "requiresCoreZone": false,
  "crushDamageMultiplier": 0.05
}