{
  "type": "CoreBlock",
  "requirements": [ "aluminium/5000","lead/5000","silicon/7000","chromium/3000","silicide/1000" ],
  "health": 10000,
  "size": 5,
  "armor": 8,
  "unitType": "sigma",
  "itemCapacity": 13000,
  "unitCapModifier": 24,
  "thrusterLength": 10,
  "category": "effect",
  "research": {
    "parent": "isomorphic-core-foundation"
    "objectives": [ 
      {
        "type": "OnSector",
        "preset": "fort-port"
      }
    ]
  },
  "researchCost": [ "aluminium/27000","lead/27000","silicon/27000","chromium/8000","silicide/8000" ],
  "requiresCoreZone": false,
  "crushDamageMultiplier": 0.05,
  "rebuildable": false
}