{
  "type": "StorageBlock",
  "requirements": [ "cobalt/800","silicon/600","warp-nucleus/400" ],
  "category": "effect",
  "research": {
    "parent": "warp-disc",
    "objectives": [ 
      {
        "type": "OnSector",
        "preset": "cross-forest"
      }
    ]
  },
  "size": 3,
  "itemCapacity": 20000,
  "researchCostMultiplier": 0.04,
  "drawer": {
    "type": "DrawMulti",
    "drawers": [
      { "type": "DrawDefault" },
      {
        "type": "DrawShape",
        "layer": 100,
        "radius": 2.5,
        "useWarmupRadius": false,
        "timeScl": 2,
        "color": "bf92f9",
        "sides": 6
      }
    ]
  }
}