{
  "type": "StorageBlock",
  "requirements": [ "cobalt/500","silicon/200","warp-nucleus/80" ],
  "category": "effect",
  "research": {
    "parent": "bank",
    "objectives": [ 
      {
        "type": "OnSector",
        "preset": "cross-forest"
      }
    ]
  },
  "size": 2,
  "itemCapacity": 4000,
  "researchCostMultiplier": 0.01,
  "drawer": {
    "type": "DrawMulti",
    "drawers": [
      { "type": "DrawDefault" },
      {
        "type": "DrawShape",
        "layer": 100,
        "radius": 1.75,
        "useWarmupRadius": false,
        "timeScl": 2,
        "color": "bf92f9",
        "sides": 6
      }
    ]
  }
}