{
  "type": "MassDriver",
  "name": "Smaller Mass Driver",
  "description": "A compact mass driver with extremely long range, but lower capacity.",
  "health": 150,
  "itemCapacity": 200,
  "reload": 40,
  "shake": 0.5,
  "knockback": 1,
  "range": 3200,
  "bulletLifetime": 240,
  "size": 1,
  "requirements": [
    { "item": "copper", "amount": 100 },
    { "item": "lead", "amount": 100 },
    { "item": "titanium", "amount": 25 }
  ],
  "category": "distribution",
  "research": {
    "parent": "distributor",
    "item": "titanium"
  }
}