{
	"canOverdrive": false, //不可超速
	//"type": "MendProjector",
	"name": "[green]Super treatment",
	"description": "全图覆盖治疗建筑，每2秒恢复2%血量，不可超速
	传说放在抽奖机旁边会受到天神眷顾，增加抽中极品概率
	（主要靠玄学，实际上我并没有写这方面的数据）",
	"health": 500,
	"buildCostMultiplier": 0.3,
	"range": 4000,
	"reload": 120,
	//"speedBoostPhase": 120,
	"size": 4,
	"healPercent": 2, //治愈百分比
	"phaseBoost": 0,
	"phaseRangeBoost": 0,
	//"useTime": 600,
	"consumes": {
		"power": 20 //工作能量消耗,比例1:60
	},
	"requirements": [
		{
			"item": "copper",
			"amount": 1500
		},
		{
			"item": "lead",
			"amount": 2000
		},
		{
			"item": "shimoxi",
			"amount": 500
		},
		{
			"item": "jin",
			"amount": 150
		},
		{
			"item": "guijingti",
			"amount": 200
		},
		{
			"item": "weijing2",
			"amount": 50
		},
	],
	"category": "effect",
	"details":"[yellow]限制放置一个，放多了会卡帧
	Only put one, if you put too much, the fps may drop"
}