{
    "buildCostMultiplier": 0,
    "ambientSound": "chaosu",
    "health": 2000, //生命
    "size": 1, //占地边长支持1~9对应贴图1x1=32x32像素.
    "range": 15, //范围
    "speedBoostPhase": 0, //加速00加成
    "useTime": 60, //使用一个物品加成时间
    "phaseRangeBoost": 0, // 加速范围百分比
    "speedBoost": 8, //加成倍率格式1.0
    "consumes": {
        "power": 34, //工作能量消耗,比例1:60
    },
    "requirements": [
        {
            "item": "shimoxi",
            "amount": 150
        },
        {
            "item": "guijingti",
            "amount": 1200
        },
        {
            "item": "weijing4",
            "amount": 50
        },
        {
            "item": "monengjing3",
            "amount": 3
        },
        {
            "item": "zuanjing",
            "amount": 50
        }
    ],
    "hasBoost": false,
    "category": "effect"
}