{
    "health": 220,
    "size": 1,
    "hasPower": true,
    "consumes": {
        "power": 7
    },
    "requirements": [
        {
            "item": "thorium",
            "amount": 80
        },
        {
            "item": "weijing2",
            "amount": 2
        },
        {
            "item": "guijingti",
            "amount": 160
        },
        {
            "item": "copper",
            "amount": 220
        },
        {
            "item": "lead",
            "amount": 230
        }
    ],
    "category": "effect",
    "research": "jiasu7"
}
