{
    "health": 520,
    "size": 2,
    "hasPower": true,
    "consumes": {
        "power": 10
    },
    "requirements": [
        {
            "item": "thorium",
            "amount": 80
        },
        {
            "item": "weijing2",
            "amount": 5
        },
        {
            "item": "guijingti",
            "amount": 160
        },
        {
            "item": "copper",
            "amount": 220
        },
        {
            "item": "lead",
            "amount": 230
        }
    ],
    "research": "jiasu3",
    "category": "effect",
}