{
    //"name": "大型修理仪"
    //"type": "MendProjector",
    //"description": ""
    "buildCostMultiplier": 0.7,
    "health": 1200,
    "reload":180,
    "range":300,
   // "speedBoostPhase": 10,
    "size": 4,
    "healPercent":10,
    "phaseBoost":10,
    "phaseRangeBoost":80,
    //"useTime":300,
    "ambientSound":"xiuli",
	 "consumes": {
        "power": 9, //工作能量消耗,比例1:60
        "items": {
            "items": [
                {
                    "item": "surge-alloy",
                    "amount": 2
                }
            ],
			"booster": true,
			"optional": true
        }
    },
    "requirements": [
        {
            "item": "copper",
            "amount": 300
        },
        {
            "item": "lead",
            "amount": 300
        },
        {
            "item": "phase-fabric",
            "amount": 60
        },
        {
            "item": "weijing2",
            "amount": 30
        },
        {
            "item": "guijingti",
            "amount": 430
        },
        {
            "item": "shimoxi",
            "amount": 750
        }
    ],
	"category": "effect",
   
}