{
    //"type":"Floor",
    "name":"电路地板",
    //贴图数量
    "variants":16,
    "speedMultiplier":1,
    //单位在上面的速率
    "dragMultiplier":1,
    //地板摩擦
    "damageTaken":0,
    //单位在上面受到的伤害
    "hasShadow":true,
    //是否有阴影
    "hidden":true,//隐藏
    // "status":"none",//单位在上面的效果
    // "statusDuration":12,//效果的持续时间
    "attributes":{
            "heat":0,//冷却液
            "spores":0,//孢子
            "water":0,//水
            "oil":0,//石油
            "水":0//mod独有水
    },//地板属性
}