{
    //"type":"Floor",
    "name":"黄白遗迹地板",
    "variants":0,
    "speedMultiplier":1,
    //单位在上面的速率
    "dragMultiplier":1,
    //地板摩擦
    "damageTaken":0,
    //单位在上面受到的伤害
    "hasShadow":true,
    //是否有阴影
    "hidden":true,//隐藏
    "wall": "遗迹墙"//对应的墙,java用，json和js可以直接删
    // "status":"none",//单位在上面的效果
    // "statusDuration":12,//效果的持续时间
    "attributes":{
            "heat":0,//冷却液
            "spores":0,//孢子
            "water":0,//水
            "oil":0,//石油
    },//地板属性
}