{
"localizedName": "ES海军要塞",
	"description": "敌人基地，防守丰富，当地较为强大的兵种，以及大量的科技，[red]这里会源源不断的侵扰周围区块，必须尽快解决",
	"details":"[purple]B O S S 出没！！！",
    "planet":"ES赛普罗"//母星名字。
    "sector":215//区块坐标
    //"captureWave":31//胜利波次
    "difficulty":2//难度1一5
    "research": {
		"parent": "ES边际海湾",
			"objectives": [
            {
				"type": "SectorComplete",
				"preset": "ES边际海湾"
			}
			
            {
				"type": "SectorComplete",
				"preset": "ES裂孢巷(增生区)"
			}
			]}
}