{
"localizedName": "ES边际海湾",
	"description": "蜿蜒曲折的海湾，大量废弃建筑中，具有重要波动科技，当然，敌人也正在带领海陆空三军赶来",
	//"details":"",
    "planet":"ES赛普罗"//母星名字。
    "sector":86//区块坐标
    "captureWave":40//胜利波次
    "difficulty":2//难度1一5
    "research": {
		"parent": "ES风吹群岛",
			"objectives": [
            {
				"type": "SectorComplete",
				"preset": "ES绵延山区"
			}
		
            {
				"type": "SectorComplete",
				"preset": "ES风吹群岛"
			}
			]}
			"details":"[red]BOSS出没！！！",
}