{
"localizedName": "ES风吹群岛",
	"description": "被冰冻样覆盖的群岛，资源较为丰富，有极少量的钛，以及少量炮台科技，但敌人将会发到海军和空军出击",
	//"details":"",
    "planet":"ES赛普罗"//母星名字。
    "sector":221//区块坐标
    "captureWave":30//胜利波次
    "difficulty":1//难度1一5
    "research": {
		"parent": "ES陨石带",
		"objectives": [
            {
				"type": "SectorComplete",
				"preset": "ES遗迹海滩"
			}
			]}
}