{
"localizedName": "ES物流旧区(盐碱荒滩)",
	"description": "大型废墟，但是其中有丰富的矿物，有辐射能量在此出现，敌人强大，有一些发射台类科技
	",
	//"details":"",
	"details":"[red]B O S S 出没！！！",
    "planet":"ES赛普罗"//母星名字。
    "sector":213//区块坐标
    "captureWave":16//胜利波次
    "difficulty":3//难度1一5
    "research": {
		"parent": "雪沙谷",
		"objectives": [
            {
				"type": "SectorComplete",
				"preset": "雪沙谷"
			}
			]}
}