{
    "alwaysUnlocked": true,
    "type": "flying",
   // "name": "主宰克隆体",
    // "description": "",
    "speed": 0.2, //速度
    "lowAltitude": true,
    "rotateSpeed": 0.5, //旋转的速度
    "baseRotateSpeed": 5, //基础转速
    "hitSize": 88, //单位的大小
   // "turnCursor": true,
    "health": 500000, //血量
    //"itemCapacity": 0, //容量
    //"cellTrnsY": 1,
    "flying": true, //飞行
    "engineOffset": 50,
    "engineSize": 10,
    
    "armor": 200, //护甲
    "weapons": [
        {
            "top": false,
            "shootSound": "shootBig",
            "name": "zhuzai-0-1",
            "rotate": true, //武器旋转
            "shootY": 2,
            "reload": 14,
            "rotateSpeed":1.5,
            "recoil": 1,
          //  "reload": 15,
            "ejectEffect": "casing1",
            "x": 25,
            "y": 15,
            "bullet": {
                "type": "BasicBulletType", //320
                "recoil": 0, //反冲
                "width": 22,
                "height": 30,
                "speed": 4,
                "damage": 4500,
                "ammoMultiplier": 3,
                "hitSize": 8,
                "lifetime": 80,
                "pierce": false,
                "shootEffect": "shootBig",
                //"hitEffect": "hitFlameSmall",
                //"despawnEffect": "none",
                "lightningColor":"#759332",
                "lightning": 20, //闪电根数
                "lightningDamage": 30, //伤害
                "lightningLength": 20, //闪电长度
                //"status": "burning",
                "keepVelocity": false,
                "backColor": "759332", //背景颜色
                "frontColor": "b0f5a8", //前面颜色
                "hittable": false
            }
        }
    ]
}