{
	"name":"小型金块",
	"description":"没有战略用途的资源块，负责配合载荷驱动器运输",
	"health":100,
	"size":1,
	"armor":0,
	"group":"walls"
		"placeableLiquid":false,
		"insulated":true,//隔热，一听就是E星的
	"absorbLasers":false,
	   "deflect" :false,//反弹子弹
    	"chanceDeflect":0,//反转概率
    	"lightningChance":0,//反弹闪电
    "lightningDamage":0,	//闪电伤害
      "lightningLength":0,//闪电长度
    "lightningLengthRand":0,
	"requirements": [
	"金/6"
	],
	"category": "defense",
		"research": {
		"parent": "小型铁块",
		"requirements":[
		"金/600",
		]
	},

}
