{
	"name": "中型挖墙机",
	"description": "挖墙大师",
	"type": "BeamDrill",
	"size":2 ,
	"health":400,
	"tier": 4,
	"range":6,
	"fogRadius":3,
	"haspower":true,
	"drillTime":60,
	"liquidBoostIntensity":1,
	"hasShadow":true
	"consumes":{
	     "power":0.8
		 "liquid": {
			"liquid": "water", "amount": 0.1,
			"booster":true,
			"optional": true
		}
	},
	"requirements": [
		{"item": "beryllium", "amount":60 }
		{"item": "graphite", "amount":40 }

	],
	"category": "production",
    "research": "plasma-bore"
}