{
	"name": "高效排气冷凝器",
	"description": "看，里面都是水",
	"type": "AttributeCrafter",
	"size":3 ,
	"health":600,
	"attribute":"steam"
	"minEfficiency":9
	"baseEfficiency":0
	"displayEfficiency":"false"
	"craftEffect":"turbinegenerate"
	"craftTime":90
	"ambientSound":"hum"
	"ambientSoundVolume":0.06
	"hasLiquids":true
	"boostScale":0.1
	"outputLiquid": {"liquid": "water","amount":1 },
	"liquidCapacity":300
	"consumes":{
	     "power":1.5
	},
	"requirements": [
		{"item": "beryllium", "amount":80 }
		{"item": "graphite", "amount":60 }
		{"item": "silicon", "amount":40 }

	],
	"category": "production",
    "research": "vent-condenser"
    "drawer": {
	"type": "DrawMulti",
	"drawers": [
	    {
			"type" : "DrawRegion",
			"suffix" : "-mid"
		}
		{
			"type" : "DrawLiquidTile",
			"drawLiquid": "water"
		},
		{
			"type" : "DrawRegion",
			"suffix" : "-bottom"
		}
		{
			"type" : "DrawBlurSpin",
			"suffix" : "-rotator"
		},

		"DrawDefault",
	]
}
}