{
	"name":"铝矿坑",
	"description":"挖矿生活",
	"size":2,
	"outputItem":
		{"item":"kAl","amount":12},
	"consumes":{
		"power":0.5
	},
	"requirements":[
		{"item":"C90","amount":500},
		{"item":"普通科技点","amount":240}
	],
	"hasItems":true,
	"hasPower":true,
	"outputsPower":true,
	"expanded":true,
	"health":100,
	"craftTime":300,
	"itemCapacity":500,
	"research":{
	"parent":"z-z",
    "requirements":[
		{"item":"C90","amount":5000}
	]},
	"category":"effect"
}