{
	"type": "Reconstructor",
	"name": "端点级单位升级工厂·I",
    "health":480,
	"size":3,
	"liquidCapacity":0,
	"consumes":{
		"power":3,
		"items": {	"items": [
	{"item":"xp1","amount":1},
	]
		}},
	"upgrades":[
        ["dagger","dagger1"]
	],
	"constructTime":1200,
	"requirements": [
		{"item":"xp1","amount":2},
		{"item":"silicon","amount":180},
		{"item":"lead","amount":450},
		{"item":"copper","amount":450},
	],
	"category":"units",
	"buildVisibility":"shown",
	"research": {
		"parent": "core-shard1",
		"objectives": [
			{
				"type": "SectorComplete",
				"preset": "groundZero"
			}
			]}
}