{
	"type": "Reconstructor",
	"name": "端点级单位升级工厂·II",
    "health":680,
	"size":3,
	"liquidCapacity":0,
	"consumes":{
		"power":10,
		"items": {	"items": [
	{"item":"xp1","amount":2},
	]
		}},
	"upgrades":[
        ["dagger1","dagger2"]
	],
	"constructTime":1500,
	"requirements": [
		{"item":"xp1","amount":3},
		{"item":"silicon","amount":180},
		{"item":"metaglass","amount":300},
		{"item":"titanium","amount":650},
	],
	"category":"units",
	"buildVisibility":"shown",
	"research": {
		"parent": "T1-1",
		"objectives": [
			{
				"type": "SectorComplete",
				"preset": "groundZero"
			}
			]}
}