{
  "type": "MultiBlock-GenericCrafter",

  "canMirror": true,
  "linkValues": [2, 0, 1, 2, 1, 1, 0, 2, 1, 1, 2, 1],
  "rotations": [1, 0, 3, 2, 3, 2, 1, 0],
  "size": 2,

  "category": "crafting",
  "requirements": [
    { "item": "silicon", "amount": 150 },
    { "item": "lead", "amount": 200 },
    { "item": "graphite", "amount": 100 },
    { "item": "titanium", "amount": 120 }
  ],

  "hasPower": true,
  "liquidCapacity": 90,

  "craftTime": 60,
  "outputItem": { "item": "plastanium", "amount": 2 },
  "consumes": {
    "power": 0.3,
    "items": [{ "item": "titanium", "amount": 3 }],
    "liquid": {"liquid": "oil", "amount": 0.5}
  },

  "craftEffect": "formsmoke",
  "updateEffect": "plasticburn",

  "drawer": {
    "type": "DrawRegionRotated",
    "suffix": "-rot",
    "x": 4,
    "y": 4
  }
}