{
  "type": "MultiBlockCrafter",

  "canMirror": true,
  "linkValues": [2, 0, 1, 2, 1, 1, 0, 2, 1, 1, 2, 1],
  "rotations": [1, 0, 3, 2, 3, 2, 1, 0],
  "size": 2,

  "category": "crafting",
  "requirements": [
    { "item": "copper", "amount": 120 },
    { "item": "lead", "amount": 50 }
  ],

  "hasPower": false,

  "craftTime": 45,
  "outputItem": { "item": "graphite", "amount": 1 },
  "consumes": {
    "items": [
      { "item": "coal", "amount": 2 }
    ]
  },

  "craftEffect": "pulverizeMedium",

  "drawer": {
    "type": "DrawRegionRotated",
    "suffix": "-rot",
    "x": 4,
    "y": 4
  }
}