{
  "type": "MultiBlock-GenericCrafter",

  "canMirror": false,
  "linkValues": [2, 0, 1, 2, 1, 1, -1, 0, 1, -1, 1, 1],
  "rotations": [0, 1, 2, 3, 0, 1, 2, 3],
  "size": 2,

  "category": "crafting",
  "requirements": [
    { "item": "copper", "amount": 50 },
    { "item": "lead", "amount": 40 }
  ],

  "hasPower": true,

  "craftTime": 40,
  "outputItem": { "item": "silicon", "amount": 2 },
  "consumes": {
    "power": 1,
    "items": [
      { "item": "coal", "amount": 2 },
      { "item": "sand", "amount": 4 }
    ]
  },

  "craftEffect": "smeltsmoke",

  "ambientSound": "smelter",
  "ambientSoundVolume": 0.07,

  "drawer": {
    "type": "DrawMulti",
    "drawers": [
      {
        "type": "DrawRegionCenterSymmetry",
        "suffix": "-rot"
      },
      {
        "type": "DrawFlameRotated",
        "suffix": "-top-1",
        "flameRadius": 2.2,
        "flameRadiusIn": 1.5,
        "x": 0,
        "y": 0,
        "flameX": -8,
        "flameY": 0
      },
      {
        "type": "DrawFlameRotated",
        "suffix": "-top-2",
        "flameRadius": 2.2,
        "flameRadiusIn": 1.5,
        "x": 0,
        "y": 0,
        "flameX": 8,
        "flameY": 0
      },
      {
        "type": "DrawRegionCenterSymmetry",
        "suffix": "-top-rot"
      },
      {
        "type": "DrawFlameRotated",
        "suffix": "-top-0",
        "x": 0,
        "y": 0,
        "flameX": 0,
        "flameY": 0
      }
    ]
  }
}