{
"type":"hover",//飞船
"flying":false,
"name":"捕日",
"canDrown":false,//能被淹死
"description":"终极飞船，能跨越液体飞行。配有一门能击晕敌人的磁暴加农炮，同时展开力场电击抵近的敌方单位。"
"research":"3-寻明",//科技树上级
    "hovering":true,
            "drag":0.07,
            "speed":1,
            "rotateSpeed":2.5,
            "accel":0.09,
            "health":3750,
            "armor":4,
            "hitSize":28,
            "engineOffset":4,
            "engineSize":2,
            "itemCapacity":20,
            "faceTarget": true,
            "useEngineElevation":false,
            "abilities":[
	{
		"type": "EnergyFieldAbility",
"x":0,"y":-6,//位置
"damage": 65,//伤害
"reload": 75,//能量场激活间隔
"range": 120,//能量场范围
"status": "sapped",//被击中的敌军获得效果
"statusDuration": 120,//效果持续帧数
"targetGround": true,//瞄准陆军
"targetAir": true,//瞄准空军
"hitBuildings": false,//瞄准建筑物
"hitUnits": true,//瞄准单位
"healPercent": 2.5,//恢复友方生命百分比
"maxTargets": 6,//最大目标数
"useAmmo": false,//使用子弹
"color": "bf92f9",//颜色
		}
	/*{
	    "type": "SuppressionFieldAbility"//修复压制场
	"orbRadius":5.3,//光球半径
    "y":0,
	}*/
	],
	"weapons":[{
        "name":"空",
        "shootOnDeath": false,//死后发射
            "mirror":false,
            "reload":135,
            "x":0,
            "y":-8.2,
            "shake":3,
            "shootSound": "release",
            "shootCone":90,
            "rotate":false,
            "bullet": {
        "type": "BasicBulletType",
            "damage":54,
            "splashDamage":124,
            "splashDamageRadius":56,
            "status":"unmoving",
            "statusDuration":60,
            "hitShake":4,
            "hitSound":"plasmaboom",
            "hitColor":"BF92F9FF",
            "lightColor":"BF92F9FF",
            "lightRadius":70,
           "smokeEffect":"shootBigSmoke2",
           "shootEffect": {
           "type":"multiEffect",
"effects":[{
					"type": "ExplosionEffect",
					"waveColor":"BF92F9FF",//波浪颜色
					//下面都是数
					"waveLife": 36,//波浪存在时间
					"waveStroke":4,//波形宽度
					"waveRad":24,//波浪半径
					"waveRadBase":3,//波浪开始的半径
				},
		{
					"type": "ExplosionEffect",
					"waveColor":"BF92F9FF",//波浪颜色
					//下面都是数
					"waveLife":24,//波浪存在时间
					"waveStroke":3,//波形宽度
					"waveRad":48,//波浪半径
					"waveRadBase":2,//波浪开始的半径
				}]},
                    "lifetime":48,
                    "sprite":"circle-bullet",
                    "backColor":"BF92F9FF",
                    "frontColor":"665C9FFF",
                    "width":12,
                    "height":18,
                    "speed":5,
                    "trailLength":20,
                    "trailWidth":5,
        //"trailChance": 1,
		//"trailRotation": true,
                    "trailColor":"BF92F9FF",
                "trailEffect":{
                    "type": "ParticleEffect",
					"particles": 1,
					"lifetime": 32,
					"length": 6,
					"sizeFrom": 4.5,
					"sizeTo": 2,
					"interp": "circleOut",
					//"region": "野性之心-贴图名",
					"colorFrom": "665C9FFF",
					"colorTo": "BF92F9FF"
                    }
            "trailInterval" :5,//尾迹特效间隔
            "hitEffect":{
        "type":"multiEffect",
"effects":[{
"type":"WaveEffect",
"lifetime": 60,
"colorFrom":"665C9FFF",//颜色从
"colorTo":"BF92F9FF",//颜色至
"lightColor":"BF92F9FF",//浅色
"sizeFrom":56,//开始时圆环直径
"sizeTo":56,//结束时圆环直径
"lightScl":3.0,//
"lightOpacity":0.5,//光不透明
"sides":-1,//双方//效果不明
"rotation":0,//回转//效果不明
"strokeFrom":3,//开始时圆形宽度
"strokeTo":0,//结束时圆环宽度
//"interp":linear,//插值
//"lightInterp":reverse,//插值
"offsetX":0.0,//偏转x
"offsetY":0.0//偏转y
},
{
"type": "WrapEffect",
"effect": "dynamicSpikes",
"color": "BF92F9FF",
"rotation": 64,
						},
"scatheExplosion",
            ]}
}
        }],
"parts":[
{"type":"HoverPart",
"mirror":true,//是否镜像显示
"x":12,"y":10,//起始位置
"radius":10,
"phase":180,
"stroke":4,
"layerOffset":-0.001,
"color":"bf92f9"
},
{"type":"HoverPart",
"mirror":true,//是否镜像显示
"x":14,"y":-4,//起始位置
"radius":12,
"phase":180,
"stroke":4,
"layerOffset":-0.001,
"color":"bf92f9"
},
{"type":"HoverPart",
"mirror":true,//是否镜像显示
"x":10,"y":-16.5,//起始位置
"radius":10,
"phase":180,
"stroke":4,
"layerOffset":-0.001,
"color":"bf92f9"
}
]
}