{
    "name": "脉冲石油钻井",
    "description": "大型石油钻井,消耗水沙与巨量电力抽取大量石油.",
    "type": "Fracker",
    "health": 750,
    "size": 4,
    "floating": true,
    "hasPower": true,
    "hasLiquids": true,
    "updateEffect": "pulverize",
    "updateEffectChance":0.05,
    "itemUseTime":60,
    "liquidCapacity": 40,
	"requirements": [
		{ "item": "surge-alloy", "amount": 20 },
		{ "item": "silicon", "amount": 130 },
		{ "item": "graphite", "amount": 50 },
        { "item": "thorium", "amount": 75 },
		{ "item": "樱花花瓣", "amount": 100 },
        { "item": "樱花武士刀", "amount": 75 }
	],
    "consumes": {
        "power": 13,
        "items": {
			"items": [
				{ "item": "sand", "amount": 3 }
			]
		},
        "liquid": {
			"liquid": "water",
			"amount": 0.36
		}
    },
    "pumpAmount": 0.62,
    "rotateSpeed": 3,
    "result": "oil",
    "baseEfficiency": 1,
    "attribute": "oil",
    "category": "production",
    "research": "oil-extractor"
}