{
    "name": "钻头-新生",
    "type": "Drill",
    "description": "花费少量石墨获得比机械更高的产量，可以挖煤。",
      "details": "“初学者的好朋友。”",
    "tier": 2,
    "drillTime":220,
    "size": 2,
    "health": 150,
    "rotateSpeed": 3,
    "itemCapacity": 10,
    "liquidCapacity": 20,
    "drillEffect": "mine",
    "updateEffect": "mine",
    "liquidBoostIntensity": 1.6,
    "canOverdrive": true,
    "requirements": [
      { "item": "lead", "amount": 12 },
      { "item": "copper", "amount": 12 },
      { "item": "graphite", "amount": 5 }
  ],
      "consumes": {
        "liquid": {
        "liquid": "water",
        "amount": 0.06,
        "boosted": true,
        "optional": true
      }
    },
     "category": "production",
     "research": "钻头-初学者"
  }