{
  "name": "钻头-园丁",
  "type": "Drill",
  "description": "园丁，管理并低效率开采2*2矿区，能够开采樱花花瓣。",
	"details": "“工作？我的工作就是照料这些小家伙们，你说得对，我喜欢樱花花瓣。”",
  "tier": 5,
  "drillTime":235,
  "size": 2,
  "health": 240,
  "rotateSpeed": 3,
  "itemCapacity": 10,
  "liquidCapacity": 20,
  "drillEffect": "mine",
  "updateEffect": "mineBig",
  "liquidBoostIntensity": 1.5,
  "canOverdrive": true,
  "requirements": [
    { "item": "copper", "amount": 60 },
    { "item": "silicon", "amount": 20 },
    { "item": "titanium", "amount": 20 },
    { "item": "metaglass", "amount": 10 }
],
    "consumes": {
      "liquid": {
      "liquid": "water",
      "amount": 0.06,
      "boosted": true,
      "optional": true
    }
  },
   "category": "production",
   "research": "钻头-新生"
}