{
    "name": "钻头-园艺达人",
    "type": "Drill",
    "description": "覆盖4*4矿区，速度无与伦比。",
    "details": "园艺达人使用更高效的花瓣修剪机，工作时邻居们总是闻到花香。",
    "tier": 6,
    "drillTime":130,
    "size": 4,
    "health": 600,
    "rotateSpeed": 8,
    "itemCapacity": 20,
    "liquidCapacity": 20,
    "drillEffect": "mineBig",
    "updateEffect": "mineBig",
    "liquidBoostIntensity": 2,
    "drawRim":true,
    "canOverdrive": true,
    "requirements": [
      { "item": "樱花花瓣", "amount": 30 },
      { "item": "silicon", "amount": 20 },
      { "item": "钛剑", "amount": 25 },
      { "item": "thorium", "amount": 25 },
      { "item": "樱花剑", "amount": 25 }
  ],
      "consumes": {
        "power": 4,
        "liquid": {
        "liquid": "water",
        "amount": 0.06,
        "boosted": true,
        "optional": true
      }
    },
     "category": "production",
     "research": "钻头-园艺师"
}