{
	"type": "naval",
	"name": "驱逐舰",
	"description": "中距离对地攻击",
	"speed":1.2,
	"rotateSpeed":8,
	"ammoType":{
	"type":"PowerAmmoType",
	"totalPower":100},
	"ammoCapacity": 60,
    "trailLength":24,
    "waveTrailX":0,
    "waveTrailY":-6,
    "trailScl":2,
	"hitSize":10, 
	"health": 1200,
	"armor":0
	"faceTarget": false,
	"weapons":[ 
		{	"name": "驱逐舰炮",	
		"reload":120,
        "x": 0,  "y":1, 
        "rotate": true,
        "rotateSpeed":24,
        "inaccuracy": 0,
		"shoot":{
			"shots":1,
			"shotDelay":3
		},
		"shootSound": "火炮发射",
		"rotateSpeed": 1,//炮台转头速度
		"alternate": true,
		"ejectEffect":"casing1",
		"bullet":{
		"collidesAir": false
    "collidesGround": true,
	    "damage":65,	  
	    "speed":3,
	    "lifetime":80,
	    "width":3,	 "height":5
	}	}
	]
	"research": ""
	"researchCostMultiplier": 0.2,
}