{
	"name":"粗金",
	"details":"纯度疑似有点高了，我们推测在很久以前帝科斯基的近日点与远日点比埃里克尔更加近，并且在未知原因下在形成大量金之后以不可思议的速度迅速来到了最高温度为零下的寒冰带，令人疑惑的是，帝科斯基似乎一直处在宜居温度"
	"description":"可以炼化为纯金，加以利用",
	"cost":1,
	"hardness":2,
	"color":"#FFD900",
	"radioactivity":0
	"flammability":0
	//燃烧性
	"charge":0
	//放电性
		"research": {
		"parent": "粗铁"
		"objectives": [
        "粗金",
    ],
	},
}