{
	"type": "GenericCrafter",
	"name": "致密合金锻造厂",
	"description": "锻造致密合金",
	"outputItem": {
		"item": "致密合金", "amount": 2
	},
	"itemCapacity": 30,
	"size": 2,
	"hasPower": true,
	"hasLiquids":false,
	"hasItems": true,
	"craftTime": 65,
	"updateEffect": "smeltsmoke",
	"consumes": {
		"power": 1.5,
		"items": {
			"items": [
				{ "item": "lead", "amount": 2 },
				{ "item": "copper", "amount": 2 }
		]
	},}
			"requirements": [
		{ "item": "copper", "amount": 60 },
		{ "item": "lead", "amount": 60 }
	],
	"category": "crafting",
	"research": "graphite-press",
	"idleSound": "respawning",
	"idleSoundVolume": 0.5
	"drawer":[
	    {
	        "type":"DrawDefault"
	    },
	    {
	        "item": "DrawMulti"
	    },
	    {
            "type": "DrawFlame",
            "flameColor": "787878FF"
	    }
	],
  }