{
	"type": "Reconstructor",
	"name": "战机重构厂",
	"description": "将输入的战机升级重构成更加强力的t2",
    "health":1000,
	"size":3,
	"liquidCapacity":180,
	"consumes":{
		"power":2.7,
		"items": {
		"items": [
	{"item":"silicon","amount":40}
	{"item":"tungsten","amount":30}
	]
	}
	"liquid":
	{"liquid":"hydrogen", "amount": 0.1 }
	},
	"upgrades":[
        ["a-突袭","b-欺诈"]
	],
	"constructTime":2700
	"requirements": [
"tungsten/30"
"beryllium/30"
"graphite/100"
"silicon/50"
	],
	"category":"units",
	"research":
	{
	"objectives":[
	{
				"type": "OnSector",
				"preset": "peaks"
	}
	]
				"parent":"战机制造厂"
    }
}