{
   "type":"UnitAssembler",
   "name": "战甲组装厂",
   "description": "利用输入的方块组装大型战甲单位，可以通过添加基本装配场模块来增加输出等级",
   "health":2800,
   "size":5,
   "requirements":
		    [
		    "thorium/300"
		    "silicon/500"
		    "oxide/100"
		    "carbide/30"
		    ]
   "consumes":{
       "power":5,
       "liquid": {"liquid": "cyanogen", "amount":0.15 }
   },
   "areaSize":13,
   "plans":[
       {
           "unit":"d-吞并",
           "time":3000,
           "requirements":[
        "mee-a-蚕食/4",
        "beryllium-wall-large/15",
           ]
       }
       {
           "unit":"e-炼狱",
           "time":11000,
           "requirements":[
        "mee-b-蚀骨/8",
        "carbide-wall-large/23",
           ]
       }
   ],
	"category":"units",
	"research": {
		"parent": "ship-refabricator",
		"requirements":
		    [
		    "thorium/300"
		    "silicon/500"
		    "oxide/100"
		    "carbide/30"
		    ]
		"objectives": [
            {
				"type": "OnSector",
				"preset": "siege"
			}
			]}
}