{
	"type": "Reconstructor",
	"name": "战甲重构厂",
	"description": "将输入的战甲升级重构成更加强力的t2",
    "health":1000,
	"size":3,
	"liquidCapacity":180,
	"consumes":{
		"power":3,
		"items": {
		"items": [
	{"item":"silicon","amount":70}
	{"item":"tungsten","amount":70}
	]
	}
	"liquid":
	{"liquid":"hydrogen", "amount": 0.2 }
	},
	"upgrades":[
        ["a-蚕食","b-蚀骨"]
	],
	"constructTime":2700
	"requirements": [
"tungsten/30"
"beryllium/30"
"graphite/100"
"silicon/50"
	],
	"category":"units",
	"research":
	{
	"objectives":[
	{
				"type": "OnSector"
				"preset": "atlas"
	}
				]
				"parent":"战甲制造厂"
    }
}