{
"type":"hover",//飞船
"flying":false,
"name":"立方体1",
"description":""
"research":"",//科技树上级
    "hovering":true,
            "drag":0.07,
            "speed":1,
            "rotateSpeed":5,
            "accel":0.09,
            	"engineSize":0
            "health":2000,
            "armor":2,
            "hitSize":2,
            "engineOffset":0,
            "engineSize":0,
            "itemCapacity":0,
            "faceTarget": true,
            "useEngineElevation":false,
            "targetAir": false,
        "weapons":[	{	
		"reload": 30, 
        "x": 0,  "y": 0, 
        "rotate": false,
        "inaccuracy": 0,
		"shootSound": "none",
		"alternate": true,
		"ejectEffect":"none",
		"bullet":{
		"killShooter": false,//杀死发射单位
"buildingDamageMultiplier":1,
	    "damage":50,	  
	    "speed":1,
	    "lifetime":10,
	    "width":0,	 "height":0
	}	}],
	"abilities":[
	{
	"type": "RegenAbility",//自我修复
	"percentAmount": 0.005,//修复百分比
	}	],
}