{
	"type": "flying",
	"name": "间谍无人机",
	"description": "无法攻击，可以探明大片迷雾，自我修",
	"speed": 1.1,	
	"drag":0.05,"accel":0.1,
	"rotateSpeed":10,
	"ammoType":{
	"type":"PowerAmmoType",
	"totalPower":100},
	"ammoCapacity": 300,
	"fogRadius":250//开雾范围
	"abilities": [
        {
        "type": "RepairFieldAbility"
        "amount":1
        "reload": 10
        "range": 0.1
    }]
	    "health": 1500,
	"hitSize":6, 
	"flying": true,
	"faceTarget": true
	"itemCapacity": 0,
	"engineOffset": 0
	"engineSize": 0
"research": "空军工厂2",
    "researchCostMultiplier": 0.8
}
