{
	"type": "flying",
	"name": "导弹飞艇",
	"description": "范围性的对空对地导弹，自我修复",
	"speed": 1.39,	
	"drag":0.05,"accel":0.1,
	"rotateSpeed":1,
	"ammoType":{
	"type":"PowerAmmoType",
	"totalPower":100},
	"ammoCapacity": 300,
	    "health": 1000,
	"hitSize":12, 
	"flying": true,
	"faceTarget": true,
	"armor":0,
	"engineOffset": 0
	"engineSize": 0,
	"itemCapacity": 0,
	"abilities": [
        {
        "type": "RepairFieldAbility"
        "amount":1
        "reload": 15
        "range": 0.1
    }]
		"weapons":[
	{	"name": "无",	
		"reload": 120, 
		"targetAir" :true,
	"targetGround": true,
	"shoot":{
	"shots":3,
	"shotDelay":60},
		"x": 5,  "y": -1,
		"rotate": false,
		"shootCone":12,
		"inaccuracy": 0,
		"mirror": true,
		"shootSound": "无",
		"bullet":{
		"collidesAir": true
    "collidesGround": true,
	    "sprite":"missile",
			"splashDamageRadius":15,
	"splashDamage":80,	  
	    "speed":3,
	    "lifetime":60,
	    "width":10,	 "height":10
	    "homingRange": 8,
            "homingPower": 0.5,
	}}
	]
    "research": {
	"parent":"直升机"
	}
	"researchCostMultiplier": 0.4,
}
