{
	"type": "flying",
	"name": "武装直升机",
	"description": "只能攻击地面单位，攻击力强，全副武装",
	"speed": 1.1,	
	"drag":0.05,"accel":0.1,
	"rotateSpeed":10,
	"ammoType":{
	"type":"PowerAmmoType",
	"totalPower":100},
	"ammoCapacity": 300,
	    "health": 260,
	"hitSize":6, 
	"flying": true,
	"faceTarget": true
	"itemCapacity": 0,
	"engineOffset": 0
	"engineSize": 0
		"weapons":[{	"name": "无",	
		"reload":40,
        "x": 0,  "y": 0, 
        "inaccuracy": 0,
        "mirror": false,
        "targetAir" :false,
	"targetGround": true,
		"shoot":{
			"shots":1,
			"shotDelay":3
		},
		"shootSound": "空炮",
		"rotateSpeed": 0,//炮台转头速度
		"alternate": true,
		"ejectEffect":"casing1",
		"bullet":{
		"collidesAir": false
    "collidesGround": true,
	    "damage":35,	  
	    "speed":2,
	    "lifetime":70,
	    "width":9,	 "height":9
	}	}
]
"research": "空军工厂2",
    "researchCostMultiplier": 0.2
}
