{
	"type": "flying",
	"name": "重型拦截机",
	"description": "移动速度快，只能攻击空中,全副武装并带有护盾",
	"speed": 2.5,	
	"drag":0.05,"accel":0.1,
	"rotateSpeed":10,
	"ammoType":{
	"type":"PowerAmmoType",
	"totalPower":100},
	"ammoCapacity": 300,
	    "health": 150,
	"hitSize":4, 
	"flying": true,
	"faceTarget": true
	"itemCapacity": 0,
	"engineOffset": 0
	"engineSize": 0
		"abilities": [
		{
			"type": "ForceFieldAbility",
			"sides": 12,
			"radius": 6,
			"max": 450,
			"regen": 0.15
			"cooldown": 0
		}
	],
		"weapons":[{	"name": "重拦1",	
		"reload":20,
        "x": 2,  "y": 2.4, 
        "inaccuracy": 0,
        "mirror": true,
        "targetAir" :true,
	"targetGround": false,
		"shoot":{
			"shots":1,
		},
		"shootSound": "等离子",
		"rotateSpeed": 0,//炮台转头速度
		"alternate": false,
		"ejectEffect":"casing1",
		"bullet":{
		"collidesAir": true
    "collidesGround": false,
	    "damage":12,	  
	    "speed":10,
	    "lifetime":17,
	    "width":3,	 "height":6
	}	}
]
"research": "直升机",
    "researchCostMultiplier": 0.4
}
