{
	"type": "payload",
	"payloadCapacity": 756
	"name": "飞行堡垒",
	"description": "用于运输单位，可以攻击，必要时可降落为地面单位",
		"ammoType":{
	"type":"PowerAmmoType",
	"totalPower":2200},
	"lowAltitude":true
	"hovering":true,
    "canDrown": true,
	"ammoCapacity": 700
    "ammoResupplyAmount":1,
	"hovering":true,
    "hovering":false,
    "canDrown": true,
    "drownTimeMultiplier":0.001
    "speed": 1.5,
	"flying": true,
	"turnCursor":false,
	"engineOffset": 0,
	"engineSize": 0,
    "hitSize": 22
    "targetAir":"true",
    "health": 6000,
    "armor": 0
    "buildSpeed": 0
    	"engineOffset": 0
	"engineSize": 0, 
		"faceTarget": false,
		    "lowAltitude":true,
    "rotateSpeed": 1,
    "itemCapacity": 30,
    "rotateShooting": false,
     "canBoost": true,
    "abilities": [
        {
        "type": "RepairFieldAbility"
        "amount":1
        "reload": 10
        "range": 0.1
    }]
    "weapons":[
    {	"name": "飞行堡垒1",	
    "targetAir" :true,
	"targetGround": true,
		"reload":24.6,
        "x": 3,  "y": -3, 
        "rotate": true,
        "inaccuracy": 0,
        "rotateSpeed": 5
		"shoot":{
			"shots":1,
			"shotDelay":3
		},
		"mirror":true,
		"shootSound": "等离子",
		"alternate": true,
		"ejectEffect":"casing1",
		"bullet":{
		"collidesAir": true
    "collidesGround": true,
	    "damage":35,	  
	    "speed":10,
	    "lifetime":21,
	    "width":7,	 "height":10
	}	}]
   "research": {
	"parent":"实悬浮坦克"

	}
    	"researchCostMultiplier": 2,
}