{
    "type": "AttributeCrafter",
    "name": "孢子培养中心",
	"description": "一个顶仨",
	"health":620,
    "size": 2,
    "outputItem": {"item": "spore-pod", "amount": 50	},
    "drawer":{
	    "type":"DrawMulti",
	    "drawers":[
	        "DrawDefault",
            "DrawCultivator",
	        {
	            "type":"DrawRegion",
	            "suffix":"-top"
	        }
	        ]
	},
    "hasItems": true,
    "hasLiquids": true,
    "hasPower": true,
    "requirements": [ 
    {"item": "lead", "amount": 75 },
    {"item": "silicon", "amount": 20 },
    {"item": "metaglass", "amount": 10 },
    {"item": "titanium", "amount": 5 },],
"consumes": {
    "power": 6.6,
    "liquid": {"liquid": "water",
    "amount": 0.6  },
},
    "itemCapacity": 65,
    "liquidCapacity":240,
    "craftTime": 6,
    "category": "production",
	"research": "cultivator"
}