{
	"type": "GenericCrafter",
	"name": "电解槽",
	"description": "将氯化镧分解成镧[green]别问我氯气去哪儿了",
	"outputItem": {"item": "镧壳", "amount": 10},
	"health": 3600,
	"itemCapacity": 40,
	"size": 3,
	"craftEffect":{"type": "MultiEffect",
        "effects": [
        {"type": "ParticleEffect",
        "particles": 8,
        "sizeFrom": 8,
        "sizeTo": 0,
        "length": 35,
        "baseLength": 13,
        "lifetime": 35,
        "colorFrom": "73737390",
        "colorTo": "73737390",
        "cone": 360},
        {"type": "ParticleEffect",
        "particles": 12,
        "line":true,
        "length": 43,
        "baseLength": 3,
        "lifetime": 20,
        "colorFrom": "FFFFFF",
        "colorTo": "FFE176FF",
        "cone": 360},
        {"type": "ParticleEffect",
        "particles": 1,
        "sizeFrom": 0,
        "sizeTo": 45,
        "length": 0,
        "baseLength": 0,
        "lifetime": 10,
        "colorFrom": "FFFFFF80",
        "colorTo": "FFFFFF00",
        "cone": 360},
        {"type": "WaveEffect",
        "lifetime": 10,
        "sizeFrom": 0,
        "sizeTo": 45,
        "strokeFrom":3,
        "strokeTo": 0,
        "colorFrom": "FFFFFFFF",
        "colorTo": "FFFFFF00"}]},
	"hasPower": true,
	"hasLiquids": false,
	"hasItems": true,
	"craftTime": 200,
	"updateEffect": "mineBig",
	"consumes": {
	"power": 2.0,
	"items": {	"items": [
	{ "item": "氯化镧", "amount": 20 }	]
		}
	},
	"requirements": [
		{ "item": "copper", "amount":100 },
		{ "item": "lead", "amount": 50 },
		{ "item": "graphite", "amount": 50 }
		{ "item": "镍", "amount": 50 }
		],
	"category": "crafting",
	"research": "silicon-smelter",
}