{
	"type": "GenericCrafter",
	"name": "超级压缩机",
	"description": "将碳块压成一片的石墨烯，再将石墨烯压成一块的石墨",
	"outputItem": {"item": "graphite", "amount": 20	},
	"health": 600,
	"itemCapacity": 25,
	"size": 2,
	"drawer": {
		"type": "DrawMulti",
		"drawers": [
	{"type":"DrawPistons",
	"sinMag":1},
	"DrawDefault",
	]},
	"craftEffect":{"type": "MultiEffect",
        "effects": [
        {"type": "ParticleEffect",
        "particles": 8,
        "sizeFrom": 8,
        "sizeTo": 0,
        "length": 35,
        "baseLength": 13,
        "lifetime": 35,
        "colorFrom": "73737390",
        "colorTo": "73737390",
        "cone": 360},
        {"type": "ParticleEffect",
        "particles": 12,
        "line":true,
        "length": 43,
        "baseLength": 3,
        "lifetime": 20,
        "colorFrom": "FFFFFF",
        "colorTo": "FFE176FF",
        "cone": 360},
        {"type": "ParticleEffect",
        "particles": 1,
        "sizeFrom": 0,
        "sizeTo": 45,
        "length": 0,
        "baseLength": 0,
        "lifetime": 10,
        "colorFrom": "FFFFFF80",
        "colorTo": "FFFFFF00",
        "cone": 360},
        {"type": "WaveEffect",
        "lifetime": 10,
        "sizeFrom": 0,
        "sizeTo": 45,
        "strokeFrom":3,
        "strokeTo": 0,
        "colorFrom": "FFFFFFFF",
        "colorTo": "FFFFFF00"}]},
	"hasPower": true,
	"hasLiquids": false,
	"hasItems": true,
	"craftTime": 90,
	"updateEffect": "mineBig",
	"consumes": {
	"power": 2.0,
	"items": {	"items": [
	{ "item": "coal", "amount": 25 }	]
		}
	},
	"requirements": [
		{ "item": "copper", "amount":10 },
		{ "item": "lead", "amount": 5 },
		{ "item": "graphite", "amount": 5 }
		],
	"category": "crafting",
	"research": "silicon-smelter",
}