{
    "type": "GenericCrafter",
	"name": "可乐调配机",
	"description": "将糖与水适当混合并注入二氧化碳以调配可乐.",
	"health":160,
	"itemCapacity": 20,
	"size": 3,
	"hasPower": true,
	"hasliquid": true,
	"hasItems": true,
	"craftTime": 60,
	"updateEffect": "mineHuge",
	"consumes": {
		"power": 1.3,
		"liquid": {
			"liquid": "water", 
			"amount": 0.4,
		},
		"items": {
			"items":  [
		{ "item": "糖", "amount": 6 }
		],
		},
	},
	"outputLiquid": { "liquid": "可乐", "amount": 0.5 },
	"requirements": [
		{ "item": "copper", "amount": 100 },
		{ "item": "lead", "amount": 100 },
		{ "item": "graphite", "amount": 50 }
	],
	"category": "crafting",
    "research": "糖分提取机"
    "shownPlanets": [serpulo, 目标行星]
}