{
    "type": "GenericCrafter",
	"name": "糖分提取机",
	"description": "从孢子中提取糖分，作为食品添加剂.",
    "health":50,
	"itemCapacity": 10,
	"size": 2,
	"hasPower": true,
	"hasItems": true,
	"craftTime": 30,
	"updateEffect": "mine",
	"consumes": {
		"power": 0.5,
		"items": {
			"items": [
				{ "item": "spore-pod", "amount": 1 }
			]
		}
	},
	"outputItem": { "item": "糖", "amount": 1 },
	"requirements": [	    
	    { "item": "copper", "amount": 30 },
		{ "item": "lead", "amount": 30 },
		{ "item": "graphite", "amount": 30 },
	],
	"category": "crafting",
	"research": "spore-press"
	"shownPlanets": [serpulo, 目标行星]
}