{
	"type": "GenericCrafter",
	"name": "茶叶罐装机",
	"description": "将茶叶装入铝罐，以生产小罐茶.",
    "health": 250,
    "flameColor": "83f38f",
	"itemCapacity": 15,
	"size": 2,
	"hasPower": true,
	"hasItems": true,
	"craftTime": 60,
	"updateEffect": "mine",
	"consumes": {
		"power": 1.5,
		"items": {
			"items": [
			{"item": "茶叶", "amount": 2 },
			{"item": "铝罐", "amount": 1 }
			]
		},
	},
	"outputItem": { "item": "小罐茶", "amount": 1 },
	"requirements": [
 	    { "item": "lead", "amount": 75 }
	    { "item": "graphite", "amount": 60 },
	    { "item": "titanium", "amount": 50 },
	],
	"category": "crafting",
	"research": "茶叶种植机"
	"shownPlanets": [serpulo, 目标行星]
}