{
    "type": "GenericCrafter",
	"name": "荧光酥饼压制机",
	"description": "向苞子荚中加入钍而后放至石油中煎炸，最后用模具固定成型以制作荧光酥饼.",
	"health":1500
	"flameColor": "#a288eb",
	"itemCapacity": 30,
	"size": 3,
	"hasPower": true,
	"hasliquid": true,
	"hasItems": true,
	"craftTime": 90,
	"consumes": {
		"power": 10,
		"liquid": {
			"liquid": "oil", 
			"amount": 0.12,
		},
		"items": {
			"items":  [
		{ "item": "spore-pod", "amount": 5 },
		{ "item": "thorium", "amount": 15 },
		],
		},
	},
	"outputItem": { "item": "荧光酥饼", "amount": 1 },
	"requirements": [
		{ "item": "lead", "amount": 350 },
		{ "item": "graphite", "amount": 300 },
		{ "item": "thorium", "amount": 300 },
		{ "item": "silicon", "amount": 250 },
		{ "item": "晶状合金", "amount": 200 },
		{ "item": "多元复合物", "amount": 50 },
	],
	"category": "crafting",
	"idleSound": "respawning",
	"idleSoundVolume": 0.1,
	"research": "核子可乐压缩机"
	"shownPlanets": [serpulo, 目标行星]
}