{
	"type":"PowerTurret",//类型:消耗物品的炮塔
	"name":"礼花",//名字
    "description":"工业时代支援炮台",//介绍
    "details":"华丽的谢幕"
	"size":4,//物品面积
	"health":2024,//建筑血量
	"range":365,//攻击范围
	"reload":366//攻击速度（每多少帧射击一次）(一秒60帧)
	"inaccuracy":0,//误差(度)
	"ammoUseEffect": "none",
	"rotateSpeed":1.14,//旋转速度
	"targetAir":true//攻击天空
	"targetGround":true,//攻击地面
	"heatColor":"000000",
	"shootSound":"corexplode",
	"recoilTime": 60,//后坐力恢复时间
    "recoil": 2,//后坐力
    "shootY": 12,
    "requirements": [
"lead/120",
"surge-alloy/120",
"metaglass/800",
"烟花/300",
		"silicon/750"
		"titanium/450",
		"graphite/800",
		"铜钱/1200"
	],//造价
    "squareSprite": false//是否为正方形(如果不是传送带和液体管道向内延伸)
    "shootWarmupSpeed": 0.03,//展开速度
    "moveWhileCharging": false,//蓄力时不可移动
    "minWarmup": 0.98
    "cooldownTime": 300,//过热贴图冷却时间
	"consumes": {"power":67.44}
	"loopSound": "hum",
	"loopSoundVolume": 1,
    "shoot":{
		"type":"ShootPattern",
		"firstShotDelay":60
	},
	"chargeSound":"lasercharge",
    "drawer":{"type":"DrawTurret",
        "parts":[
            {
			"type": "RegionPart",
			"mirror": true,
			"suffix": "-a",
			"y": 0,
			"x": 0,
			"moveY": 10,
			"moveX": 3,
            }
            {
            "type":"RegionPart",
            "mirror":false,//是否开启镜像
            "x":0,"y":0,//初始位置
            "suffix":"-b"//,贴图后
            "layer":50,//层，49-110
            "moveX":0,//改变位置
            "moveY":8
			"moves": [
				{
				"progress": "recoil",
				"y": -8,
				}
			],
            }
            {
            "type":"RegionPart",
            "mirror":true,//是否开启镜像
            "x":0,"y":0,//初始位置
            "suffix":"-c"//,贴图后
            "layer":51,//层，49-110
            "moveX":4,//改变位置
            "moveY":-6
            }
            {
            "type":"RegionPart",
            "mirror":true,//是否开启镜像
            "x":0,"y":0,//初始位置
            "suffix":"-d"//,贴图后
            "layer":51,//层，49-110
            "moveX":2.4,//改变位置
            "moveY":-6
            }
            {
            "type":"RegionPart",
            "mirror":true,//是否开启镜像
            "x":0,"y":0,//初始位置
            "suffix":"-e"//,贴图后
            "layer":50,//层，49-110
            "moveX":4,//改变位置
            "moveY":2
            }
            {
            "type":"RegionPart",
            "mirror":true,//是否开启镜像
            "x":0,"y":0,//初始位置
            "suffix":"-f"//,贴图后
            "layer":50,//层，49-110
            "moveX":8,//改变位置
            "moveY":4
            }
            {
            "type":"RegionPart",
            "mirror":true,//是否开启镜像
            "x":0,"y":0,//初始位置
            "suffix":"-g"//,贴图后
            "layer":50,//层，49-110
            "moveX":-4,//改变位置
            "moveY":-4
            }
        ]
    }
	"shootType":{
	"statusDuration": 120,
                "status": "新年快乐"
	    "type": "ArtilleryBulletType",
	    "drag":0.01//每帧减少的移速,百分值
	    "speed": 5.0,
	    "lifeTime": 300,
	    "splashDamage": 1.24
	    "Damage": 1.24
	    "splashDamageRadius": 64,
		"shrinkX": 1,
		"shrinkX": 1,
        "fragRandomSpread": 0,
    	"fragSpread": 0,
		"fragBullets": 1,
		"fragVelocityMin": 1,
		"fragVelocityMax": 1,
		"shootEffect": {
			"type":"WrapEffect",
			"effect":"dynamicSpikes",
			"color":"FFD37FFF",
			"rotation":18
    	},
        "chargeEffect":{//蓄力特效
            "y": 12,
            "type": "MultiEffect",
            "effects": [
                {     
                "type": "ParticleEffect",
                "particles": 10,
                "sizeFrom": 0,
                "sizeTo": 2,
                "length": 60,
                "baseLength": -60,
                "lifetime": 20,
                "colorFrom": "FFFFFF",
                "colorTo": "FFD37FFF",
                "cone": 360
                }
                {     
                "type": "ParticleEffect",
                "particles": 10,
                "sizeFrom": 0,
                "sizeTo": 4,
                "length": 60,
                "baseLength": -60,
                "lifetime": 20,
                "startDelay": 15,//启动延迟
                "colorFrom": "FFFFFF",
                "colorTo": "FFD37FFF",
                "cone": 360
                }
                {     
                "type": "ParticleEffect",
                "particles": 10,
                "sizeFrom": 0,
                "sizeTo": 6,
                "length": 60,
                "baseLength": -60,
                "lifetime": 20,
                "startDelay": 30,//启动延迟
                "colorFrom": "FFFFFF",
                "colorTo": "FFD37FFF",
                "cone": 360
                }
                {     
                "type": "ParticleEffect",
                "particles": 1,
                "sizeFrom": 0,
                "sizeTo": 8,
                "length": 0,
                "baseLength": -0,
                "lifetime": 60,
                "colorFrom": "FFFFFF",
                "colorTo": "FFD37FFF",
                "cone": 360
                }
            ]
        },
		"parts": [
            {
                "type": "FlarePart",
                "rotation": 0,
                "color1": "FFD37FFF",
                "stroke": 5,
                "radius": 5,
                "radiusTo": 15,
                "progress": {
                    "type": "life",
                    "op": "curve",
                    "interp": "pow3Out"
                }
            }
        ]
		"fragBullet": {
		"statusDuration": 60,
                "status": "新年快乐"
    	    "type": "BombBulletType",
    	    "hitSound":"cannon",
            "splashDamageRadius": 64,
            "splashDamage": 1.24
            "instantDisappear": true,
            //"killShooter": true,
            "hittable": false,
            "collidesAir": true
            "hitSound": "largeExplosion",
        	"fragRandomSpread": 0,
        	"fragSpread": 18,
    		"fragBullets": 20,
    		"fragVelocityMin": 1,
    		"fragVelocityMax": 1.5,
    		"fragLifeMin": 0.5,
    		"fragLifeMax": 1.5,
    		"fragBullet": {
    		    "drag":0.01//每帧减少的移速,百分值
    		    "lifetime": 100,
    		    	"statusDuration": 120,
                "status": "新年快乐"
    			"type": "BasicBulletType",
    			"absorbable": false,//是否可以被立场吸收
            	"hittable": false,//子弹是否会被激光裂解摧毁
            	"reflectable": false,//子弹是否会被反弹
            	"collides": false,
            	"splashDamageRadius": 16,
                "splashDamage": 1.24
                "Damage": 1.24
                "speed": 3.0,
    			"weaveScale": 51,//数字越大摆动越大
    			"weaveMag": 11,//数字越大转的越快
    			"weaveRandom": false,//随机
    			"trailLength": 10,//拖尾长
                "trailWidth": 2,//拖尾宽
                "trailColor": "FFD37FFF",
    			"parts": [
                    {
                        "type": "FlarePart",
                        "rotation": 0,
                        "color1": "FFD37FFF",
                        "stroke": 5,
                        "radius": 5,
                        "radiusTo": 10,
                        "progress": {
                            "type": "life",
                            "op": "curve",
                            "interp": "pow3Out"
                        }
                    }
                ]
                "despawnEffect": {
    				"type":"WrapEffect",
    				"effect":"dynamicSpikes",
    				"color":"FFD37FFF",
    				"rotation":10
    			},
    			"hitEffect": {
    				"type":"WrapEffect",
    				"effect":"dynamicSpikes",
    				"color":"FFD37FFF",
    				"rotation":10
    			},
    			"hitSound":"cannon",
    			"intervalRandomSpread": 0,//散播程度(散播角度,类似于误差)
    			"intervalSpread": 45,//分裂角度
    			"intervalBullets": 4,//分裂数量
    			"bulletInterval": 10,//分裂间隔
                "intervalBullet":{//飞行的时候持续分裂
    				"type":"LightningBulletType",
    				"lightningColor": "FFD37FFF"
    				"damage": 24,
    				"speed": 1,
    				"lightningLength":4,
    				"despawnEffect":"none"
    			}
    		}
        	"spawnBullets": [
            	{
            	    "type": "BombBulletType",
                    "splashDamageRadius": 64,
                    "splashDamage": 0.24
                    "instantDisappear": true,
                    "hittable": false,
                    "collidesAir": true
                    "hitSound": "largeExplosion",
                	"fragRandomSpread": 0,
                	"fragSpread": 36,
            		"fragBullets": 10,
            		"fragVelocityMin": 1,
            		"fragVelocityMax": 1,
            		"fragBullet": {
                	    "drag":0.01//每帧减少的移速,百分值
            		    "lifetime": 40,
            			"type": "BasicBulletType",
        			    "absorbable": false,//是否可以被立场吸收
                    	"hittable": false,//子弹是否会被激光裂解摧毁
                    	"reflectable": false,//子弹是否会被反弹
                    	"collides": false,
                        "speed": 2.0,
            			"trailLength": 15,//拖尾长
                        "trailWidth": 2,//拖尾宽
                        "trailColor": "FFD37FFF",
            			"parts": [
                            {
                                "type": "FlarePart",
                                "rotation": 0,
                                "color1": "FFD37FFF",
                                "stroke": 5,
                                "radius": 5,
                                "radiusTo": 35,
                                "progress": {
                                    "type": "life",
                                    "op": "curve",
                                    "interp": "pow3Out"
                                }
                            }
                        ]
                        "despawnEffect": "none"
                        "hitEffect": "none",
                        "fragRandomSpread": 0,
                    	"fragSpread": 0,
                		"fragBullets": 1,
                		"fragVelocityMin": 1,
                		"fragVelocityMax": 1,
                		"fragBullet": {
                		    "lifetime": 100,
                			"type": "BasicBulletType",
                        	"collides": false,
                			"hittable": false,//子弹是否会被激光裂解摧毁
                			"reflectable": false,//子弹是否会被反弹？
                		    "weaveScale": 100,//数字越大摆动越大
        			        "weaveMag": 3,//数字越大转的越快
        			        "weaveRandom": false,//随机
                            "speed": 2.0,
                			"trailLength": 15,//拖尾长
                            "trailWidth": 2,//拖尾宽
                            "trailColor": "FFD37FFF",
                			"parts": [
                                {
                                    "type": "FlarePart",
                                    "rotation": 0,
                                    "color1": "FFD37FFF",
                                    "stroke": 5,
                                    "radius": 35,
                                    "radiusTo": 35,
                                    "progress": {
                                        "type": "life",
                                        "op": "curve",
                                        "interp": "pow3Out"
                                    }
                                }
                            ]
                            "despawnEffect": "none"
                            "hitEffect": "none",
                            "fragRandomSpread": 0,
                        	"fragSpread": 0,
                    		"fragBullets": 1,
                    		"fragVelocityMin": 1,
                    		"fragVelocityMax": 1,
                    		"fragBullet": {
                                "type": "LaserBulletType",
                    			"length": 160,
                    			"width": 64,
                    			"sideAngle": 45,//光效角度
                    			"sideWidth": 8,//光效宽度
                    			"sideLength": 8,//光效长度
                    			"damage": 24,
                    			"pierceArmor": true,//穿透护甲
                    			"colors": [
                    				"FFD37F55",
                    				"FFD37FFF",
                    				"FFFFFF"
                    			],
                    		}
                		}
            		}
            	}
        	]
        }
    },
	"category": "turret",//类型
}