{
	"size": 3,
	"itemCapacity": 36,
	"liquidCapacity": 36,
	"baseEfficiency": 1,
	"boostScale": 0.19,
	"maxBoost": 3,
	"consumes": {
		"power": 4.7,
		"liquid": "cryofluid/0.167"
	},
	"craftTime": 360,
	"craftEffect": "mine",
	"outputItem": "低温化合物/2",
	"requirements": [
		"铱板/155",
		"metaglass/75",
		"plastanium/35",
		"导能回路/25"
	],
	"drawer": {
		"type": "DrawMulti",
		"drawers": [
			{
				"type": "DrawRegion",
				"suffix": "-bottom"
			},
			{
				"type": "DrawLiquidTile",
				"drawLiquid": "cryofluid"
			},
			"DrawDefault",
			"DrawFade",
			{
				"type": "DrawParticles",
				"color": "C0ECFF",
				"alpha": 0.6,
				"particles": 30,
				"particleLife": 120,
				"particleRad": 18,
				"particleSize": 1.5,
				"fadeMargin": 0.5,
				"rotateScl": 0.5
			}
		]
	},
	"category": "crafting",
	"research": "cryofluid-mixer"
}