{
	"type": "GenericCrafter",
	"size": 2,
	"hasLiquids": true,
	"itemCapacity": 24,
	"liquidCapacity": 24,
	"consumes": {
		"power": 6,
		"items": {
			"items": [
				"生物钢/1"
			]
		},
		"liquid": "slag/0.2"
	},
	"craftTime": 120,
	"outputLiquid": "血水/0.2",
	"requirements": [
		"metaglass/55",
		"铱板/75",
		"silicon/60",
		"生物钢/45"
	],
	"drawer": {
		"type": "DrawMulti",
		"drawers": [
			"DrawDefault",
			{
				"type": "DrawLiquidRegion",
				"drawLiquid": "血水"
			},
			{
				"type": "DrawRegion",
				"suffix": "-top"
			}
		]
	},
	"updateEffect": "melting",
	"category": "crafting",
	"research": {
		"parent": "生物钢重组器",
		"objectives": [
			"熔炉大"
		]
	}
}