{
	//"type": "GenericCrafter",
	"size": 5,
	"dumpTime": 2.5,
	"itemCapacity": 120,
	"liquidCapacity": 60,
	"consumes": {
		"power": 23.8,
		"items": {
			"items": [
				"铌/12",
				"导能回路/8",
				"phase-fabric/16"
			]
		},
		"liquid": "cryofluid/0.5"
	},
	"craftTime": 1440,
	//"canOverdrive": false,
	"craftEffect": {
		"type": "multiEffect",
		"effects": [
			{
				"type": "RadialEffect",
				"effect": "surgeCruciSmoke",
				"rotationSpacing": 90,
				"rotationOffset": 30,
				"lengthOffset": 17,
				"amount": 4
			},
			{
				"type": "RadialEffect",
				"effect": "surgeCruciSmoke",
				"rotationSpacing": 90,
				"rotationOffset": 60,
				"lengthOffset": 17,
				"amount": 4
			}
		]
	},
	"outputItem": "以太能/24",
	"requirements": [
		"铱板/230",
		"铈/115",
		"导能回路/85",
		"陶钢/45"
	],
	"drawer": {
		"type": "DrawMulti",
		"drawers": [
			{
				"type": "DrawRegion",
				"suffix": "-bottom"
			},
			{
				"type": "DrawCircles",
				"color": "FEB380",
				"amount": 3,
				"sides": 16,
				"x": 0,
				"y": 0,
				"strokeMax": 2,
				"strokeMin": 1,
				"timeScl": 240,
				"radius": 11,
				"radiusOffset": 8,
				"strokeInterp": "pow3In"
			},
			{
				"type": "DrawMultiWeave",
				"glowColor": "FF6666CD",
				"fadeWeave": true
			},
			"DrawDefault",
			{
				"type": "DrawGlowRegion",
				"color": "FF664D",
				"alpha": 0.8,
				"glowIntensity": 1,
				"glowScale": 18.84
			},
			{
				"type": "DrawGlowRegion",
				"suffix": "-heat",
				"color": "F0511D",
				"alpha": 0.8,
				"glowIntensity": 1,
				"glowScale": 4.71
			}
		]
	},
	"ambientSound": "bioLoop",
	"ambientSoundVolume": 0.03,
	"category": "crafting",
	"research": {
		"parent": "陶钢熔炼炉",
		"objectives": [
			"meltdown",
			"冲压锻炉"
		]
	}
}