{
    "speed":0.55,
    "hitSize":8,
    "name": "尖刀SG",
    "health":680,
    "description":"搭载了机炮与导弹的陆军单位……",
    "details":"由尖刀S升级而来的单兵装甲，因其相对廉价、方便制造且火力不俗，广受低端战役欢迎……"
    "itemCapacity":20,
    "armor":6,
    "type": "mech",
    "canBoost":true,
    //能否使用推进器飞行
    "mechLandShake":1,
    //着陆震动
    "riseSpeed":2,
    //双腿收起速度
    "engineSize":2,
    //引擎尺寸
    "engineOffset":4,
    //引擎偏移
    "boostMultiplier":1.75,
    //飞行速度
    "research": "尖刀S",
    "immunities":[
        "基因崩溃",
        "孢子抑制",
        "触礁",
        ],
    "weapons": [
        {
            "name": "尖刀S机炮",
            "reload":7,
            "x":4,
            "y":2,
            "top": false,
            "ejectEffect": "casing1",
            "bullet": {
                "type": "BasicBulletType",
                "damage":20,
                "speed":6,
                "width":7,
                "height":12,
                "lifetime":30,
                "shootEffect": "shootSmall",
                "smokeEffect": "shootSmallSmoke",
                "ammoMultiplier": 2
            }
        },
        {
			"name":"尖刀SG导弹",
			//武器贴图的名字
			"top":false,
			"x":2.1,
			"y":0,
			"shootSound":"missile",
			"reload":50,
			"bullet":{
				"damage":5,
				"splashDamage":20,
                //范围伤害
                "splashDamageRadius":8,
                //范围伤害半径(8:1)
                "status":"blasted",
                "width":4,
                //子弹宽度
                "height":12,
                //子弹长度
				"speed":7,
				"hitEffect":"flakExplosion",
				"lifetime":30,
    			"type":"MissileBulletType"
    			//导弹的type
    			"homingPower":2,
    			//追踪力度
    			"trailChance":0.4
    			//尾迹产生频率
				}
		},
    ]
}