{
    "speed":0.41,
    "hitSize":10,
    "name": "战锤S",
    "health": 700,
    "description":"由火焰喷射器更换为等离子体喷射器，并加强了生存能力，但相应的，某些方面变弱了……",
    "itemCapacity":0,
    "armor":6,
    "type": "mech",
    "research": "mace",
    "immunities":[
        "基因崩溃",
        "孢子抑制",
        "burning",
        "触礁",
        ],
    "weapons": [
        {
            "name": "战锤S武器",
            "shootSound":"flame"
            "reload":10,
            "recoil":1,
            "shootY":3,
            "x":5.6,
            "y":0,
            "shootCone":6,
            "rotate":false,
            "top":false,
            "ejectEffect":"none",
            "bullet": {
                "type": "BasicBulletType",
                "collidesAir":true,
                "damage":45,
                "status":"slow",
                "statusDuration":180,
                "pierce":true,
                "hitSize":8,
                "speed":5,
                "width": 0.1,
                "height": 0.1,
                "lifetime":20,
                "shootEffect":{
                    "type": "ParticleEffect",
                    "particles": 40,
                    "sizeFrom": 4,
                    "sizeTo": 1,
                    "length": 104,
                    "lifetime": 35,
                    "interp": "circleOut",
                    "colorFrom": "009FCC",
                    "colorTo": "0066FF",
                    "cone":6,
    },
                "hitEffect":"hitFlameSmall",
                "despawnEffect":"none",
                "keepVelocity":false,
                "hittable":false,
                //能否被拦截
                "reflectable":false,
                //能否被反射
                "ammoMultiplier":3,
                "incendAmount":1,
            }
        }
    ]
}