{
  "type": "LiquidTurret",
  "name": "Perforate(射孔)",
  "description": "重型反地面炮塔，需提供矿渣与电力",
  "size": 4,
  "squareSprite": false,
  "targetAir": false,
  "heatColor": "f5ea9eaa",
  "drawer": {
    "type": "DrawTurret",
    "basePrefix": "reinforced-",
    "parts": [
      {
        "type": "RegionPart",
        "suffix": "-barrel-r",
        "progress": "recoil",
        "heatProgress": "recoil",
        "heatColor": "f5ea9eaa",
        "moveX": 1,
        "moveY": -2,
      },
      {
        "type": "RegionPart",
        "suffix": "-barrel-l",
        "progress": "recoil",
        "heatProgress": "recoil",
        "heatColor": "f5ea9eaa",
        "moveX": -1,
        "moveY": -2,
      },
      {
        "type": "RegionPart",
        "suffix": "-bottom-r",
        "progress": "warmup",
        "heatProgress": "warmup",
        "heatColor": "f5ea9eaa",
        "moveY": -1,
      },
      {
        "type": "RegionPart",
        "suffix": "-bottom-l",
        "progress": "warmup",
        "heatProgress": "warmup",
        "heatColor": "f5ea9eaa",
        "moveY": -1,
      },
      {
        "type": "RegionPart",
        "suffix": "-main-r",
        "progress": "warmup",
        "heatProgress": "warmup",
        "heatColor": "f5ea9eaa",
        "moveX": 1,
      },
      {
        "type": "RegionPart",
        "suffix": "-main-l",
        "progress": "warmup",
        "heatProgress": "warmup",
        "heatColor": "f5ea9eaa",
        "moveX": -1,
      },
      {
        "type": "RegionPart",
        "suffix": "-side-l",
        "progress": "warmup",
        "heatProgress": "warmup",
        "heatColor": "f5ea9eaa",
        "moveY": 2,
      },
      {
        "type": "RegionPart",
        "suffix": "-side-r",
        "progress": "warmup",
        "heatProgress": "warmup",
        "heatColor": "f5ea9eaa",
        "moveY": 2,
      },
      {
        "type": "RegionPart",
        "suffix": "-barrel-m",
        "progress": "recoil",
        "heatProgress": "recoil",
        "heatColor": "f5ea9eaa",
        "moveY": -4,
      },
    ]
  },
  "health": 2460,
  "shoot": {
    "type": "shootBarrel"
    "shotDelay": 0,
    "shots": 3,
    "barrels": [
      -8, -4, 0,
      0, -4, 0,
      8, -4, 0,
    ]
  },
  "reload": 30,
  "range": 300,
  "inaccuracy": 2,
  "recoil": 0.5,
  "rotateSpeed": 3,
  "shootSound": "shootBig",
  "liquidConsumed": 0.5,
  "consumes": {
    "power": 6,
  },
  "ammoTypes": {
    "slag": {
      "type": "basicBulletType",
        "sprite": "bullet",
        "damage": 110,
        "pierce": true,
        "pierceBuilding": false,
        "pierceCap": 5,
        "speed": 5,
        "shrinkY": 0,
        "shrinkX": 0,
        "width": 12,
        "height": 12,
        "trailColor": "f7e87e",
        "trailLength": 16,
        "trailWidth": 6,
        "lifetime": 60,
        "lightColor": "f5ea9e",
        "colorFrom": "f5ea9e",
        "colorTo": "f7e87e"
      }
    },
  "requirements": [
    "oxide/80",
    "surge-alloy/80",
    "static-compound/100",
    "silicon/200",
    "beryllium/150",
  ],
  "category": "turret",
  "research": "3z0-amplify"
}
