{
	"type": "GenericCrafter",
	"name": "物液压缩机",
	"description": "模组群：883091914",
	"details":"看什么看群在上面？"
	"outputItems":["物液奇点/30",]//产出
	"size": 4,//建筑大小
	"health":210,//血量
	"craftTime":384,//÷60
	"itemCapacity": 70,//容量
	"liquidCapacity":20,
	"consumes": {
    "power":3.75//×60
    "liquids" : {
        "liquids" : [
              "water/0.08333333333","slag/0.08333333333","oil/0.08333333333","cryofluid/0.08333333333"
        ]
}
    "items":{
          "items":[
	            "copper/1","lead/1","metaglass/1","graphite/1","sand/1","coal/1","titanium/1","thorium/1","scrap/1","silicon/1","plastanium/1","phase-fabric/1","surge-alloy/1","spore-pod/1","blast-compound/1","pyratite/1",
	]
	}
	}
    "requirements": [
    "copper/600","lead/600","metaglass/400","silicon/700","graphite/450","titanium/450",
	],//建造材料
    "category": "crafting",
	"research":
	{
	"requirements":[
                "copper/15000",
                "lead/15000",
                "metaglass/15000",
                "silicon/15000",
                "graphite/15000",
                "titanium/15000",
    ]
	"root":true,//根（创建科技树）
	"planet": "serpulo",//所属星球
	"name":"无尽科技"}
	"updateEffect":"smeltsmoke",
	"canOverdrive": true,
	"hasPower": true,
	
	"hasItems": true,
}