{
    "type": "SingleTypeGenerator",
    "name": " 摩擦发电机",
    "description": "然而并没有什么卵用",
    "size": 1,
    "health": 1000,
    "itemCapacity": 50,
    "hasLiquids": false,
    "hasItems": true,
    "itemDuration": 3000
    "powerProduction":1000000000000000000
        "consumes": {
		"items": {
			"items": [
				{ "item": "copper", "amount": 1 }
			],
			"optional": true
		}
	},
    "requirements": [
		{"item": "copper", "amount": 5},
	],
	"category": "power",
	"research": "濒临能量体"
}