{
	"type": "ArtilleryTurret",
	"name": "濒临电磁炮",
	"description": "用铜作为子弹，内置电源~",
	"health": 10000,
	"size": 3,
	"reload":6,
	"range": 8000,
	"ammoUseEffect": "bigShockwave",
	"inaccuracy": 10,
	"targetGround":true,
	"rotatespeed": 5,
	"ammo": {
		"copper": {
		   "type": "BasicBulletType",
			"splashDamageRadius":50000,
			"splashDamage":5000000,
			"speed": 6,
			"damage": 1000000000,
			"bulletWidth": 20,
			"bulletHeight": 20,
			"trailEffect": "nuclearShockwave",
			"smokeEffect": "bigShockwave",
			"ammoMultiplier": 1,
			"homingPower":1,
			"lightining": 30,
			"lightningLength": 35,
			"homingRange":3000,
			"lifetime":600,
			"backColor":"0825ff",
			"fontColor":"0966f4",
			"heatColor":"0966f4",
			"trailColor":"3C14eC"
		}
	},
	"requirements": [
		{ "item": "copper", "amount": 4 }
	],
	"category": "turret",
	"research": "濒临能量炮"
}