{
	"type":"MassDriver",
	"name":"物品传送器",
	"description":"一个快速质驱",
	"size":2,
	"health":30000.0,
	"hasPower":true,
	"hasLiquids":false,
	"hasItems":true,
	"itemCapacity":50,
	"range":320,
	"reloadTime":1,
	"rotateSpeed":0.5,
	"shake":0,
	"minDistribute":2,
	"knockback":0,
	"shootEffect":"none",
	"smokeEffect":"none",
	"recieveEffect":"none",
	"consumes":{
		"power":1.0,
	},
	"requirements":[
		{"item":"copper","amount":1},
	],
	"category":"distribution",
	"research": "传送带"
}