{
	"type": "missile",
	"template": "MissileUnitType",
	"outlineColor":"383848",
	"name": "核导弹",
	"immunities": [//豁免权
		"spore-slowed","sapped","freezing",
	],
	"homingDelay": -9,//归航延迟
	"speed": 6,//速度
	"lifetime": 930,//寿命
	"rotateSpeed": 0.5,//旋转速度
	"loopSoundVolume": 0.5,//运行音量
	"deathSound": "核爆1",//死亡之声
	"hidden": true,//隐
	"missileAccelTime": 10,//导弹加速时间
	"hitSize": 6,//命中大小
	"health": 9090050,//健康
	"fogRadius": 38,//雾半径
	"engineColor": "FF5B5B",//发动机颜色
	"trailColor": "FF5B5B50",//轨迹颜色
	"trailLength": 35,//步道长度
	"engineLayer": 110,//引擎层
	"engineOffset": 8,//发动机偏移量
	"engineSize": 4,//发动机尺寸
	"maxRange": 300,//最大范围
	"abilities": [//能力
		{
			"type": "MoveEffectAbility",
			"effect": {
				"type": "ParticleEffect",//粒子效果
				"sizeFrom": 10,//尺寸从
				"sizeTo": 25,//尺寸
				"length": 32,//长度
				"baseLength": 0,//基长
				"lifetime": 40,//寿命
				"colorFrom": "FF5B5B",
				"colorTo": "E3E3E300",//颜色到
				"cone": 28
			},
			"interval": 3,//间隔
			"rotateEffect": true,//旋转效果
			"y": -18,
			"color": "FF5B5B"
		}
	],
	"weapons": [
		{
			"name": "自爆",
			"x": 0,
			"y": 0,
			"reload": 9,//重新加载
			"mirror": false,//镜子
			"rotate": true,//旋转
			"shake": 10,//摇
			"shootSound": "none",//射击声音
			"shootOnDeath": true,//死亡射击
			"shootCone": 360,//射锥
			"bullet": {//子弹
				"collides":true,//碰撞
				"instantDisappear": true,//即时消失
				"ammoMultiplier": 1,//弹药倍增器
				"hitSound": "核爆1",//击中声音
				"hitSoundVolume": 2500,//击打音量
				"killShooter": true,//击杀射手
				"splashDamageRadius": 1900,//飞溅伤害半径
				"splashDamage": 209000,//溅射伤害
				"status": "burning",//地位
				"statusDuration": 60,//状态持续时间
				"hitShake": 405,//点击震动
				"shootEffect":  {
					"type": "MultiEffect",
					"effects": [
						"massiveExplosion",
						{
							"type":"WrapEffect",
							"effect":"scatheExplosion",
							"color":"FF5B5B"
						}
					]},
				"smokeEffect": "none",
				"despawnEffect": "none",//消失效果
				"hitEffect": {//命中效果
					"type": "MultiEffect",
					"effects": [
						{
							"type": "ParticleEffect",
							"particles": 26,
							"sizeFrom": 13,
							"sizeTo": 100,
							"length": 306,
							"baseLength": 20,
							"interp": "pow10Out",
							"sizeInterp": "pow10Out",
							"lifetime": 505,
							"colorFrom": "FF5B5B",
							"colorTo": "FF5B5B00"
						},
                                                {
							"type": "ParticleEffect",
							"particles": 26,
							"sizeFrom": 23,
							"sizeTo": 200,
							"length": 306,
							"baseLength": 20,
							"interp": "pow10Out",
							"sizeInterp": "pow10Out",
							"lifetime": 505,
							"colorFrom": "FF5B5B",
							"colorTo": "FF5B5B00"
						},
                                                {
							"type": "ParticleEffect",
							"particles": 26,
							"sizeFrom": 13,
							"sizeTo": 200,
							"length": 306,
							"baseLength": 20,
							"interp": "pow10Out",
							"sizeInterp": "pow10Out",
							"lifetime": 505,
							"colorFrom": "FF5B5B",
							"colorTo": "FF5B5B00"
						},

						{
							"type": "WaveEffect",
							"lifetime": 250,//寿命
							"sizeFrom": 100,
							"sizeTo": 2500,
							"strokeFrom": 20,
							"strokeTo": 10,//笔划至
							"colorFrom": "FF5B5B",
							"colorTo": "FF5B5B"
						}
                                                {
							"type": "WaveEffect",
							"lifetime": 200,//寿命
							"sizeFrom": 200,
							"sizeTo": 1000,
							"strokeFrom": 20,
							"strokeTo": 10,//笔划至
							"colorFrom": "FF5B5B",
							"colorTo": "FF5B5B"
						}
					]
				}
			}
		}
	]
}