{
	"type": "flying",
	"name": "Fire-火光",
	"description": "火光与你同在",
	"speed": 0.4,	
	"drag":0.05,"accel":0.1,
	"rotateSpeed":0.5
	    "abilities": [{
        "type": "RepairFieldAbility"
        "amount":300
        "reload":60
        "range": 1
    }
    {//死亡时产生单位
			"type": "SpawnDeathAbility",
			"unit": "uA0AB1耀龙",
			"amount": 3,//固定数量
			"randAmount": 0//随机数量
	},]
	"ammoType":{
	"type":"PowerAmmoType",
	"totalPower":100},
	"ammoCapacity": 300,
	"hitSize":178
	"flying": true,
	"faceTarget": true,
	"health": 250000,
	"armor":2147483617,
	"engineOffset": 22
	"engineSize": 22
	"weapons": [
	{	"name": "ZZFire-火光2",	
	               	"shootCone":30,
		"reload":33,
		"x":-72
		"y":-32
		"mirror":true
        "shootX": 0
         "shootY": 0
        "rotate": true,
        "inaccuracy": 30
		"shootSound": "missileLarge",
		"rotateSpeed": 0
		"alternate": true,
		"ejectEffect":"casing1",
		"shoot":{
		"shots":2
	    "shotDelay":22
	    "barrels": 3
		"spread": 4
	},
   "recoil": 0
   "recoils": 0
		"bullet":{
		"sprite":"missile",
	    "reloadMultiplier":1.4
			"speed":3
			"damage": 22
			"lifetime":440,
			"width":18
			"height":42
			 "weaveMag":6
	        "weaveScale":6
			"splashDamageRadius":15,
		"splashDamage":78
	    "makeFire":true,
			"ammoMultiplier":5
			"shootEffect":"shootSmall",
	     	"backColor":"f0511d",
			"frontColor":"f0511d"
              "status":"melting",
	"statusDuration":240,
	"makeFire":true,
	"bulletInterval":10
				 "intervalBullets":3
        "intervalBullet":{
        "type": "LiquidBulletType",
	"liquid": "slag",
	"speed": 2.34,
	"lifetime":60,
	"knockback":0.3,
	"statusDuration":120,
	"status":"melting",
	"damage": 7.5
	"makeFire":true,
	"fragBullets": 8,
	"fragRandomSpread": 12,
			"fragBullet": {
				"type": "LiquidBulletType",
	"liquid": "slag",
	"speed": 2.34,
	"lifetime":6,
	"knockback":0.3,
	"statusDuration":120,
	"status":"melting",
	"damage": 7.5
	"makeFire":true,
	"bulletInterval":1
				 "intervalBullets":12
        "intervalBullet":{
        "type": "LiquidBulletType",
	"liquid": "slag",
	"speed": 2.34,
	"lifetime":6,
	"knockback":0.3,
	"statusDuration":120,
	"status":"melting",
	"damage": 7.5
	"makeFire":true,
        }
        }
	}
	
	"fragBullets": 8,
	"fragRandomSpread": 12,
			"fragBullet": {
				"type": "LiquidBulletType",
	"liquid": "slag",
	"speed": 2.34,
	"lifetime":60,
	"knockback":0.3,
	"statusDuration":120,
	"status":"melting",
	"damage": 7.5
	"makeFire":true,
	"bulletInterval":1
				 "intervalBullets":5
        "intervalBullet":{
        "type": "LiquidBulletType",
	"liquid": "slag",
	"speed": 2.34,
	"lifetime":6,
	"knockback":0.3,
	"statusDuration":120,
	"status":"melting",
	"damage": 7.5
	"makeFire":true,
	"bulletInterval":1
				 "fragRandomSpread":5
        "fragBullet":{
        "type": "LiquidBulletType",
	"liquid": "slag",
	"speed": 2.34,
	"lifetime":6,
	"knockback":0.3,
	"statusDuration":120,
	"status":"melting",
	"damage": 7.5
	"makeFire":true,
        }
        }
        }
        }
        }
		{
	"name": "无",	
    "shoot":{
		"shots":2
	    "shotDelay":90
	},
	"ammoUseEffect": "casing2Double",
	"shootSound":"respawn",
	"reload":1200
        "x":49
        "y":12
        "rotate": false,
		"shootY":3,
        "rotateSpeed":0
        "inaccuracy": 120
        "baseRotation":-90
        "shootCone": 360,
        "mirror":true,
        "alternate": false,
	"bullet":{
	         "type": "BasicBulletType",
             "spawnUnit": "欧米茄聚变导弹",
             "speed": 0,
	               	}}
		{	"name": "ZZFire-火光1",	
	               	"shootCone":30,
		"reload":33,
		"x":-72
		"y":12
		"mirror":true
        "shootX": 0
         "shootY": 0
        "rotate": true,
        "inaccuracy": 30
		"shootSound": "missileLarge",
		"rotateSpeed": 0
		"alternate": true,
		"ejectEffect":"casing1",
		"shoot":{
		"shots":2
	    "shotDelay":22
	    "barrels": 3
		"spread": 4
	},
   "recoil": 0
   "recoils": 0
		"bullet":{
		"sprite":"missile",
	    "reloadMultiplier":1.4
			"speed":3
			"damage": 22
			"lifetime":440,
			"width":18
			"height":42
			 "weaveMag":6
	        "weaveScale":6
			"splashDamageRadius":15,
		"splashDamage":78
	    "makeFire":true,
			"ammoMultiplier":5
			"shootEffect":"shootSmall",
	     	"backColor":"f0511d",
			"frontColor":"f0511d"
              "status":"melting",
	"statusDuration":240,
	"makeFire":true,
	"bulletInterval":10
				 "intervalBullets":3
        "intervalBullet":{
        "type": "LiquidBulletType",
	"liquid": "slag",
	"speed": 2.34,
	"lifetime":60,
	"knockback":0.3,
	"statusDuration":120,
	"status":"melting",
	"damage": 7.5
	"makeFire":true,
	"fragBullets": 8,
	"fragRandomSpread": 12,
			"fragBullet": {
				"type": "LiquidBulletType",
	"liquid": "slag",
	"speed": 2.34,
	"lifetime":6,
	"knockback":0.3,
	"statusDuration":120,
	"status":"melting",
	"damage": 7.5
	"makeFire":true,
	"bulletInterval":1
				 "intervalBullets":12
        "intervalBullet":{
        "type": "LiquidBulletType",
	"liquid": "slag",
	"speed": 2.34,
	"lifetime":6,
	"knockback":0.3,
	"statusDuration":120,
	"status":"melting",
	"damage": 7.5
	"makeFire":true,
        }
        }
	}
	
	"fragBullets": 8,
	"fragRandomSpread": 12,
			"fragBullet": {
				"type": "LiquidBulletType",
	"liquid": "slag",
	"speed": 2.34,
	"lifetime":60,
	"knockback":0.3,
	"statusDuration":120,
	"status":"melting",
	"damage": 7.5
	"makeFire":true,
	"bulletInterval":1
				 "intervalBullets":5
        "intervalBullet":{
        "type": "LiquidBulletType",
	"liquid": "slag",
	"speed": 2.34,
	"lifetime":6,
	"knockback":0.3,
	"statusDuration":120,
	"status":"melting",
	"damage": 7.5
	"makeFire":true,
	"bulletInterval":1
				 "fragRandomSpread":5
        "fragBullet":{
        "type": "LiquidBulletType",
	"liquid": "slag",
	"speed": 2.34,
	"lifetime":6,
	"knockback":0.3,
	"statusDuration":120,
	"status":"melting",
	"damage": 7.5
	"makeFire":true,
        }
        }
        }
	}
	}
	
	{	"name": "ZZFire-火光",	
	               	"shootCone":30,
		"reload":9999
		"x":0
		"y":0
		"mirror":true
        "shootX": 0
         "shootY": 0
        "rotate": true,
        "inaccuracy": 30
		"shootSound": "missileLarge",
		"rotateSpeed": 0
		"alternate": true,
		"rotate":false
		"ejectEffect":"casing1",
		"shoot":{
		"shots":2
	    "shotDelay":22
	    "barrels": 3
		"spread": 4
	},
   "recoil": 0
   "recoils": 0
		"bullet":{
			"speed":0
			"damage": 0
			"lifetime":0,
			"width":0.1
			"height":0.1
        }
        }
        
        {
			"name": "ZZFire-火",
			"reload": 120,
			"x": 62
			"y": 56
			"top": false,
			"recoil": 0
			"inaccuracy": 0,
			"alternate": true,
			"mirror": true
			"shootSound": "plasmaboom",
			"shootCone": 30,
			"parts": [
        {"type": "RegionPart",
        "mirror": false
        "x": -62
        "y": -35
        "suffix": "光3-2",
        "layer": 100,
        "moveX": 12
        "moveY": 32
        "moveRot":30
        }
        {"type": "RegionPart",
        "mirror": false
        "x": -62
        "y": -35
        "suffix": "光3-1",
        "layer": 100,
        "moveX": 0
        "moveY": 0
        }
        ]
			"bullet": {
			"type": "LaserBulletType",
	"chargeEffect":{
		"type":"MultiEffect",
		"effects":["lancerLaserCharge","lancerLaserChargeBegin"]
	},
	"colors": ["f0511d","f0511d50","FFFFFF"],
	"status": "melting",
			"statusDuration": 330,
	"pierceBuilding": true,
		"collidesGround":true,
			"collidesAir":true,
	"despawnEffect":"none",
	"damage": 666
	"ammoMultiplier":1,
	"pierce": true
	"width": 59,	"length": 560,
	"lifetime": 30,
	"collidesAir": true
			}
		}          	          
	               	]
}