{
    "name": "氨合成器"
    "health": 315
	"size": 3
	"hasPower": true
	"hasLiquids": true
	"hasItems": true
    "liquidCapacity": 120
    "itemCapacity": 32
	"requirements": [
	   "建材II/15"
	   "机械零件II/8"
	   "机械组件I/12"
	]
	"category": "crafting"
	"drawer":{
	    "type":"DrawMulti"
	    "drawers":[
	        {
	        "type": "DrawRegion"
            "suffix": "-bottom"
	        }
            {
            "type": "drawLiquidTile"
            "drawLiquid": "氨气"
            "padding": 2
            }
	        "DrawDefault"
	    ]
	}
}