{
	"type": "flying",
	"name":" ES西塔",
	"description": "保护终代核心，可建造建筑。 ",
	"speed": 3,
	"accel":0.05,"drag":0.03,
	"rotateSpeed":5,
	"hitSize":16, 
	"buildSpeed":2.5,
	"flying": true,
	"health":420,
	"armor":7,
	"mineTier":2,
	"mineSpeed":7,
		"engineOffset": 6,
	"engineSize": 3,
			"immunities": [
		
		"自毁"
	],
		"weapons":[{	"name": "无",	
		"reload":15,
        "x": 0,  "y": 0, 
        "rotate": true,
        "reload":75
        "inaccuracy": 15,
		"shoot":{
			"shots":3,
			"shotDelay":0
		},
		"shootSound": "swish",
		"rotateSpeed": 0,//炮台转头速度
		"alternate": true,
		"ejectEffect":"casing3",
		"bullet":{
"buildingDamageMultiplier":0.0,
	    "damage":60,	  
	    "speed":7,
	    "lifetime":25,
	    "homingRange": 40,
	    	"splashDamageRadius":35,
	"splashDamage":35,
	    "sprite":"missile-back",
            "homingPower": 0.1,
	    "width":14,	 "height":18
	    "cone": 60//圆锥角度
	}	}
	{	"name": "小炮",	
		"reload":15,
        "x": 3,  "y": 2, 
        "rotate": true,
        "inaccuracy": 0,
		"shoot":{
			"shots":2,
			"shotDelay":3
		},
		"shootSound": "pew",
		"rotateSpeed": 0,//炮台转头速度
		"alternate": true,
		"ejectEffect":"casing1",
		"bullet":{
	    "damage":18,	  
	    "speed":3,
	    "lifetime":50,
	    "buildingDamageMultiplier":0.0,
	    "width":7,	 "height":10
	}	}
]
}
