{
	"type": "GenericSmelter",
	"name": "废料工厂",
	"description": "粉碎机将废料碾成沙子，而我们可以将沙子聚合成废料，究极黑科技",
    "health": 100,
	"outputItem": { "item": "scrap", "amount": 1 },
	"itemCapacity": 15,
	"size": 2,
	"hasPower": true,
	"hasItems": true,
	"craftTime": 10,
	"updateEffect": "mine",
	"consumes": {
		"power": 4,
		"items":{
		    "items":[
		       {"item":"sand","amount": 2},
		    ]
		},
		"liquid": { "liquid": "water", "amount": 0.2},
	},
	"requirements": [
 	{ "item": "lead", "amount": 20 },
	 { "item": "titanium", "amount": 200 },
	 { "item": "silicon", "amount": 100 }
	],
	"category": "crafting",
	"research": "红豆混合器"
}