{
	"type": "SolidPump",
	"name": "矿渣汲取器",
	"description": "从地下吸取矿渣.
	（岩浆不知道怎么回事不能输出，所以改用矿渣）",
	"pumpAmount":0.2,
	"result":"slag",
	"health":300.0,
	"size":3,
	"rotatespeed":30,
	"hasPower":true,
	"hasLiquids":true,
	"updateEffect":"smeltsmoke",
	"consumes":{
		"power":2.20
	},
	"requirements":[
		{ "item":"lead","amount": 120 },
		 {"item": "titanium", "amount": 60 },
		{"item": "graphite", "amount": 65 },
		{"item": "silicon", "amount": 100 }
	],
	"category":"production",
	"research":"incinerator",
	"idleSound":"respawning",
	"idleSoundVolume": 0.6
}