{
	"type": "Cultivator",
	"name": "红豆种植机",
	"description": "一个温湿度适宜的温室，用于种植红豆.
	多好的红豆",
	"health":40,
	"outputItem": {
		"item": "红豆", "amount": 1 },
	"itemCapacity": 20,
	"size": 3,
	"hasPower": true,
	"hasliquid": true,
	"hasItems": true,
	"updateEffect": "none",
	"craftTime": 110,
	"consumes": {
		"power": 0.7,
		"liquid": {
			"liquid": "water", 
			"amount": 0.3,
		}
		
	},
	"requirements": [
		{ "item": "copper", "amount": 40 },
		{ "item": "lead", "amount": 40 },
		{ "item": "silicon", "amount": 20 },
		{ "item": "食品工厂-晶状合金", "amount": 10 }
	],
	"plantColor": "#68cd55",
	"plantColorLight": "#ff0000",
	"category": "production",
	"idleSound": "machine",
	"idleSoundVolume": 0.1,
	"research": "cultivator"
} 