{
	"type": "GenericSmelter",
	"name": "红豆混合器",
	"description": "将生产出来的红豆跟钍混合得到辐射红豆.
	你敢尝尝吗",
 "health": 120,
	"outputItem": { "item": "辐射红豆", "amount": 1 },
	"itemCapacity": 15,
	"size": 2,
	"hasPower": true,
	"hasItems": true,
	"craftTime": 120,
	"updateEffect": "mine",
	"consumes": {
		"power": 2.5,
		"items":{
		    "items":[
		       {"item":"红豆","amount": 1},
		       {"item":"thorium","amount": 2}
		    ]
		},
		"liquid": { "liquid": "water", "amount": 0.2},
	},
	"requirements": [
 	{ "item": "lead", "amount": 90 },
	 { "item": "titanium", "amount": 85 },
	 { "item": "silicon", "amount": 60 }
	],
	"category": "crafting",
	"research": "红豆种植机"
}