{
	"type": "NuclearReactor",
	"name": "肉发电机",
	"description": "将肉作为聚变材料，产生大量电力，缺少冷却供应时会产生爆炸.",
 "health": 400,
	"itemCapacity": 30,
 "liquidCapacity": 30,
	"size": 3,
	"powerProduction": 25,
	"explosionRadius": 80,
 "explosionDamage": 4000,
	"itemDuration": 300,
	"coolantPower": 1.0,
 "hasItems": true,
 "hasPower": true,
 "hasLiquids": true,
 "heating": 0.01,
	"craftTime": 90,
	"consumes": {
	 "items": {
		"items": [
			{ "item": "肉", "amount": 1 }
			]},
		"liquid": 
		{	"liquid": "食品工厂-糖浆", "update": false,	"amount": 0.05 }
	},
	"requirements": [
	 { "item": "metaglass", "amount": 150 },
 	{ "item": "graphite","amount": 300 },
 	{ "item": "silicon", "amount": 400 },
	 { "item": "thorium", "amount": 250 }
	 { "item": "食品工厂-晶状合金", "amount": 100 },
	],
	"category": "power",
	"research": "thorium-reactor"
}