{
	"name": "调料工厂",
	"description": "将钍跟孢子夹放在水中打粉调制并烘干，得到放射性调料.
	你敢尝尝吗",
    "health": 120,
	"outputItem": { "item": "放射性调料", "amount": 1 },
	"itemCapacity": 20,
	"size": 3,
	"hasPower": true,
	"hasItems": true,
	"craftTime": 120,
	"updateEffect": "mine",
	"consumes": {
		"power": 2.5,
		"items":{
		    "items":[
		       {"item":"spore-pod","amount": 1},
		       {"item":"thorium","amount": 2}
		    ]
		},
		"liquid": { "liquid": "water", "amount": 0.2},
	},
	"requirements": [
 	{ "item": "lead", "amount": 100 },
	 { "item": "titanium", "amount": 120 },
	 { "item": "silicon", "amount": 90 }
	],
	"category": "crafting",
	"research": "红豆种植机"
}