{
	"name": "面包发射器",
	"description": "高级炮塔，超大范围打击，公司的强力武器之一.",
	"health": 800,
	"size": 4,
	"reload":100,
	"range": 600,
	"shootShake": 4,
	"recoil": 6,
	"shots": 1,
	"inaccuracy": 0,
	"rotatespeed": 5,
	"shootSound": "shotgun",
	"ArtilleryTurret": false,
	"ammoUseEffect": "shellEjectMedium",
	"requirements": [
	    { "item": "lead", "amount": 350 },
		{"item": "silicon", "amount": 150 },
		{"item": "plastanium", "amount": 100 },
		{"item": "食品工厂-晶状合金", "amount": 500 },
		{"item": "食品工厂-多元复合物", "amount": 10}
		
	],
	"category": "turret",
	"research": "食品工厂-晶束炮"
}
