{
	"type": "mendProjector",
	"name": "修理器lll",
	"description": "快速定期修复建筑\n固态能可以提升性能",
	"health":880,
	"size": 3,
	"buildCostMultiplier": 0.8,
	"reload": 300,
	"range": 160,
	"healPercent": 20,
	"itemCapacity": 20,
	"phaseBoost": 40,
	"phaseRangeBoost": 40,
			"canOverdrive": true,
	"consumes": {
		"power": 4.5,
		"items": {
			"items": [
				"固态能/1",
			],
			"optional": true,
			"booster": true
		}
	},
	"requirements": [
	"铝钢/85"
	"金/120"
	"铀/80"
	"塑胶/45"
	],
	"category": "effect",
	"research": "大型修理器"
}