{
	"name": "超速力场",
	"description": "提高附近方块的工作效率\n可使用固态能来提高加速倍数",//介绍
	"type": "OverdriveProjector"
	"health": 805,//生命
	"size": 2,//占地边长支持1~9对应贴图1x1=32x32像素.
	"range": 100,//范围
	"speedBoostPhase": 0.5,//加速加成
	"useTime": 100//使用一个物品加成时间
	"phaseRangeBoost": 35,// 加速范围百分比
	"speedBoost": 1.6,//加成倍率格式1.0
	"consumes": {
		"power": 4.7,//工作能量消耗,比例1:60
        "items":{
			"items":[
				{"item":"固态能","amount":1}
			]
			"booster":true
			"optional": true
		}
	},
	"requirements": [
		{ "item": "锂", "amount":65 }
		{ "item": "锡", "amount":45}
		{ "item": "纯硅晶", "amount":45 }
		"塑胶/25"
	]
	"category": "effect",
	"research":"力墙发生场"
}