{
	"name": "超速投射器",
	"description": "提高附近方块的工作效率\n可使用固态能来提高加速倍数",//介绍
	"type": "OverdriveProjector"
	"health": 850,//生命
	"size": 3,//占地边长支持1~9对应贴图1x1=32x32像素.
	"range": 200,//范围
	"speedBoostPhase": 0.8,//加速加成
	"useTime": 180//使用一个物品加成时间
	"phaseRangeBoost": 55,// 加速范围百分比
	"speedBoost": 2.3,//加成倍率格式1.0
	"consumes": {
		"power": 16,//工作能量消耗,比例1:60
        "items":{
			"items":[
				{"item":"固态能","amount":1}
				{"item":"纯硅晶","amount":1}
			]
			"booster":true
			"optional": false
		}
	},
	"requirements": [
	{ "item": "铝钢", "amount":125 }
		{ "item": "锡", "amount":65}
		{ "item": "纯硅晶", "amount":65 }
		"塑胶/45"
		"金辉合金/65"
	]
	"category": "effect",
	"research":"超速力场"
}