{
// "type": "ItemTurret",
//炮塔类型有: 
"name": "波动",
"description": "发射微型烟花弹",
"health": 400,
"size": 2,
"reload": 30,
//装弹时间，越小越快(60为1秒)
"range": 200,
//射程(半径,8代表一格)
"inaccuracy":0,
//子弹偏转度
"recoil":1,
//后坐力
//"alternate":true,
//炮口是否轮流射击
"shoot":1
"rotateSpeed":5,
//炮台转动速度
"maxAmmo":32,
//弹药量
 "consumes":{
	 "coolant": {
           "amount": 0.15,
           "optional": true
          }
	}
"alwaysUnlocked":false,
//科技树里是否默认解锁
"ammoTypes": {
"锆": {
	"type":"ArtilleryBulletType",
"speed":4,
"splashDamageRadius":8,
"splashDamage":15,
"reloadMultiplier":1,
"ammoMultiplier":1,
"width":5,
"height":8,
"inaccuracy":0,
"smokeEffect": "none",
"lifetime":45
"collidesAir":true,
"collidesGround": true,
    "despawnEffect":{
                "type": "multiEffect",
			"lifetime": 60,
			"effects": [	
 {"type": "ParticleEffect",
    "particles": 1,
    "sizeFrom": 3,"sizeTo": 3,
    "length": 0,"baseLength":0,
    "lifetime": 10,
    "colorFrom": "99F8FFFF",
    "colorTo": "99F8FFFF",
    "cone": 360},
    	{"type": "WaveEffect",
		"lifetime": 25,//存在时间
		"sizeFrom": 0,
		"sizeTo": 20,
		"strokeFrom": 3.5,
		"strokeTo": 0,
		"colorFrom": "74C2E8FF",
		"colorTo": "99F8FFFF"},
            ],
                }
"fragBullets": 4,
"fragVelocityMax": 2,
"fragVelocityMin": 2,
"fragRandomSpread":0,//随机分裂角度
"fragSpread":90//分裂角度
"fragAngle":0,//分裂起始角度，
"fragBullet":{
	"type":"ArtilleryBulletType",
"speed":2,
"splashDamageRadius":16,
"splashDamage":35,
"reloadMultiplier":1,
"ammoMultiplier":1,
"width":8,
"height":8,
"inaccuracy":0,
"smokeEffect": "none",
"lifetime":5
"collidesAir":true,
"collidesGround": true,
 "despawnEffect":{
                "type": "multiEffect",
			"lifetime": 60,
			"effects": [	
 {"type": "ParticleEffect",
    "particles": 1,
    "sizeFrom": 3,"sizeTo": 3,
    "length": 0,"baseLength":0,
    "lifetime": 10,
    "colorFrom": "99F8FFFF",
    "colorTo": "99F8FFFF",
    "cone": 360},
    	{"type": "WaveEffect",
		"lifetime": 25,//存在时间
		"sizeFrom": 0,
		"sizeTo": 20,
		"strokeFrom": 3.5,
		"strokeTo": 0,
		"colorFrom": "74C2E8FF",
		"colorTo": "99F8FFFF"},
            ],
                }
}
}
"钙": {
	"type":"ArtilleryBulletType",
"speed":4,
"splashDamageRadius":6,
"splashDamage":20,
"reloadMultiplier":1,
"ammoMultiplier":1,
"width":5,
"height":8,
"inaccuracy":0,
"smokeEffect": "none",
"lifetime":45
"collidesAir":true,
"collidesGround": true,
  "despawnEffect":{
                "type": "multiEffect",
			"lifetime": 60,
			"effects": [	
 {"type": "ParticleEffect",
    "particles": 1,
    "sizeFrom": 3,"sizeTo": 3,
    "length": 0,"baseLength":0,
    "lifetime": 10,
    "colorFrom": "99F8FFFF",
    "colorTo": "99F8FFFF",
    "cone": 360},
    	{"type": "WaveEffect",
		"lifetime": 25,//存在时间
		"sizeFrom": 0,
		"sizeTo": 20,
		"strokeFrom": 3.5,
		"strokeTo": 0,
		"colorFrom": "74C2E8FF",
		"colorTo": "99F8FFFF"},
            ],
                }
"fragBullets": 4,
"fragVelocityMax": 2,
"fragVelocityMin": 2,
"fragRandomSpread":0,//随机分裂角度
"fragSpread":90//分裂角度
"fragAngle":0,//分裂起始角度，
"fragBullet":{
	"type":"ArtilleryBulletType",
"speed":2,
"splashDamageRadius":16,
"splashDamage":35,
"reloadMultiplier":1,
"ammoMultiplier":1,
"width":8,
"height":8,
"inaccuracy":0,
"smokeEffect": "none",
"lifetime":5
"collidesAir":true,
"collidesGround": true,
  "despawnEffect":{
                "type": "multiEffect",
			"lifetime": 60,
			"effects": [	
 {"type": "ParticleEffect",
    "particles": 1,
    "sizeFrom": 3,"sizeTo": 3,
    "length": 0,"baseLength":0,
    "lifetime": 10,
    "colorFrom": "99F8FFFF",
    "colorTo": "99F8FFFF",
    "cone": 360},
    	{"type": "WaveEffect",
		"lifetime": 25,//存在时间
		"sizeFrom": 0,
		"sizeTo": 20,
		"strokeFrom": 3.5,
		"strokeTo": 0,
		"colorFrom": "74C2E8FF",
		"colorTo": "99F8FFFF"},
            ],
                }
}
}
"黄玉": {
	"type":"ArtilleryBulletType",
"speed":4,
"splashDamageRadius":8,
"splashDamage":30,
"reloadMultiplier":1,
"ammoMultiplier":1,
"width":5,
"height":8,
"inaccuracy":0,
"smokeEffect": "none",
"lifetime":45
"collidesAir":true,
"collidesGround": true,
  "despawnEffect":{
                "type": "multiEffect",
			"lifetime": 60,
			"effects": [	
 {"type": "ParticleEffect",
    "particles": 1,
    "sizeFrom": 3,"sizeTo": 3,
    "length": 0,"baseLength":0,
    "lifetime": 10,
    "colorFrom": "99F8FFFF",
    "colorTo": "99F8FFFF",
    "cone": 360},
    	{"type": "WaveEffect",
		"lifetime": 25,//存在时间
		"sizeFrom": 0,
		"sizeTo": 20,
		"strokeFrom": 3.5,
		"strokeTo": 0,
		"colorFrom": "74C2E8FF",
		"colorTo": "99F8FFFF"},
            ],
                }
"fragBullets": 6,
"fragVelocityMax": 2,
"fragVelocityMin": 2,
"fragRandomSpread":0,//随机分裂角度
"fragSpread":60//分裂角度
"fragAngle":0,//分裂起始角度，
"fragBullet":{
	"type":"ArtilleryBulletType",
"speed":2,
"splashDamageRadius":20,
"splashDamage":45,
"reloadMultiplier":1,
"ammoMultiplier":1,
"width":8,
"height":8,
"inaccuracy":0,
"smokeEffect": "none",
"lifetime":5
"collidesAir":true,
"collidesGround": true,
  "despawnEffect":{
                "type": "multiEffect",
			"lifetime": 60,
			"effects": [	
 {"type": "ParticleEffect",
    "particles": 1,
    "sizeFrom": 3,"sizeTo": 3,
    "length": 0,"baseLength":0,
    "lifetime": 10,
    "colorFrom": "99F8FFFF",
    "colorTo": "99F8FFFF",
    "cone": 360},
    	{"type": "WaveEffect",
		"lifetime": 25,//存在时间
		"sizeFrom": 0,
		"sizeTo": 20,
		"strokeFrom": 3.5,
		"strokeTo": 0,
		"colorFrom": "74C2E8FF",
		"colorTo": "99F8FFFF"},
            ],
                }
}
}}
"requirements": [
"锆/145",
"黄玉/85"
],
"category": "turret",
"research": {
"parent": "降临",
},

}