{
	 //"type": "LiquidTurret",
	"name": "焰火",
	"description": "喷火,消耗较多电力",
	"health":800,
	"size":3,
	"armor":2,
	"reload":10,
	"range":150,
	"recoil":1,
		"shoot":{
		"type":"ShootAlternate",
		//"alternate":true,
		"barrels":2,
		//炮口数量
		"spread":2,
		//炮口间距设定
		"shots":2,
		},
	"outlineColor":"212121",
	//轮廓颜色
	"shootSound":"flame",
	"inaccuracy":3,
	//子弹偏移
	"maxAmmo":60,
		"consumes": {
	     "power": 10,
	     "coolant": {
           "amount": 0.2,
           "optional": true
           		"coolantMultiplier":3	
          }
    },
	/*"drawer": {
        "type": "DrawMulti",
        "drawers": [
            {
                "type": "DrawTurret",
                "parts": [
                    {
                        "type": "RegionPart",
                        "mirror":false,
                        //镜像
                        "x": 0,
                        "y": 0,
                        "suffix": "-炮管",
                        "layer": 50,
                        "moveX": 0,
                        "moveY": 5,
                        "heatColor": "FF7055FF"
                    }
                    ]
            }
        ]
    },*/
	"ammoTypes": {
	  "酒精":{
	  "speed":0,
"damage":0,
"reloadMultiplier":1,
"ammoMultiplier":1,
"width":0.1,
"height":0.1,
"inaccuracy":0,
"smokeEffect": "none",
	"shootEffect":"none",
"lifetime":1
  "despawnEffect": {
                "type": "MultiEffect",
                	"lifetime": 60,
                "effects": [
                    {
                        "type": "ParticleEffect",
                        "particles": 35,
                        "sizeTo": 0,
                        "sizeFrom": 3,
                        "colorTo": "F74E1AFF",
                        "colorFrom": "FF6600FF",
                        "cone": 25,
                        "length": 100,
                        "lifetime": 15,
                        "layer": 101,
                        "interp": "circleOut",
                        "sizeInterp": "pow2In"
                    },
                    
                                     {
                        "type": "ParticleEffect",
                        "particles": 18,
                        "sizeTo": 1,
                        "sizeFrom": 3  
                        "colorTo": "F74E1AFF",  
                        "colorFrom": "FF6600FF",
                        "cone": 15,
                        "length": 130,
                        "lifetime": 30,
                        "layer": 100,
                        "interp": "circleOut",
                    }   
                ]
            },
"fragBullets": 1,
"fragVelocityMax": 5,
"fragVelocityMin": 5,
"fragRandomSpread":0,//随机分裂角度
"fragSpread":0//分裂角度
"fragAngle":0,//分裂起始角度，
"fragBullet":{
		"type": "BulletType",
    			"status":"burning"
    				"shootEffect":"none",
    			"collidesAir": true,
    			"speed": 5,
    			"damage":40,
    			"width": 0.1,
    			"height": 0.1,
                "smokeEffect": "none",
                "lifetime": 6,
                //"despawnEffect": "none",
                "hittable": false,
                "reflectable": false,
                "hitEffect": {
                    "type": "ParticleEffect",
                    "particles":7,
                    "sizeFrom": 2,
                    "sizeTo": 0,
                    "length": 20,
                    "lifetime": 15,
                    "interp": "circleOut",
                    "colorFrom": "F74E1AFF",
                    "colorTo": "FF6600FF",
                    "cone": 360
					},
				"pierce": true,
					"pierceCap":2,
				"makeFire":true,
				//制造火焰
				"incendAmount":0.5
				//引火数量
    			}
}
 
   
	},
	"requirements": [
	    "锆/140",
	    "钙/50",
	    "凝胶/80"
	    "黄玉/45"
	],
	"category": "turret",
	"research": {
		"parent": "波动",
		"objectives": [
      {
				"type": "SectorComplete",
				"preset": "崩裂峡谷"
			},
    ],
	},
}