{
// "type": "ItemTurret",
//炮塔类型有: 
"name": "降临",
"description": "发射很弱的破片弹",
"health": 200,
"size": 2,
"reload": 30,
//装弹时间，越小越快(60为1秒)
"range": 180,
//射程(半径,8代表一格)
"inaccuracy":0,
//子弹偏转度
"recoil":1,
//后坐力
//"alternate":true,
//炮口是否轮流射击
"shoot":1
"rotateSpeed":5,
//炮台转动速度
"maxAmmo":25,
//弹药量
 "consumes":{
	 "coolant": {
           "amount": 0.15,
           "optional": true
          }
	}
"alwaysUnlocked":false,
//科技树里是否默认解锁
"ammoTypes": {
"锆": {
"speed":4,
"damage":8,
"reloadMultiplier":1,
"ammoMultiplier":1,
"width":8,
"height":14,
"inaccuracy":0,
"smokeEffect": "none",
"lifetime":42
"despawnEffect":{"type": "ParticleEffect",
    "particles": 1,
    "sizeFrom": 6,"sizeTo": 6,
    "length": 0,"baseLength":0,
    "lifetime": 15,
    "colorFrom": "99F8FFFF",
    "colorTo": "99F8FFFF",
    "cone": 360},
"fragBullets": 3,
"fragVelocityMax": 2,
"fragVelocityMin": 2,
"fragRandomSpread":0,//随机分裂角度
"fragSpread":7//分裂角度
"fragAngle":0,//分裂起始角度，
"fragBullet":{
"speed":2,
"splashDamageRadius":10,
"splashDamage":15,
"reloadMultiplier":1,
"ammoMultiplier":1,
"width":5,
"height":8,
"inaccuracy":0,
"smokeEffect": "none",
"lifetime":10
"despawnEffect":{"type": "ParticleEffect",
    "particles": 1,
    "sizeFrom": 3,"sizeTo": 3,
    "length": 0,"baseLength":0,
    "lifetime": 10,
    "colorFrom": "99F8FFFF",
    "colorTo": "99F8FFFF",
    "cone": 360},
}
}
"钙": {
"speed":4,
"damage":8,
"reloadMultiplier":1,
"ammoMultiplier":1,
"width":8,
"height":14,
"inaccuracy":0,
"smokeEffect": "none",
"lifetime":42
"despawnEffect":{"type": "ParticleEffect",
    "particles": 1,
    "sizeFrom": 6,"sizeTo": 6,
    "length": 0,"baseLength":0,
    "lifetime": 15,
    "colorFrom": "99F8FFFF",
    "colorTo": "99F8FFFF",
    "cone": 360},
"fragBullets": 3,
"fragVelocityMax": 2,
"fragVelocityMin": 2,
"fragRandomSpread":0,//随机分裂角度
"fragSpread":7//分裂角度
"fragAngle":0,//分裂起始角度，
"fragBullet":{
"speed":2,
"splashDamageRadius":10,
"splashDamage":15,
"reloadMultiplier":1,
"ammoMultiplier":1,
"width":5,
"height":8,
"inaccuracy":0,
"smokeEffect": "none",
"lifetime":10
"despawnEffect":{"type": "ParticleEffect",
    "particles": 1,
    "sizeFrom": 3,"sizeTo": 3,
    "length": 0,"baseLength":0,
    "lifetime": 10,
    "colorFrom": "99F8FFFF",
    "colorTo": "99F8FFFF",
    "cone": 360},
}
}
"黄玉": {
"speed":4,
"damage":8,
"reloadMultiplier":1,
"ammoMultiplier":1,
"width":8,
"height":14,
"inaccuracy":0,
"smokeEffect": "none",
"lifetime":42
"despawnEffect":{"type": "ParticleEffect",
    "particles": 1,
    "sizeFrom": 6,"sizeTo": 6,
    "length": 0,"baseLength":0,
    "lifetime": 15,
    "colorFrom": "99F8FFFF",
    "colorTo": "99F8FFFF",
    "cone": 360},
"fragBullets": 4,
"fragVelocityMax": 2,
"fragVelocityMin": 2,
"fragRandomSpread":0,//随机分裂角度
"fragSpread":5//分裂角度
"fragAngle":0,//分裂起始角度，
"fragBullet":{
"speed":2,
"splashDamageRadius":12,
"splashDamage":15,
"reloadMultiplier":1,
"ammoMultiplier":1,
"width":5,
"height":8,
"inaccuracy":0,
"smokeEffect": "none",
"lifetime":10
"despawnEffect":{"type": "ParticleEffect",
    "particles": 1,
    "sizeFrom": 3,"sizeTo": 3,
    "length": 0,"baseLength":0,
    "lifetime": 10,
    "colorFrom": "99F8FFFF",
    "colorTo": "99F8FFFF",
    "cone": 360},
}
}
}
"requirements": [
"锆/45",
"钙/25"
],
"category": "turret",
"research": {
"parent": "一级基站",
"requirements":[
"锆/100",
"钙/50"
]
},

}