{//by Cassius
  "type":"flying",
  "flying":true,
  "name":"惊涛",
  "description":"[red]-剧情类单位-[]\n“沧龙”单位租中一个出逃的特例。\n-每十五秒提供五秒高速修复；\n-每三秒提供一秒中速修复;\n-每二分钟为大范围内的友军一分钟的充能",
  "details":"[red]单位代号--敌属单位T.A.1\n[]\n在复合AI决策的实战演练中，那台被安装了3个AI，共48组战地中央处理器，完事还没检查AI状态的“沧龙”。\n后来它潜逃出了沧龙基地，破坏了很多沿海甚至内陆的部分军事要塞，尚未知它是如何做到这点的。它不论敌我地攻击，夺取武器装甲装备了自己并隐藏在极地的冰山中，前去探索或谈判的小队先后失联……\n-装备远程集束导弹，杀伤一切目标；\n-发射大口径震荡弹击退并击晕敌人；\n-装备离子焰切割器……\n\n这是一场噩梦，在“惊涛”出逃破坏期间，不仅消耗了我方力量，其路径还导致部分要塞坐标暴露。给我们带来了毁灭性的麻烦……",
  "health":26550000,
  "armor":17500,
  "hitSize":264,
  "rotateSpeed":2.25,
  "speed":1.86666667,
  "accel":0.2,
  "drag":0.1,
  "faceTarget":true,
  "ammoType":"surge-alloy",
  "ammoCapacity":999999,
  "itemCapacity":56500,
  "buildSpeed":50,
  "buildRange":640,//80格
  "buildBeamOffset":40,
  "range":4400,//550
  "immunities":[
    "burning","freezing","unmoving","wet","melting","sapped","electrified","spore-slowed","tarred","blasted",
    "腐朽","孢子侵蚀","电路受损","梦魇","离子焰3","离子焰2"],
  "engines":[
    {
    "x":-64,
    "y":-128,
    "radius":32,
    "rotation":0
    },
    {
    "x":64,
    "y":-128,
    "radius":32,
    "rotation":-0
    }
  ],
  "engineOffset":16,
  "engineSize":32,
  "lightRadius":550,
  "fogRadius":550,
  "abilities":[
    {
      "type":"StatusFieldAbility",
      "effect":"宏观修复t3",
      "duration":600,
      "range":400,//50
      "reload":600,
      "applyEffect":"none",
      "activeEffect":{
        "type":"WaveEffect",
        "lifetime":120,
        "colorFrom":"97FFA8",
        "colorTo":"97FFA8",
        "sizeFrom":320,
        "sizeTo":0,
        "storkeFrom":16
        "storkeTo":0
        }
    },
    {
      "type":"StatusFieldAbility",
      "effect":"宏观修复t2",
      "duration":180,
      "range":400,//50
      "reload":180,
    },
    {
      "type":"StatusFieldAbility",
      "effect":"充能",
      "duration":3600,
      "range":1000,//125
      "reload":7200,
    }
    {
      "type":"RepairFieldAbility",//治疗
      "amount":15000,
      "reload":60,
      "range":320//40
    },
    {
      "type":"RepairFieldAbility",
      "amount":30000,
      "reload":180,
      "range":640//80
    },
    {
      "type":"RepairFieldAbility",
      "amount":25000,
      "reload":600,
      "range":1200//150
    },
    {
        "type":"SuppressionFieldAbility",//修复压制
		"range":2000,//250
		"reload":30,
		"color": "97FFA8",
		"orbRadius":32,
		"orbMidScl":4,
		"particles":10,
		"particleColor":"97FFA8",
		"particleLife":300,
		"particleLen":32,
		"particleSize":8,
		"applyParticleChance":4
	},
	{
	    "type":"EnergyFieldAbility",//能量场远
		"damage":4000,
		"reload":30,
		"range":1600,//200
		"healPercent":4,
		"maxTargets":150
	},
	{
	    "type":"EnergyFieldAbility",//能量场近
		"damage":16000,
		"reload":6,
		"range":400,//50
		"healPercent":12.5,
		"maxTargets":20
	},
  ],
  "weapons":[
    {
      "name":"惊涛主炮",
      "x":-64,
      "y":-64,
      "mirror":true,
      "range":4400,
      "reload":240,
      "inaccuracy":0,
      "rotateSpeed":4,
      "rotate":true,
      "recoil":16,
      "recoilTime":300,
      "shake":35,
      "targetGround":true,
      "targetAir":true,
      "top":true,
      "shootSound":"plasmaboom",
      "shootSoundVolume":80,
      "heatColor":"FFFFFF",
      "minWarmup":0.8
      "shootWarmupSpeed":0.04
      "warmupMaintainTime":240
      "shoot":{
        "shots":2,
        "shotDelay":30
      },
      "bullet":{
        "damage":55000,
        "splashDamage":42000,
        "splashDamageRadius":512,
        "unitsDamageMultiplier":2,
        "knockback":475,
        "pierceCap":16,
        "pierceBuilding":true,
        "lifetime":224,
        "speed":20,
        "width":80,
        "height":80,
        "lightning":80,
        "lightningDamage":1250,
        "lightningLength":10,
        "homingRange":4400,
        "homingPower":0.8,
        "trailColor":"000fffc",
        "trailWidth":2,
        "trailLength":4,
        "backColor":"000fffc",
        "frontColor":"000fffc",
        "trailEffect":{
            "type":"WaveEffect",
            "lifetime":30,
            "colorFrom":"000fffc",
            "colorTo":"000fffc",
            "radiusFrom":0
            "radiusTo":64,
            "storkeFrom":8,
            "storkeTo":0
        },
        "sprite":"量子技艺-导弹Pro",
        "status":"离子焰2",
        "statusDuration":1200,
        "intervalBullet":10,
        "intervalRandomSpread":45,
        "intervalBullet":{
          "type":"BasicBulletType",
          "damage":8500,
          "splashDamage":4500,
          "splashDamageRadius":80,
          "buildingDamageMultiplier":5,
          "knockback":25,
          "pierce":true,
          "pierceBuilding":true,
          "lifetime":16,
          "speed":20,
          "width":40,
          "height":40,
          "lightning":32,
          "lightningDamage":1250,
          "lightningLength":16,
          "homingRange":320,
          "homingPower":0.2,
          "status":"离子焰3",
          "statusDuration":600,
          "sprite":"量子技艺-导弹Pro",
          "trailColor":"000fffc",
          "trailWidth":2,
          "trailLength":4,
          "trailEffect":{
            "type":"WaveEffect",
            "lifetime":30,
            "colorFrom":"000fffc",
            "colorTo":"000fffc",
            "radiusFrom":0
            "radiusTo":20,
            "storkeFrom":8,
            "storkeTo":0
        },
        }
      }
    },//95行
    {
      "name":"惊涛速射炮",
      "x":-32
      "y":64,
      "range":3040,//380
      "reload":30,
      "inaccuracy":1,
      "rotateSpeed":8,
      "totate":true,
      "recoil":12,
      "recoilTime":30,
      "shake":20
      "mirror":true,
      "top":true,
      "rotate":false,
      "targetGround":true,
      "targetAir":true,
      "shootSound":"laser",
      "shootSoundVolume":25,
      "shootEffect":"instShoot",
      "heatColor":"BFFFDB",
      "minWarmup":0.95,
      "shootWarmupSpeed":0.05,
      "warmupMaintainTime":240,
      "shoot":{
        "shots":5,
        "shotDelay":15
      },
      "bullet":{
        "damage":4200,
        "splashDamage":2350,
        "splashDamageRadius":80,
        "buildingDamageMultiplier":1.5,
        "knockback":20,
        "pierce":true,
        "pierceBuilding":true,
        "lifetime":76,
        "speed":40,
        "width":40,
        "height":40,
        "frontColor":"BFFFDB",
        "backColor":"BFFFDB",
        "trailColor":"BFFFDB",
        "trailWidth":4,
        "trailLength":10,
        "status":"离子焰3",
        "statusDuration":900,
        "lightning":8,
        "lightningDamage":200,
        "lightningLength":10,
        "trailEffect":{
            "type":"WaveEffect",
            "lifetime":30,
            "colorFrom":"BFFFDB",
            "colorTo":"BFFFDB",
            "radiusFrom":0
            "radiusTo":40,
            "storkeFrom":8
            "storkeTo":0
        },
        "fragBullets":4,
        "fragRandomSpread":90,
        "fragBullet":{
          "damage":1200,
          "splashDamage":800,
          "splashDamaveRadius":40,
          "lifetime":20,
          "speed":40,
          "width":20,
          "height":20,
          "trailEffect":{
            "type":"WaveEffect",
            "lifetime":30,
            "colorFrom":"BFFFDB",
            "colorTo":"BFFFDB",
            "radiusFrom":0
            "radiusTo":20,
            "storkeFrom":8,
            "storkeTo":0
          },
          "status":"unmoving",
          "statusDuration":300,
          "lightning":5,
          "lightningDamage":200,
          "lightningLength":20
        }
      }
    },//83行
    {
      "name":"惊涛导弹库",
      "x":112,
      "y":-32,
      "range":4400,
      "reload":240,
      "inaccuracy":30,
      "recoil":0
      "top":false,
      "mirror":true,
      "rotate":0,
      "alternate":true,
      "shootSound":"missileLarge",
      "shootVolume":4,
      "baseRotation":-30,
      "shootCone":270,
      "shoot":{
        "shots":50,
        "shotDelay":1,
        "type":"ShootAlternate",
	    "barrels":8,
	    "spread":8
      },
      "bullet":{
        "type":"MissileBulletType",
        "damage":1250,
        "splashDamage":580,
        "splashDamageRadius":64,
        "pierceCap":4,
        "pierceBuilding":true,
        "lifetime":150,
        "speed":16,
        "drag":-0.008,
        "sprite":"量子技艺-导弹Pro",
        "width":64,
        "height":64,
        "homingRange":2000,
        "homingPower":0.08,
        "drag":-0.002,
        "frontColor":"BFFFDB",
        "backColor":"BFFFDB",
        "status":"电路受损",
        "statusDuration":360,
        "trailColor":"3900a0",
        "trailWidth":4,
        "trailLength":12,
        "trailEddect":{
          "type":"WaveEffect",
          "lifetime":60,
          "colorFrom":"BFFFDB",
          "colorTo":"BFFFDB",
          "radiusFrom":0,
          "radiusTo":32,
          "strokeFrom":8,
          "storkeTo":0
        },
        "lightning":4
        "lightningDamage":550,
        "lightningLength":8,
        "lightningWidth":2,
        "lightningColor":"BFFFDB",
        "hitSound":"plasmaboom",
        "hitSoundVolume":2,
        "hitEffect":{
          "type":"WaveEffect",
          "lifetime":48,
          "colorFrom":"BFFFDB",
          "colorTo":"BFFFDB",
          "radiusFrom":0,
          "radiusTo":64,
          "strokeFrom":8,
          "storkeTo":0,
          "layer":109
        }
      }
    },//70行
    {
      "name":"惊涛导弹器",
      "x":112,
      "y":32,
      "range":4400,
      "reload":120,
      "inaccuracy":0,
      "recoil":0,
      "top":false,
      "mirror":true,
      "rotate":false,
      "alternate":true,
      "shootSound":"plasmaboom",
      "shootVolume":15,
      "baseRotation":-45,
      "shootCone":270,
      "bullet":{
        "damage":41500,
        "splashDamage":12500,
        "splashDamageRadius":92,
        "pierceCap":8,
        "pierceBuilding":true,
        "pierceArmor":true,
        "lifetime":600,
        "speed":16,
        "frag":-0.25,
        "sprite":"量子技艺-导弹Pro",
        "width":60,
        "height":240,
        "homingRange":3200,
        "homingPower":0.2,
        "frontColor":"BFFFDB",
        "backColor":"BFFFDB",
        "trailColor":"BFFFDB",
        "trailWidth":4,
        "trailLength":10,
        "trailEffect":{
          "type":"WaveEffect",
          "colorFrom":"BFFFDB",
          "colorTo":"BFFFDB",
          "radiusFrom":0,
          "radiusTo":40,
          "storkeFrom":8,
          "strokeTo":0
        },
        "hitSound":"plasmaboom",
        "hitSoundVolume":25,
        "hitEffect":{
          "type":"MultiEffect",
          "effects":[
            {
              "type":"ParticleEffect",
              "particles":20,
              "baseLength":4,
              "length":16,
              "lifetime":30,
              "skin":2,
              "regine":"量子技艺-三角形",
              "sizeFron":0,
              "sizeTo":16,
              "colorFrom":"BFFFDB",
              "colorTo":"BFFFDB"
            }
            {
              "type":"WaveEffect",
              "colorFrom":"BFFFDB",
              "colorTo":"FFFFFF",
              "lifetime":30,
              "radiusFrom":0,
              "radiusTo":32,
              "strokeFrom":16,
              "strokeTo":0
            }
          ]
        },
        "status":"电路受损",
        "statusDuration":900
      }
    },//75行
  ]
}