{
	"type": "PowerTurret",
	"name": " 冲击",
	"description": "t2蓝瑟",
	"health": 1620,
	"size": 3,
	"reload":225,
	"range": 240
	"accurateDelay":true,
	"targetGround": true,
	"targetAir": false,
	"moveWhileCharging": true,
	"shootSound": "laser",
	"recoil":6,
    "recoilTime": 90,
	"consumes": {
	"power":8.5
	"coolant":{"amount":0.3,"optional":true}  
		},
	"shoot":{
		"type":"ShootPattern",
		"firstShotDelay":45
	},
	"shootType": {
	"type": "LaserBulletType",
	"chargeEffect":{
		"type":"MultiEffect",
		"effects":[
		"lancerLaserCharge",
		"lancerLaserChargeBegin"
		]
	},
	"pierceBuilding": true,
		"collidesGround":true,
			"collidesAir":true,
	"despawnEffect":"none",
	"lightningSpacing":25,
	"lightningLength":6,
	"lightningDelay":0.6,
	"lightningLengthRand":1,
	"lightningAngleRand":8,
	"lightningDamage":66,
	"lightningColor":"FFFFFF",
	"damage": 260,
	"buildingDamageMultiplier":0.35,
	"ammoMultiplier":1,
	"pierceCap": 8
	"width": 32,	"length": 220,
	"lifetime": 40
	"collidesAir": true
			        "fragBullet": {
                    "type": "LightningBulletType",
                    "damage": 8,
                    "lightningLength": 5,
                    "lightningLengthRand": 2,
                    "hitEffect": "hitLancer",
                    "despawnEffect": "none",
                    "lightningColor": "FFE18FFF",
                    "hitColor": "FFE18FFF",
                    "buildingDamageMultiplier": 0.5
                    "fragBullets":1,//破片弹数量                    
					},		
	},
	"shootSound":"laser",
    "chargeSound":"lasercharge2",
	"shootEffect":"lancerLaserShoot",
	"smokeEffect": "bigShockwave",
	"inaccuracy": 0,
	"rotateSpeed": 4,
	"shake":1, 
	"requirements": [
		"copper/100",
		"lead/125",
		"silicon/80",
		"titanium/110",
	],
	"category": "turret",
	"research": {
	"parent":"单管机枪"
	}
	    "researchCostMultiplier": 1,
	        "canOverdrive": true,
}