{
	"type": "ItemTurret",
	"name": "双管机枪",
    "description": "单管机枪的Pro版"
	"health": 250,
	"size": 2,
	"reload": 40,
	"range": 200,
	"ammoPerShot": 2,
	"consumes": {
		"coolant": {
			"amount": 0.1,
			"optional": true
		}
	},
	"shoot": {
		"shots": 2,
		"shotDelay": 3,
		"type": "ShootAlternate",
		"barrels": 2,
		"spread": 3
		        "type":"ShootBarrel",
        "barrels":[
           0,2,0,
           -2,2,0,
           2,2,0,
            -4,2,0,
           4,2,0,
           -6,2,0,
           6,5,0,
          ]
	},
	"xRand": 1,
	"ammoUseEffect": "casing2Double",
	"inaccuracy": 1,
	"rotateSpeed": 12,
	"shake": 1,
	"ammoTypes": {
		"copper": {
			"speed": 20,
			"damage": 6,
			"lifetime": 12,
			"width": 7,
			"height": 8,
			"ammoMultiplier": 1,
			"reloadMultiplier":10,
			"shootEffect": "shootSmall"
		},
		"lead": {
			"reloadMultiplier": 10,
			"speed": 20,
			"damage": 5,
			"lifetime": 12,
			"width": 7,
			"height": 8,
			"ammoMultiplier": 1,
			"shootEffect": "shootSmall"
			 "fragBullets":1,//破片弹数量
             "fragVelocityMin":0.01,//破片最小速度
                "fragVelocityMax":0.5,//破片最大速度
			       "fragBullet": {
                    "type": "FragBulletType",
                    "damage": 2,
                     "fragBullets":1,//破片弹数量
             "fragVelocityMin":0.01,//破片最小速度
                "fragVelocityMax":0.5,//破片最大速度
                    "fragLength": 0,
                    "fragLengthRand": 0,
                    "hitEffect": "hitLancer",
                    "despawnEffect": "none",
                    "fragColor": "FFE18FFF",
                    "hitColor": "FFE18FFF",
                    "buildingDamageMultiplier": 0.5
                                    "fragBullet": {
                    "type": "FargBulletType",
                    "damage": 1.5,
                    "hitEffect": "hitLancer",
                     "fragBullets":1,//破片弹数量
             "fragVelocityMin":0.01,//破片最小速度
                "fragVelocityMax":0.5,//破片最大速度
                    "despawnEffect": "none",
                    "lightningColor": "FFE18FFF",
                    "hitColor": "FFE18FFF",
                    "buildingDamageMultiplier": 0.5
                    },
        },
        },		
			"thorium": {
			"speed": 20,
			"damage": 31,
			"lifetime": 12,
			"width": 7,
			"pierce":"ture",//穿透
			"height": 8,
			"ammoMultiplier": 1,
			"reloadMultiplier":10,
			"shootEffect": "shootSmall"
	    },
	    }
	"researchCostMultiplier": 0.5,
	"requirements": [
		{
			"item": "copper",
			"amount": 92
		},
		{
			"item": "lead",
			"amount":42 
		}
		{
			"item": "graphite",
			"amount":42 
		}
	],
	"category": "turret",
	"research": "单管机枪"
}