{
	"type": "ItemTurret",
	"name": "多管",
	"health": 120,
	"size": 1,
	"reload": 23.2,
	"range": 128,
	"ammoPerShot": 2,
	"consumes": {
		"coolant": {
			"amount": 0.1,
			"optional": true
		}
	},
"drawer":{"type":"DrawTurret",
    "parts":[
       {"type":"RegionPart",
    "mirror":false,//是否开启镜像
    "x":-0.3,"y":0,//初始位置
    "suffix":"-左"//,贴图后缀
    "layer":49,//层，49-110
    "moveX":0,//改变位置
    "moveY":1
    }
           {"type":"RegionPart",
    "mirror":false,//是否开启镜像
    "x":0.3,"y":0,//初始位置
    "suffix":"-右"//,贴图后缀
    "layer":49,//层，49-110
    "moveX":0,//改变位置
    "moveY":1
    }
    ]
    },
	"shoot": {
		"type": "ShootAlternate",
		"barrels": 2,
		"spread": 4
		"shots": 2,
		"shotDelay": 3,
	},
	"ammoUseEffect": "casing2Double",
	"inaccuracy": 1.4,
	"rotateSpeed": 12,
	"shake": 1,
	"ammoTypes": {
		"copper": {
			"speed": 5,
			"damage": 18,
			"lifetime": 25,
			"width": 8,
			"height": 10,
			"ammoMultiplier": 2,
			"shootEffect": "shootSmall"
		},
		"lead": {
			"speed": 5,
			"damage": 8,
			"fragBullets": 3,
			"fragBullet": {
				"speed": 1,
				"damage": 13,
				"lifetime": 20
			},
			"lifetime": 25,
			"width": 6,
			"height": 9,
			"ammoMultiplier": 2
		},
		"graphite": {
			"reloadMultiplier": 0.5,
			"speed": 5,
			"damage": 36,
			"lifetime": 25,
			"width": 8,
			"height": 10,
			"ammoMultiplier": 4,
			"shootEffect": "shootSmall"
		},
		"titanium": {
			"speed": 5,
			"lifetime": 25,
			"damage": 23,
			"width": 8,
			"height": 10,
			"ammoMultiplier": 6,
			"shootEffect":"shootBig"
		},
		"pyratite": {
			"speed": 5,
			"damage": 25,
			"lifetime": 25,
			"width": 8,
			"height": 10,
			"makeFire": true,
			"ammoMultiplier": 2,
			"shootEffect": "shootSmall",
			"status": "burning",
			"statusDuration": 600,
			"frontColor":"f8ad42",
			"backColor":"f68021"
		},
		"silicon": {
			"speed": 5.3,
			"damage": 24,
			"reloadMultiplier": 1.6,
			"lifetime": 35,
			"width": 8,
			"height": 10,
			"shootEffect": "shootSmall",
			"homingRange": 40,
			"homingPower": 0.06,
			"ammoMultiplier": 5
		}
	},
	"researchCostMultiplier": 0.5,
	"requirements": [
		"copper/50",
		"lead/30",
	],
	"category": "turret",
	"research": "初级核心"
}