{
	"type": "GenericCrafter",
	"name": "GA-001单位包工厂",
	"description": "从表面上解决单位不能跨地图格这件事情",
	"health":300,
	"itemCapacity":50,
	"outputItem": {"item": "GA-001单位包","amount":1 },
	"size":3,
	"hasPower": true,
	"hasItems": true,
	"craftTime":300,
	"consumes": {
		"power":3,
		"items": {
			"items": [		
			{"item": "钢铁", "amount": 10}
			{"item": "silicon", "amount": 20}
			{"item": "隔热材料", "amount": 10}
			]
		}
	},
	"requirements": [
		{ "item": "silicon", "amount":60},
		{ "item": "钢铁", "amount":60},		
		{ "item": "基础电路板", "amount":20 },	
	],
"drawer":{
    "type":"DrawMulti",
    "drawers":[
        "DrawDefault",
                ]
        },
	"category": "units",
	"research": "生物塑料合成机",
	"idleSound": "respawning",
	"idleSoundVolume": 0.2
}
