{
	"type": "GenericCrafter",
	"name": "增生合金",
	"description": "自我繁殖（确信）",
	"details":""
	"outputItems":["surge-alloy/8",]//产出
	"size": 2,//建筑大小
	"health":300,//血量
	"craftTime":540,//÷60
	"itemCapacity":1000,//容量
	"consumes": {
    "items":{
          "items":[
	            "surge-alloy/1",
	]
	}
	}
    "requirements":[
                "copper/10",
                "surge-alloy/1000",
	],//建造材料
	"buildCostMultiplier":0.0001,
    "category": "crafting",
	"research": 
    {"parent":"增生爆物",
    "requirements":[
                "copper/250",
                "surge-alloy/15000",
    ]   
    }
	"updateEffect":"smeltsmoke",
	"canOverdrive": true,
	"hasPower": false,
	"hasLiquids": false,
	"hasItems": true,
	"update":true
}