{
	"type": "mendProjector",
	"name": "全屏修理器",
	"description": "过一段时间进行一次修复 ，但是修复的血量较低 ",
	"health":120,
	"size": 1,
	"buildCostMultiplier": 1,
	"reload": 540,
	"range": 6000,
	"healPercent": 6,
	"itemCapacity": 1000,
	"phaseBoost": 10,
	"phaseRangeBoost": 15,
			"canOverdrive": false,
	"consumes": {
		"power": 1,
		"items": {
			"items": [
				"压缩硅/1000",
			],
			"optional": true,
			"booster": true
		}
	},
	"requirements": [
	"压缩硅/10000"
	],
	"category": "effect",
	"research": "修复投影仪"
			"objectives": [
      {
				"type": "SectorComplete",
				"preset": "前哨中心"
			},
    ],
}