{
	"type": "GenericCrafter",
	"name": "物液压板机",
	"description": "模组群：883091914",
	"details":"看什么看群在上面？"
	"outputItems":["物液板/3",]//产出
	"size": 2,//建筑大小
	"health":210,//血量
	"craftTime":300,//÷60
	"itemCapacity": 50,//容量
	//"liquidCapacity":0,
	"consumes": {
    "power":10//×60
    "items":{
          "items":[
	            "物液奇点/5",
	]
	}
	}
    "requirements": [
                "copper/10",
                "沙璃/500",
                "物液奇点/50",
	],//建造材料
    "category": "crafting",
	"research":
	{"parent":"无尽发电机",
	"requirements": [
	              "copper/1000",
                  "物液奇点/1000",
	]
	}
	"updateEffect":"smeltsmoke",
	"canOverdrive": true,
	"hasPower": true,
	"hasLiquids": false,
	"hasItems": true,
}