{
    "type":"ItemTurret",
	"name":"坦提",
	"description":"通过钠燃烧以发射高温射线\n伪帧伤！小子！\n也算是后勤噩梦了罢",
	    "reload": 60,//子弹发射间隔
	"size":3,
    "range": 200,//自动攻击范围(10=1格)
    "maxAmmo": 80,//最大弹药数
    "recoilTime": 3,//后坐力恢复时间
    "recoil": 3,//后坐力
    "consumes": {
    "power": 1,//耗电(实际耗电量=这里写的ⅹ60)，不耗电可以去掉这行代码。
        "coolant": {
            "amount": 0.3,//消耗量(实际消耗量=这里写的Ⅹ60)
            "optional": true//是否为强化效果，否将作为弹药，是将作为冷却液
        }//冷却液
    },
    "shoot": {
        "shots":72,//开火炮口数
        "shotDelay":1//多个炮口之间发射延迟。
    },
    "ammoPerShot": 48,//弹药消耗倍数。
    "shootSound": "spark",//子弹音效
    "targetGround": true,//可以攻击陆地单位
    "targetAir": true,//可以攻击天空单位
    "inaccuracy": 0,//误差角度
    "shake": 2,//振动
    "shootCone": 20,
    "ammoTypes": {
        "钠": {
            "type": "ShrapnelBulletType",//子弹类型，这里为雷光子弹
            "reloadMultiplier": 1,
            "length": 230,//伤害范围长
            "damage": 20,//伤害
            "width": 20,//伤害范围宽
            "fromColor": "dedede",
            "toColor": "aaaaaa",
            "backColor":"00ff77",
            "frontColor":"6df7b1",
            "ammoMultiplier": 2,//物品装弹倍数
            "pierce": true,//穿透单位
            "shootEffect": {
                "type": "ParticleEffect",
                "particles": 9,
                "sizeFrom": 9,
                "sizeTo": 0,
                "line": true,
                "length": 55,//长度
                "baseLength": 0,
                "lifetime": 15,//子弹存在时间(帧数)
                "colorFrom": "dedede",
                "colorTo": "aaaaaa",
                "cone": 60//圆锥角度
 }//子弹效果
  }//钢化玻璃 
   }//弹药类型
    "rotateSpeed": 15,//炮台转头速度
    "requirements": [
        {"item": "钠","amount": 50},//石墨X300
        {"item": "科罗茨石墨", "amount": 75},//硅X250
        {"item": "铝", "amount": 60},//钢化玻璃Ⅹ300
    ],//造价
    "category": "turret",
    "research": "艾普"//科技树的位置(上一个要研究
    }