{
 "name":"大型硅制钻头",
 "type": "Drill",
 "description":"比硅制钻头效率更高",
 "size": 3,
 "health": 500,
 "tier": 4,
 "drillTime": 250,   
 "liquidBoostIntensity":2,
 "canOverdrive": true,
 "warmupSpeed": 0.02,
 "drillEffect": "none",
 "updateEffect": "none",
 "rotateSpeed": 2,
 "drawMineItem": false,
 "consumes": {
 "liquid": {
 "liquid": "water",
 "amount": 0.1,
 "booster": true,
 "optional": true
 }
 },
 "itemCapacity": 30,
 "liquidCapacity": 30,
 "requirements":[	
 { "item": "graphite", "amount": 60 },
 ],
 "category": "production",
 "research": "大型石墨钻头"
}
