{
	"name": "天顶剑",
	"description": "具有一定防御能力的近战炮台，能够对怪群造成大量伤害，可以阻挡激光",
	"details": "据说用这把剑就能战胜血肉墙？",
  "shootCone": 90, //距离瞄准位置差距多大角度时开火
	"health":19600,
	"inaccuracy": 30,
	"size":3,
	"ammoUseEffect":"none",
	"accurateDelay":true,
	"moveWhileCharging": true,
	"absorbLasers":true,
	"insulated": true,
	"shootType": {//啥也不是
			"speed": 0,
			"damage":0,
			"knockback": 0,
			"lifetime": 0,
			"pierce": true,
			"hitEffect": "none",
			"despawnEffect": "none",
			"spawnEffect": "none",
			"width": 0,
			"height": 0,
			"fragBullets": 1,
			"fragAngle": -30,
			"fragRandomSpread": 0,
			"fragVelocityMax": 1,
			"fragVelocityMin": 1,
			"fragBullet": {//起头
      "sapStrength": 0.35,
			"speed": 8,
			"damage":24,
			"knockback": 8,
			"lifetime": 10,
			"pierce": true,
      "trailColor": "fcf387FF",
      "trailLength": 80,
      "trailWidth": 20,
			"hitEffect": "none",
			"despawnEffect": "none",
			"spawnEffect": "none",
			"width": 20,
			"height": 20,
			"sprite":"push-sword-big",
			"fragBullets": 1,
			"fragAngle": 30,
			"fragRandomSpread": 0,
			"fragVelocityMax": 1,
			"fragVelocityMin": 1,
			"fragBullet": {//0
      "sapStrength": 0.35,
			"speed": 8,
			"damage":24,
			"knockback": 24,
			"lifetime": 10,
			"pierce": true,
      "trailColor": "fcf387FF",
      "trailLength": 80,
      "trailWidth": 20,
			"hitEffect": "none",
			"despawnEffect": "none",
			"spawnEffect": "none",
			"width": 20,
			"height": 20,
			"sprite":"push-sword-big",
			"fragBullets": 1,
			"fragAngle": 30,
			"fragRandomSpread": 0,
			"fragVelocityMax": 1,
			"fragVelocityMin": 1,
			"fragBullet": {//30
      "sapStrength": 0.35,
        "speed": 6,
			"damage":24,
			"lifetime": 5,
			"pierce": true,
      "trailColor": "fcf387FF",
      "trailLength": 80,
      "trailWidth": 20,
			"hitEffect": "none",
			"despawnEffect": "none",
			"spawnEffect": "none",
			"width": 20,
			"height": 20,
			"sprite":"push-sword-big"
			"fragBullets": 1,
			"fragAngle": 30,
			"fragRandomSpread": 0,
			"fragVelocityMax": 1,
			"fragVelocityMin": 1,
			"fragBullet": {//60
      "sapStrength": 0.35,
        "speed": 4,
			"damage":24,
			"lifetime": 5,
			"pierce": true,
      "trailColor": "fcf387FF",
      "trailLength": 80,
      "trailWidth": 20,
			"hitEffect": "none",
			"despawnEffect": "none",
			"spawnEffect": "none",
			"width": 20,
			"height": 20,
			"sprite":"push-sword-big" 
			"fragBullets": 1,
			"fragAngle": 30,
			"fragRandomSpread": 0,
			"fragVelocityMax": 1,
			"fragVelocityMin": 1,
			"fragBullet": {//平
      "sapStrength": 0.35,
        "speed": 1,
			"damage":24,
			"lifetime": 2,
			"pierce": true,
      "trailColor": "fcf387FF",
      "trailLength": 80,
      "trailWidth": 20,
			"hitEffect": "none",
			"despawnEffect": "none",
			"spawnEffect": "none",
			"width": 20,
			"height": 20,
			"sprite":"push-sword-big"
			"fragBullets": 1,
			"fragAngle": 30,
			"fragRandomSpread": 0,
			"fragVelocityMax": 1,
			"fragVelocityMin": 1,
			"fragBullet": {//-60
      "sapStrength": 0.35,
        "speed": 4,
			"damage":24,
			"lifetime": 5,
			"pierce": true,
      "trailColor": "fcf387FF",
      "trailLength": 80,
      "trailWidth": 20,
			"hitEffect": "none",
			"despawnEffect": "none",
			"spawnEffect": "none",
			"width": 20,
			"height": 20,
			"sprite":"push-sword-big"
			"fragBullets": 1,
			"fragAngle": 30,
			"fragRandomSpread": 0,
			"fragVelocityMax": 1,
			"fragVelocityMin": 1,
        "fragBullet": {//-30
      "sapStrength": 0.35,
        "speed": 6,
			"damage":24,
			"lifetime": 5,
			"pierce": true,
      "trailColor": "fcf387FF",
      "trailLength": 80,
      "trailWidth": 20,
			"hitEffect": "none",
			"despawnEffect": "none",
			"spawnEffect": "none",
			"width": 20,
			"height": 20,
			"sprite":"push-sword-big"
			"fragBullets": 1,
			"fragAngle": 30,
			"fragRandomSpread": 0,
			"fragVelocityMax": 1,
			"fragVelocityMin": 1,
			"fragBullet": {
      "sapStrength": 0.35,
        "speed": 8,
			"damage":24,
			"lifetime": 10,
			"pierce": true,
      "trailColor": "fcf387FF",
      "trailLength": 80,
      "trailWidth": 20,
			"hitEffect": "none",
			"despawnEffect": "none",
			"spawnEffect": "none",
			"width": 20,
			"height": 20,
			"sprite":"push-sword-big"
			"fragBullets": 1,
			"fragAngle": 30,
			"fragRandomSpread": 0,
			"fragVelocityMax": 1,
			"fragVelocityMin": 1,
			"fragBullet": {
      "sapStrength": 0.35,
			"speed": 8,
			"damage":24,
			"lifetime": 10,
			"pierce": true,
      "trailColor": "fcf387FF",
      "trailLength": 80,
      "trailWidth": 20,
			"hitEffect": "none",
			"despawnEffect": "none",
			"spawnEffect": "none",
			"width": 20,
			"height": 20,
			"sprite":"push-sword-big",
			"fragBullets": 1,
			"fragAngle": 30,
			"fragRandomSpread": 0,
			"fragVelocityMax": 1,
			"fragVelocityMin": 1,
			}
			}
			}
			}
			}
			}
			}
			}
			}
	},
	"drawer":{
    "type":"DrawMulti",
    "drawers":[{
      "type":"DrawTurret",
      "parts":[{
        "type":"RegionPart",
        "mirror":false,
        "x":0,
        "y":0,
        "suffix":"-sword",
        "layer":50,
        "moveX":10,
        "moveY":0,
        "moveRot":-90,
        }
        ]
   }]},
	"reload":5,
	"range": 200,
	"requirements": [
		{ "item": "copper", "amount":150},
		{ "item": "lead", "amount":150},
		{ "item": "titanium", "amount":150},
    { "item": "thorium", "amount":150},
    { "item": "phase-fabric", "amount":150},
    { "item": "plastanium", "amount":150},
    { "item": "surge-alloy", "amount":150},
		]
	"category": "defense",
	"research": "thorium-sword"
	
}