{
	"name": "钛剑",
	"description": "具有一定防御能力的近战炮台，能够对近处敌人造成可观伤害，比铜剑伤害更高，射程更远，射速更快",
	"details": "钛....太......太监？",
	"health":2025,
	"ammoUseEffect":"none",
	"size":2,
	"accurateDelay":true,
	"moveWhileCharging": true,
	"insulated": true,
	"shootType": {
			"speed": 20,
			"damage": 55,
			"knockback": 12,
			"lifetime": 2,
			"pierce": true,
			"pierceCap": 29,
			"trailEffect": "none",
			"hitEffect": "none",
			"despawnEffect": "none",
			"spawnEffect": "none",
			"width": 8,
			"height": 16,
			"sprite":"push-sword-air"
	},
	"shoot":{
		"shots": 1,
		"firstShotDelay":13,
	},
	"drawer":{
    "type":"DrawMulti",
    "drawers":[{
      "type":"DrawTurret",
      "parts":[{
        "type":"RegionPart",
        "mirror":false,
        "x":0,
        "y":0,
        "suffix":"-sword",
        "layer":50,
        "moveX":0,
        "moveY":-4,
        "moveRot":0,
        "moves": [{
						"progress": "recoil",
						"y": 55,
            "speed":10
					}],
        }
        ]
   }]},
	"reload":15,
	"range": 50,
	"requirements": [
		{ "item": "titanium", "amount":50}]
	"category": "defense",
	"research": "copper-sword"
	
}