{
	"type": "GenericCrafter",
	"name":"加强型矿渣炉"
	"description": "升级版的框架制造器",
	"health": 300,
	"itemCapacity": 20
	"liquidCapacity":300
	"hasLiquids":true
	"outputsLiquid":true
	"outputLiquid": {"liquid": "slag","amount": 0.85},
	"size": 2,
	"hasPower": true,
	"hasItems": true,
	"craftTime": 15
	"updateEffect": "none",
	"buildCostMultiplier":0.75
	"consumes": {
		"power": 3
		"items": {
			"items": [
				{ "item": "scrap", "amount": 1 }
			]
		}
	},
	"requirements": [
		{ "item": "silicon", "amount": 15 }
		{"item":"titanium","amount":30}
		{ "item":"graphite","amount":35}
	]
	"category": "crafting",
 "research":"melter",
}