{
	"name": "先进加速器",
	"description": "先进加速器，以高效率加快时间流逝",
	"health": 1000,
	"size": 3,
	"range": 120
	"speedBoostPhase": 0.75,
	"useTime": 1800,
	"phaseRangeBoost": 24
	"speedBoost": 2.0,
	"buildCostMultiplier":0.75
	"consumes": {
		"power": 20
        "items":{
			"items":[
				{"item":"烯晶","amount":1}
			],
			"booster":true,
			"optional": true
		}
	},
	"requirements": [
  { "item": "B76钢", "amount": 240}
  { "item": "纳米材料", "amount": 150}
  { "item": "聚合物", "amount": 350}
  { "item": "光子晶体", "amount": 200}
  { "item": "烯晶", "amount": 200}
  { "item": "量子芯片", "amount": 150}
	],
	"category": "effect",
	"research":"A5-4"
}
