{
	"name": "护盾发生器",
	"description": "新型护盾发生器是新一代防御屏障，取代旧式磁力偏转器，提供更优秀的防护能力
护盾恢复:1800/秒
冷却恢复:2700/秒
过载重启:20秒
冷却重启:约14秒
[red]无法被加速",
	"health": 2100,
	"size": 3,
	"radius": 180,
	"canOverdrive":false
	"phaseUseTime": 1800,
	"phaseRadiusBoost": 60,
	"basePowerDraw": 15
	"cooldownNormal":30,
	"cooldownLiquid":1.5
	"cooldownBrokenBase":22
	"buildCostMultiplier":0.75
	"consumes":{
		"power":25
		"items":{
			"items":[
				{"item":"晶体","amount": 1}
			],
			"booster":true
			"optional":true
		}
	},
	"requirements": [
	{ "item": "金属", "amount": 240 }
	{ "item": "B76钢", "amount": 150 }
	{ "item": "聚合物", "amount": 240}
 { "item": "晶体", "amount":240 },
 { "item": "烯晶", "amount": 120 }
	{ "item": "计算芯片", "amount": 150 }
	],
	"category":"effect",
	"research":"A4-2"
}