{
	"name": "改进型磁共振偏转护盾发生器",
	"description": "升级版磁力偏转屏障，在过载前化解更多火力
护盾恢复:1500/秒
冷却恢复:约2000/秒
过载重启:25秒
冷却重启:约17秒
[red]无法被加速",
	"health": 2500,
	"size": 4,
	"radius": 240,
	"canOverdrive":false
	"phaseUseTime": 1800,
	"phaseRadiusBoost": 80,
	"basePowerDraw": 10,
	"cooldownNormal":25,
	"cooldownLiquid":1.33333333333333334
	"cooldownBrokenBase":20,
	"buildCostMultiplier":0.75
	"consumes":{
		"power":25 ,
		"items":{
			"items":[
				{"item":"磁体","amount": 2}
			],
			"booster":true
			"optional":true
		}
	},
	"requirements": [
	{ "item": "金属", "amount": 250 }
	{ "item": "精炼硅", "amount": 200 }
 { "item": "晶体", "amount":120 },
	{ "item": "计算芯片", "amount": 120 }
	{ "item": "磁体", "amount": 750 }
	],
	"category":"effect",
	"research":"A4-6"
}