{
	"type": "ItemTurret",
	"name": "寄居",
	"description": "别问我为什么真菌能寄生机械。",
	"health": 700,
	"size":2,
	"reload":15,
	"range":300,
	"shootSound":"shootLiquid",
	"maxAmmo":60,
	"buildCostMultiplier":1.5,
	"ammoTypes":{
		"真菌": {
		 	"type":"BasicBulletType"
			"speed":4,
			"status":"寄生",
			"statusDuration":480,
			"damage":17,
			"ammoMultiplier":2,
			"knockback":3,
			"lifetime":45
		},
	},
	"requirements": [
	    "黑曜石/25",
	    "silicon/75",
	],
	"category": "turret",
	"research": "激流"
}