{
	"type": "NuclearReactor",
	"name": "钍基熔盐反应堆",
	"description": "依靠钍裂变反应产生大量热量发电，处于临界状态的反应，冷却液供应不足时会发生毁灭性的爆炸，发电量与内部钍量成正比。\n[cyan]面板显示的冷却液消耗不准，实际上是24/s左右。\n \n[blue][超限技术反应堆]",
	"size":5,
	"health":3200
	"liquidCapacity": 400,
	"itemCapacity":40,
	"hasItems": true,
	"hasLiquids": true,
	"outputsPower": true,
	"rebuildable":false
	"powerProduction": 140
	"lightColor":"FFFFFF",
	"heating":0.05,
	"fuelItem":"thorium",
	"itemDuration":30,//一个物品用多久
	"consumes": {"items":{"items": ["thorium/1"]}
	"liquid": {
		"liquid": "cryofluid",
		"amount": 0.30
		},
	},
	"destroyEffect": {
    "type": "MultiEffect",
	"effects": [
	{
            "type": "WaveEffect",
            "lifetime": 40,
            "sizeFrom": 40,
            "sizeTo": 480,
            "strokeFrom": 12,
            "strokeTo": 0,
            "colorTo": "8552a1",
            "colorFrom": "9b59c9"
        },
    {"type": "ParticleEffect",
    "particles": 26,
    "sizeFrom": 35,
    "sizeTo": 0,
    "length": 260,
    "baseLength": 100,
    "lifetime": 360,
    "colorTo": "8552a1",
    "colorFrom": "9b59c9"
    "cone": 360
        },
{"type": "ParticleEffect",
    "particles": 35,
    "sizeFrom": 20,
    "sizeTo": 0,
    "length": 280,
    "baseLength":300,
    "lifetime": 360,
    "colorFrom": "8552a1",
    "colorTo": "9b59c9"
    "cone": 360
        },
{
        "type": "ParticleEffect",
        "particles": 35,
        "line": true,
        "length": 660,
        "baseLength": 50,
        "lifetime": 10,
        "colorFrom": "8552a1",
        "colorTo": "9b59c9"
        "cone": 360
            }
            
            {"type": "ParticleEffect",
    "particles": 26,
    "sizeFrom": 35,
    "sizeTo": 0,
    "length": 260,
    "baseLength": 100,
    "lifetime": 360,
    "colorTo": "FFFFFF",
    "colorFrom": "FFFFFF"
    "cone": 360
        },
{"type": "ParticleEffect",
    "particles": 35,
    "sizeFrom": 20,
    "sizeTo": 0,
    "length": 280,
    "baseLength":300,
    "lifetime": 360,
    "colorFrom": "FFFFFF",
    "colorTo": "FFFFFF"
    "cone": 360
        },
{
        "type": "ParticleEffect",
        "particles": 35,
        "line": true,
        "length": 660,
        "baseLength": 50,
        "lifetime": 10,
        "colorFrom": "FFFFFF",
        "colorTo": "FFFFFF"
        "cone": 360
            }
        ]    },
	"destroyBullet": {
            "type":"BasicBulletType",
            "width": 0,
            "height": 0,
            "speed": 0,
            "lifetime": 3,
            "damage": 4000,
            "hitShake": 20,
            "hitSound": "DBZ1",
            "despawnEffect": "none",
            "hitEffect": "none",
            "splashDamageRadius": 200,
            "splashDamage": 9500
            "fragBullets":12
	        "fragBullet": {
	        "type": "BasicBulletType",
	"frontColor":"FFFFFF00",
	"backColor":"FFFFFF00",
	"pierce": true,//穿透单位
	"pierceBuilding":true,
	"reflectable": false
	"hittable": false
	        "speed": 1
	    "lifetime":220
	    "width": 0,
            "height": 6,
            "damage": 1400,
            "hitShake": 20,
            "hitSound": "DBZ1",
            "despawnEffect": "none",
            "hitEffect": "none",
            "splashDamageRadius": 80,
            "splashDamage": 500
            "fragBullets":1
	        "fragBullet": {
	        "type": "BasicBulletType",
	"frontColor":"FFFFFF00",
	"backColor":"FFFFFF00",
	"pierce": true,//穿透单位
	"pierceBuilding":true,
	"reflectable": false
	"hittable": false
	"shake":0
	        "speed": 0
	    "lifetime":600
	    "width": 12,
            "height": 12,
            "damage": 400,
            "hitShake": 20,
            "hitSound": "DBZ1",
            "despawnEffect": "none",
            "hitEffect": "none",
            "splashDamageRadius": 120,
            "splashDamage": 1500
            	"despawnEffect": {
    "type": "MultiEffect",
	"effects": [
	{
            "type": "WaveEffect",
            "lifetime": 40,
            "sizeFrom": 40,
            "sizeTo": 140,
            "strokeFrom": 12,
            "strokeTo": 0,
            "colorTo": "8552a1",
            "colorFrom": "9b59c9"
        },
    {"type": "ParticleEffect",
    "particles": 13,
    "sizeFrom": 15,
    "sizeTo": 0,
    "length": 60,
    "baseLength": 70,
    "lifetime": 180,
    "colorTo": "8552a1",
    "colorFrom": "9b59c9"
    "cone": 360
        },
{"type": "ParticleEffect",
    "particles": 17,
    "sizeFrom": 20,
    "sizeTo": 0,
    "length": 70,
    "baseLength":60,
    "lifetime": 180,
    "colorFrom": "8552a1",
    "colorTo": "9b59c9"
    "cone": 360
        },
{
        "type": "ParticleEffect",
        "particles": 17,
        "line": true,
        "length": 110,
        "baseLength": 30,
        "lifetime": 10,
        "colorFrom": "8552a1",
        "colorTo": "9b59c9"
        "cone": 360
            }
        ]    },
            "bulletInterval":12
            "intervalBullets":1
            "intervalBullet":{
            "shake":0
            "speed": 0
            "lifetime":20
            "width": 0,
            "height": 0,
            "damage": 400,
            "hitShake": 20,
            "hitSound": "DBZ1",
            "despawnEffect": "none",
            "hitEffect": "none",
            "splashDamageRadius": 120,
            "splashDamage": 150
            "despawnEffect": {
    "type": "MultiEffect",
	"effects": [
    {"type": "ParticleEffect",
    "particles": 3,
    "sizeFrom": 15,
    "sizeTo": 0,
    "length": 60,
    "baseLength": 70,
    "lifetime": 30,
    "colorTo": "8552a1",
    "colorFrom": "9b59c9"
    "cone": 360
        },
{"type": "ParticleEffect",
    "particles": 3,
    "sizeFrom": 20,
    "sizeTo": 0,
    "length": 60,
    "baseLength":70,
    "lifetime": 30,
    "colorFrom": "8552a1",
    "colorTo": "9b59c9"
    "cone": 360
        },
{
        "type": "ParticleEffect",
        "particles": 3,
        "line": true,
        "length": 110,
        "baseLength": 20,
        "lifetime": 10,
        "colorFrom": "8552a1",
        "colorTo": "9b59c9"
        "cone": 360
            }
        ]    },
            }
	        }
	        }
	        "bulletInterval":1
            "intervalBullets":1
            "intervalBullet":{
            "shake":0
            "type": "BasicBulletType",
	"frontColor":"FFFFFF00",
	"backColor":"FFFFFF00",
	"pierce": true,//穿透单位
	"pierceBuilding":true,
	"reflectable": false
	"hittable": false
	        "speed": 0
	    "lifetime":900
	    "width": 0.01,
            "height": 0.01,
            "damage": 400,
            "hitShake": 20,
            "hitSound": "DBZ1",
            "despawnEffect": "none",
            "hitEffect": "none",
            "splashDamageRadius": 200,
            "splashDamage": 2500
            	"despawnEffect": {
    "type": "MultiEffect",
	"effects": [
	{
            "type": "WaveEffect",
            "lifetime": 40,
            "sizeFrom": 40,
            "sizeTo": 200,
            "strokeFrom": 12,
            "strokeTo": 0,
            "colorTo": "8552a1",
            "colorFrom": "9b59c9"
        },
    {"type": "ParticleEffect",
    "particles": 13,
    "sizeFrom": 15,
    "sizeTo": 0,
    "length": 120,
    "baseLength": 140,
    "lifetime": 180,
    "colorTo": "8552a1",
    "colorFrom": "9b59c9"
    "cone": 360
        },
{"type": "ParticleEffect",
    "particles": 17,
    "sizeFrom": 20,
    "sizeTo": 0,
    "length": 140,
    "baseLength":120,
    "lifetime": 180,
    "colorFrom": "8552a1",
    "colorTo": "9b59c9"
    "cone": 360
        },
{
        "type": "ParticleEffect",
        "particles": 17,
        "line": true,
        "length": 220,
        "baseLength": 30,
        "lifetime": 10,
        "colorFrom": "8552a1",
        "colorTo": "9b59c9"
        "cone": 360
            }
        ]    },
            "bulletInterval":12
            "intervalBullets":1
            "intervalBullet":{
            "shake":0
            "speed": 0
            "lifetime":20
            "width": 0,
            "height": 0,
            "damage": 400,
            "hitShake": 20,
            "hitSound": "DBZ1",
            "despawnEffect": "none",
            "hitEffect": "none",
            "splashDamageRadius": 200,
            "splashDamage": 150
            "despawnEffect": {
    "type": "MultiEffect",
	"effects": [
	{
            "type": "WaveEffect",
            "lifetime": 40,
            "sizeFrom": 300,
            "sizeTo": 390,
            "strokeFrom": 12,
            "strokeTo": 12,
            "colorTo": "8552a100",
            "colorFrom": "9b59c9"
        },
    {"type": "ParticleEffect",
    "particles": 3,
    "sizeFrom": 15,
    "sizeTo": 0,
    "length": 120,
    "baseLength": 140,
    "lifetime": 30,
    "colorTo": "8552a1",
    "colorFrom": "9b59c9"
    "cone": 360
        },
{"type": "ParticleEffect",
    "particles": 3,
    "sizeFrom": 20,
    "sizeTo": 0,
    "length": 140,
    "baseLength":120,
    "lifetime": 30,
    "colorFrom": "8552a1",
    "colorTo": "9b59c9"
    "cone": 360
        },
{
        "type": "ParticleEffect",
        "particles": 3,
        "line": true,
        "length": 220,
        "baseLength": 30,
        "lifetime": 10,
        "colorFrom": "8552a1",
        "colorTo": "9b59c9"
        "cone": 360
            }
        ]    },
            }
	        }
            },
	"requirements": [
	{"item": "plastanium", "amount": 400},
		{ "item": "graphite",   "amount": 600},
		{ "item": "silicon",    "amount": 900},
		{ "item": "0铜铅合金", "amount": 600 }
		{ "item": "surge-alloy","amount": 400 },
	    {"item":"thorium","amount":900}
	    { "item": "phase-fabric", "amount": 300 }
	    { "item": "1绝缘钢", "amount": 300 }
	],
	"category": "power",
	//"research": "BAAsEA4低效反应堆"
}