{
	"type":"flying",//空军
	"controller": "BuilderAI",//ai
	"flying":true,//飞行
	"accel": 0.2,"drag": 0.1,//加速，惯性
	"engineSize":3,//引擎尺寸
	"engineColor": "DEEDFFFF",//引擎颜色
	"engineOffset":8,//引擎偏移
	"trailLength": 3.5,//尾迹长
	"trailColor": "DEEDFFFF",//尾迹颜色
	"faceTarget": true,

	"name":"原点",//名字
	"description":"配备激光修复系统和建造系统，负责守护原点核心及周边的安全"//介绍

	"fogRadius":0,//探雾范围
	"coreUnitDock": true,
	"isEnemy": false,//是敌人
	"targetable": false;//可以被锁
	"hittable": false;//可以被打
	"rotateSpeed":9,//转头速度
	"mineWalls":true,//挖墙
	"mineFloor":false,//挖地
	"buildSpeed":1,//建筑倍率
	"mining":true,//挖矿
	"speed":7.0,//速度
	"lowAltitude":true,
	"health":630,//血量
	"hitSize":11,//大小
	"itemCapacity":40,//物品容量
	"mineSpeed":7.5,//挖矿速度
	"mineTier":3,//挖矿等级

	"payloadCapacity": 256,//载荷容量
	"pickupUnits": false,//搬单位
	"vulnerableWithPayloads": true//拿了载荷会被打

	"weapons":[
		{"name": "RepairBeamWeapon",//治疗建筑激光
		"type":"RepairBeamWeapon",//治疗建筑激光
		"widthSinMag":0.11,
		"reload":15,//攻速
		"x":0,"y":4,//
		"rotate":false,//转头
		"beamWidth":0.7,
		"aimDst":0,//最短射程
		"shootCone":40,//射击角度
		"mirror":false,//镜像
		"repairSpeed":4,//一次治疗血量
		"fractionRepairSpeed":0.025,//百分比治疗加速倍率
		"laserColor":"DEEDFFFF",//激光颜色
		"healColor":"DEEDFFFF",//治愈颜色
		"targetUnits":false,//碰撞单位
		"targetBuildings":true,//碰撞建筑
		"autoTarget":false,//
		"controllable":true,//
		"bullet": {
		"maxRange": 64,
	}	}	]
}