{
	"type": "GenericCrafter",
	"name": "二级废晶化合机",
	"description": "使用先进技术制造废晶。",
	"health":1750,
	"itemCapacity":30,
	    "liquidCapacity":30,
	"outputItem": {"item": "废晶","amount":5},
	"size":3,
	"hasPower": true,
	"hasItems": true,
	"craftTime":80,
	"consumes": {
		"power":10,
			"liquid": 
	{"liquid": "water", "amount": 0.15}
		"items": {
			"items": [
				{ "item": "纯硅晶", "amount":4},
				{ "item": "废渣", "amount":10},
			]
		}
	},
	"requirements": [
		{ "item": "铝钢", "amount":135 },
		{ "item": "废晶", "amount":175 }
			{ "item": "锡", "amount":265 }
			{ "item": "纯硅晶", "amount":250 }	
					{ "item": "金", "amount":80 }	
	],
			"drawer":{
		"type":"DrawMulti",
		"drawers":[
		{
	    "type":"DrawRegion",
	    "suffix":"-bottom"
	    },
			{
				"type":"DrawDefault"
			}
				
			{
				"type":"DrawFlame",
				//这个type允许使用-top贴图并且拥有火焰动画
				}
				]
				}
	"category": "crafting",
	"research": "废晶合成机",
}
