{
"type":"GenericCrafter",
	//GenericSmelter已经删除，需要加-top贴图的需要以下结构:
	"name":"大型磷提炼机",
	"outputItem":"磷/3",
	"itemCapacity":30,
	"health":660,
		"drawer":{
		"type":"DrawMulti",
		"drawers":[
		{
	    "type":"DrawRegion",
	    "suffix":"-bottom"
	    },
			{
	       "type":"DrawLiquidTile",
	    "drawLiquid":"slag"
	    },
			
				"DrawDefault"
			
			{
				"type":"DrawFlame",
				//这个type允许使用-top贴图并且拥有火焰动画
				}
				 
				]
				}
	"craftTime":60,
	"description":"使用矿渣和大量电力将碳单质加工成磷……"
	"size":3,
		//"updateEffect": "mineBig",
	"consumes":{
			 "power":5,
			 	"liquid": 
	{"liquid": "slag", "amount": 0.28}
		"items":{
			"items":[
				"碳单质/5",
			]
		}
	}
	"requirements":[
		"铝/200",
		"锂/165"
		"铝钢/60",
		"纯硅晶/50",	
		"金/80",	
	]
	"research":"磷提炼机",
	"category":"crafting"
}