{
	"type": "GenericCrafter",
	"health": 180,
	"name": "爆炸混合器",
	"description": "将油藻中的石油与磷混合，产出炸药",
	"outputItem": {
	"item": "炸药", "amount": 2
	},
	"itemCapacity": 10,
	"size": 2,
	"hasPower": true,
	"hasLiquids": false,
	"hasItems": true,
	"craftTime": 60,
	"updateEffect": "mineBig",
	"consumes": {
	"power": 0.4,
	"items": {
		"items": [
	{ "item": "磷", "amount": 2 },
	{ "item": "油藻", "amount": 3}
	]	}
	},
	"requirements": [
	{ "item": "锂", "amount":30 },
		{ "item": "锡", "amount": 20 },
			{ "item": "粗硅晶", "amount": 20 },
		],
	"category": "crafting",
		"craftEffect": "massiveExplosion",
	"research": "磷提炼机",
	"idleSound": "respawning",
	"idleSoundVolume": 0.5
}