{
	"type": "GenericCrafter",
	"name": "石油离心机",
	"description": "把石油变成碳单质",
	"health": 180,
//	"outputLiquid": {"liquid": "cryofluid", "amount": 0.4},
	"itemCapacity": 10,
	"outputItem": {"item": "碳单质","amount":1},	
	"size": 2,
    "hasItems": true,
	"hasLiquids": true,
	"solid": true,
	//"outputsLiquid": true,
	"hasPower": true,
	"liquidCapacity": 60,
	"craftTime": 30,
	"consumes": {
		"power": 2,
	"liquid": 
	{"liquid": "oil", "amount": 0.15}
		},
	"drawer":{
		"type":"DrawMulti",
		"drawers":[
			{
				"type":"DrawDefault"
			},
		
		]
	}
	"updateEffect": "none",
	"requirements": [
	{ "item": "铝", "amount": 120 },
	{ "item": "锡", "amount": 60},
	{ "item": "纯硅晶", "amount": 130 },
	"废晶/50"
	],
	"category": "crafting",
	"research": "石油压缩机"
}