{
"type":"GenericCrafter",
	//GenericSmelter已经删除，需要加-top贴图的需要以下结构:
	"drawer":{
		"type":"DrawMulti",
		"drawers":[
			{
				"type":"DrawDefault"
			},
			{
				"type":"DrawFlame",
				//这个type允许使用-top贴图并且拥有火焰动画
				}
				]
				}
	"name":"赤金炼制工厂",
	"outputItem":"赤金/2",
	"itemCapacity":20,
	"health":460,
	"craftTime":60,
	"description":"炼制赤金"
	"size":3,
	"consumes":{
			 "power":3.8,
		"items":{
			"items":[
				"金/3",
				"磷/2",
			]
		}
	}
	"requirements":[
		"铝/80",
		"金/65"
		"塑胶/80",
		"铀/30",	
	]
	"research":"能量压缩机",
	"category":"crafting"
}