{
	//"type": "GenericCrafter",
	"name": "超代合晶工厂",
	"description": "制造超代合晶。",
	"health":1850,
	"itemCapacity":160,
	    "liquidCapacity":30,
	"outputItem": {"item": "超代合晶","amount":1},
	"size":4,
	"hasPower": true,
	"hasItems": true,
	  "hasLiquids": true,
	"craftTime":360,
	"consumes": {
		"power":15,
			"liquid": 
	{"liquid": "浓缩能量流体", "amount": 0.1}
		"items": {
			"items": [
		
				{ "item": "次代合晶", "amount":20},
				{ "item": "金辉合金", "amount":60},
				{ "item": "凝能晶", "amount":30},
			{ "item": "初代合晶", "amount":50},		
			]
		}
	},
	"requirements": [
		{ "item": "锂", "amount":500 },
		{ "item": "次代合晶", "amount":65 }
		{ "item": "凝能晶", "amount":40 }
		{ "item": "初代合晶", "amount":250 }	
		{ "item": "赤金", "amount":300 }	
	],
			"drawer":{
		"type":"DrawMulti",
		"drawers":[
	
			{
				"type":"DrawDefault"
			}
				
			{
				"type":"DrawFlame",
				//这个type允许使用-top贴图并且拥有火焰动画
				}
				
				]
				}
				"updateEffect": {
				"type": "multiEffect",
			"lifetime": 60,
			"effects": [	
   	{
   	"type": "ParticleEffect",
    "particles": 7,
    "sizeFrom": 2,"sizeTo": 0,
    "length": 20,
    "baseLength":30,
    "lifetime": 60,
   // "region":"合晶工业-天景1"
    "colorFrom": "#ff9900",
    "colorTo": "ffffff",
    "cone": 360
    },
            ],
            },
	"category": "crafting",
	"research": "次代合晶工厂",
}
