{
    "name":"二级电力传导节点",
    "description":"向连接的其他节点输送电力，也能从相邻的建筑接收电力或输送",
    "size":2,
     "laserColor1":"#BAFFFF",//有电时激光颜色
    "laserColor2":"#D6FFFF",//没电时激光颜色
    "health":500,
    "maxNodes":14,//最大节点数
    "armor":1,
    "laserRange":12,//连接半径
	"hasPower":true,
	// "consumesPower": true,
	// "outputsPower": true,
    "requirements": [
        "黄铜/6",
        "铁/3",
        "安山合金/8"
        ],
        "category":"power"
}