{
    "name": "大型电池",
    "description":"可以储存能量……",
    "size": 3,
    "health": 600,
        "drawer": {//143以后电池必须加drawer
		"type": "DrawMulti",
		"drawers": [
			"DrawDefault",
			{
				"type": "DrawPower",
				"emptyLightColor": "F8C266",
				"fullLightColor": "FFFFFF"
			},
			{
				"type": "DrawRegion",
				"suffix": "-top"
			}
		]
	},
    "category": "power",
    "requirements": [
    "铁/30",
    "黄铜/30",
    "安山合金/40"
        ],
        "consumes": {
            "powerBuffered":30000,
            }
            "research": "小型电池"
}