{
	"name": "燃油发电机",
	"description": "利用石油发电。",
	"size":3,
	"armor":1,
	"health":300,
	//"hasLiquids": true,
	"hasLiquids": true,
	"itemDuration":30,
	//发电时间
	"powerProduction":20,
	//发电量
	"generateEffect": "generatespark",
	"outputLiquid":"二氧化碳/0.1",
	"consumes": {
		"liquid":"石油/0.11"
	},
	"requirements": [
		"铁/100",
		"黄铜/100"
	],
	"drawer":{
		"type":"DrawMulti",
		"drawers":[
			{
				"type":"DrawDefault"
			},
			{
				"type":"DrawLiquidRegion",
				"drawLiquid":"石油"
				"suffix":"-油"
			},
		]
	}
	"category": "power",
		"research": {
		"parent": "水车",
		"requirements": [
		"铁/1000",
		"黄铜/1000"
	],
   // "researchCostMultiplier":40,
	},
  //  "research": "能量中枢"
}