{
    "name": "电力墙",
    "description":"运输电力，价格便宜，向四周输出和吸收电力，有效保护脆弱的电缆",
    "details":"...这些东西应该可以绝缘吧?"
    "size": 1,
    "health": 360,
    "category": "power",
    "drawer": {//143以后电池必须加drawer
		"type": "DrawMulti",
		"drawers": [
			"DrawDefault",
		]
	},
    "requirements": [
    "钢/12",
    "铁/12",
    "黄铜/12"
        ],
        "consumes": {
            "powerBuffered":10,
            }
            "research": "装甲电缆"
}