{
    "name": "电缆",
    "description":"运输电力，价格便宜，向四周输出和吸收电力",
    "details":"俺寻思废料应该能绝缘"
    "size": 1,
    "health": 20,
    "drawer": {//143以后电池必须加drawer
		"type": "DrawMulti",
		"drawers": [
			"DrawDefault",
		]
	},
    "category": "power",
    "requirements": [
    "铁/1",
    "黄铜/1",
    "废料/1"
        ],
        "consumes": {
            "powerBuffered":10,
            }
            "research": "太阳能板"   
}