{
    "type": "UnitFactory",
    "name": "ohno",
    "description": "防止作弊，购买最终单位或boss",
    "health": 10,
    "size": 9,
    "consumes": {
        "power": 99999
    },
    "plans": [
        {
            "unit": "天洲",
            "time": 999999999,
            "requirements": [
                {
                    "item": "copper",
                    "amount": 999999999
                },
                {
                    "item": "lead",
                    "amount": 999999999
                },
                {
                    "item": "titanium",
                    "amount": 999999999
                },
                {
                    "item": "metaglass",
                    "amount": 999999999
                },
                {
                    "item": "thorium",
                    "amount": 999999999
                },
                {
                    "item": "graphite",
                    "amount": 999999999
                },
                {
                    "item": "silicon",
                    "amount": 999999999
                },
                {
                    "item": "plastanium",
                    "amount": 999999999
                },
                {
                    "item": "surge-alloy",
                    "amount": 999999999
                },
                {
                    "item": "phase-fabric",
                    "amount": 999999999
                },
                {
                    "item": "蓝钢",
                    "amount": 999999999
                }
            ]
        }
    ],
    "requirements": [
        {
            "item": "silicon",
            "amount": 999999999
        }
    ],
    "buildVisibility": "debugOnly",
    "category": "logic"
}