{
    "type": "Reconstructor",
    "name": "多量级单位重构工厂",
    "description": "将T5单位重构升级为T6，需要资源和冷冻液",
    "health": 4240,
    "size": 11,
    "liquidCapacity": 800,
    "buildCostMultiplier": 1,
    "consumes": {
        "power": 60,
        "items": {
            "items": [
                {
                    "item": "surge-alloy",
                    "amount": 1750
                },
                {
                    "item": "silicon",
                    "amount": 1700
                },
                {
                    "item": "plastanium",
                    "amount": 1850
                },
                {
                    "item": "phase-fabric",
                    "amount": 1550
                },
                {
                    "item": "thorium",
                    "amount": 1600
                },
                {
                    "item": "蓝钢",
                    "amount": 1300
                }
            ]
        },
        "liquid": {
            "liquid": "cryofluid",
            "amount": 6
        }
    },
    "upgrades": [
        [
            "omura",
            "亦鲸"
        ],
        [
            "reign",
            "移除者"
        ],
        [
            "corvus",
            "灭星"
        ],
        [
            "toxopid",
            "死恒蝎"
        ],
        [
            "eclipse",
            "死者"
        ],
        [
            "oct",
            "重型堡垒"
        ],
        [
            "navanax",
            "肿龙"
        ]
    ],
    "constructTime": 21600,
    "requirements": [
        {
            "item": "copper",
            "amount": 3000
        },
        {
            "item": "lead",
            "amount": 3000
        },
        {
            "item": "蓝钢",
            "amount": 2000
        },
        {
            "item": "phase-fabric",
            "amount": 1600
        },
        {
            "item": "thorium",
            "amount": 1600
        },
        {
            "item": "普勒合金",
            "amount": 2000
        },
        {
            "item": "silicon",
            "amount": 4000
        },
        {
            "item": "surge-alloy",
            "amount": 1200
        },
        {
            "item": "plastanium",
            "amount": 1800
        }
    ],
    "category": "units",
    "buildVisibility": "shown",
    "research": "tetrative-reconstructor"
}