{
	"name": "Engineering",
	"description": "工程机甲，高防御，高速度，采矿速率，建造速度",
  "canBoost": true,
    "hitSize": 15,
    "armor": 5,
    "drag": 0.5,
    "mineSpeed": 2,
    "mineTier": 30,
    "buildSpeed": 5,
    "rotateSpeed": 3.5,

    "itemCapacity": 100,
    "boostMultiplier": 2.8,
    "commandLimit": 10,
    "research": "基础单位构建工厂",
    "rotateShooting": true,

	"speed": 2.5,
	"flying": true,
	"health": 3000,
	"shootSound": "laser",
	"weapon": {
		"name": "工程机甲机炮",
		"length": 1.2,
		"width": 0.4,
		"reload": 25,
		"range": 10,
		 "bullet":{
               "speed": 7,
               "damage": 5,
               "reload": 200,
               "range": 10,
    	       "lightining":3,
    	       "lightningLength":7,
    	       "fragBullets": 10,
    	       "pierce": true,
               "bulletWidth": 2.0,
               "bulletHeight": 1.2,
               "homingpower": 50,
               "homingrange": 50
         }
	}
}
