{
	"name": "WiFi大师",
	"description": "虽然不能让你网速变快，但是可以把“WiFi”扔出去攻击敌人。",
	"speed": 1.98,
	"buildPower": 15.85,
	"engineColor": "ff151414",
	"flying": true,
	"itemCapacity": 1200,
	"health": 600.0,
	"drillPower": 45,
	"mineSpeed": 40,
	"weaponOffsetX": 15,
	"weaponOffsetY": 1,
	"range": 200,
	"weapon": {
		"name": "WiFi发射器",
		"length": 1.2,
		"width": 0.4,
		"reload": 27.85,
		"range": 200,
		 "bullet":{
		     "bullets": "missileRevenant",
		 "bulletSprite": "Plan|War·赤焰零度-WiFi子弹",
               "speed": 7,
               "damage": 90,
    	       "lightining":1,
    	       "lightningLength":7,
    	       "fragBullets": 2,
    	       "pierce": true,
               "bulletWidth": 10.2,
               "bulletHeight": 10.2
		 }
	}
}
