{

	"name": "和平者",
	"description": "和平者",
	"speed": 2.3,
	"flying": false,
	"itemCapacity": 1000,
	"health": 1500,
	"shootSound": "laser",
	"weapon": {
		"name": "Plan|War·赤焰零度-和平者机炮",
		"bullet": "healBullet",
		"length": 3,
		"shootEffect": "shootHeal",
		"smokeEffect": "hitLaser",
		"shots": 5,
		"velocityRnd": 0,
		"shotDelay": 15,
		"roundrobin": true,
		"spacing": 0.25,
		"recoil": 1.25,
		"width": 4,
		"reload": 12,
		"inaccuracy": 1,
		"alternate": false
	}
}

