{
	"name": "磁动力机甲",
	"description": "",
	"speed": 2.3,
	"flying": true,
	"health": 1500,
	"weapon": {
		"name": "Plan|War·赤焰零度-磁动力机甲机炮",
		"length": 1.2,
		"shost": 3,
		"spacing":5,
    	"alternate": true,
		"width": 1,
		"reload": 20,
		"range": 300,
	    "bullet":{
       	       "speed": 7,
               "damage": 15,
               "backColor":"0000ff",
			   "fontColor":"0000ff",
			   "heatColor":"0000ff",
			   "trailColor":"0000ff",
               "bulletWidth": 5,
               "bulletHeight": 8
	    }
	}
}