{
	"type":"LogicBlock",
	"category":"logic",
	"name":"钨钢处理器",
	"description":"循环运行一系列逻辑指令，控制单位和在离钨钢处理器一定范围内的建筑。",
	"details":"用于控制一片区域内的钨钢机械，但这个元件不是必须的。",

	"research":{
	"parent":"wulfrum-core",
	"requirements":[
	"wulfrum-steel/5000",
	"energy-core/5000",
	"silicon/6000"
	],
	"objectives":[
	"wulfrum-core"
	]	},

	"requirements":[
	"wulfrum-steel/50",
	"energy-core/50",
	"silicon/60"
	],

	"consumes":{"power":7
	},

	"health":1160,
	"armor":4,
	"size":2,
	"instructionsPerTick":10,
	"range":160
}