{
  "type": "ItemTurret",
  "category": "turret",
  "health": 1560,
  "size": 3,
  "requirements": [ "carbon-crystal/225", "silver/175", "iron/80", "silicon/80" ],
  "reload": 5,
  "range": 160,
  "recoil": 1,
  "recoilTime": 90,
  "inaccuracy": 10,
  "shootSound": "flame",
  "rotateSpeed": 2,
  "ammoPerShot": 1,
  "minWarmup": 0.3,
  "targetAir": false,
  "targetGround": true,
  "consumes": {
    "coolant": {
      "amount": 0.5,
      "booster": true,
      "optional": false
    }
  },
  "shoot": {
    "type": "shootSpread",
    "spread": 10
  },
  "velocityRnd": 0.1,
  "heatColor": "FF9C5AFF",
  "coolantMultiplier": 5,
  "drawer": {
    "type": "DrawTurret",
    "basePrefix": "heavy-"
  },
  "ammoTypes": {
    "carbon-crystal": {
      "type": "BasicBulletType",
      "speed": 4.2,
      "damage": 12,
      "lifetime": 38,
      "ammoMultiplier": 3,
      "reloadMultiplier": 0.8,
      "pierce": true,
      "collidesAir": false,
      "statusDuration": 300,
      "status": "burning",
      "shootEffect": "shootSmallFlame",
      "hitEffect": "hitFlameSmall",
      "despawnEffect": "none",
      "trailInterval": 3,
      "trailEffect": {
        "type": "ParticleEffect",
        "particles": 8,
        "sizeFrom": 4,
        "sizeTo": 1.5,
        "baseLength": 0,
        "length": 12,
        "lifetime": 20,
        "sizeInterp": "pow2In",
        "colorFrom": "ffdd55",
        "colorTo": "db401c",
        "cone": 360,
        "strokeFrom": 1,
        "strokeTo": 0
      }
      "keepVelocity": false,
      "drag": 0.005,
      "sprite": "circle-bullet",
      "frontColor": "00000000",
      "backColor": "00000000",
      "width": 7,
      "height": 7,
      "intervalSpread": 0,
      "intervalRandomSpread": 10,
      "intervalBullets": 1,
      "intervalAngle": 0,
      "intervalBullet": {
        "type": "BasicBulletType",
        "speed": 4,
        "damage": 12,
        "lifetime": 20,
        "pierce": true,
        "collidesAir": false,
        "statusDuration": 300,
        "status": "burning",
        "shootEffect": "shootSmallFlame",
        "hitEffect": "hitFlameSmall",
        "despawnEffect": "none",
        "trailInterval": 3,
        "trailEffect": {
          "type": "ParticleEffect",
          "particles": 3,
          "sizeFrom": 2,
          "sizeTo": 1,
          "baseLength": 12,
          "length": 15,
          "lifetime": 18,
          "interp": "pow2Out",
          "sizeInterp": "pow2Out",
          "colorFrom": "db401c",
          "colorTo": "80808080",
          "cone": 360,
          "strokeFrom": 1,
          "strokeTo": 0
        }
        "keepVelocity": false,
        "drag": 0.005,
        "sprite": "circle-bullet",
        "frontColor": "00000000",
        "backColor": "00000000",
        "width": 7,
        "height": 7
      }
    },
    "sulfur": {
      "type": "BasicBulletType",
      "speed": 4.2,
      "damage": 36,
      "lifetime": 38,
      "ammoMultiplier": 7,
      "reloadMultiplier": 1.2,
      "pierce": true,
      "collidesAir": false,
      "statusDuration": 720,
      "status": "burning",
      "shootEffect": "shootPyraFlame",
      "hitEffect": "hitFlameSmall",
      "despawnEffect": "none",
      "trailInterval": 3,
      "trailEffect": {
        "particles": 8,
        "sizeFrom": 4,
        "sizeTo": 1.5,
        "baseLength": 0,
        "length": 18,
        "lifetime": 30,
        "sizeInterp": "pow2In",
        "colorFrom": "ffdd55",
        "colorTo": "db401c",
        "cone": 360,
        "strokeFrom": 1,
        "strokeTo": 0
      }
      "keepVelocity": false,
      "drag": 0.005,
      "sprite": "circle-bullet",
      "frontColor": "00000000",
      "backColor": "00000000",
      "width": 9,
      "height": 9,
      "intervalSpread": 0,
      "intervalRandomSpread": 10,
      "intervalBullets": 1,
      "intervalAngle": 0,
      "intervalBullet": {
        "type": "BasicBulletType",
        "speed": 4,
        "damage": 24,
        "lifetime": 20,
        "pierce": true,
        "collidesAir": false,
        "statusDuration": 300,
        "status": "burning",
        "shootEffect": "shootSmallFlame",
        "hitEffect": "hitFlameSmall",
        "despawnEffect": "none",
        "trailInterval": 3,
        "trailEffect": {
          "type": "ParticleEffect",
          "particles": 4,
          "sizeFrom": 2,
          "sizeTo": 1,
          "baseLength": 18,
          "length": 20,
          "lifetime": 20,
          "interp": "pow2Out",
          "sizeInterp": "pow2Out",
          "colorFrom": "db401c",
          "colorTo": "80808080",
          "cone": 360,
          "strokeFrom": 1,
          "strokeTo": 0
        }
        "keepVelocity": false,
        "drag": 0.005,
        "sprite": "circle-bullet",
        "frontColor": "00000000",
        "backColor": "00000000",
        "width": 7,
        "height": 7
      }
    },
    "biomass": {
      "type": "BasicBulletType",
      "speed": 5.2,
      "damage": 68,
      "lifetime": 36,
      "ammoMultiplier": 2,
      "rangeChange": 16,
      "pierce": true,
      "collidesAir": false,
      "statusDuration": 3000,
      "status": "burning",
      "shootEffect": {
        "type": "ParticleEffect",
        "particles": 8,
        "sizeFrom": 4,
        "sizeTo": 1.5,
        "baseLength": 0,
        "length": 60,
        "lifetime": 50,
        "interp": "pow2Out",
        "sizeInterp": "pow2In",
        "colorFrom": "9E78DC",
        "colorTo": "5441B0",
        "cone": 15,
        "strokeFrom": 1,
        "strokeTo": 0
      },
      "hitEffect": "hitFlameSmall",
      "despawnEffect": "none",
      "trailInterval": 3,
      "trailEffect": {
        "type": "ParticleEffect",
        "particles": 8,
        "sizeFrom": 4,
        "sizeTo": 1.5,
        "baseLength": 0,
        "length": 20,
        "lifetime": 40,
        "interp": "pow2Out",
        "sizeInterp": "pow2In",
        "colorFrom": "9E78DC",
        "colorTo": "5441B0",
        "cone": 360,
        "strokeFrom": 1,
        "strokeTo": 0
      }
      "keepVelocity": false,
      "drag": 0.005,
      "sprite": "circle-bullet",
      "frontColor": "00000000",
      "backColor": "00000000",
      "width": 7,
      "height": 7,
      "intervalSpread": 0,
      "intervalRandomSpread": 10,
      "intervalBullets": 1,
      "intervalAngle": 0,
      "intervalBullet": {
        "type": "BasicBulletType",
        "speed": 4.8,
        "damage": 48,
        "lifetime": 16,
        "pierce": true,
        "collidesAir": false,
        "statusDuration": 600,
        "status": "burning",
        "shootEffect": "shootSmallFlame",
        "hitEffect": "hitFlameSmall",
        "despawnEffect": "none",
        "trailInterval": 3,
        "trailEffect": {
          "type": "ParticleEffect",
          "particles": 3,
          "sizeFrom": 2,
          "sizeTo": 1,
          "baseLength": 20,
          "length": 25,
          "lifetime": 30,
          "interp": "pow2Out",
          "sizeInterp": "pow2Out",
          "colorFrom": "5441B0",
          "colorTo": "80808080",
          "cone": 360,
          "strokeFrom": 1,
          "strokeTo": 0
        }
        "keepVelocity": false,
        "drag": 0.03,
        "sprite": "circle-bullet",
        "frontColor": "00000000",
        "backColor": "00000000",
        "width": 7,
        "height": 7
      }
    },
  },
  "squareSprite": false,
  "research": {
    "parent": "gallop",
    "objectives": [
      {
        "type": "onSector",
        "preset": "decay-zone"
      }
    ]
  }
}