{
 "type": "powerTurret",
 "category": "turret",
 "health": 260,
 "size": 2,
 "requirements": [ "magicsteel/50", "silver/50" ],
 "smokeEffect": "none",
 "targetAir": true,
 "targetGround": true,
 "reload": 25,
 "recoil": 1,
 "range": 220,
 "rotateSpeed": 3,
 "minWarmup": 0.1,
 "shootSound": "bolt",
 "coolantMultiplier": 3,
 "consumes": {
   "liquid": {
     "liquid": "magicfluid",
     "amount": 0.1,
     "booster": false,
     "optional": false
   },
   "coolant": {
     "amount": 0.1,
     "booster": true,
     "optional": true
   },
   "power": 2
 },
 "drawer": {
   "type": "DrawMulti",
   "drawers": [
     {
       "type": "DrawTurret",
       "basePrefix": "heavy-magic-",
       "parts": [
         {
           "type": "RegionPart",
           "mirror": false,
           "x": 0,
           "y": 0,
           "suffix": "-star",
           "moveX": 0,
           "moveY": 0,
           "moveRot": 0,
           "heatColor": "ffffffc8"
         }
       ]
     }
   ]
 },
 "placeOverlapMargin": 15,
 "shootType": {
   "type": "basicBulletType",
   "damage": 20,
   "speed": 50,
   "lifetime": 7,
   "height": 12,
   "width": 2,
   "splashDamage": 20,
   "splashDamageRadius": 15,
   "weaveScale": 0.7,
   "weaveMag": 40,
   "trailLength": 200,
   "trailWidth": 2,
   "trailColor": "c8a5c8a8",
   "homingPower": 1.0,
   "homingRange": 60,
   "homingDelay": 0,
   "pierce": true,
   "pierceCap": 5,
   "shootEffect": {
     "type": "waveEffect",
     "colorFrom": "c8a5c8",
     "colorTo": "c384b732",
     "lightColor": "c8a5c8",
     "sizeFrom": 5,
     "sizeTo": 10,
     "lightScl": 3.0,
     "lightOpacity": 0.8,  
     "sides": -1,
     "rotation": -1,
     "strokeFrom": 2,
     "strokeTo": 0,
     "offsetX": 0.0,
     "offsetY": 0.0,
     "lifetime": 3.5
   },
   "hitEffect": {
       "type": "waveEffect",
       "colorFrom": "c8a5c8",
       "colorTo": "c384b732",
       "lightColor": "c8a5c8",
       "sizeFrom": 3,
       "sizeTo": 6.5,
       "lightScl": 3.0,
       "lightOpacity": 0.8,  
       "sides": -1,
       "rotation": -1,
       "strokeFrom": 2,
       "strokeTo": 0,
       "offsetX": 0.0,
       "offsetY": 0.0,
       "lifetime": 3.5
   },
   "despawnEffect": "none"
 },
 "squareSprite": false,
 "research": {
   "parent": "beginning-camp",
   "objectives": [
     {
       "type": "sectorComplete",
       "preset": "dark-forest"
     }
   ]
 }
}