{
 "type": "LiquidTurretC",
 "category": "turret",
 "health": 1280,
 "size": 3,
 "requirements": [ "silver/50", "magicsteel/70", "cobalt/30" ],
 "inaccuracy": 30,
 "velocityRnd": 0.1,
 "shootCone": 45,
 "shootY": 0,
 "range": 280,
 "reload": 180,
 "ammoPerShot": 15,
 "amount": 15,
 "liquidCapacity": 60,
 "minWarmup": 0.5,
 "targetHealing": true,
 "shake": 0.2,
 "recoil": 0,
 "heatColor": "ffffffa8",
 "shoot": {
   "shots": 3,
   "shotDelay": 25
 },
 "shootSound": "plasmaboom",
 "loopSound": "none",
 "drawer": {
   "type": "DrawMulti",
   "drawers": [
     {
       "type": "DrawTurret",
       "basePrefix": "heavy-magic-",
       "parts": [
         {
           "type": "RegionPart",
           "suffix": "-side",
           "mirror": true,
           "x": 0,
           "y": 0,
           "moveX": 3.5,
           "moveY": 0,
           "heatColor": "ffffff32"
         },
         {
           "type": "ShapePart",
           "color": "00000000",
           "colorTo": "ffffffa8",
           "stroke": 3,
           "strokeTo": 1.5,
           "sides": 4,
           "mirror": true,
           "hollow": true,
           "radius": 20,
           "radiusTo": 11.5,
           "layer": 110,
           "y": 0,
           "x": 0,
           "rotateSpeed": 3
          }
       ]
     }
   ]
 },
 "ammoTypes": {
   "magicfluid": {
     "type": "BasicBulletType",
     "damage": 25,
     "splashDamage": 25,
     "splashDamageRadius": 40,
     "speed": 3,
     "lifetime": 300,
     "height": 15,
     "width": 15,
     "shrinkX": 0.5,
     "shrinkY": 0.5,
     "drag": 0.01,
     "frontColor": "ffffff",
     "backColor": "ffffff92",
     "hitEffect": {
       "type": "MultiEffect",
       "effects": [
         {
           "type": "ParticleEffect",
           "particles": 1,
           "sizeTo": 0,
           "lifetime": 30,
           "baseLength": 0,
           "length": 0,
           "colorTo": "ffffff00"
         },
         {
           "type": "ParticleEffect",
           "particles": 1,
           "sizeTo": 6,
           "lifetime": 30,
           "baseLength": 0,
           "length": 0,
           "colorTo": "ffffff00",
           "region": "magic-craft-square-hollow",
           "spin": 5
         }
       ]
     },
     "despawnEffect": {
       "type": "MultiEffect",
       "effects": [
         {
           "type": "ParticleEffect",
           "particles": 1,
           "sizeTo": 0,
           "lifetime": 30,
           "baseLength": 0,
           "length": 0,
           "colorTo": "ffffff00"
         },
         {
           "type": "ParticleEffect",
           "particles": 1,
           "sizeTo": 6,
           "lifetime": 30,
           "baseLength": 0,
           "length": 0,
           "colorTo": "ffffff00",
           "region": "magic-craft-square-hollow",
           "spin": 5
         }
       ]
     },
     "shootEffect": {
       "type": "ParticleEffect",
       "particles": 1,
       "sizeTo": 0,
       "lifetime": 45,
       "baseLength": 0,
       "length": 0,
       "colorTo": "ffffff00",
       "region": "magic-craft-square"
     },
     "homingPower": 1.2,
     "homingRange": 160,
     "homingDelay": 22,
     "sprite": "magic-craft-bullet-prism",
     "spin": 3
   }
 },
 "squareSprite": false,
 "research": "magical"
 }