{
	 "type": "mech",
	"name": "爬爬",
	"controller": "SuicideAI",//ai,自爆ai
	"description": "里面有一些炸药 ",
	//"playerControllable":false,玩家可操控
	//"deathExplosionEffect":"none",//爆炸特效
    "health":240,//生命值
    "armor":2,//护甲
    "hitSize":10,//碰撞箱
    "rotateSpeed" :5,
    "speed":5,//移动速度
    "itemCapacity":10,//背包容量
    "range":26,
        "research": "陆军工厂",
	"weapons":[
	{	"name": "bom",	
		"reload": 5, 
        "x": 0,  "y": 0, 
        "rotate": false,
        "shootCone":270,
        "ejectEffect":"none",
        "shootSound":"explosionbig",
        "mirror":false,
        "inaccuracy": 0,
		"alternate": true,
		"top":false,
		"shootOnDeath":true,
		"bullet":{
		"killShooter":true,
	    "splashDamageRadius":68,
        "instantDisappear":true,
		"collides": false,
        "splashDamage":10,
	    "speed":1,"lifetime":10,
	    "hitEffect":"massiveExplosion",
	    "despawnEffect":{"type": "MultiEffect",
			"effects": [
			{"type": "ParticleEffect",
			"particles": 18,
			"sizeFrom": 6,
			"sizeTo": 0,
			"length": 45,
			"baseLength": 3,
			"lifetime": 35,
			"colorFrom": "737373FF",
			"colorTo": "737373FF",
			"cone": 360},
			{"type": "ParticleEffect",
			"particles": 32,
			"line":true,
			"sizeFrom": 9,
			"sizeTo": 0,
			"length": 53,
			"baseLength": 20,
			"lifetime": 22,
			"colorFrom": "FFFFFF",
			"colorTo": "FFE176FF",
			"cone": 360},
			{"type": "WaveEffect",
			"lifetime": 15,
			"sizeFrom": 0,
			"sizeTo": 70,
			"strokeFrom": 4,
			"strokeTo": 0,
			"colorFrom": "FFE176FF",
			"colorTo": "ffffff"}]},
	    "width":0,	 "height":0
	   }	}
	]
}
/*
代码来自虫子模板mod
*/
