{
    "name": "猫碳发电机三型",
    "description": "用更多精炼猫碳发电",
    "size": 7,
    "consumes": {
		"liquid":{"liquid":"Wa","amount":3},
        "items": {
            "items": [
                {"item": "C902","amount": 4}
            ]
        }
    },
    "requirements": [
        {"item": "C60","amount": 900},
        {"item": "Mg-Al","amount": 3400},
        {"item": "Ti+","amount": 1200},
        {"item": "xvx-ai","amount": 3},
		{"item":"普通科技点","amount":2940}
    ],
    "health":35000,
    "hotColor":"FF0000a3",
	"lightColor":"7B68EE",
	"liquidCapacity":1000,
    "powerProduction":3500,
    "itemDuration":60,
    "itemCapacity":500,
	"canOverdrive":false,
    "hasItems": true,
	"heating":0.03,
	"smokeThreshold":0.6,
	"flashThreshold":0.8,
	"coolantPower":1.5,
	"ambientSound":"KZogg",
    "ambientSoundVolume":0.9,
	"research":{
	"parent":"KZ-1",
    "requirements":[
		{"item": "C60","amount": 9000},
        {"item": "Mg-Al","amount": 34000},
        {"item": "Ti+","amount": 12000},
        {"item": "xvx-ai","amount": 30}
	]},
	"explosionRadius":1800,
	"explosionDamage":6500,
	"baseExplosiveness":1000,
    "category": "power"
}