{
	"name": "超巨型太阳能板",
	"description": "家家户户太阳能,吃喝玩乐太阳能,绿色能源,你值得拥有",
	"size": 8,
	"hasPower": true,
	"powerProduction": 500,
	"health":6500,
	"requirements": [
		{ "item": "C90", "amount": 65000 },
		{ "item": "Fe-C", "amount": 40000 },
		{ "item": "Mg-Al", "amount": 25000},
		{ "item": "Ti+", "amount": 8000 },
		{ "item": "xvx-ai", "amount": 500 },
		{"item":"普通科技点","amount":3840}
	],
	"category": "power",
	"research":{
	"parent":"tyn3",
    "requirements":[
		{ "item": "C90", "amount": 650000 },
		{ "item": "Fe-C", "amount": 400000 },
		{ "item": "Mg-Al", "amount": 250000},
		{ "item": "Ti+", "amount": 80000 },
		{ "item": "xvx-ai", "amount": 5000 }
	]}
}
