{
    "name":"探索者基站"
    "squareSprite": false,
	"description":"基础型号的基站，适用于任何星球，",
	"itemCapacity":2000,
	//容量
	"armor":10,
	"alwaysUnlocked":true,
	//开局解锁
	"hasItems": true,
	//是否可以存有物品
	"health":2500,
	//生命
	"unitCapModifier":5,
	//最大单位数量
	"unitType":"探索者",
	//出生机甲
	"size":2,
	//占地边长支持1~9对应贴图1x1=32x32像素.
	"requirements": [
	    "锺/250",
	    "graphite/500",
	    ],
	    //建造消耗。
	"category": "effect",
	//菜单栏类别
	//"research": "core-nucleus"
	//科技树
}