{
    "type": "itemTurret",
    "name": "bug",
    "targetAir": true,
    "targetGround": true,
    "health": 600,
    "size": 3,
    "heatColor": "turretHeat",
    "shootSound": "laser",
    "shake": 0.2,
    "inaccuracy": 0,
    "recoil":1,
    "recoilTime": 60,
    "inaccuracy":0,
    "shoot":{
	"shots":1,
	"shotDelay":0,
	"type":"ShootBarrel",
	"barrels":[
        3,1,0,
        -3,1,0,
        8,-1,0,
        -8,-1,0,
    ]},
    "ammoTypes":{
            "锟斤拷":{
            "ammoMultiplier":2,
            "length":60,
			"width":20,
            "speed":9,
            "damage":75
            "splashDamageRadius":50,
	        "splashDamage":100,
            "pierceCap":3,
            "lifetime": 200,
            "homingPower": 0.2,
            "homingDelay": 0,
			"homingRange": 90,
            "status": "烫烫烫",
            "statusDuration":300,
            "shootEffect": "shootBig"
            "hitSound": "plasmaboom"
            "knockback": 20,
            "frontColor": "FFFFFFFF",
            "backColor": "E934FFFF",
            "trailLength":10,
			"trailWidth":2,
			"trailColor": "FF95F0FF",
    "fragRandomSpread":10,
    "fragBullets":10,
    "fragBullet":{
    "type": "LaserBulletType",
    "hitSound":"plasmaboom",
    "damage":20,
    "status": "烫烫烫",
    "statusDuration":300,
    "collidesTeam":true,
    "hitEffect":"none",
    "despawnEffect":"none",
    "colors":["F499FFFF","F499FFFF","F499FFFF"],
    "width":16,
    "length":200,
    "lifetime":10,
    }}},
    "consumes": {
        "power": 6.5,
        "coolant": {
            "amount": 0.2,
            "optional": true
        }
    },
    "reload":10,
    "rotateSpeed": 10,
    "range": 1200,
    "category": "turret",
    "research": "swarmer",
    "requirements": [
        {
            "item": "锟斤拷",
            "amount": 600
        },
        {
            "item": "silicon",
            "amount": 200
        }
    ]
}