{
"localizedName": "初次相遇",
	"description": "我们发现了什么,是钛,那能让我们解锁大量科技,\n[red]敌人的核心吗？我们会击溃你的,除了你们的天爆其他人又有何可惧？",
    "planet":"星耀光棱"//母星名字。
    "sector":1//区块坐标
    "captureWave":0//胜利波次
    "difficulty":3//难度1一5
    "research": {
		"parent": "世界另一端",
		"objectives": [
            {
				"type": "SectorComplete",
				"preset": "世界另一端"
			}
			]}
}