{
  "type": "flying",
  "flying": true,

  "name": "坚翼",
  "description": "炮塔投掷器，部署一台或多台武装炮台进行来战斗",

  "health": 24000,
  "armor": 3,
  "speed": 1.08,
  "accel": 0.2,
  "drag": 0.016,
  "outlineColor": "2B2B2BFF",

  "weapons": [
    {
      "x": 8,
      "y": 0,
      "reload": 160,

      "bullet": 
      {
    "type": "PointBulletType",
    "trailEffect": {
      "type": "ParticleEffect",
      "strokeFrom": 0,
      "strokeTo": 0,
      "length": 0,
      "baseLength": 1,
      "lifetime": 0,
      "colorFrom": "4b4b4b00",
      "colorTo": "4B4B4B00",
      "cone": 0
    },
    "fragBullets": 1,
    "fragAngle": 180,
    "fragRandomSpread": 40,
    "fragVelocityMax": 12,
    "fragVelocityMin": 11,
    "speed": 30,
    "lifetime": 10,
    "hitEffect": {
      "type": "ParticleEffect",
      "lifetime": 70,
      "region": "苍穹征途-预瞄点",
      "particles": 1,
      "sizeFrom": 20,
      "sizeTo": 10,
      "colorFrom": "d370d3",
      "colorTo": "d370d3",
      "baseLength": 0,
      "length": 0
    },
    "fragBullet": {
      "type": "PointBulletType",
      "trailEffect": {
        "type": "ParticleEffect",
        "strokeFrom": 0,
        "strokeTo": 0,
        "length": 0,
        "baseLength": 1,
        "lifetime": 0,
        "colorFrom": "4B4B4B00",
        "colorTo": "4B4B4B00",
        "cone": 0
      },
      "fragBullets": 1,
      "fragAngle": 180,
      "fragRandomSpread": 1,
      "fragVelocityMax": 11.5,
      "fragVelocityMin": 11.4,
      "fragBullet": {
        "type": "BasicBulletType",
"collides": false,
        "pierce": true,
        "pierceBuilding": true,
        "sprite": "苍穹征途-隐翅炮塔",
        "hitSound": "plasmaboom",
        "shrinkX": 0.4,
        "shrinkY": 0.4,
        "width": 20,
        "height": 20,
        "trailLength": 20,
        "trailWidth": 5,
        "trailColor": "d370d3",
        "spin": 5,
        "lifetime": 100,

        "despawnUnit": 隐翅炮塔
      }
    }
    }
    }
  ]
}