{
"type": "flying",
	"flying":true
	"name": "御翎",
	"speed": 2,
	"accel": 0.08,
	"drag": 0.056,
	"rotateSpeed": 3,
	"hitSize": 15
	"health": 8700,
	"outlineColor": "2B2B2BFF"
	"armor": 1,
	"description":"空中单位，利用能量干扰装置干扰敌人，并造成伤害，对不需要能量的物体基本没有效果",
	"weapons": [
{
      "x": 0,
      "y": 0,
      "reload": 350,
      "mirror": false,
      "alwaysShooting": true,
      "parts": [
        {
          "type": "ShapePart",
          "progress": "reload",
          "layer": 110,
          "circle": true,
          "y": 0,

          "radius": 6,
          "radiusTo": 0,
          "color": "FFB1EBFF",
          "colorTo": "FFB1EBFF"
        },
      ],

      "bullet": {
"type":"BasicBulletType",
"hiteffect":"none"
"lifetime":30,
"speed":3,
"drag":99999,
"fragBullets": 3,
        "fragBullet":{
        "type": "EmpBulletType",
        "hiteffect":"none"
        "instantDisappear": true,
        "lifetime": 10,
        "speed": 1,
        "drag":999,

        "damage": 40,
        "splashDamage": 1,
        "splashDamageRadius": 200,
        "splashDamagePierce": true,
        "unitDamageScl": 20,
        "radius": 100,

        "timeIncrease": 1.5,
        "powerSclDecrease": 0.5,
        "timeDuration": 80,
        "status": "disarmed",
        "statusDuration": 60
        "bulletInterval": 20,
"fragBullets": 3,
"fragBullet":{
	"type": "PointBulletType"
        "speed": 5
        "lifetime": 20
    "instantDisappear":true,
    "damage": 0,
    "hiteffect":"none"
    "trailEffect": {
    "sizeFrom":0,
	"sizeTo":0.2,
              }
              "fragBullets": 1,
"fragBullet":{
        "lightningLength": 15,
        "type": "LightningBulletType",
        "damage": 70,
        "lightningColor": "FFB1EBFF",
        "hitColor": "FFB1EBFF",
        "pierceArmor": true
      }
      }
      }
  "parts":[
		{
		"type":"ShapePart",
		"circle":true,
		"hollow":true,
		"radius":20
		"radiusTo":100
		"stroke":5,
		"strokeTo":2,
		"layer":110,
		"color":"FFB1EBFF"
		"progress":{
    "type":"warmup",
    "op":"delay",
    "amount":0.25
  }
		},
		]
      }
    },
    ]
    }