{
	"type":"SolidPump",
	"name":"强压钻井机"
	"squareSprite": false,
	"description": "结构更强劲，能从地下更深处开采水。"
	"size":3,
	"armor":3
	"health":900,
	"pumpAmount":0.4,
	//每帧泵量
	"result":"water",
	//所泵液体
	"rotateSpeed":7,
	//贴图转速
	"attribute":"water",
	//地形加成
	"liquidCapacity":120,
	"consumes": {
		"power":7.5,
	},
	"requirements": [
	    "锺/120",
	    "graphite/80",
	    "斥焰合金/60",
	    "silicon/60"
		],
	"category": "production",
	"research": "钻井机"
}