{
    //"type":"BurstDrill"
    "name":"聚能钻头"
    "squareSprite": false,
    "description":"采用现代顶尖技术来快速挖掘矿物，但因为强悍的功率，它不能挖掘沙。但能挖掘铉。"
    "drillTime":300
    //挖掘时间
    "size":4,
    "armor":25,
    "health":2000
    "hasPower":true
    "tier":250,
    //挖掘等级
    "drillEffect":{
        "type":"MultiEffect"
        "effects":[
            "mineImpact"
            "drillSteam"
            "dynamicSpikes"
            "mineImpactWave"
            ]
        },
        "consumes": {
	    "power":14.5,
		"liquid": {
		    "liquid":"砛溶液"
			"amount":0.25,
			"booster": true,
			//加速
			"optional": true
			//可选
		}
	},
	"blockedItem":"sand"
	//无法挖掘的矿物
	"requirements": [
	    "铧/100",
	    "锺/160",
	    "silicon/100",
	    "斥焰合金/80"
		]
		"liquidBoostIntensity":2,
		//液体加强倍率(实际为此数值的平方)
        "shake":4,
        //屏幕晃动
        "itemCapacity":50,
        "liquidCapacity":30,
        "arrowOffset":0,
        //箭头偏移
        "arrowSpacing":4.1
        //箭头间距
        "arrows":2
        //箭头数量
        "arrowColor":"FF0000"
        "glowColor":"FF0000",
        //发热颜色
        "fogRadius":5,
        "category": "production",
        "research": {
		"parent": "列位钻头"
    "researchCostMultiplier":40
	},
}