{
    "name":"重镭射钻机",
    "type":"BeamDrill",
    "description":"向墙壁发射重镭射光束，以开采矿物。"
    "health":900,
    "drillTime":90,
    //挖掘时间
    "tier":10,
    //挖掘等级
    "size":3,
    "armor":3,
    "range":11,
    //范围
    "fogRadius":6,
    "heatColor":"#71d5ff",
    //开采时颜色
    "laserWidth":0.6,
    //激光宽度
    "liquidCapacity":18,
    //液体容量
    "itemCapacity":20,
    //物体容量
    "requirements":[
        "锺/100",
        "graphite/60",
        "silicon/30",
        "thorium/30"
        ],
        "research":"镭射钻头",
        "consumes": {
	    "power":2.25,
	    "liquid": {
		    "liquid":"water"
			"amount":0.15
			"booster": true,
			//加速
			"optional": true
			//可选
		}
	},
	"category":"production",
}