{
	"type":"SolidPump",
	"name":"钻井机",
	"squareSprite": false,
	"description": "从地下深处开采水，但效率难以恭维。"
	"size":2,
	"armor":2
	"health":400,
	"pumpAmount":0.1,
	//每帧泵量
	"result":"water",
	//所泵液体
	"rotateSpeed":4,
	//贴图转速
	"attribute":"water",
	//地形加成
	"liquidCapacity":30,
	"consumes": {
		"power":2.5,
	},
	"requirements": [
	    "锺/90",
	    "graphite/30",
	    "砛/30",
	    "silicon/30"
		],
	"category": "production",
	"research": "镭射钻头"
}