{
    "name":"镭射钻机",
    "type":"BeamDrill",
    "description":"向墙壁发射镭射光束，以开采矿物。"
    "health":400,
    "drillTime":100,
    //挖掘时间
    "tier":5,
    //挖掘等级
    "size":2,
    "armor":2,
    "range":7,
    //范围
    "fogRadius":6,
    "heatColor":"#71d5ff",
    //开采时颜色
    "laserWidth":0.5,
    //激光宽度
    "liquidCapacity":12,
    //液体容量
    "itemCapacity":10,
    //物体容量
    "requirements":[
        "锺/5",
        "graphite/20",
        ],
        "research": {
		"parent": "探索者基站",
    "requirements":[
        "锺/15",
        "graphite/60",
        ]
	},
	"consumes": {
	    "power":0.5,
	    "liquid": {
		    "liquid":"water"
			"amount":0.1
			"booster": true,
			//加速
			"optional": true
			//可选
		}
	},
	"category":"production",
}