{
"type":"ItemTurret",
"name":"惊弦",
"description":"对敌方地面单位发射大威力弹头，弹头根据材料不同有各种效果",
"targetAir":false,
"targetGround":true,
"rotateSpeed":8,
"health":2840,
"reload":60,
"maxAmmo":50
"range":360,
"shotWidth":3
"recoil":2.8
"shootSound":"mediumCannon"
"shootEffect":"shootTitan"
"restitution":0.24,
"cooldown":0.06,
"inaccuracy":0,
"ammoPerShot":2
"consumes": {
    "coolant": {
    "amount": 0.5,
    "optional": true
        }
    },
"shoot": {
"shots": 1,
}
"size":4,
"ammoTypes":{
    "graphite":{
    "type":"BasicBulletType"
    "collidesAir": false
    "speed":8
	"lifetime":45
    "damage":260
    "width": 18
    "height": 26
    "reloadMultiplier":1
  	"ammoMultiplier":4
  	"splashDamageRadius":20
    "splashDamage":180
    "knockback":0.28
    "buildingDamageMultiplier": 0.25,
    "hitEffect":{
    "type": "WaveEffect",
    "lifetime":8,
    "strokeFrom":2,
    "sizeTo":20
    }
    }
    "thorium":{
    "type":"BasicBulletType"
    "backColor":"FFAEF5FF"
	"frontColor":"FFAEF5FF"
    "collidesAir": false
    "speed":8
	"lifetime":45
    "damage":480
    "width": 26
    "height": 28
    "reloadMultiplier":1
  	"ammoMultiplier":2
    "knockback":0.6
    "pierce": true,
    "pierceCap": 5,
    "trailChance": -1
    "trailWidth": 6
    "trailLength": 12
    "trailColor": "FFAEF5FF"
    "buildingDamageMultiplier": 0.25,
    }
    "pyratite":{
    "type":"BasicBulletType"
    "backColor":"FFDC40EB"
	"frontColor":"FFDC40EB"
    "collidesAir": false
    "speed":8
	"lifetime":45
    "damage":420
    "width": 26
    "height": 28
    "reloadMultiplier":0.8
  	"ammoMultiplier":4
  	"splashDamageRadius":28
    "splashDamage":220
    "knockback":0.5
    "status":"burning"
    "statusDuration":300
    "trailColor": "FFDC40EB"
    "buildingDamageMultiplier": 0.25,
    "intervalBullets":2
    "bulletInterval":5
    "buildingDamageMultiplier": 0.25,
    "hitEffect":{
    "type": "WaveEffect",
    "lifetime":8,
    "strokeFrom":2,
    "sizeTo":28
    }
    }
    "titanium":{
    "type":"BasicBulletType"
    "collidesAir": false
    "speed":8
	"lifetime":45
    "damage":80
    "width": 18
    "height": 26
    "reloadMultiplier":2.5
  	"ammoMultiplier":4
  	"splashDamageRadius":16
    "splashDamage":60
    "knockback":0.14
    "status":"freezing"
    "statusDuration":45
    "buildingDamageMultiplier": 0.25,
    "hitEffect":{
    "type": "WaveEffect",
    "lifetime":8,
    "strokeFrom":2,
    "sizeTo":16
    }
    }
    "surge-alloy":{
    "type":"BasicBulletType"
    "backColor":"FFE977FF"
	"frontColor":"FFE977FF"
    "collidesAir": false
    "speed":8
	"lifetime":45
    "damage":400
    "width": 26
    "height": 28
    "reloadMultiplier":1.15
  	"ammoMultiplier":5
  	"splashDamageRadius":32
    "splashDamage":260
    "knockback":0.6
    "trailChance": -1
    "trailWidth": 6
    "trailLength": 12
    "trailColor": "FFE977FF"
    "buildingDamageMultiplier": 0.25,
    "intervalBullets":2
    "bulletInterval":5
    "intervalBullet":{
    "collidesAir": false
    "type":"LightningBulletType",
    "lightningColor":"FFE977FF"
    "damage":16,
    "lightningLength":6,
    }
    "fragBullets": 6
    "fragBullet": {
    "collidesAir": false
    "type":"LightningBulletType",
    "lightningColor":"FFE977FF"
    "damage":36,
    "lightningLength":8,
    }
    "hitEffect":{
    "type": "WaveEffect",
    "lifetime":8,
    "strokeFrom":2,
    "sizeTo":32
    }
    }
}
"requirements":[
{"item":"copper","amount":1000}
{"item":"graphite","amount":260}
{"item":"thorium","amount":300}
{"item":"plastanium","amount":200}
{"item":"surge-alloy","amount":175}
],
"category":"turret",
"research":"salvo"
}