{
"type":"ItemTurret",
"name":"穿刺",
"description":"发射坚硬的穿透子弹，能穿过多个单位进行杀伤",
"targetAir":true,
"targetGround":true,
"rotateSpeed":4,
"health":1300,
"reload":80,
"maxAmmo":30
"range":200,
"shotWidth":3
"recoil":2.8
"shootSound":"shootSnap"
"restitution":0.08,
"cooldown":0.02,
"inaccuracy":3.8,
"ammoPerShot":4
"consumes": {
    "coolant": {
    "amount": 0.2,
    "optional": true
        }
    },
"shoot": {
"type": "ShootBarrel",
"shots": 3,
"shotDelay":10
"barrels": [
0, 0, 0,
5, 0, 0,
-5, 0, 0,
]
}
"size":3,
"ammoTypes":{
    "graphite":{
    "type":"BasicBulletType"
    "speed":8
	"lifetime":25
    "damage":30
    "width": 10
    "height": 14
    "reloadMultiplier":1
  	"ammoMultiplier":2
    "pierce": true,
    "pierceCap": 3,
    "trailChance": -1
    "trailWidth": 4
    "trailLength": 10
    "trailColor": "FFE977FF"
    }
}
"requirements":[
{"item":"copper","amount":320}
{"item":"titanium","amount":160}
{"item":"graphite","amount":250}
],
"category":"turret",
"research":"salvo"
}