{   "name":"水面板II"
    "placeableLiquid":true,
	"requiresWater":true,
    "type": "floor",
    "variants":0,
    //贴图数量
    "speedMultiplier":1.2,
    //单位移速倍率
    "statusDuration":20,
    "liquidDrop":"water",
    //"drownTime":240,
    //溺水时间
    "cacheLayer":"water",
    //贴图层
    "albedo":1.1,
    //反光率
    "supportsOverlay":false,
    //支持覆盖
    "isLiquid":true,
    //是否是液体
    "category": "effect",
    "requirements":[
		"titanium/20",
		"lead/20",
	],
	"research": "水面板",
}