{
    "type":"Floor",
    "variants":0,
    //贴图数量
    "speedMultiplier":0.75,
    //单位移速倍率
    "statusDuration":60,
    "liquidDrop":"ozone",
    //"drownTime":240,
    //溺水时间
    "cacheLayer":"water",
    //贴图层
    "albedo":0.9,
    //反光率
    "supportsOverlay":true,
    //支持覆盖
    "isLiquid":true,
    //是否是液体
    "attributes":
    {
        "heat":-0.4,
        //地热度
        "spores":0,
        //孢子度
        "water":0,
        //潮湿度
        "oil":0,
        //含油度
    },
    //地板属性
}