{
    "type": "SolarGenerator",
    "name": "巨型太阳能板",
    "description": "提供越1800/S的电力",
    "details": "我忘不了这是我做的第3个发电装置",
    "size": 5,
    "hasPower": true,
    "powerProduction": 30,
    "requirements": [
        {
            "item": "精铁",
            "amount": 65
        },
        {
            "item": "锂",
            "amount": 65
        },
        {
            "item": "silicon",
            "amount": 180
        },
        {
            "item": "钢",
            "amount": 220
        },
        {
            "item": "copper",
            "amount": 35
        }
    ],
    "category": "power",
    "research": "solar-panel-large"
}