{
	"health": 24000,
	"range": 240,
	"abilities": [
		{
			"type": "EnergyFieldAbility",
			"damage": 40,
			"reload": 17.5,
			"range": 240,
			"healPercent": 1.5,
			"hitEffect": {
				"type": "ParticleEffect",
				"particles": 9,
				"sizeFrom": 9,
				"sizeTo": 0,
				"line": true,
				"length": 55,
				"baseLength": 0,
				"lifetime": 25,
				"colorFrom": "76D081",
				"colorTo": "76D081",
				"cone": 360
			},
			"damageEffect": "chainLightning",
			"status": "electrified",
			"shootSound": "spark",
			"statusDuration": 360,
			"x": 0,
			"y": 0,
			"maxTargets": 40
		}
	]
}