{
	"health": 2340,
	"rotateSpeed": 2.43,
	"range": 240,
	"weapons": [
		{
			"name": "潜螺1",
			"type": "RepairBeamWeapon",
			"x": 11,
			"y": -10,
			"shootY": 6,
			"beamWidth": 0.88,
			"mirror": true,
			"repairSpeed": 0.88,
			"bullet": {
				"maxRange": 150
			}
		},
		{
			"name": "江豚",
			"x": 9,
			"y": 3,
			"rotate": true,
			"rotateSpeed": 4,
			"inaccuracy": 1,
			"shootSound": "missile",
			"reload": 60,
			"shoot": {
				"shots": 3,
				"shotDelay": 8,
				"type": "ShootBarrel",
				"barrels": [
					1.5,5.5,-7.5,
					3.5,3.5,-22.5,
					2.5,4.5,-15
				]
			},
			"bullet": {
				"type": "BasicBulletType",
				"height": 16,
				"width": 10,
				"damage": 35,
				"shrinkY": 0,
				"weaveScale": 8,
				"weaveMag": 1,
				"keepVelocity": false,
				"absorbable": false,
				"homingDelay": 50,
				"homingPower": 0.08,
				"homingRange": 80,
				"splashDamageRadius": 55,
				"splashDamage": 45,
				"sprite": "missile-large",
				"frontColor": "ffffff",
				"backColor": "97FFA8",
				"collidesTeam": true,
				"healPercent": 2.8,
				"trailLength": 46,
				"trailWidth": 2,
				"trailColor": "97FFA8",
				"speed": 1,
				"lifetime": 100,
				"drag": -0.017,
				"hitEffect": {
					"type": "ExplosionEffect",
					"lifetime": 28,
					"waveStroke": 6,
					"waveLife": 10,
					"waveRadBase": 7,
					"waveColor": "97FFA8",
					"waveRad": 30,
					"smokes": 6,
					"smokeColor": "ffffff",
					"sparkColor": "97FFA8",
					"sparks": 6,
					"sparkRad": 35,
					"sparkStroke": 1.5,
					"sparkLen": 4
				},
				"smokeEffect": "none",
				"hitSound": "plasmaboom",
				"fragBullets": 7,
				"fragVelocityMin": 0.3,
				"fragBullet": {
					"type": "MissileBulletType",
					"width": 8,
					"height": 8,
					"shrinkY": 0,
					"frontColor": "ffffff",
					"backColor": "97FFA8",
					"collidesTeam": true,
					"healPercent": 2.8,
					"trailChance": -1,
					"trailLength": 20,
					"trailWidth": 2.2,
					"trailColor": "97FFA8",
					"speed": 4,
					"lifetime": 60,
					"damage": 15,
					"splashDamageRadius": 13,
					"splashDamage": 13,
					"ammoMultiplier": 5,
					"hitEffect": {
						"type": "ExplosionEffect",
						"lifetime": 20,
						"waveStroke": 2,
						"waveColor": "97FFA8",
						"waveRad": 12,
						"smokes": 0,
						"sparkColor": "97FFA8",
						"sparks": 9,
						"sparkRad": 35,
						"sparkStroke": 1.5,
						"sparkLen": 4
					},
					"status": "electrified",
					"statusDuration": 360
				}
			}
		}
	]
}