{
  "type":"CoreBlock",//方块类别
  "name":"穹垒核心",//名字
  "description":"帕蒂克最初的核心。",//简介 解锁后显示
  "size":4,//尺寸
  "health":4500,//血量
  "itemCapacity": 2500,//物品容量
  "unitCapModifier":10,//该核心所增加的单位上限
  "unitType":"烬尘",//核心单位
  "squareSprite": false,
    // 使用方形贴图
  "requirements": [
  "铁/400",
  "黏土/100",
  "石头/500"
  ],
  "category": "effect",//建造栏分类
  "alwaysUnlocked":true,
  "research": "粒子"
}