{
    "type": "flying",
    "localizedName": "远古双管之神",
    "description":"上古时期的双管神",
    "details":"双管?单管!",
    "flying": true,
    "health": 22000,
    "speed": 1,
    "weapons": [
        {
            "x": 0,
            "y": 0,
            "reload": 30,
            "alternate": true,
            "inaccuracy":0,
            "mirror": false,
            "rotate": false,
            "bullet": {
                "type": "BasicBulletType",
                "damage":200,
                "height": 15,
                "speed":5,
                "width": 10,
                "lifetime": 24
            }
        }
    ],
    "research": {
        "parent":"sbyuangukejigongchang",
        "requirements":["copper/1500","lead/1800"]
    }
}
