{
"name": "凝束",  
"description":"行进速度较慢，向前发射幅角逐渐减小的激光攻击目标"
	"type": "tank",
	"template": "ErekirUnitType",
	"squareShape": true,
	"treadPullOffset": 8,
	"singleTarget": false,
	"omniMovement": false,
	"crushDamage":10,
	"research":{
	/*"objectives": [
		"特种单位组装厂",//研究xx
		]*/
	"parent": "",
	},
"treadRects": [
		{
			"x": -47,
			"y": -70,
			"width": 20,
			"height": 120
		},
		{
			"x": 47,
			"y": -70,
			"width": 20,
			"height": 120
		}
	],
	"armor": 15,
	"hitSize": 38,
	"rotateSpeed": 1.6,
	"speed": 1.4,
	"flying": false,
	"health": 24000,
	"range": 400,
	"immunities": [
	"unmoving"
],

	"weapons": [
	{       
			"name": "fjac凝束1",
			"x": 0,
			"recoil": 2,
			"shake": 3,
			"shootY": 12,
			"reload": 400,
			"shootCone": 15,
			"mirror": false,
			"rotate": true,
			"rotateSpeed": 2,
			"layerOffset": 0.01,
			"shootSound": "mediumCannon",
				"shootStatus": "凝束静止",
			"shootStatusDuration": 160,
				"shoot":{
	"type":"shootBarrel",
	"firstShotDelay":80
	"shots": 80,
		"shotDelay": 1
		"type": "ShootBarrel",
        "barrels": [
        0,3,-30,
        0,3,30,
        0,3,-29,
        0,3,29,
        0,3,-28,
        0,3,28,
        0,3,-27,
        0,3,27,
        0,3,-26,
        0,3,26,
        0,3,-25,
        0,3,25,
        0,3,-24,       
        0,3,24,
        0,3,-23,       
        0,3,23,
        0,3,-22,       
        0,3,22,
        0,3,-21,       
        0,3,21,
        0,3,-20,
        0,3,20,
        0,3,-19,
        0,3,19,
        0,3,-18,
        0,3,18,
        0,3,-17,
        0,3,17,
        0,3,-16,
        0,3,16,
        0,3,-15,
        0,3,15,
        0,3,-14,       
        0,3,14,
        0,3,-13,       
        0,3,13,
        0,3,-12,       
        0,3,12,
        0,3,-11,       
        0,3,11,
        0,3,-10,
        0,3,10,
        0,3,-9,
        0,3,9,
        0,3,-8,
        0,3,8,
        0,3,-7,
        0,3,7,
        0,3,-6,
        0,3,6,
        0,3,-5,
        0,3,5,
        0,3,-4,       
        0,3,4,
        0,3,-3,       
        0,3,3,
        0,3,-2,       
        0,3,2,
        0,3,-1,       
        0,3,1,
        0,3,0,
        0,3,0,
        0,3,0,       
        0,3,0,
        0,3,0,       
        0,3,0,
        0,3,0,       
        0,3,0,
        0,3,0,       
        0,3,0,
        0,3,0,
        0,3,0,
        0,3,0,       
        0,3,0,
        0,3,0,       
        0,3,0,
        0,3,0,       
        0,3,0,
        0,3,0,       
        0,3,0,

        ]
	},
			"bullet":{
		
		"type":"LaserBulletType",
		"length":400,
		"width":14,
		"lifetime": 20,
		"damage":100,
		"hitSize":10,
		"hitEffect":"hitLancer",
		"shootEffect":"lancerLaserShoot",
		"smokeEffect":"none",
		"colors":["9CB664FF","C9D485FF","EDF3A9FF"],
		"pierceCap":9,
		"sideAngle":30,
		"sideLength":0.1,
		"sideWidth":0.1,
}
}
]
}