{
	"type":"flying",//类型
	"flying":true,//飞行
	"lowAltitude": true,
	"accel":0.1,"drag":0.1,//加速，惯性
	"name":"弑星",//名字
	"description":"",//介绍
	"details":""//剧情

	"research":{
	"parent":""//科技树前置
	},

	"immunities":[
	"unmoving"
	],

	"hitSize":75,//大小
	"rotateSpeed": 1.5,
	"engineOffset": 52.75,
	"engineSize": 10,
		"engines": [
		{
			"x": -37.5,
			"y": -42.75,
			"radius": 8,
			"rotation": -90
		}
		{
			"x": 37.5,
			"y": -42.75,
			"radius": 8,
			"rotation": -90
		}
	],
	"speed":0.6,//速度
	"health":293460,//血量
	"armor":2,//护甲
	"parts": [
		{
			"type": "HaloPart",
			"progress": "smoothReload",
			"tri": true,
			"y": 28.5,
			"shapes": 2,
			"triLength": 24,
			"triLengthTo": 0,
			"haloRadius": 21,
			"haloRotation": 90,
			"color": "F3E979FF",
			"colorTo": "D99F6BFF",
			"layer": 110
		},
		{
			"type": "HaloPart",
			"progress": "smoothReload",
			"tri": true,
			"y": 28.5,
			"shapeRotation": 180,
			"shapes": 2,
			"triLength": 6,
			"triLengthTo": 0,
			"haloRadius": 21,
			"haloRotation": 90,
			"color": "F3E979FF",
			"colorTo": "D99F6BFF",
			"layer": 110
		},
		{
			"type": "HaloPart",
			"progress": "smoothReload",
			"mirror": true,
			"tri": true,
			"y": 28.5,
			"shapes": 2,
			"triLength": 18,
			"triLengthTo": 0,
			"haloRadius": 21,
			"haloRotation": 60,
			"color": "F3E979FF",
			"colorTo": "D99F6BFF",
			"layer": 110
		},
		{
			"type": "HaloPart",
			"progress": "smoothReload",
			"mirror": true,
			"tri": true,
			"y": 28.5,
			"shapeRotation": 180,
			"shapes": 2,
			"triLength": 4.5,
			"triLengthTo": 0,
			"haloRadius": 21,
			"haloRotation": 60,
			"color": "F3E979FF",
			"colorTo": "D99F6BFF",
			"layer": 110
		},
		{
			"type": "ShapePart",
			"progress": "smoothReload",
			"circle": true,
			"y":28.5,
			"radius": 4,
			"radiusTo": 0,
			"color": "F3E979FF",
			"colorTo": "D99F6BFF",
			"layer": 110
		},
		{
			"type": "HaloPart",
			"progress": "smoothReload",
			"tri": true,
			"y": 28.5,
			"shapes": 4,
			"triLength": 18,
			"triLengthTo": 0,
			"haloRadius": 12,
			"haloRotation": -12.6,
			"haloRotateSpeed": -0.5,
			"color": "F3E979FF",
			"colorTo": "D99F6BFF",
			"layer": 110
		},
		{
			"type": "HaloPart",
			"progress": "smoothReload",
			"tri": true,
			"y": 28.5,
			"shapeRotation": 180,
			"shapes": 4,
			"triLength": 4.5,
			"triLengthTo": 0,
			"haloRadius": 12,
			"haloRotation": -12.6,
			"haloRotateSpeed": -0.5,
			"color": "F3E979FF",
			"colorTo": "D99F6BFF",
			"layer": 110
		}
	],
	"weapons": [
		{
			"name": "fjba弑星1",
			"x": -23.5,
			"y": -30.5,
			"reload": 60,
			"recoil": 2,
			"rotate": true,
			"rotateSpeed": 4,
			"shootCone": 15,
			"cooldownTime": 60,
			"shootSound": "laser",
			"bullet": {
				"type": "LaserBulletType",
				"damage": 175,
				"lifetime": 15,
				"length": 360,
				"width": 24,
				"colors": [
					"F3E979FF",
					"F3E979FF",
					"D99F6BFF"
				],
				"hitEffect": "hitLancer"
			}
		},
	{
			"name": "fjba弑星3",
			"x": 0,
			"y": -1.75,
			"reload": 180,
			"shoot": {
				"shots": 4,
				"shotDelay": 10
			},
			"shootY": 8,
			"rotate": true,
			"rotateSpeed": 1,
			"shootCone": 15,
			"cooldownTime": 90,
			"layerOffset": 0.01,
			"minWarmup": 0.99,
			"shootWarmupSpeed": 0.06,
			"shootSound": "弑星发射",
			"bullet": {
				"type": "EmpBulletType",
				"sprite": "冥痕json-star",
				"damage": 275,
				"lifetime": 30,
				"speed": 12,
				"spin": -4,
				"width": 48,
				"height": 48,
				"shrinkY": 0,
				"scaleLife": true,
				"absorbable": false,
				"frontColor": "D99F6BFF",
				"backColor": "F3E97935",
				"splashDamage": 125,
				"splashDamageRadius": 120,
				"shootEffect": {
					"type": "ParticleEffect",
					"line": true,
					"particles": 12,
					"lifetime": 20,
					"length": 45,
					"cone": 30,
					"lenFrom": 6,
					"lenTo": 6,
					"strokeFrom": 3,
					"strokeTo": 0,
					"lightColor": "F3E979FF",
					"colorFrom": "D99F6BFF",
					"colorTo": "F3E97935"
				},
				"hitPowerEffect": {
					"type": "ParticleEffect",
					"line": true,
					"particles": 6,
					"lifetime": 22,
					"length": 120,
					"cone": -360,
					"lenFrom": 6,
					"lenTo": 6,
					"colorFrom": "D99F6B75",
					"colorTo": "F3E97935"
				},
				"radius": 120,
				"timeIncrease": 1.5,
				"unitDamageScl": 0.5,
				"homingPower": 0.08,
				"homingRange": 240,
				"suppressionRange": 120,
				"suppressionDuration": 600,
				"suppressionEffectChance": 100,
				"trailColor": "F3E979FF",
				"trailLength": 6,
				"trailWidth": 4,
				"trailInterval": 12,
				"trailChance": 1,
				"trailRotation": true,
				"trailEffect": {
					"type": "ParticleEffect",
					"line": true,
					"particles": 3,
					"lifetime": 25,
					"length": 24,
					"baseLength": 0,
					"lenFrom": 12,
					"lenTo": 0,
					"cone": 15,
					"offsetX": -15,
					"lightColor": "D99F6BFF",
					"colorFrom": "F3E979FF",
					"colorTo": "D99F6B35"
				},
				"hitEffect": {
					"type": "multiEffect",
					"effects": [
						{
							"type": "WrapEffect",
							"effect": "dynamicSpikes",
							"color": "F3E97935",
							"rotation": 120
						},
						{
							"type": "ParticleEffect",
							"particles": 1,
							"lifetime": 60,
							"length": 0,
							"sizeFrom": 12,
							"sizeTo": 0,
							"colorFrom": "F3E97975",
							"colorTo": "D99F6B35"
						},
						{
							"type": "ParticleEffect",
							"particles": 1,
							"length": 0,
							"lifetime": 15,
							"sizeFrom": 120,
							"sizeTo": 120,
							"interp": "circle",
							"colorFrom": "F3E97975",
							"colorTo": "D99F6B00"
						},
						{
							"type": "WaveEffect",
							"lifetime": 60,
							"sizeFrom": 120,
							"sizeTo": 120,
							"strokeFrom": 4,
							"colorFrom": "F3E97975",
							"colorTo": "D99F6B00"
						}
					]
				},
				"despawnEffect": "none",
				"fragBullets": 8,
				"fragLifeMin": 0.5,
				"fragVelocityMin": 0.5,
				"fragBullet": {
					"sprite": "冥痕json-star",
					"damage": 115,
					"lifetime": 40,
					"speed": 4,
					"spin": 8,
					"width": 15,
					"height": 15,
					"shrinkY": 0,
					"impact": true,
					"knockback": -24,
					"frontColor": "D99F6B75",
					"backColor": "F3E97935",
					"weaveMag": 2,
					"weaveScale": 7,
					"trailColor": "F3E979FF",
					"trailLength": 9,
					"trailWidth": 2,
					"status": "melting",
					"statusDuration": 60,
					"homingPower": 0.04,
					"homingRange": 160,
					"splashDamage": 85,
					"splashDamageRadius": 40,
					"hitEffect": {
						"type": "ParticleEffect",
						"particles": 1,
						"sizeFrom": 6,
						"sizeTo": 0,
						"length": 0,
						"spin": 3,
						"interp": "swing",
						"lifetime": 100,
						"region": "冥痕json-star",
						"colorFrom": "F3E97975",
						"colorTo": "D99F6B35"
					},
					"despawnEffect": {
						"type": "ParticleEffect",
						"particles": 1,
						"sizeFrom": 6,
						"sizeTo": 0,
						"length": 0,
						"spin": 3,
						"interp": "swing",
						"lifetime": 100,
						"region": "冥痕json-star",
						"colorFrom": "F3E97975",
						"colorTo": "D99F6B35"
					}
				},
				"parts": [
					{
						"type": "HaloPart",
						"tri": true,
						"radius": 54,
						"triLength": 6,
						"haloRadius": 20,
						"haloRotateSpeed": 4,
						"color": "F3E979FF",
						"layer": 110
					},
					{
						"type": "HaloPart",
						"tri": true,
						"radius": 6,
						"triLength": 24,
						"haloRadius": 23,
						"shapeRotation": 150,
						"haloRotateSpeed": 4,
						"haloRotation": 30,
						"color": "F3E979FF",
						"layer": 110
					},
					{
						"type": "HaloPart",
						"tri": true,
						"radius": 6,
						"triLength": 36,
						"haloRadius": 24,
						"shapeRotation": -15,
						"haloRotateSpeed": 4,
						"haloRotation": -135,
						"color": "F3E979FF",
						"layer": 110
					}
				]
			},
		},
	{
			"x": 0,
			"y": 28.5,	
			"shoot": {
				"firstShotDelay": 120
			},
			"recoil": 0,
			"shootStatus": "静止",
			"shootStatusDuration": 120,
			"shake": 4,
			"shootY": 5.75,
			"reload": 1080,
			"mirror": false,
			"shootCone": 0.05,
			"cooldownTime": 1440,
			"chargeSound": "lasercharge",
			"shootSound": "laser",
			"bullet": {
				"type": "LaserBulletType",
				"damage": 4600,
				"lifetime": 30,
				"length": 360,
				"width": 75,
				"largeHit": true,
				"laserAbsorb": false,
				"status": "melting",
				"statusDuration": 600,
				"lightColor": "F3E979FF",
				"chargeEffect": {
					"type": "MultiEffect",
					"effects": [
						{
							"type": "ParticleEffect",
							"region": "冥痕json-star",
							"lifetime": 120,
							"particles": 1,
							"sizeFrom": 2,
							"sizeTo": 38,
							"length": 0,
							"spin": 11,
							"colorFrom": "F3E979FF",
							"colorTo": "F3E979FF"
						},
						{
							"type": "WaveEffect",
							"lifetime": 120,
							"sizeFrom": 90,
							"sizeTo": 0,
							"strokeFrom": 0,
							"strokeTo": 8,
							"interp": "pow5In",
							"lightColor": "D99F6BFF",
							"colorFrom": "D99F6BFF",
							"colorTo": "F3E979FF"
						},
						{
							"type": "WaveEffect",
							"lifetime": 120,
							"sizeFrom": 70,
							"sizeTo": 0,
							"strokeFrom": 0,
							"strokeTo": 8,
							"interp": "pow5In",
							"lightColor": "D99F6BFF",
							"colorFrom": "D99F6BFF",
							"colorTo": "F3E979FF"
						}
					]
				},
				"shootEffect": {
					"type": "multiEffect",
					"effects": [
						{
							"type": "ParticleEffect",
							"particles": 15,
							"lifetime": 30,
							"line": true,
							"lenFrom": 10,
							"lenTo": 10,
							"cone": 15,
							"length": 100,
							"baseLength": -15,
							"colorFrom": "F3E979FF",
							"colorTo": "D99F6BFF"
						},
						{
							"type": "WaveEffect",
							"lifetime": 25,
							"sizeTo": 75,
							"strokeFrom": 4,
							"lightColor": "F3E979FF",
							"colorFrom": "F3E979FF",
							"colorTo": "D99F6BFF"
						},
						{
							"type": "ParticleEffect",
							"region": "冥痕json-star",
							"lifetime": 25,
							"particles": 1,
							"sizeFrom": 35,
							"sizeTo": 0,
							"length": 0,
							"interp": "swingIn",
							"lightColor": "F3E979FF",
							"colorFrom": "F3E979FF",
							"colorTo": "D99F6BFF"
						},
						{
							"type": "ParticleEffect",
							"region": "冥痕json-star",
							"particles": 1,
							"lifetime": 25,
							"sizeFrom": 12,
							"sizeTo": 0,
							"length": 0,
							"interp": "swingIn",
							"lightColor": "F3E979FF",
							"colorFrom": "F3E979FF",
							"colorTo": "D99F6BFF"
						}
					]
				},
				"colors": [
					"F3E979FF",
					"F3E979FF",
					"D99F6BFF"
				],
				"hitEffect": {
					"type": "ParticleEffect",
					"particles": 7,
					"lifetime": 30,
					"line": true,
					"lenFrom": 9,
					"lenTo": 0,
					"cone": 360,
					"length": 65,
					"baseLength": -15,
					"colorFrom": "D99F6BFF",
					"colorTo": "F3E979FF"
				}
			}
		},
	{
			"name": "fjba弑星2",
			"x": 18.25,
			"y": 52,
			"recoil": 3,
			"shake": 2,
			"shootY": 9,
			"reload": 60,
			"shootCone": 10,
			"mirror": false
			"shoot": {
				"type": "ShootAlternate",
				"shots": 3,
				"spread": 8,
				"shotDelay": 5
			},
			"rotate": true,
			"rotateSpeed": 3,
			"cooldownTime": 85,
			"shootSound": "cannon",
			"ejectEffect": "casing4",
			"bullet": {
				"damage": 80,
				"lifetime": 18,
				"speed": 20,
				"shrinkY": 0,
				"width": 16,
				"height": 16,
				"weaveMag": 1,
				"weaveScale": 4,
				"trailLength": 12,
				"trailWidth": 3.2,
				"trailColor": "F3E979FF",
				"hitColor": "F3E979FF",
				"absorbable": false,
				"reflectable": false,
				"splashDamage": 80,
				"splashDamageRadius": 40,
				"shootEffect": {
					"type": "ParticleEffect",
					"particles": 3,
					"lifetime": 25,
					"sizeFrom": 3,
					"sizeTo": 0,
					"cone": 15,
					"length": 33,
					"colorFrom": "F3E979FF",
					"colorTo": "D99F6BFF"
				},
				"smokeEffect": "shootSmokeSquare",
				"trailChance": 0.25,
				"trailEffect": {
					"type": "ParticleEffect",
					"particles": 1,
					"lifetime": 25,
					"sizeFrom": 3,
					"sizeTo": 0,
					"cone": 360,
					"length": 23,
					"sizeInterp": "pow10In",
					"colorFrom": "F3E979FF",
					"colorTo": "D99F6BFF"
				},
				"hitShake": 8,
				"hitSound": "plasmaboom",
				"despawnEffect": "none",
				"hitEffect": {
					"type": "MultiEffect",
					"effects": [
						{
							"type": "ParticleEffect",
							"region": "blank",
							"particles": 3,
							"lifetime": 33,
							"sizeFrom": 5,
							"sizeTo": 0,
							"cone": 360,
							"offset": 45,
							"length": 55,
							"baseLength": 33,
							"interp": "pow5Out",
							"sizeInterp": "pow10In",
							"colorFrom": "F3E979FF",
							"colorTo": "D99F6BFF"
						},
						{
							"type": "ParticleEffect",
							"lifetime": 33,
							"particles": 9,
							"line": true,
							"strokeFrom": 2,
							"lenFrom": 11,
							"lenTo": 0,
							"cone": 360,
							"length": 80,
							"colorFrom": "F3E979FF",
							"colorTo": "D99F6BFF"
						},
						{
							"type": "WaveEffect",
							"lifetime": 15,
							"sizeTo": 80,
							"strokeFrom": 4,
							"colorFrom": "D99F6BFF",
							"colorTo": "F3E979FF"
						}
					]
				}
			}
		},
		{
			"name": "fjba弑星2",
			"x": -18.25,
			"mirror": false
			"y": 52,
			"recoil": 3,
			"shake": 2,
			"shootY": 9,
			"reload": 60,
			"shootCone": 10,
			"shoot": {
				"type": "ShootAlternate",
				"shots": 3,
				"spread": 8,
				"shotDelay": 5
			},
			"rotate": true,
			"rotateSpeed": 3,
			"cooldownTime": 85,
			"shootSound": "cannon",
			"ejectEffect": "casing4",
			"bullet": {
				"damage": 100,
				"lifetime": 18,
				"speed": 20,
				"shrinkY": 0,
				"width": 16,
				"height": 16,
				"weaveMag": 1,
				"weaveScale": 4,
				"trailLength": 12,
				"trailWidth": 3.2,
				"trailColor": "F3E979FF",
				"hitColor": "F3E979FF",
				"absorbable": false,
				"reflectable": false,
				"splashDamage": 80,
				"splashDamageRadius": 40,
				"shootEffect": {
					"type": "ParticleEffect",
					"particles": 3,
					"lifetime": 25,
					"sizeFrom": 3,
					"sizeTo": 0,
					"cone": 15,
					"length": 33,
					"colorFrom": "F3E979FF",
					"colorTo": "D99F6BFF"
				},
				"smokeEffect": "shootSmokeSquare",
				"trailChance": 0.25,
				"trailEffect": {
					"type": "ParticleEffect",
					"particles": 1,
					"lifetime": 25,
					"sizeFrom": 3,
					"sizeTo": 0,
					"cone": 360,
					"length": 23,
					"sizeInterp": "pow10In",
					"colorFrom": "F3E979FF",
					"colorTo": "D99F6BFF"
				},
				"hitShake": 8,
				"hitSound": "plasmaboom",
				"despawnEffect": "none",
				"hitEffect": {
					"type": "MultiEffect",
					"effects": [
						{
							"type": "ParticleEffect",
							"region": "blank",
							"particles": 3,
							"lifetime": 33,
							"sizeFrom": 5,
							"sizeTo": 0,
							"cone": 360,
							"offset": 45,
							"length": 55,
							"baseLength": 33,
							"interp": "pow5Out",
							"sizeInterp": "pow10In",
							"colorFrom": "F3E979FF",
							"colorTo": "D99F6BFF"
						},
						{
							"type": "ParticleEffect",
							"lifetime": 33,
							"particles": 9,
							"line": true,
							"strokeFrom": 2,
							"lenFrom": 11,
							"lenTo": 0,
							"cone": 360,
							"length": 80,
							"colorFrom": "F3E979FF",
							"colorTo": "D99F6BFF"
						},
						{
							"type": "WaveEffect",
							"lifetime": 15,
							"sizeTo": 80,
							"strokeFrom": 4,
							"colorFrom": "D99F6BFF",
							"colorTo": "F3E979FF"
						}
					]
				}
			}
		},
		{
			"name": "fjba弑星2",
			"x": 27.5,
			"mirror": false
			"y": 12,
			"recoil": 3,
			"shake": 2,
			"shootY": 9,
			"reload": 60,
			"shootCone": 10,
			"shoot": {
				"type": "ShootAlternate",
				"shots": 3,
				"spread": 8,
				"shotDelay": 5
			},
			"rotate": true,
			"rotateSpeed": 3,
			"cooldownTime": 85,
			"shootSound": "cannon",
			"ejectEffect": "casing4",
			"bullet": {
				"damage": 120,
				"lifetime": 18,
				"speed": 20,
				"shrinkY": 0,
				"width": 16,
				"height": 16,
				"weaveMag": 1,
				"weaveScale": 4,
				"trailLength": 12,
				"trailWidth": 3.2,
				"trailColor": "F3E979FF",
				"hitColor": "F3E979FF",
				"absorbable": false,
				"reflectable": false,
				"splashDamage": 80,
				"splashDamageRadius": 40,
				"shootEffect": {
					"type": "ParticleEffect",
					"particles": 3,
					"lifetime": 25,
					"sizeFrom": 3,
					"sizeTo": 0,
					"cone": 15,
					"length": 33,
					"colorFrom": "F3E979FF",
					"colorTo": "D99F6BFF"
				},
				"smokeEffect": "shootSmokeSquare",
				"trailChance": 0.25,
				"trailEffect": {
					"type": "ParticleEffect",
					"particles": 1,
					"lifetime": 25,
					"sizeFrom": 3,
					"sizeTo": 0,
					"cone": 360,
					"length": 23,
					"sizeInterp": "pow10In",
					"colorFrom": "F3E979FF",
					"colorTo": "D99F6BFF"
				},
				"hitShake": 8,
				"hitSound": "plasmaboom",
				"despawnEffect": "none",
				"hitEffect": {
					"type": "MultiEffect",
					"effects": [
						{
							"type": "ParticleEffect",
							"region": "blank",
							"particles": 3,
							"lifetime": 33,
							"sizeFrom": 5,
							"sizeTo": 0,
							"cone": 360,
							"offset": 45,
							"length": 55,
							"baseLength": 33,
							"interp": "pow5Out",
							"sizeInterp": "pow10In",
							"colorFrom": "F3E979FF",
							"colorTo": "D99F6BFF"
						},
						{
							"type": "ParticleEffect",
							"lifetime": 33,
							"particles": 9,
							"line": true,
							"strokeFrom": 2,
							"lenFrom": 11,
							"lenTo": 0,
							"cone": 360,
							"length": 80,
							"colorFrom": "F3E979FF",
							"colorTo": "D99F6BFF"
						},
						{
							"type": "WaveEffect",
							"lifetime": 15,
							"sizeTo": 80,
							"strokeFrom": 4,
							"colorFrom": "D99F6BFF",
							"colorTo": "F3E979FF"
						}
					]
				}
			}
		},
		{
			"name": "fjba弑星2",
			"mirror": false
			"x": -27.5,
			"y": 12,
			"recoil": 3,
			"shake": 2,
			"shootY": 9,
			"reload": 60,
			"shootCone": 10,
			"shoot": {
				"type": "ShootAlternate",
				"shots": 3,
				"spread": 8,
				"shotDelay": 5
			},
			"rotate": true,
			"rotateSpeed": 3,
			"cooldownTime": 85,
			"shootSound": "cannon",
			"ejectEffect": "casing4",
			"bullet": {
				"damage": 120,
				"lifetime": 18,
				"speed": 20,
				"shrinkY": 0,
				"width": 16,
				"height": 16,
				"weaveMag": 1,
				"weaveScale": 4,
				"trailLength": 12,
				"trailWidth": 3.2,
				"trailColor": "F3E979FF",
				"hitColor": "F3E979FF",
				"absorbable": false,
				"reflectable": false,
				"splashDamage": 80,
				"splashDamageRadius": 40,
				"shootEffect": {
					"type": "ParticleEffect",
					"particles": 3,
					"lifetime": 25,
					"sizeFrom": 3,
					"sizeTo": 0,
					"cone": 15,
					"length": 33,
					"colorFrom": "F3E979FF",
					"colorTo": "D99F6BFF"
				},
				"smokeEffect": "shootSmokeSquare",
				"trailChance": 0.25,
				"trailEffect": {
					"type": "ParticleEffect",
					"particles": 1,
					"lifetime": 25,
					"sizeFrom": 3,
					"sizeTo": 0,
					"cone": 360,
					"length": 23,
					"sizeInterp": "pow10In",
					"colorFrom": "F3E979FF",
					"colorTo": "D99F6BFF"
				},
				"hitShake": 8,
				"hitSound": "plasmaboom",
				"despawnEffect": "none",
				"hitEffect": {
					"type": "MultiEffect",
					"effects": [
						{
							"type": "ParticleEffect",
							"region": "blank",
							"particles": 3,
							"lifetime": 33,
							"sizeFrom": 5,
							"sizeTo": 0,
							"cone": 360,
							"offset": 45,
							"length": 55,
							"baseLength": 33,
							"interp": "pow5Out",
							"sizeInterp": "pow10In",
							"colorFrom": "F3E979FF",
							"colorTo": "D99F6BFF"
						},
						{
							"type": "ParticleEffect",
							"lifetime": 33,
							"particles": 9,
							"line": true,
							"strokeFrom": 2,
							"lenFrom": 11,
							"lenTo": 0,
							"cone": 360,
							"length": 80,
							"colorFrom": "F3E979FF",
							"colorTo": "D99F6BFF"
						},
						{
							"type": "WaveEffect",
							"lifetime": 15,
							"sizeTo": 80,
							"strokeFrom": 4,
							"colorFrom": "D99F6BFF",
							"colorTo": "F3E979FF"
						}
					]
				}
			}
		},
		]

}
