{
	"type": "tank",
	"name": "亘古",
	"squareShape": true,
	"omniMovement": false,
	"rotateMoveFirst": false,
	"hovering": true,
	"speed": 0.6,
	"crushDamage": 64,
	"treadRects": [
		{
			"x": 111,
			"y": -195,
			"width": 45,
			"height": 48
		},
			{
			"x": -111,
			"y": -195,
			"width": 45,
			"height": 48
		},
	],
	"hitSize": 100,
	"immunities": [
	"unmoving"
		"shocked",
		"electrified",
	],
	"targetAir": true,
	"health": 170000,
	"armor": 88,
	"drag": 0.3,
	"rotateSpeed": 0.8,
	"itemCapacity": 60,
	"faceTarget": false,
	"research": {
		"parent": "无",
	},
	"weapons": [
	{
			"name": "fjca亘古1",
			"x": 0,
			"y": 0,
			"rotateSpeed": 1,
			"mirror": false,
			"recoil": 0,
			"shake": 3,
			"reload": 1800,
			"cooldownTime": 1200,
			"shootCone": 10,
			"shoot": {
				"firstShotDelay": 140
			},
			"shootStatus": "静止",
			"shootStatusDuration": 150,
			"chargeSound": "lasercharge",
			"shootSound": "laserblast",
			"bullet": {
			"pierceCap":4,//穿透能力
				"sprite": "冥痕json-star",
				"damage": 5000,
				"lifetime": 40,
				"width": 16,
				"height": 16,
				"shrinkX": -0.8,
				"shrinkY": -0.8,
				"drag": -0.001,
				"speed": 8,
				"spin": 9,
				"chargeEffect": {
					"type": "multiEffect",
					"lifetime": 120,
					"followParent": true,
					"effects": [
						{
							"type": "ParticleEffect",
							"lightOpacity": 0,
							"particles": 50,
							"length": 130,
							"baseLength": -130,
							"lifetime": 80,
							"layer": 106,
							"interp": "exp5",
							"sizeFrom": 24,
							"sizeTo": 13,
							"colorFrom": "FF584510",
							"colorTo": "FF5845"
						},
						{
							"type": "ParticleEffect",
							"particles": 35,
							"offset": 15,
							"baseLength": 25,
							"sizeFrom": 0,
							"sizeTo": 4,
							"length": 100,
							"lifetime": 120,
							"colorFrom": "FF5845",
							"colorTo": "FF5845",
							"cone": 360
						},
						{
							"type": "WaveEffect",
							"lifetime": 120,
							"sizeFrom": 75,
							"sizeTo": 0,
							"interp": "pow5Out",
							"strokeFrom": 0,
							"strokeTo": 8,
							"colorFrom": "FF5845",
							"colorTo": "FF5845"
						},
						{
							"type": "WaveEffect",
							"lifetime": 120,
							"sizeFrom": 95,
							"sizeTo": 0,
							"interp": "pow10Out",
							"strokeFrom": 0,
							"strokeTo": 8,
							"colorFrom": "FF5845",
							"colorTo": "FF5845"
						},
						{
							"type": "ParticleEffect",
							"particles": 45,
							"offset": 100,
							"sizeFrom": 1,
							"sizeTo": 6,
							"length": 200,
							"baseLength": -200,
							"interp": "pow3In",
							"sizeInterp": "pow5Out",
							"lifetime": 90,
							"colorFrom": "FF584500",
							"colorTo": "FF5845"
						},
						{
							"type": "ParticleEffect",
							"particles": 45,
							"offset": 100,
							"sizeFrom": 1,
							"sizeTo": 6,
							"length": 250,
							"baseLength": -250,
							"interp": "pow3In",
							"sizeInterp": "pow5Out",
							"lifetime": 100,
							"colorFrom": "FF584500",
							"colorTo": "FF5845"
						},
						{
							"type": "ParticleEffect",
							"particles": 45,
							"offset": 100,
							"sizeFrom": 1,
							"sizeTo": 6,
							"length": 300,
							"baseLength": -300,
							"interp": "pow3In",
							"sizeInterp": "pow5Out",
							"lifetime": 110,
							"colorFrom": "FF584500",
							"colorTo": "FF5845"
						},
						{
							"type": "ParticleEffect",
							"particles": 45,
							"offset": 100,
							"sizeFrom": 1,
							"sizeTo": 6,
							"length": 350,
							"baseLength": -350,
							"interp": "pow3In",
							"sizeInterp": "pow5Out",
							"lifetime": 120,
							"colorFrom": "FF584500",
							"colorTo": "FF5845"
						},
						{
							"type": "ParticleEffect",
							"particles": 45,
							"offset": 100,
							"sizeFrom": 1,
							"sizeTo": 6,
							"length": 400,
							"baseLength": -400,
							"interp": "pow3In",
							"sizeInterp": "pow5Out",
							"lifetime": 130,
							"colorFrom": "FF584500",
							"colorTo": "FF5845"
						},
						{
							"type": "ParticleEffect",
							"particles": 45,
							"offset": 100,
							"sizeFrom": 1,
							"sizeTo": 6,
							"length": 450,
							"baseLength": -450,
							"interp": "pow3In",
							"sizeInterp": "pow5Out",
							"lifetime": 140,
							"colorFrom": "FF584500",
							"colorTo": "FF5845"
						}
					]
				},
				"pierce": true,
				"reflectable": false,
				"absorbable": false,
				"keepVelocity": false,
				"bulletInterval": 8,
				"intervalBullets": 1,
				"intervalRandomSpread": 0,
				"intervalBullet": {
					"damage": 0,
					"splashDamage": 105,
					"splashDamageRadius": 40,
					"shrinkY": 0,
					"speed": 0,
					"lifetime": 75,
					"drag": -0.01,
					"frontColor": "D86E56",
					"backColor": "FFFFFF40",
					"weaveMag": 1,
					"weaveScale": 5,
					"trailChance": 1,
					"trailWidth": 2,
					"trailLength": 25,
					"trailColor": "D86E56",
					"hitSound": "explosion",
					"hitEffect": "plasticExplosionFlak",
					"despawnEffect": {
						"type": "multiEffect",
						"effects": [
							{
								"type": "WaveEffect",
								"lifetime": 15,
								"sizeFrom": 0,
								"sizeTo": 105,
								"interp": "circleOut",
								"strokeFrom": 5,
								"strokeTo": 0,
								"lightColor": "FF5845",
								"colorFrom": "FF5845",
								"colorTo": "FF5845D8"
							},
							{
								"type": "ParticleEffect",
								"lightOpacity": 0,
								"particles": 25,
								"length": 90,
								"baseLength": 10,
								"lifetime": 100,
								"interp": "circleOut",
								"sizeInterp": "pow5In",
								"sizeFrom": 13,
								"sizeTo": 1,
								"colorFrom": "3F3F3F",
								"colorTo": "3F3F3FD8"
							},
							{
								"type": "ParticleEffect",
								"lightOpacity": 0,
								"particles": 25,
								"length": 90,
								"baseLength": 10,
								"lifetime": 100,
								"interp": "circleOut",
								"sizeInterp": "pow5In",
								"sizeFrom": 13,
								"sizeTo": 1,
								"colorFrom": "3F3F3F",
								"colorTo": "3F3F3FD8"
							},
							{
								"type": "ParticleEffect",
								"particles": 20,
								"length": 100,
								"baseLength": 10,
								"lifetime": 90,
								"interp": "circleOut",
								"sizeInterp": "pow5In",
								"sizeFrom": 2.5,
								"sizeTo": 0,
								"lightColor": "FF5845",
								"colorFrom": "FF5845",
								"colorTo": "FF5845D8"
							},
							{
								"type": "ParticleEffect",
								"lightOpacity": 0,
								"particles": 20,
								"length": 100,
								"baseLength": 10,
								"lifetime": 80,
								"interp": "circleOut",
								"sizeInterp": "pow5In",
								"sizeFrom": 6.5,
								"sizeTo": 1,
								"colorFrom": "3F3F3F",
								"colorTo": "3F3F3FD8"
							},
							{
								"type": "ParticleEffect",
								"line": true,
								"particles": 10,
								"lifetime": 30,
								"length": 175,
								"cone": -360,
								"lenFrom": 7,
								"lenTo": 7,
								"lightColor": "FF5845",
								"strokeFrom": 7,
								"strokeTo": 0,
								"colorFrom": "FF8663",
								"colorTo": "FF5845"
							},
							{
								"type": "ParticleEffect",
								"line": true,
								"particles": 20,
								"lifetime": 30,
								"length": 145,
								"cone": -360,
								"lenFrom": 10,
								"lenTo": 10,
								"lightColor": "FF5845",
								"strokeFrom": 4,
								"strokeTo": 0,
								"colorFrom": "FF8663",
								"colorTo": "FF5845"
							}
						]
					},
					"fragBullets": 8,
					"fragAngle": 0,
					"fragSpread": 45,
					"fragRandomSpread": 0,
					"fragBullet": {
						"type": "ShrapnelBulletType",
						"damage": 400,
						"width": 35,
						"lifetime": 18,
						"length": 200,
						"fromColor": "FF8663",
						"toColor": "FF5845",
						"shootEffect": {
							"type": "ParticleEffect",
							"line": true,
							"particles": 10,
							"lifetime": 20,
							"length": 75,
							"cone": -360,
							"lenFrom": 6,
							"lenTo": 6,
							"lightColor": "FF5845",
							"strokeFrom": 3,
							"strokeTo": 0,
							"colorFrom": "FF8663",
							"colorTo": "FF5845"
						},
						"hitEffect": {
							"type": "ParticleEffect",
							"line": true,
							"particles": 10,
							"lifetime": 20,
							"length": 75,
							"cone": -360,
							"lenFrom": 6,
							"lenTo": 6,
							"lightColor": "FF5845",
							"strokeFrom": 3,
							"strokeTo": 0,
							"colorFrom": "FF8663",
							"colorTo": "FF5845"
						}
					}
				},
				"splashDamage": 1250,
				"splashDamageRadius": 80,
				"frontColor": "FF8663",
				"backColor": "FF5845",
				"trailLength": 45,
				"trailWidth": 3,
				"trailColor": "D86E56",
				"trailChance": 1,
				"trailEffect": {
					"type": "MultiEffect",
					"effects": [
						{
							"type": "ParticleEffect",
							"particles": 5,
							"length": 6,
							"baseLength": 6,
							"lifetime": 50,
							"interp": "pow3Out",
							"sizeInterp": "pow5In",
							"cone": -30,
							"offset": 30,
							"colorFrom": "787878",
							"colorTo": "787878",
							"sizeFrom": 5,
							"sizeTo": 0
						},
						{
							"type": "ParticleEffect",
							"particles": 3,
							"length": 10,
							"baseLength": 10,
							"lifetime": 45,
							"interp": "pow3Out",
							"sizeInterp": "pow5In",
							"cone": -30,
							"offset": 30,
							"colorFrom": "FF8663",
							"colorTo": "FF5845AA",
							"sizeFrom": 3.5,
							"sizeTo": 0
						}
					]
				},
				"smokeEffect": {
					"type": "ParticleEffect",
					"particles": 15,
					"length": 40,
					"lifetime": 35,
					"interp": "circleOut",
					"cone": 20,
					"offset": 20,
					"colorFrom": "787878",
					"colorTo": "787878",
					"sizeFrom": 4,
					"sizeTo": 0
				},
				"hitSound": "explosionbig",
				"despawnEffect": {
					"type": "multiEffect",
					"effects": [
						{
							"type": "ExplosionEffect",
							"waveColor": "FF8663",
							"sparkColor": "FF8663",
							"smokeColor": "3F3F3F",
							"smokes": 60,
							"smokeSize": 18.0,
							"smokeSizeBase": 10.6,
							"smokeRad": 73,
							"waveLife": 60,
							"waveStroke": 2,
							"waveRad": 165,
							"waveRadBase": 2.0,
							"sparkLen": 25,
							"sparks": 40
						},
						{
							"type": "WaveEffect",
							"lifetime": 70,
							"sizeFrom": 0,
							"sizeTo": 80,
							"strokeFrom": 7,
							"strokeTo": 0,
							"colorFrom": "FF5845",
							"colorTo": "FF8663"
						},
						{
							"type": "ParticleEffect",
							"particles": 1,
							"sizeFrom": 0,
							"sizeTo": 60,
							"length": 0,
							"spin": 11,
							"lightColor": "FF5845",
							"lifetime": 110,
							"layer": 109,
							"region": "冥痕json-star",
							"colorFrom": "FF5845",
							"colorTo": "FF8663"
						},
						{
							"type": "ParticleEffect",
							"particles": 1,
							"sizeFrom": 0,
							"sizeTo": 60,
							"length": 0,
							"lightColor": "FF5845",
							"spin": -11,
							"lifetime": 110,
							"layer": 109,
							"region": "冥痕json-star",
							"colorFrom": "FF5845",
							"colorTo": "FF8663"
						},
						{
							"type": "ParticleEffect",
							"lightOpacity": 0,
							"particles": 50,
							"length": 100,
							"baseLength": 30,
							"lifetime": 80,
							"layer": 106,
							"interp": "exp5",
							"sizeFrom": 24,
							"sizeTo": 13,
							"colorFrom": "FF5845",
							"colorTo": "FF584510"
						},
						{
							"type": "ParticleEffect",
							"line": true,
							"particles": 25,
							"lifetime": 30,
							"offset": 60,
							"baseLength": 20,
							"length": 120,
							"cone": -360,
							"strokeTo": 0,
							"lightColor": "FF5845",
							"strokeFrom": 2.5,
							"sizeFrom": 20,
							"sizeTo": 20,
							"colorFrom": "FF5845",
							"colorTo": "FF5845"
						},
						{
							"type": "ParticleEffect",
							"particles": 1,
							"sizeFrom": 48,
							"sizeTo": 0,
							"length": 0,
							"layer": 109,
							"lifetime": 48,
							"colorFrom": "FF5845",
							"colorTo": "FF5845",
							"cone": 360
						},
						{
							"type": "ParticleEffect",
							"particles": 1,
							"sizeFrom": 15,
							"sizeTo": 0,
							"length": 0,
							"lifetime": 48,
							"colorFrom": "FFFFFF",
							"colorTo": "FFFFFF",
							"cone": 360
						},
						{
							"type": "ParticleEffect",
							"line": true,
							"particles": 20,
							"lifetime": 60,
							"baseLength": 30,
							"offset": 30,
							"interp": "circleOut",
							"length": 100,
							"cone": -360,
							"lenFrom": 7,
							"lenTo": 0,
							"colorFrom": "FF5845",
							"colorTo": "FF5845"
						},
						{
							"type": "ParticleEffect",
							"particles": 40,
							"length": 80,
							"lifetime": 50,
							"cone": 360,
							"colorFrom": "FF5845",
							"colorTo": "FF5845",
							"sizeFrom": 5,
							"sizeTo": 0
						},
						{
							"type": "ParticleEffect",
							"particles": 40,
							"length": 100,
							"lifetime": 80,
							"cone": 360,
							"colorFrom": "FF5845",
							"colorTo": "FF5845",
							"sizeFrom": 5,
							"sizeTo": 1
						},
						{
							"type": "WaveEffect",
							"lifetime": 25,
							"sizeFrom": 0,
							"sizeTo": 135,
							"interp": "circleOut",
							"strokeFrom": 3,
							"strokeTo": 0,
							"colorFrom": "FF5845",
							"colorTo": "FF5845"
						},
						{
							"type": "WaveEffect",
							"lifetime": 25,
							"sizeFrom": 0,
							"sizeTo": 120,
							"interp": "circleOut",
							"strokeFrom": 4,
							"strokeTo": 0,
							"colorFrom": "FF5845",
							"colorTo": "FF5845"
						}
					]
				},
				"hitEffect": {
					"type": "multiEffect",
					"effects": [
						{
							"type": "ParticleEffect",
							"particles": 25,
							"sizeFrom": 5.5,
							"sizeTo": 1,
							"interp": "circleOut",
							"length": 40,
							"lifetime": 60,
							"layer": 109,
							"region": "冥痕json-star",
							"lightColor": "FF5845",
							"colorFrom": "FF5845",
							"colorTo": "FF5845"
						},
						{
							"type": "ParticleEffect",
							"particles": 25,
							"sizeFrom": 5.5,
							"sizeTo": 1,
							"interp": "circleOut",
							"length": 50,
							"lifetime": 80,
							"layer": 109,
							"region": "冥痕json-star",
							"lightColor": "FF5845",
							"colorFrom": "FF5845",
							"colorTo": "FF5845"
						},
						{
							"type": "ParticleEffect",
							"particles": 25,
							"sizeFrom": 5.5,
							"sizeTo": 1,
							"interp": "circleOut",
							"length": 60,
							"lifetime": 100,
							"layer": 109,
							"region": "冥痕json-star",
							"lightColor": "FF5845",
							"colorFrom": "FF5845",
							"colorTo": "FF5845"
						},
						{
							"type": "ParticleEffect",
							"particles": 25,
							"sizeFrom": 5.5,
							"sizeTo": 1,
							"interp": "circleOut",
							"length": 70,
							"lifetime": 120,
							"layer": 109,
							"region": "冥痕json-star",
							"lightColor": "FF5845",
							"colorFrom": "FF5845",
							"colorTo": "FF5845"
						},
						{
							"type": "ParticleEffect",
							"particles": 25,
							"sizeFrom": 5.5,
							"sizeTo": 1,
							"interp": "circleOut",
							"length": 80,
							"lifetime": 140,
							"layer": 109,
							"region": "冥痕json-star",
							"lightColor": "FF5845",
							"colorFrom": "FF5845",
							"colorTo": "FF5845"
						}
					]
				}
			}
		}
	{
			"name": "fjca亘古2",
			"x": -28.25,
			"y": 33.25,
			"recoil": 3,
			"shake": 3,
			"shootY": 6,
			"reload": 60,
			"inaccuracy": 5,
			"shootCone": 10,
			"shoot": {
				"type": "ShootAlternate",
				"shots": 3,
				"spread": 8,
				"shotDelay": 5
			},
			"rotate": true,
			"rotateSpeed": 3,
			 
			"cooldownTime": 85,
			"shootSound": "cannon",
			"ejectEffect": "casing4",
			"bullet": {
				"damage": 360,
				"lifetime": 16,
				"speed": 20,
				"shrinkY": 0,
				"width": 16,
				"height": 16,
				"weaveMag": 1,
				"weaveScale": 4,
				"trailLength": 12,
				"trailWidth": 3.2,
				"trailColor": "F9C27B",
				"hitColor": "F9C27B",
				"absorbable": false,
				"reflectable": false,
				"splashDamage": 320,
				"splashDamageRadius": 40,
				"buildingDamageMultiplier": 1.5,
				"shootEffect": {
					"type": "ParticleEffect",
					"particles": 3,
					"lifetime": 25,
					"sizeFrom": 3,
					"sizeTo": 0,
					"cone": 15,
					"length": 33,
					"colorFrom": "F9C27B",
					"colorTo": "F9C27A"
				},
				"smokeEffect": "shootSmokeSquare",
				"trailChance": 0.25,
				"trailEffect": {
					"type": "ParticleEffect",
					"particles": 1,
					"lifetime": 25,
					"sizeFrom": 3,
					"sizeTo": 0,
					"cone": 360,
					"length": 23,
					"sizeInterp": "pow10In",
					"colorFrom": "F9C27B",
					"colorTo": "F9C27A"
				},
				"hitShake": 8,
				"hitSound": "plasmaboom",
				"despawnEffect": "none",
				"hitEffect": {
					"type": "MultiEffect",
					"effects": [
						{
							"type": "ParticleEffect",
							"region": "blank",
							"particles": 3,
							"lifetime": 33,
							"sizeFrom": 5,
							"sizeTo": 0,
							"cone": 360,
							"offset": 45,
							"length": 55,
							"baseLength": 33,
							"interp": "pow5Out",
							"sizeInterp": "pow10In",
							"colorFrom": "F9C27B",
							"colorTo": "F9C27A"
						},
						{
							"type": "ParticleEffect",
							"lifetime": 33,
							"particles": 9,
							"line": true,
							"strokeFrom": 2,
							"lenFrom": 11,
							"lenTo": 0,
							"cone": 360,
							"length": 80,
							"colorFrom": "F9C27B",
							"colorTo": "F9C27A"
						},
						{
							"type": "WaveEffect",
							"lifetime": 15,
							"sizeTo": 80,
							"strokeFrom": 4,
							"colorFrom": "F9C27A",
							"colorTo": "F9C27B"
						},
						"hitSquaresColor"
					]
				}
			},
		},
		{
			"name": "fjca亘古2",
			"x": -34.75,
			"y": 5.75,
			"recoil": 3,
			"shake": 3,
			"shootY": 6,
			"reload": 60,
			"inaccuracy": 5,
			"shootCone": 10,
			"shoot": {
				"type": "ShootAlternate",
				"shots": 3,
				"spread": 8,
				"shotDelay": 5
			},
			"rotate": true,
			"rotateSpeed": 3,
			 
			"cooldownTime": 85,
			"shootSound": "cannon",
			"ejectEffect": "casing4",
			"bullet": {
				"damage": 360,
				"lifetime": 16,
				"speed": 20,
				"shrinkY": 0,
				"width": 16,
				"height": 16,
				"weaveMag": 1,
				"weaveScale": 4,
				"trailLength": 12,
				"trailWidth": 3.2,
				"trailColor": "F9C27B",
				"hitColor": "F9C27B",
				"absorbable": false,
				"reflectable": false,
				"splashDamage": 320,
				"splashDamageRadius": 40,
				"buildingDamageMultiplier": 1.5,
				"shootEffect": {
					"type": "ParticleEffect",
					"particles": 3,
					"lifetime": 25,
					"sizeFrom": 3,
					"sizeTo": 0,
					"cone": 15,
					"length": 33,
					"colorFrom": "F9C27B",
					"colorTo": "F9C27A"
				},
				"smokeEffect": "shootSmokeSquare",
				"trailChance": 0.25,
				"trailEffect": {
					"type": "ParticleEffect",
					"particles": 1,
					"lifetime": 25,
					"sizeFrom": 3,
					"sizeTo": 0,
					"cone": 360,
					"length": 23,
					"sizeInterp": "pow10In",
					"colorFrom": "F9C27B",
					"colorTo": "F9C27A"
				},
				"hitShake": 8,
				"hitSound": "plasmaboom",
				"despawnEffect": "none",
				"hitEffect": {
					"type": "MultiEffect",
					"effects": [
						{
							"type": "ParticleEffect",
							"region": "blank",
							"particles": 3,
							"lifetime": 33,
							"sizeFrom": 5,
							"sizeTo": 0,
							"cone": 360,
							"offset": 45,
							"length": 55,
							"baseLength": 33,
							"interp": "pow5Out",
							"sizeInterp": "pow10In",
							"colorFrom": "F9C27B",
							"colorTo": "F9C27A"
						},
						{
							"type": "ParticleEffect",
							"lifetime": 33,
							"particles": 9,
							"line": true,
							"strokeFrom": 2,
							"lenFrom": 11,
							"lenTo": 0,
							"cone": 360,
							"length": 80,
							"colorFrom": "F9C27B",
							"colorTo": "F9C27A"
						},
						{
							"type": "WaveEffect",
							"lifetime": 15,
							"sizeTo": 80,
							"strokeFrom": 4,
							"colorFrom": "F9C27A",
							"colorTo": "F9C27B"
						},
						"hitSquaresColor"
					]
				}
			},
		},
		{
			"name": "fjca亘古2",
			"x": -27.5,
			"y": -26.5,
			"recoil": 3,
			"shake": 3,
			"shootY": 6,
			"reload": 60,
			"inaccuracy": 5,
			"shootCone": 10,
			"shoot": {
				"type": "ShootAlternate",
				"shots": 3,
				"spread": 8,
				"shotDelay": 5
			},
			"rotate": true,
			"rotateSpeed": 3,
			 
			"cooldownTime": 85,
			"shootSound": "cannon",
			"ejectEffect": "casing4",
			"bullet": {
				"damage": 360,
				"lifetime": 16,
				"speed": 20,
				"shrinkY": 0,
				"width": 16,
				"height": 16,
				"weaveMag": 1,
				"weaveScale": 4,
				"trailLength": 12,
				"trailWidth": 3.2,
				"trailColor": "F9C27B",
				"hitColor": "F9C27B",
				"absorbable": false,
				"reflectable": false,
				"splashDamage": 320,
				"splashDamageRadius": 40,
				"buildingDamageMultiplier": 1.5,
				"shootEffect": {
					"type": "ParticleEffect",
					"particles": 3,
					"lifetime": 25,
					"sizeFrom": 3,
					"sizeTo": 0,
					"cone": 15,
					"length": 33,
					"colorFrom": "F9C27B",
					"colorTo": "F9C27A"
				},
				"smokeEffect": "shootSmokeSquare",
				"trailChance": 0.25,
				"trailEffect": {
					"type": "ParticleEffect",
					"particles": 1,
					"lifetime": 25,
					"sizeFrom": 3,
					"sizeTo": 0,
					"cone": 360,
					"length": 23,
					"sizeInterp": "pow10In",
					"colorFrom": "F9C27B",
					"colorTo": "F9C27A"
				},
				"hitShake": 8,
				"hitSound": "plasmaboom",
				"despawnEffect": "none",
				"hitEffect": {
					"type": "MultiEffect",
					"effects": [
						{
							"type": "ParticleEffect",
							"region": "blank",
							"particles": 3,
							"lifetime": 33,
							"sizeFrom": 5,
							"sizeTo": 0,
							"cone": 360,
							"offset": 45,
							"length": 55,
							"baseLength": 33,
							"interp": "pow5Out",
							"sizeInterp": "pow10In",
							"colorFrom": "F9C27B",
							"colorTo": "F9C27A"
						},
						{
							"type": "ParticleEffect",
							"lifetime": 33,
							"particles": 9,
							"line": true,
							"strokeFrom": 2,
							"lenFrom": 11,
							"lenTo": 0,
							"cone": 360,
							"length": 80,
							"colorFrom": "F9C27B",
							"colorTo": "F9C27A"
						},
						{
							"type": "WaveEffect",
							"lifetime": 15,
							"sizeTo": 80,
							"strokeFrom": 4,
							"colorFrom": "F9C27A",
							"colorTo": "F9C27B"
						},
						"hitSquaresColor"
					]
				}
			},
		},
	]
}