{"name": "滞爆",
"description":"",
	"type": "flying",
	"circleTarget": true,//
	"faceTarget": false,//
	"targetAir": false,//目标空军
	"flying": true,
	"health": 18050,
	"hitSize": 44,
	"armor": 10,
"range": 0,
	"accel": 0.07,
	"drag": 0.016,
	"speed": 1.4,
	"rotateSpeed": 3,
	"engineSize": 5,
	"engineOffset": 20,
	"trailLength": 10,
	"immunities":[
	"unmoving"
	],
	"engines": [
		{
			"x": -10.75,
			"y": -13.75,
			"radius": 5,
			"rotation": -45
		},
		{
			"x":10.75,
			"y": -13.75,
			"radius": 5,
			"rotation": -135
		}
	],
	"targetFlags": [//优先攻击
		"reactor",//反应堆
		"generator",//发电机
		"factory"//工厂
	],
	"weapons": [
	{	"x":0,"y":0,
	"range": 60,	"reload": 300,
			"shootCone": 360,
			"shoot": {
				"shots": 3,
				"shotDelay": 10
			},
			"ignoreRotation": true,//忽略旋转
			"minShootVelocity": 0.04,
			"shootSound": "plasmadrop",
			"bullet": {
			"lightningColor": "D1EFFFFF",//闪电颜色
	    "lightningDamage":20,
    "lightning":3,
    "lightningLength":8,
			"buildingDamageMultiplier": 2.5,
				"type": "BombBulletType",
				"sprite": "large-bomb",
				"spin": 3,
				"width": 14,
				"height": 14,
				"shrinkX": 0.9,
				"shrinkY": 0.9,
				"speed": 0,
				"lifetime": 60,
				"absorbable": false,
				"backColor": "8CA9E8FF",
				"frontColor": "D1EFFFFF",
				"splashDamage": 80,
				"splashDamageRadius": 60,
				"hitSound": "plasmaboom",
				"hitEffect": {
					"type": "WrapEffect",
					"effect": "dynamicSpikes",
					"color": "D1EFFFFF",
					"rotation": 48
				},
				"hitShake": 3,
				"despawnEffect": "massiveExplosion"
		}
		}
	],
	"abilities": [
	{
			"type": "UnitSpawnAbility",
			"spawnTime": 1800,
			"spawnY": 0,
			"unit": "fjdb裂震",
			"display": false
		},
	{
			"type": "ShieldRegenFieldAbility",//叠甲
			"amount": 200,
			"max": 3200,
			"reload":180,
			"range": 80,
			"parentizeEffects": true
		},
	{
	"type": "SpawnDeathAbility",
			"unit": "fjdb裂震",
			"amount": 1
	}
	]
}