{"name": "崩解",
"description":"向敌人投掷爆炸弹，攻击时获得免伤",
	"type": "flying",
	"research": "none",
	"circleTarget": true,//
	"faceTarget": false,//
	"targetAir": false,//目标空军
	"flying": true,
	"health": 76250,
	"hitSize": 56,
	"armor": 16,
"range": 80,
	"accel": 0.07,
	"drag": 0.016,
	"speed": 1.6,
	"rotateSpeed": 4.5,
	"engineSize": 8,
	"engineOffset": 27,
	"trailLength": 16,
	"engines": [
		{
			"x": -27.75,
			"y": -18.75,
			"radius": 8,
			"rotation": -45
		},
		{
			"x":27.75,
			"y": -18.75,
			"radius": 8,
			"rotation": -135
		}
	],
	"targetFlags": [//优先攻击
		"reactor",//反应堆
		"generator",//发电机
		"factory"//工厂
	],
	"weapons": [
		{	"x":0,"y":5.5,
	"range": 80,
			"reload": 600,
			"shootCone": 360,
			"shoot": {
				"shots": 6,
				"shotDelay": 10
			},
			"ignoreRotation": true,//忽略旋转
			"minShootVelocity": 0.04,
			"shootSound": "plasmadrop",
			"bullet": {
			"lightningColor": "C8A6D0FF",//闪电颜色
	    "lightningDamage":72,
    "lightning":3,
"lightningLength":12,
			"buildingDamageMultiplier": 3,
				"type": "BombBulletType",
				"sprite": "large-bomb",
				"spin": 3,
				"width": 16,
				"height": 16,
				"shrinkX": 0.9,
				"shrinkY": 0.9,
				"speed": 0,
				"lifetime": 60,
				"absorbable": false,
				"backColor": "C8A6D0FF",
				"frontColor": "E6C4EEFF",
				"splashDamage": 360,
				"splashDamageRadius": 40,
				"hitSound": "plasmaboom",
				"hitEffect": {
					"type": "WrapEffect",
					"effect": "dynamicSpikes",
					"color": "E6C4EEFF",
					"rotation": 48
				},
				"hitShake": 3,
				"despawnEffect": "massiveExplosion"
				"fragBullets": 4,
				"fragLifeMin": 0.7,
				"fragBullet": {
					"type": "BombBulletType",
					"sprite": "large-bomb",
					"lifetime": 20,
					"speed": 16,
					"shrinkX": 0.9,
					"shrinkY": 0.9,
					"width": 8,
					"height": 8,
					"absorbable": false,
					"backColor": "C8A6D0FF",
					"frontColor": "E6C4EEFF",
					"splashDamage": 80,
					"splashDamageRadius": 40,
					"hitSound": "plasmaboom",
					"hitEffect": {
						"type": "WrapEffect",
						"effect": "dynamicSpikes",
						"color": "E6C4EEFF",
						"rotation": 48
					},
					"hitShake": 3,
					"despawnEffect": "massiveExplosion"
				}
			}
		}
	{	"x":0,"y":5.5,
	"range": 80,
			"reload": 600,
			"shootCone": 360,
			"shoot": {
				"shots": 6,
				"shotDelay": 10
			},
			"ignoreRotation": true,//忽略旋转
			"minShootVelocity": 0.04,
			"shootSound": "plasmadrop",
			"bullet": {
			"lightningColor": "C8A6D0FF",//闪电颜色
	    "lightningDamage":48,
    "lightning":3,
"lightningLength":12,
			"buildingDamageMultiplier": 2.25,
				"type": "BombBulletType",
				"sprite": "large-bomb",
				"spin": 3,
				"width": 16,
				"height": 16,
				"shrinkX": 0.9,
				"shrinkY": 0.9,
				"speed": 0,
				"lifetime": 60,
				"absorbable": false,
				"backColor": "C8A6D0FF",
				"frontColor": "E6C4EEFF",
				"splashDamage": 360,
				"splashDamageRadius": 40,
				"hitSound": "plasmaboom",
				"hitEffect": {
					"type": "WrapEffect",
					"effect": "dynamicSpikes",
					"color": "E6C4EEFF",
					"rotation": 48
				},
				"hitShake": 3,
				"despawnEffect": "massiveExplosion"
				"fragBullets": 4,
				"fragLifeMin": 0.7,
				"fragBullet": {
					"type": "BombBulletType",
					"sprite": "large-bomb",
					"lifetime": 20,
					"speed": 16,
					"shrinkX": 0.9,
					"shrinkY": 0.9,
					"width": 8,
					"height": 8,
					"absorbable": false,
					"backColor": "C8A6D0FF",
					"frontColor": "E6C4EEFF",
					"splashDamage": 80,
					"splashDamageRadius": 40,
					"hitSound": "plasmaboom",
					"hitEffect": {
						"type": "WrapEffect",
						"effect": "dynamicSpikes",
						"color": "E6C4EEFF",
						"rotation": 48
					},
					"hitShake": 3,
					"despawnEffect": "massiveExplosion"
				}
			}
		}
	],
	"abilities": [
		{
			"type": "ArmorPlateAbility",
			"healthMultiplier": 0.8
		},
	]
}