{	"description":""
"name":"攻城"
	"type": "legs",
"research":{
	"parent": "无",
	},
	"health": 7680,
	"speed": 1,
	"hitSize": 19.5,
	"armor": 30,
	"drag": 0.1,
	"range": 288,
	"rotateSpeed": 4,
	"groundLayer": 75,
	"legCount": 4,
	"legLength": 18,
	"stepShake": 0.2,
	"legGroupSize": 3,
	"legMoveSpace": 1,
	"legExtension": -6,
	"legBaseOffset": 7,
	"legMaxLength": 1.1,
	"legMinLength": 0.2,
	"legLengthScl": 0.95,
	"legForwardScl": 0.9,
	"legSplashDamage": 5,
	"legSplashRange": 2,
	"hovering": true,
	"targetAir": false,
	"lockLegBase": true,
	"allowLegStep": true,
	"legContinuousMove": true,
	"immunities": [
		"burning",
		"melting",
		"blasted",
		"wet",
		"freezing",
		"slow",
		"tarred",
		"muddy",
		"sapped",
		"electrified",
		"spore-slowed",
	],
	"weapons": [
		{
			"name": "fjfa攻城",
			"reload": 120,
			"x": 0,
			"mirror": false,
			"rotate": false,
			"inaccuracy": 0,
			"shootCone": 4,
			"ejectEffect": "none",
			"shootSound": "missileLaunch",
			"shootStatusDuration": 180,
			"shootStatus": "slow",
			"minWarmup": 0.9,
			"shootWarmupSpeed": 0.05,
			"shoot": {
				"type": "ShootPattern",
				"firstShotDelay": 80
			},
			"bullet": {
				"killShooter": true,
				"keepVelocity": false,
				"hitShake": 8,
				"speed": 0,
				"shootEffect": "massiveExplosion",
				"smokeEffect": {
					"type": "MultiEffect",
					"effects": [
						{
							"type": "ParticleEffect",
							"particles": 16,
							"sizeFrom": 9,
							"sizeTo": 0,
							"length": 65,
							"baseLength": 0,
							"lifetime": 88,
							"interp": "fastSlow",
							"sizeInterp": "slowFast",
							"colorFrom": "8598BFFF",
							"colorTo": "DEEDFFFF"
						},
						{
							"type": "ParticleEffect",
							"particles": 36,
							"sizeFrom": 7,
							"sizeTo": 0,
							"length": -77,
							"baseLength": 0,
							"lifetime": 60,
							"interp": "pow10Out",
							"sizeInterp": "pow10In",
							"colorFrom": "DEEDFFFF",
							"colorTo": "DEEDFFFF",
							"cone": 25
						}
					]
				},
				"spawnUnit": "fjfa攻城媒介"
			}
		}
	],
}