{
	"type":"mech",//类型
	"name": "亡鸩",//名字
	"description":"死亡时进入二形态并召唤“乌鸦”",//介绍
	"research": "",//科技树前置
	"rotateSpeed":4,//转身速度
	"hitSize":24,//大小
	"health": 17080,//血量
	"armor":10,//防御
	"speed":0.9,//速度
	"targetAir": true,//攻击空军
	"abilities":[
		{
			"type": "StatusFieldAbility",
			"duration": 660,
			"reload": 600,
			"range": 0,
			"applyEffect": "none",
			"effect": "亡鸩增幅1"
		}
			{
			"type": "StatusFieldAbility",
			"duration": 1260,
			"reload": 1200,
			"range": 0,
			"applyEffect": "none",
			"effect": "亡鸩增幅2"
		}
			{
			"type": "StatusFieldAbility",
			"duration": 1860,
			"reload": 1800,
			"range": 0,
			"applyEffect": "none",
			"effect": "亡鸩增幅3"
		}
			{
			"type": "StatusFieldAbility",
			"duration": 2460,
			"reload": 2400,
			"range": 0,
			"applyEffect": "none",
			"effect": "亡鸩增幅4"
		}
			{
			"type": "StatusFieldAbility",
			"duration": 3060,
			"reload": 3000,
			"range": 0,
			"applyEffect": "none",
			"effect": "亡鸩增幅5"
		}	
		{
			"type": "StatusFieldAbility",
			"duration": 3660,
			"reload": 3600,
			"range": 0,
			"applyEffect": "none",
			"effect": "亡鸩增幅6"
		}
			{
			"type": "StatusFieldAbility",
			"duration": 4260,
			"reload": 4200,
			"range": 0,
			"applyEffect": "none",
			"effect": "亡鸩增幅7"
		}
			{
			"type": "StatusFieldAbility",
			"duration": 4860,
			"reload": 4800,
			"range": 0,
			"applyEffect": "none",
			"effect": "亡鸩增幅8"
		}
			{
			"type": "StatusFieldAbility",
			"duration": 5460,
			"reload": 5400,
			"range": 0,
			"applyEffect": "none",
			"effect": "亡鸩增幅9"
		}
			{
			"type": "StatusFieldAbility",
			"duration": 6060,
			"reload": 6000,
			"range": 0,
			"applyEffect": "none",
			"effect": "亡鸩增幅10"
		}
			{
			"type": "StatusFieldAbility",
			"duration": 6660,
			"reload": 6600,
			"range": 0,
			"applyEffect": "none",
			"effect": "亡鸩增幅11"
		}
			{
			"type": "StatusFieldAbility",
			"duration": 7260,
			"reload": 7200,
			"range": 0,
			"applyEffect": "none",
			"effect": "亡鸩增幅12"
		}
		{
	"type": "SpawnDeathAbility",
			"unit": "亡鸩1",
			"amount": 3
	}
],
	"immunities":[
        "burning"
        "melting"
        ],//免疫效果
	"weapons": [//武器
		{"name": "亡鸩武器",//武器贴图
		"parts":[
{"type":"RegionPart",
"mirror":true,//是否镜像显示
"x":9.75,"y":0,//起始位置
"suffix":"-右","layer":60,"moveX":-0.5,"moveY":4,
"moveRot":30,//移动度数
"progress":"recoil"
}
],
		"shoot": {
    "type": "shootBarrel",
    "shots": 1,//炮口数
    }
		"shootCone":10,
        "inaccuracy":3,//不准确度
		"mirror":false
		"reload":120,//攻速
		"top": false,//旋转
		"recoil":0,//后坐力
		"x":0,"y":0,//位置
		"shootX":0
		"shootY":6
		"shootSound": "flame",
		"bullet": {
		"absorbable": false,
		"splashDamage": 300,
		"splashDamagePierce": true,
		"splashDamageRadius": 32,
		"damage": 500,
		"speed": 16,
		"lifetime":10,
			"buildingDamageMultiplier": 2,
	"sprite": "冥痕json-剑气",//子弹贴图
		"shrinkY": 0,"shrinkX": 0,//子弹变形程度
		"width":60,"height":60,//子弹宽长度
		"frontColor": "BF92F9FF",//中心颜色
		"backColor": "665C9FFF",//边缘颜色
		"pierce":true,//穿透
		"pierceBuilding":true//穿透建筑
		"trailChance": 1,
		"trailRotation": true,
		"trailEffect": {
		"type": "ParticleEffect",
		"particles": 2,
		"length": 72,
		"lifetime": 10,
		"sizeFrom": 16,
		"colorFrom": "BF92F9FF",//中心颜色
		"colorTo": "665C9FFF",//边缘颜色
		"region": "冥痕json-剑气-effect"},
	"shootEffect": {//攻击特效
		"type": "multiEffect",//多种特效
		"effects": [//特效
		{"type": "WaveEffect",
		"region": "冥痕json-方",//区域贴图
		"lifetime": 10,//存在时间
		"sizeFrom": 0,
		"sizeTo": 15,
		"strokeFrom": 1.5,
		"strokeTo": 0,
		"colorFrom": "BF92F9FF",
		"colorTo": "665C9FFF"},
		{
		"type": "ParticleEffect",
		"region":"冥痕json-方",//区域贴图
		"particles": 3,//粒子数量
		"length": 40,//长度
		"lifetime": 48,//存在时间
		"interp": "circleOut",//中间部分
		"sizeInterp": "pow5Out",//大小部分
		"cone": 0,//角度
		"colorFrom": "BF92F9FF",
		"colorTo": "665C9FFF",
		"sizeFrom": 5.5,
		"sizeTo": 0
		}	]	}
	"hitEffect": {//碰撞特效
		"type": "multiEffect",//多种特效
		"effects": [//特效
		{"type": "WaveEffect",
		"region": "冥痕json-方",//区域贴图
		"lifetime": 25,//存在时间
		"sizeFrom": 0,
		"sizeTo": 20,
		"strokeFrom": 3.5,
		"strokeTo": 0,
		"colorFrom": "BF92F9FF",
		"colorTo": "665C9FFF"},
		{
		"type": "ParticleEffect",
		"region": "冥痕json-方",//区域贴图
		"particles": 9,//粒子数量
		"length": 40,//长度
		"lifetime": 48,//存在时间
		"interp": "circleOut",//中间部分
		"sizeInterp": "pow5Out",//大小部分
		"cone": 360,//角度
		"colorFrom": "BF92F9FF",
		"colorTo": "665C9FFF",
		"sizeFrom": 4.5,
		"sizeTo": 0
		}	]	}
		}
},
]
}