{"name":"星璃",
	"type": "flying",
	"lowAltitude": true,
	"flying": true,
	"health":5000,
	"hitSize": 24,
	"armor": 4,
	"speed": 1.8,
	"drag": 0.03,
	"range": 280,
	"engineSize": 0,
	"engineOffset": -16,
	"rotateSpeed": 3,
	"engines": [
		{
			"x": 6.5,
			"y": -9,
			"radius": 4,
			"rotation": -90
		},
		{
			"x": -6.5,
			"y": -9,
			"radius": 4,
			"rotation": -90
		}
	],
	"immunities": [
		"burning",
		"melting",
		"blasted",
		"wet",
		"freezing",
		"slow",
		"tarred",
		"muddy",
		"sapped",
		"electrified",
		"spore-slowed",
	],
	"weapons": [
	{
            "x": 0,
            "y": 0,
            "reload": 3000,
            "shootY": 0,
            "mirror": false,
            "autoTarget": true,
            "shootSound": "none",
            "alwaysShooting": true,
            "shoot": {
                "firstShotDelay": 3000
            },
            "bullet": {
                "type":"BasicBulletType",
                "killShooter": true,
		        "spawnUnit":"冥痕json-星璃"
            }
        }
	],
		"abilities": [
		{
			"type": "ShieldRegenFieldAbility",//叠甲
			"amount": 300,
			"max": 3000,
			"reload":60,
			"range": 240,
			"parentizeEffects": true
		},
	],
}