{
	"type":"mech",//类型
	"name": "星璃",//名字
	"description":"",//介绍
	"research": "",//科技树前置
	"rotateSpeed":4,//转身速度
	"hitSize":24,//大小
	"health": 27500,//血量
	"armor":10,//防御
	"speed":0.9,//速度
	"targetAir": true,//攻击空军
	"abilities":[
	{
			"type": "ArmorPlateAbility",//护甲板
			"healthMultiplier": 0.7
		}
			{
			"type": "StatusFieldAbility",
			"duration": 30,
			"reload": 360,
			"range": 96,
			"applyEffect": "none",
			"effect": "治疗"
		}
			{
			"type": "ShieldRegenFieldAbility",//叠甲
			"amount": 300,
			"max": 3000,
			"reload":60,
			"range": 160,
			"parentizeEffects": true
		},
		{
	"type": "SpawnDeathAbility",
			"unit": "小星璃",
			"amount": 3
	}
],
	"immunities":[
        "burning"
        "melting"
        ],//免疫效果
	"weapons": [//武器
		{"name":"none",
		"x":0,"y":0,
		"shootY":11,
		"mirror":false,
		"rotate":false,
		"recoil":0,
		"cooldownTime":540,
		"continuous":true,
		"velocityRnd":0.22,
		"reload":600,
		"soundPitchMin":1,
		"chargeSound":"lasercharge",
		"shootSound":"beam2",
		"shootStatus":"unmoving",
		"shootStatusDuration":90,

		"shoot":{
		"type":"shootPattern",
		"firstShotDelay":90,
		},

	"bullet":{
		"damage":110,
		"length":160,"width":4,

		"hitEffect":"hitMeltHeal",
		"drawSize":300,
		"lifetime":240,
		"shake":3,
		"type":"ContinuousLaserBulletType",
		"colors":["B3B3B3FF","C6C6C6FF","E5E5E5FF","FFFFFFFF","FFFFFF"],

		"chargeEffect": {
			"type": "MultiEffect",
			"lifetime": 80,
			"effects": [
				{
					"type": "ParticleEffect",
					"particles": 1,
					"sizeFrom": 2,
					"sizeTo": 16,
					"length": 0,
					"spin": 11,
					"lifetime": 80,
					"layer": 109,
					"region": "冥痕json-六芒星",
					"colorFrom": "E5E5E5FF",
					"colorTo": "E5E5E5FF",
					"cone": 360
				},
				{
					"type": "WaveEffect",
					"lifetime": 70,
					"sizeFrom": 45,
					"sizeTo": 0,
					"interp": "pow5In",
					"strokeFrom": 0,
					"strokeTo": 8,
					"lightColor": "C6C6C6FF",
					"colorFrom": "C6C6C6FF",
					"colorTo": "E5E5E5FF"
				},
				{
					"type": "WaveEffect",
					"lifetime": 70,
					"sizeFrom": 35,
					"sizeTo": 0,
					"interp": "pow5In",
					"strokeFrom": 0,
					"strokeTo": 8,
					"lightColor": "C6C6C6FF",
					"colorFrom": "C6C6C6FF",
					"colorTo": "E5E5E5FF"
				}
			]
		},

			"intervalBullets":1,
		"bulletInterval":4,
		"intervalRandomSpread":8,
		"intervalBullet":{
		"type":"BasicBulletType",
		"width":10,"height":17,
		"frontColor":"FFFFFF",
		"backColor":"E5E5E5FF",
		"lifetime":30,
		"damage":80,
		"speed":10,
		"shrinkY":0,
		"shrinkX":0,
		"weaveScale":2,
		"weaveMag":4,
		"homingRange":420,
		"homingDelay":4,
		"homingPower":0.01,

	"hitEffect":{
		"type":"multiEffect",
		"effects":[
		{"type":"WaveEffect",
		"lifetime":25,
		"sizeFrom":0,
		"sizeTo":20,
		"strokeFrom":3.5,
		"strokeTo":0,
		"colorFrom":"8598BFFF",
		"colorTo":"E5E5E5FF"},
		{
		"type":"ParticleEffect",
		"region":"冥痕json-六芒星",
		"particles":9,
		"length":20,
		"lifetime":48,
		"interp":"circleOut",
		"sizeInterp":"pow5Out",
		"cone":360,
		"colorFrom":"8598BFFF",
		"colorTo":"E5E5E5FF",
		"sizeFrom":4.5,
		"sizeTo":0
		}	]	}
		"trailColor":"E5E5E5FF",
		"trailParam":6,
		"trailLength":12,
		"trailWidth":2.5
	}		}	
		"trailColor":"E5E5E5FF",
		"trailParam":6,
		"trailLength":12,
		"trailWidth":2.5
	}	
	
		{"name": "星璃武器",//武器贴图
		"parts":[
{"type":"RegionPart",
"mirror":true,//是否镜像显示
"x":9.75,"y":0,//起始位置
"suffix":"-右","layer":60,"moveX":-0.5,"moveY":4,
"moveRot":30,//移动度数
"progress":"recoil"
}
],
	"shoot":{
	"shots":6
	},
		"shootCone":10,
        "inaccuracy":3,//不准确度
		"mirror":false
		"reload":120,//攻速
		"top": false,//旋转
		"recoil":0,//后坐力
		"x":0,"y":0,//位置
		"shootX":0
		"shootY":6
		"shootSound": "flame",
		"shootEffect":{
		"type":"multiEffect",
		"effects":[
		{"type":"ParticleEffect",
		"particles":15,
		"length":80,
		"lifetime":36,
		"lightColor":"E5E5E5FF",
		"cone":20,
		"colorFrom":"C6C6C6FF",
		"colorTo":"B3B3B3FF",
		"sizeFrom":3,
		"sizeTo":0
		},
		{"type":"ParticleEffect",
		"particles":1,
		"lifetime":10,
		"length":0,
		"region":"冥痕json-六芒星",
		"sizeFrom":36,
		"sizeTo":0,
		"colorFrom":"E5E5E5FF",
		"colorTo":"C6C6C6FF"
		}	]	},

	"bullet":{
	"type":"LightningBulletType",
	"status":"shocked",
	"lightningColor":"E5E5E5FF",
	"lightningCone":1,
	"damage":48,
	"lightningLength":20,
	"collidesAir":true
	},
	}
]
}