{
	"type":"tank",
	"template":"ErekirUnitType",
	"name":"随机单位（全部）",
	"description":"被摧毁后随机生成单位",

	"squareShape":true,

	"treadPullOffset":8,
	"singleTarget":false,
	"omniMovement":false,
	"treadRects":[
	{"x":3,"y":0,
	"width":19,"height":54
	}	],
	"targetFlags":["core"],
	
	"research":{
	"parent":"",
	},

	"armor":64,
	"hitSize":28,
	"rotateSpeed":1.7,
	"speed":0.75,
	"flying":false,
	"health":2660,
	"range":0,
	"abilities":[
		{
	"type": "SpawnDeathAbility",
			"unit": "fbaa立案",
			"amount":0
			"randAmount":1
	}
		{
	"type": "SpawnDeathAbility",
			"unit": "fbab调查",
			"amount":0
			"randAmount":1
	}
		{
	"type": "SpawnDeathAbility",
			"unit": "fbac传唤",
			"amount":0
			"randAmount":1
	}
		{
	"type": "SpawnDeathAbility",
			"unit": "fbad审讯",
			"amount":0
			"randAmount":1
	}
		{
	"type": "SpawnDeathAbility",
			"unit": "fbae处刑",
			"amount":0
			"randAmount":1
	}
		{
	"type": "SpawnDeathAbility",
			"unit": "fcaa星尘",
			"amount":0
			"randAmount":1
	}
		{
	"type": "SpawnDeathAbility",
			"unit": "fcab星涌",
			"amount":0
			"randAmount":1
	}
		{
	"type": "SpawnDeathAbility",
			"unit": "fcac星光",
			"amount":0
			"randAmount":1
	}
		{
	"type": "SpawnDeathAbility",
			"unit": "fcad星陨",
			"amount":0
			"randAmount":1
	}
		{
	"type": "SpawnDeathAbility",
			"unit": "fcae星幻",
			"amount":0
			"randAmount":1
	}
	{
	"type": "SpawnDeathAbility",
			"unit": "fdaa行步",
			"amount":0
			"randAmount":1
	}
		{
	"type": "SpawnDeathAbility",
			"unit": "fdab步伐",
			"amount":0
			"randAmount":1
	}
		{
	"type": "SpawnDeathAbility",
			"unit": "fdac步履",
			"amount":0
			"randAmount":1
	}
		{
	"type": "SpawnDeathAbility",
			"unit": "fdad行进",
			"amount":0
			"randAmount":1
	}
		{
	"type": "SpawnDeathAbility",
			"unit": "fdae进军",
			"amount":0
			"randAmount":1
	}
	]
	"weapons":[
	]
}