{
	"type":"tank",
	"template":"ErekirUnitType",
	"name":"随机单位（t2）",
	"description":"被摧毁后随机生成单位",

	"squareShape":true,

	"treadPullOffset":8,
	"singleTarget":false,
	"omniMovement":false,
	"treadRects":[
	{"x":3,"y":0,
	"width":19,"height":54
	}	],
	"targetFlags":["core"],
	
	"research":{
	"parent":"",
	},

	"armor":64,
	"hitSize":28,
	"rotateSpeed":1.7,
	"speed":0.75,
	"flying":false,
	"health":2660,
	"range":0,
	"abilities":[
		{
	"type": "SpawnDeathAbility",
			"unit": "fbab调查",
			"amount":0
			"randAmount":1
	}
		{
	"type": "SpawnDeathAbility",
			"unit": "fcab星涌",
			"amount":0
			"randAmount":1
	}
		{
	"type": "SpawnDeathAbility",
			"unit": "fdab步伐",
			"amount":0
			"randAmount":1
	}
	]
	"weapons":[
	]
}