{
   "type": "GenericCrafter",
   "health": 490,
   "size": 2,
   "hasPower": true,
   "hasLiquids": true,
   "hasItems": true,
   "craftTime": 200,
   "itemCapacity": 20,
   "liquidCapacity": 48,
   "drawer": {
      "type": "DrawMulti",
      "drawers": [
         "DrawDefault",
         {
            "type": "DrawFlame",
            "flameRadius": 4.8,
            "flameRadiusIn": 2.8,
            "flameRadiusScl": 5,
            "flameRadiusMag": 2,
            "flameRadiusInMag": 1,
            "flameColor": "FFF0D4FF"
         }
      ]
   },
   "consumes": {
      "power": 2,
      "liquid": "water/0.09",
      "items": [
         "copper/4"
      ]
   },
   "outputItem": "铜板/2",
   "requirements": [
      "copper/110",
      "lead/70",
      "silicon/10"
   ],
   "category": "crafting",
   "research": {
      "parent": "基础工业类",
      "requirements": [
         "qwe/120"
      ]
   }
}