{
    "type": "UnitFactory",
    "name": "特殊工厂",
    "description": "生产模组单位",
    "health": 820,
    "size": 3,
    "consumes": {
        "power": 3
    },
    "plans": [
        {
            "unit": "飞机t1",
            "time": 900,
            "requirements": [
                {
                    "item": "silicon",
                    "amount": 25
                },
                {
                    "item": "graphite",
                    "amount": 20
                },
                {
                    "item": "titanium",
                    "amount": 10
                }
            ]
        },
        {
            "unit": "针尖",
            "time": 300,
            "requirements": [
                {
                    "item": "silicon",
                    "amount": 5
                }
            ]
        },
        {
            "unit": "攻城车",
            "time": 1800,
            "requirements": [
                {
                    "item": "silicon",
                    "amount": 45
                },
                {
                    "item": "graphite",
                    "amount": 40
                },
                {
                    "item": "lead",
                    "amount": 30
                }
            ]
        }
    ],
    "requirements": [
        {
            "item": "copper",
            "amount": 220
        },
        {
            "item": "silicon",
            "amount": 155
        },
        {
            "item": "lead",
            "amount": 120
        },
        {
            "item": "graphite",
            "amount": 55
        }
    ],
    "category": "units",
    "research": "ground-factory"
}