{
	"type": "Drill",
	"name":"压缩合金钻",
    "description": "新材料做的钻头，硬度很高，可以快速开采矿。但摩擦力极大，所以需要大量水润滑！",
    "health":500,
    "itemCapacity":10,
    "tier":8,
    //钻头的开采等级
    "drillTime":200,
    //矿物开采耗时
    "size":3,
    "armor":2,
  	 "buildTime":1, // 新增：建造时间，单位为秒
      "group":"drills"
    "hasLiquids": true,
	"alwaysUnlocked":false,
	"liquidCapacity":18,
    "drawMineItem":true,
    //是否在中心绘画所采矿物的颜色
    "drillEffect": "mine",
    "updateEffect":"lightningCharge",
    "drawRim":false,
    "heatColor":"#71d5ff",
    //开采出矿物时的颜色
    "rotateSpeed":3,//贴图转速
    "warmupSpeed":0.69,
    //钻头完全启动的速度(一除以(此数值*60)(单位/秒))
    "liquidBoostIntensity":2.3,
    //液体提供的加速效果
		"consumes": {
		  
		  
		  "power": 3,
		
		
		"liquid": {
			"liquid": "water", 
			"amount": 1.2,
			"booster": true,
			"optional": true
		
		}
	},
   		"requirements": [
		"graphite/50",
		"titanium/50",
		"密度电磁块/50"
	],
    "category": "production",
	"ambientSound": "smelter",
	"research": "电磁制造厂"
}