{
    "type": "AttributeCrafter",
    "consumes": {
        "items": {
            "items": [
                {
                    "item": "flame_spore",
                    "amount": 5
                },
                {
                    "item": "blast-compound",
                    "amount": 3
                }
            ]
        },
        "liquids": {
            "liquids": [
                {
                    "liquid": "water",
                    "amount": 0.96
                },
                {
                    "liquid": "slag",
                    "amount": 0.89
                }
            ]
        },
        "power": 30
    },
    "requirements": [
        {
            "item": "titanium",
            "amount": 400
        },
        {
            "item": "thorium",
            "amount": 400
        },

        {
            "item": "plastanium",
            "amount": 300
        },

        {
            "item": "phase-fabric",
            "amount": 240
        },
        {
            "item": "混凝土",
            "amount": 200
        },

        {
            "item": "Heavy_Lead_Slab",
            "amount":150 
        },

        {
            "item": "Crystal_Alloy_Plate",
            "amount": 150
        }
    ],
	"hasPower": true,
	"hasItems": true,
	"hasLiquids": true,
	"itemCapacity": 50,
	"liquidCapacity": 360,
	"craftTime": 100,
	"category": "crafting",
	"research":"flame_spore_cultivate",
	"craftEffect": "smeltsmoke",
	"size": 5,
	"outputItem": {
	    "item": "FC",
	    "amount": 1
	},
	"legacyReadWarmup": true,
	"displayEfficiency": true,
	"baseEfficiency": 1,
	"boostScale": 0.1,
	"maxBoost": 5.5,
	"minEfficiency": -1,
	"attribute": "heat",
	"name": "晶元分量室",
	"description": "",
	"ambientSound": "smelter",
	"ambientSoundVolume": 0.015,
	"drawer":[
	    {
	        "type":"DrawDefault"
	    },
	    {
            "type": "DrawFlame",
            "flameRadius": 0,
            "flameRadiusIn": 0,
            "flameRadiusScl": 0,
            "flameRadiusMag": 0,
            "flameRadiusInMag": 0,
            "flameColor": "FF9999"
	    }
	]
}
/*
public class DrawFrames extends DrawBlock{

    public int frames = 3;数量

    public float interval = 5f;间隔

    public boolean sine = true;循环
    
    public TextureRegion[] regions;
*/