{
"localizedName": "生物质合成区",
	"description": "孢子的发源地，有研究和生产孢子的原始设施。\n[lightgray]设施损毁后，孢子散播了出去，原生生态系统完全无法抵挡这种外来物种。\n\n研究这里的科技，培养孢子来制造燃料和聚合物。[write]\n\n\n\n似乎哪里变得不一样了\n\n[blue][blue](by Anuke 作 蓝细菌光合自养 改)",
	"overrideLaunchDefaults": true,//进度覆盖
	"details":"[purple]生物危害",
    "planet":"serpulo"
    "sector":81
    "captureWave":30
    "difficulty":3
    //"alwaysUnlocked": true,
    "research": {
		"parent": "超限工艺-frozenForest",
		"objectives": [
		"steam-generator"
            {
				"type": "SectorComplete",
				"preset": "超限工艺-frozenForest"
			}
			{
				"type": "SectorComplete",
				"preset": "超限工艺-craters"
			}
			]}
}