{
"localizedName": "未知废墟",
	"description": "此地区有海量的矿物,但似乎存在潜在的危险,目前在这发现了一些奇怪的废墟建筑\n\n[white](by zzzzzz 作 没有炮台的炮台s 改)",
	"details":"不要试图硬钢此地区，建议研究完部分科技就溜",
    "planet":"serpulo"//母星名字。
    "overrideLaunchDefaults": true,//进度覆盖
    "sector":174//区块坐标
    "captureWave":21//胜利波次
    "difficulty":3//难度1一5
    "research": {
		"parent": "战役地图(超限工艺)",
		"objectives": [
		"underflow-gate"
		"distributor"
		"bridge-conveyor"
		"inverted-sorter"
		"copper-wall-large"
		"scatter"
            {
				"type": "SectorComplete",
				"preset": "超限工艺-groundZero"
			}
			]}
}