{//by Cassius
  "type":"mech",
  "description":"特种机炮机甲是战线上的主力单位。配备两对架大口径机炮。近距离输出极猛。",
  "details":"[red]单位代号--特种机甲单位L.2\n[]这玩意是特种激光机甲的改版，作为无能机甲的第二个衍生战争机器。出乎意料的是，这架大家伙的效果还不错。（致敬传奇无能撑起特种机甲族的一片天）\n“嘿！每当我的机炮吐出火舌，你就知道你离你死期不远了！”"
  "flying":false,
  "canBoost":false,
  "name":"特种机炮机甲",
  "health":56500,
  "armor":53,
  "hitSize":52,
  "rotateSpeed":1.2,
  "speed":1.02,
  "accel":0.2,
  "drag":0.2,
  "ammoType":"钨",
  "ammoCapacity":475,
  "itemCapacity":180,
  "range":520,
  "lightRadius":40,
  "fogRadius":40,
  "immunities":[
    "burning","freezing","slow","spore-slowed","腐朽","孢子侵蚀"
  ],
  "abilities":[
    {
      "type":"ForceFieldAbility",
      "sides":6,
      "max":15000,
      "radius":80,
      "regen":5,
      "cooldown":300,
      "rotateSpeed":1
    },
  ]
  "weapons":[
    {
      "name":"机炮机甲1",
      "x":20,
      "y":-8,
      "mirror":true,
      "top":false,
      "rotate":false,
      "reload":3,
      "range":520,
      "recoil":2,
      "recoilTime":15,
      "inaccuracy":1,
      "shake":5,
      "shootStatus":"充能",
      "shootStatusDuration":120,
      "shootSound":"shootBig",
      "bullet":{
        "damage":155,
        "splashDamage":85,
        "splashDamageRadius":16,
        "knockback":4,
        "pierceCap":2,
        "pierceBuilding":true,
        "lifetime":16.25,
        "speed":32,
        "width":25,
        "height":40,
        "shinkY":0,
        "frontColor":"FF0000",
        "backColor":"FF4500",
        "status":"unmoving",
        "statusDuration":30,
        "fragBullets":5,
        "fragRandomSpread":15,
        "fragBullet":{
          "damage":36,
          "splashDamage":20,
          "splashDamageRadius":12,
          "knockback":2,
          "pierceCap":2,
          "lifetime":6,
          "speed":24,
          "width":8,
          "height":14,
          "shinkY":0,
          "status":"melting",
          "statusDuration":60
          }
      }
    },
    {
      "name":"机炮机甲2",
      "x":10,
      "y":4,
      "mirror":true,
      "top":true,
      "rotate":true,
      "rotateSpeed":10,
      "reload":1,
      "range":480,
      "recoil":1,
      "recoilTime":6,
      "inaccuracy":2,
      "shake":2,
      "shootStatus":"overclock",
      "shootStatusDuration":120,
      "shootSound":"shootBig",
      "bullet":{
        "targetGround":false,
        "damage":35,
        "splashDamage":25,
        "splashDamageRadius":8,
        "knockback":1,
        "pierceCap":1,
        "lifetime":20,
        "speed":24,
        "width":8,
        "height":10,
        "shinkY":0,
        "frontColor":"FF4500",
        "backColor":"FF3300",
        "status":"blasted",
        "statusDuration":30
      }
    },
  ]
}