{//by Cassius
  "type":"mech",
  "description":"特种激光机甲是战线旁有力的辅助单位。\n配备两门大型脉冲激光发生器，发射震撼性激光，震撼目标并造成巨大伤害。\n\n[red]出众的维修能力与穿透群伤便是其精彩的表演节目。",
  "details":"[red]单位代号--特种机甲单位L.1\n[]这玩意是无能机甲的改版，我们在战地里别无他选的作品。出乎意料的是，这架大家伙的效果还不错。（闪电伤害75）\n耀星加强版还装了两架机炮吗？\n[blue]呵，有点意思。"
  "flying":false,
  "canBoost":false,
  "name":"特种激光机甲",
  "health":33500,
  "armor":43,
  "hitSize":40,
  "rotateSpeed":0.4,
  "speed":0.96,
  "accel":0.8,
  "drag":0.1,
  "ammoType":{
    "type":"PowerAmmoType",
    "totalPower":25000
  },
  "ammoCapacity":135,
  "itemCapacity":120,
  "range":480,
  "lightRadius":35,
  "fogRadius":35,
  "immunities":[
    "burning","freezing","slow","unmoving","spore-slowed","melting","corroded","腐朽","电路受损","孢子侵蚀"
  ],
  "weapons":[
    {
      "name":"激光机甲1",
      "x":20,
      "y":-4,
      "mirror":true,
      "top":false,
      "alternate":true,
      "rotate":false,
      "reload":60,
      "range":400,
      "recoil":8,
      "recoilTime":30,
      "inaccuracy":0,
      "shake":8,
      "target":["ground"],
      "shootStatus":"overclock",
      "shootStatusDuration":120,
      "shootSound":"laserblast",
      "bullet":{
        "type":"LaserBulletType",
        "lightningSpacing":16,//闪电间隔
        "lightningLength":9,//闪电基础长度
        "lightningLengthRand":4,//闪电长度差异
        "lightningAngleRand":150,//闪电分隔角度
        "lightningColor":"BFFFDB",//激光颜色
        "lightningDamage":75,
        "damage":1526,
        "splashDamage":745,
        "splashDamageRadius":36,
        "knockback":25,
        "pierceArmor":true,
        "status":"unmoving",
        "statusDuration":240,
        "width":32,//激光宽度
        "length":400,//激光长度
        "sideAngle":45,//分支闪电
        "sideColor":"3900a0",//闪电颜色
        "sideWidth":4,//闪电视宽
        "sideLength":8,//闪电视长
        "status":"melting",
        "statusDuration":330
        }
    },
    {
      "name":"激光机甲2",
      "x":8,
      "y":0,
      "mirror":false,
      "top":true,
      "rotate":true,
      "rotateSpeed":8,
      "reload":3,
      "range":280,
      "inaccuracy":1,
      "shake":2,
      "recoil":1,
      "recoilTime":6,
      "shootSound":"shootBig"
      "bullet":{
        "damage":12,
        "splashDamage":7,
        "splashDamageRadius":6,
        "knockback":1,
        "lifetime":11.75,
        "speed":24,
        "width":8,
        "height":12,
        "shrinkY":0,
        "backColor":"BFFFDB",
        "frontColor":"BFFFDB",
        "fragBullets":2,
        "fragRandomSpread":15,
        "fragBullet":{
          "damage":2,
          "lifetime":14,
          "speed":6,
          "drag":-0.02,
          "width":6,
          "height":9,
          "shrinkY":0
          "status":"melting",
          "statusDuration":30
          }
      }
    },
    {
      "name":"激光机甲3",
      "x":-8,
      "y":0,
      "mirror":false,
      "top":true,
      "rotate":true,
      "rotateSpeed":4,
      "reload":60,
      "range":400,
      "inaccuracy":0,
      "shake":7,
      "recoil":3,
      "recoilTime":30,
      "shootSound":"shootBig",
      "shoot":{
        "shots":5,
        "shotDelay":6
      },
      "bullet":{
        "damage":46,
        "splashDamage":34,
        "splashDamageRadius":20,
        "knockback":6,
        "pierceCap":2,
        "pierceBuilding":true,
        "lifetime":16,
        "speed":25,
        "width":16,
        "height":24,
        "shrinkY":0,
        "backColor":"3900a0",
        "frontColor":"3900a0",
        "status":"melting",
        "statusDuration":180,
        "fragBullets":3,
        "fragRandomSpread":30,
        "fragBullet":{
          "damage":18,
          "lifetime":30,
          "speed":8,
          "drag":-0.025,
          "width":6,
          "height":9,
          "shrinkY":0
          "status":"burning",
          "statusDuration":360
          }
      }
    },
  ]
}