{
    "type": "AttributeCrafter",
    "consumes": {
        "items": {
            "items": [
                {
                    "item": "copper",
                    "amount": 2
                },
                {
                    "item": "sand",
                    "amount": 2
                },
                {
                    "item": "blast-compound",
                    "amount": 1
                }
            ]
        },
        "power": 8.2
    },
    "requirements": [
        {
            "item": "thorium",
            "amount": 350
        },

        {
            "item": "plastanium",
            "amount": 100
        },

        {
            "item": "phase-fabric",
            "amount": 240
        },
        {
            "item": "混凝土",
            "amount": 200
        },

        {
            "item": "surge-alloy",
            "amount":150 
        },
    ],
	"hasPower": true,
	"hasItems": true,
	"itemCapacity": 50,
	"liquidCapacity": 360,
	"craftTime": 90,
	"category": "crafting",
	"research":"alloy-smelter",
	"craftEffect": "smeltsmoke",
	"size": 3,
	"outputItem": {
	    "item": "surge-alloy",
	    "amount": 4
	},
	"legacyReadWarmup": true,
	"displayEfficiency": true,
	"baseEfficiency": 1,
	"boostScale": 0.1,
	"maxBoost": 5.5,
	"minEfficiency": -1,
	"attribute": "heat",
	"name": "合金压制炉",
	"description": "",
	"ambientSound": "smelter",
	"ambientSoundVolume": 0.015,
	"drawer":[
	    {
	        "type":"DrawDefault"
	    },
	    {
            "type": "DrawFlame",
            "suffix": "-top",
            "flameRadius": 3,
            "flameRadiusIn": 3,
            "flameRadiusScl": 3,
            "flameRadiusMag": 3,
            "flameRadiusInMag": 3,
            "flameColor": "FFE867FF"
	    }
	 	    {
            "type": "DrawFlame",
            "suffix": "-top1",
            "flameRadius": 1,
            "flameRadiusIn": 1,
            "flameRadiusScl": 1,
            "flameRadiusMag": 1,
            "flameRadiusInMag": 1,
            "flameColor": "FFBE69FF"
	    }	    {
            "type": "DrawFlame",
            "suffix": "-top2",
            "flameRadius": 2,
            "flameRadiusIn": 2,
            "flameRadiusScl": 2,
            "flameRadiusMag": 2,
            "flameRadiusInMag": 2,
            "flameColor": "FF6969FF"
	    }
	]
}