{
    "type": "GenericCrafter",
	"name": "巨浪压缩机",
	"description": "快速产出巨浪合金",
	"outputItem": {
	"item": "surge-alloy", "amount": 40 },
	"itemCapacity": 120,
	"size": 3,
	"hasPower": true,
	"hasLiquids":true,
	"hasItems": true,
	"craftTime": 130,
	"updateEffect": "blastsmoke",
	"consumes": {
	    "power": 15,
		"items": {
			"items": [
				{ "item": "钛板", "amount": 8 },
				{ "item": "铜板", "amount": 10 },
				{ "item": "塑料", "amount": 10 },
				{ "item": "Heavy_Lead_Slab", "amount": 12 }
		]
	},
	"liquid":{"liquid":"纯净水","amount": 0.2 } 
	},
			"requirements": [
	{ "item": "纯水泥", "amount": 40 },
	{ "item": "铜板", "amount": 50 },
	{ "item": "钛板", "amount": 80 },
	{ "item": "运算单元", "amount": 20 }
	],
	"category": "crafting",
	"research": "沙子分拣器",
	"idleSound": "respawning",
	"idleSoundVolume": 0.5
			"drawer":[
	    {
	        "type": "DrawDefault"
	    },
	    {
            "type": "DrawFlame",
            "flameRadius": 3.8,
            "flameRadiusIn": 1.5,
            "flameRadiusScl": 4,
            "flameRadiusMag": 1,
            "flameRadiusInMag": 0.76,
            "flameColor": "FFC233FF"
	    }
	]
}