{
"name": "增幅塔"
"type": "LiquidTurret"
"squareSprite": false
"extinguish": false
"size": 3
"alwaysShooting": true
"rotateSpeed": 0
"shootCone": 360
"range": 160
"liquidCapacity": 720
"reload": 120
"shootY": 0
"recoil": 0
"loopSound": "none"
"outlineIcon": false
"ammoTypes": {
  "虚空液": {
    "ammoMultiplier": 0.032
    "spawnUnit": "增幅"
  }
}
"drawer": [
  {
    "type": "DrawRegion"
  }
  {
    "type": "DrawTurret"
    "parts": [
      {
        "type": "ShapePart"
        "rotation": 22.5
        "layer": 100
        "hollow": true
        "sides": 8
        "radius": 6
        "radiusTo": 8
        "color": "bf92f8"
        "colorTo": "90a2fc"
        "stroke": 0.5
        "strokeTo": 0
        "progress": {
          "type": "warmup"
          "op": "sin"
          "scl": 40
          "mag": 1
        }
      }
    ]
  }
]
"category": "effect"
"research": "轻型核心"
"requirements": [
"虚空石/500"
"虚空钢/200"
"虚空精华/300"
]
}