{
	"name": "涡轮发电机·III",
	"description": "通过大量燃烧易燃材料幷把水转化为蒸汽发电",
	"details": "更强！",
	"size": 2,
	"health": 500,
	"hasLiquids": true,
	"hasItems": true,
	"itemDuration": 50,
	"powerProduction": 20,
	"itemCapacity": 25,
	"liquidCapacity": 25,
	"drawer": {
		"type": "DrawMulti",
		"drawers": [
			"DrawDefault",
			{
				"type": "DrawRegion",
				"suffix": "-turbine",
				"rotateSpeed":6,
				"rotation":0
			},
			{
				"type": "DrawRegion",
				"suffix": "-turbine",
				"rotateSpeed":-6,
				"rotation":45
			},
			{
				"type": "DrawRegion",
				"suffix": "-cap"
			},
			"DrawWarmupRegion",
			{"type": "DrawLiquidRegion",
			"drawLiquid": "water"}
		]
	},
	"generateEffect": "generatespark",
	"consumes": {
		"itemFlammable":{},
		"itemExplode":{},
		"liquid": "water/0.3"
	},
	"requirements": [
		"copper/140",
		"lead/160",
		"graphite/100",
		"silicon/120",
	],
	"ambientSound": "smelter",
	"ambientSoundVolume": 0.07,
	"category": "power",
	"research": "steam-generator"
}