{
	"speed":0.25,
	"rotateSpeed":0.56,
	"hitSize":68,
	"health":142000,
	"armor":60,
	"range":520,
	"outlineColor":"2E2F34FF",

	"groundLayer":75,
	"lightRadius":120,
	"type":"mech",
	"canDrown":false,
	"drag":0.2,
	"flying":false,

	"research":{
	"parent":"pulse",
	"requirements":[
	"chromium/60000",
	"iridium/30000",
	"osmium/30000",
	"metaglass/50000",
	"silicon/13000",
	"plastanium/50000"
	],
	"objectives":[
	"rudiment-assembler-module",
	"senior-refabricator"
		]	},

	"immunities":[
	"wulfrum-amplify",
	"empI",
	"empII"
	],

	"abilities":[
	{"type":"ShieldRegenFieldAbility",
	"amount":500,
	"max":10000,
	"reload":180,
	"range":180,
	"activeEffect":{
	"type":"WaveEffect",
	"lifetime":30,
	"sizeFrom":0,
	"sizeTo":48,
	"colorFrom":"FFD37FFF",
	"colorTo":"FFD37FFF"
	}	},
	{"type":"MoveLightningAbility",
	"minSpeed":-1,
	"maxSpeed":0,
	"damage":0,
	"chance":0.7,
	"bulletSpread":360,
	"length":0,
	"bullet":{
	"type":"LightningBulletType",
	"lightningColor":"BAFFF9FF",
	"lightningLengthRand":9,
	"damage":38,
	"lightningLength":6
	},
	"color":"00000000",
	"shootSound":"none",
	"shootEffect":"none"
	},
		{"type":"mindustry.entities.abilities.StatusFieldAbility",
		"effect":"wet",
		"parentizeEffects":true,
		"activeEffect":{
		"type":"multiEffect",
		"followParent":true,
		"rotWithParent":true,
		"effects":[
		{"type":"ParticleEffect",
		"lifetime":315,
		"length":0,
		"sizeFrom":20,
		"sizeTo":20,
		"spin":12,
		"particles":1,
		"region":"calamity-plasma-gas1",
		"colorFrom":"36B1DDFF",
		"colorTo":"BAFFF9FF"
		},
		{"type":"ParticleEffect",
		"lifetime":315,
		"length":0,
		"sizeFrom":16,
		"sizeTo":16,
		"spin":14,
		"particles":1,
		"region":"calamity-plasma-gas2",
		"colorFrom":"36B1DDFF",
		"colorTo":"BAFFF9FF"
		},
		{"type":"ParticleEffect",
		"lifetime":315,
		"length":0,
		"sizeFrom":12,
		"sizeTo":12,
		"spin":16,
		"particles":1,
		"region":"calamity-plasma-gas3",
		"colorFrom":"36B1DDFF",
		"colorTo":"BAFFF9FF"
		}	]	},
		"range":1,
		"reload":300,
		"duration":1
		},
		{"type":"EnergyFieldAbility",
	"x":0,"y":0,
	"damage":25,
	"reload":10,
	"range":180,
	"status":"empII",
	"statusDuration":240,
	"hitBuildings":true,
	"hitUnits":true,
	"healPercent":0.03,
	"maxTargets":6,
	"useAmmo":false,
	"color":"BAFFF9FF",
	"sectorRad":0,
	"shootSound":"none",
	"hitEffect":"none"
	}	],

	"weapons":[
		{"name":"supernova",
		"x":0,"y":0,
		"reload":900,
		"alternate":false,
		"mirror":false,
		"top":false,
		"rotate":false,
		"shootY":0,

		"shoot":{
		"firstShotDelay":130
		},

		"shake":20,
		"chargeSound":"chargeup",
		"shootSound":"jupiterImpact",
		"ejectEffect":"none",

	"bullet":{
		"type":"BasicBulletType",
		"status":"empIII",
		"statusDuration":360,
		"splashDamage":5000,
		"splashDamageRadius":180,
		"height":0.1,
		"width":0.1,
		"instantDisappear":true,
		"spin":5,
		"speed":5,
		"lifetime":30,

		"despawnEffect":{
		"type":"multiEffect",
		"effects":[
		{"type":"ParticleEffect",
		"lightOpacity":0,
		"particles":50,
		"length":100,
		"baseLength":30,
		"lifetime":80,
		"layer":106,
		"interp":"exp5",
		"sizeFrom":24,
		"sizeTo":13,
		"colorFrom":"BAFFF9FF",
		"colorTo":"BAFFF910"
		},
		{"type":"ParticleEffect",
		"lightOpacity":0,
		"particles":30,
		"length":100,
		"baseLength":60,
		"lifetime":280,
		"layer":106,
		"interp":"swingOut",
		"sizeFrom":24,
		"sizeTo":13,
		"colorFrom":"BAFFF9FF",
		"colorTo":"BAFFF910"
		},
		{"type":"ParticleEffect",
		"particles":20,
		"length":120,
		"lifetime":50,
		"interp":"pow10Out",
		"layer":108,
		"cone":360,
		"colorFrom":"BAFFF9FF",
		"colorTo":"BAFFF910",
		"sizeFrom":1,
		"sizeTo":5
		},
		{"type":"ParticleEffect",
		"line":true,
		"particles":27,
		"lifetime":60,
		"offset":60,
		"interp":"circleOut",
		"length":200,
		"baseLength":50,
		"cone":-360,
		"strokeFrom":7,
		"strokeTo":0,
		"lenFrom":10,
		"lenTo":10,
		"colorFrom":"BAFFF9FF",
		"colorTo":"BAFFF9FF"
		},
		{"type":"WaveEffect",
		"lifetime":35,
		"sizeFrom":0,
		"sizeTo":100,
		"strokeFrom":4,
		"strokeTo":0,
		"colorFrom":"BAFFF9FF",
		"colorTo":"BAFFF9FF"
		},
		{"type":"WaveEffect",
		"lifetime":45,
		"sizeFrom":0,
		"sizeTo":200,
		"interp":"pow10Out",
		"strokeFrom":12,
		"strokeTo":0,
		"colorFrom":"BAFFF9FF",
		"colorTo":"BAFFF9FF"
		}	]	},

		"hitEffect":"none",
		"smokeEffect":"none",
		"pierce":false,
		"reflectable":false,
		"hittable":false,
		"hitSound":"jupiterImpact",
		"absorbable":false,
		"trailEffect":"none",

		"chargeEffect":{
		"type":"multiEffect",
		"lifetime":120,
		"followParent":true,
		"effects":[
		{"type":"ParticleEffect",
		"lightOpacity":0,
		"particles":50,
		"length":130,
		"baseLength":-130,
		"lifetime":80,
		"layer":106,
		"interp":"exp5",
		"sizeFrom":24,
		"sizeTo":13,
		"colorFrom":"BAFFF910",
		"colorTo":"BAFFF9FF"
		},
		{"type":"ParticleEffect",
		"particles":35,
		"offset":15,
		"baseLength":25,
		"sizeFrom":0,
		"sizeTo":4,
		"length":100,
		"lifetime":120,
		"colorFrom":"BAFFF9FF",
		"colorTo":"BAFFF9FF",
		"cone":360
		},
		{"type":"WaveEffect",
		"lifetime":120,
		"sizeFrom":75,
		"sizeTo":0,
		"interp":"pow5Out",
		"strokeFrom":0,
		"strokeTo":8,
		"colorFrom":"BAFFF9FF",
		"colorTo":"BAFFF9FF"
		},
		{"type":"WaveEffect",
		"lifetime":120,
		"sizeFrom":95,
		"sizeTo":0,
		"interp":"pow10Out",
		"strokeFrom":0,
		"strokeTo":8,
		"colorFrom":"BAFFF9FF",
		"colorTo":"BAFFF9FF"
		},
		{"type":"ParticleEffect",
		"particles":45,
		"offset":100,
		"sizeFrom":1,
		"sizeTo":6,
		"length":200,
		"baseLength":-200,
		"interp":"pow3In",
		"sizeInterp":"pow5Out",
		"lifetime":90,
		"colorFrom":"BAFFF900",
		"colorTo":"BAFFF9FF"
		},
		{"type":"ParticleEffect",
		"particles":45,
		"offset":100,
		"sizeFrom":1,
		"sizeTo":6,
		"length":250,
		"baseLength":-250,
		"interp":"pow3In",
		"sizeInterp":"pow5Out",
		"lifetime":100,
		"colorFrom":"BAFFF900",
		"colorTo":"BAFFF9FF"
		},
		{"type":"ParticleEffect",
		"particles":45,
		"offset":100,
		"sizeFrom":1,
		"sizeTo":6,
		"length":300,
		"baseLength":-300,
		"interp":"pow3In",
		"sizeInterp":"pow5Out",
		"lifetime":110,
		"colorFrom":"BAFFF900",
		"colorTo":"BAFFF9FF"
		},
		{"type":"ParticleEffect",
		"particles":45,
		"offset":100,
		"sizeFrom":1,
		"sizeTo":6,
		"length":350,
		"baseLength":-350,
		"interp":"pow3In",
		"sizeInterp":"pow5Out",
		"lifetime":120,
		"colorFrom":"BAFFF900",
		"colorTo":"BAFFF9FF"
		},
		{"type":"ParticleEffect",
		"particles":45,
		"offset":100,
		"sizeFrom":1,
		"sizeTo":6,
		"length":400,
		"baseLength":-400,
		"interp":"pow3In",
		"sizeInterp":"pow5Out",
		"lifetime":130,
		"colorFrom":"BAFFF900",
		"colorTo":"BAFFF9FF"
		},
		{"type":"ParticleEffect",
		"particles":45,
		"offset":100,
		"sizeFrom":1,
		"sizeTo":6,
		"length":450,
		"baseLength":-450,
		"interp":"pow3In",
		"sizeInterp":"pow5Out",
		"lifetime":140,
		"colorFrom":"BAFFF900",
		"colorTo":"BAFFF9FF"
		}	]	},
		"frontColor":"4F110BFF",
		"backColor":"FF5845FF",

		"fragRandomSpread":360,
		"fragBullets":9,
		"fragBullet":{
		"type":"EmpBulletType",
		"spawnUnit":"calamity-ball-lighting",
		"collidesAir":false,
		"collidesGround":false,
		"pierce":true,
		"pierceBuilding":true,
		"keepVelocity":false,

		"timeIncrease":0,
		"powerDamageScl":1,
		"powerSclDecrease":1,
		"unitDamageScl":1
		}	}	},

		{"name":"magnetic-weapon",
		"reload":60,
		"x":40,"y":0,
		"shootY":36,
		"shootCone":45,
		"mirror":true,
		"top":false,
		"alternate":true,
		"layerOffset":-0.001,
		"rotationLimit":80,
		"rotateSpeed":1.6,
		"rotate":true,
		"heatColor":"FCF387FF",
		"shootSound":"ArcNovaDiffuserBigShot",
		"cooldownTime":240,

	"parts":[
	{"type":"RegionPart",
	"suffix":"-blade-l",
	"x":0,"y":23.75,
	"mirror":false,
	"moveRot":35,
	"heatColor":"FCF387FF",
	"progress":"recoil"
	},
	{"type":"RegionPart",
	"suffix":"-blade-r",
	"x":0,"y":23.75,
	"mirror":false,
	"moveRot":-35,
	"heatColor":"FCF387FF",
	"progress":"recoil"
	}	],


		"shoot":{"type":"shootSpread",
		"shots":13,
		"spread":3
		},

		"bullet":{
		"type":"basicBulletType",
		"damage":500,
		"height":12,
		"width":80,
		"hitSize":40,
		"shrinkX":0,"shrinkY":0,
		"speed":8,
		"splashDamage":35,
		"splashDamageRadius":48,
		"lifetime":35,
		"hitSound":"explosion",
		"status":"empI",
		"statusDuration":120,

		"lightning":5,
		"lightningDamage":16,
		"lightningLength":4,
		"lightningAngle":180,
		"lightningLengthRand":5,

		"intervalRandomSpread":0,
		"intervalBullets":1,
		"bulletInterval":1,
		"intervalAngle":180,
		"intervalSpread":0,
		"fragVelocityMin":8,
		"fragVelocityMax":8,
		"despawnEffect":"none",
		"intervalBullet":{
		"damage":12,
		"type":"LightningBulletType",
		"lightningLength":3,
		"lightningLengthRand":4,
		"lightningColor":"F3E979FF",
		"lightColor":"FFFFFFFF",
		"status":"shocked",
		"statusDuration":30,
		"collidesAir":false,
		"hittable":false,
		"lifetime":3,
		"hitEffect":"none"
		},

	"hitEffect":{
		"type":"ParticleEffect",
		"line":true,
		"particles":4,
		"lifetime":30,
		"offset":50,
		"length":22,
		"cone":-45,
		"lenFrom":8,
		"lenTo":4,
		"colorFrom":"D99F6BFF",
		"colorTo":"FCF387FF"
		},

		"despawnHit":true,
	"shootEffect":{
		"type":"multiEffect",
		"effects":[
		{"type":"WaveEffect",
		"lifetime":10,
		"sizeFrom":0,
		"sizeTo":15,
		"strokeFrom":1.5,
		"strokeTo":0,
		"colorFrom":"D99F6BFF",
		"colorTo":"FCF387FF"
		},
	{"type":"ParticleEffect",
		"offset":30,
		"particles":2,
		"lifetime":20,
		"length":50,
		"interp":"circleOut",
		"sizeInterp":"pow5In",
		"cone":75,
		"line":true,
		"strokeFrom":1.5,
		"strokeTo":1.5,
		"lenFrom":5,
		"lenTo":0,
		"lightColor":"FCF387FF",
		"colorFrom":"D99F6BFF",
		"colorTo":"FCF387FF"
	},
	{"type":"ParticleEffect",
		"offset":30,
		"particles":2,
		"lifetime":25,
		"length":30,
		"interp":"circleOut",
		"sizeInterp":"pow5In",
		"cone":75,
		"line":true,
		"strokeFrom":1.5,
		"strokeTo":1.5,
		"lenFrom":7,
		"lenTo":0,
		"lightColor":"FCF387FF",
		"colorFrom":"D99F6BFF",
		"colorTo":"FCF387FF"
	}	]	},

		"trailParam":6,
		"trailLength":10,
		"trailWidth":2.6,
		"trailColor":"D99F6BFF",
		"frontColor":"D99F6BFF",
		"backColor":"FCF387FF"
		}	},

		{"name":"lighting-energygun",
		"layerOffset":1,
		"mirror":true,
		"alternate":true,
		"top":true,
		"reload":5,
		"x":22,"y":-15,
		"shootY":6,
		"shake":2,
		"rotate":true,
		"rotationLimit":80,
		"rotateSpeed":4,
		"recoils":2,
		"soundPitchMin":1,
		"shootSound":"explosion",
		"shootCone":45,

	"bullet":{
		"sprite":"missile-large",
		"damage":70,
		"height":16,
		"width":9,
		"shrinkX":0,
		"shrinkY":0,
		"splashDamageRadius":16,
		"splashDamage":60,
		"speed":8,"lifetime":35,
		"collidesAir":false,
		"frontColor":"36B1DDFF",
		"backColor":"BAFFF9FF",
		"keepVelocity":false,

		"lightning":5,
		"lightningDamage":55,
		"lightningLength":3,
		"lightningCone":30,
		"lightningColor":"BAFFF9FF",
		"lightningLengthRand":5,

		"hitSound":"explosion",

		"trailColor":"BAFFF9FF",
		"trailParam":2,
		"trailWidth":2,"trailLength":4,
		"trailRotation":true,
		"trailInterval":1,
		"trailEffect":"disperseTrail",

		"shootEffect":"lancerLaserShoot",

		"hitEffect":{
		"type":"multiEffect",
		"effects":[
	{"type":"WaveEffect",
		"lifetime":15,
		"sizeFrom":0,
		"sizeTo":30,
		"strokeFrom":7.5,
		"strokeTo":0,
		"colorFrom":"36B1DDFF",
		"colorTo":"BAFFF9FF"
	},
	{"type":"ParticleEffect",
		"offset":30,
		"particles":10,
		"lifetime":20,
		"length":50,
		"interp":"circleOut",
		"sizeInterp":"pow5In",
		"cone":75,
		"line":true,
		"strokeFrom":1.5,
		"strokeTo":1.5,
		"lenFrom":5,
		"lenTo":0,
		"lightColor":"BAFFF9FF",
		"colorFrom":"36B1DDFF",
		"colorTo":"BAFFF9FF"
	},
	{"type":"ParticleEffect",
		"offset":30,
		"particles":10,
		"lifetime":25,
		"length":30,
		"interp":"circleOut",
		"sizeInterp":"pow5In",
		"cone":75,
		"line":true,
		"strokeFrom":1.5,
		"strokeTo":1.5,
		"lenFrom":7,
		"lenTo":0,
		"lightColor":"BAFFF9FF",
		"colorFrom":"36B1DDFF",
		"colorTo":"BAFFF9FF"
		}	]	}
		}	}	]
}