{
    "type": "ArmoredConduit",
    "category": "liquid",
    "name": "液体导管",
    "description": "向前运输液体",
    "research": {
        "parent": "abaa切割钻头",
        "requirements": [
            "镍/200"
        ]
    },
    "requirements": [
        "镍/2"
    ],
    "health": 400,	
    "canOverdrive": true,
    "liquidCapacity": 20,
    "solid": false,
    "liquidPadding": 4,
    "liquidPressure": 4,
    "bridgeReplacement": "afda导管桥",
    "rotBridgeReplacement": "afda导管桥",
    "junctionReplacement": "afca导管连接器"
}