{
	"type": "DirectionLiquidBridge",//类型,自连液桥
	"range": 5,//范围
	"category": "liquid",//菜单栏
	"name": "导管桥",//名字
	"description": "跨越一段距离运输液体",//介绍

	"research": {
	"parent": "afba导管路由器"//科技树前置
	"requirements": [//研究花费
	"镍/1000",
	"铝/1000"
	]	},

	"requirements": [//建造消耗
	"镍/10",
	"铝/10"
	],

"solid":false,//实体
	"health": 400,//血量
	"liquidCapacity":40,//液体容量
	"liquidPadding": 4,//液体填充速度
}
