{
    "type":"PowerNode",
    "name":"强化电力塔",
    "description": "强化电力塔，连接距离极远",
    "size":2,
    "health":480,
    "maxNodes":5,
    "laserRange":100,
    "research":"surge-tower",
	"hasPower":true,
	"consumesPower": true,
	"outputsPower": true,
	"consumes":{
	    "powerBuffered": 5000
	    },
    "requirements": [
        {"item":"基础强化板","amount":15},
       {"item":"压缩铅","amount":5},
       {"item":"压缩钛","amount":3},
        {"item":"surge-alloy","amount":20}
        ],
        "category":"power"
}