{
	 "type":"ConsumeGenerator"
	 "name":"稳定型火力发电机T2"
	 "description":"十分稳定的发电量，可靠的发电时间"
	 "size":1
	 "health":200
	 "hasItems":true
	 "hasLiquids":false
     "powerProduction":0.75
    "consumes": {"itemFlammable": {},},
     "itemDuration":180
     	"itemCapacity":10,
	 "requirements":[
		{"item":"压缩铜","amount":25}
		{"item":"压缩铅","amount":20}
		{"item":"烈焰强化板","amount":15}
	],
	 "optional":true
	 "category":"power"
	 "research":"稳定型火力发电机"
}