{
	"type": "ConsumeGenerator",
	"name": "高压发电站",
	"description": "强化涡轮发电机,需水量大",
	"size": 3,
	"health":900,
	"hasLiquids": true,
	"hasItems": true,
	"itemDuration":90,
	"powerProduction":20,
	"itemCapacity": 100,
	"liquidCapacity": 1000,
	"drawer": {
        "type": "DrawMulti",
        "drawers": [
            "DrawDefault",
            "DrawWarmupRegion",
            {
                "type": "DrawRegion",
                "suffix": "-turbine",
                "rotateSpeed":2
            },
            {
                "type": "DrawRegion",
                "suffix": "-turbine",
                "rotateSpeed":-2,
                "rotation":45
            }
        ]
    },
	"generateEffect": "generatespark",
    "consumes": {
        "itemFlammable": {},
        "liquid": "water/0.5"
    },
	"requirements": [
	    { "item": "压缩铜", "amount": 35},
	    { "item": "压缩煤", "amount": 40},	  
		{ "item": "graphite", "amount": 250},	
		{ "item": "silicon", "amount":300},
	],
	"category": "power",
	"research": "steam-generator"
}
