{
	"type": "GenericCrafter",
	"name": "金属液熔炼厂",
	"description": "输入铜后熔炼成金属液，可用于制造部分其他东西",
	"itemCapacity": 60,
	"size": 2,
	"outputLiquid": {"liquid": "金属液", "amount": 0.555 },
  	"liquidCapacity": 60,
	"hasPower": true,
	"hasLiquids": true,
	"hasItems": true,
	"craftTime": 60,
	"updateEffect": "smeltsmoke",
	"consumes": {
		"power": 1.5,
	    "items":{
		"items": [
			{ "item": "sand", "amount": 4 },
			{ "item": "copper", "amount": 3 }
	    ]
	   }
	},
	"requirements": [
	{ "item": "titanium", "amount": 30 },
	{ "item": "copper", "amount": 35 },
	{ "item": "metaglass", "amount": 20 },
	{ "item": "silicon", "amount": 50 }
	],
	"category": "crafting",
	"research": "矿渣精炼炉",
	"idleSound": "respawning",
	"idleSoundVolume": 0.5
	"drawer":[
	    {
	        "type":"DrawDefault"
	    },
	    {
            "type": "DrawLiquidRegion",
            "drawLiquid": "金属液",
            "suffix": "-liquid"    
        },
	]
	}
