{
    "name":"中毒",
    "description":"[cyan]说什么玩意儿叽里咕噜的，你给我...定！",
    "damage":0.15,
    "speedMultiplier": 0.2,
    "effect": {
        "type": "MultiEffect",
		"effects":[
        {
        "type": "ParticleEffect",
		"particles": 2,
		"baseLength": 0,
		"length": 16,
		"lifetime": 18,
		"line": true,
		"lenFrom": 10,
		"lenTo": 0,
		"strokeFrom": 1,
		"strokeTo": 0,
		"colorFrom": "cfcfcf",
		"colorTo": "cfcfcf"
        }
    ]    
}
}