{
	"name":"江鳄",
	"description":"装载了强大的导弹与抛射弹……"
	"hitSize":23,
	//碰撞箱大小
    "rotateSpeed":2.3,
    //转身速度
    "itemCapacity":0,
    //载货量
    "canDrown":false,
    //能否被深水淹死
    "buildSpeed":0,
    //建筑速率
    // "type":"naval",
    //海军
    "lowAltitude":true,
    //阴影绘制
    "speed":0.61,
    //移动速度
    "health":2600,
    //血量
    "armor":14,
    //装甲
    "trailLength":40,
    //划出的水迹长度 8:1
    "waveTrailX":5.5,
    "waveTrailY":-4,
    "trailScl":1.9,
    "accel":0.3,
    "research":"河豚",
	"weapons":[
		{
			"name":"溪鲫导弹",
			"mirror":true,
			"x":4,
			"y":3,
			"reload":82,
			"shootSound":"missile",
			"shoot":{
				"shots":4,
				//每次射出几发子弹
				"shotDelay":3
				//子弹射出间隔
			}
			"recoil":1,
			"rotate":true,
	        "inaccuracy":2,
			"bullet":{
				"damage":38,
				"speed":5,
				"status":"blasted",
				"hitEffect":"hitFlameSmall",
				"splashDamageRadius":15.8,
				"splashDamage":33,
				"lifetime":45,
    			"type":"MissileBulletType"
    			"homingPower":0.4,
    			"trailChance":0.2,
				}
		}
				{
			"name":"毒蜢流弹",
			"mirror":true,
			"x":6,
			"y":-6,
			"reload":144,
			"shootSound":"missile",
			"shoot":{
				"shots":3,
				//每次射出几发子弹
				"shotDelay":4
				//子弹射出间隔
			}
			"recoil":1,
			"rotate":true,
			"bullet":{
    "type":"ArtilleryBulletType",
        "speed":4,
	    "lifetime":75,	
	    "knockback":0.9,
	    "status":"blasted",
        "statusDuration":60,
	    "hitEffect":"massiveExplosion",
	    "despawnEffect":"flakExplosionBig",
	    "smokeEffect":"shootBig",
	    "splashDamage":25,
	    "splashDamageRadius":45,
	    "width":12,	 "height":16,
	    "fragBullets":3,   
	    "fragLifeMin":0.5,
	    "fragBullet":{
    "type":"ArtilleryBulletType",
		"despawnEffect":"massiveExplosion",
		"status":"blasted",
		"statusDuration":60,
		"width":8,	"height":9,
		"splashDamageRadius":40,
		"splashDamage":25,
        "lifetime":10,
        "speed":3
      }	
				}
				}
			            {"name": "江鳄激光",
    "shoot": {
        "type": "ShootSpread",
        "shots": 3,
        "spread": 5},
	"reload":120,     
    "x":0,  "y":0, 
	"shootY":7,
	"rotate": true,
    "rotateSpeed":2,
    "inaccuracy": 0,
	"alternate": true,
    "ejectEffect":"casing1",
	"shootSound":"shootBig",
	"shake":2,
	"bullet":{
"type": "ShrapnelBulletType",
"damage":50,
"lifetime":35,
"length":130,
"width":15,
"serrationLenScl":3,
"serrationSpaceOffset":30,
"serrationFadeOffset":0,
"serrations":10,
"serrationWidth":3,
"statusDuration":300,
"status":"burning",
"fromColor":"#00c7fc",
"toColor":"#0031fc",
"shootEffect":{"type": "ParticleEffect",
    "particles": 4,
    "line":true,
    "length": 15,
    "baseLength": 0,
    "lifetime": 15,
    "colorFrom": "#0031fc",
    "colorTo": "#00c7fc",
    "cone": 20},
    "smokeEffect": "sparkShoot"
    }},	
		
        ]
                	"abilities":[
    		{
			"type": "ForceFieldAbility",
    		"radius":42,
    		//范围
    		"regen":0.45,
    		//每帧盾容回复量
    		"max":900,
    		//盾容
    		"cooldown":260
    		//被击破后的冷却(8/1s)
		},
	// {"type":"ShieldRegenFieldAbility",//护盾再生场
	// "amount":30//再生值
	// "max":200
	// "reload":300//间隔时间（帧）
	// "range":44//范围
	// }
	],
}