{
    "details": "弹药更改为集束矿渣弹",
    "health": 860,
    "armor": 5,
    "weapons": [
        {
            "name": "毒蛛1",
            "top": false,
            "shootY": 3,
            "reload": 54,
            "ejectEffect": "none",
            "x": 7,
            "y": 0,
            "rotate": false,
            "shootSound": "flame",
            "bullet": {
                "speed":4.4,
                "lifetime": 37,
                "drag":0.002,
                "width": 11,
                "height": 11,
                "shootEffect": "shootSmall",
                "damage": 21,
                "fragBullets": 18,
                "fragRandomSpread": 36,
                "fragBullet": {
                    "type": "LiquidBulletType",
                    "collidesAir": false,
                    "liquid": "slag",
                    "lifetime": 22,
                    "speed":2.42,
                    "knockback": 0.5,
                    "damage": 7
                }
            }
        }
    ]
}