{
    "health": 43000,
    "armor": 16,
    "speed":0.538,
	"rotateSpeed": 2,
    "drownTimeMultiplier": 4,
    "details": "大口径平射火炮，新型集束爆破弹，换用小型“刺剑”激光发射器",
    "buildSpeed":1.5,
    "legSplashDamage": 90,
    "weapons": [
        {
            "name": "毒蛊1",
            "shoot": {
                "shots": 6,
                "shotDelay": 3
            },
            "reload": 34,
            "x": 11,
            "y": -5,
            "shootY": 7,
            "rotate": true,
            "rotateSpeed": 2.5,
            "inaccuracy": 12,
            "alternate": true,
            "ejectEffect": "casing1",
            "shootSound": "shotgun",
            "shake": 4,
            "bullet": {
                "type": "ShrapnelBulletType",
                "damage": 115,
                "lifetime": 15,
                "length": 145,
                "width": 20,
                "statusDuration": 300,
                "status": "sapped",
                "fromColor": "A278E31FF",
                "toColor": "665C9FFF",
                "shootEffect": {
                    "type": "ParticleEffect",
                    "particles": 8,
                    "line": true,
                    "length": 45,
                    "baseLength": 0,
                    "lifetime": 15,
                    "colorFrom": "A278E1FF",
                    "colorTo": "665C9FFF",
                    "cone": 60
                },
                "smokeEffect": "sparkShoot"
            }
        },
        {
            "name": "天蝎1",
            "top": true,
            "shootY": 22,
            "reload": 220,
            "rotate": true,
            "rotationLimit": 90,
            "rotateSpeed": 1.2,
            "mirror": false,
            "ejectEffect": "casing3",
            "recoil": 10,
            "shake": 10,
            "x": 0,
            "y": -14,
            "shootSound": "artillery",
            "bullet": {
                "type": "BasicBulletType",
                "shootEffect": "shootSmall",
                "smokeEffect": "shootBigSmoke2",
                "speed": 4,
                "lifetime": 89.5,
                "width": 25,
                "height": 25,
                "scaleLife": true,
                "frontColor": "ffffff",
                "backColor": "A278E1FF",
                "collidesTiles": true,
                "ammoMultiplier": 4,
                "damage": 158,
                "splashDamageRadius": 90,
                "splashDamage": 170,
                "hitShake": 10,
                "lightningColor": "A278E1FF",
                "lightningDamage": 88,
                "lightning": 4,
                "lightningLength": 14,
                "lightningLengthRand": 6,
                "hitEffect": {
                    "type": "MultiEffect",
                    "effects": [
                        {
                            "type": "ParticleEffect",
                            "particles": 18,
                            "sizeFrom": 11,
                            "sizeTo": 0,
                            "length": 55,
                            "baseLength": 43,
                            "lifetime": 35,
                            "colorFrom": "A278E180",
                            "colorTo": "A278E100",
                            "cone": 360
                        },
                        {
                            "type": "WaveEffect",
                            "lifetime": 12,
                            "sizeFrom": 1,
                            "sizeTo": 90,
                            "strokeFrom": 3,
                            "strokeTo": 0,
                            "colorFrom": "A278E1FF",
                            "colorTo": "ffffff"
                        }
                    ]
                },
                "status": "sapped",
                "statusDuration": 600,
                "despawnEffect": "none",
                "fragBullets": 15,
                "fragLifeMin": 0.2,
                "fragBullet": {
                    "type": "ArtilleryBulletType",
                    "speed": 2.4,
                    "lifetime": 86,
                    "width": 19,
                    "height": 19,
                    "frontColor": "ffffff",
                    "backColor": "A278E1FF",
                    "collidesTiles": false,
                    "splashDamageRadius": 48,
                    "splashDamage": 68,
                    "knockback": 1,
                    "hitShake": 5,
                    "lightningColor": "A278E1FF",
                    "lightningDamage": 30,
                    "lightning": 3,
                    "lightningLength": 6,
                    "lightningLengthRand":4,
                    "hitEffect": {
                        "type": "MultiEffect",
                        "effects": [
                            {
                                "type": "ParticleEffect",
                                "particles": 18,
                                "sizeFrom": 9,
                                "sizeTo": 0,
                                "length": 35,
                                "baseLength": 23,
                                "lifetime": 35,
                                "colorFrom": "A278E180",
                                "colorTo": "A278E100",
                                "cone": 360
                            },
                            {
                                "type": "WaveEffect",
                                "lifetime": 10,
                                "sizeFrom": 1,
                                "sizeTo": 48,
                                "strokeFrom": 2,
                                "strokeTo": 0,
                                "colorFrom": "A278E1FF",
                                "colorTo": "ffffff"
                            }
                        ]
                    },
                    "status": "sapped",
                    "statusDuration": 60,
                    "despawnEffect": "none"
                }
            }
        }
    ]
}