{
	"name": "小型花香投影仪",
	"description": "使用花瓣让小范围建筑获得提速.",
	"type": "OverdriveProjector",
	"health": 300,
	"size": 1,
	"range": 50,
	"speedBoostPhase":0.25,
	"hasItems": true,
	"itemCapacity": 10,
	"useTime": 240,
	"phaseRangeBoost":20,
	"speedBoost": 1.25,
	"consumes": {
		"power": 2,
        "items": {
            "items": [
                {
                    "item": "樱花花瓣",
					"amount": 1
				}
				
			],
			"optional": true
        }
	},
	"requirements": [
        { "item": "樱花花瓣", "amount":25},
        { "item": "钛剑", "amount":25 }
	],
	"category": "effect",
	"research":"樱花核心"
}