{
    "name": "樱花核心",
    "description": "利用好每一个地区",
    "type":"CoreBlock",
    "details": "模组核心当然要放图标啦（懒）",
    "unitType": "alpha",
    "health": 2200,
    "itemCapacity": 5000,
    "category": "effect",
    "alwaysUnlocked": true,
    "size": 3,
    "unitCapModifier": 5,
    "researchCostMultiplier": 0.8,
    "requirements": [
        {
            "item": "樱花花瓣",
            "amount": 50
        },
        {
            "item": "lead",
            "amount": 100
        },
        {
            "item": "钛剑",
            "amount": 50
        },
        {
            "item": "silicon",
            "amount": 50
        },
        {
            "item": "copper",
            "amount": 100
        }
    ],
    "research": {
        "root": true,
        "name": "樱落",
        "planet": "SakuraFall"}
}