{
	"type": "GenericCrafter",
	"name": "钻石压缩厂",
	"description": "\n[red]我只是个复制粘贴",
	"details":"(这个破玩意我用了两天才弄好）",
	"health":400,
	"itemCapacity":20,
	"outputItem": {"item": "钻石","amount":1},
	"size":2,
	"hasItems": true,
	"craftTime":30,
	"updateEffect":{
	    "type":"ParticleEffect",
	    "particles":10,
	    "sizeFrom":2,
	    "sizeTo":0,
	    "length":2,
	    "baseLength":8,
	    "leaftime":10,
	    "colorFrom":"B5A642"
	    "colorTo":"871F78",
	    "cone":360},
	    
	"consumes": {
		"items": {
			"items": [
				{ "item": "coal", "amount":1 },
				{ "item": "surge-alloy", "amount":1 }
				]
		}
	},
	"requirements": [
		{ "item": "surge-alloy", "amount":25 },
		{ "item": "coal", "amount":25 },
	],
	"category": "crafting",
		"research": {
	"root":true,//根（创建科技树）
	"name": "钻石"//科技树名称
	},
	"idleSound": "respawning",
	"idleSoundVolume": 0.4
}
