{
	"type": "GenericCrafter",
	"name": "雪球混合场",
	"description": "\n[red]鸟用没有",
	"details":"(这个破玩意我用了两天才弄好）",
	"health":400,
	"itemCapacity":99999,
	"outputItem": {"item": "雪球","amount":5},
	"size":2,
	"hasItems": true,
	"craftTime":30,
	"updateEffect":{
	    "type":"ParticleEffect",
	    "particles":10,
	    "sizeFrom":2,
	    "sizeTo":0,
	    "length":2,
	    "baseLength":8,
	    "leaftime":10,
	    "colorFrom":"B5A642"
	    "colorTo":"871F78",
	    "cone":360},
	    
	"consumes": {
		"items": {
			"items": [
				{ "item": "coal", "amount":5 },
				{ "item": "白颜料", "amount":1 }
				]
		}
	},
	"requirements": [
		{ "item": "lead", "amount":2 },
	],
	"category": "crafting",
	"research": "颜料",
	"idleSound": "respawning",
	"idleSoundVolume": 0.4
}
