{
	"type": "AttributeCrafter",
	"name": "大型培养机",
	"description": "更高的效率培养苞子，减少不必要的浪费.",
	"health":350,
	"itemCapacity": 20,
	"size": 3,
	"hasPower": true,
	"hasliquid": true,
	"hasItems": true,
	"updateEffect": "none",
	"craftTime": 45,
	"consumes": {
		"power": 1.9,
		"liquid": {
			"liquid": "water", 
			"amount": 0.36,
		}
	},
	"outputItem": { "item": "spore-pod","amount": 1 },
	"requirements": [
		{ "item": "lead", "amount": 80 },
		{ "item": "graphite", "amount": 80 },
		{ "item": "titanium", "amount": 80 },
		{ "item": "silicon", "amount": 40 },
	],
	"category": "production",
	"research": "cultivator"
    "idleSound": "machine",
	"idleSoundVolume": 0.2,
	"shownPlanets": [serpulo, 目标行星]
} 