{
	"type": "AttributeCrafter",
	"name": "小麦种植机",
	"description": "一个温湿度适宜的温室，用于培养小麦.",
	"health":90,
	"outputItem": {
		"item": "小麦", "amount": 1 },
	"itemCapacity": 20,
	"size": 2,
	"hasPower": true,
	"hasliquid": true,
	"hasItems": true,
	"updateEffect": "none",
	"craftTime": 90,
	"consumes": {
		"power": 1.2,
		"liquid": {
			"liquid": "water", 
			"amount": 0.2,
		}
		
	},
	"requirements": [
		{ "item": "lead", "amount": 30 },
		{ "item": "graphite", "amount": 30 },
		{ "item": "silicon", "amount": 10 },
	    { "item": "晶状合金", "amount": 10 }
	],
	"plantColor": "eab678",
	"plantColorLight": "f6ca96",
	"category": "production",
	"idleSound": "machine",
	"idleSoundVolume": 0.1,
	"research": "茶叶种植机"
	"shownPlanets": [serpulo, 目标行星]
} 