{
	"type": "AttributeCrafter",
	"name": "茶叶种植机",
	"description": "一个温湿度适宜的温室，用于培养茶叶.",
	"health":40,
	"outputItem": {
		"item": "茶叶", "amount": 1 },
	"itemCapacity": 20,
	"size": 2,
	"hasPower": true,
	"hasliquid": true,
	"hasItems": true,
	"updateEffect": "none",
	"craftTime": 120,
	"consumes": {
		"power": 0.7,
		"liquid": {
			"liquid": "water", 
			"amount": 0.2,
		}
	},
	"requirements": [
		{ "item": "copper", "amount": 40 },
		{ "item": "lead", "amount": 40 },
		{ "item": "silicon", "amount": 20 }
	],
	"plantColor": "#68cd55",
	"plantColorLight": "#C3F9AD",
	"category": "production",
	"idleSound": "machine",
	"idleSoundVolume": 0.1,
	"research": "cultivator"
	"shownPlanets": [serpulo, 目标行星]
} 