{
"name": "塑钢导管连接器",
	"description": "将液体传输到另一端",
      "type":"liquidJunction",
      "health":300,
      "liquidCapacity":60,
	"liquidPadding": 6,//液体填充速度
	"liquidPressure": 6,//液体填充速度
      "requirements": [
		{"item":"钢化玻璃", "amount":4}
	],
	"drawer": {
	"type": "DrawMulti",
        "drawers": [
            {
                "type": "DrawRegion",
                "suffix": "-bottom"
            },
            {
                "type": "DrawDefault"
            },
        ]
        }
	"category": "liquid",
    "research": {
	"parent":"塑钢导管"
	"objectives": [
            {
				"type": "SectorComplete",
				"preset": "前哨基地"
			}
	]
	}
    "researchCostMultiplier": 0.2,
        "canOverdrive": true,
    }