{
	"type": "Conduit",
	"name": "塑钢导管",
	"description": "能较快地传输液体",
	"health": 300,
	"liquidCapacity":120,
	"liquidPressure": 5, 
	"placeableLiquid": true
	"requirements": [
	{"item": "钢化玻璃", "amount": 2 },
	{"item": "塑钢", "amount": 2 },
	],
	"category": "liquid",
	"research": {
	"parent":"脉冲导管"
	"objectives": [
            {
				"type": "SectorComplete",
				"preset": "前哨基地"
			}
	]
	}
	"researchCostMultiplier": 0.2,
	    "canOverdrive": true,
	    "bridgeReplacement": "塑钢导管桥"//自动连接的桥
	        "junctionReplacement":"塑钢导管连接器"
}