{
"name":"塑钢导管桥"
	"description": "能较快地传输液体，并且可以跨越地形。",
	"type": "LiquidBridge",
	"health": 300,
	"range": 7,
	"liquidCapacity": 90,
	"hasPower":false,
	"placeableLiquid": true
	"requirements": [
		{ "item": "钢化玻璃", "amount": 15 },
		{ "item": "塑钢", "amount": 15 },
	],
	"category": "liquid",	
	"research": {
	"parent":"塑钢导管连接器"
	"objectives": [
            {
				"type": "SectorComplete",
				"preset": "前哨基地"
			}
	]
	}
	"researchCostMultiplier": 0.2,
	    "canOverdrive": true,
}