{
"name": "塑钢导管路由器",
	"description": "能较快地传输液体，并将液体平均分配。",
      "type":"LiquidRouter",
      "health":300,
      "liquidCapacity":120,
      "placeableLiquid": true
      "drawer": {
	"type": "DrawMulti",
        "drawers": [
            {
                "type": "DrawRegion",
                "suffix": "-bottom"
            },
            {
                "type": "DrawDefault"
            },
        ]
        }
      "requirements": [
		{"item":"钢化玻璃", "amount":4}
		{"item":"塑钢", "amount":4}
	],
	"category": "liquid",
    "research": {
	"parent":"塑钢导管"
	"objectives": [
            {
				"type": "SectorComplete",
				"preset": "前哨基地"
			}
	]
	}
    "researchCostMultiplier": 0.2,
        "canOverdrive": true,
    }