{
"name":"钛合金导管桥"
	"description": "能较快地传输液体，并且可以跨越地形。",
	"type": "LiquidBridge",
	"health": 600,
	"range": 20,
	"liquidCapacity": 200,
	"hasPower":true,
	"placeableLiquid": true
	"placeableLiquid": true
	"consumes": {
	"power":1
		},
	"requirements": [
		{ "item": "钢化玻璃", "amount": 20 },
		{ "item": "钛合金", "amount": 20 },
	],
	"category": "liquid",	
	"research": {
	"parent":"巨浪合金装甲导管"
	"objectives": [
            {
				"type": "SectorComplete",
				"preset": "前哨基地"
			}
	]
	}
	"researchCostMultiplier": 0.2,
	    "canOverdrive": true,
}