{
    "type": "legs",
    "name": "地龙",
    "description": "千琉级多足机甲，搭载火焰发射器，对近距离目标造成巨额伤害",
    "speed": 0.5,
    "legCount": 8,
    "legLength":100,
    "legBaseOfset": 50,
    "legMoveSpace": 0.8,
    "legTrns": 8,
    "hovering": true,
    "allowLegStep": true,
    "drag": 0.4,
    "hitSize": 60,
    "rotateSpeed": 0.7,
    "health": 125000,
    "abilities": [
		{
			"type":"EnergyFieldAbility",
			"damage":10,
			"reload":30,
			"x":0,
			"y":10,
			"color":"808B96",
			"range":50,
			"effectRadius": 8,
			"hitEffect": {
				"type": "ParticleEffect",
				"particles": 9,
				"lenFrom": 10,
				"lenTo": 20,
				"strokeFrom": 4,
				"strokeTo": 0,
				"line": true,
				"length": 90,
				"baseLength": 0,
				"lifetime": 60,
				"colorFrom": "BF92F9",
				"colorTo": "BF92F9"
			},
			"shootSound": "plasmaboom",
			"maxTargets": 80,
			"status": "unmoving"
		},
	],
    "immunities": [
        "burning",
        "melting",
        "unmoving"
    ],
    "armor": 20,
    "visualElevation": 1,
    "itemCapacity": 280,
    "commandLimit": 8,
    "buildSpeed": 2,
    "range": 200,
    "maxrange": 220,
    "shootStatus": "slow",
    "shootStatusDuration": 200,
    "ammoType": "surge-alloy",
    "ammoCapacity": 3000,
    "research": "toxopid",
    "rotateWeapon": true,
    "weapons": [
    {
			"name": "光棱炮",
		    "alternate": true,
            "x": 0,
            "y": 10,
			"reload": 100,
		    "alternate": true,
			"mirror": true,
			"rotate": false,
			"rotateSpeed": 99,
			"shootSound": "missileLarge",
			"inaccuracy": 0,
			"shootCone":100,
			"minWarmup": 0,
			"shootWarmupSpeed": 0.022,
			"shoot": {
				"shots": 5,
				"shotDelay": 16
			},
			"bullet": {
				"keepVelocity": false,
				"speed": 0,
				"hitShake": 8,
				"shootEffect": {
					"type": "WaveEffect",
					"interp": "circleOut",
					"lifetime": 11,
					"sizeFrom": 0,
					"sizeTo": 70,
					"strokeFrom": 40,
					"strokeTo": 16,
					"colorFrom": "FFFFFF",
					"colorTo": "FFFFFFFF"
				},
				"smokeEffect": "shootSmallFlame",
				"spawnUnit": "光棱"
			}
       },
            {
            "name": "地龙-炮",
            "reload": 10,
            "rotate": false,
            "rotateSpeed": 1.5,
            "alternate": true,
            "x": 35,
            "y": 10,
            "shootSound": "flame",
            "shoot": {
                "shots": 6,
                "shotDelay": 2
            },
            "shots": 5,
            "shotDelay": 10,
            "inaccuracy": 0,
            "mirror": true,
            "bullet": {
                "type": "SapBulletType",
                "sapStrength": 0.8,
                "length": 120,
                "damage": 370,
                "shootEffect": "shootSmall",
                "hitColor": "665C9FFF",
                "color": "665C9FFF",
                "despawnEffect": "none",
                "width": 5,
                "lifetime": 120,
                "knockback": -0.65
            }
        },
    ]
      "category":"units",//游戏界面分类
  "research":"toxopid",//科技树前一项
  "rebuildable":true,//是否能重建
}