{
	"type": "missile",
	"template": "MissileUnitType",
	"outlineColor":"383848",
	"name": "F导弹",
	"immunities": [
		"burning","freezing","melting",
		"disarmed","sapped","slow",
		"tarred","unmoving","wet",
		"spore-slowed","corroded",
	],
	"homingDelay": 90,
	"speed": 6,
	"lifetime": 350,
	"rotateSpeed": 3,
	"loopSoundVolume": 0.03,
	"deathSound": "explosionbig",
	"hidden": true,
	"missileAccelTime": 160,
	"hitSize": 25,
	"health": 1200,
	"armor": 35,
	"fogRadius": 8,
	"engineColor": "84F491",
	"trailColor": "84F491FF",
	"trailLength": 35,
	"engineLayer": 110,
	"engineOffset": 8,
	"engineSize": 4,
	"maxRange": 30,
	"abilities": [
		{
			"type": "MoveEffectAbility",
			"effect": {
				"type": "ParticleEffect",
				"sizeFrom": 3,
				"sizeTo": 10,
				"length": 32,
				"baseLength": 0,
				"lifetime": 33,
				"colorFrom": "84F491",
				"colorTo": "E3E3E300",
				"cone": 28
			},
			"interval": 3,
			"rotateEffect": true,
			"y": -8,
			"color": "84F491"
		}
	],
	"weapons": [
		{
			"name": "自爆",
			"x": 0,
			"y": 0,
			"reload": 1,
			"mirror": false,
			"rotate": true,
			"shake": 10,
			"shootSound": "none",
			"shootOnDeath": true,
			"shootCone": 360,
			"bullet": {
				"collides":false,
				"instantDisappear": true,
				"ammoMultiplier": 1,
				"hitSound": "titanExplosion",
				"hitSoundVolume": 6,
				"killShooter": true,
				"splashDamageRadius": 66,
				"splashDamage": 5250,
				"statusDuration": 600,
				"hitShake": 15,
				"shootEffect":  {
					"type": "MultiEffect",
					"effects": [
						"massiveExplosion",
						{
							"type":"WrapEffect",
							"effect":"scatheExplosion",
							"color":"84F491"
						}
					]},
				"smokeEffect": "none",
				"despawnEffect": "none",
				"hitEffect": {
					"type": "MultiEffect",
					"effects": [
						{
							"type": "ParticleEffect",
							"particles": 26,
							"sizeFrom": 13,
							"sizeTo": 0,
							"length": 56,
							"baseLength": 20,
							"interp": "pow10Out",
							"sizeInterp": "pow10Out",
							"lifetime": 85,
							"colorFrom": "84F491",
							"colorTo": "84F491FF"
						},
						{
							"type": "WaveEffect",
							"lifetime": 11,
							"sizeFrom": 0,
							"sizeTo": 70,
							"strokeFrom": 10,
							"strokeTo": 0,
							"colorFrom": "84F491",
							"colorTo": "84F491"
						}
					]
				}
			}
		}
	]
}