{		
	"weapons": [
	{
		"name":"reign-weapon",
		"x":21,"y":1,
		
		"reload":30,
		"shootSound":"bang",
		"rotate":false,
		"recoil":5,
		"shake":2,
		"bullet":{
			"type":"BasicBulletType",
			//"pierceBuilding":true,
			//"pierce":true,
			//"pierceCap":300,
			"recoil":"3",
			"damage":150,
			"lifetime":60,
			"speed":3,
			"fragCone":75,
			"splashDamage":50,
			"splashDamageRadius":15,
			"width":14,
			"height":33,
			"hitEffect":"blastExplosion",
			"despawnEffect":"blastExplosion",
			"ammoMultiplier":4,
			"fragBullet":{
				"type":"BasicBulletType",
				"pierceBuilding":true,
				"pierce":true,
				"pierceCap":300,
				"pierceDamageFactor":1,
				"damage":80,
				"lifetime":12000,
				"hitEffect":"flakExplosion",
				  "speed":3,
				"width": 7,	"height":11
			}
		}

	}
	]
}