{
	"type": "AttributeCrafter",
	"category": "crafting",//菜单栏
	"name": "大型培养机",
	"description": "更高效的培养孢子荚。",

	"drawer":{"type":"DrawMulti",
	"drawers":[
	"DrawDefault",
	"DrawCultivator",
	{"type":"DrawRegion",
	"suffix":"-top",
	}	]	},

	"research": {
	"parent": "lead"//科技树前置
	"requirements": [//建造消耗
	"copper/400",
	"lead/300"
	]	},

	"requirements": [//建造消耗
	"copper/40",
	"lead/30"
	],

	"consumes": {
		"liquid":{"liquid":"water", "amount":0.4}
	},
	"outputItem":"spore-pod/2",

	"health":960,
	"attribute":"spores",
	"itemCapacity":30,
	"liquidCapacity":100,
	"size":3,
	"craftTime":120,
	"maxBoost":5,
}