{
    "type": "GenericCrafter",
	"name": "强化硅炉",
	"description":"强化版的电弧硅炉，原版电弧硅炉还是太fvv了",
		"outputItem": "silicon/10",
	"health": 1040,
	"size": 4,
	"hasPower": true,
	"hasLiquids": true,
	"hasItems": true,
	"itemCapacity": 21,
	"liquidCapacity": 50,
	/*"drawer": {
		"type": "DrawMulti",
		"drawers": [
			"DrawDefault",
			{
				"type": "DrawRegion",
				"suffix": "-转",
				"spinSprite": true,
				"rotateSpeed": 1.125
			}
		]
	},*/
	"requirements": [
	"beryllium/150","graphite/160","silicon/20"
	],
			"consumes": {
					"power": 7.4,
				"items": [
					"graphite/2","sand/8"
				],
				"liquids": [
					"water/0.35"
				],			
			},
			"craftTime": 123.6
	"category": "crafting",
	  "idleSound": "respawning",
    "idleSoundVolume": 0.2
	"research": "silicon-arc-furnace"
}