{
	"type": "AttributeCrafter",
	"category": "crafting", //菜单栏
	"name": "树木",
	"description": "生产树枝",
	"drawer": {
		"type": "DrawMulti",
		"drawers": [
			"DrawDefault",
			"DrawCultivator",
			{
				"type": "DrawRegion",
				"suffix": "-top"
			}
		]
	},
	"research": {
		"requirements": [ //建造消耗
	"spore-pod/1"
		]
	},
	"requirements": [ //建造消耗
		"spore-pod/1"
	],
	"outputItems": ["树枝/5","叶子/3"]
	"health": 960,
	"attribute": "spores",
	"itemCapacity": 30,
	"liquidCapacity": 100,
	"size": 3,
	"craftTime": 120,
	"maxBoost": 5
    "research":"spore-pod"
}
	