{
    "type": "GenericCrafter",
    "name": "炒馍压缩机",
    "description": "炒馍的压缩机。",
    "outputItem": {
        "item": "graphite",
        "amount": 4
    },
    "size": 2,
    "itemCapacity": 12,
    "hasItems": true,
    "craftTime": 40,
    "consumes": {
        "items": {
            "items": [
                {
                    "item": "coal",
                    "amount": 2
                }
            ]
        }
    },
    "requirements": [
        {
            "item": "copper",
            "amount": 150
        },
        {
            "item": "lead",
            "amount": 40
        }       
    ],
    "category": "crafting",
    "research": "graphite-press",
    "idleSound": "respawning",
    "updateEffect": "pulverizeMedium",
    "idleSoundVolume": 0.5,
    "attribute": "oil"
}