{
	"type": "AttributeCrafter",
	"category": "crafting",//菜单栏
	"name": "花朵培养室",
	"description": "生产花瓣",

	"drawer":{"type":"DrawMulti",
	"drawers":[
	"DrawDefault",
	"DrawCultivator",
	{"type":"DrawRegion",
	"suffix":"-top",
	}	]	},

	"research": {
	"parent": "树枝"//科技树前置
	"requirements": [//建造消耗
	"树枝/40",
	"叶子/30"
	]	},

	"requirements": [//建造消耗
	"树枝/40",
	"叶子/30"
	],

	"consumes": {
		"power":2,
		"liquid":{"liquid":"water", "amount":0.4}
	},
	"outputItems":["花瓣/5","叶子/2"]
    "health":960,
	"attribute":"spores",
	"itemCapacity":30,
	"liquidCapacity":100,
	"size":3,
	"craftTime":120,
	"maxBoost":5,
}