{
	"type": "flying",
	"name": "赎罪",
    "description": "未知能量体，具有攻击性",
	"details": "这寄摆boss谁爱搞谁搞，这tm旋转特效的太难搞了\n\n—————来自模组作者的吐槽",
	"speed": 0.8,
	"drag": 0.1,
	"accel": 0.1,
	"rotateSpeed": 2,
	"ammoType": {
		"type": "PowerAmmoType",
		"totalPower": 100
	},
	"ammoCapacity": 20,
	"hitSize": 20,
	"buildSpeed": 0.5,
	"flying": true,
	"faceTarget": true,
	"drawMinimap": true,
	"health": 120000,
	"armor": 24,
	"engineColor": "BF92F8FF",
	"engineOffset":5,//引擎偏移
	"engineSize": 0,
	"itemCapacity": 0,
	"pickupUnits":false,
	"vulnerableWithPayloads": true
	"parts": [
{
    "type": "RegionPart",
    "layer": 110,
    "colorTo": "BF92F8FF",
    "color": "BF92F8FF",
    "outline": false,
    "suffix": "-glow"
    },
{
        "type": "HaloPart",
        "y": 0,
        "radius": 10,
        "radiusTo": 10,
        "progress":0.9,
        "tri": true,
        "hollow": true,
        "layer": 110,
        "color": "BF92F8FF",
        "haloRotateSpeed": 0.7,
        "haloRadius": 20,
        "haloRadiusTo": 20,
        "stroke": 10,
        "strokeTo": 10,
        "shapes": 4,
        "triLengthTo": 60,
        "triLength": 60
        }
		{
		"type": "ShapePart",
		"stroke": 10,
		"strokeTo":10,
		"color": "BF92F8FF",
		"circle": true,
		"hollow": true,
		"radius": 20,
		"radiusTo": 20,
		"layer": 110
		},
			{
				"type": "ShapePart",
				"progress": "warmup",
				"y": 3,
				"sides": 3,
				"color": "BF92F8FF",
				"rotateSpeed": 0,
				"stroke": 1,
				"strokeTo": 1,
				"circle": true,
				"hollow": false,
				"radius": 6,
				"radiusTo": 6,
				"layer": 110
			},
    ],
	"immunities": [
	"freezing"
	"失灵"
	],
	"weapons":[
		{
		"name": "黑洞发生器",
			"reload": 900,
			"shoot": {
				"shots": 1,
				"shotDelay": 3
			},
			"shootY": 3,
			"recoil": 2,
			"mirror": false,
			"x": 0,
			"y": 0,
			"rotate": false,
			"rotateSpeed": 1,
			"shootSound": "laser",
			"shake": 0,
			"bullet":{
    "type": "BasicBulletType",
    "sprite": "circle-bullet",
    "lightRadius": 80,
    "lightColor": "BF92F8FF",
    "status": "破裂",
    "statusDuration": 100,
    "speed": 6,
    "hitSound": "plasmaboom",
    "lifetime": 60,
    "damage": 300,
    "shrinkX": 0,
    "shrinkY": 0,
    "scaleVelocity": true,
    "splashDamage": 1250,
    "splashDamageRadius": 80,
    "height": 25,
    "width": 25,
    "trailColor": "BF92F8FF",
    "trailLength": 10,
    "trailWidth": 4.5,
    "ammoMultiplier": 4,
    "frontColor": "000000FF",
    "backColor": "BF92F8FF",
    "shootEffect": "shootBig",
    "hitEffect": {
      "type": "multiEffect",
      "layer": "110.001",
      "effects": [
        {
          "type": "ParticleEffect",
          "particles": 10,
          "offset": 100,
          "sizeFrom": 0,
          "sizeTo": 8,
          "length": 100,
          "baseLength": -100,
          "interp": "pow3In",
          "sizeInterp": "pow5Out",
          "lifetime": 40,
          "colorFrom": "BF92F800",
          "colorTo": "BF92F8FF"
        },
        {
          "type": "ParticleEffect",
          "particles": 10,
          "offset": 100,
          "sizeFrom": 1,
          "sizeTo": 3,
          "length": 150,
          "baseLength": -150,
          "interp": "pow3In",
          "sizeInterp": "pow5Out",
          "lifetime": 50,
          "colorFrom": "BF92F800",
          "colorTo": "BF92F8FF"
        },
        {
          "type": "ParticleEffect",
          "particles": 10,
          "offset": 100,
          "sizeFrom": 1,
          "sizeTo": 3,
          "length": 200,
          "baseLength": -200,
          "interp": "pow3In",
          "sizeInterp": "pow5Out",
          "lifetime": 60,
          "colorFrom": "BF92F800",
          "colorTo": "BF92F8FF"
        },
        {
          "type": "ParticleEffect",
          "particles": 10,
          "offset": 100,
          "sizeFrom": 1,
          "sizeTo": 3,
          "length": 250,
          "baseLength": -250,
          "interp": "pow3In",
          "sizeInterp": "pow5Out",
          "lifetime": 70,
          "colorFrom": "BF92F800",
          "colorTo": "BF92F8FF"
        },
        {
          "type": "ParticleEffect",
          "particles": 10,
          "offset": 100,
          "sizeFrom": 1,
          "sizeTo": 3,
          "length": 300,
          "baseLength": -300,
          "interp": "pow3In",
          "sizeInterp": "pow5Out",
          "lifetime": 80,
          "colorFrom": "BF92F800",
          "colorTo": "BF92F8FF"
        },
        {
          "type": "ParticleEffect",
          "particles": 45,
          "offset": 100,
          "sizeFrom": 1,
          "sizeTo": 3,
          "length": 350,
          "baseLength": -350,
          "interp": "pow3In",
          "sizeInterp": "pow5Out",
          "lifetime": 90,
          "colorFrom": "BF92F800",
          "colorTo": "BF92F8FF"
        },
        {
          "type": "ParticleEffect",
          "particles": 1,
          "sizeFrom": 30,
          "sizeTo": 0,
          "length": 0,
          "interp": "swingIn",
          "lifetime": 90,
          "layer": 109,
          "colorFrom": "BF92F890",
          "colorTo": "BF92F890"
        },
        {
          "type": "ParticleEffect",
          "particles": 1,
          "sizeFrom": 20,
          "sizeTo": 0,
          "length": 0,
          "interp": "swingIn",
          "lifetime": 90,
          "layer": 109,
          "colorFrom": "BF92F8FF",
          "colorTo": "BF92F8FF"
        },
        {
          "type": "ParticleEffect",
          "particles": 1,
          "sizeFrom": 12,
          "sizeTo": 0,
          "interp": "swingIn",
          "length": 0,
          "lifetime": 90,
          "colorFrom": "000000FF",
          "colorTo": "000000FF"
        }
      ]
    },
    "despawnEffect": "none",
    "lightning": 1,
    "lightningLength": 2,
    "lightningType": {
      "type": "BulletType",
      "collides": false,
      "hittable": false,
      "absorbable": false,
      "speed": 0,
      "lifetime": 1,
      "hitEffect": "none",
      "fragBullets": 110,
      "fragLifeMin": 0.01,
      "fragBullet": {
        "type": "BulletType",
        "speed": 0,
        "damage": 0,
        "lifetime": 80,
        "collides": false,
        "absorbable": false,
        "hittable": false,
        "lightning": 1,
        "lightningDamage": 50,
        "lightningLength": 9,
        "lightningLengthRand": 17,
        "lightningColor": "BF92F8FF",
        "splashDamage": 30,
        "splashDamageRadius": 80,
        "knockback": -5,
        "lightRadius": 0,
        "hitEffect": "none",
        "keepVelocity": false,
        "despawnEffect": "none",
        "fragBullets": 25,
        "fragBullet": {
          "type": "SapBulletType",
          "damage": 0,
          "knockback": -5,
          "lifetime": 0,
          "pierce": true,
          "length": 140,
          "width": 0,
          "lightColor": "00000000",
          "hitEffect": "none",
          "status": "none",
          "statusDuration": 100
        }
      }
    }
  }
 }
    {
	"name": "牵引",
	"reload":5,
	"x": -14.0,
	"y": 0,
	"mirror":true,
	"top":false,
	"alternate": false,
	"shootCone": 30,
	"layerOffset": -0.001,
	"rotateSpeed": 2,
	"shootY": 0,
	"rotate": true,
	"shootSound": "malignShoot"
    "bullet": {
            "type":"SapBulletType",
            "layer": 90,
    		"damage":10,
    		"knockback":-1.5,
    		"length":450,
    		"sapStrength":0.5,
    		"color":"BF92F8FF",
    		"lightColor":"BF92F8FF",
    		"hitEffect":"hitLiquid",
    		"status":"破裂",
    		"statusDuration": 180,
	"shootEffect": {
		"type": "ParticleEffect",
		"layer": 90,
		"particles": 6,
		"length": 15,
		"lifetime": 12,
		"interp": "circleOut",
		"sizeInterp": "pow5Out",
		"cone":0,
		"colorFrom": "BF92F8FF",
		"colorTo": "BF92F8FF",
		"sizeFrom": 5.5,
		"sizeTo": 0
    }
    }
    }
    {
	"name": "排斥",
	"reload":8,
	"x": -20.0,
	"y": 0,
	"mirror":true,
	"top":false,
	"alternate": false,
	"shootCone": 30,
	"layerOffset": -0.001,
	"rotateSpeed": 2,
	"shootY": 0,
	"rotate": true,
	"shootSound": "malignShoot"
    "bullet": {
            "type":"SapBulletType",
            "layer": 90,
    		"damage":20,
    		"knockback":2,
    		"length":450,
    		"sapStrength":0.5,
    		"color":"BF92F8FF",
    		"lightColor":"BF92F8FF",
    		"hitEffect":"hitLiquid",
    		"status":"破裂",
    		"statusDuration": 180,
	"shootEffect": {
		"type": "ParticleEffect",
		"layer": 90,
		"particles": 6,
		"length": 15,
		"lifetime": 12,
		"interp": "circleOut",
		"sizeInterp": "pow5Out",
		"cone":0,
		"colorFrom": "BF92F8FF",
		"colorTo": "BF92F8FF",
		"sizeFrom": 5.5,
		"sizeTo": 0
    }
    }
    }
    ],
    "abilities": [
    {
    "type": "mindustry.entities.abilities.StatusFieldAbility",
    "effect": "虚空强化",
    "parentizeEffects": true,
    "activeEffect": {
    "type": "multiEffect",
    "followParent": true,
    "rotWithParent": true,
    "effects": [
    {
    "type": "ParticleEffect",
    "layer": 120,
    "lifetime": 602,
    "length": -0,
    "sizeFrom":32,
    "sizeTo": 32,
    "spin": -0.6,
    "particles": 1,
    "region": "虚无-赎罪-转"
            }
        ]
    },
    "range": 1,
    "reload": 600,
    "duration": 300
        },
	]
}