{
"name":"能量过载",
	"damage": 1.6,
	"speedMultiplier":0.3,
	"damageMultiplier":1.11	//攻击力倍率 数值越大，攻击力越高
	"reloadMultiplier":2
	//射速倍率（数值越大，射速越快）
	"effectChance":0.6,
	//"description": "看看就好了，json代码目前还不支持两种buff混合反应，以后我们会尽可能把此问题解决",
	//"opposites": [
	//"腐蚀"
	//],
	"transitionDamage": 5.6,
	/*"affinities": [
	"燃烧"
	"融化"
	],*/
	"effect":{	"type": "ParticleEffect",
	"particles": 9,  
	"baseLength": 10,
	"length":8,
	"lifetime": 20,
	"sizeFrom": 1,
	"sizeTo": 0,
	"colorFrom": "B35CFFFF",
	"colorTo": "ffffff",
	"cone":360 }
}