{
	"name": "首都沦陷",
	"description": "托卡已经失守,帝国大军已经兵临城下.各邦的援军马上就到.",
	"loadout": "basicFoundation",
    "conditionWave": 10,
    "launchPeriod": 10,
        "startingItems": [
    	{"item": "copper", "amount": 1000 },
        {"item": "lead", "amount": 1000 },
        {"item": "silicon", "amount": 1000 },
        {"item": "graphite", "amount": 1000 },
        {"item": "titanium", "amount": 1000 },
        {"item": "钢", "amount": 1000 }
    ],
    "requirements": [
    	{
    		"type": "ZoneWave",
    		"zone": "托卡平原", 
    		"wave": 100
    	},
    	{
    		"type": "Unlock",
    		"block":"轨道炮"
    	},
    ],
    "resources": ["copper", "lead", "coal", "sand","titanium","thorium","scrap","铁","钻石","铀","钨"]
}
