{
  "name": "Core",
  "template": "ErekirUnitType",
  "research": {
    "parent": "radiative",
    "objectives": [
      "soletux-module"
    ],
    "requirements": [
      "volcanite/700",
      "primal-red/400",
      "tungsten/600",
      "beryllium/900",
      "silicon/1000"
    ]
  },
  "type": "mech",
  "outlineColor": "252525",
  "mechLegColor": "252525",
  "armor": 19,
  "rotateSpeed": 2.0,
  "canDrown": false,
  "hitSize": 42,
  "mechFrontSway": 1.6,
  "mechSideSway": 0.6,
  "mechStepParticles": true,
  "mechLandShake": 3,
  "singleTarget": true,
  "speed": 1,
  "health": 50000,
  "range": 200,
  "immunities": [
    "burning",
    "melting",
    "blasted"
  ],
  "weapons": [
    {
      "name": "core-fusion",
      "x": 29,
      "y": -0.5,
      "reload": 80,
      "alternate": true,
      "top": false,
      "recoil": 3,
      "shoot": {
        "type": "ShootSpread",
        "spread": 4,
        "shots": 3
      },
      "parts": [
        {
          "type": "RegionPart",
          "suffix": "-glow",
          "layer": -1,
          "mirror": true,
          "blending": "additive",
          "color": "ff2302",
          "colorTo": "ff2302",
          "outline": false
        }
      ],
      "shake": 2,
      "shootY": 22,
      "shootSound": "shotgun",
      "ejectEffect": "casing1",
      "cooldownTime": 120,
      "bullet": {
        "type": "LaserBulletType",
        "length": 200,
        "width": 32,
        "damage": 125,
        "lifetime": 25,
        "lightColor": "ff7048",
        "sideAngle": 25,
        "sideLength": 1,
        "sideWidth": 1,
        "colors": [
          "ff7048",
          "ffcea0",
          "FFFFFF"
        ],
        "status": "exogenesis-molten1",
        "statusDuration": 50,
        "hitEffect": {
          "type": "ParticleEffect",
          "line": true,
          "particles": 5,
          "lifetime": 10,
          "offset": 20,
          "length": 35,
          "cone": -360,
          "lenFrom": 5,
          "lenTo": 0,
          "colorFrom": "ffcea0",
          "colorTo": "ff7048"
        },
        "shootEffect": {
          "type": "multiEffect",
          "effects": [
            {
              "type": "ParticleEffect",
              "particles": 1,
              "sizeFrom": 40,
              "sizeTo": 0,
              "length": 0,
              "lifetime": 25,
              "layer": 109,
              "region": "exogenesis-tall",
              "colorFrom": "ffcea0",
              "colorTo": "ff7048"
            },
            {
              "type": "ParticleEffect",
              "particles": 1,
              "sizeFrom": 5.5,
              "sizeTo": 0,
              "length": 0,
              "lifetime": 25,
              "colorFrom": "FFFFFF",
              "colorTo": "FFFFFF"
            },
            {
              "type": "ParticleEffect",
              "particles": 1,
              "sizeFrom": 13,
              "sizeTo": 0,
              "length": 0,
              "layer": 109,
              "lifetime": 25,
              "colorFrom": "ffcea0",
              "colorTo": "ff7048"
            }
          ]
        },
        "incendChance": 0.4,
        "incendSpread": 5,
        "incendAmount": 1
      }
    },
    {
      "name": "solar-artillery",
      "x": 15.5,
      "y": -5,
      "top": true,
      "mirror": true,
      "alternate": true,
      "rotate": true,
      "rotateSpeed": 2,
      "shootY": 8,
      "reload": 10,
      "recoil": 3,
      "shake": 0.5,
      "ejectEffect": "casing2",
      "shootSound": "shootBig",
      "bullet": {
        "type": "basicBulletType",
        "shootEffect": "shootBig2",
        "hitEffect": {
          "type": "ExplosionEffect",
          "waveColor": "ff7048",
          "sparkColor": "ff7048",
          "smokes": 6,
          "smokeSize": 3.7,
          "smokeSizeBase": 1.6,
          "smokeRad": 26,
          "waveLife": 20,
          "waveStroke": 2.1,
          "waveRad": 25,
          "waveRadBase": 2.0,
          "sparkLen": 6,
          "sparks": 5
        },
        "despawnEffect": {
          "type": "ExplosionEffect",
          "waveColor": "ff7048",
          "sparkColor": "ff7048",
          "smokes": 6,
          "smokeSize": 3.7,
          "smokeSizeBase": 1.6,
          "smokeRad": 26,
          "waveLife": 20,
          "waveStroke": 2.1,
          "waveRad": 25,
          "waveRadBase": 2.0,
          "sparkLen": 6,
          "sparks": 5
        },
        "lifetime": 35,
        "damage": 40,
        "speed": 6,
        "status": "blasted",
        "statusDuration": 100,
        "width": 12,
        "height": 17,
        "trailColor": "ff7048",
        "backColor": "ff7048",
        "frontColor": "ffcea0"
      }
    }
  ]
}
