{
  "outlineColor": "252525FF",
  "type": "tank",
  "template": "ErekirUnitType",
  "research": {
    "parent": "SolFactory",
    "research": "SolFactory"
  },
  "armor": 12,
  "hitSize": 12,
  "squareShape": true,
  "treadPullOffset": 8,
  "treadRects": [
    {
      "x": 7,
      "y": -26,
      "width": 14,
      "height": 51
    }
  ],
  "singleTarget": false,
  "omniMovement": false,
  "rotateMoveFirst": true,
  "rotateSpeed": 1.8,
  "speed": 1,
  "flying": false,
  "health": 950,
  "range": 160,
  "immunities": [
    "melting",
    "burning",
    "blasted"
  ],
  "weapons": [
    {
      "name": "heat-weapon",
      "mirror": false,
      "top": true,
      "x": 0,
      "y": 0,
      "layerOffset": 1,
      "rotate": true,
      "inaccuracy": 5,
      "rotateSpeed": 5,
      "cooldownTime": 30,
      "shootY": 8,
      "reload": 10,
      "recoil": 0.2,
      "parts": [
        {
          "type": "RegionPart",
          "suffix": "-glow",
          "layer": -1,
          "mirror": true,
          "blending": "additive",
          "color": "ff2302",
          "colorTo": "ff2302",
          "outline": false,
          "progress": "warmup"
        },
        {
          "type": "RegionPart",
          "suffix": "-barrel",
          "under": true,
          "moves": [
            {
              "type": "PartMove",
              "progress": "recoil",
              "y": -1.5
            }
          ]
        }
      ],
      "shootSound": "shoot",
      "bullet": {
        "type": "basicBulletType",
        "sprite": "missile-large",
        "shootEffect": "shootBig2",
        "hitEffect": "hitBulletSmall",
        "despawnHit": true,
        "lifetime": 22.85714286,
        "damage": 15,
        "pierceArmor": true,
        "speed": 7,
        "trailLength": 8,
        "trailWidth": 1.5,
        "width": 4,
        "height": 9,
        "trailColor": "ff7048",
        "backColor": "ff7048",
        "frontColor": "ffcea0"
      }
    }
  ]
}