{
  "research": {
    "parent": "soletux-tank-reassembly"
  },
  "type": "tank",
  "template": "ErekirUnitType",
  "faceTarget": false,
  "squareShape": true,
  "treadFrames": 18,
  "treadPullOffset": 8,
  "treadRects": [
    {
      "x": 27,
      "y": -67,
      "width": 26,
      "height": 134
    }
  ],
  "crushDamage": 3,
  "singleTarget": false,
  "omniMovement": false,
  "outlineColor": "252525FF",
  "speed": 0.67,
  "hitSize": 29,
  "health": 14000,
  "armor": 24,
  "flying": false,
  "targetAir": true,
  "rotateSpeed": 1.5,
  "rotateMoveFirst": true,
  "immunities": [
    "burning",
    "melting",
    "exogenesis-molten1",
    "blasted"
  ],
  "weapons": [
    {
      "name": "lava-weapon",
      "x": 0,
      "y": 0,
      "ejectEffect": "casing4",
      "mirror": false,
      "top": true,
      "rotate": true,
      "rotateSpeed": 2.5,
      "shake": 4,
      "shootY": 21,
      "cooldownTime": 60,
      "parts": [
        {
          "type": "RegionPart",
          "suffix": "-glow",
          "layer": -1,
          "mirror": true,
          "blending": "additive",
          "color": "ff2302aa",
          "colorTo": "ff2302aa",
          "outline": false,
          "progress": "warmup"
        }
      ],
      "reload": 95,
      "shoot": {
        "type": "shootPattern",
        "shots": 3,
        "shotDelay": 5
      },
      "recoil": 4,
      "shootSound": "mediumCannon",
      "bullet": {
        "type": "basicBulletType",
        "sprite": "missile-large",
        "status": "exogenesis-molten1",
        "damage": 56,
        "height": 16,
        "width": 9,
        "shrinkX": 0,
        "shrinkY": 0,
        "speed": 5,
        "splashDamage": 60,
        "splashDamageRadius": 40,
        "lifetime": 35,
        "hitEffect": {
          "type": "multiEffect",
          "effects": [
            {
              "type": "ParticleEffect",
              "line": true,
              "particles": 15,
              "lifetime": 30,
              "interp": "circleOut",
              "offset": 30,
              "length": 50,
              "lightColor": "ff7048",
              "strokeFrom": 4,
              "strokeTo": 0,
              "lenFrom": 10,
              "lenTo": 10,
              "colorFrom": "ffcea0",
              "colorTo": "ff7048"
            },
            {
              "type": "ParticleEffect",
              "particles": 16,
              "length": 55,
              "baseLength": 10,
              "lifetime": 100,
              "lightColor": "ff7048",
              "interp": "circleOut",
              "cone": 360,
              "colorFrom": "ffcea0",
              "colorTo": "ff7048",
              "sizeFrom": 6,
              "sizeTo": 2
            },
            {
              "type": "WaveEffect",
              "lifetime": 30,
              "sizeFrom": 0,
              "sizeTo": 40,
              "strokeFrom": 3,
              "strokeTo": 0,
              "colorFrom": "ffcea0",
              "colorTo": "ff7048"
            }
          ]
        },
        "despawnHit": true,
        "shootEffect": {
          "type": "multiEffect",
          "effects": [
            {
              "type": "ParticleEffect",
              "particles": 15,
              "length": 80,
              "lifetime": 36,
              "lightColor": "ff7048",
              "cone": 20,
              "colorFrom": "ffcea0",
              "colorTo": "ff7048",
              "sizeFrom": 3,
              "sizeTo": 0
            },
            {
              "type": "ParticleEffect",
              "particles": 1,
              "lifetime": 10,
              "length": 0,
              "region": "exogenesis-tall",
              "sizeFrom": 36,
              "sizeTo": 0,
              "colorFrom": "ffcea0",
              "colorTo": "ff7048"
            }
          ]
        },
        "trailParam": 5,
        "trailLength": 19,
        "trailWidth": 2.6,
        "trailColor": "ff7048",
        "backColor": "ff7048",
        "frontColor": "ffcea0"
      }
    }
  ]
}
