{
  "name": "Sol",
  "template": "ErekirUnitType",
  "outlineColor": "252525FF",
  "mechLegColor": "252525FF",
  "type": "mech",
  "research": {
    "parent": "SolFactory",
    "research": "SolFactory"
  },
  "armor": 8,
  "speed": 2,
  "hitSize": 8,
  "flying": false,
  "health": 900,
  "range": 40,
  "immunities": [
    "burning",
    "melting"
  ],
  "weapons": [
    {
      "name": "flamer",
      "x": 5.5,
      "y": 0,
      "reload": 7,
      "top": true,
      "mirror": true,
      "alternate": true,
      "shootY": 3,
      "shoot": {
        "type": "shootPattern",
        "shotDelay": 4,
        "shots": 2
      },
      "recoil": 1.5,
      "rotate": false,
      "inaccuracy": 7,
      "shootSound": "flame",
      "shootCone": 18,
      "bullet": {
        "type": "BasicBulletType",
        "collidesAir": true,
        "speed": 5,
        "damage": 9,
        "width": 0.1,
        "height": 0.1,
        "shootEffect": {
          "type": "ParticleEffect",
          "particles": 30,
          "sizeFrom": 5,
          "sizeTo": 0,
          "length": 80,
          "lifetime": 20,
          "interp": "circleOut",
          "lightColor": "ff7048",
          "colorFrom": "FFDCD8FF",
          "colorTo": "ff7048",
          "cone": 10
        },
        "smokeEffect": "none",
        "lifetime": 8,
        "despawnEffect": "none",
        "hittable": false,
        "reflectable": false,
        "hitEffect": {
          "type": "ParticleEffect",
          "line": true,
          "particles": 5,
          "lifetime": 60,
          "interp": "circleOut",
          "length": 50,
          "cone": -30,
          "lenFrom": 5,
          "lenTo": 0,
          "lightColor": "ff7048",
          "colorFrom": "ffcea0",
          "colorTo": "ff7048"
        },
        "pierce": true,
        "incendAmount": 5
      }
    }
  ]
}
