{
	"type":"flying",
	"faceTarget":true,
	"circleTarget":true,
	"omniMovement":true,
	"rotateMoveFirst":true,
	"flying":true,
	"accel":0.05,"drag":0.03,
	"dpsEstimate":200,
	"range":240,
	"itemCapacity":40,

	"research":{
	"parent":"wulfrum-mech"
	"requirements":[
	"graphite/300",
	"silicon/250"]
	"objectives":[
	"wulfrum-core",
	]	},

	"hitSize":15,
	"trailLength":5,
	"speed":3.05,
	"health":1800,
	"itemCapacity":20,
	"outlineColor":"2E2F34FF",

	"engineSize":3.5,
	"engineOffset":8.75,
	"trailLength":3,

	"weapons":[
	{"name":"wulfrum-bomber-rush",
	"x":0,"y":0,
	"mirror":false,
	"shootSound":"none",
	"reload":180,
	"rotate":false,
	"shootStatus":"unmoving",
	"shootStatusDuration":20,
	"bullet":{
	"type":"RailBulletType",
	"damage":80,
	"pierceDamageFactor":0,
	"length":40,
	"recoil":-13,
	"smokeEffect":"none",
		"shootEffect":{
		"followParent":true,
		"type":"ParticleEffect",
		"region":"calamity-rush1",
		"particles":1,
		"lifetime":20,
		"length":1,
		"sizeFrom":30,
		"sizeTo":30,
	"lightColor":"BAFFF9FF",
	"colorFrom":"36B1DDFF",
	"colorTo":"BAFFF9FF"
		}	}	}
		{"name":"bomber-weapon",
		"mirror":false,
		"x":0,"y":0,
		"shootSound":"plamsadrop",
		"reload":180,
		"recoil":0,
		"shootCone":360,
		"rotate":false,
		"inaccuracy":30,
		"velocityRnd":0.6,
		"ignoreRotation":true,
		"minShootVelocity":5,
		"alwaysShooting":true,

		"shoot":{
		"shots":4,
	"shotDelay":4},

		"bullet":{
		"type":"basicBulletType",
		"sprite":"mine-bullet",
		"spin":4,
		"speed":-1.5,
		"lifetime":40,
		"drag":0.045,
		"collidesAir":false,
		"collides":false,
		"shrinkX":0,"shrinkY":0,
		"despawnShake":3,
		"hitSound":"plasmaboom",
		"splashDamage":80,
		"splashDamageRadius":40,
		"keepVelocity":false,
		"width":20,"height":20,
		"frontColor":"36B1DDFF",
		"backColor":"BAFFF9FF",

		"shootEffect":"none",

		"hitEffect":{
		"type":"multiEffect",
		"effects":[
		{"type":"WrapEffect",
		"effect":"dynamicSpikes",
		"color":"BAFFF9FF",
		"rotation":48
		},
		{"type":"ParticleEffect",
		"offset":30,
		"particles":6,
		"lifetime":20,
		"length":50,
		"interp":"circleOut",
		"sizeInterp":"pow5In",
		"cone":-360,
		"line":true,
		"strokeFrom":1.5,
		"strokeTo":1.5,
		"lenFrom":5,
		"lenTo":0,
		"lightColor":"BAFFF9FF",
		"colorFrom":"36B1DDFF",
		"colorTo":"BAFFF9FF",
		},
		{"type":"ParticleEffect",
		"offset":30,
		"particles":6,
		"lifetime":25,
		"length":30,
		"interp":"circleOut",
		"sizeInterp":"pow5In",
		"cone":-360,
		"line":true,
		"strokeFrom":1.5,
		"strokeTo":1.5,
		"lenFrom":7,
		"lenTo":0,
		"lightColor":"BAFFF9FF",
		"colorFrom":"36B1DDFF",
		"colorTo":"BAFFF9FF",
		}	]	}
	}	},
		{"shootOnDeath":true,
	"controllable":false,
	"shootSound":"none",
	"shootCone":360,
		"bullet":{
		"collidesAir":false,
		"collides":false,
		"instantDisappear":true,
		"hittable":false,
		"absorbable":false,
		"splashDamageRadius":24,
		"splashDamage":30,
		"hitSound":"WulfrumDeath",
		"hitSoundVolume":5,
		"keepVelocity":false,
		"despawnHit":true,
		"shootEffect":"none",
		"hitEffect":"none"
	}	}	]
}