{
 "name":"铜制钻头",
 "type": "Drill",
 "description":"改良的钻头，比机械钻头更好",
 "size": 2,
 "health": 150,
 "tier": 2,
 "drillTime": 450,   
 "liquidBoostIntensity":2,
 "canOverdrive": true,
 "warmupSpeed": 0.02,
 "drillEffect": "none",
 "updateEffect": "none",
 "rotateSpeed": 2,
 "drawMineItem": false,
 "consumes": {
 "liquid": {
 "liquid": "water",
 "amount": 0.1,
 "booster": true,
 "optional": true
 }
 },
 "itemCapacity": 10,
 "liquidCapacity": 10,
 "requirements":[	
 { "item": "copper", "amount": 12 },
 ],
 "category": "production",
 "research": "mechanical-drill"
}
