{
	"name": "啓",
	"type": "missile",
	"description": "啓",
	"controller": "MissileAI",//AI,导弹AI
		"isEnemy": false,//是敌方
	"allowedInPayloads": false,
	"playerControllable": false,//玩家可以操控
	"physics": false,//治疗
	"useUnitCap": false,//
	"createWreck": false,//可以击落
	"createScorch": false,//可以燃烧
	"flying": true,//可以飞行
	"hidden": true,//隐藏单位
	"health": 600,
	"armor": 0,
	"speed": 3,
	"lifetime": 360,
	"maxRange": 10,
	"rotateSpeed": 3,
	"engineColor": "A278E1FF",
	"trailColor": "A278E1FF",
	"engineLayer": 100,
	"engineSize": 3.1,
	"engineOffset": 10,
	"trailLength": 18,
	"missileAccelTime": 60,
	"lowAltitude": true,
	"fogRadius": 10,
	"outlineColor": "A278E1FF",
	"homingDelay":8,//跟踪延迟
	    "homingPower":0.15,
    "homingRange": 1600,	  
	"weapons": [
		{
			"shootCone": 360,
			"mirror": false,
			"reload": 1,
			"shake": 3,
			"shootOnDeath": true,
			"shootSound": "plasmaboom",
			"bullet": {
				"buildingDamageMultiplier":0.25,//建筑杀伤倍率
				"type": "ExplosionBulletType",
				"hitColor": "A278E1FF",
				"shootEffect": {
					"type": "MultiEffect",
					"effects": [
						{
	"type": "WaveEffect",
    "lifetime": 15,
    "sizeFrom": 1,
    "sizeTo": 50,
    "strokeFrom": 3,
    "strokeTo": 0,
    "colorFrom": "A278E1FF",
    "colorTo": "ffffff"}
					]
				},
				"splashDamage": 100,
				"splashDamageRadius": 50,
				"despawnShake": 1,
				"fragVelocityMin": 1
			}
		}
	],
}