{
    // 定义一个物品类型为炮塔
    "type":"ItemTurret",
    // 炮塔的名称
    "name":"骨骼",
    // 炮塔的描述
    "description":"发射出普通骨头",
    // 物品面积大小为 2
    "size": 2,
    // 建筑的血量为 3050
    "health": 3050,
    // 攻击范围为 300
    "range":300,
    // 重新装填时间为 20
    "reload":20,
    // 攻击误差为 6
    "inaccuracy":6,
    // 每次射击消耗的弹药数量为 1
    "ammoPerShot":1,
    // 弹药使用效果为 "none"
    "ammoUseEffect": "none",
    // 旋转速度为 3
    "rotatespeed":3,
    // 最大弹药数量为 100
    "maxAmmo":100,
    // 能够攻击空中目标
    "targetAir":true,
    // 能够攻击地面目标
    "targetGround":true,
    // 液体容量为 20
    "liquidCapacity": 20,
    // 充电声音为 "喷"
    "chargeSound": "喷",
    // 射击声音为 "喷"
    "shootSound": "喷",
    // 绘制相关的设置
    "drawer": {
        // 绘制类型为 "DrawTurret"
        "type": "DrawTurret",
        // 绘制的部件列表
        "parts": [
            // 第一个部件
            {
                // 部件类型为 "RegionPart"
                "type": "RegionPart",
                // 是否镜像
                "mirror": true,
                // 后缀
                "suffix": "-侧",
                // 是否在下方
                "under": true,
                // X 方向的移动量
                "moveX": 3,
                // Y 方向的移动量
                "moveY": 3,
                // 旋转量
                "moveRot": 0
            },
            // 第二个部件
            {
                "type": "RegionPart",
                "mirror": false,
                "suffix": "-主",
                "under": true,
                "moveY": 5
            }
        ]
    },
    // 弹药类型
    "ammoTypes":{
        // 名为 "胶原蛋白" 的弹药类型
        "骨头": {
            // 重新装填乘数为 1
            "reloadMultiplier":1,
            // 射击效果为 "none"
            "shootEffect": "none",
            // 命中效果为 "none"
            "hitEffect": "none",
            // 消失效果为 "none"
            "despawnEffect": "none",
            // 对应的精灵图为 "古裂界-尖骨"
            "sprite":"古裂界-尖骨",
            // 速度为 4
            "speed": 4,
            // 能够穿透
            "pierce": true,
            // 能够穿透建筑物
            "pierceBuilding": true,
            // 穿透次数为 5
            "pierce": 5,
            // 造成的伤害为 60
            "damage": 60,
            // 存在时间为 45
            "lifetime":90,
            // 宽度为 10
            "width": 10,
            // 高度为 32
            "height": 32
        }
    },
    // 需求物品及数量
    "requirements": [
        { "item": "营养块", "amount":37 }
    ],
    // 所属类别为 "turret"
    "category": "turret",
    // 相关研究为 "1 喷血"
    "research":"1喷血"
}
