{
    // 名称为 "例血"
    "name": "例血",
    // 类型为 "LaserTurret"，可能表示一种激光炮塔
    "type": "LaserTurret",
    // 尺寸大小为 3
    "size": 3,
    // 生命值为 6150
    "health": 6150,
    // 射击效果为 "none"，可能表示没有特殊效果
    "shootEffect": "none",
    // 射击声音为 "grinding"
    "shootSound": "grinding",
    // 射程为 200
    "range": 210,
    // 重新装填时间为 280
    "reload": 280,
    // 液体容量为 50
    "liquidCapacity": 50,
    // 射击不准确度为 0
    "inaccuracy": 0,
    // 后坐力为 4
    "recoil": 4,
    // 后坐力持续时间为 120
    "recoilTime": 120,
    // 旋转速度为 3
    "rotateSpeed": 3,
    // 震动幅度为 2
    "shake": 2,
    // 冷却效果为 "steam"
    "coolEffect": "steam",
    // 冷却时间为 150
    "cooldownTime": 150,
    // 消耗物品
    "consumes": {
        // 消耗 "血液" 液体，每次 0.5 单位
        "liquid": "血液/0.5"
    },
    // 最小预热时间为 0.98
    "minWarmup": 0.98,
    // 射击持续时间为 150
    "shootDuration": 150,
    // 射击类型的详细配置
    "shootType": {
        // 类型为 "ContinuousLaserBulletType"
        "type": "ContinuousLaserBulletType",
        // 命中效果为 "hitMeltdown"
        "hitEffect": "hitMeltdown",
        // 施加的状态为 "腐蚀"
        "status": "腐蚀",
        // 状态持续时间为 160
        "statusDuration": 160,
        // 能穿透装甲
        "pierceArmor": true,
        // 宽度为 2
        "width": 2,
        // 长度为 220
        "length": 220,
        // 击退效果为 1
        "knockback": 1,
        // 伤害值为 25
        "damage": 25,
        // 弹药乘数为 1
        "ammoMultiplier": 1,
        // 颜色列表
        "colors": [
            "BF021EFF",
            "DA0626FF",
            "E22945FF"
        ]
    },
    // 建造所需的物品
    "requirements": [
        "营养块/50",
        "骨头/40"
        "初级突变/5"
    ],
    // 所属类别为 "turret"，可能表示炮塔类
    "category": "turret",
    // 研究需求为 "2 骨骼"
    "research": "2骨骼"
}
