{
    "type": "ConsumeGenerator",
    "name": "巨浪反应堆"
    "squareSprite": false,
    "description": "高效的释放巨浪合金的电能，需要氰气与水作为稳定剂。\n在被破坏时会释放大量闪电。",
    "size":5,
    "health":4200,
    "hasLiquids": true,
    "hasItems": true,
    "itemDuration":240,
    //发电时间
    "powerProduction":192,
    //发电量
    "itemCapacity":30,
    //物品容量
    "liquidCapacity":60,
    "generateEffect": "none",
    "consumes": {
        "items":[
            "surge-alloy/1"
            ]
		"liquids":[{
            "liquid":"cyanogen"
            "amount": 0.2,
        }
        {
            "liquid":"water"
            "amount": 0.5,
        }
        ]
	},
    "requirements": [
        "tungsten/1200",
        "carbide/200"
        "oxide/200",
        "phase-fabric/250"
        "graphite/350",
        "silicon/700",
        "surge-alloy/500"
    ],
    "drawer":{
		"type":"DrawMulti",
		"drawers":[
			{
				"type":"DrawDefault"
			},
			{
			    "type":"DrawLiquidRegion"
			    "drawLiquid":"cyanogen"
			    "suffix":"-liquid1"
			}
			{
			    "type":"DrawLiquidRegion"
			    "drawLiquid":"water"
			    "suffix":"-liquid2"
			}
			{
			    "type":"DrawGlowRegion"
			    "alpha":1,
			    "glowScale":4
			    "color":"8CEDB996"
			}
			{
			    "type": "DrawRegion",
				"suffix": "-top",
			}
						{
			    "type":"DrawGlowRegion"
			    "alpha":0.8
			    "glowScale":10
			    "color":"FFF07ABC"
			    "suffix":"-glow2"
			}
		]
	}
    "ambientSound": "flux",
    "ambientSoundVolume":0.3,
    "category": "power",
    "research": "flux-reactor"
    "destroyBullet":{
	    //死亡子弹
	    "type":"BasicBulletType",
	    "sprite":"clear"
	    //子弹贴图：无
	    "smokeEffect":"none",
	    "trailEffect":"none",
	    "lifetime":0,
	    "speed":0,
	    "damage":0
	    "trailChance":0,
	    "despawnEffect":"none",
	    "hitEffect":"none"
	    "shootEffect":"none",
	    "lightningDamage":1200,
	    //闪电伤害
	    "lightning":3,
	    //射击命中时生成闪电数量
	    "lightningLength":64,
	    //射击命中时生成闪电的长度(格)
	    "buildingDamageMultiplier":1,
	    "fragRandomSpread":360,
	    //随机分裂角度
	    "fragBullets":1
			"fragBullet":{
			   "type":"BasicBulletType",
	    "sprite":"clear"
	    //子弹贴图：无
	    "smokeEffect":"none",
	    "trailEffect":"none",
	    "lifetime":0,
	    "speed":0,
	    "damage":0
	    "trailChance":0,
	    "despawnEffect":"none",
	    "hitEffect":"none"
	    "shootEffect":"none",
	    "lightningDamage":1000,
	    //闪电伤害
	    "lightning":5,
	    //射击命中时生成闪电数量
	    "lightningLength":52,
	    //射击命中时生成闪电的长度(格)
	    "buildingDamageMultiplier":1,
	    "fragRandomSpread":360,
	    //随机分裂角度
	    "fragBullets":1
			"fragBullet":{
			   "type":"BasicBulletType",
	    "sprite":"clear"
	    //子弹贴图：无
	    "smokeEffect":"none",
	    "trailEffect":"none",
	    "lifetime":0,
	    "speed":0,
	    "damage":0
	    "trailChance":0,
	    "despawnEffect":"none",
	    "hitEffect":"none"
	    "shootEffect":"none",
	    "lightningDamage":700,
	    //闪电伤害
	    "lightning":8,
	    //射击命中时生成闪电数量
	    "lightningLength":38,
	    //射击命中时生成闪电的长度(格)
	    "buildingDamageMultiplier":1,
	    "fragRandomSpread":360,
	    //随机分裂角度
	    "fragBullets":1
			"fragBullet":{
			   "type":"BasicBulletType",
	    "sprite":"clear"
	    //子弹贴图：无
	    "smokeEffect":"none",
	    "trailEffect":"none",
	    "lifetime":0,
	    "speed":0,
	    "damage":0
	    "trailChance":0,
	    "despawnEffect":"none",
	    "hitEffect":"none"
	    "shootEffect":"none",
	    "lightningDamage":200,
	    //闪电伤害
	    "lightning":14,
	    //射击命中时生成闪电数量
	    "lightningLength":21,
	    //射击命中时生成闪电的长度(格)
	    "buildingDamageMultiplier":1,
	    "fragRandomSpread":360,
	    //随机分裂角度
			}
			} 
			}
	}
}