{
	"name": "分裂·III",
	"description": "向敌方战机快速发射大片弹幕，对敌方先头部队快速造成毁伤",
	"details": "攻击模式的升级也意味着耗弹量的提升...........",
	"health": 2400,
	"size": 2,
	"reload": 90,
	"range": 300,
	"maxAmmo": 50,
	"recoilTime": 10,
	"recoil": 1,
	"shoot":{
		"shots": 30,
		"firstShotDelay":5,
		"shotDelay": 1,
	},
	"shake": 1.5,
	"liquidCapacity": 40,
	"targetGround": false,
	"targetAir": true,
	"inaccuracy": 26,
	"rotateSpeed": 16,
	"drawer":{
   	"type":"DrawMulti",
    	"drawers":[{
      	"type":"DrawTurret",
      	"parts":[
      	{
        	"type":"RegionPart",
        	"mirror":false",
		"x":0,
        	"y":0,
        	"suffix":"-mid",
       		"layer":50,
        	"moveX":0,
        	"moveY":0,
        	"moveRot":0,
        	"moves": [{
			"progress": "recoil",
			"y": -1
			}]
        	}
        ]
   }]},
	"consumes": {
		"coolant": {
			"amount": 0.24,
			"optional": true
		}
	},
	"ammoTypes": {
		"lead": {
			"speed": 5,
			"damage": 6,
	              	"drag": 0.015,
      			"splashDamageRadius":20,
      			"splashDamage":58,
			"knockback": 0,
			"lifetime": 150,
			"width": 6,
			"height": 9,
      			"collidesGround": false,
			"ammoMultiplier": 3
		},
		"metaglass": {
			"speed": 5,
			"damage": 8,
      			"splashDamageRadius":26,
      			"splashDamage":71,
			"reloadMultiplier": 0.85,
			"lifetime": 150,
	              	"drag": 0.015,
			"width": 6,
			"height": 10,
      			"collidesGround": false,
			"fragBullets": 6,
			"fragVelocityMax": 1,
			"fragVelocityMin": 1,
			"fragBullet": {
          			"speed": 2,
          			"damage": 8,
          			"splashDamageRadius":10,
          			"splashDamage":6,
          			"lifetime": 15,
         			"width": 3,
          			"height": 5,
          			"collidesGround": false
			},
			"ammoMultiplier": 4
		},
		"scrap": {
			"speed": 4,
			"damage": 5,
	              	"drag": 0.01,
      			"splashDamageRadius":36,
      			"splashDamage":53,
			"reloadMultiplier": 0.6,
			"lifetime": 180,
			"width": 6,
     			"collidesGround": false,
			"height": 6,
		}
	},
	"requirements": [
		{
			"item": "copper",
			"amount": 340
		}
		{
			"item": "lead",
			"amount": 180
		}
	],
	"category": "turret",
	"research": "scatter1"
}