{
    "name":" ES次代核心",
    "type":"CoreBlock",
    "description": "基地的核心。 一旦被摧毁，此区块就会丢失。 ",
    	"details":"原宇宙已有，研究费用降低",
    "requirements": [
    {"amount": 4000, "item": "铜"},
    {"amount": 3000, "item": "铅"},
    {"amount": 2000, "item": "硅"},
    {"amount": 1500, "item": "钢"},
    ],
    "unitType":"贝塔",
    "health": 2000,
    "itemCapacity": 8000,
    "size": 4,
    "unitCapModifier": 12,
    "category": "effect"
        "research": "初代核心"
         "researchCostMultiplier": 0.2,
             "canOverdrive": false,
}