{
    "name":" ES终代核心",
    "type":"CoreBlock",
    "description": "基地的核心。 一旦被摧毁，此区块就会丢失。 ",
    	"details":"原宇宙已有，研究费用降低",
    "requirements": [
        {"amount": 8000, "item": "铜"},
    {"amount": 6000, "item": "铅"},
    {"amount": 2000, "item": "碳钢"},
    {"amount": 2000, "item": "硅晶玻璃"},
    {"amount": 4500, "item": "钢"},
    ],
    "unitType":"西塔",
    "health": 3000,
    "itemCapacity": 12000,
    "size": 5,
    	"armor":3,
    "unitCapModifier": 18,
    "category": "effect"
        "research": {
	"parent":"次代核心"
	"objectives": [
            {
				"type": "SectorComplete",
				"preset": "ES裂孢巷(增生区)"
			}
	]
	}
         "researchCostMultiplier": 0.2,
             "canOverdrive": false,
}