{
    "type":"LaunchPad", 
    "name":"大型发射台", 
    "description":"<简介征集>", 
    "health":10000,
    "size":6, 
    "itemCapacity":5000, 
    "launchTime":3600,
    "hasPower":true, 
	"requirements": [
		/*{ "item": "copper", "amount": 700 },
		{ "item": "lead", "amount": 600 }
		{ "item": "titanium", "amount": 500 },
		{ "item": "silicon", "amount": 400 }
		{ "item": "thorium", "amount": 100 },
		{ "item": "plastanium", "amount": 50 }*/
		],
	"category": "effect",
	"research":"大型量子合金墙"
	"buildVisibility":"campaignOnly",
}