{
  "type":"MendProjector",
   "name": "大记忆合金墙",
  	"description": "能够抵御非常强大的攻击，同时也能范围修复（影响附近建筑，使其受到增益）",
  "health": 50000
  "reload":1
  "range":1000
  "phaseRangeBoost":0,
  "buildCostMultiplier":5
  "healPercent":95,
  "size":2,
  "phaseBoost":0,
  "hasPower":false
  	"requirements": [
		//{ "item": "copper", "amount":2 },
		//{"item":"lead","amount":2}
	],
	"category": "defense",
	"research": "大型发射台"
  "rebuildable":true,
  "insulated":true,
}