{
	/*"type":"MassDriver",*/
	"name":"电磁弹射器",
	"description":"一座质量驱动器，直线距离130格（这边贴心的把特效烟雾全关了）",
	"size":6,
	"health":360000,
	"hasPower":false,
	"hasLiquids":false,
	"hasItems":true,
	"itemCapacity":500,
	"range":1100,
	"reloadTime":5,
	"rotateSpeed":10,
	"shake":15,
	"knockback":15,
	"minDistribute":15,
	/*"shootEffect":"shockwave",
	"smokeEffect":"smeltsmoke",
	"recieveEffect":"smeltsmoke",*/
	"requirements":[
		/*{"item":"混合板","amount":55},
		{"item":"silicon","amount":25},
		{"item": "graphite", "amount": 45 },
		{"item": "titanium", "amount": 60 }*/
	],
	"category":"distribution",
	"research": "0",
}
/*const B = extend(MassDriver, "小型质量驱动器", {});
B.bullet = new MassDriverBolt;*/