{
     "name": "高能射线钻",
     "description": "高能激光钻，更高效",
     "type": "Drill",
     "health": 1200,
     "canOverdrive":true,
     "haspower":false
     "drillEffect": "mineBig",
     "heatColoer": "cde6ff",
          "drawRim":true,
          "liquidBoostIntensity":10000,
     "tier": 9,
     "size": 3,
     "drillTime": 1
     "consumes": {
          
          "liquid": {
             "liquid": "water",
             "amount": 0.001
             "booster": true,
             "optional": true,
         }
    },
    "requirements": [
          //{"item": "copper", "amount": 1},
          
       ],
       "category": "production",
       "research": "冷井"
}       