{
"type":"Pump",//种类
"name":"复合脉冲泵",//名称
"description":"泵送液体，需要大量电力。",
"health":360,
"outputsLiquid":true,
"liquidCapacity":240,
"size":3,
"hasPower":true,
"hasLiquids":true,
"pumpAmount":0.22222222222,
"floating":true,
"placeableLiquid": true,
"consumes":{"power":2.6,}
"requirements":[
{"item":"copper","amount":160}
{"item":"高频芯片","amount":30}
{"item":"metaglass","amount":180}
{"item":"titanium","amount":80}
{"item":"thorium","amount":70}
],//建造消耗的材料
"category":"liquid",
"research":"复合回旋泵",
}