{
"type":"LiquidRouter",
"name":"复合液体路由器",
"description":"接收一个方向的液体输入，并平均输出到其他3个方向。
可以储存一定量的液体。",
"health":40,
"liquidCapacity":20,
"outputsLiquid":true,
"liquidCapacity":20,
"size":1,
"hasLiquids":true,
"floating":true,
"placeableLiquid":true,
"requirements":[
{"item":"高频芯片","amount":2},
{"item":"metaglass","amount":2},
{"item":"titanium","amount":2},   ],
"category":"liquid",
"research":"复合流体交叉器",
"solid":false,
}