{
    "type":"BeamNode",
    "name":"铜矩阵电线",
    "description": "用铜丝相互连接",
    "size":1,
    "health":60,
    "range":12
	"hasPower":true,
	"consumesPower": true,
	"research": "k1核心" // 研究项目为核心节点
	"placeableLiquid": true, // 可以放置液体
	"laserColor1": "ffd37f"
	"laserColor2": "678ffb"
	"consumes":{
	    "powerBuffered": 1200
	    },
	"outputsPower": true,
    "requirements": [
        {"item":"石英","amount":6},
        {"item":"copper","amount":8},
        ],
        "category":"power"
        "canOverdrive": true
	    "details":"可以承受超速所带来的负荷",
}