{
    "speed":20
    "type":"GenericCrafter",
    "name":"制火机"
    "health":100,
    "outputItem": {"item": "酷热之石", "amount": 2},
    "size":3,
    "itemCapacity":20,
    "craftTime":60
    "hasPower": true,
	"hasLiquids": true,
	"hasItems": true,
		"drawer":{
	    "type":"DrawMulti",
	    "drawers":[
	    {
	    "type":"DrawRegion",
	    "suffix":"-bottom"
	    },
	    {
	       "type":"DrawLiquidTile",
	    "drawLiquid":"slag"
	    },
	    "DrawDefault"
	]},
	"updateEffect":"smeltsmoke",
	"consumes": {
	"power":5
	"liquid":{"liquid":"slag","amount":0.2}
	"items":{ "item":"砖块","amount":1 }
	},
		"requirements": [
		{ "item": "砖块", "amount":50 },
		],
	"category": "crafting",
	"research": "mechanical-drill"
}