{
    "speed":20
    "type":"GenericCrafter",
    "name":"急冻反应室"
    "health":100,
    "outputLiquid": {"liquid": "急冻液", "amount":2},
    "size":3,
    "itemCapacity":20,
    "craftTime":120
    	"drawer":{
	    "type":"DrawMulti",
	    "drawers":[
	    {
	    "type":"DrawRegion",
	    "suffix":"-bottom"
	    },
	    {
	    "type":"DrawLiquidTile",
	    "drawLiquid":"急冻液"
	    },
	    "DrawDefault"
	]},
    "hasPower": true,
	"hasLiquids": true,
	"hasItems": true,
	"updateEffect":"smeltsmoke",
	"consumes": {
	"power":5
	"liquid": {
    "liquid":"cryofluid","amount":0.2
    }
	"items":{
	"items":[
	{ "item": "砖块", "amount":2 }
	]}
	},
		"requirements": [
		{ "item": "砖块", "amount":50 },
		],
	"category": "crafting",
	"research": "mechanical-drill"
}