{
	"name":"二氧化碳",
	"description":"灭火必备",
	// "cells": 4,
	"gas":true,
	 "spreadTarget": "water",
	 "maxSpread": 0.5,
	 "spreadConversion": 0.5,
	 "spreadDamage": 0,
	"color":"393F5AFF",
	"barColor":"393F5AFF",
	"lightColor":"FFFFFF00",
	"incinerable": false,//可燃
	"flammability":0,//燃烧性
	"temperature":0.2,//液体温度
	"heatCapacity":0,//比热容
	"viscosity":0.1,//粘稠度
	"explosiveness":0//爆炸性
	//"effect":"overdrive"
	//"research":"固态能"
			"research": {
		"parent": "水",
		"objectives": [
        "二氧化碳"
    ],
	},
}