{
	"name":"熔液",
	"description":"一种液体，储存大量热能，十分危险，来触碰一下…唉woc，烫烫烫",
	// "cells": 4,
	 "spreadTarget": "water",
	 "maxSpread": 0.5,
	 "spreadConversion": 0.5,
	 "spreadDamage": 0,
	"color":"E05438FF",
	"barColor":"E05438FF",
	"lightColor":"F98F4AFF",
	"incinerable": false,//可燃
	"flammability":0,//燃烧性
	"temperature":1.3,//液体温度
	"heatCapacity":0,//比热容
	"viscosity":0.3,//粘稠度
	"explosiveness":0//爆炸性
	"coolant":false,//可用于冷却
	//"effect":"overdrive"
	//"research":"固态能"
			"research": {
		"parent": "水",
		"objectives": [
        "熔液"
    ],
	},
}