{
	"name":"熔融铜",
	"description":"在高温下将粗铜炼化，并提纯",
	// "cells": 4,
	 "spreadTarget": "water",
	 "maxSpread": 0.5,
	 "spreadConversion": 0.5,
	 "spreadDamage": 0,
	"color":"FBD891FF",
	"barColor":"FBD891FF",
	"lightColor":"FFFFFF00",
	"incinerable": true,//可燃
	"flammability":1,//燃烧性
	"temperature":1,//液体温度
	"heatCapacity":0,//比热容
	"viscosity":0,//粘稠度
	"explosiveness":0//爆炸性
	"coolant":false,//可用于冷却
	//"effect":"overdrive"
	//"research":"固态能"
			"research": {
		"parent": "粗铜",
		"objectives": [
        "熔融铜"
    ],
	},
}