{
	"name":"熔融金",
	"description":"在高温下将粗金炼化，并提纯",
	// "cells": 4,
	"spreadTarget": "water",
	"maxSpread": 0.5,
	"spreadConversion": 0.5,
	"spreadDamage": 0,
	"color":"FFE262FF",
	"barColor":"FFE262FF",
	"lightColor":"FFFFFF00",
	"incinerable": true,//可燃
	"flammability":1,//燃烧性
	"temperature":1.1,//液体温度
	"heatCapacity":0,//比热容
	"viscosity":0.1,//粘稠度
	"explosiveness":0//爆炸性
	"coolant":false,//可用于冷却
	//"effect":"overdrive"
	//"research":"固态能"
			"research": {
		"parent": "粗金",
		"objectives": [
        "熔融金"
    ],
	},
}