{
"name": "TB",
"displayName": "Three body[三体]",
"author":"opopi5236",
"description":"基于《三体》三部曲所创作的mod，目标是基本与小说内容贴合

0.0.1Aleph更新：创建

0.0.1Bata更新：红岸基地

0.0.2aleph更新￼：电解器

0.0.2oe更新：更新了一堆牛逼的东西￼

PS：《三体》三部曲中有一些无法实现的，比如引力波天线，所以这些暂时不做

错了的话去压缩机械群里@我(bug也是），什么？你不知道压缩机械！快去下一个，支持一下creeper。注意，作者不是creeper啊，作者叫“[ALEPH]一无所有”

qq群号：560975318

作者bilibili uid：1850531622
￼
"version":"0.0.2-oe"
 minGameVersion:136
}