{
	"name":"2级合晶墙",
	"description":"保护己方建筑，挡下敌方炮弹。能防激光，弹子弹",
	"type": "Wall",
	"health":45500,
	"size":4,
	"armor":50,
	"group":"walls"
		"placeableLiquid":true,
		"insulated":true
	"absorbLasers":true,
	   "deflect" :true,
    	"chanceDeflect":40,
    	"lightningChance":0.1,
    "lightningDamage":100,	
      "lightningLength":40,
    "lightningLengthRand":18,
	"requirements": [
	    "赤金/500"
		"塑胶/350"
		"铝钢/450"
		"金辉合金/250"
		"初代合晶/130"
	"次代合晶/60"
	"超代合晶/10"
	"凝能晶/60"
	],
	"category": "defense",
	//"research": "赤金墙",
			"research": {
		"parent": "1级合晶墙",
	/*	"objectives": [
      {
				"type": "SectorComplete",
				"preset": "冥域"
			},
    ],*/
	},

}
