{
    "type":"ItemTurret",
    "category": "turret",
    "name":"席卷",
    "description": "小型防卫平台，对空中敌人进行减速和伤害"
    "consumes": {
    "power": 4
    }
    "details":"名字来自MEE的t1驱离()",
    "minWarmup": 0.7,//展开到多少后攻击
    "moveWhileCharging": true,
    "health":300
    "size":2
    "reload":160
    "range":380
    "shootY": 5
    "shootSound": "shootAlt"
    "targetGround":false
    "targetAir":true
    "drawer": {
        "type": "DrawMulti",
        "drawers": [
            {
                "type": "DrawTurret",
                "parts": [
    {"type":"RegionPart",
    "x":0,"y":-5,
    "suffix":"-管",
    "mirror":false
    "under":true,
    "moveX":0,
    "moveY":5,
    }
    {"type":"RegionPart",
    "x":0,"y":0,
    "mirror":true
    "suffix":"-前",
    "moveX":0,
    "moveY":-2,
    "moveRot":2
    }
    {"type":"RegionPart",
    "x":0,"y":0,
    "mirror":true
    "suffix":"-后",
    "moveX":-1,
    "moveY":1,
    "moveRot":3
    }
    ]}]},
    "shoot": {
		"firstShotDelay": 5
		"shots": 3,
		"shotDelay": 10,
	},
    "requirements": [
        "碲/30",
        "锂/25"
        "metaglass/20"
        "一级科技/0",
        ]
        "research": {
	"parent": "御灵",//科技树前置
	"requirements": [//研究花费
	"一级科技/30",
	]
	}
    "ammoTypes":{
    "锂":{
    "type": "FlakBulletType",
    "splashDamageRadius": 25,
			"splashDamage": 40,
			"damage":40
			"status": "缓慢1",
			"statusDuration": 110,
			"frontColor" :"A4A5F5FF",
    "backColor":"A4A5F5FF",
    "hitColor" :"A4A5F5FF",
    "trailColor":"A4A5F5FF",
                "speed": 6,
                "lifetime": 60,
                "width": 4,
                "height": 20,
			"chargeEffect": {
			"type": "MultiEffect",
			"lifetime": 80,
			"effects": [
				{
				"type": "ParticleEffect",
						"particles": 5,
				"line": true,
					"sizeInterp": "pow5Out",
					"interp": "pow5In",
					"lenFrom": 1
					"lenTo": 3,
					"strokeFrom": 0,
					"strokeTo": 1.6,
						"length": 24,
						"baseLength": -22,
						"lifetime": 5,
						"colorFrom": "A4A5F5FF",
						"colorTo": "A4A5F5FF"
				}
				{
				"type": "ParticleEffect",
						"particles": 1,
					"sizeFrom": 0,
						"sizeTo": 3
						"length": 0
						"baseLength": 0,
						"lifetime": 5,
						"colorFrom": "A4A5F5",
						"colorTo": "A4A5F5"
				}
				]
				}
			"hitEffect": {
			"type": "MultiEffect",
			"effects": [
			{
						"type": "ParticleEffect",
						"particles": 3,
						"sizeFrom": 5,
						"sizeTo": 0,
						"length": 5,
						"baseLength": 0,
						"lifetime": 30,
						"colorFrom": "A4A5F5FF",
						"colorTo": "A4A5F5FF"
					}
					{
					"type": "WaveEffect",
					"lifetime": 30,
					"sizeFrom": 0,
					"sizeTo": 25
					"strokeFrom": 5,
					"strokeTo": 0,
					"colorFrom": "ffffff",
					"colorTo": "ffffff"
					"interp" : "pow10Out"
}
]
    }
    }
    "metaglass":{
    "type": "FlakBulletType",
    "splashDamageRadius": 35,
			"splashDamage": 45,
			"damage":50
			"status": "缓慢1",
			"statusDuration": 140,
			"frontColor" :"ffffff",
    "backColor":"ffffff",
    "hitColor" :"ffffff",
    "trailColor":"ffffff",
                "speed": 6,
                "lifetime": 60,
                "width": 4,
                "height": 20,
			"chargeEffect": {
			"type": "MultiEffect",
			"lifetime": 80,
			"effects": [
				{
				"type": "ParticleEffect",
						"particles": 5,
				"line": true,
					"sizeInterp": "pow5Out",
					"interp": "pow5In",
					"lenFrom": 1
					"lenTo": 3,
					"strokeFrom": 0,
					"strokeTo": 1.6,
						"length": 24,
						"baseLength": -22,
						"lifetime": 25,
						"colorFrom": "ffffff",
						"colorTo": "ffffff"
				}
				{
				"type": "ParticleEffect",
						"particles": 1,
					"sizeFrom": 0,
						"sizeTo": 3
						"length": 0
						"baseLength": 0,
						"lifetime": 25,
						"colorFrom": "ffffff",
						"colorTo": "ffffff"
				}
				]
				}
			"hitEffect": {
			"type": "MultiEffect",
			"effects": [
			{
						"type": "ParticleEffect",
						"particles": 3,
						"sizeFrom": 5,
						"sizeTo": 0,
						"length": 5,
						"baseLength": 0,
						"lifetime": 30,
						"colorFrom": "ffffff",
						"colorTo": "ffffff"
					}
					{
					"type": "WaveEffect",
					"lifetime": 30,
					"sizeFrom": 0,
					"sizeTo": 35
					"strokeFrom": 5,
					"strokeTo": 0,
					"colorFrom": "ffffff",
					"colorTo": "ffffff"
					"interp" : "pow10Out"
}
]
    }
    }
    }
    }