{
	"type": "LiquidTurret",
	"name": "涌波",
	"health": 300,
	"size": 2,
	"category": "turret",
	
	"targetGround": true,
	"targetAir": true,
	"inaccuracy": 1,
	"rotateSpeed": 7.5,
	"range":210
	
	"research": {
	"parent": "护卫",//科技树前置
	"requirements": [//研究花费
	"一级科技/25",
	]
	}
	
	"requirements": [
        "碲/30",
        "锂/25"
        "metaglass/10",
        ]
        
	"consumes": {
		"power": 2
	},
	
	"liquidCapacity": 200,
	
	"ammoTypes": {
	"water": {
			"type": "LiquidBulletType",
			"liquid": "water",
			"lifetime": 30,
			"speed": 7,
			"puddleSize": 5,
			"orbSize": 4,
			"knockback": 2,
			"statusDuration": 60,
			"status": "wet",
			"damage": 3
		},
		}
		}