{
  "type": "ItemTurret",
  "name": "熔火",
  "description": "使用热点燃煤，喷出高温火焰，燃烧敌人，需要一段时间启动"
  "health": 350
  "size": 2
  "shootWarmupSpeed": 0.015,
	"minWarmup": 0.89,
  
  "shoot": {
        "type": "ShootSpread",
        "shots": 5
        "spread": 0.2
      },
      
  "ejectEffect": "none",
  "inaccuracy": 2
  "shootY":5
  "category": "turret",
  "reload": 3
  "range": 200
  "shootY": -1
  "shootSound": "flame",
  "targetGround": true
  "targetAir": true
  
  "drawer": {
    "type": "DrawMulti",
    "drawers": [
      {
        "type": "DrawTurret",
        "parts": [
          {
            "type":"RegionPart",
            "mirror":true,
            "x":0,"y":0,
            "suffix":"-侧",
            "moveX":0,
            "moveY":2,
            "moveRot":10
          },
          {
            "type":"RegionPart",
            "x":0,"y":0,
            "suffix":"-后",
            "moveX":0,
            "moveY":4,
          },
          {
            "type":"RegionPart",
            "x":0,"y":0,
            "mirror":true,
            "suffix":"-罐子",
            "under":true
            "moveX":2,
            "moveY":2,
          },
        ]
      }
    ]
  }
  
  "requirements": [
	"titanium/20",
	"碲/40"
	],
	"consumes": {
    "power":0.3,
    }
    "shootEffect": {
          "type": "multiEffect",
          "effects": [
            {
              "type": "ParticleEffect",
              "particles": 4,
              "sizeFrom": 6,
              "sizeTo": 1,
            "layer": 90,
              "length": 220,
              "lifetime": 30,
              "lightColor": "171717FF",
              "colorFrom": "171717FF",
              "colorTo": "17171699",
              "cone": 9
            },
            {
              "type": "ParticleEffect",
              "particles": 4,
              "sizeFrom": 5,
              "sizeTo": 2,
            "layer": 110,
              "length": 207,
              "lifetime": 30,
              "lightColor": "F98F4AFF",
              "colorFrom": "F98F4AFF",
              "colorTo": "F98F4AFF",
              "cone": 10
            },
            {
              "type": "ParticleEffect",
              "particles": 4,
              "sizeFrom": 7,
              "sizeTo": 4,
            "layer": 110,
              "length": 205,
              "lifetime": 35,
              "lightColor": "9E172CFF",
              "colorFrom": "ffffff",
              "colorTo": "9E172CFF",
              "cone": 11
            },
            {
              "type": "ParticleEffect",
              "particles": 4,
              "sizeFrom": 6,
              "sizeTo": 3,
              "length": 190,
            "layer": 80,
              "lifetime": 55,
              "lightColor": "343434FF",
              "colorFrom": "343434FF",
              "colorTo": "343434FF",
              "cone": 12
            }
          ]
        },
  "ammoTypes":{
    "coal":{
        "type": "BulletType",
        "status": "焚烧",
	    "statusDuration": 200,
        "buildingDamageMultiplier":0.1,
        "circle": true,
        "shrinkY": 0.04,
        "shrinkX": 0.04,
        "collides": true,
        "radius": 4,
        "pierce": true,
        "damage": 5.5,
        "speed":10,
        "lifetime":25
        "despawnEffect": "none",
        "hitEffect":"none"
        }
        }
  }