{
	"type": "GenericSmelter",
	"name": "放射制造机",
	"description": "通过调整高辐射的钍制造出同样高辐射铀.",
	"outputItem": {"item": "铀", "amount": 5},
	"size": 2,
	"hasPower": true,
	"hasLiquids": false,
	"hasItems": true,
	"craftTime": 60,
	"updateEffect": "smeltsmoke",
	"consumes": {
		"power": 0.7,
		"items": {
			"items": [
				{ "item": "copper", "amount": 10 },
				{ "item": "thorium", "amount": 8 },
			]
	      }
		  "liquid": {
			"liquid": "water",
			"amount": 0.1
			}
		},
		
	"requirements": [
		{ "item": "lead", "amount": 1000 },
		{ "item": "copper", "amount": 1000 },
		{ "item": "silicon", "amount": 60 },
		{ "item": "graphite", "amount": 100 }
	],
	"category": "crafting",
	"idleSound": "respawning",
	"idleSoundVolume": 0.5,
	"research": "revenant-factory"
}
