{
	"name": "超频巨浪加速器",
	"type": "OverdriveProjector",
	"description":"巨浪合金在真正力量",
	"health": 5.5,
	"size": 2,
	"range": 260,
	"reload": 20,
	"speedBoost": 1,
	"consumes": {
		"power": 1.0,
        "items":{
			"items":[
				{"item":"surge-alloy","amount":1}
			]
			"booster":true
			"optional": true
		}
	},
	"requirements": [
		{ "item":"surge-alloy","amount": 50 }
		{ "item":"铂板","amount": 50 }
		{ "item":"金","amount": 50 }
		{ "item":"copper","amount": 500 }
		{ "item":"lead","amount": 500 }
		{ "item":"silicon","amount": 20 }
		{ "item":"graphite","amount": 20 }
		{ "item":"超巨浪合金","amount": 2 }
		{ "item":"轻合金","amount": 1 },
	],
	"category":"effect",
	"research": "revenant-factory"
}