{
"type":"flying",
"name":"囊泡",
"description":"瘤液中孵化出的生物，通过自爆向四周喷洒瘤液，务必小心含水建筑",
"speed": 0.6,
"hitSize":7,
"health":120,
//"research":"孵化室"
"template":"ErekirUnitType"
"flying": false,
"abilities": [
		{
			"type": "LiquidExplodeAbility",
			"liquid": "neoplasm",
			"amount": 500,
			"radScale": 2
		}
	],

"weapons": [
		{
			"name": "boom",
			"reload": 10,
			"x": 0,
			"y": 0,
			"rotate": false,
			"shootCone": 270,
			"ejectEffect": "none",
			"shootSound": "瘤液发射",
			"mirror": false,
			"inaccuracy": 0,
			"alternate": true,
			"top": false,
			"shootOnDeath": true,
			"bullet": {
				"killShooter": true,
				"splashDamageRadius": 28,
				"instantDisappear": true,
				"collides": false,
				"splashDamage": 100,
				"speed": 1,
				"lifetime": 10,
				//来自火力的t1爬爬
				"fragBullet": {
"pierce": true,
"pierceBuilding": true,
"type": "LiquidBulletType",
"liquid": "neoplasm",
"lifetime": 20,
"speed": 3,
"puddleSize": 5,
"orbSize": 5,
"damage": 50
                }
                }
                }
                ]
                }