{
    "type": "BeamDrill",
    "category": "production",
    "name": "切割钻头",
    "description": "一级的墙壁钻机，放置在矿墙面前以缓慢的钻取矿物。需要少量电力。",
    "research": {
        "parent": "acaa前哨核心"
    },
    "requirements": [
        "铁/20",
        "graphite/10"
    ],
    "consumes": {
        "power": 0.3333333333,
        "liquid": {
            "liquid": "water",
            "amount": 0.1,
            "booster": true,
            "optional": true
        }
    },
    "alwaysUnlocked": true,
    "itemCapacity": 20,
    "liquidCapacity": 30,
    "size": 2,
    "health": 260,
    "tier": 4,
    "range": 6,
    "fogRadius": 2,
    "drillTime": 80,
    "hasShadow": true
}