{
    "name": "地磁钻机",
    "description": "放置在矿物上时，以缓慢的速度无限输出物品。 \n只能开采基本资源。",
    "details": "",
    "type": "Drill",
    "size": 2,
    "tier": 4,
    "health": 400,
    "alwaysUnlocked": false,
    "drillTime": 240,
    "rotateSpeed": 2.5,
    "warmupSpeed": 2,
    "itemCapacity": 30,
    "liquidCapacity": 30,
    "canOverdrive": true,
    "drawRim": false,
    "hasItems": true,
    "updateEffect": "mineSmall",
    "liquidBoostIntensity": 1.73206,
    "hardnessDrillMultiplier": 0,
    "consumes": {
        "liquid": {
            "liquid": "water",
            "amount": 0.1,
            "booster": true,
            "optional": true
        }
    },
    "requirements": [
        {
            "item": "铁",
            "amount": 50
        }
    ],
    "category": "production",
    "research": {
        "parent": "abaa切割钻头",
        "requirements": [
            "铁/200"
        ]
    }
}