{
    "name": "猩红血钻",
    "description": "一种高效的钻井。可以一次钻取大量矿物。",
    "type": "BurstDrill",
    "size": 5,
    "tier": 6,
    "drillTime": 60,
    "itemCapacity": 300,
    "liquidCapacity": 60,
    "consumes": {
        "power": 7.5,
        "liquid": "water/0.25"
    },
    "drillEffect": {
        "type": "ParticleEffect",
        "particles": 6,
        "lifetime": 90,
        "sizeFrom": 2,
        "sizeTo": 3,
        "length": 15,
        "baseLength": 30,
        "colorFrom": "D75B6E",
        "colorTo": "D75B6E00",
        "cone": 360
    },
    "requirements": [
        "镍/130",
        "铝/160",
        "silicon/80",
        "血钢/30"
    ],
    "category": "production",
    "research": {
        "parent": "abbb励磁钻机",
        "objectives": [
            {
                "type": "OnSector",
                "preset": "ca猩红山谷"
            }
        ]
    }
}