{
    "type": "WallCrafter",
    "category": "production",
    "name": "钻沙机",
    "description": "粉碎墙壁，以缓慢的速度无限产出沙子。 需要电力。 \n效率因墙的类型而异。",
    "alwaysUnlocked": true,
    "research": {
        "parent": "abaa切割钻头",
        "requirements": [
            "铁/100",
            "graphite/40"
        ]
    },
    "requirements": [
        "铁/50",
        "graphite/20"
    ],
    "consumes": {
        "power": 0.4
    },
    "attribute": "sand",
    "output": "sand",
    "itemCapacity": 20,
    "liquidCapacity": 20,
    "size": 2,
    "health": 245,
    "fogRadius": 2,
    "drillTime": 40,
    "hasShadow": true
}