{
	"name": "火箭艇",
	"description": "雷霆导弹！",
	"speed": 2,
	"buildPower": 2,
	"engineColor": "1014ff",
	"flying": true,
	"hitsize": 15,
	"health": 750,
	"itemCapacity": 80
	"drillPower": 4,
	"mineSpeed": 5
	"weaponOffsetX": 1,
	"weaponOffsetY": 1,
		"weapon": {
		"name": "EI",
		"velocityRnd":0.3,
		"ignoreRotation":true,
		"shotDelay": 5,
		"shots":5,
		"spacing": 0.1,
		"inaccuracy":15,
		"spacing":1.5,
		"length": 1.5,
		"reload": 100,
		"shootSound": "missile",
		"alternate": true,
		"bullet":{
   		    "status":"melting"
	     	"statusDuration":600,
		    "splashDamageRadius":28,
		    "splashDamage":10,
		    "bulletWidth": 8,	
		    "bulletHeight": 25,
		    "type":"MissileBulletType"
		    "homingPower":5,
		    "speed":5.5,
		    "lifetime":90,
		    "homingRange": 160,	 

}
	}
}