{
  "type": "naval",
  "naval": true,
  "localizedName": "[orange]神王",
  "description": "拥有很多激光武器，还可以生产梭鱼",
  
  "health": 20000,
  "armor": 10,
  
  "immunities": ["melting", "burning", "sapped", "freezing", "wet"],
  
  "drag": 0.2,
  "speed": 0.56,
  "speed": 0.96,
  "rotateSpeed": 1.2,
  "faceTarget": false,
  "accel": 0.18,
  
  "trailLength": 320,
  "waveTrailX": 26,
  "waveTrailY": -35,
  "trailScl": 3.7,
  
  "weapons": [
    {
      "name": "japonica-main",
      "recoil": 0.5,
      "shootSound": "missileLaunch",
      "minWarmup": 0.94,
      "shootWarmupSpeed": 0.03,
      "shake": 6,
      "shootY": 23,
      "mirror": false,
      "reload": 440,
      "shootCone": 1,
      "rotateSpeed": 0.9,
      "x": 0,
      "y": -40,
      "rotate": true,
      "bullet": {
        "type": "BasicBulletType",
        "speed": 0,
        "damage": 0,
        "shootEffect": "shootBig",
        "smokeEffect": "shootSmokeMissile",
        "spawnUnit": "scathe-missile"
      }
    },
      {
        "name": "japonica-lancer",
        "x": 0,
        "y": 72,
        "mirror": false,
        "reload": 220,
        "shootY": 8
        "shootSound": "laserblast",
        "rotate": true,
        "rotateSpeed": 2,
        "continuous": true,
        "bullet": {
          "type": "ContinuousLaserBulletType",
          "length": 400,
          "width": 4,
          "lifetime": 90,
          "fadeTime": 30,
          "damage": 65
        }
      },
    {
        "name": "japonica-lancer",
        "x": 0,
        "y": 10,
        "mirror": false,
        "reload": 220,
        "shootSound": "laserblast",
        "rotate": true,
        "shootY": 8,
        "rotateSpeed": 2,
        "continuous": true
        "bullet": {
          "type": "ContinuousLaserBulletType",
          "length": 450,
          "width": 4,
          "lifetime": 90,
          "fadeTime": 30,
          "damage": 65
        }
      },
    {
      "name": "japonica-air",
      "x": -42,
      "y": -20,
      "mirror": true,
      "reload": 60,
      "rotate": true,
      "rotateSpeed": 3,
      "shootSound": "artillery",
      "shoot": {
        "shots": 3,
        "shotDelay": 10
      },
      "bullet": {
        "type": "BasicBulletType",
        "shootEffect": "shootBig",
        "smokeEffect": "shootSmallSmoke",
        "damage": 35,
        "splashDamageRadius": 22,
        "splashDamage": 20,
        "lightning": 4,
        "lightningLength": 2,
        "lightningDamage": 8,
        "width": 7,
        "height": 13,
        "collidesAir": true,
        "collidesGround": false,
        "speed": 5,
        "statusDuration": 180,
        "sprite": "shell",
        "lifetime": 60,
        "status": "burning",
        "homingPower": 0.09,
        "homingRange": 320,
        "frontColor": "f8ae4b",
        "backColor": "e9901a"
      }
    },
    {
      "name": "japonica-air",
      "x": 42,
      "y": 48,
      "mirror": true,
      "reload": 60,
      "rotate": true,
      "rotateSpeed": 3,
      "shootSound": "artillery",
      "shoot": {
        "shots": 3,
        "shotDelay": 10
      },
      "bullet": {
        "type": "BasicBulletType",
        "shootEffect": "shootBig",
        "smokeEffect": "shootSmallSmoke",
        "damage": 35,
        "splashDamageRadius": 22,
        "splashDamage": 20,
        "lightning": 4,
        "lightningLength": 2,
        "lightningDamage": 8,
        "width": 7,
        "height": 13,
        "collidesAir": true,
        "collidesGround": false,
        "speed": 5,
        "homingPower": 0.09,
        "homingRange": 320,
        "status": "burning",
        "statusDuration": 180,
        "lifetime": 60,
        "sprite": "shell",
        "frontColor": "f8ae4b",
        "backColor": "e9901a"
      }
    }
  ],
  "abilities": [
    {
      "type": "EnergyFieldAbility",
      "color": "d06b53",
      "damage": 3,
      "targetAir": true,
      "targetGround": true,
      "healPercent": 0,
      "hitBuildings": false,
      "hitUnits": true,
      "healPercent": 2,
      "maxTargets": 12,
      "range": 180,
      "reload": 10,
      "rotateSpeed": 0.2,
      "sectors": 3,
      "shootSound": "spark",
      "status": "me-japonica-weakened",
      "statusDuration": 60,
      "y": 40,
      "x": 0
    },
    {
      "type": "UnitSpawnAbility",
      "unit": "risso",
      "spawnTime": 1200,
      "spawnX": 0,
      "spawnY": -70,
      "spawnEffect": {
        "type": "WaveEffect",
        "colorFrom": "ffa665",
        "colorTo": "d06b53",
        "sides": 6,
        "sizeFrom": 0,
        "sizeTo": 35,
        "strokeFrom": 0,
        "strokeTo": 3,
        "lifetime": 120
      }
    }
  ],
  "hitSize": 93,
  "research": "arnux"
}
