{
"name": "重临",
	"description": "在塞普罗上的科技是从何处而来的?是他们研究的成果吗?并不是，他们的科技来源于一个叫做雅加达的星球。在我们来到塞普罗之前，雅加达上的文明与另一个文明发生了战争， 他们虽和那未知文明不相伯仲，但为了以防万一，他们将一部分的科技及生命送去了塞普罗...而现在，他们的接任者已经回归，但不知为何，雅加达原有的文明已经覆灭，另一个新的文明占领了这里，并使用这雅加达原先文明研发的科技，请您研究雅加达上的科技，并调查雅加达文明覆灭的原因
	这里是敌方的一个偏远前哨站，请进攻这里并重建为您的第一个基地"
	//"details":"",
    "planet":"雅加达"//母星名字。
    "sector":10//区块坐标
    "allowWaves": "false"
    "difficulty":1//难度1一5
    "alwaysUnlocked": true,
     	"research": {
		"parent": "初代核心",
	},
}