{
    "type": "TractorBeamTurret",
    "requirements": [
        {
            "item": "metaglass",
            "amount": 60
        },
        {
            "item": "lead",
            "amount": 80
        },
        {
            "item": "titanium",
            "amount": 75
        },
        {
            "item": "silicon",
            "amount": 40
        }
    ],
	"category": "turret",
	"research":"parallax",
    "size": 2,
    "range": 300,
    "hasPower": true,
    "consumes": {
        "power": 1.13
    },
    "shootLength": 5,
    "bulletDamage": 55,
    "reload": 10,
    "scaledHealth": 300,
    "name": "凝视",
    "description": "使用激光束拉扯地面部队，并造成伤害。
    （对建筑无效）",
    
    "targetAir": false,
    "targetGround": true,
    "laserWidth": 0.4,
    "scaledForce": 0,
    "damage": 0.8,
    "shootCone": 8,
    "retargetTime": 10,
    "laserColor": "ffffff",
    "shootSound": "tractorbeam",
    "shootSoundVolume": 0.9
}
/*

        parallax = new TractorBeamTurret("parallax"){{
            requirements(Category.turret, with(Items.silicon, 120, Items.titanium, 90, Items.graphite, 30));

            hasPower = true;
            size = 2;
            force = 12f;
            scaledForce = 6f;
            range = 240f;
            damage = 0.3f;
            scaledHealth = 160;
            rotateSpeed = 10;

            consumePower(3f);
        }};

public class TractorBeamTurret extends BaseTurret{
    public final int timerTarget = timers++;
    public float retargetTime = 5f;
    
    public float shootCone = 6f;
    public float shootLength = 5f;
    public float laserWidth = 0.6f;
    public float force = 0.3f;
    public float scaledForce = 0f;
    public float damage = 0f;
    public boolean targetAir = true, targetGround = false;
    public Color laserColor = Color.white;
    public StatusEffect status = StatusEffects.none;
    public float statusDuration = 300;

    public Sound shootSound = Sounds.tractorbeam;
    public float shootSoundVolume = 0.9f;



        segment = new PointDefenseTurret("segment"){{
            requirements(Category.turret, with(Items.silicon, 130, Items.thorium, 80, Items.phaseFabric, 40, Items.titanium, 40));

            scaledHealth = 250;
            range = 180f;
            hasPower = true;
            consumePower(8f);
            size = 2;
            shootLength = 5f;
            bulletDamage = 30f;
            reload = 8f;
            envEnabled |= Env.space;
        }};
