{
    "type": "ItemTurret",
    "recoilTime": 600,
    "reload": 30,
    "range": 260,
    "size": 2,
    "inaccuracy": 1,
    "recoil": 0.75,
    "shake": 0.1,
    "hasLiquids": true,
    	"research":"catter",
    "shootSound": "missile",
	"shoot": {
		"type": "ShootMulti",
		"source": {
			"type": "ShootBarrel",
			"shots": 1,
			"barrels": [
			    0, 0, 0
			]
		},
		"dest": [
			{
				"shots": 1,
				"shotDelay": 4
			},
			{
				"type": "ShootHelix",
				"firstShotDelay": 2,
				"scl": 1,
				"mag": 5,
				"offset": 0
			},
			{
				"type": "ShootHelix",
				"firstShotDelay": 6,
				"scl": 1,
				"mag": 5,
				"offset": 0
			}
		]
	},
    "scaledHealth": 240,
    "ammoUseEffect": "casing2",

    "ammoTypes": {
        "titanium": {
            "type": "MissileBulletType",
            "hitSize": 5,
            "width": 8,
            "height": 13,
            "damage": 23,
            "pierce": true,
            "pierceCap": 4,
            "lifetime": 13,
			"homingPower": 0,
			"homingRange": 0,
			"trailChance": 0,
            "ammoMultiplier": 1,
            "knockback": 0.8,
            "trailWidth": 2,
            "trailLength": 10,
            "speed": 20,
            "shootEffect": "shootBig",
            
			"backColor":"5993E4",
			"trailColor":"6FA9FCFF"
        },
        "metaglass": {
            "type": "MissileBulletType",
            "hitSize": 5,
            "width": 6,
            "height": 10,
            "pierce": false,
            "damage": 16,
            "lifetime": 10.4,
			"homingPower": 0,
			"homingRange": 0,
			"trailChance": 0,
            "trailWidth": 1.8,
            "trailLength": 10,
            "speed": 25,
            "shootEffect": "shootBig",
			"backColor":"FFFFFF",
			"trailColor":"D1D1D1",
			"splashDamageRadius": 10,
			"splashDamage": 2,
			"reloadMultiplier": 1.3,
				"fragBullets": 4,
				"fragBullet": {
					"type": "BasicBulletType",
					"backColor":"FFFFFF",
	        		"trailColor":"D1D1D1",
	        		"trailWidth": 0.5,
	        		"trailLength": 1,
					"damage": 9,
					"pierce": true,
					"speed": 5,
					"knockback": -0.5,
					"lifetime": 18,
					"width": 0.2,
					"weight": 0.2
				}
        },
        "silicon": {
            "type": "MissileBulletType",
            "hitSize": 5,
            "width": 9,
            "height": 9,
            "damage": 75,
            "lifetime": 15.2,
            "ammoMultiplier": 3.3,
            "knockback": 0.5,
            "trailWidth": 3,
            "trailLength": 10,
            "speed": 17,
            "reloadMultiplier": 0.88,
            "shootEffect": "shootBig",
			"homingPower": 10,
			"homingRange": 60,
			"trailChance": 100,
			"backColor":"FFFFFF",
			"trailColor":"6D6D6D"
        }
    },
    "requirements": [
        {
            "item": "titanium",
            "amount": 70
        },
        {
            "item": "graphite",
            "amount": 65
        },
        {
            "item": "silicon",
            "amount": 60
        },
        {
            "item": "thorium",
            "amount": 40
        }
    ],
	"category": "turret",
	"description": "",
	"name": "灵影",
	"consumes": {
		"coolant": {
			"amount": 0.2,
			"optional": true
		}
	},
	"coolantMultiplier": 3
}