{
  "type": "SolidPump",
  "category": "production",
  "requirements": [ "aluminium/270","chromium/200","graphite/230","silicon/100" ],
  "result": "oil",
  "pumpAmount": 0.55,
  "size": 4,
  "liquidCapacity": 300,
  "rotateSpeed": 2.5,
  "attribute": "oil",
  "armor": 12,
  "crushDamageMultiplier": 0.2,
  "consumes": { 
    "power": 5,
    "liquid": "water/0.35"
  },
  "baseEfficiency": 0,
  "updateEffect": "pulverize",
  "updateEffectChance": 0.06,
  "research": {
    "parent": "power-well",
    "objectives": [
      {
        "type": "OnSector",
        "preset": "fort-port"
      }
    ]
  },
  "researchCostMultiplier": 0.2,
  "floating": true,
  "placeableLiquid": true
}