{
  "type": "BeamDrill",
  "requirements": [ "aluminium/10","quartz/8" ],
  "category": "production",
  "drillTime": 240,
  "tier": 4,
  "range": 5,
  "size": 2,
  "consumesPower": true,
  "consumes": {
    "power": 0.15,
    "liquid": {
      "liquid": "hydrogen",
      "amount": 0.0041666667,
      "booster": true,
      "optional": true
    }
  },
  "drillMultipliers": {
    "aluminium": 1.5,
    "quartz": 2
  },
  "sparkColor": "ffd37f",
  "heatColor": "ffd37f",
  "research": {
    "parent": "isomorphic-drill",
    "objectives": [
      {
        "type": "OnSector",
        "preset": "carbon-relics"
      }
    ]
  }
}