{
  "type": "SolidPump",
  "category": "production",
  "requirements": [ "chromium/140","graphite/90","silicon/60" ],
  "result": "water",
  "pumpAmount": 0.8,
  "size": 3,
  "liquidCapacity": 120,
  "rotateSpeed": 7,
  "attribute": "water",
  "consumes": { 
    "power": 2.5,
    "liquids": {
      "liquids": [ "hydrogen/0.0333333333" ]
    }
  },
  "research": {
    "parent": "power-well",
    "objectives": [
      {
        "type": "OnSector",
        "preset": "fort-port"
      }
    ]
  },
  "armor": 5,
  "health": 755,
  "researchCostMultiplier": 0.5,
  "buildCostMultiplier": 3,
  "squareSprite": false
}