{
  "type":"ImpactReactor",
  "description":"最大的反应堆，小心点，别炸了",
  "name":"量子反应堆",
  "powerProduction":8333333.33334,
	//发电量(1:60)
  "size":8,
  "health":100000,
  "warmupSpeed":0.0001
  "lightColor":"#ff0000",
  "ambientSound":"pulse",
  "ambientSoundVolume":1
  "liquidCapacity":5000,
  "itemCapacity":1000,
  "itemDuration":3600,
  "consumes": {
    	"power":10000,
    	"items": {
        "items": [
               "铀棒/10"
        ]}
    	"liquid":{
    		"liquid":"cryofluid","amount":0.3,
    	},
  },
  "requirements": [
		"metaglass/5000",
		"silicon/10000",
		"phase-fabric/5000",
		"thorium/5000",
		"surge-alloy/10000",
		"铁/20000",
		"碳钢板/20000",
		"超级锭/5000"
  ],
  "drawRim":true,
   //如果开机的话，贴图亮
   //如果没开的话，贴图没有反应
   "heatColor": "#ff0000"
  "category": "power",
   "research": "impact-reactor"
}