{
	"type": "GenericCrafter",
	"name": "沙璃炉",
	"description": "烧沙子变成普通玻璃",
	"details":""
	"outputItems":["沙璃/2",]//产出
	"size":2,//建筑大小
	"health":1500,//血量
	"craftTime":10,//÷60
	"itemCapacity": 50,//容量
	//"liquidCapacity":0,
	//"heatOutput":50,//生产热量
	"consumes": {
	"power":0.5//×60
    "items":{
          "items":[
	            "sand/2",
	]
	}
	}
    "requirements":[
    "graphite/50","silicon/50",
	],//建造材料
    "category": "crafting",
	"research":{//科技树
    "root": true,
    "requirements":[
                "graphite/450",
                "silicon/450",
    ]   
    "name": "沙璃科技",//科技树名称
	"requiresUnlock": false//需要解锁
    }
	"updateEffect":"smeltsmoke",
	"buildCostMultiplier":"0.01",
	"canOverdrive": true,
	"hasPower": true,
	"hasLiquids": false,
	"hasItems": true,
	"drawer":{
    "type":"DrawMulti",
    "drawers":[
    "DrawDefault",
    "DrawFlame"
    ]
    }
}