{
	"type": "hover",
//	"payloadCapacity":256
//	"payloadLimit":8,
	"name": "TG20",
//	"controller": "MinerAI",
	"description": "还能喷火是吧（）",
	"speed": 1.8,	
	"drag":0.04,
	"accel":0.1,
//	    "mineTier": 2
    "targetFlags": ["factory","turret"],
//    "buildSpeed": 0.45,
	"rotateSpeed":6,
/*	"abilities":[
	{
    "type": "ForceFieldAbility"
    "radius": 24
    "regen": 0.5
    "max": 200
    "cooldown": 180
  }
  {
              "type": "RepairFieldAbility",
              "range": 40,
              "amount": 16,
              "reload": 240
  }
  ]*/
  "parts": [
{"type":"HoverPart",
"mirror":false,//是否镜像显示
"x":0,"y":0,//起始位置
"radius":12,
"phase":75,
"stroke":2,
"layerOffset":-0.001,
"color":"96A7DEFF"
},
    ]
	"ammoCapacity": 0,
	"hitSize":12, 
//	"flying": true,
	"faceTarget": true,
	"health": 1000,
	"armor":0,
	"research": {
"parent": "TG10",//前置（前面科技）
"objectives": [
"a014数增级碳钢飞船重构工厂"
]
"requirements": [//研究花费
	"石英/600",
	"铥/600",
	"钢化铅/1000",
	]
}
	    "itemCapacity": 50,
	    	"ammoType":{
	"type":"PowerAmmoType",
	"totalPower":100
	},
	"weapons":[
	{
//	"name":"z11流星1",
	"mirror":false,
	"rotateSpeed":0
  "x":0
  "y":0
  "shootY":4
  "top": true
  "rotate":false
  "reload": 10
  "shootSound":"flame",
  "ejectEffect":"none"
  "shots": 1,
  "inaccuracy":0
  "alternate":true,
  "ignoreRotation": false,
  "shoot": {
        "shots": 1,
        "shotDelay": 0
        }
        "bullet":{
  "type":"BulletType",
		    "reloadMultiplier":1,
			"speed": 7.5,
			"status":"burning",
	    "statusDuration":240,
			"lifetime":10,

			            "pierce": true,
			            "pierceBuilding": true,
			                        "hittable": false,
            "keepVelocity": false,
					"ammoMultiplier":3,
			"shootEffect": "shootBig" 	
						"damage": 20
			            "shootEffect": {
                "type": "MultiEffect",
                "effects": [
                    {
                        "type": "ParticleEffect",
                        "particles": 10,
                        "sizeTo": 0,
                        "sizeFrom": 2.5,
                        "colorTo": "db661c",
                        "colorFrom": "ffb855",
                        
                        "cone": 5,
                        
                    "length": 40,
                    
                        "lifetime": 30,
                        "layer": 101,
                        "interp": "circleOut",
                        "sizeInterp": "pow2In"
                    },
                    {
                        "type": "ParticleEffect",
                        "particles": 18,
                        "sizeTo": 0,
                        "sizeFrom": 3,
                        "colorTo": "db661c",
                        "colorFrom": "ffb855",
                        
                        "cone": 5,
                        
                    "length": 60,
                    
                        "lifetime": 30,
                        "layer": 101,
                        "interp": "circleOut",
                        "sizeInterp": "pow2In"
                    },
                    
                                     {
                        "type": "ParticleEffect",
                        "particles": 8,
                        "sizeTo": 1,
                        "sizeFrom": 3,
                        
                        "colorTo": "454545ff",
                        
                        "colorFrom": "db661c",
                       
                       
                        "cone": 15,
                        "length": 80,
                        "lifetime": 30,
                        "layer": 100,
                        "interp": "circleOut",
                    }   
                    
                    
                ]
            },
			
		            "despawnEffect": "none",
            "hitEffect": "hitFlameSmall"
}
}
{
 "name":"TG20-1"
  "x":5
  "y":-1
  "shootY":4
      "rotateSpeed":4,
  "top": true
  "rotate":true
  	    "mirror":true,	
  "reload": 10
  "shootSound":"missile",
  "ejectEffect":"casing1"
 "shots": 1,
  "inaccuracy":3
  "alternate":true,
  "ignoreRotation": true,
    	"shoot":{
	"shots":1
	"shotDelay":1
//	"alternate":false
	}
  "bullet":{
               "speed": 5
               "lifetime": 25
               "damage":10
               "width": 6
               "shrinkY":0
               "height": 6
               "frontColor": "96A7DEFF",
               "backColor": "FFFFFFFF",
               "trailColor": "96A7DEFF",
               "trailLength": 4.5,
               "trailWidth": 1.5,
               "despawnEffect":"none",
    	    "hitEffect":"none"
}
}
]
}