{
	"type": "hover",
//	"payloadCapacity":256
//	"payloadLimit":8,
	"name": "TG40",
//	"controller": "MinerAI",
	"description": "biu------boom！",
	"speed": 0.8,	
	"drag":0.02,
	"accel":0.1,
	"targetFlags": ["reactor","core","battery"],
//	    "mineTier": 4,
//    "mineSpeed":10
//    "buildSpeed": 0.45,
	"rotateSpeed":2.4,
	"abilities":[
	{
    "type": "ForceFieldAbility"
    "radius": 60
    "regen": 1.5
    "max": 3000
    "cooldown": 480
  }
  ]
  "parts": [
{"type":"HoverPart",
"mirror":true,//是否镜像显示
"x":12,"y":-4,//起始位置
"radius":15,
"phase":120,
"stroke":3,
"layerOffset":-0.001,
"color":"96A7DEFF"
},
{"type":"HoverPart",
"mirror":true,//是否镜像显示
"x":12,"y":4,//起始位置
"radius":15,
"phase":120,
"stroke":3,
"layerOffset":-0.001,
"color":"96A7DEFF"
},
{"type":"HoverPart",
"mirror":true,//是否镜像显示
"x":4,"y":-12,//起始位置
"radius":8,
"phase":60,
"stroke":2,
"layerOffset":-0.001,
"color":"96A7DEFF"
},
    ]
	"ammoCapacity": 0,
	"hitSize":24, 
//	"flying": true,
	"faceTarget": true,
	"health": 10000,
	"armor":6,
	"research": {
"parent": "TG30",//前置（前面科技）
"objectives": [
"a015倍乘级碳钢飞船重构工厂"
]
}
	    "itemCapacity": 90,
	    	"ammoType":{
	"type":"PowerAmmoType",
	"totalPower":100
	},
	"weapons":[
{
"name":"TG40-1",
	"mirror":true,
	"rotateSpeed":2
  "x":12
  "y":-4
  "shootY":4
  "top": true
  "rotate":true
  "reload": 60
  "shootSound":"准备",
  "ejectEffect":"none"
  "shots": 1,
  "inaccuracy":0
  "alternate":true,
  "ignoreRotation": false,
  "shoot": {
        "shots": 1,
        "shotDelay": 0
        }
"bullet":{
"type":"LaserBulletType",//基础子弹
"hitShake":7.5,
"damage":100,
"sideAngle":24,
"sideWidth":5,
"sideLength":5,
"length":240,
"pierceCap":5,
"pierceBuilding":true,
"hitEffect": {
			"type": "ParticleEffect",
			"line": true,
			"particles": 10,
			"lifetime": 20,
			"length": 40,
			"cone": -360,
			"lenFrom": 6,
			"lenTo": 2,
			"strokeFrom": 3,
			"strokeTo": 0,
			//"lightColor": "FF5845",
			//"colorFrom": "FFDCD8",
		//	"colorTo": "FF5845"
		},
		"shootEffect":{
		"type": "ParticleEffect",
    "particles": 5,
    "length":60,
    "baseLength": 0,
    "lifetime": 20,
    "line": true,
    "lenFrom":6,
    "lenTo":15,
    "strokeFrom": 3,
    "strokeTo": 0,
        "cone": 30
        "colorFrom":"96A7DEFF",
        "colorTo":"FFFFFFFF",
        },
//"recoil": 1.2,
"colors":["96A7DEFF","FFFFFFFF","FFFFFFFF"],//颜色
	    }
	    }
	    {
	"mirror":false,
	"rotateSpeed":0
  "x":0
  "y":0
  "shootY":4
  "top": true
  "rotate":false
  "reload": 150
  "shootSound":"欻",
  "ejectEffect":"none"
  "shots": 1,
  "inaccuracy":40
  "alternate":true,
  "ignoreRotation": false,
  "shoot": {
        "shots": 8,
        "shotDelay": 2
        }
"bullet":{
"speed": 3
               "lifetime": 120
               "damage":35
               "width": 12
               "shrinkY":0
               "height": 12
               "frontColor": "96A7DEFF",
               "backColor": "FFFFFFFF",
               "trailColor": "96A7DEFF",
               "trailLength": 12,
               "trailWidth": 3,
               "splashDamageRadius":24,
               "splashDamage":45,
               "homingRange":100,
               "homingPower":0.025,
               "hitShake":5
               "despawnEffect":"none"
"smokeEffect":"none",
"hitEffect": {/*击中特效*/
"type":"multiEffect",
"effects":[
{
			"type": "ParticleEffect",
//			"line": true,
			"particles": 1,
			"lifetime": 25,
			"length": 0,
			"cone": 360,
//			"lenFrom": 4,
//			"lenTo": 4,
			"sizeFrom": 16
			"sizeTo": 0,
			//"lightColor": "FF5845",
			"spin": 0,
			"colorFrom": "96A7DEFF",
			"colorTo": "96A7DEFF"
		},
		{
		"type": "ParticleEffect",
    "particles": 3,
    "length":-24,
    "baseLength": 24,
    "lifetime": 25,
    "line": true,
    "lenFrom":32,
    "lenTo":0,
    "strokeFrom": 6,
    "strokeTo": 2,
        "cone": 360
        "colorFrom":"96A7DEFF",
        "colorTo":"96A7DEFF",
        }
		]
		}
	    }
	    }
]
}