{
	"type": "hover",
//	"payloadCapacity":256
//	"payloadLimit":8,
	"name": "TG50",
//	"controller": "MinerAI",
	"description": "biu------boom！",
	"speed": 0.5,	
	"drag":0.0125,
	"accel":0.1,
	"targetFlags": ["core"],
//	    "mineTier": 4,
//    "mineSpeed":10
//    "buildSpeed": 0.45,
	"rotateSpeed":1.5,
	"abilities":[
	{
    "type": "ForceFieldAbility"
    "radius": 80
    "regen": 2.5
    "max": 10000
    "cooldown": 600
  }
  ]
  "parts": [
{"type":"HoverPart",
"mirror":true,//是否镜像显示
"x":15,"y":-4,//起始位置
"radius":24,
"phase":150,
"stroke":3,
"layerOffset":-0.001,
"color":"96A7DEFF"
},
{"type":"HoverPart",
"mirror":true,//是否镜像显示
"x":15,"y":4,//起始位置
"radius":24,
"phase":150,
"stroke":3,
"layerOffset":-0.001,
"color":"96A7DEFF"
},
{"type":"HoverPart",
"mirror":false,//是否镜像显示
"x":0,"y":-12,//起始位置
"radius":32,
"phase":180,
"stroke":4,
"layerOffset":-0.001,
"color":"96A7DEFF"
},
    ]
	"ammoCapacity": 0,
	"hitSize":30, 
//	"flying": true,
	"faceTarget": true,
	"health": 22000,
	"armor":10,
	"research": {
"parent": "TG40",//前置（前面科技）
"objectives": [
"a015倍乘级碳钢飞船重构工厂"
]
}
	    "itemCapacity": 120,
	    	"ammoType":{
	"type":"PowerAmmoType",
	"totalPower":100
	},
	"weapons":[
{
"name":"TG50-1",
	"mirror":true,
	"rotateSpeed":2
  "x":12
  "y":-4
  "shootY":4
  "top": true
  "rotate":true
  "reload": 50
  "shootSound":"准备",
  "ejectEffect":"none"
  "shots": 1,
  "inaccuracy":0
  "alternate":true,
  "ignoreRotation": false,
  "shoot": {
        "shots": 1,
        "shotDelay": 0
        }
"bullet":{
"type":"LaserBulletType",//基础子弹
"hitShake":7.5,
"damage":200,
"sideAngle":24,
"sideWidth":5,
"sideLength":5,
"length":320,
"pierceCap":10,
"pierceBuilding":true,
"hitEffect": {
			"type": "ParticleEffect",
			"line": true,
			"particles": 10,
			"lifetime": 20,
			"length": 40,
			"cone": -360,
			"lenFrom": 6,
			"lenTo": 2,
			"strokeFrom": 3,
			"strokeTo": 0,
			//"lightColor": "FF5845",
			//"colorFrom": "FFDCD8",
		//	"colorTo": "FF5845"
		},
		"shootEffect":{
		"type": "ParticleEffect",
    "particles": 5,
    "length":60,
    "baseLength": 0,
    "lifetime": 20,
    "line": true,
    "lenFrom":6,
    "lenTo":15,
    "strokeFrom": 3,
    "strokeTo": 0,
        "cone": 30
        "colorFrom":"96A7DEFF",
        "colorTo":"FFFFFFFF",
        },
//"recoil": 1.2,
"colors":["96A7DEFF","FFFFFFFF","FFFFFFFF"],//颜色
	    }
	    }
{
"name":"TG50-2",
			"x": 8,
			"y": 4,
			"reload": 45,
			"ejectEffect": "none",
			"shootSound": "spark",
			"shoot": {
        "shots": 5,
        "shotDelay": 0
    },
			"bullet": {
				"type": "LightningBulletType",
				"damage": 60,
				"lightningLength": 32
}
},
{
"name":"TG50-3",
			"x": 16,
			"y": -8,
			"reload": 40,
			"ejectEffect": "none",
			"shootSound": "malignShoot",
			"bullet": {
"damage":160,
    "splashDamageRadius":60,
    "splashDamage":240,
    "speed":7.5,
    "lifetime":40
    "frontColor":"96A7DEFF",
    "backColor":"FFFFFFFF",
    "trailColor":"96A7DEFF",
    "trailLength": 4,
    "trailWidth": 4,
    "width":8,
    "height":12,
    "hitShake": 5,
    "homingRange":80,
"homingPower":0.05
"hitSound":"sfx_gunshot"
"despawnEffect":"none",
"hitEffect": {/*子弹消失特效*/
"type":"multiEffect",
"effects":[
{
			"type": "ParticleEffect",
//			"line": true,
			"particles": 1,
			"lifetime": 15,
			"length": 0,
			"cone": 360,
//			"lenFrom": 4,
//			"lenTo": 4,
			"sizeFrom": 60,
			"sizeTo": 60,
			//"lightColor": "FF5845",
			"spin": 1,
			"colorFrom": "96A7DEFF",
			"colorTo": "96A7DE00"
		},
		{
			"type": "ParticleEffect",
//			"line": true,
			"particles": 1,
			"lifetime": 45,
			"length": 0,
			"cone": 0,
//			"lenFrom": 4,
//			"lenTo": 4,
			"sizeFrom": 60,
			"sizeTo": 60,
			"region": "碳钢工业-圆形",
			//"lightColor": "FF5845",
			"spin": 1,
			"colorFrom": "96A7DEFF",
			"colorTo": "96A7DE00"
//			"startDelay":5,//开始延迟
		},
		{
			"type": "ParticleEffect",
//			"line": true,
			"particles": 1,
			"lifetime": 45,
			"length": 0,
			"cone": 0,
//			"lenFrom": 4,
//			"lenTo": 4,
			"sizeFrom": 48,
			"sizeTo": 48,
			"region": "碳钢工业-圆形",
			//"lightColor": "FF5845",
			"spin": -1,
			"colorFrom": "96A7DEFF",
			"colorTo": "96A7DE00"
//			"startDelay":5,//开始延迟
		},
		{
			"type": "ParticleEffect",
//			"line": true,
			"particles": 1,
			"lifetime": 45,
			"length": 0,
			"cone": 0,
//			"lenFrom": 4,
//			"lenTo": 4,
			"sizeFrom": 48,
			"sizeTo": 48,
			"region": "碳钢工业-正方形",
			//"lightColor": "FF5845",
			"spin": 1,
			"colorFrom": "96A7DEFF",
			"colorTo": "96A7DE00"
//			"startDelay":5,//开始延迟
		},
		
		
		{
			"type": "ParticleEffect",
//			"line": true,
			"particles": 1,
			"lifetime": 45,
			"length": 0,
			"cone": 0,
//			"lenFrom": 4,
//			"lenTo": 4,
			"sizeFrom": 60,
			"sizeTo": 60,
			"region": "碳钢工业-圆形",
			//"lightColor": "FF5845",
			"spin": -1,
			"colorFrom": "96A7DEFF",
			"colorTo": "96A7DE00"
//			"startDelay":5,//开始延迟
		},
		{
			"type": "ParticleEffect",
//			"line": true,
			"particles": 1,
			"lifetime": 45,
			"length": 0,
			"cone": 0,
//			"lenFrom": 4,
//			"lenTo": 4,
			"sizeFrom": 48,
			"sizeTo": 48,
			"region": "碳钢工业-圆形",
			//"lightColor": "FF5845",
			"spin": 1,
			"colorFrom": "96A7DEFF",
			"colorTo": "96A7DE00"
//			"startDelay":5,//开始延迟
		},
		{
			"type": "ParticleEffect",
//			"line": true,
			"particles": 1,
			"lifetime": 45,
			"length": 0,
			"cone": 0,
//			"lenFrom": 4,
//			"lenTo": 4,
			"sizeFrom": 48,
			"sizeTo": 48,
			"region": "碳钢工业-正方形",
			//"lightColor": "FF5845",
			"spin": -1,
			"colorFrom": "96A7DEFF",
			"colorTo": "96A7DE00"
//			"startDelay":5,//开始延迟
		},
		]
		}
}
}
]
}