{
	"type": "flying",
	"name": "塞落",
	"description": "似乎没有下一个了（）",
	"speed": 6,	
	"drag":0.06,
	"accel":0.1,
	"rotateSpeed":30,
	"ammoCapacity": 0,
	"hitSize":16, 
	"flying": true,
	"faceTarget": true,
	"range":280,
	"health": 900,
	"armor":8,
	"engineOffset": 2,
	"engineSize": 0.5,
	"buildSpeed": 2.5,
"mineFloor":true,
//能否挖地
"mineWalls":true,
//能否挖墙
"mineTier": 3,
"mineSpeed": 16,
"abilities":[
	{
    "type": "ForceFieldAbility"
    "radius": 48
    "regen": 1.5
    "max": 260
    "cooldown": 300
  }
  {
			"type": "RegenAbility",
			"percentAmount": 0.01
		}
  ]
	    "itemCapacity": 100,
	    	"ammoType":{
	"type":"PowerAmmoType",
	"totalPower":100
	},
	"weapons":[ 
	{
//"name":"垓亚1",
	"mirror":false,
	"rotateSpeed":3
  "x":0
  "y":0
  "shootY":4
  "top": true
  "rotate":false
  "reload": 90
  "shootSound":"missile",
  "ejectEffect":"none"
  "shots": 1,
  "inaccuracy":0
  "alternate":true,
  "ignoreRotation": false,
  "shoot": {
        "shots": 1,
        "shotDelay": 0
        }
"bullet":{
"buildingDamageMultiplier":0.01,
"type":"ArtilleryBulletType",
"ammoMultiplier":1,
"frontColor":"98ffa9",
"backColor":"98ffa9",
"trailColor":"98ffa9",
"hitSound":"none",
"width":10
"height":10
"shrinkY":0,
"collidesTeam":true,
//"collidesAir":false,
//"collidesGround":false,
//"collideFloor":false,
//"collides":false,
"collideTerrain":false,
//"absorbable":false,//受力墙影响
//"hittable":false,//被分解
"reflectable":false,//被反弹
"lifetime":60,
"speed":4.5,
"damage":0,
"healAmount":250,
"healPercent":25,
"splashDamageRadius":32,
"splashDamage":50
"hitShake":0
"hitEffect":"none"
"smokeEffect":"none",
"despawnEffect": {/*子弹消失特效*/
"type":"multiEffect",
"effects":[
{
			"type": "ParticleEffect",
//			"line": true,
			"particles": 1,
			"lifetime": 20,
			"length": 0,
			"cone": 360,
//			"lenFrom": 4,
//			"lenTo": 4,
			"sizeFrom": 32
			"sizeTo": 32,
			//"lightColor": "FF5845",
			"spin": 1,
			"colorFrom": "98FFA9FF",
			"colorTo": "98FFA900"
		},
		{
			"type": "ParticleEffect",
//			"line": true,
			"particles": 1,
			"lifetime": 60,
			"length": 0,
			"cone": 0,
//			"lenFrom": 4,
//			"lenTo": 4,
			"sizeFrom": 32,
			"sizeTo": 32,
			"region": "碳钢工业-圆形",
			//"lightColor": "FF5845",
			"spin": 1,
			"colorFrom": "98FFA9FF",
			"colorTo": "98FFA900"
//			"startDelay":5,//开始延迟
		},
		{
			"type": "ParticleEffect",
//			"line": true,
			"particles": 1,
			"lifetime": 60,
			"length": 0,
			"cone": 0,
//			"lenFrom": 4,
//			"lenTo": 4,
			"sizeFrom": 24,
			"sizeTo": 24,
			"region": "碳钢工业-圆形",
			//"lightColor": "FF5845",
			"spin": -1,
			"colorFrom": "98FFA9FF",
			"colorTo": "98FFA900"
//			"startDelay":5,//开始延迟
		},
		{
			"type": "ParticleEffect",
//			"line": true,
			"particles": 1,
			"lifetime": 60,
			"length": 0,
			"cone": 0,
//			"lenFrom": 4,
//			"lenTo": 4,
			"sizeFrom": 24,
			"sizeTo": 24,
			"region": "碳钢工业-正方形",
			//"lightColor": "FF5845",
			"spin": 1,
			"colorFrom": "98FFA9FF",
			"colorTo": "98FFA900"
//			"startDelay":5,//开始延迟
		},
		]
		}
		"shootEffect": {/*攻击特效*/
"type":"multiEffect",
"effects":[
		{
			"type": "ParticleEffect",
//			"line": true,
			"particles": 5,
			"lifetime": 60,
			"length": 60,
			"cone": 40,
//			"lenFrom": 4,
//			"lenTo": 4,
			"sizeFrom": 4,
			"sizeTo": 3,
			//"lightColor": "FF5845",
			"spin": 0,
			"colorFrom": "98FFA9FF",
			"colorTo": "98FFA900"
//			"startDelay":5,//开始延迟
		},
		]
		}
	    }
	    }
	    {
	"name":"塞落1",
	"mirror":true,
	"rotateSpeed":0
  "x":6
  "y":0
  "shootY":4
  "top": true
  "rotate":false
  "reload": 7.5
  "shootSound":"flame",
  "ejectEffect":"none"
  "shots": 1,
  "inaccuracy":0
  "alternate":true,
  "ignoreRotation": false,
        "bullet":{
"buildingDamageMultiplier":0.01,
"speed": 7.5
"lifetime": 30
"damage":15
"splashDamageRadius":12,
"splashDamage":8
"smokeEffect":"none"
"frontColor": "8BFF7EFF",
"backColor": "8BFF7EFF",
"width": 4,
"height": 6,       
"trailLength": 1.5,
"trailWidth": 2,
"trailColor": "8BFF7EFF",
"collidesTeam":true,
//"reflectable":false,//被反弹
"healAmount":50,
"healPercent":5,
        "shootEffect":{
  "type": "WaveEffect",
    "lifetime":7.5 ,
    "sizeFrom": 0,
    "sizeTo": 6,
    "strokeFrom": 0,
    "strokeTo": 0,
    "colorFrom": "8BFF7EFF",
    "colorTo": "8BFF7EFF"
    }
    "hitEffect":{
  "type": "WaveEffect",
    "lifetime":10 ,
    "sizeFrom": 0,
    "sizeTo": 12,
    "strokeFrom": 0,
    "strokeTo": 0,
    "colorFrom": "8BFF7EFF",
    "colorTo": "8BFF7EFF"
    }
    "despawnEffect":{
  "type": "WaveEffect",
    "lifetime":6 ,
    "sizeFrom": 0,
    "sizeTo": 12,
    "strokeFrom": 0,
    "strokeTo": 0,
    "colorFrom": "8BFF7EFF",
    "colorTo": "8BFF7EFF"
    }
}
}
	    ]
}