{
    "name":"推土机",
    "type": "Drill",
    "description":"字面意思，具有极快的挖土速度",
    "size": 4,
    "health": 640,
    "tier": 0,//挖掘等级
    "drillTime": 180,//挖掘间隔
    "liquidBoostIntensity":4,//加速倍率
    "canOverdrive": true,
    "warmupSpeed": 0.02,
	"drillEffect": "mineBig",
    "updateEffect": "mineBig",
    "rotateSpeed": 5,
    "drawMineItem": true,
    "consumes": {
        "liquid": {
            "liquid": "water",
            "amount": 0.1,
            "booster": true,
            "optional": true
        }
    },
    "itemCapacity": 40,//物品容量
    "liquidCapacity": 20,//液体容量
    "requirements": [	
   { "item": "silicon", "amount":65}
   { "item": "titanium", "amount":65}
   ],
    "category": "production",
    "research": "铜铅钻头"
}
