{
   "type":"Drill",
   "name":"铜铅钻头",
   "description":"使用铜和铅制成的混合钻头",
   "health":200,
   "cost":5
   "size":2,
   //大小
   "tier":3,
   "drillTime":380,
   //挖矿耗时
   "requirements": [
      "lead/15"
      "copper/10"
   ]
   "itemCapacity":10,
   "liquidBoostIntensity":1.85,
   //液体提供的加速
   "drawMineItem":true,
   "warmupSpeed":0.1,
       /*"consumes":{
        "liquid": {
        "liquid": "water",
        "amount":0.01,
        "optional":false
            "booster":false
        }
        "coolant":{
            "amount":0.01,
            "optional":true,
            "booster":true
        }
    },*/
   "consumes": {
        "liquid": {
        "liquid": "water",
        "amount":0.05,
        "booster": true,
        "optional": true
        }
   }
   
   	"research": {
		"root": true
		"name":"机械工业"
		"turbine-condenser":[
{   "type": "OnPlanet"
}
	]}
   "category": "production"
}