{
    "speed": 0.75,
    "hitSize": 11.25,
    "name": "立案",
    "health": 720,
    "description": "向目标发射带电能量弹。",
    "armor": 4,
    "range": 164,
    "type": "mech",
    "research": {
//        "parent": ""
    },
    "weapons": [
        {
            "name": "fbaa立案1",
            "reload": 35,
            "x": -5.5,
            "y": 0,
            "mirror": true,
            "top": false,
            "alternate": true,
            "shootCone": 45,
            "layerOffset": -0.001,
            "rotationLimit": 35,
            "rotateSpeed": 1,
            "rotate": true,
            "bullet": {
                "type": "basicBulletType",
                "damage": 20,
                "speed": 6,
                "lifetime": 28,
                "status": "shocked",
                "shrinkY": 0,
                "shrinkX": 0,

                "frontColor": "8598BFFF",
                "backColor": "DEEDFFFF",
                "pierceCap": 2,
                "pierce": true,
                "pierceBuilding": true,
                "intervalRandomSpread": 0,
                "intervalBullets": 1,
                "bulletInterval": 1,
                "intervalAngle": 180,
                "intervalSpread": 0,
                "fragVelocityMin": 8,
                "fragVelocityMax": 8,
                "despawnEffect": "none",
                "intervalBullet": {
                    "damage": 5,
                    "type": "LightningBulletType",
                    "lightningLength": 2,
                    "lightningLengthRand": 2,
                    "lightningColor": "8598BFFF",
                    "lightColor": "FFFFFFFF",
                    "status": "shocked",
                    "statusDuration": 30,
                    "collidesAir": false,
                    "hittable": false,
                    "ammoMultiplier": 1,
                    "lifetime": 5,
                    "hitEffect": "none"
                },
                "trailColor": "8598BFFF",
                "trailParam": 2,
                "trailWidth": 2,
                "trailLength": 8,
                "trailEffect": "none",
                "shootEffect": {
                    "type": "multiEffect",
                    "effects": [
                        {
                            "type": "WaveEffect",
                            "lifetime": 10,
                            "sizeFrom": 0,
                            "sizeTo": 15,
                            "strokeFrom": 1.5,
                            "strokeTo": 0,
                            "colorFrom": "8598BFFF",
                            "colorTo": "DEEDFFFF"
                        },
                        {
                            "type": "ParticleEffect",
                            "region": "狐冥-方",
                            "particles": 3,
                            "length": 40,
                            "lifetime": 48,
                            "interp": "circleOut",
                            "sizeInterp": "pow5Out",
                            "cone": 0,
                            "colorFrom": "8598BFFF",
                            "colorTo": "DEEDFFFF",
                            "sizeFrom": 5.5,
                            "sizeTo": 0
                        }
                    ]
                },
                "hitEffect": {
                    "type": "multiEffect",
                    "effects": [
                        {
                            "type": "WaveEffect",
                            "lifetime": 25,
                            "sizeFrom": 0,
                            "sizeTo": 20,
                            "strokeFrom": 3.5,
                            "strokeTo": 0,
                            "colorFrom": "8598BFFF",
                            "colorTo": "DEEDFFFF"
                        },
                        {
                            "type": "ParticleEffect",
                            "region": "狐冥-方",
                            "particles": 9,
                            "length": 40,
                            "lifetime": 48,
                            "interp": "circleOut",
                            "sizeInterp": "pow5Out",
                            "cone": 360,
                            "colorFrom": "8598BFFF",
                            "colorTo": "DEEDFFFF",
                            "sizeFrom": 4.5,
                            "sizeTo": 0
                        }
                    ]
                }
            }
        }
    ]
}