{
    "type": "multicraft.MultiCrafter"
	"name": "冶金炉",
	"description": "四大工业:炼铜，刻金，卖银，铝装(",
    "health":"240"//血量
	"size": 2,
	"buildCostMultiplier":0.6
	"hasPower": true,
	"hasLiquids": true,
	"hasItems": true,
	"craftTime": 30,/*加工时间，30=0.5秒*/
	"itemCapacity": 10,/*物品容量*/
	"drawer":{
		"type":"DrawMulti",
		"drawers":[
		{"type":"DrawDefault"},
		]
	}
    "recipes": [
      {
        "input": {
     "items":
     [重始科技-钛矿/5],
               "fluids": [
            "water/1"
          ]
     "power":3
    }
        "output": {
          "items": [
            "titanium/1",
          ],
                    "fluids": [
            "重始科技-蒸汽/1"
          ]
        },
        "craftTime": 60.0
      },
            {
        "input":{
        "items":
        [重始科技-钍矿/5]
                  "fluids": [
            "water/1"
          ]
        "power":3}
        "output": {
          "items": [
            "thorium/1",
          ],
                    "fluids": [
            "重始科技-蒸汽/1"
          ]
        },
        "craftTime": 60.0
      },
      {
        "input": {
     "items":
     [重始科技-金矿/5],
               "fluids": [
            "water/1"
          ]
     "power":5
    }
        "output": {
          "items": [
            "重始科技-金锭/1",
          ],
                    "fluids": [
            "重始科技-蒸汽/1"
          ]
        },
        "craftTime": 90.0
      },
    ]
"requirements": [
"copper/55"
"silicon/40"
"graphite/45"
	],
	"category": "crafting",
	"research": "工业",/*物品研究上一项*/
  	"idleSound": "respawning",/*音效*/
	"idleSoundVolume": 0.5/*音量*/
}