{
	"type": "GenericCrafter",
	"name": "冷凝器",
	"description": "注:新版冷凝器已改为冷凝蒸气",
	"health": 240,
	"buildCostMultiplier":0.6
	"drawer":{
       "type":"DrawMulti",
       "drawers":[
           "DrawDefault",
           "DrawFlame"
           ]
   },//特效
	"outputLiquid": 
	{"liquid": "water","amount": 0.25},
	"size": 2,
	"hasLiquids": true,
	"solid": true,
	"outputsLiquid": true,
	"hasPower": true,
	"liquidCapacity": 200,
	"craftTime": 60,
	"updateEffect": "freezing",
	"consumes": {
    "power": 1,
	"liquid":
    {"liquid": "蒸气", "amount": 1 }
		},
	"requirements": [
	"钢板/60"
    "metaglass/40"
    "lead/30"
	],
	"category": "crafting",
	"research": "汽轮机",
}