{
	"name":"凝铁锅"
	"type":"GenericCrafter"
	"description": "集四方之铁，凝为一锭",
	"itemCapacity":10,
	
	"health":1000,
	"size":2,
	"hasPower": true,
	"hasLiquids": true,
	"hasItems": true,
	
	"craftTime":65,
	"updateEffect": "none",
	"consumes": {
		"power":2,
		"liquid": {
			"liquid": "熔铁",
			"amount": 1
		}
	},
  	"liquidCapacity": 300
	"outputItem": { "item": "铁锭", "amount": 1 }
	
	"requirements": [
		{ "item": "copper", "amount": 25 },
        { "item": "metaglass", "amount": 50 },
		{ "item": "silicon", "amount": 100 },
		{ "item": "titanium", "amount": 80 },
		{ "item": "lead", "amount": 25 }
	],
	"category": "crafting",
	"research": "熔铁炉"
	"idleSound": "respawning",
	"idleSoundVolume": 0.5
}