{
    "type": "multicraft.MultiCrafter"
	"name": "售卖机",
	"description": "在战役中获得金币",
    "health":"240"//血量
	"size": 2,
	"buildCostMultiplier":0.6
	"hasPower": true,
	"hasLiquids": false,
	"hasItems": true,
	"craftTime": 30,/*加工时间，30=0.5秒*/
	"itemCapacity": 10,/*物品容量*/
	"drawer":{
		"type":"DrawMulti",
		"drawers":[
		{"type":"DrawDefault"},
		{"type":"DrawFrames",
		"frames":6,
		"sine":false}
		]
	}
    "recipes": [
      {
        "input": {
     "items":
     [重始科技-钢锭/5],
     "power":2
    }
        "output": {
          "items": [
            "重始科技-金币/1",
          ],
        },
        "craftTime": 60.0
      },
            {
        "input":{
        "items":
        [重始科技-映照合金/1]
        "power":2}
        "output": {
          "items": [
            "重始科技-金币/10",
          ],
        },
        "craftTime": 30.0
      },
            {
        "input":{
        "items":
        [spore-pod/100]
        "power":2}
        "output": {
          "items": [
            "重始科技-金币/1",
          ],
        },
        "craftTime": 120.0
      },
                  {
        "input":{
        "items":
        [coal/10]
        "power":2}
        "output": {
          "items": [
            "重始科技-金币/1",
          ],
        },
        "craftTime": 90.0
      },
    ]
"requirements": [
"copper/55"
"silicon/40"
"graphite/45"
	],
	"category": "crafting",
	"research": "工业",/*物品研究上一项*/
  	"idleSound": "respawning",/*音效*/
	"idleSoundVolume": 0.5/*音量*/
}