{
	"type": "GenericCrafter",
	"name": "混钢机",
	"description": "破案了，你要做钢",
"drawer":{
       "type":"DrawMulti",
       "drawers":[
           "DrawDefault",
           "DrawFlame"
           ]
   },
	"outputItem":
	{ "item": "钢粉", "amount": 1 },
	"size": 2,
	"hasPower": true,
	"hasLiquids": false,
	"hasItems": true,
	"craftTime": 40,
	"itemCapacity": 8,
	"updateEffect": "smeltsmoke",
	"consumes": {
    "power":1,
    "items": {	 "items": [
	  { "item": "铁粉", "amount": 2},
	  { "item": "coal", "amount": 3}
		                  ]
              }
 },
"requirements": [
		{ "item": "silicon", "amount": 50},
		{ "item": "copper", "amount": 70 },
		{ "item": "graphite", "amount":  50 }
	],
	"category": "crafting",
	"research": "熔铁炉",
	"idleSound": "respawning",
	"idleSoundVolume": 0.5
}