{
	"type": "GenericCrafter",
	"name": "炼油室",
	"description": "America:Ehehehehehe!",
	"health": 400,
	"outputLiquids":[
	{"liquid": "oil","amount": 0.6},
	{"liquid": "天然气","amount": 0.05},
	{"liquid": "润滑剂","amount": 0.2},
	]
	"itemCapacity": 10,
	"size": 2,
    "hasItems": false,
	"hasLiquids": true,
	"solid": true,
	"outputsLiquid": true,
	"hasPower": true,
	"liquidCapacity": 120,
	"craftTime": 80,
	"updateEffect": "electrified",
	"consumes": {
		"power": 3,
	"liquid": 
	{"liquid": "原油", "amount": 1 }
		},
	"requirements": [
	{ "item": "钢锭", "amount": 50 },
	{ "item": "机壳", "amount": 5 },
	{ "item": "om", "amount": 0},
	{ "item": "铁锭", "amount": 70 }
	
	],
	"category": "crafting",
	"research": "高级工业"
}

