{
	"type": "GenericCrafter",
	"name": "粉碎机(铁)",
	"description": "可以粉碎铁锭",
	"outputItem": "铁粉/1"
    "health":"240"//血量
	"size": 2,
	"buildCostMultiplier":0.6
	"hasPower": true,
	"hasLiquids": false,
	"hasItems": true,
	"craftTime": 30,/*加工时间，30=0.5秒*/
	"itemCapacity": 10,/*物品容量*/
	"drawer":{
    "type":"DrawMulti",
    "drawers":[
    "DrawDefault",
    "DrawFlame"]},
	"consumes": {
    "power":2.5,//用电量
    "items": {
	"items": [
	"铁锭/1"
	]}},
"requirements": [
"铁锭/60"
"silicon/40"
"graphite/40"
	],
	"category": "crafting",
	"research": "凝铁锅",/*物品研究上一项*/
  	"idleSound": "respawning",/*音效*/
	"idleSoundVolume": 0.5/*音量*/
}