{
	"type": "GenericCrafter",//类型
	"name": "铸币机",//名字
	"description": "资本家快乐机",//描述
"drawer":{
       "type":"DrawMulti",
       "drawers":[
           "DrawDefault",
           "DrawFlame"
           ]
   },//不知道啥
	"outputItem":
	{ "item": "金币", "amount": 10 },//输出物品
	"size": 2,//大小(格)
	"hasPower": true,//需要电
	"hasLiquids": false,//需要液体
	"hasItems": true,//需要物品
	"craftTime": 60,//制作时间
	"itemCapacity": 100,//物品容量
	"updateEffect": "smeltsmoke",//不知道啥
	"consumes": {
    "power":5,//需要的电(乘以60)
    "items": {	 "items": [
	  { "item": "金锭", "amount": 1}
		                  ]
              }
 },//输入物品
"requirements": [
		{ "item": "lead", "amount": 100},
		{ "item": "copper", "amount": 100 },
		{ "item": "金锭", "amount": 25 }
	],//制造需要的物品
	"category": "crafting",
	"research": "金矿炼炉",//前置研究
	"idleSound": "respawning",
	"idleSoundVolume": 0.5
}