{
    "type": "multicraft.MultiCrafter"
	"name": "锟压机",
	"description": "坤压只因(露出鸡脚",
    "health":"240"//血量
	"size": 2,
	"buildCostMultiplier":0.6
	"hasPower": true,
	"hasLiquids": false,
	"hasItems": true,
	"craftTime": 30,/*加工时间，30=0.5秒*/
	"itemCapacity": 10,/*物品容量*/
	"drawer":{
    "type":"DrawMulti",
    "drawers":[
    "DrawDefault",
    "DrawFlame"]},
    "recipes": [
      {
        "input": {
     "items":
     [copper/1],
     "power":2
    }
        "output": {
          "items": [
            "重始科技-铜板/1",
          ],
        },
        "craftTime": 60.0
      },
            {
        "input":{
        "items":
        [lead/1]
        "power":2}
        "output": {
          "items": [
            "重始科技-铅板/1",
          ],
        },
        "craftTime": 60.0
      },
            {
        "input":{
        "items":
        [重始科技-铁锭/1]
        "power":2}
        "output": {
          "items": [
            "重始科技-铁板/1",
          ],
        },
        "craftTime": 60.0
      },
                  {
        "input":{
        "items":
        [重始科技-钢锭/1]
        "power":2}
        "output": {
          "items": [
            "重始科技-钢板/1",
          ],
        },
        "craftTime": 60.0
      },
    ]
"requirements": [
"钢锭/60"
"silicon/40"
"graphite/40"
	],
	"category": "crafting",
	"research": "炼钢炉",/*物品研究上一项*/
  	"idleSound": "respawning",/*音效*/
	"idleSoundVolume": 0.5/*音量*/
}