{
  "type": "PowerTurret",
  "reload": 160,
  "health": 3000,
  "rotateSpeed": 0,
  "shootCone": 360,
  "range": 300,
  "shootY": 0,
  "category": "turret",
  "shootSound": "shockBlast",
  "research": "离散",
  "size": 4,
  "shoot": {
		"firstShotDelay": 30
		"shots": 3,
		"shotDelay": 20,
	},
	"drawer": {
    "type": "DrawMulti",
    "drawers": [
      {
        "type": "DrawTurret",
        "parts": [
        {
            "type": "FlarePart",
            "layer": 110,
            "progress": {
              "type": "warmup",
              "op": "blend",
              "other": "reload",
              "amount": 0.6
            },
            "color1": "F9A3C7FF",
            "stroke": 6,
            "radius": 5,
            "radiusTo": 10
          }
          ]
          }
          ]
          }
  "consumes": {
    "power": 0.9,
    "liquid": {
      "liquid": "ozone",
      "amount": 0.9
    }
  },
  "requirements": [
   "tungsten/290",
    "graphite/560",
    "silicon/350"
    "oxide/160"
    "carbide/30"
  ],
  "shootType": {
  "type": "FlakBulletType",
    "splashDamageRadius": 300,
    "buildingDamageMultiplier": 0.1,
			"splashDamage": 250,
			"damage":0
			"status": "unmoving",
			"statusDuration": 40,
			"speed": 0,
            "lifetime": 0,
            "collidesGround": true,
            "chargeEffect": {
        "type": "MultiEffect",
        "effects": [
          {
            "type": "WaveEffect",
            "lifetime": 30,
            "sizeFrom": 60,
            "sizeTo": 0,
            "strokeFrom": 5,
            "strokeTo": 5,
            "colorFrom": "ffffff",
            "colorTo": "F9A3C7FF"
            "interp" : "pow10In"
          },
          {
            "type": "WaveEffect",
            "lifetime": 30,
            "sizeFrom": 50,
            "sizeTo": 5,
            "strokeFrom": 5,
            "strokeTo": 5,
            "colorFrom": "ffffff",
            "colorTo": "F9A3C7FF"
            "interp" : "pow10Out"
          },
          {
            "type": "WaveEffect",
            "lifetime": 30,
            "sizeFrom": 10,
            "sizeTo": 5,
            "strokeFrom": 5,
            "strokeTo": 5,
            "colorFrom": "ffffff",
            "colorTo": "F9A3C7FF"
          }
        ]
      },
            "despawnEffect": {
      "type": "MultiEffect",
      "effects": [
{
    	"type": "MultiEffect",
		"effects": [
		{
          "type": "ParticleEffect",
          "particles": 10
          "strokeFrom": 10,
          "strokeTo": 1,
          "lenFrom": 36,
          "lenTo": 20,
          "length": 40,
          "baseLength": 10,
          "lifetime": 90,
          "colorFrom": "FFFFFF",
          "colorTo": "F9A3C7FF",
          "cone": 360
        }
		{
				"type": "ParticleEffect",
				"particles": 12,
				"line": true,
				"strokeFrom": 8,
				"strokeTo": 0,
				"lenFrom": 20,
				"lenTo": 5,
				"length": 120,
				"baseLength": 5,
				"lifetime": 70,
				"colorFrom": "ffffff",
				"colorTo": "F9A3C7FF"
			}
			{
				"type": "ParticleEffect",
				"particles": 1,
				"length": 0,
				"sizeFrom": 20,
				"sizeTo": 0,
				"baseLength": 0,
				"lifetime": 100,
				"colorFrom": "ffffff",
				"colorTo": "F9A3C7FF"
			}
			{
				"type": "ParticleEffect",
				"particles": 12,
				"strokeFrom": 8,
				"strokeTo": 0,
				"length": 30,
				"baseLength": 5,
				"lifetime": 70,
				"colorFrom": "ffffff",
				"colorTo": "F9A3C7FF"
			}
		{
					"type": "WaveEffect",
					"lifetime": 50,
					"sizeFrom": 0,
					"sizeTo": 300,
					"strokeFrom": 6,
					"strokeTo": 2,
					"colorFrom": "ffffff",
					"colorTo": "F9A3C7FF"
					"interp" : "pow10Out"
				},
		]
		}
      ]
    },
  }
  }