{
	"name": "核心",
	"description": "会生产科技点，最多可以建造一百个",
	"itemCapacity":1000,
	"hasItems": true,
	"health": 1000,
	"size": 1,
	"unitCapModifier":2,
	"unitType":"建造机",
	"buildCostMultipler":0.000001,
	"requirements": [
		{"item":"copper","amount":2600},
		{"item":"lead","amount":2600},
		{"item":"silicon","amount":1500},
		{"item":"thorium","amount":1300}
	],
	"alwaysUnlocked":true,
	"research":{
	"parent":"core-shard",
    "requirements":[
		{"item":"copper","amount":26000},
		{"item":"lead","amount":26000},
		{"item":"silicon","amount":15000},
		{"item":"thorium","amount":13000}
	]}
}