{
	"type": "UnitFactory",
	"name": "反重力军械厂",
	"description": "打印各种tier为1的单位",
    "health":820,
	"size":3
"consumes":{
"power":5.5}
	"plans":[
			{ "unit": "重型拦截机", 
	"time": 2400, 
	"requirements": [
        { "item": "silicon", "amount": 25 },
		{ "item": "lead", "amount": 45},	
		{ "item": "glass-alloy", "amount": 25}
		"基础芯片/10"
	]	}
		{ "unit": "轻型拦截机", 
	"time": 800, 
	"requirements": [
        { "item": "silicon", "amount": 15 },
		{ "item": "lead", "amount": 12},	
		{ "item": "titanium", "amount": 14}
	]	}
	{ "unit": "蟹兵", 
	"time": 1200, 
	"requirements": [
        { "item": "silicon", "amount": 70 },
		{ "item": "lead", "amount": 55},	
		{ "item": "titanium", "amount": 60}
		"基础芯片/30"
	]	}
	{ "unit": "自爆走蛛", 
	"time": 600, 
	"requirements": [
        { "item": "silicon", "amount": 8 },
		{ "item": "lead", "amount": 12},
		{ "item": "titanium", "amount": 8}
		{ "item": "coal", "amount": 12}
	]	}
	{ "unit": "日暮", 
	"time": 1200, 
	"requirements": [
        { "item": "silicon", "amount": 40 },
		{ "item": "lead", "amount": 60},	
		{ "item": "titanium", "amount": 75}
		{ "item": "graphite", "amount": 35},
		"基础芯片/20"
	]	}
		{ "unit": "冰洋", 
	"time": 1600, 
	"requirements": [
        { "item": "silicon", "amount": 60 },
		{ "item": "lead", "amount": 65},	
		{ "item": "titanium", "amount": 88}
		{ "item": "graphite", "amount": 55},
	]	}
	{ "unit": "攻顶", 
	"time": 1200, 
	"requirements": [
        { "item": "silicon", "amount": 25},
		{ "item": "lead", "amount": 30},	
		{ "item": "titanium", "amount": 25}
		{ "item": "graphite", "amount": 15},
	]	}
	{ "unit": "大型钍墙", 
	"time": 1200, 
	"requirements": [
        { "item": "silicon", "amount": 16 },
		{ "item": "thorium", "amount": 32},	
	]	}
	]
	"requirements": [	
		{ "item": "titanium", "amount": 150}
		{ "item": "lead", "amount": 150}
	    { "item": "silicon", "amount": 70 },
		{ "item": "graphite", "amount": 150},
		"基础芯片/60"
		],
	"category":"units",
	"research":"ground-factory"
}