{
	"type": "UnitFactory",
	"name": "孢兽孵化厂",
	"description": "生产孢子兵种",
    "health":820,
	"size":3
	"consumes":{
"power":3}
	"plans":[
	{ "unit": "兵蚁", 
	"time": 600, 
	"requirements": [
        { "item": "spore-pod", "amount": 80 },
	]	}
	{ "unit": "工蚁", 
	"time": 800, 
	"requirements": [
        { "item": "spore-pod", "amount": 112 },
	]	}
	{ "unit": "臭蛆", 
	"time": 540, 
	"requirements": [
        { "item": "spore-pod", "amount": 64 },
	]	}
	]
	"requirements": [	
		{ "item": "lead", "amount": 110}
	    { "item": "silicon", "amount": 70 },
		{ "item": "graphite", "amount": 60},
        { "item": "spore-pod", "amount": 250 },
		],
	"category":"units",
	"research":"反重力中枢升级厂"
}