{
	"type": "UnitFactory",
	"name": "打印基地",
	"description": "？",
    "health":680,
	"size":4
	"plans":[
	{ "unit": "铭刻", 
	"time": 2400, 
	"requirements": [ 
{ "item": "silicon", "amount": 30 },
		{ "item": "graphite", "amount": 40},	
		{ "item": "beryllium", "amount": 60}
	]	}
	{ "unit": "贷方", 
	"time": 2400, 
	"requirements": [ 
{ "item": "silicon", "amount": 40 },
		{ "item": "tungsten", "amount": 30},	
		{ "item": "beryllium", "amount": 80}
	]	}
	{ "unit": "查看", 
	"time": 2400, 
	"requirements": [ 
{ "item": "silicon", "amount": 40 },
		{ "item": "tungsten", "amount": 40},	
		{ "item": "beryllium", "amount": 60}
	] }
	{ "unit": "抢滩", 
	"time": 2800, 
	"requirements": [ 
{ "item": "silicon", "amount": 65 },
		{ "item": "graphite", "amount": 120},	
		{ "item": "beryllium", "amount": 80}
	] }
	{ "unit": "蝴兰", 
	"time": 600, 
	"requirements": [
{ "item": "silicon", "amount": 45 },
		{ "item": "graphite", "amount": 60},	
		{ "item": "tungsten", "amount": 80}
	]	}]
	"requirements": [
	{ "item": "silicon", "amount": 70 },
		{ "item": "graphite", "amount": 150},	
		{ "item": "beryllium", "amount": 150}
		{ "item": "tungsten", "amount": 150}
		],
	"category":"units",
	"research":"beryllium"
}