{
"type":"Reconstructor",
"name":"装填重构车间",
"description":"重构单位 ",
"size":3,
"health":3360,
"constructTime":3500,

"upgrades":[

["贷方","讨债"]
["蝴兰","圆舞曲"]
["查看","聚焦"]
]
"consumes":{
"power":4.5,
"items":{
"items":[
{"item":"graphite","amount":220},
{"item":"silicon","amount":150},
{"item":"瓷金","amount":120},
],  }   }
"requirements":[
{"item":"陶瓷","amount":250}
{"item":"graphite","amount":225}
{"item":"瓷金","amount":720}
{"item":"ek塑钢","amount":250}
  ]
"category":"units",
"research":"打印基地",
}