{
	"type":"ItemTurret",
	"name":"T2浪涌",
    "description":"远程炮塔，发射密集的抛射子弹打敌人",
	"size":4,//物品面积
	"health":1180,//建筑血量
	"ammoPerShot":2,
    "recoil":4,//后坐力,
	"range":600,//攻击范围
    "minRange":480	
	"reload":60,//60：0.1每秒一个
	"inaccuracy":12,//误差
    "velocityRnd":0.2	
	"ammoEjectBack":6
	"ammoPerShot":1,
	"ammoUseEffect": "casing3",
	"consumes": {
        "coolant": {
            "amount": 0.65,
            "optional": true
        }
    },
        "shoot": {
        "shots": 8
    },
	"rotateSpeed":1.6,//旋转速度
	"maxAmmo":20,//最大弹药
	"targetAir":true//攻击天空
	"targetGround":true,//攻击地面
	"coolantMultiplier":2,
	"heatColor":"#FF0000",
	"shootSound":"artillery",
	"ammoTypes":{
		"graphite": {
			"type":"ArtilleryBulletType",
		    "reloadMultiplier":1,
			"speed": 3,
			"knockback":0.8,
			"lifetime":50,
			"width": 20,
			"height": 20,
			"ammoMultiplier":2,
			"shootEffect": "shootBig" 	 
		    "splashDamageRadius":20,
	        "splashDamage":35,	
	         },	    
	    "silicon": {
			"type":"ArtilleryBulletType",
		    "reloadMultiplier":1,
			"speed": 3,
			"knockback":0.8,
			"lifetime":90,
			"width": 20,			
			"homingPower":0.08,
	  	    "homingRange":60,	   
			"height":20,
			"ammoMultiplier":3,
			"shootEffect": "shootBig" 	
		    "splashDamageRadius":20,
	        "splashDamage":40,
	        	},	    
	    "pyratite": {
			"type":"ArtilleryBulletType",
		    "reloadMultiplier":1,
			"speed": 3,
			"knockback":0.8,
			"lifetime":50,
			"width": 20,
			"height": 20,
			"shootEffect": "shootBig" 	
		    "status":"burning",
	        "statusDuration":720,
	  	    "homingRange":40,	   
	  	    "ammoMultiplier":4,
		    "splashDamageRadius":20,
	        "splashDamage":55,	
	        },	    
	    "plastanium": {
			"type":"ArtilleryBulletType",
		    "reloadMultiplier":1,
			"speed": 3,
			"knockback":1,
			"lifetime":50,
			"width": 20,
			"height": 20,
			"shootEffect": "shootBig" 	
	  	    "homingRange":40,	   
	  	    "ammoMultiplier":2,
	        "splashDamageRadius":26,
	        "splashDamage":65,	
	        "backColor":"9CB664FF"
            "frontColor":"CBD97FFF"
            "hitColor":"9CB664FF"
	        "fragBullets": 10,
            "fragBullet": {
                "speed": 0.4,
                "damage": 10,
                "lifetime": 15
            },},
	    
	    "blast-compound": {
			"type":"ArtilleryBulletType",
		    "reloadMultiplier":1,
			"speed": 3,
			"knockback":0.8,
			"lifetime":50,
			"width": 20,
			"height": 20,
			"shootEffect": "shootBig" 	
	  	    "homingRange":40,	   
	  	    "ammoMultiplier":4,
			"splashDamageRadius":35,
	        "splashDamage":85,	
	    	"status":"blasted",
	        "statusDuration":30,},  
	    
	},
	"requirements": [
		"白钢/100"
		"graphite/135"
		"titanium/60"
		"碳钢/100"
	],
	"category": "turret",
	"research":"ripple"
}