{
    "trailLength": 3,
    "payloadCapacity": 300,
    "mineSpeed": 10,
    "mineTier": 3,
    "buildSpeed": 3,
    "speed": 4,
    "health": 500,
    "targetGround": true,
    "name": "星际守卫",
    "rotateShooting": true,
    "armor": 3,
    "type": "payload",
    "description": "星际核心的专属单位",
    "moveForce": 25,
    "rotateSpeed": 5,
    "mass": 50,
    "maxVolcity": 10,
    "ammoCapacity": 200,
    "ammoResupplyAmount": 10,
    "flying": true,
    "hitSize": 20,
    "targetAir": false,
    "itemCapacity": 120,
    "isCounted": false,
    "turnCursor": false,
    "engineOffset": 10,
    "engineSize": 4,
    "weapons": [
        {
            "name": "D型轻型机枪",
            "reload": 1,
            "length": 8,
            "x": 0,
            "y": 0,
            "rotate": true,
            "rotateSpeed": 9,
            "inaccuracy": 1,
            "shots": 3,
            "shotDelay": 3,
            "shootSound": "pew",
            "alternate": true,
            "ejectEffect": "casing1",
            "bullet": {
                "buildingDamageMultiplier": 0.01,
                "damage": 15,
                "speed": 5,
                "lifetime": 64,
                "width": 7,
                "height": 10
            }
        },
    ]
}