{
    "type": "CoreBlock",
    "name": "暗蓝核心",
    "description": "暗蓝专属核心",
    "details": "暗蓝姬核心单位（狗头）",
    "itemCapacity": 12000,
    "health": 10000,
    "unitCapModifier": 12,
    "size": 5,
    "requirements": [
        {
            "item": "暗蓝石",
            "amount": 2000
        },
    ],
    "buildVisibility": "editorOnly",
    "isFirstTier": true,
    "category": "effect",
    "unitType": "暗蓝姬",
    "alwaysUnlocked": true,
    "research": {
        "root": true,
        "name": "暗蓝星",
        "planet": "暗蓝星"
    }
}