{
"name": "培养基"
    "craftTime": 120,
    	"health": 220,
    "size": 2,
    "hasLiquids": true,
    "hasPower": true,
    "hasItems": true,
    	"maxBoost":20,
	//提升效率上限
    "drawer":"DrawCultivator",
    "requirements": [
    { "amount": 215, "item": "压缩铜" },
    { "amount": 225, "item": "压缩铅" },
    { "amount": 120, "item": "压缩硅" }
    { "amount": 110, "item": "压缩玻璃" }
    ],
	"description": "使用水培孢子",
		"liquidCapacity":36,
		"consumes": {
		"power":1.4,
    "liquid": {"liquid": "water",
    "amount": 0.4},
}
    "drawer":{
	    "type":"DrawMulti",
	    "drawers":[
	        "DrawDefault",
            "DrawCultivator",
	        {
	            "type":"DrawRegion",
	            "suffix":"-top"
	        }
	        ]
	},
    "outputItem": {
    "item": "远古孢子", "amount": 1 },
	"attribute": "water",
    "type": "AttributeCrafter",
    "category": "production",
	"research": {
		"parent": "玻璃窑炉",
		"objectives": [
      {
				"type": "SectorComplete",
				"preset": "沿岸点"
			},
    ],
	},
	"idleSound": "machine",
	"idleSoundVolume": 0.2}