
	{
		"type":"GenericCrafter",
			//GenericSmelter已经删除，需要加-top贴图的需要以下结构:
			"name":"玻璃窑炉",
			"outputItem":"压缩玻璃/2",
			"itemCapacity":20,
			"health":85,
				"drawer":{
				"type":"DrawMulti",
				"drawers":[
					
						"DrawDefault"
					
					{
						"type":"DrawFlame"
						//这个type允许使用-top贴图并且拥有火焰动画
						}
						 
						]
						},
			"craftTime":259.2,
			"description":"用高温将压缩铅烧制成玻璃",
			"size":1
				//"updateEffect": "mineBig",
			"consumes":{
					 "power":0.64,
				"items":{
					"items":[
						"压缩铅/3"
					]
				}
			},
			"requirements":[
				"压缩铜/50",
				"压缩铅/35"
			],
			"research":"石墨压缩机",
			"category":"crafting"
		}