{
"type":"GenericCrafter",
	//GenericSmelter已经删除，需要加-top贴图的需要以下结构:
	"name":"石墨压缩机",
	"outputItem":"压缩石墨/1",
	"itemCapacity":10,
	"health":80,
		"drawer":{
		"type":"DrawMulti",
		"drawers":[
			
				"DrawDefault"
			
			{
				"type":"DrawFlame",
				//这个type允许使用-top贴图并且拥有火焰动画
				}
				 
				]
				}
	"craftTime":50,
	"description":"将碳化物进行压缩 ，让物质更改了性质   "
	"size":1,
		//"updateEffect": "mineBig",
	"consumes":{
			 "power":0,
		"items":{
			"items":[
				"碳化物/2",
			]
		}
	}
	"requirements":[
		"压缩铅/18",
		"压缩铜/15",
	]
	"research":"初代核心",
	"category":"crafting"
}