{
"type":"GenericCrafter",
	//GenericSmelter已经删除，需要加-top贴图的需要以下结构:
	"drawer":{
		"type":"DrawMulti",
		"drawers":[
			{
				"type":"DrawDefault"
			},
			{
				"type":"DrawFlame",
				//这个type允许使用-top贴图并且拥有火焰动画
				}
				]
				}
	"name":"硅机",
	"outputItem":"压缩硅/1",
	"itemCapacity":10,
	"health":160,
		// "speedBoostPhase": 0.5,//加速加成
	"craftTime":30,
	"description":"混合压缩硅……"
	"size":2,
	"consumes":{
	   "power":3.14,
		"items":{
			"items":[
				"sand/1",
				"碳化物/2",
			]
	
		
		}
	}
	"requirements":[
		"压缩石墨/80",
		"压缩铜/65"
	]
	"research":"玻璃窑炉",
	"category":"crafting"
}