{
  "type": "PowerTurret",
  "name": "太上",
  "description":"远距离范围轨道炮，适用于对敌人较为密集之处进行定点打击",
  "size": 16,
  "canOverdrive": false,
  "rotateSpeed": 3,
	"requirements": [
		"titanium/200000",
		"phase-fabric/28000",
		"plastanium/130000",
		"surge-alloy/16000",
		"thorium/88000",
		"silicon/75000",
		"graphite/60000",
	],
	"drawer": {
		"type": "DrawTurret",
		"parts": [
		{"type":"ShapePart",//前/外圆/圈
"color":"DEEDFFFF",
"circle":true,"hollow":true,"stroke":0,
"strokeTo":5,"radius":9,"layer":110,"y":-24,}
{"type":"ShapePart",//前/外圈/方形
"rotateSpeed":-0.75,"color":"DEEDFFFF",
"sides":6,"hollow":true,"stroke":0,
"strokeTo":5,"radius":6,"layer":110,"y":-24,}
{"type":"ShapePart",//前/内圈/方形
"rotateSpeed":0.75,"color":"DEEDFFFF",
"sides":6,"hollow":true,"stroke":0,
"strokeTo":2,"radius":3,"layer":110,"y":-24,}
{"type":"HaloPart",//前/内/三角形
"color":"DEEDFFFF",
"tri":true,"shapes":3,"triLength":0,
"triLengthTo":5,"radius":6,"haloRadius":9,
"haloRotateSpeed":0.75,"shapeRotation":180,
"haloRotation":180,"layer":110,"y":-24,}

{"type":"HaloPart",//前/外/三角形
"color":"DEEDFFFF",
"tri":true,"shapes":3,"triLength":0,
"triLengthTo":10,"radius":6,"haloRadius":9,
"haloRotateSpeed":0.75,"shapeRotation":0,
"haloRotation":180,"layer":110,"y":-24,},
{
						"type": "ShapePart",
						"progress": "warmup",
						"y": -24,
						"sides": 3,
						"color": "DEEDFFFF",
						"rotateSpeed": 2,
						"stroke": 0,
						"strokeTo": 2,
						"circle": false,
						"hollow": true,
						"radius": 0,
						"radiusTo": 18,
						"layer": 110
					},
					{
						"type": "ShapePart",
						"progress": "warmup",
						"y": -24,
						"color": "DEEDFFFF",
						"stroke": 0,
						"strokeTo": 6,
						"circle": true,
						"hollow": true,
						"radius": 0,
						"radiusTo": 30,
						"layer": 110
					},
					{
						"type": "RegionPart",
						"mirror": true,
						"suffix": "-xb",
						"top": "true",
						"heatProgress": "recoil",
						"under": true,
						"moveX": 8.75,
						"moveY": 3.25
					},
		],
		},
  "consumes":{"power":10000,
  },
  "research": "foreshadow",
  "health": 220000,
  "reload": 540,
  "accurateDelay":false,
  "rotateSpeed": 3.5,
  "inaccuracy": 0,
  "shake":8,
  "recoil": 18,
  "restitution": 0.008,
  "cooldown":0.006,
  "targetAir": true,
  "targetGround": true,
  "shots": 1,
  "range": 2400,
  "shootType": {
    "type": "LaserBulletType",
    "damage":10,
    "splashDamageRadius":800,
    "splashDamage": 7200,
    "lifetime": 45,
    "length":2400,
    "width":80,
    "lightningSpacing":12,
    "sideLength":96,
    "sideWidth":1.5,
    "sideAngle":60,
    "colors":["DEEDFFFF","DFDFDFFF","FFFFFFFF"],
    "ammoMultiplier":1,
    "hitEffect":{
    "type":"multiEffect",
    "effects":[
    {
    "type":"particleEffect",
    "lifetime":30,
    "length":48,
    "particles":24,
    "sizeFrom":4,
    "sizeTo":0,
    "colorFrom":"DEEDFFFF",
    "colorTo":"DEEDFFFF"
    },
    {
    "type":"particleEffect",
    "line":false,
    "lifetime":20,
    "length":12,
    "particles":1,
    "lenFrom":4,
    "lenTo":1,
    "strokeFrom":1,
    "strokeTo":0.5,
    "colorFrom":"FFFFFFFF",
    "colorTo":"FFFFFFFF"
    }
    ]}
    },
  "shootCone": 2,
  "shootSound": "laserblast",
  "category": "turret"
}