{
	"type": "ItemTurret",
	"name": "小钢炮",
	"description": "高级双管炮",
	"health": 480,
	"size": 1,
	"reload": 120,
	"range": 120,
	"ammoPerShot": 2,
	"consumes": {
		"coolant": {
			"amount": 0.1,
			"optional": true
		}
	},
	"shoot": {
		"shots": 4,
		"shotDelay": 3,
		"type": "ShootAlternate",
		"barrels": 2,
		"spread": 3
	},
	"xRand": 1,
	"ammoUseEffect": "casing2Double",
	"inaccuracy": 1,
	"rotateSpeed": 12,
	"shake": 1,
	"ammoTypes": {
		"copper": {
			"speed": 5,
			"damage": 12,
			"lifetime": 24,
			"width": 7,
			"height": 8,
			"ammoMultiplier": 2,
			"shootEffect": "shootSmall"
		},
		"graphite": {
			"reloadMultiplier": 0.5,
			"speed": 5,
			"damage": 19,
			"lifetime": 24,
			"width": 6.8,
			"height": 8,
			"ammoMultiplier": 4,
			"shootEffect": "shootSmall"
		},
		"silicon": {
			"speed": 5.3,
			"damage": 14,
			"reloadMultiplier": 1.6,
			"lifetime": 35,
			"width": 7,
			"height": 8,
			"shootEffect": "shootSmall",
			"homingRange": 40,
			"homingPower": 0.06,
			"ammoMultiplier": 5
		}
	},
	"researchCostMultiplier": 0.5,
	"requirements": [
		{
			"item": "copper",
			"amount": 65
		},
		{
			"item": "lead",
			"amount": 40
		}
	],
	"category": "turret",
	"research": "duo"
}