{
  "type": "PowerTurret",
  "size": 5,
  "name":"永夜",
  "health": 8400,
  "range": 500,
  "reload": 230,
  "inaccuracy": 2,
  "shots": 1,
  "hasPower": true,
  "consumes": {
    "power": 160
  },
  "targetAir": true,
  "targetGround": true,
  "recoilAmount": 6,
  "restitution": 0.08,
  "rotateSpeed": 1.0,
  "shootShake": 10,
  "shootSound": "bigLaserShoot",
  "shootType": {
    "type": "BasicBulletType",
    "sprite": "circle-bullet",
    "lightRadius": 80,
    "lightColor": "FFFDFDFF",
    "statusDuration": 100,
    "speed": 6,
    "hitSound": "plasmaboom",
    "lifetime": 110,
    "damage": 500,
    "shrinkX": 0,
    "shrinkY": 0,
    "scaleVelocity": true,
    "splashDamage": 550,
    "splashDamageRadius": 80,
    "height": 25,
    "width": 25,
    "trailColor": "FFFDFDFF",
    "trailLength": 10,
    "trailWidth": 4.5,
    "ammoMultiplier": 4,
    "frontColor": "FFFDFDFF",
    "backColor": "FFFDFDFF",
    "shootEffect": "shootBig",
    "hitEffect": {
      "type": "multiEffect",
      "layer": "110.001",
      "effects": [
        {
          "type": "ParticleEffect",
          "particles": 10,
          "offset": 100,
          "sizeFrom": 0,
          "sizeTo": 8,
          "length": 100,
          "baseLength": -100,
          "interp": "pow3In",
          "sizeInterp": "pow5Out",
          "lifetime": 40,
          "colorFrom": "FFFDFDFF",
          "colorTo": "FFFDFDFF"
        },
        {
          "type": "ParticleEffect",
          "particles": 10,
          "offset": 100,
          "sizeFrom": 1,
          "sizeTo": 3,
          "length": 150,
          "baseLength": -150,
          "interp": "pow3In",
          "sizeInterp": "pow5Out",
          "lifetime": 50,
          "colorFrom": "FFFDFDFF",
          "colorTo": "FFFDFDFF"
        },
        {
          "type": "ParticleEffect",
          "particles": 10,
          "offset": 100,
          "sizeFrom": 1,
          "sizeTo": 3,
          "length": 200,
          "baseLength": -200,
          "interp": "pow3In",
          "sizeInterp": "pow5Out",
          "lifetime": 60,
          "colorFrom": "FFFDFDFF",
          "colorTo": "FFFDFDFF"
        },
        {
          "type": "ParticleEffect",
          "particles": 10,
          "offset": 100,
          "sizeFrom": 1,
          "sizeTo": 3,
          "length": 250,
          "baseLength": -250,
          "interp": "pow3In",
          "sizeInterp": "pow5Out",
          "lifetime": 70,
          "colorFrom": "FFFDFDFF",
          "colorTo": "FFFDFDFF"
        },
        {
          "type": "ParticleEffect",
          "particles": 10,
          "offset": 100,
          "sizeFrom": 1,
          "sizeTo": 3,
          "length": 300,
          "baseLength": -300,
          "interp": "pow3In",
          "sizeInterp": "pow5Out",
          "lifetime": 80,
          "colorFrom": "FFFDFDFF",
          "colorTo": "FFFDFDFF"
        },
        {
          "type": "ParticleEffect",
          "particles": 45,
          "offset": 100,
          "sizeFrom": 1,
          "sizeTo": 3,
          "length": 350,
          "baseLength": -350,
          "interp": "pow3In",
          "sizeInterp": "pow5Out",
          "lifetime": 90,
          "colorFrom": "FFFDFDFF",
          "colorTo": "FFFDFDFF"
        },
        {
          "type": "ParticleEffect",
          "particles": 1,
          "sizeFrom": 30,
          "sizeTo": 0,
          "length": 0,
          "interp": "swingIn",
          "lifetime": 90,
          "layer": 109,
          "colorFrom": "FFFDFDFF",
          "colorTo": "FFFDFDFF"
        },
        {
          "type": "ParticleEffect",
          "particles": 1,
          "sizeFrom": 20,
          "sizeTo": 0,
          "length": 0,
          "interp": "swingIn",
          "lifetime": 90,
          "layer": 109,
          "colorFrom": "FFFDFDFF",
          "colorTo": "FFFDFDFF"
        },
        {
          "type": "ParticleEffect",
          "particles": 1,
          "sizeFrom": 12,
          "sizeTo": 0,
          "interp": "swingIn",
          "length": 0,
          "lifetime": 90,
          "colorFrom": "FFFDFDFF",
          "colorTo": "FFFDFDFF"
        }
      ]
    },
    "despawnEffect": "none",
    "lightning": 1,
    "lightningLength": 2,
    "lightningType": {
      "type": "BulletType",
      "collides": false,
      "hittable": false,
      "absorbable": false,
      "speed": 0,
      "lifetime": 1,
      "hitEffect": "none",
      "fragBullets": 110,
      "fragLifeMin": 0.01,
      "fragBullet": {
        "type": "BulletType",
        "speed": 0,
        "damage": 0,
        "lifetime": 80,
        "collides": false,
        "absorbable": false,
        "hittable": false,
        "lightning": 1,
        "lightningDamage": 10,
        "lightningLength": 9,
        "lightningLengthRand": 17,
        "lightningColor": "FFFDFDFF",
        "splashDamage": 50,
        "splashDamageRadius": 80,
        "knockback": -5,
        "lightRadius": 0,
        "hitEffect": "none",
        "keepVelocity": false,
        "despawnEffect": "none",
        "fragBullets": 25,
        "fragBullet": {
          "type": "SapBulletType",
          "damage": 0,
          "knockback": -5,
          "lifetime": 0,
          "pierce": true,
          "length": 140,
          "width": 0,
          "lightColor": "FFFDFDFF",
          "hitEffect": "none",
          "status": "none",
          "statusDuration": 100
        }
      }
    }
  },
 "drawer": {
		"type": "DrawTurret",
		"parts": [
		{
          "type": "HaloPart",
         "y": -8,
       "radius": 3,
        "tri": true,
        "layer": 110,
         "color": "FFFFFFFF",
          "haloRotateSpeed": 0.7,
           "haloRadius": 7,
         "haloRadiusTo": 7,
        "stroke": 0,
        "strokeTo": 2,
         "shapes": 2,
        "triLengthTo": 7,
         "triLength": 0
           },
           {
      "type": "HaloPart",
         "y": -8,
       "radius": 3,
        "tri": true,
        "layer": 110,
         "color": "FFFFFFFF",
          "haloRotateSpeed": -0.7,
           "haloRadius": 7,
         "haloRadiusTo": 7,
        "stroke": 0,
        "strokeTo": 2,
         "shapes": 2,
        "triLengthTo": 9,
         "triLength": 0
           },
           {
          "type": "HaloPart",
         "y": -8,
       "radius": 3,
        "tri": true,
        "layer": 110,
         "color": "FFFFFFFF",
          "haloRotateSpeed": 1.6,
         "haloRadius": 7,
         "haloRadiusTo": 7,
        "stroke": 0,
        "strokeTo": 1.5,
         "shapes": 4,
        "triLengthTo": 6,
         "triLength": 0
   },
 {
        "type": "HaloPart",
       "y": -8,
        "radius": 2.5,
        "tri": true,
        "layer": 110,
        "color": "FFFFFFFF",
        "haloRadius": 8,
        "stroke": 0,
        "strokeTo": 2,
         "shapes": 4,
         "triLength": 0,
        "triLengthTo": 8
         },
          { 
        "type": "HaloPart",
        "y": -13,
        "radius": 2.5,
        "tri": true,
        "layer": 110,
        "color": "FFFFFFFF",
        "haloRadius": 8,
        "shapeRotation": 180,
         "stroke": 0,
        "strokeTo": 2,
         "shapes": 4,
          "triLength": 0,
        "triLengthTo": 7
}
		]
	},
   "requirements": [
    "silicon/20000",
    "plastanium/20000",
    "thorium/20000",
    "phase-fabric/30000",
    "surge-alloy/15000",
  ],
  "category": "turret",
  "research": "foreshadow"
}
