{
  "type": "ItemTurret",
  "size": 8,
  "name":"震爆",
  "health": 8800,
  "range": 640,
  "reload": 340,
  "targetAir": false,
  "recoil": 6,
  "rotateSpeed": 1.5,
  "moveWhileCharging": false,
  "shake": 10,
  "smoothReloadSpeed": 0.15,
  "shootWarmupSpeed": 0.05,
  "minWarmup": 0.8,
  "shoot": {
    "firstShotDelay": 80
  },
  "shootSound": "matter",
  "chargeSound": "grinding",
  "ammoTypes": {
    "thorium": {
      "type": "BasicBulletType",
      "shrinkY": 0.3,
      "shrinkX": 0.3,
      "damage": 0,
      "shootEffect": {
        "type": "multiEffect",
        "effects": [
          {
            "type": "ParticleEffect",
            "particles": 30,
            "offset": 50,
            "length": 100,
            "lifetime": 50,
            "cone": 360,
            "colorFrom": "FFCBDDFF",
            "colorTo": "FFCBDDFF",
            "sizeFrom": 8,
            "sizeTo": 1
          },
          {
            "type": "WaveEffect",
            "lifetime": 25,
            "sizeFrom": 0,
            "sizeTo": 100,
            "lightColor": "FFCBDDFF",
            "interp": "circleOut",
            "strokeFrom": 11,
            "strokeTo": 0,
            "colorFrom": "FFCBDDFF",
            "colorTo": "FFCBDDFF"
          }
        ]
      },
      "spawnBullets": [
        {
          "fragBullets": 3,
          "fragRandomSpread": 0,
          "fragVelocityMin": 0.75,
          "fragSpread": 4,
          "fragBullet": {
            "damage": 940,
            "buildingDamageMultiplier": 0.4,
            "shrinkX": 0,
            "shrinkY": 0,
            "speed": 6.5,
            "height": 26,
            "width": 20,
            "type": "BasicBulletType",
            "intervalBullet": {
              "type": "LightningBulletType",
              "status": "sapped",
              "lightningColor": "FFCBDDFF",
              "damage": 0,
              "lightningLength": 0
            },
            "scaleLife": true,
            "lifetime": 100,
            "trailColor": "FFCBDDFF",
            "trailLength": 8,
            "trailWidth": 3.5,
            "frontColor": "FFFFFF",
            "backColor": "FFCBDDFF"
          },
          "type": "BulletType",
          "lifetime": 0
        }
      ],
      "instantDisappear": true
    }
  },
  "consumes": {
    "power": 40
  },
  "requirements": [
    "lead/1450",
    "titanium/2000",
    "copper/1600",
    "silicon/1200",
    "plastanium/2000",
  ],
  "category": "turret",
  "research": "foreshadow"
  "drawer": {
		"type": "DrawTurret",
		"parts": [
			{
				"type": "HaloPart",
				"mirror": true,
				"tri": true,
				"y": -24,
				"shapes": 2,
				"stroke": 3,
				"triLength": 0,
				"triLengthTo": 18,
				"haloRadius": 21,
				"haloRotation": 60,
				"color": "FFCBDDFF",
				"colorTo": "FFCBDDFF",
				"layer": 110//边刺
			},
			{
				"type": "HaloPart",
				"mirror": true,
				"tri": true,
				"y": -24,
				"shapeRotation": 180,
				"shapes": 2,
				"stroke": 3,
				"triLength": 0,
				"triLengthTo": 4.5,
				"haloRadius": 21,
				"haloRotation": 60,
				"color": "FFCBDDFF",
				"colorTo": "FFCBDDFF",
				"layer": 110
			},
			{
				"type": "ShapePart",
				"hollow": true,
				"circle": true,
				"y": -24,
				"radius": 6,
				"stroke": 0,
				"strokeTo": 1.6,
				"color": "FFCBDDFF",
				"colorTo": "FFCBDDFF",
				"layer": 110//中圆
			},
			{
				"type": "ShapePart",
				"hollow": true,
				"circle": true,
				"y": -24,
				"radius": 12,
				"stroke": 0,
				"strokeTo": 1.6,
				"color": "FFCBDDFF",
				"colorTo": "FFCBDDFF",
				"layer": 110//外圈
			},
			{
				"type": "ShapePart",
				"hollow": true,
				"y": -24,
				"rotation": 150,
				"radius": 12,
				"stroke": 0,
				"strokeTo": 1.6,
				"rotateSpeed": -2,
				"color": "FFCBDDFF",
				"colorTo": "FFCBDDFF",
				"layer": 110
			},
			{
				"type": "HaloPart",
				"tri": true,
				"y": -24,
				"shapes": 4,
				"radius": 4.5,
				"triLength": 0,
				"triLengthTo": 3,
				"haloRadius": 12,
				"haloRotation": 45,
				"haloRotateSpeed": -1,
				"color": "FFCBDDFF",
				"colorTo": "FFCBDDFF",
				"layer": 110
			},
			{
				"type": "HaloPart",
				"tri": true,
				"y": -24,
				"shapeRotation": 180,
				"shapes": 4,
				"radius": 4.5,
				"triLength": 0,
				"triLengthTo": 1.5,
				"haloRadius": 11,
				"haloRotation": 45,
				"haloRotateSpeed": -1,
				"color": "FFCBDDFF",
				"colorTo": "FFCBDDFF",
				"layer": 110
			}
		]
	},
}
