{
	"type": "PowerTurret",
	"health": 964000,
	"armor": 7,
	"size": 7,
	"range": 2190,
	"reload": 600,
	"shake": 8,
	"recoil": 8,
	"shootY": 20,
	"recoilTime": 440,
	"cooldownTime": 440,
	"rotateSpeed": 2,
	"canOverdrive": false,
	"minWarmup": 0.99,
	"shootWarmupSpeed": 0.06,
	"shoot": {
		"shots": 3,
		"shotDelay": 10,
		"firstShotDelay": 40
	},
	"consumes": {
		"power": 3800,
		"coolant": {
			"amount": 1,
			"optional": true
		}
	},
	"liquidCapacity": 40,
	"coolantMultiplier": 1.25,
	"chargeSound": "lasercharge2",
	"shootSound": "阿包包",
	"coolEffect": {
		"type": "WaveEffect",
		"sides": 4,
		"lifetime": 60,
		"sizeFrom": 0,
		"sizeTo": 9,
		"strokeFrom": 2,
		"strokeTo": 0,
		"rotation": 90,
		"colorFrom": "A9D8FF",
		"colorTo": "66B1FF"
	},
	"shootType": {
		"type": "EmpBulletType",
		"sprite": "circle-bullet",
		"damage": 835000,
		"lifetime": 53,
		"speed": 62,
		"width": 12,
		"height": 12,
		"shrinkY": 0,
		"hittable": false,
		"absorbable": false,
		"splashDamage": 850,
		"splashDamageRadius": 160000,
		"shootEffect": {
			"type": "ParticleEffect",
			"line": true,
			"particles": 12,
			"lifetime": 20,
			"length": 45,
			"cone": 30,
			"lenFrom": 6,
			"lenTo": 6,
			"strokeFrom": 3,
			"strokeTo": 0,
			"lightColor": "66B1FF",
			"colorFrom": "A9D8FF",
			"colorTo": "66B1FF"
		},
		"hitPowerEffect": {
			"type": "ParticleEffect",
			"line": true,
			"particles": 6,
			"lifetime": 22,
			"length": 80,
			"cone": -360,
			"lenFrom": 6,
			"lenTo": 6,
			"colorFrom": "A9D8FF",
			"colorTo": "66B1FF"
		},
		"radius": 80,
		"timeIncrease": 1.5,
		"unitDamageScl": 0.5,
		"status": "次级辐射",
		"statusDuration": 160,
		"homingPower": 0.08,
		"homingRange": 360,
		"frontColor": "A9D8FF",
		"backColor": "66B1FF",
		"trailColor": "66B1FF",
		"trailLength": 8,
		"trailWidth": 4,
		"trailInterval": 12,
		"trailChance": 1,
		"trailRotation": true,
		"trailEffect": {
			"type": "ParticleEffect",
			"line": true,
			"particles": 3,
			"lifetime": 25,
			"length": 24,
			"baseLength": 0,
			"lenFrom": 12,
			"lenTo": 0,
			"cone": 15,
			"offsetX": -15,
			"lightColor": "A9D8FF",
			"colorFrom": "66B1FF",
			"colorTo": "A9D8FF"
		},
		"fragBullets": 1,
		"fragVelocityMin": 1,
		"fragBullet": {
			"type": "BulletType",
			"damage": 0,
			"lifetime": 1,
			"speed": 0,
			"shootEffect": {
				"type": "ParticleEffect",
				"particles": 10,
				"lifetime": 80,
				"length": 40,
				"cone": 360,
				"offset": 20,
				"sizeFrom": 4,
				"sizeTo": 0,
				"interp": "circleOut",
				"colorFrom": "A9D8FF",
				"colorTo": "66B1FF"
			},
			"collides": false,
			"hittable": false,
			"absorbable": false,
			"reflectable": false,
			"pierceArmor": true,
			"ammoMultiplier": 1,
			"splashDamage": 600,
			"splashDamageRadius": 160,
			"status": "EMP",
			"statusDuration": 60,
			"hitEffect": {
				"type": "MultiEffect",
				"effects": [
					{
						"type": "WrapEffect",
						"effect": "dynamicSpikes",
						"color": "A9D8FF",
						"rotation": 150
					},
					{
						"type": "ParticleEffect",
						"particles": 12,
						"lifetime": 36,
						"length": 40,
						"sizeFrom": 5,
						"sizeTo": 0,
						"cone": 360,
						"interp": "circleOut",
						"colorFrom": "66B1FF",
						"colorTo": "A9D8FF"
					},
					{
						"type": "ParticleEffect",
						"particles": 6,
						"lifetime": 15,
						"length": 60,
						"baseLength": 8,
						"sizeFrom": 3,
						"sizeTo": 0,
						"cone": 360,
						"colorFrom": "66B1FF",
						"colorTo": "A9D8FF"
					},
					{
						"type": "WaveEffect",
						"lifetime": 15,
						"sizeFrom": 8,
						"sizeTo": 50,
						"strokeFrom": 2,
						"strokeTo": 0,
						"colorFrom": "66B1FF",
						"colorTo": "A9D8FF"
					}
				]
			},
			"despawnEffect": {
				"type": "MultiEffect",
				"effects": [
					{
						"type": "ParticleEffect",
						"particles": 1,
						"lifetime": 15,
						"length": 0,
						"sizeFrom": 160,
						"sizeTo": 160,
						"interp": "circleOut",
						"colorFrom": "66B1FF",
						"colorTo": "A9D8FF00"
					},
					{
						"type": "WaveEffect",
						"lifetime": 60,
						"sizeFrom": 160,
						"sizeTo": 160,
						"strokeFrom": 4,
						"strokeTo": 0,
						"colorFrom": "66B1FF",
						"colorTo": "A9D8FF"
					}
				]
			}
		}
	},
	"requirements": [
		"copper/22000",
		"graphite/48000",
		"plastanium/87000",
		"surge-alloy/28800",
		"phase-fabric/19000"
	],
	"category": "turret",
	"research": "血雨"
}