{ 
    "type":"GenericCrafter", 
    "name":"琉璃合成台", 
    "description":"将琉璃沙块和钢化玻璃融合而产生的一种玻璃"
    "size":2
    "outputItem": 
        {"item":"琉化玻璃","amount":1}, 
"consumes":{
       "power": 1,
          "items":[
        {"item":"琉璃沙块","amount":10},
        {"item":"metaglass","amount":1},
                    ],
         },
    "requirements":[ 
        {"item":"silicon","amount":35}, 
        {"item":"metaglass","amount":20}, 
        {"item":"次元锭","amount":10}
        {"item":"sand","amount":200}
        ], 
        "updateEffect": "freezing",
        "drawer": {
		"type": "DrawMulti",
		"drawers": [
			"DrawDefault",
			{
			"type": "DrawFlame",
		"flameColor": "#e7e7e7",
		}
		]
	},
    "craftTime":750, 
    "health":300, 
    "itemCapacity":20, 
    "research":"琉璃转换器",
    "category":"crafting" ,
}
/*星渊:这个机器好特别啊。