
{
	"name": "空间扭曲",
	"description": "前期加速器",
	"type": "OverdriveProjector",
	"health": 160,
	"size": 2,
	"range": 120,
	"reload": 50,
	"speedBoostPhase":2
	"phaseRangeBoost":60
	"speedBoost": 2,
	"consumes": {
		"power": 0.5,
        "items":{
			"items":[
				{"item":"copper","amount":1}
			]
			"booster":true
			"optional": true
		}
	},
	"requirements": [
		{ "item":"copper","amount": 180 }
		{ "item":"graphite","amount": 45 }
		{ "item":"lead","amount": 160 }
	],
	"category":"effect",
	"research":"泡泡制造机",
	"alwaysUnlocked":true
	"baseColor":"ffccff"
	"phaseColor":"ffccff"
	"lightColor":"ffccff"
}//