{
            "name":"大型排气冷凝机"
            "type":"AttributeCrafter",
            "attribute" :"steam"
            "category": "production"
            "minEfficiency":8,
            "liquidCapacity":1000
            "outputLiquid": { "liquid": "water", "amount": 5},
            "group" : "liquids" 
            "drawer": {"type": "DrawMulti",
	"drawers": [
		{"type": "DrawRegion",
		"suffix": "-bottom"
		},
		{"type": "DrawBlurSpin",
		"suffix": "-转"
		"rotateSpeed":6
		},
		"DrawDefault",
		]	}
            "displayEfficiency" : false  
            "generateEffect" :"turbinegenerate"  
            "effectChance" :0.4
            "size" : 2
            "consumes": { "power": 5}
    "requirements": [
        "beryllium/600"
        "graphite/400"
    ],
    "research": {"parent": "vent-condenser"
    "requirements": [
            "beryllium/1200"
            "graphite/800"
        ]
    },
    "fogRadius": 7
}