{"type": "BurstDrill",
"name":"崩解钻头",
"description": "以极快速度挖掘矿物，需要氰气冷却",
"tier":20
"drillTime":90,
"arrowSpacing":3
"itemCapacity":50
"fogRadius":20
"shake":8
"arrowOffset":0
"arrowglowColor":"BF92F9FF"
"glowColor":"BF92F9FF"
"size":6
"research":"04-离子轰击钻"
"category":"production",
"consumes": { "power": 12
"liquid": {
			"liquid":"water",
			"amount":0.12,
		}
		}
		"arrows":4
"requirements": [
        "thorium/100",
        "carbide/70",
        "silicon/50"
    ],
"drillEffect":{
        "type":"MultiEffect",
        "effects":
        [
            {
                "type":"WaveEffect",
                "lifetime":30,
                "sizeFrom":5,
                "sizeTo":40,
                "strokeFrom":7,
                "strokeTo":1,
                "colorFrom":"BF92F9FF",
                "colorTo":"BF92F9FF"
            },
            {
                "type":"WaveEffect",
                "lifetime":30,
                "sizeFrom":3,
                "sizeTo":25,
                "strokeFrom":3,
                "strokeTo":1,
                "colorFrom":"BF92F9FF",
                "colorTo":"BF92F9FF"
            },
            {
                "type":"WaveEffect",
                "lifetime":10000,
                "sizeFrom":7,
                "sizeTo":9,
                "strokeFrom":2,
                "strokeTo":2,
                "colorFrom":"BF92F9FF",
                "colorTo":"BF92F9FF"
            },
            {
                "type":"ParticleEffect",
                "line":true,
                "lifetime":60,
                "baseLength":10,
                "length":30,
                "lenFrom":30,
                "lenTo":0,
                "strokeFrom":5,
                "strokeTo":0,
                "colorFrom":"BF92F9FF",
                "colorTo":"BF92F9FF"
            }
            {
                "type":"ParticleEffect",
                "line":true,
                "lifetime":90,
                "baseLength":15,
                "length":10,
                "lenFrom":10,
                "lenTo":1,
                "strokeFrom":3,
                "strokeTo":1,
                "colorFrom":"BF92F9FF",
                "colorTo":"BF92F9FF"
            }
        ]
        
        
        
        
        },
		}
		