{
    "details": "新式机炮与弹药，强化引擎与装甲",
    "health": 270,
    "armor":1,
    "speed":0.564,
    "weapons": [
        {
            "name": "尖刀1",
            "reload": 19.6,
            "x": 4,
            "y": 2,
            "rotate": false,
            "inaccuracy": 0,
            "alternate": true,
            "top": false,
            "shoot": {
				"shots":2,
				"shotDelay": 4.5
			},
            "ejectEffect": "casing1",
            "bullet": {
                "damage": 13,
                "speed": 4.8,
                "lifetime": 44,
                "drag":0.006,
                "width": 6,
                "height": 13
            }
        }
    ]
}