{
	"health": 2080,
	"details": "使用增程弹药，换用“倾覆”爆破弹发射器\n要对空有射程，要射速有射程\n蛐蛐飞机也敢阻止我拆核心？纳米装甲，小子！",
	"targetAir": false,
	"armor": 11,
	"range": 302,
	"speed":0.538,
	"weapons": [
		{
			"name": "堡垒1",
			"reload": 95,
			"x": 9,
			"y": 1,
			"shoot": {
				"shots":2,
				"shotDelay": 5
			},
			"rotate": false,
			"inaccuracy": 0,
			"shake": 2,
			"recoil": 4,
			"top": false,
			"alternate": true,
			"ejectEffect": "casing3",
			"shootSound": "artillery",
			"bullet": {
				"damage": 36,
				"speed": 3.6,
				"lifetime": 84.5,
				"knockback": 2.4,
				"hitSound": "explosion",
				"hitEffect": "flakExplosionBig",
				"despawnEffect": "flakExplosionBig",
				"smokeEffect": "shootBig",
				"splashDamage": 90,
				"splashDamageRadius": 42,
				"width": 12,
				"height": 16
			}
		}
	]
}