{
    "type": "GenericCrafter",
    "name": "暗物质聚合仪",
    "requirements": [
        {
            "item": "copper",
            "amount": 750
        },
        {
            "item": "lead",
            "amount": 400
        },
        {
            "item": "铜板",
            "amount": 860
        },
        {
            "item": "graphite",
            "amount": 900
        }
    ],
	"outputItems": [
	    {
	        "item": "封装暗物质团",
	        "amount": 1
	    },
	],
	"hasPower": true,
	"hasItems": true,
	"hasLiquids": false,
	"itemCapacity": 
	25,
	"craftTime": 2000,
	"category": "production",
	"research":"",
	"updateEffect": "shockwave",
	"consumes": {
	    "power": 25
	},
	"size": 3,
	"ambientSound": "grinding",
	"ambientSoundVolume": 0.012,

    "description": "以极其缓慢的速度在空间之中收集微量的暗物质。"
	"craftEffect": {
		"type": "MultiEffect",
		"effects": [
{"type":"WaveEffect",
    "lifetime":60,
    "colorFrom":"FFFFFFFF",
    "colorTo":"4F4F4FFF",
    "lightColor":"D9D9D9FF",
    "sizeFrom":5,
    "sizeTo":0,
    "lightScl":3.0,
    "lightOpacity":1,
    "strokeFrom":4,
    "strokeTo":0,
    //"interp":linear,//插值
    //"lightInterp":reverse,//插值
    "offsetX":0.0,
    "offsetY":0.0
},
{
			"type": "WaveEffect",
			"lifetime": 30,
			"sizeFrom": 0,
			"sizeTo": 25,
			"strokeFrom": 3,
			"strokeTo": 0,
			"colorFrom": "F381F5FF",
			"colorTo": "761877FF"
}
]
},
}