{
    "type": "SolidPump",
	"legacyReadWarmup": true,
	"displayEfficiency": true,
	"baseEfficiency": 1,
	"boostScale": 1,
	"maxBoost": 1,
	"minEfficiency": -1,
	"displayEfficiencyScale": 1,
	"attribute": "water",
    "requirements": [
        {
            "item": "silicon",
            "amount": 40
        },
        {
            "item": "titanium",
            "amount": 55
        },
        {
            "item": "graphite",
            "amount": 50
        },
        {
            "item": "metaglass",
            "amount": 45
        }
    ],
    "size": 3,
    "pumpAmount": 0.42,
    "liquidCapacity": 40,
    "rotateSpeed": 1.5,
    "result": "water",
    "research": "water-extractor",
    "category": "production",
    "description": "更大的地下泵能泵出更多的液体。",
    "name": "大型抽水机",
    "consumes": {
        "power": 2.5
    }
}
