{
	"name": "次代合晶钻头",
	"description": "",
	//"type": "Drill",
	"health": 2150,
	"size": 4,
	"tier": 7,
	"baseExplosiveness":60,
	"rotateSpeed":4,
	"warmupSpeed":0.03,
	"itemCapacity": 50,
	"liquidCapacity": 30,  
	"canOverdrive": true,
	"drawRim":true,
	"hasItems": true,
	"drillTime": 40,  
"drillEffect": "flakExplosionBig",
"updateEffect": "mineHuge",
"liquidBoostIntensity": 1.975,
	"consumes": {
	"power":12,  
	"liquid": {
       "liquid": "能量流体",
       "amount": 0.1,
       "booster": true,
       "optional": false
        }
	},
	"requirements": [
		{ "item": "铝", "amount": 300 },
		{ "item": "废晶", "amount": 195 },
		{ "item": "塑胶", "amount": 200 },
		{ "item": "赤金", "amount": 80  },
		{ "item": "凝能晶", "amount": 30  },
		{ "item": "初代合晶", "amount": 50  }
			{ "item": "次代合晶", "amount": 20  }
	],
	"category": "production",
	"research": {
		"parent": "初代合晶钻头",
		
		"objectives": [
      {
				"type": "SectorComplete",
				"preset": "暗流"
			},
    ],
	},
}
