{
	// "type": "Drill",
	"name":"硅晶钻头",
    "description": "",
    "health":200,
    "itemCapacity":10,
    "tier":3,
    //钻头的开采等级
    "drillTime":300,
    //矿物开采耗时
    "size":2,
    "armor":2,
    "group":"drills"
    "hasLiquids": true,
	"alwaysUnlocked":false,
	"liquidCapacity":18,
    "drawMineItem":true,
    //是否在中心绘画所采矿物的颜色
    "drillEffect": "mine",
    "updateEffect":"lightningCharge",
    "heatColor":"#71d5ff",
    //开采出矿物时的颜色
    "rotateSpeed":3,//贴图转速
    "warmupSpeed":1,
    //钻头完全启动的速度(一除以(此数值*60)(单位/秒))
    "liquidBoostIntensity":1.25,
    //液体提供的加速效果
		"consumes": {
		"liquid": {
			"liquid": "water", 
			"amount": 0.1,
			"booster": true,
			"optional": true
		}
	},
   	"requirements": [
	    "铝/20",
	     "粗硅晶/12",
	    ]
		"research": {
		"parent": "铝钻头",
	},
    "category": "production"
}