{
	"name":"宙斯",
	"description":"拥有轨道炮，激光等……\n目标反应堆"
	"hitSize":65,
	//碰撞箱
    "rotateSpeed":2,
    //转身速度
    "itemCapacity":150,
        "circleTarget":false,
    //物品容量
    "canDrown":false,
    //能否被淹死
    "buildSpeed":0,
    //建筑速率
   // "type":"flying",
    //空军
   "forceMultiTarget" :true
    "flying":true,
    //是否飞行
    "speed":0.55,
    //移速
      "targetFlags": [
      	"reactor"
	],
    "health":72000,
    "lowAltitude":true,
    "engines": [//多引擎
    {
        "x": -20//横坐标
        "y": -30//纵坐标
        "radius": 8//大小
        "rotation": 0//旋转
    },
    {
        "x": 20//横坐标
        "y": -30//纵坐标
        "radius": 8//大小
        "rotation": 0//旋转
    }
],
    "armor":20,
    //护甲
    "research":"宇空",
	"weapons":[
		{"name":"宇空导弹",  
	"mirror":false,
	 "x":10,"y":0,
	"reload":150,
	"shoot":{
	    "shots":8,
	    "shotDelay":1},
	"shootSound":"missile",
	"rotate": true,
	"rotateSpeed":4,
	"inaccuracy":6,
	"bullet":{
	"type":"MissileBulletType",
	"damage": 680,
	"shootEffect":"none",
	"smokeEffect":"none",
	"splashDamageRadius":35,
	"splashDamage":380,
    "lightningDamage":13,
    "lightningColor": "FF0000FF",
    "lightning":1,
    "lightningLength":15,
	"hitEffect":"flakExplosionBig",
	"despawnEffect":"flakExplosion",
    "width": 10,	"height": 18,
	"speed": 5,	"lifetime": 70}},
/*{
            "name":"宙斯主炮",
            "y":0,
            "x":0,
            "shootY":22,
            "ejectEffect":"none",
            "reload":300,
            //射速
            //"minShootVelocity":0.01
            //最新射击速度
            "soundPitchMin":1.5
            
            "recoil":0,
            "shake":0,
            "alwaysContinuous":true
            //总是连续的
            "shootCone":10,
            "alternate":false
            //候补
            "shootSound":"laserbeam"
            "rotate":false,
            "top":false,
            "mirror":false,
            "bullet": {
                "type": "ContinuousFlameBulletType",
				"colors": [
					"FF0000FF"
					"FF0000FF",
					"FF0000FF",
					"FF0000FF",
					"FF0000FF"
				],
				"damage":30,
				"lifetime": 60,
				"length": 450,
				"width": 8,
				"recoil": -0.05,
				"drawFlare": false,
				"status": "烈性燃烧",
				"statusDuration":1500,
				"incendChance":1,
				//引火概率
				"incendSpread":5,
				//燃烧蔓延
				    //"pierceCap":2;
				"incendAmount":1
				//引火数量
				"hitEffect": {
					"type": "ParticleEffect",
					"line": true,
					"particles": 7,
					"lifetime": 15,
					"length": 65,
					"cone": -360,
					"strokeFrom": 2.5,
					"strokeTo": 0,
					"lenFrom": 8,
					"lenTo": 0,
					"colorFrom": "FF0000FF",
					"colorTo": "FF0000FF"
				}
            }
            }
            {
				"name": "宙斯厄兆",
			"reload": 100,
			"x":20,
			"y": -10,
			   "top":false,
			"rotate": true,
			"alternate": true,
			"rotateSpeed": 1,
			"shake": 1,
			"shootSound": "railgun",
			"bullet": {
				"type": "PointBulletType",
				"trailEffect": {
					"type": "ParticleEffect",
					"particles": 1,
					"length": 0,
					"baseLength": 1,
					"lifetime": 10,
					"line": true,
					"randLength": false,
					"lenFrom": 10,
					"lenTo": 10,
					"strokeFrom": 5,
					"strokeTo": 0,
					"colorFrom": "FF0000FF",
					"colorTo": "FF0000FF",
					"cone": 0
				},
				"trailSpacing": 9,
				"smokeEffect": "bigShockwave",
				"shootEffect": {
					"type": "ParticleEffect",
					"particles": 1,
					"sizeFrom": 7,
					"sizeTo": 0,
					"length": 0,
					"baseLength": 0,
					"lifetime": 11,
					"colorFrom": "FF0000FF",
					"colorTo": "FF0000FF",
					"cone": 360
				},
				"speed": 30,
				"lifetime": 16,
				"status": "烈性燃烧",
				"statusDuration": 180,
				"buildingDamageMultiplier": 1,
				"splashDamageRadius": 50,
				"splashDamage": 450,
				"hitShake": 1,
				"hitSound": "plasmaboom",
				"hitEffect": {
					"type": "MultiEffect",
					"effects": [
						{
							"type": "ParticleEffect",
							"particles": 16,
							"sizeFrom": 15,
							"sizeTo": 0,
							"length": 40,
							"baseLength": 48,
							"lifetime": 25,
							"colorFrom": "FF0000FF",
							"colorTo": "FF0000FF",
							"cone": 360
						},
						{
							"type": "ParticleEffect",
							"particles": 42,
							"line": true,
							"strokeFrom": 2,
							"strokeTo": 0,
							"lenFrom": 24,
							"lenTo": 0,
							"length": 83,
							"baseLength": 0,
							"lifetime": 20,
							"colorFrom": "FF0000FF",
							"colorTo": "FF0000FF",
							"cone": 360
						},
						{
							"type": "WaveEffect",
							"lifetime": 15,
							"sizeFrom": 0,
							"sizeTo": 87,
							"strokeFrom": 5,
							"strokeTo": 0,
							"colorFrom": "FF0000FF",
							"colorTo": "FF0000FF"
						},
						{
							"type": "ParticleEffect",
							"particles": 1,
							"sizeFrom": 8,
							"sizeTo": 0,
							"length": 0,
							"baseLength": 0,
							"lifetime": 35,
							"colorFrom": "FF0000FF",
							"colorTo": "FF0000FF",
							"cone": 360
						}
					]
				},
				"despawnEffect": "bigShockwave",
				"fragBullets": 8,
				"fragBullet": {
					"type": "PointBulletType",
					"trailSpacing": 9,
					"trailEffect": {
						"type": "ParticleEffect",
						"particles": 1,
						"length": 0,
						"baseLength": 1,
						"lifetime": 8,
						"line": true,
						"randLength": false,
						"lenFrom": 10,
						"lenTo": 10,
						"strokeFrom": 2,
						"strokeTo": 0,
						"colorFrom": "FF0000FF",
						"colorTo": "FF0000FF",
						"cone": 0
					},
					"lifetime": 10,
					"speed": 3,
					"status": "烈性燃烧",
					"statusDuration": 60,
					"buildingDamageMultiplier": 3,
					"splashDamageRadius": 60,
					"splashDamage": 200,
					"hitShake": 6,
					"hitSound": "laser",
					"hitEffect": {
						"type": "MultiEffect",
						"effects": [
							{
								"type": "ParticleEffect",
								"particles": 1,
								"sizeFrom": 5,
								"sizeTo": 0,
								"length": 0,
								"baseLength": 0,
								"lifetime": 11,
								"colorFrom": "FF0000FF",
								"colorTo": "FF0000FF",
								"cone": 360
							},
							{
								"type": "ParticleEffect",
								"particles": 22,
								"line": true,
								"strokeFrom": 1,
								"strokeTo": 0,
								"lenFrom": 18,
								"lenTo": 0,
								"length": 33,
								"baseLength": 2,
								"lifetime": 10,
								"colorFrom": "FF0000FF",
								"colorTo": "FF0000FF",
								"cone": 360
							}
						]
					},
					"despawnEffect": "none"
				}
			}
		},  */
			{	"name": "宙斯厄兆",
	"reload": 100,  
    "x": 0,  "y": -15, 
	"cooldownTime": 90,
    "rotate": true,
    "rotateSpeed":4,
    "mirror":false,
    "inaccuracy": 0,
    "shootSound":"railgun",
	"shake":8,
	"bullet":{	
	"type":"RailBulletType",
    "damage":1250,
    "pierce": true,	
	"pierceBuilding":true,
	"pierceEffect":"railHit",
    "pointEffect":"railTrail",
    "hitEffect":"massiveExplosion",
    "smokeEffect":"shootBig2",
    "pierceDamageFactor":0.2,
    "length":784,
    "despawnEffect":"bigShockwave"
	}	}
	 {
            "name": "宙斯能量弹",
            "reload":85,
            "x":8,
            "y":3,
            "top": false,
            		"shoot":{
				"shots":5,
				"shotDelay":5
			}
            "ejectEffect": "casing1",
            "bullet": {
                "type": "BasicBulletType",
                "damage":180,
                      	  "buildingDamageMultiplier":1,      
                "speed":6,
                "width":10,
                "height":20,
                "lifetime":50,
                "shootEffect": "shootSmall",
                "smokeEffect": "shootSmallSmoke",
                "ammoMultiplier": 1.2
                                "lightningDamage":35,
                "lightning":5,
                    "lightningColor": "FF0000FF",
                "lightningLength":15,
                                    "fragBullets":3 ,
            "fragBullet": {
               "type": "ShrapnelBulletType",
            "status":"shocked",
            "damage": 60,
            "length": 80,
            "fromColor": "FF0000FF",
            //"incendChance": 1.5,
            //"incendAmount": 1,
            "knockback": 1.2
                   "buildingDamageMultiplier":2.5,  
                 "lightningDamage":40,
                "lightning":5,
                "lightningLength":20,       
                       "lightningColor": "FF0000FF",    
            },
            }
        },
        ]
        	"abilities":[
    		{
			"type": "ForceFieldAbility",
    		"radius":90,
    		//范围
    		"regen":2,
    		//每帧盾容回复量
    		"max":9600,
    		//盾容
    		"cooldown":260
    		//被击破后的冷却(8/1s)
		},
	{"type":"ShieldRegenFieldAbility",//护盾再生场
	 "amount":150//再生值
	 "max":2000
	 "reload":300//间隔时间（帧）
	"range":104//范围
	 }
	],
}