{
    "type": "Reconstructor",
    "name": "万相级单位工厂",
    "description": "将T6单位升级为T7，需要资源和冷冻液",
    "health": 8600,
    "size": 12,
    "hasliquid": true,
    "liquidCapacity": 1200,
    "buildCostMultiplier": 1,
    "consumes": {
        "power": 115,
        "items": {
            "items": [
                {
                    "item": "surge-alloy",
                    "amount": 9550
                },
                {
                    "item": "铝",
                    "amount": 11000
                },
                {
                    "item": "plastanium",
                    "amount": 16500
                },
                {
                    "item": "phase-fabric",
                    "amount": 3550
                },
                {
                    "item": "硅胶",
                    "amount": 7500
                },
                {
                    "item":"铝合金",
                    "amount":12850
                },
            ]
        },
        "liquid": {
            "liquid": "cryofluid",
            "amount": 9
        }
    },
    "upgrades": [
        [
            "帝冕",
            "玄桦"
        ],
        [
            "潮汐",
            "渊戟"
        ],
        [
            "陨星",
            "碎星"
        ],
        [
            "灵鲸",
            "天龙"
        ],
        [
            "地龙",
            "虬龙"
        ],
        [
            "破空",
            "赤阳"
        ],
    ],
    "constructTime": 38000,
    "requirements": [
        {
            "item": "copper",
            "amount": 12000
        },
        {
            "item": "lead",
            "amount": 75000
        },
        {
            "item": "phase-fabric",
            "amount": 12500
        },
        {
            "item": "thorium",
            "amount": 16000
        },
        {
            "item": "silicon",
            "amount": 8000
        },
        {
            "item": "surge-alloy",
            "amount": 12500
        },
        {
            "item": "plastanium",
            "amount": 11000
        }
        {
            "item": "铝",
            "amount": 20000
        }
        {
            "item": "硅胶",
            "amount": 18000
        }
    ],
  "category":"units",//游戏界面分类
  "research":"千琉级单位工厂",//科技树前一项
  "rebuildable":true,//是否能重建
}