{
    "type": "Reconstructor",
    "name": "千琉级单位工厂",
    "description": "将T5单位升级为T6，需要资源和冷冻液",
    "health": 4240,
    "size": 10,
    "hasliquid": true,
    "liquidCapacity": 800,
    "buildCostMultiplier": 1,
    "consumes": {
        "power": 60,
        "items": {
            "items": [
                {
                    "item": "surge-alloy",
                    "amount": 4550
                },
                {
                    "item": "silicon",
                    "amount": 2250
                },
                {
                    "item": "plastanium",
                    "amount": 3650
                },
                {
                    "item": "铝",
                    "amount": 1500
                },
                {
                    "item": "thorium",
                    "amount": 4650
                },
            ]
        },
        "liquid": {
            "liquid": "cryofluid",
            "amount": 6
        }
    },
    "upgrades": [
        [
            "oct",
            "雷劫"
        ],
        [
        	"toxopid",
        	"地龙"
        ],
        [
            "eclipse",
            "破空"
        ],
        [
            "reign",
            "帝冕"
        ],
        [
            "corvus",
            "陨星"
        ],
        [
        	"navanax",
        	"灵鲸"
        ],
        [
            "omura",
            "潮汐"
        ],
    ],
    "constructTime": 21600,
    "requirements": [
        {
            "item": "copper",
            "amount": 7000
        },
        {
            "item": "lead",
            "amount": 5000
        },
        {
            "item": "phase-fabric",
            "amount": 3200
        },
        {
            "item": "thorium",
            "amount": 4500
        },
        {
            "item": "silicon",
            "amount": 6000
        },
        {
            "item": "surge-alloy",
            "amount": 7500
        },
        {
            "item": "plastanium",
            "amount": 3800
        }
        {
            "item": "铝",
            "amount": 3000
        }
        {
            "item": "铝合金",
            "amount": 1800
        }
    ],
    "category": "units",
    "buildVisibility": "shown",
    "research": "tetrative-reconstructor"
}