{
    "name": "高能芯片装配厂",
    "type": "GenericCrafter",
    "description": "用于组装高能芯片\n\n[blue][超限技术高级工厂]",
    "itemCapacity": 20,
    "health": 1280,
    "size": 4,
    "hasPower": true,
    "hasLiquids": true,
    "hasItems": true,
    "craftTime": 30,
    "updateEffect": "none",
        "drawer": [            
         {
                "type": "DrawRegion",
                "suffix": "-bottom",
                "rotateSpeed":0,
                "rotation":0
            }
            {
                "type": "DrawRegion",
                "suffix": "-turbine",
                "rotateSpeed":2
            },
            {
                "type": "DrawRegion",
                "suffix": "-weave",
                "rotateSpeed":-2,
                "rotation":45
            }           
        "DrawWeave",
        "DrawWarmupRegion",
        "DrawDefault",
    ],
    "consumes": {
    "power": 12,
        "items": {
            "items": [   { "item": "silicon","amount": 7 },
                { "amount": 10, "item": "copper" }
                {"item": "1集成电路","amount": 5 },
                {"item": "thorium","amount": 3 },
           ]
        },
    },
    "research": {
	"parent":"BAAsGT1J电路装配厂"
	"objectives": [
            {
				"type": "OnSector",
				"preset": "无风海湾"
			}
	]
	}
    "outputItem": {"item": "2高能芯片","amount": 5}
    "requirements": [
        { "item": "titanium","amount": 350},
        {"item": "graphite","amount":300},
	{ "amount": 240, "item": "1绝缘钢" }
	{"item": "1集成电路","amount": 160},
        {"item": "copper","amount": 300},
        {"item": "1复合物","amount": 160},
        {"item": "lead","amount": 800}
    ],
    "category": "crafting",
    "buildCostMultiplier":0.4
}