{
    "type": "ItemTurret",
    "recoilTime": 600,
    "reload": 30,
    "range": 260,
    "size": 6,
    "inaccuracy": 1,
    "recoil": 1,
    "shake": 0.1,
    "hasLiquids": true,
    "shootSound": "missile",


    "scaledHealth": 240,
    "ammoUseEffect": "casing2",
    "shoot": {
        "type": "ShootAlternate",
        "shots": 100,
        "barrels": 10,
        "spread": 4,
        "shotDelay": 2.5
    },
    "shootY": 100,
    "ammoTypes": {
        "copper": {
            "type": "MissileBulletType",
            "hitSize": 5,
            "width": 6,
            "sprite": "计划战争_V7-138测试-z",
            "height": 10,
            "pierce": false,
            "damage": 16,
            "lifetime": 10.4,
			"homingPower": 0,
			"homingRange": 0,
			"trailChance": 0,
            "trailWidth": 1.8,
            "trailLength": 10,
            "speed": 25,
            "shootEffect": "shootBig",
			"backColor":"FFFFFF",
			"trailColor":"D1D1D1",
			"splashDamageRadius": 10,
			"splashDamage": 2,
			"reloadMultiplier": 1.3,
				"fragBullets": 4,
				"fragBullet": {
					"type": "BasicBulletType",
					"backColor":"FFFFFF",
	        		"trailColor":"D1D1D1",
	        		"trailWidth": 0.5,
	        		"trailLength": 1,
					"damage": 9,
					"pierce": true,
					"speed": 5,
					"knockback": -0.5,
					"lifetime": 18,
					"width": 0.2,
					"weight": 0.2
				}
        },
        "silicon": {
            "type": "MissileBulletType",
            "hitSize": 5,
            "width": 9,
            "height": 9,
            "damage": 75,
            "lifetime": 15.2,
            "ammoMultiplier": 3.3,
            "knockback": 0.5,
            "trailWidth": 3,
            "trailLength": 10,
            "speed": 17,
            "reloadMultiplier": 0.88,
            "shootEffect": "shootBig",
			"homingPower": 10,
			"homingRange": 60,
			"trailChance": 100,
			"backColor":"FFFFFF",
			"trailColor":"6D6D6D"
        }
    },
    "requirements": [
    ],
	"category": "turret",
	"description": "",
	"consumes": {
		"coolant": {
			"amount": 0.2,
			"optional": true
		}
	},
	"coolantMultiplier": 7
		"buildVisibility":"sandboxOnly",
	//"buildVisibility":"editorOnly"
}