{
	"inaccuracy": 8,
	"shootEffect": "shootBig",
	"smokeEffect": "shootBigSmoke",
	"range": 340,
	"shoot": {
		"shots": 5
	},
	"ammoTypes": {
		"graphite": {
			"type": "ArtilleryBulletType",
			"knockback": 0.8,
			"speed": 3,
			"lifetime": 115,
			"width": 11,
			"height": 11,
			"collidesTiles": false,
			"damage": 20,
			"hitEffect": "blastExplosion",
			"splashDamageRadius": 18.75,
			"splashDamage": 33,
			"frontColor":"DAE1EE",
			"backColor":"7D89D8"
		},
		"silicon": {
			"type": "ArtilleryBulletType",
			"knockback": 0.8,
			"speed": 3,
			"lifetime": 115,
			"width": 11,
			"height": 11,
			"collidesTiles": false,
			"reloadMultiplier": 1.2,
			"ammoMultiplier": 3,
			"homingPower": 0.08,
			"homingRange": 50,
			"damage": 20,
			"hitEffect": "blastExplosion",
			"splashDamageRadius": 18.75,
			"splashDamage": 33,
			"trailLength": 9,
			"trailWidth": 3.1,
			"frontColor":"999BA0",
			"backColor":"707594",
			"trailColor":"999BA0"
		},
		"pyratite": {
			"type": "ArtilleryBulletType",
			"knockback": 0.8,
			"speed": 3,
			"lifetime": 115,
			"width": 13,
			"height": 13,
			"collidesTiles": false,
			"ammoMultiplier": 4,
			"damage": 24,
			"splashDamageRadius": 18.75,
			"splashDamage": 45,
			"frontColor": "f8ad42",
			"backColor": "f68021",
			"hitEffect": "blastExplosion",
			"makeFire": true,
			"trailEffect": "incendTrail",
			"status": "burning",
			"statusDuration": 720
		},
		"blast-compound": {
			"type": "ArtilleryBulletType",
			"knockback": 0.8,
			"speed": 3,
			"lifetime": 115,
			"sprite": "shell",
			"width": 14,
			"height": 14,
			"collidesTiles": false,
			"hitEffect": "flakExplosionBig",
			"damage": 20,
			"splashDamageRadius": 33.75,
			"splashDamage": 55,
			"frontColor":"EEAB89",
			"backColor":"E9665B",
			"status": "blasted",
			"statusDuration": 60
		},
		"plastanium": {
			"type": "ArtilleryBulletType",
			"knockback": 1,
			"speed": 3.4,
			"lifetime": 102.5,
			"sprite": "shell",
			"width": 13,
			"height": 13,
			"collidesTiles": false,
			"damage": 20,
			"splashDamageRadius": 26.25,
			"splashDamage": 45,
			"hitEffect": "plasticExplosion",
			"backColor": "d8d97f",
			"frontColor": "fffac6",
			"fragBullets": 10,
			"fragBullet": {
				"type": "BasicBulletType",
				"speed": 2.5,
				"damage": 12,
				"width": 10,
				"height": 12,
				"shrinkY": 1,
				"lifetime": 15,
				"backColor": "d8d97f",
				"frontColor": "fffac6",
				"despawnEffect": "none",
				"collidesAir": false
			}
		},
		"硅钢": {
			"type": "ArtilleryBulletType",
			"backColor": "7595D2",
			"damage": 15,
			"speed": 3,
			"width": 12,
			"height": 12,
			"knockback": 0.8,
			"lifetime": 115,
			"hitEffect": "blastExplosion",
			"splashDamageRadius": 32,
			"splashDamage": 25,
			"ammoMultiplier": 2,
			"status": "unmoving",
			"statusDuration": 10
		},
		"集束": {
			"type": "ArtilleryBulletType",
			"rangeChange": 30,
			"speed": 2.5,
			"lifetime": 140,
			"width": 15,
			"height": 15,
			"backColor": "D85555",
			"frontColor": "FE7777",
			"damage": 10,
			"shootEffect": "shootBig",
			"status": "blasted",
			"splashDamageRadius": 20,
			"splashDamage": 30,
			"hitEffect": "flakExplosion",
			"ammoMultiplier": 6,
			"fragLifeMin": 0.3,
			"fragBullets": 5,
			"fragBullet": {
				"hitEffect": "blastExplosion",
				"status": "blasted",
				"width": 8,
				"height": 9,
				"backColor": "D85555",
				"frontColor": "FE7777",
				"damage": 9,
				"scaledSplashDamage": true,
				"splashDamageRadius": 35,
				"splashDamage": 42,
				"lifetime": 20,
				"speed": 1.5
			}
		}
	}
}