{
	"ammoUseEffect": "casing2",
	"inaccuracy": 17,
	"rotateSpeed": 12,
	"shake": 0.5,
	"targetGround": false,
	"ammoTypes": {
		"scrap": {
			"type": "FlakBulletType",
			"ammoMultiplier": 5,
			"speed": 6,
			"lifetime": 36,
			"width": 6,
			"height": 8,
			"damage": 3,
			"splashDamage": 33,
			"splashDamageRadius": 24,
			"reloadMultiplier": 0.5,
			"hitEffect": "flakExplosion",
			"despawnEffect": "hitBulletColor",
			"frontColor":"F5E0CC",
			"backColor":"D8887E",
			"hitColor":"D8887E"
		},
		"lead": {
			"type": "FlakBulletType",
			"ammoMultiplier": 4,
			"speed": 6.5,
			"lifetime": 33,
			"width": 6,
			"height": 8,
			"damage": 3,
			"splashDamage": 40.5,
			"splashDamageRadius": 15,
			"hitEffect": "flakExplosion"
		},
		"metaglass": {
			"type": "FlakBulletType",
			"ammoMultiplier": 5,
			"reloadMultiplier": 0.8,
			"speed": 6,
			"lifetime": 36,
			"width": 6,
			"height": 8,
			"damage": 3,
			"splashDamage": 45,
			"splashDamageRadius": 20,
			"hitEffect": "flakExplosion",
			"despawnEffect": "hitBulletColor",
			"fragBullets": 6,
			"frontColor":"FFFFFF",
			"backColor":"B9C9DF",
			"hitColor":"FFFFFF",
			"fragBullet": {
				"type": "BasicBulletType",
				"collidesGround": false,
				"despawnEffect": "none",
				"width": 5,
				"height": 12,
				"shrinkY": 1,
				"damage": 5,
				"lifetime": 20,
				"speed": 3,
				"frontColor":"FFFFFF",
				"backColor":"B9C9DF",
				"hitColor":"FFFFFF"
			}
		},
		"blast-compound": {
			"type": "FlakBulletType",
			"inaccuracy": 6,
			"explodeRange": 28,
			"reloadMultiplier": 0.8,
			"ammoMultiplier": 5,
			"speed": 6,
			"lifetime": 34,
			"width": 8,
			"height": 10,
			"damage": 3,
			"splashDamage": 60,
			"splashDamageRadius": 36,
			"backColor": "E58956",
			"hitEffect": "flakExplosionBig",
			"status": "blasted",
			"statusDuration": 60
		},
		"硅钢": {
			"type": "FlakBulletType",
			"ammoMultiplier": 4,
			"speed": 6,
			"lifetime": 34,
			"width": 6,
			"height": 8,
			"damage": 3,
			"splashDamage": 40,
			"splashDamageRadius": 24,
			"frontColor": "FFFFFF",
			"backColor": "7595D2",
			"hitColor": "7595D2",
			"status": "休克",
			"statusDuration": 40,
			"hitEffect": "flakExplosion",
			"despawnEffect": "hitBulletColor"
		}
	}
}