{
	"range": 260,
	"shoot": {
		"shots": 8,
		"shotDelay": 2,
		"type": "ShootAlternate",
		"barrels": 3,
		"spread": 3.5
	},
	"ammoPerShot": 1,
	"reload": 32,
	"ammoTypes": {
		"blast-compound": {
			"type": "MissileBulletType",
			"width": 8,
			"height": 8,
			"shrinkY": 0,
			"speed": 3.7,
			"lifetime": 70.27,
			"damage": 10,
			"splashDamageRadius": 30,
			"splashDamage": 50,
			"ammoMultiplier": 5,
			"hitEffect": "blastExplosion",
			"despawnEffect": "blastExplosion",
			"frontColor":"EEAB89",
			"backColor":"E9665B",
			"hitColor":"E9665B",
			"status": "blasted",
			"statusDuration": 60
		},
		"pyratite": {
			"type": "MissileBulletType",
			"frontColor": "f8ad42",
			"backColor": "f68021",
			"hitColor": "f68021",
			"width": 7,
			"height": 8,
			"shrinkY": 0,
			"homingPower": 0.08,
			"makeFire": true,
			"speed": 3.7,
			"lifetime": 70.27,
			"damage": 12,
			"splashDamageRadius": 20,
			"splashDamage": 45,
			"ammoMultiplier": 5,
			"hitEffect": "blastExplosion",
			"status": "burning",
			"statusDuration": 360
		},
		"surge-alloy": {
			"type": "MissileBulletType",
			"frontColor":"FFFFFF",
			"backColor":"F3E979",
			"hitColor":"F3E979",
			"trailColor": "F3E979",
			"width": 8,
			"height": 8,
			"shrinkY": 0,
			"speed": 3.7,
			"lifetime": 70.27,
			"damage": 20,
			"splashDamageRadius": 25,
			"splashDamage": 48,
			"ammoMultiplier": 4,
			"hitEffect": "blastExplosion",
			"despawnEffect": "blastExplosion",
			"lightningDamage": 16,
			"lightning": 2,
			"lightningLength": 10
		},
		"硅钢": {
			"type": "MissileBulletType",
			"frontColor": "FFFFFF",
			"backColor": "7595D2",
			"hitColor": "7595D2",
			"trailColor": "7595D2",
			"speed": 4.1,
			"lifetime": 63.41,
			"damage": 15,
			"status": "休克",
			"statusDuration": 30,
			"ammoMultiplier": 4,
			"width": 7,
			"height": 9,
			"despawnEffect": "blastExplosion",
			"hitEffect": "blastExplosion",
			"shootEffect": "none",
			"splashDamageRadius": 32,
			"splashDamage": 42
		},
		"集束": {
			"type": "MissileBulletType",
			"rangeChange": 70,
			"backColor": "D85555",
			"hitColor": "D85555",
			"trailColor": "D85555",
			"speed": 3,
			"lifetime": 100,
			"damage": 9,
			"status": "blasted",
			"statusDuration": 60,
			"ammoMultiplier": 6,
			"width": 10,
			"height": 10,
			"despawnEffect": "blastExplosion",
			"hitEffect": "blastExplosion",
			"shootEffect": "none",
			"splashDamageRadius": 32,
			"splashDamage": 44,
			"fragLifeMin": 0.1,
			"fragBullets": 4,
			"fragBullet": {
				"type": "BasicBulletType",
				"damage": 9,
				"despawnEffect": "flakExplosion",
				"status": "blasted",
				"statusDuration": 60,
				"knockback": 1.5,
				"backColor": "D85555",
				"width": 3,
				"height": 3,
				"splashDamageRadius": 30,
				"splashDamage": 38,
				"lifetime": 20,
				"speed": 2.5,
				"drag": 0.005
			}
		},
		"裂位能": {
			"type": "BasicBulletType",
			"rangeChange": 70,
			"backColor": "EEC591",
			"frontColor": "E3E3E3",
			"trailLength": 8,
			"trailWidth": 2.4,
			"trailColor": "EEC591",
			"hittable": false,
			"absorbable": false,
			"pierceArmor": true,
			"sprite": "circle-bullet",
			"width": 5,
			"height": 5,
			"shrinkY": 0,
			"homingDelay": 28.5,
			"homingPower": 1,
			"homingRange": 90,
			"speed": 2,
			"drag": -0.08,
			"lifetime": 30,
			"damage": 14,
			"status": "崩溃",
			"statusDuration": 30,
			"reloadMultiplier": 0.667,
			"ammoMultiplier": 5,
			"hitEffect": {
				"type": "WrapEffect",
				"effect": "dynamicSpikes",
				"color": "EEC591",
				"rotation": 18
			},
			"despawnEffect": {
				"type": "ParticleEffect",
				"particles": 1,
				"sizeInterp": "pow5In",
				"sizeFrom": 2,
				"sizeTo": 0,
				"length": 0,
				"baseLength": 0,
				"lifetime": 25,
				"colorFrom": "EEC591",
				"colorTo": "FEEBB3"
			},
			"shootEffect": "none",
			"hitSound": "laser",
			"hitSoundVolume": 0.1,
			"splashDamageRadius": 16,
			"splashDamage": 22,
			"lightningColor": "EEC591",
			"lightningDamage": 14,
			"lightning": 2,
			"lightningLength": 4,
			"lightningLengthRand": 4,
			"fragBullets": 1,
			"fragRandomSpread": 0,
			"fragBullet": {
				"type": "ShrapnelBulletType",
				"pierceArmor": true,
				"status": "崩溃",
				"statusDuration": 30,
				"hitEffect": {
					"type": "ParticleEffect",
					"particles": 5,
					"line": true,
					"interp": "pow5Out",
					"sizeInterp": "pow5In",
					"length": 7,
					"baseLength": 0,
					"lifetime": 20,
					"colorFrom": "FFFFFF",
					"colorTo": "EEC591"
				},
				"fromColor": "EEC591",
				"toColor": "EEC59180",
				"despawnEffect": "none",
				"damage": 52,
				"width": 8,
				"length": 80
			}
		}
	}
}
