{
	"smokeEffect":"none",
	"shootEffect":"none",
	"ammoTypes": {
		"water": {
			"type": "LiquidBulletType",
			"liquid": "water",
			"status": "wet",
			"statusDuration": 240,
			"lifetime": 49,
			"speed": 4,
			"knockback": 1.7,
			"puddleSize": 8,
			"orbSize": 4,
			"drag": 0.001,
			"ammoMultiplier": 0.4,
			"damage": 0.2,
			"layer": 98
		},
		"slag": {
			"type": "LiquidBulletType",
			"liquid": "slag",
			"status": "melting",
			"statusDuration": 240,
			"lifetime": 49,
			"speed": 4,
			"knockback": 1.3,
			"puddleSize": 8,
			"orbSize": 4,
			"drag": 0.001,
			"ammoMultiplier": 0.4,
			"damage": 4.75
		},
		"cryofluid": {
			"type": "LiquidBulletType",
			"liquid": "cryofluid",
			"status": "freezing",
			"statusDuration": 240,
			"lifetime": 49,
			"speed": 4,
			"knockback": 1.3,
			"puddleSize": 8,
			"orbSize": 4,
			"drag": 0.001,
			"ammoMultiplier": 0.4,
			"damage": 0.2
		},
		"oil": {
			"type": "LiquidBulletType",
			"liquid": "oil",
			"status": "tarred",
			"statusDuration": 240,
			"lifetime": 49,
			"speed": 4,
			"knockback": 1.3,
			"puddleSize": 8,
			"orbSize": 4,
			"drag": 0.001,
			"ammoMultiplier": 0.4,
			"damage": 0.2,
			"layer": 98
		},
		"纳米流体": {
			"type": "LiquidBulletType",
			"liquid": "纳米流体",
			"status": "拆解",
			"statusDuration": 240,
			"healPercent":5,
			"collidesTeam":true,
			"lifetime": 49,
			"speed": 4,
			"knockback": 0.6,
			"puddleSize": 8,
			"orbSize": 4,
			"drag": 0.001,
			"ammoMultiplier": 0.5,
			"damage": 3
		},
		"硝化重油": {
			"type": "LiquidBulletType",
			"liquid": "硝化重油",
			"status": "油蚀",
			"statusDuration": 240,
			"lifetime": 49,
			"speed": 4,
			"knockback": 2.2,
			"puddleSize": 8,
			"orbSize": 4,
			"drag": 0.001,
			"ammoMultiplier": 0.5,
			"hitEffect": "flakExplosion",
			"despawnEffect": "flakExplosion",
			"splashDamage": 12,
			"splashDamageRadius": 11,
			"damage": 3,
			"layer": 98
		}
	},
	"liquidCapacity": 120
}