{
	"type": "ItemTurret",
	"name": "多管炮",
	"health": 600,
	"size": 1,
	"reload": 40,
	"range": 176,
	"ammoPerShot": 2,
	"consumes": {
		"coolant": {
			"amount": 0.1,
			"optional": true
		}
	},
	"shoot": {
		"shots": 4,
		"shotDelay": 3,
		"type": "ShootAlternate",
		"barrels": 2,
		"spread": 3
	},
	"xRand": 1,
	"ammoUseEffect": "casing2Double",
	"inaccuracy": 1,
	"rotateSpeed": 12,
	"shake": 1,
	"ammoTypes": {
		"copper": {
			"speed": 5,
			"damage": 12,
			"lifetime": 39,
			"width": 7,
			"height": 8,
			"ammoMultiplier": 2,
			"shootEffect": "shootSmall",
			"frontColor":"EAC1A8",
			"backColor":"D39169"
		},
		"graphite": {
			"speed": 5,
			"damage": 18,
			"rangeChange": 18,
			"lifetime": 42,
			"width": 7,
			"height": 8,
			"ammoMultiplier": 4,
			"shootEffect": "shootSmall"
		},
		"pyratite": {
			"speed": 5,
			"damage": 15,
			"lifetime": 39,
			"width": 7,
			"height": 8,
			"makeFire": true,
			"ammoMultiplier": 2,
			"shootEffect": "shootSmall",
			"status": "burning",
			"statusDuration": 600,
			"frontColor":"f8ad42",
			"backColor":"f68021"
		},
		"silicon": {
			"speed": 5.3,
			"damage": 14,
			"reloadMultiplier": 1.6,
			"lifetime": 38,
			"width": 7,
			"height": 8,
			"shootEffect": "shootSmall",
			"homingRange": 40,
			"homingPower": 0.06,
			"ammoMultiplier": 5,
			"trailLength": 5,
			"trailWidth": 1.4,
			"frontColor":"999BA0",
			"backColor":"707594",
			"trailColor":"999BA0"
		}
	},
	"researchCostMultiplier": 0.5,
	"requirements": [
		{
			"item": "copper",
			"amount": 25
		},
		{
			"item": "lead",
			"amount": 15
		}
	],
	"category": "turret",
	"research": "前哨基地"
}