{
	"type": "ItemTurret",
	"name": "方天",
	"health": 2500,
	"size": 4,
	"reload": 26,
	"range": 640,
	"fogRadiusMultiplier": 0.25,
	"maxAmmo": 20,
	"ammoPerShot": 2,
	"recoil": 4,
	"ammoUseEffect": {
		"type": "ParticleEffect",
		"particles": 9,
		"interp": "pow10Out",
		"sizeInterp": "pow5In",
		"sizeFrom": 5.5,
		"sizeTo": 0,
		"length": 30,
		"baseLength": 0,
		"lifetime": 55,
		"colorFrom": "73737390",
		"colorTo": "73737390",
		"layer": 49
	},
	"canOverdrive": false,
	"shoot": {
		"type": "ShootAlternate",
		"barrels": 2,
		"spread": 18
	},
	"xRand": 4,
	"consumes": {
		"power": 11,
		"coolant": {
			"amount": 0.5,
			"optional": true
		}
	},
	"shootSound": "DD1",
	"targetGround": false,
	"targetAir": true,
	"hasLiquids": true,
	"inaccuracy": 7.77,
	"shootCone": 270,
	"shake": 4,
	"rotateSpeed": 0.85,
	"ammoTypes": {
		"blast-compound": {
			"type": "FlakBulletType",
			"damage": 33,
			"splashDamageRadius": 64,
			"splashDamage": 255,
			"knockback": 10,
			"hitSize": 50,
			"shrinkY": 0,
			"hitSound": "explosionbig",
			"hitSoundVolume": 2,
			"speed": 6,
			"lifetime": 135,
			"status": "blasted",
			"homingDelay": 15,
			"homingPower": 0.08,
			"homingRange": 120,
			"width": 15,
			"height": 55,
			"sprite": "饱和火力-导弹",
			"backColor": "FF7055",
			"frontColor": "E3E3E3",
			"trailLength": 40,
			"trailWidth": 2,
			"trailColor": "FFFFFF88",
			"trailChance": 1,
			"trailInterval": 16,
			"trailEffect": {
				"type": "ParticleEffect",
				"particles": 3,
				"length": 16,
				"baseLength": 1,
				"lifetime": 45,
				"colorFrom": "E3E3E380",
				"colorTo": "E3E3E380",
				"sizeFrom": 3,
				"sizeTo": 0
			},
			"hitShake": 5,
			"ammoMultiplier": 4,
			"reloadMultiplier": 1.7,
			"shootEffect": "shootTitan",
			"smokeEffect": "shootPyraFlame",
			"hitEffect": {
				"type": "MultiEffect",
				"effects": [
					{
						"type": "ParticleEffect",
						"particles": 18,
						"sizeFrom": 10,
						"sizeTo": 0,
						"length": 35,
						"baseLength": 43,
						"lifetime": 35,
						"colorFrom": "737373",
						"colorTo": "737373"
					},
					{
						"type": "ParticleEffect",
						"particles": 32,
						"line": true,
						"sizeFrom": 9,
						"sizeTo": 0,
						"length": 43,
						"baseLength": 33,
						"lifetime": 22,
						"colorFrom": "FFFFFF",
						"colorTo": "FFE176FF"
					},
					{
						"type": "WaveEffect",
						"lifetime": 15,
						"sizeFrom": 1,
						"sizeTo": 70,
						"strokeFrom": 8,
						"strokeTo": 0,
						"colorFrom": "FFE176FF",
						"colorTo": "FFFFFF"
					}
				]
			}
		},
		"surge-alloy": {
			"type": "FlakBulletType",
			"damage": 50,
			"splashDamageRadius": 40,
			"splashDamage": 250,
			"lightningDamage": 38,
			"lightning": 5,
			"lightningLength": 6,
			"lightningLengthRand": 2,
			"shrinkY": 0,
			"speed": 7,
			"hitSize": 30,
			"homingDelay": 15,
			"homingPower": 0.09,
			"homingRange": 120,
			"lifetime": 115,
			"hitSound": "explosion",
			"hitSoundVolume": 5,
			"width": 16,
			"height": 56,
			"ammoMultiplier": 6,
			"hitShake": 3,
			"sprite": "饱和火力-落雁",
			"backColor": "EEEE00",
			"frontColor": "E3E3E3",
			"trailLength": 40,
			"trailWidth": 2,
			"trailColor": "FFFFFF88",
			"trailChance": 1,
			"trailInterval": 16,
			"trailEffect": {
				"type": "ParticleEffect",
				"particles": 3,
				"length": 16,
				"baseLength": 1,
				"lifetime": 45,
				"colorFrom": "E3E3E380",
				"colorTo": "E3E3E380",
				"sizeFrom": 3,
				"sizeTo": 0
			},
			"shootEffect": "shootTitan",
			"smokeEffect": "shootPyraFlame",
			"hitEffect": {
				"type": "MultiEffect",
				"effects": [
					{
						"type": "ParticleEffect",
						"particles": 10,
						"sizeFrom": 10,
						"sizeTo": 0,
						"length": 5,
						"baseLength": 33,
						"lifetime": 35,
						"colorFrom": "EEEE00AA",
						"colorTo": "737373"
					},
					{
						"type": "ParticleEffect",
						"particles": 12,
						"line": true,
						"sizeFrom": 9,
						"sizeTo": 0,
						"length": 13,
						"baseLength": 43,
						"lifetime": 22,
						"colorFrom": "EEEE00",
						"colorTo": "FFE176FF"
					},
					{
						"type": "WaveEffect",
						"lifetime": 10,
						"sizeFrom": 1,
						"sizeTo": 43,
						"strokeFrom": 8,
						"strokeTo": 0,
						"colorFrom": "EEEE00",
						"colorTo": "FFFFFF"
					}
				]
			}
		},
		"镄": {
			"type": "BasicBulletType",
			"collidesGround": false,
			"status": "melting",
			"statusDuration": 180,
			"speed": 10,
			"damage": 340,
			"pierceArmor": true,
			"hitShake": 2,
			"homingDelay": 15,
			"homingPower": 0.12,
			"homingRange": 160,
			"lifetime": 88,
			"hitSound": "shotgun",
			"hitSoundVolume": 0.2,
			"width": 15,
			"height": 53,
			"shrinkY": 0,
			"ammoMultiplier": 1,
			"sprite": "饱和火力-落雁",
			"backColor": "DEDEDEFF",
			"frontColor": "E3E3E3",
			"trailLength": 20,
			"trailWidth": 1.7,
			"trailColor": "FFFFFF",
			"trailChance": 1,
			"trailInterval": 1,
			"trailRotation": true,
			"trailEffect": {
				"type": "ParticleEffect",
				"particles": 2,
				"length": -40,
				"baseLength": 0,
				"lifetime": 15,
				"cone": 20,
				"colorFrom": "E3E3E3",
				"colorTo": "E3E3E300",
				"sizeFrom": 1,
				"sizeTo": 5
			},
			"shootEffect": "shootTitan",
			"smokeEffect": "shootPyraFlame",
			"hitEffect": {
				"type": "MultiEffect",
				"effects": [
					{
						"type": "ParticleEffect",
						"particles": 9,
						"sizeFrom": 3,
						"sizeTo": 0,
						"length": 33,
						"baseLength": 6,
						"lifetime": 25,
						"colorFrom": "737373",
						"colorTo": "737373"
					},
					{
						"type": "ParticleEffect",
						"particles": 15,
						"line": true,
						"strokeFrom": 4,
						"strokeTo": 0,
						"lenFrom": 0,
						"lenTo": 10,
						"length": 83,
						"baseLength": 3,
						"lifetime": 10,
						"colorFrom": "FFFFFF",
						"colorTo": "FFE176FF",
						"cone": 40
					},
					{
						"type": "WaveEffect",
						"lifetime": 10,
						"sizeFrom": 1,
						"sizeTo": 0,
						"strokeFrom": 0,
						"strokeTo": 0,
						"colorFrom": "EEEE00",
						"colorTo": "FFFFFF"
					}
				]
			}
		}
	},
	"requirements": [
		"copper/560",
		"graphite/500",
		"硅钢/400",
		"plastanium/170",
		"二级协议/0"
	],
	"category": "turret",
	"research": "长枪"
}