{
	"type": "ItemTurret",
	"name": "火箭发射器",
	"health": 400,
	"size": 1,
	"reload": 25,
	"range": 200,
	"maxAmmo": 24,
	"shake": 1,
	"ammoUseEffect": "none",
	"shootSound": "missile",
	"inaccuracy": 5,
	"rotateSpeed": 10,
	"ammoTypes": {
		"graphite": {
			"type": "MissileBulletType",
			"splashDamageRadius": 24,
			"splashDamage": 33,
			"speed": 8,
			"damage": 10,
			"sprite": "饱和火力-导弹",
			"backColor": "7D89D8",
			"frontColor": "E3E3E3",
			"trailColor": "7D89D8",
			"hitColor": "7D89D8",
			"lifetime": 25,
			"homingPower": 0.03,
			"homingRange": 40,
			"width": 4,
			"height": 16,
			"ammoMultiplier": 2,
			"hitEffect": "flakExplosion",
			"despawnEffect": "hitBulletColor"
		},
		"pyratite": {
			"type": "MissileBulletType",
			"splashDamageRadius": 20,
			"splashDamage": 36,
			"speed": 8,
			"damage": 12,
			"makeFire": true,
			"sprite": "饱和火力-导弹",
			"backColor": "FFB90F",
			"frontColor": "E3E3E3",
			"trailColor": "FFB90F",
			"hitColor": "FFB90F",
			"lifetime": 25,
			"status": "burning",
			"statusDuration": 180,
			"homingPower": 0.03,
			"homingRange": 40,
			"width": 4,
			"height": 16,
			"ammoMultiplier": 2,
			"hitEffect": "flakExplosion",
			"despawnEffect": "hitBulletColor"
		},
		"blast-compound": {
			"type": "MissileBulletType",
			"splashDamageRadius": 30,
			"splashDamage": 45,
			"speed": 8,
			"damage": 17,
			"status": "blasted",
			"sprite": "饱和火力-导弹",
			"backColor": "FF7F24",
			"frontColor": "E3E3E3",
			"trailColor": "FF7F24",
			"hitColor": "FF7F24",
			"lifetime": 25,
			"homingPower": 0.03,
			"homingRange": 40,
			"width": 4,
			"height": 16,
			"ammoMultiplier": 4,
			"hitEffect": "flakExplosion",
			"despawnEffect": "hitBulletColor"
		}
	},
	"requirements": [
		"copper/30",
		"graphite/35"
	],
	"category": "turret",
	"research": "多管炮"
}