{
	"type": "ItemTurret",
	"name": "穿云",
	"health": 3400,
	"armor": 4,
	"size": 3,
	"reload": 80,
	"range": 280,
	"maxAmmo": 24,
	"recoilTime": 30,
	"recoil": 1,
	"shake": 3.5,
	"consumes": {
		"coolant": {
			"amount": 0.3,
			"optional": true
		}
	},
	"drawer": {
		"type": "DrawTurret",
		"parts": [
			{
				"type": "RegionPart",
				"mirror": false,
				"under": true,
				"suffix": "-管",
				"progress": "recoil",
				"moveY": -4
			}
		]
	},
	"liquidCapacity": 40,
	"shootSound": "artillery",
	"ammoUseEffect": "casing3Double",
	"targetGround": true,
	"targetAir": true,
	"inaccuracy": 0,
	"rotateSpeed": 5,
	"ammoPerShot": 6,
	"ammoTypes": {
		"titanium": {
			"type": "BasicBulletType",
			"ammoMultiplier": 1,
			"speed": 14,
			"lifetime": 20,
			"width": 14,
			"height": 25,
			"frontColor": "FFFFFF",
			"backColor": "8DA1E3",
			"trailLength": 5,
			"trailWidth": 1.5,
			"trailColor": "8DA1E355",
			"trailChance": 0.5,
			"trailRotation": true,
			"trailEffect": {
				"type": "ParticleEffect",
				"sizeInterp": "pow3In",
				"particles": 3,
				"strokeFrom": 1,
				"strokeTo": 0,
				"line": true,
				"lenFrom": 8,
				"lenTo": 0,
				"length": 15,
				"baseLength": 0,
				"lifetime": 10,
				"colorFrom": "FFFFFF",
				"colorTo": "8DA1E3",
				"cone": 10
			},
			"damage": 202,
			"reloadMultiplier": 1.2,
			"pierceArmor": true,
			"pierce": true,
			"pierceBuilding": false,
			"pierceCap": 3,
			"shootEffect": "bigShockwave",
			"smokeEffect": "shootBigSmoke",
			"hitEffect": {
				"type": "ParticleEffect",
				"particles": 15,
				"line": true,
				"strokeFrom": 3,
				"strokeTo": 0,
				"lenFrom": 10,
				"lenTo": 0,
				"length": 50,
				"baseLength": 0,
				"lifetime": 10,
				"colorFrom": "FFE176FF",
				"colorTo": "FFFFFF",
				"cone": 60
			},
			"despawnEffect": "none"
		},
		"thorium": {
			"type": "BasicBulletType",
			"ammoMultiplier": 2,
			"speed": 17.5,
			"lifetime": 20,
			"rangeChange": 70,
			"width": 15,
			"height": 25,
			"damage": 288,
			"pierceArmor": true,
			"pierce": true,
			"pierceBuilding": true,
			"pierceCap": 5,
			"frontColor": "FFFFFF",
			"backColor": "F595BE",
			"trailLength": 6,
			"trailWidth": 1.8,
			"trailColor": "F595BE55",
			"trailChance": 0.8,
			"trailRotation": true,
			"trailEffect": {
				"type": "ParticleEffect",
				"sizeInterp": "pow3In",
				"particles": 3,
				"strokeFrom": 1,
				"strokeTo": 0,
				"line": true,
				"lenFrom": 8,
				"lenTo": 0,
				"length": 15,
				"baseLength": 0,
				"lifetime": 15,
				"colorFrom": "FFFFFF",
				"colorTo": "F595BE",
				"cone": 10
			},
			"shootEffect": "bigShockwave",
			"smokeEffect": "shootBigSmoke",
			"hitEffect": {
				"type": "ParticleEffect",
				"particles": 15,
				"line": true,
				"strokeFrom": 4,
				"strokeTo": 0,
				"lenFrom": 10,
				"lenTo": 0,
				"length": 70,
				"baseLength": 0,
				"lifetime": 10,
				"colorFrom": "FFE176FF",
				"colorTo": "FFFFFF",
				"cone": 60
			},
			"despawnEffect": "none"
		},
		"镄": {
			"type": "BasicBulletType",
			"status": "melting",
			"statusDuration": 60,
			"ammoMultiplier": 3,
			"speed": 20,
			"lifetime": 20,
			"rangeChange": 120,
			"width": 15,
			"height": 26,
			"damage": 420,
			"pierceArmor": true,
			"pierce": true,
			"pierceBuilding": true,
			"pierceCap": 10,
			"frontColor": "FFFFFF",
			"backColor": "DEDEDE",
			"trailChance": 0,
			"trailInterval": 0.5,
			"trailLength": 6,
			"trailWidth": 2,
			"trailColor": "FFFFFF88",
			"trailRotation": true,
			"trailEffect": {
				"type": "ParticleEffect",
				"sizeInterp": "pow3In",
				"particles": 3,
				"strokeFrom": 1.1,
				"strokeTo": 0,
				"line": true,
				"lenFrom": 8,
				"lenTo": 0,
				"length": 45,
				"baseLength": 0,
				"lifetime": 10,
				"colorFrom": "EEC591",
				"colorTo": "DEDEDE",
				"cone": 10
			},
			"shootEffect": "bigShockwave",
			"smokeEffect": "shootBigSmoke",
			"hitEffect": {
				"type": "ParticleEffect",
				"particles": 15,
				"line": true,
				"strokeFrom": 5,
				"strokeTo": 0,
				"lenFrom": 16,
				"lenTo": 0,
				"length": 100,
				"baseLength": 0,
				"lifetime": 10,
				"colorFrom": "FFE176FF",
				"colorTo": "FFFFFF",
				"cone": 60
			},
			"despawnEffect": "none"
		},
		"铬": {
			"type": "BasicBulletType",
			"status": "内溃",
			"ammoMultiplier": 3,
			"speed": 20,
			"lifetime": 20,
			"rangeChange": 120,
			"width": 15,
			"height": 26,
			"damage": 378,
			"knockback": 18,
			"impact": true,
			"pierceArmor": true,
			"pierce": true,
			"pierceCap": 4,
			"trailChance": 0,
			"trailInterval": 0.5,
			"trailLength": 6,
			"trailWidth": 2,
			"frontColor": "FFFFFF",
			"backColor": "666484",
			"trailColor": "66648488",
			"trailRotation": true,
			"trailEffect": {
				"type": "ParticleEffect",
				"sizeInterp": "pow3In",
				"particles": 3,
				"strokeFrom": 1.1,
				"strokeTo": 0,
				"line": true,
				"lenFrom": 8,
				"lenTo": 0,
				"length": 45,
				"baseLength": 0,
				"lifetime": 10,
				"colorFrom": "EEC591",
				"colorTo": "666484",
				"cone": 10
			},
			"shootEffect": "bigShockwave",
			"smokeEffect": "shootBigSmoke",
			"hitEffect": {
				"type": "ParticleEffect",
				"particles": 6,
				"line": true,
				"strokeFrom": 5,
				"strokeTo": 0,
				"lenFrom": 16,
				"lenTo": 0,
				"length": 100,
				"baseLength": 0,
				"lifetime": 10,
				"colorFrom": "FFE176FF",
				"colorTo": "666484",
				"cone": 60
			},
			"despawnEffect": "none"
		}
	},
	"requirements": [
		"titanium/135",
		"镄/70",
		"blast-compound/10"
	],
	"category": "turret",
	"research": "阔刀"
}