{
	"type": "ItemTurret",
	"name": "金属风暴",
	"health": 1200,
	"size": 2,
	"reload": 900,
	"range": 240,
	"maxAmmo": 600,
	"recoilTime": 100,
	"recoil": 2,
	"consumeAmmoOnce": false,
	"ammoPerShot": 1,
	"consumes": {
		"coolant": {
			"amount": 1,
			"optional": true
		}
	},
	"shoot": {
		"shots": 600,
		"shotDelay": 0.5
	},
	"shake": 1.5,
	"ammoUseEffect": "none",
	"xRand": 4.5,
	"targetGround": true,
	"targetAir": true,
	"inaccuracy": 5,
	"rotateSpeed": 8,
	"velocityRnd": "0.15",
	"ammoTypes": {
		"copper": {
			"speed": 7.5,
			"damage": 9,
			"knockback": 0.1,
			"lifetime": 32,
			"width": 6,
			"height": 9,
			"ammoMultiplier": 4,
			"shootEffect": "shootSmall",
			"hitEffect": "hitBulletColor",
			"despawnEffect": "hitBulletColor",
			"frontColor":"EAC1A8",
			"backColor":"D39169",
			"hitColor":"D39169"
		},
		"lead": {
			"speed": 7.5,
			"damage": 4,
			"fragBullets": 2,
			"fragBullet": {
				"speed": 1.2,
				"damage": 8,
				"lifetime": 20,
				"knockback": 0.05
			},
			"lifetime": 32,
			"width": 6,
			"height": 9,
			"ammoMultiplier": 4,
			"shootEffect": "shootSmall"
		},
		"titanium": {
			"speed": 7.5,
			"damage": 17,
			"lifetime": 36.67,
			"rangeChange": 35,
			"width": 8,
			"height": 9,
			"shootEffect": "shootSmall",
			"reloadMultiplier": 1.2,
			"ammoMultiplier": 6,
			"hitEffect": "hitBulletColor",
			"despawnEffect": "hitBulletColor",
			"frontColor": "FFFFFF",
			"backColor": "8DA1E3",
			"hitColor": "8DA1E3"
		},
		"thorium": {
			"speed": 7.5,
			"damage": 22,
			"lifetime": 38.4,
			"rangeChange": 48,
			"pierce": true,
			"pierceCap": 2,
			"width": 9,
			"height": 10,
			"shootEffect": "shootSmall",
			"ammoMultiplier": 8,
			"hitEffect": "hitBulletColor",
			"despawnEffect": "hitBulletColor",
			"frontColor": "FFFFFF",
			"backColor": "F595BE",
			"hitColor": "F595BE"
		}
	},
	"requirements": [
		"copper/120",
		"lead/120",
		"graphite/100",
		"titanium/50",
		"一级协议/0"
	],
	"category": "turret",
	"research": "F2机炮"
}