{
	"type": "ItemTurret",
	"name": "阔刀",
	"health": 2000,
	"armor": 6,
	"size": 3,
	"reload": 22,
	"range": 130,
	"maxAmmo": 60,
	"recoilTime": 20,
	"recoil": 2,
	"shootY": 8,
	"shoot": {
		"type": "ShootSpread",
		"shots": 35,
		"spread": 0.77
	},
	"drawer": {
		"type": "DrawTurret",
		"parts": [
			{
				"type": "RegionPart",
				"mirror": false,
				"progress": "reload",
				"suffix": "-中",
				"layer": 50,
				"moveX": 0,
				"moveY": -1
			}
		]
	},
	"consumes": {
		"coolant": {
			"amount": 0.3,
			"optional": true
		}
	},
	"shootSound": "shotgun",
	"ammoUseEffect": "casing2Double",
	"ammoPerShot": 6,
	"shootEffect": {
		"type": "ParticleEffect",
		"particles": 1,
		"sizeFrom": 9,
		"sizeTo": 0,
		"line": true,
		"length": 55,
		"baseLength": 0,
		"lifetime": 15,
		"colorFrom": "dedede",
		"colorTo": "aaaaaa",
		"cone": 60
	},
	"targetGround": true,
	"targetAir": true,
	"inaccuracy": 25,
	"shake": 3,
	"shootCone": 35,
	"rotateSpeed": 16,
	"velocityRnd": 0.3,
	"ammoTypes": {
		"sand": {
			"type": "BasicBulletType",
			"reloadMultiplier": 2.3,
			"rangeChange": -17,
			"speed": 9.5,
			"damage": 0.2,
			"knockback": 0.6,
			"lifetime": 12,
			"width": 5,
			"height": 12,
			"ammoMultiplier": 3,
			"buildingDamageMultiplier": 0.2,
			"hitEffect": "none",
			"despawnEffect": "none",
			"shootEffect": "none",
			"smokeEffect": "none"
		},
		"pyratite": {
			"type": "BasicBulletType",
			"damage": 12,
			"splashDamageRadius": 17.6,
			"splashDamage": 24,
			"buildingDamageMultiplier": 0.2,
			"status": "burning",
			"statusDuration": 600,
			"makeFire": true,
			"pierce": true,
			"pierceCap": 2,
			"knockback": 2.5,
			"speed": 9.3,
			"lifetime": 16,
			"backColor": "FF8C00",
			"frontColor": "FFB90F",
			"width": 8,
			"height": 10,
			"trailColor": "FF8C00",
			"trailLength": 2,
			"trailWidth": 2.3,
			"ammoMultiplier": 4,
			"hitEffect": {
				"type": "ParticleEffect",
				"particles": 3,
				"line": true,
				"length": 16,
				"baseLength": 0,
				"lifetime": 10,
				"colorFrom": "FF8C00",
				"colorTo": "FFFFFF"
			},
			"hitColor": "FF8C00",
			"despawnEffect": "hitBulletColor",
			"shootEffect": "none",
			"smokeEffect": "none"
		},
		"titanium": {
			"type": "BasicBulletType",
			"speed": 9.4,
			"damage": 12,
			"buildingDamageMultiplier": 0.2,
			"knockback": 1.5,
			"lifetime": 17,
			"width": 8,
			"height": 10,
			"ammoMultiplier": 6,
			"pierce": true,
			"pierceBuilding": true,
			"pierceCap": 2,
			"pierceArmor": true,
			"backColor": "8da1e3",
			"frontColor": "8da1e3",
			"trailColor": "8da1e3",
			"trailLength": 2,
			"trailWidth": 2.3,
			"hitEffect": {
				"type": "ParticleEffect",
				"particles": 3,
				"line": true,
				"length": 16,
				"baseLength": 0,
				"lifetime": 10,
				"colorFrom": "8da1e3",
				"colorTo": "FFFFFF"
			},
			"hitColor": "8da1e3",
			"despawnEffect": "hitBulletColor",
			"shootEffect": "none",
			"smokeEffect": "none"
		},
		"thorium": {
			"type": "BasicBulletType",
			"speed": 9.5,
			"damage": 18,
			"buildingDamageMultiplier": 0.2,
			"knockback": 3.35,
			"lifetime": 16,
			"width": 8,
			"height": 10,
			"ammoMultiplier": 6,
			"pierce": true,
			"pierceBuilding": true,
			"pierceCap": 3,
			"pierceArmor": true,
			"backColor": "f9a3c7",
			"frontColor": "f9a3c7",
			"trailColor": "f9a3c7",
			"trailLength": 2,
			"trailWidth": 2.3,
			"hitEffect": {
				"type": "ParticleEffect",
				"particles": 3,
				"line": true,
				"length": 16,
				"baseLength": 0,
				"lifetime": 10,
				"colorFrom": "f9a3c7",
				"colorTo": "FFFFFF"
			},
			"hitColor": "f9a3c7",
			"despawnEffect": "hitBulletColor",
			"shootEffect": "none",
			"smokeEffect": "none"
		}
	},
	"requirements": [
		"copper/140",
		"graphite/35",
		"titanium/80"
	],
	"category": "turret",
	"research": "多管炮"
}