{
	"type": "ItemTurret",
	"name": "雷阵雨",
	"health": 1700,
	"size": 3,
	"reload": 130,
	"range": 640,
	"fogRadiusMultiplier": 0.25,
	"maxAmmo": 30,
	"recoil": 2,
	"cooldownTime": 80,
	"shoot": {
		"shots": 6,
		"shotDelay": 3,
		"type": "ShootBarrel",
		"barrels": [
			-2,12,0,
			2,12,0,
			-5,11.75,0,
			5,11.75,0,
			-8.1,9.5,0,
			8.1,9.5,0
		]
	},
	"ammoPerShot": 6,
	"shootY": 0,
	"smokeEffect": {
		"type": "ParticleEffect",
		"particles": 3,
		"interp": "pow5Out",
		"sizeInterp": "pow5In",
		"sizeFrom": 5,
		"sizeTo": 0,
		"length": -38,
		"baseLength": -20,
		"lifetime": 55,
		"colorFrom": "73737390",
		"colorTo": "73737390",
		"cone": 33,
		"layer": 49
	},
	"shootSound": "missile",
	"targetGround": true,
	"targetAir": false,
	"minRange": 80,
	"liquidCapacity": 30,
	"coolantMultiplier": 7.5,
	"consumes": {
		"coolant": {
			"amount": 0.5,
			"optional": true
		}
	},
	"inaccuracy": 9,
	"shootCone": 30,
	"shake": 3,
	"rotateSpeed": 4,
	"velocityRnd": 0.03,
	"ammoTypes": {
		"graphite": {
			"type": "ArtilleryBulletType",
			"splashDamageRadius": 32,
			"splashDamage": 28,
			"knockback": 0.7,
			"speed": 5,
			"lifetime": 180,
			"homingDelay": 42,
			"homingPower": 0.08,
			"homingRange": 80,
			"sprite": "饱和火力-导弹",
			"backColor": "B0C4DE",
			"frontColor": "E3E3E3",
			"trailEffect": "smoke",
			"width": 10,
			"height": 60,
			"keepVelocity": false,
			"hitShake": 1,
			"ammoMultiplier": 2,
			"smokeEffect": "shootSmallFlame",
			"hitEffect": "flakExplosionBig"
		},
		"plastanium": {
			"type": "ArtilleryBulletType",
			"speed": 6.5,
			"lifetime": 180,
			"homingDelay": 42,
			"homingPower": 0.08,
			"homingRange": 80,
			"width": 10,
			"height": 60,
			"sprite": "饱和火力-导弹",
			"backColor": "cbd97f",
			"frontColor": "E3E3E3",
			"trailEffect": "smoke",
			"hitShake": 1,
			"smokeEffect": "shootSmallFlame",
			"splashDamageRadius": 45,
			"splashDamage": 43,
			"hitEffect": "plasticExplosion",
			"ammoMultiplier": 2,
			"reloadMultiplier": 2.25,
			"fragBullets": 4,
			"fragBullet": {
				"despawnEffect": "none",
				"speed": 2.5,
				"damage": 13,
				"width": 10,
				"height": 12,
				"shrinkY": 1,
				"lifetime": 15,
				"backColor": "d8d97f",
				"frontColor": "fffac6"
			}
		},
		"blast-compound": {
			"type": "ArtilleryBulletType",
			"splashDamageRadius": 45,
			"splashDamage": 55,
			"knockback": 3,
			"speed": 5,
			"status": "blasted",
			"statusDuration": 60,
			"width": 10,
			"height": 60,
			"lifetime": 180,
			"homingDelay": 42,
			"homingPower": 0.08,
			"homingRange": 80,
			"sprite": "饱和火力-导弹",
			"backColor": "FF7055",
			"frontColor": "E3E3E3",
			"trailEffect": "smoke",
			"hitShake": 1,
			"ammoMultiplier": 5,
			"smokeEffect": "shootSmallFlame",
			"hitEffect": "flakExplosionBig"
		},
		"pyratite": {
			"type": "ArtilleryBulletType",
			"splashDamageRadius": 32,
			"splashDamage": 42,
			"status": "burning",
			"statusDuration": 600,
			"makeFire": true,
			"speed": 5,
			"knockback": 0.7,
			"sprite": "饱和火力-导弹",
			"backColor": "FFB90F",
			"frontColor": "E3E3E3",
			"trailEffect": "smoke",
			"width": 10,
			"height": 60,
			"homingDelay": 42,
			"homingPower": 0.08,
			"homingRange": 80,
			"lifetime": 180,
			"hitShake": 1,
			"ammoMultiplier": 4,
			"hitEffect": "flakExplosionBig",
			"smokeEffect": "shootSmallFlame"
		},
		"surge-alloy": {
			"type": "ArtilleryBulletType",
			"lightningDamage": 15,
			"lightning": 3,
			"lightningLength": 6,
			"speed": 5,
			"homingDelay": 42,
			"homingPower": 0.08,
			"homingRange": 80,
			"lifetime": 180,
			"width": 12,
			"height": 60,
			"ammoMultiplier": 6,
			"sprite": "饱和火力-导弹",
			"backColor": "F2E770FF",
			"frontColor": "E3E3E3",
			"trailEffect": "smoke",
			"hitEffect": "flakExplosionBig",
			"shootEffect": "shootSmallFlame",
			"splashDamageRadius": 45,
			"splashDamage": 75
		},
		"硅钢": {
			"type": "ArtilleryBulletType",
			"speed": 5,
			"ammoMultiplier": 3,
			"status": "unmoving",
			"statusDuration": 60,
			"lifetime": 180,
			"homingDelay": 42,
			"homingPower": 0.08,
			"homingRange": 80,
			"width": 10,
			"height": 60,
			"sprite": "饱和火力-导弹",
			"backColor": "7595D2FF",
			"frontColor": "E3E3E3",
			"trailEffect": "smoke",
			"hitEffect": "flakExplosionBig",
			"shootEffect": "shootSmallFlame",
			"splashDamageRadius": 32,
			"splashDamage": 25
		},
		"集束": {
			"type": "ArtilleryBulletType",
			"speed": 5,
			"lifetime": 180,
			"homingDelay": 42,
			"homingPower": 0.08,
			"homingRange": 80,
			"knockback": 2.6,
			"width": 13,
			"height": 60,
			"shootEffect": "shootSmallFlame",
			"splashDamageRadius": 20,
			"splashDamage": 40,
			"hitEffect": "flakExplosionBig",
			"despawnEffect": "flakExplosionBig",
			"sprite": "饱和火力-导弹",
			"backColor": "D85555FF",
			"frontColor": "E3E3E3",
			"trailEffect": "smoke",
			"ammoMultiplier": 6,
			"fragLifeMin": 0.1,
			"fragBullets": 5,
			"fragBullet": {
				"type": "BasicBulletType",
				"hitEffect": "flakExplosionBig",
				"despawnEffect": "blastExplosion",
				"status": "blasted",
				"statusDuration": 60,
				"knockback": 0.7,
				"width": 8,
				"height": 9,
				"damage": 11,
				"scaledSplashDamage": true,
				"splashDamageRadius": 42,
				"splashDamage": 45,
				"lifetime": 20,
				"speed": 2.5,
				"drag": 0.005
			}
		}
	},
	"requirements": [
		"graphite/120",
		"silicon/50",
		"硅钢/60",
		"plastanium/40"
	],
	"category": "turret",
	"research": "长枪"
}