{
	"type": "ItemTurret",
	"name": "龙卷",
	"health": 2250,
	"size": 3,
	"consumes": {
		"coolant": {
			"amount": 0.3,
			"optional": true
		}
	},
	"coolantMultiplier": 5,
	"reload": 160,
	"range": 303,
	"ammoPerShot": 8,
	"maxAmmo": 32,
	"recoilTime": 80,
	"recoil": 3,
	"shake": 2.8,
	"shootSound": "cannon",
	"ammoUseEffect": "none",
	"targetGround": true,
	"targetAir": true,
	"inaccuracy": 0,
	"shoot": {
		"type": "ShootHelix",
		"mag": 1,
		"scl": 6
	},
	"rotateSpeed": 3.6,
	"minWarmup": 0.89,
	"shootY": 8,
	"drawer": {
		"type": "DrawTurret",
		"parts": [
			{
				"type": "RegionPart",
				"mirror": true,
				"x": 4,
				"suffix": "-侧",
				"under": true,
				"moveX": 0.25,
				"moveY": -2,
				"moveRot": -13,
				"moves": [
					{
						"progress": "recoil",
						"y": -2,
						"rot": -9
					}
				],
				"children": [
					{
						"type": "RegionPart",
						"mirror": true,
						"under": true,
						"suffix": "-前",
						"moveY": -3,
						"moves": [
							{
								"progress": "recoil",
								"y": -5
							}
						]
					}
				]
			}
		]
	},
	"ammoTypes": {
		"metaglass": {
			"type": "BasicBulletType",
			"damage": 54,
			"splashDamageRadius": 45,
			"splashDamage": 36,
			"pierceCap": 7,
			"pierceDamageFactor": 0.0025,
			"speed": 3,
			"lifetime": 116,
			"drag": 0.004,
			"reloadMultiplier": 0.88,
			"width": 28,
			"height": 28,
			"spin": 10,
			"shrinkX": 0,
			"shrinkY": 0,
			"ammoMultiplier": 2,
			"sprite": "mine-bullet",
			"backColor": "FFFFFF",
			"frontColor": "FFFFFF",
			"trailChance": 1,
			"trailEffect": {
				"type": "ParticleEffect",
				"particles": 4,
				"length": 10,
				"baseLength": 3,
				"lifetime": 60,
				"interp": "pow10Out",
				"sizeInterp": "pow5In",
				"colorFrom": "FFFFFF70",
				"colorTo": "FFFFFF70",
				"sizeFrom": 2.3,
				"sizeTo": 0
			},
			"smokeEffect": {
				"type": "ParticleEffect",
				"particles": 20,
				"line": true,
				"strokeFrom": 2,
				"strokeTo": 0,
				"lenFrom": 16,
				"lenTo": 8,
				"length": 36,
				"baseLength": 3,
				"lifetime": 12,
				"colorFrom": "FFE176",
				"colorTo": "FFE176",
				"cone": 40
			},
			"shootEffect": {
				"type": "ParticleEffect",
				"particles": 13,
				"sizeFrom": 5,
				"sizeTo": 0,
				"interp": "pow5Out",
				"sizeInterp": "pow5In",
				"length": 28,
				"baseLength": 0,
				"lifetime": 40,
				"colorFrom": "FFFFFF",
				"colorTo": "FFFFFF",
				"cone": 48
			},
			"hitShake": 3,
			"hitSound": "explosion",
			"hitEffect": {
				"type": "MultiEffect",
				"effects": [
					{
						"type": "ParticleEffect",
						"particles": 23,
						"sizeFrom": 8,
						"sizeTo": 0,
						"length": 25,
						"baseLength": 20,
						"lifetime": 55,
						"colorFrom": "FFFFFF",
						"colorTo": "FFFFFF"
					},
					{
						"type": "WaveEffect",
						"lifetime": 18,
						"sizeFrom": 1,
						"sizeTo": 45,
						"strokeFrom": 4,
						"strokeTo": 0,
						"colorFrom": "FFE176",
						"colorTo": "FFFFFF"
					}
				]
			},
			"despawnEffect": "none",
			"bulletInterval": 2,
			"intervalBullets": 4,
			"intervalRandomSpread": 30,
			"intervalBullet": {
				"type": "BasicBulletType",
				"damage": 24,
				"knockback": 2,
				"impact": true,
				"speed": 9,
				"lifetime": 8,
				"backColor": "FFFFFF",
				"frontColor": "FFFFFF",
				"trailLength": 3,
				"trailWidth": 2,
				"trailColor": "FFFFFF",
				"width": 16,
				"height": 16,
				"despawnEffect": "none"
			}
		},
		"plastanium": {
			"type": "BasicBulletType",
			"damage": 65,
			"splashDamageRadius": 56,
			"splashDamage": 55,
			"pierceCap": 8,
			"pierceDamageFactor": 0.0025,
			"knockback": 5,
			"impact": true,
			"reloadMultiplier": 1.25,
			"speed": 3.2,
			"drag": 0.004,
			"lifetime": 105,
			"width": 32,
			"height": 32,
			"spin": 10,
			"shrinkX": 0,
			"shrinkY": 0,
			"ammoMultiplier": 3,
			"sprite": "mine-bullet",
			"backColor": "cbd97f",
			"frontColor": "FFFFFF",
			"trailChance": 1,
			"trailEffect": {
				"type": "ParticleEffect",
				"particles": 4,
				"length": 10,
				"baseLength": 3,
				"lifetime": 60,
				"interp": "pow10Out",
				"sizeInterp": "pow5In",
				"colorFrom": "cbd97f70",
				"colorTo": "cbd97f70",
				"sizeFrom": 2.3,
				"sizeTo": 0
			},
			"smokeEffect": {
				"type": "ParticleEffect",
				"particles": 20,
				"line": true,
				"strokeFrom": 2,
				"strokeTo": 0,
				"lenFrom": 16,
				"lenTo": 8,
				"length": 36,
				"baseLength": 3,
				"lifetime": 12,
				"colorFrom": "FFE176",
				"colorTo": "FFE176",
				"cone": 40
			},
			"shootEffect": {
				"type": "ParticleEffect",
				"particles": 13,
				"sizeFrom": 5,
				"sizeTo": 0,
				"interp": "pow5Out",
				"sizeInterp": "pow5In",
				"length": 28,
				"baseLength": 0,
				"lifetime": 40,
				"colorFrom": "cbd97f",
				"colorTo": "cbd97f",
				"cone": 48
			},
			"hitShake": 3,
			"hitSound": "explosion",
			"hitEffect": {
				"type": "MultiEffect",
				"effects": [
					{
						"type": "ParticleEffect",
						"particles": 23,
						"sizeFrom": 8,
						"sizeTo": 0,
						"length": 36,
						"baseLength": 20,
						"lifetime": 55,
						"colorFrom": "cbd97f",
						"colorTo": "cbd97f"
					},
					{
						"type": "WaveEffect",
						"lifetime": 18,
						"sizeFrom": 1,
						"sizeTo": 56,
						"strokeFrom": 5,
						"strokeTo": 0,
						"colorFrom": "FFE176",
						"colorTo": "FFFFFF"
					}
				]
			},
			"despawnEffect": "none",
			"bulletInterval": 1.75,
			"intervalBullets": 3,
			"intervalRandomSpread": 30,
			"intervalBullet": {
				"type": "BasicBulletType",
				"damage": 24,
				"splashDamageRadius": 26,
				"splashDamage": 32,
				"knockback": 2.4,
				"impact": true,
				"speed": 9.2,
				"lifetime": 8,
				"backColor": "cbd97f",
				"frontColor": "FFFFFF",
				"trailLength": 3,
				"trailWidth": 2,
				"trailColor": "cbd97f",
				"width": 16,
				"height": 16,
				"hitEffect": "flakExplosion",
				"despawnEffect": "none"
			}
		},
		"硅钢": {
			"type": "BasicBulletType",
			"damage": 48,
			"splashDamageRadius": 50,
			"splashDamage": 48,
			"pierceCap": 8,
			"pierceDamageFactor": 0.0025,
			"status": "休克",
			"statusDuration": 60,
			"speed": 2.4,
			"drag": 0.004,
			"lifetime": 160,
			"width": 30,
			"height": 30,
			"spin": 10,
			"shrinkX": 0,
			"shrinkY": 0,
			"ammoMultiplier": 1,
			"sprite": "mine-bullet",
			"backColor": "7595D2",
			"frontColor": "FFFFFF",
			"trailChance": 1,
			"trailEffect": {
				"type": "ParticleEffect",
				"particles": 4,
				"length": 10,
				"baseLength": 3,
				"lifetime": 60,
				"interp": "pow10Out",
				"sizeInterp": "pow5In",
				"colorFrom": "7595D270",
				"colorTo": "7595D270",
				"sizeFrom": 2.3,
				"sizeTo": 0
			},
			"smokeEffect": {
				"type": "ParticleEffect",
				"particles": 20,
				"line": true,
				"strokeFrom": 2,
				"strokeTo": 0,
				"lenFrom": 16,
				"lenTo": 8,
				"length": 36,
				"baseLength": 3,
				"lifetime": 12,
				"colorFrom": "FFE176",
				"colorTo": "FFE176",
				"cone": 40
			},
			"shootEffect": {
				"type": "ParticleEffect",
				"particles": 13,
				"sizeFrom": 5,
				"sizeTo": 0,
				"interp": "pow5Out",
				"sizeInterp": "pow5In",
				"length": 28,
				"baseLength": 0,
				"lifetime": 40,
				"colorFrom": "7595D2",
				"colorTo": "7595D2",
				"cone": 48
			},
			"hitShake": 3,
			"hitSound": "explosion",
			"hitEffect": {
				"type": "MultiEffect",
				"effects": [
					{
						"type": "ParticleEffect",
						"particles": 23,
						"sizeFrom": 8,
						"sizeTo": 0,
						"length": 30,
						"baseLength": 20,
						"lifetime": 55,
						"colorFrom": "7595D2",
						"colorTo": "7595D2"
					},
					{
						"type": "WaveEffect",
						"lifetime": 18,
						"sizeFrom": 1,
						"sizeTo": 50,
						"strokeFrom": 4.5,
						"strokeTo": 0,
						"colorFrom": "FFE176",
						"colorTo": "FFFFFF"
					}
				]
			},
			"despawnEffect": "none",
			"bulletInterval": 1.5,
			"intervalBullets": 2,
			"intervalRandomSpread": 30,
			"intervalBullet": {
				"type": "BasicBulletType",
				"damage": 15,
				"splashDamageRadius": 21,
				"splashDamage": 22,
				"knockback": 1,
				"impact": true,
				"status": "休克",
				"statusDuration": 15,
				"speed": 8,
				"lifetime": 8,
				"backColor": "7595D2",
				"frontColor": "FFFFFF",
				"trailLength": 3,
				"trailWidth": 2,
				"trailColor": "7595D2",
				"width": 16,
				"height": 16,
				"hitEffect": "flakExplosion",
				"despawnEffect": "none"
			}
		},
		"surge-alloy": {
			"type": "BasicBulletType",
			"damage": 75,
			"splashDamageRadius": 65,
			"splashDamage": 65,
			"lightningDamage": 36,
			"lightning": 3,
			"lightningLength": 10,
			"pierceCap": 9,
			"pierceDamageFactor": 0.0025,
			"speed": 3.6,
			"drag": 0.004,
			"lifetime": 120,
			"rangeChange": 60,
			"width": 35,
			"height": 35,
			"spin": 10,
			"shrinkX": 0,
			"shrinkY": 0,
			"ammoMultiplier": 5,
			"sprite": "mine-bullet",
			"backColor": "F2E770",
			"frontColor": "FFFFFF",
			"trailChance": 1,
			"trailEffect": {
				"type": "ParticleEffect",
				"particles": 4,
				"length": 10,
				"baseLength": 3,
				"lifetime": 60,
				"interp": "pow10Out",
				"sizeInterp": "pow5In",
				"colorFrom": "F2E77070",
				"colorTo": "F2E77070",
				"sizeFrom": 2.3,
				"sizeTo": 0
			},
			"smokeEffect": {
				"type": "ParticleEffect",
				"particles": 20,
				"line": true,
				"strokeFrom": 2,
				"strokeTo": 0,
				"lenFrom": 16,
				"lenTo": 8,
				"length": 36,
				"baseLength": 3,
				"lifetime": 12,
				"colorFrom": "FFE176",
				"colorTo": "FFE176",
				"cone": 40
			},
			"shootEffect": {
				"type": "ParticleEffect",
				"particles": 13,
				"sizeFrom": 5,
				"sizeTo": 0,
				"interp": "pow5Out",
				"sizeInterp": "pow5In",
				"length": 28,
				"baseLength": 0,
				"lifetime": 40,
				"colorFrom": "F2E770",
				"colorTo": "F2E770",
				"cone": 48
			},
			"hitShake": 3,
			"hitSound": "explosion",
			"hitEffect": {
				"type": "MultiEffect",
				"effects": [
					{
						"type": "ParticleEffect",
						"particles": 23,
						"sizeFrom": 8,
						"sizeTo": 0,
						"length": 45,
						"baseLength": 20,
						"lifetime": 55,
						"colorFrom": "F2E770",
						"colorTo": "F2E770"
					},
					{
						"type": "WaveEffect",
						"lifetime": 18,
						"sizeFrom": 1,
						"sizeTo": 65,
						"strokeFrom": 6,
						"strokeTo": 0,
						"colorFrom": "F2E770FF",
						"colorTo": "FFFFFF"
					}
				]
			},
			"despawnEffect": "none",
			"bulletInterval": 1.75,
			"intervalBullets": 2,
			"intervalRandomSpread": 30,
			"intervalBullet": {
				"type": "BasicBulletType",
				"damage": 24,
				"splashDamageRadius": 30,
				"splashDamage": 36,
				"lightningDamage": 24,
				"lightning": 1,
				"lightningLength": 6,
				"lightningLengthRand": 2,
				"knockback": 1,
				"impact": true,
				"speed": 9.6,
				"lifetime": 8,
				"backColor": "F2E770",
				"frontColor": "FFFFFF",
				"trailLength": 3,
				"trailWidth": 2,
				"trailColor": "F2E770",
				"width": 16,
				"height": 16,
				"hitEffect": "flakExplosion",
				"despawnEffect": "none"
			}
		},
		"集束": {
			"type": "BasicBulletType",
			"damage": 40,
			"splashDamageRadius": 55,
			"splashDamage": 96,
			"pierceCap": 10,
			"pierceDamageFactor": 0.0025,
			"status": "blasted",
			"speed": 1.8,
			"drag": 0.003,
			"lifetime": 200,
			"width": 35,
			"height": 35,
			"spin": 10,
			"shrinkX": 0,
			"shrinkY": 0,
			"ammoMultiplier": 5,
			"sprite": "mine-bullet",
			"backColor": "D85555",
			"frontColor": "FFFFFF",
			"trailChance": 1,
			"trailEffect": {
				"type": "ParticleEffect",
				"particles": 4,
				"length": 10,
				"baseLength": 3,
				"lifetime": 60,
				"interp": "pow10Out",
				"sizeInterp": "pow5In",
				"colorFrom": "D8555570",
				"colorTo": "D8555570",
				"sizeFrom": 2.3,
				"sizeTo": 0
			},
			"smokeEffect": {
				"type": "ParticleEffect",
				"particles": 20,
				"line": true,
				"strokeFrom": 2,
				"strokeTo": 0,
				"lenFrom": 16,
				"lenTo": 8,
				"length": 36,
				"baseLength": 3,
				"lifetime": 12,
				"colorFrom": "FFE176",
				"colorTo": "FFE176",
				"cone": 40
			},
			"shootEffect": {
				"type": "ParticleEffect",
				"particles": 13,
				"sizeFrom": 5,
				"sizeTo": 0,
				"interp": "pow5Out",
				"sizeInterp": "pow5In",
				"length": 28,
				"baseLength": 0,
				"lifetime": 40,
				"colorFrom": "D85555",
				"colorTo": "D85555",
				"cone": 48
			},
			"hitShake": 5,
			"hitSound": "explosion",
			"hitEffect": {
				"type": "MultiEffect",
				"effects": [
					{
						"type": "ParticleEffect",
						"particles": 23,
						"sizeFrom": 8,
						"sizeTo": 0,
						"length": 35,
						"baseLength": 20,
						"lifetime": 55,
						"colorFrom": "D85555",
						"colorTo": "D85555"
					},
					{
						"type": "WaveEffect",
						"lifetime": 18,
						"sizeFrom": 1,
						"sizeTo": 55,
						"strokeFrom": 6,
						"strokeTo": 0,
						"colorFrom": "D85555",
						"colorTo": "FFFFFF"
					}
				]
			},
			"despawnEffect": "none",
			"bulletInterval": 3.2,
			"intervalBullets": 5,
			"intervalRandomSpread": 30,
			"intervalBullet": {
				"type": "BasicBulletType",
				"damage": 8,
				"splashDamageRadius": 42,
				"splashDamage": 64,
				"knockback": 2,
				"impact": true,
				"status": "blasted",
				"speed": 6,
				"lifetime": 10,
				"backColor": "D85555",
				"frontColor": "FFFFFF",
				"trailLength": 3,
				"trailWidth": 2,
				"trailColor": "D85555",
				"width": 16,
				"height": 16,
				"hitShake": 2,
				"hitSound": "explosion",
				"hitEffect": "blastExplosion",
				"despawnEffect": "none"
			}
		},
		"泰勒合金": {			"type": "BasicBulletType",
		"damage": 114,
		"splashDamageRadius": 69.6,
		"splashDamage": 80,
		"lightningDamage": 33,
		"lightning": 4,
		"lightningLength": 9,
		"lightningLengthRand": 3,
		"lightningColor": "BFFFDB",
		"pierceCap": 10,
		"speed": 2.5,
		"status": "干扰",
		"statusDuration": 60,
		"lifetime": 65,
		"drag": -0.025,
		"rangeChange": 101,
		"width": 38,
		"height": 38,
		"spin": 10,
		"shrinkX": 0,
		"shrinkY": 0,
		"ammoMultiplier": 6,
		"sprite": "mine-bullet",
		"backColor": "BFFFDB",
		"frontColor": "FFFFFF",
		"trailChance": 1,
		"trailEffect": {
			"type": "ParticleEffect",
			"particles": 4,
			"length": 10,
			"baseLength": 3,
			"lifetime": 60,
			"interp": "pow10Out",
			"sizeInterp": "pow5In",
			"colorFrom": "BFFFDB70",
			"colorTo": "BFFFDB70",
			"sizeFrom": 2.3,
			"sizeTo": 0
		},
		"smokeEffect": {
			"type": "ParticleEffect",
			"particles": 20,
			"line": true,
			"strokeFrom": 2,
			"strokeTo": 0,
			"lenFrom": 16,
			"lenTo": 8,
			"length": 36,
			"baseLength": 3,
			"lifetime": 12,
			"colorFrom": "FFE176",
			"colorTo": "FFE176",
			"cone": 40
		},
		"shootEffect": {
			"type": "ParticleEffect",
			"particles": 13,
			"sizeFrom": 5,
			"sizeTo": 0,
			"interp": "pow5Out",
			"sizeInterp": "pow5In",
			"length": 28,
			"baseLength": 0,
			"lifetime": 40,
			"colorFrom": "BFFFDB",
			"colorTo": "BFFFDB",
			"cone": 48
		},
		"hitShake": 5,
		"hitSound": "plasmaboom",
		"hitEffect": {
			"type": "MultiEffect",
			"effects": [
				{
					"type": "ParticleEffect",
					"particles": 23,
					"sizeFrom": 8,
					"sizeTo": 0,
					"length": 45,
					"baseLength": 20,
					"lifetime": 55,
					"colorFrom": "BFFFDB",
					"colorTo": "BFFFDB"
				},
				{
					"type": "WaveEffect",
					"lifetime": 18,
					"sizeFrom": 1,
					"sizeTo": 65,
					"strokeFrom": 6,
					"strokeTo": 0,
					"colorFrom": "BFFFDB",
					"colorTo": "FFFFFF"
				}
			]
		},
		"despawnEffect": "none",
		"intervalDelay": 30,
		"bulletInterval": 0.7,
		"intervalBullets": 1,
		"intervalBullet": {
			"type": "LightningBulletType",
			"status": "干扰",
			"statusDuration": 25,
			"hitColor": "BFFFDB",
			"hitEffect": "hitLancer",
			"despawnEffect": "none",
			"lightningColor": "BFFFDB",
			"hitSound": "spark",
			"damage": 48,
			"lightningLength": 12,
			"lightningLengthRand": 6,
			"lightningType": {
				"instantDisappear": true,
				"lightning": 3,
				"lightningDamage": 30,
				"lightningLength": 1,
				"lightningLengthRand": 4,
				"collidesTeam": true,
				"hittable": false,
				"hitColor": "BFFFDB",
				"hitEffect": "hitLancer",
				"despawnEffect": "none",
				"lightningColor": "BFFFDB",
				"hitSound": "spark",
				"status": "shocked"
			}
		}
	}
	},
	"requirements": [
		"titanium/240",
		"硅钢/100",
		"plastanium/150",
		"surge-alloy/50",
		"一级协议/0"
	],
	"researchCostMultiplier": 0.4,
	"category": "turret",
	"research": "阔刀"
}