{
	"name":"天鹰",
	"description":"中型战斗机，拥有两挺速射机枪以及一门破坏性导弹发射器。"
	"details":"新世纪天鹰战士，创造奇迹！"
    "health":1200,
	"hitSize":28,
	//碰撞箱
    "rotateSpeed":4,
    //转身速度
    "accel":0.08,//加速
	"drag":0.016,//拖曳
    "itemCapacity":30,
    //物品容量
    "canDrown":false,
    //能否被淹死
    "buildSpeed":0,
    //建筑速率
    "type":"flying",
    //空军，写在js里了故此处不写
    "flying":true,
    //是否飞行
    "speed":1.35,
    //移速
    "lowAltitude":false,
    "engines": [//多引擎
    {
        "x": 0//横坐标
        "y": -12//纵坐标
        "radius": 4//大小
        "rotation": -90//旋转
    }
],
    "armor":2,
    //护甲
    "research": {
	"parent": "2-雨燕"//科技树前置
	"objectives":[
	{
	"type": "SectorComplete",//占领地图
	"preset":"野性之心-放射性采集基地"//地图名
	},
	]},
            /*"trailSize:":6,//尾迹大小
            "trailLength":16,//尾迹长
            "trailScl":2,//尾迹摆动*/
    "targetFlags":["battery","generator"]//ai攻击目标
"weapons":[
		{
            "name":"天鹰武器",
            "mirror":true,
            "y":-2.6,
            "x":-3,
            "top":false,
            "shootX":-4,
            "reload":20,
            //射速
            "recoil":0.8,
            //后坐力
            "shake":0,
            //屏幕摇晃
            "shootSound": "pew",
            "rotate":false,
            "alternate":false,//轮流射击
            "inaccuracy":3,//不准确度
		"shoot":{"shots":2,//每轮子弹
		"shotDelay":3}//子弹间隔
            "bullet": {
                "type": "BasicBulletType",
                "damage":18,
                "smokeEffect": "shootSmallSmoke",
                "sprite":"bullet",//子弹贴图
			"spin": 0,//子弹旋转速度
			"shrinkY": 0,"shrinkX": 0,//子弹变形程度
			"speed": 8,
			"lifetime":22.5,
			"width":8,	"height":8,//宽长度
			"backColor":"fdb933",
			//子弹边缘颜色
			"frontColor":"d5c59f",
			//子弹中心颜色
			"shootEffect": "shootSmall"},
            },
        {
            "name":"空",
            "mirror":false,
            "y":0,
            "x":0,
            "shootX":0,
            "reload":180,
            //射速
            "recoil":0.4,
            //后坐力
            "shake":0.5,
            //屏幕摇晃
            "shootSound": "missileSmall",
            "rotate":false,
            "inaccuracy":5,//不准确度
            "bullet": {
            "spawnUnit": "野性之心-天鹰导弹",
			"speed":0,
            },
            }
        ]
}