{
    "type": "NuclearReactor",
    "name": "地星工业反应炉",
    "description": "工业常规反应炉，小心，它会爆炸",
    "health": 200,
    "size": 3,
    "coolColor": "ffffff00",
    "hotColor": "ff9575a3",
    "itemDuration": 300,
    "itemCapacity": 30,
    "liquidCapacity": 50,
    "heating": 0.01,
    "powerProduction": 74,
    "smokeThreshold": 0.5,
    "explosionRadius": 50,
    "explosionDamage": 300,
    "flashThreshold": 0.45,
    "coolantPower": 0.35,
    "consumes": {
        "items": {
		"items": [
		{ "item": "精炼铀", "amount": 1
		}
	]
    },
        "liquid": {
		    "liquid": "cryofluid",
		    "amount": 0.3
		}
    },
        "requirements": [
		{"item": "钛铜", "amount": 200},
		{ "item": "精铁矿", "amount": 100},
		{ "item": "星铁矿", "amount": 100}
	],
	"category": "power",
	"research": "地星发动机"
}