{
    "type": "PowerTurret",
    "name":"地星轨道炮", 
    "description": "地星文明的母星行星轨道防御系统的武器之一", 
    "health": 750,
    "size": 3,
    "targetAir": true,
    "targetGround": true,    
    "powerUse": 20.0,
    "recoil": 2,
    "restitution": 0.5,
    "shots": 1,
    "inaccuracy": 0,
    "reload": 300,
    "range": 1200,
    "shootType": {
        "type": "ArtilleryBulletType",
        "splashDamageRadius": 90,
	    "splashDamage": 60,
	    "speed": 1,
		"damage": 250,
		"hitSize": 4,
		"knockback": 0.5,
		"bulletWidth": 16,
		"lifetime": 390,
		"collides": true,
		"collidesAir": true,
		"frontColor": "00FF00",
		"trailColor": "00FFFF",
		"hitEffect": "shockwave",
		"trailEffect": "missileTrail",
        "despawn": "formsmoke",
        "shootEffect": "shootHeal",
        "smokeEffect": "smoke"
},
        "requirements": [
		{ "item": "星陨铁", "amount": 50},
		{ "item": "冰纹钢", "amount": 50},
		{ "item": "鎏光铁", "amount": 50},
		{ "item": "辰玄钢", "amount": 50},
		{ "item": "地星-超合金", "amount": 30}
	],
	"category": "turret",
	"research": "地星主舰核心"
}
