{
     "type":"PowerTurret",
     "name":"地星战列舰巡航导弹",
     "description":"地星战列舰武器之一",
     "health": 300,
     "size": 3,
     "targetAir": true,
     "targetGround": true,
     "recoil": 0,
     "shots": 1,
     "reload": 120,
     "range": 2400,
     "powerUse": 4.0,
    "shootType": {
        "type": "MissileBulletType",
        "lifetime": 4500,
        "speed": 4,
        "damage": 200,
        "splashDamageRadius": 80,
        "splashDamage": 200,
        "bulletWidth": 10,
        "bulletHeight": 22,
        "bulletShrink": 0,
        "homingPower": 1,
        "homingRange": 80,
        "prerce": false,
        "hitTiles": false,
        "collidesTiles": false,
        "collidesTeam": false,
        "collidesAir": true,
        "collides": true,
        "lightining": 10,
        "lightiningLength": 40
},
      "requirements": [
		{ "item": "星陨铁", "amount": 100},
		{ "item": "冰纹钢", "amount": 100},
		{ "item": "鎏光铁", "amount": 100},
		{ "item": "辰玄钢", "amount": 100},
		{ "item": "地星-超合金", "amount": 30}
	],
	"category": "turret",
	"research": "地星战列舰激光炮"
}