{
    "type": "GenericSmelter",
	"name": "地星太空堡垒-焚化炉",
	"description": "焚烧废料", 
	"itemCapacity":100,
	"liquidCapacity":50,
	"outputLiquid": {"liquid": "slag", "amount":40},
	"size":3,
	"health":3070,
	"hasPower": true,
	"hasLiquids": true,
	"hasItems": true,
	"craftTime":90,
	"flameColor": "FFAA00",
	"consumes": {
		"power": 17.4,
		"items":{
			"items":[
				{"item":"scrap","amount":20}
				]
		}
	},
	"requirements": [
		{ "item": "星陨铁", "amount": 20},
		{ "item": "冰纹钢", "amount": 7},
		{ "item": "鎏光铁", "amount": 45},
		{ "item": "辰玄钢", "amount": 2},
		{ "item": "地星-超合金", "amount": 30}
	],
	"category": "crafting",		
	"research":"地星太空堡垒-增压机",
	"idleSound": "respawning",
	"idleSoundVolume": 0.5
}