{
	"type": "GenericSmelter",
	"name": "地星硅厂",
	"description": "地星文明的硅厂可以大量生产硅",
	"health": 150,
	"itemCapacity": 30,
	"outputItem": {"item": "silicon","amount": 10},
	"size": 2,
	"hasPower": true,
	"hasItems": true,
	"craftTime": 90,
	"consumes": {
		"power": 4,
		"items": {
			"items": [
				{ "item": "sand", "amount": 15},
				{ "item": "coal", "amount": 6}
			]
		}
	},
	"requirements": [
		{ "item": "青铜", "amount": 20}
	],
	"category": "crafting",
	"research": "地星石墨压缩器",
	"idleSound": "respawning",
	"idleSoundVolume": 0.5
}