{
	"name": "地星护卫舰防护矩阵",
	"description": "拥有高达300的盾容，作用于护卫舰的矩阵防护",
	"type": "ForceProjector",
	"health": 100,
	"size": 1,
	"radius": 24,
	"basePowerDraw": 0.1,
	"phaseRadiusBoost": 16,
	"breakage": 300,
	"phaseUseTime": 300,
	"consumes":{
		"power": 1.0,
		"items":{
			"items":[
				{"item":"星铁矿","amount":1}
			],
			"booster":true,
			"optional":true
		}
	},
	"requirements": [
	    { "item": "青铜", "amount": 100},
	    { "item": "生铁矿", "amount": 100}
	],
	"category": "effect",
	"research":"地星护卫舰核心"
}