{
    "type": "ForceProjector",
	"name": "地星太空堡垒-单元护盾",
	"description": "保护一个单元的建筑",
	"health": 960,
	"size": 1,
	"radius": 200,
	"phaseRadiusBoost": 90,
	"phaseUseTime": 1800,
	"breakage": 3000,
	"itemCapacity": 50,
	"basePowerDraw": 1,
	"consumes":{
		"power": 10,
		"items":{
			"items":[
				{"item":"鎏光铁","amount":10}
			],
			"booster":true,
			"optional":true
		}
	},
	"requirements":[
		{ "item": "星陨铁", "amount": 7},
		{ "item": "冰纹钢", "amount": 7},
		{ "item": "鎏光铁", "amount": 11},
		{ "item": "辰玄钢", "amount": 6},
	    { "item": "地星-超合金", "amount": 10}
		],
	"category":"effect",
	"research":"地星主舰护盾"
}