{
	"name": "地星超合金工厂",
	"description": "生产地星最强合金",
	"health": 300,
	"itemCapacity": 100,
	"outputItem": {"item": "地星-超合金","amount": 1},
	"size": 4,
	"hasPower": true,
	"hasItems": true,
	"craftTime": 300,
	"consumes": {
		"power": 10,
		"items": {
			"items": [
				{ "item": "星陨铁", "amount": 10},
				{ "item": "冰纹钢", "amount": 10},
				{ "item": "鎏光铁", "amount": 10},
				{ "item": "辰玄钢", "amount": 10}
			]
		}
	},
	"requirements": [
		{ "item": "星陨铁", "amount": 100},
		{ "item": "冰纹钢", "amount": 100},
		{ "item": "鎏光铁", "amount": 100},
		{ "item": "辰玄钢", "amount": 100},
		{ "item": "青铜", "amount": 200},
		{ "item": "铅钛", "amount": 200},
		{ "item": "钛铜", "amount": 200}
	],
	"category": "crafting",
	"research": "辰玄合金厂",
	"idleSound": "respawning",
	"idleSoundVolume": 0.5
}