{
    "type":"SingleTypeGenerator",
    "name":"地星发动机",
    "description":"一级文明舰队常用的小型发动机，方便、轻巧且耗能少，但是却有严重的污染",
    "size": 2,
    "health": 300,
    "itemCapacity": 20,
    "hasItems": true,
    "itemDuration": 300,
    "powerProduction": 34,
    "consumes": {
        "items": {
		"items": [
		{ "item": "铀矿", "amount": 1
		}
	]
    }
    },
    "requirements": [
		{"item": "铅钛", "amount": 200},
		{ "item": "粗铁矿", "amount": 100},
		{ "item": "寒铁矿", "amount": 100}
	],
	"category": "power",
	"research": "地星燃煤机"
}