{
    "type": "ForceProjector",
	"name": "地星战列舰护盾",
	"description": "地星文明战列舰防御护盾,盾容高达1500",
	"health": 600,
	"size": 3,
	"radius": 144.0,
	"phaseRadiusBoost": 56,
	"breakage": 1500,
	"hasPower":true,
	"phaseUseTime": 1200,
	"basePowerDraw":0.4,
	"consumes":{
		"power":4.0,
		"items":{
			"items":[
				{"item":"星铁矿","amount":4}
			],
			"booster":true,
			"optional":true
		}
	},
	"requirements":[
	    { "item": "青铜", "amount": 100},
		{ "item": "铅钛", "amount": 100},
		{ "item": "陨铁矿", "amount": 100},
		{ "item": "寒铁矿", "amount": 100}
		],
	"category":"effect",
	"research":"地星战列舰防护矩阵"
}