{
	"type": "GenericSmelter",
	"name": "地星合金提炼厂",
	"description": "地星文明熟练的制作技术大大提高了巨浪合金的生产率，并且减少了环境污染",
	"health": 150,
	"itemCapacity": 100,
	"outputItem": {"item": "surge-alloy","amount": 10},
	"size": 3 ,
	"hasPower": true,
	"hasItems": true,
	"craftTime": 300,
	"updateEffect": "smeltsmoke",
	"consumes": {
		"power": 7.5,
		"items": {
			"items": [
				{ "item": "copper", "amount": 25},
				{ "item": "lead", "amount": 35},
				{ "item": "titanium", "amount": 15},
				{ "item": "silicon", "amount": 25}
			]
		}
	},
	"requirements": [
		{ "item": "青铜", "amount": 100},
		{ "item": "钛铜", "amount": 50},
		{ "item": "铅钛", "amount": 25}
	],
	"category": "crafting",
	"research": "地星硅厂",
	"idleSound": "respawning",
	"idleSoundVolume": 0.5
}