{
    "name": "地星矿机",
    "description": "地星文明常用矿物机器,却有强大采矿能力",
    "size": 3,
    "tier": 6,
    "drillTime": 130,
    "itemCapacity": 20,
    "rotateSpeed": 6,
    "drawRim": true,
    "hasShadow": false,
    "liquidBoostIntensity": 1.5,
    "consumes": {
		"power": 3.5
	},
    "requirements": [
		{ "item": "青铜", "amount": 200},
		{ "item": "铅钛", "amount": 200},
		{ "item": "钛铜", "amount": 200},
		{"item": "surge-alloy", "amount": 50}
	],
    "category": "production",
    "research": "地鼠矿机"
}