{
    "type": "GenericCrafter",
	"name": "地星太空堡垒-增压机",
	"description": "增大堡垒内压强", 
	"itemCapacity": 100,
	"liquidCapacity":80,
	"outputLiquid": {"liquid": "oil", "amount":30},
	"size":4,
	"health": 2890,
	"hasPower": true,
	"hasLiquids": true,
	"hasItems": true,
	"craftTime":90,
	"consumes": {
		"power": 9.0,
		"items":{
			"items":[
				{"item": "sand","amount": 30},
				{"item": "coal","amount": 20}
				]
		}
	},
	"requirements": [
		{ "item": "星陨铁", "amount": 5},
		{ "item": "冰纹钢", "amount": 10},
		{ "item": "鎏光铁", "amount": 2},
		{ "item": "辰玄钢", "amount": 4},
		{ "item": "地星-超合金", "amount": 40}
	],
	"category": "crafting",		
	"research":"地星太空堡垒-恒温器",
	"idleSound": "respawning",
	"idleSoundVolume": 0.5
}