{
    "type":"PowerTurret",
    "name":"地星电磁炮", 
    "description":"利用电磁效应来加速子弹，已达到惊人的破坏力", 
    "health": 400,
    "size": 2,
    "targetAir": true,
    "targetGround": true,
    "cooldown": 0.1,
    "recoil": 0,
    "restitution": 1,
    "shots": 1,
    "inaccuracy": 0,
    "reload": 60,
    "range": 220,
    "collidesTiles": false,
    "collidesAir": false,
    "collides": true,
    "hitSide": true,
    "trailEffect": "bulletShrink",
    "shootType": {
	    "type" : "ArtilleryBulletType",
	    "collidesTiles":true,
	    "collidesAir":true,
	    "ammoMultiplier": 1,
      	"reloadMultiplier": 1,
     	"knockback":0.5,
	    "collides":true,
    	"damage": 80,
    	"bulletWidth": 5,
    	"backColor": "00FFFF",
    	"bulletShrink":0.5,
    	"frontColor": "00FF00",
        "trailColor": "EE00EE",
    	"bulletHeight": 25,
     	"pierce": true,
    	"speed": 7.5,
      	"lifetime": 30,
	    "smokeEffect": "shootBigSmoke2",
	    "hitEffect":"lightningShoot"
	},
      "requirements": [
		{ "item": "铅钛", "amount": 100},
		{ "item": "粗铁矿", "amount": 150},
		{ "item": "寒铁矿", "amount": 150}
		
	],
	"category": "turret",
	"research": "地星文明"
}
