{
     "type":"PowerTurret",
     "name":"地星护卫舰巡航导弹",
     "description":"地星护卫舰武器之一",
     "health": 200,
     "size": 3,
     "targetAir": true,
     "targetGround": true,
     "recoil": 0,
     "shots": 1,
     "reload": 120,
     "range": 2000,
     "powerUse": 2.0,
    "shootType": {
        "type": "MissileBulletType",
        "lifetime": 3720,
        "speed": 4,
        "damage": 100,
        "splashDamageRadius": 80,
        "splashDamage": 100,
        "bulletWidth": 10,
        "bulletHeight": 22,
        "bulletShrink": 0,
        "homingPower": 1,
        "homingRange": 80,
        "prerce": false,
        "hitTiles": false,
        "collidesTiles": false,
        "collidesTeam": false,
        "collidesAir": true,
        "collides": true,
        "incendAmount": 10,
        "incendSpread": 10,
        "incendChance": 1
},
      "requirements": [
		{ "item": "星陨铁", "amount": 50},
		{ "item": "冰纹钢", "amount": 50},
		{ "item": "鎏光铁", "amount": 50},
		{ "item": "辰玄钢", "amount": 50},
		{ "item": "地星-超合金", "amount": 30}
	],
	"category": "turret",
	"research": "地星护卫舰激光炮"
}