{
    "type":"PowerTurret",
    "name":"塔防-双管铜炮",
    "description":"铜炮升级",
    "health": 15,
    "size": 1,
    "targetAir": true,
    "targetGround": true,
    "recoil": 0,
    "shots": 2,
    "inaccuracy": 0,
    "reload": 60,
    "range": 80,
    "shootType": {
        "type": "ArtilleryBulletType",
    "powerUse": 1,
	"speed": 1.5,
	"damage": 1,
	"hitSize": 4,
	"pierce": false,    
	"collidesTiles": false,
    "collidesTeam": false,
    "collidesAir": true,
    "collides": true,
    "hitSide": true,
	"bulletWidth": 2,
	"bulletHeight": 2,
	"lifetime": 150
    },
     "requirements": [
		{ "item": "金币", "amount": 4}
	],
	"category": "turret",
	"research": "塔防分支"
}