{
    "type":"PowerTurret",
    "name":"塔防-铜重弩",
    "description":"塔防地图重弩",
    "health": 60,
    "size": 2,
    "targetAir": true,
    "targetGround": true,
    "recoil": 0,
    "shots": 1,
    "inaccuracy": 0,
    "reload": 90,
    "range": 180,
    "hasLiquids": false,
    "coolantMultiplier": 0,
    "shootType": {
        "type": "ArtilleryBulletType",
    "powerUse": 1,
	"damage": 12,
	"speed": 2,
	"hitSize": 4,
	"pierce": false,    
	"collidesTiles": false,
    "collidesTeam": false,
    "collidesAir": true,
    "collides": true,
    "hitSide": true,
	"bulletWidth": 2,
	"bulletHeight": 2,
	"lifetime": 250
    },
     "requirements": [
		{ "item": "金币", "amount": 50}
	],
	"category": "turret",
	"research": "塔防分支"
}