{
    "type":"PowerTurret",
    "name":"塔防-轻型铜弩",
    "description":"塔防地图轻型弩",
    "health": 30,
    "size": 1,
    "targetAir": false,
    "targetGround": true,
    "recoil": 0,
    "shots": 1,
    "inaccuracy": 0,
    "reload": 30,
    "range": 90,
    "hasLiquids": false,
    "coolantMultiplier": 0,
    "shootType": {
        "type": "ArtilleryBulletType",
    "powerUse": 1,
	"damage": 3,
	"speed": 2.5,
	"hitSize": 4,
	"pierce": false,    
	"collidesTiles": false,
    "collidesTeam": false,
    "collidesAir": true,
    "collides": true,
    "hitSide": true,
	"bulletWidth": 2,
	"bulletHeight": 2,
	"lifetime": 250
    },
     "requirements": [
		{ "item": "金币", "amount": 7}
	],
	"category": "turret",
	"research": "塔防分支"
}