{
    "type":"PowerTurret",
    "name":"塔防-铁炮",
    "description":"塔防地图铁炮",
    "health": 20,
    "size": 1,
    "targetAir": true,
    "targetGround": true,
    "recoil": 0,
    "shots": 1,
    "inaccuracy": 0,
    "reload": 80,
    "range": 100,
    "shootType": {
        "type": "ArtilleryBulletType",
    "powerUse": 1,
	"speed": 1.5,
	"damage": 4,
	"hitSize": 4,
	"pierce": false,    
	"collidesTiles": false,
    "collidesTeam": false,
    "collidesAir": true,
    "collides": true,
    "hitSide": true,
	"bulletWidth": 2,
	"bulletHeight": 2,
	"lifetime": 200
    },
     "requirements": [
		{ "item": "金币", "amount": 8}
	],
	"category": "turret",
	"research": "塔防分支"
}