{
	"type": "GenericSmelter",
	"name": "星陨合金厂",
	"description": "生产合金星陨铁",
	"health": 300,
	"itemCapacity": 200,
	"outputItem": {"item": "星陨铁","amount": 1},
	"size": 3 ,
	"hasPower": true,
	"hasItems": true,
	"craftTime": 60,
	"flameColor": "EEB422",
	"consumes": {
		"power": 3.0,
		"items": {
			"items": [
				{ "item": "生铁矿", "amount": 20},
				{ "item": "陨铁矿", "amount": 20},
				{ "item": "titanium", "amount": 20},
				{ "item": "surge-alloy", "amount": 20}
			]
		}
	},
	"requirements": [
        { "item": "青铜", "amount": 500},
	    { "item": "铅钛", "amount": 500},
	    { "item": "钛铜", "amount": 500},
	    { "item": "surge-alloy", "amount": 100},
		{ "item": "生铁矿", "amount": 100},
		{ "item": "陨铁矿", "amount": 100}
	],
	"category": "crafting",
	"research": "辰铁金属厂",
	"idleSound": "respawning",
	"idleSoundVolume": 0.5
}