{
    "type": "ImpactReactor",
    "name": "核反应列阵",
    "description": "一级文明利用精炼铀的蜕变成镎和一个电子以及两个重氢核结合成氦核,来放出巨大能量来驱动战舰,但是启动时间非常之久远超冲击反应堆",
    "size": 4,
    "health": 1500,
	"hasPower": true,
	"hasLiquids": true,
	"hasItems": true,
	"outputsPower": true,
	"consumesPower": true,
	"warmupSpeed":0.0005,
	"liquidCapacity": 300,
	"itemCapacity": 500,
	"itemDuration": 600,
	"plasmas": 4,
	"explosionRadius": 75,
	"explosionDamage": 3500,
	"buildCostMultiplier": 15,
	"powerProduction": 160.0,
	"consumes": {
	    "power": 40,
        "items": {
		"items": [
		{ "item": "裂变铀", "amount": 5
		}
	]
    },
        "liquid": {
        "liquid": "cryofluid",
        "amount": 0.5
    }
    },
    "requirements": [
		{ "item": "青铜", "amount": 200},
		{ "item": "铅钛", "amount": 200},
		{ "item": "钛铜", "amount": 200},
		{ "item": "玄铁", "amount": 100},
		{ "item": "辰铁", "amount": 100}
	],
	"category": "power",
	"research": "地星工业反应炉"
}