{
	"type": "LiquidConverter",
	"name": "氧气制取设备",
	"description": "电解水从而获取氧",
	"itemCapacity": 20,
	"size": 2,
	"hasPower": true,
	"hasLiquids": true,
	"hasItems": true,
	"craftTime": 30,
	"topColor": "ffffff",
	"update": true,
	"solid": true,
	"consumes": {
		"power": 1.5,
		"liquid": {
			"liquid": "water",
			"amount": 0.5
	}
	},
  	"liquidCapacity": 60,
	"outputLiquid": {"liquid": "氧", "amount": 10},
	"requirements": [
		{ "item": "青铜", "amount": 50},
		{ "item": "铅钛", "amount": 100},
		{ "item": "钛铜", "amount": 150}
	],
	"category": "crafting",
	"research": "钛铜熔炼厂",
	"idleSound": "respawning",
	"idleSoundVolume": 0.5
}