{
	"type": "GenericSmelter",
	"name": "玄铁金属厂",
	"description": "生产地星星内最高级金属",
	"health": 200,
	"itemCapacity": 50,
	"outputItem": {"item": "玄铁","amount": 1},
	"size": 3,
	"hasPower": true,
	"hasItems": true,
	"craftTime": 60,
	"flameColor": "969696",
	"consumes": {
		"power": 4.0,
		"items": {
			"items": [
				{ "item": "生铁矿", "amount": 20},
				{ "item": "粗铁矿", "amount": 15},
				{ "item": "精铁矿", "amount": 10}
			]
		}
	},
	"requirements": [
	    { "item": "青铜", "amount": 300},
	    { "item": "铅钛", "amount": 300},
	    { "item": "钛铜", "amount": 300},
		{ "item": "生铁矿", "amount": 100},
		{ "item": "粗铁矿", "amount": 100},
		{ "item": "精铁矿", "amount": 100}
	],
	"category": "crafting",
	"research": "矿液分离机",
	"idleSound": "respawning",
	"idleSoundVolume": 0.5
}