{
	"name": "矿液分离机",
	"description": "可以将矿液分离为各种矿物，提供不同的矿物",
	"itemCapacity": 10,
	"size":2 ,
	"craftTime":60,
	"spinnerSpeed": 1,
	"color": "AEEEEE",
	"results": [
				{ "item": "铀矿", "amount": 1},
				{ "item": "粗铁矿", "amount": 1},
				{ "item": "精铁矿", "amount": 1},
				{ "item": "寒铁矿", "amount": 1},
				{ "item": "星铁矿", "amount": 1},
				{ "item": "生铁矿", "amount": 1},
				{ "item": "陨铁矿", "amount": 1}
		],
	"consumes": {
		"power": 1.5,
		"liquid": { "liquid": "矿液", "amount": 0.5}
	},
  	"liquidCapacity": 5,
	"requirements": [
		{ "item": "铅钛", "amount": 100},
		{ "item": "钛铜", "amount": 500},
		{ "item": "生铁矿", "amount": 100},
		{ "item": "陨铁矿", "amount": 100}
	],
	"category": "crafting",
	"research": "矿石液化器"
}