{
	"type": "GenericSmelter",
	"name": "辰玄合金厂",
	"description": "生产合金辰玄钢",
	"health": 300,
	"itemCapacity": 200,
	"outputItem": {"item": "辰玄钢","amount": 1},
	"size": 3 ,
	"hasPower": true,
	"hasItems": true,
	"craftTime": 60,
	"flameColor": "40E0D0",
	"consumes": {
		"power": 3.0,
		"items": {
			"items": [
				{ "item": "玄铁", "amount": 20},
				{ "item": "辰铁", "amount": 20},
				{ "item": "钢", "amount": 20},
				{ "item": "surge-alloy", "amount": 20}
			]
		}
	},
	"requirements":[
	    { "item": "青铜", "amount": 500},
	    { "item": "铅钛", "amount": 500},
	    { "item": "钛铜", "amount": 500},
		{ "item": "surge-alloy", "amount": 100},
		{ "item": "钢", "amount": 100},
		{ "item": "玄铁", "amount": 100},
		{ "item": "辰铁", "amount": 100}
	],
	"category": "crafting",
	"research": "鎏光合金厂",
	"idleSound": "respawning",
	"idleSoundVolume": 0.5
}