{
	"type": "GenericSmelter",
	"name": "重煅熔炉",
	"description": "将过多的物资转化为矿石",
	"health": 300,
	"itemCapacity": 50,
	"outputItem": {"item": "矿石","amount": 1},
	"size": 2 ,
	"hasPower": true ,
	"hasItems":true ,
	"craftTime": 90,
	"updateEffect": "smeltsmoke",
	"consumes": {
		"power": 1,
		"items": {
			"items": [
				{ "item": "青铜", "amount": 10},
				{ "item": "铅钛", "amount": 10},
				{ "item": "钛铜", "amount": 5}
			]
		}
	},
	"requirements": [
		{ "item": "生铁矿", "amount":  150},
		{ "item": "titanium", "amount": 200},
		{ "item": "silicon", "amount": 200},
		{ "item": "graphite", "amount": 500}
	],
	"category": "crafting",
	"research": "地鼠矿机",
	"idleSound": "respawning",
	"idleSoundVolume": 0.5
}