{
	"type": "GenericSmelter",
	"name": "钛铜熔炼厂",
	"description": "融化的钛与铜形成新的金属",
	"health": 80,
	"itemCapacity": 80,
	"outputItem": {"item": "钛铜","amount": 1},
	"size": 2 ,
	"hasPower": true,
	"hasItems": true,
	"craftTime": 60,
	"flameColor": "EEB422",
	"consumes": {
		"power": 1.0,
		"items": {
			"items": [
				{ "item": "copper", "amount": 20},
				{ "item": "titanium", "amount": 20}
			]
		}
	},
	"requirements": [
     	{ "item": "copper", "amount": 50},
	    { "item": "lead", "amount": 50},
	    { "item": "titanium", "amount": 50}
	],
	"category": "crafting",
	"research": "铅钛熔炼厂",
	"idleSound": "respawning",
	"idleSoundVolume": 0.5
}