{
	"type": "naval",
	"name": "浮鱼",
	"description": "浅藻的进阶单位，可向敌人发射一枚导弹",
	"immunities": [
"失灵"
	],
	"speed":0.4,
	"rotateSpeed":3,
	"ammoType":{
	"type":"PowerAmmoType",
	"totalPower":100},
	"ammoCapacity": 60,
    "trailLength":24,
    "waveTrailX":0,
    "waveTrailY":-6,
    "trailScl":2,
	"hitSize":20, 
	"health": 680,
	"armor":12,
	"faceTarget": false,
	"lowAltitude": true,
	    "abilities": [
        {
        "type": "RepairFieldAbility"
        "amount":96
        "reload": 120
        "range": 88
    }]
	"weapons":[
		{
			"name": "浮鱼1",
			"reload": 130,
			"x": 0,
			"y": 0,
			"rotate": true,
			"mirror": false,
			"inaccuracy": 0,
			"shootCone": 60,
			"alternate": true,
			"shootSound": "missileLaunch",
			"shake": 5,
			"parts":[
				{
					"type": "RegionPart",
					"mirror": false,
					"suffix": "-preview",
					"progress": "reload",
					"under": true,
					"top": true,
					"y": 4,
					"layerOffset": 0,
					"moveX": 0,
					"moveY": -2,
					"moveRot": 45
				}
			],
			"bullet": {
				"keepVelocity": false,
				"speed": 0,
				"shootEffect": "none",
				"smokeEffect": "shootSmallFlame",
				"spawnUnit": "浮鱼导弹"
			}
		},
	]
	"research":{
	"parent": "浅藻",
		"requirements": [
			"silicon/1200",
			"化钢/1200"
			"钛板/2000"
			"thorium/1000"
			"一级研究协议/20"]
	}
	"requirements": {
		"block": "重载型重构厂",
		"previous": "浅藻"
		"time": 1500,},
	"researchCostMultiplier": 0.2,
}