{
    "type":"ItemBridge", 
    "name":"多元复合物带桥",
    "description":"先进的传送带，在确保传送速度和距离的前提下极大提升了耐久度.",
    "health":800,
    "size":1,
    "speed":5,
    "range":20,
    "transportTime":0.55, 
    "consumes": {
		"power":0.5}
    "hasItem":true,
 	"requirements": [
 	    { "item": "silicon", "amount": 15 },
		{ "item": "thorium", "amount": 20 },
		{ "item": "phase-fabric", "amount": 10 },
		{ "item": "多元复合物", "amount": 10 }
	],
	"category": "distribution",
	"research": "phase-conveyor"
    "shownPlanets": [serpulo, 目标行星]
}