{
	"name": "脉冲",
	"description": "蓝瑟炮的同构研发产物，降低了性能的同时相对于蓝瑟电力消耗更少。",
	"type": "PowerTurret",
	"size":2 ,
	"health":1000 ,
	"reload": 30,
    "range": 125,
	"shootSound" : "laser",
    "buildCostMultiplier": 0.7,
    "liquidCapacity": 36,
    "hasItems": true,
    "maxAmmo": 100,

	"shootType": {
    "type": "LaserBulletType",
    "damage": 26,
    "colors": ["a9d8ff66", "a9d8ffff", "ffffffff"],
    "hitSize": 4,
    "lifetime": 16.00,
    "drawSize": 400.00,
    "collidesAir": true,
    "length": 173.00,
    "ammoMultiplier": 1.00,
    "pierceCap": 6,
    "status" : "blasted"
    },

	"requirements": [
        { "item": "copper", "amount": 45}
        { "item": "lead", "amount": 45}
        { "item": "silicon", "amount": 20}
        { "item": "metaglass", "amount": 30}
      
    ],

    "consumes" : {
        "power": 1.5,
        "coolant": {
        "amount": 0.15,
        "optional": true,
        },
    },

	"category": "turret",
    "research": "arc",
}