{
	"name": "啸风",
	"description": "我们强化了气旋的发射部分，同时增加了散热部分面积。以使它的发射速度以及弹药口径相当于气旋有明显的提升",
	"type": "ItemTurret",
	"size":4,
	"health":2460 ,
	"targetAir": true,
	"reload":5,
    "range":240,
    "recoil":1.5,
    "recoilTime":7.5,
    "rotateSpeed":10,
    "inaccuracy":5,
    "shootCone":30,
    "ammoPerShot":4,
    "buildCostMultiplier": 0.5,
	"shootSound" : "shootSnap",

    "shoot": {
        "shots": 2,
    },

    "xRand": 2,

	 "ammoTypes":{
	 	"plastanium":{
        "type":"FlakBulletType",
        "speed": 8,
        "damage": 16,
        "ammoMultiplier": 4,
        "splashDamageRadius": 30,
        "splashDamage": 40.0,
        "collides":true,
        "collidesGround":true,
        "hitSize":4,

        "fragBullets": 8,
        "fragBullet": {
        "type": "BasicBulletType",
        "speed": 3,
        "damage": 16,
        "width": 10.00,
        "height": 12.00,
        "shrinkY": 1.00,
        "lifetime": 15.00
    },
    },

    "surge-alloy":{
        "type":"FlakBulletType",
        "speed": 8,
        "damage": 75,

        "ammoMultiplier": 2,
        "splashDamage": 37,
        "splashDamageRadius": 38,
        "lightning": 1,
        "shootEffect": "shootBig",
        "collidesGround": true,
        "explodeRange": 20,
        "lightningLength": 6.5,
        "buildingDamageMultiplier": 0.3,

    }
    },

	"requirements": [
    { "item": "titanium", "amount": 500},
    { "item": "metaglass", "amount": 750},
    { "item": "thorium", "amount": 450},
    { "item": "phase-fabric", "amount": 150},
    { "item": "surge-alloy", "amount": 250},
    { "item": "封装铍", "amount": 450},
    { "item": "高纯钨", "amount": 450},
	],

    "consumes" : {
        "coolant": {
        "amount": 0.3,
        "optional": true,
        },
    },

	"category": "turret",
    "research": {
    "parent": "Brilliance-TechTree",
    "objectives": [
            {
                "type": "SectorComplete",
                "preset": "impact0078"
            }
        ]
}
}