{
 "type":"flying",
 "name":"轻型武装直升机",
 "description":"非常弱，常用于前期骚扰和绕后偷袭。",
 "speed":1,
 "rotatespeed":2,
 "hitsize":4,
 "buildspeed":0,
 "flying":true,
 "faceTarget":true,
 "health":45,
 "armor":0,
 "engineOffset":0,
 "engineSize":0,
 "research":"flare",
 "itemCapacity":5,
 "ammoType":"copper"
 "ammoCapacity":50,
 "weapons":[
 {"name":"none",
 "x":0,"y":0,
 "reload":50,
 "top":false,
 "rotate":false,
 "shootsound":"pew",
 "bullet":{
 "damage":15,
 "speed":2,
 "lifetime":60,
 "width":5, "height":5,
 }
 }
 ] 
}