{
	"name":"初代培养机",
	"description":"培养低级生物，培养出的生物可以直接投入战斗，也可以继续投入培养升级。",
    "health":360,
	"size":3,
	"consumes":{
		"power":2,
		"liquids":{
		    "liquids":[
		        {"liquid": "培养液", "amount": 0.1 }
		    ]
		}
	},
	"plans":[
		{ "unit": "锹甲", "time": 1200,
    	"requirements": [
       		{ "item": "silicon", "amount": 20},
       		{ "item": "生物质", "amount": 10}
            ]
        },
        { "unit": "青苔", "time": 1800,
    	"requirements": [
       		{ "item": "silicon", "amount": 25},
       		{ "item": "生物质", "amount": 20},
       	    { "item": "氮化硅", "amount": 10}
            ]
        },
        { "unit": "蛆虫", "time": 900,
    	"requirements": [
       		{ "item": "silicon", "amount": 10},
       		{ "item": "生物质", "amount": 15}
            ]
        },
        { "unit": "幼蜂", "time": 3000,
    	"requirements": [
    	    { "item": "钴", "amount": 30},
       		{ "item": "silicon", "amount": 20},
       		{ "item": "生物质", "amount": 10}
            ]
        },
        { "unit": "水蚤", "time": 1800,
    	"requirements": [
    	    { "item": "silicon", "amount": 25},
       		{ "item": "生物质", "amount": 20},
       		{ "item": "氮化硅", "amount": 10}
            ]
        }
    ],
	"requirements": [
    	"graphite/120",
    	"silicon/80",
    	"生物质/10"
	],
	"category":"units",
	"buildVisibility":"shown",
	"researchCostMultiplier": 0.1,
	"research": {
		"parent": "ap-core-恢复核心",
		"objectives": [
			{
				"type": "OnSector",
				"preset": "荒芜沙漠"
			}
		]
	}
}