{
    "type": "Reconstructor",
    "name": "次代培养机",
    "description": "将初代生物再次投入培养，成为次代生物。",
    "health": 360,
    "size": 3,
    "constructTime": 1800,
    "consumes": {
        "power": 3,
        "items": {
            "items": [
                "silicon/80",
                "生物质/50",
                "氮化硅/30"
            ]
        },
        "liquids": {
            "liquids": [
                {
                    "liquid": "培养液",
                    "amount": 0.1
                }
            ]
        }
    },
    "upgrades": [
        [
            "锹甲",
            "鳄龟"
        ],
        [
            "青苔",
            "文竹"
        ],
        [
            "幼蜂",
            "工蜂"
        ],
        [
            "蛆虫",
            "蟥蛭"
        ],
        [
            "水蚤",
            "锦鳞"
        ]
    ],
    "requirements": [
        "graphite/200",
        "silicon/180",
        "氮化硅/150",
        "生物质/120"
    ],
    "category": "units",
	"researchCostMultiplier": 0.1,
	"research": {
		"parent": "初代培养机",
		"objectives": [
			{
				"type": "OnSector",
				"preset": "肥沃草甸"
			}
		]
	}
}