{
    "type": "Reconstructor",
    "name": "终代培养机",
    "description": "将次代生物再次投入培养，成为终代生物。",
    "health": 360,
    "size": 5,
    "constructTime": 3600,
    "liquidCapacity": 36,
    "consumes": {
        "power": 6,
        "items": {
            "items": [
                "graphite/250",
                "生物质/200",
                "氮化硅/150",
                "钴钢/100"
            ]
        },
        "liquids": {
            "liquids": [
                {
                    "liquid": "培养液",
                    "amount": 0.3
                }
            ]
        }
    },
    "upgrades": [
        [
            "鳄龟",
            "猛虎"
        ],
        [
            "文竹",
            "参空"
        ],
        [
            "蟥蛭",
            "鬼雕"
        ]
    ],
    "requirements": [
        "graphite/800",
        "silicon/600",
        "生物质/400",
        "钴钢/300"
    ],
    "category": "units",
    "research": {
        "parent": "次代培养机",
        "objectives": [
            {
                "type": "OnSector",
                "preset": "草原要塞"
            }
        ]
    },
    "researchCostMultiplier": 0.1
}