{
    "type": "PowerTurret",
    "name": "黑洞发生器",
    "health": 9999999999,
    "buildVisibility": "sandboxOnly",
    "reload": 1
    "shootCone": 20
    "rotateSpeed":15,
    "hidden": false
    "consumes": {
        "power": 10
    },
    "drawer": {
		"type": "DrawTurret",
		"parts": [
    	{
				"type": "ShapePart",
				"progress": "warmup",
				"y": 0,
				"color": "99e0ff",
				"circle": true,
				"hollow": false,
				"radius": 90
				"radiusTo": 90
				"layer": 110
			},
			{
				"type": "ShapePart",
				"progress": "warmup",
				"y": 0,
				"color": "000000",
				"circle": true,
				"hollow": false,
				"radius": 80
				"radiusTo": 80
				"layer": 111
			},
		]
	}
    "targetAir": true,
    "targetGround": true,
    "range": 300,
    "shootEffect": {
        "type": "ParticleEffect",
        "particles": 4,
        "length": -45,
        "baseLength": 0,
        "lifetime": 50,
        "line": true,
        "lenFrom": 8,
        "lenTo": 18,
        "layer":109
        "strokeFrom": 2,
        "strokeTo": 0,
        "colorFrom": "c0ecff",
        "colorTo": "99ecff"
    },
    "recoil": 0,
    "size": 4,
    "shoot": {
        "type": "ShootSpread",
        "shots": 18
    },
    "inaccuracy": 360,
    "shootSound": "laser",
    "shootY": 0,
    "shootType": {
        "type": "LightningBulletType",
        "damage": 20
        "status":"slow"
        "lightningLength": 30,
        "lightningColor":"99ecff"
        "lightningLengthRand": 8,
        "ammoMultiplier": 1,
    },
    "requirements": [
    ],
    "category": "turret",
}