{
	"name": "盐水",
	"description": "吞噬细胞里的水，预防V8的瘤液泄漏",
    "details": "并非盐水，具有细胞活性，含盐分很高，性质稳定。"
	"type": "CellLiquid",
	"moveThroughBlocks": true,
	"alwaysUnlocked": false,
	"blockReactive": true,
	"capPuddles": false,
	"coolant": false,
	"cells": 12,
	"viscosity": 1,
	"temperature": 0.3,
	"canStayOn": ["neoplasm"]
	"spreadTarget": "neoplasm",
	"particleSpacing": 10,
	"particleEffect": {
		"type": "ParticleEffect",
		"particles": 5,
		"baseLength": 1,
		"length": 10,
		"region": "饱和火力-菱形",
		"sizeInterp":"pow5In",
		"lifetime": 22,
		"sizeFrom": 1,
		"sizeTo": 0,
		"colorFrom": "FEF8F6",
		"colorTo": "FEFAF8"
	},
	"lightColor": "FEF8F6",
	"color": "FEFAF8",
	"effect": "失活",
	"temperature": 0.5,
	"heatCapacity": 0,
	"viscosity": 0.4,
	"maxSpread": 1.5,
	"spreadConversion": 1.5,
	"spreadDamage": 0.375,
	"removeScaling": 0.8,
	"research": "water",
	"colorFrom": "FEF8F6",
	"colorTo": "FEFAF8"
}