{
	"type": "missile",
	"template": "MissileUnitType",
	"health": 3000,
	"hitSize": 8,
	"speed": 6.6,
	"lifetime": 230,
	"rotateSpeed": 1,
	"engineLayer": 110,
	"missileAccelTime": 60,
	"engineColor": "FEB380",
	"trailColor": "FEB380",
	"engineOffset": 16,
	"engineSize": 5.3,
	"trailLength": 22,
	"lowAltitude": true,
	"weapons": [
		{
			"mirror": false,
			"shootCone": 360,
			"shootOnDeath": true,
			"shootSound": "none",
			"bullet": {
				"type": "ExplosionBulletType",
				"splashDamageRadius": 80,
				"splashDamage": 2000,
				"hitEffect": {
					"type": "multiEffect",
					"effects": [
						{
							"type": "WaveEffect",
							"lifetime": 15,
							"sizeFrom": 0,
							"sizeTo": 90,
							"strokeFrom": 7.5,
							"strokeTo": 0,
							"colorFrom": "A9D8FF",
							"colorTo": "66B1FF"
						},
						{
							"type": "ParticleEffect",
							"offset": 30,
							"particles": 10,
							"lifetime": 20,
							"baseLength": 85,
							"length": 120,
							"interp": "circleOut",
							"sizeInterp": "pow5In",
							"cone": -360,
							"line": true,
							"strokeFrom": 1.5,
							"strokeTo": 1.5,
							"lenFrom": 8,
							"lenTo": 8,
							"lightColor": "A9D8FF",
							"colorFrom": "E1F2FF",
							"colorTo": "A9D8FF"
						},
						{
							"type": "ParticleEffect",
							"offset": 30,
							"particles": 10,
							"lifetime": 25,
							"baseLength": 85,
							"length": 100,
							"interp": "circleOut",
							"sizeInterp": "pow5In",
							"cone": -360,
							"line": true,
							"strokeFrom": 1.5,
							"strokeTo": 1.5,
							"lenFrom": 8,
							"lenTo": 8,
							"lightColor": "A9D8FF",
							"colorFrom": "E1F2FF",
							"colorTo": "A9D8FF"
						}
					]
				},
				"fragBullets": 5,
				"fragRandomSpread": 0,
				"fragSpread": 70,
				"fragLifeMin": 1,
				"fragBullet": {
					"type": "ContinuousFlameBulletType",
					"colors": [
						"66B1FF8C",
						"66B1FFB2",
						"66B1FFCC",
						"A9D8FF",
						"FFFFFFCC"
					],
					"damage": 70,
					"width": 14.5,
					"drawFlare": false,
					"hitEffect": {
						"type": "ParticleEffect",
						"line": true,
						"particles": 7,
						"lifetime": 15,
						"length": 65,
						"cone": -360,
						"strokeFrom": 2.5,
						"strokeTo": 0,
						"lenFrom": 8,
						"lenTo": 0,
						"colorFrom": "A9D8FF",
						"colorTo": "66B1FF"
					},
					"length": 150,
					"lifetime": 25,
					"status": "连锁闪电",
					"statusDuration": 150
				}
			}
		}
	],
	"abilities": [
		{
			"type": "MoveEffectAbility",
			"y": -17,
			"interval": 3,
			"rotation": 180,
			"rotateEffect": true,
			"effect": {
				"type": "ParticleEffect",
				"particles": 7,
				"sizeFrom": 6,
				"sizeTo": 1,
				"length": 50,
				"lifetime": 60,
				"lightOpacity": 0,
				"interp": "circleOut",
				"sizeInterp": "pow5In",
				"colorFrom": "66B1FFAa",
				"colorTo": "78787870",
				"cone": 15
			}
		}
	]
}