{
	"type": "Drill",
	"name":"z00大型机械钻头",
    "description": "加大型机械钻头",
    "health":500,
    "itemCapacity":20,
    "tier":3,
    //钻头的开采等级
    "drillTime":320,
    //矿物开采耗时
    "size": 4,
    "group":"drills"
    "hasLiquids": true,
    "hasPower":false
	"alwaysUnlocked":false,
	"liquidCapacity":12,
    "drawMineItem":true,
    //是否在中心绘画所采矿物的颜色
    "drillEffect": "mineHuge",
    "updateEffect":"pulverizeRed",
//    "drawRim":true,//钻探的时候出现的高亮
    "heatColor":"FF5511",
    //开采出矿物时的颜色
    "rotateSpeed": 5,//贴图转速
    "warmupSpeed": 0.06,
    //钻头完全启动的速度(一除以(此数值*60)(单位/秒))
    "liquidBoostIntensity":1.6,
    //液体提供的加速效果
	"consumes": {
		"liquid": {
			"liquid":"water",
			"amount":0.1,
			"booster": true,
			//加速
			"optional": true
			//可选
		}
		//"items":{"items":["blast-compound/1"],},
	}
    "requirements": [
        "copper/32",
        "lead/24",
    ],
    "research": "mechanical-drill",
    "category": "production"
}