{
	"name": "动能钻头",
	"description": "可以挖掘更高级的矿物，需要电力。",
	"details":"以电克矿。",
	"type": "Drill",
	"size": 2,
	"tier": 3,//等级
	"health": 300,
	"buildCostMultiplier": 2.5,//建造速度倍率
	"alwaysUnlocked":false,//科技树默认解锁
	"drillTime":350,//挖掘时间（60*钻机占格/挖掘时间=挖掘物品/s）
	"rotateSpeed":3,//旋转速度
	"warmupSpeed":2,//准备时间
	"itemCapacity": 10,//物品容量
	"liquidCapacity": 5,//液体容量
	"canOverdrive": true,
	"drawRim":false,
	"hasItems": true,
	"updateEffect": "mineSmall",
	"liquidBoostIntensity": 1.55,
	"consumes": {
	"liquid": {
       "liquid": "water",
       "amount": 0.05,
       "booster": true,
       "optional": true
        }
          "power":0.8//电,
	},
	"requirements": [
		{ "item": "钌", "amount": 35 }
		{ "item": "锌钢", "amount": 30 }
	],
	"category": "production",
	"research": "黄铁钻井"
}