{
    // 类型为 "UnitCargoUnloadPoint"，可能表示单位货物卸载点
    "type": "UnitCargoUnloadPoint",
    // 名称为 "血回收"
    "name": "营养卸货点",
    // 描述为 "用于搬运点的卸货点。"
    "description": "用于搬运点的卸货点。",
    // 生命值为 1160
    "health": 1160,
    // 尺寸大小为 1
    "size": 1,
    // 具有物品相关功能，为真
    "hasItems": true,
    // 物品容量为 20
    "itemCapacity": 20,
    // 制作所需物品
    "requirements": [
        "营养块/25"
    ],
    // 研究需求为 "搬运点 2"
    "research": "搬运点 2"
}
