{
    // 类型为 "LiquidJunction"，可能表示液体连接点
    "type": "LiquidJunction",
    // 名称为 "角质管交叉"
    "name": "角质管交叉",
    // 描述为 "可以穿过另一条血管，互不干扰"
    "description": "可以穿过另一条血管，互不干扰",
    // 生命值为 550
    "health": 550,
    // 闲置声音为 "none"，可能表示没有闲置声音
    "idleSound":"none",
    // 制作所需物品
    "requirements": [
        {"item": "营养块", "amount": 2}
    ],
    // 所属类别为 "liquid"，可能表示与液体相关
    "category": "liquid",
    // 显示的速度为 20
    "displayedSpeed":20,
    // 研究需求为 "角质管"
    "research": "角质管"
}
