{
  "type": "GenericCrafter",
  "name": "铜制矿井",
  "outputItem": {
    "item": "coal",  // 主要产出物品
    "amount": 3
  },
  "outputItems": [
    {"item": "coal", "amount": 3},
    {"item": "graphite", "amount": 2}
  ],
  "itemCapacity": 30,
  "drawer": {
    "type": "DrawMulti",
    "drawers": [
      {
        "type": "DrawDefault"
      },
      {
        "type": "DrawRegion",
        "suffix": "-rotator",
        "rotateSpeed": 24.5
      }
    ]
  },
  "updateEffect": "pulverizeSmall",
  "craftEffect": "mine",
  "group": "drills",
  "health": 180,
  "craftTime": 350,
  "placeableLiquid": true,
  "requiresWater": false,
  "hasItems": true,
  "hasLiquids": false,
  "hasPower": false,
  "description": "好好的前期出石墨，是吧？\n挖出时350(用1秒等于60帧计算)",
  "size": 2,
  "requirements": [
    {"item": "copper", "amount": 55}
  ],
  "research": "铜粉碎机",
  "category": "production"
}