{
    "name": "巨型孢子培养机",
    "craftTime": 300,
    "health": 800,
    "size": 5,
    "hasLiquids": true,
    "hasPower": true,
    "hasItems": true,
    "requirements": [
        {
            "item": "copper",
            "amount": 55
        },
        {
            "item": "lead",
            "amount": 55
        },
        {
            "item": "metaglass",
            "amount": 55
        },
        {
            "amount": 55,
            "item": "silicon"
        },
        "titanium/55",
        "silicon/45"
    ],
    "description": "将大气中低浓度的孢子培养成孢子荚\n需要大量的电力 ",
    "liquidCapacity": 480,
    "itemCapacity": 400,
    "consumes": {
        "power": 30,
        "liquid": {
            "liquid": "water",
            "amount": 4
        }
    },
    "drawer": {
        "type": "DrawMulti",
        "drawers": [
            "DrawDefault",
            "DrawCultivator",
            {
                "type": "DrawRegion",
                "suffix": "-top"
            }
        ]
    },
    "outputItem": {
        "item": "spore-pod",
        "amount": 200
    },
    "attribute": "spores",
    "type": "AttributeCrafter",
    "category": "production",
    "research": "重型培养机"
}