{
    "name": "巨型抽水机",
    "description": "随着抽水能力的加强，体积也在增加\n最终型号",
    "type": "SolidPump",
    "health": 850,
    "size": 4,
    "floating": true,
    "hasPower": true,
    "hasLiquids": true,
    "liquidCapacity": 360,
    "requirements": [
                {
            "item": "copper",
            "amount": 65
        },
        {
            "item": "lead",
            "amount": 65
        },        
                        {
            "item": "metaglass",
            "amount": 65
        },
        {
            "item": "silicon",
            "amount": 65
        },
        "titanium/65",
        {
            "item": "graphite",
            "amount": 65
        },
        {
            "item": "蓝钢",
            "amount": 65
        }
    ],
    "consumes": {
        "power": 8
    },
    "pumpAmount": 3,
    "rotateSpeed": 2,
    "result": "water",
    "baseEfficiency": 3,
    "attribute": "water",
    "category": "production",
    "research": "大型抽水机"
}