{
    "name": "爆炸钻孔机",
    "type": "BurstDrill",
        "description": "用爆炸钻孔进行采集",
    "health": 1850,
    "size": 5,
    "tier": 5,
    "arrowOffset": 0,
    "arrowSpacing": 0.8,
    "arrows": 10,
    "itemCapacity": 300,
  //  "liquidCapacity": 0,
     "hasLiquids": false,
    "drawRim": true,
    "hasItems": true,
    "drillTime": 36.58,
    "drillEffect": {
        "type": "MultiEffect",
        "effects": [
            {
                "effect": "flakExplosionBig",
                "rotation": 18,
                "type": "WrapEffect"
            }
        ]
    },
    "consumes": {
        "power": 18
    },
    "requirements": [
                {
            "item": "copper",
            "amount": 105
        },
        {
            "item": "lead",
            "amount": 105
        },        
        {
            "item": "titanium",
            "amount": 105
        },
        {
            "item": "蓝钢",
            "amount": 175
        },
        {
            "item": "silicon",
            "amount": 105
        },
        {
            "item": "thorium",
            "amount": 105
        }
    ],
    "category": "production",
    "research": "雷光钻头"
}