{
	"type": "flying",
	"name": "异动",
	"description": "异常的进阶单位，配备了大型粒子炮和速射炮，以及导弹和单位生成平台，但它的速度很慢",
	"speed": 1.41,
	"drag": 0.3,
	"accel": 0.1,
	"rotateSpeed": 4,
	"ammoType": {
		"type": "PowerAmmoType",
		"totalPower": 100
	},
	"ammoCapacity": 90,
	"hitSize": 40,
	"buildSpeed": 2.5,
	"flying": true,
	"faceTarget": true,
	"lowAltitude": true,
	"drawMinimap": true,
	"health": 6700,
	"armor": 20,
	"engineColor": "BF92F8FF",
	"engineOffset": 28,
	"engineSize": 8,
	"engines": [
	{
	"x": 12
	"y": -26
	"radius": 5
	"rotation": 0
	"engineColor": "BF92F8FF"
	"engineColorInner": "BF92F8FF"
	}
	{
	"x": -12
	"y": -26
	"radius": 5
	"rotation": 0
	"engineColor": "BF92F8FF"
	"engineColorInner": "BF92F8FF"
	}
	]
	"itemCapacity": 120,
	"immunities": [
		"freezing"
		"失灵"
		"破裂"
		"不稳定"
	],
	"weapons": [
			{
			"name": "异动1",
			"reload": 186,
			"x": 0,
			"y": 0,
			"rotate": false,
			"top": true,
 			"mirror": false,
			"inaccuracy": 0,
			"shootSound": "plasmadrop",
			"alternate": true,
		"dest": [
			{
				"type": "ShootHelix",
				"scl": 15,
				"mag": 2
			},
			{
				"type": "ShootHelix",
				"scl": 7.5,
				"mag": 4
			}
		]
			"bullet": {
		"type": "BasicBulletType",
		"speed": 2,
		"lifetime": 90,
		"drag": -0.019,
		"status": "破裂",
		"statusDuration": 66,
		"homingDelay": 33,
		"homingPower": 0.0422,
		"homingRange": 60,
		"damage": 36,
		"splashDamageRadius": 65,
		"splashDamage": 46,
		"ammoMultiplier": 1,
		"sprite": "circle-bullet",
		"shrinkY": 0,
		"parts": [
			{
				"type": "HaloPart",
				"rotateSpeed": 0,
				"shapeRotation": 0,
				"sides": 3,
				"shapes": 3,
				"color": "BF92F8",
				"colorTo": "BF92F8",
				"tri": true,
				"hollow": true,
				"radius": 6,
				"radiusTo": 3,
				"triLength": 45,
				"triLengthTo": 0,
				"haloRadius": 0,
				"haloRotation": 0,
				"haloRotateSpeed": -4.33,
				"layer": 110
			}
		],
		"trailLength": 20,
		"trailWidth": 4,
		"trailColor": "BF92F8",
		"frontColor": "FFFFFF",
		"backColor": "BF92F8",
		"width": 10,
		"height": 10,
		"lightningDamage": 63,
		"lightning": 2,
		"lightningLength": 7,
		"lightningColor": "BF92F8",
		"hitSound": "plasmaboom",
		"despawnEffect": {
			"type": "ParticleEffect",
			"particles": 1,
			"sizeFrom": 40,
			"sizeTo": 40,
			"length": 0,
			"baseLength": 0,
			"lifetime": 45,
			"colorFrom": "FFFFFF80",
			"colorTo": "BF92F800",
			"cone": 360
		},
		"hitEffect": {
			"type": "ExplosionEffect",
			"lifetime": 48,
			"waveStroke": 6,
			"waveLife": 22,
			"waveRadBase": 6,
			"waveColor": "BF92F8",
			"waveRad": 70,
			"smokes": 7,
			"smokeColor": "BF92F880",
			"sparkColor": "BF92F8",
			"sparks": 5,
			"sparkRad": 75,
			"sparkStroke": 2,
			"sparkLen": 16
		},
		"fragBullets": 3,
		"fragRandomSpread": 180,
		"fragVelocityMin":0.5,
		"fragBullet": {
			"type": "MissileBulletType",
			"trailEffect": "none",
			"hitEffect": {
				"type": "ParticleEffect",
				"particles": 2,
				"sizeFrom": 3,
				"sizeTo": 0,
				"interp": "pow5Out",
				"sizeInterp": "pow5In",
				"length": 18,
				"baseLength": 0,
				"lifetime": 44,
				"colorFrom": "BF92F8",
				"colorTo": "BF92F8",
				"cone": 360
			},
			"despawnEffect": {
				"type": "WaveEffect",
				"lifetime": 20,
				"sizeFrom": 0,
				"sizeTo": 8,
				"strokeFrom": 2,
				"strokeTo": 0,
				"colorFrom": "FFFFFF",
				"colorTo": "BF92F8"
			},
			"absorbable": false,
			"status": "disarmed",
			"statusDuration": 4,
			"shrinkY": 0,
			"pierce": true,
			"homingDelay": 10,
			"homingPower": 0.1,
			"homingRange": 240,
			"trailLength": 10,
			"trailWidth": 1.2,
			"trailColor": "BF92F8",
			"frontColor": "BF92F8",
			"backColor": "BF92F8",
			"damage": 9,
			"speed": 7.7,
			"lifetime": 56
		}
	},
	"shootEffect": {
		"type": "ParticleEffect",
		"particles": 3,
		"sizeFrom": 3,
		"sizeTo": 0,
		"interp": "pow5Out",
		"sizeInterp": "pow5In",
		"length": 53,
		"baseLength": 0,
		"lifetime": 55,
		"colorFrom": "BF92F8",
		"colorTo": "BF92F8",
		"cone": 20
	},
	"smokeEffect": {
		"type": "WaveEffect",
		"lifetime": 20,
		"sizeFrom": 0,
		"sizeTo": 60,
		"strokeFrom": 2,
		"strokeTo": 0,
		"colorFrom": "BF92F8",
		"colorTo": "BF92F888"
	},
}
		{
			"name": "裁决导弹",
			"reload": 420,
			"x": 0,
			"y": -2,
			"rotate": true,
			"mirror": false,
			"inaccuracy": 0,
			"shootCone": 60,
			"alternate": true,
			"shootSound": "missileLaunch",
			"shake": 5,
			"layerOffset": -100,
			"parts":[
				{
					"type": "RegionPart",
					"mirror": false,
					"suffix": "-preview",
					"progress": "reload",
					"under": true,
					"top": true,
					"y": 4,
					"layerOffset": 0,
					"moveX": 0,
					"moveY": -2,
					"moveRot": 45
					"layerOffset": -100,
				}
			],
			"bullet": {
				"keepVelocity": false,
				"speed": 0,
				"shootEffect": "none",
				"smokeEffect": "shootSmallFlame",
				"spawnUnit": "裁决"
			}
		},
		{
		"name":"异动2",
		"x": -12,
		"y": 6,
		"reload": 60,
		"mirror": true,
		"rotateSpeed": 2,
		"rotate": true,
		"shootSound": "shockBlast",
		"alternate": true,
	"bullet":{
				"type": "LaserBulletType",
				"layer": 130,
				"damage": 88,
				"shootEffect": "bigShockwave",
				"sideAngle": 45,
				"sideWidth": 1.5,
				"sideLength": 45,
				"colors": [
					"835cc3",
					"bc93ff",
					"000000"
				],
				"width": 32,
				"length": 300,
				"fragAngle": 0,
				"fragRandomSpread": 0,
				"fragLifeMin": 1,
				"fragVelocityMin": 0.88,
			}
		}
		{
		"name":"异动3",
		"x": -18,
		"y": -18,
		"reload": 180,
		"mirror": true,
		"rotateSpeed": 2,
		"rotate": true,
		"shootSound": "pulseBlast",
		"alternate": true,
	"bullet": {
	"type": "ArtilleryBulletType"
		"collidesTiles": true,
		"collides": true,
		"lifetime": 180,
		"speed": 5,
		"shootEffect": "shootBigColor",
		"smokeEffect": "shootSmokeSquareBig",
		"frontColor": "FFFFFFFF",
		"hitSound": "none",
		"width": 18,
		"height": 24,

		"lightColor": "BF92F8FF"
		"trailColor": "BF92F8FF"
		"hitColor": "BF92F8FF"
		"backColor": "BF92F8FF",
		"lightRadius": 40,
		"lightOpacity": 0.7,

		"trailWidth": 4.5,
		"trailLength": 19,
		"trailChance": -1,

		"despawnEffect": "none",
		"despawnSound": "dullExplosion",

		"hitEffect":{
		"type": "ExplosionEffect"
	"lifetime": 34,
	"waveStroke": 4,
	"waveColor": "trailColor",
	"waveRad": 25,
	"smokeSize": 0,
	"smokeSizeBase": 0,
	"sparks": 10,
	"sparkRad": 25,
	"sparkLen": 8,
	"sparkStroke": 3,
		},
		"splashDamage": 85,
		"splashDamageRadius": 20,
		"fragBullets": 15,
		"fragVelocityMin": 0.5,
		"fragRandomSpread": 130,
		"fragLifeMin": 0.3,
		"despawnShake": 5,

		"fragBullet": {
		"type": "BasicBulletType"
	"pierceCap": 2,
	"pierceBuilding": true,

	"homingPower": 0.09,
	"homingRange": 150,

	"lifetime": 50,
	"speed": 3,
	"shootEffect": "shootBigColor",
	"smokeEffect": "shootSmokeSquareBig",
	"frontColor": "FFFFFFFF",
	"hitSound": "none",
	"width": 12,
	"height": 20,

	"lightColor": "BF92F8FF",
	"lightRadius": 40,
	"lightOpacity": 0.7,

	"trailWidth": 2.2,
	"trailLength": 7,
	"trailChance": -1,
	"collidesAir": false,

	"despawnEffect": "none",
	"splashDamage": 46,
	"splashDamageRadius": 30,
	"hitEffect":{
	"type": "ExplosionEffect"
		"lifetime": 30,
		"waveStroke": 2,
		"waveColor": "BF92F8FF",
		"waveRad": 5,
		"smokeSize": 0,
		"smokeSizeBase": 0,
		"sparks": 5,
		"sparkRad": 20,
		"sparkLen": 6,
		"sparkStroke": 2,
	}},
},
		}
	],
	"abilities": [
		{
			"type": "ForceFieldAbility",
			"radius": 108,
			"regen": 10,
			"max": 8700,
			"cooldown": 60
		}
		{
			"type": "UnitSpawnAbility",
			"unit": "失衡",
			"spawnX": 0,
			"spawnY": -20,
			"spawnTime": 690
		}
	]
	"research":{
	"parent": "异常",
		"requirements": [
			"silicon/6300",
			"化钢/6900",
			"绯红合金/4800",
			"裂位合金/3500",
			"黑核/1000",
			"钛板/5000",
			"四级研究协议/20"]
	}
	"requirements": {
		"block": "重载型加构厂",
		"previous": "异常"
		"time": 1500},
	"researchCostMultiplier": 0.2,
}