{
	"type": "NuclearReactor",
	"name": "中型核子反应堆",
	"description": "没有冷却液供应，在短暂的发热后会发生剧烈爆炸",
	"size": 4,//emm
	"health": 1200,//HP
	"itemCapacity": 10,//物品容量
	"liquidCapacity":300,//液体容量
	"hasLiquids": true,//参加液体
	"hasItems": true,//参加固体
	"explosionRadius":25,//爆炸半径
    "explosionDamage":500,//爆炸伤害
	"itemDuration":199.8,//生产时间 60=1
	"powerProduction": 416.6666667,//输出电力
	"consumes": {
    	"power":75,//输入电力
    	"liquid":{
    		"liquid":"cryofluid","amount":0.05,"booster":true
    	},//需求液体 60=1 爆炸
    	"items": {
        	"items": [
            	{ "item": "铀块",//发电材料
            	"amount": 1 /*数量*/}
            ],"optional": false//是不是可以不加它，加其他的东西也能发电
    	}
	},
	"requirements": [
	"graphite/800",
		"silicon/500",
		"surge-alloy/500",
		"钨/800",
		"铸铁/300"
		"强化玻璃/300"
        ],//制造材料
        "category": "power",//在菜单的那里，power是电力类
        "research":"电学"//科技树，在什么东西的后面，原版要英文
		"buildCostMultiplier": 0.01
}