{
    "type": "ConsumeGenerator",
    "name": "氢气燃烧室",
    "description": "通过燃烧氢气与臭氧进行发电，同时输出水",
    "size": 3,
    "health": 800,
    "powerProduction": 9,
	"consumes": {//消耗
    	"liquids":[//消耗液体
    		{"liquid":"hydrogen","amount":0.05}
    	],
	},
	"heatColor": "FFFEE4FF",
    "drawer": {
        "type": "DrawMulti",
        "drawers": [
            {
                "type": "DrawRegion",
                "suffix": "-bottom"
            },
            {
                "type": "DrawLiquidTile",
                "drawLiquid": "hydrogen"
            },
            	{
				"type":"DrawCrucibleFlame",
				"midColor":"97A5F7",
				"flameColor":"D1E4FF",
				"flameRad":4.45,
				"circleSpace":3,
				"flameRadiusScl":16,
				"flameRadiusMag":3,
				"circleStroke":0.6,
				"particles": 33,
				"particleLife":107,
				"particleRad":16,
				"particleSize":2.4,
				"rotateScl":1.7
			},
            "DrawDefault"
        ]
    },
	    "liquidCapacity": 12,
      "requirements": [
    "silicon/60"
    "graphite/50"
    "钒/60"
    "锰/40"
	],
	"outputLiquid": {"liquid": "water", "amount": 0.025},
	
      "category": "power",
                "research": {
	"parent":"漩涡冷凝器"
	},
	         "researchCostMultiplier": 0.2,
}