{
	"type": "ImpactReactor",
	"name": "磁暴反应堆",
	"size": 8,
	"health": 42000,
	"warmupSpeed": 0.004,
	"squareSprite": false,
	"hasItems": true,
	"itemCapacity": 2000,
	"hasLiquids": false,
	"rebuildable": false,
	"outputsPower": true,
	"powerProduction": 9600,
	"itemDuration": 3600,
	"explosionShakeDuration": 500,
	"explosionRadius": 1600,
	"explosionDamage": 80000,
	"explodeSound": "explosionbig",
	"explodeEffect": {
		"type": "MultiEffect",
		"effects": [
			/*{
				"type": "ParticleEffect",
				"particles": 1,
				"sizeInterp": "pow10Out",
				"region": "饱和火力-年",
				"startDelay": 500,
				"sizeFrom": 0,
				"sizeTo": 400,
				"length": 0,
				"baseLength": 0,
				"lifetime": 100,
				"colorFrom": "c0ecff",
				"colorTo": "FF5B5B"
			},
			{
				"type": "ParticleEffect",
				"particles": 1,
				"sizeInterp": "pow10In",
				"region": "饱和火力-年",
				"startDelay": 600,
				"sizeFrom": 400,
				"sizeTo": 0,
				"length": 0,
				"baseLength": 0,
				"lifetime": 9999,
				"colorFrom": "FF5B5B",
				"colorTo": "FF5B5B"
			},*/
			{
				"type": "ParticleEffect",
				"particles": 0,
				"sizeFrom": 0,
				"sizeTo": 0,
				"interp": "pow10Out",
				"sizeInterp": "pow10In",
				"length": 0,
				"baseLength": 0,
				"lifetime": 00,
				"colorFrom": "c0ecff",
				"colorTo": "FFFFFF",
			}
		]
	},
	"destroyBullet": {
		"width": 200,
		"height": 200,
		"sprite": "旅途-海胆",
		"shrinkX": 0,
		"shrinkY": 0,
		"damage":10,
		"spin": 12,
		"speed": 0,
		"lifetime": 500,
		"frontColor": "c0ecff",
		"backColor": "c0ecff",
		"hitShake": 20,
		"hitSound": "DBZ1",
		"collides": false,
		"hittable": false,
		"absorbable": false,
	},
	"consumes": {
		"power": 800,
		"items": {
			"items": [
				"copper/1000",
				"lead/1000",
				"plastanium/500",
				"茨亚合金/70"
			]
		}
	},
	//"buildCostMultiplier": 1000,
	"buildVisibility": "campaignOnly",
	//"breakable": false,
	"category": "power"
}