{
    "name":"工业巨头",
	"displayName":"工业巨头--依旧是懒得起小标题"
    "author":"手电",
    "description":"如果没有什么bug并且anuke不进行版本大更新不添加东西的话就不会再有新版本了，q群159334843，想加的加不想加的就算了 \n 感谢视界线号的物品贴图（30个） \n 新手不建议游玩本mod \n适配136+版本人员@枕头说她不想醒 @yaddrx2 @squirrel \n卜萝提供的物品贴图（两个）",
    "version":1.6.2.3,
    "minGameVersion":"138.1"
}