{
    "name": "虚无",
	"displayName":"虚无",
	"author":"一只乌龟",
	"version":"3.0.1",
	"minGameVersion":"145.1"
	"description":"在虚无缥缈的宇宙中，有许多的未知与现象\n虚无mod交流群:910737462\n-------------\n3.0版本更新内容:\nbug修复:\n1 将部分区块的bug修复\n-------------\n调整内容:\n1 重做迫普思的部分区块\n2 重做瑞赫凯勒的星球玩法(未完成)\n3 重绘部分buff与物品\n-------------\n新增内容:\n1 增加新单位\n2 增加新炮台\n-------------"
  "dependencies": [
  ]//前置模组
}