{
    "description": "强化天帝强度，升级为T6，比天帝移动快了一点，血量高，护盾多，加上自卫护盾",
    "envDisabled":0,
    "name":"葵蛛",
    "type": "legs",
    "research": {
    "parent": "collaris",
    "objectives": [
    "collaris",
    "basic-assembler-module",
    "mech-fabricator"
    ],
    "requirements": [
	"beryllium/45000",
	"tungsten/35000",
	"silicon/30000",
	"thorium/33900",
	"graphite/41000",
	"oxide/28000",
	"surge-alloy/15500",
	"phase-fabric/11000",
	"carbide/5000"
	    ]
    },
    "template": "ErekirUnitType",
    "fogRadius": 90,
    "singleTarget": true,
    "lightRadius": 80,
    "speed": 2.0,
    "hitSize": 42,
    "health": 31900,
    "armor": 35,
    "flying": false,
    "targetAir": true,
    "rotateSpeed": 1.5,
    "lockLegBase":true,
    "legContinuousMove":true,
    "legStraightness":0.6,
    "baseLegStraightness":0.5,
    
    "legCount":8,
    "legLength":25,
    "legForwardScl":1.4,
    "legMoveSpace":0.85,
    "rippleScale":1.5,
    "stepShake":2.8,
    "legGroupSize":3,
    "legExtension":2,
    "legBaseOffset":22.5,
    "legStraightLength":0.5,
    "legMaxLength":2.5,

    "legSplashDamage":50,
    "legSplashRange":40,
    "drownTimeMultiplier":2,
    
        "weapons":[
    {
    "name":"e-葵蛛炮塔1",
    "mirror": true,
    "alternate": false,
    "rotate": true,
    "rotateSpeed": 2.0,
    "shootCone":3,
    "reload":65,
    "x": 9.0,
    "y": 24.5,
    "shoot": {
        "firstShotDelay": 5
        },
    "bullet":{
        "type": "BasicBulletType",
        "width": 15,
        "height": 25,
        "trailParam": 2,
        "trailLength": 20,
        "trailWidth": 4,
        "trailColor": "D1EFFFFF",
        "frontColor": "D1EFFFFF",
        "backColor": "D1EFFFFF",
        "lifetime": 75,
        "speed": 8.5,
        "damage": 100,
        "pierce":true,
        "pierceBuilding": true,
        "pierceCap": 3,
        "hitEffect": {
        "type": "ParticleEffect",
        "particles": 6,
        "length": 70,
        "lifetime": 25,
        "line": true,
        "cone": 40,
        "lenFrom": 9,
        "lenTo": 9,
        "strokeFrom": 5,
        "strokeTo": 0,
        "colorFrom": "D1EFFFFF",
        "colorTo": "D1EFFFFF"
            }
        }
    },{
    "name":"e-葵蛛炮塔1",
    "mirror": true,
    "alternate": false,
    "rotate": true,
    "rotateSpeed": 2.0,
    "shootCone":3,
    "reload":65,
    "x": 14.0,
    "y": 14.0,
    "shoot": {
        "firstShotDelay": 20
        },
    "bullet":{
        "type": "BasicBulletType",
        "width": 15,
        "height": 25,
        "trailParam": 2,
        "trailLength": 20,
        "trailWidth": 4,
        "trailColor": "D1EFFFFF",
        "frontColor": "D1EFFFFF",
        "backColor": "D1EFFFFF",
        "lifetime": 75,
        "speed": 8.5,
        "damage": 100,
        "pierce":true,
        "pierceBuilding": true,
        "pierceCap": 3,
        "hitEffect": {
        "type": "ParticleEffect",
        "particles": 6,
        "length": 70,
        "lifetime": 25,
        "line": true,
        "cone": 40,
        "lenFrom": 9,
        "lenTo": 9,
        "strokeFrom": 5,
        "strokeTo": 0,
        "colorFrom": "D1EFFFFF",
        "colorTo": "D1EFFFFF"
            }
        }
    },{
    "name":"e-葵蛛炮塔1",
    "mirror": true,
    "alternate": false,
    "rotate": true,
    "rotateSpeed": 2.0,
    "shootCone":3,
    "reload":65,
    "x": 22.0,
    "y": 6.5,
    "shoot": {
        "firstShotDelay": 30
        },
    "bullet":{
        "type": "BasicBulletType",
        "width": 15,
        "height": 25,
        "trailParam": 2,
        "trailLength": 20,
        "trailWidth": 4,
        "trailColor": "D1EFFFFF",
        "frontColor": "D1EFFFFF",
        "backColor": "D1EFFFFF",
        "lifetime": 75,
        "speed": 8.5,
        "damage": 100,
        "pierce":true,
        "pierceBuilding": true,
        "pierceCap": 3,
        "hitEffect": {
        "type": "ParticleEffect",
        "particles": 6,
        "length": 70,
        "lifetime": 25,
        "line": true,
        "cone": 40,
        "lenFrom": 9,
        "lenTo": 9,
        "strokeFrom": 5,
        "strokeTo": 0,
        "colorFrom": "D1EFFFFF",
        "colorTo": "D1EFFFFF"
            }
        }
    },{
    "name":"e-葵蛛炮塔2",
    "mirror": true,
    "alternate": true,
    "rotate": true,
    "rotateSpeed": 1.3,
    "shootCone":3,
    "reload":100,
    "x": 15.0,
    "y": -8.5,
    
    "bullet":{
        "type": "BasicBulletType",
        "width": 30,
        "height": 30,
        "trailParam": 3,
        "trailLength": 28,
        "trailWidth": 5,
        "trailColor": "D1EFFFFF",
        "frontColor": "D1EFFFFF",
        "backColor": "D1EFFFFF",
        "lifetime": 145,
        "speed": 6.5,
        "damage": 350,
        "pierce":true,
        "pierceBuilding": true,
        "pierceCap": 5,
        "despawnEffect": {
        "type": "WaveEffect",
        "lifetime": 30,
        "sizeFrom": 0,
        "sizeTo": 70,
        "strokeFrom": 11,
        "strokeTo": 0,
        "colorFrom": "D1EFFFFF",
        "colorTo": "D1EFFFFF"
        },
        "hitEffect": {
        "type": "ParticleEffect",
        "particles": 6,
        "length": 70,
        "lifetime": 25,
        "line": true,
        "cone": 40,
        "lenFrom": 9,
        "lenTo": 9,
        "strokeFrom": 5,
        "strokeTo": 0,
        "colorFrom": "D1EFFFFF",
        "colorTo": "D1EFFFFF"
            },
        "intervalBullets": 2,
        "intervalRandomSpread": 20,
        "bulletInterval": 30,
        "intervalBullet": {
        "type": "BasicBulletType",
        "width": 10,
        "height": 10,
        "trailParam": 1,
        "trailLength": 19,
        "trailWidth": 3,
        "trailColor": "D1EFFFFF",
        "frontColor": "D1EFFFFF",
        "backColor": "D1EFFFFF",
        "lifetime": 66,
        "speed": 5.5,
        "damage": 80,
        "pierce":true,
        "pierceBuilding": true,
        "pierceCap": 3,
        "smokeEffect":{
        "type": "ParticleEffect",
        "particles": 4,
        "length": 70,
        "lifetime": 25,
        "line": true,
        "cone": 40,
        "lenFrom": 4,
        "lenTo": 4,
        "strokeFrom": 5,
        "strokeTo": 0,
        "colorFrom": "D1EFFFFF",
        "colorTo": "D1EFFFFF"
        },
        "hitEffect": {
        "type": "ParticleEffect",
        "particles": 4,
        "length": 70,
        "lifetime": 25,
        "line": true,
        "cone": 40,
        "lenFrom": 4,
        "lenTo": 4,
        "strokeFrom": 5,
        "strokeTo": 0,
        "colorFrom": "D1EFFFFF",
        "colorTo": "D1EFFFFF"
                }
            }
        }
    },{
    "name":"e-葵蛛炮塔3",
    "mirror": false,
    "alternate": false,
    "rotate": false,
    "shootCone":1,
    "reload":450,
    "x": 0,
    "y": 4.0,
        "parts": [
    {
        "type":"ShapePart",
        "y": 9,
        "x": 0,
        "color":"D1EFFFFF",
        "mirror": false,
        "circle":true,
        "hollow":true,
        "stroke":0,
        "strokeTo":4.0,
        "radius":0,
        "radiusTo": 11
    }
        ],
    "bullet":{
        "type": "BasicBulletType",
        "width": 50,
        "height": 50,
        "trailParam": 3,
        "trailLength": 45,
        "trailWidth": 7,
        "trailColor": "D1EFFFFF",
        "trailEffect": {
		"type": "MultiEffect",
		"effects": [
		{
		"type": "ParticleEffect",
		"lightOpacity": 0,
		"length": 110,
		"cone": 0,
		"randLength": false,
		"sizeFrom": 95,
		"sizeTo": 95,
		"region": "神恒之心-bigstar",
		"particles": 1,
		"lifetime": 35,
		"colorFrom": "D1EFFFFF",
		"colorTo": "D1EFFFFF",
        "spin": 4
	        }
	    ]
	},
        "frontColor": "D1EFFFFF",
        "backColor": "D1EFFFFF",
        "lifetime": 200,
        "speed": 4.5,
        "damage": 1100,
        "splashDamageRadius": 150.00,
        "splashDamage": 400.00,
        "intervalBullets": 4,
        "intervalRandomSpread": 40,
        "bulletInterval": 20,
        "intervalBullet": {
        "type": "BasicBulletType",
        "width": 25,
        "height": 25,
        "trailParam": 2,
        "trailLength": 22,
        "trailWidth": 4,
        "trailColor": "D1EFFFFF",
        "frontColor": "D1EFFFFF",
        "backColor": "D1EFFFFF",
        "lifetime": 85,
        "speed": 6.0,
        "damage": 180,
        "pierce":true,
        "pierceBuilding": true,
        "pierceCap": 3,
        "homingPower": 0.055,
        "homingRange": 55,
        "homingDelay": 2
            },
        "fragBullets": 25,
        "fragRandomSpread": 50,
        "fragVelocityMin": 1,
        "fragBullet": {
        "type": "BasicBulletType",
        "width": 10,
        "height": 10,
        "trailParam": 1,
        "trailLength": 16,
        "trailWidth": 2,
        "trailColor": "D1EFFFFF",
        "frontColor": "D1EFFFFF",
        "backColor": "D1EFFFFF",
        "lifetime": 55,
        "speed": 7.5,
        "damage": 75,
        "hitEffect": {
        "type": "WaveEffect",
        "lifetime": 20,
        "sizeFrom": 0,
        "sizeTo": 60,
        "strokeFrom": 8,
        "strokeTo": 0,
        "colorFrom": "D1EFFFFF",
        "colorTo": "D1EFFFFF"
        }
            }
        }
    }
    ],
    "abilities":[
	{
        "type": "ForceFieldAbility",
        "radius": 65.0,
        "regen": 25.0,
        "max": 10000.0,
        "cooldown": 150.0
    }
	]
}