{
    "name": "帝神-狐幽",
    "description" : "?????",
    "type":"naval",
    "research": {
    "parent": "帝华神兵工厂",
    "requirements": [
            "silicon/9900",
            "lead/10000",
            "copper/10000",
            "titanium/8000",
            "titanium/8000",
            "surge-alloy/6500",
            "phase-fabric/6500",
            "metaglass/8700",
            "plastanium/6800",
            "棱镜/4850",
            "潜合铁金板/5600",
            "潜铁板/7560",
            "无遏板/5580",
            "粒子核心/4600",
            "无子核心/3450",
            "神子智慧核心/2150"
    ]
},
    "envDisabled":0,
    "canBoost":true,
    "boostMultiplier":1.0,
    "speed" : 2.0,
	"drag":0.68,	"accel":4.95,
	"rotateSpeed":2.5,
	"ammoCapacity": 1600,
    "itemCapacity" : 28500,
    "immunities":["blasted","burning","electrified","freezing","melting","muddy","sapped","shocked","slow","tarred","unmoving","wet","spore-slowed","corroded"],
	"hitSize":85, 
	    "targetAir" : true,
		"lightRadius": 130,
	"lightColor": "FF5845",
	"engineColor": "89A0FF",
	"flying": false,
	"alwaysUnlocked": true,
	"health": 4800000,
	"armor":1050,
	"engineOffset": 80,
	"engineSize": 32,
    "buildSpeed": 15,

    "weapons":[
{
    "name":"帝神-狐幽-炮1",
	"x":0,"y":-35,
	"top" : false,
	"reload":1250,
	"rotate": true,
	"mirror":false,
	"recoil": 7.50,
	    "bullet":{
        "type": "ArtilleryBulletType",
        "speed": 4.25,
        "damage": 2850,
        "knockback": 1.80,
        "lifetime": 550.00,
        "width": 75.00,
        "height": 75.00,
        "collides" : false,
        "collidesTiles": false,
        "splashDamageRadius": 225.75,
        "splashDamage": 2850.00,
        "status" : "electrified",
        "pierce": true,
        "fragBullets": 24,
		"fragBullet": {
		    "type" : "ArtilleryBulletType",
		    "speed" : 2.35,
		    "damage" : 2245,
		    "knockback" : 1.25,
		    "lifetime" : 180.85,
		    "width" : 55,
		    "height" : 55,
		    "collides" : true,
		    "collidesTiles" : true,
        "splashDamageRadius": 185.90,
        "splashDamage": 2245.00,
        "status" : "corroded",
            "fragBullets" : 6,
            "fragBullet" : {
                "type" : "ArtilleryBulletType",
                "speed" : 1.85,
                "damage" : 1995,
                "knockback" : 1.25,
                "lifetime" : 115.85,
                "width" : 38,
                "height" : 38,
                "collides" : true,
                "collidesTiles" : true,
            "splashDamageRadius" : 100.85,
            "splashDamage" : 1995.00,
            "status" : "disarmed"
                    }
		        }
            }
        },
        {
    "name" : "帝神-狐幽-炮2",
    "x" : 14, "y" : 75,
    "reload" : 125,
    "rotate": true,
	"mirror":false,
	"bullet" : {
	    "type" : "MissileBulletType",
	    "sprite" : "神恒之心-导弹1",
	    "height": 25.00,
	    "speed": 9.85,
	    "damage": 395.00,
	    "shrinkY": 0.00,
        "drag": -0.003,
	    "lifetime": 85.20,
	    "homingRange": 660,
	    "keepVelocity": false,
	    "ammoMultiplier": 4,
	    "splashDamageRadius" : 255,
	    "splashDamage" : 895.00,
	    "status": "blasted",
	    "pierce": false,
	    "fragBullets" : 5,
		"fragBullet": {
		    "type" : "MissileBulletType",
		    "sprite" : "神恒之心-导弹2",
		    "height": 25.00,
		    "speed": 9.85,
		    "damage": 100.00,
		    "shrinkY" : 0.00,
		    "drag" : -0.003,
		    "lifetime" : 222.45,
		    "homingRange" : 540,
		    "keepVelocity" : false,
		    "splashDamageRadius" : 185,
		    "splashDamage" : 385.00,
		    "status" : "blasted",
		        "fragBullets" : 1,
		        "fragBullet" : {
		            "type" : "LaserBulletType",
                    "length" : 135,
                    "damage" : 80,
                    "width" : 28,
                    "lifetime" : 24,
                    "hitEffect":"hitLancer",
                    "lightningSpacing" : 9,
                    "lightningLength" : 5,
                    "lightningDelay" : 1.1,
                    "lightningLengthRand" : 8,
                    "lightningDamage" : 85,
                    "lightningAngleRand" : 12,
                    "status" : "melting"
                    }
	            }
	        }
        },
        {
    "name" : "帝神-狐幽-炮2",
    "x" : -14, "y" : 75,
    "reload" : 125,
    "rotate": true,
	"mirror":false,
	"bullet" : {
	    "type" : "MissileBulletType",
	    "sprite" : "神恒之心-导弹1",
	    "height": 25.00,
	    "speed": 9.85,
	    "damage": 395.00,
	    "shrinkY": 0.00,
        "drag": -0.003,
	    "lifetime": 85.20,
	    "homingRange": 660,
	    "keepVelocity": false,
	    "ammoMultiplier": 4,
	    "splashDamageRadius" : 255,
	    "splashDamage" : 895.00,
	    "status": "blasted",
	    "pierce": false,
	    "fragBullets" : 5,
		"fragBullet": {
		    "type" : "MissileBulletType",
		    "sprite" : "神恒之心-导弹2",
		    "height": 25.00,
		    "speed": 9.85,
		    "damage": 100.00,
		    "shrinkY" : 0.00,
		    "drag" : -0.003,
		    "lifetime" : 222.45,
		    "homingRange" : 540,
		    "keepVelocity" : false,
		    "splashDamageRadius" : 185,
		    "splashDamage" : 385.00,
		    "status" : "blasted",
		        "fragBullets" : 1,
		        "fragBullet" : {
		            "type" : "LaserBulletType",
                    "length" : 135,
                    "damage" : 80,
                    "width" : 28,
                    "lifetime" : 24,
                    "hitEffect":"hitLancer",
                    "lightningSpacing" : 9,
                    "lightningLength" : 5,
                    "lightningDelay" : 1.1,
                    "lightningLengthRand" : 8,
                    "lightningDamage" : 85,
                    "lightningAngleRand" : 12,
                    "status" : "melting"
		            }
	            }
	        }
        },
        {
    "name" : "帝神-狐幽-炮2",
    "x" : 14, "y" : 85,
    "reload" : 125,
    "rotate": true,
	"mirror":false,
	"bullet" : {
	    "type" : "MissileBulletType",
	    "sprite" : "神恒之心-导弹1",
	    "height": 25.00,
	    "speed": 9.85,
	    "damage": 395.00,
	    "shrinkY": 0.00,
        "drag": -0.003,
	    "lifetime": 85.20,
	    "homingRange": 660,
	    "keepVelocity": false,
	    "ammoMultiplier": 4,
	    "splashDamageRadius" : 255,
	    "splashDamage" : 895.00,
	    "status": "blasted",
	    "pierce": false,
	    "fragBullets" : 5,
		"fragBullet": {
		    "type" : "MissileBulletType",
		    "sprite" : "神恒之心-导弹2",
		    "height": 25.00,
		    "speed": 9.85,
		    "damage": 100.00,
		    "shrinkY" : 0.00,
		    "drag" : -0.003,
		    "lifetime" : 222.45,
		    "homingRange" : 540,
		    "keepVelocity" : false,
		    "splashDamageRadius" : 185,
		    "splashDamage" : 385.00,
		    "status" : "blasted",
		        "fragBullets" : 1,
		        "fragBullet" : {
		            "type" : "LaserBulletType",
                    "length" : 135,
                    "damage" : 80,
                    "width" : 28,
                    "lifetime" : 24,
                    "hitEffect":"hitLancer",
                    "lightningSpacing" : 9,
                    "lightningLength" : 5,
                    "lightningDelay" : 1.1,
                    "lightningLengthRand" : 8,
                    "lightningDamage" : 85,
                    "lightningAngleRand" : 12,
                    "status" : "melting"
                    }
	            }
	        }
        },
        {
    "name" : "帝神-狐幽-炮2",
    "x" : -14, "y" : 85,
    "reload" : 125,
    "rotate": true,
	"mirror":false,
	"bullet" : {
	    "type" : "MissileBulletType",
	    "sprite" : "神恒之心-导弹1",
	    "height": 25.00,
	    "speed": 9.85,
	    "damage": 395.00,
	    "shrinkY": 0.00,
        "drag": -0.003,
	    "lifetime": 85.20,
	    "homingRange": 660,
	    "keepVelocity": false,
	    "ammoMultiplier": 4,
	    "splashDamageRadius" : 255,
	    "splashDamage" : 895.00,
	    "status": "blasted",
	    "pierce": false,
	    "fragBullets" : 5,
		"fragBullet": {
		    "type" : "MissileBulletType",
		    "sprite" : "神恒之心-导弹2",
		    "height": 25.00,
		    "speed": 9.85,
		    "damage": 100.00,
		    "shrinkY" : 0.00,
		    "drag" : -0.003,
		    "lifetime" : 222.45,
		    "homingRange" : 540,
		    "keepVelocity" : false,
		    "splashDamageRadius" : 185,
		    "splashDamage" : 385.00,
		    "status" : "blasted",
		        "fragBullets" : 1,
		        "fragBullet" : {
		            "type" : "LaserBulletType",
                    "length" : 135,
                    "damage" : 80,
                    "width" : 28,
                    "lifetime" : 24,
                    "hitEffect":"hitLancer",
                    "lightningSpacing" : 9,
                    "lightningLength" : 5,
                    "lightningDelay" : 1.1,
                    "lightningLengthRand" : 8,
                    "lightningDamage" : 85,
                    "lightningAngleRand" : 12,
                    "status" : "melting"
                    }
	            }
	        }
        },
        {
    "name" : "帝神-狐幽-炮2",
    "x" : 79, "y" : -30,
    "reload" : 125,
    "rotate": true,
	"mirror":false,
	"bullet" : {
	    "type" : "MissileBulletType",
	    "sprite" : "神恒之心-导弹1",
	    "height": 25.00,
	    "speed": 9.85,
	    "damage": 395.00,
	    "shrinkY": 0.00,
        "drag": -0.003,
	    "lifetime": 85.20,
	    "homingRange": 660,
	    "keepVelocity": false,
	    "ammoMultiplier": 4,
	    "splashDamageRadius" : 255,
	    "splashDamage" : 895.00,
	    "status": "blasted",
	    "pierce": false,
	    "fragBullets" : 5,
		"fragBullet": {
		    "type" : "MissileBulletType",
		    "sprite" : "神恒之心-导弹2",
		    "height": 25.00,
		    "speed": 9.85,
		    "damage": 100.00,
		    "shrinkY" : 0.00,
		    "drag" : -0.003,
		    "lifetime" : 222.45,
		    "homingRange" : 540,
		    "keepVelocity" : false,
		    "splashDamageRadius" : 185,
		    "splashDamage" : 385.00,
		    "status" : "blasted",
		        "fragBullets" : 1,
		        "fragBullet" : {
		            "type" : "LaserBulletType",
                    "length" : 135,
                    "damage" : 80,
                    "width" : 28,
                    "lifetime" : 24,
                    "hitEffect":"hitLancer",
                    "lightningSpacing" : 9,
                    "lightningLength" : 5,
                    "lightningDelay" : 1.1,
                    "lightningLengthRand" : 8,
                    "lightningDamage" : 85,
                    "lightningAngleRand" : 12,
                    "status" : "melting"
                    }
	            }
	        }
        },
        {
    "name" : "帝神-狐幽-炮2",
    "x" : -79, "y" : -30,
    "reload" : 125,
    "rotate": true,
	"mirror":false,
	"bullet" : {
	    "type" : "MissileBulletType",
	    "sprite" : "神恒之心-导弹1",
	    "height": 25.00,
	    "speed": 9.85,
	    "damage": 395.00,
	    "shrinkY": 0.00,
        "drag": -0.003,
	    "lifetime": 85.20,
	    "homingRange": 660,
	    "keepVelocity": false,
	    "ammoMultiplier": 4,
	    "splashDamageRadius" : 255,
	    "splashDamage" : 895.00,
	    "status": "blasted",
	    "pierce": false,
	    "fragBullets" : 5,
		"fragBullet": {
		    "type" : "MissileBulletType",
		    "sprite" : "神恒之心-导弹2",
		    "height": 25.00,
		    "speed": 9.85,
		    "damage": 100.00,
		    "shrinkY" : 0.00,
		    "drag" : -0.003,
		    "lifetime" : 222.45,
		    "homingRange" : 540,
		    "keepVelocity" : false,
		    "splashDamageRadius" : 185,
		    "splashDamage" : 385.00,
		    "status" : "blasted",
		        "fragBullets" : 1,
		        "fragBullet" : {
		            "type" : "LaserBulletType",
                    "length" : 135,
                    "damage" : 80,
                    "width" : 28,
                    "lifetime" : 24,
                    "hitEffect":"hitLancer",
                    "lightningSpacing" : 9,
                    "lightningLength" : 5,
                    "lightningDelay" : 1.1,
                    "lightningLengthRand" : 8,
                    "lightningDamage" : 85,
                    "lightningAngleRand" : 12,
                    "status" : "melting"
                    }
	            }
	        }
        },
        {
    "name" : "帝神-狐幽-炮2",
    "x" : 91, "y" : -75,
    "reload" : 125,
    "rotate": true,
	"mirror":false,
	"bullet" : {
	    "type" : "MissileBulletType",
	    "sprite" : "神恒之心-导弹1",
	    "height": 25.00,
	    "speed": 9.85,
	    "damage": 395.00,
	    "shrinkY": 0.00,
        "drag": -0.003,
	    "lifetime": 85.20,
	    "homingRange": 660,
	    "keepVelocity": false,
	    "ammoMultiplier": 4,
	    "splashDamageRadius" : 255,
	    "splashDamage" : 895.00,
	    "status": "blasted",
	    "pierce": false,
	    "fragBullets" : 5,
		"fragBullet": {
		    "type" : "MissileBulletType",
		    "sprite" : "神恒之心-导弹2",
		    "height": 25.00,
		    "speed": 9.85,
		    "damage": 100.00,
		    "shrinkY" : 0.00,
		    "drag" : -0.003,
		    "lifetime" : 222.45,
		    "homingRange" : 540,
		    "keepVelocity" : false,
		    "splashDamageRadius" : 185,
		    "splashDamage" : 385.00,
		    "status" : "blasted",
		        "fragBullets" : 1,
		        "fragBullet" : {
		            "type" : "LaserBulletType",
                    "length" : 135,
                    "damage" : 80,
                    "width" : 28,
                    "lifetime" : 24,
                    "hitEffect":"hitLancer",
                    "lightningSpacing" : 9,
                    "lightningLength" : 5,
                    "lightningDelay" : 1.1,
                    "lightningLengthRand" : 8,
                    "lightningDamage" : 85,
                    "lightningAngleRand" : 12,
                    "status" : "melting"
                    }
	            }
	        }
        },
        {
    "name" : "帝神-狐幽-炮2",
    "x" : -91, "y" : -75,
    "reload" : 125,
    "rotate": true,
	"mirror":false,
	"bullet" : {
	    "type" : "MissileBulletType",
	    "sprite" : "神恒之心-导弹1",
	    "height": 25.00,
	    "speed": 9.85,
	    "damage": 395.00,
	    "shrinkY": 0.00,
        "drag": -0.003,
	    "lifetime": 85.20,
	    "homingRange": 660,
	    "keepVelocity": false,
	    "ammoMultiplier": 4,
	    "splashDamageRadius" : 255,
	    "splashDamage" : 895.00,
	    "status": "blasted",
	    "pierce": false,
	    "fragBullets" : 5,
		"fragBullet": {
		    "type" : "MissileBulletType",
		    "sprite" : "神恒之心-导弹2",
		    "height": 25.00,
		    "speed": 9.85,
		    "damage": 100.00,
		    "shrinkY" : 0.00,
		    "drag" : -0.003,
		    "lifetime" : 222.45,
		    "homingRange" : 540,
		    "keepVelocity" : false,
		    "splashDamageRadius" : 185,
		    "splashDamage" : 385.00,
		    "status" : "blasted",
		        "fragBullets" : 1,
		        "fragBullet" : {
		            "type" : "LaserBulletType",
                    "length" : 135,
                    "damage" : 80,
                    "width" : 28,
                    "lifetime" : 24,
                    "hitEffect":"hitLancer",
                    "lightningSpacing" : 9,
                    "lightningLength" : 5,
                    "lightningDelay" : 1.1,
                    "lightningLengthRand" : 8,
                    "lightningDamage" : 85,
                    "lightningAngleRand" : 12,
                    "status" : "melting"
                    }
	            }
	        }
        }
                ],
    "abilities" : [
        {
        "type": "UnitSpawnAbility",
    "unit": "GisDim",
    "spawnX": -20,
    "spawnY": -55,
    "spawnTime": 410
    },{
        "type": "UnitSpawnAbility",
    "unit": "GisDim",
    "spawnX": 20,
    "spawnY": -55,
    "spawnTime": 410
    },{
        "type": "UnitSpawnAbility",
    "unit": "GisDim",
    "spawnX": -35,
    "spawnY": -60,
    "spawnTime": 410
    },{
        "type": "UnitSpawnAbility",
    "unit": "GisDim",
    "spawnX": 35,
    "spawnY": -60,
    "spawnTime": 410
    },{
        "type": "UnitSpawnAbility",
    "unit": "Gunship",
    "spawnX": -55,
    "spawnY": -80,
    "spawnTime": 410
    },{
        "type": "UnitSpawnAbility",
    "unit": "Gunship",
    "spawnX": 55,
    "spawnY": -80,
    "spawnTime": 410
    },{
        "type": "UnitSpawnAbility",
    "unit": "Gunship",
    "spawnX": -80,
    "spawnY": -80,
    "spawnTime": 410
    },{
        "type": "UnitSpawnAbility",
    "unit": "Gunship",
    "spawnX": 80,
    "spawnY": -80,
    "spawnTime": 410
    },{
        "type": "UnitSpawnAbility",
    "unit": "MursilFiliean",
    "spawnX": -55,
    "spawnY": -95,
    "spawnTime": 410
    },{
        "type": "UnitSpawnAbility",
    "unit": "MursilFiliean",
    "spawnX": 55,
    "spawnY": -95,
    "spawnTime": 410
    }
    ]
}