{
    "name":" 大电池",
	"health":800,
    "description": "电池，可储电",
    "requirements": [
  { "amount": 120, "item": "铁" },
  { "amount": 40, "item": "硫" }
  { "amount": 30, "item": "silicon" }
    ],
        "destroyBullet":{
		"hitSound":"plasmaboom",
		"width":16,	"height":16,
		"sprite":"circle-bullet",
		"shrinkY":0,
		"hitShake":8,
		"backColor":"25C9ABFF",
		"frontColor":"FFFFFF",}
    "consumes": 
    {"powerBuffered": 120000},
	"emptyLightColor":"FF000000",
	"fullLightColor":"FFFFFFFF",
    "size": 3,
    "type": "Battery",
	"category": "power",
	"research": "电池"
	"researchCostMultiplier": 0,
	    "canOverdrive": false,
}
