{
	"type": "NuclearReactor",
	"name": "钍核裂变反应堆",
	"size": 3,
	"health": 1600,
	"liquidCapacity": 120,
	"itemCapacity": 25,
	"hasItems": true,
	"hasLiquids": true,
	"outputsPower": true,
	"powerProduction": 210.5,
	"itemDuration": 800,
	"heating": 0.02,
	"lightColor": "FFFFFF",
	"explosionShake": 9,
	"explosionShakeDuration": 120,
	"explosionRadius": 35,
	"explosionDamage": 9000,
	"explodeSound": "DBZ1",
	"explodeEffect": {
		"type": "MultiEffect",
		"effects": [
			{
				"type": "WaveEffect",
				"lifetime": 20,
				"sizeFrom": 0,
				"sizeTo": 320,
				"strokeFrom": 18,
				"strokeTo": 0,
				"colorFrom": "EEC591",
				"colorTo": "ffffff"
			},
			{
				"type": "ParticleEffect",
				"particles": 25,
				"interp": "pow10Out",
				"sizeInterp": "pow5In",
				"sizeFrom": 35,
				"sizeTo": 0,
				"length": 280,
				"baseLength": 0,
				"lifetime": 250,
				"colorFrom": "DEDEDE70",
				"colorTo": "DEDEDE70"
			},
			{
				"type": "ParticleEffect",
				"particles": 35,
				"interp": "pow10Out",
				"sizeInterp": "pow5In",
				"sizeFrom": 30,
				"sizeTo": 0,
				"length": 290,
				"baseLength": 0,
				"lifetime": 300,
				"colorFrom": "DEDEDE70",
				"colorTo": "DEDEDE70"
			},
			{
				"type": "ParticleEffect",
				"particles": 40,
				"interp": "pow10Out",
				"sizeInterp": "pow5In",
				"sizeFrom": 20,
				"sizeTo": 0,
				"length": 300,
				"baseLength": 0,
				"lifetime": 350,
				"colorFrom": "DEDEDE70",
				"colorTo": "DEDEDE70"
			},
			{
				"type": "ParticleEffect",
				"particles": 25,
				"line": true,
				"interp": "pow10Out",
				"sizeInterp": "pow3In",
				"strokeFrom": 3,
				"strokeTo": 0,
				"lenFrom": 150,
				"lenTo": 0,
				"length": 220,
				"baseLength": 60,
				"lifetime": 60,
				"colorFrom": "DEDEDE",
				"colorTo": "DEDEDE"
			}
		]
	},
	"fuelItem": "thorium",
	"consumes": {
		"liquid":"cryofluid/0.4",
		"items": ["thorium/2"]
	}
	"buildCostMultiplier": 0.9,
	"requirements": [
		"graphite/300",
		"thorium/90",
		"芯片/110",
		"精炼钢/110"
		"copper/1100",
	],
	"category": "power",
	"research": "大型太阳能板"
	"researchCostMultiplier": 0,
}