{
    "name":" 电池",
	"health":200,
    "description": "电池，可储电",
    "requirements": [
  { "amount": 60, "item": "graphite" },
  { "amount": 20, "item": "铁" },
    ],
        "destroyBullet":{
		"hitSound":"plasmaboom",
		"width":16,	"height":16,
		"sprite":"circle-bullet",
		"shrinkY":0,
		"hitShake":8,
		"backColor":"25C9ABFF",
		"frontColor":"FFFFFF",}
    "consumes": 
    {"powerBuffered": 4000},
	"emptyLightColor":"FF000000",
	"fullLightColor":"FFFFFFFF",
    "size": 1,
    "type": "Battery",
	"category": "power",
	"research": "电力节点"
	"researchCostMultiplier": 0,
	    "canOverdrive": false,
}
