{
    "type": "ConsumeGenerator",
    "name": "蒸汽涡轮发电机",
    "category": "power",
    "requirements": [
        "copper/70","graphite/50","silicon/65","钢铁/50"
    ],
    "powerProduction": 30,
    "ambientSound": "smelter",
    "itemDuration": 60,
    "hasLiquids": true,
    "hasItems": false,
    "size": 2,
    "liquidCapacity":240,
    	"drawer": {
		"type": "DrawMulti",
		"drawers": [
			"DrawDefault",
			{
				"type": "DrawRegion",
				"suffix": "-转",
				"rotateSpeed":8,
				"rotation":0
			},
			{
				"type": "DrawRegion",
				"suffix": "-转2",
				"rotateSpeed":-8,
				"rotation":0
			},
			{
				"type": "DrawRegion",
				"suffix": "-顶"
			},
			"DrawWarmupRegion",
			{"type": "DrawLiquidRegion",
			"drawLiquid": "蒸汽"}
		]
	},
    "consumes": {
        "liquid": "蒸汽/1"
    }
	"research":"火力发电站"//科技树位置，duo为双管
}