{
    "name":"一阶废料核心"//名字
	"description":"基础型号的核心，适用于任何星球，",//介绍
	"details":"我的母星派我来清理这颗星球的残党，但在星际的漫漫路途中核心已经损坏，若不是在太空找到的这个星球遗弃的核心，我早已不复存在\n\n\n    本mod雷点:需要解锁的科技极多(可能)不喜勿玩"
	"itemCapacity":5000,
	//容量
	"armor":2,
	"alwaysUnlocked":true,
	//开局解锁
	"hasItems": true,
	//是否可以存有物品
	"health":3000,
	//生命
	"unitCapModifier":24,
	//最大单位数量
	"unitType":"zero-I型",
	//出生机甲
	"size":2,
	//占地边长支持1~9对应贴图1x1=32x32像素.
	"requirements": [
	    "废料/800",
	    ],
	    //建造消耗。
	"category": "effect",
	"breakable": true,
	//菜单栏类别
	//"research": "core-"
	//科技树
}