{
    "name":"废料前哨"//名字
	"description":"可以进行拆卸的核心",//介绍
	"details":"虽然是一个前哨但本质还是一个核心，可以在前哨进行复活"
	"itemCapacity":2000,
	//容量
	"armor":1,
	"hasItems": true,
	//是否可以存有物品
	"health":2500,
	//生命
	"unitCapModifier":12,
	//最大单位数量
	"unitType":"zero-I型",
	//出生机甲
	"size":2,
	//占地边长支持1~9对应贴图1x1=32x32像素.
	"requirements": [
	    "废料/800",
	    ],
	    //建造消耗。
	"category": "effect",
	"breakable": true,
	//菜单栏类别
		"research": {
		"parent": "一阶废料核心"
		"requirements": [
		"废料/1600",
		],
		"objectives": [
		{
		"type": "SectorComplete",
		"preset": "落日要塞"
		}
		]
	},
}