{
    "name":"终阶废料核心"//名字
	"description":"更强的装甲更大的容量，可以支持我们之后的进攻",//介绍
	"details":"在这颗星球渐渐发展，我们不得不面对更强的敌人，它们已经发现了我们，根据雷达显示，现在的敌人已经开始配备更强劲的火力并生产更强大的单位"
	"itemCapacity":10000,
	//容量
	"armor":4,
	"alwaysUnlocked":true,
	//开局解锁
	"hasItems": true,
	//是否可以存有物品
	"health":6000,
	//生命
	"unitCapModifier":36,
	//最大单位数量
	"unitType":"zero-I型",
	//出生机甲
	"size":3,
	//占地边长支持1~9对应贴图1x1=32x32像素.
	"requirements": [
	    "废料/5000",
	    "安山合金/500"
	    ],
	    //建造消耗。
	"category": "effect",
	"breakable": true,
	//菜单栏类别
		"research": {
		"parent": "一阶废料核心"
		"requirements": [
		"废料/10000",
		"安山合金/1000"
		],
		"objectives": [
		{
		"type": "SectorComplete",
		"preset": "卫星前哨"
		}
		]
	},
	//科技树
}