{
	"type": "UnitFactory",//建筑类型
	"name": "普通型单位构建厂",//名称
	"description": "[#FECB6DFF]生产标准版低等单位",//介绍
	"details": "[#FECB6DFF]棍木制造厂",//详细描述
	"health": 420,//生命值
	"size": 3,//边长大小
	"hasPower": true,//可以有电力
	"hasItems": true,//可以有物品
	"hasLiquids": true,//可以有液体
	"canOverdrive": true,//是否被超速
	"liquidCapacity": 40,//液体容量
	"itemCapacity": 80,//物品容量
	"consumes": {//消耗所需条件
		"power": 1.8,//消耗电力 (代码内1等于游戏里*60电力)
		"liquid": "water/0.09"//液体种类 (此为水; 代码内1等于游戏里*60液体)
	},
	"plans": [//兵种生产
		{
			"unit": "nova",//新星
			"time": 2400,//制造时间
			"requirements": [//制作消耗
				"silicon/30",//硅
				"lead/20",//铅
				"titanium/20"//钛
			]
		},
		{
			"unit": "dagger",//尖刀
			"time": 900,//制造时间
			"requirements": [//制作消耗
				"silicon/10",//硅
				"lead/10"//铅
			]
		},
		{
			"unit": "crawler",//爬虫
			"time": 600,//制造时间
			"requirements": [//制作消耗
				"silicon/8",//硅
				"coal/10"//煤炭
			]
		},
		{
			"unit": "flare",//星辉
			"time": 900,//制造时间
			"requirements": [//制作消耗
				"silicon/15"//硅
			]
		},
		{
			"unit": "mono",//独影
			"time": 2100,//制造时间
			"requirements": [//制作消耗
				"silicon/30",//硅
				"lead/15"//铅
			]
		},
		{
			"unit": "risso",//梭鱼
			"time": 2700,//制造时间
			"requirements": [//制作消耗
				"silicon/20",//硅
				"metaglass/35"//钢化玻璃
			]
		},
		{
			"unit": "retusa",//潜螺
			"time": 3000,//制造时间
			"requirements": [//制作消耗
				"silicon/15",//硅
				"metaglass/25",//钢化玻璃
				"titanium/20"//钛
			]
		}
		/*{
			"unit": "",//单位
			"time": 0,//制造时间 (代码内60=60帧数, 一般一秒等于60帧)
			"requirements": [//制作消耗
			]
		}*/
	],
	"buildCostMultiplier": 1,//建筑构造时间花费倍率
	"researchCostMultiplier": 1,//科技树研究费用倍率
	"buildVisibility": "shown",//构造单位时的动画
	"requirements": [//建造消耗需求
		"copper/150",//铜
		"lead/150",//铅
		"silicon/120",//硅
		"metaglass/150",//钢化玻璃
		"titanium/80"//钛
	],
	"category": "units",//菜单栏分类
	"research": {//科技树位置研究前置
		"parent": "additive-reconstructor"
		"objectives": [//研究前提条件
			{
				"type": "SectorComplete",
				"preset": "windsweptIslands"
			}
		]
	}
}