{
	"type": "mech",
	"name": "尖刃",
	"mechStepParticles": true,
	"rotateSpeed": 1.9,//旋转速度
	"rotateMoveFirst": true,
	"omniMovement": true,
	"speed": 1.5,//速度
	"hitSize": 9.5,//大小
	"ammoCapacity": 350,
	"health": 550,//血量
	"armor": 4,//护甲
	"drag": 1,
	"accel": 1,
	"itemCapacity": 5,
	"faceTarget": true,
	"research": "钢铁",
	"weapons": [
		{
			"name": "尖刃-1",
			"reload": 5,//装填速度
			"recoil": 0.8,//退缩
			"x": -1,
			"y": -1,
			"shootX": -4.2,
			"shootY": 1,
			"rotate": false,//旋转
			"rotateSpeed": 0.7,//武器转速
			"mirror": true,//影子
			"inaccuracy": 0,//精度
			"ejectEffect": "casing3",
			"shootSound": "shoot",
			"autoTarget": true,
			"bullet": {
				"damage": 8,//伤害
				"speed": 6,//速度
				"buildingDamageMultiplier": 3,
				"lifetime": 30,//一生
				"width": 4,//子弹宽度
				"height": 9//长度
			},
        }
	]
	"research":"陆军工厂"//科技树位置，duo为双管
 }