{
	"type": "mech",
	"name": "来世",
		"details": "新的装甲结构与动力系统,优秀的火控系以及动力优化和大空间大。太幅度提升动力和装填速度,使用大口径穿甲弹正面刺破敌人的防线而不需要任何技巧即可毁灭敌人的防线,是我军中小型陆军主力机甲。装载两台大口径穿甲弹，四台尖兵级小型炮台,两台导弹发射器",
	"mechStepParticles": true,
	"rotateSpeed": 0.8,//旋转速度
	"rotateMoveFirst": true,
	"speed": 0.3,//速度
	"hitSize": 30,//大小
	"ammoCapacity": 350,
	"health": 18000,//血量
	"armor": 33,//护甲
	"drag": 1,
	"accel": 1,
	"itemCapacity": 105,
	"faceTarget": true,
	"immunities": [
	"wet",
	"导电粉末干扰",
	"burning"
	]
	"weapons": [
		{
			"name": "来世-1",
			"reload": 25,//装填速度
			"recoil": 9,//退缩
			"x": -18,
			"y": 0,
			"shootX": -10,
			"shootY": 5,
			"rotate": false,//旋转
			"mirror": true,//影子
			"inaccuracy": 0,//精度
			"ejectEffect": "casing3",
			"shootSound": "artillery",
			"autoTarget": true,
				"shootEffect": {
					"type": "MultiEffect",
					"effects": [
						{
							"type": "ParticleEffect",
							"particles": 20,
							"line": true,
							"strokeFrom": 6,
							"strokeTo": 0,
							"lenFrom": 25,
							"lenTo": 0,
							"length": 50,
							"baseLength": 0,
							"lifetime": 11,
							"colorFrom": "FEEBB3",
							"colorTo": "FEEBB3",
							"cone": 15
						},
						{
							"type": "WaveEffect",
							"lifetime": 20,
							"sizeFrom": 0,
							"sizeTo": 55,
							"strokeFrom": 5,
							"strokeTo": 0,
							"colorFrom": "FEEBB3",
							"colorTo": "FFFFFF"
						}
					]
				},
				"hitEffect": {
					"type": "MultiEffect",
					"effects": [
						{
							"type": "ParticleEffect",
							"particles": 9,
							"sizeFrom": 10,
							"sizeTo": 0,
							"length": 90,
							"baseLength": 8,
							"lifetime": 35,
							"colorFrom": "FEEBB3",
							"colorTo": "ffffff"
						},
						{
							"type": "WaveEffect",
							"lifetime": 10,
							"sizeFrom": 2,
							"sizeTo": 60,
							"strokeFrom": 10,
							"strokeTo": 0,
							"colorFrom": "FEEBB3",
							"colorTo": "FEEBB3"
						}
					]
				},
			"bullet": {
				"damage": 80,//伤害
				"speed": 8,//速度
				"buildingDamageMultiplier": 3,
				"lifetime": 40,//一生
				"width": 13,//子弹宽度
				"height": 45//长度
				"splashDamageRadius": 30    ,
				"splashDamage": 60,
                "fragBullets": 4,
				"fragRandomSpread": 360,
                "fragBullet": {
				"type": "PointBulletType",
				"damage": 30,
				"trailEffect": "none",
				"hitEffect": "flakExplosion",
				"despawnEffect": "flakExplosion",
				"splashDamageRadius": 35,
				"splashDamage": 20,
				"speed": 0,
				"lifetime": 30
		        "statusDuration": 80,
		        "hitSoundVolume": 0.9,
		        "fragBullets": 3,
		        "fragRandomSpread": 1,
		        "shootSound": "beam",
			"continuous": true,
			"cooldownTime": 200,
			"smokeEffect": "smokeCloud",
				"despawnEffect": {
					"type": "ParticleEffect",
					"particles": 10,
					"sizeFrom": 10,
					"sizeTo": 0,
					"length": 0,
					"baseLength": 0,
					"lifetime": 65,
					"colorFrom": "FEEBB3",
					"colorTo": "FEEBB3",
				}
			}   
			},
        },
        {
			"name": "来世-2",
			"reload": 30,
			"recoil": 9,//
			"x": -12,
			"y": 1.5,
			"shootX": -7,
			"shootY": 4,
			"rotate": false,
			"rotateSpeed": 0.7,
			"mirror": true,
			"inaccuracy": 0,
			"ejectEffect": "casing1",
			"shootSound": "shoot",
			"autoTarget": true,
			"status": "wet",
			"statusDuration": 10,
			"bullet": {
				"damage": 15,
				"speed": 5,
				"buildingDamageMultiplier": 1,
				"lifetime": 38,
				"width":14,
				"height": 4
				"lightningDamage": 4,
				"lightning": 1,
		        "lightningLength": 2,
				"splashDamageRadius": 15,
				"splashDamage": 20,
                "fragBullets": 13,
                "fragRandomSpread": 5
		},
			"shoot": {
		        "spread": 10
	         	"shotDelay": 10,
	         	"shots": 3,
	                     },
		},       
		{
			"name": "来世-2",
			"reload": 5,
			"recoil": 9,//
			"x": -12,
			"y": -5,
			"shootX": -4,
			"shootY": 4,
			"rotate": false,
			"rotateSpeed": 0.7,
			"mirror": true,
			"inaccuracy": 0,
			"ejectEffect": "casing1",
			"shootSound": "shoot",
			"autoTarget": true,
			"status": "wet",
			"statusDuration": 30,
			"bullet": {
				"damage": 15,
				"lightningDamage": 5,
				"lightning": 1,
		        "lightningLength": 2,
				"speed": 5,
				"buildingDamageMultiplier": 1,
				"lifetime": 38,
				"width":15,
				"height": 4
					"lightningDamage": 4,
				"lightning": 1,
		        "lightningLength": 2,
				"splashDamageRadius": 15,
				"splashDamage": 15,
                "fragBullets": 13,
                "fragRandomSpread": 5
		}
			"shoot": {
		        "spread": 10
	         	"shotDelay": 10,
	         	"shots": 3,
	                     },
		},
				{
			"name": "来世-3",
			"reload": 25,
			"x": -8,
			"y": 7,
			"rotate": true,
			"inaccuracy": 0,
			"shootCone": 60,
			"alternate": true,
			"shootSound": "bang",
			"shake": 5,
		    "bullet": {
				"type": "MissileBulletType",
				"damage": 82,
				"shootEffect": "none",
				"smokeEffect": "none",
				"splashDamageRadius": 25,
				"splashDamage": 35,
				"hitEffect": "flakExplosionBig",
				"despawnEffect": "flakExplosion",
				"width": 8,
				"height": 9,
				"speed": 8.5,
				"lifetime": 70
				 "fragBullets": 4,
				"fragRandomSpread": 0,
                "fragBullet": {
				"damage": 35,
				"trailEffect": "none",
				"hitEffect": "flakExplosionBig",
				"despawnEffect": "flakExplosion",
				"splashDamageRadius": 15,
				"splashDamage": 18,
				"speed": 0,
				"lifetime": 20
		        "statusDuration": 80,
		        "hitSoundVolume": 0.9,
		        "fragBullets": 3,
		        "fragRandomSpread": 1,	
		                        "fragBullet": {
				"damage": 15,
				"trailEffect": "none",
				"hitEffect": "flakExplosionBig",
				"despawnEffect": "flakExplosion",
				"splashDamageRadius": 15,
				"splashDamage": 21,
				"speed": 0,
				"lifetime": 10
		        "statusDuration": 80,
		        "hitSoundVolume": 0.9,
		        "fragBullets": 3,
		        "fragRandomSpread": 1,		
			},	
			},
			}
		}
	],
	"research":"刃堡"//科技树位置，duo为双管
 }