{
	"type": "mech",
	"name": "灾王",
	"mechStepParticles": true,
	"rotateSpeed": 1.9,//旋转速度
	"rotateMoveFirst": true,
	"canBoost": true,
	"speed": 0.55,//速度
	"hitSize": 9.5,//大小
	"ammoCapacity": 350,
	"health": 1100,//血量
	"armor": 13,//护甲
	"drag": 1,
	"accel": 1,
	"buildSpeed":1,
	"mineTier":1,
	"mineSpeed":3,
	"itemCapacity": 105,
	"boostMultiplier": 2.9,
	"faceTarget": true,
	"research": "钢铁",
			"abilities": [
		{
			"type": "ForceFieldAbility",
			"sides": 9,//边
			"radius": 90,//半径
			"max": 700,//最大盾量
			"regen": 1.35,//回复量
			"cooldown": 1000
		},
        {
            "type": "StatusFieldAbility",
            "duration": 30,
            "reload": 170,
            "range": 110,
            "applyEffect": "none",
            "activeEffect": {
                "type": "WaveEffect",
                "lifetime": 210,
                "sizeFrom": 10,
                "sizeTo": 5,
                "strokeFrom": 1.3,
                "strokeTo": 0,
                "colorFrom": "97FFA8",
                "colorTo": "97FFA800"
            },
            "effect": "修理"
        },
    ],
	"weapons": [
		{
			"name": "灾王-2",
			"reload": 35,//装填速度
			"recoil": 1,//退缩
			"x": 0,
			"y": 0,
			"shootX": -4,
			"shootY": -1,
			"rotate": false,//旋转
			"rotateSpeed": 0.8,//武器转速
			"mirror": true,//影子
			"inaccuracy": 0,//精度
			"ejectEffect": "casing1",
			"shootSound": "lasershoot",
			"autoTarget": true,
			"bullet": {
				"type": "LaserBoltBulletType",
				"frontColor": "FFFFFF",
				"backColor": "97FFA8",
				"healPercent": 3,
				"damage": 20,
				"collidesTeam": true,
				"speed": 7.6,
				"lifetime": 24,
				"width": 2,
				"height": 8
				"status": "电磁干扰",
                 "statusDuration": 20,
			}
			"shoot": {
		        "spread": 10
	         	"shotDelay": 10,
	         	"shots": 4,
	                     },
        },
        		{
			"name": "灾王-1",
			"reload": 50,
			"x": 0.5,
			"y": 0,
			"rotate": false,
			"top": false,
			"recoil": 4,
			"shootX": 4,
			"shootY": 2,
			"inaccuracy": 0,
			"alternate": true,
			"mirror": true,//影子
			"shootSound": "laser",
			"shake": 1,
			"bullet": {
				"type": "LaserBulletType",
				"healPercent": 8,
				"recoil": 1,
				"damage": 35,//伤害
				"collidesTeam": true,
				"laserAbsorb": false,
				"shootEffect": "bigShockwave",
				"sideAngle": 35,
				"sideWidth": 1,
				"sideLength": 70,
				"status": "导电粉末干扰",
				"statusDuration": 40,
				"colors": [
					"7CF38990",
					"97FFA880",
					"FFFFFF"
				],
				"width": 16,
				"length": 200
			}
		}
        ],
	"research":"陆军工厂"//科技树位置，duo为双管
 }