{
	"type": "mech",
	"name": "王刃",
	"mechStepParticles": true,
	"rotateSpeed": 3,//旋转速度
	"rotateMoveFirst": true,
	"speed": 0.9,//速度
	"hitSize": 18.5,//大小
	"ammoCapacity": 350,
	"health": 1100,//血量
	"armor": 11,//护甲
	"drag": 1,
	"accel": 1,
	"itemCapacity": 20,
	"faceTarget": true,
	"research": "钢铁",
	"immunities": [
	"burning"
	],
	"weapons": [
	{
			"name": "王刃-1",
			"reload": 3,//装填时间
			"shootY": 3,
			"rotate": false,
			"inaccuracy": 0,
			"alternate": false,
			"top": false,
			"shootSound": "flame",
			"ejectEffect": "none",
			"cooldownTime": 50,
			"bullet": {
				"type": "BulletType",
				"lifetime": 5,
				"speed": 20,
				"knockback": 0.3,
				"damage": 15,
				"ammoMultiplier": 1,
				"incendAmount": 2,
				"incendSpread": 8,
				"incendChance": 0.5,
				"hittable": false,
				"absorbable": false,
				"pierce": true,
				"makeFire": true,
				"pierceBuilding": true,
				"pierceCap": 6,
				"shootEffect": "shootPyraFlame",
				"smokeEffect": {
					"type": "ParticleEffect",
					"particles": 15,
					"line": true,
					"strokeFrom": 1.5,
					"strokeTo": 0,
					"lenFrom": 16,
					"lenTo": 8,
					"length": 16,
					"baseLength": 0,
					"lifetime": 8,
					"colorFrom": "FFFFFF",
					"colorTo": "FFE176FF",
					"cone": 10
				},
				"hitEffect": {
					"type": "ParticleEffect",//颗粒效应
					"particles": 185,//颗粒
					"lifetime": 15,//持续时间
					"sizeFrom": 4,//大小
					"sizeTo": 0,
					"colorFrom": "FF8C00",
					"colorTo": "FF8C00"
				},
				"despawnEffect": "none",
				"statusDuration": 45,
				"status": "burning"
			}
		}
           {
			"name": "王刃-2",
			"reload": 60,
			"recoil": 2,//
			"rotate": false,
			"rotateSpeed": 0.7,
			"mirror": true,
			"inaccuracy": 0,
			"ejectEffect": "casing1",
			"shootSound": "bang",
			"autoTarget": true,
			"x": 0,
			"y": 0,
			"shootX": 0,
			"shootY": 9,
			"bullet": {
			"type": "ArtilleryBulletType",
			"splashDamageRadius": 25,
			"splashDamage": 19,
			"knockback": 0.8,
				"hitSound": "explosion",
				"hitEffect": "flakExplosionBig",
				"damage": 20,
				"speed": 4,
				"buildingDamageMultiplier": 1,
				"lifetime": 85,
				"width":11,
				"height": 18
			},
		}
	]
	"research":"尖刃"//科技树位置，duo为双管
 }