{
	"type": "mech",
	"name": "辅刃",
	"mechStepParticles": true,
	"rotateSpeed": 1.9,//旋转速度
	"rotateMoveFirst": true,
	"speed": 1.4,//速度
	"hitSize": 9.5,//大小
	"ammoCapacity": 350,
	"health": 300,//血量
	"armor": 3,//护甲
	"drag": 1,
	"accel": 1,
	"itemCapacity": 5,
	"faceTarget": true,
	"research": "钢铁",
		"abilities": [
		{
			"type": "ForceFieldAbility",
			"sides": 4,//边
			"radius": 15,//半径
			"max": 100,//最大盾量
			"regen": 0.38,//回复量
			"cooldown": 230
		},
		],
	"weapons": [
		{
			"name": "辅刃-1",
			"reload": 65,//装填速度
			"recoil": 2,//退缩
			"x": -1.5,
			"y": -1,
			"shootX": -3,
			"shootY": -1,
			"rotate": false,//旋转
			"rotateSpeed": 0.7,//武器转速
			"mirror": true,//影子
			"inaccuracy": 0,//精度
			"ejectEffect": "casing1",
			"shootSound": "lasershoot",
			"autoTarget": true,
			"bullet": {
				"type": "LaserBoltBulletType",
				"frontColor": "FFFFFF",
				"backColor": "97FFA8",
				"healPercent": 3,
				"damage": 7,
				"collidesTeam": true,
				"speed": 7.6,
				"lifetime": 24,
				"width": 2,
				"height": 8
			}
			"shoot": {
		        "spread": 10
	         	"shotDelay": 10,
	         	"shots": 4,
	                     },
        },
        ],
	"research":"尖刃"//科技树位置，duo为双管
 }