{
	"type": "SolidPump",
	"name": "大型抽水机",
	"description": "大型抽水机，当附近没有水源时抽取地下水。"
	"size": 3,
	"health": 200,
	"pumpAmount": 0.2,
	"result":"water",
	"rotateSpeed": 10,
	"attribute":"water",
	"liquidCapacity":30,
	"consumes": {
		"power": 2.5
	},
	"requirements": [
		{ "item": "lead", "amount": 75 },
		{ "item": "graphite", "amount": 60 },
		{ "item": "metaglass", "amount": 55 },
		{ "item": "titanium", "amount": 30 },
	],
	"category": "production",
	"research": "water-extractor"
}