{
	"type": "SolidPump",
	"name": "德伊曼抽水机",
	"description": "德伊曼科技抽水机，当附近没有水源时抽取地下水。"
	"size": 2,
	"health": 200,
	"pumpAmount": 0.3,
	"result":"water",
	"rotateSpeed": 10,
	"attribute":"water",
	"liquidCapacity":30,
	"consumes": {
		"power": 1.0
	},
	"requirements": [
		{ "item": "lead", "amount": 95 },
		{ "item": "graphite", "amount": 40 },
		{ "item": "德伊曼纯铁", "amount": 20 },
	],
	"category": "production",
	"research": "电子分解机"
}