{
	"name": "轰鸣钻头",
	"description": "利用闪电合金的力量开采矿物。",
	"type": "Drill",
	"size":4 ,
	"health":750,
	"tier": 10,
	"drillTime":120,
	"liquidBoostIntensity":3,
	"rotateSpeed":30,
		"has Shadow":true
	"consumes":{
	"power":30 ,
		 "liquid": {
			"liquid": "cryofluid", "amount": 0.2,
			"booster":true,
			"optional": true
		}
	},
	"requirements": [
		{"item": "钛板", "amount":175 }
		{"item": "硅板", "amount":150 }
		{"item": "thorium", "amount":100 }
		{"item": "surge-alloy", "amount":125 }
        {"item": "电子元件", "amount":100 }

	],
	"category": "production",
	"research":"雷鸣钻头"
}
