{
	"name": "高速钻头",
	"description": "一种利用钛金属的轻薄性打造的钻头，适合开采硬度不强的矿物。",
	"type": "Drill",
	"size":3 ,
	"health":120 ,
	"tier": 2,
	"drillTime":300 ,
		"has Shadow":true
	"consumes":{
		 "liquid": {
			"liquid": "water", "amount": 0.07,
			"booster":true,
			"optional": true
		}
	},
	"requirements": [
		{"item": "titanium", "amount":65 }
		{"item": "lead", "amount":55 }
		{"item": "graphite", "amount":30 }
	],
	"category": "production",
	"research":"pneumatic-drill"
}
