{
    "type": "NuclearReactor",
    "name": "氢热冲式反应堆",
    "description": "氢是为数不多，可以清洁燃烧而又能放出巨大能量的气体，在氢气创造的条件下钍可以充分的反应发电。氢气燃烧又产生水，因此不需要冷却液",
    "size": 3,
    "health": 2000,
    "powerProduction": 20,
    "consumes": {
        "liquids": {
        "liquids": [
           { "liquid": "hydrogen","amount": 0.5}
           ]
        },
        "items": {
            "items": [
                {
                    "item": "thorium",
                    "amount": 2
                }
            ]
        }
    },
    "itemCapacity": 30,
    "liquidCapacity": 40,
    "explosionRadius": 15,
    "explosionDamage": 2000,
    "baseExplosiveness": 1000,
    "requirements": [
        "锂/500",
        "白钢/250",
        "silicon/200",
        "graphite/180",
        "thorium/180",
        "metaglass/80"
    ],
    "research": "thorium-reactor",
    "category": "power",
    "heating": 0.01,
    "flashThreshold": 0.1,
    "smokeThreshold": 0.4,
    "ambientSound": "hum",
    "ambientSoundVolume": 100,
    "hasItems": true,
    "canOverdrive": true
}