{
	"name": "辐电发生装置",
	"description":"更加高效……",
	"size":3,
	"health":480,
	"type":"ConsumeGenerator"
	"generateEffect":"lightning",
	"itemCapacity":30,
	//物品容量
	"itemDuration":1800,
	//发电时间(每个物品)
	"acceptsItems":true,/*可接受物品*/
    "solid":true,/*是实体*/
	"powerProduction":8,
	//发电量(1:60)
	"consumes": {
            "itemRadioactive":{
            "itemRadioactive":{}
            },//一次消耗几个
            }
    "drawer":{
        "type":"DrawMulti",
        "drawers":[
            "DrawDefault",
            "DrawWarmupRegion"
            ]
            }
	"requirements": [
		"lead/250",
		"silicon/125",
		"phase-fabric/75",
		"thorium/150",
		"plastanium/75",
    ],
        "category": "power",//在菜单的那里，power是电力类
        "research":"rtg-generator"//科技树，在什么东西的后面，原版要英文
}