{
	"type": "UnitAssembler",
	"name": "轰炸机组装厂",
	"description": "组装轰炸机单位，输出单位可以直接投入战场",
	"category":"units",
	"research":"ship-assembler"
	"health":3600,//血量
	"size":5,//大小
    "dronesCreated":4,
    "areaSize":14,
	"consumes":{"power":5},//耗电量帧
	"requirements": [//制造材料
		"thorium/500",
		"tungsten/500",
		"silicon/700"
		"oxide/250"
		"carbide/150"	]
		"plans":[
		{
		"unit":"轰炸机",
		"time": 10800, //制造时间,帧
		"requirements":[
		"tungsten-wall-large/30",
		"carbide-wall-large/30"
		]	}
		],
}