{
	"type": "UnitAssemblerModule",//类型
	"name": "高级装配厂模块",//名字
	"description": "当放置在构造边界旁时，增加输出等级。需要电力。",//介绍
	"category":"units",//菜单栏

	"health": 6050,//血量
	"size": 5,//平方大小
	"tier": 2,//组装等级

	"consumes": {
	"power": 6,//耗电
	},

	"research": {"parent": "basic-assembler-module",//科技树前置
	"requirements": [//研究花费
	"thorium/2000"
	"oxide/800",
	]	},

	"requirements": [//建造花费
	"thorium/3000"
	"oxide/400",
	"graphite/2000",
	],
}