{
"name":"燃料配装厂",//名字
"type":"GenericCrafter",//
"description":"使用硫磺配装成高浓度的燃料量",//介绍
"itemCapacity":10,//物品容量
"health":1200,//血量
"size":2,//边长（大小）
"hasPower":true,//是否拥有电
"hasLiquids":false,//是否拥有液体
"hasItems":true,//是否拥有物品
"craftTime":25,//60:1s
"craftEffect": "plasticburn",
"consumes":{//消耗
"power":2,//电力1:60
"items":[//物品型
{"item":"硫磺","amount":1}
        ]
             }
"outputItem":{"item":"燃料","amount":1},//输出的物品和数量
"requirements":[//建造需要什么东西
"离硅/30",
"铁/20",
"铝/25"
],
"category":"crafting",//类别
"research": "硫磺"//前置解锁
}