{
	"type": "ConsumeGenerator",
	"name": "大型涡轮发电机",
	"size": 3,
	"health": 400,
	"hasLiquids": true,
	"hasItems": true,
	"itemDuration": 15,
	"powerProduction":40,
	"itemCapacity": 20,
	"liquidCapacity": 200,
	"consumes": {
		"itemFlammable":{},
		"itemExplode":{},
		"liquid": "water/0.6"
	},
	"buildCostMultiplier": 0.95,
	"requirements": [
		"lead/200",
		"titanium/220",
		"metaglass/80",
		"silicon/130"
	],
	"ambientSound": "smelter",
	"ambientSoundVolume": 0.06,
	"category": "power",
	"research": "steam-generator"
}