{
    "prebuildBase": false,
    "allowWaves": true,
    "allowWaveSimulation": true,
    "enemyCoreSpawnReplace": true,
    "defaultCore": "core-nucleus",
    "allowLaunchSchematics": true,
    "allowLaunchLoadout": true,
    "visible": true,
    "bloom": false,
    "clearSectorOnLose": false,
    "tidalLock": false,
    "localizedName": "暗蓝星",
    "generator": "SerpuloPlanetGenerator",
    "iconColor": "262B44FF",
    "orbitRadius": 75,
    "hasAtmosphere": true,
    "updateLighting": false,
    "atmosphereRadIn": 0.04,
    "atmosphereRadOut": 0.08,
    "atmosphereColor": "262B44FF",
    "drawOrbit": true,
    "accessible": true,
    "alwaysUnlocked": true,
    "sectorSeed": 2,
    "startSector": 0,
    "sectorSize": 3.3,
    "allowSectorInvasion": true,
    "allowLaunchToNumbered": false,
    "radius": 1.1,
    "orbitSpacing": 2,
    "cloudMesh": {
        "type": "HexSkyMesh",
        "planet": "暗蓝星",
        "seed": 2,
        "speed": 0.5,
        "radius": 0.13,
        "divisions": 7,
        "color": "8B9BB4FF",
        "octaves": 2,
        "persistence": 1,
        "scl": 2,
        "thresh": 0.70
    },
    "mesh": {
        "type": "NoiseMesh",
        "planet": "暗蓝星",
        "seed": 10,
        "color1": "5A6988FF",
        "color2": "8B9BB4FF",
        "divisions": 5.5,
        "radius": 1,
        "octaves": 2,
        "persistence": 1,
        "scale": 2,
        "mag": 1
    },
    "parent": "sun",
    "solarSystem": "sun",
    "hiddenItems": [
        "beryllium",
        "carbide",
        "dormant-cyst",
        "fissile-matter",
        "oxide",
        "tungsten"
    ]
}