{
	"type": "Conveyor",
	"name": "初级铜铅传送带",
                "description": "科技造福人类！",
	"health": 110,
	"baseExplosiveness": 5,
	"hasShadow": true,
	"destroyBullet": {
		"type": "PointBulletType",
		"hitShake": 2,
		"splashDamageRadius": 25,
		"splashDamage": 30,
		"status": "unmoving",
		"statusDuration": 30,
		"speed": 0,
		"lifetime": 2,
		"collides": false,
		"despawnEffect": {
			"type": "WaveEffect",
			"lifetime": 10,
			"sizeFrom": 0,
			"sizeTo": 30,
			"strokeFrom": 3,
			"strokeTo": 0,
			"colorFrom": "FFDEAD",
			"colorTo": "FFDEAD"
		},
		"hitEffect": "none"
	},
	"requirements": [
		"lead/1",
		"copper/3",
	],
	"category": "distribution",
	"research": "conveyor",
	"bridgeReplacement": "phase-conveyor",
	"junctionReplacement": "inverted-sorter",
	"speed": 0.1,
	"displayedSpeed": 10
}