{
    "type": "MassDriver",
    "name": "小型质量驱动器",
    "description": "将500物量的物品运输到远距离",
    "size": 2,
    "health": 1200,
    "hasPower": true,
    "hasLiquids": false,
    "hasItems": true,
    "itemCapacity": 500,
    "range": 400,
    "rotateSpeed": 2,
    "shake": 4,
    "shootEffect": "shootBig",
    "smokeEffect": "shootSmallSmoke",
    "consumes": {
        "power": 5
    },
    "requirements": [
        {
            "item": "lead",
            "amount": 360
        },
        {
            "item": "钢",
            "amount": 230
        },
        {
            "item": "钛合金",
            "amount": 230
        },
        {
            "item": "silicon",
            "amount": 180
        },
        {
            "item": "titanium",
            "amount": 135
        },
        {
            "item": "surge-alloy",
            "amount": 95
        }
    ],
    "category": "distribution",
    "research": "mass-driver"
}