{
    "type": "ItemBridge",
    "name": "磁悬浮传送桥带",
    "description": "可跨越任何地形与建筑可跨50格",
    "health": 100,
    "range": 50,
    "transportTime":0.5 ,
    "hasPower": false,
    "requirements": [
        {
            "item": "silicon",
            "amount": 10
        },
        {
            "item": "铁",
            "amount": 15
        },
        {
            "item": "lead",
            "amount": 10
        }
    ],
    "category": "distribution",
    "research": "bridge-conveyor"
}