{
    "type": "ItemBridge",
    "name": "蓝钢传送带桥早期型",
    "description": "可跨越任何地形与建筑\n可跨20格",
    "health": 100,
    "range": 20,
    "transportTime": 1,
    "hasPower": false,
    "requirements": [
        {
            "item": "silicon",
            "amount": 10
        },
        {
            "item": "蓝钢",
            "amount": 15
        },
        {
            "item": "lead",
            "amount": 10
        }
    ],
    "category": "distribution",
    "research": "bridge-conveyor"
}