{
	"type": "naval",
	"name": "骇浪",
 "description": "重型火力舰，搭载了弹雨Ⅱ自卫炮，可以在短时间内使敌人的拦截系统过载",
	"speed":0.5,
	"rotateSpeed":1,
	"ammoType":"thorium",
	"ammoCapacity":1200,
	"range":384,
    "waveTrailX":0,
    "waveTrailY":-32,
	"hitSize":64, 
	"health": 24000,
	"armor":12,
	"faceTarget": true,
"research": {
	"parent": "湍流"
	"objectives":[
	{
	"type": "SectorComplete",
	"preset":"普里港口"
	}
  ]
}
	"weapons":[
    {	"name": "弹雨自卫炮",	
    	"autoTarget":true,
        "controllable":false,
        "shoot":{
	    "shots":2,
	    "shotDelay":0,
     	"type":"ShootBarrel",
	    "barrels":[
        3,2,0,
		-3,2,0,
        ]},
		"reload": 1,
		"ejectEffect": "casing3",
	    "mirror":true,
	    "rotateSpeed":4,
	    "rotate": true,
        "x": -12,  "y": -20, 
        "inaccuracy": 0,
		"alternate": false,
		"shootSound": "shoot",
		"bullet":{
		"type":"FlakBulletType",
		"collidesAir":true,
	    "collidesGround":true,
	    "hitEffect":"none",
        "despawnEffect":"none",
	    "damage":4,	  
	    "splashDamageRadius":40,
	    "splashDamage":4,
	    "speed":8, "lifetime":54,
	    "width":4,	 "height":8}}
	 {	"name": "能量爆破炮",
	"reload": 1200, 	
    "x": 0,  "y": -1, 
    "rotate": true,
    "rotateSpeed":3,
    "mirror":false,
	"alternate": true,
    "inaccuracy": 0,
	"shootSound": "laser",
	"shake":1,
	"shoot":{
            "type":"ShootPattern",
            "firstShotDelay":60
        },
    "chargeSound":"lasercharge2",
	"bullet":{
    "collidesAir":false,
	"collidesGround":true,
    "damage":2400,
    "splashDamage":1600,
    "splashDamageRadius":40, 
    "buildingDamageMultiplier":1,
    "speed":8, "lifetime":64,
    "frontColor":"FEEBB3FF",	
    "backColor":"FFFFFF",
    "trailLength":6,
	"trailWidth":3,
    "trailColor":"FEEBB3FF",
	"hitSound":"spark",
	"shootEffect":{     
    "type": "ParticleEffect",
    "particles": 6,
    "sizeFrom": 3,
    "sizeTo": 0,
    "length": 30,
    "baseLength": 0,
    "lifetime": 30,
    "colorFrom": "FEEBB3FF",
    "colorTo": "FFFFFF",
    "cone": 50
	   },
	    "chargeEffect":{"type": "MultiEffect",
        "effects": [
    {"type": "WaveEffect",
        "lifetime": 60,
        "sizeFrom": 60,
        "sizeTo": 0,
        "strokeFrom": 0,
        "strokeTo": 6,
        "colorFrom": "7CF389",
        "colorTo": "7CF389"},
        {
            "type": "ParticleEffect",
            "particles": 30,
            "baseLength": 40,
            "length":-40,
            "lifetime": 60,
            "line": true,
            "lenFrom": 20,
            "lenTo":0,
            "strokeFrom": 1,
            "strokeTo": 1,
            "colorFrom": "ffffff",
            "colorTo": "97FFA8",
            "cone":360 }
        ]},
    "width":16,	 "height":32,
	   "fragBullets": 32,
       "fragBullet": {
 		"type":"LightningBulletType",
 		"lifetime":60,
        "lightningDamage":50,
        "lightning":2
        "lightningLength":16,
        "lightningLengthRand":16,
    } } }
    {"name":"导弹发射器",
	"mirror":true,
	"x":8,"y":20,
	"reload":900,
	"shootCone":30,
    "shoot":{
	"shots":120,
	"shotDelay":6,
	"type":"ShootBarrel",
	"barrels":[
        -2,0,0,
        2,0,0,
    ]	},
	"shootSound":"missile",
	"rotate": true,
	"rotateSpeed":2,
	"inaccuracy":0,
	"controllable":false,
	"autoTarget":true,
	"alternate": false,
	"bullet":{
    "hitSound":"explosion",
	"damage": 30,
	"splashDamageRadius":40,
	"splashDamage":30,
	"homingRange": 140,
	"homingPower": 0.07,
	"hitEffect":"flakExplosion",
	"despawnEffect":"flakExplosion",
    "sprite":"幻境-导弹",  
    "trailLength":4,
	"trailWidth":2,
	"trailEffect":"none",
	"trailColor":"FFFFFF",
    "backColor":"FF5B5BFF",
    "frontColor":"E3E3E3",
    "width": 12,"height": 24,
	"speed": 8,	"lifetime": 56}},
	]
}