{
    // ========== 【核心属性】 ========== //
    "type": "legs",                // 单位类型：多足步行机甲
    "name": "溢流门",               // 单位显示名称
    "description": "路由器邪教3.0！", // 单位描述文本
    "research": "分配器",          // 解锁所需的前置研究
    
    // ===== 【目标类型】 ===== //
    "targetAir": true,             // 能够攻击空中单位
    "targetGround": true,          // 能够攻击地面单位

    // ========== 【移动系统】 ========== //
    "speed": 0.38,                 // 移动速度（格/秒）
    "drag": 0.2,                   // 移动惯性阻力系数
    "rotateSpeed": 0.67,           // 身体转向速度
    "hovering": true,              // 悬停模式：身体旋转时腿部保持不动
    "faceTarget": true,            // 单位本体始终面向攻击目标

    // ========== 【战斗属性】 ========== //
    "health": 3450,                // 生命值
    "armor": 10,                   // 护甲值（减少受到的伤害）
    "hitSize": 20,                 // 碰撞判定半径（像素）
    "canDrown": false,             // 免疫溺水伤害（可在水中作战）

    // ========== 【弹药系统】 ========== //
    "ammoType": "graphite",        // 使用的弹药类型
    "ammoCapacity": 25,            // 弹药容量

    // ========== 【武器系统】 ========== //
    "weapons": [
        {
            "name": "溢流门",       // 武器名称
            "rotate": false,       // 武器是否可以独立旋转
            "mirror": false,       // 武器是否镜像对称
            "top": false,          // 武器是否位于单位顶部
            "alternate": false,    // 是否交替射击
            "x": 0,                // 武器在机甲上的X坐标
            "y": 0.1,                // 武器在机甲上的Y坐标
            "shootY": 5.6,         // 子弹发射高度偏移
            "reload": 320,         // 重新装填时间（帧）
            "cooldownTime": 250,   // 冷却贴图时间（帧）
            "recoil": 0,           // 后坐力强度
            "inaccuracy": 0,       // 射击散布角度
            "shootSound": "laserblast", // 射击音效
            "chargeSound": "lasercharge", // 充能音效
            "parentizeEffects": true, // 效果是否跟随父级单位
            "shoot": {
                "type": "ShootPattern", // 射击模式类型
                "firstShotDelay": 80    // 首次射击延迟（帧）
            },
            "bullet": {
                "type": "LaserBulletType", // 子弹类型：激光
                "status": "burning",       // 附加状态效果：燃烧
                "statusDuration": 480,     // 状态持续时间（帧）
                "recoil": 3.5,             // 子弹后坐力
                "damage": 320,             // 伤害值
                "lifetime": 38,            // 子弹存在时间（帧）
                "laserAbsorb": false,      // 是否会被激光吸收
                "sideAngle": 90,            // 侧边角度
                "sideWidth": 1.4,            // 侧边宽度
                "sideLength": 55,           // 侧边长度
                "colors": [                // 激光颜色渐变
                    "F7D89FE6",
                    "FFDE7DC1",
                    "FFFFFF"
                ],
                "width": 45,               // 激光宽度
                "length": 250,             // 激光长度
                "chargeEffect": [          // 充能效果
                    {
                        "type": "greenLaserCharge", // 效果类型
                        "particles": 4,             // 粒子数量
                        "sizeFrom": 0,              // 初始大小
                        "sizeTo": 10,                // 最终大小
                        "length": 3,                // 移动距离
                        "colorFrom": "F7D89FE6"     // 起始颜色
                        "lifetime": 80,
                    }
                ]
            }
        },
        {
            "reload": 40,          // 重新装填时间（帧）
            "shootY": 5.6,         // 子弹发射高度偏移
            "x": 0,                // 武器在机甲上的X坐标
            "y": 0,                // 武器在机甲上的Y坐标
            "inaccuracy": 5,      // 射击散布角度
            "shoot": {
                "shots": 3,        // 每次射击发射的子弹数量
                "shotDelay": 0     // 子弹之间的发射延迟（帧）
            },
            "shake": 0.7,          // 射击时屏幕震动强度
            "recoil": 0,         // 后坐力强度
            "rotate": false,       // 武器是否可以独立旋转
            "top": false,          // 武器是否位于单位顶部
            "shootSound": "spark", // 射击音效
            "alternate": false,     // 是否交替射击
            "mirror": false,       // 武器是否镜像对称
            "bullet": {
                "type": "LightningBulletType", // 子弹类型：闪电
                "damage": 26,                  // 伤害值
                "lightningColor": "F7D89FE6",  // 闪电颜色
                "hitColor": "E5A13BFF",        // 命中效果颜色
                "lightningLength": 10,          // 闪电长度
                "lightningLengthRand": 3,      // 闪电长度随机变化
                "shootEffect": "melting",    // 射击效果
                "smokeEffect": "none",         // 烟雾效果（无）
                "lightningType": {
                    "lifetime": 20,            // 闪电存在时间
                    "width": 0,                // 闪电宽度
                    "height": 0,               // 闪电高度
                    "speed": 0.1,           // 闪电速度
                    "hitSize": 5,              // 命中判定大小
                    "collidesTeam": false,      // 是否与友军碰撞
                    "hittable": false,         // 是否可被击中
                    "hitEffect": "melting",  // 命中效果
                    "despawnEffect": "none",   // 消失效果（无）
                    "status": "burning",       // 附加状态
                    "statusDuration": 360,     // 状态持续时间
                }
            }
        }
    ],
    
    // ========== 【腿部系统】 ========== //
    "hovering": true,              // 悬停模式：身体旋转时腿部保持不动
    "legCount": 4,                 // 腿部数量
    "legMoveSpace": 1.2,           // 腿部移动间距
    "legPairOffset": 1,            // 腿部配对偏移
    "legLength": 10,               // 腿部长度
    "legExtension": -5,            // 腿部伸展度
    "legBaseOffset": 5,            // 腿部基础偏移
    "stepShake": 0.8,              // 步伐震动强度
    "legLengthScl": 1              // 腿部长度比例
}