{
    "type": "ConsumeGenerator",
    "name": "涡轮发电机",
    "description": "燃烧可燃物使水蒸发推动蒸汽轮机发电。启动缓慢。",
    "size": 3,
    "health": 1360,
    "liquidCapacity": 15,
    "itemCapacity": 10,
    "warmupSpeed": 0.01,
    "hasItems": true,
    "hasLiquids": true,
    "powerProduction": 12,
    "itemDuration": 60,
    "consumes": {
		"itemFlammable":{},
		"liquid": "water/0.1"
	},
    "drawer": {
        "type": "DrawMulti",
        "drawers": [
            "DrawDefault",
            {
                "type": "DrawRegion",
                "suffix": "-bottom"
            },
            {
                "type": "DrawRegion",
                "suffix": ""
            },
            {
                "type": "DrawLiquidTile",
                "drawLiquid": "water"
            },
            {
                "type": "DrawRegion",
                "suffix": "-rotater",
                "rotateSpeed": 9,
                "rotation": 45
            },
            {
                "type": "DrawRegion",
                "suffix": "-top"
            },
            "DrawWarmupRegion",
              {
                "type": "DrawRegion",
                "suffix": "-top2"
            }
        ]
    },
    "category": "power"
    "requirements":[
{"item":"镍","amount":400},
{"item":"graphite","amount":330}
],
"research": {
	"parent": "初代核心"//科技树前置
	"requirements": [//研究花费
	"graphite/500",
	"镍/300"
	]
	"objectives": [
//		"",//研究xx
	]	},
}