{
	"type":"ItemTurret",
	"name":"阴阳",
    "description":"第一阶段的最终炮塔，能够使用大部分物品作为弹药\n[black]第二阶段将会是强化魔灵和天谴",
    "details":"这货甚至用上了贤者之石´_>`",	
    "size":4,//物品面积
	"health":3520,//建筑血量
	"ammoPerShot":1,
	"range":360,//攻击范围
	"reload":10,//60：0.1每秒一个
	"inaccuracy":0,//误差
	"rotatespeed":1.5,//旋转速度
	"maxAmmo":220,//最大弹药
	"targetAir":true//攻击天空
	"targetGround":true,//攻击地面
	"coolantMultiplier":0.5,
    "shootCone":24
    "shake":1
    "inaccuracy": 3.5,
    "ammoUseEffect" :"casing3"
    "shootSound":"shootBig"
	    "consumes": {
        "coolant": {
            "amount": 1,
            "optional": true
        }
    },
	"heatColor":"FBFF00FF",
			"shoot":{
	"type":"ShootAlternate",
    "shots": 1,
//    "shotDelay":5,
    "spread": 8
},
	"ammoTypes":{
	
			
				"thorium": {
		    "reloadMultiplier":1,
			"speed": 14,
			"damage": 90,
			"lifetime":30,
			"width": 16,
			"height": 23,
			"ammoMultiplier":6,
			"shootEffect": "shootBig" 	
            "knockback":0.5
            "pierceCap":4
            "pierceBuilding":true

},
			
				"blast-compound": {
		    "reloadMultiplier":1,
			"speed": 14,
			"damage": 40,
			"lifetime":30,
			"width": 18,
			"height": 21,
			"ammoMultiplier":8,
			"shootEffect": "shootBig" 	
		    "splashDamageRadius":20,
	        "splashDamage":60,	
            "pierceCap":1
            "pierceBuilding":true
	    	"status":"blasted",            
        "backColor":"E35D42FF"
           "frontColor":"ff795e"
              "hitColor":"ff795e"
    "fragOnHit":false,
            "fragBullets":6
            "fragLifeMin" :0
            "fragRandomSpread" :30
            "fragBullet": {
                "speed": 18,
                "damage": 45,
                "lifetime": 20
                "pierceCap":4
                "pierceBuilding":true
        "backColor":"E35D42FF"
           "frontColor":"ff795e"
              "hitColor":"ff795e"
            },
	},
				"莫比乌斯燃料": {
		    "reloadMultiplier":1,
			"speed": 14,
			"damage": 40,
			"lifetime":30,
			"width": 18,
			"height": 26,
			"ammoMultiplier":8,
"sprite":"莫比乌斯科技-火球"
"shootSound":"flame",
"hitEffect": "hitFlameSmall"
"hitSize":18
        "backColor":"D93434FF"
           "frontColor":"F74040FF"
              "hitColor":"D93434FF"
    "shootEffect": {
                "type": "MultiEffect",
                "effects": [
                    {
                        "type": "ParticleEffect",
                        "particles": 6,
                        "sizeTo": 0,
                        "sizeFrom": 3,
                        "colorTo": "db661c",
                        "colorFrom": "ffb855",
                        "cone": 5,
                    "length": 140,
                        "lifetime": 30,
                        "layer": 101,
                        "interp": "circleOut",
                        "sizeInterp": "pow2In"
                    },
                                     {
                        "type": "ParticleEffect",
                        "particles": 6,
                        "sizeTo": 1,
                        "sizeFrom": 3,
                        "colorTo": "454545ff",
                        "colorFrom": "db661c",
                        "cone": 15,
                        "length": 170,
                        "lifetime": 30,
                        "layer": 100,
                        "interp": "circleOut",
                    }   
                ]
            },
		    "splashDamageRadius":20,
	        "splashDamage":60,	
            "pierce":true
            "pierceBuilding":true
	    	"status":"永燃",            
	"despawnEffect":{
            "type": "WaveEffect",
            "lifetime": 10,
            "sizeFrom": 1,
            "sizeTo": 20,
            "strokeFrom": 6,
            "strokeTo": 0,
            "colorFrom": "F74040FF",
            "colorTo": "F74040FF"
        },
	},
"莫比乌斯合金":{
    "type": "BasicBulletType",
    "shootSound":"cannon",
    "speed": 5.00,
    "damage": 420,
    "pierce":true,
    "width": 16.00,
    "height": 16.00,
    "lifetime":  80
"ammoMultiplier":5,
"trailEffect":"missileTrail",
"backColor":"E8EB3DFF"
    "frontColor":"E8EB3DFF"
    "trailInterval" : 3,
    "trailParam" :4,
    "trailColor":"E8EB3D"
    "trailLength" :12,
    "trailWidth" : 2.2,
//    "collides":false,        
    "pierce":true,
    "fragOnHit":false,
    "fragBullets" :10,
    "fragVelocityMin" : 0.5
    "fragVelocityMax" : 1.5
    "fragLifeMin" :0.5
    "despawnSound":"dullExplosion",
           "hitEffect": {
           "type": "ExplosionEffect",
           "lifetime": 10,
            "sizeTo": 4,
            "strokeFrom": 4,
            "smokeColor":"E8EB3D"
            "waveColor":"E8EB3D"
            "sparkColor":"E8EB3D"
            "waveRad":40
        },
           "despawnEffect": {
           "type": "ExplosionEffect",
           "lifetime": 10,
            "sizeTo": 4,
            "strokeFrom": 4,
            "smokeColor":"E8EB3D"
            "waveColor":"E8EB3D"
            "sparkColor":"E8EB3D"
            "waveRad":40
        },

"fragBullet": {
    "type":"LightningBulletType",
    "damage":50,
    "lightningLength":20,
    "collidesAir": true
    "lightningColor":"E8EB3DFF"
           "hitEffect": {
           "type": "WaveEffect",
           "lifetime": 10,
            "sizeTo": 4,
            "strokeFrom": 4,
            "colorFrom": "E8EB3DFF",
            "colorTo": "E8EB3D7E"
        },
            },
            },
				"阴影合金": {
		    "reloadMultiplier":1,
			"speed": 10,
			"damage": 180,
			"lifetime":50,
			"width": 16,
			"height": 23,
			"ammoMultiplier":6,
			"shootEffect": "shootBig" 	
            "pierce":true
            "pierceBuilding":true
        "backColor":"000000FF"
           "frontColor":"000000FF"
              "hitColor":"000000FF"
"trailLength": 5,
"trailWidth": 2,
"trailColor": "000000FF",
	    	"status":"黑暗",
	"statusDuration":60,	
	"hitEffect": {
            "type": "WaveEffect",
            "lifetime": 10,
            "sizeFrom": 1,
            "sizeTo": 20,
            "strokeFrom": 1,
            "strokeTo": 0,
            "colorFrom": "000000FF",
            "colorTo": "000000FF"
        },
	"despawnEffect":{
            "type": "WaveEffect",
            "lifetime": 10,
            "sizeFrom": 1,
            "sizeTo": 20,
            "strokeFrom": 6,
            "strokeTo": 0,
            "colorFrom": "000000FF",
            "colorTo": "000000FF"
        },


	},
				"闪耀合金": {
		    "reloadMultiplier":1,
			"speed": 10,
			"damage": 180,
			"lifetime":50,
			"width": 16,
			"height": 23,
			"ammoMultiplier":6,
			"shootEffect": "shootBig" 	
            "pierce":true
            "pierceBuilding":true
        "backColor":"FFFFFFFF"
           "frontColor":"FFFFFFFF"
              "hitColor":"FFFFFFFF"
"trailLength": 5,
"trailWidth": 2,
"trailColor": "FFFFFFFF",
	    	"status":"致盲",
	"statusDuration":60,	
	"hitEffect": {
            "type": "WaveEffect",
            "lifetime": 10,
            "sizeFrom": 1,
            "sizeTo": 20,
            "strokeFrom": 1,
            "strokeTo": 0,
            "colorFrom": "FFFFFFFF",
            "colorTo": "FFFFFFFF"
        },
	"despawnEffect":{
            "type": "WaveEffect",
            "lifetime": 10,
            "sizeFrom": 1,
            "sizeTo": 20,
            "strokeFrom": 6,
            "strokeTo": 0,
            "colorFrom": "FFFFFFFF",
            "colorTo": "FFFFFFFF"
        },


	},
				"错误物质": {
		    "reloadMultiplier":1.2,
			"speed": 10,
			"damage": 180,
			"lifetime":50,
			"width": 16,
			"height": 23,
			"ammoMultiplier":6,
			"shootEffect": "shootBig" 	
            "pierce":true
            "pierceBuilding":true
        "backColor":"FFFF00FF"
           "frontColor":"FF00FFFF"
              "hitColor":"FFFFFFFF"
"trailLength": 5,
"trailWidth": 2,
"trailColor": "00FFFFFF",
	    	"status":"数据紊乱",
	"statusDuration":20,	
	"hitEffect": {
            "type": "WaveEffect",
            "lifetime": 10,
            "sizeFrom": 1,
            "sizeTo": 20,
            "strokeFrom": 1,
            "strokeTo": 0,
            "colorFrom": "0F00F0FF",
            "colorTo": "0F000FFF"
        },
	"despawnEffect":{
            "type": "WaveEffect",
            "lifetime": 10,
            "sizeFrom": 1,
            "sizeTo": 20,
            "strokeFrom": 6,
            "strokeTo": 0,
            "colorFrom": "00FF00FF",
            "colorTo": "00F00FFF"
        },


	},

				"虚空水晶": {
		    "reloadMultiplier":1,
			"speed": 10,
			"damage": 180,
			"lifetime":50,
			"width": 16,
			"height": 23,
			"ammoMultiplier":6,
			"shootEffect": "shootBig" 	
            "pierce":true
            "pierceBuilding":true
        "backColor":"3A0040FF"
           "frontColor":"3A0040FF"
              "hitColor":"3A0040FF"
"trailLength": 5,
"trailWidth": 2,
"trailColor": "3A0040FF",
	    	"status":"能量流失2",
	"statusDuration":60,	
	"hitEffect": {
            "type": "WaveEffect",
            "lifetime": 10,
            "sizeFrom": 1,
            "sizeTo": 20,
            "strokeFrom": 1,
            "strokeTo": 0,
            "colorFrom": "3A0040FF",
            "colorTo": "3A0040FF"
        },
	"despawnEffect":{
            "type": "WaveEffect",
            "lifetime": 10,
            "sizeFrom": 1,
            "sizeTo": 20,
            "strokeFrom": 6,
            "strokeTo": 0,
            "colorFrom": "3A0040FF",
            "colorTo": "3A0040FF"
        },


	},

	},
	"requirements": [
	"titanium/200"
		"plastanium/305"
        "surge-alloy/245"
		"莫比乌斯合金/80"
		"阴影合金/280"
		"贤者之石/2"
	],
	"category": "turret",
	"research":"spectre"
	
}