{
    "type": "ItemTurret",
    "name": "风暴",
	"description": "更加强大，更加多样的魔灵\n二阶段两大最终炮塔之一\n[black]还有一个天谴"
"details":"当年换色气旋的名字到它身上了´_>`\n伪随机弹道(￣ー￣)",
    "category": "turret",
	"reload":6,
    "maxAmmo":300,	
    "requirements": [
	"titanium/1200"
		"plastanium/1025"
		"phase-fabric/965"
        "surge-alloy/805"
		"莫比乌斯合金/200"
		"阴影合金/500"
		"闪耀合金/500"
		"贤者之石/40"
		"物质/1"
    ],
"inaccuracy":3,//误差
"targetInterval":5,
"coolantMultiplier":0.2,
			"shoot":{
	"type":"ShootBarrel",
	"barrels":[
        2,0,4,
        6,2,34,
        3,0,27,
        -4,4,-45,
        -2,0,-4,
        -3,0,-27,
        4,4,45,
        -6,2,-34,
        6,3,19,
        -6,3,-19,
    ]	},
    

	"ammoTypes":{
    "phase-fabric":{
    "type": "FlakBulletType",
    "speed": 8.70,
    "sprite":"missile-large"
    "damage": 3,
    "shootEffect":"shootSmokeSquareBig",
    "smokeEffect":"shootSmokeDisperse",
    "hitEffect": "hitSquaresColor"
    "width": 12.00,
    "height": 22.00,
    "collidesGround":true
    "hitSize":7,
    "trailInterval":3,
    "trailRotation":true,
    "trailEffect":"colorSpark",
    "trailLength": 12,
"trailWidth": 3,
"trailColor": "d370d3",
"hitColor": "d370d3",
    "backColor":"#d370d3",
    "lightningColor":"d370d3",
    "frontColor":"#ffffff",
    "hitEffect":"hitBulletColor",
    "despawnEffect":"hitBulletColor",
"lightning" : 1,
"lightningCone" : 15,
"lightningLength" : 20,
"lightningLengthRand" : 30,
"lightningDamage" : 20,   
    
    "homingPower": 0.18,
    "homingRange":220,
    "homingDelay":19
    "splashDamageRadius": 8.00,
    "splashDamage": 10.00,
    "makeFire": true,
    "ammoMultiplier": 5.00,
    //    "status": "burning"

    "explodeRange" :160,
    "explodeDelay" : 0,
    "flakInterval" :20,
    "fragSpread": 0,//固定间隔        
"fragRandomSpread": 0,//随机范围            
"fragBullet": {
	       "type":"LaserBulletType"
"colors":["d370d3", "d370d3", "ffffffFF"]
    "width": 19.00,
    "damage": 100,



        "hitEffect":"hitLancer"
        "sideAngle" : 175,
        "sideWidth" : 1,
        "sideLength" : 40,
        "lifetime" : 22,
        "drawSize" : 400,
        "length" : 180,
	       
        }
        
        }
"surge-alloy":{
    "type": "FlakBulletType",
    "speed": 8.70,
    "sprite":"missile-large"
    "damage": 3,
    "shootEffect":"shootSmokeSquareBig",
    "smokeEffect":"shootSmokeDisperse",
    "hitEffect": "hitSquaresColor"
    "width": 12.00,
    "height": 22.00,
    "collidesGround":true
    "hitSize":7,
    "trailInterval":3,
    "trailRotation":true,
    "trailEffect":"colorSpark",
    "trailLength": 12,
"trailWidth": 3,
"trailColor": "f3e979",
"hitColor": "f3e979",
    "backColor":"#f3e979",
    "lightningColor":"f3e979",
    "frontColor":"#ffffff",
    "hitEffect":"hitBulletColor",
    "despawnEffect":"hitBulletColor",
"lightning" : 4,
"lightningCone" : 20,
"lightningLength" : 30,
"lightningLengthRand" : 20,
"lightningDamage" : 40,   
    
    "homingPower": 0.18,
    "homingRange":220,
    "homingDelay":19
    "splashDamageRadius": 8.00,
    "splashDamage": 10.00,
    "makeFire": true,
    "ammoMultiplier": 5.00,
    //    "status": "burning"

    "explodeRange" :160,
    "explodeDelay" : 0,
    "flakInterval" :20,
        
        }

    "莫比乌斯燃料":{
    "type": "FlakBulletType",
    "speed": 8.70,
    "sprite":"missile-large"
    "damage": 3,
    "shootEffect":"shootSmokeSquareBig",
    "smokeEffect":"shootSmokeDisperse",
    "hitEffect": "hitSquaresColor"
    "width": 12.00,
    "height": 22.00,
    "collidesGround":true
    "hitSize":7,
    "trailInterval":3,
    "trailRotation":true,
    "trailEffect":"colorSpark",
    "trailLength": 12,
"trailWidth": 3,
"trailColor": "D93434FF",
"hitColor": "D93434FF",
    "backColor":"#D93434FF",
    "lightningColor":"D93434FF",
    "frontColor":"#F74040FF",
    "hitEffect":"hitBulletColor",
    "despawnEffect":"hitBulletColor",
    
    "homingPower": 0.18,
    "homingRange":220,
    "homingDelay":19
    "splashDamageRadius": 8.00,
    "splashDamage": 10.00,
    "makeFire": true,
    "ammoMultiplier": 5.00,
    "explodeRange" :160,
    "explodeDelay" : 0,
    "flakInterval" :20,
    "fragBullets": 1,
    "fragSpread": 0,//固定间隔        
"fragRandomSpread": 0,//随机范围
"fragAngle": 0,//分裂基准
            "fragVelocityMax": 1.5,//最大速度倍率
            "fragVelocityMin": 1,//最小速度倍率
"fragBullet": {
"reloadMultiplier":1,
			"speed": 14,
			"damage": 90,
			"lifetime":30,
			"width": 16,
			"height": 26,
			"ammoMultiplier":8,
"sprite":"莫比乌斯科技-火球"
"shootSound":"flame",
"hitEffect": "hitFlameSmall"
"hitSize":18
        "backColor":"D93434FF"
           "frontColor":"F74040FF"
              "hitColor":"D93434FF"
              "splashDamageRadius":20,
	        "splashDamage":60,	
            "pierce":true
            "pierceBuilding":true
	    	"status":"永燃",	       
"trailInterval":3,
    "trailRotation":true,
    "trailEffect":"colorSpark",
    "trailLength": 12,
"trailWidth": 3,
"trailColor": "D93434FF",
        }
        
        }
"莫比乌斯合金":{
    "type": "FlakBulletType",
    "speed": 8.70,
    "sprite":"missile-large"
    "damage": 3,
    "shootEffect":"shootSmokeSquareBig",
    "smokeEffect":"shootSmokeDisperse",
    "hitEffect": "hitSquaresColor"
    "width": 12.00,
    "height": 22.00,
    "collidesGround":true
    "hitSize":7,
    "trailInterval":3,
    "trailRotation":true,
    "trailEffect":"colorSpark",
    "trailLength": 12,
"trailWidth": 3,
"trailColor": "E8EB3DFF",
"hitColor": "E8EB3DFF",
    "backColor":"#E8EB3DFF",
    "lightningColor":"E8EB3DFF",
    "frontColor":"#E8EB3DFF",
    "hitEffect":"hitBulletColor",
    "despawnEffect":"hitBulletColor",
"lightning" : 12,
"lightningCone" : 20,
"lightningLength" : 60,
"lightningLengthRand" : 40,
"lightningDamage" : 120,   
    "fragSpread": 10,//固定间隔        
"fragRandomSpread": 30,//随机范围
"fragAngle": 0,//分裂基准

    "homingPower": 0.18,
    "homingRange":220,
    "homingDelay":19
    "splashDamageRadius": 8.00,
    "splashDamage": 10.00,
    "makeFire": true,
    "ammoMultiplier": 5.00,
    "explodeRange" :160,
    "explodeDelay" : 0,
            },
            
    "阴影合金":{
    "type": "FlakBulletType",
    "speed": 8.70,
    "sprite":"missile-large"
    "damage": 3,
    "shootEffect":"shootSmokeSquareBig",
    "smokeEffect":"shootSmokeDisperse",
    "hitEffect": "hitSquaresColor"
    "width": 12.00,
    "height": 22.00,
    "collidesGround":true
    "hitSize":7,
    "trailInterval":3,
    "trailRotation":true,
    "trailEffect":"colorSpark",
    "trailLength": 12,
"trailWidth": 3,
"trailColor": "242424FF",
"hitColor": "242424FF",
    "backColor":"#242424FF",
    "lightningColor":"242424FF",
    "frontColor":"#000000ff",
    "hitEffect":"hitBulletColor",
    "despawnEffect":"hitBulletColor",
"lightning" : 1,
"lightningCone" : 20,
"lightningLength" : 40,
"lightningLengthRand" : 60,
"lightningDamage" : 40,   
    
    "homingPower": 0.18,
    "homingRange":220,
    "homingDelay":19
    "splashDamageRadius": 8.00,
    "splashDamage": 10.00,
    "makeFire": true,
    "ammoMultiplier": 5.00,
    "explodeRange" :160,
    "explodeDelay" : 0,
    "flakInterval" :20,
    "fragBullets": 1,
    "fragSpread": 0,//固定间隔        
"fragRandomSpread": 0,//随机范围
"fragAngle": 0,//分裂基准
"fragBullet": {
	       "type":"LaserBulletType"
//  "colors":["ffffff", "ffffff", "FFFFFFFF"]
	"colors":["242424FF", "242424FF", "000000FF"]
    "width": 19.00,
    "damage": 200,
"status":"黑暗",
	"statusDuration":60,


        "hitEffect":"hitLancer"
        "sideAngle" : 175,
        "sideWidth" : 1,
        "sideLength" : 40,
        "lifetime" : 22,
        "drawSize" : 400,
        "length" : 280,
	       
        }
        
        }
"闪耀合金":{
    "type": "FlakBulletType",
    "speed": 8.70,
    "sprite":"missile-large"
    "damage": 3,
    "shootEffect":"shootSmokeSquareBig",
    "smokeEffect":"shootSmokeDisperse",
    "hitEffect": "hitSquaresColor"
    "width": 12.00,
    "height": 22.00,
    "collidesGround":true
    "hitSize":7,
    "trailInterval":3,
    "trailRotation":true,
    "trailEffect":"colorSpark",
    "trailLength": 12,
"trailWidth": 3,
"trailColor": "FFFFFF9A",
"hitColor": "FFFFFF9A",
    "backColor":"#FFFFFF9A",
    "lightningColor":"FFFFFF9A",
    "frontColor":"#ffffff",
    "hitEffect":"hitBulletColor",
    "despawnEffect":"hitBulletColor",
"lightning" : 1,
"lightningCone" : 20,
"lightningLength" : 40,
"lightningLengthRand" : 60,
"lightningDamage" : 40,   
    
    "homingPower": 0.18,
    "homingRange":220,
    "homingDelay":19
    "splashDamageRadius": 8.00,
    "splashDamage": 10.00,
    "makeFire": true,
    "ammoMultiplier": 5.00,
    "explodeRange" :160,
    "explodeDelay" : 0,
    "flakInterval" :20,
    "fragBullets": 1,
    "fragSpread": 0,//固定间隔        
"fragRandomSpread": 0,//随机范围
"fragAngle": 0,//分裂基准
"fragBullet": {
	       "type":"LaserBulletType"
    "colors":["ffffff", "ffffff", "FFFFFFFF"]
    "width": 19.00,
    "damage": 200,
"status":"致盲",
	"statusDuration":60,


        "hitEffect":"hitLancer"
        "sideAngle" : 175,
        "sideWidth" : 1,
        "sideLength" : 40,
        "lifetime" : 22,
        "drawSize" : 400,
        "length" : 280,
        }
        
        }
    "错误物质":{
    "type": "FlakBulletType",
    "speed": 8.70,
    "sprite":"missile-large"
    "damage": 3,
    "shootEffect":"shootSmokeSquareBig",
    "smokeEffect":"shootSmokeDisperse",
    "hitEffect": "hitSquaresColor"
    "width": 12.00,
    "height": 22.00,
    "collidesGround":true
    "hitSize":7,
    "trailInterval":3,
    "trailRotation":true,
    "trailEffect":"colorSpark",
    "trailLength": 12,
"trailWidth": 3,
"trailColor": "00FFFF",
"hitColor": "FFFF00",
    "backColor":"#FF00FF",
    "lightningColor":"F0000F",
    "frontColor":"#0000ff",
    "hitEffect":"hitBulletColor",
    "despawnEffect":"hitBulletColor",
"lightning" : 5,
"lightningCone" : 20,
"lightningLength" : 40,
"lightningLengthRand" : 60,
"lightningDamage" : 40,   
    
    "homingPower": 0.18,
    "homingRange":220,
    "homingDelay":19
    "splashDamageRadius": 8.00,
    "splashDamage": 10.00,
    "makeFire": true,
    "ammoMultiplier": 5.00,
    "explodeRange" :160,
    "explodeDelay" : 0,
    "flakInterval" :20,
    "fragBullets": 1,
    "fragSpread": 0,//固定间隔        
"fragRandomSpread": 0,//随机范围
"fragAngle": 0,//分裂基准
            "fragBullet": {
	       "type":"ShrapnelBulletType"
     "damage": 420
      "length":240
	 "reloadMultiplier":1.2
	 "fromColor":"CB8EBFFF"
            "toColor": "000000",
        "status":"数据紊乱",
	    "statusDuration":20,
	       
        }
        
        }
"虚空水晶":{
    "type": "FlakBulletType",
    "speed": 8.70,
    "sprite":"missile-large"
    "damage": 3,
    "shootEffect":"shootSmokeSquareBig",
    "smokeEffect":"shootSmokeDisperse",
    "hitEffect": "hitSquaresColor"
    "width": 12.00,
    "height": 22.00,
    "collidesGround":true
    "hitSize":7,
    "trailInterval":3,
    "trailRotation":true,
    "trailEffect":"colorSpark",
    "trailLength": 12,
"trailWidth": 3,
"trailColor": "3A00409A",
"hitColor": "3A00409A",
    "backColor":"#3A00409A",
    "lightningColor":"3A00409A",
    "frontColor":"#3A0040",
    "hitEffect":"hitBulletColor",
    "despawnEffect":"hitBulletColor",
"lightning" : 1,
"lightningCone" : 20,
"lightningLength" : 40,
"lightningLengthRand" : 60,
"lightningDamage" : 40,   
    
    "homingPower": 0.18,
    "homingRange":220,
    "homingDelay":19
    "splashDamageRadius": 8.00,
    "splashDamage": 10.00,
    "makeFire": true,
    "ammoMultiplier": 5.00,
    "explodeRange" :160,
    "explodeDelay" : 0,
    "flakInterval" :20,
    "fragBullets": 1,
    "fragSpread": 0,//固定间隔        
"fragRandomSpread": 0,//随机范围
"fragAngle": 0,//分裂基准
"fragBullet": {
	       "type":"LaserBulletType"
    "colors":["3A0040", "3A0040", "3A0040FF"]
    "width": 19.00,
    "damage": 230,
"status":"能量流失2",
	"statusDuration":60,


        "hitEffect":"hitLancer"
        "sideAngle" : 175,
        "sideWidth" : 1,
        "sideLength" : 40,
        "lifetime" : 22,
        "drawSize" : 400,
        "length" : 280,
        }

}

        }

        
        
    "consumes": {
    },
    "warmupMaintainTime":60,
    "shootSound":"malignShoot",
    "loopSound":"spellLoop",
    "loopSoundVolume":1.3,
    "shootWarmupSpeed":0.06,
    "minWarmup":0.96,
    "shootCone": 100.00,
    "rotateSpeed": 2.00,
    "targetGround":true,
    "targetAir": true,
    "range": 400.00,
    "recoliAmount": 1.00,
    "size": 5,
    "health": 870
    "recoil": 0.5,
    "research": "厉鬼"
    "shootY":20,
"drawer": {
    "type": "DrawMulti",
    "drawers": [
        {
            "type": "DrawTurret",
            "parts": [
{
	"type": "ShapePart",
	"progress": {
	"type": "warmup",
	"op": "delay",
	"amount": 0.9	},
	"color": "FF0044FF",
	"circle": true,
	"hollow": true,
    "rotateSpeed":3.5,
    "stroke" : 0,
    "strokeTo" : 1.6,
    "radius" : 11,
		"layer": 110,

	"y":25,
	},
{
	"type": "ShapePart",
	"progress": {
	"type": "warmup",
	"op": "delay",
	"amount": 0.9	},
	"color": "F77622FF",
//	"circle": true,
    "sides":4,
	"hollow": true,
    "rotateSpeed":-3.5,
    "stroke" : 0,
    "strokeTo" : 1.6,
    "radius" : 10,
		"layer": 110,

	"y":25,
	},
{
	"type": "ShapePart",
	"progress": {
	"type": "warmup",
	"op": "delay",
	"amount": 0.9	},
	"color": "FEE761FF",
//	"circle": true,
    "sides":4,
	"hollow": true,
    "rotateSpeed":-2,
    "stroke" : 0,
    "strokeTo" : 1.6,
    "radius" : 3,
		"layer": 110,

	"y":25,
	},
{
	"type": "HaloPart",
	"progress": {
	"type": "warmup",
	"op": "delay",
	"amount": 0.9	},
	"y": 25,
	"sides": 3,
	"shapes": 3,
	"color": "FF0044FF",
	"tri": true,
    "shapeRotation":180,
	"radius": 0,
	"radiusTo": 6,
	"triLength": 0,
	"triLengthTo": 5,
	"haloRadius": 11,
	"haloRotation": 180,
	"haloRotateSpeed": 0.75,
	"layer": 110
	},
	    {"type":"RegionPart",
	"progress": {
	"type": "warmup",
	"op": "delay",
	"amount": 0.6	},
	"heatProgress": "warmup"
//    "mirror":true,
    "outline":false
    "under":true
    "suffix":"-spine",
    "mirror":true,
    "moveX":13,
    "moveY":9,
    "moveRot":50,
    "layerOffset":-0.3,
    "turretHeatLayer":49.9,
    "heatColor":"954B9C86"
    "moves":[{
        "progress": "recoil",
        "op": "delay",
	    "amount": 0.6
        "x": 1,
        "rot":3
        }]
                        },
	    {"type":"RegionPart",
	"progress": {
	"type": "warmup",
	"op": "delay",
	"amount": 0.4	},
	"heatProgress": "warmup"
//    "mirror":true,
    "outline":false
    "under":true
    "suffix":"-spine",
    "mirror":true,
    "moveX":9,
    "moveY":9,
    "moveRot":-10,
    "layerOffset":-0.3,
    "turretHeatLayer":49.9,
    "heatColor":"954B9C86"
    "moves":[{
        "progress": "recoil",
        "op": "delay",
	    "amount": 0.4
        "x": 1,
        "rot":3
        }]
                        },
	    {"type":"RegionPart",
    "progress":"warmup"
    "heatProgress":"warmup"
//    "mirror":true,
    "suffix":"-mouth",
    "moveX":0,
    "moveY":-8,
    "heatColor":"FF0044"
                        },
    {"type":"RegionPart",
    "progress":"warmup"
    "heatProgress":"warmup"
//    "mirror":true,
    "suffix":"-end",
    "moveX":0,
    "moveY":-0,
    },
    {"type":"RegionPart",
    "progress":"warmup"
    "heatProgress":"warmup"
    "mirror":true,
//    "x":8,"y":-8,
    "suffix":"-front",
//    "layer":50,
    "moveX":10,
    "moveY":-4,
    "moveRot":33,
    "heatColor":"F77823"
    },
    {"type":"RegionPart",
    "progress":"warmup"
    "heatProgress":"warmup"
    "mirror":true,
//    "x":8,"y":-8,
    "suffix":"-back",
//    "layer":50,
    "moveX":2,
    "moveY":5,
    "moveRot":10,
    "heatColor":"64C74E86"
    },
    {"type":"RegionPart",
    "heatProgress":"recoil"
//    "mirror":true,
//    "x":8,"y":-8,
    "suffix":"-mid",
//    "layer":50,
//    "moveX":2,
    "moveY":-9.5,
//    "moveRot":10,
    "heatColor":"FEE76186"
    },
{
	"type": "ShapePart",
	"progress": "warmup",
	"color": "2CE8F5FF",
	"circle": true,
	"hollow": true,
    "rotateSpeed":3.5,
    "stroke" : 0,
    "strokeTo" : 2,
    "radius" : 10,
		"layer": 110,

	"y":-15,
	},
{
	"type": "ShapePart",
	"progress": "warmup",
	"color": "63C74DFF",
//	"circle": true,
    "sides":3,
	"hollow": true,
//    "rotateSpeed":-3.5,
    "rotation":90,
    "stroke" : 0,
    "strokeTo" : 1.6,
    "radius" : 4,
		"layer": 110,

	"y":-15,
	},
{
	"type": "HaloPart",
	"progress": "warmup"
	"y": -15,
	"sides": 3,
	"shapes": 3,
	"color": "2CE8F5FF",
//	"tri": true,
	"hollow":true
//	"rotation":90,
//    "shapeRotation":180,
	"radius": 3,
	"stroke":0,
	"strokeTo":2,
//	"triLength": 0,
//	"triLengthTo": 5,
	"haloRadius": 11.5,
	"haloRotateSpeed": 1.5,
	"layer": 110
	},
{
	"type": "HaloPart",
	"progress":"warmup"
	"y": -15,
	"sides": 3,
	"shapes": 3,
	"color": "0099DBFF",
	"tri": true,
//    "shapeRotation":180,
    "shapeRotation":180,
	"radius":6,
	"stroke":0,
	"strokeTo":2,
	"triLength": 0,
	"triLengthTo": 10,
	"haloRadius": 16,
	"haloRotation": 60,
	"haloRotateSpeed": -1.5,
	"layer": 110
	},
{
	"type": "HaloPart",
	"progress":"warmup"
	"y": -15,
	"sides": 3,
	"shapes": 3,
	"color": "0099DBFF",
	"tri": true,
	"radius":6,
	"stroke":0,
	"strokeTo":2,
	"triLength": 0,
	"triLengthTo": 4,
	"haloRadius": 16,
	"haloRotation": 180,
	"haloRotateSpeed": -1.5,
	"layer": 110
	},
{
	"type": "HaloPart",
	"progress":"warmup"
	"y": -15,
	"sides": 3,
	"shapes": 3,
	"color": "954B9CFF",
	"tri": true,
//    "shapeRotation":180,
	"radius":6,
	"stroke":0,
	"strokeTo":2,
	"triLength": 0,
	"triLengthTo": 10,
	"haloRadius": 16,
	"haloRotation": 180,
//	"haloRotateSpeed": 0.75,
	"layer": 110
	},
{
	"type": "HaloPart",
	"progress":"warmup"
	"y": -15,
	"sides": 3,
	"shapes": 3,
	"color": "954B9CFF",
	"tri": true,
    "shapeRotation":180,
	"radius":6,
	"stroke":0,
	"strokeTo":2,
	"triLength": 0,
	"triLengthTo": 3,
	"haloRadius": 16,
	"haloRotation": 60,
//	"haloRotateSpeed": 0.75,
	"layer": 110
	},
    ]}
    ]}
}