{
    "name":"爱国者"
    "description":"爱国者-博卓卡斯替,最后的纯血温迪戈,长眠于切尔诺伯格——战士应当视死如归"
	"damageMultiplier":2
	//攻击力倍率（数值越大，攻击力越高）
	"healthMultiplier":6.5
	//血量倍率（数值越大，血量最大上限越高）
	"speedMultiplier":0.6
	//速度倍率（数值越大，移动越快）
	"reloadMultiplier":1.2
	//射速倍率（数值越大，射速越快）
	"damage":-10
	//每1/60秒扣血速度（负数为回血）
	"permanent":ture
	//如果为ture
	//这个状态永远存在于此单位身上，除非单位死亡
	//如果为false 则没有永远存在的效果
	"reactive":false
	//如果为true，则此效果将仅与其他效果反应无法应用
	"color":"D10006"
	//状态颜色
	"effect": {
	    "type":"ParticleEffect"
	    "particles":1
	    "length":0
	    "lifetime":38
	    "sizeFrom":1
	    "sizeTo":3
	    "colorFrom":"D10006"
	    "colorTo":"740003"
	}
	//效果
	"effectChance":0.2
	//效果数量（数值越大,效果越多越密集）
}