{
	"type": "flying",
	"name": "欧米茄",
	"mass": 24,
	"description": "因为版本原因所以将欧米茄作为暴雨的衍生物当然也会进行部分削弱",
	"speed": 2.6,
	"accel":0.08,"drag":0.03,
	"rotateSpeed":8,
	"ammoType":"thorium",
	"ammoCapacity": 300,
    "ammoResupplyAmount":10,
	"hitSize":26, 
	"buildSpeed":10,
    "mineSpeed": 10,
    "mineTier": 6,
	"flying": true,
	"turnCursor":true,
	"health": 3660,
	"armor":8,
    "commandLimit": 6,
	"engineOffset": 11,
	"engineSize": 4, 
	"itemCapacity": 80,
	"research": "空2",
	"weapons":[
	{"name":"幽",
	 "x":-7.5,"y":10,
	 "reload":6,
	 "recoil":1,
	 "top":false,
	 "rotate": false,
	 "shootSound":"shootBig",
	"bullet":{
	"damage":45,	 
	"splashDamageRadius":10,
	"splashDamage":16,
"buildingDamageMultiplier":1,
    "hitEffect":"flakExplosion",
    "despawnEffect":"flakExplosion",
	"width": 10,	"height": 13,
	"speed": 9,	"lifetime": 35	} 	},
{"name":"导",
	"x":0,"y":0,
    "mirror":false,
	"reload":100,
	"shots":30,    "shotDelay":3,
	"shootCone":100,
	"shootSound":"missile",
	"rotate": false,
	"rotateSpeed":0,
	"inaccuracy":30,
	"bullet":{
	"type":"MissileBulletType",
	"damage": 55,
	"splashDamageRadius":30,
	"splashDamage":55,
"buildingDamageMultiplier":2,
	"homingRange": 60,
	"homingPower": 0.4,
"hitEffect":"flakExplosionBig",
"despawnEffect":"flakExplosionBig",
    "sprite":"太阳系模组-折戟",  
    "trailLength":6,
	"trailWidth":1,
	"trailEffect":"none",
	"trailColor":"FFFFFF",
    "backColor":"FF5B5BFF",
    "frontColor":"E3E3E3", 
    "drag":-0.01,
    "width": 6,	"height": 35,
	"speed": 6,	"lifetime": 48 }}
	]
}
