{
	"type": "Reconstructor",
	"name": "空迥级单位重构工厂",
	"description": "生产空迥级德鲁格单位",
    "health":1980,
	"size":7,
	"constructTime": 3600,
	"consumes":{
	"power":36.0
	"items": {
	    "items": [
				{ "item": "silicon", "amount": 980 },
				{ "item": "记忆合金", "amount": 450 },
				{ "item": "钛合金", "amount": 580 },
				{ "item": "人造金刚石", "amount": 620 },
],
},
		"liquid": {
			"liquid": "cryofluid",
			"amount": 2,
		}
},
	"upgrades":[
        ["流岚","霏烟"]
    ],
	"requirements": [
		{ "item": "phase-fabric", "amount": 340 },
		{ "item": "钛合金", "amount": 820 },
		{ "item": "silicon", "amount": 1400 },
		{ "item": "surge-alloy", "amount": 1080 }
		{ "item": "人造金刚石", "amount": 960 },
	],
	"category":"units",
	"research":"辰星级德鲁格单位重构工厂"
}