{
"type": "UnitFactory",
"name": "重启级单位构建工厂",
"health": 580,
"size": 3,
"consumes": {
"power": 6.0,
},
"plans":[
{ "unit": "宿雾", "time": 800, "requirements": [ 
{ "item": "铁", "amount": 15 },
{ "item": "silicon", "amount": 30 },
]
},
{ "unit": "银粟", "time": 540, "requirements": [ 
{ "item": "铁", "amount": 20 },
{ "item": "blast-compound", "amount": 10 },
]
},
{ "unit": "重型德鲁格采矿无人机", "time": 1200, "requirements": [ 
{ "item": "钛合金", "amount": 5 },
{ "item": "silicon", "amount": 30 },
{ "item": "thorium", "amount": 15}
]
},
],
"requirements": [
{ "item": "铁", "amount": 60 },
{ "item": "silicon", "amount": 60 },
{ "item": "copper", "amount": 150 }
],
"category": "units",
"research": "铁"
}