{
	"name": "氧气固化机",
	"description": "形态转化固态", 
	"itemCapacity":50,
	"liquidCapacity":250,
	"outputItem":
		{"item":"O2","amount":1},
	"size":2,
	"health":1000,
	"hasPower": true,
	"hasLiquids": true,
	"hasItems": true,
	"craftTime":20,
	"consumes": {
		"power":5.0,
		"liquid":{"liquid":"O2y","amount":0.05}
	},
	"requirements": [
		{"item":"Mg","amount":500},
		{"item":"Al","amount":900},
		{"item":"普通科技点","amount":240}
	],
	"category": "crafting",		
	"research":{
	"parent":"O2-Plant",
    "requirements":[
		{"item":"Mg","amount":5000},
		{"item":"Al","amount":9000}
	]}
}