{
	"type":"GenericCrafter",
	"name":"大型硅冶炼厂",
	"description":"增强硅厂",
	"size":3,
	"drawer":{
        "type":"DrawMulti",
        "drawers":[
            "DrawDefault",
            "DrawFlame"
            ]
    },
	"outputItem":
		{"item":"silicon","amount":3},
	"consumes":{
		"power":3.0,
		"items":{
			"items":[
				{"item":"sand","amount":3}
				]
			}
		},
	"requirements":[
		{"item":"copper","amount":750},
		{"item":"lead","amount":500},
		{"item":"titanium","amount":200},
		{"item":"silicon","amount":150}
		],
	"craftTime":60,
	"health":900,
	"itemCapacity":50,
	
	"flameColor":"ffff77",
	"research":"太阳能硅厂",
	"category":"crafting"
}