{
    "type": "GenericCrafter",
    "name": "大型冰冻液混合器",
    "description": "把固态能量和冷冻液混合就会得到冰冻液",
    "outputLiquid": "冰冻液/8",
    "itemCapacity": 20,
    "iliquidCapacity": 42,
    "size": 3,
    "hasLiquids": true,
    "hasItems": true,
    "craftTime": 60,
    "consumes": {
        "liquid": "cryofluid/0.75",
        "items":{
            "items":[
                "压缩固态能量/1"
            ]
        }
    },
    "requirements": [
        "surge-alloy/150",
        "phase-fabric/150",
        "silicon/300"
    ],
    "category": "crafting",
    "research": "冰冻液混合器",
    "drawer":{
        "type":"DrawMulti",
        "drawers":[
            {
                "type":"DrawRegion",
                "suffix":"-bottom"
            },
            "DrawDefault",
            {
                "type":"DrawLiquidRegion",
                "drawLiquid":"冰冻液"
            }
        ]
    }
}