{
	"type": "GenericCrafter",
	"name": "气凝机",
	"description": "<简介征集>",
	"outputItem": {
	"item": "气钢", "amount": 1
	},
	"itemCapacity": 10,
	"size": 2,
	"hasPower": true,
	"hasItems": true,
	"craftTime": 120,
	"updateEffect":"none"
	"craftEffect": {
	 "type":"ParticleEffect"
	 "lifetime":180
	 "colorFrom":"ffffff99"
	 "colorTo":"ffffff99"
	 "particles":3
	 "cone":360
	 "baseLength":40
	 "length":-40
	 "sizeFrom":2
	 "sizeTo":1.5
	}
	"consumes": {
	"power":10
	},
	"requirements": [
		{ "item": "lead", "amount": 120 },
		{ "item": "graphite", "amount": 80 },
		{ "item": "titanium", "amount": 40 },
		{ "item": "silicon", "amount":50}
		],
	"category": "crafting",
	"research": "blast-mixer",
	"idleSound": "respawning",
	"idleSoundVolume": 0.5
}