{
	"type": "GenericCrafter",
	"name": "纳米合金压缩仪",
	"description": "使用巨浪合金,压缩固态能量等一系列昂贵材料制作纳米合金",
	"health":550,
	"itemCapacity":50,
	"drawer":{
        "type":"DrawMulti",
        "drawers":[
            "DrawDefault",
            "DrawFlame"
            ]
    },
	"outputItem": {"item": "纳米合金","amount":1 },
	"size":4,
	"hasPower": false,
	"hasItems": true,
	"craftTime":120,//60:1
	"updateEffect": "smeltsmoke",
	"consumes": {
		"items": {
			"items": [
			{ "item": "surge-alloy", "amount":10 }
			{ "item": "plastanium", "amount":10 }
			{ "item": "thorium", "amount":15 }
			{ "item": "phase-fabric","amount":20 }
			{ "item": "silicon","amount":20 }
			{ "item": "压缩固态能量","amount":5 }
			]
		}
	},
	"requirements": [
		{ "item": "surge-alloy", "amount":150 },
		{ "item": "plastanium", "amount":150 },
		{ "item": "silicon", "amount":200 }
	],
	"category": "crafting",
	"research": "alloy-smelter",
	"idleSound": "respawning",
	"idleSoundVolume": 3
}
