{
	"type":"GenericCrafter",
	"name":"能量稳定器",
	"description":"将固态能量里的能量稳定，以便于发射发电和使用",
	"size":2,
	"updateEffect": "smeltsmoke",
	"drawer":{
        "type":"DrawMulti",
        "drawers":[
            "DrawDefault",
            "DrawFlame"
            ]
    },
	"outputItem":
		{"item":"稳定固态能量","amount":1},
	"consumes": {
    	"power": 1 ,
		"items": {
			"items": [
				{ "item": "固态能量", "amount":1 }
			]
		}
	},
	"requirements":[
		{"item": "silicon", "amount":200},
		{"item": "phase-fabric", "amount":10},
		{"item": "titanium", "amount":100}
		],
	"craftTime":60,
	"health":200,
	"itemCapacity":20,
	"research":"固态能量压缩器",
	"category":"crafting"
}