{
	"type": "GenericCrafter",
	"name": "锎晶压缩仪",
	"description": "使用巨浪合金,能量结晶等一系列昂贵材料制作锎晶",
	"health":1100,
	"itemCapacity":600,
	"outputItem": {"item": "锎晶","amount":1 },
	"size":5,
	"hasPower": false,
	"hasItems": true,
	"craftTime":360,//60:1
	"updateEffect": "none",
	"consumes": {
		"items": {
			"items": [
	{ "item": "surge-alloy", "amount":100 }
	{ "item": "plastanium", "amount":100 }
	{ "item": "silicon","amount":200 }
	{ "item": "能量结晶","amount":100 }
	{ "item": "纳米合金","amount":50 }
	{ "item": "气钢","amount":50 }
	{ "item": "零点晶体","amount":50}
	{ "item": "解方体","amount":50}
			]
		}
	},
	"requirements": [
		{ "item": "surge-alloy", "amount":300 },
		{ "item": "plastanium", "amount":150 },
		{ "item": "silicon", "amount":400 }
		{ "item": "纳米合金", "amount":100}
	],
	"category": "crafting",
	"research": "纳米合金压缩仪",
	"idleSound": "respawning",
	"idleSoundVolume": 3
}
