{
	"type": "GenericCrafter",
	"name": "零点结晶器",
	"description": "<简介征集>",
	"outputItem": {
	"item": "零点晶体", "amount": 1
	},
	"itemCapacity": 10,
	"liquidCapacity": 30,
	"size": 2,
	"hasPower": true,
	"hasLiquids": true,
	"hasItems": true,
	"craftTime": 45,
	"updateEffect": "none",
	"consumes": {
	"power":2,
		"liquid":{
			"liquid":"冰冻液",
			"amount":0.2
			"booster":false
		},
	},
	"requirements": [
		{ "item": "lead", "amount": 120 },
		{ "item": "titanium", "amount": 40 },
		{ "item": "silicon", "amount":50}
		],
	"category": "crafting",
	"research": "冰冻液混合器",
	"idleSound": "respawning",
	"idleSoundVolume": 0.5
}