{
    "type": "UnitFactory",
    "name": "重型海军制造厂",
    "category": "units",
    "requirements": [
        "化钢/200",
        "火石矿/125"
        "silicon/200"
       	"metaglass/450"
    ],
    "health" :1000,
    "plans": [
        {
            "unit": "浅藻",
            "time": 520.00,
            "requirements": [
            "化钢/15",
            "火石矿/50"
            "silicon/20"
            "metaglass/40"
            ]
        },
    ],
    "size": 3,
    "consumes": {
        "power": 3.5,
    }
    "category": "units",
    "research": {
    "parent": "克隆尖刀制造厂",
    "objectives": [
        {
            "type": "SectorComplete",
            "preset": "海上群岛"
        }
    ]
},
}