{
	"name": "小超",
	"description": "小加速器",
	"type": "OverdriveProjector"
	"health":720,
	"size": 1,
	"range": 700,
	"itemCapacity":10,
	"phaseUseTime":36000,
	"reload":60,
	"speedBoost":31.0000
	"consumes": {
		"power": 3.5
        "items":{
			"items":[
				{"item":"silicon","amount":6}
			]
			"booster":true
			"optional": true
		}
	},
	"requirements": [
	            "copper/50000",
	            "silicon/50000",
	],
	"category": "effect",
	"buildCostMultiplier":0.1,
    "research": 
    {"parent":"overdrive-dome"
    "requirements": [
                "copper/350000",
                "silicon/500000",
    ]   
    }
}