{
"type": "ThermalGenerator",
"name": "重型冷凝器",
"description": "更高效地发电",
"size": 3,
"attribute":"steam",
"displayEfficiencyScale":0.1,
"displayEfficiency":false,
"generateEffect":"turbinegenerate",
"effectChance":0.1,
"ambientSound":"hum",
"ambientSoundVolume":0.06,
"spinners":true,
"hasLiquids":true,
"outputLiquid": {"liquid": "water","amount":0.025 },
"liquidCapacity":80,
"fogRadius":0.8,
"health": 500,
"powerProduction": 1.2,
"consumes": {
    
},
"requirements": [
            {"item": "beryllium","amount": 150},
            {"item": "silicon","amount": 50},
                ],
                "category": "power",
                "research":"turbine-condenser",
}