{

//copper 铜 lead 铅 coal 煤 spore-pod 孢子荚
//graphite 石墨 silicon 硅 titanium 钛 thorium 钍
//plastanium 塑钢 surge-alloy 巨浪合金 phase-fabric 相织布
//pyratite 硫 blast-compound 爆炸混合物 metaglass 钢化玻璃

	//"type":"GenericCrafter",
	//GenericSmelter已经删除，需要加-top贴图的需要以下结构:
	"drawer":{
		"type":"DrawMulti",
		"drawers":[
			{
				"type":"DrawDefault"
			},
			{
				"type":"DrawFlame",
				//这个type允许使用-top贴图
				//并且会有火焰特效
			},
		]
	}
	"name":"凝胶提取器",
	"outputItem":"凝胶/1",
	//"outputLiquid":"污水/0.027",
	"itemCapacity":10,
	//"liquidCapacity":120,
	"health":320,
	"craftTime":70,
	//生产时间
	"description":"从植物中提取凝胶"
	"size":2,
	"armor":2,
	"updateEffect":"none"
	"craftEffect":{
	    "type":"MultiEffect"
	    "effects":[
	        {
	            "type":"WaveEffect"
		        "lifetime":60
		        "sizeFrom":0
		        "sizeTo":2
		        "colorFrom":"B7E092FF"
		        "colorTo":"A3D359FF"
            },
            {
                            "type": "ParticleEffect",
                            "particles": 10,
                            "length": 30,
                            "lifetime":60,
                            "sizeFrom":1,
                            "sizeTo":1,
                            "colorFrom": "B7E092FF",
                            "colorTo": "A3D359FF"
	        }
                        ]
            }
	"consumes":{
		"items":{
			"items":[
				"植物/1"
			]
		},
	}
	"requirements":[
		"锆/80",
		"钙/120",
	]
	"research": {
	"parent": "一级基站"//科技树前置
	"requirements": [//研究花费
	"锆/500",
	"钙/500"
	]	 },
	//科技树中位于合金工厂的后面
	//加工特效，目前为石墨的特效
	"category":"crafting"
	//在建筑菜单中位于工厂子页面
	
	//turret 炮塔子页面 production 钻头子页面 
	//defense 墙子页面 power 电力子页面
	//logic 逻辑子页面 units 单位子页面
	//liquid 液体子页面 distribution 传送带子页面
	//effect 修复仪子页面
}