{
	"type":"legs",//爬爬
	"research":"重械单位工厂",//科技树上级
	"flying":false,//是否飞行
	"legCount": 4,
	"legMoveSpace": 1,
	"lockLegBase":true,
	"allowLegStep": true,
	"hovering":true,
    "legPhysicsLayer":false,
    "legContinuousMove":true,
    "legExtension":-2,
    "legBaseOffset":3,
    "legMaxLength":1.1,
    "legMinLength":0.2,
    "legLengthScl":0.96,
    "legForwardScl":1.1,
    "legGroupSize":3,
    "rippleScale":0.2,
    "legMoveSpace":1,
    "hovering":true,
    "legPhysicsLayer":false,
	"name":"行际",//名字
	"description":"基本机甲单位，拥有高护甲值，向近处的地面敌人喷吐光束。"
	"speed": 0.64,
	"hitSize":14,
	"health":230,
	"faceTarget": true,
	"armor": 2,
	"drag": 0.4,
	"targetAir": false,
	"rotateSpeed": 5,
	"hovering": true,
	"targetFlags":["factory"]//ai攻击目标
	"weapons":[
		{"name":"空",//武器贴图的名字
		"top":false,
		"mirror":false,
		"alternate":true,
		"x":0,"y":4,
		"shootCone":15,
		"shootSound":"laser",
		"reload":80,
		"recoil":2,//后坐力
		"ejectEffect": "none",//抛壳特效
		"bullet": {//子弹
		"type" : "LaserBulletType",
		"collidesAir": false,//碰撞飞机
                   "recoil":1,
                   "length" : 60,
                    "damage" : 58,
                    "width" : 10,
                    "lifetime" : 16,
                    "pierce":true,//穿透
			"pierceCap":2,//穿透数量
            "hitEffect":"hitLancer"
            "sideAngle":45,
			"colors": [
			"90d7ec",
			"afdfe4",
			"fffffb"
		],
		}}]
}
