{
	"type": "flying",
	"research": "空炸2",
	"circleTarget": true,
	"faceTarget": false,
	"targetAir": false,
	"flying": true,
	"health": 1150,
	"hitSize": 21,
	"armor": 7,
	"range": 40,
	"accel": 0.07,
	"drag": 0.016,
	"speed": 2.4,
	"rotateSpeed": 4.5,
	"engineSize": 3,
	"engineOffset": 7.5,
	"trailLength": 4,
	"engineLayer": 110,
	"immunities": [
		"wet"
	],
	"targetFlags": [
		"reactor",
		"generator",
		"factory"
	],
	"weapons": [
		{
			"reload": 70,
			"shootCone": 360,
			"shoot": {
				"shots": 5,
				"shotDelay": 10
			},
			"ignoreRotation": true,
			"minShootVelocity": 0.04,
			"shootSound": "plasmadrop",
			"bullet": {
				"type": "BombBulletType",
				"sprite": "large-bomb",
				"spin": 3,
				"width": 16,
				"height": 16,
				"shrinkX": 0.9,
				"shrinkY": 0.9,
				"speed": 0,
				"lifetime": 60,
				"absorbable": false,
				"backColor": "FF5845",
				"frontColor": "FF8663",
				"splashDamage": 60,
				"splashDamageRadius": 40,
				"hitSound": "plasmaboom",
				"hitEffect": {
					"type": "WrapEffect",
					"effect": "dynamicSpikes",
					"color": "FF8663",
					"rotation": 48
				},
				"hitShake": 3,
				"despawnEffect": "massiveExplosion"
			}
		}
	],
	"abilities": [
		{
			"type": "ArmorPlateAbility",
			"healthMultiplier": 0.25
		},
		{
			"type": "ShieldRegenFieldAbility",
			"amount": 40,
			"max": 240,
			"reload": 120,
			"range": 120
		}
	]
}