{
  "type":"tank",
  "name":"逢时",
  "description":"重型支援坦克，致力于在战场上为脆弱火力部队承担更高伤害，装甲强硬厚重。本体拥有较大的威胁性，我们该好好保护相关科技。\n[red]敌人正在步步逼近我们的科技基地。",
  "details":"[red]单位代号--[]\n配备一门穿透震荡炮作为主炮，两挺机炮能作为主炮无法攻击时灵活的火力支援。\n[yellow]嚯，恐怖的大家伙！",
  "health":325000,
  "armor":285,
  "hitSize":128,
  "speed":0.55,
  "rotateSpeed":0.5,
  "accel":0.4,
  "drag":0.4,
  "drownTimeMultiplier":25,
  "treadRects":[
    {
      "x":-256,
      "y":-256,
      "width":64,
      "height":256
    }
  ],
  "treadFrams":16,
  "treadPullOffset":0,
  "crushDamage":25,
  "omniMovement":false,
  "rotateMoveFirst":false,
  "faceTarget":false,
  "ammoType":"放射性合金",
  "ammoCapacity":6500,
  "itemCapacity":850,
  "immunities":[
    "burning","freezing","unmoving","melting","corroded","slow","腐朽","电路受损","梦魇","孢子侵蚀","离子焰3"
  ],
  "abilities":[
    {
      "type":"RepairFieldAbility",
      "amount":30000,
      "range":400,
      "reload":120,
      "activeEffect":{
        "type":"MultiEffect",
        "effects":[
          {
            "type":"ParticalEffect",
            "particles":8,
            "baseLength":8,
            "length":64,
            "drag":0.004,
            "spin":0,
            "line":true,
            "lifetime":30,
            "sizeFrom":8,
            "sizeTo":8,
            "colorFrom":"BFFFDB",
            "colorTo":"FEEBB3"
          },
          {
            "type":"ParticalEffect",
            "particles":10,
            "baseLength":0,
            "length":80,
            "spin":3,
            "region":"量子技艺-十字星",
            "lifetime":48,
            "sizeFrom":16,
            "sizeTo":0,
            "colorFrom":"FEEBB3",
            "colorTo":"FFFFFF"
          },
          {
            "type":"WaveEffect",
            "lifetime":30,
            "strokeFrom":4,
            "strokeTo":0,
            "sizeFrom":0,
            "sizeTo":64,
            "colorFrom":"FFFFFF",
            "colorTo":"FEEBB3"
          },
          {
            "type":"WaveEffect",
            "startDelay":15,
            "lifetime":30,
            "strokeFrom":4,
            "strokeTo":0,
            "sizeFrom":64,
            "sizeTo":64,
            "colorFrom":"FEEBB3",
            "colorTo":"FFFFFF"
          }
        ]
      }
    },
    {
      "type":"StatusFieldAbility",
      "effect":"宏观修复t2",
      "duration":600,
      "range":200,
      "reload":240,
      "activeEffect":{
        "type":"MultiEffect",
        "effects":[
          {
            "type":"WaveEffect",
            "startDelay":15,
            "lifetime":60,
            "strokeFrom":8,
            "strokeTo":0,
            "sizeFrom":80,
            "sizeTo":80,
            "colorFrom":"BFFFDB",
            "colorTo":"FFFFFF"
          },
          {
            "type":"WaveEffect",
            "startDelay":30,
            "lifetime":60,
            "strokeFrom":8,
            "strokeTo":0,
            "sizeFrom":160,
            "sizeTo":160,
            "colorFrom":"BFFFDB",
            "colorTo":"FFFFFF"
          },
          {
            "type":"WaveEffect",
            "startDelay":45
            "lifetime":60
            "strokeFrom":8
            "strokeTo":0
            "sizeFrom":240
            "sizeTo":240
            "colorFrom":"BFFFDB"
            "colorTo":"FFFFFF"
          },
          {
            "type":"WaveEffect",
            "startDelay":60
            "lifetime":60
            "strokeFrom":8
            "strokeTo":0
            "sizeFrom":320
            "sizeTo":320
            "colorFrom":"BFFFDB"
            "colorTo":"FFFFFF"
          },
          {
            "type":"ParticalEffect",
            "startDelay":120,
            "particles":20,
            "baseLength":8,
            "length":320,
            "spin":0
            "line":true,
            "lifetime":90,
            "sizeFrom":24,
            "sizeTo":0,
            "colorFrom":"BFFFDB",
            "colorTo":"FFFFFF"
          }
        ]
      }
    },
    {
      "type":"ForceFieldAbility",
      "sides":8,
      "max":400000,
      "regen":50,
      "range":160,
      "cooldown":300
    },
    {
      "type":"UnitSpawnAbility",
      "unit":"修补",
      "spawnX":0,
      "spawnY":-96,
      "spawnTime":1200
    }
  ],
  "weapons":[
    {
      "name":"逢时主炮",
      "y":-16,
      "top":true,
      "reload":480,
      "recoil":16,
      "recoilTime":30,
      "rotate":true,
      "rotateSpeed":0.8,
      "shootSound":"shootSmite",
      "shake":12,
      "heatColor":"FF4500",
      "cooldownTime":120,
      "shootY":32,
      "shootStatus":"充能",
      "shootStatusDuration":900,
      "bullet":{
        "shootEffect":{
          "type":"MultiEffect",
          "effects":[
            {
              "type":"WaveEffect",
              "lifetime":60
              "strokeFrom":8,
              "strokeTo":0,
              "sizeFrom":0,
              "sizeTo":400,
              "colorFrom":"FEEBB3",
              "colorTo":"FFFFFF"
            },
            {
              "type":"ParticalEffect",
              "particles":10,
              "baseLength":16,
              "length":240,
              "spin":0,
              "line":true,
              "lifetime":60,
              "sizeFrom":24,
              "sizeTo":0,
              "colorFrom":"FEEBB3",
              "colorTo":"FFFFFF"
            },
            {
              "type":"ParticalEffect",
              "particles":8,
              "baseLength":0,
              "length":200,
              "spin":3,
              "region":"量子技艺-十字星",
              "lifetime":48,
              "sizeFrom":32,
              "sizeTo":0,
              "colorFrom":"BFFFDB",
              "colorTo":"FFFFFF"
            }
          ]
        },
        "damage":12800,
        "splashDamage":9575,
        "splashDamageRadius":64,
        "knockback":180,
        "pierceCap":3,
        "pierceBuilding":true,
        "lifetime":38.4,
        "speed":25,
        "width":32,
        "height":80,
        "frontColor":"FEEBB3",
        "backColor":"FEEBB3",
        "sprite":"量子技艺-三角形",
        "status":"破败",
        "statusDuration":480,
        "fragBullets":10,
        "fragRandomSpread":15,
        "fragBullet":{
          "damage":1460,
          "splashDamage":890,
          "splashDamageRadius":68,
          "pierceCap":2,
          "pierceBuilding":true,
          "lifetime":12,
          "speed":24.,
          "width":12,
          "height":16,
          "trailColor":"FFFFFF",
          "trailWidth":2,
          "trailLength":4,
          "status":"电路受损",
          "statusDuration":750,
          "lightning":2,
          "lightningDamage":545,
          "lightningColor":"FEEBB3",
          "lightningLength":12,
          "hitEffect":{
            "type":"WaveEffect",
            "lifetime":30,
            "strokeFrom":4,
            "strokeTo":0,
            "sizeFrom":0,
            "sizeTo":120,
            "colorFrom":"FEEBB3",
            "colorTo":"FFFFFF"
          }
        }
        "lightning":3,
        "lightningDamage":575,
        "lightbingColor":"FF4500"
        "lightningLength":12,
        "lightningRand":8,
        "hitEffect":{
          "type":"MultiEffect",
          "effects":[
            {
              "type":"ParticalEffect",
              "particles":8,
              "baseLength":16,
              "length":200,
              "spin":-3,
              "region":"量子技艺-三角形",
              "lifetime":60,
              "sizeFrom":32,
              "sizeTo":0,
              "colorFrom":"FF4500",
              "colorTo":"FEEBB3"
            },
            {
              "type":"ParticalEffect",
              "particles":10,
              "baseLength":8,
              "length":160,
              "spin":6,
              "region":"量子技艺-十字星",
              "lifetime":90,
              "sizeFrom":24,
              "sizeTo":0,
              "colorFrom":"FEEBB3",
              "colorTo":"FFFFFF"
            },
            {
              "type":"WaveEffect",
              "startDelay":30,
              "lifetime":90,
              "strokeFrom":4,
              "strokeTo":0,
              "sizeFrom":0,
              "sizeTo":320,
              "colorFrom":"FF4500",
              "colorTo":"FEEBB3"
            },
            {
              "type":"WaveEffect",
              "lifetime":30,
              "strokeFrom":0,
              "strokeTo":4,
              "sizeFrom":80,
              "sizeTo":0,
              "colorFrom":"FFFFFF",
              "colorTo":"FF4500"
            }
          ]
        },
        "hitSound":"plasmaboom",
        "hitShake":12,
      }
    },
    {
      "name":"逢时机炮",
      "x":32,
      "y":16,
      "reload":15,
      "recoil":4,
      "recoilTime":12,
      "rotate":true,
      "rotateSpeed":2,
      "shootSound":"bolt",
      "shootStatus":"overclock",
      "shoitStatusDuration":300,
      "shoot":{
        "shots":4,
        "shotDelay":2,
      },
      "bullet":{
        "damage":175,
        "splashDamage":30,
        "splashDamageRadius":24,
        "knockback":2,
        "pierceCap":2,
        "lifetime":20,
        "speed":32,
        "width":12,
        "height":20,
        "frontColor":"FEEBB3",
        "backColor":"FF4500",
        "status":"melting",
        "statusDuration":120,
        "trailColor":"FEEBB3"
      }
    },
    {
      "name":"逢时垂发",
      "y":-32,
      "mirror":false,
      "reload":120,
      "inaccuracy":360,
      "rotate":true,
      "rotateSpeed":5,
      "shootCone":360,
      "shootSound":"missile",
      "shootStatus":"overdrive",
      "shootStatusDuration":300,
      "shoot":{
        "shots":10,
        "shotDelay":3
      }
      "bullet":{
        "damage":400,
        "splashDamage":350,
        "splashDamageRadius":32,
        "pierceCap":2,
        "pierceBuilding":true,
        "lifetime":90,
        "speed":4,
        "width":32,
        "height":48,
        "sprite":"量子技艺-导弹Pro",
        "healPercent":10,
        "drag":-0.02,
        "homingRange":800,
        "homingPower":0.25,
        "homingDelay":12,
        "status":"腐朽",
        "statusDuration":480,
        "lightning":4,
        "lightingDamage":400,
        "lightningColor":"FF4500",
        "lightningLength":16,
        "fragBullets":1,
        "fragRandomSpread":0,
        "fragBullet":{
          "type":"LaserBulletType",
          "lightningSpacing":32,
          "lightningDelay":0.2,
          "lightingLength":30,
          "lightningLengthRand":10,
          "lightningColor":"FEEBB3",
          "lightningDamage":30,
          "colors":[
            "FEEBB3",
            "FF4500",
            "FFFFFF"
          ],
          "damage":160,
          "lifetime":48,
          "length":320,
          "width":8,
          "sideColor":"FEEBB3",
          "sideWidth":1,
          "sideLength":15,
        }
      }
    },
  ]
}