{
  "type": "CoreBlock",
  "health": 6870,
  "size": 7,
  "absorbLasers": true,
  "itemCapacity": 25000,
  "unitCapModifier": 32,
  "researchCostMultiplier": 0.06,
  "unitType": "guardian",
  "requirements": [
    {
      "item": "silicon",
      "amount": 4200
    },
    {
      "item": "surge-alloy",
      "amount": 3000
    },
    {
      "item": "thorium",
      "amount": 4900
    },
    {
      "item": "osmium",
      "amount": 6000
    },
    {
      "item": "gamma-green",
      "amount": 3000
    }
  ],
  "category": "effect",
  "research": "team-quantra"
}
