{
  "type": "CoreBlock",
  "health": 9870,
  "size": 7,
  "itemCapacity": 19500,
  "unitCapModifier": 30,
  "researchCostMultiplier": 0.06,
  "unitType": "starlight",
  "requirements": [
    {
      "item": "thorium",
      "amount": 4200
    },
    {
      "item": "omega-blue",
      "amount": 1200
    },
    {
      "item": "urbium",
      "amount": 3000
    },
    {
      "item": "stellar-steel",
      "amount": 2000
    }
  ],
  "envRequired": 0,
  "category": "effect",
  "research": "genesis-central"
}
