{
    "localizedName":"零号地区",
    "name":"groundZero",
    "description": "抖落霜雪，伴随你的只有和你一样一无所知的随行ai。你已经不再记得你是谁，只是半推半就地接受了 alpha 这个名字。一起，从未开始，从未结束。收集这里匮乏的物资，继续前行罢。",
    "planet":"serpulo",
    "alwaysUnlocked":true,
    "addStartingItems":false,
    "sector":170,//区块坐标
    "captureWave":10,
    "difficulty":3,
    "research": {
		"parent": "core-shard",
		}
}