{
  "researchCostMultiplier": 0.5,
  "type": "GenericCrafter",
  "drawer": {
    "type": "DrawMulti",
    "drawers": [
      {
        "type": "DrawRegion",
        "suffix": "-bottom"
      },
      {
        "type": "DrawParticles",
        "color": "66B1FFFF",
        "alpha": 0.4,
        "blending": "additive",
        "particleSize": 5,
        "particleRad": 12,
        "particles": 36,
        "fadeMargin": 1,
        "rotateScl": 7,
        "particleLife": 60
      },
      {
        "type": "DrawParticles",
        "color": "66B1FFFF",
        "alpha": 0.4,
        "blending": "additive",
        "particleSize": 7,
        "particleRad": 12,
        "particles": 36,
        "fadeMargin": 1,
        "rotateScl": 7,
        "particleLife": 80
      },
      {
        "type": "DrawDefault"
      },
      {
        "type": "DrawGlowRegion",
        "suffix": "-glow",
        "color": "66B1FF90"
      }
    ]
  },
  "size": 5,
  "hasPower": true,
  "hasLiquids": true,
  "hasItems": true,
  "itemCapacity": 80,
  "craftTime": 35,
  "craftEffect": "none",
  "updateEffect": "none",
  "consumes": {
    "power": 7,
    "items": [
      "dytrix/10"
    ],
    "liquids": [
      "hydrogen/1",
      "axinian/1"
    ]
  },
  "requirements": [
    "omega-blue/120",
    "terrilium/200",
    "stellar-steel/100",
    "urbium/200",
    "silicon/150",
    "osmium/80"
  ],
  "envRequired": 0,
  "category": "crafting",
  "research": "b-cold-plasma-fuser",
  "outputItems": [
    "omega-blue/2",
    "osmium/1",
    "stellar-steel/1"
  ]
}
