{
  "type": "GenericCrafter",
  "health": 200,
  "size": 2,
  "hasItems": true,
  "craftTime": 95,
  "craftEffect": {
    "type": "multiEffect",
    "effects": [
      {
        "type": "WaveEffect",
        "lifetime": 40,
        "sizeFrom": 0,
        "sizeTo": 13,
        "strokeFrom": 3.5,
        "strokeTo": 0,
        "colorFrom": "A9D8FFFF",
        "colorTo": "66B1FFFF"
      },
      {
        "type": "ParticleEffect",
        "particles": 1,
        "sizeFrom": 15,
        "sizeTo": 0,
        "length": 0,
        "lightColor": "73FFAEFF",
        "lifetime": 30,
        "layer": 109,
        "region": "exogenesis-star",
        "colorFrom": "A9D8FFFF",
        "colorTo": "66B1FFFF"
      },
      {
        "type": "ParticleEffect",
        "particles": 1,
        "sizeFrom": 5,
        "sizeTo": 0,
        "length": 0,
        "lightColor": "73FFAEFF",
        "lifetime": 30,
        "layer": 109,
        "region": "exogenesis-star",
        "colorFrom": "FFFFFFF",
        "colorTo": "FFFFFFF"
      }
    ]
  },
  "drawer": {
    "type": "DrawMulti",
    "drawers": [
      {
        "type": "DrawDefault"
      },
      {
        "type": "DrawFlame",
        "flameColor": "A9D8FFFF"
      }
    ]
  },
  "hasPower": true,
  "hasLiquids": false,
  "updateEffect": "none",
  "ambientSound": "smelter",
  "ambientSoundVolume": 0.07,
  "consumes": {
  "power": 0.65,
  "items": {
    "items": [
      "astrolite/1",
      "sand/3"
    ]
   }
  },
  "requirements": [
    "lead/40",
    "copper/50"
  ],
  "category": "crafting",
  "research": "b-crystallizer",
  "outputItem": "silicon/2"
}