{
  "type": "GenericCrafter",
  "size": 3,
  "craftTime": 180,
  "hasPower": true,
  "hasLiquids": true,
  "liquidCapacity": 50,
  "drawer": {
    "type": "DrawMulti",
    "drawers": [
      {
        "type": "DrawRegion",
        "suffix": "-bottom"
      },
      {
        "type": "DrawDefault"
      },
      {
        "type": "DrawLiquidRegion",
        "drawLiquid": "osmilium-liquid",
        "suffix": "-liquid"
      }
    ]
  },
  "outputLiquid": "osmilium-liquid/2",
  "consumes": {
    "power": 3,
    "items": [
      "osmium/2"
    ],
    "liquids": [
      "cryofluid/2"
    ]
  },
  "requirements": [
    "lead/100",
    "silicon/85",
    "titanium/55",
    "osmium/60"
  ],
  "category": "crafting",
  "research": "cryofluid-mixer"
}
