{
  "type": "HeatCrafter",
  "drawer": {
    "type": "DrawMulti",
    "drawers": [
      {
        "type": "DrawRegion",
        "suffix": "-bottom"
      },
      {
        "type": "DrawParticles",
        "color": "f25555",
        "alpha": 0.4,
        "blending": "additive",
        "particleSize": 3,
        "particleRad": 14,
        "particles": 23,
        "fadeMargin": 1,
        "rotateScl": 4,
        "particleLife": 30
      },
      {
        "type": "DrawPlasma",
        "suffix": "-plasma-",
        "plasma1": "F66332FF",
        "plasma2": "f25555"
      },
      {
        "type": "DrawDefault"
      }
    ]
  },
  "size": 6,
  "heatRequirement": 35,
  "hasPower": true,
  "hasItems": true,
  "itemCapacity": 80,
  "craftTime": 250,
  "craftEffect": "none",
  "updateEffect": "none",
  "consumes": {
    "power": 7,
    "items": {
      "items": [
        "surge-alloy/2",
        "tungsten/5",
        "volcanite/4"
      ]
    }
  },
  "requirements": [
    "primal-red/200",
    "thorium/200",
    "tungsten/120",
    "silicon/730",
    "oxide/200"
  ],
  "category": "crafting",
  "research": "primal-forge",
  "outputItem": "primal-red/8"
}
