{
"type": "HeatCrafter",
"squareSprite": false,
"drawer": {
"type": "DrawMulti",
"drawers": [
{
"type": "DrawDefault"
},
{
"type": "DrawFlame",
"flameRadiusScl": 0,
"flameRadiusMag": 0, 
"flameRadiusInMag": 0,
"flameRadiusIn": 0,
"flameRadius": 0
},
{
"type": "DrawGlowRegion",
"color": "ff724f",
"glowScale": 17,
"glowIntensity": 0.3,
"suffix": "-glow3"
},
{
"type": "DrawGlowRegion",
"color": "ff724f",
"glowScale": 17,
"glowIntensity": 1,
"suffix": "-glow2"
},
{
"type": "DrawGlowRegion",
"color": "ff724f",
"glowScale": 17,
"glowIntensity": 0.1,
"suffix": "-glow2"
},
{
"type": "DrawCrucibleFlame",
"flameRad": 4,
"particleSize": 5,
"particleRad": 11,
"particles": 43,
"particleLife": 70
},
{
"type": "DrawCrucibleFlame",
"particleSize": 5,
"particleRad": 18,
"particles": 43,
"particleLife": 70
},
{
"type": "DrawGlowRegion",
"suffix": "-glow"
}
]
},
"size": 6,
"heatRequirement": 20,
"hasPower": true,
"hasLiquids": true,
"hasItems": true,
"liquidCapacity": 200,
"itemCapacity": 50,
"craftTime": 280,
"craftEffect": {
"type": "multiEffect"
"effects": [
{
"type": "multiEffect",
"effects": ["bigShockwave", "massiveExplosion"]
},
{
"type": "RadialEffect",
"effect": {
"type": "multiEffect",
"effects": ["colorSparkBig"]
},
"lengthOffset": 3,
"amount": 4
}
]
},
"updateEffect": "none",
"consumes": {
"power": 5,
"items": [
"silicon/1",
"tungsten/3"
]
},
"requirements": [
"beryllium/400",
"tungsten/1000",
"silicon/200",
"thorium/300"
],
"category": "crafting",
"research": {
"parent": "silicon-arc-furnace",
"objectives": [
"oxidation-chamber", 
"electric-heater"
]
},
"outputItem": "osmium/3"
}
