{
  "type": "GenericCrafter",
  "drawer": {
    "type": "DrawMulti",
    "drawers": [
      {
        "type": "DrawDefualt"
      },
      {
        "type": "DrawFlame",
        "flameRadius": 5,
        "flameColor": "8894FFFF"
      }
    ]
  },
  "size": 5,
  "hasPower": true,
  "hasLiquids": false,
  "hasItems": true,
  "itemCapacity": 40,
  "craftTime": 250,
  "craftEffect": {
    "type": "WaveEffect",
    "lifetime": 25,
    "sizeFrom": 0,
    "sizeTo": 65,
    "strokeFrom": 3,
    "strokeTo": 0,
    "lightColor": "8894FFFF",
    "colorFrom": "8894FFFF",
    "colorTo": "7983E2FF"
  },
  "updateEffect": "none",
  "consumes": {
    "power": 12,
    "items": {
      "items": [
        "titanium/3",
        "genvunite/3",
        "xytranite/3",
        "surge-alloy/3"
      ]
    }
  },
  "requirements": [
    "surge-alloy/1000",
    "plastanium/670",
    "jupiteium/870",
    "titanium/400",
    "silicon/1000",
    "thorium/300"
  ],
  "category": "crafting",
  "research": "alloy-kiln",
  "outputItem": "voltirium-alloy/3"
}
