{
	"type": "GenericCrafter",
	"name": "石墨烯量产工厂",
	"description": "生产石墨烯",
	"outputItem": {"item": "石墨烯","amount": 20},
	"size": 2,
	"itemCapacity": 150,
	"hasPower": true,
	"hasLiquids": false,
	"hasItems": true,
	"craftTime": 120,
	"updateEffect": "smeltsmoke",
	"consumes": {
		"power": 1,
		"items": {
		    "items": [
		{"item": "graphite","amount": 1 }
		]
	}
},
	"requirements": [
		{ "item": "铜板", "amount": 700 },
		{ "item": "lead", "amount": 60},
		{ "item": "钛板", "amount": 30},
		{ "item": "silicon", "amount": 40}
	],
	"category": "crafting",
	"research": "科技工业",
	"idleSound": "respawning",
	"idleSoundVolume": 1.5
	"drawer":[
	    {
	        "type":"DrawDefault"
	    },
	    {
	        "item": "DrawMulti"
	    },
	    {
            "type": "DrawFlame",
            "flameRadius": 5,
            "flameRadiusIn": 2.8,
            "flameRadiusScl": 5,
            "flameRadiusMag": 2,
            "flameRadiusInMag": 1,
            "flameColor": "B0B8BFFF"
	    }
	],
}