{
    "type": "missile",
    "controller": "MissileAI",
    "lowAltitude":true,
    "speed":0,
    "rotateSpeed":0.1,
    "lifetime": 12,
    "isEnemy": false,
    "targetable": false,
    "hittable": false,
    "allowedInPayloads": false,
    "playerControllable": false,
    "physics": false,
    "wobble":false,
    "useUnitCap": false,
    "createWreck": false,
    "createScorch": false,
    "flying": true,
    "hidden": true,
    "health": 200,
    "hitSize":1,
    "outlineRadius": 0,
    "maxRange":200,  
    "engineSize":0,
    "drawCell": false,   
    "name": "修复中介",  
    "abilities":[
        {
			"type": "StatusFieldAbility",
			"duration": 1200,
			"reload": 10,
			"range": 240,
            "activeEffect":{
                "type":"WaveEffect",
                "lifetime":45,
                "sizeFrom":0,
                "sizeTo":240,
                "strokeFrom": 5,
                "strokeTo": 1,
                "interp": "fastSlow",
				"colorFrom": "97FFA8",
				"colorTo": "97FFA8AA"
            },
            "applyEffect":{
                "type": "WaveEffect",
				"sides": 4,
                "sizeFrom":0,
                "sizeTo":42,
				"strokeFrom": 4,
				"strokeTo": 0,
				"interp": "circleOut",
				"lifetime": 60,
                "colorFrom": "97FFA8",
				"colorTo": "97FFA8AA"
            },
            "effect": "修复"
        }
    ], 
    "deathExplosionEffect":"none"
}