{
    "type": "missile",
    "controller": "MissileAI",
    "lowAltitude":true,
    "speed":0,
    "rotateSpeed":0.1,
    "lifetime": 12,
    "isEnemy": false,
    "targetable": false,
    "hittable": false,
    "allowedInPayloads": false,
    "playerControllable": false,
    "physics": false,
    "wobble":false,
    "useUnitCap": false,
    "createWreck": false,
    "createScorch": false,
    "flying": true,
    "hidden": true,
    "health": 200,
    "hitSize":1,
    "outlineRadius": 0,
    "maxRange":200,  
    "engineSize":0,
    "drawCell": false,   
    "name": "强化中介",  
    "abilities":[
        {
            "type": "StatusFieldAbility",
            "duration": 900,
            "reload": 10,
            "range": 240,
            "activeEffect":{
                "type":"WaveEffect",
                "lifetime":45,
                "sizeFrom":0,
                "sizeTo":240,
                "strokeFrom": 5,
                "strokeTo": 1,
                "interp": "fastSlow",
                "colorFrom": "EEC591",
                "colorTo": "EEC591"
            },
            "applyEffect":{
                "type":"MultiEffect",
                "effects":[
                    {
                        "type": "WaveEffect",
                        "sides": 3,
                        "sizeFrom":0,
                        "sizeTo":48,
                        "strokeFrom": 4,
                        "strokeTo": 0,
                        "interp": "circleOut",
                        "lifetime": 60,
                        "colorFrom": "EEC591",
                        "colorTo": "EEC591"
                    },
                    {
                        "type": "WaveEffect",
                        "sides": 3,
                        "sizeFrom":0,
                        "sizeTo":48,
                        "strokeFrom": 4,
                        "strokeTo": 0,
                        "interp": "circleOut",
                        "lifetime": 60,
                        "rotation": 180,
                        "colorFrom": "EEC591",
                        "colorTo": "EEC591"
                    }
                ]
            },
            "effect": "内核加速"
        }
    ], 
    "deathExplosionEffect":"none"
}