{
	"type": "GenericCrafter",
	"health": 750,
	"name": "发射台-铜",
	"itemCapacity": 40,
	"description": "[green]LV1发射台，投资有风险，投资需谨慎。",
	"outputItem": {"item": "copper","amount": 30},
	"size": 2,
	"hasPower": true,
	"hasItems": true,
	"hasLiquids": true,
	"liquidCapacity":300,
	"craftTime": 360,
	"updateEffect": "smeltsmoke",
	"consumes":{
		"items":{
			"items":[
				{"item":"铜钻头","amount": 1}
			]
		}
	},
	"requirements": [
		{"item":"copper","amount": 30},
	],
	"category": "crafting",
	"research": "基础铜核心"
}