{
	"type": "PowerTurret",
	"canOverdrive": false,
	"health": 2250,
	"size": 5,
	"armor": 18
	"accurateDelay": false,
	"moveWhileCharging": false,
	"shake": 15,
	"inaccuracy": 0,
	"recoil": 5,
	"cooldownTime": 180,
	"liquidCapacity": 180,
	"canOverdrive": false,
	"recoilTime": 120,
		"drawer": {
		"type": "DrawTurret",
		"parts": [
			{
				"type": "RegionPart",
				"mirror": true,
				"x": 0,
				"y": 0,
				"suffix": "-侧",
				"layer": 50,
				"moveX": 3,
				"moveY": 0,
				"heatColor": "FF7055FF"
			},
			{
				"type": "HaloPart",
				"rotateSpeed": 0,
				"shapeRotation": 180,
				"x": 8,
				"y": 33,
				"sides": 3,
				"shapes": 1,
				"color": "FFFFFF",
				"colorTo": "25C9AB",
				"tri": true,
				"hollow": true,
				"radius": 0,
				"radiusTo": 5,
				"triLength": 100,
				"triLengthTo": 18,
				"haloRadius": 0,
				"haloRotation": 20,
				"haloRotateSpeed": 0,
				"layer": 110
			},
			{
				"type": "HaloPart",
				"rotateSpeed": 0,
				"shapeRotation": 0,
				"x": 8,
				"y": 32,
				"sides": 3,
				"shapes": 1,
				"color": "FFFFFF",
				"colorTo": "25C9AB",
				"tri": true,
				"hollow": true,
				"radius": 0,
				"radiusTo": 5,
				"triLength": 500,
				"triLengthTo": 160,
				"haloRadius": 0,
				"haloRotation": 0,
				"haloRotateSpeed": 0,
				"layer": 110
			},
			{
				"type": "HaloPart",
				"rotateSpeed": 0,
				"shapeRotation": 180,
				"x": -8,
				"y": 33,
				"sides": 3,
				"shapes": 1,
				"color": "FFFFFF",
				"colorTo": "25C9AB",
				"tri": true,
				"hollow": true,
				"radius": 0,
				"radiusTo": 5,
				"triLength": 100,
				"triLengthTo": 18,
				"haloRadius": 0,
				"haloRotation": -20,
				"haloRotateSpeed": 0,
				"layer": 110
			},
			{
				"type": "HaloPart",
				"rotateSpeed": 0,
				"shapeRotation": 0,
				"x": -8,
				"y": 32,
				"sides": 3,
				"shapes": 1,
				"color": "FFFFFF",
				"colorTo": "25C9AB",
				"tri": true,
				"hollow": true,
				"radius": 0,
				"radiusTo": 5,
				"triLength": 500,
				"triLengthTo": 160,
				"haloRadius": 0,
				"haloRotation": 0,
				"haloRotateSpeed": 0,
				"layer": 110
			},
			{
				"type": "HaloPart",
				"progress": {
					"type": "warmup",
					"op": "delay",
					"amount": 0.25
				},
				"rotateSpeed": 0,
				"shapeRotation": 0,
				"y": 40,
				"sides": 3,
				"shapes": 1,
				"color": "FFFFFF",
				"colorTo": "25C9AB80",
				"tri": true,
				"hollow": true,
				"radius": 0,
				"radiusTo": 16,
				"triLength": 500,
				"triLengthTo": 16,
				"haloRadius": 0,
				"haloRotation": 0,
				"haloRotateSpeed": 0,
				"layer": 51
			},
			{
				"type": "HaloPart",
				"progress": {
					"type": "warmup",
					"op": "delay",
					"amount": 0.5
				},
				"rotateSpeed": 0,
				"shapeRotation": 0,
				"y": 40,
				"moveY": 45,
				"sides": 3,
				"shapes": 1,
				"color": "FFFFFF",
				"colorTo": "25C9AB80",
				"tri": true,
				"hollow": true,
				"radius": 0,
				"radiusTo": 16,
				"triLength": 500,
				"triLengthTo": 16,
				"haloRadius": 0,
				"haloRotation": 0,
				"haloRotateSpeed": 0,
				"layer": 51
			},
			{
				"type": "HaloPart",
				"progress": {
					"type": "warmup",
					"op": "delay",
					"amount": 0.75
				},
				"rotateSpeed": 0,
				"shapeRotation": 0,
				"y": 40,
				"moveY": 90,
				"sides": 3,
				"shapes": 1,
				"color": "FFFFFF",
				"colorTo": "25C9AB80",
				"tri": true,
				"hollow": true,
				"radius": 0,
				"radiusTo": 16,
				"triLength": 500,
				"triLengthTo": 16,
				"haloRadius": 0,
				"haloRotation": 0,
				"haloRotateSpeed": 0,
				"layer": 51
			}
		]
	},
	"shoot": {
		"type": "ShootPattern",
		"firstShotDelay": 80
	},
	"shootY": 10,
	"coolantMultiplier": 0.5,
	"heatColor": "FF4040",
	"shootSound": "laserblast",
	"shootEffect": {
		"type": "WaveEffect",
		"lifetime": 45,
		"interp":"circleOut",
		"sizeFrom": 0,
		"sizeTo": 200,
		"strokeFrom": 9,
		"strokeTo": 0,
		"colorFrom": "FFFFFF",
		"colorTo": "25C9AB"
	},
	"chargeSound": "lasercharge",
	"shootType": {
		"type": "LaserBulletType",
		"lightningSpacing": 32,
		"lightningLength": 8,
		"lightningDelay": 1.7,
		"lightningLengthRand": 6,
		"lightningAngleRand": 90,
		"lightningDamage": 680,
		"lightningColor": "25C9AB",
		"length": 40000,
		"width": 40,
		"sideAngle": 30,
		"sideWidth": 2,
		"sideLength": 400,
		"damage": 4048,
		"knockback": 20,
		"status": "损坏III",
		"statusDuration": 500,
		"buildingDamageMultiplier": 0.5,
		"lifetime": 88,
		"pierceArmor":true,
		"collidesAir": true,
		"splashDamageRadius": 350,
		"splashDamage": 6048,
		"ammoMultiplier": 1,
		"colors": [
			"25C9ABA8",
			"25C9AB",
			"FFFFFF"
		],
		"smokeEffect": "smokeCloud",
		"chargeEffect": {
			"type": "MultiEffect",
			"effects": [
				{
					"type": "WaveEffect",
					"lifetime": 80,
					"sizeFrom": 130,
					"sizeTo": 0,
					"strokeFrom": 0,
					"strokeTo": 6,
					"colorFrom": "25C9AB",
					"colorTo": "BFFFDB"
				},
				{
					"type": "ParticleEffect",
					"particles": 35,
					"strokeFrom": 0,
					"strokeTo": 2,
					"line": true,
					"sizeInterp": "pow5Out",
					"interp": "pow5In",
					"lenFrom": 0,
					"lenTo": 18,
					"length": 200,
					"baseLength": -180,
					"lifetime": 70,
					"colorFrom": "25C9AB",
					"colorTo": "BFFFDB"
				},
				{
					"type": "ParticleEffect",
					"particles": 1,
					"sizeFrom": 0,
					"sizeTo": 8,
					"length": 0,
					"baseLength": -0,
					"lifetime": 80,
					"colorFrom": "25C9AB",
					"colorTo": "BFFFDB"
				},
				{
					"type": "ParticleEffect",
					"particles": 1,
					"strokeFrom": 10,
					"strokeTo": 0,
					"lenFrom": 0,
					"lenTo": 40000,
					"sizeInterp": "pow5In",
					"line": true,
					"randLength": false,
					"length": 0,
					"baseLength": 1,
					"lifetime": 76,
					"colorFrom": "25C9AB80",
					"colorTo": "BFFFDB80",
					"cone": 0
				}
			]
		},
		"despawnEffect": "none",
		"hitEffect": {
			"type": "MultiEffect",
			"effects": [
				{
					"type": "ParticleEffect",
					"particles": 6,
					"sizeFrom":4,
					"sizeTo":0,
					"length": 30,
					"baseLength": 0,
					"lifetime":60,
					"interp":"pow5Out",
					"sizeInterp":"pow5In",
					"colorFrom": "25C9AB",
					"colorTo": "BFFFDB"
				},
				{
					"type": "ParticleEffect",
					"particles": 14,
					"strokeFrom": 1.2,
					"strokeTo": 0.8,
					"line": true,
					"lenFrom": 24,
					"lenTo": 0,
					"length": 50,
					"baseLength": -18,
					"lifetime": 22,
					"interp":"pow5Out",
					"sizeInterp":"pow5Out",
					"colorFrom": "25C9AB",
					"colorTo": "BFFFDB",
					"cone": 36
				}]}
	},
	"consumes": {
		"power": 500,
		"coolant": {
			"amount": 2,
			"optional": true
		}
	},
	"reload": 80,
	"rotateSpeed": 3,
	"fogRadiusMultiplier": 0.3,
	"range": 1600,
	"category": "turret",
	"research": "标准激光发射器",
	"requirements": [
		"metaglass/100",
	]
	
}