{ 
//     "type":"PointDefenseTurret",
     "name":"携带裂解", 
     "description":"摧毁来袭的子弹或导弹，对激光无效", 
     "health":900,
	 "size":2,
     "rotateSpeed":30,
	 "range":180,
	 "reload":4,
	 "shootLength":0,
	 "inaccuracy": 0,
	 "bulletDamage": 150,
	 "hasPower":false
	 "acceptCoolant":true
	 "coolantMultiplier":8
	 "color":"FFFFFFFF"
	 "speed":15
"outlineColor":"000000FF"
     "consumes": {
		},
	  "requirements": [
	    { "item": "titanium", "amount":60 }
		{ "item": "thorium", "amount":90 }
		{ "item": "silicon", "amount":100 }
		{ "item": "phase-fabric", "amount":20 }		
		{ "item": "速度物质", "amount":20 }		
	],
	"category": "turret",
"buildVisibility":"debugOnly",
    "research": "none"
}
