{
      "health": 80,
      "size":1,
      "speed": 4,
      "solid": "true",
      "update": "true",
      "hasItems": "true",
      "type":"Unloader",
      "confugurable": "true",
      "description": "我是贴核魔王",
      "name":"碳钢装卸器",
      "requirements": [
          {"item": "碳钢", "amount":25},
          {"item": "石英", "amount":30},
	],
		"category": "effect",
    "research": {
	"parent": "g0石英装卸器"//科技树前置
	"requirements": [//研究花费
	"碳钢/200",
	"lead/240",
	]	},
    "alwaysUnlocked":false,
    }