{
"type":"ThermalGenerator",
"name":"小型湿地发电机",
"description":"在湿地上培养菌落，并用其发电。",
"health":40,
"size":1,
"hasPower":true,//拥有电力
"canOverdrive":false,
"floating":true,
"attribute":"water",//属性
"effectChance":0.001,//特效
"minEfficiency":0,//最小效率
"displayEfficiencyScale":1,//显示效率等级
"displayEfficiency":true,//显示效率
"generateEffect":"bubble",//特效
"effectChance":0.015,//特效
"powerProduction":1,
"category":"power",
"research":"power-node",
"requirements":[
{"item":"copper","amount":25},
{"item":"lead","amount":25},
{"item":"metaglass","amount":15},
{"item":"graphite","amount":15},    ],
}