{
"type":"ThermalGenerator",
"name":"湿地发电机",
"description":"在湿地上培养菌落，并用其发电。
发电效率比小型湿地发电机更高。",
"health":160,
"size":2,
"hasPower":true,
"canOverdrive":false,
"floating":true,
"attribute":"water",
"effectChance":0.001,
"minEfficiency":0,
"displayEfficiencyScale":1,
"displayEfficiency":true,
"generateEffect":"bubble",
"effectChance":0.025,
"powerProduction":2,
"category":"power",
"research":"小型湿地发电机",
"requirements":[
{"item":"copper","amount":65}
{"item":"lead","amount":65}
{"item":"titanium","amount":50}
{"item":"plastanium","amount":15}
{"item":"高频芯片","amount":20}
]
}