{
"type":"PowerNode",//种类
"name":"芯控电力塔",//名称
"description":"用于远距离连接的电力节点，但连接数较少。
加入芯片后连接性能提升了。",
"health":240,
"size":2,
"maxNodes":3,
"laserRange":60,
"placeableLiquid":true,
"category":"power",
"research":"大型芯控电力节点",
"requirements":[
{"item":"titanium","amount":15},
{"item":"高频芯片","amount":15},
{"item":"surge-alloy","amount":15},
{"item":"lead","amount":20},
{"item":"copper","amount":20},  ],
}