{
	"type": "naval",
	"name": "滕王",
	"speed": 0.58,
	"rotateSpeed": 0.75,
	"ammoType": "裂位能",
	"ammoCapacity": 200,
	"hitSize": 80,
	"trailLength": 160,
	"waveTrailX": 25,
	"waveTrailY": -46,
	"trailScl": 5,
	"health": 158000,
	"armor": 48,
	"faceTarget": false,
	"research": "omura",
	"weapons": [
		{
			"name": "蛟龙1",
			"x": 17,
			"y": -29,
			"reload": 30,
			"shootCone": 60,
			"shoot": {
				"type": "ShootSpread",
				"shots": 5,
				"spread": 8
			},
			"shootSound": "missile",
			"rotate": true,
			"rotateSpeed": 4,
			"inaccuracy": 6,
			"xRand": 6,
			"autoTarget": true,
			"bullet": {
				"type": "MissileBulletType",
				"damage": 70,
				"splashDamageRadius": 45,
				"splashDamage": 96,
				"homingDelay": 15,
				"homingRange": 60,
				"homingPower": 0.35,
				"shootEffect": "shootBig2",
				"smokeEffect": "shootSmallFlame",
				"hitEffect": "flakExplosionBig",
				"hitSound": "explosion",
				"trailLength": 9,
				"trailWidth": 2.5,
				"width": 12,
				"height": 13,
				"speed": 6,
				"lifetime": 78.5
			}
		},
		{
			"name": "蛟龙1",
			"x": -32,
			"y": -40,
			"reload": 54,
			"shootCone": 60,
			"shoot": {
				"shots": 5,
				"shotDelay": 2
			},
			"shootSound": "missile",
			"rotate": true,
			"rotateSpeed": 4,
			"inaccuracy": 10,
			"xRand": 6,
			"autoTarget": true,
			"bullet": {
				"type": "MissileBulletType",
				"damage": 84,
				"splashDamageRadius": 42,
				"splashDamage": 45,
				"homingDelay": 38.5,
				"homingRange": 60,
				"homingPower": 0.4,
				"shootEffect": "shootBig2",
				"smokeEffect": "shootSmallFlame",
				"hitEffect": "plasticExplosion",
				"hitSound": "explosion",
				"trailLength": 9,
				"trailWidth": 2.5,
				"width": 12,
				"height": 13,
				"speed": 8,
				"lifetime": 58.5,
				"frontColor": "cbd97f",
				"fragBullets": 8,
				"fragBullet": {
					"despawnEffect": "none",
					"speed": 2.8,
					"damage": 36,
					"width": 10,
					"height": 12,
					"shrinkY": 1,
					"lifetime": 15,
					"backColor": "d8d97f",
					"frontColor": "fffac6"
				}
			}
		},
		{
			"name": "滕王1",
			"reload": 160,
			"x": 0,
			"y": 0,
			"rotate": true,
			"rotateSpeed": 2.65,
			"mirror": false,
			"inaccuracy": 0,
			"recoil": 12,
			"cooldownTime": 160,
			"shootSound": "release",
			"shake": 12,
			"bullet": {
				"type": "BasicBulletType",
				"scaleLife": true,
				"damage": 1280,
				"statusDuration": 200,
				"pierceArmor": true,
				"status": "崩溃",
				"shootEffect": {
					"type": "ParticleEffect",
					"interp": "pow10Out",
					"sizeInterp": "pow10In",
					"particles": 25,
					"sizeFrom": 9,
					"sizeTo": 0,
					"length": 65,
					"baseLength": 59,
					"lifetime": 35,
					"colorFrom": "FFFFFF",
					"colorTo": "FEEBB3",
					"cone": 30
				},
				"despawnEffect": "none",
				"hitEffect": {
					"type": "MultiEffect",
					"effects": [
						{
							"type": "ParticleEffect",
							"particles": 15,
							"sizeFrom": 15,
							"sizeTo": 0,
							"length": 85,
							"baseLength": 0,
							"interp": "pow10Out",
							"sizeInterp": "pow5In",
							"lifetime": 95,
							"colorFrom": "FFFFFF",
							"colorTo": "FEEBB380"
						},
						{
							"type": "WaveEffect",
							"lifetime": 80,
							"interp": "circleOut",
							"sizeFrom": 5,
							"sizeTo": 80,
							"strokeFrom": 10,
							"strokeTo": 0,
							"colorFrom": "FEEBB3",
							"colorTo": "FEEBB3"
						},
						{
							"type": "WaveEffect",
							"lifetime": 10,
							"sizeFrom": 5,
							"sizeTo": 80,
							"strokeFrom": 9,
							"strokeTo": 0,
							"colorFrom": "FEEBB3",
							"colorTo": "FEEBB3"
						}
					]
				},
				"hitSound": "plasmaboom",
				"hitShake": 10,
				"shrinkY": 0,
				"sprite": "饱和火力-透彻",
				"width": 22,
				"height": 45,
				"frontColor": "FEEBB3",
				"backColor": "FEEBB3",
				"trailLength": 15,
				"trailWidth": 3,
				"trailColor": "FEEBB3",
				"speed": 14,
				"lifetime": 60,
				"splashDamageRadius": 72,
				"splashDamage": 360,
				"lightningDamage": 180,
				"lightning": 3,
				"lightningLength": 12,
				"lightningLengthRand": 3,
				"fragRandomSpread": 0,
				"fragBullets": 1,
				"fragLifeMin": 1,
				"fragVelocityMin": 1,
				"fragBullet": {
					"type": "BasicBulletType",
					"collides": false,
					"hittable": false,
					"absorbable": false,
					"width": 60,
					"height": 60,
					"speed": 0.1,
					"lifetime": 60,
					"homingRange": 180,
					"homingPower": 0.5,
					"sprite": "mine-bullet",
					"hitEffect": {
						"type": "WrapEffect",
						"effect": "dynamicSpikes",
						"color": "FEEBB3",
						"rotation": 80
					},
					"statusDuration": 80,
					"status": "崩溃",
					"splashDamageRadius": 80,
					"splashDamage": 80,
					"backColor": "FEEBB3",
					"frontColor": "FFFFFF",
					"spin": 10,
					"shrinkX": 0.5,
					"shrinkY": 0.5,
					"hitSound": "plasmaboom",
					"hitShake": 8,
					"bulletInterval": 2.5,
					"intervalBullets": 2,
					"intervalRandomSpread": 35,
					"intervalBullet": {
						"type": "BasicBulletType",
						"hitShake": 3,
						"damage": 120,
						"splashDamageRadius": 35,
						"splashDamage": 28,
						"lightningDamage": 24,
						"lightning": 2,
						"lightningLength": 9,
						"lightningLengthRand": 6,
						"speed": 9,
						"drag": -0.02,
						"lifetime": 10,
						"width": 9,
						"height": 23,
						"pierceArmor": true,
						"backColor": "FEEBB3",
						"frontColor": "E3E3E3",
						"trailLength": 6,
						"trailWidth": 2,
						"trailColor": "FEEBB3",
						"hitEffect": {
							"type": "WrapEffect",
							"effect": "dynamicSpikes",
							"color": "FEEBB3",
							"rotation": 35
						},
						"despawnEffect": {
							"type": "ParticleEffect",
							"particles": 3,
							"sizeInterp": "pow5In",
							"sizeFrom": 8,
							"sizeTo": 0,
							"length": 35,
							"baseLength": 0,
							"lifetime": 20,
							"colorFrom": "FEEBB3",
							"colorTo": "FEEBB3"
						},
						"hitSound": "laser",
						"hitSoundVolume": 0.3,
						"status": "崩溃",
						"statusDuration": 20
					}
				}
			}
		}
	]
}