{
"Name": "[purple]超 级 爬 爬",
"type": "mech",
	"rotateSpeed": 3,
	"ammoType": "surge-alloy",
	"ammoCapacity": 60,
	"trailLength": 24,
	"waveTrailX": 0,
	"waveTrailY": -6,
	"trailScl": 2,
	"hitSize": 10,
	"health": 3000,
	"armor": 2,
	"faceTarget": false,
	"details": "奇思妙想这一块  (雾)",
	"abilities": [
	{
            "type": "UnitSpawnAbility",
            "unit": "奇思妙想-超 级 爬 爬的复制体",
            "spawnX": 0,
            "spawnY": 0,
            "spawnTime": 600
        },
        {//死亡时产生单位
			"type": "SpawnDeathAbility",
			"unit": "超 级 爬 爬",
			"amount": 1,//固定数量
			"randAmount": 2//随机数量
	},
		{
			"type": "LiquidExplodeAbility",
			"liquid": "奇思妙想-松节油",
			"amount": 1000,
			"radScale": 850
		}]
	"details": "卡服神器!",
	"speed": 1.3,
	"health": 1000,
	"weapons": [
		{
			"name": "爬虫1",
			"reload": 10,
			"x": 0,
			"y": 0,
			"rotate": false,
			"shootCone": 270,
			"ejectEffect": "none",
			"shootSound": "explosionbig",
			"mirror": false,
			"inaccuracy": 0,
			"alternate": true,
			"top": false,
			"shootOnDeath": true,
			"bullet": {
				"killShooter": true,
				"splashDamageRadius": 68,
				"instantDisappear": true,
				"collides": false,
				"splashDamage": 375,
				"speed": 1,
				"lifetime": 10,
				"hitEffect": "massiveExplosion",
				"despawnEffect": {
					"type": "MultiEffect",
					"effects": [
						{
							"type": "ParticleEffect",
							"particles": 18,
							"sizeFrom": 6,
							"sizeTo": 0,
							"length": 45,
							"baseLength": 3,
							"lifetime": 35,
							"colorFrom": "737373",
							"colorTo": "737373"
						},
						{
							"type": "ParticleEffect",
							"particles": 32,
							"line": true,
							"length": 53,
							"baseLength": 20,
							"lifetime": 22,
							"colorFrom": "FFFFFF",
							"colorTo": "FFE176"
						},
						{
							"type": "WaveEffect",
							"lifetime": 15,
							"sizeFrom": 0,
							"sizeTo": 70,
							"strokeFrom": 4,
							"strokeTo": 0,
							"colorFrom": "FFE176",
							"colorTo": "FFFFFF"
						}
					]
				},
				"width": 0,
				"height": 0
			}
		}
	]
		"ammoType":"奇思妙想-火箭弹",
}