{
"Name": "[red]超 级 尖 刀",
"type": "mech",
	"rotateSpeed": 3,
	"ammoType": "surge-alloy",
	"ammoCapacity": 60,
	"trailLength": 24,
	"waveTrailX": 0,
	"waveTrailY": -6,
	"trailScl": 2,
	"hitSize": 10,
	"health": 3000,
	"armor": 2,
	"faceTarget": false,
	"details": "一只头脑简单的尖刀awa  (雾)",
	"health": 250,
	"boostMultiplier": 1.5,
	"engineOffset": 5,
	"engineSize": 2,
	"canBoost": true,
	"abilities": [
	{
            "type": "UnitSpawnAbility",
            "unit": "超 级 尖 刀的复制体",
            "spawnX": 0,
            "spawnY": 0,
            "spawnTime": 600
        },
        {//死亡时产生单位
			"type": "SpawnDeathAbility",
			"unit": "超 级 尖 刀",
			"amount": 1,//固定数量
			"randAmount": 0//随机数量
	},]
	"weapons": [
		{
			"name": "尖刀1",
			"reload": 10,
			"x": 4.5,
			"y": -0.5,
			"rotate": false,
			"inaccuracy": 0,
			"alternate": true,
			"top": false,
			"ejectEffect": "casing1",
			"bullet": {
				"damage": 175,
				"speed": 8,
				"lifetime": 20,
				"width": 5,
				"height": 8
			}
		},
			{
			"name": "尖刀1",
			"reload": 10,
			"x": 4.5,
			"y": 0,
			"rotate": false,
			"inaccuracy": 0,
			"alternate": true,
			"top": false,
			"ejectEffect": "casing1",
			"bullet": {
				"damage": 175,
				"speed": 8,
				"lifetime": 20,
				"width": 5,
				"height": 8
			}
		}
	]
}