{
    "type": "battery",
    "size": 3,
    "health": 600,
    "category": "power",
    "research":"battery-large",
	"drawer":{
		"type":"DrawMulti",
		"drawers":[
			"DrawDefault",
			{"type":"DrawPower",
			"emptyLightColor":"ffffff",
			"fullLightColor":"#E2603F"},
			{"type":"DrawRegion",
			"suffix":"-top"}
			]
	},
    "requirements": [
        {"item": "copper", "amount": 1800},
        {"item": "lead", "amount": 400},
        {"item": "silicon", "amount": 400},
        {"item": "titanium", "amount": 200},
        {"item": "致密金属块","amount":120}
        ],
    "consumes": {
            "powerBuffered": 300000
    }
}