{
	"type": "battery",
	"size":1,
	"health":1000,
	"drawer":{
		"type":"DrawMulti",
		"drawers":[
			"DrawDefault",
			{"type":"DrawPower",
			"emptyLightColor":"ffffff",
			"fullLightColor":"#10DEDE"},
			{"type":"DrawRegion",
			"suffix":"-top"}
			]
	},
	"requirements": [
		{"item": "致密金属块", "amount":40},
		{"item": "强化合金块", "amount":40},
		{"item": "lead", "amount":80},
		{"item": "silicon", "amount":80}
	],
	"consumes": { "powerBuffered": 100000},
  "category":"power",
  "research":"battery"
}
