{
    "type":"PowerTurret",
	"size": 2,
	"name":"炮塔",
	"description":"介绍",
	"category":"turret",
	"health": 10,//血量（回来记得删//和后面的中文）
	"reload": 60,
	"range": 400,
	"shots" : 1,
	"targetAir" : false, 
	"targetGround" : true,
	"shootCone" : 2,
	"rotateSpeed": 3,
	"consumes": {
	     "power": 4,
	     "coolant": {
           "amount": 0.2,
           "optional": true
          }
    },
	"hasPower" : true,
	"liquidCapacity": 20,
    "shoot":{
		"type":"ShootPattern",
		"firstShotDelay":60
		"type": "ShootBarrel",
		"shots": 2,
		"shotDelay": 30,
		"barrels": [
			0, 1, 0,
		],
	},
	"moveWhileCharging": true,
    "chargeSound":"lasercharge2",
    "shootSound" : "laserbig",
	"shake":2,
	"inaccuracy": 0,
	"recoil": 2,
	"recoilTime":180,
	"shootType": {
    "type": "LaserBulletType",
    "damage": 210,
    "colors": ["C0c0c0", "#8A2BE2", "C0c0c0"],
    "hitSize": 12,
    "lifetime": 28.00,
    "drawSize": 500.00,
    "collidesAir": false,
    "length": 420,
    "ammoMultiplier": 1
    	
  },
  "drawer":{
    "type":"DrawTurret",
    "parts":[
{
    "type": "HaloPart",
    "rotateSpeed": 0,
    "shapes": 2,
    "color": "#A020F0", 
    "tri": true,
    "hollow": false,
    "stroke": 1,
    "strokeTo": 0,
    "radius": 3,
    "radiusTo": 2,
    "triLength": 3,
    "triLengthTo": 3, 
    "haloRadius": 6,
    "haloRotation": 0,
    "haloRotateSpeed": 1,
    "layer":110 ,
	"x":0,
	"y":10.44
}
{
    "type": "HaloPart",
    "rotateSpeed": 0,
    "shapes": 2,
    "color": "#A020F0", 
    "tri": true,
    "hollow": false,
    "stroke": 1,
    "strokeTo": 0,
    "radius": 3,
    "radiusTo": 2,
    "triLength": 3,
    "triLengthTo": 3, 
    "haloRadius": 6,
    "haloRotation": 0,
    "haloRotateSpeed": -1,
    "layer":110 ,
	"x":0,
	"y":10.44
}
{
    "type": "HaloPart",
    "rotateSpeed": 1,
    "sides": 4,  
    "shapes": 1,
    "color": "#A020F0", 
    "tri": false,
    "hollow": true,
    "stroke": 0.8,
    "strokeTo": 0.8,
    "radius": 4.3,
    "radiusTo": 4.3,
    "triLength": 3,
    "triLengthTo": 3, 
    "haloRadius": 0,
    "haloRotation": 0,
    "haloRotateSpeed": 0,
    "layer":110 ,
	"x":0,
	"y":10.44
}{
    "type": "HaloPart",
    "rotateSpeed": -1,
    "sides": 4,  
    "shapes": 1,
    "color": "#A020F0", 
    "tri": false,
    "hollow": true,
    "stroke": 0.8,
    "strokeTo": 0.8,
    "radius": 4.3,
    "radiusTo": 4.3,
    "triLength": 3,
    "triLengthTo": 3, 
    "haloRadius": 0,
    "haloRotation": 0,
    "haloRotateSpeed": 0,
    "layer":110 ,
	"x":0,
	"y":10.44
}
    ]
},
	"requirements": [
	{
		"item": "copper","amount":1,
		"item": "copper","amount":1,
		"item": "copper","amount":1
	},
	],
	"research": "科技树名字"
}