{
    "type":"ItemTurret",
    "name":"龙鳞",
    "description": "是时候让敌人认识到真正的火炮了！",
    "details":"（我突然想到一件事，我贴图是缝合的。┭┮﹏┭┮)",
    "health": 5090,
    "size": 4,
    "reload": 300,
    "inaccuracy": 1,
    "ammoPerShot": 1,
    "roatespeed": 40,
    "maxAmmo": 100,
    "targetAir":true,
    "targetGround": true,
    "canOverdrive":false,
    "range": 1000,
    "shake": 0.5,
    "ammoUseEffect": "casing2",
    "shootSound":"shotgun",
    "recoil": 4,
    "recoilTime": 25,
    "minWarmup": 0.2,
    "consumes":{
        "coolant":{
            "amount":0.4,
            "optional":true
     }
     },
"coolantMultiplier":5,
"drawer":{
    "type":"DrawTurret",
},
"shoot":{
    "type": "ShootAlternate",
    "shots": 1,
    "shotDelay":1
},
"ammoTypes":{
    "copper":{
        "speed":7.0,
        "damage":6.5,
        "lifetime":38,
        "width": 20,
        "height": 25,
        "ammoMultiplier": 2
    },
    "lead":{
        "speed":60,
        "damage":400,
        "reloadMultiplier": 2.0,
        "fragBullets": 3,
        "fragBullet": {
				"speed": 1.5,
				"damage":2.2,
				"lifetime": 38
			},
        "fragVelocityMin": 0.8,
        "fragVelocityMax": 1.8,
        "fragRandomSpread":90,
        "fragSpread":20,
        "lifetime":38,
        "width": 5.5,
        "height": 8,
        "ammoMultiplier": 2
    },
    "铁": {"speed":60,
    "damage":800,
    "fragBullets": 1,
    "fragBullet": {
            "speed": 4,
            "damage": 10,
            "lifetime": 400
         },
    "fragVelocityMin": 0.9,
    "fragVelocityMax": 2,
    "fragRandomSpread":30,
    "fragSpread":50,
    "lifetime":38,
    "width": 6,
    "height": 7,
    "ammoMultiplier": 4
    }
    "blast-compound": {"speed":60,
    "damage":1000,
    "fragBullets": 10,
    "fragBullet": {
            "speed": 3,
            "damage": 40,
            "lifetime": 400
         },
    "fragVelocityMin": 0.9,
    "fragVelocityMax": 2,
    "fragRandomSpread":30,
    "fragSpread":15,
    "lifetime":38,
    "width": 6,
    "height": 7,
    "ammoMultiplier": 4
    }
},
"requirements": [
		"copper/90",
		"graphite/35",
		"titanium/30",
        "silicon/15",
        "metaglass/10"
         ],
    "category": "turret",
    "research": "星辉"
}