{
	"name": "便捷投影器",
	"description": "一格便捷投影器，",
	"type": "ForceProjector",
	"health":150 ,
	"size":1,
	"radius":100,
	"phaseUseTime": 15000
	"phaseRadiusBoost": 300//"buildCostMultiplier": 0.8,
	"basePowerDraw": 1.0
	"itemCapacity": 10,
	"shieldHealth":30000000000,
	"cooldownNormal":1,
	"cooldownLiquid":1,
	"cooldownBrokenBase":1,
"phaseShieldBoost":150
	"consumes":{
		"items":{
			"items":[
				{"item":"graphite","amount":1}
			],
			"booster":true
			"optional":true
		}
	},
	"requirements": [
	{ "item": "copper", "amount": 0 }
		{ "item": "graphite", "amount": 0 }
	],
	"category": "effect",
	"research":"6"
} 