{
  "name": "巨型绝缘墙",
  "description": "生命值比大型绝缘墙更多，相应的占地面积也更大，可以阻挡激光与闪电，但会阻止附近的电力节点自动链接。",
  "type": "Wall",
  "insulated": true,
  "absorbLasers": true,
  "health": 2000,
  "size": 3,
  "requirements": [
    {
      "item": "silicon",
      "amount": 36
    } 
    {
      "item": "metaglass",
      "amount":18
    }   
    {
      "item": "氧化物",
      "amount":24
    }
  ],
  "category": "defense",
  "research": {
   "parent": "大型绝缘墙"
  }
}
