{
  "name": "绝缘墙",
  "description": "可以阻挡激光与闪电，但会阻止附近的电力节点自动链接，缺点是生命值不高",
  "type": "Wall",
  "insulated": true,
  "absorbLasers": true,
  "health": 280,
  "size": 1,
  "requirements": [
    {
      "item": "silicon",
      "amount": 12
    } 
    {
      "item": "metaglass",
      "amount":6
    }   
    {
      "item": "氧化物",
      "amount":6
    }
  ],
  "category": "defense",
  "research": {
   "parent": "铁墙"
  }
}
