{
	"type": "flying",
	"name": "紧急修复机",
    "description": "简易的修复机，可以自动修复建筑",
	"defaultController": "RepairAI",
	"speed": 2.4,
	"drag": 0.1,
	"accel": 0.1,
	"rotateSpeed": 10,
	"ammoType": {
		"type": "PowerAmmoType",
		"totalPower": 100
	},
	"ammoCapacity": 20,
	"hitSize": 8,
	"flying": true,
	"faceTarget": true,
	"drawMinimap": true,
	"health": 800,
	"armor": 2,
	"engineColor": "84F490FF",
	"engineOffset":5,//引擎偏移
	"engineSize": 3,
	"itemCapacity": 50,
	"pickupUnits":false,
	"vulnerableWithPayloads": true
	"immunities": [
	"freezing"
	],
	"research": "alpha级辅助单位制造厂",
	/*"requirements": {
		"block": "air-factory",
		"time": 1500,
		"requirements": [
			"titanium/15",
			"silicon/20"]},*/
	"weapons": [
	        {
            "name": "修复器1",
 			"reload": 15,
			"x": 0,
			"y": 5,
			"shootY":0,
			"controllable": false,
			"autoTarget": true,
			"rotate": true,
			"top": false
			"rotateSpeed": 8,
			"mirror": false,
			"type":"RepairBeamWeapon",
			"beamWidth":0.4,
			"repairSpeed":2.5,
	"laserColor":"84F490FF",//激光颜色
		"healColor":"84F490FF",
        "targetUnits": true,
        "targetBuildings": true,
            "bullet": {			"maxRange":80}
		},
    ],
    "abilities": [
    ]
}