{
	"type": "missile",
	"template": "MissileUnitType",
	"speed": 0,
	"drag": 0,
	"accel": 0,
	"lifetime": 600,
	"rotateSpeed": 0,
	"ammoCapacity": 150,
	"hitSize": 5,
	"flying": false,
	"faceTarget": true,
	"drawMinimap": true,
	"health": 300,
	"armor": 2,
	"engineOffset": 0,
	"engineSize": 0,
	"itemCapacity": 0,
	"immunities": [
	],
	"research": "none",
	/*"requirements": {
		"block": "air-factory",
		"time": 1500,
		"requirements": [
			"titanium/15",
			"silicon/20"]},*/
	"weapons": [
    ],
    "abilities": [
        {
            "type": "ForceFieldAbility",
            "radius": 240,
            "regen": 20,
            "max": 8000,
            "cooldown": 300
        }
    ]
}