{
	"name": "劲敌",
	"description": "占领 一价段的挑战地图",
	"health":6666,
	"armor":0,
	"size": 1,
	"absorbLasers":true,
	"insulated":true,//绝缘
	"category": "logic",
	"type": "Wall",
	"buildCostMultiplier":0.001
	"requirements": [
    {"amount": 6666, "item": "铜"},
    {"amount": 6666, "item": "铅"}
    {"amount": 6666, "item": "石墨"}
    {"amount": 6666, "item": "硅"},
    {"amount": 6666, "item": "铁"}
    {"amount": 6666, "item": "石英"}
    {"amount": 6666, "item": "钢"},
    {"amount": 6666, "item": "碳钢"},
    {"amount": 6666, "item": "硅晶玻璃"}
    {"amount": 6666, "item": "波动合金"}
    {"amount": 6666, "item": "钢化玻璃"},
    {"amount": 6666, "item": "钛"}]
	"research": {
"parent":"教程通过"
"objectives": [
            {
				"type": "SectorComplete",
				"preset": "沙石基地(一阶段挑战地图)"
			}
	]
        },
            "canOverdrive": false,
            "researchCostMultiplier": 0
}