{
	"name": "基地首杀",
	"description": "占领 真菌通道",
	"health":3000
	"armor":0,
	"size": 1,
	"absorbLasers":true,
	"insulated":true,//绝缘
	"category": "logic",
	"type": "Wall",
	"buildCostMultiplier":0.001
	"requirements": [
    {"amount": 3000, "item": "铜"},
    {"amount": 3000, "item": "铅"}
    {"amount": 3000, "item": "石墨"}
    {"amount": 3000, "item": "硅"},
    {"amount": 3000, "item": "铁"}
    {"amount": 3000, "item": "石英"}
    {"amount": 3000, "item": "钢"},
    {"amount": 3000, "item": "硅晶玻璃"}
    {"amount": 3000, "item": "钢化玻璃"},
    {"amount": 3000, "item": "钛"}]
	"research": {
"parent":"教程通过"
"objectives": [
            {
				"type": "SectorComplete",
				"preset": "ES真菌通道"
			}
	]
        },
            "canOverdrive": false,
            "researchCostMultiplier": 0
}