{
	"name": "谁才是BOSS",
	"description": "击杀 尖刀队长",
	"health":3000,
	"armor":0,
	"size": 1,
	"absorbLasers":true,
	"insulated":true,//绝缘
	"category": "logic",
	"type": "Wall",
	"buildCostMultiplier":0.001
	"requirements": [
    {"amount": 3000, "item": "铜"},
    {"amount": 3000, "item": "铅"}
    {"amount": 3000, "item": "石墨"}
    {"amount": 3000, "item": "硅"}
    {"amount": 3000, "item": "石英"}]
	"research": {
"parent":"教程通过"
"objectives": [
            {
				"type": "SectorComplete",
				"preset": "ES冰冻森林"
			}
	]
        }
            "canOverdrive": false,
            "researchCostMultiplier": 0
}