{
	"name": "电解机",
	"type": "GenericCrafter",
	"category": "crafting",
	"description": "将水电解成氢和臭氧",

	"consumes": {
	"power": 2,
	"liquid": {
	"liquid": "water","amount": 0.2
	}	},
	"liquidOutputDirections": [1, 3],
	"outputLiquids": ["hydrogen/0.4", "ozone/0.2"],

	"drawer": {"type": "DrawMulti",
	"drawers": [
		{"type": "DrawRegion",
		"suffix": "-bottom"
		}, 
		{"type": "DrawLiquidTile",
		"drawLiquid": "water"
		},
		{"type": "DrawBubbles",
		"color": "2C2C2C",
		"sides": 10,
		"recurrence": 3,
		"spread": 6,
		"radius": 1.5,
		"amount": 20
		},
		"DrawRegion",
		"DrawLiquidOutputs",
		{"type": "DrawGlowRegion",
		"alpha": 0.7,
		"color": "C4BDF3",
		"glowIntensity": 0.3,
		"glowScale": 6
		}	]	}

	"research": {
	"parent": "acaa前哨核心"//科技树前置
	"requirements": [
	"graphite/200"
	"silicon/300"//研究花费
	"铁/400",
	"镍/300"

	]
	"objectives": [
//		"",//研究xx
	]	},


	"requirements": [
	"graphite/40",
	"silicon/50"//建造消耗
	"铁/50",
	"镍/30"

	],

	"itemCapacity": 20,
	"health": 900,
	"rotate":true,
	"size": 3,
	"hasPower": true,
	"hasLiquids": true,
	"craftTime": 60,
	"liquidCapacity": 40,
	"idleSound": "respawning",
	"idleSoundVolume": 0.5
}