{
	"type": "GenericCrafter",//类型
	"category": "crafting",//菜单栏
	"description": "将石墨和沙精炼成硅",//介绍
	"name": "硅冶炼炉",//名字

	"drawer":{"type":"DrawMulti",
	"drawers":["DrawDefault",
	"DrawFlame"]	}

	"research": {
	"parent": "agaa能量提取机"//科技树前置
	"requirements": [
	"graphite/30",
	"铁/25"//研究花费
	]	},

	"requirements": [//建造消耗
	"graphite/30",
	"铁/25"//研究花费
	],

	"consumes": {"power": 2,
	"items": {"items": [
	{ "item": "graphite", "amount": 2 },
	{ "item": "sand", "amount": 4 }	]	}	}

	"outputItems": [
	"silicon/2",
	],

	"size": 3,
	"health": 1200,
	"itemCapacity": 40,
	"hasPower": true,
	"hasLiquids": false,
	"hasItems": true,
	"craftTime": 60,
	"updateEffect":"none",
	"idleSound": "respawning",
	"idleSoundVolume": 0.5
}