{
	"type": "GenericCrafter",//类型
	"category": "crafting",//菜单栏
	"description": "改进了内部构造，让石墨和沙子燃烧更加充分，需要冰块降温，用更少的原材料还原更多单位的硅",//介绍
	"name": "裂弧重炉",//名字

	"drawer": {
		"type": "DrawMulti",
		"drawers": [
			"DrawDefault",
			{
				"type": "DrawParticles",
				"color": "FFD6BAFF",
				"alpha": 0.6,
				"particles": 30,
				"particleLife": 60,
				"particleRad": 8,
				"particleSize": 2,
				"fadeMargin": 0.5,
				"rotateScl": 4
			},
			"DrawFlame"
		]
	},

	"research": {
	"parent": "ahba硅冶炼炉"//科技树前置
	},

	"requirements": [
	"graphite/180",
	"silicon/200",//建造消耗
	"镍/150",
	"锡/100",
	"钢/130"
	
	],

	"consumes": {"power": 4,
	"items": {"items": [
	{ "item": "graphite", "amount": 6 },
	{ "item": "sand", "amount": 8 }
	{ "item": "冰", "amount": 3 }	]	}	}

	"outputItems": [
	"silicon/6",
	],

	"size": 4,
	"health": 2140,
	"itemCapacity": 60,
	"hasPower": true,
	"hasLiquids": false,
	"hasItems": true,
	"craftTime": 60,
	"updateEffect":"none",
	"idleSound": "respawning",
	"idleSoundVolume": 0.5
}