{
	"type": "HeatCrafter",
	"name": "热能硅冶炼炉",
	"description": "在高温下冶炼硅，效率与温度成正比",
	"outputItem": "silicon/3",
	"size": 4,
	"hasPower": true,
	"hasLiquids": false,
	"hasItems": true,
	"craftTime": 60,
	"health": 2340,
	"heatRequirement":5
	"itemCapacity": 40,
"drawer": {
		"type": "DrawMulti",
		"drawers": [
			"DrawDefault",
			{
				"type": "DrawParticles",
				"color": "FFD6BAFF",
				"alpha": 0.6,
				"particles": 30,
				"particleLife": 60,
				"particleRad": 8,
				"particleSize": 2,
				"fadeMargin": 0.5,
				"rotateScl": 4
			},
			"DrawFlame"
		]
	},
	"consumes": {
		"power": 4,
		"items": [
			"graphite/3",
			"sand/6"
		]
	},
	"requirements": [
	"graphite/230",
	"silicon/300",//建造消耗
	"镍/180",
	"锡/100",
	"钢/150"
	],
	"category": "crafting",
	"ambientSound": "smelter",
	"research": "ahbb裂弧重炉"
}