{
"name":"钢冶炼厂"
	"type": "GenericCrafter",
	"size": 3,
	"itemCapacity": 30,
	"health": 1040,
	"description":"将铁和镍熔炼为钢",
	"details":"百炼成钢",
	"consumes": {
		"power": 4,
		"items": {
			"items": [
				"铁/2",
				"镍/1",
			]
		}
	},
	"updateEffect": "burning",
	"updateEffectChance": 0.1,
	"craftTime": 45,
	"outputItem": "钢/1",
	"requirements": [
	"silicon/80",
		"graphite/75",
		"铁/70",
		"镍/100"
	],
	"drawer": {
		"type": "DrawMulti",
		"drawers": [
			"DrawDefault",
			{
				"type": "DrawFlame",
				"flameColor": "CCCCCCFF"
			}
		]
	},
	"category": "crafting",
	"research":{
	"parent":"ahba硅冶炼炉"
	"objectives": [
//		"",//研究xx
		{"type": "SectorComplete",//占领地图
		"preset": "异域峡谷"},
		]
	},
}