{
	"type": "HeatCrafter",//类型
	"category": "crafting",//菜单栏
	"description": "将煤炭和锡冶炼为碳化锡，需要持续提供热量，效率与热量成正比",//介绍
	"name": "碳化锡冶炼炉",//名字

	"drawer":{"type":"DrawMulti",
	"drawers":["DrawDefault",
	"DrawFlame"]	}
	"heatRequirement":4
	"research": {
	"parent": "ahba硅冶炼炉"//科技树前置
		"objectives": [
//		"",//研究xx
		{"type": "SectorComplete",//占领地图
		"preset": "陨星平原"},
		]
	},

	"requirements": [//建造消耗
	"silicon/60",
		"graphite/80",
		"铁/120",
		"锡/90"
	],

	"consumes": {"power": 3,
	"items": {"items": [
	{ "item": "coal", "amount": 1 },
	{ "item": "锡", "amount": 2 }	]	}	}

	"outputItems": [
	"碳锡/1",
	],


	"size": 3,
	"health": 1200,
	"itemCapacity": 40,
	"hasPower": true,
	"hasLiquids": false,
	"hasItems": true,
	"craftTime": 60,
	"updateEffect":"none",
	"idleSound": "respawning",
	"idleSoundVolume": 0.5
}