{"name": "大型纺织厂",
"health": 2520,
"description":"将铝充分粉碎后制成纤维物与沙子高效混合形成相织布",
	"type": "GenericCrafter",
	"size": 4,
	"itemCapacity": 30,
	"consumes": {
		"power": 8,
		"items": {
			"items": [
				"铝/7",
				"sand/15",
			]
		}
		"liquids":[
    		{"liquid":"ozone","amount":0.25},
    	]
	},
	"updateEffect": {
		"type": "WaveEffect",
		"sides": 6,
		"lifetime": 60,
		"sizeFrom": 0,
		"sizeTo": 9,
		"strokeFrom": 2,
		"strokeTo": 0,
		"rotation": 90,
		"colorFrom": "FFF1D2",
		"colorTo": "FFD197"
	},
	"craftTime": 120,
	"outputItem": "phase-fabric/5",
	"requirements": [
		"镍/350",
		"锡/300",
		"钢/360",
		"海棱晶/160"
		"phase-fabric/220"
	
	],
	"drawer": {
		"type": "DrawMulti",
		"drawers": [
			{
				"type": "DrawRegion",
				"suffix": "-bottom"
			},
			"DrawWeave",
			"DrawDefault",
			{
				"type": "DrawPulseShape",
				"color": "FFD59E",
				"stroke": 1,
				"timeScl": 120,
				"minStroke": 0,
				"layer": 110,
				"square": false
			}
		]
	},
	"ambientSound": "techloop",
	"ambientSoundVolume": 0.05,
	"category": "crafting",
	"research":{
	"parent":"ahfa相织布制造厂"
	"objectives": [
//		"",//研究xx
		{"type": "SectorComplete",//占领地图
		"preset": "世纪山脉"},
		]
	},
}