{
"name":"相织充能机"
"type": "GenericCrafter",
"description":"使用电力及相织布本身对相织布进行充能，获取更高级的材料。需要冷冻液来降温",
	"size": 4,
	"itemCapacity": 40,
	"baseEfficiency": 0,
	"boostScale": 0.28,
	"minEfficiency": 1,
	"maxBoost": 2.5,//最大超速
	"consumes": {
		"power": 12,
		"items": {
			"items": [
				"phase-fabric/4"
			]
		},
		"liquid": "cryofluid/0.3"
	},
	"craftTime": 240,
"craftEffect": {
		"type": "MultiEffect",
		"effects": [
			{
				"type": "WaveEffect",
				"interp": "circleOut",
				"lifetime": 25,
				"sizeFrom": 0,
				"sizeTo": 24,
				"strokeFrom": 6,
				"strokeTo": 0,
				"colorFrom": "FFD37FFF",
				"colorTo": "D4816BFF"
			},
			{
				"type": "WaveEffect",
				"interp": "circleOut",
				"startDelay": 8,
				"lifetime": 15,
				"sizeFrom": 0,
				"sizeTo": 24,
				"strokeFrom": 6,
				"strokeTo": 0,
				"colorFrom": "FFD37FFF",
				"colorTo": "D4816BFF"
			}
		]
	},
	"outputItem": "相织能/2",
	"requirements": [
	"silicon/175"
		"镍/250",
		"钢/175",
		"海棱晶/100",
		"phase-fabric/75",
	

	],
	"drawer": {
		"type": "DrawMulti",
		"drawers": [
			{
				"type": "DrawRegion",
				"suffix": "-bottom"
			},
			"DrawDefault",
			"DrawFade",
			{
				"type": "DrawParticles",
				"color": "FFD37FFF",
				"alpha": 0.6,
				"particles": 30,
				"particleLife": 120,
				"particleRad": 18,
				"particleSize": 1.5,
				"fadeMargin": 0.5,
				"rotateScl": 0.5
			}
		]
	},
	"category": "crafting",
	"research": "ahfa相织布制造厂"
}