{
  "type": "GenericCrafter",
  "name":"相位同化机",
"description":"使用巨量电力和相织布批量制作相织能，在原先的基础上大幅度减少原料消耗",
  "health":4096,
  	"updateEffect": {
		"type": "WaveEffect",
		"sides": 6,
		"lifetime": 40,
		"sizeFrom": 0,
		"sizeTo": 6,
		"strokeFrom": 2,
		"strokeTo": 0,
		"rotation": 90,
		"colorFrom": "FFD37FFF",
		"colorTo": "EAB678FF"
	},
"drawer": {
		"type": "DrawMulti",
		"drawers": [
			{
				"type": "DrawRegion",
				"suffix": "-bottom"
			},
					"DrawDefault",
		      {
        "type": "DrawMultiWeave",
        "glowColor": "FFD37FFF"
      },
		]
	},
  "size": 4,
  "hasPower": true,
  "hasItems": true,
  "itemCapacity": 120,
  "craftTime": 600,
  "updateEffectChance": 0.03,
"craftEffect": {
		"type": "MultiEffect",
		"effects": [
			{
				"type": "WaveEffect",
				"interp": "circleOut",
				"lifetime": 25,
				"sizeFrom": 0,
				"sizeTo": 24,
				"strokeFrom": 6,
				"strokeTo": 0,
				"colorFrom": "FFD37FFF",
				"colorTo": "D4816BFF"
			},
			{
				"type": "WaveEffect",
				"interp": "circleOut",
				"startDelay": 8,
				"lifetime": 15,
				"sizeFrom": 0,
				"sizeTo": 24,
				"strokeFrom": 6,
				"strokeTo": 0,
				"colorFrom": "FFD37FFF",
				"colorTo": "D4816BFF"
			}
		]
	},
  "consumes": {
    "power": 360,
    "items": {
      "items": [
        "phase-fabric/24",
      ]
    }
  },
  "requirements": [
	"silicon/375"
		"铝/300",
		"碳锡/250",
		"钢/650",
		"海棱晶/450",
		"phase-fabric/650",
  ],
  "category": "crafting",
	"research":{
	"parent":"ahfc相织充能机"
	"objectives": [
//		"",//研究xx
		{"type": "SectorComplete",//占领地图
		"preset": "丝绸之路"},
		]
	},
  "outputItems": [
    "相织能/30"
  ]
}