{
	"type": "GenericCrafter",
	"name":"冷冻液混合机",
	"description": "使用先进的技术将水和冰混合制成冷冻液",
	"size": 3,
	"itemCapacity": 36,
	"liquidCapacity": 36,
	"consumes": {
		"power": 6,
		"items": {
			"items": [
				"冰/6"
			]
		},
		"liquid": "water/0.333333333"
	},
	"updateEffect": "freezing",
	"craftTime": 60,
	"outputLiquid": "cryofluid/0.666666666",
	"requirements": [
	"silicon/80",
		"镍/140",
		"铝/100",
		
	],
	"drawer": {
		"type": "DrawMulti",
		"drawers": [
			{
				"type": "DrawRegion",
				"suffix": "-bottom"
			},
			{
				"type": "DrawLiquidTile",
				"drawLiquid": "water"
			},
			{
				"type": "DrawLiquidTile",
				"drawLiquid": "cryofluid"
			},
			"DrawDefault",
			{
				"type": "DrawGlowRegion",
				"alpha": 1,
				"glowScale": 5,
				"color": "0097F5"
			}
		]
	},
	"category": "crafting",
"research":{
	"parent":"ahda冰块制造厂"
	"objectives": [
//		"",//研究xx
		{"type": "SectorComplete",//占领地图
		"preset": "陨星平原"},
		]
	},
}