{
"name":"血钢重组机"
"description":"将生物组织和其他无机物打碎重组在一起",//介绍
"details":"我好像听到了有什么东西在痛苦的哀嚎",//剧情
	"type": "GenericCrafter",
	"size": 3,
	"itemCapacity": 40,
	"consumes": {
		"power": 12,
		"items": {
			"items": [
				"生物组织/2",
				"phase-fabric/1",
				"锡/2",
			]
		}
	},
	"updateEffect": "burning",
	"updateEffectChance": 0.1,
	"craftTime": 120,
	"outputItem": "血钢/3",
	"requirements": [
	"silicon/170",
		"钢/235",
		"phase-fabric/85"
		"生物组织/150",
	],
	"drawer": {
		"type": "DrawMulti",
		"drawers": [
			"DrawDefault",
			{
				"type": "DrawParticles",
				"color": "E78F92FF",
				"alpha": 0.6,
				"particles": 30,
				"particleLife": 60,
				"particleRad": 8,
				"particleSize": 2,
				"fadeMargin": 0.5,
				"rotateScl": 4
			},
			"DrawFlame"
		]
	},
	"category": "crafting",
	"research": "ahha血肉提纯机"
}