{
"name":"铝制子弹加工厂"
	"type": "GenericCrafter",
	"description":"能生产铝制子弹，为前线炮台供给弹药",
	"size": 3,
	"itemCapacity": 80,
	"craftTime": 120,
	"outputItem": "铝制子弹/8",
	"updateEffect": {
		"type": "WaveEffect",
		"sides": 8,
		"lifetime": 20,
		"sizeFrom": 0,
		"sizeTo": 5,
		"strokeFrom": 2,
		"strokeTo": 0,
		"rotation": 90,
		"colorFrom": "C9DDE3FF",
		"colorTo": "9AAFB5FF"
	},
	"consumes": {
	"power": 6,
    	"items": {
			"items": [
			"铁/2",
				"铝/2",
			]
		}
	},
	"requirements": [
	"silicon/150"
	"镍/140",	
		"铝/170",
		"碳锡/125",

	
	],
		"drawer": {
		"type": "DrawMulti",
		"drawers": [
			{
				"type": "DrawRegion",
				"suffix": "-bottom"
			},
			{
				"type": "DrawPistons",
				"sinMag": 2.75,
				"sinScl": 3,
				"sides": 8,
				"sideOffset": 1.57079633 //同向螺旋运动，3.14159265为反向螺旋运动，0为内缩
			},
				"DrawDefault",
			{
				"type": "DrawRegion",
				"suffix": "-mid"
			},
			"DrawFade",
			{
				"type": "DrawGlowRegion",
				"alpha": 1,
				"glowScale": 5.652,
				"color": "F0511D"
			}
		]
	},
	"ambientSound": "shield",
	"category": "crafting",
"research":{
"objectives": [
//		"",//研究xx
		{"type": "SectorComplete",//占领地图
		"preset": "陨星平原"},
		]
	"parent":"ahba硅冶炼炉",
},
}