{
  "type": "HeatProducer",
  "name": "矿渣制热机",
  "description": "利用矿渣制热",
  "health": 580,
  "size": 2,
  "hasPower": false,
  "hasLiquids": true,
  "hasItems": false,
  "craftTime": 60,
  "liquidCapacity": 120,
  "heatOutput": 4,
  "drawer": {
    "type": "DrawMulti",
    "drawers": [
      {
        "type": "DrawRegion",
        "suffix": "-bottom"
      },
      {
        "type": "DrawLiquidTile",
        "drawLiquid": "slag"
      },
      {
        "type": "DrawDefault"
      },
      {
        "type": "DrawHeatOutput"
      }
    ]
  },
  "consumes": {
    "liquid": {
      "liquid": "slag",
      "amount": 0.3333333333
    }
  },
  "requirements": [
    "silicon/90",
    "镍/65",
    "锡/70"
  ],
  "category": "crafting",
  "research": {
    "parent": "aiaa电制热机",
    //科技树前置
  }
}