{
    "name":"前线核心",
    "type":"CoreBlock",
    "description": "为了应对资源短缺而研发的特殊核心，尽管并没有非常大的装载量，但是他无论是作为先遣侦查还是紧急撤离都是非常好用的存在",
    "requirements": [
    {"amount": 200, "item": "copper"},
    {"amount": 140, "item": "lead"},
    {"amount": 50, "item": "silicon"},
    ],
    "unitType":"nova",
    "health": 800,
    "itemCapacity": 1000,
    "size": 3,
    "research": {
	"parent":"core-shard"
	"objectives": [
            {
				"type": "SectorComplete",
				"preset": "craters"
			}
	]
	}
    "unitCapModifier": 6,
    "category": "effect"
    "researchCostMultiplier": 0.5
}