{
	"type":"legs",
	"legCount":8,
	"legMoveSpace":0.8,
	"legPairOffset":1.5,
	"stepShake":1,
	"legExtension":-20,
	"legLength":72,
	"legBaseOffset":25,
	"legSpeed":0.2,
	"legLengthScl":1.1,
	"rippleScale":1,
	"lockLegBase":false,
	"legContinuousMove":false,
	"legSplashDamage":120,
	"legSplashRange":30,
	"allowLegStep":true,
	"hovering":true,
	"outlineColor":"2E2F34FF",

	"immunities":[
	"sapped",
	"shadowflame",
	"wulfrum-amplify"
	],

	"research":{
	"parent":"distort",
	"requirements":[
	"chromium/6000",
	"metaglass/5000",
	"silicon/13000"
	]
	"objectives":[
	"rudiment-assembler-module",
	"senior-refabricator",
		]	},

	"speed":0.6,
	"rotateSpeed":1,
	"hitSize":60,
	"health":43580,
	"faceTarget":true,
	"armor":50,
	"drag":0.4,
	"range":390,
	"aimDst":130,

	"weapons":[
		{"name":"collapse-weapon",
		"x":0,"y":0,
		"shootY":25.75,
		"mirror":false,
		"rotate":false,
		"recoil":0,
		"cooldownTime":540,
		"continuous":true,
		"velocityRnd":0.22,
		"reload":600,
		"soundPitchMin":1,
		"chargeSound":"lasercharge",
		"shootSound":"ArtemisSpinLaserbeam",
		"shootStatus":"unmoving",
		"shootStatusDuration":90,
		"heatColor":"BF92F9FF",

		"shoot":{
		"type":"shootPattern",
		"firstShotDelay":90,
		},

		"parts":[
		{"type":"RegionPart",
		"suffix":"-blade",
		"mirror":true,
		"moveX":7,"moveY":-7,
		"heatColor":"BF92F9FF",
		"progress":{
		"type":"warmup",
		"op":"delay",
		"amount":0.65
		}	},
	{"type":"shapePart",
	"y":25.75,
	"hollow":true,
	"circle":true,
	"layer":110,
	"color":"BF92F9FF",
	"stroke":0,
	"strokeTo":4,
	"radius":0
	"radiusTo":10,
	},
	{"type":"HaloPart",
	"tri":true,
	"y":25.75,
	"radius":10,
	"layer":110,
	"color":"BF92F9FF",
	"haloRotateSpeed":-1.3,
	"haloRadius":10,
	"haloRadiusTo":10,
	"stroke":0,
	"strokeTo":10,
	"shapes":2,
	"triLength":0
	"triLengthTo":15,
	},
	{"type":"HaloPart",
	"tri":true,
	"y":25.75,
	"radius":10,
	"layer":110,
	"color":"BF92F9FF",
	"haloRotateSpeed":0.8,
	"haloRadius":10,
	"haloRadiusTo":10,
	"stroke":0,
	"strokeTo":10,
	"shapes":2,
	"triLength":0
	"triLengthTo":35,
	},
	{"type":"shapePart",
	"y":25.75,
	"circle":true,
	"layer":115,
	"color":"000000FF",
	"radiusTo":10,
	"radius":0
	}	],

	"bullet":{
		"damage":150,
		"length":420,"width":12,
		"status":"shadowflame",
		"statusDuration":600,
		"hitEffect":"hitMeltHeal",
		"drawSize":300,
		"lifetime":600,
		"shake":6,
		"type":"ContinuousLaserBulletType",
		"colors":["EB7ABE","E189F5","907EF7","91A4FF","FFFFFF"],

		"chargeEffect":{
		"type":"multiEffect",
		"lifetime":80,
		"effects":[
		{"type":"WaveEffect",
		"lifetime":85,
		"sizeFrom":75,
		"sizeTo":0,
		"interp":"pow3In",
		"strokeFrom":0,
		"strokeTo":6,
		"colorFrom":"907EF7",
		"colorTo":"91A4FF"
		},
		{"type":"ParticleEffect",
		"line":true,
		"particles":5,
		"lifetime":80,
		"offset":50,
		"length":120,
		"baseLength":-120,
		"cone":360,
		"interp":"pow3In",
		"sizeInterp":"pow5Out",
		"strokeFrom":0,
		"strokeTo":2,
		"lenFrom":0,
		"lenTo":7,
		"colorFrom":"91A4FF",
		"colorTo":"907EF7"
		},
		{"type":"ParticleEffect",
		"line":true,
		"particles":5,
		"lifetime":70,
		"offset":50,
		"length":100,
		"baseLength":-100,
		"cone":360,
		"interp":"pow3In",
		"sizeInterp":"pow5Out",
		"strokeFrom":0,
		"strokeTo":2,
		"lenFrom":0,
		"lenTo":6,
		"colorFrom":"91A4FF",
		"colorTo":"907EF7"
		},
		{"type":"ParticleEffect",
		"line":true,
		"particles":5,
		"lifetime":60,
		"offset":50,
		"length":80,
		"baseLength":-80,
		"cone":360,
		"interp":"pow3In",
		"sizeInterp":"pow5Out",
		"strokeFrom":0,
		"strokeTo":2,
		"lenFrom":0,
		"lenTo":5,
		"colorFrom":"91A4FF",
		"colorTo":"907EF7"
		},
		{"type":"ParticleEffect",
		"particles":1,
		"sizeFrom":1,
		"sizeTo":14,
		"interp":"swingOut",
		"length":0,
		"lifetime":90,
		"colorFrom":"907EF7",
		"colorTo":"907EF7",
		"cone":360
		},
		{"type":"ParticleEffect",
		"particles":1,
		"sizeFrom":1,
		"sizeTo":7,
		"interp":"swingOut",
		"length":0,
		"lifetime":90,
		"colorFrom":"FFFFFFF",
		"colorTo":"FFFFFFF",
		"cone":360
		}	]	},

		"intervalBullets":1,
		"bulletInterval":4,
		"intervalRandomSpread":8,
		"intervalBullet":{
		"type":"BasicBulletType",
		"width":10,"height":17,
		"sprite":"calamity-pointy-bullet",
		"frontColor":"FFFFFF",
		"backColor":"BF92F9FF",
		"lifetime":42,
		"damage":100,
		"speed":10,
		"shrinkY":0,
		"shrinkX":0,
		"weaveScale":2,
		"weaveMag":4,
		"homingRange":420,
		"homingDelay":4,
		"homingPower":0.01,

		"hitEffect":{
		"type":"multiEffect",
		"effects":[
			{
			"type":"ParticleEffect",
			"line":true,
			"particles":7,
			"lifetime":20,
			"offset":50,
			"length":105,
			"cone":-60,
			"lenFrom":11,
			"lenTo":11,
		"colorFrom":"665C9FFF",
		"colorTo":"BF92F9FF",
			}	]	},
		"trailColor":"BF92F9FF",
		"trailParam":6,
		"trailLength":12,
		"trailWidth":2.5
	}	}	},

	{"name":"distort-hold",
	"shootCone":45,
	"mirror":false,
	"reload":120,
	"y":-45,
	"xRand":60,

	"shoot":{
		"type":"shootPattern",
		"shots":8,
		"shotDelay":10
	},
	"inaccuracy":7,
	"rotate":false,
	"shootY":0,
	"shootSound":"malignShoot",
	"bullet":{
		"type":"BasicBulletType",
		"width":10,
		"height":17,
		"sprite":"calamity-pointy-bullet",
		"frontColor":"FFFFFF",
		"backColor":"BF92F9FF",
		"lifetime":50,
		"damage":120,
		"speed":8,
		"shrinkY":0,
		"shrinkX":0,
		"status":"shadowflame",
		"statusDuration":600,
		"homingRange":280,
		"homingDelay":0,
		"homingPower":3.6,
		"shootEffect":{
		"type":"multiEffect",
		"effects":[
			{"type":"WaveEffect",
			"lifetime":35,
			"sizeFrom":0,
			"sizeTo":23,
			"lightColor":"BF92F9FF",
			"interp":"circleOut",
			"strokeFrom":4,
			"strokeTo":0,
			"colorFrom":"BF92F9FF",
			"colorTo":"BF92F9FF"
			},
			{
			"type":"ParticleEffect",
			"particles":1,
			"sizeFrom":9,
			"sizeTo":0,
			"length":0,
			"layer":114,
			"region":"calamity-plasma-back",
			"interp":"swing",
			"lifetime":50,
			"colorFrom":"000000FF",
			"colorTo":"000000FF"
			},
			{
			"type":"ParticleEffect",
			"particles":1,
			"sizeFrom":10,
			"sizeTo":0,
			"length":0,
			"interp":"swing",
			"lifetime":50,
			"colorFrom":"BF92F9FF",
			"colorTo":"BF92F9FF"
			}	]	},

		"hitEffect":{
		"type":"ParticleEffect",
		"line":true,
		"particles":7,
		"lifetime":20,
		"offset":50,
		"length":105,
		"cone":-60,
		"lenFrom":11,
		"lenTo":11,
		"colorFrom":"665C9FFF",
		"colorTo":"BF92F9FF",
		}
		"homingPower":0.001,
		"homingRange":280,
		"homingDelay":10,
		"trailColor":"BF92F9FF",
		"trailParam":6,
		"trailLength":12,
		"trailWidth":2.5
	}	}	]
}
