{
	"type":"legs",
	"legCount":8,
	"legMoveSpace":0.8,
	"legPairOffset":2,
	"stepShake":1,
	"legExtension":-20,
	"legLength":57,
	"legBaseOffset":17,
	"legSpeed":0.2,
	"legLengthScl":1,
	"rippleScale":3,
	"legContinuousMove":false,
	"legSplashDamage":60,
	"legSplashRange":30,
	"allowLegStep":true,
	"hovering":true,//
	"outlineColor":"2E2F34FF",

	"research":{
	"parent":"jet",
	"requirements":[
	"chromium/6000",
	"metaglass/5000",
	"silicon/13000"
	]
	"objectives":[
	"rudiment-assembler-module",
	"senior-refabricator"
		]	},

	"immunities":[
	"sapped",
	"wulfrum-amplify",
	"shadowflame",
	"empI"
	],

	"abilities":[
	{"type":"ShieldArcAbility",
	"region":"calamity-distort-shield",
	"radius":34,
	"angle":135,
	"width":3.5,
	"regen":1,
	"cooldown":600,
	"max":3500,
	"x":0,"y":4.5,
	"whenShooting":false
	}	],

"parts":[
	{"type":"shapePart",
	"y":4,
	"hollow":true,
	"circle":true,
	"layer":110,
	"color":"BF92F9FF",
	"stroke":5.5,
	"strokeTo":5.5,
	"radiusTo":2.2,
	"radius":2.2
	},
	{"type":"shapePart",
	"y":4,
	"circle":true,
	"layer":115,
	"color":"000000ff",
	"radiusTo":3.2,
	"radius":3.2
	}	],

	"speed":0.52,
	"rotateSpeed":1.5,
	"hitSize":38.25,
	"health":22465,
	"faceTarget":true,
	"armor":30,
	"drag":0.4,
	"range":360,
	"maxRange":130,
	"aimDst":130,
	"rotateSpeed":2,

	"weapons":[
	{"name":"distort-hold",
	"shootCone":45,
	"mirror":false,
	"reload":150,
	"y":-45,
	"xRand":60,
	"shoot":{
		"type":"shootPattern",
		"shots":8,
		"shotDelay":10
	},
	"inaccuracy":7,
	"rotate":false,
	"shootY":0,
	"shootSound":"malignShoot",
	"bullet":{
		"type":"BasicBulletType",
		"width":10,
		"height":17,
		"sprite":"calamity-pointy-bullet",
		"frontColor":"FFFFFF",
		"backColor":"BF92F9FF",
		"lifetime":45,
		"damage":108,
		"speed":6,
		"shrinkX":0,"shrinkY":0,
		"status":"shadowflame",
		"statusDuration":180,
		"shootEffect":{
		"type":"multiEffect",
		"effects":[
			{"type":"WaveEffect",
			"lifetime":35,
			"sizeFrom":0,
			"sizeTo":23,
			"lightColor":"BF92F9FF",
			"interp":"circleOut",
			"strokeFrom":4,
			"strokeTo":0,
			"colorFrom":"BF92F9FF",
			"colorTo":"BF92F9FF"
			},
			{
			"type":"ParticleEffect",
			"particles":1,
			"sizeFrom":9,
			"sizeTo":0,
			"length":0,
			"layer":114,
			"region":"calamity-plasma-back",
			"interp":"swing",
			"lifetime":50,
			"colorFrom":"000000FF",
			"colorTo":"000000FF"
			},
			{
			"type":"ParticleEffect",
			"particles":1,
			"sizeFrom":10,
			"sizeTo":0,
			"length":0,
			"interp":"swing",
			"lifetime":50,
			"colorFrom":"BF92F9FF",
			"colorTo":"BF92F9FF"
			}	]	},

		"hitEffect":{
		"type":"ParticleEffect",
		"line":true,
		"particles":7,
		"lifetime":20,
		"offset":50,
		"length":105,
		"cone":-60,
		"lenFrom":11,
		"lenTo":11,
		"colorFrom":"665C9FFF",
		"colorTo":"BF92F9FF",
		}
		"homingPower":3.6,
		"homingRange":280,
		"homingDelay":1,
		"trailColor":"BF92F9FF",
		"trailParam":6,
		"trailLength":12,
		"trailWidth":2.5

		"fragRandomSpread":0,
		"fragBullets":1,
		"fragBullet":{
		"type":"LaserBulletType",
		"length":80,
		"width":12,
		"damage":35,
		"colors":["EB7ABE","E189F5","907EF7","91A4FF","FFFFFF"],
		"sideAngle":25,
		"sideLength":8,
		"sideWidth":2
		"recoil":0.3,

	"hitEffect":{
		"type":"ParticleEffect",
		"line":true,
		"particles":4,
		"lifetime":30,
		"offset":50,
		"length":22,
		"cone":-45,
		"lenFrom":8,
		"lenTo":4,
		"colorFrom":"665C9FFF",
		"colorTo":"BF92F9FF"
		}	}	}	},

		{"name":"distort-laser",
		"x":15.75,"y":-11.25,
		"mirror":true,
		"alternate":true,
		"top":true,
		"shake":0.5,
		"reload":180,
		"recoil":2,
		"rotate":true,
		"rotateSpeed":3,
		"shootSound":"shootSmite",
		"continuous":false,
		"cooldownTime":60,
		"shootY":8,

		"bullet":{
		"type":"ArtilleryBulletType",
		"sprite":"circle-bullet",
		"status":"shadowflame",
		"statusDuration":200,
		"lightRadius":80,
		"lightColor":"BF92F9FF",
		"damage":580,
		"splashDamage":750,
		"splashDamageRadius":110,
		"height":14,
		"width":14,
		"speed":6,
		"hitSound":"plasmaboom",
		"lifetime":60,
		"homingPower":0.00856,
		"homingRange":160,
		"shrinkX":0,
		"shrinkY":0,

		"hitEffect":{
		"type":"multiEffect",
		"effects":[
		{"type":"WaveEffect",
		"lifetime":20,
		"sizeFrom":0,
		"sizeTo":80,
		"strokeFrom":7.5,
		"strokeTo":0,
		"colorFrom":"665C9FFF",
		"colorTo":"BF92F9FF"
		},
		{"type":"ParticleEffect",
		"offset":30,
		"particles":10,
		"lifetime":30,
		"length":50,
		"interp":"circleOut",
		"sizeInterp":"pow5In",
		"cone":-360,
		"line":true,
		"strokeFrom":1.5,
		"strokeTo":1.5,
		"lenFrom":14,
		"lenTo":5,
		"lightColor":"BF92F9FF",
		"colorFrom":"665C9FFF",
		"colorTo":"BF92F9FF"
		},
		{"type":"ParticleEffect",
		"offset":30,
		"particles":10,
		"lifetime":40,
		"length":30,
		"interp":"circleOut",
		"sizeInterp":"pow5In",
		"cone":-360,
		"line":true,
		"strokeFrom":1.5,
		"strokeTo":1.5,
		"lenFrom":7,
		"lenTo":7,
		"lightColor":"BF92F9FF",
		"colorFrom":"665C9FFF",
		"colorTo":"BF92F9FF"
		},
		{"type":"ParticleEffect",
		"particles":6,
		"length":80,
		"lifetime":180,
		"interp":"pow3Out",
		"sizeInterp":"pow5In",
		"offset":30,
		"colorFrom":"BF92F9A0",
		"colorTo":"BF92F960",
		"sizeFrom":15,
		"sizeTo":0
		},
		{"type":"ParticleEffect",
		"particles":8,
		"length":90,
		"lifetime":180,
		"interp":"pow3Out",
		"sizeInterp":"pow5In",
		"offset":30,
		"colorFrom":"BF92F9A0",
		"colorTo":"BF92F960",
		"sizeFrom":18,
		"sizeTo":0
		},
		{"type":"ParticleEffect",
		"particles":8,
		"length":45,
		"lifetime":180,
		"interp":"pow3Out",
		"sizeInterp":"pow5In",
		"offset":30,
		"colorFrom":"787878",
		"colorTo":"787878",
		"sizeFrom":10,
		"sizeTo":0
		}	]	}

		"trailEffect":{
		"type":"ParticleEffect",
		"particles":5,
		"length":9,
		"baseLength":9,
		"lifetime":25,
		"interp":"circleOut",
		"cone":360,
		"offset":5,
		"lightColor":"BF92F9FF",
		"colorFrom":"FFF8E8",
		"colorTo":"BF92F9FF",
		"sizeFrom":4,
		"sizeTo":0
		},
		"trailChance":1,
		"trailParam":5,
		"trailLength":19,
		"trailColor":"BF92F9FF",
		"trailWidth":4.5,
		"lightning":9,
		"lightningDamage":55,
		"lightningColor":"BF92F9FF",
		"lightningLength":10,
		"lightningCone":360,
		"lightningLengthRand":16,
		"absorbable":false,
		"hittable":false,
		"buildingDamageMultiplier":0.6,
		"smokeEffect":"none",
		"frontColor":"FFFFFFFF",
		"backColor":"BF92F9FF"
		}	}
	]
}
