{
    "type": "mech",
    "name": "血灾",
    "description": "一级猩红单位，利用武器喷出火焰对敌人造成伤害",
    "rotateSpeed": 5,
    "hitSize": 12,
    "health": 960,
    "armor": 2,
    "speed": 1.35,
    "targetAir": true,
    "abilities": [
        {
            "type": "RegenAbility",
            "percentAmount": 0.0333333333
        }
    ],
    "immunities": [
        "burning",
        "melting"
    ],
    "weapons": [
        {
            "name": "bhaa血灾1",
            "parts": [
                {
                    "type": "RegionPart",
                    "mirror": true,
                    "x": 5,
                    "y": 0,
                    "suffix": "-右",
                    "layer": 60,
                    "moveX": -0.5,
                    "moveY": 4,
                    "moveRot": 30,
                    "progress": "recoil"
                }
            ],
            "shoot": {
                "type": "shootBarrel",
                "shots": 1
            },
            "shootCone": 10,
            "inaccuracy": 0,
            "mirror": false,
            "reload": 120,
            "top": false,
            "recoil": -2,
            "x": 0,
            "y": 0,
            "shootX": 0,
            "shootY": 5,
            "shootSound": "flame",
            "bullet": {
                "pierce": true,
                "makeFire": true,
                "pierceBuilding": true,
                "type": "BasicBulletType",
                "collidesAir": true,
                "damage": 100,
                "speed": 7,
                "width": 2,
                "height": 2,
                "lifetime": 5,
                "backColor": " F25555FF",
                "frontColor": "AD263BFF",
                "status": "burning",
                "statusDuration": 180,
                "hitEffect": {
                    "type": "multiEffect",
                    "effects": [
                        {
                            "type": "ExplosionEffect",
                            "sparkColor": "F25555FF",
                            "sparkStroke": 2.2,
                            "sparkRad": 14,
                            "sparkLen": 8,
                            "sparks": 4
                        }
                    ]
                },
                "despawnEffect": "none",
                "smokeEffect": {
                    "type": "ParticleEffect",
                    "particles": 8,
                    "sizeFrom": 4,
                    "sizeTo": 0,
                    "length": 96,
                    "lifetime": 40,
                    "interp": "circleOut",
                    "colorFrom": "F25555FF",
                    "colorTo": "AD263BFF",
                    "cone": 25
                },
                "shootEffect": "none"
            }
        }
    ]
}