{
    "type": "mech",
    "name": "憎恶",
    "description": "三级猩红单位，利用武器喷出火焰对敌人造成伤害，同时装配有推进器",
    "rotateSpeed": 5,
    "hitSize": 24,
    "health": 5400,
    "armor": 6,
    "speed": 1.2,
    "targetAir": true,
    "canBoost": true,
    "abilities": [
        {
            "type": "RegenAbility",
            "percentAmount": 0.0666666666
        },
        {
            "type": "ArmorPlateAbility",
            "healthMultiplier": 0.5
        }
    ],
    "immunities": [
        "burning",
        "melting"
    ],
    "weapons": [
        {
            "name": "ahac憎恶1",
            "parts": [
                {
                    "type": "RegionPart",
                    "mirror": true,
                    "x": 9.25,
                    "y": 2,
                    "suffix": "-右",
                    "layer": 60,
                    "moveX": -0.5,
                    "moveY": 4,
                    "moveRot": 30,
                    "progress": "recoil"
                }
            ],
            "shoot": {
                "type": "shootBarrel",
                "shots": 3
            },
            "shootCone": 10,
            "inaccuracy": 3,
            "mirror": false,
            "reload": 180,
            "top": false,
            "recoil": -2,
            "x": 0,
            "y": 0,
            "shootX": 0,
            "shootY": 5,
            "shootSound": "flame",
            "bullet": {
                "pierce": true,
                "makeFire": true,
                "pierceBuilding": true,
                "type": "BasicBulletType",
                "collidesAir": true,
                "damage": 200,
                "speed": 8,
                "width": 2,
                "height": 2,
                "lifetime": 5,
                "backColor": " F25555FF",
                "frontColor": "AD263BFF",
                "status": "burning",
                "statusDuration": 180,
                "hitEffect": {
                    "type": "multiEffect",
                    "effects": [
                        {
                            "type": "ExplosionEffect",
                            "sparkColor": "F25555FF",
                            "sparkStroke": 2.6,
                            "sparkRad": 20,
                            "sparkLen": 12,
                            "sparks": 5
                        }
                    ]
                },
                "despawnEffect": "none",
                "smokeEffect": {
                    "type": "ParticleEffect",
                    "particles": 8,
                    "sizeFrom": 4,
                    "sizeTo": 0,
                    "length": 126,
                    "lifetime": 40,
                    "interp": "circleOut",
                    "colorFrom": "F25555FF",
                    "colorTo": "AD263BFF",
                    "cone": 25
                },
                "shootEffect": "none"
            }
        },
        {
            "x": 0,
            "y": -6,
            "shootY": 0,
            "reload": 300,
            "rotate": true,
            "mirror": false,
            "rotateSpeed": 1,
            "shootCone": 20,
            "useAmmo": false,
            "rotationLimit": 20,
            "alwaysShooting": true,
            "alwaysContinuous": true,
            "shootSound": "laserbeam",
            "bullet": {
                "type": "ContinuousFlameBulletType",
                "colors": [
                    "FF58458C",
                    "FF5845B2",
                    "FF5845CC",
                    "FF8663",
                    "FFDCD8CC"
                ],
                "damage": 2.5,
                "lifetime": 60,
                "length": -16,
                "width": 2,
                "recoil": 0,
                "drawFlare": false,
                "hitEffect": {
                    "type": "ParticleEffect",
                    "particles": 3,
                    "lifetime": 15,
                    "line": true,
                    "strokeFrom": 2.5,
                    "strokeTo": 0,
                    "lenFrom": 8,
                    "lenTo": 0,
                    "length": 21,
                    "cone": 360,
                    "colorFrom": "FF5845",
                    "colorTo": "FF8663"
                }
            }
        }
    ]
}