{
    "type": "mech",
    "faceTarget": true,
    "circleTarget": true,
    "omniMovement": true,
    "rotateMoveFirst": true,
    "flying": false,
    "accel": 0.2,
    "drag": 0.1,
    "speed": 1,
    "hitSize": 48.25,
    "name": "宿主",
    "health": 32400,
    "description": "",
    "armor": 10,
    "drawCell": false,
    "immunities": [
        "blasted",
        "burning",
        "electrified",
        "freezing",
        "melting",
        "shocked",
        "tarred",
        "unmoving",
        "wet",
        "spore-slowed"
    ],
    "abilities": [
        {
            "type": "RegenAbility",
            "percentAmount": 0.1
        }
    ],
    "weapons": [
        {
            "name": "ahae宿主-weapon",
            "reload": 90,
            "shootCone": 180,
            "x": 24.5,
            "y": 3.75,
            "mirror": true,
            "top": false,
            "shootX": 0,
            "shootY": 7,
            "layerOffset": -0.001,
            "recoil": 0,
            "shake": 0.5,
            "rotationLimit": 30,
            "rotateSpeed": 1,
            "rotate": true,
            "inaccuracy": 2,
            "shootSound": "宿主",
            "shoot": {
                "firstShotDelay": 60
            },
            "parts": [
                {
                    "type": "RegionPart",
                    "suffix": "-right",
                    "moveRot": 75,
                    "progress": "recoil",
                    "outline": true,
                    "children": [
                        {
                            "type": "RegionPart",
                            "suffix": "-knife",
                            "layerOffset": -0.002,
                            "x": 0,
                            "y": 11.5,
                            "moveRot": 165
                        }
                    ]
                }
            ],
            "bullet": {
                "absorbable": false,
                "damage": 2000,
                "speed": 16,
                "lifetime": 10,
                "sprite": "狐冥-剑气",
                "shrinkY": 0,
                "shrinkX": 0,
                "width": 72,
                "height": 72,
                "frontColor": "F25555FF",
                "backColor": "AD263BFF",
                "pierce": true,
                "pierceBuilding": true,
                "trailChance": 1,
                "trailRotation": true,
                "trailEffect": {
                    "type": "ParticleEffect",
                    "particles": 2,
                    "length": 72,
                    "lifetime": 10,
                    "sizeFrom": 16,
                    "colorFrom": "F25555FF",
                    "colorTo": "AD263BFF",
                    "region": "狐冥-剑气-effect"
                },
                "shootEffect": {
                    "type": "multiEffect",
                    "effects": [
                        {
                            "type": "WaveEffect",
                            "lifetime": 10,
                            "sizeFrom": 0,
                            "sizeTo": 15,
                            "strokeFrom": 1.5,
                            "strokeTo": 0,
                            "colorFrom": "F25555FF",
                            "colorTo": "AD263BFF"
                        },
                        {
                            "type": "ParticleEffect",
                            "region": "狐冥-方",
                            "particles": 3,
                            "length": 40,
                            "lifetime": 48,
                            "interp": "circleOut",
                            "sizeInterp": "pow5Out",
                            "cone": 0,
                            "colorFrom": "F25555FF",
                            "colorTo": "AD263BFF",
                            "sizeFrom": 5.5,
                            "sizeTo": 0
                        }
                    ]
                },
                "hitEffect": {
                    "type": "multiEffect",
                    "effects": [
                        {
                            "type": "WaveEffect",
                            "lifetime": 25,
                            "sizeFrom": 0,
                            "sizeTo": 20,
                            "strokeFrom": 3.5,
                            "strokeTo": 0,
                            "colorFrom": "F25555FF",
                            "colorTo": "AD263BFF"
                        },
                        {
                            "type": "ParticleEffect",
                            "region": "狐冥-方",
                            "particles": 9,
                            "length": 40,
                            "lifetime": 48,
                            "interp": "circleOut",
                            "sizeInterp": "pow5Out",
                            "cone": 360,
                            "colorFrom": "F25555FF",
                            "colorTo": "AD263BFF",
                            "sizeFrom": 4.5,
                            "sizeTo": 0
                        }
                    ]
                }
            }
        }
    ]
}