{
	//"type": "StackConveyor",
	"health": 300,
	"armor": 8,
	"speed": 0.1,
	"baseEfficiency": 1,
	"itemCapacity": 100,
	"consumes": {
		"power": 0.05
	},
	"hasPower": true,
	"consumesPower": true,
	"conductivePower": true,
	"placeableLiquid": true,
	"loadEffect": {
		"type": "ParticleEffect",
		"particles": 7,
		"lifetime": 15,
		"length": 25,
		"cone": -360,
		"lenFrom": 5,
		"lenTo": 0,
		"colorFrom": "BF3E47",
		"colorTo": "E78F92"
	},
	"unloadEffect": {
		"type": "ParticleEffect",
		"particles": 7,
		"lifetime": 15,
		"length": 25,
		"cone": -360,
		"lenFrom": 5,
		"lenTo": 0,
		"colorFrom": "BF3E47",
		"colorTo": "E78F92"
	},
	"destroyBullet": {
		"type": "PointBulletType",
		"damage": 0,
		"splashDamage": 30,
		"splashDamageRadius": 24,
		"hitShake": 2,
		"status": "熔融",
		"statusDuration": 30,
		"speed": 0,
		"lifetime": 1,
		"hitEffect": "none",
		"despawnEffect": "none"
	},
	"requirements": [
		"导能回路/1",
		"生物钢/1"
	],
	"category": "distribution",
	"researchCostMultiplier": 40,
	"research": "plastanium-conveyor"
}