{
	"type":"payload",
	"payloadCapacity":256,
	"pickupUnits":false,
	"vulnerableWithPayloads":true,

	"controller":"BuilderAI",
	"flying":true,
	"accel":0.1,"drag":0.05,
	"engineSize":2.5,
	"engineOffset":4.5,
	"trailLength":4,
	"faceTarget":true,
	"outlineColor":"2E2F34FF",

	"name":"原点",
	"description":"配备激光修复系统和建造系统，负责守护原点核心及周边的安全",
	"research":"origin-core",

	"fogRadius":0,
	"isEnemy":false,
	"targetable":false,
	"hittable":false,
	"rotateSpeed":6,
	"speed":7.0,
	"lowAltitude":true,
	"health":900,
	"hitSize":11,
	"itemCapacity":40,
	"coreUnitDock":true,

	"mineWalls":true,
	"mineFloor":true,
	"mineSpeed":12,
	"mineTier":4,

	"buildSpeed":1.25,

	"immunities":[
	"wulfrum-amplify"
	],

	"weapons":[
	{"name":"origin-heal-weapon",
		"type":"RepairBeamWeapon",
		"x":-6.375,"y":0,
		"shootY":6,
		"rotationLimit":30,
		"rotateSpeed":1,
		"rotate":true,
		"rotateSpeed":6,
		"mirror":false,
		"layerOffset":-0.001,
		"widthSinMag":0.11,
		"reload":20,
		"beamWidth":0.7,
		"shootCone":40,
		"repairSpeed":4,
		"fractionRepairSpeed":0.1,
		"laserColor":"FFD37FFF",
		"healColor":"FFD37FFF",
		"targetUnits":false,
		"targetBuildings":true,
		"autoTarget":false,
		"controllable":true,
		"bullet":{
		"maxRange":50
	}	}
	{"name":"origin-build-weapon",
		"type":"BuildWeapon",
		"x":6.375,"y":0,
		"shootY":6,
		"rotate":true,
		"rotateSpeed":8,
		"mirror":false,
		"layerOffset":-0.001
		}	]
}