{
     "name":"寄生",
     "description":"你感觉自己的身体正在被抽干...",
     "damageMultiplier":0.9,
     //伤害倍率
     "healthMultiplier":0.9,
     //生命倍率
     "speedMultiplier":0.9,
     //速度倍率
     "reloadMultiplier":0.8,
     //射速倍率
     "damage":0.05,
     //每帧对带有该状态的单位造成伤害
     "permanent":false,
     //true为永久携带该状态 false则反之
     "color":"9E78DCFF",
     //状态颜色
     "disarm":false,
     //是否对带有该状态的单位缴械
     "effect": {
	    "type": "ParticleEffect",
                "particles": 1,
                "sizeFrom": 2,
                "sizeTo": 0,
                "length": 30,
                "baseLength": 1,
                "lifetime": 50,
                "colorFrom": "AF3A30FF",
                "colorTo": "DF824DFF",
                "spin": 1
	},
	"effectChance":0.05
	//特效密集程度
}