{
	"type": "LiquidTurret",
	"name": "喷水器",
	"description": "向敌人喷射液体",
	"health":600,
	"size":2,
	"armor":2,
	"reload":2.5,
	"range":120,
	"recoil":0,
	"outlineColor":"212121",
	//轮廓颜色
	"shootSound":"shootLiquid",
	"inaccuracy":3,
	//子弹偏移
	"maxAmmo":60,
	/*"drawer": {
        "type": "DrawMulti",
        "drawers": [
            {
                "type": "DrawTurret",
                "parts": [
                    {
                        "type": "RegionPart",
                        "mirror":false,
                        //镜像
                        "x": 0,
                        "y": 0,
                        "suffix": "-炮管",
                        "layer": 50,
                        "moveX": 0,
                        "moveY": 5,
                        "heatColor": "FF7055FF"
                    }
                    ]
            }
        ]
    },*/
	"ammoTypes": {
	  "oil":{
    "type": "LiquidBulletType",
    "liquid": "oil",
    "lifetime":40,
    "speed":3, 
    "puddleSize":8,
    "orbSize":4,
    "knockback":1,
    "statusDuration":60,
	"status":"burning",	
	"hitEffect":"flakExplosion",
	"damage": 2
    },
    "water":{
    "type": "LiquidBulletType",
    "liquid": "water",
    "lifetime":40,
    "speed":3,
    "puddleSize":8,
    "orbSize":4,
    "knockback":1,
    "statusDuration":600,
	"status":"wet",	
	"damage": 2
    },   
    "slag":{
    "type": "LiquidBulletType",
    "liquid": "slag",
    "lifetime":40,
    "speed":3,
    "puddleSize":8,
    "orbSize":4,
    "knockback":1,
    "statusDuration":600,
	"status":"melting",	
	"damage": 10
    },
    "cryofluid":{
    "type": "LiquidBulletType",
    "liquid": "cryofluid",
    "lifetime":40,
    "speed":3,
    "puddleSize":8,
    "orbSize":4,
    "statusDuration":600,
    "knockback":1,
    "statusDuration":600,
	"status":"freezing",	
	"damage": 1.8
    }
	},
	"requirements": [
	    "压缩铜/340",
	    "压缩铅/250",
	    "压缩玻璃/180"
	    "压缩石墨/130"
	],
	"category": "turret",
	"research": "单管炮"
}