{

	"type":"PowerTurret",
	"name":"电压",
    "description":"向地面敌人发射电弧",
	"size":2,//物品面积
	"health":1680,//建筑血量
	"range":200,//攻击范围
	"reload":20,//60：0.1每秒一个
		"recoil":2,//后坐力,
	"inaccuracy":0,//误差
	
	                      "consumes": {
	                          
        "power": 20,

        "coolant": {
            "amount": 0.3,
            "optional": true
            	"coolantMultiplier":2,
        }
    },
	"rotateSpeed":3,//旋转速度
	"targetAir":false//攻击天空
	"targetGround":true,//攻击地面

		"shoot":{
    	"type":"ShootAlternate",
    	"barrels":2,
		//炮口数量
		"spread":5,
		//炮口间距设定
				"shots":4,
    },
	"alternate":true,
	//炮口是否轮流射击
	
	"heatColor":"#FF0000",
			"shootSound":"spark",
	
    "shootType":{
    
    
    
    "type":"LightningBulletType",
    "damage":60,
    "lightningLength":35,
	"ammoMultiplier":1,
    "collidesAir": true
    },


	"requirements": [
		{ "item": "压缩石墨", "amount":250 },
		"压缩铅/150"
			"压缩硅/80"
			"压缩铜/50"
	],
	"category": "turret",
	"research":"电压"
	

}