{
"name": "两仪",
"description":"搁这打太极是吧\n[cyan](感谢f(z)≠[VA])",
"details": "太极，太极，离谱至极",
"health": "80000",
"type": "powerTurret",
	"canOverdrive":false,
"rotateSpeed": 4,
"shootCone": 360,
"reload":1500,
"range": 1800,
"heatColor": "9B61FFFF",
"size": 14,
"shootSound": "release",
"inaccuracy": 0,
"targetAir": true,
"targetGround": true,
    "shoot": {
                "shots": 1,
                "firstShotDelay": 20
            },
    "consumes": {
		"power": 200,
		"liquid": {
			"liquid": "water",
			"amount": 2.5,
			"optional": false
		}
	},
	"shootEffect": {
	    "type": "MultiEffect",
	    "lifetime": 60,
	    "effects": [
	    	{     
    "type": "ParticleEffect",
    "region": "神恒之心-汇聚",
    "particles": 30,
    "sizeFrom": 10,
    "sizeTo": 40,
    "length": -720,
    "baseLength": 720,
    "spin": 10,
    "lifetime": 240,
    "colorFrom": "BFE2ECFF",
    "colorTo": "BFE2ECFF",
    "cone": 100
	   },
	   {     
    "type": "ParticleEffect",
    "region": "神恒之心-汇聚",
    "particles": 20,
    "sizeFrom": 10,
    "sizeTo": 40,
    "length": -720,
    "baseLength": 720,
    "spin": -10,
    "lifetime": 240,
    "colorFrom": "B0DCEAFF",
    "colorTo": "B0DCEAFF",
    "cone": 80
	   },
	   {     
    "type": "ParticleEffect",
    "region": "神恒之心-星",
    "particles": 20,
    "sizeFrom": 10,
    "sizeTo": 40,
    "length": 180,
    "baseLength": -180,
    "lifetime": 240,
    "spin": -10,
		"layer": 109,
    "colorFrom": "BFE2ECFF",
    "colorTo": "BFE2ECFF",
    "cone": 360
	   },
	   {     
    "type": "ParticleEffect",
    "region": "神恒之心-星",
    "particles": 20,
    "sizeFrom": 10,
    "sizeTo": 40,
    "length": 180,
    "baseLength": -180,
    "lifetime": 240,
    "spin": 10,
		"layer": 109,
    "colorFrom": "B0DCEAFF",
    "colorTo": "B0DCEAFF",
    "cone": 360
	   },
	   {     
        "type": "WaveEffect",
        "lifetime": 240,
        "sizeFrom": 240,
        "sizeTo":100,
        "strokeFrom": 6,
        "strokeTo": 2,
        "sides":4,
            "rotation":0,
        "colorFrom": "BFE2ECFF",
        "colorTo": "B0DCEAFF"
	   },
	   {     
        "type": "WaveEffect",
        "lifetime": 240,
        "sizeFrom": 240,
        "sizeTo":100,
        "strokeFrom": 6,
        "strokeTo": 2,
        "sides":4,
            "rotation":45,
        "colorFrom": "B0DCEAFF",
        "colorTo": "B0DCEAFF"
	   },
	   {     
        "type": "WaveEffect",
        "lifetime": 240,
        "sizeFrom": 320,
        "sizeTo":140,
        "strokeFrom": 6,
        "strokeTo": 2,
        "sides":8,
            "rotation":0,
        "colorFrom": "BFE2ECFF",
        "colorTo": "B0DCEAFF"
	   },
	   {     
        "type": "WaveEffect",
        "lifetime": 240,
        "sizeFrom": 280,
        "sizeTo":140,
        "strokeFrom": 6,
        "strokeTo": 2,
        "sides":8,
            "rotation":20,
        "colorFrom": "B0DCEAFF",
        "colorTo": "B0DCEAFF"
	   },
	   {     
        "type": "WaveEffect",
        "lifetime": 240,
        "sizeFrom": 60,
        "sizeTo":60,
        "strokeFrom": 6,
        "strokeTo": 2,
        "sides":3,
            "rotation":20,
        "colorFrom": "B0DCEAFF",
        "colorTo": "B0DCEAFF"
	   },
	   {     
        "type": "WaveEffect",
        "lifetime": 240,
        "sizeFrom": 60,
        "sizeTo":60,
        "strokeFrom": 6,
        "strokeTo": 2,
        "sides":3,
            "rotation":40,
        "colorFrom": "B0DCEAFF",
        "colorTo": "B0DCEAFF"
	   },
	   {     
        "type": "WaveEffect",
        "lifetime": 240,
        "sizeFrom": 60,
        "sizeTo":60,
        "strokeFrom": 6,
        "strokeTo": 2,
        "sides":3,
            "rotation":60,
        "colorFrom": "B0DCEAFF",
        "colorTo": "B0DCEAFF"
	   },
	   {     
        "type": "WaveEffect",
        "lifetime": 240,
        "sizeFrom": 60,
        "sizeTo":60,
        "strokeFrom": 6,
        "strokeTo": 2,
        "sides":3,
            "rotation":80,
        "colorFrom": "B0DCEAFF",
        "colorTo": "B0DCEAFF"
	   },
	   {     
        "type": "WaveEffect",
        "lifetime": 240,
        "sizeFrom": 60,
        "sizeTo":60,
        "strokeFrom": 6,
        "strokeTo": 2,
        "sides":3,
            "rotation":100,
        "colorFrom": "B0DCEAFF",
        "colorTo": "B0DCEAFF"
	   },
	   {     
        "type": "WaveEffect",
        "lifetime": 240,
        "sizeFrom": 60,
        "sizeTo":60,
        "strokeFrom": 6,
        "strokeTo": 2,
        "sides":3,
            "rotation":120,
        "colorFrom": "B0DCEAFF",
        "colorTo": "B0DCEAFF"
	   },
	   {     
    "type": "ParticleEffect",
    "region": "神恒之心-星",
    "particles": 1,
    "sizeFrom": 80,
    "sizeTo": 80,
    "length": 0,
    "baseLength": 0,
    "lifetime": 240,
    "spin": -4,
		"layer": 109,
    "colorFrom": "B0DCEAFF",
    "colorTo": "B0DCEAFF",
    "cone": 360
	   },
	   {     
    "type": "ParticleEffect",
    "region": "神恒之心-星",
    "particles": 1,
    "sizeFrom": 80,
    "sizeTo": 80,
    "length": 0,
    "baseLength": 0,
    "lifetime": 240,
    "spin": 4,
		"layer": 109,
    "colorFrom": "BFE2ECFF",
    "colorTo": "BFE2ECFF",
    "cone": 360
	   }
	   ]
	},
    "shootType": {
    "type" : "BasicBulletType",
		"speed": 4,
		"lifetime" : 240,
		"damage": 1800,
		"height" : 200,
		"width" : 200,
		"lightningColor": "bbdefb",
			"lightning": 20,
			"lightningLength": 100,
			"lightningDamage": 1000,
		"hitEffect": {     
        "type": "WaveEffect",
        "lifetime": 240,
        "sizeFrom": 60,
        "sizeTo":60,
        "strokeFrom": 6,
        "strokeTo": 2,
        "sides":3,
            "rotation":60,
        "colorFrom": "B0DCEAFF",
        "colorTo": "B0DCEAFF"
	   },
	   "trailLength": 30,
		"trailWidth": 8,
		"trailParam": 5,
		"trailInterval": 30,
		"trailRotation": true,
	   "trailEffect": {   
	   	"type": "MultiEffect",
			"lifetime": 32,
			"layer": 105,
			"effects": [
			{  
    "type": "ParticleEffect",
    "particles": 5,
    "sizeFrom": 10,
    "sizeTo": 30,
    "length": 120,
    "spin":8,
    "lifetime": 120,
        "sizeInterp": "pow5In",
        "interp":"circleOut",
    "colorFrom": "BFE2ECFF",
    "colorTo": "B0DCEAFF",
    "cone": 360,
            "region": "神恒之心-星"
	   },
	   {
					"type": "ParticleEffect",
					"lightOpacity": 0,
					"length": 105,
					"cone": 0,
					"randLength": false,
					"sizeFrom": 45,
					"sizeTo": 45,
					"region": "神恒之心-wide",
					"particles": 1,
					"lifetime": 35,
					"colorFrom": "BFE2ECFF",
					"colorTo": "BFE2ECFF",
					"spin": 6.5
				},
				{
					"type": "ParticleEffect",
					"lightOpacity": 0,
					"length": 105,
					"cone": 0,
					"randLength": false,
					"sizeFrom": 60,
					"sizeTo": 60,
					"region": "神恒之心-tall",
					"particles": 1,
					"lifetime": 35,
					"colorFrom": "B0DCEAFF",
					"colorTo": "B0DCEAFF",
					"spin": -6.5
				}
	   ]
	   },
        "trailChance": 1,
		"despawnEffect" : "hitLaser",
		"pierce": true,
		"frontColor": "BFE2ECFF",
		"backColor": "B0DCEAFF",
		"fragBullets": 10,
		"fragBullet":{
			"type" : "BasicBulletType",
		"sprite" : "神恒之心-blackhole-pulse",
		"lightningColor": "bbdefb",
			"lightning": 10,
			"lightningLength": 40,
			"lightningDamage": 3000,
		    "pierceCap": 20,
    "pierceBuilding": true,
    "shrinkX": -18,
		"status": "none",
		"damage": 8000,
		"height" : 40,
        "spin": 7,
		"width" : 40,
		"hitSize": 40,
		"speed": 14,
		"lifetime" : 180,
   "weaveMag": 5,
   "weaveScale": 50,
		"shrinkY": 0,
    "hitEffect": "none",
    "despawnEffect": {
        "type": "MultiEffect",
        "lifetime": 60,
        "effects": [
         {
					"type": "ParticleEffect",
					"length": 105,
					"cone": 0,
					"sizeFrom": 60,
					"sizeTo": 0,
					"particles": 1,
					"lifetime": 35,
					"colorFrom": "B0DCEAFF",
					"colorTo": "B0DCEAFF"
			
				}
        ]
      },
	"trailChance":10,
					"trailColor": "90caf9",
					"trailEffect": {
						"type": "MultiEffect",
			"lifetime": 32,
			"layer": 105,
			"effects": [
			{  
    "type": "ParticleEffect",
    "particles": 5,
    "sizeFrom": 10,
    "sizeTo": 30,
    "length": 120,
    "spin":8,
    "lifetime": 120,
        "sizeInterp": "pow5In",
        "interp":"circleOut",
    "colorFrom": "BFE2ECFF",
    "colorTo": "B0DCEAFF",
    "cone": 360,
            "region": "神恒之心-星"
	   },
	   {
					"type": "ParticleEffect",
					"lightOpacity": 0,
					"length": 105,
					"cone": 0,
					"randLength": false,
					"sizeFrom": 75,
					"sizeTo": 75,
					"region": "神恒之心-wide",
					"particles": 1,
					"lifetime": 35,
					"colorFrom": "BFE2ECFF",
					"colorTo": "BFE2ECFF",
					"spin": 6.5
				},
				{
					"type": "ParticleEffect",
					"lightOpacity": 0,
					"length": 105,
					"cone": 0,
					"randLength": false,
					"sizeFrom": 60,
					"sizeTo": 60,
					"region": "神恒之心-tall",
					"particles": 1,
					"lifetime": 35,
					"colorFrom": "B0DCEAFF",
					"colorTo": "B0DCEAFF",
					"spin": -6.5
				}
	   ]
						},
					
		"pierce": true,
		"frontColor": "B0DCEAFF",
		"backColor": "B0DCEAFF",
		"fragBullets": 3,
		"fragBullet":{
			"type" : "LaserBulletType",
                   "length" : 230,
                    "damage" : 540,
                    "width" : 75,
              "despawnEffect":"none",
                    "lifetime" : 65,
              "hitEffect":"hitLancer",
                    "lightningSpacing" : 35,
                    "lightningLength" : 5,
                    "lightningDelay" : 1.1,
                    "lightningLengthRand" : 15,
                    "lightningDamage" : 540,
                    "lightningAngleRand" : 40,
                    "colors": ["BFE2ECFF","B0DCEAFF","BFE2ECFF"]
			}
	}
			},
"requirements": [
		{ "item": "thorium", "amount": 13000 },
		{ "item": "plastanium", "amount": 13000 },
		{ "item": "silicon", "amount": 11500 },
		{ "item": "graphite", "amount": 10000 },
		{ "item": "titanium", "amount": 10000 },
		{ "item": "copper", "amount": 18000 },
		{ "item": "lead", "amount": 18000 }, 
		{"item":"phase-fabric","amount":9900},
		{ "item": "surge-alloy", "amount": 12000}
		],
"category": "turret",
"research": "S-涩莱"
}