{
    "name": "FAST",
    "displayName": "More conveyors, conduits, batteries, storage and unloaders",
    "author": "Pseudo Coffee",
    "description": "New armored variants of vanilla distribution blocks.\n\nNew armored variants of vanilla liquid distribution blocks.\n\n5 new faster conveyor types.\n\n2 new conduits.\n\n3 new faster unloaders.\n\n1 new larger storage vault.\n1 new larger storage container\n\n1 new larger liquid tank.\n\n2 new batteries.\n\n1 new wall that combines the abilities of the Surge Wall, Plastanium Wall and Phase Wall.",
    "version": "0.2.13",
    "minGameVersion": 143
}