{
    "type":"material",//类型（不能改）
    "name":"基础合金",//名字
    "description":"比较基础的材料",//介绍
    "details":"比较基础的材料",//战役中解锁后最底下的介绍（？）
    "color":"1BE3DCFF",//物品源颜色
    "explosiveness":0,//爆炸性
    "flammability":0,//易燃性
    "radioactivity":0//放射性
  "charge":0.3//放电性
    "hardness":3,//硬度
    "cost":1,
    "alwaysUnlocked":false,//总是解锁（x）
    "research": "silicon"//科技树位置
}