{
    "type":"material",//类型（不能改）
    "name":"钴蓝合金",//名字
    "description":"将基础合金与钛，硅压缩在一起，便可得到钴蓝合金",//介绍
    "details":"主要用于做炮塔与单位工厂",//战役中解锁后最底下的介绍（？）
    "color":"1C63C7FF",//物品源颜色
    "explosiveness":0,//爆炸性
    "flammability":0,//易燃性
    "radioactivity":5//放射性
     "charge":0.6//放电性
    "hardness":60,//硬度
    "cost":1,
    "alwaysUnlocked":false,//总是解锁（x）
    "research": "基础合金"//科技树位置
}