{
    "type": "Separator",
    "results": [
        "铝/1",
        "硫磺/2"
    ],
    "size": 3,
    "craftEffect": "plasticburn",
    "itemCapacity": 10,
    "hasPower": true,
    "hasItems": true,
    "hasLiquids": false,
    "craftTime": 20,
   	"drawer":{
        "type":"DrawMulti",
        "drawers":[
            "DrawDefault",
			"DrawFlame"
            ]
    },
    "consumes": {
        "items": {
            "items": [
                {
                    "item": "杂质粗铝",
                    "amount": 1
                }
            ]
        },
        "power": 1.3
    },
    "requirements": [
        "离硅/30",
        "铁/10",
        "锡/20"
    ],
    "category": "crafting",
    "research": "铁"
}