{"localizedName": "克米勒",
	"mesh": { 
		"type": "NoiseMesh",
		"planet": "克米勒",
		"seed": 690，
		"divisions": 4, 
		"color1": "ffffff",
		"color2": "ebeef5",
		"color3": "ffffff",
		"radius": 3,
		"octaves": 8,
		"persistence": 0.8,
		"scale": 2,
		"mag": 1
	},
	"generator": {
		"min": 0,
		"max": 0,
		"octaves": 2, 
		"persistence": 0.4,
		"scale": 30,
		"mag": 0.4,
		"thresh": 1,
		"foct": 3,
		"fmag": 0.5,
		"fscl": 50,
		"fper": 0.6,
		"radMin": 0 
		"radMax": 0,
		"stoneChance": 0, 
		"iceChance": 1,
		"carbonChance": 0,
		"berylChance": 0,
		"ferricChance": 0
	},
	"orbitSpacing": 95, 
	"radius": 5, 
	    "sectorSize": 1,
	"minZoom": 10, 
	"drawOrbit": false, 
	"atmosphereRadIn": 0, 
	"atmosphereRadOut": 0.3,
	"accessible": false, 
	"tidalLock": false,
	"allowLaunchSchematics": true,
	"alwaysUnlocked": false,
    "allowSectorInvasion": true,
	"updateLighting": true,
	"sectorSeed": 1, 
	"bloom": true, 
	"visible": true, 
	"hasAtmosphere": false, 
	"atmosphereColor": "ffffff", 
	"icon": "planet", 
	"iconColor": "ffffff", 
    "startSector": 1,
	"allowWaveSimulation": true, 
	"defaultCore": "强化核心", 
	"parent": "sun", 
	"solarSystem": "克米勒", 
	"allowLaunchToNumbered":false
	"hiddenItems": [
"copper","lead","metaglass","graphite","sand","coal","titanium","thorium","scrap","silicon","plastanium","phase-fabric","surge-alloy","spore-pod","blast-compound","pyratite","beryllium","tungsten","oxide","carbide"
	]
	}