{
  "type":"flying",
  "flying":true,
  "name":"修补",
  "controller":"BuilderAI",
  "description":"高速修复建筑与单位，在助建的基础上开发的修复型辅助无人机。搭载了更强的火力，装甲与能源系统。",
  "details":"[red]单位代号--辅助L.3\n[]-拥有一对离子导弹发射器，能修复我方或攻击敌人\n-配备高级纳米修复器械\n-产生能量场与力墙场，能有效保护我方战斗力量"
  "health":26500,
  "armor":25,
  "hitSize":36,
  "speed":3.4,
  "rotateSpeed":2,
  "accel":0.4,
  "drag":0.4,
  "buildSpeed":1.5,
  "buildRange":160,
  "buildBeamOffset":12,
  "ammoType":{
    "type":"PowerAmmoType",
    "totalPower":1000
  },
  "ammoCapacity":340,
  "itemCapacity":200,
  "immunities":[
    "burning","unmoving","slow","sapped","melting","spore-slowed","corroded","boss","腐朽","电路受损","孢子侵蚀"
  ],
  "engines":[
    {
      "x":-16,
      "y":-16,
      "radius":4
    },
    {
      "x":16,
      "y":-16,
      "radius":4
    },
    {
      "x":-4,
      "y":-8,
      "radius":2
    },
    {
      "x":4,
      "y":-8,
      "radius":2
    },
    {
      "x":0,
      "y":-12,
      "radius":4
    },
    
  ],
  "engineSize":0,
  "engineOffset":0,
  "fogRadius":50,
  "lightRadius":50,
  "range":400,
  "abilities":[
    {
      "type":"ForceFieldAbility",
      "sides":4,
      "max":55000,
      "regen":250,
      "radius":120,
      "cooldown":480,
      "rotate":true,
      "rotateSpeed":1
    },
    {
      "type":"EnergyFieldAbility",
      "damage":175,
      "range":160,
      "reload":60
      "healPercent":20,
      "sameTypeHealMult":15,
      "maxTargets":15,
      "status":"melting",
      "statusDuration":300,
      "color":"FBBEE3"
    },
    {
      "type":"StatusFieldAbility",
      "effect":"宏观修复t1",
      "duration":900,
      "range":200,
      "reload":300
    }
  ],
  "weapons":[
    {
      "name":"修补1",
      "x":12,
      "y":-8,
      "mirror":true,
      "rotate":true,
      "rotate":false,
      "range":400,
      "reload":60,
      "inaccuracy":15,
      "shootSound":"missileSmall",
      "baseRotation":-30,
      "shootCone":360,
      "shoot":{
        "shots":4,
        "shotDelay":3,
        "type": "ShootAlternate",
	    "barrels":4,
	    "spread":2
      },
      "bullet":{
        "damage":45,
        "splashDamage":60,
        "splashDamageRadius":40,
        "knockback":28,
        "healPercent":20,
        "lifetime":48,
        "speed":16,
        "drag":-0.015,
        "width":32,
        "height":32,
        "homingRange":400,
        "homingPower":0.2,
        "homingDelay":12,
        "sprite":"量子技艺-导弹Pro",
        "backColor":"007BFF",
        "frontColor":"BFFFDB",
        "trailColor":"00BFFF"
        "trailWidth":1
        "trailLength":2
        "status":"melting",
        "statusDuration":180,
        "hitSound":"plasmaboom"
      }
    },
    {
      "name":"中修复",
      "type":"RepairBeamWeapon",
      "x":16,
      "y":4,
      "mirror":true,
      "beamWidth":2,
      "beamColor":"BFFFDB",
      "repairSpeed":25,
      "bullet":{
        "maxRange":440
      }
    },
  ]
}