{
  "type":"flying",
  "flying":true,
  "name":"助建",
  "controller":"BuilderAI",
  "description":"高级助建无人机，在阵地中有着绝佳的战略价值。\n亦可作为货运飞船。",
  "details":"[red]单位代号--辅助L.2\n[]-拥有两挺二联装30mm爆破冲击机炮，能顺带解决些来送死小麻烦\n[black]呃...当然对些大型单位如t5机甲没有什么杀伤力……\n[]好在拥有不错的修复器械，能辅助修复从前线抢救回来的士兵。\n\n“长官，助建已等候您多时！”"
  "health":12000,
  "armor":15,
  "hitSize":28,
  "speed":3.6,
  "rotateSpeed":3,
  "accel":0.4,
  "drag":0.4,
  "buildSpeed":10,
  "buildRange":400,
  "buildBeamOffset":8,
  "ammoType":{
    "type":"PowerAmmoType",
    "totalPower":1000
  },
  "ammoCapacity":250,
  "itemCapacity":500,
  "immunities":[
    "burning","unmoving","slow","sapped","melting","spore-slowed","corroded","boss","腐朽","电路受损","孢子侵蚀"
  ],
  "engines":[
    {
      "x":-10,
      "y":-14,
      "radius":4
    },
    {
      "x":10,
      "y":-14,
      "radius":4
    },
    {
      "x":-4,
      "y":-10,
      "radius":2
    },
    {
      "x":4,
      "y":-10,
      "radius":2
    },
    {
      "x":0,
      "y":-10,
      "radius":4
    },
    
  ],
  "engineSize":0,
  "engineOffset":0,
  "fogRadius":50,
  "lightRadius":50,
  "range":400,
  "weapons":[
    {
      "name":"助建1",
      "x":4,
      "y":-6,
      "mirror":true,
      "rotate":true,
      "rotateSpeed":2,
      "range":320,
      "reload":60,
      "inaccuracy":3,
      "heatColor":"FF4500",
      "cooldownTime":30,
      "shootSound":"blaster",
      "shoot":{
        "shots":8,
        "shotDelay":2,
        "type": "ShootAlternate",
	    "barrels":2,
	    "spread":8
      },
      "bullet":{
        "damage":24,
        "splashDamage":30,
        "splashDamageRadius":32,
        "pierceCap":2,
        "pierceBuilding":true,
        "knockback":16,
        "lifetime":12.8,
        "speed":25,
        "width":10,
        "height":15,
        "backColor":"00FF00FF",
        "frontColor":"17E617FF",
        "trailColor":"00FF00FF"
        "trailWidth":1
        "trailLength":2
        "status":"腐朽",
        "statusDuration":15,
        "hitSound":"boom"
      }
    },
    {
      "name":"小修复",
      "type":"RepairBeamWeapon",
      "x":0,
      "y":4,
      "mirror":false,
      "beamWidth":2,
      "beamColor":"BFFFDB",
      "repairSpeed":10,
      "bullet":{
        "maxRange":320
      }
    },
  ]
}