{
	"type": "GenericCrafter",
	"health": 360,
	"name": "高精硅冶炼炉",
	"description": "使用高精度仪器制造硅，需要水来降低表面温度",
	"outputItem": {
	"item": "silicon", "amount": 6
	},
	"liquidCapacity": 60,
	"itemCapacity": 20,
	"size": 3,
	"hasPower": true,
	"hasLiquids": true,
	"hasItems": true,
	"craftTime": 75,
	"consumes": {
	    "liquid":{
	"liquid":"water",
	"amount":0.2,	}
	"power": 2,
	"items": {
		"items": [
	{ "item": "coal", "amount": 5 },
	{ "item": "sand", "amount": 10},	]	}	},
	"requirements": [
	{ "item": "copper", "amount": 50 },
	{ "item": "lead", "amount": 50 },
	{ "item": "silicon", "amount": 40 },
	],
	"category": "crafting",
	"research": "silicon-smelter"
}