{
    "type":"legs",
    "name":"幽光",
    "description":"",
    "hitSize":12,
    "drawShields":false,
    "allowLegStep":true,
    "groundLayer":70,
    //高度
    "health":900,
    "armor":7,
    "speed":0.85,
    "rotateSpeed":2.7,
    "legCount":6,
    //腿数
    "legLength":15,
    //最大腿长
    "legBaseOffset":0,
    //腿根部偏移
    "legExtension":-4,
    //腿部各段长短
    "legSplashDamage":2,
    //踩踏范围伤害
    "legSplashRange":8,
    //踩踏范围伤害的范围
    "rippleScale":0.1,
    //踩踏特效范围
    "legLengthScl": 1.2,
    //腿部最大伸缩
    "research":"光系",
    "weapons":[
		{
		"x":0,"y":0,
		"shootY":0,
		"mirror":false,
		"alternate":false,
		"baseRotation":0,//初始朝向
		"rotationLimit":10,//旋转限制
		"rotateSpeed":1,//旋转速度
		"rotate": true,//旋转
		"recoil":0,//后坐力
		"shootSound": "none",

		"bullet":{
		"type": "ContinuousFlameBulletType",
		"colors": [
		"92ABFF7F",
		"92ABFFA2",
		"92ABFFD3",
		"92ABFFFF",
		"D4E0FFFF"
		],
		"damage":10,
		"width":5,"length":125,
		"recoil":0.5,
		"drawFlare": false,
	}	}
  		],
}