{
	"type": "flying",
	"name": "微光",
	"mass": 6,
	"description": "轻型侦察机，装载两门光粒炮。对单性能较强。",
	"speed": 5,	
	"drag":0.08,"accel":0.5,
	"rotateSpeed":10,
	"ammoType":{
	"type":"PowerAmmoType",
	"totalPower":100},
	"ammoCapacity": 300,
    "ammoResupplyAmount":15,
	"hitSize":6, 
	"buildSpeed": 0,
	"flying": true,
	"turnCursor":true,
	"rotateShooting": true,
	"health": 500,
	"armor":1,
	"engineOffset": 5,
	"engineSize": 3,
	"research": "光系工厂",
	"weapons":[ {"name":"光粒炮",
	"x":4,"y":-3,
	"top":false,
	"rotate":false
	"reload":10,
	"shootSound":"DJ",
	"bullet":{
	"sprite":"circle-bullet",  
    "shrinkY":0,
    "frontColor":"FFFFFF",
    "backColor":"c0ecff",
    "hitEffect":{"type": "WaveEffect",
    "lifetime": 15,
    "sizeFrom": 8,
    "sizeTo": 0,
    "strokeFrom": 8,
    "strokeTo": 0,
    "colorFrom": "c0ecff",
    "colorTo": "c0ecff"},
	"shootEffect":"none",
	"smokeEffect":"none",
    "despawnEffect": {"type": "WaveEffect",
    "lifetime": 15,
    "sizeFrom": 1,
    "sizeTo": 15,
    "strokeFrom": 8,
    "strokeTo": 0,
    "colorFrom": "c0ecff",
    "colorTo": "c0ecff"},
	"damage": 52,
	"width": 3,
	"height": 3,
	"trailLength":2,
    "trailWidth":3,
    "trailColor":"c0ecff"
	"speed": 3,
	"lifetime":51
    "homingPower":0.5,//追踪力度
    "homingRange":24,//追踪范围，8/格
    "hitSound":"spark"
	} 	},]
    }