{
	"type": "mech",//种类
	"name": "曙光",//名字
    "description": "常规级近地悬浮单位，发射光粒集束导弹",
    "rotateSpeed": 7,//转向的速度
	"speed": 0.6667,//速度，1=7.5格
	"ammoCapacity": 300,//弹药容量
    "ammoResupplyAmount":150,//弹药补给倍率
	"hitSize":36, //大小(贴图大小不变)1=0.125格
	"buildSpeed": 1,//建造速度，1=100%
	"flying": false,//是不是空中单位
	"turnCursor":true,//是否转动光标
	"rotateShooting": false,//是否旋转射击
	"health": 7360,//血量
	"armor":21,//护甲
    "canDrown": false,//能淹死吗
    "hovering": true,//无视液体地板
    "mechStepParticles":false,//行走粒子
    "mechFrontSway":0,//行走摇晃
    "mechSideSway":0,//行走前摇
            	"parts": [
		{
			"type": "HoverPart",
			"layerOffset": -1,
			"mirror": true,
			"x": 5,
			"y": -7,
			"radius": 5,
			"color": "8AA3F4FF",
			"phase": 100,
			"circles": 3,
			"stroke": 2,
			"minStroke": 0
		},
				{
			"type": "HoverPart",
			"layerOffset": -1,
			"mirror": true,
			"x": -5,
			"y": -7,
			"radius": 5,
			"color": "8AA3F4FF",
			"phase": 100,
			"circles": 3,
			"stroke": 2,
			"minStroke": 0
		},
				{
			"type": "HoverPart",
			"layerOffset": -1,
			"mirror": true,
			"x": -5,
			"y": 7,
			"radius": 5,
			"color": "8AA3F4FF",
			"phase": 100,
			"circles": 3,
			"stroke": 2,
			"minStroke": 0
		},
				{
			"type": "HoverPart",
			"layerOffset": -1,
			"mirror": true,
			"x": 5,
			"y": 7,
			"radius": 5,
			"color": "8AA3F4FF",
			"phase": 100,
			"circles": 3,
			"stroke": 2,
			"minStroke": 0
		},
	],
    "weapons":[
     {"name":"曙光炮",//武器文件的名字
	"x":10,"y":0,//武器位置，y为上下x为左右
	"mirror":"true",//对不对称
	"reload":40,//攻击间隔，10=3发/秒
	"rotate": "false",//能旋转吗
	"top": false
	"shootSound":"GLB",//武器开火声
    "shootSoundVolume":2.15
    "inaccuracy": 0,//射击偏差
    "shoot": {"shots": 2//攻击单次子弹射出数
             "shotDelay":10},//射出间隔
	"bullet":{
	"type":"MissileBulletType"
	"damage": 50,//伤害
	"frontColor":"ffffff",//子弹颜色
	"backColor":"B8C2D3FF",//子弹背景
	"width": 8,//子弹宽度
	"height": 8,//子弹长度 
    "trailLength":4,//子弹拖尾长度
	"trailWidth":5,//子弹拖尾宽度
    "trailColor":"c0ecff"//拖尾颜色
	"speed": 10,//子弹速度，1=1格
	"lifetime":15,//子弹血量
	"reloadTime": 35,//攻击范围
	"buildingDamageMultiplier":1.5//对建筑的伤害倍数
	"homingPower":1,//追踪力度
    "homingRange":40,//追踪范围，8=1格
    "fragBullets":5,//分裂子弹数
    "fragRandomSpread":30
    "fragBullet":{
    "type":"MissileBulletType"
	"damage":24,//子弹伤害
    "splashDamageRadius":24,//子弹爆炸范围，1=0.1格
	"splashDamage":15,//子弹爆炸
	"frontColor":"B1C1DCFF",//子弹颜色
	"backColor":"c0ecff",//子弹背景
	"width": 2,//子弹宽度
	"height": 4,//子弹长度 
    "trailLength":3,
	"trailWidth":1.2,
    "trailColor":"B4BED0FF"
	"speed": 15,//子弹速度，1=1格
	    "pierce": true,
    "pierceBuilding": true,
	"lifetime":8,//子弹血量
	"reloadTime": 35,//攻击范围
	"homingPower":0.3,//追踪力度
    "homingRange":40,//追踪范围，8=1格
    "heatColor": "FFFFFF"
	}}},
    ] 
"research":"云光"
}