{
	//原版液体 water水 cryofluid冷却液 slag矿渣 oil石油
	"type":"GenericCrafter",
	//GenericSmelter已经删除，需要加-top贴图的需要以下结构:
	"drawer": {
		"type": "DrawMulti",
		"drawers": [
		    {
				"type":"DrawDefault"
			},
		    {
				"type":"DrawLiquidTile",
				//这个type允许使用-liquid贴图
				"drawLiquid":"污水"
				//-liquid贴图选用的液体颜色
			},
			{
			    "type":"DrawLiquidTile"
			    "drawLiquid":"water",
			}
			{
			    "type": "DrawRegion",
				"suffix": "-top",
			}
		]
	}
	"name":"生物净水器",
	"outputLiquid":"water/0.9",
	//1:60
	"itemCapacity":20,
	"hasLiquids":true,
	"liquidCapacity":120,
	"craftTime":60,
	"health":400,
	"description":"利用孢子净化污水，十分高效。"
	"details":"废物利用了属于是。"
	"size":2,
	"armor":2,
	"consumes":{
		"power":0.4,
		"items":{
			"items":[
				"躁动的孢子/1"
			]
		},
		"liquid":{
			"liquid":"污水",
			"amount":1,
			//1:60
		},
	}
	"requirements":[
		"锺/40",
		"砛/40"
		"graphite/20"
	]
	"category":"liquid",
		"research": {
		"parent": "石墨滤水器",
    "researchCostMultiplier":40,
	},
}