{
      "type":"LiquidRouter",
      "name":"重甲储液罐",
      "description":"储存数量可观的液体，自带厚重的护甲，会像路由器一样可以朝各个方向输送液体。\n可构建在液体上。",
      "size":2,
      "armor":7,
      "health":600,
      "solid":true,
      "placeableLiquid":true,
	//可放置在液体上
      "liquidCapacity":2000,
      "requirements": [
          "砛/40",
          "锺/10",
          "thorium/10"
	],
	"category": "liquid",
    "research":"液体路由器"
    }