{
  "type": "CoreBlock",/*种类*/
  "name": "星尘核心",/*名称，它叫什么名！*/
  "description": "使用星尘制作成的核心，该回心拥有核心机“星尘C代号001”",/*描述，简介*/
  "size": 5,/*大小，1=1×1格，得比原版核心大，否则无法覆盖！*/
  "health": 10000,/*血量，字面意思*/
  "itemCapacity": 18000,/*物品容量，注：是全物品都加*/
  "unitCapModifier":36,/*单位上限，增加工厂可以制造的单位上限*/
  "unitType":"星尘C代号001",/*核心的单位，玩家操纵的那种！*/
  "requirements": [
    "copper/8000"/*铜（该物品英文，如果是你mod里的物品就填你mod里物品的名称！/64*/
    "星尘/2000"
    "lead/8000"
    "silicon/5000"
    "thorium/4000"
    
  ],/*建造所需物品*/
  "category": "effect",/*游戏界面分类*/
  "research": "星尘",/*科技树前一项*/
}