{
    "type": "OverflowDuct",
    "invert": false,
    "category": "distribution",
    "name": "轨道溢流门",
    "description": "当前方被堵塞时才会向两侧输出，用于处理多余的物品。",
    "research": {
        "parent": "aada轨道路由器",
        "requirements": [
            "铁/200"
        ]
    },
    "requirements": [
        "铁/3"
    ],
    "size": 1,
    "health": 400,
    "solid": false,
    "underBullets": true,
    "speed": 2,
    "itemCapacity": 1
}