{ 
    "name":"大型孢子墙",
    "type":"MendProjector",
    "description":"利用孢子制作的大型墙，能够吸收空气中的孢子恢复自身。"
    "reload":60,
    //修复速度
    "range":6,
    //修复范围
    "group":"walls"
    //方块组别：墙
    "healPercent":2,
    //修复百分比
    "phaseBoost":0,
    //加速百分比
    "hasPower":false,
    "phaseRangeBoost":0,
    //加速范围百分比
    "health":1200,
    //血量
    "size":2
    //大小
    "itemCapacity":0,
    "canOverdrive":false,
    //能否超频
    "buildCostMultiplier":3,
    //建筑速度倍率
    "requirements":[
        "spore-pod/24",
        "scrap/8"],
    "category":"defense",
    "research":"孢子墙",
}