{
	"type": "ConsumeGenerator",
	"name": "流体温差发电机",
	"description":"从流体温差中获得少量电力，但似乎在发电设施的选择中它多半没有存在感。"
	"health": 1350,//每格150
	"size":3,
	"armor":4,
	"hasLiquids": true,
	"hasItems": false,
	"powerProduction":15,
	"liquidCapacity": 120,
	"generateEffect": "generatespark",
	"consumes": {
		"liquids":[
		  {"liquid":"water","amount":0.2},
		  {"liquid":"slag","amount":0.1}
		]
	},
	"requirements": [
		"lead/80",
		"titanium/80",
		"metaglass/30",
		"silicon/50"
	],
	"ambientSound": "smelter",
	"ambientSoundVolume":0.06,
	"category":"power",
	"research":"copper"
	"buildCostMultiplier":0.8
}