{
	"type": "ConsumeGenerator",
	"name": "生化反应装置",
	"size": 5,
	"health":3750,//每格150
	"hasLiquids": true,
	"hasItems": true,
	"itemDuration":120,
	"outputLiquid":"water/0.5",
	"powerProduction":450,//27k
	"itemCapacity": 100,
	"liquidCapacity": 360,
	"generateEffect": "generatespark",
	"consumes": {
		"items":[
		  "spore-pod/5",
		  "碳水化合物/2"
		],
	},
	"buildCostMultiplier": 0.2,
	"requirements": [
		"lead/550","titanium/600",
		"metaglass/550","silicon/450",
		"plastanium/250","thorium/450",
		"钨/375","铀/275"
	],
	"ambientSound": "smelter",
	"ambientSoundVolume": 0.06,
	"category": "power",
	"research": "基因培养中枢",
	"buildCostMultiplier":0.5
}