{
   "type":"Battery",
   "name":"量子电储点",
   "health":1500,
   "armor":185,
   "size":1,
   "consumes":{
       "powerBuffered":5000000//500k
   },
   "requirements":[
     "phase-fabric/40","镭/150",
     "钍铅钢/80","放射性合金/50",
     "硅晶/65","纳米簇/50"
   ],
   "category":"power",
   "research":"battery-large",
   "buildCostMultiplier":0.8,
   "destroyBullet":{
    "type":"BasicBulletType",
    "damage":20000,
    "splasgDamage":35000,
    "splashDamageRadius":400,
    "pierce":true,
    "pierceBuilding":true,
    "knockback":2000,
    "makeFire":true,
    "instantDisappear":true,//瞬间消失
    "lightning":40,
    "lightningDamage":2500,
    "lightningColor":"BFFFDB",
    "lightningLength":20,
    "width":0,
    "height":0,
    "shootEffect":{
      "type":"MultiEffect",
      "effects":[
        {
          "type":"WaveEffect",
          "lifetime":300,
          "sizeFrom":16,
          "sizeTo":800,
          "strokeFrom":32,
          "strokeTo":0
          "colorFrom":"BFFFDB",
          "colorTo":"FFFFFF"
        },
        {
          "type":"ParticleEffect",
          "particles":40,
          "baseLength":64,
          "length":128,
          "spin":3,
          "region":"量子技艺-十字星"
          "lifetime":600,
          "sizeFrom":32,
          "sizeTo":0,
          "colorFrom":"00BFFF",
          "colorTo":"FFFFFF"
        }
      ]
    },
    "hitSound":"AUGHHH",
    "hitSoundVolume":10,
    "fragBullets":20,
    "fragBullet":{
      "damage":2,
      "pierce":true,
      "pierceBuilding":true,
      "lifetime":60,
      "speed":8,
      "absorbable":false,
      "hittable":false,
      "redlectable":false,
      "width":0.1,
      "heigth":0.1,
      "intervalBullets":1,
      "intervalBullet":{
        "type":"LaserBulletType",
        "makeFire":true,
        "lightningSpacing":16,
        "lightningLength":10,
        "lightningColor":"00BFFF",
        "lightningAngle":90,
        "lightningLengthRand":5,
        "lightningDamage":450,
        "damage":2600,
        "width":32,
        "length":960,
        "sideWidth":8,
        "sideLength":32,
        "sideColor":"007BFF"
      }
    }
  }
}