{
	"type": "mech",
	"name": "克隆尖刀",
    "description": "技术新突破，这种尖刀造价便宜并且会无限复制自己，缺点在于伤害特别低",
	"details": "克隆技术，小子",
	"speed": 0.9,
	"drag": 0.05,
	"accel": 0.1,
	"rotateSpeed": 10,
	"ammoType": {
		"type": "PowerAmmoType",
		"totalPower": 100
	},
	"ammoCapacity": 150,
	"hitSize": 6,
	"flying": false,
	"faceTarget": true,
	"drawMinimap": true,
	"health": 150,
	"armor": 2,
	"engineOffset": 8,
	"engineSize": 2,
	"itemCapacity": 0,
	"immunities": [
	"freezing"
	],
	"research": "克隆尖刀制造厂",
	/*"requirements": {
		"block": "air-factory",
		"time": 1500,
		"requirements": [
			"titanium/15",
			"silicon/20"]},*/
	"weapons": [
	        {
            "name": "克隆尖刀1",
            "reload": 4,
            "x": 4,
			"y": 1.5,
            "rotate": false,
            "top": false,
            "inaccuracy": 0,
            "shootSound": "shoot",
            "alternate": true,
            "ejectEffect": "casing1",
            "bullet": {
                "buildingDamageMultiplier": 1,
                "damage": 2,
                "status": "burning",
                "statusDuration": 600,
                "speed": 5,
                "lifetime": 64,
                "width": 8,
                "height": 13
            }
        }      
    ],
    "abilities": [
        {
            "type": "UnitSpawnAbility",
            "unit": "克隆尖刀",
            "spawnX": 0,
            "spawnY": 0,
            "spawnTime": 1800
        }
    ]
}