{
	"type": "flyingUnit",
	"name": "电涌战机",
	"description": "最强的单位？",
	"speed": 0.89,
	"maxVelocity": 1.0,
	"flying": true,
	"engineOffset": 1.5,
	"engineSize":0.1,
	"hitsize": 20,
	"health": 1560,
	"rotateitemWeapon": false,
	"weaponOffsetX": 1,
	"weaponOffsetY": 1,
	"rotatespeed": 1.0,
	"baseRotateSpeed": 1.1,
	"range": 450,
	"shots":2,
	"spread": 10,
	"weapon":{
		"name": "电涌炮",
        "length": 10,
		"reload": 20.2,
    	"range": 450,
		"alternate": false,
	    "bullet":{
	   "bulletType" : "ArtilleryBulletType",
       	       "speed": 1.42,
               "damage": 50,
               "homingpower": 15,
               "homingrange": 300,
               "backColor":"0000ff",
			   "fontColor":"0000ff",
			   "heatColor":"0000ff",
			   "trailColor":"0000ff",
               "bulletWidth": 10,
               "bulletHeight": 15,
               "lifetime": 60,
  	   "fragBullets":2,
         "fragBullet":"lightning",
         "hitShake": 3,
         "lightningLength": 1,
         "ammoMultiplier": 1,
	     "smokeEffect": "shootBigSmoke2",
	     "hitEffect":"shockwave"
	    }
	}
  }
