{
	"type": "ItemBridge",//类型,带桥
	"size":1,//平方大小
	"range":6,//范围
	"category": "distribution",//菜单栏
	"name": "改良传送带桥",//名字
	"description": "向前运输物品",//介绍
	"research": "1改良传送带"//前置科技树
	"alwaysUnlocked":true,//科技树默认解锁
	"health":250//血量
	"hasPower": false,
	"itemCapacity":10,
	"arrowSpacing":6,
	"requirements": [//建造消耗
		{ "item":"copper","amount":6},
		{"item":"钢铁","amount":2}	],
	"transportTime": 6,//运输速度
	"displayedSpeed":0.8,//显示速度
}