{
    "category": "distribution",
    "type": "ItemBridge",
    "requirements": [
        "纤维织物/6",
        "钢铁/2"
    ],
    "range": 12,
    "canOverdrive":true,
    "hasPower": false,
    "health":150,
    "transportTime":8,
    //运输时间（越小越快）
    "arrowPeriod":0.9,
    "arrowTimeScl":2.75,
    "itemCapacity":10,
    "name": "纤维传送带桥",
    "description": "拥有较长的运输距离，但速度较慢。",
    "research": {
	"parent": "b1改良传送带桥"//科技树前置
	"objectives":[
	{
	"type": "SectorComplete",//占领地图
	"preset":"野性之心-走迷宫"//地图名
	},]},
}