{
    "category": "distribution",
    "type": "ItemBridge",
    "requirements": [
        "金/6"
        "phase-fabric/6",
    ],
    "range": 12,
    "canOverdrive":true,
    "hasPower": false,
    "health":300,
    "transportTime":6,
    //运输时间（越小越快）
    "arrowPeriod":0.9,
    "arrowTimeScl":2.75,
    "itemCapacity":30,
    "consumes": {"power":0.1666666667}
    "name": "相位传送带桥",
    "description": "拥有较长的运输距离，同时保持了高运输速度。\n需要电力维持运行。",
    "research": {
	"parent": "b2纤维传送带桥"//科技树前置
	"objectives":[
	{
	"type": "SectorComplete",//占领地图
	"preset":"野性之心-放射性采集基地"//地图名
	},]},
}