{
    "type": "ConsumeGenerator",
    "name": "余烬咆哮发电站",
    "description": "通过燃烧有害化合物进行发电，记得排干净他产出的毒变瘤化物，不然会爆炸",
    "size": 5,
    "health": 4000,
    "powerProduction": 100,
    "craftTime":2,
	"consumes": {
	"liquids":[
    		{"liquid":"有害化合物","amount":1.5},
    		{"liquid":"矿渣","amount":0.5},
    		{"liquid":"水","amount":1.2}
    	]
	},
		"heatColor": "FFFEE4FF",
    "drawer": {
        "type": "DrawMulti",
        "drawers": [
            {
                "type": "DrawRegion",
                "suffix": "-bottom"
            },
            {
                "type": "DrawLiquidTile",
                "drawLiquid": "有害化合物"
            },
            "DrawDefault"
        {"type":"DrawDefault"},
		{"type":"DrawWarmupRegion"}
        ]
    },
    "generateEffect": {
"type": "RadialEffect",
"effect": {
"type": "multiEffect",
"effects": [
{
"type": "ParticleEffect",
"particles": 3,
"lifetime": 60,
"interp": "circleOut",
"length": 30,
"cone": 0,
"sizeFrom": 3,
"sizeTo": 0,
"colorFrom": "61D070FF",
"colorTo": "61D070FF"
}
{
"type": "ParticleEffect",
"particles": 3,
"lifetime": 60,
"interp": "circleOut",
"length": 30,
"cone": 0,
"sizeFrom": 3,
"sizeTo": 0,
"colorFrom": "61D070FF",
"colorTo": "61D070FF"
}
{
"type": "ParticleEffect",
"particles": 3,
"lifetime": 60,
"interp": "circleOut",
"length": 30,
"cone": 0,
"sizeFrom": 3,
"sizeTo": 0,
"colorFrom": "61D070FF",
"colorTo": "61D070FF"
}
{
"type": "ParticleEffect",
"particles": 3,
"lifetime": 60,
"interp": "circleOut",
"length": 30,
"cone": 0,
"sizeFrom": 3,
"sizeTo": 0,
"colorFrom": "61D070FF",
"colorTo": "61D070FF"
}
{
"type": "ParticleEffect",
"particles": 3,
"lifetime": 60,
"interp": "circleOut",
"length": 30,
"cone": 0,
"sizeFrom": 3,
"sizeTo": 0,
"colorFrom": "61D070FF",
"colorTo": "61D070FF"
}
]
},
"rotationOffset": 45,
"lengthOffset": 12,
"amount": 4
}
	"loopSound": "hum",
"loopSoundVolume": 1.95,
"ambientSound": "machine",
"ambientSoundVolume": 0.25
	    "liquidCapacity": 100,
    	"outputLiquid": {"liquid": "瘤变化合物", "amount": 1},
    	"explodeOnFull":true,
    "requirements": [
            {"item":"钨","amount":100},
        { "item": "铍", "amount": 200 }
        {"item":"硅","amount":400}
        { "item": "钢化玻璃", "amount": 180 }
        { "item": "钍", "amount": 50 }
    ],
      "category": "power",
                "research": {
	"parent":"烈焰燃烧发电站"
	"objectives": [
            {
				"type": "SectorComplete",
				"preset": "腐蚀池沼"
			}
	]
	},
	         "researchCostMultiplier": 0.2,
}