{
    "name":" 大电池",
	"health":800,
    "description": "更大电池，可储电",
    "requirements": [
  { "amount": 120, "item": "铅" },
  { "amount": 40, "item": "铝" },
  { "amount": 55, "item": "铜" },
  { "amount": 30, "item": "钛钢" }
    ],
    "consumes": 
    {"powerBuffered": 40000},
	"emptyLightColor":"FF000000",
	"fullLightColor":"FFFFFFFF",
    "size": 3,
    "type": "Battery",
	"category": "power",
	        "research": {
	"parent":"电池"
	"objectives": [
            {
				"type": "SectorComplete",
				"preset": "世界另一端"
			}
	]
	}
	"researchCostMultiplier": 0.2,
	    "canOverdrive": false,
}
