{
    "name":" 巨浪电池",
	"health":4000,
    "description": "更大电池，可储电",
    "requirements": [
  { "amount": 500, "item": "铝" },
  { "amount": 100, "item": "巨浪合金" },
  { "amount": 200, "item": "铅" },
  { "amount": 200, "item": "纯钛钢" }
    ],
    "consumes": 
    {"powerBuffered": 160000},
	"emptyLightColor":"FF000000",
	"fullLightColor":"FFFFFFFF",
    "size": 3,
    "type": "Battery",
	"category": "power",
	        "research": {
	"parent":"钛钢电池"
	"objectives": [
            {
				"type": "SectorComplete",
				"preset": "前哨基地"
			}
	]
	}
	"researchCostMultiplier": 0.2,
	    "canOverdrive": false,
}
