{
    "type": "ConsumeGenerator",
    "name": " 火力发电站",
    "description": "火力发电机，将可燃物转化为电能。",
    "size": 1,
    "health": 80,
    "hasLiquids": false,
    "hasItems": true,
    "itemDuration": 90,
    "powerProduction": 1,
    "itemCapacity": 20,
    "drawer":{
        "type":"DrawMulti",
        "drawers":[
            "DrawDefault",
			"DrawFlame"
            ]
    },
    "generateEffect": "generatespark",
    "consumes": {
        "itemFlammable": {},
    },
    "requirements": [
{ "item": "石墨", "amount": 10},
{ "item": "铜", "amount": 20},
{ "item": "铅", "amount": 10},
    ],
    "ambientSound": "smelter",
    "ambientSoundVolume": 0.06,
    "category": "power",
        "research": {
	"parent":"初代核心"
	"objectives": [
            {
				"type": "SectorComplete",
				"preset": "零号地区"
			}
	]
	}
    "researchCostMultiplier": 0.2,
        "canOverdrive": true,
}