{
    "type": "ThermalGenerator",
    "name": "热能发电站",
    "description": "地热高效利用，更大，更强！",
    "size": 2,
    "health": 600,
    "powerProduction": 5,
    "generateEffect":"redgeneratespark",
    "effectChance":0.08,
    "drawer":{
        "type":"DrawMulti",
        "drawers":[
            "DrawDefault",
			{"type":"DrawFade",
            "scale":10}
            ]
    },
    "requirements": [
            {"item":"硅","amount":200},
        { "item": "钢", "amount": 100 }
        {"item":"石墨","amount":50}
        { "item": "钢化玻璃", "amount": 100 }
    ],
    "floating": true,
    "ambientSound":"hum",
    "attribute": "heat",
    "category": "power",
    "research": {
	"parent":"火力发电站"
	"objectives": [
            {
				"type": "SectorComplete",
				"preset": "熔岩丘陵"
			}
	]
	}
    "researchCostMultiplier": 0.2,
        "canOverdrive": true,
}