{
"type": "MassDriver",
	"name":"钴蓝质量驱动器",
	"description":"钴钴钴",
	"size":3,
	"health":500,
	"hasPower":true,
	"hasLiquids":false,
	"hasItems":true,
	"itemCapacity":240,
	"range":450,
	"reload":120,
	"speed":1,
	"reloadTime":300,
	"rotateSpeed":6,
	"shake":2.5,
	"shootEffect": "shootBig",
	"smokeEffect": "shootSmallSmoke",
	"recieveEffect":"smeltsmoke",
	"consumes":{
	"power":2,
	}
	"requirements":[
		{"item":"lead", "amount":125 },
		{"item":"titanium", "amount":125 },
		{"item":"钴蓝合金","amount":50},
		{"item":"silicon","amount":50},
	],
	"category":"distribution",
	"research": "机械质量驱动器"
}