{
  "name": "陆行制造厂",
  "description": "制造陆行单位",
  "type": "UnitFactory",
  "regionSuffix": "-dark",
  "size": 3,
  "configurable": false,
  "category": "units",
  "consumes": {
    "power": 1.5
  },
  "plans": [
    {
      "unit": "a1-inch",
      "requirements": [
        "silicon/60",
        "graphite/60"
      ],
      "time": 2400
    },
  ],
  "research": {
    "parent": "tank-fabricator",
    "objectives": [
      "tank-fabricator",
      {
        "type": "OnSector",
        "preset": "flatlands"
      }
    ]
  },
  "requirements": [
    "beryllium/260",
    "silicon/260",
    "tungsten/80"
  ]
}
