{
  "name": "陆行重构厂",
  "description": "将陆行T1重构为T2",
  "type": "Reconstructor",
  "regionSuffix": "-dark",
  "constructTime": 1800,
  "size": 3,
  "configurable": false,
  "category": "units",
  "consumes": {
    "power": 2
    "liquids": {
      "liquids": [
        "hydrogen/0.05"
      ]
    },
    "items": {
      "items": [
        "tungsten/20",
        "beryllium/20",
        "silicon/40"
      ],
    },
  },
  "upgrades": [
    [
      "a1-inch",
      "a2-foot"
    ]
  ],
  "research": {
    "parent": "a0-walker-fabricator",
    "objectives": [
      "a0-walker-fabricator",
      {
        "type": "OnSector",
        "preset": "hold"
      }
    ]
  },
  "requirements": [
    "beryllium/180",
    "silicon/240",
    "tungsten/120"
  ]
}
