{
  "name": "机甲制造厂",
  "description": "制造机甲单位",
  "type": "UnitFactory",
  "regionSuffix": "-dark",
  "size": 3,
  "configurable": false,
  "category": "units",
  "consumes": {
    "power": 1.5
  },
  "plans": [
    {
      "unit": "b1-letter",
      "requirements": [
        "silicon/60",
        "coal/30"
      ],
      "time": 2400
    },
  ],
  "research": {
    "parent": "tank-fabricator",
    "objectives": [
      "tank-fabricator",
      {
        "type": "OnSector",
        "preset": "presence",
      }
    ]
  },
  "requirements": [
    "beryllium/200",
    "silicon/200",
    "graphite/300",
  ]
}
