{
  "name": "舰船制造厂",
  "description": "制造舰船单位",
  "type": "UnitFactory",
  "regionSuffix": "-dark",
  "size": 3,
  "configurable": false,
  "category": "units",
  "consumes": {
    "power": 1.5
  },
  "plans": [
    {
      "unit": "f1-hide",
      "requirements": [
        "silicon/40",
        "beryllium/40",
        "sand/30"
      ],
      "time": 2400
    },
  ],
  "research": {
    "parent": "ship-fabricator",
    "objectives": [
      "ship-fabricator",
      {
        "type": "OnSector",
        "preset": "passing",
      }
    ]
  },
  "requirements": [
    "beryllium/200",
    "graphite/150",
    "silicon/150"
  ]
}
