{
    "name":"源花",
    "description":"战术无人机,能有效提供战斗辅助"
    "flying":true
    "health":1200
    "armor":12
    "rotateSpeed":2
    "speed":3
    "hitSize":10
    "drag": 0.05
    "accel":0.07
    "stepShake": 0,
    "engineSize":1.2
    "range":240
    "hovering": true,
        "hittable":true
    "isEnemy":true,
    "allowedInPayloads": false,
    "logicControllable": false,
    "playerControllable": false,
    "hidden": false,
    "controller": "DefenderAI",
    "createWreck": false,
    "createScorch": false,
    "physics":true
    "bounded": false,
    "drawMinimap": false,
    "hoverable": true
    "shadowElevation": 0.1,
    "rippleScale": 0.2,
    "envDisabled": 0,
    "abilities":[
{"type":"RepairFieldAbility",
"amount":300
"reload":100
"range":180
}
]
    "weapons": [
    ]
}