{
"name":"白鹭",
"description":"俯冲鱼雷机,一次抛射数发鱼雷",
"speed":2.2//速度
"accel":0.3,//加速度
"drag":0.05,//拖曳
"rotateSpeed":1.5
"isEnemy":true,//被计算敌人
"ammoCapacity":100//弹药容量
"abilities":[
]
"hitSize":14//尺寸
"flying":true,//是否是飞行单位
"health":900,//生命
"armor":8,//护甲
"itemCapacity":0
"fogRadius":32
"circleTarget":true
"faceTarget":false
"weapons":[
{"name":"白鹭1"
"reload":150
"mirror":false
"top":false
	"shoot": {
		"type": "ShootAlternate",
		"barrels":4
		"spread":10
		"shots":4
	},
"shootStatus":"俯冲"
"shootStatusDuration":120
"bullet":{
"type":"BasicBulletType"
"damage":155
"hittable":false
"pierceArmor":true
"speed":2
"lifetime":150
"weight":20
"width":4
"trailLength":10
"trailWidth":3
    "frontColor":"FFFFFFF"
    "backColor":"FFFFFFF"
    "trailColor":"FFFFFFFF"
}
}
]

}