{
"name":"鱼鹰",
"description":"俯冲攻击机,以高速机炮扫射攻击",
"speed":2.4//速度
"accel":0.3,//加速度
"drag":0.05,//拖曳
"isEnemy":true,//被计算敌人
"ammoCapacity":100//弹药容量
"abilities":[
]
"hitSize":16//尺寸
"flying":true,//是否是飞行单位
"health":1200,//生命
"armor":8,//护甲
"itemCapacity":0
"fogRadius":32
"circleTarget":true
"faceTarget":false
"weapons":[
{"name":"鱼鹰1"
"reload":80
"mirror":false
"top":false
"inaccuracy":5
"shoot":{
"shots":20
"shotDelay":2
}
"shootStatus":"俯冲"
"shootStatusDuration":120
"bullet":{
"type":"BasicBulletType"
"damage":20
"pierceArmor":true
,"speed":16
"lifetime":10
"weight":12
"width":1.2
"trailLength":16
"trailWidth":0.8
    "frontColor":"E3894DFF"
    "backColor":"E3894DFF"
    "drag":0.01
}
}
]

}