{
	"name":"增强爆炸混合物工厂",
	"description":"增强型",
	"size":3,
	"outputItem":
		{"item":"blast-compound","amount":3},
	"consumes":{
		"power":3.0,
		"items":{
			"items":[
				{"item":"thorium","amount":2},
				{"item":"pyratite","amount":3}
				]
			}
		},
	"requirements":[
		{"item":"copper","amount":750},
		{"item":"lead","amount":500},
		{"item":"titanium","amount":200},
		{"item":"silicon","amount":150}
		],
	"craftTime":40,
	"health":900,
	"itemCapacity":50,
	"flameColor":"ff0000",
	"research":"孢子工厂",
	"category":null
}