{
	"name":"增强玻璃冶炼厂",
	"description":"增强玻璃冶炼厂",
	"size":3,
	"outputItem":
		{"item":"metaglass","amount":5},
	"consumes":{
		"power":3.0,
		"items":{
			"items":[
				{"item":"coal","amount":1},
				{"item":"sand","amount":3}
				]
			}
		},
	"requirements":[
		{"item":"copper","amount":750},
		{"item":"lead","amount":500},
		{"item":"titanium","amount":200},
		{"item":"silicon","amount":150}
		],
	"craftTime":40,
	"health":900,
	"itemCapacity":50,
	"flameColor":"ffff77",
	"research":"石墨工厂",
	"category":null
}