{
	"name":"更强玻璃冶炼厂",
	"description":"更强玻璃冶炼厂\n〔更强工厂只能放在<加成方块>上〕\n[red]否则效率0",
	"size":3,
	"outputItem":
		{"item":"metaglass","amount":20},
	"consumes":{
		"power":5.0,
		"items":{
			"items":[
				{"item":"coal","amount":5},
				{"item":"sand","amount":15}
				]
			}
		},
	"requirements":[
		{"item":"copper","amount":1580},
		{"item":"lead","amount":900},
		{"item":"titanium","amount":450},
		{"item":"graphite","amount":450},
		{"item":"普通科技点","amount":540},
		{"item":"silicon","amount":250}
		],
	"craftTime":120,
	"health":1000,
	"itemCapacity":100,
	"research":"玻璃工厂",
	"flameColor":"ff3333",
	"attributes":"heat",
	"category":null,
	"boostScale":0.4,
	"baseEfficiency":0,
	"drawer":"DrawWeave",
	"maxHeatBoost":2.5
}