{
	"name":"更强工业硅精炼厂",
	"description":"更强硅厂\n〔更强工厂只能放在<加成方块>上〕\n[red]否则效率0",
	"size":3,
	"outputItem":
		{"item":"silicon","amount":11},
	"consumes":{
		"power":5.0,
		"items":{
			"items":[
				{"item":"coal","amount":5},
				{"item":"sand","amount":6}
				]
			}
		},
	"requirements":[
		{"item":"copper","amount":1750},
		{"item":"lead","amount":1650},
		{"item":"titanium","amount":800},
		{"item":"graphite","amount":800},
		{"item":"普通科技点","amount":540},
		{"item":"silicon","amount":550}
		],
	"craftTime":120,
	"health":1200,
	"itemCapacity":150,
	"research":"硅工厂",
	"flameColor":"ff3333",
	"attributes":"heat",
	"category":null,
	"boostScale":0.4,
	"baseEfficiency":0,
	"drawer":"DrawWeave",
	"maxHeatBoost":2.5
}