{
	"name":"更强硫精炼厂",
	"description":"更强硫厂\n〔更强工厂只能放在<加成方块>上〕\n[red]否则效率0",
	"size":3,
	"outputItem":
		{"item":"pyratite","amount":10},
	"consumes":{
		"power":4.5,
		"items":{
			"items":[
				{"item":"coal","amount":5},
				{"item":"sand","amount":5},
				{"item":"lead","amount":5}
				]
			}
		},
	"requirements":[
		{"item":"copper","amount":1350},
		{"item":"lead","amount":850},
		{"item":"titanium","amount":600},
		{"item":"graphite","amount":600},
		{"item":"普通科技点","amount":540},
		{"item":"silicon","amount":350}
		],
	"craftTime":120,
	"health":1100,
	"itemCapacity":100,
	"research":"硫工厂",
	"flameColor":"ff3333",
	"attributes":"heat",
	"category":null,
	"boostScale":0.4,
	"baseEfficiency":0,
	"drawer":"DrawWeave",
	"maxHeatBoost":2.5
}