{
	"name":"更强高温织布机",
	"description":"别人家的更强织布厂\n〔更强工厂只能放在<加成方块>上〕\n[red]否则效率0",
	"size":3,
	"outputItem":
		{"item":"phase-fabric","amount":8},
	"consumes":{
		"power":5.5,
		"items":{
			"items":[
				{"item":"thorium","amount":3},
				{"item":"coal","amount":7}
				]
			}
		},
	"requirements":[
		{"item":"copper","amount":1350},
		{"item":"lead","amount":900},
		{"item":"titanium","amount":650},
		{"item":"graphite","amount":650},
		{"item":"普通科技点","amount":540},
		{"item":"silicon","amount":450}
		],
	"craftTime":180,
	"health":1100,
	"itemCapacity":50,
	"research":"织布机",
	"flameColor":"ff3333",
	"category":null,
	"attributes":"heat",
	"boostScale":0.4,
	"baseEfficiency":0,
	"maxHeatBoost":2.5
}