{
	"name":"更好钍制造厂",
	"description":"别人家的更好工厂\n〔更强工厂只能放在<加成方块>上〕\n[red]否则效率0",
	"size":3,
	"outputItem":
		{"item":"thorium","amount":15},
	"consumes":{
		"power":10.0,
		"items":{
			"items":[
				{"item":"coal","amount":11},
				{"item":"spore-pod","amount":9}
				]
			}
		},
	"requirements":[
		{"item":"copper","amount":1800},
		{"item":"lead","amount":1400},
		{"item":"titanium","amount":900},
		{"item":"graphite","amount":900},
		{"item":"普通科技点","amount":540},
		{"item":"silicon","amount":600}
		],
	"craftTime":120,
	"health":1300,
	"itemCapacity":200,
	"research":"钍工厂",
	"flameColor":"ff3333",
	"attributes":"heat",
	"category":null,
	"boostScale":0.4,
	"drawer":"DrawWeave",
	"baseEfficiency":0,
	"maxHeatBoost":2.5
}