{	
    "type":"mech",
    "name":"编号02-刺刀手",
    "description":"第二代产物，增加了护甲以及火力",
    "details":"计划废除.....", 
    "hitSize":13,
   
    "armor":15,
    "speed":0.43,
    "canBoost":true,
    "rotateSpeed": 3,
    "lightColor": "235c44",
    "health":590,
    "mechStepParticles":true,
    "engineSize":5,
    "engineOffset":6,
    "ammoCapacity": 39,
	"research":"base01",
	"weapons":[
	{	"name": "pao021",
	"reload":3.5, 
	"shake":0.1,
	"recoil":5,
    "x": 7,  "y": 1.5,    
    "mirror":true,
    "rotate": true,
    "top":false,
    "inaccuracy": 0.1,
	"shootSound": "laser",
	"alternate": true,
	"ejectEffect":{
        "type": "MultiEffect",
        "lifetime": 80,
        "effects": [
           {     
        "type": "WaveEffect",
        "sizeFrom": 1.9,
        "sizeTo": 0,
        "lifetime": 45,
        "strokeFrom": 2,
        "strokeTo": 1.6,
        "colorFrom": "FFFFFF",
        "colorTo": "BFFFDBFF",
        "cone": 360
           } ]
           },
	"bullet":{
    "type":"LaserBulletType",
    "damage":25, 
   	"pierce": true,
	"pierceBuilding":true,
	"pierceCap":5,
    "length": 18,
    "width": 5,
    "sideLength": 0,
    "hitEffect":"flakExplosionBig"
    }
      }
	]
}
