{	
    "type":"mech",
    "name":"编号03-急速",
    "description":"第三代产物，增加了护甲以及火力，更新了新的武器",
    "details":"计划废除.....", 
    "hitSize":22,
  
    "armor":20,
    "canBoost":true,
    "lightColor": "235c44",
    "speed":0.36,
    "rotateSpeed": 2.1,
    "health":6000,
    "mechStepParticles":true,
    "engineSize":7,
    "engineOffset":13,
    "ammoCapacity": 139,
	"research":"base02",
	"weapons":[

        {	"name": "000003",
            "reload":5, 
            "shake":0.1,
            "recoil":5,
            "x": 8,  "y": 9,    
            "mirror":true,
            "shoot":{
                "type":"ShootPattern",
                "firstShotDelay":5
            },
            "rotate": false,
            "top":false,
            "inaccuracy": 0.5,
            "shootSound": "laser",
            "alternate": true,
        
            "bullet":{
                "type": "BasicBulletType",
                "damage": 10,
                "status":"unmoving",
                "statusDuration":45,
                "splashDamageRadius":85,
                "splashDamage":40,
                "ammoMultiplier":1,
                "frontColor":"FFFFFF",
                "backColor":"BFFFDBFF",
                "width": 14,	"height": 14,
                "hitEffect":"bigShockwave",
                "despawnEffect":"bigShockwave",
                "speed": 5,
                "lifetime": 45,
                "chargeEffect":{
                    "type": "MultiEffect",
                    "lifetime": 80,
                    "effects": [
                       {     
                    "type": "ParticleEffect",
                    "particles": 8,
                    "sizeFrom": 0,
                    "sizeTo": 2,
                    "length": 80,
                    "baseLength": -80,
                    "lifetime": 8,
                    "colorFrom": "FFFFFF",
                    "colorTo": "BFFFDBFF",
                    "cone": 360
                       },
                       {     
                    "type": "ParticleEffect",
                    "particles": 1,
                    "sizeFrom": 0,
                    "sizeTo": 3,
                    "length": 0,
                    "baseLength": -0,
                    "lifetime": 8,
                    "colorFrom": "FFFFFF",
                    "colorTo": "BFFFDBFF",
                    "cone": 360
                       } ]
                       }}}
	]
}
