{	
    "type":"mech",
    "name":"编号05-能量",
    "description":"第五代产物，增加了护甲以及火力,新的武器",
    "details":"计划废除.....", 
    "hitSize":26,
    
    "armor":30,
    "canBoost":true,
    "speed":0.35,
    "rotateSpeed": 3,
    "lightColor": "235c44",
    "health":8000,
    "engineSize":9,
    "engineOffset":20,
    "mechStepParticles":true,
    
    "ammoCapacity": 230,
	"research":"base04",
	"weapons":[
        {	"name": "pao01",
            "reload":350, 
            "shake":25,
         
            "x": 0,  "y": 2,    
            "mirror":false,
            "shoot":{
                "type":"ShootPattern",
                "firstShotDelay":250
            },
            "rotate": false,
            "top":false,
            "inaccuracy": 0.5,
            "shootSound": "laserblast",
            "alternate": true,
            "cooldownTime":100,
            "bullet":{
                "shootEffect": {
                    "type": "ParticleEffect",
                    "particles": 25,
                    "sizeFrom": 13,
                    "sizeTo": 0,
                    "line": true,
                    "length": 59,
                    "baseLength": 0,
                    "lifetime": 20,
                    "colorFrom": "dedede",
                    "colorTo": "aaaaaa",
                    "cone": 30
                },
                "type": "BasicBulletType",
                "shake":25,
                "hitShake":25,
                "shootShake":25,
                "status":"unmoving",
                "statusDuration":45,
                "splashDamageRadius":250,
                "splashDamage":400,
                "pierce": true,
                "pierceBuilding":true,
                "pierceCap":2,
                "fragBullets":15,
                "fragVelocityMax":1.51,
                "fragVelocityMin":0.51,
                "fragBullet":{
                    "damage":105, 
                       "pierce": true,
                    "pierceBuilding":true,
                    "pierceCap":10,
                    "speed":4,
                    "length": 80,
                    "type":"LightningBulletType",
                    "lifetime":27
                 },
                "lightningSpacing":80,
                "lightningLength":15,
                "lightningDelay":1.1,
                "lightningLengthRand":10,
                "lightningAngleRand":80,
                "lightningDamage":120,
                "lightningColor": "25C9ABFF",
                "shrinkY":0,"shrinkX":0,
                "ammoMultiplier":1,
                "frontColor":"FFFFFF",
                "backColor":"BFFFDBFF",
                "width": 90,	"height": 90,
                "hitEffect":{
                    "type": "MultiEffect",
                    "lifetime": 250,
                    "effects": [
                       {     
                        "type": "WaveEffect",
                        "sizeFrom": 220,
                        "sizeTo": 0,
                        "lifetime": 45,
                        "strokeFrom": 2,
                        "strokeTo": 0,
                        "colorFrom": "FFFFFF",
                        "colorTo": "BFFFDBFF"
                
                       }]
                       },
                "despawnEffect":{
                    "type": "MultiEffect",
                    "lifetime": 250,
                    "effects": [
                       {     
                        "type": "WaveEffect",
                        "sizeFrom": 220,
                        "sizeTo": 0,
                        "lifetime": 45,
                        "strokeFrom": 2,
                        "strokeTo": 0,
                        "colorFrom": "FFFFFF",
                        "colorTo": "BFFFDBFF"
                    
                       } ]
                       },
                "speed": 5,
                "lifetime": 145,
                "chargeEffect":{
                    "type": "MultiEffect",
                    "lifetime": 250,
                    "effects": [
                       {     
                    "type": "ParticleEffect",
                    "particles": 80,
                    "sizeFrom": 0,
                    "sizeTo": 6,
                    "length": 300,
                    "baseLength": -300,
                    "lifetime": 250,
                    "colorFrom": "FFFFFF",
                    "colorTo": "BFFFDBFF",
                    "cone": 360
                       },
                       {     
                    "type": "ParticleEffect",
                    "particles": 1,
                    "sizeFrom": 0,
                    "sizeTo": 15,
                    "length": 0,
                    "baseLength": -0,
                    "lifetime": 250,
                    "colorFrom": "FFFFFF",
                    "colorTo": "BFFFDBFF",
                    "cone": 360
                       } ]
                       }}}
	]
}

