{
	"type":"Drill",
	"name": "大型铜钻头",
	"description": "[blue]LV3钻头,够多了    有必要这么快吗",
	"size":3,
	"health":1250,
	"hasPower":false,
	"drawMineItem":true,
	"drillTime":75,
	"hasItems":true,
	"warmupSpeed":1000,//预热速度
	"tier":2,//开采等级
	"hasLiquids":true,
	"liquidBoostIntensity":1.5,
	"itemCapacity":200,
	"liquidCapacity":30,
	"items": [
	   { "item": "copper","amount": 20}
	 ]
	"consumes":{
         "liquid":{"liquid": "water","amount":0.05,   	
	    "booster": true,
    	"optional": true,
    	}
    }
	"requirements": [
		{"item": "copper", "amount":127}
	],
	"category": "production",
    "research":"中等铜钻头"
}
