{
"requirements": [
		{ "item": "copper", "amount":1000 },
		{ "item": "lead", "amount":800 },
		{ "item": "titanium", "amount":500 },
		{ "item": "silicon", "amount":500 },
	],
"research": {
	"parent": "core-foundation"//科技树前置
},
"name":"独立核心"
"description": "区块核心上限为3个",
"buildCostMultiplier":0.5//建造时间倍率
"size": 3,
"health": 3000,
"breakable":true,
"unitCapModifier":2
"itemCapacity":2000,
"armor":5
"buildVisibility": "shown",
"category": "effect",
"unitType": "beta",
}