{
"health":1500,
"speed":0.5,
"armor":12,

"weapons":[ 
	{
	"name":"artillery",
	"mirror":true,
  "x":8
  "y":0
  "shootY":4
  "top": true
  "rotate":false
  "reload": 30
  "shootSound":"shootBig",
  "ejectEffect":"shootBig"
  "shots": 1,
  "inaccuracy":0
  "alternate":true,
  "ignoreRotation": false,
  "targetAir":true//攻击天空
	"targetGround":true,//攻击地面
  "shoot": {
        "shots": 2,
        "shotDelay": 3
    }
  "bullet":{
"type":"BasicBulletType",//基础子弹
"width":15,//子弹宽
"height":15,//子弹长
"lifetime":60,//存在时间，帧
"speed":3.625,//初速度
"ammoMultiplier":3,
"damage":18,
"splashDamageRadius":34.4,
"splashDamage":36,
"despawnEffect":"flakExplosionBig",
	    "hitEffect":"flakExplosionBig",
	"smokeEffect":"shootBigSmoke"
}
},
	    ]
}