{
"health":15000,
"speed":0.36,
"armor":16,
"weapons":[ 
	{
	"name":"mount-weapon",
	"mirror":true,
  "x":6
  "y":3
  "shootY":4
  "top": true
  "rotate":false
  "reload": 36
  "shootSound":"pew",
  "ejectEffect":"casing1"
  "shots": 1,
  "inaccuracy":0
  "alternate":true,
  "ignoreRotation": false,
  "shoot": {
        "shots": 3,
        "shotDelay": 3
    }
  "bullet":{
               "speed": 7.5
               "lifetime": 30
               "damage":15
               "width": 5
               "shrinkY":0
               "height": 5
}
},
{
	"name":"mount-weapon",
	"mirror":true,
  "x":-6
  "y":-3
  "shootY":4
  "top": true
  "rotate":false
  "reload": 24
  "shootSound":"pew",
  "ejectEffect":"casing1"
  "shots": 1,
  "inaccuracy":0
  "alternate":true,
  "ignoreRotation": false,
  "shoot": {
        "shots": 2,
        "shotDelay": 3
    }
  "bullet":{
               "speed": 8
               "lifetime": 30
               "damage":15
               "width": 5
               "shrinkY":0
               "height": 5
}
},
{
	"name":"scepter-weapon",
	"mirror":true,
  "x":15
  "y":2
  "shootY":4
  "top": true
  "rotate":false
  "reload": 30
  "shootSound":"shootBig",
  "ejectEffect":"shootBig"
  "shots": 1,
  "inaccuracy":0
  "alternate":true,
  "ignoreRotation": false,
  "shoot": {
        "shots": 2,
        "shotDelay": 3
    }
  "bullet":{
               "speed": 10
               "lifetime": 25
               "damage":50
               "width": 7
               "shrinkY":0
               "height": 12
               "lightningColor":"FFE865FF",
        //闪电颜色
        "lightning": 6,
        //射击命中时生成闪电数量
        "lightningLength": 8,
        //射击命中时生成闪电的长度
        "lightningDamage":15,
        //闪电伤害
               "fragBullets":3,
			"fragRandomSpread":6,//随机分裂角度
			"fragSpread":0,//分裂角度
			"fragAngle":0,//分裂起始角度
			"fragVelocityMin":0.5,//最小分裂弹速度
	    "fragVelocityMax":1.5,//最大分裂弹速
	    "fragBullet":{
	           "speed": 6
               "lifetime": 10
               "damage":15
               "width": 4
               "shrinkY":0
               "height": 4
               "lightningColor":"FFE865FF",
        //闪电颜色
        "lightning": 2,
        //射击命中时生成闪电数量
        "lightningLength": 4,
        //射击命中时生成闪电的长度
        "lightningDamage":10,
        //闪电伤害
               }
}
},
	    ]
}