{
	"name": "云霞生产工厂",
	"description": "制造云霞单位",
	"health": 1080,
	"size": 4,
	"reload":3000,
	"range": 999999999999999
		"targetGround": true
	"targetAir": true,
		"maxAmmo":1500,
    "ammoPerShot": 750,
	"shoot":{
		"shots":1,
	    "shotDelay":30,
		"type":"ShootAlternate",
		"shootY":3,
		"barrels":4,
		"spread":4.5
	},
	"drawer": {
		"type": "DrawMulti",
		"drawers": [
			"DrawWeave",
			"DrawDefault",
			{
				"type": "DrawPulseShape",
				"color": "FFD59E",
				"stroke": 1,
				"timeScl": 120,
				"minStroke": 0,
				"layer": 110,
				"square": false
			}
		]
	},
    	"updateEffect": {
		"type": "WaveEffect",
		"sides": 6,
		"lifetime": 60,
		"sizeFrom": 0,
		"sizeTo": 9,
		"strokeFrom": 2,
		"strokeTo": 0,
		"rotation": 90,
		"colorFrom": "FFF1D2",
		"colorTo": "FFD197"
	},
	"ammoUseEffect": "casing2Double",
	"shootSound":"respawn",
	"inaccuracy": 7,
	"rotateSpeed": 10,
	"shake":1,
	"ammoTypes": {
        "铁": {
	         "type": "BasicBulletType",
             "spawnUnit": "云霞",
             "shootEffect": {
	             "type": "MultiEffect",
  	             "effects": [
       		         {
	                 "type": "RadialEffect",
	                 "effect": "shootSmokeMissile",
	               	},
	            	{
	                "type": "ParticleEffect",
                  	"particles": 45,
                 	"lifetime": 400,
                 	"sizeFrom": 4,
                   	"sizeTo": 0,
	                "length": 120,
	                "cone": 10,
                  	"interp": "pow10In",
                  	"sizeInterp": "pow5Out",
	                "colorFrom": "FEB380AA",
	                "colorTo": "FEB38000"
               		}
	             ]
	         }
		 }
	}, 
	"requirements": [
{ "item": "钛钢", "amount": 125 }
{ "item": "钛", "amount": 175 }
	],
	"category": "turret",
	"research": {
	"parent":"无"
	"objectives": [
            {
				"type": "SectorComplete",
				"preset": "零号地区"
			}
	]
	}
	    "researchCostMultiplier": 2,
	        "canOverdrive": false,
}