{
	"type": "PowerTurret",
	"name": "冰封",
	"description": "中型震爆武器，聚集能量团投向敌人造成短暂瘫痪。",
	"targetAir": true,
	"placeableLiquid": true
	"targetGround": true,
	"health": 2800,
	"size": 2,
	"cooldownTime": 80,
	"accurateDelay": false,
	"shootSound":"laser",
	"shoot":{
		"type":"ShootPattern",
		"firstShotDelay":50
	},
	"moveWhileCharging": false,
    "chargeSound":"lasercharge2",
	"shake":1,
	"inaccuracy": 1,
	"recoil": 2,
	"recoilTime":28, 
	"shootType": {
	"type": "BasicBulletType",
	"damage": 50,
	"status":"冰冻",
	"statusDuration":30,
	"splashDamageRadius":85,
	"splashDamage":30,
	"ammoMultiplier":1,
	"sprite":"circle-bullet",
    "shrinkY":0,
	"trailLength":10,
	"trailWidth":4,
    "trailColor":"87CEEBFF",
	"frontColor":"FFFFFF",
	"backColor":"87CEEBFF",
	"width": 13,	"height": 13,
	"hitSound":"plasmaboom",
	"hitEffect":{
		"type": "MultiEffect",
		"effects": [
			{
		"type": "WaveEffect",
		"lifetime": 20,
		"sizeFrom": 0,
		"sizeTo": 85,
		"strokeFrom": 3,
		"strokeTo": 1,
		"colorFrom": "87CEEB",
		"colorTo": "87CEEB00"
			},
		{"type": "ParticleEffect",
		"particles": 8,
		"sizeFrom": 7,
		"sizeTo": 0,
		"interp":"pow5Out",
		"sizeInterp":"pow5In",
		"length": 70,
		"baseLength": 10,
		"lifetime": 45,
		"colorFrom": "87CEEBd8",
		"colorTo": "87CEEBd0",
		"cone": 360}
		]},
	"despawnEffect":"bigShockwave",
	"speed": 20,
	"lifetime": 10,
	"chargeEffect":{
		"type": "MultiEffect",
		"effects": [
			{
		"type": "WaveEffect",
		"lifetime": 50,
		"sizeFrom": 60,
		"sizeTo": 0,
		"strokeFrom": 0,
		"strokeTo": 2,
		"colorFrom": "FFFFFF",
		"colorTo": "87CEEB"
			},
		   {     
		"type": "ParticleEffect",
		"particles": 8,
		"sizeFrom": 0,
		"sizeTo": 2,
		"length": 80,
		"baseLength": -80,
		"lifetime": 45,
		"colorFrom": "FFFFFF",
		"colorTo": "87CEEBFF",
		"cone": 360
		   },
		   {     
		"type": "ParticleEffect",
		"particles": 1,
		"sizeFrom": 0,
		"sizeTo": 6,
		"length": 0,
		"baseLength": -0,
		"lifetime": 51,
		"colorFrom": "FFFFFF",
		"colorTo": "87CEEBFF",
		"cone": 360
		   }
		]},
	"fragBullets":8,
    "fragBullet":{
	"trailEffect": "none",
    "hitEffect":{
		"type": "ParticleEffect",
		"particles": 3,
		"sizeFrom": 3,
		"sizeTo": 0,
		"length": 18,
		"baseLength": 0,
		"lifetime": 20,
		"colorFrom": "87CEEBFF",
		"colorTo": "87CEEBFF",
		"cone": 360
		   },
    "despawnEffect":"none",
	"sprite":"circle-bullet",
	"status":"unmoving",
	"statusDuration":6,
    "shrinkY":0,
	"trailLength":2,
	"trailWidth":1.88,
    "trailColor":"87CEEBFF",
	"frontColor":"87CEEB",
	"backColor":"87CEEB",
	"damage":8,
	"splashDamageRadius":16,
	"splashDamage":16,
	"speed": 20,	"lifetime":10
 }
 "spawnBullets": [
			{
"type" : "BasicBulletType",
	"damage": 100,
	"splashDamageRadius":45,
	"splashDamage":50,
	"makeFire":true,
    "trailLength":4,
	"trailWidth":1.5,
    "trailColor":"87CEEB",
	"frontColor":"87CEEB",
	"backColor":"87CEEB",
	"width": 8,
	"height": 26,
	"status":"burning",
	"statusDuration":180,
	"speed": 40,
	"lifetime": 5,
	"ammoMultiplier":1,
	"hitEffect": {
"type": "MultiEffect",
	"effects": [
	{"type": "ParticleEffect",
    "particles": 16,
    "sizeFrom": 6,
    "sizeTo": 0,
    "length": 35,
    "baseLength": 10,
    "lifetime": 25,
    "colorFrom": "87CEEB80",
    "colorTo": "87CEEB80",
    "cone": 360},
    {"type": "WaveEffect",
    "lifetime": 15,
    "sizeFrom": 1,
    "sizeTo": 30,
    "strokeFrom": 3,
    "strokeTo": 0,
    "colorFrom": "87CEEB|",
    "colorTo": "87CEEB00"}]
	},
	"despawnEffect":"none",
	"shootEffect": {     
        "type": "WaveEffect",
        "lifetime": 16,
        "sizeFrom": 0,
        "sizeTo": 32,
        "strokeFrom": 2,
        "strokeTo": 0,
        "colorFrom": "FFFFFF",
        "colorTo": "87CEEB"
	   }
	}
				]},
	"shootEffect":{
	"type": "ParticleEffect",
	"particles": 7,
	"sizeFrom": 2,
	"sizeTo": 0,
	"interp":"pow5Out",
	"sizeInterp":"pow5In",
	"length": 33,
	"baseLength": 0,
	"lifetime": 55,
	"colorFrom": "FFFFFF",
	"colorTo": "87CEEB",
	"cone": 16
	   },
	"smokeEffect":{
		"type": "WaveEffect",
		"lifetime": 20,
		"sizeFrom": 0,
		"sizeTo": 60,
		"strokeFrom": 2,
		"strokeTo": 0,
		"colorFrom": "87CEEB",
		"colorTo": "87CEEB88"
			},
	"consumes": {
	"liquid": 
	{"liquid": "冷却液", "amount": 1 } 
	"power":10},
	"reload": 120,
	"rotateSpeed": 8,
	"range": 200,
	"category": "turret",
	"research": {
	"parent":"冰魄"
	"objectives": [
            {
				"type": "SectorComplete",
				"preset": "微风群岛"
			}
	]
	}
	"placeableLiquid": true
	"requirements": [
	{ "item":"巨浪合金","amount":50},
		{ "item":"纯钢","amount":100},
		{ "item":"钍","amount":20},
		{ "item":"芯片","amount":1},
	]
}
