{
  "type": "ItemTurret",
  "name": "分裂",
  "description": "对付体积大或者大面积的单位极其好用",
  "size": 2,
  "health": 1000,
  "ammoPerShot": 1,
  "shootSound":"shotgun"
  "range": 120,
  "reload": 30,
  "inaccuracy": 30,
  "ammoUseEffect": "casing2",
  "rotatespeed": 1.2,
  "maxAmmo": 50,
  "targetAir": true,
  "targetGround": true,
  "coolantMultiplier": 2,
  "heatColor": "turretHeat",
  "ammoPerShot": 5
      "consumes": {
	"coolant":{"amount":0.1,"optional":true}  }
  "shoot": {
    "type": "ShootAlternate",
    "shots": 9,
    "shotDealy": 5
  },
  "ammoTypes": {
    "铜": {
      "reloadMultiplier": 1,
      "speed": 10,
      "damage": 20,
      "knockback": 0.1,
      "buildingDamageMultiplier":0.1
      "lifetime": 12,
      "width": 8,
      "height": 6,
      "ammoMultiplier": 4,
      "shootEffect": "shootBig"    },
    "铅": {
      "reloadMultiplier": 1,
      "speed": 10,
      "damage": 30,
      "knockback": 0.5,
      "buildingDamageMultiplier":0.1
      "lifetime": 12,
      "width": 8,
      "height": 6,
      "ammoMultiplier": 4,
        "frontColor": "87CEEB",
        "backColor": "87CEEB"
      "shootEffect": "shootBig"    },
          "铁": {
      "reloadMultiplier": 1,
      "speed": 10,
      "damage": 40,
      "knockback": 1,
      "buildingDamageMultiplier":0.1
      "lifetime": 12,
      "width": 8,
      "height": 6,
      "ammoMultiplier": 4,
        "frontColor": "FFFFFFFF",
        "backColor": "FFFFFFFF"
      "shootEffect": "shootBig"    },
      },
  "requirements": [
    { "item": "铜", "amount": 100 },
    { "item": "铅", "amount": 80 }
  ],
  	"category": "turret",
	"research": "双管"
	    "researchCostMultiplier": 0.2,
	        "canOverdrive": true,
}
