{
	"type": "ItemTurret",
	"name": "双管",
	"description": "交替向敌人发射子弹，非常弱小的炮台。",
	"health": 300,
	"size": 1,
	"reload":100,
	"range": 150,
    "ammoPerShot": 3,
    "consumes": {
	"coolant":{"amount":0.05,"optional":true}  }
	"shoot":{
		"shots":2,
	    "shotDelay":10,
		"type":"ShootAlternate",
		"barrels":1,
		"spread":6
	},
	"ammoUseEffect": "casing2Double",
	"inaccuracy": 5,
	"shake":1,
	"ammoTypes": {
	"铜":{
	        "speed": 3,
			"damage": 18,
			"lifetime":50,
			"width": 7,
			"height": 8,
			"buildingDamageMultiplier":0.1
			"shootEffect": "shootSmall"	    },
	    "铅":{		 
	        "speed": 3,
			"damage": 6,
			"lifetime":50,
			"width": 7,
			"height": 8,
			"splashDamageRadius":8,
		"splashDamage":14,
			"buildingDamageMultiplier":0.1
			"shootEffect": "shootSmall"	    },
				"铁":{
	        "speed": 3,
			"damage": 30,
			"lifetime":50,
			"width": 7,
			"height": 8,
			"buildingDamageMultiplier":0.1
			"shootEffect": "shootSmall"	    },
	}, 
	"requirements": [
{ "item": "铜", "amount": 35 }
	],
	"category": "turret",
	"research": "初代核心"
	    "researchCostMultiplier": 0.2,
	        "canOverdrive": true,
}
