{
	"type": "ItemTurret",
	"name": "妄川",
	"description": "发射分裂炮弹,破盾能力极其恐怖,[red]极其耗弹药,所以需要后勤,不然就没弹药了,[yellow]分裂子弹看着像电流其实不是。",
	"health": 3000,
	"size": 5,
	"reload": 120,
	"shootSound": "artillery",
	"shake": 1.7,
	"inaccuracy": 0
	"consumes": {
		"coolant": {
			"amount": 0.15,
			"optional": true
		}
	},
	"shoot": {
		"shots": 1,
		"shotDelay": 0
	},
	"liquidCapacity": 50,
	"maxAmmo": 200,//最大弹药数
	"targetGround": true
"shootWarmupSpeed": 0.02,
	"warmupMaintainTime": 60,
	"minWarmup": 0.88,
	"heatColor":"FFD37FFF",
	"targetAir": true,
	"range": 800,
	"recoilTime": 30,
	"recoil": 2,
	"ammoUseEffect": "casing3",
	"rotateSpeed": 6,
	"ammoPerShot": 15,
	"unitSort":"strongest",
	"drawer": {
		"type": "DrawMulti",
		"drawers": [
			{
				"type": "DrawTurret",
				"parts": [
					{
						"type": "ShapePart",
						"progress": "warmup",
						"y": -24,
						"sides": 3,
						"color": "FFD37FFF",
						"rotateSpeed": 2,
						"stroke": 0,
						"strokeTo": 2,
						"circle": false,
						"hollow": true,
						"radius": 0,
						"radiusTo": 9,
						"layer": 110
					},
					{
						"type": "ShapePart",
						"progress": "warmup",
						"y": -24,
						"color": "FFD37FFF",
						"stroke": 0,
						"strokeTo": 2,
						"circle": true,
						"hollow": true,
						"radius": 0,
						"radiusTo": 10,
						"layer": 110
					},
				]
			}
		]
	},
	"ammoTypes": {
		"钢化玻璃": {
"speed": 25,
			"hitSound": "CT1",
			"buildingDamageMultiplier": 0.1,
			"pierce": true,
			"ammoMultiplier": 2,
			"pierceBuilding": true,
			"pierceCap": 10,
			"damage": 100,
			"hitSize": 50,
			"lifetime": 32,
			"width": 25,
			"height": 75,
			"trailLength": 13,
			"trailWidth": 7,
			"status":"脆裂",
	        "statusDuration":180,
			"trailColor": "EBEEF5FF",
			"lightningDamage": 50,
			"lightning": 3,
			"lightningLength": 11,
			"despawnEffect": "instBomb",
			"shootEffect": "instShoot",
			"smokeEffect": {
				"type": "ParticleEffect",
				"particles": 8,
				"interp": "fastSlow",
				"sizeFrom": 9,
				"sizeTo": 0,
				"length": 68,
				"baseLength": 0,
				"lifetime": 45,
				"colorFrom": "FFFFFF",
				"colorTo": "FFFFFF",
				"cone": 60
			},
			}
			"塑钢": {
"speed": 25,
			"hitSound": "CT1",
			"buildingDamageMultiplier": 0.1,
			"pierce": true,
			"ammoMultiplier": 2,
			"pierceBuilding": true,
			"pierceCap": 10,
			"damage": 140,
			"hitSize": 50,
			"lifetime": 32,
			"width": 25,
			"height": 75,
			"trailLength": 13,
			"trailWidth": 7,
			"status":"脆裂",
	        "statusDuration":300,
			"trailColor": "CBD97FFF",
			"lightningDamage": 50,
			"lightning": 3,
			"lightningLength": 11,
			"despawnEffect": "instBomb",
			"shootEffect": "instShoot",
			"smokeEffect": {
				"type": "ParticleEffect",
				"particles": 8,
				"interp": "fastSlow",
				"sizeFrom": 9,
				"sizeTo": 0,
				"length": 68,
				"baseLength": 0,
				"lifetime": 45,
				"colorFrom": "7AF59AFF",
				"colorTo": "FFFFFF",
				"cone": 60
			},
			}
			"硫化物": {
"speed": 25,
			"hitSound": "CT1",
			"buildingDamageMultiplier": 0.1,
			"pierce": true,
			"ammoMultiplier": 2,
			"pierceBuilding": true,
			"pierceCap": 10,
			"damage": 140,
			"hitSize": 50,
			"lifetime": 32,
			"width": 25,
			"height": 75,
			"trailLength": 13,
			"trailWidth": 7,
			"trailColor": "EEC591",
			"status":"燃烧",
	        "statusDuration":180,
			"lightningDamage": 50,
			"lightning": 3,
			"lightningLength": 11,
			"despawnEffect": "instBomb",
			"shootEffect": "instShoot",
			"smokeEffect": {
				"type": "ParticleEffect",
				"particles": 8,
				"interp": "fastSlow",
				"sizeFrom": 9,
				"sizeTo": 0,
				"length": 68,
				"baseLength": 0,
				"lifetime": 45,
				"colorFrom": "EEC59190",
				"colorTo": "FFFFFF",
				"cone": 60
			},
			}
			"硝化爆炸物": {
"speed": 25,
			"hitSound": "CT1",
			"rangeChange":160
			"buildingDamageMultiplier": 0.1,
			"pierce": true,
			"ammoMultiplier": 2,
			"pierceBuilding": true,
			"pierceCap": 10,
			"damage": 180,
			"hitSize": 50,
			"lifetime": 38.4,
			"width": 25,
			"height": 75,
			"trailLength": 13,
			"trailWidth": 7,
			"trailColor": "FF795EFF",
			"status":"blasted",
	        "statusDuration":180,
			"lightningDamage": 60,
			"lightning": 3,
			"lightningLength": 11,
			"despawnEffect": "instBomb",
			"shootEffect": "instShoot",
			"smokeEffect": {
				"type": "ParticleEffect",
				"particles": 8,
				"interp": "fastSlow",
				"sizeFrom": 9,
				"sizeTo": 0,
				"length": 68,
				"baseLength": 0,
				"lifetime": 45,
				"colorFrom": "ED919190",
				"colorTo": "FFFFFF",
				"cone": 60
			},
			}
			"冷凝弹": {
"speed": 25,
			"hitSound": "CT1",
			"buildingDamageMultiplier": 0.1,
			"pierce": true,
			"ammoMultiplier": 2,
			"pierceBuilding": true,
			"pierceCap": 10,
			"damage": 120,
			"hitSize": 50,
			"lifetime": 32,
			"width": 25,
			"height": 75,
			"trailLength": 13,
			"trailWidth": 7,
			"reloadMultiplier": 1.1,
			"trailColor": "87CEEBFF",
			"status":"冰冻",
	        "statusDuration":180,
			"lightningDamage": 50,
			"lightning": 3,
			"lightningLength": 11,
			"despawnEffect": "instBomb",
			"shootEffect": "instShoot",
			"smokeEffect": {
				"type": "ParticleEffect",
				"particles": 8,
				"interp": "fastSlow",
				"sizeFrom": 9,
				"sizeTo": 0,
				"length": 68,
				"baseLength": 0,
				"lifetime": 45,
				"colorFrom": "7AF5D5FF",
				"colorTo": "FFFFFF",
				"cone": 60
			},
			}
			"极速冷凝弹": {
"speed": 25,
			"hitSound": "CT1",
			"buildingDamageMultiplier": 0.1,
			"pierce": true,
			"ammoMultiplier": 2,
			"pierceBuilding": true,
			"reloadMultiplier": 1.2,
			"pierceCap": 10,
			"damage": 140,
			"hitSize": 50,
			"lifetime": 32,
			"width": 25,
			"height": 75,
			"trailLength": 13,
			"trailWidth": 7,
			"trailColor": "DAF4FFFF",
			"status":"极冻",
	        "statusDuration":180,
			"lightningDamage": 50,
			"lightning": 3,
			"lightningLength": 11,
			"despawnEffect": "instBomb",
			"shootEffect": "instShoot",
			"smokeEffect": {
				"type": "ParticleEffect",
				"particles": 8,
				"interp": "fastSlow",
				"sizeFrom": 9,
				"sizeTo": 0,
				"length": 68,
				"baseLength": 0,
				"lifetime": 45,
				"colorFrom": "7ABDF5FF",
				"colorTo": "FFFFFF",
				"cone": 60
			},
			}
	},
	"requirements": [
		{
			"item": "纯钢",
			"amount": 500
		},
		{
			"item": "纯钛钢",
			"amount": 100
		},
		{
			"item": "硅",
			"amount": 1000
		}
		{
			"item": "塑钢",
			"amount": 300
		}
	],
	"category": "turret",
		"research": {
	"parent":"悲妄"
	"objectives": [
            {
				"type": "SectorComplete",
				"preset": "萃取前哨"
			}
	]
	}
	    "researchCostMultiplier": 0.2,
	        "canOverdrive": true,
}