{
	"type":"TractorBeamTurret",
	"name":"差扰",
	"description":"牵引空中目标，造成中等伤害,并且造成麻痹。",
	"size":2,
	"health":1200
	"force":90
	"scaledForce":90
	"range":500,
	"damage":0.25
	"rotateSpeed":200
	"buildingDamageMultiplier":0.1
	"statusDuration":10
	"status": "麻痹",
	"targetGround": false,//可以攻击陆地单位
    "targetAir": true,//可以攻击天空单位
	"consumes":{
		"power":8.333333333334
	},
		"requirements": [
		{ "item":"钛钢","amount":120},
		{ "item":"塑钢","amount":50},
        { "item":"动能核心","amount":10},
	],
	"category": "turret",
	"research": {
	"parent":"电离"
	"objectives": [
            {
				"type": "SectorComplete",
				"preset": "萃取前哨"
			}
	]
	}
	    "researchCostMultiplier": 1,
	        "canOverdrive": true,
}