{
	"type": "ItemTurret",
	"name": "扩散",
	"description": "超级霰弹枪，扩散范围广，贯穿前方敌人，可以对空",
	"health": 1620,
	"size": 3,
	"reload":30,
	"range": 160
	"maxAmmo":45,
	"ammoPerShot": 15
	"accurateDelay":true,
		"targetGround": true,
	"targetAir": true,
	"moveWhileCharging": false,
	"recoil":4,
    "recoilTime": 60,//后坐力恢复时间
    "shootSound":"shotgun"
	"drawer": {
    "type": "DrawMulti",
    "drawers": [
    {"type": "DrawTurret",
    "parts": [
    {"type": "RegionPart",
        "mirror": true,
        "x": 0,
        "y": 0,
        "suffix": "-前",
        "layer": 50,
        "moveX": 1,
        "moveY": 0
        "moveRot":-3
        "heatColor": "FF9C5AFF",
        }
    ]}
    ]},
	"consumes": {
	"coolant":{"amount":0.15,"optional":true}  
		},
	"coolantMultiplier": 0.75,//冷却剂倍增器
	"shoot":{
		"shots":14
	    "shotDelay":0,
	},
		"ammoTypes": {
			"铁":{
	    "speed": 10,  
	    "lifetime":16,
		"width": 12,"height": 18,
		"shootEffect": "shootBig",
		"buildingDamageMultiplier":0.1
		"pierceArmor": true,
			"status": "脆裂",
			"statusDuration": 60,
			"pierceBuilding": true,
		"damage":20,
		"pierceCap": 2,
        "ammoMultiplier":1,
        "knockback":2
        "fragLifeMin":0.1,
        "backColor":"FFAA5F",
        			"frontColor":"FFAA5F"
        			"trailLength":8
        "trailWidth":1.5,
    "trailColor":"FFAA5F",
			}
			"钢":{
	    "speed": 10,  
	    "lifetime":16,
		"width": 12,"height": 18,
		"shootEffect": "shootBig",
		"buildingDamageMultiplier":0.1
		"pierceArmor": true,
			"status": "脆裂",
			"statusDuration": 60,
			"pierceBuilding": true,
		"damage":25,
		"pierceCap": 2,
        "ammoMultiplier":1,
        "knockback":2
        "fragLifeMin":0.1,
        "backColor":"FFAA5F",
        			"frontColor":"FFAA5F"
        			"trailLength":8
        "trailWidth":1.5,
    "trailColor":"FFAA5F",
			}
			"钛钢":{
	    "speed": 10,  
	    "lifetime":16,
		"width": 12,"height": 18,
		"shootEffect": "shootBig",
		"buildingDamageMultiplier":0.1
		"pierceArmor": true,
			"status": "破甲",
			"statusDuration": 60,
			"pierceBuilding": true,
		"damage":25,
		"pierceCap": 2,
        "ammoMultiplier":1,
        "knockback":2
        "fragLifeMin":0.1,
        "backColor":"FFAA5F",
        			"frontColor":"FFAA5F"
        			"trailLength":8
        "trailWidth":1.5,
    "trailColor":"FFAA5F",
			}
			"纯钢":{
	    "speed": 10,  
	    "lifetime":16,
		"width": 12,"height": 18,
		"shootEffect": "shootBig",
		"buildingDamageMultiplier":0.1
		"pierceArmor": true,
			"status": "脆裂",
			"statusDuration": 60,
			"pierceBuilding": true,
		"damage":30,
		"pierceCap": 2,
        "ammoMultiplier":1,
        "knockback":2
        "fragLifeMin":0.1,
        "backColor":"FFAA5F",
        			"frontColor":"FFAA5F"
        			"trailLength":8
        "trailWidth":1.5,
    "trailColor":"FFAA5F",
			}
			"纯钛钢":{
	    "speed": 10,  
	    "lifetime":16,
		"width": 12,"height": 18,
		"shootEffect": "shootBig",
		"buildingDamageMultiplier":0.1
		"pierceArmor": true,
			"status": "破甲",
			"statusDuration": 60,
			"pierceBuilding": true,
		"damage":30,
		"pierceCap": 2,
        "ammoMultiplier":1,
        "knockback":2
        "fragLifeMin":0.1,
        "backColor":"FFAA5F",
        			"frontColor":"FFAA5F"
        			"trailLength":8
        "trailWidth":1.5,
    "trailColor":"FFAA5F",
			}
	}, 
	"shootEffect":"steam",
	"smokeEffect": "steam",
	"inaccuracy": 30
	"rotateSpeed": 4,
	"shake":1, 
	"requirements": [
	{ "item": "钛钢", "amount": 100 }
{ "item": "硅", "amount": 200 }
{ "item": "钢化玻璃", "amount": 50 }
{ "item": "铝", "amount": 100 }
{ "item": "钢", "amount": 100 }
	],
	"category": "turret",
		"research": {
	"parent":"分裂"
	"objectives": [
            {
				"type": "SectorComplete",
				"preset": "熔岩丘陵"
			}
	]
	}
	    "researchCostMultiplier": 1,
	        "canOverdrive": true,
}