{
	"type": "ContinuousTurret",
	"name":"毒蝰",
	"heatColor":"DEA697FF",//炮口颜色
	"description":"激光型炮塔，消耗液氮和电力发射激光，[red]破盾能力极其拉胯",
	"health": 1600,
	"size": 4,//大小
	"range":280,//范围
	"shootY": 5,
	"rotateSpeed": 1.6,//旋转速度
	"shootCone": 90,//侦测角度
	"cooldownTime": 60,//冷却时间
	"aimChangeSpeed": 2,//切换目标速度
	"targetAir" : true, //对空
	"liquidCapacity": 100,
	"consumes": {
	"liquid": "有害化合物/1"
		"power": 8.333333334,
	},
	"drawer": {
    "type": "DrawMulti",
    "drawers": [
    {"type": "DrawTurret",
    "parts": [
    {"type": "RegionPart",
        "mirror": true,
        "x": 5,
        "y": 0,
        "suffix": "-前",
        "layer": 50,
        "moveX":5
        "moveY":8
        "heatColor": "DEA697FF",
        }
    ]}
    ]},
	"shootSound": "laser",
	"loopSoundVolume": 1,
	"loopSound": "laserbeam",
	"shootType": {
	"pierceArmor":true,/*穿甲*/
		"type": "PointLaserBulletType",
		"damage": 50,
		"splashDamageRadius":16,
	    "splashDamage":20,
		"lifetime": 20,
		"speed": 0,//必须是0
		"shake": 0.1,
		"sprite": "星耀光棱-毒光束",
		"beamEffect": {
			"type": "multiEffect",
			"effects": [
				{
					"type": "ParticleEffect",
					"particles": 1,
					"lifetime": 32,
					"length": 10,
					"sizeFrom": 3,
					"sizeTo": 0,
				"region": "星耀光棱-方",//区域贴图
					"colorFrom": "D4FFDCFF",
					"colorTo": "D4FFDCFF"
				}
			]
		},
		"damageInterval": 10,//伤害间隔
		"buildingDamageMultiplier":0.1,
		"status": "腐蚀",
		"statusDuration": 300,
		"beamEffectInterval": 1.2,//特效间隔
		"beamEffectSize": 8,//特效大小
		"oscScl": 2.5, //抖动频率
		"oscMag": 0.2 //幅度
	},
	"category": "turret",//类型
	"requirements": [
		{ "item": "硅", "amount": 200},
		{ "item": "铝", "amount": 500},
		{ "item": "塑钢", "amount": 200},
		{ "item": "动能核心", "amount": 2},
		],//建造消耗
	"category": "turret",
	        "research": {
	"parent":"冰魄",
	"researchCostMultiplier": 1,
			"objectives": [
            {
				"type": "SectorComplete",
				"preset": "腐蚀池沼"
			}
			]
		}
	        "canOverdrive": true,
}