{
	"type": "ItemTurret",
	"name": "浪涌",
	"description": "发射大量榴弹炮，打击敌人，部分子弹会带有分裂",
	"health": 2000,
	"size": 3,
	"reload": 240,
	"shootSound": "artillery",
	"shake": 1.7,
	"inaccuracy": 20
	"consumes": {
		"coolant": {
			"amount": 0.15,
			"optional": true
		}
	},
	"shoot": {
		"shots": 10,
		"shotDelay": 0
	},
	"targetGround": true,
	"heatColor":"FEB380FF",
	"targetAir": false,
	"range": 320,
	"recoilTime": 30,
	"recoil": 2,
	"maxAmmo":45,
	"ammoUseEffect": "casing3",
	"rotateSpeed": 6,
	"ammoPerShot": 5,
	"ammoTypes": {
		"石墨": {
			"type": "ArtilleryBulletType",
			"buildingDamageMultiplier": 0.1,
			"speed": 2,
			"lifetime": 160,
			"width": 15,
			"height": 15,
			"knockback": 1,
			"backColor": "FF8C00",
			"frontColor": "FFB90F",
			"shootEffect": "shootBig",
			"splashDamageRadius": 32,
			"splashDamage": 45,
			"makeFire": true,
			"status": "燃烧",
			"statusDuration": 120,
			"hitEffect": "explosion",
			"despawnEffect": "explosion"
			"incendChance": 0.5,
			"incendSpread": 20,
			"incendAmount": 5,
		},
		"纯钢": {
			"type": "ArtilleryBulletType",
			"buildingDamageMultiplier": 0.1,
			"speed": 2,
			"lifetime": 160,
			"width": 15,
			"height": 15,
			"knockback": 1,
			"backColor": "FFFFFFFF",
			"frontColor": "FFFFFFFF",
			"shootEffect": "shootBig",
			"splashDamageRadius": 32,
			"splashDamage": 45,
			"makeFire": true,
			"status": "破甲",
			"statusDuration": 120,
			"hitEffect": "explosion",
			"despawnEffect": "explosion"
		},
		"纯钛钢": {
			"type": "ArtilleryBulletType",
			"buildingDamageMultiplier": 0.1,
			"speed": 2,
			"lifetime": 160,
			"width": 15,
			"height": 15,
			"knockback": 1,
			"backColor": "0FE8FFFF",
			"frontColor": "00E0FFFF",
			"shootEffect": "shootBig",
			"splashDamageRadius": 40,
			"splashDamage": 59,
			"makeFire": true,
			"status": "破甲",
			"statusDuration": 600,
			"hitEffect": "explosion",
			"despawnEffect": "explosion"
			"fragBullets": 3,
			"fragBullet": {
				"despawnEffect": "flakExplosionBig",
				"buildingDamageMultiplier": 0.1,
				"width": 8,
				"height": 9,
				"backColor": "00E0FFFF",
			"frontColor": "0FE8FFFF",
			"shootEffect": "shootBig",
			"splashDamageRadius": 16,
			"splashDamage": 38,
			"makeFire": true,
			"status": "破甲",
			"statusDuration": 120,
			"hitEffect": "explosion",
			"despawnEffect": "explosion"
			"fragBullets": 3,
				"lifetime": 20,
				"speed": 1.5
			}
		},
		"钢化玻璃": {
			"type": "ArtilleryBulletType",
			"buildingDamageMultiplier": 0.1,
			"speed": 2,
			"lifetime": 160,
			"width": 19,
			"height": 20,
			"backColor": "FFFFFFFF",
			"frontColor": "FFFFFFFF",
			"shootEffect": "shootBig",
			"splashDamageRadius": 20,
			"splashDamage": 44,
			"status": "脆裂",
			"statusDuration": 360,
			"hitEffect": "flakExplosionBig",
			"despawnEffect": "flakExplosionBig",
			"ammoMultiplier": 6,
			"fragBullets": 4,
			"fragBullet": {
			"buildingDamageMultiplier": 0.1,
			"status": "脆裂",
			"statusDuration": 120,
				"despawnEffect": "flakExplosionBig",
				"width": 8,
				"height": 9,
				"backColor": "FFFFFFFF",
				"frontColor": "FFFFFFFF",
				"splashDamageRadius": 20,
				"splashDamage": 15,
				"lifetime": 20,
				"speed": 1.5
			}
		},
		"硫化物": {
			"type": "ArtilleryBulletType",
			"buildingDamageMultiplier": 0.1,
			"speed": 2,
			"lifetime": 160,
			"width": 15,
			"height": 15,
			"knockback": 1,
			"backColor": "FF8C00",
			"frontColor": "FFB90F",
			"shootEffect": "shootBig",
			"splashDamageRadius": 40,
			"splashDamage": 59,
			"makeFire": true,
			"status": "燃烧",
			"statusDuration": 600,
			"hitEffect": "explosion",
			"despawnEffect": "explosion"
			"fragBullets": 3,
			"incendChance": 0.5,
			"incendSpread": 20,
			"incendAmount": 5,
			"fragBullet": {
			"buildingDamageMultiplier": 0.1,
				"despawnEffect": "flakExplosionBig",
				"width": 8,
				"height": 9,
				"backColor": "FF8C00",
			"frontColor": "FFB90F",
			"shootEffect": "shootBig",
			"splashDamageRadius": 16,
			"splashDamage": 38,
			"makeFire": true,
			"status": "燃烧",
			"statusDuration": 120,
			"hitEffect": "explosion",
			"despawnEffect": "explosion"
			"fragBullets": 3,
				"lifetime": 20,
				"speed": 1.5
			}
		},
		"爆炸混合物": {
			"type": "ArtilleryBulletType",
			"buildingDamageMultiplier": 0.1,
			"speed": 2,
			"lifetime": 160,
			"width": 15,
			"height": 15,
			"knockback": 1,
			"backColor": "FF8C00",
			"frontColor": "FFB90F",
			"shootEffect": "shootBig",
			"splashDamageRadius": 40,
			"splashDamage": 59,
			"makeFire": true,
			"status": "blasted",
			"statusDuration": 600,
			"hitEffect": "explosion",
			"despawnEffect": "explosion"
			"fragBullets": 3,
			"fragBullet": {
			"buildingDamageMultiplier": 0.1,
				"despawnEffect": "flakExplosionBig",
				"width": 8,
				"height": 9,
				"backColor": "FF8C00",
			"frontColor": "FFB90F",
			"shootEffect": "shootBig",
			"splashDamageRadius": 16,
			"splashDamage": 38,
			"makeFire": true,
			"status": "blasted",
			"statusDuration": 120,
			"hitEffect": "explosion",
			"despawnEffect": "explosion"
			"fragBullets": 3,
				"lifetime": 20,
				"speed": 1.5
			}
		},
		"硝化爆炸物": {
			"type": "ArtilleryBulletType",
			"buildingDamageMultiplier": 0.1,
			"speed": 2,
			"lifetime": 160,
			"width": 15,
			"height": 15,
			"knockback": 1,
			"backColor": "FF8C00",
			"frontColor": "FFB90F",
			"shootEffect": "shootBig",
			"splashDamageRadius": 40,
			"splashDamage": 70,
			"makeFire": true,
			"status": "blasted",
			"statusDuration": 600,
			"hitEffect": "explosion",
			"despawnEffect": "explosion"
			"fragBullets": 3,
			"fragBullet": {
			"buildingDamageMultiplier": 0.1,
				"despawnEffect": "flakExplosionBig",
				"width": 8,
				"height": 9,
				"backColor": "FF8C00",
			"frontColor": "FFB90F",
			"shootEffect": "shootBig",
			"splashDamageRadius": 16,
			"splashDamage": 40,
			"makeFire": true,
			"status": "blasted",
			"statusDuration": 120,
			"hitEffect": "explosion",
			"despawnEffect": "explosion"
			"fragBullets": 3,
				"lifetime": 20,
				"speed": 1.5
			}
		},
		"冷凝弹": {
			"type": "ArtilleryBulletType",
			"buildingDamageMultiplier": 0.1,
			"speed": 2,
			"lifetime": 160,
			"reloadMultiplier": 1.1,
			"width": 15,
			"height": 15,
			"knockback": 1,
			"backColor": "C0ECFFFF",
			"frontColor": "87CEEBFF",
			"shootEffect": "shootBig",
			"splashDamageRadius": 40,
			"splashDamage": 59,
			"reloadMultiplier": 1.1,
			"makeFire": true,
			"status": "冰冻",
			"statusDuration": 600,
			"hitEffect": "explosion",
			"despawnEffect": "explosion"
			
			"fragBullet": {
			"buildingDamageMultiplier": 0.1,
"type": "LiquidBulletType",
	"liquid": "冷却液",
	"knockback":1,
	"damage": 30
				"pierceCap": 10,
				"lifetime": 5,
			}
		},
		"极速冷凝弹": {
			"type": "ArtilleryBulletType",
			"buildingDamageMultiplier": 0.1,
			"speed": 2,
			"lifetime": 160,
			"reloadMultiplier": 1.2,
			"width": 15,
			"height": 15,
			"knockback": 1,
			"reloadMultiplier": 1.2,
			"backColor": "DAF4FFFF",
			"frontColor": "EBF9FFFF",
			"shootEffect": "shootBig",
			"splashDamageRadius": 40,
			"splashDamage": 59,
			"makeFire": true,
			"status": "极冻",
			"reloadMultiplier": 1.2,
			"statusDuration": 600,
			"hitEffect": "explosion",
			"despawnEffect": "explosion"
			"fragBullet": {
			"buildingDamageMultiplier": 0.1,
"type": "LiquidBulletType",
	"liquid": "液氮",
	"knockback":1,
	"damage": 35
				"pierceCap": 10,
				"lifetime": 5,
			}
		},
	},
	"requirements": [
		{
			"item": "纯钢",
			"amount": 200
		},
		{
			"item": "钛钢",
			"amount": 50
		},
		{
			"item": "硅",
			"amount": 100
		}
		{
			"item": "石墨",
			"amount": 200
		}
	],
	"category": "turret",
		"research": {
	"parent":"烈火"
	"objectives": [
            {
				"type": "SectorComplete",
				"preset": "炽焰峡谷"
			}
	]
	}
	    "researchCostMultiplier": 0.2,
	        "canOverdrive": true,
}