{
	"type": "LiquidTurret",
	"name": "海洋之灾",
	"description": "将液体高压射出,当水或冷却液或液氮作为子弹时可灭火,并且可以建造在液体上。",
	"health": 1600,
	"placeableLiquid": true
	"heatColor": "8AA3F4FF",
    "shootWarmupSpeed": 0.02,
	"warmupMaintainTime": 60,
	"minWarmup": 0.88,
	"recoilTime": 15,
	"recoil": 1,
	"size": 5,
	"reload":0.5,
	"range": 500,
	"shootSound":"splash",
	"targetGround":true,
	"targetAir":true,
	"inaccuracy": 5,
	"ammoPerShot": 3
		"drawer": {
    "type": "DrawMulti",
    "drawers": [
    {"type": "DrawTurret",
    "parts": [
    {
                "type": "HaloPart",
                "color": "6974C4FF",
                "tri": true,
                "hollow": true,
                "shapes": 4,
                "triLength": 0,
                "triLengthTo": 4,
                "radius": 5,
                "radiusTo": 5,
                "haloRadius": 10,
                "haloRotateSpeed": 0.6,
                "haloRotation": 0,
                "layer": 110,
                "y": -20
            },
            {
                "type": "HaloPart",
                "color": "8AA3F4FF",
                "tri": true,
                "hollow": true,
                "shapes": 4,
                "triLength": 0,
                "triLengthTo": 2,
                "radius": 7,
                "radiusTo": 7,
                "haloRadius": 17,
                "shapeRotation": 180,
                "haloRotateSpeed": -0.9,
                "haloRotation": 0,
                "layer": 110,
                "y": -20
            },
            {
                "type": "HaloPart",
                "color": "8AA3F4FF",
                "tri": true,
                "hollow": true,
                "shapes": 4,
                "triLength": 0,
                "triLengthTo": 5,
                "radius": 7,
                "radiusTo": 7,
                "haloRadius": 17,
                "haloRotateSpeed": -0.9,
                "haloRotation": 0,
                "layer": 110,
                "y": -20
            },
            {
                "type": "HaloPart",
                "color": "8AA3F4FF",
                "tri": true,
                "hollow": true,
                "shapes": 1,
                "triLength": 0,
                "triLengthTo": 6,
                "radius": 5,
                "radiusTo": 5,
                "haloRadius": 0,
                "shapeRotation": 90,
                "haloRotateSpeed": 0,
                "haloRotation": 0,
                "layer": 110,
                "x": 16,
                "y": -20
            },
            {
                "type": "HaloPart",
                "color": "8AA3F4FF",
                "tri": true,
                "hollow": true,
                "shapes": 1,
                "triLength": 0,
                "triLengthTo": 20,
                "radius": 5,
                "radiusTo": 5,
                "haloRadius": 0,
                "shapeRotation": -90,
                "haloRotateSpeed": 0,
                "haloRotation": 0,
                "layer": 110,
                "x": 16,
                "y": -20
            },
            {
                "type": "HaloPart",
                "color": "8AA3F4FF",
                "tri": true,
                "hollow": true,
                "shapes": 1,
                "triLength": 0,
                "triLengthTo": 6,
                "radius": 5,
                "radiusTo": 5,
                "haloRadius": 0,
                "shapeRotation": -90,
                "haloRotateSpeed": 0,
                "haloRotation": 0,
                "layer": 110,
                "x": -16,
                "y": -20
            },
            {
                "type": "HaloPart",
                "color": "8AA3F4FF",
                "tri": true,
                "hollow": true,
                "shapes": 1,
                "triLength": 0,
                "triLengthTo": 20,
                "radius": 5,
                "radiusTo": 5,
                "haloRadius": 0,
                "shapeRotation": 90,
                "haloRotateSpeed": 0,
                "haloRotation": 0,
                "layer": 110,
                "x": -16,
                "y": -20
            }
            {
						"type": "ShapePart",
						"progress": "warmup",
						"y": -20,
						"sides": 3,
						"color": "6974C4FF",
						"rotateSpeed": 0.6,
						"stroke": 0,
						"strokeTo": 2,
						"circle": false,
						"hollow": true,
						"radius": 0,
						"radiusTo": 9,
						"layer": 110
					},
					{
						"type": "ShapePart",
						"progress": "warmup",
						"y": -20,
						"color": "6974C4FF",
						"stroke": 0,
						"strokeTo": 2,
						"circle": true,
						"hollow": true,
						"radius": 0,
						"radiusTo": 10,
						"layer": 110
					},
					{
						"type": "RegionPart",
						"suffix": "-chargeplate1",
						"under": false,
						"heatColor":"6974C4FF",
						"color": "6974C4FF",
						"layer": 50,
						"heatProgress":{
						"type":"charge"
						"op":"compress"
						"start":0
						"end":0.25
						}
					},
					{
						"type": "RegionPart",
						"suffix": "-chargeplate2",
						"under": false,
						"heatColor":"6974C4FF",
						"color": "6974C4FF",
						"layer": 50,
						"heatProgress":{
						"type":"charge"
						"op":"compress"
						"start":0.25
						"end":0.5
						}
					},
					{
						"type": "RegionPart",
						"suffix": "-chargeplate3",
						"under": false,
						"heatColor":"6974C4FF",
						"color": "6974C4FF",
						"layer": 50,
						"heatProgress":{
						"type":"charge"
						"op":"compress"
						"start":0.5
						"end":0.75
						}
					},
    ]}
    ]},
	"consumes": {
		"power": 8.333333334
	},
	"shoot":{
	    "type":"ShootSpread",
	    "shots":2,
	    "spread":0
	},
	"rotateSpeed": 5,   
	"liquidCapacity": 100,
	"ammoTypes": {
    "水": {
        "type": "BasicBulletType",
        "buildingDamageMultiplier":0.1
        "damage": 0.75,
        "collidesGround": true,
        "speed": 20,
        "lifetime": 25,
        "drag": 0.005,
        "knockback":0.5,
    	"statusDuration":120,
    	"status":"潮湿",
        "pierce": true,
        "pierceArmor":true,
        "pierceCap": 3,
        "absorbable": true,
        "frontColor": "7090EAFF",
        "backColor": "486ACDFF",
        "width": 5,
        "height": 25,
        "trailLength": 2,
        "trailWidth": 1.3,
        "trailColor": "486ACDFF",
        "shrinkY": 0,
        "smokeEffect": "none",
        "hitEffect": {
            "type": "ParticleEffect",
            "particles": 15,
            "line": true,
            "strokeFrom": 3,
            "strokeTo": 0,
            "lenFrom": 10,
            "lenTo": 0,
            "length": 50,
            "baseLength": 0,
            "lifetime": 10,
            "colorFrom": "486ACDFF",
            "colorTo": "7090EAFF",
            "cone": 60
        },
        "despawnEffect": 
            {"type": "ParticleEffect",
            "particles": 1,
            "sizeFrom": 1,
            "sizeTo": 0,
            "length": 0,
            "baseLength": 0,
            "lifetime":8,
            "colorFrom": "486ACDFF",
            "colorTo": "7090EAFF",
            "cone": 360},
    "ammoMultiplier": 0.8
    "spawnBullets": [
			{
"type": "LiquidBulletType",
"buildingDamageMultiplier":0.1
	"liquid": "水",
	"speed": 3,
	"lifetime":166.6667,
	"knockback":0.5,
	"statusDuration":120,
	"status":"潮湿",
	"damage": 0.5
	}
				]
    }
    "冷却液": {
        "type": "BasicBulletType",
        "buildingDamageMultiplier":0.1
        "damage": 0.85,
        "collidesGround": true,
        "speed": 20,
        "lifetime": 25,
        "drag": 0.005,
        "knockback":0.5,
    	"statusDuration":120,
    	"status":"冰冻",
        "pierce": true,
        "pierceArmor":true,
        "pierceCap": 3,
        "absorbable": true,
        "frontColor": "C0ECFFFF",
        "backColor": "87CEEBFF",
        "width": 5,
        "height": 25,
        "trailLength": 2,
        "trailWidth": 1.3,
        "trailColor": "87CEEBFF",
        "shrinkY": 0,
        "smokeEffect": "none",
        "hitEffect": {
            "type": "ParticleEffect",
            "particles": 15,
            "line": true,
            "strokeFrom": 3,
            "strokeTo": 0,
            "lenFrom": 10,
            "lenTo": 0,
            "length": 50,
            "baseLength": 0,
            "lifetime": 10,
            "colorFrom": "87CEEBFF",
            "colorTo": "C0ECFFFF",
            "cone": 60
        },
        "despawnEffect": 
            {"type": "ParticleEffect",
            "particles": 1,
            "sizeFrom": 1,
            "sizeTo": 0,
            "length": 0,
            "baseLength": 0,
            "lifetime":8,
            "colorFrom": "87CEEBFF",
            "colorTo": "C0ECFFFF",
            "cone": 360},
    "ammoMultiplier": 0.8
    "spawnBullets": [
			{
"type": "LiquidBulletType",
"buildingDamageMultiplier":0.1
	"liquid": "冷却液",
	"speed": 3,
	"lifetime":166.6667,
	"knockback":0.5,
	"statusDuration":120,
	"status":"冰冻",
	"damage": 0.6
	}
				]
    }
    "液氮": {
        "type": "BasicBulletType",
        "buildingDamageMultiplier":0.1
        "damage": 0.85,
        "collidesGround": true,
        "speed": 20,
        "lifetime": 25,
        "drag": 0.005,
        "knockback":0.5,
    	"statusDuration":120,
    	"status":"极冻",
        "pierce": true,
        "pierceArmor":true,
        "pierceCap": 3,
        "absorbable": true,
        "frontColor": "EBF9FFFF",
        "backColor": "DAF4FFFF",
        "width": 5,
        "height": 25,
        "trailLength": 2,
        "trailWidth": 1.3,
        "trailColor": "DAF4FFFF",
        "shrinkY": 0,
        "smokeEffect": "none",
        "hitEffect": {
            "type": "ParticleEffect",
            "particles": 15,
            "line": true,
            "strokeFrom": 3,
            "strokeTo": 0,
            "lenFrom": 10,
            "lenTo": 0,
            "length": 50,
            "baseLength": 0,
            "lifetime": 10,
            "colorFrom": "DAF4FFFF",
            "colorTo": "EBF9FFFF",
            "cone": 60
        },
        "despawnEffect": 
            {"type": "ParticleEffect",
            "particles": 1,
            "sizeFrom": 1,
            "sizeTo": 0,
            "length": 0,
            "baseLength": 0,
            "lifetime":8,
            "colorFrom": "DAF4FFFF",
            "colorTo": "EBF9FFFF",
            "cone": 360},
    "ammoMultiplier": 0.8
    "spawnBullets": [
			{
"type": "LiquidBulletType",
"buildingDamageMultiplier":0.1
	"liquid": "液氮",
	"speed": 3,
	"lifetime":166.6667,
	"knockback":0.5,
	"statusDuration":120,
	"status":"极冻",
	"damage": 0.6
	}
				]
    }
    "矿渣": {
        "type": "BasicBulletType",
        "buildingDamageMultiplier":0.1
        "damage": 0.85,
        "collidesGround": true,
        "speed": 20,
        "lifetime": 25,
        "drag": 0.005,
        "knockback":0.5,
    	"statusDuration":120,
    	"status":"融化",
        "pierce": true,
        "pierceArmor":true,
        "pierceCap": 3,
        "absorbable": true,
        "frontColor": "FFFFA3FF",
        "backColor": "FFCD66FF",
        "width": 5,
        "height": 25,
        "trailLength": 2,
        "trailWidth": 1.3,
        "trailColor": "FFCD66FF",
        "shrinkY": 0,
        "smokeEffect": "none",
        "hitEffect": {
            "type": "ParticleEffect",
            "particles": 15,
            "line": true,
            "strokeFrom": 3,
            "strokeTo": 0,
            "lenFrom": 10,
            "lenTo": 0,
            "length": 50,
            "baseLength": 0,
            "lifetime": 10,
            "colorFrom": "FFCD66FF",
            "colorTo": "FFFFA3FF",
            "cone": 60
        },
        "despawnEffect": 
            {"type": "ParticleEffect",
            "particles": 1,
            "sizeFrom": 1,
            "sizeTo": 0,
            "length": 0,
            "baseLength": 0,
            "lifetime":8,
            "colorFrom": "FFCD66FF",
            "colorTo": "FFFFA3FF",
            "cone": 360},
    "ammoMultiplier": 0.8
    "spawnBullets": [
			{
"type": "LiquidBulletType",
"buildingDamageMultiplier":0.1
	"liquid": "矿渣",
	"speed": 3,
	"lifetime":166.6667,
	"knockback":0.5,
	"statusDuration":120,
	"status":"融化",
	"damage": 0.6
	}
				]
    }
    "有害化合物": {
        "type": "BasicBulletType",
        "buildingDamageMultiplier":0.1
        "damage": 0.85,
        "collidesGround": true,
        "speed": 20,
        "lifetime": 25,
        "drag": 0.005,
        "knockback":0.5,
    	"statusDuration":120,
    	"status":"腐蚀",
        "pierce": true,
        "pierceArmor":true,
        "pierceCap": 3,
        "absorbable": true,
        "frontColor": "61D070FF",
        "backColor": "63B66EFF",
        "width": 5,
        "height": 25,
        "trailLength": 2,
        "trailWidth": 1.3,
        "trailColor": "63B66EFF",
        "shrinkY": 0,
        "smokeEffect": "none",
        "hitEffect": {
            "type": "ParticleEffect",
            "particles": 15,
            "line": true,
            "strokeFrom": 3,
            "strokeTo": 0,
            "lenFrom": 10,
            "lenTo": 0,
            "length": 50,
            "baseLength": 0,
            "lifetime": 10,
            "colorFrom": "63B66EFF",
            "colorTo": "61D070FF",
            "cone": 60
        },
        "despawnEffect": 
            {"type": "ParticleEffect",
            "particles": 1,
            "sizeFrom": 1,
            "sizeTo": 0,
            "length": 0,
            "baseLength": 0,
            "lifetime":8,
            "colorFrom": "63B66EFF",
            "colorTo": "61D070FF",
            "cone": 360},
    "ammoMultiplier": 0.8
    "spawnBullets": [
			{
"type": "LiquidBulletType",
"buildingDamageMultiplier":0.1
	"liquid": "有害化合物",
	"speed": 3,
	"lifetime":166.6667,
	"knockback":0.5,
	"statusDuration":120,
	"status":"腐蚀",
	"damage": 0.6
	}
				]
    }
    "瘤变化合物": {
        "type": "BasicBulletType",
        "buildingDamageMultiplier":0.1
        "damage": 0.9,
        "collidesGround": true,
        "speed": 20,
        "lifetime": 25,
        "drag": 0.005,
        "knockback":0.5,
    	"statusDuration":120,
    	"status":"腐蚀",
        "pierce": true,
        "pierceArmor":true,
        "pierceCap": 3,
        "absorbable": true,
        "frontColor": "403154FF",
        "backColor": "35234DFF",
        "width": 5,
        "height": 25,
        "trailLength": 2,
        "trailWidth": 1.3,
        "trailColor": "35234DFF",
        "shrinkY": 0,
        "smokeEffect": "none",
        "hitEffect": {
            "type": "ParticleEffect",
            "particles": 15,
            "line": true,
            "strokeFrom": 3,
            "strokeTo": 0,
            "lenFrom": 10,
            "lenTo": 0,
            "length": 50,
            "baseLength": 0,
            "lifetime": 10,
            "colorFrom": "35234DFF",
            "colorTo": "403154FF",
            "cone": 60
        },
        "despawnEffect": 
            {"type": "ParticleEffect",
            "particles": 1,
            "sizeFrom": 1,
            "sizeTo": 0,
            "length": 0,
            "baseLength": 0,
            "lifetime":8,
            "colorFrom": "35234DFF",
            "colorTo": "403154FF",
            "cone": 360},
    "ammoMultiplier": 0.8
    "spawnBullets": [
			{
"type": "LiquidBulletType",
"buildingDamageMultiplier":0.1
	"liquid": "瘤变化合物",
	"speed": 3,
	"lifetime":166.6667,
	"knockback":0.5,
	"statusDuration":120,
	"status":"腐蚀",
	"damage": 0.65
	}
				]
    }
    "石油": {
        "type": "BasicBulletType",
        "buildingDamageMultiplier":0.1
        "damage": 0.85,
        "collidesGround": true,
        "speed": 20,
        "lifetime": 25,
        "drag": 0.005,
        "knockback":0.5,
    	"statusDuration":120,
    	"status":"油浸",
    	"incendAmount": 1,
	    "incendSpread": 1,
	    "incendChance": 1
        "pierce": true,
        "pierceArmor":true,
        "pierceCap": 3,
        "absorbable": true,
        "frontColor": "61615BFF",
        "backColor": "313131FF",
        "width": 5,
        "height": 25,
        "trailLength": 2,
        "trailWidth": 1.3,
        "trailColor": "313131FF",
        "shrinkY": 0,
        "smokeEffect": "none",
        "layer":98,
        "hitEffect": {
            "type": "ParticleEffect",
            "particles": 15,
            "line": true,
            "strokeFrom": 3,
            "strokeTo": 0,
            "lenFrom": 10,
            "lenTo": 0,
            "length": 50,
            "baseLength": 0,
            "lifetime": 10,
            "colorFrom": "313131FF",
            "colorTo": "61615BFF",
            "cone": 60
        },
        "despawnEffect": 
            {"type": "ParticleEffect",
            "particles": 1,
            "sizeFrom": 1,
            "sizeTo": 0,
            "length": 0,
            "baseLength": 0,
            "lifetime":8,
            "colorFrom": "313131FF",
            "colorTo": "61615BFF",
            "cone": 360},
    "ammoMultiplier": 0.8
    "spawnBullets": [
			{
"type": "LiquidBulletType",
"buildingDamageMultiplier":0.1
	"liquid": "石油",
	"speed": 3,
	"lifetime":166.6667,
	"knockback":0.5,
	"statusDuration":120,
	"status":"油浸",
	"damage": 0.65
	"layer":98,
	"incendAmount": 1,
	"incendSpread": 1,
	"incendChance": 1
	}
				]
    }
    "甘油": {
        "type": "BasicBulletType",
        "buildingDamageMultiplier":0.1
        "damage": 0.85,
        "collidesGround": true,
        "speed": 20,
        "lifetime": 25,
        "drag": 0.005,
        "knockback":0.5,
    	"statusDuration":120,
    	"status":"油浸",
        "pierce": true,
        "pierceArmor":true,
        "pierceCap": 3,
        "absorbable": true,
        "frontColor": "EDF3A9FF",
        "backColor": "CBD97FFF",
        "width": 5,
        "height": 25,
        "trailLength": 2,
        "trailWidth": 1.3,
        "trailColor": "CBD97FFF",
        "shrinkY": 0,
        "smokeEffect": "none",
        "hitEffect": {
            "type": "ParticleEffect",
            "particles": 15,
            "line": true,
            "strokeFrom": 3,
            "strokeTo": 0,
            "lenFrom": 10,
            "lenTo": 0,
            "length": 50,
            "baseLength": 0,
            "lifetime": 10,
            "colorFrom": "CBD97FFF",
            "colorTo": "EDF3A9FF",
            "cone": 60
        },
        "despawnEffect": 
            {"type": "ParticleEffect",
            "particles": 1,
            "sizeFrom": 1,
            "sizeTo": 0,
            "length": 0,
            "baseLength": 0,
            "lifetime":8,
            "colorFrom": "CBD97FFF",
            "colorTo": "EDF3A9FF",
            "cone": 360},
    "ammoMultiplier": 0.8
    "spawnBullets": [
			{
"type": "LiquidBulletType",
"buildingDamageMultiplier":0.1
	"liquid": "甘油",
	"speed": 3,
	"lifetime":166.6667,
	"knockback":0.5,
	"statusDuration":120,
	"status":"油浸",
	"damage": 0.6
	}
				]
    }
    }
	"requirements": [
		{ "item": "钢", "amount": 200 },
		{ "item": "钢化玻璃", "amount": 100 },
		{ "item": "硅", "amount": 100 },
		{ "item": "铝", "amount": 100 },
	],
	"category": "turret",
	"research": {
	"parent":"波浪"
	"objectives": [
            {
				"type": "SectorComplete",
				"preset": "前哨基地"
			}
	]
	}
	"researchCostMultiplier": 0.2,
	        "canOverdrive": true,
	}