{
    "type": "ItemTurret",
    "name": "激发",
    "description": "向敌人发射穿透子弹",
    "shootSound": "shootAltLong",
    "placeableLiquid": true
    "health": 5000,
    "armor": 5,
    "reloadTime": 50,
    "size": 6,
    "reload": 30,
    "shake": 2,
    "rotateSpeed": 2,
    "spread": 15,
    "recoil": 5,
    "shootCone": 30,
    "recoilAmount": 5,
    "rotatespeed": 4,
    "shots": 7,
    "range": 800,
    "recoils": 2,
    "consumes": {
	"coolant":{"amount":0.175,"optional":true}  
		},
    "shoot": {
        "type": "ShootAlternate",
        "barrels": 2,
        "spread": 18
    },
    "ammoTypes": {
        "铍": {
            "pierceCap": 10,
            "buildingDamageMultiplier": 0.1,
            "height": 20,
            "width": 20,
            "damage": 100,
            "speed": 6,
            "lifetime": 133.3333333,
            "ammoMultiplier": 1,
            "frontColor": "92DD7EFF",
            "backColor": "92DD7EFF",
            "trailLength": 24,
            "trailWidth": 3.75,
            "trailColor": "92DD7EFF",
            "hitSound": "none",
            "despawnEffect": {
                "type": "ParticleEffect",
                "particles": 6,
                "line": true,
                "strokeFrom": 3,
                "strokeTo": 0,
                "lenFrom": 6,
                "lenTo": 0,
                "length": 16,
                "baseLength": 4,
                "lifetime": 30,
                "colorFrom": "92DD7EFF",
                "colorTo": "92DD7EFF",
                "cone": 360
            },
            "hitEffect": "none",
            "shootEffect": {
                "type": "ParticleEffect",
                "particles": 6,
                "line": true,
                "strokeFrom": 3,
                "strokeTo": 0,
                "lenFrom": 9,
                "lenTo": 0,
                "length": 25,
                "baseLength": 3,
                "lifetime": 30,
                "colorFrom": "92DD7EFF",
                "colorTo": "92DD7EFF",
                "cone": 15
            }
        },
        "钨": {
            "pierceCap": 12,
            "buildingDamageMultiplier": 0.1,
            "height": 20,
            "width": 20,
            "damage": 120,
            "speed": 6,
            "lifetime": 133.3333333,
            "ammoMultiplier": 1,
            "frontColor": "A0B0C8FF",
            "backColor": "A0B0C8FF",
            "trailLength": 24,
            "trailWidth": 3.75,
            "trailColor": "A0B0C8FF",
            "hitSound": "none",
            "despawnEffect": {
                "type": "ParticleEffect",
                "particles": 6,
                "line": true,
                "strokeFrom": 3,
                "strokeTo": 0,
                "lenFrom": 6,
                "lenTo": 0,
                "length": 16,
                "baseLength": 4,
                "lifetime": 30,
                "colorFrom": "A0B0C8FF",
                "colorTo": "A0B0C8FF",
                "cone": 360
            },
            "hitEffect": "none",
            "shootEffect": {
                "type": "ParticleEffect",
                "particles": 6,
                "line": true,
                "strokeFrom": 3,
                "strokeTo": 0,
                "lenFrom": 9,
                "lenTo": 0,
                "length": 25,
                "baseLength": 3,
                "lifetime": 30,
                "colorFrom": "A0B0C8FF",
                "colorTo": "A0B0C8FF",
                "cone": 15
            }
        }
        "金锭": {
            "pierceCap": 16,
            "buildingDamageMultiplier": 0.1,
            "height": 20,
            "width": 20,
            "damage": 100,
            "speed": 6,
            "lifetime": 133.3333333,
            "ammoMultiplier": 1,
            "frontColor": "FBF561FF",
            "backColor": "FBF561FF",
            "trailLength": 24,
            "trailWidth": 3.75,
            "trailColor": "FBF561FF",
            "hitSound": "none",
            "despawnEffect": {
                "type": "ParticleEffect",
                "particles": 6,
                "line": true,
                "strokeFrom": 3,
                "strokeTo": 0,
                "lenFrom": 6,
                "lenTo": 0,
                "length": 16,
                "baseLength": 4,
                "lifetime": 30,
                "colorFrom": "FBF561FF",
                "colorTo": "FBF561FF",
                "cone": 360
            },
            "hitEffect": "none",
            "shootEffect": {
                "type": "ParticleEffect",
                "particles": 6,
                "line": true,
                "strokeFrom": 3,
                "strokeTo": 0,
                "lenFrom": 9,
                "lenTo": 0,
                "length": 25,
                "baseLength": 3,
                "lifetime": 30,
                "colorFrom": "FBF561FF",
                "colorTo": "FBF561FF",
                "cone": 15
            }
        }
        "碳化物": {
            "pierceCap": 12,
            "buildingDamageMultiplier": 0.1,
            "height": 20,
            "width": 20,
            "damage": 250,
            "speed": 6,
            "lifetime": 133.3333333,
            "ammoMultiplier": 1,
            "frontColor": "C9A5C8FF",
            "backColor": "C9A5C8FF",
            "trailLength": 24,
            "trailWidth": 3.75,
            "trailColor": "C9A5C8FF",
            "hitSound": "none",
            "despawnEffect": {
                "type": "ParticleEffect",
                "particles": 6,
                "line": true,
                "strokeFrom": 3,
                "strokeTo": 0,
                "lenFrom": 6,
                "lenTo": 0,
                "length": 16,
                "baseLength": 4,
                "lifetime": 30,
                "colorFrom": "C9A5C8FF",
                "colorTo": "C9A5C8FF",
                "cone": 360
            },
            "hitEffect": "none",
            "shootEffect": {
                "type": "ParticleEffect",
                "particles": 6,
                "line": true,
                "strokeFrom": 3,
                "strokeTo": 0,
                "lenFrom": 9,
                "lenTo": 0,
                "length": 25,
                "baseLength": 3,
                "lifetime": 30,
                "colorFrom": "C9A5C8FF",
                "colorTo": "C9A5C8FF",
                "cone": 15
            }
        }
        "硬质合金": {
            "pierceCap": 12,
            "buildingDamageMultiplier": 0.1,
            "height": 20,
            "width": 20,
            "damage": 500,
            "speed": 6,
            "lifetime": 133.3333333,
            "ammoMultiplier": 1,
            "frontColor": "50477BFF",
            "backColor": "50477BFF",
            "trailLength": 24,
            "trailWidth": 3.75,
            "trailColor": "50477BFF",
            "hitSound": "none",
            "despawnEffect": {
                "type": "ParticleEffect",
                "particles": 6,
                "line": true,
                "strokeFrom": 3,
                "strokeTo": 0,
                "lenFrom": 6,
                "lenTo": 0,
                "length": 16,
                "baseLength": 4,
                "lifetime": 30,
                "colorFrom": "50477BFF",
                "colorTo": "50477BFF",
                "cone": 360
            },
            "hitEffect": "none",
            "shootEffect": {
                "type": "ParticleEffect",
                "particles": 6,
                "line": true,
                "strokeFrom": 3,
                "strokeTo": 0,
                "lenFrom": 9,
                "lenTo": 0,
                "length": 25,
                "baseLength": 3,
                "lifetime": 30,
                "colorFrom": "50477BFF",
                "colorTo": "50477BFF",
                "cone": 15
            }
        }
    },
    "requirements": [
        {
            "item": "铍",
            "amount": 300
        },
        {
            "item": "钨",
            "amount": 200
        },
        {
            "item": "硅",
            "amount": 500
        },
        {
            "item": "石墨",
            "amount": 200
        }
        { "item":"纯钢","amount":100},
    ],
    "category": "turret",
    "research": "一代核心"
}