{
	"type": "PowerTurret",
	"name": "炽火",
	"description": "需要巨量的热量进行发射。",
	"targetAir": true,
	"targetGround": true,
	"health": 1500,
	"size": 4,
	"heatColor": "FF4040",
	"cooldownTime": 80,
	"accurateDelay": false,
	"shootSound":"laser",
	"reload":180,
	"range": 500,
	"recoilTime":30
	"recoil":5
	"heatRequirement":50
	"coolantMultiplier": 2,
	"maxHeatEfficiency":2
	"shoot":{
		"type":"ShootPattern",
		"firstShotDelay":50
	},
	"drawer": {
    "type": "DrawMulti",
    "drawers": [
    {"type": "DrawTurret",
    "parts": [
    {"type": "RegionPart",
        "mirror": true,
        "x": 0,
        "y": 0,
        "suffix": "1",
        "layer": 50,
        "moveX":0
        "moveY":0
        "heatColor": "FFE540FF",
        }
        {"type": "RegionPart",
        "mirror": true,
        "x": 0,
        "y": 0,
        "suffix": "2",
        "layer": 50,
        "moveX": 0
        "moveY": 0
        "heatColor": "FFC640FF",
        }
    ]}
    ]},
	"moveWhileCharging": false,
	"chargeSound":"lasercharge2",
	"shake":1,
	"inaccuracy": 0,
	"shootType": {
	"type": "BasicBulletType",
	"damage": 150,
	"status":"燃烧",
	"buildingDamageMultiplier":0.1
	"statusDuration":600,
	"splashDamageRadius":80,
	"splashDamage":100,
	"ammoMultiplier":1,
	"sprite":"circle-bullet",
	"shrinkY":0,
	"trailLength":10,
	"trailWidth":4,
	"trailColor":"FFEFBFFF",
	"frontColor":"FFFFFF",
	"backColor":"FFEFBFFF",
	"width": 13,	"height": 13,
	"hitSound":"plasmaboom",
			"incendChance": 0.5,
			"incendSpread": 20,
			"incendAmount": 5,
	"hitEffect":{
		"type": "MultiEffect",
		"effects": [
			{
		"type": "WaveEffect",
		"lifetime": 20,
		"sizeFrom": 0,
		"sizeTo": 85,
		"strokeFrom": 3,
		"strokeTo": 1,
		"colorFrom": "C99624FF",
		"colorTo": "BFFFDB00"
			},
		{"type": "ParticleEffect",
		"particles": 8,
		"sizeFrom": 7,
		"sizeTo": 0,
		"interp":"pow5Out",
		"sizeInterp":"pow5In",
		"length": 70,
		"baseLength": 10,
		"lifetime": 45,
		"colorFrom": "FFD8BFD8",
		"colorTo": "FFD7BFD0",
		"cone": 360}
		]},
	"despawnEffect":"bigShockwave",
	"speed": 10,
	"lifetime": 45,
	"chargeEffect":{
		"type": "MultiEffect",
		"effects": [
			{
		"type": "WaveEffect",
		"lifetime": 50,
		"sizeFrom": 60,
		"sizeTo": 0,
		"strokeFrom": 0,
		"strokeTo": 2,
		"colorFrom": "C99624FF",
		"colorTo": "FFDCBFFF"
			},
		   {     
		"type": "ParticleEffect",
		"particles": 8,
		"sizeFrom": 0,
		"sizeTo": 2,
		"length": 80,
		"baseLength": -80,
		"lifetime": 45,
		"colorFrom": "FFFFFF",
		"colorTo": "FFEFBFFF",
		"cone": 360
		   },
		   {     
		"type": "ParticleEffect",
		"particles": 1,
		"sizeFrom": 0,
		"sizeTo": 6,
		"length": 0,
		"baseLength": -0,
		"lifetime": 51,
		"colorFrom": "FFFFFF",
		"colorTo": "FFEFBFFF",
		"cone": 360
		   }
		]},
	"fragBullets":8,
	"fragBullet":{
	"trailEffect": "none",
	"hitEffect":{
		"type": "ParticleEffect",
		"particles": 3,
		"sizeFrom": 3,
		"sizeTo": 0,
		"length": 18,
		"baseLength": 0,
		"lifetime": 20,
		"colorFrom": "FFEFBFFF",
		"colorTo": "FFEFBFFF",
		"cone": 360
		   },
	"despawnEffect":"none",
	"sprite":"circle-bullet",
	"status":"融化",
	"statusDuration":120,
	"shrinkY":0,
	"trailLength":2,
	"buildingDamageMultiplier":0.1
	"trailWidth":1.88,
	"trailColor":"FFEFBFFF",
	"frontColor":"FFDCBFFF",
	"backColor":"FFDCBFFF",
	"damage":10,
	"splashDamageRadius":16,
	"splashDamage":10,
	"speed": 6,	"lifetime":8
 }},
	"shootEffect":{
	"type": "ParticleEffect",
	"particles": 7,
	"sizeFrom": 2,
	"sizeTo": 0,
	"interp":"pow5Out",
	"sizeInterp":"pow5In",
	"length": 33,
	"baseLength": 0,
	"lifetime": 55,
	"colorFrom": "FFDCBFFF",
	"colorTo": "FFDCBFFF",
	"cone": 16
	   },
	"smokeEffect":{
		"type": "WaveEffect",
		"lifetime": 20,
		"sizeFrom": 0,
		"sizeTo": 60,
		"strokeFrom": 2,
		"strokeTo": 0,
		"colorFrom": "FFDCBFFF",
		"colorTo": "BFFFDB88"
			},
	"consumes": {"power":33.3334},
	"rotateSpeed": 2
	"category": "turret",
    "research": {
	"parent":"热电",
	"researchCostMultiplier": 1,
			"objectives": [
            {
				"type": "SectorComplete",
				"preset": "炽焰峡谷"
			}
			]
		}
	    "researchCostMultiplier": 1,
	        "canOverdrive": true,
	"requirements": [
	{ "item": "纯钛钢", "amount":200},
	{ "item": "纯钢", "amount":250}
	{ "item": "铝", "amount":500}
	{ "item": "硅", "amount":750}
	]
}
