{
	"type": "ItemTurret",
	"name": "烈炎",
	"description": "使用电磁点火器喷射火焰焚烧任何靠近他的敌人。",
	"health": 3200,
	"size": 3,
	"reload": 4,
	"range": 360,
	"maxAmmo": 60,
	"shootSound": "flame",
	"targetGround": true,
	"targetAir": true,
	"rotateSpeed": 8,
	"recoil":2,
	"recoilTime":105,
	"cooldownTime":105,
	"shootY":3.5,
	"consumes": {
	"coolant":{"amount":0.1,"optional":true}  
		},
	"drawer": {
		"type": "DrawTurret",
		"parts": [
			{
				"type": "RegionPart",
				"mirror": true,
				"progress":"recoil",
				"x": 0,"y": 0,
				"suffix": "-开",
				"moveX": 0,
				"moveY": 5
				"moveRot":5
			},
			{
				"type": "ShapePart",
				"progress": "reload",
				"y": 9,
				"color": "FF9C5AFF",
				"colorTo": "EC7458FF",
				"layer":98,
				"circle": true,
				"hollow": false,
				"radius": 3,
				"radiusTo": 0,
				"layer": 110
			},
			]
	},
	"ammoTypes": {
			"石墨": {
			"type": "BasicBulletType",
    			"collidesAir": true,
    			"speed": 20,
    			"damage":15,
    			"width": 0.5,
    			"height": 0.5,
    			"status": "燃烧",
    			"lifetime": 18,
			    "statusDuration": 60,
			    "buildingDamageMultiplier":0.1,
			    "autoTarget": true,
    			"shootEffect": {
    				"type": "ParticleEffect",
    				"particles":40,
    				"sizeFrom": 2,
    				"sizeTo": 0,
    				"length": 720,
    				"lifetime": 60,
                    "interp": "circleOut",
                    "colorFrom": "FF9C5AFF",
                    "colorTo": "FF9C5AFF",
                    "cone": 8
                },
                "smokeEffect": "none",
                "despawnEffect": "none",
                "hittable": false,
                "reflectable": false,
                "hitEffect": {
                    "type": "ParticleEffect",
                    "particles":20,
                    "sizeFrom": 2,
                    "sizeTo": 0,
                    "length": 720,
                    "lifetime": 60,
                    "interp": "circleOut",
                    "colorFrom": "EC7458FF",
                    "colorTo": "FF9C5AFF",
                    "cone": 720
					},
				"pierce": true,
				"makeFire":true,
				//制造火焰
				"incendAmount":0.55
				//引火数量
				"incendChance": 0.5,
			"incendSpread": 20,
			"incendAmount": 5,
			},
			"硫化物": {
			"type": "BasicBulletType",
    			"collidesAir": true,
    			"speed": 20,
    			"damage":20,
    			"width": 0.5,
    			"height": 0.5,
    			"status": "燃烧",
    			"lifetime": 18,
			    "statusDuration": 120,
			    "buildingDamageMultiplier":0.1,
			    "autoTarget": true,
    			"shootEffect": {
    				"type": "ParticleEffect",
    				"particles":40,
    				"sizeFrom": 2,
    				"sizeTo": 0,
    				"length": 720,
    				"lifetime": 60,
                    "interp": "circleOut",
                    "colorFrom": "FF9C5AFF",
                    "colorTo": "FF9C5AFF",
                    "cone": 8
                },
                "smokeEffect": "none",
                "despawnEffect": "none",
                "hittable": false,
                "reflectable": false,
                "hitEffect": {
                    "type": "ParticleEffect",
                    "particles":20,
                    "sizeFrom": 2,
                    "sizeTo": 0,
                    "length": 720,
                    "lifetime": 60,
                    "interp": "circleOut",
                    "colorFrom": "EC7458FF",
                    "colorTo": "FF9C5AFF",
                    "cone": 720
					},
				"pierce": true,
				"makeFire":true,
				//制造火焰
				"incendAmount":0.25
				//引火数量
				"incendChance": 0.25,
			"incendSpread": 20,
			"incendAmount": 5,
			},
		}
	"requirements": [
	],
	"category": "turret",
}