{
	"type": "ItemTurret",
	"name": "烈火",
	"description": "使用电磁点火器喷射火焰焚烧任何靠近他的敌人。",
	"health": 1600,
	"size": 2,
	"reload": 4,
	"range": 120,
	"maxAmmo": 60,
	"shootSound": "flame",
	"targetGround": true,
	"targetAir": true,
	"rotateSpeed": 8,
	"recoil":2,
	"recoilTime":105,
	"cooldownTime":105,
	"heatColor":"EC7458FF",
	"shootY":3.5,
	"drawer": {
		"type": "DrawTurret",
		"parts": [
			{
				"type": "RegionPart",
				"mirror": true,
				"progress":"recoil",
				"x": 0,"y": 0,
				"suffix": "-前",
				"under":true,
				"moveX": 0,
				"moveY": 1.5
			},
		]
	},
	"ammoTypes": {
		"硫化物": {
			"type": "BasicBulletType",
    			"collidesAir": true,
    			"speed": 10,
    			"damage":20,
    			"width": 0.2,
    			"height": 0.2,
    			"status": "燃烧",
    			"lifetime": 12,
			    "statusDuration": 120,
			    "buildingDamageMultiplier":0.1,
			    "autoTarget": true,
    			"shootEffect": {
    				"type": "ParticleEffect",
    				"particles":20,
    				"sizeFrom": 2,
    				"sizeTo": 0,
    				"length": 150,
    				"lifetime": 60,
                    "interp": "circleOut",
                    "colorFrom": "FF9C5AFF",
                    "colorTo": "FF9C5AFF",
                    "cone": 8
                },
                "smokeEffect": "none",
                "despawnEffect": "none",
                "hittable": false,
                "reflectable": false,
                "hitEffect": {
                    "type": "ParticleEffect",
                    "particles":10,
                    "sizeFrom": 2,
                    "sizeTo": 0,
                    "length": 150,
                    "lifetime": 60,
                    "interp": "circleOut",
                    "colorFrom": "EC7458FF",
                    "colorTo": "FF9C5AFF",
                    "cone": 360
					},
				"pierce": true,
				"makeFire":true,
				//制造火焰
				"incendAmount":1
				//引火数量
				"incendChance": 0.5,
			"incendSpread": 20,
			"incendAmount": 5,
			},
			"石墨": {
			"type": "BasicBulletType",
    			"collidesAir": true,
    			"speed": 10,
    			"damage":10,
    			"width": 0.2,
    			"height": 0.2,
    			"status": "燃烧",
    			"lifetime": 12,
			    "statusDuration": 60,
			    "buildingDamageMultiplier":0.1,
			    "autoTarget": true,
    			"shootEffect": {
    				"type": "ParticleEffect",
    				"particles":20,
    				"sizeFrom": 2,
    				"sizeTo": 0,
    				"length": 150,
    				"lifetime": 60,
                    "interp": "circleOut",
                    "colorFrom": "FF9C5AFF",
                    "colorTo": "FF9C5AFF",
                    "cone": 8
                },
                "smokeEffect": "none",
                "despawnEffect": "none",
                "hittable": false,
                "reflectable": false,
                "hitEffect": {
                    "type": "ParticleEffect",
                    "particles":10,
                    "sizeFrom": 2,
                    "sizeTo": 0,
                    "length": 150,
                    "lifetime": 60,
                    "interp": "circleOut",
                    "colorFrom": "EC7458FF",
                    "colorTo": "FF9C5AFF",
                    "cone": 360
					},
				"pierce": true,
				"makeFire":true,
				//制造火焰
				"incendAmount":0.25
				//引火数量
				"incendChance": 0.5,
			"incendSpread": 20,
			"incendAmount": 5,
			},
			"煤炭": {
			"type": "BasicBulletType",
    			"collidesAir": true,
    			"speed": 10,
    			"damage":15,
    			"width": 0.2,
    			"height": 0.2,
    			"status": "燃烧",
    			"lifetime": 12,
			    "statusDuration": 120,
			    "buildingDamageMultiplier":0.1,
			    "autoTarget": true,
    			"shootEffect": {
    				"type": "ParticleEffect",
    				"particles":20,
    				"sizeFrom": 2,
    				"sizeTo": 0,
    				"length": 150,
    				"lifetime": 60,
                    "interp": "circleOut",
                    "colorFrom": "FF9C5AFF",
                    "colorTo": "FF9C5AFF",
                    "cone": 8
                },
                "smokeEffect": "none",
                "despawnEffect": "none",
                "hittable": false,
                "reflectable": false,
                "hitEffect": {
                    "type": "ParticleEffect",
                    "particles":10,
                    "sizeFrom": 2,
                    "sizeTo": 0,
                    "length": 150,
                    "lifetime": 60,
                    "interp": "circleOut",
                    "colorFrom": "EC7458FF",
                    "colorTo": "FF9C5AFF",
                    "cone": 360
					},
				"pierce": true,
				"makeFire":true,
				//制造火焰
				"incendAmount":0.5
				//引火数量
				"incendChance": 0.5,
			"incendSpread": 20,
			"incendAmount": 5,
			},
		}
	"requirements": [
		{
			"item": "纯钢",
			"amount": 50
		},
		{
			"item": "铝",
			"amount": 50
		},
		{
			"item": "硅",
			"amount": 100
		}
		{
			"item": "石墨",
			"amount": 200
		}
	],
	"category": "turret",
	"research": {
	"parent":"护卫",
	"researchCostMultiplier": 1,
			"objectives": [
            {
				"type": "SectorComplete",
				"preset": "炽焰峡谷"
			}
			]
		}
}