{
    "type": "PowerTurret",
    "name": "电刺",
    "description": "延缓敌人的攻势。",
    "targetAir": true,
    "targetGround": true,
    "health": 1200,
    "size": 1,
    "heatColor": "turretHeat",
    "shootSound": "JG1",
    "shake": 0.2,
    "inaccuracy": 3,
    "recoil": 2,
    "shoot": {
        "type": "ShootAlternate",
        "barrels": 2,
        "spread": 4
    },
    "shootSound": "shootSmite"
    "recoilTime": 10,
    "shootType": {
    "type":"LightningBulletType",
    "damage":60,
    "lightningColor":"87CEEBFF",
    "hitColor":"87CEEBFF",
    "lightningLength":18,
    "lightningLengthRand":10,
    "shootEffect":"shootHeal",
    "smokeEffect":"shootHeal",
    "collidesAir":true,
    "collidesGround": true,
    "collidesTeam":true,
    "hitEffect":"hitLancer",
    "despawnEffect":"none",
    "status":"麻痹",
    "statusDuration":30}
    "consumes": {
        "power": 7,
        "coolant": {
            "amount": 0.2,
            "optional": true
        }
    },
    "reload": 5,
    "rotateSpeed": 13,
    "range": 180,
    "category": "turret",
    "research": "电光箭",
    "requirements": [
        {
            "item": "copper",
            "amount": 90
        },
        {
            "item": "lead",
            "amount": 100
        },
        {
            "item": "silicon",
            "amount": 90
        }
    ]
}