{
    "type":"PowerTurret",
    "name":"电离", 
    "description":"通过较大的能量释放一个小型的闪电球攻击敌人", 
    "health":1800,
	"reload":30,
    "shootCone":360,
    "rotateSpeed":2,
        "recoilTime": 15,//后坐力恢复时间
	"hasLiquids": true,
    "targetAir" :true,
	"targetGround": true,
    "range":200,
    "shootEffect":{"type": "ParticleEffect",
    "particles": 4,
    "length":45,
    "baseLength": 0,
    "lifetime": 26,
    "line": true,
    "lenFrom":8,
    "lenTo":18,
    "strokeFrom": 2,
    "strokeTo": 0,
        "colorFrom": "ffffff",
        "colorTo": "ffffff",
        "cone": 360},
    "recoil":5,
    "size":3,
    "shoot":{
	    "type":"ShootSpread",
	    "shots":2
	},
	"inaccuracy": 0,
    "shootSound":"spark",
    "shootY":0,
    "shootX":0,
    "shootType":{
    "speed": 4,  
	    "lifetime":48,
	    "buildingDamageMultiplier":0.1
		"width": 7,"height": 8,
		"damage":30
		"shootEffect": "shootSmall",
		"splashDamageRadius":20,
		"splashDamage":20,
        "ammoMultiplier":4,
        "backColor": "FFFFFFFF",
				"frontColor": "FFFFFFFF",
					"status": "麻痹",
	        "statusDuration": 240,
        "fragLifeMin":0.1,
            "lightningDamage":5,
            "lightningColor": "FFFFFFFF",
    "lightning":5,
    "lightningLength":10
       },
    	"consumes": {
    	"power":8.3333333
	"coolant":{"amount":0.2,"optional":true}  
		},
	"requirements": [
{ "item": "钛钢", "amount":50},
{ "item": "硅", "amount":50}
{ "item": "铝", "amount": 100 }
{ "item": "钢", "amount": 100 }
],
"category": "turret",
		"research": {
	"parent":"龙息"
	"objectives": [
            {
				"type": "SectorComplete",
				"preset": "初次相遇"
			}
	]
	}
	    "researchCostMultiplier": 1,
	        "canOverdrive": true,
  }