{
	"type": "ItemTurret",
	"name": "竹林",
	"description": "远程打击，建议加液体，不然攻速太慢。",
	"health": 1200,
	"size": 3,
	"reload":5,
	"range": 400,
	"recoilTime":30
	"recoil":5
    "ammoPerShot": 1,
    "consumes": {
	"coolant":{"amount":0.1,"optional":true}  }
	"shoot": {
		"shots": 1,
		"shotDelay": 0,
		"type": "ShootBarrel",
		"barrels": [
			-5,0,0,
			5,0,0,
			10,0,0
			-10,0,0
		]
	},
	"drawer": {
    "type": "DrawMulti",
    "drawers": [
    {"type": "DrawTurret",
    "parts": [
    {"type": "RegionPart",
        "mirror": true,
        "x": 0,
        "y": 0,
        "suffix": "-中",
        "layer": 50,
        "moveX":0
        "moveY":0
        "heatColor": "F3E979FF",
        }
    {"type": "RegionPart",
        "mirror": true,
        "x": 0,
        "y": 0,
        "suffix": "-开",
        "layer": 50,
        "moveX":5
        "moveY":0
        "heatColor": "F3E979FF",
        }
    ]}
    ]},
	"ammoUseEffect": "casing2Double",
	"inaccuracy": 2,
	"shake":1,
	"ammoTypes": {
	"铁":{
	        "speed": 20,
			"damage": 14,
			"lifetime":20,
			"width": 2,
			"height": 40,
			"pierceCap":2,
			"ammoMultiplier":6,
			"buildingDamageMultiplier":0.1
			"statusDuration":120
			"shootSound":"missileLarge",
			"status": "脆裂",
		"frontColor": "BDFFC3FF",
        "backColor": "BDFFC3FF"
			"shootEffect": "shootBig"	    },
	"钢":{
	        "speed": 20,
			"damage": 16,
			"lifetime":20,
			"width": 2,
			"height": 40,
			"pierceCap":2,
			"ammoMultiplier":6,
			"buildingDamageMultiplier":0.1
			"statusDuration":120
			"shootSound":"missileLarge",
			"status": "脆裂",
		"frontColor": "91FF9AFF",
        "backColor": "91FF9AFF"
			"shootEffect": "shootBig"	    },
	"钛钢":{
	        "speed": 20,
			"damage": 18,
			"lifetime":20,
			"width": 2,
			"height": 40,
			"pierceCap":2,
			"ammoMultiplier":6,
			"buildingDamageMultiplier":0.1
			"statusDuration":120
			"shootSound":"missileLarge",
			"status": "脆裂",
		"frontColor": "62FF6FFF",
        "backColor": "62FF6FFF"
			"shootEffect": "shootBig"	    },
	"塑钢":{
	        "speed": 20,
			"damage": 18,
			"lifetime":20,
			"width": 2,
			"height": 40,
			"pierceCap":2,
			"ammoMultiplier":6,
			"buildingDamageMultiplier":0.1
			"statusDuration":120
			"shootSound":"missileLarge",
			"status": "破甲",
		"frontColor": "27FF39FF",
        "backColor": "27FF39FF"
			"shootEffect": "shootBig"	    },
	}, 
	"requirements": [
{ "item": "纯钛钢", "amount": 100 }
{ "item": "塑钢", "amount": 100 }
{ "item": "硅", "amount": 50 }
{ "item": "铝", "amount": 200 }
	],
	"category": "turret",
	        "research": {
	"parent":"龙息",
	"researchCostMultiplier": 0.1,
			"objectives": [
            {
				"type": "SectorComplete",
				"preset": "腐蚀泥沼"
			}
			]
		}
	    "researchCostMultiplier": 0.2,
	        "canOverdrive": true,
}
