{
	"type": "ItemTurret",
	"name": "闪光",
	"health": 4000,
	"armor": 4,
	"size": 4,
	"range": 168,
	"reload": 35,
	"inaccuracy": 0,
	"shoot": {
		"type": "ShootSpread",
		"shots": 9,
		"spread": 2
	},
	"recoil": 5,
	"recoilTime": 42,
	"cooldownTime": 50,
	"rotateSpeed": 6,
	"shootCone": 30,
	"shake": 4,
	"liquidCapacity": 30,
	"consumes": {
		"coolant": {
			"amount": 1,
			"optional": true
		}
	},
	"coolantMultiplier": 1.5,
	"maxAmmo": 60,
	"shootSound": "shotgun",
	"ammoTypes": {
		"钛": {
			"type": "shrapnelBulletType",
			"damage": 90,
			"lifetime": 15,
			"speed": 0,
			"width": 17,
			"length": 168,
			"ammoMultiplier": 3,
			"reloadMultiplier": 1.3
		},
		"钍": {
			"type": "shrapnelBulletType",
			"damage": 135,
			"lifetime": 15,
			"speed": 0,
			"width": 17,
			"length": 168,
			"ammoMultiplier": 4,
			"fromColor": "FFC3FF",
			"toColor": "FFC3FF",
			"shootEffect": "thoriumShoot",
			"smokeEffect": "none"
		},
		"巨浪合金": {
			"type": "shrapnelBulletType",
			"damage": 180,
			"lifetime": 15,
			"speed": 0,
			"width": 17,
			"length": 168,
			"fromColor": "F3E979",
			"toColor": "F3E979",
			"rangeChange": 24,
			"ammoMultiplier": 3,
			"shootEffect": {
				"type": "ParticleEffect",
				"line": true,
				"particles": 6,
				"lifetime": 20,
				"length": 30,
				"cone": 45,
				"lenFrom": 8,
				"lenTo": 8,
				"strokeFrom": 4,
				"strokeTo": 0,
				"lightColor": "F3E979",
				"colorFrom": "F3E979",
				"colorTo": "F3E979"
			},
			"smokeEffect": "none"
		}
	},
	"requirements": [
		"copper/1200",
		"graphite/325",
		"thorium/275",
		"plastanium/175",
		"surge-alloy/75"
	],
	"research": "fuse",
	"category": "turret"
}