    {
	"type": "PowerTurret",
		"name": "雷崩",
	"description": "电磁型炮塔，拥有极高的准确度，消耗电力向敌人发射强大的螺旋电磁波,[red]攻速太慢了啊",
	"health": 5200,
	"size": 4,
	"shake": 3,
	"recoil": 5,
	"range":500,
	"reload": 240,
	"shootY": 8,
	"recoilTime": 85,
	"rotateSpeed": 1.5,
	"placeableLiquid": true
	"drawer": {
    "type": "DrawMulti",
    "drawers": [
    {"type": "DrawTurret",
    "parts": [
    {
                "type": "HaloPart",
                "color": "D99F6BFF",
                "tri": true,
                "hollow": true,
                "shapes": 4,
                "triLength": 0,
                "triLengthTo": 4,
                "radius": 5,
                "radiusTo": 5,
                "haloRadius": 10,
                "haloRotateSpeed": 0.6,
                "haloRotation": 0,
                "layer": 110,
                "y": -20
            },
            {
                "type": "HaloPart",
                "color": "F3E979FF",
                "tri": true,
                "hollow": true,
                "shapes": 4,
                "triLength": 0,
                "triLengthTo": 2,
                "radius": 7,
                "radiusTo": 7,
                "haloRadius": 17,
                "shapeRotation": 180,
                "haloRotateSpeed": -0.9,
                "haloRotation": 0,
                "layer": 110,
                "y": -20
            },
            {
                "type": "HaloPart",
                "color": "F3E979FF",
                "tri": true,
                "hollow": true,
                "shapes": 4,
                "triLength": 0,
                "triLengthTo": 5,
                "radius": 7,
                "radiusTo": 7,
                "haloRadius": 17,
                "haloRotateSpeed": -0.9,
                "haloRotation": 0,
                "layer": 110,
                "y": -20
            },
            {
                "type": "HaloPart",
                "color": "F3E979FF",
                "tri": true,
                "hollow": true,
                "shapes": 1,
                "triLength": 0,
                "triLengthTo": 6,
                "radius": 5,
                "radiusTo": 5,
                "haloRadius": 0,
                "shapeRotation": 90,
                "haloRotateSpeed": 0,
                "haloRotation": 0,
                "layer": 110,
                "x": 16,
                "y": -20
            },
            {
                "type": "HaloPart",
                "color": "F3E979FF",
                "tri": true,
                "hollow": true,
                "shapes": 1,
                "triLength": 0,
                "triLengthTo": 20,
                "radius": 5,
                "radiusTo": 5,
                "haloRadius": 0,
                "shapeRotation": -90,
                "haloRotateSpeed": 0,
                "haloRotation": 0,
                "layer": 110,
                "x": 16,
                "y": -20
            },
            {
                "type": "HaloPart",
                "color": "F3E979FF",
                "tri": true,
                "hollow": true,
                "shapes": 1,
                "triLength": 0,
                "triLengthTo": 6,
                "radius": 5,
                "radiusTo": 5,
                "haloRadius": 0,
                "shapeRotation": -90,
                "haloRotateSpeed": 0,
                "haloRotation": 0,
                "layer": 110,
                "x": -16,
                "y": -20
            },
            {
                "type": "HaloPart",
                "color": "F3E979FF",
                "tri": true,
                "hollow": true,
                "shapes": 1,
                "triLength": 0,
                "triLengthTo": 20,
                "radius": 5,
                "radiusTo": 5,
                "haloRadius": 0,
                "shapeRotation": 90,
                "haloRotateSpeed": 0,
                "haloRotation": 0,
                "layer": 110,
                "x": -16,
                "y": -20
            }
    {"type": "RegionPart",
        "mirror": true,
        "x": 0,
        "y": 0,
        "suffix": "-前",
        "layer": 50,
        "moveX":5
        "moveY":0
        "heatColor": "F3E979FF",
        }
    {"type": "RegionPart",
        "mirror": true,
        "x": 0,
        "y": 0,
        "suffix": "-开",
        "layer": 50,
        "moveX":5
        "moveY":0
        "heatColor": "F3E979FF",
        }
        {"type": "RegionPart",
        "mirror": false,
        "under":true
        "x": 3,
        "y": 0,
        "suffix": "-侧1",
        "layer": 50,
        "moveX":18
        "moveY":0
        "moveRot":-3
        "color": "F3E979FF",
		"colorTo": "F3E979FF",
		"heatColor": "F3E979FF",
        }
        {"type": "RegionPart",
        "mirror": false,
        "under":true 
        "x": 3,
        "y": 0,
        "suffix": "-侧1",
        "layer": 50,
        "moveX":16
        "moveY":-6
        "moveRot":-3
        "color": "F3E979FF",
		"colorTo": "F3E979FF",
		"heatColor": "F3E979FF",
        }
        {"type": "RegionPart",
        "mirror": false,
        "under":true 
        "x": 3,
        "y": 0,
        "suffix": "-侧1",
        "layer": 50,
        "moveX":14
        "moveY":-12
        "moveRot":-3
        "color": "F3E979FF",
		"colorTo": "F3E979FF",
		"heatColor": "F3E979FF",
        }
        {"type": "RegionPart",
        "mirror": false,
        "under":true 
        "x": -5,
        "y": 0.85,
        "suffix": "-侧2",
        "layer": 50,
        "moveX":-18
        "moveY":0
        "moveRot":-3
        "color": "D99F6BFF",
		"colorTo": "D99F6BFF",
		"heatColor": "D99F6BFF",
        }
        {"type": "RegionPart",
        "mirror": false,
        "under":true 
        "x": -5,
        "y": 0.85,
        "suffix": "-侧2",
        "layer": 50,
        "moveX":-16
        "moveY":-6
        "moveRot":-3
        "color": "D99F6BFF",
		"colorTo": "D99F6BFF",
		"heatColor": "D99F6BFF",
        }
        {"type": "RegionPart",
        "mirror": false,
        "under":true 
        "x": -5,
        "y": 0.85,
        "suffix": "-侧2",
        "layer": 50,
        "moveX":-14
        "moveY":-12
        "moveRot":-3
        "color": "D99F6BFF",
		"colorTo": "D99F6BFF",
		"heatColor": "D99F6BFF",
        }
        {"type": "RegionPart",
        "mirror": false,
        "x": 0,
        "y": 0,
        "suffix": "-中",
        "layer": 50,
        "moveX":0
        "moveY":0
        "heatColor": "F3E979FF",
        }
    ]}
    ]},
	"shoot": {
		"type": "ShootMulti",
		"source": {
			"type": "ShootHelix",
			"scl": 10,
			"mag": 1
		},
		"dest": [
			{
				"type": "ShootHelix",
				"mag": 3,
				"scl": 0.75
			}
		]
	},
	"consumes": {
		"power": 41.6667,
		"coolant": {
			"amount": 0.2,
			"optional": true
		}
	},
	"canOverdrive": true,//能否超速
	"coolantMultiplier": 1,//冷却剂倍增器
	"minWarmup": 0.99,//最小预热时间
	"shootWarmupSpeed": 0.08,//子弹预热速度
	"shootSound": "plasmaboom",
	"shootType": {
		"damage": 100,
		"status":"麻痹",
		"statusDuration":300,
		"lifetime": 100,
		"speed": 5,
		"width": 16,
		"height": 16,
		"hitSize": 20,
		"hittable": false,
		"shootEffect": "shootTitan",
		"smokeEffect": "shootSmokeTitan",
		"splashDamage": 80,
		"splashDamageRadius": 32,
		"buildingDamageMultiplier": 0.1,
	"trailChance": 5,
		"trailRotation": true,
		"trailEffect": {
		"type": "ParticleEffect",
		"particles": 1,
		"length": 0,
		"lifetime": 20,
		"sizeFrom": 3,
		"spin": 0,//子弹旋转速度
		"colorFrom": "F3E979FF",//中心颜色
		"colorTo": "D99F6BFF"},//边缘颜色

	"shootEffect": {//攻击特效
		"type": "multiEffect",//多种特效
		"effects": [//特效
		{"type": "WaveEffect",
		"region": "星耀光棱-方",//区域贴图
		"lifetime": 25,//存在时间
		"sizeFrom": 0,
		"sizeTo": 20,
		"strokeFrom": 3.5,
		"strokeTo": 0,
		"colorFrom": "F3E979FF",//中心颜色
		"colorTo": "D99F6BFF"},//边缘颜色
		{
		"type": "ParticleEffect",
		"region": "星耀光棱-方",//区域贴图
		"particles": 6,//粒子数量
		"length": 40,//长度
		"lifetime": 50,//存在时间
		"interp": "circleOut",//中间部分
		"sizeInterp": "pow5Out",//大小部分
		"cone": 360,//角度
		"colorFrom": "F3E979FF",//中心颜色
		"colorTo": "D99F6BFF",//边缘颜色
		"sizeFrom": 5.5,
		"sizeTo": 0
		}	]	}

	"hitEffect": {//碰撞特效
		"type": "multiEffect",//多种特效
		"effects": [//特效
		{"type": "WaveEffect",
		"region": "星耀光棱-方",//区域贴图
		"lifetime": 25,//存在时间
		"sizeFrom": 0,
		"sizeTo": 20,
		"strokeFrom": 3.5,
		"strokeTo": 0,
		"colorFrom": "F3E979FF",//中心颜色
		"colorTo": "D99F6BFF"},//边缘颜色
		{
		"type": "ParticleEffect",
		"region": "星耀光棱-方",//区域贴图
		"particles": 9,//粒子数量
		"length": 40,//长度
		"lifetime": 48,//存在时间
		"interp": "circleOut",//中间部分
		"sizeInterp": "pow5Out",//大小部分
		"cone": 360,//角度
		"colorFrom": "F3E979FF",//中心颜色
		"colorTo": "D99F6BFF",//边缘颜色
		"sizeFrom": 4.5,
		"sizeTo": 0
		}	]	}
	},
	"requirements": [
		{ "item":"纯钛钢","amount":300},
		{ "item":"纯钢","amount":200},
		{ "item":"钍","amount":100},
		{ "item":"铀","amount":200},
		{ "item":"芯片","amount":1},
        { "item":"动能核心","amount":20},
	],
	"category": "turret",
	"research": {
	"parent":"电离"
	"objectives": [
            {
				"type": "SectorComplete",
				"preset": "微风群岛"
			}
	]
	}
	    "researchCostMultiplier": 1,
	        "canOverdrive": true,
}