{
    "type": "ItemTurret",
    "name": "齐射",
    "description": "向敌人发射密集爆炸性子弹",
    "size": 2,
    "health": 1100,
    "recoil": 0,
    "ammoPerShot": 1,
    "range": 400,
    "reload": 20,
    "inaccuracy": 5,
    "rotateSpeed": 2,
    "maxAmmo": 60,
    "targetAir": true,
    "targetGround": true,
    "coolantMultiplier": 2,
    "consumes": {
        "coolant": {
            "amount": 0.75,
            "optional": true
        }
    },
    "shoot": {
        "shots": 8,
        "shotDelay": 15,
        "type": "ShootAlternate",
        "barrels": 4,
        "spread": 2
    },
    "ammoTypes": {
        "钢化玻璃": {
            "reloadMultiplier": 0.8,
            "speed": 10,
            "damage": 10,
            "lifetime": 40,
            "width": 8,
            "height": 12,
            "ammoMultiplier": 2,
            "shootEffect": "shootBig",
            "splashDamageRadius": 25,
            "splashDamage": 10,
            "fragBullets": 4,
            "fragBullet": {
                "speed": 0.5,
                "damage": 12,
                "lifetime": 15,
                "backColor": "FFFFFF",
                "frontColor": "FFFFFF",
                "hitColor": "FFFFFF"
            }
        },
        "塑钢": {
            "reloadMultiplier": 1,
            "speed": 10,
            "damage": 5,
            "lifetime": 40,
            "width": 8,
            "height": 12,
            "ammoMultiplier": 4,
            "shootEffect": "shootBig",
            "splashDamageRadius": 40,
            "splashDamage": 15,
            "fragBullets": 6,
            "backColor": "9CB664FF",
            "frontColor": "CBD97FFF",
            "hitColor": "9CB664FF",
            "fragBullet": {
                "speed": 0.7,
                "damage": 10,
                "lifetime": 15,
                "backColor": "9CB664FF",
                "frontColor": "CBD97FFF",
                "hitColor": "9CB664FF"
            }
        },
        "巨浪合金": {
            "reloadMultiplier": 1,
            "speed": 10,
            "damage": 10,
            "lifetime": 40,
            "width": 8,
            "height": 12,
            "ammoMultiplier": 5,
            "shootEffect": "shootBig",
            "splashDamageRadius": 38,
            "splashDamage": 20,
            "lightningDamage": 10,
            "lightning": 2,
            "lightningLength": 6
        },
        "爆炸混合物": {
            "reloadMultiplier": 1,
            "speed": 10,
            "damage": 8,
            "lifetime": 40,
            "width": 8,
            "height": 12,
            "ammoMultiplier": 5,
            "shootEffect": "shootBig",
            "splashDamageRadius": 60,
            "splashDamage": 20,
            "splashDamage": 8,
			"splashDamageRadius": 11,
			"shootEffect": "shootSmall",
			"hitEffect": "flakExplosion",
			"fragBullets": 2,
			"fragBullet": {
				"damage": 10,
				"speed": 3,
				"width": 3,
				"height": 4,
				"shrinkY": 0,
				"lifetime": 20,
				"splashDamage": 4,
				"splashDamageRadius": 4,
				"hitEffect": "flakExplosion"
			}
        }
    },
    "requirements": [
    "铁/200"
	"铅/500"
	"铜/200"
	"钢化玻璃/100"
    ],
    "category": "turret",
    "research": {
	"parent":"分裂",
	"researchCostMultiplier": 0.1,
			"objectives": [
            {
				"type": "SectorComplete",
				"preset": "零号地区"
			}
			]
		}
}
