{
    "type": "ItemTurret",
	"name": "龙炎",
	"description": "发射龙炎导弹",
	"health": 1800,
	"size": 4,
	"reload":120,
	"range": 800
		"targetGround": true
	"targetAir": true,
		"maxAmmo":200,
    "ammoPerShot": 50,
    "consumes": {
		"coolant": {
			"amount": 0.15,
			"optional": true
		}
	},
    "drawer": {
    "type": "DrawMulti",
    "drawers": [
    {"type": "DrawTurret",
    "parts": [
        {"type": "RegionPart",
        "mirror": true,
        "under":true 
        "x": 0,
        "y": 0,
        "suffix": "-开",
        "layer": 50,
        "moveX":0
        "moveY":10
		"heatColor": "FF9393FF",
        }
        {"type": "RegionPart",
        "mirror": false,
        "under":true 
        "x": 0,
        "y": -10,
        "suffix": "-支架",
        "layer": 50,
        "moveX":0
        "moveY":15
        }
    ]}
    ]},
	"shoot": {
		"shots": 2,
		"shotDelay": 0,
		"type": "ShootBarrel",
		"barrels": [
			-15,5,0,
			15,5,0,
		]
	},
	"ammoUseEffect": "casing2Double",
	"shootSound":"respawn",
	"rotateSpeed": 2,
	"shake":1,
	"ammoTypes": {
             "硫化物": {
	         "type": "BasicBulletType",
             "spawnUnit": "龙炎导弹",
             "speed": 0,
             "shootEffect": {
	             "type": "MultiEffect",
  	             "effects": [
       		         {
	                 "type": "RadialEffect",
	                 "effect": "shootSmokeMissile",
	               	},
	            	{
	                "type": "ParticleEffect",
                  	"particles": 45,
                 	"lifetime": 400,
                 	"sizeFrom": 4,
                   	"sizeTo": 0,
	                "length": 120,
	                "cone": 10,
                  	"interp": "pow10In",
                  	"sizeInterp": "pow5Out",
	                "colorFrom": "FEB380AA",
	                "colorTo": "FEB38000"
               		}
	             ]
	         }
		 }
		 "爆炸混合物": {
	         "type": "BasicBulletType",
             "spawnUnit": "龙炎导弹2",
             "speed": 0,
             "shootEffect": {
	             "type": "MultiEffect",
  	             "effects": [
       		         {
	                 "type": "RadialEffect",
	                 "effect": "shootSmokeMissile",
	               	},
	            	{
	                "type": "ParticleEffect",
                  	"particles": 45,
                 	"lifetime": 400,
                 	"sizeFrom": 4,
                   	"sizeTo": 0,
	                "length": 120,
	                "cone": 10,
                  	"interp": "pow10In",
                  	"sizeInterp": "pow5Out",
	                "colorFrom": "FEB380AA",
	                "colorTo": "FEB38000"
               		}
	             ]
	         }
		 }
		 "硝化爆炸物": {
	         "type": "BasicBulletType",
             "spawnUnit": "龙炎导弹3",
             "speed": 0,
             "shootEffect": {
	             "type": "MultiEffect",
  	             "effects": [
       		         {
	                 "type": "RadialEffect",
	                 "effect": "shootSmokeMissile",
	               	},
	            	{
	                "type": "ParticleEffect",
                  	"particles": 45,
                 	"lifetime": 400,
                 	"sizeFrom": 4,
                   	"sizeTo": 0,
	                "length": 120,
	                "cone": 10,
                  	"interp": "pow10In",
                  	"sizeInterp": "pow5Out",
	                "colorFrom": "FEB380AA",
	                "colorTo": "FEB38000"
               		}
	             ]
	         }
		 }
	}, 
	"requirements": [
{ "item": "纯钛钢", "amount": 200 }
{ "item": "塑钢", "amount": 200 }
{ "item": "硅", "amount": 500 }
{ "item": "纯钢", "amount": 50 }
{ "item": "动能核心", "amount": 10 }
	],
	"category": "turret",
	"research": {
	"parent":"浪涌"
	"objectives": [
            {
				"type": "SectorComplete",
				"preset": "熔岩丘陵"
			}
	]
	}
	    "researchCostMultiplier": 2,
	        "canOverdrive": true,
}