{
	"type": "flyingUnit",
	"name": "刺刀",
	"description": "基础战机，用于人海战术，与尖刀并行。",
	"speed": 0.3,
	"maxVolcity": 0.8,
	"flying": true,
	"hitsize": 4,
	"health": 100,
	"rotateWeapon": true,
	"engineOffset": 5.5,
	"engineSize": 0.5,
	"range":250 ,
	"weapon": {
		"name": "c",
		"bulletWidth": 5,
		"bulletHight": 5,
		"reload": 15,
		"damage": 9,
		"alternate": true,
		"bullet":{
        "speed": 3.5,
        "damage": 9,
		"trailColor":"0000ff",
        "bulletWidth": 8,
        "bulletHeight": 9,
		}
	}
}
