{
	"type": "GroundUnit",
	"name": "攻城锤",
	"description": "重型火炮机甲，以凶残的155口径榴弹炮从敌人的放线中撕开一道裂缝。",
	"speed": 0.03,
	"hitsize":7,
	"mass":10
	"flying": false,
	"health": 1500,
	"range": 256,
	"inaccuracy": 3,
	"targetAir":false,
	"weapon": {
		"name": "155火炮",	
		"reload": 90,
		"length": 1.5,
		"shots":1,
		"shootSound": "artillery",
		"alternate": true,
		"bullet":{
		    "type":"BombBulletType"
		    "damage":90,
		    "hitTiles":true,
		    "collides":true,
		    "speed":10,
		    "lifetime":50,
		    "drag":0.0056,
		    "splashDamage":75,
	        "splashDamageRadius":25,	  
	        "bulletWidth":13,
	        "bulletHeight":13,
            "hitEffect":"explosion",
            "despawnEffect":"explosion",
		}
	}
}
