{
//	"type":"ItemTurret",
	"name":"特效",
    "description":"工厂特效 没有用",
	"size":1,//物品面积
	"health":2,//建筑血量
	"ammoPerShot":1,
	"range":1,//攻击范围
	"reload":1,//60：0.1每秒一个
	"rotatespeed":0.1,//旋转速度
	"maxAmmo":1,//最大弹药
	"targetAir":false//攻击天空
	"targetGround":false,//攻击地面
	"coolantMultiplier":1,
	"heatColor":"#FF0000",
	"hidden":true
	"ammoTypes":{
					"copper": {
		    "reloadMultiplier":1,
			"speed": 1,
			"damage": 1,
			"lifetime":1,
			"width": 1,
			"height": 1,
			"shootEffect": "shootBig" 		},
	},
	"requirements": [
		{ "item": "copper", "amount":2 },
	],
	
	"category": "units",
	"buildVisibility":"debugOnly",
	"research":"none"
	    "drawer":{
"type":"DrawTurret",
"parts":[
{"type":"ShapePart",//后/圆形
"progress":0.9,
   "color": "F5C084FF",
"circle":true,
"hollow":true,
"stroke":0,
"strokeTo":3,
"radius":40,
"layer":110,
"y":0,
},
{"type":"ShapePart",//后/圆形
"progress":0.9,
   "color": "F5C084FF",
"circle":true,
"hollow":true,
"stroke":0,
"strokeTo":5,
"radius":50,
"layer":110,
"y":0,
},

{"type":"HaloPart",//外圈/空正方形
"progress":1,
   "color": "F5C084FF",
"sides":4,
"shapes":4,
"hollow":true,
"stroke":0,
"strokeTo":4,
"radius":2,
"haloRadius":90,
"haloRotateSpeed":-0.3,
"layer":110,
"y":0,
},
  /*  {
    "type": "HaloPart",
    "y": 0,
    "radius": 17,
    "tri": true,
    "layer": 110,
    "color": "F5C084FF",
    "haloRotateSpeed": 1.5,
    "haloRadius": 5,
    "stroke": 19,
    "strokeTo": 2,
    "shapes": 1,
    "triLengthTo": 15,
    "triLength": 15
    },
    {
    "type": "HaloPart",
    "y": 0,
    "radius": 18,
    "tri": true,
    "layer": 110,
    "color": "F5C084FF",
    "haloRotateSpeed": -1.3,
    "haloRadius": 5,
    "haloRadiusTo": 19,
    "stroke": 0,
    "strokeTo": 2,
    "shapes": 2,
    "triLengthTo": 10,
    "triLength": 10
    },
    */

]},
}