{
   // "type":"PowerTurret",
    "name":"电斯", 
    "description":"这东西....\n工厂的反击装置", 
    "health":1,
	"reload":35,
    "shootCone":360,
    "rotateSpeed":0,
	"hasLiquids": false,
    "targetAir" :true,
	"targetGround": true,
    "range":120,
    "shootEffect":{
    "type": "ParticleEffect",
    "particles": 4,
    "length":38,
    "baseLength": 0,
    "lifetime": 13,
    "line": true,
    "lenFrom":8,
    "lenTo":18,
    "strokeFrom": 2,
    "strokeTo": 0,
        "colorFrom": "AD9ECEFF",
        "colorTo": "AD9ECEFF",
        "cone": 360},
    "recoil":0,
    "size":2,
    "shoot":{
	    "type":"ShootSpread",
	    "shots":3
	},
	"inaccuracy": 360,
    "shootSound":"spark",
    "shootY":0,
    "shootType":{
    "type":"LightningBulletType",
    "damage":80,
    "lightningLength":20,
	"ammoMultiplier":1,
    "collidesAir": true},
	"requirements": [
{ "item": "copper", "amount":150},
{ "item": "lead", "amount":80}
],
		"category": "units",
"buildVisibility":"debugOnly",
	"research":"none"
  }