{
	"name": "[blue]战役地图(超限工艺mod)",
	"description": "欢迎来到超限工艺！",
	"health":500,
	"hasShadow":false
	"armor":0,
	"size": 2
	"category": "logic",
	"type": "Wall",
	"buildCostMultiplier":99999999
	"requirements": [
    ]
    "alwaysUnlocked": true,
	"research": {
        "root":true,
        "name": "[blue]战役地图(超限工艺mod)"
       "planet":"serpulo"
        },
            "canOverdrive": false,
            "researchCostMultiplier": 0
            "buildVisibility": "sandboxOnly",
}