{
	"type": "Constructor",
	"name": "小型构筑器",
	"health": 1250,
	"breakable": true,
	"hasPower": true,
	"squareSprite": false,
	"filter": [
	"单位雷达"
	"辅助单位芯片"
	"单位摄像头"
	"推进器原件"
	]
	"canOverdrive": true,
	"minBlockSize": 1,
	"maxBlockSize": 1,
	"size": 2,
	"buildSpeed": 1.2,
	"liquidCapacity": 30,
	"consumes": {
		"power": 12,
	},
	"requirements": [
		"silicon/750",
		"phase-fabric/400",
		"化钢/1200",
	],
	"category": "units",
	"research": {
		"parent": "alpha级辅助单位制造厂",
		"objectives": [
		]
	}
}