{
	"type": "Reconstructor",
	"name": "T5重构工厂",
	"description": "最终科技 即将进入压缩科技",
    "health":3800,
	"size":7,
	   "liquidCapacity": 999,
		  "hasLiquids": true,
		"buildCostMultiplier":0.75
			"consumes":{
				"power":30
						"liquid":{
			"liquid":"water",
			"amount":8
		}
		
	"items": {	
	"items": [
		{ "item": "压缩玻璃", "amount":5000 },
		{ "item": "压缩硅", "amount":8000}
		{ "item": "压缩塑钢", "amount":2000}
		{ "item": "压缩石墨", "amount":1000}
		{ "item": "压缩钛", "amount":5000}
		]
		}
		},
	"upgrades":[
		["零号","终端"],
		["电离","电爆"],
		["嗜血","毒王"],
    ],
	"constructTime":20000,
	"requirements": [
	    { "item": "压缩塑钢", "amount":8000 },
		{ "item": "压缩硅", "amount":5000 },
		{ "item": "铱", "amount":3000}
		{ "item": "压缩石墨", "amount":6000}
		{ "item": "压缩玻璃", "amount":2000}
		
		],
	"category":"units",
	"buildVisibility":"shown",
	"research": {
		"parent": "T4重构工厂",
	},
}