{
    // 基础单位属性
    "name": "质驱", // 单位名称
    "description": "路由器邪教！4.0\n然后没有了", // 单位描述
    "type": "legs", // 单位类型
    "health": 10880, // 生命值
    "armor": 18, // 护甲值（减伤用）
    "speed": 0.35, // 移动速度
    "accel": 0.4, // 加速度
    "drag": 0.1, // 移动阻力
    "hitSize": 32.5, // 碰撞体积
    "rotateSpeed": 0.8, // 旋转速度
    "targetAir": true, // 能否对空
    "targetGround": true, // 能否对地
    "canBoost": false, // 是否可冲刺
    "hovering": true,   // 悬停模式
    "researchCostMultiplier": 0.3,
	"research": "溢流门"
    "weapons": [  // 武器配置
        {
        "name":"质驱2",
            "rotate": true,  // 是否可以旋转
            "rotationLimit": 60,//旋转最大角度
            "rotateSpeed": 1.5,//旋转速度
            "mirror": true,  // 是否镜像
            "top": true,// 是否位于单位顶部
            "shootY":9.5,
            "x": 14,  // 武器在机甲上的X坐标
            "y": -1,  // 武器在机甲上的Y坐标
            "reload": 197,  // 重新装填时间
            "recoil": 2.5,  // 后坐力
            "inaccuracy": 0,  // 射击不精度
			"shootSound": "missileLaunch", //音效
			"shootEffect": "shootPyraFlame",  // 射击特效
      "bullet": {  // 子弹配置
        "keepVelocity": false,  // 子弹是否保持发射时的速度
        "speed": 0,  // 子弹速度（0表示不移动）
        "shootEffect": "none",  // 射击时的特效（无）
        "spawnUnit": "质驱1"  // 子弹命中后生成的单位
        }
      },
    ],
    "hovering": true,              // 悬停模式：身体旋转时腿部保持不动
    "legCount": 6,                 // 腿部数量
    "legMoveSpace": 1,           // 腿部移动间距
    "legPairOffset": 18.5,            // 腿部配对偏移
    "legLength": 32,               // 腿部长度
    "legExtension": -1.4,            // 腿部伸展度
    "legBaseOffset": 6.8,            // 腿部基础偏移
    "stepShake": 0.8,              // 步伐震动强度
    "legLengthScl": 1              // 腿部长度比例
}