{
	"type": "legs",
	"legCount": 8,
	"legLength": 20,
	"legForwardScl": 1.2,
	"legMoveSpace": 1.4,
	"name": "一只怪物",
	"description": "没有可用资料",
    "speed":  0.5
    "hitSize": 22
		"ammoType":{
	"type":"PowerAmmoType",
	"totalPower":2200},
	"ammoCapacity": 700
    "ammoResupplyAmount":1,/*弹药补给倍率 */
    "health": 100000000,
    "armor": 0,
    "drag": 0.2,
    "buildSpeed":7
    "rotateSpeed": 1.5,
    "itemCapacity": 30,
    "hovering":true,
        "targetAir":true,  
    "targetGround":true,
    "abilities": [
		{
        "type": "RepairFieldAbility"
        "amount":1
        "reload": 10
        "range": 0.1
    }
    {
			"type": "SpawnDeathAbility",
			"unit": "航母核爆",
			"amount": 1,
			"randAmount": 0
	},]
	"weapons":[
	{
			"name": "怪物1",
			"reload": 129.6,
			"recoil": 0,
			"x": 0,
			"y": 0,
			"rotate": true,
			"rotateSpeed": 5,
			"mirror": true,
			"inaccuracy": 0.5,
			"ejectEffect": "casing1",
			"shootSound": "火炮",
			"alternate": true,
			"bullet": {
			"type":"BasicBulletType",
			"collidesAir": false
    "collidesGround": true,
			 "type":"BasicBulletType"
	"Damage":310000,	  
	"speed": 10,
				"lifetime": 145,
				"width": 3,
				"height": 8
			}
		}
		{	"name": "怪物2",	
		"reload":39.6,
        "x": 4,  "y": -5, 
        "rotate": true,
        "inaccuracy": 0,
        "rotateSpeed": 5
		"shoot":{
			"shots":1,
			"shotDelay":3
		},
		"mirror":true,
		"shootSound": "核弹发射",
		"alternate": true,
		"ejectEffect":"casing1",
		"bullet":{
		"collidesAir": true
    "collidesGround": true,
	    "damage":8000000,	  
	    "speed":9.5,
	    "lifetime":20,
	    "width":7,	 "height":10
	}	}
	{"name":"建造者 ",
		"type":"RepairBeamWeapon",
		"x":4,"y":2,
		"shootY":6,
		"beamWidth":0.88,
		"mirror":false,
		"repairSpeed":0.5,
		"bullet":{
		"maxRange":190}},
	{"name":"无",
	"type":"PointDefenseWeapon",
	"x":0,"y":5,
	"rotate": true,
	"recoil":0,
	"rotateSpeed":9,
	"reload":960,
	"targetInterval":6,
	"targetSwitchInterval":6,
	"bullet":{
	"speed": 310,"lifetime": 1,
	"shootEffect":"sparkShoot",
	"hitEffect":"pointHit",
	"maxRange":290,
	"damage":10000}},
]
"research": "彩蛋工厂",
    "researchCostMultiplier": 2.5,
     "drownTimeMultiplier":99999999
}