{
	"category": "distribution",
	"type": "ItemBridge",
	"name":"空间传送带桥",
	"requirements": [
		{ "amount":40, "item":"silicon" },
		{ "amount":20, "item":"phase-fabric" },
		{ "amount":1, "item":"空间裂口" },
		{ "amount":40, "item":"graphite" }
	],
	"range":51,
	"canOverdrive":true,
	"health":1000,
	"itemCapacity":100,
	"hasPower":true,
	"placeableLiquid":true,
	"speed": 5,
	"consumes": {"power":0.1},
	"research": "空间裂口",
	"description": "利用空间裂口作为桥梁，快速输送物品。由于维持空间裂口仅需一点能量，所以物美价廉"
}