{   "targetAir":true,
"targetGround":true,
"type":"legs",
"drag": 0.4,
"faceTarget": true,
"flying": false,
"rotateSpeed": 3,
"legBaseOffset": 13,
"legCount": 6,
"legMaxLength": 1.1,
"legMinLength": 0.6,
"legLengthScl": 0.96,
"legForwardScl": 2,
"legExtension": -4,
"legStraightness": 0.3,
"legPhysicsLayer": false,
"legContinuousMove": true,
"lockLegBase": true,
"rippleScale": 0.2,
"legBaseOffset": 5.8,
"legMoveSpace": 0.6,
"legLength": 18, 
"research": "abt1",
"speed":0.9,
"hitSize":17,
"health":1160,
"faceTarget":true,
"armor":3,
"drag":0.4,
"range":130,
"targetAir":false,
"rotateSpeed":3,
"weapons":[
{"name":"abt2z",
"top":false,
"mirror":false,
"x":0,"y":0.5,
"shootSound":"missile",
"reload":110,
"recoil":0,
"shootStatus": "slow",
"shootStatusDuration":30,
"shoot": {
"type": "ShootBarrel",
"barrels": [0,0,4,0,0,0,0,0,-4],
"shots": 3,}
"bullet":{
"keepVelocity": false,
"recoil":1,
"spin": 0,
"frontColor":"DEEDFFFF",
"backColor":"DEEDFFFF"
"width":6,"height":15,
"speed":4,
"lifetime":35,
"damage":44,
"splashDamageRadius":24,
"splashDamage":30,
"collides":true,
        "trailColor":"DEEDFFFF",
"trailParam":2,
"trailWidth":2,"trailLength":8,
"trailEffect":"none",
    "hitEffect":{
"type":"multiEffect",
"effects":[
{"type":"WaveEffect",
"lifetime":25,
"sizeFrom":0,
"sizeTo":20,
"strokeFrom":3.5,
"strokeTo":0,
"colorFrom":"DEEDFFFF",
"colorTo":"DEEDFFFF"},
     ]}
}}
   ]
}
