{   "targetAir":true,
"targetGround":true,
"type":"legs",
"legCount": 6,
"legLength": 19.5,
"legGroupSize": 3,
"lockLegBase": true,
"legContinuousMove": true,
"legExtension": -3,
"legBaseOffset": 7,
"legMaxLength": 1.1,
"legMinLength": 0.2,
"legLengthScl": 0.95,
"legForwardScl": 0.9,
"legMoveSpace": 1,
"allowLegStep": true,
"hovering": true,
"research": "abt2",
"speed": 0.7,
"hitSize": 20,
"health": 3200,
"faceTarget": true,
"armor": 8,
"drag": 0.4,
"range": 200,
"maxRange": 200,
"aimDst": 130,
"targetAir": false,
"rotateSpeed": 2,
"abilities":[
{"type":"ShieldArcAbility",
                "radius":30,
                "angle":120,
                "regen":0.5,
                "cooldown":600,
                "max":640,
                "y":4,
                "width":9,
}],
"weapons":[
{"name":"abt2z",
"top":false,
"mirror":false,
"x":0,"y":0.5,
"shootSound":"missile",
"reload":45,
"recoil":0,
"shootStatus": "slow",
"shootStatusDuration":60,
"shoot": {
"type": "ShootBarrel",
"barrels": [0,0,15,
0,0,-15,
0,0,0,
0,0,10,
0,0,-10,
0,0,0,
0,0,5,
0,0,-5,
0,0,0,
0,0,5,
0,0,-5,
0,0,0,
0,0,10,
0,0,-10,
0,0,0],
"shots": 3,}
"bullet":{
"pierce":true,
"keepVelocity": false,
"recoil":0.6,
"spin": 0,
"frontColor":"DEEDFFFF",
"backColor":"DEEDFFFF"
"width":12,"height":20,
"speed":5,
"lifetime":38,
"damage":64,
"splashDamageRadius":24,
"splashDamage":50,
"collides":true,
"trailColor":"DEEDFFFF",
"trailParam":2,
"trailWidth":2,"trailLength":8,
"trailEffect":"none",
"fragBullets":3,
"fragRandomSpread":0,
"fragSpread":120,
"fragAngle":60,
"fragVelocityMin":0.5,
    "fragVelocityMax":0.5,
    "fragOnHit":true,
"fragBullet":{
"speed": 4,
  "lifetime":8
"type":"BasicBulletType",
"splashDamageRadius":8,
"splashDamage":25,
        "damage":20,
        "trailChance": 1,
"trailRotation": true,
"trailEffect": {
"type": "ParticleEffect",
"particles": 1,
"length": 0,
"lifetime": 20,
"sizeFrom": 2,
"spin": 0,
"colorFrom": "DEEDFFFF",
"colorTo": "DEEDFFFF"},
"shootEffect": {
"type": "multiEffect",
"effects": [
{"type": "WaveEffect",
"lifetime": 25,
"sizeFrom": 0,
"sizeTo": 20,
"strokeFrom": 3.5,
"strokeTo": 0,
"colorFrom": "DEEDFFFF",
"colorTo": "DEEDFFFF"},
{
"type": "ParticleEffect",
"particles": 6,
"length": 40,
"lifetime": 50,
"interp": "circleOut",
"sizeInterp": "pow5Out",
"cone": 360,
"colorFrom": "DEEDFFFF",
"colorTo": "DEEDFFFF",
"sizeFrom": 5.5,
"sizeTo": 0
}]}

"hitEffect": {
"type": "multiEffect",
"effects": [
{"type": "WaveEffect",
"lifetime": 25,
"sizeFrom": 0,
"sizeTo": 20,
"strokeFrom": 3.5,
"strokeTo": 0,
"colorFrom": "DEEDFFFF",
"colorTo": "DEEDFFFF"},
{
"type": "ParticleEffect",
"particles": 9,
"length": 40,
"lifetime": 48,
"interp": "circleOut",
"sizeInterp": "pow5Out",
"cone": 360,
"colorFrom": "DEEDFFFF",
"colorTo": "DEEDFFFF",
"sizeFrom": 4.5,
"sizeTo": 0
}]}
"smokeEffect":"none",
"despawnEffect":"none",
},
"shootEffect":{
"type":"multiEffect",
"effects":[
{"type":"WaveEffect",
"lifetime":25,
"sizeFrom":0,
"sizeTo":20,
"strokeFrom":3.5,
"strokeTo":0,
"colorFrom":"DEEDFFFF",
"colorTo":"DEEDFFFF"},
{
"type":"ParticleEffect",
"particles":9,
"length":40,
"lifetime":48,
"interp":"circleOut",
"sizeInterp":"pow5Out",
"cone":360,
"colorFrom":"DEEDFFFF",
"colorTo":"DEEDFFFF",
"sizeFrom":5.5,
"sizeTo":0
}]}
"hitEffect":{
"type":"multiEffect",
"effects":[
{"type":"WaveEffect",
"lifetime":25,
"sizeFrom":0,
"sizeTo":20,
"strokeFrom":3.5,
"strokeTo":0,
"colorFrom":"DEEDFFFF",
"colorTo":"DEEDFFFF"},
{
"type":"ParticleEffect",
"particles":9,
"length":40,
"lifetime":48,
"interp":"circleOut",
"sizeInterp":"pow5Out",
"cone":360,
"colorFrom":"DEEDFFFF",
"colorTo":"DEEDFFFF",
"sizeFrom":4.5,
"sizeTo":0
}]}
}}]
}
