{
"type":"Drill",
"name":"sand drill",
"description":"",
"health":800,
"rotateSpeed":0,
"liquidCapacity":20,
"size":3,
"warmupSpeed":0.001
"tier":0,
"drillTime":60,
"requirements":[
{"item":"lead","amount":40},
{"item":"chip","amount":20}, 
{"item":"metaglass","amount":24},
{"item":"silicon","amount":26}, 
]
"drawRim":true
"consumes":{
"power": 2.5
"liquid":{"liquid":"water","amount":0.07000001,
"booster":true,"optional":true,    }   },
"liquidBoostIntensity":1.5625,
"category":"production",
"research":"laser-drill",
}