{
    "type": "flying",
    "name": "血影",
    "description": "飞行单位，发射追踪导弹打击敌人",
 "flying":true
 "health":300
 "engineSize":3,
 "speed": 3,
 "hitSize": 5
 "armor": 2
 "research": "空军构建厂",
 "weapons": [
{
      "name": "血影武器"
      "mirror": false,
      "y": 0,
      "x": 0,
      "inaccuracy": 6,
	  "shootSound": "missile",
      "rotate": true,
      "recoil": 2,
      "reload": 15,
    	"bullet":{
	"type":"MissileBulletType",
    "trailLength": 6,
    "trailWidth": 2,
	"homingPower":0.4,
    "damage":18,
    "lifetime":31,
    "speed":3.5,
    "trailColor": "FF5B5B",
	"frontColor":"FF5B5B"
	    "toColor":"FF5B5B"
	    "backColor":"FF5B5B"
	    "hitColor":"FF5B5B"
	    }
	    }
]
    }