{
	"type": "ConsumeGenerator",
	"name": "水流发电机"
	"squareSprite": false,
	"description": "掌控液体之力！(？)",
	"health": 640,
	"size": 2,
	"buildCostMultiplier":1,
	"hasPower": true,
	"hasLiquids": true,
	"consumes": {
		"liquid": {
			"liquid": "water",
			"amount": 0.2
		}
	},
	"drawer": {
		"type": "DrawMulti",
		"drawers": [
		    {
				"type":"DrawDefault"
			},
		    {
				"type":"DrawLiquidRegion",
				//这个type允许使用-liquid贴图
				"drawLiquid":"water"
				//-liquid贴图选用的液体颜色
			},
			{
				"type": "DrawRegion",
				"suffix": "-rotator",
				"rotateSpeed":9,
			},
			{
			    "type": "DrawRegion",
				"suffix": "-top",
			}
		]
	}
	"outputLiquid":"water/0.2",
    "requirements": [
        "铝/45",
        "镍/25"
	],
	"ambientSound":"hum",
	"category": "power",
	"research": "水下核心",
	"placeableLiquid":true,
	"itemCapacity":0, //物品容量
	"liquidCapacity":36, //液体容量
	"powerProduction":0.5, //输出电量
}