{
	"type": "ItemTurret",
	"name": "突刺",
	"description": "",
	"health": 360,
	"size": 2,
	"reload": 25,
	"range": 200,
	"ammoPerShot": 6,
	"maxAmmo":180,
	"consumes": {
		"coolant": {
			"amount": 0.1,
			"optional": true
		}
	},
	"shoot": {
		"shots": 2,
		"shotDelay": 3,
		"type": "ShootAlternate",
		"barrels": 2,
		"spread": 3
	},
		   "shootType": {
	               "trailLength": 3,//拖尾大小
            "trailWidth": 2,
            "trailColor": "D6966AFF",//尾颜色
            }
	"xRand": 1,
	"ammoUseEffect": "casing2Double",
	"inaccuracy": 1,
	"rotateSpeed": 12,
	"shake": 1,
	"ammoTypes": {
		"铝": {
			"speed": 5,
			"damage": 20,
			"lifetime": 40,
			"width": 7,
			"height": 8,
			"ammoMultiplier": 2,
			"shootEffect": "shootSmall"
			"trailLength": 4,//拖尾长度
            "trailWidth": 2.5,//拖位宽度
            "trailColor": "D6966AFF",//拖尾颜
		},
		"强化合金": {
			"reloadMultiplier": 1,
			"speed": 5,
			"damage": 20,
			"lifetime": 40,
			"width": 7,
			"height": 8,
			"ammoMultiplier": 5,
			"shootEffect": "shootSmall"
			"trailLength": 4,//拖尾长度
            "trailWidth": 2.5,//拖位宽度
            "trailColor": "A3C1EFFF",//拖尾颜
		},
	}
	"researchCostMultiplier": 4,
	"requirements": [
		{
			"item": "铝",
			"amount": 60
		},
		{
			"item": "强化合金",
			"amount": 45
		}
	
	],
	"category": "turret",
	"research": "水下核心"
}