{
"type":"Drill",
"name":"扭矩钻头",
"description":"挖掘强度更高\n可以开采沉积板",
"health":430,
"rotateSpeed":1,
"liquidCapacity":10,
"liquidBoostIntensity":1.8,
"itemCapacity":10,
"size":2,
"tier":3,
"drillTime":460,
"drawRim":true,
"updateEffectChance":0.03,
"warmupSpeed":0.1,
"drawMineItem":false,
"researchCostMultiplier":1.5,
"requirements":[
{"item":"铝","amount":24},
{"item":"镍","amount":30},
{"item":"强化合金","amount":26},
{"item":"graphite","amount":16},
],
"category":"production",//游戏界面分类
"research":"2-离子挖掘机",//科技树前一项
"solid":true,//是否是固体
}