{
"type":"ItemTurret",
	"name":"裂光",
    "description":"chuachuachua",
	"size":3,//物品面积
	"health":1600,//建筑血量
	"ammoPerShot":1,
	"shake":0.75
	"range":180,//攻击范围
	"reload":16,//60：0.1每秒一个
	"inaccuracy":0,//误差
	"shootSound":"shootAlt",
	"recoil": 1,
	                  "ammoUseEffect": "casing2",
	"rotatespeed":1.5,//旋转速度
	"maxAmmo":10,//最大弹药
	"targetAir":true//攻击天空
	"targetGround":true,//攻击地面
		"canOverdrive": false,
	"coolantMultiplier":4,
	"heatColor":"#FFC5A4FF",
	"consumes": {
	"power":2,
        "coolant": {
            "amount": 0.25,
            "optional": true
        }
    },
    "requirements": [
		{ "item": "beryllium", "amount":200 },
		{ "item": "graphite", "amount":100 },
		{ "item": "silicon", "amount":150 },
		{ "item": "铬", "amount":100 },
	],
	"category": "turret",
	"research": {
	"parent": "breach"//科技树前置
	"requirements": [//研究花费
	"beryllium/1000",
	"graphite/500",
	"silicon/750",
	"铬/500",
	]
	}
	"shootY":1
"shoot":{
"shots":2,
"shotDelay":5,
"type": "ShootBarrel",
        "barrels": [
        -6,0,0,
        6,0,0,
        ]
}
    "ammoTypes": {
    "beryllium":{
    "speed": 4,
    "buildingDamageMultiplier":0.25,
			"damage": 32,
			"reloadMultiplier":1,
			"lifetime":45,
			"width": 8,
			"height": 8
			"shootEffect": "shootBig"
			"ammoMultiplier":4
//			"pierceCap":2,
			"trailLength": 10,
        "trailWidth": 2,
        "hitEffect":"flakExplosionBig"
        "frontColor": "B8FFA7FF",
        "backColor": "FFFFFFFF",
        "trailColor": "B8FFA7FF",
        "splashDamageRadius":16,
        "splashDamage":22,
        "homingRange":40,
        "homingPower":0.01
        "hitShake":0.75
"hitEffect": {/*击中特效*/
"type":"multiEffect",
"effects":[
{
			"type": "ParticleEffect",
			"line": true,
			"particles": 4,
			"lifetime": 20,
			"length": 16,
			"cone": 360,
			"lenFrom": 4,
			"lenTo": 4,
			"strokeFrom": 1.5,
			"strokeTo": 0,
			//"lightColor": "FF5845",
			//"colorFrom": "FFDCD8",
		//	"colorTo": "FF5845"
		},
		{
"type":"WaveEffect",
"lifetime": 15,
"colorFrom":"B8FFA7FF",//颜色从
"colorTo":"B8FFA700",//颜色至
"lightColor":"B8FFA7FF",//浅色
"sizeFrom":0,//开始时圆环直径
"sizeTo":16,//结束时圆环直径
"lightScl":3.0,//轻量级
"lightOpacity":0.5,//光不透明
"sides":-1,//双方//效果不明
"rotation":-1,//回转//效果不明
"strokeFrom":2.5,//开始时圆形宽度
"strokeTo":0,//结束时圆环宽度
//"interp":linear,//插值
//"lightInterp":reverse,//插值
"offsetX":0,//偏转x
"offsetY":0//偏转y
"startDelay":0,//开始延迟
}
		]
		}
		"shootEffect":{/*开火特效*/
"type":"multiEffect",
"effects":[
        {
"type":"WaveEffect",
"lifetime": 15,
"colorFrom":"B8FFA7FF",//颜色从
"colorTo":"B8FFA700",//颜色至
"lightColor":"B8FFA7FF",//浅色
"sizeFrom":0,//开始时圆环直径
"sizeTo":8,//结束时圆环直径
"lightScl":3.0,//轻量级
"lightOpacity":0.5,//光不透明
"sides":-1,//双方//效果不明
"rotation":-1,//回转//效果不明
"strokeFrom":2.5,//开始时圆形宽度
"strokeTo":0,//结束时圆环宽度
//"interp":linear,//插值
//"lightInterp":reverse,//插值
"offsetX":5,//偏转x
"offsetY":0//偏转y
"startDelay":0,//开始延迟
}
]
}
    },
    "graphite":{
    "speed": 4,
    "buildingDamageMultiplier":0.25,
			"damage": 38,
			"reloadMultiplier":0.8,
			"lifetime":45,
			"width": 8,
			"height": 8
			"shootEffect": "shootBig"
			"ammoMultiplier":4
//			"pierceCap":2,
			"trailLength": 10,
        "trailWidth": 2,
        "hitEffect":"flakExplosionBig"
        "frontColor": "D0DFFFFF",
        "backColor": "FFFFFFFF",
        "trailColor": "D0DFFFFF",
        "splashDamageRadius":16,
        "splashDamage":25,
        "homingRange":40,
        "homingPower":0.01
        "hitShake":0.75
"hitEffect": {/*击中特效*/
"type":"multiEffect",
"effects":[
{
			"type": "ParticleEffect",
			"line": true,
			"particles": 4,
			"lifetime": 20,
			"length": 16,
			"cone": 360,
			"lenFrom": 4,
			"lenTo": 4,
			"strokeFrom": 1.5,
			"strokeTo": 0,
			//"lightColor": "FF5845",
			//"colorFrom": "FFDCD8",
		//	"colorTo": "FF5845"
		},
		{
"type":"WaveEffect",
"lifetime": 15,
"colorFrom":"D0DFFFFF",//颜色从
"colorTo":"D0DFFF00",//颜色至
"lightColor":"D0DFFFFF",//浅色
"sizeFrom":0,//开始时圆环直径
"sizeTo":16,//结束时圆环直径
"lightScl":3.0,//轻量级
"lightOpacity":0.5,//光不透明
"sides":-1,//双方//效果不明
"rotation":-1,//回转//效果不明
"strokeFrom":2.5,//开始时圆形宽度
"strokeTo":0,//结束时圆环宽度
//"interp":linear,//插值
//"lightInterp":reverse,//插值
"offsetX":0,//偏转x
"offsetY":0//偏转y
"startDelay":0,//开始延迟
}
		]
		}
		"shootEffect":{/*开火特效*/
"type":"multiEffect",
"effects":[
        {
"type":"WaveEffect",
"lifetime": 15,
"colorFrom":"D0DFFFFF",//颜色从
"colorTo":"D0DFFF00",//颜色至
"lightColor":"D0DFFFFF",//浅色
"sizeFrom":0,//开始时圆环直径
"sizeTo":8,//结束时圆环直径
"lightScl":3.0,//轻量级
"lightOpacity":0.5,//光不透明
"sides":-1,//双方//效果不明
"rotation":-1,//回转//效果不明
"strokeFrom":2.5,//开始时圆形宽度
"strokeTo":0,//结束时圆环宽度
//"interp":linear,//插值
//"lightInterp":reverse,//插值
"offsetX":5,//偏转x
"offsetY":0//偏转y
"startDelay":0,//开始延迟
}
]
}
    },
    "铬":{
    "speed": 4,
    "buildingDamageMultiplier":0.25,
			"damage": 28,
			"reloadMultiplier":1.5,
			"lifetime":45,
			"width": 8,
			"height": 8
			"shootEffect": "shootBig"
			"ammoMultiplier":7
//			"pierceCap":2,
			"trailLength": 10,
        "trailWidth": 2,
        "hitEffect":"flakExplosionBig"
        "frontColor": "A2A5AFFF",
        "backColor": "FFFFFFFF",
        "trailColor": "A2A5AFFF",
        "splashDamageRadius":16,
        "splashDamage":18,
        "homingRange":40,
        "homingPower":0.01
        "hitShake":0.5
"hitEffect": {/*击中特效*/
"type":"multiEffect",
"effects":[
{
			"type": "ParticleEffect",
			"line": true,
			"particles": 4,
			"lifetime": 20,
			"length": 16,
			"cone": 360,
			"lenFrom": 4,
			"lenTo": 4,
			"strokeFrom": 1.5,
			"strokeTo": 0,
			//"lightColor": "FF5845",
			//"colorFrom": "FFDCD8",
		//	"colorTo": "FF5845"
		},
		{
"type":"WaveEffect",
"lifetime": 15,
"colorFrom":"A2A5AFFF",//颜色从
"colorTo":"A2A5AF00",//颜色至
"lightColor":"A2A5AFFF",//浅色
"sizeFrom":0,//开始时圆环直径
"sizeTo":16,//结束时圆环直径
"lightScl":3.0,//轻量级
"lightOpacity":0.5,//光不透明
"sides":-1,//双方//效果不明
"rotation":-1,//回转//效果不明
"strokeFrom":2.5,//开始时圆形宽度
"strokeTo":0,//结束时圆环宽度
//"interp":linear,//插值
//"lightInterp":reverse,//插值
"offsetX":0,//偏转x
"offsetY":0//偏转y
"startDelay":0,//开始延迟
}
		]
		}
		"shootEffect":{/*开火特效*/
"type":"multiEffect",
"effects":[
        {
"type":"WaveEffect",
"lifetime": 15,
"colorFrom":"A2A5AFFF",//颜色从
"colorTo":"A2A5AF00",//颜色至
"lightColor":"A2A5AFFF",//浅色
"sizeFrom":0,//开始时圆环直径
"sizeTo":8,//结束时圆环直径
"lightScl":3.0,//轻量级
"lightOpacity":0.5,//光不透明
"sides":-1,//双方//效果不明
"rotation":-1,//回转//效果不明
"strokeFrom":2.5,//开始时圆形宽度
"strokeTo":0,//结束时圆环宽度
//"interp":linear,//插值
//"lightInterp":reverse,//插值
"offsetX":5,//偏转x
"offsetY":0//偏转y
"startDelay":0,//开始延迟
}
]
}
    },
    }
}