{
	"type":"ShockMine",
	"category":"effect",

	"size":1,
	"hasShadow":false,
	"underBullets":true,
	"health":60,
	"tileDamage":60,
	"damage":300,
	"length":0,
	"tendrils":6,
	"lightningColor":"FF401FFF",

	"research":{
	"parent":"staggered",
	"requirements":[
	"nickel/2500",
	"tungsten/750",
	"graphite/2000",
	"silicon/2500"
	]	},

	"requirements":[
	"nickel/100",
	"tungsten/50",
	"graphite/80",
	"silicon/100"
	],

	"destroyBullet":{
		"type":"BasicBulletType",
		"damage":60,
		"splashDamageRadius":40,
		"splashDamage":400,
		"sprite":"none",
		"backColor":"FF9683FF",
		"frontColor":"FFC9BEFF",
		"width":4,"height":4,
		"hitSound":"plasmaboom",
		"buildingDamageMultiplier":0.01,

	"despawnEffect":{
	"type":"MultiEffect",
	"effects":[
	{"type":"WaveEffect",
	"lifetime":30,
	"sizeFrom":0,
	"sizeTo":60,
	"strokeFrom":7.5,
	"strokeTo":0,
		"colorFrom":"FF9683FF",
		"colorTo":"FFC9BEFF"
	},
	{"type":"ParticleEffect",
	"offset":30,
	"particles":12,
	"lifetime":40,
	"length":100,
	"interp":"circleOut",
	"sizeInterp":"pow5In",
	"cone":-360,
	"line":true,
	"strokeFrom":1.5,
	"strokeTo":1.5,
	"lenFrom":5,
	"lenTo":5,
	"lightColor":"FFC9BEFF",
		"colorFrom":"FF9683FF",
		"colorTo":"FFC9BEFF"
	},
	{"type":"ParticleEffect",
	"offset":30,
	"particles":12,
	"lifetime":60,
	"length":50,
	"interp":"circleOut",
	"sizeInterp":"pow5In",
	"cone":-360,
	"line":true,
	"strokeFrom":1.5,
	"strokeTo":1.5,
	"lenFrom":7,
	"lenTo":7,
	"lightColor":"FFC9BEFF",
		"colorFrom":"FF9683FF",
		"colorTo":"FFC9BEFF"
	},
	{"type":"ParticleEffect",
	"particles":7,
	"length":45,
	"lifetime":120,
	"interp":"pow3Out",
	"sizeInterp":"pow5In",
	"offset":30,
		"colorFrom":"FF9683FF",
		"colorTo":"FFC9BEFF",
	"sizeFrom":15,
	"sizeTo":0
	}	]	},
		"hitEffect":"none",
		"collidesAir":false,
		"collides":false,
		"hittable":false,
		"absorbable":false,
		"instantDisappear":true,
		"speed":0
	}
}