{
//	"type":"ItemTurret",
	"category":"turret",

	"drawer":{
		"type":"drawTurret",
		"basePrefix":"vitospp-",
	"parts":[
		{"type":"RegionPart",
		"suffix":"-barrel-1",
		"mirror":false,
		"recoilIndex":0,
		"moveY":-2,
		"progress":"recoil",
	"heatProgress":{
		"type":"recoil",
		"op":"blend",
		"amount":0,
		"other":0,
		"recoilIndex":0
		}	},
		{"type":"RegionPart",
		"suffix":"-barrel-2",
		"mirror":false,
		"recoilIndex":1,
		"moveY":-2,
		"progress":"recoil",
	"heatProgress":{
		"type":"recoil",
		"op":"blend",
		"amount":0,
		"other":0,
		"recoilIndex":1
		}	},
		{"type":"RegionPart",
		"suffix":"-barrel-3",
		"mirror":false,
		"recoilIndex":2,
		"moveY":-2,
		"progress":"recoil",
	"heatProgress":{
		"type":"recoil",
		"op":"blend",
		"amount":0,
		"other":0,
		"recoilIndex":2
		}	},

		{"type":"RegionPart",
		"mirror":true,
		"layerOffset":-0.003,
		"outlineLayerOffset":0.001,
		"moveX":4,
		"moveY":-4,
		"suffix":"-wing",
		"children":[
		{"type":"RegionPart",
		"layerOffset":0.001,
		"blending":"additive",
		"colorTo":"8ca9e8",
		"color":"8ca9e800",
		"mirror":true,
		"outline":false,
		"suffix":"-wing-glow",
		"progress":{
		"type":"recoil",
		"op":"blend",
		"other":"heat",
		"amount":0.2
		}	}	]
		}	]	},

	"research":{
	"parent":"asteroid",
	"requirements":[
	"processor-junior/1000",
	"plastanium/300",
	"silicon/1500"
	]	},

	"requirements":[
	"processor-junior/100",
	"plastanium/150",
	"silicon/150"
	],

	"consumes":{
	"coolant":{"amount":0.1,"optional":true}	},

	"shoot":{
	"type":"ShootAlternate",
	"barrels":3,
	"spread":8
	},

	"size":4,
	"scaledHealth":250,
	"rotateSpeed":4,
	"reload":5,
	"ammoPerShot":1,
	"maxAmmo":54,
	"liquidCapacity":54,
	"range":320,
	"inaccuracy":2,
	"squareSprite":false,
	"targetGround":false,
	"targetAir":true,
	"shootSound":"shockBlast",
	"shootCone":45,
	"recoils":3,

	"ammoTypes":{
	"chromium":{
		"type":"basicBulletType",
		"sprite":"missile-large",
		"frontColor":"BFC8E2FF",
		"backColor":"929DB5FF",
		"width":8,"height":12,
		"speed":12,
		"lifetime":27,
		"shrinkY":0,"shrinkX":0,
		"damage":72,
		"buildingDamageMultiplier":0.3,
	"collidesGround":false,
		"pierceCap":3,
		"pierce":true,
		"homingRange":56,
		"homingDelay":0,
		"homingPower":0.05,

		"hitSound":"cannon",
		"hitShake":1,
		"hitColor":"DEEDFFFF",

		"hitEffect":{
		"type":"ParticleEffect",
		"offset":30,
		"particles":10,
		"lifetime":25,
		"length":30,
		"interp":"circleOut",
		"sizeInterp":"pow5In",
		"cone":75,
		"line":true,
		"strokeFrom":1.5,
		"strokeTo":1.5,
		"lenFrom":7,
		"lenTo":0,
		"lightColor":"929DB5FF",
		"colorFrom":"BFC8E2FF",
		"colorTo":"929DB5FF"
		},

		"despawnHit":true,
	"shootEffect":{
		"type":"ParticleEffect",
		"region":"calamity-prism",
		"particles":5,
		"length":50,
		"lifetime":20,
		"interp":"circleOut",
		"sizeInterp":"pow5Out",
		"cone":35,
		"colorFrom":"BFC8E2FF",
		"colorTo":"929DB5FF",
		"sizeFrom":5.5,
		"sizeTo":0
		},

		"trailParam":2,
		"trailWidth":2,"trailLength":5,
		"trailRotation":true,
		"trailInterval":1,
		"trailEffect":"disperseTrail",
		"trailColor":"BFC8E2FF"
	},

	"processor-junior":{
		"type":"basicBulletType",
		"sprite":"missile-large",
		"frontColor":"BFC8E2FF",
		"backColor":"929DB5FF",
		"width":8,"height":12,
		"speed":12,
		"lifetime":32,
		"shrinkY":0,"shrinkX":0,
		"damage":58,
		"buildingDamageMultiplier":0.3,
	"collidesGround":false,
		"homingRange":480,
		"homingDelay":0,
		"homingPower":0.725,
		"reloadMultiplier":1.2,
		"rangeChange":64,

		"hitSound":"cannon",
		"hitShake":1,
		"hitColor":"DEEDFFFF",

		"hitEffect":{
		"type":"ParticleEffect",
		"offset":30,
		"particles":10,
		"lifetime":25,
		"length":30,
		"interp":"circleOut",
		"sizeInterp":"pow5In",
		"cone":75,
		"line":true,
		"strokeFrom":1.5,
		"strokeTo":1.5,
		"lenFrom":7,
		"lenTo":0,
		"lightColor":"929DB5FF",
		"colorFrom":"BFC8E2FF",
		"colorTo":"929DB5FF"
		},

		"despawnHit":true,
	"shootEffect":{
		"type":"ParticleEffect",
		"region":"calamity-prism",
		"particles":5,
		"length":50,
		"lifetime":20,
		"interp":"circleOut",
		"sizeInterp":"pow5Out",
		"cone":35,
		"colorFrom":"BFC8E2FF",
		"colorTo":"929DB5FF",
		"sizeFrom":5.5,
		"sizeTo":0
		},

		"trailParam":2,
		"trailWidth":2,"trailLength":5,
		"trailRotation":true,
		"trailInterval":1,
		"trailEffect":"disperseTrail",
		"trailColor":"BFC8E2FF"
	}	}
}