{
	"displayName":"Calamity",
	"name":"Calamity",
	"subtitle":"v1.1.1.5+ The End Has Come!",
	"version":"v1.1.1.5+"
	"description":"一个以泰拉瑞亚灾厄旧传说为原型建设的Mod，正在持续更新中，目前已经拥有300+内容！\nMod战役讲究速杀流，第一次游玩请注意。\n在游玩过程中，如有发现问题，请向作者反馈。\nMod官方QQ交流群：660168686\n制作人员\n裙带菜-Undaria-：主要代码、主要贴图、美术主监，\n-Yoxilis-：战役地图，\n晓晨(见微)：地形贴图，\nPardon：js,\nMactiv：音频、音乐，\nFaccbk24：逻辑、蓝图，\nDOC-A-7244：bundle编写，\n贡献者：\nMiner：钨钢装甲蛇js，单位id\nMod招收一名环境贴图画师及语言翻译者\n\nA mod based on the old legend of the Terraria Calamity is being continuously updated and currently has over 300 contents! \nThe Mod campaign emphasizes quick kill flow, please pay attention to it when playing for the first time. \nIf you encounter any problems during the gameplay, please provide feedback to the author. \nProduction personnel:\n-Undaria-: maincode, main sprites,art supervisor,\n-Yoxilis-: maps,\n晓晨(见微): environment sprites,\nPardon: js,\nMactiv: Audio,Music,\nFaccbk24: Logic,Schematics, \nDOC-A-7244: Bundle,\nContributor:\nMiner: Wulfrum Armored Snake JS, Unit ID\nMod recruits an environment sprites painter and language translator",
	"author":"裙带菜-Undaria-",
	"minGameVersion":147,
	"maxGameVersion":148
}