{
    "name": "锡合金闸门",
    "description": "当己方地面单位在范围内时自动打开。无法手动控制。",
    "type": "AutoDoor",
    "health": 2940,
    "armor": 10,
    "size": 2,
    "group": "walls",
    "category":"defense",
    "insulated": false,
    "absorbLasers": false,
    "research":{
	"parent":"bbbb大型锡合金墙",
	"requirements":[
	"铁/280",
	"锡/280",
	"silicon/280"
	]	},

	"requirements":[
	"铁/28",
	"锡/28",
	"silicon/28"
	],
	"buildCostMultiplier": 2.821676
}