{
"type": "Drill",
"size": 3,
"health": 685,
"tier": 3,
"drillTime": 260,
"liquidBoostIntensity":2,
"canOverdrive": true,
"warmupSpeed": 0.02,
"drillEffect": "mineBig",
"updateEffect": "mineBig",
"rotateSpeed": 2,
"drawMineItem": true,
"consumes": {
"liquid": {
"liquid": "water",
"amount": 0.3,
"booster": true,
"optional": true
}
},
"itemCapacity": 20,
"liquidCapacity": 20,
"requirements": [
   { "item": "copper", "amount":50},
   { "item": "lead", "amount":64},
   { "item": "graphite", "amount":50}
   ],
"category": "production",
"research": "pneumatic-drill"
}
