{
  "localizedName": "血裔",
  "description": "快速发射一连串追踪子弹攻击敌方空军，能有效的遏制空中的袭击，能够加速耗电建筑",
  "type": "PowerTurret",
  "squareSprite": false,
  "outlineColor": "36363CFF",
  "targetAir": true,
  "targetGround": true,
  "size": 3,
  "health": 1860,
  "reload": 10,
  "range": 360,
  "shootY": 4,
  "minWarmup": 0.85,
  "shootWarmupSpeed": 0.05,
	"shoot": {
    "type": "shootBarrel",
    "shots": 3,//每轮发射数量
    "barrels": [-6,8,0,0,0,0,6,8,0],//炮口位置（左右，前后，倾斜）
}
  "recoil": 2,
  "recoilTime":20,
  "rotateSpeed": 3,
  "shootSound": "bolt",
  "consumes": {
    "power": 8
  },
  "hasPower": true,
  "shootType": {
    "type": "EmpBulletType",
    "unitDamageScl": 1.25,
    "speed": 8,
    "lifetime": 46,
    "shootEffect": {
      "type": "multiEffect",
      "effects": [
        {
          "type": "ParticleEffect",
          "particles": 6,
          "length": 40,
          "cone": 10,
          "lifetime": 56,
          "interp": "circleOut",
          "colorFrom": "FF5547FF",
          "colorTo": "CD4238FF",
          "sizeFrom": 3.5,
          "sizeTo": 0
        },
        {
          "type": "ParticleEffect",
          "line": true,
          "particles": 5,
          "cone": 10,
          "lifetime": 55,
          "length": 75,
          "lenFrom": 8,
          "lenTo": 0,
          "colorFrom": "FF5547FF",
          "colorTo": "CD4238FF"
        }
      ]
    },
    "hitEffect": {
      "type": "multiEffect",
      "effects": [
        {
          "type": "WaveEffect",
          "lifetime": 25,
          "sizeFrom": 0,
          "sizeTo": 20,
          "strokeFrom": 3.5,
          "strokeTo": 0,
          "colorFrom": "FF5547FF",
          "colorTo": "CD4238FF"
        },
        {
          "type": "ParticleEffect",
          "line": true,
          "particles": 5,
          "cone": 10,
          "lifetime": 55,
          "length": 75,
          "lenFrom": 8,
          "lenTo": 0,
          "colorFrom": "FF5547FF",
          "colorTo": "CD4238FF"
        }
      ]
    },
    "despawnHit": true,
    "frontColor": "E4FDFFFF",
    "backColor": "CD4238FF",
    "trailColor": "CD4238FF",
    "trailParam": 5,
    "trailLength": 10,
    "trailWidth": 1.5,
    "trailEffect": "none",
    "damage": 15,
    "pierce": true,
    "pierceCap":6,
	"pierceDamageFactor": 0.5,
	"timeIncrease": 1.5,//加速倍率
    "timeDuration": 60,//加速持续时间
    "homingPower": 0.3,
    "homingRange": 64,
    "width": 8,
    "height": 15,
    "shrinkY": 0,
    "shrinkX": 0,
    "sprite": "启航-spear"
  },
	"requirements": [//建造消耗
	"铝/60",
	"钢/80",
	"硅晶玻璃/80",	
	"锡/100",	
	"铁/100",	
	],
  "category": "turret",
  "research": "ib-01日暮"
  "drawer":{//
	"type":"drawTurret",//
	"basePrefix":"红-"//底座前缀
	}
}