 {
  "type": "GenericCrafter",
  "name": "Big Graphite Press",
  "description": "A large press that produces graphite in bulk without the need for water. Efficient for mass production setups.",
  "size": 3,
  "health": 280,
  "hasItems": true,
  "itemCapacity": 16,
  "craftTime": 58,
  "buildCostMultiplier": 0.45,
  "updateEffect": "coalSmeltsmoke",
  "requirements": [
    {
      "item": "copper",
      "amount": 130
    },
    {
      "item": "lead",
      "amount": 60
    }
  ],
  "consumes": {
    "items": {
      "items": [
        {
          "item": "coal",
          "amount": 2
        }
      ]
    }
  },
  "category": "crafting",
  "research": {
    "block": "kiln",
    "parent": "graphite-press"
  },
  "outputItem": {
    "item": "graphite",
    "amount": 4
  }
}