{
	"name": "归零合金墙",//名字
	"description": "肥肠的nb，肥肠的强大",//介绍
	"type": "Wall",//类型
	"health":1200,//血量
	"size":1 ,//边长
	"armor":20,
	"requirements": [
		{ "item": "归零合金", "amount":6}
	],
	"category": "defense",//不能改
	"research": "surge-wall"//科技树位置（此为铜墙）
"absorbLasers":true,//吸收激光（塑钢墙同款）
"deflect": true,//反弹子弹
"chanceDeflect":5,//反弹概率（1=1%）
"lightningChance":0.025//放电概率（1=100%）
"lightningDamage":60//闪电伤害
"lightningLength":16//闪电长度（1=0.5格）
}