{
    "type": "PowerTurret",
    "name": "石墨墙",
    "description": "通电后可以淦敌人\n不通电就是个普普通通的墙",
//    "targetAir": false,
"buildCostMultiplier":3
    "targetGround": true,
    "health": 700,
    "size": 1,
    "heatColor": "turretHeat",
    "shake": 0,
    "inaccuracy": 1,
    "recoil":0 ,
    "shootSound":"pew"
        "reload": 60,
    "rotateSpeed": 2.5,
    "range": 30,
    "category": "turret",
    "research": "copper-wall",
//    "restitution": 0.1,
    "shoot":{
    "shots":1,
    "shotDelay":0,
    }
    "shootType": {
"speed":2,
"lifetime":15
"damage":10,
"width":6
"height":7
}
    "coolantMultiplier":1,
    "consumes": {
        "power": 0.05,
    },
"requirements": [
		{ "item": "copper", "amount":3 },
		{ "item": "lead", "amount":3 },
		{ "item": "graphite", "amount":6 },
	],
	"category": "defense",
}