{
    "type": "PowerTurret",
    "name": "大型石墨墙",
    "description": "通电后可以淦敌人\n不通电就是个普普通通的墙",
//    "targetAir": false,
"buildCostMultiplier":3
    "targetGround": true,
    "health": 2800,
    "size": 2,
    "heatColor": "turretHeat",
    "shake": 0,
    "inaccuracy": 0,
    "recoil":0 ,
    "shootSound":"pew"
        "reload": 30,
    "rotateSpeed": 3,
    "range": 40,
    "category": "turret",
    "research": "c2石墨墙",
//    "restitution": 0.1,
    "shoot":{
    "shots":2,
    "shotDelay":4,
    }
    "shootType": {
"speed":4,
"lifetime":10
"damage":10,
"width":6
"height":7
}
    "coolantMultiplier":1,
    "consumes": {
        "power": 0.2,
    },
"requirements": [
		{ "item": "copper", "amount":12 },
		{ "item": "lead", "amount":12 },
		{ "item": "graphite", "amount":24 },
	],
	"category": "defense",
}