{
	"type": "UnitAssembler",
	"name": "大型飞船装配厂", 
	"description": "可以直接构建T5级别飞船 可以通过在构造边界增加基本装配厂模块来构建T6级别的飞船"
	"health": 6000,
	"size": 5,
	"liquidCapacity": 90,
	"consumes": {
		"power": 6,	
		"liquids":{
	    "liquids":[
	{ "liquid": "cyanogen", "amount": 0.3},
	]  },
	},
	"areaSize": 13,
	"plans": [
		{
			"unit": "disrupt",
			"time": 7200,
			"requirements": [
				"carbide-wall-large/20",
				"avert/6"
			]
		}	
		{
			"unit": "毁灭",
			"time": 10800,
			"requirements": [
				"carbide-wall-large/15",
				"beryllium-wall-large/15"
				"avert/4"	
				"elude/6"
			]
		}
	],
	"droneType": "assembly-drone",
	"requirements": [
		"silicon/800",
		"tungsten/600",
		"oxide/500",
		"carbide/300"
		"thorium/500"
	],
	"research":"ship-assembler"
	"category": "units"
}