{
	"type": "UnitAssembler",
	"name": "大型坦克装配厂", 
	"description": "可以直接构建T5级别坦克 可以通过在构造边界增加基本装配厂模块来构建T6级别的坦克"
	"health": 6000,
	"size": 5,
	"liquidCapacity": 90,
	"consumes": {
		"power": 6,	
		"liquids":{
	    "liquids":[
	{ "liquid": "cyanogen", "amount": 0.2},
	]  },
	},
	"areaSize": 13,
	"plans": [
		{
			"unit": "conquer",
			"time": 7200,
			"requirements": [
				"carbide-wall-large/20",
				"locus/6"
			]
		}	
		{
			"unit": "帝王",
			"time": 12000,
			"requirements": [
				"carbide-wall-large/15",
				"tungsten-wall-large/15"
				"locus/6"	
				"stell/6"
			]
		}
	],
	"droneType": "assembly-drone",
	"requirements": [
		"silicon/1000",
		"tungsten/700",
		"oxide/600",
		"carbide/300"
		"thorium/500"
	],
	"research":"tank-assembler" 
	"category": "units"
}