{
    "name": "复式爆混捆合器",
    "type": "GenericCrafter",
    "itemCapacity": 20,
    "health": 1860,
    "size": 3,
    "hasPower": true,
    "hasLiquids": true,
    "hasItems": true,
    "craftTime": 50,
    "updateEffect": true,
    "updateEffect": "explosion",
    "consumes": {
    	"liquid": 
	{"liquid": "oil", "amount": 0.9 }
	"power": 7,
        "items": {
            "items": [{"item": "spore-pod","amount": 2 },
                { "item": "pyratite","amount": 6 },
            ]
        },
    },
  
    "outputItem": { "item": "blast-compound", "amount": 7}
    "requirements": [
        {"item": "titanium","amount": 140},
        { "item": "奇思妙想-铜钛合金","amount": 175 }
        { "amount": 180, "item": "graphite" }
	{ "amount": 100, "item": "metaglass" }
	{ "amount": 145, "item": "奇思妙想-黄钢" }
	{ "amount": 80, "item": "thorium" }
    ],
    "category": "crafting",
    "research": {
	"parent":"blast-mixer"
	"objectives": [
            {
				"type": "SectorComplete",
				"preset": "facility32m"
			}
	]
	}
    "buildCostMultiplier":0.4
}