{
	"type": "Drill",
	"name":"离子轰击井",
    "description": "利用离子流轰击矿脉底部，以快速收集资源",
    "health":1500,
    "itemCapacity":300,
    "tier":5,
    //钻头的开采等级
    "drillTime":50,
    //矿物开采耗时
    "size":5,
    "armor":0
    "group":"drills"
    "hasLiquids": true,
	"alwaysUnlocked":false,
	"liquidCapacity":100,
    "drawRim": true,
    "drawMineItem":true,
    //是否在中心绘画所采矿物的颜色
    "drillEffect": "mineHuge",
    "updateEffect":"healWave",
    "heatColor":"FFFFF2",
    //开采出矿物时的颜色
    "rotateSpeed": 5,//贴图转速
    "warmupSpeed": 0.01,
    //钻头完全启动的速度(一除以(此数值*60)(单位/秒))
    "liquidBoostIntensity":1.4,
    //液体提供的加速效果
	"consumes": {
	    "power":30,
		"liquid": {
			"liquid":"water",
			"amount":1.5,
			"booster": true,
			//加速
			"optional": true
			//可选
		}
	}
    "requirements": [
        "copper/750",
        "titanium/450"
        "铝合金/950"
    ],
	"research": {
		"parent": "mechanical-drill",
	},
  "category":"production",//游戏界面分类
  "research":"airblast-drill",//科技树前一项
  "rebuildable":true,//是否能重建
  }