{
    "name": "前线指挥中心",
    "details": "[red]同一区块内只能建造20个，否则核心将全部自毁",
    "itemCapacity": 2500,
    "hasItems": true,
    "health": 850,
    "unitCapModifier": 2,
    "size": 2,
    "breakable": true,
    "requirements": [
        {
            "item": "silicon",
            "amount":800
        }
        {
            "item": "copper",
            "amount": 500
        }
    ],
    "unitType": "poly",
    "category": "effect",
    "alwaysUnlocked": true
    "research":"初级指挥中心"
}