{
	"type": "GenericCrafter",
	"name": " 兵工厂核心权限组装机器",
	"health": 100000,
	"craftEffect": "pulverizeSmall"
	"description": "在这里可以组装出有着可以弄出兵工厂的核心权限，只有他你才可以知道兵工厂",
		"details":"原宇宙已有，研究费用降低",
	"outputItem": { "item": "兵工厂核心权限", "amount": 1 },
	"alwaysUnlocked": false,
	"size": 3,
		"drawer":{
        "type":"DrawMulti",
        "drawers":[
            "DrawDefault",
			"DrawFlame"
            ]
    },
	"hasPower": false,
	"hasLiquids": false,
	"hasItems": true,
	"craftTime": 60,
	"itemCapacity": 160,
	"consumes": {
    "items": {	 "items": [
    { "item": "假 石墨", "amount": 80}
    { "item": "圣金锭", "amount": 60}
    { "item": "假 硫", "amount": 50 },
    { "item": "假 硅", "amount": 50 },
 	]
  } },
"requirements": [
	{ "item": "假 石墨", "amount": 80 },
	{ "item": "圣金锭", "amount": 60 },
	{ "item": "假 硅", "amount": 50 },
	],
	"category": "crafting",
	"research": "超能 初代核心"
	"researchCostMultiplier": 0.2,
	    "canOverdrive": false,
}