{
	"type": "GenericCrafter",
	"name": " 加工 硅炼厂",
	"health": 32000,
	"craftEffect": "pulverizeSmall"
	"description": "将假 石墨和假 废料混合加热，提取出较纯的硅，工作较慢。",
		"details":"原宇宙已有，研究费用降低",
	"outputItem": { "item": "假 硅", "amount": 1 },
	"alwaysUnlocked": false,
	"size": 3,
		"drawer":{
        "type":"DrawMulti",
        "drawers":[
            "DrawDefault",
			"DrawFlame"
            ]
    },
	"hasPower": false,
	"hasLiquids": false,
	"hasItems": true,
	"craftTime": 60,
	"itemCapacity": 50,
	"consumes": {
    "items": {	 "items": [
    { "item": "假 石墨", "amount": 1}
    { "item": "假 废料", "amount": 2}
 	]
  } },
"requirements": [
	{ "item": "假 石墨", "amount": 60 },
	{ "item": "圣金锭", "amount": 40 },
	],
	"category": "crafting",
	"research": "超能 初代核心"
	"researchCostMultiplier": 0.2,
	    "canOverdrive": false,
}