{
	"type": "GenericCrafter",
	"name": " 圣晶化玻璃工厂",
	"health": 50000,
		"craftEffect": "smoke",//工作特效
	"description": "将石英在高温下镀上圣金锭，从而加工成钢化玻璃",
		"details":"原宇宙已有，研究费用降低",
		"drawer":{
        "type":"DrawMulti",
        "drawers":[
            "DrawDefault",
			"DrawFlame"
            ]
    },
	"outputItem": { "item": "圣晶化玻璃", "amount": 2 },
	"alwaysUnlocked": false,
	"size": 2,
	"hasPower": true,
	"hasLiquids": false,
	"hasItems": true,
	"craftTime": 70,
	"itemCapacity": 15,
	"consumes": {
	"power":1,
    "items": {	 "items": [
    { "item": "圣金锭", "amount": 1}
    { "item": "石英", "amount": 2}
 	]
  } },
"requirements": [
	{ "item": "假 石墨", "amount": 50 },
	{ "item": "圣金锭", "amount": 40 },
	{ "item": "石英", "amount": 20 },
	],
	"category": "crafting",
	"research": "石英工厂"
	"researchCostMultiplier": 0.2,
	    "canOverdrive": false,
}