{
	"type": "GenericCrafter",
	"name": "硅钢加工厂",
	"health": 32000,
	"description": "以钛为基础在其表面镀上一层碳物质，制作成碳钢，制作过程需要水且损耗较大",
	"craftEffect": "pulverizeSmall"
	"updateEffect": "pulverizeMedium",
	"outputItem": { "item": "硅钢", "amount": 1 },
	"alwaysUnlocked": false,
	"size": 3,
	"hasPower": true,
	"hasLiquids": true,
	"hasItems": true,
	"craftTime": 65,
	"itemCapacity": 15,
	"consumes": {
	"power":3,
	"liquid": 
	{"liquid": "假 水", "amount": 0.2 } 
    "items": {	 "items": [
    { "item": "假 硅", "amount": 2}
        { "item": "假 石墨", "amount": 1}
 	]
  } },
"requirements": [
	{ "item": "圣金锭", "amount": 80 },
	{ "item": "假 石墨", "amount": 80 },
	{ "item": "假 硅", "amount": 30 },
	{ "item": "假 钛", "amount": 20 },
	],
	"category": "crafting",
	"research": "加工 硅炼厂"
	"researchCostMultiplier": 1,
	    "canOverdrive": false,
}