{	
  "type":"mech",
	"name":"尖刀·V",
	"description":"搭载自我修复系统，加装高强度力墙发生器",
	"hitSize":8,
	"canDrown":false,
	"armor":15,
	"speed":0.5,
	"rotateSpeed": 2.3,
	"baseRotateSpeed":2.3,
	"health":22400,
	"mechStepParticles":true,
	"mechFrontSway":0.35,
	"mechSideSway":0.10,
	"ammoType":"copper",
	"ammoCapacity": 180,
	//"immunities":["disarmed"],
	"research":"dagger3",
	"engineOffset": 5, 
	"engineSize": 2,
	"abilities": [
		{
			"type": "ForceFieldAbility",
			"sides": 5,
			"radius": 160,
			"max": 1250,
			"regen": 2,
			"cooldown": 80
		},
		{
		"type":"RegenAbility",
			"amount":4
		}
	],
	"weapons":[
		{
		"name": "handGun3",	
		"reload": 8, 
		"x": 4.5,  "y": -0.5, 
		"rotate": false,
		"inaccuracy": 0,
		"alternate": true,
		"top":false,
    		"ejectEffect":"casing1",
    		"bullet":{
      			"damage":26,	  
			"splashDamageRadius":20,
			"splashDamage":51
      			"speed":8,
      			"lifetime":30,
      			"width":8,	 "height":12,
      			"fragBullets": 4,
      			"fragBullet": {
        			"type": "LightningBulletType",
        			"damage": 18,
        			"lightningLength": 12,
        			"lightningLengthRand": 4,
        			"collidesAir": true,
        			"color": "FFFFFF",
        			},
      			}
    		}
	]
}
