{
    "type": "HeatCrafter"
	"name": "巨浪合金厂熔炼厂",
	"description": "硅与矿渣熔炼成巨浪合金。",
	"health":500,
	"itemCapacity":60,
	"outputItem": {"item": "surge-alloy","amount":4},
	"size":4,
	"hasPower": true,
	"hasItems": true,
	"craftTime":90,
	"updateEffect": "smeltsmoke",
	"heatRequirement":15
	"consumes": {
		"power":3.5,
	"items": [
	{ "item": "silicon", "amount":4}
			]
		"liquids":[
		{ "liquid": "slag", "amount":1.3}
		]
	},
	"requirements": [
		{ "item": "graphite", "amount":120},
		{ "item": "tungsten", "amount":120 },
		{ "item": "silicon", "amount":100},
		{ "item": "oxide", "amount":90}
	],
				"drawer":{
        "type":"DrawMulti",
        "drawers":[
            "DrawDefault",
            "DrawFlame"
            ]
    },
	"category": "crafting",
	"research": "surge-crucible",
	"idleSound": "respawning",
	"idleSoundVolume": 0.4
}