{

//copper 铜 lead 铅 coal 煤 spore-pod 孢子荚
//graphite 石墨 silicon 硅 titanium 钛 thorium 钍
//plastanium 塑钢 surge-alloy 巨浪合金 phase-fabric 相织布
//pyratite 硫 blast-compound 爆炸混合物 metaglass 钢化玻璃

	"type":"AttributeCrafter",
	"drawer": {
		"type": "DrawMulti",
		"drawers": [
		    {
				"type":"DrawDefault"
			},
			{
				"type":"DrawLiquidTile",
				"drawLiquid":"砛溶液"
			},
			{
			    "type": "DrawRegion",
				"suffix": "-top",
			}
		]
	}
	"craftEffect":{
	    "type":"MultiEffect"
	    "effects":[
	        "explosion"
	        "absorb"]
	}
	"name":"反物质提取室",
	"outputItem":"反物质/1",
	"itemCapacity":20,
	"liquidCapacity":15
	"health":400,
	"armor":2,
	"craftTime":240,
	//生产时间
	"description":"采用低温爆炸技术稳定量产反物质。\n在炙热地形上更高效。"
	"size":2,
	"maxBoost":0.5,
	//效率提升上限
	"attribute":"heat"
	//属性影响
	"boostScale":0.15,
	//效率提升影响倍率
	"consumes":{
		"power":17.5,
		//耗电公式为：1=60
		"items":{
			"items":[
			    "锺/14"
				"铫/3"
				"砛/6"
			]
		}
		"liquid":"砛溶液/0.125"
	}
	"requirements":[
		"锺/200",
		"silicon/80"
		"phase-fabric/50"
		"斥焰合金/100"
	],
	"category":"crafting"
	"research": {
		"parent": "斥焰合金冶炼厂",
		/*"objectives": [
        "中级数理化"
        "低级文化"
    ],*/
    "researchCostMultiplier":40,
	},
}