{

//copper 铜 lead 铅 coal 煤 spore-pod 孢子荚
//graphite 石墨 silicon 硅 titanium 钛 thorium 钍
//plastanium 塑钢 surge-alloy 巨浪合金 phase-fabric 相织布
//pyratite 硫 blast-compound 爆炸混合物 metaglass 钢化玻璃

	"type":"AttributeCrafter",
	"drawer": {
		"type": "DrawMulti",
		"drawers": [
		    {
				"type":"DrawDefault"
			},
			{
				"type":"DrawLiquidTile",
				"drawLiquid":"砛溶液"
			},
			{
			    "type": "DrawRegion",
				"suffix": "-top",
			}
		]
	}
	"craftEffect":{
	    "type":"MultiEffect"
	    "effects":[
	        "spawn"
	        "absorb"]
	}
	"name":"反物质工厂",
	"outputItem":"反物质/3",
	"itemCapacity":60,
	"liquidCapacity":60
	"health":900,
	"armor":3,
	"craftTime":300,
	//生产时间
	"description":"采用未来技术高效量产反物质。\n在炙热地形上更高效。"
	"size":3,
	"maxBoost":1,
	//效率提升上限
	"attribute":"heat"
	//属性影响
	"boostScale":0.15,
	//效率提升影响倍率
	"consumes":{
		"power":42.5,
		//耗电公式为：1=60
		"items":{
			"items":[
			    "锺/21"
				"铫/5"
				"铉/1"
				"斥焰合金/2"
			]
		}
		"liquid":"砛溶液/0.5"
	}
	"requirements":[
		"锺/500",
		"silicon/180"
		"斥焰合金/120"
		"铧/90"
	],
	"category":"crafting"
	"research": {
		"parent": "反物质提取室",
		/*"objectives": [
        "高级数理化"
        "低级文化"
    ],*/
    "researchCostMultiplier":40,
	},
}