{	
    "type":"AttributeCrafter",
    "name":"孢子收集室",
    "description": "收集大气里游离的孢子，消耗锬与污水对其较安全化。",
    "details":"我不觉得在这个星球收集这些疯狂的孢子有什么用。"
	"drawer":{
	    "type":"DrawMulti",
	    "drawers":[
	        {
	        	"type":"DrawDefault"
	        },
	        {
	            "type":"DrawCultivator",
	        },
	        {
	            "type":"DrawRegion",
	            "suffix":"-top",
	        },
	        ]
	},
	"size": 3,
	"armor":3,
	"health":900,
	"hasPower": true,
	"hasItems": true,
	"itemCapacity":10,
	"liquidCapacity":12,
	"craftTime":300,
	"attribute":"spores",
	//环境
	"maxBoost":5,
	//最大环境加强倍率
	"boostScale":1,
	//效率提升影响倍率
	"updateEffect": "none",
	"craftEffect":"none",
	"consumes": {
		"power":1,
		"items":{
		    "items":[
		        "锬/1"
		        ]
		}
		"liquid":{
		    "liquid":"污水"
		    "amount":0.1,
		}
	},
	"requirements": [
	   "锺/80",
	   "砛/80",
	   "silicon/60",
	   "graphite/30"
	],
	"category": "production",
	"outputItems": [
	"躁动的孢子/3"
	],
	"research": {
		"parent": "爆热坩埚",
		/*"objectives": [
        "低级生物"
    ],*/
    "researchCostMultiplier":40,
	},
}
