{
	//原版液体 water水 cryofluid冷却液 slag矿渣 oil石油
	"type":"GenericCrafter",
	//GenericSmelter已经删除，需要加-top贴图的需要以下结构:
	"drawer": {
		"type": "DrawMulti"
		"squareSprite": false,
		"drawers": [
		    {
				"type":"DrawDefault"
			},
			{
			    "type":"DrawLiquidRegion"
			    "drawLiquid":"砛溶液",
			}
			{
			    "type": "DrawRegion",
				"suffix": "-top",
			}
		]
	}
	"name":"斥焰合金冶炼厂",
	"outputItem":"斥焰合金/3",
	"itemCapacity":30,
	"hasLiquids":true,
	"liquidCapacity":24,
	"craftTime":210,
	"health":900,
	"description":"将锬、硅、相织布加以砛溶液生产出斥焰合金。"
	"size":3,
	"armor":3,
	"consumes":{
		"power":6,
		"items":{
			"items":[
				"锬/1",
				"silicon/3"
				"phase-fabric/2"
			]
		},
		"liquid":{
			"liquid":"砛溶液",
			"amount":0.4,
			//1:60
		},
	}
	"requirements":[
		"锺/150",
		"砛/50",
		"silicon/110",
		"phase-fabric/80"
	]
	"category":"crafting"
	"research": {
		"parent": "相织布光冶器",
		/*"objectives": [
        "初级数理化"
    ],*/
    "researchCostMultiplier":40,
	},
	
}