{

//copper 铜 lead 铅 coal 煤 spore-pod 孢子荚
//graphite 石墨 silicon 硅 titanium 钛 thorium 钍
//plastanium 塑钢 surge-alloy 巨浪合金 phase-fabric 相织布
//pyratite 硫 blast-compound 爆炸混合物 metaglass 钢化玻璃

	"type":"AttributeCrafter",
	"canOverdrive":true,
	"squareSprite": false,
	"drawer":{
		"type":"DrawMulti",
		"drawers":[
			{
				"type":"DrawDefault"
			},
			{
				"type":"DrawFlame",
			},
		]
	}
	"name":"爆热坩埚",
	"outputItem":"silicon/20",
	"itemCapacity":40,
	"liquidCapacity":12,
	"health":900,
	"armor":3,
	"craftTime":240,
	//生产时间
	"description":"高效的将石墨和沙熔炼出硅，用锬作为爆热源，需要冷却剂。\n在炙热地形上更高效。"
	"size":3,
	"attribute":"heat",
	//环境
	"maxBoost":2,
	//最大环境加强倍率
	"boostScale":0.25,
	//效率提升影响倍率
	"craftEffect":{
	    "type":"MultiEffect"
	    "effects":[
	        "smeltsmoke"
	        "flakExplosionBig"
            ]
	}
	"consumes":{
		"power":2.8,
		//耗电公式为：1=60
		"items":{
			"items":[
				"sand/12",
				"graphite/5",
				"锬/1"
			]
		}
		"coolant":{
		    "amount":0.05,
		    //"booster":true,
		    //"optional":true,
		}
	}
	"requirements":[
		"锺/60",
		"graphite/100",
		"silicon/40",
		"砛/35"
	],
	"research":"电热坩埚",
	"category":"crafting"
	//turret 炮塔子页面 production 钻头子页面 
	//defense 墙子页面 power 电力子页面
	//logic 逻辑子页面 units 单位子页面
	//liquid 液体子页面 distribution 传送带子页面
	//effect 修复仪子页面
}