{
	//原版液体 water水 cryofluid冷却液 slag矿渣 oil石油
	"type":"GenericCrafter",
	"name":"相织布光冶器",
	"outputItem":"phase-fabric/1"
	"drawer":{
		"type":"DrawMulti",
		"drawers":[
			{
				"type":"DrawDefault"
			},
			{
			    "type":"DrawLiquidTile"
			    "drawLiquid":"砛溶液",
			}
			{
			    "type":"DrawSpikes",
			    "layerSpeed":-1.2,
			    "rotateSpeed":0.7,
			    "amount":4,
			    //线条总数
			    "layers":2,
			    //层数
			    "stroke":1,
			    //线条粗细
			    "radius":2.8,
			    //线条范围
			    "Length":-1,
			    "color":"#ffd59e",
			},
			{
			    "type":"DrawMultiWeave"
			}
			{
	            "type":"DrawRegion",
	            "suffix":"-top"
	        }
		]
	}
	"craftEffect":"shieldApply",
	"itemCapacity":20,
	"hasLiquids":false,
	"craftTime":102,
	"health":400,
	"ambientSound":"techloop",
	//环境音效
	"ambientSoundVolume":0.03,
	//环境音效音量
	"description":"将沙子与钍合成相织布，需要冷却剂。"
	"size":2,
	"armor":2
	"consumes":{
		"power":3,
		"items":{
			"items":[
				"thorium/3",
				"sand/7",
			]
		},
		"coolant":{
		    "amount":0.035,
		}
	}
	"requirements":[
		"锺/130",
		"thorium/110",
		"silicon/150"
	]
	"research":"电热坩埚",
	"category":"crafting"
	
}