{
	//原版液体 water水 cryofluid冷却液 slag矿渣 oil石油
	"type":"GenericCrafter",
	//GenericSmelter已经删除，需要加-top贴图的需要以下结构:
	"drawer": {
		"type": "DrawMulti",
		"drawers": [
		    {
				"type":"DrawDefault"
			},
		    {
				"type":"DrawLiquidTile",
				//这个type允许使用-liquid贴图
				"drawLiquid":"water"
				//-liquid贴图选用的液体颜色
			},
			{
			    "type":"DrawLiquidTile"
			    "drawLiquid":"砛溶液",
			}
			{
			    "type": "DrawRegion",
				"suffix": "-top",
			}
		]
	}
	"name":"砛溶液工厂",
	"outputLiquid":"砛溶液/0.5",
	//1:60
	"itemCapacity":20,
	"hasLiquids":true,
	"liquidCapacity":96,
	"craftTime":90
	"health":1200,
	"description":"更高效的将砛与水混合。"
	"size":4,
	"armor":4,
	"consumes":{
		"power":4,
		"items":{
			"items":[
				"砛/6"
			]
		},
		"liquid":{
			"liquid":"water",
			"amount":0.65,
			//1:60
		},
	}
	"requirements":[
		"锺/120",
		"斥焰合金/90",
		"silicon/90",
		"graphite/80"
	]
	"research":"砛溶液混合器",
	"category":"crafting"
	
}