{
	//原版液体 water水 cryofluid冷却液 slag矿渣 oil石油
	"type":"GenericCrafter",
	//GenericSmelter已经删除，需要加-top贴图的需要以下结构:
	"drawer": {
		"type": "DrawMulti",
		"drawers": [
		    {
				"type":"DrawDefault"
			},
		    {
				"type":"DrawLiquidTile",
				//这个type允许使用-liquid贴图
				"drawLiquid":"water"
				//-liquid贴图选用的液体颜色
			},
			{
			    "type":"DrawLiquidTile"
			    "drawLiquid":"砛溶液",
			}
			{
			    "type": "DrawRegion",
				"suffix": "-top",
			}
		]
	}
	"name":"砛溶液混合器",
	"outputLiquid":"砛溶液/0.075",
	//1:60
	"itemCapacity":20,
	"hasLiquids":true,
	"liquidCapacity":24,
	"craftTime":30
	"health":400,
	"description":"将砛与水混合。"
	"size":2,
	"armor":2,
	"consumes":{
		"power":1.4,
		"items":{
			"items":[
				"砛/1"
			]
		},
		"liquid":{
			"liquid":"water",
			"amount":0.1,
			//1:60
		},
	}
	"requirements":[
		"锺/60",
		"砛/60",
		"silicon/40"
	]
	"research":"电热坩埚",
	"category":"crafting"
	
}