{
	//原版液体 water水 cryofluid冷却液 slag矿渣 oil石油
	"type":"GenericCrafter",
	"squareSprite": false,
	"drawer": {
		"type": "DrawMulti",
		"drawers": [
		    {
				"type":"DrawDefault"
			},
			{
			    "type":"DrawLiquidRegion"
			    "drawLiquid":"砛溶液",
			}
		]
	},
	"updateEffect":{
	    "type":"MultiEffect"
	    "effects":[
	        "heatReactorSmoke",
	        "coalSmeltsmoke"
                        ]
            },
            "craftEffect":{
                "type":"MultiEffect"
                "effects":[
                    "attackCommand"
                    {
	            "type":"WaveEffect"
		        "lifetime":60
		        "sizeFrom":5,
		        "sizeTo":15
		        "strokeFrom":2,
		        "strokeTo":0.5,
		        "rotation":5
		        //旋转
		        "colorFrom":"#CF4141"
		        "colorTo":"#CF4141"
            },
                        ]
            },
	"name":"铧元素冶炼厂",
	"outputItem":"铧/2",
	"itemCapacity":30,
	"hasLiquids":true,
	"liquidCapacity":30,
	"craftTime":120,
	"health":900,
	"description":"将大量元素合成出铧，需要砛溶液冷却。"
	"size":3,
	"armor":3,
	"consumes":{
		"power":25,
		"items":{
			"items":[
				"锺/15",
				"铫/4",
				"斥焰合金/1"
			]
		},
		"liquid":{
			"liquid":"砛溶液",
			"amount":0.25,
			//1:60
		},
	}
	"requirements":[
		"锺/240",
		"thorium/80",
		"silicon/160",
		"斥焰合金/80"
	]
	"category":"crafting"
	"research": {
		"parent": "斥焰合金冶炼厂",
		/*"objectives": [
        "中级数理化"
    ],*/
    "researchCostMultiplier":40,
	},
	
}