{
	"name": "损伤转换",
	"description":"失去0.75的损伤倍率上限来提升至1.75的生命倍率上限"
	"color": "4bde3c",
	"healthMultiplier": 1.75,
	"damageMultiplier": 0.25,
	//"opposites": ["burning","wet","sapped","freezing","melting","tarred","muddy","blasted","corroded","生命转换"],
	"effect": {
		"type": "ParticleEffect",
		"particles": 0,
		"baseLength": 0,
		"length": 0,
		"lifetime": 0,
		"interp": "fastSlow",
		"sizeFrom": 0,
		"sizeTo": 0,
		"color": "000000",
	}
}
/*星渊:变弱了，但也变强了