{
   "type": "missile",
   "template": "MissileUnitType",
   "maxRange": 15,
   "lowAltitude": true,
   "speed": 4,
   "deathExplosionEffect": "blastExplosion",
   "rotateSpeed": 6,
   "lifetime": 85,
   "homingDelay": 8,
   "playerControllable": false,
   "hidden": true,
   "health": 150,
   "hitSize": 2,
   "engineColor": "faa755",
   "createWreck": false,
   "createScorch": false,
   "useUnitCap": false,
   "outlineRadius": 0.5,
   "engineSize": 0.85,
   "drawCell": false,
   "trailColor": "faa755",
   "parts": [
      {
         "type": "FlarePart",
         "progress": {
            "type": "life",
            "op": "curve",
            "interp": "pow3Out"
         },
         "color1": "FFCF76FF",
         "stroke": 1.99,
         "radius": 0,
         "radiusTo": 6
      }
   ],
   "weapons": [
      {
         "name": "none",
         "shootCone": 280,
         "shootOnDeath": true,
         "shootSound": "none",
         "bullet": {
            "type": "ExplosionBulletType",
            "lifetime": 2.5,
            "speed": 1,
            "instantDisappear": true,
            "keepVelocity": false,
            "splashDamageRadius": 35.55,
            "splashDamage": 20,
            "killShooter": true,
            "despawnEffect": "massiveExplosion",
            "status": "blasted"
         }
      }
   ],
   "abilities": [
      {
         "type": "RegenAbility",
         "percentAmount": -0.01
      },
      {
         "type": "SpawnDeathAbility",
         "unit": "移速增益",
         "amount": 0,
         "randAmount": 1
      },
      {
         "type": "SpawnDeathAbility",
         "unit": "血量增益",
         "amount": 0,
         "randAmount": 1
      },
      {
         "type": "SpawnDeathAbility",
         "unit": "攻速增益",
         "amount": 0,
         "randAmount": 1
      }
   ]
}