{
   "immunities": [
      "unmoving",
      "freezing",
      "锁住你的牛子",
      "辐射损伤",
      "孢炎",
      "生物毒性-1",
      "生物毒性-2",
      "生物毒性-3",
      "回生"
   ],
   "drawCell": false,
   "speed": 0.05,
   "hitSize": 9,
   "targetPriority": 6,
   "armor": 15,
   "rotateSpeed": 3.4,
   "health": 1880,
   "abilities": [
      {
         "type": "StatusFieldAbility",
         "effect": "修复",
         "duration": 360,
         "reload": 480,
         "range": 80
      },
      {
         "type": "RegenAbility",
         "percentAmount": 0.01
      }
   ]
}