{
	"type": "GenericCrafter",
	"name": "煤换铅",
	"description": "新时代煤换",
    "outputItems":["lead/95",]//产出
	"size": 1,
	"health":640,//血量
	"itemCapacity":495,
	"craftTime":21.6,
    "consumes": {
    "items":{
    "items":[
    "coal/20",
	]
	}
	},
	"requirements": [
		        "lead/1400",

	],
	"category":"crafting",
    "research": 
    {"parent":"煤换铜",
    "requirements": [
                "lead/14000",
    ]   
    }
	"hasItems": true,
	"hasPower": false,
	"hasLiquids": false,
    "canOverdrive": true,
    "buildCostMultiplier":0.1,
    "updateEffect": "smeltsmoke",
}