{
	"type": "naval",
	"name": "雷章",
	"description": "",
	"speed":0.8,	
	"rotateSpeed":2,
	//"ammoType":"固态能",
	"ammoCapacity": 200,
	"hitSize":56,
    "trailLength":280,
    "waveTrailX":10,
    "waveTrailY":-26,
    "trailScl":6,
	"health": 72500,
	"armor":25, 
	"faceTarget": false,
	"research": "虎鲨",
	"weapons":[

			/*{
			"name":"雷章3",
			//武器贴图的名字
			"mirror":true,
			"x":20,
			"y":-8,
			"reload":90,
			//射速
			"recoil":0,
			//后坐力
			"rotate":true,
	        "cooldownTime":10,
	        //武器贴图由红色恢复到正常贴图的时间(-heat贴图)
			
			"bullet":{
				"damage":800,
				"speed":5,
				//子弹飞行速度
				"status":"blasted",
				"hitEffect":"hitFlameSmall",
				"splashDamageRadius":24,
				//伤害范围
				"splashDamage":600,
				//伤害
				"lifetime":80,
				//子弹存在时间
    			"type":"MissileBulletType"
    			//导弹的type
    			"homingPower":5,
    			//追踪力度
    			"trailChance":0.5,
    			//尾迹产生频率
				}
		},*/
	{	"name": "雷章2",
	"reload": 120,  
    "x": 0,  "y": 0,
    "rotate": true,
    "rotateSpeed":2,
    "shoot":{
    	"type":"ShootAlternate",
    	"barrels":2,
		//炮口数量
		"spread":6.2,
		//炮口间距设定
				"shots":2,
    }
    "mirror":false,
    "inaccuracy": 0,
    "shootSound":"release",
	"shake":6,
	"bullet":{	
  	"type":"RailBulletType",
    "damage":1500,
    "pierce": true,	
	//"pierceBuilding":true,
	"pierceEffect":"railHit",
    "pointEffect":"railTrail",
    "hitEffect":"massiveExplosion",
    "smokeEffect":"shootBig2",
    "pierceDamageFactor":0.2,
    "length":550,
    "despawnEffect":"bigShockwave"
}	}
	{
			"name":"虎鲨激光",
			"mirror":true,
			"x":18,
			"y":30,
			"reload":60,
			"shootSound":"missile",
			"recoil":0,
			"rotate":true,
	        "inaccuracy":2,
			"bullet":{
			    "type": "BasicBulletType",
       // "absorbable": false,
        "collidesGround": true,
        "collidesAir": true,
        		"pierce":true,//穿透
        		"pierceCap":1
        			"pierceBuilding":true,//穿透建筑
        "bulletInterval":0,
        "intervalBullets": 2,
        "intervalRandomSpread": 360,
        "intervalSpread": 360,
        "intervalAngle": 0,
        "intervalBullet": {
         "type":"LightningBulletType",
    "damage":240,
    "lightningLength":23,
	"ammoMultiplier":1,
    "collidesAir": true
"lightningColor": "0091FFFF",
        /*
   "type":"LightningBulletType",
    "damage":55,
    "lightningLength":35,
	"ammoMultiplier":1,
    "collidesAir": true
"lightningColor": "0091FFFF",
*/
        },
       
        "damage": 385,
        "splashDamageRadius": 16,
        "splashDamage": 90,
        "speed": 6,
        "lifetime": 100,
//        "drag": 0.01,
       // "sprite": "合晶工业-三角",
        "width":40,
       	"homingPower":0.8,
	//追踪力度 
        "height":40,
        "trailLength": 50,
        "trailWidth": 8,
        "shrinkY": 0,
        "shake": 2,
        "ammoMultiplier": 1,
        "backColor": "0091FFFF",
        "frontColor": "0091FFFF",
        "trailColor": "0091FFFF",  
},
				
		}
		/*{	"name": "雷章1",	
		"reload": 60,
        "x": 32,  "y": 25, 
        "rotate": true,
		"top":true,
		"recoil":0,
        "inaccuracy": 0,   
		"alternate": true,  
		"shootSound":"laser",
		"shake":2,
		"bullet":{
"type": "LaserBulletType",	
"healPercent":4,
"recoil":3,
"damage":855,
      "collidesAir":true,
      "collidesGround": true,
      "collidesTeam":true,
"laserAbsorb":true,
"shootEffect": "bigShockwave",
"sideAngle":30,
"sideWidth":5,
"sideLength":150,
"colors":["0091FFFF", "0091FFFF", "0091FFFF"],
"width":16,	 "length":224	}	}*/
{	"name": "雷章1",	
		"reload": 60,
        "x": 32,  "y": -20, 
        "rotate": true,
		"top":true,
		"recoil":0,
        "inaccuracy": 0,   
		"alternate": true,  
		"shootSound":"laser",
		"shake":2,
		"bullet":{
"type": "PointLaserBulletType",	
//"healPercent":4,
"recoil":3,
"damage":100,
      "collidesAir":true,
      "collidesGround": true,
       "hitColor":"0091FFFF"
       "sprite":"合晶工业-定点激光"
    //  "collidesTeam":true,
//"laserAbsorb":true,
"shootEffect": "bigShockwave",
//"colors":["0091FFFF", "0091FFFF", "0091FFFF"],
    "backColor": "0091FFFF",
        "frontColor": "0091FFFF",
      //  "trailColor": "0091FFFF",  
"width":16,	 
  "fragBullets":3,   
	   // "fragLifeMin":0.5,
	    "fragBullet":{
    "type":"LightningBulletType",
    "damage":280,
    "lightningLength":43,
	"ammoMultiplier":1,
    "collidesAir": true
"lightningColor": "0091FFFF",

      }	
}
	}
    
	]
}
