{
  "type": "legs",
  "template": "ErekirUnitType",
  "armor": 30,
  "outlineColor": "313131FF",
  "rotateSpeed": 1.3,
  "hitSize": 60,
  "range": 120,
  "legCount": 4,
  "legMoveSpace": 1.1,
  "legPairOffset": 6,
  "legLength": 48,
  "legExtension": 8,
  "legBaseOffset": 2,
  "legSpeed": 0.8,
  "legLengthScl": 1,
  "rippleScale": 5,
  "legSplashDamage": 200,
  "legSplashRange": 65,
  "allowLegStep": true,
  "hovering": true,
  "singleTarget": true,
  "speed": 0.22,
  "health": 250000,
  "immunities": [
    "burning",
    "melting",
    "slow",
    "blasted"
  ],
  "weapons": [
    {
      "name": "supernova",
      "x": 0,
      "y": 0,
      "reload": 760,
      "alternate": false,
      "mirror": false,
      "top": false,
      "rotate": false,
      "shootY": 0,
      "shoot": {
        "firstShotDelay": 130
      },
      "shake": 20,
      "chargeSound": "chargeup",
      "shootSound": "jupiterImpact",
      "ejectEffect": "none",
      "bullet": {
        "type": "BasicBulletType",
        "status": "blasted",
        "statusDuration": 300,
        "splashDamage": 8000,
        "splashDamageRadius": 120,
        "height": 0.1,
        "width": 0.1,
        "instantDisappear": true,
        "spin": 5,
        "speed": 5,
        "lifetime": 30,
        "despawnEffect": {
          "type": "multiEffect",
          "effects": [
            {
              "type": "ParticleEffect",
              "lightOpacity": 0,
              "particles": 50,
              "length": 100,
              "baseLength": 30,
              "lifetime": 80,
              "layer": 106,
              "interp": "exp5",
              "sizeFrom": 24,
              "sizeTo": 13,
              "colorFrom": "FF5845FF",
              "colorTo": "FF584510"
            },
            {
              "type": "ParticleEffect",
              "lightOpacity": 0,
              "particles": 30,
              "length": 100,
              "baseLength": 60,
              "lifetime": 280,
              "layer": 106,
              "interp": "swingOut",
              "sizeFrom": 24,
              "sizeTo": 13,
              "colorFrom": "FF5845FF",
              "colorTo": "FF584510"
            },
            {
              "type": "ParticleEffect",
              "particles": 20,
              "length": 120,
              "lifetime": 50,
              "interp": "pow10Out",
              "layer": 108,
              "cone": 360,
              "colorFrom": "FF5845FF",
              "colorTo": "FF584510",
              "sizeFrom": 1,
              "sizeTo": 5
            },
            {
              "type": "ParticleEffect",
              "line": true,
              "particles": 27,
              "lifetime": 60,
              "offset": 60,
              "interp": "circleOut",
              "length": 200,
              "baseLength": 50,
              "cone": -360,
              "strokeFrom": 7,
              "strokeTo": 0,
              "lenFrom": 10,
              "lenTo": 10,
              "colorFrom": "FF5845FF",
              "colorTo": "FF5845FF"
            },
            {
              "type": "WaveEffect",
              "lifetime": 35,
              "sizeFrom": 0,
              "sizeTo": 100,
              "strokeFrom": 4,
              "strokeTo": 0,
              "colorFrom": "FF5845FF",
              "colorTo": "FF5845FF"
            },
            {
              "type": "WaveEffect",
              "lifetime": 45,
              "sizeFrom": 0,
              "sizeTo": 200,
              "interp": "pow10Out",
              "strokeFrom": 12,
              "strokeTo": 0,
              "colorFrom": "FF5845FF",
              "colorTo": "FF5845FF"
            }
          ]
        },
        "hitEffect": "none",
        "smokeEffect": "none",
        "pierce": false,
        "reflectable": false,
        "hittable": false,
        "hitSound": "jupiterImpact",
        "absorbable": false,
        "trailEffect": "none",
        "chargeEffect": {
          "type": "multiEffect",
          "lifetime": 120,
          "followParent": true,
          "effects": [
            {
              "type": "ParticleEffect",
              "lightOpacity": 0,
              "particles": 50,
              "length": 130,
              "baseLength": -130,
              "lifetime": 80,
              "layer": 106,
              "interp": "exp5",
              "sizeFrom": 24,
              "sizeTo": 13,
              "colorFrom": "FF584510",
              "colorTo": "FF5845FF"
            },
            {
              "type": "ParticleEffect",
              "particles": 35,
              "offset": 15,
              "baseLength": 25,
              "sizeFrom": 0,
              "sizeTo": 4,
              "length": 100,
              "lifetime": 120,
              "colorFrom": "FF5845FF",
              "colorTo": "FF5845FF",
              "cone": 360
            },
            {
              "type": "WaveEffect",
              "lifetime": 120,
              "sizeFrom": 75,
              "sizeTo": 0,
              "interp": "pow5Out",
              "strokeFrom": 0,
              "strokeTo": 8,
              "colorFrom": "FF5845FF",
              "colorTo": "FF5845FF"
            },
            {
              "type": "WaveEffect",
              "lifetime": 120,
              "sizeFrom": 95,
              "sizeTo": 0,
              "interp": "pow10Out",
              "strokeFrom": 0,
              "strokeTo": 8,
              "colorFrom": "FF5845FF",
              "colorTo": "FF5845FF"
            },
            {
              "type": "ParticleEffect",
              "particles": 45,
              "offset": 100,
              "sizeFrom": 1,
              "sizeTo": 6,
              "length": 200,
              "baseLength": -200,
              "interp": "pow3In",
              "sizeInterp": "pow5Out",
              "lifetime": 90,
              "colorFrom": "FF584500",
              "colorTo": "FF5845FF"
            },
            {
              "type": "ParticleEffect",
              "particles": 45,
              "offset": 100,
              "sizeFrom": 1,
              "sizeTo": 6,
              "length": 250,
              "baseLength": -250,
              "interp": "pow3In",
              "sizeInterp": "pow5Out",
              "lifetime": 100,
              "colorFrom": "FF584500",
              "colorTo": "FF5845FF"
            },
            {
              "type": "ParticleEffect",
              "particles": 45,
              "offset": 100,
              "sizeFrom": 1,
              "sizeTo": 6,
              "length": 300,
              "baseLength": -300,
              "interp": "pow3In",
              "sizeInterp": "pow5Out",
              "lifetime": 110,
              "colorFrom": "FF584500",
              "colorTo": "FF5845FF"
            },
            {
              "type": "ParticleEffect",
              "particles": 45,
              "offset": 100,
              "sizeFrom": 1,
              "sizeTo": 6,
              "length": 350,
              "baseLength": -350,
              "interp": "pow3In",
              "sizeInterp": "pow5Out",
              "lifetime": 120,
              "colorFrom": "FF584500",
              "colorTo": "FF5845FF"
            },
            {
              "type": "ParticleEffect",
              "particles": 45,
              "offset": 100,
              "sizeFrom": 1,
              "sizeTo": 6,
              "length": 400,
              "baseLength": -400,
              "interp": "pow3In",
              "sizeInterp": "pow5Out",
              "lifetime": 130,
              "colorFrom": "FF584500",
              "colorTo": "FF5845FF"
            },
            {
              "type": "ParticleEffect",
              "particles": 45,
              "offset": 100,
              "sizeFrom": 1,
              "sizeTo": 6,
              "length": 450,
              "baseLength": -450,
              "interp": "pow3In",
              "sizeInterp": "pow5Out",
              "lifetime": 140,
              "colorFrom": "FF584500",
              "colorTo": "FF5845FF"
            }
          ]
        },
        "frontColor": "4F110BFF",
        "backColor": "FF5845FF"
      }
    },
    {
      "name": "collapse-weapon",
      "x": 43.5,
      "y": -1,
      "reload": 168,
      "alternate": true,
      "top": false,
      "recoil": 3,
      "shake": 3,
      "shootY": 38,
      "inaccuracy": 2,
      "cooldownTime": 168,
      "shootSound": "plasmaboom",
      "bullet": {
        "type": "BasicBulletType",
        "sprite": "exogenesis-star-core-bullet",
        "status": {
          "name": "solar1-flare",
          "reloadMultiplier": 0.5,
          "speedMultiplier": 0.7,
          "effectChance": 0.5,
          "show": false,
          "damage": 2,
          "transitionDamage": 66,
          "opposites": [
            "freezing"
          ],
          "affinities": [
            "tarred",
            "melting"
          ],
          "effect": {
            "type": "ParticleEffect",
            "line": true,
            "particles": 8,
            "lifetime": 60,
            "offset": 30,
            "interp": "circleOut",
            "length": 60,
            "cone": -360,
            "lenFrom": 7,
            "lenTo": 0,
            "colorFrom": "FF5845FF",
            "colorTo": "FF5845FF"
          }
        },
        "statusDuration": 300,
        "damage": 3765,
        "splashDamage": 500,
        "splashDamageRadius": 90,
        "height": 48,
        "width": 48,
        "spin": 9,
        "speed": 5,
        "homingRange": 100,
        "homingPower": 0.00567,
        "hitSound": "coolplasmaboom",
        "trailColor": "FF5845FF",
        "trailParam": 5,
        "trailLength": 12,
        "trailWidth": 7,
        "lifetime": 90,
        "shrinkX": -0.8,
        "shrinkY": -0.8,
        "lightColor": "FF5845FF",
        "hitEffect": {
          "type": "multiEffect",
          "effects": [
            {
              "type": "ParticleEffect",
              "lightOpacity": 0,
              "particles": 50,
              "length": 100,
              "baseLength": 30,
              "lifetime": 80,
              "layer": 106,
              "interp": "exp5",
              "sizeFrom": 24,
              "sizeTo": 13,
              "colorFrom": "FF5845FF",
              "colorTo": "FF584510"
            },
            {
              "type": "ParticleEffect",
              "line": true,
              "particles": 25,
              "lifetime": 30,
              "offset": 60,
              "baseLength": 20,
              "length": 120,
              "cone": -360,
              "strokeTo": 0,
              "lightColor": "FF5845FF",
              "strokeFrom": 2.5,
              "sizeFrom": 20,
              "sizeTo": 20,
              "colorFrom": "FF5845FF",
              "colorTo": "FF5845FF"
            },
            {
              "type": "ParticleEffect",
              "particles": 1,
              "sizeFrom": 48,
              "sizeTo": 0,
              "length": 0,
              "layer": 109,
              "lifetime": 48,
              "colorFrom": "FF5845FF",
              "colorTo": "FF5845FF",
              "cone": 360
            },
            {
              "type": "ParticleEffect",
              "particles": 1,
              "sizeFrom": 15,
              "sizeTo": 0,
              "length": 0,
              "lifetime": 48,
              "colorFrom": "FFFFFFF",
              "colorTo": "FFFFFFF",
              "cone": 360
            },
            {
              "type": "ParticleEffect",
              "particles": 1,
              "sizeFrom": 120,
              "sizeTo": 0,
              "length": 0,
              "spin": 7,
              "region": "exogenesis-raydouble",
              "layer": 108,
              "lifetime": 56,
              "colorFrom": "FF5845FF",
              "colorTo": "FF5845FF",
              "cone": 360
            },
            {
              "type": "ParticleEffect",
              "line": true,
              "particles": 20,
              "lifetime": 60,
              "baseLength": 30,
              "offset": 30,
              "interp": "circleOut",
              "length": 100,
              "cone": -360,
              "lenFrom": 7,
              "lenTo": 0,
              "colorFrom": "FF5845FF",
              "colorTo": "FF5845FF"
            },
            {
              "type": "ParticleEffect",
              "particles": 40,
              "length": 80,
              "lifetime": 50,
              "cone": 360,
              "colorFrom": "FF5845FF",
              "colorTo": "FF5845FF",
              "sizeFrom": 5,
              "sizeTo": 0
            },
            {
              "type": "ParticleEffect",
              "particles": 40,
              "length": 100,
              "lifetime": 80,
              "cone": 360,
              "colorFrom": "FF5845FF",
              "colorTo": "FF5845FF",
              "sizeFrom": 5,
              "sizeTo": 1
            },
            {
              "type": "WaveEffect",
              "lifetime": 25,
              "sizeFrom": 0,
              "sizeTo": 135,
              "interp": "circleOut",
              "strokeFrom": 3,
              "strokeTo": 0,
              "colorFrom": "FF5845FF",
              "colorTo": "FF5845FF"
            },
            {
              "type": "WaveEffect",
              "lifetime": 25,
              "sizeFrom": 0,
              "sizeTo": 120,
              "interp": "circleOut",
              "strokeFrom": 4,
              "strokeTo": 0,
              "colorFrom": "FF5845FF",
              "colorTo": "FF5845FF"
            }
          ]
        },
        "despawnEffect": {
          "type": "multiEffect",
          "effects": [
            {
              "type": "ParticleEffect",
              "lightOpacity": 0,
              "particles": 50,
              "length": 100,
              "baseLength": 30,
              "lifetime": 80,
              "layer": 106,
              "interp": "exp5",
              "sizeFrom": 24,
              "sizeTo": 13,
              "colorFrom": "FF5845FF",
              "colorTo": "FF584510"
            },
            {
              "type": "ParticleEffect",
              "line": true,
              "particles": 25,
              "lifetime": 30,
              "offset": 60,
              "baseLength": 20,
              "length": 120,
              "cone": -360,
              "strokeTo": 0,
              "lightColor": "FF5845FF",
              "strokeFrom": 2.5,
              "sizeFrom": 20,
              "sizeTo": 20,
              "colorFrom": "FF5845FF",
              "colorTo": "FF5845FF"
            },
            {
              "type": "ParticleEffect",
              "particles": 1,
              "sizeFrom": 48,
              "sizeTo": 0,
              "length": 0,
              "layer": 109,
              "lifetime": 48,
              "colorFrom": "FF5845FF",
              "colorTo": "FF5845FF",
              "cone": 360
            },
            {
              "type": "ParticleEffect",
              "particles": 1,
              "sizeFrom": 15,
              "sizeTo": 0,
              "length": 0,
              "lifetime": 48,
              "colorFrom": "FFFFFFF",
              "colorTo": "FFFFFFF",
              "cone": 360
            },
            {
              "type": "ParticleEffect",
              "particles": 1,
              "sizeFrom": 120,
              "sizeTo": 0,
              "length": 0,
              "spin": 7,
              "region": "exogenesis-raydouble",
              "layer": 108,
              "lifetime": 56,
              "colorFrom": "FF5845FF",
              "colorTo": "FF5845FF",
              "cone": 360
            },
            {
              "type": "ParticleEffect",
              "line": true,
              "particles": 20,
              "lifetime": 60,
              "baseLength": 30,
              "offset": 30,
              "interp": "circleOut",
              "length": 100,
              "cone": -360,
              "lenFrom": 7,
              "lenTo": 0,
              "colorFrom": "FF5845FF",
              "colorTo": "FF5845FF"
            },
            {
              "type": "ParticleEffect",
              "particles": 40,
              "length": 80,
              "lifetime": 50,
              "cone": 360,
              "colorFrom": "FF5845FF",
              "colorTo": "FF5845FF",
              "sizeFrom": 5,
              "sizeTo": 0
            },
            {
              "type": "ParticleEffect",
              "particles": 40,
              "length": 100,
              "lifetime": 80,
              "cone": 360,
              "colorFrom": "FF5845FF",
              "colorTo": "FF5845FF",
              "sizeFrom": 5,
              "sizeTo": 1
            },
            {
              "type": "WaveEffect",
              "lifetime": 25,
              "sizeFrom": 0,
              "sizeTo": 135,
              "interp": "circleOut",
              "strokeFrom": 3,
              "strokeTo": 0,
              "colorFrom": "FF5845FF",
              "colorTo": "FF5845FF"
            },
            {
              "type": "WaveEffect",
              "lifetime": 25,
              "sizeFrom": 0,
              "sizeTo": 120,
              "interp": "circleOut",
              "strokeFrom": 4,
              "strokeTo": 0,
              "colorFrom": "FF5845FF",
              "colorTo": "FF5845FF"
            }
          ]
        },
        "smokeEffect": "none",
        "pierce": false,
        "reflectable": false,
        "hittable": false,
        "absorbable": false,
        "trailInterval": 300,
        "trailChance": 0,
        "trailEffect": "none",
        "shootEffect": {
          "type": "multiEffect",
          "followParent": true,
          "rotWithParent": true,
          "effects": [
            {
              "type": "ParticleEffect",
              "particles": 1,
              "sizeFrom": 40,
              "sizeTo": 0,
              "length": 0,
              "lifetime": 28,
              "spin": 9,
              "layer": 109,
              "region": "exogenesis-tall",
              "colorFrom": "FF5845FF",
              "colorTo": "FF5845FF"
            },
            {
              "type": "ParticleEffect",
              "particles": 1,
              "sizeFrom": 40,
              "sizeTo": 0,
              "length": 0,
              "lifetime": 28,
              "spin": -9,
              "layer": 109,
              "region": "exogenesis-tall",
              "colorFrom": "FF5845FF",
              "colorTo": "FF5845FF"
            },
            {
              "type": "ParticleEffect",
              "particles": 1,
              "sizeFrom": 5.5,
              "sizeTo": 0,
              "length": 0,
              "lifetime": 28,
              "colorFrom": "FFFFFF",
              "colorTo": "FFFFFF"
            },
            {
              "type": "ParticleEffect",
              "particles": 1,
              "sizeFrom": 13,
              "sizeTo": 0,
              "length": 0,
              "layer": 109,
              "lifetime": 28,
              "colorFrom": "FF5845FF",
              "colorTo": "FF5845FF"
            }
          ]
        },
        "frontColor": "FFC1BBFF",
        "backColor": "FF5845FF"
      }
    },
    {
      "name": "solar-cannon",
      "y": -10,
      "x": 23,
      "top": true,
      "mirror": true,
      "alternate": true,
      "rotate": true,
      "rotateSpeed": 2,
      "shootY": 14,
      "reload": 80,
      "recoil": 4,
      "shake": 3,
      "shootSound": "artillery",
      "bullet": {
        "type": "ArtilleryBulletType",
        "shootEffect": "shootBig2",
        "hitEffect": {
          "type": "ExplosionEffect",
          "waveColor": "FF5845FF",
          "sparkColor": "FF5845FF",
          "smokes": 12,
          "smokeSize": 4.7,
          "smokeSizeBase": 1.6,
          "smokeRad": 66,
          "waveLife": 20,
          "waveStroke": 4.1,
          "waveRad": 65,
          "waveRadBase": 2.0,
          "sparkLen": 7,
          "sparks": 12
        },
        "despawnEffect": {
          "type": "ExplosionEffect",
          "waveColor": "FF5845FF",
          "sparkColor": "FF5845FF",
          "smokes": 12,
          "smokeSize": 4.7,
          "smokeSizeBase": 1.6,
          "smokeRad": 66,
          "waveLife": 20,
          "waveStroke": 4.1,
          "waveRad": 65,
          "waveRadBase": 2.0,
          "sparkLen": 7,
          "sparks": 12
        },
        "lifetime": 80,
        "splashDamage": 265,
        "splashDamageRadius": 70,
        "speed": 4,
        "status": "blasted",
        "statusDuration": 100,
        "width": 19,
        "height": 19,
        "trailColor": "FF5845FF",
        "backColor": "FF5845FF",
        "frontColor": "FFC1BBFF",
        "fragBullets": 12,
        "fragBullet": {
          "type": "ArtilleryBulletType",
          "hitEffect": {
            "type": "ExplosionEffect",
            "waveColor": "FF5845FF",
            "sparkColor": "FF5845FF",
            "smokes": 6,
            "smokeSize": 3.7,
            "smokeSizeBase": 1.6,
            "smokeRad": 36,
            "waveLife": 20,
            "waveStroke": 2.1,
            "waveRad": 45,
            "waveRadBase": 2.0,
            "sparkLen": 6,
            "sparks": 7
          },
          "despawnEffect": {
            "type": "ExplosionEffect",
            "waveColor": "FF5845FF",
            "sparkColor": "FF5845FF",
            "smokes": 6,
            "smokeSize": 3.7,
            "smokeSizeBase": 1.6,
            "smokeRad": 36,
            "waveLife": 20,
            "waveStroke": 2.1,
            "waveRad": 45,
            "waveRadBase": 2.0,
            "sparkLen": 6,
            "sparks": 7
          },
          "lifetime": 30,
          "splashDamage": 265,
          "splashDamageRadius": 50,
          "speed": 3,
          "status": "melting",
          "statusDuration": 100,
          "width": 16,
          "height": 16,
          "trailColor": "FF5845FF",
          "backColor": "FF5845FF",
          "frontColor": "FFC1BBFF"
        }
      }
    }
  ],
   "deathExplosionEffect": {
    "type": "multiEffect",
    "effects": [
      {
        "type": "ParticleEffect",
        "particles": 1,
        "sizeFrom": 88,
        "sizeTo": 0,
        "length": 0,
        "layer": 109,
        "lifetime": 48,
        "colorFrom": "FF5845FF",
        "colorTo": "FF5845FF",
        "cone": 360
      },
      {
        "type": "ParticleEffect",
        "particles": 1,
        "sizeFrom": 45,
        "sizeTo": 0,
        "length": 0,
        "lifetime": 48,
        "colorFrom": "FFFFFFF",
        "colorTo": "FFFFFFF",
        "cone": 360
      },
      {
        "type": "ParticleEffect",
        "particles": 1,
        "sizeFrom": 160,
        "sizeTo": 0,
        "length": 0,
        "spin": 7,
        "region": "exogenesis-raydouble",
        "layer": 108,
        "lifetime": 56,
        "colorFrom": "FF5845FF",
        "colorTo": "FF5845FF",
        "cone": 360
      },
      {
        "type": "ParticleEffect",
        "particles": 1,
        "sizeFrom": 160,
        "sizeTo": 0,
        "length": 0,
        "spin": -7,
        "region": "exogenesis-raydouble",
        "layer": 108,
        "lifetime": 56,
        "colorFrom": "FF5845FF",
        "colorTo": "FF5845FF",
        "cone": 360
      },
      {
        "type": "ParticleEffect",
        "lightOpacity": 0,
        "particles": 60,
        "length": 200,
        "lifetime": 480,
        "interp": "pow10Out",
        "sizeFrom": 48,
        "sizeTo": 24,
        "colorFrom": "787878",
        "colorTo": "78787810"
      },
      {
        "type": "ParticleEffect",
        "line": true,
        "particles": 20,
        "lifetime": 60,
        "offset": 30,
        "length": 370,
        "cone": -360,
        "strokeFrom": 15,
        "strokeTo": 0,
        "lenFrom": 20,
        "lenTo": 15,
        "colorFrom": "FF5845FF",
        "colorTo": "FF5845FF"
      },
      {
        "type": "ParticleEffect",
        "particles": 60,
        "length": 200,
        "lifetime": 80,
        "offset": 30,
        "cone": 360,
        "colorFrom": "FF5845FF",
        "colorTo": "FF5845FF",
        "sizeFrom": 9,
        "sizeTo": 0
      },
      {
        "type": "ParticleEffect",
        "particles": 40,
        "length": 300,
        "lifetime": 120,
        "interp": "circleOut",
        "cone": 360,
        "colorFrom": "FF5845FF",
        "colorTo": "FF5845FF",
        "sizeFrom": 7,
        "sizeTo": 1
      },
      {
        "type": "WaveEffect",
        "lifetime": 35,
        "sizeFrom": 156,
        "sizeTo": 0,
        "strokeFrom": 0,
        "strokeTo": 8,
        "colorFrom": "FF5845FF",
        "colorTo": "FF5845FF"
      },
      {
        "type": "WaveEffect",
        "lifetime": 65,
        "sizeFrom": 0,
        "sizeTo": 172,
        "strokeFrom": 13,
        "strokeTo": 0,
        "colorFrom": "FF5845FF",
        "colorTo": "FF5845FF"
      },
      {
        "type": "WaveEffect",
        "lifetime": 65,
        "sizeFrom": 0,
        "sizeTo": 162,
        "strokeFrom": 10,
        "strokeTo": 0,
        "colorFrom": "FF5845FF",
        "colorTo": "FF5845FF"
      }
    ]
  }
}










