{
	"type": "flying",
	"flying":true
   "description": "最基础的飞行战舰 代表着空中巨舰时代的开始",
      "name": "T2空中战列舰",
      "hitSize":20.5
      "size":20.5
      "health":2500,
      "drag": 0.05,	
      "armor": 10,
	"weapons": [
		{
    "x": 9.8,
    "y": -11,
    "rotate": true,
    "mirror": true,
    "name": T1空中战列舰主炮
    "top": true,
    "reload": 10,
    "range": 140,
    "shootSound": "malignShoot",
    "ammoPerShot":2
    "bullet": {
        			"type": "EmpBulletType",
			"timeIncrease": 1.5,
			"timeDuration": 60,
			"radius": 30,
			"powerDamageScl": 1.7,
			"powerSclDecrease": 0.6,
			"unitDamageScl": 1.5,
			"damage":40,
			"speed": 10,
			"bulletWidth": 32,
			"bulletHeight": 32,
			"trailEffect": "none",
			"smokeEffect": "none",
			"status":"electrified",
	        "statusDuration":180
			"lifetime":25,
			"backColor":"7575c8",
			"fontColor":"7575c8",
			"heatColor":"7575c8",
			"trailColor":"7575c8",   
			"homingRange": 100,
	        "homingPower": 0.2,
			"hitEffect":"flakExplosionBig",
            "despawnEffect":"flakExplosionBig",
            "trailLength":8,
	        "trailWidth":2,
	        "trailColor":"7575c8ff",
			}
		},
    {
    "x": 8,
    "y": 1,
    "rotate": true,
    "mirror": true,
    "name": T1空中战列舰主炮
    "top": true,
    "reload": 10,
    "range": 140,
    "shootSound": "malignShoot",
    "ammoPerShot":2
    "bullet": {
        			"type": "EmpBulletType",
			"timeIncrease": 1.5,
			"timeDuration": 60,
			"radius": 30,
			"powerDamageScl": 1.7,
			"powerSclDecrease": 0.6,
			"unitDamageScl": 1.5,
			"damage":40,
			"speed": 10,
			"bulletWidth": 32,
			"bulletHeight": 32,
			"trailEffect": "none",
			"smokeEffect": "none",
			"status":"electrified",
	        "statusDuration":180
			"lifetime":25,
			"backColor":"7575c8",
			"fontColor":"7575c8",
			"heatColor":"7575c8",
			"trailColor":"7575c8",   
			"homingRange": 100,
	        "homingPower": 0.2,
			"hitEffect":"flakExplosionBig",
            "despawnEffect":"flakExplosionBig",
            "trailLength":8,
	        "trailWidth":2,
	        "trailColor":"7575c8ff",
			}
		},

{
    "x": 0,
    "y":0,
    "rotate": true,
    "mirror": false,
    "name": T1空中战列舰主炮
    "top": true,
    "reload": 10,
    "range": 140,
    "shootSound": "malignShoot",
    "ammoPerShot":2
    "bullet": {
        			"type": "EmpBulletType",
			"timeIncrease": 1.5,
			"timeDuration": 60,
			"radius": 30,
			"powerDamageScl": 1.7,
			"powerSclDecrease": 0.6,
			"unitDamageScl": 1.5,
			"damage":40,
			"speed": 10,
			"bulletWidth": 32,
			"bulletHeight": 32,
			"trailEffect": "none",
			"smokeEffect": "none",
			"status":"electrified",
	        "statusDuration":180
			"lifetime":25,
			"backColor":"7575c8",
			"fontColor":"7575c8",
			"heatColor":"7575c8",
			"trailColor":"7575c8",   
			"homingRange": 100,
	        "homingPower": 0.2,
			"hitEffect":"flakExplosionBig",
            "despawnEffect":"flakExplosionBig",
            "trailLength":8,
	        "trailWidth":2,
	        "trailColor":"7575c8ff",
			}
		},

]
    "engine": [
     {
      "x": 0
      "y": 12
      "engineSize": 2
}
]


}