{
	"type": "flying",
         "engines": [
               {
			"x": -70,
			"y": -220,
			"radius": 8,
			"rotation":  45
		},
               {
			"x": -70,
			"y": -220,
			"radius": 8,
			"rotation":  45
		},
                ]
	"flying":true
   "description": "最基础的飞行战舰 代表着空中巨舰时代的开始",
      "name": "赤辅",
      "hitSize":30.5
      "size":30.5
      "layer": 0.00001
      "health":2500,
      "drag": 0.05,	
      "armor": 10,
"abilities": [
          {
      "type": "EnergyFieldAbility",
      "x": 0,
      "y": -10,
      "layer": 100
      "damage": 105,
      "reload": 60,
      "range": 500,
      "healPercent": 2,
      "effectRadius": 8,
      "sectors": 6,
      "sectorRad": 8,
      "hitEffect": {
        "type": "ParticleEffect",
        "particles": 2,
        "sizeFrom": 36,
        "sizeTo": 65,
        "baseLength": 0,
        "lifetime": 15,
        "colorFrom": "FF4141",
        "colorTo": "FF4141",
        "cone": 360     
     },       
     "damageEffect": "chainLightning",
      "maxTargets": 50,
      "color": "FF4141"
}
]






}