{
"type":"legs",
"name":"卡林奈",	
"controller":"BuilderAI"
"description":"信息缺失",
"details":"[red]遗失的远古科技 如此怪异的外形下 是其坚硬的装甲 强大的火力 极高的速度 需要将残骸拆解进行深度研究"
"speed": 1,
"hitSize":12,
"health": 91050
"armor": 2,	
"buildSpeed": 1,
"buildBeamOffset": 5,
"itemCapacity":500,
    "legCount": 8,
    "hovering": true,
    "lockLegBase": true,
    "legContinuousMove": true,
    "legExtension": 4,
    "maxStretch": 0.1,
    "legLength":190
    "legBaseOffset": 3.5,
    "legMaxLength": 1.8,
    "legMinLength": 0.8,
    "legMoveSpace": 1.7,
    	  "immunities": [
    "burning",
    "melting"
]
       "weapons": [
                          {
            "name": "炮管",
            "shoot": {
		"shots": 1,
		"type": "ShootAlternate",
		"barrels": 4,
		"spread": 30,		
		"shotDelay": 40
	          }
            "mirror": false,
            "range": 1520,
            "reload": 90,
            "shootSound": "largeExplosion", 
            "x": 0,
            "y": 88,
            "shootX": 0,
            "top": false,
            
          "bullet": {
          "type": "BasicBulletType",
          "lifetime": 50
          "speed": 8
          "damage": 9504
          "ammoMultiplier": 1
          "reloadMultiplier": 1
          "buildingDamageMultiplier": 1
          "absorbable": false
          "pierce": true,
          "pierceBuilding": true
          "pierceDamageFactor": 0.35
          "pierceCap": 100,
          "despawnHit": true,
          "recoil": 0
          "backColor": e46262,
          "frontColor": e46262,
          "trailInterval": 1,
          "width": 40
          "height": 40
          "trailLength": 15
          "trailWidth": 8
          "trailColor": e46262
          "smokePuff":e46262
          "spin": 0
          "shootEffect": {
            "type": "ParticleEffect",
            "region":"???的mod-轨道炮发射1",
            "particles": 1,
            "lifetime": 20
            "length": 0
            "colorFrom":e46262,
            "colorTo": e46262,
            "sizeFrom": 32,
            "sizeTo": 0,
            },
          "trailEffect": {
            "type": "ParticleEffect",
            "particles": 9,
            "lifetime": 20
            "length": 5
            "colorFrom": e46262,
            "colorTo": e46262,
            "sizeFrom": 8,
            "sizeTo": 2,
            },
          }
	}

    ]
}