{
	"type": "payload",
           "engineLayer":110,
           "engines": [
		{
			"x": 39,
			"y": -25,
			"radius": 4,
//大小
			"rotation": -45
//角度
		},
		{
			"x": -39,
			"y": -25,
			"radius": 4,
			"rotation":  -45
		},
                {
			"x": 10,
			"y": -25,
			"radius": 6,
			"rotation":  45
		},
                {
			"x": -10,
			"y": -25,
			"radius": 6,
			"rotation":  45
		},
			]

	"flying":true
   "description": "该机体集合了遗失的远古科技，武器系统更是令人恐惧不已，当它的信号响彻区块时，便意味着该地区一切都不复存在 ",
      "name": "绝迹",
      "faceTarget": false
      "rotateSpeed": 0.5,
      "hitSize":100.5
      "size":100.5
      "health":18500,
      "drag": 0.05,	
      "armor": 405,
      "immunities": [
           "unmoving",
           "slow",
           "wet",
           "electrified",
           "burning",
          ]
      "abilities": [
               {
                        "type": "ShieldArcAbility"
                        "whenShooting": false
                        "radius": 80
                        "angle": 140
                        "width": 30
                        "cooldown": 1000
                        "regen": 7
                        "max": 9000
                       }
                        ]
          "parts": [
                     {
            "type": "ShapePart",
            "y": 0,
            "color": "FF4141",
            "colorTo": "FF4141",
            "layer": 100,
            "stroke": 20,
            "circle": true,
            "hollow": true,
            "radius": 50,
            "radiusTo": 50
        },
                                      			],
                   "weapons":[
		{
			"x":10,
			"y":0,
            "mirror":true,
            "reload":25,
            "minShootVelocity":0.01,

            "soundPitchMin":1,
            "shootSound":"plasmadrop",
			
			"bullet":{
				"type":"BasicBulletType",
				"sprite":"large-bomb",
                                "width":30
				"height":30,
                                "maxRange":30,
                                "backColor":"FF4141",
                                "frontColor":"FF4141",
                                "mixColorTo":"FF4141",
                                "hitSound":"plasmaboom",
                                "despawnShake":4,
                                "collidesAir":false,
                                "lifetime":70,
                                "despawnEffect":"greenBomb",
                                "hitEffect":"massiveExplosion",
                                "keepVelocity":false,
                                "spin":2,
                                "shrinkX":0.7,
				"shrinkY":0.7,
                                "speed":0.001,
                                "collides":false,
                                "healPercent":15,
                                "splashDamage":920,
                                "splashDamageRadius":80

			}
		}
                  	{
			"x":50,
			"y":0,
            "mirror":true,
            "reload":35,
            "minShootVelocity":0.01,

            "soundPitchMin":1,
            "shootSound":"plasmadrop",
			
			"bullet":{
				"type":"BasicBulletType",
				"sprite":"large-bomb",
                "width":30
				"height":30,

                "maxRange":30,

                "backColor":"FF4141",
                "frontColor":"FF4141",
                "mixColorTo":"FF4141",

                "hitSound":"plasmaboom",

                "despawnShake":4,

                "collidesAir":false,

                "lifetime":70,

                "despawnEffect":"greenBomb",
                "hitEffect":"massiveExplosion",
                "keepVelocity":false,
                "spin":2,

                "shrinkX":0.7,
				"shrinkY":0.7,

                "speed":0.001,
                "collides":false,

                "healPercent":15,
                "splashDamage":220,
                "splashDamageRadius":80
			}
		}

	]




}