   {
	"type": "tank",
	"name": "White Tiger",
	"description": "[red]你永远也不知道祂从哪里出现",
	"squareShape": true,
	"omniMovement": false,
	"rotateMoveFirst": false,
        "deathExplosionEffect": "none",
        "deathSound": "not",
	"speed": 0.5,
	"drag":1,
	"mass":100, 
	"hitSize":80
	"size":80
	"loopSound": "combustion",
        "rotateSpeed": 0.5,
	"health":90000,
	"armor": 60,
        "range": 150,
            "treadRects": [
	  {
	    "x": -97.5,
	    "y": -4,
	    "width": 50,
	    "height": 164
	  },
	  {
	    "x": -97.5,
	    "y": -160,
	    "width": 50,
	    "height": 142
	  }
	  ],
        "weapons":[
	{
	"rotate":true,
	"name":"白虎-轨道炮"
        "top": true
        "x": 0
        "y": 0
        "mirror": false,
	"reload": 600,
	"inaccuracy": 0
	"rotateSpeed": 0.5
        "shoot": {
        "shots": 3
        "shotDelay": 60
       	  },
	"shootSound": "railgun",
	"bullet": {
          "type": "BasicBulletType",
          "lifetime": 150
          "speed": 8
          "damage": 8000
          "ammoMultiplier": 1
          "reloadMultiplier": 1
          "buildingDamageMultiplier": 1
          "absorbable": false
          "pierce": true,
          "pierceBuilding": true
          "pierceDamageFactor": 0.35
          "pierceCap": 100,
          "despawnHit": true,
          "recoil": 0
          "backColor": def4ff,
          "frontColor": def4ff,
          "trailInterval": 1,
          "width": 40
          "height": 40
          "trailLength": 15
          "trailWidth": 8
          "trailColor": def4ff
          "smokePuff":def4ff
          "spin": 0
          "shootEffect": {
            "type": "ParticleEffect",
            "region":"???的mod-轨道炮发射1",
            "particles": 1,
            "lifetime": 20
            "length": 0
            "colorFrom":def4ff,
            "colorTo": def4ff,
            "sizeFrom": 32,
            "sizeTo": 0,
            },
          "trailEffect": {
            "type": "ParticleEffect",
            "particles": 9,
            "lifetime": 20
            "length": 5
            "colorFrom": def4ff,
            "colorTo": def4ff,
            "sizeFrom": 8,
            "sizeTo": 2,
            },
          }
	}
	]
"abilities": [
{
    "type": "RegenAbility"
    "percentAmount": 0.05
  }	   
    {
      "type": "EnergyFieldAbility",
      "x": 0,
      "y": -20,
      "damage": 500,
      "reload": 60,
      "range": 300,
      "healPercent": 2,
      "effectRadius": 4,
      "sectors": 6,
      "sectorRad": 0.11,
      "hitEffect": {
        "type": "ParticleEffect",
        "particles": 1,
        "sizeFrom": 16,
        "sizeTo": 35,
        "baseLength": 0,
        "lifetime": 15,
        "colorFrom": "def4ff",
        "colorTo": "def4ff00",
        "cone": 360     
     },       
     "damageEffect": "chainLightning",
      "maxTargets": 50,
      "color": "def4ff"
}
{
        "type": "SpawnDeathAbility",
        "spread": 0,
        "amount":1,
        "unit": "白虎"
     },
  ]
}