{
    "name":"天威",
    "description":"如惶惶天威般全方位打击范围内的敌方单位，但无法攻击敌方建筑。",
    "type":"ItemTurret",
    "reload":900,
    "health":8000,
    "recoil":0,
    "rotateSpeed":0,
    "shootCone":360,
    "range":480,
    "shake":5,
	//屏幕晃动
    "outlineIcon":true,
    //图标描边
    "heatColor":"ffea00",
    "size":4,
    "armor":20,
    "shoot":{
    	"type":"ShootSpread",
    	"shots":360,
        "spread":1,
    },
    "liquidCapacity":120,
    //液体容量
    "inaccuracy":0,
    "targetAir":true,
    "targetGround":true,
    "ammoUseEffect":"shieldWave",
    "maxAmmo":20,
    "ammoPerShot":10,
    "ammoTypes":{
        "铧":{
            "sprite":"星界探索-天威a"
    "collidesTiles":false,
    "speed":8,
    "rangeChange":80
    "status":"melting",
    "statusDuration":1800,
    "height":68,
    "width":12,
    "drawSize":0,
    "hitSize":16,
    "pierce":true,
    "lifetime":90,
    "knockback":1,
    "ammoMultiplier":1,
    "reloadMultiplier":2,
    "damage":200,
    "hitEffect":"ballfire",
    "despawnEffect":"none",
    "shootEffect":"none",
    "smokeEffect":"none",
    "incendChance":0,
    "frontColor":"FF3333",
    "backColor":"FF0000",
        },
        "titanium":{
            "sprite":"星界探索-天威a"
    "collidesTiles":false,
    "speed":8,
    "status":"freezing",
    "statusDuration":1800,
    "height":58,
    "width":10,
    "drawSize":0,
    "hitSize":16,
    "pierce":true,
    "lifetime":70,
    "knockback":2,
    "ammoMultiplier":1,
    "reloadMultiplier":3,
    "damage":33,
    "hitEffect":"hitLiquid",
    "despawnEffect":"none",
    "shootEffect":"none",
    "smokeEffect":"none",
    "incendChance":0,
    "frontColor":"8998E5FF",
    "backColor":"9DB2FAFF",
        },
        "surge-alloy":{
            "sprite":"星界探索-天威a"
    "collidesTiles":false,
    "speed":8,
    "status":"shocked",
    "statusDuration":1800,
    "height":64,
    "width":11,
    "drawSize":0,
    "hitSize":16,
    "pierce":true,
    "lifetime":74,
    "knockback":0.1,
    "ammoMultiplier":1,
    "reloadMultiplier":1.75,
    "damage":166,
    "hitEffect":"hitLaserColor",
    "despawnEffect":"none",
    "shootEffect":"none",
    "smokeEffect":"none",
    "incendChance":0,
    "frontColor":"FFFF33",
    "backColor":"FFFF00",
    "lightningColor":"FFFF00",
    "lightning":1,
    "lightningLength":5,
    "lightningDamage":33,
        },
        "phase-fabric":{
            "sprite":"星界探索-天威a"
    "collidesTiles":false,
    "speed":8,
    "status":"burning",
    "statusDuration":1800,
    "height":58,
    "width":10,
    "drawSize":0,
    "hitSize":16,
    "pierce":true,
    "lifetime":73,
    "knockback":0.5,
    "ammoMultiplier":1,
    "reloadMultiplier":2,
    "damage":133,
    "hitEffect":"ballfire",
    "despawnEffect":"none",
    "shootEffect":"none",
    "smokeEffect":"none",
    "incendChance":0,
        },
        "thorium":{
            "sprite":"星界探索-天威a"
    "collidesTiles":false,
    "speed":8,
    "status":"corroded",
    "statusDuration":1800,
    "height":58,
    "width":10,
    "drawSize":0,
    "hitSize":16,
    "pierce":true,
    "lifetime":72,
    "knockback":0,
    "ammoMultiplier":1,
    "reloadMultiplier":1.5,
    "damage":66,
    "hitEffect":"hitLiquid",
    "despawnEffect":"none",
    "shootEffect":"none",
    "smokeEffect":"none",
    "incendChance":0,
        },
    },
    "consumes":{
        "liquid":{
            "liquid":"cryofluid","amount":1,
        },
    },
    "requirements":[
        "铧/650",
        "lead/1500",
        "titanium/1000",
        "thorium/850",
        "surge-alloy/155",
        "graphite/300",
        "plastanium/650",
        "phase-fabric/600",
        ],
        "category":"turret",
        "research":"毒雾",
        "shootSound":"天威音效",
    
}
