{
	"type": "LiquidTurret",
	"name": "海妖",
	"squareSprite": false,
	"description": "超高速的向敌人喷射液体流，使用水做弹药时能够自动灭火。",
	"health":3000,
	"size":3,
	"armor":3,
	"reload":1,
	"range":320,
	"liquidCapacity":60,
	"outlineColor":"212121",
	//轮廓颜色
	"shootSound":"shootLiquid",
	"inaccuracy":1,
	//子弹偏移
	"maxAmmo":60,
	"ammoTypes": {
		"water": {
		    //水子弹
		    "type":"LiquidBulletType"
		    "liquid":"water"
			"speed": 9,
			//速度
			"status":"wet",
			"statusDuration":600,
			"damage":1,
			"ammoMultiplier":0.5,
			"knockback":1.75,
			"orbSize":3.5,
			"drag":0.01,
			"lifetime":43
			//存在时间
		},
		"砛溶液": {
		    "type":"LiquidBulletType"
		    "liquid":"砛溶液"
			"speed": 9,
			//速度
			"damage":1,
			"status":"强冻结",
			"statusDuration":600,
			"ammoMultiplier":0.5,
			"knockback":1.4,
			"orbSize":3.5,
			"drag":0.01,
			"lifetime":43
			//存在时间
		},
		/*"孢子抑制液": {
		    "type":"LiquidBulletType"
		    "liquid":"孢子抑制液"
			"speed": 9,
			//速度
			"status":"孢子抑制",
			"statusDuration":480,
			"damage":1,
			"orbSize":3.5,
			"ammoMultiplier":0.5,
			"knockback":1.5,
			"drag":0.01,
			"lifetime":38
			//存在时间
		},*/
	},
	"requirements": [
	    "锺/300",
	    "斥焰合金/80",
	    "thorium/120",
	    "graphite/120"
	],
	"category": "turret",
	"research": "溪流"
}