{
	"type": "ItemTurret",
	//炮塔类型有: 
	"name": "火神",
	"description": "极限的射速，超高的秒伤。",
	"health": 1640,
	"size": 3,
	"reload":5,
	//装弹时间，越小越快(60为1秒)
	"range": 280,
	//射程(半径,8代表一格)
	"inaccuracy":0,
	//子弹偏转度
	"recoil":3,
	//后坐力
	"shake":1,
	//屏幕晃动
	"rotateSpeed":5,
	//炮台转动速度
	"maxAmmo":60,
	//弹药量
	"ammoUseEffect":"casing3",
	"shootSound":"shootBig",
	"consumes":{
		"coolant": {
            //冷却剂
            "amount": 1,
            "optional": true
        },
	},
	"liquidCapacity":120,
	"coolantMultiplier":5,
	//液体加速百分比
	"alwaysUnlocked":false,
	//科技树里是否默认解锁
	"ammoTypes": {
		"plastanium": {
		//朔钢子弹
			"speed": 15,
			//速度
			"damage":25,
			"pierce":true,
			//是否穿透
			"pierceCap":3,
			"pierceBuilding":true,
			//穿透建筑
			"pierceDamageFactor":0.2,
			//穿透建筑倍率
			"reloadMultiplier":0.5,
			"ammoMultiplier":4,
			"knockback":0.4,
			"width":9
			"height":36
			"inaccuracy":2.5,
			//额外偏移度
			"backColor":"C6D676FF",
			//子弹边缘颜色
			"frontColor":"EBF2A2FF",
			//子弹中心颜色
			"fragBullets":5,
			"fragBullet":{
			    "type":"BasicBulletType",
			    "width":9,
			    "height":3,
			    "pierce":true,
			    "pierceCap":2,
			    "lifetime":6,
			    "speed":5.5,
			    "damage":18,
			    "backColor":"C6D676FF",
			    //子弹边缘颜色
			    "frontColor":"EBF2A2FF",
			    //子弹中心颜色
			    "hitEffect":"none",
			    "despawnEffect":"none",
			    }
			"smokeEffect": "shootBig2",
			"hitEffect":"plasticExplosion",
			"lifetime": 25
			//存在时间
		},
		"surge-alloy": {
		//巨浪子弹
			"speed": 17,
			//速度
			"status":"shocked",
			"damage":30,
			"pierce":"true",
			"pierceCap":5,
			"pierceBuilding":true,
			//穿透建筑
			"pierceDamageFactor":0.2 
			//穿透建筑伤害倍率
			"reloadMultiplier":0.7,
			"ammoMultiplier":4,
			"knockback":0.8,
			"width":11,
			"height":44,
			"inaccuracy":1,
			"lightningDamage":20,
			//闪电伤害
			"lightning":3,
			//闪电数量
            "lightningLength":6,
            //闪电长度
			"smokeEffect": "shootBigColor",
			"lifetime": 24
		},
		"metaglass": {
		    //钢化玻璃
			"speed":11,
			"damage":20,
			"reloadMultiplier":0.4,
			"ammoMultiplier":5,
			"knockback":0.2,
			"width":8,
			"height":32,
			"inaccuracy":4,
			"fragBullets":3,
			"fragBullet":{
			    "type":"BasicBulletType",
			    "width":8,
			    "height":2.7,
			    //"pierce":true,
			    //"pierceCap":5,
			    "lifetime":6,
			    "speed":4,
			    "damage":12,
			    "backColor":"FFFFFFFF",
			    //子弹边缘颜色
			    "frontColor":"FFFFFFFF",
			    //子弹中心颜色
			    "hitEffect":"none",
			    "despawnEffect":"none",
			}
			"smokeEffect": "shootHealYellow",
			"hitEffect":"flakExplosion",
			"lifetime":30,
		},
		"copper": {
		    //铜
			"speed":10,
			"damage":10,
			"reloadMultiplier":0.7,
			"ammoMultiplier":4,
			"width":6,
			"height":24,
			"inaccuracy":3,
			"smokeEffect": "shootHealYellow",
			"lifetime": 28
		}
		"lead": {
		    //铅
			"speed":10,
			"damage":10,
			"reloadMultiplier":1,
			"ammoMultiplier":4,
			"width":6,
			"height":24,
			"inaccuracy":2,
			"smokeEffect": "shootHealYellow",
			"lifetime":30
		},
		"titanium": {
		    //钛
			"speed":11,
			//"status":"freezing",
			"damage":15,
			"pierce":true,
			"pierceCap":1,
			"reloadMultiplier":1,
			"ammoMultiplier":6,
			"width":7,
			"height":28,
			"inaccuracy":1.5,
			"smokeEffect": "shootHealYellow",
			"lifetime": 30
			"backColor":"8998E5FF",
			//子弹边缘颜色
			"frontColor":"9DB2FAFF",
			//子弹中心颜色
		},
		"pyratite": {
		    //硫
			"speed": 9,
			"status":"burning",
			"damage":10,
			"makeFire":true,
			"reloadMultiplier":0.6,
			"ammoMultiplier":5,
			"width":7,
			"height":28,
			"inaccuracy":3.5,
			"splashDamageRadius":18.4,
			"splashDamage":25,
			"smokeEffect": "pulverizeRed",
			"lifetime": 37
			"backColor":"CC6600",
			//子弹边缘颜色
			"frontColor":"FFAA33",
			//子弹中心颜色
		},
	},
	"requirements": [
	    "copper/250" ,
	    "thorium/125",
	    "titanium/150",
	    "plastanium/165"
	],
	"category": "turret",
	"research": "cyclone"
}