{
	"type": "PowerTurret",
	"name": "超导",
	"description": "向敌人发射电浆追踪导弹。",
	"targetAir":true,
	//是否攻击空军
	"targetGround":true,
	//是否攻击地面目标
	"health":1200,
	//生命值
	"size":2,
	//尺寸
	"inaccuracy":15,
	//子弹偏移度
	"reload":60,
	//射速
	"hasPower":true,
	//是否用电
	"shootSound":"missile",
	//音效
	"consumes":{
		"power":9.25,
		"coolant": {
            //冷却剂
            "amount": 0.2,
            "optional": true
        },
	},
	"liquidCapacity":24,
	//"coolantMultiplier":4,
	//液体加速百分比
    //"coolEffect":"freezing",
    //液体加速特效
	"rotateSpeed":25,
	//炮台转动速度
	"range":220,
	//射程
	"xRand":0,
	"shoot":{
    	"type":"ShootAlternate",
    	"barrels":3,
		//炮口数量
		"spread":3.5,
		//炮口间距设定
		"shots":6,
		//每次射出子弹数
		"shotDelay":5,
		//射击延迟
    },
	"shootCone":1,
	"shootType":{
	"type":"MissileBulletType",
	"damage":8,
	//伤害
	"status":"electrified",
	"statusDuration":180,
	"splashDamageRadius":19,
	"splashDamage":36,
	"width":5,
	"height":15,
	"pierce":false,
	"speed":6,
	"lifetime":42,
	"homingPower":0.08,
	//追踪力度
	"homingRange":40,
	//追踪范围
	"hitEffect":"flakExplosion",
	//子弹击中特效
	"trailColor":"00DDDD",
	//尾迹颜色
	"backColor":"00BBFF",
	"frontColor":"00DDDD",
	"recoil":4
	},
	"requirements": [
	    "titanium/100",
	    "lead/100",
	    "silicon/50"
	],
	"category": "turret",
	"research": "lancer"
	}
