{
    "type": "LogicBlock",
    "range":96,
    "instructionsPerTick":5,
    "size":1,
    "armor":1,
    "health":100,
    "name":"晶体处理器",
    "category": "logic",
	"requirements":[
	    "锺/50",
	    "graphite/50",
	    "silicon/80",
	    ],
	    "research": {
		"parent":"讯息板",
		/*"objectives": [
        "初级数理化"
    ]*/
    "requirements":[
        "锺/2000",
        "graphite/2000",
        "silicon/3200"
        ]
	},
    "description":"循环运行一系列逻辑指令，可用于控制单位和建筑物。"
}
