{
 "type":"MemoryBlock",
 "memoryCapacity":102400,
 "size":3,
 "armor":15,
 "health":1500,
 "name":"重核内存库",
 "description":"利用铧元素所制的核心来存储处理器的信息，容量非凡。"
 "category": "logic",
 "requirements": [
    "铧/80"
    "锺/120",
    "graphite/160",
    "silicon/30",
    "phase-fabric/50",
	],
	"research": {
		"parent": "强化内存库",
		/*"objectives": [
        "中级文化",
        "中级数理化"
    ]*/
    "requirements":[
        "铧/3200",
        "锺/4800",
        "graphite/6400",
        "silicon/1200",
        "phase-fabric/2000"
        ]
	},
}