{
	"type": "GenericCrafter",
	"name": "冷冻液压缩机",
	"description": "制作永恒奇点的材料",
	"details":"谢谢流星",
	"outputItems":["冷冻液奇点/1",]//产出
	"size":2,//建筑大小
	"health":210,//血量
	"craftTime":1800,//÷60
	"itemCapacity":1073741824,//容量
	"liquidCapacity":400,
	"consumes": {
    "power":83.333333333333//×60
    "liquids":{
        "liquids":[
              "cryofluid/6.6666666666666",
        ]
},
	}
    "requirements": [
                "copper/10",
                "物液板/10",
	],//建造材料
    "category": "liquid",
	"research":"石油压缩机",
	"idleSound":"respawning",
	"updateEffect":"smeltsmoke",
	"idleSoundVolume": 0.5
	"hasPower": true,
	"hasLiquids": true,
	"hasItems": true,
}