{
  "type": "flying",
  "health": 780,
  "hitSize": 8,
  "speed": 3,
  "armor": 10,
  "rotateSpeed": 3,
  "flying": true,
  "engineSize": 3,
  "engineColor": "ffa664",
  "circleTarget": true,
  "drag": 0.02,
  "weapons": [
    {
      "name": "elapse-weapon",
      "mirror": true,
      "x": 4,
      "y": 0,
      "shootY": 4,
      "shootSound": "pew",
      "rotate": true,
      "reload": 30,
      "recoil": 0.7,
      "shoot": {
        "shots": 3,
        "shotDelay": 10
      },
      "top": true,
      "bullet": {
        "type": "BasicBulletType",
        "damage": 30,
        "speed": 6,
        "lifetime": 60,
        "width": 7,
        "height": 10,
        "shrinkY": 0
      }
    }
  ]
}