{
	"type": "GenericCrafter",
	"outputLiquid":"neoplasm/1.2"
	"hasLiquids": true,
	"itemCapacity": 60,
		"health": 2000,
	"size": 4,
	"hasPower": true,
	"hasLiquids": true,
		"drawer":{
	    "type":"DrawMulti",
	    "drawers":[
	    {
	    "type":"DrawRegion",
	    "suffix":"-bottom"
	    },
	    {
	       "type":"DrawLiquidRegion",
	    "drawLiquid":"neoplasm"
	    },
	    {
				"type":"DrawRegion",
				"suffix":"-转"
				"rotateSpeed":4
			}
	    "DrawDefault"
	]},
	"craftTime": 140,
    "liquidCapacity": 100,
	"consumes": {
    "power":2.5,
    "items": {
	"items": [
	{ "item": "thorium", "amount": 7 }
	]
	}
    "liquids":
    {
    "liquids":
    [
{"liquid": "water", "amount": 0.4 }
{"liquid": "arkycite", "amount": 0.3 }
    ]
    }
    }
"requirements": [
    "thorium/490"
    "列位石/200"
	"oxide/300",
	],
	"category": "crafting",
	"research":"列位合金炉"
	
}