{
  "type": "GenericCrafter",
  "hasLiquids": true,
  "rotate": true
  "liquidOutputDirections": [ 1, 3 ],
  "outputLiquids": [ "ozone/0.2", "hydrogen/0.4"],
  "health": 3000,
  "size": 4,
  "liquidCapacity":120
  "hasPower": true,
  "hasItems": false,
  "drawer": {
    "type": "DrawMulti",//type，不动
    "drawers": [//格式不能改
      {
        "type": "DrawRegion",
        "suffix": "-bottom"//后缀，自由修改
      },//{}里面的是一个draw贴图
      {
        "type": "DrawLiquidRegion",
        "drawLiquid": "water"
      },//draw一个液体图层，后缀 -liquid
      "DrawDefault"//draw本体
      "DrawRegion"
      "DrawLiquidOutputs"//draw左右液体，后缀 -液体名，亮色1 暗色2 （大型电解机-ozone-output1）
      {
        "type": "DrawRegion",
        "suffix": "-top"
      },//draw一个图层，自己画
      {
        "type": "DrawGlowRegion"
        "color": "c4bdf3"//发光颜色
      }//draw一个发光图层，自己画
    ]
  },//draw按从上到下的顺序
  "craftTime": 60,
  "liquidCapacity": 60,
  "consumes": {
    "power": 4,
    "liquid": {
      "liquid": "water",
      "amount": 0.5
    }
  }
  "requirements": [
    "silicon/120",
    "beryllium/80",
    "tungsten/80",
    "oxide/40"
  ],
  "category": "crafting",
  "research": "electrolyzer"

}