{
  "type": "HeatCrafter",
  "outputLiquid": "cyanogen/0.26",
  "health": 3000,
  "itemCapacity": 30,
  "heatRequirement": 10,
  "size": 5,
  "hasPower": true,
  "hasLiquids": true,
  "drawer": {
    "type": "DrawMulti",
    "drawers": [
      {
        "type": "DrawRegion",
        "suffix": "-bottom"
      },
      {
        "type": "DrawLiquidTile",
        "drawLiquid": "cyanogen"
      },
      "DrawDefault"
    ]
  },
  "craftTime": 60,
  "liquidCapacity": 60,
  "consumes": {
    "power": 1,
    "items": {
      "items": [
        {
          "item": "graphite",
          "amount": 1
        }
      ]
    },
    "liquid": {
      "liquid": "nitrogen",
      "amount": 0.3
    }
  },
  "requirements": [
    "carbide/90",
    "thorium/90",
    "oxide/20"
  ],
  "category": "crafting",
  "research": "cyanogen-synthesizer"

}