{
	"type": "ItemTurret",
	"name": "电磁炮",
	"description": "释放充能铜里的电",
	"health": 1000,
	"size": 3,
//	"reloadTime":30,
	"reload": 30,
	"range": 260,
	"targetAir":true,
	"ammoUseEffect": "smoke",
	"shootSound":"漏电",
	"inaccuracy": 1,
	"targetGround":true,
    "ammoPerShot": 3,
	"rotateSpeed": 5,
//	"shots": 2,
	"heatColor":"0966f4",
	"ammoTypes": {
		"充能铜": {
			"type": "BasicBulletType",
			"splashDamageRadius":100,
			"splashDamage":15,
			"speed": 7,
			"damage": 20,
			"width": 50,
			"height": 50,
			"trailEffect": "smoke",
			"smokeEffect": "mineBig",
			"ammoMultiplier": 1,
            "lightning": 20,
			"lightningLength": 50,
			"lifetime": 100,
			"backColor":"#BBBC91",
			"frontColor":"0966f4",
			"trailColor":"3C14eC"
		}
	},
	"requirements": [
		{ "item": "充能铜", "amount": 10 },
		{"item":"冰块","amount":100}
	],
	// 添加冷却剂
	"consumes": {
		"coolant": {
			"amount": 0.1
		}
	},
	"category": "turret",
	"research": "duo"
}