{
"name": "矿渣钻井",
"description": "更高效",
"type": "SolidPump",
"liquidCapacity":50,
"result": "slag",
"updateEffect": "pulverize",
"updateEffectChance": 0.05,
"size": 3,
"rotateSpeed": 3,
"consumes": {
"power": 4,
"liquid": {
"liquid": "cryofluid",
"amount": 0.15
"booster": false,
"optional": false,
},},
"pumpAmount": 0.3,
"drillTime": 1,
"requirements": [
{ "item": "copper", "amount": 160 },
{ "item": "lead", "amount": 100 },
{ "item": "silicon", "amount": 75 },
{ "item": "graphite", "amount": 150 },
{ "item": "metaglass", "amount": 50 },
{ "item": "钛合金", "amount": 50 },
],
"category": "production",
"research": "矿渣抽取机"
}