{
	"type": "flying",//类形
	"name": "星尘C代号001",//名字
	"description": "拥有3种武器的核心机",/*描述，简介！ */
	"speed": 5,//速度
	"drag": 0.05,//拖曳？
	"accel": 0.1,//加速？
	"rotateSpeed": 10,//旋转速度
	"ammoType": {
		"type": "PowerAmmoType",//类形
		"totalPower": 800//总功率？
	},//弹药类形？
	"ammoCapacity": 180,//弹药容量
	"hitSize": 15,//大小
	"flying": true,//飞行
	"mineSpeed": 10,/*挖矿速度 1=100% */
    "mineTier": 3,/*挖矿等级，你可以挖什么矿 */
    "buildSpeed": 2,/*构建速度 1=100%*/
    "commandLimit": 64,/*命令限制，能让多少单位跟着你！ */
    "abilities": [/*能力（如力场防御等） */
    {
    "type":"ForceFieldAbility",/*类型:力场能力 */
    "radius": 30,/*半径大小，按8/格算！ */
    "regen": 1,/*再生，力场回血的速度，别过高！ */
    "max": 300,/*力场血量上限 */
    "cooldown": 600,}/*冷却时间，力场打没了之后重新出现的时间 */
    ],/*如果不用可以删除！别告诉我删都不会删！ */
	"faceTarget": true,//面部目标？
	"drawMinimap": true,//绘制小地图
	"health": 100,//血量
	"armor": 5,//护甲
	"engineOffset": 8,//发动机偏移
	"engineSize": 3,//发动机大小
	"itemCapacity": 100,//容量
	"immunities": [
		"freezing"
	],//免疫Buff
        /*"requirements": {
		"block": "air-factory",
		"time": 1500,
		"requirements": [
			"titanium/15",
			"silicon/20"]},*/
	"weapons": [
		{
			"name": "雷星",
			"mirror":"false",/*镜像，是否对称 */
			"x": 0,
			"y": -1,
			"reload": 8,//重新装填弹药时间
			"shootEffect":"shootSmall",/*射击效果 */
			"top": false,//顶端
			"rotate": false,//是否旋转
			"shootSound": "雷星s",//射击音效
			"idleSoundVolume": 0.1
			"bullet": {
                "reloadTime": 180,//攻击范围
                "buildingDamageMultiplier":0.25/*对建筑物伤害/乘数 */
                "status": "burning",//状态
			    "statusDuration": 600,//状态持续时间
				"sprite": "circle-bullet",//雪碧？
				"shrinkY": 0,//缩泥？
				"frontColor": "70DBDB",//正面颜色
				"backColor": "CFB53B",//背面颜色
				"hitEffect": {
				"type": "WaveEffect",//种类
				"lifetime": 30,//弹药消失时间
				"sizeFrom": 2,//大小从？
				"sizeTo": 10,//大小？
				"strokeFrom": 2,//中风从？
				"strokeTo": 0,//中风
				"colorFrom": "CFB53B",//颜色从
				"colorTo": "70DBDB"//颜色到
				},//子弹设置
				"shootEffect": "none",//射击效果
				"smokeEffect": "none",//烟雾效应？
				"despawnEffect": {
					"type": "ParticleEffect",//类型
					"particles": 1,//颗粒？
					"sizeFrom": 1,//尺寸从？
					"sizeTo": 0,//导致？
					"length": 0,//长？
					"baseLength": 0,//基线长度
					"lifetime": 12,//存在时间
					"colorFrom": "CFB53B",//颜色从
					"colorTo": "70DBDB"//颜色到
				},//？
				"damage": 18,//伤害
				"width": 6,//子弹宽
				"height": 6,//子弹长
				"speed": 8,//速度
				"lifetime": 36//子弹存在时间
				"splashDamageRadius":25,//爆炸伤害范围
                "splashDamage":8,//爆炸伤害
			}
		},
			{
			"name": "星光",
			"x": 0,
			"layer": 50,//层
			"mirror": false,//镜像
			"shootY": 3.5,//拍摄Y？
			"reload": 20,//重新装填弹药时间
			"rotate": false,//是否旋转
			"shootCone": 15,//射锥？
			"recoil": 0,//退缩？
            "heatColor": "CFB53B",//火色
			"cooldownTime": 50,//冷却时间
			"idleSoundVolume": 0.3//音量
			"shootSound": "missile",//射击音效
            "shoot": {
			"type": "ShootPattern",//类型
			"firstShotDelay": 30//首次射击延迟
			},//拍摄
			"parts": [
				{
					"type": "ShapePart",//类型 成型零件
					"progress": "warmup",//进展？ 加热
					"color": "CFB53B",//颜色
					"layer": 100,//层
					"circle": true,//圆圈？
					"hollow": false,//空洞的
					"radius": 0.8,//半径
					"radiusTo": 1.8,//半径到
					"x": 0,//横
					"y": 7//纵
				}
			],//部份
			"bullet": {
				"type": "PointBulletType",//类型现在是尖头子弹类型
				"trailSpacing": 3,//轨迹间距？
				"trailEffect": {
					"type": "MultiEffect",//类型现在的类型是合成效果器
					"effects": [
						{
							"type": "ParticleEffect",//类型现在的类型是粒子效果
							"particles": 1,//颗粒？
							"length": 0,//长
							"baseLength": 1,//基线长？
							"lifetime": 10,//存在时间
							"line": true,//线
							"randLength": false,//兰特长度？
							"lenFrom": 3.3,//从…开始？
							"lenTo": 3.3,//缓慢的了
							"strokeFrom": 1.2,//中风从？
							"strokeTo": 0,//中风
							"colorFrom": "CFB53B",//颜色从
							"colorTo": "00FFFF",//颜色到
							"cone": 0//圆锥？
						},
						{
							"type": "ParticleEffect",//类型 粒子效果
							"particles": 0.1,//颗粒
							"sizeFrom": 0,//尺寸从？
							"sizeTo": 0.1,//导至？
							"length": 0,//长
							"baseLength": 0.5,//基线长度
							"lifetime": 15,//子弹消失延迟
							"colorFrom": "00FFFF",//颜色从
							"colorTo": "CFB53B"//颜色到
						}
					]//影响
				},//拖效果
				"buildingDamageMultiplier": 0.1,//对建筑物造成的伤害百分比
				"damage": 20,//伤害？
				"lifetime": 20,//子弹消失延迟
				"speed": 10,//速度
				"splashDamageRadius": 30,//飞溅伤害半径
				"splashDamage": 5,//溅射伤害
				"status": "freezing",//给敌人附上的buff
				"statusDuration": 300,//持续时间60为一秒
				"chargeEffect": {
					"type": "ParticleEffect",//类型 粒子效果
					"particles": 4,//颗粒
					"sizeFrom": 0,//尺寸从，此处为射击时吸收的颗粒
					"sizeTo": 1,//尺寸到，此处为射击时吸收的颗粒
					"length": -20,//长
					"baseLength": 35,//基线长度
					"lifetime": 55,//消失时间
					"colorFrom": "CFB53B",//颜色从
					"colorTo": "00FFFF"//颜色到
				},//电荷效应？
				"shootEffect": {
					"type": "WaveEffect",//类型 波动效应
					"lifetime": 15,//消失时间
					"sizeFrom": 1,//尺寸从
					"sizeTo": 15,//尺寸到
					"strokeFrom": 1,//中风从？
					"strokeTo": 0,//中风到？
					"colorFrom": "CFB53B",//颜色从
					"colorTo": "00FFFF"//颜色到
				},//射击效果
				"smokeEffect": "none",
				"hitSound": "explosion",
				"hitEffect": {
					"type": "MultiEffect",
					"effects": [
						{
							"type": "ParticleEffect",
							"particles": 8,
							"sizeFrom": 2,
							"sizeTo": 0,
							"length": 35,
							"baseLength": 0,
							"lifetime": 25,
							"interp": "pow5Out",
							"colorFrom": "c0ecff",
							"colorTo": "c0ecff"
						},
						{
							"type": "WaveEffect",
							"lifetime": 15,
							"sizeFrom": 1,
							"sizeTo": 30,
							"strokeFrom": 3,
							"strokeTo": 0,
							"colorFrom": "c0ecff",
							"colorTo": "c0ecff"
						}
					]
				},
				"despawnEffect": {
					"type": "ParticleEffect",
					"particles": 1,
					"sizeFrom": 4,
					"sizeTo": 0,
					"length": 0,
					"baseLength": 0,
					"lifetime": 26,
					"colorFrom": "c0ecff",
					"colorTo": "c0ecff"
				}
			}
		}
	
       ]//武器
    "research": "星尘核心",//研究
}