{
	"type": "GenericCrafter",
	"name": "尘埃聚合厂",
	"description": "用于生产黏士.",
	"outputItem": {
		"item": "黏土", "amount": 1
	},
	"itemCapacity": 10,
	"size": 2,
	"hasPower": true,
	"hasLiquids":false,
	"hasItems": true,
	"craftTime": 40,
	"updateEffect": "smoke",
	"consumes": {
		"power": 0.2,
		"items": {
			"items": [
	            { "item": "尘埃", "amount": 2 }
			]
	}
	},
			"requirements": [
		{ "item": "silicon", "amount": 70 },
		{ "item": "copper","amount": 50 }
	],
	"category": "crafting",
	"research": "尘埃收集器",
	"alwaysUnlocked": false,
	"idleSound": "respawning",
	"idleSoundVolume": 0.5
	"drawer":[
	    {
	        "type":"DrawDefault"
	    },
	    {
            "type": "DrawFlame",
	    },
	]
}