{
	"type": "GenericCrafter",
	"name": "水泥提纯机",
	"description": "用于提炼出纯水泥.",
	"outputItem": {
		"item": "纯水泥", "amount": 3
	},
	"itemCapacity": 30,
	"size": 3,
	"updateEffect": "formsmoke",
	"hasPower": true,
	"hasLiquids":true,
	"hasItems": true,
	"craftTime": 40,
	"liquidsTime": 50,
	"consumes": {
		"power": 6.8,
		"items": {
			"items": [
				{ "item": "水泥", "amount": 5 }
		        { "item": "煤粉", "amount": 2 }
			]
	},
	"liquid":{"liquid":"water","amount": 0.34 } 
	},
			"requirements": [
		{ "item": "塑钢板", "amount": 30 },
		{ "item": "塑料","amount": 100 },
		{ "item": "钛板", "amount": 60 },
		{ "item": "铜板", "amount": 60 }
			],
	"category": "crafting",
	"research": "水泥制造机",
	"alwaysUnlocked":false,
	"idleSound": "respawning",
	"idleSoundVolume": 0.5
	"drawer":[
	    {
	        "type":"DrawDefault"
	    },
	    {
            "type": "DrawFlame",
            "flameColor": "858585FF"
	    },
	]
}