{
	"type": "GenericCrafter",
	"name": "沙子打磨机",
	"description": "用于生产细沙.",
	"outputItem": {
		"item": "细沙", "amount": 4
	},
	"itemCapacity": 10,
	"size": 2,
	"hasPower": true,
	"hasLiquids":false,
	"hasItems": true,
	"craftTime": 30,
	"updateEffect": "smoke",
	"consumes": {
		"power": 1.2,
		"items": {
			"items": [
				{ "item": "sand", "amount": 2 },
			]
	}
	},
			"requirements": [
		{ "item": "silicon", "amount": 70 },
		{ "item": "塑料", "amount": 20 },
		{ "item": "钛板", "amount": 40 },
		{ "item": "铜板","amount": 60 }
	],
	"category": "crafting",
	"research": "沙子收集器",
	"alwaysUnlocked": false,
	"idleSound": "respawning",
	"idleSoundVolume": 0.5
	"drawer":[
	    {
	        "type":"DrawDefault"
	    },
	    {
            "type": "DrawFlame",
            "flameColor": "FFE289FF"
	    },
	]
}