{
	"type": "GenericCrafter",
	"name": "煤粉磨制机",
	"description": "把煤磨制成粉",
	"outputItem": {
		"item": "煤粉", "amount": 2
	},
	"itemCapacity": 20,
	"size": 2,
	"hasPower": true,
	"hasLiquids":true,
		"hasItems": true,
	"craftTime": 30,
	"updateEffect": "smeltsmoke",
	"consumes": {
		"power": 0.3,
		"items": {
			"items": [
				{ "item": "coal", "amount": 1 }
		]
	},
	"liquid":{"liquid":"water","amount": 0.01} 
	},
			"requirements": [
	{ "item": "copper", "amount": 25 },
	{ "item": "铜板", "amount": 20 },
	{ "item": "黏土", "amount": 30 },
	{ "item": "lead", "amount": 50 }
	],
	"category": "crafting",
	"research": "细沙磨制机",
	"idleSound": "respawning",
	"idleSoundVolume": 0.5
	"drawer":[
	    {
	        "type":"DrawDefault"
	    },
	    {
	        "type": "DrawLiquidTile",
	        "drawLiquid": "water",
	        "drawLiquidLight": true
	    },
	     {
	        "type":"DrawRegion",
	        "suffix": "-spin",
	        "spinSprite": true,
	        "rotateSpeed": 2
	    },
	     {
	        "type":"DrawRegion",
	        "suffix": "-top"
	    }
	]
}