{
	"type": "GenericCrafter",
	"name": "熟料烧制炉",
	"description": "用于把生料烧制成熟料，需要水来冷却炉管。",
	"outputItem": {"item": "熟料", "amount": 6 },
	"itemCapacity": 30,
	"size": 2,
	"hasPower": true,
	"hasLiquids":true,
	"hasItems": true,
	"craftTime": 55,
	"updateEffect": "blastsmoke",
	"consumes": {
		"power": 4.2,
		"items": {
			"items": [
				{ "item": "生料", "amount": 6 }
			]
	},
	"liquid":{"liquid":"water","amount": 0.1 } 
	},
			"requirements": [
		{ "item": "钛板", "amount": 20 },
		{ "item": "Heavy_Lead_Slab", "amount": 25 },
		{ "item": "铜板", "amount": 20 }
	],
	"category": "crafting",
	"research": "生料生产机",
	"alwaysUnlocked":false,
	"idleSound": "respawning",
	"idleSoundVolume": 10
	"drawer":[
	    {
	        "type":"DrawDefault"
	    },
	    {
            "type": "DrawFlame",
            "flameColor": "BFEB4FFF"
	    },
	]
}