{
    "type": "GenericCrafter",
    "requirements": [
        {
            "item": "copper",
            "amount": 30
        },
        {
            "item": "metaglass",
            "amount": 20
        },
        {
            "item": "铜板",
            "amount": 40
        },
        {
            "item": "方解石",
            "amount": 30
        }
    ],
	"hasPower": true,
	"hasItems": true,
	"hasLiquids": true,
	"itemCapacity": 55,
	"liquidCapacity": 140,
	"craftTime": 60,
	"category": "crafting",
	"research":"生石灰钻",
	"updateEffect": "smeltsmoke",
	"consumes": {
	    "items": {
	        "items": [
	
	            {
	                "item": "生石灰",
	                "amount": 2
	            }
	        ]
	    },
	    "power": 0.5,
	    "liquid": {
	        "liquid": "water",
	        "amount": 0.1
	    }
	},
	"size": 2,
	"outputItem": {
	    "item": "熟石灰",
	    "amount": 2
	},
	"outputLiquid": {
	    "liquid": "工业废水",
	    "amount": 0.1
	},
	"description": "zhuan 四声 转换的意思 不是转动（",
	"name": "石灰水转厂",
	"ambientSound": "grinding",
	"ambientSoundVolume": 0.015,
	"drawer":[
	    {
	        "type":"DrawDefault"
	    },
	    {
	        "type": "DrawLiquidTile",
	        "drawLiquid": "water",
	        "drawLiquidLight": true
	    },
        {
            "type": "DrawLiquidRegion",
            "drawLiquid": "工业废水",
            "suffix": "-liquid"
            
        },
	    {
	        "type":"DrawRegion",
	        "suffix": "-top"
	    }
	]
}