{
	"type": "GenericCrafter",
	"name": "石磨压机",
	"description": "用于生产沙.",
	"outputItem": {
		"item": "sand", "amount": 6
	},
	"itemCapacity": 20,
	"size": 2,
	"hasPower": true,
	"hasLiquids":false,
	"hasItems": true,
	"craftTime": 40,
	"updateEffect": "smoke",
	"consumes": {
		"power": 0.66,
		"items": {
			"items": [
				{ "item": "石头", "amount": 3 }
			]
	}
	},
			"requirements": [
		{ "item": "silicon", "amount": 120 },
		{ "item": "铜板","amount": 30 }
	],
	"category": "crafting",
	"research": "沙子收集器",
	"alwaysUnlocked": false,
	"idleSound": "respawning",
	"idleSoundVolume": 0.5
	"drawer":[
	    {
	        "type":"DrawDefault"
	    },
	    {
            "type": "DrawFlame",
            "flameColor": "888888FF"
	    },
	]
}