{
    "type": "GenericCrafter",
    "requirements": [
        {
            "item": "copper",
            "amount": 160
        },
        {
            "item": "metaglass",
            "amount": 90
        },
        {
            "item": "titanium",
            "amount": 40
        },
        {
            "item": "钛板",
            "amount": 40
        },
        {
            "item": "熟石灰",
            "amount": 30
        }
    ],
	"hasPower": true,
	"hasItems": true,
	"hasLiquids": true,
	"itemCapacity": 55,
	"liquidCapacity": 140,
	"craftTime": 100,
	"category": "crafting",
	"research":"生石水转厂",
	"updateEffect": "smeltsmoke",
	"consumes": {
	    "items": {
	        "items": [
	
	            {
	                "item": "生石灰",
	                "amount": 5
	            }
	        ]
	    },
	    "power": 3.5,
	    "liquid": {
	        "liquid": "water",
	        "amount": 0.5
	    }
	},
	"size": 4,
	"outputItem": {
	    "item": "熟石灰",
	    "amount": 5
	},
	"outputLiquid": {
	    "liquid": "工业废水",
	    "amount": 1
	},
	"description": "更大，更强",
	"name": "石灰反应池",
	"ambientSound": "grinding",
	"ambientSoundVolume": 0.015,
	"drawer":[
	    {
	        "type":"DrawDefault"
	    },
	    {
	        "type": "DrawLiquidTile",
	        "drawLiquid": "water",
	        "drawLiquidLight": true
	    },
        {
            "type": "DrawLiquidRegion",
            "drawLiquid": "工业废水",
            "suffix": "-liquid"
            
        },
	    {
	        "type":"DrawRegion",
	        "suffix": "-rotator",
	        "spinSprite": true,
	        "rotateSpeed": 1
	    },
	     {
	        "type":"DrawRegion",
	        "suffix": "-spin",
	        "spinSprite": true,
	        "rotateSpeed": -1
	    },
	    {
	        "type":"DrawRegion",
	        "suffix": "-top"
	    }
	]
}