{
	"type": "GenericCrafter",
	"name": "石膏精华研究工厂",
	"description": "输入石膏精华+原型聚合物输出石膏精华块 ",
	"outputItem": {
		"item": "石膏精华块", "amount": 2
	},
	"itemCapacity": 10,
	"size": 2,
	"hasPower": true,
	"hasLiquids":true,
	"hasItems": true,
	"craftTime": 50,
	"updateEffect": "smeltsmoke",
	"consumes": {
		"power": 13.3,
		"items": {
			"items": [
				{ "item": "石膏精华", "amount": 1 },
				{ "item": "原型聚合物", "amount": 1 }
			]
	},
	"liquid":{"liquid":"water","amount": 0.1 } 
	},
			"requirements": [
		{ "item": "水泥", "amount": 300 },
		{ "item": "copper","amount": 100 },
		{ "item": "titanium", "amount": 50 },
		{ "item": "石膏精华", "amount": 50 },
		{ "item": "纯水泥", "amount": 31 }
			],
	"category": "crafting",
	"research": "石膏精华研究工厂",
	"idleSound": "respawning",
	"idleSoundVolume": 0.5
	"drawer":[
	    {
	        "type":"DrawDefault"
	    },
	    {
            "type": "DrawFlame",
            "flameColor": "DEFFABFF"
	    },
	]
}