{
    "type": "GenericCrafter",
	"name": "石膏研究工厂",
	"description": "输入石膏，输出石膏精华",
	"outputItem": {
		"item": "石膏精华", "amount": 1
	},
	"itemCapacity": 50,
	"size": 2,
	"hasPower": true,
	"hasLiquids":true,
	"hasItems": true,
    "configurable": true,
	"craftTime": 50,
	"updateEffect": "smeltsmoke",
	"consumes": {
		"power": 11.0,
		"items": {
			"items": [
				{ "item": "石膏", "amount": 3 }
			]
	},
	"liquid":{"liquid":"water","amount": 0.3} 
	},
			"requirements": [
		{ "item": "纯水泥", "amount": 300 },
		{ "item": "surge-alloy","amount": 10 },
		{ "item": "titanium", "amount": 50 },
		{ "item": "copper", "amount": 31 }
			],
	"category": "crafting",
	"research": "石膏制造机",
	"idleSound": "respawning",
	"idleSoundVolume": 0.5
	"drawer":[
	    {
	        "type":"DrawDefault"
	    },
	    {
            "type": "DrawFlame",
            "flameColor": "DEFFABFF"
	    },
	]
}