{
	"type": "GenericCrafter",
	"name": "聚合物压缩机",
	"description": "产出聚合物",
	"outputItem": {
		"item": "原型聚合物", "amount": 2
	},
	"itemCapacity": 15,
	"size": 2,
	"hasPower": false,
	"hasLiquids":true,
	"hasItems": true,
	"craftTime": 50,
	"updateEffect": "blastsmoke",
	"consumes": {
		"items": {
			"items": [
				{ "item": "spore-pod", "amount": 1 },
				{ "item": "熟石灰", "amount": 1 },
				{ "item": "sand", "amount": 1 }
		]
	},
	"liquid":{"liquid":"oil","amount": 0.2} 
	},
			"requirements": [
	{ "item": "铜板", "amount": 30 },
	{ "item": "钛板", "amount": 20 },
	{ "item": "silicon", "amount": 50 }
	{ "item": "石膏", "amount": 50 }
	],
	"category": "crafting",
	"research": "石膏制造机",
	"idleSound": "respawning",
	"idleSoundVolume": 0.5
	"drawer":[
	    {
	        "type":"DrawDefault"
	    },
	    {
	        "item": "DrawMulti"
	    },
	    {
            "type": "DrawFlame",
            "flameColor": "AA8C31FF"
	    }
	],
}