{
	"type": "GenericCrafter",
	"name": "黏土制造机",
	"description": "用于制造黏土.",
	"outputItem": {
		"item": "黏土", "amount": 7
	},
	"itemCapacity": 30,
	"size": 2,
	"hasPower": false,
	"hasLiquids":true,
		"hasItems": true,
	"craftTime": 35,
	"updateEffect": "producesmoke",
	"consumes": {
		"items": {
			"items": [
				{ "item": "sand", "amount": 4 }
			]
	},
	"liquid": { 
	    "liquid":"water",
	    "amount": 0.1
	} ,
	"power": 2.63
},
			"requirements": [
		{ "item": "塑料", "amount": 70 },
		{ "item": "silicon", "amount": 30 },
		{ "item": "titanium", "amount": 60 },
		{ "item": "copper","amount": 100 },
		{ "item": "titanium", "amount": 50 },
		{ "item": "黏土", "amount": 30 }
			],
	"category": "crafting",
	"research": "尘埃聚合器",
	"alwaysUnlocked": false,
	"idleSound": "respawning",
	"idleSoundVolume": 0.5
	"drawer":[
	    {
	        "type":"DrawDefault"
	    },
	    {
            "type": "DrawFlame",
            "flameColor": "DDFFF9FF"
	    },
	]
}