{
  "type": "ConsumeGenerator",
  "name": "简易燃烧发电机",
  "description": "使用煤炭和水发电",
  "squareSprite": false,
  "drawer": {
    "type": "DrawMulti",
    "drawers": [
      {
        "type": "DrawRegion",
        "suffix": "-bottom",
      },
      {
        "type": "DrawLiquidTile",
        "drawLiquid": "water",
        "alpha": 0.8,
        "padding": 2,
      },
      {
        "type": "DrawDefault"
      },
      {
        "type": "DrawGlowRegion",
        "color": "d1efff",
      },
    ]
  },
  "health": 280,
  "size": 3,
  "hasPower": true,
  "hasLiquids": true,
  "powerProduction": 5,
  "generateEffect": {
    "type": "MultiEffect",
    "effects": [
      {
        "type": "ParticleEffect",
        "colorFrom": "d1efff88",
        "colorTo": "d1efff88",
        "sizeFrom": 3,
        "sizeTo": 2,
        "lifetime": 60,
        "lengthOffset": 1.6,
        "baseRotation": 45,
        "cone": 10,
      },
      {
        "type": "ParticleEffect",
        "colorFrom": "d1efff88",
        "colorTo": "d1efff88",
        "sizeFrom": 3,
        "sizeTo": 2,
        "lifetime": 60,
        "lengthOffset": 1.6,
        "baseRotation": -45,
        "cone": 10,
      },
      {
        "type": "ParticleEffect",
        "colorFrom": "d1efff88",
        "colorTo": "d1efff88",
        "sizeFrom": 3,
        "sizeTo": 2,
        "lifetime": 60,
        "lengthOffset": 1.6,
        "baseRotation": -135,
        "cone": 10,
      },
      {
        "type": "ParticleEffect",
        "colorFrom": "d1efff88",
        "colorTo": "d1efff88",
        "sizeFrom": 3,
        "sizeTo": 2,
        "lifetime": 60,
        "lengthOffset": 1.6,
        "baseRotation": 135,
        "cone": 10,
      }
    ]
  },
  "updateEffect": "none",
  "consumes": {
    "items": [
      "coal/1"
    ],
    "liquid": {
      "liquid": "water",
      "amount": 0.15
    }
  },
  "requirements": [
    "silicon/80",
    "graphite/60",
    "beryllium/60"
  ],
  "category": "power",
  "research": {
    "parent": "turbine-condenser",
    "objectives": [
      "turbine-condenser",
      "1-graphite-decompressor",
      {
      "type": "OnSector",
      "preset": "presence"
      }
    ]
  }
}
