{
  "type": "ConsumeGenerator",
  "name": "即时裂解炉",
  "description": "热解发生器的改良版本。使用芳油、矿渣和砷。副产品为水。",
  "drawer": {
    "type": "DrawMulti",
    "drawers": [
      {
        "type": "DrawRegion",
        "suffix": "-bottom"
      },
      {
        "type": "DrawPistons",
        "sides": 8,
        "sideOffset": 1.07,
        "sinMag": 3,
      },
      {
        "type": "DrawLiquidTile",
        "drawLiquid": "arkycite"
        "padding": 16,
        "alpha": 0.8,
      },
      {
        "type": "DrawDefault"
      },
      {
        "type": "DrawGlowRegion",
        "color": "fdb380",
      },
    ]
  },
  "health": 1860,
  "size": 5,
  "hasPower": true,
  "hasLiquids": true,
  "liquidCapacity": 600,
  "powerProduction": 162,
  "consumes": {
    "liquids": [
      "slag/1.333334",
      "arkycite/2.666667",
      "arsenogen/0.1",
    ]
  },
  "outputLiquid": { "liquid": "water", "amount": "1.5" },
  "craftTime": 60,
  "squareSprite": false,
  "requirements": [
    "silicon/600",
    "thorium/440",
    "static-compound/700",
    "carbide/700",
    "phase-fabric/700",
    "spectral-alloy/300",
    "oxide/500"
  ],
  "category": "power",
  "research": "pyrolysis-generator"
}
