{
    "name": "燃油发电机",
    "type": "ConsumeGenerator",
    "description": "燃烧油以发电",
    "size": 3
	"hasLiquids": true,
	"outputsPower": true,
	"powerProduction": 8.3
	"health": 500
    "consumes": {
        "liquid":"oil/0.12"
    },
    "requirements": [
        "graphite/320",
        "titanium/220",
        "silicon/150",
        "copper/100"
    ],
	"drawer": {
    	"type": "DrawMulti",
    	"drawers": [
    	    "DrawDefault",
       	    {
    	    "type":"DrawRegion",
    	    "suffix":"-bottom"
    	    }
	    	{
				"type": "DrawLiquidTile",
				"drawLiquid": "oil"
			}
			"DrawHeatOutput"
		]
	},
    "canOverdrive": true,
    "research": "steam-generator"
    "category": "power",
    "researchCostMultiplier": 2
}