{
	"type": "ConsumeGenerator",
	"name": "增压涡轮发电站",
	"size": 3,
	"health": 580,
	"hasLiquids": true,
	"hasItems": true,
	"itemDuration":20
	"powerProduction": 42
	"itemCapacity": 28
	"liquidCapacity":300
	"drawer": {
		"type": "DrawMulti",
		"drawers": [
			"DrawDefault",
			{
				"type": "DrawRegion",
				"suffix":"-转",
				"rotateSpeed":8
				"rotation":0
			},
			{
				"type": "DrawRegion",
				"suffix":"-顶",
				"layer":50
			},
			{
				"type": "DrawRegion",
				"suffix": "-转2",
				"rotateSpeed":-8
				"rotation":45
			},
			"DrawWarmupRegion",
			{
			"type": "DrawLiquidRegion",
			"drawLiquid": "water"
			}
		]
	},
	"generateEffect": "generatespark",
	"consumes": {
		"itemFlammable":{},
		"itemExplode":{},
		"liquid": "water/0.6"
	},
	"buildCostMultiplier": 0.95,
	"requirements": [
		"lead/200",
		"titanium/20",
		"metaglass/120",
		"silicon/320"
		"拟钢/80"
	],
	"ambientSound": "smelter",
	"ambientSoundVolume": 0.1
	"category": "power",
	"research": "steam-generator"
}