{"type": "BurstDrill",
"name":"冲击钻井",
"description": "可以采集地面矿石,需要消耗较多水量",
"tier":5
"drillTime":120,
"arrowSpacing":3
"itemCapacity":20
"liquidCapacity": 20,
"fogRadius":20
"shake":3
"arrowOffset":0
"alwaysUnlocked":true,
"size":4
	"drillEffect": {
		"type": "MultiEffect",
		"effects": [
			{
				"type": "ParticleEffect",
				"particles": 5,
				"sizeFrom": 19,
				"sizeTo": 0,
				"interp": "fastSlow",
				"length": 35,
				"baseLength": 8,
				"lifetime": 55,
				"colorFrom": "737373",
				"colorTo": "737373"
			},
			{
				"type": "ParticleEffect",
				"particles": 20,
				"line": true,
				"length": 43,
				"baseLength": 3,
				"lifetime": 20,
				"colorFrom": "FFFFFF",
				"colorTo": "FFE176"
			},
			{
				"type": "ParticleEffect",
				"particles": 1,
				"sizeFrom": 0,
				"sizeTo": 38,
				"length": 0,
				"baseLength": 0,
				"lifetime": 14,
				"colorFrom": "FFFFFF80",
				"colorTo": "FFFFFF00"
			},
			{
				"type": "WaveEffect",
				"lifetime": 14,
				"sizeFrom": 0,
				"sizeTo": 38,
				"strokeFrom": 2,
				"strokeTo": 0,
				"colorFrom": "FFFFFF",
				"colorTo": "FFFFFF00"
			}
		]
	},
"category":"production",
	"consumes": {
		"power": 6,
		"liquid": {
			"liquid": "water",
			"amount": 0.2
		}
	},
		"arrows":1
"requirements": [
        "铝/125",
        "graphite/75",
        "silicon/85",
        "镍/150",
    ],
    }