{
"type": "BeamDrill",//类型,墙壁钻头
	"category": "production",//菜单栏
	"name":"离子钻机",//名字
	"description":"放置在矿物前用激光束进行挖掘",//介绍

"research": {
	"parent": "机械钻头"//科技树前置
	"requirements": [//研究花费
	"铝/3000",
	"镍/4000",
	"graphite/2000",
	"silicon/2500"
	]
	"objectives": [
//		"",//研究xx
	]	},

	"requirements": [//建造花费
	"铝/60",
	"镍/50"
	"graphite/30"
	"silicon/40"
	],

	"consumes":{//运作消耗
		"power":3//电,帧
		"liquid": {//液体
		"liquid": "hydrogen", "amount":0.0333333333,//液体消耗
		"booster":true,//加速
		"optional": true//可选
		}	}
	"itemCapacity": 36,//物品容量
	"liquidCapacity": 36,//液体容量
	"size":3,//平方大小
	"health":1535,//血量
	"tier":5,//钻头等级
	"range":14,//范围
	"fogRadius":3,//
	"haspower":true,//
	"drillTime":50,//挖掘时间
	"liquidBoostIntensity":4.25,
	"hasShadow":true//
}