{//by Cassius
  "type":"flying",
  "flying":true,
  "name":"精方-动能打击型星舰",
  "description":"“精方”级泰坦星舰是强大有力的战争机器，虽然它们的设计初衷是扭转不利局面，结束这次数百年的战乱。\n[red]-搭载大量穿透性动能弹发射器\n-配备大量能量弹头型空投弹\n-发射大量高速破甲导弹\n-拥有力墙与再生盾场\n-拥有强大的修复与辅助能力\n[blue]-主炮具有强压倒性",
  "details":"[red]单位代号--星舰T.L.1\n[]这或许是一种强大的量产星舰，至少在战争中的等价集群单位是搞不定他的。[blue]除非战场上出现别的什么灾难……\n[green]据非官方信息原，量子研究中心已经开始策划些新奇的战争机器……",
  "health":758000,
  "armor":850,
  "speed":0.8,//6/s
  "rotateSpeed":0.2,
  "accel":0.04,
  "drag":0.05,
  "hitSize":156,//19.5
  "faceTarget":false,
  "ammoType":"放射性合金",
  "ammoCapacity":7250,
  "itemCapacity":5000,
  "buildSpeed":30,
  "buildRange":640,
  "buildBeamOffset":40,
  "range":1440,//180
  "immunities":[
      "burning","freezing","unmoving","wet","melting","sapped","electrified","spore-slowed","tarred","blasted",
    "腐朽","孢子侵蚀","电路受损","离子焰3",
  ],
  "engines":[
  {
    "x":-40,
    "y":-48,
    "radius":16,
    "rotation":45,
  },
  {
    "x":40,
    "y":-48,
    "radius":16,
    "rotation":-45,
    }
  ],
  "engineSize":0,
  "engineOffset":10,
  "fogRadius":250,
  "lightRadius":40,
  "research":"core-nucleus",
  /*"requirements":[
    "cilicon/1350000","thorium/750000",
    "plasmanium/680000","surge-alloy/750000",
    "phase-fabric/950000","钍铅钢/650000",
    "钨/650000","铀/550000","镭/600000",
    "硅晶/575000","纳米簇/450000",
    "石墨烯/1000000","放射性合金/250000",
    "重铸合金/160000","量子能核/40000",
    "虚化刚体/45000"
  ],*/
  "abilities":[
    {
      "type":"StatusFieldAbility"
      "effect":"boss",
      "duration":60,
      "range":400,
      "reload":1200,
      "activeEffect":{
        "type":"WaveEffect",
        "lifetime":120,
        "colorFrom":"FF4500",
        "colorTo":"FF0000",
        "storkeFron":32,
        "storkeTo":0,
        "sizeFrom":0,
        "sizeTo":800
      }
    },
    {
      "type":"StatusFieldAbility"
      "effect":"overclock",
      "duration":60,
      "range":400,
      "reload":1200,
      "activeEffect":"none"
    },
    {
      "type":"StatusFieldAbility"
      "effect":"overdrive",
      "duration":600,
      "range":400,
      "reload":1200,
      "activeEffect":"none"
    },
    {
      "type":"StatusFieldAbility"
      "effect":"充能",
      "duration":300,
      "range":400,
      "reload":600,
      "activeEffect":"none"
    },
    {
      "type":"RepairFieldAbility",//精方自私回复场
      "amount":5000,
      "range":2,
      "reload":60
    },
    {
      "type":"RepairFieldAbility",//大，近
      "amount":40000,
      "range":320,
      "reload":600
    },
    {
      "type":"RepairFieldAbility",//主要
      "amount":10000,
      "range":640,//80
      "reload":240
    },
    {
      "type":"RepairFieldAbility",//小，远
      "amount":15000,
      "range":1200,//150
      "reload":300
    },
    {
      "type":"EnergyFieldAbility",
      "damage":250,
      "range":640,
      "reload":90,
      "healPercent":10,
      "sameTypeHealMult":0.25,
      "maxTargets":40,
      "status":"腐朽",
      "statusDuration":240,
      "color":"007BFF"
    },
    {
      "type":"EnergyFieldAbility",
      "damage":12500,
      "range":560,
      "reload":180,
      "healPercent":100,
      "sameTypeHealMult":0.8,
      "maxTargets":1,
      "targetBuilding":false,
      "status":"电路受损",
      "statusDuration":600,
      "shootSound":"plasmaboom",
      "color":"BFFFDB",
      "hitEffect":{
        "type":"ParticleEffect",
        "particles":24,
        "lifetime":90,
        "baseLength":32,
        "length":32,
        "spin":3,
        "region":"量子技艺-三角形",
        "sizeFrom":32,
        "sizeTo":0,
        "colorFrom":"BFFFDB",
        "colorTo":"007BFF"
      }
    },
    {
      "type":"ShieldRegenFieldAbility",//精方自私再生盾
      "amount":500,
      "reload":15,
      "range":4,
      "max":250000
    },
    {
      "type":"ForceFieldAbility",
      "sides":6,
      "max":250000,
      "regen":10,
      "radius":284,//35.5
      "cooldown":1500
    },
    {
      "type":"ForceFieldAbility",
      "sides":6,
      "max":250000,
      "regen":10,
      "radius":284,
      "cooldown":1500
    },
    {
      "type":"UnitSpawnAbility",
      "unit":"威慑",
      "spawnX":-32,
      "spaenY":-24,
      "spawnTime":3600
    },
    {
      "type":"UnitSpawnAbility",
      "unit":"威慑",
      "spawnX":32,
      "spawnY":-24,
      "spawnTime":3600
    }
  ],
  "weapons":[
  {
    "name":"精方-1",//前
    "x":6,
    "y":88,
    "mirror":true,
    "top":true,
    "range":1200,
    "reload":120,
    "rotate":true,
    "rotateSpeed":2,
    "inaccuracy":1,
    "recoil":4,
    "recoilTime":60,
    "heatColor":"FF0000",
    "cooldownTime":60,
    "shootSound":"shootBig",
    "shootEffect":"casing2",
    "shoot":{
      "shots":4,
      "shotDelay":12
    },
    "shootCone":10,
    "bullet":{
      "damage":50,
      "splashDamage":40,
      "splashDamageRadius":40,
      "pierceCap":4,
      "pierceBuilding":true,
      "lifetime":60,
      "speed":20,
      "width":10,
      "height":16,
      "frontColor":"007BFF",
      "backColor":"00BFFF",
      "status":"slow",
      "statusDuration":120,
      "trailColor":"00BFFF"
      "trailWidth":2,
      "trailLngrh":4,
      "trailEffect":{
        "type":"WaveEffect",
        "lifetime":30,
        "colorFrom":"007BFF",
        "colorTo":"007BFF",
        "storkeFrom":16,
        "storkeTo":0,
        "radiusFron":0,
        "radousTo":64
      },
      "lightning":4,
      "lightningDamage":20,
      "lightningLength":8,
      "lightningColor":"00BFFF",
      "fragBullets":5,
      "fragRandomSpread":30,
      "fragBullet":{
        "damage":20,
        "splashDamage":20,
        "splashDamageRadius":32,
        "lifetime":30,
        "speed":16,
        "width":6,
        "height":12,
        "frontColor":"BFFFDB",
        "backColor":"007BBF",
        "status":"melting",
        "statusDuration":180
        }
      }
    },
        {
    "name":"精方-1",//内前
    "x":8,
    "y":68,
    "mirror":true,
    "top":true,
    "range":1200,
    "reload":120,
    "rotate":true,
    "rotateSpeed":2,
    "inaccuracy":1,
    "recoil":4,
    "recoilTime":60,
    "heatColor":"FF0000"
    "cooldownTime":60,
    "shootSound":"shootBig",
    "shootEffect":"casing2",
    "shoot":{
      "shots":4,
      "shotDelay":12
    },
    "shootCone":10,
    "bullet":{
      "damage":50,
      "splashDamage":40,
      "splashDamageRadius":40,
      "pierceCap":4,
      "pierceBuilding":true,
      "lifetime":60,
      "speed":20,
      "width":10,
      "height":16,
      "frontColor":"007BFF",
      "backColor":"00BFFF",
      "status":"slow",
      "statusDuration":120,
      "trailColor":"00BFFF"
      "trailWidth":2,
      "trailLngrh":4,
      "trailEffect":{
        "type":"WaveEffect",
        "lifetime":30,
        "colorFrom":"007BFF",
        "colorTo":"007BFF",
        "storkeFrom":16,
        "storkeTo":0,
        "radiusFron":0,
        "radousTo":64
      },
      "lightning":4,
      "lightningDamage":20,
      "lightningLength":8,
      "lightningColor":"00BFFF",
      "fragBullets":5,
      "fragRandomSpread":30,
      "fragBullet":{
        "damage":20,
        "splashDamage":20,
        "splashDamageRadius":32,
        "lifetime":30,
        "speed":16,
        "width":6,
        "height":12,
        "frontColor":"BFFFDB",
        "backColor":"007BBF",
        "status":"melting",
        "statusDuration":180
        }
      }
    },
    {
    "name":"精方-1",//中前
    "x":20,
    "y":64,
    "mirror":true,
    "top":true,
    "range":1200,
    "reload":120,
    "rotate":true,
    "rotateSpeed":2,
    "inaccuracy":1,
    "recoil":4,
    "recoilTime":60,
    "heatColor":"FF0000",
    "cooldownTime":60,
    "shootSound":"shootBig",
    "shootEffect":"casing2",
    "shoot":{
      "shots":4,
      "shotDelay":12
    },
    "shootCone":10,
    "bullet":{
      "damage":50,
      "splashDamage":40,
      "splashDamageRadius":40,
      "pierceCap":4,
      "pierceBuilding":true,
      "lifetime":60,
      "speed":20,
      "width":10,
      "height":16,
      "frontColor":"007BFF",
      "backColor":"00BFFF",
      "status":"slow",
      "statusDuration":120,
      "trailColor":"00BFFF"
      "trailWidth":2,
      "trailLngrh":4,
      "trailEffect":{
        "type":"WaveEffect",
        "lifetime":30,
        "colorFrom":"007BFF",
        "colorTo":"007BFF",
        "storkeFrom":16,
        "storkeTo":0,
        "radiusFron":0,
        "radousTo":64
      },
      "lightning":4,
      "lightningDamage":20,
      "lightningLength":8,
      "lightningColor":"00BFFF",
      "fragBullets":5,
      "fragRandomSpread":30,
      "fragBullet":{
        "damage":20,
        "splashDamage":20,
        "splashDamageRadius":32,
        "lifetime":30,
        "speed":16,
        "width":6,
        "height":12,
        "frontColor":"BFFFDB",
        "backColor":"007BBF",
        "status":"melting",
        "statusDuration":180
        }
      }
    },
    {
    "name":"精方-1",//中中
    "x":20,
    "y":40,
    "mirror":true,
    "top":true,
    "range":1200,
    "reload":120,
    "rotate":true,
    "rotateSpeed":2,
    "inaccuracy":1,
    "recoil":4,
    "recoilTime":60,
    "heatColor":"FF0000",
    "cooldownTime":60,
    "shootSound":"shootBig",
    "shootEffect":"casing2",
    "shoot":{
      "shots":4,
      "shotDelay":12
    },
    "shootCone":10,
    "bullet":{
      "damage":50,
      "splashDamage":40,
      "splashDamageRadius":40,
      "pierceCap":4,
      "pierceBuilding":true,
      "lifetime":60,
      "speed":20,
      "width":10,
      "height":16,
      "frontColor":"007BFF",
      "backColor":"00BFFF",
      "status":"slow",
      "statusDuration":120,
      "trailColor":"00BFFF"
      "trailWidth":2,
      "trailLngrh":4,
      "trailEffect":{
        "type":"WaveEffect",
        "lifetime":30,
        "colorFrom":"007BFF",
        "colorTo":"007BFF",
        "storkeFrom":16,
        "storkeTo":0,
        "radiusFron":0,
        "radousTo":64
      },
      "lightning":4,
      "lightningDamage":20,
      "lightningLength":8,
      "lightningColor":"00BFFF",
      "fragBullets":5,
      "fragRandomSpread":30,
      "fragBullet":{
        "damage":20,
        "splashDamage":20,
        "splashDamageRadius":32,
        "lifetime":30,
        "speed":16,
        "width":6,
        "height":12,
        "frontColor":"BFFFDB",
        "backColor":"007BBF",
        "status":"melting",
        "statusDuration":180
        }
      }
    },
        {
    "name":"精方-1",//侧前
    "x":48,
    "y":8,
    "mirror":true,
    "top":true,
    "range":1200,
    "reload":120,
    "rotate":true,
    "rotateSpeed":2,
    "inaccuracy":1,
    "recoil":4,
    "recoilTime":60,
    "heatColor":"FF0000",
    "cooldownTime":60,
    "shootSound":"shootBig",
    "shootEffect":"casing2",
    "baseRotation":-90,
    "shoot":{
      "shots":4,
      "shotDelay":12
    },
    "shootCone":10,
    "bullet":{
      "damage":50,
      "splashDamage":40,
      "splashDamageRadius":40,
      "pierceCap":4,
      "pierceBuilding":true,
      "lifetime":60,
      "speed":20,
      "width":10,
      "height":16,
      "frontColor":"007BFF",
      "backColor":"00BFFF",
      "status":"slow",
      "statusDuration":120,
      "trailColor":"00BFFF"
      "trailWidth":2,
      "trailLngrh":4,
      "trailEffect":{
        "type":"WaveEffect",
        "lifetime":30,
        "colorFrom":"007BFF",
        "colorTo":"007BFF",
        "storkeFrom":16,
        "storkeTo":0,
        "radiusFron":0,
        "radousTo":64
      },
      "lightning":4,
      "lightningDamage":20,
      "lightningLength":8,
      "lightningColor":"00BFFF",
      "fragBullets":5,
      "fragRandomSpread":30,
      "fragBullet":{
        "damage":20,
        "splashDamage":20,
        "splashDamageRadius":32,
        "lifetime":30,
        "speed":16,
        "width":6,
        "height":12,
        "frontColor":"BFFFDB",
        "backColor":"007BBF",
        "status":"melting",
        "statusDuration":180
        }
      }
    },
        {
    "name":"精方-1",//侧后
    "x":48,
    "y":-16,
    "mirror":true,
    "top":true,
    "range":1200,
    "reload":120,
    "rotate":true,
    "rotateSpeed":2,
    "inaccuracy":1,
    "recoil":4,
    "recoilTime":60,
    "heatColor":"FF0000",
    "cooldownTime":60,
    "shootSound":"shootBig",
    "shootEffect":"casing2",
    "baseRotation":-90,
    "shoot":{
      "shots":4,
      "shotDelay":12
    },
    "shootCone":10,
    "bullet":{
      "damage":50,
      "splashDamage":40,
      "splashDamageRadius":40,
      "pierceCap":4,
      "pierceBuilding":true,
      "lifetime":60,
      "speed":20,
      "width":10,
      "height":16,
      "frontColor":"007BFF",
      "backColor":"00BFFF",
      "status":"slow",
      "statusDuration":120,
      "trailColor":"00BFFF"
      "trailWidth":2,
      "trailLngrh":4,
      "trailEffect":{
        "type":"WaveEffect",
        "lifetime":30,
        "colorFrom":"007BFF",
        "colorTo":"007BFF",
        "storkeFrom":16,
        "storkeTo":0,
        "radiusFron":0,
        "radousTo":64
      },
      "lightning":4,
      "lightningDamage":20,
      "lightningLength":8,
      "lightningColor":"00BFFF",
      "fragBullets":5,
      "fragRandomSpread":30,
      "fragBullet":{
        "damage":20,
        "splashDamage":20,
        "splashDamageRadius":32,
        "lifetime":30,
        "speed":16,
        "width":6,
        "height":12,
        "frontColor":"BFFFDB",
        "backColor":"007BBF",
        "status":"melting",
        "statusDuration":180
        }
      }
    },
    {
      "name":"精方导弹库",
      "x":0,
      "y":-16,
      "mirror":false,
      "top":true,
      "rotate":false,
      "range":1440,//180
      "reload":300,
      "inaccuracy":30,
      "recoil":0,
      "shootSound":"missileLarge",
      "heatColor":"FF0000",
      "cooldownTime":480,
      "shootCone":270,
      "layer":108,
      "shoot":{
        "shots":16,
        "shotDelay":6
      },
      "bullet":{
        "type":"MissileBulletType",
        "damage":120,
        "splashDamage":150,
        "splashDamageRadius":48,
        "pierceCap":2,
        "pierceBuilding":true,
        "knockback":26,
        "lifetime":36,
        "speed":16,
        "drag":-0.03,
        "width":40,
        "height":80,
        "sprite":"量子技艺-导弹Pro",
        "frontColor":"007BFF",
        "backColor":"00BFFF",
        "hitSoundVolume":2,
        "trailEffect":{
          "type":"MultiEffect",
          "effects":[
          {
            "type":"ParticleEffect",
            "particles":4,
            "baseLength":64,
            "length":32,
            "spin":6,
            "region":"量子技艺-十字星",
            "colorFrom":"007BFF",
            "colorTo":"007BFF",
            "lifetime":36,
            "sizeFrom":16,
            "sizeTo":0
          },
          {
            "type":"WaveEffect",
            "lifetime":30,
            "colorFrom":"00BFFF",
            "colorTo":"000000",
            "strokeFrom":8,
            "strokeTo":0,
            "sizeFrom":0,
            "sizeTo":64
          },
          {
            "type":"ParticleEffect",
            "particles":1,
            "baseLength":0,
            "length":0,
            "spin":0,
            "region":"量子技艺-十字星",
            "colorFrom":"007BFF",
            "colorTo":"007BFF",
            "lifetime":36,
            "sizeFrom":20,
            "sizeTo":0
          },
          {
            "type":"ParticleEffect",
            "particles":1,
            "baseLength":0,
            "length":0,
            "spin":0,
            "region":"量子技艺-十字星",
            "colorFrom":"000000",
            "colorTo":"000000",
            "lifetime":36,
            "sizeFrom":16,
            "sizeTo":0
          },
          ]
        },
        "trailColor":"00BFFF",
        "trailWidth":3,
        "trailLength":6,
        "homingRange":800,
        "homingPower":0.15, 
        "status":"腐朽",
        "statusDuration":390,
        "hitSoundVolume":2,
        "hitEffect":{
          "type":"MultiEffect",
          "effects":[
          {
            "type":"WaveEffect",
            "lifetime":30,
            "colorFrom":"007BFF",
            "colorTo":"00BFFF",
            "strokeFrom":0,
            "strokeTo":8,
            "sizeFrom":0,
            "sizeTo":80
          },
          {
            "type":"WaveEffect",
            "lifetime":90,
            "colorFrom":"007BFF",
            "colorTo":"00BFFF",
            "strokeFrom":8,
            "strokeTo":0,
            "sizeFrom":0,
            "sizeTo":80
          },
          {
            "type":"ParticleEffect",
            "particles":1,
            "baseLength":0,
            "length":0,
            "spin":3,
            "region":"量子技艺-十字星",
            "colorFrom":"007BFF",
            "colorTo":"007BFF",
            "lifetime":60,
            "sizeFrom":80,
            "sizeTo":0
          },
          {
            "type":"ParticleEffect",
            "particles":1,
            "baseLength":0,
            "length":0,
            "spin":3,
            "region":"量子技艺-十字星",
            "colorFrom":"FFFFFF",
            "colorTo":"FFFFFF",
            "lifetime":60,
            "sizeFrom":64,
            "sizeTo":0
          },
          ]
        },
      }
    },
    {
      "name":"精方副炮",
      "x":40,
      "y":56,
      "mirror":true,
      "top":false,
      "range":1440,//180
      "reload":600,
      "rotate":false,
      "inaccuracy":0,
      "recoil":10,
      "recoilTime":180,
      "targetGround":true,
      "targetAir":false,
      "under":true,
      "heatColor":"FF0000",
      "cooldownTime":240,
      "shootSound":"largeCannon",
      "shootSoundVolume":4,
      "bullet":{
        "damage":1600,
        "splashDamage":1200,
        "splashDamageRadius":96,//12
        "buildingDamageMultiplier":1.5,
        "knockback":85,
        "pierceCap":10,
        "pierceBuilding":true,
        "lifetime":40,
        "speed":25,
        "drag":-0.03,
        "sprite":"量子技艺-十字星",
        "frontColor":"007BFF",
        "backColor":"00BFFF",
        "width":64,
        "height":64,
        "trailColor":"007BFF",
        "trailWidth":3,
        "trailLength":8,
        "shootEffect":{
          "type":"MultiEffect",
            "effects":[
            {
             "type":"WaveEffect",
             "lifetime":30,
              "colorFrom":"007BFF",
              "colorTo":"FFFFFF",
              "strokeFrom":16,
              "strokeTo":0,
              "sizeFrom":0,
              "sizeTo":80
            },
            {
              "type":"WaveEffect",
              "lifetime":30,
              "colorFrom":"007BFF",
              "colorTo":"FFFFFF",
              "strokeFrom":24,
              "srrokeTo":0,
              "sizeFrom":0,
              "sizeTo":160
            },
            {
              "type":"ParticleEffect",
		      "particles":1,
	    	  "baseLength":0,
	      	  "length":0,
		      "lifetime":90,
		      "spin":6,
		      "region":"量子技艺-三角形",
		      "sizeFrom":80,
		      "sizeTo":0,
		      "colorFrom":"007BFF",
		      "colorTo":"BFFFDB"
		    }
          ],
        },
        "hitSound":"largeCannon",
        "hitSoundVolume":3,
        "hitEffect":{
          "type":"MultiEffect",
          "effects":[
            {
              "type":"ParticleEffect",
		      "particles":20,
		      "baseLength":320,
		      "length":160,
		      "lifetime":240,
		      "spin":6,
		      "region":"量子技艺-三角形",
		      "sizeFrom":24,
		      "sizeTo":0,
		      "colorFrom":"007BFF",
		      "colorTo":"BFFFDB"
		    },
		    {
              "type":"ParticleEffect",
		      "particles":20,
		      "baseLength":160,
		      "length":120,
		      "lifetime":240,
		      "spin":-12,
		      "region":"量子技艺-三角形",
		      "sizeFrom":24,
		      "sizeTo":0,
		      "colorFrom":"FF0000",
		      "colorTo":"BFFFDB"
		    },
		    {
              "type":"ParticleEffect",
		      "particles":18,
		      "baseLength":80,
		      "length":160,
		      "lifetime":120,
		      "spin":18,
		      "region":"量子技艺-三角形",
		      "sizeFrom":16,
		      "sizeTo":0,
		      "colorFrom":"007BFF",
		      "colorTo":"FF0000"
		    },
		    {
		      "type":"WaveEffect",
		      "lifetime":60,
		      "colorFrom":"BFFFDB",
		      "colorTo":"FFFFFF",
		      "strokeFrom":16,
		      "strokeTo":0,
		      "sizeFrom":0,
		      "sizeTo":640
		    }
		  ]
		},
        "fragBullets":1,
        "fragRandomSpread":0,
        "fragBullet":{
          "shootSound":"laserblast",
          "type":"LaserBulletType",
          "lightningSpacing":8,
          "lightningDelay":0.5,
          "lightningLength":10,
          "lightningWidth":32,
          "lightningAngleRand":135,
          "lightningAngleLength":80,
          "lightningColor":"007BFF",
          "lightningDamage":25,
          "damage":250,
          "buildingDamageMultiplier":1.75,
          "length":1000,//125
          "width":64,
          "lifetime":30,
          "sideLength":10,
          "sideWidth":2,
          "sideColor":"BFFFDB",
          "status":"melting",
          "statusDuration":420
        },
        "status":"电路受损",
        "statusDuration":1500//25s
      }
    },
    {
      "name":"精方主炮",
      //"display":false,
      "x":0,
      "y":24,
      "mirror":false,
      "top":true,
      "range":1440,//180
      "reload":1500,//25s
      "rotate":true,
      "rotateSpeed":0.25,
      "inaccuracy":0,
      "recoil":16,
      "recoilTime":900,//15s
      "shootSound":"laserblast",
      "shootSoumdVolume":15,
      "chargeTime":300,
      "chargeSound":"lasercharge",
      "chargeSoundVolume":15,
      "shoot":{
        "type":"ShootPattern",
        "firstShotDelay":240,
      },
      "shootStatus":"接令！开火状态",
      "shootStatusDuration":480,
      "bullet":{
        "type":"LaserBulletType",
        "lightningSpacing":16,
        "lightningDelay":0.05,
        "lightningLength":45,
        "lightningWidth":4,
        "lightningLengthRand":8,
        "lightningAngleRand":90,
        "lightningDamage":155,
        "lightningColor":"007BFF",
        "color":[
          "#000000",
          "007BFF",
          "BFFFDB"
        ],
        "lifetime":150,
        "length":1440,//180
        "width":48,
        "damage":12000,
        "buildingDamageMultiplier":0.2,
        "knockback":265,
        "pierce":true,
        "pierceBuilding":true,
        "pierceArmor":true,
        "healPercent":150,
        "sideLength":20,
        "sideWidth":5,
        "sideColor":"007BFF",
        "sideAngle":90,
        "shootEffect":{
          "type":"MultiEffect",
          "effects":[
            {
              "type":"WaveEffect",
              "lifetime":180,
              "colorFrom":"007BFF",
              "colorTo":"3900a0",
              "strokeFrom":32,
              "strokeTo":0,
              "drag":0.02,
              "sizeFrom":0
              "sizeTo":280,
            },
            {
              "type":"ParticleEffect",
              "particles":35,
              "lifetime":180,
              "baseLength":16,
              "length":320,
              "spin":0,
              "region":"量子技艺-圆",
              "sizeFrom":32,
              "sizeTo":32,
              "colorFeom":"BFFFDB",
              "colorTo":"007BFF"
            }
          ],
        },
        "smokeEffect":{
          "type":"ParticleEffect",
          "particles":25,
          "lifetime":360,
          "baseLength":32,
          "length":320,
          "sizeFrom":24,
          "sizeTo":0,
          "colorFrom":"00BFFF",
          "colorTo":"BFFFDB",
        },
        "chargeEffect":{
            "type":"MultiEffect",
            "effects":[
              {
                "type":"WaveEffect",
                "lifetime":90,
                "colorFrom":"BFFFDB",
                "colorTo":"BFFFDB",
                "strokeFrom":16,
                "strokeTo":8
                "sizeFrom":200,
                "sizeTo":0
              },
              {
                "type":"WaveEffect",
                "lifetime":90,
                "startDelay":30,
                "colorFrom":"BFFFDB",
                "colorTo":"BFFFDB",
                "strokeFrom":16,
                "strokeTo":8
                "sizeFrom":200,
                "sizeTo":0
              },
              {
                "type":"ParticleEffect",
                "particles":48,
                "lifetime":120,
                "baseLength":80,
                "length":-80,
                "spin":0,
                "region":"量子技艺-圆",
                "sizeFrom":32,
                "sizeTo":0,
                "colorFrom":"BFFFDB",
                "colorTo":"007BFF"
              }
            ],
          },
          "status":"梦魇",
          "statusDuration":480,
          "hitShake":20,
          "hitSound":"plasmaboom",
          "hitSoundVolume":4,
          "hitEffect":{
            "type":"MultiEffect",
            "effects":[
            {
              "type":"ParticleEffect",
              "particles":8,
              "lifetime":90,
              "baseLength":120,
              "length":80,
              "spin":6,
              "region":"量子技艺-三角形",
              "sizeFrom":40,
              "sizeTo":8,
              "colorFrom":"007BFF",
              "colorTo":"FF0000"
            },
            {
              "type":"ParticleEffect",
              "particles":10,
              "lifetime":150,
              "baseLength":160,
              "length":16,
              "spin":3,
              "region":"量子技艺-十字星",
              "sizeFrom":40,
              "sizeTo":16,
              "colorFrom":"007BFF",
              "colorTo":"00BFFF"
            },
            {
              "type":"ParticleEffect",
              "particles":1,
              "lifetime":240,
              "baseLength":0,
              "length":0,
              "spin":0,
              "region":"量子技艺-闪光",
              "sizeFrom":320,
              "sizeTo":0,
              "colorFrom":"007BFF",
              "colorTo":"BFFFDB"
            },
            {
              "type":"ParticleEffect",
              "particles":1,
              "lifetime":240,
              "baseLength":0,
              "length":0,
              "spin":0,
              "region":"量子技艺-闪光-back",
              "sizeFrom":320,
              "sizeTo":0,
              "colorFrom":"FFFFFF",
              "colorTo":"FFFFFF"
            },
          ]
          },
          "fragBullets":8,
          "fragRandomSpread":15,
          "fragBullet":{
            "damage":250,
            "healPercent":80,
            "lifetime":120,
            "speed":12,
            "frag":-0.08,
            "width":25,
            "height":30,
            "frontColor":"007BFF",
            "backColor":"BFFFDB",
            "trailColor":"00BFFF",
            "trailWidth":3,
            "trailLength":5,
            "homingRange":800,
            "homingPower":0.24,
            "homingDelay":15,
            "status":"电路受损",
            "statusDuration":520,
            "hitEffect":{
              "type":"ParticleEffect",
              "particles":1,
              "lifetime":240,
              "baseLength":0,
              "length":0,
              "spin":0,
              "region":"量子技艺-十字星",
              "sizeFrom":64,
              "sizeTo":0,
              "colorFrom":"007BFF",
              "colorTo":"FFFFFF"
            },
            "fragBullets":1,
            "fragRandomSpread":0,
            "fragBullet":{
              "type":"LaserBulletType",
              "lightningSpacing":8,
              "lightningDelay":0.4,
              "lightningLength":8,
              "lightningLengthRand":3,
              "lightningWidth":2,
              "lightningAngle":65,
              "lightningDamage":120,
              "lightningColor":"BFFFDB",
              "color":[
                "FF0000",
                "BFFFDB",
                "007BFF"
              ],
              "lifetime":60,
              "length":360,
              "width":24,
              "damage":360,
              "knockback":25,
              "healPercent":50,
              "pierceBuilding":true,
              "sideLength":8
              "sideWidth":3
              "sideAngle":135,
              "sideColor":"007BFF",
              "status":"unmoving",
              "statusDuration":1200,
              }
            }
        }
      },
      {
        "name":"精方空投弹",
        "x":0,
        "y":0,
        "reload":600,
        "mirror":false,
        "shootCone":360,
        "ignoreRotation":true,//忽略旋转
        "shootSound":"plasmadrop",
        "shoot":{
          "shots":40,
          "shotDelay":6,
          "type":"ShootAlternate",
          "barrels":8,
          "spread":4
        },
        "bullet":{
          "type":"BombBulletType",
          "splashDamage":650,
          "splashDamageRadius":48,
          "buildingDamageMultiplier":3,
          "makeFire":true,
          "pierceArmor":true,
          "lifetime":240,
          "width":30,
          "height":45,
          "sprite":"量子技艺-常规空投弹",
          "shinkY":0.5,
          "frontColor":"007BFF",
          "backColor":"007BFF",
          "fragBullets":4,
          "fragBullet":{
            "type":"LaserBulletType",
            "lightningSpacing":8,
            "lightningDelay":6,
            "lightningLength":10,
            "lightningLengthRand":5,
            "lightningWidth":4,
            "lightningAngle":60,
            "lightningDamage":45,
            "color":"3900a0",
            "damage":160,
            "width":16,
            "length":200,
            "lifetime":150,
            "sideColor":"FFFFFF",
            "sideWidth":4,
            "sideLength":16,
            "sideAngle":135
          }
          "lightning":2,
          "lightningDamage":75,
          "lightningLength":15,
          "lightningColor":"00BFFF",
          "hitEffect":{
            "type":"WaveEffect",
            "lifetime":60,
            "colorFrom":"007BFF",
            "colorTo":"00BFFF",
            "strokeFrom":16,
            "strokeTo":0,
            "sizeFrom":0,
            "sizeTo":96
          }
        }
    },
  ],
  "destroyBullet":{
    "type":"BasicBulletType",
    "damage":80000,
    "splasgDamage":250000,
    "splashDamageRadius":400,
    "pierce":true,
    "pierceBuilding":true,
    "knockback":2000,
    "makeFire":true,
    "instantDisappear":true,//瞬间消失
    "lightning":40,
    "lightningDamage":2500,
    "lightningColor":"BFFFDB",
    "lightningLength":20,
    "width":0,
    "height":0,
    "shootEffect":{
      "type":"MultiEffect",
      "effects":[
        {
          "type":"WaveEffect",
          "lifetime":300,
          "sizeFrom":16,
          "sizeTo":800,
          "strokeFrom":32,
          "strokeTo":0
          "colorFrom":"BFFFDB",
          "colorTo":"FFFFFF"
        },
        {
          "type":"ParticleEffect",
          "particles":40,
          "baseLength":64,
          "length":128,
          "spin":3,
          "region":"量子技艺-十字星"
          "lifetime":600,
          "sizeFrom":32,
          "sizeTo":0,
          "colorFrom":"00BFFF",
          "colorTo":"FFFFFF"
        }
      ]
    },
    "hitSound":"AUGHHH",
    "hitSoundVolume":10,
    "fragBullets":20,
    "fragBullet":{
      "damage":2,
      "pierce":true,
      "pierceBuilding":true,
      "lifetime":60,
      "speed":8,
      "absorbable":false,
      "hittable":false,
      "redlectable":false,
      "width":0.1,
      "heigth":0.1,
      "intervalBullets":1,
      "intervalBullet":{
        "type":"LaserBulletType",
        "makeFire":true,
        "lightningSpacing":16,
        "lightningLength":10,
        "lightningColor":"00BFFF",
        "lightningAngle":90,
        "lightningLengthRand":5,
        "lightningDamage":450,
        "damage":2600,
        "width":32,
        "length":960,
        "sideWidth":8,
        "sideLength":32,
        "sideColor":"007BFF"
      }
    }
  }
}