{
    "type": "LaunchPad",
    "name": "小型离心发射台",
    "description": "将800物量发射到指定地区",
    "health": 8080,
    "size": 4,
    "itemCapacity": 800,
    "launchTime":120,
    "hasPower": true,
    "consumes": {
        "power": 10
    },
    "requirements": [
        {
            "item": "copper",
            "amount": 2500
        },
        {
            "item": "lead",
            "amount": 2500
        },
        {
            "item": "titanium",
            "amount": 854
        },
        {
            "item": "silicon",
            "amount": 763
        },
        {
            "item": "碳60",
            "amount": 1200
        },
        {
            "item": "surge-alloy",
            "amount": 800
        }
    ],
    "category": "effect",
    "research": "离心发射台",
    "buildVisibility": "campaignOnly"
}