{
	"type": "GenericCrafter",
	"health": 360,
	"name": "注能器",
	  "description": "使用钍 氧化物和硅生产能量单元并对其注能，有一定损耗",
	"outputItem": {
	"item": "能量单元", "amount": 1
	},
	"itemCapacity": 20,
	"size": 3,
	"hasPower": true,
	"hasLiquids": false,
	"hasItems": true,
	"craftTime": 60,
	"craftEffect": "smeltsmoke", 
  "drawer": {
    "type": "DrawMulti",
    "drawers": [
      {
        "type": "DrawRegion",
        "suffix": "-b"
      },
      {
        "type": "DrawCrucibleFlame"
      },
      {
        "type": "DrawDefault" 
      },
      {
        "type": "DrawHeatInput"
      }
    ]
  },
	"consumes": {
	"power": 16.5,
	"items": {
		"items": [
	{ "item": "thorium", "amount": 1 },
	{ "item": "氧化物", "amount": 2 },
	{ "item": "silicon", "amount": 1 },
	]	}	},
	"requirements": [
	{ "item": "钨", "amount": 30 },
	{ "item": "氧化物", "amount": 60 },
	{ "item": "lead", "amount": 50 },
	{ "item": "titanium", "amount": 40 },
	{ "item": "thorium", "amount": 25 },
	{ "item": "graphite", "amount": 40 },
	],
	"category": "power",
	"research": "流体内燃发电机"
}