{
	"type": "WallCrafter",//类型,墙壁钻头
	"category": "production",//菜单栏
	"name":"墙壁切割机",//名字
	"research": {
	"parent": "离子钻机",//科技树前置
	"requirements": [//研究花费
	"graphite/40",
	"钒/40"
	]
	},

	"requirements": [//建造花费
	"graphite/20"
	"钒/20"
	],
	"consumes":{//运作消耗
		"power":0.1666666666666//电,帧
		}
	
	"attribute": "sand",

	"output":"sand",

	"itemCapacity": 10,//物品容量
	"size":2,//平方大小
	"health":260,//血量
	"fogRadius":2,//
	"drillTime":100,//挖掘时间
	"liquidBoostIntensity":2,
	"hasShadow":true//
}