{
"type": "BeamDrill",//类型,墙壁钻头
	"category": "production",//菜单栏
	"name":"离子钻机",//名字

    	"consumes":{//运作消耗
		"power":0.166666666666666666//电,帧
		"liquid": {//液体
		"liquid": "hydrogen", "amount":0.025,//液体消耗
		"booster":true,//加速
		"optional": true//可选
		}	}
	"research": {
	"parent": "旅途",//科技树前置
	"requirements": [//研究花费
	"钒/40"
	]
	},

	"requirements": [//建造花费
	"钒/40",
	],

"alwaysUnlocked":false,//科技树默认解锁
	"itemCapacity": 10,//物品容量
	"size":2,//平方大小
	"health":260,//血量
	"tier":3,//钻头等级
	"range":8,//范围
	"fogRadius":2,//
	"haspower":true,//
	"drillTime":120,//挖掘时间
	"hasShadow":true//
	"liquidBoostIntensity":4.25,
}