{
	"type": "legs",
	"name": "长蛇",
	"armor": 26,
	"speed": 0.8,
	"rotateSpeed": 1.2,
	"hitSize": 48,
	"health": 88000,
	"legPairOffset": 3,
	"legExtension": -20,
	"legBaseOffset": 8,
	"stepShake": 1.2,
	"legCount": 8,
	"legLength": 80,
		"immunities": [
		"blasted","burning","electrified","freezing","melting","disarmed","sapped","shocked","slow","tarred","unmoving","wet","spore-slowed","corroded","融熔","短路","熔断"
	,"紊乱"],
	"legMoveSpace": 1,
	"rippleScale": 1.6,
	"legSplashDamage": 188,
	"legSplashRange": 50,
	"drownTimeMultiplier": 6,
	"hovering": true,
	"allowLegStep": true,
	"researchCostMultiplier": 0,
	"research":"toxopid"
	"ammoType": {
		"type": "PowerAmmoType",
		"totalPower": 22000
	},
	"weapons": [
		{
			"name": "长蛇-3",
			"top": true,
			"shootY": 2,
			"reload": 33,
			"ejectEffect": "none",
			"rotate": true,
			"rotateSpeed": 12,
			"recoil": 2,
			"x": 19.75,
			"layerOffset":-0.0001
			"y": 19.5,
			"shoot": {
				"shots": 4,
				"shotDelay": 5
			},
			"shootSound": "laser",
			"bullet": {
				"type": "SapBulletType",
				"shootEffect": "shootSmall",
				"lifetime": 35,
				"sapStrength": 3.22,
				"length": 90,
				"width": 0.55,
				"knockback": -1,
				"statusDuration": 60,
				"status": "sapped",
				"damage": 198,
				"color": "A278E1",
				"lightColor": "A278E1",
				"hitColor": "A278E1",
				"despawnEffect": "none"
			}
		},
		{
			"name": "长蛇-3",
			"top": true,
			"shootY": 2,
			"reload": 43,
			"ejectEffect": "none",
			"rotate": true,
			"layerOffset":-0.0001
			"rotateSpeed": 12,
			"recoil": 2,
			"x": 11.5,
			"y": 19.5,
			"shoot": {
				"shots": 3,
				"shotDelay": 3
			},
			"shootSound": "laser",
			"bullet": {
				"type": "SapBulletType",
				"shootEffect": "shootSmall",
				"lifetime": 35,
				"sapStrength": 3.22,
				"length": 92,
				"width": 0.55,
				"knockback": -1,
				"statusDuration": 60,
				"status": "sapped",
				"damage": 158,
				"color": "A278E1",
				"lightColor": "A278E1",
				"hitColor": "bf92f9",
				"despawnEffect": "none"
			}
		}
	    	{
		"name":"长蛇-2",
		"shootSound":"laser"
		"top":true,
		"rotate": true,
		"rotateSpeed": 5,
		"mirror":true,
		"shake":8
		"x":16,"y":0,
		"shootY":0
		"reload":90
		"recoil":0,
		"shootStatusDuration":120,
		"parentizeEffects":true,
			"shoot": {
				"type": "ShootSpread",
				"shots": 3
				"spread": 20
			}
	"bullet":{
		"type":"LaserBulletType",
		"length":115
		"damage":185
		"splashDamage":95
		"splashDamageRadius":30
		"width":50
		"lifetime":12
		"lightningColor":"A278E1",
		"lightningSpacing":32,
		"lightningLength":1
		"lightningDelay":0.2,
		"lightningLengthRand":15,
		"lightningDamage":20
		"lightningAngleRand":40,
		"largeHit":true,
		"sideAngle":20,
		"sideWidth":2,
		"sideLength":60,
		"colors":["c093fa", "c093fa", "c093fa"],
		"healPercent":5,
		"collidesTeam":true
	}
	}
		{
			"name": "长蛇-1",
			"reload": 300,
			"x": 0,
			"y": -8.5,
			"rotationLimit": 50,
			"shootY": 10,
			"rotate": true,
			"rotateSpeed": 1,
			"inaccuracy": 1,
			"mirror": false,
			"shootSound": "shotgun",
			"shake": 5,
			"recoil": 5,
			"bullet": {
		    "type": "ArtilleryBulletType",
			"pierceArmor": true,
			"speed": 6,
			"lifetime": 72
			"width": 22,
			"height": 22,
			"backColor": "A278E31FF",
			"frontColor": "A278E31FF",
			"shootEffect": "shootBig",
			"smokeEffect": "shootBigSmoke",
			"splashDamageRadius": 34,
			"splashDamage": 225,
			"hitEffect": "flakExplosionBig",
			"despawnEffect": "flakExplosionBig",
			"ammoMultiplier": 6,
		    "status": "burning",
		    "makeFire": true,
			"statusDuration": 550,
			"fragBullets": 9,
			"fragLifeMin": 0.5
		    "fragLifeMax": 1.8
			"fragBullet": {
			 "type": "ArtilleryBulletType",
			"pierceArmor": true,
			"speed": 6,
			"lifetime": 15
			"width": 22,
			"height": 22,
			"backColor": "A278E31FF",
			"frontColor": "A278E31FF",
			"shootEffect": "shootBig",
			"smokeEffect": "shootBigSmoke",
			"splashDamageRadius": 34,
			"splashDamage": 225,
			"hitEffect": "flakExplosionBig",
			"despawnEffect": "flakExplosionBig",
			"ammoMultiplier": 6,
		    "status": "burning",
		    "makeFire": true,
			"statusDuration": 550,
		    "fragBullets": 9,
			"fragLifeMin": 0.5
		    "fragLifeMax": 1.8
			"fragBullet": {
				"pierceArmor": true,
				"hitEffect": "blastExplosion",
				"status": "blasted",
				"statusDuration": 260,
				"width": 8,
				"height": 9,
				"backColor": "A278E31FF",
				"frontColor": "665C9FFF",
				"damage": 65,
				"scaledSplashDamage": true,
				"splashDamageRadius": 40,
				"splashDamage": 32,
				"makeFire": true,
				"lifetime": 20,
				"speed": 3
				"lightningDamage": 80
			    "lightning": 4
			    "lightningLength": 7
			    "lightningColor": "665C9F",
				}
			}
				}
				"smokeEffect": "bigShockwave"
				}
	]
}