{
	"name":"墨日",
	"description":"变强 变强 变强 除了变强还是变强 :"
	"hitSize":30,
	//碰撞箱
    "rotateSpeed":3,
    //转身速度
    "itemCapacity":30,
        "circleTarget":false,
    //物品容量
    "canDrown":false,
    //能否被淹死
    "buildSpeed":0,
    //建筑速率
    //	"details":"目标建筑：仓库。"
   "type":"flying",
    //空军
   "forceMultiTarget" :true
    "flying":true,
    //是否飞行
    "speed":1.9,
    //移速
      "targetFlags": [
      	"storage"
	],
    "health":3150,
    "lowAltitude":true,
    "engineSize":3.5,
    //引擎尺寸
    "engineOffset":10,
    //引擎偏移
    "armor":10,
    //护甲
    "research":"突袭",
	"weapons":[
	{
            "name":"灼日机炮",
            "y":0,
            "x":-12.6,
            "shootY":3,
            "reload":9,
            //射速
            "alternate":true,
            "recoil":1,
            "reload":30,
            //后坐力
            "shake":1,
            //屏幕摇晃
            "shootSound": "shoot",
            "rotate":false,
            "top":false,
            "bullet": {
                "type": "BasicBulletType",
                "damage":311,
                "width":8,
                //子弹宽度
     "sprite":"重甲弹",
             
                "height":16,
                //子弹长度
                "lifetime":60,
                //子弹存在时间
                "speed":4,
                //子弹飞行速度
                "shootEffect": "shootSmallSmoke",
                }
                }
		{
			"name":"灼日导弹",
			//武器贴图的名字
			"top":true,
			"mirror":true,
			"x":-12,
			"y":-10,
			"shootSound":"missile",
			"reload":10,
			"recoil":1,
			//后坐力
			"bullet":{
				"damage":512,
				"buildingDamageMultiplier":1.3,
				"splashDamage":513,
                //范围伤害
                "splashDamageRadius":8,
                //范围伤害半径(8:1)
                "status":"blasted",
                "width":12,
                //子弹宽度
                "height":20,
                //子弹长度
				"speed":3,
				"hitEffect":"flakExplosion",
				"lifetime":60,
    			"type":"MissileBulletType"
    			//导弹的type
    			"trailChance":0.4
    			//尾迹产生频率
				}
		},
			{
			"name":"灼日激光",
			//武器贴图的名字
			"top":false,
			"mirror":false,
			"shootY":13,
			"x":0,
			"y":0,
			"reload":100,
			//射速
			"recoil":0,
			//后坐力
	            "bullet": {
                "type": "BasicBulletType",
                "damage":822,
                "buildingDamageMultiplier":1,
                "smokeEffect": "shootSmallSmoke",
                "sprite":"bullet",//子弹贴图
			"spin": 0,//子弹旋转速度
			"shrinkY": 0,"shrinkX": 0,//子弹变形程度
			"pierce":true,//穿透
			"pierceCap":1,//穿透数量
			"pierceBuilding":true,//穿透建筑
			"homingRange":40,//跟踪半径
	        "homingPower":20,//跟踪力度（1=3000度）
			"speed": 4.8,
			"lifetime":60,
			"width":30,	"height":42,//宽长度
			"ammoMultiplier":2,			                 "backColor":"fdb933",
			//子弹边缘颜色
			"frontColor":"d5c59f",
			//子弹中心颜色
			"trailLength": 5,
            "trailWidth": 1.3,
			"trailColor":"ffc20e",
			//尾迹颜色
			  "fragBullets": 2,
            "fragBullet": {
                "speed": 6.2,
                "damage": 26,
                "lifetime": 10
                	"pierce":true,//穿透
			"pierceCap":2,//穿透数量
			"pierceBuilding":true,//穿透建筑
			"homingRange":40,//跟踪半径
	        "homingPower":20,          "sprite":"bullet",//子弹贴图
                "splashDamageRadius":15,
	    "splashDamage":30,
            },
			"shootEffect": "shootSmall"},
		},
        ]
        	"abilities":[
    		{
			"type": "ForceFieldAbility",
    		"radius":42,
    		//范围
    		"regen":0.3,
    		//每帧盾容回复量
    		"max":600,
    		//盾容
    		"cooldown":160
    		//被击破后的冷却(8/1s)
		},
	// {"type":"ShieldRegenFieldAbility",//护盾再生场
	// "amount":30//再生值
	// "max":200
	// "reload":300//间隔时间（帧）
	// "range":44//范围
	// }
	],
}