{
	"name": "融熔",
	"color": "c0ecff",
	"damage":110
	"transitionDamage": 10,
	"dragMultiplier": 0.9
    "speedMultiplier": 0.7
	"reloadMultiplier": 0.8
	"effectChance":1
	"effect": {
		"type": "MultiEffect",
		"effects": [
			{
				"type": "ParticleEffect",
				"particles": 1,
				"baseLength": 25,
				"length": 35,
				"lifetime": 60,
				"spin": 5,
				"interp": "fastSlow",
				"sizeInterp":"pow3In",
				"sizeFrom": 5
				"sizeTo": 0
				"colorFrom": "c0ecff",
				"colorTo": "c0ecff"
			},
			{
				"type": "ParticleEffect",
				"particles": 5
				"baseLength": 0,
				"length": 260
				"lifetime": 60
				"sizeFrom": 5
				"sizeTo": 0,
				"interp": "fastSlow",
				"colorFrom": "c0ecff",
				"colorTo": "99e0ff"
			}
		]
	}
}