{
    "description": "在突破资源壁垒之后，研发部研究出的大型的储存器，可以使用卸载器取出物品，容量巨大。\n \n [纪元储存部储存单元]",
    "requirements": [
    {"amount": 300, "item": "titanium"}
    { "amount": 200, "item": "thorium" }
	{ "amount": 30, "item": "surge-alloy" }
	{ "item": "奇思妙想-铜钛合金", "amount": 100 }
   ],
    "type": "StorageBlock",
    "name": "仓房",
    "size": 3,
    "itemCapacity": 3520,
    "research": {
	"parent":"奇思妙想-新纪元集团"
	"objectives": [
            {
				"type": "OnSector",
				"preset": "overgrowth"
			}
	]
	}
    "category": "effect"
    "researchCostMultiplier": 0.5
}