{
"type":"mech",
"name":"砺锋",
"description":"",
"legCount":2
"legLength":6
"legBaseOffset":11
"legMoveSpace":1.5
"legForwardScl":0.58
"stepShake": 0.3
"mineSpeed": 7,
"mineTier": 3,
"abilities":[
	{
    "type": "ForceFieldAbility"
    "radius": 40
    "regen": 0.5
    "max": 500
    "cooldown": 450
  }
  {
              "type": "RepairFieldAbility",
              "range": 100,
              "amount": 20,
              "reload": 300
  }
  {
  "type":"RegenAbility"
  "amount": 0.15
  "percentAmount": 0.00005
  }
  {
  "type":"ShieldRegenFieldAbility"
  "amount":20
  "max":80
  "reload":150
  "range":80
  }
  ]
"research": {
"parent": "a2锉刀",//前置（前面科技）
"objectives": [
"multiplicative-reconstructor"
]
}
"health":3800,//生命
"armor":8,
"range":200,
"speed":0.65,//速度
"hitSize":16,//尺寸
"itemCapacity":40,//背包容量
"ammoType":"磁能钛",
"canBoost": true, //助推
"boostMultiplier": 2.0 //助推速度倍率
"weapons":[
{
"name":"a3砺锋-1",
  "x":7
  "y":0
  "shootY":4.5
  "top": true
  "rotate": false
  "reload": 50
  "shootSound":"shockBlast",
  "ejectEffect":"casing1"
  "inaccuracy":0
  "alternate":true,
  "ignoreRotation": false,
  "shoot": {
        "shots": 2,//每发出子弹数
        "shotDelay": 5,
        "type": "ShootBarrel",
        "barrels": [
        0,0,-10
        0,0,0
        ]
    },
  "bullet":{
//"type": "FlakBulletType",
"width": 10,
"height": 16,
"shootEffect": "shootBig",
"speed": 4,
"lifetime": 40,
"damage": 30,
"hitEffect": "flakExplosionBig"
"trailLength": 6
"trailWidth": 2.8,
"despawnEffect":"none"
"frontColor": "B8F8FF",
"backColor": "B8F8FF",
"trailColor": "B8F8FF",
"splashDamage": 50,
"splashDamageRadius": 48,
//"explodeRange": 32,
"homingRange": 100
"homingPower": 0.3
"homingDelay": 18
"collidesGround": true
"bulletInterval":15,//分裂间隔
"intervalBullets":2,//分裂子弹数
"intervalAngle":0,//分裂起始角度
"intervalSpread":40,//分裂子弹相差角度
"intervalRandomSpread":0//随机角度
"fragVelocityMin":0.9,
"fragVelocityMax":1.1,
"intervalBullet":{
"width": 4.8,
"height": 5,
"shootEffect": "shootBig",
"speed": 4,
"lifetime": 25,
"damage": 15,
"hitEffect": "flakExplosionBig"
"trailLength": 6
"trailWidth": 1,
"despawnEffect":"none"
"frontColor": "B8F8FF",
"backColor": "B8F8FF",
"trailColor": "B8F8FF",
"homingRange": 60
"homingPower": 0.15
//"homingDelay": 15
"collidesGround": true
}
"fragBullets":1
"fragRandomSpread":0,
"fragSpread":0,//分裂角度
"fragAngle":0,//分裂起始角度
"fragBullet":{
  "type":"LaserBulletType"
  "damage": 70,
  "lifetime": 10,
  "hitSize": 6
  ////"lengthFalloff": 5
  "length":64,
  "width": 12
  "pierceCap":3,
  "pierceBuilding": true
  "colors": ["B8F8FF", "B8F8FF", "ffffff"],
  "collidesAir":true
    "spawnBullets": [
				{
					"type": "LightningBulletType",
					"damage": 24,
					"lightningLength": 12,
					"lightningLengthRand": 2,
					"shootEffect": "shootHeal",
					"smokeEffect": "none",
					"instantDisappear": true,
					"lightningColor": "9DB2FAFF",
					"hitColor": "9DB2FAFF",
					"hitEffect": "hitLancer",
					"status": "shocked",
					//"despawnSound": "laser"
				}
			]
}
}}
]
}