{
"type":"mech",
"name":"星迹",
"description":"",
"legCount":2
"legLength":6
"legBaseOffset":11
"legMoveSpace":2.5
"legForwardScl":0.58
"stepShake": 0.75
"abilities":[
	{
		"type": "ForceFieldAbility"
		"radius": 80
		"regen": 1
		"max": 2000
		"cooldown": 600
	}
	{
	"type":"RegenAbility"
	"amount": 0.5
	"percentAmount": 0.00075
	}
	{
	"type":"ShieldRegenFieldAbility"
	"amount":50
	"max":500
	"reload":200
	"range":80
	}
	{
		"type": "StatusFieldAbility",
		"duration": 400,
			"reload": 240,
			"range": 80,
			"applyEffect": "none",
			"effect":"overclock",
			"activeEffect": {
				"type": "WaveEffect",
				"lifetime": 20,
				"sizeFrom": 5,
				"sizeTo": 80,
				"strokeFrom": 8,
				"strokeTo": 0,
				"colorFrom": "EC6060FF",
				"colorTo": "EC6060FF",
				"layer": 110
			},
		},
	]
"research": {
"parent": "a3砺锋",//前置（前面科技）
"objectives": [
"exponential-reconstructor"
]
}
"health":24000,//生命
"armor":12,
"range":200,
"speed":0.5,//速度
"rotateSpeed": 2,
"hitSize":20,//尺寸
"itemCapacity":60,//背包容量
"ammoType":"磁能钛",
"weapons":[
	{
		"name":"a4星迹-1",
		"x":18
		"y":0
		"shootY":20
		"top": true
		"rotate": false
		"reload": 60
		"shootSound":"laser",
		"ejectEffect":"casing1"
		"inaccuracy":0
		"alternate":true,
		"ignoreRotation": false,
		"shoot":{
			"shots": 2,
			"shotDelay": 10
		}
		"bullet":{
			"despawnEffect": "none",
			"hitSound": "spark",
			"smokeEffect": "none",
			"trailEffect": "none",
			"hitEffect": {
				"type": "MultiEffect",
				"effects":[
					{
						"type": "ParticleEffect",
						"particles": 6,
						"sizeTo": 0,
						"sizeFrom": 16,
						"colorTo": "9DB2FAFF",
						"colorFrom": "9DB2FAFF",
						"cone": 360,
						"length": 48,
						"baseLength": 8,
						"lifetime": 36,
						"layer": 100,
						"interp": "circleOut",
					}
					{
		"type": "ParticleEffect",
	"particles": 5,
	"length":16,
	"baseLength": 4,
	"lifetime": 30,
	"line": true,
	"lenFrom":8,
	"lenTo":0,
	"strokeFrom": 3,
	"strokeTo": 0,
	"cone": 360
	"interp": "circleOut",
		},
		{
		"type": "WaveEffect",
		"lifetime": 10,
		"sizeFrom": 1,
		"sizeTo": 32,
		"strokeFrom": 4
		"strokeTo": 0,
		"colorFrom": "9DB2FAFF",
		"colorTo": "9DB2FAFF"
	}
				]
			}
			"damage": 60,
			"splashDamageRadius": 32,
			"splashDamage": 100
			"trailLength": 7,
			"trailWidth": 3,
			"trailColor":"9DB2FAFF",
			"backColor":"9DB2FAFF",
			"frontColor":"FFFFFFFF",
			"hitShake": 3,
			"speed": 8,
			"lifetime": 25,
			"shootEffect": "none",
			"height":8,"width":8,
			"fragBullets":3,
			"fragLifeMin":0.2,
			"fragRandomSpread":24,//随机分裂角度
			"fragSpread":0,//分裂角度
			"fragAngle":0,//分裂起始角度
			"fragVelocityMin":0.5,//最小分裂弹速度
			"fragVelocityMax":1.5,//最大分裂弹速
			"fragBullet":{
				"type": "LightningBulletType",
				"damage": 24,
				"lightningLength": 16,
				"lightningLengthRand": 2,
				"shootEffect": "shootHeal",
				"smokeEffect": "none",
				"instantDisappear": true,
				"lightningColor": "9DB2FAFF",
				"hitColor": "9DB2FAFF",
				"hitEffect": "hitLancer",
				"status": "shocked",
			}
			"spawnBullets": [
				{
					"type": "ShrapnelBulletType",
					"damage": 150,
					"length": 150,
					"toColor": "9DB2FAFF",
					"width": 17,
				}
			]
		}
	}
]
}