{
	"type": "GenericCrafter",
	"name": "永恒奇点合成台",
	"description": "合成最终奇点",
	"details":""
	"outputItems":["永恒奇点/1",]//产出
	"size":2,//建筑大小
	"health":50,//血量
	"craftTime":1500,//÷60
	"itemCapacity":10,//容量
	//"liquidCapacity":0,
	"consumes": {
    "power":1666.6666666666//×60
    "items":{
          "items":[
	            "铜奇点/1",
	            "铅奇点/1",
	            "钢化玻璃奇点/1",
	            "石墨奇点/1",
	            "沙子奇点/1",
	            "煤炭奇点/1",
	            "钛奇点/1",
	            "钍奇点/1",
	            "废料奇点/1",
	            "硅奇点/1",
	            "塑钢奇点/1",
	            "相织布奇点/1",
	            "巨浪合金奇点/1",
	            "孢子荚奇点/1",
	            "爆炸混合物奇点/1",
	            "硫化物奇点/1",
	            "水奇点/1",
	            "矿渣奇点/1",
	            "石油奇点/1",
	            "冷冻液奇点/1",
	]
	}
	}
    "requirements": [
                "copper/30",
                "沙璃/30","物液板/40",
	],//建造材料
    "category": "crafting",
    "research":"物液压板机"
	//"research":{
	//"root":true,//根（创建科技树）
	//"name":"终点"}
	"hasPower": true,
	"hasLiquids": false,
	"hasItems": true,
}