{
	"name":"突袭",
	"description":"袭击对方工厂 "
	"hitSize":11,
	//碰撞箱
	//"details":"目标建筑：工厂。"
    "rotateSpeed":5,
    //转身速度
    "itemCapacity":30,
        "circleTarget":false,
    //物品容量
    "canDrown":false,
    //能否被淹死
    "buildSpeed":0,
    //建筑速率
    "type":"flying",
    //空军
    "flying":true,
    //是否飞行
    "speed":3.1,
    //移速
    "health":500,
    "lowAltitude":true,
    "engineSize":2.5,
    //引擎尺寸
    "engineOffset":7,
    //引擎偏移
    "armor":5,
    	"range": 160,
    //护甲
          "targetFlags": [
      	"factory"
	],
    "research":"超越",
	"weapons":[
		{
			"name":"超影机炮",
			//武器贴图的名字
			"top":true,
				"range": 20,
			"mirror":true,
			"x":-2,
			"y":-1,
			"shootSound":"missile",
			"reload":10,
			"recoil":1,
			//后坐力
			"bullet":{
				"damage":21.2,
				"buildingDamageMultiplier":1.3,
				"splashDamage":23,
                //范围伤害
                "splashDamageRadius":40,
                //范围伤害半径(8:1)
                "status":"blasted",
                "width":12,
                //子弹宽度
                "height":10,
                //子弹长度
				"speed":4,
				"hitEffect":"flakExplosion",
				"lifetime":40,
    			"type":"MissileBulletType"
    			//导弹的type
    			"trailChance":0.4
    			//尾迹产生频率
				}
		},
        ]
}