{
    "type": "LogicBlock",
    "range":800,
    "instructionsPerTick":20,
    "size":3,
    "armor":8,
    "health":2000,
    "name":"大型处理器",
    "category": "logic",
"requirements": [
		{ "item": "硅", "amount":400},
		{ "item": "铝", "amount":600},
		{ "item": "石墨", "amount":160},
		{ "item": "钛钢", "amount":10},
	],
        "research": {
	"parent":"中型处理器"
	"objectives": [
            {
				"type": "SectorComplete",
				"preset": "前哨基地"
			}
	]
	}
	"researchCostMultiplier": 1,
	"canOverdrive": true
    "description":"循环运行一系列逻辑指令，可用于控制单位和建筑物。"
}
