{
    "type": "LogicBlock",
    "range":1600,
    "instructionsPerTick":40,
    "size":4,
    "armor":8,
    "health":3000,
    "name":"巨型处理器",
    "category": "logic",
"requirements": [
		{ "item": "硅", "amount":800},
		{ "item": "铝", "amount":1200},
		{ "item": "石墨", "amount":320},
		{ "item": "巨浪合金", "amount":10},
	],
        "research": {
	"parent":"大型处理器"
	"objectives": [
            {
				"type": "SectorComplete",
				"preset": "前哨基地"
			}
	]
	}
	"researchCostMultiplier": 1,
	"canOverdrive": true
    "description":"循环运行一系列逻辑指令，可用于控制单位和建筑物。"
}
