{
	"type": "tank",
	"name": "平定",
	"squareShape": true,
	"omniMovement": false,
	"rotateMoveFirst": false,
	"drownTimeMultiplier": 5,
	"speed": 0.8,
	"crushDamage": 10,
	"treadRects": [
		{
			"x": -115,
			"y": 118,
			"width": 52,
			"height": 48
		},
		{
			"x": -118,
			"y": -160,
			"width": 79,
			"height": 144
		}
	],
	"hitSize": 66,
	"immunities": [
		"burning",
		"shocked",
		"electrified",
		"干扰",
		"崩溃",
		"拆解",
		"unmoving"
	],
	"ammoType": "泰勒合金",
	"ammoCapacity": 80,
	"targetAir": true,
	"health": 162000,
	"armor": 62,
	"drag": 0.3,
	"rotateSpeed": 1,
	"itemCapacity": 55,
	"faceTarget": false,
	"research": {
		"parent": "陆5",
		//"objectives": [{"type": "SectorComplete","preset": "军工河原"}]
	},
	"weapons": [
		{
			"name": "平定1",
			"reload": 78,
			"x": 0,
			"y": 0,
			"shoot": {
				"shots": 2,
				"shotDelay": 8,
				"type": "ShootBarrel",
				"barrels": [
					-9,40,0,
					9,40,0
				]
			},
			"cooldownTime": 100,
			"rotate": true,
			"rotateSpeed": 2,
			"recoil": 6,
			"mirror": false,
			"inaccuracy": 0.5,
			"shootSound": "largeCannon",
			"shake": 8,
			"bullet": {
				"damage": 500,
				"splashDamage": 285,
				"splashDamageRadius": 80,
				"buildingDamageMultiplier": 1.5,
				"sprite": "missile-large",
				"width": 10,
				"height": 26,
				"hitSize": 18,
				"speed": 24,
				"lifetime": 17,
				"drag": -0.01,
				"absorbable": false,
				"hittable": false,
				"pierce": true,
				"pierceArmor": true,
				"pierceBuilding": true,
				"pierceCap": 3,
				"hitShake": 5,
				"status": "unmoving",
				"statusDuration": 80,
				"frontColor": "FFFFFF",
				"backColor": "FEEBB3",
				"trailLength": 8,
				"trailWidth": 4,
				"trailColor": "FEEBB3",
				"trailRotation": true,
				"trailChance": 1,
				"trailInterval": 33,
				"trailEffect": {
					"type": "ParticleEffect",
					"particles": 3,
					"sizeFrom": 3,
					"sizeTo": 0,
					"interp": "circleOut",
					"sizeInterp": "pow3In",
					"length": 10,
					"baseLength": 0,
					"lifetime": 8,
					"colorFrom": "FEEBB3",
					"colorTo": "FEEBB3"
				},
				"shrinkY": 0,
				"hitEffect": {
					"type": "MultiEffect",
					"effects": [
						{
							"type": "ParticleEffect",
							"particles": 9,
							"sizeFrom": 10,
							"sizeTo": 0,
							"length": 90,
							"baseLength": 8,
							"lifetime": 35,
							"colorFrom": "FEEBB3",
							"colorTo": "FEEBB3"
						},
						{
							"type": "WaveEffect",
							"lifetime": 10,
							"sizeFrom": 2,
							"sizeTo": 60,
							"strokeFrom": 10,
							"strokeTo": 0,
							"colorFrom": "FEEBB3",
							"colorTo": "FEEBB3"
						}
					]
				},
				"hitSound": "plasmaboom",
				"shootEffect": {
					"type": "MultiEffect",
					"effects": [
						{
							"type": "ParticleEffect",
							"particles": 6,
							"line": true,
							"strokeFrom": 6,
							"strokeTo": 0,
							"lenFrom": 25,
							"lenTo": 0,
							"length": 50,
							"baseLength": 0,
							"lifetime": 11,
							"colorFrom": "FEEBB3",
							"colorTo": "FEEBB3",
							"cone": 15
						},
						{
							"type": "WaveEffect",
							"lifetime": 10,
							"sizeFrom": 0,
							"sizeTo": 35,
							"strokeFrom": 4,
							"strokeTo": 0,
							"colorFrom": "FEEBB3",
							"colorTo": "FEEBB3"
						}
					]
				},
				"smokeEffect": "smokeCloud",
				"despawnEffect": {
					"type": "ParticleEffect",
					"particles": 1,
					"sizeFrom": 10,
					"sizeTo": 0,
					"length": 0,
					"baseLength": 0,
					"lifetime": 65,
					"colorFrom": "FEEBB3",
					"colorTo": "FFFFFF"
				}
			}
		}
	]
}