{
    "type": "GenericCrafter",
    "name": "420燃料厂",
    "category": "crafting",
    "requirements": [
        "titanium/40","lead/30","silicon/10","graphite/20"
    ],
    "outputItem": "420燃料/1",
    "craftTime": 45.00,//1=0.0165秒
    "size": 3,
    "hasPower": true,
    "hasLiquids": true,
    "drawer": {
        "type": "DrawSmelter",
        "flameColor": "ffef99"
    },
    "consumes": {
        "items": {
            "items": [
                "coal/1","pyratite/1","spore-pod/1"
            ]
        },
        "liquid": {
            "liquid": "oil",
            "amount": 0.05
            },
        "power": 0.70
    },
    "research":"pyratite-mixer"
}