{
    "type": "GenericCrafter",
    "description": "更快的生产矿渣",
    "name": "T2熔炉",
    "outputLiquid": {
        "liquid": "slag",
        "amount": 0.94
    },
    "size": 2,
    "hasPower": true,
    "hasLiquids": true,
    "hasItems": true,
    "craftTime": 13.2,
    "itemCapacity": 16,
    "liquidCapacity": 140,
    "updateEffect": "smeltsmoke",
    "consumes": {
        "power": 2,
        "items": {
            "items": [
                {
                    "item": "scrap",
                    "amount": 2
                }
            ]
        }
    },
    "requirements": [
        {
            "item": "copper",
            "amount": 200
        },
        {
            "item": "metaglass",
            "amount": 50
        },
        {
            "item": "graphite",
            "amount": 95
        },
        "silicon/25",
        "lead/60"
    ],
    "drawer": {
        "type": "DrawMulti",
        "drawers": [
            "DrawDefault",
            "DrawFlame"
        ]
    },
    "category": "crafting",
    "research": "melter",
    "idleSound": "respawning",
    "idleSoundVolume": 0.5
}