{
    "type": "GenericCrafter",
    "name": "T2硅炉",
    "description": "[red]依旧是科技改进，没有任何卵用！！！",
    "outputItem": "silicon/2",
    "health": 320,
    "size": 2,
    "hasPower": true,
    "hasLiquids": false,
    "hasItems": true,
    "itemCapacity": 11,
    "craftEffect": "smeltsmoke",
    "drawer": {
        "type": "DrawMulti",
        "drawers": [
            "DrawDefault",
            {
                "type": "DrawSmelter",
                "flameColor": "ffef99"
            }
        ]
    },
    "requirements": [
        "copper/60",
        "lead/50"
    ],
    "consumes": {
        "power": 0.71,
        "items": [
            "coal/1",
            "sand/2"
        ]
    },
    "craftTime": 42,
    "category": "crafting",
    "research": {
    "parent":"silicon-smelter",
        "requirements": [
        "copper/120",
        "lead/100"
    ]
    }
    "ambientSound": "smelter",
    "ambientSoundVolume": 0.07
}