{
    "type": "GenericCrafter",
    "health": 480,
    "name": "亚砜协议合成器",
    "description": "为你的发展提供更多选择。",
    "outputItem": {
        "item": "亚砜协议",
        "amount": 1
    },
    "itemCapacity": 5,
    "size": 2,
    "hasPower": true,
    "hasLiquids": true,
    "hasItems": true,
    "craftTime": 600,
    "updateEffect": "mineBig",
    "consumes": {
        "liquid": "water/0.2",
        "items": {
            "items": [
                {
                    "item": "lead",
                    "amount": 1
                },               
            ]
        }
    },
    "requirements": [        
        {
            "item": "lead",
            "amount": 32
        },        
        {
            "item": "graphite",
            "amount": 25
        },
        {
            "item": "silicon",
            "amount": 5
        }      
    ],
    "drawer": {
        "type": "DrawMulti",
        "drawers": [
            "DrawDefault",
            "DrawFlame",
            {
                "type": "DrawFlame",
                "flameColor": "888888FF"
            }
        ]
    },
    "category": "crafting",
    "research": "lead",
    "idleSound": "respawning",
    "idleSoundVolume": 0.2
}