{
    "type": "GenericCrafter",
    "health": 630,
    "name": "亚砜液工厂",
    "description": "这跟黄符纸泡水一样的亚砜液真的可以起到加速的效果吗？",
    "details":"废话，当然可以，说不可以的都是神**，所以亚砜液没有任何问题，不用管他，可以非常的放心使用到*。
        (ps:在details里有脏话，为了您可以开心的健康的阅读这些文字，我们已经为此打上了星号，请放心阅读，如果有人说有问题，纯属造谣，请勿相信。)"
    "outputLiquid":"亚砜液/0.8",
    "liquidCapacity":120
    "itemCapacity": 10,
    "size": 2,
    "hasPower": true,
    "hasLiquids": true,
    "hasItems": true,
    "craftTime": 45,
    "updateEffect": "mineBig",
    "consumes": {
        "liquid": "water/0.8",
        "items": {
            "items": [
                {
                    "item": "亚砜协议",
                    "amount": 1
                },               
            ]
        }
    },
    "requirements": [        
        {
            "item": "lead",
            "amount": 52
        },        
        {
            "item": "graphite",
            "amount": 48
        },
        {
            "item": "silicon",
            "amount": 42
        },   
        {
            "item": "plastanium",
            "amount": 32
        },    
        {
            "item": "titanium",
            "amount": 40
        },
        {
            "item": "metaglass",
            "amount": 20
        },
    ],
    "drawer": {
        "type": "DrawMulti",
        "drawers": [
            "DrawDefault",
            "DrawFlame",
            {
                "type": "DrawFlame",
                "flameColor": "888888FF"
            }
        ]
    },
    "category": "crafting",
    "research": "亚砜协议",
    "idleSound": "respawning",
    "idleSoundVolume": 0.2
}