{
    "type": "GenericCrafter",
    "name": "伊玛目孢子压缩机",
    "description": "有这个谁还他妈缺油啊。",
    "outputLiquid": {
        "liquid": "oil",
        "amount": 0.6
    },
    "drawer": {
        "type": "DrawMulti",
        "drawers": [
            {
                "type": "DrawPistons",
                "sinMag": 1
            },
            "DrawDefault",
            {
                "type": "DrawLiquidRegion",
                "drawLiquid": "oil"
            },
            {
                "type": "DrawRegion",
                "suffix": "-top"
            }
        ]
    },
    "size": 3,
    "hasPower": true,
    "hasLiquids": true,
    "hasItems": true,
    "craftTime": 30,
    "itemCapacity": 40,
    "liquidCapacity": 360,
    "updateEffect": {
        "type": "ParticleEffect",
        "particles": 3,
        "sizeFrom": 3,
        "sizeTo": 0,
        "length": 15,
        "baseLength": 10,
        "lifetime": 10,
        "colorFrom": "E3E3E390",
        "colorTo": "ffffff",
        "cone": 360
    },
    "consumes": {
        "power": 2.8,
        "items": {
            "items": [
                {
                    "item": "spore-pod",
                    "amount": 1
                }
            ]
        }
    },
    "requirements": [
        {
            "item": "lead",
            "amount": 105
        },
        {
            "item": "metaglass",
            "amount": 20
        },
        {
            "item": "silicon",
            "amount": 90
        }
    ],
    "category": "crafting",
    "research": "spore-press"
}