{
	"type": "AttributeCrafter",
	"name": "巨浪合金养殖舱",
	"outputItem": "surge-alloy/2",
	"description":"利用生物科技生产巨浪合金，在该时代，淀粉可以使用二氧化碳和水合成，大肠杆菌都有了生产抗生素的能力，那么合金生产为何不可，因此便有了巨浪合金养殖舱，使用被生物工程改造后的孢子，对硅和废料进行结构重组，得到巨浪合金",
	"details":"原来孢子是不具备制造巨浪合金的能力的，但是在经过巨浪合金养殖舱里的基因编码设备DNA改造后，具备了改造物质的能力，但是寿命极短，不能在养殖仓里留下后代，因此每生产两个巨浪合金就要往里面丢一个孢子夹，不然生产进行不下去，需要水是因为养殖舱里的计算机需要冷却，孢子也喜欢在有水的环境下工作，所以需要水。",
//合金凝聚器:2硅+2061电+2s=1巨浪合金
	"size": 3,
	"hasPower": true,
	"hasLiquids": true,
	"hasItems": true,
	"craftTime": 148.8,
	"itemCapacity": 16,
	"health": 661,
	"liquidCapacity": 72,
	"legacyReadWarmup":true,
	"attribute":"spores",
	"drawer": {
		"type": "DrawMulti",
		"drawers": [
			{
				"type": "DrawRegion",
				"suffix": "-bottom"
			},
			{
				"type": "DrawLiquidTile",
				"drawLiquid": "slag"
			},			
			"DrawDefault",
			"DrawCultivator"
		]
	},	           
	"maxBoost":1.5,
	"craftEffect": "none",	
	"consumes": {
		"power": 13.6,	
		"items": [
			"silicon/2","scrap/2","spore-pod/1"
		],	
		        "liquid": {
            "liquid": "water",
            "amount": 0.4
	}
	},
	"requirements":[
		"graphite/140",
		"titanium/35",
		"plastanium/30",
		"copper/40",
		"silicon/18",
		"metaglass/40",
		"lead/40"
	],
	"category": "crafting",
	"research": {
	"parent":"cultivator",
	"objectives": [
            {
				"type": "SectorComplete",
				"preset": "saltFlats"
			},
			{
				"type": "OnSector",
				"preset": "biomassFacility"
			},
			{
				"type": "OnSector",
				"preset": "craters"
			}
			]
	}
	}