{
    "type": "GenericCrafter",
    "health": 323,
    "name": "废料-巨浪合金打印机(基础)",
    "description": "谁说前期不能有巨浪合金？打印机只是(生产)效率低一些，这不是前期没有合金的理由。",
    "details":"It's always like this, right?(从来如此，便对吗？)\n---Lu Xun's Diary of a Madman(鲁迅《狂人日记》)"
    "outputItem": {
        "item": "surge-alloy",
        "amount": 1
    },
    "itemCapacity": 27,
    "size": 2,
    "hasPower": true,
    "hasLiquids": true,
    "hasItems": true,
    "craftTime": 113,
    "updateEffect": "mineBig",
    "canOverdrive": false,
    "consumes": {
        "power": 3,
              "items": {
            "items": [
                {
                    "item": "scrap",
                    "amount": 6
                }
            ]
        }
    },
    "requirements": [
        {
            "item": "metaglass",
            "amount": 30
        },
        {
            "item": "silicon",
            "amount": 10
        },
        {
            "item": "lead",
            "amount": 25
        },
        {
            "item": "graphite",
            "amount": 30
        },
        {
            "item": "titanium",
            "amount": 20
        }
    ],
    "drawer": {
        "type": "DrawMulti",
        "drawers": [
            "DrawDefault",
            "DrawFlame"
        ]
    },
    "regionSuffix":"-dark",
    "category": "crafting",
    "research": "紫渊合金冶炼炉",
    "idleSound": "respawning",
    "idleSoundVolume": 0.2
}