{
    "type": "GenericCrafter",
    "health": 160,
    "name": "废料研磨机",
    "description": "用来研磨废料的机器，可以把废料磨成沙子，应该不会有人要跑进研磨机里吧，我相信只要是正常人都不会",
    "details": "[red]嘿！你，注  意  生  产  安  全，小子，被研磨机磨成沙子可就不好了，我相信你也不希望你的家人在你的坟墓前哭的撕心裂肺吧！！哈哈哈，哈哈哈哈！！！",
    "outputItem": {
        "item": "sand",
        "amount": 2
    },
    "size": 2,
    "hasPower": true,
    "hasLiquids": false,
    "hasItems": true,
    "craftTime": 15,
    "itemCapacity": 20,
    "updateEffect": "pulverizeSmall",
    "drawer": {
        "type": "DrawMulti",
        "drawers": [
            "DrawDefault",
            {
                "type": "DrawRegion",
                "suffix": "-转",
                "spinSprite": true,
                "rotateSpeed": 12
            },
            {
                "type": "DrawRegion",
                "suffix": "-顶"
            }
        ]
    },
    "consumes": {
        "power": 0.8,
        "items": [
            "scrap/1"
        ]
    },
    "ambientSound": "grinding",
    "requirements": [
        "lead/30",
        "亚砜协议/10",
        "紫渊合金/5",
        "钛钢/15",
        "graphite/20",
        "silicon/15"
    ],
    "category": "crafting",
    "research": "pulverizer"
}