{
    "type": "GenericCrafter",
    "name": "承上启下冷冻液工厂",
    "description": "别看了，就跟蓝钢工业一样。",
         "details": "相对于蓝钢工业产量略低的冷冻液工厂",
    "outputLiquid":"cryofluid/0.9"
    "size": 4,
    "itemCapacity": 10,
    "hasItems": true,
    "liquidCapacity":324
    "hasLiquids":true
    "craftTime": 99.5,
    "consumes": {
        "power":2.96,
        "items": {
            "items": [
                {
                    "item": "钛钢",
                    "amount": 1
                }
            ]
        },
        "liquid": {
            "liquid": "water",
            "amount": 0.9
    }
    },
    "requirements": [
        {
            "item": "titanium",
            "amount": 110
        },
        {
            "item": "silicon",
            "amount": 25
        },
        {
            "item": "plastanium",
            "amount": 65
        },
        {
            "item": "紫渊合金",
            "amount": 25
        },
        {
            "item": "lead",
            "amount": 110
        }       
    ],
    "category": "crafting",
    "research": "cryofluid-mixer",
    "idleSound": "respawning",
    "updateEffect": "pulverizeMedium",
    "idleSoundVolume": 0.5,
    "attribute": "sand"
}