{
    "type": "GenericCrafter",
    "health": 320,
    "name": "改良硅冶炼炉",
    "description": "就跟饱和火力的硅冶炼炉一样低产",
    "outputItem": {
        "item": "silicon",
        "amount": 3
    },
    "itemCapacity": 15,
    "size": 3,
    "hasPower": true,
    "hasLiquids": false,
    "hasItems": true,
    "craftTime": 12,
    "updateEffect": "mineBig",
    "consumes": {
        "power": 1,
        "items": {
            "items": [
                {
                    "item": "coal",
                    "amount": 1
                },
                {
                    "item": "sand",
                    "amount": 2
                }
            ]
        }
    },
    "requirements": [
        {
            "item": "copper",
            "amount": 60
        },
        {
            "item": "silicon",
            "amount": 20
        },
        {
            "item": "lead",
            "amount": 45
        },
        {
            "item": "graphite",
            "amount": 30
        }
    ],
    "drawer": {
        "type": "DrawMulti",
        "drawers": [
            "DrawDefault",
            "DrawFlame"
        ]
    },
    "category": "crafting",
    "research": "silicon-smelter",
    "idleSound": "respawning",
    "idleSoundVolume": 0.2
}