{
    "type": "GenericCrafter",
    "name": "明月协议解码器",
    "description": "明月协议2.0是被加密过的，没有被解码破译，如果没有被解码破译，需要明月协议的武器和装置是无法识别的，因此需要野马和破译才能被用于武器和装置，所以明月协议解码器应运而生。",
    "details":"明月协议解码器的本质是一台超级计算机，由于明月协议的破译难度较高，普通计算机昼夜不停的运行三天，也破不出来，直到420工程技术产物-420工程超算的诞生才解决了这个问题，这台超级计算机之所以占地小，是因为420工程技术的应用，"
    "health": 400,
    "itemCapacity": 5,
        "liquidCapacity":60
    "outputItem": {
        "item": "明月协议(已破译)",
        "amount": 1
    },
    "size": 2,
    "hasPower": true,
    "hasItems": true,
    "hasLiquids":true,
    "craftTime": 7200,
    "updateEffect": "smeltsmoke",
    "consumes": {
        "power": 53.5,
        "items": {
            "items": [
                {
                    "item": "明月协议",
                    "amount": 1
                }
            ]
        },
        "liquid": {
            "liquid": "相位合金液",
            "amount": 0.4
            }
    },
    "requirements": [
        {
            "item": "copper",
            "amount": 80
        },
        {
            "item": "lead",
            "amount": 60
        },
        {
            "item": "graphite",
            "amount": 70
        }
    ],
    "drawer": {
        "type": "DrawMulti",
        "drawers": [
            "DrawDefault",
            "DrawFlame"
        ]
    },
    "category": "crafting",
    "research": "明月协议合成器",
    "idleSound": "respawning",
    "idleSoundVolume": 0.4
}