{
    "type": "GenericCrafter",
    "name": "明月协议封装机",
    "description":"在这里，你可以看到昂贵而稀少的明月协议的封装流程，这是文明的最高机密，是外人不可染指的，趁着有这个机会，尽情的观看生产流程吧！",
    "category": "crafting",
    "requirements": [
	"lead/140","metaglass/105","silicon/60","titanium/99","graphite/76","紫渊合金/60",
	"相位合金/20","surge-alloy/69","thorium/20","plastanium/15"
    ],
    "outputItem": "明月协议/1",
    "itemCapacity": 10,
    "craftTime": 3600,
    "size": 4,
    "hasPower": true,
    "hasLiquids": false,
    "hasItems":true,
    "drawer": {
        "type": "DrawSmelter",
        "flameColor": "ffef99"
    },
    "craftEffect":{
  "effect": {
    "baseValue": 25.0,
    "color":"871F7828",  // 注意：这里只是一个字符串，而不是NHColor对象
    "numVectors": 4,
    "maxVectorLength": 24 ,  // 这是一个字符串，表示计算逻辑
    "squareProperties": {
      "strokeScale": 1.7,
      "baseSize": 2.0,
      "sizeScale": 6 // 这也是一个字符串，表示计算逻辑
    }
  }
},
    "canOverdrive": false,
    "consumes": {
        "items": {
            "items": [
	"metaglass/2","silicon/2","copper/3","紫渊合金/2","相位合金/1"
            ]
        },
        "power":13.5
    },
    "research":"亚砜协议"
	"alwaysUnlocked":false
}