{
    "type": "GenericCrafter",
	"name": "电人硅炉",
	"description":"我的发，这电弧硅炉是不是漏电啊？怎么还电人！怎么还电人！操，破硅炉，老子不用了，丢了",
		"outputItem": "silicon/10",
	"health": 1040,
	"size": 4,
	"hasPower": true,
	"hasLiquids": true,
	"hasItems": true,
	"itemCapacity": 21,
	"liquidCapacity": 50,
	/*"drawer": {
		"type": "DrawMulti",
		"drawers": [
			"DrawDefault",
			{
				"type": "DrawRegion",
				"suffix": "-转",
				"spinSprite": true,
				"rotateSpeed": 1.125
			}
		]
	},*/
	"requirements": [
	"beryllium/150","graphite/160","silicon/20","tungsten/34"
	],
			"consumes": {
					"power": 12.04,
				"items": [
					"graphite/2","sand/9"
				],
				"liquids": [
					"water/0.35"
				],			
			},
			"craftTime": 123.6
	"category": "crafting",
	  "idleSound": "respawning",
    "idleSoundVolume": 0.2
	"research": "silicon-arc-furnace"
}