{
    "type": "GenericCrafter",
    "name": "先进巨浪合金工厂",
    "description":"更快的生产巨浪合金",
    "category": "crafting",
    "requirements": [
        "metaglass/40","lead/55","graphite/69","titanium/20","thorium/90","silicon/40"
    ],
    "outputItem": "surge-alloy/3",
    "craftTime": 40.00,
    "size": 4,
    "hasPower": true,
    "hasLiquids": true,
    "drawer": {
        "type": "DrawSmelter",
        "flameColor": "ffef99"
    },
    "consumes": {
        "items": {
            "items": [
                "copper/3","plastanium/5","metaglass/5"
            ]
        },
        "liquid": {
            "liquid": "cryofluid",
            "amount": 0.2
        }
        "power":6.63
    },
    "research":"surge-smelter"
}