{
    "type": "GenericCrafter",
    "health": 480,
    "name": "重型孢子冶硅厂",
    "description": "简单粗暴。",
    "outputItem": {
        "item": "silicon",
        "amount": 48
    },
    "itemCapacity": 144,
    "size": 4,
    "hasPower": true,
    "hasLiquids": true,
    "hasItems": true,
    "craftTime": 33,
    "updateEffect": "mineBig",
    "consumes": {
        "power": 14,
        "liquid": "water/0.8",
        "items": {
            "items": [
                {
                    "item": "spore-pod",
                    "amount": 4
                },
                {
                    "item": "sand",
                    "amount": 36
                }
            ]
        }
    },
    "requirements": [
        {
            "item": "copper",
            "amount": 280
        },
        {
            "item": "lead",
            "amount": 195
        },
        {
            "item": "紫渊合金",
            "amount": 26
        },
        {
            "item": "graphite",
            "amount": 119
        },
        {
            "item": "silicon",
            "amount": 80
        },
        {
            "item": "metaglass",
            "amount": 110
        }
    ],
    "drawer": {
        "type": "DrawMulti",
        "drawers": [
            "DrawDefault",
            "DrawFlame",
            {
                "type": "DrawFlame",
                "flameColor": "888888FF"
            }
        ]
    },
    "category": "crafting",
    "research": "改良硅冶炼炉",
    "idleSound": "respawning",
    "idleSoundVolume": 0.2
}