{
    "type":"legs",
    "name":"冥界",
    "description":"",
    "hitSize":50,
    "hovering":true,
    "drawShields":false,
    "allowLegStep":true,
    "groundLayer":100,
    //高度
       "groundLayer":120,
    //高度
    "health":71800,
    "armor":23,
    "speed":0.6,
    "rotateSpeed":5,
    "buildSpeed":0,
    //建筑速度
    "legCount":8,
    //腿数
    "legLength":75,
    //最大腿长
    "legBaseOffset":8,
    //腿根部偏移
    "legExtension":-20,
    //腿部各段长短
    "legMoveSpace":0.8,
    //腿运动幅度
    "legSplashDamage":150,
    //踩踏范围伤害
    "legSplashRange":13,
    //踩踏范围伤害的范围
    "rippleScale":3,
    //踩踏特效范围
    "legLengthScl":0.93,
    //腿部最大伸缩
   /*       legCount = 8;
            legMoveSpace = 0.8f;
            legPairOffset = 3;
            legLength = 75f;
            legExtension = -20;
            legBaseOffset = 8f;
            stepShake = 1f;
            legLengthScl = 0.93f;
            rippleScale = 3f;
            legSpeed = 0.19f;*/
    "research": {
		"parent": "血蝗",
	},
  
    //弹药类型
    "drawBody":true,
    //显示身体
	"drawCell":true,
	//是否显示Cell
	"immunities":[
	    "burning",
	    "嗜血"
	    ],
    "weapons":[
    {
	        "type":"PointDefenseWeapon"
	        "name":""
	        "x":5,
	        "y":0,
	        		"rotate": true,
	        "reload":10,
	        "targetInterval":6,
	        "targetSwitchInterval":9,
	        "recoil":0,
	        "bullet":{
	            "shootSound":"lasershoot"
	            "shootEffect":"sparkShoot"
	            "hitEffect":"pointHit"
	            "maxRange":90,
	            "damage":20,
	        }
	    }
{
            "name":"冥界1",
            "mirror":true,
            "y":-9,
            "x":9,
               "top":false,
            "shootX":2,
            "reload":60,
            //射速
            "recoil":0.4,
            //后坐力
            "shake":0.5,
            //屏幕摇晃
            "shootSound": "missileSmall",
            "rotate":false,
            "inaccuracy":5,//不准确度
            "bullet": {
            "spawnUnit": "合晶工业-冥界导弹",
			"speed":6,
            },
            }
       {
			"name":"冥界主炮",
			//武器贴图的名字
				"top":true,
			"mirror":false,
			"shootY":13,
				"rotate": true,
	"rotateSpeed":4,
			"x":-22,
			"y":0,
			"firstShotDelay":70,
			//第一次射击的前摇
			"chargeSound":"lasercharge2",
			//充能阶段的声音
			"shootSound":"beam",
			//射击的声音
			"reload":400,
			//射速
			"recoil":0,
			//后坐力
			"continuous":true,
			//是否持续射击
            "cooldownTime":240,
            "shootStatus":"overclock",
            "statusDuration":150,
			"bullet":{
				"damage":120,
				//伤害，1:12
				"buildingDamageMultiplier":1,
				"length":120,
				//激光长度,8:1
						"width": 6,
						"largeHit":"true",		
				"status":"melting",
				"hitEffect":"hitMeltHeal",
				"drawSize":420,
				"lifetime":200,
				"shake":2,
				"type":"ContinuousLaserBulletType",
				"colors":["9CC2F0FF","0C9DF5FF","2C6FDBFF","5307ECFF"]
			}
		},    
		       {
			"name":"冥界主炮",
			//武器贴图的名字
			"top":true,
			"mirror":false,
			"shootY":13,
				"rotate": true,
	"rotateSpeed":4,
			"x":22,
			"y":0,
			"firstShotDelay":70,
			//第一次射击的前摇
			"chargeSound":"lasercharge2",
			//充能阶段的声音
			"shootSound":"beam",
			//射击的声音
			"reload":400,
			//射速
			"recoil":0,
			//后坐力
			"continuous":true,
			//是否持续射击
            "cooldownTime":240,
            "shootStatus":"overclock",
            "statusDuration":150,
			"bullet":{
				"damage":120,
				//伤害，1:12
				"buildingDamageMultiplier":1,
				"length":120,
				//激光长度,8:1
						"width": 4,
				"status":"melting",
				"hitEffect":"hitMeltHeal",
				"drawSize":420,
				"lifetime":200,
				"shake":2,
				"largeHit":"true",
				"type":"ContinuousLaserBulletType",
				"colors":["9CC2F0FF","0C9DF5FF","2C6FDBFF","5307ECFF"]
			}
		},    
/*{
            "name": "冥界流弹",
            "reload":80,
            "x":8,
            "y":0,
            "top":false,
            "recoil":0,
            "rotateSpeed":10,
            "shake":6,
            "mirror":true,
            "rotate":true,
            "xRand":50,
            "ignoreRotation":true,
            "shootSound":"plasmaboom",
            "bullet": {
                "type":"ArtilleryBulletType",
                "shrinkY":0,
                "status":"electrified",
                "smokeEffect":"none",
                "trailEffect":"none",
                "lifetime":60,
                "spin":2,
                "speed":8,
                "trailChance":0,
                "width":25,
                "height":25,
                "damage":300,
                "splashDamage":60,
                "splashDamageRadius":30,
                "shootEffect":"bigShockwave",
                "hitEffect":"massiveExplosion",
                "backColor":"ffffff",
                "frontColor":"5307ECFF",
                "collidesGround":true,
                "collidesAir":true,
                	"homingPower":2,
	  "lightningDamage":50,
                "lightning":3,
                   "lightningColor": "5307ECFF",
                "lightningLength":12,
                "buildingDamageMultiplier":1,
                 "fragBullets": 3,
         	"fragBullet": {
			  "type":"ArtilleryBulletType",
                "shrinkY":0,
              //  "status":"烈性燃烧",
                "smokeEffect":"none",
                "trailEffect":"none",
                "lifetime":60,
                "spin":2,
                "speed":3,
                "trailChance":0,
                "width":18,
                "height":18,
              "damage":200,
              	  "lightningDamage":50,
                "lightning":3,
                   "lightningColor": "5307ECFF",
                "lightningLength":12,
                "splashDamage":60,
                "splashDamageRadius":30,
                "shootEffect":"bigShockwave",
                "hitEffect":"massiveExplosion",
                "backColor":"ffffff",
                "frontColor":"5307ECFF",
                "collidesGround":true,
                "collidesAir":true,
                "buildingDamageMultiplier":1,
                	"homingPower":2,
                   "fragBullets": 2,
         	"fragBullet": {
			  "type":"ArtilleryBulletType",
                "shrinkY":0,
                //"status":"烈性燃烧",
                "smokeEffect":"none",
                "trailEffect":"none",
                "lifetime":60,
                "spin":2,
                "speed":2,
                "trailChance":0,
                "width":8,
                "height":8,
                "damage":80,
                "splashDamage":30,
                "splashDamageRadius":20,
                "shootEffect":"bigShockwave",
                "hitEffect":"massiveExplosion",
                "backColor":"ffffff",
                "frontColor":"5307ECFF",
                "collidesGround":true,
                "collidesAir":true,
                "buildingDamageMultiplier":1,
                	"homingPower":2,
                "lightningDamage":50,
                "lightning":3,
                   "lightningColor": "5307ECFF",
                "lightningLength":25, 	
				}
				}
            },
        },*/ 
	]
}