{
  "type": "Reconstructor",
  "size": 11,
  "constructTime": 8000,
  "liquidCapacity": 380,
  "consumes": {
    "power": 38,
    "items": {
      "items": [
        "silicon/1400",
        "surge-alloy/1500",
        "phase-fabric/860",
        "metaglass/1000",
        "plastanium/1100",
        "titanium/980"
      ]
    }
  },
  "requirements": [
    "silicon/1500",
    "surge-alloy/650",
    "metaglass/1000",
    "lead/2400",
    "thorium/1800",
    "plastanium/800",
    "phase-fabric/780"
  ],
  "upgrades": [
    [
      "eclipse",
      "twilight"
    ],
    [
      "reign",
      "anvil"
    ],
    [
      "toxopid",
      "toxicity"
    ],
    [
      "oct",
      "hex"
    ],
    [
      "omura",
      "orca"
    ],
    [
      "navanax",
      "mariana"
    ],
    [
      "corvus",
      "stella"
    ]
  ],
  "category": "units",
  "research": "tetrative-reconstructor"
}
