{
  "type": "Reconstructor",
  "size": 14,
  "constructTime": 6000,
  "consumes": {
    "power": 58,
    "items": {
      "items": [
        "gamma-green/2000",
        "alpha-yellow/2000",
        "titanium/3600",
        "plastanium/3320",
        "silicon/4420",
        "thorium/2230",
        "surge-alloy/3570",
        "osmium/3800"
      ]
    }
  },
  "requirements": [
    "surge-alloy/2130",
    "copper/3020",
    "thorium/2420",
    "plastanium/2130",
    "titanium/3020",
    "metaglass/4120",
    "silicon/3530",
    "graphite/5670",
    "lead/4000"
  ],
  "upgrades": [
    [
      "contention",
      "battle"
    ],
    [
      "assault",
      "bloodshed"
    ]
  ],
  "category": "units",
  "research": "ravthian-reconstructor"
}
