{
  "type": "UnitFactory",
  "researchCostMultiplier": 0.3,
  "size": 3,
  "consumes": {
    "power": 5
  },
  "plans": [
    {
      "unit": "b01-majoris",
      "requirements": [
        {
          "item": "silicon",
          "amount": 25
        },
        {
          "item": "astrolite",
          "amount": 15
        }
      ],
      "time": 400
    },
    {
      "unit": "b01-orion",
      "requirements": [
        {
          "item": "silicon",
          "amount": 10
        },
        {
          "item": "astrolite",
          "amount": 20
        },
        {
          "item": "graphite",
          "amount": 10
        }
      ],
      "time": 400
    }
  ],
  "requirements": [
    {
      "item": "silicon",
      "amount": 580
    },
    {
      "item": "graphite",
      "amount": 180
    },
    {
      "item": "astrolite",
      "amount": 180
    }
  ],
  "category": "units",
  "research": "team-genesux"
}
