{
  "type": "UnitFactory",
  "researchCostMultiplier": 0.3,
  "size": 2,
  "consumes": {
    "power": 5
  },
  "plans": [
    {
      "unit": "drone-m",
      "requirements": [
        "silicon/80"
      ],
      "time": 300
    },
    {
      "unit": "drone-m2",
      "requirements": [
        "silicon/120",
        "osmium/100",
        "stellar-steel/200"
      ],
      "time": 600
    }
  ],
  "requirements": [
    {
      "item": "silicon",
      "amount": 580
    },
    {
      "item": "graphite",
      "amount": 180
    },
    {
      "item": "astrolite",
      "amount": 180
    }
  ],
  "category": "units",
  "research": "team-genesux"
}
