{
  "type": "UnitFactory",
  "researchCostMultiplier": 0.3,
  "size": 3,
  "consumes": {
    "power": 5
  },
  "plans": [
    {
      "unit": "pteris",
      "requirements": [
        {
          "item": "silicon",
          "amount": 20
        },
        {
          "item": "valvanite",
          "amount": 20
        },
        {
          "item": "titanium",
          "amount": 10
        }
      ],
      "time": 300
    }
  ],
  "requirements": [
    {
      "item": "silicon",
      "amount": 580
    },
    {
      "item": "lead",
      "amount": 180
    },
    {
      "item": "valvanite",
      "amount": 180
    }
  ],
  "category": "units",
  "research": "team-quantra"
}
