{
  "localizedName": "Soletux Reconstructor",
  "description": "upgrades Soletux units to second tier",
  "type": "Reconstructor",
  "category": "units",
  "size": 3,
  "constructTime": 2700,
  "consumes": {
    "power": 2.5,
    "items": {
      "items": [
        "silicon/60",
        "tungsten/40",
        "volcanite/20"
      ]
    },
    "liquid": {
      "liquid": "hydrogen",
      "amount": 0.05
    }
  },
  "upgrades": [
    [
      "sol",
      "corona"
    ],
    [
      "heat",
      "molten"
    ]
  ],
  "research": "SolFactory",
  "requirements": [
    "beryllium/200",
    "tungsten/100",
    "silicon/100",
    "volcanite/80"
  ]
}
