{
"localizedName": "Advanced Assembler module",
"description": "Increases assembler tier when placed next to a construction boundary. Requires power. Can be used as a payload input.",
"type": "UnitAssemblerModule",
"researchCostMultiplier": 0.75,
"health": 3750,
"regionSuffix": "-dark",
"category": "units",
"size": 5,
"tier": 2,
"consumes": {
"power": 6
},
"research": "titan-assembler",
"requirements": [
"thorium/600",
"phase-fabric/400",
"osmium/300",
"surge-alloy/300",
"oxide/350"
]
}