{
  "type":"UnitFactory",
  "name":"专业单位工程厂",
  "description":"更专业的技术与更完善的设施，只为求在战地一线能更高速高效生产单位。",
  "details":"能直接高速生产t4单位与t2量子单位，能节省大量资源与时、空间。[red]逝坟的砖椰～\n[black]其实是少了升级厂一半的消耗……",
  "health":9000,//250
  "armor":8,
  "size":6,
  "hasLiquid":true,
  "liquidCapacity":360,
  "consumes":{
    "power":675,//40.5k
    "liquid":"cryofluid/1"
  },
  "plans":[
    {
      "unit":"scepter",//陆攻
      "time":1800,
      "requirements":[
        "lead/10","silicon/520",
        "graphite/20","titanium/415",
        "metaglass/20","plastanium/325"
      ]
    },
    {
      "unit":"vela",//陆辅
      "time":1800,
      "requirements":[
        "lead/20","silicon/540",
        "graphite/20","titanium/435",
        "metaglass/20","plastanium/325"
      ]
    },
    {
      "unit":"arkyid",//爬爬
      "time":1800,
      "requirements":[
        "coal/10","silicon/518",
        "graphite/20","titanium/415",
        "metaglass/20","plastanium/325"
      ]
    },
    {
      "unit":"antumbra",//空攻
      "time":1800,
      "requirements":[
        "silicon/525",
        "graphite/20","titanium/415",
        "metaglass/20","plastanium/325"
      ]
    },
    {
      "unit":"quad",//空辅
      "time":1800,
      "requirements":[
        "lead/15","silicon/540",
        "graphite/20","titanium/415",
        "metaglass/20","plastanium/325"
      ]
    },
    {
      "unit":"sei",//海攻
      "time":1800,
      "requirements":[
        "silicon/530",
        "graphite/20","titanium/415",
        "metaglass/55","plastanium/325"
      ]
    },
    {
      "unit":"aegires",//海辅
      "time":1800,
      "requirements":[
        "silicon/525",
        "graphite/20","titanium/440",
        "metaglass/40","plastanium/325"
      ]
    },
    {
      "unit":"陆2",//t2陆
      "time":3300,
      "requirements":[
        "lead/1000","silicon/1800",
        "graphite/620","titanium/550",
        "metaglass/500","plastanium/400",
        "thorium/750"
      ]
    },
    {
      "unit":"空2",//t2空
      "time":3000,
      "requirements":[
        "lead/950","silicon/1740",
        "graphite/580","titanium/540",
        "metaglass/500","plastanium/400",
        "thorium/750"
      ]
    },
    {
      "unit":"助建",
      "time":4200,
      "requirements":[
        "silicon/1200","thorium/1650",
        "metaglass/950","钨/850",
        "镭/650","石墨烯/500",
        "硅晶/575","钍铅钢/460"
      ]
    }
  ],
  "requirements":[
    "lead/1600","silicon/1500","titanium/1500",
    "graphite/850","metaglass/600","thorium/1200",
    "石墨烯/1350"
  ],
  "category":"units",
  "research":"core-nucleus",
  "buildCostMultiplier":0.7,
  "researchCostMultiplier":0.6
}