{
    "type": "ConsumeGenerator",
    "name": "微型涡轮",
    "size": 1,
    "health": 400,
    "hasLiquids": true,
    "hasItems": true,
    "itemDuration": 15,
    "powerProduction": 2.75,
    "itemCapacity": 20,
    "liquidCapacity": 200,
    "drawer": {
        "type": "DrawMulti",
        "drawers": [
            "DrawDefault",
            {
                "type": "DrawRegion",
                "suffix": "-转",
                "rotateSpeed":9,
                "rotation":45
            },
            {
                "type": "DrawRegion",
                "suffix": "-顶"
            },
            "DrawWarmupRegion",
            {"type": "DrawLiquidRegion",
            "drawLiquid": "water"}
        ]
    },
    "generateEffect": "generatespark",
    "consumes": {
        "itemFlammable":{},
        "itemExplode":{},
        "liquid": "water/0.1"
    },
    "buildCostMultiplier": 0.95,
    "requirements": [
        "lead/150",
        "metaglass/80",
        "silicon/50"
        
    ],
    "ambientSound": "smelter",
    "ambientSoundVolume": 0.06,
    "category": "power",
    "research": "combustion-generator"
}