{
    "type":"ConsumeGenerator",//类型
    "name":"空间相织发电机",//名字
    "description":"以空间纤维为弦，编织纯净的真空零点能。\n \n[green][纪元技术发电装置]",//简介
    "size":2,//大小
    "health":1750,//生命
    "hasPower":true,//储存电量
    "hasLiquids":false,//储存液体
    "hasItems":true,//储存物品
    "itemCapacity":30,//物品容量
    "powerProduction":25.43,//电量生产1=60电
    "itemDuration":420,//一个物品用多久
    "drawer": {
        "type": "DrawMulti",
        "drawers": [
            "DrawDefault",
            "DrawWarmupRegion",
        ]
    },
    "generateEffect": "generatespark",
    "consumes":{
    "itemRadioactive": { "minRadioactivity": 0.7 }
    }
    "requirements":[
        {"item":"奇思妙想-终极建筑许可","amount":35},
        { "item": "plastanium", "amount": 85 }
        {"item":"lead","amount":180}
        { "item": "phase-fabric", "amount": 90 }
        { "item": "奇思妙想-铜钛合金", "amount": 40 }
        ],//建造需求
        "ambientSound": "smelter",
    "ambientSoundVolume": 0.06,
        "category":"power",//类别
        "research": {
	"parent":"奇思妙想-温差反应堆"
	"objectives": [
            {
				"type": "SectorComplete",
				"preset": "overgrowth"
			}
	]
	}
	"researchCostMultiplier": 0.5
}