{
  "type": "PowerTurret", // 炮塔类型：强力炮塔（PowerTurret）
  "name": "审查", // 炮塔名称：glow（暂译“辉光炮塔”）
  "drawer":{
  "type":"DrawTurret",
    "parts":[
    {
    "type":"RegionPart",//贴图运动：动画特效
    "mirror":false,//是否开启镜像
    "x":0,"y":0,//初始位置
	"under": true,
    "suffix":"-主炮1",//,贴图后缀
    "moveX":0,//改变位置
    "moveY":-1,//同上
    "moveRot": 20,//是旋转角度
    "progress":"warmup",//移动类型（"warmup":蓄力,"recoil":开火
    "heatProgress": "warmup",//过热类型（"warmup":蓄力,"recoil":开火
    "heatColor":"F3E97990"//过热颜色
    },
     {
    "type":"RegionPart",//贴图运动：动画特效
    "mirror":false,//是否开启镜像
    "x":0,"y":0,//初始位置
	"under": true,
    "suffix":"-主炮2",//,贴图后缀
    "moveX":0,//改变位置
    "moveY":-1,//同上
    "moveRot": -20,//是旋转角度
    "progress":"warmup",//移动类型（"warmup":蓄力,"recoil":开火
    "heatProgress": "warmup",//过热类型（"warmup":蓄力,"recoil":开火
    "heatColor":"F3E97990"//过热颜色
    },
    ],
    },
    "requirements": [ // 建造所需材料
        { "item": "titanium", "amount":500}, // 精致石墨：20个
                { "item": "silicon", "amount":300}, // 精致石墨：20个
                     { "item": "copper", "amount":1500}, // 精致石墨：20个
                          { "item": "metaglass", "amount":700}, // 精致石墨：20个
    ],
        "description": "重型炮塔\n以审视的目光对待敌人",  // 功能描述：充能后向空中目标发射强力能量束
    "category": "turret", // 建筑分类：防御塔（归类到防御塔建造菜单）
  "size": 5, // 炮塔尺寸：3格（游戏内单位，尺寸越大占用格子越多）
  "health": 3250, // 生命值：1450点
  "range": 410, // 攻击范围：268单位（决定炮塔能攻击到的最远距离）
  "reload": 800, // 装填时间：45帧（数值越小，射速越快，游戏通常以60帧为1秒）
  "rotateSpeed": 0.5, // 旋转速度：1.8单位/帧（决定炮塔转向追踪目标的快慢）
  	"research": "杂交科技",
	"researchCostMultiplier": 0.45,
  "targetGround": true, // 是否攻击地面目标：是
  "targetAir": true, // 是否攻击空中目标：是
  "inaccuracy": 1, // 攻击偏差：0（完全精准，无弹道偏移）
  "coolantMultiplier": 0.3, // 冷却剂倍率：0.7（数值越小，冷却剂消耗越少或冷却速度越快）
  "shootEffect": "lancerLaserShoot", // 射击特效：使用“lancerLaserShoot”（长矛激光射击）特效
  "smokeEffect": "blastExplosion", // 烟雾特效：无（射击/受损时不产生烟雾）
      "consumes": {  // 资源消耗系统
       "power":15,  // 基础电力消耗(漏了逗号已修复)
       },
    "shoot": {  // 射击配置
    "shots": 100,  // 三连发
    "shotDelay": 4,  // 每次射击间隔8帧
    "type":"ShootBarrel",  // 多炮管射击模式
    "barrels":[  // 炮管位置坐标(x,y,旋转度)
        2,-3,0,  // 右侧炮管
        0,-3,0,  // 中间炮管
       -2,-3,0,   // 左侧炮管
    ]    
    },
    "targetGround": true,  // 可攻击地面单位
    "targetAir": true,  // 可攻击空中单位
    "shake": 1.7,
    "minWarmuup":50//预热时间(参考魔灵)
    "cooldown":0.8,//冷却延迟
    "inaccuracy": 40,  // 散射角度(较小)
    "shootSound": "审查",  // 自定义射击音效标识
    "shootType": {  // 弹药类型配置
            "type": "BasicBulletType",  // 基础弹道类型
            "hitEffect":"hitMeltdown",//击中特效
      "despawnEffect":"overdriven",//子弹消失特效
      "smokeEffect":"steam",//冒烟特效
            "speed": 7,  // 弹速较慢
            "damage": 120,  // 单发伤害
            "knockback": 1,  // 击退效果
            "lifetime": 100,  // 子弹存在时间(约0.53秒)
            "width": 20,  // 碰撞宽度
            "height": 30,  // 碰撞高度
            "recoil": 3.5,  // 后坐力强度
            "trailLength": 13//拖尾长
         	"trailWidth": 3//拖尾宽
	        "trailColor": "FFA566FF",//颜色
            "hitColor": "FFA566FF",  // 命中效果
            "status": "corroded",  // 附加腐蚀debuff
            "statusDuration": 375  // 持续时间6.25秒
            "homingDelay":20,//（追踪延迟，60为一秒）
      "homingRange":240,//（追踪距离，8为1格）
      "homingPower":2.5,//（追踪强度）
      "buildingDamageMultiplier":0.85

            "fragOnHit": true,           // 命中后分裂
"fragBullets": 10,            // 分裂2发子弹
"fragRandomSpread": 360, // 分裂角度范围
"fragBullet": {
"type": "LaserBulletType", // 激光型弹体
                "damage": 100,            // 单发伤害
                "length": 200,             // 激光长度（像素）
                "width": 30,              // 激光宽度（像素）
                "buildingDamageMultiplier":0.85
                "colors": [
                "FFA566FF",
                "FFA566FF",
                "ffffff"
                ], // 激光渐变色
            }// 分裂子弹的配置
    },
}