{
	"research": "压缩易燃物工厂",
	"liquidCapacity":150,
	"health":800,
	"type": "GenericCrafter",
	"itemCapacity": 10,
	"outputItem":{"item": "pyratite","amount": 1},
	"size": 2,
	"hasPower": true,
	"drawer":{
		"type":"DrawMulti",
		"drawers":[
		{"type":"DrawDefault"},
		{"type":"DrawFlame"}
		]
	},
	"consumesPower": false,
	"hasItems": true,
	"hasLiquids": true,
	"outputsPower": true,
	"craftTime": 30,
	"updateEffect": "smeltsmoke",
	"consumes":{
	"liquid":{"liquid":"oil","amount":0.125},
	"items":{
			"items":[
				{"item":"coal","amount":1}
				]
			}
	},
	"category": "crafting",
	"requirements": [
		{
			"amount": 160,
			"item": "lead"
		},
		{
			"amount": 100,
			"item": "metaglass"
		},
		{
			"amount": 80,
			"item": "silicon"
		}
	]
}