{
  "type": "HeatCrafter",
  "health":1600,
  "size":3,
  "itemCapacity":12,
  "rotateDraw":false,
  "craftTime":120,
  "liquidCapacity":20,
  "heatRequirement":15,
  "craftEffect":{
    "type": "MultiEffect",
    "lifetime": 120,
    "effects": [
      {
        "type": "RadialEffect",
        "effect":"surgeCruciSmoke",
        "rotationSpacing": 90,
        "rotationOffset":0,
        "lengthOffset":0,
        "color": "8cd992",
        "amount":10
      }
    ]
  },
  "outputItem": {"item": "carbide","amount":3 },
  "consumes": {
    "power": 4,
    "liquid": {"liquid":"Neon","amount":0.05,"booster":false},
    "items": {
      "items": [
        { "item": "tungsten", "amount": 4 },
        { "item": "graphite", "amount": 6 }
      ]
    }
  },

  "requirements": [
    { "item": "thorium", "amount": 240},
    { "item": "oxide", "amount": 180},
    { "item": "tungsten", "amount": 180},
    { "item": "carbide", "amount": 120},
    { "item": "Berystal", "amount": 120}
  ],
  "category": "crafting",
  "research": "carbide-crucible"
}