{
	"type": "GenericCrafter",
	"health":600,
	"updateEffect": "smeltsmoke",
	"outputLiquid": {
		"liquid": "cryofluid", "amount":1.01
		},
	"itemCapacity": 20,
	"liquidCapacity": 600,
	"size": 3,
	"drawer":{
	    "type":"DrawMulti",
	    "drawers":[
	    {
	    "type":"DrawRegion",
	    "suffix":"-bottom"
	    },
	    {
	       "type":"DrawLiquidTile",
	    "drawLiquid":"cryofluid"
	    },
	    "DrawDefault"
	]},
	"hasPower": true,
	"hasliquid": true,
	"hasItems": true,
	"craftTime":120,
	"consumes": {
		"liquid": {
			"liquid": "water", "amount":1
		},
		"power":5,
		"items":{
			"items":[
		{"item": "titanium" , "amount":3}
				]
			}
	},
	"requirements": [
		{ "item": "致密金属块", "amount": 120 },
		{ "item": "titanium", "amount": 300 },
		{ "item": "silicon", "amount": 150 }
	],
	"category": "crafting",
	"idleSound": "respawning",
	"idleSoundVolume": 0.5,
	"research": "cryofluid-mixer"
}