{
	"type": "GenericCrafter",
	"health":400,
	"itemCapacity":20,
	"outputItem": {"item":"scrap","amount":2},
	"size":2,
	"hasPower": true,
	"hasItems": true,
	"hasLiquids": false,
	"craftTime": 30,
	"updateEffect": "smeltsmoke",
	"consumes":{
	    "power": 1,
			"items":{
		    	"items":[
		        {"item":"sand","amount":4}
				]
			}
	},
	"requirements": [
		{"item":"copper", "amount":80},
		{"item":"lead", "amount":60}
					],
	"flameColor":"#33ffff",
	"category": "crafting",
	"research":"melter"
}