{
	"type": "GenericCrafter",
	"health": 800,
	"itemCapacity": 20,
	"outputItem": {"item": "强化合金块","amount": 1},
	"size": 3,
	"hasPower": true,
	"hasItems": true,
	"liquidCapacity":300
	"hasLiquids": true,
	"activeSound": "explosionbig",
	"activeSoundVolume": 2,
	"craftTime": 60,
	"drawer":{
		"type":"DrawMulti",
		"drawers":[
		{"type":"DrawDefault"},
		{"type":"DrawFrames",
		"frames":12,
		"sine":false}
		]
	}
	"updateEffect": "explosion",
	"consumes":{
	"liquid":{"liquid":"cryofluid","amount":0.5},
	"power": 5,
		"items":{
			"items":[
				{"item":"致密金属块","amount": 2},
				{"item":"blast-compound","amount": 4},
				{"item":"surge-alloy","amount": 1},
			]
		}
	},
	"requirements": [
		{"item": "致密金属块", "amount": 240},
		{"item": "lead", "amount": 400},
		{"item":"titanium","amount": 300},
		{"item":"thorium","amount": 150},
		{"item":"surge-alloy","amount": 100},
	],
	"category": "crafting",
	"research":"金属冲压机"
}