{
"name":"全能提升"
	"disarm": false,
	"healthMultiplier":1.5,
	"speedMultiplier":1.5,
	//速度倍率（数值越大，移动越快）
	"reloadMultiplier":1.5,
	//射速倍率（数值越大，射速越快）
	"dragMultiplier": 1,
	"buildSpeedMultiplier": 1.5,
	"damageMultiplier":1.5,
	"color": "DEEDFFFF",
	"effectChance": 0.05,
	"effect": {
		"type": "ParticleEffect",
		"particles": 2,
		"lifetime": 20,
		"line": true,
		"length": 0.01,
		"strokeFrom": 2,
		"strokeTo": 0,
		"lenFrom": 16,
		"lenTo": 16,
		"colorTo": "DEEDFFFF"
	}
}