{
	"type": "missile",
	"template": "MissileUnitType",
	"name": "导弹",
	"speed": 10,
	"lifetime": 100,
	"rotateSpeed": 2.2,
	"loopSoundVolume": 0.03,
	"hidden": true,
	"missileAccelTime": 30,
	"homingDelay": 30,
	"hitSize": 9,
	"health": 800,
	"fogRadius": 8,
	"engineColor": "FFA05C",
	"trailColor": "FFA05C",
	"trailLength": 6,
	"engineLayer": 50,
	"engineOffset": 5,
	"engineSize": 2,
	"maxRange": 10,
	"abilities": [
		{
			"type": "MoveEffectAbility",
			"effect": {
				"type": "ParticleEffect",
				"particles": 2,
				"sizeFrom": 2,
				"sizeTo": 0,
				"interp":"pow5Out",
				"sizeInterp":"pow10In",
				"length": 25,
				"baseLength": 2,
				"lifetime": 93,
				"colorFrom": "FFA05C88",
				"colorTo": "FFA05C48",
				"cone": 30
			},
			"interval": 2,
			"rotateEffect": true,
			"y": -16
		}
	],
	"weapons": [
		{
			"name": "自爆",
			"x": 0,
			"reload": 20,
			"mirror": false,
			"rotate": true,
			"shake": 20,
			"shootSound": "none",
			"shootOnDeath": true,
			"shootCone": 360,
			"bullet": {
				"collides":false,
				"instantDisappear": true,
				"ammoMultiplier": 1,
				"hitSound": "titanExplosion",
				"killShooter": true,
				"splashDamageRadius": 20,
				"splashDamage": 30,
				"status": "blasted",
				"hitShake": 2,
				"shootEffect": "none",
				"smokeEffect": "none",
				"despawnEffect": "none",
				"hitColor":"FFA05C",
			    "despawnEffect": {
				"type": "ParticleEffect",
				"particles": 1,
				"sizeFrom": 3,
				"sizeTo": 0,
				"length": 0,
				"baseLength": 0,
				"lifetime": 8,
				"colorFrom": "c0ecff",
				"colorTo": "c0ecff"
				 }
				}
			}
	]
}