{
	"name": "experimental machine",
	"type": "Separator",
	"health": 1200,
	"size": 3,
	"canOverdrive": false,
	"rebuildable": false,
	"squareSprite": false,
	"hasLiquids": true,
	"researchCostMultiplier": 0.5,
	"results": [
		"E/1",
		"AS/1",
		"S/1"
	],
	"itemCapacity": 10,
	"liquidCapacity": 20,
	"craftTime": 90,
	"drawer": {
		"type": "DrawMulti",
		"drawers": [
			{
				"type": "DrawRegion",
				"suffix": "-bottom"
			},
			{
				"type": "DrawLiquidRegion",
				"drawLiquid": "water",
				"suffix": "-water"
			},
			"DrawDefault",
 
		]
	},
	"consumes": {
		"power": 6,
		"liquid": "water/0.2"
	},
	"requirements": [
		"silicon/80",
		"graphite/70",
	],
	"buildCostMultiplier": 2.5,
	"category": "effect",
"research":{
"alwaysUnlocked":true,//科技树默认解锁
"root": true,
"name":"Advanced Technology"}
}