{
"research":{
"parent":"bat6-dihou",
"requirements":[
"graphite/1220",
"surge-alloy/1200",
"plastanium/940",
"phase-fabric/1000",
"esilicon-crystal/2000",
"copper/1540",
"lead/1540",
"silicon/1800"
]
},
"alwaysUnlocked":false,
"type":"mech",
"lightRadius":200,
"armor":60,
"rotateSpeed":0.8,
"canDrown":false,
"hitSize":60,
"mechFrontSway":1,
"mechSideSway":1.4,
"mechStepParticles":true,
"singleTarget":true,
"speed":0.31,
"health":180000,
"range":432,
"immunities":[
"melting",
"blasted",
"burning",
"slow"
],
"weapons":[
{
"name":"dixinzhu",
"x":40,
"shootCone":45,
"y":0,
"parts":[
{
"type":"RegionPart",
"suffix":"-glow",
"layer":110,
"mirror":true,
"blending":"additive",
"color":"00000000",
"colorTo":"FFA763FF",
"outline":false,
"progress":"warmup"
},]
"reload":10,
"alternate":true,
"top":false,
"rotate":false,
"recoil":2.5,
"shootY":29,
"xRand":5.5,
"layerOffset":-0.001,
"inaccuracy":5,
"shoot":{
"type":"shootPattern",
"shots":2,
"shotDelay":1
},
"shake":3,
"shootSound":"shootBig",
"ejectEffect":"none",
"bullet":{
"type":"BasicBulletType",
"damage":190,
"height":10,
"width":9,
"speed":10,
"lifetime":40,
"homingPower":0.6,
"homingDelay":14,
"homingRange":160,
"shrinkX":0,
"shrinkY":0,
"lightning":7,
"lightningDamage":20,
"lightningLength":4,
"lightningCone":40,
"lightningLengthRand":6,
"hitEffect":{
"type":"ParticleEffect",
"line":true,
"particles":6,
"lifetime":20,
"length":75,
"cone":-40,
"lenFrom":8,
"lenTo":8,
"colorFrom":"FFFFFFF",
"colorTo":"F3E979FF"
},
"despawnEffect":{
"type":"ParticleEffect",
"line":true,
"particles":6,
"lifetime":20,
"length":75,
"cone":-40,
"lenFrom":8,
"lenTo":8,
"colorFrom":"FFFFFFF",
"colorTo":"F3E979FF"
},
"shootEffect":"shootHealYellow",
"trailColor":"F3E979FF",
"trailLength":20,
"trailWidth":3.5,
"absorbable":false,
"lightColor":"F3E979FF",
"frontColor":"FFFFFFF",
"backColor":"F3E979FF"
}
},
{
"name":"dixinfu",
"shootCone":15,
"shootY":3,
"mirror":true,
"alternate":true,
"rotateSpeed":3,
"inaccuracy":8,
"rotate":true,
"x":20,
"y":4,
"parts":[
{
"type":"RegionPart",
"suffix":"-glow",
"layer":110,
"mirror":true,
"blending":"additive",
"color":"00000000",
"colorTo":"FFA763FF",
"outline":false,
"progress":"warmup"
},]
"reload":49,
"recoil":3,
"ejectEffect":"casing2",
"shootSound":"bang",
"shoot":{
"type":"shootPattern",
"shots":2,
"shotDelay":2
},
"shake":1,
"bullet":{
"keepVelocity":false,
"type":"MissileBulletType",
"shootEffect":"blastExplosion",
"hitEffect":{
"type":"multiEffect",
"effects":[
{
"type":"ParticleEffect",
"particles":30,
"length":60,
"lifetime":46,
"cone":360,
"colorFrom":"FFA763FF",
"colorTo":"FFA763FF",
"sizeFrom":4.6,
"sizeTo":0
},
{
"type":"WaveEffect",
"lifetime":25,
"sizeFrom":0,
"sizeTo":40,
"strokeFrom":6,
"strokeTo":0,
"colorFrom":"FFA763FF",
"colorTo":"FFA763FF"
}
]
},
"despawnEffect":{
"type":"multiEffect",
"effects":[
{
"type":"ParticleEffect",
"particles":30,
"length":50,
"lifetime":46,
"cone":360,
"colorFrom":"FFA763FF",
"colorTo":"FFA763FF",
"sizeFrom":5,
"sizeTo":0
},
{
"type":"WaveEffect",
"lifetime":25,
"sizeFrom":0,
"sizeTo":40,
"strokeFrom":6,
"strokeTo":0,
"colorFrom":"FFA763FF",
"colorTo":"FFA763FF"
}
]
},
"damage":70,
"speed":10,
"lifetime":40,
"homingPower":0.0068,
"homingRange":100,
"weaveScale":0,
"weaveMag":0,
"height":20,
"knockback":3,
"width":8,
"splashDamageRadius":20,
"splashDamage":100
}
},
{
"name":"dixinfu",
"top":true,
"mirror":true,
"alternate":true,
"y":-14,
"x":25,
"parts":[
{
"type":"RegionPart",
"suffix":"-glow",
"layer":110,
"mirror":true,
"blending":"additive",
"color":"00000000",
"colorTo":"FFA763FF",
"outline":false,
"progress":"warmup"
},]
"rotate":true,
"rotateSpeed":2,
"inaccuracy":2,
"shootY":10,
"reload":16,
"recoil":3,
"shoot":{
"type":"shootPattern",
"shots":3,
"shotDelay":3
},
"ejectEffect":"casing2",
"shootSound":"shootBig",
"bullet":{
"type":"basicBulletType",
"knockback":5,
"hitEffect":"blastExplosion",
"shootEffect":"shootBig2",
"despawnEffect":"blastExplosion",
"pierce":true,
"lifetime":40,
"damage":130,
"speed":10,
"width":8,
"height":10
}
}
],
"abilities":[
{
"type":"mindustry.entities.abilities.StatusFieldAbility",
"activeEffect":{
"type":"ParticleEffect",
"lifetime":25,
"layer":59,
"length":0,
"sizeFrom":12,
"sizeTo":0,
"particles":1,
"colorFrom":"97FFA8",
"colorTo":"97FFA8",
"region":"particle"
},
"effect":"overclock",
"range":165,
"reload":264,
"duration":160
}
]
}
