{
  "research": {
 "parent": "bbt6-miexing",
 "requirements": [
"graphite/1220",
"surge-alloy/1200",
"plastanium/940",
"phase-fabric/1000",
"dmatter-alloy/1000",
"copper/1540",
"lead/1540",
"esilicon-crystal/2000"
 ]
  },
  "range": 560,
  "groundLayer": 75,
  "singleTarget": true,
  "drawShields": false,
  "lightRadius": 120,
  "type": "legs",
  "canDrown": false,
  "speed": 0.2,
  "hitSize": 56,
  "health": 118000,
  "armor": 35,
  "drag": 0.2,
  "drownTimeMultiplier": 7,
  "flying": false,
  "targetAir": true,
  "rotateSpeed": 1.4,
  "legCount": 4,
  "legMoveSpace": 0.7,
  "legLength": 39,
  "legBaseOffset": 15,
  "legSpeed": 0.17,
  "rippleScale": 10.5,
  "legSplashDamage": 200,
  "legSplashRange": 36,
  "allowLegStep": true,
  "hovering": true,
  "immunities": [
 "burning",
 "melting",
 "corroded",
 "slow"
  ],
"weapons": [
  {
"name": "xingchenfu",
"x": 32,
"y": -12,
"rotate": true,
"rotateSpeed": 4,
"reload": 50,
"recoil": 1,
"shootSound": "lasershoot",
"inaccuracy": 1,
"alternate": true,
"mirror": true,
"ejectEffect": "none",
"bullet": {
"type": "BasicBulletType",
"width": 10,
"height": 9,
"speed": 8,
"lifetime": 70,
"damage": 160,
"splashDamage": 80,
"splashDamageRadius": 24,
"collidesTeam": true,
"healPercent": 7,
"backColor": "98ffa9",
"frontColor": "ffffff",
"trailColor": "98ffa9",
"trailWidth": 3,
"trailLength": 25,
"hitEffect": {
"type": "ExplosionEffect",
"waveRad": 24,
"waveLife": 12,
"waveColor": "98ffa9",
"waveStroke": 3,
"sparks": 6,
"sparkRad": 28,
"sparkColor": "98ffa9",
"sparkLen": 6,
"sparkStroke": 3,
"smokes": 6,
"smokeRad": 28,
"smokeColor": "98ffa9",
"smokeSize": 6,
}
"despawnEffect": {
"type": "ExplosionEffect",
"waveRad": 24,
"waveLife": 12,
"waveColor": "98ffa9",
"waveStroke": 3,
"sparks": 6,
"sparkRad": 28,
"sparkColor": "98ffa9",
"sparkLen": 6,
"sparkStroke": 3,
"smokes": 6,
"smokeRad": 28,
"smokeColor": "98ffa9",
"smokeSize": 6,
}
"hitSound": "explosion",
"fragBullets": 6,
"fragVelocityMin": 1,
"fragRandomSpread": 360,
"shrinkY": 0,
"sprite": "circle-bullet",
"fragBullet": {
"type": "BasicBulletType",
"width": 7,
"height": 10,
"speed": 3,
"lifetime": 40,
"damage": 24,
"collidesTeam": true,
"healPercent": 3,
"backColor": "98ffa9",
"frontColor": "ffffff",
"hitEffect": "hitBulletColor",
"despawnEffect": "hitBulletColor",
}}}
{
"name": "xingchenfu",
"x": 22,
"y": -8,
"rotate": true,
"rotateSpeed": 4,
"reload": 40,
"recoil": 1,
"shootSound": "lasershoot",
"inaccuracy": 1,
"alternate": true,
"mirror": true,
"ejectEffect": "none",
"bullet": {
"type": "BasicBulletType",
"width": 10,
"height": 9,
"speed": 8,
"lifetime": 70,
"damage": 160,
"splashDamage": 80,
"splashDamageRadius": 24,
"collidesTeam": true,
"healPercent": 7,
"backColor": "98ffa9",
"frontColor": "ffffff",
"trailColor": "98ffa9",
"trailWidth": 3,
"trailLength": 25,
"hitEffect": {
"type": "ExplosionEffect",
"waveRad": 24,
"waveLife": 12,
"waveColor": "98ffa9",
"waveStroke": 3,
"sparks": 6,
"sparkRad": 28,
"sparkColor": "98ffa9",
"sparkLen": 6,
"sparkStroke": 3,
"smokes": 6,
"smokeRad": 28,
"smokeColor": "98ffa9",
"smokeSize": 6,
}
"despawnEffect": {
"type": "ExplosionEffect",
"waveRad": 24,
"waveLife": 12,
"waveColor": "98ffa9",
"waveStroke": 3,
"sparks": 6,
"sparkRad": 28,
"sparkColor": "98ffa9",
"sparkLen": 6,
"sparkStroke": 3,
"smokes": 6,
"smokeRad": 28,
"smokeColor": "98ffa9",
"smokeSize": 6,
}
"hitSound": "explosion",
"fragBullets": 6,
"fragVelocityMin": 1,
"fragRandomSpread": 360,
"shrinkY": 0,
"sprite": "circle-bullet",
"fragBullet": {
"type": "BasicBulletType",
"width": 7,
"height": 10,
"speed": 3,
"lifetime": 40,
"damage": 24,
"collidesTeam": true,
"healPercent": 3,
"backColor": "98ffa9",
"frontColor": "ffffff",
"hitEffect": "hitBulletColor",
"despawnEffect": "hitBulletColor",
}}}
{
"name": "xingchenzhu",
"x": 0,
"y": 7.5,
"mirror": false,
"top": false,
"reload": 140,
"recoil": 0,
"shootSound": "blaster",
"bullet": {
"width": 20,
"height": 20,
"sprite": "circle-bullet",
"speed": 8,
"lifetime": 70,
"damage": 1800,
"splashDamage": 200,
"splashDamageRadius": 50,
"shrinkX": 0,
"shrinkY": 0,
"backColor": "98ffa9",
"frontColor": "ffffff",
"knockback": 4,
"status": "electrified",
"statusDuration": 80,
"hitColor": "98ffa9",
"hitEffect": {
"type": "ExplosionEffect",
"waveRad": 50,
"waveStroke": 3,
"waveColor": "98ffa9",
"waveLife": 25,
"sparks": 10,
"sparkRad": 40,
"sparkColor": "98ffa9",
"sparkStroke": 3,
"sparkLen": 6,
"smokes": 8,
"smokeColor": "98ffa9",
"smokeRad": 40,
"smokeSize": 6,
}
"despawnEffect": {
"type": "ExplosionEffect",
"waveRad": 50,
"waveStroke": 3,
"waveColor": "98ffa9",
"waveLife": 25,
"sparks": 10,
"sparkRad": 40,
"sparkColor": "98ffa9",
"sparkStroke": 3,
"sparkLen": 6,
"smokes": 8,
"smokeColor": "98ffa9",
"smokeRad": 40,
"smokeSize": 6,
}
"trailEffect": {
"type": "MultiEffect",
"effects": [
{
"type": "ParticleEffect",
"particles": 1,
"length": 0,
"sizeFrom": 6,
"sizeTo": 0,
"lifetime": 30,
"colorFrom": "98ffa9",
"colorTo": "98ffa9",
}
{
"type": "ParticleEffect",
"particles": 2,
"length": 0,
"sizeFrom": 6,
"sizeTo": 0,
"line": true,
"offsetX": 3,
"offsetY": 2,
"lifetime": 30,
"colorFrom": "98ffa9",
"colorTo": "98ffa9",
}
{
"type": "ParticleEffect",
"particles": 2,
"length": 0,
"sizeFrom": 6,
"sizeTo": 0,
"line": true,
"offsetX": -3,
"offsetY": 2,
"lifetime": 30,
"colorFrom": "98ffa9",
"colorTo": "98ffa9",
}]}
"fragBullets": 4,
"fragRandomSpread": 360,
"fragBullet": {
"width": 14,
"height": 14,
"sprite": "circle-bullet",
"speed": 6,
"lifetime": 15,
"damage": 20,
"splashDamage": 35,
"splashDamageRadius": 30,
"shrinkX": 0,
"shrinkY": 0,
"backColor": "98ffa9",
"frontColor": "ffffff",
"knockback": 2,
"status": "electrified",
"statusDuration": 80,
"hitColor": "98ffa9",
"hitEffect": {
"type": "ExplosionEffect",
"waveRad": 30,
"waveStroke": 3,
"waveColor": "98ffa9",
"waveLife": 25,
"sparks": 10,
"sparkRad": 30,
"sparkColor": "98ffa9",
"sparkStroke": 3,
"sparkLen": 6,
"smokes": 8,
"smokeColor": "98ffa9",
"smokeRad": 30,
"smokeSize": 6,
}
"despawnEffect": {
"type": "ExplosionEffect",
"waveRad": 30,
"waveStroke": 3,
"waveColor": "98ffa9",
"waveLife": 25,
"sparks": 10,
"sparkRad": 30,
"sparkColor": "98ffa9",
"sparkStroke": 3,
"sparkLen": 6,
"smokes": 8,
"smokeColor": "98ffa9",
"smokeRad": 30,
"smokeSize": 6,
}
"trailEffect": {
"type": "MultiEffect",
"effects": [
{
"type": "ParticleEffect",
"particles": 1,
"length": 0,
"sizeFrom": 6,
"sizeTo": 0,
"lifetime": 30,
"colorFrom": "98ffa9",
"colorTo": "98ffa9",
}
{
"type": "ParticleEffect",
"particles": 2,
"length": 0,
"sizeFrom": 6,
"sizeTo": 0,
"line": true,
"offsetX": 1,
"offsetY": 1,
"lifetime": 30,
"colorFrom": "98ffa9",
"colorTo": "98ffa9",
}
{
"type": "ParticleEffect",
"particles": 2,
"length": 0,
"sizeFrom": 6,
"sizeTo": 0,
"line": true,
"offsetX": -1,
"offsetY": 1,
"lifetime": 30,
"colorFrom": "98ffa9",
"colorTo": "98ffa9",
}]}}
"shootEffect": {
"type": "ExplosionEffect",
"waveRad": 15,
"waveStroke": 3,
"waveColor": "98ffa9",
"waveLife": 15,
"sparks": 4,
"sparkRad": 15,
"sparkColor": "98ffa9",
"sparkStroke": 3,
"sparkLen": 3,
"smokes": 5,
"smokeColor": "98ffa9",
"smokeRad": 15,
"smokeSize": 5,
}}}
  ],
  "abilities": [
 {
"type": "mindustry.entities.abilities.ForceFieldAbility",
"radius": 170,
"regen": 10,
"max": 80000,
"cooldown": 350
 },
 {
"type": "mindustry.entities.abilities.RepairFieldAbility",
"range": 200,
"activeEffect": {
  "type": "WaveEffect",
  "lifetime": 60,
  "sizeFrom": 0,
  "sizeTo": 260,
  "interp": "pow5Out",
  "strokeFrom": 10,
  "strokeTo": 0,
  "colorFrom": "84F491FF",
  "colorTo": "84F491FF"
},
"healEffect": {
  "type": "ParticleEffect",
  "lightOpacity": 0,
  "particles": 1,
  "length": 0,
  "lifetime": 20,
  "sizeFrom": 20,
  "sizeTo": 0,
  "colorFrom": "84F491FF",
  "colorTo": "84F491FF"
},
"amount": 8000,
"reload": 300
 }
  ]
}
