{
	"type": "Conveyor",
	"name": "镍传送带",
	"description": "镍做的传送带（废话）",
	"details":"我们至今都不知道这玩意的速度是怎么从0.04提升到0.07的",
	"health": 45,
	"requirements": [
	{"item": "镍", "amount": 1},
	],
	"category": "distribution",
	"research": {
		"parent": "强化核心",
    "requirements":[
        "镍/2",
        ]
	},
	"speed": 0.07,
	"displayedSpeed": 7
	"alwaysUnlocked":false,
	"bridgeReplacement": "z01镍传送带桥"//自动连接的桥
	"junctionReplacement": "镍连接器"//自动放的连接器
}