{
  "root": [
    {
      "planet": "serpulo",
      "items": [
        "copper",
        "lead",
        "titanium",
        "thorium",
        "sand",
        "coal",
        "铝",
        "铝合金",
        "硅胶",
        "scrap",
        "silicon",
        "metaglass",
        "plastanium",
        "spore-pod",
        "graphite",
        "phase-fabric",
        "pyratite",
        "blast-compound",
        "surge-alloy",
      ],
      "liquids": [
        "water",
        "oil",
        "slag",
        "cryofluid",
      ],
      "units": [
        "dagger",
        "mace",
        "fortress",
        "scepter",
        "reign",
        "nova",
        "pulsar",
        "quasar",
        "vela",
        "corvus",
        "crawler",
        "atrax",
        "spiroct",
        "arkyid",
        "toxopid",
        "flare",
        "horizon",
        "zenith",
        "antumbra",
        "eclipse",
        "mono",
        "poly",
        "mega",
        "quad",
        "oct",
        "risso",
        "minke",
        "bryde",
        "sei",
        "omura",
        "alpha",
        "beta",
        "gamma",
        "retusa",
        "oxynoe",
        "cyerce",
        "aegires",
        "navanax",
        "帝冕",
        "玄桦",
        "地龙",
        "虬龙",
        "陨星",
        "碎星",
        "潮汐",
        "渊戟",
        "妖龙",
        "天龙",
        "灵鲸",
        "破空",
        "赤阳",
        "雷劫",
        "城穹",
        "蝼蚁",
        "极影",
        "A导弹"
        "B导弹"
        "C导弹"
        "D导弹"
        "E导弹"
      ]
    },
    {
      "planet": "深渊",
      "items": [
        "copper",
        "lead",
        "titanium",
        "thorium",
        "sand",
        "coal",
        "铝",
        "铝合金",
        "硅胶",
        "scrap",
        "silicon",
        "metaglass",
        "plastanium",
        "spore-pod",
        "graphite",
        "phase-fabric",
        "pyratite",
        "blast-compound",
        "surge-alloy",
      ],
      "liquids": [
        "water",
        "oil",
        "slag",
        "cryofluid",
      ],
      "units": [
      "dagger",
        "mace",
        "fortress",
        "scepter",
        "reign",
        "nova",
        "pulsar",
        "quasar",
        "vela",
        "corvus",
        "crawler",
        "atrax",
        "spiroct",
        "arkyid",
        "toxopid",
        "flare",
        "horizon",
        "zenith",
        "antumbra",
        "eclipse",
        "mono",
        "poly",
        "mega",
        "quad",
        "oct",
        "risso",
        "minke",
        "bryde",
        "sei",
        "omura",
        "alpha",
        "beta",
        "gamma",
        "retusa",
        "oxynoe",
        "cyerce",
        "aegires",
        "navanax",
        "帝冕",
        "玄桦",
        "地龙",
        "虬龙",
        "陨星",
        "碎星",
        "潮汐",
        "渊戟",
        "妖龙",
        "天龙",
        "灵鲸",
        "英灵"
        "破空",
        "赤阳",
        "雷劫",
        "城穹",
        "蝼蚁",
        "极影",
        "A导弹"
        "B导弹"
        "C导弹"
        "D导弹"
        "E导弹"
      ]
    }
  ]
}