{
    "details": "装载能量鱼雷系统，新式拦截装置",
    "health": 24000,
    "armor": 14,
    "range": 220,
    "speed":0.73,
    "rotateSpeed":1.55,
    "abilities": [
        {
            "type": "EnergyFieldAbility",
            "damage": 75,
            "reload": 75,
            "range": 220,
            "healPercent": 2,
            "hitEffect": {
                "type": "ParticleEffect",
                "particles": 9,
                "sizeFrom": 9,
                "sizeTo": 0,
                "line": true,
                "length": 55,
                "baseLength": 0,
                "lifetime": 25,
                "colorFrom": "76D081",
                "colorTo": "76D081",
                "cone": 360
            },
            "damageEffect": "chainLightning",
            "status": "electrified",
            "shootSound": "spark",
            "statusDuration": 360,
            "x": 0,
            "y": 0,
            "maxTargets": 40
        }
    ],
    "weapons": [
        {
            "name": "玄武1",
            "type": "PointDefenseWeapon",
            "x": 12.5,
            "y": -18,
            "rotate": true,
            "recoil": 0,
            "rotateSpeed": 10,
            "reload": 6.5,
            "targetInterval": 6,
            "targetSwitchInterval": 6,
            "bullet": {
                "speed": 44,
                "lifetime": 5,
                "shootEffect": "sparkShoot",
                "hitEffect": "pointHit",
                "maxRange": 220,
                "damage": 25
            }
        },
        {
            "name": "玄武1",
            "type": "PointDefenseWeapon",
            "x": 12.5,
            "y": 14,
            "rotate": true,
            "recoil": 0,
            "rotateSpeed": 10,
            "reload": 5.5,
            "targetInterval": 5,
            "targetSwitchInterval": 5,
            "bullet": {
                "speed": 44,
                "lifetime": 5,
                "shootEffect": "sparkShoot",
                "hitEffect": "pointHit",
                "maxRange": 220,
                "damage": 30
            }
        },
        {
            "name": "潜螺1",
            "mirror": false,
            "reload": 95,
            "x": 0,
            "y": 0,
            "shoot": {
                "shotDelay": 6,
                "shots": 3
            },
            "shootCone": 30,
            "shootSound": "mineDeploy",
            "rotate": true,
            "rotateSpeed": 8,
            "inaccuracy": 15,
            "bullet": {
                "type": "BasicBulletType",
                "damage": 38,
                "splashDamageRadius": 43,
                "splashDamage": 107,
                "weaveMag": 5,
                "weaveScale": 4,
                "homingRange": 300,
                "homingDelay": 8,
                "homingPower": 0.12,
                "absorbable": false,
                "collidesAir": false,
                "collideFloor": true,
                "shootEffect": "none",
                "smokeEffect": "none",
                "hitSound": "plasmaboom",
                "hitEffect": {
                    "type": "MultiEffect",
                    "effects": [
                        "flakExplosionBig",
                        "greenCloud"
                    ]
                },
                "despawnEffect": "none",
                "sprite": "mine-bullet",
                "healPercent": 4,
                "trailLength": 8,
                "trailWidth": 3,
                "trailColor": "76D081",
                "backColor": "76D081",
                "frontColor": "ffffff",
                "trailRotation": true,
                "hitSize": 26,
                "shrinkX": 0,
                "shrinkY": 0,
                "width": 17,
                "height": 17,
                "drag":-0.024,
                "speed": 3.6,
                "lifetime": 43
            }
        }
    ]
}