{
    "health": 1880,
    "range": 268,
    "weapons": [
        {
            "name": "灾星2",
            "type": "RepairBeamWeapon",
            "x": 11,
            "y": -10,
            "shootY": 6,
            "beamWidth": 0.88,
            "mirror": true,
            "repairSpeed": 0.9,
            "bullet": {
                "maxRange": 150
            }
        },
        {
            "name": "江豚1",
            "x": 9,
            "y": 3,
            "rotate": true,
            "rotateSpeed": 4,
            "inaccuracy": 1,
            "shootSound": "missile",
            "reload": 70,
            "bullet": {
                "type": "BasicBulletType",
                "height": 16,
                "width": 10,
                "scaleLife": true,
                "damage": 106,
                "shrinkY": 0,
                "weaveScale": 7,
                "weaveMag": 2,
                "homingPower": 0.12,
                "homingRange": 96,
                "splashDamageRadius": 55,
                "splashDamage": 66,
                "sprite": "missile-large",
                "frontColor": "ffffff",
                "backColor": "97FFA8",
                "trailLength": 46,
                "trailWidth": 2,
                "trailColor": "97FFA8FF",
                "speed": 3.2,
                "lifetime": 68,
                "drag": -0.006,
                "hitEffect": {
                    "type": "ExplosionEffect",
                    "lifetime": 28,
                    "waveStroke": 6,
                    "waveLife": 10,
                    "waveRadBase": 7,
                    "waveColor": "97FFA8",
                    "waveRad": 30,
                    "smokes": 6,
                    "smokeColor": "ffffff",
                    "sparkColor": "97FFA8",
                    "sparks": 6,
                    "sparkRad": 35,
                    "sparkStroke": 1.5,
                    "sparkLen": 4
                },
                "smokeEffect": "none",
                "hitSound": "plasmaboom",
                "fragBullets": 11,
                "fragVelocityMin": 0.3,
                "fragBullet": {
                    "type": "MissileBulletType",
                    "width": 8,
                    "height": 8,
                    "shrinkY": 0,
                    "frontColor": "ffffff",
                    "backColor": "97FFA8",
                    "collidesTeam": true,
                    "healPercent": 2.5,
                    "trailChance": -1,
                    "trailLength": 20,
                    "trailWidth": 2.2,
                    "trailColor": "97FFA8FF",
                    "speed": 3.8,
                    "lifetime": 52,
                    "damage": 11,
                    "splashDamageRadius": 14,
                    "splashDamage": 34,
                    "ammoMultiplier": 5,
                    "hitEffect": {
                        "type": "ExplosionEffect",
                        "lifetime": 20,
                        "waveStroke": 2,
                        "waveColor": "97FFA8",
                        "waveRad": 12,
                        "smokes": 0,
                        "sparkColor": "97FFA8",
                        "sparks": 9,
                        "sparkRad": 35,
                        "sparkStroke": 1.5,
                        "sparkLen": 4
                    }
                }
            }
        }
    ]
}