{
    "health": 43000,
    "details": "新的引擎技术，航速大幅度提升，主炮EMP效果提升，多余的能量将输送给附近的单位\n[red]秋名山龙神，小子！",
    "speed": 0.793,
    "rotateSpeed": 1.46,
    "abilities": [
        {
            "type": "StatusFieldAbility",
            "activeEffect": {
                "type": "WaveEffect",
                "lifetime": 24,
                "sizeFrom": 0,
                "sizeTo": 180,
                "strokeFrom": 3,
                "strokeTo": 0,
                "colorFrom": "ffd37f",
                "colorTo": "ffd37fa8"
            },
            "effect": "充能",
            "range": 180,
            "reload": 150,
            "duration": 180
        }
    ],
    "weapons": [
        {
            "name": "龙王1",
            "mirror": false,
            "shake": 3,
            "rotate": true,
            "rotateSpeed": 5,
            "x": 21,
            "y": -29.25,
            "shootY": 7,
            "recoil": 1,
            "reload": 155,
            "controllable": false,
            "autoTarget": true,
            "shootSound": "beam",
            "continuous": true,
            "cooldownTime": 200,
            "bullet": {
                "type": "ContinuousLaserBulletType",
                "damage": 38.7,
                "damageInterval": 6,
                "status": "melting",
                "statusDuration": 300,
                "width": 4.3,
                "length": 108,
                "colors": [
                    "97FFA890",
                    "97FFA880",
                    "97FFA8FF"
                ],
                "hitEffect": {
                    "type": "ParticleEffect",
                    "particles": 5,
                    "line": true,
                    "strokeFrom": 2,
                    "strokeTo": 0,
                    "lenFrom": 18,
                    "lenTo": 18,
                    "length": 1,
                    "baseLength": 8,
                    "lifetime": 8,
                    "colorFrom": "97FFA8FF",
                    "colorTo": "97FFA8FF",
                    "cone": 80
                },
                "lifetime": 135,
                "shake": 1,
                "collidesTeam": true,
                "largeHit": false,
                "healPercent": 0.5,
                "despawnEffect": "smokeCloud",
                "shootEffect": "shootHeal",
                "smokeEffect": "none",
                "incendChance": 0.08,
                "incendSpread": 8,
                "incendAmount": 1
            }
        },
        {
            "name": "龙王1",
            "mirror": false,
            "shake": 3,
            "rotate": true,
            "rotateSpeed": 5,
            "x": -21,
            "y": -29.25,
            "shootY": 7,
            "recoil": 1,
            "reload": 155,
            "controllable": false,
            "autoTarget": true,
            "shootSound": "beam",
            "continuous": true,
            "cooldownTime": 200,
            "bullet": {
                "type": "ContinuousLaserBulletType",
                "damage": 38.7,
                "damageInterval": 6,
                "status": "melting",
                "statusDuration": 300,
                "width": 4.3,
                "length": 108,
                "colors": [
                    "97FFA890",
                    "97FFA880",
                    "97FFA8FF"
                ],
                "hitEffect": {
                    "type": "ParticleEffect",
                    "particles": 5,
                    "line": true,
                    "strokeFrom": 2,
                    "strokeTo": 0,
                    "lenFrom": 18,
                    "lenTo": 18,
                    "length": 1,
                    "baseLength": 8,
                    "lifetime": 8,
                    "colorFrom": "97FFA8FF",
                    "colorTo": "97FFA8FF",
                    "cone": 80
                },
                "lifetime": 135,
                "shake": 1,
                "collidesTeam": true,
                "largeHit": false,
                "healPercent": 0.5,
                "despawnEffect": "smokeCloud",
                "shootEffect": "shootHeal",
                "smokeEffect": "none",
                "incendChance": 0.08,
                "incendSpread": 8,
                "incendAmount": 1
            }
        },
        {
            "name": "龙王1",
            "mirror": false,
            "shake": 3,
            "rotate": true,
            "rotateSpeed": 5,
            "x": 21,
            "y": 12.5,
            "shootY": 7,
            "recoil": 1,
            "reload": 155,
            "controllable": false,
            "autoTarget": true,
            "shootSound": "beam",
            "continuous": true,
            "cooldownTime": 200,
            "bullet": {
                "type": "ContinuousLaserBulletType",
                "damage": 38.7,
                "damageInterval": 6,
                "status": "melting",
                "statusDuration": 300,
                "width": 4.3,
                "length": 108,
                "colors": [
                    "97FFA890",
                    "97FFA880",
                    "97FFA8FF"
                ],
                "hitEffect": {
                    "type": "ParticleEffect",
                    "particles": 5,
                    "line": true,
                    "strokeFrom": 2,
                    "strokeTo": 0,
                    "lenFrom": 18,
                    "lenTo": 18,
                    "length": 1,
                    "baseLength": 8,
                    "lifetime": 8,
                    "colorFrom": "97FFA8FF",
                    "colorTo": "97FFA8FF",
                    "cone": 80
                },
                "lifetime": 135,
                "shake": 1,
                "collidesTeam": true,
                "largeHit": false,
                "healPercent": 0.5,
                "despawnEffect": "smokeCloud",
                "shootEffect": "shootHeal",
                "smokeEffect": "none",
                "incendChance": 0.08,
                "incendSpread": 8,
                "incendAmount": 1
            }
        },
        {
            "name": "龙王1",
            "mirror": false,
            "shake": 3,
            "rotate": true,
            "rotateSpeed": 5,
            "x": -21,
            "y": 12.5,
            "shootY": 7,
            "recoil": 1,
            "reload": 155,
            "controllable": false,
            "autoTarget": true,
            "shootSound": "beam",
            "continuous": true,
            "cooldownTime": 200,
            "bullet": {
                "type": "ContinuousLaserBulletType",
                "damage": 38.7,
                "damageInterval": 6,
                "status": "melting",
                "statusDuration": 300,
                "width": 4.3,
                "length": 108,
                "colors": [
                    "97FFA890",
                    "97FFA880",
                    "97FFA8FF"
                ],
                "hitEffect": {
                    "type": "ParticleEffect",
                    "particles": 5,
                    "line": true,
                    "strokeFrom": 2,
                    "strokeTo": 0,
                    "lenFrom": 18,
                    "lenTo": 18,
                    "length": 1,
                    "baseLength": 8,
                    "lifetime": 8,
                    "colorFrom": "97FFA8FF",
                    "colorTo": "97FFA8FF",
                    "cone": 80
                },
                "lifetime": 135,
                "shake": 1,
                "collidesTeam": true,
                "largeHit": false,
                "healPercent": 0.5,
                "despawnEffect": "smokeCloud",
                "shootEffect": "shootHeal",
                "smokeEffect": "none",
                "incendChance": 0.08,
                "incendSpread": 8,
                "incendAmount": 1
            }
        },
        {
            "name": "龙王2",
            "x": 17.5,
            "y": -6.5,
            "inaccuracy": 0,
            "shootCone": 30,
            "shootSound": "laser",
            "shootY": 5,
            "shake": 4,
            "rotate": true,
            "rotateSpeed": 2.4,
            "reload": 80,
            "cooldownTime": 50,
            "alternate": true,
            "bullet": {
                "type": "EmpBulletType",
                "sprite": "circle-bullet",
                "width": 12,
                "height": 20,
                "shrinkY": 0,
                "healPercent": 20,
                "speed": 15,
                "lifetime": 26,
                "damage": 84,
                "radius": 100,
                "splashDamageRadius": 100,
                "splashDamage": 106,
                "timeIncrease": 3,
                "powerDamageScl": 3,
                "powerSclDecrease": 0.5,
                "unitDamageScl": 1,
                "hitUnits": true,
                "scaleLife": true,
                "status": "electrified",
                "statusDuration": 600,
                "frontColor": "97FFA8FF",
                "backColor": "97FFA8FF",
                "trailLength": 20,
                "trailWidth": 6,
                "trailColor": "97FFA8FF",
                "trailChance": 0.3,
                "trailInterval": 8,
                "trailRotation": true,
                "trailEffect": {
                    "type": "ParticleEffect",
                    "particles": 3,
                    "line": true,
                    "strokeFrom": 1.3,
                    "strokeTo": 1.3,
                    "lenFrom": 13,
                    "lenTo": 0,
                    "sizeInterp": "pow10In",
                    "interp": "pow5Out",
                    "length": -80,
                    "baseLength": 0,
                    "lifetime": 32,
                    "colorFrom": "97FFA8",
                    "colorTo": "97FFA8",
                    "cone": 11
                },
                "hitShake": 4,
                "shootEffect": "hitEmpSpark",
                "smokeEffect": "shootBigSmoke2",
                "hitSound": "plasmaboom",
                "despawnEffect": {
                    "type": "ParticleEffect",
                    "particles": 13,
                    "line": true,
                    "strokeFrom": 3,
                    "strokeTo": 0,
                    "lenFrom": 80,
                    "lenTo": 0,
                    "length": 80,
                    "baseLength": 3,
                    "lifetime": 22,
                    "colorFrom": "97FFA8FF",
                    "colorTo": "97FFA8FF",
                    "cone": 360
                },
                "hitEffect": {
                    "type": "MultiEffect",
                    "effects": [
                        {
                            "type": "WaveEffect",
                            "lifetime": 55,
                            "sizeFrom": 100,
                            "sizeTo": 100,
                            "strokeFrom": 6,
                            "strokeTo": 0,
                            "colorFrom": "97FFA8FF",
                            "colorTo": "97FFA8FF"
                        },
                        {
                            "type": "ParticleEffect",
                            "particles": 7,
                            "sizeFrom": 18,
                            "sizeTo": 0,
                            "sizeInterp": "pow5In",
                            "interp": "pow10Out",
                            "length": 98,
                            "baseLength": 10,
                            "lifetime": 55,
                            "colorFrom": "97FFA880",
                            "colorTo": "97FFA880",
                            "cone": 360
                        },
                        {
                            "type": "ParticleEffect",
                            "particles": 1,
                            "sizeFrom": 10,
                            "sizeTo": 0,
                            "length": 0,
                            "baseLength": 0,
                            "lifetime": 106,
                            "colorFrom": "97FFA8",
                            "colorTo": "97FFA8",
                            "cone": 360
                        },
                        {
                            "type": "ParticleEffect",
                            "particles": 1,
                            "sizeFrom": 100,
                            "sizeTo": 100,
                            "length": 0,
                            "baseLength": 0,
                            "lifetime": 8,
                            "colorFrom": "97FFA8A8",
                            "colorTo": "97FFA800",
                            "cone": 360
                        }
                    ]
                }
            }
        }
    ]
}