{
"type":"material",//物品类型

"name":"T1压缩单位",
"description":"使用压缩技术将T1单位压缩所得到的压缩物品。",//描述
"details ":"……",//一些物品的下面一行灰字
"color ":"AAB4BBFF",//颜色（在分类器其中的颜色）源代码不是这么写的懒得改颜色了
"explosiveness":0,//爆炸值
"flammability":0,//可燃性
"radioactivity":0,//放射性
"hardness":0,//硬度
"cost":0.05,//成本
"alwaysUnlocked": true ,//是否始终解锁
"research":"硅芯片"//解锁研究
}