{
"type":"material",//物品类型

"name":"杂质",
"description":"从矿渣中提取出来的杂质，没有任何卵用。",//描述
"details ":"……",//一些物品的下面一行灰字
"color ":"#DDAC85",//颜色（在分类器其中的颜色）源代码不是这么写的懒得改颜色了
"explosiveness":0,//爆炸值
"flammability":0,//可燃性
"radioactivity":0,//放射性
"hardness":0,//硬度
"cost":0,//成本
"alwaysUnlocked": false ,//是否始终解锁
"research":"scrap"//解锁研究
}