{
    "type": "ForceProjector",
    "name": "电子墙",
    "health": 520,
    "requirements": [
        { "item": "塑料", "amount": 5},
        { "item": "钛板", "amount": 5},
        { "item": "lead", "amount": 5}
        ],
    "size": 1,
    "phaseRadiusBoost": 15,
    "radius": 20,
	"hasPower": false,
    "shieldHealth": 150,
    "cooldownNormal": 0.5,
    "cooldownLiquid": 0.1,
    "cooldownBrokenBase": 0.20,
	"consumes":{
		"items":{
			"items":[
				{"item":"sand","amount":1}
			],
			"booster":false
		}
	},
	"category": "defense",
	"research": "墙类"
}


/*

        forceProjector = new ForceProjector("force-projector"){{
            requirements(Category.effect, with(Items.lead, 100, Items.titanium, 75, Items.silicon, 125));
            size = 3;
            phaseRadiusBoost = 80f;
            radius = 101.7f;
            shieldHealth = 750f;
            cooldownNormal = 1.5f;
            cooldownLiquid = 1.2f;
            cooldownBrokenBase = 0.35f;

            consumes.item(Items.phaseFabric).boost();
            consumes.power(4f);
        }};