{
"name":"塑钢连接器"
	"type": "junction",
	"health":20
	"idleSound":"none"
	"requirements": [
		{"item":"塑钢", "amount":10},
		{ "item": "石墨", "amount":  10}
		{ "item": "钢化玻璃", "amount":  10}
		],
	"category": "distribution",
	"speed": 0.001
	"displayedSpeed":200
	"research": {
	"parent":"塑钢传送带"
	"objectives": [
            {
				"type": "SectorComplete",
				"preset": "前哨基地"
			}
	]
	}
	"placeableLiquid":true
	"researchCostMultiplier": 0,
	"researchCostMultiplier": 0.2,
	    "canOverdrive": true,
}