{
	"type": "ItemBridge",
	"name": "塑钢传送带桥",
	"description": "隔墙输送",
	"health": 100,
	"range": 7,
    "transportTime": 0.01,
    "hasPower": false,
    "itemCapacity": 20,
	"requirements": [
	{ "item": "塑钢", "amount":  20}
	{ "item": "石墨", "amount":  20}
	{ "item": "钢化玻璃", "amount":  20}
	],
	"category": "distribution",	
	"research": {
	"parent":"塑钢连接器"
	"objectives": [
            {
				"type": "SectorComplete",
				"preset": "前哨基地"
			}
	]
	}
	"researchCostMultiplier": 0.2,
	    "canOverdrive": true,
}