{
 "name":"塑钢传送带",
 "type":"StackConveyor",
 "description":"大量运输物品,造他就完了！",
 "size":1,
 "health":150,
"itemCapacity":20
 "category": "distribution",
 "requirements":[
  {"item":"塑钢","amount":5}
  {"item":"石墨","amount":5}
  {"item":"钢化玻璃","amount":5}
  ],
 "buildCostMultiplier":6,
 "speed":0.1,
 "displayedSpeed":20
 "rebuildable":true,
 "research": {
	"parent":"钛钢传送带"
	"objectives": [
            {
				"type": "SectorComplete",
				"preset": "前哨基地"
			}
	]
	}
     "researchCostMultiplier": 3,
         "canOverdrive": true,
         "bridgeReplacement": "塑钢传送带桥"//自动连接的桥
	        "junctionReplacement":"塑钢连接器"
}