{
 "name":"巨浪合金传送带",
 "type":"StackConveyor",
 "description":"运输物品极其快,造他就完了！",
 "size":1,
 "health":250,
"itemCapacity":20
 "category": "distribution",
 "consumes": {
	"power":0.5
		},
	"outputRouter":false
    "hasPower":true
    "consumesPower":true
    "conductivePower":true
    "underBullets":false
 "requirements":[
  {"item":"铝","amount":5}
  {"item":"巨浪合金","amount":5}
  ],
 "buildCostMultiplier":6,
 "speed":0.2,
 "displayedSpeed":20
 "research": {
	"parent":"塑钢传送带"
	"objectives": [
            {
				"type": "SectorComplete",
				"preset": "前哨基地"
			}
	]
	}
     "researchCostMultiplier": 3,
         "canOverdrive": true,
         "bridgeReplacement": "塑钢传送带桥"//自动连接的桥
	        "junctionReplacement":"塑钢连接器"
}