{
	"type": "ItemBridge",
	"name": "钛合金传送带桥",
	"description": "隔墙输送",
	"health": 600,
	"range": 20,
    "transportTime": 2,
   "hasPower": true,
   "transportTime": 0.001,
    "itemCapacity": 50,
    "consumes": {
	"power":1
		},
	"requirements": [
	{ "item": "钛合金", "amount":  20}
	{ "item": "铝", "amount":  20}
	],
	"category": "distribution",	
	"research": {
	"parent":"巨浪合金传送带"
	"objectives": [
            {
				"type": "SectorComplete",
				"preset": "前哨基地"
			}
	]
	}
	"researchCostMultiplier": 0.2,
	    "canOverdrive": true,
}