{
	"type": "PowerTurret",
	"health": 1380,
	"size": 3,
	"recoil": 2,
	"shootY": 4,
	"range": 256,
	"reload": 120,
	"shootCone": 3,
	"rotateSpeed": 5,
	"recoilTime": 210,
	"cooldownTime": 210,
	"minWarmup": 0.9,
	"shootWarmupSpeed": 0.08,
	"shoot": {
		"shots": 3,
		"shotDelay": 15
	},
	"shake": 2,
	"consumes": {
		"power": 14,
		"coolant": {
			"amount": 0.3
		}
	},
	"liquidCapacity": 40,
	"coolantMultiplier": 3,
	"shootSound": "laser",
	"shootType": {
		"type": "LaserBulletType",
		"damage": 135,
		"length": 256,
		"shootEffect": {
			"type": "ParticleEffect",
			"line": true,
			"particles": 12,
			"lifetime": 20,
			"length": 45,
			"cone": 30,
			"lenFrom": 6,
			"lenTo": 6,
			"strokeFrom": 3,
			"interp": "fastSlow",
			"colorFrom": "FFDCD8",
			"colorTo": "FF5845"
		},
		"colors": [
			"D75B6E",
			"E78F92",
			"FFF0F0"
		],
		"ammoMultiplier": 1,
		"status": "熔融",
		"statusDuration": 30,
		"hitEffect": {
			"type": "ParticleEffect",
			"line": true,
			"particles": 10,
			"lifetime": 20,
			"length": 75,
			"cone": -360,
			"lenFrom": 6,
			"lenTo": 6,
			"strokeFrom": 3,
			"strokeTo": 0,
			"lightColor": "FF5845",
			"colorFrom": "FFDCD8",
			"colorTo": "FF5845"
		}
	},
	"requirements": [
		"copper/120",
		"graphite/140",
		"thorium/60",
		"silicon/120"
	],
	"drawer": {
		"type": "DrawTurret",
		"parts": [
			{
				"type": "RegionPart",
				"suffix": "-side",
				"mirror": true,
				"moveX": 1,
				"children": [
					{
						"type": "RegionPart",
						"suffix": "-top",
						"mirror": true,
						"moveX": 0.25,
						"moveY": 1.75
					}
				]
			}
		]
	},
	"category": "turret",
	"research": "霓虹"
}