{
	"type": "PowerTurret",
	"health": 1470,
	"size": 3,
	"range": 275,
	"reload": 120,
	"cooldownTime": 210,
	"heatColor": "517D9D",
	"recoil": 2,
	"recoilTime": 210,
	"shootY": 4,
	"shootCone": 0.3,
	"rotateSpeed": 5,
	"minWarmup": 0.9,
	"shootWarmupSpeed": 0.08,
	"shoot": {
		"firstShotDelay": 55
	},
	"shake": 5,
	"consumes": {
		"power": 17,
		"coolant": {
			"amount": 0.3
		}
	},
	"liquidCapacity": 40,
	"coolantMultiplier": 5,
	"moveWhileCharging": false,
	"chargeSound": "月隐蓄力",
	"shootSound": "月隐发射",
	"shootType": {
		"sprite": "circle",
		"damage": 240,
		"lifetime": 30,
		"speed": 9,
		"height": 13,
		"width": 13,
		"shrinkX": 0,
		"shrinkY": 0,
		"ammoMultiplier": 1,
		"chargeEffect": {
			"type": "MultiEffect",
			"effects": [
				"lancerLaserCharge",
				"lancerLaserChargeBegin"
			]
		},
		"shootEffect": "lancerLaserShoot",
		"frontColor": "83C1ED",
		"backColor": "517D9D",
		"trailColor": "83C1ED",
		"trailLength": 9,
		"trailWidth": 5,
		"trailInterval": 10,
		"trailRotation": true,
		"trailEffect": "trailFade",
		"hitEffect": {
			"type": "ExplosionEffect",
			"sparkColor": "83C1ED",
			"smokeColor": "83C1ED",
			"waveColor": "83C1ED",
			"waveStroke": 4,
			"waveRad": 16,
			"waveLife": 15,
			"sparks": 5,
			"sparkRad": 16,
			"sparkLen": 5,
			"sparkStroke": 4
		},
		"despawnEffect": {
			"type": "ExplosionEffect",
			"sparkColor": "83C1ED",
			"smokeColor": "83C1ED",
			"waveColor": "83C1ED",
			"waveStroke": 4,
			"waveRad": 16,
			"waveLife": 15,
			"sparks": 5,
			"sparkRad": 16,
			"sparkLen": 5,
			"sparkStroke": 4
		},
		"pierceCap": 2,
		"status": "湍能",
		"statusDuration": 120,
		"splashDamage": 90,
		"splashDamageRadius": 24,
		"fragBullets": 8,
		"fragSpread": 45,
		"fragRandomSpread": 0,
		"fragBullet": {
			"type": "ShrapnelBulletType",
			"damage": 45,
			"status": "电链",
			"statusDuration": 60,
			"width": 4,
			"lifetime": 18,
			"length": 32,
			"fromColor": "83C1ED",
			"toColor": "517D9D",
			"shootEffect": {
				"type": "ParticleEffect",
				"line": true,
				"particles": 10,
				"lifetime": 20,
				"length": 75,
				"cone": -360,
				"lenFrom": 6,
				"lenTo": 6,
				"lightColor": "517D9D",
				"strokeFrom": 3,
				"strokeTo": 0,
				"colorFrom": "83C1ED",
				"colorTo": "517D9D"
			},
			"hitEffect": {
				"type": "ParticleEffect",
				"line": true,
				"particles": 10,
				"lifetime": 20,
				"length": 75,
				"cone": -360,
				"lenFrom": 6,
				"lenTo": 6,
				"lightColor": "517D9D",
				"strokeFrom": 3,
				"strokeTo": 0,
				"colorFrom": "83C1ED",
				"colorTo": "517D9D"
			}
		}
	},
	"requirements": [
		"graphite/200",
		"thorium/125",
		"silicon/160",
		"plastanium/85"
	],
	"drawer": {
		"type": "DrawMulti",
		"drawers": [
			{
				"type": "DrawTurret",
				"parts": [
					{
						"type": "RegionPart",
						"suffix": "-side",
						"mirror": true,
						"under": true,
						"moveX": 0.8,
						"moveY": -0.5
					},
					{
						"type": "RegionPart",
						"suffix": "-blade",
						"mirror": true,
						"under": true,
						"moveY": -1,
						"moveRot": -4,
						"moves": [
							{
								"progress": "recoil",
								"rot": -8
							}
						],
						"heatColor": "517D9D"
					}
				]
			},
			{
				"type": "DrawParticles",
				"color": "517D9D",
				"alpha": 0.6,
				"particles": 30,
				"particleLife": 60,
				"particleRad": 30,
				"particleSize": 2,
				"fadeMargin": 0.5,
				"rotateScl": 0.5,
				"blending": "additive"
			}
		]
	},
	"category": "turret",
	"research": "光谱"
}