{
	"health": 5400,
	"size": 8,
	"armor": 24,
	"range": 1920,
	"reload": 720,
	"shake": 8,
	"recoil": 0,
	"shootY": 0,
	"cooldownTime": 600,
	"shootCone": 360,
	"maxAmmo": 80,
	"rotateSpeed": 0,
	"itemCapacity": 40,
	"ammoPerShot": 80,
	"minWarmup": 0.96,
	"shootWarmupSpeed": 0.04,
	"warmupMaintainTime": 300,
	"consumes": {
		"power": 51,
		"items": [
			"铱板/40",
			"blast-compound/40"
		]
	},
	"shootSound": "missileLaunch",
	"requirements": [
		"铱板/1650",
		"graphite/750",
		"silicon/710",
		"铈/675",
		"陶钢/475",
		"surge-alloy/325"
	],
	"category": "turret",
	"research": {
		"parent": "决断",
		"objectives": [
			{
				"type": "SectorComplete",
				"preset": "血湖矿区"
			}
		]
	}
}