{
	"type": "LiquidTurret",
	"health": 2430,
	"size": 3,
	"recoil": 2,
	"shootY": 4,
	"reload": 35,
	"range": 264,
	"shoot": {
		"type": "ShootMulti",
		"source": {
			"shots": 3,
			"shotDelay": 5
		},
		"dest": [
			{
				"type": "ShootSpread",
				"shots": 40,
				"spread": 0.5
			}
		]
	},
	"velocityRnd": 0.1,
	"inaccuracy": 15,
	"shootCone": 45,
	"canOverdrive": false,
	"loopSound": "none",
	"shootSound": "cannon",
	"ammoTypes": {
		"water": {
			"type": "LiquidBulletType",
			"damage": 0.4,
			"lifetime": 60,
			"speed": 5,
			"layer": 98,
			"orbSize": 4,
			"puddleSize": 8,
			"knockback": 2,
			"liquid": "water",
			"status": "wet",
			"statusDuration": 240,
			"ammoMultiplier": 0.4,
			"shootEffect": "hitLiquid"
		},
		"slag": {
			"type": "LiquidBulletType",
			"damage": 5,
			"lifetime": 60,
			"speed": 5,
			"orbSize": 4,
			"puddleSize": 8,
			"knockback": 1.5,
			"liquid": "slag",
			"status": "melting",
			"statusDuration": 240,
			"ammoMultiplier": 0.4,
			"shootEffect": "shootLiquid"
		},
		"cryofluid": {
			"type": "LiquidBulletType",
			"damage": 0.4,
			"lifetime": 60,
			"speed": 5,
			"orbSize": 4,
			"puddleSize": 8,
			"knockback": 1.5,
			"liquid": "cryofluid",
			"status": "freezing",
			"statusDuration": 240,
			"ammoMultiplier": 0.4,
			"shootEffect": "shootLiquid"
		},
		"oil": {
			"type": "LiquidBulletType",
			"damage": 0.4,
			"lifetime": 60,
			"speed": 5,
			"layer": 98,
			"orbSize": 4,
			"puddleSize": 8,
			"knockback": 1.5,
			"liquid": "oil",
			"status": "tarred",
			"statusDuration": 240,
			"ammoMultiplier": 0.4,
			"shootEffect": "shootLiquid"
		},
		"废水": {
			"type": "LiquidBulletType",
			"damage": 6,
			"lifetime": 60,
			"speed": 5,
			"layer": 98,
			"orbSize": 4,
			"puddleSize": 8,
			"knockback": 2.2,
			"liquid": "废水",
			"status": "辐射",
			"statusDuration": 240,
			"ammoMultiplier": 0.5,
			"splashDamage": 9,
			"splashDamageRadius": 7,
			"shootEffect": "shootLiquid"
		}
	},
	"requirements": [
		"lead/455",
		"metaglass/115",
		"titanium/275",
		"thorium/115",
		"plastanium/45"
	],
	"category": "turret",
	"research": "tsunami"
}