{
	"type": "ItemTurret",
	"health": 1930,
	"armor": 4,
	"size": 3,
	"recoil": 3,
	"shootY": 3,
	"shake": 3.5,
	"range": 200,
	"reload": 120,
	"shootCone": 5,
	"maxAmmo": 24,
	"recoilTime": 40,
	"cooldownTime": 90,
	"consumes": {
		"coolant": {
			"amount": 0.3
		}
	},
	"rotateSpeed": 5,
	"ammoPerShot": 6,
	"coolantMultiplier": 2.5,
	"shootSound": "artillery",
	"shootEffect": "bigShockwave",
	"ammoUseEffect": "casing3Double",
	"ammoTypes": {
		"graphite": {
			"damage": 135,
			"lifetime": 20,
			"speed": 10,
			"width": 14,
			"height": 25,
			"collides": false,
			"pierce": true,
			"pierceBuilding": true,
			"bulletInterval": 1,
			"intervalBullet": {
				"damage": 0,
				"hitShake": 2,
				"despawnShake": 1,
				"splashDamage": 45,
				"splashDamageRadius": 20,
				"scaledSplashDamage": true,
				"instantDisappear": true,
				"hitEffect": "flakExplosion",
				"despawnEffect": "flakExplosion"
			},
			"despawnEffect": {
				"type": "ParticleEffect",
				"particles": 15,
				"line": true,
				"strokeFrom": 3,
				"strokeTo": 0,
				"lenFrom": 10,
				"lenTo": 0,
				"length": 50,
				"lifetime": 10,
				"colorFrom": "FFE176",
				"colorTo": "FFFFFF",
				"cone": 60
			}
		},
		"titanium": {
			"damage": 185,
			"lifetime": 20,
			"speed": 10,
			"width": 14,
			"height": 25,
			"ammoMultiplier": 1,
			"reloadMultiplier": 1.4,
			"collides": false,
			"pierce": true,
			"pierceBuilding": true,
			"bulletInterval": 1,
			"intervalBullet": {
				"damage": 0,
				"hitShake": 2,
				"despawnShake": 1,
				"splashDamage": 62,
				"splashDamageRadius": 20,
				"scaledSplashDamage": true,
				"instantDisappear": true,
				"hitEffect": "flakExplosion",
				"despawnEffect": "flakExplosion"
			},
			"despawnEffect": {
				"type": "ParticleEffect",
				"particles": 15,
				"line": true,
				"strokeFrom": 3,
				"strokeTo": 0,
				"lenFrom": 10,
				"lenTo": 0,
				"length": 50,
				"lifetime": 10,
				"colorFrom": "FFE176",
				"colorTo": "FFFFFF",
				"cone": 60
			}
		},
		"thorium": {
			"damage": 235,
			"lifetime": 27,
			"speed": 10,
			"width": 16,
			"height": 25,
			"rangeChange": 70,
			"collides": false,
			"pierce": true,
			"pierceBuilding": true,
			"bulletInterval": 1,
			"intervalBullet": {
				"damage": 0,
				"hitShake": 2,
				"despawnShake": 1,
				"status": "辐射",
				"statusDuration": 60,
				"splashDamage": 78,
				"splashDamageRadius": 20,
				"scaledSplashDamage": true,
				"instantDisappear": true,
				"hitEffect": "flakExplosion",
				"despawnEffect": "flakExplosion"
			},
			"despawnEffect": {
				"type": "ParticleEffect",
				"particles": 15,
				"line": true,
				"strokeFrom": 4,
				"strokeTo": 0,
				"lenFrom": 10,
				"lenTo": 0,
				"length": 70,
				"baseLength": 0,
				"lifetime": 10,
				"colorFrom": "FFE176",
				"colorTo": "FFFFFF",
				"cone": 60
			}
		},
		"surge-alloy": {
			"damage": 480,
			"lifetime": 36,
			"speed": 10,
			"width": 10,
			"height": 25,
			"rangeChange": 160,
			"ammoMultiplier": 1,
			"collides": false,
			"pierce": true,
			"pierceBuilding": true,
			"bulletInterval": 1,
			"intervalBullet": {
				"damage": 0,
				"status": "shocked",
				"splashDamage": 160,
				"splashDamageRadius": 20,
				"scaledSplashDamage": true,
				"lightning": 3,
				"lightningLength": 4,
				"lightningDamage": 16,
				"instantDisappear": true,
				"hitEffect": "flakExplosion",
				"despawnEffect": "flakExplosion"
			},
			"despawnEffect": {
				"type": "ParticleEffect",
				"particles": 15,
				"line": true,
				"strokeFrom": 5,
				"strokeTo": 0,
				"lenFrom": 16,
				"lenTo": 0,
				"length": 100,
				"lifetime": 10,
				"colorFrom": "F3E979",
				"colorTo": "FFFFFF",
				"cone": 60
			}
		},
		"铱板": {
			"damage": 420,
			"lifetime": 32,
			"speed": 10,
			"width": 10,
			"height": 25,
			"rangeChange": 120,
			"ammoMultiplier": 3,
			"collides": false,
			"pierce": true,
			"pierceBuilding": true,
			"bulletInterval": 1,
			"intervalBullet": {
				"damage": 0,
				"hitShake": 2,
				"despawnShake": 1,
				"status": "损毁",
				"statusDuration": 60,
				"splashDamage": 140,
				"splashDamageRadius": 20,
				"scaledSplashDamage": true,
				"instantDisappear": true,
				"hitEffect": "flakExplosion",
				"despawnEffect": "flakExplosion"
			},
			"despawnEffect": {
				"type": "ParticleEffect",
				"particles": 15,
				"line": true,
				"strokeFrom": 5,
				"strokeTo": 0,
				"lenFrom": 16,
				"lenTo": 0,
				"length": 100,
				"lifetime": 10,
				"colorFrom": "FFE176",
				"colorTo": "FFFFFF",
				"cone": 60
			}
		}
	},
	"requirements": [
		"copper/135",
		"titanium/95",
		"thorium/65",
		"blast-compound/10"
	],
	"category": "turret",
	"research": "碎爆"
}