{
	"type": "ItemTurret",
	"health": 3450,
	"size": 5,
	"recoil": 3,
	"shootY": 10,
	"shake": 3.5,
	"range": 264,
	"reload": 378,
	"shootCone": 15,
	"maxAmmo": 40,
	"recoilTime": 192,
	"cooldownTime": 270,
	"consumes": {
		"power": 17,
		"coolant": {
			"amount": 1.5
		}
	},
	"shoot": {
		"type": "ShootSpread",
		"shots": 3,
		"spread": 15
	},
	"rotateSpeed": 2,
	"ammoPerShot": 10,
	"liquidCapacity": 40,
	"coolantMultiplier": 0.4,
	"minWarmup": 0.96,
	"shootWarmupSpeed": 0.08,
	"warmupMaintainTime": 300,
	"shootSound": "棱镜",
	"unitSort": "farthest",
	"shootEffect": "bigShockwave",
	"ammoUseEffect": "casing3Double",
	"ammoTypes": {
		"graphite": {
			"damage": 135,
			"lifetime": 120,
			"speed": 30,
			"drag": 0.1,
			"width": 14,
			"height": 25,
			"pierce": true,
			"collides": false,
			"pierceBuilding": true,
			"bulletInterval": 1,
			"intervalBullet": {
				"damage": 0,
				"hitShake": 2,
				"despawnShake": 1,
				"splashDamage": 45,
				"splashDamageRadius": 20,
				"scaledSplashDamage": true,
				"instantDisappear": true,
				"hitEffect": "flakExplosion",
				"despawnEffect": "flakExplosion"
			},
			"fragBullets": 1,
			"fragAngle": 180,
			"fragVelocityMin": 1,
			"fragRandomSpread": 0,
			"fragBullet": {
				"damage": 135,
				"lifetime": 120,
				"speed": 0.1,
				"drag": -0.041,
				"width": 14,
				"height": 25,
				"pierce": true,
				"collides": false,
				"pierceBuilding": true,
				"bulletInterval": 1,
				"intervalBullet": {
					"damage": 0,
					"hitShake": 2,
					"despawnShake": 1,
					"splashDamage": 45,
					"splashDamageRadius": 20,
					"scaledSplashDamage": true,
					"instantDisappear": true,
					"hitEffect": "flakExplosion",
					"despawnEffect": "flakExplosion"
				},
				"despawnSound": "pulseBlast",
				"despawnEffect": {
					"type": "ParticleEffect",
					"particles": 15,
					"line": true,
					"strokeFrom": 3,
					"strokeTo": 0,
					"lenFrom": 10,
					"lenTo": 0,
					"length": 50,
					"lifetime": 10,
					"colorFrom": "FFE176",
					"colorTo": "FFFFFF",
					"cone": 60
				}
			}
		},
		"titanium": {
			"damage": 185,
			"lifetime": 120,
			"speed": 30,
			"drag": 0.1,
			"width": 14,
			"height": 25,
			"ammoMultiplier": 1,
			"reloadMultiplier": 1.4,
			"pierce": true,
			"collides": false,
			"pierceBuilding": true,
			"bulletInterval": 1,
			"intervalBullet": {
				"damage": 0,
				"hitShake": 2,
				"despawnShake": 1,
				"splashDamage": 62,
				"splashDamageRadius": 20,
				"scaledSplashDamage": true,
				"instantDisappear": true,
				"hitEffect": "flakExplosion",
				"despawnEffect": "flakExplosion"
			},
			"fragBullets": 1,
			"fragAngle": 180,
			"fragVelocityMin": 1,
			"fragRandomSpread": 0,
			"fragBullet": {
				"damage": 185,
				"lifetime": 120,
				"speed": 0.1,
				"drag": -0.041,
				"width": 14,
				"height": 25,
				"pierce": true,
				"collides": false,
				"pierceBuilding": true,
				"bulletInterval": 1,
				"intervalBullet": {
					"damage": 0,
					"hitShake": 2,
					"despawnShake": 1,
					"splashDamage": 62,
					"splashDamageRadius": 20,
					"scaledSplashDamage": true,
					"instantDisappear": true,
					"hitEffect": "flakExplosion",
					"despawnEffect": "flakExplosion"
				},
				"despawnSound": "pulseBlast",
				"despawnEffect": {
					"type": "ParticleEffect",
					"particles": 15,
					"line": true,
					"strokeFrom": 3,
					"strokeTo": 0,
					"lenFrom": 10,
					"lenTo": 0,
					"length": 50,
					"lifetime": 10,
					"colorFrom": "FFE176",
					"colorTo": "FFFFFF",
					"cone": 60
				}
			}
		},
		"thorium": {
			"damage": 235,
			"lifetime": 120,
			"speed": 30,
			"drag": 0.085,
			"width": 16,
			"height": 25,
			"pierce": true,
			"collides": false,
			"pierceBuilding": true,
			"rangeChange": 56,
			"bulletInterval": 1,
			"intervalBullet": {
				"damage": 0,
				"hitShake": 2,
				"despawnShake": 1,
				"status": "衰变",
				"splashDamage": 78,
				"splashDamageRadius": 20,
				"scaledSplashDamage": true,
				"instantDisappear": true,
				"hitEffect": "flakExplosion",
				"despawnEffect": "flakExplosion"
			},
			"fragBullets": 1,
			"fragAngle": 180,
			"fragVelocityMin": 1,
			"fragRandomSpread": 0,
			"fragBullet": {
				"damage": 235,
				"lifetime": 120,
				"speed": 0.1,
				"drag": -0.043,
				"width": 16,
				"height": 25,
				"pierce": true,
				"collides": false,
				"pierceBuilding": true,
				"bulletInterval": 1,
				"intervalBullet": {
					"damage": 0,
					"hitShake": 2,
					"despawnShake": 1,
					"status": "衰变",
					"splashDamage": 78,
					"splashDamageRadius": 20,
					"scaledSplashDamage": true,
					"instantDisappear": true,
					"hitEffect": "flakExplosion",
					"despawnEffect": "flakExplosion"
				},
				"despawnSound": "pulseBlast",
				"despawnEffect": {
					"type": "ParticleEffect",
					"particles": 15,
					"line": true,
					"strokeFrom": 4,
					"strokeTo": 0,
					"lenFrom": 10,
					"lenTo": 0,
					"length": 70,
					"baseLength": 0,
					"lifetime": 10,
					"colorFrom": "FFE176",
					"colorTo": "FFFFFF",
					"cone": 60
				}
			}
		},
		"surge-alloy": {
			"damage": 480,
			"lifetime": 120,
			"speed": 30,
			"drag": 0.067,
			"width": 10,
			"height": 25,
			"pierce": true,
			"collides": false,
			"pierceBuilding": true,
			"rangeChange": 144,
			"ammoMultiplier": 1,
			"bulletInterval": 1,
			"intervalBullet": {
				"damage": 0,
				"status": "shocked",
				"splashDamage": 160,
				"splashDamageRadius": 20,
				"scaledSplashDamage": true,
				"lightning": 3,
				"lightningLength": 4,
				"lightningDamage": 16,
				"instantDisappear": true,
				"hitEffect": "flakExplosion",
				"despawnEffect": "flakExplosion"
			},
			"fragBullets": 1,
			"fragAngle": 180,
			"fragVelocityMin": 1,
			"fragRandomSpread": 0,
			"fragBullet": {
				"damage": 480,
				"lifetime": 120,
				"speed": 0.1,
				"drag": -0.045,
				"width": 10,
				"height": 25,
				"pierce": true,
				"collides": false,
				"pierceBuilding": true,
				"bulletInterval": 1,
				"intervalBullet": {
					"damage": 0,
					"status": "shocked",
					"splashDamage": 160,
					"splashDamageRadius": 20,
					"scaledSplashDamage": true,
					"lightning": 3,
					"lightningLength": 4,
					"lightningDamage": 16,
					"instantDisappear": true,
					"hitEffect": "flakExplosion",
					"despawnEffect": "flakExplosion"
				},
				"despawnSound": "pulseBlast",
				"despawnEffect": {
					"type": "ParticleEffect",
					"particles": 15,
					"line": true,
					"strokeFrom": 5,
					"strokeTo": 0,
					"lenFrom": 16,
					"lenTo": 0,
					"length": 100,
					"lifetime": 10,
					"colorFrom": "F3E979",
					"colorTo": "FFFFFF",
					"cone": 60
				}
			}
		},
		"铱板": {
			"damage": 420,
			"lifetime": 120,
			"speed": 30,
			"drag": 0.075,
			"width": 10,
			"height": 25,
			"pierce": true,
			"collides": false,
			"pierceBuilding": true,
			"rangeChange": 96,
			"ammoMultiplier": 3,
			"bulletInterval": 1,
			"intervalBullet": {
				"damage": 0,
				"hitShake": 2,
				"despawnShake": 1,
				"status": "破甲",
				"statusDuration": 60,
				"splashDamage": 140,
				"splashDamageRadius": 20,
				"scaledSplashDamage": true,
				"instantDisappear": true,
				"hitEffect": "flakExplosion",
				"despawnEffect": "flakExplosion"
			},
			"fragBullets": 1,
			"fragAngle": 180,
			"fragVelocityMin": 1,
			"fragRandomSpread": 0,
			"fragBullet": {
				"damage": 420,
				"lifetime": 120,
				"speed": 0.1,
				"drag": -0.044,
				"width": 10,
				"height": 25,
				"pierce": true,
				"collides": false,
				"pierceBuilding": true,
				"bulletInterval": 1,
				"intervalBullet": {
					"damage": 0,
					"hitShake": 2,
					"despawnShake": 1,
					"status": "破甲",
					"statusDuration": 60,
					"splashDamage": 140,
					"splashDamageRadius": 20,
					"scaledSplashDamage": true,
					"instantDisappear": true,
					"hitEffect": "flakExplosion",
					"despawnEffect": "flakExplosion"
				},
				"despawnSound": "pulseBlast",
				"despawnEffect": {
					"type": "ParticleEffect",
					"particles": 15,
					"line": true,
					"strokeFrom": 5,
					"strokeTo": 0,
					"lenFrom": 16,
					"lenTo": 0,
					"length": 100,
					"lifetime": 10,
					"colorFrom": "FFE176",
					"colorTo": "FFFFFF",
					"cone": 60
				}
			}
		}
	},
	"requirements": [
		"copper/1120",
		"graphite/470",
		"thorium/390",
		"plastanium/280",
		"铱板/225",
		"blast-compound/65"
	],
	"drawer": {
		"type": "DrawTurret",
		"parts": [
			{
				"type": "RegionPart",
				"progress": "recoil",
				"suffix": "-shot",
				"moveY": -4.5,
				"children": [
					{
						"type": "RegionPart",
						"suffix": "-shot-glow",
						"heatProgress": "warmup",
						"drawRegion": false,
						"heatColor": "F03B0E"
					}
				]
			},
			{
				"type": "RegionPart",
				"suffix": "-glow",
				"heatProgress": "warmup",
				"drawRegion": false,
				"heatColor": "F03B0E"
			},
			{
				"type": "HaloPart",
				"tri": true,
				"y": -20,
				"radius": 27,
				"triLength": 0,
				"triLengthTo": 3,
				"haloRadius": 10,
				"haloRotateSpeed": 0.5,
				"color": "FF5845",
				"layer": 110
			},
			{
				"type": "HaloPart",
				"tri": true,
				"y": -20,
				"radius": 3,
				"triLength": 0,
				"triLengthTo": 12,
				"haloRadius": 11.5,
				"shapeRotation": 150,
				"haloRotateSpeed": 0.5,
				"haloRotation": 30,
				"color": "FF5845",
				"layer": 110
			},
			{
				"type": "HaloPart",
				"tri": true,
				"y": -20,
				"radius": 3,
				"triLength": 0,
				"triLengthTo": 18,
				"haloRadius": 12,
				"shapeRotation": -15,
				"haloRotateSpeed": 0.5,
				"haloRotation": -135,
				"color": "FF5845",
				"layer": 110
			}
		]
	},
	"category": "turret",
	"research": {
		"parent": "喧嚣",
		"objectives": [
			{
				"type": "SectorComplete",
				"preset": "灾变河谷"
			}
		]
	}
}