{//by Cassius
  "name": "多料墙",
  "description": "高效，绝缘的墙体。可以放在液体上。“不要小看我们的羁绊啊！”",
  "type": "Wall",
  "health":2200,
  "armor":25,
  "size":1,
  "absorbLasers":true,
  "insulated":true,
  "placeableLiquid":true,
  "requirements": [
		"lead/8","silicon/8",
		"metaglass/8","titanium/2",
		"plastanium/4","graphite/2"
  ],
  "category": "defense",
  "research": "兼具",
  "absorbLasers":true,
  "buildCostMultiplier":0.5,
  "researchCostMultiplier":0.6
}