{//by Cassius
	"name":"重铸合金墙",
	"description": "极度致密，极度坚韧，绝缘而接地，冷热而不应。绝对有效的护甲。",
	"type":"Wall",
	"health":840000,
    "armor":463,
	"size":2,
	"placeableLiquid":true,
	"requirements":[
		"metaglass/168",
		"镭/160", "铀/160",
		"钨/300", "石墨烯/480",
		"硅晶/152", "放射性合金/80",
		"纳米簇/160","钍铅钢/160",
		"重铸合金/40","量子能核/10"
	],
	"category":"defense",
	"research":"纳米墙",
    "absorbLasers":true,
    "deflect": true,
    "chanceDeflect":150,
    "lightningChance":1,
    "lightningDamage":1500,
    "lightningLength":32,
    "buildCostMultiplier":0.6,
    "researchCostMultiplier":0.66
}