{
    "type": "ItemTurret",
    "name": "昇雷",
    "description": "向敌人发射五发穿透性爆炸子弹。
    使用混凝土可以锁住敌方单位的牛子，使其无法攻击0.25s",
	"category": "turret",
	"research":"fuse",
    	"research":"catter",
    "reload": 75,
    "shake": 4,
    "range": 190,
    "recoil": 5,
    "shoot": {
        "type": "ShootSpread",
        "shots": 5,
        "spread": 20
    },
    "requirements": [
        {
            "item": "titanium",
            "amount": 600
        },
        {
            "item": "graphite",
            "amount": 500
        },
        {
            "item": "高纯硅",
            "amount": 400
        },
        {
            "item": "thorium",
            "amount": 400
        },
        {
            "item": "混凝土",
            "amount": 220
        },
        {
            "item": "Uperconducting_Alloy_Plate",
            "amount": 130
        }
    ],
	"consumes": {
	    "power": 4.5,
		"coolant": {
			"amount": 0.35,
			"optional": true
		}
	},
    "shootCone": 75,
    "size": 4,
    "scaledHealth": 220,
    "shootSound": "shotgun",
    "ammoTypes": {
        "thorium": {
            "type": "ShrapnelBulletType",
            "length": 200,
            "width": 30,
            "damage": 435,
            "ammoMultiplier": 8,
            "toColor": "thoriumPink",
            "shootEffect": "thoriumShoot",
            
            "serrationLenScl": 40,
            "serrationWidth": 10,
            "serrationSpacing": 33,
            "serrationSpaceOffset": 80,
            "serrationFadeOffset": 0.5
        },
        "混凝土": {
            "type": "ShrapnelBulletType",
            "length": 200,
            "width": 30,
            "damage": 645,
            "ammoMultiplier": 6,
            "buildingDamageMultiplier": 0.30,
            
            "fromColor": "1E96EC",
            "toColor": "51B7FF",
            
            "status": "statu_02",
            "statusDuration": 15,
            
            "serrationLenScl": 40,
            "serrationWidth": 10,
            "serrationSpacing": 33,
            "serrationSpaceOffset": 80,
            "serrationFadeOffset": 0.5
        }
    }
}


/*

            ammo(
                Items.titanium, new ShrapnelBulletType(){{
                    length = brange;
                    damage = 66f;
                    ammoMultiplier = 4f;
                    width = 17f;
                    reloadMultiplier = 1.3f;
                }},
                Items.thorium, new ShrapnelBulletType(){{
                    length = brange;
                    damage = 105f;
                    ammoMultiplier = 5f;
                    toColor = Pal.thoriumPink;
                    shootEffect = smokeEffect = Fx.thoriumShoot;
        fuse = new ItemTurret("fuse"){{
            requirements(Category.turret, with(Items.copper, 225, Items.graphite, 225, Items.thorium, 100));
            */