{
//	"type":"Reconstructor",
	"category":"units",

	"research":{"parent":"second-refabricator",
	"requirements":[
	"iridium/2500",
	"uranium/6000",
	"silicon/10000",
	"plastanium/8000"
	]	},

	"requirements":[
	"iridium/200",
	"uranium/120",
	"silicon/150",
	"plastanium/100"
	],

	"constructTime":5000,
	"health":3650,
	"size":7,
	"consumes":{
		"power":15,
		"items":{
		"items":[
		"osmium/400",
		"phase-fabric/300",
		"silicon/800"
		]	},
		"liquid":{
		"liquid":"cyanogen","amount":0.2
		}	},
	"upgrades":[
	["superheat","superconductivity"],
	["gmecht3","gmecht4"],
	["ionize","disintegration"],
	["lightcone","jet"],
	["massif","mound"],
	["downpour","thunder"],
	["bless","asylum"]
	]
}