{
"type": "BeamDrill",
"category": "production",
"name": "切割钻头",
"description": "放置在矿物前用激光束进行挖掘",
"research": {
"parent": "acaa前哨核心"
},
"requirements": [
"graphite/10",
"铁/20"
],
"liquidBoostIntensity": 1.5,
"consumes": {
"power": 0.4,
"liquid": {
"liquid": "water",
"amount": 0.03333333,
"booster": true,
"optional": true
}
},
"alwaysUnlocked": true,
"itemCapacity": 20,
"liquidCapacity": 20,
"size": 2,
"health": 260,
"tier": 4,
"range": 6,
"fogRadius": 2,
"haspower": true,
"drillTime": 120,
"hasShadow": true
}