{
"type": "BeamDrill",//类型,墙壁钻头
	"category": "production",//菜单栏
	"name":"切割钻头",//名字
	"description":"放置在矿物前用激光束进行挖掘",//介绍

	"research": {
	"parent": "acaa前哨核心",//科技树前置
	},

	"requirements": [
	"graphite/10"//建造花费
	"铁/20",
	],
"liquidBoostIntensity": 1.5,
	"consumes":{//运作消耗
		"power":0.4//电,帧
		"liquid": {//液体
		"liquid": "water", "amount": 0.03333333,//液体消耗
		"booster":true,//加速
		"optional": true//可选
		}	}
"alwaysUnlocked":true,//科技树默认解锁
	"itemCapacity": 20,//物品容量
	"liquidCapacity": 20,//液体容量
	"size":2,//平方大小
	"health":260,//血量
	"tier":4,//钻头等级
	"range":6,//范围
	"fogRadius":2,//
	"haspower":true,//
	"drillTime":120,//挖掘时间
	"hasShadow":true//
}