{
"type": "BeamDrill",//类型,墙壁钻头
	"category": "production",//菜单栏
	"name":"等离子钻头",//名字
	"description":"放置在矿物前用激光束进行挖掘",//介绍

	"research": {
	"parent": "abaa切割钻头",//科技树前置
	"objectives": [
//		"",//研究xx
		{"type": "SectorComplete",//占领地图
		"preset": "异域峡谷"},
		]
	},

	"requirements": [
	"graphite/30"
	"silicon/20"//建造花费
	"镍/20"
	
	],
"liquidBoostIntensity": 1.5,
	"consumes":{//运作消耗
		"power":0.5//电,帧
		"liquid": {//液体
		"liquid": "water", "amount": 0.0666666,//液体消耗
		"booster":true,//加速
		"optional": true//可选
		}	}
"alwaysUnlocked":false,//科技树默认解锁
	"itemCapacity": 20,//物品容量
	"liquidCapacity": 20,//液体容量
	"size":3,//平方大小
	"health":595,//血量
	"tier":5,//钻头等级
	"range":8,//范围
	"fogRadius":3,//
	"haspower":true,//
	"drillTime":90,//挖掘时间
	"hasShadow":true//
}