{
"type": "BeamDrill",
"category": "production",
"name": "谐振钻头",
"description": "放置在矿物前用激光束进行挖掘",
"research": {
"parent": "abab等离子钻头",
"objectives": [
{
"type": "SectorComplete",
"preset": "世纪山脉"
}
]
},
"requirements": [
"graphite/45",
"silicon/30",
"铝/40",
"钢/30"
],
"consumes": {
"power": 1.5,
"liquid": {
"liquid": "hydrogen",
"amount": 0.06,
"booster": true,
"optional": true
}
},
"alwaysUnlocked": false,
"itemCapacity": 30,
"liquidCapacity": 30,
"size": 4,
"health": 1260,
"tier": 5,
"range": 9,
"fogRadius": 4,
"haspower": true,
"drillTime": 60,
"liquidBoostIntensity": 1.5,
"hasShadow": true
}