{
"type": "BeamDrill",//类型,墙壁钻头
	"category": "production",//菜单栏
	"name":"谐振钻头",//名字
	"description":"放置在矿物前用激光束进行挖掘",//介绍

	"research": {
	"parent": "abab等离子钻头",//科技树前置
	"objectives": [
//		"",//研究xx
		{"type": "SectorComplete",//占领地图
		"preset": "世纪山脉"},
		]
	},

	"requirements": [
	"graphite/45"
	"silicon/30"//建造花费
	"铝/40"
	"钢/30",	
	
	],
	"consumes":{//运作消耗
		"power":1.5//电,帧
		"liquid": {//液体
		"liquid": "hydrogen", "amount": 0.06,//液体消耗
		"booster":true,//加速
		"optional": true//可选
		}	}
"alwaysUnlocked":false,//科技树默认解锁
	"itemCapacity": 30,//物品容量
	"liquidCapacity": 30,//液体容量
	"size":4,//平方大小
	"health":1260,//血量
	"tier":6,//钻头等级
	"range":9,//范围
	"fogRadius":4,//
	"haspower":true,//
	"drillTime":60,//挖掘时间
	"liquidBoostIntensity":1.5,
	"hasShadow":true//
}