{
	"name": "地磁钻机",
	"description": "放置在矿物上以进行挖掘，挖掘能力有限，只能挖掘较为基础的矿物",
	"details":"",
	"type": "Drill",
	"size": 2,
	"tier": 4,//等级
	"health": 400,
	"alwaysUnlocked":false,//科技树默认解锁
	"drillTime": 240,//挖掘时间（60*钻机占格/挖掘时间=挖掘物品/s）
	"rotateSpeed":2.5,//旋转速度
	"warmupSpeed":2,//准备时间
	"itemCapacity": 20,//物品容量
	"liquidCapacity": 10,//液体容量
	"canOverdrive": true,
	"drawRim":false, 
	"hasItems": true,
	"liquidBoostIntensity": 1.5,
	"updateEffect": "mineSmall",
	"consumes": {
	"liquid": {
       "liquid": "water",
       "amount": 0.033333333,
       "booster": true,
       "optional": true
        }
	},
	"requirements": [
		{ "item": "铁", "amount": 20 }
	],
	"category": "production",
"research":{
	"parent":"acaa前哨核心",
	"requirements":[
	"铁/60"
	]	},
}