{
"name": "励磁钻机",
"description": "放置在矿物上以进行挖掘，挖掘能力有限",
"details": "",
"type": "Drill",
"size": 3,
"tier": 5,
"health": 1200,
"alwaysUnlocked": false,
"drillTime": 120,
"rotateSpeed": 2.5,
"warmupSpeed": 2,
"itemCapacity": 20,
"liquidCapacity": 10,
"canOverdrive": true,
"drawRim": false,
"hasItems": true,
"updateEffect": "mineSmall",
"liquidBoostIntensity": 1.5,
"consumes": {
"liquid": {
"liquid": "water",
"amount": 0.066666666,
"booster": true,
"optional": true
}
},
"requirements": [
{ "item": "silicon", "amount": 40 },
{ "item": "镍", "amount": 40 },
{ "item": "锡", "amount": 30 }
],
"category": "production",
"research": {
"parent": "abba地磁钻机"
}
}