{
"name": "猩红血钻",
"description": "这台钻头的表面覆盖着暗红色生物装甲，其尖端并非金属，而是由高密度肌纤维螺旋缠绕而成的活体钻刃",
"details": "我们不需要操作员了，78号钻头正在用增生神经操控肉块继续工作",
"type": "BurstDrill",
"size": 5,
"tier": 6,
"drillTime": 100,
"itemCapacity": 120,
"liquidCapacity": 30,
"consumes": {
"power": 5,
"liquid": "water/0.2"
},
"drillEffect": {
"type": "ParticleEffect",
"particles": 6,
"lifetime": 90,
"sizeFrom": 2,
"sizeTo": 3,
"length": 15,
"baseLength": 30,
"colorFrom": "D75B6E",
"colorTo": "D75B6E00",
"cone": 360
},
"requirements": [
"silicon/50",
"镍/50",
"铝/120",
"血钢/20"
],
"category": "production",
"research": {
"parent": "abbb激光钻机",
"objectives": [
{
"type": "OnSector",
"preset": "猩红山谷"
}
]
}
}