{
"name":"深渊钻机"
	"type": "BurstDrill",
	"size": 4,
	"tier": 6,
	"drillTime": 100,
	"itemCapacity": 40,
	"liquidCapacity": 40,
	"consumes": {
		"power": 4, 
	},
	"placeableLiquid": true,
	"drillEffect": {
		"type": "ParticleEffect",
		"particles": 6,
		"lifetime": 90,
		"sizeFrom": 2,
		"sizeTo": 3,
		"length": 15,
		"baseLength": 30,
		"colorFrom": "737C8BFF",
		"colorTo": "737C8B00",
		"cone": 360
	},
	"requirements": [
	    "锡/125",
	    "镍/100",
		"铝/90",
		"silicon/75",
	],
	"category": "production",
	"research": {
	"parent": "abbb激光钻机"//科技树前置
	"objectives": [
//		"",//研究xx
		{"type": "OnSector",//进入地图
		"preset": "暗渊入口"},
		]
	},
}