{
"type": "BeamDrill",
"category": "production",
"name": "暗核钻机",
"description": "放置在矿物前用激光束进行挖掘",
"research": {
"parent": "abab等离子钻头",
	"objectives": [
//		"",//研究xx
		{"type": "OnSector",//进入地图
		"preset": "暗渊入口"},
		]
},
"requirements": [
"graphite/60",
"silicon/40",
"镍/40"
"铝/40"
],
"liquidBoostIntensity": 1.5,
"consumes": {
"power": 1.5,
"liquid": {
"liquid": "water",
"amount": 0.0666666,
"booster": true,
"optional": true
}
},
"alwaysUnlocked": false,
"itemCapacity": 30,
"liquidCapacity": 30,
"size": 3,
"health": 885,
"tier": 6,
"range": 8,
"fogRadius": 3,
"haspower": true,
"drillTime": 60,
"hasShadow": true
}