{
	"type": "Drill",
	"size": 5,
	"tier": 9,
	"drillTime": 160,
	"itemCapacity": 60,
	"liquidCapacity": 60,
	"consumes": {
		"power": 4,
		"liquid": {
			"liquid": "water",
			"amount": 0.3,
			"booster": true,
			"optional": true
		}
	},
	"rotateSpeed": 6,
	"warmupSpeed": 0.06,
	"liquidBoostIntensity": 2,
	"drawRim": true,
	"drillEffect": "mine",
	"updateEffect": {
		"type": "MultiEffect",
		"effects": [
			{
				"type": "WaveEffect",
				"lifetime": 60,
				"sizeFrom": 0,
				"sizeTo": 40,
				"colorFrom": "FFD37F",
				"colorTo": "FFD37F00"
			}
		]
	},
	"requirements": [
		"铱板/125",
		"导能回路/85",
		"陶钢/55"
	],
	"category": "production",
	"research": "相位钻井"
}