{
	"type": "BurstDrill",
	"size": 5,
	"tier": 11,
	"drillTime": 41.66,
	"itemCapacity": 600,
	"liquidCapacity": 60,
	"consumes": {
		"power": 10,
		"liquid": "血水/0.5"
	},
	"drillSound": "激射",
	"placeableLiquid": true,
	"drillEffect": {
		"type": "ParticleEffect",
		"particles": 6,
		"lifetime": 90,
		"sizeFrom": 2,
		"sizeTo": 3,
		"length": 15,
		"baseLength": 30,
		"colorFrom": "D75B6E",
		"colorTo": "D75B6E00",
		"cone": 360
	},
	"requirements": [
		"铱板/450",
		"导能回路/225",
		"陶钢/125",
		"生物钢/75",
		"肃正协议/0"
	],
	"category": "production",
	"research": "热熔钻井"
}