{
	"type": "Drill",
	"health": 720,
	"size": 4,
	"tier": 7,
	"drillTime": 150,
	"itemCapacity": 48,
	"liquidCapacity": 30,
	"consumes": {
		"power": 5,
		"liquid": {
			"liquid": "water",
			"amount": 0.2,
			"booster": true,
			"optional": true
		}
	},
	"rotateSpeed": 3,
	"drawRim": true,
	"drillEffect": "mine",
	"updateEffect": "instBomb"
	"liquidBoostIntensity": 1.9,
	"requirements": [
		"thorium/125",
		"silicon/75",
		"surge-alloy/35",
		"phase-fabric/15"
	],
	"category": "production",
	"research": "blast-drill"
}