{
      "name":"大型探照灯",
      "description": "地下/夜晚作业用灯，照亮一片区域。",
      "size":2
      "health": 480,
      "haspower":true,
      "brightness":1.0 ,
      "radius": 256,
      "buildCostMultiplier":0.75
      "consumes":{
    		"power":0.2
	},
      "requirements": [
		{ "item": "金属", "amount":15 }
		{ "item": "精炼硅", "amount": 10}
		{ "item": "稀土", "amount": 5}
	],
   	"category": "effect",
    "research":"探照灯"
    "buildVisibility":lightingOnly
    }