{
      "name":"灯塔",
      "description": "一座灯塔，能照亮一大片区域。",
      "size":2
      "health": 1200,
      "haspower":true,
      "brightness":1.0 ,
      "radius": 440,
      "buildCostMultiplier":0.75
      "expanded":true
      "consumes":{
    		"power":0.5
	},
      "requirements": [
  { "item": "金属", "amount": 50}
		{ "item": "精炼硅", "amount":30}
		{ "item": "稀土", "amount": 20}
		{ "item": "晶体", "amount": 20}
	],
   	"category": "effect",
    "research":"大型探照灯"
    "buildVisibility":lightingOnly
    }