{
    "name":"紫钢工业",
    "description":"紫钢工业mod是由mindustry玩家魔怔人王子源制作的制作的第二个大型mod，也标志着作者开始从萌新走向成熟，如果说420计划mod只是作者的练手稿，那么紫钢工业mod就是作者认真在做的大型mod。\n这个mod的平衡纲领是:既有更多使用设备的平衡，也有蓝钢工业的超模。\n目标是:以蓝钢工业为目标，以年年有余为榜样，最终成为与蓝钢工业同一梯队的大型mod\n作者在两年前入坑时只是个愣头青，啥也不懂，但是到了现在，我已经不再是曾经那个萌新了，而是一个熟练的mod制作者，虽然说那些复杂的东西，对我而言依旧有难度，但是很多简单的东西，我已经会做了，虽然说仍然有很多地方搞不定，但至少也比那些萌新好的多，不过这些不会的东西以后也可以慢慢学，我才16岁，人生还早，不用急，时间多着呢，一切中的慢慢来，不急！不急！我不会这么快离开mdt圈的，我要常驻！不走了！\n我是模组初学者(模初)，也不是模组初学者(模初)，模组初学者(模初)这是我两年前的名字，现在，你应该叫我魔怔人王子源，模组初学者(模初)这个曾经的愣头青已经不在了，只有老萌新魔怔人王子源！\n不要再拿模组初学者(模初)这个名字称呼我了，别拿你的刻板印象看待我，真当我不成长？！真当我还在2022年是吧！那就回到2022年去找模组初学者(模初)去吧！我不是模组初学者(模初)，我是老萌新魔怔人王子源！！！！",
    "author":"代码:王子源\n贴图:引力矩阵、王子源、游戏人阿源(B站)\nqq交流群:835880389\n(特别鸣谢:洋葱:_(云舞-静秋))",
    "version":"0.3.2.1",
    "minGameVersion":137
}