{
	"speed":0.75,
	"hitSize":11.25,
	"name":"立案",
	"health":710,
	"description":"向目标发射带电能量弹。",
	"armor":4,
	"range":164,
	"type":"mech",

	"research":{
	"parent":"aiab机甲制造厂",
	/*"requirements":[
	"nickel/150",
	"graphite/150",
	"silicon/150"
	]*/	},

	/*"immunities":[
	
	],*/

	"weapons":[
		{"name":"fbaa立案1",
		"reload":55,
		"x":-5.5,"y":0,
		"mirror":true,
		"top":false,
		"alternate":true,
		"shootCone":45,
		"layerOffset":-0.001,
		"rotationLimit":35,
		"rotateSpeed":1,
		"rotate":true,

		"bullet":{
		"type":"basicBulletType",
		"damage":34,
		"speed":6,
		"lifetime":28,
		"status":"shocked",
		"shrinkY":0,"shrinkX":0,
		"width":8,"height":8,
		"frontColor": "8598BFFF",//中心颜色
		"backColor": "DEEDFFFF",//边缘颜色
		"pierceCap":1,
		"pierce":true,
		"pierceBuilding":true,
		"buildingDamageMultiplier": 2,

		"intervalRandomSpread":0,
		"intervalBullets":1,
		"bulletInterval":1,
		"intervalAngle":180,
		"intervalSpread":0,
		"fragVelocityMin":8,
		"fragVelocityMax":8,
		"despawnEffect":"none",
		"intervalBullet":{
		"damage":8,
		"type":"LightningBulletType",
		"lightningLength":2,
		"lightningLengthRand":2,
		"lightningColor":"8598BFFF",
		"lightColor":"FFFFFFFF",
		"status":"shocked",
		"statusDuration":30,
		"collidesAir":false,
		"hittable":false,
		"ammoMultiplier":1,
		"lifetime":5,
		"hitEffect":"hitLancer",
		"hitEffect":"none"
		},

		"trailColor":"8598BFFF",
		"trailParam":2,
		"trailWidth":2,"trailLength":8,
		"trailEffect":"none",

	"shootEffect":{
		"type":"multiEffect",
		"effects":[
		{"type":"WaveEffect",
		"lifetime":10,
		"sizeFrom":0,
		"sizeTo":15,
		"strokeFrom":1.5,
		"strokeTo":0,
		"colorFrom":"8598BFFF",
		"colorTo":"DEEDFFFF"},
		{
		"type":"ParticleEffect",
	"region":"冥痕json-方",
		"particles":3,
		"length":20,
		"lifetime":48,
		"interp":"circleOut",
		"sizeInterp":"pow5Out",
		"cone":0,
		"colorFrom":"8598BFFF",
		"colorTo":"DEEDFFFF",
		"sizeFrom":5.5,
		"sizeTo":0
		}	]	}
	"hitEffect":{
		"type":"multiEffect",
		"effects":[
		{"type":"WaveEffect",
		"lifetime":25,
		"sizeFrom":0,
		"sizeTo":20,
		"strokeFrom":3.5,
		"strokeTo":0,
		"colorFrom":"8598BFFF",
		"colorTo":"DEEDFFFF"},
		{
		"type":"ParticleEffect",
		"region":"冥痕json-方",
		"particles":9,
		"length":20,
		"lifetime":48,
		"interp":"circleOut",
		"sizeInterp":"pow5Out",
		"cone":360,
		"colorFrom":"8598BFFF",
		"colorTo":"DEEDFFFF",
		"sizeFrom":4.5,
		"sizeTo":0
		}	]	}
		}	}	]
}