{
	"speed":0.65,
	"hitSize":16,
	"name":"调查",
	"health":1830,
	"description":"发射激光攻击敌人，能够穿透四名目标，无视目标护甲，穿透后威力会大大缩减",
	"armor":5,
	"range":164,
	"type":"mech",
	"targetFlags":["battery","turret"],

	"research":{
	"parent":"fbaa立案",
	"objectives": [
		"ajaa初级重构厂",//研究xx
		]
	},

	/*"immunities":[
	
	],*/

	"weapons":[
	{"name":"fbab调查1",
		"reload":60,
		"x":-10,"y":0,
		"mirror":true,
		"top":false,
		"alternate":true,
		"layerOffset":-0.001,
		"rotationLimit":35,
		"rotateSpeed":1,
		"rotate":true,
		"shootSound":"laser",
		"shootY":8.5,
		"shootX":1,
		"shootCone":45,

		"bullet":{
		"type":"LaserBulletType",
		"length":166,
		"width":15,
		"damage":75,
		"hitSize":10,
		"shootEffect":"lancerLaserShoot",
		"smokeEffect":"none",
		"colors":["8598BFFF","B5FFECFF","DEEDFFFF"],
		"pierceCap":5,
		"pierceArmor": true,
		"pierceDamageFactor":0.3,
		"buildingDamageMultiplier": 1.2
		"sideAngle":120,
		"sideLength":0,
		"sideWidth":0

	"chargeEffect":{
		"type":"multiEffect",
		"effects":[
		"lancerLaserCharge",
		"lancerLaserChargeBegin",
		]	}

	"hitEffect":{
	"type":"multiEffect",
	"effects":[
	{"type":"WaveEffect",
	"lifetime":15,
	"sizeFrom":0,
	"sizeTo":30,
	"strokeFrom":7.5,
	"strokeTo":0,
	"colorFrom":"8598BFFF",
	"colorTo":"DEEDFFFF",
	},
	{"type":"ParticleEffect",
	"offset":30,
	"particles":10,
	"lifetime":20,
	"length":50,
	"interp":"circleOut",
	"sizeInterp":"pow5In",
	"cone":-360,
	"line":true,
	"strokeFrom":1.5,
	"strokeTo":1.5,
	"lenFrom":5,
	"lenTo":5,
	"lightColor":"DEEDFFFF",
	"colorFrom":"8598BFFF",
	"colorTo":"DEEDFFFF",
	},
	{"type":"ParticleEffect",
	"offset":30,
	"particles":10,
	"lifetime":25,
	"length":30,
	"interp":"circleOut",
	"sizeInterp":"pow5In",
	"cone":-360,
	"line":true,
	"strokeFrom":1.5,
	"strokeTo":1.5,
	"lenFrom":7,
	"lenTo":7,
	"lightColor":"DEEDFFFF",
	"colorFrom":"8598BFFF",
	"colorTo":"DEEDFFFF",
	}	]	}
	}	}	]
}