{
	"speed":0.65,
	"hitSize":25.5,
	"name":"传唤",
	"health":5100,
	"description":"发射带电穿透弹攻击敌人",
	"armor":6,
	"range":280,
	"type":"mech",
	

	"research":{
	"parent":"fbab调查",
	"objectives": [
		"ajab次级重构厂",//研究xx
		]
	/*"requirements":[
	"nickel/150",
	"graphite/150",
	"silicon/150"
	]*/	},

	/*"immunities":[
	
	],*/

	"weapons":[
	{"name":"fbac传唤1",
		"x":-12.5,"y":0,
		"mirror":true,
	"rotate":true,
	"inaccuracy":2,
	"rotateSpeed":2.5,
	"rotationLimit":30,
	"cooldownTime":30,
	"shootY":12,
	"shootX":0,
	"reload":120,
	"recoil":2.5,
	"shootSound":"shoot",
	"top":false,
	"layerOffset":-0.001,

	"shoot":{
		"type":"ShootAlternate",
		"barrels":1,
		"shots":3,
		"spread":9
		"shotDelay":12,
		},

		"shootSound":"mediumCannon",
		"shootCone":25,
		"bullet":{
		"buildingDamageMultiplier": 1.5
		"type":"basicBulletType",
		"sprite":"missile-large",
		"damage":110,
		"height":14,
		"width":7,
		"shrinkX":0,"shrinkY":0,
		"speed":8,
		"splashDamage":46,
		"splashDamageRadius":16,
		"lifetime":35,
		"hitSound":"shootSmite",
		"pierceCap":2,
		"pierce":true,
		"pierceBuilding":true,

		"intervalRandomSpread":0,
		"intervalBullets":1,
		"bulletInterval":1,
		"intervalAngle":180,
		"intervalSpread":0,
		"fragVelocityMin":8,
		"fragVelocityMax":8,
		"despawnEffect":"none",
		"intervalBullet":{
		"damage":28,
		"type":"LightningBulletType",
		"lightningLength":3,
		"lightningLengthRand":4,
		"lightningColor":"8598BFFF",
		"lightColor":"FFFFFFFF",
		"status":"shocked",
		"statusDuration":30,
		"collidesAir":true,
		"hittable":true,
		"ammoMultiplier":1,
		"lifetime":5,
		"hitEffect":"hitLancer",
		"hitEffect":"none"
		},

		"hitEffect":{
		"type":"multiEffect",
		"effects":[
		{"type":"ParticleEffect",
		"line":true,
		"particles":15,
		"lifetime":30,
		"interp":"circleOut",
		"offset":30,
		"length":50,
		"lightColor":"8598BFFF",
		"strokeFrom":4,
		"strokeTo":0,
		"lenFrom":10,
		"lenTo":10,
		"colorFrom":"8598BFFF",
		"colorTo":"8598BFFF"
		},
		{"type":"ParticleEffect",
		"particles":16,
		"length":55,
		"baseLength":10,
		"lifetime":100,
		"lightColor":"B5FFECFF",
		"interp":"circleOut",
		"cone":360,
		"colorFrom":"8598BFFF",
		"colorTo":"8598BFFF",
		"sizeFrom":6,
		"sizeTo":2
		},
		{"type":"WaveEffect",
		"lifetime":30,
		"sizeFrom":0,
		"sizeTo":40,
		"strokeFrom":3,
		"strokeTo":0,
		"colorFrom":"8598BFFF",
		"colorTo":"8598BFFF"
		}	]	},

		"despawnHit":true,
		"shootEffect":{
		"type":"multiEffect",
		"effects":[
		{"type":"ParticleEffect",
		"particles":15,
		"length":80,
		"lifetime":36,
		"lightColor":"8598BFFF",
		"cone":20,
		"colorFrom":"8598BFFF",
		"colorTo":"8598BFFF",
		"sizeFrom":3,
		"sizeTo":0
		},
		{"type":"ParticleEffect",
		"particles":1,
		"lifetime":10,
		"length":0,
		"region":"冥痕json-方",
		"sizeFrom":24,
		"sizeTo":0,
		"colorFrom":"8598BFFF",
		"colorTo":"8598BFFF"
		}	]	},

		"trailParam":5,
		"trailLength":19,
		"trailWidth":2.6,
		"trailColor":"8598BFFF",
		"frontColor":"8598BFFF",
		"backColor":"8598BFFF",
		} },
	]
}