{
	"speed":0.7,
	"hitSize":11.25,
	"name":"修缮",
	"health":890,
	"description":"向目标发射治疗能量弹",
	"armor":1,
	"range":140,
	"type":"mech",

	"research":{
	"parent":"aiab机甲制造厂",
	/*"requirements":[
	"nickel/150",
	"graphite/150",
	"silicon/150"
	]*/	},

	/*"immunities":[
	
	],*/

	"weapons":[
	{	"rotationLimit":30,
	"name":"fbba修缮1"
			"x": -5.5,
				"layerOffset":-0.001,
			"y": 0,
			"rotate": true,
			"rotateSpeed": 6,
			"reload": 60,
			"shootSound": "lasershoot",
			"shootCone":35,
			"inaccuracy": 2,
			"alternate": false,
			"bullet": {
				"type": "LaserBoltBulletType",
				"damage": 25,
				"lifetime": 17.5,
				"speed": 8,
				"healPercent": 3,
				"collidesTeam": true,
				"frontColor": "FFFFFF",
				"backColor": "98FFA9"
			}
		}	]
}