{
	"speed":0.65,
	"hitSize":16,
	"name":"整备",
	"health":1820,
	"description":"快速发射修复子弹攻击目标，能够治疗友军",
	"armor":3,
	"range":144,
	"type":"mech",

	"research":{
	"parent":"fbba修缮",
	"objectives": [
		"ajaa初级重构厂",//研究xx
		]
	},

	/*"immunities":[
	
	],*/

	"weapons":[
	{"name":"fbbb整备1"
		"rotationLimit":30,
			"layerOffset":-0.001,
			"x": -10,
			"y": 0,
			"rotate": true,
			"rotateSpeed": 3,
			"reload": 75,
			"shootSound": "lasershoot",
			"inaccuracy": 1,
			"alternate": false,
				"shoot": {
				"type": "ShootAlternate",
				"shots": 3,
				"spread": 2,
				"shotDelay": 2
			},
			"bullet": {
				"damage": 30,
				"lifetime": 18,
				"speed": 8,
				"healPercent": 3.5,
				"collidesTeam": true,
				"frontColor": "FFFFFF",
				"backColor": "98FFA9"
			}
		}	]
			"abilities": [
		{
			"type": "StatusFieldAbility",
			"duration": 60,
			"reload": 180,
			"range": 48,
			"applyEffect": "none",
			"activeEffect": {
				"type": "WaveEffect",
				"lifetime": 20,
				"sizeFrom": 48,
				"sizeTo": 30,
				"strokeFrom": 1.3,
				"strokeTo": 0,
				"colorFrom": "73FFAEFF",
				"colorTo": "73FFAE00"
			},
			"effect": "治疗"
		}
	],
}