{
	"speed":0.62,
	"hitSize":25.5,
	"name":"缓解",
	"health":4560,
	"description":"发射修复光束攻击目标，配备弧形护盾",
	"armor":4,
	"range":160,
	"type":"mech",
		"abilities": [
		{
			"type": "ShieldArcAbility",
			"whenShooting": true,
			"radius": 35,
			"width": 9,
			"max": 1200,
			"regen": 1.2,
			"cooldown": 600,
			"angle": 75,
			"angleOffset": 0
		},
	],
	"research":{
	"parent":"fbbb整备",
	"objectives": [
		"ajab次级重构厂",//研究xx
		]
	/*"requirements":[
	"nickel/150",
	"graphite/150",
	"silicon/150"
	]*/	},

	/*"immunities":[
	
	],*/

	"weapons":[
			{
				"layerOffset":-0.001,
				"rotationLimit":30,	"rotate": true,
			"rotateSpeed": 3,
			"name": "fbbc缓解1",
			"reload": 300,
			"x": -12.5,
			"shootY": 7.5,
			"top": false,
			"recoil": 0,
			"cooldownTime": 60,
			"inaccuracy": 0,
			"mirror": false,
			"shootSound": "torch",
			"alwaysContinuous": true,
			"shootWarmupSpeed": 0.125,
			"minWarmup": 0.98,
			"bullet": {
			"healPercent": 1,
				"collidesTeam": true,
				"type": "ContinuousFlameBulletType",
				"recoil": 0.03,
				"knockback": 5,
				"damage": 9,
				"incendChance": 0,
				"laserAbsorb": true,
				"smokeEffect": {
					"type": "ParticleEffect",
					"particles": 9,
					"sizeFrom": 5,
					"sizeTo": 0,
					"baseLength": 4,
					"length": 50,
					"interp": "pow10Out",
					"sizeInterp": "pow5In",
					"lifetime": 20,
					"colorFrom": "a0b46e",
					"colorTo": "7CF38990",
					"cone": 12
				},
				"shootEffect": {
					"type":"WaveEffect",
					"sizeFrom": 0,
					"sizeTo": 50,
					"interp": "circleOut",
					"strokeFrom": 8,
					"strokeTo": 0,
					"colorFrom": "7CF389",
					"colorTo": "a0b46e"
				},
				"lightColor": "a0b46e88",
				"flareColor": "a0b46e",
				"hitColor": "a0b46e",
				"colors": [
					"7CF38990",
					"97FFA880",
					"a0b46e",
					"FFFFFF"
				],
				"length": 160,
				"width": 2
			}
		}
				{
				"layerOffset":-0.001,
				"rotationLimit":30,	"rotate": true,
			"rotateSpeed": 3,
			"name": "fbbc缓解2",
			"reload": 300,
			"x": 12.5,
			"shootY": 7.5,
			"top": false,
			"recoil": 0,
			"cooldownTime": 60,
			"inaccuracy": 0,
			"mirror": false,
			"shootSound": "torch",
			"alwaysContinuous": true,
			"shootWarmupSpeed": 0.125,
			"minWarmup": 0.98,
			"bullet": {
			"healPercent": 1,
				"collidesTeam": true,
				"type": "ContinuousFlameBulletType",
				"recoil": 0.03,
				"knockback": 5,
				"damage": 9,
				"incendChance": 0,
				"laserAbsorb": true,
				"smokeEffect": {
					"type": "ParticleEffect",
					"particles": 9,
					"sizeFrom": 5,
					"sizeTo": 0,
					"baseLength": 4,
					"length": 50,
					"interp": "pow10Out",
					"sizeInterp": "pow5In",
					"lifetime": 20,
					"colorFrom": "a0b46e",
					"colorTo": "7CF38990",
					"cone": 12
				},
				"shootEffect": {
					"type":"WaveEffect",
					"sizeFrom": 0,
					"sizeTo": 50,
					"interp": "circleOut",
					"strokeFrom": 8,
					"strokeTo": 0,
					"colorFrom": "7CF389",
					"colorTo": "a0b46e"
				},
				"lightColor": "a0b46e88",
				"flareColor": "a0b46e",
				"hitColor": "a0b46e",
				"colors": [
					"7CF38990",
					"97FFA880",
					"a0b46e",
					"FFFFFF"
				],
				"length": 160,
				"width": 2
			}
		}
	]
}