{
	"speed":0.59,
	"hitSize":36,
	"name":"疗愈",
	"health":11400,
	"description":"发射小型榴弹远程攻击敌人，配备护盾修复场和治疗场",
	"armor":6,
	"range":320,
	"type":"mech",

	"abilities": [
		{
			"type": "StatusFieldAbility",
			"duration": 240,
			"reload": 360,
			"range": 120,
			"applyEffect": "none",
			"activeEffect": {
				"type": "WaveEffect",
				"lifetime": 20,
				"sizeFrom": 120,
				"sizeTo": 30,
				"strokeFrom": 1.3,
				"strokeTo": 0,
				"colorFrom": "73FFAE40",
				"colorTo": "73FFAE00"
			},
			"effect": "治疗"
		}
			{
			"type": "ShieldRegenFieldAbility",
			"amount": 360,
			"max": 3600,
			"reload": 90,
			"range": 120,
			"applyEffect": {
				"type": "MultiEffect",
				"effects": [
					{
						"type": "ParticleEffect",
						"particles": 1,
						"sizeFrom": 80,
						"sizeTo": 80,
						"length": 0,
						"baseLength": 0,
						"lifetime": 10,
						"colorFrom": "76D08140",
						"colorTo": "76D08100"
					},
					{
						"type": "WaveEffect",
						"lifetime": 22,
						"sizeFrom": 80,
						"sizeTo": 0,
						"strokeFrom": 3,
						"strokeTo": 0,
						"colorFrom": "76D08140",
						"colorTo": "76D08100"
					}
				]
			},
			"activeEffect": {
				"type": "WaveEffect",
				"interp":"circleOut",
				"lifetime": 35,
				"sizeFrom": 16,
				"sizeTo":120,
				"strokeFrom": 15,
				"strokeTo": 0,
				"colorFrom": "76D08140",
				"colorTo": "76D08100"
			}
		}
	],
	"research":{
	"parent":"fbbc缓解",
	
	"objectives": [
		"ajab次级重构厂",//研究xx
		]
	/*"requirements":[
	"nickel/150",
	"graphite/150",
	"silicon/150"
	]*/	},

	/*"immunities":[
	
	],*/

	"weapons":[
{
	"layerOffset":-0.001,
			"name": "fbbd疗愈1",
			"reload": 160,
			"shootStatus": "unmoving",
			"shootStatusDuration": 165,
			"recoil": 0,
			"recoilTime": 70,
			"cooldownTime":160,
			"x": -16.25,
			"y": 0,
			"shootY": 14,
			"rotate": true,
			"rotateSpeed": 0.8,
			"shootCone":8,
			"mirror": true,
			"inaccuracy": 3,
			"shootSound": "mediumCannon",
			"alternate": false,
			"shootWarmupSpeed":0.013,
			"minWarmup":0.9,
			"shake":4,
			"ejectEffect":{
				"type": "MultiEffect",
				"effects": [
					{
						"type": "WaveEffect",
						"lifetime": 16,
						"sizeFrom": 0,
						"sizeTo": 60,
						"strokeFrom": 20,
						"strokeTo": 8,
						"layer": 60,
						"interp": "circleOut",
						"colorFrom": "FFFFFF",
						"colorTo": "FFFFFF10"
					},
					{
						"type": "ParticleEffect",
						"particles": 9,
						"sizeFrom": 9,
						"sizeTo": 0,
						"lifetime": 120,
						"interp": "pow10Out",
						"sizeInterp": "pow3In",
						"baseLength": 0,
						"length": 60,
						"layer": 60,
						"colorFrom": "FEEBB3A8",
						"colorTo": "E3E3E380"
					},
					{
						"type": "ParticleEffect",
						"particles": 16,
						"sizeFrom": 5,
						"sizeTo": 0,
						"lifetime": 120,
						"interp": "pow10Out",
						"sizeInterp": "pow3In",
						"baseLength": 0,
						"length": 60,
						"layer": 60,
						"colorFrom": "FEEBB3A8",
						"colorTo": "E3E3E380"
					},
					{
						"type": "ParticleEffect",
						"particles": 1,
						"line": true,
						"casingFlip":true,
						"interp":"pow10Out",
						"sizeInterp":"pow5In",
						"strokeFrom": 6,
						"strokeTo": 0,
						"lenFrom": 15,
						"lenTo": 0,
						"length": -48,
						"layer":49,
						"randLength": false,
						"baseLength": -10,
						"lifetime": 80,
						"colorFrom": "FFE176",
						"colorTo": "737373",
						"cone": 20
					}
				]
			},
			"velocityRnd":0.06,
			"bullet": {
				"type": "ArtilleryBulletType",
				"splashDamageRadius": 65,
				"splashDamage": 400,
				"scaledSplashDamage": false,
				"speed": 8,
				"lifetime": 40,
				"hitShake": 8,
				"width": 12,
				"height": 18,
				"frontColor": "FFFFFF",
				"backColor": "FEEBB3",
				"trailLength": 32,
				"trailWidth": 3,
				"trailColor": "FEEBB3",
				"trailInterval":3,
				"trailEffect": {
					"type": "ParticleEffect",
					"particles": 1,
					"sizeFrom": 4.3,
					"sizeTo": 10,
					"lifetime": 25,
					"sizeInterp": "pow3In",
					"baseLength": 0,
					"length": 0,
					"colorFrom": "FEEBB3",
					"colorTo": "FEEBB300"
				},
				"shootEffect": "shootBig2",
				"smokeEffect":{
					"type": "ParticleEffect",
					"particles": 12,
					"sizeFrom": 4,
					"sizeTo": 0,
					"lifetime": 68,
					"interp": "pow5Out",
					"sizeInterp": "pow5In",
					"baseLength": 0,
					"length": 36,
					"cone":16,
					"colorFrom": "FEEBB3A8",
					"colorTo": "FEEBB380"
				},
				"hitSound": "explosionbig",
				"hitSoundPitch": 0.5,
				"hitSoundVolume": 3,
				"hitColor":"FEEBB388",
				"hitEffect": {
					"type":"MultiEffect",
					"effects":[
						{
							"type": "WaveEffect",
							"lifetime": 8,
							"sizeFrom": 0,
							"sizeTo": 80,
							"strokeFrom": 20,
							"strokeTo": 8,
							"interp": "circleOut",
							"colorFrom": "FEEBB388",
							"colorTo": "FEEBB310"
						},
						"titanExplosion",
						"titanSmoke"
					]
				}
			}
		}
	]
}