{
	"speed":0.55,
	"rotateSpeed":0.55,
	"hitSize":68,
	"name":"救赎",
	"health":27360,
	"description":"向目标发射激光子弹，配备多重护盾场，配备高效治疗场及增益效果场",
	"armor":14,
	"range":360,
	"type":"mech",	
	
		"abilities": [
		
			{
			"type": "ForceFieldAbility",
			"radius": 160,
			"regen": 5,
			"sides": 4,
			"rotation": 0,
			"max": 2000,
			"cooldown": 1440
		},
		{
			"type": "ForceFieldAbility",
			"radius": 160,
			"regen": 5,
			"sides": 4,
			"rotation": 45,
			"max": 2000,
			"cooldown": 1440
		},
		{
			"type": "StatusFieldAbility",
			"duration": 180,
			"reload": 240,
			"range": 160,
			"applyEffect": "none",
			"effect": "高效治疗"
		}
			{
			"type": "StatusFieldAbility",
			"duration": 60,
			"reload": 180,
			"range": 160,
			"applyEffect": "none",
			"effect": "固守"
		}
			{
			"type": "ShieldRegenFieldAbility",
			"amount": 480,
			"max": 5400,
			"reload": 90,
			"range": 160,
			"applyEffect": {
				"type": "MultiEffect",
				"effects": [
					{
						"type": "ParticleEffect",
						"particles": 1,
						"sizeFrom": 80,
						"sizeTo": 80,
						"length": 0,
						"baseLength": 0,
						"lifetime": 10,
						"colorFrom": "76D08140",
						"colorTo": "76D08100"
					},
					{
						"type": "WaveEffect",
						"lifetime": 22,
						"sizeFrom": 80,
						"sizeTo": 0,
						"strokeFrom": 3,
						"strokeTo": 0,
						"colorFrom": "76D08140",
						"colorTo": "76D08100"
					}
				]
			},
		}
	],
	"research":{
	"parent": "fbbd疗愈",

	"objectives": [
		"fbbd疗愈",//研究xx
		"ajba机甲组装厂",	
		]	},
	"immunities":[
	"unmoving"
	],


	"weapons":[

	{
		"layerOffset":-0.001,
			"name": "fbbe救赎1",
			"reload": 90,
			"shootY": 19.2,
			"x": -30,
			"y": 9,
			"rotate": true,
			"rotateSpeed": 1.2,
			"mirror": true,
			"recoil": 1,
			"inaccuracy": 0,
			"shootSound": "laser",
			"shake": 3,
			"alternate": false,
				"rotationLimit":30,
						"shoot": {
				"type": "ShootAlternate",
				"shots": 4,
				"spread": 4,
				"shotDelay": 0
			},
			"bullet": {
				"type": "PointBulletType",
				"trailEffect": {
					"type": "ParticleEffect",
					"particles": 1,
					"length": 0,
					"baseLength": 1,
					"lifetime": 10,
					"line": true,
					"randLength": false,
					"lenFrom": 10,
					"lenTo": 10,
					"strokeFrom": 4,
					"strokeTo": 0,
					"colorFrom": "FEEBB3",
					"colorTo": "FEEBB3",
					"cone": 0
				},
				"trailSpacing": 9,
				"damage": 120,
				"splashDamage": 160,
				"splashDamageRadius": 16,
				"buildingDamageMultiplier": 2,
				"speed": 20,
				"lifetime": 18,
				"hitSound": "lasercharge2",
				"smokeEffect": "bigShockwave",
				"shootEffect": {
					"type": "ParticleEffect",
					"particles": 1,
					"sizeFrom": 5,
					"sizeTo": 0,
					"length": 0,
					"baseLength": 0,
					"lifetime": 11,
					"colorFrom": "FEEBB3",
					"colorTo": "FEEBB3"
				},
				"hitEffect": {
					"type": "ParticleEffect",
					"particles": 1,
					"sizeFrom": 10,
					"sizeTo": 0,
					"length": 0,
					"baseLength": 0,
					"lifetime": 15,
					"colorFrom": "FEEBB3",
					"colorTo": "FEEBB3"
				},
				"despawnEffect": "bigShockwave",
				"fragLifeMin": 1,
				"fragVelocityMax": 0,
				"fragBullets": 1,
				"fragBullet": {
					"lifetime": 15,
					"height": 0,
					"width": 0,
					"collides": false,
					"hittable": false,
					"absorbable": false,
					"buildingDamageMultiplier": 2,
					"splashDamageRadius": 64,
					"splashDamage": 64,
					"hitShake": 1,
					"hitSound": "plasmaboom",
					"hitEffect": {
						"type": "MultiEffect",
						"effects": [
							{
								"type": "ParticleEffect",
								"particles": 4,
								"sizeFrom": 15,
								"sizeTo": 0,
								"length": 20,
								"baseLength": 48,
								"lifetime": 25,
								"colorFrom": "FEEBB380",
								"colorTo": "FEEBB300"
							},
							{
								"type": "ParticleEffect",
								"particles": 22,
								"line": true,
								"strokeFrom": 3,
								"strokeTo": 0,
								"lenFrom": 20,
								"lenTo": 0,
								"length": 63,
								"baseLength": 0,
								"lifetime": 20,
								"colorFrom": "FEEBB3",
								"colorTo": "FEEBB3"
							},
							{
								"type": "WaveEffect",
								"lifetime": 25,
								"sizeFrom": 0,
								"sizeTo": 66,
								"strokeFrom": 3,
								"strokeTo": 0,
								"colorFrom": "FEEBB3",
								"colorTo": "FEEBB3"
							}
						]
					},
					"despawnEffect": "none",
					"fragBullets": 4,
					"fragBullet": {
						"type": "PointBulletType",
						"trailSpacing": 9,
						"trailEffect": {
							"type": "ParticleEffect",
							"particles": 1,
							"length": 0,
							"baseLength": 1,
							"lifetime": 6,
							"line": true,
							"randLength": false,
							"lenFrom": 10,
							"lenTo": 10,
							"strokeFrom": 2,
							"strokeTo": 0,
							"colorFrom": "FEEBB3",
							"colorTo": "FEEBB3",
							"cone": 0
						},
						"lifetime": 8,
						"speed": 15,
						"status": "破防",
						"statusDuration": 60,
						"buildingDamageMultiplier": 3,
						"splashDamageRadius": 10,
						"splashDamage": 25,
						"hitShake": 1,
						"hitSound": "laser",
						"hitEffect": {
							"type": "ParticleEffect",
							"particles": 1,
							"sizeFrom": 5,
							"sizeTo": 0,
							"length": 0,
							"baseLength": 0,
							"lifetime": 11,
							"colorFrom": "FEEBB3",
							"colorTo": "FEEBB3"
						},
						"despawnEffect": "none"
					}
				}
			}
		}	]
}