{
	"type": "RegenProjector",
	"name": "区块建筑监测站",
	"health": 1800,
	"size": 4,
	"range": 1500,
	"healPercent": 0.025,
	"canOverdrive": false,
	"optionalUseTime": 3600,
	"optionalMultiplier": 6,
	"effectChance": 0.5,
	"effect": {
		"type": "ParticleEffect",
		"particles": 1,
		"baseLength": 30,
		"length": -30,
		"lifetime": 30,
		"spin": 6,
		"interp": "pow3Out",
		"sizeInterp": "pow3In",
		"region": "饱和火力-三角形",
		"sizeFrom":1.5,
		"sizeTo": 0,
		"colorFrom": "97FFA8",
		"colorTo": "97FFA8"
	},
	"drawer": {
		"type": "DrawMulti",
		"drawers": [
			"DrawDefault",
			{
				"type": "DrawPulseShape",
				"layer": 110,
				"stroke": 3,
				"timeScl": 120,
				"color": "97FFA8"
			},
			{
				"type": "DrawShape",
				"layer": 110,
				"radius": 5,
				"useWarmupRadius": true,
				"timeScl": 1.22,
				"color": "97FFA8"
			}
		]
	},
	"consumes": {
		"power": 20,
		"items": {
			"items": [
				"纳米核/10"
			],
			"booster": true,
			"optional": true
		}
	},
	"destroyBullet": {
		"type": "BasicBulletType",
		"width": 30,
		"height": 30,
		"hitShake": 6,
		"damage": 80,
		"sprite": "circle-bullet",
		"shrinkY": 0,
		"speed": 0,
		"lifetime": 90,
		"collides": false,
		"despawnEffect": {
			"type": "WaveEffect",
			"lifetime": 23,
			"sizeFrom": 4,
			"sizeTo": 160,
			"strokeFrom": 6,
			"strokeTo": 0,
			"colorFrom": "97FFA8",
			"colorTo": "97FFA8"
		},
		"hitEffect": "none",
		"frontColor": "FFFFFF",
		"backColor": "97FFA8",
		"shootEffect": "none",
		"smokeEffect": "none",
		"fragLifeMin": 1,
		"fragBullets": 50,
		"fragBullet": {
			"type": "BasicBulletType",
			"height": 15,
			"width": 8,
			"damage": -20,
			"shrinkY": 0,
			"absorbable": false,
			"homingPower": 0.08,
			"homingRange": 300,
			"speed": 5,
			"lifetime": 300,
			"collidesTeam": true,
			"status": "electrified",
			"statusDuration": 600,
			"frontColor": "97FFA8",
			"backColor": "97FFA8",
			"trailLength": 6,
			"trailWidth": 2,
			"trailColor": "97FFA8",
			"shootEffect": "none",
			"smokeEffect": "none",
			"hitSound": "none",
			"despawnEffect": {
				"type": "WaveEffect",
				"lifetime": 13,
				"sizeFrom": 2,
				"sizeTo": 15,
				"strokeFrom": 6,
				"strokeTo": 0,
				"colorFrom": "97FFA8",
				"colorTo": "97FFA8"
			},
			"hitEffect": {
				"type": "WaveEffect",
				"lifetime": 13,
				"sizeFrom": 2,
				"sizeTo": 15,
				"strokeFrom": 6,
				"strokeTo": 0,
				"colorFrom": "97FFA8",
				"colorTo": "97FFA8"
			}
		}
	},
	"requirements": [
		"silicon/300",
		"硅钢/400",
		"plastanium/230",
		"surge-alloy/120",
		"纳米核/500",
		"一级协议/5"
	],
	"category": "effect",
	"research": "纳米修"
}