{
	//"type": "ForceProjector",
	//"name": "铁穹",
	"health": 13500,
	"size": 5,
	"radius": 360,
	"squareSprite": false,
	"canOverdrive": false,
	"shieldHealth": 28800,
	"phaseRadiusBoost": 0,
	"phaseShieldBoost": 11200,
	"cooldownNormal": 8,
	"cooldownLiquid": 2.5,
	"cooldownBrokenBase": 6,
	"coolantConsumption": 0.5,
	"liquidCapacity": 60,
	"itemCapacity": 20,
	"absorbEffect": {
		"type": "ParticleEffect",
		"particles": 1,
		"sizeFrom": 5,
		"sizeTo": 0,
		"length": 0,
		"baseLength": 0,
		"lifetime": 180,
		"sizeInterp": "pow3In",
		"colorFrom": "FEEBB3",
		"colorTo": "FEEBB300"
	},
	"consumes": {
		"power": 25
	},
	"requirements": [
		"lead/1200",
		"plastanium/460",
		"镄/650",
		"硅钢/650",
		"泰勒合金/700",
		"二级协议/3"
	],
	"research": "铁幕",
	"category": "effect"
}