{
//  "alwaysUnlocked":true
  "name": "高热熔融物",
 	"description":"通常是作为核反应堆熔毁或高能反应器爆炸后产生的混合着高能的残骸。"
      "color":"ff804c"
      //"barcolor":"ff692b"
      "capPuddles":false 
      "details":"不要碰它！"
      "heatCapacity": 1500
      "incinerable":false //不可侵犯

   "temperature":2900,
   "boilPoint":3000 //沸点
     "viscosity":0.99,//粘度0.01比
     "flammability":0.3,//易燃性1比1
     "explosiveness":0.1,//爆炸性1比1
    "research": "天然铀"
  }
  
  
  
  