{
    "type": "ConsumeGenerator",
    "health": 1500,
    "name": "钍制反应堆",
    "description": "用钍就能发大量电",
    "itemCapacity": 100,
    "size": 3,
    "hasItems": true,
    "hasLiquids": false,
    "powerProduction":150,
    "consumes": {
        "items": {
            "items": [
                {
                    "item": "thorium",
                    "amount": 6
                }
            ]
        }
    },
    "requirements": [
        {
            "item": "thorium",
            "amount": 300
        }
    ],
    "itemDuration": 300
    "category": "power",
    "research": "钛制反应堆",
    "warmupSpeed": 1
}