{
    "type": "ConsumeGenerator",
    "health": 350,
    "name": "钍制发电机",
    "description": "用钍就能发电",
    "itemCapacity": 10,
    "size": 1,
    "hasItems": true,
    "powerProduction":15,
    "consumes": {
        "items": {
            "items": [
                {
                    "item": "thorium",
                    "amount": 1
                }
            ]
        }
    },
    "requirements": [
        {
            "item": "thorium",
            "amount": 30
        }
    ],
    "itemDuration": 120
    "category": "power",
    "research": "钛制发电机"
}