{
    "type": "ConsumeGenerator",
    "health": 325,
    "name": "铅制反应堆",
    "description": "用铅就能发大量电",
    "itemCapacity": 100,
    "size": 3,
    "hasItems": true,
    "hasLiquids": false,
    "powerProduction":10,
    "consumes": {
        "items": {
            "items": [
                {
                    "item": "lead",
                    "amount": 6
                }
            ]
        }
    },
    "requirements": [
        {
            "item": "lead",
            "amount": 300
        }
    ],
    "itemDuration": 300
    "category": "power",
    "research": "铜制反应堆",
    "warmupSpeed": 1
}