{
    "type": "ConsumeGenerator",
    "health": 200,
    "name": "铜制反应堆",
    "description": "用铜就能发大量电",
    "itemCapacity": 100,
    "size": 3,
    "hasItems": true,
    "hasLiquids": false,
    "powerProduction":5,
    "consumes": {
        "items": {
            "items": [
                {
                    "item": "copper",
                    "amount": 6
                }
            ]
        }
    },
    "requirements": [
        {
            "item": "copper",
            "amount": 300
        }
    ],
    "itemDuration": 300
    "category": "power",
    "research": "铜制发电机",
    "warmupSpeed": 1
}