{
    // === 单位基础属性 ===
    "type": "flying",
    "name": "菌素",
    "outlineColor": "495038FF",
    "ammoCapacity": 30,
    "ammoResupplyAmount": 15,
    "speed": 1.8,
    "rotateSpeed": 2,
    "drag":0.05,
    "flying": true,               // 是飞行单位
    "lowAltitude": false,          // 低空飞行
    "turnCursor": false,
    "engineOffset": 0,
    "engineSize": 0,
    "hitSize": 20,
    "targetAir": true,
    "targetGround": true,
    "health": 1100,
    "armor": 2,
    "itemCapacity": 0,
    "commandLimit": 0,
    "rotateShooting": true,
    "hitBuildings": true,
    "hitUnits": true,
    "destructibleWreck":false,
    "accel":0.08,        //加速度
    "drag": 0.025,          // 移动阻力
    "weapons": [
        // 主武器
        {
        "name":"菌炮"
            "rotate": true,  // 旋转
            "rotationLimit":135,
            "mirror": true,  // 镜像
            "top": false,  // 位于单位顶部
            "x":12,  // X轴位置
            "y": -1,  // Y轴位置
            "shootY": 7,  // 射击Y偏移
            "reload": 45,  // 装弹时间
            "recoil": 1.6,  // 后坐力
            "inaccuracy": 0,  // 射击散布
            "shootSound": "mineDeploy",     // 射击音效
      "layerOffset": -1, // 渲染层偏移
            "shoot": {
		"type": "ShootSpread",
                "shots": 5,        // 每次射击发射的子弹数量
                "shotDelay": 0     // 子弹之间的发射延迟（帧）
            },
            "shake": 0.7,          // 射击时屏幕震动强度
           "bullet": {
      "type": "BasicBulletType",       // 子弹类型
      "sprite":"missile-large",//子弹贴图
      "damage": 28,                      // 基础伤害值
      "lifetime": 58,                   // 存在时间：32帧
      "width": 7,  // 子弹宽度
      "height": 7,  // 子弹高度
      "knockback": 0.51,                   // 击退强度：1单位
      "speed": 3,                       // 飞行速度：2单位/帧
      "statusDuration": 30  // 持续时间60/1
      "homingDelay":15,//（追踪延迟，60为一秒）
      "homingRange":24,//（追踪距离，8为1格）
      "homingPower":1.5,//（追踪强度）
        "shootEffect": "none", // 射击效果
        "smokeEffect": "none", // 烟雾效果
        "despawnEffect": "hitFuse", // 消失效果
        "hitEffect": "hitFuse" // 命中效果
            "status": "corroded",  // 施加腐蚀状态
            "statusDuration": 120  // 状态持续时间
                "trailLength": 8,            // 拖尾长度
                "trailWidth": 1.8,             // 拖尾宽度
                "trailColor": "D4816BFF",      // 拖尾颜色
            "frontColor": "FFFFFFFF",    // 弹头颜色（白色）
            "backColor": "D4816BFF",    // 弹尾颜色（紫色）
            "hitColor": "D4816BFF",     // 命中特效颜色
            }
       },
       {
      "alwaysShooting": true, // 持续射击
      "controllable": false, // 是否玩家控制
      "rotate": false, // 旋转
      "reload": 8, // 装弹时间
      "x": 0, // 武器位置X
      "y": 0, // 武器位置Y
      "mirror": false, // 镜像
      "shootSound": "none", // 音效
      "ejectEffect": "none", // 掏壳效果
      "noAttack": true, // 非攻击性武器
      "display": false, // 显示武器本体
      "layerOffset": 1, // 渲染层偏移
      "recoil": 0, // 后坐力
          "outlineColor": "ffffff00",
      "bullet": {
        "damage": 0, // 伤害
        "speed": 0, // 速度
        "instantDisappear": true, // 立即消失
        "shootEffect": "none", // 射击效果
        "smokeEffect": "none", // 烟雾效果
        "despawnEffect": "none", // 消失效果
        "hitEffect": "none" // 命中效果
      },
        "parts": [  // 单位部件（用于装饰或动画效果）
         {
          "type": "RegionPart", // 区域部件
          "suffix": "菌素-1-top", // 纹理后缀
          "progress": "reload", // 随装弹进度动画
          "x":12
          "y":-1
          "moveRot": 0, // 移动旋转
          "rotation": 0, // 初始旋转
          "mirror": true, // 镜像
          "color": "ffffff00", // 颜色
          "colorTo": "ffffffff" // 目标颜色
          "layerOffset": 1.5, // 渲染层偏移
        }
        {
          "type": "RegionPart", // 区域部件
          "suffix": "菌素-1", // 纹理后缀
          "progress": "reload", // 随装弹进度动画
          "x":12
          "y":-1
          "moveRot": 100, // 移动旋转
          "rotation": 0, // 初始旋转
          "mirror": false, // 无镜像
          "color": "FFFFFF4B", // 颜色
          "colorTo": "FFFFFF4B" // 目标颜色
        }
        {
          "type": "RegionPart", // 区域部件
          "suffix": "菌素-2", // 纹理后缀
          "progress": "reload", // 随装弹进度动画
          "x":-12
          "y":-1
          "moveRot": -100, // 移动旋转
          "rotation": 100, // 初始旋转
          "mirror": false, // 无镜像
          "color": "FFFFFF4B", // 颜色
          "colorTo": "FFFFFF4B" // 目标颜色
        },
    ]
    }
    ]
}