{
	"name": "气压钻机",
	"type": "Drill",
	"size": 4,
	"health": 640,
	"tier": 3,
	"drillTime": 200,
	"liquidBoostIntensity": 2,
	"canOverdrive": true,
	"warmupSpeed": 0.02,
	"drillEffect": "mineBig",
	"updateEffect": "mineBig",
	"rotateSpeed": 2,
	"drawMineItem": true,
	"consumes": {
		"liquid": {
			"liquid": "water",
			"amount": 0.3,
			"booster": true,
			"optional": true
		}
	},
	"itemCapacity": 20,
	"liquidCapacity": 20,
	"requirements": [
		"copper/45",
		"lead/35",
		"graphite/45"
	],
	"category": "production",
	"research": "pneumatic-drill"
}