{
	"name": "爆破钻井",
	"type": "BurstDrill",
	"health": 2250,
	"size": 5,
	"tier": 5,
	"arrowOffset": 0,
	"arrowSpacing": 0.5,
	"arrows": 12,
	"itemCapacity": 50,
	"liquidCapacity": 20,
	"drawRim": true,
	"hasItems": true,
	"liquidBoostIntensity": 1,
	"drillTime": 40,
	"drillEffect": {
		"type": "MultiEffect",
		"effects": [
			{
				"type": "ParticleEffect",
				"particles": 5,
				"sizeFrom": 19,
				"sizeTo": 0,
				"interp": "fastSlow",
				"length": 35,
				"baseLength": 8,
				"lifetime": 55,
				"colorFrom": "737373",
				"colorTo": "737373"
			},
			{
				"type": "ParticleEffect",
				"particles": 20,
				"line": true,
				"length": 43,
				"baseLength": 3,
				"lifetime": 20,
				"colorFrom": "FFFFFF",
				"colorTo": "FFE176"
			},
			{
				"type": "ParticleEffect",
				"particles": 1,
				"sizeFrom": 0,
				"sizeTo": 38,
				"length": 0,
				"baseLength": 0,
				"lifetime": 14,
				"colorFrom": "FFFFFF80",
				"colorTo": "FFFFFF00"
			},
			{
				"type": "WaveEffect",
				"lifetime": 14,
				"sizeFrom": 0,
				"sizeTo": 38,
				"strokeFrom": 2,
				"strokeTo": 0,
				"colorFrom": "FFFFFF",
				"colorTo": "FFFFFF00"
			}
		]
	},
	"consumes": {
		"power": 6,
		"liquid": {
			"liquid": "water",
			"amount": 0.2
		}
	},
	"requirements": [
		"titanium/80",
		"graphite/60",
		"silicon/100",
		"thorium/30",
		"blast-compound/30"
	],
	"category": "production",
	"research": "blast-drill"
}