{
    "name":"孢子增殖地",
    "type":"Floor",
    "variants":3,
    //贴图数量
    "speedMultiplier":1,
    //单位在上面的速率
    "dragMultiplier":0,
    //地板减速倍率
    "damageTaken":0,
    //单位在上面受到的伤害
    "hasShadow":true,
    //是否有阴影（必写）
    "status":"spore-slowed",
    "statusDuration":12,
    "attributes":{
            "heat":-0.32,
            "spores":0.5,
            "water":0.20,
            "oil":0.18,
    },//地板属性
}