{
    "name":"铉晶矿",
    //"type":"Floor",
    "blendGroup":"basalt",
    "variants":12,
    "playerUnmineable":false,
    //玩家不可开采
    "hasShadow":false,
    //是否有阴影（必写）
    "itemDrop":"铉晶",
    "isLiquid":false,
    "breakable":false,
    //玩家能否拆除
    "alwaysReplace":false,
    //这个方块是否自动填充空间
    "targetable":true,
    //单位是否自动攻击此方块
    "placeableOn":false,
    //能否放置方块
    "placeableLiquid":false,
    //能否放置液体
    //"buildVisibility":"sandboxOnly",
}