{
    // 制作时间为 30
    "craftTime": 120,
    // 尺寸大小为 1
    "size": 1,
    // 具有液体相关功能，为真
    "hasLiquids": true,
    // 具有电力相关功能，为真
    "hasPower": false,
    // 具有物品相关功能，为真
    "hasItems": true,
    // 制作所需物品
    "requirements": [
        "营养块/40"
    ],
    // 消耗相关
    "consumes": {
        // 消耗的液体
        "liquid": {
            // 液体类型为 "血液"
            "liquid": "血液",
            // 消耗的量为 0.2
            "amount": 0.3
        },
        // 消耗的物品列表
        "items": [
            "营养块/5"
        ]
    },
    // 名称为 "初级突变体"
    "name": "初级突变体",
    // 物品容量为 10
    "itemCapacity": 10,
    // 液体容量为 10
    "liquidCapacity": 10,
    // 输出的物品为 "骨头/1"
    "outputItem": "初级突变/1",
    // 增强比例为 0.445
    "boostScale": 0.445,
    // 属性为 "none"，可能表示没有特殊属性
    "attribute": "none",
    // 类型为 "AttributeCrafter"
    "type": "AttributeCrafter",
    // 所属类别为 "crafting"，可能表示制作类别
    "category": "crafting",
    // 研究需求为 "初代巢穴"
    "research": "初代巢穴"
}
