{
	"type": "chargeTurret",
	"name": "能量炮",
	"description": "569882",
	"targetAir": true,
	"targetGround": true,
	"health": 1250,
	"size": 2,
	"inaccuracy": 1,
	"chargeTime": 60,
    "chargeMaxDelay": 999,
    "chargeEffects": 9,
	"recoil": 6,
	"shootType": "lancerLaser"
	"shootEffect": "lancerLaserShoot",
    "smokeEffect": "lancerLaserShootSmoke",
    "chargeEffect": "lancerLaserCharge",
    "chargeBeginEffect": "lancerLaserChargeBegin",
	"powerUse": 0,
    "shootShake": 6
	"reload": 60,
	"shootCone": 80,
	"rotateSpeed": 30,
	"shots": 4,
	"range": 999,
	"burstSpacing": 6,
	"damage": 120,
	"requirements": [
		{ "item": "copper", "amount": 1000},
	],
	"category": "turret"
	"shootSound": "laser"
	"research": "无限能"
}