{
    "mineSpeed":5.6
    "mineTier":3
    "buildSpeed":1.6
    "speed":1.75
    "health":520
	"name": "领航者战术型",
		"rotateShooting": true,
		"coreUnitDock":true
	"armor":8
	"engineOffset": 1,
	"hitSize":18
	"engineSize": 1,
	"type": "flying",
	"payloadCapacity":3
	"description": "经改进的领航者,能力更强大",
	"mineWalls":true
	"moveForce":35,
	"rotateSpeed":3.8
	"mass":50,
	"maxVolcity": 10,
	"fogRadius":23
	"ammoCapacity":180
    "ammoResupplyAmount":8,
	"flying": true,
	"targetAir":true
	"targetGround":true,
	   "itemCapacity":70
		"isCounted":false,
			"turnCursor":false,
	"engineOffset": 0.1,
	"engineSize": 0.1,
		"turnCursor":false,
		"engineOffset": 10,	
	"engineSize": 4,
	    "abilities":[
{"type":"RepairFieldAbility",
"amount":45
"reload":250
"range":84}
]
	"weapons":[
{
"type":"RepairBeamWeapon",
"name":"修复战",//名称
"x":0,"y":-3,
"beamWidth":0.5,
"repairSpeed":2.5
"shootY":6,
"top":true,
"mirror":false,//镜像
"targetBuildings":true
"autoTarget":false
"bullet":{
"maxRange":90
"ammoMultiplier":1,//每个物品能够
}}
		{
	"name":"领战左"
	"x":-3
	"y":3
	"reload":19
	"top":true
	"mirror":false
	"shake":2
	"shootX":0
		"shootY":-5
	"inaccuracy":0
    "bullet":{
	"type":"PointBulletType"
	"damage":22
    "speed":12
    "lifetime":22
			   	"pierceArmor":true
			   	      "trailEffect":{
            "type":"ParticleEffect",
            "colorFrom":"#90d7ec",
            "colorTo":"#90d7ec",
            "particles":1,
            "lifetime":15,
            "cone":0,
            "length":1,
            "baseLength":0,
            "line":true,
            "strokeFrom":1.2
            "strokeTo":1.2
            "lenFrom":14
            "lenTo":14,}
         
	}},
		{
	"name":"领战右"
	"x":-3
	"y":3
	"reload":19
	"top":true
	"mirror":false
	"shake":2
	"shootX":0
		"shootY":-5
	"inaccuracy":0
    "bullet":{
	"type":"PointBulletType"
	"damage":22
    "speed":12
    "lifetime":22
			   	"pierceArmor":true
			   	      "trailEffect":{
            "type":"ParticleEffect",
            "colorFrom":"#90d7ec",
            "colorTo":"#90d7ec",
            "particles":1,
            "lifetime":15,
            "cone":0,
            "length":1,
            "baseLength":0,
            "line":true,
            "strokeFrom":1.2
            "strokeTo":1.2
            "lenFrom":14
            "lenTo":14,}
         
	}},
	]
}
