{
	"type":"legs",
	"legCount":8,
	"legMoveSpace":0.8,
	"legPairOffset":2,
	"stepShake":1,
	"legExtension":-8,
	"legLength":65,
	"legBaseOffset":10,
	"legSpeed":0.2,
	"legLengthScl":1,
	"rippleScale":3,
	"legContinuousMove":false,
	"legSplashDamage":60,
	"legSplashRange":30,
	"allowLegStep":true,
	"hovering":true,
	"outlineColor":"2E2F34FF",
	"dpsEstimate":3000,

	"speed":0.35,
	"rotateSpeed":0.85,
	"hitSize":35,
	"health":11205,
	"faceTarget":true,
	"armor":40,
	"drag":0.4,
	"range":360,
	"aimDst":80,

	"research":{
	"parent":"wulfrum-core",
	"objectives":[
	{"type":"SectorComplete",
	"preset":"HazeRavine"
	}	]	},

	"immunities":[
	"calamity-icy","slow"
	],

	"abilities":[
	{"type":"ForceFieldAbility",
		"sides":6,
		"radius":140,
		"regen":0.5,
		"max":5000,
		"cooldown":1000,
		},
	{"type":"StatusFieldAbility",
		"effect":"calamity-wulfrum-amplify",
		"reload":180,
		"range":280,
		"applyEffect":"none",
	"activeEffect":{
	"type":"WaveEffect"
	"lifetime":30
	"sizeFrom":0
	"sizeTo":280
	"colorFrom":"36B1DDFF",
	"colorTo":"BAFFF9FF",
	}	}	],

	"weapons":[
		{"name":"wulfrum-armored-crawler-weapon",
		"x":0,"y":0,
		"shootY":16,
		"mirror":false,
		"top":false,
		"rotate":false,
		"recoil":0,
		"recoilTime":100,
		"shake":1,
		"reload":540,
		"cooldownTime":390,
		"soundPitchMin":1,
		"chargeSound":"lasercharge",
		"shootSound":"shootSmite",
		"shootStatus":"unmoving",
		"shootStatusDuration":80,

		"x":0,"y":0,
		"shootY":16,
		"mirror":false,
		"top":false,
		"rotate":false,
		"recoil":0,
		"recoilTime":100,
		"shake":1,
		"reload":500,
		"cooldownTime":390,
		"soundPitchMin":1,
		"chargeSound":"lasercharge",
		"shootSound":"shootSmite",
		"shootStatus":"unmoving",
		"shootStatusDuration":80,

		"shoot":{
		"type":"shootPattern",
		"firstShotDelay":85,
		},

		"parts":[
		{"type":"RegionPart",
		"suffix":"-blade",
		"mirror":true,
		"under":true,
		"moveRot":-45,
		"progress":{
		"type":"charge",
		"op":"blend",
		"other":"heat",
		"amount":0.5
		}	}	],

		"bullet":{
		"type":"EmpBulletType",
		"sprite":"large-orb",
		"pierceCap":4,
		"pierce":true,
		"pierceBuilding":true,
		"damage":350,
		"splashDamageRadius":40,
		"splashDamage":110,
		"speed":4,"lifetime":100,
		"status":"slow",
		"statusDuration":300,
		"shrinkY":0,"shrinkX":0,
		"width":25,"height":25,
		"frontColor":"36B1DDFF",
		"backColor":"BAFFF9FF",
		"scaleLife":true,
		"collides":false,
		"hitShake":3,

		"radius":40,
		"timeIncrease":0,
		"powerSclDecrease":0,
	"chainEffect":"none",
	"applyEffect":"none",
	"hitPowerEffect":"none",
	"despawnEffect":"none",

		"trailColor":"BAFFF9FF",
		"trailParam":2,
		"trailWidth":5,"trailLength":15,
		"trailRotation":true,
		"trailInterval":1,
		"trailEffect":"disperseTrail",

		"chargeEffect":{
		"type":"multiEffect",
		"lifetime":80,
		"effects":[
		{"type":"WaveEffect",
		"lifetime":85,
		"sizeFrom":75,
		"sizeTo":0,
		"interp":"pow3In",
		"strokeFrom":0,
		"strokeTo":6,
		"lightColor":"BAFFF9FF",
		"colorFrom":"36B1DDFF",
		"colorTo":"BAFFF9FF"
		},
		{"type":"ParticleEffect",
		"line":true,
		"particles":5,
		"lifetime":80,
		"offset":50,
		"length":120,
		"baseLength":-120,
		"cone":360,
		"interp":"pow3In",
		"sizeInterp":"pow5Out",
		"strokeFrom":0,
		"strokeTo":2,
		"lenFrom":0,
		"lenTo":7,
		"lightColor":"BAFFF9FF",
		"colorFrom":"36B1DDFF",
		"colorTo":"BAFFF9FF"
		},
		{"type":"ParticleEffect",
		"line":true,
		"particles":5,
		"lifetime":70,
		"offset":50,
		"length":100,
		"baseLength":-100,
		"cone":360,
		"interp":"pow3In",
		"sizeInterp":"pow5Out",
		"strokeFrom":0,
		"strokeTo":2,
		"lenFrom":0,
		"lenTo":6,
		"lightColor":"BAFFF9FF",
		"colorFrom":"36B1DDFF",
		"colorTo":"BAFFF9FF"
		},
		{"type":"ParticleEffect",
		"line":true,
		"particles":5,
		"lifetime":60,
		"offset":50,
		"length":80,
		"baseLength":-80,
		"cone":360,
		"interp":"pow3In",
		"sizeInterp":"pow5Out",
		"strokeFrom":0,
		"strokeTo":2,
		"lenFrom":0,
		"lenTo":5,
	"colorFrom":"787878",
	"colorTo":"787878"
		},
		{"type":"ParticleEffect",
		"particles":1,
		"sizeFrom":1,
		"sizeTo":14,
		"interp":"swingOut",
		"length":0,
		"lifetime":90,
		"lightColor":"BAFFF9FF",
		"colorFrom":"36B1DDFF",
		"colorTo":"BAFFF9FF",
		"cone":360
		},
		{"type":"ParticleEffect",
		"particles":1,
		"sizeFrom":1,
		"sizeTo":7,
		"interp":"swingOut",
		"length":0,
		"lifetime":90,
		"colorFrom":"FFFFFFF",
		"colorTo":"FFFFFFF",
		"cone":360
		}	]	},

	"shootEffect":{
		"type":"WaveEffect",
		"lifetime":10,
		"sizeFrom":0,
		"sizeTo":15,
		"strokeFrom":1.5,
		"strokeTo":0,
		"lightColor":"BAFFF9FF",
		"colorFrom":"36B1DDFF",
		"colorTo":"BAFFF9FF"
		},

		"hitEffect":{
		"type":"multiEffect",
		"effects":[
		{"type":"ParticleEffect",
		"lightOpacity":0,
		"particles":32,
		"length":70,
		"baseLength":30,
		"lifetime":130,
		"layer":106,
		"interp":"exp5",
		"sizeFrom":24,
		"sizeTo":1,
		"lightColor":"BAFFF9FF",
		"colorFrom":"36B1DDFF",
		"colorTo":"BAFFF9FF"
		},
		{"type":"ParticleEffect",
		"line":true,
		"particles":25,
		"lifetime":30,
		"offset":60,
		"baseLength":20,
		"length":100,
		"cone":-360,
		"strokeTo":0,
		"strokeFrom":2.5,
		"sizeFrom":20,
		"sizeTo":13,
		"lightColor":"BAFFF9FF",
		"colorFrom":"36B1DDFF",
		"colorTo":"BAFFF9FF"
		},
		{"type":"ParticleEffect",
		"particles":1,
		"sizeFrom":48,
		"sizeTo":0,
		"length":0,
		"layer":109,
		"lifetime":48,
		"lightColor":"BAFFF9FF",
		"colorFrom":"36B1DDFF",
		"colorTo":"BAFFF9FF",
		"cone":360
		},
		{"type":"ParticleEffect",
		"particles":40,
		"length":60,
		"lifetime":50,
		"cone":360,
	"colorFrom":"787878",
	"colorTo":"787878",
		"sizeFrom":5,
		"sizeTo":0
		},
		{"type":"ParticleEffect",
		"particles":30,
		"length":80,
		"lifetime":80,
		"cone":360,
		"lightColor":"BAFFF9FF",
		"colorFrom":"36B1DDFF",
		"colorTo":"BAFFF9FF",
		"sizeFrom":5,
		"sizeTo":1
		},
		{"type":"WaveEffect",
		"lifetime":25,
		"sizeFrom":0,
		"sizeTo":115,
		"interp":"circleOut",
		"strokeFrom":3,
		"strokeTo":0,
		"lightColor":"BAFFF9FF",
		"colorFrom":"36B1DDFF",
		"colorTo":"BAFFF9FF"
		},
		{"type":"WaveEffect",
		"lifetime":25,
		"sizeFrom":0,
		"sizeTo":100,
		"interp":"circleOut",
		"strokeFrom":4,
		"strokeTo":0,
		"lightColor":"BAFFF9FF",
		"colorFrom":"36B1DDFF",
		"colorTo":"BAFFF9FF"
		}	]	}
		}	},

		{"name":"wulfrum-energygun",
		"layerOffset":1,
		"mirror":true,
		"top":true,
		"reload":90,
		"x":12.25,"y":-11,
		"shootY":6,
		"shake":2,
		"rotate":true,
		"rotationLimit":45,
		"rotateSpeed":4,
		"recoils":2,
		"soundPitchMin":1,
		"shootSound":"shootSmite",
		"shootCone":45,

		"bullet":{
	"sprite":"large-orb",
		"type":"EmpBulletType",
		"pierceCap":4,
		"pierce":true,
		"pierceBuilding":true,
		"radius":40,
		"damage":80,
		"splashDamageRadius":40,
		"splashDamage":110,
		"speed":6,
		"lifetime":45,
		"timeIncrease":0,
		"powerSclDecrease":0,
		"status":"slow",
		"statusDuration":180,
		"shrinkY":0,"shrinkX":0,
		"width":10,"height":10,
		"frontColor":"FFFFFFFF",
		"backColor":"FFFFFFFF"
		"scaleLife":true,
		"collides":false,
		"hitShake":1,

	"chainEffect":"none",
	"applyEffect":"none",
	"hitPowerEffect":"none",
	"despawnEffect":"none",
		"trailColor":"FFFFFFFF",
		"trailParam":2,
		"trailWidth":5,"trailLength":12,
		"trailRotation":true,
		"trailInterval":1,
		"trailEffect":"disperseTrail",

	"shootEffect":{
		"type":"multiEffect",
		"effects":[
		{"type":"WaveEffect",
		"lifetime":10,
		"sizeFrom":0,
		"sizeTo":15,
		"strokeFrom":1.5,
		"strokeTo":0,
		"colorFrom":"FFFFFFFF",
		"colorTo":"FFFFFFFF"},
		{
		"type":"ParticleEffect",
		"particles":3,
		"length":40,
		"lifetime":48,
		"interp":"circleOut",
		"sizeInterp":"pow5Out",
		"cone":0,
		"colorFrom":"FFFFFFFF",
		"colorTo":"FFFFFFFF",
		"sizeFrom":5.5,
		"sizeTo":0
		}	]	},
	"hitEffect":{
		"type":"multiEffect",
		"effects":[
		{"type":"WaveEffect",
		"lifetime":30,
		"sizeFrom":0,
		"sizeTo":80,
		"strokeFrom":1.5,
		"strokeTo":0,
		"colorFrom":"FFFFFFFF",
		"colorTo":"FFFFFFFF"
		},
		{"type":"ParticleEffect",
		"region":"calamity-cobweb",
		"particles":1,
		"length":0,
		"lifetime":180,
		"interp":"circleOut",
		"sizeInterp":"pow5Out",
		"cone":0,
		"colorFrom":"FFFFFFFF",
		"colorTo":"FFFFFF00",
		"strokeFrom":0.25,
		"strokeTo":0,
		"sizeFrom":40,
		"sizeTo":40
		}	]	},

		"spawnBullets":[
		{"fragBullets":8,
		"fragRandomSpread":15,
		"fragBullet":{
	"type":"basicBulletType",
	"sprite":"large-orb",
		"damage":30,
		"splashDamageRadius":12,
		"splashDamage":10,
		"speed":8,
		"lifetime":45,
		"status":"shocked",
		"shrinkY":0,"shrinkX":0,
		"width":12,"height":12,
		"frontColor":"36B1DDFF",
		"backColor":"BAFFF9FF",
		"rangeChange":-48,
		"weaveMag":4,
		"weaveScale":7,

		"homingRange":180,
		"homingDelay":15,
		"homingPower":0.075,

		"trailColor":"BAFFF9FF",
		"trailParam":2,
		"trailWidth":3,"trailLength":4,
		"trailRotation":true,
		"trailInterval":1,
		"trailEffect":"disperseTrail",
		"reloadMultiplier":40,

	"shootEffect":"lancerLaserShoot",

	"hitEffect":{
	"type":"multiEffect",
	"effects":[
	{"type":"WaveEffect",
	"lifetime":15,
	"sizeFrom":0,
	"sizeTo":30,
	"strokeFrom":7.5,
	"strokeTo":0,
	"colorFrom":"36B1DDFF",
	"colorTo":"BAFFF9FF"
	},
	{"type":"ParticleEffect",
	"offset":30,
	"particles":10,
	"lifetime":20,
	"length":50,
	"interp":"circleOut",
	"sizeInterp":"pow5In",
	"cone":-360,
	"line":true,
	"strokeFrom":1.5,
	"strokeTo":1.5,
	"lenFrom":5,
	"lenTo":0,
	"lightColor":"BAFFF9FF",
	"colorFrom":"36B1DDFF",
	"colorTo":"BAFFF9FF"
	},
	{"type":"ParticleEffect",
	"offset":30,
	"particles":10,
	"lifetime":25,
	"length":30,
	"interp":"circleOut",
	"sizeInterp":"pow5In",
	"cone":-360,
	"line":true,
	"strokeFrom":1.5,
	"strokeTo":1.5,
	"lenFrom":7,
	"lenTo":0,
	"lightColor":"BAFFF9FF",
	"colorFrom":"36B1DDFF",
	"colorTo":"BAFFF9FF"
	}	]	}	},
		"type":"BulletType",
		"lifetime":0
		}	]
		}	},
		{"shootOnDeath":true,
	"controllable":false,
	"shootSound":"none",
	"shootCone":360,
		"bullet":{
		"collidesAir":false,
		"collides":false,
		"instantDisappear":true,
		"hittable":false,
		"absorbable":false,
		"splashDamageRadius":24,
		"splashDamage":30,
		"hitSound":"WulfrumDeath",
		"hitSoundVolume":10,
		"keepVelocity":false,
		"despawnHit":true,
		"shootEffect":"none",
		"hitEffect":"none"
	}	}	]
}
