{
    "speed":0.8,//帧移速，1/8格
    "hitSize":12,//碰撞箱
    "range": 120,
    "name": "守卫",//名字
    "health": 520,//血量
    "description":"基本地面单位……",//介绍
    "details":"城市中较为“先进”的单位之一，敌人派出的那些烦人的#母星脏话#，我希望这辈子不要遇到它们"
    "armor":1,//装甲
    "type": "mech",
    "flying":false
    "research": {
		"parent":"废甲"
		"requirements":[
		"帝科斯基白模研究卡/200",
		"安山合金/600"
		]//父级解锁项
	}//父级解锁项
    "weapons": [//武器
        {
            "name": "守卫炮",
            "reload":30,//炮弹冷却(帧)
            "x":5.25,
            "y":1.75,
            "top": false,//加载于顶端
            "ejectEffect": "casing1",//打出子弹的特效
            "alternate":true,
			"shootSound":"artillery",
            "bullet": {//子弹
                "type": "BasicBulletType",//子弹:基本子弹
                "damage":50,//伤害
                "speed":3,//速度
                "width":9,//宽
                "height":12,//高
                "lifetime":40,//消失速度
                "shootEffect": "shootSmall",//射击效果
                "smokeEffect": "shootSmallSmoke",//炮管效果
                "ammoMultiplier": 1.5//弹药倍增:1.5
            }
        }
    ]
}