{
    "speed":0.8,//移速
    "hitSize":6,//碰撞箱
    "range": 90,
    "name": "废甲",//名字
    "health": 200,//血量
    "description":"基本地面单位……",//介绍
    "details":"城市中较为“先进”的单位之一，敌人派出的那些烦人的#母星脏话#，我希望这辈子不要遇到它们"
    "armor":1,//装甲
    "type": "mech",
    "flying":false
    "research": {
		"parent":"陆军工厂"
		"requirements":[
		"黄铜/30",
		"铁/300"
		]//父级解锁项
	}
    "weapons": [//武器
        {
            "name": "废甲炮",//贴图名
            "reload":5,//炮弹冷却
            "mirror":true,//镜像对称
            "x":4,//坐标偏移，1=4px
            "y":2,//见x
            "top": true,//加载于顶端
            "ejectEffect": "casing1",//打出子弹的特效
            "bullet": {//子弹
                "type": "BasicBulletType",//子弹:基本子弹
                "damage":20,//伤害
                "speed":3,//速度
                "width":7,//宽
                "height":12,//高
                "lifetime":30,//消失速度
                "shootEffect": "shootSmall",//射击效果
                "smokeEffect": "shootSmallSmoke",//炮管效果
                "ammoMultiplier": 1.5//弹药倍增:1.5
            }
        }
    ]
}