{
	"name":"负殇",
	"description":"喜欢吸引火力的肉盾，负责掩护陆军，优先攻击炮台"
	"hitSize":11.5,
	//碰撞箱
	// "range": 420,
	"range": 150,
    "rotateSpeed":6,
    //转身速度
    	//"details":"目标建筑：发电机。"
    "itemCapacity":15,
    //物品容量
    "mass":1500
    "flying":true
    "canDrown":false,
    //能否被淹死
     "forceMultiTarget":true,
    "buildSpeed":0,
    //建筑速率
    //"type":"flying",
    //空军
    "speed":1.8,
    //移速
    "health":500,
    "lowAltitude":true,
    "engineSize":2.5,
    //引擎尺寸
    "engineOffset":4,
    //引擎偏移
    "armor":3,
    //护甲
    "targetFlags":["turret"],//ai攻击目标
    "research":"铁棘",
	"weapons":[
	    		{
			"name":"负殇炮",
			//武器贴图的名字
			"top":true,
			"mirror":true,
			"alternate":true,
			"x":2,//四像素为1
			"y":3.5,
			"shootY":1,
			"shootSound":"missile",
			"reload":20,
			"recoil":0,
			//后坐力
			"bullet":{
				"damage":15,
				"splashDamage":3,
                //范围伤害
                "splashDamageRadius":8,
                //范围伤害半径(8:1)
                "status":"blasted",
                "width":4,
                //子弹宽度
                "height":12,
                //子弹长度
				"speed":5,//每帧速度（1/8格）
				"hitEffect":"flakExplosion",
				"lifetime":30,//存活帧
    			"type":"MissileBulletType"
    			//导弹的type
    			"homingPower":6,
    			//追踪力度
    			"trailChance":0.4
    			//尾迹产生频率
				}
		},
		{
			"name":"负殇主炮",
			//武器贴图的名字
			"top":true,
			"mirror":false,
			"alternate":true,
			"x":0,//四像素为1
			"y":0,
			"shootY":1.25,
			"shootSound":"artillery",
			"reload":90,
			"recoil":1,
			//后坐力
			"bullet":{
				"damage":15,
				"splashDamage":3,
                //范围伤害
                "splashDamageRadius":12,
                //范围伤害半径(8:1)
                "status":"blasted",
                "width":5,
                //子弹宽度
                "height":13,
                //子弹长度
                //像素
				"speed":5,
				"hitEffect":"flakExplosion",
				"lifetime":30,
    			"type":"MissileBulletType"
    			//导弹的type
    			"homingPower":0,
    			//追踪力度
    			"trailChance":0.2
    			//尾迹产生频率
				}
		},
        ]
}