{
	"name":"铁棘",
	"description":"喜欢吸引火力的肉盾，负责掩护陆军，优先攻击炮台"
	"hitSize":10,
	//碰撞箱
	"range": 120,
    "rotateSpeed":6,
    //转身速度
    	//"details":"目标建筑：发电机。"
    "itemCapacity":10,
    //物品容量
    "mass":1000
    "canDrown":false,
    //能否被淹死
     "forceMultiTarget":true,
    "buildSpeed":0,
    //建筑速率
    //"type":"flying",
    //空军
    "flying":true
    "speed":1.8,
    //移速
    "health":300,
    "lowAltitude":true,
    "engineSize":2.5,
    //引擎尺寸
    "engineOffset":4,
    //引擎偏移
    "armor":3,
    //护甲
    "targetFlags":["turret"],//ai攻击目标
    "research":{
		"parent":"废甲"
		"requirements":[
			"铁/300"
		]
	}
	"weapons":[
		{
            "name":"铁棘炮",
            "y":0,
            "x":0,
            "shootY":2.25,
            "shootX":1.25,
            "reload":2,
            //射速
            	"mirror":true,
            "alternate":true,
            "recoil":0,
            "reload":20,
            //后坐力
            "shake":0,
            //屏幕摇晃
            "shootSound": "shoot",
            "rotate":false,
            "top":false,
            "bullet": {
                "type": "BasicBulletType",
                "damage":10,
                "width":8,
                //子弹宽度
                "height":12,
                //子弹长度
                "lifetime":20,
                //子弹存在时间
                "speed":6,
                //子弹飞行速度
                "shootEffect": "shootSmallSmoke",
                }
            }
        ]
}