{
 //"type": "ItemTurret",
//炮塔类型有: 
"name": "天道",
"description": "发射微型烟花弹",
"health": 400,
"size": 15
"reload": 30,
//装弹时间，越小越快(60为1秒)
"range": 200,
//射程(半径,8代表一格)
"inaccuracy":0,
//子弹偏转度
"recoil":1,
//后坐力
//"alternate":true,
//炮口是否轮流射击
"shoot":1
"rotateSpeed":0.8,
//炮台转动速度
"maxAmmo":32,
  "buildVisibility":"sandboxOnly",
//弹药量
 "consumes":{
	 "coolant": {
           "amount": 0.15,
           "optional": true
          }
	}
"alwaysUnlocked":false,
"requirements": [
],
"category": "turret",
"research": {
"parent": "",
},

}