{
	"type": "ConsumeGenerator",
	"name": "涡轮发电站",
	"size": 3,
	"health": 400,
	"hasLiquids": true,
	"hasItems": true,
	"itemDuration": 15,
	"powerProduction": 60,
	"itemCapacity": 20,
		"craftEffect": "smeltsmoke",
	"liquidCapacity": 300,
	generateEffect: {
    type: RadialEffect
    layer: 118
    rotationSpacing: 60
    amount: 6
    lengthOffset: 6
    effect: {
      particles: 1
      length: 8
      lifetime: 400
      cone: 20
      baseRotation: 32
      useRotation: false 
      sizeFrom: 0
      sizeTo: 12
      colorFrom: FFFFFF
      colorTo: FFFFFF
      sizeInterp: pow2Out
      interp: pow2Out
      layer: 111
    }
  }
  "drawer": {
    "type": "DrawMulti",
    "drawers": [
      {
        "type": "DrawRegion",
        "suffix": "-bottom" 
      },
      {
        "type": "DrawLiquidTile",
        "drawLiquid": "water"
      },
      {
        "type": "DrawBlurSpin",
        "suffix": "-rotator",
        "rotateSpeed": 11
      },
            {
        "type": "DrawBlurSpin",
        "suffix": "-rotator",
        "rotateSpeed": -9
      },
      {
        "type": "DrawDefault" 
      }
    ]
  },
	"generateEffect": "generatespark",
	"consumes": {
		"liquid": "water/30"
	},
	"buildCostMultiplier": 0.95,
	"requirements": [
		"lead/20",
		"titanium/90",
		"metaglass/80",
		"silicon/60",
		"铝合金/80"
		"氮化镓/40"
		"变压模块/1"
		"硅钢片/60"
	],
	"ambientSound": "smelter",
	"ambientSoundVolume": 0.06,
	"category": "power",
	"research": "steam-generator"
}