{
    "name":"利剑",
    "type":"mech"
    "health":140,
    "hitSzie":16,
    "armor":5,
    "description":"新一代陆战机甲，配备与[dagger]主战机甲相同的武器",
    "range":150,
    "speed":0.5,
    "weapons":[
        {   
            "shootX":-5,
            "shootY":7,
            "top":false,
            "reload":16,
            "y":1,
            "x":0,
            "name":"利剑-1",
            "bullet":{
                "type":"BasicBulletType",
                "damage":12,
                "width":7,
                "speed":2.5,
                "height":9,
                "lifetime":60
            }
        }
    ]
}